a1,a2,a3,a4,a5,h1,h2,h3,h4,h5,period,time,team,etype,assist,away,block,entered,home,left,num,opponent,outof,player,points,possession,reason,result,steal,type,x,y
Kendrick Perkins,Kevin Garnett,Rajon Rondo,Ray Allen,Tony Allen,Andris Biedrins,Anthony Randolph,Corey Maggette,Monta Ellis,Stephen Curry,1,12:00,OFF,jump ball,,Kendrick Perkins,,,Andris Biedrins,,,,,,,Kevin Garnett,,,,,,
Kendrick Perkins,Kevin Garnett,Rajon Rondo,Ray Allen,Tony Allen,Andris Biedrins,Anthony Randolph,Corey Maggette,Monta Ellis,Stephen Curry,1,11:34,BOS,shot,,,,,,,,,,Kendrick Perkins,,,,missed,,turnaround jump,13,10
Kendrick Perkins,Kevin Garnett,Rajon Rondo,Ray Allen,Tony Allen,Andris Biedrins,Anthony Randolph,Corey Maggette,Monta Ellis,Stephen Curry,1,11:33,GSW,rebound,,,,,,,,,,Andris Biedrins,,,,,,def,,
Kendrick Perkins,Kevin Garnett,Rajon Rondo,Ray Allen,Tony Allen,Andris Biedrins,Anthony Randolph,Corey Maggette,Monta Ellis,Stephen Curry,1,11:13,GSW,shot,Andris Biedrins,,,,,,,,,Monta Ellis,2,,,made,,pullup jump,40,16
Kendrick Perkins,Kevin Garnett,Rajon Rondo,Ray Allen,Tony Allen,Andris Biedrins,Anthony Randolph,Corey Maggette,Monta Ellis,Stephen Curry,1,10:58,BOS,turnover,,,,,,,,,,Rajon Rondo,,,lost ball,,Stephen Curry,,,
Kendrick Perkins,Kevin Garnett,Rajon Rondo,Ray Allen,Tony Allen,Andris Biedrins,Anthony Randolph,Corey Maggette,Monta Ellis,Stephen Curry,1,10:53,GSW,shot,,,Tony Allen,,,,,,,Anthony Randolph,,,,missed,,layup,24,7
Kendrick Perkins,Kevin Garnett,Rajon Rondo,Ray Allen,Tony Allen,Andris Biedrins,Anthony Randolph,Corey Maggette,Monta Ellis,Stephen Curry,1,10:48,BOS,rebound,,,,,,,,,,Tony Allen,,,,,,def,,
Kendrick Perkins,Kevin Garnett,Rajon Rondo,Ray Allen,Tony Allen,Andris Biedrins,Anthony Randolph,Corey Maggette,Monta Ellis,Stephen Curry,1,10:42,BOS,shot,Kendrick Perkins,,,,,,,,,Kevin Garnett,2,,,made,,layup,25,8
Kendrick Perkins,Kevin Garnett,Rajon Rondo,Ray Allen,Tony Allen,Andris Biedrins,Anthony Randolph,Corey Maggette,Monta Ellis,Stephen Curry,1,10:32,GSW,shot,,,,,,,,,,Stephen Curry,,,,missed,,jump,12,24
Kendrick Perkins,Kevin Garnett,Rajon Rondo,Ray Allen,Tony Allen,Andris Biedrins,Anthony Randolph,Corey Maggette,Monta Ellis,Stephen Curry,1,10:31,BOS,rebound,,,,,,,,,,Kendrick Perkins,,,,,,def,,
Kendrick Perkins,Kevin Garnett,Rajon Rondo,Ray Allen,Tony Allen,Andris Biedrins,Anthony Randolph,Corey Maggette,Monta Ellis,Stephen Curry,1,10:22,BOS,turnover,,,,,,,,,,Kevin Garnett,,,bad pass,,Corey Maggette,,,
Kendrick Perkins,Kevin Garnett,Rajon Rondo,Ray Allen,Tony Allen,Andris Biedrins,Anthony Randolph,Corey Maggette,Monta Ellis,Stephen Curry,1,10:10,GSW,shot,,,Kendrick Perkins,,,,,,,Stephen Curry,,,,missed,,jump,24,9
Kendrick Perkins,Kevin Garnett,Rajon Rondo,Ray Allen,Tony Allen,Andris Biedrins,Anthony Randolph,Corey Maggette,Monta Ellis,Stephen Curry,1,10:09,GSW,rebound,,,,,,,,,,Anthony Randolph,,,,,,off,,
Kendrick Perkins,Kevin Garnett,Rajon Rondo,Ray Allen,Tony Allen,Andris Biedrins,Anthony Randolph,Corey Maggette,Monta Ellis,Stephen Curry,1,10:05,GSW,shot,,,Kendrick Perkins,,,,,,,Anthony Randolph,,,,missed,,layup,26,7
Kendrick Perkins,Kevin Garnett,Rajon Rondo,Ray Allen,Tony Allen,Andris Biedrins,Anthony Randolph,Corey Maggette,Monta Ellis,Stephen Curry,1,10:03,BOS,rebound,,,,,,,,,,Kevin Garnett,,,,,,def,,
Kendrick Perkins,Kevin Garnett,Rajon Rondo,Ray Allen,Tony Allen,Andris Biedrins,Anthony Randolph,Corey Maggette,Monta Ellis,Stephen Curry,1,10:00,BOS,shot,Kevin Garnett,,,,,,,,,Ray Allen,2,,,made,,driving layup,23,9
Kendrick Perkins,Kevin Garnett,Rajon Rondo,Ray Allen,Tony Allen,Andris Biedrins,Anthony Randolph,Corey Maggette,Monta Ellis,Stephen Curry,1,9:46,BOS,foul,,,,,,,,Corey Maggette,,Tony Allen,,,,,,personal,,
Kendrick Perkins,Kevin Garnett,Rajon Rondo,Ray Allen,Tony Allen,Andris Biedrins,Anthony Randolph,Corey Maggette,Monta Ellis,Stephen Curry,1,9:46,GSW,free throw,,,,,,,1,,2,Corey Maggette,,,foul,made,,,,
Kendrick Perkins,Kevin Garnett,Rajon Rondo,Ray Allen,Tony Allen,Andris Biedrins,Anthony Randolph,Corey Maggette,Monta Ellis,Stephen Curry,1,9:46,GSW,free throw,,,,,,,2,,2,Corey Maggette,,,foul,made,,,,
Kendrick Perkins,Kevin Garnett,Rajon Rondo,Ray Allen,Tony Allen,Andris Biedrins,Anthony Randolph,Corey Maggette,Monta Ellis,Stephen Curry,1,9:38,BOS,shot,Rajon Rondo,,,,,,,,,Ray Allen,2,,,made,,pullup jump,14,23
Kendrick Perkins,Kevin Garnett,Rajon Rondo,Ray Allen,Tony Allen,Andris Biedrins,Anthony Randolph,Corey Maggette,Monta Ellis,Stephen Curry,1,9:18,GSW,shot,,,,,,,,,,Andris Biedrins,,,,missed,,jump,24,20
Kendrick Perkins,Kevin Garnett,Rajon Rondo,Ray Allen,Tony Allen,Andris Biedrins,Anthony Randolph,Corey Maggette,Monta Ellis,Stephen Curry,1,9:17,BOS,rebound,,,,,,,,,,Kevin Garnett,,,,,,def,,
Kendrick Perkins,Kevin Garnett,Rajon Rondo,Ray Allen,Tony Allen,Andris Biedrins,Anthony Randolph,Corey Maggette,Monta Ellis,Stephen Curry,1,9:10,BOS,shot,,,,,,,,,,Rajon Rondo,2,,,made,,jump,16,15
Kendrick Perkins,Kevin Garnett,Rajon Rondo,Ray Allen,Tony Allen,Andris Biedrins,Anthony Randolph,Corey Maggette,Monta Ellis,Stephen Curry,1,8:56,GSW,shot,,,,,,,,,,Corey Maggette,,,,missed,,jump,44,9
Kendrick Perkins,Kevin Garnett,Rajon Rondo,Ray Allen,Tony Allen,Andris Biedrins,Anthony Randolph,Corey Maggette,Monta Ellis,Stephen Curry,1,8:55,BOS,rebound,,,,,,,,,,Ray Allen,,,,,,def,,
Kendrick Perkins,Kevin Garnett,Rajon Rondo,Ray Allen,Tony Allen,Andris Biedrins,Anthony Randolph,Corey Maggette,Monta Ellis,Stephen Curry,1,8:48,BOS,shot,,,,,,,,,,Ray Allen,,,,missed,,3pt,34,30
Kendrick Perkins,Kevin Garnett,Rajon Rondo,Ray Allen,Tony Allen,Andris Biedrins,Anthony Randolph,Corey Maggette,Monta Ellis,Stephen Curry,1,8:47,GSW,rebound,,,,,,,,,,Anthony Randolph,,,,,,def,,
Kendrick Perkins,Kevin Garnett,Rajon Rondo,Ray Allen,Tony Allen,Andris Biedrins,Anthony Randolph,Corey Maggette,Monta Ellis,Stephen Curry,1,8:37,GSW,shot,,,,,,,,,,Stephen Curry,,,,missed,,3pt,2,22
Kendrick Perkins,Kevin Garnett,Rajon Rondo,Ray Allen,Tony Allen,Andris Biedrins,Anthony Randolph,Corey Maggette,Monta Ellis,Stephen Curry,1,8:36,BOS,rebound,,,,,,,,,,Tony Allen,,,,,,def,,
Kendrick Perkins,Kevin Garnett,Rajon Rondo,Ray Allen,Tony Allen,Andris Biedrins,Anthony Randolph,Corey Maggette,Monta Ellis,Stephen Curry,1,8:21,BOS,shot,,,,,,,,,,Kevin Garnett,,,,missed,,jump,19,15
Kendrick Perkins,Kevin Garnett,Rajon Rondo,Ray Allen,Tony Allen,Andris Biedrins,Anthony Randolph,Corey Maggette,Monta Ellis,Stephen Curry,1,8:20,GSW,rebound,,,,,,,,,,Stephen Curry,,,,,,def,,
Kendrick Perkins,Kevin Garnett,Rajon Rondo,Ray Allen,Tony Allen,Andris Biedrins,Anthony Randolph,Corey Maggette,Monta Ellis,Stephen Curry,1,8:16,BOS,foul,,,,,,,,Corey Maggette,,Ray Allen,,,,,,shooting,,
Kendrick Perkins,Kevin Garnett,Rajon Rondo,Ray Allen,Tony Allen,Andris Biedrins,Anthony Randolph,Corey Maggette,Monta Ellis,Stephen Curry,1,8:16,GSW,free throw,,,,,,,1,,2,Corey Maggette,,,foul,made,,,,
Kendrick Perkins,Kevin Garnett,Rajon Rondo,Ray Allen,Tony Allen,Andris Biedrins,Anthony Randolph,Corey Maggette,Monta Ellis,Stephen Curry,1,8:16,GSW,free throw,,,,,,,2,,2,Corey Maggette,,,foul,missed,,,,
Kendrick Perkins,Kevin Garnett,Rajon Rondo,Ray Allen,Tony Allen,Andris Biedrins,Anthony Randolph,Corey Maggette,Monta Ellis,Stephen Curry,1,8:15,BOS,rebound,,,,,,,,,,Kendrick Perkins,,,,,,def,,
Kendrick Perkins,Kevin Garnett,Rajon Rondo,Ray Allen,Tony Allen,Andris Biedrins,Anthony Randolph,Corey Maggette,Monta Ellis,Stephen Curry,1,8:04,BOS,shot,,,,,,,,,,Ray Allen,,,,missed,,jump,29,12
Kendrick Perkins,Kevin Garnett,Rajon Rondo,Ray Allen,Tony Allen,Andris Biedrins,Anthony Randolph,Corey Maggette,Monta Ellis,Stephen Curry,1,8:03,GSW,rebound,,,,,,,,,,Stephen Curry,,,,,,def,,
Kendrick Perkins,Kevin Garnett,Rajon Rondo,Ray Allen,Tony Allen,Andris Biedrins,Anthony Randolph,Corey Maggette,Monta Ellis,Stephen Curry,1,7:44,GSW,shot,,,,,,,,,,Anthony Randolph,,,,missed,,jump,30,8
Kendrick Perkins,Kevin Garnett,Rajon Rondo,Ray Allen,Tony Allen,Andris Biedrins,Anthony Randolph,Corey Maggette,Monta Ellis,Stephen Curry,1,7:43,GSW,rebound,,,,,,,,,,Andris Biedrins,,,,,,off,,
Kendrick Perkins,Kevin Garnett,Rajon Rondo,Ray Allen,Tony Allen,Andris Biedrins,Anthony Randolph,Corey Maggette,Monta Ellis,Stephen Curry,1,7:43,GSW,shot,,,,,,,,,,Andris Biedrins,,,,missed,,tip,26,7
Kendrick Perkins,Kevin Garnett,Rajon Rondo,Ray Allen,Tony Allen,Andris Biedrins,Anthony Randolph,Corey Maggette,Monta Ellis,Stephen Curry,1,7:41,GSW,rebound,,,,,,,,,,Anthony Randolph,,,,,,off,,
Kendrick Perkins,Kevin Garnett,Rajon Rondo,Ray Allen,Tony Allen,Andris Biedrins,Anthony Randolph,Corey Maggette,Monta Ellis,Stephen Curry,1,7:40,GSW,shot,,,,,,,,,,Anthony Randolph,2,,,made,,putback layup,26,8
Kendrick Perkins,Kevin Garnett,Rajon Rondo,Ray Allen,Tony Allen,Andris Biedrins,Anthony Randolph,Corey Maggette,Monta Ellis,Stephen Curry,1,7:27,GSW,foul,,,,,,,,Rajon Rondo,,Stephen Curry,,,,,,shooting,,
Kendrick Perkins,Kevin Garnett,Rajon Rondo,Ray Allen,Tony Allen,Andris Biedrins,Anthony Randolph,Corey Maggette,Monta Ellis,Stephen Curry,1,7:27,BOS,free throw,,,,,,,1,,2,Rajon Rondo,,,foul,missed,,,,
Kendrick Perkins,Kevin Garnett,Rajon Rondo,Ray Allen,Tony Allen,Andris Biedrins,Anthony Randolph,Corey Maggette,Monta Ellis,Stephen Curry,1,7:27,BOS,rebound,,,,,,,,,,,,,,,,,,
Kendrick Perkins,Kevin Garnett,Rajon Rondo,Ray Allen,Tony Allen,Andris Biedrins,Anthony Randolph,Corey Maggette,Monta Ellis,Stephen Curry,1,7:27,BOS,free throw,,,,,,,2,,2,Rajon Rondo,,,foul,made,,,,
Kendrick Perkins,Kevin Garnett,Rajon Rondo,Ray Allen,Tony Allen,Andris Biedrins,Anthony Randolph,Corey Maggette,Monta Ellis,Stephen Curry,1,7:13,GSW,shot,,,,,,,,,,Stephen Curry,,,,missed,,jump,38,6
Kendrick Perkins,Kevin Garnett,Rajon Rondo,Ray Allen,Tony Allen,Andris Biedrins,Anthony Randolph,Corey Maggette,Monta Ellis,Stephen Curry,1,7:11,GSW,rebound,,,,,,,,,,Andris Biedrins,,,,,,off,,
Kendrick Perkins,Kevin Garnett,Rajon Rondo,Ray Allen,Tony Allen,Andris Biedrins,Anthony Randolph,Corey Maggette,Monta Ellis,Stephen Curry,1,7:11,GSW,shot,,,,,,,,,,Andris Biedrins,,,,missed,,tip,26,7
Kendrick Perkins,Kevin Garnett,Rajon Rondo,Ray Allen,Tony Allen,Andris Biedrins,Anthony Randolph,Corey Maggette,Monta Ellis,Stephen Curry,1,7:09,GSW,rebound,,,,,,,,,,Andris Biedrins,,,,,,off,,
Kendrick Perkins,Kevin Garnett,Rajon Rondo,Ray Allen,Tony Allen,Andris Biedrins,Anthony Randolph,Corey Maggette,Monta Ellis,Stephen Curry,1,6:59,GSW,turnover,,,,,,,,,,Stephen Curry,,,bad pass,,Rajon Rondo,,,
Kendrick Perkins,Kevin Garnett,Rajon Rondo,Ray Allen,Tony Allen,Andris Biedrins,Anthony Randolph,Corey Maggette,Monta Ellis,Stephen Curry,1,6:54,BOS,shot,Rajon Rondo,,,,,,,,,Tony Allen,2,,,made,,driving layup,23,8
Kendrick Perkins,Kevin Garnett,Rajon Rondo,Ray Allen,Tony Allen,Andris Biedrins,Anthony Randolph,Corey Maggette,Monta Ellis,Stephen Curry,1,6:38,GSW,turnover,,,,,,,,,,Monta Ellis,,,lost ball,,Tony Allen,,,
Kendrick Perkins,Kevin Garnett,Rajon Rondo,Ray Allen,Tony Allen,Andris Biedrins,Anthony Randolph,Corey Maggette,Monta Ellis,Stephen Curry,1,6:36,BOS,turnover,,,,,,,,,,Tony Allen,,,bad pass,,,,,
Kendrick Perkins,Kevin Garnett,Rajon Rondo,Ray Allen,Tony Allen,Andris Biedrins,Anthony Randolph,Corey Maggette,Monta Ellis,Stephen Curry,1,6:26,GSW,shot,Andris Biedrins,,,,,,,,,Corey Maggette,2,,,made,,reverse slam dunk,23,7
Kendrick Perkins,Kevin Garnett,Rajon Rondo,Ray Allen,Tony Allen,Andris Biedrins,Anthony Randolph,Corey Maggette,Monta Ellis,Stephen Curry,1,6:20,BOS,timeout,,,,,,,,,,,,,,,,regular,,
Kendrick Perkins,Kevin Garnett,Rajon Rondo,Ray Allen,Tony Allen,Andris Biedrins,Anthony Randolph,Corey Maggette,Monta Ellis,Stephen Curry,1,6:06,GSW,foul,,,,,,,,Kendrick Perkins,,Corey Maggette,,,,,,personal,,
Kendrick Perkins,Kevin Garnett,Rajon Rondo,Ray Allen,Tony Allen,Andris Biedrins,Anthony Randolph,Corey Maggette,Monta Ellis,Stephen Curry,1,6:00,BOS,shot,Rajon Rondo,,,,,,,,,Ray Allen,2,,,made,,pullup jump,35,19
Kendrick Perkins,Kevin Garnett,Rajon Rondo,Ray Allen,Tony Allen,Andris Biedrins,Anthony Randolph,Corey Maggette,Monta Ellis,Stephen Curry,1,5:39,BOS,foul,,,,,,,,,,Tony Allen,,,,,,defense 3 second,,
Kendrick Perkins,Kevin Garnett,Rajon Rondo,Ray Allen,Tony Allen,Andris Biedrins,Anthony Randolph,Corey Maggette,Monta Ellis,Stephen Curry,1,5:39,GSW,free throw,,,,,,,1,,1,Stephen Curry,,,technical,missed,,,,
Kendrick Perkins,Kevin Garnett,Rajon Rondo,Ray Allen,Tony Allen,Andris Biedrins,Anthony Randolph,Corey Maggette,Monta Ellis,Stephen Curry,1,5:39,GSW,rebound,,,,,,,,,,,,,,,,,,
Kendrick Perkins,Kevin Garnett,Rajon Rondo,Ray Allen,Tony Allen,Andris Biedrins,Anthony Randolph,Corey Maggette,Monta Ellis,Stephen Curry,1,5:33,GSW,turnover,,,,,,,,,,Andris Biedrins,,,poss lost ball turnover,,,,,
Kendrick Perkins,Kevin Garnett,Rajon Rondo,Ray Allen,Tony Allen,Andris Biedrins,Anthony Randolph,Corey Maggette,Monta Ellis,Stephen Curry,1,5:16,BOS,shot,,,,,,,,,,Rajon Rondo,,,,missed,,jump,34,18
Kendrick Perkins,Kevin Garnett,Rajon Rondo,Ray Allen,Tony Allen,Andris Biedrins,Anthony Randolph,Corey Maggette,Monta Ellis,Stephen Curry,1,5:14,GSW,rebound,,,,,,,,,,Anthony Randolph,,,,,,def,,
Kendrick Perkins,Kevin Garnett,Rajon Rondo,Ray Allen,Tony Allen,Andris Biedrins,Anthony Randolph,Corey Maggette,Monta Ellis,Stephen Curry,1,5:04,GSW,shot,,,,,,,,,,Anthony Randolph,,,,missed,,jump,38,8
Kendrick Perkins,Kevin Garnett,Rajon Rondo,Ray Allen,Tony Allen,Andris Biedrins,Anthony Randolph,Corey Maggette,Monta Ellis,Stephen Curry,1,5:03,BOS,rebound,,,,,,,,,,Kendrick Perkins,,,,,,def,,
Kendrick Perkins,Kevin Garnett,Rajon Rondo,Ray Allen,Tony Allen,Andris Biedrins,Anthony Randolph,Corey Maggette,Monta Ellis,Stephen Curry,1,4:55,BOS,shot,Rajon Rondo,,,,,,,,,Kevin Garnett,2,,,made,,jump,37,19
Kendrick Perkins,Kevin Garnett,Rajon Rondo,Ray Allen,Tony Allen,Andris Biedrins,Anthony Randolph,Corey Maggette,Monta Ellis,Stephen Curry,1,4:44,GSW,turnover,,,,,,,,,,Andris Biedrins,,,bad pass,,Tony Allen,,,
Kendrick Perkins,Kevin Garnett,Rajon Rondo,Ray Allen,Tony Allen,Andris Biedrins,Anthony Randolph,Corey Maggette,Monta Ellis,Stephen Curry,1,4:36,BOS,shot,,,,,,,,,,Tony Allen,,,,missed,,jump hook,26,9
Kendrick Perkins,Kevin Garnett,Rajon Rondo,Ray Allen,Tony Allen,Andris Biedrins,Anthony Randolph,Corey Maggette,Monta Ellis,Stephen Curry,1,4:35,BOS,rebound,,,,,,,,,,Rajon Rondo,,,,,,off,,
Kendrick Perkins,Kevin Garnett,Rajon Rondo,Ray Allen,Tony Allen,Andris Biedrins,Anthony Randolph,Corey Maggette,Monta Ellis,Stephen Curry,1,4:22,BOS,shot,Kevin Garnett,,,,,,,,,Rajon Rondo,2,,,made,,driving layup,24,8
Kendrick Perkins,Kevin Garnett,Rajon Rondo,Ray Allen,Tony Allen,Andris Biedrins,Anthony Randolph,Corey Maggette,Monta Ellis,Stephen Curry,1,4:02,GSW,shot,,,,,,,,,,Corey Maggette,2,,,made,,running jump,29,12
Kendrick Perkins,Kevin Garnett,Rajon Rondo,Ray Allen,Tony Allen,Andris Biedrins,Anthony Randolph,Corey Maggette,Monta Ellis,Stephen Curry,1,3:46,BOS,shot,,,,,,,,,,Kendrick Perkins,2,,,made,,turnaround fade away,26,10
Kendrick Perkins,Kevin Garnett,Rajon Rondo,Ray Allen,Tony Allen,Andris Biedrins,Anthony Randolph,Corey Maggette,Monta Ellis,Stephen Curry,1,3:40,GSW,timeout,,,,,,,,,,,,,,,,regular,,
Kendrick Perkins,Kevin Garnett,Rajon Rondo,Ray Allen,Tony Allen,Anthony Randolph,Chris Hunter,Corey Maggette,Monta Ellis,Stephen Curry,1,3:40,GSW,sub,,,,Chris Hunter,,Andris Biedrins,,,,,,,,,,,,
Kendrick Perkins,Kevin Garnett,Rajon Rondo,Ray Allen,Tony Allen,Anthony Randolph,Chris Hunter,Corey Maggette,Monta Ellis,Stephen Curry,1,3:26,GSW,shot,,,,,,,,,,Anthony Randolph,,,,missed,,jump,7,6
Kendrick Perkins,Kevin Garnett,Rajon Rondo,Ray Allen,Tony Allen,Anthony Randolph,Chris Hunter,Corey Maggette,Monta Ellis,Stephen Curry,1,3:24,BOS,rebound,,,,,,,,,,Kevin Garnett,,,,,,def,,
Kendrick Perkins,Kevin Garnett,Rajon Rondo,Ray Allen,Tony Allen,Anthony Randolph,Chris Hunter,Corey Maggette,Monta Ellis,Stephen Curry,1,3:14,BOS,shot,,,,,,,,,,Kevin Garnett,,,,missed,,jump,32,24
Kendrick Perkins,Kevin Garnett,Rajon Rondo,Ray Allen,Tony Allen,Anthony Randolph,Chris Hunter,Corey Maggette,Monta Ellis,Stephen Curry,1,3:13,BOS,rebound,,,,,,,,,,Kendrick Perkins,,,,,,off,,
Kendrick Perkins,Kevin Garnett,Rajon Rondo,Ray Allen,Tony Allen,Anthony Randolph,Chris Hunter,Corey Maggette,Monta Ellis,Stephen Curry,1,3:05,GSW,foul,,,,,,,,,,Anthony Randolph,,,,,,defense 3 second,,
Kendrick Perkins,Kevin Garnett,Rajon Rondo,Ray Allen,Tony Allen,Anthony Randolph,Chris Hunter,Corey Maggette,Monta Ellis,Stephen Curry,1,3:05,BOS,free throw,,,,,,,1,,1,Ray Allen,,,technical,made,,,,
Kendrick Perkins,Kevin Garnett,Rajon Rondo,Ray Allen,Tony Allen,Anthony Randolph,Chris Hunter,Corey Maggette,Monta Ellis,Stephen Curry,1,2:48,BOS,shot,Tony Allen,,,,,,,,,Kendrick Perkins,2,,,made,,turnaround fade away,36,6
Kendrick Perkins,Kevin Garnett,Rajon Rondo,Ray Allen,Tony Allen,Anthony Randolph,Chris Hunter,Corey Maggette,Monta Ellis,Stephen Curry,1,2:36,GSW,shot,,,,,,,,,,Chris Hunter,,,,missed,,jump,35,19
Kendrick Perkins,Kevin Garnett,Rajon Rondo,Ray Allen,Tony Allen,Anthony Randolph,Chris Hunter,Corey Maggette,Monta Ellis,Stephen Curry,1,2:34,BOS,rebound,,,,,,,,,,Kendrick Perkins,,,,,,def,,
Kendrick Perkins,Kevin Garnett,Rajon Rondo,Ray Allen,Tony Allen,Anthony Randolph,Chris Hunter,Corey Maggette,Monta Ellis,Stephen Curry,1,2:31,GSW,foul,,,,,,,,Rajon Rondo,,Stephen Curry,,,,,,shooting,,
Kendrick Perkins,Kevin Garnett,Rajon Rondo,Ray Allen,Tony Allen,Anthony Randolph,Chris Hunter,Corey Maggette,Monta Ellis,Stephen Curry,1,2:31,BOS,free throw,,,,,,,1,,2,Rajon Rondo,,,foul,made,,,,
Kendrick Perkins,Kevin Garnett,Rajon Rondo,Ray Allen,Tony Allen,Anthony Randolph,Corey Maggette,Monta Ellis,Ronny Turiaf,Stephen Curry,1,2:31,GSW,sub,,,,Ronny Turiaf,,Chris Hunter,,,,,,,,,,,,
Kendrick Perkins,Rajon Rondo,Rasheed Wallace,Ray Allen,Tony Allen,Anthony Randolph,Corey Maggette,Monta Ellis,Ronny Turiaf,Stephen Curry,1,2:31,BOS,sub,,,,Rasheed Wallace,,Kevin Garnett,,,,,,,,,,,,
Kendrick Perkins,Rajon Rondo,Rasheed Wallace,Ray Allen,Tony Allen,Anthony Randolph,Corey Maggette,Monta Ellis,Ronny Turiaf,Stephen Curry,1,2:31,BOS,free throw,,,,,,,2,,2,Rajon Rondo,,,foul,made,,,,
Kendrick Perkins,Rajon Rondo,Rasheed Wallace,Ray Allen,Tony Allen,Anthony Randolph,Corey Maggette,Monta Ellis,Ronny Turiaf,Stephen Curry,1,2:18,BOS,foul,,,,,,,,Anthony Randolph,,Kendrick Perkins,,,,,,shooting,,
Kendrick Perkins,Rajon Rondo,Rasheed Wallace,Ray Allen,Tony Allen,Anthony Randolph,Corey Maggette,Monta Ellis,Ronny Turiaf,Stephen Curry,1,2:18,GSW,free throw,,,,,,,1,,2,Anthony Randolph,,,foul,made,,,,
Kendrick Perkins,Rajon Rondo,Rasheed Wallace,Ray Allen,Tony Allen,Anthony Randolph,Corey Maggette,Monta Ellis,Ronny Turiaf,Stephen Curry,1,2:18,GSW,free throw,,,,,,,2,,2,Anthony Randolph,,,foul,made,,,,
Kendrick Perkins,Rajon Rondo,Rasheed Wallace,Ray Allen,Tony Allen,Anthony Randolph,Corey Maggette,Monta Ellis,Ronny Turiaf,Stephen Curry,1,2:05,BOS,shot,,,,,,,,,,Rajon Rondo,2,,,made,,running bank,26,11
Kendrick Perkins,Rajon Rondo,Rasheed Wallace,Ray Allen,Tony Allen,Anthony Randolph,Corey Maggette,Monta Ellis,Ronny Turiaf,Stephen Curry,1,1:53,GSW,shot,,,,,,,,,,Corey Maggette,,,,missed,,jump,20,7
Kendrick Perkins,Rajon Rondo,Rasheed Wallace,Ray Allen,Tony Allen,Anthony Randolph,Corey Maggette,Monta Ellis,Ronny Turiaf,Stephen Curry,1,1:51,GSW,rebound,,,,,,,,,,Anthony Randolph,,,,,,off,,
Kendrick Perkins,Rajon Rondo,Rasheed Wallace,Ray Allen,Tony Allen,Anthony Randolph,Corey Maggette,Monta Ellis,Ronny Turiaf,Stephen Curry,1,1:51,GSW,shot,,,,,,,,,,Anthony Randolph,2,,,made,,tip,25,7
Kendrick Perkins,Rajon Rondo,Rasheed Wallace,Ray Allen,Tony Allen,Anthony Randolph,Corey Maggette,Monta Ellis,Ronny Turiaf,Stephen Curry,1,1:38,BOS,shot,Rajon Rondo,,,,,,,,,Ray Allen,2,,,made,,step back jump,11,18
Kendrick Perkins,Rajon Rondo,Rasheed Wallace,Ray Allen,Tony Allen,Anthony Randolph,Corey Maggette,Monta Ellis,Ronny Turiaf,Stephen Curry,1,1:25,GSW,shot,,,,,,,,,,Anthony Randolph,,,,missed,,jump,6,16
Kendrick Perkins,Rajon Rondo,Rasheed Wallace,Ray Allen,Tony Allen,Anthony Randolph,Corey Maggette,Monta Ellis,Ronny Turiaf,Stephen Curry,1,1:23,BOS,rebound,,,,,,,,,,Kendrick Perkins,,,,,,def,,
Kendrick Perkins,Rajon Rondo,Rasheed Wallace,Ray Allen,Tony Allen,Anthony Randolph,Corey Maggette,Monta Ellis,Ronny Turiaf,Stephen Curry,1,1:19,BOS,shot,,,,,,,,,,Rajon Rondo,2,,,made,,driving layup,25,9
Kendrick Perkins,Rajon Rondo,Rasheed Wallace,Ray Allen,Tony Allen,Anthony Randolph,Corey Maggette,Monta Ellis,Ronny Turiaf,Stephen Curry,1,1:19,GSW,foul,,,,,,,,Rajon Rondo,,Stephen Curry,,,,,,shooting,,
Glen Davis,Rajon Rondo,Rasheed Wallace,Ray Allen,Tony Allen,Anthony Randolph,Corey Maggette,Monta Ellis,Ronny Turiaf,Stephen Curry,1,1:19,BOS,sub,,,,Glen Davis,,Kendrick Perkins,,,,,,,,,,,,
Glen Davis,Rajon Rondo,Rasheed Wallace,Ray Allen,Tony Allen,Anthony Randolph,C.J. Watson,Corey Maggette,Monta Ellis,Ronny Turiaf,1,1:19,GSW,sub,,,,C.J. Watson,,Stephen Curry,,,,,,,,,,,,
Glen Davis,Rajon Rondo,Rasheed Wallace,Ray Allen,Tony Allen,Anthony Morrow,C.J. Watson,Corey Maggette,Monta Ellis,Ronny Turiaf,1,1:19,GSW,sub,,,,Anthony Morrow,,Anthony Randolph,,,,,,,,,,,,
Glen Davis,Rajon Rondo,Rasheed Wallace,Ray Allen,Tony Allen,Anthony Morrow,C.J. Watson,Corey Maggette,Monta Ellis,Ronny Turiaf,1,1:19,BOS,free throw,,,,,,,1,,1,Rajon Rondo,,,foul,made,,,,
Glen Davis,Rajon Rondo,Rasheed Wallace,Ray Allen,Tony Allen,Anthony Morrow,C.J. Watson,Corey Maggette,Monta Ellis,Ronny Turiaf,1,1:07,GSW,shot,,,,,,,,,,Monta Ellis,2,,,made,,pullup jump,15,22
Glen Davis,Rajon Rondo,Rasheed Wallace,Ray Allen,Tony Allen,Anthony Morrow,C.J. Watson,Corey Maggette,Monta Ellis,Ronny Turiaf,1,0:55,BOS,shot,Rajon Rondo,,,,,,,,,Ray Allen,2,,,made,,step back jump,44,5
Glen Davis,Rajon Rondo,Rasheed Wallace,Ray Allen,Tony Allen,Anthony Morrow,C.J. Watson,Corey Maggette,Monta Ellis,Ronny Turiaf,1,0:46,GSW,shot,,,,,,,,,,Monta Ellis,,,,missed,,jump,17,23
Glen Davis,Rajon Rondo,Rasheed Wallace,Ray Allen,Tony Allen,Anthony Morrow,C.J. Watson,Corey Maggette,Monta Ellis,Ronny Turiaf,1,0:44,BOS,rebound,,,,,,,,,,,,,,,,,,
Eddie House,Glen Davis,Rajon Rondo,Rasheed Wallace,Ray Allen,Anthony Morrow,C.J. Watson,Corey Maggette,Monta Ellis,Ronny Turiaf,1,0:44,BOS,sub,,,,Eddie House,,Tony Allen,,,,,,,,,,,,
Eddie House,Glen Davis,Rajon Rondo,Rasheed Wallace,Ray Allen,Anthony Morrow,C.J. Watson,Corey Maggette,Monta Ellis,Ronny Turiaf,1,0:34,BOS,shot,Rajon Rondo,,,,,,,,,Ray Allen,2,,,made,,pullup jump,8,17
Eddie House,Glen Davis,Rajon Rondo,Rasheed Wallace,Ray Allen,Anthony Morrow,C.J. Watson,Corey Maggette,Monta Ellis,Ronny Turiaf,1,0:25,GSW,shot,,,,,,,,,,Monta Ellis,2,,,made,,driving finger roll layup,24,8
Eddie House,Glen Davis,Rajon Rondo,Rasheed Wallace,Ray Allen,Anthony Morrow,C.J. Watson,Corey Maggette,Monta Ellis,Ronny Turiaf,1,0:19,BOS,shot,,,,,,,,,,Glen Davis,,,,missed,,jump,23,9
Eddie House,Glen Davis,Rajon Rondo,Rasheed Wallace,Ray Allen,Anthony Morrow,C.J. Watson,Corey Maggette,Monta Ellis,Ronny Turiaf,1,0:18,BOS,rebound,,,,,,,,,,Glen Davis,,,,,,off,,
Eddie House,Glen Davis,Rajon Rondo,Rasheed Wallace,Ray Allen,Anthony Morrow,C.J. Watson,Corey Maggette,Monta Ellis,Ronny Turiaf,1,0:15,BOS,shot,,,Monta Ellis,,,,,,,Glen Davis,,,,missed,,layup,26,6
Eddie House,Glen Davis,Rajon Rondo,Rasheed Wallace,Ray Allen,Anthony Morrow,C.J. Watson,Corey Maggette,Monta Ellis,Ronny Turiaf,1,0:14,GSW,rebound,,,,,,,,,,Ronny Turiaf,,,,,,def,,
Eddie House,Glen Davis,Rajon Rondo,Rasheed Wallace,Ray Allen,Anthony Morrow,C.J. Watson,Corey Maggette,Monta Ellis,Ronny Turiaf,1,0:02,BOS,foul,,,,,,,,Monta Ellis,,Rajon Rondo,,,,,,shooting,,
Eddie House,Glen Davis,Rajon Rondo,Rasheed Wallace,Ray Allen,Anthony Morrow,C.J. Watson,Corey Maggette,Monta Ellis,Ronny Turiaf,1,0:02,GSW,free throw,,,,,,,1,,3,Monta Ellis,,,foul,made,,,,
Eddie House,Glen Davis,Rajon Rondo,Rasheed Wallace,Ray Allen,Anthony Morrow,C.J. Watson,Corey Maggette,Monta Ellis,Ronny Turiaf,1,0:02,GSW,free throw,,,,,,,2,,3,Monta Ellis,,,foul,made,,,,
Eddie House,Glen Davis,Rajon Rondo,Rasheed Wallace,Ray Allen,Anthony Morrow,C.J. Watson,Corey Maggette,Monta Ellis,Ronny Turiaf,1,0:02,GSW,free throw,,,,,,,3,,3,Monta Ellis,,,foul,made,,,,
Eddie House,Glen Davis,Rajon Rondo,Rasheed Wallace,Ray Allen,Anthony Morrow,C.J. Watson,Corey Maggette,Monta Ellis,Ronny Turiaf,1,0:01,BOS,turnover,,,,,,,,,,Glen Davis,,,bad pass,,Monta Ellis,,,
Eddie House,Glen Davis,Rajon Rondo,Rasheed Wallace,Ray Allen,Anthony Morrow,C.J. Watson,Corey Maggette,Monta Ellis,Ronny Turiaf,1,0:01,GSW,shot,,,,,,,,,,Monta Ellis,,,,missed,,3pt,32,36
Eddie House,Glen Davis,Rajon Rondo,Rasheed Wallace,Ray Allen,Anthony Morrow,C.J. Watson,Corey Maggette,Monta Ellis,Ronny Turiaf,1,0:00,GSW,rebound,,,,,,,,,,,,,,,,,,
Eddie House,Glen Davis,Rajon Rondo,Rasheed Wallace,Tony Allen,Anthony Morrow,C.J. Watson,Corey Maggette,Monta Ellis,Ronny Turiaf,2,11:43,GSW,shot,Ronny Turiaf,,,,,,,,,C.J. Watson,2,,,made,,pullup jump,10,17
Eddie House,Glen Davis,Rajon Rondo,Rasheed Wallace,Tony Allen,Anthony Morrow,C.J. Watson,Corey Maggette,Monta Ellis,Ronny Turiaf,2,11:26,BOS,shot,,,,,,,,,,Eddie House,,,,missed,,3pt,4,23
Eddie House,Glen Davis,Rajon Rondo,Rasheed Wallace,Tony Allen,Anthony Morrow,C.J. Watson,Corey Maggette,Monta Ellis,Ronny Turiaf,2,11:25,GSW,rebound,,,,,,,,,,Anthony Morrow,,,,,,def,,
Eddie House,Glen Davis,Rajon Rondo,Rasheed Wallace,Tony Allen,Anthony Morrow,C.J. Watson,Corey Maggette,Monta Ellis,Ronny Turiaf,2,11:19,GSW,turnover,,,,,,,,,,Anthony Morrow,,,lost ball,,Eddie House,,,
Eddie House,Glen Davis,Rajon Rondo,Rasheed Wallace,Tony Allen,Anthony Morrow,C.J. Watson,Corey Maggette,Monta Ellis,Ronny Turiaf,2,11:12,BOS,shot,,,,,,,,,,Eddie House,,,,missed,,jump,43,18
Eddie House,Glen Davis,Rajon Rondo,Rasheed Wallace,Tony Allen,Anthony Morrow,C.J. Watson,Corey Maggette,Monta Ellis,Ronny Turiaf,2,11:11,GSW,rebound,,,,,,,,,,Anthony Morrow,,,,,,def,,
Eddie House,Glen Davis,Rajon Rondo,Rasheed Wallace,Tony Allen,Anthony Morrow,C.J. Watson,Corey Maggette,Monta Ellis,Ronny Turiaf,2,11:04,BOS,foul,,,,,,,,Corey Maggette,,Glen Davis,,,,,,shooting,,
Eddie House,Glen Davis,Rajon Rondo,Rasheed Wallace,Tony Allen,Anthony Morrow,C.J. Watson,Corey Maggette,Monta Ellis,Ronny Turiaf,2,11:04,GSW,free throw,,,,,,,1,,2,Corey Maggette,,,foul,made,,,,
Eddie House,Glen Davis,Rajon Rondo,Rasheed Wallace,Tony Allen,Anthony Morrow,C.J. Watson,Corey Maggette,Monta Ellis,Ronny Turiaf,2,11:04,GSW,free throw,,,,,,,2,,2,Corey Maggette,,,foul,made,,,,
Eddie House,Glen Davis,Rajon Rondo,Rasheed Wallace,Tony Allen,Anthony Morrow,C.J. Watson,Corey Maggette,Monta Ellis,Ronny Turiaf,2,10:52,BOS,shot,,,,,,,,,,Tony Allen,,,,missed,,jump,22,8
Eddie House,Glen Davis,Rajon Rondo,Rasheed Wallace,Tony Allen,Anthony Morrow,C.J. Watson,Corey Maggette,Monta Ellis,Ronny Turiaf,2,10:51,BOS,rebound,,,,,,,,,,Glen Davis,,,,,,off,,
Eddie House,Glen Davis,Rajon Rondo,Rasheed Wallace,Tony Allen,Anthony Morrow,C.J. Watson,Corey Maggette,Monta Ellis,Ronny Turiaf,2,10:47,BOS,turnover,,,,,,,,,,Tony Allen,,,lost ball,,Anthony Morrow,,,
Eddie House,Glen Davis,Rajon Rondo,Rasheed Wallace,Tony Allen,Anthony Morrow,C.J. Watson,Corey Maggette,Monta Ellis,Ronny Turiaf,2,10:36,GSW,turnover,,,,,,,,,,Corey Maggette,,,lost ball,,Rasheed Wallace,,,
Eddie House,Glen Davis,Rajon Rondo,Rasheed Wallace,Tony Allen,Anthony Morrow,C.J. Watson,Corey Maggette,Monta Ellis,Ronny Turiaf,2,10:32,BOS,shot,Rajon Rondo,,,,,,,,,Tony Allen,2,,,made,,driving layup,26,7
Eddie House,Glen Davis,Rajon Rondo,Rasheed Wallace,Tony Allen,Anthony Morrow,C.J. Watson,Corey Maggette,Monta Ellis,Ronny Turiaf,2,10:32,GSW,foul,,,,,,,,Tony Allen,,Ronny Turiaf,,,,,,shooting,,
Eddie House,Glen Davis,Rajon Rondo,Rasheed Wallace,Tony Allen,Anthony Morrow,C.J. Watson,Corey Maggette,Monta Ellis,Ronny Turiaf,2,10:32,BOS,free throw,,,,,,,1,,1,Tony Allen,,,foul,missed,,,,
Eddie House,Glen Davis,Rajon Rondo,Rasheed Wallace,Tony Allen,Anthony Morrow,C.J. Watson,Corey Maggette,Monta Ellis,Ronny Turiaf,2,10:30,GSW,rebound,,,,,,,,,,Corey Maggette,,,,,,def,,
Eddie House,Glen Davis,Rajon Rondo,Rasheed Wallace,Tony Allen,Anthony Morrow,C.J. Watson,Corey Maggette,Monta Ellis,Ronny Turiaf,2,10:19,GSW,shot,Monta Ellis,,,,,,,,,Ronny Turiaf,2,,,made,,driving layup,26,8
Eddie House,Glen Davis,Rajon Rondo,Rasheed Wallace,Tony Allen,Anthony Morrow,C.J. Watson,Corey Maggette,Monta Ellis,Ronny Turiaf,2,10:06,BOS,shot,,,,,,,,,,Glen Davis,2,,,made,,driving layup,23,7
Eddie House,Glen Davis,Rajon Rondo,Rasheed Wallace,Tony Allen,Anthony Morrow,C.J. Watson,Corey Maggette,Monta Ellis,Ronny Turiaf,2,10:06,GSW,foul,,,,,,,,Glen Davis,,Corey Maggette,,,,,,shooting,,
Brian Scalabrine,Eddie House,Glen Davis,Rajon Rondo,Rasheed Wallace,Anthony Morrow,C.J. Watson,Corey Maggette,Monta Ellis,Ronny Turiaf,2,10:06,BOS,sub,,,,Brian Scalabrine,,Tony Allen,,,,,,,,,,,,
Brian Scalabrine,Eddie House,Glen Davis,Rajon Rondo,Rasheed Wallace,Anthony Morrow,C.J. Watson,Corey Maggette,Monta Ellis,Ronny Turiaf,2,10:06,BOS,free throw,,,,,,,1,,1,Glen Davis,,,foul,made,,,,
Brian Scalabrine,Eddie House,Glen Davis,Rajon Rondo,Rasheed Wallace,Anthony Morrow,C.J. Watson,Corey Maggette,Monta Ellis,Ronny Turiaf,2,9:55,GSW,foul,,,,,,,,Glen Davis,,Ronny Turiaf,,,,,,offensive,,
Brian Scalabrine,Eddie House,Glen Davis,Rajon Rondo,Rasheed Wallace,Anthony Morrow,C.J. Watson,Corey Maggette,Monta Ellis,Ronny Turiaf,2,9:55,GSW,turnover,,,,,,,,,,Ronny Turiaf,,,foul,,,,,
Brian Scalabrine,Eddie House,Glen Davis,Rajon Rondo,Rasheed Wallace,Anthony Morrow,C.J. Watson,Corey Maggette,Monta Ellis,Ronny Turiaf,2,9:48,GSW,foul,,,,,,,,,,Ronny Turiaf,,,,,,technical,,
Brian Scalabrine,Eddie House,Glen Davis,Rajon Rondo,Rasheed Wallace,Anthony Morrow,C.J. Watson,Corey Maggette,Monta Ellis,Ronny Turiaf,2,9:48,BOS,free throw,,,,,,,1,,1,Eddie House,,,technical,made,,,,
Brian Scalabrine,Eddie House,Glen Davis,Rajon Rondo,Rasheed Wallace,Anthony Morrow,C.J. Watson,Corey Maggette,Monta Ellis,Ronny Turiaf,2,9:43,BOS,shot,,,,,,,,,,Glen Davis,,,,missed,,jump,24,11
Brian Scalabrine,Eddie House,Glen Davis,Rajon Rondo,Rasheed Wallace,Anthony Morrow,C.J. Watson,Corey Maggette,Monta Ellis,Ronny Turiaf,2,9:42,GSW,rebound,,,,,,,,,,Corey Maggette,,,,,,def,,
Brian Scalabrine,Eddie House,Glen Davis,Rajon Rondo,Rasheed Wallace,Anthony Morrow,C.J. Watson,Corey Maggette,Monta Ellis,Ronny Turiaf,2,9:34,GSW,shot,,,,,,,,,,Ronny Turiaf,,,,missed,,driving layup,27,7
Brian Scalabrine,Eddie House,Glen Davis,Rajon Rondo,Rasheed Wallace,Anthony Morrow,C.J. Watson,Corey Maggette,Monta Ellis,Ronny Turiaf,2,9:32,GSW,rebound,,,,,,,,,,,,,,,,,,
Brian Scalabrine,Eddie House,Glen Davis,Rajon Rondo,Rasheed Wallace,Anthony Morrow,C.J. Watson,Corey Maggette,Monta Ellis,Ronny Turiaf,2,9:26,GSW,shot,C.J. Watson,,,,,,,,,Monta Ellis,2,,,made,,jump,9,8
Brian Scalabrine,Eddie House,Glen Davis,Rajon Rondo,Rasheed Wallace,Anthony Morrow,C.J. Watson,Corey Maggette,Monta Ellis,Ronny Turiaf,2,9:13,BOS,foul,,,,,,,,C.J. Watson,,Glen Davis,,,,,,offensive,,
Brian Scalabrine,Eddie House,Glen Davis,Rajon Rondo,Rasheed Wallace,Anthony Morrow,C.J. Watson,Corey Maggette,Monta Ellis,Ronny Turiaf,2,9:13,BOS,turnover,,,,,,,,,,Glen Davis,,,foul,,,,,
Brian Scalabrine,Eddie House,Glen Davis,Rajon Rondo,Rasheed Wallace,Anthony Morrow,C.J. Watson,Corey Maggette,Monta Ellis,Ronny Turiaf,2,9:01,GSW,shot,,,,,,,,,,Monta Ellis,2,,,made,,pullup jump,38,16
Brian Scalabrine,Eddie House,Glen Davis,Rajon Rondo,Rasheed Wallace,Anthony Morrow,C.J. Watson,Corey Maggette,Monta Ellis,Ronny Turiaf,2,8:50,BOS,turnover,,,,,,,,,,Rajon Rondo,,,bad pass,,C.J. Watson,,,
Brian Scalabrine,Eddie House,Glen Davis,Rajon Rondo,Rasheed Wallace,Anthony Morrow,C.J. Watson,Corey Maggette,Monta Ellis,Ronny Turiaf,2,8:48,GSW,turnover,,,,,,,,,,C.J. Watson,,,bad pass,,Rajon Rondo,,,
Brian Scalabrine,Eddie House,Glen Davis,Rajon Rondo,Rasheed Wallace,Anthony Morrow,C.J. Watson,Corey Maggette,Monta Ellis,Ronny Turiaf,2,8:48,GSW,foul,,,,,,,,Rajon Rondo,,Anthony Morrow,,,,,,shooting,,
Brian Scalabrine,Eddie House,Glen Davis,Rajon Rondo,Rasheed Wallace,Anthony Morrow,C.J. Watson,Corey Maggette,Monta Ellis,Ronny Turiaf,2,8:48,BOS,timeout,,,,,,,,,,,,,,,,official,,
Brian Scalabrine,Eddie House,Glen Davis,Rajon Rondo,Rasheed Wallace,Anthony Morrow,C.J. Watson,Corey Maggette,Monta Ellis,Ronny Turiaf,2,8:48,BOS,free throw,,,,,,,1,,2,Rajon Rondo,,,foul,missed,,,,
Brian Scalabrine,Eddie House,Glen Davis,Rajon Rondo,Rasheed Wallace,Anthony Morrow,C.J. Watson,Corey Maggette,Monta Ellis,Ronny Turiaf,2,8:48,BOS,rebound,,,,,,,,,,,,,,,,,,
Brian Scalabrine,Eddie House,Glen Davis,Rajon Rondo,Rasheed Wallace,Anthony Morrow,C.J. Watson,Corey Maggette,Monta Ellis,Ronny Turiaf,2,8:48,BOS,free throw,,,,,,,2,,2,Rajon Rondo,,,foul,made,,,,
Brian Scalabrine,Eddie House,Glen Davis,Rajon Rondo,Rasheed Wallace,Anthony Morrow,C.J. Watson,Corey Maggette,Monta Ellis,Ronny Turiaf,2,8:29,GSW,shot,Ronny Turiaf,,,,,,,,,Corey Maggette,2,,,made,,finger roll layup,24,9
Brian Scalabrine,Eddie House,Glen Davis,Rajon Rondo,Rasheed Wallace,Anthony Morrow,C.J. Watson,Corey Maggette,Monta Ellis,Ronny Turiaf,2,8:10,BOS,turnover,,,,,,,,,,Glen Davis,,,3 second violation,,,,,
Brian Scalabrine,Eddie House,Glen Davis,Rasheed Wallace,Ray Allen,Anthony Morrow,C.J. Watson,Corey Maggette,Monta Ellis,Ronny Turiaf,2,8:10,BOS,sub,,,,Ray Allen,,Rajon Rondo,,,,,,,,,,,,
Brian Scalabrine,Eddie House,Glen Davis,Rasheed Wallace,Ray Allen,Anthony Morrow,C.J. Watson,Corey Maggette,Monta Ellis,Ronny Turiaf,2,8:00,GSW,shot,,,,,,,,,,Corey Maggette,,,,missed,,jump,6,5
Brian Scalabrine,Eddie House,Glen Davis,Rasheed Wallace,Ray Allen,Anthony Morrow,C.J. Watson,Corey Maggette,Monta Ellis,Ronny Turiaf,2,7:58,BOS,rebound,,,,,,,,,,Eddie House,,,,,,def,,
Brian Scalabrine,Eddie House,Rasheed Wallace,Ray Allen,Tony Allen,Anthony Morrow,C.J. Watson,Corey Maggette,Monta Ellis,Ronny Turiaf,2,7:44,BOS,sub,,,,Tony Allen,,Glen Davis,,,,,,,,,,,,
Brian Scalabrine,Eddie House,Rasheed Wallace,Ray Allen,Tony Allen,Anthony Morrow,C.J. Watson,Monta Ellis,Ronny Turiaf,Vladimir Radmanovic,2,7:44,GSW,sub,,,,Vladimir Radmanovic,,Corey Maggette,,,,,,,,,,,,
Brian Scalabrine,Eddie House,Rasheed Wallace,Ray Allen,Tony Allen,Anthony Morrow,C.J. Watson,Monta Ellis,Ronny Turiaf,Vladimir Radmanovic,2,7:36,BOS,turnover,,,,,,,,,,,,,shot clock turnover,,,,,
Brian Scalabrine,Eddie House,Rasheed Wallace,Ray Allen,Tony Allen,Anthony Morrow,C.J. Watson,Monta Ellis,Ronny Turiaf,Vladimir Radmanovic,2,7:30,GSW,shot,,,,,,,,,,Anthony Morrow,2,,,made,,driving reverse layup,23,7
Brian Scalabrine,Eddie House,Rasheed Wallace,Ray Allen,Tony Allen,Anthony Morrow,C.J. Watson,Monta Ellis,Ronny Turiaf,Vladimir Radmanovic,2,7:14,BOS,shot,,,,,,,,,,Ray Allen,,,,missed,,layup,25,8
Brian Scalabrine,Eddie House,Rasheed Wallace,Ray Allen,Tony Allen,Anthony Morrow,C.J. Watson,Monta Ellis,Ronny Turiaf,Vladimir Radmanovic,2,7:13,GSW,rebound,,,,,,,,,,,,,,,,,,
Brian Scalabrine,Eddie House,Rasheed Wallace,Ray Allen,Tony Allen,Anthony Morrow,C.J. Watson,Monta Ellis,Ronny Turiaf,Vladimir Radmanovic,2,7:07,BOS,foul,,,,,,,,Vladimir Radmanovic,,Brian Scalabrine,,,,,,loose ball,,
Brian Scalabrine,Eddie House,Rasheed Wallace,Ray Allen,Tony Allen,Anthony Morrow,C.J. Watson,Monta Ellis,Ronny Turiaf,Vladimir Radmanovic,2,7:07,BOS,foul,,,,,,,,Ronny Turiaf,,Rasheed Wallace,,,,,,shooting,,
Brian Scalabrine,Eddie House,Rasheed Wallace,Ray Allen,Tony Allen,Anthony Morrow,C.J. Watson,Monta Ellis,Ronny Turiaf,Vladimir Radmanovic,2,7:07,GSW,free throw,,,,,,,1,,2,Ronny Turiaf,,,foul,missed,,,,
Brian Scalabrine,Eddie House,Rasheed Wallace,Ray Allen,Tony Allen,Anthony Morrow,C.J. Watson,Monta Ellis,Ronny Turiaf,Vladimir Radmanovic,2,7:07,GSW,rebound,,,,,,,,,,,,,,,,,,
Eddie House,Kendrick Perkins,Rasheed Wallace,Ray Allen,Tony Allen,Anthony Morrow,C.J. Watson,Monta Ellis,Ronny Turiaf,Vladimir Radmanovic,2,7:07,BOS,sub,,,,Kendrick Perkins,,Brian Scalabrine,,,,,,,,,,,,
Eddie House,Kendrick Perkins,Kevin Garnett,Ray Allen,Tony Allen,Anthony Morrow,C.J. Watson,Monta Ellis,Ronny Turiaf,Vladimir Radmanovic,2,7:07,BOS,sub,,,,Kevin Garnett,,Rasheed Wallace,,,,,,,,,,,,
Eddie House,Kendrick Perkins,Kevin Garnett,Ray Allen,Tony Allen,Anthony Morrow,C.J. Watson,Monta Ellis,Ronny Turiaf,Vladimir Radmanovic,2,7:07,GSW,free throw,,,,,,,2,,2,Ronny Turiaf,,,foul,missed,,,,
Eddie House,Kendrick Perkins,Kevin Garnett,Ray Allen,Tony Allen,Anthony Morrow,C.J. Watson,Monta Ellis,Ronny Turiaf,Vladimir Radmanovic,2,7:04,GSW,rebound,,,,,,,,,,Vladimir Radmanovic,,,,,,off,,
Eddie House,Kendrick Perkins,Kevin Garnett,Ray Allen,Tony Allen,Anthony Morrow,C.J. Watson,Monta Ellis,Ronny Turiaf,Vladimir Radmanovic,2,7:00,GSW,shot,,,,,,,,,,Monta Ellis,2,,,made,,step back jump,19,22
Eddie House,Kendrick Perkins,Kevin Garnett,Ray Allen,Tony Allen,Anthony Morrow,C.J. Watson,Monta Ellis,Ronny Turiaf,Vladimir Radmanovic,2,6:54,BOS,turnover,,,,,,,,,,Kendrick Perkins,,,bad pass,,C.J. Watson,,,
Eddie House,Kendrick Perkins,Kevin Garnett,Ray Allen,Tony Allen,Anthony Morrow,C.J. Watson,Monta Ellis,Ronny Turiaf,Vladimir Radmanovic,2,6:52,GSW,turnover,,,,,,,,,,Ronny Turiaf,,,traveling,,,,,
Eddie House,Kendrick Perkins,Kevin Garnett,Ray Allen,Tony Allen,Anthony Morrow,C.J. Watson,Monta Ellis,Ronny Turiaf,Vladimir Radmanovic,2,6:35,BOS,shot,Eddie House,,,,,,,,,Ray Allen,2,,,made,,pullup jump,40,8
Eddie House,Kendrick Perkins,Kevin Garnett,Ray Allen,Tony Allen,Anthony Morrow,C.J. Watson,Monta Ellis,Ronny Turiaf,Vladimir Radmanovic,2,6:25,GSW,shot,,,,,,,,,,Monta Ellis,2,,,made,,running jump,20,16
Eddie House,Kendrick Perkins,Kevin Garnett,Ray Allen,Tony Allen,Anthony Morrow,C.J. Watson,Monta Ellis,Ronny Turiaf,Vladimir Radmanovic,2,6:25,BOS,foul,,,,,,,,Monta Ellis,,Kendrick Perkins,,,,,,shooting,,
Eddie House,Kendrick Perkins,Kevin Garnett,Rajon Rondo,Ray Allen,Anthony Morrow,C.J. Watson,Monta Ellis,Ronny Turiaf,Vladimir Radmanovic,2,6:25,BOS,sub,,,,Rajon Rondo,,Tony Allen,,,,,,,,,,,,
Eddie House,Kendrick Perkins,Kevin Garnett,Rajon Rondo,Ray Allen,Anthony Morrow,C.J. Watson,Monta Ellis,Ronny Turiaf,Vladimir Radmanovic,2,6:25,GSW,free throw,,,,,,,1,,1,Monta Ellis,,,foul,missed,,,,
Eddie House,Kendrick Perkins,Kevin Garnett,Rajon Rondo,Ray Allen,Anthony Morrow,C.J. Watson,Monta Ellis,Ronny Turiaf,Vladimir Radmanovic,2,6:22,BOS,rebound,,,,,,,,,,Kevin Garnett,,,,,,def,,
Eddie House,Kendrick Perkins,Kevin Garnett,Rajon Rondo,Ray Allen,Anthony Morrow,C.J. Watson,Monta Ellis,Ronny Turiaf,Vladimir Radmanovic,2,5:58,BOS,shot,,,,,,,,,,Kevin Garnett,,,,missed,,step back jump,39,16
Eddie House,Kendrick Perkins,Kevin Garnett,Rajon Rondo,Ray Allen,Anthony Morrow,C.J. Watson,Monta Ellis,Ronny Turiaf,Vladimir Radmanovic,2,5:57,GSW,rebound,,,,,,,,,,Anthony Morrow,,,,,,def,,
Eddie House,Kendrick Perkins,Kevin Garnett,Rajon Rondo,Ray Allen,Anthony Morrow,C.J. Watson,Monta Ellis,Ronny Turiaf,Vladimir Radmanovic,2,5:42,GSW,shot,Ronny Turiaf,,,,,,,,,Anthony Morrow,2,,,made,,driving layup,24,7
Eddie House,Kendrick Perkins,Kevin Garnett,Rajon Rondo,Ray Allen,Anthony Morrow,C.J. Watson,Monta Ellis,Ronny Turiaf,Vladimir Radmanovic,2,5:26,BOS,shot,Rajon Rondo,,,,,,,,,Ray Allen,3,,,made,,3pt,48,5
Eddie House,Kendrick Perkins,Kevin Garnett,Rajon Rondo,Ray Allen,Anthony Morrow,C.J. Watson,Monta Ellis,Ronny Turiaf,Vladimir Radmanovic,2,5:14,GSW,shot,,,,,,,,,,Monta Ellis,,,,missed,,layup,24,8
Eddie House,Kendrick Perkins,Kevin Garnett,Rajon Rondo,Ray Allen,Anthony Morrow,C.J. Watson,Monta Ellis,Ronny Turiaf,Vladimir Radmanovic,2,5:13,BOS,rebound,,,,,,,,,,Kendrick Perkins,,,,,,def,,
Eddie House,Kendrick Perkins,Kevin Garnett,Rajon Rondo,Ray Allen,Anthony Morrow,C.J. Watson,Monta Ellis,Ronny Turiaf,Vladimir Radmanovic,2,5:09,BOS,turnover,,,,,,,,,,Rajon Rondo,,,bad pass,,C.J. Watson,,,
Eddie House,Kendrick Perkins,Kevin Garnett,Rajon Rondo,Ray Allen,Anthony Morrow,C.J. Watson,Monta Ellis,Ronny Turiaf,Vladimir Radmanovic,2,5:04,GSW,shot,,,,,,,,,,C.J. Watson,2,,,made,,driving layup,24,7
Eddie House,Kendrick Perkins,Kevin Garnett,Rajon Rondo,Ray Allen,Anthony Morrow,C.J. Watson,Monta Ellis,Ronny Turiaf,Vladimir Radmanovic,2,4:47,BOS,turnover,,,,,,,,,,Rajon Rondo,,,bad pass,,C.J. Watson,,,
Eddie House,Kendrick Perkins,Kevin Garnett,Rajon Rondo,Ray Allen,Anthony Morrow,C.J. Watson,Monta Ellis,Ronny Turiaf,Vladimir Radmanovic,2,4:42,GSW,shot,,,,,,,,,,C.J. Watson,2,,,made,,driving layup,25,7
Eddie House,Kendrick Perkins,Kevin Garnett,Rajon Rondo,Ray Allen,Anthony Morrow,C.J. Watson,Monta Ellis,Ronny Turiaf,Vladimir Radmanovic,2,4:22,BOS,shot,Eddie House,,,,,,,,,Kevin Garnett,2,,,made,,step back jump,29,27
Eddie House,Kendrick Perkins,Kevin Garnett,Rajon Rondo,Ray Allen,Anthony Morrow,C.J. Watson,Monta Ellis,Ronny Turiaf,Vladimir Radmanovic,2,4:08,GSW,turnover,,,,,,,,,,Monta Ellis,,,poss lost ball turnover,,,,,
Eddie House,Kendrick Perkins,Kevin Garnett,Rajon Rondo,Ray Allen,Anthony Morrow,C.J. Watson,Monta Ellis,Ronny Turiaf,Vladimir Radmanovic,2,4:08,GSW,timeout,,,,,,,,,,,,,,,,regular,,
Eddie House,Kendrick Perkins,Kevin Garnett,Rajon Rondo,Ray Allen,Andris Biedrins,Anthony Morrow,C.J. Watson,Monta Ellis,Vladimir Radmanovic,2,4:08,GSW,sub,,,,Andris Biedrins,,Ronny Turiaf,,,,,,,,,,,,
Eddie House,Kendrick Perkins,Kevin Garnett,Rajon Rondo,Ray Allen,Andris Biedrins,Anthony Morrow,C.J. Watson,Monta Ellis,Vladimir Radmanovic,2,3:54,BOS,shot,,,,,,,,,,Eddie House,,,,missed,,3pt,20,30
Eddie House,Kendrick Perkins,Kevin Garnett,Rajon Rondo,Ray Allen,Andris Biedrins,Anthony Morrow,C.J. Watson,Monta Ellis,Vladimir Radmanovic,2,3:53,BOS,rebound,,,,,,,,,,Kendrick Perkins,,,,,,off,,
Eddie House,Kendrick Perkins,Kevin Garnett,Rajon Rondo,Ray Allen,Andris Biedrins,Anthony Morrow,C.J. Watson,Monta Ellis,Vladimir Radmanovic,2,3:47,BOS,shot,,,,,,,,,,Ray Allen,,,,missed,,3pt,20,31
Eddie House,Kendrick Perkins,Kevin Garnett,Rajon Rondo,Ray Allen,Andris Biedrins,Anthony Morrow,C.J. Watson,Monta Ellis,Vladimir Radmanovic,2,3:46,GSW,rebound,,,,,,,,,,Anthony Morrow,,,,,,def,,
Eddie House,Kendrick Perkins,Kevin Garnett,Rajon Rondo,Ray Allen,Andris Biedrins,Anthony Morrow,C.J. Watson,Monta Ellis,Vladimir Radmanovic,2,3:41,GSW,shot,C.J. Watson,,,,,,,,,Vladimir Radmanovic,2,,,made,,driving layup,26,8
Eddie House,Kendrick Perkins,Kevin Garnett,Rajon Rondo,Ray Allen,Andris Biedrins,Anthony Morrow,C.J. Watson,Monta Ellis,Vladimir Radmanovic,2,3:15,BOS,shot,,,,,,,,,,Rajon Rondo,,,,missed,,3pt,43,25
Eddie House,Kendrick Perkins,Kevin Garnett,Rajon Rondo,Ray Allen,Andris Biedrins,Anthony Morrow,C.J. Watson,Monta Ellis,Vladimir Radmanovic,2,3:14,BOS,rebound,,,,,,,,,,Kendrick Perkins,,,,,,off,,
Eddie House,Kendrick Perkins,Kevin Garnett,Rajon Rondo,Ray Allen,Andris Biedrins,Anthony Morrow,C.J. Watson,Monta Ellis,Vladimir Radmanovic,2,3:09,BOS,turnover,,,,,,,,,,Kendrick Perkins,,,bad pass,,C.J. Watson,,,
Eddie House,Kendrick Perkins,Kevin Garnett,Rajon Rondo,Ray Allen,Andris Biedrins,Anthony Morrow,C.J. Watson,Monta Ellis,Vladimir Radmanovic,2,3:06,BOS,foul,,,,,,,,C.J. Watson,,Ray Allen,,,,,,shooting,,
Kendrick Perkins,Kevin Garnett,Rajon Rondo,Ray Allen,Tony Allen,Andris Biedrins,Anthony Morrow,C.J. Watson,Monta Ellis,Vladimir Radmanovic,2,3:06,BOS,sub,,,,Tony Allen,,Eddie House,,,,,,,,,,,,
Kendrick Perkins,Kevin Garnett,Rajon Rondo,Ray Allen,Tony Allen,Andris Biedrins,Anthony Morrow,C.J. Watson,Monta Ellis,Vladimir Radmanovic,2,3:06,GSW,free throw,,,,,,,1,,2,C.J. Watson,,,foul,made,,,,
Kendrick Perkins,Kevin Garnett,Rajon Rondo,Ray Allen,Tony Allen,Andris Biedrins,Anthony Morrow,C.J. Watson,Monta Ellis,Vladimir Radmanovic,2,3:06,GSW,free throw,,,,,,,2,,2,C.J. Watson,,,foul,made,,,,
Kendrick Perkins,Kevin Garnett,Rajon Rondo,Ray Allen,Tony Allen,Andris Biedrins,Anthony Morrow,C.J. Watson,Monta Ellis,Vladimir Radmanovic,2,2:48,BOS,shot,Rajon Rondo,,,,,,,,,Kendrick Perkins,2,,,made,,turnaround fade away,34,8
Kendrick Perkins,Kevin Garnett,Rajon Rondo,Ray Allen,Tony Allen,Andris Biedrins,Anthony Morrow,C.J. Watson,Monta Ellis,Vladimir Radmanovic,2,2:34,BOS,foul,,,,,,,,Monta Ellis,,Kendrick Perkins,,,,,,personal,,
Kendrick Perkins,Kevin Garnett,Rajon Rondo,Ray Allen,Tony Allen,Andris Biedrins,Anthony Morrow,C.J. Watson,Monta Ellis,Vladimir Radmanovic,2,2:34,BOS,timeout,,,,,,,,,,,,,,,,regular,,
Kevin Garnett,Rajon Rondo,Rasheed Wallace,Ray Allen,Tony Allen,Andris Biedrins,Anthony Morrow,C.J. Watson,Monta Ellis,Vladimir Radmanovic,2,2:34,BOS,sub,,,,Rasheed Wallace,,Kendrick Perkins,,,,,,,,,,,,
Kevin Garnett,Rajon Rondo,Rasheed Wallace,Ray Allen,Tony Allen,Andris Biedrins,Anthony Morrow,C.J. Watson,Monta Ellis,Vladimir Radmanovic,2,2:34,GSW,free throw,,,,,,,1,,2,Monta Ellis,,,foul,made,,,,
Kevin Garnett,Rajon Rondo,Rasheed Wallace,Ray Allen,Tony Allen,Anthony Morrow,C.J. Watson,Monta Ellis,Ronny Turiaf,Vladimir Radmanovic,2,2:34,GSW,sub,,,,Ronny Turiaf,,Andris Biedrins,,,,,,,,,,,,
Kevin Garnett,Rajon Rondo,Rasheed Wallace,Ray Allen,Tony Allen,Anthony Morrow,C.J. Watson,Monta Ellis,Ronny Turiaf,Vladimir Radmanovic,2,2:34,GSW,free throw,,,,,,,2,,2,Monta Ellis,,,foul,missed,,,,
Kevin Garnett,Rajon Rondo,Rasheed Wallace,Ray Allen,Tony Allen,Anthony Morrow,C.J. Watson,Monta Ellis,Ronny Turiaf,Vladimir Radmanovic,2,2:33,BOS,rebound,,,,,,,,,,Kevin Garnett,,,,,,def,,
Kevin Garnett,Rajon Rondo,Rasheed Wallace,Ray Allen,Tony Allen,Anthony Morrow,C.J. Watson,Monta Ellis,Ronny Turiaf,Vladimir Radmanovic,2,2:18,BOS,shot,Ray Allen,,,,,,,,,Rasheed Wallace,3,,,made,,3pt,8,27
Kevin Garnett,Rajon Rondo,Rasheed Wallace,Ray Allen,Tony Allen,Anthony Morrow,C.J. Watson,Monta Ellis,Ronny Turiaf,Vladimir Radmanovic,2,2:01,GSW,shot,,,Kevin Garnett,,,,,,,Monta Ellis,,,,missed,,layup,25,8
Kevin Garnett,Rajon Rondo,Rasheed Wallace,Ray Allen,Tony Allen,Anthony Morrow,C.J. Watson,Monta Ellis,Ronny Turiaf,Vladimir Radmanovic,2,1:59,BOS,rebound,,,,,,,,,,Kevin Garnett,,,,,,def,,
Kevin Garnett,Rajon Rondo,Rasheed Wallace,Ray Allen,Tony Allen,Anthony Morrow,C.J. Watson,Monta Ellis,Ronny Turiaf,Vladimir Radmanovic,2,1:55,BOS,shot,Rajon Rondo,,,,,,,,,Tony Allen,2,,,made,,driving reverse layup,25,7
Kevin Garnett,Rajon Rondo,Rasheed Wallace,Ray Allen,Tony Allen,Anthony Morrow,C.J. Watson,Monta Ellis,Ronny Turiaf,Vladimir Radmanovic,2,1:43,GSW,shot,,,,,,,,,,Vladimir Radmanovic,,,,missed,,3pt,24,32
Kevin Garnett,Rajon Rondo,Rasheed Wallace,Ray Allen,Tony Allen,Anthony Morrow,C.J. Watson,Monta Ellis,Ronny Turiaf,Vladimir Radmanovic,2,1:42,GSW,rebound,,,,,,,,,,Monta Ellis,,,,,,off,,
Kevin Garnett,Rajon Rondo,Rasheed Wallace,Ray Allen,Tony Allen,Anthony Morrow,C.J. Watson,Monta Ellis,Ronny Turiaf,Vladimir Radmanovic,2,1:37,GSW,shot,,,,,,,,,,Monta Ellis,,,,missed,,running jump,24,7
Kevin Garnett,Rajon Rondo,Rasheed Wallace,Ray Allen,Tony Allen,Anthony Morrow,C.J. Watson,Monta Ellis,Ronny Turiaf,Vladimir Radmanovic,2,1:36,BOS,rebound,,,,,,,,,,Rasheed Wallace,,,,,,def,,
Kevin Garnett,Rajon Rondo,Rasheed Wallace,Ray Allen,Tony Allen,Anthony Morrow,C.J. Watson,Monta Ellis,Ronny Turiaf,Vladimir Radmanovic,2,1:28,BOS,shot,Ray Allen,,,,,,,,,Rajon Rondo,2,,,made,,running jump,29,9
Kevin Garnett,Rajon Rondo,Rasheed Wallace,Ray Allen,Tony Allen,Anthony Morrow,C.J. Watson,Monta Ellis,Ronny Turiaf,Vladimir Radmanovic,2,1:13,GSW,shot,C.J. Watson,,,,,,,,,Anthony Morrow,3,,,made,,3pt,48,7
Kevin Garnett,Rajon Rondo,Rasheed Wallace,Ray Allen,Tony Allen,Anthony Morrow,C.J. Watson,Monta Ellis,Ronny Turiaf,Vladimir Radmanovic,2,0:55,BOS,turnover,,,,,,,,,,Ray Allen,,,lost ball,,C.J. Watson,,,
Kevin Garnett,Rajon Rondo,Rasheed Wallace,Ray Allen,Tony Allen,Anthony Morrow,C.J. Watson,Monta Ellis,Ronny Turiaf,Vladimir Radmanovic,2,0:52,BOS,foul,,,,,,,,C.J. Watson,,Rajon Rondo,,,,,,personal,,
Kevin Garnett,Rajon Rondo,Rasheed Wallace,Ray Allen,Tony Allen,Anthony Morrow,C.J. Watson,Monta Ellis,Ronny Turiaf,Vladimir Radmanovic,2,0:52,GSW,free throw,,,,,,,1,,2,C.J. Watson,,,foul,missed,,,,
Kevin Garnett,Rajon Rondo,Rasheed Wallace,Ray Allen,Tony Allen,Anthony Morrow,C.J. Watson,Monta Ellis,Ronny Turiaf,Vladimir Radmanovic,2,0:52,GSW,rebound,,,,,,,,,,,,,,,,,,
Kevin Garnett,Rajon Rondo,Rasheed Wallace,Ray Allen,Tony Allen,Anthony Morrow,C.J. Watson,Monta Ellis,Ronny Turiaf,Vladimir Radmanovic,2,0:52,GSW,free throw,,,,,,,2,,2,C.J. Watson,,,foul,missed,,,,
Kevin Garnett,Rajon Rondo,Rasheed Wallace,Ray Allen,Tony Allen,Anthony Morrow,C.J. Watson,Monta Ellis,Ronny Turiaf,Vladimir Radmanovic,2,0:51,BOS,rebound,,,,,,,,,,Rajon Rondo,,,,,,def,,
Kevin Garnett,Rajon Rondo,Rasheed Wallace,Ray Allen,Tony Allen,Anthony Morrow,C.J. Watson,Monta Ellis,Ronny Turiaf,Vladimir Radmanovic,2,0:31,BOS,shot,,,,,,,,,,Rasheed Wallace,,,,missed,,3pt,25,33
Kevin Garnett,Rajon Rondo,Rasheed Wallace,Ray Allen,Tony Allen,Anthony Morrow,C.J. Watson,Monta Ellis,Ronny Turiaf,Vladimir Radmanovic,2,0:30,GSW,rebound,,,,,,,,,,Monta Ellis,,,,,,def,,
Kevin Garnett,Rajon Rondo,Rasheed Wallace,Ray Allen,Tony Allen,Anthony Morrow,C.J. Watson,Monta Ellis,Ronny Turiaf,Vladimir Radmanovic,2,0:15,GSW,shot,Ronny Turiaf,,,,,,,,,Monta Ellis,2,,,made,,step back jump,40,19
Kevin Garnett,Rajon Rondo,Rasheed Wallace,Ray Allen,Tony Allen,Anthony Morrow,C.J. Watson,Monta Ellis,Ronny Turiaf,Vladimir Radmanovic,2,0:12,BOS,timeout,,,,,,,,,,,,,,,,short,,
Kevin Garnett,Rajon Rondo,Rasheed Wallace,Ray Allen,Tony Allen,Anthony Morrow,C.J. Watson,Monta Ellis,Ronny Turiaf,Vladimir Radmanovic,2,0:00,BOS,shot,,,,,,,,,,Rajon Rondo,,,,missed,,layup,24,7
Kevin Garnett,Rajon Rondo,Rasheed Wallace,Ray Allen,Tony Allen,Anthony Morrow,C.J. Watson,Monta Ellis,Ronny Turiaf,Vladimir Radmanovic,2,0:00,GSW,rebound,,,,,,,,,,Ronny Turiaf,,,,,,def,,
Kevin Garnett,Rajon Rondo,Rasheed Wallace,Ray Allen,Tony Allen,Anthony Morrow,C.J. Watson,Monta Ellis,Ronny Turiaf,Vladimir Radmanovic,2,0:00,BOS,foul,,,,,,,,Ronny Turiaf,,Rajon Rondo,,,,,,personal,,
Kevin Garnett,Rajon Rondo,Rasheed Wallace,Ray Allen,Tony Allen,Anthony Morrow,C.J. Watson,Monta Ellis,Ronny Turiaf,Vladimir Radmanovic,2,0:00,GSW,free throw,,,,,,,1,,2,Ronny Turiaf,,,foul,missed,,,,
Kevin Garnett,Rajon Rondo,Rasheed Wallace,Ray Allen,Tony Allen,Anthony Morrow,C.J. Watson,Monta Ellis,Ronny Turiaf,Vladimir Radmanovic,2,0:00,GSW,rebound,,,,,,,,,,,,,,,,,,
Kevin Garnett,Rajon Rondo,Rasheed Wallace,Ray Allen,Tony Allen,Anthony Morrow,C.J. Watson,Monta Ellis,Ronny Turiaf,Vladimir Radmanovic,2,0:00,GSW,free throw,,,,,,,2,,2,Ronny Turiaf,,,foul,made,,,,
Kendrick Perkins,Kevin Garnett,Rajon Rondo,Ray Allen,Tony Allen,Andris Biedrins,C.J. Watson,Corey Maggette,Monta Ellis,Vladimir Radmanovic,3,11:47,GSW,shot,,,Kevin Garnett,,,,,,,Vladimir Radmanovic,,,,missed,,layup,27,8
Kendrick Perkins,Kevin Garnett,Rajon Rondo,Ray Allen,Tony Allen,Andris Biedrins,C.J. Watson,Corey Maggette,Monta Ellis,Vladimir Radmanovic,3,11:46,BOS,rebound,,,,,,,,,,Ray Allen,,,,,,def,,
Kendrick Perkins,Kevin Garnett,Rajon Rondo,Ray Allen,Tony Allen,Andris Biedrins,C.J. Watson,Corey Maggette,Monta Ellis,Vladimir Radmanovic,3,11:44,BOS,foul,,,,,,,,C.J. Watson,,Ray Allen,,,,,,offensive,,
Kendrick Perkins,Kevin Garnett,Rajon Rondo,Ray Allen,Tony Allen,Andris Biedrins,C.J. Watson,Corey Maggette,Monta Ellis,Vladimir Radmanovic,3,11:44,BOS,turnover,,,,,,,,,,Ray Allen,,,foul,,,,,
Kendrick Perkins,Kevin Garnett,Rajon Rondo,Ray Allen,Tony Allen,Andris Biedrins,C.J. Watson,Corey Maggette,Monta Ellis,Vladimir Radmanovic,3,11:33,GSW,shot,,,,,,,,,,Vladimir Radmanovic,,,,missed,,3pt,6,25
Kendrick Perkins,Kevin Garnett,Rajon Rondo,Ray Allen,Tony Allen,Andris Biedrins,C.J. Watson,Corey Maggette,Monta Ellis,Vladimir Radmanovic,3,11:31,BOS,rebound,,,,,,,,,,Ray Allen,,,,,,def,,
Kendrick Perkins,Kevin Garnett,Rajon Rondo,Ray Allen,Tony Allen,Andris Biedrins,C.J. Watson,Corey Maggette,Monta Ellis,Vladimir Radmanovic,3,11:10,GSW,foul,,,,,,,,Kendrick Perkins,,Andris Biedrins,,,,,,shooting,,
Kendrick Perkins,Kevin Garnett,Rajon Rondo,Ray Allen,Tony Allen,Andris Biedrins,C.J. Watson,Corey Maggette,Monta Ellis,Vladimir Radmanovic,3,11:10,BOS,free throw,,,,,,,1,,2,Kendrick Perkins,,,foul,missed,,,,
Kendrick Perkins,Kevin Garnett,Rajon Rondo,Ray Allen,Tony Allen,Andris Biedrins,C.J. Watson,Corey Maggette,Monta Ellis,Vladimir Radmanovic,3,11:10,BOS,rebound,,,,,,,,,,,,,,,,,,
Kendrick Perkins,Kevin Garnett,Rajon Rondo,Ray Allen,Tony Allen,Andris Biedrins,C.J. Watson,Corey Maggette,Monta Ellis,Vladimir Radmanovic,3,11:10,BOS,free throw,,,,,,,2,,2,Kendrick Perkins,,,foul,missed,,,,
Kendrick Perkins,Kevin Garnett,Rajon Rondo,Ray Allen,Tony Allen,Andris Biedrins,C.J. Watson,Corey Maggette,Monta Ellis,Vladimir Radmanovic,3,11:09,GSW,rebound,,,,,,,,,,Vladimir Radmanovic,,,,,,def,,
Kendrick Perkins,Kevin Garnett,Rajon Rondo,Ray Allen,Tony Allen,Andris Biedrins,C.J. Watson,Corey Maggette,Monta Ellis,Vladimir Radmanovic,3,10:51,GSW,shot,,,,,,,,,,Andris Biedrins,,,,missed,,layup,25,7
Kendrick Perkins,Kevin Garnett,Rajon Rondo,Ray Allen,Tony Allen,Andris Biedrins,C.J. Watson,Corey Maggette,Monta Ellis,Vladimir Radmanovic,3,10:49,BOS,rebound,,,,,,,,,,Kevin Garnett,,,,,,def,,
Kendrick Perkins,Kevin Garnett,Rajon Rondo,Ray Allen,Tony Allen,Andris Biedrins,C.J. Watson,Corey Maggette,Monta Ellis,Vladimir Radmanovic,3,10:32,BOS,shot,,,,,,,,,,Ray Allen,,,,missed,,running jump,25,18
Kendrick Perkins,Kevin Garnett,Rajon Rondo,Ray Allen,Tony Allen,Andris Biedrins,C.J. Watson,Corey Maggette,Monta Ellis,Vladimir Radmanovic,3,10:31,GSW,rebound,,,,,,,,,,Vladimir Radmanovic,,,,,,def,,
Kendrick Perkins,Kevin Garnett,Rajon Rondo,Ray Allen,Tony Allen,Andris Biedrins,C.J. Watson,Corey Maggette,Monta Ellis,Vladimir Radmanovic,3,10:21,GSW,shot,,,,,,,,,,Monta Ellis,,,,missed,,jump,23,13
Kendrick Perkins,Kevin Garnett,Rajon Rondo,Ray Allen,Tony Allen,Andris Biedrins,C.J. Watson,Corey Maggette,Monta Ellis,Vladimir Radmanovic,3,10:19,GSW,rebound,,,,,,,,,,Vladimir Radmanovic,,,,,,off,,
Kendrick Perkins,Kevin Garnett,Rajon Rondo,Ray Allen,Tony Allen,Andris Biedrins,C.J. Watson,Corey Maggette,Monta Ellis,Vladimir Radmanovic,3,10:19,GSW,shot,,,,,,,,,,Vladimir Radmanovic,,,,missed,,tip,25,8
Kendrick Perkins,Kevin Garnett,Rajon Rondo,Ray Allen,Tony Allen,Andris Biedrins,C.J. Watson,Corey Maggette,Monta Ellis,Vladimir Radmanovic,3,10:17,BOS,rebound,,,,,,,,,,Kevin Garnett,,,,,,def,,
Kendrick Perkins,Kevin Garnett,Rajon Rondo,Ray Allen,Tony Allen,Andris Biedrins,C.J. Watson,Corey Maggette,Monta Ellis,Vladimir Radmanovic,3,10:09,GSW,foul,,,,,,,,Kendrick Perkins,,Andris Biedrins,,,,,,personal,,
Kendrick Perkins,Kevin Garnett,Rajon Rondo,Ray Allen,Tony Allen,Andris Biedrins,C.J. Watson,Corey Maggette,Monta Ellis,Vladimir Radmanovic,3,9:56,BOS,shot,,,,,,,,,,Rajon Rondo,,,,missed,,jump,35,22
Kendrick Perkins,Kevin Garnett,Rajon Rondo,Ray Allen,Tony Allen,Andris Biedrins,C.J. Watson,Corey Maggette,Monta Ellis,Vladimir Radmanovic,3,9:55,GSW,rebound,,,,,,,,,,Vladimir Radmanovic,,,,,,def,,
Kendrick Perkins,Kevin Garnett,Rajon Rondo,Ray Allen,Tony Allen,Andris Biedrins,C.J. Watson,Corey Maggette,Monta Ellis,Vladimir Radmanovic,3,9:49,GSW,shot,,,,,,,,,,C.J. Watson,,,,missed,,jump,13,18
Kendrick Perkins,Kevin Garnett,Rajon Rondo,Ray Allen,Tony Allen,Andris Biedrins,C.J. Watson,Corey Maggette,Monta Ellis,Vladimir Radmanovic,3,9:48,GSW,rebound,,,,,,,,,,Vladimir Radmanovic,,,,,,off,,
Kendrick Perkins,Kevin Garnett,Rajon Rondo,Ray Allen,Tony Allen,Andris Biedrins,C.J. Watson,Corey Maggette,Monta Ellis,Vladimir Radmanovic,3,9:48,GSW,shot,,,,,,,,,,Vladimir Radmanovic,,,,missed,,tip,25,6
Kendrick Perkins,Kevin Garnett,Rajon Rondo,Ray Allen,Tony Allen,Andris Biedrins,C.J. Watson,Corey Maggette,Monta Ellis,Vladimir Radmanovic,3,9:47,GSW,rebound,,,,,,,,,,Vladimir Radmanovic,,,,,,off,,
Kendrick Perkins,Kevin Garnett,Rajon Rondo,Ray Allen,Tony Allen,Andris Biedrins,C.J. Watson,Corey Maggette,Monta Ellis,Vladimir Radmanovic,3,9:47,GSW,shot,,,,,,,,,,Vladimir Radmanovic,2,,,made,,tip,25,8
Kendrick Perkins,Kevin Garnett,Rajon Rondo,Ray Allen,Tony Allen,Andris Biedrins,C.J. Watson,Corey Maggette,Monta Ellis,Vladimir Radmanovic,3,9:24,BOS,shot,Ray Allen,,,,,,,,,Kevin Garnett,2,,,made,,step back jump,37,18
Kendrick Perkins,Kevin Garnett,Rajon Rondo,Ray Allen,Tony Allen,Andris Biedrins,C.J. Watson,Corey Maggette,Monta Ellis,Vladimir Radmanovic,3,9:12,GSW,turnover,,,,,,,,,,C.J. Watson,,,backcourt turnover,,,,,
Kendrick Perkins,Kevin Garnett,Rajon Rondo,Ray Allen,Tony Allen,Andris Biedrins,C.J. Watson,Corey Maggette,Monta Ellis,Vladimir Radmanovic,3,9:02,BOS,shot,,,,,,,,,,Ray Allen,,,,missed,,jump,40,17
Kendrick Perkins,Kevin Garnett,Rajon Rondo,Ray Allen,Tony Allen,Andris Biedrins,C.J. Watson,Corey Maggette,Monta Ellis,Vladimir Radmanovic,3,8:57,BOS,rebound,,,,,,,,,,Kendrick Perkins,,,,,,off,,
Kendrick Perkins,Kevin Garnett,Rajon Rondo,Ray Allen,Tony Allen,Andris Biedrins,C.J. Watson,Corey Maggette,Monta Ellis,Vladimir Radmanovic,3,8:52,BOS,turnover,,,,,,,,,,Tony Allen,,,bad pass,,,,,
Kendrick Perkins,Kevin Garnett,Rajon Rondo,Ray Allen,Tony Allen,Andris Biedrins,C.J. Watson,Corey Maggette,Monta Ellis,Vladimir Radmanovic,3,8:42,GSW,shot,,,,,,,,,,Monta Ellis,2,,,made,,driving reverse layup,26,6
Kendrick Perkins,Kevin Garnett,Rajon Rondo,Ray Allen,Tony Allen,Andris Biedrins,C.J. Watson,Corey Maggette,Monta Ellis,Vladimir Radmanovic,3,8:26,BOS,shot,Kendrick Perkins,,,,,,,,,Kevin Garnett,2,,,made,,turnaround hook,19,8
Kendrick Perkins,Kevin Garnett,Rajon Rondo,Ray Allen,Tony Allen,Andris Biedrins,C.J. Watson,Corey Maggette,Monta Ellis,Vladimir Radmanovic,3,8:13,GSW,shot,,,,,,,,,,C.J. Watson,,,,missed,,jump,18,16
Kendrick Perkins,Kevin Garnett,Rajon Rondo,Ray Allen,Tony Allen,Andris Biedrins,C.J. Watson,Corey Maggette,Monta Ellis,Vladimir Radmanovic,3,8:12,BOS,rebound,,,,,,,,,,Ray Allen,,,,,,def,,
Kendrick Perkins,Kevin Garnett,Rajon Rondo,Ray Allen,Tony Allen,Andris Biedrins,C.J. Watson,Corey Maggette,Monta Ellis,Vladimir Radmanovic,3,8:08,GSW,foul,,,,,,,,Rajon Rondo,,Monta Ellis,,,,,,personal,,
Kendrick Perkins,Kevin Garnett,Rajon Rondo,Ray Allen,Tony Allen,C.J. Watson,Chris Hunter,Corey Maggette,Monta Ellis,Vladimir Radmanovic,3,8:08,GSW,sub,,,,Chris Hunter,,Andris Biedrins,,,,,,,,,,,,
Kendrick Perkins,Kevin Garnett,Rajon Rondo,Ray Allen,Tony Allen,C.J. Watson,Chris Hunter,Corey Maggette,Monta Ellis,Vladimir Radmanovic,3,7:55,BOS,shot,,,,,,,,,,Rajon Rondo,,,,missed,,jump,24,16
Kendrick Perkins,Kevin Garnett,Rajon Rondo,Ray Allen,Tony Allen,C.J. Watson,Chris Hunter,Corey Maggette,Monta Ellis,Vladimir Radmanovic,3,7:54,GSW,rebound,,,,,,,,,,Vladimir Radmanovic,,,,,,def,,
Kendrick Perkins,Kevin Garnett,Rajon Rondo,Ray Allen,Tony Allen,C.J. Watson,Chris Hunter,Corey Maggette,Monta Ellis,Vladimir Radmanovic,3,7:42,GSW,shot,,,,,,,,,,Chris Hunter,,,,missed,,step back jump,8,9
Kendrick Perkins,Kevin Garnett,Rajon Rondo,Ray Allen,Tony Allen,C.J. Watson,Chris Hunter,Corey Maggette,Monta Ellis,Vladimir Radmanovic,3,7:40,BOS,rebound,,,,,,,,,,Ray Allen,,,,,,def,,
Kendrick Perkins,Kevin Garnett,Rajon Rondo,Ray Allen,Tony Allen,C.J. Watson,Chris Hunter,Corey Maggette,Monta Ellis,Vladimir Radmanovic,3,7:24,BOS,shot,,,,,,,,,,Tony Allen,,,,missed,,jump,45,6
Kendrick Perkins,Kevin Garnett,Rajon Rondo,Ray Allen,Tony Allen,C.J. Watson,Chris Hunter,Corey Maggette,Monta Ellis,Vladimir Radmanovic,3,7:22,GSW,rebound,,,,,,,,,,Vladimir Radmanovic,,,,,,def,,
Kendrick Perkins,Kevin Garnett,Rajon Rondo,Ray Allen,Tony Allen,C.J. Watson,Chris Hunter,Corey Maggette,Monta Ellis,Vladimir Radmanovic,3,7:11,GSW,foul,,,,,,,,Tony Allen,,Chris Hunter,,,,,,offensive,,
Kendrick Perkins,Kevin Garnett,Rajon Rondo,Ray Allen,Tony Allen,C.J. Watson,Chris Hunter,Corey Maggette,Monta Ellis,Vladimir Radmanovic,3,7:11,GSW,turnover,,,,,,,,,,Chris Hunter,,,foul,,,,,
Kendrick Perkins,Kevin Garnett,Rajon Rondo,Ray Allen,Tony Allen,Anthony Randolph,C.J. Watson,Corey Maggette,Monta Ellis,Vladimir Radmanovic,3,7:11,GSW,sub,,,,Anthony Randolph,,Chris Hunter,,,,,,,,,,,,
Kendrick Perkins,Kevin Garnett,Rajon Rondo,Ray Allen,Tony Allen,Anthony Randolph,C.J. Watson,Corey Maggette,Monta Ellis,Vladimir Radmanovic,3,6:50,BOS,shot,,,,,,,,,,Kevin Garnett,,,,missed,,turnaround fade away,15,10
Kendrick Perkins,Kevin Garnett,Rajon Rondo,Ray Allen,Tony Allen,Anthony Randolph,C.J. Watson,Corey Maggette,Monta Ellis,Vladimir Radmanovic,3,6:49,GSW,rebound,,,,,,,,,,Anthony Randolph,,,,,,def,,
Kendrick Perkins,Kevin Garnett,Rajon Rondo,Ray Allen,Tony Allen,Anthony Randolph,C.J. Watson,Corey Maggette,Monta Ellis,Vladimir Radmanovic,3,6:35,GSW,shot,Monta Ellis,,,,,,,,,Anthony Randolph,2,,,made,,driving layup,25,7
Kendrick Perkins,Kevin Garnett,Rajon Rondo,Ray Allen,Tony Allen,Anthony Randolph,C.J. Watson,Corey Maggette,Monta Ellis,Vladimir Radmanovic,3,6:15,GSW,foul,,,,,,,,Kevin Garnett,,Vladimir Radmanovic,,,,,,shooting,,
Kendrick Perkins,Kevin Garnett,Rajon Rondo,Ray Allen,Tony Allen,Anthony Randolph,C.J. Watson,Corey Maggette,Monta Ellis,Vladimir Radmanovic,3,6:15,BOS,free throw,,,,,,,1,,2,Kevin Garnett,,,foul,made,,,,
Kendrick Perkins,Kevin Garnett,Rajon Rondo,Ray Allen,Tony Allen,Anthony Randolph,C.J. Watson,Corey Maggette,Monta Ellis,Vladimir Radmanovic,3,6:15,BOS,free throw,,,,,,,2,,2,Kevin Garnett,,,foul,made,,,,
Kendrick Perkins,Kevin Garnett,Rajon Rondo,Ray Allen,Tony Allen,Anthony Randolph,C.J. Watson,Corey Maggette,Monta Ellis,Vladimir Radmanovic,3,6:00,BOS,foul,,,,,,,,Corey Maggette,,Tony Allen,,,,,,personal,,
Kendrick Perkins,Kevin Garnett,Rajon Rondo,Ray Allen,Tony Allen,Anthony Randolph,C.J. Watson,Corey Maggette,Monta Ellis,Vladimir Radmanovic,3,5:52,GSW,shot,,,,,,,,,,Monta Ellis,,,,missed,,jump,40,6
Kendrick Perkins,Kevin Garnett,Rajon Rondo,Ray Allen,Tony Allen,Anthony Randolph,C.J. Watson,Corey Maggette,Monta Ellis,Vladimir Radmanovic,3,5:50,BOS,rebound,,,,,,,,,,Tony Allen,,,,,,def,,
Kendrick Perkins,Kevin Garnett,Rajon Rondo,Ray Allen,Tony Allen,Anthony Randolph,C.J. Watson,Corey Maggette,Monta Ellis,Vladimir Radmanovic,3,5:45,BOS,foul,,,,,,,,Vladimir Radmanovic,,Kevin Garnett,,,,,,offensive,,
Kendrick Perkins,Kevin Garnett,Rajon Rondo,Ray Allen,Tony Allen,Anthony Randolph,C.J. Watson,Corey Maggette,Monta Ellis,Vladimir Radmanovic,3,5:45,BOS,turnover,,,,,,,,,,Kevin Garnett,,,foul,,,,,
Kendrick Perkins,Kevin Garnett,Rajon Rondo,Ray Allen,Tony Allen,Anthony Randolph,C.J. Watson,Corey Maggette,Monta Ellis,Vladimir Radmanovic,3,5:45,GSW,timeout,,,,,,,,,,,,,,,,regular,,
Kendrick Perkins,Kevin Garnett,Rajon Rondo,Ray Allen,Tony Allen,Anthony Randolph,C.J. Watson,Corey Maggette,Monta Ellis,Vladimir Radmanovic,3,5:27,GSW,shot,,,,,,,,,,Anthony Randolph,,,,missed,,jump,35,7
Kendrick Perkins,Kevin Garnett,Rajon Rondo,Ray Allen,Tony Allen,Anthony Randolph,C.J. Watson,Corey Maggette,Monta Ellis,Vladimir Radmanovic,3,5:26,GSW,rebound,,,,,,,,,,Vladimir Radmanovic,,,,,,off,,
Kendrick Perkins,Kevin Garnett,Rajon Rondo,Ray Allen,Tony Allen,Anthony Randolph,C.J. Watson,Corey Maggette,Monta Ellis,Vladimir Radmanovic,3,5:22,GSW,shot,C.J. Watson,,,,,,,,,Vladimir Radmanovic,2,,,made,,jump,32,14
Kendrick Perkins,Kevin Garnett,Rajon Rondo,Ray Allen,Tony Allen,Anthony Randolph,C.J. Watson,Corey Maggette,Monta Ellis,Vladimir Radmanovic,3,4:59,BOS,shot,,,,,,,,,,Rajon Rondo,2,,,made,,step back jump,12,6
Kendrick Perkins,Kevin Garnett,Rajon Rondo,Ray Allen,Tony Allen,Anthony Randolph,C.J. Watson,Corey Maggette,Monta Ellis,Vladimir Radmanovic,3,4:47,GSW,shot,C.J. Watson,,,,,,,,,Anthony Randolph,2,,,made,,step back jump,15,20
Kendrick Perkins,Kevin Garnett,Rajon Rondo,Ray Allen,Tony Allen,Anthony Randolph,C.J. Watson,Corey Maggette,Monta Ellis,Vladimir Radmanovic,3,4:31,BOS,turnover,,,,,,,,,,Tony Allen,,,bad pass,,Anthony Randolph,,,
Kendrick Perkins,Kevin Garnett,Rajon Rondo,Ray Allen,Tony Allen,Anthony Randolph,C.J. Watson,Corey Maggette,Monta Ellis,Vladimir Radmanovic,3,4:27,GSW,shot,,,,,,,,,,Anthony Randolph,2,,,made,,driving slam dunk,25,8
Kendrick Perkins,Kevin Garnett,Rajon Rondo,Ray Allen,Tony Allen,Anthony Randolph,C.J. Watson,Corey Maggette,Monta Ellis,Vladimir Radmanovic,3,4:15,BOS,turnover,,,,,,,,,,Rajon Rondo,,,bad pass,,,,,
Kendrick Perkins,Kevin Garnett,Rajon Rondo,Ray Allen,Tony Allen,Anthony Randolph,C.J. Watson,Corey Maggette,Monta Ellis,Vladimir Radmanovic,3,4:06,GSW,shot,Monta Ellis,,,,,,,,,Anthony Randolph,2,,,made,,step back jump,13,20
Kendrick Perkins,Kevin Garnett,Rajon Rondo,Ray Allen,Tony Allen,Anthony Randolph,C.J. Watson,Corey Maggette,Monta Ellis,Vladimir Radmanovic,3,4:05,BOS,timeout,,,,,,,,,,,,,,,,regular,,
Kevin Garnett,Rajon Rondo,Rasheed Wallace,Ray Allen,Tony Allen,Anthony Randolph,C.J. Watson,Corey Maggette,Monta Ellis,Vladimir Radmanovic,3,4:05,BOS,sub,,,,Rasheed Wallace,,Kendrick Perkins,,,,,,,,,,,,
Kevin Garnett,Rajon Rondo,Rasheed Wallace,Ray Allen,Tony Allen,C.J. Watson,Corey Maggette,Monta Ellis,Ronny Turiaf,Vladimir Radmanovic,3,4:05,GSW,sub,,,,Ronny Turiaf,,Anthony Randolph,,,,,,,,,,,,
Kevin Garnett,Rajon Rondo,Rasheed Wallace,Ray Allen,Tony Allen,C.J. Watson,Corey Maggette,Monta Ellis,Ronny Turiaf,Vladimir Radmanovic,3,3:50,BOS,shot,Tony Allen,,,,,,,,,Kevin Garnett,2,,,made,,turnaround hook,24,10
Kevin Garnett,Rajon Rondo,Rasheed Wallace,Ray Allen,Tony Allen,C.J. Watson,Corey Maggette,Monta Ellis,Ronny Turiaf,Vladimir Radmanovic,3,3:33,GSW,shot,,,,,,,,,,C.J. Watson,,,,missed,,3pt,48,5
Kevin Garnett,Rajon Rondo,Rasheed Wallace,Ray Allen,Tony Allen,C.J. Watson,Corey Maggette,Monta Ellis,Ronny Turiaf,Vladimir Radmanovic,3,3:32,BOS,rebound,,,,,,,,,,Rasheed Wallace,,,,,,def,,
Kevin Garnett,Rajon Rondo,Rasheed Wallace,Ray Allen,Tony Allen,C.J. Watson,Corey Maggette,Monta Ellis,Ronny Turiaf,Vladimir Radmanovic,3,3:21,BOS,turnover,,,,,,,,,,Tony Allen,,,poss lost ball turnover,,,,,
Kevin Garnett,Rajon Rondo,Rasheed Wallace,Ray Allen,Tony Allen,C.J. Watson,Corey Maggette,Monta Ellis,Ronny Turiaf,Vladimir Radmanovic,3,3:07,GSW,shot,Corey Maggette,,,,,,,,,Monta Ellis,2,,,made,,driving finger roll layup,25,8
Kevin Garnett,Rajon Rondo,Rasheed Wallace,Ray Allen,Tony Allen,C.J. Watson,Corey Maggette,Monta Ellis,Ronny Turiaf,Vladimir Radmanovic,3,2:46,BOS,shot,,,,,,,,,,Kevin Garnett,,,,missed,,turnaround jump,35,12
Kevin Garnett,Rajon Rondo,Rasheed Wallace,Ray Allen,Tony Allen,C.J. Watson,Corey Maggette,Monta Ellis,Ronny Turiaf,Vladimir Radmanovic,3,2:44,GSW,rebound,,,,,,,,,,Corey Maggette,,,,,,def,,
Kevin Garnett,Rajon Rondo,Rasheed Wallace,Ray Allen,Tony Allen,C.J. Watson,Corey Maggette,Monta Ellis,Ronny Turiaf,Vladimir Radmanovic,3,2:34,GSW,shot,,,,,,,,,,Monta Ellis,,,,missed,,jump,22,8
Kevin Garnett,Rajon Rondo,Rasheed Wallace,Ray Allen,Tony Allen,C.J. Watson,Corey Maggette,Monta Ellis,Ronny Turiaf,Vladimir Radmanovic,3,2:32,BOS,rebound,,,,,,,,,,,,,,,,,,
Eddie House,Kevin Garnett,Rajon Rondo,Rasheed Wallace,Ray Allen,C.J. Watson,Corey Maggette,Monta Ellis,Ronny Turiaf,Vladimir Radmanovic,3,2:32,BOS,sub,,,,Eddie House,,Tony Allen,,,,,,,,,,,,
Eddie House,Glen Davis,Rajon Rondo,Rasheed Wallace,Ray Allen,C.J. Watson,Corey Maggette,Monta Ellis,Ronny Turiaf,Vladimir Radmanovic,3,2:32,BOS,sub,,,,Glen Davis,,Kevin Garnett,,,,,,,,,,,,
Eddie House,Glen Davis,Rajon Rondo,Rasheed Wallace,Ray Allen,C.J. Watson,Corey Maggette,Monta Ellis,Ronny Turiaf,Vladimir Radmanovic,3,2:21,GSW,foul,,,,,,,,Ray Allen,,Corey Maggette,,,,,,personal,,
Eddie House,Glen Davis,Rajon Rondo,Rasheed Wallace,Ray Allen,Anthony Morrow,C.J. Watson,Monta Ellis,Ronny Turiaf,Vladimir Radmanovic,3,2:21,GSW,sub,,,,Anthony Morrow,,Corey Maggette,,,,,,,,,,,,
Eddie House,Glen Davis,Rajon Rondo,Rasheed Wallace,Ray Allen,Anthony Morrow,C.J. Watson,Monta Ellis,Ronny Turiaf,Vladimir Radmanovic,3,2:21,BOS,free throw,,,,,,,1,,2,Ray Allen,,,foul,made,,,,
Eddie House,Glen Davis,Rajon Rondo,Rasheed Wallace,Ray Allen,Anthony Morrow,C.J. Watson,Monta Ellis,Ronny Turiaf,Vladimir Radmanovic,3,2:21,BOS,free throw,,,,,,,2,,2,Ray Allen,,,foul,missed,,,,
Eddie House,Glen Davis,Rajon Rondo,Rasheed Wallace,Ray Allen,Anthony Morrow,C.J. Watson,Monta Ellis,Ronny Turiaf,Vladimir Radmanovic,3,2:19,GSW,rebound,,,,,,,,,,Ronny Turiaf,,,,,,def,,
Eddie House,Glen Davis,Rajon Rondo,Rasheed Wallace,Ray Allen,Anthony Morrow,C.J. Watson,Monta Ellis,Ronny Turiaf,Vladimir Radmanovic,3,2:06,GSW,shot,,,,,,,,,,Ronny Turiaf,,,,missed,,running layup,23,7
Eddie House,Glen Davis,Rajon Rondo,Rasheed Wallace,Ray Allen,Anthony Morrow,C.J. Watson,Monta Ellis,Ronny Turiaf,Vladimir Radmanovic,3,2:04,BOS,rebound,,,,,,,,,,Glen Davis,,,,,,def,,
Eddie House,Glen Davis,Rajon Rondo,Rasheed Wallace,Ray Allen,Anthony Morrow,C.J. Watson,Monta Ellis,Ronny Turiaf,Vladimir Radmanovic,3,1:53,BOS,shot,,,,,,,,,,Ray Allen,2,,,made,,running layup,24,9
Eddie House,Glen Davis,Rajon Rondo,Rasheed Wallace,Ray Allen,Anthony Morrow,C.J. Watson,Corey Maggette,Monta Ellis,Ronny Turiaf,3,1:43,GSW,sub,,,,Corey Maggette,,Vladimir Radmanovic,,,,,,,,,,,,
Eddie House,Glen Davis,Rajon Rondo,Rasheed Wallace,Ray Allen,Anthony Morrow,C.J. Watson,Corey Maggette,Monta Ellis,Ronny Turiaf,3,1:43,GSW,jump ball,,Rajon Rondo,,,Monta Ellis,,,,,,,Corey Maggette,,,,,,
Eddie House,Glen Davis,Rajon Rondo,Rasheed Wallace,Ray Allen,Anthony Morrow,C.J. Watson,Corey Maggette,Monta Ellis,Ronny Turiaf,3,1:40,GSW,foul,,,,,,,,Glen Davis,,Corey Maggette,,,,,,offensive,,
Eddie House,Glen Davis,Rajon Rondo,Rasheed Wallace,Ray Allen,Anthony Morrow,C.J. Watson,Corey Maggette,Monta Ellis,Ronny Turiaf,3,1:40,GSW,turnover,,,,,,,,,,Corey Maggette,,,foul,,,,,
Eddie House,Glen Davis,Rajon Rondo,Rasheed Wallace,Ray Allen,Anthony Morrow,Anthony Randolph,C.J. Watson,Monta Ellis,Ronny Turiaf,3,1:40,GSW,sub,,,,Anthony Randolph,,Corey Maggette,,,,,,,,,,,,
Eddie House,Glen Davis,Rajon Rondo,Rasheed Wallace,Ray Allen,Anthony Morrow,Anthony Randolph,C.J. Watson,Monta Ellis,Ronny Turiaf,3,1:25,BOS,foul,,,,,,,,Ronny Turiaf,,Glen Davis,,,,,,offensive,,
Eddie House,Glen Davis,Rajon Rondo,Rasheed Wallace,Ray Allen,Anthony Morrow,Anthony Randolph,C.J. Watson,Monta Ellis,Ronny Turiaf,3,1:25,BOS,turnover,,,,,,,,,,Glen Davis,,,foul,,,,,
Eddie House,Glen Davis,Rajon Rondo,Rasheed Wallace,Ray Allen,Anthony Morrow,Anthony Randolph,C.J. Watson,Monta Ellis,Ronny Turiaf,3,1:11,BOS,foul,,,,,,,,Anthony Randolph,,Glen Davis,,,,,,shooting,,
Eddie House,Glen Davis,Rajon Rondo,Rasheed Wallace,Ray Allen,Anthony Morrow,Anthony Randolph,C.J. Watson,Monta Ellis,Ronny Turiaf,3,1:11,GSW,free throw,,,,,,,1,,2,Anthony Randolph,,,foul,made,,,,
Eddie House,Glen Davis,Rajon Rondo,Rasheed Wallace,Ray Allen,Anthony Morrow,Anthony Randolph,C.J. Watson,Monta Ellis,Ronny Turiaf,3,1:11,GSW,free throw,,,,,,,2,,2,Anthony Randolph,,,foul,made,,,,
Eddie House,Glen Davis,Rajon Rondo,Rasheed Wallace,Ray Allen,Anthony Morrow,Anthony Randolph,C.J. Watson,Monta Ellis,Ronny Turiaf,3,0:56,BOS,shot,,,,,,,,,,Rajon Rondo,2,,,made,,step back jump,44,6
Eddie House,Glen Davis,Rajon Rondo,Rasheed Wallace,Ray Allen,Anthony Morrow,Anthony Randolph,C.J. Watson,Monta Ellis,Ronny Turiaf,3,0:46,GSW,shot,,,,,,,,,,Monta Ellis,2,,,made,,jump,38,19
Eddie House,Glen Davis,Rajon Rondo,Rasheed Wallace,Ray Allen,Anthony Morrow,Anthony Randolph,C.J. Watson,Monta Ellis,Ronny Turiaf,3,0:34,BOS,turnover,,,,,,,,,,Rajon Rondo,,,step out of bounds turnover,,,,,
Eddie House,Glen Davis,Rajon Rondo,Rasheed Wallace,Ray Allen,Anthony Morrow,Anthony Randolph,C.J. Watson,Monta Ellis,Ronny Turiaf,3,0:29,GSW,shot,,,,,,,,,,Monta Ellis,3,,,made,,3pt,6,25
Eddie House,Glen Davis,Rajon Rondo,Rasheed Wallace,Ray Allen,Anthony Morrow,Anthony Randolph,C.J. Watson,Monta Ellis,Ronny Turiaf,3,0:06,BOS,shot,,,,,,,,,,Rajon Rondo,,,,missed,,jump,24,13
Eddie House,Glen Davis,Rajon Rondo,Rasheed Wallace,Ray Allen,Anthony Morrow,Anthony Randolph,C.J. Watson,Monta Ellis,Ronny Turiaf,3,0:04,BOS,rebound,,,,,,,,,,Glen Davis,,,,,,off,,
Eddie House,Glen Davis,Rajon Rondo,Rasheed Wallace,Ray Allen,Anthony Morrow,Anthony Randolph,C.J. Watson,Monta Ellis,Ronny Turiaf,3,0:01,BOS,shot,Eddie House,,,,,,,,,Rajon Rondo,3,,,made,,3pt,42,27
Eddie House,Glen Davis,Rajon Rondo,Rasheed Wallace,Ray Allen,Anthony Morrow,Anthony Randolph,C.J. Watson,Monta Ellis,Ronny Turiaf,4,11:50,BOS,shot,Rajon Rondo,,,,,,,,,Eddie House,3,,,made,,3pt,27,33
Eddie House,Glen Davis,Rajon Rondo,Rasheed Wallace,Ray Allen,Anthony Morrow,Anthony Randolph,C.J. Watson,Monta Ellis,Ronny Turiaf,4,11:24,GSW,shot,,,,,,,,,,Anthony Morrow,2,,,made,,step back jump,37,18
Eddie House,Glen Davis,Rajon Rondo,Rasheed Wallace,Ray Allen,Anthony Morrow,Anthony Randolph,C.J. Watson,Monta Ellis,Ronny Turiaf,4,11:03,BOS,shot,Rasheed Wallace,,,,,,,,,Eddie House,2,,,made,,pullup jump,27,29
Eddie House,Glen Davis,Rajon Rondo,Rasheed Wallace,Ray Allen,Anthony Morrow,Anthony Randolph,C.J. Watson,Monta Ellis,Ronny Turiaf,4,10:47,GSW,shot,,,,,,,,,,Anthony Morrow,,,,missed,,3pt,43,24
Eddie House,Glen Davis,Rajon Rondo,Rasheed Wallace,Ray Allen,Anthony Morrow,Anthony Randolph,C.J. Watson,Monta Ellis,Ronny Turiaf,4,10:45,BOS,rebound,,,,,,,,,,Rasheed Wallace,,,,,,def,,
Eddie House,Glen Davis,Rajon Rondo,Rasheed Wallace,Ray Allen,Anthony Morrow,Anthony Randolph,C.J. Watson,Monta Ellis,Ronny Turiaf,4,10:35,BOS,shot,,,,,,,,,,Rasheed Wallace,,,,missed,,3pt,47,19
Eddie House,Glen Davis,Rajon Rondo,Rasheed Wallace,Ray Allen,Anthony Morrow,Anthony Randolph,C.J. Watson,Monta Ellis,Ronny Turiaf,4,10:33,GSW,rebound,,,,,,,,,,Ronny Turiaf,,,,,,def,,
Eddie House,Glen Davis,Rajon Rondo,Rasheed Wallace,Ray Allen,Anthony Morrow,Anthony Randolph,C.J. Watson,Monta Ellis,Ronny Turiaf,4,10:17,GSW,shot,C.J. Watson,,,,,,,,,Anthony Randolph,2,,,made,,step back jump,9,19
Eddie House,Glen Davis,Rajon Rondo,Rasheed Wallace,Ray Allen,Anthony Morrow,Anthony Randolph,C.J. Watson,Monta Ellis,Ronny Turiaf,4,9:55,BOS,shot,,,,,,,,,,Ray Allen,,,,missed,,3pt,32,33
Eddie House,Glen Davis,Rajon Rondo,Rasheed Wallace,Ray Allen,Anthony Morrow,Anthony Randolph,C.J. Watson,Monta Ellis,Ronny Turiaf,4,9:53,BOS,rebound,,,,,,,,,,Glen Davis,,,,,,off,,
Eddie House,Glen Davis,Rajon Rondo,Rasheed Wallace,Ray Allen,Anthony Morrow,Anthony Randolph,C.J. Watson,Monta Ellis,Ronny Turiaf,4,9:52,BOS,shot,,,C.J. Watson,,,,,,,Glen Davis,,,,missed,,jump,24,10
Eddie House,Glen Davis,Rajon Rondo,Rasheed Wallace,Ray Allen,Anthony Morrow,Anthony Randolph,C.J. Watson,Monta Ellis,Ronny Turiaf,4,9:52,BOS,rebound,,,,,,,,,,,,,,,,,,
Brian Scalabrine,Eddie House,Rajon Rondo,Rasheed Wallace,Ray Allen,Anthony Morrow,Anthony Randolph,C.J. Watson,Monta Ellis,Ronny Turiaf,4,9:52,BOS,sub,,,,Brian Scalabrine,,Glen Davis,,,,,,,,,,,,
Brian Scalabrine,Eddie House,Rajon Rondo,Rasheed Wallace,Ray Allen,Anthony Morrow,Anthony Randolph,C.J. Watson,Monta Ellis,Ronny Turiaf,4,9:38,BOS,shot,Rajon Rondo,,,,,,,,,Rasheed Wallace,3,,,made,,3pt,36,30
Brian Scalabrine,Eddie House,Rajon Rondo,Rasheed Wallace,Ray Allen,Anthony Morrow,Anthony Randolph,C.J. Watson,Monta Ellis,Ronny Turiaf,4,9:22,GSW,shot,Ronny Turiaf,,,,,,,,,Anthony Morrow,3,,,made,,3pt,43,25
Brian Scalabrine,Eddie House,Rajon Rondo,Rasheed Wallace,Ray Allen,Anthony Morrow,Anthony Randolph,C.J. Watson,Monta Ellis,Ronny Turiaf,4,9:03,BOS,shot,,,,,,,,,,Rasheed Wallace,,,,missed,,3pt,17,30
Brian Scalabrine,Eddie House,Rajon Rondo,Rasheed Wallace,Ray Allen,Anthony Morrow,Anthony Randolph,C.J. Watson,Monta Ellis,Ronny Turiaf,4,9:02,GSW,rebound,,,,,,,,,,Anthony Randolph,,,,,,def,,
Brian Scalabrine,Eddie House,Rajon Rondo,Rasheed Wallace,Ray Allen,Anthony Morrow,Anthony Randolph,C.J. Watson,Monta Ellis,Ronny Turiaf,4,8:48,GSW,shot,Anthony Morrow,,,,,,,,,C.J. Watson,3,,,made,,3pt,8,25
Brian Scalabrine,Eddie House,Rajon Rondo,Rasheed Wallace,Ray Allen,Anthony Morrow,Anthony Randolph,C.J. Watson,Monta Ellis,Ronny Turiaf,4,8:29,BOS,shot,,,,,,,,,,Eddie House,,,,missed,,3pt,1,6
Brian Scalabrine,Eddie House,Rajon Rondo,Rasheed Wallace,Ray Allen,Anthony Morrow,Anthony Randolph,C.J. Watson,Monta Ellis,Ronny Turiaf,4,8:27,GSW,rebound,,,,,,,,,,Ronny Turiaf,,,,,,def,,
Brian Scalabrine,Eddie House,Rajon Rondo,Rasheed Wallace,Ray Allen,Anthony Morrow,Anthony Randolph,C.J. Watson,Monta Ellis,Ronny Turiaf,4,8:13,BOS,foul,,,,,,,,Anthony Morrow,,Rasheed Wallace,,,,,,personal,,
Brian Scalabrine,Eddie House,Rajon Rondo,Rasheed Wallace,Ray Allen,Anthony Morrow,Anthony Randolph,C.J. Watson,Monta Ellis,Ronny Turiaf,4,8:13,GSW,timeout,,,,,,,,,,,,,,,,official,,
Brian Scalabrine,Eddie House,Rajon Rondo,Rasheed Wallace,Ray Allen,Anthony Morrow,Anthony Randolph,C.J. Watson,Monta Ellis,Ronny Turiaf,4,8:06,GSW,foul,,,,,,,,Eddie House,,Ronny Turiaf,,,,,,offensive,,
Brian Scalabrine,Eddie House,Rajon Rondo,Rasheed Wallace,Ray Allen,Anthony Morrow,Anthony Randolph,C.J. Watson,Monta Ellis,Ronny Turiaf,4,8:06,GSW,turnover,,,,,,,,,,Ronny Turiaf,,,foul,,,,,
Brian Scalabrine,Eddie House,Rajon Rondo,Rasheed Wallace,Ray Allen,Anthony Morrow,Anthony Randolph,C.J. Watson,Monta Ellis,Ronny Turiaf,4,7:42,BOS,shot,,,,,,,,,,Rajon Rondo,,,,missed,,3pt,37,28
Brian Scalabrine,Eddie House,Rajon Rondo,Rasheed Wallace,Ray Allen,Anthony Morrow,Anthony Randolph,C.J. Watson,Monta Ellis,Ronny Turiaf,4,7:40,GSW,rebound,,,,,,,,,,Monta Ellis,,,,,,def,,
Brian Scalabrine,Eddie House,Rajon Rondo,Rasheed Wallace,Ray Allen,Anthony Morrow,Anthony Randolph,C.J. Watson,Monta Ellis,Ronny Turiaf,4,7:22,GSW,shot,,,,,,,,,,Anthony Randolph,,,,missed,,jump,11,21
Brian Scalabrine,Eddie House,Rajon Rondo,Rasheed Wallace,Ray Allen,Anthony Morrow,Anthony Randolph,C.J. Watson,Monta Ellis,Ronny Turiaf,4,7:20,BOS,rebound,,,,,,,,,,Rasheed Wallace,,,,,,def,,
Brian Scalabrine,Eddie House,Rajon Rondo,Rasheed Wallace,Ray Allen,Anthony Morrow,Anthony Randolph,C.J. Watson,Monta Ellis,Ronny Turiaf,4,7:14,BOS,shot,,,,,,,,,,Ray Allen,,,,missed,,jump hook,19,9
Brian Scalabrine,Eddie House,Rajon Rondo,Rasheed Wallace,Ray Allen,Anthony Morrow,Anthony Randolph,C.J. Watson,Monta Ellis,Ronny Turiaf,4,7:13,GSW,rebound,,,,,,,,,,Anthony Randolph,,,,,,def,,
Brian Scalabrine,Eddie House,Rajon Rondo,Rasheed Wallace,Ray Allen,Anthony Morrow,Anthony Randolph,C.J. Watson,Monta Ellis,Ronny Turiaf,4,6:50,GSW,turnover,,,,,,,,,,C.J. Watson,,,lost ball,,Rajon Rondo,,,
Brian Scalabrine,Eddie House,Rajon Rondo,Rasheed Wallace,Ray Allen,Anthony Morrow,Anthony Randolph,C.J. Watson,Monta Ellis,Ronny Turiaf,4,6:44,BOS,shot,,,,,,,,,,Ray Allen,,,,missed,,3pt,46,20
Brian Scalabrine,Eddie House,Rajon Rondo,Rasheed Wallace,Ray Allen,Anthony Morrow,Anthony Randolph,C.J. Watson,Monta Ellis,Ronny Turiaf,4,6:43,GSW,rebound,,,,,,,,,,Anthony Randolph,,,,,,def,,
Brian Scalabrine,Eddie House,Rajon Rondo,Rasheed Wallace,Ray Allen,Anthony Morrow,Anthony Randolph,C.J. Watson,Monta Ellis,Ronny Turiaf,4,6:29,GSW,turnover,,,,,,,,,,Anthony Randolph,,,bad pass,,,,,
Eddie House,Kendrick Perkins,Rajon Rondo,Rasheed Wallace,Ray Allen,Anthony Morrow,Anthony Randolph,C.J. Watson,Monta Ellis,Ronny Turiaf,4,6:29,BOS,sub,,,,Kendrick Perkins,,Brian Scalabrine,,,,,,,,,,,,
Eddie House,Kendrick Perkins,Rajon Rondo,Rasheed Wallace,Ray Allen,Anthony Morrow,Anthony Randolph,C.J. Watson,Monta Ellis,Ronny Turiaf,4,6:14,BOS,shot,Rajon Rondo,,,,,,,,,Kendrick Perkins,2,,,made,,alley oop layup,26,7
Eddie House,Kendrick Perkins,Rajon Rondo,Rasheed Wallace,Ray Allen,Anthony Morrow,Anthony Randolph,C.J. Watson,Monta Ellis,Ronny Turiaf,4,6:13,BOS,foul,,,,,,,,,,Kendrick Perkins,,,,,,technical,,
Eddie House,Kendrick Perkins,Rajon Rondo,Rasheed Wallace,Ray Allen,Anthony Morrow,Anthony Randolph,C.J. Watson,Monta Ellis,Ronny Turiaf,4,6:13,GSW,free throw,,,,,,,1,,1,Anthony Morrow,,,technical,made,,,,
Eddie House,Kendrick Perkins,Rajon Rondo,Rasheed Wallace,Ray Allen,Anthony Morrow,C.J. Watson,Corey Maggette,Monta Ellis,Ronny Turiaf,4,6:13,GSW,sub,,,,Corey Maggette,,Anthony Randolph,,,,,,,,,,,,
Eddie House,Kendrick Perkins,Kevin Garnett,Rajon Rondo,Ray Allen,Anthony Morrow,C.J. Watson,Corey Maggette,Monta Ellis,Ronny Turiaf,4,6:13,BOS,sub,,,,Kevin Garnett,,Rasheed Wallace,,,,,,,,,,,,
Eddie House,Kendrick Perkins,Kevin Garnett,Rajon Rondo,Ray Allen,Anthony Morrow,C.J. Watson,Corey Maggette,Monta Ellis,Ronny Turiaf,4,5:59,GSW,shot,C.J. Watson,,,,,,,,,Monta Ellis,2,,,made,,pullup jump,11,19
Eddie House,Kendrick Perkins,Kevin Garnett,Rajon Rondo,Ray Allen,Anthony Morrow,C.J. Watson,Corey Maggette,Monta Ellis,Ronny Turiaf,4,5:41,BOS,shot,,,,,,,,,,Ray Allen,2,,,made,,floating jump,10,6
Eddie House,Kendrick Perkins,Kevin Garnett,Rajon Rondo,Ray Allen,Anthony Morrow,C.J. Watson,Corey Maggette,Monta Ellis,Ronny Turiaf,4,5:27,GSW,shot,,,,,,,,,,Monta Ellis,,,,missed,,driving layup,23,7
Eddie House,Kendrick Perkins,Kevin Garnett,Rajon Rondo,Ray Allen,Anthony Morrow,C.J. Watson,Corey Maggette,Monta Ellis,Ronny Turiaf,4,5:26,GSW,rebound,,,,,,,,,,Anthony Morrow,,,,,,off,,
Eddie House,Kendrick Perkins,Kevin Garnett,Rajon Rondo,Ray Allen,Anthony Morrow,C.J. Watson,Corey Maggette,Monta Ellis,Ronny Turiaf,4,5:26,GSW,shot,,,,,,,,,,Anthony Morrow,,,,missed,,tip,25,6
Eddie House,Kendrick Perkins,Kevin Garnett,Rajon Rondo,Ray Allen,Anthony Morrow,C.J. Watson,Corey Maggette,Monta Ellis,Ronny Turiaf,4,5:26,BOS,rebound,,,,,,,,,,,,,,,,,,
Eddie House,Kendrick Perkins,Kevin Garnett,Rajon Rondo,Ray Allen,Anthony Morrow,C.J. Watson,Corey Maggette,Monta Ellis,Ronny Turiaf,4,5:26,GSW,timeout,,,,,,,,,,,,,,,,regular,,
Eddie House,Kendrick Perkins,Kevin Garnett,Rajon Rondo,Ray Allen,Anthony Morrow,Anthony Randolph,C.J. Watson,Corey Maggette,Monta Ellis,4,5:26,GSW,sub,,,,Anthony Randolph,,Ronny Turiaf,,,,,,,,,,,,
Eddie House,Kendrick Perkins,Kevin Garnett,Rajon Rondo,Ray Allen,Anthony Morrow,Anthony Randolph,C.J. Watson,Corey Maggette,Monta Ellis,4,5:18,GSW,foul,,,,,,,,Rajon Rondo,,Monta Ellis,,,,,,shooting,,
Eddie House,Kendrick Perkins,Kevin Garnett,Rajon Rondo,Ray Allen,Anthony Morrow,Anthony Randolph,C.J. Watson,Corey Maggette,Monta Ellis,4,5:18,BOS,free throw,,,,,,,1,,2,Rajon Rondo,,,foul,made,,,,
Eddie House,Kendrick Perkins,Kevin Garnett,Rajon Rondo,Ray Allen,Anthony Morrow,Anthony Randolph,C.J. Watson,Corey Maggette,Monta Ellis,4,5:18,BOS,free throw,,,,,,,2,,2,Rajon Rondo,,,foul,made,,,,
Eddie House,Kendrick Perkins,Kevin Garnett,Rajon Rondo,Ray Allen,Anthony Morrow,Anthony Randolph,C.J. Watson,Corey Maggette,Monta Ellis,4,5:09,BOS,foul,,,,,,,,Monta Ellis,,Ray Allen,,,,,,personal,,
Eddie House,Kendrick Perkins,Kevin Garnett,Rajon Rondo,Ray Allen,Anthony Morrow,Anthony Randolph,C.J. Watson,Corey Maggette,Monta Ellis,4,5:01,GSW,shot,,,,,,,,,,Corey Maggette,,,,missed,,jump,41,21
Eddie House,Kendrick Perkins,Kevin Garnett,Rajon Rondo,Ray Allen,Anthony Morrow,Anthony Randolph,C.J. Watson,Corey Maggette,Monta Ellis,4,4:59,BOS,rebound,,,,,,,,,,Kevin Garnett,,,,,,def,,
Eddie House,Kendrick Perkins,Kevin Garnett,Rajon Rondo,Ray Allen,Anthony Morrow,Anthony Randolph,C.J. Watson,Corey Maggette,Monta Ellis,4,4:38,BOS,shot,,,,,,,,,,Kevin Garnett,,,,missed,,turnaround fade away,38,7
Eddie House,Kendrick Perkins,Kevin Garnett,Rajon Rondo,Ray Allen,Anthony Morrow,Anthony Randolph,C.J. Watson,Corey Maggette,Monta Ellis,4,4:37,BOS,rebound,,,,,,,,,,Kendrick Perkins,,,,,,off,,
Eddie House,Kendrick Perkins,Kevin Garnett,Rajon Rondo,Ray Allen,Anthony Morrow,Anthony Randolph,C.J. Watson,Corey Maggette,Monta Ellis,4,4:31,BOS,turnover,,,,,,,,,,Kevin Garnett,,,3 second violation,,,,,
Eddie House,Kendrick Perkins,Kevin Garnett,Rajon Rondo,Ray Allen,Anthony Morrow,Anthony Randolph,C.J. Watson,Corey Maggette,Monta Ellis,4,4:19,GSW,shot,Anthony Randolph,,,,,,,,,Monta Ellis,2,,,made,,driving layup,25,8
Eddie House,Kendrick Perkins,Kevin Garnett,Rajon Rondo,Ray Allen,Anthony Morrow,Anthony Randolph,C.J. Watson,Corey Maggette,Monta Ellis,4,4:00,BOS,shot,,,,,,,,,,Kevin Garnett,,,,missed,,turnaround fade away,38,6
Eddie House,Kendrick Perkins,Kevin Garnett,Rajon Rondo,Ray Allen,Anthony Morrow,Anthony Randolph,C.J. Watson,Corey Maggette,Monta Ellis,4,4:00,GSW,rebound,,,,,,,,,,,,,,,,,,
Eddie House,Kendrick Perkins,Kevin Garnett,Rajon Rondo,Ray Allen,Anthony Morrow,Anthony Randolph,C.J. Watson,Corey Maggette,Monta Ellis,4,4:00,BOS,foul,,,,,,,,Anthony Randolph,,Kendrick Perkins,,,,,,loose ball,,
Eddie House,Kendrick Perkins,Kevin Garnett,Rajon Rondo,Ray Allen,Anthony Morrow,Anthony Randolph,C.J. Watson,Corey Maggette,Monta Ellis,4,3:45,GSW,turnover,,,,,,,,,,Monta Ellis,,,traveling,,,,,
Eddie House,Kendrick Perkins,Kevin Garnett,Rajon Rondo,Ray Allen,Anthony Morrow,Anthony Randolph,C.J. Watson,Corey Maggette,Monta Ellis,4,3:45,BOS,timeout,,,,,,,,,,,,,,,,short,,
Eddie House,Kendrick Perkins,Rajon Rondo,Rasheed Wallace,Ray Allen,Anthony Morrow,Anthony Randolph,C.J. Watson,Corey Maggette,Monta Ellis,4,3:45,BOS,sub,,,,Rasheed Wallace,,Kevin Garnett,,,,,,,,,,,,
Eddie House,Kendrick Perkins,Rajon Rondo,Rasheed Wallace,Ray Allen,Anthony Morrow,Anthony Randolph,C.J. Watson,Corey Maggette,Monta Ellis,4,3:33,BOS,shot,,,,,,,,,,Rajon Rondo,2,,,made,,driving reverse layup,25,7
Eddie House,Kendrick Perkins,Rajon Rondo,Rasheed Wallace,Ray Allen,Anthony Morrow,Anthony Randolph,C.J. Watson,Corey Maggette,Monta Ellis,4,3:18,GSW,shot,,,,,,,,,,Monta Ellis,2,,,made,,pullup jump,35,21
Eddie House,Kendrick Perkins,Rajon Rondo,Rasheed Wallace,Ray Allen,Anthony Morrow,Anthony Randolph,C.J. Watson,Corey Maggette,Monta Ellis,4,3:04,BOS,shot,,,,,,,,,,Rajon Rondo,2,,,made,,pullup jump,37,18
Eddie House,Kendrick Perkins,Rajon Rondo,Rasheed Wallace,Ray Allen,Anthony Morrow,Anthony Randolph,C.J. Watson,Corey Maggette,Monta Ellis,4,2:48,GSW,shot,,,,,,,,,,Monta Ellis,,,,missed,,jump,33,24
Eddie House,Kendrick Perkins,Rajon Rondo,Rasheed Wallace,Ray Allen,Anthony Morrow,Anthony Randolph,C.J. Watson,Corey Maggette,Monta Ellis,4,2:47,BOS,rebound,,,,,,,,,,Kendrick Perkins,,,,,,def,,
Eddie House,Kendrick Perkins,Rajon Rondo,Rasheed Wallace,Ray Allen,Anthony Morrow,Anthony Randolph,C.J. Watson,Corey Maggette,Monta Ellis,4,2:47,GSW,foul,,,,,,,,Kendrick Perkins,,Anthony Randolph,,,,,,personal,,
Eddie House,Kendrick Perkins,Rajon Rondo,Rasheed Wallace,Ray Allen,Anthony Morrow,Anthony Randolph,C.J. Watson,Corey Maggette,Monta Ellis,4,2:47,BOS,timeout,,,,,,,,,,,,,,,,regular,,
Eddie House,Kendrick Perkins,Rajon Rondo,Rasheed Wallace,Ray Allen,Anthony Morrow,C.J. Watson,Corey Maggette,Monta Ellis,Ronny Turiaf,4,2:47,GSW,sub,,,,Ronny Turiaf,,Anthony Randolph,,,,,,,,,,,,
Eddie House,Kendrick Perkins,Kevin Garnett,Rajon Rondo,Ray Allen,Anthony Morrow,C.J. Watson,Corey Maggette,Monta Ellis,Ronny Turiaf,4,2:47,BOS,sub,,,,Kevin Garnett,,Rasheed Wallace,,,,,,,,,,,,
Eddie House,Kendrick Perkins,Kevin Garnett,Rajon Rondo,Ray Allen,Anthony Morrow,C.J. Watson,Corey Maggette,Monta Ellis,Ronny Turiaf,4,2:41,BOS,turnover,,,,,,,,,,Ray Allen,,,traveling,,,,,
Eddie House,Kendrick Perkins,Kevin Garnett,Rajon Rondo,Ray Allen,Anthony Morrow,C.J. Watson,Corey Maggette,Monta Ellis,Ronny Turiaf,4,2:29,GSW,shot,,,,,,,,,,Corey Maggette,2,,,made,,driving layup,23,8
Eddie House,Kendrick Perkins,Kevin Garnett,Rajon Rondo,Ray Allen,Anthony Morrow,C.J. Watson,Corey Maggette,Monta Ellis,Ronny Turiaf,4,2:15,BOS,shot,,,,,,,,,,Rajon Rondo,2,,,made,,running jump,28,15
Eddie House,Kendrick Perkins,Kevin Garnett,Rajon Rondo,Ray Allen,Anthony Morrow,C.J. Watson,Corey Maggette,Monta Ellis,Ronny Turiaf,4,1:58,GSW,shot,Monta Ellis,,,,,,,,,Ronny Turiaf,2,,,made,,slam dunk,25,7
Eddie House,Kendrick Perkins,Kevin Garnett,Rajon Rondo,Ray Allen,Anthony Morrow,C.J. Watson,Corey Maggette,Monta Ellis,Ronny Turiaf,4,1:58,BOS,foul,,,,,,,,Ronny Turiaf,,Eddie House,,,,,,shooting,,
Eddie House,Kendrick Perkins,Kevin Garnett,Rajon Rondo,Ray Allen,Anthony Morrow,C.J. Watson,Corey Maggette,Monta Ellis,Ronny Turiaf,4,1:58,GSW,free throw,,,,,,,1,,1,Ronny Turiaf,,,foul,missed,,,,
Eddie House,Kendrick Perkins,Kevin Garnett,Rajon Rondo,Ray Allen,Anthony Morrow,C.J. Watson,Corey Maggette,Monta Ellis,Ronny Turiaf,4,1:56,BOS,rebound,,,,,,,,,,Kendrick Perkins,,,,,,def,,
Eddie House,Kendrick Perkins,Kevin Garnett,Rajon Rondo,Ray Allen,Anthony Morrow,C.J. Watson,Corey Maggette,Monta Ellis,Ronny Turiaf,4,1:50,BOS,foul,,,,,,,,Anthony Morrow,,Kendrick Perkins,,,,,,offensive,,
Eddie House,Kendrick Perkins,Kevin Garnett,Rajon Rondo,Ray Allen,Anthony Morrow,C.J. Watson,Corey Maggette,Monta Ellis,Ronny Turiaf,4,1:50,BOS,turnover,,,,,,,,,,Kendrick Perkins,,,foul,,,,,
Eddie House,Kendrick Perkins,Kevin Garnett,Rajon Rondo,Ray Allen,Anthony Morrow,C.J. Watson,Corey Maggette,Monta Ellis,Ronny Turiaf,4,1:29,GSW,shot,,,,,,,,,,C.J. Watson,,,,missed,,3pt,48,9
Eddie House,Kendrick Perkins,Kevin Garnett,Rajon Rondo,Ray Allen,Anthony Morrow,C.J. Watson,Corey Maggette,Monta Ellis,Ronny Turiaf,4,1:26,BOS,rebound,,,,,,,,,,Kendrick Perkins,,,,,,def,,
Eddie House,Kendrick Perkins,Kevin Garnett,Rajon Rondo,Ray Allen,Anthony Morrow,C.J. Watson,Corey Maggette,Monta Ellis,Ronny Turiaf,4,1:21,BOS,shot,,,,,,,,,,Ray Allen,,,,missed,,3pt,48,8
Eddie House,Kendrick Perkins,Kevin Garnett,Rajon Rondo,Ray Allen,Anthony Morrow,C.J. Watson,Corey Maggette,Monta Ellis,Ronny Turiaf,4,1:19,BOS,rebound,,,,,,,,,,,,,,,,,,
Eddie House,Kevin Garnett,Rajon Rondo,Ray Allen,Tony Allen,Anthony Morrow,C.J. Watson,Corey Maggette,Monta Ellis,Ronny Turiaf,4,1:19,BOS,sub,,,,Tony Allen,,Kendrick Perkins,,,,,,,,,,,,
Eddie House,Kevin Garnett,Rajon Rondo,Ray Allen,Tony Allen,Anthony Morrow,C.J. Watson,Corey Maggette,Monta Ellis,Ronny Turiaf,4,1:08,BOS,shot,Rajon Rondo,,,,,,,,,Kevin Garnett,2,,,made,,layup,23,6
Eddie House,Kevin Garnett,Rajon Rondo,Ray Allen,Tony Allen,Anthony Morrow,C.J. Watson,Corey Maggette,Monta Ellis,Ronny Turiaf,4,0:45,GSW,shot,,,,,,,,,,Monta Ellis,,,,missed,,3pt,14,32
Eddie House,Kevin Garnett,Rajon Rondo,Ray Allen,Tony Allen,Anthony Morrow,C.J. Watson,Corey Maggette,Monta Ellis,Ronny Turiaf,4,0:44,GSW,rebound,,,,,,,,,,Anthony Morrow,,,,,,off,,
Eddie House,Kevin Garnett,Rajon Rondo,Ray Allen,Tony Allen,Anthony Morrow,C.J. Watson,Corey Maggette,Monta Ellis,Ronny Turiaf,4,0:44,GSW,timeout,,,,,,,,,,,,,,,,regular,,
Eddie House,Kevin Garnett,Rajon Rondo,Ray Allen,Tony Allen,Anthony Morrow,C.J. Watson,Corey Maggette,Monta Ellis,Ronny Turiaf,4,0:44,GSW,jump ball,,Eddie House,,,Anthony Morrow,,,,,,,Boston,,,,,,
Eddie House,Kevin Garnett,Rajon Rondo,Ray Allen,Tony Allen,Anthony Morrow,C.J. Watson,Corey Maggette,Monta Ellis,Ronny Turiaf,4,0:44,GSW,turnover,,,,,,,,,,Anthony Morrow,,,lost ball,,Eddie House,,,
Eddie House,Kevin Garnett,Rajon Rondo,Ray Allen,Tony Allen,Anthony Morrow,C.J. Watson,Corey Maggette,Monta Ellis,Ronny Turiaf,4,0:43,BOS,timeout,,,,,,,,,,,,,,,,short,,
Eddie House,Kevin Garnett,Rajon Rondo,Ray Allen,Tony Allen,Anthony Morrow,C.J. Watson,Corey Maggette,Monta Ellis,Ronny Turiaf,4,0:35,BOS,shot,,,,,,,,,,Ray Allen,,,,missed,,3pt,44,21
Eddie House,Kevin Garnett,Rajon Rondo,Ray Allen,Tony Allen,Anthony Morrow,C.J. Watson,Corey Maggette,Monta Ellis,Ronny Turiaf,4,0:33,GSW,rebound,,,,,,,,,,Corey Maggette,,,,,,def,,
Eddie House,Kevin Garnett,Rajon Rondo,Ray Allen,Tony Allen,Anthony Morrow,C.J. Watson,Corey Maggette,Monta Ellis,Ronny Turiaf,4,0:08,GSW,shot,,,,,,,,,,Corey Maggette,,,,missed,,3pt,40,27
Eddie House,Kevin Garnett,Rajon Rondo,Ray Allen,Tony Allen,Anthony Morrow,C.J. Watson,Corey Maggette,Monta Ellis,Ronny Turiaf,4,0:06,BOS,rebound,,,,,,,,,,Rajon Rondo,,,,,,def,,
Eddie House,Kevin Garnett,Rajon Rondo,Ray Allen,Tony Allen,Anthony Morrow,C.J. Watson,Corey Maggette,Monta Ellis,Ronny Turiaf,4,0:06,BOS,timeout,,,,,,,,,,,,,,,,regular,,
Eddie House,Kevin Garnett,Rajon Rondo,Ray Allen,Tony Allen,Anthony Morrow,C.J. Watson,Corey Maggette,Monta Ellis,Vladimir Radmanovic,4,0:06,GSW,sub,,,,Vladimir Radmanovic,,Ronny Turiaf,,,,,,,,,,,,
Eddie House,Kevin Garnett,Rajon Rondo,Rasheed Wallace,Ray Allen,Anthony Morrow,C.J. Watson,Corey Maggette,Monta Ellis,Vladimir Radmanovic,4,0:06,BOS,sub,,,,Rasheed Wallace,,Tony Allen,,,,,,,,,,,,
Eddie House,Kevin Garnett,Rajon Rondo,Rasheed Wallace,Ray Allen,Anthony Morrow,C.J. Watson,Corey Maggette,Monta Ellis,Vladimir Radmanovic,4,0:05,GSW,foul,,,,,,,,Rajon Rondo,,Monta Ellis,,,,,,personal,,
Eddie House,Kevin Garnett,Rajon Rondo,Rasheed Wallace,Ray Allen,Anthony Morrow,C.J. Watson,Corey Maggette,Monta Ellis,Vladimir Radmanovic,4,0:04,GSW,foul,,,,,,,,Ray Allen,,C.J. Watson,,,,,,personal,,
Eddie House,Kevin Garnett,Rajon Rondo,Rasheed Wallace,Ray Allen,Anthony Morrow,C.J. Watson,Corey Maggette,Monta Ellis,Vladimir Radmanovic,4,0:04,BOS,free throw,,,,,,,1,,2,Ray Allen,,,foul,made,,,,
Eddie House,Kevin Garnett,Rajon Rondo,Rasheed Wallace,Ray Allen,Andris Biedrins,Anthony Morrow,Corey Maggette,Monta Ellis,Vladimir Radmanovic,4,0:04,GSW,sub,,,,Andris Biedrins,,C.J. Watson,,,,,,,,,,,,
Eddie House,Kevin Garnett,Rajon Rondo,Rasheed Wallace,Ray Allen,Andris Biedrins,Corey Maggette,Monta Ellis,Ronny Turiaf,Vladimir Radmanovic,4,0:04,GSW,sub,,,,Ronny Turiaf,,Anthony Morrow,,,,,,,,,,,,
Kevin Garnett,Rajon Rondo,Rasheed Wallace,Ray Allen,Tony Allen,Andris Biedrins,Corey Maggette,Monta Ellis,Ronny Turiaf,Vladimir Radmanovic,4,0:04,BOS,sub,,,,Tony Allen,,Eddie House,,,,,,,,,,,,
Kevin Garnett,Rajon Rondo,Rasheed Wallace,Ray Allen,Tony Allen,Andris Biedrins,Corey Maggette,Monta Ellis,Ronny Turiaf,Vladimir Radmanovic,4,0:04,GSW,rebound,,,,,,,,,,,,,,,,,,
Kevin Garnett,Rajon Rondo,Rasheed Wallace,Ray Allen,Tony Allen,Anthony Morrow,Corey Maggette,Monta Ellis,Ronny Turiaf,Vladimir Radmanovic,4,0:04,GSW,sub,,,,Anthony Morrow,,Andris Biedrins,,,,,,,,,,,,
Kevin Garnett,Rajon Rondo,Rasheed Wallace,Ray Allen,Tony Allen,Anthony Morrow,C.J. Watson,Corey Maggette,Monta Ellis,Vladimir Radmanovic,4,0:04,GSW,sub,,,,C.J. Watson,,Ronny Turiaf,,,,,,,,,,,,
Kendrick Perkins,Kevin Garnett,Rajon Rondo,Ray Allen,Tony Allen,Anthony Morrow,C.J. Watson,Corey Maggette,Monta Ellis,Vladimir Radmanovic,4,0:04,BOS,sub,,,,Kendrick Perkins,,Rasheed Wallace,,,,,,,,,,,,
Kendrick Perkins,Kevin Garnett,Rajon Rondo,Ray Allen,Tony Allen,Anthony Morrow,C.J. Watson,Corey Maggette,Monta Ellis,Vladimir Radmanovic,4,0:04,GSW,timeout,,,,,,,,,,,,,,,,short,,
Kendrick Perkins,Kevin Garnett,Rajon Rondo,Ray Allen,Tony Allen,Anthony Morrow,C.J. Watson,Corey Maggette,Monta Ellis,Vladimir Radmanovic,4,0:04,GSW,timeout,,,,,,,,,,,,,,,,short,,
Kendrick Perkins,Kevin Garnett,Rajon Rondo,Ray Allen,Tony Allen,Anthony Morrow,C.J. Watson,Corey Maggette,Monta Ellis,Vladimir Radmanovic,4,0:02,BOS,foul,,,,,,,,Monta Ellis,,Tony Allen,,,,,,personal,,
Kendrick Perkins,Kevin Garnett,Rajon Rondo,Ray Allen,Tony Allen,Anthony Morrow,C.J. Watson,Corey Maggette,Monta Ellis,Vladimir Radmanovic,4,0:02,GSW,free throw,,,,,,,1,,2,Monta Ellis,,,foul,made,,,,
Kendrick Perkins,Kevin Garnett,Rajon Rondo,Ray Allen,Tony Allen,Anthony Morrow,C.J. Watson,Corey Maggette,Monta Ellis,Vladimir Radmanovic,4,0:02,GSW,free throw,,,,,,,2,,2,Monta Ellis,,,foul,made,,,,
Kendrick Perkins,Kevin Garnett,Rajon Rondo,Ray Allen,Tony Allen,Anthony Morrow,C.J. Watson,Corey Maggette,Monta Ellis,Vladimir Radmanovic,4,0:01,BOS,turnover,,,,,,,,,,Kendrick Perkins,,,bad pass,,C.J. Watson,,,
