a1,a2,a3,a4,a5,h1,h2,h3,h4,h5,period,time,team,etype,assist,away,block,entered,home,left,num,opponent,outof,player,points,possession,reason,result,steal,type,x,y
DeJuan Blair,Keith Bogans,Richard Jefferson,Tim Duncan,Tony Parker,Chris Duhon,Danilo Gallinari,David Lee,Jared Jeffries,Wilson Chandler,1,12:00,OFF,jump ball,,Tim Duncan,,,Jared Jeffries,,,,,,,Tony Parker,,,,,,
DeJuan Blair,Keith Bogans,Richard Jefferson,Tim Duncan,Tony Parker,Chris Duhon,Danilo Gallinari,David Lee,Jared Jeffries,Wilson Chandler,1,11:41,SAS,shot,,,,,,,,,,Tony Parker,2,,,made,,jump,34,18
DeJuan Blair,Keith Bogans,Richard Jefferson,Tim Duncan,Tony Parker,Chris Duhon,Danilo Gallinari,David Lee,Jared Jeffries,Wilson Chandler,1,11:25,NYK,shot,,,,,,,,,,Danilo Gallinari,2,,,made,,driving layup,25,6
DeJuan Blair,Keith Bogans,Richard Jefferson,Tim Duncan,Tony Parker,Chris Duhon,Danilo Gallinari,David Lee,Jared Jeffries,Wilson Chandler,1,11:25,SAS,foul,,,,,,,,Danilo Gallinari,,DeJuan Blair,,,,,,shooting,,
DeJuan Blair,Keith Bogans,Richard Jefferson,Tim Duncan,Tony Parker,Chris Duhon,Danilo Gallinari,David Lee,Jared Jeffries,Wilson Chandler,1,11:25,NYK,free throw,,,,,,,1,,1,Danilo Gallinari,,,foul,missed,,,,
DeJuan Blair,Keith Bogans,Richard Jefferson,Tim Duncan,Tony Parker,Chris Duhon,Danilo Gallinari,David Lee,Jared Jeffries,Wilson Chandler,1,11:24,SAS,rebound,,,,,,,,,,DeJuan Blair,,,,,,def,,
DeJuan Blair,Keith Bogans,Richard Jefferson,Tim Duncan,Tony Parker,Chris Duhon,Danilo Gallinari,David Lee,Jared Jeffries,Wilson Chandler,1,11:10,SAS,turnover,,,,,,,,,,Tony Parker,,,bad pass,,,,,
DeJuan Blair,Keith Bogans,Richard Jefferson,Tim Duncan,Tony Parker,Chris Duhon,Danilo Gallinari,David Lee,Jared Jeffries,Wilson Chandler,1,11:02,NYK,shot,Chris Duhon,,,,,,,,,David Lee,2,,,made,,jump,27,27
DeJuan Blair,Keith Bogans,Richard Jefferson,Tim Duncan,Tony Parker,Chris Duhon,Danilo Gallinari,David Lee,Jared Jeffries,Wilson Chandler,1,10:46,SAS,shot,Keith Bogans,,,,,,,,,Richard Jefferson,2,,,made,,jump,46,9
DeJuan Blair,Keith Bogans,Richard Jefferson,Tim Duncan,Tony Parker,Chris Duhon,Danilo Gallinari,David Lee,Jared Jeffries,Wilson Chandler,1,10:31,NYK,shot,,,,,,,,,,Jared Jeffries,,,,missed,,3pt,48,6
DeJuan Blair,Keith Bogans,Richard Jefferson,Tim Duncan,Tony Parker,Chris Duhon,Danilo Gallinari,David Lee,Jared Jeffries,Wilson Chandler,1,10:29,SAS,rebound,,,,,,,,,,DeJuan Blair,,,,,,def,,
DeJuan Blair,Keith Bogans,Richard Jefferson,Tim Duncan,Tony Parker,Chris Duhon,Danilo Gallinari,David Lee,Jared Jeffries,Wilson Chandler,1,10:12,SAS,shot,Richard Jefferson,,,,,,,,,Tony Parker,2,,,made,,jump,46,7
DeJuan Blair,Keith Bogans,Richard Jefferson,Tim Duncan,Tony Parker,Chris Duhon,Danilo Gallinari,David Lee,Jared Jeffries,Wilson Chandler,1,10:01,SAS,foul,,,,,,,,Danilo Gallinari,,Richard Jefferson,,,,,,personal,,
DeJuan Blair,Keith Bogans,Richard Jefferson,Tim Duncan,Tony Parker,Chris Duhon,Danilo Gallinari,David Lee,Jared Jeffries,Wilson Chandler,1,9:53,NYK,shot,Chris Duhon,,,,,,,,,David Lee,2,,,made,,jump,7,6
DeJuan Blair,Keith Bogans,Richard Jefferson,Tim Duncan,Tony Parker,Chris Duhon,Danilo Gallinari,David Lee,Jared Jeffries,Wilson Chandler,1,9:32,SAS,shot,,,,,,,,,,Tony Parker,,,,missed,,jump,10,14
DeJuan Blair,Keith Bogans,Richard Jefferson,Tim Duncan,Tony Parker,Chris Duhon,Danilo Gallinari,David Lee,Jared Jeffries,Wilson Chandler,1,9:31,NYK,rebound,,,,,,,,,,David Lee,,,,,,def,,
DeJuan Blair,Keith Bogans,Richard Jefferson,Tim Duncan,Tony Parker,Chris Duhon,Danilo Gallinari,David Lee,Jared Jeffries,Wilson Chandler,1,9:20,NYK,shot,,,,,,,,,,Wilson Chandler,,,,missed,,layup,25,6
DeJuan Blair,Keith Bogans,Richard Jefferson,Tim Duncan,Tony Parker,Chris Duhon,Danilo Gallinari,David Lee,Jared Jeffries,Wilson Chandler,1,9:19,SAS,rebound,,,,,,,,,,Tony Parker,,,,,,def,,
DeJuan Blair,Keith Bogans,Richard Jefferson,Tim Duncan,Tony Parker,Chris Duhon,Danilo Gallinari,David Lee,Jared Jeffries,Wilson Chandler,1,9:08,SAS,shot,,,Jared Jeffries,,,,,,,Keith Bogans,,,,missed,,layup,25,6
DeJuan Blair,Keith Bogans,Richard Jefferson,Tim Duncan,Tony Parker,Chris Duhon,Danilo Gallinari,David Lee,Jared Jeffries,Wilson Chandler,1,9:06,SAS,rebound,,,,,,,,,,Tim Duncan,,,,,,off,,
DeJuan Blair,Keith Bogans,Richard Jefferson,Tim Duncan,Tony Parker,Chris Duhon,Danilo Gallinari,David Lee,Jared Jeffries,Wilson Chandler,1,9:05,SAS,shot,,,,,,,,,,Tim Duncan,,,,missed,,layup,25,6
DeJuan Blair,Keith Bogans,Richard Jefferson,Tim Duncan,Tony Parker,Chris Duhon,Danilo Gallinari,David Lee,Jared Jeffries,Wilson Chandler,1,9:04,SAS,rebound,,,,,,,,,,DeJuan Blair,,,,,,off,,
DeJuan Blair,Keith Bogans,Richard Jefferson,Tim Duncan,Tony Parker,Chris Duhon,Danilo Gallinari,David Lee,Jared Jeffries,Wilson Chandler,1,9:04,SAS,shot,,,,,,,,,,DeJuan Blair,,,,missed,,tip,25,6
DeJuan Blair,Keith Bogans,Richard Jefferson,Tim Duncan,Tony Parker,Chris Duhon,Danilo Gallinari,David Lee,Jared Jeffries,Wilson Chandler,1,9:03,SAS,rebound,,,,,,,,,,Keith Bogans,,,,,,off,,
DeJuan Blair,Keith Bogans,Richard Jefferson,Tim Duncan,Tony Parker,Chris Duhon,Danilo Gallinari,David Lee,Jared Jeffries,Wilson Chandler,1,9:02,NYK,foul,,,,,,,,Keith Bogans,,Jared Jeffries,,,,,,shooting,,
DeJuan Blair,Keith Bogans,Richard Jefferson,Tim Duncan,Tony Parker,Chris Duhon,Danilo Gallinari,David Lee,Jared Jeffries,Wilson Chandler,1,9:02,SAS,free throw,,,,,,,1,,2,Keith Bogans,,,foul,made,,,,
DeJuan Blair,Keith Bogans,Richard Jefferson,Tim Duncan,Tony Parker,Chris Duhon,Danilo Gallinari,David Lee,Jared Jeffries,Wilson Chandler,1,9:02,SAS,free throw,,,,,,,2,,2,Keith Bogans,,,foul,made,,,,
DeJuan Blair,Keith Bogans,Richard Jefferson,Tim Duncan,Tony Parker,Chris Duhon,Danilo Gallinari,David Lee,Jared Jeffries,Wilson Chandler,1,8:39,NYK,shot,,,,,,,,,,Wilson Chandler,2,,,made,,jump,41,15
DeJuan Blair,Keith Bogans,Richard Jefferson,Tim Duncan,Tony Parker,Chris Duhon,Danilo Gallinari,David Lee,Jared Jeffries,Wilson Chandler,1,8:08,SAS,shot,,,,,,,,,,DeJuan Blair,2,,,made,,hook,38,6
DeJuan Blair,Keith Bogans,Richard Jefferson,Tim Duncan,Tony Parker,Chris Duhon,Danilo Gallinari,David Lee,Jared Jeffries,Wilson Chandler,1,7:55,SAS,foul,,,,,,,,Danilo Gallinari,,Richard Jefferson,,,,,,shooting,,
DeJuan Blair,Keith Bogans,Richard Jefferson,Tim Duncan,Tony Parker,Chris Duhon,Danilo Gallinari,David Lee,Jared Jeffries,Wilson Chandler,1,7:55,NYK,free throw,,,,,,,1,,2,Danilo Gallinari,,,foul,missed,,,,
DeJuan Blair,Keith Bogans,Richard Jefferson,Tim Duncan,Tony Parker,Chris Duhon,Danilo Gallinari,David Lee,Jared Jeffries,Wilson Chandler,1,7:55,NYK,rebound,,,,,,,,,,,,,,,,,,
DeJuan Blair,Keith Bogans,Manu Ginobili,Tim Duncan,Tony Parker,Chris Duhon,Danilo Gallinari,David Lee,Jared Jeffries,Wilson Chandler,1,7:55,SAS,sub,,,,Manu Ginobili,,Richard Jefferson,,,,,,,,,,,,
DeJuan Blair,Keith Bogans,Manu Ginobili,Tim Duncan,Tony Parker,Chris Duhon,Danilo Gallinari,David Lee,Jared Jeffries,Wilson Chandler,1,7:55,NYK,free throw,,,,,,,2,,2,Danilo Gallinari,,,foul,made,,,,
DeJuan Blair,Keith Bogans,Manu Ginobili,Tim Duncan,Tony Parker,Chris Duhon,Danilo Gallinari,David Lee,Jared Jeffries,Wilson Chandler,1,7:44,SAS,shot,,,,,,,,,,Tim Duncan,,,,missed,,layup,25,6
DeJuan Blair,Keith Bogans,Manu Ginobili,Tim Duncan,Tony Parker,Chris Duhon,Danilo Gallinari,David Lee,Jared Jeffries,Wilson Chandler,1,7:43,NYK,rebound,,,,,,,,,,David Lee,,,,,,def,,
DeJuan Blair,Keith Bogans,Manu Ginobili,Tim Duncan,Tony Parker,Chris Duhon,Danilo Gallinari,David Lee,Jared Jeffries,Wilson Chandler,1,7:35,NYK,turnover,,,,,,,,,,David Lee,,,bad pass,,,,,
DeJuan Blair,Keith Bogans,Manu Ginobili,Tim Duncan,Tony Parker,Chris Duhon,Danilo Gallinari,David Lee,Jared Jeffries,Wilson Chandler,1,7:20,SAS,shot,,,,,,,,,,Manu Ginobili,,,,missed,,3pt,44,23
DeJuan Blair,Keith Bogans,Manu Ginobili,Tim Duncan,Tony Parker,Chris Duhon,Danilo Gallinari,David Lee,Jared Jeffries,Wilson Chandler,1,7:19,NYK,rebound,,,,,,,,,,David Lee,,,,,,def,,
DeJuan Blair,Keith Bogans,Manu Ginobili,Tim Duncan,Tony Parker,Chris Duhon,Danilo Gallinari,David Lee,Jared Jeffries,Wilson Chandler,1,7:16,SAS,foul,,,,,,,,Danilo Gallinari,,Tim Duncan,,,,,,shooting,,
DeJuan Blair,Keith Bogans,Manu Ginobili,Tim Duncan,Tony Parker,Chris Duhon,Danilo Gallinari,David Lee,Jared Jeffries,Wilson Chandler,1,7:16,NYK,free throw,,,,,,,1,,2,Danilo Gallinari,,,foul,missed,,,,
DeJuan Blair,Keith Bogans,Manu Ginobili,Tim Duncan,Tony Parker,Chris Duhon,Danilo Gallinari,David Lee,Jared Jeffries,Wilson Chandler,1,7:16,NYK,rebound,,,,,,,,,,,,,,,,,,
DeJuan Blair,Keith Bogans,Manu Ginobili,Tim Duncan,Tony Parker,Chris Duhon,Danilo Gallinari,David Lee,Jared Jeffries,Wilson Chandler,1,7:16,NYK,free throw,,,,,,,2,,2,Danilo Gallinari,,,foul,missed,,,,
DeJuan Blair,Keith Bogans,Manu Ginobili,Tim Duncan,Tony Parker,Chris Duhon,Danilo Gallinari,David Lee,Jared Jeffries,Wilson Chandler,1,7:14,SAS,rebound,,,,,,,,,,Tim Duncan,,,,,,def,,
DeJuan Blair,Keith Bogans,Manu Ginobili,Tim Duncan,Tony Parker,Chris Duhon,Danilo Gallinari,David Lee,Jared Jeffries,Wilson Chandler,1,7:02,SAS,turnover,,,,,,,,,,DeJuan Blair,,,traveling,,,,,
DeJuan Blair,Keith Bogans,Manu Ginobili,Tim Duncan,Tony Parker,Chris Duhon,Danilo Gallinari,David Lee,Jared Jeffries,Wilson Chandler,1,6:47,NYK,foul,,,,,,,,Keith Bogans,,Danilo Gallinari,,,,,,offensive,,
DeJuan Blair,Keith Bogans,Manu Ginobili,Tim Duncan,Tony Parker,Chris Duhon,Danilo Gallinari,David Lee,Jared Jeffries,Wilson Chandler,1,6:47,NYK,turnover,,,,,,,,,,Danilo Gallinari,,,foul,,,,,
DeJuan Blair,Keith Bogans,Manu Ginobili,Tim Duncan,Tony Parker,Chris Duhon,Danilo Gallinari,David Lee,Jared Jeffries,Wilson Chandler,1,6:33,SAS,shot,,,,,,,,,,Tony Parker,,,,missed,,jump,38,19
DeJuan Blair,Keith Bogans,Manu Ginobili,Tim Duncan,Tony Parker,Chris Duhon,Danilo Gallinari,David Lee,Jared Jeffries,Wilson Chandler,1,6:32,NYK,rebound,,,,,,,,,,Danilo Gallinari,,,,,,def,,
DeJuan Blair,Keith Bogans,Manu Ginobili,Tim Duncan,Tony Parker,Chris Duhon,Danilo Gallinari,David Lee,Jared Jeffries,Wilson Chandler,1,6:17,NYK,shot,,,,,,,,,,Wilson Chandler,2,,,made,,jump,34,25
DeJuan Blair,Keith Bogans,Manu Ginobili,Tim Duncan,Tony Parker,Chris Duhon,Danilo Gallinari,David Lee,Jared Jeffries,Wilson Chandler,1,6:10,SAS,timeout,,,,,,,,,,,,,,,,regular,,
Antonio McDyess,Keith Bogans,Manu Ginobili,Tim Duncan,Tony Parker,Chris Duhon,Danilo Gallinari,David Lee,Jared Jeffries,Wilson Chandler,1,6:10,SAS,sub,,,,Antonio McDyess,,DeJuan Blair,,,,,,,,,,,,
Antonio McDyess,Keith Bogans,Manu Ginobili,Tim Duncan,Tony Parker,Chris Duhon,Danilo Gallinari,David Lee,Jared Jeffries,Wilson Chandler,1,5:53,SAS,shot,,,,,,,,,,Keith Bogans,,,,missed,,3pt,26,32
Antonio McDyess,Keith Bogans,Manu Ginobili,Tim Duncan,Tony Parker,Chris Duhon,Danilo Gallinari,David Lee,Jared Jeffries,Wilson Chandler,1,5:52,NYK,rebound,,,,,,,,,,Wilson Chandler,,,,,,def,,
Antonio McDyess,Keith Bogans,Manu Ginobili,Tim Duncan,Tony Parker,Chris Duhon,Danilo Gallinari,David Lee,Jared Jeffries,Wilson Chandler,1,5:35,NYK,shot,Chris Duhon,,,,,,,,,Danilo Gallinari,3,,,made,,3pt,9,29
Antonio McDyess,Keith Bogans,Manu Ginobili,Tim Duncan,Tony Parker,Chris Duhon,Danilo Gallinari,David Lee,Jared Jeffries,Wilson Chandler,1,5:17,SAS,shot,,,,,,,,,,Manu Ginobili,,,,missed,,jump,20,24
Antonio McDyess,Keith Bogans,Manu Ginobili,Tim Duncan,Tony Parker,Chris Duhon,Danilo Gallinari,David Lee,Jared Jeffries,Wilson Chandler,1,5:16,NYK,rebound,,,,,,,,,,David Lee,,,,,,def,,
Antonio McDyess,Keith Bogans,Manu Ginobili,Tim Duncan,Tony Parker,Chris Duhon,Danilo Gallinari,David Lee,Jared Jeffries,Wilson Chandler,1,4:56,NYK,shot,,,,,,,,,,Danilo Gallinari,,,,missed,,3pt,40,29
Antonio McDyess,Keith Bogans,Manu Ginobili,Tim Duncan,Tony Parker,Chris Duhon,Danilo Gallinari,David Lee,Jared Jeffries,Wilson Chandler,1,4:54,SAS,rebound,,,,,,,,,,Keith Bogans,,,,,,def,,
Antonio McDyess,Keith Bogans,Manu Ginobili,Tim Duncan,Tony Parker,Chris Duhon,Danilo Gallinari,David Lee,Jared Jeffries,Wilson Chandler,1,4:47,SAS,turnover,,,,,,,,,,Manu Ginobili,,,bad pass,,Jared Jeffries,,,
Antonio McDyess,Keith Bogans,Manu Ginobili,Tim Duncan,Tony Parker,Chris Duhon,Danilo Gallinari,David Lee,Jared Jeffries,Wilson Chandler,1,4:40,NYK,shot,,,,,,,,,,Wilson Chandler,,,,missed,,jump,43,7
Antonio McDyess,Keith Bogans,Manu Ginobili,Tim Duncan,Tony Parker,Chris Duhon,Danilo Gallinari,David Lee,Jared Jeffries,Wilson Chandler,1,4:39,SAS,rebound,,,,,,,,,,Tim Duncan,,,,,,def,,
Antonio McDyess,Keith Bogans,Manu Ginobili,Tim Duncan,Tony Parker,Chris Duhon,Danilo Gallinari,David Lee,Jared Jeffries,Wilson Chandler,1,4:30,NYK,foul,,,,,,,,,,Wilson Chandler,,,,,,defense 3 second,,
Antonio McDyess,Keith Bogans,Manu Ginobili,Tim Duncan,Tony Parker,Al Harrington,Chris Duhon,Danilo Gallinari,David Lee,Jared Jeffries,1,4:30,NYK,sub,,,,Al Harrington,,Wilson Chandler,,,,,,,,,,,,
Antonio McDyess,George Hill,Manu Ginobili,Tim Duncan,Tony Parker,Al Harrington,Chris Duhon,Danilo Gallinari,David Lee,Jared Jeffries,1,4:30,SAS,sub,,,,George Hill,,Keith Bogans,,,,,,,,,,,,
Antonio McDyess,George Hill,Manu Ginobili,Tim Duncan,Tony Parker,Al Harrington,Chris Duhon,Danilo Gallinari,David Lee,Jared Jeffries,1,4:30,SAS,free throw,,,,,,,1,,1,Manu Ginobili,,,technical,made,,,,
Antonio McDyess,George Hill,Manu Ginobili,Tim Duncan,Tony Parker,Al Harrington,Chris Duhon,Danilo Gallinari,David Lee,Jared Jeffries,1,4:20,SAS,shot,,,,,,,,,,Tim Duncan,,,,missed,,jump,33,21
Antonio McDyess,George Hill,Manu Ginobili,Tim Duncan,Tony Parker,Al Harrington,Chris Duhon,Danilo Gallinari,David Lee,Jared Jeffries,1,4:19,NYK,rebound,,,,,,,,,,Al Harrington,,,,,,def,,
Antonio McDyess,George Hill,Manu Ginobili,Tim Duncan,Tony Parker,Al Harrington,Chris Duhon,Danilo Gallinari,David Lee,Jared Jeffries,1,4:00,NYK,shot,,,,,,,,,,Jared Jeffries,,,,missed,,layup,25,6
Antonio McDyess,George Hill,Manu Ginobili,Tim Duncan,Tony Parker,Al Harrington,Chris Duhon,Danilo Gallinari,David Lee,Jared Jeffries,1,4:00,NYK,rebound,,,,,,,,,,Jared Jeffries,,,,,,off,,
Antonio McDyess,George Hill,Manu Ginobili,Tim Duncan,Tony Parker,Al Harrington,Chris Duhon,Danilo Gallinari,David Lee,Jared Jeffries,1,3:58,NYK,shot,,,,,,,,,,Jared Jeffries,,,,missed,,layup,25,6
Antonio McDyess,George Hill,Manu Ginobili,Tim Duncan,Tony Parker,Al Harrington,Chris Duhon,Danilo Gallinari,David Lee,Jared Jeffries,1,3:56,SAS,rebound,,,,,,,,,,George Hill,,,,,,def,,
Antonio McDyess,George Hill,Manu Ginobili,Tim Duncan,Tony Parker,Al Harrington,Chris Duhon,Danilo Gallinari,David Lee,Jared Jeffries,1,3:47,SAS,shot,Manu Ginobili,,,,,,,,,Antonio McDyess,2,,,made,,jump,41,15
Antonio McDyess,George Hill,Manu Ginobili,Tim Duncan,Tony Parker,Al Harrington,Chris Duhon,Danilo Gallinari,David Lee,Jared Jeffries,1,3:31,NYK,shot,,,Tim Duncan,,,,,,,Jared Jeffries,,,,missed,,layup,25,6
Antonio McDyess,George Hill,Manu Ginobili,Tim Duncan,Tony Parker,Al Harrington,Chris Duhon,Danilo Gallinari,David Lee,Jared Jeffries,1,3:29,SAS,rebound,,,,,,,,,,Manu Ginobili,,,,,,def,,
Antonio McDyess,George Hill,Manu Ginobili,Tim Duncan,Tony Parker,Al Harrington,Chris Duhon,Danilo Gallinari,David Lee,Jared Jeffries,1,3:20,SAS,shot,,,,,,,,,,Manu Ginobili,,,,missed,,layup,25,6
Antonio McDyess,George Hill,Manu Ginobili,Tim Duncan,Tony Parker,Al Harrington,Chris Duhon,Danilo Gallinari,David Lee,Jared Jeffries,1,3:19,NYK,rebound,,,,,,,,,,Danilo Gallinari,,,,,,def,,
Antonio McDyess,George Hill,Manu Ginobili,Tim Duncan,Tony Parker,Al Harrington,Chris Duhon,Danilo Gallinari,David Lee,Jared Jeffries,1,3:14,SAS,violation,,,,,,,,,,Manu Ginobili,,,,,,kicked ball,,
Antonio McDyess,George Hill,Manu Ginobili,Roger Mason,Tim Duncan,Al Harrington,Chris Duhon,Danilo Gallinari,David Lee,Jared Jeffries,1,3:14,SAS,sub,,,,Roger Mason,,Tony Parker,,,,,,,,,,,,
Antonio McDyess,George Hill,Manu Ginobili,Roger Mason,Tim Duncan,Al Harrington,Danilo Gallinari,David Lee,Jared Jeffries,Larry Hughes,1,3:14,NYK,sub,,,,Larry Hughes,,Chris Duhon,,,,,,,,,,,,
Antonio McDyess,George Hill,Manu Ginobili,Roger Mason,Tim Duncan,Al Harrington,Danilo Gallinari,David Lee,Jared Jeffries,Larry Hughes,1,3:08,NYK,shot,,,,,,,,,,Al Harrington,,,,missed,,3pt,7,26
Antonio McDyess,George Hill,Manu Ginobili,Roger Mason,Tim Duncan,Al Harrington,Danilo Gallinari,David Lee,Jared Jeffries,Larry Hughes,1,3:07,SAS,rebound,,,,,,,,,,Roger Mason,,,,,,def,,
Antonio McDyess,George Hill,Manu Ginobili,Roger Mason,Tim Duncan,Al Harrington,Danilo Gallinari,David Lee,Jared Jeffries,Larry Hughes,1,2:59,SAS,shot,,,,,,,,,,Manu Ginobili,,,,missed,,layup,25,6
Antonio McDyess,George Hill,Manu Ginobili,Roger Mason,Tim Duncan,Al Harrington,Danilo Gallinari,David Lee,Jared Jeffries,Larry Hughes,1,2:57,SAS,rebound,,,,,,,,,,Manu Ginobili,,,,,,off,,
Antonio McDyess,George Hill,Manu Ginobili,Roger Mason,Tim Duncan,Al Harrington,Danilo Gallinari,David Lee,Jared Jeffries,Larry Hughes,1,2:43,SAS,shot,,,,,,,,,,Tim Duncan,2,,,made,,jump bank,37,10
Antonio McDyess,George Hill,Manu Ginobili,Roger Mason,Tim Duncan,Al Harrington,Danilo Gallinari,David Lee,Jared Jeffries,Larry Hughes,1,2:23,NYK,shot,Danilo Gallinari,,,,,,,,,Jared Jeffries,2,,,made,,driving layup,25,6
Antonio McDyess,George Hill,Manu Ginobili,Roger Mason,Tim Duncan,Al Harrington,Danilo Gallinari,David Lee,Jared Jeffries,Larry Hughes,1,2:07,SAS,shot,Manu Ginobili,,,,,,,,,Antonio McDyess,2,,,made,,jump,12,22
Antonio McDyess,George Hill,Manu Ginobili,Roger Mason,Tim Duncan,Al Harrington,Danilo Gallinari,David Lee,Jared Jeffries,Larry Hughes,1,1:52,NYK,shot,Larry Hughes,,,,,,,,,David Lee,2,,,made,,layup,25,6
Antonio McDyess,George Hill,Manu Ginobili,Roger Mason,Tim Duncan,Al Harrington,Danilo Gallinari,David Lee,Jared Jeffries,Larry Hughes,1,1:31,NYK,foul,,,,,,,,Tim Duncan,,Jared Jeffries,,,,,,personal,,
Antonio McDyess,George Hill,Manu Ginobili,Roger Mason,Tim Duncan,Al Harrington,Danilo Gallinari,David Lee,Jared Jeffries,Larry Hughes,1,1:31,NYK,timeout,,,,,,,,,,,,,,,,regular,,
Antonio McDyess,George Hill,Manu Ginobili,Roger Mason,Tim Duncan,Al Harrington,Danilo Gallinari,David Lee,Jonathan Bender,Larry Hughes,1,1:31,NYK,sub,,,,Jonathan Bender,,Jared Jeffries,,,,,,,,,,,,
Antonio McDyess,DeJuan Blair,George Hill,Manu Ginobili,Roger Mason,Al Harrington,Danilo Gallinari,David Lee,Jonathan Bender,Larry Hughes,1,1:31,SAS,sub,,,,DeJuan Blair,,Tim Duncan,,,,,,,,,,,,
Antonio McDyess,DeJuan Blair,George Hill,Manu Ginobili,Roger Mason,Al Harrington,Danilo Gallinari,David Lee,Jonathan Bender,Larry Hughes,1,1:19,SAS,shot,Roger Mason,,,,,,,,,George Hill,2,,,made,,jump,14,20
Antonio McDyess,DeJuan Blair,George Hill,Manu Ginobili,Roger Mason,Al Harrington,Danilo Gallinari,David Lee,Jonathan Bender,Larry Hughes,1,1:07,NYK,turnover,,,,,,,,,,Al Harrington,,,lost ball,,George Hill,,,
Antonio McDyess,DeJuan Blair,George Hill,Manu Ginobili,Roger Mason,Al Harrington,Danilo Gallinari,David Lee,Jonathan Bender,Larry Hughes,1,1:01,SAS,shot,,,,,,,,,,George Hill,2,,,made,,driving layup,25,6
Antonio McDyess,DeJuan Blair,George Hill,Manu Ginobili,Roger Mason,Al Harrington,Danilo Gallinari,David Lee,Jonathan Bender,Larry Hughes,1,0:44,NYK,shot,Danilo Gallinari,,,,,,,,,Al Harrington,2,,,made,,layup,25,6
Antonio McDyess,DeJuan Blair,George Hill,Manu Ginobili,Roger Mason,Al Harrington,Danilo Gallinari,David Lee,Jonathan Bender,Larry Hughes,1,0:30,SAS,shot,,,,,,,,,,DeJuan Blair,,,,missed,,jump,28,13
Antonio McDyess,DeJuan Blair,George Hill,Manu Ginobili,Roger Mason,Al Harrington,Danilo Gallinari,David Lee,Jonathan Bender,Larry Hughes,1,0:29,NYK,rebound,,,,,,,,,,David Lee,,,,,,def,,
Antonio McDyess,DeJuan Blair,George Hill,Manu Ginobili,Roger Mason,Al Harrington,Danilo Gallinari,David Lee,Jonathan Bender,Larry Hughes,1,0:19,NYK,turnover,,,,,,,,,,David Lee,,,lost ball,,Antonio McDyess,,,
Antonio McDyess,DeJuan Blair,George Hill,Manu Ginobili,Roger Mason,Al Harrington,Danilo Gallinari,David Lee,Jonathan Bender,Larry Hughes,1,0:00,SAS,shot,,,,,,,,,,Roger Mason,,,,missed,,3pt,11,27
Antonio McDyess,DeJuan Blair,George Hill,Manu Ginobili,Roger Mason,Al Harrington,Danilo Gallinari,David Lee,Jonathan Bender,Larry Hughes,1,0:00,NYK,rebound,,,,,,,,,,Larry Hughes,,,,,,def,,
Antonio McDyess,DeJuan Blair,George Hill,Manu Ginobili,Roger Mason,Al Harrington,Jared Jeffries,Jonathan Bender,Larry Hughes,Wilson Chandler,2,11:41,NYK,shot,Jared Jeffries,,,,,,,,,Al Harrington,2,,,made,,jump,37,21
Antonio McDyess,DeJuan Blair,George Hill,Manu Ginobili,Roger Mason,Al Harrington,Jared Jeffries,Jonathan Bender,Larry Hughes,Wilson Chandler,2,11:26,SAS,shot,Roger Mason,,,,,,,,,Antonio McDyess,2,,,made,,jump,7,7
Antonio McDyess,DeJuan Blair,George Hill,Manu Ginobili,Roger Mason,Al Harrington,Jared Jeffries,Jonathan Bender,Larry Hughes,Wilson Chandler,2,11:17,NYK,shot,,,,,,,,,,Jonathan Bender,,,,missed,,layup,25,6
Antonio McDyess,DeJuan Blair,George Hill,Manu Ginobili,Roger Mason,Al Harrington,Jared Jeffries,Jonathan Bender,Larry Hughes,Wilson Chandler,2,11:16,SAS,rebound,,,,,,,,,,,,,,,,,,
Antonio McDyess,DeJuan Blair,George Hill,Keith Bogans,Roger Mason,Al Harrington,Jared Jeffries,Jonathan Bender,Larry Hughes,Wilson Chandler,2,11:16,SAS,sub,,,,Keith Bogans,,Manu Ginobili,,,,,,,,,,,,
Antonio McDyess,DeJuan Blair,George Hill,Keith Bogans,Roger Mason,Al Harrington,Jared Jeffries,Jonathan Bender,Larry Hughes,Wilson Chandler,2,11:00,SAS,shot,Antonio McDyess,,,,,,,,,Roger Mason,2,,,made,,jump,13,23
Antonio McDyess,DeJuan Blair,George Hill,Keith Bogans,Roger Mason,Al Harrington,Jared Jeffries,Jonathan Bender,Larry Hughes,Wilson Chandler,2,10:52,NYK,shot,,,,,,,,,,Larry Hughes,,,,missed,,jump,21,27
Antonio McDyess,DeJuan Blair,George Hill,Keith Bogans,Roger Mason,Al Harrington,Jared Jeffries,Jonathan Bender,Larry Hughes,Wilson Chandler,2,10:51,SAS,rebound,,,,,,,,,,Antonio McDyess,,,,,,def,,
Antonio McDyess,DeJuan Blair,George Hill,Keith Bogans,Roger Mason,Al Harrington,Jared Jeffries,Jonathan Bender,Larry Hughes,Wilson Chandler,2,10:46,SAS,shot,,,,,,,,,,Roger Mason,3,,,made,,3pt,20,31
Antonio McDyess,DeJuan Blair,George Hill,Keith Bogans,Roger Mason,Al Harrington,Jared Jeffries,Jonathan Bender,Larry Hughes,Wilson Chandler,2,10:41,NYK,timeout,,,,,,,,,,,,,,,,regular,,
Antonio McDyess,DeJuan Blair,George Hill,Keith Bogans,Roger Mason,Al Harrington,Jared Jeffries,Jonathan Bender,Larry Hughes,Wilson Chandler,2,10:33,NYK,shot,,,DeJuan Blair,,,,,,,Larry Hughes,,,,missed,,layup,25,6
Antonio McDyess,DeJuan Blair,George Hill,Keith Bogans,Roger Mason,Al Harrington,Jared Jeffries,Jonathan Bender,Larry Hughes,Wilson Chandler,2,10:32,NYK,rebound,,,,,,,,,,,,,,,,,,
Antonio McDyess,DeJuan Blair,George Hill,Keith Bogans,Roger Mason,Al Harrington,Jared Jeffries,Jonathan Bender,Larry Hughes,Wilson Chandler,2,10:26,SAS,foul,,,,,,,,Al Harrington,,Antonio McDyess,,,,,,shooting,,
Antonio McDyess,DeJuan Blair,George Hill,Keith Bogans,Roger Mason,Al Harrington,Jared Jeffries,Jonathan Bender,Larry Hughes,Wilson Chandler,2,10:26,NYK,free throw,,,,,,,1,,2,Al Harrington,,,foul,made,,,,
Antonio McDyess,DeJuan Blair,George Hill,Keith Bogans,Roger Mason,Al Harrington,Jared Jeffries,Jonathan Bender,Larry Hughes,Wilson Chandler,2,10:26,NYK,free throw,,,,,,,2,,2,Al Harrington,,,foul,made,,,,
Antonio McDyess,DeJuan Blair,George Hill,Keith Bogans,Roger Mason,Al Harrington,Jared Jeffries,Jonathan Bender,Larry Hughes,Wilson Chandler,2,10:08,SAS,shot,George Hill,,,,,,,,,Roger Mason,2,,,made,,jump,43,14
Antonio McDyess,DeJuan Blair,George Hill,Keith Bogans,Roger Mason,Al Harrington,Jared Jeffries,Jonathan Bender,Larry Hughes,Wilson Chandler,2,9:48,NYK,shot,,,,,,,,,,Al Harrington,2,,,made,,driving layup,25,6
Antonio McDyess,DeJuan Blair,George Hill,Keith Bogans,Roger Mason,Al Harrington,Jared Jeffries,Jonathan Bender,Larry Hughes,Wilson Chandler,2,9:48,SAS,foul,,,,,,,,Al Harrington,,Antonio McDyess,,,,,,shooting,,
DeJuan Blair,George Hill,Keith Bogans,Richard Jefferson,Roger Mason,Al Harrington,Jared Jeffries,Jonathan Bender,Larry Hughes,Wilson Chandler,2,9:48,SAS,sub,,,,Richard Jefferson,,Antonio McDyess,,,,,,,,,,,,
DeJuan Blair,George Hill,Keith Bogans,Richard Jefferson,Roger Mason,Al Harrington,Jared Jeffries,Jonathan Bender,Larry Hughes,Wilson Chandler,2,9:48,NYK,free throw,,,,,,,1,,1,Al Harrington,,,foul,made,,,,
DeJuan Blair,George Hill,Keith Bogans,Richard Jefferson,Roger Mason,Al Harrington,Jared Jeffries,Jonathan Bender,Larry Hughes,Wilson Chandler,2,9:24,SAS,shot,,,Jared Jeffries,,,,,,,Richard Jefferson,,,,missed,,jump,36,24
DeJuan Blair,George Hill,Keith Bogans,Richard Jefferson,Roger Mason,Al Harrington,Jared Jeffries,Jonathan Bender,Larry Hughes,Wilson Chandler,2,9:24,SAS,rebound,,,,,,,,,,,,,,,,,,
DeJuan Blair,George Hill,Keith Bogans,Richard Jefferson,Roger Mason,Al Harrington,Jared Jeffries,Jonathan Bender,Larry Hughes,Wilson Chandler,2,9:24,SAS,turnover,,,,,,,,,,,,,shot clock turnover,,,,,
DeJuan Blair,George Hill,Keith Bogans,Richard Jefferson,Roger Mason,Al Harrington,Jared Jeffries,Jonathan Bender,Larry Hughes,Wilson Chandler,2,9:17,SAS,violation,,,,,,,,,,George Hill,,,,,,kicked ball,,
DeJuan Blair,George Hill,Keith Bogans,Richard Jefferson,Roger Mason,Al Harrington,Jared Jeffries,Jonathan Bender,Larry Hughes,Wilson Chandler,2,9:10,NYK,shot,,,,,,,,,,Larry Hughes,2,,,made,,floating jump,26,10
DeJuan Blair,George Hill,Keith Bogans,Richard Jefferson,Roger Mason,Al Harrington,Jared Jeffries,Jonathan Bender,Larry Hughes,Wilson Chandler,2,8:48,SAS,shot,,,,,,,,,,George Hill,2,,,made,,running jump,24,16
DeJuan Blair,George Hill,Keith Bogans,Richard Jefferson,Roger Mason,Al Harrington,Jared Jeffries,Jonathan Bender,Larry Hughes,Wilson Chandler,2,8:37,NYK,shot,,,,,,,,,,Larry Hughes,,,,missed,,jump,24,17
DeJuan Blair,George Hill,Keith Bogans,Richard Jefferson,Roger Mason,Al Harrington,Jared Jeffries,Jonathan Bender,Larry Hughes,Wilson Chandler,2,8:36,NYK,rebound,,,,,,,,,,Larry Hughes,,,,,,off,,
DeJuan Blair,George Hill,Keith Bogans,Richard Jefferson,Roger Mason,Al Harrington,Jared Jeffries,Jonathan Bender,Larry Hughes,Wilson Chandler,2,8:26,NYK,shot,,,,,,,,,,Larry Hughes,,,,missed,,3pt,11,28
DeJuan Blair,George Hill,Keith Bogans,Richard Jefferson,Roger Mason,Al Harrington,Jared Jeffries,Jonathan Bender,Larry Hughes,Wilson Chandler,2,8:25,SAS,rebound,,,,,,,,,,Richard Jefferson,,,,,,def,,
DeJuan Blair,George Hill,Keith Bogans,Richard Jefferson,Roger Mason,Al Harrington,Jared Jeffries,Jonathan Bender,Larry Hughes,Wilson Chandler,2,8:16,SAS,shot,Richard Jefferson,,,,,,,,,George Hill,2,,,made,,jump,44,4
DeJuan Blair,George Hill,Keith Bogans,Richard Jefferson,Roger Mason,Al Harrington,Jared Jeffries,Jonathan Bender,Larry Hughes,Wilson Chandler,2,7:53,NYK,shot,,,,,,,,,,Wilson Chandler,2,,,made,,floating jump,25,13
DeJuan Blair,George Hill,Keith Bogans,Richard Jefferson,Roger Mason,Al Harrington,Jared Jeffries,Jonathan Bender,Larry Hughes,Wilson Chandler,2,7:28,SAS,shot,,,,,,,,,,Richard Jefferson,,,,missed,,jump,10,12
DeJuan Blair,George Hill,Keith Bogans,Richard Jefferson,Roger Mason,Al Harrington,Jared Jeffries,Jonathan Bender,Larry Hughes,Wilson Chandler,2,7:27,SAS,rebound,,,,,,,,,,DeJuan Blair,,,,,,off,,
DeJuan Blair,George Hill,Keith Bogans,Richard Jefferson,Roger Mason,Al Harrington,Jared Jeffries,Jonathan Bender,Larry Hughes,Wilson Chandler,2,7:23,SAS,shot,,,,,,,,,,Roger Mason,,,,missed,,3pt,19,31
DeJuan Blair,George Hill,Keith Bogans,Richard Jefferson,Roger Mason,Al Harrington,Jared Jeffries,Jonathan Bender,Larry Hughes,Wilson Chandler,2,7:22,NYK,rebound,,,,,,,,,,Jonathan Bender,,,,,,def,,
DeJuan Blair,George Hill,Keith Bogans,Richard Jefferson,Roger Mason,Al Harrington,Jared Jeffries,Jonathan Bender,Larry Hughes,Wilson Chandler,2,7:13,NYK,shot,,,,,,,,,,Larry Hughes,,,,missed,,jump,8,18
DeJuan Blair,George Hill,Keith Bogans,Richard Jefferson,Roger Mason,Al Harrington,Jared Jeffries,Jonathan Bender,Larry Hughes,Wilson Chandler,2,7:12,SAS,rebound,,,,,,,,,,Roger Mason,,,,,,def,,
DeJuan Blair,George Hill,Keith Bogans,Richard Jefferson,Roger Mason,Al Harrington,Jared Jeffries,Jonathan Bender,Larry Hughes,Wilson Chandler,2,6:54,SAS,shot,,,,,,,,,,Keith Bogans,,,,missed,,3pt,8,25
DeJuan Blair,George Hill,Keith Bogans,Richard Jefferson,Roger Mason,Al Harrington,Jared Jeffries,Jonathan Bender,Larry Hughes,Wilson Chandler,2,6:53,NYK,rebound,,,,,,,,,,Larry Hughes,,,,,,def,,
DeJuan Blair,George Hill,Keith Bogans,Richard Jefferson,Roger Mason,Al Harrington,Jared Jeffries,Jonathan Bender,Larry Hughes,Wilson Chandler,2,6:40,NYK,shot,,,,,,,,,,Wilson Chandler,,,,missed,,jump,41,15
DeJuan Blair,George Hill,Keith Bogans,Richard Jefferson,Roger Mason,Al Harrington,Jared Jeffries,Jonathan Bender,Larry Hughes,Wilson Chandler,2,6:38,SAS,rebound,,,,,,,,,,George Hill,,,,,,def,,
DeJuan Blair,George Hill,Keith Bogans,Richard Jefferson,Roger Mason,Al Harrington,Jared Jeffries,Jonathan Bender,Larry Hughes,Wilson Chandler,2,6:22,SAS,timeout,,,,,,,,,,,,,,,,regular,,
DeJuan Blair,George Hill,Keith Bogans,Richard Jefferson,Roger Mason,Al Harrington,David Lee,Jonathan Bender,Larry Hughes,Wilson Chandler,2,6:22,NYK,sub,,,,David Lee,,Jared Jeffries,,,,,,,,,,,,
DeJuan Blair,George Hill,Keith Bogans,Richard Jefferson,Roger Mason,Al Harrington,Danilo Gallinari,David Lee,Jonathan Bender,Wilson Chandler,2,6:22,NYK,sub,,,,Danilo Gallinari,,Larry Hughes,,,,,,,,,,,,
DeJuan Blair,George Hill,Keith Bogans,Richard Jefferson,Roger Mason,Al Harrington,Chris Duhon,Danilo Gallinari,David Lee,Wilson Chandler,2,6:22,NYK,sub,,,,Chris Duhon,,Jonathan Bender,,,,,,,,,,,,
DeJuan Blair,Keith Bogans,Richard Jefferson,Roger Mason,Tony Parker,Al Harrington,Chris Duhon,Danilo Gallinari,David Lee,Wilson Chandler,2,6:22,SAS,sub,,,,Tony Parker,,George Hill,,,,,,,,,,,,
DeJuan Blair,Keith Bogans,Richard Jefferson,Roger Mason,Tony Parker,Al Harrington,Chris Duhon,Danilo Gallinari,David Lee,Wilson Chandler,2,6:20,SAS,shot,Richard Jefferson,,,,,,,,,DeJuan Blair,2,,,made,,jump hook,25,12
DeJuan Blair,Keith Bogans,Richard Jefferson,Roger Mason,Tony Parker,Al Harrington,Chris Duhon,Danilo Gallinari,David Lee,Wilson Chandler,2,6:05,NYK,shot,,,,,,,,,,Al Harrington,,,,missed,,layup,25,6
DeJuan Blair,Keith Bogans,Richard Jefferson,Roger Mason,Tony Parker,Al Harrington,Chris Duhon,Danilo Gallinari,David Lee,Wilson Chandler,2,6:04,SAS,rebound,,,,,,,,,,DeJuan Blair,,,,,,def,,
DeJuan Blair,Keith Bogans,Richard Jefferson,Roger Mason,Tony Parker,Al Harrington,Chris Duhon,Danilo Gallinari,David Lee,Wilson Chandler,2,5:50,NYK,foul,,,,,,,,Richard Jefferson,,Chris Duhon,,,,,,shooting,,
DeJuan Blair,Keith Bogans,Richard Jefferson,Roger Mason,Tony Parker,Al Harrington,Chris Duhon,Danilo Gallinari,David Lee,Wilson Chandler,2,5:50,SAS,free throw,,,,,,,1,,2,Richard Jefferson,,,foul,missed,,,,
DeJuan Blair,Keith Bogans,Richard Jefferson,Roger Mason,Tony Parker,Al Harrington,Chris Duhon,Danilo Gallinari,David Lee,Wilson Chandler,2,5:50,SAS,rebound,,,,,,,,,,,,,,,,,,
DeJuan Blair,Keith Bogans,Richard Jefferson,Roger Mason,Tony Parker,Al Harrington,Chris Duhon,Danilo Gallinari,David Lee,Wilson Chandler,2,5:50,SAS,free throw,,,,,,,2,,2,Richard Jefferson,,,foul,made,,,,
DeJuan Blair,Keith Bogans,Richard Jefferson,Roger Mason,Tony Parker,Al Harrington,Chris Duhon,Danilo Gallinari,David Lee,Wilson Chandler,2,5:39,NYK,shot,,,,,,,,,,Chris Duhon,,,,missed,,layup,25,6
DeJuan Blair,Keith Bogans,Richard Jefferson,Roger Mason,Tony Parker,Al Harrington,Chris Duhon,Danilo Gallinari,David Lee,Wilson Chandler,2,5:38,NYK,rebound,,,,,,,,,,,,,,,,,,
DeJuan Blair,Manu Ginobili,Richard Jefferson,Roger Mason,Tony Parker,Al Harrington,Chris Duhon,Danilo Gallinari,David Lee,Wilson Chandler,2,5:38,SAS,sub,,,,Manu Ginobili,,Keith Bogans,,,,,,,,,,,,
DeJuan Blair,Manu Ginobili,Richard Jefferson,Roger Mason,Tony Parker,Al Harrington,Chris Duhon,Danilo Gallinari,David Lee,Wilson Chandler,2,5:34,NYK,shot,,,,,,,,,,Chris Duhon,,,,missed,,3pt,0,7
DeJuan Blair,Manu Ginobili,Richard Jefferson,Roger Mason,Tony Parker,Al Harrington,Chris Duhon,Danilo Gallinari,David Lee,Wilson Chandler,2,5:33,SAS,rebound,,,,,,,,,,,,,,,,,,
DeJuan Blair,Manu Ginobili,Richard Jefferson,Roger Mason,Tony Parker,Al Harrington,Chris Duhon,Danilo Gallinari,David Lee,Wilson Chandler,2,5:22,SAS,shot,DeJuan Blair,,,,,,,,,Tony Parker,2,,,made,,layup,25,6
DeJuan Blair,Manu Ginobili,Richard Jefferson,Roger Mason,Tony Parker,Al Harrington,Chris Duhon,Danilo Gallinari,David Lee,Wilson Chandler,2,5:05,NYK,shot,Chris Duhon,,,,,,,,,David Lee,2,,,made,,reverse layup,25,6
DeJuan Blair,Manu Ginobili,Richard Jefferson,Roger Mason,Tony Parker,Al Harrington,Chris Duhon,Danilo Gallinari,David Lee,Wilson Chandler,2,4:48,SAS,shot,,,,,,,,,,Manu Ginobili,,,,missed,,3pt,47,21
DeJuan Blair,Manu Ginobili,Richard Jefferson,Roger Mason,Tony Parker,Al Harrington,Chris Duhon,Danilo Gallinari,David Lee,Wilson Chandler,2,4:46,NYK,rebound,,,,,,,,,,David Lee,,,,,,def,,
DeJuan Blair,Manu Ginobili,Richard Jefferson,Roger Mason,Tony Parker,Al Harrington,Chris Duhon,Danilo Gallinari,David Lee,Wilson Chandler,2,4:38,NYK,shot,David Lee,,,,,,,,,Al Harrington,2,,,made,,jump bank,13,9
DeJuan Blair,Manu Ginobili,Richard Jefferson,Roger Mason,Tony Parker,Al Harrington,Chris Duhon,Danilo Gallinari,David Lee,Wilson Chandler,2,4:21,SAS,shot,,,,,,,,,,Roger Mason,,,,missed,,3pt,41,27
DeJuan Blair,Manu Ginobili,Richard Jefferson,Roger Mason,Tony Parker,Al Harrington,Chris Duhon,Danilo Gallinari,David Lee,Wilson Chandler,2,4:20,NYK,rebound,,,,,,,,,,David Lee,,,,,,def,,
DeJuan Blair,Manu Ginobili,Richard Jefferson,Roger Mason,Tony Parker,Al Harrington,Chris Duhon,Danilo Gallinari,David Lee,Wilson Chandler,2,4:15,NYK,turnover,,,,,,,,,,David Lee,,,bad pass,,Manu Ginobili,,,
DeJuan Blair,Manu Ginobili,Richard Jefferson,Roger Mason,Tony Parker,Al Harrington,Chris Duhon,Danilo Gallinari,David Lee,Wilson Chandler,2,4:11,SAS,shot,Manu Ginobili,,,,,,,,,DeJuan Blair,2,,,made,,slam dunk,25,6
DeJuan Blair,Manu Ginobili,Richard Jefferson,Roger Mason,Tony Parker,Al Harrington,Chris Duhon,Danilo Gallinari,David Lee,Wilson Chandler,2,3:54,NYK,shot,,,,,,,,,,Wilson Chandler,,,,missed,,jump,25,1
DeJuan Blair,Manu Ginobili,Richard Jefferson,Roger Mason,Tony Parker,Al Harrington,Chris Duhon,Danilo Gallinari,David Lee,Wilson Chandler,2,3:53,SAS,rebound,,,,,,,,,,Richard Jefferson,,,,,,def,,
DeJuan Blair,Manu Ginobili,Richard Jefferson,Roger Mason,Tony Parker,Al Harrington,Chris Duhon,Danilo Gallinari,David Lee,Wilson Chandler,2,3:42,SAS,turnover,,,,,,,,,,Tony Parker,,,lost ball,,David Lee,,,
DeJuan Blair,Manu Ginobili,Richard Jefferson,Roger Mason,Tony Parker,Al Harrington,Chris Duhon,Danilo Gallinari,David Lee,Wilson Chandler,2,3:35,NYK,shot,Danilo Gallinari,,,,,,,,,Wilson Chandler,2,,,made,,slam dunk,25,6
DeJuan Blair,Manu Ginobili,Richard Jefferson,Roger Mason,Tony Parker,Al Harrington,Chris Duhon,Danilo Gallinari,David Lee,Wilson Chandler,2,3:16,SAS,turnover,,,,,,,,,,DeJuan Blair,,,bad pass,,Wilson Chandler,,,
DeJuan Blair,Manu Ginobili,Richard Jefferson,Roger Mason,Tony Parker,Al Harrington,Chris Duhon,Danilo Gallinari,David Lee,Wilson Chandler,2,3:10,SAS,foul,,,,,,,,Al Harrington,,Richard Jefferson,,,,,,personal,,
Manu Ginobili,Richard Jefferson,Roger Mason,Tim Duncan,Tony Parker,Al Harrington,Chris Duhon,Danilo Gallinari,David Lee,Wilson Chandler,2,3:10,SAS,sub,,,,Tim Duncan,,DeJuan Blair,,,,,,,,,,,,
Manu Ginobili,Richard Jefferson,Roger Mason,Tim Duncan,Tony Parker,Chris Duhon,Danilo Gallinari,David Lee,Jared Jeffries,Wilson Chandler,2,3:10,NYK,sub,,,,Jared Jeffries,,Al Harrington,,,,,,,,,,,,
Keith Bogans,Manu Ginobili,Roger Mason,Tim Duncan,Tony Parker,Chris Duhon,Danilo Gallinari,David Lee,Jared Jeffries,Wilson Chandler,2,3:10,SAS,sub,,,,Keith Bogans,,Richard Jefferson,,,,,,,,,,,,
George Hill,Keith Bogans,Manu Ginobili,Tim Duncan,Tony Parker,Chris Duhon,Danilo Gallinari,David Lee,Jared Jeffries,Wilson Chandler,2,3:10,SAS,sub,,,,George Hill,,Roger Mason,,,,,,,,,,,,
George Hill,Keith Bogans,Manu Ginobili,Tim Duncan,Tony Parker,Chris Duhon,Danilo Gallinari,David Lee,Jared Jeffries,Wilson Chandler,2,3:03,NYK,shot,Chris Duhon,,,,,,,,,David Lee,2,,,made,,jump,15,24
George Hill,Keith Bogans,Manu Ginobili,Tim Duncan,Tony Parker,Chris Duhon,Danilo Gallinari,David Lee,Jared Jeffries,Wilson Chandler,2,2:47,NYK,foul,,,,,,,,Tony Parker,,Danilo Gallinari,,,,,,shooting,,
George Hill,Keith Bogans,Manu Ginobili,Tim Duncan,Tony Parker,Chris Duhon,Danilo Gallinari,David Lee,Jared Jeffries,Wilson Chandler,2,2:47,SAS,timeout,,,,,,,,,,,,,,,,official,,
Antonio McDyess,George Hill,Manu Ginobili,Tim Duncan,Tony Parker,Chris Duhon,Danilo Gallinari,David Lee,Jared Jeffries,Wilson Chandler,2,2:47,SAS,sub,,,,Antonio McDyess,,Keith Bogans,,,,,,,,,,,,
Antonio McDyess,George Hill,Manu Ginobili,Tim Duncan,Tony Parker,Chris Duhon,Danilo Gallinari,David Lee,Jared Jeffries,Wilson Chandler,2,2:47,SAS,free throw,,,,,,,1,,2,Tony Parker,,,foul,missed,,,,
Antonio McDyess,George Hill,Manu Ginobili,Tim Duncan,Tony Parker,Chris Duhon,Danilo Gallinari,David Lee,Jared Jeffries,Wilson Chandler,2,2:47,SAS,rebound,,,,,,,,,,,,,,,,,,
Antonio McDyess,George Hill,Manu Ginobili,Tim Duncan,Tony Parker,Chris Duhon,Danilo Gallinari,David Lee,Jared Jeffries,Wilson Chandler,2,2:47,SAS,free throw,,,,,,,2,,2,Tony Parker,,,foul,made,,,,
Antonio McDyess,George Hill,Manu Ginobili,Tim Duncan,Tony Parker,Chris Duhon,Danilo Gallinari,David Lee,Jared Jeffries,Wilson Chandler,2,2:34,NYK,shot,,,,,,,,,,Danilo Gallinari,2,,,made,,jump,10,18
Antonio McDyess,George Hill,Manu Ginobili,Tim Duncan,Tony Parker,Chris Duhon,Danilo Gallinari,David Lee,Jared Jeffries,Wilson Chandler,2,2:21,SAS,shot,Antonio McDyess,,,,,,,,,Tim Duncan,2,,,made,,jump hook,24,11
Antonio McDyess,George Hill,Manu Ginobili,Tim Duncan,Tony Parker,Chris Duhon,Danilo Gallinari,David Lee,Jared Jeffries,Wilson Chandler,2,1:56,NYK,shot,,,,,,,,,,Jared Jeffries,,,,missed,,layup,25,6
Antonio McDyess,George Hill,Manu Ginobili,Tim Duncan,Tony Parker,Chris Duhon,Danilo Gallinari,David Lee,Jared Jeffries,Wilson Chandler,2,1:55,SAS,rebound,,,,,,,,,,Antonio McDyess,,,,,,def,,
Antonio McDyess,George Hill,Manu Ginobili,Tim Duncan,Tony Parker,Chris Duhon,Danilo Gallinari,David Lee,Jared Jeffries,Wilson Chandler,2,1:51,SAS,shot,Tony Parker,,,,,,,,,Manu Ginobili,2,,,made,,driving layup,25,6
Antonio McDyess,George Hill,Manu Ginobili,Tim Duncan,Tony Parker,Chris Duhon,Danilo Gallinari,David Lee,Jared Jeffries,Wilson Chandler,2,1:35,SAS,foul,,,,,,,,David Lee,,Tim Duncan,,,,,,shooting,,
Antonio McDyess,George Hill,Manu Ginobili,Tim Duncan,Tony Parker,Chris Duhon,Danilo Gallinari,David Lee,Jared Jeffries,Wilson Chandler,2,1:35,NYK,free throw,,,,,,,1,,2,David Lee,,,foul,made,,,,
Antonio McDyess,George Hill,Manu Ginobili,Tim Duncan,Tony Parker,Chris Duhon,Danilo Gallinari,David Lee,Jared Jeffries,Wilson Chandler,2,1:35,NYK,free throw,,,,,,,2,,2,David Lee,,,foul,made,,,,
Antonio McDyess,George Hill,Manu Ginobili,Tim Duncan,Tony Parker,Chris Duhon,Danilo Gallinari,David Lee,Jared Jeffries,Wilson Chandler,2,1:21,SAS,shot,,,,,,,,,,George Hill,,,,missed,,jump,35,22
Antonio McDyess,George Hill,Manu Ginobili,Tim Duncan,Tony Parker,Chris Duhon,Danilo Gallinari,David Lee,Jared Jeffries,Wilson Chandler,2,1:20,SAS,rebound,,,,,,,,,,Antonio McDyess,,,,,,off,,
Antonio McDyess,George Hill,Manu Ginobili,Tim Duncan,Tony Parker,Chris Duhon,Danilo Gallinari,David Lee,Jared Jeffries,Wilson Chandler,2,1:09,SAS,turnover,,,,,,,,,,Tim Duncan,,,out of bounds lost ball turnover,,,,,
Antonio McDyess,George Hill,Manu Ginobili,Tim Duncan,Tony Parker,Chris Duhon,Danilo Gallinari,David Lee,Jared Jeffries,Wilson Chandler,2,0:53,NYK,shot,,,,,,,,,,Danilo Gallinari,,,,missed,,layup,25,6
Antonio McDyess,George Hill,Manu Ginobili,Tim Duncan,Tony Parker,Chris Duhon,Danilo Gallinari,David Lee,Jared Jeffries,Wilson Chandler,2,0:52,SAS,rebound,,,,,,,,,,Tim Duncan,,,,,,def,,
Antonio McDyess,George Hill,Manu Ginobili,Tim Duncan,Tony Parker,Chris Duhon,Danilo Gallinari,David Lee,Jared Jeffries,Wilson Chandler,2,0:48,SAS,shot,,,,,,,,,,Tony Parker,2,,,made,,running layup,25,6
DeJuan Blair,George Hill,Manu Ginobili,Tim Duncan,Tony Parker,Chris Duhon,Danilo Gallinari,David Lee,Jared Jeffries,Wilson Chandler,2,0:37,SAS,sub,,,,DeJuan Blair,,Antonio McDyess,,,,,,,,,,,,
DeJuan Blair,George Hill,Manu Ginobili,Tim Duncan,Tony Parker,Chris Duhon,Danilo Gallinari,David Lee,Jared Jeffries,Wilson Chandler,2,0:37,NYK,timeout,,,,,,,,,,,,,,,,short,,
Antonio McDyess,DeJuan Blair,George Hill,Manu Ginobili,Tony Parker,Chris Duhon,Danilo Gallinari,David Lee,Jared Jeffries,Wilson Chandler,2,0:37,SAS,sub,,,,Antonio McDyess,,Tim Duncan,,,,,,,,,,,,
Antonio McDyess,DeJuan Blair,George Hill,Manu Ginobili,Tony Parker,Chris Duhon,Danilo Gallinari,David Lee,Jared Jeffries,Wilson Chandler,2,0:35,NYK,shot,Chris Duhon,,,,,,,,,Wilson Chandler,2,,,made,,layup,25,6
Antonio McDyess,DeJuan Blair,George Hill,Manu Ginobili,Tony Parker,Chris Duhon,Danilo Gallinari,David Lee,Jared Jeffries,Wilson Chandler,2,0:23,SAS,shot,,,,,,,,,,Tony Parker,2,,,made,,jump,21,10
Antonio McDyess,DeJuan Blair,George Hill,Manu Ginobili,Tony Parker,Chris Duhon,Danilo Gallinari,David Lee,Jared Jeffries,Wilson Chandler,2,0:03,NYK,shot,,,,,,,,,,Jared Jeffries,,,,missed,,3pt,39,27
Antonio McDyess,DeJuan Blair,George Hill,Manu Ginobili,Tony Parker,Chris Duhon,Danilo Gallinari,David Lee,Jared Jeffries,Wilson Chandler,2,0:03,SAS,rebound,,,,,,,,,,Antonio McDyess,,,,,,def,,
Antonio McDyess,DeJuan Blair,George Hill,Manu Ginobili,Tony Parker,Chris Duhon,Danilo Gallinari,David Lee,Jared Jeffries,Wilson Chandler,2,0:01,SAS,turnover,,,,,,,,,,Antonio McDyess,,,bad pass,,Chris Duhon,,,
Antonio McDyess,DeJuan Blair,George Hill,Manu Ginobili,Tony Parker,Chris Duhon,Danilo Gallinari,David Lee,Jared Jeffries,Wilson Chandler,2,0:00,NYK,shot,,,,,,,,,,David Lee,2,,,made,,finger roll layup,25,6
DeJuan Blair,Keith Bogans,Richard Jefferson,Tim Duncan,Tony Parker,Chris Duhon,Danilo Gallinari,David Lee,Jared Jeffries,Wilson Chandler,3,11:41,NYK,shot,,,,,,,,,,Wilson Chandler,2,,,made,,jump,38,7
DeJuan Blair,Keith Bogans,Richard Jefferson,Tim Duncan,Tony Parker,Chris Duhon,Danilo Gallinari,David Lee,Jared Jeffries,Wilson Chandler,3,11:25,SAS,shot,,,,,,,,,,Tony Parker,,,,missed,,jump,43,8
DeJuan Blair,Keith Bogans,Richard Jefferson,Tim Duncan,Tony Parker,Chris Duhon,Danilo Gallinari,David Lee,Jared Jeffries,Wilson Chandler,3,11:24,NYK,rebound,,,,,,,,,,Jared Jeffries,,,,,,def,,
DeJuan Blair,Keith Bogans,Richard Jefferson,Tim Duncan,Tony Parker,Chris Duhon,Danilo Gallinari,David Lee,Jared Jeffries,Wilson Chandler,3,11:15,NYK,turnover,,,,,,,,,,David Lee,,,poss lost ball turnover,,Richard Jefferson,,,
DeJuan Blair,Keith Bogans,Richard Jefferson,Tim Duncan,Tony Parker,Chris Duhon,Danilo Gallinari,David Lee,Jared Jeffries,Wilson Chandler,3,11:09,SAS,turnover,,,,,,,,,,Richard Jefferson,,,bad pass,,,,,
DeJuan Blair,Keith Bogans,Richard Jefferson,Tim Duncan,Tony Parker,Chris Duhon,Danilo Gallinari,David Lee,Jared Jeffries,Wilson Chandler,3,10:48,NYK,shot,,,,,,,,,,David Lee,,,,missed,,jump,9,9
DeJuan Blair,Keith Bogans,Richard Jefferson,Tim Duncan,Tony Parker,Chris Duhon,Danilo Gallinari,David Lee,Jared Jeffries,Wilson Chandler,3,10:46,SAS,rebound,,,,,,,,,,Tony Parker,,,,,,def,,
DeJuan Blair,Keith Bogans,Richard Jefferson,Tim Duncan,Tony Parker,Chris Duhon,Danilo Gallinari,David Lee,Jared Jeffries,Wilson Chandler,3,10:36,SAS,shot,Keith Bogans,,,,,,,,,Tim Duncan,2,,,made,,layup,25,6
DeJuan Blair,Keith Bogans,Richard Jefferson,Tim Duncan,Tony Parker,Chris Duhon,Danilo Gallinari,David Lee,Jared Jeffries,Wilson Chandler,3,10:22,NYK,shot,,,,,,,,,,Wilson Chandler,,,,missed,,jump,28,26
DeJuan Blair,Keith Bogans,Richard Jefferson,Tim Duncan,Tony Parker,Chris Duhon,Danilo Gallinari,David Lee,Jared Jeffries,Wilson Chandler,3,10:21,SAS,rebound,,,,,,,,,,Tim Duncan,,,,,,def,,
DeJuan Blair,Keith Bogans,Richard Jefferson,Tim Duncan,Tony Parker,Chris Duhon,Danilo Gallinari,David Lee,Jared Jeffries,Wilson Chandler,3,10:19,NYK,foul,,,,,,,,Tim Duncan,,David Lee,,,,,,personal,,
DeJuan Blair,Keith Bogans,Richard Jefferson,Tim Duncan,Tony Parker,Chris Duhon,Danilo Gallinari,David Lee,Jared Jeffries,Wilson Chandler,3,9:57,SAS,shot,,,,,,,,,,Richard Jefferson,2,,,made,,jump,9,14
DeJuan Blair,Keith Bogans,Richard Jefferson,Tim Duncan,Tony Parker,Chris Duhon,Danilo Gallinari,David Lee,Jared Jeffries,Wilson Chandler,3,9:39,NYK,shot,,,,,,,,,,Jared Jeffries,,,,missed,,jump,44,6
DeJuan Blair,Keith Bogans,Richard Jefferson,Tim Duncan,Tony Parker,Chris Duhon,Danilo Gallinari,David Lee,Jared Jeffries,Wilson Chandler,3,9:38,SAS,rebound,,,,,,,,,,Keith Bogans,,,,,,def,,
DeJuan Blair,Keith Bogans,Richard Jefferson,Tim Duncan,Tony Parker,Chris Duhon,Danilo Gallinari,David Lee,Jared Jeffries,Wilson Chandler,3,9:29,SAS,shot,Tony Parker,,,,,,,,,Richard Jefferson,3,,,made,,3pt,1,7
DeJuan Blair,Keith Bogans,Richard Jefferson,Tim Duncan,Tony Parker,Chris Duhon,Danilo Gallinari,David Lee,Jared Jeffries,Wilson Chandler,3,9:08,NYK,shot,,,DeJuan Blair,,,,,,,Jared Jeffries,,,,missed,,layup,25,6
DeJuan Blair,Keith Bogans,Richard Jefferson,Tim Duncan,Tony Parker,Chris Duhon,Danilo Gallinari,David Lee,Jared Jeffries,Wilson Chandler,3,9:07,SAS,rebound,,,,,,,,,,DeJuan Blair,,,,,,def,,
DeJuan Blair,Keith Bogans,Richard Jefferson,Tim Duncan,Tony Parker,Chris Duhon,Danilo Gallinari,David Lee,Jared Jeffries,Wilson Chandler,3,9:00,SAS,shot,Keith Bogans,,,,,,,,,Tony Parker,2,,,made,,jump,36,25
DeJuan Blair,Keith Bogans,Richard Jefferson,Tim Duncan,Tony Parker,Chris Duhon,Danilo Gallinari,David Lee,Jared Jeffries,Wilson Chandler,3,9:00,NYK,timeout,,,,,,,,,,,,,,,,regular,,
DeJuan Blair,Keith Bogans,Richard Jefferson,Tim Duncan,Tony Parker,Chris Duhon,Danilo Gallinari,David Lee,Jared Jeffries,Wilson Chandler,3,8:51,NYK,shot,Chris Duhon,,,,,,,,,David Lee,2,,,made,,jump,41,15
DeJuan Blair,Keith Bogans,Richard Jefferson,Tim Duncan,Tony Parker,Chris Duhon,Danilo Gallinari,David Lee,Jared Jeffries,Wilson Chandler,3,8:36,SAS,turnover,,,,,,,,,,Tim Duncan,,,lost ball,,Danilo Gallinari,,,
DeJuan Blair,Keith Bogans,Richard Jefferson,Tim Duncan,Tony Parker,Chris Duhon,Danilo Gallinari,David Lee,Jared Jeffries,Wilson Chandler,3,8:32,NYK,shot,,,,,,,,,,Danilo Gallinari,2,,,made,,driving dunk,25,6
DeJuan Blair,Keith Bogans,Richard Jefferson,Tim Duncan,Tony Parker,Chris Duhon,Danilo Gallinari,David Lee,Jared Jeffries,Wilson Chandler,3,8:06,SAS,turnover,,,,,,,,,,,,,shot clock turnover,,,,,
DeJuan Blair,Keith Bogans,Richard Jefferson,Tim Duncan,Tony Parker,Chris Duhon,Danilo Gallinari,David Lee,Jared Jeffries,Wilson Chandler,3,7:53,NYK,foul,,,,,,,,Keith Bogans,,David Lee,,,,,,offensive,,
DeJuan Blair,Keith Bogans,Richard Jefferson,Tim Duncan,Tony Parker,Chris Duhon,Danilo Gallinari,David Lee,Jared Jeffries,Wilson Chandler,3,7:53,NYK,turnover,,,,,,,,,,David Lee,,,foul,,,,,
DeJuan Blair,Keith Bogans,Richard Jefferson,Tim Duncan,Tony Parker,Chris Duhon,Danilo Gallinari,David Lee,Jared Jeffries,Wilson Chandler,3,7:33,SAS,shot,Richard Jefferson,,,,,,,,,Tony Parker,2,,,made,,jump,10,17
DeJuan Blair,Keith Bogans,Richard Jefferson,Tim Duncan,Tony Parker,Chris Duhon,Danilo Gallinari,David Lee,Jared Jeffries,Wilson Chandler,3,7:12,NYK,turnover,,,,,,,,,,Danilo Gallinari,,,bad pass,,DeJuan Blair,,,
DeJuan Blair,Keith Bogans,Richard Jefferson,Tim Duncan,Tony Parker,Chris Duhon,Danilo Gallinari,David Lee,Jared Jeffries,Wilson Chandler,3,6:53,SAS,shot,,,,,,,,,,Tony Parker,,,,missed,,jump,28,25
DeJuan Blair,Keith Bogans,Richard Jefferson,Tim Duncan,Tony Parker,Chris Duhon,Danilo Gallinari,David Lee,Jared Jeffries,Wilson Chandler,3,6:52,NYK,rebound,,,,,,,,,,Wilson Chandler,,,,,,def,,
DeJuan Blair,Keith Bogans,Richard Jefferson,Tim Duncan,Tony Parker,Chris Duhon,Danilo Gallinari,David Lee,Jared Jeffries,Wilson Chandler,3,6:44,NYK,shot,,,,,,,,,,Chris Duhon,2,,,made,,floating jump,27,13
DeJuan Blair,Keith Bogans,Richard Jefferson,Tim Duncan,Tony Parker,Chris Duhon,Danilo Gallinari,David Lee,Jared Jeffries,Wilson Chandler,3,6:21,SAS,shot,,,,,,,,,,DeJuan Blair,,,,missed,,layup,25,6
DeJuan Blair,Keith Bogans,Richard Jefferson,Tim Duncan,Tony Parker,Chris Duhon,Danilo Gallinari,David Lee,Jared Jeffries,Wilson Chandler,3,6:20,NYK,rebound,,,,,,,,,,Jared Jeffries,,,,,,def,,
DeJuan Blair,Keith Bogans,Richard Jefferson,Tim Duncan,Tony Parker,Chris Duhon,Danilo Gallinari,David Lee,Jared Jeffries,Wilson Chandler,3,6:12,SAS,foul,,,,,,,,Danilo Gallinari,,Richard Jefferson,,,,,,shooting,,
DeJuan Blair,Keith Bogans,Richard Jefferson,Tim Duncan,Tony Parker,Chris Duhon,Danilo Gallinari,David Lee,Jared Jeffries,Wilson Chandler,3,6:12,NYK,free throw,,,,,,,1,,3,Danilo Gallinari,,,foul,made,,,,
DeJuan Blair,Keith Bogans,Manu Ginobili,Tim Duncan,Tony Parker,Chris Duhon,Danilo Gallinari,David Lee,Jared Jeffries,Wilson Chandler,3,6:12,SAS,sub,,,,Manu Ginobili,,Richard Jefferson,,,,,,,,,,,,
DeJuan Blair,Keith Bogans,Manu Ginobili,Tim Duncan,Tony Parker,Chris Duhon,Danilo Gallinari,David Lee,Jared Jeffries,Wilson Chandler,3,6:12,NYK,free throw,,,,,,,2,,3,Danilo Gallinari,,,foul,made,,,,
DeJuan Blair,Keith Bogans,Manu Ginobili,Tim Duncan,Tony Parker,Chris Duhon,Danilo Gallinari,David Lee,Jared Jeffries,Wilson Chandler,3,6:12,NYK,free throw,,,,,,,3,,3,Danilo Gallinari,,,foul,made,,,,
DeJuan Blair,Keith Bogans,Manu Ginobili,Tim Duncan,Tony Parker,Chris Duhon,Danilo Gallinari,David Lee,Jared Jeffries,Wilson Chandler,3,5:57,SAS,shot,,,,,,,,,,DeJuan Blair,,,,missed,,layup,25,6
DeJuan Blair,Keith Bogans,Manu Ginobili,Tim Duncan,Tony Parker,Chris Duhon,Danilo Gallinari,David Lee,Jared Jeffries,Wilson Chandler,3,5:56,SAS,rebound,,,,,,,,,,DeJuan Blair,,,,,,off,,
DeJuan Blair,Keith Bogans,Manu Ginobili,Tim Duncan,Tony Parker,Chris Duhon,Danilo Gallinari,David Lee,Jared Jeffries,Wilson Chandler,3,5:56,SAS,shot,,,,,,,,,,DeJuan Blair,,,,missed,,tip,25,6
DeJuan Blair,Keith Bogans,Manu Ginobili,Tim Duncan,Tony Parker,Chris Duhon,Danilo Gallinari,David Lee,Jared Jeffries,Wilson Chandler,3,5:55,SAS,rebound,,,,,,,,,,DeJuan Blair,,,,,,off,,
DeJuan Blair,Keith Bogans,Manu Ginobili,Tim Duncan,Tony Parker,Chris Duhon,Danilo Gallinari,David Lee,Jared Jeffries,Wilson Chandler,3,5:54,SAS,shot,,,David Lee,,,,,,,DeJuan Blair,,,,missed,,layup,25,6
DeJuan Blair,Keith Bogans,Manu Ginobili,Tim Duncan,Tony Parker,Chris Duhon,Danilo Gallinari,David Lee,Jared Jeffries,Wilson Chandler,3,5:53,NYK,rebound,,,,,,,,,,,,,,,,,,
DeJuan Blair,Keith Bogans,Manu Ginobili,Tim Duncan,Tony Parker,Chris Duhon,Danilo Gallinari,David Lee,Jared Jeffries,Wilson Chandler,3,5:53,SAS,foul,,,,,,,,David Lee,,DeJuan Blair,,,,,,personal,,
DeJuan Blair,Keith Bogans,Manu Ginobili,Tim Duncan,Tony Parker,Chris Duhon,Danilo Gallinari,David Lee,Jared Jeffries,Wilson Chandler,3,5:43,SAS,foul,,,,,,,,Danilo Gallinari,,Keith Bogans,,,,,,shooting,,
DeJuan Blair,Keith Bogans,Manu Ginobili,Tim Duncan,Tony Parker,Chris Duhon,Danilo Gallinari,David Lee,Jared Jeffries,Wilson Chandler,3,5:43,NYK,free throw,,,,,,,1,,2,Danilo Gallinari,,,foul,made,,,,
DeJuan Blair,Keith Bogans,Manu Ginobili,Tim Duncan,Tony Parker,Chris Duhon,Danilo Gallinari,David Lee,Jared Jeffries,Wilson Chandler,3,5:43,NYK,free throw,,,,,,,2,,2,Danilo Gallinari,,,foul,made,,,,
DeJuan Blair,Keith Bogans,Manu Ginobili,Tim Duncan,Tony Parker,Chris Duhon,Danilo Gallinari,David Lee,Jared Jeffries,Wilson Chandler,3,5:28,NYK,foul,,,,,,,,Tim Duncan,,Danilo Gallinari,,,,,,personal,,
DeJuan Blair,Keith Bogans,Manu Ginobili,Tim Duncan,Tony Parker,Al Harrington,Chris Duhon,Danilo Gallinari,David Lee,Jared Jeffries,3,5:28,NYK,sub,,,,Al Harrington,,Wilson Chandler,,,,,,,,,,,,
Antonio McDyess,Keith Bogans,Manu Ginobili,Tim Duncan,Tony Parker,Al Harrington,Chris Duhon,Danilo Gallinari,David Lee,Jared Jeffries,3,5:28,SAS,sub,,,,Antonio McDyess,,DeJuan Blair,,,,,,,,,,,,
Antonio McDyess,Keith Bogans,Manu Ginobili,Tim Duncan,Tony Parker,Al Harrington,Chris Duhon,Danilo Gallinari,David Lee,Jared Jeffries,3,5:20,SAS,shot,,,,,,,,,,Manu Ginobili,,,,missed,,layup,25,6
Antonio McDyess,Keith Bogans,Manu Ginobili,Tim Duncan,Tony Parker,Al Harrington,Chris Duhon,Danilo Gallinari,David Lee,Jared Jeffries,3,5:19,NYK,rebound,,,,,,,,,,David Lee,,,,,,def,,
Antonio McDyess,Keith Bogans,Manu Ginobili,Tim Duncan,Tony Parker,Al Harrington,Chris Duhon,Danilo Gallinari,David Lee,Jared Jeffries,3,4:58,NYK,shot,,,,,,,,,,Chris Duhon,,,,missed,,3pt,30,34
Antonio McDyess,Keith Bogans,Manu Ginobili,Tim Duncan,Tony Parker,Al Harrington,Chris Duhon,Danilo Gallinari,David Lee,Jared Jeffries,3,4:57,SAS,rebound,,,,,,,,,,Keith Bogans,,,,,,def,,
Antonio McDyess,Keith Bogans,Manu Ginobili,Tim Duncan,Tony Parker,Al Harrington,Chris Duhon,Danilo Gallinari,David Lee,Jared Jeffries,3,4:39,SAS,shot,,,,,,,,,,Tim Duncan,,,,missed,,jump,29,24
Antonio McDyess,Keith Bogans,Manu Ginobili,Tim Duncan,Tony Parker,Al Harrington,Chris Duhon,Danilo Gallinari,David Lee,Jared Jeffries,3,4:38,SAS,rebound,,,,,,,,,,Keith Bogans,,,,,,off,,
Antonio McDyess,Keith Bogans,Manu Ginobili,Tim Duncan,Tony Parker,Al Harrington,Chris Duhon,Danilo Gallinari,David Lee,Jared Jeffries,3,4:33,SAS,turnover,,,,,,,,,,Tim Duncan,,,traveling,,,,,
Antonio McDyess,Manu Ginobili,Roger Mason,Tim Duncan,Tony Parker,Al Harrington,Chris Duhon,Danilo Gallinari,David Lee,Jared Jeffries,3,4:33,SAS,sub,,,,Roger Mason,,Keith Bogans,,,,,,,,,,,,
Antonio McDyess,Manu Ginobili,Roger Mason,Tim Duncan,Tony Parker,Al Harrington,Chris Duhon,Danilo Gallinari,David Lee,Jared Jeffries,3,4:16,NYK,shot,,,,,,,,,,Danilo Gallinari,,,,missed,,3pt,36,31
Antonio McDyess,Manu Ginobili,Roger Mason,Tim Duncan,Tony Parker,Al Harrington,Chris Duhon,Danilo Gallinari,David Lee,Jared Jeffries,3,4:15,SAS,rebound,,,,,,,,,,Antonio McDyess,,,,,,def,,
Antonio McDyess,Manu Ginobili,Roger Mason,Tim Duncan,Tony Parker,Al Harrington,Chris Duhon,Danilo Gallinari,David Lee,Jared Jeffries,3,4:03,SAS,shot,Tim Duncan,,,,,,,,,Manu Ginobili,2,,,made,,jump,13,20
Antonio McDyess,Manu Ginobili,Roger Mason,Tim Duncan,Tony Parker,Al Harrington,Chris Duhon,Danilo Gallinari,David Lee,Jared Jeffries,3,3:47,NYK,shot,Chris Duhon,,,,,,,,,Jared Jeffries,2,,,made,,layup,25,6
Antonio McDyess,Manu Ginobili,Roger Mason,Tim Duncan,Tony Parker,Al Harrington,Chris Duhon,Danilo Gallinari,David Lee,Jared Jeffries,3,3:46,SAS,timeout,,,,,,,,,,,,,,,,regular,,
Antonio McDyess,George Hill,Manu Ginobili,Roger Mason,Tim Duncan,Al Harrington,Chris Duhon,Danilo Gallinari,David Lee,Jared Jeffries,3,3:46,SAS,sub,,,,George Hill,,Tony Parker,,,,,,,,,,,,
Antonio McDyess,George Hill,Manu Ginobili,Roger Mason,Tim Duncan,Al Harrington,Chris Duhon,Danilo Gallinari,David Lee,Jared Jeffries,3,3:31,SAS,turnover,,,,,,,,,,Tim Duncan,,,bad pass,,Chris Duhon,,,
Antonio McDyess,George Hill,Manu Ginobili,Roger Mason,Tim Duncan,Al Harrington,Chris Duhon,Danilo Gallinari,David Lee,Jared Jeffries,3,3:12,SAS,foul,,,,,,,,Danilo Gallinari,,Manu Ginobili,,,,,,personal,,
Antonio McDyess,George Hill,Manu Ginobili,Roger Mason,Tim Duncan,Al Harrington,Chris Duhon,Danilo Gallinari,David Lee,Jared Jeffries,3,3:08,NYK,shot,Chris Duhon,,,,,,,,,Danilo Gallinari,2,,,made,,driving layup,25,6
Antonio McDyess,George Hill,Manu Ginobili,Roger Mason,Tim Duncan,Al Harrington,Chris Duhon,Danilo Gallinari,David Lee,Jared Jeffries,3,2:45,SAS,shot,,,,,,,,,,Tim Duncan,2,,,made,,turnaround jump,37,9
Antonio McDyess,George Hill,Manu Ginobili,Roger Mason,Tim Duncan,Al Harrington,Chris Duhon,Danilo Gallinari,David Lee,Jared Jeffries,3,2:25,SAS,foul,,,,,,,,David Lee,,Tim Duncan,,,,,,shooting,,
Antonio McDyess,George Hill,Manu Ginobili,Roger Mason,Tim Duncan,Al Harrington,Danilo Gallinari,David Lee,Jared Jeffries,Larry Hughes,3,2:25,NYK,sub,,,,Larry Hughes,,Chris Duhon,,,,,,,,,,,,
Antonio McDyess,George Hill,Manu Ginobili,Roger Mason,Tim Duncan,Al Harrington,Danilo Gallinari,David Lee,Jared Jeffries,Larry Hughes,3,2:25,NYK,free throw,,,,,,,1,,2,David Lee,,,foul,made,,,,
Antonio McDyess,George Hill,Manu Ginobili,Roger Mason,Tim Duncan,Al Harrington,Danilo Gallinari,David Lee,Jared Jeffries,Larry Hughes,3,2:25,NYK,free throw,,,,,,,2,,2,David Lee,,,foul,made,,,,
Antonio McDyess,George Hill,Manu Ginobili,Roger Mason,Tim Duncan,Al Harrington,Danilo Gallinari,David Lee,Jared Jeffries,Larry Hughes,3,2:09,SAS,shot,,,,,,,,,,Tim Duncan,2,,,made,,jump,31,13
Antonio McDyess,George Hill,Manu Ginobili,Roger Mason,Tim Duncan,Al Harrington,Danilo Gallinari,David Lee,Jared Jeffries,Larry Hughes,3,1:54,SAS,foul,,,,,,,,Danilo Gallinari,,Roger Mason,,,,,,personal,,
Antonio McDyess,DeJuan Blair,George Hill,Manu Ginobili,Roger Mason,Al Harrington,Danilo Gallinari,David Lee,Jared Jeffries,Larry Hughes,3,1:54,SAS,sub,,,,DeJuan Blair,,Tim Duncan,,,,,,,,,,,,
Antonio McDyess,DeJuan Blair,George Hill,Manu Ginobili,Roger Mason,Al Harrington,Danilo Gallinari,David Lee,Jared Jeffries,Larry Hughes,3,1:54,NYK,free throw,,,,,,,1,,2,Danilo Gallinari,,,foul,made,,,,
Antonio McDyess,DeJuan Blair,George Hill,Manu Ginobili,Roger Mason,Al Harrington,Danilo Gallinari,David Lee,Jared Jeffries,Larry Hughes,3,1:54,NYK,free throw,,,,,,,2,,2,Danilo Gallinari,,,foul,made,,,,
Antonio McDyess,DeJuan Blair,George Hill,Manu Ginobili,Roger Mason,Al Harrington,Danilo Gallinari,David Lee,Jared Jeffries,Larry Hughes,3,1:32,SAS,shot,,,Danilo Gallinari,,,,,,,DeJuan Blair,,,,missed,,layup,25,6
Antonio McDyess,DeJuan Blair,George Hill,Manu Ginobili,Roger Mason,Al Harrington,Danilo Gallinari,David Lee,Jared Jeffries,Larry Hughes,3,1:31,NYK,rebound,,,,,,,,,,David Lee,,,,,,def,,
Antonio McDyess,DeJuan Blair,George Hill,Manu Ginobili,Roger Mason,Al Harrington,Danilo Gallinari,David Lee,Jared Jeffries,Larry Hughes,3,1:15,NYK,shot,,,,,,,,,,Al Harrington,,,,missed,,jump,16,19
Antonio McDyess,DeJuan Blair,George Hill,Manu Ginobili,Roger Mason,Al Harrington,Danilo Gallinari,David Lee,Jared Jeffries,Larry Hughes,3,1:14,NYK,rebound,,,,,,,,,,,,,,,,,,
Antonio McDyess,DeJuan Blair,George Hill,Manu Ginobili,Roger Mason,Al Harrington,Danilo Gallinari,Jared Jeffries,Jonathan Bender,Larry Hughes,3,1:13,NYK,sub,,,,Jonathan Bender,,David Lee,,,,,,,,,,,,
Antonio McDyess,DeJuan Blair,George Hill,Manu Ginobili,Roger Mason,Al Harrington,Danilo Gallinari,Jonathan Bender,Larry Hughes,Wilson Chandler,3,1:13,NYK,sub,,,,Wilson Chandler,,Jared Jeffries,,,,,,,,,,,,
Antonio McDyess,DeJuan Blair,George Hill,Manu Ginobili,Roger Mason,Al Harrington,Danilo Gallinari,Jonathan Bender,Larry Hughes,Wilson Chandler,3,1:05,NYK,turnover,,,,,,,,,,Al Harrington,,,traveling,,,,,
Antonio McDyess,DeJuan Blair,George Hill,Manu Ginobili,Roger Mason,Al Harrington,Danilo Gallinari,Jonathan Bender,Larry Hughes,Wilson Chandler,3,0:52,SAS,shot,,,,,,,,,,Manu Ginobili,,,,missed,,3pt,6,24
Antonio McDyess,DeJuan Blair,George Hill,Manu Ginobili,Roger Mason,Al Harrington,Danilo Gallinari,Jonathan Bender,Larry Hughes,Wilson Chandler,3,0:51,NYK,rebound,,,,,,,,,,Larry Hughes,,,,,,def,,
Antonio McDyess,DeJuan Blair,George Hill,Manu Ginobili,Roger Mason,Al Harrington,Danilo Gallinari,Jonathan Bender,Larry Hughes,Wilson Chandler,3,0:40,NYK,shot,,,,,,,,,,Danilo Gallinari,,,,missed,,jump,42,9
Antonio McDyess,DeJuan Blair,George Hill,Manu Ginobili,Roger Mason,Al Harrington,Danilo Gallinari,Jonathan Bender,Larry Hughes,Wilson Chandler,3,0:40,SAS,rebound,,,,,,,,,,DeJuan Blair,,,,,,def,,
Antonio McDyess,DeJuan Blair,George Hill,Manu Ginobili,Roger Mason,Al Harrington,Danilo Gallinari,Jonathan Bender,Larry Hughes,Wilson Chandler,3,0:31,SAS,shot,,,,,,,,,,Roger Mason,,,,missed,,3pt,1,11
Antonio McDyess,DeJuan Blair,George Hill,Manu Ginobili,Roger Mason,Al Harrington,Danilo Gallinari,Jonathan Bender,Larry Hughes,Wilson Chandler,3,0:30,SAS,rebound,,,,,,,,,,Manu Ginobili,,,,,,off,,
Antonio McDyess,DeJuan Blair,George Hill,Manu Ginobili,Roger Mason,Al Harrington,Danilo Gallinari,Jonathan Bender,Larry Hughes,Wilson Chandler,3,0:09,SAS,shot,,,,,,,,,,Manu Ginobili,3,,,made,,3pt,33,30
Antonio McDyess,DeJuan Blair,George Hill,Manu Ginobili,Roger Mason,Al Harrington,Danilo Gallinari,Jonathan Bender,Larry Hughes,Wilson Chandler,3,0:03,NYK,shot,,,,,,,,,,Danilo Gallinari,,,,missed,,3pt,48,18
Antonio McDyess,DeJuan Blair,George Hill,Manu Ginobili,Roger Mason,Al Harrington,Danilo Gallinari,Jonathan Bender,Larry Hughes,Wilson Chandler,3,0:00,NYK,rebound,,,,,,,,,,,,,,,,,,
Antonio McDyess,DeJuan Blair,George Hill,Manu Ginobili,Roger Mason,Al Harrington,Chris Duhon,Jonathan Bender,Larry Hughes,Wilson Chandler,4,11:46,SAS,shot,,,,,,,,,,Roger Mason,,,,missed,,jump,44,7
Antonio McDyess,DeJuan Blair,George Hill,Manu Ginobili,Roger Mason,Al Harrington,Chris Duhon,Jonathan Bender,Larry Hughes,Wilson Chandler,4,11:44,NYK,rebound,,,,,,,,,,Jonathan Bender,,,,,,def,,
Antonio McDyess,DeJuan Blair,George Hill,Manu Ginobili,Roger Mason,Al Harrington,Chris Duhon,Jonathan Bender,Larry Hughes,Wilson Chandler,4,11:31,NYK,shot,,,,,,,,,,Al Harrington,,,,missed,,jump,10,21
Antonio McDyess,DeJuan Blair,George Hill,Manu Ginobili,Roger Mason,Al Harrington,Chris Duhon,Jonathan Bender,Larry Hughes,Wilson Chandler,4,11:30,SAS,rebound,,,,,,,,,,Manu Ginobili,,,,,,def,,
Antonio McDyess,DeJuan Blair,George Hill,Manu Ginobili,Roger Mason,Al Harrington,Chris Duhon,Jonathan Bender,Larry Hughes,Wilson Chandler,4,11:25,SAS,shot,,,,,,,,,,Manu Ginobili,3,,,made,,3pt,26,32
Antonio McDyess,DeJuan Blair,George Hill,Manu Ginobili,Roger Mason,Al Harrington,Chris Duhon,Jonathan Bender,Larry Hughes,Wilson Chandler,4,11:03,SAS,foul,,,,,,,,Al Harrington,,Antonio McDyess,,,,,,shooting,,
Antonio McDyess,DeJuan Blair,George Hill,Manu Ginobili,Roger Mason,Al Harrington,Chris Duhon,Jonathan Bender,Larry Hughes,Wilson Chandler,4,11:03,NYK,free throw,,,,,,,1,,2,Al Harrington,,,foul,missed,,,,
Antonio McDyess,DeJuan Blair,George Hill,Manu Ginobili,Roger Mason,Al Harrington,Chris Duhon,Jonathan Bender,Larry Hughes,Wilson Chandler,4,11:03,NYK,rebound,,,,,,,,,,,,,,,,,,
Antonio McDyess,DeJuan Blair,George Hill,Manu Ginobili,Roger Mason,Al Harrington,Chris Duhon,Jonathan Bender,Larry Hughes,Wilson Chandler,4,11:03,NYK,free throw,,,,,,,2,,2,Al Harrington,,,foul,made,,,,
Antonio McDyess,DeJuan Blair,George Hill,Manu Ginobili,Roger Mason,Al Harrington,Chris Duhon,Jonathan Bender,Larry Hughes,Wilson Chandler,4,10:45,SAS,shot,,,,,,,,,,Antonio McDyess,,,,missed,,jump,9,9
Antonio McDyess,DeJuan Blair,George Hill,Manu Ginobili,Roger Mason,Al Harrington,Chris Duhon,Jonathan Bender,Larry Hughes,Wilson Chandler,4,10:44,NYK,rebound,,,,,,,,,,Al Harrington,,,,,,def,,
Antonio McDyess,DeJuan Blair,George Hill,Manu Ginobili,Roger Mason,Al Harrington,Chris Duhon,Jonathan Bender,Larry Hughes,Wilson Chandler,4,10:29,NYK,turnover,,,,,,,,,,Jonathan Bender,,,bad pass,,Manu Ginobili,,,
Antonio McDyess,DeJuan Blair,George Hill,Manu Ginobili,Roger Mason,Al Harrington,Chris Duhon,Jonathan Bender,Larry Hughes,Wilson Chandler,4,10:16,SAS,shot,,,,,,,,,,Manu Ginobili,,,,missed,,3pt,16,30
Antonio McDyess,DeJuan Blair,George Hill,Manu Ginobili,Roger Mason,Al Harrington,Chris Duhon,Jonathan Bender,Larry Hughes,Wilson Chandler,4,10:15,NYK,rebound,,,,,,,,,,Larry Hughes,,,,,,def,,
Antonio McDyess,DeJuan Blair,George Hill,Manu Ginobili,Roger Mason,Al Harrington,Chris Duhon,Jonathan Bender,Larry Hughes,Wilson Chandler,4,10:09,NYK,turnover,,,,,,,,,,Larry Hughes,,,traveling,,,,,
Antonio McDyess,DeJuan Blair,George Hill,Manu Ginobili,Roger Mason,Al Harrington,Chris Duhon,Jonathan Bender,Larry Hughes,Wilson Chandler,4,9:48,SAS,shot,Antonio McDyess,,,,,,,,,George Hill,2,,,made,,jump,28,27
Antonio McDyess,DeJuan Blair,George Hill,Manu Ginobili,Roger Mason,Al Harrington,Chris Duhon,Jonathan Bender,Larry Hughes,Wilson Chandler,4,9:29,NYK,shot,,,,,,,,,,Chris Duhon,,,,missed,,3pt,20,33
Antonio McDyess,DeJuan Blair,George Hill,Manu Ginobili,Roger Mason,Al Harrington,Chris Duhon,Jonathan Bender,Larry Hughes,Wilson Chandler,4,9:28,SAS,rebound,,,,,,,,,,George Hill,,,,,,def,,
Antonio McDyess,DeJuan Blair,George Hill,Manu Ginobili,Roger Mason,Al Harrington,Chris Duhon,Jonathan Bender,Larry Hughes,Wilson Chandler,4,9:26,NYK,foul,,,,,,,,George Hill,,Larry Hughes,,,,,,personal,,
Antonio McDyess,DeJuan Blair,George Hill,Manu Ginobili,Roger Mason,Al Harrington,Chris Duhon,David Lee,Larry Hughes,Wilson Chandler,4,9:26,NYK,sub,,,,David Lee,,Jonathan Bender,,,,,,,,,,,,
DeJuan Blair,George Hill,Manu Ginobili,Richard Jefferson,Roger Mason,Al Harrington,Chris Duhon,David Lee,Larry Hughes,Wilson Chandler,4,9:26,SAS,sub,,,,Richard Jefferson,,Antonio McDyess,,,,,,,,,,,,
DeJuan Blair,George Hill,Manu Ginobili,Richard Jefferson,Roger Mason,Al Harrington,Chris Duhon,David Lee,Larry Hughes,Wilson Chandler,4,9:07,SAS,turnover,,,,,,,,,,DeJuan Blair,,,bad pass,,David Lee,,,
DeJuan Blair,George Hill,Manu Ginobili,Richard Jefferson,Roger Mason,Al Harrington,Chris Duhon,David Lee,Larry Hughes,Wilson Chandler,4,9:01,NYK,shot,Wilson Chandler,,,,,,,,,Al Harrington,2,,,made,,jump,25,11
DeJuan Blair,George Hill,Manu Ginobili,Richard Jefferson,Roger Mason,Al Harrington,Chris Duhon,David Lee,Larry Hughes,Wilson Chandler,4,9:00,SAS,timeout,,,,,,,,,,,,,,,,regular,,
DeJuan Blair,George Hill,Manu Ginobili,Richard Jefferson,Roger Mason,Al Harrington,Chris Duhon,David Lee,Larry Hughes,Wilson Chandler,4,8:47,SAS,turnover,,,,,,,,,,Manu Ginobili,,,bad pass,,Al Harrington,,,
DeJuan Blair,George Hill,Manu Ginobili,Richard Jefferson,Roger Mason,Al Harrington,Chris Duhon,David Lee,Larry Hughes,Wilson Chandler,4,8:40,NYK,turnover,,,,,,,,,,Larry Hughes,,,bad pass,,,,,
DeJuan Blair,George Hill,Manu Ginobili,Richard Jefferson,Roger Mason,Al Harrington,Chris Duhon,David Lee,Jared Jeffries,Wilson Chandler,4,8:40,NYK,sub,,,,Jared Jeffries,,Larry Hughes,,,,,,,,,,,,
DeJuan Blair,George Hill,Manu Ginobili,Richard Jefferson,Roger Mason,Al Harrington,Chris Duhon,David Lee,Jared Jeffries,Wilson Chandler,4,8:27,SAS,shot,Roger Mason,,,,,,,,,DeJuan Blair,2,,,made,,layup,25,6
DeJuan Blair,George Hill,Manu Ginobili,Richard Jefferson,Roger Mason,Al Harrington,Chris Duhon,David Lee,Jared Jeffries,Wilson Chandler,4,8:17,NYK,shot,,,,,,,,,,David Lee,2,,,made,,driving layup,25,6
DeJuan Blair,George Hill,Manu Ginobili,Richard Jefferson,Roger Mason,Al Harrington,Chris Duhon,David Lee,Jared Jeffries,Wilson Chandler,4,7:54,NYK,foul,,,,,,,,Manu Ginobili,,Al Harrington,,,,,,personal,,
DeJuan Blair,George Hill,Richard Jefferson,Roger Mason,Tony Parker,Al Harrington,Chris Duhon,David Lee,Jared Jeffries,Wilson Chandler,4,7:54,SAS,sub,,,,Tony Parker,,Manu Ginobili,,,,,,,,,,,,
DeJuan Blair,George Hill,Richard Jefferson,Roger Mason,Tony Parker,Al Harrington,Chris Duhon,David Lee,Jared Jeffries,Wilson Chandler,4,7:42,SAS,shot,,,,,,,,,,Roger Mason,2,,,made,,jump,14,21
DeJuan Blair,George Hill,Richard Jefferson,Roger Mason,Tony Parker,Al Harrington,Chris Duhon,David Lee,Jared Jeffries,Wilson Chandler,4,7:29,SAS,foul,,,,,,,,David Lee,,Richard Jefferson,,,,,,shooting,,
DeJuan Blair,George Hill,Roger Mason,Tim Duncan,Tony Parker,Al Harrington,Chris Duhon,David Lee,Jared Jeffries,Wilson Chandler,4,7:29,SAS,sub,,,,Tim Duncan,,Richard Jefferson,,,,,,,,,,,,
DeJuan Blair,George Hill,Roger Mason,Tim Duncan,Tony Parker,Al Harrington,Chris Duhon,David Lee,Jared Jeffries,Wilson Chandler,4,7:29,NYK,free throw,,,,,,,1,,2,David Lee,,,foul,made,,,,
DeJuan Blair,George Hill,Roger Mason,Tim Duncan,Tony Parker,Al Harrington,Chris Duhon,David Lee,Jared Jeffries,Wilson Chandler,4,7:29,NYK,free throw,,,,,,,2,,2,David Lee,,,foul,made,,,,
DeJuan Blair,George Hill,Roger Mason,Tim Duncan,Tony Parker,Al Harrington,Chris Duhon,David Lee,Jared Jeffries,Wilson Chandler,4,7:10,SAS,shot,,,,,,,,,,Tony Parker,,,,missed,,jump,24,25
DeJuan Blair,George Hill,Roger Mason,Tim Duncan,Tony Parker,Al Harrington,Chris Duhon,David Lee,Jared Jeffries,Wilson Chandler,4,7:09,NYK,rebound,,,,,,,,,,David Lee,,,,,,def,,
DeJuan Blair,George Hill,Roger Mason,Tim Duncan,Tony Parker,Al Harrington,Chris Duhon,David Lee,Jared Jeffries,Wilson Chandler,4,6:54,NYK,shot,Chris Duhon,,,,,,,,,Al Harrington,3,,,made,,3pt,41,25
DeJuan Blair,George Hill,Roger Mason,Tim Duncan,Tony Parker,Al Harrington,Chris Duhon,David Lee,Jared Jeffries,Wilson Chandler,4,6:30,SAS,shot,,,,,,,,,,Tony Parker,2,,,made,,driving layup,25,6
DeJuan Blair,George Hill,Roger Mason,Tim Duncan,Tony Parker,Al Harrington,Chris Duhon,David Lee,Jared Jeffries,Wilson Chandler,4,6:13,NYK,shot,Chris Duhon,,,,,,,,,David Lee,2,,,made,,jump,23,25
DeJuan Blair,George Hill,Roger Mason,Tim Duncan,Tony Parker,Al Harrington,Chris Duhon,David Lee,Jared Jeffries,Wilson Chandler,4,5:46,SAS,shot,,,,,,,,,,Tim Duncan,,,,missed,,jump,39,12
DeJuan Blair,George Hill,Roger Mason,Tim Duncan,Tony Parker,Al Harrington,Chris Duhon,David Lee,Jared Jeffries,Wilson Chandler,4,5:45,NYK,rebound,,,,,,,,,,Wilson Chandler,,,,,,def,,
DeJuan Blair,George Hill,Roger Mason,Tim Duncan,Tony Parker,Al Harrington,Chris Duhon,David Lee,Jared Jeffries,Wilson Chandler,4,5:31,NYK,shot,,,,,,,,,,Wilson Chandler,,,,missed,,layup,25,6
DeJuan Blair,George Hill,Roger Mason,Tim Duncan,Tony Parker,Al Harrington,Chris Duhon,David Lee,Jared Jeffries,Wilson Chandler,4,5:30,NYK,rebound,,,,,,,,,,Jared Jeffries,,,,,,off,,
DeJuan Blair,George Hill,Roger Mason,Tim Duncan,Tony Parker,Al Harrington,Chris Duhon,David Lee,Jared Jeffries,Wilson Chandler,4,5:12,NYK,shot,,,,,,,,,,Al Harrington,,,,missed,,3pt,10,28
DeJuan Blair,George Hill,Roger Mason,Tim Duncan,Tony Parker,Al Harrington,Chris Duhon,David Lee,Jared Jeffries,Wilson Chandler,4,5:11,SAS,rebound,,,,,,,,,,,,,,,,,,
DeJuan Blair,George Hill,Roger Mason,Tim Duncan,Tony Parker,Al Harrington,Chris Duhon,David Lee,Jared Jeffries,Wilson Chandler,4,5:11,NYK,foul,,,,,,,,Tony Parker,,David Lee,,,,,,loose ball,,
DeJuan Blair,George Hill,Roger Mason,Tim Duncan,Tony Parker,Al Harrington,Chris Duhon,David Lee,Jared Jeffries,Wilson Chandler,4,5:11,SAS,timeout,,,,,,,,,,,,,,,,regular,,
DeJuan Blair,Manu Ginobili,Roger Mason,Tim Duncan,Tony Parker,Al Harrington,Chris Duhon,David Lee,Jared Jeffries,Wilson Chandler,4,5:11,SAS,sub,,,,Manu Ginobili,,George Hill,,,,,,,,,,,,
DeJuan Blair,Manu Ginobili,Roger Mason,Tim Duncan,Tony Parker,Al Harrington,Chris Duhon,Danilo Gallinari,David Lee,Wilson Chandler,4,5:11,NYK,sub,,,,Danilo Gallinari,,Jared Jeffries,,,,,,,,,,,,
DeJuan Blair,Manu Ginobili,Roger Mason,Tim Duncan,Tony Parker,Al Harrington,Chris Duhon,Danilo Gallinari,David Lee,Wilson Chandler,4,4:51,NYK,foul,,,,,,,,Tony Parker,,Danilo Gallinari,,,,,,personal,,
DeJuan Blair,Manu Ginobili,Roger Mason,Tim Duncan,Tony Parker,Al Harrington,Chris Duhon,Danilo Gallinari,David Lee,Wilson Chandler,4,4:41,NYK,foul,,,,,,,,Tim Duncan,,David Lee,,,,,,shooting,,
DeJuan Blair,Manu Ginobili,Roger Mason,Tim Duncan,Tony Parker,Al Harrington,Chris Duhon,Danilo Gallinari,David Lee,Wilson Chandler,4,4:41,SAS,free throw,,,,,,,1,,2,Tim Duncan,,,foul,missed,,,,
DeJuan Blair,Manu Ginobili,Roger Mason,Tim Duncan,Tony Parker,Al Harrington,Chris Duhon,Danilo Gallinari,David Lee,Wilson Chandler,4,4:41,SAS,rebound,,,,,,,,,,,,,,,,,,
DeJuan Blair,Manu Ginobili,Roger Mason,Tim Duncan,Tony Parker,Al Harrington,Chris Duhon,Danilo Gallinari,David Lee,Wilson Chandler,4,4:41,SAS,free throw,,,,,,,2,,2,Tim Duncan,,,foul,made,,,,
DeJuan Blair,Manu Ginobili,Roger Mason,Tim Duncan,Tony Parker,Al Harrington,Chris Duhon,Danilo Gallinari,David Lee,Wilson Chandler,4,4:27,NYK,shot,,,Tony Parker,,,,,,,Chris Duhon,,,,missed,,layup,25,6
DeJuan Blair,Manu Ginobili,Roger Mason,Tim Duncan,Tony Parker,Al Harrington,Chris Duhon,Danilo Gallinari,David Lee,Wilson Chandler,4,4:26,NYK,rebound,,,,,,,,,,Chris Duhon,,,,,,off,,
DeJuan Blair,Manu Ginobili,Roger Mason,Tim Duncan,Tony Parker,Al Harrington,Chris Duhon,Danilo Gallinari,David Lee,Wilson Chandler,4,4:25,NYK,shot,,,,,,,,,,Chris Duhon,2,,,made,,layup,25,6
DeJuan Blair,Manu Ginobili,Roger Mason,Tim Duncan,Tony Parker,Al Harrington,Chris Duhon,Danilo Gallinari,David Lee,Wilson Chandler,4,4:01,SAS,shot,,,,,,,,,,Tim Duncan,2,,,made,,jump,13,6
DeJuan Blair,Manu Ginobili,Roger Mason,Tim Duncan,Tony Parker,Al Harrington,Chris Duhon,Danilo Gallinari,David Lee,Wilson Chandler,4,3:45,NYK,shot,Chris Duhon,,,,,,,,,David Lee,2,,,made,,driving layup,25,6
DeJuan Blair,Manu Ginobili,Roger Mason,Tim Duncan,Tony Parker,Al Harrington,Chris Duhon,Danilo Gallinari,David Lee,Wilson Chandler,4,3:25,SAS,shot,DeJuan Blair,,,,,,,,,Manu Ginobili,2,,,made,,jump,5,14
DeJuan Blair,Manu Ginobili,Roger Mason,Tim Duncan,Tony Parker,Al Harrington,Chris Duhon,Danilo Gallinari,David Lee,Wilson Chandler,4,3:09,SAS,foul,,,,,,,,Chris Duhon,,DeJuan Blair,,,,,,shooting,,
DeJuan Blair,Manu Ginobili,Roger Mason,Tim Duncan,Tony Parker,Al Harrington,Chris Duhon,Danilo Gallinari,David Lee,Wilson Chandler,4,3:09,NYK,free throw,,,,,,,1,,2,Chris Duhon,,,foul,missed,,,,
DeJuan Blair,Manu Ginobili,Roger Mason,Tim Duncan,Tony Parker,Al Harrington,Chris Duhon,Danilo Gallinari,David Lee,Wilson Chandler,4,3:09,NYK,rebound,,,,,,,,,,,,,,,,,,
DeJuan Blair,Manu Ginobili,Roger Mason,Tim Duncan,Tony Parker,Al Harrington,Chris Duhon,Danilo Gallinari,David Lee,Wilson Chandler,4,3:09,NYK,free throw,,,,,,,2,,2,Chris Duhon,,,foul,missed,,,,
DeJuan Blair,Manu Ginobili,Roger Mason,Tim Duncan,Tony Parker,Al Harrington,Chris Duhon,Danilo Gallinari,David Lee,Wilson Chandler,4,3:09,NYK,rebound,,,,,,,,,,,,,,,,,,
DeJuan Blair,Manu Ginobili,Roger Mason,Tim Duncan,Tony Parker,Al Harrington,Chris Duhon,Danilo Gallinari,David Lee,Wilson Chandler,4,3:04,NYK,shot,,,,,,,,,,Chris Duhon,,,,missed,,3pt,2,10
DeJuan Blair,Manu Ginobili,Roger Mason,Tim Duncan,Tony Parker,Al Harrington,Chris Duhon,Danilo Gallinari,David Lee,Wilson Chandler,4,3:03,SAS,rebound,,,,,,,,,,DeJuan Blair,,,,,,def,,
DeJuan Blair,Manu Ginobili,Roger Mason,Tim Duncan,Tony Parker,Al Harrington,Chris Duhon,Danilo Gallinari,David Lee,Wilson Chandler,4,2:43,SAS,shot,,,,,,,,,,Tony Parker,,,,missed,,jump,35,18
DeJuan Blair,Manu Ginobili,Roger Mason,Tim Duncan,Tony Parker,Al Harrington,Chris Duhon,Danilo Gallinari,David Lee,Wilson Chandler,4,2:42,SAS,rebound,,,,,,,,,,Tim Duncan,,,,,,off,,
DeJuan Blair,Manu Ginobili,Roger Mason,Tim Duncan,Tony Parker,Al Harrington,Chris Duhon,Danilo Gallinari,David Lee,Wilson Chandler,4,2:34,SAS,shot,,,,,,,,,,Tony Parker,2,,,made,,driving reverse layup,25,6
DeJuan Blair,Manu Ginobili,Roger Mason,Tim Duncan,Tony Parker,Al Harrington,Chris Duhon,Danilo Gallinari,David Lee,Wilson Chandler,4,2:17,NYK,shot,,,,,,,,,,David Lee,,,,missed,,layup,25,6
DeJuan Blair,Manu Ginobili,Roger Mason,Tim Duncan,Tony Parker,Al Harrington,Chris Duhon,Danilo Gallinari,David Lee,Wilson Chandler,4,2:16,SAS,rebound,,,,,,,,,,Tim Duncan,,,,,,def,,
DeJuan Blair,Manu Ginobili,Roger Mason,Tim Duncan,Tony Parker,Al Harrington,Chris Duhon,Danilo Gallinari,David Lee,Wilson Chandler,4,2:12,SAS,shot,Tony Parker,,,,,,,,,Manu Ginobili,2,,,made,,driving layup,25,6
DeJuan Blair,Manu Ginobili,Roger Mason,Tim Duncan,Tony Parker,Al Harrington,Chris Duhon,Danilo Gallinari,David Lee,Wilson Chandler,4,2:12,NYK,timeout,,,,,,,,,,,,,,,,regular,,
DeJuan Blair,Manu Ginobili,Roger Mason,Tim Duncan,Tony Parker,Chris Duhon,Danilo Gallinari,David Lee,Jared Jeffries,Wilson Chandler,4,2:12,NYK,sub,,,,Jared Jeffries,,Al Harrington,,,,,,,,,,,,
Manu Ginobili,Richard Jefferson,Roger Mason,Tim Duncan,Tony Parker,Chris Duhon,Danilo Gallinari,David Lee,Jared Jeffries,Wilson Chandler,4,2:12,SAS,sub,,,,Richard Jefferson,,DeJuan Blair,,,,,,,,,,,,
Manu Ginobili,Richard Jefferson,Roger Mason,Tim Duncan,Tony Parker,Chris Duhon,Danilo Gallinari,David Lee,Jared Jeffries,Wilson Chandler,4,2:03,NYK,shot,,,Richard Jefferson,,,,,,,Danilo Gallinari,,,,missed,,layup,25,6
Manu Ginobili,Richard Jefferson,Roger Mason,Tim Duncan,Tony Parker,Chris Duhon,Danilo Gallinari,David Lee,Jared Jeffries,Wilson Chandler,4,2:03,NYK,rebound,,,,,,,,,,,,,,,,,,
Manu Ginobili,Richard Jefferson,Roger Mason,Tim Duncan,Tony Parker,Chris Duhon,Danilo Gallinari,David Lee,Jared Jeffries,Wilson Chandler,4,2:01,NYK,shot,Chris Duhon,,,,,,,,,David Lee,2,,,made,,layup,25,6
Manu Ginobili,Richard Jefferson,Roger Mason,Tim Duncan,Tony Parker,Chris Duhon,Danilo Gallinari,David Lee,Jared Jeffries,Wilson Chandler,4,1:37,SAS,shot,,,,,,,,,,Richard Jefferson,,,,missed,,jump,33,24
Manu Ginobili,Richard Jefferson,Roger Mason,Tim Duncan,Tony Parker,Chris Duhon,Danilo Gallinari,David Lee,Jared Jeffries,Wilson Chandler,4,1:36,NYK,rebound,,,,,,,,,,Wilson Chandler,,,,,,def,,
Manu Ginobili,Richard Jefferson,Roger Mason,Tim Duncan,Tony Parker,Chris Duhon,Danilo Gallinari,David Lee,Jared Jeffries,Wilson Chandler,4,1:22,NYK,shot,,,,,,,,,,Danilo Gallinari,,,,missed,,3pt,20,32
Manu Ginobili,Richard Jefferson,Roger Mason,Tim Duncan,Tony Parker,Chris Duhon,Danilo Gallinari,David Lee,Jared Jeffries,Wilson Chandler,4,1:22,SAS,rebound,,,,,,,,,,,,,,,,,,
Manu Ginobili,Richard Jefferson,Roger Mason,Tim Duncan,Tony Parker,Chris Duhon,Danilo Gallinari,David Lee,Jared Jeffries,Wilson Chandler,4,1:06,SAS,shot,,,,,,,,,,Tony Parker,2,,,made,,driving layup,25,6
Manu Ginobili,Richard Jefferson,Roger Mason,Tim Duncan,Tony Parker,Chris Duhon,Danilo Gallinari,David Lee,Jared Jeffries,Wilson Chandler,4,1:06,NYK,foul,,,,,,,,Tony Parker,,Jared Jeffries,,,,,,shooting,,
Manu Ginobili,Richard Jefferson,Roger Mason,Tim Duncan,Tony Parker,Chris Duhon,Danilo Gallinari,David Lee,Jared Jeffries,Wilson Chandler,4,1:06,SAS,free throw,,,,,,,1,,1,Tony Parker,,,foul,made,,,,
Manu Ginobili,Richard Jefferson,Roger Mason,Tim Duncan,Tony Parker,Chris Duhon,Danilo Gallinari,David Lee,Jared Jeffries,Wilson Chandler,4,1:06,NYK,timeout,,,,,,,,,,,,,,,,regular,,
Manu Ginobili,Richard Jefferson,Roger Mason,Tim Duncan,Tony Parker,Al Harrington,Chris Duhon,Danilo Gallinari,David Lee,Wilson Chandler,4,1:06,NYK,sub,,,,Al Harrington,,Jared Jeffries,,,,,,,,,,,,
Manu Ginobili,Richard Jefferson,Roger Mason,Tim Duncan,Tony Parker,Al Harrington,Chris Duhon,Danilo Gallinari,David Lee,Wilson Chandler,4,1:03,NYK,shot,,,,,,,,,,Al Harrington,2,,,made,,running jump,25,12
Manu Ginobili,Richard Jefferson,Roger Mason,Tim Duncan,Tony Parker,Al Harrington,Chris Duhon,Danilo Gallinari,David Lee,Wilson Chandler,4,0:39,SAS,shot,,,,,,,,,,Tony Parker,,,,missed,,jump,29,24
Manu Ginobili,Richard Jefferson,Roger Mason,Tim Duncan,Tony Parker,Al Harrington,Chris Duhon,Danilo Gallinari,David Lee,Wilson Chandler,4,0:38,NYK,rebound,,,,,,,,,,Chris Duhon,,,,,,def,,
Manu Ginobili,Richard Jefferson,Roger Mason,Tim Duncan,Tony Parker,Al Harrington,Chris Duhon,Danilo Gallinari,David Lee,Wilson Chandler,4,0:31,NYK,shot,,,,,,,,,,Chris Duhon,,,,missed,,layup,25,6
Manu Ginobili,Richard Jefferson,Roger Mason,Tim Duncan,Tony Parker,Al Harrington,Chris Duhon,Danilo Gallinari,David Lee,Wilson Chandler,4,0:30,SAS,rebound,,,,,,,,,,Tony Parker,,,,,,def,,
Manu Ginobili,Richard Jefferson,Roger Mason,Tim Duncan,Tony Parker,Al Harrington,Chris Duhon,Danilo Gallinari,David Lee,Wilson Chandler,4,0:15,NYK,foul,,,,,,,,Manu Ginobili,,Wilson Chandler,,,,,,personal,,
Manu Ginobili,Richard Jefferson,Roger Mason,Tim Duncan,Tony Parker,Al Harrington,Chris Duhon,Danilo Gallinari,David Lee,Wilson Chandler,4,0:15,SAS,free throw,,,,,,,1,,2,Manu Ginobili,,,foul,made,,,,
Manu Ginobili,Richard Jefferson,Roger Mason,Tim Duncan,Tony Parker,Al Harrington,Chris Duhon,Danilo Gallinari,David Lee,Wilson Chandler,4,0:15,SAS,free throw,,,,,,,2,,2,Manu Ginobili,,,foul,made,,,,
Manu Ginobili,Richard Jefferson,Roger Mason,Tim Duncan,Tony Parker,Al Harrington,Chris Duhon,Danilo Gallinari,David Lee,Wilson Chandler,4,0:15,NYK,timeout,,,,,,,,,,,,,,,,short,,
Keith Bogans,Manu Ginobili,Richard Jefferson,Roger Mason,Tony Parker,Al Harrington,Chris Duhon,Danilo Gallinari,David Lee,Wilson Chandler,4,0:15,SAS,sub,,,,Keith Bogans,,Tim Duncan,,,,,,,,,,,,
Keith Bogans,Manu Ginobili,Richard Jefferson,Roger Mason,Tony Parker,Al Harrington,Chris Duhon,Danilo Gallinari,David Lee,Wilson Chandler,4,0:10,NYK,shot,,,,,,,,,,Al Harrington,,,,missed,,3pt,48,15
Keith Bogans,Manu Ginobili,Richard Jefferson,Roger Mason,Tony Parker,Al Harrington,Chris Duhon,Danilo Gallinari,David Lee,Wilson Chandler,4,0:08,NYK,rebound,,,,,,,,,,Danilo Gallinari,,,,,,off,,
Keith Bogans,Manu Ginobili,Richard Jefferson,Roger Mason,Tony Parker,Al Harrington,Chris Duhon,Danilo Gallinari,David Lee,Wilson Chandler,4,0:04,NYK,shot,,,,,,,,,,Danilo Gallinari,,,,missed,,jump,24,20
Keith Bogans,Manu Ginobili,Richard Jefferson,Roger Mason,Tony Parker,Al Harrington,Chris Duhon,Danilo Gallinari,David Lee,Wilson Chandler,4,0:03,SAS,rebound,,,,,,,,,,Keith Bogans,,,,,,def,,
