a1,a2,a3,a4,a5,h1,h2,h3,h4,h5,period,time,team,etype,assist,away,block,entered,home,left,num,opponent,outof,player,points,possession,reason,result,steal,type,x,y
Antawn Jamison,Brendan Haywood,Caron Butler,Gilbert Arenas,Randy Foye,DeMarre Carroll,Marc Gasol,Mike Conley,O.J. Mayo,Zach Randolph,1,12:00,OFF,jump ball,,Brendan Haywood,,,Marc Gasol,,,,,,,Gilbert Arenas,,,,,,
Antawn Jamison,Brendan Haywood,Caron Butler,Gilbert Arenas,Randy Foye,DeMarre Carroll,Marc Gasol,Mike Conley,O.J. Mayo,Zach Randolph,1,11:42,MEM,violation,,,,,,,,,,Marc Gasol,,,,,,kicked ball,,
Antawn Jamison,Brendan Haywood,Caron Butler,Gilbert Arenas,Randy Foye,DeMarre Carroll,Marc Gasol,Mike Conley,O.J. Mayo,Zach Randolph,1,11:36,WAS,shot,,,,,,,,,,Antawn Jamison,2,,,made,,driving layup,25,6
Antawn Jamison,Brendan Haywood,Caron Butler,Gilbert Arenas,Randy Foye,DeMarre Carroll,Marc Gasol,Mike Conley,O.J. Mayo,Zach Randolph,1,11:21,WAS,violation,,,,,,,,,,Randy Foye,,,,,,defensive goaltending,,
Antawn Jamison,Brendan Haywood,Caron Butler,Gilbert Arenas,Randy Foye,DeMarre Carroll,Marc Gasol,Mike Conley,O.J. Mayo,Zach Randolph,1,11:21,MEM,shot,Marc Gasol,,,,,,,,,O.J. Mayo,2,,,made,,reverse layup,25,6
Antawn Jamison,Brendan Haywood,Caron Butler,Gilbert Arenas,Randy Foye,DeMarre Carroll,Marc Gasol,Mike Conley,O.J. Mayo,Zach Randolph,1,11:07,WAS,shot,,,,,,,,,,Antawn Jamison,,,,missed,,layup,25,6
Antawn Jamison,Brendan Haywood,Caron Butler,Gilbert Arenas,Randy Foye,DeMarre Carroll,Marc Gasol,Mike Conley,O.J. Mayo,Zach Randolph,1,11:06,MEM,rebound,,,,,,,,,,Marc Gasol,,,,,,def,,
Antawn Jamison,Brendan Haywood,Caron Butler,Gilbert Arenas,Randy Foye,DeMarre Carroll,Marc Gasol,Mike Conley,O.J. Mayo,Zach Randolph,1,10:45,WAS,foul,,,,,,,,Zach Randolph,,Antawn Jamison,,,,,,shooting,,
Antawn Jamison,Brendan Haywood,Caron Butler,Gilbert Arenas,Randy Foye,DeMarre Carroll,Marc Gasol,Mike Conley,O.J. Mayo,Zach Randolph,1,10:45,MEM,free throw,,,,,,,1,,2,Zach Randolph,,,foul,made,,,,
Antawn Jamison,Brendan Haywood,Caron Butler,Gilbert Arenas,Randy Foye,DeMarre Carroll,Marc Gasol,Mike Conley,O.J. Mayo,Zach Randolph,1,10:45,MEM,free throw,,,,,,,2,,2,Zach Randolph,,,foul,made,,,,
Antawn Jamison,Brendan Haywood,Caron Butler,Gilbert Arenas,Randy Foye,DeMarre Carroll,Marc Gasol,Mike Conley,O.J. Mayo,Zach Randolph,1,10:31,WAS,shot,,,,,,,,,,Caron Butler,,,,missed,,jump,9,21
Antawn Jamison,Brendan Haywood,Caron Butler,Gilbert Arenas,Randy Foye,DeMarre Carroll,Marc Gasol,Mike Conley,O.J. Mayo,Zach Randolph,1,10:30,MEM,rebound,,,,,,,,,,Mike Conley,,,,,,def,,
Antawn Jamison,Brendan Haywood,Caron Butler,Gilbert Arenas,Randy Foye,DeMarre Carroll,Marc Gasol,Mike Conley,O.J. Mayo,Zach Randolph,1,10:25,MEM,shot,,,,,,,,,,O.J. Mayo,,,,missed,,pullup jump,13,13
Antawn Jamison,Brendan Haywood,Caron Butler,Gilbert Arenas,Randy Foye,DeMarre Carroll,Marc Gasol,Mike Conley,O.J. Mayo,Zach Randolph,1,10:21,WAS,rebound,,,,,,,,,,Caron Butler,,,,,,def,,
Antawn Jamison,Brendan Haywood,Caron Butler,Gilbert Arenas,Randy Foye,DeMarre Carroll,Marc Gasol,Mike Conley,O.J. Mayo,Zach Randolph,1,10:17,WAS,shot,,,Marc Gasol,,,,,,,Antawn Jamison,,,,missed,,layup,25,6
Antawn Jamison,Brendan Haywood,Caron Butler,Gilbert Arenas,Randy Foye,DeMarre Carroll,Marc Gasol,Mike Conley,O.J. Mayo,Zach Randolph,1,10:16,WAS,rebound,,,,,,,,,,Brendan Haywood,,,,,,off,,
Antawn Jamison,Brendan Haywood,Caron Butler,Gilbert Arenas,Randy Foye,DeMarre Carroll,Marc Gasol,Mike Conley,O.J. Mayo,Zach Randolph,1,10:14,WAS,shot,,,,,,,,,,Brendan Haywood,2,,,made,,layup,25,6
Antawn Jamison,Brendan Haywood,Caron Butler,Gilbert Arenas,Randy Foye,DeMarre Carroll,Marc Gasol,Mike Conley,O.J. Mayo,Zach Randolph,1,9:57,MEM,shot,,,,,,,,,,Marc Gasol,,,,missed,,turnaround jump,28,15
Antawn Jamison,Brendan Haywood,Caron Butler,Gilbert Arenas,Randy Foye,DeMarre Carroll,Marc Gasol,Mike Conley,O.J. Mayo,Zach Randolph,1,9:55,WAS,rebound,,,,,,,,,,Antawn Jamison,,,,,,def,,
Antawn Jamison,Brendan Haywood,Caron Butler,Gilbert Arenas,Randy Foye,DeMarre Carroll,Marc Gasol,Mike Conley,O.J. Mayo,Zach Randolph,1,9:48,WAS,shot,,,,,,,,,,Antawn Jamison,,,,missed,,running layup,25,6
Antawn Jamison,Brendan Haywood,Caron Butler,Gilbert Arenas,Randy Foye,DeMarre Carroll,Marc Gasol,Mike Conley,O.J. Mayo,Zach Randolph,1,9:46,MEM,rebound,,,,,,,,,,Zach Randolph,,,,,,def,,
Antawn Jamison,Brendan Haywood,Caron Butler,Gilbert Arenas,Randy Foye,DeMarre Carroll,Marc Gasol,Mike Conley,O.J. Mayo,Zach Randolph,1,9:43,MEM,shot,,,,,,,,,,O.J. Mayo,,,,missed,,layup,25,6
Antawn Jamison,Brendan Haywood,Caron Butler,Gilbert Arenas,Randy Foye,DeMarre Carroll,Marc Gasol,Mike Conley,O.J. Mayo,Zach Randolph,1,9:41,WAS,rebound,,,,,,,,,,Antawn Jamison,,,,,,def,,
Antawn Jamison,Brendan Haywood,Caron Butler,Gilbert Arenas,Randy Foye,DeMarre Carroll,Marc Gasol,Mike Conley,O.J. Mayo,Zach Randolph,1,9:36,WAS,shot,,,,,,,,,,Caron Butler,2,,,made,,running dunk,25,6
Antawn Jamison,Brendan Haywood,Caron Butler,Gilbert Arenas,Randy Foye,DeMarre Carroll,Marc Gasol,Mike Conley,O.J. Mayo,Zach Randolph,1,9:19,MEM,shot,,,,,,,,,,Mike Conley,2,,,made,,reverse layup,25,6
Antawn Jamison,Brendan Haywood,Caron Butler,Gilbert Arenas,Randy Foye,DeMarre Carroll,Marc Gasol,Mike Conley,O.J. Mayo,Zach Randolph,1,9:02,WAS,shot,,,,,,,,,,Randy Foye,2,,,made,,pullup jump,9,12
Antawn Jamison,Brendan Haywood,Caron Butler,Gilbert Arenas,Randy Foye,DeMarre Carroll,Marc Gasol,Mike Conley,O.J. Mayo,Zach Randolph,1,8:45,MEM,shot,,,,,,,,,,Zach Randolph,,,,missed,,turnaround jump,20,11
Antawn Jamison,Brendan Haywood,Caron Butler,Gilbert Arenas,Randy Foye,DeMarre Carroll,Marc Gasol,Mike Conley,O.J. Mayo,Zach Randolph,1,8:43,WAS,rebound,,,,,,,,,,Caron Butler,,,,,,def,,
Antawn Jamison,Brendan Haywood,Caron Butler,Gilbert Arenas,Randy Foye,DeMarre Carroll,Marc Gasol,Mike Conley,O.J. Mayo,Zach Randolph,1,8:37,WAS,shot,,,,,,,,,,Antawn Jamison,,,,missed,,layup,25,6
Antawn Jamison,Brendan Haywood,Caron Butler,Gilbert Arenas,Randy Foye,DeMarre Carroll,Marc Gasol,Mike Conley,O.J. Mayo,Zach Randolph,1,8:34,MEM,rebound,,,,,,,,,,Zach Randolph,,,,,,def,,
Antawn Jamison,Brendan Haywood,Caron Butler,Gilbert Arenas,Randy Foye,DeMarre Carroll,Marc Gasol,Mike Conley,O.J. Mayo,Zach Randolph,1,8:22,MEM,shot,,,,,,,,,,DeMarre Carroll,,,,missed,,jump,12,23
Antawn Jamison,Brendan Haywood,Caron Butler,Gilbert Arenas,Randy Foye,DeMarre Carroll,Marc Gasol,Mike Conley,O.J. Mayo,Zach Randolph,1,8:21,MEM,rebound,,,,,,,,,,Marc Gasol,,,,,,off,,
Antawn Jamison,Brendan Haywood,Caron Butler,Gilbert Arenas,Randy Foye,DeMarre Carroll,Marc Gasol,Mike Conley,O.J. Mayo,Zach Randolph,1,8:19,WAS,foul,,,,,,,,DeMarre Carroll,,Gilbert Arenas,,,,,,shooting,,
Antawn Jamison,Brendan Haywood,Caron Butler,Gilbert Arenas,Randy Foye,DeMarre Carroll,Marc Gasol,Mike Conley,O.J. Mayo,Zach Randolph,1,8:19,MEM,free throw,,,,,,,1,,2,DeMarre Carroll,,,foul,missed,,,,
Antawn Jamison,Brendan Haywood,Caron Butler,Gilbert Arenas,Randy Foye,DeMarre Carroll,Marc Gasol,Mike Conley,O.J. Mayo,Zach Randolph,1,8:19,MEM,rebound,,,,,,,,,,,,,,,,,,
Antawn Jamison,Brendan Haywood,Caron Butler,Gilbert Arenas,Randy Foye,DeMarre Carroll,Marc Gasol,Mike Conley,O.J. Mayo,Zach Randolph,1,8:19,MEM,free throw,,,,,,,2,,2,DeMarre Carroll,,,foul,made,,,,
Antawn Jamison,Brendan Haywood,Caron Butler,Gilbert Arenas,Randy Foye,DeMarre Carroll,Marc Gasol,Mike Conley,O.J. Mayo,Zach Randolph,1,8:09,WAS,turnover,,,,,,,,,,Gilbert Arenas,,,traveling,,,,,
Antawn Jamison,Brendan Haywood,Caron Butler,Gilbert Arenas,Randy Foye,DeMarre Carroll,Marc Gasol,Mike Conley,O.J. Mayo,Zach Randolph,1,7:58,MEM,shot,,,,,,,,,,Zach Randolph,,,,missed,,layup,25,6
Antawn Jamison,Brendan Haywood,Caron Butler,Gilbert Arenas,Randy Foye,DeMarre Carroll,Marc Gasol,Mike Conley,O.J. Mayo,Zach Randolph,1,7:56,MEM,rebound,,,,,,,,,,Marc Gasol,,,,,,off,,
Antawn Jamison,Brendan Haywood,Caron Butler,Gilbert Arenas,Randy Foye,DeMarre Carroll,Marc Gasol,Mike Conley,O.J. Mayo,Zach Randolph,1,7:56,MEM,shot,,,,,,,,,,Marc Gasol,2,,,made,,tip,25,6
Antawn Jamison,Brendan Haywood,Caron Butler,Gilbert Arenas,Randy Foye,DeMarre Carroll,Marc Gasol,Mike Conley,O.J. Mayo,Zach Randolph,1,7:46,WAS,shot,,,,,,,,,,Gilbert Arenas,3,,,made,,3pt,27,32
Antawn Jamison,Brendan Haywood,Caron Butler,Gilbert Arenas,Randy Foye,DeMarre Carroll,Marc Gasol,Mike Conley,O.J. Mayo,Zach Randolph,1,7:33,MEM,shot,,,,,,,,,,Mike Conley,2,,,made,,pullup jump,33,26
Antawn Jamison,Brendan Haywood,Caron Butler,Gilbert Arenas,Randy Foye,DeMarre Carroll,Marc Gasol,Mike Conley,O.J. Mayo,Zach Randolph,1,7:12,WAS,shot,,,,,,,,,,Gilbert Arenas,,,,missed,,jump,37,21
Antawn Jamison,Brendan Haywood,Caron Butler,Gilbert Arenas,Randy Foye,DeMarre Carroll,Marc Gasol,Mike Conley,O.J. Mayo,Zach Randolph,1,7:10,WAS,rebound,,,,,,,,,,Antawn Jamison,,,,,,off,,
Antawn Jamison,Brendan Haywood,Caron Butler,Gilbert Arenas,Randy Foye,DeMarre Carroll,Marc Gasol,Mike Conley,O.J. Mayo,Zach Randolph,1,6:57,WAS,shot,,,,,,,,,,Gilbert Arenas,,,,missed,,3pt,3,20
Antawn Jamison,Brendan Haywood,Caron Butler,Gilbert Arenas,Randy Foye,DeMarre Carroll,Marc Gasol,Mike Conley,O.J. Mayo,Zach Randolph,1,6:56,MEM,rebound,,,,,,,,,,Zach Randolph,,,,,,def,,
Antawn Jamison,Brendan Haywood,Caron Butler,Gilbert Arenas,Randy Foye,DeMarre Carroll,Marc Gasol,Mike Conley,O.J. Mayo,Zach Randolph,1,6:48,MEM,turnover,,,,,,,,,,Zach Randolph,,,out of bounds lost ball turnover,,,,,
Antawn Jamison,Brendan Haywood,Caron Butler,Gilbert Arenas,Randy Foye,DeMarre Carroll,Marc Gasol,Mike Conley,O.J. Mayo,Zach Randolph,1,6:33,WAS,shot,,,,,,,,,,Caron Butler,,,,missed,,jump,18,27
Antawn Jamison,Brendan Haywood,Caron Butler,Gilbert Arenas,Randy Foye,DeMarre Carroll,Marc Gasol,Mike Conley,O.J. Mayo,Zach Randolph,1,6:32,MEM,rebound,,,,,,,,,,Marc Gasol,,,,,,def,,
Antawn Jamison,Brendan Haywood,Caron Butler,Gilbert Arenas,Randy Foye,DeMarre Carroll,Marc Gasol,Mike Conley,O.J. Mayo,Zach Randolph,1,6:19,MEM,shot,,,,,,,,,,Mike Conley,2,,,made,,driving layup,25,6
Antawn Jamison,Brendan Haywood,Caron Butler,Gilbert Arenas,Randy Foye,DeMarre Carroll,Marc Gasol,Mike Conley,O.J. Mayo,Zach Randolph,1,6:12,WAS,shot,Gilbert Arenas,,,,,,,,,Randy Foye,2,,,made,,pullup jump,13,22
Antawn Jamison,Brendan Haywood,Caron Butler,Gilbert Arenas,Randy Foye,DeMarre Carroll,Marc Gasol,Mike Conley,O.J. Mayo,Zach Randolph,1,5:44,MEM,turnover,,,,,,,,,,Zach Randolph,,,out of bounds lost ball turnover,,,,,
Antawn Jamison,Brendan Haywood,Caron Butler,Gilbert Arenas,Randy Foye,DeMarre Carroll,Marc Gasol,Mike Conley,O.J. Mayo,Zach Randolph,1,5:44,MEM,timeout,,,,,,,,,,,,,,,,regular,,
Antawn Jamison,Brendan Haywood,Caron Butler,Gilbert Arenas,Randy Foye,DeMarre Carroll,Marc Gasol,Mike Conley,O.J. Mayo,Zach Randolph,1,5:31,WAS,shot,,,,,,,,,,Caron Butler,,,,missed,,jump,5,7
Antawn Jamison,Brendan Haywood,Caron Butler,Gilbert Arenas,Randy Foye,DeMarre Carroll,Marc Gasol,Mike Conley,O.J. Mayo,Zach Randolph,1,5:30,MEM,rebound,,,,,,,,,,Zach Randolph,,,,,,def,,
Antawn Jamison,Brendan Haywood,Caron Butler,Gilbert Arenas,Randy Foye,DeMarre Carroll,Marc Gasol,Mike Conley,O.J. Mayo,Zach Randolph,1,5:10,MEM,shot,,,,,,,,,,Marc Gasol,2,,,made,,turnaround fade away,20,13
Antawn Jamison,Brendan Haywood,Caron Butler,Gilbert Arenas,Randy Foye,DeMarre Carroll,Marc Gasol,Mike Conley,O.J. Mayo,Zach Randolph,1,4:52,WAS,shot,Brendan Haywood,,,,,,,,,Gilbert Arenas,3,,,made,,3pt,25,30
Antawn Jamison,Brendan Haywood,Caron Butler,Gilbert Arenas,Randy Foye,DeMarre Carroll,Marc Gasol,Mike Conley,O.J. Mayo,Zach Randolph,1,4:35,MEM,shot,O.J. Mayo,,,,,,,,,Zach Randolph,2,,,made,,layup,25,6
Antawn Jamison,Brendan Haywood,Caron Butler,Gilbert Arenas,Randy Foye,DeMarre Carroll,Marc Gasol,Mike Conley,O.J. Mayo,Zach Randolph,1,4:21,WAS,turnover,,,,,,,,,,Caron Butler,,,traveling,,,,,
Antawn Jamison,Brendan Haywood,Caron Butler,Gilbert Arenas,Randy Foye,DeMarre Carroll,Marc Gasol,Mike Conley,O.J. Mayo,Zach Randolph,1,4:04,MEM,shot,,,Brendan Haywood,,,,,,,O.J. Mayo,,,,missed,,layup,25,6
Antawn Jamison,Brendan Haywood,Caron Butler,Gilbert Arenas,Randy Foye,DeMarre Carroll,Marc Gasol,Mike Conley,O.J. Mayo,Zach Randolph,1,4:03,WAS,rebound,,,,,,,,,,,,,,,,,,
Antawn Jamison,Brendan Haywood,Caron Butler,Gilbert Arenas,Randy Foye,DeMarre Carroll,Marc Gasol,Mike Conley,O.J. Mayo,Zach Randolph,1,3:53,WAS,shot,,,,,,,,,,Gilbert Arenas,,,,missed,,3pt,13,31
Antawn Jamison,Brendan Haywood,Caron Butler,Gilbert Arenas,Randy Foye,DeMarre Carroll,Marc Gasol,Mike Conley,O.J. Mayo,Zach Randolph,1,3:52,MEM,rebound,,,,,,,,,,Zach Randolph,,,,,,def,,
Antawn Jamison,Brendan Haywood,Caron Butler,Gilbert Arenas,Randy Foye,DeMarre Carroll,Marc Gasol,Mike Conley,O.J. Mayo,Zach Randolph,1,3:45,WAS,foul,,,,,,,,Mike Conley,,Randy Foye,,,,,,personal,,
Antawn Jamison,Brendan Haywood,Caron Butler,Gilbert Arenas,Randy Foye,DeMarre Carroll,Marc Gasol,Mike Conley,O.J. Mayo,Zach Randolph,1,3:37,MEM,turnover,,,,,,,,,,O.J. Mayo,,,bad pass,,Antawn Jamison,,,
Antawn Jamison,Brendan Haywood,Caron Butler,Gilbert Arenas,Randy Foye,DeMarre Carroll,Marc Gasol,Mike Conley,O.J. Mayo,Zach Randolph,1,3:37,MEM,foul,,,,,,,,Caron Butler,,DeMarre Carroll,,,,,,loose ball,,
Antawn Jamison,Brendan Haywood,Caron Butler,Gilbert Arenas,Randy Foye,DeMarre Carroll,Marc Gasol,Mike Conley,O.J. Mayo,Zach Randolph,1,3:22,WAS,foul,,,,,,,,Mike Conley,,Randy Foye,,,,,,offensive,,
Antawn Jamison,Brendan Haywood,Caron Butler,Gilbert Arenas,Randy Foye,DeMarre Carroll,Marc Gasol,Mike Conley,O.J. Mayo,Zach Randolph,1,3:22,WAS,turnover,,,,,,,,,,Randy Foye,,,foul,,,,,
Antawn Jamison,Brendan Haywood,Caron Butler,Gilbert Arenas,Randy Foye,DeMarre Carroll,Hasheem Thabeet,Mike Conley,O.J. Mayo,Zach Randolph,1,3:22,MEM,sub,,,,Hasheem Thabeet,,Marc Gasol,,,,,,,,,,,,
Antawn Jamison,Brendan Haywood,Caron Butler,Gilbert Arenas,Nick Young,DeMarre Carroll,Hasheem Thabeet,Mike Conley,O.J. Mayo,Zach Randolph,1,3:22,WAS,sub,,,,Nick Young,,Randy Foye,,,,,,,,,,,,
Antawn Jamison,Brendan Haywood,Caron Butler,Gilbert Arenas,Nick Young,DeMarre Carroll,Hasheem Thabeet,Mike Conley,O.J. Mayo,Zach Randolph,1,3:05,MEM,turnover,,,,,,,,,,O.J. Mayo,,,out of bounds lost ball turnover,,,,,
Antawn Jamison,Brendan Haywood,Caron Butler,Gilbert Arenas,Nick Young,DeMarre Carroll,Hasheem Thabeet,Mike Conley,O.J. Mayo,Zach Randolph,1,2:40,WAS,shot,,,,,,,,,,Gilbert Arenas,,,,missed,,jump,35,18
Antawn Jamison,Brendan Haywood,Caron Butler,Gilbert Arenas,Nick Young,DeMarre Carroll,Hasheem Thabeet,Mike Conley,O.J. Mayo,Zach Randolph,1,2:39,MEM,rebound,,,,,,,,,,O.J. Mayo,,,,,,def,,
Antawn Jamison,Brendan Haywood,Caron Butler,Gilbert Arenas,Nick Young,DeMarre Carroll,Hasheem Thabeet,Mike Conley,O.J. Mayo,Zach Randolph,1,2:32,MEM,shot,,,,,,,,,,Mike Conley,,,,missed,,3pt,8,25
Antawn Jamison,Brendan Haywood,Caron Butler,Gilbert Arenas,Nick Young,DeMarre Carroll,Hasheem Thabeet,Mike Conley,O.J. Mayo,Zach Randolph,1,2:31,MEM,rebound,,,,,,,,,,Hasheem Thabeet,,,,,,off,,
Antawn Jamison,Brendan Haywood,Caron Butler,Gilbert Arenas,Nick Young,DeMarre Carroll,Hasheem Thabeet,Mike Conley,O.J. Mayo,Zach Randolph,1,2:31,WAS,foul,,,,,,,,Hasheem Thabeet,,Caron Butler,,,,,,shooting,,
Antawn Jamison,Brendan Haywood,Caron Butler,Gilbert Arenas,Nick Young,DeMarre Carroll,Hasheem Thabeet,Mike Conley,O.J. Mayo,Zach Randolph,1,2:31,WAS,timeout,,,,,,,,,,,,,,,,regular,,
Antawn Jamison,Brendan Haywood,Caron Butler,Gilbert Arenas,Nick Young,DeMarre Carroll,Hasheem Thabeet,Mike Conley,O.J. Mayo,Zach Randolph,1,2:31,MEM,free throw,,,,,,,1,,2,Hasheem Thabeet,,,foul,made,,,,
Antawn Jamison,Brendan Haywood,Caron Butler,Gilbert Arenas,Nick Young,DeMarre Carroll,Hasheem Thabeet,Mike Conley,O.J. Mayo,Zach Randolph,1,2:31,MEM,free throw,,,,,,,2,,2,Hasheem Thabeet,,,foul,made,,,,
Antawn Jamison,Brendan Haywood,Caron Butler,Gilbert Arenas,Nick Young,DeMarre Carroll,Hasheem Thabeet,Mike Conley,O.J. Mayo,Zach Randolph,1,2:18,WAS,shot,Caron Butler,,,,,,,,,Antawn Jamison,2,,,made,,running jump,21,11
Antawn Jamison,Brendan Haywood,Caron Butler,Gilbert Arenas,Nick Young,DeMarre Carroll,Hasheem Thabeet,Mike Conley,O.J. Mayo,Zach Randolph,1,2:00,MEM,shot,,,,,,,,,,Mike Conley,,,,missed,,3pt,27,32
Antawn Jamison,Brendan Haywood,Caron Butler,Gilbert Arenas,Nick Young,DeMarre Carroll,Hasheem Thabeet,Mike Conley,O.J. Mayo,Zach Randolph,1,1:59,WAS,rebound,,,,,,,,,,,,,,,,,,
Antawn Jamison,Brendan Haywood,Caron Butler,Gilbert Arenas,Nick Young,Hasheem Thabeet,Mike Conley,O.J. Mayo,Sam Young,Zach Randolph,1,1:59,MEM,sub,,,,Sam Young,,DeMarre Carroll,,,,,,,,,,,,
Antawn Jamison,Brendan Haywood,Caron Butler,Gilbert Arenas,Nick Young,Hasheem Thabeet,Mike Conley,O.J. Mayo,Sam Young,Zach Randolph,1,1:39,WAS,shot,,,,,,,,,,Antawn Jamison,2,,,made,,layup,25,6
Antawn Jamison,Brendan Haywood,Caron Butler,Gilbert Arenas,Nick Young,Hasheem Thabeet,Mike Conley,O.J. Mayo,Sam Young,Zach Randolph,1,1:15,MEM,turnover,,,,,,,,,,Sam Young,,,bad pass,,Gilbert Arenas,,,
Antawn Jamison,Brendan Haywood,Caron Butler,Gilbert Arenas,Nick Young,Hasheem Thabeet,Mike Conley,O.J. Mayo,Sam Young,Zach Randolph,1,1:11,WAS,shot,,,Hasheem Thabeet,,,,,,,Caron Butler,,,,missed,,layup,25,6
Antawn Jamison,Brendan Haywood,Caron Butler,Gilbert Arenas,Nick Young,Hasheem Thabeet,Mike Conley,O.J. Mayo,Sam Young,Zach Randolph,1,1:08,MEM,rebound,,,,,,,,,,Sam Young,,,,,,def,,
Antawn Jamison,Brendan Haywood,Caron Butler,Gilbert Arenas,Nick Young,Hasheem Thabeet,Mike Conley,O.J. Mayo,Sam Young,Zach Randolph,1,0:59,MEM,shot,O.J. Mayo,,,,,,,,,Zach Randolph,2,,,made,,jump,6,5
Antawn Jamison,Brendan Haywood,Caron Butler,Gilbert Arenas,Nick Young,Hasheem Thabeet,Mike Conley,O.J. Mayo,Sam Young,Zach Randolph,1,0:39,WAS,shot,,,,,,,,,,Brendan Haywood,,,,missed,,jump,9,13
Antawn Jamison,Brendan Haywood,Caron Butler,Gilbert Arenas,Nick Young,Hasheem Thabeet,Mike Conley,O.J. Mayo,Sam Young,Zach Randolph,1,0:38,MEM,rebound,,,,,,,,,,O.J. Mayo,,,,,,def,,
Antawn Jamison,Brendan Haywood,Caron Butler,Gilbert Arenas,Nick Young,Hasheem Thabeet,Mike Conley,O.J. Mayo,Sam Young,Zach Randolph,1,0:26,WAS,foul,,,,,,,,,,Brendan Haywood,,,,,,defense 3 second,,
Antawn Jamison,Brendan Haywood,Dominic McGuire,Gilbert Arenas,Nick Young,Hasheem Thabeet,Mike Conley,O.J. Mayo,Sam Young,Zach Randolph,1,0:26,WAS,sub,,,,Dominic McGuire,,Caron Butler,,,,,,,,,,,,
Antawn Jamison,Brendan Haywood,Dominic McGuire,Gilbert Arenas,Nick Young,Hasheem Thabeet,Mike Conley,O.J. Mayo,Sam Young,Zach Randolph,1,0:26,MEM,free throw,,,,,,,1,,1,O.J. Mayo,,,technical,made,,,,
Antawn Jamison,Brendan Haywood,Dominic McGuire,Gilbert Arenas,Nick Young,Hasheem Thabeet,Mike Conley,O.J. Mayo,Sam Young,Zach Randolph,1,0:21,WAS,foul,,,,,,,,Mike Conley,,Gilbert Arenas,,,,,,personal,,
Antawn Jamison,Brendan Haywood,Dominic McGuire,Gilbert Arenas,Nick Young,Hasheem Thabeet,Mike Conley,O.J. Mayo,Sam Young,Zach Randolph,1,0:21,MEM,free throw,,,,,,,1,,2,Mike Conley,,,foul,missed,,,,
Antawn Jamison,Brendan Haywood,Dominic McGuire,Gilbert Arenas,Nick Young,Hasheem Thabeet,Mike Conley,O.J. Mayo,Sam Young,Zach Randolph,1,0:21,MEM,rebound,,,,,,,,,,,,,,,,,,
Antawn Jamison,Brendan Haywood,Dominic McGuire,Gilbert Arenas,Nick Young,Hasheem Thabeet,Mike Conley,O.J. Mayo,Sam Young,Zach Randolph,1,0:21,MEM,free throw,,,,,,,2,,2,Mike Conley,,,foul,made,,,,
Antawn Jamison,Brendan Haywood,Dominic McGuire,Gilbert Arenas,Nick Young,Hasheem Thabeet,Mike Conley,O.J. Mayo,Sam Young,Zach Randolph,1,0:02,WAS,shot,,,,,,,,,,Gilbert Arenas,3,,,made,,3pt,13,32
Antawn Jamison,Brendan Haywood,Dominic McGuire,Gilbert Arenas,Nick Young,Hasheem Thabeet,Mike Conley,O.J. Mayo,Sam Young,Zach Randolph,1,0:01,MEM,shot,,,,,,,,,,O.J. Mayo,,,,missed,,3pt,9,43
Antawn Jamison,Brendan Haywood,Dominic McGuire,Gilbert Arenas,Nick Young,Hasheem Thabeet,Mike Conley,O.J. Mayo,Sam Young,Zach Randolph,1,0:00,MEM,rebound,,,,,,,,,,,,,,,,,,
Andray Blatche,Antawn Jamison,Dominic McGuire,Earl Boykins,Nick Young,Hasheem Thabeet,Jamaal Tinsley,O.J. Mayo,Sam Young,Zach Randolph,2,11:47,MEM,shot,,,,,,,,,,Sam Young,2,,,made,,jump,24,12
Andray Blatche,Antawn Jamison,Dominic McGuire,Earl Boykins,Nick Young,Hasheem Thabeet,Jamaal Tinsley,O.J. Mayo,Sam Young,Zach Randolph,2,11:47,WAS,foul,,,,,,,,Sam Young,,Dominic McGuire,,,,,,shooting,,
Andray Blatche,Antawn Jamison,Dominic McGuire,Earl Boykins,Nick Young,Hasheem Thabeet,Jamaal Tinsley,O.J. Mayo,Sam Young,Zach Randolph,2,11:47,MEM,free throw,,,,,,,1,,1,Sam Young,,,foul,made,,,,
Andray Blatche,Antawn Jamison,Dominic McGuire,Earl Boykins,Nick Young,Hasheem Thabeet,Jamaal Tinsley,O.J. Mayo,Sam Young,Zach Randolph,2,11:37,WAS,shot,Earl Boykins,,,,,,,,,Nick Young,3,,,made,,3pt,41,26
Andray Blatche,Antawn Jamison,Dominic McGuire,Earl Boykins,Nick Young,Hasheem Thabeet,Jamaal Tinsley,O.J. Mayo,Sam Young,Zach Randolph,2,11:22,MEM,shot,,,,,,,,,,Sam Young,,,,missed,,turnaround jump,24,12
Andray Blatche,Antawn Jamison,Dominic McGuire,Earl Boykins,Nick Young,Hasheem Thabeet,Jamaal Tinsley,O.J. Mayo,Sam Young,Zach Randolph,2,11:19,WAS,rebound,,,,,,,,,,Antawn Jamison,,,,,,def,,
Andray Blatche,Antawn Jamison,Dominic McGuire,Earl Boykins,Nick Young,Hasheem Thabeet,Jamaal Tinsley,O.J. Mayo,Sam Young,Zach Randolph,2,11:12,WAS,turnover,,,,,,,,,,Earl Boykins,,,bad pass,,,,,
Andray Blatche,Antawn Jamison,Dominic McGuire,Earl Boykins,Nick Young,Hasheem Thabeet,Jamaal Tinsley,O.J. Mayo,Sam Young,Zach Randolph,2,10:51,MEM,shot,,,,,,,,,,Hasheem Thabeet,,,,missed,,layup,25,6
Andray Blatche,Antawn Jamison,Dominic McGuire,Earl Boykins,Nick Young,Hasheem Thabeet,Jamaal Tinsley,O.J. Mayo,Sam Young,Zach Randolph,2,10:49,WAS,rebound,,,,,,,,,,Antawn Jamison,,,,,,def,,
Andray Blatche,Antawn Jamison,Dominic McGuire,Earl Boykins,Nick Young,Hasheem Thabeet,Jamaal Tinsley,O.J. Mayo,Sam Young,Zach Randolph,2,10:43,WAS,foul,,,,,,,,O.J. Mayo,,Nick Young,,,,,,offensive,,
Andray Blatche,Antawn Jamison,Dominic McGuire,Earl Boykins,Nick Young,Hasheem Thabeet,Jamaal Tinsley,O.J. Mayo,Sam Young,Zach Randolph,2,10:43,WAS,turnover,,,,,,,,,,Nick Young,,,foul,,,,,
Andray Blatche,Antawn Jamison,Dominic McGuire,Earl Boykins,Nick Young,Hasheem Thabeet,Jamaal Tinsley,O.J. Mayo,Sam Young,Zach Randolph,2,10:31,MEM,shot,,,,,,,,,,Jamaal Tinsley,,,,missed,,3pt,48,7
Andray Blatche,Antawn Jamison,Dominic McGuire,Earl Boykins,Nick Young,Hasheem Thabeet,Jamaal Tinsley,O.J. Mayo,Sam Young,Zach Randolph,2,10:30,MEM,rebound,,,,,,,,,,Zach Randolph,,,,,,off,,
Andray Blatche,Antawn Jamison,Dominic McGuire,Earl Boykins,Nick Young,Hasheem Thabeet,Jamaal Tinsley,O.J. Mayo,Sam Young,Zach Randolph,2,10:27,MEM,shot,,,,,,,,,,Zach Randolph,2,,,made,,jump,26,14
Andray Blatche,Antawn Jamison,Dominic McGuire,Earl Boykins,Nick Young,Hasheem Thabeet,Jamaal Tinsley,O.J. Mayo,Sam Young,Zach Randolph,2,10:11,WAS,shot,,,Zach Randolph,,,,,,,Antawn Jamison,,,,missed,,jump,21,16
Andray Blatche,Antawn Jamison,Dominic McGuire,Earl Boykins,Nick Young,Hasheem Thabeet,Jamaal Tinsley,O.J. Mayo,Sam Young,Zach Randolph,2,10:09,WAS,rebound,,,,,,,,,,Antawn Jamison,,,,,,off,,
Andray Blatche,Antawn Jamison,Dominic McGuire,Earl Boykins,Nick Young,Hasheem Thabeet,Jamaal Tinsley,O.J. Mayo,Sam Young,Zach Randolph,2,10:07,WAS,shot,,,,,,,,,,Andray Blatche,,,,missed,,jump,43,13
Andray Blatche,Antawn Jamison,Dominic McGuire,Earl Boykins,Nick Young,Hasheem Thabeet,Jamaal Tinsley,O.J. Mayo,Sam Young,Zach Randolph,2,10:05,WAS,rebound,,,,,,,,,,Dominic McGuire,,,,,,off,,
Andray Blatche,Antawn Jamison,Dominic McGuire,Earl Boykins,Nick Young,Hasheem Thabeet,Jamaal Tinsley,O.J. Mayo,Sam Young,Zach Randolph,2,10:05,MEM,foul,,,,,,,,Dominic McGuire,,Hasheem Thabeet,,,,,,personal,,
Andray Blatche,Antawn Jamison,Dominic McGuire,Earl Boykins,Nick Young,Hasheem Thabeet,Jamaal Tinsley,O.J. Mayo,Sam Young,Zach Randolph,2,9:56,WAS,shot,Earl Boykins,,,,,,,,,Antawn Jamison,3,,,made,,3pt,37,29
Andray Blatche,Antawn Jamison,Dominic McGuire,Earl Boykins,Nick Young,Hasheem Thabeet,Jamaal Tinsley,O.J. Mayo,Sam Young,Zach Randolph,2,9:45,MEM,shot,,,,,,,,,,Zach Randolph,2,,,made,,jump,12,9
Andray Blatche,Antawn Jamison,Dominic McGuire,Earl Boykins,Nick Young,Hasheem Thabeet,Jamaal Tinsley,O.J. Mayo,Sam Young,Zach Randolph,2,9:30,WAS,shot,,,,,,,,,,Earl Boykins,,,,missed,,running jump,19,15
Andray Blatche,Antawn Jamison,Dominic McGuire,Earl Boykins,Nick Young,Hasheem Thabeet,Jamaal Tinsley,O.J. Mayo,Sam Young,Zach Randolph,2,9:27,MEM,rebound,,,,,,,,,,Zach Randolph,,,,,,def,,
Andray Blatche,Antawn Jamison,Dominic McGuire,Earl Boykins,Nick Young,Hasheem Thabeet,Jamaal Tinsley,O.J. Mayo,Sam Young,Zach Randolph,2,9:24,MEM,shot,Jamaal Tinsley,,,,,,,,,Sam Young,2,,,made,,dunk,25,6
Andray Blatche,Antawn Jamison,Dominic McGuire,Earl Boykins,Nick Young,Hasheem Thabeet,Jamaal Tinsley,O.J. Mayo,Sam Young,Zach Randolph,2,9:22,WAS,timeout,,,,,,,,,,,,,,,,regular,,
Andray Blatche,Antawn Jamison,Dominic McGuire,Earl Boykins,Nick Young,Hasheem Thabeet,Jamaal Tinsley,Marc Gasol,O.J. Mayo,Sam Young,2,9:22,MEM,sub,,,,Marc Gasol,,Zach Randolph,,,,,,,,,,,,
Andray Blatche,Antawn Jamison,Dominic McGuire,Earl Boykins,Nick Young,Hasheem Thabeet,Jamaal Tinsley,Marc Gasol,Marcus Williams,Sam Young,2,9:22,MEM,sub,,,,Marcus Williams,,O.J. Mayo,,,,,,,,,,,,
Andray Blatche,Antawn Jamison,Dominic McGuire,Earl Boykins,Nick Young,Hasheem Thabeet,Jamaal Tinsley,Marc Gasol,Marcus Williams,Sam Young,2,9:06,WAS,shot,,,,,,,,,,Nick Young,,,,missed,,jump,9,14
Andray Blatche,Antawn Jamison,Dominic McGuire,Earl Boykins,Nick Young,Hasheem Thabeet,Jamaal Tinsley,Marc Gasol,Marcus Williams,Sam Young,2,9:06,MEM,rebound,,,,,,,,,,Hasheem Thabeet,,,,,,def,,
Andray Blatche,Antawn Jamison,Dominic McGuire,Earl Boykins,Nick Young,Hasheem Thabeet,Jamaal Tinsley,Marc Gasol,Marcus Williams,Sam Young,2,8:49,WAS,foul,,,,,,,,Sam Young,,Dominic McGuire,,,,,,shooting,,
Andray Blatche,Antawn Jamison,Dominic McGuire,Earl Boykins,Nick Young,Hasheem Thabeet,Jamaal Tinsley,Marc Gasol,Marcus Williams,Sam Young,2,8:49,MEM,free throw,,,,,,,1,,2,Sam Young,,,foul,made,,,,
Andray Blatche,Brendan Haywood,Dominic McGuire,Earl Boykins,Nick Young,Hasheem Thabeet,Jamaal Tinsley,Marc Gasol,Marcus Williams,Sam Young,2,8:49,WAS,sub,,,,Brendan Haywood,,Antawn Jamison,,,,,,,,,,,,
Andray Blatche,Brendan Haywood,Caron Butler,Earl Boykins,Nick Young,Hasheem Thabeet,Jamaal Tinsley,Marc Gasol,Marcus Williams,Sam Young,2,8:49,WAS,sub,,,,Caron Butler,,Dominic McGuire,,,,,,,,,,,,
Andray Blatche,Brendan Haywood,Caron Butler,Earl Boykins,Nick Young,Hasheem Thabeet,Jamaal Tinsley,Marc Gasol,Marcus Williams,Sam Young,2,8:49,MEM,free throw,,,,,,,2,,2,Sam Young,,,foul,missed,,,,
Andray Blatche,Brendan Haywood,Caron Butler,Earl Boykins,Nick Young,Hasheem Thabeet,Jamaal Tinsley,Marc Gasol,Marcus Williams,Sam Young,2,8:48,WAS,rebound,,,,,,,,,,Andray Blatche,,,,,,def,,
Andray Blatche,Brendan Haywood,Caron Butler,Earl Boykins,Nick Young,Hasheem Thabeet,Jamaal Tinsley,Marc Gasol,Marcus Williams,Sam Young,2,8:31,WAS,shot,,,,,,,,,,Caron Butler,2,,,made,,pullup jump,23,15
Andray Blatche,Brendan Haywood,Caron Butler,Earl Boykins,Nick Young,Hasheem Thabeet,Jamaal Tinsley,Marc Gasol,Marcus Williams,Sam Young,2,8:10,MEM,shot,,,,,,,,,,Sam Young,,,,missed,,pullup bank,13,10
Andray Blatche,Brendan Haywood,Caron Butler,Earl Boykins,Nick Young,Hasheem Thabeet,Jamaal Tinsley,Marc Gasol,Marcus Williams,Sam Young,2,8:08,WAS,rebound,,,,,,,,,,,,,,,,,,
Andray Blatche,Brendan Haywood,Caron Butler,Earl Boykins,Gilbert Arenas,Hasheem Thabeet,Jamaal Tinsley,Marc Gasol,Marcus Williams,Sam Young,2,8:08,WAS,sub,,,,Gilbert Arenas,,Nick Young,,,,,,,,,,,,
Andray Blatche,Brendan Haywood,Caron Butler,Earl Boykins,Gilbert Arenas,Hasheem Thabeet,Jamaal Tinsley,Marc Gasol,Marcus Williams,Sam Young,2,7:49,WAS,turnover,,,,,,,,,,Caron Butler,,,traveling,,,,,
Andray Blatche,Brendan Haywood,Caron Butler,Earl Boykins,Gilbert Arenas,Hasheem Thabeet,Jamaal Tinsley,Marc Gasol,Marcus Williams,Sam Young,2,7:33,MEM,shot,,,,,,,,,,Jamaal Tinsley,2,,,made,,running layup,25,6
Andray Blatche,Brendan Haywood,Caron Butler,Earl Boykins,Gilbert Arenas,Hasheem Thabeet,Jamaal Tinsley,Marc Gasol,Marcus Williams,Sam Young,2,7:22,WAS,turnover,,,,,,,,,,Andray Blatche,,,traveling,,,,,
Andray Blatche,Brendan Haywood,Caron Butler,Earl Boykins,Gilbert Arenas,Hasheem Thabeet,Jamaal Tinsley,Marc Gasol,Marcus Williams,Sam Young,2,7:10,MEM,shot,,,,,,,,,,Hasheem Thabeet,,,,missed,,jump,23,16
Andray Blatche,Brendan Haywood,Caron Butler,Earl Boykins,Gilbert Arenas,Hasheem Thabeet,Jamaal Tinsley,Marc Gasol,Marcus Williams,Sam Young,2,7:09,MEM,rebound,,,,,,,,,,Sam Young,,,,,,off,,
Andray Blatche,Brendan Haywood,Caron Butler,Earl Boykins,Gilbert Arenas,Hasheem Thabeet,Jamaal Tinsley,Marc Gasol,Marcus Williams,Sam Young,2,6:58,MEM,shot,,,,,,,,,,Marcus Williams,,,,missed,,running jump,29,15
Andray Blatche,Brendan Haywood,Caron Butler,Earl Boykins,Gilbert Arenas,Hasheem Thabeet,Jamaal Tinsley,Marc Gasol,Marcus Williams,Sam Young,2,6:56,WAS,rebound,,,,,,,,,,Gilbert Arenas,,,,,,def,,
Andray Blatche,Brendan Haywood,Caron Butler,Earl Boykins,Gilbert Arenas,Hasheem Thabeet,Jamaal Tinsley,Marc Gasol,Marcus Williams,Sam Young,2,6:51,WAS,shot,,,,,,,,,,Earl Boykins,,,,missed,,reverse layup,25,6
Andray Blatche,Brendan Haywood,Caron Butler,Earl Boykins,Gilbert Arenas,Hasheem Thabeet,Jamaal Tinsley,Marc Gasol,Marcus Williams,Sam Young,2,6:48,MEM,rebound,,,,,,,,,,Marc Gasol,,,,,,def,,
Andray Blatche,Brendan Haywood,Caron Butler,Earl Boykins,Gilbert Arenas,Hasheem Thabeet,Jamaal Tinsley,Marc Gasol,Marcus Williams,Sam Young,2,6:44,MEM,shot,Jamaal Tinsley,,,,,,,,,Hasheem Thabeet,2,,,made,,dunk,25,6
Andray Blatche,Brendan Haywood,Caron Butler,Earl Boykins,Gilbert Arenas,Hasheem Thabeet,Jamaal Tinsley,Marc Gasol,Marcus Williams,Sam Young,2,6:30,WAS,shot,,,,,,,,,,Gilbert Arenas,2,,,made,,jump,16,26
Andray Blatche,Brendan Haywood,Caron Butler,Earl Boykins,Gilbert Arenas,Hasheem Thabeet,Jamaal Tinsley,Marc Gasol,Marcus Williams,Sam Young,2,6:05,MEM,shot,,,,,,,,,,Sam Young,,,,missed,,3pt,18,31
Andray Blatche,Brendan Haywood,Caron Butler,Earl Boykins,Gilbert Arenas,Hasheem Thabeet,Jamaal Tinsley,Marc Gasol,Marcus Williams,Sam Young,2,6:04,MEM,rebound,,,,,,,,,,Hasheem Thabeet,,,,,,off,,
Andray Blatche,Brendan Haywood,Caron Butler,Earl Boykins,Gilbert Arenas,Hasheem Thabeet,Jamaal Tinsley,Marc Gasol,Marcus Williams,Sam Young,2,6:04,MEM,foul,,,,,,,,Gilbert Arenas,,Hasheem Thabeet,,,,,,offensive,,
Andray Blatche,Brendan Haywood,Caron Butler,Earl Boykins,Gilbert Arenas,Hasheem Thabeet,Jamaal Tinsley,Marc Gasol,Marcus Williams,Sam Young,2,6:04,MEM,turnover,,,,,,,,,,Hasheem Thabeet,,,foul,,,,,
Andray Blatche,Brendan Haywood,Caron Butler,Earl Boykins,Gilbert Arenas,Hasheem Thabeet,Jamaal Tinsley,Marc Gasol,Marcus Williams,Sam Young,2,5:44,WAS,shot,,,,,,,,,,Caron Butler,2,,,made,,jump,7,8
Andray Blatche,Brendan Haywood,Caron Butler,Earl Boykins,Gilbert Arenas,Hasheem Thabeet,Jamaal Tinsley,Marc Gasol,Marcus Williams,Sam Young,2,5:26,MEM,shot,Marcus Williams,,,,,,,,,Marc Gasol,2,,,made,,dunk,25,6
Andray Blatche,Brendan Haywood,Caron Butler,Earl Boykins,Gilbert Arenas,Hasheem Thabeet,Jamaal Tinsley,Marc Gasol,Marcus Williams,Sam Young,2,5:10,WAS,shot,,,,,,,,,,Gilbert Arenas,2,,,made,,driving layup,25,6
Andray Blatche,Brendan Haywood,Caron Butler,Earl Boykins,Gilbert Arenas,Hasheem Thabeet,Jamaal Tinsley,Marc Gasol,Marcus Williams,Sam Young,2,4:58,MEM,turnover,,,,,,,,,,Sam Young,,,traveling,,,,,
Andray Blatche,Brendan Haywood,Caron Butler,Earl Boykins,Gilbert Arenas,Hasheem Thabeet,Jamaal Tinsley,Marc Gasol,Marcus Williams,Sam Young,2,4:58,WAS,timeout,,,,,,,,,,,,,,,,official,,
Andray Blatche,Brendan Haywood,Caron Butler,Earl Boykins,Gilbert Arenas,Jamaal Tinsley,Marc Gasol,Marcus Williams,Mike Conley,Sam Young,2,4:58,MEM,sub,,,,Mike Conley,,Hasheem Thabeet,,,,,,,,,,,,
Andray Blatche,Brendan Haywood,Caron Butler,Earl Boykins,Gilbert Arenas,Jamaal Tinsley,Marc Gasol,Mike Conley,Sam Young,Zach Randolph,2,4:58,MEM,sub,,,,Zach Randolph,,Marcus Williams,,,,,,,,,,,,
Andray Blatche,Brendan Haywood,Caron Butler,Earl Boykins,Gilbert Arenas,Jamaal Tinsley,Marc Gasol,Mike Conley,Sam Young,Zach Randolph,2,4:48,WAS,shot,,,,,,,,,,Earl Boykins,,,,missed,,pullup jump,12,20
Andray Blatche,Brendan Haywood,Caron Butler,Earl Boykins,Gilbert Arenas,Jamaal Tinsley,Marc Gasol,Mike Conley,Sam Young,Zach Randolph,2,4:46,MEM,rebound,,,,,,,,,,Mike Conley,,,,,,def,,
Andray Blatche,Brendan Haywood,Caron Butler,Earl Boykins,Gilbert Arenas,Jamaal Tinsley,Marc Gasol,Mike Conley,Sam Young,Zach Randolph,2,4:31,MEM,shot,,,,,,,,,,Mike Conley,,,,missed,,3pt,2,5
Andray Blatche,Brendan Haywood,Caron Butler,Earl Boykins,Gilbert Arenas,Jamaal Tinsley,Marc Gasol,Mike Conley,Sam Young,Zach Randolph,2,4:28,MEM,rebound,,,,,,,,,,Marc Gasol,,,,,,off,,
Andray Blatche,Brendan Haywood,Caron Butler,Earl Boykins,Gilbert Arenas,Jamaal Tinsley,Marc Gasol,Mike Conley,Sam Young,Zach Randolph,2,4:27,MEM,shot,,,Brendan Haywood,,,,,,,Sam Young,,,,missed,,layup,25,6
Andray Blatche,Brendan Haywood,Caron Butler,Earl Boykins,Gilbert Arenas,Jamaal Tinsley,Marc Gasol,Mike Conley,Sam Young,Zach Randolph,2,4:25,MEM,rebound,,,,,,,,,,Sam Young,,,,,,off,,
Andray Blatche,Brendan Haywood,Caron Butler,Earl Boykins,Gilbert Arenas,Jamaal Tinsley,Marc Gasol,Mike Conley,Sam Young,Zach Randolph,2,4:23,MEM,shot,,,,,,,,,,Sam Young,,,,missed,,jump,18,9
Andray Blatche,Brendan Haywood,Caron Butler,Earl Boykins,Gilbert Arenas,Jamaal Tinsley,Marc Gasol,Mike Conley,Sam Young,Zach Randolph,2,4:20,WAS,rebound,,,,,,,,,,Andray Blatche,,,,,,def,,
Andray Blatche,Brendan Haywood,Caron Butler,Earl Boykins,Gilbert Arenas,Jamaal Tinsley,Marc Gasol,Mike Conley,Sam Young,Zach Randolph,2,4:09,WAS,shot,Andray Blatche,,,,,,,,,Caron Butler,2,,,made,,layup,25,6
Andray Blatche,Brendan Haywood,Caron Butler,Earl Boykins,Gilbert Arenas,Jamaal Tinsley,Marc Gasol,Mike Conley,Sam Young,Zach Randolph,2,3:40,MEM,shot,,,,,,,,,,Sam Young,,,,missed,,jump,7,7
Andray Blatche,Brendan Haywood,Caron Butler,Earl Boykins,Gilbert Arenas,Jamaal Tinsley,Marc Gasol,Mike Conley,Sam Young,Zach Randolph,2,3:39,WAS,rebound,,,,,,,,,,Brendan Haywood,,,,,,def,,
Andray Blatche,Brendan Haywood,Caron Butler,Earl Boykins,Gilbert Arenas,Jamaal Tinsley,Marc Gasol,Mike Conley,Sam Young,Zach Randolph,2,3:24,WAS,shot,Earl Boykins,,,,,,,,,Brendan Haywood,2,,,made,,dunk,25,6
Andray Blatche,Brendan Haywood,Caron Butler,Earl Boykins,Gilbert Arenas,Jamaal Tinsley,Marc Gasol,Mike Conley,Sam Young,Zach Randolph,2,3:06,WAS,foul,,,,,,,,Marc Gasol,,Brendan Haywood,,,,,,personal,,
Andray Blatche,Brendan Haywood,Caron Butler,Earl Boykins,Gilbert Arenas,Marc Gasol,Mike Conley,O.J. Mayo,Sam Young,Zach Randolph,2,3:06,MEM,sub,,,,O.J. Mayo,,Jamaal Tinsley,,,,,,,,,,,,
Andray Blatche,Brendan Haywood,Caron Butler,Earl Boykins,Gilbert Arenas,DeMarre Carroll,Marc Gasol,Mike Conley,O.J. Mayo,Zach Randolph,2,3:06,MEM,sub,,,,DeMarre Carroll,,Sam Young,,,,,,,,,,,,
Andray Blatche,Brendan Haywood,Caron Butler,Earl Boykins,Gilbert Arenas,DeMarre Carroll,Marc Gasol,Mike Conley,O.J. Mayo,Zach Randolph,2,2:57,MEM,shot,Zach Randolph,,,,,,,,,Marc Gasol,2,,,made,,hook,30,10
Andray Blatche,Brendan Haywood,Caron Butler,Earl Boykins,Gilbert Arenas,DeMarre Carroll,Marc Gasol,Mike Conley,O.J. Mayo,Zach Randolph,2,2:45,WAS,shot,Earl Boykins,,,,,,,,,Caron Butler,2,,,made,,jump,17,26
Andray Blatche,Brendan Haywood,Caron Butler,Earl Boykins,Gilbert Arenas,DeMarre Carroll,Marc Gasol,Mike Conley,O.J. Mayo,Zach Randolph,2,2:34,MEM,shot,,,,,,,,,,Marc Gasol,,,,missed,,jump,19,25
Andray Blatche,Brendan Haywood,Caron Butler,Earl Boykins,Gilbert Arenas,DeMarre Carroll,Marc Gasol,Mike Conley,O.J. Mayo,Zach Randolph,2,2:33,WAS,rebound,,,,,,,,,,Caron Butler,,,,,,def,,
Andray Blatche,Brendan Haywood,Caron Butler,Earl Boykins,Gilbert Arenas,DeMarre Carroll,Marc Gasol,Mike Conley,O.J. Mayo,Zach Randolph,2,2:27,WAS,shot,Earl Boykins,,,,,,,,,Gilbert Arenas,3,,,made,,3pt,37,29
Andray Blatche,Brendan Haywood,Caron Butler,Earl Boykins,Gilbert Arenas,DeMarre Carroll,Marc Gasol,Mike Conley,O.J. Mayo,Zach Randolph,2,2:25,MEM,timeout,,,,,,,,,,,,,,,,regular,,
Andray Blatche,Brendan Haywood,Caron Butler,Earl Boykins,Gilbert Arenas,DeMarre Carroll,Marc Gasol,Mike Conley,O.J. Mayo,Zach Randolph,2,2:02,MEM,shot,Marc Gasol,,,,,,,,,O.J. Mayo,2,,,made,,jump,39,19
Andray Blatche,Brendan Haywood,Caron Butler,Earl Boykins,Gilbert Arenas,DeMarre Carroll,Marc Gasol,Mike Conley,O.J. Mayo,Zach Randolph,2,1:48,MEM,foul,,,,,,,,Caron Butler,,DeMarre Carroll,,,,,,shooting,,
Andray Blatche,Brendan Haywood,Caron Butler,Earl Boykins,Gilbert Arenas,DeMarre Carroll,Marc Gasol,Mike Conley,O.J. Mayo,Zach Randolph,2,1:48,WAS,free throw,,,,,,,1,,2,Caron Butler,,,foul,made,,,,
Andray Blatche,Brendan Haywood,Caron Butler,Earl Boykins,Gilbert Arenas,DeMarre Carroll,Marc Gasol,Mike Conley,O.J. Mayo,Zach Randolph,2,1:48,WAS,free throw,,,,,,,2,,2,Caron Butler,,,foul,missed,,,,
Andray Blatche,Brendan Haywood,Caron Butler,Earl Boykins,Gilbert Arenas,DeMarre Carroll,Marc Gasol,Mike Conley,O.J. Mayo,Zach Randolph,2,1:46,MEM,rebound,,,,,,,,,,Marc Gasol,,,,,,def,,
Andray Blatche,Brendan Haywood,Caron Butler,Earl Boykins,Gilbert Arenas,DeMarre Carroll,Marc Gasol,Mike Conley,O.J. Mayo,Zach Randolph,2,1:33,MEM,shot,,,,,,,,,,DeMarre Carroll,,,,missed,,jump,43,10
Andray Blatche,Brendan Haywood,Caron Butler,Earl Boykins,Gilbert Arenas,DeMarre Carroll,Marc Gasol,Mike Conley,O.J. Mayo,Zach Randolph,2,1:32,WAS,rebound,,,,,,,,,,Andray Blatche,,,,,,def,,
Andray Blatche,Brendan Haywood,Caron Butler,Earl Boykins,Gilbert Arenas,DeMarre Carroll,Marc Gasol,Mike Conley,O.J. Mayo,Zach Randolph,2,1:16,WAS,shot,Andray Blatche,,,,,,,,,Brendan Haywood,2,,,made,,dunk,25,6
Andray Blatche,Brendan Haywood,Caron Butler,Earl Boykins,Gilbert Arenas,DeMarre Carroll,Marc Gasol,Mike Conley,O.J. Mayo,Zach Randolph,2,1:16,MEM,foul,,,,,,,,Brendan Haywood,,O.J. Mayo,,,,,,shooting,,
Andray Blatche,Brendan Haywood,Caron Butler,DeShawn Stevenson,Earl Boykins,DeMarre Carroll,Marc Gasol,Mike Conley,O.J. Mayo,Zach Randolph,2,1:16,WAS,sub,,,,DeShawn Stevenson,,Gilbert Arenas,,,,,,,,,,,,
Andray Blatche,Brendan Haywood,Caron Butler,DeShawn Stevenson,Earl Boykins,DeMarre Carroll,Marc Gasol,Mike Conley,O.J. Mayo,Zach Randolph,2,1:16,WAS,free throw,,,,,,,1,,1,Brendan Haywood,,,foul,missed,,,,
Andray Blatche,Brendan Haywood,Caron Butler,DeShawn Stevenson,Earl Boykins,DeMarre Carroll,Marc Gasol,Mike Conley,O.J. Mayo,Zach Randolph,2,1:15,MEM,rebound,,,,,,,,,,Zach Randolph,,,,,,def,,
Andray Blatche,Brendan Haywood,Caron Butler,DeShawn Stevenson,Earl Boykins,DeMarre Carroll,Marc Gasol,Mike Conley,O.J. Mayo,Zach Randolph,2,0:58,MEM,shot,DeMarre Carroll,,,,,,,,,Mike Conley,3,,,made,,3pt,2,9
Andray Blatche,Brendan Haywood,Caron Butler,DeShawn Stevenson,Earl Boykins,DeMarre Carroll,Marc Gasol,Mike Conley,O.J. Mayo,Zach Randolph,2,0:46,WAS,shot,Earl Boykins,,,,,,,,,Brendan Haywood,2,,,made,,layup,25,6
Andray Blatche,Brendan Haywood,Caron Butler,DeShawn Stevenson,Earl Boykins,DeMarre Carroll,Marc Gasol,Mike Conley,O.J. Mayo,Zach Randolph,2,0:32,MEM,shot,Mike Conley,,,,,,,,,Marc Gasol,2,,,made,,layup,25,6
Andray Blatche,Brendan Haywood,Caron Butler,DeShawn Stevenson,Earl Boykins,DeMarre Carroll,Marc Gasol,Mike Conley,O.J. Mayo,Zach Randolph,2,0:08,WAS,shot,,,,,,,,,,Earl Boykins,,,,missed,,jump,40,22
Andray Blatche,Brendan Haywood,Caron Butler,DeShawn Stevenson,Earl Boykins,DeMarre Carroll,Marc Gasol,Mike Conley,O.J. Mayo,Zach Randolph,2,0:07,MEM,rebound,,,,,,,,,,Zach Randolph,,,,,,def,,
Andray Blatche,Brendan Haywood,Caron Butler,DeShawn Stevenson,Earl Boykins,DeMarre Carroll,Marc Gasol,Mike Conley,O.J. Mayo,Zach Randolph,2,0:03,WAS,foul,,,,,,,,Mike Conley,,DeShawn Stevenson,,,,,,shooting,,
Andray Blatche,Brendan Haywood,Caron Butler,DeShawn Stevenson,Earl Boykins,DeMarre Carroll,Marc Gasol,Mike Conley,O.J. Mayo,Zach Randolph,2,0:03,MEM,free throw,,,,,,,1,,2,Mike Conley,,,foul,made,,,,
Andray Blatche,Brendan Haywood,Caron Butler,DeShawn Stevenson,Earl Boykins,Marc Gasol,Mike Conley,O.J. Mayo,Sam Young,Zach Randolph,2,0:03,MEM,sub,,,,Sam Young,,DeMarre Carroll,,,,,,,,,,,,
Andray Blatche,Brendan Haywood,Caron Butler,DeShawn Stevenson,Earl Boykins,Marc Gasol,Mike Conley,O.J. Mayo,Sam Young,Zach Randolph,2,0:03,MEM,free throw,,,,,,,2,,2,Mike Conley,,,foul,made,,,,
Andray Blatche,Brendan Haywood,Caron Butler,DeShawn Stevenson,Earl Boykins,Marc Gasol,Mike Conley,O.J. Mayo,Sam Young,Zach Randolph,2,0:01,WAS,shot,,,,,,,,,,Earl Boykins,,,,missed,,3pt,11,36
Andray Blatche,Brendan Haywood,Caron Butler,DeShawn Stevenson,Earl Boykins,Marc Gasol,Mike Conley,O.J. Mayo,Sam Young,Zach Randolph,2,0:00,WAS,rebound,,,,,,,,,,,,,,,,,,
Antawn Jamison,Brendan Haywood,Caron Butler,Gilbert Arenas,Randy Foye,DeMarre Carroll,Marc Gasol,Mike Conley,O.J. Mayo,Zach Randolph,3,11:50,WAS,foul,,,,,,,,Marc Gasol,,Randy Foye,,,,,,personal,,
Antawn Jamison,Brendan Haywood,Caron Butler,Gilbert Arenas,Randy Foye,DeMarre Carroll,Marc Gasol,Mike Conley,O.J. Mayo,Zach Randolph,3,11:44,MEM,shot,,,,,,,,,,Mike Conley,2,,,made,,running jump,18,11
Antawn Jamison,Brendan Haywood,Caron Butler,Gilbert Arenas,Randy Foye,DeMarre Carroll,Marc Gasol,Mike Conley,O.J. Mayo,Zach Randolph,3,11:28,MEM,foul,,,,,,,,Antawn Jamison,,Zach Randolph,,,,,,shooting,,
Antawn Jamison,Brendan Haywood,Caron Butler,Gilbert Arenas,Randy Foye,DeMarre Carroll,Marc Gasol,Mike Conley,O.J. Mayo,Zach Randolph,3,11:28,WAS,free throw,,,,,,,1,,2,Antawn Jamison,,,foul,made,,,,
Antawn Jamison,Brendan Haywood,Caron Butler,Gilbert Arenas,Randy Foye,DeMarre Carroll,Marc Gasol,Mike Conley,O.J. Mayo,Zach Randolph,3,11:28,WAS,free throw,,,,,,,2,,2,Antawn Jamison,,,foul,made,,,,
Antawn Jamison,Brendan Haywood,Caron Butler,Gilbert Arenas,Randy Foye,DeMarre Carroll,Marc Gasol,Mike Conley,O.J. Mayo,Zach Randolph,3,11:08,MEM,shot,Marc Gasol,,,,,,,,,DeMarre Carroll,2,,,made,,layup,25,6
Antawn Jamison,Brendan Haywood,Caron Butler,Gilbert Arenas,Randy Foye,DeMarre Carroll,Marc Gasol,Mike Conley,O.J. Mayo,Zach Randolph,3,10:58,WAS,foul,,,,,,,,Marc Gasol,,Antawn Jamison,,,,,,offensive,,
Antawn Jamison,Brendan Haywood,Caron Butler,Gilbert Arenas,Randy Foye,DeMarre Carroll,Marc Gasol,Mike Conley,O.J. Mayo,Zach Randolph,3,10:58,WAS,turnover,,,,,,,,,,Antawn Jamison,,,foul,,,,,
Antawn Jamison,Brendan Haywood,Caron Butler,Gilbert Arenas,Randy Foye,DeMarre Carroll,Marc Gasol,Mike Conley,O.J. Mayo,Zach Randolph,3,10:34,MEM,shot,,,,,,,,,,Zach Randolph,,,,missed,,jump,12,20
Antawn Jamison,Brendan Haywood,Caron Butler,Gilbert Arenas,Randy Foye,DeMarre Carroll,Marc Gasol,Mike Conley,O.J. Mayo,Zach Randolph,3,10:32,WAS,rebound,,,,,,,,,,Randy Foye,,,,,,def,,
Antawn Jamison,Brendan Haywood,Caron Butler,Gilbert Arenas,Randy Foye,DeMarre Carroll,Marc Gasol,Mike Conley,O.J. Mayo,Zach Randolph,3,10:26,WAS,shot,,,,,,,,,,Randy Foye,,,,missed,,jump,41,17
Antawn Jamison,Brendan Haywood,Caron Butler,Gilbert Arenas,Randy Foye,DeMarre Carroll,Marc Gasol,Mike Conley,O.J. Mayo,Zach Randolph,3,10:24,MEM,rebound,,,,,,,,,,DeMarre Carroll,,,,,,def,,
Antawn Jamison,Brendan Haywood,Caron Butler,Gilbert Arenas,Randy Foye,DeMarre Carroll,Marc Gasol,Mike Conley,O.J. Mayo,Zach Randolph,3,10:16,MEM,shot,,,,,,,,,,Mike Conley,2,,,made,,layup,25,6
Antawn Jamison,Brendan Haywood,Caron Butler,Gilbert Arenas,Randy Foye,DeMarre Carroll,Marc Gasol,Mike Conley,O.J. Mayo,Zach Randolph,3,9:51,WAS,shot,Randy Foye,,,,,,,,,Antawn Jamison,3,,,made,,3pt,31,30
Antawn Jamison,Brendan Haywood,Caron Butler,Gilbert Arenas,Randy Foye,DeMarre Carroll,Marc Gasol,Mike Conley,O.J. Mayo,Zach Randolph,3,9:34,MEM,shot,O.J. Mayo,,,,,,,,,DeMarre Carroll,2,,,made,,jump,38,20
Antawn Jamison,Brendan Haywood,Caron Butler,Gilbert Arenas,Randy Foye,DeMarre Carroll,Marc Gasol,Mike Conley,O.J. Mayo,Zach Randolph,3,9:21,WAS,turnover,,,,,,,,,,Gilbert Arenas,,,bad pass,,Zach Randolph,,,
Antawn Jamison,Brendan Haywood,Caron Butler,Gilbert Arenas,Randy Foye,DeMarre Carroll,Marc Gasol,Mike Conley,O.J. Mayo,Zach Randolph,3,9:18,MEM,shot,,,Caron Butler,,,,,,,Zach Randolph,,,,missed,,layup,25,6
Antawn Jamison,Brendan Haywood,Caron Butler,Gilbert Arenas,Randy Foye,DeMarre Carroll,Marc Gasol,Mike Conley,O.J. Mayo,Zach Randolph,3,9:18,MEM,rebound,,,,,,,,,,Zach Randolph,,,,,,off,,
Antawn Jamison,Brendan Haywood,Caron Butler,Gilbert Arenas,Randy Foye,DeMarre Carroll,Marc Gasol,Mike Conley,O.J. Mayo,Zach Randolph,3,9:14,MEM,shot,DeMarre Carroll,,,,,,,,,O.J. Mayo,3,,,made,,3pt,47,8
Antawn Jamison,Brendan Haywood,Caron Butler,Gilbert Arenas,Randy Foye,DeMarre Carroll,Marc Gasol,Mike Conley,O.J. Mayo,Zach Randolph,3,9:01,WAS,timeout,,,,,,,,,,,,,,,,regular,,
Antawn Jamison,Brendan Haywood,Caron Butler,Gilbert Arenas,Randy Foye,DeMarre Carroll,Marc Gasol,Mike Conley,O.J. Mayo,Zach Randolph,3,8:54,WAS,shot,Caron Butler,,,,,,,,,Antawn Jamison,2,,,made,,jump,38,20
Antawn Jamison,Brendan Haywood,Caron Butler,Gilbert Arenas,Randy Foye,DeMarre Carroll,Marc Gasol,Mike Conley,O.J. Mayo,Zach Randolph,3,8:38,MEM,shot,DeMarre Carroll,,,,,,,,,Zach Randolph,2,,,made,,layup,25,6
Antawn Jamison,Brendan Haywood,Caron Butler,Gilbert Arenas,Randy Foye,DeMarre Carroll,Marc Gasol,Mike Conley,O.J. Mayo,Zach Randolph,3,8:38,WAS,foul,,,,,,,,Zach Randolph,,Randy Foye,,,,,,shooting,,
Antawn Jamison,Brendan Haywood,Caron Butler,Gilbert Arenas,Nick Young,DeMarre Carroll,Marc Gasol,Mike Conley,O.J. Mayo,Zach Randolph,3,8:38,WAS,sub,,,,Nick Young,,Randy Foye,,,,,,,,,,,,
Antawn Jamison,Brendan Haywood,Caron Butler,Gilbert Arenas,Nick Young,DeMarre Carroll,Marc Gasol,Mike Conley,O.J. Mayo,Zach Randolph,3,8:38,MEM,free throw,,,,,,,1,,1,Zach Randolph,,,foul,made,,,,
Antawn Jamison,Brendan Haywood,Caron Butler,Gilbert Arenas,Nick Young,DeMarre Carroll,Marc Gasol,Mike Conley,O.J. Mayo,Zach Randolph,3,8:29,MEM,foul,,,,,,,,Antawn Jamison,,Zach Randolph,,,,,,personal,,
Antawn Jamison,Brendan Haywood,Caron Butler,Gilbert Arenas,Nick Young,DeMarre Carroll,Marc Gasol,Mike Conley,O.J. Mayo,Zach Randolph,3,8:25,WAS,shot,,,,,,,,,,Antawn Jamison,,,,missed,,jump,11,9
Antawn Jamison,Brendan Haywood,Caron Butler,Gilbert Arenas,Nick Young,DeMarre Carroll,Marc Gasol,Mike Conley,O.J. Mayo,Zach Randolph,3,8:24,MEM,rebound,,,,,,,,,,O.J. Mayo,,,,,,def,,
Antawn Jamison,Brendan Haywood,Caron Butler,Gilbert Arenas,Nick Young,DeMarre Carroll,Marc Gasol,Mike Conley,O.J. Mayo,Zach Randolph,3,8:21,MEM,turnover,,,,,,,,,,O.J. Mayo,,,bad pass,,Gilbert Arenas,,,
Antawn Jamison,Brendan Haywood,Caron Butler,Gilbert Arenas,Nick Young,DeMarre Carroll,Marc Gasol,Mike Conley,O.J. Mayo,Zach Randolph,3,8:16,WAS,shot,,,,,,,,,,Gilbert Arenas,,,,missed,,reverse layup,25,6
Antawn Jamison,Brendan Haywood,Caron Butler,Gilbert Arenas,Nick Young,DeMarre Carroll,Marc Gasol,Mike Conley,O.J. Mayo,Zach Randolph,3,8:13,WAS,rebound,,,,,,,,,,Caron Butler,,,,,,off,,
Antawn Jamison,Brendan Haywood,Caron Butler,Gilbert Arenas,Nick Young,DeMarre Carroll,Marc Gasol,Mike Conley,O.J. Mayo,Zach Randolph,3,8:12,MEM,foul,,,,,,,,Caron Butler,,DeMarre Carroll,,,,,,personal,,
Antawn Jamison,Brendan Haywood,Caron Butler,Gilbert Arenas,Nick Young,DeMarre Carroll,Marc Gasol,Mike Conley,O.J. Mayo,Zach Randolph,3,8:08,WAS,turnover,,,,,,,,,,Gilbert Arenas,,,out of bounds lost ball turnover,,,,,
Antawn Jamison,Brendan Haywood,Caron Butler,Gilbert Arenas,Nick Young,DeMarre Carroll,Marc Gasol,Mike Conley,O.J. Mayo,Zach Randolph,3,7:54,MEM,shot,Zach Randolph,,,,,,,,,O.J. Mayo,3,,,made,,3pt,29,33
Antawn Jamison,Brendan Haywood,Caron Butler,Gilbert Arenas,Nick Young,DeMarre Carroll,Marc Gasol,Mike Conley,O.J. Mayo,Zach Randolph,3,7:45,WAS,timeout,,,,,,,,,,,,,,,,short,,
Antawn Jamison,Brendan Haywood,Caron Butler,Gilbert Arenas,Nick Young,DeMarre Carroll,Marc Gasol,Mike Conley,O.J. Mayo,Zach Randolph,3,7:38,WAS,shot,,,,,,,,,,Gilbert Arenas,2,,,made,,reverse layup,25,6
Antawn Jamison,Brendan Haywood,Caron Butler,Gilbert Arenas,Nick Young,DeMarre Carroll,Marc Gasol,Mike Conley,O.J. Mayo,Zach Randolph,3,7:17,MEM,turnover,,,,,,,,,,Zach Randolph,,,lost ball,,Gilbert Arenas,,,
Antawn Jamison,Brendan Haywood,Caron Butler,Gilbert Arenas,Nick Young,DeMarre Carroll,Marc Gasol,Mike Conley,O.J. Mayo,Zach Randolph,3,7:06,WAS,shot,Gilbert Arenas,,,,,,,,,Antawn Jamison,3,,,made,,3pt,12,30
Antawn Jamison,Brendan Haywood,Caron Butler,Gilbert Arenas,Nick Young,DeMarre Carroll,Marc Gasol,Mike Conley,O.J. Mayo,Zach Randolph,3,6:45,MEM,turnover,,,,,,,,,,Marc Gasol,,,3 second violation,,,,,
Antawn Jamison,Brendan Haywood,Caron Butler,Gilbert Arenas,Nick Young,DeMarre Carroll,Marc Gasol,Mike Conley,O.J. Mayo,Zach Randolph,3,6:31,WAS,shot,,,,,,,,,,Antawn Jamison,,,,missed,,jump,31,9
Antawn Jamison,Brendan Haywood,Caron Butler,Gilbert Arenas,Nick Young,DeMarre Carroll,Marc Gasol,Mike Conley,O.J. Mayo,Zach Randolph,3,6:29,MEM,rebound,,,,,,,,,,O.J. Mayo,,,,,,def,,
Antawn Jamison,Brendan Haywood,Caron Butler,Gilbert Arenas,Nick Young,DeMarre Carroll,Marc Gasol,Mike Conley,O.J. Mayo,Zach Randolph,3,6:25,MEM,shot,,,,,,,,,,Mike Conley,,,,missed,,layup,25,6
Antawn Jamison,Brendan Haywood,Caron Butler,Gilbert Arenas,Nick Young,DeMarre Carroll,Marc Gasol,Mike Conley,O.J. Mayo,Zach Randolph,3,6:24,MEM,rebound,,,,,,,,,,,,,,,,,,
Antawn Jamison,Brendan Haywood,Caron Butler,Gilbert Arenas,Nick Young,DeMarre Carroll,Marc Gasol,Mike Conley,O.J. Mayo,Zach Randolph,3,6:22,MEM,shot,DeMarre Carroll,,,,,,,,,O.J. Mayo,2,,,made,,layup,25,6
Antawn Jamison,Brendan Haywood,Caron Butler,Gilbert Arenas,Nick Young,DeMarre Carroll,Marc Gasol,Mike Conley,O.J. Mayo,Zach Randolph,3,6:03,MEM,foul,,,,,,,,Nick Young,,O.J. Mayo,,,,,,shooting,,
Antawn Jamison,Brendan Haywood,Caron Butler,Gilbert Arenas,Nick Young,DeMarre Carroll,Marc Gasol,Mike Conley,O.J. Mayo,Zach Randolph,3,6:03,WAS,free throw,,,,,,,1,,3,Nick Young,,,foul,made,,,,
Antawn Jamison,Brendan Haywood,Caron Butler,Gilbert Arenas,Nick Young,DeMarre Carroll,Marc Gasol,Mike Conley,O.J. Mayo,Zach Randolph,3,6:03,WAS,free throw,,,,,,,2,,3,Nick Young,,,foul,made,,,,
Antawn Jamison,Brendan Haywood,Caron Butler,Gilbert Arenas,Nick Young,DeMarre Carroll,Marc Gasol,Mike Conley,O.J. Mayo,Zach Randolph,3,6:03,WAS,free throw,,,,,,,3,,3,Nick Young,,,foul,missed,,,,
Antawn Jamison,Brendan Haywood,Caron Butler,Gilbert Arenas,Nick Young,DeMarre Carroll,Marc Gasol,Mike Conley,O.J. Mayo,Zach Randolph,3,6:02,MEM,rebound,,,,,,,,,,Marc Gasol,,,,,,def,,
Antawn Jamison,Brendan Haywood,Caron Butler,Gilbert Arenas,Nick Young,DeMarre Carroll,Marc Gasol,Mike Conley,O.J. Mayo,Zach Randolph,3,5:39,MEM,shot,,,,,,,,,,Zach Randolph,,,,missed,,fade away jumper,6,12
Antawn Jamison,Brendan Haywood,Caron Butler,Gilbert Arenas,Nick Young,DeMarre Carroll,Marc Gasol,Mike Conley,O.J. Mayo,Zach Randolph,3,5:39,MEM,rebound,,,,,,,,,,,,,,,,,,
Antawn Jamison,Brendan Haywood,Caron Butler,Gilbert Arenas,Nick Young,DeMarre Carroll,Marc Gasol,Mike Conley,O.J. Mayo,Zach Randolph,3,5:39,MEM,turnover,,,,,,,,,,,,,shot clock turnover,,,,,
Antawn Jamison,Brendan Haywood,Caron Butler,Gilbert Arenas,Nick Young,DeMarre Carroll,Marc Gasol,Mike Conley,O.J. Mayo,Zach Randolph,3,5:27,WAS,shot,,,,,,,,,,Gilbert Arenas,2,,,made,,reverse layup,25,6
Antawn Jamison,Brendan Haywood,Caron Butler,Gilbert Arenas,Nick Young,DeMarre Carroll,Marc Gasol,Mike Conley,O.J. Mayo,Zach Randolph,3,5:14,MEM,shot,,,,,,,,,,Mike Conley,2,,,made,,driving layup,25,6
Antawn Jamison,Brendan Haywood,Caron Butler,Gilbert Arenas,Nick Young,DeMarre Carroll,Marc Gasol,Mike Conley,O.J. Mayo,Zach Randolph,3,5:00,WAS,shot,,,,,,,,,,Gilbert Arenas,2,,,made,,pullup jump,30,22
Antawn Jamison,Brendan Haywood,Caron Butler,Gilbert Arenas,Nick Young,DeMarre Carroll,Marc Gasol,Mike Conley,O.J. Mayo,Zach Randolph,3,4:44,WAS,foul,,,,,,,,Zach Randolph,,Brendan Haywood,,,,,,shooting,,
Antawn Jamison,Brendan Haywood,Caron Butler,Gilbert Arenas,Nick Young,DeMarre Carroll,Marc Gasol,Mike Conley,O.J. Mayo,Zach Randolph,3,4:44,MEM,free throw,,,,,,,1,,2,Zach Randolph,,,foul,made,,,,
Antawn Jamison,Brendan Haywood,Caron Butler,Gilbert Arenas,Nick Young,DeMarre Carroll,Marc Gasol,Mike Conley,O.J. Mayo,Zach Randolph,3,4:44,MEM,free throw,,,,,,,2,,2,Zach Randolph,,,foul,made,,,,
Antawn Jamison,Brendan Haywood,Caron Butler,Gilbert Arenas,Nick Young,DeMarre Carroll,Marc Gasol,Mike Conley,O.J. Mayo,Zach Randolph,3,4:34,WAS,foul,,,,,,,,DeMarre Carroll,,Brendan Haywood,,,,,,offensive,,
Antawn Jamison,Brendan Haywood,Caron Butler,Gilbert Arenas,Nick Young,DeMarre Carroll,Marc Gasol,Mike Conley,O.J. Mayo,Zach Randolph,3,4:34,WAS,turnover,,,,,,,,,,Brendan Haywood,,,foul,,,,,
Antawn Jamison,Brendan Haywood,Caron Butler,Gilbert Arenas,Nick Young,DeMarre Carroll,Marc Gasol,Mike Conley,O.J. Mayo,Zach Randolph,3,4:20,MEM,shot,,,,,,,,,,Mike Conley,2,,,made,,jump,18,21
Antawn Jamison,Brendan Haywood,Caron Butler,Gilbert Arenas,Nick Young,DeMarre Carroll,Marc Gasol,Mike Conley,O.J. Mayo,Zach Randolph,3,3:53,WAS,shot,,,,,,,,,,Brendan Haywood,,,,missed,,jump,12,11
Antawn Jamison,Brendan Haywood,Caron Butler,Gilbert Arenas,Nick Young,DeMarre Carroll,Marc Gasol,Mike Conley,O.J. Mayo,Zach Randolph,3,3:52,MEM,rebound,,,,,,,,,,Zach Randolph,,,,,,def,,
Antawn Jamison,Brendan Haywood,Caron Butler,Gilbert Arenas,Nick Young,DeMarre Carroll,Marc Gasol,Mike Conley,O.J. Mayo,Zach Randolph,3,3:49,MEM,shot,Mike Conley,,,,,,,,,O.J. Mayo,2,,,made,,layup,25,6
Antawn Jamison,Brendan Haywood,Caron Butler,Gilbert Arenas,Nick Young,DeMarre Carroll,Marc Gasol,Mike Conley,O.J. Mayo,Zach Randolph,3,3:38,WAS,shot,,,,,,,,,,Gilbert Arenas,2,,,made,,running jump,31,9
Antawn Jamison,Brendan Haywood,Caron Butler,Gilbert Arenas,Nick Young,DeMarre Carroll,Marc Gasol,Mike Conley,O.J. Mayo,Zach Randolph,3,3:26,MEM,shot,,,Brendan Haywood,,,,,,,Zach Randolph,,,,missed,,turnaround jump,30,9
Antawn Jamison,Brendan Haywood,Caron Butler,Gilbert Arenas,Nick Young,DeMarre Carroll,Marc Gasol,Mike Conley,O.J. Mayo,Zach Randolph,3,3:25,WAS,rebound,,,,,,,,,,Brendan Haywood,,,,,,def,,
Antawn Jamison,Brendan Haywood,Caron Butler,Gilbert Arenas,Nick Young,DeMarre Carroll,Marc Gasol,Mike Conley,O.J. Mayo,Zach Randolph,3,3:10,WAS,shot,,,,,,,,,,Caron Butler,2,,,made,,slam dunk,25,6
Antawn Jamison,Brendan Haywood,Caron Butler,Gilbert Arenas,Nick Young,DeMarre Carroll,Marc Gasol,Mike Conley,O.J. Mayo,Zach Randolph,3,2:44,MEM,shot,,,,,,,,,,DeMarre Carroll,,,,missed,,3pt,48,10
Antawn Jamison,Brendan Haywood,Caron Butler,Gilbert Arenas,Nick Young,DeMarre Carroll,Marc Gasol,Mike Conley,O.J. Mayo,Zach Randolph,3,2:43,WAS,rebound,,,,,,,,,,Antawn Jamison,,,,,,def,,
Antawn Jamison,Brendan Haywood,Caron Butler,Gilbert Arenas,Nick Young,DeMarre Carroll,Marc Gasol,Mike Conley,O.J. Mayo,Zach Randolph,3,2:37,WAS,shot,,,,,,,,,,Nick Young,,,,missed,,jump,42,16
Antawn Jamison,Brendan Haywood,Caron Butler,Gilbert Arenas,Nick Young,DeMarre Carroll,Marc Gasol,Mike Conley,O.J. Mayo,Zach Randolph,3,2:35,WAS,rebound,,,,,,,,,,Caron Butler,,,,,,off,,
Antawn Jamison,Brendan Haywood,Caron Butler,Gilbert Arenas,Nick Young,DeMarre Carroll,Marc Gasol,Mike Conley,O.J. Mayo,Zach Randolph,3,2:34,WAS,turnover,,,,,,,,,,Caron Butler,,,out of bounds lost ball turnover,,,,,
Antawn Jamison,Brendan Haywood,Caron Butler,Gilbert Arenas,Nick Young,DeMarre Carroll,Marc Gasol,Mike Conley,O.J. Mayo,Zach Randolph,3,2:34,MEM,timeout,,,,,,,,,,,,,,,,regular,,
Antawn Jamison,Brendan Haywood,Caron Butler,Gilbert Arenas,Nick Young,Marc Gasol,Mike Conley,O.J. Mayo,Sam Young,Zach Randolph,3,2:34,MEM,sub,,,,Sam Young,,DeMarre Carroll,,,,,,,,,,,,
Antawn Jamison,Brendan Haywood,Caron Butler,Gilbert Arenas,Nick Young,Marc Gasol,Mike Conley,O.J. Mayo,Sam Young,Zach Randolph,3,2:09,MEM,shot,O.J. Mayo,,,,,,,,,Marc Gasol,2,,,made,,alley oop layup,25,6
Antawn Jamison,Brendan Haywood,Caron Butler,Gilbert Arenas,Nick Young,Marc Gasol,Mike Conley,O.J. Mayo,Sam Young,Zach Randolph,3,2:00,MEM,foul,,,,,,,,Caron Butler,,Mike Conley,,,,,,personal,,
Andray Blatche,Brendan Haywood,Caron Butler,Gilbert Arenas,Nick Young,Marc Gasol,Mike Conley,O.J. Mayo,Sam Young,Zach Randolph,3,2:00,WAS,sub,,,,Andray Blatche,,Antawn Jamison,,,,,,,,,,,,
Andray Blatche,Brendan Haywood,Caron Butler,Gilbert Arenas,Nick Young,Marc Gasol,Mike Conley,O.J. Mayo,Sam Young,Zach Randolph,3,2:00,WAS,free throw,,,,,,,1,,2,Caron Butler,,,foul,made,,,,
Andray Blatche,Brendan Haywood,Caron Butler,Gilbert Arenas,Nick Young,Hasheem Thabeet,Mike Conley,O.J. Mayo,Sam Young,Zach Randolph,3,2:00,MEM,sub,,,,Hasheem Thabeet,,Marc Gasol,,,,,,,,,,,,
Andray Blatche,Brendan Haywood,Caron Butler,Gilbert Arenas,Nick Young,Hasheem Thabeet,Mike Conley,O.J. Mayo,Sam Young,Zach Randolph,3,2:00,MEM,violation,,,,,,,,,,,,,,,,delay of game,,
Andray Blatche,Brendan Haywood,Caron Butler,Gilbert Arenas,Nick Young,Hasheem Thabeet,Mike Conley,O.J. Mayo,Sam Young,Zach Randolph,3,2:00,WAS,free throw,,,,,,,2,,2,Caron Butler,,,foul,made,,,,
Andray Blatche,Brendan Haywood,Caron Butler,Gilbert Arenas,Nick Young,Hasheem Thabeet,Mike Conley,O.J. Mayo,Sam Young,Zach Randolph,3,1:44,MEM,shot,,,,,,,,,,O.J. Mayo,,,,missed,,step back jump,24,26
Andray Blatche,Brendan Haywood,Caron Butler,Gilbert Arenas,Nick Young,Hasheem Thabeet,Mike Conley,O.J. Mayo,Sam Young,Zach Randolph,3,1:42,MEM,rebound,,,,,,,,,,Hasheem Thabeet,,,,,,off,,
Andray Blatche,Brendan Haywood,Caron Butler,Gilbert Arenas,Nick Young,Hasheem Thabeet,Mike Conley,O.J. Mayo,Sam Young,Zach Randolph,3,1:37,MEM,shot,,,,,,,,,,Hasheem Thabeet,,,,missed,,jump bank,31,8
Andray Blatche,Brendan Haywood,Caron Butler,Gilbert Arenas,Nick Young,Hasheem Thabeet,Mike Conley,O.J. Mayo,Sam Young,Zach Randolph,3,1:35,WAS,rebound,,,,,,,,,,Gilbert Arenas,,,,,,def,,
Andray Blatche,Brendan Haywood,Caron Butler,Gilbert Arenas,Nick Young,Hasheem Thabeet,Mike Conley,O.J. Mayo,Sam Young,Zach Randolph,3,1:29,WAS,shot,Gilbert Arenas,,,,,,,,,Caron Butler,2,,,made,,layup,25,6
Andray Blatche,Brendan Haywood,Caron Butler,Gilbert Arenas,Nick Young,Hasheem Thabeet,Mike Conley,O.J. Mayo,Sam Young,Zach Randolph,3,1:06,MEM,shot,,,,,,,,,,O.J. Mayo,,,,missed,,layup,25,6
Andray Blatche,Brendan Haywood,Caron Butler,Gilbert Arenas,Nick Young,Hasheem Thabeet,Mike Conley,O.J. Mayo,Sam Young,Zach Randolph,3,1:05,WAS,rebound,,,,,,,,,,Nick Young,,,,,,def,,
Andray Blatche,Brendan Haywood,Caron Butler,Gilbert Arenas,Nick Young,Hasheem Thabeet,Mike Conley,O.J. Mayo,Sam Young,Zach Randolph,3,0:48,WAS,shot,,,,,,,,,,Caron Butler,,,,missed,,reverse layup,25,6
Andray Blatche,Brendan Haywood,Caron Butler,Gilbert Arenas,Nick Young,Hasheem Thabeet,Mike Conley,O.J. Mayo,Sam Young,Zach Randolph,3,0:46,WAS,rebound,,,,,,,,,,Brendan Haywood,,,,,,off,,
Andray Blatche,Brendan Haywood,Caron Butler,Gilbert Arenas,Nick Young,Hasheem Thabeet,Mike Conley,O.J. Mayo,Sam Young,Zach Randolph,3,0:46,WAS,shot,,,,,,,,,,Brendan Haywood,,,,missed,,tip,25,6
Andray Blatche,Brendan Haywood,Caron Butler,Gilbert Arenas,Nick Young,Hasheem Thabeet,Mike Conley,O.J. Mayo,Sam Young,Zach Randolph,3,0:44,MEM,rebound,,,,,,,,,,Zach Randolph,,,,,,def,,
Andray Blatche,Brendan Haywood,Caron Butler,Gilbert Arenas,Nick Young,Hasheem Thabeet,Mike Conley,O.J. Mayo,Sam Young,Zach Randolph,3,0:37,MEM,shot,,,,,,,,,,O.J. Mayo,2,,,made,,jump,9,7
Andray Blatche,Brendan Haywood,Caron Butler,Gilbert Arenas,Nick Young,Hasheem Thabeet,Mike Conley,O.J. Mayo,Sam Young,Zach Randolph,3,0:25,WAS,shot,,,,,,,,,,Gilbert Arenas,,,,missed,,3pt,37,28
Andray Blatche,Brendan Haywood,Caron Butler,Gilbert Arenas,Nick Young,Hasheem Thabeet,Mike Conley,O.J. Mayo,Sam Young,Zach Randolph,3,0:23,WAS,rebound,,,,,,,,,,Caron Butler,,,,,,off,,
Andray Blatche,Brendan Haywood,Caron Butler,Gilbert Arenas,Nick Young,Hasheem Thabeet,Mike Conley,O.J. Mayo,Sam Young,Zach Randolph,3,0:00,WAS,shot,Gilbert Arenas,,,,,,,,,Andray Blatche,3,,,made,,3pt,2,7
Andray Blatche,Brendan Haywood,Caron Butler,Gilbert Arenas,Nick Young,Hasheem Thabeet,Jamaal Tinsley,Marc Gasol,O.J. Mayo,Sam Young,4,11:46,WAS,turnover,,,,,,,,,,Andray Blatche,,,lost ball,,Jamaal Tinsley,,,
Andray Blatche,Brendan Haywood,Caron Butler,Gilbert Arenas,Nick Young,Hasheem Thabeet,Jamaal Tinsley,Marc Gasol,O.J. Mayo,Sam Young,4,11:42,MEM,shot,,,,,,,,,,O.J. Mayo,2,,,made,,layup,25,6
Andray Blatche,Brendan Haywood,Caron Butler,Gilbert Arenas,Nick Young,Hasheem Thabeet,Jamaal Tinsley,Marc Gasol,O.J. Mayo,Sam Young,4,11:30,WAS,shot,,,,,,,,,,Nick Young,2,,,made,,step back jump,45,7
Andray Blatche,Brendan Haywood,Caron Butler,Gilbert Arenas,Nick Young,Hasheem Thabeet,Jamaal Tinsley,Marc Gasol,O.J. Mayo,Sam Young,4,11:13,MEM,foul,,,,,,,,Andray Blatche,,Marc Gasol,,,,,,offensive,,
Andray Blatche,Brendan Haywood,Caron Butler,Gilbert Arenas,Nick Young,Hasheem Thabeet,Jamaal Tinsley,Marc Gasol,O.J. Mayo,Sam Young,4,11:13,MEM,turnover,,,,,,,,,,Marc Gasol,,,foul,,,,,
Andray Blatche,Antawn Jamison,Brendan Haywood,Caron Butler,Nick Young,Hasheem Thabeet,Jamaal Tinsley,Marc Gasol,O.J. Mayo,Sam Young,4,11:13,WAS,sub,,,,Antawn Jamison,,Gilbert Arenas,,,,,,,,,,,,
Andray Blatche,Antawn Jamison,Caron Butler,Earl Boykins,Nick Young,Hasheem Thabeet,Jamaal Tinsley,Marc Gasol,O.J. Mayo,Sam Young,4,11:13,WAS,sub,,,,Earl Boykins,,Brendan Haywood,,,,,,,,,,,,
Andray Blatche,Antawn Jamison,Caron Butler,Earl Boykins,Nick Young,Hasheem Thabeet,Jamaal Tinsley,Marc Gasol,O.J. Mayo,Sam Young,4,11:00,WAS,shot,,,,,,,,,,Nick Young,,,,missed,,3pt,21,30
Andray Blatche,Antawn Jamison,Caron Butler,Earl Boykins,Nick Young,Hasheem Thabeet,Jamaal Tinsley,Marc Gasol,O.J. Mayo,Sam Young,4,10:58,MEM,rebound,,,,,,,,,,Hasheem Thabeet,,,,,,def,,
Andray Blatche,Antawn Jamison,Caron Butler,Earl Boykins,Nick Young,Hasheem Thabeet,Jamaal Tinsley,Marc Gasol,O.J. Mayo,Sam Young,4,10:48,MEM,turnover,,,,,,,,,,Sam Young,,,bad pass,,Nick Young,,,
Andray Blatche,Antawn Jamison,Caron Butler,Earl Boykins,Nick Young,Hasheem Thabeet,Jamaal Tinsley,Marc Gasol,O.J. Mayo,Sam Young,4,10:44,WAS,foul,,,,,,,,Jamaal Tinsley,,Andray Blatche,,,,,,offensive,,
Andray Blatche,Antawn Jamison,Caron Butler,Earl Boykins,Nick Young,Hasheem Thabeet,Jamaal Tinsley,Marc Gasol,O.J. Mayo,Sam Young,4,10:44,WAS,turnover,,,,,,,,,,Andray Blatche,,,foul,,,,,
Andray Blatche,Antawn Jamison,Caron Butler,Earl Boykins,Nick Young,Hasheem Thabeet,Jamaal Tinsley,Marc Gasol,O.J. Mayo,Sam Young,4,10:28,MEM,shot,,,,,,,,,,O.J. Mayo,2,,,made,,finger roll layup,25,6
Andray Blatche,Antawn Jamison,Caron Butler,Earl Boykins,Nick Young,Hasheem Thabeet,Jamaal Tinsley,Marc Gasol,O.J. Mayo,Sam Young,4,10:01,WAS,shot,,,,,,,,,,Earl Boykins,,,,missed,,jump,19,21
Andray Blatche,Antawn Jamison,Caron Butler,Earl Boykins,Nick Young,Hasheem Thabeet,Jamaal Tinsley,Marc Gasol,O.J. Mayo,Sam Young,4,10:00,MEM,rebound,,,,,,,,,,Hasheem Thabeet,,,,,,def,,
Andray Blatche,Antawn Jamison,Caron Butler,Earl Boykins,Nick Young,Hasheem Thabeet,Jamaal Tinsley,Marc Gasol,O.J. Mayo,Sam Young,4,9:53,MEM,shot,O.J. Mayo,,,,,,,,,Marc Gasol,2,,,made,,turnaround jump,25,11
Andray Blatche,Antawn Jamison,Caron Butler,Earl Boykins,Nick Young,Hasheem Thabeet,Jamaal Tinsley,Marc Gasol,O.J. Mayo,Sam Young,4,9:47,WAS,timeout,,,,,,,,,,,,,,,,regular,,
Andray Blatche,Antawn Jamison,Caron Butler,Earl Boykins,Gilbert Arenas,Hasheem Thabeet,Jamaal Tinsley,Marc Gasol,O.J. Mayo,Sam Young,4,9:47,WAS,sub,,,,Gilbert Arenas,,Nick Young,,,,,,,,,,,,
Andray Blatche,Antawn Jamison,Caron Butler,Earl Boykins,Gilbert Arenas,Hasheem Thabeet,Jamaal Tinsley,Marc Gasol,O.J. Mayo,Sam Young,4,9:36,WAS,shot,,,,,,,,,,Antawn Jamison,,,,missed,,jump,40,6
Andray Blatche,Antawn Jamison,Caron Butler,Earl Boykins,Gilbert Arenas,Hasheem Thabeet,Jamaal Tinsley,Marc Gasol,O.J. Mayo,Sam Young,4,9:35,MEM,rebound,,,,,,,,,,Jamaal Tinsley,,,,,,def,,
Andray Blatche,Antawn Jamison,Caron Butler,Earl Boykins,Gilbert Arenas,Hasheem Thabeet,Jamaal Tinsley,Marc Gasol,O.J. Mayo,Sam Young,4,9:20,MEM,shot,,,,,,,,,,Sam Young,,,,missed,,driving layup,25,6
Andray Blatche,Antawn Jamison,Caron Butler,Earl Boykins,Gilbert Arenas,Hasheem Thabeet,Jamaal Tinsley,Marc Gasol,O.J. Mayo,Sam Young,4,9:18,WAS,rebound,,,,,,,,,,Antawn Jamison,,,,,,def,,
Andray Blatche,Antawn Jamison,Caron Butler,Earl Boykins,Gilbert Arenas,Hasheem Thabeet,Jamaal Tinsley,Marc Gasol,O.J. Mayo,Sam Young,4,9:05,WAS,shot,,,,,,,,,,Antawn Jamison,,,,missed,,running layup,25,6
Andray Blatche,Antawn Jamison,Caron Butler,Earl Boykins,Gilbert Arenas,Hasheem Thabeet,Jamaal Tinsley,Marc Gasol,O.J. Mayo,Sam Young,4,9:02,MEM,rebound,,,,,,,,,,Jamaal Tinsley,,,,,,def,,
Andray Blatche,Antawn Jamison,Caron Butler,Earl Boykins,Gilbert Arenas,Hasheem Thabeet,Jamaal Tinsley,Marc Gasol,O.J. Mayo,Sam Young,4,8:49,MEM,shot,Sam Young,,,,,,,,,Hasheem Thabeet,2,,,made,,layup,25,6
Andray Blatche,Antawn Jamison,Caron Butler,Earl Boykins,Gilbert Arenas,Hasheem Thabeet,Jamaal Tinsley,Marc Gasol,O.J. Mayo,Sam Young,4,8:26,WAS,shot,,,,,,,,,,Gilbert Arenas,,,,missed,,3pt,13,31
Andray Blatche,Antawn Jamison,Caron Butler,Earl Boykins,Gilbert Arenas,Hasheem Thabeet,Jamaal Tinsley,Marc Gasol,O.J. Mayo,Sam Young,4,8:24,WAS,rebound,,,,,,,,,,Caron Butler,,,,,,off,,
Andray Blatche,Antawn Jamison,Caron Butler,Earl Boykins,Gilbert Arenas,Hasheem Thabeet,Jamaal Tinsley,Marc Gasol,O.J. Mayo,Sam Young,4,8:15,WAS,shot,,,,,,,,,,Antawn Jamison,,,,missed,,3pt,14,29
Andray Blatche,Antawn Jamison,Caron Butler,Earl Boykins,Gilbert Arenas,Hasheem Thabeet,Jamaal Tinsley,Marc Gasol,O.J. Mayo,Sam Young,4,8:14,MEM,rebound,,,,,,,,,,Sam Young,,,,,,def,,
Andray Blatche,Antawn Jamison,Caron Butler,Earl Boykins,Gilbert Arenas,Hasheem Thabeet,Jamaal Tinsley,Marc Gasol,O.J. Mayo,Sam Young,4,7:55,MEM,shot,,,,,,,,,,Jamaal Tinsley,,,,missed,,turnaround jump,15,11
Andray Blatche,Antawn Jamison,Caron Butler,Earl Boykins,Gilbert Arenas,Hasheem Thabeet,Jamaal Tinsley,Marc Gasol,O.J. Mayo,Sam Young,4,7:55,WAS,rebound,,,,,,,,,,,,,,,,,,
Andray Blatche,Antawn Jamison,Caron Butler,Earl Boykins,Gilbert Arenas,Hasheem Thabeet,Jamaal Tinsley,Marc Gasol,O.J. Mayo,Sam Young,4,7:55,MEM,foul,,,,,,,,Andray Blatche,,Hasheem Thabeet,,,,,,loose ball,,
Andray Blatche,Antawn Jamison,Caron Butler,Earl Boykins,Gilbert Arenas,Hasheem Thabeet,Jamaal Tinsley,Marc Gasol,O.J. Mayo,Sam Young,4,7:45,WAS,foul,,,,,,,,Sam Young,,Gilbert Arenas,,,,,,offensive,,
Andray Blatche,Antawn Jamison,Caron Butler,Earl Boykins,Gilbert Arenas,Hasheem Thabeet,Jamaal Tinsley,Marc Gasol,O.J. Mayo,Sam Young,4,7:45,WAS,turnover,,,,,,,,,,Gilbert Arenas,,,foul,,,,,
Andray Blatche,Antawn Jamison,Caron Butler,Earl Boykins,Gilbert Arenas,Hasheem Thabeet,Jamaal Tinsley,Marc Gasol,O.J. Mayo,Sam Young,4,7:27,WAS,foul,,,,,,,,,,Caron Butler,,,,,,defense 3 second,,
Andray Blatche,Antawn Jamison,Caron Butler,Earl Boykins,Gilbert Arenas,Hasheem Thabeet,Jamaal Tinsley,Marc Gasol,O.J. Mayo,Sam Young,4,7:27,MEM,free throw,,,,,,,1,,1,O.J. Mayo,,,technical,made,,,,
Andray Blatche,Antawn Jamison,Caron Butler,Earl Boykins,Gilbert Arenas,Hasheem Thabeet,Jamaal Tinsley,Marc Gasol,O.J. Mayo,Sam Young,4,7:25,WAS,foul,,,,,,,,Marc Gasol,,Andray Blatche,,,,,,personal,,
Andray Blatche,Antawn Jamison,Caron Butler,Earl Boykins,Gilbert Arenas,Hasheem Thabeet,Jamaal Tinsley,Marc Gasol,O.J. Mayo,Sam Young,4,7:11,MEM,shot,Sam Young,,,,,,,,,O.J. Mayo,2,,,made,,jump,43,17
Andray Blatche,Antawn Jamison,Caron Butler,Earl Boykins,Gilbert Arenas,Hasheem Thabeet,Jamaal Tinsley,Marc Gasol,O.J. Mayo,Sam Young,4,6:54,WAS,turnover,,,,,,,,,,Andray Blatche,,,traveling,,,,,
Andray Blatche,Antawn Jamison,Caron Butler,Earl Boykins,Gilbert Arenas,Jamaal Tinsley,Marc Gasol,O.J. Mayo,Sam Young,Zach Randolph,4,6:54,MEM,sub,,,,Zach Randolph,,Hasheem Thabeet,,,,,,,,,,,,
Andray Blatche,Antawn Jamison,Caron Butler,Earl Boykins,Gilbert Arenas,Jamaal Tinsley,Marc Gasol,O.J. Mayo,Sam Young,Zach Randolph,4,6:47,MEM,turnover,,,,,,,,,,Jamaal Tinsley,,,bad pass,,Gilbert Arenas,,,
Andray Blatche,Antawn Jamison,Caron Butler,Earl Boykins,Gilbert Arenas,Jamaal Tinsley,Marc Gasol,O.J. Mayo,Sam Young,Zach Randolph,4,6:43,WAS,shot,,,,,,,,,,Gilbert Arenas,2,,,made,,layup,25,6
Andray Blatche,Antawn Jamison,Caron Butler,Earl Boykins,Gilbert Arenas,Jamaal Tinsley,Marc Gasol,O.J. Mayo,Sam Young,Zach Randolph,4,6:31,MEM,turnover,,,,,,,,,,Marc Gasol,,,bad pass,,Gilbert Arenas,,,
Andray Blatche,Antawn Jamison,Caron Butler,Earl Boykins,Gilbert Arenas,Jamaal Tinsley,Marc Gasol,O.J. Mayo,Sam Young,Zach Randolph,4,6:28,WAS,shot,,,O.J. Mayo,,,,,,,Earl Boykins,,,,missed,,layup,25,6
Andray Blatche,Antawn Jamison,Caron Butler,Earl Boykins,Gilbert Arenas,Jamaal Tinsley,Marc Gasol,O.J. Mayo,Sam Young,Zach Randolph,4,6:26,MEM,rebound,,,,,,,,,,O.J. Mayo,,,,,,def,,
Andray Blatche,Antawn Jamison,Caron Butler,Earl Boykins,Gilbert Arenas,Jamaal Tinsley,Marc Gasol,O.J. Mayo,Sam Young,Zach Randolph,4,6:23,MEM,shot,,,,,,,,,,Zach Randolph,,,,missed,,reverse layup,25,6
Andray Blatche,Antawn Jamison,Caron Butler,Earl Boykins,Gilbert Arenas,Jamaal Tinsley,Marc Gasol,O.J. Mayo,Sam Young,Zach Randolph,4,6:21,MEM,rebound,,,,,,,,,,Marc Gasol,,,,,,off,,
Andray Blatche,Antawn Jamison,Caron Butler,Earl Boykins,Gilbert Arenas,Jamaal Tinsley,Marc Gasol,O.J. Mayo,Sam Young,Zach Randolph,4,6:21,MEM,shot,,,,,,,,,,Marc Gasol,2,,,made,,tip,25,6
Andray Blatche,Antawn Jamison,Caron Butler,Earl Boykins,Gilbert Arenas,Jamaal Tinsley,Marc Gasol,O.J. Mayo,Sam Young,Zach Randolph,4,6:12,WAS,shot,,,,,,,,,,Caron Butler,,,,missed,,layup,25,6
Andray Blatche,Antawn Jamison,Caron Butler,Earl Boykins,Gilbert Arenas,Jamaal Tinsley,Marc Gasol,O.J. Mayo,Sam Young,Zach Randolph,4,6:09,MEM,rebound,,,,,,,,,,Marc Gasol,,,,,,def,,
Andray Blatche,Antawn Jamison,Caron Butler,Earl Boykins,Gilbert Arenas,Jamaal Tinsley,Marc Gasol,O.J. Mayo,Sam Young,Zach Randolph,4,6:01,MEM,shot,,,Andray Blatche,,,,,,,Zach Randolph,,,,missed,,layup,25,6
Andray Blatche,Antawn Jamison,Caron Butler,Earl Boykins,Gilbert Arenas,Jamaal Tinsley,Marc Gasol,O.J. Mayo,Sam Young,Zach Randolph,4,6:01,MEM,rebound,,,,,,,,,,Zach Randolph,,,,,,off,,
Antawn Jamison,Brendan Haywood,Caron Butler,Earl Boykins,Gilbert Arenas,Jamaal Tinsley,Marc Gasol,O.J. Mayo,Sam Young,Zach Randolph,4,6:01,WAS,sub,,,,Brendan Haywood,,Andray Blatche,,,,,,,,,,,,
Antawn Jamison,Brendan Haywood,Caron Butler,Gilbert Arenas,Randy Foye,Jamaal Tinsley,Marc Gasol,O.J. Mayo,Sam Young,Zach Randolph,4,6:01,WAS,sub,,,,Randy Foye,,Earl Boykins,,,,,,,,,,,,
Antawn Jamison,Brendan Haywood,Caron Butler,Gilbert Arenas,Randy Foye,Jamaal Tinsley,Marc Gasol,O.J. Mayo,Sam Young,Zach Randolph,4,5:54,MEM,shot,,,,,,,,,,O.J. Mayo,,,,missed,,jump,42,7
Antawn Jamison,Brendan Haywood,Caron Butler,Gilbert Arenas,Randy Foye,Jamaal Tinsley,Marc Gasol,O.J. Mayo,Sam Young,Zach Randolph,4,5:53,WAS,rebound,,,,,,,,,,Antawn Jamison,,,,,,def,,
Antawn Jamison,Brendan Haywood,Caron Butler,Gilbert Arenas,Randy Foye,Jamaal Tinsley,Marc Gasol,O.J. Mayo,Sam Young,Zach Randolph,4,5:46,MEM,foul,,,,,,,,Antawn Jamison,,Zach Randolph,,,,,,shooting,,
Antawn Jamison,Brendan Haywood,Caron Butler,Gilbert Arenas,Randy Foye,Jamaal Tinsley,Marc Gasol,O.J. Mayo,Sam Young,Zach Randolph,4,5:46,WAS,timeout,,,,,,,,,,,,,,,,official,,
Antawn Jamison,Brendan Haywood,Caron Butler,Gilbert Arenas,Randy Foye,Marc Gasol,Mike Conley,O.J. Mayo,Sam Young,Zach Randolph,4,5:46,MEM,sub,,,,Mike Conley,,Jamaal Tinsley,,,,,,,,,,,,
Antawn Jamison,Brendan Haywood,Caron Butler,Gilbert Arenas,Randy Foye,Marc Gasol,Mike Conley,O.J. Mayo,Sam Young,Zach Randolph,4,5:46,WAS,free throw,,,,,,,1,,2,Antawn Jamison,,,foul,made,,,,
Antawn Jamison,Brendan Haywood,Caron Butler,Gilbert Arenas,Randy Foye,Marc Gasol,Mike Conley,O.J. Mayo,Sam Young,Zach Randolph,4,5:46,WAS,free throw,,,,,,,2,,2,Antawn Jamison,,,foul,made,,,,
Antawn Jamison,Brendan Haywood,Caron Butler,Gilbert Arenas,Randy Foye,Marc Gasol,Mike Conley,O.J. Mayo,Sam Young,Zach Randolph,4,5:34,MEM,shot,,,Brendan Haywood,,,,,,,Marc Gasol,,,,missed,,jump,24,15
Antawn Jamison,Brendan Haywood,Caron Butler,Gilbert Arenas,Randy Foye,Marc Gasol,Mike Conley,O.J. Mayo,Sam Young,Zach Randolph,4,5:31,WAS,rebound,,,,,,,,,,Brendan Haywood,,,,,,def,,
Antawn Jamison,Brendan Haywood,Caron Butler,Gilbert Arenas,Randy Foye,Marc Gasol,Mike Conley,O.J. Mayo,Sam Young,Zach Randolph,4,5:26,WAS,shot,Gilbert Arenas,,,,,,,,,Randy Foye,2,,,made,,layup,25,6
Antawn Jamison,Brendan Haywood,Caron Butler,Gilbert Arenas,Randy Foye,Marc Gasol,Mike Conley,O.J. Mayo,Sam Young,Zach Randolph,4,5:01,MEM,turnover,,,,,,,,,,O.J. Mayo,,,lost ball,,Caron Butler,,,
Antawn Jamison,Brendan Haywood,Caron Butler,Gilbert Arenas,Randy Foye,Marc Gasol,Mike Conley,O.J. Mayo,Sam Young,Zach Randolph,4,4:52,WAS,shot,Randy Foye,,,,,,,,,Gilbert Arenas,3,,,made,,3pt,21,32
Antawn Jamison,Brendan Haywood,Caron Butler,Gilbert Arenas,Randy Foye,Marc Gasol,Mike Conley,O.J. Mayo,Sam Young,Zach Randolph,4,4:25,MEM,shot,,,,,,,,,,O.J. Mayo,,,,missed,,3pt,17,32
Antawn Jamison,Brendan Haywood,Caron Butler,Gilbert Arenas,Randy Foye,Marc Gasol,Mike Conley,O.J. Mayo,Sam Young,Zach Randolph,4,4:24,WAS,rebound,,,,,,,,,,Antawn Jamison,,,,,,def,,
Antawn Jamison,Brendan Haywood,Caron Butler,Gilbert Arenas,Randy Foye,Marc Gasol,Mike Conley,O.J. Mayo,Sam Young,Zach Randolph,4,4:10,WAS,shot,,,,,,,,,,Caron Butler,,,,missed,,jump,24,13
Antawn Jamison,Brendan Haywood,Caron Butler,Gilbert Arenas,Randy Foye,Marc Gasol,Mike Conley,O.J. Mayo,Sam Young,Zach Randolph,4,4:08,WAS,rebound,,,,,,,,,,Brendan Haywood,,,,,,off,,
Antawn Jamison,Brendan Haywood,Caron Butler,Gilbert Arenas,Randy Foye,Marc Gasol,Mike Conley,O.J. Mayo,Sam Young,Zach Randolph,4,4:08,MEM,foul,,,,,,,,Brendan Haywood,,Marc Gasol,,,,,,personal,,
Antawn Jamison,Brendan Haywood,Caron Butler,Gilbert Arenas,Randy Foye,Marc Gasol,Mike Conley,O.J. Mayo,Sam Young,Zach Randolph,4,3:55,WAS,shot,,,,,,,,,,Gilbert Arenas,,,,missed,,jump,19,20
Antawn Jamison,Brendan Haywood,Caron Butler,Gilbert Arenas,Randy Foye,Marc Gasol,Mike Conley,O.J. Mayo,Sam Young,Zach Randolph,4,3:54,MEM,rebound,,,,,,,,,,Zach Randolph,,,,,,def,,
Antawn Jamison,Brendan Haywood,Caron Butler,Gilbert Arenas,Randy Foye,Marc Gasol,Mike Conley,O.J. Mayo,Sam Young,Zach Randolph,4,3:44,WAS,foul,,,,,,,,Marc Gasol,,Brendan Haywood,,,,,,personal,,
Antawn Jamison,Brendan Haywood,Caron Butler,Gilbert Arenas,Randy Foye,Marc Gasol,Mike Conley,O.J. Mayo,Sam Young,Zach Randolph,4,3:31,MEM,shot,,,,,,,,,,Zach Randolph,,,,missed,,jump bank,31,9
Antawn Jamison,Brendan Haywood,Caron Butler,Gilbert Arenas,Randy Foye,Marc Gasol,Mike Conley,O.J. Mayo,Sam Young,Zach Randolph,4,3:29,WAS,rebound,,,,,,,,,,Gilbert Arenas,,,,,,def,,
Antawn Jamison,Brendan Haywood,Caron Butler,Gilbert Arenas,Randy Foye,Marc Gasol,Mike Conley,O.J. Mayo,Sam Young,Zach Randolph,4,3:26,WAS,shot,,,,,,,,,,Randy Foye,2,,,made,,jump,24,11
Antawn Jamison,Brendan Haywood,Caron Butler,Gilbert Arenas,Randy Foye,Marc Gasol,Mike Conley,O.J. Mayo,Sam Young,Zach Randolph,4,3:26,MEM,foul,,,,,,,,Randy Foye,,Mike Conley,,,,,,shooting,,
Antawn Jamison,Brendan Haywood,Caron Butler,Gilbert Arenas,Randy Foye,DeMarre Carroll,Marc Gasol,Mike Conley,O.J. Mayo,Zach Randolph,4,3:26,MEM,sub,,,,DeMarre Carroll,,Sam Young,,,,,,,,,,,,
Antawn Jamison,Brendan Haywood,Caron Butler,Gilbert Arenas,Randy Foye,DeMarre Carroll,Marc Gasol,Mike Conley,O.J. Mayo,Zach Randolph,4,3:26,WAS,free throw,,,,,,,1,,1,Randy Foye,,,foul,made,,,,
Antawn Jamison,Brendan Haywood,Caron Butler,Gilbert Arenas,Randy Foye,DeMarre Carroll,Marc Gasol,Mike Conley,O.J. Mayo,Zach Randolph,4,3:10,MEM,shot,Mike Conley,,,,,,,,,DeMarre Carroll,2,,,made,,jump,5,13
Antawn Jamison,Brendan Haywood,Caron Butler,Gilbert Arenas,Randy Foye,DeMarre Carroll,Marc Gasol,Mike Conley,O.J. Mayo,Zach Randolph,4,2:55,WAS,shot,,,,,,,,,,Gilbert Arenas,,,,missed,,3pt,2,7
Antawn Jamison,Brendan Haywood,Caron Butler,Gilbert Arenas,Randy Foye,DeMarre Carroll,Marc Gasol,Mike Conley,O.J. Mayo,Zach Randolph,4,2:54,MEM,rebound,,,,,,,,,,Mike Conley,,,,,,def,,
Antawn Jamison,Brendan Haywood,Caron Butler,Gilbert Arenas,Randy Foye,DeMarre Carroll,Marc Gasol,Mike Conley,O.J. Mayo,Zach Randolph,4,2:50,MEM,shot,,,,,,,,,,Mike Conley,2,,,made,,layup,25,6
Antawn Jamison,Brendan Haywood,Caron Butler,Gilbert Arenas,Randy Foye,DeMarre Carroll,Marc Gasol,Mike Conley,O.J. Mayo,Zach Randolph,4,2:41,WAS,timeout,,,,,,,,,,,,,,,,regular,,
Antawn Jamison,Brendan Haywood,Caron Butler,Gilbert Arenas,Randy Foye,DeMarre Carroll,Marc Gasol,Mike Conley,O.J. Mayo,Zach Randolph,4,2:30,MEM,foul,,,,,,,,Brendan Haywood,,DeMarre Carroll,,,,,,personal,,
Antawn Jamison,Brendan Haywood,Caron Butler,Gilbert Arenas,Randy Foye,DeMarre Carroll,Marc Gasol,Mike Conley,O.J. Mayo,Zach Randolph,4,2:30,WAS,free throw,,,,,,,1,,2,Brendan Haywood,,,foul,made,,,,
Antawn Jamison,Brendan Haywood,Caron Butler,Gilbert Arenas,Randy Foye,DeMarre Carroll,Marc Gasol,Mike Conley,O.J. Mayo,Zach Randolph,4,2:30,WAS,free throw,,,,,,,2,,2,Brendan Haywood,,,foul,missed,,,,
Antawn Jamison,Brendan Haywood,Caron Butler,Gilbert Arenas,Randy Foye,DeMarre Carroll,Marc Gasol,Mike Conley,O.J. Mayo,Zach Randolph,4,2:29,MEM,rebound,,,,,,,,,,Marc Gasol,,,,,,def,,
Antawn Jamison,Brendan Haywood,Caron Butler,Gilbert Arenas,Randy Foye,DeMarre Carroll,Marc Gasol,Mike Conley,O.J. Mayo,Zach Randolph,4,2:25,MEM,timeout,,,,,,,,,,,,,,,,regular,,
Antawn Jamison,Brendan Haywood,Caron Butler,Gilbert Arenas,Randy Foye,DeMarre Carroll,Marc Gasol,Mike Conley,O.J. Mayo,Zach Randolph,4,2:12,MEM,shot,,,,,,,,,,O.J. Mayo,,,,missed,,3pt,10,27
Antawn Jamison,Brendan Haywood,Caron Butler,Gilbert Arenas,Randy Foye,DeMarre Carroll,Marc Gasol,Mike Conley,O.J. Mayo,Zach Randolph,4,2:10,MEM,rebound,,,,,,,,,,Zach Randolph,,,,,,off,,
Antawn Jamison,Brendan Haywood,Caron Butler,Gilbert Arenas,Randy Foye,DeMarre Carroll,Marc Gasol,Mike Conley,O.J. Mayo,Zach Randolph,4,2:02,WAS,foul,,,,,,,,Marc Gasol,,Gilbert Arenas,,,,,,shooting,,
Antawn Jamison,Brendan Haywood,Caron Butler,Gilbert Arenas,Randy Foye,DeMarre Carroll,Marc Gasol,Mike Conley,O.J. Mayo,Zach Randolph,4,2:02,MEM,free throw,,,,,,,1,,2,Marc Gasol,,,foul,made,,,,
Antawn Jamison,Brendan Haywood,Caron Butler,Gilbert Arenas,Randy Foye,DeMarre Carroll,Marc Gasol,Mike Conley,O.J. Mayo,Zach Randolph,4,2:02,MEM,free throw,,,,,,,2,,2,Marc Gasol,,,foul,made,,,,
Antawn Jamison,Brendan Haywood,Caron Butler,Gilbert Arenas,Randy Foye,DeMarre Carroll,Marc Gasol,Mike Conley,O.J. Mayo,Zach Randolph,4,1:48,WAS,shot,,,,,,,,,,Randy Foye,,,,missed,,3pt,21,32
Antawn Jamison,Brendan Haywood,Caron Butler,Gilbert Arenas,Randy Foye,DeMarre Carroll,Marc Gasol,Mike Conley,O.J. Mayo,Zach Randolph,4,1:45,WAS,rebound,,,,,,,,,,Caron Butler,,,,,,off,,
Antawn Jamison,Brendan Haywood,Caron Butler,Gilbert Arenas,Randy Foye,DeMarre Carroll,Marc Gasol,Mike Conley,O.J. Mayo,Zach Randolph,4,1:42,WAS,shot,Randy Foye,,,,,,,,,Caron Butler,3,,,made,,3pt,2,7
Antawn Jamison,Brendan Haywood,Caron Butler,Gilbert Arenas,Randy Foye,DeMarre Carroll,Marc Gasol,Mike Conley,O.J. Mayo,Zach Randolph,4,1:23,MEM,shot,,,,,,,,,,Mike Conley,,,,missed,,running jump,13,8
Antawn Jamison,Brendan Haywood,Caron Butler,Gilbert Arenas,Randy Foye,DeMarre Carroll,Marc Gasol,Mike Conley,O.J. Mayo,Zach Randolph,4,1:23,WAS,rebound,,,,,,,,,,,,,,,,,,
Antawn Jamison,Brendan Haywood,Caron Butler,Gilbert Arenas,Randy Foye,DeMarre Carroll,Marc Gasol,Mike Conley,O.J. Mayo,Zach Randolph,4,1:23,MEM,foul,,,,,,,,Antawn Jamison,,Zach Randolph,,,,,,loose ball,,
Antawn Jamison,Brendan Haywood,Caron Butler,Gilbert Arenas,Randy Foye,DeMarre Carroll,Marc Gasol,Mike Conley,O.J. Mayo,Zach Randolph,4,1:23,WAS,free throw,,,,,,,1,,2,Antawn Jamison,,,foul,missed,,,,
Antawn Jamison,Brendan Haywood,Caron Butler,Gilbert Arenas,Randy Foye,DeMarre Carroll,Marc Gasol,Mike Conley,O.J. Mayo,Zach Randolph,4,1:23,WAS,rebound,,,,,,,,,,,,,,,,,,
Antawn Jamison,Brendan Haywood,Caron Butler,Gilbert Arenas,Randy Foye,DeMarre Carroll,Marc Gasol,Mike Conley,O.J. Mayo,Zach Randolph,4,1:23,WAS,free throw,,,,,,,2,,2,Antawn Jamison,,,foul,made,,,,
Antawn Jamison,Brendan Haywood,Caron Butler,Gilbert Arenas,Randy Foye,DeMarre Carroll,Marc Gasol,Mike Conley,O.J. Mayo,Zach Randolph,4,1:09,MEM,timeout,,,,,,,,,,,,,,,,short,,
Antawn Jamison,Brendan Haywood,Caron Butler,Gilbert Arenas,Randy Foye,DeMarre Carroll,Marc Gasol,Mike Conley,O.J. Mayo,Zach Randolph,4,1:02,MEM,shot,,,,,,,,,,O.J. Mayo,,,,missed,,3pt,14,30
Antawn Jamison,Brendan Haywood,Caron Butler,Gilbert Arenas,Randy Foye,DeMarre Carroll,Marc Gasol,Mike Conley,O.J. Mayo,Zach Randolph,4,1:02,WAS,rebound,,,,,,,,,,,,,,,,,,
Antawn Jamison,Brendan Haywood,Caron Butler,Gilbert Arenas,Randy Foye,DeMarre Carroll,Marc Gasol,Mike Conley,O.J. Mayo,Zach Randolph,4,0:41,WAS,shot,,,,,,,,,,Antawn Jamison,,,,missed,,running bank,16,12
Antawn Jamison,Brendan Haywood,Caron Butler,Gilbert Arenas,Randy Foye,DeMarre Carroll,Marc Gasol,Mike Conley,O.J. Mayo,Zach Randolph,4,0:39,WAS,rebound,,,,,,,,,,Antawn Jamison,,,,,,off,,
Antawn Jamison,Brendan Haywood,Caron Butler,Gilbert Arenas,Randy Foye,DeMarre Carroll,Marc Gasol,Mike Conley,O.J. Mayo,Zach Randolph,4,0:31,WAS,shot,,,,,,,,,,Gilbert Arenas,,,,missed,,running jump,30,15
Antawn Jamison,Brendan Haywood,Caron Butler,Gilbert Arenas,Randy Foye,DeMarre Carroll,Marc Gasol,Mike Conley,O.J. Mayo,Zach Randolph,4,0:30,WAS,rebound,,,,,,,,,,Brendan Haywood,,,,,,off,,
Antawn Jamison,Brendan Haywood,Caron Butler,Gilbert Arenas,Randy Foye,DeMarre Carroll,Marc Gasol,Mike Conley,O.J. Mayo,Zach Randolph,4,0:30,MEM,foul,,,,,,,,Brendan Haywood,,Marc Gasol,,,,,,shooting,,
Antawn Jamison,Brendan Haywood,Caron Butler,Gilbert Arenas,Randy Foye,DeMarre Carroll,Marc Gasol,Mike Conley,O.J. Mayo,Zach Randolph,4,0:30,WAS,free throw,,,,,,,1,,2,Brendan Haywood,,,foul,missed,,,,
Antawn Jamison,Brendan Haywood,Caron Butler,Gilbert Arenas,Randy Foye,DeMarre Carroll,Marc Gasol,Mike Conley,O.J. Mayo,Zach Randolph,4,0:30,WAS,rebound,,,,,,,,,,,,,,,,,,
Antawn Jamison,Brendan Haywood,Caron Butler,Gilbert Arenas,Randy Foye,DeMarre Carroll,Marc Gasol,Mike Conley,O.J. Mayo,Zach Randolph,4,0:30,WAS,free throw,,,,,,,2,,2,Brendan Haywood,,,foul,made,,,,
Antawn Jamison,Brendan Haywood,Caron Butler,Gilbert Arenas,Randy Foye,DeMarre Carroll,Marc Gasol,Mike Conley,O.J. Mayo,Zach Randolph,4,0:30,MEM,timeout,,,,,,,,,,,,,,,,regular,,
Antawn Jamison,Brendan Haywood,Caron Butler,Gilbert Arenas,Randy Foye,Marc Gasol,Mike Conley,O.J. Mayo,Sam Young,Zach Randolph,4,0:30,MEM,sub,,,,Sam Young,,DeMarre Carroll,,,,,,,,,,,,
Antawn Jamison,Brendan Haywood,Caron Butler,Gilbert Arenas,Randy Foye,Marc Gasol,Mike Conley,O.J. Mayo,Sam Young,Zach Randolph,4,0:11,MEM,shot,,,,,,,,,,O.J. Mayo,,,,missed,,3pt,1,6
Antawn Jamison,Brendan Haywood,Caron Butler,Gilbert Arenas,Randy Foye,Marc Gasol,Mike Conley,O.J. Mayo,Sam Young,Zach Randolph,4,0:09,WAS,rebound,,,,,,,,,,Caron Butler,,,,,,def,,
Antawn Jamison,Brendan Haywood,Caron Butler,Gilbert Arenas,Randy Foye,Marc Gasol,Mike Conley,O.J. Mayo,Sam Young,Zach Randolph,4,0:09,MEM,foul,,,,,,,,Caron Butler,,Zach Randolph,,,,,,personal,,
Antawn Jamison,Brendan Haywood,Caron Butler,Gilbert Arenas,Randy Foye,Marc Gasol,Mike Conley,O.J. Mayo,Sam Young,Zach Randolph,4,0:09,WAS,free throw,,,,,,,1,,2,Caron Butler,,,foul,made,,,,
Antawn Jamison,Brendan Haywood,Caron Butler,Gilbert Arenas,Randy Foye,Marc Gasol,Mike Conley,O.J. Mayo,Sam Young,Zach Randolph,4,0:09,WAS,free throw,,,,,,,2,,2,Caron Butler,,,foul,made,,,,
Antawn Jamison,Brendan Haywood,Caron Butler,Gilbert Arenas,Randy Foye,Marc Gasol,Mike Conley,O.J. Mayo,Sam Young,Zach Randolph,4,0:09,MEM,timeout,,,,,,,,,,,,,,,,short,,
Antawn Jamison,Brendan Haywood,Caron Butler,Gilbert Arenas,Randy Foye,Marc Gasol,Mike Conley,O.J. Mayo,Sam Young,Zach Randolph,4,0:05,WAS,foul,,,,,,,,Mike Conley,,Gilbert Arenas,,,,,,personal,,
Antawn Jamison,Brendan Haywood,Caron Butler,Gilbert Arenas,Randy Foye,Marc Gasol,Mike Conley,O.J. Mayo,Sam Young,Zach Randolph,4,0:00,WAS,foul,,,,,,,,Zach Randolph,,Brendan Haywood,,,,,,shooting,,
Antawn Jamison,Brendan Haywood,Caron Butler,Gilbert Arenas,Randy Foye,Marc Gasol,Mike Conley,O.J. Mayo,Sam Young,Zach Randolph,4,0:00,MEM,free throw,,,,,,,1,,2,Zach Randolph,,,foul,made,,,,
Antawn Jamison,Brendan Haywood,Caron Butler,Gilbert Arenas,Randy Foye,Hasheem Thabeet,Marc Gasol,Mike Conley,O.J. Mayo,Zach Randolph,4,0:00,MEM,sub,,,,Hasheem Thabeet,,Sam Young,,,,,,,,,,,,
Andray Blatche,Antawn Jamison,Brendan Haywood,Caron Butler,Gilbert Arenas,Hasheem Thabeet,Marc Gasol,Mike Conley,O.J. Mayo,Zach Randolph,4,0:00,WAS,sub,,,,Andray Blatche,,Randy Foye,,,,,,,,,,,,
Andray Blatche,Antawn Jamison,Brendan Haywood,Caron Butler,Gilbert Arenas,Hasheem Thabeet,Marc Gasol,Mike Conley,O.J. Mayo,Zach Randolph,4,0:00,MEM,free throw,,,,,,,2,,2,Zach Randolph,,,foul,made,,,,
Andray Blatche,Antawn Jamison,Brendan Haywood,Caron Butler,Gilbert Arenas,Hasheem Thabeet,Marc Gasol,Mike Conley,O.J. Mayo,Zach Randolph,4,0:00,WAS,timeout,,,,,,,,,,,,,,,,regular,,
Andray Blatche,Antawn Jamison,Caron Butler,Gilbert Arenas,Randy Foye,Hasheem Thabeet,Marc Gasol,Mike Conley,O.J. Mayo,Zach Randolph,4,0:00,WAS,sub,,,,Randy Foye,,Brendan Haywood,,,,,,,,,,,,
Andray Blatche,Antawn Jamison,Caron Butler,Gilbert Arenas,Randy Foye,DeMarre Carroll,Hasheem Thabeet,Marc Gasol,Mike Conley,O.J. Mayo,4,0:00,MEM,sub,,,,DeMarre Carroll,,Zach Randolph,,,,,,,,,,,,
Andray Blatche,Antawn Jamison,Caron Butler,Gilbert Arenas,Randy Foye,DeMarre Carroll,Hasheem Thabeet,Marc Gasol,Mike Conley,O.J. Mayo,4,0:00,WAS,shot,,,,,,,,,,Gilbert Arenas,,,,missed,,3pt,1,9
Andray Blatche,Antawn Jamison,Caron Butler,Gilbert Arenas,Randy Foye,DeMarre Carroll,Hasheem Thabeet,Marc Gasol,Mike Conley,O.J. Mayo,4,0:00,WAS,rebound,,,,,,,,,,,,,,,,,,
Antawn Jamison,Brendan Haywood,Caron Butler,Gilbert Arenas,Randy Foye,Marc Gasol,Mike Conley,O.J. Mayo,Sam Young,Zach Randolph,5,5:00,OFF,jump ball,,Brendan Haywood,,,Marc Gasol,,,,,,,Sam Young,,,,,,
Antawn Jamison,Brendan Haywood,Caron Butler,Gilbert Arenas,Randy Foye,Marc Gasol,Mike Conley,O.J. Mayo,Sam Young,Zach Randolph,5,4:44,MEM,shot,,,,,,,,,,Zach Randolph,,,,missed,,jump,19,18
Antawn Jamison,Brendan Haywood,Caron Butler,Gilbert Arenas,Randy Foye,Marc Gasol,Mike Conley,O.J. Mayo,Sam Young,Zach Randolph,5,4:43,MEM,rebound,,,,,,,,,,Zach Randolph,,,,,,off,,
Antawn Jamison,Brendan Haywood,Caron Butler,Gilbert Arenas,Randy Foye,Marc Gasol,Mike Conley,O.J. Mayo,Sam Young,Zach Randolph,5,4:43,WAS,foul,,,,,,,,Zach Randolph,,Caron Butler,,,,,,shooting,,
Antawn Jamison,Brendan Haywood,Caron Butler,Gilbert Arenas,Randy Foye,Marc Gasol,Mike Conley,O.J. Mayo,Sam Young,Zach Randolph,5,4:43,MEM,free throw,,,,,,,1,,2,Zach Randolph,,,foul,made,,,,
Antawn Jamison,Brendan Haywood,Caron Butler,Gilbert Arenas,Randy Foye,Marc Gasol,Mike Conley,O.J. Mayo,Sam Young,Zach Randolph,5,4:43,MEM,free throw,,,,,,,2,,2,Zach Randolph,,,foul,made,,,,
Antawn Jamison,Brendan Haywood,Caron Butler,Gilbert Arenas,Randy Foye,Marc Gasol,Mike Conley,O.J. Mayo,Sam Young,Zach Randolph,5,4:24,WAS,shot,,,,,,,,,,Caron Butler,,,,missed,,3pt,48,7
Antawn Jamison,Brendan Haywood,Caron Butler,Gilbert Arenas,Randy Foye,Marc Gasol,Mike Conley,O.J. Mayo,Sam Young,Zach Randolph,5,4:23,WAS,rebound,,,,,,,,,,Antawn Jamison,,,,,,off,,
Antawn Jamison,Brendan Haywood,Caron Butler,Gilbert Arenas,Randy Foye,Marc Gasol,Mike Conley,O.J. Mayo,Sam Young,Zach Randolph,5,4:21,WAS,shot,,,,,,,,,,Antawn Jamison,2,,,made,,layup,25,6
Antawn Jamison,Brendan Haywood,Caron Butler,Gilbert Arenas,Randy Foye,Marc Gasol,Mike Conley,O.J. Mayo,Sam Young,Zach Randolph,5,4:04,MEM,shot,,,Brendan Haywood,,,,,,,Marc Gasol,,,,missed,,layup,25,6
Antawn Jamison,Brendan Haywood,Caron Butler,Gilbert Arenas,Randy Foye,Marc Gasol,Mike Conley,O.J. Mayo,Sam Young,Zach Randolph,5,4:03,WAS,rebound,,,,,,,,,,Brendan Haywood,,,,,,def,,
Antawn Jamison,Brendan Haywood,Caron Butler,Gilbert Arenas,Randy Foye,Marc Gasol,Mike Conley,O.J. Mayo,Sam Young,Zach Randolph,5,3:59,WAS,shot,,,Mike Conley,,,,,,,Caron Butler,,,,missed,,layup,25,6
Antawn Jamison,Brendan Haywood,Caron Butler,Gilbert Arenas,Randy Foye,Marc Gasol,Mike Conley,O.J. Mayo,Sam Young,Zach Randolph,5,3:59,WAS,rebound,,,,,,,,,,,,,,,,,,
Antawn Jamison,Brendan Haywood,Caron Butler,Gilbert Arenas,Randy Foye,Marc Gasol,Mike Conley,O.J. Mayo,Sam Young,Zach Randolph,5,3:55,WAS,shot,,,,,,,,,,Antawn Jamison,,,,missed,,jump,43,16
Antawn Jamison,Brendan Haywood,Caron Butler,Gilbert Arenas,Randy Foye,Marc Gasol,Mike Conley,O.J. Mayo,Sam Young,Zach Randolph,5,3:54,MEM,rebound,,,,,,,,,,O.J. Mayo,,,,,,def,,
Antawn Jamison,Brendan Haywood,Caron Butler,Gilbert Arenas,Randy Foye,Marc Gasol,Mike Conley,O.J. Mayo,Sam Young,Zach Randolph,5,3:50,MEM,shot,O.J. Mayo,,,,,,,,,Sam Young,2,,,made,,alley oop layup,25,6
Antawn Jamison,Brendan Haywood,Caron Butler,Gilbert Arenas,Randy Foye,Marc Gasol,Mike Conley,O.J. Mayo,Sam Young,Zach Randolph,5,3:26,WAS,shot,,,,,,,,,,Gilbert Arenas,,,,missed,,pullup jump,21,18
Antawn Jamison,Brendan Haywood,Caron Butler,Gilbert Arenas,Randy Foye,Marc Gasol,Mike Conley,O.J. Mayo,Sam Young,Zach Randolph,5,3:24,MEM,rebound,,,,,,,,,,Zach Randolph,,,,,,def,,
Antawn Jamison,Brendan Haywood,Caron Butler,Gilbert Arenas,Randy Foye,Marc Gasol,Mike Conley,O.J. Mayo,Sam Young,Zach Randolph,5,3:11,MEM,shot,Mike Conley,,,,,,,,,O.J. Mayo,3,,,made,,3pt,49,11
Antawn Jamison,Brendan Haywood,Caron Butler,Gilbert Arenas,Randy Foye,Marc Gasol,Mike Conley,O.J. Mayo,Sam Young,Zach Randolph,5,3:05,WAS,timeout,,,,,,,,,,,,,,,,regular,,
Antawn Jamison,Brendan Haywood,Caron Butler,Gilbert Arenas,Randy Foye,Marc Gasol,Mike Conley,O.J. Mayo,Sam Young,Zach Randolph,5,2:54,MEM,foul,,,,,,,,Caron Butler,,Sam Young,,,,,,personal,,
Antawn Jamison,Brendan Haywood,Caron Butler,Gilbert Arenas,Randy Foye,Marc Gasol,Mike Conley,O.J. Mayo,Sam Young,Zach Randolph,5,2:42,WAS,shot,,,,,,,,,,Caron Butler,2,,,made,,step back jump,44,8
Antawn Jamison,Brendan Haywood,Caron Butler,Gilbert Arenas,Randy Foye,Marc Gasol,Mike Conley,O.J. Mayo,Sam Young,Zach Randolph,5,2:27,MEM,shot,,,,,,,,,,Mike Conley,,,,missed,,jump,21,12
Antawn Jamison,Brendan Haywood,Caron Butler,Gilbert Arenas,Randy Foye,Marc Gasol,Mike Conley,O.J. Mayo,Sam Young,Zach Randolph,5,2:27,WAS,rebound,,,,,,,,,,,,,,,,,,
Antawn Jamison,Brendan Haywood,Caron Butler,Gilbert Arenas,Randy Foye,Marc Gasol,Mike Conley,O.J. Mayo,Sam Young,Zach Randolph,5,2:10,WAS,shot,,,,,,,,,,Antawn Jamison,,,,missed,,running layup,25,6
Antawn Jamison,Brendan Haywood,Caron Butler,Gilbert Arenas,Randy Foye,Marc Gasol,Mike Conley,O.J. Mayo,Sam Young,Zach Randolph,5,2:08,MEM,rebound,,,,,,,,,,Mike Conley,,,,,,def,,
Antawn Jamison,Brendan Haywood,Caron Butler,Gilbert Arenas,Randy Foye,Marc Gasol,Mike Conley,O.J. Mayo,Sam Young,Zach Randolph,5,1:49,MEM,shot,,,,,,,,,,Sam Young,,,,missed,,driving layup,25,6
Antawn Jamison,Brendan Haywood,Caron Butler,Gilbert Arenas,Randy Foye,Marc Gasol,Mike Conley,O.J. Mayo,Sam Young,Zach Randolph,5,1:49,MEM,rebound,,,,,,,,,,Zach Randolph,,,,,,off,,
Antawn Jamison,Brendan Haywood,Caron Butler,Gilbert Arenas,Randy Foye,Marc Gasol,Mike Conley,O.J. Mayo,Sam Young,Zach Randolph,5,1:49,MEM,shot,,,,,,,,,,Zach Randolph,2,,,made,,tip,25,6
Antawn Jamison,Brendan Haywood,Caron Butler,Gilbert Arenas,Randy Foye,Marc Gasol,Mike Conley,O.J. Mayo,Sam Young,Zach Randolph,5,1:40,WAS,shot,,,,,,,,,,Gilbert Arenas,,,,missed,,layup,25,6
Antawn Jamison,Brendan Haywood,Caron Butler,Gilbert Arenas,Randy Foye,Marc Gasol,Mike Conley,O.J. Mayo,Sam Young,Zach Randolph,5,1:40,WAS,rebound,,,,,,,,,,Brendan Haywood,,,,,,off,,
Antawn Jamison,Brendan Haywood,Caron Butler,Gilbert Arenas,Randy Foye,Marc Gasol,Mike Conley,O.J. Mayo,Sam Young,Zach Randolph,5,1:40,WAS,shot,,,,,,,,,,Brendan Haywood,2,,,made,,putback dunk,25,6
Antawn Jamison,Brendan Haywood,Caron Butler,Gilbert Arenas,Randy Foye,Marc Gasol,Mike Conley,O.J. Mayo,Sam Young,Zach Randolph,5,1:22,MEM,shot,,,,,,,,,,O.J. Mayo,,,,missed,,3pt,41,25
Antawn Jamison,Brendan Haywood,Caron Butler,Gilbert Arenas,Randy Foye,Marc Gasol,Mike Conley,O.J. Mayo,Sam Young,Zach Randolph,5,1:20,MEM,rebound,,,,,,,,,,,,,,,,,,
Antawn Jamison,Brendan Haywood,Caron Butler,Gilbert Arenas,Randy Foye,Marc Gasol,Mike Conley,O.J. Mayo,Sam Young,Zach Randolph,5,1:10,MEM,shot,,,,,,,,,,O.J. Mayo,,,,missed,,pullup jump,37,19
Antawn Jamison,Brendan Haywood,Caron Butler,Gilbert Arenas,Randy Foye,Marc Gasol,Mike Conley,O.J. Mayo,Sam Young,Zach Randolph,5,1:07,WAS,rebound,,,,,,,,,,Gilbert Arenas,,,,,,def,,
Antawn Jamison,Brendan Haywood,Caron Butler,Gilbert Arenas,Randy Foye,Marc Gasol,Mike Conley,O.J. Mayo,Sam Young,Zach Randolph,5,1:03,MEM,foul,,,,,,,,Randy Foye,,Mike Conley,,,,,,shooting,,
Antawn Jamison,Brendan Haywood,Caron Butler,Gilbert Arenas,Randy Foye,Marc Gasol,Mike Conley,O.J. Mayo,Sam Young,Zach Randolph,5,1:03,WAS,free throw,,,,,,,1,,2,Randy Foye,,,foul,made,,,,
Antawn Jamison,Brendan Haywood,Caron Butler,Gilbert Arenas,Randy Foye,Marc Gasol,Mike Conley,O.J. Mayo,Sam Young,Zach Randolph,5,1:03,WAS,free throw,,,,,,,2,,2,Randy Foye,,,foul,made,,,,
Antawn Jamison,Brendan Haywood,Caron Butler,Gilbert Arenas,Randy Foye,Marc Gasol,Mike Conley,O.J. Mayo,Sam Young,Zach Randolph,5,0:42,MEM,shot,Mike Conley,,,,,,,,,Zach Randolph,2,,,made,,turnaround bank,31,10
Antawn Jamison,Brendan Haywood,Caron Butler,Gilbert Arenas,Randy Foye,Marc Gasol,Mike Conley,O.J. Mayo,Sam Young,Zach Randolph,5,0:32,MEM,foul,,,,,,,,Gilbert Arenas,,Sam Young,,,,,,personal,,
Antawn Jamison,Brendan Haywood,Caron Butler,Gilbert Arenas,Randy Foye,Marc Gasol,Mike Conley,O.J. Mayo,Sam Young,Zach Randolph,5,0:32,WAS,free throw,,,,,,,1,,2,Gilbert Arenas,,,foul,made,,,,
Antawn Jamison,Brendan Haywood,Caron Butler,Gilbert Arenas,Randy Foye,Marc Gasol,Mike Conley,O.J. Mayo,Sam Young,Zach Randolph,5,0:32,WAS,free throw,,,,,,,2,,2,Gilbert Arenas,,,foul,missed,,,,
Antawn Jamison,Brendan Haywood,Caron Butler,Gilbert Arenas,Randy Foye,Marc Gasol,Mike Conley,O.J. Mayo,Sam Young,Zach Randolph,5,0:31,MEM,rebound,,,,,,,,,,Zach Randolph,,,,,,def,,
Antawn Jamison,Brendan Haywood,Caron Butler,Gilbert Arenas,Randy Foye,Marc Gasol,Mike Conley,O.J. Mayo,Sam Young,Zach Randolph,5,0:09,WAS,foul,,,,,,,,Marc Gasol,,Antawn Jamison,,,,,,shooting,,
Antawn Jamison,Brendan Haywood,Caron Butler,Gilbert Arenas,Randy Foye,Marc Gasol,Mike Conley,O.J. Mayo,Sam Young,Zach Randolph,5,0:09,MEM,free throw,,,,,,,1,,2,Marc Gasol,,,foul,made,,,,
Antawn Jamison,Brendan Haywood,Caron Butler,Gilbert Arenas,Randy Foye,Marc Gasol,Mike Conley,O.J. Mayo,Sam Young,Zach Randolph,5,0:09,MEM,free throw,,,,,,,2,,2,Marc Gasol,,,foul,made,,,,
Antawn Jamison,Brendan Haywood,Caron Butler,Gilbert Arenas,Randy Foye,Marc Gasol,Mike Conley,O.J. Mayo,Sam Young,Zach Randolph,5,0:09,WAS,timeout,,,,,,,,,,,,,,,,regular,,
Antawn Jamison,Brendan Haywood,Caron Butler,Gilbert Arenas,Randy Foye,DeMarre Carroll,Marc Gasol,Mike Conley,O.J. Mayo,Zach Randolph,5,0:09,MEM,sub,,,,DeMarre Carroll,,Sam Young,,,,,,,,,,,,
Antawn Jamison,Brendan Haywood,Caron Butler,Gilbert Arenas,Randy Foye,DeMarre Carroll,Marc Gasol,Mike Conley,O.J. Mayo,Zach Randolph,5,0:05,WAS,shot,,,,,,,,,,Gilbert Arenas,,,,missed,,layup,25,6
Antawn Jamison,Brendan Haywood,Caron Butler,Gilbert Arenas,Randy Foye,DeMarre Carroll,Marc Gasol,Mike Conley,O.J. Mayo,Zach Randolph,5,0:03,MEM,rebound,,,,,,,,,,O.J. Mayo,,,,,,def,,
Antawn Jamison,Brendan Haywood,Caron Butler,Gilbert Arenas,Randy Foye,DeMarre Carroll,Marc Gasol,Mike Conley,O.J. Mayo,Zach Randolph,5,0:02,WAS,foul,,,,,,,,O.J. Mayo,,Randy Foye,,,,,,personal,,
Antawn Jamison,Brendan Haywood,Caron Butler,Gilbert Arenas,Randy Foye,DeMarre Carroll,Marc Gasol,Mike Conley,O.J. Mayo,Zach Randolph,5,0:02,MEM,free throw,,,,,,,1,,2,O.J. Mayo,,,foul,made,,,,
Antawn Jamison,Brendan Haywood,Caron Butler,Gilbert Arenas,Randy Foye,DeMarre Carroll,Marc Gasol,Mike Conley,O.J. Mayo,Zach Randolph,5,0:02,MEM,free throw,,,,,,,2,,2,O.J. Mayo,,,foul,missed,,,,
Antawn Jamison,Brendan Haywood,Caron Butler,Gilbert Arenas,Randy Foye,DeMarre Carroll,Marc Gasol,Mike Conley,O.J. Mayo,Zach Randolph,5,0:01,WAS,rebound,,,,,,,,,,Antawn Jamison,,,,,,def,,
Antawn Jamison,Brendan Haywood,Caron Butler,Gilbert Arenas,Randy Foye,DeMarre Carroll,Marc Gasol,Mike Conley,O.J. Mayo,Zach Randolph,5,0:01,WAS,timeout,,,,,,,,,,,,,,,,short,,
Antawn Jamison,Brendan Haywood,Caron Butler,Gilbert Arenas,Randy Foye,DeMarre Carroll,Marc Gasol,Mike Conley,O.J. Mayo,Zach Randolph,5,0:01,WAS,shot,,,,,,,,,,Antawn Jamison,,,,missed,,3pt,22,33
Antawn Jamison,Brendan Haywood,Caron Butler,Gilbert Arenas,Randy Foye,DeMarre Carroll,Marc Gasol,Mike Conley,O.J. Mayo,Zach Randolph,5,0:00,WAS,rebound,,,,,,,,,,,,,,,,,,
