a1,a2,a3,a4,a5,h1,h2,h3,h4,h5,period,time,team,etype,assist,away,block,entered,home,left,num,opponent,outof,player,points,possession,reason,result,steal,type,x,y
Marc Gasol,Mike Conley,O.J. Mayo,Rudy Gay,Zach Randolph,Dahntay Jones,Luther Head,Mike Dunleavy,Solomon Jones,T.J. Ford,1,12:00,OFF,jump ball,,Marc Gasol,,,Solomon Jones,,,,,,,O.J. Mayo,,,,,,
Marc Gasol,Mike Conley,O.J. Mayo,Rudy Gay,Zach Randolph,Dahntay Jones,Luther Head,Mike Dunleavy,Solomon Jones,T.J. Ford,1,11:36,MEM,shot,,,,,,,,,,Rudy Gay,,,,missed,,jump,31,8
Marc Gasol,Mike Conley,O.J. Mayo,Rudy Gay,Zach Randolph,Dahntay Jones,Luther Head,Mike Dunleavy,Solomon Jones,T.J. Ford,1,11:34,MEM,rebound,,,,,,,,,,Marc Gasol,,,,,,off,,
Marc Gasol,Mike Conley,O.J. Mayo,Rudy Gay,Zach Randolph,Dahntay Jones,Luther Head,Mike Dunleavy,Solomon Jones,T.J. Ford,1,11:34,IND,foul,,,,,,,,Marc Gasol,,Mike Dunleavy,,,,,,shooting,,
Marc Gasol,Mike Conley,O.J. Mayo,Rudy Gay,Zach Randolph,Dahntay Jones,Luther Head,Mike Dunleavy,Solomon Jones,T.J. Ford,1,11:34,MEM,free throw,,,,,,,1,,2,Marc Gasol,,,foul,missed,,,,
Marc Gasol,Mike Conley,O.J. Mayo,Rudy Gay,Zach Randolph,Dahntay Jones,Luther Head,Mike Dunleavy,Solomon Jones,T.J. Ford,1,11:34,MEM,rebound,,,,,,,,,,,,,,,,,,
Marc Gasol,Mike Conley,O.J. Mayo,Rudy Gay,Zach Randolph,Dahntay Jones,Luther Head,Mike Dunleavy,Solomon Jones,T.J. Ford,1,11:34,MEM,free throw,,,,,,,2,,2,Marc Gasol,,,foul,made,,,,
Marc Gasol,Mike Conley,O.J. Mayo,Rudy Gay,Zach Randolph,Dahntay Jones,Luther Head,Mike Dunleavy,Solomon Jones,T.J. Ford,1,11:21,IND,shot,Luther Head,,,,,,,,,Solomon Jones,2,,,made,,jump,22,6
Marc Gasol,Mike Conley,O.J. Mayo,Rudy Gay,Zach Randolph,Dahntay Jones,Luther Head,Mike Dunleavy,Solomon Jones,T.J. Ford,1,10:55,MEM,shot,,,,,,,,,,Zach Randolph,,,,missed,,jump,41,5
Marc Gasol,Mike Conley,O.J. Mayo,Rudy Gay,Zach Randolph,Dahntay Jones,Luther Head,Mike Dunleavy,Solomon Jones,T.J. Ford,1,10:54,MEM,rebound,,,,,,,,,,,,,,,,,,
Marc Gasol,Mike Conley,O.J. Mayo,Rudy Gay,Zach Randolph,Dahntay Jones,Luther Head,Mike Dunleavy,Solomon Jones,T.J. Ford,1,10:54,MEM,turnover,,,,,,,,,,,,,shot clock turnover,,,,,
Marc Gasol,Mike Conley,O.J. Mayo,Rudy Gay,Zach Randolph,Dahntay Jones,Luther Head,Mike Dunleavy,Solomon Jones,T.J. Ford,1,10:38,IND,shot,,,,,,,,,,Dahntay Jones,,,,missed,,jump,42,21
Marc Gasol,Mike Conley,O.J. Mayo,Rudy Gay,Zach Randolph,Dahntay Jones,Luther Head,Mike Dunleavy,Solomon Jones,T.J. Ford,1,10:37,MEM,rebound,,,,,,,,,,Marc Gasol,,,,,,def,,
Marc Gasol,Mike Conley,O.J. Mayo,Rudy Gay,Zach Randolph,Dahntay Jones,Luther Head,Mike Dunleavy,Solomon Jones,T.J. Ford,1,10:30,MEM,shot,,,,,,,,,,Marc Gasol,2,,,made,,driving layup,25,7
Marc Gasol,Mike Conley,O.J. Mayo,Rudy Gay,Zach Randolph,Dahntay Jones,Luther Head,Mike Dunleavy,Solomon Jones,T.J. Ford,1,10:30,IND,foul,,,,,,,,Marc Gasol,,Mike Dunleavy,,,,,,shooting,,
Marc Gasol,Mike Conley,O.J. Mayo,Rudy Gay,Zach Randolph,Dahntay Jones,Luther Head,Mike Dunleavy,Solomon Jones,T.J. Ford,1,10:30,MEM,free throw,,,,,,,1,,1,Marc Gasol,,,foul,made,,,,
Marc Gasol,Mike Conley,O.J. Mayo,Rudy Gay,Zach Randolph,Dahntay Jones,Luther Head,Mike Dunleavy,Solomon Jones,T.J. Ford,1,10:23,IND,shot,,,,,,,,,,Solomon Jones,2,,,made,,jump,27,21
Marc Gasol,Mike Conley,O.J. Mayo,Rudy Gay,Zach Randolph,Dahntay Jones,Luther Head,Mike Dunleavy,Solomon Jones,T.J. Ford,1,10:08,MEM,shot,,,,,,,,,,O.J. Mayo,2,,,made,,pullup jump,35,21
Marc Gasol,Mike Conley,O.J. Mayo,Rudy Gay,Zach Randolph,Dahntay Jones,Luther Head,Mike Dunleavy,Solomon Jones,T.J. Ford,1,9:55,IND,turnover,,,,,,,,,,Dahntay Jones,,,out of bounds lost ball turnover,,,,,
Marc Gasol,Mike Conley,O.J. Mayo,Rudy Gay,Zach Randolph,Dahntay Jones,Luther Head,Mike Dunleavy,Solomon Jones,T.J. Ford,1,9:40,MEM,shot,O.J. Mayo,,,,,,,,,Zach Randolph,2,,,made,,hook,17,10
Marc Gasol,Mike Conley,O.J. Mayo,Rudy Gay,Zach Randolph,Dahntay Jones,Luther Head,Mike Dunleavy,Solomon Jones,T.J. Ford,1,9:27,IND,shot,,,,,,,,,,Solomon Jones,,,,missed,,jump,44,10
Marc Gasol,Mike Conley,O.J. Mayo,Rudy Gay,Zach Randolph,Dahntay Jones,Luther Head,Mike Dunleavy,Solomon Jones,T.J. Ford,1,9:25,MEM,rebound,,,,,,,,,,Zach Randolph,,,,,,def,,
Marc Gasol,Mike Conley,O.J. Mayo,Rudy Gay,Zach Randolph,Dahntay Jones,Luther Head,Mike Dunleavy,Solomon Jones,T.J. Ford,1,9:21,MEM,shot,,,,,,,,,,O.J. Mayo,,,,missed,,jump,36,9
Marc Gasol,Mike Conley,O.J. Mayo,Rudy Gay,Zach Randolph,Dahntay Jones,Luther Head,Mike Dunleavy,Solomon Jones,T.J. Ford,1,9:19,IND,rebound,,,,,,,,,,,,,,,,,,
Marc Gasol,Mike Conley,O.J. Mayo,Rudy Gay,Zach Randolph,Dahntay Jones,Luther Head,Mike Dunleavy,Solomon Jones,T.J. Ford,1,9:05,IND,shot,,,,,,,,,,Dahntay Jones,,,,missed,,jump,18,22
Marc Gasol,Mike Conley,O.J. Mayo,Rudy Gay,Zach Randolph,Dahntay Jones,Luther Head,Mike Dunleavy,Solomon Jones,T.J. Ford,1,9:04,MEM,rebound,,,,,,,,,,Zach Randolph,,,,,,def,,
Marc Gasol,Mike Conley,O.J. Mayo,Rudy Gay,Zach Randolph,Dahntay Jones,Luther Head,Mike Dunleavy,Solomon Jones,T.J. Ford,1,8:54,MEM,shot,,,,,,,,,,Mike Conley,2,,,made,,jump,28,26
Marc Gasol,Mike Conley,O.J. Mayo,Rudy Gay,Zach Randolph,Dahntay Jones,Luther Head,Mike Dunleavy,Solomon Jones,T.J. Ford,1,8:47,MEM,foul,,,,,,,,T.J. Ford,,Mike Conley,,,,,,personal,,
Marc Gasol,Mike Conley,O.J. Mayo,Rudy Gay,Zach Randolph,Dahntay Jones,Luther Head,Mike Dunleavy,Solomon Jones,T.J. Ford,1,8:43,IND,shot,,,Rudy Gay,,,,,,,Mike Dunleavy,,,,missed,,3pt,41,29
Marc Gasol,Mike Conley,O.J. Mayo,Rudy Gay,Zach Randolph,Dahntay Jones,Luther Head,Mike Dunleavy,Solomon Jones,T.J. Ford,1,8:41,MEM,rebound,,,,,,,,,,Zach Randolph,,,,,,def,,
Marc Gasol,Mike Conley,O.J. Mayo,Rudy Gay,Zach Randolph,Dahntay Jones,Luther Head,Mike Dunleavy,Solomon Jones,T.J. Ford,1,8:33,MEM,shot,,,,,,,,,,Mike Conley,,,,missed,,3pt,49,7
Marc Gasol,Mike Conley,O.J. Mayo,Rudy Gay,Zach Randolph,Dahntay Jones,Luther Head,Mike Dunleavy,Solomon Jones,T.J. Ford,1,8:32,IND,rebound,,,,,,,,,,Dahntay Jones,,,,,,def,,
Marc Gasol,Mike Conley,O.J. Mayo,Rudy Gay,Zach Randolph,Dahntay Jones,Luther Head,Mike Dunleavy,Solomon Jones,T.J. Ford,1,8:20,IND,shot,Solomon Jones,,,,,,,,,Dahntay Jones,2,,,made,,dunk,25,9
Marc Gasol,Mike Conley,O.J. Mayo,Rudy Gay,Zach Randolph,Dahntay Jones,Luther Head,Mike Dunleavy,Solomon Jones,T.J. Ford,1,8:02,IND,foul,,,,,,,,Rudy Gay,,Dahntay Jones,,,,,,shooting,,
Marc Gasol,Mike Conley,O.J. Mayo,Rudy Gay,Zach Randolph,Dahntay Jones,Luther Head,Mike Dunleavy,Solomon Jones,T.J. Ford,1,8:02,MEM,free throw,,,,,,,1,,2,Rudy Gay,,,foul,made,,,,
Marc Gasol,Mike Conley,O.J. Mayo,Rudy Gay,Zach Randolph,Dahntay Jones,Luther Head,Mike Dunleavy,Solomon Jones,T.J. Ford,1,8:02,MEM,free throw,,,,,,,2,,2,Rudy Gay,,,foul,made,,,,
Marc Gasol,Mike Conley,O.J. Mayo,Rudy Gay,Zach Randolph,Dahntay Jones,Luther Head,Mike Dunleavy,Solomon Jones,T.J. Ford,1,7:44,IND,shot,,,,,,,,,,T.J. Ford,,,,missed,,layup,23,5
Marc Gasol,Mike Conley,O.J. Mayo,Rudy Gay,Zach Randolph,Dahntay Jones,Luther Head,Mike Dunleavy,Solomon Jones,T.J. Ford,1,7:43,MEM,rebound,,,,,,,,,,Marc Gasol,,,,,,def,,
Marc Gasol,Mike Conley,O.J. Mayo,Rudy Gay,Zach Randolph,Dahntay Jones,Luther Head,Mike Dunleavy,Solomon Jones,T.J. Ford,1,7:25,MEM,shot,,,,,,,,,,Zach Randolph,,,,missed,,jump,30,7
Marc Gasol,Mike Conley,O.J. Mayo,Rudy Gay,Zach Randolph,Dahntay Jones,Luther Head,Mike Dunleavy,Solomon Jones,T.J. Ford,1,7:24,MEM,rebound,,,,,,,,,,Zach Randolph,,,,,,off,,
Marc Gasol,Mike Conley,O.J. Mayo,Rudy Gay,Zach Randolph,Dahntay Jones,Luther Head,Mike Dunleavy,Solomon Jones,T.J. Ford,1,7:24,IND,violation,,,,,,,,,,Solomon Jones,,,,,,defensive goaltending,,
Marc Gasol,Mike Conley,O.J. Mayo,Rudy Gay,Zach Randolph,Dahntay Jones,Luther Head,Mike Dunleavy,Solomon Jones,T.J. Ford,1,7:24,MEM,shot,,,,,,,,,,Zach Randolph,2,,,made,,layup,28,6
Marc Gasol,Mike Conley,O.J. Mayo,Rudy Gay,Zach Randolph,Dahntay Jones,Luther Head,Mike Dunleavy,Solomon Jones,T.J. Ford,1,7:00,IND,shot,,,,,,,,,,Dahntay Jones,2,,,made,,driving layup,24,6
Marc Gasol,Mike Conley,O.J. Mayo,Rudy Gay,Zach Randolph,Dahntay Jones,Luther Head,Mike Dunleavy,Solomon Jones,T.J. Ford,1,6:54,IND,foul,,,,,,,,Zach Randolph,,Solomon Jones,,,,,,personal,,
Marc Gasol,Mike Conley,O.J. Mayo,Rudy Gay,Zach Randolph,Dahntay Jones,Luther Head,Mike Dunleavy,Solomon Jones,T.J. Ford,1,6:41,MEM,shot,Mike Conley,,,,,,,,,O.J. Mayo,3,,,made,,3pt,2,14
Marc Gasol,Mike Conley,O.J. Mayo,Rudy Gay,Zach Randolph,Dahntay Jones,Luther Head,Mike Dunleavy,Solomon Jones,T.J. Ford,1,6:24,IND,shot,,,,,,,,,,Luther Head,,,,missed,,jump,17,27
Marc Gasol,Mike Conley,O.J. Mayo,Rudy Gay,Zach Randolph,Dahntay Jones,Luther Head,Mike Dunleavy,Solomon Jones,T.J. Ford,1,6:23,MEM,rebound,,,,,,,,,,Marc Gasol,,,,,,def,,
Marc Gasol,Mike Conley,O.J. Mayo,Rudy Gay,Zach Randolph,Dahntay Jones,Luther Head,Mike Dunleavy,Solomon Jones,T.J. Ford,1,6:17,MEM,shot,,,,,,,,,,Mike Conley,2,,,made,,driving finger roll layup,26,6
Marc Gasol,Mike Conley,O.J. Mayo,Rudy Gay,Zach Randolph,Dahntay Jones,Luther Head,Mike Dunleavy,Solomon Jones,T.J. Ford,1,6:08,IND,timeout,,,,,,,,,,,,,,,,regular,,
Marc Gasol,Mike Conley,O.J. Mayo,Rudy Gay,Zach Randolph,Dahntay Jones,Luther Head,Roy Hibbert,Solomon Jones,T.J. Ford,1,6:08,IND,sub,,,,Roy Hibbert,,Mike Dunleavy,,,,,,,,,,,,
Marc Gasol,Mike Conley,O.J. Mayo,Rudy Gay,Zach Randolph,Brandon Rush,Dahntay Jones,Luther Head,Roy Hibbert,T.J. Ford,1,6:08,IND,sub,,,,Brandon Rush,,Solomon Jones,,,,,,,,,,,,
Marc Gasol,Mike Conley,O.J. Mayo,Rudy Gay,Zach Randolph,Brandon Rush,Dahntay Jones,Earl Watson,Luther Head,Roy Hibbert,1,6:08,IND,sub,,,,Earl Watson,,T.J. Ford,,,,,,,,,,,,
Marc Gasol,Mike Conley,O.J. Mayo,Rudy Gay,Zach Randolph,Brandon Rush,Dahntay Jones,Earl Watson,Luther Head,Roy Hibbert,1,5:57,MEM,foul,,,,,,,,Roy Hibbert,,Marc Gasol,,,,,,shooting,,
Marc Gasol,Mike Conley,O.J. Mayo,Rudy Gay,Zach Randolph,Brandon Rush,Dahntay Jones,Earl Watson,Luther Head,Roy Hibbert,1,5:57,IND,free throw,,,,,,,1,,2,Roy Hibbert,,,foul,made,,,,
Marc Gasol,Mike Conley,O.J. Mayo,Rudy Gay,Zach Randolph,Brandon Rush,Dahntay Jones,Earl Watson,Luther Head,Roy Hibbert,1,5:57,IND,free throw,,,,,,,2,,2,Roy Hibbert,,,foul,made,,,,
Marc Gasol,Mike Conley,O.J. Mayo,Rudy Gay,Zach Randolph,Brandon Rush,Dahntay Jones,Earl Watson,Luther Head,Roy Hibbert,1,5:46,IND,foul,,,,,,,,,,Dahntay Jones,,,,,,defense 3 second,,
Marc Gasol,Mike Conley,O.J. Mayo,Rudy Gay,Zach Randolph,Brandon Rush,Dahntay Jones,Earl Watson,Luther Head,Roy Hibbert,1,5:46,MEM,free throw,,,,,,,1,,1,Zach Randolph,,,technical,made,,,,
Marc Gasol,Mike Conley,O.J. Mayo,Rudy Gay,Zach Randolph,Brandon Rush,Dahntay Jones,Earl Watson,Luther Head,Roy Hibbert,1,5:34,MEM,shot,,,,,,,,,,O.J. Mayo,,,,missed,,jump,41,22
Marc Gasol,Mike Conley,O.J. Mayo,Rudy Gay,Zach Randolph,Brandon Rush,Dahntay Jones,Earl Watson,Luther Head,Roy Hibbert,1,5:32,IND,rebound,,,,,,,,,,Roy Hibbert,,,,,,def,,
Marc Gasol,Mike Conley,O.J. Mayo,Rudy Gay,Zach Randolph,Brandon Rush,Dahntay Jones,Earl Watson,Luther Head,Roy Hibbert,1,5:21,IND,turnover,,,,,,,,,,Dahntay Jones,,,bad pass,,O.J. Mayo,,,
Marc Gasol,Mike Conley,O.J. Mayo,Rudy Gay,Zach Randolph,Brandon Rush,Dahntay Jones,Earl Watson,Luther Head,Roy Hibbert,1,5:17,MEM,shot,,,Luther Head,,,,,,,O.J. Mayo,,,,missed,,layup,27,7
Marc Gasol,Mike Conley,O.J. Mayo,Rudy Gay,Zach Randolph,Brandon Rush,Dahntay Jones,Earl Watson,Luther Head,Roy Hibbert,1,5:15,IND,rebound,,,,,,,,,,Earl Watson,,,,,,def,,
Marc Gasol,Mike Conley,O.J. Mayo,Rudy Gay,Zach Randolph,Brandon Rush,Dahntay Jones,Earl Watson,Luther Head,Roy Hibbert,1,5:10,IND,shot,,,,,,,,,,Brandon Rush,,,,missed,,3pt,10,28
Marc Gasol,Mike Conley,O.J. Mayo,Rudy Gay,Zach Randolph,Brandon Rush,Dahntay Jones,Earl Watson,Luther Head,Roy Hibbert,1,5:08,IND,rebound,,,,,,,,,,Brandon Rush,,,,,,off,,
Marc Gasol,Mike Conley,O.J. Mayo,Rudy Gay,Zach Randolph,Brandon Rush,Dahntay Jones,Earl Watson,Luther Head,Roy Hibbert,1,5:05,IND,shot,Brandon Rush,,,,,,,,,Dahntay Jones,2,,,made,,dunk,25,7
Marc Gasol,Mike Conley,O.J. Mayo,Rudy Gay,Zach Randolph,Brandon Rush,Dahntay Jones,Earl Watson,Luther Head,Roy Hibbert,1,4:37,MEM,shot,,,,,,,,,,Rudy Gay,2,,,made,,jump,44,4
Marc Gasol,Mike Conley,O.J. Mayo,Rudy Gay,Zach Randolph,Brandon Rush,Dahntay Jones,Earl Watson,Luther Head,Roy Hibbert,1,4:28,IND,turnover,,,,,,,,,,Roy Hibbert,,,bad pass,,Rudy Gay,,,
Marc Gasol,Mike Conley,O.J. Mayo,Rudy Gay,Zach Randolph,Brandon Rush,Dahntay Jones,Earl Watson,Luther Head,Roy Hibbert,1,4:25,MEM,shot,,,,,,,,,,Rudy Gay,2,,,made,,slam dunk,25,5
Marc Gasol,Mike Conley,O.J. Mayo,Rudy Gay,Zach Randolph,Brandon Rush,Dahntay Jones,Earl Watson,Luther Head,Roy Hibbert,1,4:05,IND,shot,Dahntay Jones,,,,,,,,,Roy Hibbert,2,,,made,,dunk,26,6
Marc Gasol,Mike Conley,O.J. Mayo,Rudy Gay,Zach Randolph,Brandon Rush,Dahntay Jones,Earl Watson,Luther Head,Roy Hibbert,1,3:49,MEM,shot,Marc Gasol,,,,,,,,,Mike Conley,3,,,made,,3pt,38,29
Marc Gasol,Mike Conley,O.J. Mayo,Rudy Gay,Zach Randolph,Brandon Rush,Dahntay Jones,Earl Watson,Luther Head,Roy Hibbert,1,3:34,IND,shot,Dahntay Jones,,,,,,,,,Luther Head,2,,,made,,jump,16,26
Marc Gasol,Mike Conley,O.J. Mayo,Rudy Gay,Zach Randolph,Brandon Rush,Dahntay Jones,Earl Watson,Luther Head,Roy Hibbert,1,3:23,MEM,turnover,,,,,,,,,,Rudy Gay,,,bad pass,,Brandon Rush,,,
Marc Gasol,Mike Conley,O.J. Mayo,Rudy Gay,Zach Randolph,Brandon Rush,Dahntay Jones,Earl Watson,Luther Head,Roy Hibbert,1,3:18,IND,shot,,,,,,,,,,Dahntay Jones,2,,,made,,jump,28,9
Marc Gasol,Mike Conley,O.J. Mayo,Rudy Gay,Zach Randolph,Brandon Rush,Dahntay Jones,Earl Watson,Luther Head,Roy Hibbert,1,3:01,IND,foul,,,,,,,,Marc Gasol,,Luther Head,,,,,,shooting,,
Marc Gasol,Mike Conley,O.J. Mayo,Rudy Gay,Zach Randolph,Brandon Rush,Dahntay Jones,Earl Watson,Luther Head,Roy Hibbert,1,3:01,MEM,free throw,,,,,,,1,,2,Marc Gasol,,,foul,made,,,,
Marc Gasol,Mike Conley,O.J. Mayo,Rudy Gay,Zach Randolph,Brandon Rush,Dahntay Jones,Earl Watson,Luther Head,Roy Hibbert,1,3:01,MEM,free throw,,,,,,,2,,2,Marc Gasol,,,foul,made,,,,
Marc Gasol,Mike Conley,O.J. Mayo,Rudy Gay,Zach Randolph,Brandon Rush,Dahntay Jones,Earl Watson,Luther Head,Roy Hibbert,1,2:46,IND,shot,,,,,,,,,,Roy Hibbert,,,,missed,,jump,22,6
Marc Gasol,Mike Conley,O.J. Mayo,Rudy Gay,Zach Randolph,Brandon Rush,Dahntay Jones,Earl Watson,Luther Head,Roy Hibbert,1,2:45,MEM,rebound,,,,,,,,,,Zach Randolph,,,,,,def,,
Marc Gasol,Mike Conley,O.J. Mayo,Rudy Gay,Zach Randolph,Brandon Rush,Dahntay Jones,Earl Watson,Luther Head,Roy Hibbert,1,2:39,MEM,shot,Mike Conley,,,,,,,,,Marc Gasol,2,,,made,,dunk,25,6
Marc Gasol,Mike Conley,O.J. Mayo,Rudy Gay,Zach Randolph,Brandon Rush,Dahntay Jones,Earl Watson,Luther Head,Roy Hibbert,1,2:32,IND,turnover,,,,,,,,,,Dahntay Jones,,,traveling,,,,,
Marc Gasol,Mike Conley,O.J. Mayo,Rudy Gay,Zach Randolph,Brandon Rush,Dahntay Jones,Earl Watson,Luther Head,Roy Hibbert,1,2:32,MEM,timeout,,,,,,,,,,,,,,,,regular,,
Marc Gasol,Mike Conley,O.J. Mayo,Rudy Gay,Zach Randolph,Brandon Rush,Earl Watson,Josh McRoberts,Luther Head,Roy Hibbert,1,2:32,IND,sub,,,,Josh McRoberts,,Dahntay Jones,,,,,,,,,,,,
Hasheem Thabeet,Mike Conley,O.J. Mayo,Rudy Gay,Zach Randolph,Brandon Rush,Earl Watson,Josh McRoberts,Luther Head,Roy Hibbert,1,2:32,MEM,sub,,,,Hasheem Thabeet,,Marc Gasol,,,,,,,,,,,,
Hasheem Thabeet,Mike Conley,O.J. Mayo,Sam Young,Zach Randolph,Brandon Rush,Earl Watson,Josh McRoberts,Luther Head,Roy Hibbert,1,2:17,MEM,sub,,,,Sam Young,,Rudy Gay,,,,,,,,,,,,
Hasheem Thabeet,Mike Conley,O.J. Mayo,Sam Young,Zach Randolph,Brandon Rush,Earl Watson,Josh McRoberts,Luther Head,Roy Hibbert,1,2:08,MEM,shot,Mike Conley,,,,,,,,,Zach Randolph,2,,,made,,jump,6,14
Hasheem Thabeet,Mike Conley,O.J. Mayo,Sam Young,Zach Randolph,Brandon Rush,Earl Watson,Josh McRoberts,Luther Head,Roy Hibbert,1,1:50,IND,shot,,,,,,,,,,Roy Hibbert,2,,,made,,hook,25,8
Hasheem Thabeet,Mike Conley,O.J. Mayo,Sam Young,Zach Randolph,Brandon Rush,Earl Watson,Josh McRoberts,Luther Head,Roy Hibbert,1,1:34,MEM,turnover,,,,,,,,,,O.J. Mayo,,,lost ball,,Earl Watson,,,
Hasheem Thabeet,Mike Conley,O.J. Mayo,Sam Young,Zach Randolph,Brandon Rush,Earl Watson,Josh McRoberts,Luther Head,Roy Hibbert,1,1:30,IND,turnover,,,,,,,,,,Luther Head,,,lost ball,,Mike Conley,,,
Hasheem Thabeet,Mike Conley,O.J. Mayo,Sam Young,Zach Randolph,Brandon Rush,Earl Watson,Josh McRoberts,Luther Head,Roy Hibbert,1,1:25,MEM,shot,O.J. Mayo,,,,,,,,,Zach Randolph,2,,,made,,dunk,25,6
Hasheem Thabeet,Mike Conley,O.J. Mayo,Sam Young,Zach Randolph,Brandon Rush,Earl Watson,Josh McRoberts,Luther Head,Roy Hibbert,1,1:11,IND,shot,Earl Watson,,,,,,,,,Josh McRoberts,2,,,made,,alley oop dunk,25,9
Hasheem Thabeet,Mike Conley,O.J. Mayo,Sam Young,Zach Randolph,Brandon Rush,Earl Watson,Josh McRoberts,Luther Head,Roy Hibbert,1,0:52,MEM,shot,,,,,,,,,,Zach Randolph,,,,missed,,jump,18,22
Hasheem Thabeet,Mike Conley,O.J. Mayo,Sam Young,Zach Randolph,Brandon Rush,Earl Watson,Josh McRoberts,Luther Head,Roy Hibbert,1,0:50,IND,rebound,,,,,,,,,,Roy Hibbert,,,,,,def,,
Hasheem Thabeet,Mike Conley,O.J. Mayo,Sam Young,Zach Randolph,Brandon Rush,Earl Watson,Josh McRoberts,Luther Head,Roy Hibbert,1,0:46,IND,shot,,,,,,,,,,Earl Watson,2,,,made,,jump bank,21,26
Hasheem Thabeet,Mike Conley,O.J. Mayo,Sam Young,Zach Randolph,Brandon Rush,Earl Watson,Josh McRoberts,Luther Head,Roy Hibbert,1,0:37,MEM,shot,,,,,,,,,,Mike Conley,,,,missed,,jump,36,26
Hasheem Thabeet,Mike Conley,O.J. Mayo,Sam Young,Zach Randolph,Brandon Rush,Earl Watson,Josh McRoberts,Luther Head,Roy Hibbert,1,0:36,IND,rebound,,,,,,,,,,Luther Head,,,,,,def,,
Hasheem Thabeet,Mike Conley,O.J. Mayo,Sam Young,Zach Randolph,Brandon Rush,Earl Watson,Josh McRoberts,Luther Head,Roy Hibbert,1,0:31,IND,shot,,,,,,,,,,Luther Head,2,,,made,,jump bank,29,8
Hasheem Thabeet,Jamaal Tinsley,O.J. Mayo,Sam Young,Zach Randolph,Brandon Rush,Earl Watson,Josh McRoberts,Luther Head,Roy Hibbert,1,0:12,MEM,sub,,,,Jamaal Tinsley,,Mike Conley,,,,,,,,,,,,
Hasheem Thabeet,Jamaal Tinsley,O.J. Mayo,Sam Young,Zach Randolph,Brandon Rush,Earl Watson,Josh McRoberts,Luther Head,Roy Hibbert,1,0:07,MEM,shot,,,,,,,,,,Zach Randolph,,,,missed,,jump,32,23
Hasheem Thabeet,Jamaal Tinsley,O.J. Mayo,Sam Young,Zach Randolph,Brandon Rush,Earl Watson,Josh McRoberts,Luther Head,Roy Hibbert,1,0:07,MEM,rebound,,,,,,,,,,,,,,,,,,
Hasheem Thabeet,Jamaal Tinsley,O.J. Mayo,Sam Young,Zach Randolph,Brandon Rush,Earl Watson,Josh McRoberts,Luther Head,Roy Hibbert,1,0:07,MEM,turnover,,,,,,,,,,,,,shot clock turnover,,,,,
Hasheem Thabeet,Jamaal Tinsley,O.J. Mayo,Sam Young,Zach Randolph,Brandon Rush,Earl Watson,Josh McRoberts,Luther Head,Roy Hibbert,1,0:01,IND,shot,Roy Hibbert,,,,,,,,,Brandon Rush,3,,,made,,3pt,3,4
Hasheem Thabeet,Jamaal Tinsley,O.J. Mayo,Sam Young,Zach Randolph,Brandon Rush,Earl Watson,Josh McRoberts,Luther Head,Roy Hibbert,1,0:00,MEM,turnover,,,,,,,,,,Jamaal Tinsley,,,bad pass,,Luther Head,,,
Hasheem Thabeet,Jamaal Tinsley,Marc Gasol,O.J. Mayo,Sam Young,Brandon Rush,Earl Watson,Josh McRoberts,Luther Head,Roy Hibbert,2,11:42,IND,shot,,,,,,,,,,Josh McRoberts,,,,missed,,layup,26,6
Hasheem Thabeet,Jamaal Tinsley,Marc Gasol,O.J. Mayo,Sam Young,Brandon Rush,Earl Watson,Josh McRoberts,Luther Head,Roy Hibbert,2,11:40,MEM,rebound,,,,,,,,,,O.J. Mayo,,,,,,def,,
Hasheem Thabeet,Jamaal Tinsley,Marc Gasol,O.J. Mayo,Sam Young,Brandon Rush,Earl Watson,Josh McRoberts,Luther Head,Roy Hibbert,2,11:29,MEM,jump ball,,Marc Gasol,,,Roy Hibbert,,,,,,,Hasheem Thabeet,,,,,,
Hasheem Thabeet,Jamaal Tinsley,Marc Gasol,O.J. Mayo,Sam Young,Brandon Rush,Earl Watson,Josh McRoberts,Luther Head,Roy Hibbert,2,11:12,IND,foul,,,,,,,,Marc Gasol,,Luther Head,,,,,,personal,,
Hasheem Thabeet,Jamaal Tinsley,Marc Gasol,O.J. Mayo,Sam Young,Brandon Rush,Earl Watson,Josh McRoberts,Luther Head,Roy Hibbert,2,11:06,MEM,shot,,,,,,,,,,Marc Gasol,,,,missed,,jump,23,24
Hasheem Thabeet,Jamaal Tinsley,Marc Gasol,O.J. Mayo,Sam Young,Brandon Rush,Earl Watson,Josh McRoberts,Luther Head,Roy Hibbert,2,11:05,MEM,rebound,,,,,,,,,,,,,,,,,,
Hasheem Thabeet,Jamaal Tinsley,Marc Gasol,O.J. Mayo,Sam Young,A.J. Price,Brandon Rush,Earl Watson,Josh McRoberts,Roy Hibbert,2,11:05,IND,sub,,,,A.J. Price,,Luther Head,,,,,,,,,,,,
Hasheem Thabeet,Jamaal Tinsley,Marc Gasol,O.J. Mayo,Sam Young,A.J. Price,Brandon Rush,Earl Watson,Josh McRoberts,Roy Hibbert,2,10:58,IND,foul,,,,,,,,Marc Gasol,,Earl Watson,,,,,,shooting,,
Hasheem Thabeet,Jamaal Tinsley,Marc Gasol,O.J. Mayo,Sam Young,A.J. Price,Brandon Rush,Earl Watson,Josh McRoberts,Roy Hibbert,2,10:58,MEM,free throw,,,,,,,1,,2,Marc Gasol,,,foul,made,,,,
Hasheem Thabeet,Jamaal Tinsley,Marc Gasol,Rudy Gay,Sam Young,A.J. Price,Brandon Rush,Earl Watson,Josh McRoberts,Roy Hibbert,2,10:58,MEM,sub,,,,Rudy Gay,,O.J. Mayo,,,,,,,,,,,,
Hasheem Thabeet,Jamaal Tinsley,Marc Gasol,Rudy Gay,Sam Young,A.J. Price,Brandon Rush,Earl Watson,Josh McRoberts,Roy Hibbert,2,10:58,MEM,free throw,,,,,,,2,,2,Marc Gasol,,,foul,made,,,,
Hasheem Thabeet,Jamaal Tinsley,Marc Gasol,Rudy Gay,Sam Young,A.J. Price,Brandon Rush,Earl Watson,Josh McRoberts,Roy Hibbert,2,10:36,IND,turnover,,,,,,,,,,Roy Hibbert,,,bad pass,,Rudy Gay,,,
Hasheem Thabeet,Jamaal Tinsley,Marc Gasol,Rudy Gay,Sam Young,A.J. Price,Brandon Rush,Earl Watson,Josh McRoberts,Roy Hibbert,2,10:32,MEM,shot,,,,,,,,,,Rudy Gay,,,,missed,,layup,23,8
Hasheem Thabeet,Jamaal Tinsley,Marc Gasol,Rudy Gay,Sam Young,A.J. Price,Brandon Rush,Earl Watson,Josh McRoberts,Roy Hibbert,2,10:29,IND,rebound,,,,,,,,,,Brandon Rush,,,,,,def,,
Hasheem Thabeet,Jamaal Tinsley,Marc Gasol,Rudy Gay,Sam Young,A.J. Price,Brandon Rush,Earl Watson,Josh McRoberts,Roy Hibbert,2,10:26,IND,shot,,,,,,,,,,Earl Watson,,,,missed,,layup,24,6
Hasheem Thabeet,Jamaal Tinsley,Marc Gasol,Rudy Gay,Sam Young,A.J. Price,Brandon Rush,Earl Watson,Josh McRoberts,Roy Hibbert,2,10:25,MEM,rebound,,,,,,,,,,,,,,,,,,
Hasheem Thabeet,Jamaal Tinsley,Marc Gasol,Rudy Gay,Sam Young,A.J. Price,Brandon Rush,Earl Watson,Josh McRoberts,Roy Hibbert,2,10:01,MEM,shot,Rudy Gay,,,,,,,,,Jamaal Tinsley,3,,,made,,3pt,16,30
Hasheem Thabeet,Jamaal Tinsley,Marc Gasol,Rudy Gay,Sam Young,A.J. Price,Brandon Rush,Earl Watson,Josh McRoberts,Roy Hibbert,2,9:54,MEM,foul,,,,,,,,A.J. Price,,Sam Young,,,,,,personal,,
Hasheem Thabeet,Jamaal Tinsley,Marc Gasol,Rudy Gay,Sam Young,A.J. Price,Brandon Rush,Earl Watson,Josh McRoberts,Roy Hibbert,2,9:45,IND,shot,,,,,,,,,,Brandon Rush,,,,missed,,jump,16,8
Hasheem Thabeet,Jamaal Tinsley,Marc Gasol,Rudy Gay,Sam Young,A.J. Price,Brandon Rush,Earl Watson,Josh McRoberts,Roy Hibbert,2,9:44,MEM,rebound,,,,,,,,,,Jamaal Tinsley,,,,,,def,,
Hasheem Thabeet,Jamaal Tinsley,Marc Gasol,Rudy Gay,Sam Young,A.J. Price,Brandon Rush,Earl Watson,Josh McRoberts,Roy Hibbert,2,9:39,MEM,turnover,,,,,,,,,,Jamaal Tinsley,,,bad pass,,,,,
Hasheem Thabeet,Jamaal Tinsley,Marc Gasol,Rudy Gay,Sam Young,A.J. Price,Brandon Rush,Earl Watson,Josh McRoberts,Roy Hibbert,2,9:22,IND,shot,,,,,,,,,,Roy Hibbert,2,,,made,,hook bank,23,7
Hasheem Thabeet,Jamaal Tinsley,Marc Gasol,Rudy Gay,Sam Young,A.J. Price,Brandon Rush,Earl Watson,Josh McRoberts,Roy Hibbert,2,9:14,MEM,shot,,,,,,,,,,Rudy Gay,,,,missed,,jump,23,13
Hasheem Thabeet,Jamaal Tinsley,Marc Gasol,Rudy Gay,Sam Young,A.J. Price,Brandon Rush,Earl Watson,Josh McRoberts,Roy Hibbert,2,9:14,MEM,rebound,,,,,,,,,,,,,,,,,,
Hasheem Thabeet,Jamaal Tinsley,Marc Gasol,Rudy Gay,Sam Young,A.J. Price,Brandon Rush,Earl Watson,Josh McRoberts,Roy Hibbert,2,9:14,IND,foul,,,,,,,,Marc Gasol,,Roy Hibbert,,,,,,loose ball,,
Hasheem Thabeet,Jamaal Tinsley,Marc Gasol,Rudy Gay,Sam Young,A.J. Price,Earl Watson,Josh McRoberts,Mike Dunleavy,Roy Hibbert,2,9:14,IND,sub,,,,Mike Dunleavy,,Brandon Rush,,,,,,,,,,,,
Hasheem Thabeet,Jamaal Tinsley,Marc Gasol,Rudy Gay,Sam Young,A.J. Price,Josh McRoberts,Mike Dunleavy,Roy Hibbert,T.J. Ford,2,9:14,IND,sub,,,,T.J. Ford,,Earl Watson,,,,,,,,,,,,
Hasheem Thabeet,Jamaal Tinsley,Marc Gasol,Rudy Gay,Sam Young,A.J. Price,Josh McRoberts,Mike Dunleavy,Roy Hibbert,T.J. Ford,2,9:07,MEM,shot,,,Roy Hibbert,,,,,,,Sam Young,,,,missed,,jump,14,6
Hasheem Thabeet,Jamaal Tinsley,Marc Gasol,Rudy Gay,Sam Young,A.J. Price,Josh McRoberts,Mike Dunleavy,Roy Hibbert,T.J. Ford,2,9:06,MEM,rebound,,,,,,,,,,Sam Young,,,,,,off,,
Hasheem Thabeet,Jamaal Tinsley,Marc Gasol,Rudy Gay,Sam Young,A.J. Price,Josh McRoberts,Mike Dunleavy,Roy Hibbert,T.J. Ford,2,9:06,IND,foul,,,,,,,,Sam Young,,Roy Hibbert,,,,,,shooting,,
Hasheem Thabeet,Jamaal Tinsley,Marc Gasol,Rudy Gay,Sam Young,A.J. Price,Josh McRoberts,Mike Dunleavy,Solomon Jones,T.J. Ford,2,9:06,IND,sub,,,,Solomon Jones,,Roy Hibbert,,,,,,,,,,,,
Hasheem Thabeet,Jamaal Tinsley,Marc Gasol,Rudy Gay,Sam Young,A.J. Price,Josh McRoberts,Mike Dunleavy,Solomon Jones,T.J. Ford,2,9:06,MEM,free throw,,,,,,,1,,2,Sam Young,,,foul,made,,,,
Hasheem Thabeet,Jamaal Tinsley,Marc Gasol,Rudy Gay,Sam Young,A.J. Price,Josh McRoberts,Mike Dunleavy,Solomon Jones,T.J. Ford,2,9:06,MEM,free throw,,,,,,,2,,2,Sam Young,,,foul,made,,,,
Hasheem Thabeet,Jamaal Tinsley,Marc Gasol,Rudy Gay,Sam Young,A.J. Price,Josh McRoberts,Mike Dunleavy,Solomon Jones,T.J. Ford,2,8:55,IND,shot,,,,,,,,,,A.J. Price,,,,missed,,3pt,2,6
Hasheem Thabeet,Jamaal Tinsley,Marc Gasol,Rudy Gay,Sam Young,A.J. Price,Josh McRoberts,Mike Dunleavy,Solomon Jones,T.J. Ford,2,8:54,MEM,rebound,,,,,,,,,,Jamaal Tinsley,,,,,,def,,
Hasheem Thabeet,Jamaal Tinsley,Marc Gasol,Rudy Gay,Sam Young,A.J. Price,Josh McRoberts,Mike Dunleavy,Solomon Jones,T.J. Ford,2,8:50,MEM,shot,,,,,,,,,,Jamaal Tinsley,,,,missed,,jump,28,20
Hasheem Thabeet,Jamaal Tinsley,Marc Gasol,Rudy Gay,Sam Young,A.J. Price,Josh McRoberts,Mike Dunleavy,Solomon Jones,T.J. Ford,2,8:49,MEM,rebound,,,,,,,,,,Marc Gasol,,,,,,off,,
Hasheem Thabeet,Jamaal Tinsley,Marc Gasol,Rudy Gay,Sam Young,A.J. Price,Josh McRoberts,Mike Dunleavy,Solomon Jones,T.J. Ford,2,8:49,MEM,shot,,,,,,,,,,Marc Gasol,2,,,made,,tip,25,6
Hasheem Thabeet,Jamaal Tinsley,Marc Gasol,Rudy Gay,Sam Young,A.J. Price,Josh McRoberts,Mike Dunleavy,Solomon Jones,T.J. Ford,2,8:25,IND,shot,,,,,,,,,,A.J. Price,,,,missed,,layup,23,5
Hasheem Thabeet,Jamaal Tinsley,Marc Gasol,Rudy Gay,Sam Young,A.J. Price,Josh McRoberts,Mike Dunleavy,Solomon Jones,T.J. Ford,2,8:23,MEM,rebound,,,,,,,,,,Marc Gasol,,,,,,def,,
Hasheem Thabeet,Jamaal Tinsley,Marc Gasol,Rudy Gay,Sam Young,A.J. Price,Josh McRoberts,Mike Dunleavy,Solomon Jones,T.J. Ford,2,8:07,MEM,shot,,,,,,,,,,Rudy Gay,2,,,made,,jump,25,25
Hasheem Thabeet,Jamaal Tinsley,Marc Gasol,Rudy Gay,Sam Young,A.J. Price,Josh McRoberts,Mike Dunleavy,Solomon Jones,T.J. Ford,2,7:58,IND,shot,,,Hasheem Thabeet,,,,,,,Josh McRoberts,,,,missed,,layup,24,6
Hasheem Thabeet,Jamaal Tinsley,Marc Gasol,Rudy Gay,Sam Young,A.J. Price,Josh McRoberts,Mike Dunleavy,Solomon Jones,T.J. Ford,2,7:58,IND,rebound,,,,,,,,,,,,,,,,,,
Hasheem Thabeet,Jamaal Tinsley,Marc Gasol,Rudy Gay,Sam Young,A.J. Price,Josh McRoberts,Mike Dunleavy,Solomon Jones,T.J. Ford,2,7:58,IND,timeout,,,,,,,,,,,,,,,,official,,
Hasheem Thabeet,Jamaal Tinsley,Marc Gasol,Rudy Gay,Sam Young,A.J. Price,Dahntay Jones,Mike Dunleavy,Solomon Jones,T.J. Ford,2,7:58,IND,sub,,,,Dahntay Jones,,Josh McRoberts,,,,,,,,,,,,
Jamaal Tinsley,Marc Gasol,Rudy Gay,Sam Young,Zach Randolph,A.J. Price,Dahntay Jones,Mike Dunleavy,Solomon Jones,T.J. Ford,2,7:58,MEM,sub,,,,Zach Randolph,,Hasheem Thabeet,,,,,,,,,,,,
Jamaal Tinsley,Marc Gasol,Rudy Gay,Sam Young,Zach Randolph,A.J. Price,Dahntay Jones,Mike Dunleavy,Solomon Jones,T.J. Ford,2,7:55,IND,turnover,,,,,,,,,,Mike Dunleavy,,,bad pass,,Sam Young,,,
Jamaal Tinsley,Marc Gasol,Rudy Gay,Sam Young,Zach Randolph,A.J. Price,Dahntay Jones,Mike Dunleavy,Solomon Jones,T.J. Ford,2,7:53,IND,foul,,,,,,,,Sam Young,,A.J. Price,,,,,,shooting,,
Jamaal Tinsley,Marc Gasol,Rudy Gay,Sam Young,Zach Randolph,A.J. Price,Dahntay Jones,Mike Dunleavy,Solomon Jones,T.J. Ford,2,7:53,MEM,free throw,,,,,,,1,,2,Sam Young,,,foul,made,,,,
Jamaal Tinsley,Marc Gasol,Rudy Gay,Sam Young,Zach Randolph,Dahntay Jones,Luther Head,Mike Dunleavy,Solomon Jones,T.J. Ford,2,7:53,IND,sub,,,,Luther Head,,A.J. Price,,,,,,,,,,,,
Jamaal Tinsley,Marc Gasol,Rudy Gay,Sam Young,Zach Randolph,Dahntay Jones,Luther Head,Mike Dunleavy,Solomon Jones,T.J. Ford,2,7:53,MEM,free throw,,,,,,,2,,2,Sam Young,,,foul,missed,,,,
Jamaal Tinsley,Marc Gasol,Rudy Gay,Sam Young,Zach Randolph,Dahntay Jones,Luther Head,Mike Dunleavy,Solomon Jones,T.J. Ford,2,7:52,IND,rebound,,,,,,,,,,Solomon Jones,,,,,,def,,
Jamaal Tinsley,Marc Gasol,Rudy Gay,Sam Young,Zach Randolph,Dahntay Jones,Luther Head,Mike Dunleavy,Solomon Jones,T.J. Ford,2,7:46,MEM,foul,,,,,,,,Luther Head,,Sam Young,,,,,,shooting,,
Jamaal Tinsley,Marc Gasol,Rudy Gay,Sam Young,Zach Randolph,Dahntay Jones,Luther Head,Mike Dunleavy,Solomon Jones,T.J. Ford,2,7:46,IND,free throw,,,,,,,1,,2,Luther Head,,,foul,made,,,,
Jamaal Tinsley,Marc Gasol,Mike Conley,Rudy Gay,Zach Randolph,Dahntay Jones,Luther Head,Mike Dunleavy,Solomon Jones,T.J. Ford,2,7:46,MEM,sub,,,,Mike Conley,,Sam Young,,,,,,,,,,,,
Jamaal Tinsley,Marc Gasol,Mike Conley,Rudy Gay,Zach Randolph,Dahntay Jones,Luther Head,Mike Dunleavy,Solomon Jones,T.J. Ford,2,7:46,IND,free throw,,,,,,,2,,2,Luther Head,,,foul,made,,,,
Jamaal Tinsley,Marc Gasol,Mike Conley,Rudy Gay,Zach Randolph,Dahntay Jones,Luther Head,Mike Dunleavy,Solomon Jones,T.J. Ford,2,7:31,MEM,shot,Mike Conley,,,,,,,,,Marc Gasol,2,,,made,,jump hook,27,12
Jamaal Tinsley,Marc Gasol,Mike Conley,Rudy Gay,Zach Randolph,Dahntay Jones,Luther Head,Mike Dunleavy,Solomon Jones,T.J. Ford,2,7:16,MEM,foul,,,,,,,,Luther Head,,Marc Gasol,,,,,,shooting,,
Jamaal Tinsley,Marc Gasol,Mike Conley,Rudy Gay,Zach Randolph,Dahntay Jones,Luther Head,Mike Dunleavy,Solomon Jones,T.J. Ford,2,7:16,IND,free throw,,,,,,,1,,2,Luther Head,,,foul,made,,,,
Jamaal Tinsley,Mike Conley,O.J. Mayo,Rudy Gay,Zach Randolph,Dahntay Jones,Luther Head,Mike Dunleavy,Solomon Jones,T.J. Ford,2,7:16,MEM,sub,,,,O.J. Mayo,,Marc Gasol,,,,,,,,,,,,
Jamaal Tinsley,Mike Conley,O.J. Mayo,Rudy Gay,Zach Randolph,Dahntay Jones,Luther Head,Mike Dunleavy,Solomon Jones,T.J. Ford,2,7:16,IND,free throw,,,,,,,2,,2,Luther Head,,,foul,made,,,,
Jamaal Tinsley,Mike Conley,O.J. Mayo,Rudy Gay,Zach Randolph,Dahntay Jones,Luther Head,Mike Dunleavy,Solomon Jones,T.J. Ford,2,7:05,IND,foul,,,,,,,,Rudy Gay,,Solomon Jones,,,,,,shooting,,
Jamaal Tinsley,Mike Conley,O.J. Mayo,Rudy Gay,Zach Randolph,Dahntay Jones,Luther Head,Mike Dunleavy,Solomon Jones,T.J. Ford,2,7:05,MEM,free throw,,,,,,,1,,2,Rudy Gay,,,foul,made,,,,
Jamaal Tinsley,Mike Conley,O.J. Mayo,Rudy Gay,Zach Randolph,Dahntay Jones,Luther Head,Mike Dunleavy,Solomon Jones,T.J. Ford,2,7:05,MEM,free throw,,,,,,,2,,2,Rudy Gay,,,foul,made,,,,
Jamaal Tinsley,Mike Conley,O.J. Mayo,Rudy Gay,Zach Randolph,Dahntay Jones,Luther Head,Mike Dunleavy,Solomon Jones,T.J. Ford,2,6:54,IND,shot,,,,,,,,,,T.J. Ford,2,,,made,,layup,23,4
Jamaal Tinsley,Mike Conley,O.J. Mayo,Rudy Gay,Zach Randolph,Dahntay Jones,Luther Head,Mike Dunleavy,Solomon Jones,T.J. Ford,2,6:28,MEM,shot,Zach Randolph,,,,,,,,,O.J. Mayo,3,,,made,,3pt,15,30
Jamaal Tinsley,Mike Conley,O.J. Mayo,Rudy Gay,Zach Randolph,Dahntay Jones,Luther Head,Mike Dunleavy,Solomon Jones,T.J. Ford,2,6:18,IND,turnover,,,,,,,,,,T.J. Ford,,,bad pass,,Rudy Gay,,,
Jamaal Tinsley,Mike Conley,O.J. Mayo,Rudy Gay,Zach Randolph,Dahntay Jones,Luther Head,Mike Dunleavy,Solomon Jones,T.J. Ford,2,6:14,MEM,shot,,,,,,,,,,Rudy Gay,2,,,made,,layup,24,6
Jamaal Tinsley,Mike Conley,O.J. Mayo,Rudy Gay,Zach Randolph,Dahntay Jones,Luther Head,Mike Dunleavy,Solomon Jones,T.J. Ford,2,6:09,IND,turnover,,,,,,,,,,Luther Head,,,lost ball,,Jamaal Tinsley,,,
Jamaal Tinsley,Mike Conley,O.J. Mayo,Rudy Gay,Zach Randolph,Dahntay Jones,Luther Head,Mike Dunleavy,Solomon Jones,T.J. Ford,2,6:08,IND,foul,,,,,,,,O.J. Mayo,,Solomon Jones,,,,,,personal,,
Jamaal Tinsley,Mike Conley,O.J. Mayo,Rudy Gay,Zach Randolph,Dahntay Jones,Earl Watson,Luther Head,Mike Dunleavy,Solomon Jones,2,6:08,IND,sub,,,,Earl Watson,,T.J. Ford,,,,,,,,,,,,
Jamaal Tinsley,Mike Conley,O.J. Mayo,Rudy Gay,Zach Randolph,Dahntay Jones,Earl Watson,Luther Head,Mike Dunleavy,Roy Hibbert,2,6:08,IND,sub,,,,Roy Hibbert,,Solomon Jones,,,,,,,,,,,,
Jamaal Tinsley,Mike Conley,O.J. Mayo,Rudy Gay,Zach Randolph,Dahntay Jones,Earl Watson,Luther Head,Mike Dunleavy,Roy Hibbert,2,6:08,MEM,free throw,,,,,,,1,,2,O.J. Mayo,,,foul,made,,,,
Jamaal Tinsley,Mike Conley,O.J. Mayo,Rudy Gay,Zach Randolph,Dahntay Jones,Earl Watson,Luther Head,Mike Dunleavy,Roy Hibbert,2,6:08,MEM,free throw,,,,,,,2,,2,O.J. Mayo,,,foul,made,,,,
Jamaal Tinsley,Mike Conley,O.J. Mayo,Rudy Gay,Zach Randolph,Dahntay Jones,Earl Watson,Luther Head,Mike Dunleavy,Roy Hibbert,2,5:54,IND,shot,,,,,,,,,,Roy Hibbert,,,,missed,,jump,14,5
Jamaal Tinsley,Mike Conley,O.J. Mayo,Rudy Gay,Zach Randolph,Dahntay Jones,Earl Watson,Luther Head,Mike Dunleavy,Roy Hibbert,2,5:52,MEM,rebound,,,,,,,,,,Zach Randolph,,,,,,def,,
Jamaal Tinsley,Mike Conley,O.J. Mayo,Rudy Gay,Zach Randolph,Dahntay Jones,Earl Watson,Luther Head,Mike Dunleavy,Roy Hibbert,2,5:50,MEM,turnover,,,,,,,,,,Jamaal Tinsley,,,out of bounds lost ball turnover,,,,,
Jamaal Tinsley,Mike Conley,O.J. Mayo,Rudy Gay,Zach Randolph,Dahntay Jones,Earl Watson,Luther Head,Mike Dunleavy,Roy Hibbert,2,5:50,IND,timeout,,,,,,,,,,,,,,,,regular,,
Jamaal Tinsley,Mike Conley,O.J. Mayo,Rudy Gay,Zach Randolph,Dahntay Jones,Earl Watson,Luther Head,Mike Dunleavy,Roy Hibbert,2,5:38,MEM,foul,,,,,,,,,,Mike Conley,,,,,,defense 3 second,,
Jamaal Tinsley,Mike Conley,O.J. Mayo,Rudy Gay,Zach Randolph,Dahntay Jones,Earl Watson,Luther Head,Mike Dunleavy,Roy Hibbert,2,5:38,IND,free throw,,,,,,,1,,1,Mike Dunleavy,,,technical,missed,,,,
Jamaal Tinsley,Mike Conley,O.J. Mayo,Rudy Gay,Zach Randolph,Dahntay Jones,Earl Watson,Luther Head,Mike Dunleavy,Roy Hibbert,2,5:38,IND,rebound,,,,,,,,,,,,,,,,,,
Jamaal Tinsley,Mike Conley,O.J. Mayo,Rudy Gay,Zach Randolph,Dahntay Jones,Earl Watson,Luther Head,Mike Dunleavy,Roy Hibbert,2,5:22,IND,shot,,,,,,,,,,Earl Watson,,,,missed,,3pt,6,21
Jamaal Tinsley,Mike Conley,O.J. Mayo,Rudy Gay,Zach Randolph,Dahntay Jones,Earl Watson,Luther Head,Mike Dunleavy,Roy Hibbert,2,5:21,IND,rebound,,,,,,,,,,Roy Hibbert,,,,,,off,,
Jamaal Tinsley,Mike Conley,O.J. Mayo,Rudy Gay,Zach Randolph,Dahntay Jones,Earl Watson,Luther Head,Mike Dunleavy,Roy Hibbert,2,5:19,IND,shot,,,,,,,,,,Roy Hibbert,,,,missed,,layup,23,6
Jamaal Tinsley,Mike Conley,O.J. Mayo,Rudy Gay,Zach Randolph,Dahntay Jones,Earl Watson,Luther Head,Mike Dunleavy,Roy Hibbert,2,5:19,IND,rebound,,,,,,,,,,Roy Hibbert,,,,,,off,,
Jamaal Tinsley,Mike Conley,O.J. Mayo,Rudy Gay,Zach Randolph,Dahntay Jones,Earl Watson,Luther Head,Mike Dunleavy,Roy Hibbert,2,5:19,MEM,foul,,,,,,,,Roy Hibbert,,O.J. Mayo,,,,,,shooting,,
Jamaal Tinsley,Mike Conley,O.J. Mayo,Rudy Gay,Zach Randolph,Dahntay Jones,Earl Watson,Luther Head,Mike Dunleavy,Roy Hibbert,2,5:19,IND,free throw,,,,,,,1,,2,Roy Hibbert,,,foul,made,,,,
Jamaal Tinsley,Mike Conley,O.J. Mayo,Rudy Gay,Zach Randolph,Dahntay Jones,Earl Watson,Luther Head,Mike Dunleavy,Roy Hibbert,2,5:19,IND,free throw,,,,,,,2,,2,Roy Hibbert,,,foul,missed,,,,
Jamaal Tinsley,Mike Conley,O.J. Mayo,Rudy Gay,Zach Randolph,Dahntay Jones,Earl Watson,Luther Head,Mike Dunleavy,Roy Hibbert,2,5:18,MEM,rebound,,,,,,,,,,Rudy Gay,,,,,,def,,
Jamaal Tinsley,Mike Conley,O.J. Mayo,Rudy Gay,Zach Randolph,Dahntay Jones,Earl Watson,Luther Head,Mike Dunleavy,Roy Hibbert,2,5:01,MEM,shot,Mike Conley,,,,,,,,,Zach Randolph,2,,,made,,jump,36,26
Jamaal Tinsley,Mike Conley,O.J. Mayo,Rudy Gay,Zach Randolph,Dahntay Jones,Earl Watson,Luther Head,Mike Dunleavy,Roy Hibbert,2,4:39,IND,shot,,,,,,,,,,Dahntay Jones,,,,missed,,jump,26,10
Jamaal Tinsley,Mike Conley,O.J. Mayo,Rudy Gay,Zach Randolph,Dahntay Jones,Earl Watson,Luther Head,Mike Dunleavy,Roy Hibbert,2,4:38,MEM,rebound,,,,,,,,,,Zach Randolph,,,,,,def,,
Jamaal Tinsley,Mike Conley,O.J. Mayo,Rudy Gay,Zach Randolph,Dahntay Jones,Earl Watson,Luther Head,Mike Dunleavy,Roy Hibbert,2,4:31,MEM,shot,,,,,,,,,,Rudy Gay,2,,,made,,dunk,26,6
Jamaal Tinsley,Mike Conley,O.J. Mayo,Rudy Gay,Zach Randolph,Dahntay Jones,Earl Watson,Luther Head,Mike Dunleavy,Roy Hibbert,2,4:21,IND,shot,,,,,,,,,,Luther Head,,,,missed,,layup,27,7
Jamaal Tinsley,Mike Conley,O.J. Mayo,Rudy Gay,Zach Randolph,Dahntay Jones,Earl Watson,Luther Head,Mike Dunleavy,Roy Hibbert,2,4:20,IND,rebound,,,,,,,,,,Roy Hibbert,,,,,,off,,
Jamaal Tinsley,Mike Conley,O.J. Mayo,Rudy Gay,Zach Randolph,Dahntay Jones,Earl Watson,Luther Head,Mike Dunleavy,Roy Hibbert,2,4:20,IND,shot,,,,,,,,,,Roy Hibbert,2,,,made,,tip,25,6
Jamaal Tinsley,Mike Conley,O.J. Mayo,Rudy Gay,Zach Randolph,Dahntay Jones,Earl Watson,Luther Head,Mike Dunleavy,Roy Hibbert,2,4:00,MEM,shot,,,,,,,,,,Mike Conley,,,,missed,,jump,27,27
Jamaal Tinsley,Mike Conley,O.J. Mayo,Rudy Gay,Zach Randolph,Dahntay Jones,Earl Watson,Luther Head,Mike Dunleavy,Roy Hibbert,2,3:59,IND,rebound,,,,,,,,,,Luther Head,,,,,,def,,
Jamaal Tinsley,Mike Conley,O.J. Mayo,Rudy Gay,Zach Randolph,Dahntay Jones,Earl Watson,Luther Head,Mike Dunleavy,Roy Hibbert,2,3:53,IND,shot,,,,,,,,,,Luther Head,3,,,made,,3pt,30,32
Jamaal Tinsley,Mike Conley,O.J. Mayo,Rudy Gay,Zach Randolph,Dahntay Jones,Earl Watson,Luther Head,Mike Dunleavy,Roy Hibbert,2,3:33,MEM,shot,,,,,,,,,,Jamaal Tinsley,,,,missed,,3pt,35,30
Jamaal Tinsley,Mike Conley,O.J. Mayo,Rudy Gay,Zach Randolph,Dahntay Jones,Earl Watson,Luther Head,Mike Dunleavy,Roy Hibbert,2,3:32,IND,rebound,,,,,,,,,,Earl Watson,,,,,,def,,
Jamaal Tinsley,Mike Conley,O.J. Mayo,Rudy Gay,Zach Randolph,Dahntay Jones,Earl Watson,Luther Head,Mike Dunleavy,Roy Hibbert,2,3:28,IND,turnover,,,,,,,,,,Earl Watson,,,lost ball,,Mike Conley,,,
Jamaal Tinsley,Mike Conley,O.J. Mayo,Rudy Gay,Zach Randolph,Dahntay Jones,Earl Watson,Luther Head,Mike Dunleavy,Roy Hibbert,2,3:24,MEM,shot,Rudy Gay,,,,,,,,,O.J. Mayo,2,,,made,,alley oop dunk,25,7
Jamaal Tinsley,Mike Conley,O.J. Mayo,Rudy Gay,Zach Randolph,Dahntay Jones,Earl Watson,Luther Head,Mike Dunleavy,Roy Hibbert,2,3:07,IND,shot,Earl Watson,,,,,,,,,Roy Hibbert,2,,,made,,layup,25,5
Jamaal Tinsley,Mike Conley,O.J. Mayo,Rudy Gay,Zach Randolph,Dahntay Jones,Earl Watson,Luther Head,Mike Dunleavy,Roy Hibbert,2,2:48,MEM,shot,Mike Conley,,,,,,,,,Zach Randolph,2,,,made,,jump,31,28
Jamaal Tinsley,Mike Conley,O.J. Mayo,Rudy Gay,Zach Randolph,Dahntay Jones,Earl Watson,Luther Head,Mike Dunleavy,Roy Hibbert,2,2:33,IND,shot,,,,,,,,,,Dahntay Jones,2,,,made,,slam dunk,24,6
Jamaal Tinsley,Mike Conley,O.J. Mayo,Rudy Gay,Zach Randolph,Dahntay Jones,Earl Watson,Luther Head,Mike Dunleavy,Roy Hibbert,2,2:12,MEM,turnover,,,,,,,,,,Mike Conley,,,lost ball,,Luther Head,,,
Jamaal Tinsley,Mike Conley,O.J. Mayo,Rudy Gay,Zach Randolph,Dahntay Jones,Earl Watson,Luther Head,Mike Dunleavy,Roy Hibbert,2,2:11,MEM,foul,,,,,,,,Luther Head,,Jamaal Tinsley,,,,,,personal,,
Jamaal Tinsley,Mike Conley,O.J. Mayo,Rudy Gay,Zach Randolph,Dahntay Jones,Earl Watson,Luther Head,Mike Dunleavy,Roy Hibbert,2,2:11,MEM,timeout,,,,,,,,,,,,,,,,regular,,
Jamaal Tinsley,Mike Conley,O.J. Mayo,Rudy Gay,Zach Randolph,Brandon Rush,Dahntay Jones,Earl Watson,Luther Head,Roy Hibbert,2,2:11,IND,sub,,,,Brandon Rush,,Mike Dunleavy,,,,,,,,,,,,
Jamaal Tinsley,Mike Conley,O.J. Mayo,Rudy Gay,Zach Randolph,Brandon Rush,Earl Watson,Josh McRoberts,Luther Head,Roy Hibbert,2,2:11,IND,sub,,,,Josh McRoberts,,Dahntay Jones,,,,,,,,,,,,
Hasheem Thabeet,Mike Conley,O.J. Mayo,Rudy Gay,Zach Randolph,Brandon Rush,Earl Watson,Josh McRoberts,Luther Head,Roy Hibbert,2,2:11,MEM,sub,,,,Hasheem Thabeet,,Jamaal Tinsley,,,,,,,,,,,,
Hasheem Thabeet,Mike Conley,O.J. Mayo,Rudy Gay,Zach Randolph,Brandon Rush,Earl Watson,Josh McRoberts,Luther Head,Roy Hibbert,2,2:11,IND,free throw,,,,,,,1,,2,Luther Head,,,foul,made,,,,
Hasheem Thabeet,Mike Conley,O.J. Mayo,Rudy Gay,Zach Randolph,Brandon Rush,Earl Watson,Josh McRoberts,Luther Head,Roy Hibbert,2,2:11,IND,free throw,,,,,,,2,,2,Luther Head,,,foul,made,,,,
Hasheem Thabeet,Mike Conley,O.J. Mayo,Rudy Gay,Zach Randolph,Brandon Rush,Earl Watson,Josh McRoberts,Luther Head,Roy Hibbert,2,1:55,MEM,shot,,,,,,,,,,Zach Randolph,,,,missed,,jump,36,23
Hasheem Thabeet,Mike Conley,O.J. Mayo,Rudy Gay,Zach Randolph,Brandon Rush,Earl Watson,Josh McRoberts,Luther Head,Roy Hibbert,2,1:54,IND,rebound,,,,,,,,,,Luther Head,,,,,,def,,
Hasheem Thabeet,Mike Conley,O.J. Mayo,Rudy Gay,Zach Randolph,Brandon Rush,Earl Watson,Josh McRoberts,Luther Head,Roy Hibbert,2,1:40,IND,shot,,,,,,,,,,Josh McRoberts,,,,missed,,jump,8,4
Hasheem Thabeet,Mike Conley,O.J. Mayo,Rudy Gay,Zach Randolph,Brandon Rush,Earl Watson,Josh McRoberts,Luther Head,Roy Hibbert,2,1:39,MEM,rebound,,,,,,,,,,Rudy Gay,,,,,,def,,
Hasheem Thabeet,Mike Conley,O.J. Mayo,Rudy Gay,Zach Randolph,Brandon Rush,Earl Watson,Josh McRoberts,Luther Head,Roy Hibbert,2,1:34,MEM,shot,,,,,,,,,,Zach Randolph,,,,missed,,layup,25,6
Hasheem Thabeet,Mike Conley,O.J. Mayo,Rudy Gay,Zach Randolph,Brandon Rush,Earl Watson,Josh McRoberts,Luther Head,Roy Hibbert,2,1:31,IND,rebound,,,,,,,,,,Roy Hibbert,,,,,,def,,
Hasheem Thabeet,Mike Conley,O.J. Mayo,Rudy Gay,Zach Randolph,Brandon Rush,Earl Watson,Josh McRoberts,Luther Head,Roy Hibbert,2,1:25,IND,turnover,,,,,,,,,,Brandon Rush,,,bad pass,,Hasheem Thabeet,,,
Hasheem Thabeet,Mike Conley,O.J. Mayo,Rudy Gay,Zach Randolph,Brandon Rush,Earl Watson,Josh McRoberts,Luther Head,Roy Hibbert,2,1:20,MEM,shot,,,,,,,,,,Mike Conley,,,,missed,,layup,25,6
Hasheem Thabeet,Mike Conley,O.J. Mayo,Rudy Gay,Zach Randolph,Brandon Rush,Earl Watson,Josh McRoberts,Luther Head,Roy Hibbert,2,1:17,IND,rebound,,,,,,,,,,Luther Head,,,,,,def,,
Hasheem Thabeet,Mike Conley,O.J. Mayo,Rudy Gay,Zach Randolph,Brandon Rush,Earl Watson,Josh McRoberts,Luther Head,Roy Hibbert,2,1:15,IND,turnover,,,,,,,,,,Luther Head,,,lost ball,,O.J. Mayo,,,
Hasheem Thabeet,Mike Conley,O.J. Mayo,Rudy Gay,Zach Randolph,Brandon Rush,Earl Watson,Josh McRoberts,Luther Head,Roy Hibbert,2,1:09,MEM,shot,,,,,,,,,,O.J. Mayo,,,,missed,,jump,37,17
Hasheem Thabeet,Mike Conley,O.J. Mayo,Rudy Gay,Zach Randolph,Brandon Rush,Earl Watson,Josh McRoberts,Luther Head,Roy Hibbert,2,1:04,MEM,rebound,,,,,,,,,,Rudy Gay,,,,,,off,,
Hasheem Thabeet,Mike Conley,O.J. Mayo,Rudy Gay,Zach Randolph,Brandon Rush,Earl Watson,Josh McRoberts,Luther Head,Roy Hibbert,2,1:03,MEM,shot,,,,,,,,,,Rudy Gay,2,,,made,,jump,27,9
Hasheem Thabeet,Mike Conley,O.J. Mayo,Rudy Gay,Zach Randolph,Brandon Rush,Earl Watson,Josh McRoberts,Luther Head,Roy Hibbert,2,0:46,IND,shot,,,,,,,,,,Luther Head,,,,missed,,jump,25,17
Hasheem Thabeet,Mike Conley,O.J. Mayo,Rudy Gay,Zach Randolph,Brandon Rush,Earl Watson,Josh McRoberts,Luther Head,Roy Hibbert,2,0:45,IND,rebound,,,,,,,,,,Earl Watson,,,,,,off,,
Hasheem Thabeet,Mike Conley,O.J. Mayo,Rudy Gay,Zach Randolph,Brandon Rush,Earl Watson,Josh McRoberts,Luther Head,Roy Hibbert,2,0:44,IND,foul,,,,,,,,,,O'Brien,,,,,,technical,,
Hasheem Thabeet,Mike Conley,O.J. Mayo,Rudy Gay,Zach Randolph,Brandon Rush,Earl Watson,Josh McRoberts,Luther Head,Roy Hibbert,2,0:44,MEM,free throw,,,,,,,1,,1,Zach Randolph,,,technical,missed,,,,
Hasheem Thabeet,Mike Conley,O.J. Mayo,Rudy Gay,Zach Randolph,Brandon Rush,Earl Watson,Josh McRoberts,Luther Head,Roy Hibbert,2,0:44,IND,rebound,,,,,,,,,,,,,,,,,,
Hasheem Thabeet,Mike Conley,O.J. Mayo,Rudy Gay,Zach Randolph,Brandon Rush,Earl Watson,Josh McRoberts,Luther Head,Roy Hibbert,2,0:37,IND,shot,,,,,,,,,,Earl Watson,2,,,made,,driving layup,23,7
Hasheem Thabeet,Mike Conley,O.J. Mayo,Rudy Gay,Zach Randolph,Brandon Rush,Earl Watson,Josh McRoberts,Luther Head,Roy Hibbert,2,0:20,MEM,shot,,,,,,,,,,Mike Conley,,,,missed,,jump,32,11
Hasheem Thabeet,Mike Conley,O.J. Mayo,Rudy Gay,Zach Randolph,Brandon Rush,Earl Watson,Josh McRoberts,Luther Head,Roy Hibbert,2,0:18,MEM,rebound,,,,,,,,,,,,,,,,,,
Hasheem Thabeet,Mike Conley,O.J. Mayo,Rudy Gay,Zach Randolph,Brandon Rush,Earl Watson,Josh McRoberts,Luther Head,Roy Hibbert,2,0:18,MEM,timeout,,,,,,,,,,,,,,,,short,,
Mike Conley,O.J. Mayo,Rudy Gay,Sam Young,Zach Randolph,Brandon Rush,Earl Watson,Josh McRoberts,Luther Head,Roy Hibbert,2,0:18,MEM,sub,,,,Sam Young,,Hasheem Thabeet,,,,,,,,,,,,
Mike Conley,O.J. Mayo,Rudy Gay,Sam Young,Zach Randolph,Brandon Rush,Dahntay Jones,Earl Watson,Josh McRoberts,Roy Hibbert,2,0:18,IND,sub,,,,Dahntay Jones,,Luther Head,,,,,,,,,,,,
Mike Conley,O.J. Mayo,Rudy Gay,Sam Young,Zach Randolph,Brandon Rush,Dahntay Jones,Earl Watson,Josh McRoberts,Roy Hibbert,2,0:02,MEM,shot,,,,,,,,,,Zach Randolph,,,,missed,,3pt,13,31
Mike Conley,O.J. Mayo,Rudy Gay,Sam Young,Zach Randolph,Brandon Rush,Dahntay Jones,Earl Watson,Josh McRoberts,Roy Hibbert,2,0:01,IND,rebound,,,,,,,,,,Josh McRoberts,,,,,,def,,
Mike Conley,O.J. Mayo,Rudy Gay,Sam Young,Zach Randolph,Brandon Rush,Dahntay Jones,Earl Watson,Josh McRoberts,Roy Hibbert,2,0:00,IND,shot,,,,,,,,,,Earl Watson,,,,missed,,3pt,21,46
Mike Conley,O.J. Mayo,Rudy Gay,Sam Young,Zach Randolph,Brandon Rush,Dahntay Jones,Earl Watson,Josh McRoberts,Roy Hibbert,2,0:00,IND,rebound,,,,,,,,,,,,,,,,,,
Marc Gasol,Mike Conley,O.J. Mayo,Rudy Gay,Zach Randolph,Dahntay Jones,Earl Watson,Luther Head,Mike Dunleavy,Solomon Jones,3,11:46,IND,shot,,,,,,,,,,Luther Head,,,,missed,,jump,15,20
Marc Gasol,Mike Conley,O.J. Mayo,Rudy Gay,Zach Randolph,Dahntay Jones,Earl Watson,Luther Head,Mike Dunleavy,Solomon Jones,3,11:45,MEM,rebound,,,,,,,,,,Rudy Gay,,,,,,def,,
Marc Gasol,Mike Conley,O.J. Mayo,Rudy Gay,Zach Randolph,Dahntay Jones,Earl Watson,Luther Head,Mike Dunleavy,Solomon Jones,3,11:33,MEM,foul,,,,,,,,Earl Watson,,Zach Randolph,,,,,,offensive,,
Marc Gasol,Mike Conley,O.J. Mayo,Rudy Gay,Zach Randolph,Dahntay Jones,Earl Watson,Luther Head,Mike Dunleavy,Solomon Jones,3,11:33,MEM,turnover,,,,,,,,,,Zach Randolph,,,foul,,,,,
Marc Gasol,Mike Conley,O.J. Mayo,Rudy Gay,Zach Randolph,Dahntay Jones,Earl Watson,Luther Head,Mike Dunleavy,Solomon Jones,3,11:11,IND,shot,Solomon Jones,,,,,,,,,Dahntay Jones,2,,,made,,jump,34,22
Marc Gasol,Mike Conley,O.J. Mayo,Rudy Gay,Zach Randolph,Dahntay Jones,Earl Watson,Luther Head,Mike Dunleavy,Solomon Jones,3,10:51,MEM,shot,Rudy Gay,,,,,,,,,Marc Gasol,2,,,made,,hook bank,24,5
Marc Gasol,Mike Conley,O.J. Mayo,Rudy Gay,Zach Randolph,Dahntay Jones,Earl Watson,Luther Head,Mike Dunleavy,Solomon Jones,3,10:36,IND,shot,,,,,,,,,,Luther Head,,,,missed,,jump,43,10
Marc Gasol,Mike Conley,O.J. Mayo,Rudy Gay,Zach Randolph,Dahntay Jones,Earl Watson,Luther Head,Mike Dunleavy,Solomon Jones,3,10:35,MEM,rebound,,,,,,,,,,Marc Gasol,,,,,,def,,
Marc Gasol,Mike Conley,O.J. Mayo,Rudy Gay,Zach Randolph,Dahntay Jones,Earl Watson,Luther Head,Mike Dunleavy,Solomon Jones,3,10:27,MEM,shot,Mike Conley,,,,,,,,,Rudy Gay,3,,,made,,3pt,10,27
Marc Gasol,Mike Conley,O.J. Mayo,Rudy Gay,Zach Randolph,Dahntay Jones,Earl Watson,Luther Head,Mike Dunleavy,Solomon Jones,3,10:05,IND,shot,,,,,,,,,,Dahntay Jones,2,,,made,,running layup,25,5
Marc Gasol,Mike Conley,O.J. Mayo,Rudy Gay,Zach Randolph,Dahntay Jones,Earl Watson,Luther Head,Mike Dunleavy,Solomon Jones,3,9:52,IND,foul,,,,,,,,Zach Randolph,,Dahntay Jones,,,,,,personal,,
Marc Gasol,Mike Conley,O.J. Mayo,Rudy Gay,Zach Randolph,Dahntay Jones,Earl Watson,Luther Head,Mike Dunleavy,Solomon Jones,3,9:43,MEM,foul,,,,,,,,Dahntay Jones,,Marc Gasol,,,,,,offensive,,
Marc Gasol,Mike Conley,O.J. Mayo,Rudy Gay,Zach Randolph,Dahntay Jones,Earl Watson,Luther Head,Mike Dunleavy,Solomon Jones,3,9:43,MEM,turnover,,,,,,,,,,Marc Gasol,,,foul,,,,,
Marc Gasol,Mike Conley,O.J. Mayo,Rudy Gay,Zach Randolph,Dahntay Jones,Earl Watson,Luther Head,Mike Dunleavy,Solomon Jones,3,9:29,IND,jump ball,,Mike Conley,,,Solomon Jones,,,,,,,Earl Watson,,,,,,
Marc Gasol,Mike Conley,O.J. Mayo,Rudy Gay,Zach Randolph,Dahntay Jones,Earl Watson,Luther Head,Mike Dunleavy,Solomon Jones,3,9:22,IND,shot,,,,,,,,,,Mike Dunleavy,,,,missed,,3pt,5,21
Marc Gasol,Mike Conley,O.J. Mayo,Rudy Gay,Zach Randolph,Dahntay Jones,Earl Watson,Luther Head,Mike Dunleavy,Solomon Jones,3,9:21,MEM,rebound,,,,,,,,,,Rudy Gay,,,,,,def,,
Marc Gasol,Mike Conley,O.J. Mayo,Rudy Gay,Zach Randolph,Dahntay Jones,Earl Watson,Luther Head,Mike Dunleavy,Solomon Jones,3,9:17,MEM,shot,,,,,,,,,,O.J. Mayo,,,,missed,,layup,24,6
Marc Gasol,Mike Conley,O.J. Mayo,Rudy Gay,Zach Randolph,Dahntay Jones,Earl Watson,Luther Head,Mike Dunleavy,Solomon Jones,3,9:15,IND,rebound,,,,,,,,,,Earl Watson,,,,,,def,,
Marc Gasol,Mike Conley,O.J. Mayo,Rudy Gay,Zach Randolph,Dahntay Jones,Earl Watson,Luther Head,Mike Dunleavy,Solomon Jones,3,9:09,IND,shot,,,,,,,,,,Mike Dunleavy,,,,missed,,3pt,7,25
Marc Gasol,Mike Conley,O.J. Mayo,Rudy Gay,Zach Randolph,Dahntay Jones,Earl Watson,Luther Head,Mike Dunleavy,Solomon Jones,3,9:08,MEM,rebound,,,,,,,,,,,,,,,,,,
Marc Gasol,Mike Conley,O.J. Mayo,Rudy Gay,Zach Randolph,Dahntay Jones,Earl Watson,Luther Head,Mike Dunleavy,Solomon Jones,3,9:00,IND,foul,,,,,,,,Mike Conley,,Earl Watson,,,,,,personal,,
Marc Gasol,Mike Conley,O.J. Mayo,Rudy Gay,Zach Randolph,Dahntay Jones,Earl Watson,Luther Head,Mike Dunleavy,Solomon Jones,3,8:55,MEM,shot,,,,,,,,,,Mike Conley,,,,missed,,jump,24,16
Marc Gasol,Mike Conley,O.J. Mayo,Rudy Gay,Zach Randolph,Dahntay Jones,Earl Watson,Luther Head,Mike Dunleavy,Solomon Jones,3,8:54,MEM,rebound,,,,,,,,,,,,,,,,,,
Marc Gasol,Mike Conley,O.J. Mayo,Rudy Gay,Zach Randolph,Dahntay Jones,Earl Watson,Luther Head,Mike Dunleavy,Solomon Jones,3,8:50,IND,foul,,,,,,,,Marc Gasol,,Mike Dunleavy,,,,,,shooting,,
Marc Gasol,Mike Conley,O.J. Mayo,Rudy Gay,Zach Randolph,Dahntay Jones,Earl Watson,Luther Head,Mike Dunleavy,Solomon Jones,3,8:50,MEM,free throw,,,,,,,1,,2,Marc Gasol,,,foul,made,,,,
Marc Gasol,Mike Conley,O.J. Mayo,Rudy Gay,Zach Randolph,Dahntay Jones,Earl Watson,Luther Head,Mike Dunleavy,Solomon Jones,3,8:50,MEM,free throw,,,,,,,2,,2,Marc Gasol,,,foul,made,,,,
Marc Gasol,Mike Conley,O.J. Mayo,Rudy Gay,Zach Randolph,Earl Watson,Josh McRoberts,Luther Head,Mike Dunleavy,Solomon Jones,3,8:42,IND,sub,,,,Josh McRoberts,,Dahntay Jones,,,,,,,,,,,,
Marc Gasol,Mike Conley,O.J. Mayo,Rudy Gay,Zach Randolph,Brandon Rush,Earl Watson,Josh McRoberts,Luther Head,Solomon Jones,3,8:42,IND,sub,,,,Brandon Rush,,Mike Dunleavy,,,,,,,,,,,,
Marc Gasol,Mike Conley,O.J. Mayo,Rudy Gay,Zach Randolph,Brandon Rush,Earl Watson,Josh McRoberts,Luther Head,Solomon Jones,3,8:35,IND,shot,,,,,,,,,,Earl Watson,,,,missed,,jump,24,11
Marc Gasol,Mike Conley,O.J. Mayo,Rudy Gay,Zach Randolph,Brandon Rush,Earl Watson,Josh McRoberts,Luther Head,Solomon Jones,3,8:34,IND,rebound,,,,,,,,,,Earl Watson,,,,,,off,,
Marc Gasol,Mike Conley,O.J. Mayo,Rudy Gay,Zach Randolph,Brandon Rush,Earl Watson,Josh McRoberts,Luther Head,Solomon Jones,3,8:31,IND,shot,,,,,,,,,,Earl Watson,,,,missed,,jump,21,10
Marc Gasol,Mike Conley,O.J. Mayo,Rudy Gay,Zach Randolph,Brandon Rush,Earl Watson,Josh McRoberts,Luther Head,Solomon Jones,3,8:30,MEM,rebound,,,,,,,,,,Zach Randolph,,,,,,def,,
Marc Gasol,Mike Conley,O.J. Mayo,Rudy Gay,Zach Randolph,Brandon Rush,Earl Watson,Josh McRoberts,Luther Head,Solomon Jones,3,8:17,IND,foul,,,,,,,,Marc Gasol,,Solomon Jones,,,,,,personal,,
Marc Gasol,Mike Conley,O.J. Mayo,Rudy Gay,Zach Randolph,Brandon Rush,Earl Watson,Josh McRoberts,Luther Head,Roy Hibbert,3,8:17,IND,sub,,,,Roy Hibbert,,Solomon Jones,,,,,,,,,,,,
Marc Gasol,Mike Conley,O.J. Mayo,Rudy Gay,Zach Randolph,Brandon Rush,Earl Watson,Josh McRoberts,Luther Head,Roy Hibbert,3,8:11,MEM,shot,,,,,,,,,,O.J. Mayo,,,,missed,,layup,24,8
Marc Gasol,Mike Conley,O.J. Mayo,Rudy Gay,Zach Randolph,Brandon Rush,Earl Watson,Josh McRoberts,Luther Head,Roy Hibbert,3,8:09,IND,rebound,,,,,,,,,,Luther Head,,,,,,def,,
Marc Gasol,Mike Conley,O.J. Mayo,Rudy Gay,Zach Randolph,Brandon Rush,Earl Watson,Josh McRoberts,Luther Head,Roy Hibbert,3,7:54,IND,shot,Roy Hibbert,,,,,,,,,Luther Head,2,,,made,,reverse layup,25,6
Marc Gasol,Mike Conley,O.J. Mayo,Rudy Gay,Zach Randolph,Brandon Rush,Earl Watson,Josh McRoberts,Luther Head,Roy Hibbert,3,7:35,MEM,shot,,,,,,,,,,Zach Randolph,2,,,made,,fade away jumper,42,11
Marc Gasol,Mike Conley,O.J. Mayo,Rudy Gay,Zach Randolph,Brandon Rush,Earl Watson,Josh McRoberts,Luther Head,Roy Hibbert,3,7:26,IND,shot,Earl Watson,,,,,,,,,Brandon Rush,3,,,made,,3pt,35,31
Marc Gasol,Mike Conley,O.J. Mayo,Rudy Gay,Zach Randolph,Brandon Rush,Earl Watson,Josh McRoberts,Luther Head,Roy Hibbert,3,7:09,MEM,shot,Marc Gasol,,,,,,,,,Zach Randolph,2,,,made,,layup,27,5
Marc Gasol,Mike Conley,O.J. Mayo,Rudy Gay,Zach Randolph,Brandon Rush,Earl Watson,Josh McRoberts,Luther Head,Roy Hibbert,3,7:09,IND,foul,,,,,,,,Zach Randolph,,Josh McRoberts,,,,,,shooting,,
Marc Gasol,Mike Conley,O.J. Mayo,Rudy Gay,Zach Randolph,Brandon Rush,Earl Watson,Josh McRoberts,Luther Head,Roy Hibbert,3,7:09,MEM,free throw,,,,,,,1,,1,Zach Randolph,,,foul,made,,,,
Marc Gasol,Mike Conley,O.J. Mayo,Rudy Gay,Zach Randolph,Brandon Rush,Earl Watson,Josh McRoberts,Luther Head,Roy Hibbert,3,6:54,IND,shot,Josh McRoberts,,,,,,,,,Roy Hibbert,2,,,made,,hook,26,6
Marc Gasol,Mike Conley,O.J. Mayo,Rudy Gay,Zach Randolph,Brandon Rush,Earl Watson,Josh McRoberts,Luther Head,Roy Hibbert,3,6:54,MEM,foul,,,,,,,,Roy Hibbert,,Marc Gasol,,,,,,shooting,,
Marc Gasol,Mike Conley,O.J. Mayo,Rudy Gay,Zach Randolph,Brandon Rush,Earl Watson,Josh McRoberts,Luther Head,Roy Hibbert,3,6:54,IND,free throw,,,,,,,1,,1,Roy Hibbert,,,foul,made,,,,
Marc Gasol,Mike Conley,O.J. Mayo,Rudy Gay,Zach Randolph,Brandon Rush,Earl Watson,Josh McRoberts,Luther Head,Roy Hibbert,3,6:38,MEM,shot,,,,,,,,,,Rudy Gay,,,,missed,,jump,12,4
Marc Gasol,Mike Conley,O.J. Mayo,Rudy Gay,Zach Randolph,Brandon Rush,Earl Watson,Josh McRoberts,Luther Head,Roy Hibbert,3,6:36,IND,rebound,,,,,,,,,,Roy Hibbert,,,,,,def,,
Marc Gasol,Mike Conley,O.J. Mayo,Rudy Gay,Zach Randolph,Brandon Rush,Earl Watson,Josh McRoberts,Luther Head,Roy Hibbert,3,6:30,IND,shot,,,,,,,,,,Brandon Rush,,,,missed,,jump,11,15
Marc Gasol,Mike Conley,O.J. Mayo,Rudy Gay,Zach Randolph,Brandon Rush,Earl Watson,Josh McRoberts,Luther Head,Roy Hibbert,3,6:30,IND,rebound,,,,,,,,,,,,,,,,,,
Marc Gasol,Mike Conley,O.J. Mayo,Rudy Gay,Zach Randolph,Brandon Rush,Earl Watson,Josh McRoberts,Luther Head,Roy Hibbert,3,6:20,IND,turnover,,,,,,,,,,Roy Hibbert,,,lost ball,,Mike Conley,,,
Marc Gasol,Mike Conley,O.J. Mayo,Rudy Gay,Zach Randolph,Brandon Rush,Earl Watson,Josh McRoberts,Luther Head,Roy Hibbert,3,6:16,MEM,shot,,,,,,,,,,Mike Conley,2,,,made,,layup,28,5
Marc Gasol,Mike Conley,O.J. Mayo,Rudy Gay,Zach Randolph,Brandon Rush,Earl Watson,Josh McRoberts,Luther Head,Roy Hibbert,3,5:58,IND,shot,,,,,,,,,,Earl Watson,,,,missed,,3pt,49,4
Marc Gasol,Mike Conley,O.J. Mayo,Rudy Gay,Zach Randolph,Brandon Rush,Earl Watson,Josh McRoberts,Luther Head,Roy Hibbert,3,5:57,MEM,rebound,,,,,,,,,,Zach Randolph,,,,,,def,,
Marc Gasol,Mike Conley,O.J. Mayo,Rudy Gay,Zach Randolph,Brandon Rush,Earl Watson,Josh McRoberts,Luther Head,Roy Hibbert,3,5:44,MEM,shot,O.J. Mayo,,,,,,,,,Marc Gasol,2,,,made,,jump,36,19
Marc Gasol,Mike Conley,O.J. Mayo,Rudy Gay,Zach Randolph,Brandon Rush,Earl Watson,Josh McRoberts,Luther Head,Roy Hibbert,3,5:44,IND,timeout,,,,,,,,,,,,,,,,regular,,
Marc Gasol,Mike Conley,O.J. Mayo,Rudy Gay,Zach Randolph,Brandon Rush,Earl Watson,Josh McRoberts,Luther Head,Roy Hibbert,3,5:36,IND,foul,,,,,,,,Marc Gasol,,Josh McRoberts,,,,,,offensive,,
Marc Gasol,Mike Conley,O.J. Mayo,Rudy Gay,Zach Randolph,Brandon Rush,Earl Watson,Josh McRoberts,Luther Head,Roy Hibbert,3,5:36,IND,turnover,,,,,,,,,,Josh McRoberts,,,foul,,,,,
Marc Gasol,Mike Conley,O.J. Mayo,Rudy Gay,Zach Randolph,Brandon Rush,Earl Watson,Josh McRoberts,Luther Head,Roy Hibbert,3,5:19,MEM,turnover,,,,,,,,,,Marc Gasol,,,lost ball,,Roy Hibbert,,,
Marc Gasol,Mike Conley,O.J. Mayo,Rudy Gay,Zach Randolph,Brandon Rush,Earl Watson,Josh McRoberts,Luther Head,Roy Hibbert,3,5:12,IND,shot,Josh McRoberts,,,,,,,,,Brandon Rush,2,,,made,,dunk,27,6
Marc Gasol,Mike Conley,O.J. Mayo,Rudy Gay,Zach Randolph,Brandon Rush,Earl Watson,Josh McRoberts,Luther Head,Roy Hibbert,3,4:54,MEM,shot,,,,,,,,,,Marc Gasol,,,,missed,,jump,34,7
Marc Gasol,Mike Conley,O.J. Mayo,Rudy Gay,Zach Randolph,Brandon Rush,Earl Watson,Josh McRoberts,Luther Head,Roy Hibbert,3,4:52,IND,rebound,,,,,,,,,,Roy Hibbert,,,,,,def,,
Marc Gasol,Mike Conley,O.J. Mayo,Rudy Gay,Zach Randolph,Brandon Rush,Earl Watson,Josh McRoberts,Luther Head,Roy Hibbert,3,4:45,IND,shot,Earl Watson,,,,,,,,,Roy Hibbert,2,,,made,,layup,23,7
Marc Gasol,Mike Conley,O.J. Mayo,Rudy Gay,Zach Randolph,Brandon Rush,Earl Watson,Josh McRoberts,Luther Head,Roy Hibbert,3,4:45,MEM,foul,,,,,,,,Roy Hibbert,,Zach Randolph,,,,,,shooting,,
Hasheem Thabeet,Mike Conley,O.J. Mayo,Rudy Gay,Zach Randolph,Brandon Rush,Earl Watson,Josh McRoberts,Luther Head,Roy Hibbert,3,4:45,MEM,sub,,,,Hasheem Thabeet,,Marc Gasol,,,,,,,,,,,,
DeMarre Carroll,Hasheem Thabeet,Mike Conley,O.J. Mayo,Zach Randolph,Brandon Rush,Earl Watson,Josh McRoberts,Luther Head,Roy Hibbert,3,4:45,MEM,sub,,,,DeMarre Carroll,,Rudy Gay,,,,,,,,,,,,
DeMarre Carroll,Hasheem Thabeet,Mike Conley,O.J. Mayo,Zach Randolph,A.J. Price,Brandon Rush,Earl Watson,Josh McRoberts,Roy Hibbert,3,4:45,IND,sub,,,,A.J. Price,,Luther Head,,,,,,,,,,,,
DeMarre Carroll,Hasheem Thabeet,Mike Conley,O.J. Mayo,Zach Randolph,A.J. Price,Brandon Rush,Earl Watson,Josh McRoberts,Roy Hibbert,3,4:45,IND,free throw,,,,,,,1,,1,Roy Hibbert,,,foul,made,,,,
DeMarre Carroll,Hasheem Thabeet,Mike Conley,O.J. Mayo,Zach Randolph,A.J. Price,Brandon Rush,Earl Watson,Josh McRoberts,Roy Hibbert,3,4:32,MEM,shot,,,,,,,,,,O.J. Mayo,,,,missed,,jump,14,25
DeMarre Carroll,Hasheem Thabeet,Mike Conley,O.J. Mayo,Zach Randolph,A.J. Price,Brandon Rush,Earl Watson,Josh McRoberts,Roy Hibbert,3,4:28,IND,rebound,,,,,,,,,,Roy Hibbert,,,,,,def,,
DeMarre Carroll,Hasheem Thabeet,Mike Conley,O.J. Mayo,Zach Randolph,A.J. Price,Brandon Rush,Earl Watson,Josh McRoberts,Roy Hibbert,3,4:20,IND,shot,,,,,,,,,,A.J. Price,,,,missed,,3pt,5,21
DeMarre Carroll,Hasheem Thabeet,Mike Conley,O.J. Mayo,Zach Randolph,A.J. Price,Brandon Rush,Earl Watson,Josh McRoberts,Roy Hibbert,3,4:19,IND,rebound,,,,,,,,,,A.J. Price,,,,,,off,,
DeMarre Carroll,Hasheem Thabeet,Mike Conley,O.J. Mayo,Zach Randolph,A.J. Price,Brandon Rush,Earl Watson,Josh McRoberts,Roy Hibbert,3,4:16,IND,shot,,,,,,,,,,A.J. Price,2,,,made,,layup,26,5
DeMarre Carroll,Hasheem Thabeet,Mike Conley,O.J. Mayo,Zach Randolph,A.J. Price,Brandon Rush,Earl Watson,Josh McRoberts,Roy Hibbert,3,3:58,MEM,shot,O.J. Mayo,,,,,,,,,Mike Conley,3,,,made,,3pt,44,25
DeMarre Carroll,Hamed Haddadi,Mike Conley,O.J. Mayo,Zach Randolph,A.J. Price,Brandon Rush,Earl Watson,Josh McRoberts,Roy Hibbert,3,3:54,MEM,sub,,,,Hamed Haddadi,,Hasheem Thabeet,,,,,,,,,,,,
DeMarre Carroll,Hamed Haddadi,Mike Conley,O.J. Mayo,Zach Randolph,A.J. Price,Brandon Rush,Earl Watson,Josh McRoberts,Roy Hibbert,3,3:38,IND,shot,,,,,,,,,,Roy Hibbert,2,,,made,,layup,26,4
DeMarre Carroll,Hamed Haddadi,Mike Conley,O.J. Mayo,Zach Randolph,A.J. Price,Brandon Rush,Earl Watson,Josh McRoberts,Roy Hibbert,3,3:23,MEM,foul,,,,,,,,Josh McRoberts,,Zach Randolph,,,,,,offensive,,
DeMarre Carroll,Hamed Haddadi,Mike Conley,O.J. Mayo,Zach Randolph,A.J. Price,Brandon Rush,Earl Watson,Josh McRoberts,Roy Hibbert,3,3:23,MEM,turnover,,,,,,,,,,Zach Randolph,,,foul,,,,,
DeMarre Carroll,Hamed Haddadi,Mike Conley,O.J. Mayo,Zach Randolph,A.J. Price,Brandon Rush,Earl Watson,Josh McRoberts,Roy Hibbert,3,3:23,MEM,timeout,,,,,,,,,,,,,,,,regular,,
DeMarre Carroll,Hamed Haddadi,Mike Conley,O.J. Mayo,Zach Randolph,A.J. Price,Brandon Rush,Earl Watson,Josh McRoberts,Roy Hibbert,3,3:08,MEM,foul,,,,,,,,Roy Hibbert,,Hamed Haddadi,,,,,,shooting,,
DeMarre Carroll,Hamed Haddadi,Mike Conley,O.J. Mayo,Zach Randolph,A.J. Price,Brandon Rush,Earl Watson,Josh McRoberts,Roy Hibbert,3,3:08,IND,free throw,,,,,,,1,,2,Roy Hibbert,,,foul,made,,,,
DeMarre Carroll,Hamed Haddadi,Mike Conley,O.J. Mayo,Zach Randolph,A.J. Price,Brandon Rush,Earl Watson,Josh McRoberts,Roy Hibbert,3,3:08,IND,free throw,,,,,,,2,,2,Roy Hibbert,,,foul,made,,,,
DeMarre Carroll,Hamed Haddadi,Mike Conley,O.J. Mayo,Zach Randolph,A.J. Price,Brandon Rush,Earl Watson,Josh McRoberts,Roy Hibbert,3,2:57,IND,foul,,,,,,,,Zach Randolph,,Josh McRoberts,,,,,,personal,,
DeMarre Carroll,Hamed Haddadi,Mike Conley,O.J. Mayo,Zach Randolph,A.J. Price,Brandon Rush,Earl Watson,Josh McRoberts,Roy Hibbert,3,2:57,MEM,free throw,,,,,,,1,,2,Zach Randolph,,,foul,made,,,,
DeMarre Carroll,Hamed Haddadi,Mike Conley,Rudy Gay,Zach Randolph,A.J. Price,Brandon Rush,Earl Watson,Josh McRoberts,Roy Hibbert,3,2:57,MEM,sub,,,,Rudy Gay,,O.J. Mayo,,,,,,,,,,,,
DeMarre Carroll,Hamed Haddadi,Mike Conley,Rudy Gay,Zach Randolph,A.J. Price,Brandon Rush,Earl Watson,Josh McRoberts,Roy Hibbert,3,2:57,MEM,free throw,,,,,,,2,,2,Zach Randolph,,,foul,made,,,,
DeMarre Carroll,Hamed Haddadi,Mike Conley,Rudy Gay,Zach Randolph,A.J. Price,Brandon Rush,Earl Watson,Josh McRoberts,Roy Hibbert,3,2:43,IND,turnover,,,,,,,,,,Roy Hibbert,,,3 second violation,,,,,
DeMarre Carroll,Hamed Haddadi,Mike Conley,Rudy Gay,Zach Randolph,A.J. Price,Brandon Rush,Earl Watson,Josh McRoberts,Roy Hibbert,3,2:29,MEM,shot,,,,,,,,,,Mike Conley,,,,missed,,jump,29,13
DeMarre Carroll,Hamed Haddadi,Mike Conley,Rudy Gay,Zach Randolph,A.J. Price,Brandon Rush,Earl Watson,Josh McRoberts,Roy Hibbert,3,2:28,IND,rebound,,,,,,,,,,Roy Hibbert,,,,,,def,,
DeMarre Carroll,Hamed Haddadi,Mike Conley,Rudy Gay,Zach Randolph,A.J. Price,Brandon Rush,Earl Watson,Josh McRoberts,Roy Hibbert,3,2:11,IND,shot,,,,,,,,,,A.J. Price,,,,missed,,3pt,38,29
DeMarre Carroll,Hamed Haddadi,Mike Conley,Rudy Gay,Zach Randolph,A.J. Price,Brandon Rush,Earl Watson,Josh McRoberts,Roy Hibbert,3,2:10,MEM,rebound,,,,,,,,,,Rudy Gay,,,,,,def,,
DeMarre Carroll,Hamed Haddadi,Mike Conley,Rudy Gay,Zach Randolph,A.J. Price,Brandon Rush,Earl Watson,Josh McRoberts,Roy Hibbert,3,1:53,MEM,shot,,,,,,,,,,Zach Randolph,2,,,made,,driving layup,27,6
DeMarre Carroll,Hamed Haddadi,Mike Conley,Rudy Gay,Zach Randolph,A.J. Price,Brandon Rush,Earl Watson,Josh McRoberts,Roy Hibbert,3,1:43,IND,shot,,,,,,,,,,Earl Watson,,,,missed,,3pt,25,33
DeMarre Carroll,Hamed Haddadi,Mike Conley,Rudy Gay,Zach Randolph,A.J. Price,Brandon Rush,Earl Watson,Josh McRoberts,Roy Hibbert,3,1:41,IND,rebound,,,,,,,,,,A.J. Price,,,,,,off,,
DeMarre Carroll,Hamed Haddadi,Mike Conley,Rudy Gay,Zach Randolph,A.J. Price,Brandon Rush,Earl Watson,Josh McRoberts,Roy Hibbert,3,1:23,IND,shot,,,,,,,,,,Brandon Rush,,,,missed,,3pt,25,32
DeMarre Carroll,Hamed Haddadi,Mike Conley,Rudy Gay,Zach Randolph,A.J. Price,Brandon Rush,Earl Watson,Josh McRoberts,Roy Hibbert,3,1:21,IND,rebound,,,,,,,,,,Josh McRoberts,,,,,,off,,
DeMarre Carroll,Hamed Haddadi,Mike Conley,Rudy Gay,Zach Randolph,A.J. Price,Brandon Rush,Earl Watson,Josh McRoberts,Roy Hibbert,3,1:11,IND,shot,,,,,,,,,,Roy Hibbert,,,,missed,,dunk,26,6
DeMarre Carroll,Hamed Haddadi,Mike Conley,Rudy Gay,Zach Randolph,A.J. Price,Brandon Rush,Earl Watson,Josh McRoberts,Roy Hibbert,3,1:07,MEM,rebound,,,,,,,,,,Rudy Gay,,,,,,def,,
DeMarre Carroll,Hamed Haddadi,Mike Conley,Rudy Gay,Zach Randolph,A.J. Price,Brandon Rush,Earl Watson,Josh McRoberts,Roy Hibbert,3,1:03,MEM,turnover,,,,,,,,,,Rudy Gay,,,out of bounds lost ball turnover,,,,,
DeMarre Carroll,Hamed Haddadi,Mike Conley,Rudy Gay,Zach Randolph,A.J. Price,Brandon Rush,Earl Watson,Josh McRoberts,Roy Hibbert,3,0:46,IND,shot,A.J. Price,,,,,,,,,Brandon Rush,3,,,made,,3pt,50,9
DeMarre Carroll,Hamed Haddadi,Mike Conley,Rudy Gay,Zach Randolph,A.J. Price,Brandon Rush,Earl Watson,Josh McRoberts,Roy Hibbert,3,0:35,IND,foul,,,,,,,,Rudy Gay,,A.J. Price,,,,,,shooting,,
DeMarre Carroll,Hamed Haddadi,Mike Conley,Rudy Gay,Zach Randolph,A.J. Price,Brandon Rush,Earl Watson,Josh McRoberts,Roy Hibbert,3,0:35,MEM,free throw,,,,,,,1,,2,Rudy Gay,,,foul,made,,,,
DeMarre Carroll,Hamed Haddadi,Mike Conley,Rudy Gay,Sam Young,A.J. Price,Brandon Rush,Earl Watson,Josh McRoberts,Roy Hibbert,3,0:35,MEM,sub,,,,Sam Young,,Zach Randolph,,,,,,,,,,,,
DeMarre Carroll,Hamed Haddadi,Mike Conley,Rudy Gay,Sam Young,A.J. Price,Brandon Rush,Earl Watson,Josh McRoberts,Roy Hibbert,3,0:35,MEM,free throw,,,,,,,2,,2,Rudy Gay,,,foul,made,,,,
DeMarre Carroll,Hamed Haddadi,Mike Conley,Rudy Gay,Sam Young,A.J. Price,Brandon Rush,Earl Watson,Josh McRoberts,Roy Hibbert,3,0:25,MEM,foul,,,,,,,,Roy Hibbert,,Hamed Haddadi,,,,,,shooting,,
DeMarre Carroll,Hamed Haddadi,Mike Conley,Rudy Gay,Sam Young,A.J. Price,Brandon Rush,Earl Watson,Josh McRoberts,Roy Hibbert,3,0:25,IND,free throw,,,,,,,1,,2,Roy Hibbert,,,foul,made,,,,
DeMarre Carroll,Hamed Haddadi,Mike Conley,Rudy Gay,Sam Young,A.J. Price,Brandon Rush,Earl Watson,Josh McRoberts,Roy Hibbert,3,0:25,IND,free throw,,,,,,,2,,2,Roy Hibbert,,,foul,made,,,,
DeMarre Carroll,Hamed Haddadi,Mike Conley,Rudy Gay,Sam Young,A.J. Price,Brandon Rush,Earl Watson,Josh McRoberts,Roy Hibbert,3,0:01,MEM,shot,,,,,,,,,,Hamed Haddadi,,,,missed,,jump,43,5
DeMarre Carroll,Hamed Haddadi,Mike Conley,Rudy Gay,Sam Young,A.J. Price,Brandon Rush,Earl Watson,Josh McRoberts,Roy Hibbert,3,0:01,MEM,rebound,,,,,,,,,,,,,,,,,,
DeMarre Carroll,Hamed Haddadi,Mike Conley,Rudy Gay,Sam Young,A.J. Price,Brandon Rush,Earl Watson,Josh McRoberts,Roy Hibbert,3,0:01,MEM,turnover,,,,,,,,,,,,,shot clock turnover,,,,,
DeMarre Carroll,Hamed Haddadi,Mike Conley,Rudy Gay,Sam Young,A.J. Price,Brandon Rush,Earl Watson,Josh McRoberts,Roy Hibbert,3,0:00,IND,turnover,,,,,,,,,,Earl Watson,,,bad pass,,DeMarre Carroll,,,
DeMarre Carroll,Hamed Haddadi,Mike Conley,Rudy Gay,Sam Young,A.J. Price,Brandon Rush,Earl Watson,Josh McRoberts,Roy Hibbert,3,0:00,MEM,shot,,,,,,,,,,DeMarre Carroll,,,,missed,,3pt,21,47
DeMarre Carroll,Hamed Haddadi,Mike Conley,Rudy Gay,Sam Young,A.J. Price,Brandon Rush,Earl Watson,Josh McRoberts,Roy Hibbert,3,0:00,MEM,rebound,,,,,,,,,,,,,,,,,,
DeMarre Carroll,Hamed Haddadi,Mike Conley,Rudy Gay,Sam Young,Brandon Rush,Dahntay Jones,Earl Watson,Luther Head,Roy Hibbert,4,11:46,MEM,shot,,,,,,,,,,Sam Young,2,,,made,,step back jump,34,22
DeMarre Carroll,Hamed Haddadi,Mike Conley,Rudy Gay,Sam Young,Brandon Rush,Dahntay Jones,Earl Watson,Luther Head,Roy Hibbert,4,11:31,IND,shot,,,,,,,,,,Brandon Rush,,,,missed,,3pt,49,5
DeMarre Carroll,Hamed Haddadi,Mike Conley,Rudy Gay,Sam Young,Brandon Rush,Dahntay Jones,Earl Watson,Luther Head,Roy Hibbert,4,11:30,IND,rebound,,,,,,,,,,Earl Watson,,,,,,off,,
DeMarre Carroll,Hamed Haddadi,Mike Conley,Rudy Gay,Sam Young,Brandon Rush,Dahntay Jones,Earl Watson,Luther Head,Roy Hibbert,4,11:29,IND,shot,,,,,,,,,,Earl Watson,2,,,made,,layup,25,5
DeMarre Carroll,Hamed Haddadi,Mike Conley,Rudy Gay,Sam Young,Brandon Rush,Dahntay Jones,Earl Watson,Luther Head,Roy Hibbert,4,11:12,MEM,shot,,,,,,,,,,Rudy Gay,,,,missed,,3pt,43,27
DeMarre Carroll,Hamed Haddadi,Mike Conley,Rudy Gay,Sam Young,Brandon Rush,Dahntay Jones,Earl Watson,Luther Head,Roy Hibbert,4,11:11,IND,rebound,,,,,,,,,,,,,,,,,,
DeMarre Carroll,Marc Gasol,Mike Conley,Rudy Gay,Sam Young,Brandon Rush,Dahntay Jones,Earl Watson,Luther Head,Roy Hibbert,4,11:11,MEM,sub,,,,Marc Gasol,,Hamed Haddadi,,,,,,,,,,,,
DeMarre Carroll,Marc Gasol,Mike Conley,Rudy Gay,Sam Young,Brandon Rush,Dahntay Jones,Earl Watson,Luther Head,Roy Hibbert,4,10:56,IND,shot,,,,,,,,,,Dahntay Jones,,,,missed,,jump,7,12
DeMarre Carroll,Marc Gasol,Mike Conley,Rudy Gay,Sam Young,Brandon Rush,Dahntay Jones,Earl Watson,Luther Head,Roy Hibbert,4,10:54,MEM,rebound,,,,,,,,,,Rudy Gay,,,,,,def,,
DeMarre Carroll,Marc Gasol,Mike Conley,Rudy Gay,Sam Young,Brandon Rush,Dahntay Jones,Earl Watson,Luther Head,Roy Hibbert,4,10:54,IND,foul,,,,,,,,Rudy Gay,,Roy Hibbert,,,,,,loose ball,,
DeMarre Carroll,Jamaal Tinsley,Marc Gasol,Rudy Gay,Sam Young,Brandon Rush,Dahntay Jones,Earl Watson,Luther Head,Roy Hibbert,4,10:54,MEM,sub,,,,Jamaal Tinsley,,Mike Conley,,,,,,,,,,,,
DeMarre Carroll,Jamaal Tinsley,Marc Gasol,Rudy Gay,Sam Young,Brandon Rush,Dahntay Jones,Earl Watson,Luther Head,Roy Hibbert,4,10:44,IND,foul,,,,,,,,Rudy Gay,,Dahntay Jones,,,,,,shooting,,
DeMarre Carroll,Jamaal Tinsley,Marc Gasol,Rudy Gay,Sam Young,Brandon Rush,Dahntay Jones,Earl Watson,Luther Head,Roy Hibbert,4,10:44,MEM,free throw,,,,,,,1,,2,Rudy Gay,,,foul,made,,,,
DeMarre Carroll,Jamaal Tinsley,Marc Gasol,Rudy Gay,Sam Young,Brandon Rush,Dahntay Jones,Earl Watson,Luther Head,Roy Hibbert,4,10:44,MEM,free throw,,,,,,,2,,2,Rudy Gay,,,foul,made,,,,
DeMarre Carroll,Jamaal Tinsley,Marc Gasol,Rudy Gay,Sam Young,Brandon Rush,Dahntay Jones,Earl Watson,Luther Head,Roy Hibbert,4,10:23,IND,turnover,,,,,,,,,,Luther Head,,,lost ball,,Jamaal Tinsley,,,
DeMarre Carroll,Jamaal Tinsley,Marc Gasol,Rudy Gay,Sam Young,Brandon Rush,Dahntay Jones,Earl Watson,Luther Head,Roy Hibbert,4,10:18,MEM,shot,Jamaal Tinsley,,,,,,,,,Rudy Gay,2,,,made,,dunk,25,6
DeMarre Carroll,Jamaal Tinsley,Marc Gasol,Rudy Gay,Sam Young,Brandon Rush,Dahntay Jones,Earl Watson,Luther Head,Roy Hibbert,4,10:07,IND,foul,,,,,,,,Marc Gasol,,Dahntay Jones,,,,,,offensive,,
DeMarre Carroll,Jamaal Tinsley,Marc Gasol,Rudy Gay,Sam Young,Brandon Rush,Dahntay Jones,Earl Watson,Luther Head,Roy Hibbert,4,10:07,IND,turnover,,,,,,,,,,Dahntay Jones,,,foul,,,,,
DeMarre Carroll,Jamaal Tinsley,Marc Gasol,Rudy Gay,Sam Young,Brandon Rush,Dahntay Jones,Earl Watson,Luther Head,Roy Hibbert,4,9:54,MEM,shot,,,,,,,,,,Sam Young,2,,,made,,running bank,29,6
DeMarre Carroll,Jamaal Tinsley,Marc Gasol,Rudy Gay,Sam Young,Brandon Rush,Dahntay Jones,Earl Watson,Luther Head,Roy Hibbert,4,9:46,IND,shot,,,,,,,,,,Luther Head,2,,,made,,layup,24,6
DeMarre Carroll,Jamaal Tinsley,Marc Gasol,Rudy Gay,Sam Young,Brandon Rush,Dahntay Jones,Earl Watson,Luther Head,Roy Hibbert,4,9:28,MEM,shot,,,,,,,,,,Sam Young,2,,,made,,jump,26,25
DeMarre Carroll,Jamaal Tinsley,Marc Gasol,Rudy Gay,Sam Young,Brandon Rush,Dahntay Jones,Earl Watson,Luther Head,Roy Hibbert,4,9:16,IND,shot,,,,,,,,,,Roy Hibbert,,,,missed,,jump,21,25
DeMarre Carroll,Jamaal Tinsley,Marc Gasol,Rudy Gay,Sam Young,Brandon Rush,Dahntay Jones,Earl Watson,Luther Head,Roy Hibbert,4,9:15,IND,rebound,,,,,,,,,,Brandon Rush,,,,,,off,,
DeMarre Carroll,Jamaal Tinsley,Marc Gasol,Rudy Gay,Sam Young,Brandon Rush,Dahntay Jones,Earl Watson,Luther Head,Roy Hibbert,4,9:15,IND,shot,,,,,,,,,,Brandon Rush,2,,,made,,putback dunk,25,8
DeMarre Carroll,Jamaal Tinsley,Marc Gasol,Rudy Gay,Sam Young,Brandon Rush,Dahntay Jones,Earl Watson,Luther Head,Roy Hibbert,4,8:51,MEM,shot,,,,,,,,,,Marc Gasol,,,,missed,,jump,11,4
DeMarre Carroll,Jamaal Tinsley,Marc Gasol,Rudy Gay,Sam Young,Brandon Rush,Dahntay Jones,Earl Watson,Luther Head,Roy Hibbert,4,8:50,IND,rebound,,,,,,,,,,Earl Watson,,,,,,def,,
DeMarre Carroll,Jamaal Tinsley,Marc Gasol,Rudy Gay,Sam Young,Brandon Rush,Dahntay Jones,Earl Watson,Luther Head,Roy Hibbert,4,8:45,IND,shot,,,,,,,,,,Earl Watson,,,,missed,,layup,25,8
DeMarre Carroll,Jamaal Tinsley,Marc Gasol,Rudy Gay,Sam Young,Brandon Rush,Dahntay Jones,Earl Watson,Luther Head,Roy Hibbert,4,8:43,MEM,rebound,,,,,,,,,,Marc Gasol,,,,,,def,,
DeMarre Carroll,Jamaal Tinsley,Marc Gasol,Rudy Gay,Sam Young,Brandon Rush,Dahntay Jones,Earl Watson,Luther Head,Roy Hibbert,4,8:30,IND,foul,,,,,,,,,,Roy Hibbert,,,,,,defense 3 second,,
DeMarre Carroll,Jamaal Tinsley,Marc Gasol,Rudy Gay,Sam Young,A.J. Price,Brandon Rush,Dahntay Jones,Earl Watson,Luther Head,4,8:30,IND,sub,,,,A.J. Price,,Roy Hibbert,,,,,,,,,,,,
DeMarre Carroll,Jamaal Tinsley,Marc Gasol,Rudy Gay,Sam Young,A.J. Price,Brandon Rush,Dahntay Jones,Josh McRoberts,Luther Head,4,8:30,IND,sub,,,,Josh McRoberts,,Earl Watson,,,,,,,,,,,,
DeMarre Carroll,Jamaal Tinsley,Marc Gasol,Rudy Gay,Sam Young,A.J. Price,Brandon Rush,Dahntay Jones,Josh McRoberts,Luther Head,4,8:30,MEM,free throw,,,,,,,1,,1,Rudy Gay,,,technical,missed,,,,
DeMarre Carroll,Jamaal Tinsley,Marc Gasol,Rudy Gay,Sam Young,A.J. Price,Brandon Rush,Dahntay Jones,Josh McRoberts,Luther Head,4,8:30,MEM,rebound,,,,,,,,,,,,,,,,,,
DeMarre Carroll,Jamaal Tinsley,Marc Gasol,Rudy Gay,Sam Young,A.J. Price,Brandon Rush,Dahntay Jones,Josh McRoberts,Luther Head,4,8:26,IND,foul,,,,,,,,Rudy Gay,,Dahntay Jones,,,,,,shooting,,
DeMarre Carroll,Jamaal Tinsley,Marc Gasol,Rudy Gay,Sam Young,A.J. Price,Brandon Rush,Dahntay Jones,Josh McRoberts,Luther Head,4,8:26,MEM,free throw,,,,,,,1,,2,Rudy Gay,,,foul,made,,,,
DeMarre Carroll,Jamaal Tinsley,Marc Gasol,Rudy Gay,Sam Young,A.J. Price,Brandon Rush,Dahntay Jones,Josh McRoberts,Luther Head,4,8:26,MEM,free throw,,,,,,,2,,2,Rudy Gay,,,foul,made,,,,
DeMarre Carroll,Jamaal Tinsley,Marc Gasol,Rudy Gay,Sam Young,A.J. Price,Brandon Rush,Dahntay Jones,Josh McRoberts,Luther Head,4,8:14,MEM,foul,,,,,,,,Josh McRoberts,,Marc Gasol,,,,,,shooting,,
DeMarre Carroll,Jamaal Tinsley,Marc Gasol,Rudy Gay,Sam Young,A.J. Price,Brandon Rush,Dahntay Jones,Josh McRoberts,Luther Head,4,8:14,IND,free throw,,,,,,,1,,2,Josh McRoberts,,,foul,made,,,,
DeMarre Carroll,Jamaal Tinsley,Rudy Gay,Sam Young,Zach Randolph,A.J. Price,Brandon Rush,Dahntay Jones,Josh McRoberts,Luther Head,4,8:14,MEM,sub,,,,Zach Randolph,,Marc Gasol,,,,,,,,,,,,
DeMarre Carroll,Jamaal Tinsley,Rudy Gay,Sam Young,Zach Randolph,A.J. Price,Brandon Rush,Dahntay Jones,Josh McRoberts,Luther Head,4,8:14,IND,free throw,,,,,,,2,,2,Josh McRoberts,,,foul,missed,,,,
DeMarre Carroll,Jamaal Tinsley,Rudy Gay,Sam Young,Zach Randolph,A.J. Price,Brandon Rush,Dahntay Jones,Josh McRoberts,Luther Head,4,8:13,MEM,rebound,,,,,,,,,,Rudy Gay,,,,,,def,,
DeMarre Carroll,Jamaal Tinsley,Rudy Gay,Sam Young,Zach Randolph,A.J. Price,Brandon Rush,Dahntay Jones,Josh McRoberts,Luther Head,4,7:49,MEM,shot,,,,,,,,,,Zach Randolph,,,,missed,,jump,11,4
DeMarre Carroll,Jamaal Tinsley,Rudy Gay,Sam Young,Zach Randolph,A.J. Price,Brandon Rush,Dahntay Jones,Josh McRoberts,Luther Head,4,7:47,IND,rebound,,,,,,,,,,Josh McRoberts,,,,,,def,,
DeMarre Carroll,Jamaal Tinsley,Rudy Gay,Sam Young,Zach Randolph,A.J. Price,Brandon Rush,Dahntay Jones,Josh McRoberts,Luther Head,4,7:31,IND,shot,A.J. Price,,,,,,,,,Josh McRoberts,2,,,made,,dunk,25,5
DeMarre Carroll,Jamaal Tinsley,Rudy Gay,Sam Young,Zach Randolph,A.J. Price,Brandon Rush,Dahntay Jones,Josh McRoberts,Luther Head,4,7:09,MEM,shot,Rudy Gay,,,,,,,,,DeMarre Carroll,2,,,made,,jump,22,27
DeMarre Carroll,Jamaal Tinsley,Rudy Gay,Sam Young,Zach Randolph,A.J. Price,Brandon Rush,Dahntay Jones,Josh McRoberts,Luther Head,4,6:54,IND,shot,,,,,,,,,,Luther Head,2,,,made,,driving layup,24,7
DeMarre Carroll,Jamaal Tinsley,Rudy Gay,Sam Young,Zach Randolph,A.J. Price,Brandon Rush,Dahntay Jones,Josh McRoberts,Luther Head,4,6:37,MEM,shot,,,,,,,,,,Rudy Gay,,,,missed,,jump,37,17
DeMarre Carroll,Jamaal Tinsley,Rudy Gay,Sam Young,Zach Randolph,A.J. Price,Brandon Rush,Dahntay Jones,Josh McRoberts,Luther Head,4,6:35,MEM,rebound,,,,,,,,,,Zach Randolph,,,,,,off,,
DeMarre Carroll,Jamaal Tinsley,Rudy Gay,Sam Young,Zach Randolph,A.J. Price,Brandon Rush,Dahntay Jones,Josh McRoberts,Luther Head,4,6:34,MEM,shot,,,,,,,,,,Zach Randolph,2,,,made,,layup,27,6
DeMarre Carroll,Jamaal Tinsley,Rudy Gay,Sam Young,Zach Randolph,A.J. Price,Brandon Rush,Dahntay Jones,Josh McRoberts,Luther Head,4,6:29,IND,shot,A.J. Price,,,,,,,,,Josh McRoberts,2,,,made,,alley oop layup,26,5
DeMarre Carroll,Jamaal Tinsley,Rudy Gay,Sam Young,Zach Randolph,A.J. Price,Brandon Rush,Dahntay Jones,Josh McRoberts,Luther Head,4,6:29,MEM,foul,,,,,,,,Josh McRoberts,,Jamaal Tinsley,,,,,,shooting,,
DeMarre Carroll,Jamaal Tinsley,O.J. Mayo,Rudy Gay,Zach Randolph,A.J. Price,Brandon Rush,Dahntay Jones,Josh McRoberts,Luther Head,4,6:29,MEM,sub,,,,O.J. Mayo,,Sam Young,,,,,,,,,,,,
DeMarre Carroll,Jamaal Tinsley,O.J. Mayo,Rudy Gay,Zach Randolph,A.J. Price,Brandon Rush,Earl Watson,Josh McRoberts,Luther Head,4,6:29,IND,sub,,,,Earl Watson,,Dahntay Jones,,,,,,,,,,,,
DeMarre Carroll,Jamaal Tinsley,O.J. Mayo,Rudy Gay,Zach Randolph,A.J. Price,Brandon Rush,Earl Watson,Josh McRoberts,Luther Head,4,6:29,IND,free throw,,,,,,,1,,1,Josh McRoberts,,,foul,made,,,,
DeMarre Carroll,Jamaal Tinsley,O.J. Mayo,Rudy Gay,Zach Randolph,A.J. Price,Brandon Rush,Earl Watson,Josh McRoberts,Luther Head,4,6:14,MEM,shot,,,,,,,,,,Rudy Gay,2,,,made,,jump hook,27,15
DeMarre Carroll,Jamaal Tinsley,O.J. Mayo,Rudy Gay,Zach Randolph,A.J. Price,Brandon Rush,Earl Watson,Josh McRoberts,Luther Head,4,6:03,IND,shot,,,,,,,,,,Luther Head,,,,missed,,3pt,6,21
DeMarre Carroll,Jamaal Tinsley,O.J. Mayo,Rudy Gay,Zach Randolph,A.J. Price,Brandon Rush,Earl Watson,Josh McRoberts,Luther Head,4,6:02,MEM,rebound,,,,,,,,,,,,,,,,,,
DeMarre Carroll,Jamaal Tinsley,O.J. Mayo,Rudy Gay,Zach Randolph,A.J. Price,Brandon Rush,Earl Watson,Josh McRoberts,Luther Head,4,5:47,MEM,shot,,,,,,,,,,Rudy Gay,,,,missed,,jump,39,4
DeMarre Carroll,Jamaal Tinsley,O.J. Mayo,Rudy Gay,Zach Randolph,A.J. Price,Brandon Rush,Earl Watson,Josh McRoberts,Luther Head,4,5:46,IND,rebound,,,,,,,,,,Luther Head,,,,,,def,,
DeMarre Carroll,Jamaal Tinsley,O.J. Mayo,Rudy Gay,Zach Randolph,A.J. Price,Brandon Rush,Earl Watson,Josh McRoberts,Luther Head,4,5:46,MEM,foul,,,,,,,,Luther Head,,Zach Randolph,,,,,,loose ball,,
DeMarre Carroll,Jamaal Tinsley,O.J. Mayo,Rudy Gay,Zach Randolph,A.J. Price,Brandon Rush,Earl Watson,Josh McRoberts,Luther Head,4,5:46,IND,timeout,,,,,,,,,,,,,,,,regular,,
DeMarre Carroll,Mike Conley,O.J. Mayo,Rudy Gay,Zach Randolph,A.J. Price,Brandon Rush,Earl Watson,Josh McRoberts,Luther Head,4,5:46,MEM,sub,,,,Mike Conley,,Jamaal Tinsley,,,,,,,,,,,,
DeMarre Carroll,Mike Conley,O.J. Mayo,Rudy Gay,Zach Randolph,A.J. Price,Brandon Rush,Earl Watson,Josh McRoberts,Luther Head,4,5:28,IND,shot,,,,,,,,,,Luther Head,2,,,made,,driving layup,26,6
DeMarre Carroll,Mike Conley,O.J. Mayo,Rudy Gay,Zach Randolph,A.J. Price,Brandon Rush,Earl Watson,Josh McRoberts,Luther Head,4,5:12,MEM,turnover,,,,,,,,,,DeMarre Carroll,,,bad pass,,Josh McRoberts,,,
DeMarre Carroll,Mike Conley,O.J. Mayo,Rudy Gay,Zach Randolph,A.J. Price,Brandon Rush,Earl Watson,Josh McRoberts,Luther Head,4,5:06,IND,shot,Earl Watson,,,,,,,,,Luther Head,3,,,made,,3pt,6,23
DeMarre Carroll,Mike Conley,O.J. Mayo,Rudy Gay,Zach Randolph,A.J. Price,Brandon Rush,Earl Watson,Josh McRoberts,Luther Head,4,4:39,MEM,shot,,,,,,,,,,Rudy Gay,,,,missed,,layup,24,8
DeMarre Carroll,Mike Conley,O.J. Mayo,Rudy Gay,Zach Randolph,A.J. Price,Brandon Rush,Earl Watson,Josh McRoberts,Luther Head,4,4:38,MEM,rebound,,,,,,,,,,Zach Randolph,,,,,,off,,
DeMarre Carroll,Mike Conley,O.J. Mayo,Rudy Gay,Zach Randolph,A.J. Price,Brandon Rush,Earl Watson,Josh McRoberts,Luther Head,4,4:35,MEM,shot,,,Josh McRoberts,,,,,,,Zach Randolph,,,,missed,,jump,30,7
DeMarre Carroll,Mike Conley,O.J. Mayo,Rudy Gay,Zach Randolph,A.J. Price,Brandon Rush,Earl Watson,Josh McRoberts,Luther Head,4,4:32,IND,rebound,,,,,,,,,,Earl Watson,,,,,,def,,
DeMarre Carroll,Mike Conley,O.J. Mayo,Rudy Gay,Zach Randolph,A.J. Price,Brandon Rush,Earl Watson,Josh McRoberts,Luther Head,4,4:20,IND,shot,Josh McRoberts,,,,,,,,,Luther Head,3,,,made,,3pt,7,24
DeMarre Carroll,Mike Conley,O.J. Mayo,Rudy Gay,Zach Randolph,A.J. Price,Brandon Rush,Earl Watson,Josh McRoberts,Luther Head,4,4:19,MEM,timeout,,,,,,,,,,,,,,,,regular,,
Marc Gasol,Mike Conley,O.J. Mayo,Rudy Gay,Zach Randolph,A.J. Price,Brandon Rush,Earl Watson,Josh McRoberts,Luther Head,4,4:19,MEM,sub,,,,Marc Gasol,,DeMarre Carroll,,,,,,,,,,,,
Marc Gasol,Mike Conley,O.J. Mayo,Rudy Gay,Zach Randolph,A.J. Price,Brandon Rush,Earl Watson,Josh McRoberts,Luther Head,4,4:01,MEM,shot,,,,,,,,,,Zach Randolph,2,,,made,,jump bank,28,6
Marc Gasol,Mike Conley,O.J. Mayo,Rudy Gay,Zach Randolph,A.J. Price,Brandon Rush,Earl Watson,Josh McRoberts,Luther Head,4,3:50,MEM,foul,,,,,,,,Earl Watson,,Mike Conley,,,,,,personal,,
Marc Gasol,Mike Conley,O.J. Mayo,Rudy Gay,Zach Randolph,A.J. Price,Brandon Rush,Earl Watson,Josh McRoberts,Luther Head,4,3:44,IND,shot,Earl Watson,,,,,,,,,Josh McRoberts,2,,,made,,alley oop dunk,25,9
Marc Gasol,Mike Conley,O.J. Mayo,Rudy Gay,Zach Randolph,A.J. Price,Brandon Rush,Earl Watson,Josh McRoberts,Luther Head,4,3:22,IND,foul,,,,,,,,Mike Conley,,Josh McRoberts,,,,,,personal,,
Marc Gasol,Mike Conley,O.J. Mayo,Rudy Gay,Zach Randolph,A.J. Price,Brandon Rush,Earl Watson,Josh McRoberts,Luther Head,4,3:14,MEM,shot,,,,,,,,,,Mike Conley,,,,missed,,jump,15,24
Marc Gasol,Mike Conley,O.J. Mayo,Rudy Gay,Zach Randolph,A.J. Price,Brandon Rush,Earl Watson,Josh McRoberts,Luther Head,4,3:13,MEM,rebound,,,,,,,,,,Zach Randolph,,,,,,off,,
Marc Gasol,Mike Conley,O.J. Mayo,Rudy Gay,Zach Randolph,A.J. Price,Brandon Rush,Earl Watson,Josh McRoberts,Luther Head,4,3:09,MEM,shot,,,,,,,,,,Zach Randolph,,,,missed,,tip,25,7
Marc Gasol,Mike Conley,O.J. Mayo,Rudy Gay,Zach Randolph,A.J. Price,Brandon Rush,Earl Watson,Josh McRoberts,Luther Head,4,3:07,MEM,rebound,,,,,,,,,,Zach Randolph,,,,,,off,,
Marc Gasol,Mike Conley,O.J. Mayo,Rudy Gay,Zach Randolph,A.J. Price,Brandon Rush,Earl Watson,Josh McRoberts,Luther Head,4,3:07,MEM,shot,,,,,,,,,,Zach Randolph,2,,,made,,layup,26,7
Marc Gasol,Mike Conley,O.J. Mayo,Rudy Gay,Zach Randolph,A.J. Price,Brandon Rush,Earl Watson,Josh McRoberts,Luther Head,4,3:03,IND,shot,,,,,,,,,,Luther Head,,,,missed,,3pt,38,29
Marc Gasol,Mike Conley,O.J. Mayo,Rudy Gay,Zach Randolph,A.J. Price,Brandon Rush,Earl Watson,Josh McRoberts,Luther Head,4,3:02,IND,rebound,,,,,,,,,,Josh McRoberts,,,,,,off,,
Marc Gasol,Mike Conley,O.J. Mayo,Rudy Gay,Zach Randolph,A.J. Price,Brandon Rush,Earl Watson,Josh McRoberts,Luther Head,4,3:01,MEM,foul,,,,,,,,Earl Watson,,Rudy Gay,,,,,,shooting,,
Marc Gasol,Mike Conley,O.J. Mayo,Rudy Gay,Zach Randolph,A.J. Price,Brandon Rush,Earl Watson,Josh McRoberts,Luther Head,4,3:01,IND,free throw,,,,,,,1,,2,Earl Watson,,,foul,missed,,,,
Marc Gasol,Mike Conley,O.J. Mayo,Rudy Gay,Zach Randolph,A.J. Price,Brandon Rush,Earl Watson,Josh McRoberts,Luther Head,4,3:01,IND,rebound,,,,,,,,,,,,,,,,,,
Marc Gasol,Mike Conley,O.J. Mayo,Rudy Gay,Zach Randolph,Brandon Rush,Earl Watson,Josh McRoberts,Luther Head,Roy Hibbert,4,3:01,IND,sub,,,,Roy Hibbert,,A.J. Price,,,,,,,,,,,,
Marc Gasol,Mike Conley,O.J. Mayo,Rudy Gay,Zach Randolph,Brandon Rush,Earl Watson,Josh McRoberts,Luther Head,Roy Hibbert,4,3:01,IND,free throw,,,,,,,2,,2,Earl Watson,,,foul,missed,,,,
Marc Gasol,Mike Conley,O.J. Mayo,Rudy Gay,Zach Randolph,Brandon Rush,Earl Watson,Josh McRoberts,Luther Head,Roy Hibbert,4,2:59,MEM,rebound,,,,,,,,,,Marc Gasol,,,,,,def,,
Marc Gasol,Mike Conley,O.J. Mayo,Rudy Gay,Zach Randolph,Brandon Rush,Earl Watson,Josh McRoberts,Luther Head,Roy Hibbert,4,2:43,IND,foul,,,,,,,,Marc Gasol,,Josh McRoberts,,,,,,shooting,,
Marc Gasol,Mike Conley,O.J. Mayo,Rudy Gay,Zach Randolph,Brandon Rush,Earl Watson,Josh McRoberts,Luther Head,Roy Hibbert,4,2:43,MEM,free throw,,,,,,,1,,2,Marc Gasol,,,foul,made,,,,
Marc Gasol,Mike Conley,O.J. Mayo,Rudy Gay,Zach Randolph,A.J. Price,Brandon Rush,Earl Watson,Luther Head,Roy Hibbert,4,2:43,IND,sub,,,,A.J. Price,,Josh McRoberts,,,,,,,,,,,,
Marc Gasol,Mike Conley,O.J. Mayo,Rudy Gay,Sam Young,A.J. Price,Brandon Rush,Earl Watson,Luther Head,Roy Hibbert,4,2:43,MEM,sub,,,,Sam Young,,Zach Randolph,,,,,,,,,,,,
Marc Gasol,Mike Conley,O.J. Mayo,Rudy Gay,Sam Young,A.J. Price,Brandon Rush,Earl Watson,Luther Head,Roy Hibbert,4,2:43,MEM,free throw,,,,,,,2,,2,Marc Gasol,,,foul,missed,,,,
Marc Gasol,Mike Conley,O.J. Mayo,Rudy Gay,Sam Young,A.J. Price,Brandon Rush,Earl Watson,Luther Head,Roy Hibbert,4,2:42,IND,rebound,,,,,,,,,,Roy Hibbert,,,,,,def,,
Marc Gasol,Mike Conley,O.J. Mayo,Rudy Gay,Sam Young,A.J. Price,Brandon Rush,Earl Watson,Luther Head,Roy Hibbert,4,2:30,IND,shot,,,,,,,,,,Brandon Rush,2,,,made,,layup,25,5
Marc Gasol,Mike Conley,O.J. Mayo,Rudy Gay,Sam Young,A.J. Price,Brandon Rush,Earl Watson,Luther Head,Roy Hibbert,4,2:09,MEM,shot,,,,,,,,,,Rudy Gay,2,,,made,,running hook,26,9
Marc Gasol,Mike Conley,O.J. Mayo,Rudy Gay,Sam Young,A.J. Price,Brandon Rush,Earl Watson,Luther Head,Roy Hibbert,4,1:56,IND,shot,A.J. Price,,,,,,,,,Luther Head,3,,,made,,3pt,5,23
Marc Gasol,Mike Conley,O.J. Mayo,Rudy Gay,Sam Young,A.J. Price,Brandon Rush,Earl Watson,Luther Head,Roy Hibbert,4,1:38,MEM,shot,,,,,,,,,,Rudy Gay,,,,missed,,jump,15,6
Marc Gasol,Mike Conley,O.J. Mayo,Rudy Gay,Sam Young,A.J. Price,Brandon Rush,Earl Watson,Luther Head,Roy Hibbert,4,1:35,IND,rebound,,,,,,,,,,Roy Hibbert,,,,,,def,,
Marc Gasol,Mike Conley,O.J. Mayo,Rudy Gay,Sam Young,A.J. Price,Brandon Rush,Earl Watson,Luther Head,Roy Hibbert,4,1:30,IND,shot,,,,,,,,,,A.J. Price,,,,missed,,3pt,9,26
Marc Gasol,Mike Conley,O.J. Mayo,Rudy Gay,Sam Young,A.J. Price,Brandon Rush,Earl Watson,Luther Head,Roy Hibbert,4,1:29,MEM,rebound,,,,,,,,,,Marc Gasol,,,,,,def,,
Marc Gasol,Mike Conley,O.J. Mayo,Rudy Gay,Sam Young,A.J. Price,Brandon Rush,Earl Watson,Luther Head,Roy Hibbert,4,1:08,IND,foul,,,,,,,,Mike Conley,,Roy Hibbert,,,,,,shooting,,
Marc Gasol,Mike Conley,O.J. Mayo,Rudy Gay,Sam Young,A.J. Price,Brandon Rush,Earl Watson,Luther Head,Roy Hibbert,4,1:08,MEM,free throw,,,,,,,1,,2,Mike Conley,,,foul,made,,,,
Marc Gasol,Mike Conley,O.J. Mayo,Rudy Gay,Sam Young,A.J. Price,Brandon Rush,Earl Watson,Luther Head,Roy Hibbert,4,1:08,MEM,free throw,,,,,,,2,,2,Mike Conley,,,foul,missed,,,,
Marc Gasol,Mike Conley,O.J. Mayo,Rudy Gay,Sam Young,A.J. Price,Brandon Rush,Earl Watson,Luther Head,Roy Hibbert,4,1:08,IND,rebound,,,,,,,,,,Roy Hibbert,,,,,,def,,
Marc Gasol,Mike Conley,O.J. Mayo,Rudy Gay,Sam Young,A.J. Price,Brandon Rush,Earl Watson,Luther Head,Roy Hibbert,4,1:08,IND,timeout,,,,,,,,,,,,,,,,short,,
Marc Gasol,Mike Conley,O.J. Mayo,Rudy Gay,Sam Young,A.J. Price,Brandon Rush,Earl Watson,Luther Head,Roy Hibbert,4,0:57,IND,shot,,,,,,,,,,Luther Head,,,,missed,,jump,11,5
Marc Gasol,Mike Conley,O.J. Mayo,Rudy Gay,Sam Young,A.J. Price,Brandon Rush,Earl Watson,Luther Head,Roy Hibbert,4,0:56,MEM,rebound,,,,,,,,,,O.J. Mayo,,,,,,def,,
Marc Gasol,Mike Conley,O.J. Mayo,Rudy Gay,Sam Young,A.J. Price,Brandon Rush,Earl Watson,Luther Head,Roy Hibbert,4,0:32,MEM,shot,,,,,,,,,,Sam Young,2,,,made,,running layup,28,7
Marc Gasol,Mike Conley,O.J. Mayo,Rudy Gay,Sam Young,A.J. Price,Brandon Rush,Earl Watson,Luther Head,Roy Hibbert,4,0:22,IND,shot,,,,,,,,,,Roy Hibbert,,,,missed,,jump,25,27
Marc Gasol,Mike Conley,O.J. Mayo,Rudy Gay,Sam Young,A.J. Price,Brandon Rush,Earl Watson,Luther Head,Roy Hibbert,4,0:21,IND,rebound,,,,,,,,,,Earl Watson,,,,,,off,,
Marc Gasol,Mike Conley,O.J. Mayo,Rudy Gay,Sam Young,A.J. Price,Brandon Rush,Earl Watson,Luther Head,Roy Hibbert,4,0:16,IND,shot,,,,,,,,,,Brandon Rush,,,,missed,,3pt,46,22
Marc Gasol,Mike Conley,O.J. Mayo,Rudy Gay,Sam Young,A.J. Price,Brandon Rush,Earl Watson,Luther Head,Roy Hibbert,4,0:14,IND,rebound,,,,,,,,,,Luther Head,,,,,,off,,
Marc Gasol,Mike Conley,O.J. Mayo,Rudy Gay,Sam Young,A.J. Price,Brandon Rush,Earl Watson,Luther Head,Roy Hibbert,4,0:13,IND,shot,,,,,,,,,,Luther Head,,,,missed,,layup,24,5
Marc Gasol,Mike Conley,O.J. Mayo,Rudy Gay,Sam Young,A.J. Price,Brandon Rush,Earl Watson,Luther Head,Roy Hibbert,4,0:13,IND,rebound,,,,,,,,,,Earl Watson,,,,,,off,,
Marc Gasol,Mike Conley,O.J. Mayo,Rudy Gay,Sam Young,A.J. Price,Brandon Rush,Earl Watson,Luther Head,Roy Hibbert,4,0:13,IND,shot,,,,,,,,,,Earl Watson,2,,,made,,layup,24,6
