a1,a2,a3,a4,a5,h1,h2,h3,h4,h5,period,time,team,etype,assist,away,block,entered,home,left,num,opponent,outof,player,points,possession,reason,result,steal,type,x,y
Dwight Howard,Jameer Nelson,Matt Barnes,Rashard Lewis,Vince Carter,Kendrick Perkins,Kevin Garnett,Paul Pierce,Rajon Rondo,Ray Allen,1,12:00,OFF,jump ball,,Dwight Howard,,,Kendrick Perkins,,,,,,,Kevin Garnett,,,,,,
Dwight Howard,Jameer Nelson,Matt Barnes,Rashard Lewis,Vince Carter,Kendrick Perkins,Kevin Garnett,Paul Pierce,Rajon Rondo,Ray Allen,1,11:36,BOS,shot,,,,,,,,,,Rajon Rondo,,,,missed,,jump,30,9
Dwight Howard,Jameer Nelson,Matt Barnes,Rashard Lewis,Vince Carter,Kendrick Perkins,Kevin Garnett,Paul Pierce,Rajon Rondo,Ray Allen,1,11:35,ORL,rebound,,,,,,,,,,Dwight Howard,,,,,,def,,
Dwight Howard,Jameer Nelson,Matt Barnes,Rashard Lewis,Vince Carter,Kendrick Perkins,Kevin Garnett,Paul Pierce,Rajon Rondo,Ray Allen,1,11:19,ORL,shot,,,,,,,,,,Dwight Howard,,,,missed,,reverse layup,24,8
Dwight Howard,Jameer Nelson,Matt Barnes,Rashard Lewis,Vince Carter,Kendrick Perkins,Kevin Garnett,Paul Pierce,Rajon Rondo,Ray Allen,1,11:18,BOS,rebound,,,,,,,,,,Kevin Garnett,,,,,,def,,
Dwight Howard,Jameer Nelson,Matt Barnes,Rashard Lewis,Vince Carter,Kendrick Perkins,Kevin Garnett,Paul Pierce,Rajon Rondo,Ray Allen,1,11:02,BOS,shot,Kevin Garnett,,,,,,,,,Paul Pierce,2,,,made,,jump,40,18
Dwight Howard,Jameer Nelson,Matt Barnes,Rashard Lewis,Vince Carter,Kendrick Perkins,Kevin Garnett,Paul Pierce,Rajon Rondo,Ray Allen,1,10:48,ORL,shot,Jameer Nelson,,,,,,,,,Matt Barnes,3,,,made,,3pt,7,23
Dwight Howard,Jameer Nelson,Matt Barnes,Rashard Lewis,Vince Carter,Kendrick Perkins,Kevin Garnett,Paul Pierce,Rajon Rondo,Ray Allen,1,10:20,BOS,shot,,,,,,,,,,Kendrick Perkins,2,,,made,,hook,18,7
Dwight Howard,Jameer Nelson,Matt Barnes,Rashard Lewis,Vince Carter,Kendrick Perkins,Kevin Garnett,Paul Pierce,Rajon Rondo,Ray Allen,1,10:08,ORL,shot,,,,,,,,,,Vince Carter,,,,missed,,3pt,40,26
Dwight Howard,Jameer Nelson,Matt Barnes,Rashard Lewis,Vince Carter,Kendrick Perkins,Kevin Garnett,Paul Pierce,Rajon Rondo,Ray Allen,1,10:07,BOS,rebound,,,,,,,,,,Kevin Garnett,,,,,,def,,
Dwight Howard,Jameer Nelson,Matt Barnes,Rashard Lewis,Vince Carter,Kendrick Perkins,Kevin Garnett,Paul Pierce,Rajon Rondo,Ray Allen,1,9:57,ORL,foul,,,,,,,,Ray Allen,,Dwight Howard,,,,,,shooting,,
Dwight Howard,Jameer Nelson,Matt Barnes,Rashard Lewis,Vince Carter,Kendrick Perkins,Kevin Garnett,Paul Pierce,Rajon Rondo,Ray Allen,1,9:57,BOS,free throw,,,,,,,1,,2,Ray Allen,,,foul,made,,,,
Dwight Howard,Jameer Nelson,Matt Barnes,Rashard Lewis,Vince Carter,Kendrick Perkins,Kevin Garnett,Paul Pierce,Rajon Rondo,Ray Allen,1,9:57,BOS,free throw,,,,,,,2,,2,Ray Allen,,,foul,made,,,,
Dwight Howard,Jameer Nelson,Matt Barnes,Rashard Lewis,Vince Carter,Kendrick Perkins,Kevin Garnett,Paul Pierce,Rajon Rondo,Ray Allen,1,9:43,BOS,foul,,,,,,,,Vince Carter,,Ray Allen,,,,,,personal,,
Dwight Howard,Jameer Nelson,Matt Barnes,Rashard Lewis,Vince Carter,Kendrick Perkins,Kevin Garnett,Paul Pierce,Rajon Rondo,Ray Allen,1,9:34,ORL,shot,,,,,,,,,,Matt Barnes,,,,missed,,jump,22,9
Dwight Howard,Jameer Nelson,Matt Barnes,Rashard Lewis,Vince Carter,Kendrick Perkins,Kevin Garnett,Paul Pierce,Rajon Rondo,Ray Allen,1,9:34,ORL,rebound,,,,,,,,,,,,,,,,,,
Dwight Howard,Jameer Nelson,Matt Barnes,Rashard Lewis,Vince Carter,Kendrick Perkins,Kevin Garnett,Paul Pierce,Rajon Rondo,Ray Allen,1,9:34,BOS,foul,,,,,,,,Dwight Howard,,Paul Pierce,,,,,,loose ball,,
Dwight Howard,Jameer Nelson,Matt Barnes,Rashard Lewis,Vince Carter,Kendrick Perkins,Kevin Garnett,Paul Pierce,Rajon Rondo,Ray Allen,1,9:20,ORL,shot,,,,,,,,,,Vince Carter,2,,,made,,running layup,22,8
Dwight Howard,Jameer Nelson,Matt Barnes,Rashard Lewis,Vince Carter,Kendrick Perkins,Kevin Garnett,Paul Pierce,Rajon Rondo,Ray Allen,1,8:58,BOS,shot,Kendrick Perkins,,,,,,,,,Rajon Rondo,2,,,made,,jump,33,18
Dwight Howard,Jameer Nelson,Matt Barnes,Rashard Lewis,Vince Carter,Kendrick Perkins,Kevin Garnett,Paul Pierce,Rajon Rondo,Ray Allen,1,8:36,ORL,shot,,,,,,,,,,Vince Carter,,,,missed,,jump,21,7
Dwight Howard,Jameer Nelson,Matt Barnes,Rashard Lewis,Vince Carter,Kendrick Perkins,Kevin Garnett,Paul Pierce,Rajon Rondo,Ray Allen,1,8:35,ORL,rebound,,,,,,,,,,Matt Barnes,,,,,,off,,
Dwight Howard,Jameer Nelson,Matt Barnes,Rashard Lewis,Vince Carter,Kendrick Perkins,Kevin Garnett,Paul Pierce,Rajon Rondo,Ray Allen,1,8:30,ORL,shot,,,,,,,,,,Matt Barnes,3,,,made,,3pt,48,7
Dwight Howard,Jameer Nelson,Matt Barnes,Rashard Lewis,Vince Carter,Kendrick Perkins,Kevin Garnett,Paul Pierce,Rajon Rondo,Ray Allen,1,8:18,ORL,foul,,,,,,,,Ray Allen,,Matt Barnes,,,,,,shooting,,
Dwight Howard,Jameer Nelson,Matt Barnes,Rashard Lewis,Vince Carter,Kendrick Perkins,Kevin Garnett,Paul Pierce,Rajon Rondo,Ray Allen,1,8:18,BOS,free throw,,,,,,,1,,2,Ray Allen,,,foul,made,,,,
Dwight Howard,Jameer Nelson,Matt Barnes,Rashard Lewis,Vince Carter,Kendrick Perkins,Kevin Garnett,Paul Pierce,Rajon Rondo,Ray Allen,1,8:18,BOS,free throw,,,,,,,2,,2,Ray Allen,,,foul,made,,,,
Dwight Howard,Jameer Nelson,Matt Barnes,Rashard Lewis,Vince Carter,Kendrick Perkins,Kevin Garnett,Paul Pierce,Rajon Rondo,Ray Allen,1,7:56,ORL,turnover,,,,,,,,,,Jameer Nelson,,,bad pass,,,,,
Dwight Howard,Jameer Nelson,Matt Barnes,Rashard Lewis,Vince Carter,Kendrick Perkins,Kevin Garnett,Paul Pierce,Rajon Rondo,Ray Allen,1,7:47,BOS,shot,Kevin Garnett,,,,,,,,,Paul Pierce,2,,,made,,layup,26,6
Dwight Howard,Jameer Nelson,Matt Barnes,Rashard Lewis,Vince Carter,Kendrick Perkins,Kevin Garnett,Paul Pierce,Rajon Rondo,Ray Allen,1,7:40,ORL,timeout,,,,,,,,,,,,,,,,regular,,
Dwight Howard,Jameer Nelson,Matt Barnes,Rashard Lewis,Vince Carter,Kendrick Perkins,Kevin Garnett,Paul Pierce,Rajon Rondo,Ray Allen,1,7:28,ORL,shot,Rashard Lewis,,,,,,,,,Vince Carter,2,,,made,,jump,27,20
Dwight Howard,Jameer Nelson,Matt Barnes,Rashard Lewis,Vince Carter,Kendrick Perkins,Kevin Garnett,Paul Pierce,Rajon Rondo,Ray Allen,1,6:37,BOS,shot,,,,,,,,,,Kevin Garnett,,,,missed,,jump,5,8
Dwight Howard,Jameer Nelson,Matt Barnes,Rashard Lewis,Vince Carter,Kendrick Perkins,Kevin Garnett,Paul Pierce,Rajon Rondo,Ray Allen,1,6:37,ORL,rebound,,,,,,,,,,Vince Carter,,,,,,def,,
Dwight Howard,Jameer Nelson,Matt Barnes,Rashard Lewis,Vince Carter,Kendrick Perkins,Kevin Garnett,Paul Pierce,Rajon Rondo,Ray Allen,1,6:24,ORL,shot,,,,,,,,,,Dwight Howard,,,,missed,,turnaround jump,18,8
Dwight Howard,Jameer Nelson,Matt Barnes,Rashard Lewis,Vince Carter,Kendrick Perkins,Kevin Garnett,Paul Pierce,Rajon Rondo,Ray Allen,1,6:23,BOS,rebound,,,,,,,,,,Kevin Garnett,,,,,,def,,
Dwight Howard,Jameer Nelson,Matt Barnes,Rashard Lewis,Vince Carter,Kendrick Perkins,Kevin Garnett,Paul Pierce,Rajon Rondo,Ray Allen,1,6:07,BOS,turnover,,,,,,,,,,Kevin Garnett,,,3 second violation,,,,,
Dwight Howard,Jameer Nelson,Matt Barnes,Rashard Lewis,Vince Carter,Kendrick Perkins,Kevin Garnett,Paul Pierce,Rajon Rondo,Ray Allen,1,6:07,ORL,turnover,,,,,,,,,,Matt Barnes,,,bad pass,,Rajon Rondo,,,
Dwight Howard,Jameer Nelson,Matt Barnes,Rashard Lewis,Vince Carter,Kendrick Perkins,Kevin Garnett,Paul Pierce,Rajon Rondo,Ray Allen,1,6:04,BOS,shot,Rajon Rondo,,,,,,,,,Ray Allen,2,,,made,,dunk,24,4
Dwight Howard,Jameer Nelson,Matt Barnes,Rashard Lewis,Vince Carter,Kendrick Perkins,Kevin Garnett,Paul Pierce,Rajon Rondo,Ray Allen,1,5:56,ORL,turnover,,,,,,,,,,Rashard Lewis,,,bad pass,,,,,
Dwight Howard,Jameer Nelson,Matt Barnes,Rashard Lewis,Vince Carter,Kendrick Perkins,Kevin Garnett,Paul Pierce,Rajon Rondo,Ray Allen,1,5:47,BOS,shot,,,,,,,,,,Ray Allen,,,,missed,,jump,25,20
Dwight Howard,Jameer Nelson,Matt Barnes,Rashard Lewis,Vince Carter,Kendrick Perkins,Kevin Garnett,Paul Pierce,Rajon Rondo,Ray Allen,1,5:47,ORL,rebound,,,,,,,,,,Dwight Howard,,,,,,def,,
Dwight Howard,Jameer Nelson,Matt Barnes,Rashard Lewis,Vince Carter,Kendrick Perkins,Kevin Garnett,Paul Pierce,Rajon Rondo,Ray Allen,1,5:32,ORL,shot,,,,,,,,,,Vince Carter,,,,missed,,layup,22,6
Dwight Howard,Jameer Nelson,Matt Barnes,Rashard Lewis,Vince Carter,Kendrick Perkins,Kevin Garnett,Paul Pierce,Rajon Rondo,Ray Allen,1,5:32,BOS,rebound,,,,,,,,,,,,,,,,,,
Dwight Howard,Jameer Nelson,Matt Barnes,Rashard Lewis,Vince Carter,Kendrick Perkins,Kevin Garnett,Paul Pierce,Rajon Rondo,Ray Allen,1,5:15,ORL,foul,,,,,,,,Paul Pierce,,Dwight Howard,,,,,,shooting,,
Jameer Nelson,Marcin Gortat,Matt Barnes,Rashard Lewis,Vince Carter,Kendrick Perkins,Kevin Garnett,Paul Pierce,Rajon Rondo,Ray Allen,1,5:15,ORL,sub,,,,Marcin Gortat,,Dwight Howard,,,,,,,,,,,,
Jameer Nelson,Marcin Gortat,Matt Barnes,Rashard Lewis,Vince Carter,Kendrick Perkins,Kevin Garnett,Paul Pierce,Rajon Rondo,Ray Allen,1,5:15,BOS,free throw,,,,,,,1,,2,Paul Pierce,,,foul,made,,,,
Jameer Nelson,Marcin Gortat,Matt Barnes,Rashard Lewis,Vince Carter,Kendrick Perkins,Kevin Garnett,Paul Pierce,Rajon Rondo,Ray Allen,1,5:15,BOS,free throw,,,,,,,2,,2,Paul Pierce,,,foul,made,,,,
Jameer Nelson,Marcin Gortat,Matt Barnes,Rashard Lewis,Vince Carter,Kendrick Perkins,Kevin Garnett,Paul Pierce,Rajon Rondo,Ray Allen,1,5:00,ORL,shot,Jameer Nelson,,,,,,,,,Rashard Lewis,2,,,made,,driving layup,23,8
Jameer Nelson,Marcin Gortat,Matt Barnes,Rashard Lewis,Vince Carter,Kendrick Perkins,Kevin Garnett,Paul Pierce,Rajon Rondo,Ray Allen,1,4:42,BOS,shot,,,,,,,,,,Rajon Rondo,,,,missed,,jump,32,23
Jameer Nelson,Marcin Gortat,Matt Barnes,Rashard Lewis,Vince Carter,Kendrick Perkins,Kevin Garnett,Paul Pierce,Rajon Rondo,Ray Allen,1,4:41,ORL,rebound,,,,,,,,,,Marcin Gortat,,,,,,def,,
Jameer Nelson,Marcin Gortat,Matt Barnes,Rashard Lewis,Vince Carter,Kendrick Perkins,Kevin Garnett,Paul Pierce,Rajon Rondo,Ray Allen,1,4:31,ORL,shot,Jameer Nelson,,,,,,,,,Marcin Gortat,2,,,made,,running layup,23,7
Jameer Nelson,Marcin Gortat,Matt Barnes,Rashard Lewis,Vince Carter,Kendrick Perkins,Kevin Garnett,Paul Pierce,Rajon Rondo,Ray Allen,1,4:09,BOS,shot,,,,,,,,,,Paul Pierce,,,,missed,,fade away jumper,15,9
Jameer Nelson,Marcin Gortat,Matt Barnes,Rashard Lewis,Vince Carter,Kendrick Perkins,Kevin Garnett,Paul Pierce,Rajon Rondo,Ray Allen,1,4:08,ORL,rebound,,,,,,,,,,Rashard Lewis,,,,,,def,,
Jameer Nelson,Marcin Gortat,Matt Barnes,Rashard Lewis,Vince Carter,Kendrick Perkins,Kevin Garnett,Paul Pierce,Rajon Rondo,Ray Allen,1,4:02,ORL,turnover,,,,,,,,,,Matt Barnes,,,bad pass,,Paul Pierce,,,
Jameer Nelson,Marcin Gortat,Matt Barnes,Rashard Lewis,Vince Carter,Kendrick Perkins,Kevin Garnett,Paul Pierce,Rajon Rondo,Ray Allen,1,3:45,BOS,shot,,,,,,,,,,Kendrick Perkins,,,,missed,,turnaround fade away,34,7
Jameer Nelson,Marcin Gortat,Matt Barnes,Rashard Lewis,Vince Carter,Kendrick Perkins,Kevin Garnett,Paul Pierce,Rajon Rondo,Ray Allen,1,3:44,ORL,rebound,,,,,,,,,,Matt Barnes,,,,,,def,,
Jameer Nelson,Marcin Gortat,Matt Barnes,Rashard Lewis,Vince Carter,Kendrick Perkins,Kevin Garnett,Paul Pierce,Rajon Rondo,Ray Allen,1,3:35,ORL,shot,,,,,,,,,,Jameer Nelson,3,,,made,,3pt,20,30
Jameer Nelson,Marcin Gortat,Matt Barnes,Rashard Lewis,Vince Carter,Kendrick Perkins,Kevin Garnett,Paul Pierce,Rajon Rondo,Ray Allen,1,3:24,BOS,timeout,,,,,,,,,,,,,,,,regular,,
Jameer Nelson,Marcin Gortat,Matt Barnes,Rashard Lewis,Vince Carter,Kevin Garnett,Paul Pierce,Rajon Rondo,Rasheed Wallace,Ray Allen,1,3:24,BOS,sub,,,,Rasheed Wallace,,Kendrick Perkins,,,,,,,,,,,,
Jameer Nelson,Marcin Gortat,Matt Barnes,Rashard Lewis,Vince Carter,Kevin Garnett,Paul Pierce,Rajon Rondo,Rasheed Wallace,Ray Allen,1,3:11,BOS,shot,,,,,,,,,,Kevin Garnett,,,,missed,,jump,10,19
Jameer Nelson,Marcin Gortat,Matt Barnes,Rashard Lewis,Vince Carter,Kevin Garnett,Paul Pierce,Rajon Rondo,Rasheed Wallace,Ray Allen,1,3:10,ORL,rebound,,,,,,,,,,Vince Carter,,,,,,def,,
Jameer Nelson,Marcin Gortat,Matt Barnes,Rashard Lewis,Vince Carter,Kevin Garnett,Paul Pierce,Rajon Rondo,Rasheed Wallace,Ray Allen,1,3:00,ORL,shot,,,,,,,,,,Jameer Nelson,2,,,made,,step back jump,9,21
Jameer Nelson,Marcin Gortat,Matt Barnes,Rashard Lewis,Vince Carter,Kevin Garnett,Paul Pierce,Rajon Rondo,Rasheed Wallace,Ray Allen,1,2:45,BOS,shot,,,,,,,,,,Ray Allen,,,,missed,,3pt,9,25
Jameer Nelson,Marcin Gortat,Matt Barnes,Rashard Lewis,Vince Carter,Kevin Garnett,Paul Pierce,Rajon Rondo,Rasheed Wallace,Ray Allen,1,2:44,BOS,rebound,,,,,,,,,,Kevin Garnett,,,,,,off,,
Jameer Nelson,Marcin Gortat,Matt Barnes,Rashard Lewis,Vince Carter,Kevin Garnett,Paul Pierce,Rajon Rondo,Rasheed Wallace,Ray Allen,1,2:41,BOS,shot,,,,,,,,,,Rasheed Wallace,,,,missed,,reverse layup,26,7
Jameer Nelson,Marcin Gortat,Matt Barnes,Rashard Lewis,Vince Carter,Kevin Garnett,Paul Pierce,Rajon Rondo,Rasheed Wallace,Ray Allen,1,2:40,ORL,rebound,,,,,,,,,,Matt Barnes,,,,,,def,,
Jameer Nelson,Marcin Gortat,Matt Barnes,Rashard Lewis,Vince Carter,Kevin Garnett,Paul Pierce,Rajon Rondo,Rasheed Wallace,Ray Allen,1,2:27,BOS,foul,,,,,,,,,,Rasheed Wallace,,,,,,defense 3 second,,
Jameer Nelson,Marcin Gortat,Matt Barnes,Rashard Lewis,Vince Carter,Glen Davis,Paul Pierce,Rajon Rondo,Rasheed Wallace,Ray Allen,1,2:27,BOS,sub,,,,Glen Davis,,Kevin Garnett,,,,,,,,,,,,
Jameer Nelson,Marcin Gortat,Matt Barnes,Rashard Lewis,Vince Carter,Glen Davis,Paul Pierce,Rajon Rondo,Rasheed Wallace,Ray Allen,1,2:27,ORL,free throw,,,,,,,1,,1,Vince Carter,,,technical,missed,,,,
Jameer Nelson,Marcin Gortat,Matt Barnes,Rashard Lewis,Vince Carter,Glen Davis,Paul Pierce,Rajon Rondo,Rasheed Wallace,Ray Allen,1,2:27,ORL,rebound,,,,,,,,,,,,,,,,,,
J.J. Redick,Jameer Nelson,Marcin Gortat,Matt Barnes,Rashard Lewis,Glen Davis,Paul Pierce,Rajon Rondo,Rasheed Wallace,Ray Allen,1,2:27,ORL,sub,,,,J.J. Redick,,Vince Carter,,,,,,,,,,,,
J.J. Redick,Jameer Nelson,Marcin Gortat,Matt Barnes,Rashard Lewis,Glen Davis,Paul Pierce,Rajon Rondo,Rasheed Wallace,Ray Allen,1,2:13,ORL,shot,,,,,,,,,,Matt Barnes,,,,missed,,3pt,16,30
J.J. Redick,Jameer Nelson,Marcin Gortat,Matt Barnes,Rashard Lewis,Glen Davis,Paul Pierce,Rajon Rondo,Rasheed Wallace,Ray Allen,1,2:12,BOS,rebound,,,,,,,,,,Rajon Rondo,,,,,,def,,
J.J. Redick,Jameer Nelson,Marcin Gortat,Matt Barnes,Rashard Lewis,Glen Davis,Paul Pierce,Rajon Rondo,Rasheed Wallace,Ray Allen,1,2:11,ORL,foul,,,,,,,,Rajon Rondo,,Marcin Gortat,,,,,,personal,,
J.J. Redick,Jameer Nelson,Marcin Gortat,Matt Barnes,Rashard Lewis,Glen Davis,Paul Pierce,Rajon Rondo,Rasheed Wallace,Ray Allen,1,2:03,BOS,shot,,,,,,,,,,Rajon Rondo,2,,,made,,running jump,24,11
J.J. Redick,Jameer Nelson,Marcin Gortat,Matt Barnes,Rashard Lewis,Glen Davis,Paul Pierce,Rajon Rondo,Rasheed Wallace,Ray Allen,1,1:56,ORL,turnover,,,,,,,,,,Jameer Nelson,,,lost ball,,Rajon Rondo,,,
J.J. Redick,Jameer Nelson,Marcin Gortat,Matt Barnes,Rashard Lewis,Glen Davis,Paul Pierce,Rajon Rondo,Rasheed Wallace,Ray Allen,1,1:52,BOS,turnover,,,,,,,,,,Paul Pierce,,,bad pass,,Rashard Lewis,,,
J.J. Redick,Jameer Nelson,Marcin Gortat,Matt Barnes,Rashard Lewis,Glen Davis,Paul Pierce,Rajon Rondo,Rasheed Wallace,Ray Allen,1,1:43,ORL,shot,,,,,,,,,,Jameer Nelson,2,,,made,,pullup jump,8,22
J.J. Redick,Jameer Nelson,Marcin Gortat,Matt Barnes,Rashard Lewis,Glen Davis,Paul Pierce,Rajon Rondo,Rasheed Wallace,Ray Allen,1,1:21,BOS,shot,,,,,,,,,,Glen Davis,2,,,made,,running hook,22,9
J.J. Redick,Jameer Nelson,Marcin Gortat,Matt Barnes,Rashard Lewis,Glen Davis,Paul Pierce,Rajon Rondo,Rasheed Wallace,Ray Allen,1,1:12,ORL,turnover,,,,,,,,,,Jameer Nelson,,,bad pass,,,,,
J.J. Redick,Jameer Nelson,Marcin Gortat,Matt Barnes,Rashard Lewis,Glen Davis,Rajon Rondo,Rasheed Wallace,Ray Allen,Tony Allen,1,1:12,BOS,sub,,,,Tony Allen,,Paul Pierce,,,,,,,,,,,,
J.J. Redick,Jameer Nelson,Marcin Gortat,Matt Barnes,Rashard Lewis,Eddie House,Glen Davis,Rajon Rondo,Rasheed Wallace,Tony Allen,1,1:12,BOS,sub,,,,Eddie House,,Ray Allen,,,,,,,,,,,,
J.J. Redick,Jameer Nelson,Marcin Gortat,Matt Barnes,Rashard Lewis,Eddie House,Glen Davis,Rajon Rondo,Rasheed Wallace,Tony Allen,1,0:56,BOS,shot,,,,,,,,,,Tony Allen,2,,,made,,driving layup,23,7
J.J. Redick,Jameer Nelson,Marcin Gortat,Matt Barnes,Rashard Lewis,Eddie House,Glen Davis,Rajon Rondo,Rasheed Wallace,Tony Allen,1,0:52,ORL,turnover,,,,,,,,,,Rashard Lewis,,,traveling,,,,,
J.J. Redick,Jameer Nelson,Marcin Gortat,Matt Barnes,Rashard Lewis,Eddie House,Glen Davis,Rajon Rondo,Rasheed Wallace,Tony Allen,1,0:43,BOS,shot,,,,,,,,,,Rajon Rondo,2,,,made,,driving layup,28,6
J.J. Redick,Jameer Nelson,Marcin Gortat,Matt Barnes,Rashard Lewis,Eddie House,Glen Davis,Rajon Rondo,Rasheed Wallace,Tony Allen,1,0:27,ORL,shot,,,,,,,,,,Rashard Lewis,2,,,made,,turnaround jump,29,16
J.J. Redick,Jameer Nelson,Marcin Gortat,Matt Barnes,Rashard Lewis,Eddie House,Glen Davis,Rajon Rondo,Rasheed Wallace,Tony Allen,1,0:05,BOS,shot,,,,,,,,,,Rajon Rondo,,,,missed,,jump,36,6
J.J. Redick,Jameer Nelson,Marcin Gortat,Matt Barnes,Rashard Lewis,Eddie House,Glen Davis,Rajon Rondo,Rasheed Wallace,Tony Allen,1,0:04,ORL,rebound,,,,,,,,,,,,,,,,,,
J.J. Redick,Jameer Nelson,Marcin Gortat,Matt Barnes,Rashard Lewis,Eddie House,Glen Davis,Marquis Daniels,Rasheed Wallace,Tony Allen,1,0:04,BOS,sub,,,,Marquis Daniels,,Rajon Rondo,,,,,,,,,,,,
J.J. Redick,Jameer Nelson,Marcin Gortat,Matt Barnes,Rashard Lewis,Eddie House,Glen Davis,Marquis Daniels,Rasheed Wallace,Tony Allen,1,0:01,BOS,foul,,,,,,,,Jameer Nelson,,Eddie House,,,,,,personal,,
J.J. Redick,Jameer Nelson,Marcin Gortat,Matt Barnes,Rashard Lewis,Eddie House,Glen Davis,Marquis Daniels,Rasheed Wallace,Tony Allen,1,0:00,ORL,shot,,,,,,,,,,Marcin Gortat,,,,missed,,3pt,25,32
J.J. Redick,Jameer Nelson,Marcin Gortat,Matt Barnes,Rashard Lewis,Eddie House,Glen Davis,Marquis Daniels,Rasheed Wallace,Tony Allen,1,0:00,ORL,rebound,,,,,,,,,,,,,,,,,,
J.J. Redick,Jason Williams,Marcin Gortat,Mickael Pietrus,Rashard Lewis,Eddie House,Glen Davis,Marquis Daniels,Rasheed Wallace,Tony Allen,2,11:52,BOS,foul,,,,,,,,J.J. Redick,,Tony Allen,,,,,,personal,,
J.J. Redick,Jason Williams,Marcin Gortat,Mickael Pietrus,Rashard Lewis,Eddie House,Glen Davis,Marquis Daniels,Rasheed Wallace,Tony Allen,2,11:37,BOS,foul,,,,,,,,Mickael Pietrus,,Marquis Daniels,,,,,,shooting,,
J.J. Redick,Jason Williams,Marcin Gortat,Mickael Pietrus,Rashard Lewis,Eddie House,Glen Davis,Marquis Daniels,Rasheed Wallace,Tony Allen,2,11:37,ORL,free throw,,,,,,,1,,3,Mickael Pietrus,,,foul,made,,,,
J.J. Redick,Jason Williams,Marcin Gortat,Mickael Pietrus,Rashard Lewis,Eddie House,Glen Davis,Marquis Daniels,Rasheed Wallace,Tony Allen,2,11:37,ORL,free throw,,,,,,,2,,3,Mickael Pietrus,,,foul,missed,,,,
J.J. Redick,Jason Williams,Marcin Gortat,Mickael Pietrus,Rashard Lewis,Eddie House,Glen Davis,Marquis Daniels,Rasheed Wallace,Tony Allen,2,11:37,ORL,rebound,,,,,,,,,,,,,,,,,,
J.J. Redick,Jason Williams,Marcin Gortat,Mickael Pietrus,Rashard Lewis,Eddie House,Glen Davis,Marquis Daniels,Rasheed Wallace,Tony Allen,2,11:37,ORL,free throw,,,,,,,3,,3,Mickael Pietrus,,,foul,made,,,,
J.J. Redick,Jason Williams,Marcin Gortat,Mickael Pietrus,Rashard Lewis,Eddie House,Glen Davis,Marquis Daniels,Rasheed Wallace,Tony Allen,2,11:14,BOS,shot,Tony Allen,,,,,,,,,Marquis Daniels,2,,,made,,turnaround jump,31,9
J.J. Redick,Jason Williams,Marcin Gortat,Mickael Pietrus,Rashard Lewis,Eddie House,Glen Davis,Marquis Daniels,Rasheed Wallace,Tony Allen,2,10:58,ORL,shot,,,,,,,,,,Rashard Lewis,,,,missed,,jump,21,7
J.J. Redick,Jason Williams,Marcin Gortat,Mickael Pietrus,Rashard Lewis,Eddie House,Glen Davis,Marquis Daniels,Rasheed Wallace,Tony Allen,2,10:57,ORL,rebound,,,,,,,,,,Rashard Lewis,,,,,,off,,
J.J. Redick,Jason Williams,Marcin Gortat,Mickael Pietrus,Rashard Lewis,Eddie House,Glen Davis,Marquis Daniels,Rasheed Wallace,Tony Allen,2,10:55,ORL,shot,,,Glen Davis,,,,,,,Rashard Lewis,,,,missed,,layup,23,8
J.J. Redick,Jason Williams,Marcin Gortat,Mickael Pietrus,Rashard Lewis,Eddie House,Glen Davis,Marquis Daniels,Rasheed Wallace,Tony Allen,2,10:53,ORL,rebound,,,,,,,,,,Jason Williams,,,,,,off,,
J.J. Redick,Jason Williams,Marcin Gortat,Mickael Pietrus,Rashard Lewis,Eddie House,Glen Davis,Marquis Daniels,Rasheed Wallace,Tony Allen,2,10:50,ORL,shot,Jason Williams,,,,,,,,,J.J. Redick,2,,,made,,driving jump,24,8
J.J. Redick,Jason Williams,Marcin Gortat,Mickael Pietrus,Rashard Lewis,Eddie House,Glen Davis,Marquis Daniels,Rasheed Wallace,Tony Allen,2,10:25,BOS,shot,Tony Allen,,,,,,,,,Eddie House,2,,,made,,jump,17,11
J.J. Redick,Jason Williams,Marcin Gortat,Mickael Pietrus,Rashard Lewis,Eddie House,Glen Davis,Marquis Daniels,Rasheed Wallace,Tony Allen,2,10:10,ORL,shot,,,,,,,,,,Rashard Lewis,,,,missed,,jump,45,12
J.J. Redick,Jason Williams,Marcin Gortat,Mickael Pietrus,Rashard Lewis,Eddie House,Glen Davis,Marquis Daniels,Rasheed Wallace,Tony Allen,2,10:09,BOS,rebound,,,,,,,,,,Marquis Daniels,,,,,,def,,
J.J. Redick,Jason Williams,Marcin Gortat,Mickael Pietrus,Rashard Lewis,Eddie House,Glen Davis,Marquis Daniels,Rasheed Wallace,Tony Allen,2,9:57,BOS,shot,,,,,,,,,,Marquis Daniels,2,,,made,,pullup jump,21,10
J.J. Redick,Jason Williams,Marcin Gortat,Mickael Pietrus,Rashard Lewis,Eddie House,Glen Davis,Marquis Daniels,Rasheed Wallace,Tony Allen,2,9:46,ORL,shot,,,,,,,,,,Mickael Pietrus,,,,missed,,3pt,2,14
J.J. Redick,Jason Williams,Marcin Gortat,Mickael Pietrus,Rashard Lewis,Eddie House,Glen Davis,Marquis Daniels,Rasheed Wallace,Tony Allen,2,9:45,BOS,rebound,,,,,,,,,,Rasheed Wallace,,,,,,def,,
J.J. Redick,Jason Williams,Marcin Gortat,Mickael Pietrus,Rashard Lewis,Eddie House,Glen Davis,Marquis Daniels,Rasheed Wallace,Tony Allen,2,9:29,BOS,shot,,,,,,,,,,Marquis Daniels,,,,missed,,jump,19,9
J.J. Redick,Jason Williams,Marcin Gortat,Mickael Pietrus,Rashard Lewis,Eddie House,Glen Davis,Marquis Daniels,Rasheed Wallace,Tony Allen,2,9:29,BOS,rebound,,,,,,,,,,,,,,,,,,
J.J. Redick,Jason Williams,Marcin Gortat,Mickael Pietrus,Rashard Lewis,Eddie House,Glen Davis,Marquis Daniels,Rasheed Wallace,Tony Allen,2,9:29,ORL,foul,,,,,,,,Glen Davis,,Rashard Lewis,,,,,,loose ball,,
J.J. Redick,Jason Williams,Marcin Gortat,Mickael Pietrus,Ryan Anderson,Eddie House,Glen Davis,Marquis Daniels,Rasheed Wallace,Tony Allen,2,9:29,ORL,sub,,,,Ryan Anderson,,Rashard Lewis,,,,,,,,,,,,
Dwight Howard,J.J. Redick,Jason Williams,Mickael Pietrus,Ryan Anderson,Eddie House,Glen Davis,Marquis Daniels,Rasheed Wallace,Tony Allen,2,9:29,ORL,sub,,,,Dwight Howard,,Marcin Gortat,,,,,,,,,,,,
Dwight Howard,J.J. Redick,Jason Williams,Mickael Pietrus,Ryan Anderson,Eddie House,Glen Davis,Marquis Daniels,Rasheed Wallace,Tony Allen,2,9:18,BOS,shot,,,,,,,,,,Marquis Daniels,2,,,made,,turnaround jump,22,17
Dwight Howard,J.J. Redick,Jason Williams,Mickael Pietrus,Ryan Anderson,Eddie House,Glen Davis,Marquis Daniels,Rasheed Wallace,Tony Allen,2,9:06,ORL,shot,,,,,,,,,,J.J. Redick,,,,missed,,3pt,43,24
Dwight Howard,J.J. Redick,Jason Williams,Mickael Pietrus,Ryan Anderson,Eddie House,Glen Davis,Marquis Daniels,Rasheed Wallace,Tony Allen,2,9:05,ORL,rebound,,,,,,,,,,Dwight Howard,,,,,,off,,
Dwight Howard,J.J. Redick,Jason Williams,Mickael Pietrus,Ryan Anderson,Eddie House,Glen Davis,Marquis Daniels,Rasheed Wallace,Tony Allen,2,9:02,ORL,shot,,,,,,,,,,Dwight Howard,2,,,made,,putback layup,25,9
Dwight Howard,J.J. Redick,Jason Williams,Mickael Pietrus,Ryan Anderson,Eddie House,Glen Davis,Marquis Daniels,Rasheed Wallace,Tony Allen,2,8:41,BOS,shot,Eddie House,,,,,,,,,Glen Davis,2,,,made,,jump,25,26
Dwight Howard,J.J. Redick,Jason Williams,Mickael Pietrus,Ryan Anderson,Eddie House,Glen Davis,Marquis Daniels,Rasheed Wallace,Tony Allen,2,8:32,ORL,timeout,,,,,,,,,,,,,,,,regular,,
Dwight Howard,Jason Williams,Mickael Pietrus,Ryan Anderson,Vince Carter,Eddie House,Glen Davis,Marquis Daniels,Rasheed Wallace,Tony Allen,2,8:32,ORL,sub,,,,Vince Carter,,J.J. Redick,,,,,,,,,,,,
Dwight Howard,Jason Williams,Mickael Pietrus,Ryan Anderson,Vince Carter,Eddie House,Glen Davis,Marquis Daniels,Rasheed Wallace,Tony Allen,2,8:26,ORL,foul,,,,,,,,Rasheed Wallace,,Dwight Howard,,,,,,offensive,,
Dwight Howard,Jason Williams,Mickael Pietrus,Ryan Anderson,Vince Carter,Eddie House,Glen Davis,Marquis Daniels,Rasheed Wallace,Tony Allen,2,8:26,ORL,turnover,,,,,,,,,,Dwight Howard,,,foul,,,,,
Jason Williams,Marcin Gortat,Mickael Pietrus,Ryan Anderson,Vince Carter,Eddie House,Glen Davis,Marquis Daniels,Rasheed Wallace,Tony Allen,2,8:26,ORL,sub,,,,Marcin Gortat,,Dwight Howard,,,,,,,,,,,,
Jason Williams,Marcin Gortat,Mickael Pietrus,Ryan Anderson,Vince Carter,Eddie House,Glen Davis,Marquis Daniels,Rasheed Wallace,Tony Allen,2,8:11,BOS,shot,,,,,,,,,,Rasheed Wallace,,,,missed,,3pt,8,26
Jason Williams,Marcin Gortat,Mickael Pietrus,Ryan Anderson,Vince Carter,Eddie House,Glen Davis,Marquis Daniels,Rasheed Wallace,Tony Allen,2,8:10,ORL,rebound,,,,,,,,,,Mickael Pietrus,,,,,,def,,
Jason Williams,Marcin Gortat,Mickael Pietrus,Ryan Anderson,Vince Carter,Eddie House,Glen Davis,Marquis Daniels,Rasheed Wallace,Tony Allen,2,7:59,ORL,shot,Jason Williams,,,,,,,,,Vince Carter,3,,,made,,3pt,25,31
Jason Williams,Marcin Gortat,Mickael Pietrus,Ryan Anderson,Vince Carter,Eddie House,Glen Davis,Marquis Daniels,Rasheed Wallace,Tony Allen,2,7:40,BOS,shot,,,,,,,,,,Eddie House,,,,missed,,jump,30,25
Jason Williams,Marcin Gortat,Mickael Pietrus,Ryan Anderson,Vince Carter,Eddie House,Glen Davis,Marquis Daniels,Rasheed Wallace,Tony Allen,2,7:39,ORL,rebound,,,,,,,,,,,,,,,,,,
Jason Williams,Marcin Gortat,Mickael Pietrus,Ryan Anderson,Vince Carter,Eddie House,Glen Davis,Marquis Daniels,Rasheed Wallace,Ray Allen,2,7:39,BOS,sub,,,,Ray Allen,,Tony Allen,,,,,,,,,,,,
Jason Williams,Marcin Gortat,Mickael Pietrus,Ryan Anderson,Vince Carter,Eddie House,Glen Davis,Marquis Daniels,Rasheed Wallace,Ray Allen,2,7:21,ORL,shot,,,,,,,,,,Jason Williams,2,,,made,,floating jump,25,10
Jason Williams,Marcin Gortat,Mickael Pietrus,Ryan Anderson,Vince Carter,Eddie House,Glen Davis,Marquis Daniels,Rasheed Wallace,Ray Allen,2,7:01,BOS,shot,,,,,,,,,,Glen Davis,,,,missed,,jump hook,18,7
Jason Williams,Marcin Gortat,Mickael Pietrus,Ryan Anderson,Vince Carter,Eddie House,Glen Davis,Marquis Daniels,Rasheed Wallace,Ray Allen,2,6:59,ORL,rebound,,,,,,,,,,Marcin Gortat,,,,,,def,,
Jason Williams,Marcin Gortat,Mickael Pietrus,Ryan Anderson,Vince Carter,Eddie House,Glen Davis,Marquis Daniels,Rasheed Wallace,Ray Allen,2,6:51,ORL,shot,,,,,,,,,,Mickael Pietrus,,,,missed,,3pt,1,15
Jason Williams,Marcin Gortat,Mickael Pietrus,Ryan Anderson,Vince Carter,Eddie House,Glen Davis,Marquis Daniels,Rasheed Wallace,Ray Allen,2,6:50,BOS,rebound,,,,,,,,,,Glen Davis,,,,,,def,,
Jason Williams,Marcin Gortat,Mickael Pietrus,Ryan Anderson,Vince Carter,Eddie House,Glen Davis,Marquis Daniels,Rasheed Wallace,Ray Allen,2,6:31,BOS,shot,Eddie House,,,,,,,,,Rasheed Wallace,2,,,made,,jump,46,15
Jason Williams,Marcin Gortat,Mickael Pietrus,Ryan Anderson,Vince Carter,Eddie House,Glen Davis,Marquis Daniels,Rasheed Wallace,Ray Allen,2,6:17,ORL,shot,,,,,,,,,,Marcin Gortat,,,,missed,,turnaround jump,38,6
Jason Williams,Marcin Gortat,Mickael Pietrus,Ryan Anderson,Vince Carter,Eddie House,Glen Davis,Marquis Daniels,Rasheed Wallace,Ray Allen,2,6:16,BOS,rebound,,,,,,,,,,Eddie House,,,,,,def,,
Jason Williams,Marcin Gortat,Mickael Pietrus,Ryan Anderson,Vince Carter,Eddie House,Glen Davis,Marquis Daniels,Rasheed Wallace,Ray Allen,2,6:03,BOS,shot,,,,,,,,,,Glen Davis,2,,,made,,turnaround fade away,19,11
Jason Williams,Marcin Gortat,Mickael Pietrus,Ryan Anderson,Vince Carter,Eddie House,Glen Davis,Marquis Daniels,Rasheed Wallace,Ray Allen,2,5:43,ORL,turnover,,,,,,,,,,Vince Carter,,,bad pass,,Marquis Daniels,,,
Jason Williams,Marcin Gortat,Mickael Pietrus,Ryan Anderson,Vince Carter,Eddie House,Glen Davis,Marquis Daniels,Rasheed Wallace,Ray Allen,2,5:41,ORL,foul,,,,,,,,Ray Allen,,Mickael Pietrus,,,,,,personal,,
Jason Williams,Marcin Gortat,Mickael Pietrus,Ryan Anderson,Vince Carter,Eddie House,Glen Davis,Marquis Daniels,Rasheed Wallace,Ray Allen,2,5:41,BOS,timeout,,,,,,,,,,,,,,,,official,,
Jameer Nelson,Marcin Gortat,Mickael Pietrus,Ryan Anderson,Vince Carter,Eddie House,Glen Davis,Marquis Daniels,Rasheed Wallace,Ray Allen,2,5:41,ORL,sub,,,,Jameer Nelson,,Jason Williams,,,,,,,,,,,,
Jameer Nelson,Marcin Gortat,Mickael Pietrus,Ryan Anderson,Vince Carter,Glen Davis,Marquis Daniels,Rajon Rondo,Rasheed Wallace,Ray Allen,2,5:41,BOS,sub,,,,Rajon Rondo,,Eddie House,,,,,,,,,,,,
Jameer Nelson,Marcin Gortat,Mickael Pietrus,Ryan Anderson,Vince Carter,Glen Davis,Kendrick Perkins,Marquis Daniels,Rajon Rondo,Ray Allen,2,5:41,BOS,sub,,,,Kendrick Perkins,,Rasheed Wallace,,,,,,,,,,,,
Jameer Nelson,Marcin Gortat,Mickael Pietrus,Ryan Anderson,Vince Carter,Glen Davis,Kendrick Perkins,Marquis Daniels,Rajon Rondo,Ray Allen,2,5:35,BOS,shot,,,Marcin Gortat,,,,,,,Marquis Daniels,,,,missed,,layup,26,8
Jameer Nelson,Marcin Gortat,Mickael Pietrus,Ryan Anderson,Vince Carter,Glen Davis,Kendrick Perkins,Marquis Daniels,Rajon Rondo,Ray Allen,2,5:33,ORL,rebound,,,,,,,,,,Marcin Gortat,,,,,,def,,
Jameer Nelson,Marcin Gortat,Mickael Pietrus,Ryan Anderson,Vince Carter,Glen Davis,Kendrick Perkins,Marquis Daniels,Rajon Rondo,Ray Allen,2,5:16,ORL,shot,,,,,,,,,,Marcin Gortat,,,,missed,,layup,26,6
Jameer Nelson,Marcin Gortat,Mickael Pietrus,Ryan Anderson,Vince Carter,Glen Davis,Kendrick Perkins,Marquis Daniels,Rajon Rondo,Ray Allen,2,5:14,BOS,rebound,,,,,,,,,,Glen Davis,,,,,,def,,
Jameer Nelson,Marcin Gortat,Mickael Pietrus,Ryan Anderson,Vince Carter,Glen Davis,Kendrick Perkins,Marquis Daniels,Rajon Rondo,Ray Allen,2,4:55,BOS,shot,,,Marcin Gortat,,,,,,,Marquis Daniels,,,,missed,,layup,25,7
Jameer Nelson,Marcin Gortat,Mickael Pietrus,Ryan Anderson,Vince Carter,Glen Davis,Kendrick Perkins,Marquis Daniels,Rajon Rondo,Ray Allen,2,4:53,ORL,rebound,,,,,,,,,,Mickael Pietrus,,,,,,def,,
Jameer Nelson,Marcin Gortat,Mickael Pietrus,Ryan Anderson,Vince Carter,Glen Davis,Kendrick Perkins,Marquis Daniels,Rajon Rondo,Ray Allen,2,4:47,ORL,shot,,,,,,,,,,Jameer Nelson,,,,missed,,3pt,13,28
Jameer Nelson,Marcin Gortat,Mickael Pietrus,Ryan Anderson,Vince Carter,Glen Davis,Kendrick Perkins,Marquis Daniels,Rajon Rondo,Ray Allen,2,4:46,BOS,rebound,,,,,,,,,,Glen Davis,,,,,,def,,
Jameer Nelson,Marcin Gortat,Mickael Pietrus,Ryan Anderson,Vince Carter,Glen Davis,Kendrick Perkins,Marquis Daniels,Rajon Rondo,Ray Allen,2,4:41,BOS,foul,,,,,,,,Marcin Gortat,,Kendrick Perkins,,,,,,offensive,,
Jameer Nelson,Marcin Gortat,Mickael Pietrus,Ryan Anderson,Vince Carter,Glen Davis,Kendrick Perkins,Marquis Daniels,Rajon Rondo,Ray Allen,2,4:41,BOS,turnover,,,,,,,,,,Kendrick Perkins,,,foul,,,,,
Jameer Nelson,Marcin Gortat,Mickael Pietrus,Ryan Anderson,Vince Carter,Glen Davis,Kendrick Perkins,Paul Pierce,Rajon Rondo,Ray Allen,2,4:41,BOS,sub,,,,Paul Pierce,,Marquis Daniels,,,,,,,,,,,,
Jameer Nelson,Marcin Gortat,Mickael Pietrus,Ryan Anderson,Vince Carter,Kendrick Perkins,Kevin Garnett,Paul Pierce,Rajon Rondo,Ray Allen,2,4:41,BOS,sub,,,,Kevin Garnett,,Glen Davis,,,,,,,,,,,,
Jameer Nelson,Marcin Gortat,Mickael Pietrus,Ryan Anderson,Vince Carter,Kendrick Perkins,Kevin Garnett,Paul Pierce,Rajon Rondo,Ray Allen,2,4:31,ORL,shot,,,,,,,,,,Vince Carter,2,,,made,,jump,27,29
Jameer Nelson,Marcin Gortat,Mickael Pietrus,Ryan Anderson,Vince Carter,Kendrick Perkins,Kevin Garnett,Paul Pierce,Rajon Rondo,Ray Allen,2,4:12,BOS,shot,,,,,,,,,,Kevin Garnett,,,,missed,,jump,17,14
Jameer Nelson,Marcin Gortat,Mickael Pietrus,Ryan Anderson,Vince Carter,Kendrick Perkins,Kevin Garnett,Paul Pierce,Rajon Rondo,Ray Allen,2,4:11,ORL,rebound,,,,,,,,,,Mickael Pietrus,,,,,,def,,
Jameer Nelson,Marcin Gortat,Mickael Pietrus,Ryan Anderson,Vince Carter,Kendrick Perkins,Kevin Garnett,Paul Pierce,Rajon Rondo,Ray Allen,2,4:08,ORL,shot,,,,,,,,,,Mickael Pietrus,,,,missed,,layup,25,7
Jameer Nelson,Marcin Gortat,Mickael Pietrus,Ryan Anderson,Vince Carter,Kendrick Perkins,Kevin Garnett,Paul Pierce,Rajon Rondo,Ray Allen,2,4:06,BOS,rebound,,,,,,,,,,Paul Pierce,,,,,,def,,
Jameer Nelson,Marcin Gortat,Mickael Pietrus,Ryan Anderson,Vince Carter,Kendrick Perkins,Kevin Garnett,Paul Pierce,Rajon Rondo,Ray Allen,2,4:01,BOS,shot,Rajon Rondo,,,,,,,,,Ray Allen,3,,,made,,3pt,47,16
Jameer Nelson,Marcin Gortat,Mickael Pietrus,Ryan Anderson,Vince Carter,Kendrick Perkins,Kevin Garnett,Paul Pierce,Rajon Rondo,Ray Allen,2,3:40,ORL,shot,,,,,,,,,,Ryan Anderson,,,,missed,,jump,46,6
Jameer Nelson,Marcin Gortat,Mickael Pietrus,Ryan Anderson,Vince Carter,Kendrick Perkins,Kevin Garnett,Paul Pierce,Rajon Rondo,Ray Allen,2,3:39,BOS,rebound,,,,,,,,,,Kendrick Perkins,,,,,,def,,
Jameer Nelson,Marcin Gortat,Mickael Pietrus,Ryan Anderson,Vince Carter,Kendrick Perkins,Kevin Garnett,Paul Pierce,Rajon Rondo,Ray Allen,2,3:17,BOS,shot,,,,,,,,,,Kevin Garnett,,,,missed,,jump,36,22
Jameer Nelson,Marcin Gortat,Mickael Pietrus,Ryan Anderson,Vince Carter,Kendrick Perkins,Kevin Garnett,Paul Pierce,Rajon Rondo,Ray Allen,2,3:16,BOS,rebound,,,,,,,,,,Paul Pierce,,,,,,off,,
Jameer Nelson,Marcin Gortat,Mickael Pietrus,Ryan Anderson,Vince Carter,Kendrick Perkins,Kevin Garnett,Paul Pierce,Rajon Rondo,Ray Allen,2,3:06,ORL,foul,,,,,,,,Rajon Rondo,,Marcin Gortat,,,,,,personal,,
Jameer Nelson,Marcin Gortat,Mickael Pietrus,Rashard Lewis,Vince Carter,Kendrick Perkins,Kevin Garnett,Paul Pierce,Rajon Rondo,Ray Allen,2,3:06,ORL,sub,,,,Rashard Lewis,,Ryan Anderson,,,,,,,,,,,,
Jameer Nelson,Marcin Gortat,Mickael Pietrus,Rashard Lewis,Vince Carter,Kendrick Perkins,Kevin Garnett,Paul Pierce,Rajon Rondo,Ray Allen,2,2:58,BOS,shot,,,,,,,,,,Rajon Rondo,2,,,made,,jump,26,22
Jameer Nelson,Marcin Gortat,Mickael Pietrus,Rashard Lewis,Vince Carter,Kendrick Perkins,Kevin Garnett,Paul Pierce,Rajon Rondo,Ray Allen,2,2:30,ORL,shot,,,,,,,,,,Rashard Lewis,,,,missed,,jump,24,9
Jameer Nelson,Marcin Gortat,Mickael Pietrus,Rashard Lewis,Vince Carter,Kendrick Perkins,Kevin Garnett,Paul Pierce,Rajon Rondo,Ray Allen,2,2:29,ORL,rebound,,,,,,,,,,Marcin Gortat,,,,,,off,,
Jameer Nelson,Marcin Gortat,Mickael Pietrus,Rashard Lewis,Vince Carter,Kendrick Perkins,Kevin Garnett,Paul Pierce,Rajon Rondo,Ray Allen,2,2:21,ORL,turnover,,,,,,,,,,Jameer Nelson,,,lost ball,,Paul Pierce,,,
Jameer Nelson,Marcin Gortat,Mickael Pietrus,Rashard Lewis,Vince Carter,Kendrick Perkins,Kevin Garnett,Paul Pierce,Rajon Rondo,Ray Allen,2,1:59,BOS,shot,Rajon Rondo,,,,,,,,,Paul Pierce,3,,,made,,3pt,48,6
Jameer Nelson,Marcin Gortat,Mickael Pietrus,Rashard Lewis,Vince Carter,Kendrick Perkins,Kevin Garnett,Paul Pierce,Rajon Rondo,Ray Allen,2,1:50,ORL,timeout,,,,,,,,,,,,,,,,short,,
Jameer Nelson,Marcin Gortat,Mickael Pietrus,Rashard Lewis,Vince Carter,Kendrick Perkins,Kevin Garnett,Paul Pierce,Rajon Rondo,Ray Allen,2,1:50,BOS,timeout,,,,,,,,,,,,,,,,regular,,
J.J. Redick,Jameer Nelson,Marcin Gortat,Rashard Lewis,Vince Carter,Kendrick Perkins,Kevin Garnett,Paul Pierce,Rajon Rondo,Ray Allen,2,1:50,ORL,sub,,,,J.J. Redick,,Mickael Pietrus,,,,,,,,,,,,
J.J. Redick,Jameer Nelson,Marcin Gortat,Rashard Lewis,Vince Carter,Kendrick Perkins,Kevin Garnett,Paul Pierce,Rajon Rondo,Ray Allen,2,1:42,BOS,foul,,,,,,,,Vince Carter,,Paul Pierce,,,,,,shooting,,
J.J. Redick,Jameer Nelson,Marcin Gortat,Rashard Lewis,Vince Carter,Kendrick Perkins,Kevin Garnett,Paul Pierce,Rajon Rondo,Ray Allen,2,1:42,ORL,free throw,,,,,,,1,,2,Vince Carter,,,foul,made,,,,
J.J. Redick,Jameer Nelson,Marcin Gortat,Rashard Lewis,Vince Carter,Kendrick Perkins,Kevin Garnett,Paul Pierce,Rajon Rondo,Ray Allen,2,1:42,ORL,free throw,,,,,,,2,,2,Vince Carter,,,foul,made,,,,
J.J. Redick,Jameer Nelson,Marcin Gortat,Rashard Lewis,Vince Carter,Kendrick Perkins,Kevin Garnett,Paul Pierce,Rajon Rondo,Ray Allen,2,1:31,BOS,shot,,,,,,,,,,Rajon Rondo,2,,,made,,driving layup,24,6
J.J. Redick,Jameer Nelson,Marcin Gortat,Rashard Lewis,Vince Carter,Kendrick Perkins,Kevin Garnett,Paul Pierce,Rajon Rondo,Ray Allen,2,1:31,ORL,foul,,,,,,,,Rajon Rondo,,Jameer Nelson,,,,,,shooting,,
J.J. Redick,Jameer Nelson,Marcin Gortat,Rashard Lewis,Vince Carter,Kendrick Perkins,Kevin Garnett,Paul Pierce,Rajon Rondo,Ray Allen,2,1:31,BOS,free throw,,,,,,,1,,1,Rajon Rondo,,,foul,made,,,,
J.J. Redick,Jameer Nelson,Marcin Gortat,Rashard Lewis,Vince Carter,Kendrick Perkins,Kevin Garnett,Paul Pierce,Rajon Rondo,Ray Allen,2,1:19,BOS,foul,,,,,,,,Jameer Nelson,,Rajon Rondo,,,,,,personal,,
J.J. Redick,Jameer Nelson,Marcin Gortat,Rashard Lewis,Vince Carter,Kendrick Perkins,Kevin Garnett,Paul Pierce,Rajon Rondo,Ray Allen,2,1:19,ORL,free throw,,,,,,,1,,2,Jameer Nelson,,,foul,made,,,,
J.J. Redick,Jameer Nelson,Marcin Gortat,Rashard Lewis,Vince Carter,Kendrick Perkins,Kevin Garnett,Paul Pierce,Rajon Rondo,Ray Allen,2,1:19,ORL,free throw,,,,,,,2,,2,Jameer Nelson,,,foul,made,,,,
J.J. Redick,Jameer Nelson,Marcin Gortat,Rashard Lewis,Vince Carter,Kendrick Perkins,Kevin Garnett,Paul Pierce,Rajon Rondo,Ray Allen,2,1:10,BOS,shot,,,,,,,,,,Rajon Rondo,,,,missed,,layup,23,5
J.J. Redick,Jameer Nelson,Marcin Gortat,Rashard Lewis,Vince Carter,Kendrick Perkins,Kevin Garnett,Paul Pierce,Rajon Rondo,Ray Allen,2,1:09,BOS,rebound,,,,,,,,,,Kevin Garnett,,,,,,off,,
J.J. Redick,Jameer Nelson,Marcin Gortat,Rashard Lewis,Vince Carter,Kendrick Perkins,Kevin Garnett,Paul Pierce,Rajon Rondo,Ray Allen,2,1:08,BOS,shot,,,,,,,,,,Kevin Garnett,,,,missed,,tip,26,8
J.J. Redick,Jameer Nelson,Marcin Gortat,Rashard Lewis,Vince Carter,Kendrick Perkins,Kevin Garnett,Paul Pierce,Rajon Rondo,Ray Allen,2,1:06,ORL,rebound,,,,,,,,,,Vince Carter,,,,,,def,,
J.J. Redick,Jameer Nelson,Marcin Gortat,Rashard Lewis,Vince Carter,Kendrick Perkins,Kevin Garnett,Paul Pierce,Rajon Rondo,Ray Allen,2,0:56,ORL,shot,,,,,,,,,,Jameer Nelson,,,,missed,,running jump,25,16
J.J. Redick,Jameer Nelson,Marcin Gortat,Rashard Lewis,Vince Carter,Kendrick Perkins,Kevin Garnett,Paul Pierce,Rajon Rondo,Ray Allen,2,0:55,BOS,rebound,,,,,,,,,,Rajon Rondo,,,,,,def,,
J.J. Redick,Jameer Nelson,Marcin Gortat,Rashard Lewis,Vince Carter,Kendrick Perkins,Kevin Garnett,Paul Pierce,Rajon Rondo,Ray Allen,2,0:48,BOS,shot,,,,,,,,,,Paul Pierce,,,,missed,,3pt,36,29
J.J. Redick,Jameer Nelson,Marcin Gortat,Rashard Lewis,Vince Carter,Kendrick Perkins,Kevin Garnett,Paul Pierce,Rajon Rondo,Ray Allen,2,0:47,ORL,rebound,,,,,,,,,,Marcin Gortat,,,,,,def,,
J.J. Redick,Jameer Nelson,Marcin Gortat,Rashard Lewis,Vince Carter,Kendrick Perkins,Kevin Garnett,Paul Pierce,Rajon Rondo,Ray Allen,2,0:37,ORL,shot,,,,,,,,,,Rashard Lewis,,,,missed,,reverse layup,26,6
J.J. Redick,Jameer Nelson,Marcin Gortat,Rashard Lewis,Vince Carter,Kendrick Perkins,Kevin Garnett,Paul Pierce,Rajon Rondo,Ray Allen,2,0:35,BOS,rebound,,,,,,,,,,Rajon Rondo,,,,,,def,,
J.J. Redick,Jameer Nelson,Marcin Gortat,Rashard Lewis,Vince Carter,Kendrick Perkins,Kevin Garnett,Paul Pierce,Rajon Rondo,Ray Allen,2,0:29,BOS,shot,Rajon Rondo,,,,,,,,,Ray Allen,2,,,made,,layup,26,7
J.J. Redick,Jameer Nelson,Marcin Gortat,Rashard Lewis,Vince Carter,Kendrick Perkins,Kevin Garnett,Paul Pierce,Rajon Rondo,Ray Allen,2,0:08,ORL,shot,,,,,,,,,,Vince Carter,,,,missed,,jump,23,16
J.J. Redick,Jameer Nelson,Marcin Gortat,Rashard Lewis,Vince Carter,Kendrick Perkins,Kevin Garnett,Paul Pierce,Rajon Rondo,Ray Allen,2,0:07,BOS,rebound,,,,,,,,,,Kendrick Perkins,,,,,,def,,
J.J. Redick,Jameer Nelson,Marcin Gortat,Rashard Lewis,Vince Carter,Kendrick Perkins,Kevin Garnett,Paul Pierce,Rajon Rondo,Ray Allen,2,0:00,BOS,shot,,,,,,,,,,Paul Pierce,,,,missed,,3pt,2,7
J.J. Redick,Jameer Nelson,Marcin Gortat,Rashard Lewis,Vince Carter,Kendrick Perkins,Kevin Garnett,Paul Pierce,Rajon Rondo,Ray Allen,2,0:00,BOS,rebound,,,,,,,,,,,,,,,,,,
Dwight Howard,Jameer Nelson,Matt Barnes,Rashard Lewis,Vince Carter,Kendrick Perkins,Kevin Garnett,Paul Pierce,Rajon Rondo,Ray Allen,3,11:37,ORL,shot,Jameer Nelson,,,,,,,,,Dwight Howard,2,,,made,,running hook,25,12
Dwight Howard,Jameer Nelson,Matt Barnes,Rashard Lewis,Vince Carter,Kendrick Perkins,Kevin Garnett,Paul Pierce,Rajon Rondo,Ray Allen,3,11:21,BOS,turnover,,,,,,,,,,Paul Pierce,,,bad pass,,,,,
Dwight Howard,Jameer Nelson,Matt Barnes,Rashard Lewis,Vince Carter,Kendrick Perkins,Kevin Garnett,Paul Pierce,Rajon Rondo,Ray Allen,3,11:06,ORL,turnover,,,,,,,,,,Vince Carter,,,bad pass,,Paul Pierce,,,
Dwight Howard,Jameer Nelson,Matt Barnes,Rashard Lewis,Vince Carter,Kendrick Perkins,Kevin Garnett,Paul Pierce,Rajon Rondo,Ray Allen,3,10:57,BOS,shot,Rajon Rondo,,,,,,,,,Kevin Garnett,2,,,made,,turnaround fade away,18,16
Dwight Howard,Jameer Nelson,Matt Barnes,Rashard Lewis,Vince Carter,Kendrick Perkins,Kevin Garnett,Paul Pierce,Rajon Rondo,Ray Allen,3,10:38,ORL,shot,Vince Carter,,,,,,,,,Matt Barnes,2,,,made,,driving layup,27,7
Dwight Howard,Jameer Nelson,Matt Barnes,Rashard Lewis,Vince Carter,Kendrick Perkins,Kevin Garnett,Paul Pierce,Rajon Rondo,Ray Allen,3,10:19,BOS,shot,,,,,,,,,,Ray Allen,,,,missed,,3pt,20,30
Dwight Howard,Jameer Nelson,Matt Barnes,Rashard Lewis,Vince Carter,Kendrick Perkins,Kevin Garnett,Paul Pierce,Rajon Rondo,Ray Allen,3,10:18,BOS,rebound,,,,,,,,,,Rajon Rondo,,,,,,off,,
Dwight Howard,Jameer Nelson,Matt Barnes,Rashard Lewis,Vince Carter,Kendrick Perkins,Kevin Garnett,Paul Pierce,Rajon Rondo,Ray Allen,3,10:10,BOS,shot,Rajon Rondo,,,,,,,,,Kevin Garnett,2,,,made,,alley oop dunk,25,6
Dwight Howard,Jameer Nelson,Matt Barnes,Rashard Lewis,Vince Carter,Kendrick Perkins,Kevin Garnett,Paul Pierce,Rajon Rondo,Ray Allen,3,9:53,BOS,foul,,,,,,,,Dwight Howard,,Kendrick Perkins,,,,,,personal,,
Dwight Howard,Jameer Nelson,Matt Barnes,Rashard Lewis,Vince Carter,Kendrick Perkins,Kevin Garnett,Paul Pierce,Rajon Rondo,Ray Allen,3,9:46,ORL,shot,,,,,,,,,,Dwight Howard,,,,missed,,jump,29,9
Dwight Howard,Jameer Nelson,Matt Barnes,Rashard Lewis,Vince Carter,Kendrick Perkins,Kevin Garnett,Paul Pierce,Rajon Rondo,Ray Allen,3,9:45,BOS,rebound,,,,,,,,,,Paul Pierce,,,,,,def,,
Dwight Howard,Jameer Nelson,Matt Barnes,Rashard Lewis,Vince Carter,Kendrick Perkins,Kevin Garnett,Paul Pierce,Rajon Rondo,Ray Allen,3,9:36,BOS,turnover,,,,,,,,,,Kevin Garnett,,,bad pass,,Rashard Lewis,,,
Dwight Howard,Jameer Nelson,Matt Barnes,Rashard Lewis,Vince Carter,Kendrick Perkins,Kevin Garnett,Paul Pierce,Rajon Rondo,Ray Allen,3,9:26,ORL,shot,Vince Carter,,,,,,,,,Dwight Howard,2,,,made,,jump bank,38,8
Dwight Howard,Jameer Nelson,Matt Barnes,Rashard Lewis,Vince Carter,Kendrick Perkins,Kevin Garnett,Paul Pierce,Rajon Rondo,Ray Allen,3,9:03,BOS,shot,Ray Allen,,,,,,,,,Kevin Garnett,2,,,made,,jump,46,14
Dwight Howard,Jameer Nelson,Matt Barnes,Rashard Lewis,Vince Carter,Kendrick Perkins,Kevin Garnett,Paul Pierce,Rajon Rondo,Ray Allen,3,8:51,ORL,shot,,,,,,,,,,Vince Carter,,,,missed,,jump,22,18
Dwight Howard,Jameer Nelson,Matt Barnes,Rashard Lewis,Vince Carter,Kendrick Perkins,Kevin Garnett,Paul Pierce,Rajon Rondo,Ray Allen,3,8:50,ORL,rebound,,,,,,,,,,Dwight Howard,,,,,,off,,
Dwight Howard,Jameer Nelson,Matt Barnes,Rashard Lewis,Vince Carter,Kendrick Perkins,Kevin Garnett,Paul Pierce,Rajon Rondo,Ray Allen,3,8:49,BOS,foul,,,,,,,,Dwight Howard,,Ray Allen,,,,,,shooting,,
Dwight Howard,Jameer Nelson,Matt Barnes,Rashard Lewis,Vince Carter,Kendrick Perkins,Kevin Garnett,Paul Pierce,Rajon Rondo,Ray Allen,3,8:49,ORL,free throw,,,,,,,1,,2,Dwight Howard,,,foul,missed,,,,
Dwight Howard,Jameer Nelson,Matt Barnes,Rashard Lewis,Vince Carter,Kendrick Perkins,Kevin Garnett,Paul Pierce,Rajon Rondo,Ray Allen,3,8:49,ORL,rebound,,,,,,,,,,,,,,,,,,
Dwight Howard,Jameer Nelson,Matt Barnes,Rashard Lewis,Vince Carter,Kendrick Perkins,Kevin Garnett,Paul Pierce,Rajon Rondo,Ray Allen,3,8:49,ORL,free throw,,,,,,,2,,2,Dwight Howard,,,foul,made,,,,
Dwight Howard,Jameer Nelson,Matt Barnes,Rashard Lewis,Vince Carter,Kendrick Perkins,Kevin Garnett,Paul Pierce,Rajon Rondo,Ray Allen,3,8:24,BOS,turnover,,,,,,,,,,,,,shot clock turnover,,,,,
Dwight Howard,Jameer Nelson,Matt Barnes,Rashard Lewis,Vince Carter,Kendrick Perkins,Kevin Garnett,Paul Pierce,Rajon Rondo,Ray Allen,3,8:06,BOS,foul,,,,,,,,Dwight Howard,,Kendrick Perkins,,,,,,shooting,,
Dwight Howard,Jameer Nelson,Matt Barnes,Rashard Lewis,Vince Carter,Kendrick Perkins,Kevin Garnett,Paul Pierce,Rajon Rondo,Ray Allen,3,8:06,ORL,free throw,,,,,,,1,,2,Dwight Howard,,,foul,made,,,,
Dwight Howard,Jameer Nelson,Matt Barnes,Rashard Lewis,Vince Carter,Kendrick Perkins,Kevin Garnett,Paul Pierce,Rajon Rondo,Ray Allen,3,8:06,ORL,free throw,,,,,,,2,,2,Dwight Howard,,,foul,made,,,,
Dwight Howard,Jameer Nelson,Matt Barnes,Rashard Lewis,Vince Carter,Kendrick Perkins,Kevin Garnett,Paul Pierce,Rajon Rondo,Ray Allen,3,7:50,ORL,foul,,,,,,,,Rajon Rondo,,Jameer Nelson,,,,,,shooting,,
Dwight Howard,Jameer Nelson,Matt Barnes,Rashard Lewis,Vince Carter,Kendrick Perkins,Kevin Garnett,Paul Pierce,Rajon Rondo,Ray Allen,3,7:50,BOS,free throw,,,,,,,1,,2,Rajon Rondo,,,foul,missed,,,,
Dwight Howard,Jameer Nelson,Matt Barnes,Rashard Lewis,Vince Carter,Kendrick Perkins,Kevin Garnett,Paul Pierce,Rajon Rondo,Ray Allen,3,7:50,BOS,rebound,,,,,,,,,,,,,,,,,,
Dwight Howard,Jameer Nelson,Matt Barnes,Rashard Lewis,Vince Carter,Kendrick Perkins,Kevin Garnett,Paul Pierce,Rajon Rondo,Ray Allen,3,7:50,BOS,free throw,,,,,,,2,,2,Rajon Rondo,,,foul,missed,,,,
Dwight Howard,Jameer Nelson,Matt Barnes,Rashard Lewis,Vince Carter,Kendrick Perkins,Kevin Garnett,Paul Pierce,Rajon Rondo,Ray Allen,3,7:50,ORL,rebound,,,,,,,,,,Matt Barnes,,,,,,def,,
Dwight Howard,Jameer Nelson,Matt Barnes,Rashard Lewis,Vince Carter,Kendrick Perkins,Kevin Garnett,Paul Pierce,Rajon Rondo,Ray Allen,3,7:43,ORL,shot,Matt Barnes,,,,,,,,,Jameer Nelson,2,,,made,,jump,43,7
Dwight Howard,Jameer Nelson,Matt Barnes,Rashard Lewis,Vince Carter,Kendrick Perkins,Kevin Garnett,Paul Pierce,Rajon Rondo,Ray Allen,3,7:16,BOS,shot,Kevin Garnett,,,,,,,,,Rajon Rondo,3,,,made,,3pt,9,25
Dwight Howard,Jameer Nelson,Matt Barnes,Rashard Lewis,Vince Carter,Kendrick Perkins,Kevin Garnett,Paul Pierce,Rajon Rondo,Ray Allen,3,6:57,ORL,shot,,,,,,,,,,Vince Carter,3,,,made,,3pt,36,29
Dwight Howard,Jameer Nelson,Matt Barnes,Rashard Lewis,Vince Carter,Kendrick Perkins,Kevin Garnett,Paul Pierce,Rajon Rondo,Ray Allen,3,6:34,BOS,turnover,,,,,,,,,,Kendrick Perkins,,,3 second violation,,,,,
Dwight Howard,Jameer Nelson,Matt Barnes,Rashard Lewis,Vince Carter,Kendrick Perkins,Kevin Garnett,Paul Pierce,Rajon Rondo,Ray Allen,3,6:17,ORL,shot,,,,,,,,,,Dwight Howard,,,,missed,,running hook,24,12
Dwight Howard,Jameer Nelson,Matt Barnes,Rashard Lewis,Vince Carter,Kendrick Perkins,Kevin Garnett,Paul Pierce,Rajon Rondo,Ray Allen,3,6:16,BOS,rebound,,,,,,,,,,Rajon Rondo,,,,,,def,,
Dwight Howard,Jameer Nelson,Matt Barnes,Rashard Lewis,Vince Carter,Kendrick Perkins,Kevin Garnett,Paul Pierce,Rajon Rondo,Ray Allen,3,5:58,ORL,foul,,,,,,,,Rajon Rondo,,Dwight Howard,,,,,,personal,,
Dwight Howard,Jameer Nelson,Matt Barnes,Rashard Lewis,Vince Carter,Kendrick Perkins,Kevin Garnett,Paul Pierce,Rajon Rondo,Ray Allen,3,5:58,BOS,timeout,,,,,,,,,,,,,,,,regular,,
Dwight Howard,Jameer Nelson,Matt Barnes,Rashard Lewis,Vince Carter,Kendrick Perkins,Kevin Garnett,Paul Pierce,Rajon Rondo,Ray Allen,3,5:50,BOS,turnover,,,,,,,,,,Paul Pierce,,,bad pass,,,,,
Dwight Howard,Jameer Nelson,Matt Barnes,Rashard Lewis,Vince Carter,Kendrick Perkins,Kevin Garnett,Paul Pierce,Rajon Rondo,Ray Allen,3,5:37,ORL,shot,,,,,,,,,,Rashard Lewis,,,,missed,,3pt,16,29
Dwight Howard,Jameer Nelson,Matt Barnes,Rashard Lewis,Vince Carter,Kendrick Perkins,Kevin Garnett,Paul Pierce,Rajon Rondo,Ray Allen,3,5:36,BOS,rebound,,,,,,,,,,Kendrick Perkins,,,,,,def,,
Dwight Howard,Jameer Nelson,Matt Barnes,Rashard Lewis,Vince Carter,Kendrick Perkins,Kevin Garnett,Paul Pierce,Rajon Rondo,Ray Allen,3,5:29,ORL,foul,,,,,,,,Rajon Rondo,,Vince Carter,,,,,,personal,,
Dwight Howard,Jameer Nelson,Matt Barnes,Rashard Lewis,Vince Carter,Kendrick Perkins,Kevin Garnett,Paul Pierce,Rajon Rondo,Ray Allen,3,5:17,BOS,shot,,,,,,,,,,Paul Pierce,,,,missed,,3pt,2,16
Dwight Howard,Jameer Nelson,Matt Barnes,Rashard Lewis,Vince Carter,Kendrick Perkins,Kevin Garnett,Paul Pierce,Rajon Rondo,Ray Allen,3,5:17,BOS,rebound,,,,,,,,,,Kevin Garnett,,,,,,off,,
Dwight Howard,Jameer Nelson,Matt Barnes,Rashard Lewis,Vince Carter,Kendrick Perkins,Kevin Garnett,Paul Pierce,Rajon Rondo,Ray Allen,3,5:12,BOS,shot,,,,,,,,,,Paul Pierce,,,,missed,,3pt,3,8
Dwight Howard,Jameer Nelson,Matt Barnes,Rashard Lewis,Vince Carter,Kendrick Perkins,Kevin Garnett,Paul Pierce,Rajon Rondo,Ray Allen,3,5:12,ORL,rebound,,,,,,,,,,Dwight Howard,,,,,,def,,
Dwight Howard,Jameer Nelson,Matt Barnes,Rashard Lewis,Vince Carter,Kendrick Perkins,Kevin Garnett,Paul Pierce,Rajon Rondo,Ray Allen,3,4:58,ORL,shot,,,,,,,,,,Vince Carter,2,,,made,,driving layup,27,6
Dwight Howard,Jameer Nelson,Matt Barnes,Rashard Lewis,Vince Carter,Kendrick Perkins,Kevin Garnett,Paul Pierce,Rajon Rondo,Ray Allen,3,4:58,BOS,foul,,,,,,,,Vince Carter,,Kendrick Perkins,,,,,,shooting,,
Dwight Howard,Jameer Nelson,Matt Barnes,Rashard Lewis,Vince Carter,Kendrick Perkins,Kevin Garnett,Paul Pierce,Rajon Rondo,Ray Allen,3,4:58,ORL,free throw,,,,,,,1,,1,Vince Carter,,,foul,made,,,,
Dwight Howard,Jameer Nelson,Matt Barnes,Rashard Lewis,Vince Carter,Kendrick Perkins,Kevin Garnett,Paul Pierce,Rajon Rondo,Ray Allen,3,4:44,BOS,shot,,,Dwight Howard,,,,,,,Kendrick Perkins,,,,missed,,layup,25,7
Dwight Howard,Jameer Nelson,Matt Barnes,Rashard Lewis,Vince Carter,Kendrick Perkins,Kevin Garnett,Paul Pierce,Rajon Rondo,Ray Allen,3,4:43,ORL,rebound,,,,,,,,,,Dwight Howard,,,,,,def,,
Dwight Howard,Jameer Nelson,Matt Barnes,Rashard Lewis,Vince Carter,Kendrick Perkins,Kevin Garnett,Paul Pierce,Rajon Rondo,Ray Allen,3,4:36,ORL,shot,Vince Carter,,,,,,,,,Rashard Lewis,3,,,made,,3pt,48,6
Dwight Howard,Jameer Nelson,Matt Barnes,Rashard Lewis,Vince Carter,Kendrick Perkins,Kevin Garnett,Paul Pierce,Rajon Rondo,Ray Allen,3,4:34,BOS,timeout,,,,,,,,,,,,,,,,regular,,
Dwight Howard,Jameer Nelson,Matt Barnes,Rashard Lewis,Vince Carter,Kevin Garnett,Paul Pierce,Rajon Rondo,Rasheed Wallace,Ray Allen,3,4:34,BOS,sub,,,,Rasheed Wallace,,Kendrick Perkins,,,,,,,,,,,,
Dwight Howard,Jameer Nelson,Matt Barnes,Rashard Lewis,Vince Carter,Kevin Garnett,Paul Pierce,Rajon Rondo,Rasheed Wallace,Ray Allen,3,4:18,BOS,shot,,,,,,,,,,Ray Allen,,,,missed,,jump,23,9
Dwight Howard,Jameer Nelson,Matt Barnes,Rashard Lewis,Vince Carter,Kevin Garnett,Paul Pierce,Rajon Rondo,Rasheed Wallace,Ray Allen,3,4:17,BOS,rebound,,,,,,,,,,Ray Allen,,,,,,off,,
Dwight Howard,Jameer Nelson,Matt Barnes,Rashard Lewis,Vince Carter,Kevin Garnett,Paul Pierce,Rajon Rondo,Rasheed Wallace,Ray Allen,3,4:15,BOS,shot,,,,,,,,,,Ray Allen,,,,missed,,layup,25,7
Dwight Howard,Jameer Nelson,Matt Barnes,Rashard Lewis,Vince Carter,Kevin Garnett,Paul Pierce,Rajon Rondo,Rasheed Wallace,Ray Allen,3,4:14,ORL,rebound,,,,,,,,,,Matt Barnes,,,,,,def,,
Dwight Howard,Jameer Nelson,Matt Barnes,Rashard Lewis,Vince Carter,Kevin Garnett,Paul Pierce,Rajon Rondo,Rasheed Wallace,Ray Allen,3,3:50,ORL,shot,Rashard Lewis,,,,,,,,,Vince Carter,3,,,made,,3pt,29,33
Dwight Howard,Jameer Nelson,Matt Barnes,Rashard Lewis,Vince Carter,Kevin Garnett,Paul Pierce,Rajon Rondo,Rasheed Wallace,Ray Allen,3,3:37,BOS,foul,,,,,,,,Jameer Nelson,,Kevin Garnett,,,,,,offensive,,
Dwight Howard,Jameer Nelson,Matt Barnes,Rashard Lewis,Vince Carter,Kevin Garnett,Paul Pierce,Rajon Rondo,Rasheed Wallace,Ray Allen,3,3:37,BOS,turnover,,,,,,,,,,Kevin Garnett,,,foul,,,,,
Dwight Howard,Jameer Nelson,Matt Barnes,Rashard Lewis,Vince Carter,Kevin Garnett,Rajon Rondo,Rasheed Wallace,Ray Allen,Tony Allen,3,3:37,BOS,sub,,,,Tony Allen,,Paul Pierce,,,,,,,,,,,,
Dwight Howard,Jameer Nelson,Matt Barnes,Rashard Lewis,Vince Carter,Kevin Garnett,Rajon Rondo,Rasheed Wallace,Ray Allen,Tony Allen,3,3:20,ORL,shot,Dwight Howard,,,,,,,,,Rashard Lewis,3,,,made,,3pt,42,23
Dwight Howard,Jameer Nelson,Matt Barnes,Rashard Lewis,Vince Carter,Kevin Garnett,Rajon Rondo,Rasheed Wallace,Ray Allen,Tony Allen,3,2:56,BOS,shot,,,,,,,,,,Rajon Rondo,,,,missed,,jump,20,25
Dwight Howard,Jameer Nelson,Matt Barnes,Rashard Lewis,Vince Carter,Kevin Garnett,Rajon Rondo,Rasheed Wallace,Ray Allen,Tony Allen,3,2:55,ORL,rebound,,,,,,,,,,Dwight Howard,,,,,,def,,
Dwight Howard,Jameer Nelson,Matt Barnes,Rashard Lewis,Vince Carter,Kevin Garnett,Rajon Rondo,Rasheed Wallace,Ray Allen,Tony Allen,3,2:44,ORL,shot,Matt Barnes,,,,,,,,,Dwight Howard,2,,,made,,alley oop dunk,25,7
Dwight Howard,Jameer Nelson,Matt Barnes,Rashard Lewis,Vince Carter,Kevin Garnett,Rajon Rondo,Rasheed Wallace,Ray Allen,Tony Allen,3,2:26,BOS,turnover,,,,,,,,,,Kevin Garnett,,,out of bounds lost ball turnover,,,,,
Dwight Howard,Jameer Nelson,Matt Barnes,Rashard Lewis,Vince Carter,Glen Davis,Rajon Rondo,Rasheed Wallace,Ray Allen,Tony Allen,3,2:26,BOS,sub,,,,Glen Davis,,Kevin Garnett,,,,,,,,,,,,
Dwight Howard,Jameer Nelson,Matt Barnes,Rashard Lewis,Vince Carter,Glen Davis,Rajon Rondo,Rasheed Wallace,Ray Allen,Tony Allen,3,2:09,ORL,turnover,,,,,,,,,,Dwight Howard,,,lost ball,,Glen Davis,,,
Dwight Howard,Jameer Nelson,Matt Barnes,Rashard Lewis,Vince Carter,Glen Davis,Rajon Rondo,Rasheed Wallace,Ray Allen,Tony Allen,3,1:53,BOS,shot,,,,,,,,,,Ray Allen,,,,missed,,3pt,25,31
Dwight Howard,Jameer Nelson,Matt Barnes,Rashard Lewis,Vince Carter,Glen Davis,Rajon Rondo,Rasheed Wallace,Ray Allen,Tony Allen,3,1:52,ORL,rebound,,,,,,,,,,Dwight Howard,,,,,,def,,
Dwight Howard,Jameer Nelson,Matt Barnes,Rashard Lewis,Vince Carter,Glen Davis,Rajon Rondo,Rasheed Wallace,Ray Allen,Tony Allen,3,1:45,ORL,shot,,,,,,,,,,Jameer Nelson,2,,,made,,driving layup,23,6
Dwight Howard,Jameer Nelson,Matt Barnes,Rashard Lewis,Vince Carter,Glen Davis,Rajon Rondo,Rasheed Wallace,Ray Allen,Tony Allen,3,1:33,ORL,foul,,,,,,,,Tony Allen,,Vince Carter,,,,,,shooting,,
Dwight Howard,Jason Williams,Matt Barnes,Rashard Lewis,Vince Carter,Glen Davis,Rajon Rondo,Rasheed Wallace,Ray Allen,Tony Allen,3,1:33,ORL,sub,,,,Jason Williams,,Jameer Nelson,,,,,,,,,,,,
Dwight Howard,Jason Williams,Matt Barnes,Rashard Lewis,Vince Carter,Eddie House,Glen Davis,Rasheed Wallace,Ray Allen,Tony Allen,3,1:33,BOS,sub,,,,Eddie House,,Rajon Rondo,,,,,,,,,,,,
Dwight Howard,J.J. Redick,Jason Williams,Matt Barnes,Rashard Lewis,Eddie House,Glen Davis,Rasheed Wallace,Ray Allen,Tony Allen,3,1:33,ORL,sub,,,,J.J. Redick,,Vince Carter,,,,,,,,,,,,
Dwight Howard,J.J. Redick,Jason Williams,Matt Barnes,Rashard Lewis,Eddie House,Glen Davis,Rasheed Wallace,Ray Allen,Tony Allen,3,1:33,BOS,free throw,,,,,,,1,,2,Tony Allen,,,foul,made,,,,
Dwight Howard,J.J. Redick,Jason Williams,Matt Barnes,Rashard Lewis,Eddie House,Glen Davis,Rasheed Wallace,Ray Allen,Tony Allen,3,1:33,BOS,free throw,,,,,,,2,,2,Tony Allen,,,foul,made,,,,
Dwight Howard,J.J. Redick,Jason Williams,Matt Barnes,Rashard Lewis,Eddie House,Glen Davis,Rasheed Wallace,Ray Allen,Tony Allen,3,1:17,BOS,foul,,,,,,,,Rashard Lewis,,Tony Allen,,,,,,shooting,,
Dwight Howard,J.J. Redick,Jason Williams,Matt Barnes,Rashard Lewis,Eddie House,Glen Davis,Rasheed Wallace,Ray Allen,Tony Allen,3,1:17,ORL,free throw,,,,,,,1,,2,Rashard Lewis,,,foul,made,,,,
Dwight Howard,J.J. Redick,Jason Williams,Matt Barnes,Rashard Lewis,Eddie House,Glen Davis,Marquis Daniels,Rasheed Wallace,Tony Allen,3,1:17,BOS,sub,,,,Marquis Daniels,,Ray Allen,,,,,,,,,,,,
Dwight Howard,Jason Williams,Matt Barnes,Mickael Pietrus,Rashard Lewis,Eddie House,Glen Davis,Marquis Daniels,Rasheed Wallace,Tony Allen,3,1:17,ORL,sub,,,,Mickael Pietrus,,J.J. Redick,,,,,,,,,,,,
Dwight Howard,Jason Williams,Matt Barnes,Mickael Pietrus,Rashard Lewis,Eddie House,Glen Davis,Marquis Daniels,Rasheed Wallace,Tony Allen,3,1:17,ORL,free throw,,,,,,,2,,2,Rashard Lewis,,,foul,made,,,,
Dwight Howard,Jason Williams,Matt Barnes,Mickael Pietrus,Rashard Lewis,Eddie House,Glen Davis,Marquis Daniels,Rasheed Wallace,Tony Allen,3,1:02,BOS,shot,,,,,,,,,,Glen Davis,,,,missed,,fade away jumper,25,15
Dwight Howard,Jason Williams,Matt Barnes,Mickael Pietrus,Rashard Lewis,Eddie House,Glen Davis,Marquis Daniels,Rasheed Wallace,Tony Allen,3,1:01,ORL,rebound,,,,,,,,,,Dwight Howard,,,,,,def,,
Dwight Howard,Jason Williams,Matt Barnes,Mickael Pietrus,Rashard Lewis,Eddie House,Glen Davis,Marquis Daniels,Rasheed Wallace,Tony Allen,3,0:48,ORL,shot,,,,,,,,,,Rashard Lewis,,,,missed,,jump,35,18
Dwight Howard,Jason Williams,Matt Barnes,Mickael Pietrus,Rashard Lewis,Eddie House,Glen Davis,Marquis Daniels,Rasheed Wallace,Tony Allen,3,0:46,BOS,rebound,,,,,,,,,,Marquis Daniels,,,,,,def,,
Dwight Howard,Jason Williams,Matt Barnes,Mickael Pietrus,Rashard Lewis,Eddie House,Glen Davis,Marquis Daniels,Rasheed Wallace,Tony Allen,3,0:35,BOS,shot,,,,,,,,,,Rasheed Wallace,,,,missed,,3pt,9,24
Dwight Howard,Jason Williams,Matt Barnes,Mickael Pietrus,Rashard Lewis,Eddie House,Glen Davis,Marquis Daniels,Rasheed Wallace,Tony Allen,3,0:35,ORL,rebound,,,,,,,,,,Dwight Howard,,,,,,def,,
Dwight Howard,Jason Williams,Matt Barnes,Mickael Pietrus,Rashard Lewis,Eddie House,Glen Davis,Marquis Daniels,Rasheed Wallace,Tony Allen,3,0:20,ORL,shot,,,,,,,,,,Jason Williams,2,,,made,,driving layup,23,6
Dwight Howard,Jason Williams,Matt Barnes,Mickael Pietrus,Rashard Lewis,Eddie House,Glen Davis,Marquis Daniels,Rasheed Wallace,Tony Allen,3,0:04,BOS,turnover,,,,,,,,,,Tony Allen,,,traveling,,,,,
Dwight Howard,Jason Williams,Matt Barnes,Mickael Pietrus,Rashard Lewis,Eddie House,Glen Davis,Marquis Daniels,Rasheed Wallace,Tony Allen,3,0:00,BOS,foul,,,,,,,,Jason Williams,,Eddie House,,,,,,shooting,,
Dwight Howard,Jason Williams,Matt Barnes,Mickael Pietrus,Rashard Lewis,Eddie House,Glen Davis,Marquis Daniels,Rasheed Wallace,Tony Allen,3,0:00,ORL,free throw,,,,,,,1,,2,Jason Williams,,,foul,made,,,,
Dwight Howard,Jason Williams,Matt Barnes,Mickael Pietrus,Rashard Lewis,Eddie House,Glen Davis,Marquis Daniels,Rasheed Wallace,Tony Allen,3,0:00,ORL,free throw,,,,,,,2,,2,Jason Williams,,,foul,made,,,,
Dwight Howard,Jason Williams,Matt Barnes,Mickael Pietrus,Ryan Anderson,Eddie House,Glen Davis,Marquis Daniels,Rasheed Wallace,Tony Allen,4,11:45,BOS,shot,,,Ryan Anderson,,,,,,,Glen Davis,,,,missed,,jump,26,10
Dwight Howard,Jason Williams,Matt Barnes,Mickael Pietrus,Ryan Anderson,Eddie House,Glen Davis,Marquis Daniels,Rasheed Wallace,Tony Allen,4,11:42,BOS,rebound,,,,,,,,,,Glen Davis,,,,,,off,,
Dwight Howard,Jason Williams,Matt Barnes,Mickael Pietrus,Ryan Anderson,Eddie House,Glen Davis,Marquis Daniels,Rasheed Wallace,Tony Allen,4,11:42,BOS,shot,,,,,,,,,,Glen Davis,,,,missed,,layup,24,9
Dwight Howard,Jason Williams,Matt Barnes,Mickael Pietrus,Ryan Anderson,Eddie House,Glen Davis,Marquis Daniels,Rasheed Wallace,Tony Allen,4,11:40,BOS,rebound,,,,,,,,,,Glen Davis,,,,,,off,,
Dwight Howard,Jason Williams,Matt Barnes,Mickael Pietrus,Ryan Anderson,Eddie House,Glen Davis,Marquis Daniels,Rasheed Wallace,Tony Allen,4,11:39,BOS,shot,,,,,,,,,,Glen Davis,,,,missed,,layup,26,6
Dwight Howard,Jason Williams,Matt Barnes,Mickael Pietrus,Ryan Anderson,Eddie House,Glen Davis,Marquis Daniels,Rasheed Wallace,Tony Allen,4,11:37,ORL,rebound,,,,,,,,,,Ryan Anderson,,,,,,def,,
Dwight Howard,Jason Williams,Matt Barnes,Mickael Pietrus,Ryan Anderson,Eddie House,Glen Davis,Marquis Daniels,Rasheed Wallace,Tony Allen,4,11:31,ORL,shot,Matt Barnes,,,,,,,,,Mickael Pietrus,3,,,made,,3pt,48,5
Dwight Howard,Jason Williams,Matt Barnes,Mickael Pietrus,Ryan Anderson,Eddie House,Glen Davis,Marquis Daniels,Rasheed Wallace,Tony Allen,4,11:11,BOS,shot,Glen Davis,,,,,,,,,Eddie House,3,,,made,,3pt,25,31
Dwight Howard,Jason Williams,Matt Barnes,Mickael Pietrus,Ryan Anderson,Eddie House,Glen Davis,Marquis Daniels,Rasheed Wallace,Tony Allen,4,10:59,ORL,shot,Mickael Pietrus,,,,,,,,,Matt Barnes,3,,,made,,3pt,48,6
Dwight Howard,Jason Williams,Matt Barnes,Mickael Pietrus,Ryan Anderson,Eddie House,Glen Davis,Marquis Daniels,Rasheed Wallace,Tony Allen,4,10:44,BOS,shot,Rasheed Wallace,,,,,,,,,Marquis Daniels,2,,,made,,jump,12,5
Dwight Howard,Jason Williams,Matt Barnes,Mickael Pietrus,Ryan Anderson,Eddie House,Glen Davis,Marquis Daniels,Rasheed Wallace,Tony Allen,4,10:20,BOS,foul,,,,,,,,Dwight Howard,,Rasheed Wallace,,,,,,shooting,,
Dwight Howard,J.J. Redick,Jason Williams,Mickael Pietrus,Ryan Anderson,Eddie House,Glen Davis,Marquis Daniels,Rasheed Wallace,Tony Allen,4,10:20,ORL,sub,,,,J.J. Redick,,Matt Barnes,,,,,,,,,,,,
Dwight Howard,J.J. Redick,Jason Williams,Mickael Pietrus,Ryan Anderson,Eddie House,Glen Davis,Marquis Daniels,Rasheed Wallace,Ray Allen,4,10:20,BOS,sub,,,,Ray Allen,,Tony Allen,,,,,,,,,,,,
Dwight Howard,J.J. Redick,Jason Williams,Mickael Pietrus,Ryan Anderson,Eddie House,Glen Davis,Marquis Daniels,Rasheed Wallace,Ray Allen,4,10:20,ORL,free throw,,,,,,,1,,2,Dwight Howard,,,foul,made,,,,
Dwight Howard,J.J. Redick,Jason Williams,Mickael Pietrus,Ryan Anderson,Eddie House,Glen Davis,Marquis Daniels,Rasheed Wallace,Ray Allen,4,10:20,ORL,free throw,,,,,,,2,,2,Dwight Howard,,,foul,made,,,,
Dwight Howard,J.J. Redick,Jason Williams,Mickael Pietrus,Ryan Anderson,Eddie House,Glen Davis,Marquis Daniels,Rasheed Wallace,Ray Allen,4,10:07,BOS,shot,,,,,,,,,,Rasheed Wallace,,,,missed,,jump,12,6
Dwight Howard,J.J. Redick,Jason Williams,Mickael Pietrus,Ryan Anderson,Eddie House,Glen Davis,Marquis Daniels,Rasheed Wallace,Ray Allen,4,10:06,BOS,rebound,,,,,,,,,,Glen Davis,,,,,,off,,
Dwight Howard,J.J. Redick,Jason Williams,Mickael Pietrus,Ryan Anderson,Eddie House,Glen Davis,Marquis Daniels,Rasheed Wallace,Ray Allen,4,10:02,BOS,shot,,,Dwight Howard,,,,,,,Glen Davis,,,,missed,,layup,26,7
Dwight Howard,J.J. Redick,Jason Williams,Mickael Pietrus,Ryan Anderson,Eddie House,Glen Davis,Marquis Daniels,Rasheed Wallace,Ray Allen,4,10:00,ORL,rebound,,,,,,,,,,Jason Williams,,,,,,def,,
Dwight Howard,J.J. Redick,Jason Williams,Mickael Pietrus,Ryan Anderson,Eddie House,Glen Davis,Marquis Daniels,Rasheed Wallace,Ray Allen,4,9:54,BOS,foul,,,,,,,,Dwight Howard,,Rasheed Wallace,,,,,,shooting,,
Dwight Howard,J.J. Redick,Jason Williams,Mickael Pietrus,Ryan Anderson,Eddie House,Glen Davis,Marquis Daniels,Rasheed Wallace,Ray Allen,4,9:54,ORL,free throw,,,,,,,1,,2,Dwight Howard,,,foul,missed,,,,
Dwight Howard,J.J. Redick,Jason Williams,Mickael Pietrus,Ryan Anderson,Eddie House,Glen Davis,Marquis Daniels,Rasheed Wallace,Ray Allen,4,9:54,ORL,rebound,,,,,,,,,,,,,,,,,,
Dwight Howard,J.J. Redick,Jason Williams,Mickael Pietrus,Ryan Anderson,Eddie House,Glen Davis,Marquis Daniels,Rasheed Wallace,Ray Allen,4,9:54,ORL,free throw,,,,,,,2,,2,Dwight Howard,,,foul,missed,,,,
Dwight Howard,J.J. Redick,Jason Williams,Mickael Pietrus,Ryan Anderson,Eddie House,Glen Davis,Marquis Daniels,Rasheed Wallace,Ray Allen,4,9:54,BOS,rebound,,,,,,,,,,Eddie House,,,,,,def,,
Dwight Howard,J.J. Redick,Jason Williams,Mickael Pietrus,Ryan Anderson,Eddie House,Glen Davis,Marquis Daniels,Rasheed Wallace,Ray Allen,4,9:39,BOS,shot,Rasheed Wallace,,,,,,,,,Ray Allen,2,,,made,,layup,26,6
Dwight Howard,J.J. Redick,Jason Williams,Mickael Pietrus,Ryan Anderson,Eddie House,Glen Davis,Marquis Daniels,Rasheed Wallace,Ray Allen,4,9:18,ORL,shot,,,,,,,,,,Ryan Anderson,,,,missed,,3pt,36,28
Dwight Howard,J.J. Redick,Jason Williams,Mickael Pietrus,Ryan Anderson,Eddie House,Glen Davis,Marquis Daniels,Rasheed Wallace,Ray Allen,4,9:17,BOS,rebound,,,,,,,,,,Marquis Daniels,,,,,,def,,
Dwight Howard,J.J. Redick,Jason Williams,Mickael Pietrus,Ryan Anderson,Eddie House,Glen Davis,Marquis Daniels,Rasheed Wallace,Ray Allen,4,9:11,ORL,foul,,,,,,,,Ray Allen,,J.J. Redick,,,,,,personal,,
Dwight Howard,J.J. Redick,Jason Williams,Mickael Pietrus,Ryan Anderson,Eddie House,Glen Davis,Marquis Daniels,Rasheed Wallace,Ray Allen,4,9:04,BOS,shot,Rasheed Wallace,,,,,,,,,Eddie House,2,,,made,,jump,26,29
Dwight Howard,J.J. Redick,Jason Williams,Mickael Pietrus,Ryan Anderson,Eddie House,Glen Davis,Marquis Daniels,Rasheed Wallace,Ray Allen,4,8:44,BOS,foul,,,,,,,,J.J. Redick,,Rasheed Wallace,,,,,,shooting,,
Dwight Howard,J.J. Redick,Jason Williams,Mickael Pietrus,Ryan Anderson,Eddie House,Glen Davis,Marquis Daniels,Rasheed Wallace,Ray Allen,4,8:44,ORL,timeout,,,,,,,,,,,,,,,,official,,
Dwight Howard,J.J. Redick,Jason Williams,Mickael Pietrus,Ryan Anderson,Eddie House,Glen Davis,Marquis Daniels,Rasheed Wallace,Ray Allen,4,8:44,ORL,free throw,,,,,,,1,,2,J.J. Redick,,,foul,made,,,,
Dwight Howard,J.J. Redick,Jason Williams,Mickael Pietrus,Ryan Anderson,Eddie House,Glen Davis,Marquis Daniels,Rasheed Wallace,Ray Allen,4,8:44,ORL,free throw,,,,,,,2,,2,J.J. Redick,,,foul,made,,,,
Dwight Howard,J.J. Redick,Jason Williams,Mickael Pietrus,Ryan Anderson,Eddie House,Glen Davis,Marquis Daniels,Rasheed Wallace,Ray Allen,4,8:30,BOS,shot,,,,,,,,,,Ray Allen,,,,missed,,jump,28,20
Dwight Howard,J.J. Redick,Jason Williams,Mickael Pietrus,Ryan Anderson,Eddie House,Glen Davis,Marquis Daniels,Rasheed Wallace,Ray Allen,4,8:30,ORL,rebound,,,,,,,,,,Dwight Howard,,,,,,def,,
Dwight Howard,J.J. Redick,Jason Williams,Mickael Pietrus,Ryan Anderson,Eddie House,Glen Davis,Marquis Daniels,Rasheed Wallace,Ray Allen,4,8:09,ORL,turnover,,,,,,,,,,Mickael Pietrus,,,traveling,,,,,
Dwight Howard,J.J. Redick,Jason Williams,Mickael Pietrus,Ryan Anderson,Eddie House,Glen Davis,Rajon Rondo,Rasheed Wallace,Ray Allen,4,8:09,BOS,sub,,,,Rajon Rondo,,Marquis Daniels,,,,,,,,,,,,
Dwight Howard,J.J. Redick,Jason Williams,Mickael Pietrus,Ryan Anderson,Eddie House,Glen Davis,Rajon Rondo,Rasheed Wallace,Ray Allen,4,7:55,BOS,shot,,,,,,,,,,Glen Davis,2,,,made,,reverse layup,26,7
Dwight Howard,J.J. Redick,Jason Williams,Mickael Pietrus,Ryan Anderson,Eddie House,Glen Davis,Rajon Rondo,Rasheed Wallace,Ray Allen,4,7:55,ORL,foul,,,,,,,,Glen Davis,,Ryan Anderson,,,,,,shooting,,
Dwight Howard,J.J. Redick,Jason Williams,Mickael Pietrus,Ryan Anderson,Eddie House,Glen Davis,Rajon Rondo,Rasheed Wallace,Ray Allen,4,7:55,BOS,free throw,,,,,,,1,,1,Glen Davis,,,foul,made,,,,
Dwight Howard,J.J. Redick,Jason Williams,Mickael Pietrus,Ryan Anderson,Eddie House,Glen Davis,Rajon Rondo,Rasheed Wallace,Ray Allen,4,7:39,ORL,turnover,,,,,,,,,,Ryan Anderson,,,lost ball,,Rajon Rondo,,,
Dwight Howard,J.J. Redick,Jason Williams,Mickael Pietrus,Ryan Anderson,Eddie House,Glen Davis,Rajon Rondo,Rasheed Wallace,Ray Allen,4,7:35,BOS,shot,,,Ryan Anderson,,,,,,,Ray Allen,,,,missed,,jump,22,8
Dwight Howard,J.J. Redick,Jason Williams,Mickael Pietrus,Ryan Anderson,Eddie House,Glen Davis,Rajon Rondo,Rasheed Wallace,Ray Allen,4,7:34,BOS,rebound,,,,,,,,,,,,,,,,,,
Dwight Howard,J.J. Redick,Jameer Nelson,Mickael Pietrus,Ryan Anderson,Eddie House,Glen Davis,Rajon Rondo,Rasheed Wallace,Ray Allen,4,7:34,ORL,sub,,,,Jameer Nelson,,Jason Williams,,,,,,,,,,,,
Dwight Howard,J.J. Redick,Jameer Nelson,Mickael Pietrus,Ryan Anderson,Eddie House,Glen Davis,Rajon Rondo,Rasheed Wallace,Ray Allen,4,7:25,BOS,shot,,,,,,,,,,Rasheed Wallace,,,,missed,,jump,45,13
Dwight Howard,J.J. Redick,Jameer Nelson,Mickael Pietrus,Ryan Anderson,Eddie House,Glen Davis,Rajon Rondo,Rasheed Wallace,Ray Allen,4,7:23,ORL,rebound,,,,,,,,,,J.J. Redick,,,,,,def,,
Dwight Howard,J.J. Redick,Jameer Nelson,Mickael Pietrus,Ryan Anderson,Eddie House,Glen Davis,Rajon Rondo,Rasheed Wallace,Ray Allen,4,7:11,ORL,shot,J.J. Redick,,,,,,,,,Mickael Pietrus,3,,,made,,3pt,6,21
Dwight Howard,J.J. Redick,Jameer Nelson,Mickael Pietrus,Ryan Anderson,Eddie House,Glen Davis,Rajon Rondo,Rasheed Wallace,Ray Allen,4,7:09,BOS,timeout,,,,,,,,,,,,,,,,regular,,
Dwight Howard,J.J. Redick,Jameer Nelson,Mickael Pietrus,Rashard Lewis,Eddie House,Glen Davis,Rajon Rondo,Rasheed Wallace,Ray Allen,4,7:09,ORL,sub,,,,Rashard Lewis,,Ryan Anderson,,,,,,,,,,,,
Dwight Howard,J.J. Redick,Jameer Nelson,Mickael Pietrus,Rashard Lewis,Eddie House,Glen Davis,Kevin Garnett,Rajon Rondo,Ray Allen,4,7:09,BOS,sub,,,,Kevin Garnett,,Rasheed Wallace,,,,,,,,,,,,
Dwight Howard,J.J. Redick,Jameer Nelson,Mickael Pietrus,Rashard Lewis,Eddie House,Glen Davis,Kevin Garnett,Rajon Rondo,Ray Allen,4,6:58,BOS,shot,Rajon Rondo,,,,,,,,,Kevin Garnett,2,,,made,,fade away jumper,34,9
Dwight Howard,J.J. Redick,Jameer Nelson,Mickael Pietrus,Rashard Lewis,Eddie House,Glen Davis,Kevin Garnett,Rajon Rondo,Ray Allen,4,6:41,ORL,shot,,,,,,,,,,Jameer Nelson,,,,missed,,jump,39,15
Dwight Howard,J.J. Redick,Jameer Nelson,Mickael Pietrus,Rashard Lewis,Eddie House,Glen Davis,Kevin Garnett,Rajon Rondo,Ray Allen,4,6:39,BOS,rebound,,,,,,,,,,Rajon Rondo,,,,,,def,,
Dwight Howard,J.J. Redick,Jameer Nelson,Mickael Pietrus,Rashard Lewis,Eddie House,Glen Davis,Kevin Garnett,Rajon Rondo,Ray Allen,4,6:24,BOS,shot,,,,,,,,,,Kevin Garnett,,,,missed,,jump,30,25
Dwight Howard,J.J. Redick,Jameer Nelson,Mickael Pietrus,Rashard Lewis,Eddie House,Glen Davis,Kevin Garnett,Rajon Rondo,Ray Allen,4,6:24,ORL,rebound,,,,,,,,,,J.J. Redick,,,,,,def,,
Dwight Howard,J.J. Redick,Jameer Nelson,Mickael Pietrus,Rashard Lewis,Eddie House,Glen Davis,Kevin Garnett,Rajon Rondo,Ray Allen,4,6:16,BOS,foul,,,,,,,,J.J. Redick,,Eddie House,,,,,,personal,,
Dwight Howard,J.J. Redick,Jameer Nelson,Mickael Pietrus,Rashard Lewis,Glen Davis,Kevin Garnett,Paul Pierce,Rajon Rondo,Ray Allen,4,6:16,BOS,sub,,,,Paul Pierce,,Eddie House,,,,,,,,,,,,
Dwight Howard,J.J. Redick,Jameer Nelson,Mickael Pietrus,Rashard Lewis,Glen Davis,Kevin Garnett,Paul Pierce,Rajon Rondo,Ray Allen,4,6:05,ORL,shot,,,,,,,,,,Dwight Howard,,,,missed,,jump,20,7
Dwight Howard,J.J. Redick,Jameer Nelson,Mickael Pietrus,Rashard Lewis,Glen Davis,Kevin Garnett,Paul Pierce,Rajon Rondo,Ray Allen,4,6:04,BOS,rebound,,,,,,,,,,Glen Davis,,,,,,def,,
Dwight Howard,J.J. Redick,Jameer Nelson,Mickael Pietrus,Rashard Lewis,Glen Davis,Kevin Garnett,Paul Pierce,Rajon Rondo,Ray Allen,4,5:47,BOS,shot,,,,,,,,,,Kevin Garnett,,,,missed,,layup,27,6
Dwight Howard,J.J. Redick,Jameer Nelson,Mickael Pietrus,Rashard Lewis,Glen Davis,Kevin Garnett,Paul Pierce,Rajon Rondo,Ray Allen,4,5:46,BOS,rebound,,,,,,,,,,Rajon Rondo,,,,,,off,,
Dwight Howard,J.J. Redick,Jameer Nelson,Mickael Pietrus,Rashard Lewis,Glen Davis,Kevin Garnett,Paul Pierce,Rajon Rondo,Ray Allen,4,5:28,ORL,foul,,,,,,,,Glen Davis,,Rashard Lewis,,,,,,shooting,,
Dwight Howard,J.J. Redick,Jameer Nelson,Rashard Lewis,Vince Carter,Glen Davis,Kevin Garnett,Paul Pierce,Rajon Rondo,Ray Allen,4,5:28,ORL,sub,,,,Vince Carter,,Mickael Pietrus,,,,,,,,,,,,
Dwight Howard,J.J. Redick,Jameer Nelson,Rashard Lewis,Vince Carter,Glen Davis,Kevin Garnett,Paul Pierce,Rajon Rondo,Ray Allen,4,5:28,BOS,free throw,,,,,,,1,,2,Glen Davis,,,foul,missed,,,,
Dwight Howard,J.J. Redick,Jameer Nelson,Rashard Lewis,Vince Carter,Glen Davis,Kevin Garnett,Paul Pierce,Rajon Rondo,Ray Allen,4,5:28,BOS,rebound,,,,,,,,,,,,,,,,,,
Dwight Howard,J.J. Redick,Jameer Nelson,Rashard Lewis,Vince Carter,Glen Davis,Kevin Garnett,Paul Pierce,Rajon Rondo,Ray Allen,4,5:28,BOS,free throw,,,,,,,2,,2,Glen Davis,,,foul,missed,,,,
Dwight Howard,J.J. Redick,Jameer Nelson,Rashard Lewis,Vince Carter,Glen Davis,Kevin Garnett,Paul Pierce,Rajon Rondo,Ray Allen,4,5:27,ORL,rebound,,,,,,,,,,Dwight Howard,,,,,,def,,
Dwight Howard,J.J. Redick,Jameer Nelson,Rashard Lewis,Vince Carter,Glen Davis,Kevin Garnett,Paul Pierce,Rajon Rondo,Ray Allen,4,5:18,ORL,turnover,,,,,,,,,,Jameer Nelson,,,bad pass,,Kevin Garnett,,,
Dwight Howard,J.J. Redick,Jameer Nelson,Rashard Lewis,Vince Carter,Glen Davis,Kevin Garnett,Paul Pierce,Rajon Rondo,Ray Allen,4,5:14,BOS,shot,Rajon Rondo,,,,,,,,,Kevin Garnett,2,,,made,,running dunk,25,7
Dwight Howard,J.J. Redick,Jameer Nelson,Rashard Lewis,Vince Carter,Glen Davis,Kevin Garnett,Paul Pierce,Rajon Rondo,Ray Allen,4,5:14,ORL,foul,,,,,,,,Kevin Garnett,,Dwight Howard,,,,,,shooting,,
Dwight Howard,J.J. Redick,Jameer Nelson,Rashard Lewis,Vince Carter,Glen Davis,Kevin Garnett,Paul Pierce,Rajon Rondo,Ray Allen,4,5:14,BOS,free throw,,,,,,,1,,1,Kevin Garnett,,,foul,made,,,,
Dwight Howard,J.J. Redick,Jameer Nelson,Rashard Lewis,Vince Carter,Glen Davis,Kevin Garnett,Paul Pierce,Rajon Rondo,Ray Allen,4,4:51,ORL,shot,,,,,,,,,,Jameer Nelson,,,,missed,,3pt,14,28
Dwight Howard,J.J. Redick,Jameer Nelson,Rashard Lewis,Vince Carter,Glen Davis,Kevin Garnett,Paul Pierce,Rajon Rondo,Ray Allen,4,4:50,BOS,rebound,,,,,,,,,,Ray Allen,,,,,,def,,
Dwight Howard,J.J. Redick,Jameer Nelson,Rashard Lewis,Vince Carter,Glen Davis,Kevin Garnett,Paul Pierce,Rajon Rondo,Ray Allen,4,4:27,BOS,shot,,,,,,,,,,Rajon Rondo,,,,missed,,jump,30,21
Dwight Howard,J.J. Redick,Jameer Nelson,Rashard Lewis,Vince Carter,Glen Davis,Kevin Garnett,Paul Pierce,Rajon Rondo,Ray Allen,4,4:26,ORL,rebound,,,,,,,,,,J.J. Redick,,,,,,def,,
Dwight Howard,J.J. Redick,Jameer Nelson,Rashard Lewis,Vince Carter,Glen Davis,Kevin Garnett,Paul Pierce,Rajon Rondo,Ray Allen,4,4:05,ORL,shot,,,,,,,,,,J.J. Redick,,,,missed,,3pt,2,6
Dwight Howard,J.J. Redick,Jameer Nelson,Rashard Lewis,Vince Carter,Glen Davis,Kevin Garnett,Paul Pierce,Rajon Rondo,Ray Allen,4,4:04,BOS,rebound,,,,,,,,,,Kevin Garnett,,,,,,def,,
Dwight Howard,J.J. Redick,Jameer Nelson,Rashard Lewis,Vince Carter,Glen Davis,Kevin Garnett,Paul Pierce,Rajon Rondo,Ray Allen,4,3:53,BOS,turnover,,,,,,,,,,Ray Allen,,,bad pass,,,,,
Dwight Howard,J.J. Redick,Jameer Nelson,Rashard Lewis,Vince Carter,Glen Davis,Kevin Garnett,Paul Pierce,Rajon Rondo,Ray Allen,4,3:37,BOS,foul,,,,,,,,Dwight Howard,,Glen Davis,,,,,,personal,,
Dwight Howard,J.J. Redick,Jameer Nelson,Rashard Lewis,Vince Carter,Glen Davis,Kevin Garnett,Paul Pierce,Rajon Rondo,Ray Allen,4,3:37,ORL,free throw,,,,,,,1,,2,Dwight Howard,,,foul,made,,,,
Dwight Howard,J.J. Redick,Jameer Nelson,Rashard Lewis,Vince Carter,Glen Davis,Kevin Garnett,Paul Pierce,Rajon Rondo,Ray Allen,4,3:37,ORL,free throw,,,,,,,2,,2,Dwight Howard,,,foul,made,,,,
Dwight Howard,J.J. Redick,Jameer Nelson,Rashard Lewis,Vince Carter,Glen Davis,Kevin Garnett,Paul Pierce,Rajon Rondo,Ray Allen,4,3:14,BOS,shot,,,,,,,,,,Paul Pierce,,,,missed,,jump,14,14
Dwight Howard,J.J. Redick,Jameer Nelson,Rashard Lewis,Vince Carter,Glen Davis,Kevin Garnett,Paul Pierce,Rajon Rondo,Ray Allen,4,3:13,ORL,rebound,,,,,,,,,,Dwight Howard,,,,,,def,,
Dwight Howard,J.J. Redick,Jameer Nelson,Rashard Lewis,Vince Carter,Glen Davis,Kevin Garnett,Paul Pierce,Rajon Rondo,Ray Allen,4,3:12,BOS,foul,,,,,,,,Dwight Howard,,Kevin Garnett,,,,,,personal,,
Dwight Howard,J.J. Redick,Jameer Nelson,Rashard Lewis,Vince Carter,Glen Davis,Kevin Garnett,Paul Pierce,Rajon Rondo,Ray Allen,4,3:12,ORL,free throw,,,,,,,1,,2,Dwight Howard,,,foul,made,,,,
Dwight Howard,J.J. Redick,Jameer Nelson,Rashard Lewis,Vince Carter,Glen Davis,Kevin Garnett,Paul Pierce,Rajon Rondo,Ray Allen,4,3:12,ORL,free throw,,,,,,,2,,2,Dwight Howard,,,foul,missed,,,,
Dwight Howard,J.J. Redick,Jameer Nelson,Rashard Lewis,Vince Carter,Glen Davis,Kevin Garnett,Paul Pierce,Rajon Rondo,Ray Allen,4,3:12,BOS,rebound,,,,,,,,,,Kevin Garnett,,,,,,def,,
Dwight Howard,J.J. Redick,Jameer Nelson,Rashard Lewis,Vince Carter,Glen Davis,Kevin Garnett,Paul Pierce,Rajon Rondo,Ray Allen,4,2:57,BOS,shot,,,,,,,,,,Kevin Garnett,,,,missed,,turnaround fade away,36,10
Dwight Howard,J.J. Redick,Jameer Nelson,Rashard Lewis,Vince Carter,Glen Davis,Kevin Garnett,Paul Pierce,Rajon Rondo,Ray Allen,4,2:56,BOS,rebound,,,,,,,,,,Paul Pierce,,,,,,off,,
Dwight Howard,J.J. Redick,Jameer Nelson,Rashard Lewis,Vince Carter,Glen Davis,Kevin Garnett,Paul Pierce,Rajon Rondo,Ray Allen,4,2:49,BOS,shot,Ray Allen,,,,,,,,,Rajon Rondo,3,,,made,,3pt,2,14
Dwight Howard,J.J. Redick,Jameer Nelson,Rashard Lewis,Vince Carter,Glen Davis,Kevin Garnett,Paul Pierce,Rajon Rondo,Ray Allen,4,2:30,BOS,foul,,,,,,,,Jameer Nelson,,Paul Pierce,,,,,,personal,,
Dwight Howard,J.J. Redick,Jameer Nelson,Rashard Lewis,Vince Carter,Glen Davis,Kevin Garnett,Paul Pierce,Rajon Rondo,Ray Allen,4,2:30,ORL,timeout,,,,,,,,,,,,,,,,regular,,
Dwight Howard,J.J. Redick,Jameer Nelson,Rashard Lewis,Vince Carter,Glen Davis,Kevin Garnett,Paul Pierce,Rajon Rondo,Ray Allen,4,2:30,ORL,free throw,,,,,,,1,,2,Jameer Nelson,,,foul,made,,,,
Dwight Howard,J.J. Redick,Jameer Nelson,Rashard Lewis,Vince Carter,Glen Davis,Kevin Garnett,Paul Pierce,Rajon Rondo,Ray Allen,4,2:30,ORL,free throw,,,,,,,2,,2,Jameer Nelson,,,foul,made,,,,
Dwight Howard,J.J. Redick,Jameer Nelson,Rashard Lewis,Vince Carter,Glen Davis,Kevin Garnett,Paul Pierce,Rajon Rondo,Ray Allen,4,2:17,BOS,shot,,,Vince Carter,,,,,,,Glen Davis,,,,missed,,layup,24,8
Dwight Howard,J.J. Redick,Jameer Nelson,Rashard Lewis,Vince Carter,Glen Davis,Kevin Garnett,Paul Pierce,Rajon Rondo,Ray Allen,4,2:17,BOS,rebound,,,,,,,,,,,,,,,,,,
Dwight Howard,J.J. Redick,Jameer Nelson,Rashard Lewis,Vince Carter,Eddie House,Kevin Garnett,Paul Pierce,Rajon Rondo,Ray Allen,4,2:16,BOS,sub,,,,Eddie House,,Glen Davis,,,,,,,,,,,,
Dwight Howard,J.J. Redick,Jameer Nelson,Rashard Lewis,Vince Carter,Eddie House,Kevin Garnett,Paul Pierce,Rajon Rondo,Ray Allen,4,2:15,BOS,shot,Rajon Rondo,,,,,,,,,Paul Pierce,2,,,made,,layup,26,6
Dwight Howard,J.J. Redick,Jameer Nelson,Rashard Lewis,Vince Carter,Eddie House,Kevin Garnett,Paul Pierce,Rajon Rondo,Ray Allen,4,1:54,ORL,shot,,,,,,,,,,Rashard Lewis,,,,missed,,jump,17,9
Dwight Howard,J.J. Redick,Jameer Nelson,Rashard Lewis,Vince Carter,Eddie House,Kevin Garnett,Paul Pierce,Rajon Rondo,Ray Allen,4,1:53,BOS,rebound,,,,,,,,,,Kevin Garnett,,,,,,def,,
Dwight Howard,J.J. Redick,Jameer Nelson,Rashard Lewis,Vince Carter,Eddie House,Kevin Garnett,Paul Pierce,Rajon Rondo,Ray Allen,4,1:36,BOS,shot,Kevin Garnett,,,,,,,,,Paul Pierce,2,,,made,,running layup,24,6
Dwight Howard,J.J. Redick,Jameer Nelson,Rashard Lewis,Vince Carter,Eddie House,Kevin Garnett,Paul Pierce,Rajon Rondo,Ray Allen,4,1:17,ORL,shot,,,,,,,,,,Jameer Nelson,,,,missed,,jump,28,5
Dwight Howard,J.J. Redick,Jameer Nelson,Rashard Lewis,Vince Carter,Eddie House,Kevin Garnett,Paul Pierce,Rajon Rondo,Ray Allen,4,1:16,BOS,rebound,,,,,,,,,,Eddie House,,,,,,def,,
Dwight Howard,J.J. Redick,Jameer Nelson,Rashard Lewis,Vince Carter,Eddie House,Kevin Garnett,Paul Pierce,Rajon Rondo,Ray Allen,4,1:09,ORL,foul,,,,,,,,Ray Allen,,Jameer Nelson,,,,,,personal,,
Dwight Howard,J.J. Redick,Jameer Nelson,Rashard Lewis,Vince Carter,Eddie House,Kevin Garnett,Paul Pierce,Rajon Rondo,Ray Allen,4,1:09,BOS,free throw,,,,,,,1,,2,Ray Allen,,,foul,missed,,,,
Dwight Howard,J.J. Redick,Jameer Nelson,Rashard Lewis,Vince Carter,Eddie House,Kevin Garnett,Paul Pierce,Rajon Rondo,Ray Allen,4,1:09,BOS,rebound,,,,,,,,,,,,,,,,,,
Dwight Howard,J.J. Redick,Jameer Nelson,Rashard Lewis,Vince Carter,Eddie House,Kevin Garnett,Paul Pierce,Rajon Rondo,Ray Allen,4,1:09,BOS,free throw,,,,,,,2,,2,Ray Allen,,,foul,made,,,,
Dwight Howard,J.J. Redick,Jameer Nelson,Rashard Lewis,Vince Carter,Eddie House,Kevin Garnett,Paul Pierce,Rajon Rondo,Ray Allen,4,0:53,ORL,shot,,,,,,,,,,Vince Carter,,,,missed,,jump,18,7
Dwight Howard,J.J. Redick,Jameer Nelson,Rashard Lewis,Vince Carter,Eddie House,Kevin Garnett,Paul Pierce,Rajon Rondo,Ray Allen,4,0:51,BOS,rebound,,,,,,,,,,,,,,,,,,
Dwight Howard,J.J. Redick,Jameer Nelson,Rashard Lewis,Vince Carter,Eddie House,Kevin Garnett,Paul Pierce,Rajon Rondo,Ray Allen,4,0:51,BOS,timeout,,,,,,,,,,,,,,,,regular,,
Dwight Howard,Jameer Nelson,Mickael Pietrus,Rashard Lewis,Vince Carter,Eddie House,Kevin Garnett,Paul Pierce,Rajon Rondo,Ray Allen,4,0:51,ORL,sub,,,,Mickael Pietrus,,J.J. Redick,,,,,,,,,,,,
Dwight Howard,Matt Barnes,Mickael Pietrus,Rashard Lewis,Vince Carter,Eddie House,Kevin Garnett,Paul Pierce,Rajon Rondo,Ray Allen,4,0:51,ORL,sub,,,,Matt Barnes,,Jameer Nelson,,,,,,,,,,,,
Dwight Howard,Matt Barnes,Mickael Pietrus,Rashard Lewis,Vince Carter,Eddie House,Kevin Garnett,Paul Pierce,Rajon Rondo,Ray Allen,4,0:43,ORL,foul,,,,,,,,Kevin Garnett,,Matt Barnes,,,,,,shooting,,
Dwight Howard,Matt Barnes,Mickael Pietrus,Rashard Lewis,Vince Carter,Eddie House,Kevin Garnett,Paul Pierce,Rajon Rondo,Ray Allen,4,0:43,BOS,free throw,,,,,,,1,,2,Kevin Garnett,,,foul,made,,,,
Dwight Howard,Jameer Nelson,Matt Barnes,Rashard Lewis,Vince Carter,Eddie House,Kevin Garnett,Paul Pierce,Rajon Rondo,Ray Allen,4,0:43,ORL,sub,,,,Jameer Nelson,,Mickael Pietrus,,,,,,,,,,,,
Dwight Howard,J.J. Redick,Jameer Nelson,Rashard Lewis,Vince Carter,Eddie House,Kevin Garnett,Paul Pierce,Rajon Rondo,Ray Allen,4,0:43,ORL,sub,,,,J.J. Redick,,Matt Barnes,,,,,,,,,,,,
Dwight Howard,J.J. Redick,Jameer Nelson,Rashard Lewis,Vince Carter,Eddie House,Kevin Garnett,Paul Pierce,Rajon Rondo,Ray Allen,4,0:43,BOS,free throw,,,,,,,2,,2,Kevin Garnett,,,foul,made,,,,
Dwight Howard,J.J. Redick,Jameer Nelson,Rashard Lewis,Vince Carter,Eddie House,Kevin Garnett,Paul Pierce,Rajon Rondo,Ray Allen,4,0:18,ORL,shot,,,,,,,,,,Rashard Lewis,2,,,made,,running jump,23,11
Dwight Howard,J.J. Redick,Jameer Nelson,Rashard Lewis,Vince Carter,Eddie House,Kevin Garnett,Paul Pierce,Rajon Rondo,Ray Allen,4,0:18,BOS,timeout,,,,,,,,,,,,,,,,short,,
Dwight Howard,Jameer Nelson,Mickael Pietrus,Rashard Lewis,Vince Carter,Eddie House,Kevin Garnett,Paul Pierce,Rajon Rondo,Ray Allen,4,0:18,ORL,sub,,,,Mickael Pietrus,,J.J. Redick,,,,,,,,,,,,
Dwight Howard,Matt Barnes,Mickael Pietrus,Rashard Lewis,Vince Carter,Eddie House,Kevin Garnett,Paul Pierce,Rajon Rondo,Ray Allen,4,0:18,ORL,sub,,,,Matt Barnes,,Jameer Nelson,,,,,,,,,,,,
Dwight Howard,Matt Barnes,Mickael Pietrus,Rashard Lewis,Vince Carter,Eddie House,Kevin Garnett,Paul Pierce,Rajon Rondo,Ray Allen,4,0:10,BOS,shot,,,,,,,,,,Ray Allen,,,,missed,,3pt,6,22
Dwight Howard,Matt Barnes,Mickael Pietrus,Rashard Lewis,Vince Carter,Eddie House,Kevin Garnett,Paul Pierce,Rajon Rondo,Ray Allen,4,0:09,BOS,rebound,,,,,,,,,,Rajon Rondo,,,,,,off,,
Dwight Howard,Matt Barnes,Mickael Pietrus,Rashard Lewis,Vince Carter,Eddie House,Kevin Garnett,Paul Pierce,Rajon Rondo,Ray Allen,4,0:05,BOS,shot,,,,,,,,,,Paul Pierce,,,,missed,,3pt,10,27
Dwight Howard,Matt Barnes,Mickael Pietrus,Rashard Lewis,Vince Carter,Eddie House,Kevin Garnett,Paul Pierce,Rajon Rondo,Ray Allen,4,0:04,ORL,rebound,,,,,,,,,,Mickael Pietrus,,,,,,def,,
