a1,a2,a3,a4,a5,h1,h2,h3,h4,h5,period,time,team,etype,assist,away,block,entered,home,left,num,opponent,outof,player,points,possession,reason,result,steal,type,x,y
Antonio McDyess,George Hill,Richard Jefferson,Roger Mason,Tim Duncan,Arron Afflalo,Carmelo Anthony,Chauncey Billups,Malik Allen,Nene Hilario,1,12:00,OFF,jump ball,,Tim Duncan,,,Nene Hilario,,,,,,,Antonio McDyess,,,,,,
Antonio McDyess,George Hill,Richard Jefferson,Roger Mason,Tim Duncan,Arron Afflalo,Carmelo Anthony,Chauncey Billups,Malik Allen,Nene Hilario,1,11:47,SAS,shot,,,,,,,,,,George Hill,,,,missed,,driving layup,25,6
Antonio McDyess,George Hill,Richard Jefferson,Roger Mason,Tim Duncan,Arron Afflalo,Carmelo Anthony,Chauncey Billups,Malik Allen,Nene Hilario,1,11:46,SAS,rebound,,,,,,,,,,Tim Duncan,,,,,,off,,
Antonio McDyess,George Hill,Richard Jefferson,Roger Mason,Tim Duncan,Arron Afflalo,Carmelo Anthony,Chauncey Billups,Malik Allen,Nene Hilario,1,11:45,SAS,shot,,,,,,,,,,Tim Duncan,2,,,made,,tip,25,6
Antonio McDyess,George Hill,Richard Jefferson,Roger Mason,Tim Duncan,Arron Afflalo,Carmelo Anthony,Chauncey Billups,Malik Allen,Nene Hilario,1,11:25,DEN,shot,,,,,,,,,,Carmelo Anthony,,,,missed,,jump,6,13
Antonio McDyess,George Hill,Richard Jefferson,Roger Mason,Tim Duncan,Arron Afflalo,Carmelo Anthony,Chauncey Billups,Malik Allen,Nene Hilario,1,11:24,SAS,rebound,,,,,,,,,,Tim Duncan,,,,,,def,,
Antonio McDyess,George Hill,Richard Jefferson,Roger Mason,Tim Duncan,Arron Afflalo,Carmelo Anthony,Chauncey Billups,Malik Allen,Nene Hilario,1,11:16,SAS,shot,Richard Jefferson,,,,,,,,,Antonio McDyess,2,,,made,,fade away jumper,32,9
Antonio McDyess,George Hill,Richard Jefferson,Roger Mason,Tim Duncan,Arron Afflalo,Carmelo Anthony,Chauncey Billups,Malik Allen,Nene Hilario,1,10:56,DEN,shot,Chauncey Billups,,,,,,,,,Arron Afflalo,2,,,made,,jump,47,10
Antonio McDyess,George Hill,Richard Jefferson,Roger Mason,Tim Duncan,Arron Afflalo,Carmelo Anthony,Chauncey Billups,Malik Allen,Nene Hilario,1,10:36,DEN,foul,,,,,,,,Tim Duncan,,Malik Allen,,,,,,shooting,,
Antonio McDyess,George Hill,Richard Jefferson,Roger Mason,Tim Duncan,Arron Afflalo,Carmelo Anthony,Chauncey Billups,Malik Allen,Nene Hilario,1,10:36,SAS,free throw,,,,,,,1,,2,Tim Duncan,,,foul,made,,,,
Antonio McDyess,George Hill,Richard Jefferson,Roger Mason,Tim Duncan,Arron Afflalo,Carmelo Anthony,Chauncey Billups,Malik Allen,Nene Hilario,1,10:36,SAS,free throw,,,,,,,2,,2,Tim Duncan,,,foul,missed,,,,
Antonio McDyess,George Hill,Richard Jefferson,Roger Mason,Tim Duncan,Arron Afflalo,Carmelo Anthony,Chauncey Billups,Malik Allen,Nene Hilario,1,10:34,DEN,rebound,,,,,,,,,,Nene Hilario,,,,,,def,,
Antonio McDyess,George Hill,Richard Jefferson,Roger Mason,Tim Duncan,Arron Afflalo,Carmelo Anthony,Chauncey Billups,Malik Allen,Nene Hilario,1,10:23,DEN,shot,Chauncey Billups,,,,,,,,,Nene Hilario,2,,,made,,layup,,
Antonio McDyess,George Hill,Richard Jefferson,Roger Mason,Tim Duncan,Arron Afflalo,Carmelo Anthony,Chauncey Billups,Malik Allen,Nene Hilario,1,10:02,SAS,shot,,,,,,,,,,Roger Mason,2,,,made,,jump,30,28
Antonio McDyess,George Hill,Richard Jefferson,Roger Mason,Tim Duncan,Arron Afflalo,Carmelo Anthony,Chauncey Billups,Malik Allen,Nene Hilario,1,9:47,DEN,shot,,,,,,,,,,Chauncey Billups,,,,missed,,jump,16,23
Antonio McDyess,George Hill,Richard Jefferson,Roger Mason,Tim Duncan,Arron Afflalo,Carmelo Anthony,Chauncey Billups,Malik Allen,Nene Hilario,1,9:46,SAS,rebound,,,,,,,,,,George Hill,,,,,,def,,
Antonio McDyess,George Hill,Richard Jefferson,Roger Mason,Tim Duncan,Arron Afflalo,Carmelo Anthony,Chauncey Billups,Malik Allen,Nene Hilario,1,9:39,SAS,shot,,,,,,,,,,George Hill,2,,,made,,driving reverse layup,25,6
Antonio McDyess,George Hill,Richard Jefferson,Roger Mason,Tim Duncan,Arron Afflalo,Carmelo Anthony,Chauncey Billups,Malik Allen,Nene Hilario,1,9:17,DEN,shot,,,,,,,,,,Chauncey Billups,2,,,made,,driving finger roll layup,25,6
Antonio McDyess,George Hill,Richard Jefferson,Roger Mason,Tim Duncan,Arron Afflalo,Carmelo Anthony,Chauncey Billups,Malik Allen,Nene Hilario,1,8:56,SAS,turnover,,,,,,,,,,Roger Mason,,,bad pass,,,,,
Antonio McDyess,George Hill,Richard Jefferson,Roger Mason,Tim Duncan,Arron Afflalo,Carmelo Anthony,Chauncey Billups,Malik Allen,Nene Hilario,1,8:39,DEN,shot,Chauncey Billups,,,,,,,,,Nene Hilario,2,,,made,,jump,,
Antonio McDyess,George Hill,Richard Jefferson,Roger Mason,Tim Duncan,Arron Afflalo,Carmelo Anthony,Chauncey Billups,Malik Allen,Nene Hilario,1,8:17,SAS,shot,Antonio McDyess,,,,,,,,,Richard Jefferson,3,,,made,,3pt,2,7
Antonio McDyess,George Hill,Richard Jefferson,Roger Mason,Tim Duncan,Arron Afflalo,Carmelo Anthony,Chauncey Billups,Malik Allen,Nene Hilario,1,8:07,DEN,shot,,,,,,,,,,Chauncey Billups,2,,,made,,jump,8,10
Antonio McDyess,George Hill,Richard Jefferson,Roger Mason,Tim Duncan,Arron Afflalo,Carmelo Anthony,Chauncey Billups,Malik Allen,Nene Hilario,1,7:49,SAS,shot,Richard Jefferson,,,,,,,,,Antonio McDyess,2,,,made,,jump,12,20
Antonio McDyess,George Hill,Richard Jefferson,Roger Mason,Tim Duncan,Arron Afflalo,Carmelo Anthony,Chauncey Billups,Malik Allen,Nene Hilario,1,7:37,SAS,foul,,,,,,,,Nene Hilario,,Tim Duncan,,,,,,shooting,,
Antonio McDyess,George Hill,Richard Jefferson,Roger Mason,Tim Duncan,Arron Afflalo,Carmelo Anthony,Chauncey Billups,Malik Allen,Nene Hilario,1,7:37,DEN,free throw,,,,,,,1,,2,Nene Hilario,,,foul,made,,,,
Antonio McDyess,George Hill,Richard Jefferson,Roger Mason,Tim Duncan,Arron Afflalo,Carmelo Anthony,Chauncey Billups,Malik Allen,Nene Hilario,1,7:37,DEN,free throw,,,,,,,2,,2,Nene Hilario,,,foul,missed,,,,
Antonio McDyess,George Hill,Richard Jefferson,Roger Mason,Tim Duncan,Arron Afflalo,Carmelo Anthony,Chauncey Billups,Malik Allen,Nene Hilario,1,7:35,SAS,rebound,,,,,,,,,,Antonio McDyess,,,,,,def,,
Antonio McDyess,George Hill,Richard Jefferson,Roger Mason,Tim Duncan,Arron Afflalo,Carmelo Anthony,Chauncey Billups,Malik Allen,Nene Hilario,1,7:21,SAS,shot,,,,,,,,,,Tim Duncan,,,,missed,,turnaround bank,36,8
Antonio McDyess,George Hill,Richard Jefferson,Roger Mason,Tim Duncan,Arron Afflalo,Carmelo Anthony,Chauncey Billups,Malik Allen,Nene Hilario,1,7:19,DEN,rebound,,,,,,,,,,Chauncey Billups,,,,,,def,,
Antonio McDyess,George Hill,Richard Jefferson,Roger Mason,Tim Duncan,Arron Afflalo,Carmelo Anthony,Chauncey Billups,Malik Allen,Nene Hilario,1,7:13,SAS,foul,,,,,,,,Chauncey Billups,,Roger Mason,,,,,,personal,,
Antonio McDyess,George Hill,Richard Jefferson,Roger Mason,Tim Duncan,Arron Afflalo,Carmelo Anthony,Chauncey Billups,Malik Allen,Nene Hilario,1,7:02,DEN,shot,,,,,,,,,,Arron Afflalo,,,,missed,,running jump,24,19
Antonio McDyess,George Hill,Richard Jefferson,Roger Mason,Tim Duncan,Arron Afflalo,Carmelo Anthony,Chauncey Billups,Malik Allen,Nene Hilario,1,7:01,SAS,rebound,,,,,,,,,,Roger Mason,,,,,,def,,
Antonio McDyess,George Hill,Richard Jefferson,Roger Mason,Tim Duncan,Arron Afflalo,Carmelo Anthony,Chauncey Billups,Malik Allen,Nene Hilario,1,6:53,SAS,shot,,,,,,,,,,Roger Mason,3,,,made,,3pt,29,31
Antonio McDyess,George Hill,Richard Jefferson,Roger Mason,Tim Duncan,Arron Afflalo,Carmelo Anthony,Chauncey Billups,Malik Allen,Nene Hilario,1,6:35,DEN,shot,Carmelo Anthony,,,,,,,,,Malik Allen,2,,,made,,jump,12,12
Antonio McDyess,George Hill,Richard Jefferson,Roger Mason,Tim Duncan,Arron Afflalo,Carmelo Anthony,Chauncey Billups,Malik Allen,Nene Hilario,1,6:17,SAS,turnover,,,,,,,,,,George Hill,,,step out of bounds turnover,,,,,
Antonio McDyess,Manu Ginobili,Richard Jefferson,Roger Mason,Tim Duncan,Arron Afflalo,Carmelo Anthony,Chauncey Billups,Malik Allen,Nene Hilario,1,6:17,SAS,sub,,,,Manu Ginobili,,George Hill,,,,,,,,,,,,
Antonio McDyess,Manu Ginobili,Richard Jefferson,Roger Mason,Tim Duncan,Arron Afflalo,Carmelo Anthony,Chauncey Billups,Malik Allen,Nene Hilario,1,5:59,DEN,shot,Carmelo Anthony,,,,,,,,,Nene Hilario,2,,,made,,finger roll layup,,
Antonio McDyess,Manu Ginobili,Richard Jefferson,Roger Mason,Tim Duncan,Arron Afflalo,Carmelo Anthony,Chauncey Billups,Malik Allen,Nene Hilario,1,5:51,SAS,timeout,,,,,,,,,,,,,,,,regular,,
Manu Ginobili,Matt Bonner,Richard Jefferson,Roger Mason,Tim Duncan,Arron Afflalo,Carmelo Anthony,Chauncey Billups,Malik Allen,Nene Hilario,1,5:51,SAS,sub,,,,Matt Bonner,,Antonio McDyess,,,,,,,,,,,,
Manu Ginobili,Matt Bonner,Richard Jefferson,Roger Mason,Tim Duncan,Arron Afflalo,Carmelo Anthony,Chauncey Billups,Malik Allen,Nene Hilario,1,5:40,SAS,shot,Manu Ginobili,,,,,,,,,Matt Bonner,3,,,made,,3pt,37,28
Manu Ginobili,Matt Bonner,Richard Jefferson,Roger Mason,Tim Duncan,Arron Afflalo,Carmelo Anthony,Chauncey Billups,Malik Allen,Nene Hilario,1,5:24,SAS,foul,,,,,,,,Carmelo Anthony,,Richard Jefferson,,,,,,shooting,,
Manu Ginobili,Matt Bonner,Richard Jefferson,Roger Mason,Tim Duncan,Arron Afflalo,Carmelo Anthony,Chauncey Billups,Malik Allen,Nene Hilario,1,5:24,DEN,free throw,,,,,,,1,,2,Carmelo Anthony,,,foul,made,,,,
Manu Ginobili,Matt Bonner,Richard Jefferson,Roger Mason,Tim Duncan,Arron Afflalo,Carmelo Anthony,Chauncey Billups,Malik Allen,Nene Hilario,1,5:24,DEN,free throw,,,,,,,2,,2,Carmelo Anthony,,,foul,made,,,,
Manu Ginobili,Matt Bonner,Richard Jefferson,Roger Mason,Tim Duncan,Arron Afflalo,Carmelo Anthony,Chauncey Billups,Malik Allen,Nene Hilario,1,5:16,SAS,foul,,,,,,,,Carmelo Anthony,,Matt Bonner,,,,,,offensive,,
Manu Ginobili,Matt Bonner,Richard Jefferson,Roger Mason,Tim Duncan,Arron Afflalo,Carmelo Anthony,Chauncey Billups,Malik Allen,Nene Hilario,1,5:16,SAS,turnover,,,,,,,,,,Matt Bonner,,,foul,,,,,
Manu Ginobili,Matt Bonner,Richard Jefferson,Roger Mason,Tim Duncan,Arron Afflalo,Carmelo Anthony,Chauncey Billups,Malik Allen,Nene Hilario,1,5:02,DEN,shot,,,,,,,,,,Carmelo Anthony,,,,missed,,jump,16,23
Manu Ginobili,Matt Bonner,Richard Jefferson,Roger Mason,Tim Duncan,Arron Afflalo,Carmelo Anthony,Chauncey Billups,Malik Allen,Nene Hilario,1,5:01,SAS,rebound,,,,,,,,,,Manu Ginobili,,,,,,def,,
Manu Ginobili,Matt Bonner,Richard Jefferson,Roger Mason,Tim Duncan,Arron Afflalo,Carmelo Anthony,Chauncey Billups,Malik Allen,Nene Hilario,1,4:46,SAS,shot,,,,,,,,,,Manu Ginobili,2,,,made,,driving layup,25,6
Manu Ginobili,Matt Bonner,Richard Jefferson,Roger Mason,Tim Duncan,Arron Afflalo,Carmelo Anthony,Chauncey Billups,Malik Allen,Nene Hilario,1,4:34,DEN,shot,,,,,,,,,,Carmelo Anthony,,,,missed,,turnaround jump,20,9
Manu Ginobili,Matt Bonner,Richard Jefferson,Roger Mason,Tim Duncan,Arron Afflalo,Carmelo Anthony,Chauncey Billups,Malik Allen,Nene Hilario,1,4:33,DEN,rebound,,,,,,,,,,Arron Afflalo,,,,,,off,,
Manu Ginobili,Matt Bonner,Richard Jefferson,Roger Mason,Tim Duncan,Arron Afflalo,Carmelo Anthony,Chauncey Billups,Malik Allen,Nene Hilario,1,4:32,SAS,foul,,,,,,,,Arron Afflalo,,Roger Mason,,,,,,personal,,
Manu Ginobili,Matt Bonner,Richard Jefferson,Roger Mason,Tim Duncan,Arron Afflalo,Carmelo Anthony,Chauncey Billups,Chris Andersen,Nene Hilario,1,4:32,DEN,sub,,,,Chris Andersen,,Malik Allen,,,,,,,,,,,,
Manu Ginobili,Matt Bonner,Richard Jefferson,Roger Mason,Tim Duncan,Carmelo Anthony,Chauncey Billups,Chris Andersen,J.R. Smith,Nene Hilario,1,4:32,DEN,sub,,,,J.R. Smith,,Arron Afflalo,,,,,,,,,,,,
Manu Ginobili,Matt Bonner,Richard Jefferson,Roger Mason,Tim Duncan,Carmelo Anthony,Chauncey Billups,Chris Andersen,J.R. Smith,Nene Hilario,1,4:15,DEN,shot,Chauncey Billups,,,,,,,,,Carmelo Anthony,3,,,made,,3pt,7,24
Manu Ginobili,Matt Bonner,Richard Jefferson,Roger Mason,Tim Duncan,Carmelo Anthony,Chauncey Billups,Chris Andersen,J.R. Smith,Nene Hilario,1,3:54,SAS,shot,Manu Ginobili,,,,,,,,,Roger Mason,3,,,made,,3pt,1,11
Manu Ginobili,Matt Bonner,Richard Jefferson,Roger Mason,Tim Duncan,Carmelo Anthony,Chauncey Billups,Chris Andersen,J.R. Smith,Nene Hilario,1,3:45,DEN,shot,,,,,,,,,,Carmelo Anthony,,,,missed,,driving reverse layup,25,6
Manu Ginobili,Matt Bonner,Richard Jefferson,Roger Mason,Tim Duncan,Carmelo Anthony,Chauncey Billups,Chris Andersen,J.R. Smith,Nene Hilario,1,3:43,SAS,rebound,,,,,,,,,,Matt Bonner,,,,,,def,,
Manu Ginobili,Matt Bonner,Richard Jefferson,Roger Mason,Tim Duncan,Carmelo Anthony,Chauncey Billups,Chris Andersen,J.R. Smith,Nene Hilario,1,3:22,SAS,shot,Roger Mason,,,,,,,,,Tim Duncan,2,,,made,,layup,25,6
Manu Ginobili,Matt Bonner,Richard Jefferson,Roger Mason,Tim Duncan,Carmelo Anthony,Chauncey Billups,Chris Andersen,J.R. Smith,Nene Hilario,1,3:04,DEN,shot,,,,,,,,,,J.R. Smith,2,,,made,,driving finger roll layup,25,6
Manu Ginobili,Matt Bonner,Richard Jefferson,Roger Mason,Tim Duncan,Carmelo Anthony,Chauncey Billups,Chris Andersen,J.R. Smith,Nene Hilario,1,2:37,SAS,shot,Matt Bonner,,,,,,,,,Tim Duncan,2,,,made,,running jump,32,8
Manu Ginobili,Matt Bonner,Richard Jefferson,Roger Mason,Tim Duncan,Carmelo Anthony,Chauncey Billups,Chris Andersen,J.R. Smith,Nene Hilario,1,2:21,DEN,shot,,,,,,,,,,Chauncey Billups,,,,missed,,jump,10,10
Manu Ginobili,Matt Bonner,Richard Jefferson,Roger Mason,Tim Duncan,Carmelo Anthony,Chauncey Billups,Chris Andersen,J.R. Smith,Nene Hilario,1,2:21,SAS,rebound,,,,,,,,,,Manu Ginobili,,,,,,def,,
Manu Ginobili,Matt Bonner,Richard Jefferson,Roger Mason,Tim Duncan,Carmelo Anthony,Chauncey Billups,Chris Andersen,J.R. Smith,Nene Hilario,1,2:11,SAS,shot,,,,,,,,,,Manu Ginobili,,,,missed,,driving reverse layup,25,6
Manu Ginobili,Matt Bonner,Richard Jefferson,Roger Mason,Tim Duncan,Carmelo Anthony,Chauncey Billups,Chris Andersen,J.R. Smith,Nene Hilario,1,2:10,DEN,rebound,,,,,,,,,,Chauncey Billups,,,,,,def,,
Manu Ginobili,Matt Bonner,Richard Jefferson,Roger Mason,Tim Duncan,Carmelo Anthony,Chauncey Billups,Chris Andersen,J.R. Smith,Nene Hilario,1,2:01,DEN,shot,Chauncey Billups,,,,,,,,,Nene Hilario,2,,,made,,jump,,
Manu Ginobili,Matt Bonner,Richard Jefferson,Roger Mason,Tim Duncan,Carmelo Anthony,Chauncey Billups,Chris Andersen,J.R. Smith,Nene Hilario,1,1:45,SAS,turnover,,,,,,,,,,Tim Duncan,,,out of bounds lost ball turnover,,,,,
Manu Ginobili,Matt Bonner,Richard Jefferson,Roger Mason,Tim Duncan,Carmelo Anthony,Chauncey Billups,Chris Andersen,J.R. Smith,Nene Hilario,1,1:45,DEN,timeout,,,,,,,,,,,,,,,,regular,,
George Hill,Manu Ginobili,Matt Bonner,Richard Jefferson,Tim Duncan,Carmelo Anthony,Chauncey Billups,Chris Andersen,J.R. Smith,Nene Hilario,1,1:45,SAS,sub,,,,George Hill,,Roger Mason,,,,,,,,,,,,
George Hill,Manu Ginobili,Matt Bonner,Richard Jefferson,Tim Duncan,Carmelo Anthony,Chauncey Billups,Chris Andersen,J.R. Smith,Nene Hilario,1,1:25,DEN,shot,,,,,,,,,,J.R. Smith,,,,missed,,driving layup,25,6
George Hill,Manu Ginobili,Matt Bonner,Richard Jefferson,Tim Duncan,Carmelo Anthony,Chauncey Billups,Chris Andersen,J.R. Smith,Nene Hilario,1,1:24,DEN,rebound,,,,,,,,,,Chris Andersen,,,,,,off,,
George Hill,Manu Ginobili,Matt Bonner,Richard Jefferson,Tim Duncan,Carmelo Anthony,Chauncey Billups,Chris Andersen,J.R. Smith,Nene Hilario,1,1:22,DEN,shot,,,Matt Bonner,,,,,,,Chris Andersen,,,,missed,,layup,25,6
George Hill,Manu Ginobili,Matt Bonner,Richard Jefferson,Tim Duncan,Carmelo Anthony,Chauncey Billups,Chris Andersen,J.R. Smith,Nene Hilario,1,1:20,SAS,rebound,,,,,,,,,,George Hill,,,,,,def,,
George Hill,Manu Ginobili,Matt Bonner,Richard Jefferson,Tim Duncan,Carmelo Anthony,Chauncey Billups,Chris Andersen,J.R. Smith,Nene Hilario,1,1:03,SAS,shot,,,,,,,,,,Tim Duncan,2,,,made,,jump bank,28,11
George Hill,Manu Ginobili,Matt Bonner,Richard Jefferson,Tim Duncan,Carmelo Anthony,Chauncey Billups,Chris Andersen,J.R. Smith,Nene Hilario,1,0:51,SAS,foul,,,,,,,,,,Tim Duncan,,,,,,defense 3 second,,
George Hill,Manu Ginobili,Matt Bonner,Richard Jefferson,Tim Duncan,Carmelo Anthony,Chauncey Billups,Chris Andersen,J.R. Smith,Nene Hilario,1,0:51,DEN,free throw,,,,,,,1,,1,Chauncey Billups,,,technical,missed,,,,
George Hill,Manu Ginobili,Matt Bonner,Richard Jefferson,Tim Duncan,Carmelo Anthony,Chauncey Billups,Chris Andersen,J.R. Smith,Nene Hilario,1,0:51,DEN,rebound,,,,,,,,,,,,,,,,,,
DeJuan Blair,George Hill,Manu Ginobili,Matt Bonner,Richard Jefferson,Carmelo Anthony,Chauncey Billups,Chris Andersen,J.R. Smith,Nene Hilario,1,0:51,SAS,sub,,,,DeJuan Blair,,Tim Duncan,,,,,,,,,,,,
DeJuan Blair,George Hill,Manu Ginobili,Matt Bonner,Richard Jefferson,Carmelo Anthony,Chris Andersen,J.R. Smith,Nene Hilario,Ty Lawson,1,0:51,DEN,sub,,,,Ty Lawson,,Chauncey Billups,,,,,,,,,,,,
DeJuan Blair,George Hill,Manu Ginobili,Matt Bonner,Richard Jefferson,Carmelo Anthony,Chris Andersen,J.R. Smith,Nene Hilario,Ty Lawson,1,0:47,DEN,shot,J.R. Smith,,,,,,,,,Nene Hilario,2,,,made,,slam dunk,,
DeJuan Blair,George Hill,Manu Ginobili,Matt Bonner,Richard Jefferson,Carmelo Anthony,Chris Andersen,J.R. Smith,Nene Hilario,Ty Lawson,1,0:47,SAS,foul,,,,,,,,Nene Hilario,,DeJuan Blair,,,,,,shooting,,
DeJuan Blair,George Hill,Manu Ginobili,Matt Bonner,Richard Jefferson,Carmelo Anthony,Chris Andersen,J.R. Smith,Nene Hilario,Ty Lawson,1,0:47,DEN,free throw,,,,,,,1,,1,Nene Hilario,,,foul,made,,,,
DeJuan Blair,George Hill,Manu Ginobili,Matt Bonner,Richard Jefferson,Carmelo Anthony,Chris Andersen,J.R. Smith,Nene Hilario,Ty Lawson,1,0:32,DEN,foul,,,,,,,,Manu Ginobili,,Nene Hilario,,,,,,shooting,,
DeJuan Blair,George Hill,Manu Ginobili,Matt Bonner,Richard Jefferson,Carmelo Anthony,Chris Andersen,J.R. Smith,Nene Hilario,Ty Lawson,1,0:32,SAS,free throw,,,,,,,1,,2,Manu Ginobili,,,foul,missed,,,,
DeJuan Blair,George Hill,Manu Ginobili,Matt Bonner,Richard Jefferson,Carmelo Anthony,Chris Andersen,J.R. Smith,Nene Hilario,Ty Lawson,1,0:32,SAS,rebound,,,,,,,,,,,,,,,,,,
DeJuan Blair,George Hill,Manu Ginobili,Matt Bonner,Richard Jefferson,Carmelo Anthony,Chris Andersen,J.R. Smith,Nene Hilario,Ty Lawson,1,0:32,SAS,free throw,,,,,,,2,,2,Manu Ginobili,,,foul,made,,,,
DeJuan Blair,George Hill,Manu Ginobili,Matt Bonner,Richard Jefferson,Carmelo Anthony,Chris Andersen,J.R. Smith,Nene Hilario,Ty Lawson,1,0:17,SAS,foul,,,,,,,,J.R. Smith,,Manu Ginobili,,,,,,personal,,
DeJuan Blair,George Hill,Manu Ginobili,Matt Bonner,Richard Jefferson,Carmelo Anthony,Chris Andersen,J.R. Smith,Nene Hilario,Ty Lawson,1,0:17,DEN,free throw,,,,,,,1,,2,J.R. Smith,,,foul,made,,,,
DeJuan Blair,George Hill,Manu Ginobili,Matt Bonner,Richard Jefferson,Carmelo Anthony,Chris Andersen,J.R. Smith,Malik Allen,Ty Lawson,1,0:17,DEN,sub,,,,Malik Allen,,Nene Hilario,,,,,,,,,,,,
DeJuan Blair,George Hill,Manu Ginobili,Matt Bonner,Richard Jefferson,Carmelo Anthony,Chris Andersen,J.R. Smith,Malik Allen,Ty Lawson,1,0:17,DEN,free throw,,,,,,,2,,2,J.R. Smith,,,foul,made,,,,
DeJuan Blair,George Hill,Manu Ginobili,Matt Bonner,Richard Jefferson,Carmelo Anthony,Chris Andersen,J.R. Smith,Malik Allen,Ty Lawson,1,0:01,SAS,shot,,,,,,,,,,Manu Ginobili,,,,missed,,jump,36,10
DeJuan Blair,George Hill,Manu Ginobili,Matt Bonner,Richard Jefferson,Carmelo Anthony,Chris Andersen,J.R. Smith,Malik Allen,Ty Lawson,1,0:00,SAS,rebound,,,,,,,,,,DeJuan Blair,,,,,,off,,
DeJuan Blair,George Hill,Manu Ginobili,Matt Bonner,Richard Jefferson,Carmelo Anthony,Chris Andersen,J.R. Smith,Malik Allen,Ty Lawson,1,0:00,SAS,shot,,,,,,,,,,DeJuan Blair,,,,missed,,layup,25,6
DeJuan Blair,George Hill,Manu Ginobili,Matt Bonner,Richard Jefferson,Carmelo Anthony,Chris Andersen,J.R. Smith,Malik Allen,Ty Lawson,1,0:00,SAS,rebound,,,,,,,,,,,,,,,,,,
DeJuan Blair,George Hill,Keith Bogans,Manu Ginobili,Matt Bonner,Carmelo Anthony,Chris Andersen,J.R. Smith,Malik Allen,Ty Lawson,2,11:39,DEN,shot,,,,,,,,,,J.R. Smith,,,,missed,,jump,5,7
DeJuan Blair,George Hill,Keith Bogans,Manu Ginobili,Matt Bonner,Carmelo Anthony,Chris Andersen,J.R. Smith,Malik Allen,Ty Lawson,2,11:39,SAS,rebound,,,,,,,,,,DeJuan Blair,,,,,,def,,
DeJuan Blair,George Hill,Keith Bogans,Manu Ginobili,Matt Bonner,Carmelo Anthony,Chris Andersen,J.R. Smith,Malik Allen,Ty Lawson,2,11:29,SAS,shot,Manu Ginobili,,,,,,,,,DeJuan Blair,2,,,made,,reverse layup,25,6
DeJuan Blair,George Hill,Keith Bogans,Manu Ginobili,Matt Bonner,Carmelo Anthony,Chris Andersen,J.R. Smith,Malik Allen,Ty Lawson,2,11:10,DEN,shot,,,,,,,,,,Carmelo Anthony,,,,missed,,jump,14,15
DeJuan Blair,George Hill,Keith Bogans,Manu Ginobili,Matt Bonner,Carmelo Anthony,Chris Andersen,J.R. Smith,Malik Allen,Ty Lawson,2,11:09,SAS,rebound,,,,,,,,,,George Hill,,,,,,def,,
DeJuan Blair,George Hill,Keith Bogans,Manu Ginobili,Matt Bonner,Carmelo Anthony,Chris Andersen,J.R. Smith,Malik Allen,Ty Lawson,2,10:59,SAS,shot,,,,,,,,,,George Hill,,,,missed,,jump,7,12
DeJuan Blair,George Hill,Keith Bogans,Manu Ginobili,Matt Bonner,Carmelo Anthony,Chris Andersen,J.R. Smith,Malik Allen,Ty Lawson,2,10:58,DEN,rebound,,,,,,,,,,J.R. Smith,,,,,,def,,
DeJuan Blair,George Hill,Keith Bogans,Manu Ginobili,Matt Bonner,Carmelo Anthony,Chris Andersen,J.R. Smith,Malik Allen,Ty Lawson,2,10:50,DEN,shot,,,,,,,,,,Malik Allen,,,,missed,,jump,6,16
DeJuan Blair,George Hill,Keith Bogans,Manu Ginobili,Matt Bonner,Carmelo Anthony,Chris Andersen,J.R. Smith,Malik Allen,Ty Lawson,2,10:49,DEN,rebound,,,,,,,,,,,,,,,,,,
DeJuan Blair,George Hill,Keith Bogans,Manu Ginobili,Matt Bonner,Carmelo Anthony,Chris Andersen,J.R. Smith,Malik Allen,Ty Lawson,2,10:49,SAS,foul,,,,,,,,Carmelo Anthony,,Keith Bogans,,,,,,loose ball,,
DeJuan Blair,George Hill,Keith Bogans,Manu Ginobili,Matt Bonner,Carmelo Anthony,Chris Andersen,J.R. Smith,Malik Allen,Ty Lawson,2,10:41,DEN,shot,,,,,,,,,,Carmelo Anthony,,,,missed,,jump,30,10
DeJuan Blair,George Hill,Keith Bogans,Manu Ginobili,Matt Bonner,Carmelo Anthony,Chris Andersen,J.R. Smith,Malik Allen,Ty Lawson,2,10:40,SAS,rebound,,,,,,,,,,Manu Ginobili,,,,,,def,,
DeJuan Blair,George Hill,Keith Bogans,Manu Ginobili,Matt Bonner,Carmelo Anthony,Chris Andersen,J.R. Smith,Malik Allen,Ty Lawson,2,10:25,SAS,shot,,,,,,,,,,George Hill,,,,missed,,driving layup,25,6
DeJuan Blair,George Hill,Keith Bogans,Manu Ginobili,Matt Bonner,Carmelo Anthony,Chris Andersen,J.R. Smith,Malik Allen,Ty Lawson,2,10:23,SAS,rebound,,,,,,,,,,DeJuan Blair,,,,,,off,,
DeJuan Blair,George Hill,Keith Bogans,Manu Ginobili,Matt Bonner,Carmelo Anthony,Chris Andersen,J.R. Smith,Malik Allen,Ty Lawson,2,10:21,SAS,shot,,,,,,,,,,DeJuan Blair,2,,,made,,jump,24,11
DeJuan Blair,George Hill,Keith Bogans,Manu Ginobili,Matt Bonner,Carmelo Anthony,Chris Andersen,J.R. Smith,Malik Allen,Ty Lawson,2,10:04,DEN,shot,,,,,,,,,,J.R. Smith,,,,missed,,3pt,44,24
DeJuan Blair,George Hill,Keith Bogans,Manu Ginobili,Matt Bonner,Carmelo Anthony,Chris Andersen,J.R. Smith,Malik Allen,Ty Lawson,2,10:03,DEN,rebound,,,,,,,,,,Malik Allen,,,,,,off,,
DeJuan Blair,George Hill,Keith Bogans,Manu Ginobili,Matt Bonner,Carmelo Anthony,Chris Andersen,J.R. Smith,Malik Allen,Ty Lawson,2,10:03,DEN,shot,,,,,,,,,,Malik Allen,,,,missed,,tip,25,6
DeJuan Blair,George Hill,Keith Bogans,Manu Ginobili,Matt Bonner,Carmelo Anthony,Chris Andersen,J.R. Smith,Malik Allen,Ty Lawson,2,10:02,DEN,rebound,,,,,,,,,,Chris Andersen,,,,,,off,,
DeJuan Blair,George Hill,Keith Bogans,Manu Ginobili,Matt Bonner,Carmelo Anthony,Chris Andersen,J.R. Smith,Malik Allen,Ty Lawson,2,9:56,DEN,shot,,,,,,,,,,Ty Lawson,,,,missed,,3pt,2,15
DeJuan Blair,George Hill,Keith Bogans,Manu Ginobili,Matt Bonner,Carmelo Anthony,Chris Andersen,J.R. Smith,Malik Allen,Ty Lawson,2,9:55,SAS,rebound,,,,,,,,,,DeJuan Blair,,,,,,def,,
DeJuan Blair,George Hill,Keith Bogans,Manu Ginobili,Matt Bonner,Carmelo Anthony,Chris Andersen,J.R. Smith,Malik Allen,Ty Lawson,2,9:46,SAS,shot,,,,,,,,,,DeJuan Blair,2,,,made,,dunk,25,6
DeJuan Blair,George Hill,Keith Bogans,Manu Ginobili,Matt Bonner,Carmelo Anthony,Chris Andersen,J.R. Smith,Malik Allen,Ty Lawson,2,9:44,DEN,turnover,,,,,,,,,,Malik Allen,,,inbound turnover,,,,,
DeJuan Blair,George Hill,Keith Bogans,Manu Ginobili,Matt Bonner,Carmelo Anthony,Chris Andersen,J.R. Smith,Malik Allen,Ty Lawson,2,9:44,DEN,timeout,,,,,,,,,,,,,,,,regular,,
DeJuan Blair,George Hill,Keith Bogans,Manu Ginobili,Matt Bonner,Arron Afflalo,Chris Andersen,J.R. Smith,Malik Allen,Ty Lawson,2,9:44,DEN,sub,,,,Arron Afflalo,,Carmelo Anthony,,,,,,,,,,,,
DeJuan Blair,George Hill,Keith Bogans,Manu Ginobili,Matt Bonner,Arron Afflalo,Chris Andersen,J.R. Smith,Malik Allen,Ty Lawson,2,9:37,SAS,turnover,,,,,,,,,,George Hill,,,bad pass,,J.R. Smith,,,
DeJuan Blair,George Hill,Keith Bogans,Manu Ginobili,Matt Bonner,Arron Afflalo,Chris Andersen,J.R. Smith,Malik Allen,Ty Lawson,2,9:23,DEN,shot,,,,,,,,,,J.R. Smith,,,,missed,,turnaround jump,21,14
DeJuan Blair,George Hill,Keith Bogans,Manu Ginobili,Matt Bonner,Arron Afflalo,Chris Andersen,J.R. Smith,Malik Allen,Ty Lawson,2,9:22,SAS,rebound,,,,,,,,,,Keith Bogans,,,,,,def,,
DeJuan Blair,George Hill,Keith Bogans,Manu Ginobili,Matt Bonner,Arron Afflalo,Chris Andersen,J.R. Smith,Malik Allen,Ty Lawson,2,9:19,DEN,foul,,,,,,,,George Hill,,Ty Lawson,,,,,,shooting,,
DeJuan Blair,George Hill,Keith Bogans,Manu Ginobili,Matt Bonner,Arron Afflalo,Chris Andersen,J.R. Smith,Malik Allen,Ty Lawson,2,9:19,SAS,free throw,,,,,,,1,,2,George Hill,,,foul,made,,,,
DeJuan Blair,George Hill,Keith Bogans,Manu Ginobili,Matt Bonner,Arron Afflalo,Chris Andersen,J.R. Smith,Malik Allen,Ty Lawson,2,9:19,SAS,free throw,,,,,,,2,,2,George Hill,,,foul,made,,,,
DeJuan Blair,George Hill,Keith Bogans,Manu Ginobili,Matt Bonner,Arron Afflalo,Chris Andersen,J.R. Smith,Malik Allen,Ty Lawson,2,8:57,DEN,shot,,,,,,,,,,J.R. Smith,,,,missed,,jump,35,22
DeJuan Blair,George Hill,Keith Bogans,Manu Ginobili,Matt Bonner,Arron Afflalo,Chris Andersen,J.R. Smith,Malik Allen,Ty Lawson,2,8:56,DEN,rebound,,,,,,,,,,,,,,,,,,
DeJuan Blair,George Hill,Keith Bogans,Manu Ginobili,Matt Bonner,Arron Afflalo,Chris Andersen,J.R. Smith,Malik Allen,Ty Lawson,2,8:56,SAS,foul,,,,,,,,Malik Allen,,Keith Bogans,,,,,,loose ball,,
DeJuan Blair,George Hill,Keith Bogans,Matt Bonner,Roger Mason,Arron Afflalo,Chris Andersen,J.R. Smith,Malik Allen,Ty Lawson,2,8:56,SAS,sub,,,,Roger Mason,,Manu Ginobili,,,,,,,,,,,,
DeJuan Blair,George Hill,Keith Bogans,Matt Bonner,Roger Mason,Arron Afflalo,Chris Andersen,J.R. Smith,Malik Allen,Ty Lawson,2,8:53,DEN,foul,,,,,,,,George Hill,,Malik Allen,,,,,,offensive,,
DeJuan Blair,George Hill,Keith Bogans,Matt Bonner,Roger Mason,Arron Afflalo,Chris Andersen,J.R. Smith,Malik Allen,Ty Lawson,2,8:53,DEN,turnover,,,,,,,,,,Malik Allen,,,foul,,,,,
DeJuan Blair,George Hill,Keith Bogans,Matt Bonner,Roger Mason,Arron Afflalo,Chris Andersen,J.R. Smith,Malik Allen,Ty Lawson,2,8:36,SAS,shot,,,,,,,,,,Keith Bogans,,,,missed,,3pt,48,7
DeJuan Blair,George Hill,Keith Bogans,Matt Bonner,Roger Mason,Arron Afflalo,Chris Andersen,J.R. Smith,Malik Allen,Ty Lawson,2,8:36,DEN,rebound,,,,,,,,,,,,,,,,,,
DeJuan Blair,George Hill,Keith Bogans,Matt Bonner,Roger Mason,Arron Afflalo,Chris Andersen,J.R. Smith,Malik Allen,Ty Lawson,2,8:21,DEN,shot,Malik Allen,,,,,,,,,Arron Afflalo,2,,,made,,jump,41,9
DeJuan Blair,George Hill,Keith Bogans,Matt Bonner,Roger Mason,Arron Afflalo,Chris Andersen,J.R. Smith,Malik Allen,Ty Lawson,2,8:08,DEN,foul,,,,,,,,George Hill,,Malik Allen,,,,,,shooting,,
DeJuan Blair,George Hill,Keith Bogans,Matt Bonner,Roger Mason,Arron Afflalo,Chauncey Billups,Chris Andersen,Malik Allen,Ty Lawson,2,8:08,DEN,sub,,,,Chauncey Billups,,J.R. Smith,,,,,,,,,,,,
DeJuan Blair,George Hill,Keith Bogans,Matt Bonner,Roger Mason,Arron Afflalo,Chauncey Billups,Chris Andersen,Malik Allen,Ty Lawson,2,8:08,SAS,free throw,,,,,,,1,,2,George Hill,,,foul,made,,,,
DeJuan Blair,George Hill,Keith Bogans,Matt Bonner,Roger Mason,Arron Afflalo,Chauncey Billups,Chris Andersen,Malik Allen,Ty Lawson,2,8:08,SAS,free throw,,,,,,,2,,2,George Hill,,,foul,made,,,,
DeJuan Blair,George Hill,Keith Bogans,Matt Bonner,Roger Mason,Arron Afflalo,Chauncey Billups,Chris Andersen,Malik Allen,Ty Lawson,2,7:47,DEN,turnover,,,,,,,,,,Chauncey Billups,,,lost ball,,Matt Bonner,,,
DeJuan Blair,George Hill,Keith Bogans,Matt Bonner,Roger Mason,Arron Afflalo,Chauncey Billups,Chris Andersen,Malik Allen,Ty Lawson,2,7:44,DEN,foul,,,,,,,,Matt Bonner,,Chauncey Billups,,,,,,shooting,,
DeJuan Blair,George Hill,Keith Bogans,Matt Bonner,Roger Mason,Arron Afflalo,Chauncey Billups,Chris Andersen,Malik Allen,Ty Lawson,2,7:44,SAS,free throw,,,,,,,1,,2,Matt Bonner,,,foul,made,,,,
DeJuan Blair,George Hill,Keith Bogans,Matt Bonner,Roger Mason,Arron Afflalo,Chauncey Billups,Chris Andersen,Malik Allen,Ty Lawson,2,7:44,SAS,free throw,,,,,,,2,,2,Matt Bonner,,,foul,missed,,,,
DeJuan Blair,George Hill,Keith Bogans,Matt Bonner,Roger Mason,Arron Afflalo,Chauncey Billups,Chris Andersen,Malik Allen,Ty Lawson,2,7:42,SAS,rebound,,,,,,,,,,DeJuan Blair,,,,,,off,,
DeJuan Blair,George Hill,Keith Bogans,Matt Bonner,Roger Mason,Arron Afflalo,Chauncey Billups,Chris Andersen,Malik Allen,Ty Lawson,2,7:37,SAS,shot,,,,,,,,,,Roger Mason,,,,missed,,3pt,5,20
DeJuan Blair,George Hill,Keith Bogans,Matt Bonner,Roger Mason,Arron Afflalo,Chauncey Billups,Chris Andersen,Malik Allen,Ty Lawson,2,7:36,DEN,rebound,,,,,,,,,,Malik Allen,,,,,,def,,
DeJuan Blair,George Hill,Keith Bogans,Matt Bonner,Roger Mason,Arron Afflalo,Chauncey Billups,Chris Andersen,Malik Allen,Ty Lawson,2,7:32,DEN,shot,,,,,,,,,,Chauncey Billups,,,,missed,,3pt,44,22
DeJuan Blair,George Hill,Keith Bogans,Matt Bonner,Roger Mason,Arron Afflalo,Chauncey Billups,Chris Andersen,Malik Allen,Ty Lawson,2,7:31,DEN,rebound,,,,,,,,,,,,,,,,,,
DeJuan Blair,George Hill,Keith Bogans,Matt Bonner,Roger Mason,Arron Afflalo,Chauncey Billups,Chris Andersen,Malik Allen,Ty Lawson,2,7:28,DEN,shot,,,Matt Bonner,,,,,,,Chauncey Billups,,,,missed,,driving layup,25,6
DeJuan Blair,George Hill,Keith Bogans,Matt Bonner,Roger Mason,Arron Afflalo,Chauncey Billups,Chris Andersen,Malik Allen,Ty Lawson,2,7:27,DEN,rebound,,,,,,,,,,,,,,,,,,
DeJuan Blair,George Hill,Keith Bogans,Matt Bonner,Roger Mason,Arron Afflalo,Chauncey Billups,Chris Andersen,Malik Allen,Ty Lawson,2,7:27,SAS,foul,,,,,,,,Chauncey Billups,,DeJuan Blair,,,,,,inbound,,
DeJuan Blair,George Hill,Keith Bogans,Matt Bonner,Roger Mason,Arron Afflalo,Chauncey Billups,Chris Andersen,Malik Allen,Ty Lawson,2,7:27,DEN,free throw,,,,,,,1,,2,Chauncey Billups,,,foul,made,,,,
DeJuan Blair,George Hill,Keith Bogans,Matt Bonner,Roger Mason,Arron Afflalo,Chauncey Billups,Chris Andersen,Malik Allen,Ty Lawson,2,7:27,DEN,free throw,,,,,,,2,,2,Chauncey Billups,,,foul,made,,,,
DeJuan Blair,George Hill,Keith Bogans,Matt Bonner,Roger Mason,Arron Afflalo,Chauncey Billups,Chris Andersen,Malik Allen,Ty Lawson,2,7:07,SAS,shot,Roger Mason,,,,,,,,,DeJuan Blair,2,,,made,,layup,25,6
DeJuan Blair,George Hill,Keith Bogans,Matt Bonner,Roger Mason,Arron Afflalo,Chauncey Billups,Chris Andersen,Malik Allen,Ty Lawson,2,6:55,DEN,shot,,,,,,,,,,Malik Allen,,,,missed,,running jump,19,14
DeJuan Blair,George Hill,Keith Bogans,Matt Bonner,Roger Mason,Arron Afflalo,Chauncey Billups,Chris Andersen,Malik Allen,Ty Lawson,2,6:54,SAS,rebound,,,,,,,,,,George Hill,,,,,,def,,
DeJuan Blair,George Hill,Keith Bogans,Matt Bonner,Roger Mason,Arron Afflalo,Chauncey Billups,Chris Andersen,Malik Allen,Ty Lawson,2,6:49,SAS,shot,,,,,,,,,,George Hill,2,,,made,,driving finger roll layup,25,6
DeJuan Blair,George Hill,Keith Bogans,Matt Bonner,Roger Mason,Arron Afflalo,Chauncey Billups,Chris Andersen,Malik Allen,Ty Lawson,2,6:42,DEN,turnover,,,,,,,,,,Ty Lawson,,,lost ball,,Roger Mason,,,
DeJuan Blair,George Hill,Keith Bogans,Matt Bonner,Roger Mason,Arron Afflalo,Chauncey Billups,Chris Andersen,Malik Allen,Ty Lawson,2,6:34,DEN,foul,,,,,,,,DeJuan Blair,,Chris Andersen,,,,,,personal,,
DeJuan Blair,George Hill,Keith Bogans,Matt Bonner,Roger Mason,Arron Afflalo,Chauncey Billups,Chris Andersen,Nene Hilario,Ty Lawson,2,6:34,DEN,sub,,,,Nene Hilario,,Malik Allen,,,,,,,,,,,,
DeJuan Blair,George Hill,Keith Bogans,Matt Bonner,Roger Mason,Arron Afflalo,Chauncey Billups,Chris Andersen,Nene Hilario,Ty Lawson,2,6:34,SAS,timeout,,,,,,,,,,,,,,,,regular,,
DeJuan Blair,Keith Bogans,Matt Bonner,Roger Mason,Tim Duncan,Arron Afflalo,Chauncey Billups,Chris Andersen,Nene Hilario,Ty Lawson,2,6:34,SAS,sub,,,,Tim Duncan,,George Hill,,,,,,,,,,,,
Keith Bogans,Matt Bonner,Richard Jefferson,Roger Mason,Tim Duncan,Arron Afflalo,Chauncey Billups,Chris Andersen,Nene Hilario,Ty Lawson,2,6:34,SAS,sub,,,,Richard Jefferson,,DeJuan Blair,,,,,,,,,,,,
Keith Bogans,Matt Bonner,Richard Jefferson,Roger Mason,Tim Duncan,Arron Afflalo,Chauncey Billups,Chris Andersen,Nene Hilario,Ty Lawson,2,6:25,SAS,shot,,,,,,,,,,Tim Duncan,,,,missed,,running hook,18,10
Keith Bogans,Matt Bonner,Richard Jefferson,Roger Mason,Tim Duncan,Arron Afflalo,Chauncey Billups,Chris Andersen,Nene Hilario,Ty Lawson,2,6:24,DEN,rebound,,,,,,,,,,Chris Andersen,,,,,,def,,
Keith Bogans,Matt Bonner,Richard Jefferson,Roger Mason,Tim Duncan,Arron Afflalo,Chauncey Billups,Chris Andersen,Nene Hilario,Ty Lawson,2,6:14,DEN,shot,,,,,,,,,,Arron Afflalo,,,,missed,,3pt,48,8
Keith Bogans,Matt Bonner,Richard Jefferson,Roger Mason,Tim Duncan,Arron Afflalo,Chauncey Billups,Chris Andersen,Nene Hilario,Ty Lawson,2,6:13,SAS,rebound,,,,,,,,,,Keith Bogans,,,,,,def,,
Keith Bogans,Matt Bonner,Richard Jefferson,Roger Mason,Tim Duncan,Arron Afflalo,Chauncey Billups,Chris Andersen,Nene Hilario,Ty Lawson,2,5:54,SAS,shot,,,,,,,,,,Richard Jefferson,,,,missed,,jump,15,27
Keith Bogans,Matt Bonner,Richard Jefferson,Roger Mason,Tim Duncan,Arron Afflalo,Chauncey Billups,Chris Andersen,Nene Hilario,Ty Lawson,2,5:53,DEN,rebound,,,,,,,,,,Arron Afflalo,,,,,,def,,
Keith Bogans,Matt Bonner,Richard Jefferson,Roger Mason,Tim Duncan,Arron Afflalo,Chauncey Billups,Chris Andersen,Nene Hilario,Ty Lawson,2,5:42,DEN,shot,Ty Lawson,,,,,,,,,Chris Andersen,2,,,made,,layup,25,6
Keith Bogans,Matt Bonner,Richard Jefferson,Roger Mason,Tim Duncan,Arron Afflalo,Chauncey Billups,Chris Andersen,Nene Hilario,Ty Lawson,2,5:24,SAS,shot,,,,,,,,,,Roger Mason,,,,missed,,3pt,22,32
Keith Bogans,Matt Bonner,Richard Jefferson,Roger Mason,Tim Duncan,Arron Afflalo,Chauncey Billups,Chris Andersen,Nene Hilario,Ty Lawson,2,5:23,DEN,rebound,,,,,,,,,,Nene Hilario,,,,,,def,,
Keith Bogans,Matt Bonner,Richard Jefferson,Roger Mason,Tim Duncan,Arron Afflalo,Chauncey Billups,Chris Andersen,Nene Hilario,Ty Lawson,2,5:15,DEN,turnover,,,,,,,,,,Nene Hilario,,,out of bounds lost ball turnover,,,,,
Keith Bogans,Matt Bonner,Richard Jefferson,Roger Mason,Tim Duncan,Arron Afflalo,Carmelo Anthony,Chauncey Billups,Nene Hilario,Ty Lawson,2,5:15,DEN,sub,,,,Carmelo Anthony,,Chris Andersen,,,,,,,,,,,,
Keith Bogans,Manu Ginobili,Matt Bonner,Roger Mason,Tim Duncan,Arron Afflalo,Carmelo Anthony,Chauncey Billups,Nene Hilario,Ty Lawson,2,5:15,SAS,sub,,,,Manu Ginobili,,Richard Jefferson,,,,,,,,,,,,
Keith Bogans,Manu Ginobili,Matt Bonner,Roger Mason,Tim Duncan,Arron Afflalo,Carmelo Anthony,Chauncey Billups,Nene Hilario,Ty Lawson,2,5:03,SAS,shot,Manu Ginobili,,,,,,,,,Tim Duncan,2,,,made,,layup,25,6
Keith Bogans,Manu Ginobili,Matt Bonner,Roger Mason,Tim Duncan,Arron Afflalo,Carmelo Anthony,Chauncey Billups,Nene Hilario,Ty Lawson,2,5:03,DEN,foul,,,,,,,,Tim Duncan,,Carmelo Anthony,,,,,,shooting,,
Keith Bogans,Manu Ginobili,Richard Jefferson,Roger Mason,Tim Duncan,Arron Afflalo,Carmelo Anthony,Chauncey Billups,Nene Hilario,Ty Lawson,2,5:03,SAS,sub,,,,Richard Jefferson,,Matt Bonner,,,,,,,,,,,,
Keith Bogans,Manu Ginobili,Richard Jefferson,Roger Mason,Tim Duncan,Arron Afflalo,Carmelo Anthony,Chauncey Billups,Nene Hilario,Ty Lawson,2,5:03,SAS,free throw,,,,,,,1,,1,Tim Duncan,,,foul,missed,,,,
Keith Bogans,Manu Ginobili,Richard Jefferson,Roger Mason,Tim Duncan,Arron Afflalo,Carmelo Anthony,Chauncey Billups,Nene Hilario,Ty Lawson,2,5:01,DEN,rebound,,,,,,,,,,Nene Hilario,,,,,,def,,
Keith Bogans,Manu Ginobili,Richard Jefferson,Roger Mason,Tim Duncan,Arron Afflalo,Carmelo Anthony,Chauncey Billups,Nene Hilario,Ty Lawson,2,4:55,SAS,foul,,,,,,,,Chauncey Billups,,Roger Mason,,,,,,shooting,,
Keith Bogans,Manu Ginobili,Richard Jefferson,Roger Mason,Tim Duncan,Arron Afflalo,Carmelo Anthony,Chauncey Billups,Nene Hilario,Ty Lawson,2,4:55,DEN,free throw,,,,,,,1,,2,Chauncey Billups,,,foul,made,,,,
Keith Bogans,Manu Ginobili,Richard Jefferson,Roger Mason,Tim Duncan,Arron Afflalo,Carmelo Anthony,Chauncey Billups,Nene Hilario,Ty Lawson,2,4:55,DEN,free throw,,,,,,,2,,2,Chauncey Billups,,,foul,made,,,,
Keith Bogans,Manu Ginobili,Richard Jefferson,Roger Mason,Tim Duncan,Arron Afflalo,Carmelo Anthony,Chauncey Billups,Nene Hilario,Ty Lawson,2,4:42,DEN,foul,,,,,,,,Manu Ginobili,,Arron Afflalo,,,,,,shooting,,
Keith Bogans,Manu Ginobili,Richard Jefferson,Roger Mason,Tim Duncan,Arron Afflalo,Carmelo Anthony,Chauncey Billups,Nene Hilario,Ty Lawson,2,4:42,SAS,free throw,,,,,,,1,,2,Manu Ginobili,,,foul,made,,,,
Keith Bogans,Manu Ginobili,Richard Jefferson,Roger Mason,Tim Duncan,Arron Afflalo,Carmelo Anthony,Chauncey Billups,Nene Hilario,Ty Lawson,2,4:42,SAS,free throw,,,,,,,2,,2,Manu Ginobili,,,foul,missed,,,,
Keith Bogans,Manu Ginobili,Richard Jefferson,Roger Mason,Tim Duncan,Arron Afflalo,Carmelo Anthony,Chauncey Billups,Nene Hilario,Ty Lawson,2,4:40,DEN,rebound,,,,,,,,,,Nene Hilario,,,,,,def,,
Keith Bogans,Manu Ginobili,Richard Jefferson,Roger Mason,Tim Duncan,Arron Afflalo,Carmelo Anthony,Chauncey Billups,Nene Hilario,Ty Lawson,2,4:27,DEN,turnover,,,,,,,,,,Chauncey Billups,,,traveling,,,,,
Keith Bogans,Manu Ginobili,Richard Jefferson,Roger Mason,Tim Duncan,Arron Afflalo,Carmelo Anthony,Chauncey Billups,Nene Hilario,Ty Lawson,2,4:27,DEN,violation,,,,,,,,,,,,,,,,delay of game,,
Keith Bogans,Manu Ginobili,Richard Jefferson,Roger Mason,Tim Duncan,Arron Afflalo,Carmelo Anthony,Chauncey Billups,Nene Hilario,Ty Lawson,2,4:13,SAS,shot,,,Carmelo Anthony,,,,,,,Roger Mason,,,,missed,,driving layup,25,6
Keith Bogans,Manu Ginobili,Richard Jefferson,Roger Mason,Tim Duncan,Arron Afflalo,Carmelo Anthony,Chauncey Billups,Nene Hilario,Ty Lawson,2,4:11,DEN,rebound,,,,,,,,,,Carmelo Anthony,,,,,,def,,
Keith Bogans,Manu Ginobili,Richard Jefferson,Roger Mason,Tim Duncan,Arron Afflalo,Carmelo Anthony,Chauncey Billups,Nene Hilario,Ty Lawson,2,4:03,SAS,foul,,,,,,,,,,Roger Mason,,,,,,technical,,
Keith Bogans,Manu Ginobili,Richard Jefferson,Roger Mason,Tim Duncan,Arron Afflalo,Carmelo Anthony,Chauncey Billups,Nene Hilario,Ty Lawson,2,4:03,DEN,free throw,,,,,,,1,,1,Chauncey Billups,,,technical,made,,,,
Keith Bogans,Manu Ginobili,Richard Jefferson,Roger Mason,Tim Duncan,Arron Afflalo,Carmelo Anthony,Chauncey Billups,J.R. Smith,Nene Hilario,2,4:03,DEN,sub,,,,J.R. Smith,,Ty Lawson,,,,,,,,,,,,
George Hill,Keith Bogans,Manu Ginobili,Richard Jefferson,Tim Duncan,Arron Afflalo,Carmelo Anthony,Chauncey Billups,J.R. Smith,Nene Hilario,2,4:03,SAS,sub,,,,George Hill,,Roger Mason,,,,,,,,,,,,
George Hill,Keith Bogans,Manu Ginobili,Richard Jefferson,Tim Duncan,Arron Afflalo,Carmelo Anthony,Chauncey Billups,J.R. Smith,Nene Hilario,2,3:53,SAS,foul,,,,,,,,Chauncey Billups,,Keith Bogans,,,,,,shooting,,
George Hill,Keith Bogans,Manu Ginobili,Richard Jefferson,Tim Duncan,Arron Afflalo,Carmelo Anthony,Chauncey Billups,J.R. Smith,Nene Hilario,2,3:53,DEN,free throw,,,,,,,1,,2,Chauncey Billups,,,foul,made,,,,
George Hill,Manu Ginobili,Michael Finley,Richard Jefferson,Tim Duncan,Arron Afflalo,Carmelo Anthony,Chauncey Billups,J.R. Smith,Nene Hilario,2,3:53,SAS,sub,,,,Michael Finley,,Keith Bogans,,,,,,,,,,,,
George Hill,Manu Ginobili,Michael Finley,Richard Jefferson,Tim Duncan,Arron Afflalo,Carmelo Anthony,Chauncey Billups,J.R. Smith,Nene Hilario,2,3:53,DEN,free throw,,,,,,,2,,2,Chauncey Billups,,,foul,made,,,,
George Hill,Manu Ginobili,Michael Finley,Richard Jefferson,Tim Duncan,Arron Afflalo,Carmelo Anthony,Chauncey Billups,J.R. Smith,Nene Hilario,2,3:41,DEN,foul,,,,,,,,George Hill,,Chauncey Billups,,,,,,personal,,
George Hill,Manu Ginobili,Michael Finley,Richard Jefferson,Tim Duncan,Arron Afflalo,Carmelo Anthony,Chauncey Billups,J.R. Smith,Nene Hilario,2,3:41,SAS,free throw,,,,,,,1,,2,George Hill,,,foul,missed,,,,
George Hill,Manu Ginobili,Michael Finley,Richard Jefferson,Tim Duncan,Arron Afflalo,Carmelo Anthony,Chauncey Billups,J.R. Smith,Nene Hilario,2,3:41,SAS,rebound,,,,,,,,,,,,,,,,,,
George Hill,Manu Ginobili,Michael Finley,Richard Jefferson,Tim Duncan,Arron Afflalo,Carmelo Anthony,Chauncey Billups,J.R. Smith,Nene Hilario,2,3:41,SAS,free throw,,,,,,,2,,2,George Hill,,,foul,missed,,,,
George Hill,Manu Ginobili,Michael Finley,Richard Jefferson,Tim Duncan,Arron Afflalo,Carmelo Anthony,Chauncey Billups,J.R. Smith,Nene Hilario,2,3:39,DEN,rebound,,,,,,,,,,Carmelo Anthony,,,,,,def,,
George Hill,Manu Ginobili,Michael Finley,Richard Jefferson,Tim Duncan,Arron Afflalo,Carmelo Anthony,Chauncey Billups,J.R. Smith,Nene Hilario,2,3:34,DEN,shot,,,,,,,,,,Chauncey Billups,,,,missed,,3pt,9,27
George Hill,Manu Ginobili,Michael Finley,Richard Jefferson,Tim Duncan,Arron Afflalo,Carmelo Anthony,Chauncey Billups,J.R. Smith,Nene Hilario,2,3:32,SAS,rebound,,,,,,,,,,Tim Duncan,,,,,,def,,
George Hill,Manu Ginobili,Michael Finley,Richard Jefferson,Tim Duncan,Arron Afflalo,Carmelo Anthony,Chauncey Billups,J.R. Smith,Nene Hilario,2,3:20,SAS,shot,,,,,,,,,,Manu Ginobili,,,,missed,,jump,28,27
George Hill,Manu Ginobili,Michael Finley,Richard Jefferson,Tim Duncan,Arron Afflalo,Carmelo Anthony,Chauncey Billups,J.R. Smith,Nene Hilario,2,3:19,SAS,rebound,,,,,,,,,,Richard Jefferson,,,,,,off,,
George Hill,Manu Ginobili,Michael Finley,Richard Jefferson,Tim Duncan,Arron Afflalo,Carmelo Anthony,Chauncey Billups,J.R. Smith,Nene Hilario,2,3:17,SAS,shot,,,,,,,,,,Richard Jefferson,2,,,made,,layup,25,6
George Hill,Manu Ginobili,Michael Finley,Richard Jefferson,Tim Duncan,Arron Afflalo,Carmelo Anthony,Chauncey Billups,J.R. Smith,Nene Hilario,2,3:01,DEN,turnover,,,,,,,,,,Carmelo Anthony,,,bad pass,,George Hill,,,
George Hill,Manu Ginobili,Michael Finley,Richard Jefferson,Tim Duncan,Arron Afflalo,Carmelo Anthony,Chauncey Billups,J.R. Smith,Nene Hilario,2,2:50,SAS,shot,,,,,,,,,,Tim Duncan,,,,missed,,jump hook,21,10
George Hill,Manu Ginobili,Michael Finley,Richard Jefferson,Tim Duncan,Arron Afflalo,Carmelo Anthony,Chauncey Billups,J.R. Smith,Nene Hilario,2,2:50,DEN,rebound,,,,,,,,,,Nene Hilario,,,,,,def,,
George Hill,Manu Ginobili,Michael Finley,Richard Jefferson,Tim Duncan,Arron Afflalo,Carmelo Anthony,Chauncey Billups,J.R. Smith,Nene Hilario,2,2:36,DEN,shot,,,,,,,,,,Arron Afflalo,,,,missed,,driving layup,25,6
George Hill,Manu Ginobili,Michael Finley,Richard Jefferson,Tim Duncan,Arron Afflalo,Carmelo Anthony,Chauncey Billups,J.R. Smith,Nene Hilario,2,2:35,DEN,rebound,,,,,,,,,,Nene Hilario,,,,,,off,,
George Hill,Manu Ginobili,Michael Finley,Richard Jefferson,Tim Duncan,Arron Afflalo,Carmelo Anthony,Chauncey Billups,J.R. Smith,Nene Hilario,2,2:30,DEN,shot,,,,,,,,,,Nene Hilario,,,,missed,,jump hook,,
George Hill,Manu Ginobili,Michael Finley,Richard Jefferson,Tim Duncan,Arron Afflalo,Carmelo Anthony,Chauncey Billups,J.R. Smith,Nene Hilario,2,2:29,SAS,rebound,,,,,,,,,,Richard Jefferson,,,,,,def,,
George Hill,Manu Ginobili,Michael Finley,Richard Jefferson,Tim Duncan,Arron Afflalo,Carmelo Anthony,Chauncey Billups,J.R. Smith,Nene Hilario,2,2:22,SAS,shot,,,,,,,,,,Michael Finley,,,,missed,,3pt,41,24
George Hill,Manu Ginobili,Michael Finley,Richard Jefferson,Tim Duncan,Arron Afflalo,Carmelo Anthony,Chauncey Billups,J.R. Smith,Nene Hilario,2,2:21,DEN,rebound,,,,,,,,,,J.R. Smith,,,,,,def,,
George Hill,Manu Ginobili,Michael Finley,Richard Jefferson,Tim Duncan,Arron Afflalo,Carmelo Anthony,Chauncey Billups,J.R. Smith,Nene Hilario,2,2:06,SAS,foul,,,,,,,,Carmelo Anthony,,Richard Jefferson,,,,,,shooting,,
George Hill,Manu Ginobili,Michael Finley,Richard Jefferson,Tim Duncan,Arron Afflalo,Carmelo Anthony,Chauncey Billups,J.R. Smith,Nene Hilario,2,2:06,DEN,timeout,,,,,,,,,,,,,,,,official,,
George Hill,Manu Ginobili,Michael Finley,Richard Jefferson,Tim Duncan,Arron Afflalo,Carmelo Anthony,Chauncey Billups,Joey Graham,Nene Hilario,2,2:06,DEN,sub,,,,Joey Graham,,J.R. Smith,,,,,,,,,,,,
George Hill,Manu Ginobili,Michael Finley,Richard Jefferson,Tim Duncan,Arron Afflalo,Carmelo Anthony,Chauncey Billups,Joey Graham,Nene Hilario,2,2:06,DEN,free throw,,,,,,,1,,2,Carmelo Anthony,,,foul,missed,,,,
George Hill,Manu Ginobili,Michael Finley,Richard Jefferson,Tim Duncan,Arron Afflalo,Carmelo Anthony,Chauncey Billups,Joey Graham,Nene Hilario,2,2:06,DEN,rebound,,,,,,,,,,,,,,,,,,
George Hill,Manu Ginobili,Michael Finley,Richard Jefferson,Tim Duncan,Arron Afflalo,Carmelo Anthony,Chauncey Billups,Joey Graham,Nene Hilario,2,2:06,DEN,free throw,,,,,,,2,,2,Carmelo Anthony,,,foul,made,,,,
George Hill,Manu Ginobili,Michael Finley,Richard Jefferson,Tim Duncan,Arron Afflalo,Carmelo Anthony,Chauncey Billups,Joey Graham,Nene Hilario,2,1:50,SAS,turnover,,,,,,,,,,Manu Ginobili,,,bad pass,,Joey Graham,,,
George Hill,Manu Ginobili,Michael Finley,Richard Jefferson,Tim Duncan,Arron Afflalo,Carmelo Anthony,Chauncey Billups,Joey Graham,Nene Hilario,2,1:31,DEN,shot,,,,,,,,,,Arron Afflalo,,,,missed,,3pt,47,11
George Hill,Manu Ginobili,Michael Finley,Richard Jefferson,Tim Duncan,Arron Afflalo,Carmelo Anthony,Chauncey Billups,Joey Graham,Nene Hilario,2,1:30,SAS,rebound,,,,,,,,,,Manu Ginobili,,,,,,def,,
George Hill,Manu Ginobili,Michael Finley,Richard Jefferson,Tim Duncan,Arron Afflalo,Carmelo Anthony,Chauncey Billups,Joey Graham,Nene Hilario,2,1:21,DEN,foul,,,,,,,,Richard Jefferson,,Joey Graham,,,,,,personal,,
George Hill,Manu Ginobili,Michael Finley,Richard Jefferson,Tim Duncan,Arron Afflalo,Carmelo Anthony,Chauncey Billups,Joey Graham,Nene Hilario,2,1:21,SAS,free throw,,,,,,,1,,2,Richard Jefferson,,,foul,made,,,,
George Hill,Manu Ginobili,Michael Finley,Richard Jefferson,Tim Duncan,Arron Afflalo,Carmelo Anthony,Chauncey Billups,Joey Graham,Nene Hilario,2,1:21,SAS,free throw,,,,,,,2,,2,Richard Jefferson,,,foul,made,,,,
George Hill,Manu Ginobili,Michael Finley,Richard Jefferson,Tim Duncan,Arron Afflalo,Carmelo Anthony,Chauncey Billups,Joey Graham,Nene Hilario,2,1:09,SAS,foul,,,,,,,,Carmelo Anthony,,Tim Duncan,,,,,,personal,,
George Hill,Manu Ginobili,Michael Finley,Richard Jefferson,Tim Duncan,Arron Afflalo,Carmelo Anthony,Chauncey Billups,Joey Graham,Nene Hilario,2,1:09,DEN,free throw,,,,,,,1,,2,Carmelo Anthony,,,foul,missed,,,,
George Hill,Manu Ginobili,Michael Finley,Richard Jefferson,Tim Duncan,Arron Afflalo,Carmelo Anthony,Chauncey Billups,Joey Graham,Nene Hilario,2,1:09,DEN,rebound,,,,,,,,,,,,,,,,,,
George Hill,Manu Ginobili,Michael Finley,Richard Jefferson,Tim Duncan,Arron Afflalo,Carmelo Anthony,Chauncey Billups,Joey Graham,Nene Hilario,2,1:09,DEN,free throw,,,,,,,2,,2,Carmelo Anthony,,,foul,missed,,,,
George Hill,Manu Ginobili,Michael Finley,Richard Jefferson,Tim Duncan,Arron Afflalo,Carmelo Anthony,Chauncey Billups,Joey Graham,Nene Hilario,2,1:07,SAS,rebound,,,,,,,,,,Tim Duncan,,,,,,def,,
George Hill,Manu Ginobili,Michael Finley,Richard Jefferson,Tim Duncan,Arron Afflalo,Carmelo Anthony,Chauncey Billups,Joey Graham,Nene Hilario,2,0:55,SAS,turnover,,,,,,,,,,George Hill,,,bad pass,,Carmelo Anthony,,,
George Hill,Manu Ginobili,Michael Finley,Richard Jefferson,Tim Duncan,Arron Afflalo,Carmelo Anthony,Chauncey Billups,Joey Graham,Nene Hilario,2,0:52,DEN,shot,,,,,,,,,,Carmelo Anthony,2,,,made,,driving finger roll layup,25,6
George Hill,Manu Ginobili,Michael Finley,Richard Jefferson,Tim Duncan,Arron Afflalo,Carmelo Anthony,Chauncey Billups,Joey Graham,Nene Hilario,2,0:39,SAS,turnover,,,,,,,,,,George Hill,,,step out of bounds turnover,,,,,
George Hill,Manu Ginobili,Michael Finley,Richard Jefferson,Tim Duncan,Arron Afflalo,Carmelo Anthony,Chauncey Billups,Joey Graham,Nene Hilario,2,0:29,DEN,shot,,,,,,,,,,Carmelo Anthony,2,,,made,,running jump,21,14
George Hill,Manu Ginobili,Michael Finley,Richard Jefferson,Tim Duncan,Arron Afflalo,Carmelo Anthony,Chauncey Billups,Joey Graham,Nene Hilario,2,0:05,SAS,shot,,,,,,,,,,Richard Jefferson,,,,missed,,3pt,48,6
George Hill,Manu Ginobili,Michael Finley,Richard Jefferson,Tim Duncan,Arron Afflalo,Carmelo Anthony,Chauncey Billups,Joey Graham,Nene Hilario,2,0:04,DEN,rebound,,,,,,,,,,Carmelo Anthony,,,,,,def,,
George Hill,Manu Ginobili,Michael Finley,Richard Jefferson,Tim Duncan,Arron Afflalo,Carmelo Anthony,Chauncey Billups,Joey Graham,Nene Hilario,2,0:00,DEN,shot,,,,,,,,,,Carmelo Anthony,,,,missed,,3pt,43,34
George Hill,Manu Ginobili,Michael Finley,Richard Jefferson,Tim Duncan,Arron Afflalo,Carmelo Anthony,Chauncey Billups,Joey Graham,Nene Hilario,2,0:00,DEN,rebound,,,,,,,,,,,,,,,,,,
Antonio McDyess,George Hill,Richard Jefferson,Roger Mason,Tim Duncan,Arron Afflalo,Carmelo Anthony,Chauncey Billups,Malik Allen,Nene Hilario,3,11:47,DEN,turnover,,,,,,,,,,Carmelo Anthony,,,step out of bounds turnover,,,,,
Antonio McDyess,George Hill,Richard Jefferson,Roger Mason,Tim Duncan,Arron Afflalo,Carmelo Anthony,Chauncey Billups,Malik Allen,Nene Hilario,3,11:25,SAS,shot,,,,,,,,,,Antonio McDyess,,,,missed,,jump,43,8
Antonio McDyess,George Hill,Richard Jefferson,Roger Mason,Tim Duncan,Arron Afflalo,Carmelo Anthony,Chauncey Billups,Malik Allen,Nene Hilario,3,11:24,DEN,rebound,,,,,,,,,,Nene Hilario,,,,,,def,,
Antonio McDyess,George Hill,Richard Jefferson,Roger Mason,Tim Duncan,Arron Afflalo,Carmelo Anthony,Chauncey Billups,Malik Allen,Nene Hilario,3,11:10,DEN,shot,,,,,,,,,,Chauncey Billups,,,,missed,,3pt,44,22
Antonio McDyess,George Hill,Richard Jefferson,Roger Mason,Tim Duncan,Arron Afflalo,Carmelo Anthony,Chauncey Billups,Malik Allen,Nene Hilario,3,11:09,SAS,rebound,,,,,,,,,,Roger Mason,,,,,,def,,
Antonio McDyess,George Hill,Richard Jefferson,Roger Mason,Tim Duncan,Arron Afflalo,Carmelo Anthony,Chauncey Billups,Malik Allen,Nene Hilario,3,10:59,SAS,shot,,,,,,,,,,Richard Jefferson,,,,missed,,jump,33,25
Antonio McDyess,George Hill,Richard Jefferson,Roger Mason,Tim Duncan,Arron Afflalo,Carmelo Anthony,Chauncey Billups,Malik Allen,Nene Hilario,3,10:58,SAS,rebound,,,,,,,,,,Tim Duncan,,,,,,off,,
Antonio McDyess,George Hill,Richard Jefferson,Roger Mason,Tim Duncan,Arron Afflalo,Carmelo Anthony,Chauncey Billups,Malik Allen,Nene Hilario,3,10:41,SAS,shot,George Hill,,,,,,,,,Antonio McDyess,2,,,made,,jump,16,22
Antonio McDyess,George Hill,Richard Jefferson,Roger Mason,Tim Duncan,Arron Afflalo,Carmelo Anthony,Chauncey Billups,Malik Allen,Nene Hilario,3,10:23,DEN,shot,,,,,,,,,,Nene Hilario,2,,,made,,jump,,
Antonio McDyess,George Hill,Richard Jefferson,Roger Mason,Tim Duncan,Arron Afflalo,Carmelo Anthony,Chauncey Billups,Malik Allen,Nene Hilario,3,10:08,SAS,turnover,,,,,,,,,,Tim Duncan,,,out of bounds lost ball turnover,,,,,
Antonio McDyess,George Hill,Richard Jefferson,Roger Mason,Tim Duncan,Arron Afflalo,Carmelo Anthony,Chauncey Billups,Malik Allen,Nene Hilario,3,9:50,DEN,shot,,,,,,,,,,Carmelo Anthony,,,,missed,,jump,11,18
Antonio McDyess,George Hill,Richard Jefferson,Roger Mason,Tim Duncan,Arron Afflalo,Carmelo Anthony,Chauncey Billups,Malik Allen,Nene Hilario,3,9:49,DEN,rebound,,,,,,,,,,Malik Allen,,,,,,off,,
Antonio McDyess,George Hill,Richard Jefferson,Roger Mason,Tim Duncan,Arron Afflalo,Carmelo Anthony,Chauncey Billups,Malik Allen,Nene Hilario,3,9:35,DEN,shot,Chauncey Billups,,,,,,,,,Carmelo Anthony,3,,,made,,3pt,11,28
Antonio McDyess,George Hill,Richard Jefferson,Roger Mason,Tim Duncan,Arron Afflalo,Carmelo Anthony,Chauncey Billups,Malik Allen,Nene Hilario,3,9:08,SAS,turnover,,,,,,,,,,Richard Jefferson,,,lost ball,,Carmelo Anthony,,,
Antonio McDyess,George Hill,Richard Jefferson,Roger Mason,Tim Duncan,Arron Afflalo,Carmelo Anthony,Chauncey Billups,Malik Allen,Nene Hilario,3,9:03,DEN,shot,Carmelo Anthony,,,,,,,,,Nene Hilario,2,,,made,,finger roll layup,,
Antonio McDyess,George Hill,Richard Jefferson,Roger Mason,Tim Duncan,Arron Afflalo,Carmelo Anthony,Chauncey Billups,Malik Allen,Nene Hilario,3,9:03,SAS,timeout,,,,,,,,,,,,,,,,regular,,
Antonio McDyess,George Hill,Richard Jefferson,Roger Mason,Tim Duncan,Arron Afflalo,Carmelo Anthony,Chauncey Billups,Malik Allen,Nene Hilario,3,8:45,SAS,shot,Roger Mason,,,,,,,,,Richard Jefferson,2,,,made,,layup,25,6
Antonio McDyess,George Hill,Richard Jefferson,Roger Mason,Tim Duncan,Arron Afflalo,Carmelo Anthony,Chauncey Billups,Malik Allen,Nene Hilario,3,8:24,DEN,shot,,,,,,,,,,Carmelo Anthony,,,,missed,,jump,10,14
Antonio McDyess,George Hill,Richard Jefferson,Roger Mason,Tim Duncan,Arron Afflalo,Carmelo Anthony,Chauncey Billups,Malik Allen,Nene Hilario,3,8:23,SAS,rebound,,,,,,,,,,George Hill,,,,,,def,,
Antonio McDyess,George Hill,Richard Jefferson,Roger Mason,Tim Duncan,Arron Afflalo,Carmelo Anthony,Chauncey Billups,Malik Allen,Nene Hilario,3,8:11,SAS,shot,Antonio McDyess,,,,,,,,,Richard Jefferson,3,,,made,,3pt,49,8
Antonio McDyess,George Hill,Richard Jefferson,Roger Mason,Tim Duncan,Arron Afflalo,Carmelo Anthony,Chauncey Billups,Malik Allen,Nene Hilario,3,7:55,SAS,foul,,,,,,,,Chauncey Billups,,George Hill,,,,,,personal,,
Antonio McDyess,George Hill,Richard Jefferson,Roger Mason,Tim Duncan,Arron Afflalo,Carmelo Anthony,Chauncey Billups,Malik Allen,Nene Hilario,3,7:51,SAS,foul,,,,,,,,Chauncey Billups,,George Hill,,,,,,shooting,,
Antonio McDyess,George Hill,Richard Jefferson,Roger Mason,Tim Duncan,Arron Afflalo,Carmelo Anthony,Chauncey Billups,Malik Allen,Nene Hilario,3,7:51,DEN,free throw,,,,,,,1,,2,Chauncey Billups,,,foul,made,,,,
Antonio McDyess,George Hill,Richard Jefferson,Roger Mason,Tim Duncan,Arron Afflalo,Carmelo Anthony,Chauncey Billups,Malik Allen,Nene Hilario,3,7:51,DEN,free throw,,,,,,,2,,2,Chauncey Billups,,,foul,missed,,,,
Antonio McDyess,George Hill,Richard Jefferson,Roger Mason,Tim Duncan,Arron Afflalo,Carmelo Anthony,Chauncey Billups,Malik Allen,Nene Hilario,3,7:50,SAS,rebound,,,,,,,,,,Antonio McDyess,,,,,,def,,
Antonio McDyess,George Hill,Richard Jefferson,Roger Mason,Tim Duncan,Arron Afflalo,Carmelo Anthony,Chauncey Billups,Malik Allen,Nene Hilario,3,7:43,DEN,foul,,,,,,,,George Hill,,Nene Hilario,,,,,,personal,,
Antonio McDyess,George Hill,Richard Jefferson,Roger Mason,Tim Duncan,Arron Afflalo,Carmelo Anthony,Chauncey Billups,Malik Allen,Nene Hilario,3,7:43,SAS,free throw,,,,,,,1,,2,George Hill,,,foul,made,,,,
Antonio McDyess,George Hill,Richard Jefferson,Roger Mason,Tim Duncan,Arron Afflalo,Carmelo Anthony,Chauncey Billups,Malik Allen,Nene Hilario,3,7:43,SAS,free throw,,,,,,,2,,2,George Hill,,,foul,made,,,,
Antonio McDyess,George Hill,Richard Jefferson,Roger Mason,Tim Duncan,Arron Afflalo,Carmelo Anthony,Chauncey Billups,Malik Allen,Nene Hilario,3,7:22,DEN,shot,,,,,,,,,,Chauncey Billups,,,,missed,,3pt,32,31
Antonio McDyess,George Hill,Richard Jefferson,Roger Mason,Tim Duncan,Arron Afflalo,Carmelo Anthony,Chauncey Billups,Malik Allen,Nene Hilario,3,7:20,SAS,rebound,,,,,,,,,,Tim Duncan,,,,,,def,,
Antonio McDyess,George Hill,Richard Jefferson,Roger Mason,Tim Duncan,Arron Afflalo,Carmelo Anthony,Chauncey Billups,Malik Allen,Nene Hilario,3,7:16,SAS,shot,,,,,,,,,,George Hill,,,,missed,,layup,25,6
Antonio McDyess,George Hill,Richard Jefferson,Roger Mason,Tim Duncan,Arron Afflalo,Carmelo Anthony,Chauncey Billups,Malik Allen,Nene Hilario,3,7:14,SAS,rebound,,,,,,,,,,Antonio McDyess,,,,,,off,,
Antonio McDyess,George Hill,Richard Jefferson,Roger Mason,Tim Duncan,Arron Afflalo,Carmelo Anthony,Chauncey Billups,Malik Allen,Nene Hilario,3,7:01,SAS,shot,Roger Mason,,,,,,,,,Antonio McDyess,2,,,made,,jump,33,26
Antonio McDyess,George Hill,Richard Jefferson,Roger Mason,Tim Duncan,Arron Afflalo,Carmelo Anthony,Chauncey Billups,Malik Allen,Nene Hilario,3,6:43,DEN,shot,Chauncey Billups,,,,,,,,,Nene Hilario,2,,,made,,jump,,
Antonio McDyess,George Hill,Richard Jefferson,Roger Mason,Tim Duncan,Arron Afflalo,Carmelo Anthony,Chauncey Billups,Malik Allen,Nene Hilario,3,6:21,SAS,shot,,,,,,,,,,Tim Duncan,,,,missed,,jump,22,25
Antonio McDyess,George Hill,Richard Jefferson,Roger Mason,Tim Duncan,Arron Afflalo,Carmelo Anthony,Chauncey Billups,Malik Allen,Nene Hilario,3,6:21,DEN,rebound,,,,,,,,,,,,,,,,,,
Antonio McDyess,George Hill,Richard Jefferson,Roger Mason,Tim Duncan,Arron Afflalo,Carmelo Anthony,Chauncey Billups,Malik Allen,Nene Hilario,3,6:21,SAS,foul,,,,,,,,Nene Hilario,,Antonio McDyess,,,,,,loose ball,,
Antonio McDyess,George Hill,Manu Ginobili,Richard Jefferson,Tim Duncan,Arron Afflalo,Carmelo Anthony,Chauncey Billups,Malik Allen,Nene Hilario,3,6:21,SAS,sub,,,,Manu Ginobili,,Roger Mason,,,,,,,,,,,,
Antonio McDyess,George Hill,Manu Ginobili,Richard Jefferson,Tim Duncan,Arron Afflalo,Carmelo Anthony,Chauncey Billups,Chris Andersen,Nene Hilario,3,6:21,DEN,sub,,,,Chris Andersen,,Malik Allen,,,,,,,,,,,,
Antonio McDyess,George Hill,Manu Ginobili,Richard Jefferson,Tim Duncan,Arron Afflalo,Carmelo Anthony,Chauncey Billups,Chris Andersen,Nene Hilario,3,6:04,DEN,shot,,,,,,,,,,Chauncey Billups,3,,,made,,3pt,6,23
Antonio McDyess,George Hill,Manu Ginobili,Richard Jefferson,Tim Duncan,Arron Afflalo,Carmelo Anthony,Chauncey Billups,Chris Andersen,Nene Hilario,3,5:42,SAS,shot,George Hill,,,,,,,,,Tim Duncan,2,,,made,,turnaround jump,20,13
Antonio McDyess,George Hill,Manu Ginobili,Richard Jefferson,Tim Duncan,Arron Afflalo,Carmelo Anthony,Chauncey Billups,Chris Andersen,Nene Hilario,3,5:30,DEN,shot,,,,,,,,,,Chauncey Billups,,,,missed,,running jump,13,7
Antonio McDyess,George Hill,Manu Ginobili,Richard Jefferson,Tim Duncan,Arron Afflalo,Carmelo Anthony,Chauncey Billups,Chris Andersen,Nene Hilario,3,5:29,SAS,rebound,,,,,,,,,,Tim Duncan,,,,,,def,,
Antonio McDyess,George Hill,Manu Ginobili,Richard Jefferson,Tim Duncan,Arron Afflalo,Carmelo Anthony,Chauncey Billups,Chris Andersen,Nene Hilario,3,5:22,SAS,shot,,,,,,,,,,Manu Ginobili,,,,missed,,running jump,43,18
Antonio McDyess,George Hill,Manu Ginobili,Richard Jefferson,Tim Duncan,Arron Afflalo,Carmelo Anthony,Chauncey Billups,Chris Andersen,Nene Hilario,3,5:20,DEN,rebound,,,,,,,,,,Nene Hilario,,,,,,def,,
Antonio McDyess,George Hill,Manu Ginobili,Richard Jefferson,Tim Duncan,Arron Afflalo,Carmelo Anthony,Chauncey Billups,Chris Andersen,Nene Hilario,3,5:12,DEN,turnover,,,,,,,,,,Arron Afflalo,,,bad pass,,Manu Ginobili,,,
Antonio McDyess,George Hill,Manu Ginobili,Richard Jefferson,Tim Duncan,Arron Afflalo,Carmelo Anthony,Chauncey Billups,Chris Andersen,Nene Hilario,3,4:59,SAS,shot,George Hill,,,,,,,,,Antonio McDyess,2,,,made,,jump,6,8
Antonio McDyess,George Hill,Manu Ginobili,Richard Jefferson,Tim Duncan,Arron Afflalo,Carmelo Anthony,Chauncey Billups,Chris Andersen,Nene Hilario,3,4:47,SAS,foul,,,,,,,,Carmelo Anthony,,Richard Jefferson,,,,,,personal,,
Antonio McDyess,Manu Ginobili,Richard Jefferson,Roger Mason,Tim Duncan,Arron Afflalo,Carmelo Anthony,Chauncey Billups,Chris Andersen,Nene Hilario,3,4:47,SAS,sub,,,,Roger Mason,,George Hill,,,,,,,,,,,,
Antonio McDyess,Manu Ginobili,Richard Jefferson,Roger Mason,Tim Duncan,Arron Afflalo,Carmelo Anthony,Chauncey Billups,Chris Andersen,Nene Hilario,3,4:37,DEN,shot,,,,,,,,,,Carmelo Anthony,,,,missed,,jump,26,12
Antonio McDyess,Manu Ginobili,Richard Jefferson,Roger Mason,Tim Duncan,Arron Afflalo,Carmelo Anthony,Chauncey Billups,Chris Andersen,Nene Hilario,3,4:36,DEN,rebound,,,,,,,,,,Carmelo Anthony,,,,,,off,,
Antonio McDyess,Manu Ginobili,Richard Jefferson,Roger Mason,Tim Duncan,Arron Afflalo,Carmelo Anthony,Chauncey Billups,Chris Andersen,Nene Hilario,3,4:34,DEN,turnover,,,,,,,,,,Carmelo Anthony,,,bad pass,,Antonio McDyess,,,
Antonio McDyess,Manu Ginobili,Richard Jefferson,Roger Mason,Tim Duncan,Arron Afflalo,Carmelo Anthony,Chauncey Billups,Chris Andersen,Nene Hilario,3,4:27,SAS,shot,Antonio McDyess,,,,,,,,,Roger Mason,3,,,made,,3pt,40,27
Antonio McDyess,Manu Ginobili,Richard Jefferson,Roger Mason,Tim Duncan,Arron Afflalo,Carmelo Anthony,Chauncey Billups,Chris Andersen,Nene Hilario,3,4:27,DEN,timeout,,,,,,,,,,,,,,,,regular,,
Antonio McDyess,Keith Bogans,Manu Ginobili,Roger Mason,Tim Duncan,Arron Afflalo,Carmelo Anthony,Chauncey Billups,Chris Andersen,Nene Hilario,3,4:27,SAS,sub,,,,Keith Bogans,,Richard Jefferson,,,,,,,,,,,,
Antonio McDyess,DeJuan Blair,Keith Bogans,Manu Ginobili,Roger Mason,Arron Afflalo,Carmelo Anthony,Chauncey Billups,Chris Andersen,Nene Hilario,3,4:27,SAS,sub,,,,DeJuan Blair,,Tim Duncan,,,,,,,,,,,,
Antonio McDyess,DeJuan Blair,Keith Bogans,Manu Ginobili,Roger Mason,Arron Afflalo,Carmelo Anthony,Chauncey Billups,Chris Andersen,Nene Hilario,3,4:12,DEN,shot,,,,,,,,,,Chauncey Billups,,,,missed,,3pt,28,31
Antonio McDyess,DeJuan Blair,Keith Bogans,Manu Ginobili,Roger Mason,Arron Afflalo,Carmelo Anthony,Chauncey Billups,Chris Andersen,Nene Hilario,3,4:11,SAS,rebound,,,,,,,,,,Antonio McDyess,,,,,,def,,
Antonio McDyess,DeJuan Blair,Keith Bogans,Manu Ginobili,Roger Mason,Arron Afflalo,Carmelo Anthony,Chauncey Billups,Chris Andersen,Nene Hilario,3,4:01,SAS,shot,,,,,,,,,,Antonio McDyess,,,,missed,,jump,22,26
Antonio McDyess,DeJuan Blair,Keith Bogans,Manu Ginobili,Roger Mason,Arron Afflalo,Carmelo Anthony,Chauncey Billups,Chris Andersen,Nene Hilario,3,4:00,DEN,rebound,,,,,,,,,,,,,,,,,,
Antonio McDyess,DeJuan Blair,Keith Bogans,Manu Ginobili,Roger Mason,Arron Afflalo,Carmelo Anthony,Chauncey Billups,Chris Andersen,Nene Hilario,3,4:00,SAS,foul,,,,,,,,Nene Hilario,,DeJuan Blair,,,,,,loose ball,,
Antonio McDyess,DeJuan Blair,Keith Bogans,Manu Ginobili,Roger Mason,Carmelo Anthony,Chauncey Billups,Chris Andersen,J.R. Smith,Nene Hilario,3,4:00,DEN,sub,,,,J.R. Smith,,Arron Afflalo,,,,,,,,,,,,
Antonio McDyess,DeJuan Blair,Keith Bogans,Manu Ginobili,Roger Mason,Carmelo Anthony,Chauncey Billups,Chris Andersen,J.R. Smith,Nene Hilario,3,4:00,DEN,free throw,,,,,,,1,,2,Nene Hilario,,,foul,made,,,,
Antonio McDyess,DeJuan Blair,Keith Bogans,Manu Ginobili,Roger Mason,Carmelo Anthony,Chauncey Billups,Chris Andersen,J.R. Smith,Nene Hilario,3,4:00,DEN,free throw,,,,,,,2,,2,Nene Hilario,,,foul,made,,,,
Antonio McDyess,DeJuan Blair,Keith Bogans,Manu Ginobili,Roger Mason,Carmelo Anthony,Chauncey Billups,Chris Andersen,J.R. Smith,Nene Hilario,3,3:43,SAS,shot,,,Chris Andersen,,,,,,,Roger Mason,,,,missed,,driving layup,25,6
Antonio McDyess,DeJuan Blair,Keith Bogans,Manu Ginobili,Roger Mason,Carmelo Anthony,Chauncey Billups,Chris Andersen,J.R. Smith,Nene Hilario,3,3:42,SAS,rebound,,,,,,,,,,,,,,,,,,
Antonio McDyess,DeJuan Blair,Keith Bogans,Manu Ginobili,Roger Mason,Carmelo Anthony,Chauncey Billups,Chris Andersen,J.R. Smith,Nene Hilario,3,3:40,DEN,foul,,,,,,,,Antonio McDyess,,Carmelo Anthony,,,,,,loose ball,,
Antonio McDyess,DeJuan Blair,Keith Bogans,Manu Ginobili,Roger Mason,Carmelo Anthony,Chauncey Billups,Chris Andersen,J.R. Smith,Nene Hilario,3,3:36,DEN,foul,,,,,,,,Manu Ginobili,,Nene Hilario,,,,,,personal,,
Antonio McDyess,DeJuan Blair,Keith Bogans,Manu Ginobili,Roger Mason,Carmelo Anthony,Chauncey Billups,Chris Andersen,J.R. Smith,Nene Hilario,3,3:28,SAS,turnover,,,,,,,,,,Manu Ginobili,,,bad pass,,Carmelo Anthony,,,
Antonio McDyess,DeJuan Blair,Keith Bogans,Manu Ginobili,Roger Mason,Carmelo Anthony,Chauncey Billups,Chris Andersen,J.R. Smith,Nene Hilario,3,3:23,DEN,shot,,,,,,,,,,J.R. Smith,,,,missed,,layup,25,6
Antonio McDyess,DeJuan Blair,Keith Bogans,Manu Ginobili,Roger Mason,Carmelo Anthony,Chauncey Billups,Chris Andersen,J.R. Smith,Nene Hilario,3,3:22,DEN,rebound,,,,,,,,,,J.R. Smith,,,,,,off,,
Antonio McDyess,DeJuan Blair,Keith Bogans,Manu Ginobili,Roger Mason,Carmelo Anthony,Chauncey Billups,Chris Andersen,J.R. Smith,Nene Hilario,3,3:22,DEN,shot,,,,,,,,,,J.R. Smith,,,,missed,,tip,25,6
Antonio McDyess,DeJuan Blair,Keith Bogans,Manu Ginobili,Roger Mason,Carmelo Anthony,Chauncey Billups,Chris Andersen,J.R. Smith,Nene Hilario,3,3:19,DEN,rebound,,,,,,,,,,J.R. Smith,,,,,,off,,
Antonio McDyess,DeJuan Blair,Keith Bogans,Manu Ginobili,Roger Mason,Carmelo Anthony,Chauncey Billups,Chris Andersen,J.R. Smith,Nene Hilario,3,3:13,DEN,shot,,,,,,,,,,J.R. Smith,,,,missed,,3pt,5,23
Antonio McDyess,DeJuan Blair,Keith Bogans,Manu Ginobili,Roger Mason,Carmelo Anthony,Chauncey Billups,Chris Andersen,J.R. Smith,Nene Hilario,3,3:11,SAS,rebound,,,,,,,,,,Keith Bogans,,,,,,def,,
Antonio McDyess,DeJuan Blair,Keith Bogans,Manu Ginobili,Roger Mason,Carmelo Anthony,Chauncey Billups,Chris Andersen,J.R. Smith,Nene Hilario,3,3:05,SAS,shot,Manu Ginobili,,,,,,,,,Roger Mason,3,,,made,,3pt,3,18
Antonio McDyess,DeJuan Blair,Keith Bogans,Manu Ginobili,Roger Mason,Carmelo Anthony,Chauncey Billups,Chris Andersen,J.R. Smith,Nene Hilario,3,2:57,DEN,foul,,,,,,,,Keith Bogans,,Carmelo Anthony,,,,,,offensive,,
Antonio McDyess,DeJuan Blair,Keith Bogans,Manu Ginobili,Roger Mason,Carmelo Anthony,Chauncey Billups,Chris Andersen,J.R. Smith,Nene Hilario,3,2:57,DEN,turnover,,,,,,,,,,Carmelo Anthony,,,foul,,,,,
Antonio McDyess,DeJuan Blair,Keith Bogans,Manu Ginobili,Roger Mason,Chauncey Billups,Chris Andersen,J.R. Smith,Nene Hilario,Ty Lawson,3,2:57,DEN,sub,,,,Ty Lawson,,Carmelo Anthony,,,,,,,,,,,,
Antonio McDyess,DeJuan Blair,Keith Bogans,Manu Ginobili,Roger Mason,Chauncey Billups,Chris Andersen,J.R. Smith,Nene Hilario,Ty Lawson,3,2:39,DEN,violation,,,,,,,,,,Chris Andersen,,,,,,kicked ball,,
Antonio McDyess,DeJuan Blair,Keith Bogans,Manu Ginobili,Roger Mason,Chauncey Billups,Chris Andersen,J.R. Smith,Nene Hilario,Ty Lawson,3,2:30,SAS,shot,,,,,,,,,,Manu Ginobili,,,,missed,,turnaround jump,24,17
Antonio McDyess,DeJuan Blair,Keith Bogans,Manu Ginobili,Roger Mason,Chauncey Billups,Chris Andersen,J.R. Smith,Nene Hilario,Ty Lawson,3,2:29,DEN,rebound,,,,,,,,,,J.R. Smith,,,,,,def,,
Antonio McDyess,DeJuan Blair,Keith Bogans,Manu Ginobili,Roger Mason,Chauncey Billups,Chris Andersen,J.R. Smith,Nene Hilario,Ty Lawson,3,2:25,SAS,foul,,,,,,,,J.R. Smith,,Manu Ginobili,,,,,,personal,,
Antonio McDyess,DeJuan Blair,Keith Bogans,Manu Ginobili,Roger Mason,Chauncey Billups,Chris Andersen,J.R. Smith,Nene Hilario,Ty Lawson,3,2:25,DEN,free throw,,,,,,,1,,2,J.R. Smith,,,foul,missed,,,,
Antonio McDyess,DeJuan Blair,Keith Bogans,Manu Ginobili,Roger Mason,Chauncey Billups,Chris Andersen,J.R. Smith,Nene Hilario,Ty Lawson,3,2:25,DEN,rebound,,,,,,,,,,,,,,,,,,
Antonio McDyess,DeJuan Blair,Keith Bogans,Manu Ginobili,Roger Mason,Chauncey Billups,Chris Andersen,J.R. Smith,Nene Hilario,Ty Lawson,3,2:25,DEN,free throw,,,,,,,2,,2,J.R. Smith,,,foul,made,,,,
Antonio McDyess,DeJuan Blair,Keith Bogans,Manu Ginobili,Roger Mason,Chauncey Billups,Chris Andersen,J.R. Smith,Nene Hilario,Ty Lawson,3,2:14,SAS,shot,,,,,,,,,,Roger Mason,,,,missed,,3pt,40,28
Antonio McDyess,DeJuan Blair,Keith Bogans,Manu Ginobili,Roger Mason,Chauncey Billups,Chris Andersen,J.R. Smith,Nene Hilario,Ty Lawson,3,2:13,DEN,rebound,,,,,,,,,,J.R. Smith,,,,,,def,,
Antonio McDyess,DeJuan Blair,Keith Bogans,Manu Ginobili,Roger Mason,Chauncey Billups,Chris Andersen,J.R. Smith,Nene Hilario,Ty Lawson,3,2:08,DEN,shot,,,,,,,,,,J.R. Smith,2,,,made,,driving finger roll layup,25,6
Antonio McDyess,DeJuan Blair,Keith Bogans,Manu Ginobili,Roger Mason,Chauncey Billups,Chris Andersen,J.R. Smith,Nene Hilario,Ty Lawson,3,1:48,DEN,foul,,,,,,,,Manu Ginobili,,J.R. Smith,,,,,,shooting,,
DeJuan Blair,Keith Bogans,Manu Ginobili,Matt Bonner,Roger Mason,Chauncey Billups,Chris Andersen,J.R. Smith,Nene Hilario,Ty Lawson,3,1:48,SAS,sub,,,,Matt Bonner,,Antonio McDyess,,,,,,,,,,,,
DeJuan Blair,George Hill,Manu Ginobili,Matt Bonner,Roger Mason,Chauncey Billups,Chris Andersen,J.R. Smith,Nene Hilario,Ty Lawson,3,1:48,SAS,sub,,,,George Hill,,Keith Bogans,,,,,,,,,,,,
DeJuan Blair,George Hill,Manu Ginobili,Matt Bonner,Roger Mason,Chauncey Billups,Chris Andersen,J.R. Smith,Nene Hilario,Ty Lawson,3,1:48,SAS,free throw,,,,,,,1,,2,Manu Ginobili,,,foul,made,,,,
DeJuan Blair,George Hill,Manu Ginobili,Matt Bonner,Roger Mason,Chauncey Billups,Chris Andersen,J.R. Smith,Nene Hilario,Ty Lawson,3,1:48,SAS,free throw,,,,,,,2,,2,Manu Ginobili,,,foul,made,,,,
DeJuan Blair,George Hill,Manu Ginobili,Matt Bonner,Roger Mason,Chauncey Billups,Chris Andersen,J.R. Smith,Nene Hilario,Ty Lawson,3,1:31,DEN,shot,,,,,,,,,,J.R. Smith,,,,missed,,3pt,10,26
DeJuan Blair,George Hill,Manu Ginobili,Matt Bonner,Roger Mason,Chauncey Billups,Chris Andersen,J.R. Smith,Nene Hilario,Ty Lawson,3,1:30,DEN,rebound,,,,,,,,,,Nene Hilario,,,,,,off,,
DeJuan Blair,George Hill,Manu Ginobili,Matt Bonner,Roger Mason,Chauncey Billups,Chris Andersen,J.R. Smith,Nene Hilario,Ty Lawson,3,1:27,DEN,shot,,,,,,,,,,Chauncey Billups,,,,missed,,3pt,37,29
DeJuan Blair,George Hill,Manu Ginobili,Matt Bonner,Roger Mason,Chauncey Billups,Chris Andersen,J.R. Smith,Nene Hilario,Ty Lawson,3,1:27,DEN,rebound,,,,,,,,,,,,,,,,,,
DeJuan Blair,George Hill,Manu Ginobili,Matt Bonner,Roger Mason,Chauncey Billups,Chris Andersen,J.R. Smith,Nene Hilario,Ty Lawson,3,1:27,SAS,foul,,,,,,,,Chris Andersen,,Roger Mason,,,,,,loose ball,,
DeJuan Blair,George Hill,Manu Ginobili,Matt Bonner,Roger Mason,Chauncey Billups,Chris Andersen,J.R. Smith,Nene Hilario,Ty Lawson,3,1:27,DEN,free throw,,,,,,,1,,2,Chris Andersen,,,foul,made,,,,
DeJuan Blair,George Hill,Manu Ginobili,Matt Bonner,Richard Jefferson,Chauncey Billups,Chris Andersen,J.R. Smith,Nene Hilario,Ty Lawson,3,1:27,SAS,sub,,,,Richard Jefferson,,Roger Mason,,,,,,,,,,,,
DeJuan Blair,George Hill,Manu Ginobili,Matt Bonner,Richard Jefferson,Chauncey Billups,Chris Andersen,J.R. Smith,Nene Hilario,Ty Lawson,3,1:27,DEN,free throw,,,,,,,2,,2,Chris Andersen,,,foul,made,,,,
DeJuan Blair,George Hill,Manu Ginobili,Matt Bonner,Richard Jefferson,Chauncey Billups,Chris Andersen,J.R. Smith,Nene Hilario,Ty Lawson,3,1:07,SAS,shot,Richard Jefferson,,,,,,,,,Manu Ginobili,3,,,made,,3pt,7,25
DeJuan Blair,George Hill,Manu Ginobili,Matt Bonner,Richard Jefferson,Chauncey Billups,Chris Andersen,J.R. Smith,Nene Hilario,Ty Lawson,3,0:54,DEN,shot,,,,,,,,,,Chauncey Billups,,,,missed,,3pt,49,12
DeJuan Blair,George Hill,Manu Ginobili,Matt Bonner,Richard Jefferson,Chauncey Billups,Chris Andersen,J.R. Smith,Nene Hilario,Ty Lawson,3,0:54,DEN,rebound,,,,,,,,,,,,,,,,,,
DeJuan Blair,George Hill,Manu Ginobili,Matt Bonner,Richard Jefferson,Arron Afflalo,Chris Andersen,J.R. Smith,Nene Hilario,Ty Lawson,3,0:54,DEN,sub,,,,Arron Afflalo,,Chauncey Billups,,,,,,,,,,,,
DeJuan Blair,George Hill,Manu Ginobili,Matt Bonner,Richard Jefferson,Arron Afflalo,Chris Andersen,J.R. Smith,Nene Hilario,Ty Lawson,3,0:48,DEN,shot,,,,,,,,,,J.R. Smith,2,,,made,,reverse slam dunk,25,6
DeJuan Blair,George Hill,Manu Ginobili,Matt Bonner,Richard Jefferson,Arron Afflalo,Chris Andersen,J.R. Smith,Nene Hilario,Ty Lawson,3,0:48,SAS,foul,,,,,,,,J.R. Smith,,Manu Ginobili,,,,,,shooting,,
DeJuan Blair,George Hill,Manu Ginobili,Matt Bonner,Richard Jefferson,Arron Afflalo,Chris Andersen,J.R. Smith,Nene Hilario,Ty Lawson,3,0:48,DEN,free throw,,,,,,,1,,1,J.R. Smith,,,foul,made,,,,
DeJuan Blair,George Hill,Manu Ginobili,Matt Bonner,Richard Jefferson,Arron Afflalo,Chris Andersen,J.R. Smith,Nene Hilario,Ty Lawson,3,0:33,DEN,foul,,,,,,,,Manu Ginobili,,Nene Hilario,,,,,,personal,,
DeJuan Blair,George Hill,Manu Ginobili,Matt Bonner,Richard Jefferson,Arron Afflalo,Chris Andersen,J.R. Smith,Nene Hilario,Ty Lawson,3,0:33,SAS,free throw,,,,,,,1,,2,Manu Ginobili,,,foul,missed,,,,
DeJuan Blair,George Hill,Manu Ginobili,Matt Bonner,Richard Jefferson,Arron Afflalo,Chris Andersen,J.R. Smith,Nene Hilario,Ty Lawson,3,0:33,SAS,rebound,,,,,,,,,,,,,,,,,,
DeJuan Blair,George Hill,Manu Ginobili,Matt Bonner,Richard Jefferson,Arron Afflalo,Carmelo Anthony,Chris Andersen,J.R. Smith,Ty Lawson,3,0:33,DEN,sub,,,,Carmelo Anthony,,Nene Hilario,,,,,,,,,,,,
DeJuan Blair,George Hill,Keith Bogans,Manu Ginobili,Richard Jefferson,Arron Afflalo,Carmelo Anthony,Chris Andersen,J.R. Smith,Ty Lawson,3,0:33,SAS,sub,,,,Keith Bogans,,Matt Bonner,,,,,,,,,,,,
DeJuan Blair,George Hill,Keith Bogans,Manu Ginobili,Richard Jefferson,Arron Afflalo,Carmelo Anthony,Chris Andersen,J.R. Smith,Ty Lawson,3,0:33,SAS,free throw,,,,,,,2,,2,Manu Ginobili,,,foul,made,,,,
DeJuan Blair,George Hill,Keith Bogans,Manu Ginobili,Richard Jefferson,Arron Afflalo,Carmelo Anthony,Chris Andersen,J.R. Smith,Ty Lawson,3,0:25,DEN,shot,Ty Lawson,,,,,,,,,Carmelo Anthony,2,,,made,,dunk,25,6
DeJuan Blair,George Hill,Keith Bogans,Manu Ginobili,Richard Jefferson,Arron Afflalo,Carmelo Anthony,Chris Andersen,J.R. Smith,Ty Lawson,3,0:06,SAS,shot,,,Chris Andersen,,,,,,,George Hill,,,,missed,,layup,25,6
DeJuan Blair,George Hill,Keith Bogans,Manu Ginobili,Richard Jefferson,Arron Afflalo,Carmelo Anthony,Chris Andersen,J.R. Smith,Ty Lawson,3,0:05,SAS,rebound,,,,,,,,,,DeJuan Blair,,,,,,off,,
DeJuan Blair,George Hill,Keith Bogans,Manu Ginobili,Richard Jefferson,Arron Afflalo,Carmelo Anthony,Chris Andersen,J.R. Smith,Ty Lawson,3,0:04,SAS,shot,,,,,,,,,,DeJuan Blair,2,,,made,,jump,24,13
DeJuan Blair,George Hill,Keith Bogans,Manu Ginobili,Richard Jefferson,Arron Afflalo,Carmelo Anthony,Chris Andersen,J.R. Smith,Ty Lawson,3,0:00,DEN,shot,,,,,,,,,,J.R. Smith,,,,missed,,3pt,41,33
DeJuan Blair,George Hill,Keith Bogans,Manu Ginobili,Richard Jefferson,Arron Afflalo,Carmelo Anthony,Chris Andersen,J.R. Smith,Ty Lawson,3,0:00,DEN,rebound,,,,,,,,,,,,,,,,,,
DeJuan Blair,George Hill,Keith Bogans,Manu Ginobili,Richard Jefferson,Arron Afflalo,Carmelo Anthony,Chris Andersen,J.R. Smith,Ty Lawson,4,11:43,SAS,shot,,,,,,,,,,Manu Ginobili,,,,missed,,3pt,39,27
DeJuan Blair,George Hill,Keith Bogans,Manu Ginobili,Richard Jefferson,Arron Afflalo,Carmelo Anthony,Chris Andersen,J.R. Smith,Ty Lawson,4,11:42,DEN,rebound,,,,,,,,,,Carmelo Anthony,,,,,,def,,
DeJuan Blair,George Hill,Keith Bogans,Manu Ginobili,Richard Jefferson,Arron Afflalo,Carmelo Anthony,Chris Andersen,J.R. Smith,Ty Lawson,4,11:38,SAS,foul,,,,,,,,Carmelo Anthony,,Richard Jefferson,,,,,,shooting,,
DeJuan Blair,George Hill,Keith Bogans,Manu Ginobili,Richard Jefferson,Arron Afflalo,Carmelo Anthony,Chris Andersen,J.R. Smith,Ty Lawson,4,11:38,DEN,free throw,,,,,,,1,,2,Carmelo Anthony,,,foul,made,,,,
DeJuan Blair,George Hill,Keith Bogans,Manu Ginobili,Richard Jefferson,Arron Afflalo,Carmelo Anthony,Chris Andersen,J.R. Smith,Ty Lawson,4,11:38,DEN,free throw,,,,,,,2,,2,Carmelo Anthony,,,foul,made,,,,
DeJuan Blair,George Hill,Keith Bogans,Manu Ginobili,Richard Jefferson,Arron Afflalo,Carmelo Anthony,Chris Andersen,J.R. Smith,Ty Lawson,4,11:19,SAS,shot,,,,,,,,,,George Hill,2,,,made,,running jump,22,13
DeJuan Blair,George Hill,Keith Bogans,Manu Ginobili,Richard Jefferson,Arron Afflalo,Carmelo Anthony,Chris Andersen,J.R. Smith,Ty Lawson,4,11:10,DEN,shot,,,,,,,,,,Carmelo Anthony,,,,missed,,jump,6,18
DeJuan Blair,George Hill,Keith Bogans,Manu Ginobili,Richard Jefferson,Arron Afflalo,Carmelo Anthony,Chris Andersen,J.R. Smith,Ty Lawson,4,11:09,SAS,rebound,,,,,,,,,,DeJuan Blair,,,,,,def,,
DeJuan Blair,George Hill,Keith Bogans,Manu Ginobili,Richard Jefferson,Arron Afflalo,Carmelo Anthony,Chris Andersen,J.R. Smith,Ty Lawson,4,11:05,DEN,foul,,,,,,,,Richard Jefferson,,J.R. Smith,,,,,,personal,,
DeJuan Blair,George Hill,Keith Bogans,Manu Ginobili,Richard Jefferson,Arron Afflalo,Carmelo Anthony,Chris Andersen,J.R. Smith,Ty Lawson,4,10:56,SAS,shot,George Hill,,,,,,,,,Manu Ginobili,3,,,made,,3pt,0,9
DeJuan Blair,George Hill,Keith Bogans,Manu Ginobili,Richard Jefferson,Arron Afflalo,Carmelo Anthony,Chris Andersen,J.R. Smith,Ty Lawson,4,10:44,DEN,shot,Chris Andersen,,,,,,,,,Carmelo Anthony,2,,,made,,layup,25,6
DeJuan Blair,George Hill,Keith Bogans,Manu Ginobili,Richard Jefferson,Arron Afflalo,Carmelo Anthony,Chris Andersen,J.R. Smith,Ty Lawson,4,10:18,SAS,shot,,,,,,,,,,George Hill,2,,,made,,running jump,28,13
DeJuan Blair,George Hill,Keith Bogans,Manu Ginobili,Richard Jefferson,Arron Afflalo,Carmelo Anthony,Chris Andersen,J.R. Smith,Ty Lawson,4,10:06,DEN,turnover,,,,,,,,,,Ty Lawson,,,lost ball,,George Hill,,,
DeJuan Blair,George Hill,Keith Bogans,Manu Ginobili,Richard Jefferson,Arron Afflalo,Carmelo Anthony,Chris Andersen,J.R. Smith,Ty Lawson,4,9:53,SAS,shot,,,J.R. Smith,,,,,,,DeJuan Blair,,,,missed,,layup,25,6
DeJuan Blair,George Hill,Keith Bogans,Manu Ginobili,Richard Jefferson,Arron Afflalo,Carmelo Anthony,Chris Andersen,J.R. Smith,Ty Lawson,4,9:52,SAS,rebound,,,,,,,,,,,,,,,,,,
DeJuan Blair,George Hill,Keith Bogans,Manu Ginobili,Richard Jefferson,Arron Afflalo,Carmelo Anthony,Chris Andersen,J.R. Smith,Ty Lawson,4,9:44,SAS,foul,,,,,,,,Chris Andersen,,DeJuan Blair,,,,,,offensive,,
DeJuan Blair,George Hill,Keith Bogans,Manu Ginobili,Richard Jefferson,Arron Afflalo,Carmelo Anthony,Chris Andersen,J.R. Smith,Ty Lawson,4,9:44,SAS,turnover,,,,,,,,,,DeJuan Blair,,,foul,,,,,
DeJuan Blair,George Hill,Keith Bogans,Manu Ginobili,Richard Jefferson,Arron Afflalo,Carmelo Anthony,Chris Andersen,J.R. Smith,Ty Lawson,4,9:31,SAS,foul,,,,,,,,Carmelo Anthony,,Manu Ginobili,,,,,,personal,,
DeJuan Blair,Keith Bogans,Manu Ginobili,Richard Jefferson,Roger Mason,Arron Afflalo,Carmelo Anthony,Chris Andersen,J.R. Smith,Ty Lawson,4,9:31,SAS,sub,,,,Roger Mason,,George Hill,,,,,,,,,,,,
DeJuan Blair,Keith Bogans,Manu Ginobili,Richard Jefferson,Roger Mason,Arron Afflalo,Carmelo Anthony,Chris Andersen,J.R. Smith,Ty Lawson,4,9:21,DEN,shot,,,,,,,,,,Arron Afflalo,,,,missed,,3pt,49,9
DeJuan Blair,Keith Bogans,Manu Ginobili,Richard Jefferson,Roger Mason,Arron Afflalo,Carmelo Anthony,Chris Andersen,J.R. Smith,Ty Lawson,4,9:20,SAS,rebound,,,,,,,,,,Manu Ginobili,,,,,,def,,
DeJuan Blair,Keith Bogans,Manu Ginobili,Richard Jefferson,Roger Mason,Arron Afflalo,Carmelo Anthony,Chris Andersen,J.R. Smith,Ty Lawson,4,9:18,SAS,shot,,,J.R. Smith,,,,,,,Manu Ginobili,,,,missed,,driving layup,25,6
DeJuan Blair,Keith Bogans,Manu Ginobili,Richard Jefferson,Roger Mason,Arron Afflalo,Carmelo Anthony,Chris Andersen,J.R. Smith,Ty Lawson,4,9:17,SAS,rebound,,,,,,,,,,,,,,,,,,
DeJuan Blair,Keith Bogans,Manu Ginobili,Richard Jefferson,Roger Mason,Arron Afflalo,Carmelo Anthony,Chris Andersen,J.R. Smith,Ty Lawson,4,9:05,SAS,shot,Richard Jefferson,,,,,,,,,DeJuan Blair,2,,,made,,layup,25,6
DeJuan Blair,Keith Bogans,Manu Ginobili,Richard Jefferson,Roger Mason,Arron Afflalo,Carmelo Anthony,Chris Andersen,J.R. Smith,Ty Lawson,4,9:05,DEN,foul,,,,,,,,DeJuan Blair,,Carmelo Anthony,,,,,,shooting,,
DeJuan Blair,Keith Bogans,Manu Ginobili,Richard Jefferson,Roger Mason,Arron Afflalo,Carmelo Anthony,Chris Andersen,J.R. Smith,Ty Lawson,4,9:05,SAS,free throw,,,,,,,1,,1,DeJuan Blair,,,foul,made,,,,
DeJuan Blair,Keith Bogans,Manu Ginobili,Richard Jefferson,Roger Mason,Arron Afflalo,Carmelo Anthony,Chris Andersen,J.R. Smith,Ty Lawson,4,8:53,DEN,shot,,,,,,,,,,Arron Afflalo,,,,missed,,driving layup,25,6
DeJuan Blair,Keith Bogans,Manu Ginobili,Richard Jefferson,Roger Mason,Arron Afflalo,Carmelo Anthony,Chris Andersen,J.R. Smith,Ty Lawson,4,8:52,SAS,rebound,,,,,,,,,,DeJuan Blair,,,,,,def,,
DeJuan Blair,Keith Bogans,Manu Ginobili,Richard Jefferson,Roger Mason,Arron Afflalo,Carmelo Anthony,Chris Andersen,J.R. Smith,Ty Lawson,4,8:48,SAS,shot,,,,,,,,,,Roger Mason,,,,missed,,layup,25,6
DeJuan Blair,Keith Bogans,Manu Ginobili,Richard Jefferson,Roger Mason,Arron Afflalo,Carmelo Anthony,Chris Andersen,J.R. Smith,Ty Lawson,4,8:47,SAS,rebound,,,,,,,,,,Richard Jefferson,,,,,,off,,
DeJuan Blair,Keith Bogans,Manu Ginobili,Richard Jefferson,Roger Mason,Arron Afflalo,Carmelo Anthony,Chris Andersen,J.R. Smith,Ty Lawson,4,8:46,SAS,shot,,,,,,,,,,Richard Jefferson,2,,,made,,layup,25,6
DeJuan Blair,Keith Bogans,Manu Ginobili,Richard Jefferson,Roger Mason,Arron Afflalo,Carmelo Anthony,Chris Andersen,J.R. Smith,Ty Lawson,4,8:46,DEN,timeout,,,,,,,,,,,,,,,,regular,,
DeJuan Blair,George Hill,Keith Bogans,Richard Jefferson,Roger Mason,Arron Afflalo,Carmelo Anthony,Chris Andersen,J.R. Smith,Ty Lawson,4,8:46,SAS,sub,,,,George Hill,,Manu Ginobili,,,,,,,,,,,,
DeJuan Blair,George Hill,Keith Bogans,Richard Jefferson,Roger Mason,Arron Afflalo,Carmelo Anthony,Chauncey Billups,Chris Andersen,J.R. Smith,4,8:46,DEN,sub,,,,Chauncey Billups,,Ty Lawson,,,,,,,,,,,,
DeJuan Blair,George Hill,Keith Bogans,Richard Jefferson,Roger Mason,Arron Afflalo,Carmelo Anthony,Chauncey Billups,Chris Andersen,J.R. Smith,4,8:28,DEN,shot,,,,,,,,,,Chauncey Billups,2,,,made,,driving layup,25,6
DeJuan Blair,George Hill,Keith Bogans,Richard Jefferson,Roger Mason,Arron Afflalo,Carmelo Anthony,Chauncey Billups,Chris Andersen,J.R. Smith,4,8:12,SAS,shot,,,,,,,,,,George Hill,2,,,made,,driving layup,25,6
DeJuan Blair,George Hill,Keith Bogans,Richard Jefferson,Roger Mason,Arron Afflalo,Carmelo Anthony,Chauncey Billups,Chris Andersen,J.R. Smith,4,8:00,DEN,shot,,,,,,,,,,J.R. Smith,2,,,made,,running jump,16,9
DeJuan Blair,George Hill,Keith Bogans,Richard Jefferson,Roger Mason,Arron Afflalo,Carmelo Anthony,Chauncey Billups,Chris Andersen,J.R. Smith,4,7:43,SAS,turnover,,,,,,,,,,Keith Bogans,,,double dribble,,,,,
DeJuan Blair,George Hill,Keith Bogans,Richard Jefferson,Roger Mason,Arron Afflalo,Carmelo Anthony,Chauncey Billups,J.R. Smith,Nene Hilario,4,7:43,DEN,sub,,,,Nene Hilario,,Chris Andersen,,,,,,,,,,,,
DeJuan Blair,George Hill,Keith Bogans,Richard Jefferson,Roger Mason,Arron Afflalo,Carmelo Anthony,Chauncey Billups,J.R. Smith,Nene Hilario,4,7:17,DEN,shot,Nene Hilario,,,,,,,,,Arron Afflalo,2,,,made,,jump,9,16
DeJuan Blair,George Hill,Keith Bogans,Richard Jefferson,Roger Mason,Arron Afflalo,Carmelo Anthony,Chauncey Billups,J.R. Smith,Nene Hilario,4,6:43,SAS,shot,,,,,,,,,,Richard Jefferson,,,,missed,,3pt,48,10
DeJuan Blair,George Hill,Keith Bogans,Richard Jefferson,Roger Mason,Arron Afflalo,Carmelo Anthony,Chauncey Billups,J.R. Smith,Nene Hilario,4,6:42,SAS,rebound,,,,,,,,,,Keith Bogans,,,,,,off,,
DeJuan Blair,George Hill,Keith Bogans,Richard Jefferson,Roger Mason,Arron Afflalo,Carmelo Anthony,Chauncey Billups,J.R. Smith,Nene Hilario,4,6:40,SAS,shot,Keith Bogans,,,,,,,,,DeJuan Blair,2,,,made,,layup,25,6
DeJuan Blair,George Hill,Keith Bogans,Richard Jefferson,Roger Mason,Arron Afflalo,Carmelo Anthony,Chauncey Billups,J.R. Smith,Nene Hilario,4,6:32,SAS,foul,,,,,,,,J.R. Smith,,George Hill,,,,,,shooting,,
DeJuan Blair,George Hill,Keith Bogans,Richard Jefferson,Roger Mason,Arron Afflalo,Carmelo Anthony,Chauncey Billups,J.R. Smith,Nene Hilario,4,6:32,DEN,free throw,,,,,,,1,,2,J.R. Smith,,,foul,missed,,,,
DeJuan Blair,George Hill,Keith Bogans,Richard Jefferson,Roger Mason,Arron Afflalo,Carmelo Anthony,Chauncey Billups,J.R. Smith,Nene Hilario,4,6:32,DEN,rebound,,,,,,,,,,,,,,,,,,
George Hill,Keith Bogans,Richard Jefferson,Roger Mason,Tim Duncan,Arron Afflalo,Carmelo Anthony,Chauncey Billups,J.R. Smith,Nene Hilario,4,6:32,SAS,sub,,,,Tim Duncan,,DeJuan Blair,,,,,,,,,,,,
George Hill,Keith Bogans,Richard Jefferson,Roger Mason,Tim Duncan,Arron Afflalo,Carmelo Anthony,Chauncey Billups,J.R. Smith,Nene Hilario,4,6:32,DEN,free throw,,,,,,,2,,2,J.R. Smith,,,foul,missed,,,,
George Hill,Keith Bogans,Richard Jefferson,Roger Mason,Tim Duncan,Arron Afflalo,Carmelo Anthony,Chauncey Billups,J.R. Smith,Nene Hilario,4,6:31,SAS,rebound,,,,,,,,,,Richard Jefferson,,,,,,def,,
George Hill,Keith Bogans,Richard Jefferson,Roger Mason,Tim Duncan,Arron Afflalo,Carmelo Anthony,Chauncey Billups,J.R. Smith,Nene Hilario,4,6:22,DEN,foul,,,,,,,,George Hill,,Arron Afflalo,,,,,,personal,,
George Hill,Keith Bogans,Richard Jefferson,Roger Mason,Tim Duncan,Arron Afflalo,Carmelo Anthony,Chauncey Billups,J.R. Smith,Nene Hilario,4,6:14,SAS,shot,,,,,,,,,,George Hill,,,,missed,,3pt,2,6
George Hill,Keith Bogans,Richard Jefferson,Roger Mason,Tim Duncan,Arron Afflalo,Carmelo Anthony,Chauncey Billups,J.R. Smith,Nene Hilario,4,6:13,DEN,rebound,,,,,,,,,,,,,,,,,,
George Hill,Keith Bogans,Richard Jefferson,Roger Mason,Tim Duncan,Arron Afflalo,Carmelo Anthony,Chauncey Billups,J.R. Smith,Nene Hilario,4,6:02,DEN,shot,,,Tim Duncan,,,,,,,Chauncey Billups,,,,missed,,driving layup,25,6
George Hill,Keith Bogans,Richard Jefferson,Roger Mason,Tim Duncan,Arron Afflalo,Carmelo Anthony,Chauncey Billups,J.R. Smith,Nene Hilario,4,6:01,SAS,rebound,,,,,,,,,,,,,,,,,,
George Hill,Keith Bogans,Richard Jefferson,Roger Mason,Tim Duncan,Arron Afflalo,Carmelo Anthony,Chauncey Billups,J.R. Smith,Nene Hilario,4,5:45,DEN,foul,,,,,,,,Tim Duncan,,Arron Afflalo,,,,,,shooting,,
George Hill,Keith Bogans,Richard Jefferson,Roger Mason,Tim Duncan,Arron Afflalo,Carmelo Anthony,Chauncey Billups,J.R. Smith,Nene Hilario,4,5:45,SAS,timeout,,,,,,,,,,,,,,,,official,,
George Hill,Keith Bogans,Manu Ginobili,Roger Mason,Tim Duncan,Arron Afflalo,Carmelo Anthony,Chauncey Billups,J.R. Smith,Nene Hilario,4,5:45,SAS,sub,,,,Manu Ginobili,,Richard Jefferson,,,,,,,,,,,,
George Hill,Keith Bogans,Manu Ginobili,Roger Mason,Tim Duncan,Arron Afflalo,Carmelo Anthony,Chauncey Billups,J.R. Smith,Nene Hilario,4,5:45,SAS,free throw,,,,,,,1,,2,Tim Duncan,,,foul,missed,,,,
George Hill,Keith Bogans,Manu Ginobili,Roger Mason,Tim Duncan,Arron Afflalo,Carmelo Anthony,Chauncey Billups,J.R. Smith,Nene Hilario,4,5:45,SAS,rebound,,,,,,,,,,,,,,,,,,
George Hill,Keith Bogans,Manu Ginobili,Roger Mason,Tim Duncan,Arron Afflalo,Carmelo Anthony,Chauncey Billups,J.R. Smith,Nene Hilario,4,5:45,SAS,free throw,,,,,,,2,,2,Tim Duncan,,,foul,made,,,,
George Hill,Keith Bogans,Manu Ginobili,Roger Mason,Tim Duncan,Arron Afflalo,Carmelo Anthony,Chauncey Billups,J.R. Smith,Nene Hilario,4,5:32,DEN,turnover,,,,,,,,,,J.R. Smith,,,bad pass,,Manu Ginobili,,,
George Hill,Keith Bogans,Manu Ginobili,Roger Mason,Tim Duncan,Arron Afflalo,Carmelo Anthony,Chauncey Billups,J.R. Smith,Nene Hilario,4,5:10,SAS,shot,Manu Ginobili,,,,,,,,,Tim Duncan,2,,,made,,jump bank hook,18,10
George Hill,Keith Bogans,Manu Ginobili,Roger Mason,Tim Duncan,Arron Afflalo,Carmelo Anthony,Chauncey Billups,J.R. Smith,Nene Hilario,4,5:00,DEN,turnover,,,,,,,,,,Nene Hilario,,,bad pass,,,,,
George Hill,Keith Bogans,Manu Ginobili,Roger Mason,Tim Duncan,Arron Afflalo,Carmelo Anthony,Chauncey Billups,J.R. Smith,Nene Hilario,4,4:47,DEN,foul,,,,,,,,George Hill,,Carmelo Anthony,,,,,,personal,,
George Hill,Keith Bogans,Manu Ginobili,Roger Mason,Tim Duncan,Arron Afflalo,Carmelo Anthony,Chauncey Billups,J.R. Smith,Nene Hilario,4,4:47,SAS,free throw,,,,,,,1,,2,George Hill,,,foul,made,,,,
George Hill,Keith Bogans,Manu Ginobili,Roger Mason,Tim Duncan,Arron Afflalo,Carmelo Anthony,Chauncey Billups,J.R. Smith,Nene Hilario,4,4:47,SAS,free throw,,,,,,,2,,2,George Hill,,,foul,missed,,,,
George Hill,Keith Bogans,Manu Ginobili,Roger Mason,Tim Duncan,Arron Afflalo,Carmelo Anthony,Chauncey Billups,J.R. Smith,Nene Hilario,4,4:46,DEN,rebound,,,,,,,,,,Carmelo Anthony,,,,,,def,,
George Hill,Keith Bogans,Manu Ginobili,Roger Mason,Tim Duncan,Arron Afflalo,Carmelo Anthony,Chauncey Billups,J.R. Smith,Nene Hilario,4,4:37,SAS,foul,,,,,,,,J.R. Smith,,Keith Bogans,,,,,,shooting,,
George Hill,Keith Bogans,Manu Ginobili,Roger Mason,Tim Duncan,Arron Afflalo,Chauncey Billups,J.R. Smith,Johan Petro,Nene Hilario,4,4:37,DEN,sub,,,,Johan Petro,,Carmelo Anthony,,,,,,,,,,,,
George Hill,Keith Bogans,Manu Ginobili,Roger Mason,Tim Duncan,Arron Afflalo,Chauncey Billups,J.R. Smith,Johan Petro,Malik Allen,4,4:37,DEN,sub,,,,Malik Allen,,Nene Hilario,,,,,,,,,,,,
George Hill,Keith Bogans,Manu Ginobili,Roger Mason,Tim Duncan,Arron Afflalo,J.R. Smith,Johan Petro,Malik Allen,Ty Lawson,4,4:37,DEN,sub,,,,Ty Lawson,,Chauncey Billups,,,,,,,,,,,,
George Hill,Keith Bogans,Manu Ginobili,Roger Mason,Tim Duncan,Arron Afflalo,J.R. Smith,Johan Petro,Malik Allen,Ty Lawson,4,4:37,DEN,free throw,,,,,,,1,,2,J.R. Smith,,,foul,made,,,,
DeJuan Blair,George Hill,Keith Bogans,Manu Ginobili,Roger Mason,Arron Afflalo,J.R. Smith,Johan Petro,Malik Allen,Ty Lawson,4,4:37,SAS,sub,,,,DeJuan Blair,,Tim Duncan,,,,,,,,,,,,
DeJuan Blair,George Hill,Keith Bogans,Manu Ginobili,Roger Mason,Arron Afflalo,J.R. Smith,Johan Petro,Malik Allen,Ty Lawson,4,4:37,DEN,free throw,,,,,,,2,,2,J.R. Smith,,,foul,made,,,,
DeJuan Blair,George Hill,Keith Bogans,Manu Ginobili,Roger Mason,Arron Afflalo,J.R. Smith,Johan Petro,Malik Allen,Ty Lawson,4,4:22,SAS,turnover,,,,,,,,,,George Hill,,,bad pass,,J.R. Smith,,,
DeJuan Blair,George Hill,Keith Bogans,Manu Ginobili,Roger Mason,Arron Afflalo,J.R. Smith,Johan Petro,Malik Allen,Ty Lawson,4,4:14,DEN,shot,,,,,,,,,,Ty Lawson,2,,,made,,driving layup,25,6
DeJuan Blair,George Hill,Keith Bogans,Manu Ginobili,Roger Mason,Arron Afflalo,J.R. Smith,Johan Petro,Malik Allen,Ty Lawson,4,3:49,SAS,shot,,,,,,,,,,Roger Mason,,,,missed,,3pt,48,8
DeJuan Blair,George Hill,Keith Bogans,Manu Ginobili,Roger Mason,Arron Afflalo,J.R. Smith,Johan Petro,Malik Allen,Ty Lawson,4,3:48,SAS,rebound,,,,,,,,,,Manu Ginobili,,,,,,off,,
DeJuan Blair,George Hill,Keith Bogans,Manu Ginobili,Roger Mason,Arron Afflalo,J.R. Smith,Johan Petro,Malik Allen,Ty Lawson,4,3:47,SAS,shot,,,,,,,,,,Manu Ginobili,2,,,made,,putback layup,25,6
DeJuan Blair,George Hill,Keith Bogans,Manu Ginobili,Roger Mason,Arron Afflalo,J.R. Smith,Johan Petro,Malik Allen,Ty Lawson,4,3:27,DEN,shot,,,,,,,,,,Malik Allen,,,,missed,,turnaround jump,9,16
DeJuan Blair,George Hill,Keith Bogans,Manu Ginobili,Roger Mason,Arron Afflalo,J.R. Smith,Johan Petro,Malik Allen,Ty Lawson,4,3:26,SAS,rebound,,,,,,,,,,DeJuan Blair,,,,,,def,,
DeJuan Blair,George Hill,Keith Bogans,Manu Ginobili,Roger Mason,Arron Afflalo,J.R. Smith,Johan Petro,Malik Allen,Ty Lawson,4,3:08,SAS,shot,,,Johan Petro,,,,,,,George Hill,,,,missed,,driving layup,25,6
DeJuan Blair,George Hill,Keith Bogans,Manu Ginobili,Roger Mason,Arron Afflalo,J.R. Smith,Johan Petro,Malik Allen,Ty Lawson,4,3:07,SAS,rebound,,,,,,,,,,George Hill,,,,,,off,,
DeJuan Blair,George Hill,Ian Mahinmi,Keith Bogans,Roger Mason,Arron Afflalo,J.R. Smith,Johan Petro,Malik Allen,Ty Lawson,4,3:07,SAS,sub,,,,Ian Mahinmi,,Manu Ginobili,,,,,,,,,,,,
DeJuan Blair,George Hill,Ian Mahinmi,Michael Finley,Roger Mason,Arron Afflalo,J.R. Smith,Johan Petro,Malik Allen,Ty Lawson,4,3:07,SAS,sub,,,,Michael Finley,,Keith Bogans,,,,,,,,,,,,
DeJuan Blair,George Hill,Ian Mahinmi,Michael Finley,Roger Mason,Arron Afflalo,Joey Graham,Johan Petro,Malik Allen,Ty Lawson,4,3:07,DEN,sub,,,,Joey Graham,,J.R. Smith,,,,,,,,,,,,
DeJuan Blair,George Hill,Ian Mahinmi,Michael Finley,Roger Mason,Arron Afflalo,Joey Graham,Johan Petro,Malik Allen,Ty Lawson,4,3:02,SAS,shot,,,,,,,,,,DeJuan Blair,,,,missed,,jump,45,14
DeJuan Blair,George Hill,Ian Mahinmi,Michael Finley,Roger Mason,Arron Afflalo,Joey Graham,Johan Petro,Malik Allen,Ty Lawson,4,3:02,DEN,rebound,,,,,,,,,,Johan Petro,,,,,,def,,
DeJuan Blair,George Hill,Ian Mahinmi,Michael Finley,Roger Mason,Arron Afflalo,Joey Graham,Johan Petro,Malik Allen,Ty Lawson,4,2:50,DEN,shot,,,,,,,,,,Arron Afflalo,,,,missed,,jump,35,21
DeJuan Blair,George Hill,Ian Mahinmi,Michael Finley,Roger Mason,Arron Afflalo,Joey Graham,Johan Petro,Malik Allen,Ty Lawson,4,2:49,SAS,rebound,,,,,,,,,,Ian Mahinmi,,,,,,def,,
DeJuan Blair,George Hill,Ian Mahinmi,Michael Finley,Roger Mason,Arron Afflalo,Joey Graham,Johan Petro,Malik Allen,Ty Lawson,4,2:34,SAS,shot,Ian Mahinmi,,,,,,,,,DeJuan Blair,2,,,made,,alley oop layup,25,6
DeJuan Blair,George Hill,Ian Mahinmi,Michael Finley,Roger Mason,Arron Afflalo,Joey Graham,Johan Petro,Malik Allen,Ty Lawson,4,2:12,DEN,shot,,,,,,,,,,Joey Graham,,,,missed,,jump,36,24
DeJuan Blair,George Hill,Ian Mahinmi,Michael Finley,Roger Mason,Arron Afflalo,Joey Graham,Johan Petro,Malik Allen,Ty Lawson,4,2:11,SAS,rebound,,,,,,,,,,Michael Finley,,,,,,def,,
DeJuan Blair,George Hill,Ian Mahinmi,Michael Finley,Roger Mason,Arron Afflalo,Joey Graham,Johan Petro,Malik Allen,Ty Lawson,4,2:01,SAS,turnover,,,,,,,,,,Ian Mahinmi,,,step out of bounds turnover,,,,,
DeJuan Blair,George Hill,Ian Mahinmi,Michael Finley,Roger Mason,Arron Afflalo,Joey Graham,Johan Petro,Malik Allen,Ty Lawson,4,2:01,SAS,timeout,,,,,,,,,,,,,,,,regular,,
DeJuan Blair,Ian Mahinmi,Keith Bogans,Michael Finley,Roger Mason,Arron Afflalo,Joey Graham,Johan Petro,Malik Allen,Ty Lawson,4,2:01,SAS,sub,,,,Keith Bogans,,George Hill,,,,,,,,,,,,
DeJuan Blair,Ian Mahinmi,Keith Bogans,Michael Finley,Roger Mason,Arron Afflalo,Joey Graham,Johan Petro,Malik Allen,Ty Lawson,4,1:48,DEN,turnover,,,,,,,,,,Arron Afflalo,,,lost ball,,Roger Mason,,,
DeJuan Blair,Ian Mahinmi,Keith Bogans,Michael Finley,Roger Mason,Arron Afflalo,Joey Graham,Johan Petro,Malik Allen,Ty Lawson,4,1:33,SAS,shot,,,,,,,,,,Ian Mahinmi,2,,,made,,jump bank hook,30,9
DeJuan Blair,Ian Mahinmi,Keith Bogans,Michael Finley,Roger Mason,Arron Afflalo,Joey Graham,Johan Petro,Malik Allen,Ty Lawson,4,1:27,SAS,foul,,,,,,,,Ty Lawson,,Keith Bogans,,,,,,personal,,
DeJuan Blair,Ian Mahinmi,Keith Bogans,Michael Finley,Roger Mason,Arron Afflalo,Joey Graham,Johan Petro,Malik Allen,Ty Lawson,4,1:27,DEN,free throw,,,,,,,1,,2,Ty Lawson,,,foul,made,,,,
DeJuan Blair,Ian Mahinmi,Keith Bogans,Michael Finley,Roger Mason,Arron Afflalo,Joey Graham,Johan Petro,Malik Allen,Ty Lawson,4,1:27,DEN,free throw,,,,,,,2,,2,Ty Lawson,,,foul,made,,,,
DeJuan Blair,Ian Mahinmi,Keith Bogans,Michael Finley,Roger Mason,Arron Afflalo,Joey Graham,Johan Petro,Malik Allen,Ty Lawson,4,1:12,SAS,foul,,,,,,,,Johan Petro,,Ian Mahinmi,,,,,,offensive,,
DeJuan Blair,Ian Mahinmi,Keith Bogans,Michael Finley,Roger Mason,Arron Afflalo,Joey Graham,Johan Petro,Malik Allen,Ty Lawson,4,1:12,SAS,turnover,,,,,,,,,,Ian Mahinmi,,,foul,,,,,
DeJuan Blair,Ian Mahinmi,Keith Bogans,Michael Finley,Roger Mason,Arron Afflalo,Joey Graham,Johan Petro,Malik Allen,Ty Lawson,4,1:02,DEN,shot,Ty Lawson,,,,,,,,,Malik Allen,2,,,made,,jump,14,25
DeJuan Blair,Ian Mahinmi,Keith Bogans,Michael Finley,Roger Mason,Arron Afflalo,Joey Graham,Johan Petro,Malik Allen,Ty Lawson,4,0:49,SAS,turnover,,,,,,,,,,Ian Mahinmi,,,traveling,,,,,
DeJuan Blair,Ian Mahinmi,Keith Bogans,Michael Finley,Roger Mason,Arron Afflalo,Joey Graham,Johan Petro,Malik Allen,Ty Lawson,4,0:40,DEN,shot,Ty Lawson,,,,,,,,,Joey Graham,2,,,made,,jump,11,21
DeJuan Blair,Ian Mahinmi,Keith Bogans,Michael Finley,Roger Mason,Arron Afflalo,Joey Graham,Johan Petro,Malik Allen,Ty Lawson,4,0:26,DEN,foul,,,,,,,,Ian Mahinmi,,Arron Afflalo,,,,,,personal,,
DeJuan Blair,Ian Mahinmi,Keith Bogans,Michael Finley,Roger Mason,Arron Afflalo,Joey Graham,Johan Petro,Malik Allen,Ty Lawson,4,0:26,SAS,free throw,,,,,,,1,,2,Ian Mahinmi,,,foul,made,,,,
DeJuan Blair,Ian Mahinmi,Keith Bogans,Michael Finley,Roger Mason,Arron Afflalo,Joey Graham,Johan Petro,Malik Allen,Ty Lawson,4,0:26,SAS,free throw,,,,,,,2,,2,Ian Mahinmi,,,foul,made,,,,
DeJuan Blair,Ian Mahinmi,Keith Bogans,Michael Finley,Roger Mason,Arron Afflalo,Joey Graham,Johan Petro,Malik Allen,Ty Lawson,4,0:17,DEN,shot,Ty Lawson,,,,,,,,,Malik Allen,2,,,made,,jump,27,25
