a1,a2,a3,a4,a5,h1,h2,h3,h4,h5,period,time,team,etype,assist,away,block,entered,home,left,num,opponent,outof,player,points,possession,reason,result,steal,type,x,y
Dwyane Wade,Jermaine O'Neal,Michael Beasley,Quentin Richardson,Rafer Alston,Boris Diaw,Gerald Wallace,Nazr Mohammed,Raymond Felton,Stephen Jackson,1,12:00,OFF,jump ball,,Jermaine O'Neal,,,Nazr Mohammed,,,,,,,Michael Beasley,,,,,,
Dwyane Wade,Jermaine O'Neal,Michael Beasley,Quentin Richardson,Rafer Alston,Boris Diaw,Gerald Wallace,Nazr Mohammed,Raymond Felton,Stephen Jackson,1,11:40,MIA,shot,,,,,,,,,,Jermaine O'Neal,2,,,made,,jump,41,12
Dwyane Wade,Jermaine O'Neal,Michael Beasley,Quentin Richardson,Rafer Alston,Boris Diaw,Gerald Wallace,Nazr Mohammed,Raymond Felton,Stephen Jackson,1,11:26,CHA,shot,Nazr Mohammed,,,,,,,,,Gerald Wallace,2,,,made,,jump,26,24
Dwyane Wade,Jermaine O'Neal,Michael Beasley,Quentin Richardson,Rafer Alston,Boris Diaw,Gerald Wallace,Nazr Mohammed,Raymond Felton,Stephen Jackson,1,11:13,MIA,shot,,,,,,,,,,Rafer Alston,,,,missed,,floating jump,18,8
Dwyane Wade,Jermaine O'Neal,Michael Beasley,Quentin Richardson,Rafer Alston,Boris Diaw,Gerald Wallace,Nazr Mohammed,Raymond Felton,Stephen Jackson,1,11:13,CHA,rebound,,,,,,,,,,,,,,,,,,
Dwyane Wade,Jermaine O'Neal,Michael Beasley,Quentin Richardson,Rafer Alston,Boris Diaw,Gerald Wallace,Nazr Mohammed,Raymond Felton,Stephen Jackson,1,11:13,MIA,foul,,,,,,,,Nazr Mohammed,,Jermaine O'Neal,,,,,,loose ball,,
Dwyane Wade,Jermaine O'Neal,Michael Beasley,Quentin Richardson,Rafer Alston,Boris Diaw,Gerald Wallace,Nazr Mohammed,Raymond Felton,Stephen Jackson,1,11:05,CHA,foul,,,,,,,,Dwyane Wade,,Raymond Felton,,,,,,offensive,,
Dwyane Wade,Jermaine O'Neal,Michael Beasley,Quentin Richardson,Rafer Alston,Boris Diaw,Gerald Wallace,Nazr Mohammed,Raymond Felton,Stephen Jackson,1,11:05,CHA,turnover,,,,,,,,,,Raymond Felton,,,foul,,,,,
Dwyane Wade,Jermaine O'Neal,Michael Beasley,Quentin Richardson,Rafer Alston,Boris Diaw,Gerald Wallace,Nazr Mohammed,Raymond Felton,Stephen Jackson,1,10:52,CHA,foul,,,,,,,,Jermaine O'Neal,,Nazr Mohammed,,,,,,personal,,
Dwyane Wade,Jermaine O'Neal,Michael Beasley,Quentin Richardson,Rafer Alston,Boris Diaw,Gerald Wallace,Nazr Mohammed,Raymond Felton,Stephen Jackson,1,10:44,MIA,shot,Dwyane Wade,,,,,,,,,Jermaine O'Neal,2,,,made,,jump,37,13
Dwyane Wade,Jermaine O'Neal,Michael Beasley,Quentin Richardson,Rafer Alston,Boris Diaw,Gerald Wallace,Nazr Mohammed,Raymond Felton,Stephen Jackson,1,10:20,CHA,turnover,,,,,,,,,,Stephen Jackson,,,bad pass,,Michael Beasley,,,
Dwyane Wade,Jermaine O'Neal,Michael Beasley,Quentin Richardson,Rafer Alston,Boris Diaw,Gerald Wallace,Nazr Mohammed,Raymond Felton,Stephen Jackson,1,10:10,MIA,shot,,,,,,,,,,Quentin Richardson,,,,missed,,3pt,12,28
Dwyane Wade,Jermaine O'Neal,Michael Beasley,Quentin Richardson,Rafer Alston,Boris Diaw,Gerald Wallace,Nazr Mohammed,Raymond Felton,Stephen Jackson,1,10:09,CHA,rebound,,,,,,,,,,Nazr Mohammed,,,,,,def,,
Dwyane Wade,Jermaine O'Neal,Michael Beasley,Quentin Richardson,Rafer Alston,Boris Diaw,Gerald Wallace,Nazr Mohammed,Raymond Felton,Stephen Jackson,1,9:53,MIA,foul,,,,,,,,Stephen Jackson,,Rafer Alston,,,,,,shooting,,
Dwyane Wade,Jermaine O'Neal,Michael Beasley,Quentin Richardson,Rafer Alston,Boris Diaw,Gerald Wallace,Nazr Mohammed,Raymond Felton,Stephen Jackson,1,9:53,CHA,free throw,,,,,,,1,,2,Stephen Jackson,,,foul,made,,,,
Dwyane Wade,Jermaine O'Neal,Michael Beasley,Quentin Richardson,Rafer Alston,Boris Diaw,Gerald Wallace,Nazr Mohammed,Raymond Felton,Stephen Jackson,1,9:53,CHA,free throw,,,,,,,2,,2,Stephen Jackson,,,foul,made,,,,
Dwyane Wade,Jermaine O'Neal,Michael Beasley,Quentin Richardson,Rafer Alston,Boris Diaw,Gerald Wallace,Nazr Mohammed,Raymond Felton,Stephen Jackson,1,9:28,MIA,shot,,,,,,,,,,Rafer Alston,,,,missed,,3pt,10,29
Dwyane Wade,Jermaine O'Neal,Michael Beasley,Quentin Richardson,Rafer Alston,Boris Diaw,Gerald Wallace,Nazr Mohammed,Raymond Felton,Stephen Jackson,1,9:27,CHA,rebound,,,,,,,,,,Nazr Mohammed,,,,,,def,,
Dwyane Wade,Jermaine O'Neal,Michael Beasley,Quentin Richardson,Rafer Alston,Boris Diaw,Gerald Wallace,Nazr Mohammed,Raymond Felton,Stephen Jackson,1,9:20,CHA,turnover,,,,,,,,,,Stephen Jackson,,,bad pass,,Michael Beasley,,,
Dwyane Wade,Jermaine O'Neal,Michael Beasley,Quentin Richardson,Rafer Alston,Boris Diaw,Gerald Wallace,Nazr Mohammed,Raymond Felton,Stephen Jackson,1,9:17,MIA,turnover,,,,,,,,,,Dwyane Wade,,,bad pass,,Stephen Jackson,,,
Dwyane Wade,Jermaine O'Neal,Michael Beasley,Quentin Richardson,Rafer Alston,Boris Diaw,Gerald Wallace,Nazr Mohammed,Raymond Felton,Stephen Jackson,1,9:08,CHA,shot,Stephen Jackson,,,,,,,,,Nazr Mohammed,2,,,made,,dunk,25,6
Dwyane Wade,Jermaine O'Neal,Michael Beasley,Quentin Richardson,Rafer Alston,Boris Diaw,Gerald Wallace,Nazr Mohammed,Raymond Felton,Stephen Jackson,1,8:52,MIA,shot,,,,,,,,,,Michael Beasley,,,,missed,,jump,33,26
Dwyane Wade,Jermaine O'Neal,Michael Beasley,Quentin Richardson,Rafer Alston,Boris Diaw,Gerald Wallace,Nazr Mohammed,Raymond Felton,Stephen Jackson,1,8:51,CHA,rebound,,,,,,,,,,Boris Diaw,,,,,,def,,
Dwyane Wade,Jermaine O'Neal,Michael Beasley,Quentin Richardson,Rafer Alston,Boris Diaw,Gerald Wallace,Nazr Mohammed,Raymond Felton,Stephen Jackson,1,8:46,CHA,shot,,,,,,,,,,Raymond Felton,2,,,made,,driving layup,25,6
Dwyane Wade,Jermaine O'Neal,Michael Beasley,Quentin Richardson,Rafer Alston,Boris Diaw,Gerald Wallace,Nazr Mohammed,Raymond Felton,Stephen Jackson,1,8:46,MIA,foul,,,,,,,,Raymond Felton,,Rafer Alston,,,,,,shooting,,
Dwyane Wade,Jermaine O'Neal,Mario Chalmers,Michael Beasley,Quentin Richardson,Boris Diaw,Gerald Wallace,Nazr Mohammed,Raymond Felton,Stephen Jackson,1,8:46,MIA,sub,,,,Mario Chalmers,,Rafer Alston,,,,,,,,,,,,
Dwyane Wade,Jermaine O'Neal,Mario Chalmers,Michael Beasley,Quentin Richardson,Boris Diaw,Gerald Wallace,Nazr Mohammed,Raymond Felton,Stephen Jackson,1,8:46,CHA,free throw,,,,,,,1,,1,Raymond Felton,,,foul,missed,,,,
Dwyane Wade,Jermaine O'Neal,Mario Chalmers,Michael Beasley,Quentin Richardson,Boris Diaw,Gerald Wallace,Nazr Mohammed,Raymond Felton,Stephen Jackson,1,8:45,MIA,rebound,,,,,,,,,,Quentin Richardson,,,,,,def,,
Dwyane Wade,Jermaine O'Neal,Mario Chalmers,Michael Beasley,Quentin Richardson,Boris Diaw,Gerald Wallace,Nazr Mohammed,Raymond Felton,Stephen Jackson,1,8:30,MIA,shot,Quentin Richardson,,,,,,,,,Dwyane Wade,2,,,made,,dunk,25,6
Dwyane Wade,Jermaine O'Neal,Mario Chalmers,Michael Beasley,Quentin Richardson,Boris Diaw,Gerald Wallace,Nazr Mohammed,Raymond Felton,Stephen Jackson,1,8:19,CHA,shot,Stephen Jackson,,,,,,,,,Raymond Felton,2,,,made,,layup,25,6
Dwyane Wade,Jermaine O'Neal,Mario Chalmers,Michael Beasley,Quentin Richardson,Boris Diaw,Gerald Wallace,Nazr Mohammed,Raymond Felton,Stephen Jackson,1,7:55,MIA,shot,,,,,,,,,,Michael Beasley,,,,missed,,3pt,48,7
Dwyane Wade,Jermaine O'Neal,Mario Chalmers,Michael Beasley,Quentin Richardson,Boris Diaw,Gerald Wallace,Nazr Mohammed,Raymond Felton,Stephen Jackson,1,7:54,CHA,rebound,,,,,,,,,,Gerald Wallace,,,,,,def,,
Dwyane Wade,Jermaine O'Neal,Mario Chalmers,Michael Beasley,Quentin Richardson,Boris Diaw,Gerald Wallace,Nazr Mohammed,Raymond Felton,Stephen Jackson,1,7:46,CHA,shot,,,,,,,,,,Nazr Mohammed,,,,missed,,jump,41,9
Dwyane Wade,Jermaine O'Neal,Mario Chalmers,Michael Beasley,Quentin Richardson,Boris Diaw,Gerald Wallace,Nazr Mohammed,Raymond Felton,Stephen Jackson,1,7:45,CHA,rebound,,,,,,,,,,Nazr Mohammed,,,,,,off,,
Dwyane Wade,Jermaine O'Neal,Mario Chalmers,Michael Beasley,Quentin Richardson,Boris Diaw,Gerald Wallace,Nazr Mohammed,Raymond Felton,Stephen Jackson,1,7:45,CHA,shot,,,,,,,,,,Nazr Mohammed,2,,,made,,layup,25,6
Dwyane Wade,Jermaine O'Neal,Mario Chalmers,Michael Beasley,Quentin Richardson,Boris Diaw,Gerald Wallace,Nazr Mohammed,Raymond Felton,Stephen Jackson,1,7:45,MIA,foul,,,,,,,,Nazr Mohammed,,Michael Beasley,,,,,,shooting,,
Dwyane Wade,Jermaine O'Neal,Mario Chalmers,Michael Beasley,Quentin Richardson,Boris Diaw,Gerald Wallace,Nazr Mohammed,Raymond Felton,Stephen Jackson,1,7:45,CHA,free throw,,,,,,,1,,1,Nazr Mohammed,,,foul,made,,,,
Dwyane Wade,Jermaine O'Neal,Mario Chalmers,Michael Beasley,Quentin Richardson,Boris Diaw,Gerald Wallace,Nazr Mohammed,Raymond Felton,Stephen Jackson,1,7:28,MIA,turnover,,,,,,,,,,Dwyane Wade,,,bad pass,,Boris Diaw,,,
Dwyane Wade,Jermaine O'Neal,Mario Chalmers,Michael Beasley,Quentin Richardson,Boris Diaw,Gerald Wallace,Nazr Mohammed,Raymond Felton,Stephen Jackson,1,7:07,CHA,shot,,,,,,,,,,Raymond Felton,2,,,made,,driving jump,18,8
Dwyane Wade,Jermaine O'Neal,Mario Chalmers,Michael Beasley,Quentin Richardson,Boris Diaw,Gerald Wallace,Nazr Mohammed,Raymond Felton,Stephen Jackson,1,7:04,MIA,timeout,,,,,,,,,,,,,,,,regular,,
Dwyane Wade,Jermaine O'Neal,Mario Chalmers,Quentin Richardson,Udonis Haslem,Boris Diaw,Gerald Wallace,Nazr Mohammed,Raymond Felton,Stephen Jackson,1,7:04,MIA,sub,,,,Udonis Haslem,,Michael Beasley,,,,,,,,,,,,
Dwyane Wade,Jermaine O'Neal,Mario Chalmers,Quentin Richardson,Udonis Haslem,Boris Diaw,Gerald Wallace,Nazr Mohammed,Raymond Felton,Stephen Jackson,1,6:59,CHA,foul,,,,,,,,Dwyane Wade,,Stephen Jackson,,,,,,shooting,,
Dwyane Wade,Jermaine O'Neal,Mario Chalmers,Quentin Richardson,Udonis Haslem,Boris Diaw,Gerald Wallace,Nazr Mohammed,Raymond Felton,Stephen Jackson,1,6:59,MIA,free throw,,,,,,,1,,2,Dwyane Wade,,,foul,missed,,,,
Dwyane Wade,Jermaine O'Neal,Mario Chalmers,Quentin Richardson,Udonis Haslem,Boris Diaw,Gerald Wallace,Nazr Mohammed,Raymond Felton,Stephen Jackson,1,6:59,MIA,rebound,,,,,,,,,,,,,,,,,,
Dwyane Wade,Jermaine O'Neal,Mario Chalmers,Quentin Richardson,Udonis Haslem,Boris Diaw,Gerald Wallace,Nazr Mohammed,Raymond Felton,Stephen Jackson,1,6:59,MIA,free throw,,,,,,,2,,2,Dwyane Wade,,,foul,missed,,,,
Dwyane Wade,Jermaine O'Neal,Mario Chalmers,Quentin Richardson,Udonis Haslem,Boris Diaw,Gerald Wallace,Nazr Mohammed,Raymond Felton,Stephen Jackson,1,6:57,CHA,rebound,,,,,,,,,,Gerald Wallace,,,,,,def,,
Dwyane Wade,Jermaine O'Neal,Mario Chalmers,Quentin Richardson,Udonis Haslem,Boris Diaw,Gerald Wallace,Nazr Mohammed,Raymond Felton,Stephen Jackson,1,6:42,CHA,shot,,,,,,,,,,Boris Diaw,,,,missed,,hook,32,8
Dwyane Wade,Jermaine O'Neal,Mario Chalmers,Quentin Richardson,Udonis Haslem,Boris Diaw,Gerald Wallace,Nazr Mohammed,Raymond Felton,Stephen Jackson,1,6:41,CHA,rebound,,,,,,,,,,Nazr Mohammed,,,,,,off,,
Dwyane Wade,Jermaine O'Neal,Mario Chalmers,Quentin Richardson,Udonis Haslem,Boris Diaw,Gerald Wallace,Nazr Mohammed,Raymond Felton,Stephen Jackson,1,6:41,CHA,shot,,,,,,,,,,Nazr Mohammed,2,,,made,,tip,25,6
Dwyane Wade,Jermaine O'Neal,Mario Chalmers,Quentin Richardson,Udonis Haslem,Boris Diaw,Gerald Wallace,Nazr Mohammed,Raymond Felton,Stephen Jackson,1,6:18,MIA,shot,,,,,,,,,,Mario Chalmers,,,,missed,,3pt,9,27
Dwyane Wade,Jermaine O'Neal,Mario Chalmers,Quentin Richardson,Udonis Haslem,Boris Diaw,Gerald Wallace,Nazr Mohammed,Raymond Felton,Stephen Jackson,1,6:15,MIA,rebound,,,,,,,,,,,,,,,,,,
Dwyane Wade,Jermaine O'Neal,Mario Chalmers,Quentin Richardson,Udonis Haslem,Boris Diaw,Gerald Wallace,Nazr Mohammed,Raymond Felton,Stephen Jackson,1,6:15,MIA,turnover,,,,,,,,,,,,,shot clock turnover,,,,,
Dwyane Wade,Jermaine O'Neal,Mario Chalmers,Quentin Richardson,Udonis Haslem,Boris Diaw,Gerald Wallace,Nazr Mohammed,Raymond Felton,Stephen Jackson,1,6:01,MIA,foul,,,,,,,,Nazr Mohammed,,Udonis Haslem,,,,,,shooting,,
Dwyane Wade,Jermaine O'Neal,Mario Chalmers,Quentin Richardson,Udonis Haslem,Boris Diaw,Gerald Wallace,Nazr Mohammed,Raymond Felton,Stephen Jackson,1,6:01,CHA,free throw,,,,,,,1,,2,Nazr Mohammed,,,foul,made,,,,
Dwyane Wade,Jermaine O'Neal,Mario Chalmers,Quentin Richardson,Udonis Haslem,Boris Diaw,Gerald Wallace,Nazr Mohammed,Raymond Felton,Stephen Jackson,1,6:01,CHA,free throw,,,,,,,2,,2,Nazr Mohammed,,,foul,missed,,,,
Dwyane Wade,Jermaine O'Neal,Mario Chalmers,Quentin Richardson,Udonis Haslem,Boris Diaw,Gerald Wallace,Nazr Mohammed,Raymond Felton,Stephen Jackson,1,6:00,MIA,rebound,,,,,,,,,,Udonis Haslem,,,,,,def,,
Dwyane Wade,Jermaine O'Neal,Mario Chalmers,Quentin Richardson,Udonis Haslem,Boris Diaw,Gerald Wallace,Nazr Mohammed,Raymond Felton,Stephen Jackson,1,5:47,MIA,shot,,,Gerald Wallace,,,,,,,Jermaine O'Neal,,,,missed,,layup,25,6
Dwyane Wade,Jermaine O'Neal,Mario Chalmers,Quentin Richardson,Udonis Haslem,Boris Diaw,Gerald Wallace,Nazr Mohammed,Raymond Felton,Stephen Jackson,1,5:46,CHA,rebound,,,,,,,,,,Nazr Mohammed,,,,,,def,,
Dwyane Wade,Jermaine O'Neal,Mario Chalmers,Quentin Richardson,Udonis Haslem,Boris Diaw,Gerald Wallace,Nazr Mohammed,Raymond Felton,Stephen Jackson,1,5:37,CHA,shot,,,,,,,,,,Raymond Felton,2,,,made,,driving layup,25,6
Dwyane Wade,Jermaine O'Neal,Mario Chalmers,Quentin Richardson,Udonis Haslem,Boris Diaw,Gerald Wallace,Nazr Mohammed,Raymond Felton,Stephen Jackson,1,5:28,MIA,timeout,,,,,,,,,,,,,,,,short,,
Dwyane Wade,Jermaine O'Neal,Mario Chalmers,Quentin Richardson,Udonis Haslem,Boris Diaw,Gerald Wallace,Nazr Mohammed,Raymond Felton,Stephen Jackson,1,5:24,MIA,foul,,,,,,,,Stephen Jackson,,Jermaine O'Neal,,,,,,offensive,,
Dwyane Wade,Jermaine O'Neal,Mario Chalmers,Quentin Richardson,Udonis Haslem,Boris Diaw,Gerald Wallace,Nazr Mohammed,Raymond Felton,Stephen Jackson,1,5:24,MIA,turnover,,,,,,,,,,Jermaine O'Neal,,,foul,,,,,
Dwyane Wade,Joel Anthony,Mario Chalmers,Quentin Richardson,Udonis Haslem,Boris Diaw,Gerald Wallace,Nazr Mohammed,Raymond Felton,Stephen Jackson,1,5:24,MIA,sub,,,,Joel Anthony,,Jermaine O'Neal,,,,,,,,,,,,
Dwyane Wade,Joel Anthony,Mario Chalmers,Quentin Richardson,Udonis Haslem,Boris Diaw,Gerald Wallace,Nazr Mohammed,Raymond Felton,Stephen Jackson,1,5:11,CHA,shot,Stephen Jackson,,,,,,,,,Nazr Mohammed,2,,,made,,fade away bank,17,9
Dwyane Wade,Joel Anthony,Mario Chalmers,Quentin Richardson,Udonis Haslem,Boris Diaw,Gerald Wallace,Nazr Mohammed,Raymond Felton,Stephen Jackson,1,4:59,MIA,shot,,,,,,,,,,Quentin Richardson,,,,missed,,3pt,1,8
Dwyane Wade,Joel Anthony,Mario Chalmers,Quentin Richardson,Udonis Haslem,Boris Diaw,Gerald Wallace,Nazr Mohammed,Raymond Felton,Stephen Jackson,1,4:59,CHA,rebound,,,,,,,,,,,,,,,,,,
Dwyane Wade,Joel Anthony,Mario Chalmers,Quentin Richardson,Udonis Haslem,Boris Diaw,Gerald Wallace,Nazr Mohammed,Raymond Felton,Stephen Jackson,1,4:45,CHA,turnover,,,,,,,,,,Boris Diaw,,,bad pass,,Quentin Richardson,,,
Dwyane Wade,Joel Anthony,Mario Chalmers,Quentin Richardson,Udonis Haslem,Boris Diaw,Gerald Wallace,Nazr Mohammed,Raymond Felton,Stephen Jackson,1,4:42,MIA,shot,Mario Chalmers,,,,,,,,,Dwyane Wade,2,,,made,,dunk,25,6
Dwyane Wade,Joel Anthony,Mario Chalmers,Quentin Richardson,Udonis Haslem,Boris Diaw,Gerald Wallace,Nazr Mohammed,Raymond Felton,Stephen Jackson,1,4:36,MIA,foul,,,,,,,,Stephen Jackson,,Mario Chalmers,,,,,,personal,,
Dwyane Wade,Joel Anthony,Mario Chalmers,Quentin Richardson,Udonis Haslem,Boris Diaw,Gerald Wallace,Nazr Mohammed,Raymond Felton,Stephen Jackson,1,4:36,CHA,free throw,,,,,,,1,,2,Stephen Jackson,,,foul,missed,,,,
Dwyane Wade,Joel Anthony,Mario Chalmers,Quentin Richardson,Udonis Haslem,Boris Diaw,Gerald Wallace,Nazr Mohammed,Raymond Felton,Stephen Jackson,1,4:36,CHA,rebound,,,,,,,,,,,,,,,,,,
Dwyane Wade,Joel Anthony,Mario Chalmers,Quentin Richardson,Udonis Haslem,Boris Diaw,Gerald Wallace,Nazr Mohammed,Raymond Felton,Stephen Jackson,1,4:36,CHA,free throw,,,,,,,2,,2,Stephen Jackson,,,foul,made,,,,
Dwyane Wade,Joel Anthony,Mario Chalmers,Quentin Richardson,Udonis Haslem,Boris Diaw,Gerald Wallace,Nazr Mohammed,Raymond Felton,Stephen Jackson,1,4:23,MIA,shot,,,,,,,,,,Udonis Haslem,,,,missed,,jump,21,21
Dwyane Wade,Joel Anthony,Mario Chalmers,Quentin Richardson,Udonis Haslem,Boris Diaw,Gerald Wallace,Nazr Mohammed,Raymond Felton,Stephen Jackson,1,4:22,CHA,rebound,,,,,,,,,,Gerald Wallace,,,,,,def,,
Dwyane Wade,Joel Anthony,Mario Chalmers,Quentin Richardson,Udonis Haslem,Boris Diaw,Gerald Wallace,Nazr Mohammed,Raymond Felton,Stephen Jackson,1,4:11,CHA,turnover,,,,,,,,,,Nazr Mohammed,,,bad pass,,Quentin Richardson,,,
Dwyane Wade,Joel Anthony,Mario Chalmers,Quentin Richardson,Udonis Haslem,Boris Diaw,Gerald Wallace,Nazr Mohammed,Raymond Felton,Stephen Jackson,1,4:08,CHA,foul,,,,,,,,Quentin Richardson,,Nazr Mohammed,,,,,,shooting,,
Dwyane Wade,Joel Anthony,Mario Chalmers,Quentin Richardson,Udonis Haslem,Boris Diaw,DeSagana Diop,Gerald Wallace,Raymond Felton,Stephen Jackson,1,4:08,CHA,sub,,,,DeSagana Diop,,Nazr Mohammed,,,,,,,,,,,,
Dwyane Wade,Joel Anthony,Mario Chalmers,Quentin Richardson,Udonis Haslem,Boris Diaw,DeSagana Diop,Gerald Wallace,Raymond Felton,Stephen Jackson,1,4:08,MIA,free throw,,,,,,,1,,2,Quentin Richardson,,,foul,made,,,,
Dwyane Wade,Joel Anthony,Mario Chalmers,Quentin Richardson,Udonis Haslem,Boris Diaw,DeSagana Diop,Gerald Wallace,Raymond Felton,Stephen Jackson,1,4:08,MIA,free throw,,,,,,,2,,2,Quentin Richardson,,,foul,missed,,,,
Dwyane Wade,Joel Anthony,Mario Chalmers,Quentin Richardson,Udonis Haslem,Boris Diaw,DeSagana Diop,Gerald Wallace,Raymond Felton,Stephen Jackson,1,4:06,CHA,rebound,,,,,,,,,,DeSagana Diop,,,,,,def,,
Dwyane Wade,Joel Anthony,Mario Chalmers,Quentin Richardson,Udonis Haslem,Boris Diaw,DeSagana Diop,Gerald Wallace,Raymond Felton,Stephen Jackson,1,3:50,CHA,turnover,,,,,,,,,,DeSagana Diop,,,traveling,,,,,
Dwyane Wade,Joel Anthony,Mario Chalmers,Quentin Richardson,Udonis Haslem,Boris Diaw,DeSagana Diop,Gerald Wallace,Raymond Felton,Stephen Jackson,1,3:39,MIA,shot,,,Gerald Wallace,,,,,,,Dwyane Wade,,,,missed,,layup,25,6
Dwyane Wade,Joel Anthony,Mario Chalmers,Quentin Richardson,Udonis Haslem,Boris Diaw,DeSagana Diop,Gerald Wallace,Raymond Felton,Stephen Jackson,1,3:38,CHA,rebound,,,,,,,,,,Raymond Felton,,,,,,def,,
Dwyane Wade,Joel Anthony,Mario Chalmers,Quentin Richardson,Udonis Haslem,Boris Diaw,DeSagana Diop,Gerald Wallace,Raymond Felton,Stephen Jackson,1,3:35,CHA,shot,Raymond Felton,,,,,,,,,Stephen Jackson,2,,,made,,layup,25,6
Dwyane Wade,Joel Anthony,Mario Chalmers,Quentin Richardson,Udonis Haslem,Boris Diaw,DeSagana Diop,Gerald Wallace,Raymond Felton,Stephen Jackson,1,3:12,MIA,shot,,,,,,,,,,Dwyane Wade,,,,missed,,jump,29,22
Dwyane Wade,Joel Anthony,Mario Chalmers,Quentin Richardson,Udonis Haslem,Boris Diaw,DeSagana Diop,Gerald Wallace,Raymond Felton,Stephen Jackson,1,3:11,MIA,rebound,,,,,,,,,,Udonis Haslem,,,,,,off,,
Dwyane Wade,Joel Anthony,Mario Chalmers,Quentin Richardson,Udonis Haslem,Boris Diaw,DeSagana Diop,Gerald Wallace,Raymond Felton,Stephen Jackson,1,3:07,MIA,shot,Udonis Haslem,,,,,,,,,Quentin Richardson,3,,,made,,3pt,43,22
Dwyane Wade,Joel Anthony,Mario Chalmers,Quentin Richardson,Udonis Haslem,Boris Diaw,DeSagana Diop,Gerald Wallace,Raymond Felton,Stephen Jackson,1,2:57,CHA,timeout,,,,,,,,,,,,,,,,regular,,
Dwyane Wade,Joel Anthony,Mario Chalmers,Quentin Richardson,Udonis Haslem,Boris Diaw,DeSagana Diop,Gerald Wallace,Raymond Felton,Stephen Jackson,1,2:42,CHA,shot,,,,,,,,,,Stephen Jackson,2,,,made,,jump,18,23
Dwyane Wade,Joel Anthony,Mario Chalmers,Quentin Richardson,Udonis Haslem,Boris Diaw,DeSagana Diop,Gerald Wallace,Raymond Felton,Stephen Jackson,1,2:31,CHA,foul,,,,,,,,Udonis Haslem,,Gerald Wallace,,,,,,personal,,
Dwyane Wade,Joel Anthony,Mario Chalmers,Quentin Richardson,Udonis Haslem,Boris Diaw,DeSagana Diop,Gerald Wallace,Raymond Felton,Stephen Jackson,1,2:31,MIA,free throw,,,,,,,1,,2,Udonis Haslem,,,foul,missed,,,,
Dwyane Wade,Joel Anthony,Mario Chalmers,Quentin Richardson,Udonis Haslem,Boris Diaw,DeSagana Diop,Gerald Wallace,Raymond Felton,Stephen Jackson,1,2:31,MIA,rebound,,,,,,,,,,,,,,,,,,
Dwyane Wade,Joel Anthony,Mario Chalmers,Quentin Richardson,Udonis Haslem,Boris Diaw,DeSagana Diop,Gerald Wallace,Raymond Felton,Stephen Jackson,1,2:31,MIA,free throw,,,,,,,2,,2,Udonis Haslem,,,foul,made,,,,
Dwyane Wade,Joel Anthony,Mario Chalmers,Quentin Richardson,Udonis Haslem,Boris Diaw,DeSagana Diop,Gerald Wallace,Raymond Felton,Stephen Jackson,1,2:09,CHA,shot,Boris Diaw,,,,,,,,,Gerald Wallace,3,,,made,,3pt,47,7
Dwyane Wade,Joel Anthony,Mario Chalmers,Quentin Richardson,Udonis Haslem,Boris Diaw,DeSagana Diop,Gerald Wallace,Raymond Felton,Stephen Jackson,1,1:56,MIA,shot,,,,,,,,,,Dwyane Wade,,,,missed,,3pt,23,32
Dwyane Wade,Joel Anthony,Mario Chalmers,Quentin Richardson,Udonis Haslem,Boris Diaw,DeSagana Diop,Gerald Wallace,Raymond Felton,Stephen Jackson,1,1:55,CHA,rebound,,,,,,,,,,Gerald Wallace,,,,,,def,,
Dwyane Wade,Joel Anthony,Mario Chalmers,Quentin Richardson,Udonis Haslem,Boris Diaw,DeSagana Diop,Gerald Wallace,Raymond Felton,Stephen Jackson,1,1:42,CHA,shot,,,,,,,,,,Stephen Jackson,2,,,made,,driving layup,25,6
Dwyane Wade,Joel Anthony,Mario Chalmers,Quentin Richardson,Udonis Haslem,Boris Diaw,DeSagana Diop,Gerald Wallace,Raymond Felton,Stephen Jackson,1,1:42,MIA,foul,,,,,,,,Stephen Jackson,,Dwyane Wade,,,,,,shooting,,
Dwyane Wade,Joel Anthony,Mario Chalmers,Quentin Richardson,Udonis Haslem,Boris Diaw,DeSagana Diop,Gerald Wallace,Raymond Felton,Stephen Jackson,1,1:42,CHA,free throw,,,,,,,1,,1,Stephen Jackson,,,foul,made,,,,
Dwyane Wade,Joel Anthony,Mario Chalmers,Quentin Richardson,Udonis Haslem,Boris Diaw,DeSagana Diop,Gerald Wallace,Raymond Felton,Stephen Jackson,1,1:42,MIA,timeout,,,,,,,,,,,,,,,,regular,,
Dwyane Wade,Joel Anthony,Mario Chalmers,Quentin Richardson,Udonis Haslem,Boris Diaw,DeSagana Diop,Gerald Wallace,Raymond Felton,Stephen Jackson,1,1:27,CHA,foul,,,,,,,,Udonis Haslem,,DeSagana Diop,,,,,,shooting,,
Dwyane Wade,Joel Anthony,Mario Chalmers,Quentin Richardson,Udonis Haslem,Boris Diaw,DeSagana Diop,Gerald Wallace,Raymond Felton,Stephen Jackson,1,1:27,MIA,free throw,,,,,,,1,,2,Udonis Haslem,,,foul,made,,,,
Dorell Wright,Dwyane Wade,Joel Anthony,Mario Chalmers,Udonis Haslem,Boris Diaw,DeSagana Diop,Gerald Wallace,Raymond Felton,Stephen Jackson,1,1:27,MIA,sub,,,,Dorell Wright,,Quentin Richardson,,,,,,,,,,,,
Dorell Wright,Dwyane Wade,Joel Anthony,Mario Chalmers,Udonis Haslem,Boris Diaw,DeSagana Diop,Gerald Wallace,Raymond Felton,Stephen Jackson,1,1:27,MIA,free throw,,,,,,,2,,2,Udonis Haslem,,,foul,made,,,,
Dorell Wright,Dwyane Wade,Joel Anthony,Mario Chalmers,Udonis Haslem,Boris Diaw,DeSagana Diop,Gerald Wallace,Raymond Felton,Stephen Jackson,1,1:03,MIA,foul,,,,,,,,Stephen Jackson,,Dwyane Wade,,,,,,shooting,,
Dorell Wright,Dwyane Wade,Joel Anthony,Mario Chalmers,Udonis Haslem,Boris Diaw,DeSagana Diop,Gerald Wallace,Raymond Felton,Stephen Jackson,1,1:03,CHA,free throw,,,,,,,1,,3,Stephen Jackson,,,foul,made,,,,
Dorell Wright,Dwyane Wade,Joel Anthony,Mario Chalmers,Udonis Haslem,Boris Diaw,DeSagana Diop,Gerald Wallace,Raymond Felton,Stephen Jackson,1,1:03,CHA,free throw,,,,,,,2,,3,Stephen Jackson,,,foul,made,,,,
Dorell Wright,Dwyane Wade,Joel Anthony,Mario Chalmers,Udonis Haslem,Boris Diaw,D.J. Augustin,DeSagana Diop,Gerald Wallace,Stephen Jackson,1,1:03,CHA,sub,,,,D.J. Augustin,,Raymond Felton,,,,,,,,,,,,
Dorell Wright,Dwyane Wade,Joel Anthony,Mario Chalmers,Udonis Haslem,Boris Diaw,D.J. Augustin,DeSagana Diop,Gerald Wallace,Stephen Jackson,1,1:03,CHA,free throw,,,,,,,3,,3,Stephen Jackson,,,foul,made,,,,
Dorell Wright,Dwyane Wade,Joel Anthony,Mario Chalmers,Udonis Haslem,Boris Diaw,D.J. Augustin,DeSagana Diop,Gerald Wallace,Stephen Jackson,1,0:49,MIA,shot,Mario Chalmers,,,,,,,,,Dorell Wright,2,,,made,,jump,24,23
Dorell Wright,Dwyane Wade,Joel Anthony,Mario Chalmers,Udonis Haslem,Boris Diaw,D.J. Augustin,DeSagana Diop,Gerald Wallace,Stephen Jackson,1,0:35,CHA,shot,,,,,,,,,,Stephen Jackson,2,,,made,,jump,26,25
Dorell Wright,Dwyane Wade,Joel Anthony,Mario Chalmers,Udonis Haslem,Boris Diaw,D.J. Augustin,DeSagana Diop,Gerald Wallace,Stephen Jackson,1,0:20,CHA,foul,,,,,,,,Dwyane Wade,,DeSagana Diop,,,,,,personal,,
Dorell Wright,Dwyane Wade,Joel Anthony,Mario Chalmers,Udonis Haslem,Boris Diaw,D.J. Augustin,DeSagana Diop,Gerald Wallace,Stephen Jackson,1,0:20,MIA,free throw,,,,,,,1,,2,Dwyane Wade,,,foul,missed,,,,
Dorell Wright,Dwyane Wade,Joel Anthony,Mario Chalmers,Udonis Haslem,Boris Diaw,D.J. Augustin,DeSagana Diop,Gerald Wallace,Stephen Jackson,1,0:20,MIA,rebound,,,,,,,,,,,,,,,,,,
Dorell Wright,Dwyane Wade,Joel Anthony,Mario Chalmers,Udonis Haslem,Boris Diaw,D.J. Augustin,Gerald Wallace,Ronald Murray,Stephen Jackson,1,0:20,CHA,sub,,,,Ronald Murray,,DeSagana Diop,,,,,,,,,,,,
Dorell Wright,Dwyane Wade,Mario Chalmers,Quentin Richardson,Udonis Haslem,Boris Diaw,D.J. Augustin,Gerald Wallace,Ronald Murray,Stephen Jackson,1,0:20,MIA,sub,,,,Quentin Richardson,,Joel Anthony,,,,,,,,,,,,
Dorell Wright,Dwyane Wade,Mario Chalmers,Quentin Richardson,Udonis Haslem,Boris Diaw,D.J. Augustin,Gerald Wallace,Ronald Murray,Stephen Jackson,1,0:20,MIA,free throw,,,,,,,2,,2,Dwyane Wade,,,foul,missed,,,,
Dorell Wright,Dwyane Wade,Mario Chalmers,Quentin Richardson,Udonis Haslem,Boris Diaw,D.J. Augustin,Gerald Wallace,Ronald Murray,Stephen Jackson,1,0:19,CHA,rebound,,,,,,,,,,Gerald Wallace,,,,,,def,,
Dorell Wright,Dwyane Wade,Mario Chalmers,Quentin Richardson,Udonis Haslem,Boris Diaw,D.J. Augustin,Gerald Wallace,Ronald Murray,Stephen Jackson,1,0:01,CHA,shot,,,,,,,,,,Gerald Wallace,,,,missed,,jump,37,8
Dorell Wright,Dwyane Wade,Mario Chalmers,Quentin Richardson,Udonis Haslem,Boris Diaw,D.J. Augustin,Gerald Wallace,Ronald Murray,Stephen Jackson,1,0:00,MIA,rebound,,,,,,,,,,Mario Chalmers,,,,,,def,,
Daequan Cook,Dorell Wright,Mario Chalmers,Michael Beasley,Udonis Haslem,Boris Diaw,D.J. Augustin,DeSagana Diop,Ronald Murray,Stephen Jackson,2,11:47,CHA,turnover,,,,,,,,,,D.J. Augustin,,,bad pass,,,,,
Daequan Cook,Dorell Wright,Mario Chalmers,Michael Beasley,Udonis Haslem,Boris Diaw,D.J. Augustin,DeSagana Diop,Ronald Murray,Stephen Jackson,2,11:31,MIA,shot,,,DeSagana Diop,,,,,,,Udonis Haslem,,,,missed,,jump,23,12
Daequan Cook,Dorell Wright,Mario Chalmers,Michael Beasley,Udonis Haslem,Boris Diaw,D.J. Augustin,DeSagana Diop,Ronald Murray,Stephen Jackson,2,11:29,MIA,rebound,,,,,,,,,,Dorell Wright,,,,,,off,,
Daequan Cook,Dorell Wright,Mario Chalmers,Michael Beasley,Udonis Haslem,Boris Diaw,D.J. Augustin,DeSagana Diop,Ronald Murray,Stephen Jackson,2,11:25,MIA,shot,,,,,,,,,,Mario Chalmers,2,,,made,,running jump,22,15
Daequan Cook,Dorell Wright,Mario Chalmers,Michael Beasley,Udonis Haslem,Boris Diaw,D.J. Augustin,DeSagana Diop,Ronald Murray,Stephen Jackson,2,11:25,CHA,foul,,,,,,,,Mario Chalmers,,D.J. Augustin,,,,,,shooting,,
Daequan Cook,Dorell Wright,Mario Chalmers,Michael Beasley,Udonis Haslem,Boris Diaw,D.J. Augustin,DeSagana Diop,Gerald Wallace,Ronald Murray,2,11:25,CHA,sub,,,,Gerald Wallace,,Stephen Jackson,,,,,,,,,,,,
Daequan Cook,Dorell Wright,Mario Chalmers,Michael Beasley,Udonis Haslem,Boris Diaw,D.J. Augustin,DeSagana Diop,Gerald Wallace,Ronald Murray,2,11:25,MIA,free throw,,,,,,,1,,1,Mario Chalmers,,,foul,made,,,,
Daequan Cook,Dorell Wright,Mario Chalmers,Michael Beasley,Udonis Haslem,Boris Diaw,D.J. Augustin,DeSagana Diop,Gerald Wallace,Ronald Murray,2,11:09,MIA,foul,,,,,,,,,,Udonis Haslem,,,,,,defense 3 second,,
Daequan Cook,Dorell Wright,Mario Chalmers,Michael Beasley,Udonis Haslem,Boris Diaw,D.J. Augustin,DeSagana Diop,Gerald Wallace,Ronald Murray,2,11:09,CHA,free throw,,,,,,,1,,1,D.J. Augustin,,,technical,made,,,,
Daequan Cook,Dorell Wright,Mario Chalmers,Michael Beasley,Udonis Haslem,Boris Diaw,D.J. Augustin,Derrick Brown,Gerald Wallace,Ronald Murray,2,11:09,CHA,sub,,,,Derrick Brown,,DeSagana Diop,,,,,,,,,,,,
Daequan Cook,Dorell Wright,Mario Chalmers,Michael Beasley,Udonis Haslem,Boris Diaw,D.J. Augustin,Derrick Brown,Gerald Wallace,Ronald Murray,2,11:02,CHA,shot,Gerald Wallace,,,,,,,,,Boris Diaw,3,,,made,,3pt,19,32
Daequan Cook,Dorell Wright,Mario Chalmers,Michael Beasley,Udonis Haslem,Boris Diaw,D.J. Augustin,Derrick Brown,Gerald Wallace,Ronald Murray,2,10:37,MIA,shot,,,,,,,,,,Dorell Wright,,,,missed,,3pt,1,8
Daequan Cook,Dorell Wright,Mario Chalmers,Michael Beasley,Udonis Haslem,Boris Diaw,D.J. Augustin,Derrick Brown,Gerald Wallace,Ronald Murray,2,10:35,CHA,rebound,,,,,,,,,,Derrick Brown,,,,,,def,,
Daequan Cook,Dorell Wright,Mario Chalmers,Michael Beasley,Udonis Haslem,Boris Diaw,D.J. Augustin,Derrick Brown,Gerald Wallace,Ronald Murray,2,10:23,CHA,shot,,,,,,,,,,Ronald Murray,,,,missed,,jump,14,22
Daequan Cook,Dorell Wright,Mario Chalmers,Michael Beasley,Udonis Haslem,Boris Diaw,D.J. Augustin,Derrick Brown,Gerald Wallace,Ronald Murray,2,10:20,CHA,rebound,,,,,,,,,,Boris Diaw,,,,,,off,,
Daequan Cook,Dorell Wright,Mario Chalmers,Michael Beasley,Udonis Haslem,Boris Diaw,D.J. Augustin,Derrick Brown,Gerald Wallace,Ronald Murray,2,10:20,CHA,shot,,,,,,,,,,Boris Diaw,2,,,made,,hook,27,10
Daequan Cook,Dorell Wright,Mario Chalmers,Michael Beasley,Udonis Haslem,Boris Diaw,D.J. Augustin,Derrick Brown,Gerald Wallace,Ronald Murray,2,10:01,CHA,foul,,,,,,,,,,Derrick Brown,,,,,,defense 3 second,,
Daequan Cook,Dorell Wright,Mario Chalmers,Michael Beasley,Udonis Haslem,Boris Diaw,D.J. Augustin,Derrick Brown,Gerald Wallace,Ronald Murray,2,10:01,MIA,free throw,,,,,,,1,,1,Dorell Wright,,,technical,made,,,,
Daequan Cook,Dorell Wright,Mario Chalmers,Michael Beasley,Udonis Haslem,Boris Diaw,D.J. Augustin,Derrick Brown,Gerald Wallace,Ronald Murray,2,9:56,MIA,turnover,,,,,,,,,,Dorell Wright,,,bad pass,,Gerald Wallace,,,
Daequan Cook,Dorell Wright,Mario Chalmers,Michael Beasley,Udonis Haslem,Boris Diaw,D.J. Augustin,Derrick Brown,Gerald Wallace,Ronald Murray,2,9:41,CHA,turnover,,,,,,,,,,Ronald Murray,,,bad pass,,Mario Chalmers,,,
Daequan Cook,Dorell Wright,Mario Chalmers,Michael Beasley,Udonis Haslem,Boris Diaw,D.J. Augustin,Derrick Brown,Gerald Wallace,Ronald Murray,2,9:35,MIA,jump ball,,Daequan Cook,,,Derrick Brown,,,,,,,Ronald Murray,,,,,,
Daequan Cook,Dorell Wright,Mario Chalmers,Michael Beasley,Udonis Haslem,Boris Diaw,D.J. Augustin,Derrick Brown,Gerald Wallace,Ronald Murray,2,9:35,MIA,turnover,,,,,,,,,,Dorell Wright,,,lost ball,,Ronald Murray,,,
Daequan Cook,Dorell Wright,Mario Chalmers,Michael Beasley,Udonis Haslem,Boris Diaw,D.J. Augustin,Derrick Brown,Gerald Wallace,Ronald Murray,2,9:19,MIA,foul,,,,,,,,Derrick Brown,,Udonis Haslem,,,,,,shooting,,
Daequan Cook,Dorell Wright,Mario Chalmers,Michael Beasley,Udonis Haslem,Boris Diaw,D.J. Augustin,Derrick Brown,Gerald Wallace,Ronald Murray,2,9:19,CHA,free throw,,,,,,,1,,2,Derrick Brown,,,foul,made,,,,
Daequan Cook,Dorell Wright,Mario Chalmers,Michael Beasley,Udonis Haslem,Boris Diaw,D.J. Augustin,Derrick Brown,Gerald Wallace,Ronald Murray,2,9:19,CHA,free throw,,,,,,,2,,2,Derrick Brown,,,foul,made,,,,
Daequan Cook,Dorell Wright,Mario Chalmers,Michael Beasley,Udonis Haslem,Boris Diaw,D.J. Augustin,Derrick Brown,Gerald Wallace,Ronald Murray,2,9:04,MIA,shot,,,,,,,,,,Michael Beasley,,,,missed,,jump,28,26
Daequan Cook,Dorell Wright,Mario Chalmers,Michael Beasley,Udonis Haslem,Boris Diaw,D.J. Augustin,Derrick Brown,Gerald Wallace,Ronald Murray,2,9:02,MIA,rebound,,,,,,,,,,Udonis Haslem,,,,,,off,,
Daequan Cook,Dorell Wright,Mario Chalmers,Michael Beasley,Udonis Haslem,Boris Diaw,D.J. Augustin,Derrick Brown,Gerald Wallace,Ronald Murray,2,8:53,MIA,shot,,,,,,,,,,Daequan Cook,,,,missed,,3pt,32,31
Daequan Cook,Dorell Wright,Mario Chalmers,Michael Beasley,Udonis Haslem,Boris Diaw,D.J. Augustin,Derrick Brown,Gerald Wallace,Ronald Murray,2,8:53,CHA,rebound,,,,,,,,,,,,,,,,,,
Daequan Cook,Dorell Wright,Mario Chalmers,Michael Beasley,Udonis Haslem,Boris Diaw,D.J. Augustin,Derrick Brown,Gerald Wallace,Ronald Murray,2,8:53,CHA,timeout,,,,,,,,,,,,,,,,official,,
Daequan Cook,Dorell Wright,Michael Beasley,Rafer Alston,Udonis Haslem,Boris Diaw,D.J. Augustin,Derrick Brown,Gerald Wallace,Ronald Murray,2,8:53,MIA,sub,,,,Rafer Alston,,Mario Chalmers,,,,,,,,,,,,
Daequan Cook,Dorell Wright,Jermaine O'Neal,Michael Beasley,Rafer Alston,Boris Diaw,D.J. Augustin,Derrick Brown,Gerald Wallace,Ronald Murray,2,8:53,MIA,sub,,,,Jermaine O'Neal,,Udonis Haslem,,,,,,,,,,,,
Dorell Wright,Dwyane Wade,Jermaine O'Neal,Michael Beasley,Rafer Alston,Boris Diaw,D.J. Augustin,Derrick Brown,Gerald Wallace,Ronald Murray,2,8:53,MIA,sub,,,,Dwyane Wade,,Daequan Cook,,,,,,,,,,,,
Dorell Wright,Dwyane Wade,Jermaine O'Neal,Michael Beasley,Rafer Alston,Boris Diaw,D.J. Augustin,Derrick Brown,Gerald Wallace,Ronald Murray,2,8:43,CHA,foul,,,,,,,,Dwyane Wade,,Boris Diaw,,,,,,offensive,,
Dorell Wright,Dwyane Wade,Jermaine O'Neal,Michael Beasley,Rafer Alston,Boris Diaw,D.J. Augustin,Derrick Brown,Gerald Wallace,Ronald Murray,2,8:43,CHA,turnover,,,,,,,,,,Boris Diaw,,,foul,,,,,
Dorell Wright,Dwyane Wade,Jermaine O'Neal,Michael Beasley,Rafer Alston,Boris Diaw,D.J. Augustin,Gerald Wallace,Ronald Murray,Stephen Jackson,2,8:43,CHA,sub,,,,Stephen Jackson,,Derrick Brown,,,,,,,,,,,,
Dorell Wright,Dwyane Wade,Jermaine O'Neal,Michael Beasley,Rafer Alston,Boris Diaw,D.J. Augustin,Gerald Wallace,Ronald Murray,Stephen Jackson,2,8:18,MIA,shot,,,,,,,,,,Michael Beasley,,,,missed,,3pt,2,10
Dorell Wright,Dwyane Wade,Jermaine O'Neal,Michael Beasley,Rafer Alston,Boris Diaw,D.J. Augustin,Gerald Wallace,Ronald Murray,Stephen Jackson,2,8:16,CHA,rebound,,,,,,,,,,Boris Diaw,,,,,,def,,
Dorell Wright,Dwyane Wade,Jermaine O'Neal,Michael Beasley,Rafer Alston,Boris Diaw,D.J. Augustin,Gerald Wallace,Ronald Murray,Stephen Jackson,2,8:00,CHA,shot,,,Dorell Wright,,,,,,,Ronald Murray,,,,missed,,layup,25,6
Dorell Wright,Dwyane Wade,Jermaine O'Neal,Michael Beasley,Rafer Alston,Boris Diaw,D.J. Augustin,Gerald Wallace,Ronald Murray,Stephen Jackson,2,8:00,CHA,rebound,,,,,,,,,,,,,,,,,,
Dorell Wright,Dwyane Wade,Jermaine O'Neal,Michael Beasley,Rafer Alston,D.J. Augustin,DeSagana Diop,Gerald Wallace,Ronald Murray,Stephen Jackson,2,8:00,CHA,sub,,,,DeSagana Diop,,Boris Diaw,,,,,,,,,,,,
Dorell Wright,Dwyane Wade,Jermaine O'Neal,Michael Beasley,Rafer Alston,D.J. Augustin,DeSagana Diop,Gerald Wallace,Ronald Murray,Stephen Jackson,2,7:58,CHA,shot,,,,,,,,,,D.J. Augustin,,,,missed,,jump,43,8
Dorell Wright,Dwyane Wade,Jermaine O'Neal,Michael Beasley,Rafer Alston,D.J. Augustin,DeSagana Diop,Gerald Wallace,Ronald Murray,Stephen Jackson,2,7:57,MIA,rebound,,,,,,,,,,Dwyane Wade,,,,,,def,,
Dorell Wright,Dwyane Wade,Jermaine O'Neal,Michael Beasley,Rafer Alston,D.J. Augustin,DeSagana Diop,Gerald Wallace,Ronald Murray,Stephen Jackson,2,7:38,MIA,shot,,,,,,,,,,Michael Beasley,,,,missed,,jump,31,12
Dorell Wright,Dwyane Wade,Jermaine O'Neal,Michael Beasley,Rafer Alston,D.J. Augustin,DeSagana Diop,Gerald Wallace,Ronald Murray,Stephen Jackson,2,7:36,CHA,rebound,,,,,,,,,,D.J. Augustin,,,,,,def,,
Dorell Wright,Dwyane Wade,Jermaine O'Neal,Michael Beasley,Rafer Alston,D.J. Augustin,DeSagana Diop,Gerald Wallace,Ronald Murray,Stephen Jackson,2,7:35,CHA,turnover,,,,,,,,,,D.J. Augustin,,,out of bounds lost ball turnover,,,,,
Dorell Wright,Dwyane Wade,Jermaine O'Neal,Michael Beasley,Rafer Alston,D.J. Augustin,DeSagana Diop,Gerald Wallace,Ronald Murray,Stephen Jackson,2,7:16,MIA,shot,,,,,,,,,,Rafer Alston,,,,missed,,3pt,28,31
Dorell Wright,Dwyane Wade,Jermaine O'Neal,Michael Beasley,Rafer Alston,D.J. Augustin,DeSagana Diop,Gerald Wallace,Ronald Murray,Stephen Jackson,2,7:14,CHA,rebound,,,,,,,,,,DeSagana Diop,,,,,,def,,
Dorell Wright,Dwyane Wade,Jermaine O'Neal,Michael Beasley,Rafer Alston,D.J. Augustin,DeSagana Diop,Gerald Wallace,Ronald Murray,Stephen Jackson,2,6:59,CHA,shot,,,,,,,,,,D.J. Augustin,,,,missed,,jump,15,24
Dorell Wright,Dwyane Wade,Jermaine O'Neal,Michael Beasley,Rafer Alston,D.J. Augustin,DeSagana Diop,Gerald Wallace,Ronald Murray,Stephen Jackson,2,6:58,MIA,rebound,,,,,,,,,,Dorell Wright,,,,,,def,,
Dorell Wright,Dwyane Wade,Jermaine O'Neal,Michael Beasley,Rafer Alston,D.J. Augustin,DeSagana Diop,Gerald Wallace,Ronald Murray,Stephen Jackson,2,6:50,MIA,shot,,,,,,,,,,Dorell Wright,,,,missed,,jump,40,9
Dorell Wright,Dwyane Wade,Jermaine O'Neal,Michael Beasley,Rafer Alston,D.J. Augustin,DeSagana Diop,Gerald Wallace,Ronald Murray,Stephen Jackson,2,6:49,CHA,rebound,,,,,,,,,,Gerald Wallace,,,,,,def,,
Dorell Wright,Dwyane Wade,Jermaine O'Neal,Michael Beasley,Rafer Alston,D.J. Augustin,DeSagana Diop,Gerald Wallace,Ronald Murray,Stephen Jackson,2,6:37,CHA,turnover,,,,,,,,,,Stephen Jackson,,,bad pass,,Dwyane Wade,,,
Dorell Wright,Dwyane Wade,Jermaine O'Neal,Michael Beasley,Rafer Alston,D.J. Augustin,DeSagana Diop,Gerald Wallace,Ronald Murray,Stephen Jackson,2,6:37,CHA,foul,,,,,,,,Dwyane Wade,,D.J. Augustin,,,,,,clear path,,
Dorell Wright,Dwyane Wade,Jermaine O'Neal,Michael Beasley,Rafer Alston,D.J. Augustin,DeSagana Diop,Gerald Wallace,Ronald Murray,Stephen Jackson,2,6:37,MIA,free throw,,,,,,,1,,2,Dwyane Wade,,,foul,made,,,,
Dorell Wright,Dwyane Wade,Jermaine O'Neal,Michael Beasley,Rafer Alston,D.J. Augustin,DeSagana Diop,Gerald Wallace,Ronald Murray,Stephen Jackson,2,6:37,MIA,free throw,,,,,,,2,,2,Dwyane Wade,,,foul,made,,,,
Dorell Wright,Dwyane Wade,Jermaine O'Neal,Michael Beasley,Rafer Alston,D.J. Augustin,DeSagana Diop,Gerald Wallace,Ronald Murray,Stephen Jackson,2,6:24,MIA,shot,,,,,,,,,,Dwyane Wade,,,,missed,,jump,22,12
Dorell Wright,Dwyane Wade,Jermaine O'Neal,Michael Beasley,Rafer Alston,D.J. Augustin,DeSagana Diop,Gerald Wallace,Ronald Murray,Stephen Jackson,2,6:18,MIA,rebound,,,,,,,,,,Dorell Wright,,,,,,off,,
Dorell Wright,Dwyane Wade,Jermaine O'Neal,Michael Beasley,Rafer Alston,D.J. Augustin,DeSagana Diop,Gerald Wallace,Ronald Murray,Stephen Jackson,2,6:18,MIA,shot,,,,,,,,,,Dorell Wright,2,,,made,,layup,25,6
Dorell Wright,Dwyane Wade,Jermaine O'Neal,Michael Beasley,Rafer Alston,D.J. Augustin,DeSagana Diop,Gerald Wallace,Ronald Murray,Stephen Jackson,2,6:00,CHA,turnover,,,,,,,,,,DeSagana Diop,,,3 second violation,,,,,
Dorell Wright,Dwyane Wade,Jermaine O'Neal,Michael Beasley,Rafer Alston,DeSagana Diop,Gerald Wallace,Raymond Felton,Ronald Murray,Stephen Jackson,2,6:00,CHA,sub,,,,Raymond Felton,,D.J. Augustin,,,,,,,,,,,,
Dorell Wright,Dwyane Wade,Jermaine O'Neal,Michael Beasley,Rafer Alston,DeSagana Diop,Gerald Wallace,Raymond Felton,Ronald Murray,Stephen Jackson,2,5:39,MIA,shot,,,,,,,,,,Dwyane Wade,,,,missed,,jump,29,24
Dorell Wright,Dwyane Wade,Jermaine O'Neal,Michael Beasley,Rafer Alston,DeSagana Diop,Gerald Wallace,Raymond Felton,Ronald Murray,Stephen Jackson,2,5:38,CHA,rebound,,,,,,,,,,Raymond Felton,,,,,,def,,
Dorell Wright,Dwyane Wade,Jermaine O'Neal,Michael Beasley,Rafer Alston,DeSagana Diop,Gerald Wallace,Raymond Felton,Ronald Murray,Stephen Jackson,2,5:26,CHA,shot,Stephen Jackson,,,,,,,,,Ronald Murray,2,,,made,,jump,31,24
Dorell Wright,Dwyane Wade,Jermaine O'Neal,Michael Beasley,Rafer Alston,DeSagana Diop,Gerald Wallace,Raymond Felton,Ronald Murray,Stephen Jackson,2,5:14,MIA,shot,,,,,,,,,,Dwyane Wade,,,,missed,,turnaround bank,28,11
Dorell Wright,Dwyane Wade,Jermaine O'Neal,Michael Beasley,Rafer Alston,DeSagana Diop,Gerald Wallace,Raymond Felton,Ronald Murray,Stephen Jackson,2,5:13,CHA,rebound,,,,,,,,,,Gerald Wallace,,,,,,def,,
Dorell Wright,Dwyane Wade,Jermaine O'Neal,Michael Beasley,Rafer Alston,DeSagana Diop,Gerald Wallace,Raymond Felton,Ronald Murray,Stephen Jackson,2,5:01,CHA,shot,,,,,,,,,,Gerald Wallace,,,,missed,,jump,42,10
Dorell Wright,Dwyane Wade,Jermaine O'Neal,Michael Beasley,Rafer Alston,DeSagana Diop,Gerald Wallace,Raymond Felton,Ronald Murray,Stephen Jackson,2,5:00,MIA,rebound,,,,,,,,,,Jermaine O'Neal,,,,,,def,,
Dorell Wright,Dwyane Wade,Jermaine O'Neal,Michael Beasley,Rafer Alston,DeSagana Diop,Gerald Wallace,Raymond Felton,Ronald Murray,Stephen Jackson,2,4:48,MIA,shot,,,,,,,,,,Michael Beasley,,,,missed,,3pt,27,32
Dorell Wright,Dwyane Wade,Jermaine O'Neal,Michael Beasley,Rafer Alston,DeSagana Diop,Gerald Wallace,Raymond Felton,Ronald Murray,Stephen Jackson,2,4:47,MIA,rebound,,,,,,,,,,Dwyane Wade,,,,,,off,,
Dorell Wright,Dwyane Wade,Jermaine O'Neal,Michael Beasley,Rafer Alston,DeSagana Diop,Gerald Wallace,Raymond Felton,Ronald Murray,Stephen Jackson,2,4:47,MIA,shot,,,,,,,,,,Dwyane Wade,,,,missed,,tip,25,6
Dorell Wright,Dwyane Wade,Jermaine O'Neal,Michael Beasley,Rafer Alston,DeSagana Diop,Gerald Wallace,Raymond Felton,Ronald Murray,Stephen Jackson,2,4:46,MIA,rebound,,,,,,,,,,Dorell Wright,,,,,,off,,
Dorell Wright,Dwyane Wade,Jermaine O'Neal,Michael Beasley,Rafer Alston,DeSagana Diop,Gerald Wallace,Raymond Felton,Ronald Murray,Stephen Jackson,2,4:29,MIA,shot,Michael Beasley,,,,,,,,,Dorell Wright,2,,,made,,jump,43,9
Dorell Wright,Dwyane Wade,Jermaine O'Neal,Michael Beasley,Rafer Alston,DeSagana Diop,Gerald Wallace,Raymond Felton,Ronald Murray,Stephen Jackson,2,4:21,CHA,timeout,,,,,,,,,,,,,,,,regular,,
Dorell Wright,Dwyane Wade,Jermaine O'Neal,Michael Beasley,Rafer Alston,DeSagana Diop,Gerald Wallace,Raymond Felton,Ronald Murray,Stephen Jackson,2,4:11,CHA,shot,,,,,,,,,,Ronald Murray,,,,missed,,jump,11,21
Dorell Wright,Dwyane Wade,Jermaine O'Neal,Michael Beasley,Rafer Alston,DeSagana Diop,Gerald Wallace,Raymond Felton,Ronald Murray,Stephen Jackson,2,4:10,MIA,rebound,,,,,,,,,,Michael Beasley,,,,,,def,,
Dorell Wright,Dwyane Wade,Jermaine O'Neal,Michael Beasley,Rafer Alston,DeSagana Diop,Gerald Wallace,Raymond Felton,Ronald Murray,Stephen Jackson,2,4:01,MIA,foul,,,,,,,,Gerald Wallace,,Dwyane Wade,,,,,,offensive,,
Dorell Wright,Dwyane Wade,Jermaine O'Neal,Michael Beasley,Rafer Alston,DeSagana Diop,Gerald Wallace,Raymond Felton,Ronald Murray,Stephen Jackson,2,4:01,MIA,turnover,,,,,,,,,,Dwyane Wade,,,foul,,,,,
Dorell Wright,Dwyane Wade,Jermaine O'Neal,Michael Beasley,Rafer Alston,DeSagana Diop,Gerald Wallace,Raymond Felton,Ronald Murray,Stephen Jackson,2,4:01,MIA,foul,,,,,,,,,,Spoelstra,,,,,,technical,,
Dorell Wright,Dwyane Wade,Jermaine O'Neal,Michael Beasley,Rafer Alston,DeSagana Diop,Gerald Wallace,Raymond Felton,Ronald Murray,Stephen Jackson,2,4:01,CHA,free throw,,,,,,,1,,1,Stephen Jackson,,,technical,made,,,,
Dorell Wright,Dwyane Wade,Jermaine O'Neal,Michael Beasley,Rafer Alston,DeSagana Diop,Gerald Wallace,Raymond Felton,Ronald Murray,Stephen Jackson,2,3:48,CHA,shot,Raymond Felton,,,,,,,,,Gerald Wallace,2,,,made,,layup,25,6
Dorell Wright,Dwyane Wade,Jermaine O'Neal,Michael Beasley,Rafer Alston,DeSagana Diop,Gerald Wallace,Raymond Felton,Ronald Murray,Stephen Jackson,2,3:39,MIA,shot,,,,,,,,,,Rafer Alston,2,,,made,,driving layup,25,6
Dorell Wright,Dwyane Wade,Jermaine O'Neal,Michael Beasley,Rafer Alston,DeSagana Diop,Gerald Wallace,Raymond Felton,Ronald Murray,Stephen Jackson,2,3:39,CHA,foul,,,,,,,,Rafer Alston,,DeSagana Diop,,,,,,shooting,,
Dorell Wright,Dwyane Wade,Jermaine O'Neal,Michael Beasley,Rafer Alston,Boris Diaw,Gerald Wallace,Raymond Felton,Ronald Murray,Stephen Jackson,2,3:39,CHA,sub,,,,Boris Diaw,,DeSagana Diop,,,,,,,,,,,,
Dorell Wright,Dwyane Wade,Jermaine O'Neal,Michael Beasley,Rafer Alston,Boris Diaw,Gerald Wallace,Raymond Felton,Ronald Murray,Stephen Jackson,2,3:39,MIA,free throw,,,,,,,1,,1,Rafer Alston,,,foul,made,,,,
Dorell Wright,Dwyane Wade,Jermaine O'Neal,Michael Beasley,Rafer Alston,Boris Diaw,Gerald Wallace,Raymond Felton,Ronald Murray,Stephen Jackson,2,3:24,CHA,turnover,,,,,,,,,,Stephen Jackson,,,bad pass,,,,,
Dorell Wright,Dwyane Wade,Jermaine O'Neal,Michael Beasley,Rafer Alston,Boris Diaw,Gerald Wallace,Raymond Felton,Ronald Murray,Stephen Jackson,2,3:07,MIA,shot,,,,,,,,,,Dwyane Wade,2,,,made,,floating jump,27,15
Dorell Wright,Dwyane Wade,Jermaine O'Neal,Michael Beasley,Rafer Alston,Boris Diaw,Gerald Wallace,Raymond Felton,Ronald Murray,Stephen Jackson,2,2:52,CHA,shot,,,,,,,,,,Raymond Felton,,,,missed,,jump,22,25
Dorell Wright,Dwyane Wade,Jermaine O'Neal,Michael Beasley,Rafer Alston,Boris Diaw,Gerald Wallace,Raymond Felton,Ronald Murray,Stephen Jackson,2,2:51,MIA,rebound,,,,,,,,,,Dorell Wright,,,,,,def,,
Dorell Wright,Dwyane Wade,Jermaine O'Neal,Michael Beasley,Rafer Alston,Boris Diaw,Gerald Wallace,Raymond Felton,Ronald Murray,Stephen Jackson,2,2:41,MIA,shot,,,,,,,,,,Michael Beasley,,,,missed,,jump,24,26
Dorell Wright,Dwyane Wade,Jermaine O'Neal,Michael Beasley,Rafer Alston,Boris Diaw,Gerald Wallace,Raymond Felton,Ronald Murray,Stephen Jackson,2,2:39,CHA,rebound,,,,,,,,,,Ronald Murray,,,,,,def,,
Dorell Wright,Dwyane Wade,Jermaine O'Neal,Michael Beasley,Rafer Alston,Boris Diaw,Gerald Wallace,Raymond Felton,Ronald Murray,Stephen Jackson,2,2:31,CHA,shot,Ronald Murray,,,,,,,,,Raymond Felton,3,,,made,,3pt,15,29
Dorell Wright,Dwyane Wade,Jermaine O'Neal,Michael Beasley,Rafer Alston,Boris Diaw,Gerald Wallace,Raymond Felton,Ronald Murray,Stephen Jackson,2,2:21,MIA,timeout,,,,,,,,,,,,,,,,regular,,
Dwyane Wade,Jermaine O'Neal,Michael Beasley,Quentin Richardson,Rafer Alston,Boris Diaw,Gerald Wallace,Raymond Felton,Ronald Murray,Stephen Jackson,2,2:21,MIA,sub,,,,Quentin Richardson,,Dorell Wright,,,,,,,,,,,,
Dwyane Wade,Jermaine O'Neal,Michael Beasley,Quentin Richardson,Rafer Alston,Boris Diaw,Gerald Wallace,Raymond Felton,Ronald Murray,Stephen Jackson,2,2:11,MIA,shot,,,,,,,,,,Dwyane Wade,,,,missed,,jump,34,22
Dwyane Wade,Jermaine O'Neal,Michael Beasley,Quentin Richardson,Rafer Alston,Boris Diaw,Gerald Wallace,Raymond Felton,Ronald Murray,Stephen Jackson,2,2:09,CHA,rebound,,,,,,,,,,Raymond Felton,,,,,,def,,
Dwyane Wade,Jermaine O'Neal,Michael Beasley,Quentin Richardson,Rafer Alston,Boris Diaw,Gerald Wallace,Raymond Felton,Ronald Murray,Stephen Jackson,2,2:02,CHA,shot,,,,,,,,,,Stephen Jackson,,,,missed,,3pt,42,25
Dwyane Wade,Jermaine O'Neal,Michael Beasley,Quentin Richardson,Rafer Alston,Boris Diaw,Gerald Wallace,Raymond Felton,Ronald Murray,Stephen Jackson,2,2:02,CHA,rebound,,,,,,,,,,,,,,,,,,
Dwyane Wade,Jermaine O'Neal,Michael Beasley,Quentin Richardson,Rafer Alston,Boris Diaw,Gerald Wallace,Raymond Felton,Ronald Murray,Stephen Jackson,2,1:45,CHA,turnover,,,,,,,,,,Ronald Murray,,,bad pass,,Michael Beasley,,,
Dwyane Wade,Jermaine O'Neal,Michael Beasley,Quentin Richardson,Rafer Alston,Boris Diaw,Gerald Wallace,Raymond Felton,Ronald Murray,Stephen Jackson,2,1:39,MIA,shot,,,,,,,,,,Dwyane Wade,,,,missed,,3pt,40,26
Dwyane Wade,Jermaine O'Neal,Michael Beasley,Quentin Richardson,Rafer Alston,Boris Diaw,Gerald Wallace,Raymond Felton,Ronald Murray,Stephen Jackson,2,1:38,CHA,rebound,,,,,,,,,,Ronald Murray,,,,,,def,,
Dwyane Wade,Jermaine O'Neal,Michael Beasley,Quentin Richardson,Rafer Alston,Boris Diaw,Gerald Wallace,Raymond Felton,Ronald Murray,Stephen Jackson,2,1:23,CHA,shot,,,,,,,,,,Boris Diaw,,,,missed,,jump,37,25
Dwyane Wade,Jermaine O'Neal,Michael Beasley,Quentin Richardson,Rafer Alston,Boris Diaw,Gerald Wallace,Raymond Felton,Ronald Murray,Stephen Jackson,2,1:22,MIA,rebound,,,,,,,,,,Dwyane Wade,,,,,,def,,
Dwyane Wade,Jermaine O'Neal,Michael Beasley,Quentin Richardson,Rafer Alston,Boris Diaw,Gerald Wallace,Raymond Felton,Ronald Murray,Stephen Jackson,2,1:10,MIA,turnover,,,,,,,,,,Rafer Alston,,,lost ball,,Boris Diaw,,,
Dwyane Wade,Jermaine O'Neal,Michael Beasley,Quentin Richardson,Rafer Alston,Boris Diaw,Gerald Wallace,Raymond Felton,Ronald Murray,Stephen Jackson,2,1:07,MIA,foul,,,,,,,,Stephen Jackson,,Dwyane Wade,,,,,,clear path,,
Dwyane Wade,Jermaine O'Neal,Michael Beasley,Quentin Richardson,Rafer Alston,Boris Diaw,Gerald Wallace,Raymond Felton,Ronald Murray,Stephen Jackson,2,1:07,CHA,free throw,,,,,,,1,,2,Stephen Jackson,,,foul,made,,,,
Dwyane Wade,Jermaine O'Neal,Michael Beasley,Quentin Richardson,Rafer Alston,Boris Diaw,Gerald Wallace,Raymond Felton,Ronald Murray,Stephen Jackson,2,1:07,CHA,free throw,,,,,,,2,,2,Stephen Jackson,,,foul,made,,,,
Dorell Wright,Jermaine O'Neal,Michael Beasley,Quentin Richardson,Rafer Alston,Boris Diaw,Gerald Wallace,Raymond Felton,Ronald Murray,Stephen Jackson,2,1:07,MIA,sub,,,,Dorell Wright,,Dwyane Wade,,,,,,,,,,,,
Dorell Wright,Jermaine O'Neal,Michael Beasley,Quentin Richardson,Rafer Alston,Boris Diaw,Gerald Wallace,Raymond Felton,Ronald Murray,Stephen Jackson,2,0:55,CHA,shot,,,,,,,,,,Ronald Murray,,,,missed,,3pt,41,26
Dorell Wright,Jermaine O'Neal,Michael Beasley,Quentin Richardson,Rafer Alston,Boris Diaw,Gerald Wallace,Raymond Felton,Ronald Murray,Stephen Jackson,2,0:55,MIA,rebound,,,,,,,,,,,,,,,,,,
Dorell Wright,Jermaine O'Neal,Michael Beasley,Quentin Richardson,Rafer Alston,Boris Diaw,Gerald Wallace,Raymond Felton,Ronald Murray,Stephen Jackson,2,0:38,MIA,shot,,,Gerald Wallace,,,,,,,Quentin Richardson,,,,missed,,layup,25,6
Dorell Wright,Jermaine O'Neal,Michael Beasley,Quentin Richardson,Rafer Alston,Boris Diaw,Gerald Wallace,Raymond Felton,Ronald Murray,Stephen Jackson,2,0:35,MIA,rebound,,,,,,,,,,Quentin Richardson,,,,,,off,,
Dorell Wright,Jermaine O'Neal,Michael Beasley,Quentin Richardson,Rafer Alston,Boris Diaw,Gerald Wallace,Raymond Felton,Ronald Murray,Stephen Jackson,2,0:35,MIA,shot,,,,,,,,,,Quentin Richardson,,,,missed,,layup,25,6
Dorell Wright,Jermaine O'Neal,Michael Beasley,Quentin Richardson,Rafer Alston,Boris Diaw,Gerald Wallace,Raymond Felton,Ronald Murray,Stephen Jackson,2,0:34,CHA,rebound,,,,,,,,,,Gerald Wallace,,,,,,def,,
Dorell Wright,Jermaine O'Neal,Michael Beasley,Quentin Richardson,Rafer Alston,Boris Diaw,Gerald Wallace,Raymond Felton,Ronald Murray,Stephen Jackson,2,0:28,CHA,shot,Gerald Wallace,,,,,,,,,Raymond Felton,3,,,made,,3pt,17,30
Dorell Wright,Jermaine O'Neal,Michael Beasley,Quentin Richardson,Rafer Alston,Boris Diaw,Gerald Wallace,Raymond Felton,Ronald Murray,Stephen Jackson,2,0:05,MIA,shot,Rafer Alston,,,,,,,,,Michael Beasley,2,,,made,,jump,14,8
Dorell Wright,Jermaine O'Neal,Michael Beasley,Quentin Richardson,Rafer Alston,Boris Diaw,Gerald Wallace,Raymond Felton,Ronald Murray,Stephen Jackson,2,0:03,CHA,shot,Ronald Murray,,,,,,,,,Boris Diaw,2,,,made,,dunk,25,6
Dorell Wright,Jermaine O'Neal,Michael Beasley,Quentin Richardson,Rafer Alston,Boris Diaw,Gerald Wallace,Raymond Felton,Ronald Murray,Stephen Jackson,2,0:00,MIA,shot,,,,,,,,,,Quentin Richardson,,,,missed,,3pt,11,39
Dorell Wright,Jermaine O'Neal,Michael Beasley,Quentin Richardson,Rafer Alston,Boris Diaw,Gerald Wallace,Raymond Felton,Ronald Murray,Stephen Jackson,2,0:00,MIA,rebound,,,,,,,,,,,,,,,,,,
Dwyane Wade,Jermaine O'Neal,Michael Beasley,Quentin Richardson,Rafer Alston,Boris Diaw,Gerald Wallace,Nazr Mohammed,Raymond Felton,Stephen Jackson,3,11:36,MIA,foul,,,,,,,,Gerald Wallace,,Quentin Richardson,,,,,,shooting,,
Dwyane Wade,Jermaine O'Neal,Michael Beasley,Quentin Richardson,Rafer Alston,Boris Diaw,Gerald Wallace,Nazr Mohammed,Raymond Felton,Stephen Jackson,3,11:36,CHA,free throw,,,,,,,1,,2,Gerald Wallace,,,foul,made,,,,
Dwyane Wade,Jermaine O'Neal,Michael Beasley,Quentin Richardson,Rafer Alston,Boris Diaw,Gerald Wallace,Nazr Mohammed,Raymond Felton,Stephen Jackson,3,11:36,CHA,free throw,,,,,,,2,,2,Gerald Wallace,,,foul,made,,,,
Dwyane Wade,Jermaine O'Neal,Michael Beasley,Quentin Richardson,Rafer Alston,Boris Diaw,Gerald Wallace,Nazr Mohammed,Raymond Felton,Stephen Jackson,3,11:21,CHA,foul,,,,,,,,Dwyane Wade,,Stephen Jackson,,,,,,shooting,,
Dwyane Wade,Jermaine O'Neal,Michael Beasley,Quentin Richardson,Rafer Alston,Boris Diaw,Gerald Wallace,Nazr Mohammed,Raymond Felton,Stephen Jackson,3,11:21,MIA,free throw,,,,,,,1,,2,Dwyane Wade,,,foul,made,,,,
Dwyane Wade,Jermaine O'Neal,Michael Beasley,Quentin Richardson,Rafer Alston,Boris Diaw,Gerald Wallace,Nazr Mohammed,Raymond Felton,Stephen Jackson,3,11:21,MIA,free throw,,,,,,,2,,2,Dwyane Wade,,,foul,made,,,,
Dwyane Wade,Jermaine O'Neal,Michael Beasley,Quentin Richardson,Rafer Alston,Boris Diaw,Gerald Wallace,Nazr Mohammed,Raymond Felton,Stephen Jackson,3,11:02,MIA,foul,,,,,,,,Gerald Wallace,,Quentin Richardson,,,,,,personal,,
Dwyane Wade,Jermaine O'Neal,Michael Beasley,Quentin Richardson,Rafer Alston,Boris Diaw,Gerald Wallace,Nazr Mohammed,Raymond Felton,Stephen Jackson,3,10:56,CHA,turnover,,,,,,,,,,Boris Diaw,,,bad pass,,Quentin Richardson,,,
Dwyane Wade,Jermaine O'Neal,Michael Beasley,Quentin Richardson,Rafer Alston,Boris Diaw,Gerald Wallace,Nazr Mohammed,Raymond Felton,Stephen Jackson,3,10:47,MIA,shot,,,,,,,,,,Rafer Alston,,,,missed,,running jump,18,8
Dwyane Wade,Jermaine O'Neal,Michael Beasley,Quentin Richardson,Rafer Alston,Boris Diaw,Gerald Wallace,Nazr Mohammed,Raymond Felton,Stephen Jackson,3,10:45,MIA,rebound,,,,,,,,,,Dwyane Wade,,,,,,off,,
Dwyane Wade,Jermaine O'Neal,Michael Beasley,Quentin Richardson,Rafer Alston,Boris Diaw,Gerald Wallace,Nazr Mohammed,Raymond Felton,Stephen Jackson,3,10:45,MIA,shot,,,,,,,,,,Dwyane Wade,2,,,made,,tip,25,6
Dwyane Wade,Jermaine O'Neal,Michael Beasley,Quentin Richardson,Rafer Alston,Boris Diaw,Gerald Wallace,Nazr Mohammed,Raymond Felton,Stephen Jackson,3,10:29,CHA,shot,,,,,,,,,,Gerald Wallace,,,,missed,,reverse layup,25,6
Dwyane Wade,Jermaine O'Neal,Michael Beasley,Quentin Richardson,Rafer Alston,Boris Diaw,Gerald Wallace,Nazr Mohammed,Raymond Felton,Stephen Jackson,3,10:27,CHA,rebound,,,,,,,,,,Nazr Mohammed,,,,,,off,,
Dwyane Wade,Jermaine O'Neal,Michael Beasley,Quentin Richardson,Rafer Alston,Boris Diaw,Gerald Wallace,Nazr Mohammed,Raymond Felton,Stephen Jackson,3,10:27,MIA,foul,,,,,,,,Nazr Mohammed,,Quentin Richardson,,,,,,shooting,,
Dwyane Wade,Jermaine O'Neal,Michael Beasley,Quentin Richardson,Rafer Alston,Boris Diaw,Gerald Wallace,Nazr Mohammed,Raymond Felton,Stephen Jackson,3,10:27,CHA,free throw,,,,,,,1,,2,Nazr Mohammed,,,foul,made,,,,
Dwyane Wade,Jermaine O'Neal,Michael Beasley,Quentin Richardson,Rafer Alston,Boris Diaw,Gerald Wallace,Nazr Mohammed,Raymond Felton,Stephen Jackson,3,10:27,CHA,free throw,,,,,,,2,,2,Nazr Mohammed,,,foul,missed,,,,
Dwyane Wade,Jermaine O'Neal,Michael Beasley,Quentin Richardson,Rafer Alston,Boris Diaw,Gerald Wallace,Nazr Mohammed,Raymond Felton,Stephen Jackson,3,10:25,MIA,rebound,,,,,,,,,,Jermaine O'Neal,,,,,,def,,
Dwyane Wade,Jermaine O'Neal,Michael Beasley,Quentin Richardson,Rafer Alston,Boris Diaw,Gerald Wallace,Nazr Mohammed,Raymond Felton,Stephen Jackson,3,10:13,MIA,shot,,,,,,,,,,Michael Beasley,,,,missed,,jump,16,22
Dwyane Wade,Jermaine O'Neal,Michael Beasley,Quentin Richardson,Rafer Alston,Boris Diaw,Gerald Wallace,Nazr Mohammed,Raymond Felton,Stephen Jackson,3,10:12,CHA,rebound,,,,,,,,,,Nazr Mohammed,,,,,,def,,
Dwyane Wade,Jermaine O'Neal,Michael Beasley,Quentin Richardson,Rafer Alston,Boris Diaw,Gerald Wallace,Nazr Mohammed,Raymond Felton,Stephen Jackson,3,10:05,MIA,foul,,,,,,,,Nazr Mohammed,,Quentin Richardson,,,,,,shooting,,
Dwyane Wade,Jermaine O'Neal,Michael Beasley,Quentin Richardson,Rafer Alston,Boris Diaw,Gerald Wallace,Nazr Mohammed,Raymond Felton,Stephen Jackson,3,10:05,CHA,free throw,,,,,,,1,,2,Nazr Mohammed,,,foul,missed,,,,
Dwyane Wade,Jermaine O'Neal,Michael Beasley,Quentin Richardson,Rafer Alston,Boris Diaw,Gerald Wallace,Nazr Mohammed,Raymond Felton,Stephen Jackson,3,10:05,CHA,rebound,,,,,,,,,,,,,,,,,,
Dorell Wright,Dwyane Wade,Jermaine O'Neal,Michael Beasley,Rafer Alston,Boris Diaw,Gerald Wallace,Nazr Mohammed,Raymond Felton,Stephen Jackson,3,10:05,MIA,sub,,,,Dorell Wright,,Quentin Richardson,,,,,,,,,,,,
Dorell Wright,Dwyane Wade,Jermaine O'Neal,Michael Beasley,Rafer Alston,Boris Diaw,Gerald Wallace,Nazr Mohammed,Raymond Felton,Stephen Jackson,3,10:05,CHA,free throw,,,,,,,2,,2,Nazr Mohammed,,,foul,missed,,,,
Dorell Wright,Dwyane Wade,Jermaine O'Neal,Michael Beasley,Rafer Alston,Boris Diaw,Gerald Wallace,Nazr Mohammed,Raymond Felton,Stephen Jackson,3,10:03,MIA,rebound,,,,,,,,,,Michael Beasley,,,,,,def,,
Dorell Wright,Dwyane Wade,Jermaine O'Neal,Michael Beasley,Rafer Alston,Boris Diaw,Gerald Wallace,Nazr Mohammed,Raymond Felton,Stephen Jackson,3,9:52,MIA,shot,Dorell Wright,,,,,,,,,Michael Beasley,2,,,made,,jump bank,25,14
Dorell Wright,Dwyane Wade,Jermaine O'Neal,Michael Beasley,Rafer Alston,Boris Diaw,Gerald Wallace,Nazr Mohammed,Raymond Felton,Stephen Jackson,3,9:33,CHA,shot,,,,,,,,,,Gerald Wallace,,,,missed,,3pt,48,10
Dorell Wright,Dwyane Wade,Jermaine O'Neal,Michael Beasley,Rafer Alston,Boris Diaw,Gerald Wallace,Nazr Mohammed,Raymond Felton,Stephen Jackson,3,9:31,MIA,rebound,,,,,,,,,,Jermaine O'Neal,,,,,,def,,
Dorell Wright,Dwyane Wade,Jermaine O'Neal,Michael Beasley,Rafer Alston,Boris Diaw,Gerald Wallace,Nazr Mohammed,Raymond Felton,Stephen Jackson,3,9:09,MIA,shot,Rafer Alston,,,,,,,,,Dwyane Wade,2,,,made,,jump,7,11
Dorell Wright,Dwyane Wade,Jermaine O'Neal,Michael Beasley,Rafer Alston,Boris Diaw,Gerald Wallace,Nazr Mohammed,Raymond Felton,Stephen Jackson,3,8:50,CHA,turnover,,,,,,,,,,Boris Diaw,,,bad pass,,,,,
Dorell Wright,Dwyane Wade,Jermaine O'Neal,Michael Beasley,Rafer Alston,Boris Diaw,Gerald Wallace,Nazr Mohammed,Raymond Felton,Stephen Jackson,3,8:37,MIA,shot,,,Gerald Wallace,,,,,,,Jermaine O'Neal,,,,missed,,layup,25,6
Dorell Wright,Dwyane Wade,Jermaine O'Neal,Michael Beasley,Rafer Alston,Boris Diaw,Gerald Wallace,Nazr Mohammed,Raymond Felton,Stephen Jackson,3,8:37,MIA,rebound,,,,,,,,,,,,,,,,,,
Dorell Wright,Dwyane Wade,Jermaine O'Neal,Michael Beasley,Rafer Alston,Boris Diaw,Gerald Wallace,Nazr Mohammed,Raymond Felton,Stephen Jackson,3,8:28,MIA,shot,Rafer Alston,,,,,,,,,Dorell Wright,3,,,made,,3pt,2,9
Dorell Wright,Dwyane Wade,Jermaine O'Neal,Michael Beasley,Rafer Alston,Boris Diaw,Gerald Wallace,Nazr Mohammed,Raymond Felton,Stephen Jackson,3,8:27,CHA,timeout,,,,,,,,,,,,,,,,regular,,
Dorell Wright,Dwyane Wade,Jermaine O'Neal,Michael Beasley,Rafer Alston,Boris Diaw,Gerald Wallace,Nazr Mohammed,Raymond Felton,Stephen Jackson,3,8:14,CHA,shot,Boris Diaw,,,,,,,,,Stephen Jackson,2,,,made,,driving jump,23,12
Dorell Wright,Dwyane Wade,Jermaine O'Neal,Michael Beasley,Rafer Alston,Boris Diaw,Gerald Wallace,Nazr Mohammed,Raymond Felton,Stephen Jackson,3,8:14,MIA,foul,,,,,,,,Stephen Jackson,,Jermaine O'Neal,,,,,,shooting,,
Dorell Wright,Dwyane Wade,Jermaine O'Neal,Michael Beasley,Rafer Alston,Boris Diaw,Gerald Wallace,Nazr Mohammed,Raymond Felton,Stephen Jackson,3,8:14,CHA,free throw,,,,,,,1,,1,Stephen Jackson,,,foul,missed,,,,
Dorell Wright,Dwyane Wade,Jermaine O'Neal,Michael Beasley,Rafer Alston,Boris Diaw,Gerald Wallace,Nazr Mohammed,Raymond Felton,Stephen Jackson,3,8:12,CHA,rebound,,,,,,,,,,Nazr Mohammed,,,,,,off,,
Dorell Wright,Dwyane Wade,Jermaine O'Neal,Michael Beasley,Rafer Alston,Boris Diaw,Gerald Wallace,Nazr Mohammed,Raymond Felton,Stephen Jackson,3,8:02,CHA,foul,,,,,,,,Rafer Alston,,Raymond Felton,,,,,,offensive,,
Dorell Wright,Dwyane Wade,Jermaine O'Neal,Michael Beasley,Rafer Alston,Boris Diaw,Gerald Wallace,Nazr Mohammed,Raymond Felton,Stephen Jackson,3,8:02,CHA,turnover,,,,,,,,,,Raymond Felton,,,foul,,,,,
Dorell Wright,Dwyane Wade,Jermaine O'Neal,Michael Beasley,Rafer Alston,Boris Diaw,Gerald Wallace,Nazr Mohammed,Raymond Felton,Stephen Jackson,3,7:45,MIA,shot,,,,,,,,,,Dwyane Wade,,,,missed,,jump,37,22
Dorell Wright,Dwyane Wade,Jermaine O'Neal,Michael Beasley,Rafer Alston,Boris Diaw,Gerald Wallace,Nazr Mohammed,Raymond Felton,Stephen Jackson,3,7:44,CHA,rebound,,,,,,,,,,Stephen Jackson,,,,,,def,,
Dorell Wright,Dwyane Wade,Jermaine O'Neal,Michael Beasley,Rafer Alston,Boris Diaw,Gerald Wallace,Nazr Mohammed,Raymond Felton,Stephen Jackson,3,7:26,CHA,shot,,,,,,,,,,Raymond Felton,,,,missed,,jump,12,24
Dorell Wright,Dwyane Wade,Jermaine O'Neal,Michael Beasley,Rafer Alston,Boris Diaw,Gerald Wallace,Nazr Mohammed,Raymond Felton,Stephen Jackson,3,7:25,MIA,rebound,,,,,,,,,,,,,,,,,,
Dorell Wright,Dwyane Wade,Jermaine O'Neal,Michael Beasley,Rafer Alston,Boris Diaw,Gerald Wallace,Nazr Mohammed,Raymond Felton,Stephen Jackson,3,7:11,MIA,shot,,,,,,,,,,Jermaine O'Neal,,,,missed,,jump,36,13
Dorell Wright,Dwyane Wade,Jermaine O'Neal,Michael Beasley,Rafer Alston,Boris Diaw,Gerald Wallace,Nazr Mohammed,Raymond Felton,Stephen Jackson,3,7:09,CHA,rebound,,,,,,,,,,Gerald Wallace,,,,,,def,,
Dorell Wright,Dwyane Wade,Jermaine O'Neal,Michael Beasley,Rafer Alston,Boris Diaw,Gerald Wallace,Nazr Mohammed,Raymond Felton,Stephen Jackson,3,6:53,CHA,shot,,,,,,,,,,Nazr Mohammed,,,,missed,,reverse layup,25,6
Dorell Wright,Dwyane Wade,Jermaine O'Neal,Michael Beasley,Rafer Alston,Boris Diaw,Gerald Wallace,Nazr Mohammed,Raymond Felton,Stephen Jackson,3,6:53,MIA,rebound,,,,,,,,,,,,,,,,,,
Dorell Wright,Dwyane Wade,Jermaine O'Neal,Michael Beasley,Rafer Alston,Boris Diaw,Gerald Wallace,Nazr Mohammed,Raymond Felton,Stephen Jackson,3,6:53,CHA,foul,,,,,,,,Dorell Wright,,Nazr Mohammed,,,,,,loose ball,,
Dorell Wright,Dwyane Wade,Jermaine O'Neal,Michael Beasley,Rafer Alston,Boris Diaw,Gerald Wallace,Nazr Mohammed,Raymond Felton,Stephen Jackson,3,6:41,MIA,turnover,,,,,,,,,,Dwyane Wade,,,bad pass,,Boris Diaw,,,
Dorell Wright,Dwyane Wade,Jermaine O'Neal,Michael Beasley,Rafer Alston,Boris Diaw,Gerald Wallace,Nazr Mohammed,Raymond Felton,Stephen Jackson,3,6:35,CHA,shot,,,,,,,,,,Gerald Wallace,,,,missed,,layup,25,6
Dorell Wright,Dwyane Wade,Jermaine O'Neal,Michael Beasley,Rafer Alston,Boris Diaw,Gerald Wallace,Nazr Mohammed,Raymond Felton,Stephen Jackson,3,6:33,CHA,rebound,,,,,,,,,,Nazr Mohammed,,,,,,off,,
Dorell Wright,Dwyane Wade,Jermaine O'Neal,Michael Beasley,Rafer Alston,Boris Diaw,Gerald Wallace,Nazr Mohammed,Raymond Felton,Stephen Jackson,3,6:33,CHA,shot,,,,,,,,,,Nazr Mohammed,2,,,made,,tip,25,6
Dorell Wright,Dwyane Wade,Jermaine O'Neal,Michael Beasley,Rafer Alston,Boris Diaw,Gerald Wallace,Nazr Mohammed,Raymond Felton,Stephen Jackson,3,6:15,MIA,shot,Rafer Alston,,,,,,,,,Michael Beasley,2,,,made,,driving layup,25,6
Dorell Wright,Dwyane Wade,Jermaine O'Neal,Michael Beasley,Rafer Alston,Boris Diaw,Gerald Wallace,Nazr Mohammed,Raymond Felton,Stephen Jackson,3,6:00,CHA,shot,,,Jermaine O'Neal,,,,,,,Nazr Mohammed,,,,missed,,layup,25,6
Dorell Wright,Dwyane Wade,Jermaine O'Neal,Michael Beasley,Rafer Alston,Boris Diaw,Gerald Wallace,Nazr Mohammed,Raymond Felton,Stephen Jackson,3,5:59,CHA,rebound,,,,,,,,,,Boris Diaw,,,,,,off,,
Dorell Wright,Dwyane Wade,Jermaine O'Neal,Michael Beasley,Rafer Alston,Boris Diaw,Gerald Wallace,Nazr Mohammed,Raymond Felton,Stephen Jackson,3,5:59,MIA,violation,,,,,,,,,,Michael Beasley,,,,,,defensive goaltending,,
Dorell Wright,Dwyane Wade,Jermaine O'Neal,Michael Beasley,Rafer Alston,Boris Diaw,Gerald Wallace,Nazr Mohammed,Raymond Felton,Stephen Jackson,3,5:59,CHA,shot,,,,,,,,,,Boris Diaw,2,,,made,,layup,25,6
Dorell Wright,Dwyane Wade,Jermaine O'Neal,Michael Beasley,Rafer Alston,Boris Diaw,Gerald Wallace,Nazr Mohammed,Raymond Felton,Stephen Jackson,3,5:43,MIA,shot,Michael Beasley,,,,,,,,,Dwyane Wade,2,,,made,,driving layup,25,6
Dorell Wright,Dwyane Wade,Jermaine O'Neal,Michael Beasley,Rafer Alston,Boris Diaw,Gerald Wallace,Nazr Mohammed,Raymond Felton,Stephen Jackson,3,5:25,CHA,shot,,,,,,,,,,Stephen Jackson,,,,missed,,3pt,15,29
Dorell Wright,Dwyane Wade,Jermaine O'Neal,Michael Beasley,Rafer Alston,Boris Diaw,Gerald Wallace,Nazr Mohammed,Raymond Felton,Stephen Jackson,3,5:24,MIA,rebound,,,,,,,,,,Dorell Wright,,,,,,def,,
Dorell Wright,Dwyane Wade,Jermaine O'Neal,Michael Beasley,Rafer Alston,Boris Diaw,Gerald Wallace,Nazr Mohammed,Raymond Felton,Stephen Jackson,3,5:14,MIA,shot,,,,,,,,,,Jermaine O'Neal,,,,missed,,fade away jumper,21,13
Dorell Wright,Dwyane Wade,Jermaine O'Neal,Michael Beasley,Rafer Alston,Boris Diaw,Gerald Wallace,Nazr Mohammed,Raymond Felton,Stephen Jackson,3,5:14,CHA,rebound,,,,,,,,,,,,,,,,,,
Dorell Wright,Dwyane Wade,Jermaine O'Neal,Michael Beasley,Rafer Alston,Boris Diaw,Gerald Wallace,Nazr Mohammed,Raymond Felton,Stephen Jackson,3,5:02,CHA,shot,Raymond Felton,,,,,,,,,Nazr Mohammed,2,,,made,,layup,25,6
Dorell Wright,Dwyane Wade,Jermaine O'Neal,Michael Beasley,Rafer Alston,Boris Diaw,Gerald Wallace,Nazr Mohammed,Raymond Felton,Stephen Jackson,3,5:02,MIA,foul,,,,,,,,Nazr Mohammed,,Jermaine O'Neal,,,,,,shooting,,
Dorell Wright,Dwyane Wade,Jermaine O'Neal,Michael Beasley,Rafer Alston,Boris Diaw,Gerald Wallace,Nazr Mohammed,Raymond Felton,Stephen Jackson,3,5:02,CHA,free throw,,,,,,,1,,1,Nazr Mohammed,,,foul,made,,,,
Dorell Wright,Dwyane Wade,Jermaine O'Neal,Michael Beasley,Rafer Alston,Boris Diaw,Gerald Wallace,Nazr Mohammed,Raymond Felton,Stephen Jackson,3,5:02,MIA,timeout,,,,,,,,,,,,,,,,regular,,
Dorell Wright,Dwyane Wade,Jamaal Magloire,Michael Beasley,Rafer Alston,Boris Diaw,Gerald Wallace,Nazr Mohammed,Raymond Felton,Stephen Jackson,3,5:02,MIA,sub,,,,Jamaal Magloire,,Jermaine O'Neal,,,,,,,,,,,,
Dorell Wright,Dwyane Wade,Jamaal Magloire,Michael Beasley,Rafer Alston,Boris Diaw,Gerald Wallace,Nazr Mohammed,Raymond Felton,Stephen Jackson,3,4:40,MIA,shot,,,,,,,,,,Rafer Alston,,,,missed,,3pt,18,31
Dorell Wright,Dwyane Wade,Jamaal Magloire,Michael Beasley,Rafer Alston,Boris Diaw,Gerald Wallace,Nazr Mohammed,Raymond Felton,Stephen Jackson,3,4:38,CHA,rebound,,,,,,,,,,Nazr Mohammed,,,,,,def,,
Dorell Wright,Dwyane Wade,Jamaal Magloire,Michael Beasley,Rafer Alston,Boris Diaw,Gerald Wallace,Nazr Mohammed,Raymond Felton,Stephen Jackson,3,4:15,CHA,shot,Raymond Felton,,,,,,,,,Gerald Wallace,3,,,made,,3pt,1,9
Dorell Wright,Dwyane Wade,Jamaal Magloire,Michael Beasley,Rafer Alston,Boris Diaw,Gerald Wallace,Nazr Mohammed,Raymond Felton,Stephen Jackson,3,4:05,CHA,foul,,,,,,,,Rafer Alston,,Raymond Felton,,,,,,personal,,
Dorell Wright,Dwyane Wade,Jamaal Magloire,Michael Beasley,Rafer Alston,Boris Diaw,DeSagana Diop,Gerald Wallace,Raymond Felton,Stephen Jackson,3,4:05,CHA,sub,,,,DeSagana Diop,,Nazr Mohammed,,,,,,,,,,,,
Dorell Wright,Dwyane Wade,Jamaal Magloire,Michael Beasley,Rafer Alston,Boris Diaw,DeSagana Diop,Gerald Wallace,Raymond Felton,Stephen Jackson,3,3:51,MIA,shot,,,,,,,,,,Dorell Wright,2,,,made,,driving jump,23,11
Dorell Wright,Dwyane Wade,Jamaal Magloire,Michael Beasley,Rafer Alston,Boris Diaw,DeSagana Diop,Gerald Wallace,Raymond Felton,Stephen Jackson,3,3:32,CHA,shot,Raymond Felton,,,,,,,,,Stephen Jackson,2,,,made,,jump,12,23
Dorell Wright,Dwyane Wade,Jamaal Magloire,Michael Beasley,Rafer Alston,Boris Diaw,DeSagana Diop,Gerald Wallace,Raymond Felton,Stephen Jackson,3,3:05,MIA,shot,,,,,,,,,,Dorell Wright,,,,missed,,3pt,1,12
Dorell Wright,Dwyane Wade,Jamaal Magloire,Michael Beasley,Rafer Alston,Boris Diaw,DeSagana Diop,Gerald Wallace,Raymond Felton,Stephen Jackson,3,3:04,CHA,rebound,,,,,,,,,,DeSagana Diop,,,,,,def,,
Dorell Wright,Dwyane Wade,Jamaal Magloire,Michael Beasley,Rafer Alston,Boris Diaw,DeSagana Diop,Gerald Wallace,Raymond Felton,Stephen Jackson,3,2:56,MIA,foul,,,,,,,,Gerald Wallace,,Rafer Alston,,,,,,personal,,
Dorell Wright,Dwyane Wade,Jamaal Magloire,Rafer Alston,Udonis Haslem,Boris Diaw,DeSagana Diop,Gerald Wallace,Raymond Felton,Stephen Jackson,3,2:56,MIA,sub,,,,Udonis Haslem,,Michael Beasley,,,,,,,,,,,,
Dorell Wright,Dwyane Wade,Jamaal Magloire,Rafer Alston,Udonis Haslem,Boris Diaw,DeSagana Diop,Gerald Wallace,Raymond Felton,Stephen Jackson,3,2:56,CHA,free throw,,,,,,,1,,2,Gerald Wallace,,,foul,made,,,,
Dorell Wright,Dwyane Wade,Jamaal Magloire,Rafer Alston,Udonis Haslem,Boris Diaw,DeSagana Diop,Gerald Wallace,Raymond Felton,Stephen Jackson,3,2:56,CHA,free throw,,,,,,,2,,2,Gerald Wallace,,,foul,made,,,,
Dorell Wright,Dwyane Wade,Jamaal Magloire,Rafer Alston,Udonis Haslem,Boris Diaw,DeSagana Diop,Gerald Wallace,Raymond Felton,Stephen Jackson,3,2:43,CHA,foul,,,,,,,,Dorell Wright,,DeSagana Diop,,,,,,shooting,,
Dorell Wright,Dwyane Wade,Jamaal Magloire,Rafer Alston,Udonis Haslem,Boris Diaw,DeSagana Diop,Gerald Wallace,Raymond Felton,Stephen Jackson,3,2:43,MIA,free throw,,,,,,,1,,2,Dorell Wright,,,foul,made,,,,
Dorell Wright,Dwyane Wade,Jamaal Magloire,Rafer Alston,Udonis Haslem,Boris Diaw,DeSagana Diop,Gerald Wallace,Raymond Felton,Stephen Jackson,3,2:43,MIA,free throw,,,,,,,2,,2,Dorell Wright,,,foul,made,,,,
Dorell Wright,Dwyane Wade,Jamaal Magloire,Rafer Alston,Udonis Haslem,Boris Diaw,DeSagana Diop,Gerald Wallace,Raymond Felton,Stephen Jackson,3,2:21,CHA,shot,,,,,,,,,,Stephen Jackson,2,,,made,,layup,25,6
Dorell Wright,Dwyane Wade,Jamaal Magloire,Rafer Alston,Udonis Haslem,Boris Diaw,DeSagana Diop,Gerald Wallace,Raymond Felton,Stephen Jackson,3,2:03,MIA,turnover,,,,,,,,,,Rafer Alston,,,bad pass,,DeSagana Diop,,,
Dorell Wright,Dwyane Wade,Jamaal Magloire,Rafer Alston,Udonis Haslem,Boris Diaw,DeSagana Diop,Gerald Wallace,Raymond Felton,Stephen Jackson,3,2:00,MIA,foul,,,,,,,,Gerald Wallace,,Rafer Alston,,,,,,shooting,,
Dorell Wright,Dwyane Wade,Jamaal Magloire,Rafer Alston,Udonis Haslem,Boris Diaw,DeSagana Diop,Gerald Wallace,Raymond Felton,Stephen Jackson,3,2:00,CHA,free throw,,,,,,,1,,2,Gerald Wallace,,,foul,made,,,,
Dorell Wright,Dwyane Wade,Jamaal Magloire,Rafer Alston,Udonis Haslem,Boris Diaw,D.J. Augustin,DeSagana Diop,Gerald Wallace,Stephen Jackson,3,2:00,CHA,sub,,,,D.J. Augustin,,Raymond Felton,,,,,,,,,,,,
Dorell Wright,Dwyane Wade,Jamaal Magloire,Rafer Alston,Udonis Haslem,D.J. Augustin,DeSagana Diop,Derrick Brown,Gerald Wallace,Stephen Jackson,3,2:00,CHA,sub,,,,Derrick Brown,,Boris Diaw,,,,,,,,,,,,
Dorell Wright,Dwyane Wade,Jamaal Magloire,Rafer Alston,Udonis Haslem,D.J. Augustin,DeSagana Diop,Derrick Brown,Gerald Wallace,Stephen Jackson,3,2:00,CHA,free throw,,,,,,,2,,2,Gerald Wallace,,,foul,made,,,,
Dorell Wright,Dwyane Wade,Jamaal Magloire,Rafer Alston,Udonis Haslem,D.J. Augustin,DeSagana Diop,Derrick Brown,Gerald Wallace,Stephen Jackson,3,1:46,MIA,shot,,,Gerald Wallace,,,,,,,Dorell Wright,,,,missed,,3pt,2,9
Dorell Wright,Dwyane Wade,Jamaal Magloire,Rafer Alston,Udonis Haslem,D.J. Augustin,DeSagana Diop,Derrick Brown,Gerald Wallace,Stephen Jackson,3,1:45,CHA,rebound,,,,,,,,,,DeSagana Diop,,,,,,def,,
Dorell Wright,Dwyane Wade,Jamaal Magloire,Rafer Alston,Udonis Haslem,D.J. Augustin,DeSagana Diop,Derrick Brown,Gerald Wallace,Stephen Jackson,3,1:25,CHA,shot,,,,,,,,,,Stephen Jackson,,,,missed,,3pt,48,9
Dorell Wright,Dwyane Wade,Jamaal Magloire,Rafer Alston,Udonis Haslem,D.J. Augustin,DeSagana Diop,Derrick Brown,Gerald Wallace,Stephen Jackson,3,1:24,MIA,rebound,,,,,,,,,,Udonis Haslem,,,,,,def,,
Dorell Wright,Dwyane Wade,Jamaal Magloire,Rafer Alston,Udonis Haslem,D.J. Augustin,DeSagana Diop,Derrick Brown,Gerald Wallace,Stephen Jackson,3,1:24,MIA,turnover,,,,,,,,,,Udonis Haslem,,,out of bounds lost ball turnover,,,,,
Dorell Wright,Dwyane Wade,Jamaal Magloire,Rafer Alston,Udonis Haslem,D.J. Augustin,DeSagana Diop,Derrick Brown,Gerald Wallace,Stephen Jackson,3,1:19,CHA,shot,,,,,,,,,,DeSagana Diop,,,,missed,,layup,25,6
Dorell Wright,Dwyane Wade,Jamaal Magloire,Rafer Alston,Udonis Haslem,D.J. Augustin,DeSagana Diop,Derrick Brown,Gerald Wallace,Stephen Jackson,3,1:17,CHA,rebound,,,,,,,,,,DeSagana Diop,,,,,,off,,
Dorell Wright,Dwyane Wade,Jamaal Magloire,Rafer Alston,Udonis Haslem,D.J. Augustin,DeSagana Diop,Derrick Brown,Gerald Wallace,Stephen Jackson,3,1:10,CHA,shot,,,,,,,,,,Gerald Wallace,,,,missed,,3pt,48,9
Dorell Wright,Dwyane Wade,Jamaal Magloire,Rafer Alston,Udonis Haslem,D.J. Augustin,DeSagana Diop,Derrick Brown,Gerald Wallace,Stephen Jackson,3,1:10,CHA,rebound,,,,,,,,,,,,,,,,,,
Dorell Wright,Dwyane Wade,Jamaal Magloire,Rafer Alston,Udonis Haslem,D.J. Augustin,DeSagana Diop,Derrick Brown,Gerald Wallace,Stephen Jackson,3,0:59,CHA,shot,D.J. Augustin,,,,,,,,,Gerald Wallace,2,,,made,,dunk,25,6
Dorell Wright,Dwyane Wade,Jamaal Magloire,Rafer Alston,Udonis Haslem,D.J. Augustin,DeSagana Diop,Derrick Brown,Gerald Wallace,Stephen Jackson,3,0:44,MIA,turnover,,,,,,,,,,Rafer Alston,,,bad pass,,Gerald Wallace,,,
Dorell Wright,Dwyane Wade,Jamaal Magloire,Rafer Alston,Udonis Haslem,D.J. Augustin,DeSagana Diop,Derrick Brown,Gerald Wallace,Stephen Jackson,3,0:36,MIA,foul,,,,,,,,D.J. Augustin,,Rafer Alston,,,,,,personal,,
Dorell Wright,Dwyane Wade,Jamaal Magloire,Rafer Alston,Udonis Haslem,D.J. Augustin,DeSagana Diop,Derrick Brown,Gerald Wallace,Stephen Jackson,3,0:36,CHA,free throw,,,,,,,1,,2,D.J. Augustin,,,foul,made,,,,
Carlos Arroyo,Dorell Wright,Dwyane Wade,Jamaal Magloire,Udonis Haslem,D.J. Augustin,DeSagana Diop,Derrick Brown,Gerald Wallace,Stephen Jackson,3,0:36,MIA,sub,,,,Carlos Arroyo,,Rafer Alston,,,,,,,,,,,,
Carlos Arroyo,Dorell Wright,Dwyane Wade,Jamaal Magloire,Udonis Haslem,D.J. Augustin,DeSagana Diop,Derrick Brown,Gerald Wallace,Stephen Jackson,3,0:36,CHA,free throw,,,,,,,2,,2,D.J. Augustin,,,foul,missed,,,,
Carlos Arroyo,Dorell Wright,Dwyane Wade,Jamaal Magloire,Udonis Haslem,D.J. Augustin,DeSagana Diop,Derrick Brown,Gerald Wallace,Stephen Jackson,3,0:33,CHA,rebound,,,,,,,,,,DeSagana Diop,,,,,,off,,
Carlos Arroyo,Dorell Wright,Dwyane Wade,Jamaal Magloire,Udonis Haslem,D.J. Augustin,DeSagana Diop,Derrick Brown,Gerald Wallace,Stephen Jackson,3,0:12,CHA,shot,,,,,,,,,,Derrick Brown,,,,missed,,jump,22,25
Carlos Arroyo,Dorell Wright,Dwyane Wade,Jamaal Magloire,Udonis Haslem,D.J. Augustin,DeSagana Diop,Derrick Brown,Gerald Wallace,Stephen Jackson,3,0:11,MIA,rebound,,,,,,,,,,Jamaal Magloire,,,,,,def,,
Carlos Arroyo,Dorell Wright,Dwyane Wade,Jamaal Magloire,Udonis Haslem,D.J. Augustin,DeSagana Diop,Derrick Brown,Gerald Wallace,Stephen Jackson,3,0:02,MIA,shot,,,,,,,,,,Dorell Wright,,,,missed,,layup,25,6
Carlos Arroyo,Dorell Wright,Dwyane Wade,Jamaal Magloire,Udonis Haslem,D.J. Augustin,DeSagana Diop,Derrick Brown,Gerald Wallace,Stephen Jackson,3,0:01,MIA,rebound,,,,,,,,,,Udonis Haslem,,,,,,off,,
Carlos Arroyo,Dorell Wright,Dwyane Wade,Jamaal Magloire,Udonis Haslem,D.J. Augustin,DeSagana Diop,Derrick Brown,Gerald Wallace,Stephen Jackson,3,0:00,MIA,shot,,,,,,,,,,Udonis Haslem,,,,missed,,jump,7,9
Carlos Arroyo,Dorell Wright,Dwyane Wade,Jamaal Magloire,Udonis Haslem,D.J. Augustin,DeSagana Diop,Derrick Brown,Gerald Wallace,Stephen Jackson,3,0:00,CHA,rebound,,,,,,,,,,,,,,,,,,
Carlos Arroyo,Daequan Cook,Dorell Wright,Jamaal Magloire,Udonis Haslem,D.J. Augustin,DeSagana Diop,Derrick Brown,Gerald Wallace,Ronald Murray,4,11:41,MIA,shot,,,,,,,,,,Daequan Cook,,,,missed,,jump,28,25
Carlos Arroyo,Daequan Cook,Dorell Wright,Jamaal Magloire,Udonis Haslem,D.J. Augustin,DeSagana Diop,Derrick Brown,Gerald Wallace,Ronald Murray,4,11:40,CHA,rebound,,,,,,,,,,Gerald Wallace,,,,,,def,,
Carlos Arroyo,Daequan Cook,Dorell Wright,Jamaal Magloire,Udonis Haslem,D.J. Augustin,DeSagana Diop,Derrick Brown,Gerald Wallace,Ronald Murray,4,11:25,MIA,foul,,,,,,,,Gerald Wallace,,Jamaal Magloire,,,,,,shooting,,
Carlos Arroyo,Daequan Cook,Dorell Wright,Jamaal Magloire,Udonis Haslem,D.J. Augustin,DeSagana Diop,Derrick Brown,Gerald Wallace,Ronald Murray,4,11:25,CHA,free throw,,,,,,,1,,2,Gerald Wallace,,,foul,made,,,,
Carlos Arroyo,Daequan Cook,Dorell Wright,Jamaal Magloire,Udonis Haslem,D.J. Augustin,DeSagana Diop,Derrick Brown,Gerald Wallace,Ronald Murray,4,11:25,CHA,free throw,,,,,,,2,,2,Gerald Wallace,,,foul,made,,,,
Carlos Arroyo,Daequan Cook,Dorell Wright,Jamaal Magloire,Udonis Haslem,D.J. Augustin,DeSagana Diop,Derrick Brown,Gerald Wallace,Ronald Murray,4,11:24,CHA,foul,,,,,,,,Carlos Arroyo,,Gerald Wallace,,,,,,personal,,
Carlos Arroyo,Daequan Cook,Dorell Wright,Jamaal Magloire,Udonis Haslem,D.J. Augustin,DeSagana Diop,Derrick Brown,Ronald Murray,Stephen Graham,4,11:24,CHA,sub,,,,Stephen Graham,,Gerald Wallace,,,,,,,,,,,,
Carlos Arroyo,Daequan Cook,Dorell Wright,Jamaal Magloire,Udonis Haslem,D.J. Augustin,DeSagana Diop,Derrick Brown,Ronald Murray,Stephen Graham,4,11:03,MIA,shot,Daequan Cook,,,,,,,,,Carlos Arroyo,2,,,made,,jump,34,22
Carlos Arroyo,Daequan Cook,Dorell Wright,Jamaal Magloire,Udonis Haslem,D.J. Augustin,DeSagana Diop,Derrick Brown,Ronald Murray,Stephen Graham,4,10:32,CHA,shot,,,Dorell Wright,,,,,,,D.J. Augustin,,,,missed,,jump,14,9
Carlos Arroyo,Daequan Cook,Dorell Wright,Jamaal Magloire,Udonis Haslem,D.J. Augustin,DeSagana Diop,Derrick Brown,Ronald Murray,Stephen Graham,4,10:31,CHA,rebound,,,,,,,,,,Derrick Brown,,,,,,off,,
Carlos Arroyo,Daequan Cook,Dorell Wright,Jamaal Magloire,Udonis Haslem,D.J. Augustin,DeSagana Diop,Derrick Brown,Ronald Murray,Stephen Graham,4,10:31,CHA,shot,,,,,,,,,,Derrick Brown,,,,missed,,layup,25,6
Carlos Arroyo,Daequan Cook,Dorell Wright,Jamaal Magloire,Udonis Haslem,D.J. Augustin,DeSagana Diop,Derrick Brown,Ronald Murray,Stephen Graham,4,10:30,CHA,rebound,,,,,,,,,,DeSagana Diop,,,,,,off,,
Carlos Arroyo,Daequan Cook,Dorell Wright,Jamaal Magloire,Udonis Haslem,D.J. Augustin,DeSagana Diop,Derrick Brown,Ronald Murray,Stephen Graham,4,10:07,CHA,turnover,,,,,,,,,,Derrick Brown,,,bad pass,,Daequan Cook,,,
Carlos Arroyo,Daequan Cook,Dorell Wright,Jamaal Magloire,Udonis Haslem,D.J. Augustin,DeSagana Diop,Derrick Brown,Ronald Murray,Stephen Graham,4,9:59,MIA,shot,Carlos Arroyo,,,,,,,,,Dorell Wright,2,,,made,,layup,25,6
Carlos Arroyo,Daequan Cook,Dorell Wright,Jamaal Magloire,Udonis Haslem,D.J. Augustin,DeSagana Diop,Derrick Brown,Ronald Murray,Stephen Graham,4,9:43,CHA,shot,,,,,,,,,,Stephen Graham,2,,,made,,jump,8,12
Carlos Arroyo,Daequan Cook,Dorell Wright,Jamaal Magloire,Udonis Haslem,D.J. Augustin,DeSagana Diop,Derrick Brown,Ronald Murray,Stephen Graham,4,9:20,MIA,shot,,,,,,,,,,Udonis Haslem,,,,missed,,jump,26,25
Carlos Arroyo,Daequan Cook,Dorell Wright,Jamaal Magloire,Udonis Haslem,D.J. Augustin,DeSagana Diop,Derrick Brown,Ronald Murray,Stephen Graham,4,9:19,CHA,rebound,,,,,,,,,,Ronald Murray,,,,,,def,,
Carlos Arroyo,Daequan Cook,Dorell Wright,Jamaal Magloire,Udonis Haslem,D.J. Augustin,DeSagana Diop,Derrick Brown,Ronald Murray,Stephen Graham,4,9:18,CHA,shot,,,,,,,,,,Ronald Murray,2,,,made,,jump,23,13
Carlos Arroyo,Daequan Cook,Dorell Wright,Jamaal Magloire,Udonis Haslem,D.J. Augustin,DeSagana Diop,Derrick Brown,Ronald Murray,Stephen Graham,4,9:18,MIA,foul,,,,,,,,Ronald Murray,,Udonis Haslem,,,,,,shooting,,
Carlos Arroyo,Daequan Cook,Dorell Wright,Jamaal Magloire,Udonis Haslem,D.J. Augustin,DeSagana Diop,Derrick Brown,Ronald Murray,Stephen Graham,4,9:18,CHA,free throw,,,,,,,1,,1,Ronald Murray,,,foul,made,,,,
Carlos Arroyo,Daequan Cook,Dorell Wright,Jamaal Magloire,Udonis Haslem,D.J. Augustin,DeSagana Diop,Derrick Brown,Ronald Murray,Stephen Graham,4,9:02,CHA,foul,,,,,,,,Jamaal Magloire,,DeSagana Diop,,,,,,shooting,,
Carlos Arroyo,Daequan Cook,Dorell Wright,Jamaal Magloire,Udonis Haslem,D.J. Augustin,DeSagana Diop,Derrick Brown,Gerald Henderson,Stephen Graham,4,9:02,CHA,sub,,,,Gerald Henderson,,Ronald Murray,,,,,,,,,,,,
Carlos Arroyo,Daequan Cook,Dorell Wright,Jamaal Magloire,Udonis Haslem,D.J. Augustin,DeSagana Diop,Derrick Brown,Gerald Henderson,Stephen Graham,4,9:02,MIA,free throw,,,,,,,1,,2,Jamaal Magloire,,,foul,missed,,,,
Carlos Arroyo,Daequan Cook,Dorell Wright,Jamaal Magloire,Udonis Haslem,D.J. Augustin,DeSagana Diop,Derrick Brown,Gerald Henderson,Stephen Graham,4,9:02,MIA,rebound,,,,,,,,,,,,,,,,,,
Carlos Arroyo,Daequan Cook,Dorell Wright,Jamaal Magloire,Udonis Haslem,D.J. Augustin,DeSagana Diop,Derrick Brown,Gerald Henderson,Stephen Graham,4,9:02,MIA,free throw,,,,,,,2,,2,Jamaal Magloire,,,foul,missed,,,,
Carlos Arroyo,Daequan Cook,Dorell Wright,Jamaal Magloire,Udonis Haslem,D.J. Augustin,DeSagana Diop,Derrick Brown,Gerald Henderson,Stephen Graham,4,9:00,CHA,rebound,,,,,,,,,,D.J. Augustin,,,,,,def,,
Carlos Arroyo,Daequan Cook,Dorell Wright,Jamaal Magloire,Udonis Haslem,D.J. Augustin,DeSagana Diop,Derrick Brown,Gerald Henderson,Stephen Graham,4,8:46,CHA,shot,,,,,,,,,,Stephen Graham,,,,missed,,jump,23,26
Carlos Arroyo,Daequan Cook,Dorell Wright,Jamaal Magloire,Udonis Haslem,D.J. Augustin,DeSagana Diop,Derrick Brown,Gerald Henderson,Stephen Graham,4,8:45,MIA,rebound,,,,,,,,,,Daequan Cook,,,,,,def,,
Carlos Arroyo,Daequan Cook,Dorell Wright,Jamaal Magloire,Udonis Haslem,D.J. Augustin,DeSagana Diop,Derrick Brown,Gerald Henderson,Stephen Graham,4,8:35,CHA,foul,,,,,,,,Udonis Haslem,,DeSagana Diop,,,,,,shooting,,
Carlos Arroyo,Daequan Cook,Dorell Wright,Jamaal Magloire,Udonis Haslem,D.J. Augustin,DeSagana Diop,Derrick Brown,Gerald Henderson,Stephen Graham,4,8:35,MIA,timeout,,,,,,,,,,,,,,,,official,,
Carlos Arroyo,Daequan Cook,Dorell Wright,Jamaal Magloire,Udonis Haslem,D.J. Augustin,DeSagana Diop,Derrick Brown,Gerald Henderson,Stephen Graham,4,8:35,MIA,free throw,,,,,,,1,,2,Udonis Haslem,,,foul,made,,,,
Carlos Arroyo,Daequan Cook,Dorell Wright,Jamaal Magloire,Udonis Haslem,D.J. Augustin,Derrick Brown,Gerald Henderson,Nazr Mohammed,Stephen Graham,4,8:35,CHA,sub,,,,Nazr Mohammed,,DeSagana Diop,,,,,,,,,,,,
Carlos Arroyo,Daequan Cook,Dorell Wright,Jamaal Magloire,Udonis Haslem,D.J. Augustin,Derrick Brown,Gerald Henderson,Nazr Mohammed,Stephen Graham,4,8:35,MIA,free throw,,,,,,,2,,2,Udonis Haslem,,,foul,missed,,,,
Carlos Arroyo,Daequan Cook,Dorell Wright,Jamaal Magloire,Udonis Haslem,D.J. Augustin,Derrick Brown,Gerald Henderson,Nazr Mohammed,Stephen Graham,4,8:33,CHA,rebound,,,,,,,,,,Gerald Henderson,,,,,,def,,
Carlos Arroyo,Daequan Cook,Dorell Wright,Jamaal Magloire,Udonis Haslem,D.J. Augustin,Derrick Brown,Gerald Henderson,Nazr Mohammed,Stephen Graham,4,8:17,CHA,turnover,,,,,,,,,,Nazr Mohammed,,,3 second violation,,,,,
Carlos Arroyo,Daequan Cook,Dorell Wright,Jamaal Magloire,Udonis Haslem,Acie Law,D.J. Augustin,Derrick Brown,Gerald Henderson,Stephen Graham,4,8:17,CHA,sub,,,,Acie Law,,Nazr Mohammed,,,,,,,,,,,,
Carlos Arroyo,Daequan Cook,Dorell Wright,Jamaal Magloire,Udonis Haslem,Acie Law,D.J. Augustin,Derrick Brown,Gerald Henderson,Stephen Graham,4,7:52,MIA,shot,,,,,,,,,,Carlos Arroyo,,,,missed,,jump,11,9
Carlos Arroyo,Daequan Cook,Dorell Wright,Jamaal Magloire,Udonis Haslem,Acie Law,D.J. Augustin,Derrick Brown,Gerald Henderson,Stephen Graham,4,7:49,MIA,rebound,,,,,,,,,,Dorell Wright,,,,,,off,,
Carlos Arroyo,Daequan Cook,Dorell Wright,Jamaal Magloire,Udonis Haslem,Acie Law,D.J. Augustin,Derrick Brown,Gerald Henderson,Stephen Graham,4,7:43,CHA,foul,,,,,,,,Jamaal Magloire,,Gerald Henderson,,,,,,personal,,
Carlos Arroyo,Daequan Cook,Dorell Wright,Jamaal Magloire,Udonis Haslem,Acie Law,D.J. Augustin,Derrick Brown,Gerald Henderson,Stephen Graham,4,7:34,MIA,shot,,,,,,,,,,Daequan Cook,,,,missed,,3pt,41,25
Carlos Arroyo,Daequan Cook,Dorell Wright,Jamaal Magloire,Udonis Haslem,Acie Law,D.J. Augustin,Derrick Brown,Gerald Henderson,Stephen Graham,4,7:32,MIA,rebound,,,,,,,,,,Jamaal Magloire,,,,,,off,,
Carlos Arroyo,Daequan Cook,Dorell Wright,Jamaal Magloire,Udonis Haslem,Acie Law,D.J. Augustin,Derrick Brown,Gerald Henderson,Stephen Graham,4,7:22,MIA,shot,,,,,,,,,,Carlos Arroyo,2,,,made,,driving layup,25,6
Carlos Arroyo,Daequan Cook,Dorell Wright,Jamaal Magloire,Udonis Haslem,Acie Law,D.J. Augustin,Derrick Brown,Gerald Henderson,Stephen Graham,4,6:55,CHA,shot,,,,,,,,,,Gerald Henderson,,,,missed,,jump,11,11
Carlos Arroyo,Daequan Cook,Dorell Wright,Jamaal Magloire,Udonis Haslem,Acie Law,D.J. Augustin,Derrick Brown,Gerald Henderson,Stephen Graham,4,6:55,MIA,rebound,,,,,,,,,,,,,,,,,,
Carlos Arroyo,Daequan Cook,Dorell Wright,Jamaal Magloire,Udonis Haslem,Acie Law,D.J. Augustin,Derrick Brown,Gerald Henderson,Stephen Graham,4,6:55,CHA,foul,,,,,,,,Udonis Haslem,,Stephen Graham,,,,,,loose ball,,
Carlos Arroyo,Daequan Cook,Dorell Wright,Jamaal Magloire,Udonis Haslem,Acie Law,D.J. Augustin,Derrick Brown,Gerald Henderson,Stephen Graham,4,6:55,MIA,free throw,,,,,,,1,,2,Udonis Haslem,,,foul,made,,,,
Carlos Arroyo,Daequan Cook,Dorell Wright,Jamaal Magloire,Udonis Haslem,Acie Law,D.J. Augustin,Derrick Brown,Gerald Henderson,Stephen Graham,4,6:55,MIA,free throw,,,,,,,2,,2,Udonis Haslem,,,foul,made,,,,
Carlos Arroyo,Daequan Cook,Dorell Wright,Jamaal Magloire,Udonis Haslem,Acie Law,D.J. Augustin,Derrick Brown,Gerald Henderson,Stephen Graham,4,6:39,CHA,shot,,,,,,,,,,Acie Law,2,,,made,,driving reverse layup,25,6
Carlos Arroyo,Daequan Cook,Dorell Wright,Jamaal Magloire,Udonis Haslem,Acie Law,D.J. Augustin,Derrick Brown,Gerald Henderson,Stephen Graham,4,6:13,MIA,turnover,,,,,,,,,,Dorell Wright,,,bad pass,,D.J. Augustin,,,
Carlos Arroyo,Daequan Cook,Dorell Wright,Jamaal Magloire,Udonis Haslem,Acie Law,D.J. Augustin,Derrick Brown,Gerald Henderson,Stephen Graham,4,6:13,MIA,foul,,,,,,,,Acie Law,,Carlos Arroyo,,,,,,personal,,
Carlos Arroyo,Daequan Cook,Dorell Wright,Jamaal Magloire,Udonis Haslem,Acie Law,D.J. Augustin,Derrick Brown,Gerald Henderson,Stephen Graham,4,5:59,CHA,shot,D.J. Augustin,,,,,,,,,Stephen Graham,2,,,made,,jump,24,25
Carlos Arroyo,Daequan Cook,Dorell Wright,Jamaal Magloire,Udonis Haslem,Acie Law,D.J. Augustin,Derrick Brown,Gerald Henderson,Stephen Graham,4,5:56,MIA,timeout,,,,,,,,,,,,,,,,regular,,
Carlos Arroyo,Daequan Cook,Jamaal Magloire,Mario Chalmers,Udonis Haslem,Acie Law,D.J. Augustin,Derrick Brown,Gerald Henderson,Stephen Graham,4,5:56,MIA,sub,,,,Mario Chalmers,,Dorell Wright,,,,,,,,,,,,
Carlos Arroyo,Daequan Cook,Jamaal Magloire,Mario Chalmers,Udonis Haslem,Acie Law,D.J. Augustin,Derrick Brown,Gerald Henderson,Stephen Graham,4,5:42,MIA,turnover,,,,,,,,,,Carlos Arroyo,,,traveling,,,,,
Carlos Arroyo,Daequan Cook,Jamaal Magloire,Mario Chalmers,Udonis Haslem,Acie Law,D.J. Augustin,Derrick Brown,Gerald Henderson,Stephen Graham,4,5:26,CHA,shot,,,,,,,,,,Derrick Brown,,,,missed,,running layup,25,6
Carlos Arroyo,Daequan Cook,Jamaal Magloire,Mario Chalmers,Udonis Haslem,Acie Law,D.J. Augustin,Derrick Brown,Gerald Henderson,Stephen Graham,4,5:24,CHA,rebound,,,,,,,,,,Stephen Graham,,,,,,off,,
Carlos Arroyo,Daequan Cook,Jamaal Magloire,Mario Chalmers,Udonis Haslem,Acie Law,D.J. Augustin,Derrick Brown,Gerald Henderson,Stephen Graham,4,5:24,CHA,shot,,,,,,,,,,Stephen Graham,2,,,made,,tip,25,6
Carlos Arroyo,Daequan Cook,Jamaal Magloire,Mario Chalmers,Udonis Haslem,Acie Law,D.J. Augustin,Derrick Brown,Gerald Henderson,Stephen Graham,4,5:01,MIA,shot,,,,,,,,,,Daequan Cook,,,,missed,,3pt,17,30
Carlos Arroyo,Daequan Cook,Jamaal Magloire,Mario Chalmers,Udonis Haslem,Acie Law,D.J. Augustin,Derrick Brown,Gerald Henderson,Stephen Graham,4,5:00,CHA,rebound,,,,,,,,,,,,,,,,,,
Carlos Arroyo,Daequan Cook,Jamaal Magloire,Mario Chalmers,Udonis Haslem,Acie Law,D.J. Augustin,Derrick Brown,Gerald Henderson,Stephen Graham,4,4:46,CHA,shot,,,,,,,,,,D.J. Augustin,,,,missed,,jump,12,22
Carlos Arroyo,Daequan Cook,Jamaal Magloire,Mario Chalmers,Udonis Haslem,Acie Law,D.J. Augustin,Derrick Brown,Gerald Henderson,Stephen Graham,4,4:45,CHA,rebound,,,,,,,,,,Derrick Brown,,,,,,off,,
Carlos Arroyo,Daequan Cook,Jamaal Magloire,Mario Chalmers,Udonis Haslem,Acie Law,D.J. Augustin,Derrick Brown,Gerald Henderson,Stephen Graham,4,4:45,CHA,shot,,,,,,,,,,Derrick Brown,2,,,made,,tip,25,6
Carlos Arroyo,Daequan Cook,Jamaal Magloire,Mario Chalmers,Udonis Haslem,Acie Law,D.J. Augustin,Derrick Brown,Gerald Henderson,Stephen Graham,4,4:26,CHA,violation,,,,,,,,,,Gerald Henderson,,,,,,kicked ball,,
Carlos Arroyo,Daequan Cook,Jamaal Magloire,Joel Anthony,Mario Chalmers,Acie Law,D.J. Augustin,Derrick Brown,Gerald Henderson,Stephen Graham,4,4:26,MIA,sub,,,,Joel Anthony,,Udonis Haslem,,,,,,,,,,,,
Carlos Arroyo,Daequan Cook,Jamaal Magloire,Joel Anthony,Mario Chalmers,Acie Law,D.J. Augustin,Derrick Brown,Gerald Henderson,Stephen Graham,4,4:21,MIA,shot,,,,,,,,,,Daequan Cook,,,,missed,,jump,33,24
Carlos Arroyo,Daequan Cook,Jamaal Magloire,Joel Anthony,Mario Chalmers,Acie Law,D.J. Augustin,Derrick Brown,Gerald Henderson,Stephen Graham,4,4:19,CHA,rebound,,,,,,,,,,D.J. Augustin,,,,,,def,,
Carlos Arroyo,Daequan Cook,Jamaal Magloire,Joel Anthony,Mario Chalmers,Acie Law,D.J. Augustin,Derrick Brown,Gerald Henderson,Stephen Graham,4,4:05,CHA,shot,,,,,,,,,,Acie Law,,,,missed,,jump,30,14
Carlos Arroyo,Daequan Cook,Jamaal Magloire,Joel Anthony,Mario Chalmers,Acie Law,D.J. Augustin,Derrick Brown,Gerald Henderson,Stephen Graham,4,4:04,MIA,rebound,,,,,,,,,,Jamaal Magloire,,,,,,def,,
Carlos Arroyo,Daequan Cook,Jamaal Magloire,Joel Anthony,Mario Chalmers,Acie Law,D.J. Augustin,Derrick Brown,Gerald Henderson,Stephen Graham,4,3:57,MIA,shot,,,,,,,,,,Mario Chalmers,,,,missed,,3pt,11,28
Carlos Arroyo,Daequan Cook,Jamaal Magloire,Joel Anthony,Mario Chalmers,Acie Law,D.J. Augustin,Derrick Brown,Gerald Henderson,Stephen Graham,4,3:55,CHA,rebound,,,,,,,,,,Derrick Brown,,,,,,def,,
Carlos Arroyo,Daequan Cook,Jamaal Magloire,Joel Anthony,Mario Chalmers,Acie Law,D.J. Augustin,Derrick Brown,Gerald Henderson,Stephen Graham,4,3:39,CHA,turnover,,,,,,,,,,Acie Law,,,bad pass,,Carlos Arroyo,,,
Carlos Arroyo,Daequan Cook,Jamaal Magloire,Joel Anthony,Mario Chalmers,Acie Law,D.J. Augustin,Derrick Brown,Gerald Henderson,Stephen Graham,4,3:34,MIA,shot,,,,,,,,,,Carlos Arroyo,,,,missed,,jump,36,21
Carlos Arroyo,Daequan Cook,Jamaal Magloire,Joel Anthony,Mario Chalmers,Acie Law,D.J. Augustin,Derrick Brown,Gerald Henderson,Stephen Graham,4,3:33,CHA,rebound,,,,,,,,,,Gerald Henderson,,,,,,def,,
Carlos Arroyo,Daequan Cook,Jamaal Magloire,Joel Anthony,Mario Chalmers,Acie Law,D.J. Augustin,Derrick Brown,Gerald Henderson,Stephen Graham,4,3:14,CHA,shot,,,,,,,,,,Acie Law,,,,missed,,3pt,10,28
Carlos Arroyo,Daequan Cook,Jamaal Magloire,Joel Anthony,Mario Chalmers,Acie Law,D.J. Augustin,Derrick Brown,Gerald Henderson,Stephen Graham,4,3:11,MIA,rebound,,,,,,,,,,Jamaal Magloire,,,,,,def,,
Carlos Arroyo,Daequan Cook,Jamaal Magloire,Joel Anthony,Mario Chalmers,Acie Law,D.J. Augustin,Derrick Brown,Gerald Henderson,Stephen Graham,4,3:01,MIA,foul,,,,,,,,Gerald Henderson,,Jamaal Magloire,,,,,,offensive,,
Carlos Arroyo,Daequan Cook,Jamaal Magloire,Joel Anthony,Mario Chalmers,Acie Law,D.J. Augustin,Derrick Brown,Gerald Henderson,Stephen Graham,4,3:01,MIA,turnover,,,,,,,,,,Jamaal Magloire,,,foul,,,,,
Carlos Arroyo,Daequan Cook,Jamaal Magloire,Joel Anthony,Mario Chalmers,Acie Law,D.J. Augustin,Derrick Brown,Gerald Henderson,Stephen Graham,4,2:52,CHA,shot,,,,,,,,,,Acie Law,,,,missed,,driving layup,25,6
Carlos Arroyo,Daequan Cook,Jamaal Magloire,Joel Anthony,Mario Chalmers,Acie Law,D.J. Augustin,Derrick Brown,Gerald Henderson,Stephen Graham,4,2:51,CHA,rebound,,,,,,,,,,,,,,,,,,
Carlos Arroyo,Daequan Cook,Jamaal Magloire,Joel Anthony,Mario Chalmers,Acie Law,D.J. Augustin,Derrick Brown,Gerald Henderson,Stephen Graham,4,2:51,CHA,timeout,,,,,,,,,,,,,,,,regular,,
Carlos Arroyo,Daequan Cook,Jamaal Magloire,Joel Anthony,Mario Chalmers,Acie Law,D.J. Augustin,Derrick Brown,Gerald Henderson,Stephen Graham,4,2:43,CHA,shot,,,Joel Anthony,,,,,,,Acie Law,,,,missed,,layup,25,6
Carlos Arroyo,Daequan Cook,Jamaal Magloire,Joel Anthony,Mario Chalmers,Acie Law,D.J. Augustin,Derrick Brown,Gerald Henderson,Stephen Graham,4,2:37,MIA,rebound,,,,,,,,,,Daequan Cook,,,,,,def,,
Carlos Arroyo,Daequan Cook,Jamaal Magloire,Joel Anthony,Mario Chalmers,Acie Law,D.J. Augustin,Derrick Brown,Gerald Henderson,Stephen Graham,4,2:18,MIA,shot,,,,,,,,,,Mario Chalmers,,,,missed,,3pt,37,30
Carlos Arroyo,Daequan Cook,Jamaal Magloire,Joel Anthony,Mario Chalmers,Acie Law,D.J. Augustin,Derrick Brown,Gerald Henderson,Stephen Graham,4,2:15,MIA,rebound,,,,,,,,,,Jamaal Magloire,,,,,,off,,
Carlos Arroyo,Daequan Cook,Jamaal Magloire,Joel Anthony,Mario Chalmers,Acie Law,D.J. Augustin,Derrick Brown,Gerald Henderson,Stephen Graham,4,2:15,CHA,foul,,,,,,,,Jamaal Magloire,,Gerald Henderson,,,,,,personal,,
Carlos Arroyo,Daequan Cook,Jamaal Magloire,Joel Anthony,Mario Chalmers,Acie Law,D.J. Augustin,Derrick Brown,Gerald Henderson,Stephen Graham,4,2:15,MIA,free throw,,,,,,,1,,2,Jamaal Magloire,,,foul,missed,,,,
Carlos Arroyo,Daequan Cook,Jamaal Magloire,Joel Anthony,Mario Chalmers,Acie Law,D.J. Augustin,Derrick Brown,Gerald Henderson,Stephen Graham,4,2:15,MIA,rebound,,,,,,,,,,,,,,,,,,
Carlos Arroyo,Daequan Cook,Jamaal Magloire,Joel Anthony,Mario Chalmers,Acie Law,D.J. Augustin,Derrick Brown,Gerald Henderson,Stephen Graham,4,2:15,MIA,free throw,,,,,,,2,,2,Jamaal Magloire,,,foul,missed,,,,
Carlos Arroyo,Daequan Cook,Jamaal Magloire,Joel Anthony,Mario Chalmers,Acie Law,D.J. Augustin,Derrick Brown,Gerald Henderson,Stephen Graham,4,2:13,CHA,rebound,,,,,,,,,,Gerald Henderson,,,,,,def,,
Carlos Arroyo,Daequan Cook,Jamaal Magloire,Joel Anthony,Mario Chalmers,Acie Law,D.J. Augustin,Derrick Brown,Gerald Henderson,Stephen Graham,4,1:54,CHA,shot,,,,,,,,,,Stephen Graham,,,,missed,,jump,9,9
Carlos Arroyo,Daequan Cook,Jamaal Magloire,Joel Anthony,Mario Chalmers,Acie Law,D.J. Augustin,Derrick Brown,Gerald Henderson,Stephen Graham,4,1:53,MIA,rebound,,,,,,,,,,Carlos Arroyo,,,,,,def,,
Carlos Arroyo,Daequan Cook,Jamaal Magloire,Joel Anthony,Mario Chalmers,Acie Law,D.J. Augustin,Derrick Brown,Gerald Henderson,Stephen Graham,4,1:44,MIA,shot,,,,,,,,,,Daequan Cook,,,,missed,,3pt,30,32
Carlos Arroyo,Daequan Cook,Jamaal Magloire,Joel Anthony,Mario Chalmers,Acie Law,D.J. Augustin,Derrick Brown,Gerald Henderson,Stephen Graham,4,1:44,MIA,rebound,,,,,,,,,,,,,,,,,,
Carlos Arroyo,Daequan Cook,Jamaal Magloire,Joel Anthony,Mario Chalmers,Acie Law,D.J. Augustin,Derrick Brown,Gerald Henderson,Stephen Graham,4,1:44,CHA,foul,,,,,,,,Joel Anthony,,Stephen Graham,,,,,,loose ball,,
Carlos Arroyo,Daequan Cook,Jamaal Magloire,Joel Anthony,Mario Chalmers,Acie Law,D.J. Augustin,Derrick Brown,Gerald Henderson,Stephen Graham,4,1:44,MIA,free throw,,,,,,,1,,2,Joel Anthony,,,foul,missed,,,,
Carlos Arroyo,Daequan Cook,Jamaal Magloire,Joel Anthony,Mario Chalmers,Acie Law,D.J. Augustin,Derrick Brown,Gerald Henderson,Stephen Graham,4,1:44,MIA,rebound,,,,,,,,,,,,,,,,,,
Carlos Arroyo,Daequan Cook,Jamaal Magloire,Joel Anthony,Mario Chalmers,Acie Law,D.J. Augustin,Derrick Brown,Gerald Henderson,Stephen Graham,4,1:44,MIA,free throw,,,,,,,2,,2,Joel Anthony,,,foul,made,,,,
Carlos Arroyo,Daequan Cook,Jamaal Magloire,Joel Anthony,Mario Chalmers,Acie Law,D.J. Augustin,Derrick Brown,Gerald Henderson,Stephen Graham,4,1:30,MIA,violation,,,,,,,,,,Daequan Cook,,,,,,kicked ball,,
Carlos Arroyo,Daequan Cook,Jamaal Magloire,Joel Anthony,Mario Chalmers,Acie Law,D.J. Augustin,Derrick Brown,Gerald Henderson,Stephen Graham,4,1:19,CHA,shot,,,,,,,,,,Derrick Brown,,,,missed,,layup,25,6
Carlos Arroyo,Daequan Cook,Jamaal Magloire,Joel Anthony,Mario Chalmers,Acie Law,D.J. Augustin,Derrick Brown,Gerald Henderson,Stephen Graham,4,1:17,MIA,rebound,,,,,,,,,,Joel Anthony,,,,,,def,,
Carlos Arroyo,Daequan Cook,Jamaal Magloire,Joel Anthony,Mario Chalmers,Acie Law,D.J. Augustin,Derrick Brown,Gerald Henderson,Stephen Graham,4,1:00,MIA,shot,,,,,,,,,,Mario Chalmers,,,,missed,,jump,43,10
Carlos Arroyo,Daequan Cook,Jamaal Magloire,Joel Anthony,Mario Chalmers,Acie Law,D.J. Augustin,Derrick Brown,Gerald Henderson,Stephen Graham,4,0:59,CHA,rebound,,,,,,,,,,Stephen Graham,,,,,,def,,
Carlos Arroyo,Daequan Cook,Jamaal Magloire,Joel Anthony,Mario Chalmers,Acie Law,D.J. Augustin,Derrick Brown,Gerald Henderson,Stephen Graham,4,0:46,MIA,foul,,,,,,,,Acie Law,,Jamaal Magloire,,,,,,shooting,,
Carlos Arroyo,Daequan Cook,Jamaal Magloire,Joel Anthony,Mario Chalmers,Acie Law,D.J. Augustin,Derrick Brown,Gerald Henderson,Stephen Graham,4,0:46,CHA,free throw,,,,,,,1,,2,Acie Law,,,foul,made,,,,
Carlos Arroyo,Daequan Cook,Jamaal Magloire,Joel Anthony,Mario Chalmers,Acie Law,D.J. Augustin,Derrick Brown,Gerald Henderson,Stephen Graham,4,0:46,CHA,free throw,,,,,,,2,,2,Acie Law,,,foul,made,,,,
Carlos Arroyo,Daequan Cook,Jamaal Magloire,Joel Anthony,Mario Chalmers,Acie Law,D.J. Augustin,Derrick Brown,Gerald Henderson,Stephen Graham,4,0:35,MIA,shot,,,,,,,,,,Carlos Arroyo,,,,missed,,jump,35,23
Carlos Arroyo,Daequan Cook,Jamaal Magloire,Joel Anthony,Mario Chalmers,Acie Law,D.J. Augustin,Derrick Brown,Gerald Henderson,Stephen Graham,4,0:34,MIA,rebound,,,,,,,,,,,,,,,,,,
Carlos Arroyo,Daequan Cook,Jamaal Magloire,Joel Anthony,Mario Chalmers,Acie Law,D.J. Augustin,Derrick Brown,Gerald Henderson,Stephen Graham,4,0:34,CHA,foul,,,,,,,,Joel Anthony,,Acie Law,,,,,,loose ball,,
Carlos Arroyo,Daequan Cook,Jamaal Magloire,Joel Anthony,Mario Chalmers,Acie Law,D.J. Augustin,Derrick Brown,Gerald Henderson,Stephen Graham,4,0:34,MIA,free throw,,,,,,,1,,2,Joel Anthony,,,foul,made,,,,
Carlos Arroyo,Daequan Cook,Jamaal Magloire,Joel Anthony,Mario Chalmers,Acie Law,D.J. Augustin,Derrick Brown,Gerald Henderson,Stephen Graham,4,0:34,MIA,free throw,,,,,,,2,,2,Joel Anthony,,,foul,made,,,,
Carlos Arroyo,Daequan Cook,Jamaal Magloire,Joel Anthony,Mario Chalmers,Acie Law,D.J. Augustin,Derrick Brown,Gerald Henderson,Stephen Graham,4,0:11,CHA,shot,,,,,,,,,,Acie Law,,,,missed,,layup,25,6
Carlos Arroyo,Daequan Cook,Jamaal Magloire,Joel Anthony,Mario Chalmers,Acie Law,D.J. Augustin,Derrick Brown,Gerald Henderson,Stephen Graham,4,0:09,MIA,rebound,,,,,,,,,,Jamaal Magloire,,,,,,def,,
