a1,a2,a3,a4,a5,h1,h2,h3,h4,h5,period,time,team,etype,assist,away,block,entered,home,left,num,opponent,outof,player,points,possession,reason,result,steal,type,x,y
Al Harrington,Danilo Gallinari,David Lee,Sergio Rodriguez,Tracy McGrady,Antawn Jamison,Anthony Parker,J.J. Hickson,LeBron James,Mo Williams,1,12:00,OFF,jump ball,,David Lee,,,J.J. Hickson,,,,,,,Antawn Jamison,,,,,,
Al Harrington,Danilo Gallinari,David Lee,Sergio Rodriguez,Tracy McGrady,Antawn Jamison,Anthony Parker,J.J. Hickson,LeBron James,Mo Williams,1,11:47,NYK,foul,,,,,,,,LeBron James,,Tracy McGrady,,,,,,shooting,,
Al Harrington,Danilo Gallinari,David Lee,Sergio Rodriguez,Tracy McGrady,Antawn Jamison,Anthony Parker,J.J. Hickson,LeBron James,Mo Williams,1,11:47,CLE,free throw,,,,,,,1,,2,LeBron James,,,foul,missed,,,,
Al Harrington,Danilo Gallinari,David Lee,Sergio Rodriguez,Tracy McGrady,Antawn Jamison,Anthony Parker,J.J. Hickson,LeBron James,Mo Williams,1,11:47,CLE,rebound,,,,,,,,,,,,,,,,,,
Al Harrington,Danilo Gallinari,David Lee,Sergio Rodriguez,Tracy McGrady,Antawn Jamison,Anthony Parker,J.J. Hickson,LeBron James,Mo Williams,1,11:47,CLE,free throw,,,,,,,2,,2,LeBron James,,,foul,missed,,,,
Al Harrington,Danilo Gallinari,David Lee,Sergio Rodriguez,Tracy McGrady,Antawn Jamison,Anthony Parker,J.J. Hickson,LeBron James,Mo Williams,1,11:46,NYK,rebound,,,,,,,,,,Al Harrington,,,,,,def,,
Al Harrington,Danilo Gallinari,David Lee,Sergio Rodriguez,Tracy McGrady,Antawn Jamison,Anthony Parker,J.J. Hickson,LeBron James,Mo Williams,1,11:35,NYK,shot,Sergio Rodriguez,,,,,,,,,Tracy McGrady,2,,,made,,jump,46,7
Al Harrington,Danilo Gallinari,David Lee,Sergio Rodriguez,Tracy McGrady,Antawn Jamison,Anthony Parker,J.J. Hickson,LeBron James,Mo Williams,1,11:24,CLE,foul,,,,,,,,Sergio Rodriguez,,J.J. Hickson,,,,,,offensive,,
Al Harrington,Danilo Gallinari,David Lee,Sergio Rodriguez,Tracy McGrady,Antawn Jamison,Anthony Parker,J.J. Hickson,LeBron James,Mo Williams,1,11:24,CLE,turnover,,,,,,,,,,J.J. Hickson,,,foul,,,,,
Al Harrington,Danilo Gallinari,David Lee,Sergio Rodriguez,Tracy McGrady,Antawn Jamison,Anthony Parker,J.J. Hickson,LeBron James,Mo Williams,1,11:09,NYK,shot,,,,,,,,,,Danilo Gallinari,,,,missed,,jump,10,15
Al Harrington,Danilo Gallinari,David Lee,Sergio Rodriguez,Tracy McGrady,Antawn Jamison,Anthony Parker,J.J. Hickson,LeBron James,Mo Williams,1,11:08,CLE,rebound,,,,,,,,,,LeBron James,,,,,,def,,
Al Harrington,Danilo Gallinari,David Lee,Sergio Rodriguez,Tracy McGrady,Antawn Jamison,Anthony Parker,J.J. Hickson,LeBron James,Mo Williams,1,11:01,CLE,shot,,,,,,,,,,LeBron James,2,,,made,,jump,32,23
Al Harrington,Danilo Gallinari,David Lee,Sergio Rodriguez,Tracy McGrady,Antawn Jamison,Anthony Parker,J.J. Hickson,LeBron James,Mo Williams,1,10:49,NYK,turnover,,,,,,,,,,Danilo Gallinari,,,out of bounds lost ball turnover,,,,,
Al Harrington,Danilo Gallinari,David Lee,Sergio Rodriguez,Tracy McGrady,Antawn Jamison,Anthony Parker,J.J. Hickson,LeBron James,Mo Williams,1,10:36,CLE,shot,Mo Williams,,,,,,,,,Antawn Jamison,2,,,made,,layup,26,6
Al Harrington,Danilo Gallinari,David Lee,Sergio Rodriguez,Tracy McGrady,Antawn Jamison,Anthony Parker,J.J. Hickson,LeBron James,Mo Williams,1,10:36,NYK,foul,,,,,,,,Antawn Jamison,,Danilo Gallinari,,,,,,shooting,,
Al Harrington,Danilo Gallinari,David Lee,Sergio Rodriguez,Tracy McGrady,Antawn Jamison,Anthony Parker,J.J. Hickson,LeBron James,Mo Williams,1,10:36,CLE,free throw,,,,,,,1,,1,Antawn Jamison,,,foul,missed,,,,
Al Harrington,Danilo Gallinari,David Lee,Sergio Rodriguez,Tracy McGrady,Antawn Jamison,Anthony Parker,J.J. Hickson,LeBron James,Mo Williams,1,10:34,NYK,rebound,,,,,,,,,,David Lee,,,,,,def,,
Al Harrington,Danilo Gallinari,David Lee,Sergio Rodriguez,Tracy McGrady,Antawn Jamison,Anthony Parker,J.J. Hickson,LeBron James,Mo Williams,1,10:23,NYK,shot,,,,,,,,,,Sergio Rodriguez,,,,missed,,jump,16,22
Al Harrington,Danilo Gallinari,David Lee,Sergio Rodriguez,Tracy McGrady,Antawn Jamison,Anthony Parker,J.J. Hickson,LeBron James,Mo Williams,1,10:22,CLE,rebound,,,,,,,,,,Antawn Jamison,,,,,,def,,
Al Harrington,Danilo Gallinari,David Lee,Sergio Rodriguez,Tracy McGrady,Antawn Jamison,Anthony Parker,J.J. Hickson,LeBron James,Mo Williams,1,10:16,CLE,shot,,,,,,,,,,LeBron James,2,,,made,,jump,33,23
Al Harrington,Danilo Gallinari,David Lee,Sergio Rodriguez,Tracy McGrady,Antawn Jamison,Anthony Parker,J.J. Hickson,LeBron James,Mo Williams,1,10:02,NYK,shot,,,,,,,,,,Sergio Rodriguez,,,,missed,,layup,24,7
Al Harrington,Danilo Gallinari,David Lee,Sergio Rodriguez,Tracy McGrady,Antawn Jamison,Anthony Parker,J.J. Hickson,LeBron James,Mo Williams,1,10:01,CLE,rebound,,,,,,,,,,Antawn Jamison,,,,,,def,,
Al Harrington,Danilo Gallinari,David Lee,Sergio Rodriguez,Tracy McGrady,Antawn Jamison,Anthony Parker,J.J. Hickson,LeBron James,Mo Williams,1,9:53,CLE,shot,LeBron James,,,,,,,,,Anthony Parker,3,,,made,,3pt,39,27
Al Harrington,Danilo Gallinari,David Lee,Sergio Rodriguez,Tracy McGrady,Antawn Jamison,Anthony Parker,J.J. Hickson,LeBron James,Mo Williams,1,9:40,NYK,shot,David Lee,,,,,,,,,Al Harrington,3,,,made,,3pt,37,29
Al Harrington,Danilo Gallinari,David Lee,Sergio Rodriguez,Tracy McGrady,Antawn Jamison,Anthony Parker,J.J. Hickson,LeBron James,Mo Williams,1,9:21,CLE,shot,Mo Williams,,,,,,,,,Antawn Jamison,2,,,made,,layup,25,6
Al Harrington,Danilo Gallinari,David Lee,Sergio Rodriguez,Tracy McGrady,Antawn Jamison,Anthony Parker,J.J. Hickson,LeBron James,Mo Williams,1,9:07,NYK,shot,,,,,,,,,,Al Harrington,2,,,made,,jump,22,23
Al Harrington,Danilo Gallinari,David Lee,Sergio Rodriguez,Tracy McGrady,Antawn Jamison,Anthony Parker,J.J. Hickson,LeBron James,Mo Williams,1,8:41,NYK,foul,,,,,,,,Mo Williams,,Danilo Gallinari,,,,,,shooting,,
Al Harrington,Danilo Gallinari,David Lee,Sergio Rodriguez,Tracy McGrady,Antawn Jamison,Anthony Parker,J.J. Hickson,LeBron James,Mo Williams,1,8:41,CLE,free throw,,,,,,,1,,2,Mo Williams,,,foul,missed,,,,
Al Harrington,Danilo Gallinari,David Lee,Sergio Rodriguez,Tracy McGrady,Antawn Jamison,Anthony Parker,J.J. Hickson,LeBron James,Mo Williams,1,8:41,CLE,rebound,,,,,,,,,,,,,,,,,,
Al Harrington,Bill Walker,David Lee,Sergio Rodriguez,Tracy McGrady,Antawn Jamison,Anthony Parker,J.J. Hickson,LeBron James,Mo Williams,1,8:41,NYK,sub,,,,Bill Walker,,Danilo Gallinari,,,,,,,,,,,,
Al Harrington,Bill Walker,David Lee,Sergio Rodriguez,Tracy McGrady,Antawn Jamison,Anthony Parker,J.J. Hickson,LeBron James,Mo Williams,1,8:41,CLE,free throw,,,,,,,2,,2,Mo Williams,,,foul,made,,,,
Al Harrington,Bill Walker,David Lee,Sergio Rodriguez,Tracy McGrady,Antawn Jamison,Anthony Parker,J.J. Hickson,LeBron James,Mo Williams,1,8:28,NYK,shot,,,,,,,,,,Al Harrington,,,,missed,,3pt,44,22
Al Harrington,Bill Walker,David Lee,Sergio Rodriguez,Tracy McGrady,Antawn Jamison,Anthony Parker,J.J. Hickson,LeBron James,Mo Williams,1,8:27,CLE,rebound,,,,,,,,,,Anthony Parker,,,,,,def,,
Al Harrington,Bill Walker,David Lee,Sergio Rodriguez,Tracy McGrady,Antawn Jamison,Anthony Parker,J.J. Hickson,LeBron James,Mo Williams,1,8:22,CLE,shot,,,,,,,,,,LeBron James,,,,missed,,jump,11,21
Al Harrington,Bill Walker,David Lee,Sergio Rodriguez,Tracy McGrady,Antawn Jamison,Anthony Parker,J.J. Hickson,LeBron James,Mo Williams,1,8:21,NYK,rebound,,,,,,,,,,David Lee,,,,,,def,,
Al Harrington,Bill Walker,David Lee,Sergio Rodriguez,Tracy McGrady,Antawn Jamison,Anthony Parker,J.J. Hickson,LeBron James,Mo Williams,1,8:14,NYK,turnover,,,,,,,,,,Tracy McGrady,,,lost ball,,Antawn Jamison,,,
Al Harrington,Bill Walker,David Lee,Sergio Rodriguez,Tracy McGrady,Antawn Jamison,Anthony Parker,J.J. Hickson,LeBron James,Mo Williams,1,8:11,CLE,shot,Mo Williams,,,,,,,,,LeBron James,2,,,made,,dunk,25,6
Al Harrington,Bill Walker,David Lee,Sergio Rodriguez,Tracy McGrady,Antawn Jamison,Anthony Parker,J.J. Hickson,LeBron James,Mo Williams,1,7:54,NYK,shot,,,,,,,,,,David Lee,,,,missed,,jump,19,25
Al Harrington,Bill Walker,David Lee,Sergio Rodriguez,Tracy McGrady,Antawn Jamison,Anthony Parker,J.J. Hickson,LeBron James,Mo Williams,1,7:53,CLE,rebound,,,,,,,,,,Antawn Jamison,,,,,,def,,
Al Harrington,Bill Walker,David Lee,Sergio Rodriguez,Tracy McGrady,Antawn Jamison,Anthony Parker,J.J. Hickson,LeBron James,Mo Williams,1,7:48,CLE,shot,,,,,,,,,,Mo Williams,3,,,made,,3pt,14,28
Al Harrington,Bill Walker,David Lee,Sergio Rodriguez,Tracy McGrady,Antawn Jamison,Anthony Parker,J.J. Hickson,LeBron James,Mo Williams,1,7:28,NYK,turnover,,,,,,,,,,Tracy McGrady,,,bad pass,,J.J. Hickson,,,
Al Harrington,Bill Walker,David Lee,Sergio Rodriguez,Tracy McGrady,Antawn Jamison,Anthony Parker,J.J. Hickson,LeBron James,Mo Williams,1,7:19,NYK,foul,,,,,,,,J.J. Hickson,,Al Harrington,,,,,,shooting,,
Al Harrington,Bill Walker,David Lee,Sergio Rodriguez,Tracy McGrady,Antawn Jamison,Anthony Parker,J.J. Hickson,LeBron James,Mo Williams,1,7:19,CLE,rebound,,,,,,,,,,,,,,,,,,
Al Harrington,Bill Walker,David Lee,Sergio Rodriguez,Tracy McGrady,Antawn Jamison,Anthony Parker,J.J. Hickson,LeBron James,Mo Williams,1,7:19,CLE,violation,,,,,,,,,,J.J. Hickson,,,,,,lane,,
Al Harrington,Bill Walker,David Lee,Sergio Rodriguez,Tracy McGrady,Antawn Jamison,Anthony Parker,J.J. Hickson,LeBron James,Mo Williams,1,7:19,CLE,free throw,,,,,,,2,,2,J.J. Hickson,,,foul,made,,,,
Al Harrington,Bill Walker,David Lee,Sergio Rodriguez,Tracy McGrady,Antawn Jamison,Anthony Parker,J.J. Hickson,LeBron James,Mo Williams,1,7:10,NYK,shot,Tracy McGrady,,,,,,,,,Bill Walker,2,,,made,,jump,28,17
Al Harrington,Bill Walker,David Lee,Sergio Rodriguez,Tracy McGrady,Antawn Jamison,Anthony Parker,J.J. Hickson,LeBron James,Mo Williams,1,7:03,CLE,turnover,,,,,,,,,,Anthony Parker,,,bad pass,,David Lee,,,
Al Harrington,Bill Walker,David Lee,Sergio Rodriguez,Tracy McGrady,Antawn Jamison,Anthony Parker,J.J. Hickson,LeBron James,Mo Williams,1,6:56,NYK,shot,Tracy McGrady,,,,,,,,,Bill Walker,2,,,made,,dunk,24,6
Al Harrington,Bill Walker,David Lee,Sergio Rodriguez,Tracy McGrady,Antawn Jamison,Anthony Parker,J.J. Hickson,LeBron James,Mo Williams,1,6:41,CLE,turnover,,,,,,,,,,Mo Williams,,,bad pass,,David Lee,,,
Al Harrington,Bill Walker,David Lee,Sergio Rodriguez,Tracy McGrady,Antawn Jamison,Anthony Parker,J.J. Hickson,LeBron James,Mo Williams,1,6:31,NYK,shot,Sergio Rodriguez,,,,,,,,,David Lee,2,,,made,,jump,26,20
Al Harrington,Bill Walker,David Lee,Sergio Rodriguez,Tracy McGrady,Antawn Jamison,Anthony Parker,J.J. Hickson,LeBron James,Mo Williams,1,6:13,CLE,shot,Mo Williams,,,,,,,,,LeBron James,3,,,made,,3pt,42,25
Al Harrington,Bill Walker,David Lee,Sergio Rodriguez,Tracy McGrady,Antawn Jamison,Anthony Parker,J.J. Hickson,LeBron James,Mo Williams,1,5:54,NYK,shot,,,,,,,,,,Al Harrington,,,,missed,,jump,28,21
Al Harrington,Bill Walker,David Lee,Sergio Rodriguez,Tracy McGrady,Antawn Jamison,Anthony Parker,J.J. Hickson,LeBron James,Mo Williams,1,5:53,CLE,rebound,,,,,,,,,,LeBron James,,,,,,def,,
Al Harrington,Bill Walker,David Lee,Sergio Rodriguez,Tracy McGrady,Antawn Jamison,Anthony Parker,J.J. Hickson,LeBron James,Mo Williams,1,5:47,CLE,shot,LeBron James,,,,,,,,,J.J. Hickson,2,,,made,,layup,25,8
Al Harrington,Bill Walker,David Lee,Sergio Rodriguez,Tracy McGrady,Antawn Jamison,Anthony Parker,J.J. Hickson,LeBron James,Mo Williams,1,5:33,NYK,shot,,,,,,,,,,Tracy McGrady,,,,missed,,jump,42,16
Al Harrington,Bill Walker,David Lee,Sergio Rodriguez,Tracy McGrady,Antawn Jamison,Anthony Parker,J.J. Hickson,LeBron James,Mo Williams,1,5:31,CLE,rebound,,,,,,,,,,J.J. Hickson,,,,,,def,,
Al Harrington,Bill Walker,David Lee,Sergio Rodriguez,Tracy McGrady,Antawn Jamison,Anthony Parker,J.J. Hickson,LeBron James,Mo Williams,1,5:27,CLE,shot,,,,,,,,,,LeBron James,,,,missed,,3pt,36,28
Al Harrington,Bill Walker,David Lee,Sergio Rodriguez,Tracy McGrady,Antawn Jamison,Anthony Parker,J.J. Hickson,LeBron James,Mo Williams,1,5:24,NYK,rebound,,,,,,,,,,Al Harrington,,,,,,def,,
Al Harrington,Bill Walker,David Lee,Sergio Rodriguez,Tracy McGrady,Antawn Jamison,Anthony Parker,J.J. Hickson,LeBron James,Mo Williams,1,5:18,NYK,shot,,,,,,,,,,Sergio Rodriguez,2,,,made,,layup,25,7
Al Harrington,Bill Walker,David Lee,Sergio Rodriguez,Tracy McGrady,Antawn Jamison,Anthony Parker,J.J. Hickson,LeBron James,Mo Williams,1,5:13,CLE,shot,Mo Williams,,,,,,,,,LeBron James,2,,,made,,driving dunk,26,6
Al Harrington,Bill Walker,David Lee,Sergio Rodriguez,Tracy McGrady,Antawn Jamison,Anthony Parker,J.J. Hickson,LeBron James,Mo Williams,1,4:58,NYK,shot,,,Mo Williams,,,,,,,Sergio Rodriguez,,,,missed,,jump,30,10
Al Harrington,Bill Walker,David Lee,Sergio Rodriguez,Tracy McGrady,Antawn Jamison,Anthony Parker,J.J. Hickson,LeBron James,Mo Williams,1,4:57,CLE,rebound,,,,,,,,,,J.J. Hickson,,,,,,def,,
Al Harrington,Bill Walker,David Lee,Sergio Rodriguez,Tracy McGrady,Antawn Jamison,Anthony Parker,J.J. Hickson,LeBron James,Mo Williams,1,4:54,CLE,turnover,,,,,,,,,,J.J. Hickson,,,bad pass,,Bill Walker,,,
Al Harrington,Bill Walker,David Lee,Sergio Rodriguez,Tracy McGrady,Antawn Jamison,Anthony Parker,J.J. Hickson,LeBron James,Mo Williams,1,4:54,NYK,timeout,,,,,,,,,,,,,,,,regular,,
Al Harrington,Bill Walker,David Lee,Eddie House,Tracy McGrady,Antawn Jamison,Anthony Parker,J.J. Hickson,LeBron James,Mo Williams,1,4:54,NYK,sub,,,,Eddie House,,Sergio Rodriguez,,,,,,,,,,,,
Al Harrington,Bill Walker,David Lee,Eddie House,Tracy McGrady,Antawn Jamison,Anthony Parker,J.J. Hickson,LeBron James,Mo Williams,1,4:40,NYK,shot,,,Anthony Parker,,,,,,,David Lee,,,,missed,,layup,25,8
Al Harrington,Bill Walker,David Lee,Eddie House,Tracy McGrady,Antawn Jamison,Anthony Parker,J.J. Hickson,LeBron James,Mo Williams,1,4:36,CLE,rebound,,,,,,,,,,Mo Williams,,,,,,def,,
Al Harrington,Bill Walker,David Lee,Eddie House,Tracy McGrady,Antawn Jamison,Anthony Parker,J.J. Hickson,LeBron James,Mo Williams,1,4:32,CLE,shot,Mo Williams,,,,,,,,,Anthony Parker,2,,,made,,layup,26,6
Al Harrington,Bill Walker,David Lee,Eddie House,Tracy McGrady,Antawn Jamison,Anthony Parker,J.J. Hickson,LeBron James,Mo Williams,1,4:24,NYK,shot,,,Antawn Jamison,,,,,,,David Lee,,,,missed,,layup,27,8
Al Harrington,Bill Walker,David Lee,Eddie House,Tracy McGrady,Antawn Jamison,Anthony Parker,J.J. Hickson,LeBron James,Mo Williams,1,4:24,NYK,rebound,,,,,,,,,,,,,,,,,,
Al Harrington,Bill Walker,David Lee,Eddie House,Tracy McGrady,Antawn Jamison,Anthony Parker,J.J. Hickson,LeBron James,Mo Williams,1,4:14,NYK,shot,Tracy McGrady,,,,,,,,,Al Harrington,2,,,made,,layup,25,8
Al Harrington,Bill Walker,David Lee,Eddie House,Tracy McGrady,Antawn Jamison,Anthony Parker,J.J. Hickson,LeBron James,Mo Williams,1,3:58,NYK,foul,,,,,,,,Anthony Parker,,Tracy McGrady,,,,,,personal,,
Al Harrington,Bill Walker,David Lee,Eddie House,Tracy McGrady,Antawn Jamison,Anthony Parker,Delonte West,J.J. Hickson,LeBron James,1,3:58,CLE,sub,,,,Delonte West,,Mo Williams,,,,,,,,,,,,
Al Harrington,Bill Walker,David Lee,Eddie House,Tracy McGrady,Antawn Jamison,Anthony Parker,Delonte West,J.J. Hickson,LeBron James,1,3:58,CLE,free throw,,,,,,,1,,2,J.J. Hickson,,,foul,made,,,,
Al Harrington,Bill Walker,David Lee,Eddie House,Jonathan Bender,Antawn Jamison,Anthony Parker,Delonte West,J.J. Hickson,LeBron James,1,3:58,NYK,sub,,,,Jonathan Bender,,Tracy McGrady,,,,,,,,,,,,
Al Harrington,Bill Walker,David Lee,Eddie House,Jonathan Bender,Antawn Jamison,Anthony Parker,Delonte West,J.J. Hickson,LeBron James,1,3:58,CLE,free throw,,,,,,,2,,2,J.J. Hickson,,,foul,made,,,,
Al Harrington,Bill Walker,David Lee,Eddie House,Jonathan Bender,Antawn Jamison,Anthony Parker,Delonte West,J.J. Hickson,LeBron James,1,3:46,NYK,shot,,,,,,,,,,Eddie House,,,,missed,,jump,10,22
Al Harrington,Bill Walker,David Lee,Eddie House,Jonathan Bender,Antawn Jamison,Anthony Parker,Delonte West,J.J. Hickson,LeBron James,1,3:45,CLE,rebound,,,,,,,,,,Antawn Jamison,,,,,,def,,
Al Harrington,Bill Walker,David Lee,Eddie House,Jonathan Bender,Antawn Jamison,Anthony Parker,Delonte West,J.J. Hickson,LeBron James,1,3:31,CLE,shot,,,,,,,,,,Antawn Jamison,,,,missed,,3pt,21,31
Al Harrington,Bill Walker,David Lee,Eddie House,Jonathan Bender,Antawn Jamison,Anthony Parker,Delonte West,J.J. Hickson,LeBron James,1,3:30,NYK,rebound,,,,,,,,,,Eddie House,,,,,,def,,
Al Harrington,Bill Walker,David Lee,Eddie House,Jonathan Bender,Antawn Jamison,Anthony Parker,Delonte West,J.J. Hickson,LeBron James,1,3:22,NYK,shot,,,,,,,,,,Bill Walker,,,,missed,,3pt,34,29
Al Harrington,Bill Walker,David Lee,Eddie House,Jonathan Bender,Antawn Jamison,Anthony Parker,Delonte West,J.J. Hickson,LeBron James,1,3:20,NYK,rebound,,,,,,,,,,David Lee,,,,,,off,,
Al Harrington,Bill Walker,David Lee,Eddie House,Jonathan Bender,Antawn Jamison,Anthony Parker,Delonte West,J.J. Hickson,LeBron James,1,3:18,NYK,shot,,,,,,,,,,David Lee,2,,,made,,putback layup,24,5
Al Harrington,Bill Walker,David Lee,Eddie House,Jonathan Bender,Antawn Jamison,Anthony Parker,Delonte West,J.J. Hickson,LeBron James,1,2:54,CLE,shot,,,,,,,,,,LeBron James,,,,missed,,jump,19,25
Al Harrington,Bill Walker,David Lee,Eddie House,Jonathan Bender,Antawn Jamison,Anthony Parker,Delonte West,J.J. Hickson,LeBron James,1,2:53,NYK,rebound,,,,,,,,,,David Lee,,,,,,def,,
Al Harrington,Bill Walker,David Lee,Eddie House,Jonathan Bender,Antawn Jamison,Anthony Parker,Delonte West,J.J. Hickson,LeBron James,1,2:44,NYK,shot,David Lee,,,,,,,,,Bill Walker,3,,,made,,3pt,48,13
Al Harrington,Bill Walker,David Lee,Eddie House,Jonathan Bender,Antawn Jamison,Anthony Parker,Delonte West,J.J. Hickson,LeBron James,1,2:27,CLE,shot,,,,,,,,,,Delonte West,2,,,made,,layup,26,8
Al Harrington,Bill Walker,David Lee,Eddie House,Jonathan Bender,Antawn Jamison,Anthony Parker,Delonte West,J.J. Hickson,LeBron James,1,2:14,NYK,shot,,,,,,,,,,Bill Walker,,,,missed,,3pt,40,27
Al Harrington,Bill Walker,David Lee,Eddie House,Jonathan Bender,Antawn Jamison,Anthony Parker,Delonte West,J.J. Hickson,LeBron James,1,2:13,CLE,rebound,,,,,,,,,,J.J. Hickson,,,,,,def,,
Al Harrington,Bill Walker,David Lee,Eddie House,Jonathan Bender,Antawn Jamison,Anthony Parker,Delonte West,J.J. Hickson,LeBron James,1,2:09,CLE,shot,J.J. Hickson,,,,,,,,,LeBron James,2,,,made,,dunk,26,6
Al Harrington,Bill Walker,David Lee,Eddie House,Jonathan Bender,Antawn Jamison,Anthony Parker,Delonte West,J.J. Hickson,LeBron James,1,1:55,NYK,shot,,,,,,,,,,Eddie House,,,,missed,,3pt,41,26
Al Harrington,Bill Walker,David Lee,Eddie House,Jonathan Bender,Antawn Jamison,Anthony Parker,Delonte West,J.J. Hickson,LeBron James,1,1:54,CLE,rebound,,,,,,,,,,J.J. Hickson,,,,,,def,,
Al Harrington,Bill Walker,David Lee,Eddie House,Jonathan Bender,Antawn Jamison,Anthony Parker,Delonte West,J.J. Hickson,LeBron James,1,1:48,CLE,shot,,,,,,,,,,Anthony Parker,,,,missed,,3pt,42,24
Al Harrington,Bill Walker,David Lee,Eddie House,Jonathan Bender,Antawn Jamison,Anthony Parker,Delonte West,J.J. Hickson,LeBron James,1,1:47,NYK,rebound,,,,,,,,,,Bill Walker,,,,,,def,,
Al Harrington,Bill Walker,David Lee,Eddie House,Jonathan Bender,Antawn Jamison,Anthony Parker,Delonte West,J.J. Hickson,LeBron James,1,1:32,NYK,shot,Al Harrington,,,,,,,,,Bill Walker,2,,,made,,driving layup,26,6
Al Harrington,Bill Walker,David Lee,Eddie House,Jonathan Bender,Antawn Jamison,Anthony Parker,Delonte West,J.J. Hickson,LeBron James,1,1:13,CLE,shot,,,,,,,,,,Delonte West,2,,,made,,driving dunk,25,7
Al Harrington,Bill Walker,David Lee,Eddie House,Jonathan Bender,Antawn Jamison,Anthony Parker,Delonte West,J.J. Hickson,LeBron James,1,1:12,NYK,timeout,,,,,,,,,,,,,,,,short,,
Al Harrington,Bill Walker,David Lee,Eddie House,Jonathan Bender,Antawn Jamison,Anthony Parker,Delonte West,J.J. Hickson,LeBron James,1,1:12,CLE,timeout,,,,,,,,,,,,,,,,regular,,
Al Harrington,Bill Walker,David Lee,Eddie House,Jonathan Bender,Anthony Parker,Delonte West,J.J. Hickson,Jamario Moon,LeBron James,1,1:12,CLE,sub,,,,Jamario Moon,,Antawn Jamison,,,,,,,,,,,,
Al Harrington,Bill Walker,David Lee,Eddie House,Jonathan Bender,Anderson Varejao,Anthony Parker,Delonte West,Jamario Moon,LeBron James,1,1:12,CLE,sub,,,,Anderson Varejao,,J.J. Hickson,,,,,,,,,,,,
Al Harrington,Bill Walker,David Lee,Eddie House,Jonathan Bender,Anderson Varejao,Delonte West,Jamario Moon,LeBron James,Leon Powe,1,1:12,CLE,sub,,,,Leon Powe,,Anthony Parker,,,,,,,,,,,,
Al Harrington,Bill Walker,David Lee,Eddie House,Jonathan Bender,Anderson Varejao,Delonte West,Jamario Moon,LeBron James,Leon Powe,1,0:53,NYK,shot,,,,,,,,,,Al Harrington,,,,missed,,layup,25,7
Al Harrington,Bill Walker,David Lee,Eddie House,Jonathan Bender,Anderson Varejao,Delonte West,Jamario Moon,LeBron James,Leon Powe,1,0:52,CLE,rebound,,,,,,,,,,LeBron James,,,,,,def,,
Al Harrington,Bill Walker,David Lee,Eddie House,Jonathan Bender,Anderson Varejao,Delonte West,Jamario Moon,LeBron James,Leon Powe,1,0:38,CLE,shot,,,,,,,,,,Anderson Varejao,,,,missed,,fade away jumper,26,15
Al Harrington,Bill Walker,David Lee,Eddie House,Jonathan Bender,Anderson Varejao,Delonte West,Jamario Moon,LeBron James,Leon Powe,1,0:35,NYK,rebound,,,,,,,,,,David Lee,,,,,,def,,
Al Harrington,Bill Walker,David Lee,Eddie House,Jonathan Bender,Anderson Varejao,Delonte West,Jamario Moon,LeBron James,Leon Powe,1,0:29,NYK,shot,Eddie House,,,,,,,,,David Lee,2,,,made,,jump,41,16
Al Harrington,Bill Walker,David Lee,Eddie House,Jonathan Bender,Anderson Varejao,Delonte West,Jamario Moon,LeBron James,Leon Powe,1,0:15,NYK,foul,,,,,,,,,,David Lee,,,,,,defense 3 second,,
Al Harrington,Bill Walker,David Lee,Eddie House,Jonathan Bender,Anderson Varejao,Delonte West,Jamario Moon,LeBron James,Leon Powe,1,0:15,CLE,free throw,,,,,,,1,,1,LeBron James,,,technical,made,,,,
Bill Walker,David Lee,Eddie House,Jonathan Bender,Toney Douglas,Anderson Varejao,Delonte West,Jamario Moon,LeBron James,Leon Powe,1,0:15,NYK,sub,,,,Toney Douglas,,Al Harrington,,,,,,,,,,,,
Bill Walker,David Lee,Eddie House,Jonathan Bender,Toney Douglas,Anderson Varejao,Delonte West,Jamario Moon,LeBron James,Leon Powe,1,0:02,CLE,shot,Delonte West,,,,,,,,,Anderson Varejao,2,,,made,,running bank hook,28,15
Bill Walker,David Lee,Eddie House,Jonathan Bender,Toney Douglas,Anderson Varejao,Delonte West,Jamario Moon,LeBron James,Leon Powe,1,0:00,NYK,shot,,,,,,,,,,Toney Douglas,,,,missed,,3pt,36,40
Bill Walker,David Lee,Eddie House,Jonathan Bender,Toney Douglas,Anderson Varejao,Delonte West,Jamario Moon,LeBron James,Leon Powe,1,0:00,NYK,rebound,,,,,,,,,,,,,,,,,,
Bill Walker,David Lee,Eddie House,Jonathan Bender,Toney Douglas,Anderson Varejao,Delonte West,Jamario Moon,Leon Powe,Mo Williams,2,11:44,NYK,jump ball,,Jonathan Bender,,,Leon Powe,,,,,,,Jamario Moon,,,,,,
Bill Walker,David Lee,Eddie House,Jonathan Bender,Toney Douglas,Anderson Varejao,Delonte West,Jamario Moon,Leon Powe,Mo Williams,2,11:44,NYK,turnover,,,,,,,,,,Jonathan Bender,,,lost ball,,Leon Powe,,,
Bill Walker,David Lee,Eddie House,Jonathan Bender,Toney Douglas,Anderson Varejao,Delonte West,Jamario Moon,Leon Powe,Mo Williams,2,11:16,CLE,shot,,,,,,,,,,Mo Williams,,,,missed,,jump,32,15
Bill Walker,David Lee,Eddie House,Jonathan Bender,Toney Douglas,Anderson Varejao,Delonte West,Jamario Moon,Leon Powe,Mo Williams,2,11:15,NYK,rebound,,,,,,,,,,David Lee,,,,,,def,,
Bill Walker,David Lee,Eddie House,Jonathan Bender,Toney Douglas,Anderson Varejao,Delonte West,Jamario Moon,Leon Powe,Mo Williams,2,11:01,NYK,shot,,,,,,,,,,David Lee,,,,missed,,jump,38,18
Bill Walker,David Lee,Eddie House,Jonathan Bender,Toney Douglas,Anderson Varejao,Delonte West,Jamario Moon,Leon Powe,Mo Williams,2,11:00,CLE,rebound,,,,,,,,,,Jamario Moon,,,,,,def,,
Bill Walker,David Lee,Eddie House,Jonathan Bender,Toney Douglas,Anderson Varejao,Delonte West,Jamario Moon,Leon Powe,Mo Williams,2,10:57,CLE,shot,Mo Williams,,,,,,,,,Leon Powe,2,,,made,,layup,25,7
Bill Walker,David Lee,Eddie House,Jonathan Bender,Toney Douglas,Anderson Varejao,Delonte West,Jamario Moon,Leon Powe,Mo Williams,2,10:57,NYK,foul,,,,,,,,Leon Powe,,Bill Walker,,,,,,shooting,,
Bill Walker,David Lee,Eddie House,Jonathan Bender,Toney Douglas,Anderson Varejao,Delonte West,Jamario Moon,Leon Powe,Mo Williams,2,10:57,CLE,free throw,,,,,,,1,,1,Leon Powe,,,foul,made,,,,
Bill Walker,David Lee,Eddie House,Jonathan Bender,Toney Douglas,Anderson Varejao,Delonte West,Jamario Moon,Leon Powe,Mo Williams,2,10:50,NYK,shot,Eddie House,,,,,,,,,David Lee,2,,,made,,finger roll layup,25,6
Bill Walker,David Lee,Eddie House,Jonathan Bender,Toney Douglas,Anderson Varejao,Delonte West,Jamario Moon,Leon Powe,Mo Williams,2,10:50,CLE,foul,,,,,,,,David Lee,,Mo Williams,,,,,,shooting,,
Bill Walker,David Lee,Eddie House,Jonathan Bender,Toney Douglas,Anderson Varejao,Delonte West,Jamario Moon,Leon Powe,Mo Williams,2,10:50,NYK,free throw,,,,,,,1,,1,David Lee,,,foul,made,,,,
Bill Walker,David Lee,Eddie House,Jonathan Bender,Toney Douglas,Anderson Varejao,Delonte West,Jamario Moon,Leon Powe,Mo Williams,2,10:40,NYK,foul,,,,,,,,,,David Lee,,,,,,defense 3 second,,
Bill Walker,David Lee,Eddie House,Jonathan Bender,Toney Douglas,Anderson Varejao,Delonte West,Jamario Moon,Leon Powe,Mo Williams,2,10:40,CLE,free throw,,,,,,,1,,1,Mo Williams,,,technical,made,,,,
Bill Walker,David Lee,Eddie House,Jonathan Bender,Toney Douglas,Anderson Varejao,Delonte West,Jamario Moon,Leon Powe,Mo Williams,2,10:30,CLE,shot,,,,,,,,,,Delonte West,,,,missed,,turnaround jump,41,11
Bill Walker,David Lee,Eddie House,Jonathan Bender,Toney Douglas,Anderson Varejao,Delonte West,Jamario Moon,Leon Powe,Mo Williams,2,10:28,CLE,rebound,,,,,,,,,,Anderson Varejao,,,,,,off,,
Bill Walker,David Lee,Eddie House,Jonathan Bender,Toney Douglas,Anderson Varejao,Delonte West,Jamario Moon,Leon Powe,Mo Williams,2,10:28,CLE,shot,,,,,,,,,,Anderson Varejao,,,,missed,,tip,26,7
Bill Walker,David Lee,Eddie House,Jonathan Bender,Toney Douglas,Anderson Varejao,Delonte West,Jamario Moon,Leon Powe,Mo Williams,2,10:25,NYK,rebound,,,,,,,,,,Jonathan Bender,,,,,,def,,
Bill Walker,David Lee,Eddie House,Jonathan Bender,Toney Douglas,Anderson Varejao,Delonte West,Jamario Moon,Leon Powe,Mo Williams,2,10:15,NYK,shot,,,,,,,,,,Jonathan Bender,,,,missed,,3pt,6,21
Bill Walker,David Lee,Eddie House,Jonathan Bender,Toney Douglas,Anderson Varejao,Delonte West,Jamario Moon,Leon Powe,Mo Williams,2,10:14,CLE,rebound,,,,,,,,,,Anderson Varejao,,,,,,def,,
Bill Walker,David Lee,Eddie House,Jonathan Bender,Toney Douglas,Anderson Varejao,Delonte West,Jamario Moon,Leon Powe,Mo Williams,2,10:01,CLE,shot,,,Jonathan Bender,,,,,,,Leon Powe,,,,missed,,layup,27,8
Bill Walker,David Lee,Eddie House,Jonathan Bender,Toney Douglas,Anderson Varejao,Delonte West,Jamario Moon,Leon Powe,Mo Williams,2,9:59,CLE,rebound,,,,,,,,,,Delonte West,,,,,,off,,
Bill Walker,David Lee,Eddie House,Jonathan Bender,Toney Douglas,Anderson Varejao,Delonte West,Jamario Moon,Leon Powe,Mo Williams,2,9:58,CLE,shot,,,,,,,,,,Delonte West,,,,missed,,layup,25,6
Bill Walker,David Lee,Eddie House,Jonathan Bender,Toney Douglas,Anderson Varejao,Delonte West,Jamario Moon,Leon Powe,Mo Williams,2,9:56,NYK,rebound,,,,,,,,,,Bill Walker,,,,,,def,,
Bill Walker,David Lee,Eddie House,Jonathan Bender,Toney Douglas,Anderson Varejao,Delonte West,Jamario Moon,Leon Powe,Mo Williams,2,9:39,NYK,shot,David Lee,,,,,,,,,Bill Walker,2,,,made,,layup,24,7
Bill Walker,David Lee,Eddie House,Jonathan Bender,Toney Douglas,Anderson Varejao,Delonte West,Jamario Moon,Leon Powe,Mo Williams,2,9:20,CLE,shot,,,,,,,,,,Mo Williams,,,,missed,,3pt,44,21
Bill Walker,David Lee,Eddie House,Jonathan Bender,Toney Douglas,Anderson Varejao,Delonte West,Jamario Moon,Leon Powe,Mo Williams,2,9:19,CLE,rebound,,,,,,,,,,Anderson Varejao,,,,,,off,,
Bill Walker,David Lee,Eddie House,Jonathan Bender,Toney Douglas,Anderson Varejao,Delonte West,Jamario Moon,Leon Powe,Mo Williams,2,9:03,CLE,shot,,,,,,,,,,Leon Powe,,,,missed,,layup,25,7
Bill Walker,David Lee,Eddie House,Jonathan Bender,Toney Douglas,Anderson Varejao,Delonte West,Jamario Moon,Leon Powe,Mo Williams,2,9:01,CLE,rebound,,,,,,,,,,Leon Powe,,,,,,off,,
Bill Walker,David Lee,Eddie House,Jonathan Bender,Toney Douglas,Anderson Varejao,Delonte West,Jamario Moon,Leon Powe,Mo Williams,2,9:00,CLE,shot,,,,,,,,,,Leon Powe,2,,,made,,putback layup,24,5
Bill Walker,David Lee,Eddie House,Jonathan Bender,Toney Douglas,Anderson Varejao,Delonte West,Jamario Moon,Leon Powe,Mo Williams,2,8:44,NYK,shot,,,,,,,,,,Jonathan Bender,,,,missed,,jump,7,7
Bill Walker,David Lee,Eddie House,Jonathan Bender,Toney Douglas,Anderson Varejao,Delonte West,Jamario Moon,Leon Powe,Mo Williams,2,8:42,CLE,rebound,,,,,,,,,,Delonte West,,,,,,def,,
Bill Walker,David Lee,Eddie House,Jonathan Bender,Toney Douglas,Anderson Varejao,Delonte West,Jamario Moon,Leon Powe,Mo Williams,2,8:34,CLE,shot,Delonte West,,,,,,,,,Anderson Varejao,2,,,made,,alley oop dunk,26,7
Bill Walker,David Lee,Eddie House,Jonathan Bender,Toney Douglas,Anderson Varejao,Delonte West,Jamario Moon,Leon Powe,Mo Williams,2,8:32,NYK,timeout,,,,,,,,,,,,,,,,regular,,
Bill Walker,Danilo Gallinari,David Lee,Jonathan Bender,Toney Douglas,Anderson Varejao,Delonte West,Jamario Moon,Leon Powe,Mo Williams,2,8:32,NYK,sub,,,,Danilo Gallinari,,Eddie House,,,,,,,,,,,,
Bill Walker,Danilo Gallinari,David Lee,Toney Douglas,Tracy McGrady,Anderson Varejao,Delonte West,Jamario Moon,Leon Powe,Mo Williams,2,8:32,NYK,sub,,,,Tracy McGrady,,Jonathan Bender,,,,,,,,,,,,
Bill Walker,Danilo Gallinari,David Lee,Toney Douglas,Tracy McGrady,Anderson Varejao,Delonte West,Jamario Moon,Leon Powe,Mo Williams,2,8:22,NYK,shot,,,,,,,,,,Toney Douglas,,,,missed,,jump,39,21
Bill Walker,Danilo Gallinari,David Lee,Toney Douglas,Tracy McGrady,Anderson Varejao,Delonte West,Jamario Moon,Leon Powe,Mo Williams,2,8:21,CLE,rebound,,,,,,,,,,Anderson Varejao,,,,,,def,,
Bill Walker,Danilo Gallinari,David Lee,Toney Douglas,Tracy McGrady,Anderson Varejao,Delonte West,Jamario Moon,Leon Powe,Mo Williams,2,8:02,CLE,shot,Mo Williams,,,,,,,,,Anderson Varejao,2,,,made,,fade away jumper,27,12
Bill Walker,Danilo Gallinari,David Lee,Toney Douglas,Tracy McGrady,Anderson Varejao,Delonte West,Jamario Moon,Leon Powe,Mo Williams,2,7:51,NYK,shot,Toney Douglas,,,,,,,,,Danilo Gallinari,2,,,made,,jump,37,9
Bill Walker,Danilo Gallinari,David Lee,Toney Douglas,Tracy McGrady,Anderson Varejao,Delonte West,Jamario Moon,Leon Powe,Mo Williams,2,7:35,CLE,shot,,,,,,,,,,Mo Williams,,,,missed,,3pt,2,6
Bill Walker,Danilo Gallinari,David Lee,Toney Douglas,Tracy McGrady,Anderson Varejao,Delonte West,Jamario Moon,Leon Powe,Mo Williams,2,7:34,NYK,rebound,,,,,,,,,,David Lee,,,,,,def,,
Bill Walker,Danilo Gallinari,David Lee,Toney Douglas,Tracy McGrady,Anderson Varejao,Delonte West,Jamario Moon,Leon Powe,Mo Williams,2,7:21,NYK,shot,,,,,,,,,,Bill Walker,,,,missed,,3pt,48,9
Bill Walker,Danilo Gallinari,David Lee,Toney Douglas,Tracy McGrady,Anderson Varejao,Delonte West,Jamario Moon,Leon Powe,Mo Williams,2,7:20,CLE,rebound,,,,,,,,,,Anderson Varejao,,,,,,def,,
Bill Walker,Danilo Gallinari,David Lee,Toney Douglas,Tracy McGrady,Anderson Varejao,Delonte West,Jamario Moon,Leon Powe,Mo Williams,2,7:14,CLE,foul,,,,,,,,Bill Walker,,Leon Powe,,,,,,offensive,,
Bill Walker,Danilo Gallinari,David Lee,Toney Douglas,Tracy McGrady,Anderson Varejao,Delonte West,Jamario Moon,Leon Powe,Mo Williams,2,7:14,CLE,turnover,,,,,,,,,,Leon Powe,,,foul,,,,,
Bill Walker,Danilo Gallinari,David Lee,Toney Douglas,Tracy McGrady,Anderson Varejao,Antawn Jamison,Delonte West,Jamario Moon,Mo Williams,2,7:14,CLE,sub,,,,Antawn Jamison,,Leon Powe,,,,,,,,,,,,
Bill Walker,Danilo Gallinari,David Lee,Toney Douglas,Tracy McGrady,Anderson Varejao,Antawn Jamison,Delonte West,Jamario Moon,LeBron James,2,7:14,CLE,sub,,,,LeBron James,,Mo Williams,,,,,,,,,,,,
Al Harrington,Bill Walker,Danilo Gallinari,Toney Douglas,Tracy McGrady,Anderson Varejao,Antawn Jamison,Delonte West,Jamario Moon,LeBron James,2,7:14,NYK,sub,,,,Al Harrington,,David Lee,,,,,,,,,,,,
Al Harrington,Bill Walker,Danilo Gallinari,Toney Douglas,Tracy McGrady,Anderson Varejao,Antawn Jamison,Delonte West,Jamario Moon,LeBron James,2,6:57,NYK,shot,,,,,,,,,,Al Harrington,,,,missed,,3pt,24,32
Al Harrington,Bill Walker,Danilo Gallinari,Toney Douglas,Tracy McGrady,Anderson Varejao,Antawn Jamison,Delonte West,Jamario Moon,LeBron James,2,6:56,CLE,rebound,,,,,,,,,,LeBron James,,,,,,def,,
Al Harrington,Bill Walker,Danilo Gallinari,Toney Douglas,Tracy McGrady,Anderson Varejao,Antawn Jamison,Delonte West,Jamario Moon,LeBron James,2,6:45,CLE,shot,Anderson Varejao,,,,,,,,,Jamario Moon,2,,,made,,layup,25,6
Al Harrington,Bill Walker,Danilo Gallinari,Toney Douglas,Tracy McGrady,Anderson Varejao,Antawn Jamison,Delonte West,Jamario Moon,LeBron James,2,6:18,NYK,shot,Bill Walker,,,,,,,,,Danilo Gallinari,3,,,made,,3pt,11,26
Al Harrington,Bill Walker,Danilo Gallinari,Toney Douglas,Tracy McGrady,Anderson Varejao,Antawn Jamison,Delonte West,Jamario Moon,LeBron James,2,6:07,CLE,shot,,,,,,,,,,Delonte West,,,,missed,,jump,27,19
Al Harrington,Bill Walker,Danilo Gallinari,Toney Douglas,Tracy McGrady,Anderson Varejao,Antawn Jamison,Delonte West,Jamario Moon,LeBron James,2,6:05,CLE,rebound,,,,,,,,,,Anderson Varejao,,,,,,off,,
Al Harrington,Bill Walker,Danilo Gallinari,Toney Douglas,Tracy McGrady,Anderson Varejao,Antawn Jamison,Delonte West,Jamario Moon,LeBron James,2,5:53,CLE,shot,,,,,,,,,,Delonte West,2,,,made,,step back jump,10,8
Al Harrington,Bill Walker,Danilo Gallinari,Toney Douglas,Tracy McGrady,Anderson Varejao,Antawn Jamison,Delonte West,Jamario Moon,LeBron James,2,5:53,NYK,foul,,,,,,,,Delonte West,,Toney Douglas,,,,,,shooting,,
Al Harrington,Bill Walker,Danilo Gallinari,Toney Douglas,Tracy McGrady,Anderson Varejao,Antawn Jamison,Delonte West,Jamario Moon,LeBron James,2,5:53,CLE,timeout,,,,,,,,,,,,,,,,official,,
Al Harrington,Bill Walker,Danilo Gallinari,Sergio Rodriguez,Tracy McGrady,Anderson Varejao,Antawn Jamison,Delonte West,Jamario Moon,LeBron James,2,5:53,NYK,sub,,,,Sergio Rodriguez,,Toney Douglas,,,,,,,,,,,,
Al Harrington,Bill Walker,Danilo Gallinari,Sergio Rodriguez,Tracy McGrady,Anderson Varejao,Antawn Jamison,Delonte West,Jamario Moon,LeBron James,2,5:53,CLE,free throw,,,,,,,1,,1,Delonte West,,,foul,missed,,,,
Al Harrington,Bill Walker,Danilo Gallinari,Sergio Rodriguez,Tracy McGrady,Anderson Varejao,Antawn Jamison,Delonte West,Jamario Moon,LeBron James,2,5:51,CLE,rebound,,,,,,,,,,Anderson Varejao,,,,,,off,,
Al Harrington,Bill Walker,Danilo Gallinari,Sergio Rodriguez,Tracy McGrady,Anderson Varejao,Antawn Jamison,Delonte West,Jamario Moon,LeBron James,2,5:51,CLE,shot,,,,,,,,,,Anderson Varejao,2,,,made,,tip,26,6
Al Harrington,Bill Walker,Danilo Gallinari,Sergio Rodriguez,Tracy McGrady,Anderson Varejao,Antawn Jamison,Delonte West,Jamario Moon,LeBron James,2,5:32,NYK,shot,,,,,,,,,,Al Harrington,2,,,made,,jump,9,16
Al Harrington,Bill Walker,Danilo Gallinari,Sergio Rodriguez,Tracy McGrady,Anderson Varejao,Antawn Jamison,Delonte West,Jamario Moon,LeBron James,2,5:16,CLE,shot,Jamario Moon,,,,,,,,,Delonte West,2,,,made,,layup,25,6
Al Harrington,Bill Walker,Danilo Gallinari,Sergio Rodriguez,Tracy McGrady,Anderson Varejao,Antawn Jamison,Delonte West,Jamario Moon,LeBron James,2,5:00,NYK,shot,Tracy McGrady,,,,,,,,,Al Harrington,3,,,made,,3pt,6,22
Al Harrington,Bill Walker,Danilo Gallinari,Sergio Rodriguez,Tracy McGrady,Anderson Varejao,Antawn Jamison,Delonte West,Jamario Moon,LeBron James,2,4:43,CLE,shot,LeBron James,,,,,,,,,Anderson Varejao,2,,,made,,layup,24,6
Al Harrington,Bill Walker,Danilo Gallinari,Sergio Rodriguez,Tracy McGrady,Anderson Varejao,Antawn Jamison,Delonte West,Jamario Moon,LeBron James,2,4:35,NYK,turnover,,,,,,,,,,Sergio Rodriguez,,,lost ball,,Delonte West,,,
Al Harrington,Bill Walker,Danilo Gallinari,Sergio Rodriguez,Tracy McGrady,Anderson Varejao,Antawn Jamison,Delonte West,Jamario Moon,LeBron James,2,4:32,NYK,foul,,,,,,,,Delonte West,,Bill Walker,,,,,,clear path,,
Al Harrington,Bill Walker,Danilo Gallinari,Sergio Rodriguez,Tracy McGrady,Anderson Varejao,Antawn Jamison,Delonte West,Jamario Moon,LeBron James,2,4:32,CLE,free throw,,,,,,,1,,2,Delonte West,,,foul,made,,,,
Al Harrington,Bill Walker,Danilo Gallinari,Sergio Rodriguez,Tracy McGrady,Anderson Varejao,Antawn Jamison,Anthony Parker,Delonte West,LeBron James,2,4:32,CLE,sub,,,,Anthony Parker,,Jamario Moon,,,,,,,,,,,,
Al Harrington,Bill Walker,Danilo Gallinari,Sergio Rodriguez,Tracy McGrady,Anderson Varejao,Antawn Jamison,Anthony Parker,Delonte West,LeBron James,2,4:32,CLE,free throw,,,,,,,2,,2,Delonte West,,,foul,missed,,,,
Al Harrington,Bill Walker,Danilo Gallinari,Sergio Rodriguez,Tracy McGrady,Anderson Varejao,Antawn Jamison,Anthony Parker,Delonte West,LeBron James,2,4:32,CLE,rebound,,,,,,,,,,,,,,,,,,
Al Harrington,Bill Walker,Danilo Gallinari,Sergio Rodriguez,Tracy McGrady,Anderson Varejao,Antawn Jamison,Anthony Parker,Delonte West,LeBron James,2,4:28,CLE,shot,Anderson Varejao,,,,,,,,,Delonte West,2,,,made,,driving dunk,25,6
Al Harrington,Bill Walker,Danilo Gallinari,Sergio Rodriguez,Tracy McGrady,Anderson Varejao,Antawn Jamison,Anthony Parker,Delonte West,LeBron James,2,4:26,NYK,timeout,,,,,,,,,,,,,,,,regular,,
Al Harrington,Bill Walker,Danilo Gallinari,David Lee,Tracy McGrady,Anderson Varejao,Antawn Jamison,Anthony Parker,Delonte West,LeBron James,2,4:26,NYK,sub,,,,David Lee,,Sergio Rodriguez,,,,,,,,,,,,
Al Harrington,Bill Walker,Danilo Gallinari,David Lee,Tracy McGrady,Anderson Varejao,Antawn Jamison,Anthony Parker,Delonte West,LeBron James,2,4:17,NYK,shot,David Lee,,,,,,,,,Tracy McGrady,2,,,made,,jump,15,24
Al Harrington,Bill Walker,Danilo Gallinari,David Lee,Tracy McGrady,Anderson Varejao,Antawn Jamison,Anthony Parker,Delonte West,LeBron James,2,4:06,NYK,foul,,,,,,,,Delonte West,,Al Harrington,,,,,,shooting,,
Al Harrington,Bill Walker,Danilo Gallinari,David Lee,Tracy McGrady,Anderson Varejao,Antawn Jamison,Anthony Parker,Delonte West,LeBron James,2,4:06,CLE,free throw,,,,,,,1,,2,Delonte West,,,foul,made,,,,
Al Harrington,Bill Walker,Danilo Gallinari,David Lee,Tracy McGrady,Anderson Varejao,Antawn Jamison,Anthony Parker,Delonte West,LeBron James,2,4:06,CLE,free throw,,,,,,,2,,2,Delonte West,,,foul,made,,,,
Al Harrington,Bill Walker,Danilo Gallinari,David Lee,Tracy McGrady,Anderson Varejao,Antawn Jamison,Anthony Parker,Delonte West,LeBron James,2,3:54,CLE,foul,,,,,,,,Bill Walker,,Anderson Varejao,,,,,,shooting,,
Al Harrington,Bill Walker,Danilo Gallinari,David Lee,Tracy McGrady,Anderson Varejao,Antawn Jamison,Anthony Parker,Delonte West,LeBron James,2,3:54,NYK,free throw,,,,,,,1,,2,Bill Walker,,,foul,missed,,,,
Al Harrington,Bill Walker,Danilo Gallinari,David Lee,Tracy McGrady,Anderson Varejao,Antawn Jamison,Anthony Parker,Delonte West,LeBron James,2,3:54,NYK,rebound,,,,,,,,,,,,,,,,,,
Al Harrington,Bill Walker,Danilo Gallinari,David Lee,Tracy McGrady,Anderson Varejao,Antawn Jamison,Anthony Parker,Delonte West,LeBron James,2,3:54,NYK,free throw,,,,,,,2,,2,Bill Walker,,,foul,made,,,,
Al Harrington,Bill Walker,Danilo Gallinari,David Lee,Tracy McGrady,Anderson Varejao,Antawn Jamison,Anthony Parker,Delonte West,LeBron James,2,3:39,CLE,shot,,,,,,,,,,Delonte West,,,,missed,,jump,38,9
Al Harrington,Bill Walker,Danilo Gallinari,David Lee,Tracy McGrady,Anderson Varejao,Antawn Jamison,Anthony Parker,Delonte West,LeBron James,2,3:36,CLE,rebound,,,,,,,,,,Anderson Varejao,,,,,,off,,
Al Harrington,Bill Walker,Danilo Gallinari,David Lee,Tracy McGrady,Anderson Varejao,Antawn Jamison,Anthony Parker,Delonte West,LeBron James,2,3:21,CLE,turnover,,,,,,,,,,LeBron James,,,bad pass,,Danilo Gallinari,,,
Al Harrington,Bill Walker,Danilo Gallinari,David Lee,Tracy McGrady,Anderson Varejao,Antawn Jamison,Anthony Parker,Delonte West,LeBron James,2,3:14,CLE,foul,,,,,,,,Tracy McGrady,,Anthony Parker,,,,,,personal,,
Al Harrington,Bill Walker,Danilo Gallinari,David Lee,Tracy McGrady,Anderson Varejao,Antawn Jamison,Anthony Parker,Delonte West,LeBron James,2,3:06,NYK,shot,Danilo Gallinari,,,,,,,,,Tracy McGrady,2,,,made,,jump,38,24
Al Harrington,Bill Walker,Danilo Gallinari,David Lee,Tracy McGrady,Anderson Varejao,Antawn Jamison,Anthony Parker,Delonte West,LeBron James,2,2:44,CLE,shot,LeBron James,,,,,,,,,Antawn Jamison,3,,,made,,3pt,14,29
Al Harrington,Bill Walker,Danilo Gallinari,David Lee,Tracy McGrady,Anderson Varejao,Antawn Jamison,Anthony Parker,Delonte West,LeBron James,2,2:32,NYK,shot,Tracy McGrady,,,,,,,,,Bill Walker,2,,,made,,layup,25,6
Al Harrington,Bill Walker,Danilo Gallinari,David Lee,Tracy McGrady,Anderson Varejao,Antawn Jamison,Anthony Parker,Delonte West,LeBron James,2,2:08,CLE,shot,,,,,,,,,,LeBron James,2,,,made,,jump,33,27
Al Harrington,Bill Walker,Danilo Gallinari,David Lee,Tracy McGrady,Anderson Varejao,Antawn Jamison,Anthony Parker,Delonte West,LeBron James,2,1:56,NYK,shot,,,,,,,,,,Al Harrington,,,,missed,,3pt,38,27
Al Harrington,Bill Walker,Danilo Gallinari,David Lee,Tracy McGrady,Anderson Varejao,Antawn Jamison,Anthony Parker,Delonte West,LeBron James,2,1:55,CLE,rebound,,,,,,,,,,Anderson Varejao,,,,,,def,,
Al Harrington,Bill Walker,Danilo Gallinari,David Lee,Tracy McGrady,Anderson Varejao,Antawn Jamison,Anthony Parker,Delonte West,LeBron James,2,1:50,CLE,shot,,,,,,,,,,Antawn Jamison,,,,missed,,layup,27,7
Al Harrington,Bill Walker,Danilo Gallinari,David Lee,Tracy McGrady,Anderson Varejao,Antawn Jamison,Anthony Parker,Delonte West,LeBron James,2,1:49,NYK,rebound,,,,,,,,,,Bill Walker,,,,,,def,,
Al Harrington,Bill Walker,Danilo Gallinari,David Lee,Tracy McGrady,Anderson Varejao,Antawn Jamison,Anthony Parker,Jamario Moon,LeBron James,2,1:41,CLE,sub,,,,Jamario Moon,,Delonte West,,,,,,,,,,,,
Al Harrington,Danilo Gallinari,David Lee,Eddie House,Tracy McGrady,Anderson Varejao,Antawn Jamison,Anthony Parker,Jamario Moon,LeBron James,2,1:38,NYK,sub,,,,Eddie House,,Bill Walker,,,,,,,,,,,,
Al Harrington,Danilo Gallinari,David Lee,Eddie House,Tracy McGrady,Anderson Varejao,Antawn Jamison,Anthony Parker,Jamario Moon,LeBron James,2,1:35,NYK,shot,,,,,,,,,,Danilo Gallinari,,,,missed,,jump,35,23
Al Harrington,Danilo Gallinari,David Lee,Eddie House,Tracy McGrady,Anderson Varejao,Antawn Jamison,Anthony Parker,Jamario Moon,LeBron James,2,1:34,CLE,rebound,,,,,,,,,,Antawn Jamison,,,,,,def,,
Al Harrington,Danilo Gallinari,David Lee,Eddie House,Tracy McGrady,Anderson Varejao,Antawn Jamison,Anthony Parker,Jamario Moon,LeBron James,2,1:27,CLE,shot,LeBron James,,,,,,,,,Anderson Varejao,2,,,made,,layup,26,6
Al Harrington,Danilo Gallinari,David Lee,Eddie House,Tracy McGrady,Anderson Varejao,Antawn Jamison,Anthony Parker,Jamario Moon,LeBron James,2,1:21,NYK,turnover,,,,,,,,,,Eddie House,,,bad pass,,LeBron James,,,
Al Harrington,Danilo Gallinari,David Lee,Eddie House,Tracy McGrady,Anderson Varejao,Antawn Jamison,Anthony Parker,Jamario Moon,LeBron James,2,1:21,NYK,foul,,,,,,,,LeBron James,,David Lee,,,,,,shooting,,
Al Harrington,Danilo Gallinari,David Lee,Eddie House,Tracy McGrady,Anderson Varejao,Antawn Jamison,Anthony Parker,Jamario Moon,LeBron James,2,1:21,CLE,free throw,,,,,,,1,,2,LeBron James,,,foul,made,,,,
Al Harrington,Danilo Gallinari,David Lee,Eddie House,Tracy McGrady,Anderson Varejao,Antawn Jamison,Anthony Parker,Jamario Moon,LeBron James,2,1:21,CLE,free throw,,,,,,,2,,2,LeBron James,,,foul,made,,,,
Al Harrington,Danilo Gallinari,David Lee,Eddie House,Tracy McGrady,Anderson Varejao,Antawn Jamison,Anthony Parker,Jamario Moon,LeBron James,2,1:07,NYK,shot,,,,,,,,,,Eddie House,,,,missed,,jump,19,16
Al Harrington,Danilo Gallinari,David Lee,Eddie House,Tracy McGrady,Anderson Varejao,Antawn Jamison,Anthony Parker,Jamario Moon,LeBron James,2,1:06,CLE,rebound,,,,,,,,,,Antawn Jamison,,,,,,def,,
Al Harrington,Danilo Gallinari,David Lee,Eddie House,Tracy McGrady,Anderson Varejao,Antawn Jamison,Anthony Parker,Jamario Moon,LeBron James,2,0:58,CLE,shot,,,,,,,,,,LeBron James,,,,missed,,3pt,39,29
Al Harrington,Danilo Gallinari,David Lee,Eddie House,Tracy McGrady,Anderson Varejao,Antawn Jamison,Anthony Parker,Jamario Moon,LeBron James,2,0:57,CLE,rebound,,,,,,,,,,Jamario Moon,,,,,,off,,
Al Harrington,Danilo Gallinari,David Lee,Eddie House,Tracy McGrady,Anderson Varejao,Antawn Jamison,Anthony Parker,Jamario Moon,LeBron James,2,0:52,CLE,shot,,,,,,,,,,LeBron James,,,,missed,,layup,25,8
Al Harrington,Danilo Gallinari,David Lee,Eddie House,Tracy McGrady,Anderson Varejao,Antawn Jamison,Anthony Parker,Jamario Moon,LeBron James,2,0:51,CLE,rebound,,,,,,,,,,Anderson Varejao,,,,,,off,,
Al Harrington,Danilo Gallinari,David Lee,Eddie House,Tracy McGrady,Anderson Varejao,Antawn Jamison,Anthony Parker,Jamario Moon,LeBron James,2,0:43,CLE,shot,Anthony Parker,,,,,,,,,Antawn Jamison,2,,,made,,layup,25,6
Al Harrington,Danilo Gallinari,David Lee,Eddie House,Tracy McGrady,Anderson Varejao,Antawn Jamison,Anthony Parker,Jamario Moon,LeBron James,2,0:38,NYK,shot,,,,,,,,,,Tracy McGrady,,,,missed,,3pt,11,30
Al Harrington,Danilo Gallinari,David Lee,Eddie House,Tracy McGrady,Anderson Varejao,Antawn Jamison,Anthony Parker,Jamario Moon,LeBron James,2,0:37,CLE,rebound,,,,,,,,,,Anthony Parker,,,,,,def,,
Al Harrington,Danilo Gallinari,David Lee,Eddie House,Tracy McGrady,Anderson Varejao,Antawn Jamison,Anthony Parker,Jamario Moon,LeBron James,2,0:19,CLE,shot,,,,,,,,,,Antawn Jamison,,,,missed,,3pt,2,9
Al Harrington,Danilo Gallinari,David Lee,Eddie House,Tracy McGrady,Anderson Varejao,Antawn Jamison,Anthony Parker,Jamario Moon,LeBron James,2,0:18,NYK,rebound,,,,,,,,,,Tracy McGrady,,,,,,def,,
Al Harrington,Danilo Gallinari,David Lee,Eddie House,Tracy McGrady,Anderson Varejao,Antawn Jamison,Anthony Parker,Jamario Moon,LeBron James,2,0:05,CLE,foul,,,,,,,,Tracy McGrady,,Jamario Moon,,,,,,personal,,
Al Harrington,Danilo Gallinari,David Lee,Eddie House,Tracy McGrady,Anderson Varejao,Antawn Jamison,Anthony Parker,Jamario Moon,LeBron James,2,0:00,NYK,shot,,,,,,,,,,Al Harrington,,,,missed,,3pt,38,28
Al Harrington,Danilo Gallinari,David Lee,Eddie House,Tracy McGrady,Anderson Varejao,Antawn Jamison,Anthony Parker,Jamario Moon,LeBron James,2,0:00,CLE,rebound,,,,,,,,,,Anthony Parker,,,,,,def,,
Al Harrington,Danilo Gallinari,David Lee,Sergio Rodriguez,Tracy McGrady,Antawn Jamison,Anthony Parker,J.J. Hickson,LeBron James,Mo Williams,3,11:44,NYK,shot,,,,,,,,,,Sergio Rodriguez,,,,missed,,3pt,41,25
Al Harrington,Danilo Gallinari,David Lee,Sergio Rodriguez,Tracy McGrady,Antawn Jamison,Anthony Parker,J.J. Hickson,LeBron James,Mo Williams,3,11:43,CLE,rebound,,,,,,,,,,Antawn Jamison,,,,,,def,,
Al Harrington,Danilo Gallinari,David Lee,Sergio Rodriguez,Tracy McGrady,Antawn Jamison,Anthony Parker,J.J. Hickson,LeBron James,Mo Williams,3,11:37,CLE,turnover,,,,,,,,,,LeBron James,,,bad pass,,Sergio Rodriguez,,,
Al Harrington,Danilo Gallinari,David Lee,Sergio Rodriguez,Tracy McGrady,Antawn Jamison,Anthony Parker,J.J. Hickson,LeBron James,Mo Williams,3,11:34,NYK,shot,,,LeBron James,,,,,,,Sergio Rodriguez,,,,missed,,layup,24,6
Al Harrington,Danilo Gallinari,David Lee,Sergio Rodriguez,Tracy McGrady,Antawn Jamison,Anthony Parker,J.J. Hickson,LeBron James,Mo Williams,3,11:34,NYK,rebound,,,,,,,,,,,,,,,,,,
Al Harrington,Danilo Gallinari,David Lee,Sergio Rodriguez,Tracy McGrady,Antawn Jamison,Anthony Parker,J.J. Hickson,LeBron James,Mo Williams,3,11:19,NYK,shot,,,,,,,,,,David Lee,,,,missed,,jump,14,8
Al Harrington,Danilo Gallinari,David Lee,Sergio Rodriguez,Tracy McGrady,Antawn Jamison,Anthony Parker,J.J. Hickson,LeBron James,Mo Williams,3,11:19,CLE,rebound,,,,,,,,,,,,,,,,,,
Al Harrington,Danilo Gallinari,David Lee,Sergio Rodriguez,Tracy McGrady,Antawn Jamison,Anthony Parker,J.J. Hickson,LeBron James,Mo Williams,3,10:56,CLE,shot,,,,,,,,,,Anthony Parker,3,,,made,,3pt,48,8
Al Harrington,Danilo Gallinari,David Lee,Sergio Rodriguez,Tracy McGrady,Antawn Jamison,Anthony Parker,J.J. Hickson,LeBron James,Mo Williams,3,10:42,NYK,shot,,,,,,,,,,Danilo Gallinari,,,,missed,,3pt,48,8
Al Harrington,Danilo Gallinari,David Lee,Sergio Rodriguez,Tracy McGrady,Antawn Jamison,Anthony Parker,J.J. Hickson,LeBron James,Mo Williams,3,10:41,CLE,rebound,,,,,,,,,,Mo Williams,,,,,,def,,
Al Harrington,Danilo Gallinari,David Lee,Sergio Rodriguez,Tracy McGrady,Antawn Jamison,Anthony Parker,J.J. Hickson,LeBron James,Mo Williams,3,10:15,CLE,shot,,,,,,,,,,LeBron James,,,,missed,,3pt,7,28
Al Harrington,Danilo Gallinari,David Lee,Sergio Rodriguez,Tracy McGrady,Antawn Jamison,Anthony Parker,J.J. Hickson,LeBron James,Mo Williams,3,10:13,NYK,rebound,,,,,,,,,,Tracy McGrady,,,,,,def,,
Al Harrington,Danilo Gallinari,David Lee,Sergio Rodriguez,Tracy McGrady,Antawn Jamison,Anthony Parker,J.J. Hickson,LeBron James,Mo Williams,3,10:08,NYK,turnover,,,,,,,,,,David Lee,,,lost ball,,Antawn Jamison,,,
Al Harrington,Danilo Gallinari,David Lee,Sergio Rodriguez,Tracy McGrady,Antawn Jamison,Anthony Parker,J.J. Hickson,LeBron James,Mo Williams,3,10:00,NYK,foul,,,,,,,,J.J. Hickson,,Tracy McGrady,,,,,,shooting,,
Al Harrington,Danilo Gallinari,David Lee,Sergio Rodriguez,Tracy McGrady,Antawn Jamison,Anthony Parker,J.J. Hickson,LeBron James,Mo Williams,3,10:00,CLE,free throw,,,,,,,1,,2,J.J. Hickson,,,foul,missed,,,,
Al Harrington,Danilo Gallinari,David Lee,Sergio Rodriguez,Tracy McGrady,Antawn Jamison,Anthony Parker,J.J. Hickson,LeBron James,Mo Williams,3,10:00,CLE,rebound,,,,,,,,,,,,,,,,,,
Al Harrington,Danilo Gallinari,David Lee,Sergio Rodriguez,Tracy McGrady,Antawn Jamison,Anthony Parker,J.J. Hickson,LeBron James,Mo Williams,3,10:00,CLE,free throw,,,,,,,2,,2,J.J. Hickson,,,foul,made,,,,
Al Harrington,Danilo Gallinari,David Lee,Sergio Rodriguez,Tracy McGrady,Antawn Jamison,Anthony Parker,J.J. Hickson,LeBron James,Mo Williams,3,9:40,NYK,shot,Sergio Rodriguez,,,,,,,,,Al Harrington,3,,,made,,3pt,27,31
Al Harrington,Danilo Gallinari,David Lee,Sergio Rodriguez,Tracy McGrady,Antawn Jamison,Anthony Parker,J.J. Hickson,LeBron James,Mo Williams,3,9:24,CLE,shot,,,,,,,,,,Antawn Jamison,,,,missed,,3pt,2,10
Al Harrington,Danilo Gallinari,David Lee,Sergio Rodriguez,Tracy McGrady,Antawn Jamison,Anthony Parker,J.J. Hickson,LeBron James,Mo Williams,3,9:23,NYK,rebound,,,,,,,,,,David Lee,,,,,,def,,
Al Harrington,Danilo Gallinari,David Lee,Sergio Rodriguez,Tracy McGrady,Antawn Jamison,Anthony Parker,J.J. Hickson,LeBron James,Mo Williams,3,9:10,NYK,turnover,,,,,,,,,,Tracy McGrady,,,traveling,,,,,
Al Harrington,Danilo Gallinari,David Lee,Sergio Rodriguez,Tracy McGrady,Antawn Jamison,Anthony Parker,J.J. Hickson,LeBron James,Mo Williams,3,8:56,CLE,turnover,,,,,,,,,,Antawn Jamison,,,lost ball,,Al Harrington,,,
Al Harrington,Danilo Gallinari,David Lee,Sergio Rodriguez,Tracy McGrady,Antawn Jamison,Anthony Parker,J.J. Hickson,LeBron James,Mo Williams,3,8:48,NYK,shot,,,J.J. Hickson,,,,,,,David Lee,,,,missed,,layup,25,7
Al Harrington,Danilo Gallinari,David Lee,Sergio Rodriguez,Tracy McGrady,Antawn Jamison,Anthony Parker,J.J. Hickson,LeBron James,Mo Williams,3,8:46,CLE,rebound,,,,,,,,,,,,,,,,,,
Al Harrington,Danilo Gallinari,David Lee,Sergio Rodriguez,Tracy McGrady,Antawn Jamison,Anthony Parker,J.J. Hickson,LeBron James,Mo Williams,3,8:30,CLE,turnover,,,,,,,,,,Antawn Jamison,,,lost ball,,David Lee,,,
Al Harrington,Danilo Gallinari,David Lee,Sergio Rodriguez,Tracy McGrady,Antawn Jamison,Anthony Parker,J.J. Hickson,LeBron James,Mo Williams,3,8:25,CLE,foul,,,,,,,,Al Harrington,,Antawn Jamison,,,,,,shooting,,
Al Harrington,Danilo Gallinari,David Lee,Sergio Rodriguez,Tracy McGrady,Antawn Jamison,Anthony Parker,J.J. Hickson,LeBron James,Mo Williams,3,8:25,NYK,free throw,,,,,,,1,,2,Al Harrington,,,foul,made,,,,
Al Harrington,Danilo Gallinari,David Lee,Sergio Rodriguez,Tracy McGrady,Antawn Jamison,Anthony Parker,J.J. Hickson,LeBron James,Mo Williams,3,8:25,NYK,free throw,,,,,,,2,,2,Al Harrington,,,foul,missed,,,,
Al Harrington,Danilo Gallinari,David Lee,Sergio Rodriguez,Tracy McGrady,Antawn Jamison,Anthony Parker,J.J. Hickson,LeBron James,Mo Williams,3,8:24,CLE,rebound,,,,,,,,,,J.J. Hickson,,,,,,def,,
Al Harrington,Danilo Gallinari,David Lee,Sergio Rodriguez,Tracy McGrady,Antawn Jamison,Anthony Parker,J.J. Hickson,LeBron James,Mo Williams,3,8:03,CLE,shot,Antawn Jamison,,,,,,,,,J.J. Hickson,2,,,made,,layup,24,8
Al Harrington,Danilo Gallinari,David Lee,Sergio Rodriguez,Tracy McGrady,Antawn Jamison,Anthony Parker,J.J. Hickson,LeBron James,Mo Williams,3,8:03,NYK,foul,,,,,,,,J.J. Hickson,,David Lee,,,,,,shooting,,
Al Harrington,Danilo Gallinari,David Lee,Sergio Rodriguez,Tracy McGrady,Antawn Jamison,Anthony Parker,J.J. Hickson,LeBron James,Mo Williams,3,8:03,CLE,free throw,,,,,,,1,,1,J.J. Hickson,,,foul,made,,,,
Al Harrington,Danilo Gallinari,David Lee,Sergio Rodriguez,Tracy McGrady,Antawn Jamison,Anthony Parker,J.J. Hickson,LeBron James,Mo Williams,3,7:48,CLE,foul,,,,,,,,David Lee,,Mo Williams,,,,,,shooting,,
Al Harrington,Danilo Gallinari,David Lee,Sergio Rodriguez,Tracy McGrady,Antawn Jamison,Anthony Parker,J.J. Hickson,LeBron James,Mo Williams,3,7:48,NYK,free throw,,,,,,,1,,2,David Lee,,,foul,missed,,,,
Al Harrington,Danilo Gallinari,David Lee,Sergio Rodriguez,Tracy McGrady,Antawn Jamison,Anthony Parker,J.J. Hickson,LeBron James,Mo Williams,3,7:48,NYK,rebound,,,,,,,,,,,,,,,,,,
Al Harrington,Danilo Gallinari,David Lee,Sergio Rodriguez,Tracy McGrady,Antawn Jamison,Anthony Parker,J.J. Hickson,LeBron James,Mo Williams,3,7:48,NYK,free throw,,,,,,,2,,2,David Lee,,,foul,made,,,,
Al Harrington,Danilo Gallinari,David Lee,Sergio Rodriguez,Tracy McGrady,Antawn Jamison,Anthony Parker,J.J. Hickson,LeBron James,Mo Williams,3,7:35,CLE,shot,,,,,,,,,,Antawn Jamison,,,,missed,,layup,24,7
Al Harrington,Danilo Gallinari,David Lee,Sergio Rodriguez,Tracy McGrady,Antawn Jamison,Anthony Parker,J.J. Hickson,LeBron James,Mo Williams,3,7:33,NYK,rebound,,,,,,,,,,Al Harrington,,,,,,def,,
Al Harrington,Danilo Gallinari,David Lee,Sergio Rodriguez,Tracy McGrady,Antawn Jamison,Anthony Parker,J.J. Hickson,LeBron James,Mo Williams,3,7:26,NYK,shot,,,,,,,,,,Danilo Gallinari,,,,missed,,jump,4,14
Al Harrington,Danilo Gallinari,David Lee,Sergio Rodriguez,Tracy McGrady,Antawn Jamison,Anthony Parker,J.J. Hickson,LeBron James,Mo Williams,3,7:25,CLE,rebound,,,,,,,,,,LeBron James,,,,,,def,,
Al Harrington,Danilo Gallinari,David Lee,Sergio Rodriguez,Tracy McGrady,Antawn Jamison,Anthony Parker,J.J. Hickson,LeBron James,Mo Williams,3,7:16,CLE,shot,,,,,,,,,,Antawn Jamison,,,,missed,,3pt,6,22
Al Harrington,Danilo Gallinari,David Lee,Sergio Rodriguez,Tracy McGrady,Antawn Jamison,Anthony Parker,J.J. Hickson,LeBron James,Mo Williams,3,7:14,CLE,rebound,,,,,,,,,,J.J. Hickson,,,,,,off,,
Al Harrington,Danilo Gallinari,David Lee,Sergio Rodriguez,Tracy McGrady,Antawn Jamison,Anthony Parker,J.J. Hickson,LeBron James,Mo Williams,3,7:14,CLE,shot,,,,,,,,,,J.J. Hickson,2,,,made,,putback dunk,26,7
Al Harrington,Danilo Gallinari,David Lee,Sergio Rodriguez,Tracy McGrady,Antawn Jamison,Anthony Parker,J.J. Hickson,LeBron James,Mo Williams,3,7:01,NYK,shot,,,,,,,,,,Tracy McGrady,,,,missed,,jump,37,13
Al Harrington,Danilo Gallinari,David Lee,Sergio Rodriguez,Tracy McGrady,Antawn Jamison,Anthony Parker,J.J. Hickson,LeBron James,Mo Williams,3,7:00,CLE,rebound,,,,,,,,,,J.J. Hickson,,,,,,def,,
Al Harrington,Danilo Gallinari,David Lee,Sergio Rodriguez,Tracy McGrady,Antawn Jamison,Anthony Parker,J.J. Hickson,LeBron James,Mo Williams,3,6:46,CLE,shot,Antawn Jamison,,,,,,,,,J.J. Hickson,2,,,made,,fade away jumper,14,12
Al Harrington,Danilo Gallinari,David Lee,Sergio Rodriguez,Tracy McGrady,Antawn Jamison,Anthony Parker,J.J. Hickson,LeBron James,Mo Williams,3,6:33,NYK,shot,,,,,,,,,,Tracy McGrady,,,,missed,,3pt,11,27
Al Harrington,Danilo Gallinari,David Lee,Sergio Rodriguez,Tracy McGrady,Antawn Jamison,Anthony Parker,J.J. Hickson,LeBron James,Mo Williams,3,6:32,CLE,rebound,,,,,,,,,,J.J. Hickson,,,,,,def,,
Al Harrington,Danilo Gallinari,David Lee,Sergio Rodriguez,Tracy McGrady,Antawn Jamison,Anthony Parker,J.J. Hickson,LeBron James,Mo Williams,3,6:27,NYK,foul,,,,,,,,Mo Williams,,Sergio Rodriguez,,,,,,personal,,
Al Harrington,Danilo Gallinari,David Lee,Sergio Rodriguez,Tracy McGrady,Antawn Jamison,Anthony Parker,J.J. Hickson,LeBron James,Mo Williams,3,6:12,CLE,shot,,,,,,,,,,LeBron James,2,,,made,,turnaround fade away,42,8
Al Harrington,Danilo Gallinari,David Lee,Sergio Rodriguez,Tracy McGrady,Antawn Jamison,Anthony Parker,J.J. Hickson,LeBron James,Mo Williams,3,6:01,NYK,turnover,,,,,,,,,,David Lee,,,bad pass,,LeBron James,,,
Al Harrington,Danilo Gallinari,David Lee,Sergio Rodriguez,Tracy McGrady,Antawn Jamison,Anthony Parker,J.J. Hickson,LeBron James,Mo Williams,3,5:57,NYK,foul,,,,,,,,LeBron James,,Sergio Rodriguez,,,,,,personal,,
Al Harrington,Danilo Gallinari,David Lee,Sergio Rodriguez,Tracy McGrady,Antawn Jamison,Anthony Parker,J.J. Hickson,LeBron James,Mo Williams,3,5:57,CLE,timeout,,,,,,,,,,,,,,,,regular,,
Al Harrington,Danilo Gallinari,David Lee,Eddie House,Tracy McGrady,Antawn Jamison,Anthony Parker,J.J. Hickson,LeBron James,Mo Williams,3,5:57,NYK,sub,,,,Eddie House,,Sergio Rodriguez,,,,,,,,,,,,
Al Harrington,Danilo Gallinari,David Lee,Eddie House,Tracy McGrady,Antawn Jamison,Anthony Parker,J.J. Hickson,LeBron James,Mo Williams,3,5:46,CLE,shot,J.J. Hickson,,,,,,,,,LeBron James,2,,,made,,jump,36,20
Al Harrington,Danilo Gallinari,David Lee,Eddie House,Tracy McGrady,Antawn Jamison,Anthony Parker,J.J. Hickson,LeBron James,Mo Williams,3,5:30,NYK,shot,Eddie House,,,,,,,,,Al Harrington,2,,,made,,layup,24,6
Al Harrington,Danilo Gallinari,David Lee,Eddie House,Tracy McGrady,Antawn Jamison,Anthony Parker,J.J. Hickson,LeBron James,Mo Williams,3,5:06,CLE,shot,,,,,,,,,,J.J. Hickson,,,,missed,,jump,19,12
Al Harrington,Danilo Gallinari,David Lee,Eddie House,Tracy McGrady,Antawn Jamison,Anthony Parker,J.J. Hickson,LeBron James,Mo Williams,3,5:05,NYK,rebound,,,,,,,,,,David Lee,,,,,,def,,
Al Harrington,Danilo Gallinari,David Lee,Eddie House,Tracy McGrady,Antawn Jamison,Anthony Parker,J.J. Hickson,LeBron James,Mo Williams,3,4:59,NYK,shot,,,,,,,,,,Al Harrington,,,,missed,,layup,25,7
Al Harrington,Danilo Gallinari,David Lee,Eddie House,Tracy McGrady,Antawn Jamison,Anthony Parker,J.J. Hickson,LeBron James,Mo Williams,3,4:56,CLE,rebound,,,,,,,,,,Mo Williams,,,,,,def,,
Al Harrington,Danilo Gallinari,David Lee,Eddie House,Tracy McGrady,Antawn Jamison,Anthony Parker,J.J. Hickson,LeBron James,Mo Williams,3,4:50,CLE,shot,Mo Williams,,,,,,,,,Antawn Jamison,2,,,made,,jump,46,7
Al Harrington,Danilo Gallinari,David Lee,Eddie House,Tracy McGrady,Antawn Jamison,Anthony Parker,J.J. Hickson,LeBron James,Mo Williams,3,4:37,NYK,shot,,,,,,,,,,Eddie House,2,,,made,,jump,41,19
Al Harrington,Danilo Gallinari,David Lee,Eddie House,Tracy McGrady,Antawn Jamison,Anthony Parker,J.J. Hickson,LeBron James,Mo Williams,3,4:21,CLE,turnover,,,,,,,,,,J.J. Hickson,,,out of bounds lost ball turnover,,,,,
Al Harrington,Bill Walker,Danilo Gallinari,David Lee,Eddie House,Antawn Jamison,Anthony Parker,J.J. Hickson,LeBron James,Mo Williams,3,4:21,NYK,sub,,,,Bill Walker,,Tracy McGrady,,,,,,,,,,,,
Al Harrington,Bill Walker,Danilo Gallinari,David Lee,Eddie House,Antawn Jamison,Anthony Parker,J.J. Hickson,LeBron James,Mo Williams,3,4:14,NYK,turnover,,,,,,,,,,David Lee,,,bad pass,,,,,
Al Harrington,Bill Walker,Danilo Gallinari,David Lee,Eddie House,Antawn Jamison,Anthony Parker,J.J. Hickson,LeBron James,Mo Williams,3,4:00,CLE,shot,,,,,,,,,,LeBron James,,,,missed,,jump,32,16
Al Harrington,Bill Walker,Danilo Gallinari,David Lee,Eddie House,Antawn Jamison,Anthony Parker,J.J. Hickson,LeBron James,Mo Williams,3,3:59,CLE,rebound,,,,,,,,,,Antawn Jamison,,,,,,off,,
Al Harrington,Bill Walker,Danilo Gallinari,David Lee,Eddie House,Antawn Jamison,Anthony Parker,J.J. Hickson,LeBron James,Mo Williams,3,3:56,CLE,shot,,,,,,,,,,Antawn Jamison,2,,,made,,floating jump,19,8
Al Harrington,Bill Walker,Danilo Gallinari,David Lee,Eddie House,Antawn Jamison,Anthony Parker,J.J. Hickson,LeBron James,Mo Williams,3,3:45,NYK,shot,,,J.J. Hickson,,,,,,,David Lee,,,,missed,,layup,25,9
Al Harrington,Bill Walker,Danilo Gallinari,David Lee,Eddie House,Antawn Jamison,Anthony Parker,J.J. Hickson,LeBron James,Mo Williams,3,3:43,CLE,rebound,,,,,,,,,,Antawn Jamison,,,,,,def,,
Al Harrington,Bill Walker,Danilo Gallinari,David Lee,Eddie House,Antawn Jamison,Anthony Parker,J.J. Hickson,LeBron James,Mo Williams,3,3:39,CLE,turnover,,,,,,,,,,LeBron James,,,bad pass,,Danilo Gallinari,,,
Al Harrington,Bill Walker,Danilo Gallinari,David Lee,Eddie House,Antawn Jamison,Anthony Parker,J.J. Hickson,LeBron James,Mo Williams,3,3:27,NYK,shot,,,,,,,,,,Eddie House,,,,missed,,3pt,37,29
Al Harrington,Bill Walker,Danilo Gallinari,David Lee,Eddie House,Antawn Jamison,Anthony Parker,J.J. Hickson,LeBron James,Mo Williams,3,3:26,CLE,rebound,,,,,,,,,,Antawn Jamison,,,,,,def,,
Bill Walker,Danilo Gallinari,David Lee,Eddie House,Toney Douglas,Antawn Jamison,Anthony Parker,J.J. Hickson,LeBron James,Mo Williams,3,3:05,NYK,sub,,,,Toney Douglas,,Al Harrington,,,,,,,,,,,,
Bill Walker,Danilo Gallinari,David Lee,Eddie House,Toney Douglas,Anderson Varejao,Antawn Jamison,Anthony Parker,LeBron James,Mo Williams,3,3:05,CLE,sub,,,,Anderson Varejao,,J.J. Hickson,,,,,,,,,,,,
Bill Walker,Danilo Gallinari,David Lee,Eddie House,Toney Douglas,Anderson Varejao,Antawn Jamison,Anthony Parker,LeBron James,Mo Williams,3,3:00,CLE,shot,LeBron James,,,,,,,,,Antawn Jamison,2,,,made,,running bank,17,10
Bill Walker,Danilo Gallinari,David Lee,Eddie House,Toney Douglas,Anderson Varejao,Antawn Jamison,Anthony Parker,LeBron James,Mo Williams,3,2:48,NYK,shot,,,,,,,,,,Danilo Gallinari,2,,,made,,jump,36,25
Bill Walker,Danilo Gallinari,David Lee,Eddie House,Toney Douglas,Anderson Varejao,Antawn Jamison,Anthony Parker,LeBron James,Mo Williams,3,2:33,CLE,shot,Mo Williams,,,,,,,,,Antawn Jamison,2,,,made,,jump,15,9
Bill Walker,Danilo Gallinari,David Lee,Eddie House,Toney Douglas,Anderson Varejao,Antawn Jamison,Anthony Parker,LeBron James,Mo Williams,3,2:18,NYK,turnover,,,,,,,,,,Danilo Gallinari,,,lost ball,,Anthony Parker,,,
Bill Walker,Danilo Gallinari,David Lee,Eddie House,Toney Douglas,Anderson Varejao,Antawn Jamison,Anthony Parker,LeBron James,Mo Williams,3,2:11,CLE,shot,,,,,,,,,,Mo Williams,,,,missed,,jump,12,9
Bill Walker,Danilo Gallinari,David Lee,Eddie House,Toney Douglas,Anderson Varejao,Antawn Jamison,Anthony Parker,LeBron James,Mo Williams,3,2:10,NYK,rebound,,,,,,,,,,Eddie House,,,,,,def,,
Bill Walker,Danilo Gallinari,David Lee,Eddie House,Toney Douglas,Anderson Varejao,Antawn Jamison,Anthony Parker,LeBron James,Mo Williams,3,1:59,CLE,foul,,,,,,,,Danilo Gallinari,,Antawn Jamison,,,,,,personal,,
Bill Walker,Danilo Gallinari,David Lee,Eddie House,Toney Douglas,Anderson Varejao,Antawn Jamison,Anthony Parker,LeBron James,Mo Williams,3,1:59,NYK,timeout,,,,,,,,,,,,,,,,regular,,
Bill Walker,Danilo Gallinari,David Lee,Eddie House,Toney Douglas,Anderson Varejao,Antawn Jamison,Anthony Parker,LeBron James,Mo Williams,3,1:48,NYK,shot,,,,,,,,,,David Lee,,,,missed,,hook,33,13
Bill Walker,Danilo Gallinari,David Lee,Eddie House,Toney Douglas,Anderson Varejao,Antawn Jamison,Anthony Parker,LeBron James,Mo Williams,3,1:47,CLE,rebound,,,,,,,,,,LeBron James,,,,,,def,,
Bill Walker,Danilo Gallinari,David Lee,Eddie House,Toney Douglas,Anderson Varejao,Antawn Jamison,Anthony Parker,LeBron James,Mo Williams,3,1:38,CLE,shot,,,,,,,,,,Mo Williams,2,,,made,,driving layup,27,7
Bill Walker,Danilo Gallinari,David Lee,Eddie House,Toney Douglas,Anderson Varejao,Antawn Jamison,Anthony Parker,LeBron James,Mo Williams,3,1:23,NYK,shot,,,,,,,,,,Danilo Gallinari,,,,missed,,jump,5,14
Bill Walker,Danilo Gallinari,David Lee,Eddie House,Toney Douglas,Anderson Varejao,Antawn Jamison,Anthony Parker,LeBron James,Mo Williams,3,1:21,CLE,rebound,,,,,,,,,,LeBron James,,,,,,def,,
Bill Walker,Danilo Gallinari,David Lee,Eddie House,Toney Douglas,Anderson Varejao,Antawn Jamison,Anthony Parker,LeBron James,Mo Williams,3,1:15,CLE,shot,LeBron James,,,,,,,,,Anderson Varejao,2,,,made,,reverse dunk,25,7
Bill Walker,Danilo Gallinari,David Lee,Eddie House,Toney Douglas,Anderson Varejao,Antawn Jamison,Anthony Parker,LeBron James,Mo Williams,3,1:02,NYK,shot,,,LeBron James,,,,,,,Danilo Gallinari,,,,missed,,layup,26,8
Bill Walker,Danilo Gallinari,David Lee,Eddie House,Toney Douglas,Anderson Varejao,Antawn Jamison,Anthony Parker,LeBron James,Mo Williams,3,0:59,CLE,rebound,,,,,,,,,,Antawn Jamison,,,,,,def,,
Bill Walker,Danilo Gallinari,David Lee,Eddie House,Toney Douglas,Anderson Varejao,Antawn Jamison,Anthony Parker,LeBron James,Mo Williams,3,0:54,CLE,shot,,,,,,,,,,Mo Williams,,,,missed,,3pt,37,28
Bill Walker,Danilo Gallinari,David Lee,Eddie House,Toney Douglas,Anderson Varejao,Antawn Jamison,Anthony Parker,LeBron James,Mo Williams,3,0:52,CLE,rebound,,,,,,,,,,Anthony Parker,,,,,,off,,
Bill Walker,Danilo Gallinari,David Lee,Eddie House,Toney Douglas,Anderson Varejao,Antawn Jamison,Anthony Parker,LeBron James,Mo Williams,3,0:50,CLE,shot,,,,,,,,,,LeBron James,,,,missed,,layup,25,6
Bill Walker,Danilo Gallinari,David Lee,Eddie House,Toney Douglas,Anderson Varejao,Antawn Jamison,Anthony Parker,LeBron James,Mo Williams,3,0:48,NYK,rebound,,,,,,,,,,Toney Douglas,,,,,,def,,
Bill Walker,Danilo Gallinari,David Lee,Eddie House,Toney Douglas,Anderson Varejao,Antawn Jamison,Anthony Parker,LeBron James,Mo Williams,3,0:36,NYK,shot,,,,,,,,,,Eddie House,,,,missed,,3pt,6,21
Bill Walker,Danilo Gallinari,David Lee,Eddie House,Toney Douglas,Anderson Varejao,Antawn Jamison,Anthony Parker,LeBron James,Mo Williams,3,0:35,CLE,rebound,,,,,,,,,,Antawn Jamison,,,,,,def,,
Bill Walker,Danilo Gallinari,David Lee,Eddie House,Toney Douglas,Anderson Varejao,Antawn Jamison,Anthony Parker,LeBron James,Mo Williams,3,0:12,CLE,shot,,,,,,,,,,Mo Williams,,,,missed,,3pt,13,28
Bill Walker,Danilo Gallinari,David Lee,Eddie House,Toney Douglas,Anderson Varejao,Antawn Jamison,Anthony Parker,LeBron James,Mo Williams,3,0:11,NYK,rebound,,,,,,,,,,David Lee,,,,,,def,,
Bill Walker,Danilo Gallinari,David Lee,Eddie House,Toney Douglas,Anderson Varejao,Antawn Jamison,Anthony Parker,LeBron James,Mo Williams,3,0:00,NYK,shot,,,,,,,,,,Toney Douglas,,,,missed,,layup,25,8
Bill Walker,Danilo Gallinari,David Lee,Eddie House,Toney Douglas,Anderson Varejao,Antawn Jamison,Anthony Parker,LeBron James,Mo Williams,3,0:00,CLE,rebound,,,,,,,,,,Anthony Parker,,,,,,def,,
Al Harrington,Bill Walker,Danilo Gallinari,Eddie House,Toney Douglas,Delonte West,J.J. Hickson,Jamario Moon,Jawad Williams,Leon Powe,4,11:46,CLE,foul,,,,,,,,Toney Douglas,,Jamario Moon,,,,,,offensive,,
Al Harrington,Bill Walker,Danilo Gallinari,Eddie House,Toney Douglas,Delonte West,J.J. Hickson,Jamario Moon,Jawad Williams,Leon Powe,4,11:46,CLE,turnover,,,,,,,,,,Jamario Moon,,,foul,,,,,
Al Harrington,Bill Walker,Danilo Gallinari,Eddie House,Toney Douglas,Delonte West,J.J. Hickson,Jamario Moon,Jawad Williams,Leon Powe,4,11:32,CLE,foul,,,,,,,,Danilo Gallinari,,Jawad Williams,,,,,,personal,,
Al Harrington,Bill Walker,Danilo Gallinari,Eddie House,Toney Douglas,Delonte West,J.J. Hickson,Jamario Moon,Jawad Williams,Leon Powe,4,11:27,NYK,shot,,,,,,,,,,Eddie House,,,,missed,,jump,21,22
Al Harrington,Bill Walker,Danilo Gallinari,Eddie House,Toney Douglas,Delonte West,J.J. Hickson,Jamario Moon,Jawad Williams,Leon Powe,4,11:26,CLE,rebound,,,,,,,,,,Jamario Moon,,,,,,def,,
Al Harrington,Bill Walker,Danilo Gallinari,Eddie House,Toney Douglas,Delonte West,J.J. Hickson,Jamario Moon,Jawad Williams,Leon Powe,4,11:12,NYK,foul,,,,,,,,Leon Powe,,Toney Douglas,,,,,,shooting,,
Al Harrington,Bill Walker,Danilo Gallinari,Eddie House,Toney Douglas,Delonte West,J.J. Hickson,Jamario Moon,Jawad Williams,Leon Powe,4,11:12,CLE,free throw,,,,,,,1,,2,Leon Powe,,,foul,missed,,,,
Al Harrington,Bill Walker,Danilo Gallinari,Eddie House,Toney Douglas,Delonte West,J.J. Hickson,Jamario Moon,Jawad Williams,Leon Powe,4,11:12,CLE,rebound,,,,,,,,,,,,,,,,,,
Al Harrington,Bill Walker,Danilo Gallinari,Eddie House,Toney Douglas,Delonte West,J.J. Hickson,Jamario Moon,Jawad Williams,Leon Powe,4,11:12,CLE,free throw,,,,,,,2,,2,Leon Powe,,,foul,missed,,,,
Al Harrington,Bill Walker,Danilo Gallinari,Eddie House,Toney Douglas,Delonte West,J.J. Hickson,Jamario Moon,Jawad Williams,Leon Powe,4,11:11,NYK,rebound,,,,,,,,,,Bill Walker,,,,,,def,,
Al Harrington,Bill Walker,Danilo Gallinari,Eddie House,Toney Douglas,Delonte West,J.J. Hickson,Jamario Moon,Jawad Williams,Leon Powe,4,10:55,NYK,shot,,,,,,,,,,Danilo Gallinari,,,,missed,,3pt,36,30
Al Harrington,Bill Walker,Danilo Gallinari,Eddie House,Toney Douglas,Delonte West,J.J. Hickson,Jamario Moon,Jawad Williams,Leon Powe,4,10:54,CLE,rebound,,,,,,,,,,Delonte West,,,,,,def,,
Al Harrington,Bill Walker,Danilo Gallinari,Eddie House,Toney Douglas,Delonte West,J.J. Hickson,Jamario Moon,Jawad Williams,Leon Powe,4,10:48,CLE,shot,Jawad Williams,,,,,,,,,J.J. Hickson,2,,,made,,slam dunk,24,7
Al Harrington,Bill Walker,Danilo Gallinari,Eddie House,Toney Douglas,Delonte West,J.J. Hickson,Jamario Moon,Jawad Williams,Leon Powe,4,10:33,NYK,shot,Toney Douglas,,,,,,,,,Bill Walker,2,,,made,,jump,25,16
Al Harrington,Bill Walker,Danilo Gallinari,Eddie House,Toney Douglas,Delonte West,J.J. Hickson,Jamario Moon,Jawad Williams,Leon Powe,4,10:12,CLE,shot,,,,,,,,,,Delonte West,2,,,made,,jump,28,25
Al Harrington,Bill Walker,Danilo Gallinari,Eddie House,Toney Douglas,Delonte West,J.J. Hickson,Jamario Moon,Jawad Williams,Leon Powe,4,9:59,NYK,shot,,,,,,,,,,Bill Walker,,,,missed,,jump,37,21
Al Harrington,Bill Walker,Danilo Gallinari,Eddie House,Toney Douglas,Delonte West,J.J. Hickson,Jamario Moon,Jawad Williams,Leon Powe,4,9:58,CLE,rebound,,,,,,,,,,Jamario Moon,,,,,,def,,
Al Harrington,Bill Walker,Danilo Gallinari,Eddie House,Toney Douglas,Delonte West,J.J. Hickson,Jamario Moon,Jawad Williams,Leon Powe,4,9:51,CLE,foul,,,,,,,,Bill Walker,,Leon Powe,,,,,,offensive,,
Al Harrington,Bill Walker,Danilo Gallinari,Eddie House,Toney Douglas,Delonte West,J.J. Hickson,Jamario Moon,Jawad Williams,Leon Powe,4,9:51,CLE,turnover,,,,,,,,,,Leon Powe,,,foul,,,,,
Al Harrington,Bill Walker,Danilo Gallinari,Eddie House,Toney Douglas,Delonte West,J.J. Hickson,Jamario Moon,Jawad Williams,Leon Powe,4,9:41,NYK,shot,,,,,,,,,,Eddie House,,,,missed,,3pt,49,7
Al Harrington,Bill Walker,Danilo Gallinari,Eddie House,Toney Douglas,Delonte West,J.J. Hickson,Jamario Moon,Jawad Williams,Leon Powe,4,9:39,CLE,rebound,,,,,,,,,,Leon Powe,,,,,,def,,
Al Harrington,Bill Walker,Danilo Gallinari,Eddie House,Toney Douglas,Delonte West,J.J. Hickson,Jamario Moon,Jawad Williams,Leon Powe,4,9:20,CLE,shot,Delonte West,,,,,,,,,Jawad Williams,3,,,made,,3pt,9,26
Al Harrington,Bill Walker,Danilo Gallinari,Eddie House,Toney Douglas,Delonte West,J.J. Hickson,Jamario Moon,Jawad Williams,Leon Powe,4,9:02,NYK,shot,,,,,,,,,,Al Harrington,,,,missed,,3pt,10,25
Al Harrington,Bill Walker,Danilo Gallinari,Eddie House,Toney Douglas,Delonte West,J.J. Hickson,Jamario Moon,Jawad Williams,Leon Powe,4,9:01,CLE,rebound,,,,,,,,,,,,,,,,,,
Al Harrington,Bill Walker,Danilo Gallinari,Eddie House,Toney Douglas,Delonte West,J.J. Hickson,Jamario Moon,Jawad Williams,Leon Powe,4,8:44,CLE,shot,,,,,,,,,,Jamario Moon,,,,missed,,jump,16,10
Al Harrington,Bill Walker,Danilo Gallinari,Eddie House,Toney Douglas,Delonte West,J.J. Hickson,Jamario Moon,Jawad Williams,Leon Powe,4,8:43,CLE,rebound,,,,,,,,,,J.J. Hickson,,,,,,off,,
Al Harrington,Bill Walker,Danilo Gallinari,Eddie House,Toney Douglas,Delonte West,J.J. Hickson,Jamario Moon,Jawad Williams,Leon Powe,4,8:43,CLE,shot,,,,,,,,,,J.J. Hickson,2,,,made,,dunk,25,5
Al Harrington,Bill Walker,Danilo Gallinari,Eddie House,Toney Douglas,Delonte West,J.J. Hickson,Jamario Moon,Jawad Williams,Leon Powe,4,8:43,NYK,timeout,,,,,,,,,,,,,,,,regular,,
Bill Walker,Danilo Gallinari,Eddie House,Jonathan Bender,Toney Douglas,Delonte West,J.J. Hickson,Jamario Moon,Jawad Williams,Leon Powe,4,8:43,NYK,sub,,,,Jonathan Bender,,Al Harrington,,,,,,,,,,,,
Bill Walker,Danilo Gallinari,Eddie House,Jonathan Bender,Toney Douglas,Daniel Green,Delonte West,Jamario Moon,Jawad Williams,Leon Powe,4,8:43,CLE,sub,,,,Daniel Green,,J.J. Hickson,,,,,,,,,,,,
Bill Walker,Danilo Gallinari,Eddie House,Jonathan Bender,Toney Douglas,Daniel Green,Darnell Jackson,Delonte West,Jawad Williams,Leon Powe,4,8:43,CLE,sub,,,,Darnell Jackson,,Jamario Moon,,,,,,,,,,,,
Bill Walker,Danilo Gallinari,Eddie House,Jonathan Bender,Toney Douglas,Daniel Green,Darnell Jackson,Delonte West,Jawad Williams,Leon Powe,4,8:29,NYK,shot,Toney Douglas,,,,,,,,,Jonathan Bender,2,,,made,,dunk,26,5
Bill Walker,Danilo Gallinari,Eddie House,Jonathan Bender,Toney Douglas,Daniel Green,Darnell Jackson,Delonte West,Jawad Williams,Leon Powe,4,8:10,CLE,shot,,,,,,,,,,Jawad Williams,,,,missed,,jump,42,12
Bill Walker,Danilo Gallinari,Eddie House,Jonathan Bender,Toney Douglas,Daniel Green,Darnell Jackson,Delonte West,Jawad Williams,Leon Powe,4,8:08,NYK,rebound,,,,,,,,,,Danilo Gallinari,,,,,,def,,
Bill Walker,Danilo Gallinari,Eddie House,Jonathan Bender,Toney Douglas,Daniel Green,Darnell Jackson,Delonte West,Jawad Williams,Leon Powe,4,8:03,CLE,foul,,,,,,,,Danilo Gallinari,,Daniel Green,,,,,,personal,,
Bill Walker,Danilo Gallinari,Eddie House,Jonathan Bender,Toney Douglas,Daniel Green,Darnell Jackson,Delonte West,Jawad Williams,Leon Powe,4,7:50,NYK,shot,,,,,,,,,,Jonathan Bender,2,,,made,,jump,40,14
Bill Walker,Danilo Gallinari,Eddie House,Jonathan Bender,Toney Douglas,Daniel Green,Darnell Jackson,Delonte West,Jawad Williams,Leon Powe,4,7:36,CLE,turnover,,,,,,,,,,Daniel Green,,,lost ball,,Jonathan Bender,,,
Bill Walker,Danilo Gallinari,Eddie House,Jonathan Bender,Toney Douglas,Daniel Green,Darnell Jackson,Delonte West,Jawad Williams,Leon Powe,4,7:32,CLE,foul,,,,,,,,Toney Douglas,,Daniel Green,,,,,,shooting,,
Bill Walker,Danilo Gallinari,Eddie House,Jonathan Bender,Toney Douglas,Daniel Green,Darnell Jackson,Delonte West,Jawad Williams,Leon Powe,4,7:32,NYK,free throw,,,,,,,1,,2,Toney Douglas,,,foul,missed,,,,
Bill Walker,Danilo Gallinari,Eddie House,Jonathan Bender,Toney Douglas,Daniel Green,Darnell Jackson,Delonte West,Jawad Williams,Leon Powe,4,7:32,NYK,rebound,,,,,,,,,,,,,,,,,,
Bill Walker,Danilo Gallinari,Jonathan Bender,Sergio Rodriguez,Toney Douglas,Daniel Green,Darnell Jackson,Delonte West,Jawad Williams,Leon Powe,4,7:32,NYK,sub,,,,Sergio Rodriguez,,Eddie House,,,,,,,,,,,,
Bill Walker,Danilo Gallinari,Jonathan Bender,Sergio Rodriguez,Toney Douglas,Daniel Green,Darnell Jackson,Delonte West,Jawad Williams,Leon Powe,4,7:32,NYK,free throw,,,,,,,2,,2,Toney Douglas,,,foul,made,,,,
Bill Walker,Danilo Gallinari,Jonathan Bender,Sergio Rodriguez,Toney Douglas,Daniel Green,Darnell Jackson,Delonte West,Jawad Williams,Leon Powe,4,7:18,CLE,foul,,,,,,,,Sergio Rodriguez,,Darnell Jackson,,,,,,offensive,,
Bill Walker,Danilo Gallinari,Jonathan Bender,Sergio Rodriguez,Toney Douglas,Daniel Green,Darnell Jackson,Delonte West,Jawad Williams,Leon Powe,4,7:18,CLE,turnover,,,,,,,,,,Darnell Jackson,,,foul,,,,,
Bill Walker,Danilo Gallinari,Jonathan Bender,Sergio Rodriguez,Toney Douglas,Daniel Green,Darnell Jackson,Delonte West,Jawad Williams,Leon Powe,4,7:06,NYK,shot,Sergio Rodriguez,,,,,,,,,Toney Douglas,3,,,made,,3pt,48,9
Bill Walker,Danilo Gallinari,Jonathan Bender,Sergio Rodriguez,Toney Douglas,Daniel Green,Darnell Jackson,Delonte West,Jawad Williams,Leon Powe,4,6:49,CLE,shot,,,Bill Walker,,,,,,,Daniel Green,,,,missed,,jump,40,11
Bill Walker,Danilo Gallinari,Jonathan Bender,Sergio Rodriguez,Toney Douglas,Daniel Green,Darnell Jackson,Delonte West,Jawad Williams,Leon Powe,4,6:49,NYK,rebound,,,,,,,,,,,,,,,,,,
Bill Walker,Danilo Gallinari,Jonathan Bender,Sergio Rodriguez,Toney Douglas,Daniel Green,Darnell Jackson,Delonte West,Jawad Williams,Leon Powe,4,6:49,CLE,foul,,,,,,,,Jonathan Bender,,Leon Powe,,,,,,loose ball,,
Bill Walker,Danilo Gallinari,Jonathan Bender,Sergio Rodriguez,Toney Douglas,Daniel Green,Darnell Jackson,Delonte West,Jawad Williams,Leon Powe,4,6:37,CLE,foul,,,,,,,,Danilo Gallinari,,Darnell Jackson,,,,,,shooting,,
Bill Walker,Danilo Gallinari,Jonathan Bender,Sergio Rodriguez,Toney Douglas,Daniel Green,Darnell Jackson,Delonte West,Jawad Williams,Leon Powe,4,6:37,NYK,free throw,,,,,,,1,,2,Danilo Gallinari,,,foul,made,,,,
Bill Walker,Danilo Gallinari,Jonathan Bender,Sergio Rodriguez,Toney Douglas,Daniel Green,Darnell Jackson,Delonte West,Jawad Williams,Leon Powe,4,6:37,NYK,free throw,,,,,,,2,,2,Danilo Gallinari,,,foul,made,,,,
Bill Walker,Danilo Gallinari,Jonathan Bender,Sergio Rodriguez,Toney Douglas,Daniel Green,Darnell Jackson,Delonte West,Jawad Williams,Leon Powe,4,6:18,CLE,shot,,,,,,,,,,Jawad Williams,,,,missed,,3pt,6,22
Bill Walker,Danilo Gallinari,Jonathan Bender,Sergio Rodriguez,Toney Douglas,Daniel Green,Darnell Jackson,Delonte West,Jawad Williams,Leon Powe,4,6:17,NYK,rebound,,,,,,,,,,Toney Douglas,,,,,,def,,
Bill Walker,Danilo Gallinari,Jonathan Bender,Sergio Rodriguez,Toney Douglas,Daniel Green,Darnell Jackson,Delonte West,Jawad Williams,Leon Powe,4,5:59,NYK,shot,Sergio Rodriguez,,,,,,,,,Bill Walker,3,,,made,,3pt,5,21
Bill Walker,Danilo Gallinari,Jonathan Bender,Sergio Rodriguez,Toney Douglas,Daniel Green,Darnell Jackson,Delonte West,Jawad Williams,Leon Powe,4,5:33,CLE,shot,,,,,,,,,,Jawad Williams,2,,,made,,jump,37,26
Bill Walker,Danilo Gallinari,Jonathan Bender,Sergio Rodriguez,Toney Douglas,Daniel Green,Darnell Jackson,Delonte West,Jawad Williams,Leon Powe,4,5:21,CLE,foul,,,,,,,,Danilo Gallinari,,Jawad Williams,,,,,,personal,,
Bill Walker,Danilo Gallinari,Jonathan Bender,Sergio Rodriguez,Toney Douglas,Daniel Green,Darnell Jackson,Delonte West,Jawad Williams,Leon Powe,4,5:21,NYK,timeout,,,,,,,,,,,,,,,,official,,
Bill Walker,Danilo Gallinari,Jonathan Bender,Sergio Rodriguez,Toney Douglas,Daniel Green,Darnell Jackson,Delonte West,Jawad Williams,Leon Powe,4,5:21,NYK,free throw,,,,,,,1,,2,Danilo Gallinari,,,foul,made,,,,
Bill Walker,Danilo Gallinari,Jonathan Bender,Sergio Rodriguez,Toney Douglas,Daniel Green,Darnell Jackson,Delonte West,Jawad Williams,Leon Powe,4,5:21,NYK,free throw,,,,,,,2,,2,Danilo Gallinari,,,foul,made,,,,
Bill Walker,Danilo Gallinari,Jonathan Bender,Sergio Rodriguez,Toney Douglas,Daniel Green,Darnell Jackson,Delonte West,Jawad Williams,Leon Powe,4,5:06,NYK,foul,,,,,,,,Darnell Jackson,,Jonathan Bender,,,,,,shooting,,
Bill Walker,Danilo Gallinari,Jonathan Bender,Sergio Rodriguez,Toney Douglas,Daniel Green,Darnell Jackson,Delonte West,Jawad Williams,Leon Powe,4,5:06,CLE,free throw,,,,,,,1,,2,Darnell Jackson,,,foul,made,,,,
Bill Walker,Danilo Gallinari,Jonathan Bender,Sergio Rodriguez,Toney Douglas,Daniel Green,Darnell Jackson,Delonte West,Jawad Williams,Leon Powe,4,5:06,CLE,free throw,,,,,,,2,,2,Darnell Jackson,,,foul,missed,,,,
Bill Walker,Danilo Gallinari,Jonathan Bender,Sergio Rodriguez,Toney Douglas,Daniel Green,Darnell Jackson,Delonte West,Jawad Williams,Leon Powe,4,5:05,NYK,rebound,,,,,,,,,,Danilo Gallinari,,,,,,def,,
Bill Walker,Danilo Gallinari,Jonathan Bender,Sergio Rodriguez,Toney Douglas,Daniel Green,Darnell Jackson,Delonte West,Jawad Williams,Leon Powe,4,4:50,NYK,shot,,,,,,,,,,Toney Douglas,,,,missed,,3pt,44,21
Bill Walker,Danilo Gallinari,Jonathan Bender,Sergio Rodriguez,Toney Douglas,Daniel Green,Darnell Jackson,Delonte West,Jawad Williams,Leon Powe,4,4:49,NYK,rebound,,,,,,,,,,Danilo Gallinari,,,,,,off,,
Bill Walker,Danilo Gallinari,Jonathan Bender,Sergio Rodriguez,Toney Douglas,Daniel Green,Darnell Jackson,Delonte West,Jawad Williams,Leon Powe,4,4:49,NYK,shot,,,,,,,,,,Danilo Gallinari,2,,,made,,layup,25,7
Bill Walker,Danilo Gallinari,Jonathan Bender,Sergio Rodriguez,Toney Douglas,Daniel Green,Darnell Jackson,Delonte West,Jawad Williams,Leon Powe,4,4:49,CLE,foul,,,,,,,,Danilo Gallinari,,Jawad Williams,,,,,,shooting,,
Bill Walker,Danilo Gallinari,Jonathan Bender,Sergio Rodriguez,Toney Douglas,Daniel Green,Darnell Jackson,Delonte West,Jawad Williams,Leon Powe,4,4:49,NYK,free throw,,,,,,,1,,1,Danilo Gallinari,,,foul,made,,,,
Bill Walker,Danilo Gallinari,Jonathan Bender,Sergio Rodriguez,Toney Douglas,Daniel Green,Darnell Jackson,Delonte West,Jawad Williams,Leon Powe,4,4:29,CLE,shot,,,,,,,,,,Leon Powe,2,,,made,,jump,30,15
Bill Walker,Danilo Gallinari,Jonathan Bender,Sergio Rodriguez,Toney Douglas,Daniel Green,Darnell Jackson,Delonte West,Jawad Williams,Leon Powe,4,4:29,NYK,foul,,,,,,,,Leon Powe,,Bill Walker,,,,,,shooting,,
Bill Walker,Danilo Gallinari,Jonathan Bender,Sergio Rodriguez,Toney Douglas,Daniel Green,Darnell Jackson,Jamario Moon,Jawad Williams,Leon Powe,4,4:29,CLE,sub,,,,Jamario Moon,,Delonte West,,,,,,,,,,,,
Bill Walker,Danilo Gallinari,Jonathan Bender,Sergio Rodriguez,Toney Douglas,Daniel Green,Darnell Jackson,Jamario Moon,Jawad Williams,Leon Powe,4,4:29,CLE,free throw,,,,,,,1,,1,Leon Powe,,,foul,made,,,,
Bill Walker,Danilo Gallinari,Jonathan Bender,Sergio Rodriguez,Toney Douglas,Daniel Green,Darnell Jackson,Jamario Moon,Jawad Williams,Leon Powe,4,4:13,NYK,shot,Toney Douglas,,,,,,,,,Bill Walker,2,,,made,,driving layup,26,6
Bill Walker,Danilo Gallinari,Jonathan Bender,Sergio Rodriguez,Toney Douglas,Daniel Green,Darnell Jackson,Jamario Moon,Jawad Williams,Leon Powe,4,3:56,CLE,shot,,,,,,,,,,Jamario Moon,,,,missed,,jump,29,26
Bill Walker,Danilo Gallinari,Jonathan Bender,Sergio Rodriguez,Toney Douglas,Daniel Green,Darnell Jackson,Jamario Moon,Jawad Williams,Leon Powe,4,3:55,NYK,rebound,,,,,,,,,,Toney Douglas,,,,,,def,,
Bill Walker,Danilo Gallinari,Jonathan Bender,Sergio Rodriguez,Toney Douglas,Daniel Green,Darnell Jackson,Jamario Moon,Jawad Williams,Leon Powe,4,3:49,NYK,shot,,,,,,,,,,Sergio Rodriguez,2,,,made,,driving layup,25,7
Bill Walker,Danilo Gallinari,Jonathan Bender,Sergio Rodriguez,Toney Douglas,Daniel Green,Darnell Jackson,Jamario Moon,Jawad Williams,Leon Powe,4,3:49,CLE,foul,,,,,,,,Sergio Rodriguez,,Daniel Green,,,,,,shooting,,
Bill Walker,Danilo Gallinari,Jonathan Bender,Sergio Rodriguez,Toney Douglas,Daniel Green,Darnell Jackson,Jamario Moon,Jawad Williams,Leon Powe,4,3:49,NYK,free throw,,,,,,,1,,1,Sergio Rodriguez,,,foul,missed,,,,
Bill Walker,Danilo Gallinari,Jonathan Bender,Sergio Rodriguez,Toney Douglas,Daniel Green,Darnell Jackson,Jamario Moon,Jawad Williams,Leon Powe,4,3:48,CLE,rebound,,,,,,,,,,Leon Powe,,,,,,def,,
Bill Walker,Danilo Gallinari,Jonathan Bender,Sergio Rodriguez,Toney Douglas,Daniel Green,Darnell Jackson,Jamario Moon,Jawad Williams,Leon Powe,4,3:42,CLE,shot,,,,,,,,,,Darnell Jackson,,,,missed,,layup,24,7
Bill Walker,Danilo Gallinari,Jonathan Bender,Sergio Rodriguez,Toney Douglas,Daniel Green,Darnell Jackson,Jamario Moon,Jawad Williams,Leon Powe,4,3:40,NYK,rebound,,,,,,,,,,Danilo Gallinari,,,,,,def,,
Bill Walker,Danilo Gallinari,Jonathan Bender,Sergio Rodriguez,Toney Douglas,Daniel Green,Darnell Jackson,Jamario Moon,Jawad Williams,Leon Powe,4,3:30,NYK,shot,Toney Douglas,,,,,,,,,Danilo Gallinari,3,,,made,,3pt,14,28
Bill Walker,Danilo Gallinari,Jonathan Bender,Sergio Rodriguez,Toney Douglas,Daniel Green,Darnell Jackson,Jamario Moon,Jawad Williams,Leon Powe,4,3:10,CLE,shot,,,Jonathan Bender,,,,,,,Daniel Green,,,,missed,,layup,25,7
Bill Walker,Danilo Gallinari,Jonathan Bender,Sergio Rodriguez,Toney Douglas,Daniel Green,Darnell Jackson,Jamario Moon,Jawad Williams,Leon Powe,4,3:08,NYK,rebound,,,,,,,,,,Jonathan Bender,,,,,,def,,
Bill Walker,Danilo Gallinari,Jonathan Bender,Sergio Rodriguez,Toney Douglas,Daniel Green,Darnell Jackson,Jamario Moon,Jawad Williams,Leon Powe,4,3:03,NYK,shot,,,,,,,,,,Sergio Rodriguez,,,,missed,,layup,25,6
Bill Walker,Danilo Gallinari,Jonathan Bender,Sergio Rodriguez,Toney Douglas,Daniel Green,Darnell Jackson,Jamario Moon,Jawad Williams,Leon Powe,4,3:00,CLE,rebound,,,,,,,,,,Darnell Jackson,,,,,,def,,
Bill Walker,Danilo Gallinari,Jonathan Bender,Sergio Rodriguez,Toney Douglas,Daniel Green,Darnell Jackson,Jamario Moon,Jawad Williams,Leon Powe,4,2:45,CLE,shot,Jawad Williams,,,,,,,,,Jamario Moon,2,,,made,,dunk,25,7
Bill Walker,Danilo Gallinari,Jonathan Bender,Sergio Rodriguez,Toney Douglas,Daniel Green,Darnell Jackson,Jamario Moon,Jawad Williams,Leon Powe,4,2:27,NYK,turnover,,,,,,,,,,Jonathan Bender,,,traveling,,,,,
Bill Walker,Danilo Gallinari,Jonathan Bender,Sergio Rodriguez,Toney Douglas,Daniel Green,Darnell Jackson,Jamario Moon,Jawad Williams,Leon Powe,4,2:27,CLE,timeout,,,,,,,,,,,,,,,,regular,,
Bill Walker,Danilo Gallinari,Jonathan Bender,Sergio Rodriguez,Toney Douglas,Daniel Green,Darnell Jackson,Jamario Moon,Jawad Williams,Leon Powe,4,2:13,CLE,shot,,,,,,,,,,Jawad Williams,,,,missed,,jump,5,7
Bill Walker,Danilo Gallinari,Jonathan Bender,Sergio Rodriguez,Toney Douglas,Daniel Green,Darnell Jackson,Jamario Moon,Jawad Williams,Leon Powe,4,2:12,NYK,rebound,,,,,,,,,,Bill Walker,,,,,,def,,
Bill Walker,Danilo Gallinari,Jonathan Bender,Sergio Rodriguez,Toney Douglas,Daniel Green,Darnell Jackson,Jamario Moon,Jawad Williams,Leon Powe,4,1:56,NYK,shot,,,,,,,,,,Bill Walker,,,,missed,,alley oop dunk,26,6
Bill Walker,Danilo Gallinari,Jonathan Bender,Sergio Rodriguez,Toney Douglas,Daniel Green,Darnell Jackson,Jamario Moon,Jawad Williams,Leon Powe,4,1:55,CLE,rebound,,,,,,,,,,Leon Powe,,,,,,def,,
Bill Walker,Danilo Gallinari,Jonathan Bender,Sergio Rodriguez,Toney Douglas,Daniel Green,Darnell Jackson,Jamario Moon,Jawad Williams,Leon Powe,4,1:50,CLE,turnover,,,,,,,,,,Leon Powe,,,traveling,,,,,
Bill Walker,Danilo Gallinari,Jonathan Bender,Sergio Rodriguez,Toney Douglas,Daniel Green,Darnell Jackson,Jamario Moon,Jawad Williams,Leon Powe,4,1:38,NYK,shot,,,,,,,,,,Danilo Gallinari,,,,missed,,3pt,48,9
Bill Walker,Danilo Gallinari,Jonathan Bender,Sergio Rodriguez,Toney Douglas,Daniel Green,Darnell Jackson,Jamario Moon,Jawad Williams,Leon Powe,4,1:37,CLE,rebound,,,,,,,,,,Jawad Williams,,,,,,def,,
Bill Walker,Danilo Gallinari,Jonathan Bender,Sergio Rodriguez,Toney Douglas,Daniel Green,Darnell Jackson,Jamario Moon,Jawad Williams,Leon Powe,4,1:25,CLE,shot,Jawad Williams,,,,,,,,,Daniel Green,2,,,made,,jump,5,11
Bill Walker,Danilo Gallinari,Jonathan Bender,Sergio Rodriguez,Toney Douglas,Daniel Green,Darnell Jackson,Jamario Moon,Jawad Williams,Leon Powe,4,1:19,CLE,foul,,,,,,,,Sergio Rodriguez,,Jamario Moon,,,,,,personal,,
Bill Walker,Danilo Gallinari,Jonathan Bender,Sergio Rodriguez,Toney Douglas,Daniel Green,Darnell Jackson,Jamario Moon,Jawad Williams,Leon Powe,4,1:19,NYK,free throw,,,,,,,1,,2,Sergio Rodriguez,,,foul,made,,,,
Bill Walker,Danilo Gallinari,Jonathan Bender,Sergio Rodriguez,Toney Douglas,Daniel Green,Darnell Jackson,Jamario Moon,Jawad Williams,Leon Powe,4,1:19,NYK,free throw,,,,,,,2,,2,Sergio Rodriguez,,,foul,made,,,,
Bill Walker,Danilo Gallinari,Jonathan Bender,Sergio Rodriguez,Toney Douglas,Daniel Green,Darnell Jackson,Jamario Moon,Jawad Williams,Leon Powe,4,1:01,CLE,shot,,,,,,,,,,Leon Powe,,,,missed,,jump,26,13
Bill Walker,Danilo Gallinari,Jonathan Bender,Sergio Rodriguez,Toney Douglas,Daniel Green,Darnell Jackson,Jamario Moon,Jawad Williams,Leon Powe,4,1:01,CLE,rebound,,,,,,,,,,Daniel Green,,,,,,off,,
Bill Walker,Danilo Gallinari,Jonathan Bender,Sergio Rodriguez,Toney Douglas,Daniel Green,Darnell Jackson,Jamario Moon,Jawad Williams,Leon Powe,4,1:01,CLE,shot,,,,,,,,,,Daniel Green,2,,,made,,tip,24,5
Bill Walker,Danilo Gallinari,Jonathan Bender,Sergio Rodriguez,Toney Douglas,Daniel Green,Darnell Jackson,Jamario Moon,Jawad Williams,Leon Powe,4,0:50,NYK,shot,,,,,,,,,,Toney Douglas,2,,,made,,floating jump,26,10
Bill Walker,Danilo Gallinari,Jonathan Bender,Sergio Rodriguez,Toney Douglas,Daniel Green,Darnell Jackson,Jamario Moon,Jawad Williams,Leon Powe,4,0:28,CLE,shot,,,,,,,,,,Jawad Williams,2,,,made,,driving reverse layup,25,7
Bill Walker,Danilo Gallinari,Jonathan Bender,Sergio Rodriguez,Toney Douglas,Daniel Green,Darnell Jackson,Jamario Moon,Jawad Williams,Leon Powe,4,0:18,NYK,shot,Toney Douglas,,,,,,,,,Sergio Rodriguez,3,,,made,,3pt,45,22
