a1,a2,a3,a4,a5,h1,h2,h3,h4,h5,period,time,team,etype,assist,away,block,entered,home,left,num,opponent,outof,player,points,possession,reason,result,steal,type,x,y
Baron Davis,Brian Skinner,Eric Gordon,Marcus Camby,Rasual Butler,Al Jefferson,Corey Brewer,Jonny Flynn,Ryan Gomes,Ryan Hollins,1,12:00,OFF,jump ball,,Marcus Camby,,,Ryan Hollins,,,,,,,Baron Davis,,,,,,
Baron Davis,Brian Skinner,Eric Gordon,Marcus Camby,Rasual Butler,Al Jefferson,Corey Brewer,Jonny Flynn,Ryan Gomes,Ryan Hollins,1,11:38,LAC,shot,,,,,,,,,,Marcus Camby,,,,missed,,layup,25,6
Baron Davis,Brian Skinner,Eric Gordon,Marcus Camby,Rasual Butler,Al Jefferson,Corey Brewer,Jonny Flynn,Ryan Gomes,Ryan Hollins,1,11:36,MIN,rebound,,,,,,,,,,Corey Brewer,,,,,,def,,
Baron Davis,Brian Skinner,Eric Gordon,Marcus Camby,Rasual Butler,Al Jefferson,Corey Brewer,Jonny Flynn,Ryan Gomes,Ryan Hollins,1,11:20,MIN,shot,Ryan Gomes,,,,,,,,,Jonny Flynn,3,,,made,,3pt,35,28
Baron Davis,Brian Skinner,Eric Gordon,Marcus Camby,Rasual Butler,Al Jefferson,Corey Brewer,Jonny Flynn,Ryan Gomes,Ryan Hollins,1,11:04,LAC,turnover,,,,,,,,,,Baron Davis,,,bad pass,,Al Jefferson,,,
Baron Davis,Brian Skinner,Eric Gordon,Marcus Camby,Rasual Butler,Al Jefferson,Corey Brewer,Jonny Flynn,Ryan Gomes,Ryan Hollins,1,11:01,MIN,shot,,,,,,,,,,Corey Brewer,2,,,made,,slam dunk,25,6
Baron Davis,Brian Skinner,Eric Gordon,Marcus Camby,Rasual Butler,Al Jefferson,Corey Brewer,Jonny Flynn,Ryan Gomes,Ryan Hollins,1,10:34,LAC,shot,,,,,,,,,,Brian Skinner,,,,missed,,jump,44,10
Baron Davis,Brian Skinner,Eric Gordon,Marcus Camby,Rasual Butler,Al Jefferson,Corey Brewer,Jonny Flynn,Ryan Gomes,Ryan Hollins,1,10:32,MIN,rebound,,,,,,,,,,Ryan Hollins,,,,,,def,,
Baron Davis,Brian Skinner,Eric Gordon,Marcus Camby,Rasual Butler,Al Jefferson,Corey Brewer,Jonny Flynn,Ryan Gomes,Ryan Hollins,1,10:26,MIN,shot,Jonny Flynn,,,,,,,,,Ryan Gomes,2,,,made,,jump,9,15
Baron Davis,Brian Skinner,Eric Gordon,Marcus Camby,Rasual Butler,Al Jefferson,Corey Brewer,Jonny Flynn,Ryan Gomes,Ryan Hollins,1,10:13,LAC,shot,,,,,,,,,,Marcus Camby,,,,missed,,jump,36,19
Baron Davis,Brian Skinner,Eric Gordon,Marcus Camby,Rasual Butler,Al Jefferson,Corey Brewer,Jonny Flynn,Ryan Gomes,Ryan Hollins,1,10:11,MIN,rebound,,,,,,,,,,Al Jefferson,,,,,,def,,
Baron Davis,Brian Skinner,Eric Gordon,Marcus Camby,Rasual Butler,Al Jefferson,Corey Brewer,Jonny Flynn,Ryan Gomes,Ryan Hollins,1,10:04,MIN,shot,Corey Brewer,,,,,,,,,Ryan Hollins,2,,,made,,layup,25,6
Baron Davis,Brian Skinner,Eric Gordon,Marcus Camby,Rasual Butler,Al Jefferson,Corey Brewer,Jonny Flynn,Ryan Gomes,Ryan Hollins,1,9:49,LAC,shot,,,,,,,,,,Baron Davis,2,,,made,,jump,22,26
Baron Davis,Brian Skinner,Eric Gordon,Marcus Camby,Rasual Butler,Al Jefferson,Corey Brewer,Jonny Flynn,Ryan Gomes,Ryan Hollins,1,9:29,MIN,shot,Jonny Flynn,,,,,,,,,Ryan Hollins,2,,,made,,turnaround jump,20,14
Baron Davis,Brian Skinner,Eric Gordon,Marcus Camby,Rasual Butler,Al Jefferson,Corey Brewer,Jonny Flynn,Ryan Gomes,Ryan Hollins,1,9:07,LAC,shot,,,,,,,,,,Brian Skinner,,,,missed,,layup,25,6
Baron Davis,Brian Skinner,Eric Gordon,Marcus Camby,Rasual Butler,Al Jefferson,Corey Brewer,Jonny Flynn,Ryan Gomes,Ryan Hollins,1,9:06,MIN,rebound,,,,,,,,,,Al Jefferson,,,,,,def,,
Baron Davis,Brian Skinner,Eric Gordon,Marcus Camby,Rasual Butler,Al Jefferson,Corey Brewer,Jonny Flynn,Ryan Gomes,Ryan Hollins,1,9:01,MIN,shot,,,,,,,,,,Corey Brewer,,,,missed,,jump,12,21
Baron Davis,Brian Skinner,Eric Gordon,Marcus Camby,Rasual Butler,Al Jefferson,Corey Brewer,Jonny Flynn,Ryan Gomes,Ryan Hollins,1,9:00,MIN,rebound,,,,,,,,,,,,,,,,,,
Baron Davis,Brian Skinner,Eric Gordon,Marcus Camby,Rasual Butler,Al Jefferson,Corey Brewer,Jonny Flynn,Ryan Gomes,Ryan Hollins,1,9:00,LAC,foul,,,,,,,,Ryan Hollins,,Brian Skinner,,,,,,loose ball,,
Baron Davis,Brian Skinner,Eric Gordon,Marcus Camby,Rasual Butler,Al Jefferson,Corey Brewer,Jonny Flynn,Ryan Gomes,Ryan Hollins,1,8:53,MIN,shot,,,Brian Skinner,,,,,,,Ryan Hollins,,,,missed,,dunk,25,6
Baron Davis,Brian Skinner,Eric Gordon,Marcus Camby,Rasual Butler,Al Jefferson,Corey Brewer,Jonny Flynn,Ryan Gomes,Ryan Hollins,1,8:52,MIN,rebound,,,,,,,,,,Al Jefferson,,,,,,off,,
Baron Davis,Brian Skinner,Eric Gordon,Marcus Camby,Rasual Butler,Al Jefferson,Corey Brewer,Jonny Flynn,Ryan Gomes,Ryan Hollins,1,8:51,MIN,shot,,,,,,,,,,Al Jefferson,,,,missed,,layup,25,6
Baron Davis,Brian Skinner,Eric Gordon,Marcus Camby,Rasual Butler,Al Jefferson,Corey Brewer,Jonny Flynn,Ryan Gomes,Ryan Hollins,1,8:50,LAC,rebound,,,,,,,,,,Brian Skinner,,,,,,def,,
Baron Davis,Brian Skinner,Eric Gordon,Marcus Camby,Rasual Butler,Al Jefferson,Corey Brewer,Jonny Flynn,Ryan Gomes,Ryan Hollins,1,8:47,LAC,foul,,,,,,,,Jonny Flynn,,Eric Gordon,,,,,,offensive,,
Baron Davis,Brian Skinner,Eric Gordon,Marcus Camby,Rasual Butler,Al Jefferson,Corey Brewer,Jonny Flynn,Ryan Gomes,Ryan Hollins,1,8:47,LAC,turnover,,,,,,,,,,Eric Gordon,,,foul,,,,,
Baron Davis,Brian Skinner,Eric Gordon,Marcus Camby,Rasual Butler,Al Jefferson,Corey Brewer,Jonny Flynn,Ryan Gomes,Ryan Hollins,1,8:37,MIN,shot,,,,,,,,,,Al Jefferson,2,,,made,,layup,25,6
Baron Davis,Brian Skinner,Eric Gordon,Marcus Camby,Rasual Butler,Al Jefferson,Corey Brewer,Jonny Flynn,Ryan Gomes,Ryan Hollins,1,8:27,LAC,shot,,,,,,,,,,Baron Davis,,,,missed,,layup,25,6
Baron Davis,Brian Skinner,Eric Gordon,Marcus Camby,Rasual Butler,Al Jefferson,Corey Brewer,Jonny Flynn,Ryan Gomes,Ryan Hollins,1,8:26,LAC,rebound,,,,,,,,,,Baron Davis,,,,,,off,,
Baron Davis,Brian Skinner,Eric Gordon,Marcus Camby,Rasual Butler,Al Jefferson,Corey Brewer,Jonny Flynn,Ryan Gomes,Ryan Hollins,1,8:24,MIN,foul,,,,,,,,Baron Davis,,Ryan Gomes,,,,,,shooting,,
Baron Davis,Brian Skinner,Eric Gordon,Marcus Camby,Rasual Butler,Al Jefferson,Corey Brewer,Jonny Flynn,Ryan Gomes,Ryan Hollins,1,8:24,LAC,free throw,,,,,,,1,,2,Baron Davis,,,foul,missed,,,,
Baron Davis,Brian Skinner,Eric Gordon,Marcus Camby,Rasual Butler,Al Jefferson,Corey Brewer,Jonny Flynn,Ryan Gomes,Ryan Hollins,1,8:24,LAC,rebound,,,,,,,,,,,,,,,,,,
Baron Davis,Brian Skinner,Eric Gordon,Marcus Camby,Rasual Butler,Al Jefferson,Corey Brewer,Jonny Flynn,Ryan Gomes,Ryan Hollins,1,8:24,LAC,free throw,,,,,,,2,,2,Baron Davis,,,foul,made,,,,
Baron Davis,Brian Skinner,Eric Gordon,Marcus Camby,Rasual Butler,Al Jefferson,Corey Brewer,Jonny Flynn,Ryan Gomes,Ryan Hollins,1,8:03,MIN,shot,,,,,,,,,,Corey Brewer,,,,missed,,3pt,2,9
Baron Davis,Brian Skinner,Eric Gordon,Marcus Camby,Rasual Butler,Al Jefferson,Corey Brewer,Jonny Flynn,Ryan Gomes,Ryan Hollins,1,8:02,MIN,rebound,,,,,,,,,,,,,,,,,,
Baron Davis,Brian Skinner,Eric Gordon,Marcus Camby,Rasual Butler,Al Jefferson,Corey Brewer,Jonny Flynn,Ryan Gomes,Ryan Hollins,1,7:53,MIN,shot,,,,,,,,,,Jonny Flynn,2,,,made,,jump,15,19
Baron Davis,Brian Skinner,Eric Gordon,Marcus Camby,Rasual Butler,Al Jefferson,Corey Brewer,Jonny Flynn,Ryan Gomes,Ryan Hollins,1,7:40,LAC,shot,Rasual Butler,,,,,,,,,Brian Skinner,2,,,made,,layup,25,6
Baron Davis,Brian Skinner,Eric Gordon,Marcus Camby,Rasual Butler,Al Jefferson,Corey Brewer,Jonny Flynn,Ryan Gomes,Ryan Hollins,1,7:24,MIN,shot,,,,,,,,,,Ryan Hollins,,,,missed,,jump,10,16
Baron Davis,Brian Skinner,Eric Gordon,Marcus Camby,Rasual Butler,Al Jefferson,Corey Brewer,Jonny Flynn,Ryan Gomes,Ryan Hollins,1,7:23,LAC,rebound,,,,,,,,,,Brian Skinner,,,,,,def,,
Baron Davis,Brian Skinner,Eric Gordon,Marcus Camby,Rasual Butler,Al Jefferson,Corey Brewer,Jonny Flynn,Ryan Gomes,Ryan Hollins,1,7:16,LAC,shot,,,Al Jefferson,,,,,,,Baron Davis,,,,missed,,layup,25,6
Baron Davis,Brian Skinner,Eric Gordon,Marcus Camby,Rasual Butler,Al Jefferson,Corey Brewer,Jonny Flynn,Ryan Gomes,Ryan Hollins,1,7:15,MIN,rebound,,,,,,,,,,Al Jefferson,,,,,,def,,
Baron Davis,Brian Skinner,Eric Gordon,Marcus Camby,Rasual Butler,Al Jefferson,Corey Brewer,Jonny Flynn,Ryan Gomes,Ryan Hollins,1,7:09,MIN,shot,,,,,,,,,,Jonny Flynn,2,,,made,,running layup,25,6
Baron Davis,Brian Skinner,Eric Gordon,Marcus Camby,Rasual Butler,Al Jefferson,Corey Brewer,Jonny Flynn,Ryan Gomes,Ryan Hollins,1,6:47,LAC,shot,,,,,,,,,,Rasual Butler,,,,missed,,jump,11,7
Baron Davis,Brian Skinner,Eric Gordon,Marcus Camby,Rasual Butler,Al Jefferson,Corey Brewer,Jonny Flynn,Ryan Gomes,Ryan Hollins,1,6:46,MIN,rebound,,,,,,,,,,Al Jefferson,,,,,,def,,
Baron Davis,Brian Skinner,Eric Gordon,Marcus Camby,Rasual Butler,Al Jefferson,Corey Brewer,Jonny Flynn,Ryan Gomes,Ryan Hollins,1,6:43,MIN,turnover,,,,,,,,,,Al Jefferson,,,bad pass,,Baron Davis,,,
Baron Davis,Brian Skinner,Eric Gordon,Marcus Camby,Rasual Butler,Al Jefferson,Corey Brewer,Jonny Flynn,Ryan Gomes,Ryan Hollins,1,6:38,LAC,turnover,,,,,,,,,,Baron Davis,,,bad pass,,Jonny Flynn,,,
Baron Davis,Brian Skinner,Eric Gordon,Marcus Camby,Rasual Butler,Al Jefferson,Corey Brewer,Jonny Flynn,Ryan Gomes,Ryan Hollins,1,6:34,MIN,turnover,,,,,,,,,,Al Jefferson,,,traveling,,,,,
Baron Davis,Brian Skinner,Eric Gordon,Marcus Camby,Rasual Butler,Al Jefferson,Corey Brewer,Jonny Flynn,Kevin Love,Ryan Gomes,1,6:34,MIN,sub,,,,Kevin Love,,Ryan Hollins,,,,,,,,,,,,
Baron Davis,Craig Smith,Eric Gordon,Marcus Camby,Rasual Butler,Al Jefferson,Corey Brewer,Jonny Flynn,Kevin Love,Ryan Gomes,1,6:34,LAC,sub,,,,Craig Smith,,Brian Skinner,,,,,,,,,,,,
Baron Davis,Craig Smith,Eric Gordon,Marcus Camby,Rasual Butler,Al Jefferson,Corey Brewer,Jonny Flynn,Kevin Love,Ryan Gomes,1,6:21,MIN,foul,,,,,,,,Craig Smith,,Corey Brewer,,,,,,personal,,
Baron Davis,Craig Smith,Eric Gordon,Marcus Camby,Rasual Butler,Al Jefferson,Corey Brewer,Damien Wilkins,Jonny Flynn,Kevin Love,1,6:21,MIN,sub,,,,Damien Wilkins,,Ryan Gomes,,,,,,,,,,,,
Baron Davis,Craig Smith,Eric Gordon,Marcus Camby,Rasual Butler,Al Jefferson,Corey Brewer,Damien Wilkins,Jonny Flynn,Kevin Love,1,6:09,LAC,shot,,,,,,,,,,Eric Gordon,,,,missed,,3pt,46,20
Baron Davis,Craig Smith,Eric Gordon,Marcus Camby,Rasual Butler,Al Jefferson,Corey Brewer,Damien Wilkins,Jonny Flynn,Kevin Love,1,6:08,MIN,rebound,,,,,,,,,,Kevin Love,,,,,,def,,
Baron Davis,Craig Smith,Eric Gordon,Marcus Camby,Rasual Butler,Al Jefferson,Corey Brewer,Damien Wilkins,Jonny Flynn,Kevin Love,1,5:53,MIN,turnover,,,,,,,,,,Al Jefferson,,,lost ball,,Rasual Butler,,,
Baron Davis,Craig Smith,Eric Gordon,Marcus Camby,Rasual Butler,Al Jefferson,Corey Brewer,Damien Wilkins,Jonny Flynn,Kevin Love,1,5:47,LAC,shot,,,,,,,,,,Eric Gordon,,,,missed,,layup,25,6
Baron Davis,Craig Smith,Eric Gordon,Marcus Camby,Rasual Butler,Al Jefferson,Corey Brewer,Damien Wilkins,Jonny Flynn,Kevin Love,1,5:45,MIN,rebound,,,,,,,,,,Damien Wilkins,,,,,,def,,
Baron Davis,Craig Smith,Eric Gordon,Marcus Camby,Rasual Butler,Al Jefferson,Corey Brewer,Damien Wilkins,Jonny Flynn,Kevin Love,1,5:29,MIN,shot,Kevin Love,,,,,,,,,Corey Brewer,2,,,made,,pullup jump,11,12
Baron Davis,Craig Smith,Eric Gordon,Marcus Camby,Rasual Butler,Al Jefferson,Corey Brewer,Damien Wilkins,Jonny Flynn,Kevin Love,1,5:11,LAC,shot,,,,,,,,,,Eric Gordon,,,,missed,,3pt,17,29
Baron Davis,Craig Smith,Eric Gordon,Marcus Camby,Rasual Butler,Al Jefferson,Corey Brewer,Damien Wilkins,Jonny Flynn,Kevin Love,1,5:09,LAC,rebound,,,,,,,,,,,,,,,,,,
Baron Davis,Craig Smith,Eric Gordon,Marcus Camby,Rasual Butler,Al Jefferson,Corey Brewer,Damien Wilkins,Jonny Flynn,Kevin Love,1,5:09,MIN,timeout,,,,,,,,,,,,,,,,regular,,
Baron Davis,Craig Smith,Eric Gordon,Marcus Camby,Rasual Butler,Al Jefferson,Corey Brewer,Damien Wilkins,Jonny Flynn,Kevin Love,1,4:52,LAC,shot,Marcus Camby,,,,,,,,,Craig Smith,2,,,made,,layup,25,6
Baron Davis,Craig Smith,Eric Gordon,Marcus Camby,Rasual Butler,Al Jefferson,Corey Brewer,Damien Wilkins,Jonny Flynn,Kevin Love,1,4:40,MIN,shot,,,,,,,,,,Kevin Love,,,,missed,,jump,16,7
Baron Davis,Craig Smith,Eric Gordon,Marcus Camby,Rasual Butler,Al Jefferson,Corey Brewer,Damien Wilkins,Jonny Flynn,Kevin Love,1,4:39,LAC,rebound,,,,,,,,,,Marcus Camby,,,,,,def,,
Baron Davis,Craig Smith,Eric Gordon,Marcus Camby,Rasual Butler,Al Jefferson,Corey Brewer,Damien Wilkins,Jonny Flynn,Kevin Love,1,4:23,LAC,shot,,,,,,,,,,Rasual Butler,,,,missed,,3pt,5,20
Baron Davis,Craig Smith,Eric Gordon,Marcus Camby,Rasual Butler,Al Jefferson,Corey Brewer,Damien Wilkins,Jonny Flynn,Kevin Love,1,4:22,MIN,rebound,,,,,,,,,,Kevin Love,,,,,,def,,
Baron Davis,Craig Smith,Eric Gordon,Marcus Camby,Rasual Butler,Al Jefferson,Corey Brewer,Damien Wilkins,Jonny Flynn,Kevin Love,1,4:05,MIN,turnover,,,,,,,,,,Corey Brewer,,,bad pass,,Baron Davis,,,
Baron Davis,Craig Smith,Eric Gordon,Marcus Camby,Rasual Butler,Al Jefferson,Corey Brewer,Damien Wilkins,Jonny Flynn,Kevin Love,1,4:01,MIN,foul,,,,,,,,Eric Gordon,,Jonny Flynn,,,,,,shooting,,
Baron Davis,Craig Smith,Eric Gordon,Marcus Camby,Rasual Butler,Corey Brewer,Damien Wilkins,Jonny Flynn,Kevin Love,Ryan Hollins,1,4:01,MIN,sub,,,,Ryan Hollins,,Al Jefferson,,,,,,,,,,,,
Baron Davis,Craig Smith,Eric Gordon,Marcus Camby,Rasual Butler,Corey Brewer,Damien Wilkins,Jonny Flynn,Kevin Love,Ryan Hollins,1,4:01,LAC,free throw,,,,,,,1,,2,Eric Gordon,,,foul,made,,,,
Baron Davis,Craig Smith,Eric Gordon,Marcus Camby,Rasual Butler,Corey Brewer,Damien Wilkins,Jonny Flynn,Kevin Love,Ryan Hollins,1,4:01,LAC,free throw,,,,,,,2,,2,Eric Gordon,,,foul,made,,,,
Baron Davis,Craig Smith,Eric Gordon,Marcus Camby,Rasual Butler,Corey Brewer,Damien Wilkins,Jonny Flynn,Kevin Love,Ryan Hollins,1,3:51,MIN,shot,,,,,,,,,,Jonny Flynn,2,,,made,,jump,22,26
Baron Davis,Craig Smith,Eric Gordon,Marcus Camby,Rasual Butler,Corey Brewer,Damien Wilkins,Jonny Flynn,Kevin Love,Ryan Hollins,1,3:39,LAC,shot,,,Damien Wilkins,,,,,,,Eric Gordon,,,,missed,,jump,16,10
Baron Davis,Craig Smith,Eric Gordon,Marcus Camby,Rasual Butler,Corey Brewer,Damien Wilkins,Jonny Flynn,Kevin Love,Ryan Hollins,1,3:38,MIN,rebound,,,,,,,,,,Kevin Love,,,,,,def,,
Baron Davis,Craig Smith,Eric Gordon,Marcus Camby,Rasual Butler,Corey Brewer,Damien Wilkins,Jonny Flynn,Kevin Love,Ryan Hollins,1,3:18,MIN,shot,,,,,,,,,,Corey Brewer,,,,missed,,3pt,11,26
Baron Davis,Craig Smith,Eric Gordon,Marcus Camby,Rasual Butler,Corey Brewer,Damien Wilkins,Jonny Flynn,Kevin Love,Ryan Hollins,1,3:17,LAC,rebound,,,,,,,,,,Marcus Camby,,,,,,def,,
Baron Davis,Craig Smith,Eric Gordon,Marcus Camby,Rasual Butler,Corey Brewer,Damien Wilkins,Jonny Flynn,Kevin Love,Ryan Hollins,1,3:13,LAC,shot,Baron Davis,,,,,,,,,Rasual Butler,2,,,made,,slam dunk,25,6
Baron Davis,Craig Smith,Eric Gordon,Marcus Camby,Rasual Butler,Corey Brewer,Damien Wilkins,Jonny Flynn,Kevin Love,Ryan Hollins,1,2:57,MIN,shot,,,,,,,,,,Kevin Love,2,,,made,,layup,25,6
Baron Davis,Craig Smith,Eric Gordon,Marcus Camby,Rasual Butler,Corey Brewer,Damien Wilkins,Jonny Flynn,Kevin Love,Ryan Hollins,1,2:42,MIN,foul,,,,,,,,Craig Smith,,Damien Wilkins,,,,,,shooting,,
Baron Davis,Craig Smith,Eric Gordon,Marcus Camby,Rasual Butler,Corey Brewer,Damien Wilkins,Jonny Flynn,Kevin Love,Ryan Hollins,1,2:42,LAC,timeout,,,,,,,,,,,,,,,,regular,,
Al Thornton,Baron Davis,Craig Smith,Eric Gordon,Marcus Camby,Corey Brewer,Damien Wilkins,Jonny Flynn,Kevin Love,Ryan Hollins,1,2:42,LAC,sub,,,,Al Thornton,,Rasual Butler,,,,,,,,,,,,
Al Thornton,Baron Davis,Craig Smith,Eric Gordon,Marcus Camby,Damien Wilkins,Jonny Flynn,Kevin Love,Ryan Hollins,Wayne Ellington,1,2:42,MIN,sub,,,,Wayne Ellington,,Corey Brewer,,,,,,,,,,,,
Al Thornton,Baron Davis,Craig Smith,Eric Gordon,Marcus Camby,Damien Wilkins,Jonny Flynn,Kevin Love,Ryan Hollins,Wayne Ellington,1,2:42,LAC,free throw,,,,,,,1,,2,Craig Smith,,,foul,made,,,,
Al Thornton,Baron Davis,Craig Smith,Eric Gordon,Marcus Camby,Damien Wilkins,Jonny Flynn,Kevin Love,Ryan Hollins,Wayne Ellington,1,2:42,LAC,free throw,,,,,,,2,,2,Craig Smith,,,foul,made,,,,
Al Thornton,Baron Davis,Craig Smith,Eric Gordon,Marcus Camby,Damien Wilkins,Jonny Flynn,Kevin Love,Ryan Hollins,Wayne Ellington,1,2:26,MIN,turnover,,,,,,,,,,Damien Wilkins,,,bad pass,,Marcus Camby,,,
Al Thornton,Baron Davis,Craig Smith,Eric Gordon,Marcus Camby,Damien Wilkins,Jonny Flynn,Kevin Love,Ryan Hollins,Wayne Ellington,1,2:20,LAC,shot,,,,,,,,,,Baron Davis,,,,missed,,jump,38,21
Al Thornton,Baron Davis,Craig Smith,Eric Gordon,Marcus Camby,Damien Wilkins,Jonny Flynn,Kevin Love,Ryan Hollins,Wayne Ellington,1,2:19,MIN,rebound,,,,,,,,,,Kevin Love,,,,,,def,,
Al Thornton,Baron Davis,Craig Smith,Eric Gordon,Marcus Camby,Damien Wilkins,Jonny Flynn,Kevin Love,Ryan Hollins,Wayne Ellington,1,2:17,MIN,shot,Kevin Love,,,,,,,,,Damien Wilkins,2,,,made,,dunk,25,6
Al Thornton,Baron Davis,Craig Smith,Eric Gordon,Marcus Camby,Damien Wilkins,Jonny Flynn,Kevin Love,Ryan Hollins,Wayne Ellington,1,2:00,MIN,foul,,,,,,,,Al Thornton,,Damien Wilkins,,,,,,personal,,
Al Thornton,Baron Davis,Craig Smith,Eric Gordon,Marcus Camby,Damien Wilkins,Kevin Love,Ramon Sessions,Ryan Hollins,Wayne Ellington,1,2:00,MIN,sub,,,,Ramon Sessions,,Jonny Flynn,,,,,,,,,,,,
Al Thornton,Baron Davis,Craig Smith,Eric Gordon,Marcus Camby,Damien Wilkins,Kevin Love,Ramon Sessions,Ryan Hollins,Wayne Ellington,1,2:00,LAC,free throw,,,,,,,1,,2,Al Thornton,,,foul,made,,,,
Al Thornton,Baron Davis,Craig Smith,Eric Gordon,Marcus Camby,Damien Wilkins,Kevin Love,Ramon Sessions,Ryan Hollins,Wayne Ellington,1,2:00,LAC,free throw,,,,,,,2,,2,Al Thornton,,,foul,missed,,,,
Al Thornton,Baron Davis,Craig Smith,Eric Gordon,Marcus Camby,Damien Wilkins,Kevin Love,Ramon Sessions,Ryan Hollins,Wayne Ellington,1,1:59,LAC,rebound,,,,,,,,,,Marcus Camby,,,,,,off,,
Al Thornton,Baron Davis,Craig Smith,Eric Gordon,Marcus Camby,Damien Wilkins,Kevin Love,Ramon Sessions,Ryan Hollins,Wayne Ellington,1,1:59,LAC,shot,,,,,,,,,,Marcus Camby,,,,missed,,tip,25,6
Al Thornton,Baron Davis,Craig Smith,Eric Gordon,Marcus Camby,Damien Wilkins,Kevin Love,Ramon Sessions,Ryan Hollins,Wayne Ellington,1,1:58,MIN,rebound,,,,,,,,,,Kevin Love,,,,,,def,,
Al Thornton,Baron Davis,Craig Smith,Eric Gordon,Marcus Camby,Damien Wilkins,Kevin Love,Ramon Sessions,Ryan Hollins,Wayne Ellington,1,1:41,MIN,shot,Ramon Sessions,,,,,,,,,Ryan Hollins,2,,,made,,jump,25,21
Al Thornton,Baron Davis,Craig Smith,Eric Gordon,Marcus Camby,Damien Wilkins,Kevin Love,Ramon Sessions,Ryan Hollins,Wayne Ellington,1,1:29,LAC,shot,Baron Davis,,,,,,,,,Al Thornton,2,,,made,,jump,43,8
Al Thornton,Baron Davis,Craig Smith,Eric Gordon,Marcus Camby,Damien Wilkins,Kevin Love,Ramon Sessions,Ryan Hollins,Wayne Ellington,1,1:09,MIN,shot,,,,,,,,,,Wayne Ellington,2,,,made,,running jump,19,12
Al Thornton,Baron Davis,Craig Smith,Eric Gordon,Marcus Camby,Damien Wilkins,Kevin Love,Ramon Sessions,Ryan Hollins,Wayne Ellington,1,1:01,LAC,shot,,,,,,,,,,Eric Gordon,3,,,made,,3pt,13,29
Al Thornton,Baron Davis,Craig Smith,Eric Gordon,Marcus Camby,Damien Wilkins,Kevin Love,Ramon Sessions,Ryan Hollins,Wayne Ellington,1,0:54,LAC,foul,,,,,,,,Ramon Sessions,,Al Thornton,,,,,,personal,,
Al Thornton,Baron Davis,Craig Smith,Eric Gordon,Marcus Camby,Kevin Love,Ramon Sessions,Ryan Gomes,Ryan Hollins,Wayne Ellington,1,0:54,MIN,sub,,,,Ryan Gomes,,Damien Wilkins,,,,,,,,,,,,
Al Thornton,Bobby Brown,Craig Smith,Eric Gordon,Marcus Camby,Kevin Love,Ramon Sessions,Ryan Gomes,Ryan Hollins,Wayne Ellington,1,0:54,LAC,sub,,,,Bobby Brown,,Baron Davis,,,,,,,,,,,,
Al Thornton,Bobby Brown,Craig Smith,Eric Gordon,Marcus Camby,Kevin Love,Ramon Sessions,Ryan Gomes,Ryan Hollins,Wayne Ellington,1,0:49,MIN,turnover,,,,,,,,,,Ramon Sessions,,,lost ball,,Marcus Camby,,,
Al Thornton,Bobby Brown,Craig Smith,Eric Gordon,Marcus Camby,Kevin Love,Ramon Sessions,Ryan Gomes,Ryan Hollins,Wayne Ellington,1,0:48,MIN,foul,,,,,,,,Marcus Camby,,Ramon Sessions,,,,,,personal,,
Al Thornton,Bobby Brown,Craig Smith,Eric Gordon,Marcus Camby,Kevin Love,Ramon Sessions,Ryan Gomes,Ryan Hollins,Wayne Ellington,1,0:48,LAC,free throw,,,,,,,1,,2,Marcus Camby,,,foul,missed,,,,
Al Thornton,Bobby Brown,Craig Smith,Eric Gordon,Marcus Camby,Kevin Love,Ramon Sessions,Ryan Gomes,Ryan Hollins,Wayne Ellington,1,0:48,LAC,rebound,,,,,,,,,,,,,,,,,,
Al Thornton,Bobby Brown,Craig Smith,Eric Gordon,Marcus Camby,Kevin Love,Ramon Sessions,Ryan Gomes,Ryan Hollins,Wayne Ellington,1,0:48,LAC,free throw,,,,,,,2,,2,Marcus Camby,,,foul,made,,,,
Al Thornton,Bobby Brown,Craig Smith,Eric Gordon,Marcus Camby,Kevin Love,Ramon Sessions,Ryan Gomes,Ryan Hollins,Wayne Ellington,1,0:24,MIN,shot,,,,,,,,,,Wayne Ellington,2,,,made,,jump,13,22
Al Thornton,Bobby Brown,Craig Smith,Eric Gordon,Marcus Camby,Kevin Love,Ramon Sessions,Ryan Gomes,Ryan Hollins,Wayne Ellington,1,0:22,LAC,turnover,,,,,,,,,,Eric Gordon,,,bad pass,,Wayne Ellington,,,
Al Thornton,Bobby Brown,Craig Smith,Eric Gordon,Marcus Camby,Kevin Love,Ramon Sessions,Ryan Gomes,Ryan Hollins,Wayne Ellington,1,0:02,MIN,shot,Ramon Sessions,,,,,,,,,Kevin Love,3,,,made,,3pt,24,31
Al Thornton,Bobby Brown,Craig Smith,Eric Gordon,Marcus Camby,Kevin Love,Ramon Sessions,Ryan Gomes,Ryan Hollins,Wayne Ellington,1,0:01,LAC,shot,,,,,,,,,,Bobby Brown,,,,missed,,3pt,8,67
Al Thornton,Bobby Brown,Craig Smith,Eric Gordon,Marcus Camby,Kevin Love,Ramon Sessions,Ryan Gomes,Ryan Hollins,Wayne Ellington,1,0:00,LAC,rebound,,,,,,,,,,,,,,,,,,
Al Thornton,Bobby Brown,Craig Smith,DeAndre Jordan,Ricky Davis,Al Jefferson,Kevin Love,Ramon Sessions,Ryan Gomes,Wayne Ellington,2,11:35,MIN,shot,,,,,,,,,,Kevin Love,,,,missed,,jump,12,15
Al Thornton,Bobby Brown,Craig Smith,DeAndre Jordan,Ricky Davis,Al Jefferson,Kevin Love,Ramon Sessions,Ryan Gomes,Wayne Ellington,2,11:34,LAC,rebound,,,,,,,,,,DeAndre Jordan,,,,,,def,,
Al Thornton,Bobby Brown,Craig Smith,DeAndre Jordan,Ricky Davis,Al Jefferson,Kevin Love,Ramon Sessions,Ryan Gomes,Wayne Ellington,2,11:24,MIN,foul,,,,,,,,Al Thornton,,Ryan Gomes,,,,,,personal,,
Al Thornton,Bobby Brown,Craig Smith,DeAndre Jordan,Ricky Davis,Al Jefferson,Kevin Love,Ramon Sessions,Sasha Pavlovic,Wayne Ellington,2,11:24,MIN,sub,,,,Sasha Pavlovic,,Ryan Gomes,,,,,,,,,,,,
Al Thornton,Bobby Brown,Craig Smith,DeAndre Jordan,Ricky Davis,Al Jefferson,Kevin Love,Ramon Sessions,Sasha Pavlovic,Wayne Ellington,2,11:18,MIN,foul,,,,,,,,DeAndre Jordan,,Al Jefferson,,,,,,personal,,
Al Thornton,Bobby Brown,Craig Smith,DeAndre Jordan,Ricky Davis,Al Jefferson,Kevin Love,Ramon Sessions,Sasha Pavlovic,Wayne Ellington,2,11:11,LAC,turnover,,,,,,,,,,Craig Smith,,,step out of bounds turnover,,,,,
Al Thornton,Bobby Brown,Craig Smith,DeAndre Jordan,Ricky Davis,Al Jefferson,Kevin Love,Ramon Sessions,Sasha Pavlovic,Wayne Ellington,2,11:00,MIN,shot,,,,,,,,,,Wayne Ellington,,,,missed,,jump,11,20
Al Thornton,Bobby Brown,Craig Smith,DeAndre Jordan,Ricky Davis,Al Jefferson,Kevin Love,Ramon Sessions,Sasha Pavlovic,Wayne Ellington,2,10:59,LAC,rebound,,,,,,,,,,DeAndre Jordan,,,,,,def,,
Al Thornton,Bobby Brown,Craig Smith,DeAndre Jordan,Ricky Davis,Al Jefferson,Kevin Love,Ramon Sessions,Sasha Pavlovic,Wayne Ellington,2,10:50,MIN,foul,,,,,,,,Al Thornton,,Sasha Pavlovic,,,,,,personal,,
Al Thornton,Bobby Brown,Craig Smith,DeAndre Jordan,Ricky Davis,Al Jefferson,Kevin Love,Ramon Sessions,Sasha Pavlovic,Wayne Ellington,2,10:41,LAC,shot,,,,,,,,,,Bobby Brown,2,,,made,,pullup jump,42,21
Al Thornton,Bobby Brown,Craig Smith,DeAndre Jordan,Ricky Davis,Al Jefferson,Kevin Love,Ramon Sessions,Sasha Pavlovic,Wayne Ellington,2,10:25,MIN,turnover,,,,,,,,,,Sasha Pavlovic,,,traveling,,,,,
Al Thornton,Bobby Brown,Craig Smith,DeAndre Jordan,Ricky Davis,Al Jefferson,Kevin Love,Ramon Sessions,Sasha Pavlovic,Wayne Ellington,2,10:08,LAC,shot,,,,,,,,,,Craig Smith,,,,missed,,jump,24,12
Al Thornton,Bobby Brown,Craig Smith,DeAndre Jordan,Ricky Davis,Al Jefferson,Kevin Love,Ramon Sessions,Sasha Pavlovic,Wayne Ellington,2,10:06,MIN,rebound,,,,,,,,,,Kevin Love,,,,,,def,,
Al Thornton,Bobby Brown,Craig Smith,DeAndre Jordan,Ricky Davis,Al Jefferson,Kevin Love,Ramon Sessions,Sasha Pavlovic,Wayne Ellington,2,9:53,LAC,foul,,,,,,,,Al Jefferson,,DeAndre Jordan,,,,,,personal,,
Al Thornton,Bobby Brown,Craig Smith,DeAndre Jordan,Ricky Davis,Al Jefferson,Kevin Love,Ramon Sessions,Sasha Pavlovic,Wayne Ellington,2,9:44,MIN,shot,Al Jefferson,,,,,,,,,Ramon Sessions,2,,,made,,driving layup,25,6
Al Thornton,Bobby Brown,Craig Smith,DeAndre Jordan,Ricky Davis,Al Jefferson,Kevin Love,Ramon Sessions,Sasha Pavlovic,Wayne Ellington,2,9:22,LAC,shot,Craig Smith,,,,,,,,,Ricky Davis,2,,,made,,jump,10,8
Al Thornton,Bobby Brown,Craig Smith,DeAndre Jordan,Ricky Davis,Al Jefferson,Kevin Love,Ramon Sessions,Sasha Pavlovic,Wayne Ellington,2,9:09,MIN,shot,,,,,,,,,,Sasha Pavlovic,,,,missed,,pullup jump,25,26
Al Thornton,Bobby Brown,Craig Smith,DeAndre Jordan,Ricky Davis,Al Jefferson,Kevin Love,Ramon Sessions,Sasha Pavlovic,Wayne Ellington,2,9:08,LAC,rebound,,,,,,,,,,DeAndre Jordan,,,,,,def,,
Al Thornton,Bobby Brown,Craig Smith,DeAndre Jordan,Ricky Davis,Al Jefferson,Kevin Love,Ramon Sessions,Sasha Pavlovic,Wayne Ellington,2,9:01,LAC,shot,,,,,,,,,,Bobby Brown,,,,missed,,jump,25,26
Al Thornton,Bobby Brown,Craig Smith,DeAndre Jordan,Ricky Davis,Al Jefferson,Kevin Love,Ramon Sessions,Sasha Pavlovic,Wayne Ellington,2,9:00,MIN,rebound,,,,,,,,,,Sasha Pavlovic,,,,,,def,,
Al Thornton,Bobby Brown,Craig Smith,DeAndre Jordan,Ricky Davis,Al Jefferson,Kevin Love,Ramon Sessions,Sasha Pavlovic,Wayne Ellington,2,8:43,LAC,foul,,,,,,,,Sasha Pavlovic,,Bobby Brown,,,,,,personal,,
Al Thornton,Bobby Brown,Craig Smith,DeAndre Jordan,Ricky Davis,Al Jefferson,Kevin Love,Ramon Sessions,Sasha Pavlovic,Wayne Ellington,2,8:43,MIN,timeout,,,,,,,,,,,,,,,,,,
Al Thornton,Bobby Brown,Craig Smith,DeAndre Jordan,Ricky Davis,Al Jefferson,Kevin Love,Ramon Sessions,Sasha Pavlovic,Wayne Ellington,2,8:36,MIN,shot,,,,,,,,,,Wayne Ellington,,,,missed,,3pt,2,10
Al Thornton,Bobby Brown,Craig Smith,DeAndre Jordan,Ricky Davis,Al Jefferson,Kevin Love,Ramon Sessions,Sasha Pavlovic,Wayne Ellington,2,8:35,LAC,rebound,,,,,,,,,,,,,,,,,,
Al Thornton,Bobby Brown,Craig Smith,DeAndre Jordan,Ricky Davis,Al Jefferson,Ramon Sessions,Ryan Hollins,Sasha Pavlovic,Wayne Ellington,2,8:21,MIN,sub,,,,Ryan Hollins,,Kevin Love,,,,,,,,,,,,
Al Thornton,Bobby Brown,Craig Smith,DeAndre Jordan,Ricky Davis,Al Jefferson,Ramon Sessions,Ryan Hollins,Sasha Pavlovic,Wayne Ellington,2,8:21,LAC,jump ball,,Al Thornton,,,Wayne Ellington,,,,,,,Bobby Brown,,,,,,
Al Thornton,Bobby Brown,Craig Smith,DeAndre Jordan,Ricky Davis,Al Jefferson,Ramon Sessions,Ryan Hollins,Sasha Pavlovic,Wayne Ellington,2,8:14,LAC,shot,,,,,,,,,,Al Thornton,,,,missed,,jump,11,18
Al Thornton,Bobby Brown,Craig Smith,DeAndre Jordan,Ricky Davis,Al Jefferson,Ramon Sessions,Ryan Hollins,Sasha Pavlovic,Wayne Ellington,2,8:13,MIN,rebound,,,,,,,,,,Sasha Pavlovic,,,,,,def,,
Al Thornton,Bobby Brown,Craig Smith,DeAndre Jordan,Ricky Davis,Al Jefferson,Ramon Sessions,Ryan Hollins,Sasha Pavlovic,Wayne Ellington,2,8:02,MIN,shot,,,,,,,,,,Sasha Pavlovic,,,,missed,,3pt,25,31
Al Thornton,Bobby Brown,Craig Smith,DeAndre Jordan,Ricky Davis,Al Jefferson,Ramon Sessions,Ryan Hollins,Sasha Pavlovic,Wayne Ellington,2,8:00,LAC,rebound,,,,,,,,,,Craig Smith,,,,,,def,,
Al Thornton,Bobby Brown,Craig Smith,DeAndre Jordan,Ricky Davis,Al Jefferson,Ramon Sessions,Ryan Hollins,Sasha Pavlovic,Wayne Ellington,2,7:46,LAC,shot,,,,,,,,,,Al Thornton,,,,missed,,jump,24,14
Al Thornton,Bobby Brown,Craig Smith,DeAndre Jordan,Ricky Davis,Al Jefferson,Ramon Sessions,Ryan Hollins,Sasha Pavlovic,Wayne Ellington,2,7:45,LAC,rebound,,,,,,,,,,Ricky Davis,,,,,,off,,
Al Thornton,Bobby Brown,Craig Smith,DeAndre Jordan,Ricky Davis,Al Jefferson,Ramon Sessions,Ryan Hollins,Sasha Pavlovic,Wayne Ellington,2,7:43,LAC,shot,,,,,,,,,,Ricky Davis,3,,,made,,3pt,7,24
Al Thornton,Bobby Brown,Craig Smith,DeAndre Jordan,Ricky Davis,Al Jefferson,Corey Brewer,Ramon Sessions,Ryan Hollins,Sasha Pavlovic,2,7:34,MIN,sub,,,,Corey Brewer,,Wayne Ellington,,,,,,,,,,,,
Al Thornton,Bobby Brown,Craig Smith,DeAndre Jordan,Ricky Davis,Al Jefferson,Corey Brewer,Ramon Sessions,Ryan Hollins,Sasha Pavlovic,2,7:29,MIN,shot,,,,,,,,,,Ramon Sessions,2,,,made,,floating jump,37,7
Al Thornton,Bobby Brown,Craig Smith,DeAndre Jordan,Ricky Davis,Al Jefferson,Corey Brewer,Ramon Sessions,Ryan Hollins,Sasha Pavlovic,2,7:07,LAC,shot,,,,,,,,,,Ricky Davis,,,,missed,,jump,36,23
Al Thornton,Bobby Brown,Craig Smith,DeAndre Jordan,Ricky Davis,Al Jefferson,Corey Brewer,Ramon Sessions,Ryan Hollins,Sasha Pavlovic,2,7:06,MIN,rebound,,,,,,,,,,Sasha Pavlovic,,,,,,def,,
Al Thornton,Bobby Brown,Craig Smith,DeAndre Jordan,Ricky Davis,Al Jefferson,Corey Brewer,Ramon Sessions,Ryan Hollins,Sasha Pavlovic,2,7:01,MIN,shot,Ramon Sessions,,,,,,,,,Ryan Hollins,2,,,made,,reverse layup,25,6
Al Thornton,Bobby Brown,Craig Smith,DeAndre Jordan,Ricky Davis,Al Jefferson,Corey Brewer,Ramon Sessions,Ryan Hollins,Sasha Pavlovic,2,6:40,LAC,foul,,,,,,,,Ryan Hollins,,Craig Smith,,,,,,offensive,,
Al Thornton,Bobby Brown,Craig Smith,DeAndre Jordan,Ricky Davis,Al Jefferson,Corey Brewer,Ramon Sessions,Ryan Hollins,Sasha Pavlovic,2,6:40,LAC,turnover,,,,,,,,,,Craig Smith,,,foul,,,,,
Al Thornton,Bobby Brown,Craig Smith,DeAndre Jordan,Ricky Davis,Al Jefferson,Corey Brewer,Ramon Sessions,Ryan Hollins,Sasha Pavlovic,2,6:25,MIN,shot,Al Jefferson,,,,,,,,,Corey Brewer,2,,,made,,running jump,20,5
Al Thornton,Bobby Brown,Craig Smith,DeAndre Jordan,Ricky Davis,Al Jefferson,Corey Brewer,Ramon Sessions,Ryan Hollins,Sasha Pavlovic,2,6:02,LAC,turnover,,,,,,,,,,Al Thornton,,,lost ball,,Al Jefferson,,,
Al Thornton,Bobby Brown,Craig Smith,DeAndre Jordan,Ricky Davis,Al Jefferson,Corey Brewer,Ramon Sessions,Ryan Hollins,Sasha Pavlovic,2,5:57,MIN,shot,Ramon Sessions,,,,,,,,,Corey Brewer,2,,,made,,driving dunk,25,6
Al Thornton,Bobby Brown,Craig Smith,DeAndre Jordan,Ricky Davis,Al Jefferson,Corey Brewer,Ramon Sessions,Ryan Hollins,Sasha Pavlovic,2,5:45,LAC,timeout,,,,,,,,,,,,,,,,regular,,
Al Thornton,Baron Davis,Craig Smith,DeAndre Jordan,Ricky Davis,Al Jefferson,Corey Brewer,Ramon Sessions,Ryan Hollins,Sasha Pavlovic,2,5:45,LAC,sub,,,,Baron Davis,,Bobby Brown,,,,,,,,,,,,
Al Thornton,Baron Davis,DeAndre Jordan,Marcus Camby,Ricky Davis,Al Jefferson,Corey Brewer,Ramon Sessions,Ryan Hollins,Sasha Pavlovic,2,5:45,LAC,sub,,,,Marcus Camby,,Craig Smith,,,,,,,,,,,,
Al Thornton,Baron Davis,DeAndre Jordan,Marcus Camby,Ricky Davis,Al Jefferson,Corey Brewer,Ramon Sessions,Ryan Hollins,Sasha Pavlovic,2,5:30,LAC,shot,,,,,,,,,,Baron Davis,,,,missed,,jump,23,27
Al Thornton,Baron Davis,DeAndre Jordan,Marcus Camby,Ricky Davis,Al Jefferson,Corey Brewer,Ramon Sessions,Ryan Hollins,Sasha Pavlovic,2,5:29,MIN,rebound,,,,,,,,,,Ryan Hollins,,,,,,def,,
Al Thornton,Baron Davis,DeAndre Jordan,Marcus Camby,Ricky Davis,Al Jefferson,Corey Brewer,Ramon Sessions,Ryan Hollins,Sasha Pavlovic,2,5:23,LAC,violation,,,,,,,,,,DeAndre Jordan,,,,,,defensive goaltending,,
Al Thornton,Baron Davis,DeAndre Jordan,Marcus Camby,Ricky Davis,Al Jefferson,Corey Brewer,Ramon Sessions,Ryan Hollins,Sasha Pavlovic,2,5:23,MIN,shot,,,,,,,,,,Ramon Sessions,2,,,made,,running jump,21,9
Al Thornton,Baron Davis,DeAndre Jordan,Marcus Camby,Ricky Davis,Al Jefferson,Corey Brewer,Kevin Love,Ramon Sessions,Sasha Pavlovic,2,5:03,MIN,sub,,,,Kevin Love,,Ryan Hollins,,,,,,,,,,,,
Al Thornton,Baron Davis,DeAndre Jordan,Marcus Camby,Ricky Davis,Al Jefferson,Corey Brewer,Jonny Flynn,Kevin Love,Sasha Pavlovic,2,5:03,MIN,sub,,,,Jonny Flynn,,Ramon Sessions,,,,,,,,,,,,
Al Thornton,Baron Davis,DeAndre Jordan,Marcus Camby,Ricky Davis,Al Jefferson,Corey Brewer,Jonny Flynn,Kevin Love,Sasha Pavlovic,2,4:59,LAC,turnover,,,,,,,,,,,,,shot clock turnover,,,,,
Al Thornton,Baron Davis,DeAndre Jordan,Marcus Camby,Ricky Davis,Al Jefferson,Corey Brewer,Jonny Flynn,Kevin Love,Sasha Pavlovic,2,4:43,MIN,turnover,,,,,,,,,,Al Jefferson,,,bad pass,,,,,
Al Thornton,Baron Davis,DeAndre Jordan,Marcus Camby,Ricky Davis,Al Jefferson,Corey Brewer,Jonny Flynn,Kevin Love,Sasha Pavlovic,2,4:42,MIN,foul,,,,,,,,Ricky Davis,,Al Jefferson,,,,,,loose ball,,
Al Thornton,Baron Davis,Craig Smith,Marcus Camby,Ricky Davis,Al Jefferson,Corey Brewer,Jonny Flynn,Kevin Love,Sasha Pavlovic,2,4:42,LAC,sub,,,,Craig Smith,,DeAndre Jordan,,,,,,,,,,,,
Al Thornton,Baron Davis,Craig Smith,Marcus Camby,Ricky Davis,Corey Brewer,Jonny Flynn,Kevin Love,Ryan Hollins,Sasha Pavlovic,2,4:42,MIN,sub,,,,Ryan Hollins,,Al Jefferson,,,,,,,,,,,,
Al Thornton,Baron Davis,Craig Smith,Eric Gordon,Marcus Camby,Corey Brewer,Jonny Flynn,Kevin Love,Ryan Hollins,Sasha Pavlovic,2,4:42,LAC,sub,,,,Eric Gordon,,Ricky Davis,,,,,,,,,,,,
Al Thornton,Baron Davis,Craig Smith,Eric Gordon,Marcus Camby,Corey Brewer,Jonny Flynn,Kevin Love,Ryan Hollins,Sasha Pavlovic,2,4:24,LAC,shot,Marcus Camby,,,,,,,,,Al Thornton,2,,,made,,dunk,25,6
Al Thornton,Baron Davis,Craig Smith,Eric Gordon,Marcus Camby,Corey Brewer,Jonny Flynn,Kevin Love,Ryan Hollins,Sasha Pavlovic,2,4:04,MIN,shot,Jonny Flynn,,,,,,,,,Kevin Love,2,,,made,,jump,36,22
Al Thornton,Baron Davis,Craig Smith,Eric Gordon,Marcus Camby,Corey Brewer,Jonny Flynn,Kevin Love,Ryan Hollins,Sasha Pavlovic,2,3:54,LAC,turnover,,,,,,,,,,Marcus Camby,,,out of bounds lost ball turnover,,,,,
Al Thornton,Baron Davis,Craig Smith,Eric Gordon,Marcus Camby,Corey Brewer,Damien Wilkins,Jonny Flynn,Kevin Love,Ryan Hollins,2,3:54,MIN,sub,,,,Damien Wilkins,,Sasha Pavlovic,,,,,,,,,,,,
Al Thornton,Baron Davis,Craig Smith,Eric Gordon,Marcus Camby,Corey Brewer,Damien Wilkins,Jonny Flynn,Kevin Love,Ryan Hollins,2,3:37,MIN,turnover,,,,,,,,,,Jonny Flynn,,,lost ball,,Marcus Camby,,,
Al Thornton,Baron Davis,Craig Smith,Eric Gordon,Marcus Camby,Corey Brewer,Damien Wilkins,Jonny Flynn,Kevin Love,Ryan Hollins,2,3:32,LAC,shot,Eric Gordon,,,,,,,,,Al Thornton,2,,,made,,slam dunk,25,6
Al Thornton,Baron Davis,Craig Smith,Eric Gordon,Marcus Camby,Corey Brewer,Damien Wilkins,Jonny Flynn,Kevin Love,Ryan Hollins,2,3:20,LAC,foul,,,,,,,,Kevin Love,,Al Thornton,,,,,,personal,,
Al Thornton,Baron Davis,Craig Smith,Eric Gordon,Marcus Camby,Corey Brewer,Damien Wilkins,Jonny Flynn,Kevin Love,Ryan Hollins,2,3:10,MIN,shot,,,,,,,,,,Jonny Flynn,,,,missed,,3pt,23,30
Al Thornton,Baron Davis,Craig Smith,Eric Gordon,Marcus Camby,Corey Brewer,Damien Wilkins,Jonny Flynn,Kevin Love,Ryan Hollins,2,3:07,MIN,rebound,,,,,,,,,,Kevin Love,,,,,,off,,
Al Thornton,Baron Davis,Craig Smith,Eric Gordon,Marcus Camby,Corey Brewer,Damien Wilkins,Jonny Flynn,Kevin Love,Ryan Hollins,2,3:07,MIN,shot,,,,,,,,,,Kevin Love,2,,,made,,tip,25,6
Al Thornton,Baron Davis,Craig Smith,Eric Gordon,Marcus Camby,Corey Brewer,Damien Wilkins,Jonny Flynn,Kevin Love,Ryan Hollins,2,2:55,LAC,shot,,,,,,,,,,Marcus Camby,,,,missed,,jump,11,7
Al Thornton,Baron Davis,Craig Smith,Eric Gordon,Marcus Camby,Corey Brewer,Damien Wilkins,Jonny Flynn,Kevin Love,Ryan Hollins,2,2:54,LAC,rebound,,,,,,,,,,Craig Smith,,,,,,off,,
Al Thornton,Baron Davis,Craig Smith,Eric Gordon,Marcus Camby,Corey Brewer,Damien Wilkins,Jonny Flynn,Kevin Love,Ryan Hollins,2,2:54,LAC,shot,,,,,,,,,,Craig Smith,,,,missed,,tip,25,6
Al Thornton,Baron Davis,Craig Smith,Eric Gordon,Marcus Camby,Corey Brewer,Damien Wilkins,Jonny Flynn,Kevin Love,Ryan Hollins,2,2:53,LAC,rebound,,,,,,,,,,,,,,,,,,
Al Thornton,Baron Davis,Craig Smith,Eric Gordon,Marcus Camby,Corey Brewer,Damien Wilkins,Jonny Flynn,Kevin Love,Ryan Hollins,2,2:53,MIN,timeout,,,,,,,,,,,,,,,,regular,,
Al Thornton,Baron Davis,Craig Smith,Eric Gordon,Marcus Camby,Corey Brewer,Damien Wilkins,Jonny Flynn,Kevin Love,Ryan Hollins,2,2:48,LAC,shot,,,Ryan Hollins,,,,,,,Craig Smith,,,,missed,,layup,25,6
Al Thornton,Baron Davis,Craig Smith,Eric Gordon,Marcus Camby,Corey Brewer,Damien Wilkins,Jonny Flynn,Kevin Love,Ryan Hollins,2,2:47,MIN,rebound,,,,,,,,,,Kevin Love,,,,,,def,,
Al Thornton,Baron Davis,Craig Smith,Eric Gordon,Marcus Camby,Corey Brewer,Damien Wilkins,Jonny Flynn,Kevin Love,Ryan Hollins,2,2:37,MIN,shot,,,,,,,,,,Kevin Love,,,,missed,,3pt,12,27
Al Thornton,Baron Davis,Craig Smith,Eric Gordon,Marcus Camby,Corey Brewer,Damien Wilkins,Jonny Flynn,Kevin Love,Ryan Hollins,2,2:36,LAC,rebound,,,,,,,,,,Marcus Camby,,,,,,def,,
Al Thornton,Baron Davis,Craig Smith,Eric Gordon,Marcus Camby,Corey Brewer,Damien Wilkins,Jonny Flynn,Kevin Love,Ryan Hollins,2,2:27,LAC,shot,,,,,,,,,,Eric Gordon,,,,missed,,3pt,41,24
Al Thornton,Baron Davis,Craig Smith,Eric Gordon,Marcus Camby,Corey Brewer,Damien Wilkins,Jonny Flynn,Kevin Love,Ryan Hollins,2,2:27,MIN,rebound,,,,,,,,,,Jonny Flynn,,,,,,def,,
Al Thornton,Baron Davis,Craig Smith,Eric Gordon,Marcus Camby,Corey Brewer,Damien Wilkins,Jonny Flynn,Kevin Love,Ryan Hollins,2,2:21,MIN,shot,Jonny Flynn,,,,,,,,,Kevin Love,2,,,made,,jump,29,9
Al Thornton,Baron Davis,Craig Smith,Eric Gordon,Marcus Camby,Corey Brewer,Damien Wilkins,Jonny Flynn,Kevin Love,Ryan Hollins,2,2:00,LAC,shot,,,,,,,,,,Eric Gordon,,,,missed,,3pt,6,22
Al Thornton,Baron Davis,Craig Smith,Eric Gordon,Marcus Camby,Corey Brewer,Damien Wilkins,Jonny Flynn,Kevin Love,Ryan Hollins,2,1:59,MIN,rebound,,,,,,,,,,Kevin Love,,,,,,def,,
Al Thornton,Baron Davis,Craig Smith,Eric Gordon,Marcus Camby,Corey Brewer,Damien Wilkins,Jonny Flynn,Kevin Love,Ryan Hollins,2,1:40,LAC,foul,,,,,,,,Ryan Hollins,,Craig Smith,,,,,,shooting,,
Al Thornton,Baron Davis,Craig Smith,Eric Gordon,Marcus Camby,Corey Brewer,Damien Wilkins,Jonny Flynn,Kevin Love,Ryan Hollins,2,1:40,MIN,free throw,,,,,,,1,,2,Ryan Hollins,,,foul,made,,,,
Al Thornton,Baron Davis,Craig Smith,Eric Gordon,Marcus Camby,Corey Brewer,Damien Wilkins,Jonny Flynn,Kevin Love,Ryan Hollins,2,1:40,MIN,free throw,,,,,,,2,,2,Ryan Hollins,,,foul,made,,,,
Al Thornton,Baron Davis,Craig Smith,Eric Gordon,Marcus Camby,Corey Brewer,Damien Wilkins,Jonny Flynn,Kevin Love,Ryan Hollins,2,1:28,LAC,shot,Marcus Camby,,,,,,,,,Eric Gordon,2,,,made,,driving jump,24,12
Al Thornton,Baron Davis,Eric Gordon,Marcus Camby,Rasual Butler,Corey Brewer,Damien Wilkins,Jonny Flynn,Kevin Love,Ryan Hollins,2,1:07,LAC,sub,,,,Rasual Butler,,Craig Smith,,,,,,,,,,,,
Al Thornton,Baron Davis,Eric Gordon,Marcus Camby,Rasual Butler,Corey Brewer,Damien Wilkins,Jonny Flynn,Kevin Love,Ryan Hollins,2,1:07,MIN,timeout,,,,,,,,,,,,,,,,short,,
Al Thornton,Baron Davis,Eric Gordon,Marcus Camby,Rasual Butler,Corey Brewer,Damien Wilkins,Jonny Flynn,Kevin Love,Ryan Hollins,2,1:04,MIN,shot,,,,,,,,,,Corey Brewer,,,,missed,,3pt,40,32
Al Thornton,Baron Davis,Eric Gordon,Marcus Camby,Rasual Butler,Corey Brewer,Damien Wilkins,Jonny Flynn,Kevin Love,Ryan Hollins,2,1:00,MIN,rebound,,,,,,,,,,,,,,,,,,
Al Thornton,Baron Davis,Eric Gordon,Marcus Camby,Rasual Butler,Corey Brewer,Damien Wilkins,Jonny Flynn,Kevin Love,Ryan Hollins,2,1:00,LAC,foul,,,,,,,,Kevin Love,,Marcus Camby,,,,,,loose ball,,
Al Thornton,Baron Davis,Eric Gordon,Marcus Camby,Rasual Butler,Corey Brewer,Damien Wilkins,Jonny Flynn,Kevin Love,Ryan Hollins,2,1:00,MIN,free throw,,,,,,,1,,2,Kevin Love,,,foul,made,,,,
Al Thornton,Baron Davis,Eric Gordon,Marcus Camby,Rasual Butler,Corey Brewer,Damien Wilkins,Jonny Flynn,Kevin Love,Ryan Gomes,2,1:00,MIN,sub,,,,Ryan Gomes,,Ryan Hollins,,,,,,,,,,,,
Al Thornton,Baron Davis,Eric Gordon,Marcus Camby,Rasual Butler,Corey Brewer,Damien Wilkins,Jonny Flynn,Kevin Love,Ryan Gomes,2,1:00,MIN,free throw,,,,,,,2,,2,Kevin Love,,,foul,made,,,,
Al Thornton,Baron Davis,Eric Gordon,Marcus Camby,Rasual Butler,Corey Brewer,Damien Wilkins,Jonny Flynn,Kevin Love,Ryan Gomes,2,0:49,LAC,shot,,,,,,,,,,Baron Davis,,,,missed,,jump,26,9
Al Thornton,Baron Davis,Eric Gordon,Marcus Camby,Rasual Butler,Corey Brewer,Damien Wilkins,Jonny Flynn,Kevin Love,Ryan Gomes,2,0:48,LAC,rebound,,,,,,,,,,Marcus Camby,,,,,,off,,
Al Thornton,Baron Davis,Eric Gordon,Marcus Camby,Rasual Butler,Corey Brewer,Damien Wilkins,Jonny Flynn,Kevin Love,Ryan Gomes,2,0:48,LAC,shot,,,,,,,,,,Marcus Camby,,,,missed,,tip,25,6
Al Thornton,Baron Davis,Eric Gordon,Marcus Camby,Rasual Butler,Corey Brewer,Damien Wilkins,Jonny Flynn,Kevin Love,Ryan Gomes,2,0:47,LAC,jump ball,,Al Thornton,,,Kevin Love,,,,,,,Eric Gordon,,,,,,
Al Thornton,Baron Davis,Eric Gordon,Marcus Camby,Rasual Butler,Corey Brewer,Damien Wilkins,Jonny Flynn,Kevin Love,Ryan Gomes,2,0:47,LAC,rebound,,,,,,,,,,,,,,,,,,
Al Thornton,Baron Davis,Eric Gordon,Marcus Camby,Rasual Butler,Corey Brewer,Damien Wilkins,Jonny Flynn,Kevin Love,Ryan Gomes,2,0:42,LAC,shot,,,,,,,,,,Eric Gordon,2,,,made,,driving layup,25,6
Al Thornton,Baron Davis,Eric Gordon,Marcus Camby,Rasual Butler,Corey Brewer,Damien Wilkins,Jonny Flynn,Kevin Love,Ryan Gomes,2,0:42,MIN,foul,,,,,,,,Eric Gordon,,Jonny Flynn,,,,,,shooting,,
Al Thornton,Baron Davis,Eric Gordon,Marcus Camby,Rasual Butler,Corey Brewer,Damien Wilkins,Jonny Flynn,Kevin Love,Ryan Gomes,2,0:42,LAC,free throw,,,,,,,1,,1,Eric Gordon,,,foul,missed,,,,
Al Thornton,Baron Davis,Eric Gordon,Marcus Camby,Rasual Butler,Corey Brewer,Damien Wilkins,Jonny Flynn,Kevin Love,Ryan Gomes,2,0:42,MIN,rebound,,,,,,,,,,Kevin Love,,,,,,def,,
Al Thornton,Baron Davis,Eric Gordon,Marcus Camby,Rasual Butler,Corey Brewer,Damien Wilkins,Jonny Flynn,Kevin Love,Ryan Gomes,2,0:22,MIN,shot,,,,,,,,,,Corey Brewer,,,,missed,,floating jump,26,12
Al Thornton,Baron Davis,Eric Gordon,Marcus Camby,Rasual Butler,Corey Brewer,Damien Wilkins,Jonny Flynn,Kevin Love,Ryan Gomes,2,0:21,LAC,rebound,,,,,,,,,,,,,,,,,,
Al Thornton,Baron Davis,Eric Gordon,Marcus Camby,Rasual Butler,Corey Brewer,Damien Wilkins,Jonny Flynn,Kevin Love,Ryan Gomes,2,0:02,LAC,shot,,,,,,,,,,Baron Davis,,,,missed,,layup,25,6
Al Thornton,Baron Davis,Eric Gordon,Marcus Camby,Rasual Butler,Corey Brewer,Damien Wilkins,Jonny Flynn,Kevin Love,Ryan Gomes,2,0:01,LAC,rebound,,,,,,,,,,Marcus Camby,,,,,,off,,
Al Thornton,Baron Davis,Eric Gordon,Marcus Camby,Rasual Butler,Corey Brewer,Damien Wilkins,Jonny Flynn,Kevin Love,Ryan Gomes,2,0:00,LAC,shot,,,,,,,,,,Marcus Camby,2,,,made,,layup,25,6
Al Thornton,Baron Davis,Eric Gordon,Marcus Camby,Rasual Butler,Corey Brewer,Damien Wilkins,Jonny Flynn,Kevin Love,Ryan Gomes,2,0:00,MIN,foul,,,,,,,,Marcus Camby,,Ryan Gomes,,,,,,shooting,,
Al Thornton,Baron Davis,Eric Gordon,Marcus Camby,Rasual Butler,Corey Brewer,Damien Wilkins,Jonny Flynn,Kevin Love,Ryan Gomes,2,0:00,LAC,free throw,,,,,,,1,,1,Marcus Camby,,,foul,missed,,,,
Al Thornton,Baron Davis,Eric Gordon,Marcus Camby,Rasual Butler,Corey Brewer,Damien Wilkins,Jonny Flynn,Kevin Love,Ryan Gomes,2,0:00,LAC,rebound,,,,,,,,,,,,,,,,,,
Al Thornton,Baron Davis,Eric Gordon,Marcus Camby,Rasual Butler,Al Jefferson,Corey Brewer,Jonny Flynn,Ryan Gomes,Ryan Hollins,3,11:47,MIN,turnover,,,,,,,,,,Jonny Flynn,,,bad pass,,Al Thornton,,,
Al Thornton,Baron Davis,Eric Gordon,Marcus Camby,Rasual Butler,Al Jefferson,Corey Brewer,Jonny Flynn,Ryan Gomes,Ryan Hollins,3,11:41,LAC,shot,Baron Davis,,,,,,,,,Rasual Butler,2,,,made,,slam dunk,25,6
Al Thornton,Baron Davis,Eric Gordon,Marcus Camby,Rasual Butler,Al Jefferson,Corey Brewer,Jonny Flynn,Ryan Gomes,Ryan Hollins,3,11:30,LAC,foul,,,,,,,,Al Jefferson,,Baron Davis,,,,,,personal,,
Al Thornton,Baron Davis,Eric Gordon,Marcus Camby,Rasual Butler,Al Jefferson,Corey Brewer,Jonny Flynn,Ryan Gomes,Ryan Hollins,3,11:24,MIN,shot,Corey Brewer,,,,,,,,,Ryan Hollins,2,,,made,,jump,18,22
Al Thornton,Baron Davis,Eric Gordon,Marcus Camby,Rasual Butler,Al Jefferson,Corey Brewer,Jonny Flynn,Ryan Gomes,Ryan Hollins,3,11:05,LAC,shot,Marcus Camby,,,,,,,,,Al Thornton,2,,,made,,jump,16,25
Al Thornton,Baron Davis,Eric Gordon,Marcus Camby,Rasual Butler,Al Jefferson,Corey Brewer,Jonny Flynn,Ryan Gomes,Ryan Hollins,3,10:57,MIN,turnover,,,,,,,,,,Jonny Flynn,,,bad pass,,Eric Gordon,,,
Al Thornton,Baron Davis,Eric Gordon,Marcus Camby,Rasual Butler,Al Jefferson,Corey Brewer,Jonny Flynn,Ryan Gomes,Ryan Hollins,3,10:53,MIN,foul,,,,,,,,Eric Gordon,,Corey Brewer,,,,,,shooting,,
Al Thornton,Baron Davis,Eric Gordon,Marcus Camby,Rasual Butler,Al Jefferson,Corey Brewer,Jonny Flynn,Ryan Gomes,Ryan Hollins,3,10:53,LAC,free throw,,,,,,,1,,2,Eric Gordon,,,foul,missed,,,,
Al Thornton,Baron Davis,Eric Gordon,Marcus Camby,Rasual Butler,Al Jefferson,Corey Brewer,Jonny Flynn,Ryan Gomes,Ryan Hollins,3,10:53,LAC,rebound,,,,,,,,,,,,,,,,,,
Al Thornton,Baron Davis,Eric Gordon,Marcus Camby,Rasual Butler,Al Jefferson,Corey Brewer,Jonny Flynn,Ryan Gomes,Ryan Hollins,3,10:53,LAC,free throw,,,,,,,2,,2,Eric Gordon,,,foul,missed,,,,
Al Thornton,Baron Davis,Eric Gordon,Marcus Camby,Rasual Butler,Al Jefferson,Corey Brewer,Jonny Flynn,Ryan Gomes,Ryan Hollins,3,10:53,MIN,rebound,,,,,,,,,,Al Jefferson,,,,,,def,,
Al Thornton,Baron Davis,Eric Gordon,Marcus Camby,Rasual Butler,Al Jefferson,Corey Brewer,Jonny Flynn,Ryan Gomes,Ryan Hollins,3,10:37,MIN,shot,,,,,,,,,,Ryan Hollins,,,,missed,,jump,24,12
Al Thornton,Baron Davis,Eric Gordon,Marcus Camby,Rasual Butler,Al Jefferson,Corey Brewer,Jonny Flynn,Ryan Gomes,Ryan Hollins,3,10:36,LAC,rebound,,,,,,,,,,Marcus Camby,,,,,,def,,
Al Thornton,Baron Davis,Eric Gordon,Marcus Camby,Rasual Butler,Al Jefferson,Corey Brewer,Jonny Flynn,Ryan Gomes,Ryan Hollins,3,10:26,LAC,shot,,,,,,,,,,Al Thornton,,,,missed,,jump,17,24
Al Thornton,Baron Davis,Eric Gordon,Marcus Camby,Rasual Butler,Al Jefferson,Corey Brewer,Jonny Flynn,Ryan Gomes,Ryan Hollins,3,10:25,MIN,rebound,,,,,,,,,,Corey Brewer,,,,,,def,,
Al Thornton,Baron Davis,Eric Gordon,Marcus Camby,Rasual Butler,Al Jefferson,Corey Brewer,Jonny Flynn,Ryan Gomes,Ryan Hollins,3,10:10,MIN,shot,,,,,,,,,,Al Jefferson,,,,missed,,running reverse layup,25,6
Al Thornton,Baron Davis,Eric Gordon,Marcus Camby,Rasual Butler,Al Jefferson,Corey Brewer,Jonny Flynn,Ryan Gomes,Ryan Hollins,3,10:09,LAC,rebound,,,,,,,,,,,,,,,,,,
Al Thornton,Baron Davis,Eric Gordon,Marcus Camby,Rasual Butler,Al Jefferson,Corey Brewer,Jonny Flynn,Ryan Gomes,Ryan Hollins,3,10:09,MIN,foul,,,,,,,,Marcus Camby,,Ryan Hollins,,,,,,personal,,
Al Thornton,Baron Davis,Eric Gordon,Marcus Camby,Rasual Butler,Al Jefferson,Corey Brewer,Damien Wilkins,Jonny Flynn,Ryan Gomes,3,10:09,MIN,sub,,,,Damien Wilkins,,Ryan Hollins,,,,,,,,,,,,
Al Thornton,Baron Davis,Eric Gordon,Marcus Camby,Rasual Butler,Al Jefferson,Corey Brewer,Damien Wilkins,Jonny Flynn,Ryan Gomes,3,9:58,LAC,shot,,,,,,,,,,Baron Davis,,,,missed,,driving jump,28,8
Al Thornton,Baron Davis,Eric Gordon,Marcus Camby,Rasual Butler,Al Jefferson,Corey Brewer,Damien Wilkins,Jonny Flynn,Ryan Gomes,3,9:57,MIN,rebound,,,,,,,,,,Al Jefferson,,,,,,def,,
Al Thornton,Baron Davis,Eric Gordon,Marcus Camby,Rasual Butler,Al Jefferson,Corey Brewer,Damien Wilkins,Jonny Flynn,Ryan Gomes,3,9:51,MIN,shot,Damien Wilkins,,,,,,,,,Ryan Gomes,3,,,made,,3pt,49,8
Al Thornton,Baron Davis,Eric Gordon,Marcus Camby,Rasual Butler,Al Jefferson,Corey Brewer,Damien Wilkins,Jonny Flynn,Ryan Gomes,3,9:29,LAC,shot,,,,,,,,,,Eric Gordon,,,,missed,,driving layup,26,6
Al Thornton,Baron Davis,Eric Gordon,Marcus Camby,Rasual Butler,Al Jefferson,Corey Brewer,Damien Wilkins,Jonny Flynn,Ryan Gomes,3,9:27,MIN,rebound,,,,,,,,,,Damien Wilkins,,,,,,def,,
Al Thornton,Baron Davis,Eric Gordon,Marcus Camby,Rasual Butler,Al Jefferson,Corey Brewer,Damien Wilkins,Jonny Flynn,Ryan Gomes,3,9:21,MIN,shot,Jonny Flynn,,,,,,,,,Corey Brewer,3,,,made,,3pt,9,24
Al Thornton,Baron Davis,Eric Gordon,Marcus Camby,Rasual Butler,Al Jefferson,Corey Brewer,Damien Wilkins,Jonny Flynn,Ryan Gomes,3,9:04,LAC,shot,,,,,,,,,,Baron Davis,2,,,made,,driving layup,25,6
Al Thornton,Baron Davis,Eric Gordon,Marcus Camby,Rasual Butler,Al Jefferson,Corey Brewer,Damien Wilkins,Jonny Flynn,Ryan Gomes,3,8:42,MIN,shot,Jonny Flynn,,,,,,,,,Ryan Gomes,2,,,made,,layup,25,6
Al Thornton,Baron Davis,Eric Gordon,Marcus Camby,Rasual Butler,Al Jefferson,Corey Brewer,Damien Wilkins,Jonny Flynn,Ryan Gomes,3,8:20,LAC,shot,,,,,,,,,,Baron Davis,2,,,made,,step back jump,20,18
Al Thornton,Baron Davis,Eric Gordon,Marcus Camby,Rasual Butler,Al Jefferson,Corey Brewer,Damien Wilkins,Jonny Flynn,Ryan Gomes,3,7:59,MIN,shot,,,,,,,,,,Ryan Gomes,,,,missed,,layup,24,6
Al Thornton,Baron Davis,Eric Gordon,Marcus Camby,Rasual Butler,Al Jefferson,Corey Brewer,Damien Wilkins,Jonny Flynn,Ryan Gomes,3,7:57,LAC,rebound,,,,,,,,,,Marcus Camby,,,,,,def,,
Al Thornton,Baron Davis,Eric Gordon,Marcus Camby,Rasual Butler,Al Jefferson,Corey Brewer,Damien Wilkins,Jonny Flynn,Ryan Gomes,3,7:53,MIN,foul,,,,,,,,Baron Davis,,Jonny Flynn,,,,,,shooting,,
Al Thornton,Baron Davis,Eric Gordon,Marcus Camby,Rasual Butler,Al Jefferson,Corey Brewer,Damien Wilkins,Jonny Flynn,Ryan Gomes,3,7:53,LAC,free throw,,,,,,,1,,2,Baron Davis,,,foul,missed,,,,
Al Thornton,Baron Davis,Eric Gordon,Marcus Camby,Rasual Butler,Al Jefferson,Corey Brewer,Damien Wilkins,Jonny Flynn,Ryan Gomes,3,7:53,LAC,rebound,,,,,,,,,,,,,,,,,,
Al Thornton,Baron Davis,Eric Gordon,Marcus Camby,Rasual Butler,Al Jefferson,Corey Brewer,Damien Wilkins,Jonny Flynn,Ryan Gomes,3,7:53,LAC,free throw,,,,,,,2,,2,Baron Davis,,,foul,made,,,,
Al Thornton,Baron Davis,Eric Gordon,Marcus Camby,Rasual Butler,Al Jefferson,Corey Brewer,Damien Wilkins,Jonny Flynn,Ryan Gomes,3,7:43,MIN,shot,,,,,,,,,,Damien Wilkins,,,,missed,,jump,37,5
Al Thornton,Baron Davis,Eric Gordon,Marcus Camby,Rasual Butler,Al Jefferson,Corey Brewer,Damien Wilkins,Jonny Flynn,Ryan Gomes,3,7:42,LAC,rebound,,,,,,,,,,,,,,,,,,
Al Thornton,Baron Davis,Eric Gordon,Marcus Camby,Rasual Butler,Al Jefferson,Corey Brewer,Damien Wilkins,Jonny Flynn,Ryan Gomes,3,7:42,MIN,foul,,,,,,,,Marcus Camby,,Al Jefferson,,,,,,loose ball,,
Al Thornton,Baron Davis,Eric Gordon,Marcus Camby,Rasual Butler,Al Jefferson,Corey Brewer,Damien Wilkins,Jonny Flynn,Ryan Gomes,3,7:29,LAC,shot,Al Thornton,,,,,,,,,Eric Gordon,3,,,made,,3pt,37,28
Al Thornton,Baron Davis,Eric Gordon,Marcus Camby,Rasual Butler,Al Jefferson,Corey Brewer,Damien Wilkins,Jonny Flynn,Ryan Gomes,3,7:16,MIN,shot,,,,,,,,,,Jonny Flynn,,,,missed,,floating jump,25,10
Al Thornton,Baron Davis,Eric Gordon,Marcus Camby,Rasual Butler,Al Jefferson,Corey Brewer,Damien Wilkins,Jonny Flynn,Ryan Gomes,3,7:15,LAC,rebound,,,,,,,,,,Al Thornton,,,,,,def,,
Al Thornton,Baron Davis,Eric Gordon,Marcus Camby,Rasual Butler,Al Jefferson,Corey Brewer,Damien Wilkins,Jonny Flynn,Ryan Gomes,3,7:05,LAC,shot,,,,,,,,,,Al Thornton,,,,missed,,3pt,12,27
Al Thornton,Baron Davis,Eric Gordon,Marcus Camby,Rasual Butler,Al Jefferson,Corey Brewer,Damien Wilkins,Jonny Flynn,Ryan Gomes,3,7:04,MIN,rebound,,,,,,,,,,Al Jefferson,,,,,,def,,
Al Thornton,Baron Davis,Eric Gordon,Marcus Camby,Rasual Butler,Al Jefferson,Corey Brewer,Damien Wilkins,Jonny Flynn,Ryan Gomes,3,6:57,MIN,shot,,,,,,,,,,Jonny Flynn,,,,missed,,jump,13,8
Al Thornton,Baron Davis,Eric Gordon,Marcus Camby,Rasual Butler,Al Jefferson,Corey Brewer,Damien Wilkins,Jonny Flynn,Ryan Gomes,3,6:56,LAC,rebound,,,,,,,,,,Al Thornton,,,,,,def,,
Al Thornton,Baron Davis,Eric Gordon,Marcus Camby,Rasual Butler,Al Jefferson,Corey Brewer,Damien Wilkins,Jonny Flynn,Ryan Gomes,3,6:45,LAC,shot,,,,,,,,,,Baron Davis,,,,missed,,layup,25,6
Al Thornton,Baron Davis,Eric Gordon,Marcus Camby,Rasual Butler,Al Jefferson,Corey Brewer,Damien Wilkins,Jonny Flynn,Ryan Gomes,3,6:44,LAC,rebound,,,,,,,,,,Marcus Camby,,,,,,off,,
Al Thornton,Baron Davis,Eric Gordon,Marcus Camby,Rasual Butler,Al Jefferson,Corey Brewer,Damien Wilkins,Jonny Flynn,Ryan Gomes,3,6:44,LAC,shot,,,,,,,,,,Marcus Camby,2,,,made,,tip,25,6
Al Thornton,Baron Davis,Eric Gordon,Marcus Camby,Rasual Butler,Al Jefferson,Corey Brewer,Damien Wilkins,Jonny Flynn,Ryan Gomes,3,6:44,MIN,timeout,,,,,,,,,,,,,,,,regular,,
Al Thornton,Baron Davis,Eric Gordon,Marcus Camby,Rasual Butler,Corey Brewer,Damien Wilkins,Jonny Flynn,Kevin Love,Ryan Gomes,3,6:44,MIN,sub,,,,Kevin Love,,Al Jefferson,,,,,,,,,,,,
Al Thornton,Baron Davis,Eric Gordon,Marcus Camby,Rasual Butler,Corey Brewer,Damien Wilkins,Jonny Flynn,Kevin Love,Ryan Gomes,3,6:21,MIN,shot,Ryan Gomes,,,,,,,,,Corey Brewer,3,,,made,,3pt,26,32
Al Thornton,Baron Davis,Eric Gordon,Marcus Camby,Rasual Butler,Corey Brewer,Damien Wilkins,Jonny Flynn,Kevin Love,Ryan Gomes,3,6:07,LAC,shot,,,,,,,,,,Eric Gordon,,,,missed,,jump,20,24
Al Thornton,Baron Davis,Eric Gordon,Marcus Camby,Rasual Butler,Corey Brewer,Damien Wilkins,Jonny Flynn,Kevin Love,Ryan Gomes,3,6:06,MIN,rebound,,,,,,,,,,Corey Brewer,,,,,,def,,
Al Thornton,Baron Davis,Eric Gordon,Marcus Camby,Rasual Butler,Corey Brewer,Damien Wilkins,Jonny Flynn,Kevin Love,Ryan Gomes,3,5:54,MIN,shot,,,,,,,,,,Damien Wilkins,2,,,made,,jump,43,6
Al Thornton,Baron Davis,Eric Gordon,Marcus Camby,Rasual Butler,Corey Brewer,Damien Wilkins,Jonny Flynn,Kevin Love,Ryan Gomes,3,5:41,LAC,shot,,,,,,,,,,Baron Davis,3,,,made,,3pt,17,30
Al Thornton,Baron Davis,Eric Gordon,Marcus Camby,Rasual Butler,Corey Brewer,Damien Wilkins,Jonny Flynn,Kevin Love,Ryan Gomes,3,5:23,MIN,shot,,,,,,,,,,Kevin Love,,,,missed,,jump,31,19
Al Thornton,Baron Davis,Eric Gordon,Marcus Camby,Rasual Butler,Corey Brewer,Damien Wilkins,Jonny Flynn,Kevin Love,Ryan Gomes,3,5:22,LAC,rebound,,,,,,,,,,Baron Davis,,,,,,def,,
Al Thornton,Baron Davis,Eric Gordon,Marcus Camby,Rasual Butler,Corey Brewer,Damien Wilkins,Jonny Flynn,Kevin Love,Ryan Gomes,3,5:14,LAC,shot,,,,,,,,,,Baron Davis,2,,,made,,driving layup,25,6
Al Thornton,Baron Davis,Eric Gordon,Marcus Camby,Rasual Butler,Corey Brewer,Damien Wilkins,Jonny Flynn,Kevin Love,Ryan Gomes,3,5:14,MIN,foul,,,,,,,,Baron Davis,,Corey Brewer,,,,,,shooting,,
Al Thornton,Baron Davis,Eric Gordon,Marcus Camby,Rasual Butler,Corey Brewer,Damien Wilkins,Jonny Flynn,Kevin Love,Ryan Gomes,3,5:14,LAC,free throw,,,,,,,1,,1,Baron Davis,,,foul,made,,,,
Al Thornton,Baron Davis,Eric Gordon,Marcus Camby,Rasual Butler,Corey Brewer,Damien Wilkins,Jonny Flynn,Kevin Love,Ryan Gomes,3,5:02,MIN,shot,,,,,,,,,,Jonny Flynn,3,,,made,,3pt,39,28
Al Thornton,Baron Davis,Eric Gordon,Marcus Camby,Rasual Butler,Corey Brewer,Damien Wilkins,Jonny Flynn,Kevin Love,Ryan Gomes,3,4:47,LAC,shot,,,,,,,,,,Baron Davis,,,,missed,,jump,21,19
Al Thornton,Baron Davis,Eric Gordon,Marcus Camby,Rasual Butler,Corey Brewer,Damien Wilkins,Jonny Flynn,Kevin Love,Ryan Gomes,3,4:46,MIN,rebound,,,,,,,,,,Damien Wilkins,,,,,,def,,
Al Thornton,Baron Davis,Eric Gordon,Marcus Camby,Rasual Butler,Corey Brewer,Damien Wilkins,Jonny Flynn,Kevin Love,Ryan Gomes,3,4:43,LAC,foul,,,,,,,,Corey Brewer,,Baron Davis,,,,,,shooting,,
Al Thornton,Baron Davis,Eric Gordon,Marcus Camby,Rasual Butler,Corey Brewer,Damien Wilkins,Jonny Flynn,Kevin Love,Ryan Gomes,3,4:43,MIN,free throw,,,,,,,1,,2,Corey Brewer,,,foul,missed,,,,
Al Thornton,Baron Davis,Eric Gordon,Marcus Camby,Rasual Butler,Corey Brewer,Damien Wilkins,Jonny Flynn,Kevin Love,Ryan Gomes,3,4:43,MIN,rebound,,,,,,,,,,,,,,,,,,
Al Thornton,Baron Davis,Eric Gordon,Marcus Camby,Rasual Butler,Corey Brewer,Damien Wilkins,Jonny Flynn,Kevin Love,Ryan Gomes,3,4:43,MIN,free throw,,,,,,,2,,2,Corey Brewer,,,foul,made,,,,
Al Thornton,Baron Davis,Eric Gordon,Marcus Camby,Rasual Butler,Corey Brewer,Damien Wilkins,Jonny Flynn,Kevin Love,Ryan Gomes,3,4:33,MIN,foul,,,,,,,,Baron Davis,,Jonny Flynn,,,,,,personal,,
Al Thornton,Baron Davis,Eric Gordon,Marcus Camby,Rasual Butler,Corey Brewer,Damien Wilkins,Jonny Flynn,Kevin Love,Ryan Gomes,3,4:33,LAC,free throw,,,,,,,1,,2,Baron Davis,,,foul,made,,,,
Al Thornton,Baron Davis,Eric Gordon,Marcus Camby,Rasual Butler,Corey Brewer,Damien Wilkins,Kevin Love,Ramon Sessions,Ryan Gomes,3,4:33,MIN,sub,,,,Ramon Sessions,,Jonny Flynn,,,,,,,,,,,,
Al Thornton,Baron Davis,Eric Gordon,Marcus Camby,Rasual Butler,Corey Brewer,Damien Wilkins,Kevin Love,Ramon Sessions,Ryan Gomes,3,4:33,LAC,free throw,,,,,,,2,,2,Baron Davis,,,foul,made,,,,
Al Thornton,Baron Davis,Eric Gordon,Marcus Camby,Rasual Butler,Corey Brewer,Damien Wilkins,Kevin Love,Ramon Sessions,Ryan Gomes,3,4:18,MIN,shot,,,,,,,,,,Corey Brewer,,,,missed,,jump,34,21
Al Thornton,Baron Davis,Eric Gordon,Marcus Camby,Rasual Butler,Corey Brewer,Damien Wilkins,Kevin Love,Ramon Sessions,Ryan Gomes,3,4:16,MIN,rebound,,,,,,,,,,Kevin Love,,,,,,off,,
Al Thornton,Baron Davis,Eric Gordon,Marcus Camby,Rasual Butler,Corey Brewer,Damien Wilkins,Kevin Love,Ramon Sessions,Ryan Gomes,3,4:13,MIN,turnover,,,,,,,,,,Kevin Love,,,bad pass,,Marcus Camby,,,
Al Thornton,Baron Davis,Eric Gordon,Marcus Camby,Rasual Butler,Corey Brewer,Damien Wilkins,Kevin Love,Ramon Sessions,Ryan Gomes,3,4:12,LAC,timeout,,,,,,,,,,,,,,,,short,,
Al Thornton,Baron Davis,Eric Gordon,Marcus Camby,Rasual Butler,Corey Brewer,Damien Wilkins,Kevin Love,Ramon Sessions,Ryan Gomes,3,4:00,LAC,shot,,,,,,,,,,Rasual Butler,,,,missed,,3pt,1,5
Al Thornton,Baron Davis,Eric Gordon,Marcus Camby,Rasual Butler,Corey Brewer,Damien Wilkins,Kevin Love,Ramon Sessions,Ryan Gomes,3,3:59,LAC,rebound,,,,,,,,,,Baron Davis,,,,,,off,,
Al Thornton,Baron Davis,Eric Gordon,Marcus Camby,Rasual Butler,Corey Brewer,Damien Wilkins,Kevin Love,Ramon Sessions,Ryan Gomes,3,3:56,LAC,shot,,,,,,,,,,Eric Gordon,,,,missed,,3pt,11,26
Al Thornton,Baron Davis,Eric Gordon,Marcus Camby,Rasual Butler,Corey Brewer,Damien Wilkins,Kevin Love,Ramon Sessions,Ryan Gomes,3,3:55,MIN,rebound,,,,,,,,,,Corey Brewer,,,,,,def,,
Al Thornton,Baron Davis,Eric Gordon,Marcus Camby,Rasual Butler,Corey Brewer,Damien Wilkins,Kevin Love,Ramon Sessions,Ryan Gomes,3,3:49,LAC,foul,,,,,,,,Ramon Sessions,,Eric Gordon,,,,,,shooting,,
Al Thornton,Baron Davis,Eric Gordon,Marcus Camby,Rasual Butler,Corey Brewer,Damien Wilkins,Kevin Love,Ramon Sessions,Ryan Gomes,3,3:49,MIN,free throw,,,,,,,1,,2,Ramon Sessions,,,foul,made,,,,
Al Thornton,Baron Davis,Eric Gordon,Marcus Camby,Rasual Butler,Corey Brewer,Damien Wilkins,Kevin Love,Ramon Sessions,Ryan Gomes,3,3:49,MIN,free throw,,,,,,,2,,2,Ramon Sessions,,,foul,made,,,,
Al Thornton,Baron Davis,Eric Gordon,Marcus Camby,Rasual Butler,Corey Brewer,Damien Wilkins,Kevin Love,Ramon Sessions,Ryan Gomes,3,3:28,LAC,shot,Eric Gordon,,,,,,,,,Al Thornton,2,,,made,,jump,39,15
Al Thornton,Baron Davis,Eric Gordon,Marcus Camby,Rasual Butler,Corey Brewer,Damien Wilkins,Kevin Love,Ramon Sessions,Ryan Gomes,3,3:06,MIN,shot,Ryan Gomes,,,,,,,,,Corey Brewer,3,,,made,,3pt,41,26
Al Thornton,Baron Davis,Eric Gordon,Marcus Camby,Rasual Butler,Corey Brewer,Damien Wilkins,Kevin Love,Ramon Sessions,Ryan Gomes,3,2:51,LAC,shot,,,,,,,,,,Eric Gordon,2,,,made,,driving layup,25,6
Al Thornton,Baron Davis,Eric Gordon,Marcus Camby,Rasual Butler,Corey Brewer,Damien Wilkins,Kevin Love,Ramon Sessions,Ryan Gomes,3,2:34,MIN,shot,,,,,,,,,,Kevin Love,,,,missed,,jump,11,13
Al Thornton,Baron Davis,Eric Gordon,Marcus Camby,Rasual Butler,Corey Brewer,Damien Wilkins,Kevin Love,Ramon Sessions,Ryan Gomes,3,2:33,LAC,rebound,,,,,,,,,,Baron Davis,,,,,,def,,
Al Thornton,Baron Davis,Eric Gordon,Marcus Camby,Rasual Butler,Corey Brewer,Damien Wilkins,Kevin Love,Ramon Sessions,Ryan Gomes,3,2:27,LAC,shot,,,,,,,,,,Baron Davis,3,,,made,,3pt,7,22
Al Thornton,Baron Davis,Eric Gordon,Marcus Camby,Rasual Butler,Corey Brewer,Damien Wilkins,Kevin Love,Ramon Sessions,Ryan Gomes,3,2:16,MIN,shot,,,Marcus Camby,,,,,,,Ryan Gomes,,,,missed,,jump,28,8
Al Thornton,Baron Davis,Eric Gordon,Marcus Camby,Rasual Butler,Corey Brewer,Damien Wilkins,Kevin Love,Ramon Sessions,Ryan Gomes,3,2:14,MIN,rebound,,,,,,,,,,Ramon Sessions,,,,,,off,,
Al Thornton,Baron Davis,Eric Gordon,Marcus Camby,Rasual Butler,Corey Brewer,Damien Wilkins,Kevin Love,Ramon Sessions,Ryan Gomes,3,2:01,MIN,shot,,,,,,,,,,Ramon Sessions,,,,missed,,jump,38,18
Al Thornton,Baron Davis,Eric Gordon,Marcus Camby,Rasual Butler,Corey Brewer,Damien Wilkins,Kevin Love,Ramon Sessions,Ryan Gomes,3,2:00,LAC,rebound,,,,,,,,,,Marcus Camby,,,,,,def,,
Al Thornton,Baron Davis,Eric Gordon,Marcus Camby,Rasual Butler,Corey Brewer,Damien Wilkins,Kevin Love,Ramon Sessions,Ryan Gomes,3,1:53,LAC,turnover,,,,,,,,,,Marcus Camby,,,bad pass,,Damien Wilkins,,,
Al Thornton,Baron Davis,Eric Gordon,Marcus Camby,Rasual Butler,Corey Brewer,Damien Wilkins,Kevin Love,Ramon Sessions,Ryan Gomes,3,1:39,MIN,shot,,,,,,,,,,Ryan Gomes,,,,missed,,jump,25,11
Al Thornton,Baron Davis,Eric Gordon,Marcus Camby,Rasual Butler,Corey Brewer,Damien Wilkins,Kevin Love,Ramon Sessions,Ryan Gomes,3,1:38,MIN,rebound,,,,,,,,,,Ryan Gomes,,,,,,off,,
Al Thornton,Baron Davis,Eric Gordon,Marcus Camby,Rasual Butler,Corey Brewer,Damien Wilkins,Kevin Love,Ramon Sessions,Ryan Gomes,3,1:37,MIN,shot,,,,,,,,,,Ryan Gomes,,,,missed,,layup,25,6
Al Thornton,Baron Davis,Eric Gordon,Marcus Camby,Rasual Butler,Corey Brewer,Damien Wilkins,Kevin Love,Ramon Sessions,Ryan Gomes,3,1:36,LAC,rebound,,,,,,,,,,,,,,,,,,
Al Thornton,Baron Davis,Eric Gordon,Marcus Camby,Rasual Butler,Corey Brewer,Damien Wilkins,Kevin Love,Ramon Sessions,Ryan Gomes,3,1:36,LAC,timeout,,,,,,,,,,,,,,,,regular,,
Al Thornton,Baron Davis,Eric Gordon,Marcus Camby,Rasual Butler,Corey Brewer,Damien Wilkins,Ramon Sessions,Ryan Gomes,Ryan Hollins,3,1:36,MIN,sub,,,,Ryan Hollins,,Kevin Love,,,,,,,,,,,,
Al Thornton,Baron Davis,Eric Gordon,Marcus Camby,Rasual Butler,Al Jefferson,Corey Brewer,Damien Wilkins,Ramon Sessions,Ryan Hollins,3,1:36,MIN,sub,,,,Al Jefferson,,Ryan Gomes,,,,,,,,,,,,
Al Thornton,Baron Davis,Eric Gordon,Marcus Camby,Rasual Butler,Al Jefferson,Corey Brewer,Damien Wilkins,Ramon Sessions,Ryan Hollins,3,1:23,LAC,shot,,,,,,,,,,Baron Davis,2,,,made,,driving layup,25,6
Al Thornton,Baron Davis,Eric Gordon,Marcus Camby,Rasual Butler,Al Jefferson,Corey Brewer,Damien Wilkins,Ramon Sessions,Ryan Hollins,3,1:14,MIN,turnover,,,,,,,,,,Damien Wilkins,,,lost ball,,Baron Davis,,,
Al Thornton,Baron Davis,Eric Gordon,Marcus Camby,Rasual Butler,Al Jefferson,Corey Brewer,Damien Wilkins,Ramon Sessions,Ryan Hollins,3,1:10,LAC,shot,Marcus Camby,,,,,,,,,Baron Davis,2,,,made,,driving layup,25,6
Al Thornton,Baron Davis,Eric Gordon,Marcus Camby,Rasual Butler,Al Jefferson,Corey Brewer,Damien Wilkins,Ramon Sessions,Ryan Hollins,3,1:10,MIN,foul,,,,,,,,Baron Davis,,Damien Wilkins,,,,,,shooting,,
Al Thornton,Baron Davis,Marcus Camby,Rasual Butler,Ricky Davis,Al Jefferson,Corey Brewer,Damien Wilkins,Ramon Sessions,Ryan Hollins,3,1:10,LAC,sub,,,,Ricky Davis,,Eric Gordon,,,,,,,,,,,,
Al Thornton,Baron Davis,Marcus Camby,Rasual Butler,Ricky Davis,Al Jefferson,Corey Brewer,Damien Wilkins,Ramon Sessions,Ryan Hollins,3,1:10,LAC,free throw,,,,,,,1,,1,Baron Davis,,,foul,made,,,,
Al Thornton,Baron Davis,Marcus Camby,Rasual Butler,Ricky Davis,Al Jefferson,Corey Brewer,Damien Wilkins,Ramon Sessions,Ryan Hollins,3,0:46,MIN,shot,,,,,,,,,,Damien Wilkins,,,,missed,,jump,39,19
Al Thornton,Baron Davis,Marcus Camby,Rasual Butler,Ricky Davis,Al Jefferson,Corey Brewer,Damien Wilkins,Ramon Sessions,Ryan Hollins,3,0:45,MIN,rebound,,,,,,,,,,Ryan Hollins,,,,,,off,,
Al Thornton,Baron Davis,Marcus Camby,Rasual Butler,Ricky Davis,Al Jefferson,Corey Brewer,Damien Wilkins,Ramon Sessions,Ryan Hollins,3,0:44,MIN,shot,,,,,,,,,,Ryan Hollins,2,,,made,,layup,25,6
Al Thornton,Baron Davis,Marcus Camby,Rasual Butler,Ricky Davis,Al Jefferson,Corey Brewer,Damien Wilkins,Ramon Sessions,Ryan Hollins,3,0:30,LAC,shot,,,,,,,,,,Ricky Davis,,,,missed,,3pt,3,8
Al Thornton,Baron Davis,Marcus Camby,Rasual Butler,Ricky Davis,Al Jefferson,Corey Brewer,Damien Wilkins,Ramon Sessions,Ryan Hollins,3,0:27,LAC,rebound,,,,,,,,,,Rasual Butler,,,,,,off,,
Al Thornton,Baron Davis,Marcus Camby,Rasual Butler,Ricky Davis,Al Jefferson,Corey Brewer,Damien Wilkins,Ramon Sessions,Ryan Hollins,3,0:18,LAC,shot,,,,,,,,,,Al Thornton,,,,missed,,driving finger roll layup,25,8
Al Thornton,Baron Davis,Marcus Camby,Rasual Butler,Ricky Davis,Al Jefferson,Corey Brewer,Damien Wilkins,Ramon Sessions,Ryan Hollins,3,0:17,MIN,rebound,,,,,,,,,,Al Jefferson,,,,,,def,,
Al Thornton,Baron Davis,Marcus Camby,Rasual Butler,Ricky Davis,Al Jefferson,Corey Brewer,Damien Wilkins,Ramon Sessions,Ryan Hollins,3,0:04,MIN,turnover,,,,,,,,,,Ramon Sessions,,,out of bounds lost ball turnover,,,,,
Al Thornton,Baron Davis,Marcus Camby,Rasual Butler,Ricky Davis,Al Jefferson,Corey Brewer,Ramon Sessions,Ryan Hollins,Wayne Ellington,3,0:04,MIN,sub,,,,Wayne Ellington,,Damien Wilkins,,,,,,,,,,,,
Al Thornton,Baron Davis,Marcus Camby,Rasual Butler,Ricky Davis,Al Jefferson,Corey Brewer,Ramon Sessions,Ryan Hollins,Wayne Ellington,3,0:00,LAC,shot,,,,,,,,,,Baron Davis,2,,,made,,driving layup,25,6
Al Thornton,Baron Davis,Eric Gordon,Marcus Camby,Ricky Davis,Al Jefferson,Corey Brewer,Ramon Sessions,Ryan Hollins,Wayne Ellington,4,11:48,LAC,shot,,,,,,,,,,Marcus Camby,,,,missed,,jump,21,12
Al Thornton,Baron Davis,Eric Gordon,Marcus Camby,Ricky Davis,Al Jefferson,Corey Brewer,Ramon Sessions,Ryan Hollins,Wayne Ellington,4,11:47,MIN,rebound,,,,,,,,,,Al Jefferson,,,,,,def,,
Al Thornton,Baron Davis,Eric Gordon,Marcus Camby,Ricky Davis,Al Jefferson,Corey Brewer,Ramon Sessions,Ryan Hollins,Wayne Ellington,4,11:29,MIN,shot,,,,,,,,,,Al Jefferson,2,,,made,,driving layup,25,6
Al Thornton,Baron Davis,Eric Gordon,Marcus Camby,Ricky Davis,Al Jefferson,Corey Brewer,Ramon Sessions,Ryan Hollins,Wayne Ellington,4,11:29,LAC,foul,,,,,,,,Al Jefferson,,Marcus Camby,,,,,,shooting,,
Baron Davis,Craig Smith,Eric Gordon,Marcus Camby,Ricky Davis,Al Jefferson,Corey Brewer,Ramon Sessions,Ryan Hollins,Wayne Ellington,4,11:29,LAC,sub,,,,Craig Smith,,Al Thornton,,,,,,,,,,,,
Baron Davis,Craig Smith,Eric Gordon,Marcus Camby,Ricky Davis,Al Jefferson,Corey Brewer,Ramon Sessions,Ryan Hollins,Wayne Ellington,4,11:29,MIN,free throw,,,,,,,1,,1,Al Jefferson,,,foul,made,,,,
Baron Davis,Craig Smith,Eric Gordon,Marcus Camby,Ricky Davis,Al Jefferson,Corey Brewer,Ramon Sessions,Ryan Hollins,Wayne Ellington,4,11:08,LAC,shot,,,Al Jefferson,,,,,,,Craig Smith,,,,missed,,layup,25,6
Baron Davis,Craig Smith,Eric Gordon,Marcus Camby,Ricky Davis,Al Jefferson,Corey Brewer,Ramon Sessions,Ryan Hollins,Wayne Ellington,4,11:07,MIN,rebound,,,,,,,,,,Corey Brewer,,,,,,def,,
Baron Davis,Craig Smith,Eric Gordon,Marcus Camby,Ricky Davis,Al Jefferson,Corey Brewer,Ramon Sessions,Ryan Hollins,Wayne Ellington,4,10:48,MIN,shot,,,,,,,,,,Corey Brewer,,,,missed,,3pt,48,13
Baron Davis,Craig Smith,Eric Gordon,Marcus Camby,Ricky Davis,Al Jefferson,Corey Brewer,Ramon Sessions,Ryan Hollins,Wayne Ellington,4,10:47,LAC,rebound,,,,,,,,,,Marcus Camby,,,,,,def,,
Baron Davis,Craig Smith,Eric Gordon,Marcus Camby,Ricky Davis,Al Jefferson,Corey Brewer,Ramon Sessions,Ryan Hollins,Wayne Ellington,4,10:24,LAC,shot,,,,,,,,,,Baron Davis,,,,missed,,jump,33,13
Baron Davis,Craig Smith,Eric Gordon,Marcus Camby,Ricky Davis,Al Jefferson,Corey Brewer,Ramon Sessions,Ryan Hollins,Wayne Ellington,4,10:22,LAC,rebound,,,,,,,,,,Marcus Camby,,,,,,off,,
Baron Davis,Craig Smith,Eric Gordon,Marcus Camby,Ricky Davis,Al Jefferson,Corey Brewer,Ramon Sessions,Ryan Hollins,Wayne Ellington,4,10:22,LAC,shot,,,,,,,,,,Marcus Camby,2,,,made,,tip,25,6
Baron Davis,Craig Smith,Eric Gordon,Marcus Camby,Ricky Davis,Al Jefferson,Corey Brewer,Ramon Sessions,Ryan Hollins,Wayne Ellington,4,10:12,MIN,shot,Corey Brewer,,,,,,,,,Al Jefferson,2,,,made,,jump,25,10
Baron Davis,Craig Smith,Eric Gordon,Marcus Camby,Ricky Davis,Al Jefferson,Corey Brewer,Ramon Sessions,Ryan Hollins,Wayne Ellington,4,9:48,LAC,shot,,,,,,,,,,Eric Gordon,2,,,made,,driving layup,25,6
Baron Davis,Craig Smith,Eric Gordon,Marcus Camby,Ricky Davis,Al Jefferson,Corey Brewer,Ramon Sessions,Ryan Hollins,Wayne Ellington,4,9:45,LAC,foul,,,,,,,,Ramon Sessions,,Baron Davis,,,,,,personal,,
Baron Davis,Craig Smith,DeAndre Jordan,Eric Gordon,Ricky Davis,Al Jefferson,Corey Brewer,Ramon Sessions,Ryan Hollins,Wayne Ellington,4,9:45,LAC,sub,,,,DeAndre Jordan,,Marcus Camby,,,,,,,,,,,,
Baron Davis,Craig Smith,DeAndre Jordan,Eric Gordon,Ricky Davis,Al Jefferson,Corey Brewer,Ramon Sessions,Ryan Hollins,Wayne Ellington,4,9:41,MIN,shot,,,,,,,,,,Ryan Hollins,2,,,made,,running layup,24,7
Baron Davis,Craig Smith,DeAndre Jordan,Eric Gordon,Ricky Davis,Al Jefferson,Corey Brewer,Ramon Sessions,Ryan Hollins,Wayne Ellington,4,9:41,LAC,foul,,,,,,,,Ryan Hollins,,DeAndre Jordan,,,,,,shooting,,
Baron Davis,Craig Smith,DeAndre Jordan,Eric Gordon,Ricky Davis,Al Jefferson,Corey Brewer,Ramon Sessions,Ryan Hollins,Wayne Ellington,4,9:41,MIN,free throw,,,,,,,1,,1,Ryan Hollins,,,foul,made,,,,
Baron Davis,Craig Smith,DeAndre Jordan,Eric Gordon,Ricky Davis,Al Jefferson,Corey Brewer,Ramon Sessions,Ryan Hollins,Wayne Ellington,4,9:25,LAC,shot,,,,,,,,,,Ricky Davis,2,,,made,,jump,9,17
Baron Davis,Craig Smith,DeAndre Jordan,Eric Gordon,Ricky Davis,Al Jefferson,Corey Brewer,Ramon Sessions,Ryan Hollins,Wayne Ellington,4,9:17,LAC,foul,,,,,,,,Ramon Sessions,,DeAndre Jordan,,,,,,personal,,
Bobby Brown,Craig Smith,DeAndre Jordan,Eric Gordon,Ricky Davis,Al Jefferson,Corey Brewer,Ramon Sessions,Ryan Hollins,Wayne Ellington,4,9:17,LAC,sub,,,,Bobby Brown,,Baron Davis,,,,,,,,,,,,
Bobby Brown,Craig Smith,DeAndre Jordan,Eric Gordon,Ricky Davis,Al Jefferson,Corey Brewer,Kevin Love,Ramon Sessions,Wayne Ellington,4,9:17,MIN,sub,,,,Kevin Love,,Ryan Hollins,,,,,,,,,,,,
Bobby Brown,Craig Smith,DeAndre Jordan,Eric Gordon,Ricky Davis,Al Jefferson,Corey Brewer,Jonny Flynn,Kevin Love,Wayne Ellington,4,9:17,MIN,sub,,,,Jonny Flynn,,Ramon Sessions,,,,,,,,,,,,
Bobby Brown,Craig Smith,DeAndre Jordan,Eric Gordon,Ricky Davis,Al Jefferson,Corey Brewer,Jonny Flynn,Kevin Love,Wayne Ellington,4,9:05,MIN,shot,,,,,,,,,,Al Jefferson,,,,missed,,layup,25,6
Bobby Brown,Craig Smith,DeAndre Jordan,Eric Gordon,Ricky Davis,Al Jefferson,Corey Brewer,Jonny Flynn,Kevin Love,Wayne Ellington,4,9:04,MIN,rebound,,,,,,,,,,Al Jefferson,,,,,,off,,
Bobby Brown,Craig Smith,DeAndre Jordan,Eric Gordon,Ricky Davis,Al Jefferson,Corey Brewer,Jonny Flynn,Kevin Love,Wayne Ellington,4,9:04,MIN,shot,,,,,,,,,,Al Jefferson,2,,,made,,tip,25,6
Bobby Brown,Craig Smith,DeAndre Jordan,Eric Gordon,Ricky Davis,Al Jefferson,Corey Brewer,Jonny Flynn,Kevin Love,Wayne Ellington,4,8:47,LAC,shot,Eric Gordon,,,,,,,,,Craig Smith,2,,,made,,pullup jump,22,9
Bobby Brown,Craig Smith,DeAndre Jordan,Eric Gordon,Ricky Davis,Al Jefferson,Corey Brewer,Jonny Flynn,Kevin Love,Wayne Ellington,4,8:40,LAC,foul,,,,,,,,Jonny Flynn,,DeAndre Jordan,,,,,,shooting,,
Bobby Brown,Craig Smith,DeAndre Jordan,Eric Gordon,Ricky Davis,Al Jefferson,Corey Brewer,Jonny Flynn,Kevin Love,Wayne Ellington,4,8:40,MIN,timeout,,,,,,,,,,,,,,,,,,
Bobby Brown,Craig Smith,DeAndre Jordan,Eric Gordon,Ricky Davis,Al Jefferson,Jonny Flynn,Kevin Love,Ryan Gomes,Wayne Ellington,4,8:40,MIN,sub,,,,Ryan Gomes,,Corey Brewer,,,,,,,,,,,,
Bobby Brown,Craig Smith,DeAndre Jordan,Eric Gordon,Ricky Davis,Al Jefferson,Jonny Flynn,Kevin Love,Ryan Gomes,Wayne Ellington,4,8:40,MIN,free throw,,,,,,,1,,2,Jonny Flynn,,,foul,made,,,,
Bobby Brown,Craig Smith,DeAndre Jordan,Eric Gordon,Ricky Davis,Al Jefferson,Jonny Flynn,Kevin Love,Ryan Gomes,Wayne Ellington,4,8:40,MIN,free throw,,,,,,,2,,2,Jonny Flynn,,,foul,made,,,,
Bobby Brown,Craig Smith,DeAndre Jordan,Eric Gordon,Ricky Davis,Al Jefferson,Jonny Flynn,Kevin Love,Ryan Gomes,Wayne Ellington,4,8:31,LAC,shot,,,,,,,,,,Bobby Brown,,,,missed,,3pt,35,30
Bobby Brown,Craig Smith,DeAndre Jordan,Eric Gordon,Ricky Davis,Al Jefferson,Jonny Flynn,Kevin Love,Ryan Gomes,Wayne Ellington,4,8:30,LAC,rebound,,,,,,,,,,DeAndre Jordan,,,,,,off,,
Bobby Brown,Craig Smith,DeAndre Jordan,Eric Gordon,Ricky Davis,Al Jefferson,Jonny Flynn,Kevin Love,Ryan Gomes,Wayne Ellington,4,8:30,LAC,shot,,,,,,,,,,DeAndre Jordan,2,,,made,,putback slam dunk,25,6
Bobby Brown,Craig Smith,DeAndre Jordan,Eric Gordon,Ricky Davis,Al Jefferson,Jonny Flynn,Kevin Love,Ryan Gomes,Wayne Ellington,4,8:11,MIN,jump ball,,Craig Smith,,,Al Jefferson,,,,,,,Ryan Gomes,,,,,,
Bobby Brown,Craig Smith,DeAndre Jordan,Eric Gordon,Ricky Davis,Al Jefferson,Jonny Flynn,Kevin Love,Ryan Gomes,Wayne Ellington,4,8:02,MIN,shot,,,,,,,,,,Jonny Flynn,,,,missed,,layup,25,6
Bobby Brown,Craig Smith,DeAndre Jordan,Eric Gordon,Ricky Davis,Al Jefferson,Jonny Flynn,Kevin Love,Ryan Gomes,Wayne Ellington,4,8:00,MIN,rebound,,,,,,,,,,,,,,,,,,
Bobby Brown,Craig Smith,DeAndre Jordan,Eric Gordon,Ricky Davis,Al Jefferson,Jonny Flynn,Kevin Love,Ryan Gomes,Wayne Ellington,4,7:50,MIN,shot,,,,,,,,,,Jonny Flynn,,,,missed,,3pt,42,25
Bobby Brown,Craig Smith,DeAndre Jordan,Eric Gordon,Ricky Davis,Al Jefferson,Jonny Flynn,Kevin Love,Ryan Gomes,Wayne Ellington,4,7:49,LAC,rebound,,,,,,,,,,DeAndre Jordan,,,,,,def,,
Bobby Brown,Craig Smith,DeAndre Jordan,Eric Gordon,Ricky Davis,Al Jefferson,Jonny Flynn,Kevin Love,Ryan Gomes,Wayne Ellington,4,7:44,MIN,foul,,,,,,,,Eric Gordon,,Wayne Ellington,,,,,,shooting,,
Bobby Brown,Craig Smith,DeAndre Jordan,Eric Gordon,Ricky Davis,Jonny Flynn,Kevin Love,Ryan Gomes,Ryan Hollins,Wayne Ellington,4,7:44,MIN,sub,,,,Ryan Hollins,,Al Jefferson,,,,,,,,,,,,
Bobby Brown,Craig Smith,DeAndre Jordan,Eric Gordon,Ricky Davis,Jonny Flynn,Kevin Love,Ryan Gomes,Ryan Hollins,Wayne Ellington,4,7:44,LAC,free throw,,,,,,,1,,2,Eric Gordon,,,foul,made,,,,
Bobby Brown,Craig Smith,DeAndre Jordan,Eric Gordon,Ricky Davis,Jonny Flynn,Kevin Love,Ryan Gomes,Ryan Hollins,Wayne Ellington,4,7:44,LAC,free throw,,,,,,,2,,2,Eric Gordon,,,foul,missed,,,,
Bobby Brown,Craig Smith,DeAndre Jordan,Eric Gordon,Ricky Davis,Jonny Flynn,Kevin Love,Ryan Gomes,Ryan Hollins,Wayne Ellington,4,7:44,MIN,rebound,,,,,,,,,,Kevin Love,,,,,,def,,
Bobby Brown,Craig Smith,DeAndre Jordan,Eric Gordon,Ricky Davis,Jonny Flynn,Kevin Love,Ryan Gomes,Ryan Hollins,Wayne Ellington,4,7:33,MIN,shot,,,DeAndre Jordan,,,,,,,Ryan Hollins,,,,missed,,jump,15,8
Bobby Brown,Craig Smith,DeAndre Jordan,Eric Gordon,Ricky Davis,Jonny Flynn,Kevin Love,Ryan Gomes,Ryan Hollins,Wayne Ellington,4,7:31,LAC,rebound,,,,,,,,,,Bobby Brown,,,,,,def,,
Bobby Brown,Craig Smith,DeAndre Jordan,Eric Gordon,Ricky Davis,Jonny Flynn,Kevin Love,Ryan Gomes,Ryan Hollins,Wayne Ellington,4,7:27,LAC,shot,,,,,,,,,,Eric Gordon,,,,missed,,3pt,39,26
Bobby Brown,Craig Smith,DeAndre Jordan,Eric Gordon,Ricky Davis,Jonny Flynn,Kevin Love,Ryan Gomes,Ryan Hollins,Wayne Ellington,4,7:26,MIN,rebound,,,,,,,,,,Kevin Love,,,,,,def,,
Bobby Brown,Craig Smith,DeAndre Jordan,Eric Gordon,Ricky Davis,Jonny Flynn,Kevin Love,Ryan Gomes,Ryan Hollins,Wayne Ellington,4,7:12,LAC,foul,,,,,,,,Ryan Gomes,,DeAndre Jordan,,,,,,shooting,,
Baron Davis,Craig Smith,DeAndre Jordan,Eric Gordon,Ricky Davis,Jonny Flynn,Kevin Love,Ryan Gomes,Ryan Hollins,Wayne Ellington,4,7:12,LAC,sub,,,,Baron Davis,,Bobby Brown,,,,,,,,,,,,
Baron Davis,Craig Smith,Eric Gordon,Marcus Camby,Ricky Davis,Jonny Flynn,Kevin Love,Ryan Gomes,Ryan Hollins,Wayne Ellington,4,7:12,LAC,sub,,,,Marcus Camby,,DeAndre Jordan,,,,,,,,,,,,
Baron Davis,Craig Smith,Eric Gordon,Marcus Camby,Ricky Davis,Jonny Flynn,Kevin Love,Ryan Gomes,Ryan Hollins,Wayne Ellington,4,7:12,MIN,free throw,,,,,,,1,,2,Ryan Gomes,,,foul,made,,,,
Baron Davis,Craig Smith,Eric Gordon,Marcus Camby,Ricky Davis,Jonny Flynn,Kevin Love,Ryan Gomes,Ryan Hollins,Wayne Ellington,4,7:12,MIN,free throw,,,,,,,2,,2,Ryan Gomes,,,foul,missed,,,,
Baron Davis,Craig Smith,Eric Gordon,Marcus Camby,Ricky Davis,Jonny Flynn,Kevin Love,Ryan Gomes,Ryan Hollins,Wayne Ellington,4,7:12,LAC,rebound,,,,,,,,,,Craig Smith,,,,,,def,,
Baron Davis,Craig Smith,Eric Gordon,Marcus Camby,Ricky Davis,Jonny Flynn,Kevin Love,Ryan Gomes,Ryan Hollins,Wayne Ellington,4,6:58,LAC,shot,,,,,,,,,,Baron Davis,,,,missed,,3pt,38,27
Baron Davis,Craig Smith,Eric Gordon,Marcus Camby,Ricky Davis,Jonny Flynn,Kevin Love,Ryan Gomes,Ryan Hollins,Wayne Ellington,4,6:57,LAC,rebound,,,,,,,,,,Marcus Camby,,,,,,off,,
Baron Davis,Craig Smith,Eric Gordon,Marcus Camby,Ricky Davis,Jonny Flynn,Kevin Love,Ryan Gomes,Ryan Hollins,Wayne Ellington,4,6:46,LAC,shot,,,,,,,,,,Baron Davis,2,,,made,,fade away jumper,19,19
Baron Davis,Craig Smith,Eric Gordon,Marcus Camby,Ricky Davis,Jonny Flynn,Kevin Love,Ryan Gomes,Ryan Hollins,Wayne Ellington,4,6:30,MIN,shot,,,,,,,,,,Kevin Love,,,,missed,,jump,24,15
Baron Davis,Craig Smith,Eric Gordon,Marcus Camby,Ricky Davis,Jonny Flynn,Kevin Love,Ryan Gomes,Ryan Hollins,Wayne Ellington,4,6:29,LAC,rebound,,,,,,,,,,Marcus Camby,,,,,,def,,
Baron Davis,Craig Smith,Eric Gordon,Marcus Camby,Ricky Davis,Jonny Flynn,Kevin Love,Ryan Gomes,Ryan Hollins,Wayne Ellington,4,6:09,LAC,shot,,,,,,,,,,Ricky Davis,,,,missed,,3pt,49,9
Baron Davis,Craig Smith,Eric Gordon,Marcus Camby,Ricky Davis,Jonny Flynn,Kevin Love,Ryan Gomes,Ryan Hollins,Wayne Ellington,4,6:08,LAC,rebound,,,,,,,,,,Eric Gordon,,,,,,off,,
Baron Davis,Craig Smith,Eric Gordon,Marcus Camby,Ricky Davis,Jonny Flynn,Kevin Love,Ryan Gomes,Ryan Hollins,Wayne Ellington,4,6:01,LAC,shot,,,,,,,,,,Craig Smith,2,,,made,,driving layup,25,6
Baron Davis,Craig Smith,Eric Gordon,Marcus Camby,Ricky Davis,Jonny Flynn,Kevin Love,Ryan Gomes,Ryan Hollins,Wayne Ellington,4,6:01,MIN,foul,,,,,,,,Craig Smith,,Kevin Love,,,,,,shooting,,
Baron Davis,Craig Smith,Eric Gordon,Marcus Camby,Ricky Davis,Corey Brewer,Jonny Flynn,Kevin Love,Ryan Gomes,Ryan Hollins,4,6:01,MIN,sub,,,,Corey Brewer,,Wayne Ellington,,,,,,,,,,,,
Baron Davis,Craig Smith,Eric Gordon,Marcus Camby,Ricky Davis,Al Jefferson,Corey Brewer,Jonny Flynn,Ryan Gomes,Ryan Hollins,4,6:01,MIN,sub,,,,Al Jefferson,,Kevin Love,,,,,,,,,,,,
Baron Davis,Craig Smith,Eric Gordon,Marcus Camby,Ricky Davis,Al Jefferson,Corey Brewer,Jonny Flynn,Ryan Gomes,Ryan Hollins,4,6:01,LAC,free throw,,,,,,,1,,1,Craig Smith,,,foul,missed,,,,
Baron Davis,Craig Smith,Eric Gordon,Marcus Camby,Ricky Davis,Al Jefferson,Corey Brewer,Jonny Flynn,Ryan Gomes,Ryan Hollins,4,6:01,MIN,rebound,,,,,,,,,,Al Jefferson,,,,,,def,,
Baron Davis,Craig Smith,Eric Gordon,Marcus Camby,Ricky Davis,Al Jefferson,Corey Brewer,Jonny Flynn,Ryan Gomes,Ryan Hollins,4,5:45,LAC,foul,,,,,,,,Ryan Hollins,,Craig Smith,,,,,,shooting,,
Baron Davis,Craig Smith,Eric Gordon,Marcus Camby,Ricky Davis,Al Jefferson,Corey Brewer,Jonny Flynn,Ryan Gomes,Ryan Hollins,4,5:45,MIN,timeout,,,,,,,,,,,,,,,,regular,,
Al Thornton,Baron Davis,Eric Gordon,Marcus Camby,Ricky Davis,Al Jefferson,Corey Brewer,Jonny Flynn,Ryan Gomes,Ryan Hollins,4,5:45,LAC,sub,,,,Al Thornton,,Craig Smith,,,,,,,,,,,,
Al Thornton,Baron Davis,Eric Gordon,Marcus Camby,Ricky Davis,Al Jefferson,Corey Brewer,Jonny Flynn,Ryan Gomes,Ryan Hollins,4,5:45,MIN,free throw,,,,,,,1,,2,Ryan Hollins,,,foul,missed,,,,
Al Thornton,Baron Davis,Eric Gordon,Marcus Camby,Ricky Davis,Al Jefferson,Corey Brewer,Jonny Flynn,Ryan Gomes,Ryan Hollins,4,5:45,MIN,rebound,,,,,,,,,,,,,,,,,,
Al Thornton,Baron Davis,Eric Gordon,Marcus Camby,Ricky Davis,Al Jefferson,Corey Brewer,Jonny Flynn,Ryan Gomes,Ryan Hollins,4,5:45,MIN,free throw,,,,,,,2,,2,Ryan Hollins,,,foul,missed,,,,
Al Thornton,Baron Davis,Eric Gordon,Marcus Camby,Ricky Davis,Al Jefferson,Corey Brewer,Jonny Flynn,Ryan Gomes,Ryan Hollins,4,5:44,LAC,rebound,,,,,,,,,,Marcus Camby,,,,,,def,,
Al Thornton,Baron Davis,Eric Gordon,Marcus Camby,Ricky Davis,Al Jefferson,Corey Brewer,Jonny Flynn,Ryan Gomes,Ryan Hollins,4,5:32,LAC,shot,Baron Davis,,,,,,,,,Marcus Camby,2,,,made,,dunk,25,6
Al Thornton,Baron Davis,Eric Gordon,Marcus Camby,Ricky Davis,Al Jefferson,Corey Brewer,Jonny Flynn,Ryan Gomes,Ryan Hollins,4,5:06,MIN,shot,Jonny Flynn,,,,,,,,,Corey Brewer,2,,,made,,jump,40,19
Al Thornton,Baron Davis,Eric Gordon,Marcus Camby,Ricky Davis,Al Jefferson,Corey Brewer,Jonny Flynn,Ryan Gomes,Ryan Hollins,4,4:54,LAC,shot,Baron Davis,,,,,,,,,Al Thornton,2,,,made,,jump,25,22
Al Thornton,Baron Davis,Eric Gordon,Marcus Camby,Ricky Davis,Al Jefferson,Corey Brewer,Jonny Flynn,Ryan Gomes,Ryan Hollins,4,4:35,MIN,shot,Jonny Flynn,,,,,,,,,Ryan Gomes,2,,,made,,jump,11,6
Al Thornton,Baron Davis,Eric Gordon,Marcus Camby,Ricky Davis,Al Jefferson,Corey Brewer,Jonny Flynn,Ryan Gomes,Ryan Hollins,4,4:14,LAC,shot,,,,,,,,,,Ricky Davis,,,,missed,,jump,34,24
Al Thornton,Baron Davis,Eric Gordon,Marcus Camby,Ricky Davis,Al Jefferson,Corey Brewer,Jonny Flynn,Ryan Gomes,Ryan Hollins,4,4:12,MIN,rebound,,,,,,,,,,Al Jefferson,,,,,,def,,
Al Thornton,Baron Davis,Eric Gordon,Marcus Camby,Ricky Davis,Al Jefferson,Corey Brewer,Jonny Flynn,Ryan Gomes,Ryan Hollins,4,3:53,MIN,shot,,,,,,,,,,Al Jefferson,2,,,made,,driving layup,25,6
Al Thornton,Baron Davis,Eric Gordon,Marcus Camby,Ricky Davis,Al Jefferson,Corey Brewer,Jonny Flynn,Ryan Gomes,Ryan Hollins,4,3:37,LAC,shot,,,,,,,,,,Eric Gordon,,,,missed,,3pt,47,21
Al Thornton,Baron Davis,Eric Gordon,Marcus Camby,Ricky Davis,Al Jefferson,Corey Brewer,Jonny Flynn,Ryan Gomes,Ryan Hollins,4,3:36,LAC,rebound,,,,,,,,,,Marcus Camby,,,,,,off,,
Al Thornton,Baron Davis,Eric Gordon,Marcus Camby,Ricky Davis,Al Jefferson,Corey Brewer,Jonny Flynn,Ryan Gomes,Ryan Hollins,4,3:35,LAC,shot,,,,,,,,,,Marcus Camby,,,,missed,,layup,25,6
Al Thornton,Baron Davis,Eric Gordon,Marcus Camby,Ricky Davis,Al Jefferson,Corey Brewer,Jonny Flynn,Ryan Gomes,Ryan Hollins,4,3:34,MIN,rebound,,,,,,,,,,Ryan Gomes,,,,,,def,,
Al Thornton,Baron Davis,Eric Gordon,Marcus Camby,Ricky Davis,Al Jefferson,Corey Brewer,Jonny Flynn,Ryan Gomes,Ryan Hollins,4,3:17,LAC,foul,,,,,,,,Al Jefferson,,Eric Gordon,,,,,,personal,,
Al Thornton,Baron Davis,Eric Gordon,Marcus Camby,Ricky Davis,Al Jefferson,Corey Brewer,Jonny Flynn,Ryan Gomes,Ryan Hollins,4,3:17,MIN,free throw,,,,,,,1,,2,Al Jefferson,,,foul,made,,,,
Al Thornton,Baron Davis,Eric Gordon,Marcus Camby,Ricky Davis,Al Jefferson,Corey Brewer,Jonny Flynn,Ryan Gomes,Ryan Hollins,4,3:17,MIN,free throw,,,,,,,2,,2,Al Jefferson,,,foul,missed,,,,
Al Thornton,Baron Davis,Eric Gordon,Marcus Camby,Ricky Davis,Al Jefferson,Corey Brewer,Jonny Flynn,Ryan Gomes,Ryan Hollins,4,3:17,LAC,rebound,,,,,,,,,,Marcus Camby,,,,,,def,,
Al Thornton,Baron Davis,Eric Gordon,Marcus Camby,Ricky Davis,Al Jefferson,Corey Brewer,Jonny Flynn,Ryan Gomes,Ryan Hollins,4,3:07,LAC,shot,,,Al Jefferson,,,,,,,Baron Davis,,,,missed,,jump,17,8
Al Thornton,Baron Davis,Eric Gordon,Marcus Camby,Ricky Davis,Al Jefferson,Corey Brewer,Jonny Flynn,Ryan Gomes,Ryan Hollins,4,3:06,LAC,rebound,,,,,,,,,,,,,,,,,,
Al Thornton,Baron Davis,Eric Gordon,Marcus Camby,Ricky Davis,Al Jefferson,Corey Brewer,Jonny Flynn,Ryan Gomes,Ryan Hollins,4,3:02,LAC,shot,,,,,,,,,,Al Thornton,2,,,made,,jump,16,25
Al Thornton,Baron Davis,Eric Gordon,Marcus Camby,Ricky Davis,Al Jefferson,Corey Brewer,Jonny Flynn,Ryan Gomes,Ryan Hollins,4,2:45,MIN,shot,,,,,,,,,,Corey Brewer,,,,missed,,3pt,14,27
Al Thornton,Baron Davis,Eric Gordon,Marcus Camby,Ricky Davis,Al Jefferson,Corey Brewer,Jonny Flynn,Ryan Gomes,Ryan Hollins,4,2:44,LAC,rebound,,,,,,,,,,Marcus Camby,,,,,,def,,
Al Thornton,Baron Davis,Eric Gordon,Marcus Camby,Ricky Davis,Al Jefferson,Corey Brewer,Jonny Flynn,Ryan Gomes,Ryan Hollins,4,2:38,LAC,shot,,,,,,,,,,Baron Davis,,,,missed,,3pt,8,25
Al Thornton,Baron Davis,Eric Gordon,Marcus Camby,Ricky Davis,Al Jefferson,Corey Brewer,Jonny Flynn,Ryan Gomes,Ryan Hollins,4,2:37,LAC,rebound,,,,,,,,,,Ricky Davis,,,,,,off,,
Al Thornton,Baron Davis,Eric Gordon,Marcus Camby,Ricky Davis,Al Jefferson,Corey Brewer,Jonny Flynn,Ryan Gomes,Ryan Hollins,4,2:32,LAC,shot,,,,,,,,,,Al Thornton,,,,missed,,jump,26,28
Al Thornton,Baron Davis,Eric Gordon,Marcus Camby,Ricky Davis,Al Jefferson,Corey Brewer,Jonny Flynn,Ryan Gomes,Ryan Hollins,4,2:31,MIN,rebound,,,,,,,,,,Al Jefferson,,,,,,def,,
Al Thornton,Baron Davis,Eric Gordon,Marcus Camby,Ricky Davis,Al Jefferson,Corey Brewer,Jonny Flynn,Ryan Gomes,Ryan Hollins,4,2:30,LAC,foul,,,,,,,,Al Jefferson,,Baron Davis,,,,,,personal,,
Al Thornton,Baron Davis,Eric Gordon,Marcus Camby,Ricky Davis,Al Jefferson,Corey Brewer,Jonny Flynn,Ryan Gomes,Ryan Hollins,4,2:30,LAC,timeout,,,,,,,,,,,,,,,,regular,,
Al Thornton,Baron Davis,Eric Gordon,Marcus Camby,Ricky Davis,Al Jefferson,Corey Brewer,Jonny Flynn,Ryan Gomes,Ryan Hollins,4,2:30,MIN,free throw,,,,,,,1,,2,Al Jefferson,,,foul,made,,,,
Al Thornton,Baron Davis,Eric Gordon,Marcus Camby,Ricky Davis,Al Jefferson,Corey Brewer,Jonny Flynn,Ryan Gomes,Ryan Hollins,4,2:30,MIN,free throw,,,,,,,2,,2,Al Jefferson,,,foul,made,,,,
Al Thornton,Baron Davis,Eric Gordon,Marcus Camby,Ricky Davis,Al Jefferson,Corey Brewer,Jonny Flynn,Ryan Gomes,Ryan Hollins,4,2:19,LAC,turnover,,,,,,,,,,Ricky Davis,,,bad pass,,Ryan Gomes,,,
Al Thornton,Baron Davis,Eric Gordon,Marcus Camby,Ricky Davis,Al Jefferson,Corey Brewer,Jonny Flynn,Ryan Gomes,Ryan Hollins,4,2:01,LAC,foul,,,,,,,,Ryan Hollins,,Baron Davis,,,,,,personal,,
Al Thornton,Baron Davis,Eric Gordon,Marcus Camby,Ricky Davis,Al Jefferson,Corey Brewer,Jonny Flynn,Ryan Gomes,Ryan Hollins,4,2:01,MIN,free throw,,,,,,,1,,2,Ryan Hollins,,,foul,made,,,,
Al Thornton,Baron Davis,Eric Gordon,Marcus Camby,Ricky Davis,Al Jefferson,Corey Brewer,Jonny Flynn,Ryan Gomes,Ryan Hollins,4,2:01,MIN,free throw,,,,,,,2,,2,Ryan Hollins,,,foul,made,,,,
Al Thornton,Baron Davis,Eric Gordon,Marcus Camby,Ricky Davis,Al Jefferson,Corey Brewer,Jonny Flynn,Ryan Gomes,Ryan Hollins,4,1:51,LAC,turnover,,,,,,,,,,Al Thornton,,,out of bounds lost ball turnover,,,,,
Al Thornton,Baron Davis,Eric Gordon,Marcus Camby,Ricky Davis,Al Jefferson,Corey Brewer,Jonny Flynn,Ryan Gomes,Ryan Hollins,4,1:32,MIN,shot,,,,,,,,,,Corey Brewer,,,,missed,,layup,25,6
Al Thornton,Baron Davis,Eric Gordon,Marcus Camby,Ricky Davis,Al Jefferson,Corey Brewer,Jonny Flynn,Ryan Gomes,Ryan Hollins,4,1:31,LAC,rebound,,,,,,,,,,Eric Gordon,,,,,,def,,
Al Thornton,Baron Davis,Eric Gordon,Marcus Camby,Ricky Davis,Al Jefferson,Corey Brewer,Jonny Flynn,Ryan Gomes,Ryan Hollins,4,1:25,LAC,shot,,,,,,,,,,Baron Davis,,,,missed,,3pt,43,22
Al Thornton,Baron Davis,Eric Gordon,Marcus Camby,Ricky Davis,Al Jefferson,Corey Brewer,Jonny Flynn,Ryan Gomes,Ryan Hollins,4,1:24,MIN,rebound,,,,,,,,,,Al Jefferson,,,,,,def,,
Al Thornton,Baron Davis,Eric Gordon,Marcus Camby,Ricky Davis,Al Jefferson,Corey Brewer,Jonny Flynn,Ryan Gomes,Ryan Hollins,4,1:05,MIN,shot,,,,,,,,,,Jonny Flynn,,,,missed,,jump,28,8
Al Thornton,Baron Davis,Eric Gordon,Marcus Camby,Ricky Davis,Al Jefferson,Corey Brewer,Jonny Flynn,Ryan Gomes,Ryan Hollins,4,1:03,LAC,rebound,,,,,,,,,,Marcus Camby,,,,,,def,,
Al Thornton,Baron Davis,Eric Gordon,Marcus Camby,Ricky Davis,Al Jefferson,Corey Brewer,Jonny Flynn,Ryan Gomes,Ryan Hollins,4,0:59,MIN,foul,,,,,,,,Eric Gordon,,Ryan Gomes,,,,,,shooting,,
Al Thornton,Baron Davis,Eric Gordon,Marcus Camby,Ricky Davis,Al Jefferson,Corey Brewer,Jonny Flynn,Ryan Gomes,Ryan Hollins,4,0:59,LAC,free throw,,,,,,,1,,2,Eric Gordon,,,foul,missed,,,,
Al Thornton,Baron Davis,Eric Gordon,Marcus Camby,Ricky Davis,Al Jefferson,Corey Brewer,Jonny Flynn,Ryan Gomes,Ryan Hollins,4,0:59,LAC,rebound,,,,,,,,,,,,,,,,,,
Al Thornton,Baron Davis,Eric Gordon,Marcus Camby,Ricky Davis,Al Jefferson,Corey Brewer,Jonny Flynn,Ryan Gomes,Ryan Hollins,4,0:59,LAC,free throw,,,,,,,2,,2,Eric Gordon,,,foul,missed,,,,
Al Thornton,Baron Davis,Eric Gordon,Marcus Camby,Ricky Davis,Al Jefferson,Corey Brewer,Jonny Flynn,Ryan Gomes,Ryan Hollins,4,0:58,MIN,rebound,,,,,,,,,,Al Jefferson,,,,,,def,,
Al Thornton,Baron Davis,Eric Gordon,Marcus Camby,Ricky Davis,Al Jefferson,Corey Brewer,Jonny Flynn,Ryan Gomes,Ryan Hollins,4,0:53,MIN,shot,,,,,,,,,,Jonny Flynn,2,,,made,,driving layup,25,6
Al Thornton,Baron Davis,Eric Gordon,Marcus Camby,Ricky Davis,Al Jefferson,Corey Brewer,Jonny Flynn,Ryan Gomes,Ryan Hollins,4,0:38,LAC,shot,,,,,,,,,,Ricky Davis,,,,missed,,3pt,10,26
Al Thornton,Baron Davis,Eric Gordon,Marcus Camby,Ricky Davis,Al Jefferson,Corey Brewer,Jonny Flynn,Ryan Gomes,Ryan Hollins,4,0:38,LAC,rebound,,,,,,,,,,,,,,,,,,
Al Thornton,Baron Davis,Eric Gordon,Marcus Camby,Ricky Davis,Al Jefferson,Corey Brewer,Jonny Flynn,Ryan Gomes,Ryan Hollins,4,0:38,MIN,foul,,,,,,,,Marcus Camby,,Ryan Hollins,,,,,,loose ball,,
Al Thornton,Baron Davis,Eric Gordon,Marcus Camby,Ricky Davis,Al Jefferson,Corey Brewer,Jonny Flynn,Ryan Gomes,Ryan Hollins,4,0:38,LAC,free throw,,,,,,,1,,2,Marcus Camby,,,foul,missed,,,,
Al Thornton,Baron Davis,Eric Gordon,Marcus Camby,Ricky Davis,Al Jefferson,Corey Brewer,Jonny Flynn,Ryan Gomes,Ryan Hollins,4,0:38,LAC,rebound,,,,,,,,,,,,,,,,,,
Al Thornton,Baron Davis,Eric Gordon,Marcus Camby,Ricky Davis,Al Jefferson,Corey Brewer,Jonny Flynn,Ryan Gomes,Ryan Hollins,4,0:38,LAC,free throw,,,,,,,2,,2,Marcus Camby,,,foul,made,,,,
Al Thornton,Baron Davis,Eric Gordon,Marcus Camby,Ricky Davis,Al Jefferson,Corey Brewer,Jonny Flynn,Ryan Gomes,Ryan Hollins,4,0:15,MIN,shot,,,,,,,,,,Jonny Flynn,3,,,made,,3pt,39,27
Al Thornton,Baron Davis,Eric Gordon,Marcus Camby,Ricky Davis,Al Jefferson,Corey Brewer,Jonny Flynn,Ryan Gomes,Ryan Hollins,4,0:11,LAC,shot,Al Thornton,,,,,,,,,Ricky Davis,2,,,made,,jump,10,17
