a1,a2,a3,a4,a5,h1,h2,h3,h4,h5,period,time,team,etype,assist,away,block,entered,home,left,num,opponent,outof,player,points,possession,reason,result,steal,type,x,y
Dwyane Wade,Jermaine O'Neal,Michael Beasley,Quentin Richardson,Rafer Alston,Al Horford,Joe Johnson,Josh Smith,Marvin Williams,Mike Bibby,1,12:00,OFF,jump ball,,Jermaine O'Neal,,,Josh Smith,,,,,,,Atlanta,,,,,,
Dwyane Wade,Jermaine O'Neal,Michael Beasley,Quentin Richardson,Rafer Alston,Al Horford,Joe Johnson,Josh Smith,Marvin Williams,Mike Bibby,1,12:00,MIA,violation,,,,,,,,,,Jermaine O'Neal,,,,,,jump ball,,
Dwyane Wade,Jermaine O'Neal,Michael Beasley,Quentin Richardson,Rafer Alston,Al Horford,Joe Johnson,Josh Smith,Marvin Williams,Mike Bibby,1,11:43,ATL,shot,Joe Johnson,,,,,,,,,Mike Bibby,2,,,made,,driving layup,26,10
Dwyane Wade,Jermaine O'Neal,Michael Beasley,Quentin Richardson,Rafer Alston,Al Horford,Joe Johnson,Josh Smith,Marvin Williams,Mike Bibby,1,11:25,MIA,turnover,,,,,,,,,,Jermaine O'Neal,,,bad pass,,Joe Johnson,,,
Dwyane Wade,Jermaine O'Neal,Michael Beasley,Quentin Richardson,Rafer Alston,Al Horford,Joe Johnson,Josh Smith,Marvin Williams,Mike Bibby,1,11:11,ATL,turnover,,,,,,,,,,Al Horford,,,bad pass,,,,,
Dwyane Wade,Jermaine O'Neal,Michael Beasley,Quentin Richardson,Rafer Alston,Al Horford,Joe Johnson,Josh Smith,Marvin Williams,Mike Bibby,1,10:49,MIA,shot,,,,,,,,,,Rafer Alston,,,,missed,,driving layup,26,6
Dwyane Wade,Jermaine O'Neal,Michael Beasley,Quentin Richardson,Rafer Alston,Al Horford,Joe Johnson,Josh Smith,Marvin Williams,Mike Bibby,1,10:36,MIA,rebound,,,,,,,,,,Quentin Richardson,,,,,,off,,
Dwyane Wade,Jermaine O'Neal,Michael Beasley,Quentin Richardson,Rafer Alston,Al Horford,Joe Johnson,Josh Smith,Marvin Williams,Mike Bibby,1,10:36,MIA,shot,,,,,,,,,,Quentin Richardson,2,,,made,,tip,25,6
Dwyane Wade,Jermaine O'Neal,Michael Beasley,Quentin Richardson,Rafer Alston,Al Horford,Joe Johnson,Josh Smith,Marvin Williams,Mike Bibby,1,10:28,ATL,shot,,,,,,,,,,Mike Bibby,,,,missed,,jump,44,9
Dwyane Wade,Jermaine O'Neal,Michael Beasley,Quentin Richardson,Rafer Alston,Al Horford,Joe Johnson,Josh Smith,Marvin Williams,Mike Bibby,1,10:27,MIA,rebound,,,,,,,,,,Michael Beasley,,,,,,def,,
Dwyane Wade,Jermaine O'Neal,Michael Beasley,Quentin Richardson,Rafer Alston,Al Horford,Joe Johnson,Josh Smith,Marvin Williams,Mike Bibby,1,10:19,MIA,shot,Michael Beasley,,,,,,,,,Jermaine O'Neal,2,,,made,,fade away jumper,11,18
Dwyane Wade,Jermaine O'Neal,Michael Beasley,Quentin Richardson,Rafer Alston,Al Horford,Joe Johnson,Josh Smith,Marvin Williams,Mike Bibby,1,10:01,ATL,shot,Mike Bibby,,,,,,,,,Al Horford,2,,,made,,jump,37,17
Dwyane Wade,Jermaine O'Neal,Michael Beasley,Quentin Richardson,Rafer Alston,Al Horford,Joe Johnson,Josh Smith,Marvin Williams,Mike Bibby,1,9:48,MIA,shot,,,,,,,,,,Dwyane Wade,,,,missed,,jump,14,22
Dwyane Wade,Jermaine O'Neal,Michael Beasley,Quentin Richardson,Rafer Alston,Al Horford,Joe Johnson,Josh Smith,Marvin Williams,Mike Bibby,1,9:46,ATL,rebound,,,,,,,,,,Josh Smith,,,,,,def,,
Dwyane Wade,Jermaine O'Neal,Michael Beasley,Quentin Richardson,Rafer Alston,Al Horford,Joe Johnson,Josh Smith,Marvin Williams,Mike Bibby,1,9:34,ATL,shot,Mike Bibby,,,,,,,,,Joe Johnson,3,,,made,,3pt,48,9
Dwyane Wade,Jermaine O'Neal,Michael Beasley,Quentin Richardson,Rafer Alston,Al Horford,Joe Johnson,Josh Smith,Marvin Williams,Mike Bibby,1,9:14,MIA,shot,,,,,,,,,,Quentin Richardson,,,,missed,,3pt,45,21
Dwyane Wade,Jermaine O'Neal,Michael Beasley,Quentin Richardson,Rafer Alston,Al Horford,Joe Johnson,Josh Smith,Marvin Williams,Mike Bibby,1,9:12,MIA,rebound,,,,,,,,,,Jermaine O'Neal,,,,,,off,,
Dwyane Wade,Jermaine O'Neal,Michael Beasley,Quentin Richardson,Rafer Alston,Al Horford,Joe Johnson,Josh Smith,Marvin Williams,Mike Bibby,1,9:11,MIA,shot,,,,,,,,,,Jermaine O'Neal,2,,,made,,putback layup,25,6
Dwyane Wade,Jermaine O'Neal,Michael Beasley,Quentin Richardson,Rafer Alston,Al Horford,Joe Johnson,Josh Smith,Marvin Williams,Mike Bibby,1,8:53,MIA,foul,,,,,,,,Marvin Williams,,Quentin Richardson,,,,,,shooting,,
Dwyane Wade,Jermaine O'Neal,Michael Beasley,Quentin Richardson,Rafer Alston,Al Horford,Joe Johnson,Josh Smith,Marvin Williams,Mike Bibby,1,8:53,ATL,free throw,,,,,,,1,,2,Marvin Williams,,,foul,made,,,,
Dwyane Wade,Jermaine O'Neal,Michael Beasley,Quentin Richardson,Rafer Alston,Al Horford,Joe Johnson,Josh Smith,Marvin Williams,Mike Bibby,1,8:53,ATL,free throw,,,,,,,2,,2,Marvin Williams,,,foul,made,,,,
Dwyane Wade,Jermaine O'Neal,Michael Beasley,Quentin Richardson,Rafer Alston,Al Horford,Joe Johnson,Josh Smith,Marvin Williams,Mike Bibby,1,8:29,MIA,shot,,,,,,,,,,Rafer Alston,,,,missed,,3pt,11,28
Dwyane Wade,Jermaine O'Neal,Michael Beasley,Quentin Richardson,Rafer Alston,Al Horford,Joe Johnson,Josh Smith,Marvin Williams,Mike Bibby,1,8:28,ATL,rebound,,,,,,,,,,Josh Smith,,,,,,def,,
Dwyane Wade,Jermaine O'Neal,Michael Beasley,Quentin Richardson,Rafer Alston,Al Horford,Joe Johnson,Josh Smith,Marvin Williams,Mike Bibby,1,8:18,ATL,shot,,,,,,,,,,Marvin Williams,,,,missed,,fade away jumper,22,18
Dwyane Wade,Jermaine O'Neal,Michael Beasley,Quentin Richardson,Rafer Alston,Al Horford,Joe Johnson,Josh Smith,Marvin Williams,Mike Bibby,1,8:15,MIA,rebound,,,,,,,,,,Michael Beasley,,,,,,def,,
Dwyane Wade,Jermaine O'Neal,Michael Beasley,Quentin Richardson,Rafer Alston,Al Horford,Joe Johnson,Josh Smith,Marvin Williams,Mike Bibby,1,8:11,MIA,turnover,,,,,,,,,,Rafer Alston,,,lost ball,,Josh Smith,,,
Dwyane Wade,Jermaine O'Neal,Michael Beasley,Quentin Richardson,Rafer Alston,Al Horford,Joe Johnson,Josh Smith,Marvin Williams,Mike Bibby,1,8:07,ATL,shot,Joe Johnson,,,,,,,,,Josh Smith,2,,,made,,running dunk,25,6
Dwyane Wade,Jermaine O'Neal,Michael Beasley,Quentin Richardson,Rafer Alston,Al Horford,Joe Johnson,Josh Smith,Marvin Williams,Mike Bibby,1,7:47,ATL,foul,,,,,,,,Dwyane Wade,,Al Horford,,,,,,shooting,,
Dwyane Wade,Jermaine O'Neal,Michael Beasley,Quentin Richardson,Rafer Alston,Al Horford,Joe Johnson,Josh Smith,Marvin Williams,Mike Bibby,1,7:47,MIA,free throw,,,,,,,1,,2,Dwyane Wade,,,foul,made,,,,
Dwyane Wade,Jermaine O'Neal,Michael Beasley,Quentin Richardson,Rafer Alston,Al Horford,Joe Johnson,Josh Smith,Marvin Williams,Mike Bibby,1,7:47,MIA,free throw,,,,,,,2,,2,Dwyane Wade,,,foul,made,,,,
Dwyane Wade,Jermaine O'Neal,Michael Beasley,Quentin Richardson,Rafer Alston,Al Horford,Joe Johnson,Josh Smith,Marvin Williams,Mike Bibby,1,7:26,ATL,shot,,,,,,,,,,Josh Smith,,,,missed,,jump,9,19
Dwyane Wade,Jermaine O'Neal,Michael Beasley,Quentin Richardson,Rafer Alston,Al Horford,Joe Johnson,Josh Smith,Marvin Williams,Mike Bibby,1,7:24,ATL,rebound,,,,,,,,,,Al Horford,,,,,,off,,
Dwyane Wade,Jermaine O'Neal,Michael Beasley,Quentin Richardson,Rafer Alston,Al Horford,Joe Johnson,Josh Smith,Marvin Williams,Mike Bibby,1,7:21,ATL,shot,Al Horford,,,,,,,,,Joe Johnson,3,,,made,,3pt,1,8
Dwyane Wade,Jermaine O'Neal,Michael Beasley,Quentin Richardson,Rafer Alston,Al Horford,Joe Johnson,Josh Smith,Marvin Williams,Mike Bibby,1,7:05,MIA,shot,Rafer Alston,,,,,,,,,Michael Beasley,2,,,made,,jump,33,23
Dwyane Wade,Jermaine O'Neal,Michael Beasley,Quentin Richardson,Rafer Alston,Al Horford,Joe Johnson,Josh Smith,Marvin Williams,Mike Bibby,1,6:41,ATL,shot,,,,,,,,,,Marvin Williams,,,,missed,,3pt,48,10
Dwyane Wade,Jermaine O'Neal,Michael Beasley,Quentin Richardson,Rafer Alston,Al Horford,Joe Johnson,Josh Smith,Marvin Williams,Mike Bibby,1,6:40,ATL,rebound,,,,,,,,,,Josh Smith,,,,,,off,,
Dwyane Wade,Jermaine O'Neal,Michael Beasley,Quentin Richardson,Rafer Alston,Al Horford,Joe Johnson,Josh Smith,Marvin Williams,Mike Bibby,1,6:38,ATL,shot,,,,,,,,,,Josh Smith,,,,missed,,putback layup,25,6
Dwyane Wade,Jermaine O'Neal,Michael Beasley,Quentin Richardson,Rafer Alston,Al Horford,Joe Johnson,Josh Smith,Marvin Williams,Mike Bibby,1,6:35,MIA,rebound,,,,,,,,,,Quentin Richardson,,,,,,def,,
Dwyane Wade,Jermaine O'Neal,Michael Beasley,Quentin Richardson,Rafer Alston,Al Horford,Joe Johnson,Josh Smith,Marvin Williams,Mike Bibby,1,6:28,MIA,shot,,,,,,,,,,Michael Beasley,,,,missed,,running layup,26,5
Dwyane Wade,Jermaine O'Neal,Michael Beasley,Quentin Richardson,Rafer Alston,Al Horford,Joe Johnson,Josh Smith,Marvin Williams,Mike Bibby,1,6:28,MIA,rebound,,,,,,,,,,,,,,,,,,
Dwyane Wade,Jermaine O'Neal,Michael Beasley,Quentin Richardson,Rafer Alston,Al Horford,Joe Johnson,Josh Smith,Marvin Williams,Mike Bibby,1,6:17,MIA,shot,,,Joe Johnson,,,,,,,Dwyane Wade,,,,missed,,turnaround jump,23,12
Dwyane Wade,Jermaine O'Neal,Michael Beasley,Quentin Richardson,Rafer Alston,Al Horford,Joe Johnson,Josh Smith,Marvin Williams,Mike Bibby,1,6:16,ATL,rebound,,,,,,,,,,Joe Johnson,,,,,,def,,
Dwyane Wade,Jermaine O'Neal,Michael Beasley,Quentin Richardson,Rafer Alston,Al Horford,Joe Johnson,Josh Smith,Marvin Williams,Mike Bibby,1,6:09,ATL,shot,Al Horford,,,,,,,,,Josh Smith,2,,,made,,dunk,25,6
Dwyane Wade,Jermaine O'Neal,Michael Beasley,Quentin Richardson,Rafer Alston,Al Horford,Joe Johnson,Josh Smith,Marvin Williams,Mike Bibby,1,5:47,MIA,turnover,,,,,,,,,,Jermaine O'Neal,,,bad pass,,Josh Smith,,,
Dwyane Wade,Jermaine O'Neal,Michael Beasley,Quentin Richardson,Rafer Alston,Al Horford,Joe Johnson,Josh Smith,Marvin Williams,Mike Bibby,1,5:40,ATL,shot,,,,,,,,,,Mike Bibby,,,,missed,,3pt,45,22
Dwyane Wade,Jermaine O'Neal,Michael Beasley,Quentin Richardson,Rafer Alston,Al Horford,Joe Johnson,Josh Smith,Marvin Williams,Mike Bibby,1,5:37,MIA,rebound,,,,,,,,,,Jermaine O'Neal,,,,,,def,,
Dwyane Wade,Jermaine O'Neal,Michael Beasley,Quentin Richardson,Rafer Alston,Al Horford,Joe Johnson,Josh Smith,Marvin Williams,Mike Bibby,1,5:16,MIA,shot,,,,,,,,,,Quentin Richardson,,,,missed,,3pt,46,20
Dwyane Wade,Jermaine O'Neal,Michael Beasley,Quentin Richardson,Rafer Alston,Al Horford,Joe Johnson,Josh Smith,Marvin Williams,Mike Bibby,1,5:14,ATL,rebound,,,,,,,,,,Marvin Williams,,,,,,def,,
Dwyane Wade,Jermaine O'Neal,Michael Beasley,Quentin Richardson,Rafer Alston,Al Horford,Joe Johnson,Josh Smith,Marvin Williams,Mike Bibby,1,5:07,MIA,foul,,,,,,,,Mike Bibby,,Rafer Alston,,,,,,personal,,
Dwyane Wade,Jermaine O'Neal,Michael Beasley,Quentin Richardson,Rafer Alston,Al Horford,Joe Johnson,Josh Smith,Marvin Williams,Mike Bibby,1,5:07,ATL,timeout,,,,,,,,,,,,,,,,regular,,
Dwyane Wade,Joel Anthony,Michael Beasley,Quentin Richardson,Rafer Alston,Al Horford,Joe Johnson,Josh Smith,Marvin Williams,Mike Bibby,1,5:07,MIA,sub,,,,Joel Anthony,,Jermaine O'Neal,,,,,,,,,,,,
Dorell Wright,Dwyane Wade,Joel Anthony,Michael Beasley,Rafer Alston,Al Horford,Joe Johnson,Josh Smith,Marvin Williams,Mike Bibby,1,5:07,MIA,sub,,,,Dorell Wright,,Quentin Richardson,,,,,,,,,,,,
Dorell Wright,Dwyane Wade,Joel Anthony,Michael Beasley,Rafer Alston,Al Horford,Joe Johnson,Josh Smith,Marvin Williams,Mike Bibby,1,5:05,ATL,turnover,,,,,,,,,,Al Horford,,,bad pass,,Dwyane Wade,,,
Dorell Wright,Dwyane Wade,Joel Anthony,Michael Beasley,Rafer Alston,Al Horford,Joe Johnson,Josh Smith,Marvin Williams,Mike Bibby,1,5:02,MIA,shot,,,,,,,,,,Dwyane Wade,2,,,made,,running dunk,25,6
Dorell Wright,Dwyane Wade,Joel Anthony,Michael Beasley,Rafer Alston,Al Horford,Joe Johnson,Josh Smith,Marvin Williams,Mike Bibby,1,4:44,ATL,shot,,,,,,,,,,Joe Johnson,,,,missed,,3pt,1,7
Dorell Wright,Dwyane Wade,Joel Anthony,Michael Beasley,Rafer Alston,Al Horford,Joe Johnson,Josh Smith,Marvin Williams,Mike Bibby,1,4:43,MIA,rebound,,,,,,,,,,Michael Beasley,,,,,,def,,
Dorell Wright,Dwyane Wade,Joel Anthony,Michael Beasley,Rafer Alston,Al Horford,Joe Johnson,Josh Smith,Marvin Williams,Mike Bibby,1,4:31,MIA,shot,Dwyane Wade,,,,,,,,,Joel Anthony,2,,,made,,jump,22,8
Dorell Wright,Dwyane Wade,Joel Anthony,Michael Beasley,Rafer Alston,Al Horford,Joe Johnson,Josh Smith,Marvin Williams,Mike Bibby,1,4:13,ATL,shot,Josh Smith,,,,,,,,,Joe Johnson,2,,,made,,jump,41,9
Dorell Wright,Dwyane Wade,Joel Anthony,Michael Beasley,Rafer Alston,Al Horford,Joe Johnson,Josh Smith,Marvin Williams,Mike Bibby,1,3:50,MIA,shot,,,,,,,,,,Michael Beasley,,,,missed,,jump,8,8
Dorell Wright,Dwyane Wade,Joel Anthony,Michael Beasley,Rafer Alston,Al Horford,Joe Johnson,Josh Smith,Marvin Williams,Mike Bibby,1,3:49,ATL,rebound,,,,,,,,,,Mike Bibby,,,,,,def,,
Dorell Wright,Dwyane Wade,Joel Anthony,Michael Beasley,Rafer Alston,Al Horford,Joe Johnson,Josh Smith,Marvin Williams,Mike Bibby,1,3:42,ATL,turnover,,,,,,,,,,Mike Bibby,,,bad pass,,Michael Beasley,,,
Dorell Wright,Dwyane Wade,Joel Anthony,Michael Beasley,Rafer Alston,Al Horford,Joe Johnson,Josh Smith,Marvin Williams,Mike Bibby,1,3:26,MIA,shot,,,,,,,,,,Dwyane Wade,,,,missed,,fade away jumper,43,8
Dorell Wright,Dwyane Wade,Joel Anthony,Michael Beasley,Rafer Alston,Al Horford,Joe Johnson,Josh Smith,Marvin Williams,Mike Bibby,1,3:24,ATL,rebound,,,,,,,,,,Al Horford,,,,,,def,,
Dorell Wright,Dwyane Wade,Joel Anthony,Michael Beasley,Rafer Alston,Al Horford,Joe Johnson,Josh Smith,Marvin Williams,Mike Bibby,1,3:10,ATL,shot,,,,,,,,,,Joe Johnson,2,,,made,,turnaround jump,25,9
Dorell Wright,Dwyane Wade,Joel Anthony,Michael Beasley,Rafer Alston,Al Horford,Joe Johnson,Josh Smith,Marvin Williams,Mike Bibby,1,2:51,MIA,shot,Dwyane Wade,,,,,,,,,Michael Beasley,2,,,made,,jump,45,10
Dorell Wright,Dwyane Wade,Joel Anthony,Michael Beasley,Rafer Alston,Al Horford,Joe Johnson,Josh Smith,Marvin Williams,Mike Bibby,1,2:27,ATL,shot,,,,,,,,,,Josh Smith,,,,missed,,layup,23,6
Dorell Wright,Dwyane Wade,Joel Anthony,Michael Beasley,Rafer Alston,Al Horford,Joe Johnson,Josh Smith,Marvin Williams,Mike Bibby,1,2:25,ATL,rebound,,,,,,,,,,Josh Smith,,,,,,off,,
Dorell Wright,Dwyane Wade,Joel Anthony,Michael Beasley,Rafer Alston,Al Horford,Joe Johnson,Josh Smith,Marvin Williams,Mike Bibby,1,2:25,ATL,shot,,,,,,,,,,Josh Smith,2,,,made,,tip,25,6
Dorell Wright,Dwyane Wade,Joel Anthony,Michael Beasley,Rafer Alston,Al Horford,Joe Johnson,Josh Smith,Marvin Williams,Mike Bibby,1,2:05,MIA,shot,Dwyane Wade,,,,,,,,,Dorell Wright,2,,,made,,jump,26,18
Dorell Wright,Dwyane Wade,Joel Anthony,Michael Beasley,Rafer Alston,Al Horford,Joe Johnson,Josh Smith,Marvin Williams,Mike Bibby,1,1:58,ATL,shot,,,,,,,,,,Marvin Williams,2,,,made,,driving jump,20,7
Dorell Wright,Dwyane Wade,Joel Anthony,Michael Beasley,Rafer Alston,Al Horford,Joe Johnson,Josh Smith,Marvin Williams,Mike Bibby,1,1:58,MIA,foul,,,,,,,,Marvin Williams,,Dorell Wright,,,,,,shooting,,
Dorell Wright,Dwyane Wade,Joel Anthony,Michael Beasley,Rafer Alston,Al Horford,Joe Johnson,Josh Smith,Marvin Williams,Mike Bibby,1,1:58,MIA,timeout,,,,,,,,,,,,,,,,regular,,
Dorell Wright,Dwyane Wade,Joel Anthony,Michael Beasley,Rafer Alston,Al Horford,Joe Johnson,Joe Smith,Marvin Williams,Mike Bibby,1,1:58,ATL,sub,,,,Joe Smith,,Josh Smith,,,,,,,,,,,,
Daequan Cook,Dorell Wright,Dwyane Wade,Joel Anthony,Michael Beasley,Al Horford,Joe Johnson,Joe Smith,Marvin Williams,Mike Bibby,1,1:58,MIA,sub,,,,Daequan Cook,,Rafer Alston,,,,,,,,,,,,
Daequan Cook,Dorell Wright,Dwyane Wade,Joel Anthony,Udonis Haslem,Al Horford,Joe Johnson,Joe Smith,Marvin Williams,Mike Bibby,1,1:58,MIA,sub,,,,Udonis Haslem,,Michael Beasley,,,,,,,,,,,,
Daequan Cook,Dorell Wright,Dwyane Wade,Joel Anthony,Udonis Haslem,Al Horford,Joe Johnson,Joe Smith,Marvin Williams,Mike Bibby,1,1:58,ATL,free throw,,,,,,,1,,1,Marvin Williams,,,foul,made,,,,
Daequan Cook,Dorell Wright,Dwyane Wade,Joel Anthony,Udonis Haslem,Al Horford,Joe Johnson,Joe Smith,Marvin Williams,Mike Bibby,1,1:48,ATL,foul,,,,,,,,Joel Anthony,,Joe Smith,,,,,,personal,,
Daequan Cook,Dorell Wright,Dwyane Wade,Joel Anthony,Udonis Haslem,Al Horford,Joe Johnson,Joe Smith,Marvin Williams,Mike Bibby,1,1:38,MIA,turnover,,,,,,,,,,Dwyane Wade,,,bad pass,,Joe Johnson,,,
Daequan Cook,Dorell Wright,Dwyane Wade,Joel Anthony,Udonis Haslem,Al Horford,Joe Johnson,Joe Smith,Marvin Williams,Mike Bibby,1,1:28,ATL,turnover,,,,,,,,,,Joe Johnson,,,bad pass,,,,,
Daequan Cook,Dorell Wright,Dwyane Wade,Joel Anthony,Udonis Haslem,Al Horford,Joe Johnson,Joe Smith,Marvin Williams,Mike Bibby,1,1:09,MIA,shot,,,,,,,,,,Daequan Cook,,,,missed,,jump,13,24
Daequan Cook,Dorell Wright,Dwyane Wade,Joel Anthony,Udonis Haslem,Al Horford,Joe Johnson,Joe Smith,Marvin Williams,Mike Bibby,1,1:04,MIA,rebound,,,,,,,,,,Joel Anthony,,,,,,off,,
Daequan Cook,Dorell Wright,Dwyane Wade,Joel Anthony,Udonis Haslem,Al Horford,Joe Johnson,Joe Smith,Marvin Williams,Mike Bibby,1,1:04,MIA,timeout,,,,,,,,,,,,,,,,short,,
Daequan Cook,Dorell Wright,Dwyane Wade,Joel Anthony,Udonis Haslem,Al Horford,Joe Johnson,Joe Smith,Maurice Evans,Mike Bibby,1,1:04,ATL,sub,,,,Maurice Evans,,Marvin Williams,,,,,,,,,,,,
Daequan Cook,Dorell Wright,Dwyane Wade,Joel Anthony,Udonis Haslem,Al Horford,Joe Johnson,Joe Smith,Maurice Evans,Mike Bibby,1,0:50,MIA,shot,Dwyane Wade,,,,,,,,,Daequan Cook,2,,,made,,jump,44,7
Daequan Cook,Dorell Wright,Dwyane Wade,Joel Anthony,Udonis Haslem,Al Horford,Joe Johnson,Joe Smith,Maurice Evans,Mike Bibby,1,0:36,MIA,foul,,,,,,,,Mike Bibby,,Daequan Cook,,,,,,personal,,
Daequan Cook,Dorell Wright,Dwyane Wade,Joel Anthony,Udonis Haslem,Al Horford,Joe Johnson,Joe Smith,Maurice Evans,Mike Bibby,1,0:36,ATL,free throw,,,,,,,1,,2,Mike Bibby,,,foul,made,,,,
Daequan Cook,Dorell Wright,Dwyane Wade,Joel Anthony,Udonis Haslem,Al Horford,Joe Johnson,Joe Smith,Maurice Evans,Mike Bibby,1,0:36,ATL,free throw,,,,,,,2,,2,Mike Bibby,,,foul,made,,,,
Daequan Cook,Dorell Wright,Dwyane Wade,Joel Anthony,Udonis Haslem,Al Horford,Joe Johnson,Joe Smith,Maurice Evans,Mike Bibby,1,0:28,MIA,shot,,,,,,,,,,Dwyane Wade,,,,missed,,3pt,46,18
Daequan Cook,Dorell Wright,Dwyane Wade,Joel Anthony,Udonis Haslem,Al Horford,Joe Johnson,Joe Smith,Maurice Evans,Mike Bibby,1,0:27,ATL,rebound,,,,,,,,,,Joe Smith,,,,,,def,,
Daequan Cook,Dorell Wright,Dwyane Wade,Joel Anthony,Udonis Haslem,Al Horford,Joe Johnson,Joe Smith,Maurice Evans,Mike Bibby,1,0:02,ATL,shot,,,,,,,,,,Al Horford,,,,missed,,turnaround jump,15,7
Daequan Cook,Dorell Wright,Dwyane Wade,Joel Anthony,Udonis Haslem,Al Horford,Joe Johnson,Joe Smith,Maurice Evans,Mike Bibby,1,0:00,ATL,rebound,,,,,,,,,,Maurice Evans,,,,,,off,,
Daequan Cook,Dorell Wright,Dwyane Wade,Joel Anthony,Udonis Haslem,Al Horford,Joe Johnson,Joe Smith,Maurice Evans,Mike Bibby,1,0:00,ATL,shot,,,,,,,,,,Maurice Evans,,,,missed,,tip,25,6
Daequan Cook,Dorell Wright,Dwyane Wade,Joel Anthony,Udonis Haslem,Al Horford,Joe Johnson,Joe Smith,Maurice Evans,Mike Bibby,1,0:00,ATL,rebound,,,,,,,,,,Joe Smith,,,,,,off,,
Daequan Cook,Dorell Wright,Dwyane Wade,Joel Anthony,Udonis Haslem,Al Horford,Joe Johnson,Joe Smith,Maurice Evans,Mike Bibby,1,0:00,ATL,shot,,,,,,,,,,Joe Smith,,,,missed,,tip,25,6
Daequan Cook,Dorell Wright,Dwyane Wade,Joel Anthony,Udonis Haslem,Al Horford,Joe Johnson,Joe Smith,Maurice Evans,Mike Bibby,1,0:00,ATL,rebound,,,,,,,,,,,,,,,,,,
Carlos Arroyo,Daequan Cook,Dorell Wright,Jermaine O'Neal,Udonis Haslem,Jason Collins,Jeff Teague,Joe Johnson,Joe Smith,Maurice Evans,2,11:37,MIA,shot,Dorell Wright,,,,,,,,,Jermaine O'Neal,2,,,made,,fade away jumper,39,14
Carlos Arroyo,Daequan Cook,Dorell Wright,Jermaine O'Neal,Udonis Haslem,Jason Collins,Jeff Teague,Joe Johnson,Joe Smith,Maurice Evans,2,11:19,ATL,shot,,,,,,,,,,Joe Johnson,,,,missed,,jump,19,8
Carlos Arroyo,Daequan Cook,Dorell Wright,Jermaine O'Neal,Udonis Haslem,Jason Collins,Jeff Teague,Joe Johnson,Joe Smith,Maurice Evans,2,11:18,ATL,rebound,,,,,,,,,,Joe Smith,,,,,,off,,
Carlos Arroyo,Daequan Cook,Dorell Wright,Jermaine O'Neal,Udonis Haslem,Jason Collins,Jeff Teague,Joe Johnson,Joe Smith,Maurice Evans,2,11:07,ATL,turnover,,,,,,,,,,Jason Collins,,,3 second violation,,,,,
Carlos Arroyo,Daequan Cook,Dorell Wright,Jermaine O'Neal,Udonis Haslem,Jason Collins,Jeff Teague,Joe Johnson,Joe Smith,Maurice Evans,2,10:45,MIA,shot,,,,,,,,,,Carlos Arroyo,,,,missed,,running layup,27,6
Carlos Arroyo,Daequan Cook,Dorell Wright,Jermaine O'Neal,Udonis Haslem,Jason Collins,Jeff Teague,Joe Johnson,Joe Smith,Maurice Evans,2,10:43,MIA,rebound,,,,,,,,,,Udonis Haslem,,,,,,off,,
Carlos Arroyo,Daequan Cook,Dorell Wright,Jermaine O'Neal,Udonis Haslem,Jason Collins,Jeff Teague,Joe Johnson,Joe Smith,Maurice Evans,2,10:43,MIA,shot,,,,,,,,,,Udonis Haslem,2,,,made,,putback dunk,25,6
Carlos Arroyo,Daequan Cook,Dorell Wright,Jermaine O'Neal,Udonis Haslem,Jason Collins,Jeff Teague,Joe Johnson,Joe Smith,Maurice Evans,2,10:36,ATL,timeout,,,,,,,,,,,,,,,,short,,
Carlos Arroyo,Daequan Cook,Dorell Wright,Jermaine O'Neal,Udonis Haslem,Jason Collins,Jeff Teague,Joe Johnson,Joe Smith,Maurice Evans,2,10:22,ATL,shot,,,,,,,,,,Joe Johnson,,,,missed,,3pt,2,10
Carlos Arroyo,Daequan Cook,Dorell Wright,Jermaine O'Neal,Udonis Haslem,Jason Collins,Jeff Teague,Joe Johnson,Joe Smith,Maurice Evans,2,10:21,MIA,rebound,,,,,,,,,,Jermaine O'Neal,,,,,,def,,
Carlos Arroyo,Daequan Cook,Dorell Wright,Jermaine O'Neal,Udonis Haslem,Jason Collins,Jeff Teague,Joe Johnson,Joe Smith,Maurice Evans,2,10:00,MIA,shot,Jermaine O'Neal,,,,,,,,,Udonis Haslem,2,,,made,,layup,23,6
Carlos Arroyo,Daequan Cook,Dorell Wright,Jermaine O'Neal,Udonis Haslem,Jason Collins,Jeff Teague,Joe Johnson,Joe Smith,Maurice Evans,2,9:34,ATL,shot,,,,,,,,,,Maurice Evans,,,,missed,,3pt,22,31
Carlos Arroyo,Daequan Cook,Dorell Wright,Jermaine O'Neal,Udonis Haslem,Jason Collins,Jeff Teague,Joe Johnson,Joe Smith,Maurice Evans,2,9:32,ATL,rebound,,,,,,,,,,,,,,,,,,
Carlos Arroyo,Daequan Cook,Dorell Wright,Jermaine O'Neal,Udonis Haslem,Jason Collins,Jeff Teague,Joe Smith,Marvin Williams,Maurice Evans,2,9:32,ATL,sub,,,,Marvin Williams,,Joe Johnson,,,,,,,,,,,,
Carlos Arroyo,Daequan Cook,Dorell Wright,Jermaine O'Neal,Udonis Haslem,Jason Collins,Jeff Teague,Joe Smith,Marvin Williams,Maurice Evans,2,9:27,ATL,turnover,,,,,,,,,,Maurice Evans,,,traveling,,,,,
Carlos Arroyo,Daequan Cook,Dorell Wright,Jermaine O'Neal,Udonis Haslem,Jason Collins,Jeff Teague,Joe Smith,Marvin Williams,Maurice Evans,2,9:12,MIA,shot,Dorell Wright,,,,,,,,,Udonis Haslem,2,,,made,,jump,35,18
Carlos Arroyo,Daequan Cook,Dorell Wright,Jermaine O'Neal,Udonis Haslem,Jason Collins,Jeff Teague,Joe Smith,Marvin Williams,Maurice Evans,2,9:04,ATL,shot,,,Jermaine O'Neal,,,,,,,Jeff Teague,,,,missed,,driving layup,27,6
Carlos Arroyo,Daequan Cook,Dorell Wright,Jermaine O'Neal,Udonis Haslem,Jason Collins,Jeff Teague,Joe Smith,Marvin Williams,Maurice Evans,2,9:02,MIA,rebound,,,,,,,,,,Dorell Wright,,,,,,def,,
Carlos Arroyo,Daequan Cook,Dorell Wright,Jermaine O'Neal,Udonis Haslem,Jason Collins,Jeff Teague,Joe Smith,Marvin Williams,Maurice Evans,2,9:00,MIA,shot,Dorell Wright,,,,,,,,,Udonis Haslem,2,,,made,,running dunk,25,6
Carlos Arroyo,Daequan Cook,Dorell Wright,Jermaine O'Neal,Udonis Haslem,Jason Collins,Jeff Teague,Joe Smith,Marvin Williams,Maurice Evans,2,9:00,ATL,foul,,,,,,,,Dorell Wright,,Jason Collins,,,,,,away from play,,
Carlos Arroyo,Daequan Cook,Dorell Wright,Jermaine O'Neal,Udonis Haslem,Jason Collins,Jeff Teague,Joe Smith,Marvin Williams,Maurice Evans,2,9:00,MIA,free throw,,,,,,,1,,1,Dorell Wright,,,foul,made,,,,
Carlos Arroyo,Daequan Cook,Dorell Wright,Jermaine O'Neal,Udonis Haslem,Jason Collins,Jeff Teague,Joe Smith,Marvin Williams,Maurice Evans,2,8:47,MIA,foul,,,,,,,,Marvin Williams,,Carlos Arroyo,,,,,,shooting,,
Carlos Arroyo,Daequan Cook,Dorell Wright,Jermaine O'Neal,Udonis Haslem,Jason Collins,Jeff Teague,Joe Smith,Marvin Williams,Maurice Evans,2,8:47,ATL,free throw,,,,,,,1,,2,Marvin Williams,,,foul,missed,,,,
Carlos Arroyo,Daequan Cook,Dorell Wright,Jermaine O'Neal,Udonis Haslem,Jason Collins,Jeff Teague,Joe Smith,Marvin Williams,Maurice Evans,2,8:47,ATL,rebound,,,,,,,,,,,,,,,,,,
Carlos Arroyo,Daequan Cook,Dorell Wright,Jermaine O'Neal,Udonis Haslem,Jason Collins,Jeff Teague,Joe Smith,Marvin Williams,Maurice Evans,2,8:47,ATL,free throw,,,,,,,2,,2,Marvin Williams,,,foul,made,,,,
Carlos Arroyo,Daequan Cook,Dorell Wright,Jermaine O'Neal,Udonis Haslem,Jason Collins,Jeff Teague,Joe Smith,Marvin Williams,Maurice Evans,2,8:25,MIA,shot,,,Jeff Teague,,,,,,,Carlos Arroyo,,,,missed,,driving layup,27,5
Carlos Arroyo,Daequan Cook,Dorell Wright,Jermaine O'Neal,Udonis Haslem,Jason Collins,Jeff Teague,Joe Smith,Marvin Williams,Maurice Evans,2,8:25,MIA,rebound,,,,,,,,,,,,,,,,,,
Carlos Arroyo,Daequan Cook,Dorell Wright,Jermaine O'Neal,Udonis Haslem,Jason Collins,Jeff Teague,Joe Smith,Marvin Williams,Maurice Evans,2,8:22,MIA,shot,,,,,,,,,,Daequan Cook,,,,missed,,jump,44,7
Carlos Arroyo,Daequan Cook,Dorell Wright,Jermaine O'Neal,Udonis Haslem,Jason Collins,Jeff Teague,Joe Smith,Marvin Williams,Maurice Evans,2,8:21,MIA,rebound,,,,,,,,,,Udonis Haslem,,,,,,off,,
Carlos Arroyo,Daequan Cook,Dorell Wright,Jermaine O'Neal,Udonis Haslem,Jason Collins,Jeff Teague,Joe Smith,Marvin Williams,Maurice Evans,2,8:09,ATL,foul,,,,,,,,Jermaine O'Neal,,Jason Collins,,,,,,personal,,
Carlos Arroyo,Daequan Cook,Dorell Wright,Jermaine O'Neal,Udonis Haslem,Al Horford,Jeff Teague,Joe Smith,Marvin Williams,Maurice Evans,2,8:09,ATL,sub,,,,Al Horford,,Jason Collins,,,,,,,,,,,,
Carlos Arroyo,Daequan Cook,Dorell Wright,Jermaine O'Neal,Udonis Haslem,Al Horford,Jeff Teague,Joe Smith,Marvin Williams,Maurice Evans,2,7:58,MIA,shot,,,,,,,,,,Jermaine O'Neal,,,,missed,,jump,42,9
Carlos Arroyo,Daequan Cook,Dorell Wright,Jermaine O'Neal,Udonis Haslem,Al Horford,Jeff Teague,Joe Smith,Marvin Williams,Maurice Evans,2,7:57,ATL,rebound,,,,,,,,,,Marvin Williams,,,,,,def,,
Carlos Arroyo,Daequan Cook,Dorell Wright,Jermaine O'Neal,Udonis Haslem,Al Horford,Jeff Teague,Josh Smith,Marvin Williams,Maurice Evans,2,7:53,ATL,sub,,,,Josh Smith,,Joe Smith,,,,,,,,,,,,
Carlos Arroyo,Daequan Cook,Dorell Wright,Jermaine O'Neal,Udonis Haslem,Al Horford,Jeff Teague,Josh Smith,Marvin Williams,Maurice Evans,2,7:35,ATL,shot,Maurice Evans,,,,,,,,,Josh Smith,2,,,made,,jump,43,7
Carlos Arroyo,Daequan Cook,Dorell Wright,Jermaine O'Neal,Udonis Haslem,Al Horford,Jeff Teague,Josh Smith,Marvin Williams,Maurice Evans,2,7:14,MIA,shot,,,,,,,,,,Daequan Cook,,,,missed,,3pt,1,15
Carlos Arroyo,Daequan Cook,Dorell Wright,Jermaine O'Neal,Udonis Haslem,Al Horford,Jeff Teague,Josh Smith,Marvin Williams,Maurice Evans,2,7:14,ATL,rebound,,,,,,,,,,,,,,,,,,
Carlos Arroyo,Daequan Cook,Dorell Wright,Jermaine O'Neal,Udonis Haslem,Al Horford,Jeff Teague,Josh Smith,Marvin Williams,Maurice Evans,2,7:00,ATL,turnover,,,,,,,,,,Al Horford,,,out of bounds lost ball turnover,,,,,
Carlos Arroyo,Dorell Wright,Dwyane Wade,Jermaine O'Neal,Udonis Haslem,Al Horford,Jeff Teague,Josh Smith,Marvin Williams,Maurice Evans,2,7:00,MIA,sub,,,,Dwyane Wade,,Daequan Cook,,,,,,,,,,,,
Carlos Arroyo,Dorell Wright,Dwyane Wade,Jermaine O'Neal,Udonis Haslem,Al Horford,Jeff Teague,Josh Smith,Marvin Williams,Maurice Evans,2,6:35,MIA,turnover,,,,,,,,,,,,,shot clock turnover,,,,,
Carlos Arroyo,Dorell Wright,Dwyane Wade,Jermaine O'Neal,Udonis Haslem,Al Horford,Josh Smith,Marvin Williams,Maurice Evans,Mike Bibby,2,6:35,ATL,sub,,,,Mike Bibby,,Jeff Teague,,,,,,,,,,,,
Carlos Arroyo,Dorell Wright,Dwyane Wade,Jermaine O'Neal,Udonis Haslem,Al Horford,Joe Johnson,Josh Smith,Marvin Williams,Mike Bibby,2,6:35,ATL,sub,,,,Joe Johnson,,Maurice Evans,,,,,,,,,,,,
Carlos Arroyo,Dorell Wright,Dwyane Wade,Jermaine O'Neal,Udonis Haslem,Al Horford,Joe Johnson,Josh Smith,Marvin Williams,Mike Bibby,2,6:13,ATL,shot,,,,,,,,,,Josh Smith,,,,missed,,jump,37,21
Carlos Arroyo,Dorell Wright,Dwyane Wade,Jermaine O'Neal,Udonis Haslem,Al Horford,Joe Johnson,Josh Smith,Marvin Williams,Mike Bibby,2,6:12,MIA,rebound,,,,,,,,,,Udonis Haslem,,,,,,def,,
Carlos Arroyo,Dorell Wright,Dwyane Wade,Jermaine O'Neal,Udonis Haslem,Al Horford,Joe Johnson,Josh Smith,Marvin Williams,Mike Bibby,2,6:04,MIA,shot,,,,,,,,,,Dwyane Wade,2,,,made,,jump bank,9,14
Carlos Arroyo,Dorell Wright,Dwyane Wade,Jermaine O'Neal,Udonis Haslem,Al Horford,Joe Johnson,Josh Smith,Marvin Williams,Mike Bibby,2,5:41,ATL,shot,,,Jermaine O'Neal,,,,,,,Marvin Williams,,,,missed,,driving jump,13,12
Carlos Arroyo,Dorell Wright,Dwyane Wade,Jermaine O'Neal,Udonis Haslem,Al Horford,Joe Johnson,Josh Smith,Marvin Williams,Mike Bibby,2,5:39,MIA,rebound,,,,,,,,,,Udonis Haslem,,,,,,def,,
Carlos Arroyo,Dorell Wright,Dwyane Wade,Jermaine O'Neal,Udonis Haslem,Al Horford,Joe Johnson,Josh Smith,Marvin Williams,Mike Bibby,2,5:26,MIA,shot,,,,,,,,,,Jermaine O'Neal,,,,missed,,turnaround jump,21,9
Carlos Arroyo,Dorell Wright,Dwyane Wade,Jermaine O'Neal,Udonis Haslem,Al Horford,Joe Johnson,Josh Smith,Marvin Williams,Mike Bibby,2,5:24,ATL,rebound,,,,,,,,,,Josh Smith,,,,,,def,,
Carlos Arroyo,Dorell Wright,Dwyane Wade,Jermaine O'Neal,Udonis Haslem,Al Horford,Joe Johnson,Josh Smith,Marvin Williams,Mike Bibby,2,5:16,MIA,foul,,,,,,,,Josh Smith,,Dorell Wright,,,,,,shooting,,
Carlos Arroyo,Dorell Wright,Dwyane Wade,Jermaine O'Neal,Udonis Haslem,Al Horford,Joe Johnson,Josh Smith,Marvin Williams,Mike Bibby,2,5:16,ATL,timeout,,,,,,,,,,,,,,,,regular,,
Dorell Wright,Dwyane Wade,Jermaine O'Neal,Rafer Alston,Udonis Haslem,Al Horford,Joe Johnson,Josh Smith,Marvin Williams,Mike Bibby,2,5:16,MIA,sub,,,,Rafer Alston,,Carlos Arroyo,,,,,,,,,,,,
Dorell Wright,Dwyane Wade,Jermaine O'Neal,Rafer Alston,Udonis Haslem,Al Horford,Joe Johnson,Josh Smith,Marvin Williams,Mike Bibby,2,5:16,ATL,free throw,,,,,,,1,,2,Josh Smith,,,foul,missed,,,,
Dorell Wright,Dwyane Wade,Jermaine O'Neal,Rafer Alston,Udonis Haslem,Al Horford,Joe Johnson,Josh Smith,Marvin Williams,Mike Bibby,2,5:16,ATL,rebound,,,,,,,,,,,,,,,,,,
Dorell Wright,Dwyane Wade,Jermaine O'Neal,Rafer Alston,Udonis Haslem,Al Horford,Joe Johnson,Josh Smith,Marvin Williams,Mike Bibby,2,5:16,ATL,free throw,,,,,,,2,,2,Josh Smith,,,foul,made,,,,
Dorell Wright,Dwyane Wade,Jermaine O'Neal,Rafer Alston,Udonis Haslem,Al Horford,Joe Johnson,Josh Smith,Marvin Williams,Mike Bibby,2,4:55,MIA,shot,,,,,,,,,,Dorell Wright,2,,,made,,jump,24,23
Dorell Wright,Dwyane Wade,Jermaine O'Neal,Rafer Alston,Udonis Haslem,Al Horford,Joe Johnson,Josh Smith,Marvin Williams,Mike Bibby,2,4:31,ATL,shot,,,,,,,,,,Joe Johnson,,,,missed,,driving jump,23,11
Dorell Wright,Dwyane Wade,Jermaine O'Neal,Rafer Alston,Udonis Haslem,Al Horford,Joe Johnson,Josh Smith,Marvin Williams,Mike Bibby,2,4:30,ATL,rebound,,,,,,,,,,Al Horford,,,,,,off,,
Dorell Wright,Dwyane Wade,Jermaine O'Neal,Rafer Alston,Udonis Haslem,Al Horford,Joe Johnson,Josh Smith,Marvin Williams,Mike Bibby,2,4:27,ATL,shot,,,,,,,,,,Mike Bibby,,,,missed,,3pt,19,31
Dorell Wright,Dwyane Wade,Jermaine O'Neal,Rafer Alston,Udonis Haslem,Al Horford,Joe Johnson,Josh Smith,Marvin Williams,Mike Bibby,2,4:26,MIA,rebound,,,,,,,,,,Jermaine O'Neal,,,,,,def,,
Dorell Wright,Dwyane Wade,Jermaine O'Neal,Rafer Alston,Udonis Haslem,Al Horford,Joe Johnson,Josh Smith,Marvin Williams,Mike Bibby,2,4:15,MIA,shot,,,,,,,,,,Udonis Haslem,,,,missed,,jump,23,23
Dorell Wright,Dwyane Wade,Jermaine O'Neal,Rafer Alston,Udonis Haslem,Al Horford,Joe Johnson,Josh Smith,Marvin Williams,Mike Bibby,2,4:13,ATL,rebound,,,,,,,,,,Al Horford,,,,,,def,,
Dorell Wright,Dwyane Wade,Jermaine O'Neal,Rafer Alston,Udonis Haslem,Al Horford,Joe Johnson,Josh Smith,Marvin Williams,Mike Bibby,2,4:03,ATL,shot,,,,,,,,,,Marvin Williams,,,,missed,,jump,6,11
Dorell Wright,Dwyane Wade,Jermaine O'Neal,Rafer Alston,Udonis Haslem,Al Horford,Joe Johnson,Josh Smith,Marvin Williams,Mike Bibby,2,4:01,ATL,rebound,,,,,,,,,,,,,,,,,,
Dwyane Wade,Jermaine O'Neal,Michael Beasley,Rafer Alston,Udonis Haslem,Al Horford,Joe Johnson,Josh Smith,Marvin Williams,Mike Bibby,2,4:01,MIA,sub,,,,Michael Beasley,,Dorell Wright,,,,,,,,,,,,
Dwyane Wade,Jermaine O'Neal,Michael Beasley,Rafer Alston,Udonis Haslem,Al Horford,Joe Johnson,Josh Smith,Marvin Williams,Mike Bibby,2,3:58,ATL,shot,,,Dwyane Wade,,,,,,,Joe Johnson,,,,missed,,driving jump,28,9
Dwyane Wade,Jermaine O'Neal,Michael Beasley,Rafer Alston,Udonis Haslem,Al Horford,Joe Johnson,Josh Smith,Marvin Williams,Mike Bibby,2,3:58,ATL,jump ball,,Dwyane Wade,,,Joe Johnson,,,,,,,Al Horford,,,,,,
Dwyane Wade,Jermaine O'Neal,Michael Beasley,Rafer Alston,Udonis Haslem,Al Horford,Joe Johnson,Josh Smith,Marvin Williams,Mike Bibby,2,3:58,ATL,rebound,,,,,,,,,,,,,,,,,,
Dwyane Wade,Jermaine O'Neal,Michael Beasley,Rafer Alston,Udonis Haslem,Al Horford,Joe Johnson,Josh Smith,Marvin Williams,Mike Bibby,2,3:50,ATL,shot,,,,,,,,,,Al Horford,2,,,made,,jump,19,6
Dwyane Wade,Jermaine O'Neal,Michael Beasley,Rafer Alston,Udonis Haslem,Al Horford,Joe Johnson,Josh Smith,Marvin Williams,Mike Bibby,2,3:37,MIA,shot,,,,,,,,,,Dwyane Wade,,,,missed,,fade away jumper,38,7
Dwyane Wade,Jermaine O'Neal,Michael Beasley,Rafer Alston,Udonis Haslem,Al Horford,Joe Johnson,Josh Smith,Marvin Williams,Mike Bibby,2,3:33,ATL,rebound,,,,,,,,,,Al Horford,,,,,,def,,
Dwyane Wade,Jermaine O'Neal,Michael Beasley,Rafer Alston,Udonis Haslem,Al Horford,Joe Johnson,Josh Smith,Maurice Evans,Mike Bibby,2,3:29,ATL,sub,,,,Maurice Evans,,Marvin Williams,,,,,,,,,,,,
Dwyane Wade,Jermaine O'Neal,Michael Beasley,Rafer Alston,Udonis Haslem,Al Horford,Joe Johnson,Josh Smith,Maurice Evans,Mike Bibby,2,3:17,ATL,shot,Mike Bibby,,,,,,,,,Josh Smith,2,,,made,,driving layup,23,10
Dwyane Wade,Jermaine O'Neal,Michael Beasley,Rafer Alston,Udonis Haslem,Al Horford,Joe Johnson,Josh Smith,Maurice Evans,Mike Bibby,2,2:55,MIA,shot,Dwyane Wade,,,,,,,,,Udonis Haslem,2,,,made,,jump,38,16
Dwyane Wade,Jermaine O'Neal,Michael Beasley,Rafer Alston,Udonis Haslem,Al Horford,Joe Johnson,Josh Smith,Maurice Evans,Mike Bibby,2,2:42,ATL,turnover,,,,,,,,,,Mike Bibby,,,out of bounds lost ball turnover,,,,,
Dwyane Wade,Jermaine O'Neal,Michael Beasley,Rafer Alston,Udonis Haslem,Al Horford,Joe Johnson,Josh Smith,Maurice Evans,Mike Bibby,2,2:42,MIA,timeout,,,,,,,,,,,,,,,,regular,,
Dwyane Wade,Joel Anthony,Michael Beasley,Rafer Alston,Udonis Haslem,Al Horford,Joe Johnson,Josh Smith,Maurice Evans,Mike Bibby,2,2:42,MIA,sub,,,,Joel Anthony,,Jermaine O'Neal,,,,,,,,,,,,
Dwyane Wade,Joel Anthony,Michael Beasley,Rafer Alston,Udonis Haslem,Al Horford,Joe Johnson,Josh Smith,Maurice Evans,Mike Bibby,2,2:26,MIA,turnover,,,,,,,,,,Dwyane Wade,,,out of bounds lost ball turnover,,,,,
Dwyane Wade,Joel Anthony,Michael Beasley,Rafer Alston,Udonis Haslem,Al Horford,Joe Johnson,Josh Smith,Maurice Evans,Mike Bibby,2,2:08,ATL,shot,Mike Bibby,,,,,,,,,Maurice Evans,3,,,made,,3pt,1,8
Dwyane Wade,Joel Anthony,Michael Beasley,Rafer Alston,Udonis Haslem,Al Horford,Joe Johnson,Josh Smith,Maurice Evans,Mike Bibby,2,1:46,MIA,shot,,,,,,,,,,Dwyane Wade,2,,,made,,driving layup,26,6
Dwyane Wade,Joel Anthony,Michael Beasley,Rafer Alston,Udonis Haslem,Al Horford,Joe Johnson,Josh Smith,Maurice Evans,Mike Bibby,2,1:32,MIA,foul,,,,,,,,Al Horford,,Joel Anthony,,,,,,shooting,,
Dwyane Wade,Joel Anthony,Michael Beasley,Rafer Alston,Udonis Haslem,Al Horford,Joe Johnson,Josh Smith,Maurice Evans,Mike Bibby,2,1:32,ATL,free throw,,,,,,,1,,2,Al Horford,,,foul,made,,,,
Dwyane Wade,Joel Anthony,Michael Beasley,Rafer Alston,Udonis Haslem,Al Horford,Joe Johnson,Josh Smith,Maurice Evans,Mike Bibby,2,1:32,ATL,free throw,,,,,,,2,,2,Al Horford,,,foul,made,,,,
Dwyane Wade,Joel Anthony,Michael Beasley,Rafer Alston,Udonis Haslem,Al Horford,Joe Johnson,Josh Smith,Maurice Evans,Mike Bibby,2,1:07,MIA,shot,,,,,,,,,,Michael Beasley,,,,missed,,driving jump,32,10
Dwyane Wade,Joel Anthony,Michael Beasley,Rafer Alston,Udonis Haslem,Al Horford,Joe Johnson,Josh Smith,Maurice Evans,Mike Bibby,2,1:06,MIA,rebound,,,,,,,,,,Michael Beasley,,,,,,off,,
Dwyane Wade,Joel Anthony,Michael Beasley,Rafer Alston,Udonis Haslem,Al Horford,Joe Johnson,Josh Smith,Maurice Evans,Mike Bibby,2,1:04,MIA,shot,,,,,,,,,,Michael Beasley,,,,missed,,putback layup,25,6
Dwyane Wade,Joel Anthony,Michael Beasley,Rafer Alston,Udonis Haslem,Al Horford,Joe Johnson,Josh Smith,Maurice Evans,Mike Bibby,2,1:02,MIA,rebound,,,,,,,,,,,,,,,,,,
Dwyane Wade,Joel Anthony,Michael Beasley,Rafer Alston,Udonis Haslem,Al Horford,Joe Johnson,Josh Smith,Maurice Evans,Mike Bibby,2,1:02,MIA,foul,,,,,,,,,,Michael Beasley,,,,,,technical,,
Dwyane Wade,Joel Anthony,Michael Beasley,Rafer Alston,Udonis Haslem,Al Horford,Joe Johnson,Josh Smith,Maurice Evans,Mike Bibby,2,1:02,ATL,free throw,,,,,,,1,,1,Mike Bibby,,,technical,made,,,,
Dwyane Wade,Joel Anthony,Michael Beasley,Rafer Alston,Udonis Haslem,Al Horford,Joe Johnson,Josh Smith,Maurice Evans,Mike Bibby,2,1:02,MIA,jump ball,,Joel Anthony,,,Josh Smith,,,,,,,Miami,,,,,,
Dwyane Wade,Joel Anthony,Michael Beasley,Rafer Alston,Udonis Haslem,Al Horford,Joe Johnson,Josh Smith,Maurice Evans,Mike Bibby,2,1:02,ATL,foul,,,,,,,,,,Woodson,,,,,,technical,,
Dwyane Wade,Joel Anthony,Michael Beasley,Rafer Alston,Udonis Haslem,Al Horford,Joe Johnson,Josh Smith,Maurice Evans,Mike Bibby,2,1:02,MIA,free throw,,,,,,,1,,1,Michael Beasley,,,technical,made,,,,
Dwyane Wade,Joel Anthony,Michael Beasley,Rafer Alston,Udonis Haslem,Al Horford,Joe Johnson,Josh Smith,Maurice Evans,Mike Bibby,2,1:02,ATL,violation,,,,,,,,,,Josh Smith,,,,,,jump ball,,
Dwyane Wade,Joel Anthony,Michael Beasley,Rafer Alston,Udonis Haslem,Al Horford,Joe Johnson,Josh Smith,Maurice Evans,Mike Bibby,2,0:59,ATL,foul,,,,,,,,Michael Beasley,,Maurice Evans,,,,,,personal,,
Dwyane Wade,Joel Anthony,Michael Beasley,Rafer Alston,Udonis Haslem,Al Horford,Joe Johnson,Josh Smith,Maurice Evans,Mike Bibby,2,0:50,MIA,shot,,,,,,,,,,Michael Beasley,,,,missed,,driving layup,28,7
Dwyane Wade,Joel Anthony,Michael Beasley,Rafer Alston,Udonis Haslem,Al Horford,Joe Johnson,Josh Smith,Maurice Evans,Mike Bibby,2,0:48,ATL,rebound,,,,,,,,,,Joe Johnson,,,,,,def,,
Dwyane Wade,Joel Anthony,Michael Beasley,Rafer Alston,Udonis Haslem,Al Horford,Joe Johnson,Josh Smith,Maurice Evans,Mike Bibby,2,0:37,ATL,jump ball,,Joel Anthony,,,Al Horford,,,,,,,Miami,,,,,,
Dwyane Wade,Joel Anthony,Michael Beasley,Rafer Alston,Udonis Haslem,Al Horford,Joe Johnson,Josh Smith,Maurice Evans,Mike Bibby,2,0:37,ATL,turnover,,,,,,,,,,Al Horford,,,lost ball,,Joel Anthony,,,
Dwyane Wade,Joel Anthony,Michael Beasley,Rafer Alston,Udonis Haslem,Al Horford,Joe Johnson,Josh Smith,Maurice Evans,Mike Bibby,2,0:20,MIA,shot,Michael Beasley,,,,,,,,,Rafer Alston,3,,,made,,3pt,49,14
Dwyane Wade,Joel Anthony,Michael Beasley,Rafer Alston,Udonis Haslem,Al Horford,Joe Johnson,Josh Smith,Maurice Evans,Mike Bibby,2,0:00,ATL,shot,,,,,,,,,,Maurice Evans,,,,missed,,3pt,48,8
Dwyane Wade,Joel Anthony,Michael Beasley,Rafer Alston,Udonis Haslem,Al Horford,Joe Johnson,Josh Smith,Maurice Evans,Mike Bibby,2,0:00,ATL,rebound,,,,,,,,,,,,,,,,,,
Dwyane Wade,Joel Anthony,Michael Beasley,Rafer Alston,Udonis Haslem,Al Horford,Joe Johnson,Josh Smith,Maurice Evans,Mike Bibby,2,0:00,MIA,foul,,,,,,,,Al Horford,,Udonis Haslem,,,,,,loose ball,,
Dwyane Wade,Joel Anthony,Michael Beasley,Rafer Alston,Udonis Haslem,Al Horford,Joe Johnson,Josh Smith,Maurice Evans,Mike Bibby,2,0:00,ATL,free throw,,,,,,,1,,2,Al Horford,,,foul,made,,,,
Dwyane Wade,Joel Anthony,Michael Beasley,Rafer Alston,Udonis Haslem,Al Horford,Joe Johnson,Josh Smith,Maurice Evans,Mike Bibby,2,0:00,ATL,free throw,,,,,,,2,,2,Al Horford,,,foul,missed,,,,
Dwyane Wade,Joel Anthony,Michael Beasley,Rafer Alston,Udonis Haslem,Al Horford,Joe Johnson,Josh Smith,Maurice Evans,Mike Bibby,2,0:00,MIA,rebound,,,,,,,,,,Udonis Haslem,,,,,,def,,
Dwyane Wade,Jermaine O'Neal,Michael Beasley,Quentin Richardson,Rafer Alston,Al Horford,Joe Johnson,Josh Smith,Marvin Williams,Mike Bibby,3,11:41,MIA,shot,,,,,,,,,,Jermaine O'Neal,2,,,made,,turnaround jump,41,9
Dwyane Wade,Jermaine O'Neal,Michael Beasley,Quentin Richardson,Rafer Alston,Al Horford,Joe Johnson,Josh Smith,Marvin Williams,Mike Bibby,3,11:22,ATL,turnover,,,,,,,,,,Joe Johnson,,,bad pass,,,,,
Dwyane Wade,Jermaine O'Neal,Michael Beasley,Quentin Richardson,Rafer Alston,Al Horford,Joe Johnson,Josh Smith,Marvin Williams,Mike Bibby,3,11:09,ATL,foul,,,,,,,,Jermaine O'Neal,,Al Horford,,,,,,shooting,,
Dwyane Wade,Jermaine O'Neal,Michael Beasley,Quentin Richardson,Rafer Alston,Al Horford,Joe Johnson,Josh Smith,Marvin Williams,Mike Bibby,3,11:09,MIA,free throw,,,,,,,1,,2,Jermaine O'Neal,,,foul,made,,,,
Dwyane Wade,Jermaine O'Neal,Michael Beasley,Quentin Richardson,Rafer Alston,Al Horford,Joe Johnson,Josh Smith,Marvin Williams,Mike Bibby,3,11:09,MIA,free throw,,,,,,,2,,2,Jermaine O'Neal,,,foul,missed,,,,
Dwyane Wade,Jermaine O'Neal,Michael Beasley,Quentin Richardson,Rafer Alston,Al Horford,Joe Johnson,Josh Smith,Marvin Williams,Mike Bibby,3,11:07,ATL,rebound,,,,,,,,,,Al Horford,,,,,,def,,
Dwyane Wade,Jermaine O'Neal,Michael Beasley,Quentin Richardson,Rafer Alston,Al Horford,Joe Johnson,Josh Smith,Marvin Williams,Mike Bibby,3,10:53,ATL,shot,Josh Smith,,,,,,,,,Mike Bibby,2,,,made,,jump,24,22
Dwyane Wade,Jermaine O'Neal,Michael Beasley,Quentin Richardson,Rafer Alston,Al Horford,Joe Johnson,Josh Smith,Marvin Williams,Mike Bibby,3,10:38,MIA,foul,,,,,,,,Josh Smith,,Michael Beasley,,,,,,offensive,,
Dwyane Wade,Jermaine O'Neal,Michael Beasley,Quentin Richardson,Rafer Alston,Al Horford,Joe Johnson,Josh Smith,Marvin Williams,Mike Bibby,3,10:38,MIA,turnover,,,,,,,,,,Michael Beasley,,,foul,,,,,
Dwyane Wade,Jermaine O'Neal,Michael Beasley,Quentin Richardson,Rafer Alston,Al Horford,Joe Johnson,Josh Smith,Marvin Williams,Mike Bibby,3,10:20,ATL,shot,Joe Johnson,,,,,,,,,Marvin Williams,2,,,made,,jump,42,10
Dwyane Wade,Jermaine O'Neal,Michael Beasley,Quentin Richardson,Rafer Alston,Al Horford,Joe Johnson,Josh Smith,Marvin Williams,Mike Bibby,3,10:04,MIA,shot,,,,,,,,,,Dwyane Wade,2,,,made,,fade away jumper,41,9
Dwyane Wade,Jermaine O'Neal,Michael Beasley,Quentin Richardson,Rafer Alston,Al Horford,Joe Johnson,Josh Smith,Marvin Williams,Mike Bibby,3,9:43,ATL,turnover,,,,,,,,,,Joe Johnson,,,bad pass,,Dwyane Wade,,,
Dwyane Wade,Jermaine O'Neal,Michael Beasley,Quentin Richardson,Rafer Alston,Al Horford,Joe Johnson,Josh Smith,Marvin Williams,Mike Bibby,3,9:36,MIA,shot,,,,,,,,,,Dwyane Wade,,,,missed,,3pt,39,26
Dwyane Wade,Jermaine O'Neal,Michael Beasley,Quentin Richardson,Rafer Alston,Al Horford,Joe Johnson,Josh Smith,Marvin Williams,Mike Bibby,3,9:34,ATL,rebound,,,,,,,,,,Al Horford,,,,,,def,,
Dwyane Wade,Jermaine O'Neal,Michael Beasley,Quentin Richardson,Rafer Alston,Al Horford,Joe Johnson,Josh Smith,Marvin Williams,Mike Bibby,3,9:28,ATL,foul,,,,,,,,Rafer Alston,,Al Horford,,,,,,offensive,,
Dwyane Wade,Jermaine O'Neal,Michael Beasley,Quentin Richardson,Rafer Alston,Al Horford,Joe Johnson,Josh Smith,Marvin Williams,Mike Bibby,3,9:28,ATL,turnover,,,,,,,,,,Al Horford,,,foul,,,,,
Dwyane Wade,Jermaine O'Neal,Michael Beasley,Quentin Richardson,Rafer Alston,Al Horford,Joe Johnson,Josh Smith,Marvin Williams,Mike Bibby,3,9:11,MIA,shot,,,,,,,,,,Rafer Alston,,,,missed,,3pt,23,32
Dwyane Wade,Jermaine O'Neal,Michael Beasley,Quentin Richardson,Rafer Alston,Al Horford,Joe Johnson,Josh Smith,Marvin Williams,Mike Bibby,3,9:10,ATL,rebound,,,,,,,,,,Marvin Williams,,,,,,def,,
Dwyane Wade,Jermaine O'Neal,Michael Beasley,Quentin Richardson,Rafer Alston,Al Horford,Joe Johnson,Josh Smith,Marvin Williams,Mike Bibby,3,9:04,MIA,foul,,,,,,,,Josh Smith,,Jermaine O'Neal,,,,,,shooting,,
Dwyane Wade,Jermaine O'Neal,Michael Beasley,Quentin Richardson,Rafer Alston,Al Horford,Joe Johnson,Josh Smith,Marvin Williams,Mike Bibby,3,9:04,ATL,free throw,,,,,,,1,,2,Josh Smith,,,foul,missed,,,,
Dwyane Wade,Jermaine O'Neal,Michael Beasley,Quentin Richardson,Rafer Alston,Al Horford,Joe Johnson,Josh Smith,Marvin Williams,Mike Bibby,3,9:04,ATL,rebound,,,,,,,,,,,,,,,,,,
Dwyane Wade,Jermaine O'Neal,Michael Beasley,Quentin Richardson,Rafer Alston,Al Horford,Joe Johnson,Josh Smith,Marvin Williams,Mike Bibby,3,9:04,ATL,free throw,,,,,,,2,,2,Josh Smith,,,foul,missed,,,,
Dwyane Wade,Jermaine O'Neal,Michael Beasley,Quentin Richardson,Rafer Alston,Al Horford,Joe Johnson,Josh Smith,Marvin Williams,Mike Bibby,3,9:03,MIA,rebound,,,,,,,,,,Michael Beasley,,,,,,def,,
Dwyane Wade,Jermaine O'Neal,Michael Beasley,Quentin Richardson,Rafer Alston,Al Horford,Joe Johnson,Josh Smith,Marvin Williams,Mike Bibby,3,8:52,MIA,shot,,,,,,,,,,Michael Beasley,,,,missed,,driving jump,30,7
Dwyane Wade,Jermaine O'Neal,Michael Beasley,Quentin Richardson,Rafer Alston,Al Horford,Joe Johnson,Josh Smith,Marvin Williams,Mike Bibby,3,8:50,ATL,rebound,,,,,,,,,,Joe Johnson,,,,,,def,,
Dwyane Wade,Jermaine O'Neal,Michael Beasley,Quentin Richardson,Rafer Alston,Al Horford,Joe Johnson,Josh Smith,Marvin Williams,Mike Bibby,3,8:48,MIA,foul,,,,,,,,Josh Smith,,Rafer Alston,,,,,,shooting,,
Dwyane Wade,Jermaine O'Neal,Michael Beasley,Quentin Richardson,Rafer Alston,Al Horford,Joe Johnson,Josh Smith,Marvin Williams,Mike Bibby,3,8:48,ATL,free throw,,,,,,,1,,2,Josh Smith,,,foul,made,,,,
Dwyane Wade,Jermaine O'Neal,Michael Beasley,Quentin Richardson,Rafer Alston,Al Horford,Joe Johnson,Josh Smith,Marvin Williams,Mike Bibby,3,8:48,ATL,free throw,,,,,,,2,,2,Josh Smith,,,foul,made,,,,
Dwyane Wade,Jermaine O'Neal,Michael Beasley,Quentin Richardson,Rafer Alston,Al Horford,Joe Johnson,Josh Smith,Marvin Williams,Mike Bibby,3,8:36,MIA,shot,,,Al Horford,,,,,,,Jermaine O'Neal,,,,missed,,jump,8,12
Dwyane Wade,Jermaine O'Neal,Michael Beasley,Quentin Richardson,Rafer Alston,Al Horford,Joe Johnson,Josh Smith,Marvin Williams,Mike Bibby,3,8:34,MIA,rebound,,,,,,,,,,Dwyane Wade,,,,,,off,,
Dwyane Wade,Jermaine O'Neal,Michael Beasley,Quentin Richardson,Rafer Alston,Al Horford,Joe Johnson,Josh Smith,Marvin Williams,Mike Bibby,3,8:30,MIA,shot,,,,,,,,,,Rafer Alston,,,,missed,,3pt,7,26
Dwyane Wade,Jermaine O'Neal,Michael Beasley,Quentin Richardson,Rafer Alston,Al Horford,Joe Johnson,Josh Smith,Marvin Williams,Mike Bibby,3,8:30,ATL,rebound,,,,,,,,,,,,,,,,,,
Dwyane Wade,Jermaine O'Neal,Michael Beasley,Quentin Richardson,Rafer Alston,Al Horford,Joe Johnson,Josh Smith,Marvin Williams,Mike Bibby,3,8:12,ATL,turnover,,,,,,,,,,Joe Johnson,,,bad pass,,Michael Beasley,,,
Dwyane Wade,Jermaine O'Neal,Michael Beasley,Quentin Richardson,Rafer Alston,Al Horford,Joe Johnson,Josh Smith,Marvin Williams,Mike Bibby,3,8:07,MIA,shot,,,,,,,,,,Quentin Richardson,,,,missed,,running dunk,24,6
Dwyane Wade,Jermaine O'Neal,Michael Beasley,Quentin Richardson,Rafer Alston,Al Horford,Joe Johnson,Josh Smith,Marvin Williams,Mike Bibby,3,8:05,ATL,rebound,,,,,,,,,,Al Horford,,,,,,def,,
Dwyane Wade,Jermaine O'Neal,Michael Beasley,Quentin Richardson,Rafer Alston,Al Horford,Joe Johnson,Josh Smith,Marvin Williams,Mike Bibby,3,7:46,ATL,shot,,,,,,,,,,Josh Smith,2,,,made,,jump,13,18
Dwyane Wade,Jermaine O'Neal,Michael Beasley,Quentin Richardson,Rafer Alston,Al Horford,Joe Johnson,Josh Smith,Marvin Williams,Mike Bibby,3,7:27,MIA,turnover,,,,,,,,,,Rafer Alston,,,lost ball,,Josh Smith,,,
Dwyane Wade,Jermaine O'Neal,Michael Beasley,Quentin Richardson,Rafer Alston,Al Horford,Joe Johnson,Josh Smith,Marvin Williams,Mike Bibby,3,7:16,MIA,foul,,,,,,,,Al Horford,,Michael Beasley,,,,,,personal,,
Dwyane Wade,Jermaine O'Neal,Michael Beasley,Quentin Richardson,Rafer Alston,Al Horford,Joe Johnson,Josh Smith,Marvin Williams,Mike Bibby,3,7:07,ATL,shot,Josh Smith,,,,,,,,,Mike Bibby,3,,,made,,3pt,49,8
Dwyane Wade,Jermaine O'Neal,Michael Beasley,Quentin Richardson,Rafer Alston,Al Horford,Joe Johnson,Josh Smith,Marvin Williams,Mike Bibby,3,7:06,MIA,timeout,,,,,,,,,,,,,,,,regular,,
Dwyane Wade,Jermaine O'Neal,Michael Beasley,Quentin Richardson,Rafer Alston,Al Horford,Joe Johnson,Josh Smith,Marvin Williams,Mike Bibby,3,6:48,MIA,shot,Dwyane Wade,,,,,,,,,Jermaine O'Neal,2,,,made,,layup,24,6
Dwyane Wade,Jermaine O'Neal,Michael Beasley,Quentin Richardson,Rafer Alston,Al Horford,Joe Johnson,Josh Smith,Marvin Williams,Mike Bibby,3,6:25,ATL,shot,,,Michael Beasley,,,,,,,Marvin Williams,,,,missed,,layup,27,6
Dwyane Wade,Jermaine O'Neal,Michael Beasley,Quentin Richardson,Rafer Alston,Al Horford,Joe Johnson,Josh Smith,Marvin Williams,Mike Bibby,3,6:24,MIA,rebound,,,,,,,,,,Quentin Richardson,,,,,,def,,
Dwyane Wade,Jermaine O'Neal,Michael Beasley,Quentin Richardson,Rafer Alston,Al Horford,Joe Johnson,Josh Smith,Marvin Williams,Mike Bibby,3,6:14,MIA,shot,,,,,,,,,,Dwyane Wade,2,,,made,,fade away jumper,44,6
Dwyane Wade,Jermaine O'Neal,Michael Beasley,Quentin Richardson,Rafer Alston,Al Horford,Joe Johnson,Josh Smith,Marvin Williams,Mike Bibby,3,5:55,ATL,shot,Al Horford,,,,,,,,,Mike Bibby,2,,,made,,jump,42,15
Dwyane Wade,Jermaine O'Neal,Michael Beasley,Quentin Richardson,Rafer Alston,Al Horford,Joe Johnson,Josh Smith,Marvin Williams,Mike Bibby,3,5:35,MIA,shot,,,,,,,,,,Michael Beasley,,,,missed,,jump,32,17
Dwyane Wade,Jermaine O'Neal,Michael Beasley,Quentin Richardson,Rafer Alston,Al Horford,Joe Johnson,Josh Smith,Marvin Williams,Mike Bibby,3,5:34,MIA,rebound,,,,,,,,,,Michael Beasley,,,,,,off,,
Dwyane Wade,Jermaine O'Neal,Michael Beasley,Quentin Richardson,Rafer Alston,Al Horford,Joe Johnson,Josh Smith,Marvin Williams,Mike Bibby,3,5:31,MIA,shot,,,,,,,,,,Michael Beasley,2,,,made,,jump,33,8
Dwyane Wade,Jermaine O'Neal,Michael Beasley,Quentin Richardson,Rafer Alston,Al Horford,Joe Johnson,Josh Smith,Marvin Williams,Mike Bibby,3,5:13,ATL,shot,,,,,,,,,,Josh Smith,,,,missed,,jump,11,22
Dwyane Wade,Jermaine O'Neal,Michael Beasley,Quentin Richardson,Rafer Alston,Al Horford,Joe Johnson,Josh Smith,Marvin Williams,Mike Bibby,3,5:12,MIA,rebound,,,,,,,,,,Jermaine O'Neal,,,,,,def,,
Dwyane Wade,Jermaine O'Neal,Michael Beasley,Quentin Richardson,Rafer Alston,Al Horford,Joe Johnson,Josh Smith,Marvin Williams,Mike Bibby,3,4:58,MIA,shot,,,,,,,,,,Rafer Alston,,,,missed,,3pt,43,25
Dwyane Wade,Jermaine O'Neal,Michael Beasley,Quentin Richardson,Rafer Alston,Al Horford,Joe Johnson,Josh Smith,Marvin Williams,Mike Bibby,3,4:54,MIA,rebound,,,,,,,,,,Dwyane Wade,,,,,,off,,
Dwyane Wade,Jermaine O'Neal,Michael Beasley,Quentin Richardson,Rafer Alston,Al Horford,Joe Johnson,Josh Smith,Marvin Williams,Mike Bibby,3,4:54,MIA,shot,,,,,,,,,,Dwyane Wade,,,,missed,,putback layup,25,6
Dwyane Wade,Jermaine O'Neal,Michael Beasley,Quentin Richardson,Rafer Alston,Al Horford,Joe Johnson,Josh Smith,Marvin Williams,Mike Bibby,3,4:53,MIA,rebound,,,,,,,,,,Michael Beasley,,,,,,off,,
Dwyane Wade,Jermaine O'Neal,Michael Beasley,Quentin Richardson,Rafer Alston,Al Horford,Joe Johnson,Josh Smith,Marvin Williams,Mike Bibby,3,4:52,MIA,shot,,,Al Horford,,,,,,,Michael Beasley,,,,missed,,putback layup,25,6
Dwyane Wade,Jermaine O'Neal,Michael Beasley,Quentin Richardson,Rafer Alston,Al Horford,Joe Johnson,Josh Smith,Marvin Williams,Mike Bibby,3,4:51,ATL,rebound,,,,,,,,,,Josh Smith,,,,,,def,,
Dwyane Wade,Jermaine O'Neal,Michael Beasley,Quentin Richardson,Rafer Alston,Al Horford,Joe Johnson,Josh Smith,Marvin Williams,Mike Bibby,3,4:43,ATL,shot,,,,,,,,,,Mike Bibby,,,,missed,,3pt,11,27
Dwyane Wade,Jermaine O'Neal,Michael Beasley,Quentin Richardson,Rafer Alston,Al Horford,Joe Johnson,Josh Smith,Marvin Williams,Mike Bibby,3,4:42,MIA,rebound,,,,,,,,,,Jermaine O'Neal,,,,,,def,,
Dwyane Wade,Jermaine O'Neal,Michael Beasley,Quentin Richardson,Rafer Alston,Al Horford,Joe Johnson,Josh Smith,Marvin Williams,Mike Bibby,3,4:27,MIA,shot,,,,,,,,,,Dwyane Wade,,,,missed,,jump,43,8
Dwyane Wade,Jermaine O'Neal,Michael Beasley,Quentin Richardson,Rafer Alston,Al Horford,Joe Johnson,Josh Smith,Marvin Williams,Mike Bibby,3,4:25,MIA,rebound,,,,,,,,,,Quentin Richardson,,,,,,off,,
Dwyane Wade,Jermaine O'Neal,Michael Beasley,Quentin Richardson,Rafer Alston,Al Horford,Joe Johnson,Josh Smith,Marvin Williams,Mike Bibby,3,4:25,MIA,shot,,,,,,,,,,Quentin Richardson,,,,missed,,layup,25,6
Dwyane Wade,Jermaine O'Neal,Michael Beasley,Quentin Richardson,Rafer Alston,Al Horford,Joe Johnson,Josh Smith,Marvin Williams,Mike Bibby,3,4:24,ATL,rebound,,,,,,,,,,Marvin Williams,,,,,,def,,
Dwyane Wade,Jermaine O'Neal,Michael Beasley,Quentin Richardson,Rafer Alston,Al Horford,Joe Johnson,Josh Smith,Marvin Williams,Mike Bibby,3,4:12,ATL,shot,,,,,,,,,,Joe Johnson,,,,missed,,3pt,9,27
Dwyane Wade,Jermaine O'Neal,Michael Beasley,Quentin Richardson,Rafer Alston,Al Horford,Joe Johnson,Josh Smith,Marvin Williams,Mike Bibby,3,4:11,MIA,rebound,,,,,,,,,,Michael Beasley,,,,,,def,,
Dwyane Wade,Jermaine O'Neal,Michael Beasley,Quentin Richardson,Rafer Alston,Al Horford,Joe Johnson,Josh Smith,Marvin Williams,Mike Bibby,3,3:59,MIA,shot,Dwyane Wade,,,,,,,,,Jermaine O'Neal,2,,,made,,dunk,25,6
Dwyane Wade,Jermaine O'Neal,Michael Beasley,Quentin Richardson,Rafer Alston,Al Horford,Joe Johnson,Josh Smith,Marvin Williams,Mike Bibby,3,3:36,ATL,shot,,,,,,,,,,Josh Smith,2,,,made,,layup,23,6
Dwyane Wade,Jermaine O'Neal,Michael Beasley,Quentin Richardson,Rafer Alston,Al Horford,Joe Johnson,Josh Smith,Marvin Williams,Mike Bibby,3,3:18,MIA,turnover,,,,,,,,,,Jermaine O'Neal,,,bad pass,,Mike Bibby,,,
Dwyane Wade,Jermaine O'Neal,Michael Beasley,Quentin Richardson,Rafer Alston,Al Horford,Joe Johnson,Josh Smith,Marvin Williams,Mike Bibby,3,3:14,ATL,shot,Mike Bibby,,,,,,,,,Marvin Williams,2,,,made,,running dunk,25,6
Dwyane Wade,Jermaine O'Neal,Michael Beasley,Quentin Richardson,Rafer Alston,Al Horford,Joe Johnson,Josh Smith,Marvin Williams,Mike Bibby,3,3:14,MIA,foul,,,,,,,,Marvin Williams,,Michael Beasley,,,,,,shooting,,
Dwyane Wade,Jermaine O'Neal,Michael Beasley,Quentin Richardson,Rafer Alston,Al Horford,Joe Johnson,Joe Smith,Marvin Williams,Mike Bibby,3,3:14,ATL,sub,,,,Joe Smith,,Josh Smith,,,,,,,,,,,,
Dorell Wright,Dwyane Wade,Jermaine O'Neal,Quentin Richardson,Rafer Alston,Al Horford,Joe Johnson,Joe Smith,Marvin Williams,Mike Bibby,3,3:14,MIA,sub,,,,Dorell Wright,,Michael Beasley,,,,,,,,,,,,
Dorell Wright,Dwyane Wade,Joel Anthony,Quentin Richardson,Rafer Alston,Al Horford,Joe Johnson,Joe Smith,Marvin Williams,Mike Bibby,3,3:14,MIA,sub,,,,Joel Anthony,,Jermaine O'Neal,,,,,,,,,,,,
Dorell Wright,Dwyane Wade,Joel Anthony,Quentin Richardson,Rafer Alston,Al Horford,Jeff Teague,Joe Johnson,Joe Smith,Marvin Williams,3,3:14,ATL,sub,,,,Jeff Teague,,Mike Bibby,,,,,,,,,,,,
Dorell Wright,Dwyane Wade,Joel Anthony,Quentin Richardson,Rafer Alston,Al Horford,Jeff Teague,Joe Johnson,Joe Smith,Marvin Williams,3,3:14,ATL,free throw,,,,,,,1,,1,Marvin Williams,,,foul,made,,,,
Dorell Wright,Dwyane Wade,Joel Anthony,Quentin Richardson,Rafer Alston,Al Horford,Jeff Teague,Joe Johnson,Joe Smith,Marvin Williams,3,3:05,ATL,foul,,,,,,,,Dwyane Wade,,Marvin Williams,,,,,,shooting,,
Dorell Wright,Dwyane Wade,Joel Anthony,Quentin Richardson,Rafer Alston,Al Horford,Jeff Teague,Joe Johnson,Joe Smith,Marvin Williams,3,3:05,MIA,free throw,,,,,,,1,,2,Dwyane Wade,,,foul,missed,,,,
Dorell Wright,Dwyane Wade,Joel Anthony,Quentin Richardson,Rafer Alston,Al Horford,Jeff Teague,Joe Johnson,Joe Smith,Marvin Williams,3,3:05,MIA,rebound,,,,,,,,,,,,,,,,,,
Dorell Wright,Dwyane Wade,Joel Anthony,Quentin Richardson,Rafer Alston,Al Horford,Jeff Teague,Joe Johnson,Joe Smith,Marvin Williams,3,3:05,MIA,free throw,,,,,,,2,,2,Dwyane Wade,,,foul,missed,,,,
Dorell Wright,Dwyane Wade,Joel Anthony,Quentin Richardson,Rafer Alston,Al Horford,Jeff Teague,Joe Johnson,Joe Smith,Marvin Williams,3,3:04,MIA,rebound,,,,,,,,,,Dwyane Wade,,,,,,off,,
Dorell Wright,Dwyane Wade,Joel Anthony,Quentin Richardson,Rafer Alston,Al Horford,Jeff Teague,Joe Johnson,Joe Smith,Marvin Williams,3,3:01,MIA,shot,,,,,,,,,,Dwyane Wade,2,,,made,,jump,25,16
Dorell Wright,Dwyane Wade,Joel Anthony,Quentin Richardson,Rafer Alston,Al Horford,Jeff Teague,Joe Johnson,Joe Smith,Marvin Williams,3,2:39,ATL,shot,,,,,,,,,,Joe Johnson,,,,missed,,driving layup,23,6
Dorell Wright,Dwyane Wade,Joel Anthony,Quentin Richardson,Rafer Alston,Al Horford,Jeff Teague,Joe Johnson,Joe Smith,Marvin Williams,3,2:38,MIA,rebound,,,,,,,,,,Dorell Wright,,,,,,def,,
Dorell Wright,Dwyane Wade,Joel Anthony,Quentin Richardson,Rafer Alston,Al Horford,Jeff Teague,Joe Johnson,Joe Smith,Marvin Williams,3,2:28,MIA,shot,,,,,,,,,,Dorell Wright,2,,,made,,driving layup,27,5
Dorell Wright,Dwyane Wade,Joel Anthony,Quentin Richardson,Rafer Alston,Al Horford,Jeff Teague,Joe Johnson,Joe Smith,Marvin Williams,3,2:05,MIA,foul,,,,,,,,Jeff Teague,,Dwyane Wade,,,,,,shooting,,
Dorell Wright,Dwyane Wade,Joel Anthony,Quentin Richardson,Rafer Alston,Al Horford,Jeff Teague,Joe Johnson,Joe Smith,Marvin Williams,3,2:05,ATL,timeout,,,,,,,,,,,,,,,,regular,,
Dorell Wright,Dwyane Wade,Joel Anthony,Quentin Richardson,Rafer Alston,Al Horford,Jeff Teague,Joe Johnson,Joe Smith,Maurice Evans,3,2:05,ATL,sub,,,,Maurice Evans,,Marvin Williams,,,,,,,,,,,,
Daequan Cook,Dorell Wright,Dwyane Wade,Joel Anthony,Rafer Alston,Al Horford,Jeff Teague,Joe Johnson,Joe Smith,Maurice Evans,3,2:05,MIA,sub,,,,Daequan Cook,,Quentin Richardson,,,,,,,,,,,,
Daequan Cook,Dorell Wright,Dwyane Wade,Joel Anthony,Udonis Haslem,Al Horford,Jeff Teague,Joe Johnson,Joe Smith,Maurice Evans,3,2:05,MIA,sub,,,,Udonis Haslem,,Rafer Alston,,,,,,,,,,,,
Daequan Cook,Dorell Wright,Dwyane Wade,Joel Anthony,Udonis Haslem,Al Horford,Jeff Teague,Joe Johnson,Joe Smith,Maurice Evans,3,2:05,ATL,free throw,,,,,,,1,,2,Jeff Teague,,,foul,made,,,,
Daequan Cook,Dorell Wright,Dwyane Wade,Joel Anthony,Udonis Haslem,Al Horford,Jeff Teague,Joe Johnson,Joe Smith,Maurice Evans,3,2:05,ATL,free throw,,,,,,,2,,2,Jeff Teague,,,foul,made,,,,
Daequan Cook,Dorell Wright,Dwyane Wade,Joel Anthony,Udonis Haslem,Al Horford,Jeff Teague,Joe Johnson,Joe Smith,Maurice Evans,3,1:47,MIA,shot,Dwyane Wade,,,,,,,,,Dorell Wright,3,,,made,,3pt,42,26
Daequan Cook,Dorell Wright,Dwyane Wade,Joel Anthony,Udonis Haslem,Al Horford,Jeff Teague,Joe Johnson,Joe Smith,Maurice Evans,3,1:29,ATL,shot,,,Daequan Cook,,,,,,,Jeff Teague,,,,missed,,driving layup,22,6
Daequan Cook,Dorell Wright,Dwyane Wade,Joel Anthony,Udonis Haslem,Al Horford,Jeff Teague,Joe Johnson,Joe Smith,Maurice Evans,3,1:25,MIA,rebound,,,,,,,,,,Udonis Haslem,,,,,,def,,
Daequan Cook,Dorell Wright,Dwyane Wade,Joel Anthony,Udonis Haslem,Al Horford,Jeff Teague,Joe Johnson,Joe Smith,Maurice Evans,3,1:15,MIA,shot,,,,,,,,,,Daequan Cook,2,,,made,,jump,44,7
Daequan Cook,Dorell Wright,Dwyane Wade,Joel Anthony,Udonis Haslem,Al Horford,Jeff Teague,Joe Johnson,Joe Smith,Maurice Evans,3,0:50,ATL,shot,,,,,,,,,,Joe Johnson,,,,missed,,running jump,23,12
Daequan Cook,Dorell Wright,Dwyane Wade,Joel Anthony,Udonis Haslem,Al Horford,Jeff Teague,Joe Johnson,Joe Smith,Maurice Evans,3,0:48,ATL,rebound,,,,,,,,,,Joe Johnson,,,,,,off,,
Daequan Cook,Dorell Wright,Dwyane Wade,Joel Anthony,Udonis Haslem,Al Horford,Jeff Teague,Joe Johnson,Joe Smith,Maurice Evans,3,0:48,ATL,shot,,,,,,,,,,Joe Johnson,,,,missed,,tip,25,6
Daequan Cook,Dorell Wright,Dwyane Wade,Joel Anthony,Udonis Haslem,Al Horford,Jeff Teague,Joe Johnson,Joe Smith,Maurice Evans,3,0:48,ATL,rebound,,,,,,,,,,,,,,,,,,
Daequan Cook,Dorell Wright,Dwyane Wade,Joel Anthony,Udonis Haslem,Al Horford,Jeff Teague,Joe Johnson,Joe Smith,Maurice Evans,3,0:46,ATL,shot,Maurice Evans,,,,,,,,,Joe Smith,2,,,made,,layup,27,6
Daequan Cook,Dorell Wright,Dwyane Wade,Joel Anthony,Udonis Haslem,Al Horford,Jeff Teague,Joe Johnson,Joe Smith,Maurice Evans,3,0:26,MIA,shot,,,,,,,,,,Daequan Cook,,,,missed,,3pt,2,16
Daequan Cook,Dorell Wright,Dwyane Wade,Joel Anthony,Udonis Haslem,Al Horford,Jeff Teague,Joe Johnson,Joe Smith,Maurice Evans,3,0:25,MIA,rebound,,,,,,,,,,Udonis Haslem,,,,,,off,,
Daequan Cook,Dorell Wright,Dwyane Wade,Joel Anthony,Udonis Haslem,Al Horford,Jeff Teague,Joe Johnson,Joe Smith,Maurice Evans,3,0:25,MIA,shot,,,,,,,,,,Udonis Haslem,2,,,made,,putback layup,25,6
Daequan Cook,Dorell Wright,Dwyane Wade,Joel Anthony,Udonis Haslem,Al Horford,Jeff Teague,Joe Johnson,Joe Smith,Maurice Evans,3,0:04,ATL,shot,,,,,,,,,,Joe Johnson,,,,missed,,3pt,36,29
Daequan Cook,Dorell Wright,Dwyane Wade,Joel Anthony,Udonis Haslem,Al Horford,Jeff Teague,Joe Johnson,Joe Smith,Maurice Evans,3,0:01,ATL,rebound,,,,,,,,,,Joe Smith,,,,,,off,,
Carlos Arroyo,Daequan Cook,Dorell Wright,Jermaine O'Neal,Udonis Haslem,Al Horford,Jeff Teague,Joe Johnson,Joe Smith,Maurice Evans,4,11:41,ATL,turnover,,,,,,,,,,Al Horford,,,bad pass,,Daequan Cook,,,
Carlos Arroyo,Daequan Cook,Dorell Wright,Jermaine O'Neal,Udonis Haslem,Al Horford,Jeff Teague,Joe Johnson,Joe Smith,Maurice Evans,4,11:41,ATL,foul,,,,,,,,Dorell Wright,,Maurice Evans,,,,,,personal,,
Carlos Arroyo,Daequan Cook,Dorell Wright,Jermaine O'Neal,Udonis Haslem,Al Horford,Jeff Teague,Joe Johnson,Joe Smith,Maurice Evans,4,11:19,MIA,shot,,,,,,,,,,Udonis Haslem,,,,missed,,driving layup,27,7
Carlos Arroyo,Daequan Cook,Dorell Wright,Jermaine O'Neal,Udonis Haslem,Al Horford,Jeff Teague,Joe Johnson,Joe Smith,Maurice Evans,4,11:17,ATL,rebound,,,,,,,,,,Joe Smith,,,,,,def,,
Carlos Arroyo,Daequan Cook,Dorell Wright,Jermaine O'Neal,Udonis Haslem,Al Horford,Jeff Teague,Joe Johnson,Joe Smith,Maurice Evans,4,11:10,ATL,shot,Jeff Teague,,,,,,,,,Joe Johnson,2,,,made,,running jump,34,9
Carlos Arroyo,Daequan Cook,Dorell Wright,Jermaine O'Neal,Udonis Haslem,Al Horford,Jeff Teague,Joe Johnson,Joe Smith,Maurice Evans,4,10:36,MIA,shot,Carlos Arroyo,,,,,,,,,Jermaine O'Neal,2,,,made,,jump,41,18
Carlos Arroyo,Daequan Cook,Dorell Wright,Jermaine O'Neal,Udonis Haslem,Al Horford,Jeff Teague,Joe Johnson,Joe Smith,Maurice Evans,4,10:19,ATL,shot,Jeff Teague,,,,,,,,,Al Horford,2,,,made,,fade away jumper,23,16
Carlos Arroyo,Daequan Cook,Dorell Wright,Jermaine O'Neal,Udonis Haslem,Al Horford,Jeff Teague,Joe Johnson,Joe Smith,Maurice Evans,4,10:01,MIA,shot,Daequan Cook,,,,,,,,,Jermaine O'Neal,2,,,made,,jump,41,9
Carlos Arroyo,Daequan Cook,Dorell Wright,Jermaine O'Neal,Udonis Haslem,Al Horford,Jeff Teague,Joe Johnson,Joe Smith,Maurice Evans,4,9:37,ATL,shot,,,,,,,,,,Al Horford,2,,,made,,hook,16,8
Carlos Arroyo,Daequan Cook,Dorell Wright,Jermaine O'Neal,Udonis Haslem,Al Horford,Jeff Teague,Joe Johnson,Joe Smith,Maurice Evans,4,9:14,ATL,foul,,,,,,,,Daequan Cook,,Joe Smith,,,,,,personal,,
Carlos Arroyo,Daequan Cook,Dorell Wright,Jermaine O'Neal,Udonis Haslem,Al Horford,Jeff Teague,Joe Johnson,Josh Smith,Maurice Evans,4,9:14,ATL,sub,,,,Josh Smith,,Joe Smith,,,,,,,,,,,,
Carlos Arroyo,Daequan Cook,Dorell Wright,Jermaine O'Neal,Udonis Haslem,Al Horford,Jeff Teague,Joe Johnson,Josh Smith,Maurice Evans,4,9:04,MIA,shot,,,,,,,,,,Dorell Wright,,,,missed,,3pt,40,26
Carlos Arroyo,Daequan Cook,Dorell Wright,Jermaine O'Neal,Udonis Haslem,Al Horford,Jeff Teague,Joe Johnson,Josh Smith,Maurice Evans,4,9:03,ATL,rebound,,,,,,,,,,Al Horford,,,,,,def,,
Carlos Arroyo,Daequan Cook,Dorell Wright,Jermaine O'Neal,Udonis Haslem,Al Horford,Jeff Teague,Joe Johnson,Josh Smith,Maurice Evans,4,8:52,ATL,shot,,,,,,,,,,Joe Johnson,,,,missed,,3pt,48,8
Carlos Arroyo,Daequan Cook,Dorell Wright,Jermaine O'Neal,Udonis Haslem,Al Horford,Jeff Teague,Joe Johnson,Josh Smith,Maurice Evans,4,8:51,ATL,rebound,,,,,,,,,,Maurice Evans,,,,,,off,,
Carlos Arroyo,Daequan Cook,Dorell Wright,Jermaine O'Neal,Udonis Haslem,Al Horford,Jeff Teague,Joe Johnson,Josh Smith,Maurice Evans,4,8:51,MIA,foul,,,,,,,,Maurice Evans,,Carlos Arroyo,,,,,,shooting,,
Carlos Arroyo,Daequan Cook,Dorell Wright,Jermaine O'Neal,Udonis Haslem,Al Horford,Jeff Teague,Joe Johnson,Josh Smith,Maurice Evans,4,8:51,ATL,timeout,,,,,,,,,,,,,,,,official,,
Carlos Arroyo,Daequan Cook,Dorell Wright,Jermaine O'Neal,Udonis Haslem,Al Horford,Joe Johnson,Josh Smith,Maurice Evans,Mike Bibby,4,8:51,ATL,sub,,,,Mike Bibby,,Jeff Teague,,,,,,,,,,,,
Carlos Arroyo,Daequan Cook,Dorell Wright,Jermaine O'Neal,Udonis Haslem,Al Horford,Joe Johnson,Josh Smith,Maurice Evans,Mike Bibby,4,8:51,ATL,free throw,,,,,,,1,,2,Maurice Evans,,,foul,made,,,,
Carlos Arroyo,Daequan Cook,Dorell Wright,Jermaine O'Neal,Udonis Haslem,Al Horford,Joe Johnson,Josh Smith,Maurice Evans,Mike Bibby,4,8:51,ATL,free throw,,,,,,,2,,2,Maurice Evans,,,foul,missed,,,,
Carlos Arroyo,Daequan Cook,Dorell Wright,Jermaine O'Neal,Udonis Haslem,Al Horford,Joe Johnson,Josh Smith,Maurice Evans,Mike Bibby,4,8:50,MIA,rebound,,,,,,,,,,Udonis Haslem,,,,,,def,,
Carlos Arroyo,Daequan Cook,Dorell Wright,Jermaine O'Neal,Udonis Haslem,Al Horford,Joe Johnson,Josh Smith,Maurice Evans,Mike Bibby,4,8:28,MIA,shot,Carlos Arroyo,,,,,,,,,Daequan Cook,3,,,made,,3pt,2,19
Carlos Arroyo,Daequan Cook,Dorell Wright,Jermaine O'Neal,Udonis Haslem,Al Horford,Joe Johnson,Josh Smith,Maurice Evans,Mike Bibby,4,8:03,ATL,shot,,,,,,,,,,Joe Johnson,,,,missed,,turnaround jump,13,16
Carlos Arroyo,Daequan Cook,Dorell Wright,Jermaine O'Neal,Udonis Haslem,Al Horford,Joe Johnson,Josh Smith,Maurice Evans,Mike Bibby,4,8:00,MIA,rebound,,,,,,,,,,Jermaine O'Neal,,,,,,def,,
Carlos Arroyo,Daequan Cook,Dorell Wright,Jermaine O'Neal,Udonis Haslem,Al Horford,Joe Johnson,Josh Smith,Maurice Evans,Mike Bibby,4,7:54,MIA,shot,,,,,,,,,,Daequan Cook,3,,,made,,3pt,36,28
Carlos Arroyo,Daequan Cook,Dorell Wright,Jermaine O'Neal,Udonis Haslem,Al Horford,Joe Johnson,Josh Smith,Maurice Evans,Mike Bibby,4,7:53,ATL,timeout,,,,,,,,,,,,,,,,regular,,
Carlos Arroyo,Daequan Cook,Dorell Wright,Jermaine O'Neal,Udonis Haslem,Al Horford,Joe Johnson,Josh Smith,Marvin Williams,Mike Bibby,4,7:53,ATL,sub,,,,Marvin Williams,,Maurice Evans,,,,,,,,,,,,
Carlos Arroyo,Daequan Cook,Dorell Wright,Jermaine O'Neal,Udonis Haslem,Al Horford,Joe Johnson,Josh Smith,Marvin Williams,Mike Bibby,4,7:38,ATL,shot,,,,,,,,,,Josh Smith,,,,missed,,running reverse layup,26,5
Carlos Arroyo,Daequan Cook,Dorell Wright,Jermaine O'Neal,Udonis Haslem,Al Horford,Joe Johnson,Josh Smith,Marvin Williams,Mike Bibby,4,7:36,MIA,rebound,,,,,,,,,,Udonis Haslem,,,,,,def,,
Carlos Arroyo,Daequan Cook,Dorell Wright,Jermaine O'Neal,Udonis Haslem,Al Horford,Joe Johnson,Josh Smith,Marvin Williams,Mike Bibby,4,7:23,MIA,shot,Carlos Arroyo,,,,,,,,,Daequan Cook,2,,,made,,jump,33,26
Carlos Arroyo,Daequan Cook,Dorell Wright,Jermaine O'Neal,Udonis Haslem,Al Horford,Joe Johnson,Josh Smith,Marvin Williams,Mike Bibby,4,7:03,ATL,shot,,,,,,,,,,Marvin Williams,,,,missed,,3pt,48,9
Carlos Arroyo,Daequan Cook,Dorell Wright,Jermaine O'Neal,Udonis Haslem,Al Horford,Joe Johnson,Josh Smith,Marvin Williams,Mike Bibby,4,7:02,MIA,rebound,,,,,,,,,,Udonis Haslem,,,,,,def,,
Carlos Arroyo,Daequan Cook,Dorell Wright,Jermaine O'Neal,Udonis Haslem,Al Horford,Joe Johnson,Josh Smith,Marvin Williams,Mike Bibby,4,6:54,MIA,shot,,,,,,,,,,Carlos Arroyo,2,,,made,,jump,38,20
Carlos Arroyo,Daequan Cook,Dorell Wright,Jermaine O'Neal,Udonis Haslem,Al Horford,Joe Johnson,Josh Smith,Marvin Williams,Mike Bibby,4,6:32,ATL,shot,Marvin Williams,,,,,,,,,Joe Johnson,2,,,made,,driving layup,29,5
Carlos Arroyo,Daequan Cook,Dorell Wright,Jermaine O'Neal,Udonis Haslem,Al Horford,Joe Johnson,Josh Smith,Marvin Williams,Mike Bibby,4,6:32,ATL,violation,,,,,,,,,,,,,,,,delay of game,,
Carlos Arroyo,Daequan Cook,Dorell Wright,Jermaine O'Neal,Udonis Haslem,Al Horford,Joe Johnson,Josh Smith,Marvin Williams,Mike Bibby,4,6:17,MIA,shot,,,,,,,,,,Daequan Cook,,,,missed,,jump,25,15
Carlos Arroyo,Daequan Cook,Dorell Wright,Jermaine O'Neal,Udonis Haslem,Al Horford,Joe Johnson,Josh Smith,Marvin Williams,Mike Bibby,4,6:16,ATL,rebound,,,,,,,,,,Josh Smith,,,,,,def,,
Carlos Arroyo,Daequan Cook,Dorell Wright,Jermaine O'Neal,Udonis Haslem,Al Horford,Joe Johnson,Josh Smith,Marvin Williams,Mike Bibby,4,6:02,ATL,shot,,,,,,,,,,Joe Johnson,,,,missed,,jump,28,15
Carlos Arroyo,Daequan Cook,Dorell Wright,Jermaine O'Neal,Udonis Haslem,Al Horford,Joe Johnson,Josh Smith,Marvin Williams,Mike Bibby,4,6:00,ATL,rebound,,,,,,,,,,Al Horford,,,,,,off,,
Carlos Arroyo,Daequan Cook,Dorell Wright,Jermaine O'Neal,Udonis Haslem,Al Horford,Joe Johnson,Josh Smith,Marvin Williams,Mike Bibby,4,5:58,ATL,shot,,,,,,,,,,Al Horford,,,,missed,,putback layup,25,6
Carlos Arroyo,Daequan Cook,Dorell Wright,Jermaine O'Neal,Udonis Haslem,Al Horford,Joe Johnson,Josh Smith,Marvin Williams,Mike Bibby,4,5:57,MIA,rebound,,,,,,,,,,Jermaine O'Neal,,,,,,def,,
Carlos Arroyo,Daequan Cook,Dorell Wright,Jermaine O'Neal,Udonis Haslem,Al Horford,Joe Johnson,Josh Smith,Marvin Williams,Mike Bibby,4,5:33,MIA,shot,,,,,,,,,,Jermaine O'Neal,,,,missed,,fade away jumper,32,26
Carlos Arroyo,Daequan Cook,Dorell Wright,Jermaine O'Neal,Udonis Haslem,Al Horford,Joe Johnson,Josh Smith,Marvin Williams,Mike Bibby,4,5:33,MIA,rebound,,,,,,,,,,,,,,,,,,
Carlos Arroyo,Daequan Cook,Dorell Wright,Jermaine O'Neal,Udonis Haslem,Al Horford,Joe Johnson,Josh Smith,Marvin Williams,Mike Bibby,4,5:33,MIA,turnover,,,,,,,,,,,,,shot clock turnover,,,,,
Carlos Arroyo,Daequan Cook,Dorell Wright,Jermaine O'Neal,Udonis Haslem,Al Horford,Joe Johnson,Josh Smith,Marvin Williams,Mike Bibby,4,5:12,ATL,shot,,,,,,,,,,Mike Bibby,,,,missed,,jump,32,24
Carlos Arroyo,Daequan Cook,Dorell Wright,Jermaine O'Neal,Udonis Haslem,Al Horford,Joe Johnson,Josh Smith,Marvin Williams,Mike Bibby,4,5:11,ATL,rebound,,,,,,,,,,Josh Smith,,,,,,off,,
Carlos Arroyo,Daequan Cook,Dorell Wright,Jermaine O'Neal,Udonis Haslem,Al Horford,Joe Johnson,Josh Smith,Marvin Williams,Mike Bibby,4,5:07,ATL,shot,,,,,,,,,,Marvin Williams,,,,missed,,layup,25,7
Carlos Arroyo,Daequan Cook,Dorell Wright,Jermaine O'Neal,Udonis Haslem,Al Horford,Joe Johnson,Josh Smith,Marvin Williams,Mike Bibby,4,5:05,MIA,rebound,,,,,,,,,,Carlos Arroyo,,,,,,def,,
Carlos Arroyo,Daequan Cook,Dorell Wright,Jermaine O'Neal,Udonis Haslem,Al Horford,Joe Johnson,Josh Smith,Marvin Williams,Mike Bibby,4,5:00,MIA,timeout,,,,,,,,,,,,,,,,regular,,
Daequan Cook,Dorell Wright,Dwyane Wade,Jermaine O'Neal,Udonis Haslem,Al Horford,Joe Johnson,Josh Smith,Marvin Williams,Mike Bibby,4,5:00,MIA,sub,,,,Dwyane Wade,,Carlos Arroyo,,,,,,,,,,,,
Daequan Cook,Dorell Wright,Dwyane Wade,Jermaine O'Neal,Udonis Haslem,Al Horford,Joe Johnson,Josh Smith,Marvin Williams,Mike Bibby,4,4:44,MIA,shot,Daequan Cook,,,,,,,,,Jermaine O'Neal,2,,,made,,fade away jumper,38,10
Daequan Cook,Dorell Wright,Dwyane Wade,Jermaine O'Neal,Udonis Haslem,Al Horford,Joe Johnson,Josh Smith,Marvin Williams,Mike Bibby,4,4:23,MIA,foul,,,,,,,,Josh Smith,,Udonis Haslem,,,,,,shooting,,
Daequan Cook,Dorell Wright,Dwyane Wade,Jermaine O'Neal,Udonis Haslem,Al Horford,Joe Johnson,Josh Smith,Marvin Williams,Mike Bibby,4,4:23,ATL,free throw,,,,,,,1,,2,Josh Smith,,,foul,missed,,,,
Daequan Cook,Dorell Wright,Dwyane Wade,Jermaine O'Neal,Udonis Haslem,Al Horford,Joe Johnson,Josh Smith,Marvin Williams,Mike Bibby,4,4:23,ATL,rebound,,,,,,,,,,,,,,,,,,
Daequan Cook,Dorell Wright,Dwyane Wade,Jermaine O'Neal,Udonis Haslem,Al Horford,Joe Johnson,Josh Smith,Marvin Williams,Mike Bibby,4,4:23,ATL,free throw,,,,,,,2,,2,Josh Smith,,,foul,made,,,,
Daequan Cook,Dorell Wright,Dwyane Wade,Jermaine O'Neal,Udonis Haslem,Al Horford,Joe Johnson,Josh Smith,Marvin Williams,Mike Bibby,4,4:07,MIA,turnover,,,,,,,,,,Daequan Cook,,,bad pass,,Mike Bibby,,,
Daequan Cook,Dorell Wright,Dwyane Wade,Jermaine O'Neal,Udonis Haslem,Al Horford,Joe Johnson,Josh Smith,Marvin Williams,Mike Bibby,4,4:07,MIA,foul,,,,,,,,Mike Bibby,,Udonis Haslem,,,,,,personal,,
Daequan Cook,Dorell Wright,Dwyane Wade,Jermaine O'Neal,Udonis Haslem,Al Horford,Joe Johnson,Josh Smith,Marvin Williams,Mike Bibby,4,3:51,ATL,shot,,,,,,,,,,Joe Johnson,,,,missed,,3pt,48,15
Daequan Cook,Dorell Wright,Dwyane Wade,Jermaine O'Neal,Udonis Haslem,Al Horford,Joe Johnson,Josh Smith,Marvin Williams,Mike Bibby,4,3:50,MIA,rebound,,,,,,,,,,Udonis Haslem,,,,,,def,,
Daequan Cook,Dorell Wright,Dwyane Wade,Jermaine O'Neal,Udonis Haslem,Al Horford,Joe Johnson,Josh Smith,Marvin Williams,Mike Bibby,4,3:50,ATL,foul,,,,,,,,Udonis Haslem,,Al Horford,,,,,,personal,,
Daequan Cook,Dorell Wright,Dwyane Wade,Jermaine O'Neal,Udonis Haslem,Al Horford,Joe Johnson,Josh Smith,Marvin Williams,Mike Bibby,4,3:30,MIA,turnover,,,,,,,,,,Jermaine O'Neal,,,bad pass,,Mike Bibby,,,
Daequan Cook,Dorell Wright,Dwyane Wade,Jermaine O'Neal,Udonis Haslem,Al Horford,Joe Johnson,Josh Smith,Marvin Williams,Mike Bibby,4,3:23,ATL,shot,,,,,,,,,,Marvin Williams,,,,missed,,layup,23,7
Daequan Cook,Dorell Wright,Dwyane Wade,Jermaine O'Neal,Udonis Haslem,Al Horford,Joe Johnson,Josh Smith,Marvin Williams,Mike Bibby,4,3:21,MIA,rebound,,,,,,,,,,Dwyane Wade,,,,,,def,,
Daequan Cook,Dorell Wright,Dwyane Wade,Jermaine O'Neal,Udonis Haslem,Al Horford,Joe Johnson,Josh Smith,Marvin Williams,Mike Bibby,4,3:16,MIA,shot,,,,,,,,,,Dwyane Wade,2,,,made,,running layup,27,6
Daequan Cook,Dorell Wright,Dwyane Wade,Jermaine O'Neal,Udonis Haslem,Al Horford,Joe Johnson,Josh Smith,Marvin Williams,Mike Bibby,4,2:54,ATL,shot,,,,,,,,,,Mike Bibby,,,,missed,,3pt,29,31
Daequan Cook,Dorell Wright,Dwyane Wade,Jermaine O'Neal,Udonis Haslem,Al Horford,Joe Johnson,Josh Smith,Marvin Williams,Mike Bibby,4,2:51,MIA,rebound,,,,,,,,,,Jermaine O'Neal,,,,,,def,,
Daequan Cook,Dorell Wright,Dwyane Wade,Jermaine O'Neal,Udonis Haslem,Al Horford,Joe Johnson,Josh Smith,Marvin Williams,Mike Bibby,4,2:35,MIA,shot,Dwyane Wade,,,,,,,,,Udonis Haslem,2,,,made,,jump,7,11
Daequan Cook,Dorell Wright,Dwyane Wade,Jermaine O'Neal,Udonis Haslem,Al Horford,Joe Johnson,Josh Smith,Marvin Williams,Mike Bibby,4,2:34,ATL,timeout,,,,,,,,,,,,,,,,regular,,
Daequan Cook,Dorell Wright,Dwyane Wade,Jermaine O'Neal,Udonis Haslem,Al Horford,Joe Johnson,Josh Smith,Marvin Williams,Mike Bibby,4,2:14,ATL,shot,Mike Bibby,,,,,,,,,Joe Johnson,2,,,made,,driving jump,20,10
Daequan Cook,Dorell Wright,Dwyane Wade,Jermaine O'Neal,Udonis Haslem,Al Horford,Joe Johnson,Josh Smith,Marvin Williams,Mike Bibby,4,1:48,MIA,shot,Dwyane Wade,,,,,,,,,Daequan Cook,3,,,made,,3pt,48,13
Daequan Cook,Dorell Wright,Dwyane Wade,Jermaine O'Neal,Udonis Haslem,Al Horford,Joe Johnson,Josh Smith,Marvin Williams,Mike Bibby,4,1:38,ATL,shot,,,,,,,,,,Mike Bibby,,,,missed,,3pt,49,9
Daequan Cook,Dorell Wright,Dwyane Wade,Jermaine O'Neal,Udonis Haslem,Al Horford,Joe Johnson,Josh Smith,Marvin Williams,Mike Bibby,4,1:36,MIA,rebound,,,,,,,,,,Jermaine O'Neal,,,,,,def,,
Daequan Cook,Dorell Wright,Dwyane Wade,Jermaine O'Neal,Udonis Haslem,Al Horford,Joe Johnson,Josh Smith,Marvin Williams,Mike Bibby,4,1:16,MIA,shot,Dwyane Wade,,,,,,,,,Daequan Cook,2,,,made,,running jump,12,10
Daequan Cook,Dorell Wright,Dwyane Wade,Jermaine O'Neal,Udonis Haslem,Al Horford,Joe Johnson,Josh Smith,Marvin Williams,Mike Bibby,4,1:02,ATL,shot,,,,,,,,,,Al Horford,,,,missed,,turnaround jump,28,12
Daequan Cook,Dorell Wright,Dwyane Wade,Jermaine O'Neal,Udonis Haslem,Al Horford,Joe Johnson,Josh Smith,Marvin Williams,Mike Bibby,4,0:59,MIA,rebound,,,,,,,,,,Udonis Haslem,,,,,,def,,
Daequan Cook,Dorell Wright,Dwyane Wade,Jermaine O'Neal,Udonis Haslem,Al Horford,Joe Johnson,Josh Smith,Marvin Williams,Mike Bibby,4,0:54,ATL,foul,,,,,,,,Dwyane Wade,,Mike Bibby,,,,,,personal,,
Daequan Cook,Dorell Wright,Dwyane Wade,Jermaine O'Neal,Udonis Haslem,Al Horford,Jeff Teague,Joe Johnson,Josh Smith,Marvin Williams,4,0:54,ATL,sub,,,,Jeff Teague,,Mike Bibby,,,,,,,,,,,,
Daequan Cook,Dorell Wright,Dwyane Wade,Jermaine O'Neal,Udonis Haslem,Al Horford,Jeff Teague,Josh Smith,Mario West,Marvin Williams,4,0:54,ATL,sub,,,,Mario West,,Joe Johnson,,,,,,,,,,,,
Daequan Cook,Dorell Wright,Dwyane Wade,Joel Anthony,Udonis Haslem,Al Horford,Jeff Teague,Josh Smith,Mario West,Marvin Williams,4,0:54,MIA,sub,,,,Joel Anthony,,Jermaine O'Neal,,,,,,,,,,,,
Daequan Cook,Dorell Wright,Dwyane Wade,Joel Anthony,Udonis Haslem,Al Horford,Jeff Teague,Josh Smith,Mario West,Marvin Williams,4,0:39,ATL,foul,,,,,,,,Dwyane Wade,,Mario West,,,,,,shooting,,
Daequan Cook,Dorell Wright,Dwyane Wade,Joel Anthony,Udonis Haslem,Al Horford,Jeff Teague,Josh Smith,Mario West,Marvin Williams,4,0:39,MIA,free throw,,,,,,,1,,3,Dwyane Wade,,,foul,missed,,,,
Daequan Cook,Dorell Wright,Dwyane Wade,Joel Anthony,Udonis Haslem,Al Horford,Jeff Teague,Josh Smith,Mario West,Marvin Williams,4,0:39,MIA,rebound,,,,,,,,,,,,,,,,,,
Daequan Cook,Dorell Wright,Dwyane Wade,Joel Anthony,Udonis Haslem,Al Horford,Jeff Teague,Josh Smith,Mario West,Marvin Williams,4,0:39,MIA,free throw,,,,,,,2,,3,Dwyane Wade,,,foul,made,,,,
Daequan Cook,Dorell Wright,Dwyane Wade,Joel Anthony,Udonis Haslem,Al Horford,Jeff Teague,Josh Smith,Mario West,Marvin Williams,4,0:39,MIA,free throw,,,,,,,3,,3,Dwyane Wade,,,foul,made,,,,
Daequan Cook,Dorell Wright,Dwyane Wade,Joel Anthony,Udonis Haslem,Al Horford,Jeff Teague,Josh Smith,Mario West,Marvin Williams,4,0:38,MIA,foul,,,,,,,,Jeff Teague,,Daequan Cook,,,,,,personal,,
Carlos Arroyo,Daequan Cook,Dorell Wright,Joel Anthony,Udonis Haslem,Al Horford,Jeff Teague,Josh Smith,Mario West,Marvin Williams,4,0:38,MIA,sub,,,,Carlos Arroyo,,Dwyane Wade,,,,,,,,,,,,
Carlos Arroyo,Daequan Cook,Dorell Wright,Joel Anthony,Udonis Haslem,Al Horford,Jeff Teague,Josh Smith,Mario West,Marvin Williams,4,0:29,ATL,shot,,,,,,,,,,Josh Smith,,,,missed,,jump,41,18
Carlos Arroyo,Daequan Cook,Dorell Wright,Joel Anthony,Udonis Haslem,Al Horford,Jeff Teague,Josh Smith,Mario West,Marvin Williams,4,0:28,MIA,rebound,,,,,,,,,,Daequan Cook,,,,,,def,,
Carlos Arroyo,Daequan Cook,Dorell Wright,Joel Anthony,Udonis Haslem,Al Horford,Jeff Teague,Josh Smith,Mario West,Marvin Williams,4,0:03,MIA,shot,,,,,,,,,,Carlos Arroyo,,,,missed,,fade away jumper,9,16
Carlos Arroyo,Daequan Cook,Dorell Wright,Joel Anthony,Udonis Haslem,Al Horford,Jeff Teague,Josh Smith,Mario West,Marvin Williams,4,0:00,ATL,rebound,,,,,,,,,,Jeff Teague,,,,,,def,,
