a1,a2,a3,a4,a5,h1,h2,h3,h4,h5,period,time,team,etype,assist,away,block,entered,home,left,num,opponent,outof,player,points,possession,reason,result,steal,type,x,y
Anthony Parker,J.J. Hickson,LeBron James,Mo Williams,Shaquille O'Neal,Arron Afflalo,Chauncey Billups,Joey Graham,Kenyon Martin,Nene Hilario,1,12:00,OFF,jump ball,,Shaquille O'Neal,,,Nene Hilario,,,,,,,J.J. Hickson,,,,,,
Anthony Parker,J.J. Hickson,LeBron James,Mo Williams,Shaquille O'Neal,Arron Afflalo,Chauncey Billups,Joey Graham,Kenyon Martin,Nene Hilario,1,11:41,CLE,shot,LeBron James,,,,,,,,,Shaquille O'Neal,2,,,made,,turnaround jump,23,11
Anthony Parker,J.J. Hickson,LeBron James,Mo Williams,Shaquille O'Neal,Arron Afflalo,Chauncey Billups,Joey Graham,Kenyon Martin,Nene Hilario,1,11:18,DEN,shot,,,,,,,,,,Kenyon Martin,,,,missed,,jump,14,21
Anthony Parker,J.J. Hickson,LeBron James,Mo Williams,Shaquille O'Neal,Arron Afflalo,Chauncey Billups,Joey Graham,Kenyon Martin,Nene Hilario,1,11:18,CLE,rebound,,,,,,,,,,Shaquille O'Neal,,,,,,def,,
Anthony Parker,J.J. Hickson,LeBron James,Mo Williams,Shaquille O'Neal,Arron Afflalo,Chauncey Billups,Joey Graham,Kenyon Martin,Nene Hilario,1,11:02,CLE,shot,,,,,,,,,,J.J. Hickson,,,,missed,,fade away jumper,35,8
Anthony Parker,J.J. Hickson,LeBron James,Mo Williams,Shaquille O'Neal,Arron Afflalo,Chauncey Billups,Joey Graham,Kenyon Martin,Nene Hilario,1,11:02,DEN,rebound,,,,,,,,,,Kenyon Martin,,,,,,def,,
Anthony Parker,J.J. Hickson,LeBron James,Mo Williams,Shaquille O'Neal,Arron Afflalo,Chauncey Billups,Joey Graham,Kenyon Martin,Nene Hilario,1,10:47,DEN,shot,,,,,,,,,,Chauncey Billups,,,,missed,,turnaround fade away,39,11
Anthony Parker,J.J. Hickson,LeBron James,Mo Williams,Shaquille O'Neal,Arron Afflalo,Chauncey Billups,Joey Graham,Kenyon Martin,Nene Hilario,1,10:46,CLE,rebound,,,,,,,,,,J.J. Hickson,,,,,,def,,
Anthony Parker,J.J. Hickson,LeBron James,Mo Williams,Shaquille O'Neal,Arron Afflalo,Chauncey Billups,Joey Graham,Kenyon Martin,Nene Hilario,1,10:38,CLE,shot,Mo Williams,,,,,,,,,Shaquille O'Neal,2,,,made,,dunk,25,6
Anthony Parker,J.J. Hickson,LeBron James,Mo Williams,Shaquille O'Neal,Arron Afflalo,Chauncey Billups,Joey Graham,Kenyon Martin,Nene Hilario,1,10:21,DEN,shot,Chauncey Billups,,,,,,,,,Kenyon Martin,2,,,made,,jump,19,12
Anthony Parker,J.J. Hickson,LeBron James,Mo Williams,Shaquille O'Neal,Arron Afflalo,Chauncey Billups,Joey Graham,Kenyon Martin,Nene Hilario,1,10:15,CLE,turnover,,,,,,,,,,Mo Williams,,,bad pass,,Joey Graham,,,
Anthony Parker,J.J. Hickson,LeBron James,Mo Williams,Shaquille O'Neal,Arron Afflalo,Chauncey Billups,Joey Graham,Kenyon Martin,Nene Hilario,1,10:06,CLE,foul,,,,,,,,,,Shaquille O'Neal,,,,,,defense 3 second,,
Anthony Parker,J.J. Hickson,LeBron James,Mo Williams,Shaquille O'Neal,Arron Afflalo,Chauncey Billups,Joey Graham,Kenyon Martin,Nene Hilario,1,10:06,DEN,free throw,,,,,,,1,,1,Chauncey Billups,,,technical,made,,,,
Anthony Parker,J.J. Hickson,LeBron James,Mo Williams,Shaquille O'Neal,Arron Afflalo,Chauncey Billups,Joey Graham,Kenyon Martin,Nene Hilario,1,10:00,DEN,shot,,,,,,,,,,Chauncey Billups,2,,,made,,driving finger roll layup,25,6
Anthony Parker,J.J. Hickson,LeBron James,Mo Williams,Shaquille O'Neal,Arron Afflalo,Chauncey Billups,Joey Graham,Kenyon Martin,Nene Hilario,1,9:34,CLE,shot,,,,,,,,,,Anthony Parker,2,,,made,,fade away bank,33,13
Anthony Parker,J.J. Hickson,LeBron James,Mo Williams,Shaquille O'Neal,Arron Afflalo,Chauncey Billups,Joey Graham,Kenyon Martin,Nene Hilario,1,9:19,DEN,shot,,,,,,,,,,Nene Hilario,,,,missed,,jump,,
Anthony Parker,J.J. Hickson,LeBron James,Mo Williams,Shaquille O'Neal,Arron Afflalo,Chauncey Billups,Joey Graham,Kenyon Martin,Nene Hilario,1,9:18,CLE,rebound,,,,,,,,,,J.J. Hickson,,,,,,def,,
Anthony Parker,J.J. Hickson,LeBron James,Mo Williams,Shaquille O'Neal,Arron Afflalo,Chauncey Billups,Joey Graham,Kenyon Martin,Nene Hilario,1,9:00,CLE,shot,Anthony Parker,,,,,,,,,J.J. Hickson,2,,,made,,jump hook,25,11
Anthony Parker,J.J. Hickson,LeBron James,Mo Williams,Shaquille O'Neal,Arron Afflalo,Chauncey Billups,Joey Graham,Kenyon Martin,Nene Hilario,1,8:55,CLE,foul,,,,,,,,Chauncey Billups,,Shaquille O'Neal,,,,,,personal,,
Anthony Parker,J.J. Hickson,LeBron James,Mo Williams,Shaquille O'Neal,Arron Afflalo,Chauncey Billups,Joey Graham,Kenyon Martin,Nene Hilario,1,8:44,DEN,shot,,,,,,,,,,Kenyon Martin,,,,missed,,jump,25,28
Anthony Parker,J.J. Hickson,LeBron James,Mo Williams,Shaquille O'Neal,Arron Afflalo,Chauncey Billups,Joey Graham,Kenyon Martin,Nene Hilario,1,8:43,CLE,rebound,,,,,,,,,,Shaquille O'Neal,,,,,,def,,
Anthony Parker,J.J. Hickson,LeBron James,Mo Williams,Shaquille O'Neal,Arron Afflalo,Chauncey Billups,Joey Graham,Kenyon Martin,Nene Hilario,1,8:27,CLE,shot,,,,,,,,,,LeBron James,,,,missed,,jump,7,13
Anthony Parker,J.J. Hickson,LeBron James,Mo Williams,Shaquille O'Neal,Arron Afflalo,Chauncey Billups,Joey Graham,Kenyon Martin,Nene Hilario,1,8:26,DEN,rebound,,,,,,,,,,Kenyon Martin,,,,,,def,,
Anthony Parker,J.J. Hickson,LeBron James,Mo Williams,Shaquille O'Neal,Arron Afflalo,Chauncey Billups,Joey Graham,Kenyon Martin,Nene Hilario,1,8:17,DEN,shot,,,,,,,,,,Joey Graham,2,,,made,,turnaround jump,19,13
Anthony Parker,J.J. Hickson,LeBron James,Mo Williams,Shaquille O'Neal,Arron Afflalo,Chauncey Billups,Joey Graham,Kenyon Martin,Nene Hilario,1,7:52,CLE,shot,Anthony Parker,,,,,,,,,Mo Williams,3,,,made,,3pt,17,30
Anthony Parker,J.J. Hickson,LeBron James,Mo Williams,Shaquille O'Neal,Arron Afflalo,Chauncey Billups,Joey Graham,Kenyon Martin,Nene Hilario,1,7:49,CLE,foul,,,,,,,,Chauncey Billups,,J.J. Hickson,,,,,,personal,,
Anthony Parker,J.J. Hickson,LeBron James,Mo Williams,Shaquille O'Neal,Arron Afflalo,Chauncey Billups,Joey Graham,Kenyon Martin,Nene Hilario,1,7:35,DEN,shot,Kenyon Martin,,,,,,,,,Nene Hilario,2,,,made,,jump hook,,
Anthony Parker,J.J. Hickson,LeBron James,Mo Williams,Shaquille O'Neal,Arron Afflalo,Chauncey Billups,Joey Graham,Kenyon Martin,Nene Hilario,1,7:25,CLE,shot,,,,,,,,,,Shaquille O'Neal,,,,missed,,layup,25,6
Anthony Parker,J.J. Hickson,LeBron James,Mo Williams,Shaquille O'Neal,Arron Afflalo,Chauncey Billups,Joey Graham,Kenyon Martin,Nene Hilario,1,7:24,CLE,rebound,,,,,,,,,,Shaquille O'Neal,,,,,,off,,
Anthony Parker,J.J. Hickson,LeBron James,Mo Williams,Shaquille O'Neal,Arron Afflalo,Chauncey Billups,Joey Graham,Kenyon Martin,Nene Hilario,1,7:24,DEN,foul,,,,,,,,Shaquille O'Neal,,Chauncey Billups,,,,,,shooting,,
Anthony Parker,J.J. Hickson,LeBron James,Mo Williams,Shaquille O'Neal,Arron Afflalo,Chauncey Billups,Joey Graham,Kenyon Martin,Nene Hilario,1,7:24,CLE,free throw,,,,,,,1,,2,Shaquille O'Neal,,,foul,missed,,,,
Anthony Parker,J.J. Hickson,LeBron James,Mo Williams,Shaquille O'Neal,Arron Afflalo,Chauncey Billups,Joey Graham,Kenyon Martin,Nene Hilario,1,7:24,CLE,rebound,,,,,,,,,,,,,,,,,,
Anthony Parker,J.J. Hickson,LeBron James,Mo Williams,Shaquille O'Neal,Arron Afflalo,Chauncey Billups,Joey Graham,Kenyon Martin,Nene Hilario,1,7:24,CLE,free throw,,,,,,,2,,2,Shaquille O'Neal,,,foul,made,,,,
Anthony Parker,J.J. Hickson,LeBron James,Mo Williams,Shaquille O'Neal,Arron Afflalo,Chauncey Billups,Joey Graham,Kenyon Martin,Nene Hilario,1,7:04,DEN,shot,Nene Hilario,,,,,,,,,Kenyon Martin,2,,,made,,running jump,19,12
Anthony Parker,J.J. Hickson,LeBron James,Mo Williams,Shaquille O'Neal,Arron Afflalo,Chauncey Billups,Joey Graham,Kenyon Martin,Nene Hilario,1,6:54,CLE,shot,,,,,,,,,,J.J. Hickson,,,,missed,,jump,24,26
Anthony Parker,J.J. Hickson,LeBron James,Mo Williams,Shaquille O'Neal,Arron Afflalo,Chauncey Billups,Joey Graham,Kenyon Martin,Nene Hilario,1,6:53,DEN,rebound,,,,,,,,,,Kenyon Martin,,,,,,def,,
Anthony Parker,J.J. Hickson,LeBron James,Mo Williams,Shaquille O'Neal,Arron Afflalo,Chauncey Billups,Joey Graham,Kenyon Martin,Nene Hilario,1,6:42,DEN,shot,,,,,,,,,,Chauncey Billups,3,,,made,,3pt,25,31
Anthony Parker,J.J. Hickson,LeBron James,Mo Williams,Shaquille O'Neal,Arron Afflalo,Chauncey Billups,Joey Graham,Kenyon Martin,Nene Hilario,1,6:31,CLE,turnover,,,,,,,,,,LeBron James,,,step out of bounds turnover,,,,,
Anthony Parker,J.J. Hickson,LeBron James,Mo Williams,Shaquille O'Neal,Arron Afflalo,Chauncey Billups,Joey Graham,Kenyon Martin,Nene Hilario,1,6:07,DEN,shot,Nene Hilario,,,,,,,,,Kenyon Martin,3,,,made,,3pt,45,23
Anthony Parker,J.J. Hickson,LeBron James,Mo Williams,Shaquille O'Neal,Arron Afflalo,Chauncey Billups,Joey Graham,Kenyon Martin,Nene Hilario,1,5:47,CLE,shot,,,,,,,,,,LeBron James,,,,missed,,3pt,47,16
Anthony Parker,J.J. Hickson,LeBron James,Mo Williams,Shaquille O'Neal,Arron Afflalo,Chauncey Billups,Joey Graham,Kenyon Martin,Nene Hilario,1,5:46,CLE,rebound,,,,,,,,,,J.J. Hickson,,,,,,off,,
Anthony Parker,J.J. Hickson,LeBron James,Mo Williams,Shaquille O'Neal,Arron Afflalo,Chauncey Billups,Joey Graham,Kenyon Martin,Nene Hilario,1,5:37,CLE,shot,Mo Williams,,,,,,,,,Shaquille O'Neal,2,,,made,,jump hook,23,12
Anthony Parker,J.J. Hickson,LeBron James,Mo Williams,Shaquille O'Neal,Arron Afflalo,Chauncey Billups,Joey Graham,Kenyon Martin,Nene Hilario,1,5:22,DEN,shot,,,,,,,,,,Chauncey Billups,2,,,made,,driving layup,25,6
Anthony Parker,J.J. Hickson,LeBron James,Mo Williams,Shaquille O'Neal,Arron Afflalo,Chauncey Billups,Joey Graham,Kenyon Martin,Nene Hilario,1,5:05,DEN,foul,,,,,,,,Anthony Parker,,Chauncey Billups,,,,,,personal,,
Anthony Parker,J.J. Hickson,LeBron James,Mo Williams,Shaquille O'Neal,Arron Afflalo,Chauncey Billups,Joey Graham,Kenyon Martin,Nene Hilario,1,5:05,DEN,timeout,,,,,,,,,,,,,,,,regular,,
Anderson Varejao,Anthony Parker,LeBron James,Mo Williams,Shaquille O'Neal,Arron Afflalo,Chauncey Billups,Joey Graham,Kenyon Martin,Nene Hilario,1,5:05,CLE,sub,,,,Anderson Varejao,,J.J. Hickson,,,,,,,,,,,,
Anderson Varejao,Anthony Parker,LeBron James,Mo Williams,Zydrunas Ilgauskas,Arron Afflalo,Chauncey Billups,Joey Graham,Kenyon Martin,Nene Hilario,1,5:05,CLE,sub,,,,Zydrunas Ilgauskas,,Shaquille O'Neal,,,,,,,,,,,,
Anderson Varejao,Anthony Parker,LeBron James,Mo Williams,Zydrunas Ilgauskas,Arron Afflalo,Chauncey Billups,Joey Graham,Kenyon Martin,Nene Hilario,1,5:02,CLE,shot,Zydrunas Ilgauskas,,,,,,,,,LeBron James,2,,,made,,alley oop layup,25,6
Anderson Varejao,Anthony Parker,LeBron James,Mo Williams,Zydrunas Ilgauskas,Arron Afflalo,Chauncey Billups,Joey Graham,Kenyon Martin,Nene Hilario,1,5:02,DEN,foul,,,,,,,,LeBron James,,Joey Graham,,,,,,shooting,,
Anderson Varejao,Anthony Parker,LeBron James,Mo Williams,Zydrunas Ilgauskas,Arron Afflalo,Chauncey Billups,Joey Graham,Kenyon Martin,Nene Hilario,1,5:02,CLE,free throw,,,,,,,1,,1,LeBron James,,,foul,made,,,,
Anderson Varejao,Anthony Parker,LeBron James,Mo Williams,Zydrunas Ilgauskas,Arron Afflalo,Chauncey Billups,Joey Graham,Kenyon Martin,Nene Hilario,1,4:52,DEN,turnover,,,,,,,,,,Chauncey Billups,,,bad pass,,Anthony Parker,,,
Anderson Varejao,Anthony Parker,LeBron James,Mo Williams,Zydrunas Ilgauskas,Arron Afflalo,Chauncey Billups,Joey Graham,Kenyon Martin,Nene Hilario,1,4:47,CLE,shot,Anthony Parker,,,,,,,,,LeBron James,2,,,made,,layup,25,6
Anderson Varejao,Anthony Parker,LeBron James,Mo Williams,Zydrunas Ilgauskas,Arron Afflalo,Chauncey Billups,Joey Graham,Kenyon Martin,Nene Hilario,1,4:35,CLE,foul,,,,,,,,Chauncey Billups,,Mo Williams,,,,,,personal,,
Anderson Varejao,Anthony Parker,LeBron James,Mo Williams,Zydrunas Ilgauskas,Arron Afflalo,Chauncey Billups,Joey Graham,Kenyon Martin,Nene Hilario,1,4:24,DEN,shot,,,,,,,,,,Nene Hilario,,,,missed,,hook,,
Anderson Varejao,Anthony Parker,LeBron James,Mo Williams,Zydrunas Ilgauskas,Arron Afflalo,Chauncey Billups,Joey Graham,Kenyon Martin,Nene Hilario,1,4:23,CLE,rebound,,,,,,,,,,Zydrunas Ilgauskas,,,,,,def,,
Anderson Varejao,Anthony Parker,LeBron James,Mo Williams,Zydrunas Ilgauskas,Arron Afflalo,Chauncey Billups,Joey Graham,Kenyon Martin,Nene Hilario,1,4:13,CLE,shot,,,,,,,,,,Zydrunas Ilgauskas,,,,missed,,jump,36,22
Anderson Varejao,Anthony Parker,LeBron James,Mo Williams,Zydrunas Ilgauskas,Arron Afflalo,Chauncey Billups,Joey Graham,Kenyon Martin,Nene Hilario,1,4:12,DEN,rebound,,,,,,,,,,Kenyon Martin,,,,,,def,,
Anderson Varejao,Anthony Parker,LeBron James,Mo Williams,Zydrunas Ilgauskas,Arron Afflalo,Chauncey Billups,Joey Graham,Kenyon Martin,Nene Hilario,1,4:09,CLE,foul,,,,,,,,Chauncey Billups,,Mo Williams,,,,,,personal,,
Anderson Varejao,Anthony Parker,LeBron James,Mo Williams,Zydrunas Ilgauskas,Arron Afflalo,Chauncey Billups,Chris Andersen,Joey Graham,Kenyon Martin,1,4:09,DEN,sub,,,,Chris Andersen,,Nene Hilario,,,,,,,,,,,,
Anderson Varejao,Anthony Parker,LeBron James,Mo Williams,Zydrunas Ilgauskas,Chauncey Billups,Chris Andersen,J.R. Smith,Joey Graham,Kenyon Martin,1,4:09,DEN,sub,,,,J.R. Smith,,Arron Afflalo,,,,,,,,,,,,
Anderson Varejao,Anthony Parker,Delonte West,LeBron James,Zydrunas Ilgauskas,Chauncey Billups,Chris Andersen,J.R. Smith,Joey Graham,Kenyon Martin,1,4:09,CLE,sub,,,,Delonte West,,Mo Williams,,,,,,,,,,,,
Anderson Varejao,Anthony Parker,Delonte West,LeBron James,Zydrunas Ilgauskas,Chauncey Billups,Chris Andersen,J.R. Smith,Joey Graham,Kenyon Martin,1,3:56,DEN,shot,,,,,,,,,,Joey Graham,,,,missed,,jump bank,19,11
Anderson Varejao,Anthony Parker,Delonte West,LeBron James,Zydrunas Ilgauskas,Chauncey Billups,Chris Andersen,J.R. Smith,Joey Graham,Kenyon Martin,1,3:55,DEN,rebound,,,,,,,,,,Kenyon Martin,,,,,,off,,
Anderson Varejao,Anthony Parker,Delonte West,LeBron James,Zydrunas Ilgauskas,Chauncey Billups,Chris Andersen,J.R. Smith,Joey Graham,Kenyon Martin,1,3:54,DEN,shot,,,,,,,,,,Kenyon Martin,2,,,made,,putback dunk,25,6
Anderson Varejao,Anthony Parker,Delonte West,LeBron James,Zydrunas Ilgauskas,Chauncey Billups,Chris Andersen,J.R. Smith,Joey Graham,Kenyon Martin,1,3:37,CLE,shot,LeBron James,,,,,,,,,Anthony Parker,3,,,made,,3pt,12,28
Anderson Varejao,Anthony Parker,Delonte West,LeBron James,Zydrunas Ilgauskas,Chauncey Billups,Chris Andersen,J.R. Smith,Joey Graham,Kenyon Martin,1,3:24,DEN,shot,Chauncey Billups,,,,,,,,,J.R. Smith,2,,,made,,driving finger roll layup,25,6
Anderson Varejao,Anthony Parker,Delonte West,LeBron James,Zydrunas Ilgauskas,Chauncey Billups,Chris Andersen,J.R. Smith,Joey Graham,Kenyon Martin,1,2:57,CLE,shot,,,,,,,,,,Zydrunas Ilgauskas,,,,missed,,3pt,48,8
Anderson Varejao,Anthony Parker,Delonte West,LeBron James,Zydrunas Ilgauskas,Chauncey Billups,Chris Andersen,J.R. Smith,Joey Graham,Kenyon Martin,1,2:56,DEN,rebound,,,,,,,,,,Chauncey Billups,,,,,,def,,
Anderson Varejao,Anthony Parker,Delonte West,LeBron James,Zydrunas Ilgauskas,Chauncey Billups,Chris Andersen,J.R. Smith,Joey Graham,Kenyon Martin,1,2:53,CLE,foul,,,,,,,,Joey Graham,,Anderson Varejao,,,,,,shooting,,
Anderson Varejao,Anthony Parker,Delonte West,LeBron James,Zydrunas Ilgauskas,Chauncey Billups,Chris Andersen,J.R. Smith,Joey Graham,Kenyon Martin,1,2:53,CLE,timeout,,,,,,,,,,,,,,,,regular,,
Anderson Varejao,Anthony Parker,Delonte West,LeBron James,Zydrunas Ilgauskas,Anthony Carter,Chris Andersen,J.R. Smith,Joey Graham,Kenyon Martin,1,2:53,DEN,sub,,,,Anthony Carter,,Chauncey Billups,,,,,,,,,,,,
Anderson Varejao,Anthony Parker,Delonte West,LeBron James,Zydrunas Ilgauskas,Anthony Carter,Chris Andersen,J.R. Smith,Joey Graham,Kenyon Martin,1,2:53,DEN,free throw,,,,,,,1,,2,Joey Graham,,,foul,missed,,,,
Anderson Varejao,Anthony Parker,Delonte West,LeBron James,Zydrunas Ilgauskas,Anthony Carter,Chris Andersen,J.R. Smith,Joey Graham,Kenyon Martin,1,2:53,DEN,rebound,,,,,,,,,,,,,,,,,,
Anderson Varejao,Anthony Parker,Delonte West,LeBron James,Zydrunas Ilgauskas,Anthony Carter,Chris Andersen,J.R. Smith,Joey Graham,Kenyon Martin,1,2:53,DEN,free throw,,,,,,,2,,2,Joey Graham,,,foul,made,,,,
Anderson Varejao,Anthony Parker,Delonte West,LeBron James,Zydrunas Ilgauskas,Anthony Carter,Chris Andersen,J.R. Smith,Joey Graham,Kenyon Martin,1,2:43,CLE,turnover,,,,,,,,,,LeBron James,,,traveling,,,,,
Anderson Varejao,Anthony Parker,Delonte West,LeBron James,Zydrunas Ilgauskas,Anthony Carter,Chris Andersen,J.R. Smith,Joey Graham,Kenyon Martin,1,2:30,DEN,shot,,,,,,,,,,Kenyon Martin,2,,,made,,turnaround jump,30,9
Anderson Varejao,Anthony Parker,Delonte West,LeBron James,Zydrunas Ilgauskas,Anthony Carter,Chris Andersen,J.R. Smith,Joey Graham,Kenyon Martin,1,2:08,CLE,shot,,,,,,,,,,LeBron James,,,,missed,,driving layup,25,6
Anderson Varejao,Anthony Parker,Delonte West,LeBron James,Zydrunas Ilgauskas,Anthony Carter,Chris Andersen,J.R. Smith,Joey Graham,Kenyon Martin,1,2:07,DEN,rebound,,,,,,,,,,Joey Graham,,,,,,def,,
Anderson Varejao,Anthony Parker,Delonte West,LeBron James,Zydrunas Ilgauskas,Anthony Carter,Chris Andersen,J.R. Smith,Joey Graham,Kenyon Martin,1,2:04,DEN,shot,,,,,,,,,,J.R. Smith,,,,missed,,3pt,41,27
Anderson Varejao,Anthony Parker,Delonte West,LeBron James,Zydrunas Ilgauskas,Anthony Carter,Chris Andersen,J.R. Smith,Joey Graham,Kenyon Martin,1,2:03,DEN,rebound,,,,,,,,,,Joey Graham,,,,,,off,,
Anderson Varejao,Anthony Parker,Delonte West,LeBron James,Zydrunas Ilgauskas,Anthony Carter,Chris Andersen,J.R. Smith,Joey Graham,Kenyon Martin,1,2:00,DEN,shot,,,Delonte West,,,,,,,Joey Graham,,,,missed,,layup,25,6
Anderson Varejao,Anthony Parker,Delonte West,LeBron James,Zydrunas Ilgauskas,Anthony Carter,Chris Andersen,J.R. Smith,Joey Graham,Kenyon Martin,1,1:55,CLE,rebound,,,,,,,,,,Anderson Varejao,,,,,,def,,
Anderson Varejao,Anthony Parker,Delonte West,LeBron James,Zydrunas Ilgauskas,Anthony Carter,Chris Andersen,J.R. Smith,Joey Graham,Kenyon Martin,1,1:50,DEN,foul,,,,,,,,LeBron James,,Anthony Carter,,,,,,shooting,,
Anderson Varejao,Daniel Gibson,Delonte West,LeBron James,Zydrunas Ilgauskas,Anthony Carter,Chris Andersen,J.R. Smith,Joey Graham,Kenyon Martin,1,1:50,CLE,sub,,,,Daniel Gibson,,Anthony Parker,,,,,,,,,,,,
Anderson Varejao,Daniel Gibson,Delonte West,LeBron James,Zydrunas Ilgauskas,Anthony Carter,Chris Andersen,J.R. Smith,Joey Graham,Kenyon Martin,1,1:50,CLE,free throw,,,,,,,1,,2,LeBron James,,,foul,made,,,,
Anderson Varejao,Daniel Gibson,Delonte West,LeBron James,Zydrunas Ilgauskas,Anthony Carter,Chris Andersen,J.R. Smith,Joey Graham,Kenyon Martin,1,1:50,CLE,free throw,,,,,,,2,,2,LeBron James,,,foul,made,,,,
Anderson Varejao,Daniel Gibson,Delonte West,LeBron James,Zydrunas Ilgauskas,Anthony Carter,Chris Andersen,J.R. Smith,Joey Graham,Kenyon Martin,1,1:35,DEN,shot,Anthony Carter,,,,,,,,,Chris Andersen,2,,,made,,jump,8,12
Anderson Varejao,Daniel Gibson,Delonte West,LeBron James,Zydrunas Ilgauskas,Anthony Carter,Chris Andersen,J.R. Smith,Joey Graham,Kenyon Martin,1,1:22,CLE,shot,,,,,,,,,,Daniel Gibson,,,,missed,,3pt,46,19
Anderson Varejao,Daniel Gibson,Delonte West,LeBron James,Zydrunas Ilgauskas,Anthony Carter,Chris Andersen,J.R. Smith,Joey Graham,Kenyon Martin,1,1:21,DEN,rebound,,,,,,,,,,,,,,,,,,
Anderson Varejao,Daniel Gibson,Delonte West,LeBron James,Zydrunas Ilgauskas,Anthony Carter,Chris Andersen,J.R. Smith,Joey Graham,Kenyon Martin,1,1:06,DEN,shot,,,,,,,,,,Kenyon Martin,,,,missed,,jump,18,13
Anderson Varejao,Daniel Gibson,Delonte West,LeBron James,Zydrunas Ilgauskas,Anthony Carter,Chris Andersen,J.R. Smith,Joey Graham,Kenyon Martin,1,1:05,CLE,rebound,,,,,,,,,,Zydrunas Ilgauskas,,,,,,def,,
Anderson Varejao,Daniel Gibson,Delonte West,LeBron James,Zydrunas Ilgauskas,Anthony Carter,Chris Andersen,J.R. Smith,Joey Graham,Kenyon Martin,1,0:57,DEN,foul,,,,,,,,Anderson Varejao,,Chris Andersen,,,,,,shooting,,
Anderson Varejao,Daniel Gibson,Delonte West,LeBron James,Zydrunas Ilgauskas,Anthony Carter,Chris Andersen,J.R. Smith,Joey Graham,Kenyon Martin,1,0:57,CLE,free throw,,,,,,,1,,2,Anderson Varejao,,,foul,missed,,,,
Anderson Varejao,Daniel Gibson,Delonte West,LeBron James,Zydrunas Ilgauskas,Anthony Carter,Chris Andersen,J.R. Smith,Joey Graham,Kenyon Martin,1,0:57,CLE,rebound,,,,,,,,,,,,,,,,,,
Anderson Varejao,Daniel Gibson,Delonte West,LeBron James,Zydrunas Ilgauskas,Anthony Carter,Chris Andersen,J.R. Smith,Joey Graham,Kenyon Martin,1,0:57,CLE,free throw,,,,,,,2,,2,Anderson Varejao,,,foul,missed,,,,
Anderson Varejao,Daniel Gibson,Delonte West,LeBron James,Zydrunas Ilgauskas,Anthony Carter,Chris Andersen,J.R. Smith,Joey Graham,Kenyon Martin,1,0:54,DEN,rebound,,,,,,,,,,Chris Andersen,,,,,,def,,
Anderson Varejao,Daniel Gibson,Delonte West,LeBron James,Zydrunas Ilgauskas,Anthony Carter,Chris Andersen,J.R. Smith,Joey Graham,Kenyon Martin,1,0:40,DEN,shot,,,,,,,,,,Kenyon Martin,,,,missed,,jump,25,26
Anderson Varejao,Daniel Gibson,Delonte West,LeBron James,Zydrunas Ilgauskas,Anthony Carter,Chris Andersen,J.R. Smith,Joey Graham,Kenyon Martin,1,0:39,CLE,rebound,,,,,,,,,,Zydrunas Ilgauskas,,,,,,def,,
Anderson Varejao,Daniel Gibson,Delonte West,LeBron James,Zydrunas Ilgauskas,Anthony Carter,Chris Andersen,J.R. Smith,Joey Graham,Kenyon Martin,1,0:32,CLE,shot,,,,,,,,,,LeBron James,,,,missed,,jump,41,20
Anderson Varejao,Daniel Gibson,Delonte West,LeBron James,Zydrunas Ilgauskas,Anthony Carter,Chris Andersen,J.R. Smith,Joey Graham,Kenyon Martin,1,0:30,CLE,rebound,,,,,,,,,,Anderson Varejao,,,,,,off,,
Anderson Varejao,Daniel Gibson,Delonte West,LeBron James,Zydrunas Ilgauskas,Anthony Carter,Chris Andersen,J.R. Smith,Joey Graham,Kenyon Martin,1,0:25,CLE,turnover,,,,,,,,,,LeBron James,,,bad pass,,Kenyon Martin,,,
Anderson Varejao,Daniel Gibson,Delonte West,LeBron James,Zydrunas Ilgauskas,Anthony Carter,Chris Andersen,J.R. Smith,Joey Graham,Kenyon Martin,1,0:04,DEN,shot,,,,,,,,,,J.R. Smith,2,,,made,,running jump,25,14
Anderson Varejao,Daniel Gibson,Delonte West,LeBron James,Zydrunas Ilgauskas,Anthony Carter,Chris Andersen,J.R. Smith,Joey Graham,Kenyon Martin,1,0:00,CLE,shot,,,,,,,,,,LeBron James,,,,missed,,3pt,29,30
Anderson Varejao,Daniel Gibson,Delonte West,LeBron James,Zydrunas Ilgauskas,Anthony Carter,Chris Andersen,J.R. Smith,Joey Graham,Kenyon Martin,1,0:00,CLE,rebound,,,,,,,,,,,,,,,,,,
Anderson Varejao,Delonte West,Jawad Williams,Mo Williams,Shaquille O'Neal,Anthony Carter,Chris Andersen,J.R. Smith,Joey Graham,Kenyon Martin,2,11:40,DEN,shot,,,,,,,,,,Kenyon Martin,,,,missed,,jump hook,22,13
Anderson Varejao,Delonte West,Jawad Williams,Mo Williams,Shaquille O'Neal,Anthony Carter,Chris Andersen,J.R. Smith,Joey Graham,Kenyon Martin,2,11:39,DEN,rebound,,,,,,,,,,Kenyon Martin,,,,,,off,,
Anderson Varejao,Delonte West,Jawad Williams,Mo Williams,Shaquille O'Neal,Anthony Carter,Chris Andersen,J.R. Smith,Joey Graham,Kenyon Martin,2,11:38,DEN,shot,,,,,,,,,,Kenyon Martin,2,,,made,,jump,24,10
Anderson Varejao,Delonte West,Jawad Williams,Mo Williams,Shaquille O'Neal,Anthony Carter,Chris Andersen,J.R. Smith,Joey Graham,Kenyon Martin,2,11:22,CLE,shot,,,,,,,,,,Anderson Varejao,,,,missed,,jump,34,18
Anderson Varejao,Delonte West,Jawad Williams,Mo Williams,Shaquille O'Neal,Anthony Carter,Chris Andersen,J.R. Smith,Joey Graham,Kenyon Martin,2,11:21,DEN,rebound,,,,,,,,,,Chris Andersen,,,,,,def,,
Anderson Varejao,Delonte West,Jawad Williams,Mo Williams,Shaquille O'Neal,Anthony Carter,Chris Andersen,J.R. Smith,Joey Graham,Kenyon Martin,2,11:13,DEN,shot,,,,,,,,,,Chris Andersen,,,,missed,,jump,14,20
Anderson Varejao,Delonte West,Jawad Williams,Mo Williams,Shaquille O'Neal,Anthony Carter,Chris Andersen,J.R. Smith,Joey Graham,Kenyon Martin,2,11:12,CLE,rebound,,,,,,,,,,Mo Williams,,,,,,def,,
Anderson Varejao,Delonte West,Jawad Williams,Mo Williams,Shaquille O'Neal,Anthony Carter,Chris Andersen,J.R. Smith,Joey Graham,Kenyon Martin,2,10:56,CLE,shot,Shaquille O'Neal,,,,,,,,,Jawad Williams,2,,,made,,layup,25,6
Anderson Varejao,Delonte West,Jawad Williams,Mo Williams,Shaquille O'Neal,Anthony Carter,Chris Andersen,J.R. Smith,Joey Graham,Kenyon Martin,2,10:37,DEN,shot,,,Shaquille O'Neal,,,,,,,Kenyon Martin,,,,missed,,jump,17,11
Anderson Varejao,Delonte West,Jawad Williams,Mo Williams,Shaquille O'Neal,Anthony Carter,Chris Andersen,J.R. Smith,Joey Graham,Kenyon Martin,2,10:36,DEN,rebound,,,,,,,,,,Chris Andersen,,,,,,off,,
Anderson Varejao,Delonte West,Jawad Williams,Mo Williams,Shaquille O'Neal,Anthony Carter,Chris Andersen,J.R. Smith,Joey Graham,Kenyon Martin,2,10:35,CLE,foul,,,,,,,,Chris Andersen,,Shaquille O'Neal,,,,,,shooting,,
Anderson Varejao,Delonte West,Jawad Williams,Mo Williams,Shaquille O'Neal,Anthony Carter,Chris Andersen,J.R. Smith,Joey Graham,Kenyon Martin,2,10:35,DEN,free throw,,,,,,,1,,2,Chris Andersen,,,foul,missed,,,,
Anderson Varejao,Delonte West,Jawad Williams,Mo Williams,Shaquille O'Neal,Anthony Carter,Chris Andersen,J.R. Smith,Joey Graham,Kenyon Martin,2,10:35,DEN,rebound,,,,,,,,,,,,,,,,,,
Anderson Varejao,Delonte West,Jawad Williams,Mo Williams,Shaquille O'Neal,Anthony Carter,Arron Afflalo,Chris Andersen,J.R. Smith,Kenyon Martin,2,10:35,DEN,sub,,,,Arron Afflalo,,Joey Graham,,,,,,,,,,,,
Anderson Varejao,Delonte West,Jawad Williams,Mo Williams,Shaquille O'Neal,Anthony Carter,Arron Afflalo,Chris Andersen,J.R. Smith,Kenyon Martin,2,10:35,DEN,free throw,,,,,,,2,,2,Chris Andersen,,,foul,made,,,,
Anderson Varejao,Delonte West,Jawad Williams,Mo Williams,Shaquille O'Neal,Anthony Carter,Arron Afflalo,Chris Andersen,J.R. Smith,Kenyon Martin,2,10:12,CLE,shot,Mo Williams,,,,,,,,,Jawad Williams,2,,,made,,layup,25,6
Anderson Varejao,Delonte West,Jawad Williams,Mo Williams,Shaquille O'Neal,Anthony Carter,Arron Afflalo,Chris Andersen,J.R. Smith,Kenyon Martin,2,9:48,DEN,shot,,,,,,,,,,Arron Afflalo,,,,missed,,3pt,48,9
Anderson Varejao,Delonte West,Jawad Williams,Mo Williams,Shaquille O'Neal,Anthony Carter,Arron Afflalo,Chris Andersen,J.R. Smith,Kenyon Martin,2,9:46,CLE,rebound,,,,,,,,,,Anderson Varejao,,,,,,def,,
Anderson Varejao,Delonte West,Jawad Williams,Mo Williams,Shaquille O'Neal,Anthony Carter,Arron Afflalo,Chris Andersen,J.R. Smith,Kenyon Martin,2,9:28,CLE,turnover,,,,,,,,,,Shaquille O'Neal,,,lost ball,,Arron Afflalo,,,
Anderson Varejao,Delonte West,Jawad Williams,Mo Williams,Shaquille O'Neal,Anthony Carter,Arron Afflalo,Chris Andersen,J.R. Smith,Kenyon Martin,2,9:12,DEN,shot,,,,,,,,,,J.R. Smith,,,,missed,,fade away jumper,25,27
Anderson Varejao,Delonte West,Jawad Williams,Mo Williams,Shaquille O'Neal,Anthony Carter,Arron Afflalo,Chris Andersen,J.R. Smith,Kenyon Martin,2,9:11,DEN,rebound,,,,,,,,,,Kenyon Martin,,,,,,off,,
Anderson Varejao,Delonte West,Jawad Williams,Mo Williams,Shaquille O'Neal,Anthony Carter,Arron Afflalo,Chris Andersen,J.R. Smith,Kenyon Martin,2,9:10,DEN,shot,,,,,,,,,,Kenyon Martin,2,,,made,,putback dunk,25,6
Anderson Varejao,Delonte West,Jawad Williams,Mo Williams,Shaquille O'Neal,Anthony Carter,Arron Afflalo,Chris Andersen,J.R. Smith,Kenyon Martin,2,9:06,CLE,timeout,,,,,,,,,,,,,,,,regular,,
Anderson Varejao,Delonte West,Jawad Williams,Mo Williams,Shaquille O'Neal,Anthony Carter,Arron Afflalo,Chris Andersen,J.R. Smith,Nene Hilario,2,9:06,DEN,sub,,,,Nene Hilario,,Kenyon Martin,,,,,,,,,,,,
Anderson Varejao,Delonte West,Jawad Williams,Mo Williams,Shaquille O'Neal,Anthony Carter,Arron Afflalo,Chris Andersen,J.R. Smith,Nene Hilario,2,8:53,CLE,turnover,,,,,,,,,,Mo Williams,,,traveling,,,,,
Anderson Varejao,Delonte West,Jawad Williams,Mo Williams,Shaquille O'Neal,Anthony Carter,Arron Afflalo,Chris Andersen,J.R. Smith,Nene Hilario,2,8:37,DEN,shot,,,,,,,,,,Anthony Carter,,,,missed,,3pt,47,19
Anderson Varejao,Delonte West,Jawad Williams,Mo Williams,Shaquille O'Neal,Anthony Carter,Arron Afflalo,Chris Andersen,J.R. Smith,Nene Hilario,2,8:36,CLE,rebound,,,,,,,,,,Jawad Williams,,,,,,def,,
Anderson Varejao,Delonte West,Jawad Williams,Mo Williams,Shaquille O'Neal,Anthony Carter,Arron Afflalo,Chris Andersen,J.R. Smith,Nene Hilario,2,8:29,DEN,foul,,,,,,,,Shaquille O'Neal,,Nene Hilario,,,,,,personal,,
Anderson Varejao,Delonte West,Jawad Williams,Mo Williams,Shaquille O'Neal,Anthony Carter,Arron Afflalo,Chris Andersen,J.R. Smith,Nene Hilario,2,8:23,CLE,shot,,,,,,,,,,Mo Williams,,,,missed,,jump,25,24
Anderson Varejao,Delonte West,Jawad Williams,Mo Williams,Shaquille O'Neal,Anthony Carter,Arron Afflalo,Chris Andersen,J.R. Smith,Nene Hilario,2,8:22,DEN,rebound,,,,,,,,,,Arron Afflalo,,,,,,def,,
Anderson Varejao,Delonte West,Jawad Williams,Mo Williams,Shaquille O'Neal,Anthony Carter,Arron Afflalo,Chris Andersen,J.R. Smith,Nene Hilario,2,8:07,DEN,shot,Anthony Carter,,,,,,,,,Arron Afflalo,3,,,made,,3pt,25,31
Anderson Varejao,Delonte West,Jawad Williams,Mo Williams,Shaquille O'Neal,Anthony Carter,Arron Afflalo,Chris Andersen,J.R. Smith,Nene Hilario,2,7:47,CLE,shot,,,,,,,,,,Delonte West,2,,,made,,driving layup,25,6
Anderson Varejao,Delonte West,Jawad Williams,Mo Williams,Shaquille O'Neal,Anthony Carter,Arron Afflalo,Chris Andersen,J.R. Smith,Nene Hilario,2,7:36,DEN,shot,,,,,,,,,,J.R. Smith,,,,missed,,fade away jumper,40,9
Anderson Varejao,Delonte West,Jawad Williams,Mo Williams,Shaquille O'Neal,Anthony Carter,Arron Afflalo,Chris Andersen,J.R. Smith,Nene Hilario,2,7:35,CLE,rebound,,,,,,,,,,Delonte West,,,,,,def,,
Anderson Varejao,Delonte West,Jawad Williams,Mo Williams,Shaquille O'Neal,Anthony Carter,Arron Afflalo,Chris Andersen,J.R. Smith,Nene Hilario,2,7:29,CLE,turnover,,,,,,,,,,Jawad Williams,,,lost ball,,Arron Afflalo,,,
Anderson Varejao,Delonte West,Jawad Williams,Mo Williams,Shaquille O'Neal,Anthony Carter,Arron Afflalo,Chris Andersen,J.R. Smith,Nene Hilario,2,7:28,CLE,foul,,,,,,,,Arron Afflalo,,Shaquille O'Neal,,,,,,personal,,
Anderson Varejao,Delonte West,Jawad Williams,Mo Williams,Zydrunas Ilgauskas,Anthony Carter,Arron Afflalo,Chris Andersen,J.R. Smith,Nene Hilario,2,7:28,CLE,sub,,,,Zydrunas Ilgauskas,,Shaquille O'Neal,,,,,,,,,,,,
Anderson Varejao,Delonte West,Jawad Williams,LeBron James,Zydrunas Ilgauskas,Anthony Carter,Arron Afflalo,Chris Andersen,J.R. Smith,Nene Hilario,2,7:28,CLE,sub,,,,LeBron James,,Mo Williams,,,,,,,,,,,,
Anderson Varejao,Delonte West,Jawad Williams,LeBron James,Zydrunas Ilgauskas,Anthony Carter,Arron Afflalo,Chris Andersen,J.R. Smith,Nene Hilario,2,7:14,DEN,shot,,,,,,,,,,J.R. Smith,,,,missed,,alley oop layup,25,6
Anderson Varejao,Delonte West,Jawad Williams,LeBron James,Zydrunas Ilgauskas,Anthony Carter,Arron Afflalo,Chris Andersen,J.R. Smith,Nene Hilario,2,7:13,CLE,rebound,,,,,,,,,,Anderson Varejao,,,,,,def,,
Anderson Varejao,Delonte West,Jawad Williams,LeBron James,Zydrunas Ilgauskas,Anthony Carter,Arron Afflalo,Chris Andersen,J.R. Smith,Nene Hilario,2,7:03,CLE,shot,,,,,,,,,,Delonte West,,,,missed,,jump,22,25
Anderson Varejao,Delonte West,Jawad Williams,LeBron James,Zydrunas Ilgauskas,Anthony Carter,Arron Afflalo,Chris Andersen,J.R. Smith,Nene Hilario,2,7:02,CLE,rebound,,,,,,,,,,LeBron James,,,,,,off,,
Anderson Varejao,Delonte West,Jawad Williams,LeBron James,Zydrunas Ilgauskas,Anthony Carter,Arron Afflalo,Chris Andersen,J.R. Smith,Nene Hilario,2,7:00,CLE,shot,LeBron James,,,,,,,,,Zydrunas Ilgauskas,2,,,made,,layup,25,6
Anderson Varejao,Delonte West,Jawad Williams,LeBron James,Zydrunas Ilgauskas,Anthony Carter,Arron Afflalo,Chris Andersen,J.R. Smith,Nene Hilario,2,6:44,DEN,shot,Anthony Carter,,,,,,,,,Nene Hilario,2,,,made,,jump,,
Anderson Varejao,Delonte West,Jawad Williams,LeBron James,Zydrunas Ilgauskas,Arron Afflalo,Chauncey Billups,Chris Andersen,J.R. Smith,Nene Hilario,2,6:35,DEN,sub,,,,Chauncey Billups,,Anthony Carter,,,,,,,,,,,,
Anderson Varejao,Delonte West,Jawad Williams,LeBron James,Zydrunas Ilgauskas,Arron Afflalo,Chauncey Billups,Chris Andersen,J.R. Smith,Nene Hilario,2,6:27,CLE,shot,LeBron James,,,,,,,,,Zydrunas Ilgauskas,2,,,made,,layup,25,6
Anderson Varejao,Delonte West,Jawad Williams,LeBron James,Zydrunas Ilgauskas,Arron Afflalo,Chauncey Billups,Chris Andersen,J.R. Smith,Nene Hilario,2,6:04,DEN,turnover,,,,,,,,,,Nene Hilario,,,bad pass,,Anderson Varejao,,,
Anderson Varejao,Delonte West,Jawad Williams,LeBron James,Zydrunas Ilgauskas,Arron Afflalo,Chauncey Billups,Chris Andersen,J.R. Smith,Nene Hilario,2,5:52,CLE,turnover,,,,,,,,,,LeBron James,,,bad pass,,Chauncey Billups,,,
Anderson Varejao,Delonte West,Jawad Williams,LeBron James,Zydrunas Ilgauskas,Arron Afflalo,Chauncey Billups,Chris Andersen,J.R. Smith,Nene Hilario,2,5:39,DEN,turnover,,,,,,,,,,Chauncey Billups,,,lost ball,,Jawad Williams,,,
Anderson Varejao,Delonte West,Jawad Williams,LeBron James,Zydrunas Ilgauskas,Arron Afflalo,Chauncey Billups,Chris Andersen,J.R. Smith,Nene Hilario,2,5:37,CLE,foul,,,,,,,,J.R. Smith,,Jawad Williams,,,,,,offensive,,
Anderson Varejao,Delonte West,Jawad Williams,LeBron James,Zydrunas Ilgauskas,Arron Afflalo,Chauncey Billups,Chris Andersen,J.R. Smith,Nene Hilario,2,5:37,CLE,turnover,,,,,,,,,,Jawad Williams,,,foul,,,,,
Anderson Varejao,Delonte West,Jawad Williams,LeBron James,Zydrunas Ilgauskas,Arron Afflalo,Chauncey Billups,Chris Andersen,J.R. Smith,Nene Hilario,2,5:37,DEN,timeout,,,,,,,,,,,,,,,,official,,
Anderson Varejao,Anthony Parker,Delonte West,LeBron James,Zydrunas Ilgauskas,Arron Afflalo,Chauncey Billups,Chris Andersen,J.R. Smith,Nene Hilario,2,5:37,CLE,sub,,,,Anthony Parker,,Jawad Williams,,,,,,,,,,,,
Anderson Varejao,Anthony Parker,Delonte West,LeBron James,Zydrunas Ilgauskas,Arron Afflalo,Chauncey Billups,Chris Andersen,J.R. Smith,Nene Hilario,2,5:12,DEN,shot,,,,,,,,,,Arron Afflalo,,,,missed,,jump,22,15
Anderson Varejao,Anthony Parker,Delonte West,LeBron James,Zydrunas Ilgauskas,Arron Afflalo,Chauncey Billups,Chris Andersen,J.R. Smith,Nene Hilario,2,5:10,DEN,rebound,,,,,,,,,,,,,,,,,,
Anderson Varejao,Anthony Parker,Delonte West,LeBron James,Zydrunas Ilgauskas,Arron Afflalo,Chauncey Billups,Chris Andersen,J.R. Smith,Nene Hilario,2,4:59,DEN,shot,,,,,,,,,,Arron Afflalo,,,,missed,,3pt,48,9
Anderson Varejao,Anthony Parker,Delonte West,LeBron James,Zydrunas Ilgauskas,Arron Afflalo,Chauncey Billups,Chris Andersen,J.R. Smith,Nene Hilario,2,4:57,CLE,rebound,,,,,,,,,,Delonte West,,,,,,def,,
Anderson Varejao,Anthony Parker,Delonte West,LeBron James,Zydrunas Ilgauskas,Arron Afflalo,Chauncey Billups,Chris Andersen,J.R. Smith,Nene Hilario,2,4:43,CLE,shot,LeBron James,,,,,,,,,Zydrunas Ilgauskas,3,,,made,,3pt,2,10
Anderson Varejao,Anthony Parker,Delonte West,LeBron James,Zydrunas Ilgauskas,Arron Afflalo,Chauncey Billups,J.R. Smith,Kenyon Martin,Nene Hilario,2,4:30,DEN,sub,,,,Kenyon Martin,,Chris Andersen,,,,,,,,,,,,
Anderson Varejao,Anthony Parker,Delonte West,LeBron James,Zydrunas Ilgauskas,Arron Afflalo,Chauncey Billups,J.R. Smith,Kenyon Martin,Nene Hilario,2,4:24,CLE,foul,,,,,,,,Nene Hilario,,Zydrunas Ilgauskas,,,,,,personal,,
Anderson Varejao,Anthony Parker,Delonte West,LeBron James,Zydrunas Ilgauskas,Arron Afflalo,Chauncey Billups,J.R. Smith,Kenyon Martin,Nene Hilario,2,4:24,DEN,free throw,,,,,,,1,,2,Nene Hilario,,,foul,made,,,,
Anderson Varejao,Anthony Parker,Delonte West,LeBron James,Zydrunas Ilgauskas,Arron Afflalo,Chauncey Billups,J.R. Smith,Kenyon Martin,Nene Hilario,2,4:24,DEN,free throw,,,,,,,2,,2,Nene Hilario,,,foul,made,,,,
Anderson Varejao,Anthony Parker,Delonte West,LeBron James,Zydrunas Ilgauskas,Arron Afflalo,Chauncey Billups,J.R. Smith,Kenyon Martin,Nene Hilario,2,4:14,DEN,foul,,,,,,,,LeBron James,,Kenyon Martin,,,,,,shooting,,
Anderson Varejao,Delonte West,LeBron James,Mo Williams,Zydrunas Ilgauskas,Arron Afflalo,Chauncey Billups,J.R. Smith,Kenyon Martin,Nene Hilario,2,4:14,CLE,sub,,,,Mo Williams,,Anthony Parker,,,,,,,,,,,,
Anderson Varejao,Delonte West,LeBron James,Mo Williams,Zydrunas Ilgauskas,Arron Afflalo,Chauncey Billups,J.R. Smith,Kenyon Martin,Nene Hilario,2,4:14,CLE,free throw,,,,,,,1,,2,LeBron James,,,foul,made,,,,
Anderson Varejao,Delonte West,LeBron James,Mo Williams,Zydrunas Ilgauskas,Arron Afflalo,Chauncey Billups,J.R. Smith,Kenyon Martin,Nene Hilario,2,4:14,CLE,free throw,,,,,,,2,,2,LeBron James,,,foul,missed,,,,
Anderson Varejao,Delonte West,LeBron James,Mo Williams,Zydrunas Ilgauskas,Arron Afflalo,Chauncey Billups,J.R. Smith,Kenyon Martin,Nene Hilario,2,4:14,CLE,rebound,,,,,,,,,,,,,,,,,,
Anderson Varejao,Delonte West,LeBron James,Mo Williams,Zydrunas Ilgauskas,Arron Afflalo,Chauncey Billups,J.R. Smith,Kenyon Martin,Nene Hilario,2,4:14,DEN,foul,,,,,,,,LeBron James,,Kenyon Martin,,,,,,loose ball,,
Anderson Varejao,Delonte West,LeBron James,Mo Williams,Zydrunas Ilgauskas,Arron Afflalo,Chauncey Billups,J.R. Smith,Kenyon Martin,Nene Hilario,2,4:00,CLE,shot,LeBron James,,,,,,,,,Mo Williams,3,,,made,,3pt,18,30
Anderson Varejao,Delonte West,LeBron James,Mo Williams,Zydrunas Ilgauskas,Arron Afflalo,Chauncey Billups,J.R. Smith,Kenyon Martin,Nene Hilario,2,3:40,DEN,shot,,,,,,,,,,Nene Hilario,,,,missed,,jump,,
Anderson Varejao,Delonte West,LeBron James,Mo Williams,Zydrunas Ilgauskas,Arron Afflalo,Chauncey Billups,J.R. Smith,Kenyon Martin,Nene Hilario,2,3:39,CLE,rebound,,,,,,,,,,Anderson Varejao,,,,,,def,,
Anderson Varejao,Delonte West,LeBron James,Mo Williams,Zydrunas Ilgauskas,Arron Afflalo,Chauncey Billups,J.R. Smith,Kenyon Martin,Nene Hilario,2,3:30,CLE,shot,Mo Williams,,,,,,,,,LeBron James,2,,,made,,jump,34,20
Anderson Varejao,Delonte West,LeBron James,Mo Williams,Zydrunas Ilgauskas,Arron Afflalo,Chauncey Billups,J.R. Smith,Kenyon Martin,Nene Hilario,2,3:15,DEN,shot,Chauncey Billups,,,,,,,,,Kenyon Martin,2,,,made,,driving reverse layup,25,6
Anderson Varejao,Delonte West,LeBron James,Mo Williams,Zydrunas Ilgauskas,Arron Afflalo,Chauncey Billups,J.R. Smith,Kenyon Martin,Nene Hilario,2,3:09,CLE,shot,,,Kenyon Martin,,,,,,,Delonte West,,,,missed,,driving layup,25,6
Anderson Varejao,Delonte West,LeBron James,Mo Williams,Zydrunas Ilgauskas,Arron Afflalo,Chauncey Billups,J.R. Smith,Kenyon Martin,Nene Hilario,2,3:08,CLE,rebound,,,,,,,,,,,,,,,,,,
Anderson Varejao,Delonte West,LeBron James,Mo Williams,Zydrunas Ilgauskas,Chauncey Billups,J.R. Smith,Joey Graham,Kenyon Martin,Nene Hilario,2,3:08,DEN,sub,,,,Joey Graham,,Arron Afflalo,,,,,,,,,,,,
Anderson Varejao,Delonte West,LeBron James,Mo Williams,Zydrunas Ilgauskas,Chauncey Billups,J.R. Smith,Joey Graham,Kenyon Martin,Nene Hilario,2,2:51,CLE,turnover,,,,,,,,,,LeBron James,,,lost ball,,Kenyon Martin,,,
Anderson Varejao,Delonte West,LeBron James,Mo Williams,Zydrunas Ilgauskas,Chauncey Billups,J.R. Smith,Joey Graham,Kenyon Martin,Nene Hilario,2,2:50,DEN,turnover,,,,,,,,,,J.R. Smith,,,out of bounds lost ball turnover,,,,,
Anderson Varejao,Delonte West,LeBron James,Mo Williams,Zydrunas Ilgauskas,Chauncey Billups,J.R. Smith,Joey Graham,Kenyon Martin,Nene Hilario,2,2:50,DEN,timeout,,,,,,,,,,,,,,,,regular,,
Anderson Varejao,Delonte West,LeBron James,Mo Williams,Zydrunas Ilgauskas,Chauncey Billups,J.R. Smith,Joey Graham,Kenyon Martin,Nene Hilario,2,2:33,CLE,shot,,,,,,,,,,Mo Williams,3,,,made,,3pt,40,25
Anderson Varejao,Delonte West,LeBron James,Mo Williams,Zydrunas Ilgauskas,Chauncey Billups,J.R. Smith,Joey Graham,Kenyon Martin,Nene Hilario,2,2:23,DEN,shot,Kenyon Martin,,,,,,,,,Nene Hilario,2,,,made,,reverse layup,,
Anderson Varejao,Delonte West,LeBron James,Mo Williams,Zydrunas Ilgauskas,Chauncey Billups,J.R. Smith,Joey Graham,Kenyon Martin,Nene Hilario,2,2:04,CLE,shot,,,,,,,,,,LeBron James,,,,missed,,jump,44,15
Anderson Varejao,Delonte West,LeBron James,Mo Williams,Zydrunas Ilgauskas,Chauncey Billups,J.R. Smith,Joey Graham,Kenyon Martin,Nene Hilario,2,2:03,CLE,rebound,,,,,,,,,,LeBron James,,,,,,off,,
Anderson Varejao,Delonte West,LeBron James,Mo Williams,Zydrunas Ilgauskas,Chauncey Billups,J.R. Smith,Joey Graham,Kenyon Martin,Nene Hilario,2,1:58,CLE,shot,,,,,,,,,,Delonte West,,,,missed,,3pt,3,17
Anderson Varejao,Delonte West,LeBron James,Mo Williams,Zydrunas Ilgauskas,Chauncey Billups,J.R. Smith,Joey Graham,Kenyon Martin,Nene Hilario,2,1:57,DEN,rebound,,,,,,,,,,Joey Graham,,,,,,def,,
Anderson Varejao,Delonte West,LeBron James,Mo Williams,Zydrunas Ilgauskas,Chauncey Billups,J.R. Smith,Joey Graham,Kenyon Martin,Nene Hilario,2,1:45,DEN,shot,Chauncey Billups,,,,,,,,,Nene Hilario,2,,,made,,layup,,
Anderson Varejao,Delonte West,LeBron James,Mo Williams,Zydrunas Ilgauskas,Chauncey Billups,J.R. Smith,Joey Graham,Kenyon Martin,Nene Hilario,2,1:25,CLE,shot,,,,,,,,,,Mo Williams,,,,missed,,3pt,40,25
Anderson Varejao,Delonte West,LeBron James,Mo Williams,Zydrunas Ilgauskas,Chauncey Billups,J.R. Smith,Joey Graham,Kenyon Martin,Nene Hilario,2,1:24,DEN,rebound,,,,,,,,,,Nene Hilario,,,,,,def,,
Anderson Varejao,Delonte West,LeBron James,Mo Williams,Zydrunas Ilgauskas,Chauncey Billups,J.R. Smith,Joey Graham,Kenyon Martin,Nene Hilario,2,1:15,DEN,turnover,,,,,,,,,,J.R. Smith,,,bad pass,,,,,
Anderson Varejao,Anthony Parker,Delonte West,LeBron James,Zydrunas Ilgauskas,Chauncey Billups,J.R. Smith,Joey Graham,Kenyon Martin,Nene Hilario,2,1:15,CLE,sub,,,,Anthony Parker,,Mo Williams,,,,,,,,,,,,
Anderson Varejao,Anthony Parker,Delonte West,LeBron James,Zydrunas Ilgauskas,Anthony Carter,J.R. Smith,Joey Graham,Kenyon Martin,Nene Hilario,2,1:15,DEN,sub,,,,Anthony Carter,,Chauncey Billups,,,,,,,,,,,,
Anderson Varejao,Anthony Parker,Delonte West,LeBron James,Zydrunas Ilgauskas,Anthony Carter,J.R. Smith,Joey Graham,Kenyon Martin,Nene Hilario,2,1:03,DEN,foul,,,,,,,,LeBron James,,Nene Hilario,,,,,,personal,,
Anderson Varejao,Anthony Parker,Delonte West,LeBron James,Zydrunas Ilgauskas,Anthony Carter,Chris Andersen,J.R. Smith,Joey Graham,Kenyon Martin,2,1:03,DEN,sub,,,,Chris Andersen,,Nene Hilario,,,,,,,,,,,,
Anderson Varejao,Anthony Parker,Delonte West,LeBron James,Zydrunas Ilgauskas,Anthony Carter,Chris Andersen,J.R. Smith,Joey Graham,Kenyon Martin,2,0:58,CLE,shot,,,,,,,,,,LeBron James,2,,,made,,driving layup,25,6
Anderson Varejao,Anthony Parker,Delonte West,LeBron James,Zydrunas Ilgauskas,Anthony Carter,Chris Andersen,J.R. Smith,Joey Graham,Kenyon Martin,2,0:49,DEN,turnover,,,,,,,,,,J.R. Smith,,,lost ball,,Anderson Varejao,,,
Anderson Varejao,Anthony Parker,Delonte West,LeBron James,Zydrunas Ilgauskas,Anthony Carter,Chris Andersen,J.R. Smith,Joey Graham,Kenyon Martin,2,0:47,DEN,foul,,,,,,,,Anderson Varejao,,Anthony Carter,,,,,,shooting,,
Anderson Varejao,Anthony Parker,Delonte West,LeBron James,Zydrunas Ilgauskas,Anthony Carter,Chris Andersen,J.R. Smith,Joey Graham,Kenyon Martin,2,0:47,CLE,free throw,,,,,,,1,,2,Anderson Varejao,,,foul,missed,,,,
Anderson Varejao,Anthony Parker,Delonte West,LeBron James,Zydrunas Ilgauskas,Anthony Carter,Chris Andersen,J.R. Smith,Joey Graham,Kenyon Martin,2,0:47,CLE,rebound,,,,,,,,,,,,,,,,,,
Anderson Varejao,Anthony Parker,Delonte West,LeBron James,Zydrunas Ilgauskas,Anthony Carter,Chris Andersen,J.R. Smith,Joey Graham,Kenyon Martin,2,0:47,CLE,free throw,,,,,,,2,,2,Anderson Varejao,,,foul,made,,,,
Anderson Varejao,Anthony Parker,Delonte West,LeBron James,Zydrunas Ilgauskas,Anthony Carter,Chris Andersen,J.R. Smith,Joey Graham,Kenyon Martin,2,0:33,DEN,shot,,,Anderson Varejao,,,,,,,Kenyon Martin,,,,missed,,jump,23,13
Anderson Varejao,Anthony Parker,Delonte West,LeBron James,Zydrunas Ilgauskas,Anthony Carter,Chris Andersen,J.R. Smith,Joey Graham,Kenyon Martin,2,0:33,DEN,rebound,,,,,,,,,,Chris Andersen,,,,,,off,,
Anderson Varejao,Anthony Parker,Delonte West,LeBron James,Zydrunas Ilgauskas,Anthony Carter,Chris Andersen,J.R. Smith,Joey Graham,Kenyon Martin,2,0:32,DEN,shot,,,Zydrunas Ilgauskas,,,,,,,Chris Andersen,,,,missed,,jump,23,11
Anderson Varejao,Anthony Parker,Delonte West,LeBron James,Zydrunas Ilgauskas,Anthony Carter,Chris Andersen,J.R. Smith,Joey Graham,Kenyon Martin,2,0:31,DEN,rebound,,,,,,,,,,,,,,,,,,
Anderson Varejao,Anthony Parker,Delonte West,LeBron James,Zydrunas Ilgauskas,Anthony Carter,Chris Andersen,J.R. Smith,Joey Graham,Kenyon Martin,2,0:27,DEN,shot,,,,,,,,,,J.R. Smith,,,,missed,,3pt,6,22
Anderson Varejao,Anthony Parker,Delonte West,LeBron James,Zydrunas Ilgauskas,Anthony Carter,Chris Andersen,J.R. Smith,Joey Graham,Kenyon Martin,2,0:26,DEN,rebound,,,,,,,,,,Joey Graham,,,,,,off,,
Anderson Varejao,Anthony Parker,Delonte West,LeBron James,Zydrunas Ilgauskas,Anthony Carter,Chris Andersen,J.R. Smith,Joey Graham,Kenyon Martin,2,0:05,DEN,shot,,,,,,,,,,Kenyon Martin,,,,missed,,jump,32,13
Anderson Varejao,Anthony Parker,Delonte West,LeBron James,Zydrunas Ilgauskas,Anthony Carter,Chris Andersen,J.R. Smith,Joey Graham,Kenyon Martin,2,0:05,CLE,rebound,,,,,,,,,,Anthony Parker,,,,,,def,,
Anderson Varejao,Anthony Parker,Delonte West,LeBron James,Zydrunas Ilgauskas,Anthony Carter,Chris Andersen,J.R. Smith,Joey Graham,Kenyon Martin,2,0:05,CLE,turnover,,,,,,,,,,Anthony Parker,,,step out of bounds turnover,,,,,
Anderson Varejao,Anthony Parker,Delonte West,LeBron James,Zydrunas Ilgauskas,Anthony Carter,Chris Andersen,J.R. Smith,Joey Graham,Kenyon Martin,2,0:05,DEN,timeout,,,,,,,,,,,,,,,,short,,
Anderson Varejao,Anthony Parker,Delonte West,LeBron James,Zydrunas Ilgauskas,Chauncey Billups,Chris Andersen,J.R. Smith,Joey Graham,Kenyon Martin,2,0:05,DEN,sub,,,,Chauncey Billups,,Anthony Carter,,,,,,,,,,,,
Anderson Varejao,Anthony Parker,Delonte West,LeBron James,Zydrunas Ilgauskas,Chauncey Billups,Chris Andersen,J.R. Smith,Joey Graham,Kenyon Martin,2,0:03,DEN,shot,,,Delonte West,,,,,,,Chauncey Billups,,,,missed,,3pt,1,11
Anderson Varejao,Anthony Parker,Delonte West,LeBron James,Zydrunas Ilgauskas,Chauncey Billups,Chris Andersen,J.R. Smith,Joey Graham,Kenyon Martin,2,0:01,CLE,rebound,,,,,,,,,,LeBron James,,,,,,def,,
Anthony Parker,J.J. Hickson,LeBron James,Mo Williams,Shaquille O'Neal,Arron Afflalo,Chauncey Billups,Joey Graham,Kenyon Martin,Nene Hilario,3,11:40,DEN,shot,Arron Afflalo,,,,,,,,,Chauncey Billups,2,,,made,,jump,11,20
Anthony Parker,J.J. Hickson,LeBron James,Mo Williams,Shaquille O'Neal,Arron Afflalo,Chauncey Billups,Joey Graham,Kenyon Martin,Nene Hilario,3,11:19,CLE,shot,,,,,,,,,,J.J. Hickson,,,,missed,,jump,9,18
Anthony Parker,J.J. Hickson,LeBron James,Mo Williams,Shaquille O'Neal,Arron Afflalo,Chauncey Billups,Joey Graham,Kenyon Martin,Nene Hilario,3,11:19,CLE,rebound,,,,,,,,,,Shaquille O'Neal,,,,,,off,,
Anthony Parker,J.J. Hickson,LeBron James,Mo Williams,Shaquille O'Neal,Arron Afflalo,Chauncey Billups,Joey Graham,Kenyon Martin,Nene Hilario,3,11:15,CLE,shot,,,,,,,,,,J.J. Hickson,,,,missed,,jump,26,15
Anthony Parker,J.J. Hickson,LeBron James,Mo Williams,Shaquille O'Neal,Arron Afflalo,Chauncey Billups,Joey Graham,Kenyon Martin,Nene Hilario,3,11:14,DEN,rebound,,,,,,,,,,Kenyon Martin,,,,,,def,,
Anthony Parker,J.J. Hickson,LeBron James,Mo Williams,Shaquille O'Neal,Arron Afflalo,Chauncey Billups,Joey Graham,Kenyon Martin,Nene Hilario,3,11:06,DEN,shot,Kenyon Martin,,,,,,,,,Chauncey Billups,2,,,made,,jump,43,20
Anthony Parker,J.J. Hickson,LeBron James,Mo Williams,Shaquille O'Neal,Arron Afflalo,Chauncey Billups,Joey Graham,Kenyon Martin,Nene Hilario,3,10:48,CLE,shot,,,,,,,,,,LeBron James,,,,missed,,3pt,47,20
Anthony Parker,J.J. Hickson,LeBron James,Mo Williams,Shaquille O'Neal,Arron Afflalo,Chauncey Billups,Joey Graham,Kenyon Martin,Nene Hilario,3,10:47,DEN,rebound,,,,,,,,,,Nene Hilario,,,,,,def,,
Anthony Parker,J.J. Hickson,LeBron James,Mo Williams,Shaquille O'Neal,Arron Afflalo,Chauncey Billups,Joey Graham,Kenyon Martin,Nene Hilario,3,10:42,DEN,shot,,,,,,,,,,Chauncey Billups,,,,missed,,layup,25,6
Anthony Parker,J.J. Hickson,LeBron James,Mo Williams,Shaquille O'Neal,Arron Afflalo,Chauncey Billups,Joey Graham,Kenyon Martin,Nene Hilario,3,10:41,DEN,rebound,,,,,,,,,,Joey Graham,,,,,,off,,
Anthony Parker,J.J. Hickson,LeBron James,Mo Williams,Shaquille O'Neal,Arron Afflalo,Chauncey Billups,Joey Graham,Kenyon Martin,Nene Hilario,3,10:36,DEN,shot,,,,,,,,,,Joey Graham,,,,missed,,jump,14,21
Anthony Parker,J.J. Hickson,LeBron James,Mo Williams,Shaquille O'Neal,Arron Afflalo,Chauncey Billups,Joey Graham,Kenyon Martin,Nene Hilario,3,10:35,CLE,rebound,,,,,,,,,,J.J. Hickson,,,,,,def,,
Anthony Parker,J.J. Hickson,LeBron James,Mo Williams,Shaquille O'Neal,Arron Afflalo,Chauncey Billups,Joey Graham,Kenyon Martin,Nene Hilario,3,10:21,CLE,shot,,,,,,,,,,LeBron James,,,,missed,,fade away jumper,13,21
Anthony Parker,J.J. Hickson,LeBron James,Mo Williams,Shaquille O'Neal,Arron Afflalo,Chauncey Billups,Joey Graham,Kenyon Martin,Nene Hilario,3,10:20,CLE,rebound,,,,,,,,,,J.J. Hickson,,,,,,off,,
Anthony Parker,J.J. Hickson,LeBron James,Mo Williams,Shaquille O'Neal,Arron Afflalo,Chauncey Billups,Joey Graham,Kenyon Martin,Nene Hilario,3,10:19,CLE,shot,,,,,,,,,,J.J. Hickson,2,,,made,,layup,25,6
Anthony Parker,J.J. Hickson,LeBron James,Mo Williams,Shaquille O'Neal,Arron Afflalo,Chauncey Billups,Joey Graham,Kenyon Martin,Nene Hilario,3,9:58,DEN,shot,,,,,,,,,,Chauncey Billups,3,,,made,,3pt,48,12
Anthony Parker,J.J. Hickson,LeBron James,Mo Williams,Shaquille O'Neal,Arron Afflalo,Chauncey Billups,Joey Graham,Kenyon Martin,Nene Hilario,3,9:34,DEN,foul,,,,,,,,LeBron James,,Joey Graham,,,,,,shooting,,
Anthony Parker,J.J. Hickson,LeBron James,Mo Williams,Shaquille O'Neal,Arron Afflalo,Chauncey Billups,Joey Graham,Kenyon Martin,Nene Hilario,3,9:34,CLE,free throw,,,,,,,1,,2,LeBron James,,,foul,missed,,,,
Anthony Parker,J.J. Hickson,LeBron James,Mo Williams,Shaquille O'Neal,Arron Afflalo,Chauncey Billups,Joey Graham,Kenyon Martin,Nene Hilario,3,9:34,CLE,rebound,,,,,,,,,,,,,,,,,,
Anthony Parker,J.J. Hickson,LeBron James,Mo Williams,Shaquille O'Neal,Arron Afflalo,Chauncey Billups,Joey Graham,Kenyon Martin,Nene Hilario,3,9:34,CLE,free throw,,,,,,,2,,2,LeBron James,,,foul,missed,,,,
Anthony Parker,J.J. Hickson,LeBron James,Mo Williams,Shaquille O'Neal,Arron Afflalo,Chauncey Billups,Joey Graham,Kenyon Martin,Nene Hilario,3,9:33,CLE,jump ball,,J.J. Hickson,,,Kenyon Martin,,,,,,,Cleveland,,,,,,
Anthony Parker,J.J. Hickson,LeBron James,Mo Williams,Shaquille O'Neal,Arron Afflalo,Chauncey Billups,Joey Graham,Kenyon Martin,Nene Hilario,3,9:33,CLE,rebound,,,,,,,,,,,,,,,,,,
Anthony Parker,J.J. Hickson,LeBron James,Mo Williams,Shaquille O'Neal,Arron Afflalo,Chauncey Billups,Joey Graham,Kenyon Martin,Nene Hilario,3,9:12,CLE,shot,,,,,,,,,,Shaquille O'Neal,2,,,made,,layup,25,6
Anthony Parker,J.J. Hickson,LeBron James,Mo Williams,Shaquille O'Neal,Arron Afflalo,Chauncey Billups,Joey Graham,Kenyon Martin,Nene Hilario,3,9:03,CLE,foul,,,,,,,,Chauncey Billups,,Shaquille O'Neal,,,,,,shooting,,
Anthony Parker,J.J. Hickson,LeBron James,Mo Williams,Shaquille O'Neal,Arron Afflalo,Chauncey Billups,Joey Graham,Kenyon Martin,Nene Hilario,3,9:03,DEN,free throw,,,,,,,1,,2,Chauncey Billups,,,foul,made,,,,
Anthony Parker,J.J. Hickson,LeBron James,Mo Williams,Shaquille O'Neal,Arron Afflalo,Chauncey Billups,Joey Graham,Kenyon Martin,Nene Hilario,3,9:03,DEN,free throw,,,,,,,2,,2,Chauncey Billups,,,foul,made,,,,
Anthony Parker,J.J. Hickson,LeBron James,Mo Williams,Shaquille O'Neal,Arron Afflalo,Chauncey Billups,Joey Graham,Kenyon Martin,Nene Hilario,3,8:52,DEN,foul,,,,,,,,Shaquille O'Neal,,Nene Hilario,,,,,,shooting,,
Anthony Parker,J.J. Hickson,LeBron James,Mo Williams,Shaquille O'Neal,Arron Afflalo,Chauncey Billups,Joey Graham,Kenyon Martin,Nene Hilario,3,8:52,CLE,free throw,,,,,,,1,,2,Shaquille O'Neal,,,foul,made,,,,
Anthony Parker,J.J. Hickson,LeBron James,Mo Williams,Shaquille O'Neal,Arron Afflalo,Chauncey Billups,Joey Graham,Kenyon Martin,Nene Hilario,3,8:52,CLE,free throw,,,,,,,2,,2,Shaquille O'Neal,,,foul,missed,,,,
Anthony Parker,J.J. Hickson,LeBron James,Mo Williams,Shaquille O'Neal,Arron Afflalo,Chauncey Billups,Joey Graham,Kenyon Martin,Nene Hilario,3,8:50,DEN,rebound,,,,,,,,,,Kenyon Martin,,,,,,def,,
Anthony Parker,J.J. Hickson,LeBron James,Mo Williams,Shaquille O'Neal,Arron Afflalo,Chauncey Billups,Joey Graham,Kenyon Martin,Nene Hilario,3,8:47,CLE,foul,,,,,,,,Chauncey Billups,,Anthony Parker,,,,,,personal,,
Anthony Parker,J.J. Hickson,LeBron James,Mo Williams,Shaquille O'Neal,Arron Afflalo,Chauncey Billups,Joey Graham,Kenyon Martin,Nene Hilario,3,8:36,DEN,turnover,,,,,,,,,,Chauncey Billups,,,bad pass,,Anthony Parker,,,
Anthony Parker,J.J. Hickson,LeBron James,Mo Williams,Shaquille O'Neal,Arron Afflalo,Chauncey Billups,Joey Graham,Kenyon Martin,Nene Hilario,3,8:33,CLE,turnover,,,,,,,,,,LeBron James,,,lost ball,,Arron Afflalo,,,
Anthony Parker,J.J. Hickson,LeBron James,Mo Williams,Shaquille O'Neal,Arron Afflalo,Chauncey Billups,Joey Graham,Kenyon Martin,Nene Hilario,3,8:27,DEN,shot,,,,,,,,,,Chauncey Billups,,,,missed,,3pt,2,18
Anthony Parker,J.J. Hickson,LeBron James,Mo Williams,Shaquille O'Neal,Arron Afflalo,Chauncey Billups,Joey Graham,Kenyon Martin,Nene Hilario,3,8:25,CLE,rebound,,,,,,,,,,Anthony Parker,,,,,,def,,
Anthony Parker,J.J. Hickson,LeBron James,Mo Williams,Shaquille O'Neal,Arron Afflalo,Chauncey Billups,Joey Graham,Kenyon Martin,Nene Hilario,3,8:13,CLE,shot,,,,,,,,,,Mo Williams,,,,missed,,3pt,2,12
Anthony Parker,J.J. Hickson,LeBron James,Mo Williams,Shaquille O'Neal,Arron Afflalo,Chauncey Billups,Joey Graham,Kenyon Martin,Nene Hilario,3,8:12,CLE,rebound,,,,,,,,,,,,,,,,,,
Anthony Parker,J.J. Hickson,LeBron James,Mo Williams,Shaquille O'Neal,Arron Afflalo,Chauncey Billups,Joey Graham,Kenyon Martin,Nene Hilario,3,8:12,DEN,foul,,,,,,,,Shaquille O'Neal,,Nene Hilario,,,,,,loose ball,,
Anthony Parker,J.J. Hickson,LeBron James,Mo Williams,Shaquille O'Neal,Arron Afflalo,Chauncey Billups,Chris Andersen,Joey Graham,Kenyon Martin,3,8:12,DEN,sub,,,,Chris Andersen,,Nene Hilario,,,,,,,,,,,,
Anthony Parker,J.J. Hickson,LeBron James,Mo Williams,Shaquille O'Neal,Arron Afflalo,Chauncey Billups,Chris Andersen,Joey Graham,Kenyon Martin,3,8:08,DEN,foul,,,,,,,,Shaquille O'Neal,,Chauncey Billups,,,,,,personal,,
Anthony Parker,J.J. Hickson,LeBron James,Mo Williams,Shaquille O'Neal,Arron Afflalo,Chauncey Billups,Chris Andersen,Joey Graham,Kenyon Martin,3,7:56,CLE,shot,Shaquille O'Neal,,,,,,,,,LeBron James,2,,,made,,layup,25,6
Anthony Parker,J.J. Hickson,LeBron James,Mo Williams,Shaquille O'Neal,Arron Afflalo,Chauncey Billups,Chris Andersen,Joey Graham,Kenyon Martin,3,7:30,DEN,shot,,,,,,,,,,Arron Afflalo,2,,,made,,jump,20,17
Anthony Parker,J.J. Hickson,LeBron James,Mo Williams,Shaquille O'Neal,Arron Afflalo,Chauncey Billups,Chris Andersen,Joey Graham,Kenyon Martin,3,7:18,CLE,foul,,,,,,,,Chris Andersen,,Shaquille O'Neal,,,,,,offensive,,
Anthony Parker,J.J. Hickson,LeBron James,Mo Williams,Shaquille O'Neal,Arron Afflalo,Chauncey Billups,Chris Andersen,Joey Graham,Kenyon Martin,3,7:18,CLE,turnover,,,,,,,,,,Shaquille O'Neal,,,foul,,,,,
Anthony Parker,J.J. Hickson,LeBron James,Mo Williams,Shaquille O'Neal,Arron Afflalo,Chauncey Billups,Chris Andersen,Joey Graham,Kenyon Martin,3,7:18,CLE,violation,,,,,,,,,,,,,,,,delay of game,,
Anderson Varejao,Anthony Parker,J.J. Hickson,LeBron James,Mo Williams,Arron Afflalo,Chauncey Billups,Chris Andersen,Joey Graham,Kenyon Martin,3,7:18,CLE,sub,,,,Anderson Varejao,,Shaquille O'Neal,,,,,,,,,,,,
Anderson Varejao,Anthony Parker,J.J. Hickson,LeBron James,Mo Williams,Arron Afflalo,Chauncey Billups,Chris Andersen,Joey Graham,Kenyon Martin,3,7:06,DEN,shot,,,,,,,,,,Chauncey Billups,2,,,made,,jump,37,21
Anderson Varejao,Anthony Parker,J.J. Hickson,LeBron James,Mo Williams,Arron Afflalo,Chauncey Billups,Chris Andersen,Joey Graham,Kenyon Martin,3,6:49,CLE,shot,,,,,,,,,,Anderson Varejao,,,,missed,,layup,25,6
Anderson Varejao,Anthony Parker,J.J. Hickson,LeBron James,Mo Williams,Arron Afflalo,Chauncey Billups,Chris Andersen,Joey Graham,Kenyon Martin,3,6:48,CLE,rebound,,,,,,,,,,Anderson Varejao,,,,,,off,,
Anderson Varejao,Anthony Parker,J.J. Hickson,LeBron James,Mo Williams,Arron Afflalo,Chauncey Billups,Chris Andersen,Joey Graham,Kenyon Martin,3,6:46,CLE,shot,,,,,,,,,,Anderson Varejao,,,,missed,,layup,25,6
Anderson Varejao,Anthony Parker,J.J. Hickson,LeBron James,Mo Williams,Arron Afflalo,Chauncey Billups,Chris Andersen,Joey Graham,Kenyon Martin,3,6:44,DEN,rebound,,,,,,,,,,Arron Afflalo,,,,,,def,,
Anderson Varejao,Anthony Parker,J.J. Hickson,LeBron James,Mo Williams,Arron Afflalo,Chauncey Billups,Chris Andersen,Joey Graham,Kenyon Martin,3,6:40,CLE,foul,,,,,,,,Arron Afflalo,,Mo Williams,,,,,,shooting,,
Anderson Varejao,Anthony Parker,J.J. Hickson,LeBron James,Mo Williams,Arron Afflalo,Chauncey Billups,Chris Andersen,Joey Graham,Kenyon Martin,3,6:40,DEN,free throw,,,,,,,1,,2,Arron Afflalo,,,foul,missed,,,,
Anderson Varejao,Anthony Parker,J.J. Hickson,LeBron James,Mo Williams,Arron Afflalo,Chauncey Billups,Chris Andersen,Joey Graham,Kenyon Martin,3,6:40,DEN,rebound,,,,,,,,,,,,,,,,,,
Anderson Varejao,Anthony Parker,J.J. Hickson,LeBron James,Mo Williams,Arron Afflalo,Chauncey Billups,Chris Andersen,Joey Graham,Kenyon Martin,3,6:40,DEN,free throw,,,,,,,2,,2,Arron Afflalo,,,foul,made,,,,
Anderson Varejao,Anthony Parker,J.J. Hickson,LeBron James,Mo Williams,Arron Afflalo,Chauncey Billups,Chris Andersen,Joey Graham,Kenyon Martin,3,6:24,CLE,shot,Mo Williams,,,,,,,,,Anthony Parker,3,,,made,,3pt,1,8
Anderson Varejao,Anthony Parker,J.J. Hickson,LeBron James,Mo Williams,Arron Afflalo,Chauncey Billups,Chris Andersen,Joey Graham,Kenyon Martin,3,6:08,DEN,shot,,,,,,,,,,Chauncey Billups,,,,missed,,3pt,48,11
Anderson Varejao,Anthony Parker,J.J. Hickson,LeBron James,Mo Williams,Arron Afflalo,Chauncey Billups,Chris Andersen,Joey Graham,Kenyon Martin,3,6:07,CLE,rebound,,,,,,,,,,J.J. Hickson,,,,,,def,,
Anderson Varejao,Anthony Parker,J.J. Hickson,LeBron James,Mo Williams,Arron Afflalo,Chauncey Billups,Chris Andersen,Joey Graham,Kenyon Martin,3,5:59,CLE,turnover,,,,,,,,,,J.J. Hickson,,,traveling,,,,,
Anderson Varejao,Anthony Parker,J.J. Hickson,LeBron James,Mo Williams,Arron Afflalo,Chauncey Billups,Chris Andersen,Joey Graham,Kenyon Martin,3,5:59,DEN,timeout,,,,,,,,,,,,,,,,regular,,
Anderson Varejao,Anthony Parker,J.J. Hickson,LeBron James,Mo Williams,Arron Afflalo,Chauncey Billups,Chris Andersen,Joey Graham,Kenyon Martin,3,5:46,DEN,shot,Chauncey Billups,,,,,,,,,Chris Andersen,2,,,made,,dunk,25,6
Anderson Varejao,Anthony Parker,J.J. Hickson,LeBron James,Mo Williams,Arron Afflalo,Chauncey Billups,Chris Andersen,Joey Graham,Kenyon Martin,3,5:23,DEN,foul,,,,,,,,LeBron James,,Arron Afflalo,,,,,,personal,,
Anderson Varejao,Anthony Parker,J.J. Hickson,LeBron James,Mo Williams,Arron Afflalo,Chauncey Billups,Chris Andersen,Joey Graham,Kenyon Martin,3,5:23,CLE,free throw,,,,,,,1,,2,LeBron James,,,foul,made,,,,
Anderson Varejao,Anthony Parker,J.J. Hickson,LeBron James,Mo Williams,Arron Afflalo,Chauncey Billups,Chris Andersen,Joey Graham,Kenyon Martin,3,5:23,CLE,free throw,,,,,,,2,,2,LeBron James,,,foul,made,,,,
Anderson Varejao,Anthony Parker,J.J. Hickson,LeBron James,Mo Williams,Arron Afflalo,Chauncey Billups,Chris Andersen,Joey Graham,Kenyon Martin,3,5:08,DEN,shot,,,,,,,,,,Arron Afflalo,2,,,made,,running jump,26,13
Anderson Varejao,Anthony Parker,J.J. Hickson,LeBron James,Mo Williams,Arron Afflalo,Chauncey Billups,Chris Andersen,Joey Graham,Kenyon Martin,3,5:08,CLE,foul,,,,,,,,Arron Afflalo,,Mo Williams,,,,,,shooting,,
Anderson Varejao,Anthony Parker,J.J. Hickson,LeBron James,Mo Williams,Arron Afflalo,Chauncey Billups,Chris Andersen,Joey Graham,Kenyon Martin,3,5:08,DEN,free throw,,,,,,,1,,1,Arron Afflalo,,,foul,made,,,,
Anderson Varejao,Anthony Parker,J.J. Hickson,LeBron James,Mo Williams,Arron Afflalo,Chauncey Billups,Chris Andersen,Joey Graham,Kenyon Martin,3,4:56,DEN,foul,,,,,,,,LeBron James,,Joey Graham,,,,,,personal,,
Anderson Varejao,Anthony Parker,LeBron James,Mo Williams,Zydrunas Ilgauskas,Arron Afflalo,Chauncey Billups,Chris Andersen,Joey Graham,Kenyon Martin,3,4:56,CLE,sub,,,,Zydrunas Ilgauskas,,J.J. Hickson,,,,,,,,,,,,
Anderson Varejao,Anthony Parker,Delonte West,LeBron James,Zydrunas Ilgauskas,Arron Afflalo,Chauncey Billups,Chris Andersen,Joey Graham,Kenyon Martin,3,4:56,CLE,sub,,,,Delonte West,,Mo Williams,,,,,,,,,,,,
Anderson Varejao,Anthony Parker,Delonte West,LeBron James,Zydrunas Ilgauskas,Arron Afflalo,Chauncey Billups,Chris Andersen,Joey Graham,Kenyon Martin,3,4:56,CLE,free throw,,,,,,,1,,2,LeBron James,,,foul,missed,,,,
Anderson Varejao,Anthony Parker,Delonte West,LeBron James,Zydrunas Ilgauskas,Arron Afflalo,Chauncey Billups,Chris Andersen,Joey Graham,Kenyon Martin,3,4:56,CLE,rebound,,,,,,,,,,,,,,,,,,
Anderson Varejao,Anthony Parker,Delonte West,LeBron James,Zydrunas Ilgauskas,Arron Afflalo,Chauncey Billups,Chris Andersen,Joey Graham,Kenyon Martin,3,4:56,CLE,free throw,,,,,,,2,,2,LeBron James,,,foul,made,,,,
Anderson Varejao,Anthony Parker,Delonte West,LeBron James,Zydrunas Ilgauskas,Arron Afflalo,Chauncey Billups,Chris Andersen,Joey Graham,Kenyon Martin,3,4:41,DEN,shot,,,,,,,,,,Kenyon Martin,,,,missed,,running jump,19,12
Anderson Varejao,Anthony Parker,Delonte West,LeBron James,Zydrunas Ilgauskas,Arron Afflalo,Chauncey Billups,Chris Andersen,Joey Graham,Kenyon Martin,3,4:40,CLE,rebound,,,,,,,,,,Anderson Varejao,,,,,,def,,
Anderson Varejao,Anthony Parker,Delonte West,LeBron James,Zydrunas Ilgauskas,Arron Afflalo,Chauncey Billups,Chris Andersen,Joey Graham,Kenyon Martin,3,4:27,CLE,shot,,,,,,,,,,LeBron James,2,,,made,,jump,18,25
Anderson Varejao,Anthony Parker,Delonte West,LeBron James,Zydrunas Ilgauskas,Arron Afflalo,Chauncey Billups,Chris Andersen,Joey Graham,Kenyon Martin,3,4:08,DEN,shot,,,,,,,,,,Arron Afflalo,,,,missed,,3pt,48,6
Anderson Varejao,Anthony Parker,Delonte West,LeBron James,Zydrunas Ilgauskas,Arron Afflalo,Chauncey Billups,Chris Andersen,Joey Graham,Kenyon Martin,3,4:07,CLE,rebound,,,,,,,,,,Anderson Varejao,,,,,,def,,
Anderson Varejao,Anthony Parker,Delonte West,LeBron James,Zydrunas Ilgauskas,Arron Afflalo,Chauncey Billups,Chris Andersen,Joey Graham,Kenyon Martin,3,3:57,CLE,shot,,,,,,,,,,LeBron James,,,,missed,,3pt,46,19
Anderson Varejao,Anthony Parker,Delonte West,LeBron James,Zydrunas Ilgauskas,Arron Afflalo,Chauncey Billups,Chris Andersen,Joey Graham,Kenyon Martin,3,3:56,DEN,rebound,,,,,,,,,,Kenyon Martin,,,,,,def,,
Anderson Varejao,Anthony Parker,Delonte West,LeBron James,Zydrunas Ilgauskas,Arron Afflalo,Chauncey Billups,Chris Andersen,Joey Graham,Kenyon Martin,3,3:45,DEN,shot,,,,,,,,,,Arron Afflalo,,,,missed,,fade away jumper,13,10
Anderson Varejao,Anthony Parker,Delonte West,LeBron James,Zydrunas Ilgauskas,Arron Afflalo,Chauncey Billups,Chris Andersen,Joey Graham,Kenyon Martin,3,3:44,CLE,rebound,,,,,,,,,,Anderson Varejao,,,,,,def,,
Anderson Varejao,Anthony Parker,Delonte West,LeBron James,Zydrunas Ilgauskas,Arron Afflalo,Chauncey Billups,Chris Andersen,Joey Graham,Kenyon Martin,3,3:28,CLE,shot,,,,,,,,,,LeBron James,2,,,made,,jump,6,14
Anderson Varejao,Anthony Parker,Delonte West,LeBron James,Zydrunas Ilgauskas,Arron Afflalo,Chauncey Billups,Chris Andersen,Joey Graham,Kenyon Martin,3,3:09,DEN,shot,,,,,,,,,,Joey Graham,,,,missed,,jump,41,8
Anderson Varejao,Anthony Parker,Delonte West,LeBron James,Zydrunas Ilgauskas,Arron Afflalo,Chauncey Billups,Chris Andersen,Joey Graham,Kenyon Martin,3,3:08,CLE,rebound,,,,,,,,,,Delonte West,,,,,,def,,
Anderson Varejao,Anthony Parker,Delonte West,LeBron James,Zydrunas Ilgauskas,Arron Afflalo,Chauncey Billups,Chris Andersen,Joey Graham,Kenyon Martin,3,2:49,DEN,foul,,,,,,,,Anderson Varejao,,Chris Andersen,,,,,,shooting,,
Anderson Varejao,Anthony Parker,Delonte West,LeBron James,Zydrunas Ilgauskas,Arron Afflalo,Chauncey Billups,Chris Andersen,Joey Graham,Kenyon Martin,3,2:49,CLE,timeout,,,,,,,,,,,,,,,,regular,,
Anderson Varejao,Anthony Parker,Delonte West,LeBron James,Zydrunas Ilgauskas,Chauncey Billups,Chris Andersen,J.R. Smith,Joey Graham,Kenyon Martin,3,2:49,DEN,sub,,,,J.R. Smith,,Arron Afflalo,,,,,,,,,,,,
Anderson Varejao,Anthony Parker,Delonte West,LeBron James,Zydrunas Ilgauskas,Chauncey Billups,Chris Andersen,J.R. Smith,Joey Graham,Kenyon Martin,3,2:49,CLE,free throw,,,,,,,1,,2,Anderson Varejao,,,foul,made,,,,
Anderson Varejao,Anthony Parker,Delonte West,LeBron James,Zydrunas Ilgauskas,Chauncey Billups,Chris Andersen,J.R. Smith,Joey Graham,Kenyon Martin,3,2:49,CLE,free throw,,,,,,,2,,2,Anderson Varejao,,,foul,missed,,,,
Anderson Varejao,Anthony Parker,Delonte West,LeBron James,Zydrunas Ilgauskas,Chauncey Billups,Chris Andersen,J.R. Smith,Joey Graham,Kenyon Martin,3,2:47,DEN,rebound,,,,,,,,,,Chris Andersen,,,,,,def,,
Anderson Varejao,Anthony Parker,Delonte West,LeBron James,Zydrunas Ilgauskas,Chauncey Billups,Chris Andersen,J.R. Smith,Joey Graham,Kenyon Martin,3,2:30,DEN,shot,,,,,,,,,,Chris Andersen,,,,missed,,jump,18,10
Anderson Varejao,Anthony Parker,Delonte West,LeBron James,Zydrunas Ilgauskas,Chauncey Billups,Chris Andersen,J.R. Smith,Joey Graham,Kenyon Martin,3,2:28,CLE,rebound,,,,,,,,,,Anthony Parker,,,,,,def,,
Anderson Varejao,Anthony Parker,Delonte West,LeBron James,Zydrunas Ilgauskas,Chauncey Billups,Chris Andersen,J.R. Smith,Joey Graham,Kenyon Martin,3,2:19,CLE,turnover,,,,,,,,,,LeBron James,,,out of bounds lost ball turnover,,,,,
Anderson Varejao,Anthony Parker,Delonte West,LeBron James,Zydrunas Ilgauskas,Chauncey Billups,Chris Andersen,J.R. Smith,Joey Graham,Kenyon Martin,3,2:03,DEN,turnover,,,,,,,,,,J.R. Smith,,,lost ball,,Anderson Varejao,,,
Anderson Varejao,Anthony Parker,Delonte West,LeBron James,Zydrunas Ilgauskas,Chauncey Billups,Chris Andersen,J.R. Smith,Joey Graham,Kenyon Martin,3,1:41,CLE,shot,,,,,,,,,,LeBron James,2,,,made,,jump,38,21
Anderson Varejao,Anthony Parker,Delonte West,LeBron James,Zydrunas Ilgauskas,Chauncey Billups,Chris Andersen,J.R. Smith,Joey Graham,Kenyon Martin,3,1:23,DEN,shot,,,Anderson Varejao,,,,,,,Kenyon Martin,,,,missed,,driving layup,25,6
Anderson Varejao,Anthony Parker,Delonte West,LeBron James,Zydrunas Ilgauskas,Chauncey Billups,Chris Andersen,J.R. Smith,Joey Graham,Kenyon Martin,3,1:20,CLE,rebound,,,,,,,,,,Anthony Parker,,,,,,def,,
Anderson Varejao,Anthony Parker,Delonte West,LeBron James,Zydrunas Ilgauskas,Chauncey Billups,Chris Andersen,J.R. Smith,Joey Graham,Kenyon Martin,3,1:14,CLE,shot,,,,,,,,,,Delonte West,3,,,made,,3pt,8,26
Anderson Varejao,Anthony Parker,Delonte West,LeBron James,Zydrunas Ilgauskas,Chauncey Billups,Chris Andersen,J.R. Smith,Joey Graham,Kenyon Martin,3,1:00,DEN,shot,,,,,,,,,,Chris Andersen,2,,,made,,driving dunk,25,6
Anderson Varejao,Anthony Parker,Delonte West,LeBron James,Zydrunas Ilgauskas,Chauncey Billups,Chris Andersen,J.R. Smith,Joey Graham,Kenyon Martin,3,0:43,DEN,foul,,,,,,,,Anderson Varejao,,J.R. Smith,,,,,,shooting,,
Anderson Varejao,Anthony Parker,Delonte West,LeBron James,Zydrunas Ilgauskas,Anthony Carter,Chris Andersen,J.R. Smith,Joey Graham,Kenyon Martin,3,0:43,DEN,sub,,,,Anthony Carter,,Chauncey Billups,,,,,,,,,,,,
Anderson Varejao,Anthony Parker,Delonte West,LeBron James,Zydrunas Ilgauskas,Anthony Carter,Chris Andersen,J.R. Smith,Joey Graham,Nene Hilario,3,0:43,DEN,sub,,,,Nene Hilario,,Kenyon Martin,,,,,,,,,,,,
Anderson Varejao,Anthony Parker,Delonte West,LeBron James,Zydrunas Ilgauskas,Anthony Carter,Chris Andersen,J.R. Smith,Joey Graham,Nene Hilario,3,0:43,CLE,free throw,,,,,,,1,,2,Anderson Varejao,,,foul,missed,,,,
Anderson Varejao,Anthony Parker,Delonte West,LeBron James,Zydrunas Ilgauskas,Anthony Carter,Chris Andersen,J.R. Smith,Joey Graham,Nene Hilario,3,0:43,CLE,rebound,,,,,,,,,,,,,,,,,,
Anderson Varejao,Anthony Parker,Delonte West,LeBron James,Zydrunas Ilgauskas,Anthony Carter,Chris Andersen,J.R. Smith,Joey Graham,Nene Hilario,3,0:43,CLE,free throw,,,,,,,2,,2,Anderson Varejao,,,foul,made,,,,
Anderson Varejao,Anthony Parker,Delonte West,LeBron James,Zydrunas Ilgauskas,Anthony Carter,Chris Andersen,J.R. Smith,Joey Graham,Nene Hilario,3,0:17,DEN,shot,,,,,,,,,,J.R. Smith,,,,missed,,fade away jumper,7,17
Anderson Varejao,Anthony Parker,Delonte West,LeBron James,Zydrunas Ilgauskas,Anthony Carter,Chris Andersen,J.R. Smith,Joey Graham,Nene Hilario,3,0:16,CLE,rebound,,,,,,,,,,Zydrunas Ilgauskas,,,,,,def,,
Anderson Varejao,Anthony Parker,Delonte West,LeBron James,Zydrunas Ilgauskas,Anthony Carter,Chris Andersen,J.R. Smith,Joey Graham,Nene Hilario,3,0:02,CLE,shot,,,,,,,,,,LeBron James,,,,missed,,jump,14,24
Anderson Varejao,Anthony Parker,Delonte West,LeBron James,Zydrunas Ilgauskas,Anthony Carter,Chris Andersen,J.R. Smith,Joey Graham,Nene Hilario,3,0:00,DEN,rebound,,,,,,,,,,,,,,,,,,
Anderson Varejao,Delonte West,Jawad Williams,Mo Williams,Zydrunas Ilgauskas,Anthony Carter,Arron Afflalo,Chris Andersen,J.R. Smith,Nene Hilario,4,11:38,CLE,shot,,,,,,,,,,Mo Williams,,,,missed,,fade away jumper,7,13
Anderson Varejao,Delonte West,Jawad Williams,Mo Williams,Zydrunas Ilgauskas,Anthony Carter,Arron Afflalo,Chris Andersen,J.R. Smith,Nene Hilario,4,11:37,DEN,rebound,,,,,,,,,,Chris Andersen,,,,,,def,,
Anderson Varejao,Delonte West,Jawad Williams,Mo Williams,Zydrunas Ilgauskas,Anthony Carter,Arron Afflalo,Chris Andersen,J.R. Smith,Nene Hilario,4,11:17,DEN,shot,J.R. Smith,,,,,,,,,Nene Hilario,2,,,made,,jump hook,,
Anderson Varejao,Delonte West,Jawad Williams,Mo Williams,Zydrunas Ilgauskas,Anthony Carter,Arron Afflalo,Chris Andersen,J.R. Smith,Nene Hilario,4,10:57,CLE,turnover,,,,,,,,,,Delonte West,,,bad pass,,,,,
Anderson Varejao,Delonte West,Jawad Williams,Mo Williams,Zydrunas Ilgauskas,Anthony Carter,Arron Afflalo,Chris Andersen,J.R. Smith,Nene Hilario,4,10:47,CLE,foul,,,,,,,,Nene Hilario,,Anderson Varejao,,,,,,shooting,,
Anderson Varejao,Delonte West,Jawad Williams,Mo Williams,Zydrunas Ilgauskas,Anthony Carter,Arron Afflalo,Chris Andersen,J.R. Smith,Nene Hilario,4,10:47,DEN,free throw,,,,,,,1,,2,Nene Hilario,,,foul,made,,,,
Anderson Varejao,Delonte West,Jawad Williams,Mo Williams,Zydrunas Ilgauskas,Anthony Carter,Arron Afflalo,Chris Andersen,J.R. Smith,Nene Hilario,4,10:47,DEN,free throw,,,,,,,2,,2,Nene Hilario,,,foul,made,,,,
Anderson Varejao,Delonte West,Jawad Williams,Mo Williams,Zydrunas Ilgauskas,Anthony Carter,Arron Afflalo,Chris Andersen,J.R. Smith,Nene Hilario,4,10:29,CLE,shot,,,,,,,,,,Zydrunas Ilgauskas,,,,missed,,jump,9,15
Anderson Varejao,Delonte West,Jawad Williams,Mo Williams,Zydrunas Ilgauskas,Anthony Carter,Arron Afflalo,Chris Andersen,J.R. Smith,Nene Hilario,4,10:29,DEN,rebound,,,,,,,,,,,,,,,,,,
Anderson Varejao,Delonte West,Jawad Williams,Mo Williams,Zydrunas Ilgauskas,Anthony Carter,Arron Afflalo,Chris Andersen,J.R. Smith,Nene Hilario,4,10:29,CLE,foul,,,,,,,,Chris Andersen,,Anderson Varejao,,,,,,loose ball,,
Anderson Varejao,Delonte West,Jawad Williams,Mo Williams,Zydrunas Ilgauskas,Anthony Carter,Arron Afflalo,Chris Andersen,J.R. Smith,Nene Hilario,4,10:20,CLE,violation,,,,,,,,,,Delonte West,,,,,,kicked ball,,
Anderson Varejao,Delonte West,Jawad Williams,Mo Williams,Zydrunas Ilgauskas,Anthony Carter,Arron Afflalo,Chris Andersen,J.R. Smith,Nene Hilario,4,10:14,DEN,turnover,,,,,,,,,,Nene Hilario,,,bad pass,,,,,
Anderson Varejao,Delonte West,Jawad Williams,Mo Williams,Zydrunas Ilgauskas,Anthony Carter,Arron Afflalo,Chris Andersen,J.R. Smith,Nene Hilario,4,9:51,CLE,turnover,,,,,,,,,,Delonte West,,,lost ball,,Arron Afflalo,,,
Anderson Varejao,Delonte West,Jawad Williams,Mo Williams,Zydrunas Ilgauskas,Anthony Carter,Arron Afflalo,Chris Andersen,J.R. Smith,Nene Hilario,4,9:50,CLE,foul,,,,,,,,J.R. Smith,,Delonte West,,,,,,clear path,,
Anderson Varejao,Delonte West,Jawad Williams,Mo Williams,Zydrunas Ilgauskas,Anthony Carter,Arron Afflalo,Chris Andersen,J.R. Smith,Nene Hilario,4,9:50,DEN,free throw,,,,,,,1,,2,J.R. Smith,,,foul,made,,,,
Anderson Varejao,Delonte West,Jawad Williams,Mo Williams,Zydrunas Ilgauskas,Anthony Carter,Arron Afflalo,Chris Andersen,J.R. Smith,Nene Hilario,4,9:50,DEN,free throw,,,,,,,2,,2,J.R. Smith,,,foul,made,,,,
Anderson Varejao,Delonte West,LeBron James,Mo Williams,Zydrunas Ilgauskas,Anthony Carter,Arron Afflalo,Chris Andersen,J.R. Smith,Nene Hilario,4,9:50,CLE,sub,,,,LeBron James,,Jawad Williams,,,,,,,,,,,,
Anderson Varejao,Delonte West,LeBron James,Mo Williams,Zydrunas Ilgauskas,Anthony Carter,Arron Afflalo,Chris Andersen,J.R. Smith,Nene Hilario,4,9:42,CLE,foul,,,,,,,,Nene Hilario,,Zydrunas Ilgauskas,,,,,,shooting,,
Anderson Varejao,Delonte West,LeBron James,Mo Williams,Zydrunas Ilgauskas,Anthony Carter,Arron Afflalo,Chris Andersen,J.R. Smith,Nene Hilario,4,9:42,DEN,free throw,,,,,,,1,,2,Nene Hilario,,,foul,made,,,,
Anderson Varejao,Delonte West,LeBron James,Mo Williams,Zydrunas Ilgauskas,Anthony Carter,Arron Afflalo,Chris Andersen,J.R. Smith,Nene Hilario,4,9:42,DEN,free throw,,,,,,,2,,2,Nene Hilario,,,foul,made,,,,
Anderson Varejao,Delonte West,LeBron James,Mo Williams,Zydrunas Ilgauskas,Anthony Carter,Arron Afflalo,Chris Andersen,J.R. Smith,Nene Hilario,4,9:30,CLE,shot,,,,,,,,,,Mo Williams,2,,,made,,jump,44,15
Anderson Varejao,Delonte West,LeBron James,Mo Williams,Zydrunas Ilgauskas,Anthony Carter,Arron Afflalo,Chris Andersen,J.R. Smith,Nene Hilario,4,9:12,DEN,shot,Nene Hilario,,,,,,,,,Anthony Carter,3,,,made,,3pt,27,31
Anderson Varejao,Delonte West,LeBron James,Mo Williams,Zydrunas Ilgauskas,Anthony Carter,Arron Afflalo,Chris Andersen,J.R. Smith,Nene Hilario,4,8:43,CLE,shot,,,,,,,,,,LeBron James,,,,missed,,3pt,36,30
Anderson Varejao,Delonte West,LeBron James,Mo Williams,Zydrunas Ilgauskas,Anthony Carter,Arron Afflalo,Chris Andersen,J.R. Smith,Nene Hilario,4,8:42,DEN,rebound,,,,,,,,,,Anthony Carter,,,,,,def,,
Anderson Varejao,Delonte West,LeBron James,Mo Williams,Zydrunas Ilgauskas,Anthony Carter,Arron Afflalo,Chris Andersen,J.R. Smith,Nene Hilario,4,8:31,DEN,shot,Anthony Carter,,,,,,,,,Nene Hilario,2,,,made,,dunk,,
Anderson Varejao,Delonte West,LeBron James,Mo Williams,Zydrunas Ilgauskas,Anthony Carter,Arron Afflalo,Chris Andersen,J.R. Smith,Nene Hilario,4,8:29,CLE,timeout,,,,,,,,,,,,,,,,regular,,
Anderson Varejao,Delonte West,LeBron James,Mo Williams,Zydrunas Ilgauskas,Anthony Carter,Arron Afflalo,Chris Andersen,J.R. Smith,Nene Hilario,4,8:12,CLE,shot,LeBron James,,,,,,,,,Anderson Varejao,2,,,made,,layup,25,6
Anderson Varejao,Delonte West,LeBron James,Mo Williams,Zydrunas Ilgauskas,Anthony Carter,Arron Afflalo,Chris Andersen,J.R. Smith,Nene Hilario,4,7:55,DEN,shot,,,,,,,,,,Chris Andersen,,,,missed,,jump,28,23
Anderson Varejao,Delonte West,LeBron James,Mo Williams,Zydrunas Ilgauskas,Anthony Carter,Arron Afflalo,Chris Andersen,J.R. Smith,Nene Hilario,4,7:53,CLE,rebound,,,,,,,,,,Anderson Varejao,,,,,,def,,
Anderson Varejao,Delonte West,LeBron James,Mo Williams,Zydrunas Ilgauskas,Anthony Carter,Arron Afflalo,Chris Andersen,J.R. Smith,Nene Hilario,4,7:38,CLE,shot,,,Arron Afflalo,,,,,,,LeBron James,,,,missed,,layup,25,6
Anderson Varejao,Delonte West,LeBron James,Mo Williams,Zydrunas Ilgauskas,Anthony Carter,Arron Afflalo,Chris Andersen,J.R. Smith,Nene Hilario,4,7:38,CLE,rebound,,,,,,,,,,,,,,,,,,
Anderson Varejao,Delonte West,LeBron James,Mo Williams,Zydrunas Ilgauskas,Anthony Carter,Arron Afflalo,J.R. Smith,Kenyon Martin,Nene Hilario,4,7:38,DEN,sub,,,,Kenyon Martin,,Chris Andersen,,,,,,,,,,,,
Anderson Varejao,Delonte West,J.J. Hickson,LeBron James,Mo Williams,Anthony Carter,Arron Afflalo,J.R. Smith,Kenyon Martin,Nene Hilario,4,7:38,CLE,sub,,,,J.J. Hickson,,Zydrunas Ilgauskas,,,,,,,,,,,,
Anderson Varejao,Delonte West,J.J. Hickson,LeBron James,Mo Williams,Anthony Carter,Arron Afflalo,J.R. Smith,Kenyon Martin,Nene Hilario,4,7:38,CLE,jump ball,,LeBron James,,,Arron Afflalo,,,,,,,Cleveland,,,,,,
Anderson Varejao,Anthony Parker,J.J. Hickson,LeBron James,Mo Williams,Anthony Carter,Arron Afflalo,J.R. Smith,Kenyon Martin,Nene Hilario,4,7:35,CLE,sub,,,,Anthony Parker,,Delonte West,,,,,,,,,,,,
Anderson Varejao,Anthony Parker,J.J. Hickson,LeBron James,Mo Williams,Anthony Carter,Arron Afflalo,J.R. Smith,Kenyon Martin,Nene Hilario,4,7:27,CLE,shot,,,,,,,,,,LeBron James,,,,missed,,fade away jumper,40,19
Anderson Varejao,Anthony Parker,J.J. Hickson,LeBron James,Mo Williams,Anthony Carter,Arron Afflalo,J.R. Smith,Kenyon Martin,Nene Hilario,4,7:26,DEN,rebound,,,,,,,,,,Kenyon Martin,,,,,,def,,
Anderson Varejao,Anthony Parker,J.J. Hickson,LeBron James,Mo Williams,Anthony Carter,Arron Afflalo,J.R. Smith,Kenyon Martin,Nene Hilario,4,7:23,DEN,foul,,,,,,,,Anthony Parker,,J.R. Smith,,,,,,offensive,,
Anderson Varejao,Anthony Parker,J.J. Hickson,LeBron James,Mo Williams,Anthony Carter,Arron Afflalo,J.R. Smith,Kenyon Martin,Nene Hilario,4,7:23,DEN,turnover,,,,,,,,,,J.R. Smith,,,foul,,,,,
Anderson Varejao,Anthony Parker,J.J. Hickson,LeBron James,Mo Williams,Anthony Carter,Arron Afflalo,Chauncey Billups,Kenyon Martin,Nene Hilario,4,7:23,DEN,sub,,,,Chauncey Billups,,J.R. Smith,,,,,,,,,,,,
Anderson Varejao,Anthony Parker,J.J. Hickson,LeBron James,Mo Williams,Anthony Carter,Arron Afflalo,Chauncey Billups,Kenyon Martin,Nene Hilario,4,7:10,CLE,shot,,,,,,,,,,Mo Williams,,,,missed,,3pt,43,23
Anderson Varejao,Anthony Parker,J.J. Hickson,LeBron James,Mo Williams,Anthony Carter,Arron Afflalo,Chauncey Billups,Kenyon Martin,Nene Hilario,4,7:09,DEN,rebound,,,,,,,,,,Kenyon Martin,,,,,,def,,
Anderson Varejao,Anthony Parker,J.J. Hickson,LeBron James,Mo Williams,Anthony Carter,Arron Afflalo,Chauncey Billups,Kenyon Martin,Nene Hilario,4,6:56,CLE,foul,,,,,,,,Nene Hilario,,Anderson Varejao,,,,,,personal,,
Anderson Varejao,Anthony Parker,J.J. Hickson,LeBron James,Mo Williams,Anthony Carter,Arron Afflalo,Chauncey Billups,Kenyon Martin,Nene Hilario,4,6:56,DEN,free throw,,,,,,,1,,2,Nene Hilario,,,foul,made,,,,
Anderson Varejao,Anthony Parker,J.J. Hickson,LeBron James,Mo Williams,Anthony Carter,Arron Afflalo,Chauncey Billups,Kenyon Martin,Nene Hilario,4,6:56,DEN,free throw,,,,,,,2,,2,Nene Hilario,,,foul,made,,,,
Anderson Varejao,Anthony Parker,J.J. Hickson,LeBron James,Mo Williams,Anthony Carter,Arron Afflalo,Chauncey Billups,Kenyon Martin,Nene Hilario,4,6:37,DEN,foul,,,,,,,,LeBron James,,Arron Afflalo,,,,,,shooting,,
Anderson Varejao,Anthony Parker,J.J. Hickson,LeBron James,Mo Williams,Anthony Carter,Arron Afflalo,Chauncey Billups,Kenyon Martin,Nene Hilario,4,6:37,CLE,free throw,,,,,,,1,,2,LeBron James,,,foul,made,,,,
Anderson Varejao,Anthony Parker,LeBron James,Mo Williams,Zydrunas Ilgauskas,Anthony Carter,Arron Afflalo,Chauncey Billups,Kenyon Martin,Nene Hilario,4,6:37,CLE,sub,,,,Zydrunas Ilgauskas,,J.J. Hickson,,,,,,,,,,,,
Anderson Varejao,Anthony Parker,LeBron James,Mo Williams,Zydrunas Ilgauskas,Anthony Carter,Arron Afflalo,Chauncey Billups,Kenyon Martin,Nene Hilario,4,6:37,CLE,free throw,,,,,,,2,,2,LeBron James,,,foul,made,,,,
Anderson Varejao,Anthony Parker,LeBron James,Mo Williams,Zydrunas Ilgauskas,Anthony Carter,Arron Afflalo,Chauncey Billups,Kenyon Martin,Nene Hilario,4,6:19,DEN,shot,,,,,,,,,,Chauncey Billups,,,,missed,,jump,4,9
Anderson Varejao,Anthony Parker,LeBron James,Mo Williams,Zydrunas Ilgauskas,Anthony Carter,Arron Afflalo,Chauncey Billups,Kenyon Martin,Nene Hilario,4,6:18,CLE,rebound,,,,,,,,,,LeBron James,,,,,,def,,
Anderson Varejao,Anthony Parker,LeBron James,Mo Williams,Zydrunas Ilgauskas,Anthony Carter,Arron Afflalo,Chauncey Billups,Kenyon Martin,Nene Hilario,4,6:05,DEN,foul,,,,,,,,Zydrunas Ilgauskas,,Nene Hilario,,,,,,shooting,,
Anderson Varejao,Anthony Parker,LeBron James,Mo Williams,Zydrunas Ilgauskas,Anthony Carter,Arron Afflalo,Chauncey Billups,Kenyon Martin,Nene Hilario,4,6:05,CLE,free throw,,,,,,,1,,2,Zydrunas Ilgauskas,,,foul,made,,,,
Anderson Varejao,Anthony Parker,LeBron James,Mo Williams,Zydrunas Ilgauskas,Anthony Carter,Arron Afflalo,Chauncey Billups,Kenyon Martin,Nene Hilario,4,6:05,DEN,timeout,,,,,,,,,,,,,,,,regular,,
Anderson Varejao,Anthony Parker,LeBron James,Mo Williams,Zydrunas Ilgauskas,Anthony Carter,Arron Afflalo,Chauncey Billups,Chris Andersen,Kenyon Martin,4,6:05,DEN,sub,,,,Chris Andersen,,Nene Hilario,,,,,,,,,,,,
Anderson Varejao,Anthony Parker,LeBron James,Mo Williams,Zydrunas Ilgauskas,Anthony Carter,Arron Afflalo,Chauncey Billups,Chris Andersen,Kenyon Martin,4,6:05,CLE,free throw,,,,,,,2,,2,Zydrunas Ilgauskas,,,foul,made,,,,
Anderson Varejao,Anthony Parker,LeBron James,Mo Williams,Zydrunas Ilgauskas,Anthony Carter,Arron Afflalo,Chauncey Billups,Chris Andersen,Kenyon Martin,4,5:49,DEN,shot,,,,,,,,,,Kenyon Martin,,,,missed,,driving layup,25,6
Anderson Varejao,Anthony Parker,LeBron James,Mo Williams,Zydrunas Ilgauskas,Anthony Carter,Arron Afflalo,Chauncey Billups,Chris Andersen,Kenyon Martin,4,5:47,CLE,rebound,,,,,,,,,,LeBron James,,,,,,def,,
Anderson Varejao,Anthony Parker,LeBron James,Mo Williams,Zydrunas Ilgauskas,Anthony Carter,Arron Afflalo,Chauncey Billups,Chris Andersen,Kenyon Martin,4,5:30,CLE,shot,Mo Williams,,,,,,,,,Anderson Varejao,2,,,made,,driving finger roll layup,25,6
Anderson Varejao,Anthony Parker,LeBron James,Mo Williams,Zydrunas Ilgauskas,Anthony Carter,Arron Afflalo,Chauncey Billups,Chris Andersen,Kenyon Martin,4,5:09,DEN,shot,,,,,,,,,,Kenyon Martin,,,,missed,,jump,28,11
Anderson Varejao,Anthony Parker,LeBron James,Mo Williams,Zydrunas Ilgauskas,Anthony Carter,Arron Afflalo,Chauncey Billups,Chris Andersen,Kenyon Martin,4,5:08,DEN,rebound,,,,,,,,,,,,,,,,,,
Anderson Varejao,Anthony Parker,LeBron James,Mo Williams,Zydrunas Ilgauskas,Anthony Carter,Arron Afflalo,Chauncey Billups,Chris Andersen,Kenyon Martin,4,5:08,CLE,foul,,,,,,,,Chris Andersen,,LeBron James,,,,,,loose ball,,
Anderson Varejao,Anthony Parker,LeBron James,Mo Williams,Zydrunas Ilgauskas,Anthony Carter,Arron Afflalo,Chauncey Billups,Chris Andersen,Kenyon Martin,4,5:08,DEN,free throw,,,,,,,1,,2,Chris Andersen,,,foul,made,,,,
Anderson Varejao,Anthony Parker,LeBron James,Mo Williams,Zydrunas Ilgauskas,Anthony Carter,Arron Afflalo,Chauncey Billups,Chris Andersen,Kenyon Martin,4,5:08,DEN,free throw,,,,,,,2,,2,Chris Andersen,,,foul,missed,,,,
Anderson Varejao,Anthony Parker,LeBron James,Mo Williams,Zydrunas Ilgauskas,Anthony Carter,Arron Afflalo,Chauncey Billups,Chris Andersen,Kenyon Martin,4,5:07,CLE,rebound,,,,,,,,,,Anderson Varejao,,,,,,def,,
Anderson Varejao,Anthony Parker,LeBron James,Mo Williams,Zydrunas Ilgauskas,Anthony Carter,Arron Afflalo,Chauncey Billups,Chris Andersen,Kenyon Martin,4,4:48,CLE,shot,,,,,,,,,,Zydrunas Ilgauskas,2,,,made,,turnaround fade away,29,16
Anderson Varejao,Anthony Parker,LeBron James,Mo Williams,Zydrunas Ilgauskas,Anthony Carter,Arron Afflalo,Chauncey Billups,Chris Andersen,Kenyon Martin,4,4:33,CLE,foul,,,,,,,,Chauncey Billups,,Anthony Parker,,,,,,personal,,
Anderson Varejao,Anthony Parker,LeBron James,Mo Williams,Zydrunas Ilgauskas,Anthony Carter,Arron Afflalo,Chauncey Billups,Kenyon Martin,Nene Hilario,4,4:33,DEN,sub,,,,Nene Hilario,,Chris Andersen,,,,,,,,,,,,
Anderson Varejao,Anthony Parker,LeBron James,Mo Williams,Zydrunas Ilgauskas,Anthony Carter,Arron Afflalo,Chauncey Billups,Kenyon Martin,Nene Hilario,4,4:33,DEN,free throw,,,,,,,1,,2,Chauncey Billups,,,foul,missed,,,,
Anderson Varejao,Anthony Parker,LeBron James,Mo Williams,Zydrunas Ilgauskas,Anthony Carter,Arron Afflalo,Chauncey Billups,Kenyon Martin,Nene Hilario,4,4:33,DEN,rebound,,,,,,,,,,,,,,,,,,
Anderson Varejao,Anthony Parker,LeBron James,Mo Williams,Zydrunas Ilgauskas,Anthony Carter,Arron Afflalo,Chauncey Billups,Kenyon Martin,Nene Hilario,4,4:33,DEN,free throw,,,,,,,2,,2,Chauncey Billups,,,foul,made,,,,
Anderson Varejao,Anthony Parker,LeBron James,Mo Williams,Zydrunas Ilgauskas,Anthony Carter,Arron Afflalo,Chauncey Billups,Kenyon Martin,Nene Hilario,4,4:21,CLE,shot,,,,,,,,,,Zydrunas Ilgauskas,,,,missed,,jump,31,11
Anderson Varejao,Anthony Parker,LeBron James,Mo Williams,Zydrunas Ilgauskas,Anthony Carter,Arron Afflalo,Chauncey Billups,Kenyon Martin,Nene Hilario,4,4:20,CLE,rebound,,,,,,,,,,Anderson Varejao,,,,,,off,,
Anderson Varejao,Anthony Parker,LeBron James,Mo Williams,Zydrunas Ilgauskas,Anthony Carter,Arron Afflalo,Chauncey Billups,Kenyon Martin,Nene Hilario,4,4:20,DEN,foul,,,,,,,,Anderson Varejao,,Anthony Carter,,,,,,shooting,,
Anderson Varejao,Anthony Parker,LeBron James,Mo Williams,Zydrunas Ilgauskas,Anthony Carter,Arron Afflalo,Chauncey Billups,Kenyon Martin,Nene Hilario,4,4:20,CLE,free throw,,,,,,,1,,2,Anderson Varejao,,,foul,made,,,,
Anderson Varejao,Anthony Parker,LeBron James,Mo Williams,Zydrunas Ilgauskas,Anthony Carter,Arron Afflalo,Chauncey Billups,Kenyon Martin,Nene Hilario,4,4:20,CLE,free throw,,,,,,,2,,2,Anderson Varejao,,,foul,made,,,,
Anderson Varejao,Anthony Parker,LeBron James,Mo Williams,Zydrunas Ilgauskas,Anthony Carter,Arron Afflalo,Chauncey Billups,Kenyon Martin,Nene Hilario,4,4:06,DEN,shot,,,,,,,,,,Anthony Carter,,,,missed,,3pt,25,32
Anderson Varejao,Anthony Parker,LeBron James,Mo Williams,Zydrunas Ilgauskas,Anthony Carter,Arron Afflalo,Chauncey Billups,Kenyon Martin,Nene Hilario,4,4:05,CLE,rebound,,,,,,,,,,LeBron James,,,,,,def,,
Anderson Varejao,Anthony Parker,LeBron James,Mo Williams,Zydrunas Ilgauskas,Anthony Carter,Arron Afflalo,Chauncey Billups,Kenyon Martin,Nene Hilario,4,3:43,CLE,shot,,,,,,,,,,LeBron James,2,,,made,,driving finger roll layup,25,6
Anderson Varejao,Anthony Parker,LeBron James,Mo Williams,Zydrunas Ilgauskas,Anthony Carter,Arron Afflalo,Chauncey Billups,Kenyon Martin,Nene Hilario,4,3:37,DEN,timeout,,,,,,,,,,,,,,,,short,,
Anderson Varejao,Anthony Parker,LeBron James,Mo Williams,Zydrunas Ilgauskas,Arron Afflalo,Chauncey Billups,J.R. Smith,Kenyon Martin,Nene Hilario,4,3:37,DEN,sub,,,,J.R. Smith,,Anthony Carter,,,,,,,,,,,,
Anderson Varejao,Anthony Parker,LeBron James,Mo Williams,Zydrunas Ilgauskas,Arron Afflalo,Chauncey Billups,J.R. Smith,Kenyon Martin,Nene Hilario,4,3:19,DEN,shot,,,,,,,,,,J.R. Smith,,,,missed,,jump,41,20
Anderson Varejao,Anthony Parker,LeBron James,Mo Williams,Zydrunas Ilgauskas,Arron Afflalo,Chauncey Billups,J.R. Smith,Kenyon Martin,Nene Hilario,4,3:18,CLE,rebound,,,,,,,,,,Anderson Varejao,,,,,,def,,
Anderson Varejao,Anthony Parker,LeBron James,Mo Williams,Zydrunas Ilgauskas,Arron Afflalo,Chauncey Billups,J.R. Smith,Kenyon Martin,Nene Hilario,4,2:55,CLE,shot,,,,,,,,,,LeBron James,,,,missed,,running jump,15,14
Anderson Varejao,Anthony Parker,LeBron James,Mo Williams,Zydrunas Ilgauskas,Arron Afflalo,Chauncey Billups,J.R. Smith,Kenyon Martin,Nene Hilario,4,2:54,CLE,rebound,,,,,,,,,,Anderson Varejao,,,,,,off,,
Anderson Varejao,Anthony Parker,LeBron James,Mo Williams,Zydrunas Ilgauskas,Arron Afflalo,Chauncey Billups,J.R. Smith,Kenyon Martin,Nene Hilario,4,2:53,CLE,shot,,,,,,,,,,Anderson Varejao,,,,missed,,reverse layup,25,6
Anderson Varejao,Anthony Parker,LeBron James,Mo Williams,Zydrunas Ilgauskas,Arron Afflalo,Chauncey Billups,J.R. Smith,Kenyon Martin,Nene Hilario,4,2:52,DEN,rebound,,,,,,,,,,Nene Hilario,,,,,,def,,
Anderson Varejao,Anthony Parker,LeBron James,Mo Williams,Zydrunas Ilgauskas,Arron Afflalo,Chauncey Billups,J.R. Smith,Kenyon Martin,Nene Hilario,4,2:48,CLE,violation,,,,,,,,,,LeBron James,,,,,,defensive goaltending,,
Anderson Varejao,Anthony Parker,LeBron James,Mo Williams,Zydrunas Ilgauskas,Arron Afflalo,Chauncey Billups,J.R. Smith,Kenyon Martin,Nene Hilario,4,2:48,DEN,shot,,,,,,,,,,Chauncey Billups,2,,,made,,driving layup,25,6
Anderson Varejao,Anthony Parker,LeBron James,Mo Williams,Zydrunas Ilgauskas,Arron Afflalo,Chauncey Billups,J.R. Smith,Kenyon Martin,Nene Hilario,4,2:24,CLE,shot,,,,,,,,,,Mo Williams,,,,missed,,jump,40,20
Anderson Varejao,Anthony Parker,LeBron James,Mo Williams,Zydrunas Ilgauskas,Arron Afflalo,Chauncey Billups,J.R. Smith,Kenyon Martin,Nene Hilario,4,2:23,DEN,rebound,,,,,,,,,,J.R. Smith,,,,,,def,,
Anderson Varejao,Anthony Parker,LeBron James,Mo Williams,Zydrunas Ilgauskas,Arron Afflalo,Chauncey Billups,J.R. Smith,Kenyon Martin,Nene Hilario,4,2:01,DEN,foul,,,,,,,,LeBron James,,Arron Afflalo,,,,,,loose ball,,
Anderson Varejao,Anthony Parker,LeBron James,Mo Williams,Zydrunas Ilgauskas,Arron Afflalo,Chauncey Billups,J.R. Smith,Kenyon Martin,Nene Hilario,4,2:01,DEN,turnover,,,,,,,,,,Arron Afflalo,,,foul,,,,,
Anderson Varejao,Anthony Parker,LeBron James,Mo Williams,Zydrunas Ilgauskas,Arron Afflalo,Chauncey Billups,J.R. Smith,Kenyon Martin,Nene Hilario,4,2:01,CLE,timeout,,,,,,,,,,,,,,,,official,,
Anderson Varejao,Anthony Parker,LeBron James,Mo Williams,Zydrunas Ilgauskas,Arron Afflalo,Chauncey Billups,J.R. Smith,Kenyon Martin,Nene Hilario,4,1:51,CLE,shot,,,,,,,,,,LeBron James,2,,,made,,driving layup,25,6
Anderson Varejao,Anthony Parker,LeBron James,Mo Williams,Zydrunas Ilgauskas,Arron Afflalo,Chauncey Billups,J.R. Smith,Kenyon Martin,Nene Hilario,4,1:33,DEN,shot,J.R. Smith,,,,,,,,,Arron Afflalo,3,,,made,,3pt,2,10
Anderson Varejao,Anthony Parker,LeBron James,Mo Williams,Zydrunas Ilgauskas,Arron Afflalo,Chauncey Billups,J.R. Smith,Kenyon Martin,Nene Hilario,4,1:22,CLE,foul,,,,,,,,Nene Hilario,,Anderson Varejao,,,,,,offensive,,
Anderson Varejao,Anthony Parker,LeBron James,Mo Williams,Zydrunas Ilgauskas,Arron Afflalo,Chauncey Billups,J.R. Smith,Kenyon Martin,Nene Hilario,4,1:22,CLE,turnover,,,,,,,,,,Anderson Varejao,,,foul,,,,,
Anderson Varejao,Anthony Parker,LeBron James,Mo Williams,Zydrunas Ilgauskas,Arron Afflalo,Chauncey Billups,J.R. Smith,Kenyon Martin,Nene Hilario,4,1:07,DEN,shot,J.R. Smith,,,,,,,,,Kenyon Martin,2,,,made,,jump bank,12,11
Anderson Varejao,Anthony Parker,LeBron James,Mo Williams,Zydrunas Ilgauskas,Arron Afflalo,Chauncey Billups,J.R. Smith,Kenyon Martin,Nene Hilario,4,0:45,CLE,shot,,,,,,,,,,LeBron James,,,,missed,,running jump,33,14
Anderson Varejao,Anthony Parker,LeBron James,Mo Williams,Zydrunas Ilgauskas,Arron Afflalo,Chauncey Billups,J.R. Smith,Kenyon Martin,Nene Hilario,4,0:44,DEN,rebound,,,,,,,,,,J.R. Smith,,,,,,def,,
Anderson Varejao,Anthony Parker,LeBron James,Mo Williams,Zydrunas Ilgauskas,Arron Afflalo,Chauncey Billups,J.R. Smith,Kenyon Martin,Nene Hilario,4,0:31,DEN,shot,Kenyon Martin,,,,,,,,,J.R. Smith,3,,,made,,3pt,43,28
Anderson Varejao,Anthony Parker,LeBron James,Mo Williams,Zydrunas Ilgauskas,Arron Afflalo,Chauncey Billups,J.R. Smith,Kenyon Martin,Nene Hilario,4,0:31,CLE,timeout,,,,,,,,,,,,,,,,regular,,
Anderson Varejao,Anthony Parker,LeBron James,Mo Williams,Zydrunas Ilgauskas,Arron Afflalo,Chauncey Billups,J.R. Smith,Kenyon Martin,Nene Hilario,4,0:27,CLE,turnover,,,,,,,,,,LeBron James,,,step out of bounds turnover,,,,,
Anderson Varejao,Anthony Parker,Jawad Williams,LeBron James,Mo Williams,Arron Afflalo,Chauncey Billups,J.R. Smith,Kenyon Martin,Nene Hilario,4,0:27,CLE,sub,,,,Jawad Williams,,Zydrunas Ilgauskas,,,,,,,,,,,,
Anthony Parker,Delonte West,Jawad Williams,LeBron James,Mo Williams,Arron Afflalo,Chauncey Billups,J.R. Smith,Kenyon Martin,Nene Hilario,4,0:27,CLE,sub,,,,Delonte West,,Anderson Varejao,,,,,,,,,,,,
Anthony Parker,Delonte West,Jawad Williams,LeBron James,Mo Williams,Arron Afflalo,Chauncey Billups,J.R. Smith,Kenyon Martin,Nene Hilario,4,0:22,DEN,turnover,,,,,,,,,,Chauncey Billups,,,lost ball,,LeBron James,,,
Anthony Parker,Delonte West,Jawad Williams,LeBron James,Mo Williams,Arron Afflalo,Chauncey Billups,J.R. Smith,Kenyon Martin,Nene Hilario,4,0:17,CLE,shot,,,,,,,,,,Mo Williams,,,,missed,,3pt,48,8
Anthony Parker,Delonte West,Jawad Williams,LeBron James,Mo Williams,Arron Afflalo,Chauncey Billups,J.R. Smith,Kenyon Martin,Nene Hilario,4,0:17,CLE,rebound,,,,,,,,,,,,,,,,,,
Anthony Parker,Delonte West,Jawad Williams,LeBron James,Mo Williams,Arron Afflalo,Chauncey Billups,J.R. Smith,Kenyon Martin,Nene Hilario,4,0:11,CLE,shot,,,,,,,,,,LeBron James,3,,,made,,3pt,2,12
Anthony Parker,Delonte West,Jawad Williams,LeBron James,Mo Williams,Arron Afflalo,Chauncey Billups,J.R. Smith,Kenyon Martin,Nene Hilario,4,0:11,DEN,timeout,,,,,,,,,,,,,,,,short,,
Anthony Parker,Delonte West,Jawad Williams,LeBron James,Mo Williams,Arron Afflalo,Chauncey Billups,J.R. Smith,Kenyon Martin,Nene Hilario,4,0:11,CLE,foul,,,,,,,,J.R. Smith,,Anthony Parker,,,,,,personal,,
Anthony Parker,Delonte West,Jawad Williams,LeBron James,Mo Williams,Arron Afflalo,Chauncey Billups,J.R. Smith,Kenyon Martin,Nene Hilario,4,0:11,DEN,free throw,,,,,,,1,,2,J.R. Smith,,,foul,made,,,,
Anderson Varejao,Anthony Parker,Delonte West,LeBron James,Mo Williams,Arron Afflalo,Chauncey Billups,J.R. Smith,Kenyon Martin,Nene Hilario,4,0:11,CLE,sub,,,,Anderson Varejao,,Jawad Williams,,,,,,,,,,,,
Anderson Varejao,Anthony Parker,Delonte West,LeBron James,Zydrunas Ilgauskas,Arron Afflalo,Chauncey Billups,J.R. Smith,Kenyon Martin,Nene Hilario,4,0:11,CLE,sub,,,,Zydrunas Ilgauskas,,Mo Williams,,,,,,,,,,,,
Anderson Varejao,Anthony Parker,Delonte West,LeBron James,Zydrunas Ilgauskas,Arron Afflalo,Chauncey Billups,J.R. Smith,Kenyon Martin,Nene Hilario,4,0:11,DEN,free throw,,,,,,,2,,2,J.R. Smith,,,foul,made,,,,
Anderson Varejao,Anthony Parker,Delonte West,LeBron James,Zydrunas Ilgauskas,Arron Afflalo,Chauncey Billups,J.R. Smith,Kenyon Martin,Nene Hilario,4,0:11,CLE,timeout,,,,,,,,,,,,,,,,short,,
Anthony Parker,Delonte West,LeBron James,Mo Williams,Zydrunas Ilgauskas,Arron Afflalo,Chauncey Billups,J.R. Smith,Kenyon Martin,Nene Hilario,4,0:11,CLE,sub,,,,Mo Williams,,Anderson Varejao,,,,,,,,,,,,
Anthony Parker,Delonte West,LeBron James,Mo Williams,Zydrunas Ilgauskas,Arron Afflalo,Chauncey Billups,J.R. Smith,Kenyon Martin,Nene Hilario,4,0:06,CLE,shot,,,,,,,,,,LeBron James,,,,missed,,3pt,28,33
Anthony Parker,Delonte West,LeBron James,Mo Williams,Zydrunas Ilgauskas,Arron Afflalo,Chauncey Billups,J.R. Smith,Kenyon Martin,Nene Hilario,4,0:06,DEN,rebound,,,,,,,,,,Nene Hilario,,,,,,def,,
Anthony Parker,Delonte West,LeBron James,Mo Williams,Zydrunas Ilgauskas,Arron Afflalo,Chauncey Billups,J.R. Smith,Kenyon Martin,Nene Hilario,4,0:06,CLE,foul,,,,,,,,Nene Hilario,,Delonte West,,,,,,personal,,
Anthony Parker,Delonte West,LeBron James,Mo Williams,Zydrunas Ilgauskas,Arron Afflalo,Chauncey Billups,J.R. Smith,Kenyon Martin,Nene Hilario,4,0:06,DEN,free throw,,,,,,,1,,2,Nene Hilario,,,foul,missed,,,,
Anthony Parker,Delonte West,LeBron James,Mo Williams,Zydrunas Ilgauskas,Arron Afflalo,Chauncey Billups,J.R. Smith,Kenyon Martin,Nene Hilario,4,0:06,DEN,rebound,,,,,,,,,,,,,,,,,,
Anderson Varejao,Anthony Parker,Delonte West,LeBron James,Zydrunas Ilgauskas,Arron Afflalo,Chauncey Billups,J.R. Smith,Kenyon Martin,Nene Hilario,4,0:06,CLE,sub,,,,Anderson Varejao,,Mo Williams,,,,,,,,,,,,
Anderson Varejao,Anthony Parker,Delonte West,LeBron James,Zydrunas Ilgauskas,Arron Afflalo,Chauncey Billups,J.R. Smith,Kenyon Martin,Nene Hilario,4,0:06,DEN,free throw,,,,,,,2,,2,Nene Hilario,,,foul,missed,,,,
Anderson Varejao,Anthony Parker,Delonte West,LeBron James,Zydrunas Ilgauskas,Arron Afflalo,Chauncey Billups,J.R. Smith,Kenyon Martin,Nene Hilario,4,0:04,CLE,rebound,,,,,,,,,,Anderson Varejao,,,,,,def,,
Anderson Varejao,Anthony Parker,Delonte West,LeBron James,Zydrunas Ilgauskas,Arron Afflalo,Chauncey Billups,J.R. Smith,Kenyon Martin,Nene Hilario,4,0:04,CLE,timeout,,,,,,,,,,,,,,,,short,,
Anthony Parker,Delonte West,LeBron James,Mo Williams,Zydrunas Ilgauskas,Arron Afflalo,Chauncey Billups,J.R. Smith,Kenyon Martin,Nene Hilario,4,0:04,CLE,sub,,,,Mo Williams,,Anderson Varejao,,,,,,,,,,,,
Anthony Parker,Delonte West,LeBron James,Mo Williams,Zydrunas Ilgauskas,Arron Afflalo,Chauncey Billups,J.R. Smith,Kenyon Martin,Nene Hilario,4,0:01,CLE,shot,Anthony Parker,,,,,,,,,LeBron James,3,,,made,,3pt,42,26
Anthony Parker,Delonte West,LeBron James,Mo Williams,Zydrunas Ilgauskas,Arron Afflalo,Chauncey Billups,J.R. Smith,Kenyon Martin,Nene Hilario,4,0:01,DEN,timeout,,,,,,,,,,,,,,,,regular,,
Anthony Parker,Delonte West,LeBron James,Mo Williams,Zydrunas Ilgauskas,Arron Afflalo,Chauncey Billups,J.R. Smith,Kenyon Martin,Nene Hilario,4,0:00,CLE,foul,,,,,,,,Chauncey Billups,,Delonte West,,,,,,personal,,
Anthony Parker,Delonte West,LeBron James,Mo Williams,Zydrunas Ilgauskas,Arron Afflalo,Chauncey Billups,J.R. Smith,Kenyon Martin,Nene Hilario,4,0:00,DEN,free throw,,,,,,,1,,2,Chauncey Billups,,,foul,made,,,,
Anthony Parker,Delonte West,LeBron James,Mo Williams,Zydrunas Ilgauskas,Arron Afflalo,Chauncey Billups,J.R. Smith,Kenyon Martin,Nene Hilario,4,0:00,DEN,free throw,,,,,,,2,,2,Chauncey Billups,,,foul,missed,,,,
Anthony Parker,Delonte West,LeBron James,Mo Williams,Zydrunas Ilgauskas,Arron Afflalo,Chauncey Billups,J.R. Smith,Kenyon Martin,Nene Hilario,4,0:00,CLE,rebound,,,,,,,,,,Zydrunas Ilgauskas,,,,,,def,,
