a1,a2,a3,a4,a5,h1,h2,h3,h4,h5,period,time,team,etype,assist,away,block,entered,home,left,num,opponent,outof,player,points,possession,reason,result,steal,type,x,y
Amare Stoudemire,Channing Frye,Grant Hill,Jason Richardson,Steve Nash,Donte Greene,Jason Thompson,Omri Casspi,Spencer Hawes,Tyreke Evans,1,12:00,OFF,jump ball,,Amare Stoudemire,,,Spencer Hawes,,,,,,,Steve Nash,,,,,,
Amare Stoudemire,Channing Frye,Grant Hill,Jason Richardson,Steve Nash,Donte Greene,Jason Thompson,Omri Casspi,Spencer Hawes,Tyreke Evans,1,11:45,PHX,shot,Steve Nash,,,,,,,,,Amare Stoudemire,2,,,made,,running jump,29,12
Amare Stoudemire,Channing Frye,Grant Hill,Jason Richardson,Steve Nash,Donte Greene,Jason Thompson,Omri Casspi,Spencer Hawes,Tyreke Evans,1,11:45,SAC,foul,,,,,,,,Amare Stoudemire,,Spencer Hawes,,,,,,shooting,,
Amare Stoudemire,Channing Frye,Grant Hill,Jason Richardson,Steve Nash,Donte Greene,Jason Thompson,Omri Casspi,Spencer Hawes,Tyreke Evans,1,11:45,PHX,free throw,,,,,,,1,,1,Amare Stoudemire,,,foul,made,,,,
Amare Stoudemire,Channing Frye,Grant Hill,Jason Richardson,Steve Nash,Donte Greene,Jason Thompson,Omri Casspi,Spencer Hawes,Tyreke Evans,1,11:31,SAC,shot,Spencer Hawes,,,,,,,,,Omri Casspi,2,,,made,,jump,21,8
Amare Stoudemire,Channing Frye,Grant Hill,Jason Richardson,Steve Nash,Donte Greene,Jason Thompson,Omri Casspi,Spencer Hawes,Tyreke Evans,1,11:22,PHX,shot,Steve Nash,,,,,,,,,Channing Frye,2,,,made,,jump,16,27
Amare Stoudemire,Channing Frye,Grant Hill,Jason Richardson,Steve Nash,Donte Greene,Jason Thompson,Omri Casspi,Spencer Hawes,Tyreke Evans,1,10:59,SAC,shot,,,,,,,,,,Jason Thompson,2,,,made,,turnaround fade away,32,7
Amare Stoudemire,Channing Frye,Grant Hill,Jason Richardson,Steve Nash,Donte Greene,Jason Thompson,Omri Casspi,Spencer Hawes,Tyreke Evans,1,10:47,PHX,shot,,,,,,,,,,Steve Nash,2,,,made,,driving layup,25,6
Amare Stoudemire,Channing Frye,Grant Hill,Jason Richardson,Steve Nash,Donte Greene,Jason Thompson,Omri Casspi,Spencer Hawes,Tyreke Evans,1,10:22,SAC,shot,Spencer Hawes,,,,,,,,,Donte Greene,2,,,made,,jump,6,8
Amare Stoudemire,Channing Frye,Grant Hill,Jason Richardson,Steve Nash,Donte Greene,Jason Thompson,Omri Casspi,Spencer Hawes,Tyreke Evans,1,10:01,PHX,shot,Amare Stoudemire,,,,,,,,,Steve Nash,3,,,made,,3pt,15,29
Amare Stoudemire,Channing Frye,Grant Hill,Jason Richardson,Steve Nash,Donte Greene,Jason Thompson,Omri Casspi,Spencer Hawes,Tyreke Evans,1,9:39,SAC,shot,,,,,,,,,,Donte Greene,,,,missed,,3pt,11,26
Amare Stoudemire,Channing Frye,Grant Hill,Jason Richardson,Steve Nash,Donte Greene,Jason Thompson,Omri Casspi,Spencer Hawes,Tyreke Evans,1,9:37,PHX,rebound,,,,,,,,,,Amare Stoudemire,,,,,,def,,
Amare Stoudemire,Channing Frye,Grant Hill,Jason Richardson,Steve Nash,Donte Greene,Jason Thompson,Omri Casspi,Spencer Hawes,Tyreke Evans,1,9:32,PHX,shot,Steve Nash,,,,,,,,,Grant Hill,2,,,made,,driving layup,25,6
Amare Stoudemire,Channing Frye,Grant Hill,Jason Richardson,Steve Nash,Donte Greene,Jason Thompson,Omri Casspi,Spencer Hawes,Tyreke Evans,1,9:12,SAC,shot,,,,,,,,,,Omri Casspi,,,,missed,,3pt,2,14
Amare Stoudemire,Channing Frye,Grant Hill,Jason Richardson,Steve Nash,Donte Greene,Jason Thompson,Omri Casspi,Spencer Hawes,Tyreke Evans,1,9:11,PHX,rebound,,,,,,,,,,Grant Hill,,,,,,def,,
Amare Stoudemire,Channing Frye,Grant Hill,Jason Richardson,Steve Nash,Donte Greene,Jason Thompson,Omri Casspi,Spencer Hawes,Tyreke Evans,1,9:06,SAC,foul,,,,,,,,Channing Frye,,Omri Casspi,,,,,,shooting,,
Amare Stoudemire,Channing Frye,Grant Hill,Jason Richardson,Steve Nash,Donte Greene,Jason Thompson,Omri Casspi,Spencer Hawes,Tyreke Evans,1,9:06,PHX,free throw,,,,,,,1,,2,Channing Frye,,,foul,made,,,,
Amare Stoudemire,Channing Frye,Grant Hill,Jason Richardson,Steve Nash,Donte Greene,Jason Thompson,Omri Casspi,Spencer Hawes,Tyreke Evans,1,9:06,SAC,timeout,,,,,,,,,,,,,,,,regular,,
Amare Stoudemire,Channing Frye,Grant Hill,Jason Richardson,Steve Nash,Donte Greene,Jason Thompson,Omri Casspi,Spencer Hawes,Tyreke Evans,1,9:06,PHX,free throw,,,,,,,2,,2,Channing Frye,,,foul,missed,,,,
Amare Stoudemire,Channing Frye,Grant Hill,Jason Richardson,Steve Nash,Donte Greene,Jason Thompson,Omri Casspi,Spencer Hawes,Tyreke Evans,1,9:06,SAC,rebound,,,,,,,,,,Spencer Hawes,,,,,,def,,
Amare Stoudemire,Channing Frye,Grant Hill,Jason Richardson,Steve Nash,Donte Greene,Jason Thompson,Omri Casspi,Spencer Hawes,Tyreke Evans,1,8:47,SAC,shot,Tyreke Evans,,,,,,,,,Jason Thompson,2,,,made,,driving layup,25,6
Amare Stoudemire,Channing Frye,Grant Hill,Jason Richardson,Steve Nash,Donte Greene,Jason Thompson,Omri Casspi,Spencer Hawes,Tyreke Evans,1,8:47,PHX,foul,,,,,,,,Jason Thompson,,Jason Richardson,,,,,,shooting,,
Amare Stoudemire,Channing Frye,Grant Hill,Jason Richardson,Steve Nash,Donte Greene,Jason Thompson,Omri Casspi,Spencer Hawes,Tyreke Evans,1,8:47,SAC,free throw,,,,,,,1,,1,Jason Thompson,,,foul,made,,,,
Amare Stoudemire,Channing Frye,Grant Hill,Jason Richardson,Steve Nash,Donte Greene,Jason Thompson,Omri Casspi,Spencer Hawes,Tyreke Evans,1,8:29,PHX,shot,,,,,,,,,,Channing Frye,,,,missed,,running hook,21,10
Amare Stoudemire,Channing Frye,Grant Hill,Jason Richardson,Steve Nash,Donte Greene,Jason Thompson,Omri Casspi,Spencer Hawes,Tyreke Evans,1,8:28,SAC,rebound,,,,,,,,,,Donte Greene,,,,,,def,,
Amare Stoudemire,Channing Frye,Grant Hill,Jason Richardson,Steve Nash,Donte Greene,Jason Thompson,Omri Casspi,Spencer Hawes,Tyreke Evans,1,8:20,SAC,shot,Donte Greene,,,,,,,,,Omri Casspi,2,,,made,,jump,30,9
Amare Stoudemire,Channing Frye,Grant Hill,Jason Richardson,Steve Nash,Donte Greene,Jason Thompson,Omri Casspi,Spencer Hawes,Tyreke Evans,1,8:12,PHX,shot,,,,,,,,,,Grant Hill,,,,missed,,fade away jumper,31,13
Amare Stoudemire,Channing Frye,Grant Hill,Jason Richardson,Steve Nash,Donte Greene,Jason Thompson,Omri Casspi,Spencer Hawes,Tyreke Evans,1,8:11,SAC,rebound,,,,,,,,,,Donte Greene,,,,,,def,,
Amare Stoudemire,Channing Frye,Grant Hill,Jason Richardson,Steve Nash,Donte Greene,Jason Thompson,Omri Casspi,Spencer Hawes,Tyreke Evans,1,8:02,SAC,turnover,,,,,,,,,,Donte Greene,,,bad pass,,Amare Stoudemire,,,
Amare Stoudemire,Channing Frye,Grant Hill,Jason Richardson,Steve Nash,Donte Greene,Jason Thompson,Omri Casspi,Spencer Hawes,Tyreke Evans,1,7:57,PHX,shot,,,,,,,,,,Grant Hill,,,,missed,,layup,25,6
Amare Stoudemire,Channing Frye,Grant Hill,Jason Richardson,Steve Nash,Donte Greene,Jason Thompson,Omri Casspi,Spencer Hawes,Tyreke Evans,1,7:55,SAC,rebound,,,,,,,,,,Tyreke Evans,,,,,,def,,
Amare Stoudemire,Channing Frye,Grant Hill,Jason Richardson,Steve Nash,Donte Greene,Jason Thompson,Omri Casspi,Spencer Hawes,Tyreke Evans,1,7:50,SAC,shot,,,,,,,,,,Tyreke Evans,,,,missed,,jump,22,23
Amare Stoudemire,Channing Frye,Grant Hill,Jason Richardson,Steve Nash,Donte Greene,Jason Thompson,Omri Casspi,Spencer Hawes,Tyreke Evans,1,7:49,PHX,rebound,,,,,,,,,,Channing Frye,,,,,,def,,
Amare Stoudemire,Channing Frye,Grant Hill,Jason Richardson,Steve Nash,Donte Greene,Jason Thompson,Omri Casspi,Spencer Hawes,Tyreke Evans,1,7:44,SAC,foul,,,,,,,,Amare Stoudemire,,Jason Thompson,,,,,,personal,,
Amare Stoudemire,Channing Frye,Grant Hill,Jason Richardson,Steve Nash,Donte Greene,Jason Thompson,Omri Casspi,Spencer Hawes,Tyreke Evans,1,7:37,PHX,shot,,,,,,,,,,Jason Richardson,,,,missed,,jump,13,24
Amare Stoudemire,Channing Frye,Grant Hill,Jason Richardson,Steve Nash,Donte Greene,Jason Thompson,Omri Casspi,Spencer Hawes,Tyreke Evans,1,7:35,PHX,rebound,,,,,,,,,,,,,,,,,,
Amare Stoudemire,Channing Frye,Grant Hill,Jason Richardson,Steve Nash,Donte Greene,Jason Thompson,Omri Casspi,Spencer Hawes,Tyreke Evans,1,7:27,PHX,shot,,,,,,,,,,Grant Hill,,,,missed,,3pt,48,8
Amare Stoudemire,Channing Frye,Grant Hill,Jason Richardson,Steve Nash,Donte Greene,Jason Thompson,Omri Casspi,Spencer Hawes,Tyreke Evans,1,7:26,SAC,rebound,,,,,,,,,,Jason Thompson,,,,,,def,,
Amare Stoudemire,Channing Frye,Grant Hill,Jason Richardson,Steve Nash,Donte Greene,Jason Thompson,Omri Casspi,Spencer Hawes,Tyreke Evans,1,7:21,SAC,shot,Jason Thompson,,,,,,,,,Omri Casspi,2,,,made,,slam dunk,25,6
Amare Stoudemire,Channing Frye,Grant Hill,Jason Richardson,Steve Nash,Donte Greene,Jason Thompson,Omri Casspi,Spencer Hawes,Tyreke Evans,1,7:07,PHX,shot,Steve Nash,,,,,,,,,Amare Stoudemire,2,,,made,,reverse layup,25,6
Amare Stoudemire,Channing Frye,Grant Hill,Jason Richardson,Steve Nash,Donte Greene,Jason Thompson,Omri Casspi,Spencer Hawes,Tyreke Evans,1,6:48,SAC,shot,,,,,,,,,,Jason Thompson,,,,missed,,jump,40,22
Amare Stoudemire,Channing Frye,Grant Hill,Jason Richardson,Steve Nash,Donte Greene,Jason Thompson,Omri Casspi,Spencer Hawes,Tyreke Evans,1,6:47,PHX,rebound,,,,,,,,,,Jason Richardson,,,,,,def,,
Amare Stoudemire,Channing Frye,Grant Hill,Jason Richardson,Steve Nash,Donte Greene,Jason Thompson,Omri Casspi,Spencer Hawes,Tyreke Evans,1,6:32,PHX,shot,,,,,,,,,,Jason Richardson,,,,missed,,jump,20,12
Amare Stoudemire,Channing Frye,Grant Hill,Jason Richardson,Steve Nash,Donte Greene,Jason Thompson,Omri Casspi,Spencer Hawes,Tyreke Evans,1,6:31,PHX,rebound,,,,,,,,,,Amare Stoudemire,,,,,,off,,
Amare Stoudemire,Channing Frye,Grant Hill,Jason Richardson,Steve Nash,Donte Greene,Jason Thompson,Omri Casspi,Spencer Hawes,Tyreke Evans,1,6:31,PHX,shot,,,,,,,,,,Amare Stoudemire,,,,missed,,tip,25,6
Amare Stoudemire,Channing Frye,Grant Hill,Jason Richardson,Steve Nash,Donte Greene,Jason Thompson,Omri Casspi,Spencer Hawes,Tyreke Evans,1,6:28,PHX,rebound,,,,,,,,,,Amare Stoudemire,,,,,,off,,
Amare Stoudemire,Channing Frye,Grant Hill,Jason Richardson,Steve Nash,Donte Greene,Jason Thompson,Omri Casspi,Spencer Hawes,Tyreke Evans,1,6:20,PHX,shot,Steve Nash,,,,,,,,,Amare Stoudemire,2,,,made,,layup,25,6
Amare Stoudemire,Channing Frye,Grant Hill,Jason Richardson,Steve Nash,Donte Greene,Jason Thompson,Omri Casspi,Spencer Hawes,Tyreke Evans,1,6:10,SAC,shot,,,,,,,,,,Jason Thompson,,,,missed,,jump,32,8
Amare Stoudemire,Channing Frye,Grant Hill,Jason Richardson,Steve Nash,Donte Greene,Jason Thompson,Omri Casspi,Spencer Hawes,Tyreke Evans,1,6:09,PHX,rebound,,,,,,,,,,Channing Frye,,,,,,def,,
Amare Stoudemire,Channing Frye,Grant Hill,Jason Richardson,Steve Nash,Donte Greene,Jason Thompson,Omri Casspi,Spencer Hawes,Tyreke Evans,1,6:00,PHX,shot,,,,,,,,,,Steve Nash,,,,missed,,jump,30,9
Amare Stoudemire,Channing Frye,Grant Hill,Jason Richardson,Steve Nash,Donte Greene,Jason Thompson,Omri Casspi,Spencer Hawes,Tyreke Evans,1,5:58,PHX,rebound,,,,,,,,,,Jason Richardson,,,,,,off,,
Amare Stoudemire,Channing Frye,Grant Hill,Jason Richardson,Steve Nash,Donte Greene,Jason Thompson,Omri Casspi,Spencer Hawes,Tyreke Evans,1,5:58,PHX,shot,,,,,,,,,,Jason Richardson,2,,,made,,putback dunk,25,6
Amare Stoudemire,Channing Frye,Grant Hill,Jason Richardson,Steve Nash,Donte Greene,Jason Thompson,Omri Casspi,Spencer Hawes,Tyreke Evans,1,5:41,SAC,shot,,,,,,,,,,Omri Casspi,,,,missed,,jump,34,23
Amare Stoudemire,Channing Frye,Grant Hill,Jason Richardson,Steve Nash,Donte Greene,Jason Thompson,Omri Casspi,Spencer Hawes,Tyreke Evans,1,5:40,SAC,rebound,,,,,,,,,,Donte Greene,,,,,,off,,
Amare Stoudemire,Channing Frye,Grant Hill,Jason Richardson,Steve Nash,Donte Greene,Jason Thompson,Omri Casspi,Spencer Hawes,Tyreke Evans,1,5:27,SAC,shot,Tyreke Evans,,,,,,,,,Spencer Hawes,2,,,made,,layup,27,8
Amare Stoudemire,Channing Frye,Grant Hill,Jason Richardson,Steve Nash,Donte Greene,Jason Thompson,Omri Casspi,Spencer Hawes,Tyreke Evans,1,5:14,PHX,shot,,,,,,,,,,Amare Stoudemire,2,,,made,,jump,25,26
Amare Stoudemire,Channing Frye,Grant Hill,Jason Richardson,Steve Nash,Donte Greene,Jason Thompson,Omri Casspi,Spencer Hawes,Tyreke Evans,1,4:58,SAC,shot,,,,,,,,,,Tyreke Evans,,,,missed,,running jump,25,12
Amare Stoudemire,Channing Frye,Grant Hill,Jason Richardson,Steve Nash,Donte Greene,Jason Thompson,Omri Casspi,Spencer Hawes,Tyreke Evans,1,4:57,SAC,rebound,,,,,,,,,,Tyreke Evans,,,,,,off,,
Amare Stoudemire,Channing Frye,Grant Hill,Jason Richardson,Steve Nash,Donte Greene,Jason Thompson,Omri Casspi,Spencer Hawes,Tyreke Evans,1,4:56,SAC,shot,,,,,,,,,,Tyreke Evans,,,,missed,,layup,25,6
Amare Stoudemire,Channing Frye,Grant Hill,Jason Richardson,Steve Nash,Donte Greene,Jason Thompson,Omri Casspi,Spencer Hawes,Tyreke Evans,1,4:55,PHX,rebound,,,,,,,,,,Jason Richardson,,,,,,def,,
Amare Stoudemire,Channing Frye,Grant Hill,Jason Richardson,Steve Nash,Donte Greene,Jason Thompson,Omri Casspi,Spencer Hawes,Tyreke Evans,1,4:49,PHX,shot,Jason Richardson,,,,,,,,,Channing Frye,2,,,made,,jump,7,16
Amare Stoudemire,Channing Frye,Grant Hill,Jason Richardson,Steve Nash,Donte Greene,Jason Thompson,Omri Casspi,Spencer Hawes,Tyreke Evans,1,4:30,SAC,shot,,,,,,,,,,Tyreke Evans,2,,,made,,pullup jump,30,8
Amare Stoudemire,Channing Frye,Grant Hill,Jason Richardson,Steve Nash,Donte Greene,Jason Thompson,Omri Casspi,Spencer Hawes,Tyreke Evans,1,4:21,PHX,shot,,,,,,,,,,Steve Nash,,,,missed,,3pt,41,25
Amare Stoudemire,Channing Frye,Grant Hill,Jason Richardson,Steve Nash,Donte Greene,Jason Thompson,Omri Casspi,Spencer Hawes,Tyreke Evans,1,4:20,SAC,rebound,,,,,,,,,,Jason Thompson,,,,,,def,,
Amare Stoudemire,Channing Frye,Grant Hill,Jason Richardson,Steve Nash,Donte Greene,Jason Thompson,Omri Casspi,Spencer Hawes,Tyreke Evans,1,4:04,SAC,shot,,,,,,,,,,Spencer Hawes,,,,missed,,jump,27,28
Amare Stoudemire,Channing Frye,Grant Hill,Jason Richardson,Steve Nash,Donte Greene,Jason Thompson,Omri Casspi,Spencer Hawes,Tyreke Evans,1,4:03,PHX,rebound,,,,,,,,,,Steve Nash,,,,,,def,,
Amare Stoudemire,Channing Frye,Grant Hill,Jason Richardson,Steve Nash,Donte Greene,Jason Thompson,Omri Casspi,Spencer Hawes,Tyreke Evans,1,4:00,PHX,shot,Steve Nash,,,,,,,,,Channing Frye,2,,,made,,layup,25,6
Amare Stoudemire,Channing Frye,Grant Hill,Jason Richardson,Steve Nash,Donte Greene,Jason Thompson,Omri Casspi,Spencer Hawes,Tyreke Evans,1,3:41,SAC,turnover,,,,,,,,,,Jason Thompson,,,bad pass,,Channing Frye,,,
Amare Stoudemire,Channing Frye,Grant Hill,Jason Richardson,Steve Nash,Donte Greene,Jason Thompson,Omri Casspi,Spencer Hawes,Tyreke Evans,1,3:23,PHX,shot,,,,,,,,,,Jason Richardson,,,,missed,,3pt,1,11
Amare Stoudemire,Channing Frye,Grant Hill,Jason Richardson,Steve Nash,Donte Greene,Jason Thompson,Omri Casspi,Spencer Hawes,Tyreke Evans,1,3:22,SAC,rebound,,,,,,,,,,Spencer Hawes,,,,,,def,,
Amare Stoudemire,Channing Frye,Grant Hill,Jason Richardson,Steve Nash,Donte Greene,Jason Thompson,Omri Casspi,Spencer Hawes,Tyreke Evans,1,3:01,SAC,shot,,,,,,,,,,Tyreke Evans,2,,,made,,jump,42,17
Amare Stoudemire,Channing Frye,Grant Hill,Jason Richardson,Steve Nash,Donte Greene,Jason Thompson,Omri Casspi,Spencer Hawes,Tyreke Evans,1,2:44,PHX,shot,,,,,,,,,,Steve Nash,2,,,made,,pullup jump,36,21
Amare Stoudemire,Channing Frye,Grant Hill,Jason Richardson,Steve Nash,Donte Greene,Jason Thompson,Omri Casspi,Spencer Hawes,Tyreke Evans,1,2:22,SAC,shot,,,,,,,,,,Tyreke Evans,2,,,made,,turnaround jump,19,9
Amare Stoudemire,Channing Frye,Grant Hill,Jason Richardson,Steve Nash,Donte Greene,Jason Thompson,Omri Casspi,Spencer Hawes,Tyreke Evans,1,2:05,PHX,shot,,,Donte Greene,,,,,,,Amare Stoudemire,,,,missed,,layup,25,6
Amare Stoudemire,Channing Frye,Grant Hill,Jason Richardson,Steve Nash,Donte Greene,Jason Thompson,Omri Casspi,Spencer Hawes,Tyreke Evans,1,2:05,PHX,rebound,,,,,,,,,,Amare Stoudemire,,,,,,off,,
Amare Stoudemire,Channing Frye,Grant Hill,Jason Richardson,Steve Nash,Donte Greene,Jason Thompson,Omri Casspi,Spencer Hawes,Tyreke Evans,1,2:04,PHX,shot,,,,,,,,,,Amare Stoudemire,2,,,made,,layup,25,6
Amare Stoudemire,Channing Frye,Grant Hill,Jason Richardson,Steve Nash,Donte Greene,Jason Thompson,Omri Casspi,Spencer Hawes,Tyreke Evans,1,2:04,SAC,foul,,,,,,,,Amare Stoudemire,,Spencer Hawes,,,,,,shooting,,
Amare Stoudemire,Channing Frye,Grant Hill,Jason Richardson,Steve Nash,Donte Greene,Jason Thompson,Omri Casspi,Spencer Hawes,Tyreke Evans,1,2:04,PHX,timeout,,,,,,,,,,,,,,,,regular,,
Amare Stoudemire,Channing Frye,Grant Hill,Jason Richardson,Steve Nash,Andres Nocioni,Donte Greene,Jason Thompson,Omri Casspi,Tyreke Evans,1,2:04,SAC,sub,,,,Andres Nocioni,,Spencer Hawes,,,,,,,,,,,,
Amare Stoudemire,Channing Frye,Grant Hill,Jason Richardson,Steve Nash,Andres Nocioni,Jason Thompson,Kenny Thomas,Omri Casspi,Tyreke Evans,1,2:04,SAC,sub,,,,Kenny Thomas,,Donte Greene,,,,,,,,,,,,
Amare Stoudemire,Channing Frye,Grant Hill,Jason Richardson,Steve Nash,Andres Nocioni,Beno Udrih,Jason Thompson,Kenny Thomas,Omri Casspi,1,2:04,SAC,sub,,,,Beno Udrih,,Tyreke Evans,,,,,,,,,,,,
Amare Stoudemire,Channing Frye,Goran Dragic,Jason Richardson,Steve Nash,Andres Nocioni,Beno Udrih,Jason Thompson,Kenny Thomas,Omri Casspi,1,2:04,PHX,sub,,,,Goran Dragic,,Grant Hill,,,,,,,,,,,,
Amare Stoudemire,Channing Frye,Goran Dragic,Jared Dudley,Steve Nash,Andres Nocioni,Beno Udrih,Jason Thompson,Kenny Thomas,Omri Casspi,1,2:04,PHX,sub,,,,Jared Dudley,,Jason Richardson,,,,,,,,,,,,
Amare Stoudemire,Channing Frye,Goran Dragic,Jared Dudley,Steve Nash,Andres Nocioni,Beno Udrih,Jason Thompson,Kenny Thomas,Omri Casspi,1,2:04,PHX,free throw,,,,,,,1,,1,Amare Stoudemire,,,foul,made,,,,
Amare Stoudemire,Channing Frye,Goran Dragic,Jared Dudley,Steve Nash,Andres Nocioni,Beno Udrih,Jason Thompson,Kenny Thomas,Omri Casspi,1,1:41,SAC,turnover,,,,,,,,,,Jason Thompson,,,lost ball,,Channing Frye,,,
Amare Stoudemire,Channing Frye,Goran Dragic,Jared Dudley,Steve Nash,Andres Nocioni,Beno Udrih,Jason Thompson,Kenny Thomas,Omri Casspi,1,1:25,PHX,turnover,,,,,,,,,,Steve Nash,,,backcourt turnover,,,,,
Amare Stoudemire,Channing Frye,Goran Dragic,Jared Dudley,Steve Nash,Andres Nocioni,Beno Udrih,Jason Thompson,Kenny Thomas,Omri Casspi,1,1:13,SAC,shot,,,,,,,,,,Omri Casspi,,,,missed,,jump,21,10
Amare Stoudemire,Channing Frye,Goran Dragic,Jared Dudley,Steve Nash,Andres Nocioni,Beno Udrih,Jason Thompson,Kenny Thomas,Omri Casspi,1,1:11,SAC,rebound,,,,,,,,,,Omri Casspi,,,,,,off,,
Amare Stoudemire,Channing Frye,Goran Dragic,Jared Dudley,Steve Nash,Andres Nocioni,Beno Udrih,Jason Thompson,Kenny Thomas,Omri Casspi,1,1:10,SAC,shot,,,,,,,,,,Omri Casspi,,,,missed,,layup,25,6
Amare Stoudemire,Channing Frye,Goran Dragic,Jared Dudley,Steve Nash,Andres Nocioni,Beno Udrih,Jason Thompson,Kenny Thomas,Omri Casspi,1,1:09,SAC,rebound,,,,,,,,,,Jason Thompson,,,,,,off,,
Amare Stoudemire,Channing Frye,Goran Dragic,Jared Dudley,Steve Nash,Andres Nocioni,Beno Udrih,Jason Thompson,Kenny Thomas,Omri Casspi,1,1:09,SAC,shot,,,,,,,,,,Jason Thompson,2,,,made,,layup,25,6
Amare Stoudemire,Channing Frye,Goran Dragic,Jared Dudley,Steve Nash,Andres Nocioni,Beno Udrih,Jason Thompson,Kenny Thomas,Omri Casspi,1,0:46,PHX,turnover,,,,,,,,,,Steve Nash,,,lost ball,,Jason Thompson,,,
Amare Stoudemire,Channing Frye,Goran Dragic,Jared Dudley,Steve Nash,Andres Nocioni,Beno Udrih,Jason Thompson,Kenny Thomas,Omri Casspi,1,0:41,SAC,shot,Kenny Thomas,,,,,,,,,Andres Nocioni,2,,,made,,jump,9,12
Amare Stoudemire,Channing Frye,Goran Dragic,Jared Dudley,Steve Nash,Andres Nocioni,Beno Udrih,Jason Thompson,Kenny Thomas,Omri Casspi,1,0:32,SAC,foul,,,,,,,,,,Jason Thompson,,,,,,defense 3 second,,
Amare Stoudemire,Channing Frye,Goran Dragic,Jared Dudley,Steve Nash,Andres Nocioni,Beno Udrih,Jason Thompson,Kenny Thomas,Omri Casspi,1,0:32,PHX,free throw,,,,,,,1,,1,Steve Nash,,,technical,made,,,,
Amare Stoudemire,Channing Frye,Goran Dragic,Jared Dudley,Steve Nash,Andres Nocioni,Beno Udrih,Jason Thompson,Kenny Thomas,Omri Casspi,1,0:19,PHX,shot,,,,,,,,,,Jared Dudley,,,,missed,,3pt,12,28
Amare Stoudemire,Channing Frye,Goran Dragic,Jared Dudley,Steve Nash,Andres Nocioni,Beno Udrih,Jason Thompson,Kenny Thomas,Omri Casspi,1,0:17,SAC,rebound,,,,,,,,,,,,,,,,,,
Amare Stoudemire,Channing Frye,Goran Dragic,Jared Dudley,Steve Nash,Andres Nocioni,Beno Udrih,Jason Thompson,Omri Casspi,Tyreke Evans,1,0:17,SAC,sub,,,,Tyreke Evans,,Kenny Thomas,,,,,,,,,,,,
Amare Stoudemire,Channing Frye,Goran Dragic,Jared Dudley,Leandro Barbosa,Andres Nocioni,Beno Udrih,Jason Thompson,Omri Casspi,Tyreke Evans,1,0:17,PHX,sub,,,,Leandro Barbosa,,Steve Nash,,,,,,,,,,,,
Amare Stoudemire,Goran Dragic,Jared Dudley,Leandro Barbosa,Louis Amundson,Andres Nocioni,Beno Udrih,Jason Thompson,Omri Casspi,Tyreke Evans,1,0:17,PHX,sub,,,,Louis Amundson,,Channing Frye,,,,,,,,,,,,
Amare Stoudemire,Goran Dragic,Jared Dudley,Leandro Barbosa,Louis Amundson,Andres Nocioni,Beno Udrih,Jason Thompson,Omri Casspi,Tyreke Evans,1,0:05,SAC,shot,,,,,,,,,,Tyreke Evans,,,,missed,,driving layup,25,6
Amare Stoudemire,Goran Dragic,Jared Dudley,Leandro Barbosa,Louis Amundson,Andres Nocioni,Beno Udrih,Jason Thompson,Omri Casspi,Tyreke Evans,1,0:04,PHX,rebound,,,,,,,,,,Amare Stoudemire,,,,,,def,,
Amare Stoudemire,Goran Dragic,Jared Dudley,Leandro Barbosa,Louis Amundson,Andres Nocioni,Beno Udrih,Jason Thompson,Omri Casspi,Tyreke Evans,1,0:00,PHX,shot,,,,,,,,,,Leandro Barbosa,3,,,made,,3pt,43,35
Amare Stoudemire,Goran Dragic,Jared Dudley,Leandro Barbosa,Louis Amundson,Andres Nocioni,Beno Udrih,Donte Greene,Kenny Thomas,Tyreke Evans,2,11:36,PHX,foul,,,,,,,,Andres Nocioni,,Leandro Barbosa,,,,,,shooting,,
Amare Stoudemire,Goran Dragic,Jared Dudley,Leandro Barbosa,Louis Amundson,Andres Nocioni,Beno Udrih,Donte Greene,Kenny Thomas,Tyreke Evans,2,11:36,SAC,free throw,,,,,,,1,,2,Andres Nocioni,,,foul,made,,,,
Amare Stoudemire,Goran Dragic,Jared Dudley,Leandro Barbosa,Louis Amundson,Andres Nocioni,Beno Udrih,Donte Greene,Kenny Thomas,Tyreke Evans,2,11:36,SAC,free throw,,,,,,,2,,2,Andres Nocioni,,,foul,missed,,,,
Amare Stoudemire,Goran Dragic,Jared Dudley,Leandro Barbosa,Louis Amundson,Andres Nocioni,Beno Udrih,Donte Greene,Kenny Thomas,Tyreke Evans,2,11:35,PHX,rebound,,,,,,,,,,Amare Stoudemire,,,,,,def,,
Amare Stoudemire,Goran Dragic,Jared Dudley,Leandro Barbosa,Louis Amundson,Andres Nocioni,Beno Udrih,Donte Greene,Kenny Thomas,Tyreke Evans,2,11:17,SAC,foul,,,,,,,,Amare Stoudemire,,Kenny Thomas,,,,,,shooting,,
Amare Stoudemire,Goran Dragic,Jared Dudley,Leandro Barbosa,Louis Amundson,Andres Nocioni,Beno Udrih,Donte Greene,Kenny Thomas,Tyreke Evans,2,11:17,PHX,free throw,,,,,,,1,,2,Amare Stoudemire,,,foul,made,,,,
Amare Stoudemire,Goran Dragic,Jared Dudley,Leandro Barbosa,Louis Amundson,Andres Nocioni,Beno Udrih,Donte Greene,Kenny Thomas,Tyreke Evans,2,11:17,PHX,free throw,,,,,,,2,,2,Amare Stoudemire,,,foul,made,,,,
Amare Stoudemire,Goran Dragic,Jared Dudley,Leandro Barbosa,Louis Amundson,Andres Nocioni,Beno Udrih,Donte Greene,Kenny Thomas,Tyreke Evans,2,11:01,SAC,shot,,,Louis Amundson,,,,,,,Donte Greene,,,,missed,,jump,11,9
Amare Stoudemire,Goran Dragic,Jared Dudley,Leandro Barbosa,Louis Amundson,Andres Nocioni,Beno Udrih,Donte Greene,Kenny Thomas,Tyreke Evans,2,11:00,PHX,rebound,,,,,,,,,,Amare Stoudemire,,,,,,def,,
Amare Stoudemire,Goran Dragic,Jared Dudley,Leandro Barbosa,Louis Amundson,Andres Nocioni,Beno Udrih,Donte Greene,Kenny Thomas,Tyreke Evans,2,10:43,PHX,turnover,,,,,,,,,,Amare Stoudemire,,,bad pass,,,,,
Amare Stoudemire,Goran Dragic,Jared Dudley,Leandro Barbosa,Louis Amundson,Andres Nocioni,Beno Udrih,Donte Greene,Kenny Thomas,Tyreke Evans,2,10:23,SAC,turnover,,,,,,,,,,Tyreke Evans,,,bad pass,,Leandro Barbosa,,,
Amare Stoudemire,Goran Dragic,Jared Dudley,Leandro Barbosa,Louis Amundson,Andres Nocioni,Beno Udrih,Donte Greene,Kenny Thomas,Tyreke Evans,2,10:21,PHX,turnover,,,,,,,,,,Leandro Barbosa,,,lost ball,,Donte Greene,,,
Amare Stoudemire,Goran Dragic,Jared Dudley,Leandro Barbosa,Louis Amundson,Andres Nocioni,Beno Udrih,Donte Greene,Kenny Thomas,Tyreke Evans,2,10:19,PHX,foul,,,,,,,,Andres Nocioni,,Amare Stoudemire,,,,,,shooting,,
Amare Stoudemire,Goran Dragic,Jared Dudley,Leandro Barbosa,Louis Amundson,Andres Nocioni,Beno Udrih,Donte Greene,Kenny Thomas,Tyreke Evans,2,10:19,SAC,free throw,,,,,,,1,,2,Andres Nocioni,,,foul,made,,,,
Goran Dragic,Grant Hill,Jared Dudley,Leandro Barbosa,Louis Amundson,Andres Nocioni,Beno Udrih,Donte Greene,Kenny Thomas,Tyreke Evans,2,10:19,PHX,sub,,,,Grant Hill,,Amare Stoudemire,,,,,,,,,,,,
Goran Dragic,Grant Hill,Jared Dudley,Leandro Barbosa,Louis Amundson,Andres Nocioni,Beno Udrih,Donte Greene,Omri Casspi,Tyreke Evans,2,10:19,SAC,sub,,,,Omri Casspi,,Kenny Thomas,,,,,,,,,,,,
Goran Dragic,Grant Hill,Jared Dudley,Leandro Barbosa,Louis Amundson,Andres Nocioni,Beno Udrih,Donte Greene,Omri Casspi,Tyreke Evans,2,10:19,SAC,free throw,,,,,,,2,,2,Andres Nocioni,,,foul,made,,,,
Goran Dragic,Grant Hill,Jared Dudley,Leandro Barbosa,Louis Amundson,Andres Nocioni,Beno Udrih,Donte Greene,Omri Casspi,Tyreke Evans,2,9:56,PHX,turnover,,,,,,,,,,Leandro Barbosa,,,lost ball,,Donte Greene,,,
Goran Dragic,Grant Hill,Jared Dudley,Leandro Barbosa,Louis Amundson,Andres Nocioni,Beno Udrih,Donte Greene,Omri Casspi,Tyreke Evans,2,9:51,SAC,shot,Donte Greene,,,,,,,,,Tyreke Evans,2,,,made,,driving layup,25,6
Goran Dragic,Grant Hill,Jared Dudley,Leandro Barbosa,Louis Amundson,Andres Nocioni,Beno Udrih,Donte Greene,Omri Casspi,Tyreke Evans,2,9:43,SAC,foul,,,,,,,,Leandro Barbosa,,Donte Greene,,,,,,personal,,
Goran Dragic,Grant Hill,Jared Dudley,Leandro Barbosa,Louis Amundson,Andres Nocioni,Beno Udrih,Donte Greene,Omri Casspi,Tyreke Evans,2,9:33,PHX,turnover,,,,,,,,,,Jared Dudley,,,traveling,,,,,
Goran Dragic,Grant Hill,Jared Dudley,Leandro Barbosa,Louis Amundson,Andres Nocioni,Beno Udrih,Donte Greene,Omri Casspi,Tyreke Evans,2,9:21,SAC,shot,,,,,,,,,,Andres Nocioni,,,,missed,,3pt,37,27
Goran Dragic,Grant Hill,Jared Dudley,Leandro Barbosa,Louis Amundson,Andres Nocioni,Beno Udrih,Donte Greene,Omri Casspi,Tyreke Evans,2,9:18,PHX,rebound,,,,,,,,,,Leandro Barbosa,,,,,,def,,
Goran Dragic,Grant Hill,Jared Dudley,Leandro Barbosa,Louis Amundson,Andres Nocioni,Beno Udrih,Donte Greene,Omri Casspi,Tyreke Evans,2,9:16,PHX,turnover,,,,,,,,,,Grant Hill,,,traveling,,,,,
Goran Dragic,Grant Hill,Jared Dudley,Leandro Barbosa,Louis Amundson,Andres Nocioni,Beno Udrih,Donte Greene,Omri Casspi,Tyreke Evans,2,9:00,SAC,shot,,,,,,,,,,Beno Udrih,,,,missed,,3pt,1,9
Goran Dragic,Grant Hill,Jared Dudley,Leandro Barbosa,Louis Amundson,Andres Nocioni,Beno Udrih,Donte Greene,Omri Casspi,Tyreke Evans,2,8:59,PHX,rebound,,,,,,,,,,Leandro Barbosa,,,,,,def,,
Goran Dragic,Grant Hill,Jared Dudley,Leandro Barbosa,Louis Amundson,Andres Nocioni,Beno Udrih,Donte Greene,Omri Casspi,Tyreke Evans,2,8:53,PHX,turnover,,,,,,,,,,Leandro Barbosa,,,lost ball,,Andres Nocioni,,,
Goran Dragic,Grant Hill,Jared Dudley,Leandro Barbosa,Louis Amundson,Andres Nocioni,Beno Udrih,Donte Greene,Omri Casspi,Tyreke Evans,2,8:49,SAC,shot,Donte Greene,,,,,,,,,Omri Casspi,2,,,made,,slam dunk,25,6
Goran Dragic,Grant Hill,Jared Dudley,Leandro Barbosa,Louis Amundson,Andres Nocioni,Beno Udrih,Donte Greene,Omri Casspi,Tyreke Evans,2,8:41,PHX,timeout,,,,,,,,,,,,,,,,official,,
Goran Dragic,Grant Hill,Jared Dudley,Leandro Barbosa,Louis Amundson,Andres Nocioni,Beno Udrih,Jason Thompson,Omri Casspi,Tyreke Evans,2,8:41,SAC,sub,,,,Jason Thompson,,Donte Greene,,,,,,,,,,,,
Goran Dragic,Grant Hill,Jared Dudley,Leandro Barbosa,Louis Amundson,Andres Nocioni,Beno Udrih,Jason Thompson,Omri Casspi,Tyreke Evans,2,8:26,PHX,shot,,,,,,,,,,Grant Hill,2,,,made,,pullup jump,17,23
Goran Dragic,Grant Hill,Jared Dudley,Leandro Barbosa,Louis Amundson,Andres Nocioni,Beno Udrih,Jason Thompson,Omri Casspi,Tyreke Evans,2,8:08,SAC,shot,,,,,,,,,,Andres Nocioni,,,,missed,,jump,14,19
Goran Dragic,Grant Hill,Jared Dudley,Leandro Barbosa,Louis Amundson,Andres Nocioni,Beno Udrih,Jason Thompson,Omri Casspi,Tyreke Evans,2,8:07,PHX,rebound,,,,,,,,,,Leandro Barbosa,,,,,,def,,
Goran Dragic,Grant Hill,Jared Dudley,Leandro Barbosa,Louis Amundson,Andres Nocioni,Beno Udrih,Jason Thompson,Omri Casspi,Tyreke Evans,2,7:59,PHX,shot,Leandro Barbosa,,,,,,,,,Grant Hill,2,,,made,,driving layup,25,6
Goran Dragic,Grant Hill,Jared Dudley,Leandro Barbosa,Louis Amundson,Andres Nocioni,Beno Udrih,Jason Thompson,Omri Casspi,Tyreke Evans,2,7:38,SAC,shot,,,,,,,,,,Beno Udrih,,,,missed,,layup,25,6
Goran Dragic,Grant Hill,Jared Dudley,Leandro Barbosa,Louis Amundson,Andres Nocioni,Beno Udrih,Jason Thompson,Omri Casspi,Tyreke Evans,2,7:36,PHX,rebound,,,,,,,,,,Goran Dragic,,,,,,def,,
Goran Dragic,Grant Hill,Jared Dudley,Leandro Barbosa,Louis Amundson,Andres Nocioni,Beno Udrih,Jason Thompson,Omri Casspi,Tyreke Evans,2,7:29,PHX,shot,,,,,,,,,,Jared Dudley,,,,missed,,3pt,10,26
Goran Dragic,Grant Hill,Jared Dudley,Leandro Barbosa,Louis Amundson,Andres Nocioni,Beno Udrih,Jason Thompson,Omri Casspi,Tyreke Evans,2,7:28,SAC,rebound,,,,,,,,,,Tyreke Evans,,,,,,def,,
Goran Dragic,Grant Hill,Jared Dudley,Leandro Barbosa,Louis Amundson,Andres Nocioni,Beno Udrih,Jason Thompson,Omri Casspi,Tyreke Evans,2,7:25,PHX,foul,,,,,,,,Tyreke Evans,,Grant Hill,,,,,,shooting,,
Goran Dragic,Grant Hill,Jared Dudley,Leandro Barbosa,Louis Amundson,Andres Nocioni,Beno Udrih,Jason Thompson,Omri Casspi,Tyreke Evans,2,7:25,SAC,free throw,,,,,,,1,,2,Tyreke Evans,,,foul,made,,,,
Goran Dragic,Grant Hill,Jared Dudley,Leandro Barbosa,Louis Amundson,Andres Nocioni,Beno Udrih,Ime Udoka,Jason Thompson,Tyreke Evans,2,7:25,SAC,sub,,,,Ime Udoka,,Omri Casspi,,,,,,,,,,,,
Goran Dragic,Grant Hill,Jared Dudley,Leandro Barbosa,Louis Amundson,Andres Nocioni,Beno Udrih,Ime Udoka,Jason Thompson,Tyreke Evans,2,7:25,SAC,free throw,,,,,,,2,,2,Tyreke Evans,,,foul,made,,,,
Goran Dragic,Grant Hill,Jared Dudley,Leandro Barbosa,Louis Amundson,Andres Nocioni,Beno Udrih,Ime Udoka,Jason Thompson,Tyreke Evans,2,7:15,PHX,shot,,,,,,,,,,Goran Dragic,,,,missed,,jump,37,19
Goran Dragic,Grant Hill,Jared Dudley,Leandro Barbosa,Louis Amundson,Andres Nocioni,Beno Udrih,Ime Udoka,Jason Thompson,Tyreke Evans,2,7:14,SAC,rebound,,,,,,,,,,Tyreke Evans,,,,,,def,,
Goran Dragic,Grant Hill,Jared Dudley,Leandro Barbosa,Louis Amundson,Andres Nocioni,Beno Udrih,Ime Udoka,Jason Thompson,Tyreke Evans,2,7:09,PHX,foul,,,,,,,,Jason Thompson,,Louis Amundson,,,,,,personal,,
Goran Dragic,Grant Hill,Jared Dudley,Leandro Barbosa,Louis Amundson,Andres Nocioni,Beno Udrih,Ime Udoka,Jason Thompson,Tyreke Evans,2,7:00,SAC,shot,Tyreke Evans,,,,,,,,,Andres Nocioni,3,,,made,,3pt,36,28
Goran Dragic,Grant Hill,Jared Dudley,Leandro Barbosa,Louis Amundson,Andres Nocioni,Beno Udrih,Ime Udoka,Jason Thompson,Tyreke Evans,2,6:48,SAC,foul,,,,,,,,Jared Dudley,,Ime Udoka,,,,,,shooting,,
Goran Dragic,Grant Hill,Jared Dudley,Leandro Barbosa,Louis Amundson,Andres Nocioni,Beno Udrih,Ime Udoka,Jason Thompson,Tyreke Evans,2,6:48,PHX,free throw,,,,,,,1,,2,Jared Dudley,,,foul,missed,,,,
Goran Dragic,Grant Hill,Jared Dudley,Leandro Barbosa,Louis Amundson,Andres Nocioni,Beno Udrih,Ime Udoka,Jason Thompson,Tyreke Evans,2,6:48,PHX,rebound,,,,,,,,,,,,,,,,,,
Goran Dragic,Grant Hill,Jared Dudley,Leandro Barbosa,Louis Amundson,Andres Nocioni,Beno Udrih,Ime Udoka,Jason Thompson,Tyreke Evans,2,6:48,PHX,free throw,,,,,,,2,,2,Jared Dudley,,,foul,made,,,,
Goran Dragic,Grant Hill,Jared Dudley,Leandro Barbosa,Louis Amundson,Andres Nocioni,Beno Udrih,Ime Udoka,Jason Thompson,Tyreke Evans,2,6:35,SAC,shot,,,,,,,,,,Tyreke Evans,,,,missed,,jump,8,12
Goran Dragic,Grant Hill,Jared Dudley,Leandro Barbosa,Louis Amundson,Andres Nocioni,Beno Udrih,Ime Udoka,Jason Thompson,Tyreke Evans,2,6:34,PHX,rebound,,,,,,,,,,Goran Dragic,,,,,,def,,
Goran Dragic,Grant Hill,Jared Dudley,Leandro Barbosa,Louis Amundson,Andres Nocioni,Beno Udrih,Ime Udoka,Jason Thompson,Tyreke Evans,2,6:31,SAC,foul,,,,,,,,Goran Dragic,,Andres Nocioni,,,,,,shooting,,
Goran Dragic,Grant Hill,Jared Dudley,Leandro Barbosa,Louis Amundson,Andres Nocioni,Beno Udrih,Ime Udoka,Jason Thompson,Tyreke Evans,2,6:31,PHX,free throw,,,,,,,1,,2,Goran Dragic,,,foul,made,,,,
Goran Dragic,Grant Hill,Jared Dudley,Leandro Barbosa,Louis Amundson,Andres Nocioni,Beno Udrih,Ime Udoka,Jason Thompson,Tyreke Evans,2,6:31,PHX,free throw,,,,,,,2,,2,Goran Dragic,,,foul,made,,,,
Goran Dragic,Grant Hill,Jared Dudley,Leandro Barbosa,Louis Amundson,Andres Nocioni,Beno Udrih,Ime Udoka,Jason Thompson,Tyreke Evans,2,6:12,SAC,shot,Beno Udrih,,,,,,,,,Ime Udoka,2,,,made,,floating jump,24,11
Goran Dragic,Grant Hill,Jared Dudley,Leandro Barbosa,Louis Amundson,Andres Nocioni,Beno Udrih,Ime Udoka,Jason Thompson,Tyreke Evans,2,5:57,PHX,shot,,,,,,,,,,Leandro Barbosa,,,,missed,,3pt,11,26
Goran Dragic,Grant Hill,Jared Dudley,Leandro Barbosa,Louis Amundson,Andres Nocioni,Beno Udrih,Ime Udoka,Jason Thompson,Tyreke Evans,2,5:57,SAC,rebound,,,,,,,,,,Andres Nocioni,,,,,,def,,
Goran Dragic,Grant Hill,Jared Dudley,Leandro Barbosa,Louis Amundson,Andres Nocioni,Beno Udrih,Ime Udoka,Jason Thompson,Tyreke Evans,2,5:46,SAC,shot,,,,,,,,,,Jason Thompson,,,,missed,,jump hook,15,10
Goran Dragic,Grant Hill,Jared Dudley,Leandro Barbosa,Louis Amundson,Andres Nocioni,Beno Udrih,Ime Udoka,Jason Thompson,Tyreke Evans,2,5:45,PHX,rebound,,,,,,,,,,Louis Amundson,,,,,,def,,
Goran Dragic,Grant Hill,Jared Dudley,Leandro Barbosa,Louis Amundson,Andres Nocioni,Beno Udrih,Ime Udoka,Jason Thompson,Tyreke Evans,2,5:37,PHX,shot,Goran Dragic,,,,,,,,,Jared Dudley,3,,,made,,3pt,1,9
Goran Dragic,Grant Hill,Jared Dudley,Leandro Barbosa,Louis Amundson,Andres Nocioni,Beno Udrih,Ime Udoka,Jason Thompson,Tyreke Evans,2,5:22,PHX,foul,,,,,,,,Andres Nocioni,,Louis Amundson,,,,,,shooting,,
Goran Dragic,Grant Hill,Jared Dudley,Leandro Barbosa,Louis Amundson,Andres Nocioni,Beno Udrih,Ime Udoka,Jason Thompson,Tyreke Evans,2,5:22,SAC,timeout,,,,,,,,,,,,,,,,regular,,
Goran Dragic,Jared Dudley,Jason Richardson,Leandro Barbosa,Louis Amundson,Andres Nocioni,Beno Udrih,Ime Udoka,Jason Thompson,Tyreke Evans,2,5:22,PHX,sub,,,,Jason Richardson,,Grant Hill,,,,,,,,,,,,
Channing Frye,Jared Dudley,Jason Richardson,Leandro Barbosa,Louis Amundson,Andres Nocioni,Beno Udrih,Ime Udoka,Jason Thompson,Tyreke Evans,2,5:22,PHX,sub,,,,Channing Frye,,Goran Dragic,,,,,,,,,,,,
Channing Frye,Jared Dudley,Jason Richardson,Louis Amundson,Steve Nash,Andres Nocioni,Beno Udrih,Ime Udoka,Jason Thompson,Tyreke Evans,2,5:22,PHX,sub,,,,Steve Nash,,Leandro Barbosa,,,,,,,,,,,,
Amare Stoudemire,Channing Frye,Jared Dudley,Jason Richardson,Steve Nash,Andres Nocioni,Beno Udrih,Ime Udoka,Jason Thompson,Tyreke Evans,2,5:22,PHX,sub,,,,Amare Stoudemire,,Louis Amundson,,,,,,,,,,,,
Amare Stoudemire,Channing Frye,Jared Dudley,Jason Richardson,Steve Nash,Andres Nocioni,Beno Udrih,Ime Udoka,Jason Thompson,Tyreke Evans,2,5:22,SAC,free throw,,,,,,,1,,2,Andres Nocioni,,,foul,missed,,,,
Amare Stoudemire,Channing Frye,Jared Dudley,Jason Richardson,Steve Nash,Andres Nocioni,Beno Udrih,Ime Udoka,Jason Thompson,Tyreke Evans,2,5:22,SAC,rebound,,,,,,,,,,,,,,,,,,
Amare Stoudemire,Channing Frye,Jared Dudley,Jason Richardson,Steve Nash,Andres Nocioni,Beno Udrih,Ime Udoka,Jason Thompson,Tyreke Evans,2,5:22,SAC,free throw,,,,,,,2,,2,Andres Nocioni,,,foul,made,,,,
Amare Stoudemire,Channing Frye,Jared Dudley,Jason Richardson,Steve Nash,Andres Nocioni,Beno Udrih,Ime Udoka,Jason Thompson,Tyreke Evans,2,5:04,SAC,foul,,,,,,,,Jared Dudley,,Beno Udrih,,,,,,personal,,
Amare Stoudemire,Channing Frye,Jared Dudley,Jason Richardson,Steve Nash,Andres Nocioni,Beno Udrih,Ime Udoka,Jason Thompson,Tyreke Evans,2,5:04,PHX,free throw,,,,,,,1,,2,Jared Dudley,,,foul,made,,,,
Amare Stoudemire,Channing Frye,Jared Dudley,Jason Richardson,Steve Nash,Beno Udrih,Ime Udoka,Jason Thompson,Omri Casspi,Tyreke Evans,2,5:04,SAC,sub,,,,Omri Casspi,,Andres Nocioni,,,,,,,,,,,,
Amare Stoudemire,Channing Frye,Jared Dudley,Jason Richardson,Steve Nash,Beno Udrih,Ime Udoka,Jason Thompson,Omri Casspi,Tyreke Evans,2,5:04,PHX,free throw,,,,,,,2,,2,Jared Dudley,,,foul,made,,,,
Amare Stoudemire,Channing Frye,Jared Dudley,Jason Richardson,Steve Nash,Beno Udrih,Ime Udoka,Jason Thompson,Omri Casspi,Tyreke Evans,2,4:48,SAC,shot,,,,,,,,,,Jason Thompson,,,,missed,,jump,41,8
Amare Stoudemire,Channing Frye,Jared Dudley,Jason Richardson,Steve Nash,Beno Udrih,Ime Udoka,Jason Thompson,Omri Casspi,Tyreke Evans,2,4:48,PHX,rebound,,,,,,,,,,Steve Nash,,,,,,def,,
Amare Stoudemire,Channing Frye,Jared Dudley,Jason Richardson,Steve Nash,Beno Udrih,Ime Udoka,Jason Thompson,Omri Casspi,Tyreke Evans,2,4:39,PHX,shot,,,Ime Udoka,,,,,,,Jason Richardson,,,,missed,,layup,25,6
Amare Stoudemire,Channing Frye,Jared Dudley,Jason Richardson,Steve Nash,Beno Udrih,Ime Udoka,Jason Thompson,Omri Casspi,Tyreke Evans,2,4:38,PHX,rebound,,,,,,,,,,Jason Richardson,,,,,,off,,
Amare Stoudemire,Channing Frye,Jared Dudley,Jason Richardson,Steve Nash,Beno Udrih,Ime Udoka,Jason Thompson,Omri Casspi,Tyreke Evans,2,4:34,PHX,shot,,,,,,,,,,Jason Richardson,2,,,made,,reverse layup,25,6
Amare Stoudemire,Channing Frye,Jared Dudley,Jason Richardson,Steve Nash,Beno Udrih,Ime Udoka,Jason Thompson,Omri Casspi,Tyreke Evans,2,4:19,SAC,turnover,,,,,,,,,,Jason Thompson,,,bad pass,,Jared Dudley,,,
Amare Stoudemire,Channing Frye,Jared Dudley,Jason Richardson,Steve Nash,Beno Udrih,Ime Udoka,Jason Thompson,Omri Casspi,Tyreke Evans,2,4:16,PHX,shot,,,,,,,,,,Jared Dudley,2,,,made,,driving layup,25,6
Amare Stoudemire,Channing Frye,Jared Dudley,Jason Richardson,Steve Nash,Beno Udrih,Ime Udoka,Jason Thompson,Omri Casspi,Tyreke Evans,2,4:16,SAC,foul,,,,,,,,Jared Dudley,,Jason Thompson,,,,,,shooting,,
Amare Stoudemire,Channing Frye,Jared Dudley,Jason Richardson,Steve Nash,Beno Udrih,Ime Udoka,Jon Brockman,Omri Casspi,Tyreke Evans,2,4:16,SAC,sub,,,,Jon Brockman,,Jason Thompson,,,,,,,,,,,,
Amare Stoudemire,Channing Frye,Jared Dudley,Jason Richardson,Steve Nash,Beno Udrih,Ime Udoka,Jon Brockman,Omri Casspi,Spencer Hawes,2,4:16,SAC,sub,,,,Spencer Hawes,,Tyreke Evans,,,,,,,,,,,,
Amare Stoudemire,Channing Frye,Jared Dudley,Jason Richardson,Steve Nash,Beno Udrih,Ime Udoka,Jon Brockman,Omri Casspi,Spencer Hawes,2,4:16,PHX,free throw,,,,,,,1,,1,Jared Dudley,,,foul,made,,,,
Amare Stoudemire,Channing Frye,Jared Dudley,Jason Richardson,Steve Nash,Beno Udrih,Ime Udoka,Jon Brockman,Omri Casspi,Spencer Hawes,2,4:02,SAC,shot,,,,,,,,,,Beno Udrih,,,,missed,,3pt,27,31
Amare Stoudemire,Channing Frye,Jared Dudley,Jason Richardson,Steve Nash,Beno Udrih,Ime Udoka,Jon Brockman,Omri Casspi,Spencer Hawes,2,4:02,PHX,rebound,,,,,,,,,,Jared Dudley,,,,,,def,,
Amare Stoudemire,Channing Frye,Jared Dudley,Jason Richardson,Steve Nash,Beno Udrih,Ime Udoka,Jon Brockman,Omri Casspi,Spencer Hawes,2,3:52,PHX,shot,,,,,,,,,,Channing Frye,,,,missed,,3pt,10,25
Amare Stoudemire,Channing Frye,Jared Dudley,Jason Richardson,Steve Nash,Beno Udrih,Ime Udoka,Jon Brockman,Omri Casspi,Spencer Hawes,2,3:51,SAC,rebound,,,,,,,,,,Beno Udrih,,,,,,def,,
Amare Stoudemire,Channing Frye,Jared Dudley,Jason Richardson,Steve Nash,Beno Udrih,Ime Udoka,Jon Brockman,Omri Casspi,Spencer Hawes,2,3:45,SAC,turnover,,,,,,,,,,Beno Udrih,,,lost ball,,Jared Dudley,,,
Amare Stoudemire,Channing Frye,Jared Dudley,Jason Richardson,Steve Nash,Beno Udrih,Ime Udoka,Jon Brockman,Omri Casspi,Spencer Hawes,2,3:39,PHX,shot,Jared Dudley,,,,,,,,,Channing Frye,2,,,made,,slam dunk,25,6
Amare Stoudemire,Channing Frye,Jared Dudley,Jason Richardson,Steve Nash,Beno Udrih,Ime Udoka,Jon Brockman,Omri Casspi,Spencer Hawes,2,3:36,SAC,timeout,,,,,,,,,,,,,,,,short,,
Amare Stoudemire,Channing Frye,Jared Dudley,Jason Richardson,Steve Nash,Beno Udrih,Ime Udoka,Jon Brockman,Omri Casspi,Spencer Hawes,2,3:31,SAC,shot,,,,,,,,,,Spencer Hawes,,,,missed,,layup,25,6
Amare Stoudemire,Channing Frye,Jared Dudley,Jason Richardson,Steve Nash,Beno Udrih,Ime Udoka,Jon Brockman,Omri Casspi,Spencer Hawes,2,3:31,PHX,rebound,,,,,,,,,,,,,,,,,,
Amare Stoudemire,Channing Frye,Jared Dudley,Jason Richardson,Steve Nash,Beno Udrih,Ime Udoka,Jon Brockman,Omri Casspi,Spencer Hawes,2,3:31,PHX,jump ball,,Amare Stoudemire,,,Spencer Hawes,,,,,,,Steve Nash,,,,,,
Amare Stoudemire,Channing Frye,Jared Dudley,Jason Richardson,Steve Nash,Beno Udrih,Ime Udoka,Jon Brockman,Omri Casspi,Spencer Hawes,2,3:18,PHX,shot,Amare Stoudemire,,,,,,,,,Jason Richardson,3,,,made,,3pt,4,20
Amare Stoudemire,Channing Frye,Jared Dudley,Jason Richardson,Steve Nash,Beno Udrih,Ime Udoka,Jon Brockman,Omri Casspi,Spencer Hawes,2,2:57,SAC,shot,,,,,,,,,,Omri Casspi,,,,missed,,3pt,2,7
Amare Stoudemire,Channing Frye,Jared Dudley,Jason Richardson,Steve Nash,Beno Udrih,Ime Udoka,Jon Brockman,Omri Casspi,Spencer Hawes,2,2:55,PHX,rebound,,,,,,,,,,Jared Dudley,,,,,,def,,
Amare Stoudemire,Channing Frye,Jared Dudley,Jason Richardson,Steve Nash,Beno Udrih,Ime Udoka,Jon Brockman,Omri Casspi,Spencer Hawes,2,2:46,PHX,shot,Steve Nash,,,,,,,,,Amare Stoudemire,2,,,made,,layup,25,6
Amare Stoudemire,Channing Frye,Jared Dudley,Jason Richardson,Steve Nash,Beno Udrih,Ime Udoka,Jon Brockman,Omri Casspi,Spencer Hawes,2,2:35,SAC,shot,Beno Udrih,,,,,,,,,Omri Casspi,2,,,made,,jump,25,10
Amare Stoudemire,Channing Frye,Jared Dudley,Jason Richardson,Steve Nash,Beno Udrih,Ime Udoka,Jon Brockman,Omri Casspi,Spencer Hawes,2,2:27,PHX,shot,,,,,,,,,,Jason Richardson,,,,missed,,layup,25,6
Amare Stoudemire,Channing Frye,Jared Dudley,Jason Richardson,Steve Nash,Beno Udrih,Ime Udoka,Jon Brockman,Omri Casspi,Spencer Hawes,2,2:27,PHX,rebound,,,,,,,,,,Jason Richardson,,,,,,off,,
Amare Stoudemire,Channing Frye,Jared Dudley,Jason Richardson,Steve Nash,Beno Udrih,Ime Udoka,Jon Brockman,Omri Casspi,Spencer Hawes,2,2:27,SAC,foul,,,,,,,,Jason Richardson,,Beno Udrih,,,,,,shooting,,
Amare Stoudemire,Channing Frye,Jared Dudley,Jason Richardson,Steve Nash,Beno Udrih,Ime Udoka,Jon Brockman,Omri Casspi,Spencer Hawes,2,2:27,PHX,timeout,,,,,,,,,,,,,,,,regular,,
Amare Stoudemire,Channing Frye,Jared Dudley,Jason Richardson,Steve Nash,Ime Udoka,Jon Brockman,Omri Casspi,Spencer Hawes,Tyreke Evans,2,2:27,SAC,sub,,,,Tyreke Evans,,Beno Udrih,,,,,,,,,,,,
Amare Stoudemire,Channing Frye,Jared Dudley,Jason Richardson,Steve Nash,Ime Udoka,Jon Brockman,Omri Casspi,Spencer Hawes,Tyreke Evans,2,2:27,PHX,free throw,,,,,,,1,,2,Jason Richardson,,,foul,made,,,,
Amare Stoudemire,Channing Frye,Jared Dudley,Jason Richardson,Steve Nash,Ime Udoka,Jon Brockman,Omri Casspi,Spencer Hawes,Tyreke Evans,2,2:27,PHX,free throw,,,,,,,2,,2,Jason Richardson,,,foul,missed,,,,
Amare Stoudemire,Channing Frye,Jared Dudley,Jason Richardson,Steve Nash,Ime Udoka,Jon Brockman,Omri Casspi,Spencer Hawes,Tyreke Evans,2,2:26,SAC,rebound,,,,,,,,,,Jon Brockman,,,,,,def,,
Amare Stoudemire,Channing Frye,Jared Dudley,Jason Richardson,Steve Nash,Ime Udoka,Jon Brockman,Omri Casspi,Spencer Hawes,Tyreke Evans,2,2:15,PHX,foul,,,,,,,,,,Amare Stoudemire,,,,,,defense 3 second,,
Amare Stoudemire,Channing Frye,Jared Dudley,Jason Richardson,Steve Nash,Ime Udoka,Jon Brockman,Omri Casspi,Spencer Hawes,Tyreke Evans,2,2:15,SAC,free throw,,,,,,,1,,1,Tyreke Evans,,,technical,made,,,,
Amare Stoudemire,Channing Frye,Jared Dudley,Jason Richardson,Steve Nash,Ime Udoka,Jon Brockman,Omri Casspi,Spencer Hawes,Tyreke Evans,2,2:09,SAC,shot,Omri Casspi,,,,,,,,,Jon Brockman,2,,,made,,dunk,25,6
Amare Stoudemire,Channing Frye,Jared Dudley,Jason Richardson,Steve Nash,Ime Udoka,Jon Brockman,Omri Casspi,Spencer Hawes,Tyreke Evans,2,1:53,PHX,turnover,,,,,,,,,,Amare Stoudemire,,,3 second violation,,,,,
Amare Stoudemire,Channing Frye,Jared Dudley,Jason Richardson,Steve Nash,Ime Udoka,Jon Brockman,Omri Casspi,Spencer Hawes,Tyreke Evans,2,1:39,SAC,shot,,,Amare Stoudemire,,,,,,,Spencer Hawes,,,,missed,,layup,22,6
Amare Stoudemire,Channing Frye,Jared Dudley,Jason Richardson,Steve Nash,Ime Udoka,Jon Brockman,Omri Casspi,Spencer Hawes,Tyreke Evans,2,1:39,SAC,rebound,,,,,,,,,,,,,,,,,,
Amare Stoudemire,Channing Frye,Jared Dudley,Jason Richardson,Steve Nash,Ime Udoka,Jon Brockman,Omri Casspi,Spencer Hawes,Tyreke Evans,2,1:37,SAC,shot,,,,,,,,,,Omri Casspi,,,,missed,,jump,9,7
Amare Stoudemire,Channing Frye,Jared Dudley,Jason Richardson,Steve Nash,Ime Udoka,Jon Brockman,Omri Casspi,Spencer Hawes,Tyreke Evans,2,1:36,PHX,rebound,,,,,,,,,,Channing Frye,,,,,,def,,
Amare Stoudemire,Channing Frye,Jared Dudley,Jason Richardson,Steve Nash,Ime Udoka,Jon Brockman,Omri Casspi,Spencer Hawes,Tyreke Evans,2,1:16,PHX,turnover,,,,,,,,,,Amare Stoudemire,,,lost ball,,Jon Brockman,,,
Amare Stoudemire,Channing Frye,Jared Dudley,Jason Richardson,Steve Nash,Ime Udoka,Jon Brockman,Omri Casspi,Spencer Hawes,Tyreke Evans,2,1:11,SAC,shot,,,,,,,,,,Tyreke Evans,,,,missed,,layup,25,6
Amare Stoudemire,Channing Frye,Jared Dudley,Jason Richardson,Steve Nash,Ime Udoka,Jon Brockman,Omri Casspi,Spencer Hawes,Tyreke Evans,2,1:10,SAC,rebound,,,,,,,,,,Jon Brockman,,,,,,off,,
Amare Stoudemire,Channing Frye,Jared Dudley,Jason Richardson,Steve Nash,Ime Udoka,Jon Brockman,Omri Casspi,Spencer Hawes,Tyreke Evans,2,1:10,SAC,shot,,,,,,,,,,Jon Brockman,2,,,made,,tip,25,6
Amare Stoudemire,Channing Frye,Jared Dudley,Jason Richardson,Steve Nash,Ime Udoka,Jon Brockman,Omri Casspi,Spencer Hawes,Tyreke Evans,2,0:51,SAC,foul,,,,,,,,Steve Nash,,Tyreke Evans,,,,,,shooting,,
Amare Stoudemire,Channing Frye,Jared Dudley,Jason Richardson,Steve Nash,Ime Udoka,Jon Brockman,Omri Casspi,Spencer Hawes,Tyreke Evans,2,0:51,PHX,free throw,,,,,,,1,,2,Steve Nash,,,foul,made,,,,
Amare Stoudemire,Channing Frye,Jared Dudley,Jason Richardson,Steve Nash,Ime Udoka,Jon Brockman,Omri Casspi,Spencer Hawes,Tyreke Evans,2,0:51,PHX,free throw,,,,,,,2,,2,Steve Nash,,,foul,made,,,,
Amare Stoudemire,Channing Frye,Jared Dudley,Jason Richardson,Steve Nash,Ime Udoka,Jon Brockman,Omri Casspi,Spencer Hawes,Tyreke Evans,2,0:29,SAC,shot,,,,,,,,,,Ime Udoka,,,,missed,,3pt,5,20
Amare Stoudemire,Channing Frye,Jared Dudley,Jason Richardson,Steve Nash,Ime Udoka,Jon Brockman,Omri Casspi,Spencer Hawes,Tyreke Evans,2,0:27,PHX,rebound,,,,,,,,,,,,,,,,,,
Amare Stoudemire,Channing Frye,Jared Dudley,Jason Richardson,Steve Nash,Ime Udoka,Jon Brockman,Omri Casspi,Spencer Hawes,Tyreke Evans,2,0:05,PHX,turnover,,,,,,,,,,Steve Nash,,,bad pass,,Tyreke Evans,,,
Amare Stoudemire,Channing Frye,Jared Dudley,Jason Richardson,Steve Nash,Ime Udoka,Jon Brockman,Omri Casspi,Spencer Hawes,Tyreke Evans,2,0:01,SAC,shot,Tyreke Evans,,,,,,,,,Omri Casspi,2,,,made,,slam dunk,25,6
Amare Stoudemire,Channing Frye,Grant Hill,Jason Richardson,Steve Nash,Donte Greene,Jason Thompson,Jon Brockman,Omri Casspi,Tyreke Evans,3,11:46,SAC,shot,,,,,,,,,,Donte Greene,,,,missed,,layup,25,6
Amare Stoudemire,Channing Frye,Grant Hill,Jason Richardson,Steve Nash,Donte Greene,Jason Thompson,Jon Brockman,Omri Casspi,Tyreke Evans,3,11:45,PHX,rebound,,,,,,,,,,Grant Hill,,,,,,def,,
Amare Stoudemire,Channing Frye,Grant Hill,Jason Richardson,Steve Nash,Donte Greene,Jason Thompson,Jon Brockman,Omri Casspi,Tyreke Evans,3,11:22,PHX,shot,,,,,,,,,,Amare Stoudemire,,,,missed,,jump,10,18
Amare Stoudemire,Channing Frye,Grant Hill,Jason Richardson,Steve Nash,Donte Greene,Jason Thompson,Jon Brockman,Omri Casspi,Tyreke Evans,3,11:21,SAC,rebound,,,,,,,,,,Donte Greene,,,,,,def,,
Amare Stoudemire,Channing Frye,Grant Hill,Jason Richardson,Steve Nash,Donte Greene,Jason Thompson,Jon Brockman,Omri Casspi,Tyreke Evans,3,11:08,SAC,shot,,,,,,,,,,Tyreke Evans,2,,,made,,jump,36,22
Amare Stoudemire,Channing Frye,Grant Hill,Jason Richardson,Steve Nash,Donte Greene,Jason Thompson,Jon Brockman,Omri Casspi,Tyreke Evans,3,10:57,PHX,shot,,,,,,,,,,Steve Nash,,,,missed,,pullup jump,25,23
Amare Stoudemire,Channing Frye,Grant Hill,Jason Richardson,Steve Nash,Donte Greene,Jason Thompson,Jon Brockman,Omri Casspi,Tyreke Evans,3,10:57,SAC,rebound,,,,,,,,,,Jon Brockman,,,,,,def,,
Amare Stoudemire,Channing Frye,Grant Hill,Jason Richardson,Steve Nash,Donte Greene,Jason Thompson,Jon Brockman,Omri Casspi,Tyreke Evans,3,10:48,SAC,shot,,,,,,,,,,Tyreke Evans,2,,,made,,pullup jump,26,23
Amare Stoudemire,Channing Frye,Grant Hill,Jason Richardson,Steve Nash,Donte Greene,Jason Thompson,Jon Brockman,Omri Casspi,Tyreke Evans,3,10:43,PHX,timeout,,,,,,,,,,,,,,,,regular,,
Amare Stoudemire,Channing Frye,Grant Hill,Jason Richardson,Steve Nash,Donte Greene,Jason Thompson,Jon Brockman,Omri Casspi,Tyreke Evans,3,10:26,PHX,shot,,,,,,,,,,Jason Richardson,2,,,made,,driving layup,25,6
Amare Stoudemire,Channing Frye,Grant Hill,Jason Richardson,Steve Nash,Donte Greene,Jason Thompson,Jon Brockman,Omri Casspi,Tyreke Evans,3,10:00,SAC,shot,Donte Greene,,,,,,,,,Jason Thompson,2,,,made,,jump,20,24
Amare Stoudemire,Channing Frye,Grant Hill,Jason Richardson,Steve Nash,Donte Greene,Jason Thompson,Jon Brockman,Omri Casspi,Tyreke Evans,3,9:45,PHX,turnover,,,,,,,,,,Steve Nash,,,lost ball,,Jason Thompson,,,
Amare Stoudemire,Channing Frye,Grant Hill,Jason Richardson,Steve Nash,Donte Greene,Jason Thompson,Jon Brockman,Omri Casspi,Tyreke Evans,3,9:42,PHX,foul,,,,,,,,Omri Casspi,,Grant Hill,,,,,,shooting,,
Amare Stoudemire,Channing Frye,Grant Hill,Jason Richardson,Steve Nash,Donte Greene,Jason Thompson,Jon Brockman,Omri Casspi,Tyreke Evans,3,9:42,SAC,free throw,,,,,,,1,,2,Omri Casspi,,,foul,missed,,,,
Amare Stoudemire,Channing Frye,Grant Hill,Jason Richardson,Steve Nash,Donte Greene,Jason Thompson,Jon Brockman,Omri Casspi,Tyreke Evans,3,9:42,SAC,rebound,,,,,,,,,,,,,,,,,,
Amare Stoudemire,Channing Frye,Grant Hill,Jason Richardson,Steve Nash,Donte Greene,Jason Thompson,Jon Brockman,Omri Casspi,Tyreke Evans,3,9:42,SAC,free throw,,,,,,,2,,2,Omri Casspi,,,foul,missed,,,,
Amare Stoudemire,Channing Frye,Grant Hill,Jason Richardson,Steve Nash,Donte Greene,Jason Thompson,Jon Brockman,Omri Casspi,Tyreke Evans,3,9:42,PHX,rebound,,,,,,,,,,Channing Frye,,,,,,def,,
Amare Stoudemire,Channing Frye,Grant Hill,Jason Richardson,Steve Nash,Donte Greene,Jason Thompson,Jon Brockman,Omri Casspi,Tyreke Evans,3,9:30,PHX,shot,,,,,,,,,,Steve Nash,2,,,made,,pullup jump,11,14
Amare Stoudemire,Channing Frye,Grant Hill,Jason Richardson,Steve Nash,Donte Greene,Jason Thompson,Jon Brockman,Omri Casspi,Tyreke Evans,3,9:15,SAC,shot,,,,,,,,,,Tyreke Evans,,,,missed,,3pt,37,27
Amare Stoudemire,Channing Frye,Grant Hill,Jason Richardson,Steve Nash,Donte Greene,Jason Thompson,Jon Brockman,Omri Casspi,Tyreke Evans,3,9:14,PHX,rebound,,,,,,,,,,Jason Richardson,,,,,,def,,
Amare Stoudemire,Channing Frye,Grant Hill,Jason Richardson,Steve Nash,Donte Greene,Jason Thompson,Jon Brockman,Omri Casspi,Tyreke Evans,3,9:08,PHX,shot,,,Donte Greene,,,,,,,Jason Richardson,,,,missed,,driving layup,25,6
Amare Stoudemire,Channing Frye,Grant Hill,Jason Richardson,Steve Nash,Donte Greene,Jason Thompson,Jon Brockman,Omri Casspi,Tyreke Evans,3,9:08,PHX,rebound,,,,,,,,,,,,,,,,,,
Amare Stoudemire,Channing Frye,Grant Hill,Jason Richardson,Steve Nash,Donte Greene,Jason Thompson,Jon Brockman,Omri Casspi,Tyreke Evans,3,8:57,PHX,shot,,,,,,,,,,Steve Nash,2,,,made,,fade away jumper,10,14
Amare Stoudemire,Channing Frye,Grant Hill,Jason Richardson,Steve Nash,Donte Greene,Jason Thompson,Jon Brockman,Omri Casspi,Tyreke Evans,3,8:38,SAC,turnover,,,,,,,,,,Jason Thompson,,,lost ball,,Amare Stoudemire,,,
Amare Stoudemire,Channing Frye,Grant Hill,Jason Richardson,Steve Nash,Donte Greene,Jason Thompson,Jon Brockman,Omri Casspi,Tyreke Evans,3,8:36,SAC,foul,,,,,,,,Grant Hill,,Jason Thompson,,,,,,loose ball,,
Amare Stoudemire,Channing Frye,Grant Hill,Jason Richardson,Steve Nash,Donte Greene,Jason Thompson,Jon Brockman,Omri Casspi,Tyreke Evans,3,8:30,PHX,shot,,,,,,,,,,Jason Richardson,,,,missed,,3pt,12,28
Amare Stoudemire,Channing Frye,Grant Hill,Jason Richardson,Steve Nash,Donte Greene,Jason Thompson,Jon Brockman,Omri Casspi,Tyreke Evans,3,8:29,SAC,rebound,,,,,,,,,,Tyreke Evans,,,,,,def,,
Amare Stoudemire,Channing Frye,Grant Hill,Jason Richardson,Steve Nash,Donte Greene,Jason Thompson,Jon Brockman,Omri Casspi,Tyreke Evans,3,8:19,SAC,shot,,,,,,,,,,Donte Greene,,,,missed,,jump,41,19
Amare Stoudemire,Channing Frye,Grant Hill,Jason Richardson,Steve Nash,Donte Greene,Jason Thompson,Jon Brockman,Omri Casspi,Tyreke Evans,3,8:18,PHX,rebound,,,,,,,,,,Jason Richardson,,,,,,def,,
Amare Stoudemire,Channing Frye,Grant Hill,Jason Richardson,Steve Nash,Donte Greene,Jason Thompson,Jon Brockman,Omri Casspi,Tyreke Evans,3,8:07,SAC,foul,,,,,,,,Steve Nash,,Donte Greene,,,,,,personal,,
Amare Stoudemire,Channing Frye,Grant Hill,Jason Richardson,Steve Nash,Donte Greene,Jason Thompson,Jon Brockman,Omri Casspi,Tyreke Evans,3,8:01,PHX,shot,,,,,,,,,,Grant Hill,,,,missed,,turnaround jump,27,13
Amare Stoudemire,Channing Frye,Grant Hill,Jason Richardson,Steve Nash,Donte Greene,Jason Thompson,Jon Brockman,Omri Casspi,Tyreke Evans,3,8:00,SAC,rebound,,,,,,,,,,Donte Greene,,,,,,def,,
Amare Stoudemire,Channing Frye,Grant Hill,Jason Richardson,Steve Nash,Donte Greene,Jason Thompson,Jon Brockman,Omri Casspi,Tyreke Evans,3,7:52,PHX,foul,,,,,,,,Tyreke Evans,,Steve Nash,,,,,,shooting,,
Amare Stoudemire,Channing Frye,Grant Hill,Jason Richardson,Steve Nash,Donte Greene,Jason Thompson,Jon Brockman,Omri Casspi,Tyreke Evans,3,7:52,SAC,free throw,,,,,,,1,,2,Tyreke Evans,,,foul,made,,,,
Amare Stoudemire,Channing Frye,Grant Hill,Jason Richardson,Steve Nash,Andres Nocioni,Jason Thompson,Jon Brockman,Omri Casspi,Tyreke Evans,3,7:52,SAC,sub,,,,Andres Nocioni,,Donte Greene,,,,,,,,,,,,
Amare Stoudemire,Channing Frye,Grant Hill,Jason Richardson,Steve Nash,Andres Nocioni,Jason Thompson,Jon Brockman,Omri Casspi,Tyreke Evans,3,7:52,SAC,free throw,,,,,,,2,,2,Tyreke Evans,,,foul,made,,,,
Amare Stoudemire,Channing Frye,Grant Hill,Jason Richardson,Steve Nash,Andres Nocioni,Jason Thompson,Jon Brockman,Omri Casspi,Tyreke Evans,3,7:38,SAC,foul,,,,,,,,Steve Nash,,Tyreke Evans,,,,,,shooting,,
Amare Stoudemire,Channing Frye,Grant Hill,Jason Richardson,Steve Nash,Andres Nocioni,Jason Thompson,Jon Brockman,Omri Casspi,Tyreke Evans,3,7:38,PHX,free throw,,,,,,,1,,2,Steve Nash,,,foul,made,,,,
Amare Stoudemire,Channing Frye,Grant Hill,Jason Richardson,Steve Nash,Andres Nocioni,Jason Thompson,Jon Brockman,Omri Casspi,Tyreke Evans,3,7:38,PHX,free throw,,,,,,,2,,2,Steve Nash,,,foul,made,,,,
Amare Stoudemire,Channing Frye,Grant Hill,Jason Richardson,Steve Nash,Andres Nocioni,Jason Thompson,Jon Brockman,Omri Casspi,Tyreke Evans,3,7:22,SAC,shot,,,,,,,,,,Omri Casspi,3,,,made,,3pt,43,23
Amare Stoudemire,Channing Frye,Grant Hill,Jason Richardson,Steve Nash,Andres Nocioni,Jason Thompson,Jon Brockman,Omri Casspi,Tyreke Evans,3,6:56,PHX,shot,Steve Nash,,,,,,,,,Jason Richardson,2,,,made,,layup,25,6
Amare Stoudemire,Channing Frye,Grant Hill,Jason Richardson,Steve Nash,Andres Nocioni,Jason Thompson,Jon Brockman,Omri Casspi,Tyreke Evans,3,6:44,PHX,foul,,,,,,,,Omri Casspi,,Jason Richardson,,,,,,personal,,
Amare Stoudemire,Channing Frye,Grant Hill,Jason Richardson,Steve Nash,Andres Nocioni,Jason Thompson,Jon Brockman,Omri Casspi,Tyreke Evans,3,6:39,SAC,shot,Jason Thompson,,,,,,,,,Andres Nocioni,2,,,made,,jump,14,19
Amare Stoudemire,Channing Frye,Grant Hill,Jason Richardson,Steve Nash,Andres Nocioni,Jason Thompson,Jon Brockman,Omri Casspi,Tyreke Evans,3,6:29,PHX,shot,Jason Richardson,,,,,,,,,Steve Nash,2,,,made,,pullup jump,7,12
Amare Stoudemire,Channing Frye,Grant Hill,Jason Richardson,Steve Nash,Andres Nocioni,Jason Thompson,Jon Brockman,Omri Casspi,Tyreke Evans,3,6:13,SAC,shot,,,,,,,,,,Tyreke Evans,2,,,made,,pullup jump,33,13
Amare Stoudemire,Channing Frye,Grant Hill,Jason Richardson,Steve Nash,Andres Nocioni,Jason Thompson,Jon Brockman,Omri Casspi,Tyreke Evans,3,5:57,PHX,shot,,,,,,,,,,Channing Frye,,,,missed,,jump,6,18
Amare Stoudemire,Channing Frye,Grant Hill,Jason Richardson,Steve Nash,Andres Nocioni,Jason Thompson,Jon Brockman,Omri Casspi,Tyreke Evans,3,5:55,SAC,rebound,,,,,,,,,,Andres Nocioni,,,,,,def,,
Amare Stoudemire,Channing Frye,Grant Hill,Jason Richardson,Steve Nash,Andres Nocioni,Jason Thompson,Jon Brockman,Omri Casspi,Tyreke Evans,3,5:39,SAC,shot,,,,,,,,,,Tyreke Evans,,,,missed,,pullup jump,20,21
Amare Stoudemire,Channing Frye,Grant Hill,Jason Richardson,Steve Nash,Andres Nocioni,Jason Thompson,Jon Brockman,Omri Casspi,Tyreke Evans,3,5:36,SAC,rebound,,,,,,,,,,Omri Casspi,,,,,,off,,
Amare Stoudemire,Channing Frye,Grant Hill,Jason Richardson,Steve Nash,Andres Nocioni,Jason Thompson,Jon Brockman,Omri Casspi,Tyreke Evans,3,5:34,PHX,foul,,,,,,,,Jason Thompson,,Amare Stoudemire,,,,,,shooting,,
Amare Stoudemire,Channing Frye,Grant Hill,Jason Richardson,Steve Nash,Andres Nocioni,Beno Udrih,Jason Thompson,Jon Brockman,Omri Casspi,3,5:34,SAC,sub,,,,Beno Udrih,,Tyreke Evans,,,,,,,,,,,,
Amare Stoudemire,Channing Frye,Grant Hill,Jason Richardson,Steve Nash,Andres Nocioni,Beno Udrih,Jason Thompson,Jon Brockman,Omri Casspi,3,5:34,SAC,free throw,,,,,,,1,,2,Jason Thompson,,,foul,missed,,,,
Amare Stoudemire,Channing Frye,Grant Hill,Jason Richardson,Steve Nash,Andres Nocioni,Beno Udrih,Jason Thompson,Jon Brockman,Omri Casspi,3,5:34,SAC,rebound,,,,,,,,,,,,,,,,,,
Amare Stoudemire,Channing Frye,Grant Hill,Jason Richardson,Steve Nash,Andres Nocioni,Beno Udrih,Jason Thompson,Jon Brockman,Omri Casspi,3,5:34,SAC,free throw,,,,,,,2,,2,Jason Thompson,,,foul,made,,,,
Amare Stoudemire,Channing Frye,Grant Hill,Jason Richardson,Steve Nash,Andres Nocioni,Beno Udrih,Jason Thompson,Jon Brockman,Omri Casspi,3,5:18,PHX,shot,Steve Nash,,,,,,,,,Jason Richardson,2,,,made,,slam dunk,25,6
Amare Stoudemire,Channing Frye,Grant Hill,Jason Richardson,Steve Nash,Andres Nocioni,Beno Udrih,Jason Thompson,Jon Brockman,Omri Casspi,3,5:03,SAC,shot,,,,,,,,,,Jason Thompson,,,,missed,,jump,34,22
Amare Stoudemire,Channing Frye,Grant Hill,Jason Richardson,Steve Nash,Andres Nocioni,Beno Udrih,Jason Thompson,Jon Brockman,Omri Casspi,3,5:02,SAC,rebound,,,,,,,,,,Omri Casspi,,,,,,off,,
Amare Stoudemire,Channing Frye,Grant Hill,Jason Richardson,Steve Nash,Andres Nocioni,Beno Udrih,Jason Thompson,Jon Brockman,Omri Casspi,3,5:02,SAC,shot,,,,,,,,,,Omri Casspi,2,,,made,,hook,20,9
Amare Stoudemire,Channing Frye,Grant Hill,Jason Richardson,Steve Nash,Andres Nocioni,Beno Udrih,Jason Thompson,Jon Brockman,Omri Casspi,3,5:02,PHX,foul,,,,,,,,Omri Casspi,,Channing Frye,,,,,,shooting,,
Amare Stoudemire,Channing Frye,Grant Hill,Jason Richardson,Steve Nash,Andres Nocioni,Beno Udrih,Jason Thompson,Jon Brockman,Omri Casspi,3,5:02,SAC,free throw,,,,,,,1,,1,Omri Casspi,,,foul,made,,,,
Amare Stoudemire,Channing Frye,Grant Hill,Jason Richardson,Steve Nash,Andres Nocioni,Beno Udrih,Jason Thompson,Jon Brockman,Omri Casspi,3,4:53,PHX,turnover,,,,,,,,,,Steve Nash,,,bad pass,,Jon Brockman,,,
Amare Stoudemire,Channing Frye,Grant Hill,Jason Richardson,Steve Nash,Andres Nocioni,Beno Udrih,Jason Thompson,Jon Brockman,Omri Casspi,3,4:51,SAC,turnover,,,,,,,,,,Jon Brockman,,,bad pass,,Amare Stoudemire,,,
Amare Stoudemire,Channing Frye,Grant Hill,Jason Richardson,Steve Nash,Andres Nocioni,Beno Udrih,Jason Thompson,Jon Brockman,Omri Casspi,3,4:51,SAC,foul,,,,,,,,Jason Richardson,,Andres Nocioni,,,,,,shooting,,
Amare Stoudemire,Channing Frye,Grant Hill,Jason Richardson,Steve Nash,Andres Nocioni,Beno Udrih,Jason Thompson,Jon Brockman,Omri Casspi,3,4:51,PHX,free throw,,,,,,,1,,2,Jason Richardson,,,foul,made,,,,
Amare Stoudemire,Channing Frye,Jared Dudley,Jason Richardson,Steve Nash,Andres Nocioni,Beno Udrih,Jason Thompson,Jon Brockman,Omri Casspi,3,4:51,PHX,sub,,,,Jared Dudley,,Grant Hill,,,,,,,,,,,,
Amare Stoudemire,Channing Frye,Jared Dudley,Jason Richardson,Steve Nash,Andres Nocioni,Beno Udrih,Jason Thompson,Jon Brockman,Omri Casspi,3,4:51,PHX,free throw,,,,,,,2,,2,Jason Richardson,,,foul,missed,,,,
Amare Stoudemire,Channing Frye,Jared Dudley,Jason Richardson,Steve Nash,Andres Nocioni,Beno Udrih,Jason Thompson,Jon Brockman,Omri Casspi,3,4:50,SAC,rebound,,,,,,,,,,Jon Brockman,,,,,,def,,
Amare Stoudemire,Channing Frye,Jared Dudley,Jason Richardson,Steve Nash,Andres Nocioni,Beno Udrih,Jason Thompson,Jon Brockman,Omri Casspi,3,4:38,SAC,shot,,,,,,,,,,Andres Nocioni,,,,missed,,3pt,15,30
Amare Stoudemire,Channing Frye,Jared Dudley,Jason Richardson,Steve Nash,Andres Nocioni,Beno Udrih,Jason Thompson,Jon Brockman,Omri Casspi,3,4:38,SAC,rebound,,,,,,,,,,Jason Thompson,,,,,,off,,
Amare Stoudemire,Channing Frye,Jared Dudley,Jason Richardson,Steve Nash,Andres Nocioni,Beno Udrih,Jason Thompson,Jon Brockman,Omri Casspi,3,4:31,SAC,shot,,,,,,,,,,Andres Nocioni,2,,,made,,pullup jump,17,22
Amare Stoudemire,Channing Frye,Jared Dudley,Jason Richardson,Steve Nash,Andres Nocioni,Beno Udrih,Jason Thompson,Jon Brockman,Omri Casspi,3,4:14,PHX,shot,,,,,,,,,,Jason Richardson,,,,missed,,jump,5,9
Amare Stoudemire,Channing Frye,Jared Dudley,Jason Richardson,Steve Nash,Andres Nocioni,Beno Udrih,Jason Thompson,Jon Brockman,Omri Casspi,3,4:14,SAC,rebound,,,,,,,,,,Omri Casspi,,,,,,def,,
Amare Stoudemire,Channing Frye,Jared Dudley,Jason Richardson,Steve Nash,Andres Nocioni,Beno Udrih,Jason Thompson,Jon Brockman,Omri Casspi,3,4:02,SAC,shot,,,,,,,,,,Jason Thompson,,,,missed,,turnaround jump,20,11
Amare Stoudemire,Channing Frye,Jared Dudley,Jason Richardson,Steve Nash,Andres Nocioni,Beno Udrih,Jason Thompson,Jon Brockman,Omri Casspi,3,4:01,PHX,rebound,,,,,,,,,,,,,,,,,,
Amare Stoudemire,Channing Frye,Jared Dudley,Jason Richardson,Steve Nash,Andres Nocioni,Beno Udrih,Jason Thompson,Jon Brockman,Omri Casspi,3,3:44,PHX,shot,,,Jason Thompson,,,,,,,Jared Dudley,,,,missed,,layup,25,6
Amare Stoudemire,Channing Frye,Jared Dudley,Jason Richardson,Steve Nash,Andres Nocioni,Beno Udrih,Jason Thompson,Jon Brockman,Omri Casspi,3,3:42,SAC,rebound,,,,,,,,,,Jason Thompson,,,,,,def,,
Amare Stoudemire,Channing Frye,Jared Dudley,Jason Richardson,Steve Nash,Andres Nocioni,Beno Udrih,Jason Thompson,Jon Brockman,Omri Casspi,3,3:34,SAC,shot,Beno Udrih,,,,,,,,,Jason Thompson,2,,,made,,jump hook,20,9
Amare Stoudemire,Channing Frye,Jared Dudley,Jason Richardson,Steve Nash,Andres Nocioni,Beno Udrih,Jason Thompson,Jon Brockman,Omri Casspi,3,3:20,PHX,shot,Steve Nash,,,,,,,,,Channing Frye,3,,,made,,3pt,47,9
Amare Stoudemire,Channing Frye,Jared Dudley,Jason Richardson,Steve Nash,Andres Nocioni,Beno Udrih,Jason Thompson,Jon Brockman,Omri Casspi,3,3:04,PHX,foul,,,,,,,,Andres Nocioni,,Jared Dudley,,,,,,personal,,
Amare Stoudemire,Channing Frye,Jared Dudley,Leandro Barbosa,Steve Nash,Andres Nocioni,Beno Udrih,Jason Thompson,Jon Brockman,Omri Casspi,3,3:04,PHX,sub,,,,Leandro Barbosa,,Jason Richardson,,,,,,,,,,,,
Amare Stoudemire,Channing Frye,Jared Dudley,Leandro Barbosa,Steve Nash,Andres Nocioni,Beno Udrih,Jason Thompson,Jon Brockman,Omri Casspi,3,3:04,SAC,free throw,,,,,,,1,,2,Andres Nocioni,,,foul,made,,,,
Amare Stoudemire,Channing Frye,Jared Dudley,Leandro Barbosa,Steve Nash,Andres Nocioni,Beno Udrih,Ime Udoka,Jon Brockman,Omri Casspi,3,3:04,SAC,sub,,,,Ime Udoka,,Jason Thompson,,,,,,,,,,,,
Amare Stoudemire,Channing Frye,Jared Dudley,Leandro Barbosa,Steve Nash,Andres Nocioni,Beno Udrih,Ime Udoka,Jon Brockman,Omri Casspi,3,3:04,SAC,free throw,,,,,,,2,,2,Andres Nocioni,,,foul,made,,,,
Amare Stoudemire,Channing Frye,Jared Dudley,Leandro Barbosa,Steve Nash,Andres Nocioni,Beno Udrih,Ime Udoka,Jon Brockman,Omri Casspi,3,2:51,PHX,shot,,,,,,,,,,Amare Stoudemire,,,,missed,,jump,24,23
Amare Stoudemire,Channing Frye,Jared Dudley,Leandro Barbosa,Steve Nash,Andres Nocioni,Beno Udrih,Ime Udoka,Jon Brockman,Omri Casspi,3,2:50,SAC,rebound,,,,,,,,,,Omri Casspi,,,,,,def,,
Amare Stoudemire,Channing Frye,Jared Dudley,Leandro Barbosa,Steve Nash,Andres Nocioni,Beno Udrih,Ime Udoka,Jon Brockman,Omri Casspi,3,2:45,PHX,foul,,,,,,,,Ime Udoka,,Amare Stoudemire,,,,,,shooting,,
Amare Stoudemire,Channing Frye,Jared Dudley,Leandro Barbosa,Steve Nash,Andres Nocioni,Beno Udrih,Ime Udoka,Jon Brockman,Omri Casspi,3,2:45,SAC,timeout,,,,,,,,,,,,,,,,regular,,
Amare Stoudemire,Channing Frye,Jared Dudley,Leandro Barbosa,Steve Nash,Andres Nocioni,Beno Udrih,Ime Udoka,Jon Brockman,Omri Casspi,3,2:45,SAC,free throw,,,,,,,1,,2,Ime Udoka,,,foul,missed,,,,
Amare Stoudemire,Channing Frye,Jared Dudley,Leandro Barbosa,Steve Nash,Andres Nocioni,Beno Udrih,Ime Udoka,Jon Brockman,Omri Casspi,3,2:45,SAC,rebound,,,,,,,,,,,,,,,,,,
Amare Stoudemire,Channing Frye,Jared Dudley,Leandro Barbosa,Steve Nash,Andres Nocioni,Beno Udrih,Ime Udoka,Jon Brockman,Omri Casspi,3,2:45,SAC,free throw,,,,,,,2,,2,Ime Udoka,,,foul,made,,,,
Amare Stoudemire,Channing Frye,Jared Dudley,Leandro Barbosa,Steve Nash,Andres Nocioni,Beno Udrih,Ime Udoka,Jon Brockman,Omri Casspi,3,2:31,PHX,shot,,,,,,,,,,Steve Nash,2,,,made,,driving layup,25,6
Amare Stoudemire,Channing Frye,Jared Dudley,Leandro Barbosa,Steve Nash,Andres Nocioni,Beno Udrih,Ime Udoka,Jon Brockman,Omri Casspi,3,2:10,SAC,shot,,,,,,,,,,Ime Udoka,,,,missed,,3pt,1,10
Amare Stoudemire,Channing Frye,Jared Dudley,Leandro Barbosa,Steve Nash,Andres Nocioni,Beno Udrih,Ime Udoka,Jon Brockman,Omri Casspi,3,2:10,SAC,rebound,,,,,,,,,,Jon Brockman,,,,,,off,,
Amare Stoudemire,Channing Frye,Jared Dudley,Leandro Barbosa,Steve Nash,Andres Nocioni,Beno Udrih,Ime Udoka,Jon Brockman,Omri Casspi,3,2:07,SAC,turnover,,,,,,,,,,Jon Brockman,,,bad pass,,Channing Frye,,,
Amare Stoudemire,Channing Frye,Jared Dudley,Leandro Barbosa,Steve Nash,Andres Nocioni,Beno Udrih,Ime Udoka,Jon Brockman,Omri Casspi,3,2:00,PHX,shot,Steve Nash,,,,,,,,,Channing Frye,3,,,made,,3pt,24,31
Amare Stoudemire,Channing Frye,Jared Dudley,Leandro Barbosa,Steve Nash,Andres Nocioni,Beno Udrih,Ime Udoka,Jon Brockman,Omri Casspi,3,1:38,SAC,shot,,,,,,,,,,Omri Casspi,,,,missed,,turnaround jump,34,9
Amare Stoudemire,Channing Frye,Jared Dudley,Leandro Barbosa,Steve Nash,Andres Nocioni,Beno Udrih,Ime Udoka,Jon Brockman,Omri Casspi,3,1:38,SAC,rebound,,,,,,,,,,Jon Brockman,,,,,,off,,
Amare Stoudemire,Channing Frye,Jared Dudley,Leandro Barbosa,Steve Nash,Andres Nocioni,Beno Udrih,Ime Udoka,Jon Brockman,Omri Casspi,3,1:36,SAC,shot,,,,,,,,,,Jon Brockman,2,,,made,,layup,25,6
Amare Stoudemire,Channing Frye,Jared Dudley,Leandro Barbosa,Steve Nash,Andres Nocioni,Beno Udrih,Ime Udoka,Jon Brockman,Omri Casspi,3,1:20,SAC,foul,,,,,,,,Leandro Barbosa,,Beno Udrih,,,,,,shooting,,
Channing Frye,Jared Dudley,Leandro Barbosa,Louis Amundson,Steve Nash,Andres Nocioni,Beno Udrih,Ime Udoka,Jon Brockman,Omri Casspi,3,1:20,PHX,sub,,,,Louis Amundson,,Amare Stoudemire,,,,,,,,,,,,
Channing Frye,Jared Dudley,Leandro Barbosa,Louis Amundson,Steve Nash,Andres Nocioni,Beno Udrih,Ime Udoka,Jon Brockman,Omri Casspi,3,1:20,PHX,free throw,,,,,,,1,,2,Leandro Barbosa,,,foul,made,,,,
Channing Frye,Jared Dudley,Leandro Barbosa,Louis Amundson,Steve Nash,Andres Nocioni,Beno Udrih,Ime Udoka,Omri Casspi,Spencer Hawes,3,1:20,SAC,sub,,,,Spencer Hawes,,Jon Brockman,,,,,,,,,,,,
Channing Frye,Jared Dudley,Leandro Barbosa,Louis Amundson,Steve Nash,Andres Nocioni,Beno Udrih,Ime Udoka,Omri Casspi,Spencer Hawes,3,1:20,PHX,free throw,,,,,,,2,,2,Leandro Barbosa,,,foul,made,,,,
Channing Frye,Jared Dudley,Leandro Barbosa,Louis Amundson,Steve Nash,Andres Nocioni,Beno Udrih,Ime Udoka,Omri Casspi,Spencer Hawes,3,1:04,SAC,shot,,,,,,,,,,Andres Nocioni,2,,,made,,running hook,18,8
Channing Frye,Jared Dudley,Leandro Barbosa,Louis Amundson,Steve Nash,Andres Nocioni,Beno Udrih,Ime Udoka,Omri Casspi,Spencer Hawes,3,0:50,PHX,shot,,,,,,,,,,Steve Nash,,,,missed,,jump,26,18
Channing Frye,Jared Dudley,Leandro Barbosa,Louis Amundson,Steve Nash,Andres Nocioni,Beno Udrih,Ime Udoka,Omri Casspi,Spencer Hawes,3,0:50,SAC,rebound,,,,,,,,,,Omri Casspi,,,,,,def,,
Channing Frye,Jared Dudley,Leandro Barbosa,Louis Amundson,Steve Nash,Andres Nocioni,Beno Udrih,Ime Udoka,Omri Casspi,Spencer Hawes,3,0:44,SAC,turnover,,,,,,,,,,Ime Udoka,,,bad pass,,,,,
Channing Frye,Jared Dudley,Leandro Barbosa,Louis Amundson,Steve Nash,Andres Nocioni,Beno Udrih,Ime Udoka,Omri Casspi,Spencer Hawes,3,0:33,PHX,turnover,,,,,,,,,,Steve Nash,,,lost ball,,Ime Udoka,,,
Channing Frye,Jared Dudley,Leandro Barbosa,Louis Amundson,Steve Nash,Andres Nocioni,Beno Udrih,Ime Udoka,Omri Casspi,Spencer Hawes,3,0:24,SAC,shot,Beno Udrih,,,,,,,,,Spencer Hawes,2,,,made,,slam dunk,25,6
Channing Frye,Jared Dudley,Leandro Barbosa,Louis Amundson,Steve Nash,Andres Nocioni,Beno Udrih,Ime Udoka,Omri Casspi,Spencer Hawes,3,0:03,PHX,shot,,,Andres Nocioni,,,,,,,Leandro Barbosa,,,,missed,,layup,25,6
Channing Frye,Jared Dudley,Leandro Barbosa,Louis Amundson,Steve Nash,Andres Nocioni,Beno Udrih,Ime Udoka,Omri Casspi,Spencer Hawes,3,0:02,SAC,rebound,,,,,,,,,,Beno Udrih,,,,,,def,,
Channing Frye,Jared Dudley,Leandro Barbosa,Louis Amundson,Steve Nash,Andres Nocioni,Beno Udrih,Ime Udoka,Omri Casspi,Spencer Hawes,3,0:00,SAC,shot,,,,,,,,,,Beno Udrih,,,,missed,,3pt,23,34
Channing Frye,Jared Dudley,Leandro Barbosa,Louis Amundson,Steve Nash,Andres Nocioni,Beno Udrih,Ime Udoka,Omri Casspi,Spencer Hawes,3,0:00,SAC,rebound,,,,,,,,,,,,,,,,,,
Channing Frye,Goran Dragic,Grant Hill,Leandro Barbosa,Louis Amundson,Andres Nocioni,Ime Udoka,Omri Casspi,Spencer Hawes,Tyreke Evans,4,11:42,PHX,shot,,,,,,,,,,Channing Frye,,,,missed,,jump,38,17
Channing Frye,Goran Dragic,Grant Hill,Leandro Barbosa,Louis Amundson,Andres Nocioni,Ime Udoka,Omri Casspi,Spencer Hawes,Tyreke Evans,4,11:40,SAC,rebound,,,,,,,,,,Tyreke Evans,,,,,,def,,
Channing Frye,Goran Dragic,Grant Hill,Leandro Barbosa,Louis Amundson,Andres Nocioni,Ime Udoka,Omri Casspi,Spencer Hawes,Tyreke Evans,4,11:33,SAC,turnover,,,,,,,,,,Tyreke Evans,,,lost ball,,Channing Frye,,,
Channing Frye,Goran Dragic,Grant Hill,Leandro Barbosa,Louis Amundson,Andres Nocioni,Ime Udoka,Omri Casspi,Spencer Hawes,Tyreke Evans,4,11:26,PHX,shot,,,,,,,,,,Goran Dragic,,,,missed,,3pt,2,16
Channing Frye,Goran Dragic,Grant Hill,Leandro Barbosa,Louis Amundson,Andres Nocioni,Ime Udoka,Omri Casspi,Spencer Hawes,Tyreke Evans,4,11:25,SAC,rebound,,,,,,,,,,Ime Udoka,,,,,,def,,
Channing Frye,Goran Dragic,Grant Hill,Leandro Barbosa,Louis Amundson,Andres Nocioni,Ime Udoka,Omri Casspi,Spencer Hawes,Tyreke Evans,4,11:02,SAC,shot,,,,,,,,,,Omri Casspi,,,,missed,,hook,26,14
Channing Frye,Goran Dragic,Grant Hill,Leandro Barbosa,Louis Amundson,Andres Nocioni,Ime Udoka,Omri Casspi,Spencer Hawes,Tyreke Evans,4,11:02,SAC,rebound,,,,,,,,,,,,,,,,,,
Channing Frye,Goran Dragic,Grant Hill,Leandro Barbosa,Louis Amundson,Andres Nocioni,Ime Udoka,Omri Casspi,Spencer Hawes,Tyreke Evans,4,11:02,SAC,turnover,,,,,,,,,,,,,shot clock turnover,,,,,
Channing Frye,Goran Dragic,Grant Hill,Leandro Barbosa,Louis Amundson,Andres Nocioni,Ime Udoka,Omri Casspi,Spencer Hawes,Tyreke Evans,4,10:46,SAC,foul,,,,,,,,Leandro Barbosa,,Andres Nocioni,,,,,,personal,,
Channing Frye,Goran Dragic,Grant Hill,Leandro Barbosa,Louis Amundson,Andres Nocioni,Ime Udoka,Omri Casspi,Spencer Hawes,Tyreke Evans,4,10:38,PHX,shot,,,,,,,,,,Leandro Barbosa,,,,missed,,jump,36,26
Channing Frye,Goran Dragic,Grant Hill,Leandro Barbosa,Louis Amundson,Andres Nocioni,Ime Udoka,Omri Casspi,Spencer Hawes,Tyreke Evans,4,10:37,PHX,rebound,,,,,,,,,,Grant Hill,,,,,,off,,
Channing Frye,Goran Dragic,Grant Hill,Leandro Barbosa,Louis Amundson,Andres Nocioni,Ime Udoka,Omri Casspi,Spencer Hawes,Tyreke Evans,4,10:36,PHX,turnover,,,,,,,,,,Grant Hill,,,out of bounds lost ball turnover,,,,,
Channing Frye,Goran Dragic,Grant Hill,Leandro Barbosa,Louis Amundson,Andres Nocioni,Ime Udoka,Omri Casspi,Spencer Hawes,Tyreke Evans,4,10:22,SAC,shot,Tyreke Evans,,,,,,,,,Omri Casspi,3,,,made,,3pt,18,30
Channing Frye,Goran Dragic,Grant Hill,Leandro Barbosa,Louis Amundson,Andres Nocioni,Ime Udoka,Omri Casspi,Spencer Hawes,Tyreke Evans,4,10:04,PHX,shot,,,,,,,,,,Leandro Barbosa,,,,missed,,3pt,6,22
Channing Frye,Goran Dragic,Grant Hill,Leandro Barbosa,Louis Amundson,Andres Nocioni,Ime Udoka,Omri Casspi,Spencer Hawes,Tyreke Evans,4,10:03,SAC,rebound,,,,,,,,,,Spencer Hawes,,,,,,def,,
Channing Frye,Goran Dragic,Grant Hill,Leandro Barbosa,Louis Amundson,Andres Nocioni,Ime Udoka,Omri Casspi,Spencer Hawes,Tyreke Evans,4,9:49,SAC,shot,,,,,,,,,,Andres Nocioni,,,,missed,,3pt,1,10
Channing Frye,Goran Dragic,Grant Hill,Leandro Barbosa,Louis Amundson,Andres Nocioni,Ime Udoka,Omri Casspi,Spencer Hawes,Tyreke Evans,4,9:48,PHX,rebound,,,,,,,,,,Grant Hill,,,,,,def,,
Channing Frye,Goran Dragic,Grant Hill,Leandro Barbosa,Louis Amundson,Andres Nocioni,Ime Udoka,Omri Casspi,Spencer Hawes,Tyreke Evans,4,9:43,PHX,turnover,,,,,,,,,,Grant Hill,,,bad pass,,Spencer Hawes,,,
Channing Frye,Goran Dragic,Grant Hill,Leandro Barbosa,Louis Amundson,Andres Nocioni,Ime Udoka,Omri Casspi,Spencer Hawes,Tyreke Evans,4,9:41,PHX,foul,,,,,,,,Ime Udoka,,Channing Frye,,,,,,shooting,,
Channing Frye,Goran Dragic,Grant Hill,Leandro Barbosa,Louis Amundson,Andres Nocioni,Ime Udoka,Omri Casspi,Spencer Hawes,Tyreke Evans,4,9:41,SAC,free throw,,,,,,,1,,2,Ime Udoka,,,foul,made,,,,
Amare Stoudemire,Goran Dragic,Grant Hill,Leandro Barbosa,Louis Amundson,Andres Nocioni,Ime Udoka,Omri Casspi,Spencer Hawes,Tyreke Evans,4,9:41,PHX,sub,,,,Amare Stoudemire,,Channing Frye,,,,,,,,,,,,
Amare Stoudemire,Grant Hill,Leandro Barbosa,Louis Amundson,Steve Nash,Andres Nocioni,Ime Udoka,Omri Casspi,Spencer Hawes,Tyreke Evans,4,9:41,PHX,sub,,,,Steve Nash,,Goran Dragic,,,,,,,,,,,,
Amare Stoudemire,Grant Hill,Leandro Barbosa,Louis Amundson,Steve Nash,Andres Nocioni,Ime Udoka,Jon Brockman,Omri Casspi,Tyreke Evans,4,9:41,SAC,sub,,,,Jon Brockman,,Spencer Hawes,,,,,,,,,,,,
Amare Stoudemire,Grant Hill,Leandro Barbosa,Louis Amundson,Steve Nash,Andres Nocioni,Ime Udoka,Jon Brockman,Omri Casspi,Tyreke Evans,4,9:41,SAC,free throw,,,,,,,2,,2,Ime Udoka,,,foul,made,,,,
Amare Stoudemire,Grant Hill,Leandro Barbosa,Louis Amundson,Steve Nash,Andres Nocioni,Ime Udoka,Jon Brockman,Omri Casspi,Tyreke Evans,4,9:31,PHX,shot,,,,,,,,,,Leandro Barbosa,,,,missed,,3pt,1,13
Amare Stoudemire,Grant Hill,Leandro Barbosa,Louis Amundson,Steve Nash,Andres Nocioni,Ime Udoka,Jon Brockman,Omri Casspi,Tyreke Evans,4,9:30,SAC,rebound,,,,,,,,,,Tyreke Evans,,,,,,def,,
Amare Stoudemire,Grant Hill,Leandro Barbosa,Louis Amundson,Steve Nash,Andres Nocioni,Ime Udoka,Jon Brockman,Omri Casspi,Tyreke Evans,4,9:24,SAC,shot,Tyreke Evans,,,,,,,,,Andres Nocioni,2,,,made,,layup,25,6
Amare Stoudemire,Grant Hill,Leandro Barbosa,Louis Amundson,Steve Nash,Andres Nocioni,Ime Udoka,Jon Brockman,Omri Casspi,Tyreke Evans,4,9:01,PHX,shot,,,,,,,,,,Leandro Barbosa,,,,missed,,3pt,2,10
Amare Stoudemire,Grant Hill,Leandro Barbosa,Louis Amundson,Steve Nash,Andres Nocioni,Ime Udoka,Jon Brockman,Omri Casspi,Tyreke Evans,4,9:01,PHX,rebound,,,,,,,,,,,,,,,,,,
Amare Stoudemire,Grant Hill,Leandro Barbosa,Louis Amundson,Steve Nash,Andres Nocioni,Ime Udoka,Jon Brockman,Omri Casspi,Tyreke Evans,4,9:01,SAC,foul,,,,,,,,Louis Amundson,,Jon Brockman,,,,,,loose ball,,
Amare Stoudemire,Grant Hill,Leandro Barbosa,Louis Amundson,Steve Nash,Andres Nocioni,Ime Udoka,Jon Brockman,Omri Casspi,Tyreke Evans,4,8:53,PHX,shot,,,,,,,,,,Grant Hill,,,,missed,,3pt,2,9
Amare Stoudemire,Grant Hill,Leandro Barbosa,Louis Amundson,Steve Nash,Andres Nocioni,Ime Udoka,Jon Brockman,Omri Casspi,Tyreke Evans,4,8:51,SAC,rebound,,,,,,,,,,Tyreke Evans,,,,,,def,,
Amare Stoudemire,Grant Hill,Leandro Barbosa,Louis Amundson,Steve Nash,Andres Nocioni,Ime Udoka,Jon Brockman,Omri Casspi,Tyreke Evans,4,8:47,SAC,shot,,,,,,,,,,Tyreke Evans,,,,missed,,layup,25,6
Amare Stoudemire,Grant Hill,Leandro Barbosa,Louis Amundson,Steve Nash,Andres Nocioni,Ime Udoka,Jon Brockman,Omri Casspi,Tyreke Evans,4,8:47,PHX,rebound,,,,,,,,,,,,,,,,,,
Amare Stoudemire,Grant Hill,Leandro Barbosa,Louis Amundson,Steve Nash,Andres Nocioni,Ime Udoka,Jon Brockman,Omri Casspi,Tyreke Evans,4,8:47,SAC,foul,,,,,,,,Amare Stoudemire,,Jon Brockman,,,,,,loose ball,,
Amare Stoudemire,Grant Hill,Leandro Barbosa,Louis Amundson,Steve Nash,Andres Nocioni,Ime Udoka,Jon Brockman,Omri Casspi,Tyreke Evans,4,8:47,PHX,timeout,,,,,,,,,,,,,,,,official,,
Amare Stoudemire,Channing Frye,Grant Hill,Louis Amundson,Steve Nash,Andres Nocioni,Ime Udoka,Jon Brockman,Omri Casspi,Tyreke Evans,4,8:47,PHX,sub,,,,Channing Frye,,Leandro Barbosa,,,,,,,,,,,,
Amare Stoudemire,Channing Frye,Grant Hill,Jason Richardson,Steve Nash,Andres Nocioni,Ime Udoka,Jon Brockman,Omri Casspi,Tyreke Evans,4,8:47,PHX,sub,,,,Jason Richardson,,Louis Amundson,,,,,,,,,,,,
Amare Stoudemire,Channing Frye,Grant Hill,Jason Richardson,Steve Nash,Andres Nocioni,Ime Udoka,Jon Brockman,Omri Casspi,Tyreke Evans,4,8:40,SAC,foul,,,,,,,,Steve Nash,,Jon Brockman,,,,,,personal,,
Amare Stoudemire,Channing Frye,Grant Hill,Jason Richardson,Steve Nash,Andres Nocioni,Ime Udoka,Jon Brockman,Omri Casspi,Tyreke Evans,4,8:35,PHX,shot,,,,,,,,,,Steve Nash,,,,missed,,3pt,12,27
Amare Stoudemire,Channing Frye,Grant Hill,Jason Richardson,Steve Nash,Andres Nocioni,Ime Udoka,Jon Brockman,Omri Casspi,Tyreke Evans,4,8:32,PHX,rebound,,,,,,,,,,Jason Richardson,,,,,,off,,
Amare Stoudemire,Channing Frye,Grant Hill,Jason Richardson,Steve Nash,Andres Nocioni,Ime Udoka,Jon Brockman,Omri Casspi,Tyreke Evans,4,8:32,PHX,shot,,,,,,,,,,Grant Hill,,,,missed,,tip,25,6
Amare Stoudemire,Channing Frye,Grant Hill,Jason Richardson,Steve Nash,Andres Nocioni,Ime Udoka,Jon Brockman,Omri Casspi,Tyreke Evans,4,8:30,PHX,rebound,,,,,,,,,,Grant Hill,,,,,,off,,
Amare Stoudemire,Channing Frye,Grant Hill,Jason Richardson,Steve Nash,Andres Nocioni,Ime Udoka,Jon Brockman,Omri Casspi,Tyreke Evans,4,8:28,PHX,shot,,,,,,,,,,Jason Richardson,,,,missed,,pullup jump,26,16
Amare Stoudemire,Channing Frye,Grant Hill,Jason Richardson,Steve Nash,Andres Nocioni,Ime Udoka,Jon Brockman,Omri Casspi,Tyreke Evans,4,8:27,PHX,rebound,,,,,,,,,,Channing Frye,,,,,,off,,
Amare Stoudemire,Channing Frye,Grant Hill,Jason Richardson,Steve Nash,Andres Nocioni,Ime Udoka,Jon Brockman,Omri Casspi,Tyreke Evans,4,8:27,PHX,shot,,,,,,,,,,Channing Frye,2,,,made,,tip,25,6
Amare Stoudemire,Channing Frye,Grant Hill,Jason Richardson,Steve Nash,Andres Nocioni,Ime Udoka,Jon Brockman,Omri Casspi,Tyreke Evans,4,8:04,SAC,shot,,,,,,,,,,Ime Udoka,,,,missed,,3pt,15,29
Amare Stoudemire,Channing Frye,Grant Hill,Jason Richardson,Steve Nash,Andres Nocioni,Ime Udoka,Jon Brockman,Omri Casspi,Tyreke Evans,4,8:02,PHX,rebound,,,,,,,,,,Jason Richardson,,,,,,def,,
Amare Stoudemire,Channing Frye,Grant Hill,Jason Richardson,Steve Nash,Andres Nocioni,Ime Udoka,Jon Brockman,Omri Casspi,Tyreke Evans,4,7:54,SAC,foul,,,,,,,,Steve Nash,,Ime Udoka,,,,,,shooting,,
Amare Stoudemire,Channing Frye,Grant Hill,Jason Richardson,Steve Nash,Andres Nocioni,Ime Udoka,Jon Brockman,Omri Casspi,Tyreke Evans,4,7:54,PHX,free throw,,,,,,,1,,2,Steve Nash,,,foul,made,,,,
Amare Stoudemire,Channing Frye,Grant Hill,Jason Richardson,Steve Nash,Beno Udrih,Ime Udoka,Jon Brockman,Omri Casspi,Tyreke Evans,4,7:54,SAC,sub,,,,Beno Udrih,,Andres Nocioni,,,,,,,,,,,,
Amare Stoudemire,Channing Frye,Grant Hill,Jason Richardson,Steve Nash,Beno Udrih,Jason Thompson,Jon Brockman,Omri Casspi,Tyreke Evans,4,7:54,SAC,sub,,,,Jason Thompson,,Ime Udoka,,,,,,,,,,,,
Amare Stoudemire,Channing Frye,Grant Hill,Jason Richardson,Steve Nash,Beno Udrih,Jason Thompson,Jon Brockman,Omri Casspi,Tyreke Evans,4,7:54,PHX,free throw,,,,,,,2,,2,Steve Nash,,,foul,made,,,,
Amare Stoudemire,Channing Frye,Grant Hill,Jason Richardson,Steve Nash,Beno Udrih,Jason Thompson,Jon Brockman,Omri Casspi,Tyreke Evans,4,7:35,SAC,shot,,,,,,,,,,Jason Thompson,,,,missed,,jump,40,7
Amare Stoudemire,Channing Frye,Grant Hill,Jason Richardson,Steve Nash,Beno Udrih,Jason Thompson,Jon Brockman,Omri Casspi,Tyreke Evans,4,7:34,PHX,rebound,,,,,,,,,,Grant Hill,,,,,,def,,
Amare Stoudemire,Channing Frye,Grant Hill,Jason Richardson,Steve Nash,Beno Udrih,Jason Thompson,Jon Brockman,Omri Casspi,Tyreke Evans,4,7:23,PHX,shot,Grant Hill,,,,,,,,,Jason Richardson,3,,,made,,3pt,47,9
Amare Stoudemire,Channing Frye,Grant Hill,Jason Richardson,Steve Nash,Beno Udrih,Jason Thompson,Jon Brockman,Omri Casspi,Tyreke Evans,4,7:21,SAC,timeout,,,,,,,,,,,,,,,,regular,,
Amare Stoudemire,Channing Frye,Grant Hill,Jason Richardson,Steve Nash,Beno Udrih,Jason Thompson,Jon Brockman,Omri Casspi,Tyreke Evans,4,7:04,PHX,foul,,,,,,,,Beno Udrih,,Channing Frye,,,,,,personal,,
Amare Stoudemire,Channing Frye,Grant Hill,Jason Richardson,Steve Nash,Beno Udrih,Jason Thompson,Jon Brockman,Omri Casspi,Tyreke Evans,4,6:56,SAC,shot,,,,,,,,,,Jason Thompson,,,,missed,,jump,37,19
Amare Stoudemire,Channing Frye,Grant Hill,Jason Richardson,Steve Nash,Beno Udrih,Jason Thompson,Jon Brockman,Omri Casspi,Tyreke Evans,4,6:54,PHX,rebound,,,,,,,,,,Channing Frye,,,,,,def,,
Amare Stoudemire,Channing Frye,Grant Hill,Jason Richardson,Steve Nash,Beno Udrih,Jason Thompson,Jon Brockman,Omri Casspi,Tyreke Evans,4,6:29,PHX,turnover,,,,,,,,,,Steve Nash,,,lost ball,,Tyreke Evans,,,
Amare Stoudemire,Channing Frye,Grant Hill,Jason Richardson,Steve Nash,Beno Udrih,Jason Thompson,Jon Brockman,Omri Casspi,Tyreke Evans,4,6:26,SAC,shot,Jason Thompson,,,,,,,,,Tyreke Evans,2,,,made,,dunk,25,6
Amare Stoudemire,Channing Frye,Grant Hill,Jason Richardson,Steve Nash,Beno Udrih,Jason Thompson,Jon Brockman,Omri Casspi,Tyreke Evans,4,6:14,PHX,shot,,,,,,,,,,Steve Nash,,,,missed,,pullup jump,35,22
Amare Stoudemire,Channing Frye,Grant Hill,Jason Richardson,Steve Nash,Beno Udrih,Jason Thompson,Jon Brockman,Omri Casspi,Tyreke Evans,4,6:12,SAC,rebound,,,,,,,,,,Omri Casspi,,,,,,def,,
Amare Stoudemire,Channing Frye,Grant Hill,Jason Richardson,Steve Nash,Beno Udrih,Jason Thompson,Jon Brockman,Omri Casspi,Tyreke Evans,4,6:04,SAC,turnover,,,,,,,,,,Beno Udrih,,,bad pass,,,,,
Amare Stoudemire,Channing Frye,Grant Hill,Jason Richardson,Steve Nash,Beno Udrih,Jason Thompson,Jon Brockman,Omri Casspi,Tyreke Evans,4,5:39,PHX,shot,,,,,,,,,,Grant Hill,,,,missed,,turnaround jump,39,7
Amare Stoudemire,Channing Frye,Grant Hill,Jason Richardson,Steve Nash,Beno Udrih,Jason Thompson,Jon Brockman,Omri Casspi,Tyreke Evans,4,5:38,SAC,rebound,,,,,,,,,,Jason Thompson,,,,,,def,,
Amare Stoudemire,Channing Frye,Grant Hill,Jason Richardson,Steve Nash,Beno Udrih,Jason Thompson,Jon Brockman,Omri Casspi,Tyreke Evans,4,5:30,SAC,shot,,,,,,,,,,Omri Casspi,3,,,made,,3pt,1,14
Amare Stoudemire,Channing Frye,Grant Hill,Jason Richardson,Steve Nash,Beno Udrih,Jason Thompson,Jon Brockman,Omri Casspi,Tyreke Evans,4,5:19,PHX,shot,,,Tyreke Evans,,,,,,,Steve Nash,,,,missed,,jump,16,22
Amare Stoudemire,Channing Frye,Grant Hill,Jason Richardson,Steve Nash,Beno Udrih,Jason Thompson,Jon Brockman,Omri Casspi,Tyreke Evans,4,5:18,SAC,rebound,,,,,,,,,,Tyreke Evans,,,,,,def,,
Amare Stoudemire,Channing Frye,Grant Hill,Jason Richardson,Steve Nash,Beno Udrih,Jason Thompson,Jon Brockman,Omri Casspi,Tyreke Evans,4,5:16,PHX,foul,,,,,,,,Tyreke Evans,,Channing Frye,,,,,,shooting,,
Amare Stoudemire,Channing Frye,Grant Hill,Jason Richardson,Steve Nash,Beno Udrih,Jason Thompson,Jon Brockman,Omri Casspi,Tyreke Evans,4,5:16,SAC,free throw,,,,,,,1,,2,Tyreke Evans,,,foul,made,,,,
Amare Stoudemire,Channing Frye,Grant Hill,Jason Richardson,Steve Nash,Beno Udrih,Jason Thompson,Jon Brockman,Omri Casspi,Tyreke Evans,4,5:16,SAC,free throw,,,,,,,2,,2,Tyreke Evans,,,foul,made,,,,
Amare Stoudemire,Channing Frye,Grant Hill,Jason Richardson,Steve Nash,Beno Udrih,Jason Thompson,Jon Brockman,Omri Casspi,Tyreke Evans,4,5:05,SAC,foul,,,,,,,,Amare Stoudemire,,Omri Casspi,,,,,,shooting,,
Amare Stoudemire,Channing Frye,Grant Hill,Jason Richardson,Steve Nash,Beno Udrih,Jason Thompson,Jon Brockman,Omri Casspi,Tyreke Evans,4,5:05,PHX,free throw,,,,,,,1,,2,Amare Stoudemire,,,foul,made,,,,
Amare Stoudemire,Channing Frye,Grant Hill,Jason Richardson,Steve Nash,Beno Udrih,Jason Thompson,Jon Brockman,Omri Casspi,Tyreke Evans,4,5:05,PHX,free throw,,,,,,,2,,2,Amare Stoudemire,,,foul,made,,,,
Amare Stoudemire,Channing Frye,Grant Hill,Jason Richardson,Steve Nash,Beno Udrih,Jason Thompson,Jon Brockman,Omri Casspi,Tyreke Evans,4,4:50,SAC,shot,,,,,,,,,,Tyreke Evans,,,,missed,,jump,17,25
Amare Stoudemire,Channing Frye,Grant Hill,Jason Richardson,Steve Nash,Beno Udrih,Jason Thompson,Jon Brockman,Omri Casspi,Tyreke Evans,4,4:49,SAC,rebound,,,,,,,,,,Jon Brockman,,,,,,off,,
Amare Stoudemire,Channing Frye,Grant Hill,Jason Richardson,Steve Nash,Beno Udrih,Jason Thompson,Jon Brockman,Omri Casspi,Tyreke Evans,4,4:34,SAC,shot,,,,,,,,,,Beno Udrih,2,,,made,,step back jump,26,22
Amare Stoudemire,Channing Frye,Grant Hill,Jason Richardson,Steve Nash,Beno Udrih,Jason Thompson,Jon Brockman,Omri Casspi,Tyreke Evans,4,4:20,PHX,shot,,,,,,,,,,Amare Stoudemire,,,,missed,,jump,30,10
Amare Stoudemire,Channing Frye,Grant Hill,Jason Richardson,Steve Nash,Beno Udrih,Jason Thompson,Jon Brockman,Omri Casspi,Tyreke Evans,4,4:19,SAC,rebound,,,,,,,,,,Jason Thompson,,,,,,def,,
Amare Stoudemire,Channing Frye,Grant Hill,Jason Richardson,Steve Nash,Beno Udrih,Jason Thompson,Jon Brockman,Omri Casspi,Tyreke Evans,4,4:02,SAC,turnover,,,,,,,,,,Jason Thompson,,,lost ball,,Grant Hill,,,
Amare Stoudemire,Channing Frye,Grant Hill,Jason Richardson,Steve Nash,Beno Udrih,Jason Thompson,Jon Brockman,Omri Casspi,Tyreke Evans,4,3:58,PHX,shot,Grant Hill,,,,,,,,,Jason Richardson,2,,,made,,slam dunk,25,6
Amare Stoudemire,Channing Frye,Grant Hill,Jason Richardson,Steve Nash,Beno Udrih,Jason Thompson,Jon Brockman,Omri Casspi,Tyreke Evans,4,3:31,SAC,shot,,,Steve Nash,,,,,,,Beno Udrih,,,,missed,,jump,26,19
Amare Stoudemire,Channing Frye,Grant Hill,Jason Richardson,Steve Nash,Beno Udrih,Jason Thompson,Jon Brockman,Omri Casspi,Tyreke Evans,4,3:29,SAC,rebound,,,,,,,,,,Jason Thompson,,,,,,off,,
Amare Stoudemire,Channing Frye,Grant Hill,Jason Richardson,Steve Nash,Beno Udrih,Jason Thompson,Jon Brockman,Omri Casspi,Tyreke Evans,4,3:29,SAC,shot,,,,,,,,,,Jason Thompson,,,,missed,,tip,25,6
Amare Stoudemire,Channing Frye,Grant Hill,Jason Richardson,Steve Nash,Beno Udrih,Jason Thompson,Jon Brockman,Omri Casspi,Tyreke Evans,4,3:27,SAC,rebound,,,,,,,,,,Tyreke Evans,,,,,,off,,
Amare Stoudemire,Channing Frye,Grant Hill,Jason Richardson,Steve Nash,Beno Udrih,Jason Thompson,Jon Brockman,Omri Casspi,Tyreke Evans,4,3:25,SAC,shot,,,Amare Stoudemire,,,,,,,Tyreke Evans,,,,missed,,jump,19,9
Amare Stoudemire,Channing Frye,Grant Hill,Jason Richardson,Steve Nash,Beno Udrih,Jason Thompson,Jon Brockman,Omri Casspi,Tyreke Evans,4,3:23,PHX,rebound,,,,,,,,,,Steve Nash,,,,,,def,,
Amare Stoudemire,Channing Frye,Grant Hill,Jason Richardson,Steve Nash,Beno Udrih,Jason Thompson,Jon Brockman,Omri Casspi,Tyreke Evans,4,3:23,SAC,foul,,,,,,,,Steve Nash,,Jon Brockman,,,,,,personal,,
Amare Stoudemire,Channing Frye,Grant Hill,Jason Richardson,Steve Nash,Beno Udrih,Jason Thompson,Jon Brockman,Omri Casspi,Tyreke Evans,4,3:23,PHX,timeout,,,,,,,,,,,,,,,,regular,,
Amare Stoudemire,Channing Frye,Grant Hill,Jason Richardson,Steve Nash,Beno Udrih,Jason Thompson,Jon Brockman,Omri Casspi,Tyreke Evans,4,3:23,PHX,free throw,,,,,,,1,,2,Steve Nash,,,foul,made,,,,
Amare Stoudemire,Channing Frye,Grant Hill,Jason Richardson,Steve Nash,Beno Udrih,Jason Thompson,Jon Brockman,Omri Casspi,Tyreke Evans,4,3:23,PHX,free throw,,,,,,,2,,2,Steve Nash,,,foul,made,,,,
Amare Stoudemire,Channing Frye,Grant Hill,Jason Richardson,Steve Nash,Beno Udrih,Jason Thompson,Jon Brockman,Omri Casspi,Tyreke Evans,4,3:09,SAC,shot,Jon Brockman,,,,,,,,,Beno Udrih,2,,,made,,jump,27,24
Amare Stoudemire,Channing Frye,Grant Hill,Jason Richardson,Steve Nash,Beno Udrih,Jason Thompson,Jon Brockman,Omri Casspi,Tyreke Evans,4,2:46,PHX,shot,,,,,,,,,,Amare Stoudemire,2,,,made,,jump,26,10
Amare Stoudemire,Channing Frye,Grant Hill,Jason Richardson,Steve Nash,Beno Udrih,Jason Thompson,Jon Brockman,Omri Casspi,Tyreke Evans,4,2:29,PHX,foul,,,,,,,,Jason Thompson,,Amare Stoudemire,,,,,,personal,,
Amare Stoudemire,Channing Frye,Grant Hill,Jason Richardson,Steve Nash,Beno Udrih,Jason Thompson,Jon Brockman,Omri Casspi,Tyreke Evans,4,2:24,PHX,foul,,,,,,,,Beno Udrih,,Channing Frye,,,,,,personal,,
Amare Stoudemire,Channing Frye,Grant Hill,Jason Richardson,Steve Nash,Beno Udrih,Jason Thompson,Jon Brockman,Omri Casspi,Tyreke Evans,4,2:24,SAC,free throw,,,,,,,1,,2,Beno Udrih,,,foul,made,,,,
Amare Stoudemire,Channing Frye,Grant Hill,Jason Richardson,Steve Nash,Beno Udrih,Jason Thompson,Jon Brockman,Omri Casspi,Tyreke Evans,4,2:24,SAC,free throw,,,,,,,2,,2,Beno Udrih,,,foul,made,,,,
Amare Stoudemire,Channing Frye,Grant Hill,Jason Richardson,Steve Nash,Beno Udrih,Jason Thompson,Jon Brockman,Omri Casspi,Tyreke Evans,4,2:10,PHX,shot,,,,,,,,,,Steve Nash,,,,missed,,jump,12,8
Amare Stoudemire,Channing Frye,Grant Hill,Jason Richardson,Steve Nash,Beno Udrih,Jason Thompson,Jon Brockman,Omri Casspi,Tyreke Evans,4,2:09,PHX,rebound,,,,,,,,,,Amare Stoudemire,,,,,,off,,
Amare Stoudemire,Channing Frye,Grant Hill,Jason Richardson,Steve Nash,Beno Udrih,Jason Thompson,Jon Brockman,Omri Casspi,Tyreke Evans,4,2:08,PHX,shot,,,Jason Thompson,,,,,,,Amare Stoudemire,,,,missed,,jump,29,9
Amare Stoudemire,Channing Frye,Grant Hill,Jason Richardson,Steve Nash,Beno Udrih,Jason Thompson,Jon Brockman,Omri Casspi,Tyreke Evans,4,2:07,SAC,rebound,,,,,,,,,,Jason Thompson,,,,,,def,,
Amare Stoudemire,Channing Frye,Grant Hill,Jason Richardson,Steve Nash,Beno Udrih,Jason Thompson,Jon Brockman,Omri Casspi,Tyreke Evans,4,1:49,SAC,shot,,,,,,,,,,Beno Udrih,2,,,made,,jump,36,13
Amare Stoudemire,Channing Frye,Grant Hill,Jason Richardson,Steve Nash,Beno Udrih,Jason Thompson,Jon Brockman,Omri Casspi,Tyreke Evans,4,1:44,PHX,timeout,,,,,,,,,,,,,,,,regular,,
Amare Stoudemire,Channing Frye,Grant Hill,Jason Richardson,Steve Nash,Beno Udrih,Jason Thompson,Jon Brockman,Omri Casspi,Tyreke Evans,4,1:35,PHX,foul,,,,,,,,Tyreke Evans,,Amare Stoudemire,,,,,,offensive,,
Amare Stoudemire,Channing Frye,Grant Hill,Jason Richardson,Steve Nash,Beno Udrih,Jason Thompson,Jon Brockman,Omri Casspi,Tyreke Evans,4,1:35,PHX,turnover,,,,,,,,,,Amare Stoudemire,,,foul,,,,,
Amare Stoudemire,Channing Frye,Grant Hill,Jason Richardson,Steve Nash,Beno Udrih,Jason Thompson,Jon Brockman,Omri Casspi,Tyreke Evans,4,1:22,SAC,shot,,,,,,,,,,Beno Udrih,,,,missed,,jump,9,21
Amare Stoudemire,Channing Frye,Grant Hill,Jason Richardson,Steve Nash,Beno Udrih,Jason Thompson,Jon Brockman,Omri Casspi,Tyreke Evans,4,1:21,SAC,rebound,,,,,,,,,,Jon Brockman,,,,,,off,,
Amare Stoudemire,Channing Frye,Grant Hill,Jason Richardson,Steve Nash,Beno Udrih,Jason Thompson,Jon Brockman,Omri Casspi,Tyreke Evans,4,1:18,SAC,turnover,,,,,,,,,,Jon Brockman,,,lost ball,,Grant Hill,,,
Amare Stoudemire,Channing Frye,Grant Hill,Jason Richardson,Steve Nash,Beno Udrih,Jason Thompson,Jon Brockman,Omri Casspi,Tyreke Evans,4,1:10,SAC,foul,,,,,,,,Amare Stoudemire,,Omri Casspi,,,,,,shooting,,
Amare Stoudemire,Channing Frye,Grant Hill,Jason Richardson,Steve Nash,Beno Udrih,Jason Thompson,Jon Brockman,Omri Casspi,Tyreke Evans,4,1:10,PHX,free throw,,,,,,,1,,2,Amare Stoudemire,,,foul,made,,,,
Amare Stoudemire,Channing Frye,Grant Hill,Jason Richardson,Steve Nash,Beno Udrih,Jason Thompson,Jon Brockman,Omri Casspi,Tyreke Evans,4,1:10,PHX,free throw,,,,,,,2,,2,Amare Stoudemire,,,foul,made,,,,
Amare Stoudemire,Channing Frye,Grant Hill,Jason Richardson,Steve Nash,Beno Udrih,Jason Thompson,Jon Brockman,Omri Casspi,Tyreke Evans,4,1:10,SAC,timeout,,,,,,,,,,,,,,,,short,,
Amare Stoudemire,Channing Frye,Grant Hill,Jason Richardson,Steve Nash,Andres Nocioni,Beno Udrih,Jason Thompson,Omri Casspi,Tyreke Evans,4,1:10,SAC,sub,,,,Andres Nocioni,,Jon Brockman,,,,,,,,,,,,
Amare Stoudemire,Channing Frye,Grant Hill,Jason Richardson,Steve Nash,Andres Nocioni,Beno Udrih,Jason Thompson,Omri Casspi,Tyreke Evans,4,1:06,SAC,shot,,,,,,,,,,Tyreke Evans,,,,missed,,layup,25,6
Amare Stoudemire,Channing Frye,Grant Hill,Jason Richardson,Steve Nash,Andres Nocioni,Beno Udrih,Jason Thompson,Omri Casspi,Tyreke Evans,4,1:03,SAC,rebound,,,,,,,,,,Jason Thompson,,,,,,off,,
Amare Stoudemire,Channing Frye,Grant Hill,Jason Richardson,Steve Nash,Andres Nocioni,Beno Udrih,Jason Thompson,Omri Casspi,Tyreke Evans,4,1:03,SAC,shot,,,,,,,,,,Jason Thompson,,,,missed,,tip,25,6
Amare Stoudemire,Channing Frye,Grant Hill,Jason Richardson,Steve Nash,Andres Nocioni,Beno Udrih,Jason Thompson,Omri Casspi,Tyreke Evans,4,1:02,SAC,rebound,,,,,,,,,,Tyreke Evans,,,,,,off,,
Amare Stoudemire,Channing Frye,Grant Hill,Jason Richardson,Steve Nash,Andres Nocioni,Beno Udrih,Jason Thompson,Omri Casspi,Tyreke Evans,4,1:00,SAC,shot,,,,,,,,,,Tyreke Evans,,,,missed,,layup,25,6
Amare Stoudemire,Channing Frye,Grant Hill,Jason Richardson,Steve Nash,Andres Nocioni,Beno Udrih,Jason Thompson,Omri Casspi,Tyreke Evans,4,0:59,PHX,rebound,,,,,,,,,,Channing Frye,,,,,,def,,
Amare Stoudemire,Channing Frye,Grant Hill,Jason Richardson,Steve Nash,Andres Nocioni,Beno Udrih,Jason Thompson,Omri Casspi,Tyreke Evans,4,0:44,PHX,shot,,,,,,,,,,Steve Nash,2,,,made,,fade away jumper,15,24
Amare Stoudemire,Channing Frye,Grant Hill,Jason Richardson,Steve Nash,Andres Nocioni,Beno Udrih,Jason Thompson,Omri Casspi,Tyreke Evans,4,0:44,SAC,timeout,,,,,,,,,,,,,,,,short,,
Amare Stoudemire,Channing Frye,Grant Hill,Jason Richardson,Steve Nash,Andres Nocioni,Beno Udrih,Jason Thompson,Omri Casspi,Tyreke Evans,4,0:39,SAC,shot,Tyreke Evans,,,,,,,,,Jason Thompson,2,,,made,,dunk,25,6
Amare Stoudemire,Channing Frye,Grant Hill,Jason Richardson,Steve Nash,Andres Nocioni,Beno Udrih,Jason Thompson,Omri Casspi,Tyreke Evans,4,0:19,PHX,shot,Steve Nash,,,,,,,,,Amare Stoudemire,2,,,made,,jump,28,23
Amare Stoudemire,Channing Frye,Grant Hill,Jason Richardson,Steve Nash,Andres Nocioni,Beno Udrih,Jason Thompson,Omri Casspi,Tyreke Evans,4,0:14,SAC,shot,,,,,,,,,,Tyreke Evans,2,,,made,,driving layup,25,6
Amare Stoudemire,Channing Frye,Grant Hill,Jason Richardson,Steve Nash,Andres Nocioni,Beno Udrih,Jason Thompson,Omri Casspi,Tyreke Evans,4,0:11,SAC,foul,,,,,,,,Steve Nash,,Jason Thompson,,,,,,personal,,
Amare Stoudemire,Channing Frye,Grant Hill,Jason Richardson,Steve Nash,Andres Nocioni,Beno Udrih,Jason Thompson,Omri Casspi,Tyreke Evans,4,0:11,PHX,free throw,,,,,,,1,,2,Steve Nash,,,foul,made,,,,
Amare Stoudemire,Channing Frye,Grant Hill,Jason Richardson,Steve Nash,Andres Nocioni,Beno Udrih,Jason Thompson,Omri Casspi,Tyreke Evans,4,0:11,PHX,free throw,,,,,,,2,,2,Steve Nash,,,foul,made,,,,
Amare Stoudemire,Channing Frye,Grant Hill,Jason Richardson,Steve Nash,Andres Nocioni,Beno Udrih,Jason Thompson,Omri Casspi,Tyreke Evans,4,0:05,SAC,shot,,,,,,,,,,Tyreke Evans,2,,,made,,driving layup,25,6
Amare Stoudemire,Channing Frye,Grant Hill,Jason Richardson,Steve Nash,Andres Nocioni,Beno Udrih,Jason Thompson,Omri Casspi,Tyreke Evans,4,0:02,SAC,foul,,,,,,,,Steve Nash,,Andres Nocioni,,,,,,personal,,
Amare Stoudemire,Channing Frye,Grant Hill,Jason Richardson,Steve Nash,Andres Nocioni,Beno Udrih,Jason Thompson,Omri Casspi,Tyreke Evans,4,0:02,PHX,free throw,,,,,,,1,,2,Steve Nash,,,foul,made,,,,
Amare Stoudemire,Channing Frye,Grant Hill,Jason Richardson,Steve Nash,Andres Nocioni,Jason Thompson,Jon Brockman,Omri Casspi,Tyreke Evans,4,0:02,SAC,sub,,,,Jon Brockman,,Beno Udrih,,,,,,,,,,,,
Amare Stoudemire,Channing Frye,Grant Hill,Jason Richardson,Steve Nash,Andres Nocioni,Jason Thompson,Jon Brockman,Omri Casspi,Tyreke Evans,4,0:02,PHX,free throw,,,,,,,2,,2,Steve Nash,,,foul,made,,,,
Amare Stoudemire,Channing Frye,Grant Hill,Jason Richardson,Steve Nash,Andres Nocioni,Jason Thompson,Jon Brockman,Omri Casspi,Tyreke Evans,4,0:02,SAC,timeout,,,,,,,,,,,,,,,,regular,,
Channing Frye,Grant Hill,Jared Dudley,Jason Richardson,Steve Nash,Andres Nocioni,Jason Thompson,Jon Brockman,Omri Casspi,Tyreke Evans,4,0:02,PHX,sub,,,,Jared Dudley,,Amare Stoudemire,,,,,,,,,,,,
Grant Hill,Jared Dudley,Jason Richardson,Louis Amundson,Steve Nash,Andres Nocioni,Jason Thompson,Jon Brockman,Omri Casspi,Tyreke Evans,4,0:02,PHX,sub,,,,Louis Amundson,,Channing Frye,,,,,,,,,,,,
Grant Hill,Jared Dudley,Jason Richardson,Louis Amundson,Steve Nash,Andres Nocioni,Beno Udrih,Jon Brockman,Omri Casspi,Tyreke Evans,4,0:02,SAC,sub,,,,Beno Udrih,,Jason Thompson,,,,,,,,,,,,
Grant Hill,Jared Dudley,Jason Richardson,Louis Amundson,Steve Nash,Andres Nocioni,Beno Udrih,Donte Greene,Omri Casspi,Tyreke Evans,4,0:02,SAC,sub,,,,Donte Greene,,Jon Brockman,,,,,,,,,,,,
Grant Hill,Jared Dudley,Jason Richardson,Louis Amundson,Steve Nash,Andres Nocioni,Beno Udrih,Donte Greene,Omri Casspi,Tyreke Evans,4,0:01,SAC,shot,,,,,,,,,,Omri Casspi,,,,missed,,3pt,24,30
Grant Hill,Jared Dudley,Jason Richardson,Louis Amundson,Steve Nash,Andres Nocioni,Beno Udrih,Donte Greene,Omri Casspi,Tyreke Evans,4,0:00,SAC,rebound,,,,,,,,,,,,,,,,,,
