a1,a2,a3,a4,a5,h1,h2,h3,h4,h5,period,time,team,etype,assist,away,block,entered,home,left,num,opponent,outof,player,points,possession,reason,result,steal,type,x,y
Danny Granger,Earl Watson,Luther Head,Roy Hibbert,Troy Murphy,Brook Lopez,Chris Douglas-Roberts,Courtney Lee,Devin Harris,Yi Jianlian,1,12:00,OFF,jump ball,,Roy Hibbert,,,Brook Lopez,,,,,,,Chris Douglas-Roberts,,,,,,
Danny Granger,Earl Watson,Luther Head,Roy Hibbert,Troy Murphy,Brook Lopez,Chris Douglas-Roberts,Courtney Lee,Devin Harris,Yi Jianlian,1,11:42,NJN,shot,,,,,,,,,,Chris Douglas-Roberts,,,,missed,,jump,25,26
Danny Granger,Earl Watson,Luther Head,Roy Hibbert,Troy Murphy,Brook Lopez,Chris Douglas-Roberts,Courtney Lee,Devin Harris,Yi Jianlian,1,11:40,IND,rebound,,,,,,,,,,Troy Murphy,,,,,,def,,
Danny Granger,Earl Watson,Luther Head,Roy Hibbert,Troy Murphy,Brook Lopez,Chris Douglas-Roberts,Courtney Lee,Devin Harris,Yi Jianlian,1,11:34,IND,shot,Earl Watson,,,,,,,,,Luther Head,3,,,made,,3pt,5,21
Danny Granger,Earl Watson,Luther Head,Roy Hibbert,Troy Murphy,Brook Lopez,Chris Douglas-Roberts,Courtney Lee,Devin Harris,Yi Jianlian,1,11:17,NJN,shot,,,Roy Hibbert,,,,,,,Brook Lopez,,,,missed,,layup,25,6
Danny Granger,Earl Watson,Luther Head,Roy Hibbert,Troy Murphy,Brook Lopez,Chris Douglas-Roberts,Courtney Lee,Devin Harris,Yi Jianlian,1,11:16,NJN,rebound,,,,,,,,,,Brook Lopez,,,,,,off,,
Danny Granger,Earl Watson,Luther Head,Roy Hibbert,Troy Murphy,Brook Lopez,Chris Douglas-Roberts,Courtney Lee,Devin Harris,Yi Jianlian,1,11:14,NJN,shot,,,,,,,,,,Brook Lopez,,,,missed,,layup,25,6
Danny Granger,Earl Watson,Luther Head,Roy Hibbert,Troy Murphy,Brook Lopez,Chris Douglas-Roberts,Courtney Lee,Devin Harris,Yi Jianlian,1,11:13,IND,rebound,,,,,,,,,,Troy Murphy,,,,,,def,,
Danny Granger,Earl Watson,Luther Head,Roy Hibbert,Troy Murphy,Brook Lopez,Chris Douglas-Roberts,Courtney Lee,Devin Harris,Yi Jianlian,1,11:09,IND,turnover,,,,,,,,,,Earl Watson,,,traveling,,,,,
Danny Granger,Earl Watson,Luther Head,Roy Hibbert,Troy Murphy,Brook Lopez,Chris Douglas-Roberts,Courtney Lee,Devin Harris,Yi Jianlian,1,10:57,NJN,shot,,,,,,,,,,Devin Harris,,,,missed,,floating jump,15,17
Danny Granger,Earl Watson,Luther Head,Roy Hibbert,Troy Murphy,Brook Lopez,Chris Douglas-Roberts,Courtney Lee,Devin Harris,Yi Jianlian,1,10:56,NJN,rebound,,,,,,,,,,Brook Lopez,,,,,,off,,
Danny Granger,Earl Watson,Luther Head,Roy Hibbert,Troy Murphy,Brook Lopez,Chris Douglas-Roberts,Courtney Lee,Devin Harris,Yi Jianlian,1,10:54,NJN,turnover,,,,,,,,,,Brook Lopez,,,lost ball,,Earl Watson,,,
Danny Granger,Earl Watson,Luther Head,Roy Hibbert,Troy Murphy,Brook Lopez,Chris Douglas-Roberts,Courtney Lee,Devin Harris,Yi Jianlian,1,10:50,NJN,foul,,,,,,,,Danny Granger,,Brook Lopez,,,,,,personal,,
Danny Granger,Earl Watson,Luther Head,Roy Hibbert,Troy Murphy,Brook Lopez,Chris Douglas-Roberts,Courtney Lee,Devin Harris,Yi Jianlian,1,10:43,IND,shot,Roy Hibbert,,,,,,,,,Danny Granger,2,,,made,,layup,25,6
Danny Granger,Earl Watson,Luther Head,Roy Hibbert,Troy Murphy,Brook Lopez,Chris Douglas-Roberts,Courtney Lee,Devin Harris,Yi Jianlian,1,10:27,IND,foul,,,,,,,,Yi Jianlian,,Troy Murphy,,,,,,shooting,,
Danny Granger,Earl Watson,Luther Head,Roy Hibbert,Troy Murphy,Brook Lopez,Chris Douglas-Roberts,Courtney Lee,Devin Harris,Yi Jianlian,1,10:27,NJN,free throw,,,,,,,1,,2,Yi Jianlian,,,foul,made,,,,
Danny Granger,Earl Watson,Luther Head,Roy Hibbert,Troy Murphy,Brook Lopez,Chris Douglas-Roberts,Courtney Lee,Devin Harris,Yi Jianlian,1,10:27,NJN,free throw,,,,,,,2,,2,Yi Jianlian,,,foul,made,,,,
Danny Granger,Earl Watson,Luther Head,Roy Hibbert,Troy Murphy,Brook Lopez,Chris Douglas-Roberts,Courtney Lee,Devin Harris,Yi Jianlian,1,10:14,IND,turnover,,,,,,,,,,Luther Head,,,bad pass,,Brook Lopez,,,
Danny Granger,Earl Watson,Luther Head,Roy Hibbert,Troy Murphy,Brook Lopez,Chris Douglas-Roberts,Courtney Lee,Devin Harris,Yi Jianlian,1,10:02,NJN,shot,,,,,,,,,,Courtney Lee,,,,missed,,driving layup,25,6
Danny Granger,Earl Watson,Luther Head,Roy Hibbert,Troy Murphy,Brook Lopez,Chris Douglas-Roberts,Courtney Lee,Devin Harris,Yi Jianlian,1,10:00,IND,rebound,,,,,,,,,,Roy Hibbert,,,,,,def,,
Danny Granger,Earl Watson,Luther Head,Roy Hibbert,Troy Murphy,Brook Lopez,Chris Douglas-Roberts,Courtney Lee,Devin Harris,Yi Jianlian,1,9:54,IND,shot,,,,,,,,,,Danny Granger,,,,missed,,driving layup,25,6
Danny Granger,Earl Watson,Luther Head,Roy Hibbert,Troy Murphy,Brook Lopez,Chris Douglas-Roberts,Courtney Lee,Devin Harris,Yi Jianlian,1,9:53,NJN,rebound,,,,,,,,,,Devin Harris,,,,,,def,,
Danny Granger,Earl Watson,Luther Head,Roy Hibbert,Troy Murphy,Brook Lopez,Chris Douglas-Roberts,Courtney Lee,Devin Harris,Yi Jianlian,1,9:48,NJN,shot,Devin Harris,,,,,,,,,Courtney Lee,2,,,made,,layup,25,6
Danny Granger,Earl Watson,Luther Head,Roy Hibbert,Troy Murphy,Brook Lopez,Chris Douglas-Roberts,Courtney Lee,Devin Harris,Yi Jianlian,1,9:37,IND,shot,,,,,,,,,,Luther Head,,,,missed,,jump,9,22
Danny Granger,Earl Watson,Luther Head,Roy Hibbert,Troy Murphy,Brook Lopez,Chris Douglas-Roberts,Courtney Lee,Devin Harris,Yi Jianlian,1,9:35,NJN,rebound,,,,,,,,,,Courtney Lee,,,,,,def,,
Danny Granger,Earl Watson,Luther Head,Roy Hibbert,Troy Murphy,Brook Lopez,Chris Douglas-Roberts,Courtney Lee,Devin Harris,Yi Jianlian,1,9:33,IND,foul,,,,,,,,Devin Harris,,Danny Granger,,,,,,personal,,
Brandon Rush,Danny Granger,Earl Watson,Roy Hibbert,Troy Murphy,Brook Lopez,Chris Douglas-Roberts,Courtney Lee,Devin Harris,Yi Jianlian,1,9:33,IND,sub,,,,Brandon Rush,,Luther Head,,,,,,,,,,,,
Brandon Rush,Danny Granger,Earl Watson,Roy Hibbert,Troy Murphy,Brook Lopez,Chris Douglas-Roberts,Courtney Lee,Devin Harris,Yi Jianlian,1,9:22,NJN,shot,,,Roy Hibbert,,,,,,,Yi Jianlian,,,,missed,,driving dunk,25,6
Brandon Rush,Danny Granger,Earl Watson,Roy Hibbert,Troy Murphy,Brook Lopez,Chris Douglas-Roberts,Courtney Lee,Devin Harris,Yi Jianlian,1,9:21,NJN,rebound,,,,,,,,,,Brook Lopez,,,,,,off,,
Brandon Rush,Danny Granger,Earl Watson,Roy Hibbert,Troy Murphy,Brook Lopez,Chris Douglas-Roberts,Courtney Lee,Devin Harris,Yi Jianlian,1,9:19,NJN,shot,,,,,,,,,,Brook Lopez,2,,,made,,dunk,25,6
Brandon Rush,Danny Granger,Earl Watson,Roy Hibbert,Troy Murphy,Brook Lopez,Chris Douglas-Roberts,Courtney Lee,Devin Harris,Yi Jianlian,1,8:56,IND,shot,,,,,,,,,,Roy Hibbert,2,,,made,,hook,26,12
Brandon Rush,Danny Granger,Earl Watson,Roy Hibbert,Troy Murphy,Brook Lopez,Chris Douglas-Roberts,Courtney Lee,Devin Harris,Yi Jianlian,1,8:39,NJN,shot,,,,,,,,,,Yi Jianlian,,,,missed,,running hook,28,13
Brandon Rush,Danny Granger,Earl Watson,Roy Hibbert,Troy Murphy,Brook Lopez,Chris Douglas-Roberts,Courtney Lee,Devin Harris,Yi Jianlian,1,8:38,IND,rebound,,,,,,,,,,Troy Murphy,,,,,,def,,
Brandon Rush,Danny Granger,Earl Watson,Roy Hibbert,Troy Murphy,Brook Lopez,Chris Douglas-Roberts,Courtney Lee,Devin Harris,Yi Jianlian,1,8:35,NJN,foul,,,,,,,,Earl Watson,,Devin Harris,,,,,,shooting,,
Brandon Rush,Danny Granger,Earl Watson,Roy Hibbert,Troy Murphy,Brook Lopez,Chris Douglas-Roberts,Courtney Lee,Devin Harris,Yi Jianlian,1,8:35,IND,free throw,,,,,,,1,,2,Earl Watson,,,foul,missed,,,,
Brandon Rush,Danny Granger,Earl Watson,Roy Hibbert,Troy Murphy,Brook Lopez,Chris Douglas-Roberts,Courtney Lee,Devin Harris,Yi Jianlian,1,8:35,IND,rebound,,,,,,,,,,,,,,,,,,
Brandon Rush,Danny Granger,Earl Watson,Roy Hibbert,Troy Murphy,Brook Lopez,Chris Douglas-Roberts,Courtney Lee,Devin Harris,Yi Jianlian,1,8:35,IND,free throw,,,,,,,2,,2,Earl Watson,,,foul,made,,,,
Brandon Rush,Danny Granger,Earl Watson,Roy Hibbert,Troy Murphy,Brook Lopez,Chris Douglas-Roberts,Courtney Lee,Devin Harris,Yi Jianlian,1,8:16,NJN,shot,Courtney Lee,,,,,,,,,Chris Douglas-Roberts,2,,,made,,driving layup,25,6
Brandon Rush,Danny Granger,Earl Watson,Roy Hibbert,Troy Murphy,Brook Lopez,Chris Douglas-Roberts,Courtney Lee,Devin Harris,Yi Jianlian,1,8:06,IND,shot,,,,,,,,,,Danny Granger,,,,missed,,jump,28,10
Brandon Rush,Danny Granger,Earl Watson,Roy Hibbert,Troy Murphy,Brook Lopez,Chris Douglas-Roberts,Courtney Lee,Devin Harris,Yi Jianlian,1,8:04,NJN,rebound,,,,,,,,,,Brook Lopez,,,,,,def,,
Brandon Rush,Danny Granger,Earl Watson,Roy Hibbert,Troy Murphy,Brook Lopez,Chris Douglas-Roberts,Courtney Lee,Devin Harris,Yi Jianlian,1,7:58,NJN,shot,,,,,,,,,,Devin Harris,2,,,made,,driving layup,25,6
Brandon Rush,Danny Granger,Earl Watson,Roy Hibbert,Troy Murphy,Brook Lopez,Chris Douglas-Roberts,Courtney Lee,Devin Harris,Yi Jianlian,1,7:45,IND,shot,Brandon Rush,,,,,,,,,Troy Murphy,3,,,made,,3pt,21,31
Brandon Rush,Danny Granger,Earl Watson,Roy Hibbert,Troy Murphy,Brook Lopez,Chris Douglas-Roberts,Courtney Lee,Devin Harris,Yi Jianlian,1,7:28,IND,foul,,,,,,,,Devin Harris,,Earl Watson,,,,,,shooting,,
Brandon Rush,Danny Granger,Earl Watson,Roy Hibbert,Troy Murphy,Brook Lopez,Chris Douglas-Roberts,Courtney Lee,Devin Harris,Yi Jianlian,1,7:28,NJN,free throw,,,,,,,1,,2,Devin Harris,,,foul,missed,,,,
Brandon Rush,Danny Granger,Earl Watson,Roy Hibbert,Troy Murphy,Brook Lopez,Chris Douglas-Roberts,Courtney Lee,Devin Harris,Yi Jianlian,1,7:28,NJN,rebound,,,,,,,,,,,,,,,,,,
Brandon Rush,Danny Granger,Earl Watson,Roy Hibbert,Troy Murphy,Brook Lopez,Chris Douglas-Roberts,Courtney Lee,Devin Harris,Yi Jianlian,1,7:28,NJN,free throw,,,,,,,2,,2,Devin Harris,,,foul,made,,,,
Brandon Rush,Danny Granger,Earl Watson,Roy Hibbert,Troy Murphy,Brook Lopez,Chris Douglas-Roberts,Courtney Lee,Devin Harris,Yi Jianlian,1,7:09,IND,shot,,,,,,,,,,Roy Hibbert,,,,missed,,hook,14,8
Brandon Rush,Danny Granger,Earl Watson,Roy Hibbert,Troy Murphy,Brook Lopez,Chris Douglas-Roberts,Courtney Lee,Devin Harris,Yi Jianlian,1,7:08,NJN,rebound,,,,,,,,,,Devin Harris,,,,,,def,,
Brandon Rush,Danny Granger,Earl Watson,Roy Hibbert,Troy Murphy,Brook Lopez,Chris Douglas-Roberts,Courtney Lee,Devin Harris,Yi Jianlian,1,7:03,NJN,shot,,,,,,,,,,Devin Harris,2,,,made,,driving layup,25,6
Brandon Rush,Danny Granger,Earl Watson,Roy Hibbert,Troy Murphy,Brook Lopez,Chris Douglas-Roberts,Courtney Lee,Devin Harris,Yi Jianlian,1,6:50,IND,shot,,,,,,,,,,Roy Hibbert,,,,missed,,jump,35,20
Brandon Rush,Danny Granger,Earl Watson,Roy Hibbert,Troy Murphy,Brook Lopez,Chris Douglas-Roberts,Courtney Lee,Devin Harris,Yi Jianlian,1,6:49,NJN,rebound,,,,,,,,,,Yi Jianlian,,,,,,def,,
Brandon Rush,Danny Granger,Earl Watson,Roy Hibbert,Troy Murphy,Brook Lopez,Chris Douglas-Roberts,Courtney Lee,Devin Harris,Yi Jianlian,1,6:36,NJN,shot,,,,,,,,,,Courtney Lee,,,,missed,,3pt,48,5
Brandon Rush,Danny Granger,Earl Watson,Roy Hibbert,Troy Murphy,Brook Lopez,Chris Douglas-Roberts,Courtney Lee,Devin Harris,Yi Jianlian,1,6:35,IND,rebound,,,,,,,,,,Roy Hibbert,,,,,,def,,
Brandon Rush,Danny Granger,Earl Watson,Roy Hibbert,Troy Murphy,Brook Lopez,Chris Douglas-Roberts,Courtney Lee,Devin Harris,Yi Jianlian,1,6:30,IND,shot,,,,,,,,,,Earl Watson,,,,missed,,running jump,24,16
Brandon Rush,Danny Granger,Earl Watson,Roy Hibbert,Troy Murphy,Brook Lopez,Chris Douglas-Roberts,Courtney Lee,Devin Harris,Yi Jianlian,1,6:29,NJN,rebound,,,,,,,,,,Chris Douglas-Roberts,,,,,,def,,
Brandon Rush,Danny Granger,Earl Watson,Roy Hibbert,Troy Murphy,Brook Lopez,Chris Douglas-Roberts,Courtney Lee,Devin Harris,Yi Jianlian,1,6:19,NJN,shot,Chris Douglas-Roberts,,,,,,,,,Yi Jianlian,2,,,made,,jump,9,19
Brandon Rush,Danny Granger,Earl Watson,Roy Hibbert,Troy Murphy,Brook Lopez,Chris Douglas-Roberts,Courtney Lee,Devin Harris,Yi Jianlian,1,6:08,IND,shot,Roy Hibbert,,,,,,,,,Danny Granger,2,,,made,,alley oop layup,25,6
Brandon Rush,Danny Granger,Earl Watson,Roy Hibbert,Troy Murphy,Brook Lopez,Chris Douglas-Roberts,Courtney Lee,Devin Harris,Yi Jianlian,1,5:58,NJN,timeout,,,,,,,,,,,,,,,,regular,,
Brandon Rush,Danny Granger,Earl Watson,Roy Hibbert,Troy Murphy,Brook Lopez,Chris Douglas-Roberts,Courtney Lee,Devin Harris,Yi Jianlian,1,5:48,NJN,shot,,,,,,,,,,Yi Jianlian,,,,missed,,jump,16,24
Brandon Rush,Danny Granger,Earl Watson,Roy Hibbert,Troy Murphy,Brook Lopez,Chris Douglas-Roberts,Courtney Lee,Devin Harris,Yi Jianlian,1,5:47,IND,rebound,,,,,,,,,,Danny Granger,,,,,,def,,
Brandon Rush,Danny Granger,Earl Watson,Roy Hibbert,Troy Murphy,Brook Lopez,Chris Douglas-Roberts,Courtney Lee,Devin Harris,Yi Jianlian,1,5:43,IND,turnover,,,,,,,,,,Earl Watson,,,step out of bounds turnover,,,,,
Brandon Rush,Danny Granger,Earl Watson,Roy Hibbert,Troy Murphy,Brook Lopez,Chris Douglas-Roberts,Courtney Lee,Devin Harris,Yi Jianlian,1,5:33,NJN,shot,,,,,,,,,,Devin Harris,,,,missed,,jump,13,18
Brandon Rush,Danny Granger,Earl Watson,Roy Hibbert,Troy Murphy,Brook Lopez,Chris Douglas-Roberts,Courtney Lee,Devin Harris,Yi Jianlian,1,5:31,NJN,rebound,,,,,,,,,,,,,,,,,,
Brandon Rush,Danny Granger,Earl Watson,Roy Hibbert,Troy Murphy,Brook Lopez,Chris Douglas-Roberts,Courtney Lee,Devin Harris,Kris Humphries,1,5:31,NJN,sub,,,,Kris Humphries,,Yi Jianlian,,,,,,,,,,,,
Brandon Rush,Danny Granger,Earl Watson,Roy Hibbert,Troy Murphy,Brook Lopez,Chris Douglas-Roberts,Courtney Lee,Devin Harris,Kris Humphries,1,5:15,NJN,shot,Chris Douglas-Roberts,,,,,,,,,Devin Harris,3,,,made,,3pt,41,25
Brandon Rush,Danny Granger,Earl Watson,Roy Hibbert,Troy Murphy,Brook Lopez,Chris Douglas-Roberts,Courtney Lee,Devin Harris,Kris Humphries,1,5:00,IND,shot,,,,,,,,,,Troy Murphy,,,,missed,,jump,35,22
Brandon Rush,Danny Granger,Earl Watson,Roy Hibbert,Troy Murphy,Brook Lopez,Chris Douglas-Roberts,Courtney Lee,Devin Harris,Kris Humphries,1,4:59,NJN,rebound,,,,,,,,,,Brook Lopez,,,,,,def,,
Brandon Rush,Danny Granger,Earl Watson,Roy Hibbert,Troy Murphy,Brook Lopez,Chris Douglas-Roberts,Courtney Lee,Devin Harris,Kris Humphries,1,4:53,IND,foul,,,,,,,,Brook Lopez,,Brandon Rush,,,,,,shooting,,
Brandon Rush,Danny Granger,Earl Watson,Roy Hibbert,Troy Murphy,Brook Lopez,Chris Douglas-Roberts,Courtney Lee,Devin Harris,Kris Humphries,1,4:53,NJN,free throw,,,,,,,1,,2,Brook Lopez,,,foul,made,,,,
Brandon Rush,Earl Watson,Mike Dunleavy,Roy Hibbert,Troy Murphy,Brook Lopez,Chris Douglas-Roberts,Courtney Lee,Devin Harris,Kris Humphries,1,4:53,IND,sub,,,,Mike Dunleavy,,Danny Granger,,,,,,,,,,,,
Brandon Rush,Earl Watson,Mike Dunleavy,Roy Hibbert,Troy Murphy,Brook Lopez,Chris Douglas-Roberts,Devin Harris,Jarvis Hayes,Kris Humphries,1,4:53,NJN,sub,,,,Jarvis Hayes,,Courtney Lee,,,,,,,,,,,,
Brandon Rush,Earl Watson,Mike Dunleavy,Roy Hibbert,Troy Murphy,Brook Lopez,Chris Douglas-Roberts,Devin Harris,Jarvis Hayes,Kris Humphries,1,4:53,NJN,free throw,,,,,,,2,,2,Brook Lopez,,,foul,made,,,,
Brandon Rush,Earl Watson,Mike Dunleavy,Roy Hibbert,Troy Murphy,Brook Lopez,Chris Douglas-Roberts,Devin Harris,Jarvis Hayes,Kris Humphries,1,4:38,IND,shot,Brandon Rush,,,,,,,,,Troy Murphy,2,,,made,,jump,42,8
Brandon Rush,Earl Watson,Mike Dunleavy,Roy Hibbert,Troy Murphy,Brook Lopez,Chris Douglas-Roberts,Devin Harris,Jarvis Hayes,Kris Humphries,1,4:27,NJN,shot,Devin Harris,,,,,,,,,Kris Humphries,2,,,made,,jump,26,25
Brandon Rush,Earl Watson,Mike Dunleavy,Roy Hibbert,Troy Murphy,Brook Lopez,Chris Douglas-Roberts,Jarvis Hayes,Keyon Dooling,Kris Humphries,1,4:14,NJN,sub,,,,Keyon Dooling,,Devin Harris,,,,,,,,,,,,
Brandon Rush,Earl Watson,Mike Dunleavy,Roy Hibbert,Troy Murphy,Brook Lopez,Chris Douglas-Roberts,Jarvis Hayes,Keyon Dooling,Kris Humphries,1,4:08,IND,shot,,,,,,,,,,Mike Dunleavy,2,,,made,,running bank,24,14
Brandon Rush,Earl Watson,Mike Dunleavy,Roy Hibbert,Troy Murphy,Brook Lopez,Chris Douglas-Roberts,Jarvis Hayes,Keyon Dooling,Kris Humphries,1,3:42,NJN,shot,Kris Humphries,,,,,,,,,Brook Lopez,2,,,made,,jump,39,19
Brandon Rush,Earl Watson,Mike Dunleavy,Roy Hibbert,Troy Murphy,Brook Lopez,Chris Douglas-Roberts,Jarvis Hayes,Keyon Dooling,Kris Humphries,1,3:30,IND,shot,,,,,,,,,,Troy Murphy,,,,missed,,3pt,32,29
Brandon Rush,Earl Watson,Mike Dunleavy,Roy Hibbert,Troy Murphy,Brook Lopez,Chris Douglas-Roberts,Jarvis Hayes,Keyon Dooling,Kris Humphries,1,3:29,IND,rebound,,,,,,,,,,Roy Hibbert,,,,,,off,,
Brandon Rush,Earl Watson,Mike Dunleavy,Roy Hibbert,Troy Murphy,Brook Lopez,Chris Douglas-Roberts,Jarvis Hayes,Keyon Dooling,Kris Humphries,1,3:16,IND,shot,Brandon Rush,,,,,,,,,Roy Hibbert,2,,,made,,jump,26,25
Brandon Rush,Earl Watson,Mike Dunleavy,Roy Hibbert,Troy Murphy,Brook Lopez,Chris Douglas-Roberts,Jarvis Hayes,Keyon Dooling,Kris Humphries,1,2:53,NJN,shot,,,Mike Dunleavy,,,,,,,Chris Douglas-Roberts,,,,missed,,driving layup,25,6
Brandon Rush,Earl Watson,Mike Dunleavy,Roy Hibbert,Troy Murphy,Brook Lopez,Chris Douglas-Roberts,Jarvis Hayes,Keyon Dooling,Kris Humphries,1,2:52,IND,rebound,,,,,,,,,,,,,,,,,,
Brandon Rush,Earl Watson,Mike Dunleavy,Roy Hibbert,Troy Murphy,Brook Lopez,Chris Douglas-Roberts,Jarvis Hayes,Keyon Dooling,Kris Humphries,1,2:52,IND,timeout,,,,,,,,,,,,,,,,regular,,
Brandon Rush,Mike Dunleavy,Roy Hibbert,Solomon Jones,Troy Murphy,Brook Lopez,Chris Douglas-Roberts,Jarvis Hayes,Keyon Dooling,Kris Humphries,1,2:52,IND,sub,,,,Solomon Jones,,Earl Watson,,,,,,,,,,,,
Brandon Rush,Danny Granger,Mike Dunleavy,Solomon Jones,Troy Murphy,Brook Lopez,Chris Douglas-Roberts,Jarvis Hayes,Keyon Dooling,Kris Humphries,1,2:52,IND,sub,,,,Danny Granger,,Roy Hibbert,,,,,,,,,,,,
A.J. Price,Brandon Rush,Danny Granger,Mike Dunleavy,Solomon Jones,Brook Lopez,Chris Douglas-Roberts,Jarvis Hayes,Keyon Dooling,Kris Humphries,1,2:48,IND,sub,,,,A.J. Price,,Troy Murphy,,,,,,,,,,,,
A.J. Price,Brandon Rush,Danny Granger,Mike Dunleavy,Solomon Jones,Brook Lopez,Jarvis Hayes,Keyon Dooling,Kris Humphries,Terrence Williams,1,2:40,NJN,sub,,,,Terrence Williams,,Chris Douglas-Roberts,,,,,,,,,,,,
A.J. Price,Brandon Rush,Danny Granger,Mike Dunleavy,Solomon Jones,Brook Lopez,Jarvis Hayes,Keyon Dooling,Kris Humphries,Terrence Williams,1,2:40,IND,shot,,,,,,,,,,Mike Dunleavy,2,,,made,,running jump,23,18
A.J. Price,Brandon Rush,Danny Granger,Mike Dunleavy,Solomon Jones,Brook Lopez,Jarvis Hayes,Keyon Dooling,Kris Humphries,Terrence Williams,1,2:40,NJN,foul,,,,,,,,Mike Dunleavy,,Brook Lopez,,,,,,shooting,,
A.J. Price,Brandon Rush,Danny Granger,Mike Dunleavy,Solomon Jones,Brook Lopez,Jarvis Hayes,Keyon Dooling,Kris Humphries,Terrence Williams,1,2:40,IND,free throw,,,,,,,1,,1,Mike Dunleavy,,,foul,made,,,,
A.J. Price,Brandon Rush,Danny Granger,Mike Dunleavy,Solomon Jones,Brook Lopez,Jarvis Hayes,Keyon Dooling,Kris Humphries,Terrence Williams,1,2:26,NJN,shot,,,,,,,,,,Jarvis Hayes,,,,missed,,jump,45,5
A.J. Price,Brandon Rush,Danny Granger,Mike Dunleavy,Solomon Jones,Brook Lopez,Jarvis Hayes,Keyon Dooling,Kris Humphries,Terrence Williams,1,2:24,IND,rebound,,,,,,,,,,Brandon Rush,,,,,,def,,
A.J. Price,Brandon Rush,Danny Granger,Mike Dunleavy,Solomon Jones,Jarvis Hayes,Keyon Dooling,Kris Humphries,Terrence Williams,Yi Jianlian,1,2:24,NJN,sub,,,,Yi Jianlian,,Brook Lopez,,,,,,,,,,,,
A.J. Price,Brandon Rush,Danny Granger,Mike Dunleavy,Solomon Jones,Jarvis Hayes,Keyon Dooling,Kris Humphries,Terrence Williams,Yi Jianlian,1,2:24,IND,jump ball,,Brandon Rush,,,Kris Humphries,,,,,,,A.J. Price,,,,,,
A.J. Price,Brandon Rush,Danny Granger,Mike Dunleavy,Solomon Jones,Jarvis Hayes,Keyon Dooling,Kris Humphries,Terrence Williams,Yi Jianlian,1,2:19,NJN,foul,,,,,,,,Mike Dunleavy,,Jarvis Hayes,,,,,,shooting,,
A.J. Price,Brandon Rush,Danny Granger,Mike Dunleavy,Solomon Jones,Jarvis Hayes,Keyon Dooling,Kris Humphries,Terrence Williams,Yi Jianlian,1,2:19,IND,free throw,,,,,,,1,,2,Mike Dunleavy,,,foul,made,,,,
A.J. Price,Brandon Rush,Danny Granger,Mike Dunleavy,Solomon Jones,Jarvis Hayes,Keyon Dooling,Kris Humphries,Terrence Williams,Yi Jianlian,1,2:19,IND,free throw,,,,,,,2,,2,Mike Dunleavy,,,foul,made,,,,
A.J. Price,Brandon Rush,Danny Granger,Mike Dunleavy,Solomon Jones,Jarvis Hayes,Keyon Dooling,Kris Humphries,Terrence Williams,Yi Jianlian,1,1:58,NJN,shot,,,,,,,,,,Keyon Dooling,,,,missed,,jump,25,29
A.J. Price,Brandon Rush,Danny Granger,Mike Dunleavy,Solomon Jones,Jarvis Hayes,Keyon Dooling,Kris Humphries,Terrence Williams,Yi Jianlian,1,1:56,IND,rebound,,,,,,,,,,Mike Dunleavy,,,,,,def,,
A.J. Price,Brandon Rush,Danny Granger,Mike Dunleavy,Solomon Jones,Jarvis Hayes,Keyon Dooling,Kris Humphries,Terrence Williams,Yi Jianlian,1,1:51,IND,shot,A.J. Price,,,,,,,,,Danny Granger,3,,,made,,3pt,36,29
A.J. Price,Brandon Rush,Danny Granger,Mike Dunleavy,Solomon Jones,Jarvis Hayes,Keyon Dooling,Kris Humphries,Terrence Williams,Yi Jianlian,1,1:33,NJN,shot,,,,,,,,,,Yi Jianlian,,,,missed,,jump,24,12
A.J. Price,Brandon Rush,Danny Granger,Mike Dunleavy,Solomon Jones,Jarvis Hayes,Keyon Dooling,Kris Humphries,Terrence Williams,Yi Jianlian,1,1:31,IND,rebound,,,,,,,,,,Solomon Jones,,,,,,def,,
A.J. Price,Brandon Rush,Danny Granger,Mike Dunleavy,Solomon Jones,Jarvis Hayes,Keyon Dooling,Kris Humphries,Terrence Williams,Yi Jianlian,1,1:25,IND,shot,,,,,,,,,,Danny Granger,,,,missed,,3pt,9,25
A.J. Price,Brandon Rush,Danny Granger,Mike Dunleavy,Solomon Jones,Jarvis Hayes,Keyon Dooling,Kris Humphries,Terrence Williams,Yi Jianlian,1,1:23,NJN,rebound,,,,,,,,,,Yi Jianlian,,,,,,def,,
A.J. Price,Brandon Rush,Danny Granger,Mike Dunleavy,Solomon Jones,Jarvis Hayes,Keyon Dooling,Kris Humphries,Terrence Williams,Yi Jianlian,1,1:19,IND,violation,,,,,,,,,,A.J. Price,,,,,,kicked ball,,
A.J. Price,Brandon Rush,Danny Granger,Mike Dunleavy,Solomon Jones,Jarvis Hayes,Keyon Dooling,Kris Humphries,Terrence Williams,Yi Jianlian,1,1:09,NJN,shot,,,,,,,,,,Kris Humphries,2,,,made,,jump,20,23
A.J. Price,Brandon Rush,Danny Granger,Mike Dunleavy,Solomon Jones,Jarvis Hayes,Keyon Dooling,Kris Humphries,Terrence Williams,Yi Jianlian,1,0:59,IND,shot,Solomon Jones,,,,,,,,,Brandon Rush,2,,,made,,jump,29,25
A.J. Price,Brandon Rush,Danny Granger,Mike Dunleavy,Solomon Jones,Jarvis Hayes,Keyon Dooling,Kris Humphries,Terrence Williams,Yi Jianlian,1,0:42,IND,foul,,,,,,,,Yi Jianlian,,Solomon Jones,,,,,,shooting,,
A.J. Price,Brandon Rush,Danny Granger,Mike Dunleavy,Solomon Jones,Jarvis Hayes,Keyon Dooling,Kris Humphries,Terrence Williams,Yi Jianlian,1,0:42,NJN,free throw,,,,,,,1,,2,Yi Jianlian,,,foul,made,,,,
A.J. Price,Brandon Rush,Danny Granger,Mike Dunleavy,Solomon Jones,Jarvis Hayes,Keyon Dooling,Kris Humphries,Terrence Williams,Yi Jianlian,1,0:42,NJN,free throw,,,,,,,2,,2,Yi Jianlian,,,foul,made,,,,
A.J. Price,Brandon Rush,Danny Granger,Mike Dunleavy,Solomon Jones,Jarvis Hayes,Keyon Dooling,Kris Humphries,Terrence Williams,Yi Jianlian,1,0:30,IND,shot,,,,,,,,,,Danny Granger,,,,missed,,jump,12,17
A.J. Price,Brandon Rush,Danny Granger,Mike Dunleavy,Solomon Jones,Jarvis Hayes,Keyon Dooling,Kris Humphries,Terrence Williams,Yi Jianlian,1,0:29,IND,rebound,,,,,,,,,,Solomon Jones,,,,,,off,,
A.J. Price,Brandon Rush,Danny Granger,Mike Dunleavy,Solomon Jones,Jarvis Hayes,Keyon Dooling,Kris Humphries,Terrence Williams,Yi Jianlian,1,0:28,IND,shot,,,,,,,,,,Solomon Jones,,,,missed,,tip,25,6
A.J. Price,Brandon Rush,Danny Granger,Mike Dunleavy,Solomon Jones,Jarvis Hayes,Keyon Dooling,Kris Humphries,Terrence Williams,Yi Jianlian,1,0:28,NJN,rebound,,,,,,,,,,Terrence Williams,,,,,,def,,
A.J. Price,Brandon Rush,Danny Granger,Mike Dunleavy,Solomon Jones,Jarvis Hayes,Keyon Dooling,Kris Humphries,Terrence Williams,Yi Jianlian,1,0:05,NJN,shot,,,,,,,,,,Keyon Dooling,,,,missed,,driving layup,25,6
A.J. Price,Brandon Rush,Danny Granger,Mike Dunleavy,Solomon Jones,Jarvis Hayes,Keyon Dooling,Kris Humphries,Terrence Williams,Yi Jianlian,1,0:03,IND,rebound,,,,,,,,,,Brandon Rush,,,,,,def,,
A.J. Price,Brandon Rush,Danny Granger,Mike Dunleavy,Solomon Jones,Jarvis Hayes,Keyon Dooling,Kris Humphries,Terrence Williams,Yi Jianlian,1,0:00,IND,shot,A.J. Price,,,,,,,,,Danny Granger,2,,,made,,floating jump,22,14
A.J. Price,Brandon Rush,Danny Granger,Mike Dunleavy,Solomon Jones,Courtney Lee,Jarvis Hayes,Keyon Dooling,Kris Humphries,Yi Jianlian,2,11:36,IND,turnover,,,,,,,,,,,,,shot clock turnover,,,,,
A.J. Price,Brandon Rush,Danny Granger,Mike Dunleavy,Solomon Jones,Courtney Lee,Jarvis Hayes,Keyon Dooling,Kris Humphries,Yi Jianlian,2,11:23,IND,foul,,,,,,,,Kris Humphries,,Mike Dunleavy,,,,,,shooting,,
A.J. Price,Brandon Rush,Danny Granger,Mike Dunleavy,Solomon Jones,Courtney Lee,Devin Harris,Jarvis Hayes,Kris Humphries,Yi Jianlian,2,11:23,NJN,sub,,,,Devin Harris,,Keyon Dooling,,,,,,,,,,,,
A.J. Price,Brandon Rush,Danny Granger,Mike Dunleavy,Troy Murphy,Courtney Lee,Devin Harris,Jarvis Hayes,Kris Humphries,Yi Jianlian,2,11:23,IND,sub,,,,Troy Murphy,,Solomon Jones,,,,,,,,,,,,
A.J. Price,Brandon Rush,Dahntay Jones,Mike Dunleavy,Troy Murphy,Courtney Lee,Devin Harris,Jarvis Hayes,Kris Humphries,Yi Jianlian,2,11:23,IND,sub,,,,Dahntay Jones,,Danny Granger,,,,,,,,,,,,
A.J. Price,Brandon Rush,Dahntay Jones,Mike Dunleavy,Troy Murphy,Courtney Lee,Devin Harris,Jarvis Hayes,Kris Humphries,Yi Jianlian,2,11:23,NJN,free throw,,,,,,,1,,2,Kris Humphries,,,foul,made,,,,
A.J. Price,Brandon Rush,Dahntay Jones,Mike Dunleavy,Troy Murphy,Courtney Lee,Devin Harris,Jarvis Hayes,Kris Humphries,Yi Jianlian,2,11:23,NJN,free throw,,,,,,,2,,2,Kris Humphries,,,foul,made,,,,
A.J. Price,Brandon Rush,Dahntay Jones,Mike Dunleavy,Troy Murphy,Courtney Lee,Devin Harris,Jarvis Hayes,Kris Humphries,Yi Jianlian,2,11:04,IND,shot,,,,,,,,,,A.J. Price,,,,missed,,3pt,17,30
A.J. Price,Brandon Rush,Dahntay Jones,Mike Dunleavy,Troy Murphy,Courtney Lee,Devin Harris,Jarvis Hayes,Kris Humphries,Yi Jianlian,2,11:02,NJN,rebound,,,,,,,,,,Kris Humphries,,,,,,def,,
A.J. Price,Brandon Rush,Dahntay Jones,Mike Dunleavy,Troy Murphy,Courtney Lee,Devin Harris,Jarvis Hayes,Kris Humphries,Yi Jianlian,2,10:54,NJN,shot,Devin Harris,,,,,,,,,Kris Humphries,2,,,made,,jump,24,25
A.J. Price,Brandon Rush,Dahntay Jones,Mike Dunleavy,Troy Murphy,Courtney Lee,Devin Harris,Jarvis Hayes,Kris Humphries,Yi Jianlian,2,10:46,IND,shot,,,,,,,,,,Troy Murphy,,,,missed,,3pt,21,30
A.J. Price,Brandon Rush,Dahntay Jones,Mike Dunleavy,Troy Murphy,Courtney Lee,Devin Harris,Jarvis Hayes,Kris Humphries,Yi Jianlian,2,10:44,NJN,rebound,,,,,,,,,,Kris Humphries,,,,,,def,,
A.J. Price,Brandon Rush,Dahntay Jones,Mike Dunleavy,Troy Murphy,Courtney Lee,Devin Harris,Jarvis Hayes,Kris Humphries,Yi Jianlian,2,10:38,NJN,shot,,,,,,,,,,Devin Harris,,,,missed,,driving layup,25,6
A.J. Price,Brandon Rush,Dahntay Jones,Mike Dunleavy,Troy Murphy,Courtney Lee,Devin Harris,Jarvis Hayes,Kris Humphries,Yi Jianlian,2,10:37,IND,rebound,,,,,,,,,,Troy Murphy,,,,,,def,,
A.J. Price,Brandon Rush,Dahntay Jones,Mike Dunleavy,Troy Murphy,Courtney Lee,Devin Harris,Jarvis Hayes,Kris Humphries,Yi Jianlian,2,10:25,IND,shot,Mike Dunleavy,,,,,,,,,Troy Murphy,2,,,made,,driving layup,25,6
A.J. Price,Brandon Rush,Dahntay Jones,Mike Dunleavy,Troy Murphy,Courtney Lee,Devin Harris,Jarvis Hayes,Kris Humphries,Yi Jianlian,2,10:25,NJN,foul,,,,,,,,Troy Murphy,,Yi Jianlian,,,,,,shooting,,
A.J. Price,Dahntay Jones,Luther Head,Mike Dunleavy,Troy Murphy,Courtney Lee,Devin Harris,Jarvis Hayes,Kris Humphries,Yi Jianlian,2,10:25,IND,sub,,,,Luther Head,,Brandon Rush,,,,,,,,,,,,
A.J. Price,Dahntay Jones,Luther Head,Mike Dunleavy,Troy Murphy,Chris Douglas-Roberts,Courtney Lee,Devin Harris,Kris Humphries,Yi Jianlian,2,10:25,NJN,sub,,,,Chris Douglas-Roberts,,Jarvis Hayes,,,,,,,,,,,,
A.J. Price,Dahntay Jones,Luther Head,Mike Dunleavy,Troy Murphy,Chris Douglas-Roberts,Courtney Lee,Devin Harris,Kris Humphries,Yi Jianlian,2,10:25,IND,free throw,,,,,,,1,,1,Troy Murphy,,,foul,made,,,,
A.J. Price,Dahntay Jones,Luther Head,Mike Dunleavy,Troy Murphy,Chris Douglas-Roberts,Courtney Lee,Devin Harris,Kris Humphries,Yi Jianlian,2,10:12,IND,foul,,,,,,,,Devin Harris,,A.J. Price,,,,,,shooting,,
A.J. Price,Dahntay Jones,Luther Head,Mike Dunleavy,Troy Murphy,Chris Douglas-Roberts,Courtney Lee,Devin Harris,Kris Humphries,Yi Jianlian,2,10:12,NJN,free throw,,,,,,,1,,2,Devin Harris,,,foul,missed,,,,
A.J. Price,Dahntay Jones,Luther Head,Mike Dunleavy,Troy Murphy,Chris Douglas-Roberts,Courtney Lee,Devin Harris,Kris Humphries,Yi Jianlian,2,10:12,NJN,rebound,,,,,,,,,,,,,,,,,,
A.J. Price,Dahntay Jones,Luther Head,Mike Dunleavy,Troy Murphy,Chris Douglas-Roberts,Courtney Lee,Devin Harris,Kris Humphries,Yi Jianlian,2,10:12,NJN,free throw,,,,,,,2,,2,Devin Harris,,,foul,made,,,,
A.J. Price,Dahntay Jones,Luther Head,Mike Dunleavy,Troy Murphy,Chris Douglas-Roberts,Courtney Lee,Devin Harris,Kris Humphries,Yi Jianlian,2,9:53,IND,shot,Mike Dunleavy,,,,,,,,,A.J. Price,3,,,made,,3pt,47,11
A.J. Price,Dahntay Jones,Luther Head,Mike Dunleavy,Troy Murphy,Chris Douglas-Roberts,Courtney Lee,Devin Harris,Kris Humphries,Yi Jianlian,2,9:41,IND,foul,,,,,,,,Kris Humphries,,Dahntay Jones,,,,,,personal,,
A.J. Price,Dahntay Jones,Luther Head,Mike Dunleavy,Troy Murphy,Chris Douglas-Roberts,Courtney Lee,Devin Harris,Kris Humphries,Yi Jianlian,2,9:35,IND,foul,,,,,,,,Kris Humphries,,A.J. Price,,,,,,shooting,,
A.J. Price,Dahntay Jones,Luther Head,Mike Dunleavy,Troy Murphy,Chris Douglas-Roberts,Courtney Lee,Devin Harris,Kris Humphries,Yi Jianlian,2,9:35,NJN,free throw,,,,,,,1,,2,Kris Humphries,,,foul,made,,,,
Dahntay Jones,Earl Watson,Luther Head,Mike Dunleavy,Troy Murphy,Chris Douglas-Roberts,Courtney Lee,Devin Harris,Kris Humphries,Yi Jianlian,2,9:35,IND,sub,,,,Earl Watson,,A.J. Price,,,,,,,,,,,,
Dahntay Jones,Earl Watson,Luther Head,Mike Dunleavy,Troy Murphy,Chris Douglas-Roberts,Courtney Lee,Devin Harris,Kris Humphries,Yi Jianlian,2,9:35,NJN,free throw,,,,,,,2,,2,Kris Humphries,,,foul,missed,,,,
Dahntay Jones,Earl Watson,Luther Head,Mike Dunleavy,Troy Murphy,Chris Douglas-Roberts,Courtney Lee,Devin Harris,Kris Humphries,Yi Jianlian,2,9:34,IND,rebound,,,,,,,,,,Dahntay Jones,,,,,,def,,
Dahntay Jones,Earl Watson,Luther Head,Mike Dunleavy,Troy Murphy,Chris Douglas-Roberts,Courtney Lee,Devin Harris,Kris Humphries,Yi Jianlian,2,9:22,IND,shot,,,,,,,,,,Mike Dunleavy,,,,missed,,3pt,37,27
Dahntay Jones,Earl Watson,Luther Head,Mike Dunleavy,Troy Murphy,Chris Douglas-Roberts,Courtney Lee,Devin Harris,Kris Humphries,Yi Jianlian,2,9:21,NJN,rebound,,,,,,,,,,Yi Jianlian,,,,,,def,,
Dahntay Jones,Earl Watson,Luther Head,Mike Dunleavy,Troy Murphy,Chris Douglas-Roberts,Courtney Lee,Devin Harris,Kris Humphries,Yi Jianlian,2,9:15,IND,foul,,,,,,,,Yi Jianlian,,Dahntay Jones,,,,,,shooting,,
Dahntay Jones,Earl Watson,Luther Head,Mike Dunleavy,Troy Murphy,Chris Douglas-Roberts,Courtney Lee,Devin Harris,Kris Humphries,Yi Jianlian,2,9:15,NJN,free throw,,,,,,,1,,2,Yi Jianlian,,,foul,made,,,,
Dahntay Jones,Earl Watson,Luther Head,Mike Dunleavy,Troy Murphy,Brook Lopez,Chris Douglas-Roberts,Courtney Lee,Devin Harris,Yi Jianlian,2,9:15,NJN,sub,,,,Brook Lopez,,Kris Humphries,,,,,,,,,,,,
Dahntay Jones,Earl Watson,Luther Head,Mike Dunleavy,Troy Murphy,Brook Lopez,Chris Douglas-Roberts,Courtney Lee,Devin Harris,Yi Jianlian,2,9:15,NJN,free throw,,,,,,,2,,2,Yi Jianlian,,,foul,missed,,,,
Dahntay Jones,Earl Watson,Luther Head,Mike Dunleavy,Troy Murphy,Brook Lopez,Chris Douglas-Roberts,Courtney Lee,Devin Harris,Yi Jianlian,2,9:14,IND,rebound,,,,,,,,,,Dahntay Jones,,,,,,def,,
Dahntay Jones,Earl Watson,Luther Head,Mike Dunleavy,Troy Murphy,Brook Lopez,Chris Douglas-Roberts,Courtney Lee,Devin Harris,Yi Jianlian,2,9:01,IND,shot,,,,,,,,,,Mike Dunleavy,,,,missed,,3pt,14,30
Dahntay Jones,Earl Watson,Luther Head,Mike Dunleavy,Troy Murphy,Brook Lopez,Chris Douglas-Roberts,Courtney Lee,Devin Harris,Yi Jianlian,2,9:00,NJN,rebound,,,,,,,,,,Chris Douglas-Roberts,,,,,,def,,
Dahntay Jones,Earl Watson,Luther Head,Mike Dunleavy,Troy Murphy,Brook Lopez,Chris Douglas-Roberts,Courtney Lee,Devin Harris,Yi Jianlian,2,8:55,IND,foul,,,,,,,,Devin Harris,,Mike Dunleavy,,,,,,shooting,,
Dahntay Jones,Earl Watson,Luther Head,Mike Dunleavy,Troy Murphy,Brook Lopez,Chris Douglas-Roberts,Courtney Lee,Devin Harris,Yi Jianlian,2,8:55,NJN,timeout,,,,,,,,,,,,,,,,official,,
Dahntay Jones,Danny Granger,Earl Watson,Luther Head,Mike Dunleavy,Brook Lopez,Chris Douglas-Roberts,Courtney Lee,Devin Harris,Yi Jianlian,2,8:55,IND,sub,,,,Danny Granger,,Troy Murphy,,,,,,,,,,,,
Dahntay Jones,Danny Granger,Earl Watson,Luther Head,Roy Hibbert,Brook Lopez,Chris Douglas-Roberts,Courtney Lee,Devin Harris,Yi Jianlian,2,8:55,IND,sub,,,,Roy Hibbert,,Mike Dunleavy,,,,,,,,,,,,
Dahntay Jones,Danny Granger,Earl Watson,Luther Head,Roy Hibbert,Brook Lopez,Chris Douglas-Roberts,Courtney Lee,Devin Harris,Yi Jianlian,2,8:55,NJN,free throw,,,,,,,1,,2,Devin Harris,,,foul,made,,,,
Dahntay Jones,Danny Granger,Earl Watson,Luther Head,Roy Hibbert,Brook Lopez,Chris Douglas-Roberts,Courtney Lee,Devin Harris,Yi Jianlian,2,8:55,NJN,free throw,,,,,,,2,,2,Devin Harris,,,foul,made,,,,
Dahntay Jones,Danny Granger,Earl Watson,Luther Head,Roy Hibbert,Brook Lopez,Chris Douglas-Roberts,Courtney Lee,Devin Harris,Yi Jianlian,2,8:40,NJN,foul,,,,,,,,,,Yi Jianlian,,,,,,defense 3 second,,
Dahntay Jones,Danny Granger,Earl Watson,Luther Head,Roy Hibbert,Brook Lopez,Chris Douglas-Roberts,Courtney Lee,Devin Harris,Yi Jianlian,2,8:40,IND,free throw,,,,,,,1,,1,Danny Granger,,,technical,made,,,,
Dahntay Jones,Danny Granger,Earl Watson,Luther Head,Roy Hibbert,Brook Lopez,Chris Douglas-Roberts,Courtney Lee,Devin Harris,Yi Jianlian,2,8:31,IND,shot,Danny Granger,,,,,,,,,Luther Head,3,,,made,,3pt,47,6
Dahntay Jones,Danny Granger,Earl Watson,Luther Head,Roy Hibbert,Brook Lopez,Chris Douglas-Roberts,Courtney Lee,Devin Harris,Yi Jianlian,2,8:14,NJN,shot,,,,,,,,,,Brook Lopez,,,,missed,,jump,27,15
Dahntay Jones,Danny Granger,Earl Watson,Luther Head,Roy Hibbert,Brook Lopez,Chris Douglas-Roberts,Courtney Lee,Devin Harris,Yi Jianlian,2,8:13,IND,rebound,,,,,,,,,,Earl Watson,,,,,,def,,
Dahntay Jones,Danny Granger,Earl Watson,Luther Head,Roy Hibbert,Brook Lopez,Chris Douglas-Roberts,Courtney Lee,Devin Harris,Yi Jianlian,2,8:02,IND,shot,Earl Watson,,,,,,,,,Roy Hibbert,2,,,made,,layup,25,6
Dahntay Jones,Danny Granger,Earl Watson,Luther Head,Roy Hibbert,Brook Lopez,Chris Douglas-Roberts,Courtney Lee,Devin Harris,Yi Jianlian,2,7:48,NJN,shot,,,,,,,,,,Brook Lopez,,,,missed,,jump,15,22
Dahntay Jones,Danny Granger,Earl Watson,Luther Head,Roy Hibbert,Brook Lopez,Chris Douglas-Roberts,Courtney Lee,Devin Harris,Yi Jianlian,2,7:47,NJN,rebound,,,,,,,,,,,,,,,,,,
Dahntay Jones,Danny Granger,Earl Watson,Luther Head,Roy Hibbert,Brook Lopez,Chris Douglas-Roberts,Courtney Lee,Devin Harris,Yi Jianlian,2,7:39,IND,foul,,,,,,,,Brook Lopez,,Roy Hibbert,,,,,,shooting,,
Dahntay Jones,Danny Granger,Earl Watson,Luther Head,Roy Hibbert,Brook Lopez,Chris Douglas-Roberts,Courtney Lee,Devin Harris,Yi Jianlian,2,7:39,NJN,free throw,,,,,,,1,,2,Brook Lopez,,,foul,made,,,,
Dahntay Jones,Danny Granger,Earl Watson,Luther Head,Roy Hibbert,Brook Lopez,Chris Douglas-Roberts,Courtney Lee,Devin Harris,Yi Jianlian,2,7:39,NJN,free throw,,,,,,,2,,2,Brook Lopez,,,foul,made,,,,
Dahntay Jones,Danny Granger,Earl Watson,Luther Head,Roy Hibbert,Brook Lopez,Chris Douglas-Roberts,Courtney Lee,Devin Harris,Yi Jianlian,2,7:26,IND,shot,Roy Hibbert,,,,,,,,,Danny Granger,3,,,made,,3pt,46,19
Dahntay Jones,Danny Granger,Earl Watson,Luther Head,Roy Hibbert,Brook Lopez,Chris Douglas-Roberts,Courtney Lee,Devin Harris,Yi Jianlian,2,7:14,NJN,shot,,,,,,,,,,Devin Harris,2,,,made,,driving layup,25,6
Dahntay Jones,Danny Granger,Earl Watson,Luther Head,Roy Hibbert,Brook Lopez,Chris Douglas-Roberts,Courtney Lee,Devin Harris,Yi Jianlian,2,7:04,IND,shot,Earl Watson,,,,,,,,,Dahntay Jones,2,,,made,,alley oop dunk,25,6
Dahntay Jones,Danny Granger,Earl Watson,Luther Head,Roy Hibbert,Brook Lopez,Chris Douglas-Roberts,Courtney Lee,Devin Harris,Yi Jianlian,2,6:42,NJN,shot,,,,,,,,,,Devin Harris,2,,,made,,running jump,25,22
Dahntay Jones,Danny Granger,Earl Watson,Luther Head,Roy Hibbert,Brook Lopez,Chris Douglas-Roberts,Courtney Lee,Devin Harris,Yi Jianlian,2,6:37,IND,shot,,,,,,,,,,Danny Granger,,,,missed,,running jump,29,11
Dahntay Jones,Danny Granger,Earl Watson,Luther Head,Roy Hibbert,Brook Lopez,Chris Douglas-Roberts,Courtney Lee,Devin Harris,Yi Jianlian,2,6:35,NJN,rebound,,,,,,,,,,Yi Jianlian,,,,,,def,,
Dahntay Jones,Danny Granger,Earl Watson,Luther Head,Roy Hibbert,Brook Lopez,Chris Douglas-Roberts,Courtney Lee,Devin Harris,Yi Jianlian,2,6:29,NJN,shot,Devin Harris,,,,,,,,,Brook Lopez,2,,,made,,alley oop dunk,25,6
Dahntay Jones,Danny Granger,Earl Watson,Luther Head,Roy Hibbert,Brook Lopez,Chris Douglas-Roberts,Courtney Lee,Devin Harris,Yi Jianlian,2,6:03,IND,shot,,,,,,,,,,Dahntay Jones,,,,missed,,driving layup,25,6
Dahntay Jones,Danny Granger,Earl Watson,Luther Head,Roy Hibbert,Brook Lopez,Chris Douglas-Roberts,Courtney Lee,Devin Harris,Yi Jianlian,2,6:01,NJN,rebound,,,,,,,,,,Devin Harris,,,,,,def,,
Dahntay Jones,Danny Granger,Earl Watson,Luther Head,Roy Hibbert,Brook Lopez,Chris Douglas-Roberts,Courtney Lee,Devin Harris,Yi Jianlian,2,5:55,IND,foul,,,,,,,,Brook Lopez,,Earl Watson,,,,,,shooting,,
Dahntay Jones,Danny Granger,Earl Watson,Luther Head,Roy Hibbert,Brook Lopez,Chris Douglas-Roberts,Courtney Lee,Devin Harris,Yi Jianlian,2,5:55,NJN,timeout,,,,,,,,,,,,,,,,regular,,
Brandon Rush,Danny Granger,Earl Watson,Luther Head,Roy Hibbert,Brook Lopez,Chris Douglas-Roberts,Courtney Lee,Devin Harris,Yi Jianlian,2,5:55,IND,sub,,,,Brandon Rush,,Dahntay Jones,,,,,,,,,,,,
Brandon Rush,Danny Granger,Earl Watson,Roy Hibbert,Troy Murphy,Brook Lopez,Chris Douglas-Roberts,Courtney Lee,Devin Harris,Yi Jianlian,2,5:55,IND,sub,,,,Troy Murphy,,Luther Head,,,,,,,,,,,,
Brandon Rush,Danny Granger,Earl Watson,Roy Hibbert,Troy Murphy,Brook Lopez,Chris Douglas-Roberts,Courtney Lee,Devin Harris,Kris Humphries,2,5:55,NJN,sub,,,,Kris Humphries,,Yi Jianlian,,,,,,,,,,,,
Brandon Rush,Danny Granger,Earl Watson,Roy Hibbert,Troy Murphy,Brook Lopez,Chris Douglas-Roberts,Devin Harris,Kris Humphries,Trenton Hassell,2,5:55,NJN,sub,,,,Trenton Hassell,,Courtney Lee,,,,,,,,,,,,
Brandon Rush,Danny Granger,Earl Watson,Roy Hibbert,Troy Murphy,Brook Lopez,Chris Douglas-Roberts,Devin Harris,Kris Humphries,Trenton Hassell,2,5:55,NJN,free throw,,,,,,,1,,2,Brook Lopez,,,foul,made,,,,
Brandon Rush,Danny Granger,Earl Watson,Roy Hibbert,Troy Murphy,Brook Lopez,Chris Douglas-Roberts,Devin Harris,Kris Humphries,Trenton Hassell,2,5:55,NJN,free throw,,,,,,,2,,2,Brook Lopez,,,foul,made,,,,
Brandon Rush,Danny Granger,Earl Watson,Roy Hibbert,Troy Murphy,Brook Lopez,Chris Douglas-Roberts,Devin Harris,Kris Humphries,Trenton Hassell,2,5:44,IND,shot,,,,,,,,,,Earl Watson,2,,,made,,jump,23,15
Brandon Rush,Danny Granger,Earl Watson,Roy Hibbert,Troy Murphy,Brook Lopez,Chris Douglas-Roberts,Devin Harris,Kris Humphries,Trenton Hassell,2,5:22,NJN,shot,,,Roy Hibbert,,,,,,,Kris Humphries,,,,missed,,driving jump,27,1
Brandon Rush,Danny Granger,Earl Watson,Roy Hibbert,Troy Murphy,Brook Lopez,Chris Douglas-Roberts,Devin Harris,Kris Humphries,Trenton Hassell,2,5:20,IND,rebound,,,,,,,,,,Troy Murphy,,,,,,def,,
Brandon Rush,Danny Granger,Earl Watson,Roy Hibbert,Troy Murphy,Brook Lopez,Chris Douglas-Roberts,Devin Harris,Kris Humphries,Trenton Hassell,2,5:17,NJN,foul,,,,,,,,Earl Watson,,Chris Douglas-Roberts,,,,,,shooting,,
Brandon Rush,Danny Granger,Earl Watson,Roy Hibbert,Troy Murphy,Brook Lopez,Chris Douglas-Roberts,Keyon Dooling,Kris Humphries,Trenton Hassell,2,5:17,NJN,sub,,,,Keyon Dooling,,Devin Harris,,,,,,,,,,,,
Brandon Rush,Danny Granger,Earl Watson,Roy Hibbert,Troy Murphy,Brook Lopez,Chris Douglas-Roberts,Keyon Dooling,Kris Humphries,Trenton Hassell,2,5:17,IND,free throw,,,,,,,1,,2,Earl Watson,,,foul,made,,,,
Brandon Rush,Danny Granger,Earl Watson,Roy Hibbert,Troy Murphy,Brook Lopez,Chris Douglas-Roberts,Keyon Dooling,Kris Humphries,Trenton Hassell,2,5:17,IND,free throw,,,,,,,2,,2,Earl Watson,,,foul,made,,,,
Brandon Rush,Danny Granger,Earl Watson,Roy Hibbert,Troy Murphy,Brook Lopez,Chris Douglas-Roberts,Keyon Dooling,Kris Humphries,Trenton Hassell,2,5:02,NJN,shot,,,,,,,,,,Brook Lopez,,,,missed,,jump,34,23
Brandon Rush,Danny Granger,Earl Watson,Roy Hibbert,Troy Murphy,Brook Lopez,Chris Douglas-Roberts,Keyon Dooling,Kris Humphries,Trenton Hassell,2,5:00,IND,rebound,,,,,,,,,,Troy Murphy,,,,,,def,,
Brandon Rush,Danny Granger,Earl Watson,Roy Hibbert,Troy Murphy,Brook Lopez,Chris Douglas-Roberts,Keyon Dooling,Kris Humphries,Trenton Hassell,2,4:52,IND,shot,Brandon Rush,,,,,,,,,Troy Murphy,2,,,made,,driving dunk,25,6
Brandon Rush,Danny Granger,Earl Watson,Roy Hibbert,Troy Murphy,Brook Lopez,Chris Douglas-Roberts,Keyon Dooling,Kris Humphries,Trenton Hassell,2,4:31,NJN,shot,,,,,,,,,,Brook Lopez,,,,missed,,hook,36,13
Brandon Rush,Danny Granger,Earl Watson,Roy Hibbert,Troy Murphy,Brook Lopez,Chris Douglas-Roberts,Keyon Dooling,Kris Humphries,Trenton Hassell,2,4:30,IND,rebound,,,,,,,,,,Roy Hibbert,,,,,,def,,
Brandon Rush,Danny Granger,Earl Watson,Roy Hibbert,Troy Murphy,Brook Lopez,Chris Douglas-Roberts,Keyon Dooling,Kris Humphries,Trenton Hassell,2,4:21,IND,shot,,,,,,,,,,Roy Hibbert,,,,missed,,jump,36,21
Brandon Rush,Danny Granger,Earl Watson,Roy Hibbert,Troy Murphy,Brook Lopez,Chris Douglas-Roberts,Keyon Dooling,Kris Humphries,Trenton Hassell,2,4:20,NJN,rebound,,,,,,,,,,Kris Humphries,,,,,,def,,
Brandon Rush,Danny Granger,Earl Watson,Roy Hibbert,Troy Murphy,Brook Lopez,Chris Douglas-Roberts,Keyon Dooling,Kris Humphries,Trenton Hassell,2,4:09,NJN,turnover,,,,,,,,,,Chris Douglas-Roberts,,,lost ball,,Brandon Rush,,,
Brandon Rush,Danny Granger,Earl Watson,Roy Hibbert,Troy Murphy,Brook Lopez,Chris Douglas-Roberts,Keyon Dooling,Kris Humphries,Trenton Hassell,2,4:04,IND,shot,,,,,,,,,,Danny Granger,,,,missed,,3pt,8,24
Brandon Rush,Danny Granger,Earl Watson,Roy Hibbert,Troy Murphy,Brook Lopez,Chris Douglas-Roberts,Keyon Dooling,Kris Humphries,Trenton Hassell,2,4:03,IND,rebound,,,,,,,,,,Brandon Rush,,,,,,off,,
Brandon Rush,Danny Granger,Earl Watson,Roy Hibbert,Troy Murphy,Brook Lopez,Chris Douglas-Roberts,Keyon Dooling,Kris Humphries,Trenton Hassell,2,3:55,IND,shot,Earl Watson,,,,,,,,,Brandon Rush,3,,,made,,3pt,48,6
Brandon Rush,Danny Granger,Earl Watson,Roy Hibbert,Troy Murphy,Brook Lopez,Chris Douglas-Roberts,Keyon Dooling,Kris Humphries,Trenton Hassell,2,3:55,NJN,timeout,,,,,,,,,,,,,,,,short,,
Brandon Rush,Danny Granger,Earl Watson,Roy Hibbert,Troy Murphy,Brook Lopez,Chris Douglas-Roberts,Keyon Dooling,Kris Humphries,Trenton Hassell,2,3:42,NJN,shot,,,,,,,,,,Kris Humphries,,,,missed,,jump,13,18
Brandon Rush,Danny Granger,Earl Watson,Roy Hibbert,Troy Murphy,Brook Lopez,Chris Douglas-Roberts,Keyon Dooling,Kris Humphries,Trenton Hassell,2,3:41,IND,rebound,,,,,,,,,,Earl Watson,,,,,,def,,
Brandon Rush,Danny Granger,Earl Watson,Roy Hibbert,Troy Murphy,Brook Lopez,Chris Douglas-Roberts,Keyon Dooling,Kris Humphries,Trenton Hassell,2,3:28,NJN,foul,,,,,,,,Brandon Rush,,Brook Lopez,,,,,,shooting,,
Brandon Rush,Danny Granger,Earl Watson,Roy Hibbert,Troy Murphy,Brook Lopez,Chris Douglas-Roberts,Keyon Dooling,Kris Humphries,Trenton Hassell,2,3:28,IND,free throw,,,,,,,1,,2,Brandon Rush,,,foul,made,,,,
Brandon Rush,Danny Granger,Earl Watson,Roy Hibbert,Troy Murphy,Brook Lopez,Courtney Lee,Keyon Dooling,Kris Humphries,Trenton Hassell,2,3:28,NJN,sub,,,,Courtney Lee,,Chris Douglas-Roberts,,,,,,,,,,,,
Brandon Rush,Danny Granger,Earl Watson,Roy Hibbert,Troy Murphy,Courtney Lee,Keyon Dooling,Kris Humphries,Trenton Hassell,Yi Jianlian,2,3:28,NJN,sub,,,,Yi Jianlian,,Brook Lopez,,,,,,,,,,,,
Brandon Rush,Danny Granger,Earl Watson,Roy Hibbert,Troy Murphy,Courtney Lee,Keyon Dooling,Kris Humphries,Trenton Hassell,Yi Jianlian,2,3:28,IND,free throw,,,,,,,2,,2,Brandon Rush,,,foul,made,,,,
Brandon Rush,Danny Granger,Earl Watson,Roy Hibbert,Troy Murphy,Courtney Lee,Keyon Dooling,Kris Humphries,Trenton Hassell,Yi Jianlian,2,3:17,NJN,shot,,,,,,,,,,Yi Jianlian,,,,missed,,jump,25,27
Brandon Rush,Danny Granger,Earl Watson,Roy Hibbert,Troy Murphy,Courtney Lee,Keyon Dooling,Kris Humphries,Trenton Hassell,Yi Jianlian,2,3:14,IND,rebound,,,,,,,,,,Brandon Rush,,,,,,def,,
Brandon Rush,Danny Granger,Earl Watson,Roy Hibbert,Troy Murphy,Courtney Lee,Keyon Dooling,Kris Humphries,Trenton Hassell,Yi Jianlian,2,3:10,IND,shot,Troy Murphy,,,,,,,,,Danny Granger,2,,,made,,jump,40,8
Brandon Rush,Danny Granger,Earl Watson,Roy Hibbert,Troy Murphy,Courtney Lee,Keyon Dooling,Kris Humphries,Trenton Hassell,Yi Jianlian,2,2:53,NJN,shot,,,,,,,,,,Yi Jianlian,,,,missed,,layup,25,6
Brandon Rush,Danny Granger,Earl Watson,Roy Hibbert,Troy Murphy,Courtney Lee,Keyon Dooling,Kris Humphries,Trenton Hassell,Yi Jianlian,2,2:52,IND,rebound,,,,,,,,,,Roy Hibbert,,,,,,def,,
Brandon Rush,Danny Granger,Earl Watson,Roy Hibbert,Troy Murphy,Courtney Lee,Keyon Dooling,Kris Humphries,Trenton Hassell,Yi Jianlian,2,2:44,IND,shot,Danny Granger,,,,,,,,,Earl Watson,2,,,made,,jump,36,21
Brandon Rush,Danny Granger,Earl Watson,Roy Hibbert,Troy Murphy,Courtney Lee,Keyon Dooling,Kris Humphries,Trenton Hassell,Yi Jianlian,2,2:22,NJN,shot,Trenton Hassell,,,,,,,,,Keyon Dooling,3,,,made,,3pt,14,29
Brandon Rush,Danny Granger,Earl Watson,Roy Hibbert,Troy Murphy,Courtney Lee,Keyon Dooling,Kris Humphries,Trenton Hassell,Yi Jianlian,2,2:15,NJN,foul,,,,,,,,Earl Watson,,Keyon Dooling,,,,,,personal,,
Brandon Rush,Danny Granger,Earl Watson,Roy Hibbert,Troy Murphy,Courtney Lee,Keyon Dooling,Kris Humphries,Trenton Hassell,Yi Jianlian,2,2:15,IND,timeout,,,,,,,,,,,,,,,,regular,,
Brandon Rush,Danny Granger,Earl Watson,Roy Hibbert,Troy Murphy,Courtney Lee,Keyon Dooling,Kris Humphries,Trenton Hassell,Yi Jianlian,2,2:03,NJN,foul,,,,,,,,Danny Granger,,Trenton Hassell,,,,,,shooting,,
Brandon Rush,Danny Granger,Earl Watson,Roy Hibbert,Troy Murphy,Courtney Lee,Keyon Dooling,Kris Humphries,Trenton Hassell,Yi Jianlian,2,2:03,IND,free throw,,,,,,,1,,2,Danny Granger,,,foul,made,,,,
Brandon Rush,Danny Granger,Earl Watson,Roy Hibbert,Troy Murphy,Devin Harris,Keyon Dooling,Kris Humphries,Trenton Hassell,Yi Jianlian,2,2:03,NJN,sub,,,,Devin Harris,,Courtney Lee,,,,,,,,,,,,
Brandon Rush,Danny Granger,Earl Watson,Roy Hibbert,Troy Murphy,Devin Harris,Keyon Dooling,Kris Humphries,Trenton Hassell,Yi Jianlian,2,2:03,IND,free throw,,,,,,,2,,2,Danny Granger,,,foul,made,,,,
Brandon Rush,Danny Granger,Earl Watson,Roy Hibbert,Troy Murphy,Devin Harris,Keyon Dooling,Kris Humphries,Trenton Hassell,Yi Jianlian,2,1:45,NJN,shot,,,,,,,,,,Keyon Dooling,,,,missed,,3pt,20,30
Brandon Rush,Danny Granger,Earl Watson,Roy Hibbert,Troy Murphy,Devin Harris,Keyon Dooling,Kris Humphries,Trenton Hassell,Yi Jianlian,2,1:43,IND,rebound,,,,,,,,,,Danny Granger,,,,,,def,,
Brandon Rush,Danny Granger,Earl Watson,Roy Hibbert,Troy Murphy,Devin Harris,Keyon Dooling,Kris Humphries,Trenton Hassell,Yi Jianlian,2,1:37,IND,turnover,,,,,,,,,,Earl Watson,,,bad pass,,Kris Humphries,,,
Brandon Rush,Danny Granger,Earl Watson,Roy Hibbert,Troy Murphy,Devin Harris,Keyon Dooling,Kris Humphries,Trenton Hassell,Yi Jianlian,2,1:33,NJN,foul,,,,,,,,Earl Watson,,Kris Humphries,,,,,,offensive,,
Brandon Rush,Danny Granger,Earl Watson,Roy Hibbert,Troy Murphy,Devin Harris,Keyon Dooling,Kris Humphries,Trenton Hassell,Yi Jianlian,2,1:33,NJN,turnover,,,,,,,,,,Kris Humphries,,,foul,,,,,
Brandon Rush,Danny Granger,Earl Watson,Roy Hibbert,Troy Murphy,Devin Harris,Keyon Dooling,Kris Humphries,Trenton Hassell,Yi Jianlian,2,1:22,IND,shot,Danny Granger,,,,,,,,,Roy Hibbert,2,,,made,,layup,25,6
Brandon Rush,Danny Granger,Earl Watson,Roy Hibbert,Troy Murphy,Devin Harris,Keyon Dooling,Kris Humphries,Trenton Hassell,Yi Jianlian,2,1:22,NJN,foul,,,,,,,,Roy Hibbert,,Keyon Dooling,,,,,,shooting,,
Brandon Rush,Danny Granger,Earl Watson,Roy Hibbert,Troy Murphy,Devin Harris,Jarvis Hayes,Keyon Dooling,Kris Humphries,Yi Jianlian,2,1:22,NJN,sub,,,,Jarvis Hayes,,Trenton Hassell,,,,,,,,,,,,
Brandon Rush,Danny Granger,Earl Watson,Roy Hibbert,Troy Murphy,Devin Harris,Jarvis Hayes,Keyon Dooling,Kris Humphries,Yi Jianlian,2,1:22,IND,free throw,,,,,,,1,,1,Roy Hibbert,,,foul,missed,,,,
Brandon Rush,Danny Granger,Earl Watson,Roy Hibbert,Troy Murphy,Devin Harris,Jarvis Hayes,Keyon Dooling,Kris Humphries,Yi Jianlian,2,1:21,NJN,rebound,,,,,,,,,,Kris Humphries,,,,,,def,,
Brandon Rush,Danny Granger,Earl Watson,Roy Hibbert,Troy Murphy,Devin Harris,Jarvis Hayes,Keyon Dooling,Kris Humphries,Yi Jianlian,2,1:09,NJN,shot,,,,,,,,,,Devin Harris,2,,,made,,jump,14,16
Brandon Rush,Danny Granger,Earl Watson,Roy Hibbert,Troy Murphy,Devin Harris,Jarvis Hayes,Keyon Dooling,Kris Humphries,Yi Jianlian,2,0:56,IND,shot,Earl Watson,,,,,,,,,Danny Granger,3,,,made,,3pt,44,22
Brandon Rush,Danny Granger,Earl Watson,Roy Hibbert,Troy Murphy,Devin Harris,Jarvis Hayes,Keyon Dooling,Kris Humphries,Yi Jianlian,2,0:43,NJN,turnover,,,,,,,,,,Devin Harris,,,bad pass,,Danny Granger,,,
Brandon Rush,Danny Granger,Earl Watson,Roy Hibbert,Troy Murphy,Devin Harris,Jarvis Hayes,Keyon Dooling,Kris Humphries,Yi Jianlian,2,0:39,IND,shot,,,,,,,,,,Danny Granger,2,,,made,,running jump,39,8
Brandon Rush,Danny Granger,Earl Watson,Roy Hibbert,Troy Murphy,Devin Harris,Jarvis Hayes,Keyon Dooling,Kris Humphries,Yi Jianlian,2,0:34,NJN,shot,,,,,,,,,,Keyon Dooling,,,,missed,,driving layup,25,6
Brandon Rush,Danny Granger,Earl Watson,Roy Hibbert,Troy Murphy,Devin Harris,Jarvis Hayes,Keyon Dooling,Kris Humphries,Yi Jianlian,2,0:33,IND,rebound,,,,,,,,,,Troy Murphy,,,,,,def,,
Brandon Rush,Danny Granger,Earl Watson,Roy Hibbert,Troy Murphy,Devin Harris,Jarvis Hayes,Keyon Dooling,Kris Humphries,Yi Jianlian,2,0:27,IND,shot,,,,,,,,,,Earl Watson,,,,missed,,driving layup,25,6
Brandon Rush,Danny Granger,Earl Watson,Roy Hibbert,Troy Murphy,Devin Harris,Jarvis Hayes,Keyon Dooling,Kris Humphries,Yi Jianlian,2,0:26,NJN,rebound,,,,,,,,,,Kris Humphries,,,,,,def,,
Brandon Rush,Danny Granger,Earl Watson,Roy Hibbert,Troy Murphy,Devin Harris,Jarvis Hayes,Keyon Dooling,Kris Humphries,Yi Jianlian,2,0:05,NJN,shot,,,Roy Hibbert,,,,,,,Devin Harris,,,,missed,,driving layup,25,6
Brandon Rush,Danny Granger,Earl Watson,Roy Hibbert,Troy Murphy,Devin Harris,Jarvis Hayes,Keyon Dooling,Kris Humphries,Yi Jianlian,2,0:04,IND,rebound,,,,,,,,,,Troy Murphy,,,,,,def,,
Brandon Rush,Danny Granger,Earl Watson,Roy Hibbert,Troy Murphy,Devin Harris,Jarvis Hayes,Keyon Dooling,Kris Humphries,Yi Jianlian,2,0:01,IND,shot,,,,,,,,,,Earl Watson,,,,missed,,3pt,39,30
Brandon Rush,Danny Granger,Earl Watson,Roy Hibbert,Troy Murphy,Devin Harris,Jarvis Hayes,Keyon Dooling,Kris Humphries,Yi Jianlian,2,0:00,IND,rebound,,,,,,,,,,,,,,,,,,
Brandon Rush,Danny Granger,Earl Watson,Roy Hibbert,Troy Murphy,Brook Lopez,Chris Douglas-Roberts,Courtney Lee,Devin Harris,Yi Jianlian,3,11:38,IND,shot,Danny Granger,,,,,,,,,Troy Murphy,2,,,made,,jump,32,19
Brandon Rush,Danny Granger,Earl Watson,Roy Hibbert,Troy Murphy,Brook Lopez,Chris Douglas-Roberts,Courtney Lee,Devin Harris,Yi Jianlian,3,11:21,IND,foul,,,,,,,,Devin Harris,,Earl Watson,,,,,,personal,,
Brandon Rush,Danny Granger,Earl Watson,Roy Hibbert,Troy Murphy,Brook Lopez,Chris Douglas-Roberts,Courtney Lee,Devin Harris,Yi Jianlian,3,11:12,NJN,shot,,,,,,,,,,Courtney Lee,,,,missed,,driving layup,25,6
Brandon Rush,Danny Granger,Earl Watson,Roy Hibbert,Troy Murphy,Brook Lopez,Chris Douglas-Roberts,Courtney Lee,Devin Harris,Yi Jianlian,3,11:11,NJN,rebound,,,,,,,,,,Yi Jianlian,,,,,,off,,
Brandon Rush,Danny Granger,Earl Watson,Roy Hibbert,Troy Murphy,Brook Lopez,Chris Douglas-Roberts,Courtney Lee,Devin Harris,Yi Jianlian,3,11:10,IND,foul,,,,,,,,Yi Jianlian,,Brandon Rush,,,,,,shooting,,
Brandon Rush,Danny Granger,Earl Watson,Roy Hibbert,Troy Murphy,Brook Lopez,Chris Douglas-Roberts,Courtney Lee,Devin Harris,Yi Jianlian,3,11:10,NJN,free throw,,,,,,,1,,2,Yi Jianlian,,,foul,made,,,,
Brandon Rush,Danny Granger,Earl Watson,Roy Hibbert,Troy Murphy,Brook Lopez,Chris Douglas-Roberts,Courtney Lee,Devin Harris,Yi Jianlian,3,11:10,NJN,free throw,,,,,,,2,,2,Yi Jianlian,,,foul,made,,,,
Brandon Rush,Danny Granger,Earl Watson,Roy Hibbert,Troy Murphy,Brook Lopez,Chris Douglas-Roberts,Courtney Lee,Devin Harris,Yi Jianlian,3,10:57,IND,turnover,,,,,,,,,,Danny Granger,,,bad pass,,Chris Douglas-Roberts,,,
Brandon Rush,Danny Granger,Earl Watson,Roy Hibbert,Troy Murphy,Brook Lopez,Chris Douglas-Roberts,Courtney Lee,Devin Harris,Yi Jianlian,3,10:33,NJN,shot,,,,,,,,,,Chris Douglas-Roberts,,,,missed,,3pt,9,29
Brandon Rush,Danny Granger,Earl Watson,Roy Hibbert,Troy Murphy,Brook Lopez,Chris Douglas-Roberts,Courtney Lee,Devin Harris,Yi Jianlian,3,10:32,IND,rebound,,,,,,,,,,Roy Hibbert,,,,,,def,,
Brandon Rush,Danny Granger,Earl Watson,Roy Hibbert,Troy Murphy,Brook Lopez,Chris Douglas-Roberts,Courtney Lee,Devin Harris,Yi Jianlian,3,10:20,IND,shot,,,,,,,,,,Brandon Rush,2,,,made,,jump,17,24
Brandon Rush,Danny Granger,Earl Watson,Roy Hibbert,Troy Murphy,Brook Lopez,Chris Douglas-Roberts,Courtney Lee,Devin Harris,Yi Jianlian,3,9:56,NJN,shot,Brook Lopez,,,,,,,,,Yi Jianlian,2,,,made,,dunk,25,6
Brandon Rush,Danny Granger,Earl Watson,Roy Hibbert,Troy Murphy,Brook Lopez,Chris Douglas-Roberts,Courtney Lee,Devin Harris,Yi Jianlian,3,9:38,IND,shot,,,,,,,,,,Troy Murphy,,,,missed,,jump,45,6
Brandon Rush,Danny Granger,Earl Watson,Roy Hibbert,Troy Murphy,Brook Lopez,Chris Douglas-Roberts,Courtney Lee,Devin Harris,Yi Jianlian,3,9:37,NJN,rebound,,,,,,,,,,Devin Harris,,,,,,def,,
Brandon Rush,Danny Granger,Earl Watson,Roy Hibbert,Troy Murphy,Brook Lopez,Chris Douglas-Roberts,Courtney Lee,Devin Harris,Yi Jianlian,3,9:24,NJN,shot,Courtney Lee,,,,,,,,,Yi Jianlian,2,,,made,,jump,32,24
Brandon Rush,Danny Granger,Earl Watson,Roy Hibbert,Troy Murphy,Brook Lopez,Chris Douglas-Roberts,Courtney Lee,Devin Harris,Yi Jianlian,3,9:03,IND,shot,,,,,,,,,,Roy Hibbert,,,,missed,,hook,23,11
Brandon Rush,Danny Granger,Earl Watson,Roy Hibbert,Troy Murphy,Brook Lopez,Chris Douglas-Roberts,Courtney Lee,Devin Harris,Yi Jianlian,3,9:02,NJN,rebound,,,,,,,,,,Brook Lopez,,,,,,def,,
Brandon Rush,Danny Granger,Earl Watson,Roy Hibbert,Troy Murphy,Brook Lopez,Chris Douglas-Roberts,Courtney Lee,Devin Harris,Yi Jianlian,3,8:45,NJN,shot,,,,,,,,,,Devin Harris,,,,missed,,turnaround jump,27,14
Brandon Rush,Danny Granger,Earl Watson,Roy Hibbert,Troy Murphy,Brook Lopez,Chris Douglas-Roberts,Courtney Lee,Devin Harris,Yi Jianlian,3,8:44,IND,rebound,,,,,,,,,,Troy Murphy,,,,,,def,,
Brandon Rush,Danny Granger,Earl Watson,Roy Hibbert,Troy Murphy,Brook Lopez,Chris Douglas-Roberts,Courtney Lee,Devin Harris,Yi Jianlian,3,8:23,IND,shot,,,Courtney Lee,,,,,,,Earl Watson,,,,missed,,driving layup,25,6
Brandon Rush,Danny Granger,Earl Watson,Roy Hibbert,Troy Murphy,Brook Lopez,Chris Douglas-Roberts,Courtney Lee,Devin Harris,Yi Jianlian,3,8:21,NJN,rebound,,,,,,,,,,Chris Douglas-Roberts,,,,,,def,,
Brandon Rush,Danny Granger,Earl Watson,Roy Hibbert,Troy Murphy,Brook Lopez,Chris Douglas-Roberts,Courtney Lee,Devin Harris,Yi Jianlian,3,8:19,IND,foul,,,,,,,,Chris Douglas-Roberts,,Danny Granger,,,,,,shooting,,
Brandon Rush,Danny Granger,Earl Watson,Roy Hibbert,Troy Murphy,Brook Lopez,Chris Douglas-Roberts,Courtney Lee,Devin Harris,Yi Jianlian,3,8:19,NJN,free throw,,,,,,,1,,2,Chris Douglas-Roberts,,,foul,made,,,,
Brandon Rush,Danny Granger,Earl Watson,Roy Hibbert,Troy Murphy,Brook Lopez,Chris Douglas-Roberts,Courtney Lee,Devin Harris,Yi Jianlian,3,8:19,NJN,free throw,,,,,,,2,,2,Chris Douglas-Roberts,,,foul,made,,,,
Brandon Rush,Danny Granger,Earl Watson,Roy Hibbert,Troy Murphy,Brook Lopez,Chris Douglas-Roberts,Courtney Lee,Devin Harris,Yi Jianlian,3,8:01,IND,shot,Troy Murphy,,,,,,,,,Brandon Rush,3,,,made,,3pt,32,31
Brandon Rush,Danny Granger,Earl Watson,Roy Hibbert,Troy Murphy,Brook Lopez,Chris Douglas-Roberts,Courtney Lee,Devin Harris,Yi Jianlian,3,7:52,NJN,shot,Devin Harris,,,,,,,,,Brook Lopez,2,,,made,,alley oop dunk,25,6
Brandon Rush,Danny Granger,Earl Watson,Roy Hibbert,Troy Murphy,Brook Lopez,Chris Douglas-Roberts,Courtney Lee,Devin Harris,Yi Jianlian,3,7:30,IND,shot,,,,,,,,,,Roy Hibbert,,,,missed,,jump,14,12
Brandon Rush,Danny Granger,Earl Watson,Roy Hibbert,Troy Murphy,Brook Lopez,Chris Douglas-Roberts,Courtney Lee,Devin Harris,Yi Jianlian,3,7:29,NJN,rebound,,,,,,,,,,Yi Jianlian,,,,,,def,,
Brandon Rush,Danny Granger,Earl Watson,Roy Hibbert,Troy Murphy,Brook Lopez,Chris Douglas-Roberts,Courtney Lee,Devin Harris,Yi Jianlian,3,7:24,NJN,shot,,,,,,,,,,Devin Harris,,,,missed,,jump,22,20
Brandon Rush,Danny Granger,Earl Watson,Roy Hibbert,Troy Murphy,Brook Lopez,Chris Douglas-Roberts,Courtney Lee,Devin Harris,Yi Jianlian,3,7:22,NJN,rebound,,,,,,,,,,Yi Jianlian,,,,,,off,,
Brandon Rush,Danny Granger,Earl Watson,Roy Hibbert,Troy Murphy,Brook Lopez,Chris Douglas-Roberts,Courtney Lee,Devin Harris,Yi Jianlian,3,7:20,NJN,shot,,,,,,,,,,Yi Jianlian,,,,missed,,tip,25,6
Brandon Rush,Danny Granger,Earl Watson,Roy Hibbert,Troy Murphy,Brook Lopez,Chris Douglas-Roberts,Courtney Lee,Devin Harris,Yi Jianlian,3,7:19,IND,rebound,,,,,,,,,,Danny Granger,,,,,,def,,
Brandon Rush,Danny Granger,Earl Watson,Roy Hibbert,Troy Murphy,Brook Lopez,Chris Douglas-Roberts,Courtney Lee,Devin Harris,Yi Jianlian,3,7:17,IND,foul,,,,,,,,Brook Lopez,,Roy Hibbert,,,,,,offensive,,
Brandon Rush,Danny Granger,Earl Watson,Roy Hibbert,Troy Murphy,Brook Lopez,Chris Douglas-Roberts,Courtney Lee,Devin Harris,Yi Jianlian,3,7:17,IND,turnover,,,,,,,,,,Roy Hibbert,,,foul,,,,,
Brandon Rush,Danny Granger,Earl Watson,Roy Hibbert,Troy Murphy,Brook Lopez,Chris Douglas-Roberts,Courtney Lee,Devin Harris,Yi Jianlian,3,7:07,IND,foul,,,,,,,,Devin Harris,,Earl Watson,,,,,,personal,,
A.J. Price,Brandon Rush,Danny Granger,Roy Hibbert,Troy Murphy,Brook Lopez,Chris Douglas-Roberts,Courtney Lee,Devin Harris,Yi Jianlian,3,7:07,IND,sub,,,,A.J. Price,,Earl Watson,,,,,,,,,,,,
A.J. Price,Brandon Rush,Danny Granger,Roy Hibbert,Troy Murphy,Brook Lopez,Chris Douglas-Roberts,Courtney Lee,Devin Harris,Yi Jianlian,3,6:53,NJN,shot,,,,,,,,,,Brook Lopez,,,,missed,,jump hook,26,15
A.J. Price,Brandon Rush,Danny Granger,Roy Hibbert,Troy Murphy,Brook Lopez,Chris Douglas-Roberts,Courtney Lee,Devin Harris,Yi Jianlian,3,6:52,IND,rebound,,,,,,,,,,Troy Murphy,,,,,,def,,
A.J. Price,Brandon Rush,Danny Granger,Roy Hibbert,Troy Murphy,Brook Lopez,Chris Douglas-Roberts,Courtney Lee,Devin Harris,Yi Jianlian,3,6:41,IND,shot,A.J. Price,,,,,,,,,Troy Murphy,2,,,made,,driving layup,25,6
A.J. Price,Brandon Rush,Danny Granger,Roy Hibbert,Troy Murphy,Brook Lopez,Chris Douglas-Roberts,Courtney Lee,Devin Harris,Yi Jianlian,3,6:35,NJN,turnover,,,,,,,,,,Devin Harris,,,lost ball,,Roy Hibbert,,,
A.J. Price,Brandon Rush,Danny Granger,Roy Hibbert,Troy Murphy,Brook Lopez,Chris Douglas-Roberts,Courtney Lee,Devin Harris,Yi Jianlian,3,6:33,IND,timeout,,,,,,,,,,,,,,,,regular,,
A.J. Price,Brandon Rush,Mike Dunleavy,Roy Hibbert,Troy Murphy,Brook Lopez,Chris Douglas-Roberts,Courtney Lee,Devin Harris,Yi Jianlian,3,6:33,IND,sub,,,,Mike Dunleavy,,Danny Granger,,,,,,,,,,,,
A.J. Price,Brandon Rush,Mike Dunleavy,Roy Hibbert,Troy Murphy,Chris Douglas-Roberts,Courtney Lee,Devin Harris,Kris Humphries,Yi Jianlian,3,6:33,NJN,sub,,,,Kris Humphries,,Brook Lopez,,,,,,,,,,,,
A.J. Price,Brandon Rush,Mike Dunleavy,Roy Hibbert,Troy Murphy,Chris Douglas-Roberts,Courtney Lee,Devin Harris,Kris Humphries,Yi Jianlian,3,6:20,IND,turnover,,,,,,,,,,A.J. Price,,,bad pass,,Chris Douglas-Roberts,,,
A.J. Price,Brandon Rush,Mike Dunleavy,Roy Hibbert,Troy Murphy,Chris Douglas-Roberts,Courtney Lee,Devin Harris,Kris Humphries,Yi Jianlian,3,6:15,NJN,turnover,,,,,,,,,,Chris Douglas-Roberts,,,lost ball,,A.J. Price,,,
A.J. Price,Brandon Rush,Mike Dunleavy,Roy Hibbert,Troy Murphy,Chris Douglas-Roberts,Courtney Lee,Devin Harris,Kris Humphries,Yi Jianlian,3,6:06,IND,shot,A.J. Price,,,,,,,,,Brandon Rush,3,,,made,,3pt,9,25
A.J. Price,Brandon Rush,Mike Dunleavy,Roy Hibbert,Troy Murphy,Chris Douglas-Roberts,Courtney Lee,Devin Harris,Kris Humphries,Yi Jianlian,3,5:44,NJN,shot,,,,,,,,,,Devin Harris,2,,,made,,running bank,15,10
A.J. Price,Brandon Rush,Mike Dunleavy,Roy Hibbert,Troy Murphy,Chris Douglas-Roberts,Courtney Lee,Devin Harris,Kris Humphries,Yi Jianlian,3,5:27,IND,turnover,,,,,,,,,,Roy Hibbert,,,lost ball,,Kris Humphries,,,
A.J. Price,Brandon Rush,Mike Dunleavy,Roy Hibbert,Troy Murphy,Chris Douglas-Roberts,Courtney Lee,Devin Harris,Kris Humphries,Yi Jianlian,3,5:24,IND,foul,,,,,,,,Devin Harris,,A.J. Price,,,,,,shooting,,
A.J. Price,Brandon Rush,Mike Dunleavy,Roy Hibbert,Troy Murphy,Courtney Lee,Devin Harris,Jarvis Hayes,Kris Humphries,Yi Jianlian,3,5:24,NJN,sub,,,,Jarvis Hayes,,Chris Douglas-Roberts,,,,,,,,,,,,
A.J. Price,Brandon Rush,Mike Dunleavy,Solomon Jones,Troy Murphy,Courtney Lee,Devin Harris,Jarvis Hayes,Kris Humphries,Yi Jianlian,3,5:24,IND,sub,,,,Solomon Jones,,Roy Hibbert,,,,,,,,,,,,
A.J. Price,Brandon Rush,Mike Dunleavy,Solomon Jones,Troy Murphy,Courtney Lee,Devin Harris,Jarvis Hayes,Kris Humphries,Yi Jianlian,3,5:24,NJN,free throw,,,,,,,1,,2,Devin Harris,,,foul,made,,,,
A.J. Price,Brandon Rush,Mike Dunleavy,Solomon Jones,Troy Murphy,Courtney Lee,Devin Harris,Jarvis Hayes,Kris Humphries,Yi Jianlian,3,5:24,NJN,free throw,,,,,,,2,,2,Devin Harris,,,foul,made,,,,
A.J. Price,Brandon Rush,Mike Dunleavy,Solomon Jones,Troy Murphy,Courtney Lee,Devin Harris,Jarvis Hayes,Kris Humphries,Yi Jianlian,3,5:10,IND,shot,Solomon Jones,,,,,,,,,Troy Murphy,3,,,made,,3pt,43,22
A.J. Price,Brandon Rush,Mike Dunleavy,Solomon Jones,Troy Murphy,Courtney Lee,Devin Harris,Jarvis Hayes,Kris Humphries,Yi Jianlian,3,5:03,NJN,timeout,,,,,,,,,,,,,,,,short,,
A.J. Price,Brandon Rush,Mike Dunleavy,Solomon Jones,Troy Murphy,Courtney Lee,Devin Harris,Jarvis Hayes,Kris Humphries,Yi Jianlian,3,4:54,NJN,shot,Devin Harris,,,,,,,,,Kris Humphries,2,,,made,,layup,25,6
A.J. Price,Brandon Rush,Mike Dunleavy,Solomon Jones,Troy Murphy,Courtney Lee,Devin Harris,Jarvis Hayes,Kris Humphries,Yi Jianlian,3,4:48,NJN,foul,,,,,,,,A.J. Price,,Devin Harris,,,,,,personal,,
A.J. Price,Brandon Rush,Mike Dunleavy,Solomon Jones,Troy Murphy,Courtney Lee,Devin Harris,Jarvis Hayes,Kris Humphries,Yi Jianlian,3,4:34,IND,shot,Solomon Jones,,,,,,,,,Mike Dunleavy,2,,,made,,driving layup,25,6
A.J. Price,Brandon Rush,Mike Dunleavy,Solomon Jones,Troy Murphy,Courtney Lee,Devin Harris,Jarvis Hayes,Kris Humphries,Yi Jianlian,3,4:18,NJN,shot,,,,,,,,,,Devin Harris,,,,missed,,driving layup,25,6
A.J. Price,Brandon Rush,Mike Dunleavy,Solomon Jones,Troy Murphy,Courtney Lee,Devin Harris,Jarvis Hayes,Kris Humphries,Yi Jianlian,3,4:17,NJN,rebound,,,,,,,,,,Yi Jianlian,,,,,,off,,
A.J. Price,Brandon Rush,Mike Dunleavy,Solomon Jones,Troy Murphy,Courtney Lee,Devin Harris,Jarvis Hayes,Kris Humphries,Yi Jianlian,3,4:16,NJN,shot,,,,,,,,,,Yi Jianlian,2,,,made,,tip,25,6
A.J. Price,Brandon Rush,Mike Dunleavy,Solomon Jones,Troy Murphy,Courtney Lee,Devin Harris,Jarvis Hayes,Kris Humphries,Yi Jianlian,3,3:53,IND,shot,,,Kris Humphries,,,,,,,Solomon Jones,,,,missed,,dunk,25,6
A.J. Price,Brandon Rush,Mike Dunleavy,Solomon Jones,Troy Murphy,Courtney Lee,Devin Harris,Jarvis Hayes,Kris Humphries,Yi Jianlian,3,3:51,NJN,rebound,,,,,,,,,,Courtney Lee,,,,,,def,,
A.J. Price,Brandon Rush,Mike Dunleavy,Solomon Jones,Troy Murphy,Courtney Lee,Devin Harris,Jarvis Hayes,Kris Humphries,Yi Jianlian,3,3:46,NJN,shot,,,,,,,,,,Jarvis Hayes,,,,missed,,3pt,9,25
A.J. Price,Brandon Rush,Mike Dunleavy,Solomon Jones,Troy Murphy,Courtney Lee,Devin Harris,Jarvis Hayes,Kris Humphries,Yi Jianlian,3,3:44,IND,rebound,,,,,,,,,,Troy Murphy,,,,,,def,,
A.J. Price,Brandon Rush,Mike Dunleavy,Solomon Jones,Troy Murphy,Courtney Lee,Devin Harris,Jarvis Hayes,Kris Humphries,Yi Jianlian,3,3:36,IND,shot,Solomon Jones,,,,,,,,,Troy Murphy,2,,,made,,driving layup,25,6
A.J. Price,Brandon Rush,Mike Dunleavy,Solomon Jones,Troy Murphy,Courtney Lee,Devin Harris,Jarvis Hayes,Kris Humphries,Yi Jianlian,3,3:36,NJN,foul,,,,,,,,Troy Murphy,,Yi Jianlian,,,,,,shooting,,
A.J. Price,Brandon Rush,Mike Dunleavy,Solomon Jones,Troy Murphy,Brook Lopez,Courtney Lee,Devin Harris,Jarvis Hayes,Kris Humphries,3,3:36,NJN,sub,,,,Brook Lopez,,Yi Jianlian,,,,,,,,,,,,
A.J. Price,Brandon Rush,Mike Dunleavy,Solomon Jones,Troy Murphy,Brook Lopez,Courtney Lee,Jarvis Hayes,Keyon Dooling,Kris Humphries,3,3:36,NJN,sub,,,,Keyon Dooling,,Devin Harris,,,,,,,,,,,,
A.J. Price,Dahntay Jones,Mike Dunleavy,Solomon Jones,Troy Murphy,Brook Lopez,Courtney Lee,Jarvis Hayes,Keyon Dooling,Kris Humphries,3,3:36,IND,sub,,,,Dahntay Jones,,Brandon Rush,,,,,,,,,,,,
A.J. Price,Dahntay Jones,Mike Dunleavy,Solomon Jones,Troy Murphy,Brook Lopez,Courtney Lee,Jarvis Hayes,Keyon Dooling,Kris Humphries,3,3:36,IND,free throw,,,,,,,1,,1,Troy Murphy,,,foul,missed,,,,
A.J. Price,Dahntay Jones,Mike Dunleavy,Solomon Jones,Troy Murphy,Brook Lopez,Courtney Lee,Jarvis Hayes,Keyon Dooling,Kris Humphries,3,3:35,NJN,rebound,,,,,,,,,,Jarvis Hayes,,,,,,def,,
A.J. Price,Dahntay Jones,Mike Dunleavy,Solomon Jones,Troy Murphy,Brook Lopez,Courtney Lee,Jarvis Hayes,Keyon Dooling,Kris Humphries,3,3:09,NJN,shot,,,,,,,,,,Keyon Dooling,,,,missed,,3pt,44,21
A.J. Price,Dahntay Jones,Mike Dunleavy,Solomon Jones,Troy Murphy,Brook Lopez,Courtney Lee,Jarvis Hayes,Keyon Dooling,Kris Humphries,3,3:08,IND,rebound,,,,,,,,,,Solomon Jones,,,,,,def,,
A.J. Price,Dahntay Jones,Mike Dunleavy,Solomon Jones,Troy Murphy,Brook Lopez,Courtney Lee,Jarvis Hayes,Keyon Dooling,Kris Humphries,3,2:57,IND,shot,,,,,,,,,,A.J. Price,,,,missed,,jump,42,7
A.J. Price,Dahntay Jones,Mike Dunleavy,Solomon Jones,Troy Murphy,Brook Lopez,Courtney Lee,Jarvis Hayes,Keyon Dooling,Kris Humphries,3,2:55,NJN,rebound,,,,,,,,,,Keyon Dooling,,,,,,def,,
A.J. Price,Dahntay Jones,Mike Dunleavy,Solomon Jones,Troy Murphy,Brook Lopez,Courtney Lee,Jarvis Hayes,Keyon Dooling,Kris Humphries,3,2:43,IND,foul,,,,,,,,Courtney Lee,,Solomon Jones,,,,,,shooting,,
A.J. Price,Dahntay Jones,Mike Dunleavy,Solomon Jones,Troy Murphy,Brook Lopez,Courtney Lee,Jarvis Hayes,Keyon Dooling,Kris Humphries,3,2:43,NJN,timeout,,,,,,,,,,,,,,,,regular,,
A.J. Price,Dahntay Jones,Mike Dunleavy,Solomon Jones,Tyler Hansbrough,Brook Lopez,Courtney Lee,Jarvis Hayes,Keyon Dooling,Kris Humphries,3,2:43,IND,sub,,,,Tyler Hansbrough,,Troy Murphy,,,,,,,,,,,,
A.J. Price,Dahntay Jones,Mike Dunleavy,Solomon Jones,Tyler Hansbrough,Brook Lopez,Courtney Lee,Jarvis Hayes,Keyon Dooling,Kris Humphries,3,2:43,NJN,free throw,,,,,,,1,,2,Courtney Lee,,,foul,missed,,,,
A.J. Price,Dahntay Jones,Mike Dunleavy,Solomon Jones,Tyler Hansbrough,Brook Lopez,Courtney Lee,Jarvis Hayes,Keyon Dooling,Kris Humphries,3,2:43,NJN,rebound,,,,,,,,,,,,,,,,,,
A.J. Price,Dahntay Jones,Mike Dunleavy,Solomon Jones,Tyler Hansbrough,Brook Lopez,Courtney Lee,Jarvis Hayes,Keyon Dooling,Kris Humphries,3,2:43,NJN,free throw,,,,,,,2,,2,Courtney Lee,,,foul,made,,,,
A.J. Price,Dahntay Jones,Mike Dunleavy,Solomon Jones,Tyler Hansbrough,Brook Lopez,Courtney Lee,Jarvis Hayes,Keyon Dooling,Kris Humphries,3,2:25,IND,shot,,,,,,,,,,Tyler Hansbrough,,,,missed,,running jump,25,11
A.J. Price,Dahntay Jones,Mike Dunleavy,Solomon Jones,Tyler Hansbrough,Brook Lopez,Courtney Lee,Jarvis Hayes,Keyon Dooling,Kris Humphries,3,2:24,NJN,rebound,,,,,,,,,,Jarvis Hayes,,,,,,def,,
A.J. Price,Dahntay Jones,Mike Dunleavy,Solomon Jones,Tyler Hansbrough,Brook Lopez,Courtney Lee,Jarvis Hayes,Keyon Dooling,Kris Humphries,3,2:00,NJN,shot,Jarvis Hayes,,,,,,,,,Keyon Dooling,3,,,made,,3pt,11,28
A.J. Price,Dahntay Jones,Mike Dunleavy,Solomon Jones,Tyler Hansbrough,Brook Lopez,Courtney Lee,Jarvis Hayes,Keyon Dooling,Kris Humphries,3,1:50,IND,shot,Dahntay Jones,,,,,,,,,Mike Dunleavy,2,,,made,,driving layup,25,6
A.J. Price,Dahntay Jones,Mike Dunleavy,Solomon Jones,Tyler Hansbrough,Brook Lopez,Courtney Lee,Jarvis Hayes,Keyon Dooling,Kris Humphries,3,1:40,NJN,turnover,,,,,,,,,,Kris Humphries,,,lost ball,,Tyler Hansbrough,,,
A.J. Price,Dahntay Jones,Mike Dunleavy,Solomon Jones,Tyler Hansbrough,Brook Lopez,Courtney Lee,Jarvis Hayes,Keyon Dooling,Kris Humphries,3,1:39,NJN,foul,,,,,,,,Tyler Hansbrough,,Kris Humphries,,,,,,personal,,
A.J. Price,Dahntay Jones,Mike Dunleavy,Solomon Jones,Tyler Hansbrough,Brook Lopez,Jarvis Hayes,Keyon Dooling,Kris Humphries,Terrence Williams,3,1:39,NJN,sub,,,,Terrence Williams,,Courtney Lee,,,,,,,,,,,,
A.J. Price,Dahntay Jones,Mike Dunleavy,Solomon Jones,Tyler Hansbrough,Brook Lopez,Jarvis Hayes,Keyon Dooling,Kris Humphries,Terrence Williams,3,1:30,IND,turnover,,,,,,,,,,Mike Dunleavy,,,out of bounds lost ball turnover,,,,,
A.J. Price,Dahntay Jones,Mike Dunleavy,Solomon Jones,Tyler Hansbrough,Brook Lopez,Jarvis Hayes,Keyon Dooling,Kris Humphries,Terrence Williams,3,1:14,NJN,shot,,,,,,,,,,Keyon Dooling,,,,missed,,3pt,26,33
A.J. Price,Dahntay Jones,Mike Dunleavy,Solomon Jones,Tyler Hansbrough,Brook Lopez,Jarvis Hayes,Keyon Dooling,Kris Humphries,Terrence Williams,3,1:13,IND,rebound,,,,,,,,,,Dahntay Jones,,,,,,def,,
A.J. Price,Dahntay Jones,Mike Dunleavy,Solomon Jones,Tyler Hansbrough,Brook Lopez,Jarvis Hayes,Keyon Dooling,Kris Humphries,Terrence Williams,3,1:02,IND,shot,A.J. Price,,,,,,,,,Mike Dunleavy,3,,,made,,3pt,14,29
A.J. Price,Dahntay Jones,Mike Dunleavy,Solomon Jones,Tyler Hansbrough,Brook Lopez,Jarvis Hayes,Keyon Dooling,Kris Humphries,Terrence Williams,3,0:49,IND,foul,,,,,,,,Brook Lopez,,Dahntay Jones,,,,,,personal,,
A.J. Price,Dahntay Jones,Mike Dunleavy,Solomon Jones,Tyler Hansbrough,Brook Lopez,Jarvis Hayes,Keyon Dooling,Kris Humphries,Terrence Williams,3,0:49,NJN,free throw,,,,,,,1,,2,Brook Lopez,,,foul,made,,,,
A.J. Price,Dahntay Jones,Mike Dunleavy,Solomon Jones,Tyler Hansbrough,Brook Lopez,Jarvis Hayes,Keyon Dooling,Kris Humphries,Terrence Williams,3,0:49,NJN,free throw,,,,,,,2,,2,Brook Lopez,,,foul,made,,,,
A.J. Price,Dahntay Jones,Mike Dunleavy,Solomon Jones,Tyler Hansbrough,Brook Lopez,Jarvis Hayes,Keyon Dooling,Kris Humphries,Terrence Williams,3,0:31,IND,shot,,,Brook Lopez,,,,,,,Solomon Jones,,,,missed,,layup,25,6
A.J. Price,Dahntay Jones,Mike Dunleavy,Solomon Jones,Tyler Hansbrough,Brook Lopez,Jarvis Hayes,Keyon Dooling,Kris Humphries,Terrence Williams,3,0:30,IND,rebound,,,,,,,,,,,,,,,,,,
A.J. Price,Dahntay Jones,Mike Dunleavy,Solomon Jones,Tyler Hansbrough,Brook Lopez,Jarvis Hayes,Keyon Dooling,Kris Humphries,Terrence Williams,3,0:22,IND,shot,,,,,,,,,,Dahntay Jones,,,,missed,,jump,13,13
A.J. Price,Dahntay Jones,Mike Dunleavy,Solomon Jones,Tyler Hansbrough,Brook Lopez,Jarvis Hayes,Keyon Dooling,Kris Humphries,Terrence Williams,3,0:21,IND,rebound,,,,,,,,,,,,,,,,,,
A.J. Price,Dahntay Jones,Mike Dunleavy,Solomon Jones,Tyler Hansbrough,Brook Lopez,Jarvis Hayes,Keyon Dooling,Kris Humphries,Terrence Williams,3,0:00,IND,shot,,,,,,,,,,Tyler Hansbrough,,,,missed,,running jump,27,11
A.J. Price,Dahntay Jones,Mike Dunleavy,Solomon Jones,Tyler Hansbrough,Brook Lopez,Jarvis Hayes,Keyon Dooling,Kris Humphries,Terrence Williams,3,0:00,IND,rebound,,,,,,,,,,,,,,,,,,
A.J. Price,Dahntay Jones,Mike Dunleavy,Roy Hibbert,Tyler Hansbrough,Brook Lopez,Devin Harris,Jarvis Hayes,Keyon Dooling,Kris Humphries,4,11:40,NJN,shot,,,,,,,,,,Brook Lopez,2,,,made,,jump hook,22,14
A.J. Price,Dahntay Jones,Mike Dunleavy,Roy Hibbert,Tyler Hansbrough,Brook Lopez,Devin Harris,Jarvis Hayes,Keyon Dooling,Kris Humphries,4,11:29,IND,shot,Roy Hibbert,,,,,,,,,Tyler Hansbrough,2,,,made,,layup,25,6
A.J. Price,Dahntay Jones,Mike Dunleavy,Roy Hibbert,Tyler Hansbrough,Brook Lopez,Devin Harris,Jarvis Hayes,Keyon Dooling,Kris Humphries,4,11:23,NJN,turnover,,,,,,,,,,Jarvis Hayes,,,traveling,,,,,
A.J. Price,Dahntay Jones,Mike Dunleavy,Roy Hibbert,Tyler Hansbrough,Brook Lopez,Devin Harris,Jarvis Hayes,Keyon Dooling,Kris Humphries,4,11:07,NJN,foul,,,,,,,,Dahntay Jones,,Keyon Dooling,,,,,,personal,,
A.J. Price,Dahntay Jones,Mike Dunleavy,Roy Hibbert,Tyler Hansbrough,Brook Lopez,Devin Harris,Jarvis Hayes,Keyon Dooling,Kris Humphries,4,11:05,IND,foul,,,,,,,,Devin Harris,,A.J. Price,,,,,,offensive,,
A.J. Price,Dahntay Jones,Mike Dunleavy,Roy Hibbert,Tyler Hansbrough,Brook Lopez,Devin Harris,Jarvis Hayes,Keyon Dooling,Kris Humphries,4,11:05,IND,turnover,,,,,,,,,,A.J. Price,,,foul,,,,,
A.J. Price,Dahntay Jones,Mike Dunleavy,Roy Hibbert,Tyler Hansbrough,Brook Lopez,Devin Harris,Jarvis Hayes,Keyon Dooling,Kris Humphries,4,10:47,IND,foul,,,,,,,,Kris Humphries,,Tyler Hansbrough,,,,,,shooting,,
A.J. Price,Dahntay Jones,Mike Dunleavy,Roy Hibbert,Tyler Hansbrough,Brook Lopez,Devin Harris,Jarvis Hayes,Keyon Dooling,Kris Humphries,4,10:47,NJN,free throw,,,,,,,1,,2,Kris Humphries,,,foul,made,,,,
A.J. Price,Dahntay Jones,Mike Dunleavy,Roy Hibbert,Tyler Hansbrough,Brook Lopez,Devin Harris,Jarvis Hayes,Keyon Dooling,Kris Humphries,4,10:47,NJN,free throw,,,,,,,2,,2,Kris Humphries,,,foul,made,,,,
A.J. Price,Dahntay Jones,Mike Dunleavy,Roy Hibbert,Tyler Hansbrough,Brook Lopez,Devin Harris,Jarvis Hayes,Keyon Dooling,Kris Humphries,4,10:38,IND,shot,,,,,,,,,,Mike Dunleavy,,,,missed,,jump,36,18
A.J. Price,Dahntay Jones,Mike Dunleavy,Roy Hibbert,Tyler Hansbrough,Brook Lopez,Devin Harris,Jarvis Hayes,Keyon Dooling,Kris Humphries,4,10:37,NJN,rebound,,,,,,,,,,Kris Humphries,,,,,,def,,
A.J. Price,Dahntay Jones,Mike Dunleavy,Roy Hibbert,Tyler Hansbrough,Brook Lopez,Devin Harris,Jarvis Hayes,Keyon Dooling,Kris Humphries,4,10:26,IND,foul,,,,,,,,Devin Harris,,Roy Hibbert,,,,,,shooting,,
A.J. Price,Dahntay Jones,Mike Dunleavy,Roy Hibbert,Tyler Hansbrough,Brook Lopez,Devin Harris,Jarvis Hayes,Keyon Dooling,Kris Humphries,4,10:26,NJN,free throw,,,,,,,1,,2,Devin Harris,,,foul,missed,,,,
A.J. Price,Dahntay Jones,Mike Dunleavy,Roy Hibbert,Tyler Hansbrough,Brook Lopez,Devin Harris,Jarvis Hayes,Keyon Dooling,Kris Humphries,4,10:26,NJN,rebound,,,,,,,,,,,,,,,,,,
A.J. Price,Dahntay Jones,Mike Dunleavy,Roy Hibbert,Tyler Hansbrough,Brook Lopez,Chris Douglas-Roberts,Devin Harris,Keyon Dooling,Kris Humphries,4,10:26,NJN,sub,,,,Chris Douglas-Roberts,,Jarvis Hayes,,,,,,,,,,,,
A.J. Price,Dahntay Jones,Mike Dunleavy,Roy Hibbert,Tyler Hansbrough,Brook Lopez,Chris Douglas-Roberts,Devin Harris,Keyon Dooling,Kris Humphries,4,10:26,NJN,free throw,,,,,,,2,,2,Devin Harris,,,foul,made,,,,
A.J. Price,Dahntay Jones,Mike Dunleavy,Roy Hibbert,Tyler Hansbrough,Brook Lopez,Chris Douglas-Roberts,Devin Harris,Keyon Dooling,Kris Humphries,4,10:14,IND,shot,,,,,,,,,,A.J. Price,2,,,made,,jump bank,37,11
A.J. Price,Dahntay Jones,Mike Dunleavy,Roy Hibbert,Tyler Hansbrough,Brook Lopez,Chris Douglas-Roberts,Devin Harris,Keyon Dooling,Kris Humphries,4,9:45,NJN,shot,,,,,,,,,,Chris Douglas-Roberts,,,,missed,,jump,11,21
A.J. Price,Dahntay Jones,Mike Dunleavy,Roy Hibbert,Tyler Hansbrough,Brook Lopez,Chris Douglas-Roberts,Devin Harris,Keyon Dooling,Kris Humphries,4,9:44,IND,rebound,,,,,,,,,,Mike Dunleavy,,,,,,def,,
A.J. Price,Dahntay Jones,Mike Dunleavy,Roy Hibbert,Tyler Hansbrough,Brook Lopez,Chris Douglas-Roberts,Devin Harris,Keyon Dooling,Kris Humphries,4,9:39,IND,turnover,,,,,,,,,,Mike Dunleavy,,,bad pass,,Keyon Dooling,,,
A.J. Price,Dahntay Jones,Mike Dunleavy,Roy Hibbert,Tyler Hansbrough,Brook Lopez,Chris Douglas-Roberts,Devin Harris,Keyon Dooling,Kris Humphries,4,9:15,NJN,shot,Devin Harris,,,,,,,,,Chris Douglas-Roberts,3,,,made,,3pt,2,6
A.J. Price,Dahntay Jones,Mike Dunleavy,Roy Hibbert,Tyler Hansbrough,Brook Lopez,Chris Douglas-Roberts,Devin Harris,Keyon Dooling,Kris Humphries,4,9:01,IND,shot,,,,,,,,,,A.J. Price,,,,missed,,jump,18,23
A.J. Price,Dahntay Jones,Mike Dunleavy,Roy Hibbert,Tyler Hansbrough,Brook Lopez,Chris Douglas-Roberts,Devin Harris,Keyon Dooling,Kris Humphries,4,9:00,NJN,rebound,,,,,,,,,,,,,,,,,,
A.J. Price,Dahntay Jones,Mike Dunleavy,Roy Hibbert,Tyler Hansbrough,Brook Lopez,Chris Douglas-Roberts,Devin Harris,Keyon Dooling,Kris Humphries,4,9:00,IND,foul,,,,,,,,Devin Harris,,Tyler Hansbrough,,,,,,loose ball,,
A.J. Price,Dahntay Jones,Mike Dunleavy,Roy Hibbert,Tyler Hansbrough,Brook Lopez,Chris Douglas-Roberts,Courtney Lee,Devin Harris,Kris Humphries,4,9:00,NJN,sub,,,,Courtney Lee,,Keyon Dooling,,,,,,,,,,,,
A.J. Price,Dahntay Jones,Mike Dunleavy,Roy Hibbert,Tyler Hansbrough,Brook Lopez,Chris Douglas-Roberts,Courtney Lee,Devin Harris,Kris Humphries,4,8:48,NJN,shot,,,,,,,,,,Chris Douglas-Roberts,,,,missed,,floating jump,15,11
A.J. Price,Dahntay Jones,Mike Dunleavy,Roy Hibbert,Tyler Hansbrough,Brook Lopez,Chris Douglas-Roberts,Courtney Lee,Devin Harris,Kris Humphries,4,8:46,IND,rebound,,,,,,,,,,Dahntay Jones,,,,,,def,,
A.J. Price,Dahntay Jones,Mike Dunleavy,Roy Hibbert,Tyler Hansbrough,Brook Lopez,Chris Douglas-Roberts,Courtney Lee,Devin Harris,Kris Humphries,4,8:34,IND,shot,,,,,,,,,,Dahntay Jones,2,,,made,,driving dunk,25,6
A.J. Price,Dahntay Jones,Mike Dunleavy,Roy Hibbert,Tyler Hansbrough,Brook Lopez,Chris Douglas-Roberts,Courtney Lee,Devin Harris,Kris Humphries,4,8:11,NJN,shot,,,,,,,,,,Devin Harris,,,,missed,,3pt,36,30
A.J. Price,Dahntay Jones,Mike Dunleavy,Roy Hibbert,Tyler Hansbrough,Brook Lopez,Chris Douglas-Roberts,Courtney Lee,Devin Harris,Kris Humphries,4,8:10,IND,rebound,,,,,,,,,,Dahntay Jones,,,,,,def,,
A.J. Price,Dahntay Jones,Mike Dunleavy,Roy Hibbert,Tyler Hansbrough,Brook Lopez,Chris Douglas-Roberts,Courtney Lee,Devin Harris,Kris Humphries,4,8:03,IND,timeout,,,,,,,,,,,,,,,,official,,
A.J. Price,Dahntay Jones,Mike Dunleavy,Roy Hibbert,Troy Murphy,Brook Lopez,Chris Douglas-Roberts,Courtney Lee,Devin Harris,Kris Humphries,4,8:03,IND,sub,,,,Troy Murphy,,Tyler Hansbrough,,,,,,,,,,,,
Brandon Rush,Dahntay Jones,Mike Dunleavy,Roy Hibbert,Troy Murphy,Brook Lopez,Chris Douglas-Roberts,Courtney Lee,Devin Harris,Kris Humphries,4,8:03,IND,sub,,,,Brandon Rush,,A.J. Price,,,,,,,,,,,,
Brandon Rush,Earl Watson,Mike Dunleavy,Roy Hibbert,Troy Murphy,Brook Lopez,Chris Douglas-Roberts,Courtney Lee,Devin Harris,Kris Humphries,4,8:03,IND,sub,,,,Earl Watson,,Dahntay Jones,,,,,,,,,,,,
Brandon Rush,Danny Granger,Earl Watson,Roy Hibbert,Troy Murphy,Brook Lopez,Chris Douglas-Roberts,Courtney Lee,Devin Harris,Kris Humphries,4,8:03,IND,sub,,,,Danny Granger,,Mike Dunleavy,,,,,,,,,,,,
Brandon Rush,Danny Granger,Earl Watson,Roy Hibbert,Troy Murphy,Brook Lopez,Chris Douglas-Roberts,Courtney Lee,Devin Harris,Kris Humphries,4,7:53,NJN,foul,,,,,,,,Danny Granger,,Chris Douglas-Roberts,,,,,,shooting,,
Brandon Rush,Danny Granger,Earl Watson,Roy Hibbert,Troy Murphy,Brook Lopez,Chris Douglas-Roberts,Courtney Lee,Devin Harris,Kris Humphries,4,7:53,IND,free throw,,,,,,,1,,3,Danny Granger,,,foul,made,,,,
Brandon Rush,Danny Granger,Earl Watson,Roy Hibbert,Troy Murphy,Brook Lopez,Chris Douglas-Roberts,Courtney Lee,Devin Harris,Yi Jianlian,4,7:53,NJN,sub,,,,Yi Jianlian,,Kris Humphries,,,,,,,,,,,,
Brandon Rush,Danny Granger,Earl Watson,Roy Hibbert,Troy Murphy,Brook Lopez,Chris Douglas-Roberts,Courtney Lee,Devin Harris,Yi Jianlian,4,7:53,IND,free throw,,,,,,,2,,3,Danny Granger,,,foul,made,,,,
Brandon Rush,Danny Granger,Earl Watson,Roy Hibbert,Troy Murphy,Brook Lopez,Chris Douglas-Roberts,Courtney Lee,Devin Harris,Yi Jianlian,4,7:53,IND,free throw,,,,,,,3,,3,Danny Granger,,,foul,made,,,,
Brandon Rush,Danny Granger,Earl Watson,Roy Hibbert,Troy Murphy,Brook Lopez,Chris Douglas-Roberts,Courtney Lee,Devin Harris,Yi Jianlian,4,7:38,NJN,shot,,,,,,,,,,Courtney Lee,,,,missed,,driving layup,25,6
Brandon Rush,Danny Granger,Earl Watson,Roy Hibbert,Troy Murphy,Brook Lopez,Chris Douglas-Roberts,Courtney Lee,Devin Harris,Yi Jianlian,4,7:37,NJN,rebound,,,,,,,,,,Brook Lopez,,,,,,off,,
Brandon Rush,Danny Granger,Earl Watson,Roy Hibbert,Troy Murphy,Brook Lopez,Chris Douglas-Roberts,Courtney Lee,Devin Harris,Yi Jianlian,4,7:35,NJN,shot,,,,,,,,,,Brook Lopez,2,,,made,,layup,25,6
Brandon Rush,Danny Granger,Earl Watson,Roy Hibbert,Troy Murphy,Brook Lopez,Chris Douglas-Roberts,Courtney Lee,Devin Harris,Yi Jianlian,4,7:35,IND,foul,,,,,,,,Brook Lopez,,Troy Murphy,,,,,,shooting,,
Brandon Rush,Danny Granger,Earl Watson,Roy Hibbert,Troy Murphy,Brook Lopez,Chris Douglas-Roberts,Courtney Lee,Devin Harris,Yi Jianlian,4,7:35,NJN,free throw,,,,,,,1,,1,Brook Lopez,,,foul,made,,,,
Brandon Rush,Danny Granger,Earl Watson,Roy Hibbert,Troy Murphy,Brook Lopez,Chris Douglas-Roberts,Courtney Lee,Devin Harris,Yi Jianlian,4,7:19,IND,shot,,,,,,,,,,Danny Granger,,,,missed,,fade away jumper,23,21
Brandon Rush,Danny Granger,Earl Watson,Roy Hibbert,Troy Murphy,Brook Lopez,Chris Douglas-Roberts,Courtney Lee,Devin Harris,Yi Jianlian,4,7:18,NJN,rebound,,,,,,,,,,Chris Douglas-Roberts,,,,,,def,,
Brandon Rush,Danny Granger,Earl Watson,Roy Hibbert,Troy Murphy,Brook Lopez,Chris Douglas-Roberts,Courtney Lee,Devin Harris,Yi Jianlian,4,7:11,IND,foul,,,,,,,,Chris Douglas-Roberts,,Danny Granger,,,,,,personal,,
Brandon Rush,Danny Granger,Earl Watson,Roy Hibbert,Troy Murphy,Brook Lopez,Chris Douglas-Roberts,Courtney Lee,Devin Harris,Yi Jianlian,4,7:11,NJN,free throw,,,,,,,1,,2,Chris Douglas-Roberts,,,foul,made,,,,
Brandon Rush,Danny Granger,Earl Watson,Roy Hibbert,Troy Murphy,Brook Lopez,Chris Douglas-Roberts,Courtney Lee,Devin Harris,Yi Jianlian,4,7:11,NJN,free throw,,,,,,,2,,2,Chris Douglas-Roberts,,,foul,missed,,,,
Brandon Rush,Danny Granger,Earl Watson,Roy Hibbert,Troy Murphy,Brook Lopez,Chris Douglas-Roberts,Courtney Lee,Devin Harris,Yi Jianlian,4,7:10,IND,rebound,,,,,,,,,,Troy Murphy,,,,,,def,,
Brandon Rush,Danny Granger,Earl Watson,Roy Hibbert,Troy Murphy,Brook Lopez,Chris Douglas-Roberts,Courtney Lee,Devin Harris,Yi Jianlian,4,6:56,NJN,foul,,,,,,,,Roy Hibbert,,Devin Harris,,,,,,personal,,
Brandon Rush,Danny Granger,Earl Watson,Roy Hibbert,Troy Murphy,Brook Lopez,Chris Douglas-Roberts,Courtney Lee,Devin Harris,Yi Jianlian,4,6:44,IND,shot,,,,,,,,,,Danny Granger,,,,missed,,3pt,48,6
Brandon Rush,Danny Granger,Earl Watson,Roy Hibbert,Troy Murphy,Brook Lopez,Chris Douglas-Roberts,Courtney Lee,Devin Harris,Yi Jianlian,4,6:43,IND,rebound,,,,,,,,,,Troy Murphy,,,,,,off,,
Brandon Rush,Danny Granger,Earl Watson,Roy Hibbert,Troy Murphy,Brook Lopez,Chris Douglas-Roberts,Courtney Lee,Devin Harris,Yi Jianlian,4,6:28,IND,shot,Troy Murphy,,,,,,,,,Roy Hibbert,2,,,made,,jump,27,24
Brandon Rush,Danny Granger,Earl Watson,Roy Hibbert,Troy Murphy,Brook Lopez,Chris Douglas-Roberts,Courtney Lee,Devin Harris,Yi Jianlian,4,6:07,NJN,shot,Chris Douglas-Roberts,,,,,,,,,Brook Lopez,2,,,made,,jump,37,21
Brandon Rush,Danny Granger,Earl Watson,Roy Hibbert,Troy Murphy,Brook Lopez,Chris Douglas-Roberts,Courtney Lee,Devin Harris,Yi Jianlian,4,5:54,NJN,timeout,,,,,,,,,,,,,,,,regular,,
Brandon Rush,Danny Granger,Earl Watson,Roy Hibbert,Troy Murphy,Brook Lopez,Chris Douglas-Roberts,Courtney Lee,Devin Harris,Yi Jianlian,4,5:44,NJN,foul,,,,,,,,Roy Hibbert,,Devin Harris,,,,,,shooting,,
Brandon Rush,Danny Granger,Earl Watson,Roy Hibbert,Troy Murphy,Brook Lopez,Chris Douglas-Roberts,Courtney Lee,Devin Harris,Yi Jianlian,4,5:44,IND,free throw,,,,,,,1,,2,Roy Hibbert,,,foul,made,,,,
Brandon Rush,Danny Granger,Earl Watson,Roy Hibbert,Troy Murphy,Brook Lopez,Chris Douglas-Roberts,Courtney Lee,Devin Harris,Yi Jianlian,4,5:44,IND,free throw,,,,,,,2,,2,Roy Hibbert,,,foul,made,,,,
Brandon Rush,Danny Granger,Earl Watson,Roy Hibbert,Troy Murphy,Brook Lopez,Chris Douglas-Roberts,Courtney Lee,Devin Harris,Yi Jianlian,4,5:34,NJN,shot,Devin Harris,,,,,,,,,Brook Lopez,2,,,made,,alley oop dunk,25,6
Brandon Rush,Danny Granger,Earl Watson,Roy Hibbert,Troy Murphy,Brook Lopez,Chris Douglas-Roberts,Courtney Lee,Devin Harris,Yi Jianlian,4,5:15,IND,shot,Brandon Rush,,,,,,,,,Danny Granger,3,,,made,,3pt,15,29
Brandon Rush,Danny Granger,Earl Watson,Roy Hibbert,Troy Murphy,Brook Lopez,Chris Douglas-Roberts,Courtney Lee,Devin Harris,Yi Jianlian,4,4:55,NJN,shot,,,,,,,,,,Yi Jianlian,2,,,made,,jump,11,7
Brandon Rush,Danny Granger,Earl Watson,Roy Hibbert,Troy Murphy,Brook Lopez,Chris Douglas-Roberts,Courtney Lee,Devin Harris,Yi Jianlian,4,4:35,IND,shot,,,,,,,,,,Danny Granger,,,,missed,,turnaround jump,37,6
Brandon Rush,Danny Granger,Earl Watson,Roy Hibbert,Troy Murphy,Brook Lopez,Chris Douglas-Roberts,Courtney Lee,Devin Harris,Yi Jianlian,4,4:33,NJN,rebound,,,,,,,,,,Yi Jianlian,,,,,,def,,
Brandon Rush,Danny Granger,Earl Watson,Roy Hibbert,Troy Murphy,Brook Lopez,Chris Douglas-Roberts,Courtney Lee,Devin Harris,Yi Jianlian,4,4:21,NJN,shot,,,Roy Hibbert,,,,,,,Courtney Lee,,,,missed,,layup,25,6
Brandon Rush,Danny Granger,Earl Watson,Roy Hibbert,Troy Murphy,Brook Lopez,Chris Douglas-Roberts,Courtney Lee,Devin Harris,Yi Jianlian,4,4:19,IND,rebound,,,,,,,,,,Troy Murphy,,,,,,def,,
Brandon Rush,Danny Granger,Earl Watson,Roy Hibbert,Troy Murphy,Brook Lopez,Chris Douglas-Roberts,Courtney Lee,Devin Harris,Yi Jianlian,4,4:11,IND,turnover,,,,,,,,,,Earl Watson,,,bad pass,,,,,
Brandon Rush,Danny Granger,Earl Watson,Roy Hibbert,Troy Murphy,Brook Lopez,Chris Douglas-Roberts,Devin Harris,Jarvis Hayes,Yi Jianlian,4,4:11,NJN,sub,,,,Jarvis Hayes,,Courtney Lee,,,,,,,,,,,,
Brandon Rush,Danny Granger,Earl Watson,Roy Hibbert,Troy Murphy,Brook Lopez,Devin Harris,Jarvis Hayes,Keyon Dooling,Yi Jianlian,4,4:11,NJN,sub,,,,Keyon Dooling,,Chris Douglas-Roberts,,,,,,,,,,,,
Brandon Rush,Danny Granger,Earl Watson,Roy Hibbert,Troy Murphy,Brook Lopez,Devin Harris,Jarvis Hayes,Keyon Dooling,Yi Jianlian,4,3:59,NJN,shot,Devin Harris,,,,,,,,,Brook Lopez,2,,,made,,jump,33,24
Brandon Rush,Danny Granger,Earl Watson,Roy Hibbert,Troy Murphy,Brook Lopez,Devin Harris,Jarvis Hayes,Keyon Dooling,Yi Jianlian,4,3:47,IND,turnover,,,,,,,,,,Danny Granger,,,3 second violation,,,,,
Brandon Rush,Danny Granger,Earl Watson,Roy Hibbert,Troy Murphy,Brook Lopez,Devin Harris,Jarvis Hayes,Keyon Dooling,Yi Jianlian,4,3:31,NJN,shot,,,,,,,,,,Yi Jianlian,,,,missed,,turnaround jump,37,15
Brandon Rush,Danny Granger,Earl Watson,Roy Hibbert,Troy Murphy,Brook Lopez,Devin Harris,Jarvis Hayes,Keyon Dooling,Yi Jianlian,4,3:29,IND,rebound,,,,,,,,,,Brandon Rush,,,,,,def,,
Brandon Rush,Danny Granger,Earl Watson,Roy Hibbert,Troy Murphy,Brook Lopez,Devin Harris,Jarvis Hayes,Keyon Dooling,Yi Jianlian,4,3:25,NJN,foul,,,,,,,,Troy Murphy,,Yi Jianlian,,,,,,personal,,
Brandon Rush,Danny Granger,Earl Watson,Roy Hibbert,Troy Murphy,Brook Lopez,Devin Harris,Jarvis Hayes,Keyon Dooling,Yi Jianlian,4,3:25,IND,free throw,,,,,,,1,,2,Troy Murphy,,,foul,made,,,,
Brandon Rush,Dahntay Jones,Earl Watson,Roy Hibbert,Troy Murphy,Brook Lopez,Devin Harris,Jarvis Hayes,Keyon Dooling,Yi Jianlian,4,3:25,IND,sub,,,,Dahntay Jones,,Danny Granger,,,,,,,,,,,,
Brandon Rush,Dahntay Jones,Earl Watson,Troy Murphy,Tyler Hansbrough,Brook Lopez,Devin Harris,Jarvis Hayes,Keyon Dooling,Yi Jianlian,4,3:25,IND,sub,,,,Tyler Hansbrough,,Roy Hibbert,,,,,,,,,,,,
A.J. Price,Brandon Rush,Dahntay Jones,Troy Murphy,Tyler Hansbrough,Brook Lopez,Devin Harris,Jarvis Hayes,Keyon Dooling,Yi Jianlian,4,3:25,IND,sub,,,,A.J. Price,,Earl Watson,,,,,,,,,,,,
A.J. Price,Brandon Rush,Dahntay Jones,Troy Murphy,Tyler Hansbrough,Brook Lopez,Devin Harris,Jarvis Hayes,Keyon Dooling,Yi Jianlian,4,3:25,IND,free throw,,,,,,,2,,2,Troy Murphy,,,foul,made,,,,
A.J. Price,Brandon Rush,Dahntay Jones,Troy Murphy,Tyler Hansbrough,Brook Lopez,Devin Harris,Jarvis Hayes,Keyon Dooling,Yi Jianlian,4,3:15,NJN,shot,,,,,,,,,,Jarvis Hayes,,,,missed,,3pt,26,33
A.J. Price,Brandon Rush,Dahntay Jones,Troy Murphy,Tyler Hansbrough,Brook Lopez,Devin Harris,Jarvis Hayes,Keyon Dooling,Yi Jianlian,4,3:13,IND,rebound,,,,,,,,,,,,,,,,,,
A.J. Price,Brandon Rush,Dahntay Jones,Troy Murphy,Tyler Hansbrough,Brook Lopez,Devin Harris,Jarvis Hayes,Keyon Dooling,Yi Jianlian,4,2:57,IND,shot,Dahntay Jones,,,,,,,,,Tyler Hansbrough,2,,,made,,jump,40,8
A.J. Price,Brandon Rush,Dahntay Jones,Troy Murphy,Tyler Hansbrough,Brook Lopez,Devin Harris,Jarvis Hayes,Keyon Dooling,Yi Jianlian,4,2:39,NJN,shot,Brook Lopez,,,,,,,,,Jarvis Hayes,3,,,made,,3pt,12,28
A.J. Price,Brandon Rush,Dahntay Jones,Troy Murphy,Tyler Hansbrough,Brook Lopez,Devin Harris,Jarvis Hayes,Keyon Dooling,Yi Jianlian,4,2:29,IND,turnover,,,,,,,,,,Troy Murphy,,,lost ball,,Keyon Dooling,,,
A.J. Price,Brandon Rush,Dahntay Jones,Troy Murphy,Tyler Hansbrough,Brook Lopez,Devin Harris,Jarvis Hayes,Keyon Dooling,Yi Jianlian,4,2:25,NJN,shot,,,,,,,,,,Keyon Dooling,2,,,made,,driving layup,25,6
A.J. Price,Brandon Rush,Dahntay Jones,Troy Murphy,Tyler Hansbrough,Brook Lopez,Devin Harris,Jarvis Hayes,Keyon Dooling,Yi Jianlian,4,2:20,IND,timeout,,,,,,,,,,,,,,,,regular,,
A.J. Price,Brandon Rush,Dahntay Jones,Troy Murphy,Tyler Hansbrough,Devin Harris,Jarvis Hayes,Keyon Dooling,Kris Humphries,Yi Jianlian,4,2:20,NJN,sub,,,,Kris Humphries,,Brook Lopez,,,,,,,,,,,,
A.J. Price,Brandon Rush,Dahntay Jones,Troy Murphy,Tyler Hansbrough,Devin Harris,Jarvis Hayes,Keyon Dooling,Kris Humphries,Yi Jianlian,4,2:06,NJN,foul,,,,,,,,A.J. Price,,Kris Humphries,,,,,,shooting,,
A.J. Price,Brandon Rush,Dahntay Jones,Troy Murphy,Tyler Hansbrough,Devin Harris,Jarvis Hayes,Keyon Dooling,Kris Humphries,Yi Jianlian,4,2:06,IND,free throw,,,,,,,1,,2,A.J. Price,,,foul,made,,,,
A.J. Price,Brandon Rush,Dahntay Jones,Solomon Jones,Tyler Hansbrough,Devin Harris,Jarvis Hayes,Keyon Dooling,Kris Humphries,Yi Jianlian,4,2:06,IND,sub,,,,Solomon Jones,,Troy Murphy,,,,,,,,,,,,
A.J. Price,Brandon Rush,Dahntay Jones,Solomon Jones,Tyler Hansbrough,Chris Quinn,Jarvis Hayes,Keyon Dooling,Kris Humphries,Yi Jianlian,4,2:06,NJN,sub,,,,Chris Quinn,,Devin Harris,,,,,,,,,,,,
A.J. Price,Brandon Rush,Dahntay Jones,Solomon Jones,Tyler Hansbrough,Chris Quinn,Jarvis Hayes,Keyon Dooling,Kris Humphries,Yi Jianlian,4,2:06,IND,free throw,,,,,,,2,,2,A.J. Price,,,foul,made,,,,
A.J. Price,Brandon Rush,Dahntay Jones,Solomon Jones,Tyler Hansbrough,Chris Quinn,Jarvis Hayes,Keyon Dooling,Kris Humphries,Yi Jianlian,4,1:57,NJN,shot,,,Solomon Jones,,,,,,,Keyon Dooling,,,,missed,,driving layup,25,6
A.J. Price,Brandon Rush,Dahntay Jones,Solomon Jones,Tyler Hansbrough,Chris Quinn,Jarvis Hayes,Keyon Dooling,Kris Humphries,Yi Jianlian,4,1:55,IND,rebound,,,,,,,,,,Solomon Jones,,,,,,def,,
A.J. Price,Brandon Rush,Dahntay Jones,Solomon Jones,Tyler Hansbrough,Chris Quinn,Jarvis Hayes,Keyon Dooling,Kris Humphries,Yi Jianlian,4,1:49,IND,shot,,,,,,,,,,Dahntay Jones,2,,,made,,driving layup,25,6
A.J. Price,Brandon Rush,Dahntay Jones,Solomon Jones,Tyler Hansbrough,Chris Quinn,Jarvis Hayes,Keyon Dooling,Kris Humphries,Yi Jianlian,4,1:36,NJN,shot,Chris Quinn,,,,,,,,,Jarvis Hayes,2,,,made,,jump,13,19
A.J. Price,Brandon Rush,Dahntay Jones,Solomon Jones,Tyler Hansbrough,Chris Quinn,Jarvis Hayes,Keyon Dooling,Kris Humphries,Yi Jianlian,4,1:14,IND,shot,,,,,,,,,,Tyler Hansbrough,,,,missed,,layup,25,6
A.J. Price,Brandon Rush,Dahntay Jones,Solomon Jones,Tyler Hansbrough,Chris Quinn,Jarvis Hayes,Keyon Dooling,Kris Humphries,Yi Jianlian,4,1:13,NJN,rebound,,,,,,,,,,Kris Humphries,,,,,,def,,
A.J. Price,Brandon Rush,Dahntay Jones,Solomon Jones,Tyler Hansbrough,Chris Quinn,Jarvis Hayes,Keyon Dooling,Kris Humphries,Yi Jianlian,4,0:57,NJN,shot,,,,,,,,,,Jarvis Hayes,,,,missed,,3pt,47,12
A.J. Price,Brandon Rush,Dahntay Jones,Solomon Jones,Tyler Hansbrough,Chris Quinn,Jarvis Hayes,Keyon Dooling,Kris Humphries,Yi Jianlian,4,0:56,NJN,rebound,,,,,,,,,,Kris Humphries,,,,,,off,,
A.J. Price,Brandon Rush,Dahntay Jones,Solomon Jones,Tyler Hansbrough,Chris Quinn,Jarvis Hayes,Keyon Dooling,Kris Humphries,Yi Jianlian,4,0:51,NJN,shot,,,,,,,,,,Chris Quinn,,,,missed,,jump,15,20
A.J. Price,Brandon Rush,Dahntay Jones,Solomon Jones,Tyler Hansbrough,Chris Quinn,Jarvis Hayes,Keyon Dooling,Kris Humphries,Yi Jianlian,4,0:50,IND,rebound,,,,,,,,,,Brandon Rush,,,,,,def,,
A.J. Price,Brandon Rush,Dahntay Jones,Solomon Jones,Tyler Hansbrough,Chris Quinn,Jarvis Hayes,Keyon Dooling,Kris Humphries,Yi Jianlian,4,0:43,NJN,foul,,,,,,,,A.J. Price,,Jarvis Hayes,,,,,,shooting,,
A.J. Price,Brandon Rush,Dahntay Jones,Solomon Jones,Tyler Hansbrough,Chris Quinn,Jarvis Hayes,Keyon Dooling,Kris Humphries,Yi Jianlian,4,0:43,IND,free throw,,,,,,,1,,2,A.J. Price,,,foul,missed,,,,
A.J. Price,Brandon Rush,Dahntay Jones,Solomon Jones,Tyler Hansbrough,Chris Quinn,Jarvis Hayes,Keyon Dooling,Kris Humphries,Yi Jianlian,4,0:43,IND,rebound,,,,,,,,,,,,,,,,,,
A.J. Price,Brandon Rush,Dahntay Jones,Solomon Jones,Tyler Hansbrough,Chris Quinn,Jarvis Hayes,Keyon Dooling,Kris Humphries,Yi Jianlian,4,0:43,IND,free throw,,,,,,,2,,2,A.J. Price,,,foul,made,,,,
A.J. Price,Brandon Rush,Dahntay Jones,Solomon Jones,Tyler Hansbrough,Chris Quinn,Jarvis Hayes,Keyon Dooling,Kris Humphries,Yi Jianlian,4,0:33,NJN,shot,Chris Quinn,,,,,,,,,Kris Humphries,2,,,made,,jump,5,9
A.J. Price,Brandon Rush,Dahntay Jones,Solomon Jones,Tyler Hansbrough,Chris Quinn,Jarvis Hayes,Keyon Dooling,Kris Humphries,Yi Jianlian,4,0:10,IND,shot,,,,,,,,,,A.J. Price,,,,missed,,3pt,39,28
A.J. Price,Brandon Rush,Dahntay Jones,Solomon Jones,Tyler Hansbrough,Chris Quinn,Jarvis Hayes,Keyon Dooling,Kris Humphries,Yi Jianlian,4,0:09,NJN,rebound,,,,,,,,,,Yi Jianlian,,,,,,def,,
