a1,a2,a3,a4,a5,h1,h2,h3,h4,h5,period,time,team,etype,assist,away,block,entered,home,left,num,opponent,outof,player,points,possession,reason,result,steal,type,x,y
Derek Fisher,Lamar Odom,Pau Gasol,Ron Artest,Shannon Brown,Andrei Kirilenko,Carlos Boozer,Deron Williams,Mehmet Okur,Ronnie Brewer,1,12:00,OFF,jump ball,,Pau Gasol,,,Mehmet Okur,,,,,,,Ron Artest,,,,,,
Derek Fisher,Lamar Odom,Pau Gasol,Ron Artest,Shannon Brown,Andrei Kirilenko,Carlos Boozer,Deron Williams,Mehmet Okur,Ronnie Brewer,1,11:45,LAL,shot,Lamar Odom,,,,,,,,,Pau Gasol,2,,,made,,layup,25,6
Derek Fisher,Lamar Odom,Pau Gasol,Ron Artest,Shannon Brown,Andrei Kirilenko,Carlos Boozer,Deron Williams,Mehmet Okur,Ronnie Brewer,1,11:34,UTA,shot,Mehmet Okur,,,,,,,,,Andrei Kirilenko,2,,,made,,dunk,25,6
Derek Fisher,Lamar Odom,Pau Gasol,Ron Artest,Shannon Brown,Andrei Kirilenko,Carlos Boozer,Deron Williams,Mehmet Okur,Ronnie Brewer,1,11:20,LAL,shot,Derek Fisher,,,,,,,,,Shannon Brown,3,,,made,,3pt,9,25
Derek Fisher,Lamar Odom,Pau Gasol,Ron Artest,Shannon Brown,Andrei Kirilenko,Carlos Boozer,Deron Williams,Mehmet Okur,Ronnie Brewer,1,10:58,UTA,shot,Deron Williams,,,,,,,,,Mehmet Okur,2,,,made,,jump,44,9
Derek Fisher,Lamar Odom,Pau Gasol,Ron Artest,Shannon Brown,Andrei Kirilenko,Carlos Boozer,Deron Williams,Mehmet Okur,Ronnie Brewer,1,10:38,LAL,shot,,,,,,,,,,Pau Gasol,,,,missed,,jump hook,31,9
Derek Fisher,Lamar Odom,Pau Gasol,Ron Artest,Shannon Brown,Andrei Kirilenko,Carlos Boozer,Deron Williams,Mehmet Okur,Ronnie Brewer,1,10:36,UTA,rebound,,,,,,,,,,Carlos Boozer,,,,,,def,,
Derek Fisher,Lamar Odom,Pau Gasol,Ron Artest,Shannon Brown,Andrei Kirilenko,Carlos Boozer,Deron Williams,Mehmet Okur,Ronnie Brewer,1,10:20,UTA,shot,,,,,,,,,,Mehmet Okur,,,,missed,,turnaround jump,45,4
Derek Fisher,Lamar Odom,Pau Gasol,Ron Artest,Shannon Brown,Andrei Kirilenko,Carlos Boozer,Deron Williams,Mehmet Okur,Ronnie Brewer,1,10:19,LAL,rebound,,,,,,,,,,Pau Gasol,,,,,,def,,
Derek Fisher,Lamar Odom,Pau Gasol,Ron Artest,Shannon Brown,Andrei Kirilenko,Carlos Boozer,Deron Williams,Mehmet Okur,Ronnie Brewer,1,10:05,LAL,shot,,,,,,,,,,Shannon Brown,2,,,made,,jump,33,24
Derek Fisher,Lamar Odom,Pau Gasol,Ron Artest,Shannon Brown,Andrei Kirilenko,Carlos Boozer,Deron Williams,Mehmet Okur,Ronnie Brewer,1,9:52,UTA,shot,,,,,,,,,,Mehmet Okur,,,,missed,,3pt,40,26
Derek Fisher,Lamar Odom,Pau Gasol,Ron Artest,Shannon Brown,Andrei Kirilenko,Carlos Boozer,Deron Williams,Mehmet Okur,Ronnie Brewer,1,9:50,UTA,rebound,,,,,,,,,,Deron Williams,,,,,,off,,
Derek Fisher,Lamar Odom,Pau Gasol,Ron Artest,Shannon Brown,Andrei Kirilenko,Carlos Boozer,Deron Williams,Mehmet Okur,Ronnie Brewer,1,9:48,UTA,shot,,,Pau Gasol,,,,,,,Carlos Boozer,,,,missed,,layup,25,6
Derek Fisher,Lamar Odom,Pau Gasol,Ron Artest,Shannon Brown,Andrei Kirilenko,Carlos Boozer,Deron Williams,Mehmet Okur,Ronnie Brewer,1,9:45,UTA,rebound,,,,,,,,,,Carlos Boozer,,,,,,off,,
Derek Fisher,Lamar Odom,Pau Gasol,Ron Artest,Shannon Brown,Andrei Kirilenko,Carlos Boozer,Deron Williams,Mehmet Okur,Ronnie Brewer,1,9:45,UTA,shot,,,,,,,,,,Carlos Boozer,2,,,made,,jump,24,11
Derek Fisher,Lamar Odom,Pau Gasol,Ron Artest,Shannon Brown,Andrei Kirilenko,Carlos Boozer,Deron Williams,Mehmet Okur,Ronnie Brewer,1,9:35,LAL,shot,Shannon Brown,,,,,,,,,Lamar Odom,2,,,made,,jump,21,22
Derek Fisher,Lamar Odom,Pau Gasol,Ron Artest,Shannon Brown,Andrei Kirilenko,Carlos Boozer,Deron Williams,Mehmet Okur,Ronnie Brewer,1,9:13,UTA,shot,,,,,,,,,,Deron Williams,2,,,made,,jump,36,22
Derek Fisher,Lamar Odom,Pau Gasol,Ron Artest,Shannon Brown,Andrei Kirilenko,Carlos Boozer,Deron Williams,Mehmet Okur,Ronnie Brewer,1,8:53,LAL,shot,,,,,,,,,,Shannon Brown,,,,missed,,jump,13,22
Derek Fisher,Lamar Odom,Pau Gasol,Ron Artest,Shannon Brown,Andrei Kirilenko,Carlos Boozer,Deron Williams,Mehmet Okur,Ronnie Brewer,1,8:52,LAL,rebound,,,,,,,,,,Lamar Odom,,,,,,off,,
Derek Fisher,Lamar Odom,Pau Gasol,Ron Artest,Shannon Brown,Andrei Kirilenko,Carlos Boozer,Deron Williams,Mehmet Okur,Ronnie Brewer,1,8:50,LAL,shot,,,,,,,,,,Lamar Odom,2,,,made,,running layup,25,6
Derek Fisher,Lamar Odom,Pau Gasol,Ron Artest,Shannon Brown,Andrei Kirilenko,Carlos Boozer,Deron Williams,Mehmet Okur,Ronnie Brewer,1,8:50,UTA,foul,,,,,,,,Lamar Odom,,Carlos Boozer,,,,,,shooting,,
Derek Fisher,Lamar Odom,Pau Gasol,Ron Artest,Shannon Brown,Andrei Kirilenko,Carlos Boozer,Deron Williams,Mehmet Okur,Ronnie Brewer,1,8:50,LAL,free throw,,,,,,,1,,1,Lamar Odom,,,foul,made,,,,
Derek Fisher,Lamar Odom,Pau Gasol,Ron Artest,Shannon Brown,Andrei Kirilenko,Carlos Boozer,Deron Williams,Mehmet Okur,Ronnie Brewer,1,8:26,UTA,shot,,,,,,,,,,Mehmet Okur,,,,missed,,jump bank,39,14
Derek Fisher,Lamar Odom,Pau Gasol,Ron Artest,Shannon Brown,Andrei Kirilenko,Carlos Boozer,Deron Williams,Mehmet Okur,Ronnie Brewer,1,8:25,LAL,rebound,,,,,,,,,,Pau Gasol,,,,,,def,,
Derek Fisher,Lamar Odom,Pau Gasol,Ron Artest,Shannon Brown,Andrei Kirilenko,Carlos Boozer,Deron Williams,Mehmet Okur,Ronnie Brewer,1,8:17,LAL,shot,,,,,,,,,,Ron Artest,,,,missed,,3pt,47,17
Derek Fisher,Lamar Odom,Pau Gasol,Ron Artest,Shannon Brown,Andrei Kirilenko,Carlos Boozer,Deron Williams,Mehmet Okur,Ronnie Brewer,1,8:16,UTA,rebound,,,,,,,,,,Deron Williams,,,,,,def,,
Derek Fisher,Lamar Odom,Pau Gasol,Ron Artest,Shannon Brown,Andrei Kirilenko,Carlos Boozer,Deron Williams,Mehmet Okur,Ronnie Brewer,1,8:01,UTA,shot,Ronnie Brewer,,,,,,,,,Andrei Kirilenko,2,,,made,,slam dunk,25,6
Derek Fisher,Lamar Odom,Pau Gasol,Ron Artest,Shannon Brown,Andrei Kirilenko,Carlos Boozer,Deron Williams,Mehmet Okur,Ronnie Brewer,1,7:39,LAL,shot,,,,,,,,,,Lamar Odom,2,,,made,,driving slam dunk,25,6
Derek Fisher,Lamar Odom,Pau Gasol,Ron Artest,Shannon Brown,Andrei Kirilenko,Carlos Boozer,Deron Williams,Mehmet Okur,Ronnie Brewer,1,7:39,UTA,foul,,,,,,,,Lamar Odom,,Mehmet Okur,,,,,,shooting,,
Derek Fisher,Lamar Odom,Pau Gasol,Ron Artest,Shannon Brown,Andrei Kirilenko,Carlos Boozer,Deron Williams,Mehmet Okur,Ronnie Brewer,1,7:39,LAL,free throw,,,,,,,1,,1,Lamar Odom,,,foul,made,,,,
Derek Fisher,Lamar Odom,Pau Gasol,Ron Artest,Shannon Brown,Andrei Kirilenko,Carlos Boozer,Deron Williams,Mehmet Okur,Ronnie Brewer,1,7:35,LAL,foul,,,,,,,,Deron Williams,,Shannon Brown,,,,,,shooting,,
Derek Fisher,Lamar Odom,Pau Gasol,Ron Artest,Shannon Brown,Andrei Kirilenko,Carlos Boozer,Deron Williams,Mehmet Okur,Ronnie Brewer,1,7:35,UTA,free throw,,,,,,,1,,2,Deron Williams,,,foul,missed,,,,
Derek Fisher,Lamar Odom,Pau Gasol,Ron Artest,Shannon Brown,Andrei Kirilenko,Carlos Boozer,Deron Williams,Mehmet Okur,Ronnie Brewer,1,7:35,UTA,rebound,,,,,,,,,,,,,,,,,,
Derek Fisher,Lamar Odom,Pau Gasol,Ron Artest,Shannon Brown,Andrei Kirilenko,Carlos Boozer,Deron Williams,Mehmet Okur,Ronnie Brewer,1,7:35,UTA,free throw,,,,,,,2,,2,Deron Williams,,,foul,missed,,,,
Derek Fisher,Lamar Odom,Pau Gasol,Ron Artest,Shannon Brown,Andrei Kirilenko,Carlos Boozer,Deron Williams,Mehmet Okur,Ronnie Brewer,1,7:34,LAL,rebound,,,,,,,,,,Lamar Odom,,,,,,def,,
Derek Fisher,Lamar Odom,Pau Gasol,Ron Artest,Shannon Brown,Andrei Kirilenko,Carlos Boozer,Deron Williams,Mehmet Okur,Ronnie Brewer,1,7:20,LAL,shot,,,,,,,,,,Derek Fisher,,,,missed,,jump,10,18
Derek Fisher,Lamar Odom,Pau Gasol,Ron Artest,Shannon Brown,Andrei Kirilenko,Carlos Boozer,Deron Williams,Mehmet Okur,Ronnie Brewer,1,7:19,UTA,rebound,,,,,,,,,,Carlos Boozer,,,,,,def,,
Derek Fisher,Lamar Odom,Pau Gasol,Ron Artest,Shannon Brown,Andrei Kirilenko,Carlos Boozer,Deron Williams,Mehmet Okur,Ronnie Brewer,1,6:57,UTA,shot,Deron Williams,,,,,,,,,Carlos Boozer,2,,,made,,jump,8,13
Derek Fisher,Lamar Odom,Pau Gasol,Ron Artest,Shannon Brown,Andrei Kirilenko,Carlos Boozer,Deron Williams,Mehmet Okur,Ronnie Brewer,1,6:43,LAL,shot,,,,,,,,,,Ron Artest,,,,missed,,jump,43,4
Derek Fisher,Lamar Odom,Pau Gasol,Ron Artest,Shannon Brown,Andrei Kirilenko,Carlos Boozer,Deron Williams,Mehmet Okur,Ronnie Brewer,1,6:42,UTA,rebound,,,,,,,,,,Mehmet Okur,,,,,,def,,
Derek Fisher,Lamar Odom,Pau Gasol,Ron Artest,Shannon Brown,Andrei Kirilenko,Carlos Boozer,Deron Williams,Mehmet Okur,Ronnie Brewer,1,6:33,UTA,shot,,,,,,,,,,Deron Williams,,,,missed,,jump,15,21
Derek Fisher,Lamar Odom,Pau Gasol,Ron Artest,Shannon Brown,Andrei Kirilenko,Carlos Boozer,Deron Williams,Mehmet Okur,Ronnie Brewer,1,6:32,LAL,rebound,,,,,,,,,,Lamar Odom,,,,,,def,,
Derek Fisher,Lamar Odom,Pau Gasol,Ron Artest,Shannon Brown,Andrei Kirilenko,Carlos Boozer,Deron Williams,Mehmet Okur,Ronnie Brewer,1,6:19,LAL,shot,Pau Gasol,,,,,,,,,Shannon Brown,2,,,made,,layup,25,6
Derek Fisher,Lamar Odom,Pau Gasol,Ron Artest,Shannon Brown,Andrei Kirilenko,Carlos Boozer,Deron Williams,Mehmet Okur,Ronnie Brewer,1,6:11,UTA,timeout,,,,,,,,,,,,,,,,regular,,
Derek Fisher,Lamar Odom,Pau Gasol,Ron Artest,Shannon Brown,Andrei Kirilenko,Carlos Boozer,Deron Williams,Mehmet Okur,Ronnie Brewer,1,5:50,UTA,shot,,,,,,,,,,Ronnie Brewer,,,,missed,,jump,44,11
Derek Fisher,Lamar Odom,Pau Gasol,Ron Artest,Shannon Brown,Andrei Kirilenko,Carlos Boozer,Deron Williams,Mehmet Okur,Ronnie Brewer,1,5:48,LAL,rebound,,,,,,,,,,Lamar Odom,,,,,,def,,
Derek Fisher,Lamar Odom,Pau Gasol,Ron Artest,Shannon Brown,Andrei Kirilenko,Carlos Boozer,Deron Williams,Mehmet Okur,Ronnie Brewer,1,5:33,LAL,shot,,,,,,,,,,Ron Artest,,,,missed,,jump,11,22
Derek Fisher,Lamar Odom,Pau Gasol,Ron Artest,Shannon Brown,Andrei Kirilenko,Carlos Boozer,Deron Williams,Mehmet Okur,Ronnie Brewer,1,5:30,LAL,rebound,,,,,,,,,,Pau Gasol,,,,,,off,,
Derek Fisher,Lamar Odom,Pau Gasol,Ron Artest,Shannon Brown,Andrei Kirilenko,Carlos Boozer,Deron Williams,Mehmet Okur,Ronnie Brewer,1,5:28,LAL,turnover,,,,,,,,,,Lamar Odom,,,bad pass,,Andrei Kirilenko,,,
Derek Fisher,Lamar Odom,Pau Gasol,Ron Artest,Shannon Brown,Andrei Kirilenko,Carlos Boozer,Deron Williams,Mehmet Okur,Ronnie Brewer,1,5:13,UTA,shot,,,,,,,,,,Andrei Kirilenko,,,,missed,,3pt,43,23
Derek Fisher,Lamar Odom,Pau Gasol,Ron Artest,Shannon Brown,Andrei Kirilenko,Carlos Boozer,Deron Williams,Mehmet Okur,Ronnie Brewer,1,5:12,LAL,rebound,,,,,,,,,,Shannon Brown,,,,,,def,,
Derek Fisher,Lamar Odom,Pau Gasol,Ron Artest,Shannon Brown,Andrei Kirilenko,Carlos Boozer,Deron Williams,Mehmet Okur,Ronnie Brewer,1,4:53,LAL,shot,,,,,,,,,,Lamar Odom,,,,missed,,jump,14,25
Derek Fisher,Lamar Odom,Pau Gasol,Ron Artest,Shannon Brown,Andrei Kirilenko,Carlos Boozer,Deron Williams,Mehmet Okur,Ronnie Brewer,1,4:52,UTA,rebound,,,,,,,,,,Deron Williams,,,,,,def,,
Derek Fisher,Lamar Odom,Pau Gasol,Ron Artest,Shannon Brown,Andrei Kirilenko,Carlos Boozer,Deron Williams,Mehmet Okur,Ronnie Brewer,1,4:41,UTA,shot,Deron Williams,,,,,,,,,Carlos Boozer,2,,,made,,jump hook,28,12
Derek Fisher,Lamar Odom,Pau Gasol,Ron Artest,Shannon Brown,Andrei Kirilenko,Carlos Boozer,Deron Williams,Mehmet Okur,Ronnie Brewer,1,4:27,LAL,shot,Shannon Brown,,,,,,,,,Pau Gasol,2,,,made,,jump,36,13
Derek Fisher,Lamar Odom,Pau Gasol,Ron Artest,Shannon Brown,Andrei Kirilenko,Carlos Boozer,Deron Williams,Mehmet Okur,Ronnie Brewer,1,4:09,UTA,shot,,,,,,,,,,Mehmet Okur,,,,missed,,layup,25,6
Derek Fisher,Lamar Odom,Pau Gasol,Ron Artest,Shannon Brown,Andrei Kirilenko,Carlos Boozer,Deron Williams,Mehmet Okur,Ronnie Brewer,1,4:07,LAL,rebound,,,,,,,,,,Pau Gasol,,,,,,def,,
Derek Fisher,Lamar Odom,Pau Gasol,Ron Artest,Shannon Brown,Andrei Kirilenko,Carlos Boozer,Deron Williams,Mehmet Okur,Ronnie Brewer,1,4:01,LAL,foul,,,,,,,,Andrei Kirilenko,,Ron Artest,,,,,,offensive,,
Derek Fisher,Lamar Odom,Pau Gasol,Ron Artest,Shannon Brown,Andrei Kirilenko,Carlos Boozer,Deron Williams,Mehmet Okur,Ronnie Brewer,1,4:01,LAL,turnover,,,,,,,,,,Ron Artest,,,foul,,,,,
Derek Fisher,Lamar Odom,Pau Gasol,Ron Artest,Shannon Brown,Andrei Kirilenko,Carlos Boozer,Deron Williams,Paul Millsap,Ronnie Brewer,1,4:01,UTA,sub,,,,Paul Millsap,,Mehmet Okur,,,,,,,,,,,,
Derek Fisher,Lamar Odom,Pau Gasol,Ron Artest,Shannon Brown,Andrei Kirilenko,Carlos Boozer,Deron Williams,Paul Millsap,Ronnie Brewer,1,3:49,UTA,shot,,,,,,,,,,Carlos Boozer,,,,missed,,jump,33,22
Derek Fisher,Lamar Odom,Pau Gasol,Ron Artest,Shannon Brown,Andrei Kirilenko,Carlos Boozer,Deron Williams,Paul Millsap,Ronnie Brewer,1,3:45,UTA,rebound,,,,,,,,,,Deron Williams,,,,,,off,,
Derek Fisher,Lamar Odom,Pau Gasol,Ron Artest,Shannon Brown,Andrei Kirilenko,Carlos Boozer,Deron Williams,Paul Millsap,Ronnie Brewer,1,3:44,UTA,shot,Deron Williams,,,,,,,,,Paul Millsap,2,,,made,,layup,25,6
Derek Fisher,Lamar Odom,Pau Gasol,Ron Artest,Shannon Brown,Andrei Kirilenko,Carlos Boozer,Deron Williams,Paul Millsap,Ronnie Brewer,1,3:29,LAL,shot,,,,,,,,,,Pau Gasol,,,,missed,,hook,22,11
Derek Fisher,Lamar Odom,Pau Gasol,Ron Artest,Shannon Brown,Andrei Kirilenko,Carlos Boozer,Deron Williams,Paul Millsap,Ronnie Brewer,1,3:27,UTA,rebound,,,,,,,,,,Paul Millsap,,,,,,def,,
Derek Fisher,Lamar Odom,Pau Gasol,Ron Artest,Shannon Brown,Andrei Kirilenko,Carlos Boozer,Deron Williams,Paul Millsap,Ronnie Brewer,1,3:18,UTA,shot,Ronnie Brewer,,,,,,,,,Paul Millsap,2,,,made,,reverse layup,25,6
Derek Fisher,Lamar Odom,Pau Gasol,Ron Artest,Shannon Brown,Andrei Kirilenko,Carlos Boozer,Deron Williams,Paul Millsap,Ronnie Brewer,1,3:07,LAL,timeout,,,,,,,,,,,,,,,,regular,,
Derek Fisher,Lamar Odom,Pau Gasol,Ron Artest,Shannon Brown,Andrei Kirilenko,Carlos Boozer,Paul Millsap,Ronnie Brewer,Ronnie Price,1,3:07,UTA,sub,,,,Ronnie Price,,Deron Williams,,,,,,,,,,,,
Jordan Farmar,Lamar Odom,Pau Gasol,Ron Artest,Shannon Brown,Andrei Kirilenko,Carlos Boozer,Paul Millsap,Ronnie Brewer,Ronnie Price,1,3:07,LAL,sub,,,,Jordan Farmar,,Derek Fisher,,,,,,,,,,,,
Jordan Farmar,Lamar Odom,Luke Walton,Pau Gasol,Shannon Brown,Andrei Kirilenko,Carlos Boozer,Paul Millsap,Ronnie Brewer,Ronnie Price,1,3:07,LAL,sub,,,,Luke Walton,,Ron Artest,,,,,,,,,,,,
Jordan Farmar,Lamar Odom,Luke Walton,Pau Gasol,Shannon Brown,Andrei Kirilenko,Carlos Boozer,Paul Millsap,Ronnie Brewer,Ronnie Price,1,2:52,LAL,shot,,,,,,,,,,Luke Walton,,,,missed,,jump,45,3
Jordan Farmar,Lamar Odom,Luke Walton,Pau Gasol,Shannon Brown,Andrei Kirilenko,Carlos Boozer,Paul Millsap,Ronnie Brewer,Ronnie Price,1,2:50,UTA,rebound,,,,,,,,,,Carlos Boozer,,,,,,def,,
Jordan Farmar,Lamar Odom,Luke Walton,Pau Gasol,Shannon Brown,Andrei Kirilenko,Carlos Boozer,Paul Millsap,Ronnie Brewer,Ronnie Price,1,2:32,UTA,turnover,,,,,,,,,,Paul Millsap,,,traveling,,,,,
Jordan Farmar,Lamar Odom,Luke Walton,Pau Gasol,Shannon Brown,Andrei Kirilenko,Carlos Boozer,Paul Millsap,Ronnie Brewer,Ronnie Price,1,2:16,LAL,shot,,,,,,,,,,Jordan Farmar,2,,,made,,jump,10,18
Jordan Farmar,Lamar Odom,Luke Walton,Pau Gasol,Shannon Brown,Andrei Kirilenko,Carlos Boozer,Paul Millsap,Ronnie Brewer,Ronnie Price,1,1:50,UTA,turnover,,,,,,,,,,Andrei Kirilenko,,,bad pass,,Luke Walton,,,
Jordan Farmar,Lamar Odom,Luke Walton,Pau Gasol,Shannon Brown,Andrei Kirilenko,Carlos Boozer,Paul Millsap,Ronnie Brewer,Ronnie Price,1,1:41,LAL,shot,,,,,,,,,,Luke Walton,,,,missed,,jump,36,24
Jordan Farmar,Lamar Odom,Luke Walton,Pau Gasol,Shannon Brown,Andrei Kirilenko,Carlos Boozer,Paul Millsap,Ronnie Brewer,Ronnie Price,1,1:39,UTA,rebound,,,,,,,,,,Ronnie Brewer,,,,,,def,,
Jordan Farmar,Lamar Odom,Luke Walton,Pau Gasol,Shannon Brown,Andrei Kirilenko,Carlos Boozer,Paul Millsap,Ronnie Brewer,Ronnie Price,1,1:32,UTA,shot,,,,,,,,,,Andrei Kirilenko,,,,missed,,layup,25,6
Jordan Farmar,Lamar Odom,Luke Walton,Pau Gasol,Shannon Brown,Andrei Kirilenko,Carlos Boozer,Paul Millsap,Ronnie Brewer,Ronnie Price,1,1:31,LAL,rebound,,,,,,,,,,Pau Gasol,,,,,,def,,
Jordan Farmar,Lamar Odom,Luke Walton,Pau Gasol,Shannon Brown,Andrei Kirilenko,Carlos Boozer,Paul Millsap,Ronnie Brewer,Ronnie Price,1,1:22,LAL,shot,,,,,,,,,,Shannon Brown,,,,missed,,3pt,48,8
Jordan Farmar,Lamar Odom,Luke Walton,Pau Gasol,Shannon Brown,Andrei Kirilenko,Carlos Boozer,Paul Millsap,Ronnie Brewer,Ronnie Price,1,1:21,UTA,rebound,,,,,,,,,,,,,,,,,,
Jordan Farmar,Lamar Odom,Luke Walton,Pau Gasol,Shannon Brown,C.J. Miles,Carlos Boozer,Paul Millsap,Ronnie Brewer,Ronnie Price,1,1:21,UTA,sub,,,,C.J. Miles,,Andrei Kirilenko,,,,,,,,,,,,
Jordan Farmar,Lamar Odom,Luke Walton,Pau Gasol,Shannon Brown,C.J. Miles,Carlos Boozer,Paul Millsap,Ronnie Brewer,Ronnie Price,1,1:03,UTA,turnover,,,,,,,,,,C.J. Miles,,,bad pass,,Pau Gasol,,,
Jordan Farmar,Lamar Odom,Luke Walton,Pau Gasol,Shannon Brown,C.J. Miles,Carlos Boozer,Paul Millsap,Ronnie Brewer,Ronnie Price,1,1:00,LAL,shot,Pau Gasol,,,,,,,,,Shannon Brown,2,,,made,,running slam dunk,25,6
Jordan Farmar,Lamar Odom,Luke Walton,Pau Gasol,Shannon Brown,C.J. Miles,Carlos Boozer,Paul Millsap,Ronnie Brewer,Ronnie Price,1,0:49,UTA,turnover,,,,,,,,,,Paul Millsap,,,bad pass,,Lamar Odom,,,
Jordan Farmar,Lamar Odom,Luke Walton,Pau Gasol,Shannon Brown,C.J. Miles,Carlos Boozer,Paul Millsap,Ronnie Brewer,Ronnie Price,1,0:42,LAL,shot,,,,,,,,,,Luke Walton,,,,missed,,jump,8,7
Jordan Farmar,Lamar Odom,Luke Walton,Pau Gasol,Shannon Brown,C.J. Miles,Carlos Boozer,Paul Millsap,Ronnie Brewer,Ronnie Price,1,0:41,LAL,rebound,,,,,,,,,,Lamar Odom,,,,,,off,,
Jordan Farmar,Lamar Odom,Luke Walton,Pau Gasol,Shannon Brown,C.J. Miles,Carlos Boozer,Paul Millsap,Ronnie Brewer,Ronnie Price,1,0:40,LAL,shot,,,,,,,,,,Lamar Odom,2,,,made,,layup,25,6
Jordan Farmar,Lamar Odom,Luke Walton,Pau Gasol,Shannon Brown,C.J. Miles,Carlos Boozer,Paul Millsap,Ronnie Brewer,Ronnie Price,1,0:40,UTA,foul,,,,,,,,Lamar Odom,,Paul Millsap,,,,,,shooting,,
Jordan Farmar,Lamar Odom,Pau Gasol,Sasha Vujacic,Shannon Brown,C.J. Miles,Carlos Boozer,Paul Millsap,Ronnie Brewer,Ronnie Price,1,0:40,LAL,sub,,,,Sasha Vujacic,,Luke Walton,,,,,,,,,,,,
Jordan Farmar,Lamar Odom,Pau Gasol,Sasha Vujacic,Shannon Brown,C.J. Miles,Carlos Boozer,Paul Millsap,Ronnie Brewer,Ronnie Price,1,0:40,LAL,free throw,,,,,,,1,,1,Lamar Odom,,,foul,made,,,,
Jordan Farmar,Lamar Odom,Pau Gasol,Sasha Vujacic,Shannon Brown,C.J. Miles,Carlos Boozer,Paul Millsap,Ronnie Brewer,Ronnie Price,1,0:32,UTA,shot,,,Pau Gasol,,,,,,,Carlos Boozer,,,,missed,,layup,25,6
Jordan Farmar,Lamar Odom,Pau Gasol,Sasha Vujacic,Shannon Brown,C.J. Miles,Carlos Boozer,Paul Millsap,Ronnie Brewer,Ronnie Price,1,0:30,LAL,rebound,,,,,,,,,,Lamar Odom,,,,,,def,,
Jordan Farmar,Lamar Odom,Pau Gasol,Sasha Vujacic,Shannon Brown,C.J. Miles,Carlos Boozer,Paul Millsap,Ronnie Brewer,Ronnie Price,1,0:27,LAL,shot,Shannon Brown,,,,,,,,,Pau Gasol,2,,,made,,alley oop layup,25,6
Jordan Farmar,Lamar Odom,Pau Gasol,Sasha Vujacic,Shannon Brown,C.J. Miles,Carlos Boozer,Paul Millsap,Ronnie Brewer,Ronnie Price,1,0:08,LAL,foul,,,,,,,,Ronnie Price,,Jordan Farmar,,,,,,personal,,
Jordan Farmar,Lamar Odom,Pau Gasol,Sasha Vujacic,Shannon Brown,C.J. Miles,Carlos Boozer,Paul Millsap,Ronnie Brewer,Ronnie Price,1,0:04,UTA,shot,,,Pau Gasol,,,,,,,Ronnie Brewer,,,,missed,,layup,25,6
Jordan Farmar,Lamar Odom,Pau Gasol,Sasha Vujacic,Shannon Brown,C.J. Miles,Carlos Boozer,Paul Millsap,Ronnie Brewer,Ronnie Price,1,0:02,LAL,rebound,,,,,,,,,,Pau Gasol,,,,,,def,,
Jordan Farmar,Lamar Odom,Pau Gasol,Sasha Vujacic,Shannon Brown,C.J. Miles,Carlos Boozer,Paul Millsap,Ronnie Brewer,Ronnie Price,1,0:00,LAL,shot,Sasha Vujacic,,,,,,,,,Jordan Farmar,3,,,made,,3pt,3,22
Jordan Farmar,Josh Powell,Pau Gasol,Sasha Vujacic,Shannon Brown,Andrei Kirilenko,C.J. Miles,Deron Williams,Paul Millsap,Wesley Matthews,2,11:53,LAL,foul,,,,,,,,Paul Millsap,,Sasha Vujacic,,,,,,personal,,
Jordan Farmar,Josh Powell,Pau Gasol,Sasha Vujacic,Shannon Brown,Andrei Kirilenko,C.J. Miles,Deron Williams,Paul Millsap,Wesley Matthews,2,11:45,UTA,shot,Deron Williams,,,,,,,,,C.J. Miles,2,,,made,,jump,11,20
Jordan Farmar,Josh Powell,Pau Gasol,Sasha Vujacic,Shannon Brown,Andrei Kirilenko,C.J. Miles,Deron Williams,Paul Millsap,Wesley Matthews,2,11:31,LAL,shot,,,,,,,,,,Shannon Brown,,,,missed,,3pt,26,31
Jordan Farmar,Josh Powell,Pau Gasol,Sasha Vujacic,Shannon Brown,Andrei Kirilenko,C.J. Miles,Deron Williams,Paul Millsap,Wesley Matthews,2,11:30,LAL,rebound,,,,,,,,,,Josh Powell,,,,,,off,,
Jordan Farmar,Josh Powell,Pau Gasol,Sasha Vujacic,Shannon Brown,Andrei Kirilenko,C.J. Miles,Deron Williams,Paul Millsap,Wesley Matthews,2,11:22,LAL,shot,Pau Gasol,,,,,,,,,Josh Powell,2,,,made,,jump,4,6
Jordan Farmar,Josh Powell,Pau Gasol,Sasha Vujacic,Shannon Brown,Andrei Kirilenko,C.J. Miles,Deron Williams,Paul Millsap,Wesley Matthews,2,11:08,UTA,shot,Deron Williams,,,,,,,,,Andrei Kirilenko,2,,,made,,jump,23,25
Jordan Farmar,Josh Powell,Pau Gasol,Sasha Vujacic,Shannon Brown,Andrei Kirilenko,C.J. Miles,Deron Williams,Paul Millsap,Wesley Matthews,2,10:50,LAL,shot,,,,,,,,,,Shannon Brown,,,,missed,,jump,34,24
Jordan Farmar,Josh Powell,Pau Gasol,Sasha Vujacic,Shannon Brown,Andrei Kirilenko,C.J. Miles,Deron Williams,Paul Millsap,Wesley Matthews,2,10:49,UTA,rebound,,,,,,,,,,Deron Williams,,,,,,def,,
Jordan Farmar,Josh Powell,Pau Gasol,Sasha Vujacic,Shannon Brown,Andrei Kirilenko,C.J. Miles,Deron Williams,Paul Millsap,Wesley Matthews,2,10:44,LAL,foul,,,,,,,,Deron Williams,,Jordan Farmar,,,,,,shooting,,
Jordan Farmar,Josh Powell,Pau Gasol,Sasha Vujacic,Shannon Brown,Andrei Kirilenko,C.J. Miles,Deron Williams,Paul Millsap,Wesley Matthews,2,10:44,UTA,free throw,,,,,,,1,,2,Deron Williams,,,foul,missed,,,,
Jordan Farmar,Josh Powell,Pau Gasol,Sasha Vujacic,Shannon Brown,Andrei Kirilenko,C.J. Miles,Deron Williams,Paul Millsap,Wesley Matthews,2,10:44,UTA,rebound,,,,,,,,,,,,,,,,,,
Jordan Farmar,Josh Powell,Pau Gasol,Sasha Vujacic,Shannon Brown,Andrei Kirilenko,C.J. Miles,Deron Williams,Paul Millsap,Wesley Matthews,2,10:44,UTA,free throw,,,,,,,2,,2,Deron Williams,,,foul,made,,,,
Jordan Farmar,Josh Powell,Pau Gasol,Sasha Vujacic,Shannon Brown,Andrei Kirilenko,C.J. Miles,Deron Williams,Paul Millsap,Wesley Matthews,2,10:36,LAL,shot,,,Andrei Kirilenko,,,,,,,Pau Gasol,,,,missed,,layup,25,6
Jordan Farmar,Josh Powell,Pau Gasol,Sasha Vujacic,Shannon Brown,Andrei Kirilenko,C.J. Miles,Deron Williams,Paul Millsap,Wesley Matthews,2,10:35,UTA,rebound,,,,,,,,,,Andrei Kirilenko,,,,,,def,,
Jordan Farmar,Josh Powell,Pau Gasol,Sasha Vujacic,Shannon Brown,Andrei Kirilenko,C.J. Miles,Deron Williams,Paul Millsap,Wesley Matthews,2,10:31,LAL,foul,,,,,,,,Paul Millsap,,Shannon Brown,,,,,,shooting,,
Jordan Farmar,Josh Powell,Pau Gasol,Sasha Vujacic,Shannon Brown,Andrei Kirilenko,C.J. Miles,Deron Williams,Paul Millsap,Wesley Matthews,2,10:31,UTA,free throw,,,,,,,1,,2,Paul Millsap,,,foul,missed,,,,
Jordan Farmar,Josh Powell,Pau Gasol,Sasha Vujacic,Shannon Brown,Andrei Kirilenko,C.J. Miles,Deron Williams,Paul Millsap,Wesley Matthews,2,10:31,UTA,rebound,,,,,,,,,,,,,,,,,,
Jordan Farmar,Josh Powell,Pau Gasol,Sasha Vujacic,Shannon Brown,Andrei Kirilenko,C.J. Miles,Deron Williams,Paul Millsap,Wesley Matthews,2,10:31,UTA,free throw,,,,,,,2,,2,Paul Millsap,,,foul,made,,,,
Jordan Farmar,Josh Powell,Pau Gasol,Sasha Vujacic,Shannon Brown,Andrei Kirilenko,C.J. Miles,Deron Williams,Paul Millsap,Wesley Matthews,2,10:18,LAL,shot,,,,,,,,,,Sasha Vujacic,,,,missed,,3pt,41,25
Jordan Farmar,Josh Powell,Pau Gasol,Sasha Vujacic,Shannon Brown,Andrei Kirilenko,C.J. Miles,Deron Williams,Paul Millsap,Wesley Matthews,2,10:16,LAL,rebound,,,,,,,,,,Pau Gasol,,,,,,off,,
Jordan Farmar,Josh Powell,Pau Gasol,Sasha Vujacic,Shannon Brown,Andrei Kirilenko,C.J. Miles,Deron Williams,Paul Millsap,Wesley Matthews,2,10:15,LAL,shot,,,Andrei Kirilenko,,,,,,,Pau Gasol,,,,missed,,dunk,25,6
Jordan Farmar,Josh Powell,Pau Gasol,Sasha Vujacic,Shannon Brown,Andrei Kirilenko,C.J. Miles,Deron Williams,Paul Millsap,Wesley Matthews,2,10:13,UTA,rebound,,,,,,,,,,,,,,,,,,
Jordan Farmar,Josh Powell,Pau Gasol,Sasha Vujacic,Shannon Brown,Andrei Kirilenko,C.J. Miles,Deron Williams,Paul Millsap,Wesley Matthews,2,10:07,UTA,shot,,,,,,,,,,Wesley Matthews,,,,missed,,layup,25,6
Jordan Farmar,Josh Powell,Pau Gasol,Sasha Vujacic,Shannon Brown,Andrei Kirilenko,C.J. Miles,Deron Williams,Paul Millsap,Wesley Matthews,2,10:06,LAL,rebound,,,,,,,,,,Sasha Vujacic,,,,,,def,,
Jordan Farmar,Josh Powell,Pau Gasol,Sasha Vujacic,Shannon Brown,Andrei Kirilenko,C.J. Miles,Deron Williams,Paul Millsap,Wesley Matthews,2,10:01,LAL,shot,Sasha Vujacic,,,,,,,,,Pau Gasol,2,,,made,,dunk,25,6
Jordan Farmar,Josh Powell,Pau Gasol,Sasha Vujacic,Shannon Brown,Andrei Kirilenko,C.J. Miles,Deron Williams,Paul Millsap,Wesley Matthews,2,9:43,UTA,turnover,,,,,,,,,,Deron Williams,,,bad pass,,Sasha Vujacic,,,
Jordan Farmar,Josh Powell,Pau Gasol,Sasha Vujacic,Shannon Brown,Andrei Kirilenko,C.J. Miles,Deron Williams,Paul Millsap,Wesley Matthews,2,9:36,LAL,shot,,,,,,,,,,Jordan Farmar,,,,missed,,layup,25,6
Jordan Farmar,Josh Powell,Pau Gasol,Sasha Vujacic,Shannon Brown,Andrei Kirilenko,C.J. Miles,Deron Williams,Paul Millsap,Wesley Matthews,2,9:35,LAL,rebound,,,,,,,,,,Josh Powell,,,,,,off,,
Jordan Farmar,Josh Powell,Pau Gasol,Sasha Vujacic,Shannon Brown,Andrei Kirilenko,C.J. Miles,Deron Williams,Paul Millsap,Wesley Matthews,2,9:35,UTA,foul,,,,,,,,Josh Powell,,Paul Millsap,,,,,,personal,,
Jordan Farmar,Josh Powell,Pau Gasol,Sasha Vujacic,Shannon Brown,Andrei Kirilenko,C.J. Miles,Deron Williams,Paul Millsap,Wesley Matthews,2,9:35,LAL,free throw,,,,,,,1,,2,Josh Powell,,,foul,made,,,,
D.J. Mbenga,Jordan Farmar,Josh Powell,Sasha Vujacic,Shannon Brown,Andrei Kirilenko,C.J. Miles,Deron Williams,Paul Millsap,Wesley Matthews,2,9:35,LAL,sub,,,,D.J. Mbenga,,Pau Gasol,,,,,,,,,,,,
D.J. Mbenga,Jordan Farmar,Josh Powell,Sasha Vujacic,Shannon Brown,Andrei Kirilenko,C.J. Miles,Carlos Boozer,Deron Williams,Wesley Matthews,2,9:35,UTA,sub,,,,Carlos Boozer,,Paul Millsap,,,,,,,,,,,,
D.J. Mbenga,Jordan Farmar,Josh Powell,Sasha Vujacic,Shannon Brown,Andrei Kirilenko,C.J. Miles,Carlos Boozer,Deron Williams,Wesley Matthews,2,9:35,LAL,free throw,,,,,,,2,,2,Josh Powell,,,foul,made,,,,
D.J. Mbenga,Jordan Farmar,Josh Powell,Sasha Vujacic,Shannon Brown,Andrei Kirilenko,C.J. Miles,Carlos Boozer,Deron Williams,Wesley Matthews,2,9:16,UTA,shot,C.J. Miles,,,,,,,,,Wesley Matthews,2,,,made,,dunk,25,6
D.J. Mbenga,Jordan Farmar,Josh Powell,Sasha Vujacic,Shannon Brown,Andrei Kirilenko,C.J. Miles,Carlos Boozer,Deron Williams,Wesley Matthews,2,8:59,LAL,shot,Sasha Vujacic,,,,,,,,,Jordan Farmar,3,,,made,,3pt,41,25
D.J. Mbenga,Jordan Farmar,Josh Powell,Sasha Vujacic,Shannon Brown,Andrei Kirilenko,C.J. Miles,Carlos Boozer,Deron Williams,Wesley Matthews,2,8:43,UTA,turnover,,,,,,,,,,C.J. Miles,,,lost ball,,Sasha Vujacic,,,
D.J. Mbenga,Jordan Farmar,Josh Powell,Sasha Vujacic,Shannon Brown,Andrei Kirilenko,C.J. Miles,Carlos Boozer,Deron Williams,Wesley Matthews,2,8:38,LAL,shot,Sasha Vujacic,,,,,,,,,D.J. Mbenga,2,,,made,,slam dunk,25,6
D.J. Mbenga,Jordan Farmar,Josh Powell,Sasha Vujacic,Shannon Brown,Andrei Kirilenko,C.J. Miles,Carlos Boozer,Deron Williams,Wesley Matthews,2,8:18,UTA,shot,,,,,,,,,,Carlos Boozer,,,,missed,,turnaround bank,32,9
D.J. Mbenga,Jordan Farmar,Josh Powell,Sasha Vujacic,Shannon Brown,Andrei Kirilenko,C.J. Miles,Carlos Boozer,Deron Williams,Wesley Matthews,2,8:17,LAL,rebound,,,,,,,,,,Sasha Vujacic,,,,,,def,,
D.J. Mbenga,Jordan Farmar,Josh Powell,Sasha Vujacic,Shannon Brown,Andrei Kirilenko,C.J. Miles,Carlos Boozer,Deron Williams,Wesley Matthews,2,7:53,LAL,shot,,,,,,,,,,Sasha Vujacic,,,,missed,,jump,14,7
D.J. Mbenga,Jordan Farmar,Josh Powell,Sasha Vujacic,Shannon Brown,Andrei Kirilenko,C.J. Miles,Carlos Boozer,Deron Williams,Wesley Matthews,2,7:53,LAL,rebound,,,,,,,,,,,,,,,,,,
D.J. Mbenga,Jordan Farmar,Josh Powell,Sasha Vujacic,Shannon Brown,Andrei Kirilenko,C.J. Miles,Carlos Boozer,Deron Williams,Wesley Matthews,2,7:53,LAL,turnover,,,,,,,,,,,,,shot clock turnover,,,,,
D.J. Mbenga,Jordan Farmar,Josh Powell,Sasha Vujacic,Shannon Brown,Andrei Kirilenko,C.J. Miles,Carlos Boozer,Deron Williams,Wesley Matthews,2,7:53,UTA,timeout,,,,,,,,,,,,,,,,official,,
D.J. Mbenga,Jordan Farmar,Josh Powell,Ron Artest,Sasha Vujacic,Andrei Kirilenko,C.J. Miles,Carlos Boozer,Deron Williams,Wesley Matthews,2,7:53,LAL,sub,,,,Ron Artest,,Shannon Brown,,,,,,,,,,,,
D.J. Mbenga,Jordan Farmar,Josh Powell,Ron Artest,Sasha Vujacic,Andrei Kirilenko,C.J. Miles,Carlos Boozer,Deron Williams,Wesley Matthews,2,7:31,UTA,shot,,,,,,,,,,C.J. Miles,2,,,made,,running jump,21,10
D.J. Mbenga,Jordan Farmar,Josh Powell,Ron Artest,Sasha Vujacic,Andrei Kirilenko,C.J. Miles,Carlos Boozer,Deron Williams,Wesley Matthews,2,7:15,LAL,shot,,,,,,,,,,Sasha Vujacic,,,,missed,,3pt,24,32
D.J. Mbenga,Jordan Farmar,Josh Powell,Ron Artest,Sasha Vujacic,Andrei Kirilenko,C.J. Miles,Carlos Boozer,Deron Williams,Wesley Matthews,2,7:13,LAL,rebound,,,,,,,,,,Ron Artest,,,,,,off,,
D.J. Mbenga,Jordan Farmar,Josh Powell,Ron Artest,Sasha Vujacic,Andrei Kirilenko,C.J. Miles,Carlos Boozer,Deron Williams,Wesley Matthews,2,7:02,LAL,shot,,,,,,,,,,Sasha Vujacic,2,,,made,,fade away jumper,43,3
D.J. Mbenga,Jordan Farmar,Josh Powell,Ron Artest,Sasha Vujacic,Andrei Kirilenko,C.J. Miles,Carlos Boozer,Deron Williams,Wesley Matthews,2,6:56,UTA,shot,Deron Williams,,,,,,,,,Carlos Boozer,2,,,made,,driving layup,25,6
D.J. Mbenga,Jordan Farmar,Josh Powell,Ron Artest,Sasha Vujacic,Andrei Kirilenko,C.J. Miles,Carlos Boozer,Deron Williams,Wesley Matthews,2,6:56,LAL,foul,,,,,,,,Carlos Boozer,,D.J. Mbenga,,,,,,shooting,,
D.J. Mbenga,Jordan Farmar,Josh Powell,Ron Artest,Sasha Vujacic,C.J. Miles,Carlos Boozer,Deron Williams,Mehmet Okur,Wesley Matthews,2,6:56,UTA,sub,,,,Mehmet Okur,,Andrei Kirilenko,,,,,,,,,,,,
D.J. Mbenga,Jordan Farmar,Josh Powell,Ron Artest,Sasha Vujacic,C.J. Miles,Carlos Boozer,Deron Williams,Mehmet Okur,Wesley Matthews,2,6:56,UTA,free throw,,,,,,,1,,1,Carlos Boozer,,,foul,missed,,,,
D.J. Mbenga,Jordan Farmar,Josh Powell,Ron Artest,Sasha Vujacic,C.J. Miles,Carlos Boozer,Deron Williams,Mehmet Okur,Wesley Matthews,2,6:55,LAL,rebound,,,,,,,,,,,,,,,,,,
D.J. Mbenga,Jordan Farmar,Josh Powell,Ron Artest,Sasha Vujacic,C.J. Miles,Carlos Boozer,Deron Williams,Mehmet Okur,Wesley Matthews,2,6:55,UTA,foul,,,,,,,,D.J. Mbenga,,Mehmet Okur,,,,,,loose ball,,
D.J. Mbenga,Jordan Farmar,Josh Powell,Ron Artest,Sasha Vujacic,C.J. Miles,Carlos Boozer,Deron Williams,Mehmet Okur,Wesley Matthews,2,6:40,LAL,shot,,,,,,,,,,D.J. Mbenga,,,,missed,,jump,40,15
D.J. Mbenga,Jordan Farmar,Josh Powell,Ron Artest,Sasha Vujacic,C.J. Miles,Carlos Boozer,Deron Williams,Mehmet Okur,Wesley Matthews,2,6:38,UTA,rebound,,,,,,,,,,Deron Williams,,,,,,def,,
D.J. Mbenga,Jordan Farmar,Josh Powell,Ron Artest,Sasha Vujacic,C.J. Miles,Carlos Boozer,Deron Williams,Mehmet Okur,Wesley Matthews,2,6:31,UTA,shot,,,,,,,,,,C.J. Miles,,,,missed,,3pt,5,21
D.J. Mbenga,Jordan Farmar,Josh Powell,Ron Artest,Sasha Vujacic,C.J. Miles,Carlos Boozer,Deron Williams,Mehmet Okur,Wesley Matthews,2,6:28,UTA,rebound,,,,,,,,,,Mehmet Okur,,,,,,off,,
D.J. Mbenga,Jordan Farmar,Josh Powell,Ron Artest,Sasha Vujacic,C.J. Miles,Carlos Boozer,Deron Williams,Mehmet Okur,Wesley Matthews,2,6:28,UTA,shot,,,,,,,,,,Mehmet Okur,2,,,made,,putback layup,25,6
D.J. Mbenga,Jordan Farmar,Josh Powell,Ron Artest,Sasha Vujacic,C.J. Miles,Carlos Boozer,Deron Williams,Mehmet Okur,Wesley Matthews,2,6:13,LAL,shot,,,,,,,,,,D.J. Mbenga,,,,missed,,jump,40,16
D.J. Mbenga,Jordan Farmar,Josh Powell,Ron Artest,Sasha Vujacic,C.J. Miles,Carlos Boozer,Deron Williams,Mehmet Okur,Wesley Matthews,2,6:11,UTA,rebound,,,,,,,,,,C.J. Miles,,,,,,def,,
D.J. Mbenga,Jordan Farmar,Josh Powell,Ron Artest,Sasha Vujacic,C.J. Miles,Carlos Boozer,Deron Williams,Mehmet Okur,Wesley Matthews,2,6:04,UTA,turnover,,,,,,,,,,Deron Williams,,,bad pass,,Sasha Vujacic,,,
D.J. Mbenga,Jordan Farmar,Josh Powell,Ron Artest,Sasha Vujacic,C.J. Miles,Carlos Boozer,Deron Williams,Mehmet Okur,Wesley Matthews,2,5:58,LAL,shot,Jordan Farmar,,,,,,,,,D.J. Mbenga,2,,,made,,slam dunk,25,6
D.J. Mbenga,Jordan Farmar,Josh Powell,Ron Artest,Sasha Vujacic,C.J. Miles,Carlos Boozer,Deron Williams,Mehmet Okur,Wesley Matthews,2,5:37,UTA,shot,,,,,,,,,,Deron Williams,,,,missed,,jump bank,21,8
D.J. Mbenga,Jordan Farmar,Josh Powell,Ron Artest,Sasha Vujacic,C.J. Miles,Carlos Boozer,Deron Williams,Mehmet Okur,Wesley Matthews,2,5:36,LAL,rebound,,,,,,,,,,Josh Powell,,,,,,def,,
D.J. Mbenga,Jordan Farmar,Josh Powell,Ron Artest,Sasha Vujacic,C.J. Miles,Carlos Boozer,Deron Williams,Mehmet Okur,Wesley Matthews,2,5:26,LAL,shot,,,,,,,,,,Jordan Farmar,2,,,made,,driving layup,25,6
D.J. Mbenga,Jordan Farmar,Josh Powell,Ron Artest,Sasha Vujacic,C.J. Miles,Carlos Boozer,Deron Williams,Mehmet Okur,Wesley Matthews,2,5:18,UTA,timeout,,,,,,,,,,,,,,,,regular,,
D.J. Mbenga,Jordan Farmar,Josh Powell,Ron Artest,Sasha Vujacic,Carlos Boozer,Deron Williams,Mehmet Okur,Ronnie Brewer,Wesley Matthews,2,5:18,UTA,sub,,,,Ronnie Brewer,,C.J. Miles,,,,,,,,,,,,
D.J. Mbenga,Jordan Farmar,Josh Powell,Ron Artest,Sasha Vujacic,Carlos Boozer,Deron Williams,Mehmet Okur,Paul Millsap,Ronnie Brewer,2,5:18,UTA,sub,,,,Paul Millsap,,Wesley Matthews,,,,,,,,,,,,
D.J. Mbenga,Derek Fisher,Josh Powell,Ron Artest,Sasha Vujacic,Carlos Boozer,Deron Williams,Mehmet Okur,Paul Millsap,Ronnie Brewer,2,5:18,LAL,sub,,,,Derek Fisher,,Jordan Farmar,,,,,,,,,,,,
D.J. Mbenga,Derek Fisher,Josh Powell,Pau Gasol,Sasha Vujacic,Carlos Boozer,Deron Williams,Mehmet Okur,Paul Millsap,Ronnie Brewer,2,5:18,LAL,sub,,,,Pau Gasol,,Ron Artest,,,,,,,,,,,,
D.J. Mbenga,Derek Fisher,Josh Powell,Pau Gasol,Shannon Brown,Carlos Boozer,Deron Williams,Mehmet Okur,Paul Millsap,Ronnie Brewer,2,5:18,LAL,sub,,,,Shannon Brown,,Sasha Vujacic,,,,,,,,,,,,
D.J. Mbenga,Derek Fisher,Lamar Odom,Pau Gasol,Shannon Brown,Carlos Boozer,Deron Williams,Mehmet Okur,Paul Millsap,Ronnie Brewer,2,5:18,LAL,sub,,,,Lamar Odom,,Josh Powell,,,,,,,,,,,,
Derek Fisher,Lamar Odom,Pau Gasol,Ron Artest,Shannon Brown,Carlos Boozer,Deron Williams,Mehmet Okur,Paul Millsap,Ronnie Brewer,2,5:18,LAL,sub,,,,Ron Artest,,D.J. Mbenga,,,,,,,,,,,,
Derek Fisher,Lamar Odom,Pau Gasol,Ron Artest,Shannon Brown,Carlos Boozer,Deron Williams,Mehmet Okur,Paul Millsap,Ronnie Brewer,2,5:15,UTA,shot,,,,,,,,,,Deron Williams,,,,missed,,jump,44,12
Derek Fisher,Lamar Odom,Pau Gasol,Ron Artest,Shannon Brown,Carlos Boozer,Deron Williams,Mehmet Okur,Paul Millsap,Ronnie Brewer,2,5:13,LAL,rebound,,,,,,,,,,Pau Gasol,,,,,,def,,
Derek Fisher,Lamar Odom,Pau Gasol,Ron Artest,Shannon Brown,Carlos Boozer,Deron Williams,Mehmet Okur,Paul Millsap,Ronnie Brewer,2,4:58,LAL,jump ball,,Ron Artest,,,Deron Williams,,,,,,,Ronnie Brewer,,,,,,
Derek Fisher,Lamar Odom,Pau Gasol,Ron Artest,Shannon Brown,Carlos Boozer,Deron Williams,Mehmet Okur,Paul Millsap,Ronnie Brewer,2,4:58,LAL,turnover,,,,,,,,,,Ron Artest,,,lost ball,,Deron Williams,,,
Derek Fisher,Lamar Odom,Pau Gasol,Ron Artest,Shannon Brown,Carlos Boozer,Deron Williams,Mehmet Okur,Paul Millsap,Ronnie Brewer,2,4:48,UTA,shot,,,,,,,,,,Deron Williams,2,,,made,,driving layup,25,6
Derek Fisher,Lamar Odom,Pau Gasol,Ron Artest,Shannon Brown,Carlos Boozer,Deron Williams,Mehmet Okur,Paul Millsap,Ronnie Brewer,2,4:20,LAL,shot,,,,,,,,,,Pau Gasol,2,,,made,,jump,44,14
Derek Fisher,Lamar Odom,Pau Gasol,Ron Artest,Shannon Brown,Carlos Boozer,Deron Williams,Mehmet Okur,Paul Millsap,Ronnie Brewer,2,4:09,UTA,shot,,,,,,,,,,Mehmet Okur,,,,missed,,3pt,38,26
Derek Fisher,Lamar Odom,Pau Gasol,Ron Artest,Shannon Brown,Carlos Boozer,Deron Williams,Mehmet Okur,Paul Millsap,Ronnie Brewer,2,4:08,LAL,rebound,,,,,,,,,,Pau Gasol,,,,,,def,,
Derek Fisher,Lamar Odom,Pau Gasol,Ron Artest,Shannon Brown,Carlos Boozer,Deron Williams,Mehmet Okur,Paul Millsap,Ronnie Brewer,2,3:51,LAL,shot,,,,,,,,,,Pau Gasol,,,,missed,,jump bank,40,14
Derek Fisher,Lamar Odom,Pau Gasol,Ron Artest,Shannon Brown,Carlos Boozer,Deron Williams,Mehmet Okur,Paul Millsap,Ronnie Brewer,2,3:50,UTA,rebound,,,,,,,,,,Carlos Boozer,,,,,,def,,
Derek Fisher,Lamar Odom,Pau Gasol,Ron Artest,Shannon Brown,Carlos Boozer,Deron Williams,Mehmet Okur,Paul Millsap,Ronnie Brewer,2,3:32,LAL,foul,,,,,,,,Carlos Boozer,,Lamar Odom,,,,,,shooting,,
Derek Fisher,Lamar Odom,Pau Gasol,Ron Artest,Shannon Brown,Carlos Boozer,Deron Williams,Mehmet Okur,Paul Millsap,Ronnie Brewer,2,3:32,UTA,free throw,,,,,,,1,,2,Carlos Boozer,,,foul,made,,,,
Derek Fisher,Lamar Odom,Pau Gasol,Ron Artest,Shannon Brown,Carlos Boozer,Deron Williams,Mehmet Okur,Paul Millsap,Ronnie Brewer,2,3:32,UTA,free throw,,,,,,,2,,2,Carlos Boozer,,,foul,missed,,,,
Derek Fisher,Lamar Odom,Pau Gasol,Ron Artest,Shannon Brown,Carlos Boozer,Deron Williams,Mehmet Okur,Paul Millsap,Ronnie Brewer,2,3:29,UTA,rebound,,,,,,,,,,Mehmet Okur,,,,,,off,,
Derek Fisher,Lamar Odom,Pau Gasol,Ron Artest,Shannon Brown,Carlos Boozer,Deron Williams,Mehmet Okur,Paul Millsap,Ronnie Brewer,2,3:29,UTA,shot,,,,,,,,,,Mehmet Okur,2,,,made,,layup,25,6
Derek Fisher,Lamar Odom,Pau Gasol,Ron Artest,Shannon Brown,Carlos Boozer,Deron Williams,Mehmet Okur,Paul Millsap,Ronnie Brewer,2,3:09,LAL,shot,,,,,,,,,,Ron Artest,,,,missed,,jump,38,23
Derek Fisher,Lamar Odom,Pau Gasol,Ron Artest,Shannon Brown,Carlos Boozer,Deron Williams,Mehmet Okur,Paul Millsap,Ronnie Brewer,2,3:08,UTA,rebound,,,,,,,,,,Carlos Boozer,,,,,,def,,
Derek Fisher,Lamar Odom,Pau Gasol,Ron Artest,Shannon Brown,Carlos Boozer,Deron Williams,Mehmet Okur,Paul Millsap,Ronnie Brewer,2,2:57,UTA,shot,,,,,,,,,,Carlos Boozer,,,,missed,,jump,25,14
Derek Fisher,Lamar Odom,Pau Gasol,Ron Artest,Shannon Brown,Carlos Boozer,Deron Williams,Mehmet Okur,Paul Millsap,Ronnie Brewer,2,2:57,UTA,rebound,,,,,,,,,,,,,,,,,,
Derek Fisher,Lamar Odom,Pau Gasol,Ron Artest,Shannon Brown,Carlos Boozer,Deron Williams,Mehmet Okur,Paul Millsap,Ronnie Brewer,2,2:57,LAL,foul,,,,,,,,Carlos Boozer,,Pau Gasol,,,,,,personal,,
Derek Fisher,Lamar Odom,Pau Gasol,Ron Artest,Shannon Brown,Carlos Boozer,Deron Williams,Mehmet Okur,Paul Millsap,Ronnie Brewer,2,2:57,LAL,timeout,,,,,,,,,,,,,,,,regular,,
Derek Fisher,Lamar Odom,Pau Gasol,Ron Artest,Shannon Brown,Carlos Boozer,Deron Williams,Mehmet Okur,Paul Millsap,Ronnie Brewer,2,2:57,UTA,free throw,,,,,,,1,,2,Carlos Boozer,,,foul,made,,,,
Derek Fisher,Lamar Odom,Pau Gasol,Ron Artest,Shannon Brown,Carlos Boozer,Deron Williams,Mehmet Okur,Paul Millsap,Ronnie Brewer,2,2:57,UTA,free throw,,,,,,,2,,2,Carlos Boozer,,,foul,missed,,,,
Derek Fisher,Lamar Odom,Pau Gasol,Ron Artest,Shannon Brown,Carlos Boozer,Deron Williams,Mehmet Okur,Paul Millsap,Ronnie Brewer,2,2:56,LAL,rebound,,,,,,,,,,Lamar Odom,,,,,,def,,
Derek Fisher,Lamar Odom,Pau Gasol,Ron Artest,Shannon Brown,Carlos Boozer,Deron Williams,Mehmet Okur,Paul Millsap,Ronnie Brewer,2,2:40,LAL,shot,,,,,,,,,,Lamar Odom,2,,,made,,jump hook,32,8
Derek Fisher,Lamar Odom,Pau Gasol,Ron Artest,Shannon Brown,Carlos Boozer,Deron Williams,Mehmet Okur,Paul Millsap,Ronnie Brewer,2,2:25,UTA,shot,,,,,,,,,,Deron Williams,,,,missed,,3pt,49,9
Derek Fisher,Lamar Odom,Pau Gasol,Ron Artest,Shannon Brown,Carlos Boozer,Deron Williams,Mehmet Okur,Paul Millsap,Ronnie Brewer,2,2:24,LAL,rebound,,,,,,,,,,Pau Gasol,,,,,,def,,
Derek Fisher,Lamar Odom,Pau Gasol,Ron Artest,Shannon Brown,Carlos Boozer,Deron Williams,Mehmet Okur,Paul Millsap,Ronnie Brewer,2,2:07,LAL,shot,,,,,,,,,,Ron Artest,2,,,made,,layup,25,6
Derek Fisher,Lamar Odom,Pau Gasol,Ron Artest,Shannon Brown,Carlos Boozer,Deron Williams,Mehmet Okur,Paul Millsap,Ronnie Brewer,2,1:42,UTA,turnover,,,,,,,,,,Mehmet Okur,,,lost ball,,Shannon Brown,,,
Derek Fisher,Lamar Odom,Pau Gasol,Ron Artest,Shannon Brown,Carlos Boozer,Deron Williams,Mehmet Okur,Paul Millsap,Ronnie Brewer,2,1:38,LAL,turnover,,,,,,,,,,Shannon Brown,,,lost ball,,Ronnie Brewer,,,
Derek Fisher,Lamar Odom,Pau Gasol,Ron Artest,Shannon Brown,Carlos Boozer,Deron Williams,Mehmet Okur,Paul Millsap,Ronnie Brewer,2,1:28,UTA,shot,,,,,,,,,,Carlos Boozer,,,,missed,,jump,26,10
Derek Fisher,Lamar Odom,Pau Gasol,Ron Artest,Shannon Brown,Carlos Boozer,Deron Williams,Mehmet Okur,Paul Millsap,Ronnie Brewer,2,1:27,UTA,rebound,,,,,,,,,,Deron Williams,,,,,,off,,
Derek Fisher,Lamar Odom,Pau Gasol,Ron Artest,Shannon Brown,Carlos Boozer,Deron Williams,Mehmet Okur,Paul Millsap,Ronnie Brewer,2,1:18,UTA,shot,,,Lamar Odom,,,,,,,Carlos Boozer,,,,missed,,layup,25,6
Derek Fisher,Lamar Odom,Pau Gasol,Ron Artest,Shannon Brown,Carlos Boozer,Deron Williams,Mehmet Okur,Paul Millsap,Ronnie Brewer,2,1:15,LAL,rebound,,,,,,,,,,Pau Gasol,,,,,,def,,
Derek Fisher,Lamar Odom,Pau Gasol,Ron Artest,Shannon Brown,Carlos Boozer,Deron Williams,Mehmet Okur,Paul Millsap,Ronnie Brewer,2,1:11,LAL,shot,,,,,,,,,,Shannon Brown,,,,missed,,jump,23,11
Derek Fisher,Lamar Odom,Pau Gasol,Ron Artest,Shannon Brown,Carlos Boozer,Deron Williams,Mehmet Okur,Paul Millsap,Ronnie Brewer,2,1:10,UTA,rebound,,,,,,,,,,Paul Millsap,,,,,,def,,
Derek Fisher,Lamar Odom,Pau Gasol,Ron Artest,Shannon Brown,Carlos Boozer,Deron Williams,Mehmet Okur,Paul Millsap,Ronnie Brewer,2,0:57,LAL,foul,,,,,,,,Carlos Boozer,,Lamar Odom,,,,,,shooting,,
Derek Fisher,Lamar Odom,Pau Gasol,Ron Artest,Shannon Brown,Carlos Boozer,Deron Williams,Mehmet Okur,Paul Millsap,Ronnie Brewer,2,0:57,UTA,free throw,,,,,,,1,,2,Carlos Boozer,,,foul,made,,,,
Derek Fisher,Lamar Odom,Pau Gasol,Ron Artest,Shannon Brown,Andrei Kirilenko,Carlos Boozer,Deron Williams,Mehmet Okur,Ronnie Brewer,2,0:57,UTA,sub,,,,Andrei Kirilenko,,Paul Millsap,,,,,,,,,,,,
Derek Fisher,Josh Powell,Pau Gasol,Ron Artest,Shannon Brown,Andrei Kirilenko,Carlos Boozer,Deron Williams,Mehmet Okur,Ronnie Brewer,2,0:57,LAL,sub,,,,Josh Powell,,Lamar Odom,,,,,,,,,,,,
Derek Fisher,Josh Powell,Pau Gasol,Ron Artest,Shannon Brown,Andrei Kirilenko,Carlos Boozer,Deron Williams,Mehmet Okur,Ronnie Brewer,2,0:57,UTA,free throw,,,,,,,2,,2,Carlos Boozer,,,foul,missed,,,,
Derek Fisher,Josh Powell,Pau Gasol,Ron Artest,Shannon Brown,Andrei Kirilenko,Carlos Boozer,Deron Williams,Mehmet Okur,Ronnie Brewer,2,0:56,LAL,rebound,,,,,,,,,,Ron Artest,,,,,,def,,
Derek Fisher,Josh Powell,Pau Gasol,Ron Artest,Shannon Brown,Andrei Kirilenko,Carlos Boozer,Deron Williams,Mehmet Okur,Ronnie Brewer,2,0:42,LAL,shot,,,Carlos Boozer,,,,,,,Derek Fisher,,,,missed,,layup,25,6
Derek Fisher,Josh Powell,Pau Gasol,Ron Artest,Shannon Brown,Andrei Kirilenko,Carlos Boozer,Deron Williams,Mehmet Okur,Ronnie Brewer,2,0:42,LAL,rebound,,,,,,,,,,Pau Gasol,,,,,,off,,
Derek Fisher,Josh Powell,Pau Gasol,Ron Artest,Shannon Brown,Andrei Kirilenko,Carlos Boozer,Deron Williams,Mehmet Okur,Ronnie Brewer,2,0:41,LAL,shot,,,,,,,,,,Pau Gasol,2,,,made,,tip,25,6
Derek Fisher,Josh Powell,Pau Gasol,Ron Artest,Shannon Brown,Andrei Kirilenko,Carlos Boozer,Deron Williams,Mehmet Okur,Ronnie Brewer,2,0:37,LAL,foul,,,,,,,,Deron Williams,,Ron Artest,,,,,,shooting,,
Derek Fisher,Josh Powell,Pau Gasol,Ron Artest,Shannon Brown,Andrei Kirilenko,Carlos Boozer,Deron Williams,Mehmet Okur,Ronnie Brewer,2,0:37,UTA,free throw,,,,,,,1,,2,Deron Williams,,,foul,made,,,,
Derek Fisher,Josh Powell,Pau Gasol,Ron Artest,Shannon Brown,Andrei Kirilenko,Carlos Boozer,Deron Williams,Mehmet Okur,Ronnie Brewer,2,0:37,UTA,free throw,,,,,,,2,,2,Deron Williams,,,foul,made,,,,
Derek Fisher,Josh Powell,Pau Gasol,Ron Artest,Shannon Brown,Andrei Kirilenko,Carlos Boozer,Deron Williams,Mehmet Okur,Ronnie Brewer,2,0:27,LAL,turnover,,,,,,,,,,Derek Fisher,,,poss lost ball turnover,,,,,
Derek Fisher,Josh Powell,Pau Gasol,Ron Artest,Shannon Brown,Andrei Kirilenko,Carlos Boozer,Deron Williams,Mehmet Okur,Ronnie Brewer,2,0:03,UTA,shot,,,,,,,,,,Ronnie Brewer,,,,missed,,3pt,14,28
Derek Fisher,Josh Powell,Pau Gasol,Ron Artest,Shannon Brown,Andrei Kirilenko,Carlos Boozer,Deron Williams,Mehmet Okur,Ronnie Brewer,2,0:00,UTA,rebound,,,,,,,,,,,,,,,,,,
Derek Fisher,Lamar Odom,Pau Gasol,Ron Artest,Shannon Brown,Andrei Kirilenko,Carlos Boozer,Deron Williams,Mehmet Okur,Ronnie Brewer,3,11:43,UTA,shot,Carlos Boozer,,,,,,,,,Andrei Kirilenko,2,,,made,,jump,44,19
Derek Fisher,Lamar Odom,Pau Gasol,Ron Artest,Shannon Brown,Andrei Kirilenko,Carlos Boozer,Deron Williams,Mehmet Okur,Ronnie Brewer,3,11:27,LAL,shot,,,,,,,,,,Shannon Brown,,,,missed,,layup,25,6
Derek Fisher,Lamar Odom,Pau Gasol,Ron Artest,Shannon Brown,Andrei Kirilenko,Carlos Boozer,Deron Williams,Mehmet Okur,Ronnie Brewer,3,11:26,UTA,rebound,,,,,,,,,,Deron Williams,,,,,,def,,
Derek Fisher,Lamar Odom,Pau Gasol,Ron Artest,Shannon Brown,Andrei Kirilenko,Carlos Boozer,Deron Williams,Mehmet Okur,Ronnie Brewer,3,11:11,UTA,shot,,,,,,,,,,Andrei Kirilenko,,,,missed,,running jump,25,10
Derek Fisher,Lamar Odom,Pau Gasol,Ron Artest,Shannon Brown,Andrei Kirilenko,Carlos Boozer,Deron Williams,Mehmet Okur,Ronnie Brewer,3,11:09,LAL,rebound,,,,,,,,,,,,,,,,,,
Derek Fisher,Lamar Odom,Pau Gasol,Ron Artest,Shannon Brown,Andrei Kirilenko,Carlos Boozer,Deron Williams,Mehmet Okur,Ronnie Brewer,3,10:56,UTA,foul,,,,,,,,,,Ronnie Brewer,,,,,,defense 3 second,,
Derek Fisher,Lamar Odom,Pau Gasol,Ron Artest,Shannon Brown,Andrei Kirilenko,Carlos Boozer,Deron Williams,Mehmet Okur,Ronnie Brewer,3,10:56,LAL,free throw,,,,,,,1,,1,Derek Fisher,,,technical,made,,,,
Derek Fisher,Lamar Odom,Pau Gasol,Ron Artest,Shannon Brown,Andrei Kirilenko,Carlos Boozer,Deron Williams,Mehmet Okur,Ronnie Brewer,3,10:45,LAL,shot,,,,,,,,,,Pau Gasol,2,,,made,,jump,36,8
Derek Fisher,Lamar Odom,Pau Gasol,Ron Artest,Shannon Brown,Andrei Kirilenko,Carlos Boozer,Deron Williams,Mehmet Okur,Ronnie Brewer,3,10:28,UTA,shot,Deron Williams,,,,,,,,,Andrei Kirilenko,2,,,made,,jump,35,26
Derek Fisher,Lamar Odom,Pau Gasol,Ron Artest,Shannon Brown,Andrei Kirilenko,Carlos Boozer,Deron Williams,Mehmet Okur,Ronnie Brewer,3,10:13,LAL,shot,,,,,,,,,,Derek Fisher,,,,missed,,jump,20,28
Derek Fisher,Lamar Odom,Pau Gasol,Ron Artest,Shannon Brown,Andrei Kirilenko,Carlos Boozer,Deron Williams,Mehmet Okur,Ronnie Brewer,3,10:12,UTA,rebound,,,,,,,,,,Carlos Boozer,,,,,,def,,
Derek Fisher,Lamar Odom,Pau Gasol,Ron Artest,Shannon Brown,Andrei Kirilenko,Carlos Boozer,Deron Williams,Mehmet Okur,Ronnie Brewer,3,10:06,LAL,foul,,,,,,,,Carlos Boozer,,Pau Gasol,,,,,,shooting,,
Derek Fisher,Lamar Odom,Pau Gasol,Ron Artest,Shannon Brown,Andrei Kirilenko,Carlos Boozer,Deron Williams,Mehmet Okur,Ronnie Brewer,3,10:06,UTA,free throw,,,,,,,1,,2,Carlos Boozer,,,foul,missed,,,,
Derek Fisher,Lamar Odom,Pau Gasol,Ron Artest,Shannon Brown,Andrei Kirilenko,Carlos Boozer,Deron Williams,Mehmet Okur,Ronnie Brewer,3,10:06,UTA,rebound,,,,,,,,,,,,,,,,,,
Derek Fisher,Lamar Odom,Pau Gasol,Ron Artest,Shannon Brown,Andrei Kirilenko,Carlos Boozer,Deron Williams,Mehmet Okur,Ronnie Brewer,3,10:06,UTA,free throw,,,,,,,2,,2,Carlos Boozer,,,foul,missed,,,,
Derek Fisher,Lamar Odom,Pau Gasol,Ron Artest,Shannon Brown,Andrei Kirilenko,Carlos Boozer,Deron Williams,Mehmet Okur,Ronnie Brewer,3,10:04,LAL,rebound,,,,,,,,,,Pau Gasol,,,,,,def,,
Derek Fisher,Lamar Odom,Pau Gasol,Ron Artest,Shannon Brown,Andrei Kirilenko,Carlos Boozer,Deron Williams,Mehmet Okur,Ronnie Brewer,3,9:43,LAL,turnover,,,,,,,,,,Lamar Odom,,,lost ball,,Ronnie Brewer,,,
Derek Fisher,Lamar Odom,Pau Gasol,Ron Artest,Shannon Brown,Andrei Kirilenko,Carlos Boozer,Deron Williams,Mehmet Okur,Ronnie Brewer,3,9:30,UTA,shot,,,,,,,,,,Deron Williams,,,,missed,,3pt,2,11
Derek Fisher,Lamar Odom,Pau Gasol,Ron Artest,Shannon Brown,Andrei Kirilenko,Carlos Boozer,Deron Williams,Mehmet Okur,Ronnie Brewer,3,9:29,LAL,rebound,,,,,,,,,,Derek Fisher,,,,,,def,,
Derek Fisher,Lamar Odom,Pau Gasol,Ron Artest,Shannon Brown,Andrei Kirilenko,Carlos Boozer,Deron Williams,Mehmet Okur,Ronnie Brewer,3,9:16,LAL,turnover,,,,,,,,,,Lamar Odom,,,traveling,,,,,
Derek Fisher,Lamar Odom,Pau Gasol,Ron Artest,Shannon Brown,Andrei Kirilenko,Carlos Boozer,Deron Williams,Mehmet Okur,Ronnie Brewer,3,9:03,UTA,shot,,,,,,,,,,Mehmet Okur,,,,missed,,jump,40,15
Derek Fisher,Lamar Odom,Pau Gasol,Ron Artest,Shannon Brown,Andrei Kirilenko,Carlos Boozer,Deron Williams,Mehmet Okur,Ronnie Brewer,3,9:02,LAL,rebound,,,,,,,,,,Lamar Odom,,,,,,def,,
Derek Fisher,Lamar Odom,Pau Gasol,Ron Artest,Shannon Brown,Andrei Kirilenko,Carlos Boozer,Deron Williams,Mehmet Okur,Ronnie Brewer,3,8:53,UTA,foul,,,,,,,,Lamar Odom,,Carlos Boozer,,,,,,personal,,
Derek Fisher,Lamar Odom,Pau Gasol,Ron Artest,Shannon Brown,Andrei Kirilenko,Carlos Boozer,Deron Williams,Mehmet Okur,Ronnie Brewer,3,8:53,LAL,timeout,,,,,,,,,,,,,,,,regular,,
Derek Fisher,Lamar Odom,Pau Gasol,Ron Artest,Shannon Brown,Andrei Kirilenko,Carlos Boozer,Deron Williams,Mehmet Okur,Ronnie Brewer,3,8:44,LAL,turnover,,,,,,,,,,Pau Gasol,,,bad pass,,Andrei Kirilenko,,,
Derek Fisher,Lamar Odom,Pau Gasol,Ron Artest,Shannon Brown,Andrei Kirilenko,Carlos Boozer,Deron Williams,Mehmet Okur,Ronnie Brewer,3,8:38,LAL,foul,,,,,,,,Mehmet Okur,,Pau Gasol,,,,,,shooting,,
Derek Fisher,Lamar Odom,Pau Gasol,Ron Artest,Shannon Brown,Andrei Kirilenko,Carlos Boozer,Deron Williams,Mehmet Okur,Ronnie Brewer,3,8:38,UTA,free throw,,,,,,,1,,2,Mehmet Okur,,,foul,missed,,,,
Derek Fisher,Lamar Odom,Pau Gasol,Ron Artest,Shannon Brown,Andrei Kirilenko,Carlos Boozer,Deron Williams,Mehmet Okur,Ronnie Brewer,3,8:38,UTA,rebound,,,,,,,,,,,,,,,,,,
Derek Fisher,Lamar Odom,Pau Gasol,Ron Artest,Shannon Brown,Andrei Kirilenko,Carlos Boozer,Deron Williams,Mehmet Okur,Ronnie Brewer,3,8:38,UTA,free throw,,,,,,,2,,2,Mehmet Okur,,,foul,missed,,,,
Derek Fisher,Lamar Odom,Pau Gasol,Ron Artest,Shannon Brown,Andrei Kirilenko,Carlos Boozer,Deron Williams,Mehmet Okur,Ronnie Brewer,3,8:37,LAL,rebound,,,,,,,,,,Pau Gasol,,,,,,def,,
Derek Fisher,Lamar Odom,Pau Gasol,Ron Artest,Shannon Brown,Andrei Kirilenko,Carlos Boozer,Deron Williams,Mehmet Okur,Ronnie Brewer,3,8:22,LAL,shot,,,,,,,,,,Ron Artest,,,,missed,,3pt,41,25
Derek Fisher,Lamar Odom,Pau Gasol,Ron Artest,Shannon Brown,Andrei Kirilenko,Carlos Boozer,Deron Williams,Mehmet Okur,Ronnie Brewer,3,8:20,UTA,rebound,,,,,,,,,,Andrei Kirilenko,,,,,,def,,
Derek Fisher,Lamar Odom,Pau Gasol,Ron Artest,Shannon Brown,Andrei Kirilenko,Carlos Boozer,Deron Williams,Mehmet Okur,Ronnie Brewer,3,8:08,UTA,turnover,,,,,,,,,,Carlos Boozer,,,3 second violation,,,,,
Derek Fisher,Lamar Odom,Pau Gasol,Ron Artest,Shannon Brown,Andrei Kirilenko,Carlos Boozer,Deron Williams,Mehmet Okur,Ronnie Brewer,3,7:54,LAL,shot,Derek Fisher,,,,,,,,,Pau Gasol,2,,,made,,jump,41,16
Derek Fisher,Lamar Odom,Pau Gasol,Ron Artest,Shannon Brown,Andrei Kirilenko,Carlos Boozer,Deron Williams,Mehmet Okur,Ronnie Brewer,3,7:38,UTA,shot,,,,,,,,,,Andrei Kirilenko,,,,missed,,jump,33,24
Derek Fisher,Lamar Odom,Pau Gasol,Ron Artest,Shannon Brown,Andrei Kirilenko,Carlos Boozer,Deron Williams,Mehmet Okur,Ronnie Brewer,3,7:37,LAL,rebound,,,,,,,,,,Pau Gasol,,,,,,def,,
Derek Fisher,Lamar Odom,Pau Gasol,Ron Artest,Shannon Brown,Andrei Kirilenko,Carlos Boozer,Deron Williams,Mehmet Okur,Ronnie Brewer,3,7:20,LAL,shot,,,,,,,,,,Shannon Brown,,,,missed,,3pt,36,29
Derek Fisher,Lamar Odom,Pau Gasol,Ron Artest,Shannon Brown,Andrei Kirilenko,Carlos Boozer,Deron Williams,Mehmet Okur,Ronnie Brewer,3,7:19,UTA,rebound,,,,,,,,,,Mehmet Okur,,,,,,def,,
Derek Fisher,Lamar Odom,Pau Gasol,Ron Artest,Shannon Brown,Andrei Kirilenko,Carlos Boozer,Deron Williams,Mehmet Okur,Ronnie Brewer,3,7:06,UTA,shot,,,,,,,,,,Carlos Boozer,,,,missed,,jump,40,15
Derek Fisher,Lamar Odom,Pau Gasol,Ron Artest,Shannon Brown,Andrei Kirilenko,Carlos Boozer,Deron Williams,Mehmet Okur,Ronnie Brewer,3,7:05,LAL,rebound,,,,,,,,,,Derek Fisher,,,,,,def,,
Derek Fisher,Lamar Odom,Pau Gasol,Ron Artest,Shannon Brown,Andrei Kirilenko,Carlos Boozer,Deron Williams,Mehmet Okur,Ronnie Brewer,3,6:54,UTA,foul,,,,,,,,Derek Fisher,,Deron Williams,,,,,,shooting,,
Derek Fisher,Lamar Odom,Pau Gasol,Ron Artest,Shannon Brown,Andrei Kirilenko,Carlos Boozer,Deron Williams,Mehmet Okur,Ronnie Brewer,3,6:54,LAL,free throw,,,,,,,1,,2,Derek Fisher,,,foul,missed,,,,
Derek Fisher,Lamar Odom,Pau Gasol,Ron Artest,Shannon Brown,Andrei Kirilenko,Carlos Boozer,Deron Williams,Mehmet Okur,Ronnie Brewer,3,6:54,LAL,rebound,,,,,,,,,,,,,,,,,,
Derek Fisher,Lamar Odom,Pau Gasol,Ron Artest,Shannon Brown,Andrei Kirilenko,Carlos Boozer,Deron Williams,Mehmet Okur,Ronnie Brewer,3,6:54,LAL,free throw,,,,,,,2,,2,Derek Fisher,,,foul,made,,,,
Derek Fisher,Lamar Odom,Pau Gasol,Ron Artest,Shannon Brown,Andrei Kirilenko,Carlos Boozer,Deron Williams,Mehmet Okur,Ronnie Brewer,3,6:31,UTA,shot,,,,,,,,,,Ronnie Brewer,2,,,made,,jump,28,24
Derek Fisher,Lamar Odom,Pau Gasol,Ron Artest,Shannon Brown,Andrei Kirilenko,Carlos Boozer,Deron Williams,Mehmet Okur,Ronnie Brewer,3,6:17,UTA,foul,,,,,,,,Ron Artest,,Andrei Kirilenko,,,,,,shooting,,
Derek Fisher,Lamar Odom,Pau Gasol,Ron Artest,Shannon Brown,Andrei Kirilenko,Carlos Boozer,Deron Williams,Mehmet Okur,Ronnie Brewer,3,6:17,LAL,free throw,,,,,,,1,,2,Ron Artest,,,foul,made,,,,
Derek Fisher,Lamar Odom,Pau Gasol,Ron Artest,Shannon Brown,Andrei Kirilenko,Carlos Boozer,Deron Williams,Mehmet Okur,Ronnie Brewer,3,6:17,LAL,free throw,,,,,,,2,,2,Ron Artest,,,foul,missed,,,,
Derek Fisher,Lamar Odom,Pau Gasol,Ron Artest,Shannon Brown,Andrei Kirilenko,Carlos Boozer,Deron Williams,Mehmet Okur,Ronnie Brewer,3,6:16,UTA,rebound,,,,,,,,,,Carlos Boozer,,,,,,def,,
Derek Fisher,Lamar Odom,Pau Gasol,Ron Artest,Shannon Brown,Andrei Kirilenko,Carlos Boozer,Deron Williams,Mehmet Okur,Ronnie Brewer,3,6:07,UTA,foul,,,,,,,,Derek Fisher,,Andrei Kirilenko,,,,,,offensive,,
Derek Fisher,Lamar Odom,Pau Gasol,Ron Artest,Shannon Brown,Andrei Kirilenko,Carlos Boozer,Deron Williams,Mehmet Okur,Ronnie Brewer,3,6:07,UTA,turnover,,,,,,,,,,Andrei Kirilenko,,,foul,,,,,
Derek Fisher,Lamar Odom,Pau Gasol,Ron Artest,Shannon Brown,Andrei Kirilenko,Carlos Boozer,Deron Williams,Mehmet Okur,Ronnie Brewer,3,5:46,LAL,turnover,,,,,,,,,,Derek Fisher,,,lost ball,,Deron Williams,,,
Derek Fisher,Lamar Odom,Pau Gasol,Ron Artest,Shannon Brown,Andrei Kirilenko,Carlos Boozer,Deron Williams,Mehmet Okur,Ronnie Brewer,3,5:31,UTA,shot,,,,,,,,,,Andrei Kirilenko,,,,missed,,3pt,12,26
Derek Fisher,Lamar Odom,Pau Gasol,Ron Artest,Shannon Brown,Andrei Kirilenko,Carlos Boozer,Deron Williams,Mehmet Okur,Ronnie Brewer,3,5:30,LAL,rebound,,,,,,,,,,Pau Gasol,,,,,,def,,
Derek Fisher,Lamar Odom,Pau Gasol,Ron Artest,Shannon Brown,Andrei Kirilenko,Carlos Boozer,Deron Williams,Mehmet Okur,Ronnie Brewer,3,5:12,LAL,shot,Pau Gasol,,,,,,,,,Shannon Brown,2,,,made,,dunk,25,6
Derek Fisher,Lamar Odom,Pau Gasol,Ron Artest,Shannon Brown,Andrei Kirilenko,Carlos Boozer,Deron Williams,Mehmet Okur,Ronnie Brewer,3,4:52,UTA,shot,,,Lamar Odom,,,,,,,Mehmet Okur,,,,missed,,layup,25,6
Derek Fisher,Lamar Odom,Pau Gasol,Ron Artest,Shannon Brown,Andrei Kirilenko,Carlos Boozer,Deron Williams,Mehmet Okur,Ronnie Brewer,3,4:51,LAL,rebound,,,,,,,,,,Lamar Odom,,,,,,def,,
Derek Fisher,Lamar Odom,Pau Gasol,Ron Artest,Shannon Brown,Andrei Kirilenko,Carlos Boozer,Deron Williams,Mehmet Okur,Ronnie Brewer,3,4:38,LAL,shot,,,,,,,,,,Ron Artest,,,,missed,,3pt,11,25
Derek Fisher,Lamar Odom,Pau Gasol,Ron Artest,Shannon Brown,Andrei Kirilenko,Carlos Boozer,Deron Williams,Mehmet Okur,Ronnie Brewer,3,4:37,UTA,rebound,,,,,,,,,,Deron Williams,,,,,,def,,
Derek Fisher,Lamar Odom,Pau Gasol,Ron Artest,Shannon Brown,Andrei Kirilenko,Carlos Boozer,Deron Williams,Mehmet Okur,Ronnie Brewer,3,4:30,LAL,foul,,,,,,,,Deron Williams,,Derek Fisher,,,,,,shooting,,
Derek Fisher,Lamar Odom,Pau Gasol,Ron Artest,Shannon Brown,Andrei Kirilenko,Carlos Boozer,Deron Williams,Paul Millsap,Ronnie Brewer,3,4:30,UTA,sub,,,,Paul Millsap,,Mehmet Okur,,,,,,,,,,,,
Derek Fisher,Lamar Odom,Pau Gasol,Ron Artest,Shannon Brown,C.J. Miles,Carlos Boozer,Deron Williams,Paul Millsap,Ronnie Brewer,3,4:30,UTA,sub,,,,C.J. Miles,,Andrei Kirilenko,,,,,,,,,,,,
Derek Fisher,Lamar Odom,Pau Gasol,Ron Artest,Shannon Brown,C.J. Miles,Carlos Boozer,Deron Williams,Paul Millsap,Ronnie Brewer,3,4:30,UTA,free throw,,,,,,,1,,2,Deron Williams,,,foul,made,,,,
Derek Fisher,Lamar Odom,Pau Gasol,Sasha Vujacic,Shannon Brown,C.J. Miles,Carlos Boozer,Deron Williams,Paul Millsap,Ronnie Brewer,3,4:30,LAL,sub,,,,Sasha Vujacic,,Ron Artest,,,,,,,,,,,,
Derek Fisher,Lamar Odom,Pau Gasol,Sasha Vujacic,Shannon Brown,C.J. Miles,Carlos Boozer,Deron Williams,Kyle Korver,Paul Millsap,3,4:30,UTA,sub,,,,Kyle Korver,,Ronnie Brewer,,,,,,,,,,,,
Derek Fisher,Lamar Odom,Pau Gasol,Sasha Vujacic,Shannon Brown,C.J. Miles,Carlos Boozer,Deron Williams,Kyle Korver,Paul Millsap,3,4:30,UTA,free throw,,,,,,,2,,2,Deron Williams,,,foul,made,,,,
Derek Fisher,Lamar Odom,Pau Gasol,Sasha Vujacic,Shannon Brown,C.J. Miles,Carlos Boozer,Deron Williams,Kyle Korver,Paul Millsap,3,4:14,UTA,foul,,,,,,,,Pau Gasol,,Carlos Boozer,,,,,,shooting,,
Derek Fisher,Lamar Odom,Pau Gasol,Sasha Vujacic,Shannon Brown,C.J. Miles,Carlos Boozer,Deron Williams,Kyle Korver,Paul Millsap,3,4:14,LAL,free throw,,,,,,,1,,2,Pau Gasol,,,foul,made,,,,
Derek Fisher,Lamar Odom,Pau Gasol,Sasha Vujacic,Shannon Brown,C.J. Miles,Carlos Boozer,Deron Williams,Kyle Korver,Paul Millsap,3,4:14,LAL,free throw,,,,,,,2,,2,Pau Gasol,,,foul,made,,,,
Derek Fisher,Lamar Odom,Pau Gasol,Sasha Vujacic,Shannon Brown,C.J. Miles,Carlos Boozer,Deron Williams,Kyle Korver,Paul Millsap,3,4:03,LAL,foul,,,,,,,,Deron Williams,,Shannon Brown,,,,,,personal,,
Derek Fisher,Lamar Odom,Pau Gasol,Sasha Vujacic,Shannon Brown,C.J. Miles,Carlos Boozer,Deron Williams,Kyle Korver,Paul Millsap,3,4:03,UTA,foul,,,,,,,,Derek Fisher,,C.J. Miles,,,,,,offensive,,
Derek Fisher,Lamar Odom,Pau Gasol,Sasha Vujacic,Shannon Brown,C.J. Miles,Carlos Boozer,Deron Williams,Kyle Korver,Paul Millsap,3,4:03,UTA,turnover,,,,,,,,,,C.J. Miles,,,foul,,,,,
Derek Fisher,Lamar Odom,Pau Gasol,Sasha Vujacic,Shannon Brown,C.J. Miles,Carlos Boozer,Deron Williams,Kyle Korver,Paul Millsap,3,3:41,LAL,shot,,,,,,,,,,Shannon Brown,,,,missed,,fade away jumper,21,15
Derek Fisher,Lamar Odom,Pau Gasol,Sasha Vujacic,Shannon Brown,C.J. Miles,Carlos Boozer,Deron Williams,Kyle Korver,Paul Millsap,3,3:40,UTA,rebound,,,,,,,,,,Carlos Boozer,,,,,,def,,
Derek Fisher,Lamar Odom,Pau Gasol,Sasha Vujacic,Shannon Brown,C.J. Miles,Carlos Boozer,Deron Williams,Kyle Korver,Paul Millsap,3,3:35,UTA,shot,,,,,,,,,,Deron Williams,2,,,made,,jump,34,21
Derek Fisher,Lamar Odom,Pau Gasol,Sasha Vujacic,Shannon Brown,C.J. Miles,Carlos Boozer,Deron Williams,Kyle Korver,Paul Millsap,3,3:18,LAL,shot,,,,,,,,,,Lamar Odom,2,,,made,,layup,25,6
Derek Fisher,Lamar Odom,Pau Gasol,Sasha Vujacic,Shannon Brown,C.J. Miles,Carlos Boozer,Deron Williams,Kyle Korver,Paul Millsap,3,3:18,UTA,foul,,,,,,,,Lamar Odom,,Paul Millsap,,,,,,shooting,,
Derek Fisher,Lamar Odom,Pau Gasol,Sasha Vujacic,Shannon Brown,C.J. Miles,Carlos Boozer,Deron Williams,Kyle Korver,Paul Millsap,3,3:18,LAL,free throw,,,,,,,1,,1,Lamar Odom,,,foul,made,,,,
Derek Fisher,Lamar Odom,Pau Gasol,Sasha Vujacic,Shannon Brown,C.J. Miles,Carlos Boozer,Deron Williams,Kyle Korver,Paul Millsap,3,3:06,LAL,foul,,,,,,,,Kyle Korver,,Sasha Vujacic,,,,,,shooting,,
Derek Fisher,Lamar Odom,Pau Gasol,Sasha Vujacic,Shannon Brown,C.J. Miles,Carlos Boozer,Deron Williams,Kyle Korver,Paul Millsap,3,3:06,UTA,free throw,,,,,,,1,,2,Kyle Korver,,,foul,made,,,,
Derek Fisher,Lamar Odom,Pau Gasol,Sasha Vujacic,Shannon Brown,C.J. Miles,Carlos Boozer,Deron Williams,Kyle Korver,Paul Millsap,3,3:06,UTA,free throw,,,,,,,2,,2,Kyle Korver,,,foul,made,,,,
Derek Fisher,Lamar Odom,Pau Gasol,Sasha Vujacic,Shannon Brown,C.J. Miles,Carlos Boozer,Deron Williams,Kyle Korver,Paul Millsap,3,2:58,UTA,foul,,,,,,,,Lamar Odom,,Paul Millsap,,,,,,shooting,,
Derek Fisher,Lamar Odom,Pau Gasol,Sasha Vujacic,Shannon Brown,C.J. Miles,Carlos Boozer,Deron Williams,Kyle Korver,Paul Millsap,3,2:58,UTA,timeout,,,,,,,,,,,,,,,,regular,,
Derek Fisher,Lamar Odom,Pau Gasol,Sasha Vujacic,Shannon Brown,C.J. Miles,Carlos Boozer,Kyle Korver,Paul Millsap,Ronnie Price,3,2:58,UTA,sub,,,,Ronnie Price,,Deron Williams,,,,,,,,,,,,
Derek Fisher,Lamar Odom,Pau Gasol,Sasha Vujacic,Shannon Brown,Andrei Kirilenko,C.J. Miles,Carlos Boozer,Kyle Korver,Ronnie Price,3,2:58,UTA,sub,,,,Andrei Kirilenko,,Paul Millsap,,,,,,,,,,,,
Jordan Farmar,Lamar Odom,Pau Gasol,Sasha Vujacic,Shannon Brown,Andrei Kirilenko,C.J. Miles,Carlos Boozer,Kyle Korver,Ronnie Price,3,2:58,LAL,sub,,,,Jordan Farmar,,Derek Fisher,,,,,,,,,,,,
Jordan Farmar,Lamar Odom,Pau Gasol,Sasha Vujacic,Shannon Brown,Andrei Kirilenko,C.J. Miles,Carlos Boozer,Kyle Korver,Ronnie Price,3,2:58,LAL,free throw,,,,,,,1,,2,Lamar Odom,,,foul,made,,,,
Jordan Farmar,Lamar Odom,Pau Gasol,Sasha Vujacic,Shannon Brown,Andrei Kirilenko,C.J. Miles,Carlos Boozer,Kyle Korver,Ronnie Price,3,2:58,LAL,free throw,,,,,,,2,,2,Lamar Odom,,,foul,made,,,,
Jordan Farmar,Lamar Odom,Pau Gasol,Sasha Vujacic,Shannon Brown,Andrei Kirilenko,C.J. Miles,Carlos Boozer,Kyle Korver,Ronnie Price,3,2:36,UTA,shot,Andrei Kirilenko,,,,,,,,,C.J. Miles,2,,,made,,jump,46,6
Jordan Farmar,Lamar Odom,Pau Gasol,Sasha Vujacic,Shannon Brown,Andrei Kirilenko,C.J. Miles,Carlos Boozer,Kyle Korver,Ronnie Price,3,2:19,LAL,turnover,,,,,,,,,,Pau Gasol,,,3 second violation,,,,,
Jordan Farmar,Lamar Odom,Pau Gasol,Sasha Vujacic,Shannon Brown,Andrei Kirilenko,C.J. Miles,Carlos Boozer,Kyle Korver,Ronnie Price,3,2:08,UTA,shot,,,,,,,,,,Kyle Korver,,,,missed,,jump,34,23
Jordan Farmar,Lamar Odom,Pau Gasol,Sasha Vujacic,Shannon Brown,Andrei Kirilenko,C.J. Miles,Carlos Boozer,Kyle Korver,Ronnie Price,3,2:07,LAL,rebound,,,,,,,,,,Lamar Odom,,,,,,def,,
Jordan Farmar,Lamar Odom,Pau Gasol,Sasha Vujacic,Shannon Brown,Andrei Kirilenko,C.J. Miles,Carlos Boozer,Kyle Korver,Ronnie Price,3,2:02,UTA,foul,,,,,,,,Lamar Odom,,C.J. Miles,,,,,,shooting,,
Jordan Farmar,Lamar Odom,Pau Gasol,Sasha Vujacic,Shannon Brown,Andrei Kirilenko,C.J. Miles,Carlos Boozer,Kyle Korver,Ronnie Price,3,2:02,LAL,free throw,,,,,,,1,,2,Lamar Odom,,,foul,made,,,,
Jordan Farmar,Lamar Odom,Pau Gasol,Sasha Vujacic,Shannon Brown,Andrei Kirilenko,C.J. Miles,Carlos Boozer,Kyle Korver,Ronnie Price,3,2:02,LAL,free throw,,,,,,,2,,2,Lamar Odom,,,foul,missed,,,,
Jordan Farmar,Lamar Odom,Pau Gasol,Sasha Vujacic,Shannon Brown,Andrei Kirilenko,C.J. Miles,Carlos Boozer,Kyle Korver,Ronnie Price,3,2:01,UTA,rebound,,,,,,,,,,Andrei Kirilenko,,,,,,def,,
Jordan Farmar,Lamar Odom,Pau Gasol,Sasha Vujacic,Shannon Brown,Andrei Kirilenko,C.J. Miles,Carlos Boozer,Kyle Korver,Ronnie Price,3,1:50,UTA,shot,,,,,,,,,,Kyle Korver,,,,missed,,jump,29,24
Jordan Farmar,Lamar Odom,Pau Gasol,Sasha Vujacic,Shannon Brown,Andrei Kirilenko,C.J. Miles,Carlos Boozer,Kyle Korver,Ronnie Price,3,1:49,LAL,rebound,,,,,,,,,,Shannon Brown,,,,,,def,,
Jordan Farmar,Lamar Odom,Pau Gasol,Sasha Vujacic,Shannon Brown,Andrei Kirilenko,C.J. Miles,Carlos Boozer,Kyle Korver,Ronnie Price,3,1:30,LAL,shot,Shannon Brown,,,,,,,,,Jordan Farmar,3,,,made,,3pt,41,26
Jordan Farmar,Lamar Odom,Pau Gasol,Sasha Vujacic,Shannon Brown,Andrei Kirilenko,C.J. Miles,Carlos Boozer,Kyle Korver,Ronnie Price,3,1:17,UTA,turnover,,,,,,,,,,Kyle Korver,,,poss lost ball turnover,,,,,
Jordan Farmar,Lamar Odom,Pau Gasol,Sasha Vujacic,Shannon Brown,Andrei Kirilenko,C.J. Miles,Carlos Boozer,Kyle Korver,Ronnie Price,3,1:17,UTA,foul,,,,,,,,Sasha Vujacic,,Kyle Korver,,,,,,loose ball,,
Jordan Farmar,Lamar Odom,Pau Gasol,Sasha Vujacic,Shannon Brown,Andrei Kirilenko,C.J. Miles,Carlos Boozer,Kyle Korver,Ronnie Price,3,1:17,LAL,free throw,,,,,,,1,,2,Sasha Vujacic,,,foul,missed,,,,
Jordan Farmar,Lamar Odom,Pau Gasol,Sasha Vujacic,Shannon Brown,Andrei Kirilenko,C.J. Miles,Carlos Boozer,Kyle Korver,Ronnie Price,3,1:17,LAL,rebound,,,,,,,,,,,,,,,,,,
Jordan Farmar,Pau Gasol,Ron Artest,Sasha Vujacic,Shannon Brown,Andrei Kirilenko,C.J. Miles,Carlos Boozer,Kyle Korver,Ronnie Price,3,1:17,LAL,sub,,,,Ron Artest,,Lamar Odom,,,,,,,,,,,,
Jordan Farmar,Pau Gasol,Ron Artest,Sasha Vujacic,Shannon Brown,Andrei Kirilenko,C.J. Miles,Carlos Boozer,Kyle Korver,Ronnie Price,3,1:17,LAL,free throw,,,,,,,2,,2,Sasha Vujacic,,,foul,missed,,,,
Jordan Farmar,Pau Gasol,Ron Artest,Sasha Vujacic,Shannon Brown,Andrei Kirilenko,C.J. Miles,Carlos Boozer,Kyle Korver,Ronnie Price,3,1:16,UTA,rebound,,,,,,,,,,C.J. Miles,,,,,,def,,
Jordan Farmar,Pau Gasol,Ron Artest,Sasha Vujacic,Shannon Brown,Andrei Kirilenko,C.J. Miles,Carlos Boozer,Kyle Korver,Ronnie Price,3,1:04,UTA,shot,,,,,,,,,,C.J. Miles,,,,missed,,3pt,16,29
Jordan Farmar,Pau Gasol,Ron Artest,Sasha Vujacic,Shannon Brown,Andrei Kirilenko,C.J. Miles,Carlos Boozer,Kyle Korver,Ronnie Price,3,1:02,LAL,rebound,,,,,,,,,,Pau Gasol,,,,,,def,,
Jordan Farmar,Pau Gasol,Ron Artest,Sasha Vujacic,Shannon Brown,Andrei Kirilenko,C.J. Miles,Carlos Boozer,Kyle Korver,Ronnie Price,3,0:48,LAL,shot,,,Andrei Kirilenko,,,,,,,Jordan Farmar,,,,missed,,layup,25,6
Jordan Farmar,Pau Gasol,Ron Artest,Sasha Vujacic,Shannon Brown,Andrei Kirilenko,C.J. Miles,Carlos Boozer,Kyle Korver,Ronnie Price,3,0:46,UTA,rebound,,,,,,,,,,Carlos Boozer,,,,,,def,,
Jordan Farmar,Pau Gasol,Ron Artest,Sasha Vujacic,Shannon Brown,Andrei Kirilenko,C.J. Miles,Carlos Boozer,Kyle Korver,Ronnie Price,3,0:41,UTA,shot,,,,,,,,,,Andrei Kirilenko,2,,,made,,driving layup,25,6
Jordan Farmar,Pau Gasol,Ron Artest,Sasha Vujacic,Shannon Brown,Andrei Kirilenko,C.J. Miles,Carlos Boozer,Kyle Korver,Ronnie Price,3,0:21,LAL,shot,,,Ronnie Price,,,,,,,Jordan Farmar,,,,missed,,jump,6,7
Jordan Farmar,Pau Gasol,Ron Artest,Sasha Vujacic,Shannon Brown,Andrei Kirilenko,C.J. Miles,Carlos Boozer,Kyle Korver,Ronnie Price,3,0:20,UTA,rebound,,,,,,,,,,,,,,,,,,
Jordan Farmar,Pau Gasol,Ron Artest,Sasha Vujacic,Shannon Brown,Andrei Kirilenko,C.J. Miles,Carlos Boozer,Kyle Korver,Ronnie Price,3,0:03,UTA,shot,,,,,,,,,,Ronnie Price,,,,missed,,jump,17,27
Jordan Farmar,Pau Gasol,Ron Artest,Sasha Vujacic,Shannon Brown,Andrei Kirilenko,C.J. Miles,Carlos Boozer,Kyle Korver,Ronnie Price,3,0:02,UTA,rebound,,,,,,,,,,Andrei Kirilenko,,,,,,off,,
Jordan Farmar,Pau Gasol,Ron Artest,Sasha Vujacic,Shannon Brown,Andrei Kirilenko,C.J. Miles,Carlos Boozer,Kyle Korver,Ronnie Price,3,0:02,UTA,shot,,,,,,,,,,Carlos Boozer,,,,missed,,jump,34,24
Jordan Farmar,Pau Gasol,Ron Artest,Sasha Vujacic,Shannon Brown,Andrei Kirilenko,C.J. Miles,Carlos Boozer,Kyle Korver,Ronnie Price,3,0:00,UTA,rebound,,,,,,,,,,,,,,,,,,
Jordan Farmar,Luke Walton,Pau Gasol,Ron Artest,Sasha Vujacic,Andrei Kirilenko,Deron Williams,Mehmet Okur,Ronnie Price,Wesley Matthews,4,12:00,UTA,foul,,,,,,,,,,Ronnie Price,,,,,,technical,,
Jordan Farmar,Luke Walton,Pau Gasol,Ron Artest,Sasha Vujacic,Andrei Kirilenko,Deron Williams,Mehmet Okur,Ronnie Price,Wesley Matthews,4,12:00,LAL,free throw,,,,,,,1,,1,Sasha Vujacic,,,technical,made,,,,
Jordan Farmar,Luke Walton,Pau Gasol,Ron Artest,Sasha Vujacic,Andrei Kirilenko,Deron Williams,Mehmet Okur,Ronnie Price,Wesley Matthews,4,11:42,LAL,turnover,,,,,,,,,,Pau Gasol,,,bad pass,,,,,
Jordan Farmar,Luke Walton,Pau Gasol,Ron Artest,Sasha Vujacic,Andrei Kirilenko,Deron Williams,Mehmet Okur,Ronnie Price,Wesley Matthews,4,11:27,UTA,shot,Wesley Matthews,,,,,,,,,Ronnie Price,2,,,made,,jump,46,7
Jordan Farmar,Luke Walton,Pau Gasol,Ron Artest,Sasha Vujacic,Andrei Kirilenko,Deron Williams,Mehmet Okur,Ronnie Price,Wesley Matthews,4,11:05,LAL,turnover,,,,,,,,,,Pau Gasol,,,bad pass,,Wesley Matthews,,,
Jordan Farmar,Luke Walton,Pau Gasol,Ron Artest,Sasha Vujacic,Andrei Kirilenko,Deron Williams,Mehmet Okur,Ronnie Price,Wesley Matthews,4,10:47,UTA,shot,Andrei Kirilenko,,,,,,,,,Wesley Matthews,2,,,made,,jump,17,7
Jordan Farmar,Luke Walton,Pau Gasol,Ron Artest,Sasha Vujacic,Andrei Kirilenko,Deron Williams,Mehmet Okur,Ronnie Price,Wesley Matthews,4,10:24,LAL,shot,,,,,,,,,,Luke Walton,,,,missed,,fade away jumper,14,6
Jordan Farmar,Luke Walton,Pau Gasol,Ron Artest,Sasha Vujacic,Andrei Kirilenko,Deron Williams,Mehmet Okur,Ronnie Price,Wesley Matthews,4,10:22,LAL,rebound,,,,,,,,,,Pau Gasol,,,,,,off,,
Jordan Farmar,Luke Walton,Pau Gasol,Ron Artest,Sasha Vujacic,Andrei Kirilenko,Deron Williams,Mehmet Okur,Ronnie Price,Wesley Matthews,4,10:16,LAL,foul,,,,,,,,Ronnie Price,,Sasha Vujacic,,,,,,offensive,,
Jordan Farmar,Luke Walton,Pau Gasol,Ron Artest,Sasha Vujacic,Andrei Kirilenko,Deron Williams,Mehmet Okur,Ronnie Price,Wesley Matthews,4,10:16,LAL,turnover,,,,,,,,,,Sasha Vujacic,,,foul,,,,,
Jordan Farmar,Luke Walton,Pau Gasol,Ron Artest,Sasha Vujacic,Andrei Kirilenko,Deron Williams,Mehmet Okur,Ronnie Price,Wesley Matthews,4,9:55,UTA,shot,,,Pau Gasol,,,,,,,Andrei Kirilenko,,,,missed,,layup,25,6
Jordan Farmar,Luke Walton,Pau Gasol,Ron Artest,Sasha Vujacic,Andrei Kirilenko,Deron Williams,Mehmet Okur,Ronnie Price,Wesley Matthews,4,9:53,LAL,rebound,,,,,,,,,,Jordan Farmar,,,,,,def,,
Jordan Farmar,Luke Walton,Pau Gasol,Ron Artest,Sasha Vujacic,Andrei Kirilenko,Deron Williams,Mehmet Okur,Ronnie Price,Wesley Matthews,4,9:37,LAL,turnover,,,,,,,,,,Pau Gasol,,,bad pass,,Deron Williams,,,
Jordan Farmar,Luke Walton,Pau Gasol,Ron Artest,Sasha Vujacic,Andrei Kirilenko,Deron Williams,Mehmet Okur,Ronnie Price,Wesley Matthews,4,9:37,LAL,foul,,,,,,,,Ronnie Price,,Sasha Vujacic,,,,,,personal,,
Jordan Farmar,Luke Walton,Pau Gasol,Ron Artest,Sasha Vujacic,Andrei Kirilenko,Deron Williams,Mehmet Okur,Ronnie Price,Wesley Matthews,4,9:24,UTA,turnover,,,,,,,,,,Mehmet Okur,,,bad pass,,,,,
Jordan Farmar,Luke Walton,Pau Gasol,Ron Artest,Sasha Vujacic,Andrei Kirilenko,Deron Williams,Mehmet Okur,Ronnie Price,Wesley Matthews,4,9:24,LAL,timeout,,,,,,,,,,,,,,,,regular,,
Jordan Farmar,Luke Walton,Pau Gasol,Ron Artest,Sasha Vujacic,Andrei Kirilenko,Deron Williams,Mehmet Okur,Ronnie Price,Wesley Matthews,4,9:14,LAL,turnover,,,,,,,,,,Jordan Farmar,,,bad pass,,Wesley Matthews,,,
Jordan Farmar,Luke Walton,Pau Gasol,Ron Artest,Sasha Vujacic,Andrei Kirilenko,Deron Williams,Mehmet Okur,Ronnie Price,Wesley Matthews,4,9:11,UTA,shot,,,,,,,,,,Wesley Matthews,2,,,made,,running slam dunk,25,6
Jordan Farmar,Luke Walton,Pau Gasol,Ron Artest,Sasha Vujacic,Andrei Kirilenko,Deron Williams,Mehmet Okur,Ronnie Price,Wesley Matthews,4,8:44,LAL,shot,,,,,,,,,,Luke Walton,,,,missed,,jump,16,8
Jordan Farmar,Luke Walton,Pau Gasol,Ron Artest,Sasha Vujacic,Andrei Kirilenko,Deron Williams,Mehmet Okur,Ronnie Price,Wesley Matthews,4,8:42,LAL,rebound,,,,,,,,,,,,,,,,,,
Jordan Farmar,Pau Gasol,Ron Artest,Sasha Vujacic,Shannon Brown,Andrei Kirilenko,Deron Williams,Mehmet Okur,Ronnie Price,Wesley Matthews,4,8:42,LAL,sub,,,,Shannon Brown,,Luke Walton,,,,,,,,,,,,
Jordan Farmar,Lamar Odom,Ron Artest,Sasha Vujacic,Shannon Brown,Andrei Kirilenko,Deron Williams,Mehmet Okur,Ronnie Price,Wesley Matthews,4,8:42,LAL,sub,,,,Lamar Odom,,Pau Gasol,,,,,,,,,,,,
Jordan Farmar,Lamar Odom,Ron Artest,Sasha Vujacic,Shannon Brown,Andrei Kirilenko,Deron Williams,Mehmet Okur,Ronnie Price,Wesley Matthews,4,8:38,UTA,foul,,,,,,,,Lamar Odom,,Ronnie Price,,,,,,shooting,,
Jordan Farmar,Lamar Odom,Ron Artest,Sasha Vujacic,Shannon Brown,Andrei Kirilenko,Deron Williams,Mehmet Okur,Ronnie Price,Wesley Matthews,4,8:38,LAL,free throw,,,,,,,1,,2,Lamar Odom,,,foul,made,,,,
Jordan Farmar,Lamar Odom,Ron Artest,Sasha Vujacic,Shannon Brown,Andrei Kirilenko,Deron Williams,Paul Millsap,Ronnie Price,Wesley Matthews,4,8:38,UTA,sub,,,,Paul Millsap,,Mehmet Okur,,,,,,,,,,,,
Jordan Farmar,Josh Powell,Lamar Odom,Ron Artest,Shannon Brown,Andrei Kirilenko,Deron Williams,Paul Millsap,Ronnie Price,Wesley Matthews,4,8:38,LAL,sub,,,,Josh Powell,,Sasha Vujacic,,,,,,,,,,,,
Jordan Farmar,Josh Powell,Lamar Odom,Ron Artest,Shannon Brown,Andrei Kirilenko,Deron Williams,Paul Millsap,Ronnie Price,Wesley Matthews,4,8:38,LAL,free throw,,,,,,,2,,2,Lamar Odom,,,foul,made,,,,
Jordan Farmar,Josh Powell,Lamar Odom,Ron Artest,Shannon Brown,Andrei Kirilenko,Deron Williams,Paul Millsap,Ronnie Price,Wesley Matthews,4,8:21,UTA,turnover,,,,,,,,,,Ronnie Price,,,bad pass,,Lamar Odom,,,
Jordan Farmar,Josh Powell,Lamar Odom,Ron Artest,Shannon Brown,Andrei Kirilenko,Deron Williams,Paul Millsap,Ronnie Price,Wesley Matthews,4,8:14,LAL,foul,,,,,,,,Paul Millsap,,Jordan Farmar,,,,,,offensive,,
Jordan Farmar,Josh Powell,Lamar Odom,Ron Artest,Shannon Brown,Andrei Kirilenko,Deron Williams,Paul Millsap,Ronnie Price,Wesley Matthews,4,8:14,LAL,turnover,,,,,,,,,,Jordan Farmar,,,foul,,,,,
Jordan Farmar,Josh Powell,Lamar Odom,Ron Artest,Shannon Brown,Andrei Kirilenko,Deron Williams,Paul Millsap,Ronnie Price,Wesley Matthews,4,7:53,UTA,shot,,,,,,,,,,Wesley Matthews,2,,,made,,driving layup,25,6
Jordan Farmar,Josh Powell,Lamar Odom,Ron Artest,Shannon Brown,Andrei Kirilenko,Deron Williams,Paul Millsap,Ronnie Price,Wesley Matthews,4,7:33,LAL,shot,,,,,,,,,,Shannon Brown,,,,missed,,jump,15,25
Jordan Farmar,Josh Powell,Lamar Odom,Ron Artest,Shannon Brown,Andrei Kirilenko,Deron Williams,Paul Millsap,Ronnie Price,Wesley Matthews,4,7:32,UTA,rebound,,,,,,,,,,Ronnie Price,,,,,,def,,
Jordan Farmar,Josh Powell,Lamar Odom,Ron Artest,Shannon Brown,Andrei Kirilenko,Deron Williams,Paul Millsap,Ronnie Price,Wesley Matthews,4,7:26,LAL,foul,,,,,,,,Paul Millsap,,Josh Powell,,,,,,personal,,
Jordan Farmar,Josh Powell,Lamar Odom,Ron Artest,Shannon Brown,Andrei Kirilenko,Deron Williams,Paul Millsap,Ronnie Price,Wesley Matthews,4,7:18,UTA,shot,Ronnie Price,,,,,,,,,Andrei Kirilenko,2,,,made,,jump,16,22
Jordan Farmar,Josh Powell,Lamar Odom,Ron Artest,Shannon Brown,Andrei Kirilenko,Deron Williams,Paul Millsap,Ronnie Price,Wesley Matthews,4,7:02,UTA,foul,,,,,,,,Josh Powell,,Ronnie Price,,,,,,personal,,
Jordan Farmar,Josh Powell,Lamar Odom,Ron Artest,Shannon Brown,Andrei Kirilenko,Deron Williams,Paul Millsap,Ronnie Price,Wesley Matthews,4,6:50,LAL,shot,,,,,,,,,,Jordan Farmar,3,,,made,,3pt,4,19
Jordan Farmar,Josh Powell,Lamar Odom,Ron Artest,Shannon Brown,Andrei Kirilenko,Deron Williams,Paul Millsap,Ronnie Price,Wesley Matthews,4,6:37,UTA,shot,Deron Williams,,,,,,,,,Paul Millsap,2,,,made,,layup,25,6
Jordan Farmar,Josh Powell,Lamar Odom,Ron Artest,Shannon Brown,Andrei Kirilenko,Deron Williams,Paul Millsap,Ronnie Price,Wesley Matthews,4,6:10,LAL,shot,Ron Artest,,,,,,,,,Lamar Odom,2,,,made,,jump,40,16
Jordan Farmar,Josh Powell,Lamar Odom,Ron Artest,Shannon Brown,Andrei Kirilenko,Deron Williams,Paul Millsap,Ronnie Price,Wesley Matthews,4,5:50,UTA,shot,,,,,,,,,,Ronnie Price,,,,missed,,3pt,36,29
Jordan Farmar,Josh Powell,Lamar Odom,Ron Artest,Shannon Brown,Andrei Kirilenko,Deron Williams,Paul Millsap,Ronnie Price,Wesley Matthews,4,5:49,LAL,rebound,,,,,,,,,,Lamar Odom,,,,,,def,,
Jordan Farmar,Josh Powell,Lamar Odom,Ron Artest,Shannon Brown,Andrei Kirilenko,Deron Williams,Paul Millsap,Ronnie Price,Wesley Matthews,4,5:34,LAL,shot,,,Andrei Kirilenko,,,,,,,Shannon Brown,,,,missed,,layup,25,6
Jordan Farmar,Josh Powell,Lamar Odom,Ron Artest,Shannon Brown,Andrei Kirilenko,Deron Williams,Paul Millsap,Ronnie Price,Wesley Matthews,4,5:34,LAL,rebound,,,,,,,,,,,,,,,,,,
Jordan Farmar,Josh Powell,Lamar Odom,Ron Artest,Shannon Brown,Andrei Kirilenko,Deron Williams,Paul Millsap,Ronnie Price,Wesley Matthews,4,5:34,LAL,timeout,,,,,,,,,,,,,,,,official,,
Jordan Farmar,Lamar Odom,Pau Gasol,Ron Artest,Shannon Brown,Andrei Kirilenko,Deron Williams,Paul Millsap,Ronnie Price,Wesley Matthews,4,5:34,LAL,sub,,,,Pau Gasol,,Josh Powell,,,,,,,,,,,,
Derek Fisher,Jordan Farmar,Lamar Odom,Pau Gasol,Ron Artest,Andrei Kirilenko,Deron Williams,Paul Millsap,Ronnie Price,Wesley Matthews,4,5:34,LAL,sub,,,,Derek Fisher,,Shannon Brown,,,,,,,,,,,,
Derek Fisher,Jordan Farmar,Lamar Odom,Pau Gasol,Ron Artest,Andrei Kirilenko,Deron Williams,Paul Millsap,Ronnie Price,Wesley Matthews,4,5:31,LAL,shot,Ron Artest,,,,,,,,,Pau Gasol,2,,,made,,turnaround jump,21,15
Derek Fisher,Jordan Farmar,Lamar Odom,Pau Gasol,Ron Artest,Andrei Kirilenko,Deron Williams,Paul Millsap,Ronnie Price,Wesley Matthews,4,5:17,UTA,foul,,,,,,,,Derek Fisher,,Paul Millsap,,,,,,offensive,,
Derek Fisher,Jordan Farmar,Lamar Odom,Pau Gasol,Ron Artest,Andrei Kirilenko,Deron Williams,Paul Millsap,Ronnie Price,Wesley Matthews,4,5:17,UTA,turnover,,,,,,,,,,Paul Millsap,,,foul,,,,,
Derek Fisher,Jordan Farmar,Lamar Odom,Pau Gasol,Ron Artest,Andrei Kirilenko,Deron Williams,Paul Millsap,Ronnie Price,Wesley Matthews,4,5:01,LAL,shot,,,,,,,,,,Pau Gasol,2,,,made,,jump bank,33,8
Derek Fisher,Jordan Farmar,Lamar Odom,Pau Gasol,Ron Artest,Andrei Kirilenko,Deron Williams,Paul Millsap,Ronnie Price,Wesley Matthews,4,4:47,UTA,shot,Deron Williams,,,,,,,,,Andrei Kirilenko,3,,,made,,3pt,13,28
Derek Fisher,Jordan Farmar,Lamar Odom,Pau Gasol,Ron Artest,Andrei Kirilenko,Deron Williams,Paul Millsap,Ronnie Price,Wesley Matthews,4,4:23,LAL,shot,,,,,,,,,,Derek Fisher,,,,missed,,running bank,36,10
Derek Fisher,Jordan Farmar,Lamar Odom,Pau Gasol,Ron Artest,Andrei Kirilenko,Deron Williams,Paul Millsap,Ronnie Price,Wesley Matthews,4,4:22,UTA,rebound,,,,,,,,,,Andrei Kirilenko,,,,,,def,,
Derek Fisher,Jordan Farmar,Lamar Odom,Pau Gasol,Ron Artest,Andrei Kirilenko,Deron Williams,Paul Millsap,Ronnie Price,Wesley Matthews,4,4:16,UTA,shot,,,,,,,,,,Paul Millsap,,,,missed,,layup,25,6
Derek Fisher,Jordan Farmar,Lamar Odom,Pau Gasol,Ron Artest,Andrei Kirilenko,Deron Williams,Paul Millsap,Ronnie Price,Wesley Matthews,4,4:14,UTA,rebound,,,,,,,,,,Paul Millsap,,,,,,off,,
Derek Fisher,Jordan Farmar,Lamar Odom,Pau Gasol,Ron Artest,Andrei Kirilenko,Deron Williams,Paul Millsap,Ronnie Price,Wesley Matthews,4,4:14,UTA,shot,,,,,,,,,,Paul Millsap,2,,,made,,layup,25,6
Derek Fisher,Jordan Farmar,Lamar Odom,Pau Gasol,Ron Artest,Andrei Kirilenko,Deron Williams,Paul Millsap,Ronnie Price,Wesley Matthews,4,3:54,LAL,shot,Ron Artest,,,,,,,,,Jordan Farmar,2,,,made,,driving layup,25,6
Derek Fisher,Jordan Farmar,Lamar Odom,Pau Gasol,Ron Artest,Andrei Kirilenko,Deron Williams,Paul Millsap,Ronnie Price,Wesley Matthews,4,3:34,UTA,shot,,,,,,,,,,Deron Williams,,,,missed,,jump,30,22
Derek Fisher,Jordan Farmar,Lamar Odom,Pau Gasol,Ron Artest,Andrei Kirilenko,Deron Williams,Paul Millsap,Ronnie Price,Wesley Matthews,4,3:33,LAL,rebound,,,,,,,,,,Pau Gasol,,,,,,def,,
Derek Fisher,Jordan Farmar,Lamar Odom,Pau Gasol,Ron Artest,Andrei Kirilenko,Deron Williams,Paul Millsap,Ronnie Price,Wesley Matthews,4,3:20,LAL,shot,,,,,,,,,,Derek Fisher,2,,,made,,driving layup,25,6
Derek Fisher,Jordan Farmar,Lamar Odom,Pau Gasol,Ron Artest,Andrei Kirilenko,Deron Williams,Paul Millsap,Ronnie Price,Wesley Matthews,4,3:12,UTA,turnover,,,,,,,,,,Deron Williams,,,bad pass,,Lamar Odom,,,
Derek Fisher,Jordan Farmar,Lamar Odom,Pau Gasol,Ron Artest,Andrei Kirilenko,Deron Williams,Paul Millsap,Ronnie Price,Wesley Matthews,4,2:54,LAL,turnover,,,,,,,,,,Pau Gasol,,,lost ball,,Wesley Matthews,,,
Derek Fisher,Jordan Farmar,Lamar Odom,Pau Gasol,Ron Artest,Andrei Kirilenko,Deron Williams,Paul Millsap,Ronnie Price,Wesley Matthews,4,2:50,LAL,foul,,,,,,,,Ronnie Price,,Ron Artest,,,,,,shooting,,
Derek Fisher,Jordan Farmar,Lamar Odom,Pau Gasol,Ron Artest,Andrei Kirilenko,Deron Williams,Paul Millsap,Ronnie Price,Wesley Matthews,4,2:50,UTA,timeout,,,,,,,,,,,,,,,,regular,,
Derek Fisher,Jordan Farmar,Lamar Odom,Pau Gasol,Ron Artest,Andrei Kirilenko,Paul Millsap,Ronnie Price,Sundiata Gaines,Wesley Matthews,4,2:50,UTA,sub,,,,Sundiata Gaines,,Deron Williams,,,,,,,,,,,,
Derek Fisher,Jordan Farmar,Lamar Odom,Pau Gasol,Ron Artest,C.J. Miles,Paul Millsap,Ronnie Price,Sundiata Gaines,Wesley Matthews,4,2:50,UTA,sub,,,,C.J. Miles,,Andrei Kirilenko,,,,,,,,,,,,
Derek Fisher,Jordan Farmar,Lamar Odom,Pau Gasol,Ron Artest,C.J. Miles,Kyrylo Fesenko,Ronnie Price,Sundiata Gaines,Wesley Matthews,4,2:50,UTA,sub,,,,Kyrylo Fesenko,,Paul Millsap,,,,,,,,,,,,
Derek Fisher,Jordan Farmar,Lamar Odom,Pau Gasol,Ron Artest,C.J. Miles,Kyrylo Fesenko,Ronnie Price,Sundiata Gaines,Wesley Matthews,4,2:50,UTA,free throw,,,,,,,1,,2,Ronnie Price,,,foul,made,,,,
Derek Fisher,Jordan Farmar,Lamar Odom,Pau Gasol,Ron Artest,C.J. Miles,Kyrylo Fesenko,Ronnie Price,Sundiata Gaines,Wesley Matthews,4,2:50,UTA,free throw,,,,,,,2,,2,Ronnie Price,,,foul,made,,,,
Derek Fisher,Jordan Farmar,Lamar Odom,Pau Gasol,Ron Artest,C.J. Miles,Kyrylo Fesenko,Ronnie Price,Sundiata Gaines,Wesley Matthews,4,2:32,LAL,shot,,,,,,,,,,Jordan Farmar,,,,missed,,jump,22,25
Derek Fisher,Jordan Farmar,Lamar Odom,Pau Gasol,Ron Artest,C.J. Miles,Kyrylo Fesenko,Ronnie Price,Sundiata Gaines,Wesley Matthews,4,2:31,UTA,rebound,,,,,,,,,,,,,,,,,,
Derek Fisher,Jordan Farmar,Lamar Odom,Pau Gasol,Ron Artest,C.J. Miles,Kyrylo Fesenko,Ronnie Price,Sundiata Gaines,Wesley Matthews,4,2:31,LAL,foul,,,,,,,,Kyrylo Fesenko,,Pau Gasol,,,,,,personal,,
Derek Fisher,Jordan Farmar,Lamar Odom,Pau Gasol,Ron Artest,C.J. Miles,Kyle Korver,Kyrylo Fesenko,Sundiata Gaines,Wesley Matthews,4,2:31,UTA,sub,,,,Kyle Korver,,Ronnie Price,,,,,,,,,,,,
Derek Fisher,Jordan Farmar,Lamar Odom,Pau Gasol,Ron Artest,C.J. Miles,Kyle Korver,Kyrylo Fesenko,Sundiata Gaines,Wesley Matthews,4,2:10,UTA,shot,,,Pau Gasol,,,,,,,Sundiata Gaines,,,,missed,,jump,26,17
Derek Fisher,Jordan Farmar,Lamar Odom,Pau Gasol,Ron Artest,C.J. Miles,Kyle Korver,Kyrylo Fesenko,Sundiata Gaines,Wesley Matthews,4,2:07,UTA,rebound,,,,,,,,,,Kyle Korver,,,,,,off,,
Derek Fisher,Jordan Farmar,Lamar Odom,Pau Gasol,Ron Artest,C.J. Miles,Kyle Korver,Kyrylo Fesenko,Sundiata Gaines,Wesley Matthews,4,2:07,UTA,shot,,,,,,,,,,Kyle Korver,,,,missed,,jump,26,21
Derek Fisher,Jordan Farmar,Lamar Odom,Pau Gasol,Ron Artest,C.J. Miles,Kyle Korver,Kyrylo Fesenko,Sundiata Gaines,Wesley Matthews,4,2:07,UTA,rebound,,,,,,,,,,,,,,,,,,
Derek Fisher,Jordan Farmar,Lamar Odom,Pau Gasol,Ron Artest,C.J. Miles,Kyle Korver,Kyrylo Fesenko,Sundiata Gaines,Wesley Matthews,4,2:07,UTA,turnover,,,,,,,,,,,,,shot clock turnover,,,,,
Derek Fisher,Jordan Farmar,Lamar Odom,Pau Gasol,Ron Artest,C.J. Miles,Kyle Korver,Kyrylo Fesenko,Sundiata Gaines,Wesley Matthews,4,1:45,LAL,shot,,,,,,,,,,Lamar Odom,,,,missed,,driving layup,25,6
Derek Fisher,Jordan Farmar,Lamar Odom,Pau Gasol,Ron Artest,C.J. Miles,Kyle Korver,Kyrylo Fesenko,Sundiata Gaines,Wesley Matthews,4,1:44,UTA,rebound,,,,,,,,,,Kyrylo Fesenko,,,,,,def,,
Derek Fisher,Jordan Farmar,Lamar Odom,Pau Gasol,Ron Artest,C.J. Miles,Kyle Korver,Kyrylo Fesenko,Sundiata Gaines,Wesley Matthews,4,1:34,UTA,shot,,,,,,,,,,Wesley Matthews,2,,,made,,jump,10,21
Derek Fisher,Jordan Farmar,Lamar Odom,Pau Gasol,Ron Artest,C.J. Miles,Kyle Korver,Kyrylo Fesenko,Sundiata Gaines,Wesley Matthews,4,1:10,LAL,shot,,,,,,,,,,Derek Fisher,2,,,made,,jump,16,23
Derek Fisher,Jordan Farmar,Lamar Odom,Pau Gasol,Ron Artest,C.J. Miles,Kyle Korver,Kyrylo Fesenko,Sundiata Gaines,Wesley Matthews,4,0:50,UTA,shot,,,,,,,,,,Wesley Matthews,3,,,made,,3pt,30,30
Derek Fisher,Jordan Farmar,Lamar Odom,Pau Gasol,Ron Artest,C.J. Miles,Kyle Korver,Kyrylo Fesenko,Sundiata Gaines,Wesley Matthews,4,0:32,UTA,foul,,,,,,,,Lamar Odom,,Kyrylo Fesenko,,,,,,shooting,,
Derek Fisher,Jordan Farmar,Lamar Odom,Pau Gasol,Ron Artest,C.J. Miles,Kyle Korver,Kyrylo Fesenko,Sundiata Gaines,Wesley Matthews,4,0:32,LAL,free throw,,,,,,,1,,2,Lamar Odom,,,foul,made,,,,
Jordan Farmar,Lamar Odom,Pau Gasol,Ron Artest,Shannon Brown,C.J. Miles,Kyle Korver,Kyrylo Fesenko,Sundiata Gaines,Wesley Matthews,4,0:32,LAL,sub,,,,Shannon Brown,,Derek Fisher,,,,,,,,,,,,
Jordan Farmar,Lamar Odom,Pau Gasol,Sasha Vujacic,Shannon Brown,C.J. Miles,Kyle Korver,Kyrylo Fesenko,Sundiata Gaines,Wesley Matthews,4,0:32,LAL,sub,,,,Sasha Vujacic,,Ron Artest,,,,,,,,,,,,
Jordan Farmar,Lamar Odom,Pau Gasol,Sasha Vujacic,Shannon Brown,C.J. Miles,Kyle Korver,Kyrylo Fesenko,Sundiata Gaines,Wesley Matthews,4,0:32,LAL,free throw,,,,,,,2,,2,Lamar Odom,,,foul,made,,,,
Jordan Farmar,Lamar Odom,Pau Gasol,Sasha Vujacic,Shannon Brown,C.J. Miles,Kyle Korver,Kyrylo Fesenko,Sundiata Gaines,Wesley Matthews,4,0:20,UTA,shot,,,,,,,,,,C.J. Miles,,,,missed,,3pt,6,22
Jordan Farmar,Lamar Odom,Pau Gasol,Sasha Vujacic,Shannon Brown,C.J. Miles,Kyle Korver,Kyrylo Fesenko,Sundiata Gaines,Wesley Matthews,4,0:18,LAL,rebound,,,,,,,,,,Shannon Brown,,,,,,def,,
