a1,a2,a3,a4,a5,h1,h2,h3,h4,h5,period,time,team,etype,assist,away,block,entered,home,left,num,opponent,outof,player,points,possession,reason,result,steal,type,x,y
Amare Stoudemire,Grant Hill,Jason Richardson,Robin Lopez,Steve Nash,Andrei Kirilenko,Carlos Boozer,Deron Williams,Mehmet Okur,Ronnie Brewer,1,12:00,OFF,jump ball,,Robin Lopez,,,Mehmet Okur,,,,,,,Deron Williams,,,,,,
Amare Stoudemire,Grant Hill,Jason Richardson,Robin Lopez,Steve Nash,Andrei Kirilenko,Carlos Boozer,Deron Williams,Mehmet Okur,Ronnie Brewer,1,11:44,UTA,shot,,,,,,,,,,Mehmet Okur,2,,,made,,driving layup,25,6
Amare Stoudemire,Grant Hill,Jason Richardson,Robin Lopez,Steve Nash,Andrei Kirilenko,Carlos Boozer,Deron Williams,Mehmet Okur,Ronnie Brewer,1,11:29,PHX,shot,Steve Nash,,,,,,,,,Robin Lopez,2,,,made,,layup,25,6
Amare Stoudemire,Grant Hill,Jason Richardson,Robin Lopez,Steve Nash,Andrei Kirilenko,Carlos Boozer,Deron Williams,Mehmet Okur,Ronnie Brewer,1,11:15,UTA,shot,Mehmet Okur,,,,,,,,,Deron Williams,2,,,made,,layup,25,6
Amare Stoudemire,Grant Hill,Jason Richardson,Robin Lopez,Steve Nash,Andrei Kirilenko,Carlos Boozer,Deron Williams,Mehmet Okur,Ronnie Brewer,1,11:05,PHX,turnover,,,,,,,,,,Steve Nash,,,bad pass,,Carlos Boozer,,,
Amare Stoudemire,Grant Hill,Jason Richardson,Robin Lopez,Steve Nash,Andrei Kirilenko,Carlos Boozer,Deron Williams,Mehmet Okur,Ronnie Brewer,1,10:59,PHX,foul,,,,,,,,Ronnie Brewer,,Jason Richardson,,,,,,personal,,
Amare Stoudemire,Grant Hill,Jason Richardson,Robin Lopez,Steve Nash,Andrei Kirilenko,Carlos Boozer,Deron Williams,Mehmet Okur,Ronnie Brewer,1,10:50,UTA,turnover,,,,,,,,,,Mehmet Okur,,,bad pass,,,,,
Amare Stoudemire,Grant Hill,Jason Richardson,Robin Lopez,Steve Nash,Andrei Kirilenko,Carlos Boozer,Deron Williams,Mehmet Okur,Ronnie Brewer,1,10:40,PHX,shot,,,Andrei Kirilenko,,,,,,,Robin Lopez,,,,missed,,dunk,25,6
Amare Stoudemire,Grant Hill,Jason Richardson,Robin Lopez,Steve Nash,Andrei Kirilenko,Carlos Boozer,Deron Williams,Mehmet Okur,Ronnie Brewer,1,10:39,PHX,rebound,,,,,,,,,,Amare Stoudemire,,,,,,off,,
Amare Stoudemire,Grant Hill,Jason Richardson,Robin Lopez,Steve Nash,Andrei Kirilenko,Carlos Boozer,Deron Williams,Mehmet Okur,Ronnie Brewer,1,10:32,PHX,shot,,,Carlos Boozer,,,,,,,Robin Lopez,,,,missed,,layup,25,6
Amare Stoudemire,Grant Hill,Jason Richardson,Robin Lopez,Steve Nash,Andrei Kirilenko,Carlos Boozer,Deron Williams,Mehmet Okur,Ronnie Brewer,1,10:30,UTA,rebound,,,,,,,,,,Mehmet Okur,,,,,,def,,
Amare Stoudemire,Grant Hill,Jason Richardson,Robin Lopez,Steve Nash,Andrei Kirilenko,Carlos Boozer,Deron Williams,Mehmet Okur,Ronnie Brewer,1,10:21,UTA,shot,,,,,,,,,,Mehmet Okur,,,,missed,,layup,25,6
Amare Stoudemire,Grant Hill,Jason Richardson,Robin Lopez,Steve Nash,Andrei Kirilenko,Carlos Boozer,Deron Williams,Mehmet Okur,Ronnie Brewer,1,10:18,PHX,rebound,,,,,,,,,,Grant Hill,,,,,,def,,
Amare Stoudemire,Grant Hill,Jason Richardson,Robin Lopez,Steve Nash,Andrei Kirilenko,Carlos Boozer,Deron Williams,Mehmet Okur,Ronnie Brewer,1,10:12,PHX,shot,Steve Nash,,,,,,,,,Jason Richardson,3,,,made,,3pt,2,8
Amare Stoudemire,Grant Hill,Jason Richardson,Robin Lopez,Steve Nash,Andrei Kirilenko,Carlos Boozer,Deron Williams,Mehmet Okur,Ronnie Brewer,1,9:49,UTA,shot,,,,,,,,,,Deron Williams,2,,,made,,driving layup,25,6
Amare Stoudemire,Grant Hill,Jason Richardson,Robin Lopez,Steve Nash,Andrei Kirilenko,Carlos Boozer,Deron Williams,Mehmet Okur,Ronnie Brewer,1,9:43,UTA,foul,,,,,,,,Steve Nash,,Carlos Boozer,,,,,,personal,,
Amare Stoudemire,Grant Hill,Jason Richardson,Robin Lopez,Steve Nash,Andrei Kirilenko,Carlos Boozer,Deron Williams,Mehmet Okur,Ronnie Brewer,1,9:39,PHX,turnover,,,,,,,,,,Grant Hill,,,traveling,,,,,
Amare Stoudemire,Grant Hill,Jason Richardson,Robin Lopez,Steve Nash,Andrei Kirilenko,Carlos Boozer,Deron Williams,Mehmet Okur,Ronnie Brewer,1,9:31,UTA,shot,,,,,,,,,,Andrei Kirilenko,2,,,made,,driving slam dunk,25,6
Amare Stoudemire,Grant Hill,Jason Richardson,Robin Lopez,Steve Nash,Andrei Kirilenko,Carlos Boozer,Deron Williams,Mehmet Okur,Ronnie Brewer,1,9:18,PHX,shot,,,,,,,,,,Amare Stoudemire,,,,missed,,jump,35,24
Amare Stoudemire,Grant Hill,Jason Richardson,Robin Lopez,Steve Nash,Andrei Kirilenko,Carlos Boozer,Deron Williams,Mehmet Okur,Ronnie Brewer,1,9:17,UTA,rebound,,,,,,,,,,Mehmet Okur,,,,,,def,,
Amare Stoudemire,Grant Hill,Jason Richardson,Robin Lopez,Steve Nash,Andrei Kirilenko,Carlos Boozer,Deron Williams,Mehmet Okur,Ronnie Brewer,1,9:05,PHX,foul,,,,,,,,Carlos Boozer,,Steve Nash,,,,,,shooting,,
Amare Stoudemire,Grant Hill,Jason Richardson,Robin Lopez,Steve Nash,Andrei Kirilenko,Carlos Boozer,Deron Williams,Mehmet Okur,Ronnie Brewer,1,9:05,UTA,free throw,,,,,,,1,,2,Carlos Boozer,,,foul,made,,,,
Amare Stoudemire,Grant Hill,Jason Richardson,Robin Lopez,Steve Nash,Andrei Kirilenko,Carlos Boozer,Deron Williams,Mehmet Okur,Ronnie Brewer,1,9:05,UTA,free throw,,,,,,,2,,2,Carlos Boozer,,,foul,made,,,,
Amare Stoudemire,Grant Hill,Jason Richardson,Robin Lopez,Steve Nash,Andrei Kirilenko,Carlos Boozer,Deron Williams,Mehmet Okur,Ronnie Brewer,1,8:54,PHX,shot,,,,,,,,,,Amare Stoudemire,,,,missed,,jump,28,25
Amare Stoudemire,Grant Hill,Jason Richardson,Robin Lopez,Steve Nash,Andrei Kirilenko,Carlos Boozer,Deron Williams,Mehmet Okur,Ronnie Brewer,1,8:52,UTA,rebound,,,,,,,,,,Ronnie Brewer,,,,,,def,,
Amare Stoudemire,Grant Hill,Jason Richardson,Robin Lopez,Steve Nash,Andrei Kirilenko,Carlos Boozer,Deron Williams,Mehmet Okur,Ronnie Brewer,1,8:41,UTA,shot,,,,,,,,,,Deron Williams,2,,,made,,driving layup,25,6
Amare Stoudemire,Grant Hill,Jason Richardson,Robin Lopez,Steve Nash,Andrei Kirilenko,Carlos Boozer,Deron Williams,Mehmet Okur,Ronnie Brewer,1,8:32,PHX,shot,,,,,,,,,,Steve Nash,,,,missed,,jump,12,24
Amare Stoudemire,Grant Hill,Jason Richardson,Robin Lopez,Steve Nash,Andrei Kirilenko,Carlos Boozer,Deron Williams,Mehmet Okur,Ronnie Brewer,1,8:31,UTA,rebound,,,,,,,,,,Mehmet Okur,,,,,,def,,
Amare Stoudemire,Grant Hill,Jason Richardson,Robin Lopez,Steve Nash,Andrei Kirilenko,Carlos Boozer,Deron Williams,Mehmet Okur,Ronnie Brewer,1,8:24,UTA,shot,,,,,,,,,,Deron Williams,,,,missed,,3pt,16,29
Amare Stoudemire,Grant Hill,Jason Richardson,Robin Lopez,Steve Nash,Andrei Kirilenko,Carlos Boozer,Deron Williams,Mehmet Okur,Ronnie Brewer,1,8:23,PHX,rebound,,,,,,,,,,Grant Hill,,,,,,def,,
Amare Stoudemire,Grant Hill,Jason Richardson,Robin Lopez,Steve Nash,Andrei Kirilenko,Carlos Boozer,Deron Williams,Mehmet Okur,Ronnie Brewer,1,8:18,PHX,shot,,,,,,,,,,Jason Richardson,,,,missed,,3pt,43,23
Amare Stoudemire,Grant Hill,Jason Richardson,Robin Lopez,Steve Nash,Andrei Kirilenko,Carlos Boozer,Deron Williams,Mehmet Okur,Ronnie Brewer,1,8:16,PHX,rebound,,,,,,,,,,Robin Lopez,,,,,,off,,
Amare Stoudemire,Grant Hill,Jason Richardson,Robin Lopez,Steve Nash,Andrei Kirilenko,Carlos Boozer,Deron Williams,Mehmet Okur,Ronnie Brewer,1,8:02,PHX,turnover,,,,,,,,,,Steve Nash,,,bad pass,,,,,
Amare Stoudemire,Grant Hill,Jason Richardson,Robin Lopez,Steve Nash,Andrei Kirilenko,Carlos Boozer,Deron Williams,Mehmet Okur,Ronnie Brewer,1,7:57,UTA,shot,Deron Williams,,,,,,,,,Ronnie Brewer,2,,,made,,reverse layup,25,6
Amare Stoudemire,Grant Hill,Jason Richardson,Robin Lopez,Steve Nash,Andrei Kirilenko,Carlos Boozer,Deron Williams,Mehmet Okur,Ronnie Brewer,1,7:50,PHX,timeout,,,,,,,,,,,,,,,,regular,,
Amare Stoudemire,Jared Dudley,Jason Richardson,Robin Lopez,Steve Nash,Andrei Kirilenko,Carlos Boozer,Deron Williams,Mehmet Okur,Ronnie Brewer,1,7:50,PHX,sub,,,,Jared Dudley,,Grant Hill,,,,,,,,,,,,
Amare Stoudemire,Jared Dudley,Jason Richardson,Robin Lopez,Steve Nash,Andrei Kirilenko,Carlos Boozer,Deron Williams,Mehmet Okur,Ronnie Brewer,1,7:39,PHX,turnover,,,,,,,,,,Amare Stoudemire,,,lost ball,,Carlos Boozer,,,
Amare Stoudemire,Jared Dudley,Jason Richardson,Robin Lopez,Steve Nash,Andrei Kirilenko,Carlos Boozer,Deron Williams,Mehmet Okur,Ronnie Brewer,1,7:26,PHX,foul,,,,,,,,,,Amare Stoudemire,,,,,,defense 3 second,,
Amare Stoudemire,Jared Dudley,Jason Richardson,Robin Lopez,Steve Nash,Andrei Kirilenko,Carlos Boozer,Deron Williams,Mehmet Okur,Ronnie Brewer,1,7:26,UTA,free throw,,,,,,,1,,1,Mehmet Okur,,,technical,made,,,,
Amare Stoudemire,Jared Dudley,Jason Richardson,Robin Lopez,Steve Nash,Andrei Kirilenko,Carlos Boozer,Deron Williams,Mehmet Okur,Ronnie Brewer,1,7:10,UTA,shot,,,,,,,,,,Mehmet Okur,2,,,made,,running jump,44,4
Amare Stoudemire,Jared Dudley,Jason Richardson,Robin Lopez,Steve Nash,Andrei Kirilenko,Carlos Boozer,Deron Williams,Mehmet Okur,Ronnie Brewer,1,6:55,PHX,shot,,,,,,,,,,Jason Richardson,2,,,made,,jump,35,25
Amare Stoudemire,Jared Dudley,Jason Richardson,Robin Lopez,Steve Nash,Andrei Kirilenko,Carlos Boozer,Deron Williams,Mehmet Okur,Ronnie Brewer,1,6:45,UTA,turnover,,,,,,,,,,Deron Williams,,,bad pass,,Steve Nash,,,
Amare Stoudemire,Jared Dudley,Jason Richardson,Robin Lopez,Steve Nash,Andrei Kirilenko,Carlos Boozer,Deron Williams,Mehmet Okur,Ronnie Brewer,1,6:41,UTA,foul,,,,,,,,Jason Richardson,,Deron Williams,,,,,,shooting,,
Amare Stoudemire,Jared Dudley,Jason Richardson,Robin Lopez,Steve Nash,Andrei Kirilenko,Carlos Boozer,Deron Williams,Mehmet Okur,Ronnie Brewer,1,6:41,PHX,free throw,,,,,,,1,,2,Jason Richardson,,,foul,missed,,,,
Amare Stoudemire,Jared Dudley,Jason Richardson,Robin Lopez,Steve Nash,Andrei Kirilenko,Carlos Boozer,Deron Williams,Mehmet Okur,Ronnie Brewer,1,6:41,PHX,rebound,,,,,,,,,,,,,,,,,,
Amare Stoudemire,Jared Dudley,Jason Richardson,Robin Lopez,Steve Nash,Andrei Kirilenko,Carlos Boozer,Deron Williams,Mehmet Okur,Ronnie Brewer,1,6:41,PHX,free throw,,,,,,,2,,2,Jason Richardson,,,foul,missed,,,,
Amare Stoudemire,Jared Dudley,Jason Richardson,Robin Lopez,Steve Nash,Andrei Kirilenko,Carlos Boozer,Deron Williams,Mehmet Okur,Ronnie Brewer,1,6:41,UTA,rebound,,,,,,,,,,Andrei Kirilenko,,,,,,def,,
Amare Stoudemire,Jared Dudley,Jason Richardson,Robin Lopez,Steve Nash,Andrei Kirilenko,Carlos Boozer,Deron Williams,Mehmet Okur,Ronnie Brewer,1,6:33,PHX,foul,,,,,,,,Ronnie Brewer,,Robin Lopez,,,,,,shooting,,
Amare Stoudemire,Jared Dudley,Jason Richardson,Robin Lopez,Steve Nash,Andrei Kirilenko,Carlos Boozer,Deron Williams,Mehmet Okur,Ronnie Brewer,1,6:33,UTA,free throw,,,,,,,1,,2,Ronnie Brewer,,,foul,missed,,,,
Amare Stoudemire,Jared Dudley,Jason Richardson,Robin Lopez,Steve Nash,Andrei Kirilenko,Carlos Boozer,Deron Williams,Mehmet Okur,Ronnie Brewer,1,6:33,UTA,rebound,,,,,,,,,,,,,,,,,,
Amare Stoudemire,Jared Dudley,Jason Richardson,Robin Lopez,Steve Nash,Andrei Kirilenko,Carlos Boozer,Deron Williams,Mehmet Okur,Ronnie Brewer,1,6:33,UTA,free throw,,,,,,,2,,2,Ronnie Brewer,,,foul,missed,,,,
Amare Stoudemire,Jared Dudley,Jason Richardson,Robin Lopez,Steve Nash,Andrei Kirilenko,Carlos Boozer,Deron Williams,Mehmet Okur,Ronnie Brewer,1,6:31,UTA,rebound,,,,,,,,,,Mehmet Okur,,,,,,off,,
Amare Stoudemire,Jared Dudley,Jason Richardson,Robin Lopez,Steve Nash,Andrei Kirilenko,Carlos Boozer,Deron Williams,Mehmet Okur,Ronnie Brewer,1,6:19,UTA,shot,Carlos Boozer,,,,,,,,,Andrei Kirilenko,2,,,made,,layup,25,6
Amare Stoudemire,Jared Dudley,Jason Richardson,Robin Lopez,Steve Nash,Andrei Kirilenko,Carlos Boozer,Deron Williams,Mehmet Okur,Ronnie Brewer,1,6:05,PHX,turnover,,,,,,,,,,Jason Richardson,,,step out of bounds turnover,,,,,
Amare Stoudemire,Jared Dudley,Jason Richardson,Robin Lopez,Steve Nash,Andrei Kirilenko,Carlos Boozer,Deron Williams,Mehmet Okur,Ronnie Brewer,1,5:42,UTA,turnover,,,,,,,,,,Ronnie Brewer,,,backcourt turnover,,,,,
Amare Stoudemire,Jared Dudley,Jason Richardson,Robin Lopez,Steve Nash,Andrei Kirilenko,Carlos Boozer,Deron Williams,Mehmet Okur,Ronnie Brewer,1,5:26,PHX,shot,,,,,,,,,,Steve Nash,,,,missed,,jump,17,13
Amare Stoudemire,Jared Dudley,Jason Richardson,Robin Lopez,Steve Nash,Andrei Kirilenko,Carlos Boozer,Deron Williams,Mehmet Okur,Ronnie Brewer,1,5:25,UTA,rebound,,,,,,,,,,Carlos Boozer,,,,,,def,,
Amare Stoudemire,Jared Dudley,Jason Richardson,Robin Lopez,Steve Nash,Andrei Kirilenko,Carlos Boozer,Deron Williams,Mehmet Okur,Ronnie Brewer,1,5:19,UTA,shot,,,,,,,,,,Deron Williams,,,,missed,,running jump,14,10
Amare Stoudemire,Jared Dudley,Jason Richardson,Robin Lopez,Steve Nash,Andrei Kirilenko,Carlos Boozer,Deron Williams,Mehmet Okur,Ronnie Brewer,1,5:18,PHX,rebound,,,,,,,,,,Amare Stoudemire,,,,,,def,,
Amare Stoudemire,Jared Dudley,Jason Richardson,Robin Lopez,Steve Nash,Andrei Kirilenko,Carlos Boozer,Deron Williams,Mehmet Okur,Ronnie Brewer,1,5:12,PHX,shot,Steve Nash,,,,,,,,,Jason Richardson,2,,,made,,running reverse layup,25,6
Amare Stoudemire,Jared Dudley,Jason Richardson,Robin Lopez,Steve Nash,Andrei Kirilenko,Carlos Boozer,Deron Williams,Mehmet Okur,Ronnie Brewer,1,4:41,UTA,shot,,,,,,,,,,Mehmet Okur,,,,missed,,jump,45,14
Amare Stoudemire,Jared Dudley,Jason Richardson,Robin Lopez,Steve Nash,Andrei Kirilenko,Carlos Boozer,Deron Williams,Mehmet Okur,Ronnie Brewer,1,4:40,PHX,rebound,,,,,,,,,,Jason Richardson,,,,,,def,,
Amare Stoudemire,Jared Dudley,Jason Richardson,Robin Lopez,Steve Nash,Andrei Kirilenko,Carlos Boozer,Deron Williams,Mehmet Okur,Ronnie Brewer,1,4:33,PHX,shot,,,,,,,,,,Amare Stoudemire,,,,missed,,jump,25,12
Amare Stoudemire,Jared Dudley,Jason Richardson,Robin Lopez,Steve Nash,Andrei Kirilenko,Carlos Boozer,Deron Williams,Mehmet Okur,Ronnie Brewer,1,4:32,PHX,rebound,,,,,,,,,,Amare Stoudemire,,,,,,off,,
Amare Stoudemire,Jared Dudley,Jason Richardson,Robin Lopez,Steve Nash,Andrei Kirilenko,Carlos Boozer,Deron Williams,Mehmet Okur,Ronnie Brewer,1,4:31,UTA,foul,,,,,,,,Amare Stoudemire,,Mehmet Okur,,,,,,shooting,,
Amare Stoudemire,Jared Dudley,Jason Richardson,Robin Lopez,Steve Nash,Andrei Kirilenko,Carlos Boozer,Deron Williams,Mehmet Okur,Ronnie Brewer,1,4:31,PHX,free throw,,,,,,,1,,2,Amare Stoudemire,,,foul,made,,,,
Amare Stoudemire,Jared Dudley,Jason Richardson,Robin Lopez,Steve Nash,Andrei Kirilenko,Deron Williams,Mehmet Okur,Paul Millsap,Ronnie Brewer,1,4:31,UTA,sub,,,,Paul Millsap,,Carlos Boozer,,,,,,,,,,,,
Amare Stoudemire,Jared Dudley,Jason Richardson,Robin Lopez,Steve Nash,Andrei Kirilenko,Deron Williams,Mehmet Okur,Paul Millsap,Ronnie Brewer,1,4:31,PHX,free throw,,,,,,,2,,2,Amare Stoudemire,,,foul,made,,,,
Amare Stoudemire,Jared Dudley,Jason Richardson,Robin Lopez,Steve Nash,Andrei Kirilenko,Deron Williams,Mehmet Okur,Paul Millsap,Ronnie Brewer,1,4:14,UTA,shot,,,,,,,,,,Mehmet Okur,,,,missed,,jump,6,18
Amare Stoudemire,Jared Dudley,Jason Richardson,Robin Lopez,Steve Nash,Andrei Kirilenko,Deron Williams,Mehmet Okur,Paul Millsap,Ronnie Brewer,1,4:13,PHX,rebound,,,,,,,,,,Robin Lopez,,,,,,def,,
Amare Stoudemire,Jared Dudley,Jason Richardson,Robin Lopez,Steve Nash,Andrei Kirilenko,Deron Williams,Mehmet Okur,Paul Millsap,Ronnie Brewer,1,4:08,PHX,shot,,,,,,,,,,Jason Richardson,2,,,made,,driving layup,25,6
Amare Stoudemire,Jared Dudley,Jason Richardson,Robin Lopez,Steve Nash,Andrei Kirilenko,Deron Williams,Mehmet Okur,Paul Millsap,Ronnie Brewer,1,3:50,UTA,shot,,,,,,,,,,Deron Williams,,,,missed,,3pt,23,31
Amare Stoudemire,Jared Dudley,Jason Richardson,Robin Lopez,Steve Nash,Andrei Kirilenko,Deron Williams,Mehmet Okur,Paul Millsap,Ronnie Brewer,1,3:49,PHX,rebound,,,,,,,,,,,,,,,,,,
Amare Stoudemire,Jared Dudley,Jason Richardson,Robin Lopez,Steve Nash,Andrei Kirilenko,Deron Williams,Mehmet Okur,Paul Millsap,Ronnie Brewer,1,3:37,PHX,shot,Steve Nash,,,,,,,,,Amare Stoudemire,2,,,made,,slam dunk,25,6
Amare Stoudemire,Jared Dudley,Jason Richardson,Robin Lopez,Steve Nash,Andrei Kirilenko,Deron Williams,Mehmet Okur,Paul Millsap,Ronnie Brewer,1,3:16,UTA,shot,,,,,,,,,,Paul Millsap,,,,missed,,jump,35,6
Amare Stoudemire,Jared Dudley,Jason Richardson,Robin Lopez,Steve Nash,Andrei Kirilenko,Deron Williams,Mehmet Okur,Paul Millsap,Ronnie Brewer,1,3:15,UTA,rebound,,,,,,,,,,Mehmet Okur,,,,,,off,,
Amare Stoudemire,Jared Dudley,Jason Richardson,Robin Lopez,Steve Nash,Andrei Kirilenko,Deron Williams,Mehmet Okur,Paul Millsap,Ronnie Brewer,1,3:12,UTA,shot,,,,,,,,,,Mehmet Okur,,,,missed,,tip,25,6
Amare Stoudemire,Jared Dudley,Jason Richardson,Robin Lopez,Steve Nash,Andrei Kirilenko,Deron Williams,Mehmet Okur,Paul Millsap,Ronnie Brewer,1,3:12,PHX,rebound,,,,,,,,,,Jason Richardson,,,,,,def,,
Amare Stoudemire,Jared Dudley,Jason Richardson,Robin Lopez,Steve Nash,Andrei Kirilenko,Deron Williams,Mehmet Okur,Paul Millsap,Ronnie Brewer,1,3:07,PHX,shot,,,,,,,,,,Steve Nash,,,,missed,,3pt,14,28
Amare Stoudemire,Jared Dudley,Jason Richardson,Robin Lopez,Steve Nash,Andrei Kirilenko,Deron Williams,Mehmet Okur,Paul Millsap,Ronnie Brewer,1,3:06,UTA,rebound,,,,,,,,,,Deron Williams,,,,,,def,,
Amare Stoudemire,Jared Dudley,Jason Richardson,Robin Lopez,Steve Nash,Andrei Kirilenko,Deron Williams,Mehmet Okur,Paul Millsap,Ronnie Brewer,1,2:59,UTA,shot,,,,,,,,,,Mehmet Okur,,,,missed,,3pt,39,26
Amare Stoudemire,Jared Dudley,Jason Richardson,Robin Lopez,Steve Nash,Andrei Kirilenko,Deron Williams,Mehmet Okur,Paul Millsap,Ronnie Brewer,1,2:58,PHX,rebound,,,,,,,,,,Jason Richardson,,,,,,def,,
Amare Stoudemire,Jared Dudley,Jason Richardson,Robin Lopez,Steve Nash,Andrei Kirilenko,Deron Williams,Mehmet Okur,Paul Millsap,Ronnie Brewer,1,2:49,PHX,shot,Jared Dudley,,,,,,,,,Amare Stoudemire,2,,,made,,jump,11,16
Amare Stoudemire,Jared Dudley,Jason Richardson,Robin Lopez,Steve Nash,Andrei Kirilenko,Deron Williams,Mehmet Okur,Paul Millsap,Ronnie Brewer,1,2:42,UTA,timeout,,,,,,,,,,,,,,,,regular,,
Amare Stoudemire,Jared Dudley,Jason Richardson,Robin Lopez,Steve Nash,Andrei Kirilenko,Carlos Boozer,Deron Williams,Paul Millsap,Ronnie Brewer,1,2:42,UTA,sub,,,,Carlos Boozer,,Mehmet Okur,,,,,,,,,,,,
Amare Stoudemire,Jared Dudley,Jason Richardson,Robin Lopez,Steve Nash,C.J. Miles,Carlos Boozer,Deron Williams,Paul Millsap,Ronnie Brewer,1,2:42,UTA,sub,,,,C.J. Miles,,Andrei Kirilenko,,,,,,,,,,,,
Amare Stoudemire,Jared Dudley,Jason Richardson,Robin Lopez,Steve Nash,C.J. Miles,Carlos Boozer,Deron Williams,Paul Millsap,Ronnie Brewer,1,2:33,UTA,shot,,,,,,,,,,Ronnie Brewer,,,,missed,,jump,44,13
Amare Stoudemire,Jared Dudley,Jason Richardson,Robin Lopez,Steve Nash,C.J. Miles,Carlos Boozer,Deron Williams,Paul Millsap,Ronnie Brewer,1,2:31,UTA,rebound,,,,,,,,,,Paul Millsap,,,,,,off,,
Amare Stoudemire,Jared Dudley,Jason Richardson,Robin Lopez,Steve Nash,C.J. Miles,Carlos Boozer,Deron Williams,Paul Millsap,Ronnie Brewer,1,2:27,UTA,shot,,,,,,,,,,Deron Williams,,,,missed,,3pt,25,31
Amare Stoudemire,Jared Dudley,Jason Richardson,Robin Lopez,Steve Nash,C.J. Miles,Carlos Boozer,Deron Williams,Paul Millsap,Ronnie Brewer,1,2:26,PHX,rebound,,,,,,,,,,Robin Lopez,,,,,,def,,
Amare Stoudemire,Jared Dudley,Jason Richardson,Robin Lopez,Steve Nash,C.J. Miles,Carlos Boozer,Deron Williams,Paul Millsap,Ronnie Brewer,1,2:10,PHX,shot,Steve Nash,,,,,,,,,Jason Richardson,2,,,made,,jump,38,22
Amare Stoudemire,Jared Dudley,Jason Richardson,Robin Lopez,Steve Nash,C.J. Miles,Carlos Boozer,Deron Williams,Paul Millsap,Ronnie Brewer,1,1:52,UTA,shot,Deron Williams,,,,,,,,,Carlos Boozer,2,,,made,,jump,41,14
Amare Stoudemire,Jared Dudley,Jason Richardson,Robin Lopez,Steve Nash,C.J. Miles,Carlos Boozer,Deron Williams,Paul Millsap,Ronnie Brewer,1,1:42,PHX,shot,,,,,,,,,,Amare Stoudemire,,,,missed,,turnaround fade away,22,18
Amare Stoudemire,Jared Dudley,Jason Richardson,Robin Lopez,Steve Nash,C.J. Miles,Carlos Boozer,Deron Williams,Paul Millsap,Ronnie Brewer,1,1:41,UTA,rebound,,,,,,,,,,Carlos Boozer,,,,,,def,,
Amare Stoudemire,Jared Dudley,Jason Richardson,Robin Lopez,Steve Nash,C.J. Miles,Carlos Boozer,Deron Williams,Paul Millsap,Ronnie Brewer,1,1:32,UTA,shot,,,,,,,,,,C.J. Miles,,,,missed,,3pt,48,6
Amare Stoudemire,Jared Dudley,Jason Richardson,Robin Lopez,Steve Nash,C.J. Miles,Carlos Boozer,Deron Williams,Paul Millsap,Ronnie Brewer,1,1:31,PHX,rebound,,,,,,,,,,,,,,,,,,
Amare Stoudemire,Jared Dudley,Jason Richardson,Robin Lopez,Steve Nash,C.J. Miles,Carlos Boozer,Paul Millsap,Ronnie Brewer,Ronnie Price,1,1:31,UTA,sub,,,,Ronnie Price,,Deron Williams,,,,,,,,,,,,
Amare Stoudemire,Goran Dragic,Jared Dudley,Jason Richardson,Robin Lopez,C.J. Miles,Carlos Boozer,Paul Millsap,Ronnie Brewer,Ronnie Price,1,1:31,PHX,sub,,,,Goran Dragic,,Steve Nash,,,,,,,,,,,,
Channing Frye,Goran Dragic,Jared Dudley,Jason Richardson,Robin Lopez,C.J. Miles,Carlos Boozer,Paul Millsap,Ronnie Brewer,Ronnie Price,1,1:31,PHX,sub,,,,Channing Frye,,Amare Stoudemire,,,,,,,,,,,,
Channing Frye,Goran Dragic,Jared Dudley,Jason Richardson,Robin Lopez,C.J. Miles,Carlos Boozer,Paul Millsap,Ronnie Brewer,Ronnie Price,1,1:13,PHX,shot,,,,,,,,,,Jason Richardson,,,,missed,,jump,43,18
Channing Frye,Goran Dragic,Jared Dudley,Jason Richardson,Robin Lopez,C.J. Miles,Carlos Boozer,Paul Millsap,Ronnie Brewer,Ronnie Price,1,1:12,UTA,rebound,,,,,,,,,,Carlos Boozer,,,,,,def,,
Channing Frye,Goran Dragic,Jared Dudley,Jason Richardson,Robin Lopez,C.J. Miles,Carlos Boozer,Paul Millsap,Ronnie Brewer,Ronnie Price,1,1:00,UTA,shot,,,Jason Richardson,,,,,,,C.J. Miles,,,,missed,,layup,25,6
Channing Frye,Goran Dragic,Jared Dudley,Jason Richardson,Robin Lopez,C.J. Miles,Carlos Boozer,Paul Millsap,Ronnie Brewer,Ronnie Price,1,0:59,UTA,rebound,,,,,,,,,,Ronnie Brewer,,,,,,off,,
Channing Frye,Goran Dragic,Jared Dudley,Jason Richardson,Robin Lopez,C.J. Miles,Carlos Boozer,Paul Millsap,Ronnie Brewer,Ronnie Price,1,0:59,UTA,shot,,,,,,,,,,Ronnie Brewer,2,,,made,,layup,25,6
Channing Frye,Goran Dragic,Jared Dudley,Jason Richardson,Robin Lopez,C.J. Miles,Carlos Boozer,Paul Millsap,Ronnie Brewer,Ronnie Price,1,0:41,PHX,shot,,,,,,,,,,Goran Dragic,2,,,made,,jump,9,19
Channing Frye,Goran Dragic,Jared Dudley,Jason Richardson,Robin Lopez,C.J. Miles,Carlos Boozer,Paul Millsap,Ronnie Brewer,Ronnie Price,1,0:41,UTA,foul,,,,,,,,Goran Dragic,,Ronnie Price,,,,,,shooting,,
Channing Frye,Goran Dragic,Jared Dudley,Jason Richardson,Robin Lopez,C.J. Miles,Carlos Boozer,Paul Millsap,Ronnie Price,Wesley Matthews,1,0:41,UTA,sub,,,,Wesley Matthews,,Ronnie Brewer,,,,,,,,,,,,
Channing Frye,Goran Dragic,Jared Dudley,Jason Richardson,Robin Lopez,C.J. Miles,Carlos Boozer,Paul Millsap,Ronnie Price,Wesley Matthews,1,0:41,PHX,free throw,,,,,,,1,,1,Goran Dragic,,,foul,made,,,,
Channing Frye,Goran Dragic,Jared Dudley,Jason Richardson,Robin Lopez,C.J. Miles,Carlos Boozer,Paul Millsap,Ronnie Price,Wesley Matthews,1,0:34,UTA,shot,,,,,,,,,,Ronnie Price,,,,missed,,driving layup,25,6
Channing Frye,Goran Dragic,Jared Dudley,Jason Richardson,Robin Lopez,C.J. Miles,Carlos Boozer,Paul Millsap,Ronnie Price,Wesley Matthews,1,0:33,PHX,rebound,,,,,,,,,,Channing Frye,,,,,,def,,
Channing Frye,Goran Dragic,Jared Dudley,Jason Richardson,Robin Lopez,C.J. Miles,Carlos Boozer,Paul Millsap,Ronnie Price,Wesley Matthews,1,0:28,PHX,shot,,,,,,,,,,Goran Dragic,2,,,made,,driving layup,25,6
Channing Frye,Goran Dragic,Jared Dudley,Jason Richardson,Robin Lopez,C.J. Miles,Carlos Boozer,Paul Millsap,Ronnie Price,Wesley Matthews,1,0:18,PHX,foul,,,,,,,,,,Robin Lopez,,,,,,defense 3 second,,
Channing Frye,Goran Dragic,Jared Dudley,Jason Richardson,Robin Lopez,C.J. Miles,Carlos Boozer,Paul Millsap,Ronnie Price,Wesley Matthews,1,0:18,UTA,free throw,,,,,,,1,,1,Carlos Boozer,,,technical,made,,,,
Channing Frye,Goran Dragic,Jared Dudley,Jason Richardson,Robin Lopez,C.J. Miles,Carlos Boozer,Paul Millsap,Ronnie Price,Wesley Matthews,1,0:12,UTA,turnover,,,,,,,,,,C.J. Miles,,,lost ball,,Jason Richardson,,,
Channing Frye,Goran Dragic,Jared Dudley,Jason Richardson,Robin Lopez,C.J. Miles,Carlos Boozer,Paul Millsap,Ronnie Price,Wesley Matthews,1,0:01,PHX,shot,,,,,,,,,,Jared Dudley,,,,missed,,3pt,2,6
Channing Frye,Goran Dragic,Jared Dudley,Jason Richardson,Robin Lopez,C.J. Miles,Carlos Boozer,Paul Millsap,Ronnie Price,Wesley Matthews,1,0:01,UTA,rebound,,,,,,,,,,Paul Millsap,,,,,,def,,
Channing Frye,Goran Dragic,Jared Dudley,Jason Richardson,Louis Amundson,C.J. Miles,Carlos Boozer,Paul Millsap,Ronnie Price,Wesley Matthews,2,11:39,PHX,shot,Channing Frye,,,,,,,,,Goran Dragic,3,,,made,,3pt,38,27
Channing Frye,Goran Dragic,Jared Dudley,Jason Richardson,Louis Amundson,C.J. Miles,Carlos Boozer,Paul Millsap,Ronnie Price,Wesley Matthews,2,11:19,UTA,shot,Wesley Matthews,,,,,,,,,Paul Millsap,2,,,made,,layup,25,6
Channing Frye,Goran Dragic,Jared Dudley,Jason Richardson,Louis Amundson,C.J. Miles,Carlos Boozer,Paul Millsap,Ronnie Price,Wesley Matthews,2,11:02,PHX,shot,,,,,,,,,,Channing Frye,,,,missed,,3pt,30,30
Channing Frye,Goran Dragic,Jared Dudley,Jason Richardson,Louis Amundson,C.J. Miles,Carlos Boozer,Paul Millsap,Ronnie Price,Wesley Matthews,2,11:01,PHX,rebound,,,,,,,,,,Goran Dragic,,,,,,off,,
Channing Frye,Goran Dragic,Jared Dudley,Jason Richardson,Louis Amundson,C.J. Miles,Carlos Boozer,Paul Millsap,Ronnie Price,Wesley Matthews,2,10:54,PHX,shot,,,,,,,,,,Goran Dragic,2,,,made,,floating jump,24,9
Channing Frye,Goran Dragic,Jared Dudley,Jason Richardson,Louis Amundson,C.J. Miles,Carlos Boozer,Paul Millsap,Ronnie Price,Wesley Matthews,2,10:28,UTA,shot,,,,,,,,,,Wesley Matthews,,,,missed,,3pt,3,13
Channing Frye,Goran Dragic,Jared Dudley,Jason Richardson,Louis Amundson,C.J. Miles,Carlos Boozer,Paul Millsap,Ronnie Price,Wesley Matthews,2,10:27,UTA,rebound,,,,,,,,,,Wesley Matthews,,,,,,off,,
Channing Frye,Goran Dragic,Jared Dudley,Jason Richardson,Louis Amundson,C.J. Miles,Carlos Boozer,Paul Millsap,Ronnie Price,Wesley Matthews,2,10:24,UTA,shot,,,,,,,,,,Wesley Matthews,,,,missed,,driving layup,25,6
Channing Frye,Goran Dragic,Jared Dudley,Jason Richardson,Louis Amundson,C.J. Miles,Carlos Boozer,Paul Millsap,Ronnie Price,Wesley Matthews,2,10:22,PHX,rebound,,,,,,,,,,Channing Frye,,,,,,def,,
Channing Frye,Goran Dragic,Jared Dudley,Jason Richardson,Louis Amundson,C.J. Miles,Carlos Boozer,Paul Millsap,Ronnie Price,Wesley Matthews,2,10:17,PHX,shot,Goran Dragic,,,,,,,,,Louis Amundson,2,,,made,,slam dunk,25,6
Channing Frye,Goran Dragic,Jared Dudley,Jason Richardson,Louis Amundson,C.J. Miles,Carlos Boozer,Paul Millsap,Ronnie Price,Wesley Matthews,2,9:51,UTA,shot,,,,,,,,,,Paul Millsap,,,,missed,,layup,25,6
Channing Frye,Goran Dragic,Jared Dudley,Jason Richardson,Louis Amundson,C.J. Miles,Carlos Boozer,Paul Millsap,Ronnie Price,Wesley Matthews,2,9:50,PHX,rebound,,,,,,,,,,Jason Richardson,,,,,,def,,
Channing Frye,Goran Dragic,Jared Dudley,Jason Richardson,Louis Amundson,C.J. Miles,Carlos Boozer,Paul Millsap,Ronnie Price,Wesley Matthews,2,9:35,PHX,shot,Jared Dudley,,,,,,,,,Jason Richardson,3,,,made,,3pt,25,31
Channing Frye,Goran Dragic,Jared Dudley,Jason Richardson,Louis Amundson,C.J. Miles,Carlos Boozer,Paul Millsap,Ronnie Price,Wesley Matthews,2,9:27,UTA,timeout,,,,,,,,,,,,,,,,regular,,
Channing Frye,Goran Dragic,Jared Dudley,Jason Richardson,Louis Amundson,C.J. Miles,Carlos Boozer,Deron Williams,Paul Millsap,Wesley Matthews,2,9:27,UTA,sub,,,,Deron Williams,,Ronnie Price,,,,,,,,,,,,
Channing Frye,Goran Dragic,Jared Dudley,Jason Richardson,Louis Amundson,Carlos Boozer,Deron Williams,Kyle Korver,Paul Millsap,Wesley Matthews,2,9:27,UTA,sub,,,,Kyle Korver,,C.J. Miles,,,,,,,,,,,,
Channing Frye,Earl Clark,Goran Dragic,Jared Dudley,Louis Amundson,Carlos Boozer,Deron Williams,Kyle Korver,Paul Millsap,Wesley Matthews,2,9:27,PHX,sub,,,,Earl Clark,,Jason Richardson,,,,,,,,,,,,
Channing Frye,Earl Clark,Goran Dragic,Jared Dudley,Louis Amundson,Carlos Boozer,Deron Williams,Kyle Korver,Paul Millsap,Wesley Matthews,2,9:21,PHX,foul,,,,,,,,,,Channing Frye,,,,,,defense 3 second,,
Channing Frye,Earl Clark,Goran Dragic,Jared Dudley,Louis Amundson,Carlos Boozer,Deron Williams,Kyle Korver,Paul Millsap,Wesley Matthews,2,9:21,UTA,free throw,,,,,,,1,,1,Kyle Korver,,,technical,made,,,,
Channing Frye,Earl Clark,Goran Dragic,Jared Dudley,Louis Amundson,Carlos Boozer,Deron Williams,Kyle Korver,Paul Millsap,Wesley Matthews,2,9:15,UTA,shot,,,,,,,,,,Wesley Matthews,2,,,made,,driving layup,25,6
Channing Frye,Earl Clark,Goran Dragic,Jared Dudley,Louis Amundson,Carlos Boozer,Deron Williams,Kyle Korver,Paul Millsap,Wesley Matthews,2,9:15,PHX,foul,,,,,,,,Wesley Matthews,,Jared Dudley,,,,,,shooting,,
Channing Frye,Earl Clark,Goran Dragic,Jared Dudley,Louis Amundson,Carlos Boozer,Deron Williams,Kyle Korver,Paul Millsap,Wesley Matthews,2,9:15,UTA,free throw,,,,,,,1,,1,Wesley Matthews,,,foul,made,,,,
Channing Frye,Earl Clark,Goran Dragic,Jared Dudley,Louis Amundson,Carlos Boozer,Deron Williams,Kyle Korver,Paul Millsap,Wesley Matthews,2,8:58,UTA,foul,,,,,,,,Goran Dragic,,Deron Williams,,,,,,shooting,,
Channing Frye,Earl Clark,Goran Dragic,Jared Dudley,Louis Amundson,Carlos Boozer,Deron Williams,Kyle Korver,Paul Millsap,Wesley Matthews,2,8:58,PHX,free throw,,,,,,,1,,3,Goran Dragic,,,foul,missed,,,,
Channing Frye,Earl Clark,Goran Dragic,Jared Dudley,Louis Amundson,Carlos Boozer,Deron Williams,Kyle Korver,Paul Millsap,Wesley Matthews,2,8:58,PHX,rebound,,,,,,,,,,,,,,,,,,
Channing Frye,Earl Clark,Goran Dragic,Jared Dudley,Louis Amundson,Carlos Boozer,Deron Williams,Kyle Korver,Paul Millsap,Wesley Matthews,2,8:58,PHX,free throw,,,,,,,2,,3,Goran Dragic,,,foul,made,,,,
Channing Frye,Earl Clark,Goran Dragic,Jared Dudley,Louis Amundson,Carlos Boozer,Deron Williams,Kyle Korver,Paul Millsap,Wesley Matthews,2,8:58,PHX,free throw,,,,,,,3,,3,Goran Dragic,,,foul,made,,,,
Channing Frye,Earl Clark,Goran Dragic,Jared Dudley,Louis Amundson,Carlos Boozer,Deron Williams,Kyle Korver,Paul Millsap,Wesley Matthews,2,8:44,UTA,shot,Paul Millsap,,,,,,,,,Deron Williams,2,,,made,,layup,25,6
Channing Frye,Earl Clark,Goran Dragic,Jared Dudley,Louis Amundson,Carlos Boozer,Deron Williams,Kyle Korver,Paul Millsap,Wesley Matthews,2,8:23,PHX,shot,,,,,,,,,,Earl Clark,2,,,made,,layup,25,6
Channing Frye,Earl Clark,Goran Dragic,Jared Dudley,Louis Amundson,Carlos Boozer,Deron Williams,Kyle Korver,Paul Millsap,Wesley Matthews,2,8:08,UTA,shot,Wesley Matthews,,,,,,,,,Deron Williams,2,,,made,,layup,25,6
Channing Frye,Earl Clark,Goran Dragic,Jared Dudley,Louis Amundson,Carlos Boozer,Deron Williams,Kyle Korver,Paul Millsap,Wesley Matthews,2,7:50,PHX,shot,,,,,,,,,,Earl Clark,,,,missed,,jump,36,6
Channing Frye,Earl Clark,Goran Dragic,Jared Dudley,Louis Amundson,Carlos Boozer,Deron Williams,Kyle Korver,Paul Millsap,Wesley Matthews,2,7:49,UTA,rebound,,,,,,,,,,Carlos Boozer,,,,,,def,,
Channing Frye,Earl Clark,Goran Dragic,Jared Dudley,Louis Amundson,Carlos Boozer,Deron Williams,Kyle Korver,Paul Millsap,Wesley Matthews,2,7:35,UTA,shot,,,Channing Frye,,,,,,,Wesley Matthews,,,,missed,,layup,25,6
Channing Frye,Earl Clark,Goran Dragic,Jared Dudley,Louis Amundson,Carlos Boozer,Deron Williams,Kyle Korver,Paul Millsap,Wesley Matthews,2,7:35,UTA,rebound,,,,,,,,,,,,,,,,,,
Channing Frye,Earl Clark,Goran Dragic,Jared Dudley,Louis Amundson,Carlos Boozer,Deron Williams,Kyle Korver,Paul Millsap,Wesley Matthews,2,7:32,PHX,foul,,,,,,,,Deron Williams,,Goran Dragic,,,,,,personal,,
Channing Frye,Earl Clark,Goran Dragic,Jared Dudley,Louis Amundson,Carlos Boozer,Deron Williams,Kyle Korver,Paul Millsap,Wesley Matthews,2,7:27,UTA,shot,Deron Williams,,,,,,,,,Carlos Boozer,2,,,made,,fade away jumper,30,15
Channing Frye,Earl Clark,Goran Dragic,Jared Dudley,Louis Amundson,Carlos Boozer,Deron Williams,Kyle Korver,Paul Millsap,Wesley Matthews,2,7:15,PHX,shot,Goran Dragic,,,,,,,,,Channing Frye,3,,,made,,3pt,8,24
Channing Frye,Earl Clark,Goran Dragic,Jared Dudley,Louis Amundson,Carlos Boozer,Deron Williams,Kyle Korver,Paul Millsap,Wesley Matthews,2,7:02,UTA,shot,,,,,,,,,,Kyle Korver,,,,missed,,3pt,2,10
Channing Frye,Earl Clark,Goran Dragic,Jared Dudley,Louis Amundson,Carlos Boozer,Deron Williams,Kyle Korver,Paul Millsap,Wesley Matthews,2,7:00,UTA,rebound,,,,,,,,,,Carlos Boozer,,,,,,off,,
Channing Frye,Earl Clark,Goran Dragic,Jared Dudley,Louis Amundson,Carlos Boozer,Deron Williams,Kyle Korver,Paul Millsap,Wesley Matthews,2,6:49,PHX,foul,,,,,,,,Wesley Matthews,,Channing Frye,,,,,,shooting,,
Channing Frye,Earl Clark,Goran Dragic,Jared Dudley,Louis Amundson,Carlos Boozer,Deron Williams,Kyle Korver,Paul Millsap,Wesley Matthews,2,6:49,UTA,free throw,,,,,,,1,,2,Wesley Matthews,,,foul,missed,,,,
Channing Frye,Earl Clark,Goran Dragic,Jared Dudley,Louis Amundson,Carlos Boozer,Deron Williams,Kyle Korver,Paul Millsap,Wesley Matthews,2,6:49,UTA,rebound,,,,,,,,,,,,,,,,,,
Channing Frye,Earl Clark,Goran Dragic,Louis Amundson,Steve Nash,Carlos Boozer,Deron Williams,Kyle Korver,Paul Millsap,Wesley Matthews,2,6:49,PHX,sub,,,,Steve Nash,,Jared Dudley,,,,,,,,,,,,
Channing Frye,Earl Clark,Goran Dragic,Louis Amundson,Steve Nash,Carlos Boozer,Deron Williams,Kyle Korver,Paul Millsap,Wesley Matthews,2,6:49,UTA,free throw,,,,,,,2,,2,Wesley Matthews,,,foul,made,,,,
Channing Frye,Earl Clark,Goran Dragic,Louis Amundson,Steve Nash,Carlos Boozer,Deron Williams,Kyle Korver,Paul Millsap,Wesley Matthews,2,6:38,PHX,shot,,,,,,,,,,Goran Dragic,,,,missed,,running jump,29,18
Channing Frye,Earl Clark,Goran Dragic,Louis Amundson,Steve Nash,Carlos Boozer,Deron Williams,Kyle Korver,Paul Millsap,Wesley Matthews,2,6:36,UTA,rebound,,,,,,,,,,,,,,,,,,
Channing Frye,Earl Clark,Goran Dragic,Louis Amundson,Steve Nash,Carlos Boozer,Deron Williams,Kyle Korver,Paul Millsap,Wesley Matthews,2,6:20,UTA,shot,,,,,,,,,,Wesley Matthews,,,,missed,,3pt,49,11
Channing Frye,Earl Clark,Goran Dragic,Louis Amundson,Steve Nash,Carlos Boozer,Deron Williams,Kyle Korver,Paul Millsap,Wesley Matthews,2,6:19,PHX,rebound,,,,,,,,,,Steve Nash,,,,,,def,,
Channing Frye,Earl Clark,Goran Dragic,Louis Amundson,Steve Nash,Carlos Boozer,Deron Williams,Kyle Korver,Paul Millsap,Wesley Matthews,2,6:14,PHX,shot,Goran Dragic,,,,,,,,,Earl Clark,2,,,made,,slam dunk,25,6
Channing Frye,Earl Clark,Goran Dragic,Louis Amundson,Steve Nash,Carlos Boozer,Deron Williams,Kyle Korver,Paul Millsap,Wesley Matthews,2,6:02,UTA,shot,Kyle Korver,,,,,,,,,Paul Millsap,2,,,made,,jump,30,16
Channing Frye,Earl Clark,Goran Dragic,Louis Amundson,Steve Nash,Carlos Boozer,Deron Williams,Kyle Korver,Paul Millsap,Wesley Matthews,2,5:39,PHX,turnover,,,,,,,,,,Channing Frye,,,lost ball,,Paul Millsap,,,
Channing Frye,Earl Clark,Goran Dragic,Louis Amundson,Steve Nash,Carlos Boozer,Deron Williams,Kyle Korver,Paul Millsap,Wesley Matthews,2,5:33,UTA,shot,Deron Williams,,,,,,,,,Wesley Matthews,2,,,made,,layup,25,6
Channing Frye,Earl Clark,Goran Dragic,Louis Amundson,Steve Nash,Carlos Boozer,Deron Williams,Kyle Korver,Paul Millsap,Wesley Matthews,2,5:24,PHX,shot,,,,,,,,,,Channing Frye,2,,,made,,jump bank,28,10
Channing Frye,Earl Clark,Goran Dragic,Louis Amundson,Steve Nash,Carlos Boozer,Deron Williams,Kyle Korver,Paul Millsap,Wesley Matthews,2,5:11,UTA,turnover,,,,,,,,,,Carlos Boozer,,,lost ball,,Earl Clark,,,
Channing Frye,Earl Clark,Goran Dragic,Louis Amundson,Steve Nash,Carlos Boozer,Deron Williams,Kyle Korver,Paul Millsap,Wesley Matthews,2,5:07,UTA,foul,,,,,,,,Goran Dragic,,Paul Millsap,,,,,,shooting,,
Channing Frye,Earl Clark,Goran Dragic,Louis Amundson,Steve Nash,Carlos Boozer,Deron Williams,Kyle Korver,Paul Millsap,Wesley Matthews,2,5:07,PHX,timeout,,,,,,,,,,,,,,,,official,,
Channing Frye,Earl Clark,Goran Dragic,Louis Amundson,Steve Nash,Andrei Kirilenko,Carlos Boozer,Deron Williams,Kyle Korver,Paul Millsap,2,5:07,UTA,sub,,,,Andrei Kirilenko,,Wesley Matthews,,,,,,,,,,,,
Amare Stoudemire,Channing Frye,Earl Clark,Goran Dragic,Steve Nash,Andrei Kirilenko,Carlos Boozer,Deron Williams,Kyle Korver,Paul Millsap,2,5:07,PHX,sub,,,,Amare Stoudemire,,Louis Amundson,,,,,,,,,,,,
Amare Stoudemire,Channing Frye,Goran Dragic,Jason Richardson,Steve Nash,Andrei Kirilenko,Carlos Boozer,Deron Williams,Kyle Korver,Paul Millsap,2,5:07,PHX,sub,,,,Jason Richardson,,Earl Clark,,,,,,,,,,,,
Amare Stoudemire,Channing Frye,Goran Dragic,Jason Richardson,Steve Nash,Andrei Kirilenko,Carlos Boozer,Deron Williams,Kyle Korver,Paul Millsap,2,5:07,PHX,free throw,,,,,,,1,,2,Goran Dragic,,,foul,made,,,,
Amare Stoudemire,Channing Frye,Goran Dragic,Jason Richardson,Steve Nash,Andrei Kirilenko,Carlos Boozer,Deron Williams,Kyle Korver,Paul Millsap,2,5:07,PHX,free throw,,,,,,,2,,2,Goran Dragic,,,foul,missed,,,,
Amare Stoudemire,Channing Frye,Goran Dragic,Jason Richardson,Steve Nash,Andrei Kirilenko,Carlos Boozer,Deron Williams,Kyle Korver,Paul Millsap,2,5:06,UTA,rebound,,,,,,,,,,Carlos Boozer,,,,,,def,,
Amare Stoudemire,Channing Frye,Goran Dragic,Jason Richardson,Steve Nash,Andrei Kirilenko,Carlos Boozer,Deron Williams,Kyle Korver,Paul Millsap,2,4:47,UTA,shot,Andrei Kirilenko,,,,,,,,,Paul Millsap,2,,,made,,slam dunk,25,6
Amare Stoudemire,Channing Frye,Goran Dragic,Jason Richardson,Steve Nash,Andrei Kirilenko,Carlos Boozer,Deron Williams,Kyle Korver,Paul Millsap,2,4:29,PHX,shot,,,,,,,,,,Channing Frye,2,,,made,,running jump,29,16
Amare Stoudemire,Channing Frye,Goran Dragic,Jason Richardson,Steve Nash,Andrei Kirilenko,Carlos Boozer,Deron Williams,Kyle Korver,Paul Millsap,2,4:15,UTA,shot,Deron Williams,,,,,,,,,Carlos Boozer,2,,,made,,fade away jumper,25,19
Amare Stoudemire,Channing Frye,Goran Dragic,Jason Richardson,Steve Nash,Andrei Kirilenko,Carlos Boozer,Deron Williams,Kyle Korver,Paul Millsap,2,3:59,PHX,shot,Steve Nash,,,,,,,,,Channing Frye,3,,,made,,3pt,8,24
Amare Stoudemire,Channing Frye,Goran Dragic,Jason Richardson,Steve Nash,Andrei Kirilenko,Carlos Boozer,Deron Williams,Kyle Korver,Paul Millsap,2,3:35,UTA,shot,,,,,,,,,,Deron Williams,,,,missed,,3pt,48,7
Amare Stoudemire,Channing Frye,Goran Dragic,Jason Richardson,Steve Nash,Andrei Kirilenko,Carlos Boozer,Deron Williams,Kyle Korver,Paul Millsap,2,3:33,PHX,rebound,,,,,,,,,,Steve Nash,,,,,,def,,
Amare Stoudemire,Channing Frye,Goran Dragic,Jason Richardson,Steve Nash,Andrei Kirilenko,Carlos Boozer,Deron Williams,Kyle Korver,Paul Millsap,2,3:14,UTA,foul,,,,,,,,Goran Dragic,,Paul Millsap,,,,,,shooting,,
Amare Stoudemire,Channing Frye,Goran Dragic,Jason Richardson,Steve Nash,Andrei Kirilenko,Carlos Boozer,Deron Williams,Kyle Korver,Mehmet Okur,2,3:14,UTA,sub,,,,Mehmet Okur,,Paul Millsap,,,,,,,,,,,,
Amare Stoudemire,Channing Frye,Goran Dragic,Jason Richardson,Steve Nash,Andrei Kirilenko,Carlos Boozer,Deron Williams,Kyle Korver,Mehmet Okur,2,3:14,PHX,free throw,,,,,,,1,,2,Goran Dragic,,,foul,made,,,,
Amare Stoudemire,Channing Frye,Goran Dragic,Jason Richardson,Steve Nash,Andrei Kirilenko,Carlos Boozer,Deron Williams,Kyle Korver,Mehmet Okur,2,3:14,PHX,free throw,,,,,,,2,,2,Goran Dragic,,,foul,made,,,,
Amare Stoudemire,Channing Frye,Goran Dragic,Jason Richardson,Steve Nash,Andrei Kirilenko,Carlos Boozer,Deron Williams,Kyle Korver,Mehmet Okur,2,2:59,UTA,shot,Kyle Korver,,,,,,,,,Mehmet Okur,2,,,made,,layup,25,6
Amare Stoudemire,Channing Frye,Goran Dragic,Jason Richardson,Steve Nash,Andrei Kirilenko,Carlos Boozer,Deron Williams,Kyle Korver,Mehmet Okur,2,2:41,PHX,shot,,,,,,,,,,Goran Dragic,3,,,made,,3pt,13,28
Amare Stoudemire,Channing Frye,Goran Dragic,Jason Richardson,Steve Nash,Andrei Kirilenko,Carlos Boozer,Deron Williams,Kyle Korver,Mehmet Okur,2,2:30,UTA,shot,Deron Williams,,,,,,,,,Kyle Korver,3,,,made,,3pt,46,19
Amare Stoudemire,Channing Frye,Goran Dragic,Jason Richardson,Steve Nash,Andrei Kirilenko,Carlos Boozer,Deron Williams,Kyle Korver,Mehmet Okur,2,2:27,UTA,violation,,,,,,,,,,,,,,,,delay of game,,
Amare Stoudemire,Channing Frye,Goran Dragic,Jason Richardson,Steve Nash,Andrei Kirilenko,Carlos Boozer,Deron Williams,Kyle Korver,Mehmet Okur,2,2:14,PHX,shot,Steve Nash,,,,,,,,,Channing Frye,3,,,made,,3pt,11,27
Amare Stoudemire,Channing Frye,Goran Dragic,Jason Richardson,Steve Nash,Andrei Kirilenko,Carlos Boozer,Deron Williams,Kyle Korver,Mehmet Okur,2,2:05,UTA,shot,Carlos Boozer,,,,,,,,,Mehmet Okur,2,,,made,,slam dunk,25,6
Amare Stoudemire,Channing Frye,Goran Dragic,Jason Richardson,Steve Nash,Andrei Kirilenko,Carlos Boozer,Deron Williams,Kyle Korver,Mehmet Okur,2,1:57,PHX,shot,Steve Nash,,,,,,,,,Amare Stoudemire,2,,,made,,layup,25,6
Amare Stoudemire,Channing Frye,Goran Dragic,Jason Richardson,Steve Nash,Andrei Kirilenko,Carlos Boozer,Deron Williams,Kyle Korver,Mehmet Okur,2,1:42,UTA,shot,Mehmet Okur,,,,,,,,,Kyle Korver,3,,,made,,3pt,49,7
Amare Stoudemire,Channing Frye,Goran Dragic,Jason Richardson,Steve Nash,Andrei Kirilenko,Carlos Boozer,Deron Williams,Kyle Korver,Mehmet Okur,2,1:28,PHX,shot,,,,,,,,,,Jason Richardson,,,,missed,,3pt,33,29
Amare Stoudemire,Channing Frye,Goran Dragic,Jason Richardson,Steve Nash,Andrei Kirilenko,Carlos Boozer,Deron Williams,Kyle Korver,Mehmet Okur,2,1:27,PHX,rebound,,,,,,,,,,Channing Frye,,,,,,off,,
Amare Stoudemire,Channing Frye,Goran Dragic,Jason Richardson,Steve Nash,Andrei Kirilenko,Carlos Boozer,Deron Williams,Kyle Korver,Mehmet Okur,2,1:27,PHX,shot,,,,,,,,,,Channing Frye,2,,,made,,tip,25,6
Amare Stoudemire,Channing Frye,Goran Dragic,Jason Richardson,Steve Nash,Andrei Kirilenko,Carlos Boozer,Deron Williams,Kyle Korver,Mehmet Okur,2,1:08,UTA,shot,,,,,,,,,,Andrei Kirilenko,,,,missed,,3pt,2,11
Amare Stoudemire,Channing Frye,Goran Dragic,Jason Richardson,Steve Nash,Andrei Kirilenko,Carlos Boozer,Deron Williams,Kyle Korver,Mehmet Okur,2,1:07,PHX,rebound,,,,,,,,,,Amare Stoudemire,,,,,,def,,
Amare Stoudemire,Channing Frye,Goran Dragic,Jason Richardson,Steve Nash,Andrei Kirilenko,Carlos Boozer,Deron Williams,Kyle Korver,Mehmet Okur,2,0:49,PHX,shot,Channing Frye,,,,,,,,,Goran Dragic,3,,,made,,3pt,49,12
Amare Stoudemire,Channing Frye,Goran Dragic,Jason Richardson,Steve Nash,Andrei Kirilenko,Carlos Boozer,Deron Williams,Kyle Korver,Mehmet Okur,2,0:37,UTA,shot,,,,,,,,,,Kyle Korver,,,,missed,,3pt,44,22
Amare Stoudemire,Channing Frye,Goran Dragic,Jason Richardson,Steve Nash,Andrei Kirilenko,Carlos Boozer,Deron Williams,Kyle Korver,Mehmet Okur,2,0:36,PHX,rebound,,,,,,,,,,Steve Nash,,,,,,def,,
Amare Stoudemire,Channing Frye,Goran Dragic,Jason Richardson,Steve Nash,Andrei Kirilenko,Carlos Boozer,Deron Williams,Kyle Korver,Mehmet Okur,2,0:31,PHX,shot,Steve Nash,,,,,,,,,Goran Dragic,3,,,made,,3pt,49,9
Amare Stoudemire,Channing Frye,Goran Dragic,Jason Richardson,Steve Nash,Andrei Kirilenko,Carlos Boozer,Deron Williams,Kyle Korver,Mehmet Okur,2,0:10,UTA,shot,Kyle Korver,,,,,,,,,Mehmet Okur,3,,,made,,3pt,2,8
Amare Stoudemire,Channing Frye,Goran Dragic,Jason Richardson,Steve Nash,Andrei Kirilenko,Carlos Boozer,Deron Williams,Kyle Korver,Mehmet Okur,2,0:02,PHX,shot,,,,,,,,,,Channing Frye,,,,missed,,3pt,25,31
Amare Stoudemire,Channing Frye,Goran Dragic,Jason Richardson,Steve Nash,Andrei Kirilenko,Carlos Boozer,Deron Williams,Kyle Korver,Mehmet Okur,2,0:00,UTA,rebound,,,,,,,,,,Carlos Boozer,,,,,,def,,
Amare Stoudemire,Jared Dudley,Jason Richardson,Robin Lopez,Steve Nash,Andrei Kirilenko,Carlos Boozer,Deron Williams,Mehmet Okur,Ronnie Brewer,3,11:48,PHX,shot,,,,,,,,,,Amare Stoudemire,,,,missed,,jump,42,4
Amare Stoudemire,Jared Dudley,Jason Richardson,Robin Lopez,Steve Nash,Andrei Kirilenko,Carlos Boozer,Deron Williams,Mehmet Okur,Ronnie Brewer,3,11:47,PHX,rebound,,,,,,,,,,,,,,,,,,
Amare Stoudemire,Jared Dudley,Jason Richardson,Robin Lopez,Steve Nash,Andrei Kirilenko,Carlos Boozer,Deron Williams,Mehmet Okur,Ronnie Brewer,3,11:37,PHX,shot,,,,,,,,,,Jason Richardson,,,,missed,,jump,13,25
Amare Stoudemire,Jared Dudley,Jason Richardson,Robin Lopez,Steve Nash,Andrei Kirilenko,Carlos Boozer,Deron Williams,Mehmet Okur,Ronnie Brewer,3,11:35,UTA,rebound,,,,,,,,,,Carlos Boozer,,,,,,def,,
Amare Stoudemire,Jared Dudley,Jason Richardson,Robin Lopez,Steve Nash,Andrei Kirilenko,Carlos Boozer,Deron Williams,Mehmet Okur,Ronnie Brewer,3,11:18,UTA,shot,,,,,,,,,,Ronnie Brewer,2,,,made,,jump,38,17
Amare Stoudemire,Jared Dudley,Jason Richardson,Robin Lopez,Steve Nash,Andrei Kirilenko,Carlos Boozer,Deron Williams,Mehmet Okur,Ronnie Brewer,3,11:02,PHX,shot,,,,,,,,,,Steve Nash,2,,,made,,jump,16,24
Amare Stoudemire,Jared Dudley,Jason Richardson,Robin Lopez,Steve Nash,Andrei Kirilenko,Carlos Boozer,Deron Williams,Mehmet Okur,Ronnie Brewer,3,10:48,UTA,shot,,,,,,,,,,Andrei Kirilenko,,,,missed,,layup,25,6
Amare Stoudemire,Jared Dudley,Jason Richardson,Robin Lopez,Steve Nash,Andrei Kirilenko,Carlos Boozer,Deron Williams,Mehmet Okur,Ronnie Brewer,3,10:47,PHX,rebound,,,,,,,,,,Jared Dudley,,,,,,def,,
Amare Stoudemire,Jared Dudley,Jason Richardson,Robin Lopez,Steve Nash,Andrei Kirilenko,Carlos Boozer,Deron Williams,Mehmet Okur,Ronnie Brewer,3,10:40,PHX,shot,,,,,,,,,,Robin Lopez,,,,missed,,layup,25,6
Amare Stoudemire,Jared Dudley,Jason Richardson,Robin Lopez,Steve Nash,Andrei Kirilenko,Carlos Boozer,Deron Williams,Mehmet Okur,Ronnie Brewer,3,10:39,UTA,rebound,,,,,,,,,,Carlos Boozer,,,,,,def,,
Amare Stoudemire,Jared Dudley,Jason Richardson,Robin Lopez,Steve Nash,Andrei Kirilenko,Carlos Boozer,Deron Williams,Mehmet Okur,Ronnie Brewer,3,10:22,UTA,shot,Ronnie Brewer,,,,,,,,,Carlos Boozer,2,,,made,,jump,19,24
Amare Stoudemire,Jared Dudley,Jason Richardson,Robin Lopez,Steve Nash,Andrei Kirilenko,Carlos Boozer,Deron Williams,Mehmet Okur,Ronnie Brewer,3,10:08,UTA,violation,,,,,,,,,,Deron Williams,,,,,,kicked ball,,
Amare Stoudemire,Jared Dudley,Jason Richardson,Robin Lopez,Steve Nash,Andrei Kirilenko,Carlos Boozer,Deron Williams,Mehmet Okur,Ronnie Brewer,3,10:02,PHX,shot,Steve Nash,,,,,,,,,Robin Lopez,2,,,made,,slam dunk,25,6
Amare Stoudemire,Jared Dudley,Jason Richardson,Robin Lopez,Steve Nash,Andrei Kirilenko,Carlos Boozer,Deron Williams,Mehmet Okur,Ronnie Brewer,3,9:34,UTA,shot,,,,,,,,,,Mehmet Okur,,,,missed,,layup,25,6
Amare Stoudemire,Jared Dudley,Jason Richardson,Robin Lopez,Steve Nash,Andrei Kirilenko,Carlos Boozer,Deron Williams,Mehmet Okur,Ronnie Brewer,3,9:33,PHX,rebound,,,,,,,,,,,,,,,,,,
Amare Stoudemire,Jared Dudley,Jason Richardson,Robin Lopez,Steve Nash,Andrei Kirilenko,Carlos Boozer,Deron Williams,Mehmet Okur,Ronnie Brewer,3,9:28,UTA,foul,,,,,,,,Steve Nash,,Carlos Boozer,,,,,,personal,,
Amare Stoudemire,Jared Dudley,Jason Richardson,Robin Lopez,Steve Nash,Andrei Kirilenko,Carlos Boozer,Deron Williams,Mehmet Okur,Ronnie Brewer,3,9:25,PHX,shot,Jared Dudley,,,,,,,,,Steve Nash,3,,,made,,3pt,3,17
Amare Stoudemire,Jared Dudley,Jason Richardson,Robin Lopez,Steve Nash,Andrei Kirilenko,Carlos Boozer,Deron Williams,Mehmet Okur,Ronnie Brewer,3,9:03,UTA,shot,Deron Williams,,,,,,,,,Andrei Kirilenko,2,,,made,,jump,10,23
Amare Stoudemire,Jared Dudley,Jason Richardson,Robin Lopez,Steve Nash,Andrei Kirilenko,Carlos Boozer,Deron Williams,Mehmet Okur,Ronnie Brewer,3,8:48,UTA,foul,,,,,,,,Amare Stoudemire,,Mehmet Okur,,,,,,shooting,,
Amare Stoudemire,Jared Dudley,Jason Richardson,Robin Lopez,Steve Nash,Andrei Kirilenko,Carlos Boozer,Deron Williams,Mehmet Okur,Ronnie Brewer,3,8:48,PHX,free throw,,,,,,,1,,2,Amare Stoudemire,,,foul,missed,,,,
Amare Stoudemire,Jared Dudley,Jason Richardson,Robin Lopez,Steve Nash,Andrei Kirilenko,Carlos Boozer,Deron Williams,Mehmet Okur,Ronnie Brewer,3,8:48,PHX,rebound,,,,,,,,,,,,,,,,,,
Amare Stoudemire,Jared Dudley,Jason Richardson,Robin Lopez,Steve Nash,Andrei Kirilenko,Carlos Boozer,Deron Williams,Mehmet Okur,Ronnie Brewer,3,8:48,PHX,free throw,,,,,,,2,,2,Amare Stoudemire,,,foul,made,,,,
Amare Stoudemire,Jared Dudley,Jason Richardson,Robin Lopez,Steve Nash,Andrei Kirilenko,Carlos Boozer,Deron Williams,Mehmet Okur,Ronnie Brewer,3,8:36,UTA,shot,Mehmet Okur,,,,,,,,,Andrei Kirilenko,2,,,made,,dunk,25,6
Amare Stoudemire,Jared Dudley,Jason Richardson,Robin Lopez,Steve Nash,Andrei Kirilenko,Carlos Boozer,Deron Williams,Mehmet Okur,Ronnie Brewer,3,8:19,PHX,shot,,,Mehmet Okur,,,,,,,Robin Lopez,,,,missed,,dunk,25,6
Amare Stoudemire,Jared Dudley,Jason Richardson,Robin Lopez,Steve Nash,Andrei Kirilenko,Carlos Boozer,Deron Williams,Mehmet Okur,Ronnie Brewer,3,8:16,UTA,rebound,,,,,,,,,,Ronnie Brewer,,,,,,def,,
Amare Stoudemire,Jared Dudley,Jason Richardson,Robin Lopez,Steve Nash,Andrei Kirilenko,Carlos Boozer,Deron Williams,Mehmet Okur,Ronnie Brewer,3,8:07,PHX,foul,,,,,,,,Andrei Kirilenko,,Jared Dudley,,,,,,shooting,,
Amare Stoudemire,Jared Dudley,Jason Richardson,Robin Lopez,Steve Nash,Andrei Kirilenko,Carlos Boozer,Deron Williams,Mehmet Okur,Ronnie Brewer,3,8:07,UTA,free throw,,,,,,,1,,2,Andrei Kirilenko,,,foul,made,,,,
Amare Stoudemire,Jared Dudley,Jason Richardson,Robin Lopez,Steve Nash,Andrei Kirilenko,Carlos Boozer,Deron Williams,Mehmet Okur,Ronnie Brewer,3,8:07,UTA,free throw,,,,,,,2,,2,Andrei Kirilenko,,,foul,made,,,,
Amare Stoudemire,Jared Dudley,Jason Richardson,Robin Lopez,Steve Nash,Andrei Kirilenko,Carlos Boozer,Deron Williams,Mehmet Okur,Ronnie Brewer,3,7:59,PHX,shot,,,,,,,,,,Jason Richardson,,,,missed,,3pt,48,14
Amare Stoudemire,Jared Dudley,Jason Richardson,Robin Lopez,Steve Nash,Andrei Kirilenko,Carlos Boozer,Deron Williams,Mehmet Okur,Ronnie Brewer,3,7:58,UTA,rebound,,,,,,,,,,,,,,,,,,
Amare Stoudemire,Jared Dudley,Jason Richardson,Robin Lopez,Steve Nash,Andrei Kirilenko,Carlos Boozer,Deron Williams,Mehmet Okur,Ronnie Brewer,3,7:48,UTA,turnover,,,,,,,,,,Mehmet Okur,,,traveling,,,,,
Amare Stoudemire,Jared Dudley,Jason Richardson,Robin Lopez,Steve Nash,Andrei Kirilenko,Carlos Boozer,Deron Williams,Mehmet Okur,Ronnie Brewer,3,7:39,UTA,foul,,,,,,,,Robin Lopez,,Carlos Boozer,,,,,,shooting,,
Amare Stoudemire,Jared Dudley,Jason Richardson,Robin Lopez,Steve Nash,Andrei Kirilenko,Carlos Boozer,Deron Williams,Mehmet Okur,Ronnie Brewer,3,7:39,PHX,free throw,,,,,,,1,,2,Robin Lopez,,,foul,made,,,,
Amare Stoudemire,Jared Dudley,Jason Richardson,Robin Lopez,Steve Nash,Andrei Kirilenko,Carlos Boozer,Deron Williams,Mehmet Okur,Ronnie Brewer,3,7:39,PHX,free throw,,,,,,,2,,2,Robin Lopez,,,foul,missed,,,,
Amare Stoudemire,Jared Dudley,Jason Richardson,Robin Lopez,Steve Nash,Andrei Kirilenko,Carlos Boozer,Deron Williams,Mehmet Okur,Ronnie Brewer,3,7:38,UTA,rebound,,,,,,,,,,Carlos Boozer,,,,,,def,,
Amare Stoudemire,Jared Dudley,Jason Richardson,Robin Lopez,Steve Nash,Andrei Kirilenko,Carlos Boozer,Deron Williams,Mehmet Okur,Ronnie Brewer,3,7:30,UTA,turnover,,,,,,,,,,Ronnie Brewer,,,bad pass,,,,,
Amare Stoudemire,Jared Dudley,Jason Richardson,Robin Lopez,Steve Nash,Andrei Kirilenko,Carlos Boozer,Deron Williams,Mehmet Okur,Ronnie Brewer,3,7:20,PHX,turnover,,,,,,,,,,Amare Stoudemire,,,bad pass,,,,,
Amare Stoudemire,Jared Dudley,Jason Richardson,Robin Lopez,Steve Nash,Andrei Kirilenko,Carlos Boozer,Deron Williams,Mehmet Okur,Ronnie Brewer,3,7:10,PHX,foul,,,,,,,,Andrei Kirilenko,,Amare Stoudemire,,,,,,shooting,,
Amare Stoudemire,Jared Dudley,Jason Richardson,Robin Lopez,Steve Nash,Andrei Kirilenko,Carlos Boozer,Deron Williams,Mehmet Okur,Ronnie Brewer,3,7:10,UTA,free throw,,,,,,,1,,2,Andrei Kirilenko,,,foul,made,,,,
Amare Stoudemire,Jared Dudley,Jason Richardson,Robin Lopez,Steve Nash,Andrei Kirilenko,Carlos Boozer,Deron Williams,Mehmet Okur,Ronnie Brewer,3,7:10,UTA,free throw,,,,,,,2,,2,Andrei Kirilenko,,,foul,missed,,,,
Amare Stoudemire,Jared Dudley,Jason Richardson,Robin Lopez,Steve Nash,Andrei Kirilenko,Carlos Boozer,Deron Williams,Mehmet Okur,Ronnie Brewer,3,7:07,PHX,rebound,,,,,,,,,,Jared Dudley,,,,,,def,,
Amare Stoudemire,Jared Dudley,Jason Richardson,Robin Lopez,Steve Nash,Andrei Kirilenko,Carlos Boozer,Deron Williams,Mehmet Okur,Ronnie Brewer,3,6:56,PHX,shot,Steve Nash,,,,,,,,,Jared Dudley,3,,,made,,3pt,46,19
Amare Stoudemire,Jared Dudley,Jason Richardson,Robin Lopez,Steve Nash,Andrei Kirilenko,Carlos Boozer,Deron Williams,Mehmet Okur,Ronnie Brewer,3,6:40,UTA,shot,,,,,,,,,,Ronnie Brewer,,,,missed,,slam dunk,25,6
Amare Stoudemire,Jared Dudley,Jason Richardson,Robin Lopez,Steve Nash,Andrei Kirilenko,Carlos Boozer,Deron Williams,Mehmet Okur,Ronnie Brewer,3,6:39,UTA,rebound,,,,,,,,,,Ronnie Brewer,,,,,,off,,
Amare Stoudemire,Jared Dudley,Jason Richardson,Robin Lopez,Steve Nash,Andrei Kirilenko,Carlos Boozer,Deron Williams,Mehmet Okur,Ronnie Brewer,3,6:38,PHX,foul,,,,,,,,Ronnie Brewer,,Jared Dudley,,,,,,shooting,,
Amare Stoudemire,Jared Dudley,Jason Richardson,Robin Lopez,Steve Nash,Andrei Kirilenko,Carlos Boozer,Deron Williams,Mehmet Okur,Ronnie Brewer,3,6:38,UTA,free throw,,,,,,,1,,2,Ronnie Brewer,,,foul,made,,,,
Amare Stoudemire,Jared Dudley,Jason Richardson,Robin Lopez,Steve Nash,Andrei Kirilenko,Carlos Boozer,Deron Williams,Mehmet Okur,Ronnie Brewer,3,6:38,UTA,free throw,,,,,,,2,,2,Ronnie Brewer,,,foul,made,,,,
Amare Stoudemire,Jared Dudley,Jason Richardson,Robin Lopez,Steve Nash,Andrei Kirilenko,Carlos Boozer,Deron Williams,Mehmet Okur,Ronnie Brewer,3,6:21,PHX,shot,,,,,,,,,,Jared Dudley,,,,missed,,jump,25,15
Amare Stoudemire,Jared Dudley,Jason Richardson,Robin Lopez,Steve Nash,Andrei Kirilenko,Carlos Boozer,Deron Williams,Mehmet Okur,Ronnie Brewer,3,6:19,PHX,rebound,,,,,,,,,,Amare Stoudemire,,,,,,off,,
Amare Stoudemire,Jared Dudley,Jason Richardson,Robin Lopez,Steve Nash,Andrei Kirilenko,Carlos Boozer,Deron Williams,Mehmet Okur,Ronnie Brewer,3,6:19,PHX,shot,,,,,,,,,,Amare Stoudemire,2,,,made,,dunk,25,6
Amare Stoudemire,Jared Dudley,Jason Richardson,Robin Lopez,Steve Nash,Andrei Kirilenko,Carlos Boozer,Deron Williams,Mehmet Okur,Ronnie Brewer,3,6:04,PHX,foul,,,,,,,,Deron Williams,,Steve Nash,,,,,,personal,,
Amare Stoudemire,Jared Dudley,Jason Richardson,Robin Lopez,Steve Nash,Andrei Kirilenko,Carlos Boozer,Deron Williams,Mehmet Okur,Ronnie Brewer,3,6:02,PHX,foul,,,,,,,,Andrei Kirilenko,,Jared Dudley,,,,,,loose ball,,
Amare Stoudemire,Jared Dudley,Jason Richardson,Robin Lopez,Steve Nash,Andrei Kirilenko,Carlos Boozer,Deron Williams,Mehmet Okur,Ronnie Brewer,3,6:02,UTA,free throw,,,,,,,1,,2,Andrei Kirilenko,,,foul,made,,,,
Amare Stoudemire,Goran Dragic,Jason Richardson,Robin Lopez,Steve Nash,Andrei Kirilenko,Carlos Boozer,Deron Williams,Mehmet Okur,Ronnie Brewer,3,6:02,PHX,sub,,,,Goran Dragic,,Jared Dudley,,,,,,,,,,,,
Amare Stoudemire,Goran Dragic,Jason Richardson,Robin Lopez,Steve Nash,Andrei Kirilenko,Carlos Boozer,Deron Williams,Mehmet Okur,Ronnie Brewer,3,6:02,UTA,free throw,,,,,,,2,,2,Andrei Kirilenko,,,foul,missed,,,,
Amare Stoudemire,Goran Dragic,Jason Richardson,Robin Lopez,Steve Nash,Andrei Kirilenko,Carlos Boozer,Deron Williams,Mehmet Okur,Ronnie Brewer,3,6:00,PHX,rebound,,,,,,,,,,Steve Nash,,,,,,def,,
Amare Stoudemire,Goran Dragic,Jason Richardson,Robin Lopez,Steve Nash,Andrei Kirilenko,Carlos Boozer,Deron Williams,Mehmet Okur,Ronnie Brewer,3,5:45,PHX,shot,Jason Richardson,,,,,,,,,Robin Lopez,2,,,made,,jump,33,5
Amare Stoudemire,Goran Dragic,Jason Richardson,Robin Lopez,Steve Nash,Andrei Kirilenko,Carlos Boozer,Deron Williams,Mehmet Okur,Ronnie Brewer,3,5:45,UTA,foul,,,,,,,,Robin Lopez,,Andrei Kirilenko,,,,,,shooting,,
Amare Stoudemire,Goran Dragic,Jason Richardson,Robin Lopez,Steve Nash,Andrei Kirilenko,Carlos Boozer,Deron Williams,Mehmet Okur,Ronnie Brewer,3,5:45,UTA,timeout,,,,,,,,,,,,,,,,regular,,
Amare Stoudemire,Goran Dragic,Jason Richardson,Robin Lopez,Steve Nash,Andrei Kirilenko,Carlos Boozer,Deron Williams,Paul Millsap,Ronnie Brewer,3,5:45,UTA,sub,,,,Paul Millsap,,Mehmet Okur,,,,,,,,,,,,
Amare Stoudemire,Goran Dragic,Jason Richardson,Robin Lopez,Steve Nash,Andrei Kirilenko,Carlos Boozer,Deron Williams,Paul Millsap,Ronnie Brewer,3,5:45,PHX,free throw,,,,,,,1,,1,Robin Lopez,,,foul,made,,,,
Amare Stoudemire,Goran Dragic,Jason Richardson,Robin Lopez,Steve Nash,Andrei Kirilenko,Carlos Boozer,Deron Williams,Paul Millsap,Ronnie Brewer,3,5:32,UTA,turnover,,,,,,,,,,Paul Millsap,,,lost ball,,Steve Nash,,,
Amare Stoudemire,Goran Dragic,Jason Richardson,Robin Lopez,Steve Nash,Andrei Kirilenko,Carlos Boozer,Deron Williams,Paul Millsap,Ronnie Brewer,3,5:28,PHX,shot,,,,,,,,,,Goran Dragic,,,,missed,,layup,25,6
Amare Stoudemire,Goran Dragic,Jason Richardson,Robin Lopez,Steve Nash,Andrei Kirilenko,Carlos Boozer,Deron Williams,Paul Millsap,Ronnie Brewer,3,5:25,UTA,rebound,,,,,,,,,,Carlos Boozer,,,,,,def,,
Amare Stoudemire,Goran Dragic,Jason Richardson,Robin Lopez,Steve Nash,Andrei Kirilenko,Carlos Boozer,Deron Williams,Paul Millsap,Ronnie Brewer,3,5:22,PHX,foul,,,,,,,,Deron Williams,,Steve Nash,,,,,,shooting,,
Amare Stoudemire,Goran Dragic,Jason Richardson,Robin Lopez,Steve Nash,Andrei Kirilenko,Carlos Boozer,Deron Williams,Paul Millsap,Ronnie Brewer,3,5:22,UTA,free throw,,,,,,,1,,2,Deron Williams,,,foul,made,,,,
Amare Stoudemire,Goran Dragic,Jason Richardson,Robin Lopez,Steve Nash,Andrei Kirilenko,Carlos Boozer,Deron Williams,Paul Millsap,Ronnie Brewer,3,5:22,UTA,free throw,,,,,,,2,,2,Deron Williams,,,foul,made,,,,
Amare Stoudemire,Goran Dragic,Jason Richardson,Robin Lopez,Steve Nash,Andrei Kirilenko,Carlos Boozer,Deron Williams,Paul Millsap,Ronnie Brewer,3,5:04,PHX,shot,,,,,,,,,,Jason Richardson,,,,missed,,3pt,15,29
Amare Stoudemire,Goran Dragic,Jason Richardson,Robin Lopez,Steve Nash,Andrei Kirilenko,Carlos Boozer,Deron Williams,Paul Millsap,Ronnie Brewer,3,5:03,UTA,rebound,,,,,,,,,,Carlos Boozer,,,,,,def,,
Amare Stoudemire,Goran Dragic,Jason Richardson,Robin Lopez,Steve Nash,Andrei Kirilenko,Carlos Boozer,Deron Williams,Paul Millsap,Ronnie Brewer,3,4:50,UTA,turnover,,,,,,,,,,Ronnie Brewer,,,bad pass,,,,,
Amare Stoudemire,Goran Dragic,Jason Richardson,Robin Lopez,Steve Nash,Andrei Kirilenko,Carlos Boozer,Deron Williams,Paul Millsap,Ronnie Brewer,3,4:40,UTA,foul,,,,,,,,Amare Stoudemire,,Paul Millsap,,,,,,shooting,,
Amare Stoudemire,Goran Dragic,Jason Richardson,Robin Lopez,Steve Nash,Andrei Kirilenko,Carlos Boozer,Deron Williams,Paul Millsap,Ronnie Brewer,3,4:40,PHX,free throw,,,,,,,1,,2,Amare Stoudemire,,,foul,made,,,,
Amare Stoudemire,Channing Frye,Goran Dragic,Jason Richardson,Steve Nash,Andrei Kirilenko,Carlos Boozer,Deron Williams,Paul Millsap,Ronnie Brewer,3,4:40,PHX,sub,,,,Channing Frye,,Robin Lopez,,,,,,,,,,,,
Amare Stoudemire,Channing Frye,Goran Dragic,Jason Richardson,Steve Nash,Andrei Kirilenko,Carlos Boozer,Deron Williams,Paul Millsap,Ronnie Brewer,3,4:40,PHX,free throw,,,,,,,2,,2,Amare Stoudemire,,,foul,made,,,,
Amare Stoudemire,Channing Frye,Goran Dragic,Jason Richardson,Steve Nash,Andrei Kirilenko,Carlos Boozer,Deron Williams,Paul Millsap,Ronnie Brewer,3,4:20,UTA,shot,,,,,,,,,,Paul Millsap,,,,missed,,layup,25,6
Amare Stoudemire,Channing Frye,Goran Dragic,Jason Richardson,Steve Nash,Andrei Kirilenko,Carlos Boozer,Deron Williams,Paul Millsap,Ronnie Brewer,3,4:19,PHX,rebound,,,,,,,,,,Goran Dragic,,,,,,def,,
Amare Stoudemire,Channing Frye,Goran Dragic,Jason Richardson,Steve Nash,Andrei Kirilenko,Carlos Boozer,Deron Williams,Paul Millsap,Ronnie Brewer,3,4:17,PHX,turnover,,,,,,,,,,Goran Dragic,,,lost ball,,Andrei Kirilenko,,,
Amare Stoudemire,Channing Frye,Goran Dragic,Jason Richardson,Steve Nash,Andrei Kirilenko,Carlos Boozer,Deron Williams,Paul Millsap,Ronnie Brewer,3,4:15,UTA,shot,,,,,,,,,,Andrei Kirilenko,2,,,made,,slam dunk,25,6
Amare Stoudemire,Channing Frye,Goran Dragic,Jason Richardson,Steve Nash,Andrei Kirilenko,Carlos Boozer,Deron Williams,Paul Millsap,Ronnie Brewer,3,3:56,UTA,foul,,,,,,,,Amare Stoudemire,,Ronnie Brewer,,,,,,shooting,,
Amare Stoudemire,Channing Frye,Goran Dragic,Jason Richardson,Steve Nash,Andrei Kirilenko,Carlos Boozer,Deron Williams,Paul Millsap,Wesley Matthews,3,3:56,UTA,sub,,,,Wesley Matthews,,Ronnie Brewer,,,,,,,,,,,,
Amare Stoudemire,Channing Frye,Goran Dragic,Jason Richardson,Steve Nash,Andrei Kirilenko,Carlos Boozer,Deron Williams,Paul Millsap,Wesley Matthews,3,3:56,PHX,free throw,,,,,,,1,,2,Amare Stoudemire,,,foul,made,,,,
Amare Stoudemire,Channing Frye,Goran Dragic,Jason Richardson,Steve Nash,Andrei Kirilenko,Carlos Boozer,Deron Williams,Paul Millsap,Wesley Matthews,3,3:56,PHX,free throw,,,,,,,2,,2,Amare Stoudemire,,,foul,made,,,,
Amare Stoudemire,Channing Frye,Goran Dragic,Jason Richardson,Steve Nash,Andrei Kirilenko,Carlos Boozer,Deron Williams,Paul Millsap,Wesley Matthews,3,3:41,UTA,turnover,,,,,,,,,,Wesley Matthews,,,bad pass,,Channing Frye,,,
Amare Stoudemire,Channing Frye,Goran Dragic,Jason Richardson,Steve Nash,Andrei Kirilenko,Carlos Boozer,Deron Williams,Paul Millsap,Wesley Matthews,3,3:26,PHX,shot,,,,,,,,,,Jason Richardson,,,,missed,,jump hook,31,8
Amare Stoudemire,Channing Frye,Goran Dragic,Jason Richardson,Steve Nash,Andrei Kirilenko,Carlos Boozer,Deron Williams,Paul Millsap,Wesley Matthews,3,3:24,UTA,rebound,,,,,,,,,,Andrei Kirilenko,,,,,,def,,
Amare Stoudemire,Channing Frye,Goran Dragic,Jason Richardson,Steve Nash,Andrei Kirilenko,Carlos Boozer,Deron Williams,Paul Millsap,Wesley Matthews,3,3:18,PHX,foul,,,,,,,,Andrei Kirilenko,,Jason Richardson,,,,,,personal,,
Amare Stoudemire,Channing Frye,Goran Dragic,Jason Richardson,Steve Nash,Andrei Kirilenko,Carlos Boozer,Deron Williams,Paul Millsap,Wesley Matthews,3,3:18,UTA,free throw,,,,,,,1,,2,Andrei Kirilenko,,,foul,missed,,,,
Amare Stoudemire,Channing Frye,Goran Dragic,Jason Richardson,Steve Nash,Andrei Kirilenko,Carlos Boozer,Deron Williams,Paul Millsap,Wesley Matthews,3,3:18,UTA,rebound,,,,,,,,,,,,,,,,,,
Amare Stoudemire,Channing Frye,Goran Dragic,Jason Richardson,Steve Nash,Andrei Kirilenko,Carlos Boozer,Deron Williams,Paul Millsap,Wesley Matthews,3,3:18,UTA,free throw,,,,,,,2,,2,Andrei Kirilenko,,,foul,made,,,,
Amare Stoudemire,Channing Frye,Goran Dragic,Jason Richardson,Steve Nash,Andrei Kirilenko,Carlos Boozer,Deron Williams,Paul Millsap,Wesley Matthews,3,3:08,PHX,shot,,,,,,,,,,Steve Nash,3,,,made,,3pt,41,25
Amare Stoudemire,Channing Frye,Goran Dragic,Jason Richardson,Steve Nash,Andrei Kirilenko,Carlos Boozer,Deron Williams,Paul Millsap,Wesley Matthews,3,2:52,UTA,shot,Wesley Matthews,,,,,,,,,Carlos Boozer,2,,,made,,floating jump,26,12
Amare Stoudemire,Channing Frye,Goran Dragic,Jason Richardson,Steve Nash,Andrei Kirilenko,Carlos Boozer,Deron Williams,Paul Millsap,Wesley Matthews,3,2:38,PHX,shot,Steve Nash,,,,,,,,,Channing Frye,3,,,made,,3pt,43,23
Amare Stoudemire,Channing Frye,Goran Dragic,Jason Richardson,Steve Nash,Andrei Kirilenko,Carlos Boozer,Deron Williams,Paul Millsap,Wesley Matthews,3,2:28,PHX,foul,,,,,,,,Deron Williams,,Steve Nash,,,,,,personal,,
Amare Stoudemire,Channing Frye,Goran Dragic,Jason Richardson,Steve Nash,Andrei Kirilenko,Carlos Boozer,Deron Williams,Paul Millsap,Wesley Matthews,3,2:28,PHX,timeout,,,,,,,,,,,,,,,,regular,,
Amare Stoudemire,Channing Frye,Earl Clark,Goran Dragic,Jason Richardson,Andrei Kirilenko,Carlos Boozer,Deron Williams,Paul Millsap,Wesley Matthews,3,2:28,PHX,sub,,,,Earl Clark,,Steve Nash,,,,,,,,,,,,
Amare Stoudemire,Channing Frye,Earl Clark,Goran Dragic,Jason Richardson,Andrei Kirilenko,Carlos Boozer,Deron Williams,Paul Millsap,Wesley Matthews,3,2:28,UTA,free throw,,,,,,,1,,2,Deron Williams,,,foul,missed,,,,
Amare Stoudemire,Channing Frye,Earl Clark,Goran Dragic,Jason Richardson,Andrei Kirilenko,Carlos Boozer,Deron Williams,Paul Millsap,Wesley Matthews,3,2:28,UTA,rebound,,,,,,,,,,,,,,,,,,
Amare Stoudemire,Channing Frye,Earl Clark,Goran Dragic,Jason Richardson,Andrei Kirilenko,Carlos Boozer,Deron Williams,Paul Millsap,Wesley Matthews,3,2:28,UTA,free throw,,,,,,,2,,2,Deron Williams,,,foul,made,,,,
Amare Stoudemire,Channing Frye,Earl Clark,Goran Dragic,Jason Richardson,Andrei Kirilenko,Carlos Boozer,Deron Williams,Paul Millsap,Wesley Matthews,3,2:13,PHX,shot,,,,,,,,,,Channing Frye,,,,missed,,jump,13,24
Amare Stoudemire,Channing Frye,Earl Clark,Goran Dragic,Jason Richardson,Andrei Kirilenko,Carlos Boozer,Deron Williams,Paul Millsap,Wesley Matthews,3,2:12,UTA,rebound,,,,,,,,,,Carlos Boozer,,,,,,def,,
Amare Stoudemire,Channing Frye,Earl Clark,Goran Dragic,Jason Richardson,Andrei Kirilenko,Carlos Boozer,Deron Williams,Paul Millsap,Wesley Matthews,3,2:04,UTA,shot,Deron Williams,,,,,,,,,Wesley Matthews,3,,,made,,3pt,49,8
Amare Stoudemire,Channing Frye,Earl Clark,Goran Dragic,Jason Richardson,Andrei Kirilenko,Carlos Boozer,Deron Williams,Paul Millsap,Wesley Matthews,3,1:42,PHX,shot,,,,,,,,,,Earl Clark,,,,missed,,layup,25,6
Amare Stoudemire,Channing Frye,Earl Clark,Goran Dragic,Jason Richardson,Andrei Kirilenko,Carlos Boozer,Deron Williams,Paul Millsap,Wesley Matthews,3,1:41,UTA,rebound,,,,,,,,,,Carlos Boozer,,,,,,def,,
Amare Stoudemire,Channing Frye,Earl Clark,Goran Dragic,Jason Richardson,Andrei Kirilenko,Carlos Boozer,Deron Williams,Paul Millsap,Wesley Matthews,3,1:35,UTA,shot,Deron Williams,,,,,,,,,Carlos Boozer,2,,,made,,jump,25,16
Amare Stoudemire,Channing Frye,Earl Clark,Goran Dragic,Jason Richardson,Andrei Kirilenko,Carlos Boozer,Deron Williams,Paul Millsap,Wesley Matthews,3,1:18,PHX,turnover,,,,,,,,,,Amare Stoudemire,,,lost ball,,Carlos Boozer,,,
Amare Stoudemire,Channing Frye,Earl Clark,Goran Dragic,Jason Richardson,Andrei Kirilenko,Carlos Boozer,Deron Williams,Paul Millsap,Wesley Matthews,3,1:13,UTA,shot,,,,,,,,,,Wesley Matthews,2,,,made,,driving layup,25,6
Amare Stoudemire,Channing Frye,Earl Clark,Goran Dragic,Jason Richardson,Andrei Kirilenko,Carlos Boozer,Deron Williams,Paul Millsap,Wesley Matthews,3,1:11,PHX,timeout,,,,,,,,,,,,,,,,regular,,
Channing Frye,Earl Clark,Goran Dragic,Jason Richardson,Robin Lopez,Andrei Kirilenko,Carlos Boozer,Deron Williams,Paul Millsap,Wesley Matthews,3,1:11,PHX,sub,,,,Robin Lopez,,Amare Stoudemire,,,,,,,,,,,,
Channing Frye,Earl Clark,Goran Dragic,Jason Richardson,Robin Lopez,Andrei Kirilenko,Carlos Boozer,Deron Williams,Paul Millsap,Wesley Matthews,3,0:55,PHX,shot,,,,,,,,,,Jason Richardson,,,,missed,,jump bank,11,15
Channing Frye,Earl Clark,Goran Dragic,Jason Richardson,Robin Lopez,Andrei Kirilenko,Carlos Boozer,Deron Williams,Paul Millsap,Wesley Matthews,3,0:53,UTA,rebound,,,,,,,,,,Andrei Kirilenko,,,,,,def,,
Channing Frye,Earl Clark,Goran Dragic,Jason Richardson,Robin Lopez,Andrei Kirilenko,Carlos Boozer,Deron Williams,Paul Millsap,Wesley Matthews,3,0:47,PHX,foul,,,,,,,,Carlos Boozer,,Channing Frye,,,,,,shooting,,
Channing Frye,Earl Clark,Goran Dragic,Jason Richardson,Robin Lopez,Andrei Kirilenko,Carlos Boozer,Deron Williams,Paul Millsap,Wesley Matthews,3,0:47,UTA,free throw,,,,,,,1,,2,Carlos Boozer,,,foul,made,,,,
Channing Frye,Earl Clark,Goran Dragic,Jason Richardson,Robin Lopez,Andrei Kirilenko,Carlos Boozer,Deron Williams,Paul Millsap,Wesley Matthews,3,0:47,UTA,free throw,,,,,,,2,,2,Carlos Boozer,,,foul,made,,,,
Channing Frye,Earl Clark,Goran Dragic,Jason Richardson,Robin Lopez,Andrei Kirilenko,Carlos Boozer,Deron Williams,Paul Millsap,Wesley Matthews,3,0:29,PHX,shot,,,Andrei Kirilenko,,,,,,,Earl Clark,,,,missed,,jump,31,10
Channing Frye,Earl Clark,Goran Dragic,Jason Richardson,Robin Lopez,Andrei Kirilenko,Carlos Boozer,Deron Williams,Paul Millsap,Wesley Matthews,3,0:28,UTA,rebound,,,,,,,,,,Andrei Kirilenko,,,,,,def,,
Channing Frye,Earl Clark,Goran Dragic,Jason Richardson,Robin Lopez,Andrei Kirilenko,Carlos Boozer,Deron Williams,Paul Millsap,Wesley Matthews,3,0:06,PHX,foul,,,,,,,,Andrei Kirilenko,,Goran Dragic,,,,,,personal,,
Channing Frye,Earl Clark,Goran Dragic,Jason Richardson,Robin Lopez,Andrei Kirilenko,Carlos Boozer,Deron Williams,Paul Millsap,Wesley Matthews,3,0:06,UTA,free throw,,,,,,,1,,2,Andrei Kirilenko,,,foul,made,,,,
Channing Frye,Earl Clark,Goran Dragic,Jason Richardson,Robin Lopez,Andrei Kirilenko,Carlos Boozer,Paul Millsap,Ronnie Price,Wesley Matthews,3,0:06,UTA,sub,,,,Ronnie Price,,Deron Williams,,,,,,,,,,,,
Channing Frye,Earl Clark,Goran Dragic,Jason Richardson,Robin Lopez,Andrei Kirilenko,Carlos Boozer,Paul Millsap,Ronnie Price,Wesley Matthews,3,0:06,UTA,free throw,,,,,,,2,,2,Andrei Kirilenko,,,foul,made,,,,
Channing Frye,Earl Clark,Goran Dragic,Jason Richardson,Robin Lopez,Andrei Kirilenko,Carlos Boozer,Paul Millsap,Ronnie Price,Wesley Matthews,3,0:00,PHX,shot,,,,,,,,,,Earl Clark,,,,missed,,jump,11,22
Channing Frye,Earl Clark,Goran Dragic,Jason Richardson,Robin Lopez,Andrei Kirilenko,Carlos Boozer,Paul Millsap,Ronnie Price,Wesley Matthews,3,0:00,PHX,rebound,,,,,,,,,,,,,,,,,,
Channing Frye,Goran Dragic,Jason Richardson,Robin Lopez,Steve Nash,Andrei Kirilenko,Mehmet Okur,Paul Millsap,Ronnie Price,Wesley Matthews,4,11:43,UTA,shot,,,,,,,,,,Mehmet Okur,,,,missed,,jump,8,5
Channing Frye,Goran Dragic,Jason Richardson,Robin Lopez,Steve Nash,Andrei Kirilenko,Mehmet Okur,Paul Millsap,Ronnie Price,Wesley Matthews,4,11:41,PHX,rebound,,,,,,,,,,Jason Richardson,,,,,,def,,
Channing Frye,Goran Dragic,Jason Richardson,Robin Lopez,Steve Nash,Andrei Kirilenko,Mehmet Okur,Paul Millsap,Ronnie Price,Wesley Matthews,4,11:23,PHX,shot,,,,,,,,,,Steve Nash,,,,missed,,turnaround fade away,26,16
Channing Frye,Goran Dragic,Jason Richardson,Robin Lopez,Steve Nash,Andrei Kirilenko,Mehmet Okur,Paul Millsap,Ronnie Price,Wesley Matthews,4,11:21,UTA,rebound,,,,,,,,,,Paul Millsap,,,,,,def,,
Channing Frye,Goran Dragic,Jason Richardson,Robin Lopez,Steve Nash,Andrei Kirilenko,Mehmet Okur,Paul Millsap,Ronnie Price,Wesley Matthews,4,11:04,UTA,shot,Paul Millsap,,,,,,,,,Andrei Kirilenko,2,,,made,,slam dunk,25,6
Channing Frye,Goran Dragic,Jason Richardson,Robin Lopez,Steve Nash,Andrei Kirilenko,Mehmet Okur,Paul Millsap,Ronnie Price,Wesley Matthews,4,10:46,UTA,foul,,,,,,,,Channing Frye,,Ronnie Price,,,,,,personal,,
Amare Stoudemire,Goran Dragic,Jason Richardson,Robin Lopez,Steve Nash,Andrei Kirilenko,Mehmet Okur,Paul Millsap,Ronnie Price,Wesley Matthews,4,10:46,PHX,sub,,,,Amare Stoudemire,,Channing Frye,,,,,,,,,,,,
Amare Stoudemire,Goran Dragic,Jared Dudley,Robin Lopez,Steve Nash,Andrei Kirilenko,Mehmet Okur,Paul Millsap,Ronnie Price,Wesley Matthews,4,10:46,PHX,sub,,,,Jared Dudley,,Jason Richardson,,,,,,,,,,,,
Amare Stoudemire,Goran Dragic,Jared Dudley,Robin Lopez,Steve Nash,Andrei Kirilenko,Mehmet Okur,Paul Millsap,Ronnie Price,Wesley Matthews,4,10:31,PHX,shot,,,,,,,,,,Amare Stoudemire,,,,missed,,jump,18,24
Amare Stoudemire,Goran Dragic,Jared Dudley,Robin Lopez,Steve Nash,Andrei Kirilenko,Mehmet Okur,Paul Millsap,Ronnie Price,Wesley Matthews,4,10:30,UTA,rebound,,,,,,,,,,Wesley Matthews,,,,,,def,,
Amare Stoudemire,Goran Dragic,Jared Dudley,Robin Lopez,Steve Nash,Andrei Kirilenko,Mehmet Okur,Paul Millsap,Ronnie Price,Wesley Matthews,4,10:14,UTA,shot,,,,,,,,,,Wesley Matthews,,,,missed,,jump,19,23
Amare Stoudemire,Goran Dragic,Jared Dudley,Robin Lopez,Steve Nash,Andrei Kirilenko,Mehmet Okur,Paul Millsap,Ronnie Price,Wesley Matthews,4,10:12,UTA,rebound,,,,,,,,,,Andrei Kirilenko,,,,,,off,,
Amare Stoudemire,Goran Dragic,Jared Dudley,Robin Lopez,Steve Nash,Andrei Kirilenko,Mehmet Okur,Paul Millsap,Ronnie Price,Wesley Matthews,4,10:12,UTA,shot,,,,,,,,,,Andrei Kirilenko,2,,,made,,layup,25,6
Amare Stoudemire,Goran Dragic,Jared Dudley,Robin Lopez,Steve Nash,Andrei Kirilenko,Mehmet Okur,Paul Millsap,Ronnie Price,Wesley Matthews,4,10:01,PHX,shot,,,,,,,,,,Jared Dudley,,,,missed,,3pt,1,5
Amare Stoudemire,Goran Dragic,Jared Dudley,Robin Lopez,Steve Nash,Andrei Kirilenko,Mehmet Okur,Paul Millsap,Ronnie Price,Wesley Matthews,4,10:00,UTA,rebound,,,,,,,,,,Wesley Matthews,,,,,,def,,
Amare Stoudemire,Goran Dragic,Jared Dudley,Robin Lopez,Steve Nash,Andrei Kirilenko,Mehmet Okur,Paul Millsap,Ronnie Price,Wesley Matthews,4,9:55,UTA,shot,,,,,,,,,,Andrei Kirilenko,,,,missed,,layup,25,6
Amare Stoudemire,Goran Dragic,Jared Dudley,Robin Lopez,Steve Nash,Andrei Kirilenko,Mehmet Okur,Paul Millsap,Ronnie Price,Wesley Matthews,4,9:53,UTA,rebound,,,,,,,,,,Wesley Matthews,,,,,,off,,
Amare Stoudemire,Goran Dragic,Jared Dudley,Robin Lopez,Steve Nash,Andrei Kirilenko,Mehmet Okur,Paul Millsap,Ronnie Price,Wesley Matthews,4,9:51,UTA,shot,,,,,,,,,,Paul Millsap,,,,missed,,layup,25,6
Amare Stoudemire,Goran Dragic,Jared Dudley,Robin Lopez,Steve Nash,Andrei Kirilenko,Mehmet Okur,Paul Millsap,Ronnie Price,Wesley Matthews,4,9:50,PHX,rebound,,,,,,,,,,Robin Lopez,,,,,,def,,
Amare Stoudemire,Goran Dragic,Jared Dudley,Robin Lopez,Steve Nash,Andrei Kirilenko,Mehmet Okur,Paul Millsap,Ronnie Price,Wesley Matthews,4,9:36,UTA,foul,,,,,,,,Amare Stoudemire,,Mehmet Okur,,,,,,shooting,,
Amare Stoudemire,Goran Dragic,Jared Dudley,Robin Lopez,Steve Nash,Andrei Kirilenko,Mehmet Okur,Paul Millsap,Ronnie Price,Wesley Matthews,4,9:36,PHX,free throw,,,,,,,1,,2,Amare Stoudemire,,,foul,made,,,,
Amare Stoudemire,Goran Dragic,Jared Dudley,Robin Lopez,Steve Nash,Andrei Kirilenko,Mehmet Okur,Paul Millsap,Ronnie Price,Wesley Matthews,4,9:36,PHX,free throw,,,,,,,2,,2,Amare Stoudemire,,,foul,missed,,,,
Amare Stoudemire,Goran Dragic,Jared Dudley,Robin Lopez,Steve Nash,Andrei Kirilenko,Mehmet Okur,Paul Millsap,Ronnie Price,Wesley Matthews,4,9:35,UTA,rebound,,,,,,,,,,Mehmet Okur,,,,,,def,,
Amare Stoudemire,Goran Dragic,Jared Dudley,Robin Lopez,Steve Nash,Andrei Kirilenko,Mehmet Okur,Paul Millsap,Ronnie Price,Wesley Matthews,4,9:14,UTA,shot,,,,,,,,,,Andrei Kirilenko,,,,missed,,jump,8,5
Amare Stoudemire,Goran Dragic,Jared Dudley,Robin Lopez,Steve Nash,Andrei Kirilenko,Mehmet Okur,Paul Millsap,Ronnie Price,Wesley Matthews,4,9:14,UTA,rebound,,,,,,,,,,,,,,,,,,
Amare Stoudemire,Goran Dragic,Jared Dudley,Robin Lopez,Steve Nash,Andrei Kirilenko,Mehmet Okur,Paul Millsap,Ronnie Price,Wesley Matthews,4,9:14,PHX,foul,,,,,,,,Mehmet Okur,,Steve Nash,,,,,,personal,,
Amare Stoudemire,Goran Dragic,Jared Dudley,Robin Lopez,Steve Nash,Andrei Kirilenko,Deron Williams,Mehmet Okur,Paul Millsap,Wesley Matthews,4,9:14,UTA,sub,,,,Deron Williams,,Ronnie Price,,,,,,,,,,,,
Amare Stoudemire,Goran Dragic,Jared Dudley,Robin Lopez,Steve Nash,Deron Williams,Mehmet Okur,Paul Millsap,Ronnie Brewer,Wesley Matthews,4,9:14,UTA,sub,,,,Ronnie Brewer,,Andrei Kirilenko,,,,,,,,,,,,
Amare Stoudemire,Goran Dragic,Jared Dudley,Robin Lopez,Steve Nash,Deron Williams,Mehmet Okur,Paul Millsap,Ronnie Brewer,Wesley Matthews,4,9:08,UTA,shot,,,Amare Stoudemire,,,,,,,Paul Millsap,,,,missed,,layup,25,6
Amare Stoudemire,Goran Dragic,Jared Dudley,Robin Lopez,Steve Nash,Deron Williams,Mehmet Okur,Paul Millsap,Ronnie Brewer,Wesley Matthews,4,9:06,PHX,rebound,,,,,,,,,,Steve Nash,,,,,,def,,
Amare Stoudemire,Goran Dragic,Jared Dudley,Robin Lopez,Steve Nash,Deron Williams,Mehmet Okur,Paul Millsap,Ronnie Brewer,Wesley Matthews,4,9:00,PHX,shot,,,,,,,,,,Steve Nash,3,,,made,,3pt,23,30
Amare Stoudemire,Goran Dragic,Jared Dudley,Robin Lopez,Steve Nash,Deron Williams,Mehmet Okur,Paul Millsap,Ronnie Brewer,Wesley Matthews,4,8:50,PHX,foul,,,,,,,,Paul Millsap,,Amare Stoudemire,,,,,,personal,,
Amare Stoudemire,Goran Dragic,Jared Dudley,Robin Lopez,Steve Nash,Deron Williams,Mehmet Okur,Paul Millsap,Ronnie Brewer,Wesley Matthews,4,8:50,UTA,timeout,,,,,,,,,,,,,,,,official,,
Amare Stoudemire,Goran Dragic,Jared Dudley,Robin Lopez,Steve Nash,Deron Williams,Mehmet Okur,Paul Millsap,Ronnie Brewer,Wesley Matthews,4,8:39,UTA,shot,Wesley Matthews,,,,,,,,,Paul Millsap,2,,,made,,reverse layup,25,6
Amare Stoudemire,Goran Dragic,Jared Dudley,Robin Lopez,Steve Nash,Deron Williams,Mehmet Okur,Paul Millsap,Ronnie Brewer,Wesley Matthews,4,8:39,PHX,foul,,,,,,,,Paul Millsap,,Robin Lopez,,,,,,shooting,,
Amare Stoudemire,Goran Dragic,Jared Dudley,Robin Lopez,Steve Nash,Deron Williams,Mehmet Okur,Paul Millsap,Ronnie Brewer,Wesley Matthews,4,8:39,UTA,free throw,,,,,,,1,,1,Paul Millsap,,,foul,missed,,,,
Amare Stoudemire,Goran Dragic,Jared Dudley,Robin Lopez,Steve Nash,Deron Williams,Mehmet Okur,Paul Millsap,Ronnie Brewer,Wesley Matthews,4,8:38,PHX,rebound,,,,,,,,,,,,,,,,,,
Amare Stoudemire,Goran Dragic,Jared Dudley,Robin Lopez,Steve Nash,Deron Williams,Mehmet Okur,Paul Millsap,Ronnie Brewer,Wesley Matthews,4,8:38,UTA,foul,,,,,,,,Jared Dudley,,Paul Millsap,,,,,,loose ball,,
Amare Stoudemire,Goran Dragic,Jared Dudley,Robin Lopez,Steve Nash,Deron Williams,Mehmet Okur,Paul Millsap,Ronnie Brewer,Wesley Matthews,4,8:14,PHX,turnover,,,,,,,,,,Steve Nash,,,bad pass,,Paul Millsap,,,
Amare Stoudemire,Goran Dragic,Jared Dudley,Robin Lopez,Steve Nash,Deron Williams,Mehmet Okur,Paul Millsap,Ronnie Brewer,Wesley Matthews,4,8:13,PHX,foul,,,,,,,,Paul Millsap,,Robin Lopez,,,,,,personal,,
Amare Stoudemire,Channing Frye,Goran Dragic,Jared Dudley,Steve Nash,Deron Williams,Mehmet Okur,Paul Millsap,Ronnie Brewer,Wesley Matthews,4,8:13,PHX,sub,,,,Channing Frye,,Robin Lopez,,,,,,,,,,,,
Amare Stoudemire,Channing Frye,Goran Dragic,Jared Dudley,Steve Nash,Deron Williams,Mehmet Okur,Paul Millsap,Ronnie Brewer,Wesley Matthews,4,7:59,UTA,shot,Deron Williams,,,,,,,,,Wesley Matthews,3,,,made,,3pt,46,20
Amare Stoudemire,Channing Frye,Goran Dragic,Jared Dudley,Steve Nash,Deron Williams,Mehmet Okur,Paul Millsap,Ronnie Brewer,Wesley Matthews,4,7:51,PHX,shot,Steve Nash,,,,,,,,,Goran Dragic,3,,,made,,3pt,48,14
Amare Stoudemire,Channing Frye,Goran Dragic,Jared Dudley,Steve Nash,Deron Williams,Mehmet Okur,Paul Millsap,Ronnie Brewer,Wesley Matthews,4,7:30,UTA,shot,,,,,,,,,,Mehmet Okur,,,,missed,,3pt,42,24
Amare Stoudemire,Channing Frye,Goran Dragic,Jared Dudley,Steve Nash,Deron Williams,Mehmet Okur,Paul Millsap,Ronnie Brewer,Wesley Matthews,4,7:29,PHX,rebound,,,,,,,,,,Jared Dudley,,,,,,def,,
Amare Stoudemire,Channing Frye,Goran Dragic,Jared Dudley,Steve Nash,Deron Williams,Mehmet Okur,Paul Millsap,Ronnie Brewer,Wesley Matthews,4,7:21,PHX,shot,,,,,,,,,,Amare Stoudemire,,,,missed,,jump,25,11
Amare Stoudemire,Channing Frye,Goran Dragic,Jared Dudley,Steve Nash,Deron Williams,Mehmet Okur,Paul Millsap,Ronnie Brewer,Wesley Matthews,4,7:19,PHX,rebound,,,,,,,,,,,,,,,,,,
Amare Stoudemire,Channing Frye,Goran Dragic,Jared Dudley,Steve Nash,Carlos Boozer,Deron Williams,Mehmet Okur,Ronnie Brewer,Wesley Matthews,4,7:19,UTA,sub,,,,Carlos Boozer,,Paul Millsap,,,,,,,,,,,,
Amare Stoudemire,Channing Frye,Goran Dragic,Jared Dudley,Steve Nash,Andrei Kirilenko,Carlos Boozer,Deron Williams,Mehmet Okur,Wesley Matthews,4,7:19,UTA,sub,,,,Andrei Kirilenko,,Ronnie Brewer,,,,,,,,,,,,
Amare Stoudemire,Channing Frye,Goran Dragic,Jared Dudley,Steve Nash,Andrei Kirilenko,Carlos Boozer,Deron Williams,Mehmet Okur,Wesley Matthews,4,7:16,PHX,shot,,,,,,,,,,Amare Stoudemire,,,,missed,,jump,8,12
Amare Stoudemire,Channing Frye,Goran Dragic,Jared Dudley,Steve Nash,Andrei Kirilenko,Carlos Boozer,Deron Williams,Mehmet Okur,Wesley Matthews,4,7:15,UTA,rebound,,,,,,,,,,Carlos Boozer,,,,,,def,,
Amare Stoudemire,Channing Frye,Goran Dragic,Jared Dudley,Steve Nash,Andrei Kirilenko,Carlos Boozer,Deron Williams,Mehmet Okur,Wesley Matthews,4,7:07,UTA,shot,,,,,,,,,,Deron Williams,2,,,made,,driving layup,25,6
Amare Stoudemire,Channing Frye,Goran Dragic,Jared Dudley,Steve Nash,Andrei Kirilenko,Carlos Boozer,Deron Williams,Mehmet Okur,Wesley Matthews,4,6:48,PHX,shot,Steve Nash,,,,,,,,,Channing Frye,3,,,made,,3pt,42,24
Amare Stoudemire,Channing Frye,Goran Dragic,Jared Dudley,Steve Nash,Andrei Kirilenko,Carlos Boozer,Deron Williams,Mehmet Okur,Wesley Matthews,4,6:21,UTA,shot,,,,,,,,,,Wesley Matthews,,,,missed,,3pt,46,20
Amare Stoudemire,Channing Frye,Goran Dragic,Jared Dudley,Steve Nash,Andrei Kirilenko,Carlos Boozer,Deron Williams,Mehmet Okur,Wesley Matthews,4,6:19,UTA,rebound,,,,,,,,,,Carlos Boozer,,,,,,off,,
Amare Stoudemire,Channing Frye,Goran Dragic,Jared Dudley,Steve Nash,Andrei Kirilenko,Carlos Boozer,Deron Williams,Mehmet Okur,Wesley Matthews,4,6:12,UTA,shot,Wesley Matthews,,,,,,,,,Carlos Boozer,2,,,made,,jump,45,4
Amare Stoudemire,Channing Frye,Goran Dragic,Jared Dudley,Steve Nash,Andrei Kirilenko,Carlos Boozer,Deron Williams,Mehmet Okur,Wesley Matthews,4,5:59,PHX,shot,,,,,,,,,,Steve Nash,,,,missed,,jump,30,8
Amare Stoudemire,Channing Frye,Goran Dragic,Jared Dudley,Steve Nash,Andrei Kirilenko,Carlos Boozer,Deron Williams,Mehmet Okur,Wesley Matthews,4,5:58,UTA,rebound,,,,,,,,,,Carlos Boozer,,,,,,def,,
Amare Stoudemire,Channing Frye,Goran Dragic,Jared Dudley,Steve Nash,Andrei Kirilenko,Carlos Boozer,Deron Williams,Mehmet Okur,Wesley Matthews,4,5:49,PHX,foul,,,,,,,,Wesley Matthews,,Jared Dudley,,,,,,shooting,,
Amare Stoudemire,Channing Frye,Goran Dragic,Jared Dudley,Steve Nash,Andrei Kirilenko,Carlos Boozer,Deron Williams,Mehmet Okur,Wesley Matthews,4,5:49,UTA,timeout,,,,,,,,,,,,,,,,regular,,
Amare Stoudemire,Channing Frye,Goran Dragic,Jared Dudley,Steve Nash,Andrei Kirilenko,Carlos Boozer,Deron Williams,Paul Millsap,Wesley Matthews,4,5:49,UTA,sub,,,,Paul Millsap,,Mehmet Okur,,,,,,,,,,,,
Amare Stoudemire,Channing Frye,Goran Dragic,Jason Richardson,Steve Nash,Andrei Kirilenko,Carlos Boozer,Deron Williams,Paul Millsap,Wesley Matthews,4,5:49,PHX,sub,,,,Jason Richardson,,Jared Dudley,,,,,,,,,,,,
Amare Stoudemire,Channing Frye,Goran Dragic,Jason Richardson,Steve Nash,Andrei Kirilenko,Carlos Boozer,Deron Williams,Paul Millsap,Wesley Matthews,4,5:49,UTA,free throw,,,,,,,1,,2,Wesley Matthews,,,foul,made,,,,
Amare Stoudemire,Channing Frye,Goran Dragic,Jason Richardson,Steve Nash,Andrei Kirilenko,Carlos Boozer,Deron Williams,Paul Millsap,Wesley Matthews,4,5:49,UTA,free throw,,,,,,,2,,2,Wesley Matthews,,,foul,made,,,,
Amare Stoudemire,Channing Frye,Goran Dragic,Jason Richardson,Steve Nash,Andrei Kirilenko,Carlos Boozer,Deron Williams,Paul Millsap,Wesley Matthews,4,5:44,UTA,foul,,,,,,,,Steve Nash,,Deron Williams,,,,,,personal,,
Amare Stoudemire,Channing Frye,Goran Dragic,Jason Richardson,Steve Nash,Andrei Kirilenko,Carlos Boozer,Deron Williams,Paul Millsap,Wesley Matthews,4,5:36,PHX,turnover,,,,,,,,,,Steve Nash,,,bad pass,,Wesley Matthews,,,
Amare Stoudemire,Channing Frye,Goran Dragic,Jason Richardson,Steve Nash,Andrei Kirilenko,Carlos Boozer,Deron Williams,Paul Millsap,Wesley Matthews,4,5:17,UTA,shot,,,,,,,,,,Carlos Boozer,,,,missed,,jump,27,10
Amare Stoudemire,Channing Frye,Goran Dragic,Jason Richardson,Steve Nash,Andrei Kirilenko,Carlos Boozer,Deron Williams,Paul Millsap,Wesley Matthews,4,5:16,UTA,rebound,,,,,,,,,,Paul Millsap,,,,,,off,,
Amare Stoudemire,Channing Frye,Goran Dragic,Jason Richardson,Steve Nash,Andrei Kirilenko,Carlos Boozer,Deron Williams,Paul Millsap,Wesley Matthews,4,5:16,UTA,shot,,,,,,,,,,Paul Millsap,,,,missed,,layup,25,6
Amare Stoudemire,Channing Frye,Goran Dragic,Jason Richardson,Steve Nash,Andrei Kirilenko,Carlos Boozer,Deron Williams,Paul Millsap,Wesley Matthews,4,5:16,UTA,rebound,,,,,,,,,,,,,,,,,,
Amare Stoudemire,Channing Frye,Goran Dragic,Jason Richardson,Steve Nash,Andrei Kirilenko,Carlos Boozer,Deron Williams,Paul Millsap,Wesley Matthews,4,5:16,PHX,foul,,,,,,,,Andrei Kirilenko,,Amare Stoudemire,,,,,,shooting,,
Amare Stoudemire,Channing Frye,Goran Dragic,Jason Richardson,Steve Nash,Andrei Kirilenko,Carlos Boozer,Deron Williams,Paul Millsap,Wesley Matthews,4,5:16,UTA,free throw,,,,,,,1,,2,Andrei Kirilenko,,,foul,made,,,,
Amare Stoudemire,Channing Frye,Goran Dragic,Jason Richardson,Steve Nash,Andrei Kirilenko,Carlos Boozer,Deron Williams,Paul Millsap,Wesley Matthews,4,5:16,UTA,free throw,,,,,,,2,,2,Andrei Kirilenko,,,foul,made,,,,
Amare Stoudemire,Channing Frye,Goran Dragic,Jason Richardson,Steve Nash,Andrei Kirilenko,Carlos Boozer,Deron Williams,Paul Millsap,Wesley Matthews,4,5:03,PHX,shot,,,,,,,,,,Channing Frye,,,,missed,,3pt,21,30
Amare Stoudemire,Channing Frye,Goran Dragic,Jason Richardson,Steve Nash,Andrei Kirilenko,Carlos Boozer,Deron Williams,Paul Millsap,Wesley Matthews,4,5:02,UTA,rebound,,,,,,,,,,Deron Williams,,,,,,def,,
Amare Stoudemire,Channing Frye,Goran Dragic,Jason Richardson,Steve Nash,Andrei Kirilenko,Carlos Boozer,Deron Williams,Paul Millsap,Wesley Matthews,4,4:51,UTA,shot,Deron Williams,,,,,,,,,Wesley Matthews,3,,,made,,3pt,49,8
Amare Stoudemire,Channing Frye,Goran Dragic,Jason Richardson,Steve Nash,Andrei Kirilenko,Carlos Boozer,Deron Williams,Paul Millsap,Wesley Matthews,4,4:50,PHX,timeout,,,,,,,,,,,,,,,,regular,,
Amare Stoudemire,Channing Frye,Goran Dragic,Jason Richardson,Steve Nash,Andrei Kirilenko,Carlos Boozer,Deron Williams,Paul Millsap,Wesley Matthews,4,4:28,PHX,shot,Steve Nash,,,,,,,,,Goran Dragic,3,,,made,,3pt,10,26
Amare Stoudemire,Channing Frye,Goran Dragic,Jason Richardson,Steve Nash,Andrei Kirilenko,Carlos Boozer,Deron Williams,Paul Millsap,Wesley Matthews,4,4:07,UTA,shot,Andrei Kirilenko,,,,,,,,,Paul Millsap,2,,,made,,jump,14,5
Amare Stoudemire,Channing Frye,Goran Dragic,Jason Richardson,Steve Nash,Andrei Kirilenko,Carlos Boozer,Deron Williams,Paul Millsap,Wesley Matthews,4,3:50,PHX,turnover,,,,,,,,,,Goran Dragic,,,lost ball,,Wesley Matthews,,,
Amare Stoudemire,Channing Frye,Goran Dragic,Jason Richardson,Steve Nash,Andrei Kirilenko,Carlos Boozer,Deron Williams,Paul Millsap,Wesley Matthews,4,3:46,PHX,foul,,,,,,,,Wesley Matthews,,Channing Frye,,,,,,shooting,,
Amare Stoudemire,Channing Frye,Goran Dragic,Jason Richardson,Steve Nash,Andrei Kirilenko,Carlos Boozer,Deron Williams,Paul Millsap,Wesley Matthews,4,3:46,UTA,free throw,,,,,,,1,,2,Wesley Matthews,,,foul,made,,,,
Amare Stoudemire,Channing Frye,Goran Dragic,Jason Richardson,Steve Nash,Andrei Kirilenko,Carlos Boozer,Deron Williams,Paul Millsap,Wesley Matthews,4,3:46,UTA,free throw,,,,,,,2,,2,Wesley Matthews,,,foul,made,,,,
Amare Stoudemire,Channing Frye,Goran Dragic,Jason Richardson,Steve Nash,Andrei Kirilenko,Carlos Boozer,Deron Williams,Paul Millsap,Wesley Matthews,4,3:24,PHX,shot,,,Andrei Kirilenko,,,,,,,Channing Frye,,,,missed,,driving dunk,25,6
Amare Stoudemire,Channing Frye,Goran Dragic,Jason Richardson,Steve Nash,Andrei Kirilenko,Carlos Boozer,Deron Williams,Paul Millsap,Wesley Matthews,4,3:22,UTA,rebound,,,,,,,,,,Deron Williams,,,,,,def,,
Amare Stoudemire,Channing Frye,Goran Dragic,Jason Richardson,Steve Nash,Andrei Kirilenko,Carlos Boozer,Deron Williams,Paul Millsap,Wesley Matthews,4,3:09,PHX,foul,,,,,,,,Carlos Boozer,,Jason Richardson,,,,,,shooting,,
Amare Stoudemire,Channing Frye,Goran Dragic,Jason Richardson,Steve Nash,Andrei Kirilenko,Carlos Boozer,Deron Williams,Paul Millsap,Wesley Matthews,4,3:09,UTA,free throw,,,,,,,1,,2,Carlos Boozer,,,foul,made,,,,
Amare Stoudemire,Channing Frye,Goran Dragic,Jason Richardson,Steve Nash,Andrei Kirilenko,Carlos Boozer,Deron Williams,Paul Millsap,Wesley Matthews,4,3:09,UTA,free throw,,,,,,,2,,2,Carlos Boozer,,,foul,made,,,,
Amare Stoudemire,Channing Frye,Goran Dragic,Jason Richardson,Steve Nash,Andrei Kirilenko,Carlos Boozer,Deron Williams,Paul Millsap,Wesley Matthews,4,2:55,PHX,shot,,,,,,,,,,Goran Dragic,,,,missed,,3pt,2,10
Amare Stoudemire,Channing Frye,Goran Dragic,Jason Richardson,Steve Nash,Andrei Kirilenko,Carlos Boozer,Deron Williams,Paul Millsap,Wesley Matthews,4,2:54,UTA,rebound,,,,,,,,,,Paul Millsap,,,,,,def,,
Amare Stoudemire,Channing Frye,Goran Dragic,Jason Richardson,Steve Nash,Andrei Kirilenko,Carlos Boozer,Deron Williams,Paul Millsap,Wesley Matthews,4,2:31,UTA,shot,,,,,,,,,,Paul Millsap,2,,,made,,jump,8,11
Amare Stoudemire,Channing Frye,Goran Dragic,Jason Richardson,Steve Nash,Andrei Kirilenko,Carlos Boozer,Deron Williams,Paul Millsap,Wesley Matthews,4,2:20,PHX,shot,,,,,,,,,,Steve Nash,2,,,made,,driving layup,25,6
Amare Stoudemire,Channing Frye,Goran Dragic,Jason Richardson,Steve Nash,Andrei Kirilenko,Carlos Boozer,Deron Williams,Paul Millsap,Wesley Matthews,4,1:56,UTA,shot,,,,,,,,,,Deron Williams,3,,,made,,3pt,33,29
Amare Stoudemire,Channing Frye,Goran Dragic,Jason Richardson,Steve Nash,Andrei Kirilenko,Carlos Boozer,Deron Williams,Paul Millsap,Wesley Matthews,4,1:56,PHX,timeout,,,,,,,,,,,,,,,,regular,,
Amare Stoudemire,Channing Frye,Goran Dragic,Jason Richardson,Steve Nash,Andrei Kirilenko,Carlos Boozer,Deron Williams,Paul Millsap,Wesley Matthews,4,1:51,PHX,shot,,,,,,,,,,Channing Frye,,,,missed,,3pt,14,29
Amare Stoudemire,Channing Frye,Goran Dragic,Jason Richardson,Steve Nash,Andrei Kirilenko,Carlos Boozer,Deron Williams,Paul Millsap,Wesley Matthews,4,1:50,PHX,rebound,,,,,,,,,,Jason Richardson,,,,,,off,,
Amare Stoudemire,Channing Frye,Goran Dragic,Jason Richardson,Steve Nash,Andrei Kirilenko,Carlos Boozer,Deron Williams,Paul Millsap,Wesley Matthews,4,1:46,PHX,shot,,,,,,,,,,Steve Nash,2,,,made,,driving layup,25,6
Amare Stoudemire,Channing Frye,Goran Dragic,Jason Richardson,Steve Nash,Andrei Kirilenko,Carlos Boozer,Deron Williams,Paul Millsap,Wesley Matthews,4,1:22,UTA,turnover,,,,,,,,,,Paul Millsap,,,lost ball,,Channing Frye,,,
Amare Stoudemire,Channing Frye,Goran Dragic,Jason Richardson,Steve Nash,Andrei Kirilenko,Carlos Boozer,Deron Williams,Paul Millsap,Wesley Matthews,4,1:18,PHX,shot,,,,,,,,,,Goran Dragic,2,,,made,,driving layup,25,6
Amare Stoudemire,Channing Frye,Goran Dragic,Jason Richardson,Steve Nash,Andrei Kirilenko,Carlos Boozer,Deron Williams,Paul Millsap,Wesley Matthews,4,0:57,UTA,shot,,,,,,,,,,Wesley Matthews,,,,missed,,jump,25,17
Amare Stoudemire,Channing Frye,Goran Dragic,Jason Richardson,Steve Nash,Andrei Kirilenko,Carlos Boozer,Deron Williams,Paul Millsap,Wesley Matthews,4,0:55,UTA,rebound,,,,,,,,,,Carlos Boozer,,,,,,off,,
Amare Stoudemire,Channing Frye,Goran Dragic,Jason Richardson,Steve Nash,Andrei Kirilenko,Carlos Boozer,Deron Williams,Paul Millsap,Wesley Matthews,4,0:55,UTA,shot,,,,,,,,,,Carlos Boozer,,,,missed,,putback layup,25,6
Amare Stoudemire,Channing Frye,Goran Dragic,Jason Richardson,Steve Nash,Andrei Kirilenko,Carlos Boozer,Deron Williams,Paul Millsap,Wesley Matthews,4,0:54,UTA,rebound,,,,,,,,,,Andrei Kirilenko,,,,,,off,,
Amare Stoudemire,Channing Frye,Goran Dragic,Jason Richardson,Steve Nash,Andrei Kirilenko,Carlos Boozer,Deron Williams,Paul Millsap,Wesley Matthews,4,0:54,UTA,shot,,,,,,,,,,Andrei Kirilenko,2,,,made,,tip,25,6
Amare Stoudemire,Channing Frye,Goran Dragic,Jason Richardson,Steve Nash,Andrei Kirilenko,Carlos Boozer,Deron Williams,Paul Millsap,Wesley Matthews,4,0:45,PHX,shot,,,,,,,,,,Steve Nash,,,,missed,,jump,20,17
Amare Stoudemire,Channing Frye,Goran Dragic,Jason Richardson,Steve Nash,Andrei Kirilenko,Carlos Boozer,Deron Williams,Paul Millsap,Wesley Matthews,4,0:43,UTA,rebound,,,,,,,,,,Carlos Boozer,,,,,,def,,
Amare Stoudemire,Channing Frye,Goran Dragic,Jason Richardson,Steve Nash,Andrei Kirilenko,Carlos Boozer,Deron Williams,Paul Millsap,Wesley Matthews,4,0:24,UTA,shot,,,Amare Stoudemire,,,,,,,Carlos Boozer,,,,missed,,dunk,25,6
Amare Stoudemire,Channing Frye,Goran Dragic,Jason Richardson,Steve Nash,Andrei Kirilenko,Carlos Boozer,Deron Williams,Paul Millsap,Wesley Matthews,4,0:22,PHX,rebound,,,,,,,,,,Goran Dragic,,,,,,def,,
Amare Stoudemire,Channing Frye,Goran Dragic,Jason Richardson,Steve Nash,Andrei Kirilenko,Carlos Boozer,Deron Williams,Paul Millsap,Wesley Matthews,4,0:17,PHX,shot,,,,,,,,,,Channing Frye,,,,missed,,3pt,41,25
Amare Stoudemire,Channing Frye,Goran Dragic,Jason Richardson,Steve Nash,Andrei Kirilenko,Carlos Boozer,Deron Williams,Paul Millsap,Wesley Matthews,4,0:15,UTA,rebound,,,,,,,,,,Carlos Boozer,,,,,,def,,
