a1,a2,a3,a4,a5,h1,h2,h3,h4,h5,period,time,team,etype,assist,away,block,entered,home,left,num,opponent,outof,player,points,possession,reason,result,steal,type,x,y
Al Jefferson,Corey Brewer,Damien Wilkins,Jonny Flynn,Kevin Love,Derrick Rose,Joakim Noah,Kirk Hinrich,Luol Deng,Taj Gibson,1,12:00,OFF,jump ball,,Al Jefferson,,,Joakim Noah,,,,,,,Taj Gibson,,,,,,
Al Jefferson,Corey Brewer,Damien Wilkins,Jonny Flynn,Kevin Love,Derrick Rose,Joakim Noah,Kirk Hinrich,Luol Deng,Taj Gibson,1,11:44,CHI,shot,,,,,,,,,,Taj Gibson,,,,missed,,hook,26,13
Al Jefferson,Corey Brewer,Damien Wilkins,Jonny Flynn,Kevin Love,Derrick Rose,Joakim Noah,Kirk Hinrich,Luol Deng,Taj Gibson,1,11:43,MIN,rebound,,,,,,,,,,Kevin Love,,,,,,def,,
Al Jefferson,Corey Brewer,Damien Wilkins,Jonny Flynn,Kevin Love,Derrick Rose,Joakim Noah,Kirk Hinrich,Luol Deng,Taj Gibson,1,11:24,MIN,shot,,,,,,,,,,Kevin Love,2,,,made,,hook,26,12
Al Jefferson,Corey Brewer,Damien Wilkins,Jonny Flynn,Kevin Love,Derrick Rose,Joakim Noah,Kirk Hinrich,Luol Deng,Taj Gibson,1,11:07,CHI,shot,,,,,,,,,,Kirk Hinrich,,,,missed,,jump,36,25
Al Jefferson,Corey Brewer,Damien Wilkins,Jonny Flynn,Kevin Love,Derrick Rose,Joakim Noah,Kirk Hinrich,Luol Deng,Taj Gibson,1,11:06,CHI,rebound,,,,,,,,,,Taj Gibson,,,,,,off,,
Al Jefferson,Corey Brewer,Damien Wilkins,Jonny Flynn,Kevin Love,Derrick Rose,Joakim Noah,Kirk Hinrich,Luol Deng,Taj Gibson,1,10:50,CHI,turnover,,,,,,,,,,Luol Deng,,,bad pass,,Al Jefferson,,,
Al Jefferson,Corey Brewer,Damien Wilkins,Jonny Flynn,Kevin Love,Derrick Rose,Joakim Noah,Kirk Hinrich,Luol Deng,Taj Gibson,1,10:37,MIN,shot,,,,,,,,,,Al Jefferson,,,,missed,,jump,36,8
Al Jefferson,Corey Brewer,Damien Wilkins,Jonny Flynn,Kevin Love,Derrick Rose,Joakim Noah,Kirk Hinrich,Luol Deng,Taj Gibson,1,10:36,CHI,rebound,,,,,,,,,,Derrick Rose,,,,,,def,,
Al Jefferson,Corey Brewer,Damien Wilkins,Jonny Flynn,Kevin Love,Derrick Rose,Joakim Noah,Kirk Hinrich,Luol Deng,Taj Gibson,1,10:32,MIN,foul,,,,,,,,Joakim Noah,,Al Jefferson,,,,,,personal,,
Al Jefferson,Corey Brewer,Damien Wilkins,Jonny Flynn,Kevin Love,Derrick Rose,Joakim Noah,Kirk Hinrich,Luol Deng,Taj Gibson,1,10:20,CHI,shot,,,,,,,,,,Taj Gibson,,,,missed,,jump,16,20
Al Jefferson,Corey Brewer,Damien Wilkins,Jonny Flynn,Kevin Love,Derrick Rose,Joakim Noah,Kirk Hinrich,Luol Deng,Taj Gibson,1,10:19,MIN,rebound,,,,,,,,,,Corey Brewer,,,,,,def,,
Al Jefferson,Corey Brewer,Damien Wilkins,Jonny Flynn,Kevin Love,Derrick Rose,Joakim Noah,Kirk Hinrich,Luol Deng,Taj Gibson,1,10:06,MIN,shot,Al Jefferson,,,,,,,,,Damien Wilkins,2,,,made,,jump,30,21
Al Jefferson,Corey Brewer,Damien Wilkins,Jonny Flynn,Kevin Love,Derrick Rose,Joakim Noah,Kirk Hinrich,Luol Deng,Taj Gibson,1,9:54,CHI,shot,,,,,,,,,,Derrick Rose,2,,,made,,running jump,17,14
Al Jefferson,Corey Brewer,Damien Wilkins,Jonny Flynn,Kevin Love,Derrick Rose,Joakim Noah,Kirk Hinrich,Luol Deng,Taj Gibson,1,9:48,MIN,shot,,,,,,,,,,Jonny Flynn,2,,,made,,layup,25,6
Al Jefferson,Corey Brewer,Damien Wilkins,Jonny Flynn,Kevin Love,Derrick Rose,Joakim Noah,Kirk Hinrich,Luol Deng,Taj Gibson,1,9:28,CHI,shot,,,,,,,,,,Joakim Noah,2,,,made,,layup,25,6
Al Jefferson,Corey Brewer,Damien Wilkins,Jonny Flynn,Kevin Love,Derrick Rose,Joakim Noah,Kirk Hinrich,Luol Deng,Taj Gibson,1,9:11,CHI,foul,,,,,,,,Kevin Love,,Taj Gibson,,,,,,shooting,,
Al Jefferson,Corey Brewer,Damien Wilkins,Jonny Flynn,Kevin Love,Derrick Rose,Joakim Noah,Kirk Hinrich,Luol Deng,Taj Gibson,1,9:11,MIN,free throw,,,,,,,1,,2,Kevin Love,,,foul,made,,,,
Al Jefferson,Corey Brewer,Damien Wilkins,Jonny Flynn,Kevin Love,Derrick Rose,Joakim Noah,Kirk Hinrich,Luol Deng,Taj Gibson,1,9:11,MIN,free throw,,,,,,,2,,2,Kevin Love,,,foul,made,,,,
Al Jefferson,Corey Brewer,Damien Wilkins,Jonny Flynn,Kevin Love,Derrick Rose,Joakim Noah,Kirk Hinrich,Luol Deng,Taj Gibson,1,8:57,CHI,shot,,,,,,,,,,Luol Deng,,,,missed,,jump,8,19
Al Jefferson,Corey Brewer,Damien Wilkins,Jonny Flynn,Kevin Love,Derrick Rose,Joakim Noah,Kirk Hinrich,Luol Deng,Taj Gibson,1,8:57,CHI,rebound,,,,,,,,,,,,,,,,,,
Al Jefferson,Corey Brewer,Damien Wilkins,Jonny Flynn,Kevin Love,Derrick Rose,Joakim Noah,Kirk Hinrich,Luol Deng,Taj Gibson,1,8:47,CHI,shot,,,,,,,,,,Kirk Hinrich,,,,missed,,running jump,23,13
Al Jefferson,Corey Brewer,Damien Wilkins,Jonny Flynn,Kevin Love,Derrick Rose,Joakim Noah,Kirk Hinrich,Luol Deng,Taj Gibson,1,8:45,CHI,rebound,,,,,,,,,,Joakim Noah,,,,,,off,,
Al Jefferson,Corey Brewer,Damien Wilkins,Jonny Flynn,Kevin Love,Derrick Rose,Joakim Noah,Kirk Hinrich,Luol Deng,Taj Gibson,1,8:45,CHI,shot,,,,,,,,,,Joakim Noah,,,,missed,,tip,25,6
Al Jefferson,Corey Brewer,Damien Wilkins,Jonny Flynn,Kevin Love,Derrick Rose,Joakim Noah,Kirk Hinrich,Luol Deng,Taj Gibson,1,8:45,MIN,rebound,,,,,,,,,,Al Jefferson,,,,,,def,,
Al Jefferson,Corey Brewer,Damien Wilkins,Jonny Flynn,Kevin Love,Derrick Rose,Joakim Noah,Kirk Hinrich,Luol Deng,Taj Gibson,1,8:28,MIN,shot,,,,,,,,,,Corey Brewer,,,,missed,,3pt,44,22
Al Jefferson,Corey Brewer,Damien Wilkins,Jonny Flynn,Kevin Love,Derrick Rose,Joakim Noah,Kirk Hinrich,Luol Deng,Taj Gibson,1,8:27,CHI,rebound,,,,,,,,,,Joakim Noah,,,,,,def,,
Al Jefferson,Corey Brewer,Damien Wilkins,Jonny Flynn,Kevin Love,Derrick Rose,Joakim Noah,Kirk Hinrich,Luol Deng,Taj Gibson,1,8:17,CHI,shot,,,,,,,,,,Taj Gibson,,,,missed,,jump,37,21
Al Jefferson,Corey Brewer,Damien Wilkins,Jonny Flynn,Kevin Love,Derrick Rose,Joakim Noah,Kirk Hinrich,Luol Deng,Taj Gibson,1,8:16,MIN,rebound,,,,,,,,,,Kevin Love,,,,,,def,,
Al Jefferson,Corey Brewer,Damien Wilkins,Jonny Flynn,Kevin Love,Derrick Rose,Joakim Noah,Kirk Hinrich,Luol Deng,Taj Gibson,1,8:11,MIN,shot,Corey Brewer,,,,,,,,,Al Jefferson,2,,,made,,layup,25,6
Al Jefferson,Corey Brewer,Damien Wilkins,Jonny Flynn,Kevin Love,Derrick Rose,Joakim Noah,Kirk Hinrich,Luol Deng,Taj Gibson,1,7:56,CHI,shot,,,,,,,,,,Joakim Noah,,,,missed,,jump,32,21
Al Jefferson,Corey Brewer,Damien Wilkins,Jonny Flynn,Kevin Love,Derrick Rose,Joakim Noah,Kirk Hinrich,Luol Deng,Taj Gibson,1,7:54,MIN,rebound,,,,,,,,,,Corey Brewer,,,,,,def,,
Al Jefferson,Corey Brewer,Damien Wilkins,Jonny Flynn,Kevin Love,Derrick Rose,Joakim Noah,Kirk Hinrich,Luol Deng,Taj Gibson,1,7:35,MIN,shot,Jonny Flynn,,,,,,,,,Al Jefferson,2,,,made,,hook,12,12
Al Jefferson,Corey Brewer,Damien Wilkins,Jonny Flynn,Kevin Love,Derrick Rose,Joakim Noah,Kirk Hinrich,Luol Deng,Taj Gibson,1,7:29,CHI,timeout,,,,,,,,,,,,,,,,regular,,
Al Jefferson,Corey Brewer,Damien Wilkins,Jonny Flynn,Kevin Love,Derrick Rose,Joakim Noah,Kirk Hinrich,Luol Deng,Tyrus Thomas,1,7:29,CHI,sub,,,,Tyrus Thomas,,Taj Gibson,,,,,,,,,,,,
Al Jefferson,Corey Brewer,Damien Wilkins,Jonny Flynn,Kevin Love,Derrick Rose,Joakim Noah,Kirk Hinrich,Luol Deng,Tyrus Thomas,1,7:18,CHI,shot,,,,,,,,,,Kirk Hinrich,,,,missed,,3pt,20,31
Al Jefferson,Corey Brewer,Damien Wilkins,Jonny Flynn,Kevin Love,Derrick Rose,Joakim Noah,Kirk Hinrich,Luol Deng,Tyrus Thomas,1,7:17,MIN,rebound,,,,,,,,,,Al Jefferson,,,,,,def,,
Al Jefferson,Corey Brewer,Damien Wilkins,Jonny Flynn,Kevin Love,Derrick Rose,Joakim Noah,Kirk Hinrich,Luol Deng,Tyrus Thomas,1,7:02,MIN,shot,,,,,,,,,,Jonny Flynn,,,,missed,,3pt,41,25
Al Jefferson,Corey Brewer,Damien Wilkins,Jonny Flynn,Kevin Love,Derrick Rose,Joakim Noah,Kirk Hinrich,Luol Deng,Tyrus Thomas,1,7:01,MIN,rebound,,,,,,,,,,Al Jefferson,,,,,,off,,
Al Jefferson,Corey Brewer,Damien Wilkins,Jonny Flynn,Kevin Love,Derrick Rose,Joakim Noah,Kirk Hinrich,Luol Deng,Tyrus Thomas,1,6:52,MIN,shot,,,,,,,,,,Al Jefferson,,,,missed,,jump,29,10
Al Jefferson,Corey Brewer,Damien Wilkins,Jonny Flynn,Kevin Love,Derrick Rose,Joakim Noah,Kirk Hinrich,Luol Deng,Tyrus Thomas,1,6:51,MIN,rebound,,,,,,,,,,Kevin Love,,,,,,off,,
Al Jefferson,Corey Brewer,Damien Wilkins,Jonny Flynn,Kevin Love,Derrick Rose,Joakim Noah,Kirk Hinrich,Luol Deng,Tyrus Thomas,1,6:51,MIN,shot,,,,,,,,,,Kevin Love,2,,,made,,tip,25,6
Al Jefferson,Corey Brewer,Damien Wilkins,Jonny Flynn,Kevin Love,Derrick Rose,Joakim Noah,Kirk Hinrich,Luol Deng,Tyrus Thomas,1,6:45,CHI,shot,,,,,,,,,,Luol Deng,2,,,made,,jump,26,20
Al Jefferson,Corey Brewer,Damien Wilkins,Jonny Flynn,Kevin Love,Derrick Rose,Joakim Noah,Kirk Hinrich,Luol Deng,Tyrus Thomas,1,6:21,MIN,shot,,,,,,,,,,Corey Brewer,,,,missed,,jump,8,15
Al Jefferson,Corey Brewer,Damien Wilkins,Jonny Flynn,Kevin Love,Derrick Rose,Joakim Noah,Kirk Hinrich,Luol Deng,Tyrus Thomas,1,6:20,MIN,rebound,,,,,,,,,,Kevin Love,,,,,,off,,
Al Jefferson,Corey Brewer,Damien Wilkins,Jonny Flynn,Kevin Love,Derrick Rose,Joakim Noah,Kirk Hinrich,Luol Deng,Tyrus Thomas,1,6:20,MIN,shot,,,Tyrus Thomas,,,,,,,Kevin Love,,,,missed,,layup,25,6
Al Jefferson,Corey Brewer,Damien Wilkins,Jonny Flynn,Kevin Love,Derrick Rose,Joakim Noah,Kirk Hinrich,Luol Deng,Tyrus Thomas,1,6:17,CHI,rebound,,,,,,,,,,Tyrus Thomas,,,,,,def,,
Al Jefferson,Corey Brewer,Damien Wilkins,Jonny Flynn,Kevin Love,Derrick Rose,Joakim Noah,Kirk Hinrich,Luol Deng,Tyrus Thomas,1,6:11,CHI,shot,Derrick Rose,,,,,,,,,Kirk Hinrich,3,,,made,,3pt,49,5
Al Jefferson,Corey Brewer,Damien Wilkins,Jonny Flynn,Kevin Love,Derrick Rose,Joakim Noah,Kirk Hinrich,Luol Deng,Tyrus Thomas,1,6:00,MIN,shot,Damien Wilkins,,,,,,,,,Jonny Flynn,2,,,made,,layup,25,6
Al Jefferson,Corey Brewer,Damien Wilkins,Jonny Flynn,Kevin Love,Derrick Rose,Joakim Noah,Kirk Hinrich,Luol Deng,Tyrus Thomas,1,5:54,CHI,shot,Derrick Rose,,,,,,,,,Luol Deng,2,,,made,,driving layup,25,6
Al Jefferson,Corey Brewer,Damien Wilkins,Jonny Flynn,Kevin Love,Derrick Rose,Joakim Noah,Kirk Hinrich,Luol Deng,Tyrus Thomas,1,5:52,CHI,foul,,,,,,,,Jonny Flynn,,Derrick Rose,,,,,,personal,,
Al Jefferson,Corey Brewer,Damien Wilkins,Jonny Flynn,Ryan Gomes,Derrick Rose,Joakim Noah,Kirk Hinrich,Luol Deng,Tyrus Thomas,1,5:52,MIN,sub,,,,Ryan Gomes,,Kevin Love,,,,,,,,,,,,
Al Jefferson,Corey Brewer,Damien Wilkins,Jonny Flynn,Ryan Gomes,Derrick Rose,Joakim Noah,Kirk Hinrich,Luol Deng,Tyrus Thomas,1,5:34,MIN,shot,,,,,,,,,,Ryan Gomes,,,,missed,,jump,32,24
Al Jefferson,Corey Brewer,Damien Wilkins,Jonny Flynn,Ryan Gomes,Derrick Rose,Joakim Noah,Kirk Hinrich,Luol Deng,Tyrus Thomas,1,5:33,CHI,rebound,,,,,,,,,,Kirk Hinrich,,,,,,def,,
Al Jefferson,Corey Brewer,Damien Wilkins,Jonny Flynn,Ryan Gomes,Derrick Rose,Joakim Noah,Kirk Hinrich,Luol Deng,Tyrus Thomas,1,5:24,CHI,turnover,,,,,,,,,,Joakim Noah,,,bad pass,,Damien Wilkins,,,
Al Jefferson,Corey Brewer,Damien Wilkins,Jonny Flynn,Ryan Gomes,Derrick Rose,Joakim Noah,Kirk Hinrich,Luol Deng,Tyrus Thomas,1,5:00,MIN,shot,,,,,,,,,,Corey Brewer,,,,missed,,layup,25,6
Al Jefferson,Corey Brewer,Damien Wilkins,Jonny Flynn,Ryan Gomes,Derrick Rose,Joakim Noah,Kirk Hinrich,Luol Deng,Tyrus Thomas,1,5:00,MIN,rebound,,,,,,,,,,,,,,,,,,
Al Jefferson,Corey Brewer,Damien Wilkins,Jonny Flynn,Ryan Gomes,Derrick Rose,Joakim Noah,Kirk Hinrich,Luol Deng,Tyrus Thomas,1,5:00,MIN,turnover,,,,,,,,,,,,,shot clock turnover,,,,,
Al Jefferson,Corey Brewer,Damien Wilkins,Jonny Flynn,Ryan Gomes,Derrick Rose,Joakim Noah,John Salmons,Luol Deng,Tyrus Thomas,1,5:00,CHI,sub,,,,John Salmons,,Kirk Hinrich,,,,,,,,,,,,
Al Jefferson,Corey Brewer,Damien Wilkins,Jonny Flynn,Ryan Gomes,Derrick Rose,Joakim Noah,John Salmons,Luol Deng,Tyrus Thomas,1,4:46,CHI,shot,,,,,,,,,,Derrick Rose,2,,,made,,jump,31,22
Al Jefferson,Corey Brewer,Damien Wilkins,Jonny Flynn,Ryan Gomes,Derrick Rose,Joakim Noah,John Salmons,Luol Deng,Tyrus Thomas,1,4:25,MIN,shot,,,,,,,,,,Al Jefferson,,,,missed,,jump,19,21
Al Jefferson,Corey Brewer,Damien Wilkins,Jonny Flynn,Ryan Gomes,Derrick Rose,Joakim Noah,John Salmons,Luol Deng,Tyrus Thomas,1,4:24,CHI,rebound,,,,,,,,,,John Salmons,,,,,,def,,
Al Jefferson,Corey Brewer,Damien Wilkins,Jonny Flynn,Ryan Gomes,Derrick Rose,Joakim Noah,John Salmons,Luol Deng,Tyrus Thomas,1,4:15,CHI,shot,,,,,,,,,,Joakim Noah,2,,,made,,dunk,25,6
Al Jefferson,Corey Brewer,Damien Wilkins,Jonny Flynn,Ryan Gomes,Derrick Rose,Joakim Noah,John Salmons,Luol Deng,Tyrus Thomas,1,4:06,MIN,timeout,,,,,,,,,,,,,,,,regular,,
Corey Brewer,Damien Wilkins,Jonny Flynn,Nathan Jawai,Ryan Gomes,Derrick Rose,Joakim Noah,John Salmons,Luol Deng,Tyrus Thomas,1,4:06,MIN,sub,,,,Nathan Jawai,,Al Jefferson,,,,,,,,,,,,
Damien Wilkins,Jonny Flynn,Nathan Jawai,Ryan Gomes,Wayne Ellington,Derrick Rose,Joakim Noah,John Salmons,Luol Deng,Tyrus Thomas,1,4:06,MIN,sub,,,,Wayne Ellington,,Corey Brewer,,,,,,,,,,,,
Damien Wilkins,Jonny Flynn,Nathan Jawai,Ryan Gomes,Wayne Ellington,Derrick Rose,Joakim Noah,John Salmons,Luol Deng,Tyrus Thomas,1,3:58,MIN,shot,,,,,,,,,,Jonny Flynn,2,,,made,,jump,38,10
Damien Wilkins,Jonny Flynn,Nathan Jawai,Ryan Gomes,Wayne Ellington,Derrick Rose,Joakim Noah,John Salmons,Luol Deng,Tyrus Thomas,1,3:43,CHI,shot,,,,,,,,,,Tyrus Thomas,,,,missed,,reverse layup,25,6
Damien Wilkins,Jonny Flynn,Nathan Jawai,Ryan Gomes,Wayne Ellington,Derrick Rose,Joakim Noah,John Salmons,Luol Deng,Tyrus Thomas,1,3:41,MIN,rebound,,,,,,,,,,Jonny Flynn,,,,,,def,,
Damien Wilkins,Jonny Flynn,Nathan Jawai,Ryan Gomes,Wayne Ellington,Derrick Rose,Joakim Noah,John Salmons,Luol Deng,Tyrus Thomas,1,3:35,MIN,shot,Jonny Flynn,,,,,,,,,Damien Wilkins,3,,,made,,3pt,27,32
Damien Wilkins,Jonny Flynn,Nathan Jawai,Ryan Gomes,Wayne Ellington,Derrick Rose,Joakim Noah,John Salmons,Luol Deng,Tyrus Thomas,1,3:26,MIN,foul,,,,,,,,Joakim Noah,,Wayne Ellington,,,,,,shooting,,
Damien Wilkins,Jonny Flynn,Nathan Jawai,Ryan Gomes,Wayne Ellington,Derrick Rose,Joakim Noah,John Salmons,Luol Deng,Tyrus Thomas,1,3:26,CHI,free throw,,,,,,,1,,2,Joakim Noah,,,foul,made,,,,
Damien Wilkins,Jonny Flynn,Nathan Jawai,Ryan Gomes,Wayne Ellington,Derrick Rose,Joakim Noah,John Salmons,Luol Deng,Tyrus Thomas,1,3:26,CHI,free throw,,,,,,,2,,2,Joakim Noah,,,foul,made,,,,
Damien Wilkins,Jonny Flynn,Nathan Jawai,Ryan Gomes,Wayne Ellington,Derrick Rose,Joakim Noah,John Salmons,Luol Deng,Tyrus Thomas,1,3:09,MIN,shot,Nathan Jawai,,,,,,,,,Ryan Gomes,2,,,made,,layup,25,6
Damien Wilkins,Jonny Flynn,Nathan Jawai,Ryan Gomes,Wayne Ellington,Derrick Rose,Joakim Noah,John Salmons,Luol Deng,Tyrus Thomas,1,2:59,CHI,turnover,,,,,,,,,,Tyrus Thomas,,,bad pass,,Jonny Flynn,,,
Damien Wilkins,Jonny Flynn,Nathan Jawai,Ryan Gomes,Wayne Ellington,Derrick Rose,Joakim Noah,John Salmons,Luol Deng,Tyrus Thomas,1,2:45,MIN,shot,Wayne Ellington,,,,,,,,,Ryan Gomes,2,,,made,,jump,41,11
Damien Wilkins,Jonny Flynn,Nathan Jawai,Ryan Gomes,Wayne Ellington,Derrick Rose,Joakim Noah,John Salmons,Luol Deng,Tyrus Thomas,1,2:32,CHI,shot,Joakim Noah,,,,,,,,,John Salmons,3,,,made,,3pt,4,20
Damien Wilkins,Jonny Flynn,Nathan Jawai,Ryan Gomes,Wayne Ellington,Derrick Rose,Joakim Noah,John Salmons,Luol Deng,Tyrus Thomas,1,2:13,MIN,shot,Damien Wilkins,,,,,,,,,Nathan Jawai,2,,,made,,layup,25,6
Damien Wilkins,Jonny Flynn,Nathan Jawai,Ryan Gomes,Wayne Ellington,Derrick Rose,Joakim Noah,John Salmons,Luol Deng,Tyrus Thomas,1,1:57,CHI,turnover,,,,,,,,,,Luol Deng,,,lost ball,,Damien Wilkins,,,
Damien Wilkins,Jonny Flynn,Nathan Jawai,Ryan Gomes,Wayne Ellington,Derrick Rose,Joakim Noah,John Salmons,Luol Deng,Tyrus Thomas,1,1:56,CHI,foul,,,,,,,,Damien Wilkins,,Luol Deng,,,,,,personal,,
Damien Wilkins,Jonny Flynn,Nathan Jawai,Ryan Gomes,Wayne Ellington,Brad Miller,Derrick Rose,John Salmons,Luol Deng,Tyrus Thomas,1,1:56,CHI,sub,,,,Brad Miller,,Joakim Noah,,,,,,,,,,,,
Jonny Flynn,Nathan Jawai,Ryan Gomes,Sasha Pavlovic,Wayne Ellington,Brad Miller,Derrick Rose,John Salmons,Luol Deng,Tyrus Thomas,1,1:56,MIN,sub,,,,Sasha Pavlovic,,Damien Wilkins,,,,,,,,,,,,
Jonny Flynn,Nathan Jawai,Ryan Gomes,Sasha Pavlovic,Wayne Ellington,Brad Miller,Derrick Rose,James Johnson,John Salmons,Tyrus Thomas,1,1:56,CHI,sub,,,,James Johnson,,Luol Deng,,,,,,,,,,,,
Nathan Jawai,Ramon Sessions,Ryan Gomes,Sasha Pavlovic,Wayne Ellington,Brad Miller,Derrick Rose,James Johnson,John Salmons,Tyrus Thomas,1,1:56,MIN,sub,,,,Ramon Sessions,,Jonny Flynn,,,,,,,,,,,,
Nathan Jawai,Ramon Sessions,Ryan Gomes,Sasha Pavlovic,Wayne Ellington,Brad Miller,Derrick Rose,James Johnson,John Salmons,Tyrus Thomas,1,1:45,MIN,shot,,,,,,,,,,Wayne Ellington,,,,missed,,jump,17,18
Nathan Jawai,Ramon Sessions,Ryan Gomes,Sasha Pavlovic,Wayne Ellington,Brad Miller,Derrick Rose,James Johnson,John Salmons,Tyrus Thomas,1,1:44,CHI,rebound,,,,,,,,,,James Johnson,,,,,,def,,
Nathan Jawai,Ramon Sessions,Ryan Gomes,Sasha Pavlovic,Wayne Ellington,Brad Miller,Derrick Rose,James Johnson,John Salmons,Tyrus Thomas,1,1:34,CHI,shot,James Johnson,,,,,,,,,Tyrus Thomas,2,,,made,,jump,8,7
Nathan Jawai,Ramon Sessions,Ryan Gomes,Sasha Pavlovic,Wayne Ellington,Brad Miller,Derrick Rose,James Johnson,John Salmons,Tyrus Thomas,1,1:19,MIN,shot,,,,,,,,,,Ryan Gomes,,,,missed,,3pt,22,31
Nathan Jawai,Ramon Sessions,Ryan Gomes,Sasha Pavlovic,Wayne Ellington,Brad Miller,Derrick Rose,James Johnson,John Salmons,Tyrus Thomas,1,1:18,CHI,rebound,,,,,,,,,,Derrick Rose,,,,,,def,,
Nathan Jawai,Ramon Sessions,Ryan Gomes,Sasha Pavlovic,Wayne Ellington,Brad Miller,Derrick Rose,James Johnson,John Salmons,Tyrus Thomas,1,1:10,MIN,foul,,,,,,,,,,Nathan Jawai,,,,,,defense 3 second,,
Nathan Jawai,Ramon Sessions,Ryan Gomes,Sasha Pavlovic,Wayne Ellington,Brad Miller,James Johnson,John Salmons,Kirk Hinrich,Tyrus Thomas,1,1:10,CHI,sub,,,,Kirk Hinrich,,Derrick Rose,,,,,,,,,,,,
Nathan Jawai,Ramon Sessions,Ryan Gomes,Sasha Pavlovic,Wayne Ellington,Brad Miller,James Johnson,John Salmons,Kirk Hinrich,Tyrus Thomas,1,1:10,CHI,free throw,,,,,,,1,,1,Brad Miller,,,technical,made,,,,
Al Jefferson,Ramon Sessions,Ryan Gomes,Sasha Pavlovic,Wayne Ellington,Brad Miller,James Johnson,John Salmons,Kirk Hinrich,Tyrus Thomas,1,1:10,MIN,sub,,,,Al Jefferson,,Nathan Jawai,,,,,,,,,,,,
Al Jefferson,Ramon Sessions,Ryan Gomes,Sasha Pavlovic,Wayne Ellington,Brad Miller,James Johnson,John Salmons,Kirk Hinrich,Tyrus Thomas,1,1:03,CHI,shot,Kirk Hinrich,,,,,,,,,John Salmons,2,,,made,,jump,40,6
Al Jefferson,Ramon Sessions,Ryan Gomes,Sasha Pavlovic,Wayne Ellington,Brad Miller,James Johnson,John Salmons,Kirk Hinrich,Tyrus Thomas,1,0:49,CHI,foul,,,,,,,,Wayne Ellington,,James Johnson,,,,,,personal,,
Al Jefferson,Ramon Sessions,Ryan Gomes,Sasha Pavlovic,Wayne Ellington,Brad Miller,James Johnson,John Salmons,Kirk Hinrich,Tyrus Thomas,1,0:49,MIN,free throw,,,,,,,1,,2,Wayne Ellington,,,foul,made,,,,
Al Jefferson,Ramon Sessions,Ryan Gomes,Sasha Pavlovic,Wayne Ellington,Brad Miller,James Johnson,John Salmons,Kirk Hinrich,Tyrus Thomas,1,0:49,MIN,free throw,,,,,,,2,,2,Wayne Ellington,,,foul,missed,,,,
Al Jefferson,Ramon Sessions,Ryan Gomes,Sasha Pavlovic,Wayne Ellington,Brad Miller,James Johnson,John Salmons,Kirk Hinrich,Tyrus Thomas,1,0:47,CHI,rebound,,,,,,,,,,Tyrus Thomas,,,,,,def,,
Al Jefferson,Ramon Sessions,Ryan Gomes,Sasha Pavlovic,Wayne Ellington,Brad Miller,James Johnson,John Salmons,Kirk Hinrich,Tyrus Thomas,1,0:40,CHI,turnover,,,,,,,,,,Kirk Hinrich,,,bad pass,,Ryan Gomes,,,
Al Jefferson,Ramon Sessions,Ryan Gomes,Sasha Pavlovic,Wayne Ellington,Brad Miller,James Johnson,John Salmons,Kirk Hinrich,Tyrus Thomas,1,0:33,MIN,shot,Ryan Gomes,,,,,,,,,Al Jefferson,2,,,made,,jump,14,15
Al Jefferson,Ramon Sessions,Ryan Gomes,Sasha Pavlovic,Wayne Ellington,Brad Miller,James Johnson,John Salmons,Kirk Hinrich,Tyrus Thomas,1,0:23,CHI,shot,John Salmons,,,,,,,,,Kirk Hinrich,3,,,made,,3pt,2,4
Al Jefferson,Ramon Sessions,Ryan Gomes,Sasha Pavlovic,Wayne Ellington,Brad Miller,James Johnson,John Salmons,Kirk Hinrich,Tyrus Thomas,1,0:02,MIN,shot,,,,,,,,,,Ramon Sessions,2,,,made,,running jump,19,14
Al Jefferson,Ramon Sessions,Ryan Gomes,Sasha Pavlovic,Wayne Ellington,Brad Miller,James Johnson,John Salmons,Kirk Hinrich,Tyrus Thomas,1,0:00,CHI,shot,,,,,,,,,,Kirk Hinrich,,,,missed,,3pt,20,33
Al Jefferson,Ramon Sessions,Ryan Gomes,Sasha Pavlovic,Wayne Ellington,Brad Miller,James Johnson,John Salmons,Kirk Hinrich,Tyrus Thomas,1,0:00,CHI,rebound,,,,,,,,,,,,,,,,,,
Al Jefferson,Ramon Sessions,Ryan Gomes,Sasha Pavlovic,Wayne Ellington,Brad Miller,James Johnson,John Salmons,Kirk Hinrich,Tyrus Thomas,2,11:44,MIN,shot,,,,,,,,,,Ramon Sessions,,,,missed,,running jump,25,24
Al Jefferson,Ramon Sessions,Ryan Gomes,Sasha Pavlovic,Wayne Ellington,Brad Miller,James Johnson,John Salmons,Kirk Hinrich,Tyrus Thomas,2,11:43,CHI,rebound,,,,,,,,,,James Johnson,,,,,,def,,
Al Jefferson,Ramon Sessions,Ryan Gomes,Sasha Pavlovic,Wayne Ellington,Brad Miller,James Johnson,John Salmons,Kirk Hinrich,Tyrus Thomas,2,11:34,CHI,turnover,,,,,,,,,,John Salmons,,,traveling,,,,,
Al Jefferson,Ramon Sessions,Ryan Gomes,Sasha Pavlovic,Wayne Ellington,Brad Miller,James Johnson,John Salmons,Kirk Hinrich,Tyrus Thomas,2,11:24,MIN,shot,,,,,,,,,,Sasha Pavlovic,2,,,made,,jump,37,19
Al Jefferson,Ramon Sessions,Ryan Gomes,Sasha Pavlovic,Wayne Ellington,Brad Miller,James Johnson,John Salmons,Kirk Hinrich,Tyrus Thomas,2,11:09,CHI,shot,,,,,,,,,,Kirk Hinrich,,,,missed,,3pt,43,22
Al Jefferson,Ramon Sessions,Ryan Gomes,Sasha Pavlovic,Wayne Ellington,Brad Miller,James Johnson,John Salmons,Kirk Hinrich,Tyrus Thomas,2,11:07,MIN,rebound,,,,,,,,,,Al Jefferson,,,,,,def,,
Al Jefferson,Ramon Sessions,Ryan Gomes,Sasha Pavlovic,Wayne Ellington,Brad Miller,James Johnson,John Salmons,Kirk Hinrich,Tyrus Thomas,2,10:46,MIN,shot,,,,,,,,,,Ryan Gomes,,,,missed,,jump,26,13
Al Jefferson,Ramon Sessions,Ryan Gomes,Sasha Pavlovic,Wayne Ellington,Brad Miller,James Johnson,John Salmons,Kirk Hinrich,Tyrus Thomas,2,10:45,CHI,rebound,,,,,,,,,,Kirk Hinrich,,,,,,def,,
Al Jefferson,Ramon Sessions,Ryan Gomes,Sasha Pavlovic,Wayne Ellington,Brad Miller,James Johnson,John Salmons,Kirk Hinrich,Tyrus Thomas,2,10:29,CHI,shot,Kirk Hinrich,,,,,,,,,James Johnson,2,,,made,,driving slam dunk,25,6
Al Jefferson,Kevin Love,Ramon Sessions,Sasha Pavlovic,Wayne Ellington,Brad Miller,James Johnson,John Salmons,Kirk Hinrich,Tyrus Thomas,2,10:12,MIN,sub,,,,Kevin Love,,Ryan Gomes,,,,,,,,,,,,
Al Jefferson,Kevin Love,Ramon Sessions,Sasha Pavlovic,Wayne Ellington,Brad Miller,James Johnson,John Salmons,Kirk Hinrich,Tyrus Thomas,2,10:12,MIN,jump ball,,Sasha Pavlovic,,,Brad Miller,,,,,,,Kirk Hinrich,,,,,,
Al Jefferson,Kevin Love,Ramon Sessions,Sasha Pavlovic,Wayne Ellington,Brad Miller,James Johnson,John Salmons,Kirk Hinrich,Tyrus Thomas,2,10:12,MIN,turnover,,,,,,,,,,Sasha Pavlovic,,,lost ball,,Brad Miller,,,
Al Jefferson,Kevin Love,Ramon Sessions,Sasha Pavlovic,Wayne Ellington,Brad Miller,James Johnson,John Salmons,Kirk Hinrich,Tyrus Thomas,2,10:06,MIN,foul,,,,,,,,James Johnson,,Sasha Pavlovic,,,,,,shooting,,
Al Jefferson,Kevin Love,Ramon Sessions,Sasha Pavlovic,Wayne Ellington,Brad Miller,James Johnson,John Salmons,Kirk Hinrich,Tyrus Thomas,2,10:06,CHI,free throw,,,,,,,1,,2,James Johnson,,,foul,made,,,,
Al Jefferson,Kevin Love,Ramon Sessions,Sasha Pavlovic,Wayne Ellington,Brad Miller,James Johnson,John Salmons,Kirk Hinrich,Tyrus Thomas,2,10:06,CHI,free throw,,,,,,,2,,2,James Johnson,,,foul,missed,,,,
Al Jefferson,Kevin Love,Ramon Sessions,Sasha Pavlovic,Wayne Ellington,Brad Miller,James Johnson,John Salmons,Kirk Hinrich,Tyrus Thomas,2,10:04,MIN,rebound,,,,,,,,,,Kevin Love,,,,,,def,,
Al Jefferson,Kevin Love,Ramon Sessions,Sasha Pavlovic,Wayne Ellington,Brad Miller,James Johnson,John Salmons,Kirk Hinrich,Tyrus Thomas,2,9:55,MIN,foul,,,,,,,,Tyrus Thomas,,Kevin Love,,,,,,offensive,,
Al Jefferson,Kevin Love,Ramon Sessions,Sasha Pavlovic,Wayne Ellington,Brad Miller,James Johnson,John Salmons,Kirk Hinrich,Tyrus Thomas,2,9:55,MIN,turnover,,,,,,,,,,Kevin Love,,,foul,,,,,
Al Jefferson,Damien Wilkins,Kevin Love,Ramon Sessions,Wayne Ellington,Brad Miller,James Johnson,John Salmons,Kirk Hinrich,Tyrus Thomas,2,9:55,MIN,sub,,,,Damien Wilkins,,Sasha Pavlovic,,,,,,,,,,,,
Al Jefferson,Damien Wilkins,Kevin Love,Ramon Sessions,Wayne Ellington,Brad Miller,James Johnson,John Salmons,Kirk Hinrich,Tyrus Thomas,2,9:44,CHI,shot,,,,,,,,,,Brad Miller,,,,missed,,jump,20,24
Al Jefferson,Damien Wilkins,Kevin Love,Ramon Sessions,Wayne Ellington,Brad Miller,James Johnson,John Salmons,Kirk Hinrich,Tyrus Thomas,2,9:42,MIN,rebound,,,,,,,,,,Wayne Ellington,,,,,,def,,
Al Jefferson,Damien Wilkins,Kevin Love,Ramon Sessions,Wayne Ellington,Brad Miller,James Johnson,John Salmons,Kirk Hinrich,Tyrus Thomas,2,9:32,MIN,turnover,,,,,,,,,,Al Jefferson,,,bad pass,,Tyrus Thomas,,,
Al Jefferson,Damien Wilkins,Kevin Love,Ramon Sessions,Wayne Ellington,Brad Miller,James Johnson,John Salmons,Kirk Hinrich,Tyrus Thomas,2,9:27,CHI,shot,James Johnson,,,,,,,,,Kirk Hinrich,2,,,made,,running layup,25,6
Al Jefferson,Damien Wilkins,Kevin Love,Ramon Sessions,Wayne Ellington,Brad Miller,James Johnson,John Salmons,Kirk Hinrich,Tyrus Thomas,2,9:04,MIN,shot,,,,,,,,,,Al Jefferson,,,,missed,,jump,20,18
Al Jefferson,Damien Wilkins,Kevin Love,Ramon Sessions,Wayne Ellington,Brad Miller,James Johnson,John Salmons,Kirk Hinrich,Tyrus Thomas,2,9:03,CHI,rebound,,,,,,,,,,Tyrus Thomas,,,,,,def,,
Al Jefferson,Damien Wilkins,Kevin Love,Ramon Sessions,Wayne Ellington,Brad Miller,James Johnson,John Salmons,Kirk Hinrich,Tyrus Thomas,2,8:55,CHI,shot,Kirk Hinrich,,,,,,,,,Tyrus Thomas,2,,,made,,jump,22,25
Al Jefferson,Damien Wilkins,Kevin Love,Ramon Sessions,Wayne Ellington,Brad Miller,James Johnson,John Salmons,Kirk Hinrich,Tyrus Thomas,2,8:49,MIN,timeout,,,,,,,,,,,,,,,,regular,,
Al Jefferson,Damien Wilkins,Kevin Love,Ramon Sessions,Wayne Ellington,Brad Miller,John Salmons,Kirk Hinrich,Luol Deng,Tyrus Thomas,2,8:49,CHI,sub,,,,Luol Deng,,James Johnson,,,,,,,,,,,,
Al Jefferson,Damien Wilkins,Jonny Flynn,Kevin Love,Wayne Ellington,Brad Miller,John Salmons,Kirk Hinrich,Luol Deng,Tyrus Thomas,2,8:49,MIN,sub,,,,Jonny Flynn,,Ramon Sessions,,,,,,,,,,,,
Al Jefferson,Damien Wilkins,Jonny Flynn,Kevin Love,Wayne Ellington,Brad Miller,John Salmons,Kirk Hinrich,Luol Deng,Tyrus Thomas,2,8:49,MIN,timeout,,,,,,,,,,,,,,,,short,,
Al Jefferson,Damien Wilkins,Jonny Flynn,Kevin Love,Wayne Ellington,Brad Miller,Derrick Rose,John Salmons,Luol Deng,Tyrus Thomas,2,8:49,CHI,sub,,,,Derrick Rose,,Kirk Hinrich,,,,,,,,,,,,
Al Jefferson,Damien Wilkins,Jonny Flynn,Kevin Love,Wayne Ellington,Brad Miller,Derrick Rose,John Salmons,Luol Deng,Tyrus Thomas,2,8:44,MIN,shot,,,,,,,,,,Kevin Love,,,,missed,,jump,31,26
Al Jefferson,Damien Wilkins,Jonny Flynn,Kevin Love,Wayne Ellington,Brad Miller,Derrick Rose,John Salmons,Luol Deng,Tyrus Thomas,2,8:42,CHI,rebound,,,,,,,,,,Tyrus Thomas,,,,,,def,,
Al Jefferson,Damien Wilkins,Jonny Flynn,Kevin Love,Wayne Ellington,Brad Miller,Derrick Rose,John Salmons,Luol Deng,Tyrus Thomas,2,8:27,CHI,shot,,,Kevin Love,,,,,,,Tyrus Thomas,,,,missed,,layup,25,6
Al Jefferson,Damien Wilkins,Jonny Flynn,Kevin Love,Wayne Ellington,Brad Miller,Derrick Rose,John Salmons,Luol Deng,Tyrus Thomas,2,8:26,MIN,rebound,,,,,,,,,,Al Jefferson,,,,,,def,,
Al Jefferson,Damien Wilkins,Jonny Flynn,Kevin Love,Wayne Ellington,Brad Miller,Derrick Rose,John Salmons,Luol Deng,Tyrus Thomas,2,8:21,MIN,shot,,,Tyrus Thomas,,,,,,,Wayne Ellington,,,,missed,,layup,25,6
Al Jefferson,Damien Wilkins,Jonny Flynn,Kevin Love,Wayne Ellington,Brad Miller,Derrick Rose,John Salmons,Luol Deng,Tyrus Thomas,2,8:19,CHI,rebound,,,,,,,,,,Brad Miller,,,,,,def,,
Al Jefferson,Damien Wilkins,Jonny Flynn,Kevin Love,Wayne Ellington,Brad Miller,Derrick Rose,John Salmons,Luol Deng,Tyrus Thomas,2,8:14,CHI,shot,Derrick Rose,,,,,,,,,Luol Deng,2,,,made,,layup,25,6
Al Jefferson,Damien Wilkins,Jonny Flynn,Kevin Love,Wayne Ellington,Brad Miller,Derrick Rose,John Salmons,Luol Deng,Tyrus Thomas,2,7:58,MIN,shot,,,,,,,,,,Jonny Flynn,2,,,made,,driving layup,25,6
Al Jefferson,Damien Wilkins,Jonny Flynn,Kevin Love,Wayne Ellington,Brad Miller,Derrick Rose,John Salmons,Luol Deng,Tyrus Thomas,2,7:51,CHI,shot,,,,,,,,,,Luol Deng,,,,missed,,jump,41,9
Al Jefferson,Damien Wilkins,Jonny Flynn,Kevin Love,Wayne Ellington,Brad Miller,Derrick Rose,John Salmons,Luol Deng,Tyrus Thomas,2,7:49,MIN,rebound,,,,,,,,,,Kevin Love,,,,,,def,,
Al Jefferson,Damien Wilkins,Jonny Flynn,Kevin Love,Wayne Ellington,Brad Miller,Derrick Rose,John Salmons,Luol Deng,Tyrus Thomas,2,7:25,MIN,shot,,,,,,,,,,Wayne Ellington,,,,missed,,jump,22,29
Al Jefferson,Damien Wilkins,Jonny Flynn,Kevin Love,Wayne Ellington,Brad Miller,Derrick Rose,John Salmons,Luol Deng,Tyrus Thomas,2,7:24,CHI,rebound,,,,,,,,,,Luol Deng,,,,,,def,,
Al Jefferson,Damien Wilkins,Jonny Flynn,Kevin Love,Wayne Ellington,Brad Miller,Derrick Rose,John Salmons,Luol Deng,Tyrus Thomas,2,7:17,MIN,foul,,,,,,,,Derrick Rose,,Damien Wilkins,,,,,,shooting,,
Al Jefferson,Damien Wilkins,Jonny Flynn,Kevin Love,Wayne Ellington,Brad Miller,Derrick Rose,John Salmons,Luol Deng,Tyrus Thomas,2,7:17,CHI,free throw,,,,,,,1,,2,Derrick Rose,,,foul,missed,,,,
Al Jefferson,Damien Wilkins,Jonny Flynn,Kevin Love,Wayne Ellington,Brad Miller,Derrick Rose,John Salmons,Luol Deng,Tyrus Thomas,2,7:17,CHI,rebound,,,,,,,,,,,,,,,,,,
Al Jefferson,Corey Brewer,Damien Wilkins,Jonny Flynn,Kevin Love,Brad Miller,Derrick Rose,John Salmons,Luol Deng,Tyrus Thomas,2,7:17,MIN,sub,,,,Corey Brewer,,Wayne Ellington,,,,,,,,,,,,
Al Jefferson,Corey Brewer,Damien Wilkins,Jonny Flynn,Ryan Gomes,Brad Miller,Derrick Rose,John Salmons,Luol Deng,Tyrus Thomas,2,7:17,MIN,sub,,,,Ryan Gomes,,Kevin Love,,,,,,,,,,,,
Al Jefferson,Corey Brewer,Damien Wilkins,Jonny Flynn,Ryan Gomes,Brad Miller,Derrick Rose,John Salmons,Luol Deng,Tyrus Thomas,2,7:17,CHI,free throw,,,,,,,2,,2,Derrick Rose,,,foul,missed,,,,
Al Jefferson,Corey Brewer,Damien Wilkins,Jonny Flynn,Ryan Gomes,Brad Miller,Derrick Rose,John Salmons,Luol Deng,Tyrus Thomas,2,7:16,MIN,rebound,,,,,,,,,,Al Jefferson,,,,,,def,,
Al Jefferson,Corey Brewer,Damien Wilkins,Jonny Flynn,Ryan Gomes,Brad Miller,Derrick Rose,John Salmons,Luol Deng,Tyrus Thomas,2,7:00,MIN,turnover,,,,,,,,,,Al Jefferson,,,3 second violation,,,,,
Al Jefferson,Corey Brewer,Damien Wilkins,Jonny Flynn,Ryan Gomes,Brad Miller,Derrick Rose,John Salmons,Luol Deng,Tyrus Thomas,2,6:44,CHI,shot,,,,,,,,,,John Salmons,,,,missed,,jump,39,19
Al Jefferson,Corey Brewer,Damien Wilkins,Jonny Flynn,Ryan Gomes,Brad Miller,Derrick Rose,John Salmons,Luol Deng,Tyrus Thomas,2,6:43,CHI,rebound,,,,,,,,,,Luol Deng,,,,,,off,,
Al Jefferson,Corey Brewer,Damien Wilkins,Jonny Flynn,Ryan Gomes,Brad Miller,Derrick Rose,John Salmons,Luol Deng,Tyrus Thomas,2,6:43,CHI,shot,,,,,,,,,,Luol Deng,2,,,made,,layup,25,6
Al Jefferson,Corey Brewer,Damien Wilkins,Jonny Flynn,Ryan Gomes,Brad Miller,Derrick Rose,John Salmons,Luol Deng,Tyrus Thomas,2,6:24,MIN,shot,,,,,,,,,,Damien Wilkins,,,,missed,,jump,40,21
Al Jefferson,Corey Brewer,Damien Wilkins,Jonny Flynn,Ryan Gomes,Brad Miller,Derrick Rose,John Salmons,Luol Deng,Tyrus Thomas,2,6:23,CHI,rebound,,,,,,,,,,Brad Miller,,,,,,def,,
Al Jefferson,Corey Brewer,Damien Wilkins,Jonny Flynn,Ryan Gomes,Brad Miller,Derrick Rose,John Salmons,Luol Deng,Tyrus Thomas,2,6:14,CHI,shot,,,,,,,,,,Brad Miller,2,,,made,,driving layup,25,6
Al Jefferson,Corey Brewer,Damien Wilkins,Jonny Flynn,Ryan Gomes,Brad Miller,Derrick Rose,John Salmons,Luol Deng,Tyrus Thomas,2,5:58,CHI,foul,,,,,,,,Damien Wilkins,,Tyrus Thomas,,,,,,personal,,
Al Jefferson,Corey Brewer,Damien Wilkins,Jonny Flynn,Ryan Gomes,Brad Miller,Derrick Rose,John Salmons,Luol Deng,Tyrus Thomas,2,5:58,MIN,timeout,,,,,,,,,,,,,,,,,,
Al Jefferson,Corey Brewer,Damien Wilkins,Jonny Flynn,Ryan Gomes,Derrick Rose,Joakim Noah,John Salmons,Luol Deng,Tyrus Thomas,2,5:58,CHI,sub,,,,Joakim Noah,,Brad Miller,,,,,,,,,,,,
Al Jefferson,Corey Brewer,Damien Wilkins,Jonny Flynn,Ryan Gomes,Derrick Rose,Joakim Noah,John Salmons,Luol Deng,Tyrus Thomas,2,5:51,MIN,shot,Ryan Gomes,,,,,,,,,Corey Brewer,2,,,made,,jump,17,26
Al Jefferson,Corey Brewer,Damien Wilkins,Jonny Flynn,Ryan Gomes,Derrick Rose,Joakim Noah,John Salmons,Luol Deng,Tyrus Thomas,2,5:35,CHI,shot,,,,,,,,,,Luol Deng,,,,missed,,jump,8,8
Al Jefferson,Corey Brewer,Damien Wilkins,Jonny Flynn,Ryan Gomes,Derrick Rose,Joakim Noah,John Salmons,Luol Deng,Tyrus Thomas,2,5:33,MIN,rebound,,,,,,,,,,Ryan Gomes,,,,,,def,,
Al Jefferson,Corey Brewer,Damien Wilkins,Jonny Flynn,Ryan Gomes,Derrick Rose,Joakim Noah,John Salmons,Luol Deng,Tyrus Thomas,2,5:25,MIN,shot,,,,,,,,,,Ryan Gomes,,,,missed,,3pt,15,30
Al Jefferson,Corey Brewer,Damien Wilkins,Jonny Flynn,Ryan Gomes,Derrick Rose,Joakim Noah,John Salmons,Luol Deng,Tyrus Thomas,2,5:24,MIN,rebound,,,,,,,,,,Al Jefferson,,,,,,off,,
Al Jefferson,Corey Brewer,Damien Wilkins,Jonny Flynn,Ryan Gomes,Derrick Rose,Joakim Noah,John Salmons,Luol Deng,Tyrus Thomas,2,5:12,CHI,foul,,,,,,,,Corey Brewer,,Luol Deng,,,,,,shooting,,
Al Jefferson,Corey Brewer,Damien Wilkins,Jonny Flynn,Ryan Gomes,Derrick Rose,Joakim Noah,John Salmons,Luol Deng,Tyrus Thomas,2,5:12,MIN,free throw,,,,,,,1,,2,Corey Brewer,,,foul,missed,,,,
Al Jefferson,Corey Brewer,Damien Wilkins,Jonny Flynn,Ryan Gomes,Derrick Rose,Joakim Noah,John Salmons,Luol Deng,Tyrus Thomas,2,5:12,MIN,rebound,,,,,,,,,,,,,,,,,,
Corey Brewer,Damien Wilkins,Jonny Flynn,Nathan Jawai,Ryan Gomes,Derrick Rose,Joakim Noah,John Salmons,Luol Deng,Tyrus Thomas,2,5:12,MIN,sub,,,,Nathan Jawai,,Al Jefferson,,,,,,,,,,,,
Corey Brewer,Jonny Flynn,Kevin Love,Nathan Jawai,Ryan Gomes,Derrick Rose,Joakim Noah,John Salmons,Luol Deng,Tyrus Thomas,2,5:12,MIN,sub,,,,Kevin Love,,Damien Wilkins,,,,,,,,,,,,
Corey Brewer,Jonny Flynn,Kevin Love,Nathan Jawai,Ryan Gomes,Derrick Rose,Joakim Noah,John Salmons,Kirk Hinrich,Tyrus Thomas,2,5:12,CHI,sub,,,,Kirk Hinrich,,Luol Deng,,,,,,,,,,,,
Corey Brewer,Jonny Flynn,Kevin Love,Nathan Jawai,Ryan Gomes,Derrick Rose,Joakim Noah,John Salmons,Kirk Hinrich,Tyrus Thomas,2,5:12,MIN,free throw,,,,,,,2,,2,Corey Brewer,,,foul,made,,,,
Corey Brewer,Jonny Flynn,Kevin Love,Nathan Jawai,Ryan Gomes,Derrick Rose,Joakim Noah,John Salmons,Kirk Hinrich,Tyrus Thomas,2,4:55,CHI,shot,,,,,,,,,,John Salmons,,,,missed,,layup,25,6
Corey Brewer,Jonny Flynn,Kevin Love,Nathan Jawai,Ryan Gomes,Derrick Rose,Joakim Noah,John Salmons,Kirk Hinrich,Tyrus Thomas,2,4:54,MIN,rebound,,,,,,,,,,Kevin Love,,,,,,def,,
Corey Brewer,Jonny Flynn,Kevin Love,Nathan Jawai,Ryan Gomes,Derrick Rose,Joakim Noah,John Salmons,Kirk Hinrich,Tyrus Thomas,2,4:48,MIN,turnover,,,,,,,,,,Jonny Flynn,,,bad pass,,Tyrus Thomas,,,
Corey Brewer,Jonny Flynn,Kevin Love,Nathan Jawai,Ryan Gomes,Derrick Rose,Joakim Noah,John Salmons,Kirk Hinrich,Tyrus Thomas,2,4:45,CHI,foul,,,,,,,,Kevin Love,,Tyrus Thomas,,,,,,offensive,,
Corey Brewer,Jonny Flynn,Kevin Love,Nathan Jawai,Ryan Gomes,Derrick Rose,Joakim Noah,John Salmons,Kirk Hinrich,Tyrus Thomas,2,4:45,CHI,turnover,,,,,,,,,,Tyrus Thomas,,,foul,,,,,
Corey Brewer,Jonny Flynn,Kevin Love,Nathan Jawai,Ryan Gomes,Derrick Rose,Joakim Noah,John Salmons,Kirk Hinrich,Tyrus Thomas,2,4:29,MIN,shot,,,Tyrus Thomas,,,,,,,Kevin Love,,,,missed,,driving layup,25,6
Corey Brewer,Jonny Flynn,Kevin Love,Nathan Jawai,Ryan Gomes,Derrick Rose,Joakim Noah,John Salmons,Kirk Hinrich,Tyrus Thomas,2,4:28,CHI,rebound,,,,,,,,,,Tyrus Thomas,,,,,,def,,
Corey Brewer,Jonny Flynn,Kevin Love,Nathan Jawai,Ryan Gomes,Derrick Rose,Joakim Noah,John Salmons,Kirk Hinrich,Tyrus Thomas,2,4:24,CHI,turnover,,,,,,,,,,Tyrus Thomas,,,bad pass,,Jonny Flynn,,,
Corey Brewer,Jonny Flynn,Kevin Love,Nathan Jawai,Ryan Gomes,Derrick Rose,Joakim Noah,John Salmons,Kirk Hinrich,Tyrus Thomas,2,4:21,CHI,foul,,,,,,,,Kevin Love,,Derrick Rose,,,,,,shooting,,
Corey Brewer,Jonny Flynn,Kevin Love,Nathan Jawai,Ryan Gomes,Derrick Rose,Joakim Noah,John Salmons,Kirk Hinrich,Taj Gibson,2,4:21,CHI,sub,,,,Taj Gibson,,Tyrus Thomas,,,,,,,,,,,,
Corey Brewer,Jonny Flynn,Kevin Love,Nathan Jawai,Ryan Gomes,Derrick Rose,Joakim Noah,John Salmons,Kirk Hinrich,Taj Gibson,2,4:21,MIN,free throw,,,,,,,1,,2,Kevin Love,,,foul,missed,,,,
Corey Brewer,Jonny Flynn,Kevin Love,Nathan Jawai,Ryan Gomes,Derrick Rose,Joakim Noah,John Salmons,Kirk Hinrich,Taj Gibson,2,4:21,MIN,rebound,,,,,,,,,,,,,,,,,,
Corey Brewer,Jonny Flynn,Kevin Love,Nathan Jawai,Ryan Gomes,Derrick Rose,Joakim Noah,John Salmons,Kirk Hinrich,Taj Gibson,2,4:21,MIN,free throw,,,,,,,2,,2,Kevin Love,,,foul,made,,,,
Corey Brewer,Jonny Flynn,Kevin Love,Nathan Jawai,Ryan Gomes,Derrick Rose,Joakim Noah,John Salmons,Kirk Hinrich,Taj Gibson,2,4:10,CHI,shot,Derrick Rose,,,,,,,,,Kirk Hinrich,3,,,made,,3pt,2,18
Corey Brewer,Jonny Flynn,Kevin Love,Nathan Jawai,Ryan Gomes,Derrick Rose,Joakim Noah,John Salmons,Kirk Hinrich,Taj Gibson,2,3:53,MIN,shot,,,,,,,,,,Nathan Jawai,,,,missed,,hook,12,6
Corey Brewer,Jonny Flynn,Kevin Love,Nathan Jawai,Ryan Gomes,Derrick Rose,Joakim Noah,John Salmons,Kirk Hinrich,Taj Gibson,2,3:51,MIN,rebound,,,,,,,,,,Jonny Flynn,,,,,,off,,
Corey Brewer,Jonny Flynn,Kevin Love,Nathan Jawai,Ryan Gomes,Derrick Rose,Joakim Noah,John Salmons,Kirk Hinrich,Taj Gibson,2,3:51,MIN,shot,,,,,,,,,,Jonny Flynn,2,,,made,,putback dunk,25,6
Corey Brewer,Jonny Flynn,Kevin Love,Nathan Jawai,Ryan Gomes,Derrick Rose,Joakim Noah,John Salmons,Kirk Hinrich,Taj Gibson,2,3:38,CHI,shot,,,,,,,,,,John Salmons,,,,missed,,jump,41,5
Corey Brewer,Jonny Flynn,Kevin Love,Nathan Jawai,Ryan Gomes,Derrick Rose,Joakim Noah,John Salmons,Kirk Hinrich,Taj Gibson,2,3:37,MIN,rebound,,,,,,,,,,Kevin Love,,,,,,def,,
Corey Brewer,Jonny Flynn,Kevin Love,Nathan Jawai,Ryan Gomes,Derrick Rose,Joakim Noah,John Salmons,Kirk Hinrich,Taj Gibson,2,3:25,MIN,turnover,,,,,,,,,,Corey Brewer,,,bad pass,,Derrick Rose,,,
Corey Brewer,Jonny Flynn,Kevin Love,Nathan Jawai,Ryan Gomes,Derrick Rose,Joakim Noah,John Salmons,Kirk Hinrich,Taj Gibson,2,3:13,CHI,shot,,,,,,,,,,Taj Gibson,,,,missed,,hook,34,7
Corey Brewer,Jonny Flynn,Kevin Love,Nathan Jawai,Ryan Gomes,Derrick Rose,Joakim Noah,John Salmons,Kirk Hinrich,Taj Gibson,2,3:12,MIN,rebound,,,,,,,,,,Ryan Gomes,,,,,,def,,
Corey Brewer,Jonny Flynn,Kevin Love,Nathan Jawai,Ryan Gomes,Derrick Rose,Joakim Noah,John Salmons,Kirk Hinrich,Taj Gibson,2,2:58,MIN,shot,,,,,,,,,,Jonny Flynn,,,,missed,,jump,14,12
Corey Brewer,Jonny Flynn,Kevin Love,Nathan Jawai,Ryan Gomes,Derrick Rose,Joakim Noah,John Salmons,Kirk Hinrich,Taj Gibson,2,2:57,CHI,rebound,,,,,,,,,,Taj Gibson,,,,,,def,,
Corey Brewer,Jonny Flynn,Kevin Love,Nathan Jawai,Ryan Gomes,Derrick Rose,Joakim Noah,John Salmons,Kirk Hinrich,Taj Gibson,2,2:43,CHI,shot,Kirk Hinrich,,,,,,,,,Joakim Noah,2,,,made,,reverse layup,25,6
Corey Brewer,Jonny Flynn,Kevin Love,Nathan Jawai,Ryan Gomes,Derrick Rose,Joakim Noah,John Salmons,Kirk Hinrich,Taj Gibson,2,2:23,MIN,shot,Nathan Jawai,,,,,,,,,Ryan Gomes,2,,,made,,layup,25,6
Corey Brewer,Jonny Flynn,Kevin Love,Nathan Jawai,Ryan Gomes,Derrick Rose,Joakim Noah,John Salmons,Kirk Hinrich,Taj Gibson,2,2:17,CHI,timeout,,,,,,,,,,,,,,,,regular,,
Corey Brewer,Jonny Flynn,Kevin Love,Nathan Jawai,Ryan Gomes,James Johnson,Joakim Noah,John Salmons,Kirk Hinrich,Taj Gibson,2,2:17,CHI,sub,,,,James Johnson,,Derrick Rose,,,,,,,,,,,,
Al Jefferson,Corey Brewer,Jonny Flynn,Kevin Love,Ryan Gomes,James Johnson,Joakim Noah,John Salmons,Kirk Hinrich,Taj Gibson,2,2:17,MIN,sub,,,,Al Jefferson,,Nathan Jawai,,,,,,,,,,,,
Al Jefferson,Corey Brewer,Jonny Flynn,Kevin Love,Ryan Gomes,James Johnson,Joakim Noah,John Salmons,Kirk Hinrich,Taj Gibson,2,2:09,CHI,shot,Kirk Hinrich,,,,,,,,,Joakim Noah,2,,,made,,dunk,25,6
Al Jefferson,Corey Brewer,Jonny Flynn,Kevin Love,Ryan Gomes,James Johnson,Joakim Noah,John Salmons,Kirk Hinrich,Taj Gibson,2,1:48,MIN,shot,,,Joakim Noah,,,,,,,Kevin Love,,,,missed,,layup,25,6
Al Jefferson,Corey Brewer,Jonny Flynn,Kevin Love,Ryan Gomes,James Johnson,Joakim Noah,John Salmons,Kirk Hinrich,Taj Gibson,2,1:46,CHI,rebound,,,,,,,,,,James Johnson,,,,,,def,,
Al Jefferson,Corey Brewer,Jonny Flynn,Kevin Love,Ryan Gomes,James Johnson,Joakim Noah,John Salmons,Kirk Hinrich,Taj Gibson,2,1:40,MIN,foul,,,,,,,,Taj Gibson,,Al Jefferson,,,,,,shooting,,
Al Jefferson,Corey Brewer,Jonny Flynn,Kevin Love,Ryan Gomes,James Johnson,Joakim Noah,John Salmons,Kirk Hinrich,Taj Gibson,2,1:40,CHI,free throw,,,,,,,1,,2,Taj Gibson,,,foul,made,,,,
Corey Brewer,Jonny Flynn,Kevin Love,Nathan Jawai,Ryan Gomes,James Johnson,Joakim Noah,John Salmons,Kirk Hinrich,Taj Gibson,2,1:40,MIN,sub,,,,Nathan Jawai,,Al Jefferson,,,,,,,,,,,,
Corey Brewer,Jonny Flynn,Kevin Love,Nathan Jawai,Ryan Gomes,James Johnson,Joakim Noah,John Salmons,Kirk Hinrich,Taj Gibson,2,1:40,CHI,free throw,,,,,,,2,,2,Taj Gibson,,,foul,made,,,,
Corey Brewer,Jonny Flynn,Kevin Love,Nathan Jawai,Ryan Gomes,James Johnson,Joakim Noah,John Salmons,Kirk Hinrich,Taj Gibson,2,1:26,MIN,shot,,,,,,,,,,Corey Brewer,,,,missed,,jump,12,23
Corey Brewer,Jonny Flynn,Kevin Love,Nathan Jawai,Ryan Gomes,James Johnson,Joakim Noah,John Salmons,Kirk Hinrich,Taj Gibson,2,1:26,MIN,rebound,,,,,,,,,,Nathan Jawai,,,,,,off,,
Corey Brewer,Jonny Flynn,Kevin Love,Nathan Jawai,Ryan Gomes,James Johnson,Joakim Noah,John Salmons,Kirk Hinrich,Taj Gibson,2,1:22,MIN,turnover,,,,,,,,,,Corey Brewer,,,bad pass,,Joakim Noah,,,
Corey Brewer,Jonny Flynn,Kevin Love,Nathan Jawai,Ryan Gomes,James Johnson,Joakim Noah,John Salmons,Kirk Hinrich,Taj Gibson,2,1:01,CHI,shot,,,,,,,,,,Kirk Hinrich,,,,missed,,3pt,18,30
Corey Brewer,Jonny Flynn,Kevin Love,Nathan Jawai,Ryan Gomes,James Johnson,Joakim Noah,John Salmons,Kirk Hinrich,Taj Gibson,2,1:00,MIN,rebound,,,,,,,,,,Corey Brewer,,,,,,def,,
Corey Brewer,Jonny Flynn,Kevin Love,Nathan Jawai,Ryan Gomes,James Johnson,Joakim Noah,John Salmons,Kirk Hinrich,Taj Gibson,2,0:57,CHI,foul,,,,,,,,Corey Brewer,,Joakim Noah,,,,,,personal,,
Corey Brewer,Jonny Flynn,Kevin Love,Nathan Jawai,Ryan Gomes,James Johnson,Joakim Noah,John Salmons,Kirk Hinrich,Taj Gibson,2,0:50,MIN,shot,,,,,,,,,,Jonny Flynn,,,,missed,,3pt,44,21
Corey Brewer,Jonny Flynn,Kevin Love,Nathan Jawai,Ryan Gomes,James Johnson,Joakim Noah,John Salmons,Kirk Hinrich,Taj Gibson,2,0:49,CHI,rebound,,,,,,,,,,Joakim Noah,,,,,,def,,
Corey Brewer,Jonny Flynn,Kevin Love,Nathan Jawai,Ryan Gomes,James Johnson,Joakim Noah,John Salmons,Kirk Hinrich,Taj Gibson,2,0:29,CHI,shot,Kirk Hinrich,,,,,,,,,Taj Gibson,2,,,made,,jump,27,22
Corey Brewer,Jonny Flynn,Kevin Love,Nathan Jawai,Ryan Gomes,James Johnson,Joakim Noah,John Salmons,Kirk Hinrich,Taj Gibson,2,0:07,CHI,foul,,,,,,,,Ryan Gomes,,James Johnson,,,,,,shooting,,
Corey Brewer,Jonny Flynn,Kevin Love,Nathan Jawai,Ryan Gomes,James Johnson,Joakim Noah,John Salmons,Kirk Hinrich,Taj Gibson,2,0:07,MIN,free throw,,,,,,,1,,2,Ryan Gomes,,,foul,made,,,,
Corey Brewer,Damien Wilkins,Jonny Flynn,Kevin Love,Ryan Gomes,James Johnson,Joakim Noah,John Salmons,Kirk Hinrich,Taj Gibson,2,0:07,MIN,sub,,,,Damien Wilkins,,Nathan Jawai,,,,,,,,,,,,
Corey Brewer,Damien Wilkins,Jonny Flynn,Kevin Love,Ryan Gomes,James Johnson,Joakim Noah,John Salmons,Kirk Hinrich,Taj Gibson,2,0:07,MIN,free throw,,,,,,,2,,2,Ryan Gomes,,,foul,made,,,,
Corey Brewer,Damien Wilkins,Jonny Flynn,Kevin Love,Ryan Gomes,James Johnson,Joakim Noah,John Salmons,Kirk Hinrich,Taj Gibson,2,0:02,CHI,turnover,,,,,,,,,,James Johnson,,,step out of bounds turnover,,,,,
Corey Brewer,Damien Wilkins,Jonny Flynn,Kevin Love,Ryan Gomes,James Johnson,Joakim Noah,John Salmons,Kirk Hinrich,Taj Gibson,2,0:00,MIN,shot,,,,,,,,,,Corey Brewer,,,,missed,,3pt,43,42
Corey Brewer,Damien Wilkins,Jonny Flynn,Kevin Love,Ryan Gomes,James Johnson,Joakim Noah,John Salmons,Kirk Hinrich,Taj Gibson,2,0:00,MIN,rebound,,,,,,,,,,,,,,,,,,
Al Jefferson,Corey Brewer,Damien Wilkins,Jonny Flynn,Kevin Love,Derrick Rose,Joakim Noah,Kirk Hinrich,Luol Deng,Taj Gibson,3,11:39,MIN,shot,,,,,,,,,,Corey Brewer,,,,missed,,3pt,14,29
Al Jefferson,Corey Brewer,Damien Wilkins,Jonny Flynn,Kevin Love,Derrick Rose,Joakim Noah,Kirk Hinrich,Luol Deng,Taj Gibson,3,11:37,CHI,rebound,,,,,,,,,,Derrick Rose,,,,,,def,,
Al Jefferson,Corey Brewer,Damien Wilkins,Jonny Flynn,Kevin Love,Derrick Rose,Joakim Noah,Kirk Hinrich,Luol Deng,Taj Gibson,3,11:36,CHI,shot,Kirk Hinrich,,,,,,,,,Joakim Noah,2,,,made,,dunk,25,6
Al Jefferson,Corey Brewer,Damien Wilkins,Jonny Flynn,Kevin Love,Derrick Rose,Joakim Noah,Kirk Hinrich,Luol Deng,Taj Gibson,3,11:06,MIN,shot,,,,,,,,,,Jonny Flynn,,,,missed,,3pt,48,9
Al Jefferson,Corey Brewer,Damien Wilkins,Jonny Flynn,Kevin Love,Derrick Rose,Joakim Noah,Kirk Hinrich,Luol Deng,Taj Gibson,3,11:05,CHI,rebound,,,,,,,,,,Taj Gibson,,,,,,def,,
Al Jefferson,Corey Brewer,Damien Wilkins,Jonny Flynn,Kevin Love,Derrick Rose,Joakim Noah,Kirk Hinrich,Luol Deng,Taj Gibson,3,10:56,MIN,foul,,,,,,,,Derrick Rose,,Corey Brewer,,,,,,shooting,,
Al Jefferson,Corey Brewer,Damien Wilkins,Jonny Flynn,Kevin Love,Derrick Rose,Joakim Noah,Kirk Hinrich,Luol Deng,Taj Gibson,3,10:56,CHI,free throw,,,,,,,1,,2,Derrick Rose,,,foul,made,,,,
Al Jefferson,Corey Brewer,Damien Wilkins,Jonny Flynn,Kevin Love,Derrick Rose,Joakim Noah,Kirk Hinrich,Luol Deng,Taj Gibson,3,10:56,CHI,free throw,,,,,,,2,,2,Derrick Rose,,,foul,made,,,,
Al Jefferson,Corey Brewer,Damien Wilkins,Jonny Flynn,Kevin Love,Derrick Rose,Joakim Noah,Kirk Hinrich,Luol Deng,Taj Gibson,3,10:43,CHI,foul,,,,,,,,Kevin Love,,Kirk Hinrich,,,,,,personal,,
Al Jefferson,Corey Brewer,Damien Wilkins,Jonny Flynn,Kevin Love,Derrick Rose,Joakim Noah,Kirk Hinrich,Luol Deng,Taj Gibson,3,10:29,MIN,shot,,,,,,,,,,Al Jefferson,,,,missed,,layup,25,6
Al Jefferson,Corey Brewer,Damien Wilkins,Jonny Flynn,Kevin Love,Derrick Rose,Joakim Noah,Kirk Hinrich,Luol Deng,Taj Gibson,3,10:28,MIN,rebound,,,,,,,,,,Al Jefferson,,,,,,off,,
Al Jefferson,Corey Brewer,Damien Wilkins,Jonny Flynn,Kevin Love,Derrick Rose,Joakim Noah,Kirk Hinrich,Luol Deng,Taj Gibson,3,10:28,MIN,shot,,,,,,,,,,Al Jefferson,2,,,made,,tip,25,6
Al Jefferson,Corey Brewer,Damien Wilkins,Jonny Flynn,Kevin Love,Derrick Rose,Joakim Noah,Kirk Hinrich,Luol Deng,Taj Gibson,3,10:14,CHI,shot,Derrick Rose,,,,,,,,,Joakim Noah,2,,,made,,jump,21,21
Al Jefferson,Corey Brewer,Damien Wilkins,Jonny Flynn,Kevin Love,Derrick Rose,Joakim Noah,Kirk Hinrich,Luol Deng,Taj Gibson,3,9:53,MIN,turnover,,,,,,,,,,Corey Brewer,,,bad pass,,Derrick Rose,,,
Al Jefferson,Corey Brewer,Damien Wilkins,Jonny Flynn,Kevin Love,Derrick Rose,Joakim Noah,Kirk Hinrich,Luol Deng,Taj Gibson,3,9:47,CHI,shot,,,,,,,,,,Luol Deng,,,,missed,,layup,25,6
Al Jefferson,Corey Brewer,Damien Wilkins,Jonny Flynn,Kevin Love,Derrick Rose,Joakim Noah,Kirk Hinrich,Luol Deng,Taj Gibson,3,9:46,CHI,rebound,,,,,,,,,,Taj Gibson,,,,,,off,,
Al Jefferson,Corey Brewer,Damien Wilkins,Jonny Flynn,Kevin Love,Derrick Rose,Joakim Noah,Kirk Hinrich,Luol Deng,Taj Gibson,3,9:46,CHI,shot,,,,,,,,,,Taj Gibson,2,,,made,,putback dunk,25,6
Al Jefferson,Corey Brewer,Damien Wilkins,Jonny Flynn,Kevin Love,Derrick Rose,Joakim Noah,Kirk Hinrich,Luol Deng,Taj Gibson,3,9:28,MIN,timeout,,,,,,,,,,,,,,,,regular,,
Al Jefferson,Corey Brewer,Damien Wilkins,Jonny Flynn,Ryan Gomes,Derrick Rose,Joakim Noah,Kirk Hinrich,Luol Deng,Taj Gibson,3,9:28,MIN,sub,,,,Ryan Gomes,,Kevin Love,,,,,,,,,,,,
Al Jefferson,Damien Wilkins,Jonny Flynn,Ryan Gomes,Wayne Ellington,Derrick Rose,Joakim Noah,Kirk Hinrich,Luol Deng,Taj Gibson,3,9:28,MIN,sub,,,,Wayne Ellington,,Corey Brewer,,,,,,,,,,,,
Al Jefferson,Damien Wilkins,Jonny Flynn,Ryan Gomes,Wayne Ellington,Derrick Rose,Joakim Noah,Kirk Hinrich,Luol Deng,Taj Gibson,3,9:15,MIN,shot,,,,,,,,,,Jonny Flynn,,,,missed,,3pt,8,27
Al Jefferson,Damien Wilkins,Jonny Flynn,Ryan Gomes,Wayne Ellington,Derrick Rose,Joakim Noah,Kirk Hinrich,Luol Deng,Taj Gibson,3,9:13,CHI,rebound,,,,,,,,,,Joakim Noah,,,,,,def,,
Al Jefferson,Damien Wilkins,Jonny Flynn,Ryan Gomes,Wayne Ellington,Derrick Rose,Joakim Noah,Kirk Hinrich,Luol Deng,Taj Gibson,3,9:05,CHI,turnover,,,,,,,,,,Derrick Rose,,,bad pass,,,,,
Al Jefferson,Damien Wilkins,Jonny Flynn,Ryan Gomes,Wayne Ellington,Derrick Rose,Joakim Noah,Kirk Hinrich,Luol Deng,Taj Gibson,3,8:52,MIN,shot,,,,,,,,,,Al Jefferson,,,,missed,,jump,13,15
Al Jefferson,Damien Wilkins,Jonny Flynn,Ryan Gomes,Wayne Ellington,Derrick Rose,Joakim Noah,Kirk Hinrich,Luol Deng,Taj Gibson,3,8:51,CHI,rebound,,,,,,,,,,Taj Gibson,,,,,,def,,
Al Jefferson,Damien Wilkins,Jonny Flynn,Ryan Gomes,Wayne Ellington,Derrick Rose,Joakim Noah,Kirk Hinrich,Luol Deng,Taj Gibson,3,8:43,CHI,shot,,,,,,,,,,Luol Deng,,,,missed,,jump,14,24
Al Jefferson,Damien Wilkins,Jonny Flynn,Ryan Gomes,Wayne Ellington,Derrick Rose,Joakim Noah,Kirk Hinrich,Luol Deng,Taj Gibson,3,8:42,MIN,rebound,,,,,,,,,,Ryan Gomes,,,,,,def,,
Al Jefferson,Damien Wilkins,Jonny Flynn,Ryan Gomes,Wayne Ellington,Derrick Rose,Joakim Noah,Kirk Hinrich,Luol Deng,Taj Gibson,3,8:30,MIN,turnover,,,,,,,,,,Ryan Gomes,,,lost ball,,Kirk Hinrich,,,
Al Jefferson,Damien Wilkins,Jonny Flynn,Ryan Gomes,Wayne Ellington,Derrick Rose,Joakim Noah,Kirk Hinrich,Luol Deng,Taj Gibson,3,8:25,CHI,shot,Joakim Noah,,,,,,,,,Taj Gibson,2,,,made,,layup,25,6
Al Jefferson,Damien Wilkins,Jonny Flynn,Ryan Gomes,Wayne Ellington,Derrick Rose,Joakim Noah,Kirk Hinrich,Luol Deng,Taj Gibson,3,7:54,MIN,shot,,,Luol Deng,,,,,,,Jonny Flynn,,,,missed,,layup,25,6
Al Jefferson,Damien Wilkins,Jonny Flynn,Ryan Gomes,Wayne Ellington,Derrick Rose,Joakim Noah,Kirk Hinrich,Luol Deng,Taj Gibson,3,7:53,CHI,rebound,,,,,,,,,,Joakim Noah,,,,,,def,,
Al Jefferson,Damien Wilkins,Jonny Flynn,Ryan Gomes,Wayne Ellington,Derrick Rose,Joakim Noah,Kirk Hinrich,Luol Deng,Taj Gibson,3,7:51,CHI,turnover,,,,,,,,,,Joakim Noah,,,bad pass,,Ryan Gomes,,,
Al Jefferson,Damien Wilkins,Jonny Flynn,Ryan Gomes,Wayne Ellington,Derrick Rose,Joakim Noah,Kirk Hinrich,Luol Deng,Taj Gibson,3,7:46,MIN,turnover,,,,,,,,,,Al Jefferson,,,traveling,,,,,
Damien Wilkins,Jonny Flynn,Nathan Jawai,Ryan Gomes,Wayne Ellington,Derrick Rose,Joakim Noah,Kirk Hinrich,Luol Deng,Taj Gibson,3,7:46,MIN,sub,,,,Nathan Jawai,,Al Jefferson,,,,,,,,,,,,
Jonny Flynn,Nathan Jawai,Ryan Gomes,Sasha Pavlovic,Wayne Ellington,Derrick Rose,Joakim Noah,Kirk Hinrich,Luol Deng,Taj Gibson,3,7:46,MIN,sub,,,,Sasha Pavlovic,,Damien Wilkins,,,,,,,,,,,,
Jonny Flynn,Nathan Jawai,Ryan Gomes,Sasha Pavlovic,Wayne Ellington,Derrick Rose,Joakim Noah,Kirk Hinrich,Luol Deng,Taj Gibson,3,7:40,MIN,foul,,,,,,,,Luol Deng,,Sasha Pavlovic,,,,,,personal,,
Jonny Flynn,Nathan Jawai,Ryan Gomes,Sasha Pavlovic,Wayne Ellington,Derrick Rose,Joakim Noah,Kirk Hinrich,Luol Deng,Taj Gibson,3,7:39,MIN,foul,,,,,,,,Joakim Noah,,Nathan Jawai,,,,,,personal,,
Jonny Flynn,Nathan Jawai,Ryan Gomes,Sasha Pavlovic,Wayne Ellington,Derrick Rose,Joakim Noah,Kirk Hinrich,Luol Deng,Taj Gibson,3,7:33,CHI,turnover,,,,,,,,,,Joakim Noah,,,bad pass,,Ryan Gomes,,,
Jonny Flynn,Nathan Jawai,Ryan Gomes,Sasha Pavlovic,Wayne Ellington,Derrick Rose,Joakim Noah,Kirk Hinrich,Luol Deng,Taj Gibson,3,7:11,MIN,shot,Wayne Ellington,,,,,,,,,Nathan Jawai,2,,,made,,running hook,25,13
Jonny Flynn,Nathan Jawai,Ryan Gomes,Sasha Pavlovic,Wayne Ellington,Derrick Rose,Joakim Noah,Kirk Hinrich,Luol Deng,Taj Gibson,3,6:58,CHI,shot,Derrick Rose,,,,,,,,,Joakim Noah,2,,,made,,jump,32,21
Jonny Flynn,Nathan Jawai,Ryan Gomes,Sasha Pavlovic,Wayne Ellington,Derrick Rose,Joakim Noah,Kirk Hinrich,Luol Deng,Taj Gibson,3,6:47,MIN,shot,,,,,,,,,,Ryan Gomes,2,,,made,,jump,37,18
Jonny Flynn,Nathan Jawai,Ryan Gomes,Sasha Pavlovic,Wayne Ellington,Derrick Rose,Joakim Noah,Kirk Hinrich,Luol Deng,Taj Gibson,3,6:33,CHI,shot,,,,,,,,,,Derrick Rose,,,,missed,,jump,36,23
Jonny Flynn,Nathan Jawai,Ryan Gomes,Sasha Pavlovic,Wayne Ellington,Derrick Rose,Joakim Noah,Kirk Hinrich,Luol Deng,Taj Gibson,3,6:32,MIN,rebound,,,,,,,,,,Jonny Flynn,,,,,,def,,
Jonny Flynn,Nathan Jawai,Ryan Gomes,Sasha Pavlovic,Wayne Ellington,Derrick Rose,Joakim Noah,Kirk Hinrich,Luol Deng,Taj Gibson,3,6:28,MIN,shot,,,Luol Deng,,,,,,,Jonny Flynn,,,,missed,,layup,25,6
Jonny Flynn,Nathan Jawai,Ryan Gomes,Sasha Pavlovic,Wayne Ellington,Derrick Rose,Joakim Noah,Kirk Hinrich,Luol Deng,Taj Gibson,3,6:28,MIN,rebound,,,,,,,,,,,,,,,,,,
Jonny Flynn,Nathan Jawai,Ryan Gomes,Sasha Pavlovic,Wayne Ellington,Derrick Rose,Joakim Noah,Kirk Hinrich,Luol Deng,Taj Gibson,3,6:19,MIN,shot,,,,,,,,,,Wayne Ellington,,,,missed,,jump,8,19
Jonny Flynn,Nathan Jawai,Ryan Gomes,Sasha Pavlovic,Wayne Ellington,Derrick Rose,Joakim Noah,Kirk Hinrich,Luol Deng,Taj Gibson,3,6:18,CHI,rebound,,,,,,,,,,Taj Gibson,,,,,,def,,
Jonny Flynn,Nathan Jawai,Ryan Gomes,Sasha Pavlovic,Wayne Ellington,Derrick Rose,Joakim Noah,Kirk Hinrich,Luol Deng,Taj Gibson,3,6:13,CHI,shot,,,,,,,,,,Derrick Rose,2,,,made,,driving layup,25,6
Jonny Flynn,Nathan Jawai,Ryan Gomes,Sasha Pavlovic,Wayne Ellington,Derrick Rose,Joakim Noah,Kirk Hinrich,Luol Deng,Taj Gibson,3,5:58,MIN,shot,Jonny Flynn,,,,,,,,,Ryan Gomes,2,,,made,,jump,6,8
Jonny Flynn,Nathan Jawai,Ryan Gomes,Sasha Pavlovic,Wayne Ellington,Derrick Rose,Joakim Noah,Kirk Hinrich,Luol Deng,Taj Gibson,3,5:46,CHI,turnover,,,,,,,,,,Luol Deng,,,bad pass,,Nathan Jawai,,,
Jonny Flynn,Nathan Jawai,Ryan Gomes,Sasha Pavlovic,Wayne Ellington,Derrick Rose,Joakim Noah,Kirk Hinrich,Luol Deng,Taj Gibson,3,5:41,MIN,shot,Jonny Flynn,,,,,,,,,Ryan Gomes,2,,,made,,running layup,25,6
Jonny Flynn,Nathan Jawai,Ryan Gomes,Sasha Pavlovic,Wayne Ellington,Derrick Rose,Joakim Noah,Kirk Hinrich,Luol Deng,Taj Gibson,3,5:25,CHI,shot,,,,,,,,,,Joakim Noah,,,,missed,,jump,21,24
Jonny Flynn,Nathan Jawai,Ryan Gomes,Sasha Pavlovic,Wayne Ellington,Derrick Rose,Joakim Noah,Kirk Hinrich,Luol Deng,Taj Gibson,3,5:24,MIN,rebound,,,,,,,,,,Sasha Pavlovic,,,,,,def,,
Jonny Flynn,Nathan Jawai,Ryan Gomes,Sasha Pavlovic,Wayne Ellington,Derrick Rose,Joakim Noah,John Salmons,Luol Deng,Taj Gibson,3,5:09,CHI,sub,,,,John Salmons,,Kirk Hinrich,,,,,,,,,,,,
Jonny Flynn,Nathan Jawai,Ryan Gomes,Sasha Pavlovic,Wayne Ellington,Brad Miller,Derrick Rose,John Salmons,Luol Deng,Taj Gibson,3,5:09,CHI,sub,,,,Brad Miller,,Joakim Noah,,,,,,,,,,,,
Brian Cardinal,Jonny Flynn,Ryan Gomes,Sasha Pavlovic,Wayne Ellington,Brad Miller,Derrick Rose,John Salmons,Luol Deng,Taj Gibson,3,5:09,MIN,sub,,,,Brian Cardinal,,Nathan Jawai,,,,,,,,,,,,
Brian Cardinal,Jonny Flynn,Ryan Gomes,Sasha Pavlovic,Wayne Ellington,Brad Miller,Derrick Rose,John Salmons,Luol Deng,Taj Gibson,3,5:05,MIN,shot,,,,,,,,,,Sasha Pavlovic,,,,missed,,jump,39,17
Brian Cardinal,Jonny Flynn,Ryan Gomes,Sasha Pavlovic,Wayne Ellington,Brad Miller,Derrick Rose,John Salmons,Luol Deng,Taj Gibson,3,5:04,CHI,rebound,,,,,,,,,,Brad Miller,,,,,,def,,
Brian Cardinal,Jonny Flynn,Ryan Gomes,Sasha Pavlovic,Wayne Ellington,Brad Miller,Derrick Rose,John Salmons,Luol Deng,Taj Gibson,3,4:56,CHI,shot,,,,,,,,,,Derrick Rose,,,,missed,,jump,30,24
Brian Cardinal,Jonny Flynn,Ryan Gomes,Sasha Pavlovic,Wayne Ellington,Brad Miller,Derrick Rose,John Salmons,Luol Deng,Taj Gibson,3,4:55,MIN,rebound,,,,,,,,,,Ryan Gomes,,,,,,def,,
Brian Cardinal,Jonny Flynn,Ryan Gomes,Sasha Pavlovic,Wayne Ellington,Brad Miller,Derrick Rose,John Salmons,Luol Deng,Taj Gibson,3,4:48,MIN,turnover,,,,,,,,,,Jonny Flynn,,,bad pass,,,,,
Brian Cardinal,Jonny Flynn,Ryan Gomes,Sasha Pavlovic,Wayne Ellington,Brad Miller,Derrick Rose,John Salmons,Luol Deng,Taj Gibson,3,4:33,CHI,shot,Derrick Rose,,,,,,,,,John Salmons,2,,,made,,layup,25,6
Brian Cardinal,Jonny Flynn,Ryan Gomes,Sasha Pavlovic,Wayne Ellington,Brad Miller,Derrick Rose,John Salmons,Luol Deng,Taj Gibson,3,4:13,MIN,shot,,,,,,,,,,Ryan Gomes,,,,missed,,layup,25,6
Brian Cardinal,Jonny Flynn,Ryan Gomes,Sasha Pavlovic,Wayne Ellington,Brad Miller,Derrick Rose,John Salmons,Luol Deng,Taj Gibson,3,4:12,CHI,rebound,,,,,,,,,,Taj Gibson,,,,,,def,,
Brian Cardinal,Jonny Flynn,Ryan Gomes,Sasha Pavlovic,Wayne Ellington,Brad Miller,Derrick Rose,John Salmons,Luol Deng,Taj Gibson,3,4:02,CHI,shot,,,,,,,,,,Derrick Rose,,,,missed,,jump,25,11
Brian Cardinal,Jonny Flynn,Ryan Gomes,Sasha Pavlovic,Wayne Ellington,Brad Miller,Derrick Rose,John Salmons,Luol Deng,Taj Gibson,3,4:01,MIN,rebound,,,,,,,,,,Sasha Pavlovic,,,,,,def,,
Brian Cardinal,Jonny Flynn,Ryan Gomes,Sasha Pavlovic,Wayne Ellington,Brad Miller,Derrick Rose,John Salmons,Luol Deng,Taj Gibson,3,3:55,MIN,shot,,,,,,,,,,Ryan Gomes,,,,missed,,jump,43,5
Brian Cardinal,Jonny Flynn,Ryan Gomes,Sasha Pavlovic,Wayne Ellington,Brad Miller,Derrick Rose,John Salmons,Luol Deng,Taj Gibson,3,3:54,CHI,rebound,,,,,,,,,,Taj Gibson,,,,,,def,,
Brian Cardinal,Jonny Flynn,Ryan Gomes,Sasha Pavlovic,Wayne Ellington,Brad Miller,Derrick Rose,John Salmons,Luol Deng,Taj Gibson,3,3:32,CHI,shot,,,,,,,,,,Brad Miller,2,,,made,,jump bank,20,10
Brian Cardinal,Jonny Flynn,Ryan Gomes,Sasha Pavlovic,Wayne Ellington,Brad Miller,John Salmons,Kirk Hinrich,Luol Deng,Taj Gibson,3,3:13,CHI,sub,,,,Kirk Hinrich,,Derrick Rose,,,,,,,,,,,,
Brian Cardinal,Jonny Flynn,Ryan Gomes,Sasha Pavlovic,Wayne Ellington,Brad Miller,John Salmons,Kirk Hinrich,Luol Deng,Tyrus Thomas,3,3:13,CHI,sub,,,,Tyrus Thomas,,Taj Gibson,,,,,,,,,,,,
Brian Cardinal,Jonny Flynn,Oleksiy Pecherov,Sasha Pavlovic,Wayne Ellington,Brad Miller,John Salmons,Kirk Hinrich,Luol Deng,Tyrus Thomas,3,3:13,MIN,sub,,,,Oleksiy Pecherov,,Ryan Gomes,,,,,,,,,,,,
Brian Cardinal,Jonny Flynn,Oleksiy Pecherov,Sasha Pavlovic,Wayne Ellington,Brad Miller,John Salmons,Kirk Hinrich,Luol Deng,Tyrus Thomas,3,3:05,MIN,shot,Jonny Flynn,,,,,,,,,Brian Cardinal,3,,,made,,3pt,11,27
Brian Cardinal,Jonny Flynn,Oleksiy Pecherov,Sasha Pavlovic,Wayne Ellington,Brad Miller,John Salmons,Kirk Hinrich,Luol Deng,Tyrus Thomas,3,2:48,MIN,foul,,,,,,,,Tyrus Thomas,,Brian Cardinal,,,,,,shooting,,
Brian Cardinal,Jonny Flynn,Oleksiy Pecherov,Sasha Pavlovic,Wayne Ellington,Brad Miller,John Salmons,Kirk Hinrich,Luol Deng,Tyrus Thomas,3,2:48,CHI,timeout,,,,,,,,,,,,,,,,regular,,
Brian Cardinal,Oleksiy Pecherov,Ramon Sessions,Sasha Pavlovic,Wayne Ellington,Brad Miller,John Salmons,Kirk Hinrich,Luol Deng,Tyrus Thomas,3,2:48,MIN,sub,,,,Ramon Sessions,,Jonny Flynn,,,,,,,,,,,,
Brian Cardinal,Oleksiy Pecherov,Ramon Sessions,Sasha Pavlovic,Wayne Ellington,Brad Miller,John Salmons,Kirk Hinrich,Luol Deng,Tyrus Thomas,3,2:48,CHI,free throw,,,,,,,1,,2,Tyrus Thomas,,,foul,made,,,,
Brian Cardinal,Oleksiy Pecherov,Ramon Sessions,Sasha Pavlovic,Wayne Ellington,Brad Miller,John Salmons,Kirk Hinrich,Luol Deng,Tyrus Thomas,3,2:48,CHI,free throw,,,,,,,2,,2,Tyrus Thomas,,,foul,missed,,,,
Brian Cardinal,Oleksiy Pecherov,Ramon Sessions,Sasha Pavlovic,Wayne Ellington,Brad Miller,John Salmons,Kirk Hinrich,Luol Deng,Tyrus Thomas,3,2:46,MIN,rebound,,,,,,,,,,Oleksiy Pecherov,,,,,,def,,
Brian Cardinal,Oleksiy Pecherov,Ramon Sessions,Sasha Pavlovic,Wayne Ellington,Brad Miller,John Salmons,Kirk Hinrich,Luol Deng,Tyrus Thomas,3,2:30,MIN,shot,Ramon Sessions,,,,,,,,,Oleksiy Pecherov,3,,,made,,3pt,1,4
Brian Cardinal,Oleksiy Pecherov,Ramon Sessions,Sasha Pavlovic,Wayne Ellington,Brad Miller,John Salmons,Kirk Hinrich,Luol Deng,Tyrus Thomas,3,2:13,CHI,shot,,,,,,,,,,Tyrus Thomas,,,,missed,,jump,30,21
Brian Cardinal,Oleksiy Pecherov,Ramon Sessions,Sasha Pavlovic,Wayne Ellington,Brad Miller,John Salmons,Kirk Hinrich,Luol Deng,Tyrus Thomas,3,2:12,MIN,rebound,,,,,,,,,,Oleksiy Pecherov,,,,,,def,,
Brian Cardinal,Oleksiy Pecherov,Ramon Sessions,Sasha Pavlovic,Wayne Ellington,Brad Miller,John Salmons,Kirk Hinrich,Luol Deng,Tyrus Thomas,3,2:05,MIN,shot,,,,,,,,,,Ramon Sessions,2,,,made,,jump,42,8
Brian Cardinal,Oleksiy Pecherov,Ramon Sessions,Sasha Pavlovic,Wayne Ellington,Brad Miller,John Salmons,Kirk Hinrich,Luol Deng,Tyrus Thomas,3,1:42,CHI,shot,,,,,,,,,,Kirk Hinrich,2,,,made,,jump,17,25
Brian Cardinal,Oleksiy Pecherov,Ramon Sessions,Sasha Pavlovic,Wayne Ellington,Brad Miller,John Salmons,Kirk Hinrich,Luol Deng,Tyrus Thomas,3,1:27,MIN,shot,,,,,,,,,,Oleksiy Pecherov,,,,missed,,jump,43,20
Brian Cardinal,Oleksiy Pecherov,Ramon Sessions,Sasha Pavlovic,Wayne Ellington,Brad Miller,John Salmons,Kirk Hinrich,Luol Deng,Tyrus Thomas,3,1:26,CHI,rebound,,,,,,,,,,John Salmons,,,,,,def,,
Brian Cardinal,Oleksiy Pecherov,Ramon Sessions,Sasha Pavlovic,Wayne Ellington,Brad Miller,John Salmons,Kirk Hinrich,Luol Deng,Tyrus Thomas,3,1:20,CHI,shot,,,,,,,,,,Tyrus Thomas,,,,missed,,jump,10,8
Brian Cardinal,Oleksiy Pecherov,Ramon Sessions,Sasha Pavlovic,Wayne Ellington,Brad Miller,John Salmons,Kirk Hinrich,Luol Deng,Tyrus Thomas,3,1:20,CHI,rebound,,,,,,,,,,,,,,,,,,
Brian Cardinal,Oleksiy Pecherov,Ramon Sessions,Sasha Pavlovic,Wayne Ellington,Brad Miller,John Salmons,Kirk Hinrich,Luol Deng,Tyrus Thomas,3,1:20,MIN,foul,,,,,,,,Brad Miller,,Brian Cardinal,,,,,,loose ball,,
Brian Cardinal,Oleksiy Pecherov,Ramon Sessions,Sasha Pavlovic,Wayne Ellington,Brad Miller,James Johnson,John Salmons,Kirk Hinrich,Tyrus Thomas,3,1:20,CHI,sub,,,,James Johnson,,Luol Deng,,,,,,,,,,,,
Brian Cardinal,Oleksiy Pecherov,Ramon Sessions,Sasha Pavlovic,Wayne Ellington,Brad Miller,James Johnson,John Salmons,Kirk Hinrich,Tyrus Thomas,3,1:20,CHI,free throw,,,,,,,1,,2,Brad Miller,,,foul,made,,,,
Brian Cardinal,Oleksiy Pecherov,Ramon Sessions,Sasha Pavlovic,Wayne Ellington,Brad Miller,James Johnson,John Salmons,Kirk Hinrich,Luol Deng,3,1:20,CHI,sub,,,,Luol Deng,,Tyrus Thomas,,,,,,,,,,,,
Brian Cardinal,Oleksiy Pecherov,Ramon Sessions,Sasha Pavlovic,Wayne Ellington,Brad Miller,James Johnson,John Salmons,Kirk Hinrich,Luol Deng,3,1:20,CHI,free throw,,,,,,,2,,2,Brad Miller,,,foul,made,,,,
Brian Cardinal,Oleksiy Pecherov,Ramon Sessions,Sasha Pavlovic,Wayne Ellington,Brad Miller,James Johnson,John Salmons,Kirk Hinrich,Luol Deng,3,1:09,MIN,shot,,,,,,,,,,Ramon Sessions,,,,missed,,jump,8,7
Brian Cardinal,Oleksiy Pecherov,Ramon Sessions,Sasha Pavlovic,Wayne Ellington,Brad Miller,James Johnson,John Salmons,Kirk Hinrich,Luol Deng,3,1:08,CHI,rebound,,,,,,,,,,James Johnson,,,,,,def,,
Brian Cardinal,Oleksiy Pecherov,Ramon Sessions,Sasha Pavlovic,Wayne Ellington,Brad Miller,James Johnson,John Salmons,Kirk Hinrich,Luol Deng,3,0:59,CHI,shot,,,,,,,,,,Kirk Hinrich,2,,,made,,jump,38,21
Brian Cardinal,Oleksiy Pecherov,Ramon Sessions,Sasha Pavlovic,Wayne Ellington,Brad Miller,James Johnson,John Salmons,Kirk Hinrich,Luol Deng,3,0:45,MIN,shot,,,Luol Deng,,,,,,,Wayne Ellington,,,,missed,,layup,25,6
Brian Cardinal,Oleksiy Pecherov,Ramon Sessions,Sasha Pavlovic,Wayne Ellington,Brad Miller,James Johnson,John Salmons,Kirk Hinrich,Luol Deng,3,0:43,CHI,rebound,,,,,,,,,,Luol Deng,,,,,,def,,
Brian Cardinal,Oleksiy Pecherov,Ramon Sessions,Sasha Pavlovic,Wayne Ellington,Brad Miller,James Johnson,John Salmons,Kirk Hinrich,Luol Deng,3,0:26,CHI,shot,,,,,,,,,,John Salmons,2,,,made,,driving layup,25,6
Brian Cardinal,Oleksiy Pecherov,Ramon Sessions,Sasha Pavlovic,Wayne Ellington,Brad Miller,James Johnson,John Salmons,Kirk Hinrich,Luol Deng,3,0:02,MIN,shot,,,,,,,,,,Wayne Ellington,,,,missed,,3pt,8,27
Brian Cardinal,Oleksiy Pecherov,Ramon Sessions,Sasha Pavlovic,Wayne Ellington,Brad Miller,James Johnson,John Salmons,Kirk Hinrich,Luol Deng,3,0:02,MIN,rebound,,,,,,,,,,,,,,,,,,
Brian Cardinal,Oleksiy Pecherov,Ramon Sessions,Sasha Pavlovic,Wayne Ellington,Brad Miller,James Johnson,John Salmons,Kirk Hinrich,Luol Deng,3,0:02,MIN,turnover,,,,,,,,,,,,,shot clock turnover,,,,,
Al Jefferson,Kevin Love,Ramon Sessions,Sasha Pavlovic,Wayne Ellington,Brad Miller,James Johnson,John Salmons,Kirk Hinrich,Luol Deng,4,11:41,CHI,shot,,,,,,,,,,Brad Miller,,,,missed,,3pt,2,6
Al Jefferson,Kevin Love,Ramon Sessions,Sasha Pavlovic,Wayne Ellington,Brad Miller,James Johnson,John Salmons,Kirk Hinrich,Luol Deng,4,11:40,MIN,rebound,,,,,,,,,,Kevin Love,,,,,,def,,
Al Jefferson,Kevin Love,Ramon Sessions,Sasha Pavlovic,Wayne Ellington,Brad Miller,James Johnson,John Salmons,Kirk Hinrich,Luol Deng,4,11:30,MIN,shot,,,,,,,,,,Al Jefferson,,,,missed,,jump,36,9
Al Jefferson,Kevin Love,Ramon Sessions,Sasha Pavlovic,Wayne Ellington,Brad Miller,James Johnson,John Salmons,Kirk Hinrich,Luol Deng,4,11:28,CHI,rebound,,,,,,,,,,Kirk Hinrich,,,,,,def,,
Al Jefferson,Kevin Love,Ramon Sessions,Sasha Pavlovic,Wayne Ellington,Brad Miller,James Johnson,John Salmons,Kirk Hinrich,Luol Deng,4,11:18,CHI,turnover,,,,,,,,,,James Johnson,,,lost ball,,Al Jefferson,,,
Al Jefferson,Kevin Love,Ramon Sessions,Sasha Pavlovic,Wayne Ellington,Brad Miller,James Johnson,John Salmons,Kirk Hinrich,Luol Deng,4,11:14,CHI,foul,,,,,,,,Ramon Sessions,,James Johnson,,,,,,shooting,,
Al Jefferson,Kevin Love,Ramon Sessions,Sasha Pavlovic,Wayne Ellington,Brad Miller,James Johnson,John Salmons,Kirk Hinrich,Luol Deng,4,11:14,MIN,free throw,,,,,,,1,,2,Ramon Sessions,,,foul,made,,,,
Al Jefferson,Kevin Love,Ramon Sessions,Sasha Pavlovic,Wayne Ellington,Brad Miller,James Johnson,John Salmons,Kirk Hinrich,Luol Deng,4,11:14,MIN,free throw,,,,,,,2,,2,Ramon Sessions,,,foul,missed,,,,
Al Jefferson,Kevin Love,Ramon Sessions,Sasha Pavlovic,Wayne Ellington,Brad Miller,James Johnson,John Salmons,Kirk Hinrich,Luol Deng,4,11:11,CHI,rebound,,,,,,,,,,Brad Miller,,,,,,def,,
Al Jefferson,Kevin Love,Ramon Sessions,Sasha Pavlovic,Wayne Ellington,Brad Miller,James Johnson,John Salmons,Kirk Hinrich,Luol Deng,4,11:01,CHI,shot,John Salmons,,,,,,,,,Brad Miller,2,,,made,,jump,38,16
Al Jefferson,Kevin Love,Ramon Sessions,Sasha Pavlovic,Wayne Ellington,Brad Miller,James Johnson,John Salmons,Kirk Hinrich,Luol Deng,4,10:46,MIN,shot,,,,,,,,,,Sasha Pavlovic,,,,missed,,jump,39,23
Al Jefferson,Kevin Love,Ramon Sessions,Sasha Pavlovic,Wayne Ellington,Brad Miller,James Johnson,John Salmons,Kirk Hinrich,Luol Deng,4,10:45,MIN,rebound,,,,,,,,,,Kevin Love,,,,,,off,,
Al Jefferson,Kevin Love,Ramon Sessions,Sasha Pavlovic,Wayne Ellington,Brad Miller,James Johnson,John Salmons,Kirk Hinrich,Luol Deng,4,10:45,MIN,shot,,,,,,,,,,Kevin Love,2,,,made,,tip,25,6
Al Jefferson,Kevin Love,Ramon Sessions,Sasha Pavlovic,Wayne Ellington,Brad Miller,James Johnson,John Salmons,Kirk Hinrich,Luol Deng,4,10:21,CHI,shot,,,,,,,,,,Kirk Hinrich,2,,,made,,driving layup,25,6
Al Jefferson,Kevin Love,Ramon Sessions,Sasha Pavlovic,Wayne Ellington,Brad Miller,James Johnson,John Salmons,Kirk Hinrich,Luol Deng,4,10:01,CHI,foul,,,,,,,,Al Jefferson,,Brad Miller,,,,,,shooting,,
Al Jefferson,Kevin Love,Ramon Sessions,Sasha Pavlovic,Wayne Ellington,Brad Miller,James Johnson,John Salmons,Kirk Hinrich,Taj Gibson,4,10:01,CHI,sub,,,,Taj Gibson,,Luol Deng,,,,,,,,,,,,
Al Jefferson,Jonny Flynn,Kevin Love,Sasha Pavlovic,Wayne Ellington,Brad Miller,James Johnson,John Salmons,Kirk Hinrich,Taj Gibson,4,10:01,MIN,sub,,,,Jonny Flynn,,Ramon Sessions,,,,,,,,,,,,
Al Jefferson,Jonny Flynn,Kevin Love,Sasha Pavlovic,Wayne Ellington,Brad Miller,James Johnson,John Salmons,Kirk Hinrich,Taj Gibson,4,10:01,MIN,free throw,,,,,,,1,,2,Al Jefferson,,,foul,made,,,,
Al Jefferson,Jonny Flynn,Kevin Love,Sasha Pavlovic,Wayne Ellington,Brad Miller,James Johnson,John Salmons,Kirk Hinrich,Taj Gibson,4,10:01,MIN,free throw,,,,,,,2,,2,Al Jefferson,,,foul,made,,,,
Al Jefferson,Jonny Flynn,Kevin Love,Sasha Pavlovic,Wayne Ellington,Brad Miller,James Johnson,John Salmons,Kirk Hinrich,Taj Gibson,4,9:47,CHI,shot,John Salmons,,,,,,,,,Brad Miller,3,,,made,,3pt,41,24
Al Jefferson,Jonny Flynn,Kevin Love,Sasha Pavlovic,Wayne Ellington,Brad Miller,James Johnson,John Salmons,Kirk Hinrich,Taj Gibson,4,9:32,MIN,shot,,,,,,,,,,Kevin Love,,,,missed,,layup,25,6
Al Jefferson,Jonny Flynn,Kevin Love,Sasha Pavlovic,Wayne Ellington,Brad Miller,James Johnson,John Salmons,Kirk Hinrich,Taj Gibson,4,9:31,CHI,rebound,,,,,,,,,,Taj Gibson,,,,,,def,,
Al Jefferson,Jonny Flynn,Kevin Love,Sasha Pavlovic,Wayne Ellington,Brad Miller,James Johnson,John Salmons,Kirk Hinrich,Taj Gibson,4,9:19,MIN,foul,,,,,,,,Taj Gibson,,Al Jefferson,,,,,,shooting,,
Al Jefferson,Jonny Flynn,Kevin Love,Sasha Pavlovic,Wayne Ellington,Brad Miller,James Johnson,John Salmons,Kirk Hinrich,Taj Gibson,4,9:19,CHI,free throw,,,,,,,1,,2,Taj Gibson,,,foul,made,,,,
Al Jefferson,Corey Brewer,Jonny Flynn,Kevin Love,Sasha Pavlovic,Brad Miller,James Johnson,John Salmons,Kirk Hinrich,Taj Gibson,4,9:19,MIN,sub,,,,Corey Brewer,,Wayne Ellington,,,,,,,,,,,,
Al Jefferson,Corey Brewer,Jonny Flynn,Kevin Love,Sasha Pavlovic,Brad Miller,James Johnson,John Salmons,Kirk Hinrich,Taj Gibson,4,9:19,CHI,free throw,,,,,,,2,,2,Taj Gibson,,,foul,made,,,,
Al Jefferson,Corey Brewer,Jonny Flynn,Kevin Love,Sasha Pavlovic,Brad Miller,James Johnson,John Salmons,Kirk Hinrich,Taj Gibson,4,9:12,CHI,foul,,,,,,,,Corey Brewer,,John Salmons,,,,,,shooting,,
Al Jefferson,Corey Brewer,Jonny Flynn,Kevin Love,Sasha Pavlovic,Brad Miller,James Johnson,John Salmons,Kirk Hinrich,Taj Gibson,4,9:12,MIN,free throw,,,,,,,1,,2,Corey Brewer,,,foul,made,,,,
Al Jefferson,Corey Brewer,Jonny Flynn,Kevin Love,Sasha Pavlovic,Brad Miller,James Johnson,John Salmons,Kirk Hinrich,Taj Gibson,4,9:12,MIN,free throw,,,,,,,2,,2,Corey Brewer,,,foul,missed,,,,
Al Jefferson,Corey Brewer,Jonny Flynn,Kevin Love,Sasha Pavlovic,Brad Miller,James Johnson,John Salmons,Kirk Hinrich,Taj Gibson,4,9:10,CHI,rebound,,,,,,,,,,Brad Miller,,,,,,def,,
Al Jefferson,Corey Brewer,Jonny Flynn,Kevin Love,Sasha Pavlovic,Brad Miller,James Johnson,John Salmons,Kirk Hinrich,Taj Gibson,4,8:56,CHI,shot,James Johnson,,,,,,,,,Taj Gibson,2,,,made,,layup,25,6
Al Jefferson,Corey Brewer,Jonny Flynn,Kevin Love,Sasha Pavlovic,Brad Miller,James Johnson,John Salmons,Kirk Hinrich,Taj Gibson,4,8:43,MIN,shot,Kevin Love,,,,,,,,,Sasha Pavlovic,2,,,made,,jump,38,21
Al Jefferson,Corey Brewer,Jonny Flynn,Kevin Love,Sasha Pavlovic,Brad Miller,James Johnson,John Salmons,Kirk Hinrich,Taj Gibson,4,8:27,CHI,shot,,,,,,,,,,Brad Miller,,,,missed,,jump,15,22
Al Jefferson,Corey Brewer,Jonny Flynn,Kevin Love,Sasha Pavlovic,Brad Miller,James Johnson,John Salmons,Kirk Hinrich,Taj Gibson,4,8:26,MIN,rebound,,,,,,,,,,Corey Brewer,,,,,,def,,
Al Jefferson,Corey Brewer,Jonny Flynn,Kevin Love,Sasha Pavlovic,Brad Miller,James Johnson,John Salmons,Kirk Hinrich,Taj Gibson,4,8:13,MIN,shot,,,,,,,,,,Al Jefferson,2,,,made,,jump,14,20
Al Jefferson,Corey Brewer,Jonny Flynn,Kevin Love,Sasha Pavlovic,Brad Miller,James Johnson,John Salmons,Kirk Hinrich,Taj Gibson,4,8:13,CHI,timeout,,,,,,,,,,,,,,,,regular,,
Al Jefferson,Corey Brewer,Jonny Flynn,Kevin Love,Sasha Pavlovic,Brad Miller,Derrick Rose,James Johnson,John Salmons,Taj Gibson,4,8:13,CHI,sub,,,,Derrick Rose,,Kirk Hinrich,,,,,,,,,,,,
Al Jefferson,Corey Brewer,Jonny Flynn,Kevin Love,Sasha Pavlovic,Brad Miller,Derrick Rose,James Johnson,John Salmons,Taj Gibson,4,8:04,CHI,turnover,,,,,,,,,,Brad Miller,,,traveling,,,,,
Al Jefferson,Corey Brewer,Jonny Flynn,Kevin Love,Sasha Pavlovic,Brad Miller,Derrick Rose,James Johnson,John Salmons,Taj Gibson,4,7:54,MIN,shot,Jonny Flynn,,,,,,,,,Sasha Pavlovic,3,,,made,,3pt,10,26
Al Jefferson,Corey Brewer,Jonny Flynn,Kevin Love,Sasha Pavlovic,Brad Miller,Derrick Rose,James Johnson,John Salmons,Taj Gibson,4,7:34,CHI,shot,John Salmons,,,,,,,,,James Johnson,3,,,made,,3pt,38,27
Al Jefferson,Corey Brewer,Jonny Flynn,Kevin Love,Sasha Pavlovic,Brad Miller,Derrick Rose,James Johnson,John Salmons,Taj Gibson,4,7:17,MIN,shot,,,,,,,,,,Jonny Flynn,,,,missed,,jump,8,7
Al Jefferson,Corey Brewer,Jonny Flynn,Kevin Love,Sasha Pavlovic,Brad Miller,Derrick Rose,James Johnson,John Salmons,Taj Gibson,4,7:17,CHI,rebound,,,,,,,,,,,,,,,,,,
Al Jefferson,Corey Brewer,Jonny Flynn,Kevin Love,Sasha Pavlovic,Derrick Rose,James Johnson,Joakim Noah,John Salmons,Taj Gibson,4,7:17,CHI,sub,,,,Joakim Noah,,Brad Miller,,,,,,,,,,,,
Al Jefferson,Corey Brewer,Jonny Flynn,Kevin Love,Sasha Pavlovic,Derrick Rose,Joakim Noah,John Salmons,Luol Deng,Taj Gibson,4,7:17,CHI,sub,,,,Luol Deng,,James Johnson,,,,,,,,,,,,
Al Jefferson,Corey Brewer,Jonny Flynn,Kevin Love,Sasha Pavlovic,Derrick Rose,Joakim Noah,John Salmons,Luol Deng,Taj Gibson,4,6:59,CHI,shot,,,,,,,,,,John Salmons,2,,,made,,jump,16,21
Al Jefferson,Corey Brewer,Jonny Flynn,Kevin Love,Sasha Pavlovic,Derrick Rose,Joakim Noah,John Salmons,Luol Deng,Taj Gibson,4,6:43,MIN,shot,,,,,,,,,,Al Jefferson,,,,missed,,jump,10,10
Al Jefferson,Corey Brewer,Jonny Flynn,Kevin Love,Sasha Pavlovic,Derrick Rose,Joakim Noah,John Salmons,Luol Deng,Taj Gibson,4,6:42,CHI,rebound,,,,,,,,,,John Salmons,,,,,,def,,
Al Jefferson,Corey Brewer,Jonny Flynn,Kevin Love,Sasha Pavlovic,Derrick Rose,Joakim Noah,John Salmons,Luol Deng,Taj Gibson,4,6:34,CHI,shot,,,,,,,,,,John Salmons,,,,missed,,jump,19,11
Al Jefferson,Corey Brewer,Jonny Flynn,Kevin Love,Sasha Pavlovic,Derrick Rose,Joakim Noah,John Salmons,Luol Deng,Taj Gibson,4,6:34,MIN,rebound,,,,,,,,,,,,,,,,,,
Al Jefferson,Corey Brewer,Jonny Flynn,Kevin Love,Sasha Pavlovic,Derrick Rose,Joakim Noah,John Salmons,Luol Deng,Taj Gibson,4,6:34,CHI,foul,,,,,,,,Kevin Love,,Joakim Noah,,,,,,loose ball,,
Al Jefferson,Corey Brewer,Jonny Flynn,Oleksiy Pecherov,Sasha Pavlovic,Derrick Rose,Joakim Noah,John Salmons,Luol Deng,Taj Gibson,4,6:34,MIN,sub,,,,Oleksiy Pecherov,,Kevin Love,,,,,,,,,,,,
Al Jefferson,Corey Brewer,Jonny Flynn,Oleksiy Pecherov,Sasha Pavlovic,Derrick Rose,Joakim Noah,John Salmons,Luol Deng,Taj Gibson,4,6:34,MIN,shot,,,,,,,,,,Corey Brewer,3,,,made,,3pt,43,24
Al Jefferson,Corey Brewer,Jonny Flynn,Oleksiy Pecherov,Sasha Pavlovic,Derrick Rose,Joakim Noah,John Salmons,Luol Deng,Taj Gibson,4,5:53,CHI,shot,Joakim Noah,,,,,,,,,John Salmons,2,,,made,,reverse layup,25,6
Al Jefferson,Corey Brewer,Jonny Flynn,Oleksiy Pecherov,Sasha Pavlovic,Derrick Rose,Joakim Noah,John Salmons,Luol Deng,Taj Gibson,4,5:49,CHI,foul,,,,,,,,Corey Brewer,,Joakim Noah,,,,,,shooting,,
Corey Brewer,Jonny Flynn,Oleksiy Pecherov,Ryan Gomes,Sasha Pavlovic,Derrick Rose,Joakim Noah,John Salmons,Luol Deng,Taj Gibson,4,5:49,MIN,sub,,,,Ryan Gomes,,Al Jefferson,,,,,,,,,,,,
Corey Brewer,Jonny Flynn,Oleksiy Pecherov,Ryan Gomes,Sasha Pavlovic,Derrick Rose,Joakim Noah,John Salmons,Luol Deng,Taj Gibson,4,5:49,MIN,free throw,,,,,,,1,,2,Corey Brewer,,,foul,missed,,,,
Corey Brewer,Jonny Flynn,Oleksiy Pecherov,Ryan Gomes,Sasha Pavlovic,Derrick Rose,Joakim Noah,John Salmons,Luol Deng,Taj Gibson,4,5:49,MIN,rebound,,,,,,,,,,,,,,,,,,
Corey Brewer,Jonny Flynn,Oleksiy Pecherov,Ryan Gomes,Sasha Pavlovic,Derrick Rose,Joakim Noah,John Salmons,Luol Deng,Taj Gibson,4,5:49,MIN,free throw,,,,,,,2,,2,Corey Brewer,,,foul,made,,,,
Corey Brewer,Jonny Flynn,Oleksiy Pecherov,Ryan Gomes,Sasha Pavlovic,Derrick Rose,Joakim Noah,John Salmons,Luol Deng,Taj Gibson,4,5:31,MIN,foul,,,,,,,,Taj Gibson,,Ryan Gomes,,,,,,shooting,,
Corey Brewer,Jonny Flynn,Oleksiy Pecherov,Ryan Gomes,Sasha Pavlovic,Derrick Rose,Joakim Noah,John Salmons,Luol Deng,Taj Gibson,4,5:31,CHI,free throw,,,,,,,1,,2,Taj Gibson,,,foul,missed,,,,
Corey Brewer,Jonny Flynn,Oleksiy Pecherov,Ryan Gomes,Sasha Pavlovic,Derrick Rose,Joakim Noah,John Salmons,Luol Deng,Taj Gibson,4,5:31,CHI,rebound,,,,,,,,,,,,,,,,,,
Corey Brewer,Jonny Flynn,Oleksiy Pecherov,Ryan Gomes,Sasha Pavlovic,Derrick Rose,Joakim Noah,John Salmons,Luol Deng,Taj Gibson,4,5:31,CHI,free throw,,,,,,,2,,2,Taj Gibson,,,foul,made,,,,
Corey Brewer,Jonny Flynn,Oleksiy Pecherov,Ryan Gomes,Sasha Pavlovic,Derrick Rose,Joakim Noah,John Salmons,Luol Deng,Taj Gibson,4,5:18,MIN,shot,,,,,,,,,,Sasha Pavlovic,,,,missed,,jump,23,15
Corey Brewer,Jonny Flynn,Oleksiy Pecherov,Ryan Gomes,Sasha Pavlovic,Derrick Rose,Joakim Noah,John Salmons,Luol Deng,Taj Gibson,4,5:17,CHI,rebound,,,,,,,,,,Joakim Noah,,,,,,def,,
Corey Brewer,Jonny Flynn,Oleksiy Pecherov,Ryan Gomes,Sasha Pavlovic,Derrick Rose,Joakim Noah,John Salmons,Luol Deng,Taj Gibson,4,5:06,MIN,foul,,,,,,,,,,Rambis,,,,,,technical,,
Corey Brewer,Jonny Flynn,Oleksiy Pecherov,Ryan Gomes,Sasha Pavlovic,Derrick Rose,Joakim Noah,John Salmons,Luol Deng,Taj Gibson,4,5:06,CHI,free throw,,,,,,,1,,1,John Salmons,,,technical,made,,,,
Corey Brewer,Jonny Flynn,Oleksiy Pecherov,Ryan Gomes,Sasha Pavlovic,Derrick Rose,Joakim Noah,Kirk Hinrich,Luol Deng,Taj Gibson,4,5:06,CHI,sub,,,,Kirk Hinrich,,John Salmons,,,,,,,,,,,,
Corey Brewer,Jonny Flynn,Oleksiy Pecherov,Ryan Gomes,Sasha Pavlovic,Derrick Rose,Joakim Noah,Kirk Hinrich,Luol Deng,Taj Gibson,4,5:00,CHI,shot,,,,,,,,,,Luol Deng,,,,missed,,jump,44,11
Corey Brewer,Jonny Flynn,Oleksiy Pecherov,Ryan Gomes,Sasha Pavlovic,Derrick Rose,Joakim Noah,Kirk Hinrich,Luol Deng,Taj Gibson,4,4:58,CHI,rebound,,,,,,,,,,Joakim Noah,,,,,,off,,
Corey Brewer,Jonny Flynn,Oleksiy Pecherov,Ryan Gomes,Sasha Pavlovic,Derrick Rose,Joakim Noah,Kirk Hinrich,Luol Deng,Taj Gibson,4,4:46,CHI,shot,,,,,,,,,,Kirk Hinrich,,,,missed,,3pt,30,32
Corey Brewer,Jonny Flynn,Oleksiy Pecherov,Ryan Gomes,Sasha Pavlovic,Derrick Rose,Joakim Noah,Kirk Hinrich,Luol Deng,Taj Gibson,4,4:44,MIN,rebound,,,,,,,,,,Jonny Flynn,,,,,,def,,
Corey Brewer,Jonny Flynn,Oleksiy Pecherov,Ryan Gomes,Sasha Pavlovic,Derrick Rose,Joakim Noah,Kirk Hinrich,Luol Deng,Taj Gibson,4,4:41,CHI,foul,,,,,,,,Ryan Gomes,,Taj Gibson,,,,,,shooting,,
Corey Brewer,Jonny Flynn,Oleksiy Pecherov,Ryan Gomes,Sasha Pavlovic,Derrick Rose,Joakim Noah,Kirk Hinrich,Luol Deng,Taj Gibson,4,4:41,MIN,free throw,,,,,,,1,,2,Ryan Gomes,,,foul,missed,,,,
Corey Brewer,Jonny Flynn,Oleksiy Pecherov,Ryan Gomes,Sasha Pavlovic,Derrick Rose,Joakim Noah,Kirk Hinrich,Luol Deng,Taj Gibson,4,4:41,MIN,rebound,,,,,,,,,,,,,,,,,,
Corey Brewer,Jonny Flynn,Oleksiy Pecherov,Ryan Gomes,Sasha Pavlovic,Derrick Rose,Joakim Noah,Kirk Hinrich,Luol Deng,Tyrus Thomas,4,4:41,CHI,sub,,,,Tyrus Thomas,,Taj Gibson,,,,,,,,,,,,
Corey Brewer,Jonny Flynn,Oleksiy Pecherov,Ryan Gomes,Sasha Pavlovic,Derrick Rose,Joakim Noah,Kirk Hinrich,Luol Deng,Tyrus Thomas,4,4:41,MIN,free throw,,,,,,,2,,2,Ryan Gomes,,,foul,made,,,,
Corey Brewer,Jonny Flynn,Oleksiy Pecherov,Ryan Gomes,Sasha Pavlovic,Derrick Rose,Joakim Noah,Kirk Hinrich,Luol Deng,Tyrus Thomas,4,4:29,CHI,shot,,,,,,,,,,Luol Deng,,,,missed,,jump,5,6
Corey Brewer,Jonny Flynn,Oleksiy Pecherov,Ryan Gomes,Sasha Pavlovic,Derrick Rose,Joakim Noah,Kirk Hinrich,Luol Deng,Tyrus Thomas,4,4:28,MIN,rebound,,,,,,,,,,Oleksiy Pecherov,,,,,,def,,
Corey Brewer,Jonny Flynn,Oleksiy Pecherov,Ryan Gomes,Sasha Pavlovic,Derrick Rose,Joakim Noah,Kirk Hinrich,Luol Deng,Tyrus Thomas,4,4:22,MIN,shot,Jonny Flynn,,,,,,,,,Corey Brewer,3,,,made,,3pt,6,23
Corey Brewer,Jonny Flynn,Oleksiy Pecherov,Ryan Gomes,Sasha Pavlovic,Derrick Rose,Joakim Noah,Kirk Hinrich,Luol Deng,Tyrus Thomas,4,4:07,CHI,shot,,,,,,,,,,Derrick Rose,,,,missed,,layup,25,6
Corey Brewer,Jonny Flynn,Oleksiy Pecherov,Ryan Gomes,Sasha Pavlovic,Derrick Rose,Joakim Noah,Kirk Hinrich,Luol Deng,Tyrus Thomas,4,4:05,CHI,rebound,,,,,,,,,,Joakim Noah,,,,,,off,,
Corey Brewer,Jonny Flynn,Oleksiy Pecherov,Ryan Gomes,Sasha Pavlovic,Derrick Rose,Joakim Noah,Kirk Hinrich,Luol Deng,Tyrus Thomas,4,4:05,CHI,shot,,,,,,,,,,Joakim Noah,2,,,made,,layup,25,6
Corey Brewer,Jonny Flynn,Oleksiy Pecherov,Ryan Gomes,Sasha Pavlovic,Derrick Rose,Joakim Noah,Kirk Hinrich,Luol Deng,Tyrus Thomas,4,3:50,MIN,shot,,,,,,,,,,Ryan Gomes,,,,missed,,3pt,36,28
Corey Brewer,Jonny Flynn,Oleksiy Pecherov,Ryan Gomes,Sasha Pavlovic,Derrick Rose,Joakim Noah,Kirk Hinrich,Luol Deng,Tyrus Thomas,4,3:49,CHI,rebound,,,,,,,,,,Derrick Rose,,,,,,def,,
Corey Brewer,Jonny Flynn,Oleksiy Pecherov,Ryan Gomes,Sasha Pavlovic,Derrick Rose,Joakim Noah,Kirk Hinrich,Luol Deng,Tyrus Thomas,4,3:47,MIN,foul,,,,,,,,Tyrus Thomas,,Sasha Pavlovic,,,,,,shooting,,
Corey Brewer,Jonny Flynn,Oleksiy Pecherov,Ryan Gomes,Sasha Pavlovic,Derrick Rose,Joakim Noah,Kirk Hinrich,Luol Deng,Tyrus Thomas,4,3:47,MIN,timeout,,,,,,,,,,,,,,,,regular,,
Corey Brewer,Jonny Flynn,Oleksiy Pecherov,Ryan Gomes,Sasha Pavlovic,Derrick Rose,Joakim Noah,Kirk Hinrich,Luol Deng,Tyrus Thomas,4,3:47,CHI,free throw,,,,,,,1,,2,Tyrus Thomas,,,foul,made,,,,
Corey Brewer,Jonny Flynn,Oleksiy Pecherov,Ryan Gomes,Sasha Pavlovic,Derrick Rose,Joakim Noah,Kirk Hinrich,Luol Deng,Tyrus Thomas,4,3:47,CHI,free throw,,,,,,,2,,2,Tyrus Thomas,,,foul,made,,,,
Corey Brewer,Jonny Flynn,Oleksiy Pecherov,Ryan Gomes,Sasha Pavlovic,Derrick Rose,Joakim Noah,Kirk Hinrich,Luol Deng,Tyrus Thomas,4,3:35,MIN,shot,,,,,,,,,,Oleksiy Pecherov,,,,missed,,jump,44,13
Corey Brewer,Jonny Flynn,Oleksiy Pecherov,Ryan Gomes,Sasha Pavlovic,Derrick Rose,Joakim Noah,Kirk Hinrich,Luol Deng,Tyrus Thomas,4,3:34,CHI,rebound,,,,,,,,,,Kirk Hinrich,,,,,,def,,
Corey Brewer,Jonny Flynn,Oleksiy Pecherov,Ryan Gomes,Sasha Pavlovic,Derrick Rose,Joakim Noah,Kirk Hinrich,Luol Deng,Tyrus Thomas,4,3:14,CHI,shot,,,Ryan Gomes,,,,,,,Joakim Noah,,,,missed,,jump,17,8
Corey Brewer,Jonny Flynn,Oleksiy Pecherov,Ryan Gomes,Sasha Pavlovic,Derrick Rose,Joakim Noah,Kirk Hinrich,Luol Deng,Tyrus Thomas,4,3:12,CHI,rebound,,,,,,,,,,Joakim Noah,,,,,,off,,
Corey Brewer,Jonny Flynn,Oleksiy Pecherov,Ryan Gomes,Sasha Pavlovic,Derrick Rose,Joakim Noah,Kirk Hinrich,Luol Deng,Tyrus Thomas,4,3:10,CHI,shot,,,,,,,,,,Joakim Noah,2,,,made,,hook,16,8
Corey Brewer,Jonny Flynn,Oleksiy Pecherov,Ryan Gomes,Sasha Pavlovic,Derrick Rose,Joakim Noah,Kirk Hinrich,Luol Deng,Tyrus Thomas,4,3:02,CHI,foul,,,,,,,,Jonny Flynn,,Tyrus Thomas,,,,,,shooting,,
Corey Brewer,Jonny Flynn,Oleksiy Pecherov,Ryan Gomes,Sasha Pavlovic,Jannero Pargo,Joakim Noah,Kirk Hinrich,Luol Deng,Tyrus Thomas,4,3:02,CHI,sub,,,,Jannero Pargo,,Derrick Rose,,,,,,,,,,,,
Corey Brewer,Jonny Flynn,Oleksiy Pecherov,Ryan Gomes,Sasha Pavlovic,Jannero Pargo,Joakim Noah,Kirk Hinrich,Luol Deng,Tyrus Thomas,4,3:02,MIN,free throw,,,,,,,1,,2,Jonny Flynn,,,foul,made,,,,
Corey Brewer,Jonny Flynn,Oleksiy Pecherov,Ryan Gomes,Sasha Pavlovic,James Johnson,Jannero Pargo,Joakim Noah,Kirk Hinrich,Tyrus Thomas,4,3:02,CHI,sub,,,,James Johnson,,Luol Deng,,,,,,,,,,,,
Brian Cardinal,Corey Brewer,Jonny Flynn,Oleksiy Pecherov,Sasha Pavlovic,James Johnson,Jannero Pargo,Joakim Noah,Kirk Hinrich,Tyrus Thomas,4,3:02,MIN,sub,,,,Brian Cardinal,,Ryan Gomes,,,,,,,,,,,,
Brian Cardinal,Corey Brewer,Jonny Flynn,Oleksiy Pecherov,Sasha Pavlovic,James Johnson,Jannero Pargo,Joakim Noah,Kirk Hinrich,Tyrus Thomas,4,3:02,MIN,free throw,,,,,,,2,,2,Jonny Flynn,,,foul,made,,,,
Brian Cardinal,Corey Brewer,Jonny Flynn,Oleksiy Pecherov,Sasha Pavlovic,James Johnson,Jannero Pargo,Joakim Noah,Kirk Hinrich,Tyrus Thomas,4,2:48,CHI,turnover,,,,,,,,,,Tyrus Thomas,,,bad pass,,Brian Cardinal,,,
Brian Cardinal,Corey Brewer,Jonny Flynn,Oleksiy Pecherov,Sasha Pavlovic,James Johnson,Jannero Pargo,Joakim Noah,Kirk Hinrich,Tyrus Thomas,4,2:43,CHI,foul,,,,,,,,Corey Brewer,,Tyrus Thomas,,,,,,shooting,,
Brian Cardinal,Corey Brewer,Jonny Flynn,Oleksiy Pecherov,Sasha Pavlovic,James Johnson,Jannero Pargo,Joakim Noah,Kirk Hinrich,Tyrus Thomas,4,2:43,MIN,free throw,,,,,,,1,,2,Corey Brewer,,,foul,missed,,,,
Brian Cardinal,Corey Brewer,Jonny Flynn,Oleksiy Pecherov,Sasha Pavlovic,James Johnson,Jannero Pargo,Joakim Noah,Kirk Hinrich,Tyrus Thomas,4,2:43,MIN,rebound,,,,,,,,,,,,,,,,,,
Brian Cardinal,Corey Brewer,Jonny Flynn,Oleksiy Pecherov,Sasha Pavlovic,James Johnson,Jannero Pargo,Joakim Noah,Kirk Hinrich,Tyrus Thomas,4,2:43,MIN,free throw,,,,,,,2,,2,Corey Brewer,,,foul,made,,,,
Brian Cardinal,Corey Brewer,Jonny Flynn,Oleksiy Pecherov,Sasha Pavlovic,James Johnson,Jannero Pargo,Joakim Noah,Kirk Hinrich,Tyrus Thomas,4,2:26,CHI,shot,,,,,,,,,,Jannero Pargo,,,,missed,,3pt,2,5
Brian Cardinal,Corey Brewer,Jonny Flynn,Oleksiy Pecherov,Sasha Pavlovic,James Johnson,Jannero Pargo,Joakim Noah,Kirk Hinrich,Tyrus Thomas,4,2:25,MIN,rebound,,,,,,,,,,Sasha Pavlovic,,,,,,def,,
Brian Cardinal,Corey Brewer,Jonny Flynn,Oleksiy Pecherov,Sasha Pavlovic,James Johnson,Jannero Pargo,Joakim Noah,Kirk Hinrich,Tyrus Thomas,4,2:20,MIN,turnover,,,,,,,,,,Jonny Flynn,,,bad pass,,Joakim Noah,,,
Brian Cardinal,Corey Brewer,Jonny Flynn,Oleksiy Pecherov,Sasha Pavlovic,James Johnson,Jannero Pargo,Joakim Noah,Kirk Hinrich,Tyrus Thomas,4,2:02,CHI,shot,Joakim Noah,,,,,,,,,Kirk Hinrich,3,,,made,,3pt,11,29
Brian Cardinal,Corey Brewer,Jonny Flynn,Oleksiy Pecherov,Sasha Pavlovic,James Johnson,Jannero Pargo,Joakim Noah,Kirk Hinrich,Tyrus Thomas,4,2:02,MIN,timeout,,,,,,,,,,,,,,,,regular,,
Brian Cardinal,Corey Brewer,Jonny Flynn,Oleksiy Pecherov,Sasha Pavlovic,Aaron Gray,James Johnson,Jannero Pargo,Kirk Hinrich,Tyrus Thomas,4,2:02,CHI,sub,,,,Aaron Gray,,Joakim Noah,,,,,,,,,,,,
Brian Cardinal,Jonny Flynn,Oleksiy Pecherov,Sasha Pavlovic,Wayne Ellington,Aaron Gray,James Johnson,Jannero Pargo,Kirk Hinrich,Tyrus Thomas,4,2:02,MIN,sub,,,,Wayne Ellington,,Corey Brewer,,,,,,,,,,,,
Brian Cardinal,Jonny Flynn,Oleksiy Pecherov,Sasha Pavlovic,Wayne Ellington,Aaron Gray,James Johnson,Jannero Pargo,Kirk Hinrich,Tyrus Thomas,4,1:46,MIN,shot,Sasha Pavlovic,,,,,,,,,Oleksiy Pecherov,2,,,made,,jump,42,19
Brian Cardinal,Jonny Flynn,Oleksiy Pecherov,Sasha Pavlovic,Wayne Ellington,Aaron Gray,James Johnson,Jannero Pargo,Kirk Hinrich,Tyrus Thomas,4,1:30,CHI,shot,,,,,,,,,,Aaron Gray,,,,missed,,layup,25,6
Brian Cardinal,Jonny Flynn,Oleksiy Pecherov,Sasha Pavlovic,Wayne Ellington,Aaron Gray,James Johnson,Jannero Pargo,Kirk Hinrich,Tyrus Thomas,4,1:28,CHI,rebound,,,,,,,,,,,,,,,,,,
Brian Cardinal,Jonny Flynn,Oleksiy Pecherov,Sasha Pavlovic,Wayne Ellington,Aaron Gray,James Johnson,Jannero Pargo,Kirk Hinrich,Tyrus Thomas,4,1:27,CHI,foul,,,,,,,,Sasha Pavlovic,,Tyrus Thomas,,,,,,offensive,,
Brian Cardinal,Jonny Flynn,Oleksiy Pecherov,Sasha Pavlovic,Wayne Ellington,Aaron Gray,James Johnson,Jannero Pargo,Kirk Hinrich,Tyrus Thomas,4,1:27,CHI,turnover,,,,,,,,,,Tyrus Thomas,,,foul,,,,,
Brian Cardinal,Jonny Flynn,Oleksiy Pecherov,Sasha Pavlovic,Wayne Ellington,Aaron Gray,James Johnson,Jannero Pargo,Kirk Hinrich,Tyrus Thomas,4,1:17,MIN,shot,,,,,,,,,,Jonny Flynn,2,,,made,,jump,28,25
Brian Cardinal,Jonny Flynn,Oleksiy Pecherov,Sasha Pavlovic,Wayne Ellington,Aaron Gray,James Johnson,Jannero Pargo,Kirk Hinrich,Tyrus Thomas,4,1:01,CHI,shot,Aaron Gray,,,,,,,,,Tyrus Thomas,2,,,made,,dunk,25,6
Brian Cardinal,Jonny Flynn,Oleksiy Pecherov,Sasha Pavlovic,Wayne Ellington,Aaron Gray,James Johnson,Jannero Pargo,Kirk Hinrich,Tyrus Thomas,4,0:46,MIN,shot,,,,,,,,,,Sasha Pavlovic,2,,,made,,jump,45,17
Brian Cardinal,Jonny Flynn,Oleksiy Pecherov,Sasha Pavlovic,Wayne Ellington,Aaron Gray,James Johnson,Jannero Pargo,Kirk Hinrich,Tyrus Thomas,4,0:29,CHI,turnover,,,,,,,,,,Tyrus Thomas,,,bad pass,,Oleksiy Pecherov,,,
Brian Cardinal,Jonny Flynn,Oleksiy Pecherov,Sasha Pavlovic,Wayne Ellington,Aaron Gray,James Johnson,Jannero Pargo,Kirk Hinrich,Tyrus Thomas,4,0:24,MIN,shot,Jonny Flynn,,,,,,,,,Wayne Ellington,2,,,made,,jump,39,21
Brian Cardinal,Jonny Flynn,Oleksiy Pecherov,Sasha Pavlovic,Wayne Ellington,Aaron Gray,James Johnson,Jannero Pargo,Kirk Hinrich,Tyrus Thomas,4,0:00,CHI,shot,,,,,,,,,,Aaron Gray,,,,missed,,layup,25,6
Brian Cardinal,Jonny Flynn,Oleksiy Pecherov,Sasha Pavlovic,Wayne Ellington,Aaron Gray,James Johnson,Jannero Pargo,Kirk Hinrich,Tyrus Thomas,4,0:00,CHI,rebound,,,,,,,,,,,,,,,,,,
