a1,a2,a3,a4,a5,h1,h2,h3,h4,h5,period,time,team,etype,assist,away,block,entered,home,left,num,opponent,outof,player,points,possession,reason,result,steal,type,x,y
Andrew Bogut,Brandon Jennings,Charlie Bell,Ersan Ilyasova,Luc Richard Mbah a Moute,Aaron Brooks,Chuck Hayes,Luis Scola,Shane Battier,Trevor Ariza,1,12:00,OFF,jump ball,,Andrew Bogut,,,Luis Scola,,,,,,,Brandon Jennings,,,,,,
Andrew Bogut,Brandon Jennings,Charlie Bell,Ersan Ilyasova,Luc Richard Mbah a Moute,Aaron Brooks,Chuck Hayes,Luis Scola,Shane Battier,Trevor Ariza,1,11:51,HOU,foul,,,,,,,,Andrew Bogut,,Chuck Hayes,,,,,,personal,,
Andrew Bogut,Brandon Jennings,Charlie Bell,Ersan Ilyasova,Luc Richard Mbah a Moute,Aaron Brooks,Chuck Hayes,Luis Scola,Shane Battier,Trevor Ariza,1,11:45,MIL,shot,Ersan Ilyasova,,,,,,,,,Andrew Bogut,2,,,made,,hook,21,10
Andrew Bogut,Brandon Jennings,Charlie Bell,Ersan Ilyasova,Luc Richard Mbah a Moute,Aaron Brooks,Chuck Hayes,Luis Scola,Shane Battier,Trevor Ariza,1,11:24,HOU,shot,,,,,,,,,,Chuck Hayes,2,,,made,,driving layup,25,6
Andrew Bogut,Brandon Jennings,Charlie Bell,Ersan Ilyasova,Luc Richard Mbah a Moute,Aaron Brooks,Chuck Hayes,Luis Scola,Shane Battier,Trevor Ariza,1,11:09,MIL,shot,,,,,,,,,,Andrew Bogut,,,,missed,,jump,21,14
Andrew Bogut,Brandon Jennings,Charlie Bell,Ersan Ilyasova,Luc Richard Mbah a Moute,Aaron Brooks,Chuck Hayes,Luis Scola,Shane Battier,Trevor Ariza,1,11:07,HOU,rebound,,,,,,,,,,Shane Battier,,,,,,def,,
Andrew Bogut,Brandon Jennings,Charlie Bell,Ersan Ilyasova,Luc Richard Mbah a Moute,Aaron Brooks,Chuck Hayes,Luis Scola,Shane Battier,Trevor Ariza,1,11:00,HOU,shot,Shane Battier,,,,,,,,,Aaron Brooks,2,,,made,,running jump,27,20
Andrew Bogut,Brandon Jennings,Charlie Bell,Ersan Ilyasova,Luc Richard Mbah a Moute,Aaron Brooks,Chuck Hayes,Luis Scola,Shane Battier,Trevor Ariza,1,10:43,MIL,shot,,,,,,,,,,Luc Richard Mbah a Moute,2,,,made,,a moute driving reverse layup,25,6
Andrew Bogut,Brandon Jennings,Charlie Bell,Ersan Ilyasova,Luc Richard Mbah a Moute,Aaron Brooks,Chuck Hayes,Luis Scola,Shane Battier,Trevor Ariza,1,10:22,HOU,shot,,,,,,,,,,Luis Scola,2,,,made,,layup,25,6
Andrew Bogut,Brandon Jennings,Charlie Bell,Ersan Ilyasova,Luc Richard Mbah a Moute,Aaron Brooks,Chuck Hayes,Luis Scola,Shane Battier,Trevor Ariza,1,10:03,MIL,shot,,,,,,,,,,Luc Richard Mbah a Moute,2,,,made,,a moute layup,25,6
Andrew Bogut,Brandon Jennings,Charlie Bell,Ersan Ilyasova,Luc Richard Mbah a Moute,Aaron Brooks,Chuck Hayes,Luis Scola,Shane Battier,Trevor Ariza,1,9:34,HOU,shot,,,,,,,,,,Shane Battier,,,,missed,,3pt,1,9
Andrew Bogut,Brandon Jennings,Charlie Bell,Ersan Ilyasova,Luc Richard Mbah a Moute,Aaron Brooks,Chuck Hayes,Luis Scola,Shane Battier,Trevor Ariza,1,9:33,MIL,rebound,,,,,,,,,,Brandon Jennings,,,,,,def,,
Andrew Bogut,Brandon Jennings,Charlie Bell,Ersan Ilyasova,Luc Richard Mbah a Moute,Aaron Brooks,Chuck Hayes,Luis Scola,Shane Battier,Trevor Ariza,1,9:28,MIL,turnover,,,,,,,,,,Luc Richard Mbah a Moute,,,traveling,,,,,
Andrew Bogut,Brandon Jennings,Charlie Bell,Ersan Ilyasova,Luc Richard Mbah a Moute,Aaron Brooks,Chuck Hayes,Luis Scola,Shane Battier,Trevor Ariza,1,9:22,HOU,shot,,,,,,,,,,Trevor Ariza,2,,,made,,driving dunk,25,6
Andrew Bogut,Brandon Jennings,Charlie Bell,Ersan Ilyasova,Luc Richard Mbah a Moute,Aaron Brooks,Chuck Hayes,Luis Scola,Shane Battier,Trevor Ariza,1,9:05,MIL,shot,,,,,,,,,,Brandon Jennings,3,,,made,,3pt,24,31
Andrew Bogut,Brandon Jennings,Charlie Bell,Ersan Ilyasova,Luc Richard Mbah a Moute,Aaron Brooks,Chuck Hayes,Luis Scola,Shane Battier,Trevor Ariza,1,8:50,HOU,turnover,,,,,,,,,,Chuck Hayes,,,bad pass,,Luc Richard Mbah a Moute,,,
Andrew Bogut,Brandon Jennings,Charlie Bell,Ersan Ilyasova,Luc Richard Mbah a Moute,Aaron Brooks,Chuck Hayes,Luis Scola,Shane Battier,Trevor Ariza,1,8:42,MIL,shot,,,,,,,,,,Brandon Jennings,,,,missed,,3pt,40,26
Andrew Bogut,Brandon Jennings,Charlie Bell,Ersan Ilyasova,Luc Richard Mbah a Moute,Aaron Brooks,Chuck Hayes,Luis Scola,Shane Battier,Trevor Ariza,1,8:40,MIL,rebound,,,,,,,,,,Ersan Ilyasova,,,,,,off,,
Andrew Bogut,Brandon Jennings,Charlie Bell,Ersan Ilyasova,Luc Richard Mbah a Moute,Aaron Brooks,Chuck Hayes,Luis Scola,Shane Battier,Trevor Ariza,1,8:23,MIL,shot,Andrew Bogut,,,,,,,,,Brandon Jennings,2,,,made,,layup,25,6
Andrew Bogut,Brandon Jennings,Charlie Bell,Ersan Ilyasova,Luc Richard Mbah a Moute,Aaron Brooks,Chuck Hayes,Luis Scola,Shane Battier,Trevor Ariza,1,8:06,HOU,shot,,,,,,,,,,Luis Scola,,,,missed,,jump,30,24
Andrew Bogut,Brandon Jennings,Charlie Bell,Ersan Ilyasova,Luc Richard Mbah a Moute,Aaron Brooks,Chuck Hayes,Luis Scola,Shane Battier,Trevor Ariza,1,8:05,MIL,rebound,,,,,,,,,,Ersan Ilyasova,,,,,,def,,
Andrew Bogut,Brandon Jennings,Charlie Bell,Ersan Ilyasova,Luc Richard Mbah a Moute,Aaron Brooks,Chuck Hayes,Luis Scola,Shane Battier,Trevor Ariza,1,7:58,HOU,foul,,,,,,,,Ersan Ilyasova,,Shane Battier,,,,,,personal,,
Andrew Bogut,Brandon Jennings,Charlie Bell,Ersan Ilyasova,Luc Richard Mbah a Moute,Aaron Brooks,Chuck Hayes,Luis Scola,Shane Battier,Trevor Ariza,1,7:54,MIL,shot,Brandon Jennings,,,,,,,,,Andrew Bogut,2,,,made,,alley oop dunk,25,6
Andrew Bogut,Brandon Jennings,Charlie Bell,Ersan Ilyasova,Luc Richard Mbah a Moute,Aaron Brooks,Chuck Hayes,Luis Scola,Shane Battier,Trevor Ariza,1,7:35,HOU,shot,,,,,,,,,,Aaron Brooks,,,,missed,,fade away jumper,28,15
Andrew Bogut,Brandon Jennings,Charlie Bell,Ersan Ilyasova,Luc Richard Mbah a Moute,Aaron Brooks,Chuck Hayes,Luis Scola,Shane Battier,Trevor Ariza,1,7:33,MIL,rebound,,,,,,,,,,Ersan Ilyasova,,,,,,def,,
Andrew Bogut,Brandon Jennings,Charlie Bell,Ersan Ilyasova,Luc Richard Mbah a Moute,Aaron Brooks,Chuck Hayes,Luis Scola,Shane Battier,Trevor Ariza,1,7:22,MIL,shot,Brandon Jennings,,,,,,,,,Luc Richard Mbah a Moute,2,,,made,,a moute 3pt,48,10
Andrew Bogut,Brandon Jennings,Charlie Bell,Ersan Ilyasova,Luc Richard Mbah a Moute,Aaron Brooks,Chuck Hayes,Luis Scola,Shane Battier,Trevor Ariza,1,7:02,HOU,turnover,,,,,,,,,,Trevor Ariza,,,out of bounds lost ball turnover,,,,,
Andrew Bogut,Brandon Jennings,Charlie Bell,Ersan Ilyasova,Luc Richard Mbah a Moute,Aaron Brooks,Chuck Hayes,Luis Scola,Shane Battier,Trevor Ariza,1,6:50,MIL,shot,Andrew Bogut,,,,,,,,,Brandon Jennings,2,,,made,,reverse layup,25,6
Andrew Bogut,Brandon Jennings,Charlie Bell,Ersan Ilyasova,Luc Richard Mbah a Moute,Aaron Brooks,Chuck Hayes,Luis Scola,Shane Battier,Trevor Ariza,1,6:37,HOU,shot,Chuck Hayes,,,,,,,,,Trevor Ariza,2,,,made,,layup,25,6
Andrew Bogut,Brandon Jennings,Charlie Bell,Ersan Ilyasova,Luc Richard Mbah a Moute,Aaron Brooks,Chuck Hayes,Luis Scola,Shane Battier,Trevor Ariza,1,6:22,MIL,shot,,,,,,,,,,Brandon Jennings,,,,missed,,3pt,40,25
Andrew Bogut,Brandon Jennings,Charlie Bell,Ersan Ilyasova,Luc Richard Mbah a Moute,Aaron Brooks,Chuck Hayes,Luis Scola,Shane Battier,Trevor Ariza,1,6:20,HOU,rebound,,,,,,,,,,Trevor Ariza,,,,,,def,,
Andrew Bogut,Brandon Jennings,Charlie Bell,Ersan Ilyasova,Luc Richard Mbah a Moute,Aaron Brooks,Chuck Hayes,Luis Scola,Shane Battier,Trevor Ariza,1,6:08,MIL,foul,,,,,,,,Luis Scola,,Ersan Ilyasova,,,,,,shooting,,
Andrew Bogut,Brandon Jennings,Charlie Bell,Ersan Ilyasova,Luc Richard Mbah a Moute,Aaron Brooks,Chuck Hayes,Luis Scola,Shane Battier,Trevor Ariza,1,6:08,HOU,timeout,,,,,,,,,,,,,,,,regular,,
Andrew Bogut,Brandon Jennings,Charlie Bell,Ersan Ilyasova,Luc Richard Mbah a Moute,Aaron Brooks,Chuck Hayes,Luis Scola,Shane Battier,Trevor Ariza,1,6:08,HOU,free throw,,,,,,,1,,2,Luis Scola,,,foul,made,,,,
Andrew Bogut,Brandon Jennings,Charlie Bell,Ersan Ilyasova,Luc Richard Mbah a Moute,Aaron Brooks,Chuck Hayes,Luis Scola,Shane Battier,Trevor Ariza,1,6:08,HOU,free throw,,,,,,,2,,2,Luis Scola,,,foul,missed,,,,
Andrew Bogut,Brandon Jennings,Charlie Bell,Ersan Ilyasova,Luc Richard Mbah a Moute,Aaron Brooks,Chuck Hayes,Luis Scola,Shane Battier,Trevor Ariza,1,6:08,MIL,rebound,,,,,,,,,,Andrew Bogut,,,,,,def,,
Andrew Bogut,Brandon Jennings,Charlie Bell,Ersan Ilyasova,Luc Richard Mbah a Moute,Aaron Brooks,Chuck Hayes,Luis Scola,Shane Battier,Trevor Ariza,1,5:52,MIL,shot,,,,,,,,,,Ersan Ilyasova,,,,missed,,jump,45,7
Andrew Bogut,Brandon Jennings,Charlie Bell,Ersan Ilyasova,Luc Richard Mbah a Moute,Aaron Brooks,Chuck Hayes,Luis Scola,Shane Battier,Trevor Ariza,1,5:51,HOU,rebound,,,,,,,,,,Chuck Hayes,,,,,,def,,
Andrew Bogut,Brandon Jennings,Charlie Bell,Ersan Ilyasova,Luc Richard Mbah a Moute,Aaron Brooks,Chuck Hayes,Luis Scola,Shane Battier,Trevor Ariza,1,5:35,MIL,foul,,,,,,,,Shane Battier,,Ersan Ilyasova,,,,,,shooting,,
Andrew Bogut,Brandon Jennings,Charlie Bell,Ersan Ilyasova,Luc Richard Mbah a Moute,Aaron Brooks,Chuck Hayes,Luis Scola,Shane Battier,Trevor Ariza,1,5:35,HOU,free throw,,,,,,,1,,2,Shane Battier,,,foul,made,,,,
Andrew Bogut,Brandon Jennings,Charlie Bell,Hakim Warrick,Luc Richard Mbah a Moute,Aaron Brooks,Chuck Hayes,Luis Scola,Shane Battier,Trevor Ariza,1,5:35,MIL,sub,,,,Hakim Warrick,,Ersan Ilyasova,,,,,,,,,,,,
Andrew Bogut,Brandon Jennings,Charlie Bell,Hakim Warrick,Luc Richard Mbah a Moute,Aaron Brooks,Chuck Hayes,Luis Scola,Shane Battier,Trevor Ariza,1,5:35,HOU,free throw,,,,,,,2,,2,Shane Battier,,,foul,made,,,,
Andrew Bogut,Brandon Jennings,Charlie Bell,Hakim Warrick,Luc Richard Mbah a Moute,Aaron Brooks,Chuck Hayes,Luis Scola,Shane Battier,Trevor Ariza,1,5:12,MIL,shot,,,,,,,,,,Hakim Warrick,2,,,made,,jump,27,27
Andrew Bogut,Brandon Jennings,Charlie Bell,Hakim Warrick,Luc Richard Mbah a Moute,Aaron Brooks,Chuck Hayes,Luis Scola,Shane Battier,Trevor Ariza,1,4:59,HOU,shot,Luis Scola,,,,,,,,,Aaron Brooks,3,,,made,,3pt,2,9
Andrew Bogut,Brandon Jennings,Charlie Bell,Hakim Warrick,Luc Richard Mbah a Moute,Aaron Brooks,Chuck Hayes,Luis Scola,Shane Battier,Trevor Ariza,1,4:44,MIL,shot,Brandon Jennings,,,,,,,,,Hakim Warrick,2,,,made,,jump,19,24
Andrew Bogut,Brandon Jennings,Charlie Bell,Hakim Warrick,Luc Richard Mbah a Moute,Aaron Brooks,Chuck Hayes,Luis Scola,Shane Battier,Trevor Ariza,1,4:33,HOU,shot,Aaron Brooks,,,,,,,,,Luis Scola,2,,,made,,jump bank,32,9
Andrew Bogut,Brandon Jennings,Charlie Bell,Hakim Warrick,Luc Richard Mbah a Moute,Aaron Brooks,Chuck Hayes,Luis Scola,Shane Battier,Trevor Ariza,1,4:17,MIL,shot,,,,,,,,,,Charlie Bell,,,,missed,,3pt,1,10
Andrew Bogut,Brandon Jennings,Charlie Bell,Hakim Warrick,Luc Richard Mbah a Moute,Aaron Brooks,Chuck Hayes,Luis Scola,Shane Battier,Trevor Ariza,1,4:16,HOU,rebound,,,,,,,,,,Luis Scola,,,,,,def,,
Andrew Bogut,Brandon Jennings,Charlie Bell,Hakim Warrick,Luc Richard Mbah a Moute,Aaron Brooks,Chuck Hayes,Luis Scola,Shane Battier,Trevor Ariza,1,4:03,HOU,shot,,,,,,,,,,Luis Scola,,,,missed,,jump bank,14,10
Andrew Bogut,Brandon Jennings,Charlie Bell,Hakim Warrick,Luc Richard Mbah a Moute,Aaron Brooks,Chuck Hayes,Luis Scola,Shane Battier,Trevor Ariza,1,4:01,HOU,rebound,,,,,,,,,,Luis Scola,,,,,,off,,
Andrew Bogut,Brandon Jennings,Charlie Bell,Hakim Warrick,Luc Richard Mbah a Moute,Aaron Brooks,Chuck Hayes,Luis Scola,Shane Battier,Trevor Ariza,1,3:56,HOU,shot,Shane Battier,,,,,,,,,Luis Scola,2,,,made,,turnaround hook,30,13
Andrew Bogut,Brandon Jennings,Charlie Bell,Hakim Warrick,Luc Richard Mbah a Moute,Aaron Brooks,Chuck Hayes,Luis Scola,Shane Battier,Trevor Ariza,1,3:33,MIL,shot,Hakim Warrick,,,,,,,,,Brandon Jennings,3,,,made,,3pt,7,25
Andrew Bogut,Brandon Jennings,Charlie Bell,Hakim Warrick,Luc Richard Mbah a Moute,Aaron Brooks,Chuck Hayes,Luis Scola,Shane Battier,Trevor Ariza,1,3:16,MIL,foul,,,,,,,,Shane Battier,,Luc Richard Mbah a Moute,,,,,,shooting,,
Andrew Bogut,Brandon Jennings,Hakim Warrick,Jodie Meeks,Luc Richard Mbah a Moute,Aaron Brooks,Chuck Hayes,Luis Scola,Shane Battier,Trevor Ariza,1,3:16,MIL,sub,,,,Jodie Meeks,,Charlie Bell,,,,,,,,,,,,
Andrew Bogut,Brandon Jennings,Hakim Warrick,Jodie Meeks,Luc Richard Mbah a Moute,Aaron Brooks,Chuck Hayes,Luis Scola,Shane Battier,Trevor Ariza,1,3:16,HOU,free throw,,,,,,,1,,2,Shane Battier,,,foul,missed,,,,
Andrew Bogut,Brandon Jennings,Hakim Warrick,Jodie Meeks,Luc Richard Mbah a Moute,Aaron Brooks,Chuck Hayes,Luis Scola,Shane Battier,Trevor Ariza,1,3:16,HOU,rebound,,,,,,,,,,,,,,,,,,
Andrew Bogut,Brandon Jennings,Hakim Warrick,Jodie Meeks,Luc Richard Mbah a Moute,Aaron Brooks,Chuck Hayes,Luis Scola,Shane Battier,Trevor Ariza,1,3:16,HOU,free throw,,,,,,,2,,2,Shane Battier,,,foul,made,,,,
Andrew Bogut,Brandon Jennings,Hakim Warrick,Jodie Meeks,Luc Richard Mbah a Moute,Aaron Brooks,Chuck Hayes,Luis Scola,Shane Battier,Trevor Ariza,1,3:03,MIL,shot,Brandon Jennings,,,,,,,,,Hakim Warrick,2,,,made,,jump,21,26
Andrew Bogut,Brandon Jennings,Hakim Warrick,Jodie Meeks,Luc Richard Mbah a Moute,Aaron Brooks,Chuck Hayes,Luis Scola,Shane Battier,Trevor Ariza,1,2:44,HOU,turnover,,,,,,,,,,Trevor Ariza,,,bad pass,,Andrew Bogut,,,
Andrew Bogut,Brandon Jennings,Hakim Warrick,Jodie Meeks,Luc Richard Mbah a Moute,Aaron Brooks,Chuck Hayes,Luis Scola,Shane Battier,Trevor Ariza,1,2:40,HOU,foul,,,,,,,,Hakim Warrick,,Trevor Ariza,,,,,,shooting,,
Andrew Bogut,Brandon Jennings,Hakim Warrick,Jodie Meeks,Luc Richard Mbah a Moute,Aaron Brooks,Chuck Hayes,Luis Scola,Shane Battier,Trevor Ariza,1,2:40,MIL,timeout,,,,,,,,,,,,,,,,regular,,
Andrew Bogut,Brandon Jennings,Carlos Delfino,Hakim Warrick,Jodie Meeks,Aaron Brooks,Chuck Hayes,Luis Scola,Shane Battier,Trevor Ariza,1,2:40,MIL,sub,,,,Carlos Delfino,,Luc Richard Mbah a Moute,,,,,,,,,,,,
Andrew Bogut,Brandon Jennings,Carlos Delfino,Hakim Warrick,Jodie Meeks,Aaron Brooks,Chuck Hayes,Kyle Lowry,Luis Scola,Trevor Ariza,1,2:40,HOU,sub,,,,Kyle Lowry,,Shane Battier,,,,,,,,,,,,
Andrew Bogut,Brandon Jennings,Carlos Delfino,Hakim Warrick,Jodie Meeks,Aaron Brooks,Carl Landry,Chuck Hayes,Kyle Lowry,Trevor Ariza,1,2:40,HOU,sub,,,,Carl Landry,,Luis Scola,,,,,,,,,,,,
Andrew Bogut,Brandon Jennings,Carlos Delfino,Hakim Warrick,Jodie Meeks,Aaron Brooks,Carl Landry,Chuck Hayes,Kyle Lowry,Trevor Ariza,1,2:40,MIL,free throw,,,,,,,1,,2,Hakim Warrick,,,foul,made,,,,
Andrew Bogut,Brandon Jennings,Carlos Delfino,Hakim Warrick,Jodie Meeks,Aaron Brooks,Carl Landry,Chuck Hayes,Kyle Lowry,Trevor Ariza,1,2:40,MIL,free throw,,,,,,,2,,2,Hakim Warrick,,,foul,made,,,,
Andrew Bogut,Brandon Jennings,Carlos Delfino,Hakim Warrick,Jodie Meeks,Aaron Brooks,Carl Landry,Chuck Hayes,Kyle Lowry,Trevor Ariza,1,2:27,HOU,shot,Kyle Lowry,,,,,,,,,Aaron Brooks,2,,,made,,jump,35,24
Andrew Bogut,Brandon Jennings,Carlos Delfino,Hakim Warrick,Jodie Meeks,Aaron Brooks,Carl Landry,Chuck Hayes,Kyle Lowry,Trevor Ariza,1,2:07,MIL,shot,Hakim Warrick,,,,,,,,,Jodie Meeks,3,,,made,,3pt,37,29
Andrew Bogut,Brandon Jennings,Carlos Delfino,Hakim Warrick,Jodie Meeks,Aaron Brooks,Carl Landry,Chuck Hayes,Kyle Lowry,Trevor Ariza,1,1:55,HOU,shot,Kyle Lowry,,,,,,,,,Chuck Hayes,2,,,made,,reverse layup,25,6
Andrew Bogut,Brandon Jennings,Carlos Delfino,Hakim Warrick,Jodie Meeks,Aaron Brooks,Carl Landry,Chuck Hayes,Kyle Lowry,Trevor Ariza,1,1:43,MIL,shot,,,,,,,,,,Brandon Jennings,,,,missed,,layup,25,6
Andrew Bogut,Brandon Jennings,Carlos Delfino,Hakim Warrick,Jodie Meeks,Aaron Brooks,Carl Landry,Chuck Hayes,Kyle Lowry,Trevor Ariza,1,1:42,HOU,rebound,,,,,,,,,,Kyle Lowry,,,,,,def,,
Andrew Bogut,Brandon Jennings,Carlos Delfino,Hakim Warrick,Jodie Meeks,Aaron Brooks,Carl Landry,Chuck Hayes,Kyle Lowry,Trevor Ariza,1,1:38,HOU,shot,Kyle Lowry,,,,,,,,,Trevor Ariza,2,,,made,,layup,25,6
Andrew Bogut,Brandon Jennings,Carlos Delfino,Hakim Warrick,Jodie Meeks,Aaron Brooks,Carl Landry,Chuck Hayes,Kyle Lowry,Trevor Ariza,1,1:24,MIL,foul,,,,,,,,Kyle Lowry,,Andrew Bogut,,,,,,offensive,,
Andrew Bogut,Brandon Jennings,Carlos Delfino,Hakim Warrick,Jodie Meeks,Aaron Brooks,Carl Landry,Chuck Hayes,Kyle Lowry,Trevor Ariza,1,1:24,MIL,turnover,,,,,,,,,,Andrew Bogut,,,foul,,,,,
Andrew Bogut,Carlos Delfino,Hakim Warrick,Jodie Meeks,Luke Ridnour,Aaron Brooks,Carl Landry,Chuck Hayes,Kyle Lowry,Trevor Ariza,1,1:24,MIL,sub,,,,Luke Ridnour,,Brandon Jennings,,,,,,,,,,,,
Andrew Bogut,Carlos Delfino,Hakim Warrick,Jodie Meeks,Luke Ridnour,Aaron Brooks,Carl Landry,Chuck Hayes,Kyle Lowry,Trevor Ariza,1,1:10,HOU,shot,,,Andrew Bogut,,,,,,,Chuck Hayes,,,,missed,,layup,25,6
Andrew Bogut,Carlos Delfino,Hakim Warrick,Jodie Meeks,Luke Ridnour,Aaron Brooks,Carl Landry,Chuck Hayes,Kyle Lowry,Trevor Ariza,1,1:08,MIL,rebound,,,,,,,,,,Hakim Warrick,,,,,,def,,
Andrew Bogut,Carlos Delfino,Hakim Warrick,Jodie Meeks,Luke Ridnour,Aaron Brooks,Carl Landry,Chuck Hayes,Kyle Lowry,Trevor Ariza,1,0:57,MIL,shot,,,,,,,,,,Andrew Bogut,,,,missed,,hook,20,11
Andrew Bogut,Carlos Delfino,Hakim Warrick,Jodie Meeks,Luke Ridnour,Aaron Brooks,Carl Landry,Chuck Hayes,Kyle Lowry,Trevor Ariza,1,0:56,HOU,rebound,,,,,,,,,,,,,,,,,,
Andrew Bogut,Carlos Delfino,Hakim Warrick,Jodie Meeks,Luke Ridnour,Aaron Brooks,Carl Landry,Chuck Hayes,Kyle Lowry,Trevor Ariza,1,0:37,MIL,foul,,,,,,,,Carl Landry,,Carlos Delfino,,,,,,personal,,
Carlos Delfino,Hakim Warrick,Jodie Meeks,Kurt Thomas,Luke Ridnour,Aaron Brooks,Carl Landry,Chuck Hayes,Kyle Lowry,Trevor Ariza,1,0:37,MIL,sub,,,,Kurt Thomas,,Andrew Bogut,,,,,,,,,,,,
Carlos Delfino,Hakim Warrick,Jodie Meeks,Kurt Thomas,Luke Ridnour,Aaron Brooks,Carl Landry,David Andersen,Kyle Lowry,Trevor Ariza,1,0:37,HOU,sub,,,,David Andersen,,Chuck Hayes,,,,,,,,,,,,
Carlos Delfino,Hakim Warrick,Jodie Meeks,Kurt Thomas,Luke Ridnour,Aaron Brooks,Carl Landry,David Andersen,Kyle Lowry,Trevor Ariza,1,0:29,HOU,shot,,,,,,,,,,Kyle Lowry,,,,missed,,3pt,48,11
Carlos Delfino,Hakim Warrick,Jodie Meeks,Kurt Thomas,Luke Ridnour,Aaron Brooks,Carl Landry,David Andersen,Kyle Lowry,Trevor Ariza,1,0:27,MIL,rebound,,,,,,,,,,Kurt Thomas,,,,,,def,,
Carlos Delfino,Hakim Warrick,Jodie Meeks,Kurt Thomas,Luke Ridnour,Aaron Brooks,Carl Landry,David Andersen,Kyle Lowry,Trevor Ariza,1,0:06,MIL,shot,,,,,,,,,,Luke Ridnour,2,,,made,,running jump,27,15
Carlos Delfino,Hakim Warrick,Jodie Meeks,Kurt Thomas,Luke Ridnour,Aaron Brooks,Carl Landry,David Andersen,Kyle Lowry,Trevor Ariza,1,0:01,HOU,foul,,,,,,,,Kurt Thomas,,Aaron Brooks,,,,,,offensive,,
Carlos Delfino,Hakim Warrick,Jodie Meeks,Kurt Thomas,Luke Ridnour,Aaron Brooks,Carl Landry,David Andersen,Kyle Lowry,Trevor Ariza,1,0:01,HOU,turnover,,,,,,,,,,Aaron Brooks,,,foul,,,,,
Carlos Delfino,Hakim Warrick,Jodie Meeks,Kurt Thomas,Luke Ridnour,Aaron Brooks,Carl Landry,David Andersen,Kyle Lowry,Trevor Ariza,1,0:00,MIL,shot,,,,,,,,,,Luke Ridnour,,,,missed,,3pt,42,25
Carlos Delfino,Hakim Warrick,Jodie Meeks,Kurt Thomas,Luke Ridnour,Aaron Brooks,Carl Landry,David Andersen,Kyle Lowry,Trevor Ariza,1,0:00,MIL,rebound,,,,,,,,,,,,,,,,,,
Carlos Delfino,Hakim Warrick,Jodie Meeks,Kurt Thomas,Luke Ridnour,Aaron Brooks,Carl Landry,Chase Budinger,David Andersen,Kyle Lowry,2,11:35,HOU,shot,,,,,,,,,,Chase Budinger,,,,missed,,3pt,1,8
Carlos Delfino,Hakim Warrick,Jodie Meeks,Kurt Thomas,Luke Ridnour,Aaron Brooks,Carl Landry,Chase Budinger,David Andersen,Kyle Lowry,2,11:33,HOU,rebound,,,,,,,,,,Kyle Lowry,,,,,,off,,
Carlos Delfino,Hakim Warrick,Jodie Meeks,Kurt Thomas,Luke Ridnour,Aaron Brooks,Carl Landry,Chase Budinger,David Andersen,Kyle Lowry,2,11:29,HOU,turnover,,,,,,,,,,Kyle Lowry,,,out of bounds lost ball turnover,,,,,
Carlos Delfino,Hakim Warrick,Jodie Meeks,Kurt Thomas,Luke Ridnour,Aaron Brooks,Carl Landry,Chase Budinger,David Andersen,Kyle Lowry,2,11:12,MIL,shot,,,,,,,,,,Luke Ridnour,,,,missed,,running jump,25,14
Carlos Delfino,Hakim Warrick,Jodie Meeks,Kurt Thomas,Luke Ridnour,Aaron Brooks,Carl Landry,Chase Budinger,David Andersen,Kyle Lowry,2,11:10,MIL,rebound,,,,,,,,,,Kurt Thomas,,,,,,off,,
Carlos Delfino,Hakim Warrick,Jodie Meeks,Kurt Thomas,Luke Ridnour,Aaron Brooks,Carl Landry,Chase Budinger,David Andersen,Kyle Lowry,2,11:10,MIL,shot,,,,,,,,,,Kurt Thomas,,,,missed,,tip,25,6
Carlos Delfino,Hakim Warrick,Jodie Meeks,Kurt Thomas,Luke Ridnour,Aaron Brooks,Carl Landry,Chase Budinger,David Andersen,Kyle Lowry,2,11:08,HOU,rebound,,,,,,,,,,Aaron Brooks,,,,,,def,,
Carlos Delfino,Hakim Warrick,Jodie Meeks,Kurt Thomas,Luke Ridnour,Aaron Brooks,Carl Landry,Chase Budinger,David Andersen,Kyle Lowry,2,11:02,HOU,shot,Aaron Brooks,,,,,,,,,David Andersen,2,,,made,,jump,12,10
Carlos Delfino,Hakim Warrick,Jodie Meeks,Kurt Thomas,Luke Ridnour,Aaron Brooks,Carl Landry,Chase Budinger,David Andersen,Kyle Lowry,2,10:41,MIL,shot,Luke Ridnour,,,,,,,,,Carlos Delfino,3,,,made,,3pt,2,10
Carlos Delfino,Hakim Warrick,Jodie Meeks,Kurt Thomas,Luke Ridnour,Aaron Brooks,Carl Landry,Chase Budinger,David Andersen,Kyle Lowry,2,10:25,HOU,shot,David Andersen,,,,,,,,,Chase Budinger,2,,,made,,layup,25,6
Carlos Delfino,Hakim Warrick,Jodie Meeks,Kurt Thomas,Luke Ridnour,Aaron Brooks,Carl Landry,Chase Budinger,David Andersen,Kyle Lowry,2,10:05,MIL,shot,,,,,,,,,,Jodie Meeks,,,,missed,,3pt,48,11
Carlos Delfino,Hakim Warrick,Jodie Meeks,Kurt Thomas,Luke Ridnour,Aaron Brooks,Carl Landry,Chase Budinger,David Andersen,Kyle Lowry,2,10:04,MIL,rebound,,,,,,,,,,Kurt Thomas,,,,,,off,,
Carlos Delfino,Hakim Warrick,Jodie Meeks,Kurt Thomas,Luke Ridnour,Aaron Brooks,Carl Landry,Chase Budinger,David Andersen,Kyle Lowry,2,10:02,MIL,shot,,,,,,,,,,Kurt Thomas,2,,,made,,jump,25,12
Carlos Delfino,Hakim Warrick,Jodie Meeks,Kurt Thomas,Luke Ridnour,Aaron Brooks,Carl Landry,Chase Budinger,David Andersen,Kyle Lowry,2,9:39,HOU,shot,,,,,,,,,,Carl Landry,,,,missed,,jump,13,11
Carlos Delfino,Hakim Warrick,Jodie Meeks,Kurt Thomas,Luke Ridnour,Aaron Brooks,Carl Landry,Chase Budinger,David Andersen,Kyle Lowry,2,9:38,HOU,rebound,,,,,,,,,,David Andersen,,,,,,off,,
Carlos Delfino,Hakim Warrick,Jodie Meeks,Kurt Thomas,Luke Ridnour,Aaron Brooks,Carl Landry,Chase Budinger,David Andersen,Kyle Lowry,2,9:36,MIL,foul,,,,,,,,David Andersen,,Kurt Thomas,,,,,,shooting,,
Carlos Delfino,Hakim Warrick,Jodie Meeks,Kurt Thomas,Luke Ridnour,Aaron Brooks,Carl Landry,Chase Budinger,David Andersen,Kyle Lowry,2,9:36,HOU,free throw,,,,,,,1,,2,David Andersen,,,foul,made,,,,
Carlos Delfino,Hakim Warrick,Jodie Meeks,Kurt Thomas,Luke Ridnour,Aaron Brooks,Carl Landry,Chase Budinger,David Andersen,Kyle Lowry,2,9:36,HOU,free throw,,,,,,,2,,2,David Andersen,,,foul,missed,,,,
Carlos Delfino,Hakim Warrick,Jodie Meeks,Kurt Thomas,Luke Ridnour,Aaron Brooks,Carl Landry,Chase Budinger,David Andersen,Kyle Lowry,2,9:36,MIL,rebound,,,,,,,,,,Kurt Thomas,,,,,,def,,
Carlos Delfino,Hakim Warrick,Jodie Meeks,Kurt Thomas,Luke Ridnour,Aaron Brooks,Carl Landry,Chase Budinger,David Andersen,Kyle Lowry,2,9:23,MIL,shot,,,Aaron Brooks,,,,,,,Luke Ridnour,,,,missed,,fade away jumper,39,9
Carlos Delfino,Hakim Warrick,Jodie Meeks,Kurt Thomas,Luke Ridnour,Aaron Brooks,Carl Landry,Chase Budinger,David Andersen,Kyle Lowry,2,9:21,HOU,rebound,,,,,,,,,,David Andersen,,,,,,def,,
Carlos Delfino,Hakim Warrick,Jodie Meeks,Kurt Thomas,Luke Ridnour,Aaron Brooks,Carl Landry,Chase Budinger,David Andersen,Kyle Lowry,2,9:10,HOU,shot,,,,,,,,,,Aaron Brooks,,,,missed,,3pt,21,32
Carlos Delfino,Hakim Warrick,Jodie Meeks,Kurt Thomas,Luke Ridnour,Aaron Brooks,Carl Landry,Chase Budinger,David Andersen,Kyle Lowry,2,9:09,MIL,rebound,,,,,,,,,,Hakim Warrick,,,,,,def,,
Carlos Delfino,Hakim Warrick,Jodie Meeks,Kurt Thomas,Luke Ridnour,Aaron Brooks,Carl Landry,Chase Budinger,David Andersen,Kyle Lowry,2,9:01,MIL,shot,,,,,,,,,,Luke Ridnour,2,,,made,,driving layup,25,6
Carlos Delfino,Hakim Warrick,Jodie Meeks,Kurt Thomas,Luke Ridnour,Aaron Brooks,Carl Landry,Chase Budinger,David Andersen,Kyle Lowry,2,8:48,HOU,shot,,,,,,,,,,Kyle Lowry,2,,,made,,driving layup,25,6
Carlos Delfino,Hakim Warrick,Jodie Meeks,Kurt Thomas,Luke Ridnour,Aaron Brooks,Carl Landry,Chase Budinger,David Andersen,Kyle Lowry,2,8:48,MIL,foul,,,,,,,,Kyle Lowry,,Luke Ridnour,,,,,,shooting,,
Carlos Delfino,Hakim Warrick,Jodie Meeks,Kurt Thomas,Luke Ridnour,Aaron Brooks,Carl Landry,Chase Budinger,David Andersen,Kyle Lowry,2,8:48,HOU,timeout,,,,,,,,,,,,,,,,,,
Brandon Jennings,Carlos Delfino,Hakim Warrick,Kurt Thomas,Luke Ridnour,Aaron Brooks,Carl Landry,Chase Budinger,David Andersen,Kyle Lowry,2,8:48,MIL,sub,,,,Brandon Jennings,,Jodie Meeks,,,,,,,,,,,,
Brandon Jennings,Carlos Delfino,Hakim Warrick,Kurt Thomas,Luke Ridnour,Aaron Brooks,Carl Landry,Chase Budinger,David Andersen,Kyle Lowry,2,8:48,HOU,free throw,,,,,,,1,,1,Kyle Lowry,,,foul,made,,,,
Brandon Jennings,Carlos Delfino,Hakim Warrick,Kurt Thomas,Luke Ridnour,Aaron Brooks,Carl Landry,Chase Budinger,David Andersen,Kyle Lowry,2,8:36,MIL,shot,,,,,,,,,,Hakim Warrick,,,,missed,,jump,16,22
Brandon Jennings,Carlos Delfino,Hakim Warrick,Kurt Thomas,Luke Ridnour,Aaron Brooks,Carl Landry,Chase Budinger,David Andersen,Kyle Lowry,2,8:35,HOU,rebound,,,,,,,,,,Chase Budinger,,,,,,def,,
Brandon Jennings,Carlos Delfino,Hakim Warrick,Kurt Thomas,Luke Ridnour,Aaron Brooks,Carl Landry,Chase Budinger,David Andersen,Kyle Lowry,2,8:22,HOU,shot,,,Kurt Thomas,,,,,,,Carl Landry,,,,missed,,jump,13,17
Brandon Jennings,Carlos Delfino,Hakim Warrick,Kurt Thomas,Luke Ridnour,Aaron Brooks,Carl Landry,Chase Budinger,David Andersen,Kyle Lowry,2,8:19,HOU,rebound,,,,,,,,,,Carl Landry,,,,,,off,,
Brandon Jennings,Carlos Delfino,Hakim Warrick,Kurt Thomas,Luke Ridnour,Aaron Brooks,Carl Landry,Chase Budinger,David Andersen,Kyle Lowry,2,8:15,HOU,shot,,,,,,,,,,Chase Budinger,,,,missed,,3pt,36,29
Brandon Jennings,Carlos Delfino,Hakim Warrick,Kurt Thomas,Luke Ridnour,Aaron Brooks,Carl Landry,Chase Budinger,David Andersen,Kyle Lowry,2,8:13,HOU,rebound,,,,,,,,,,Aaron Brooks,,,,,,off,,
Brandon Jennings,Carlos Delfino,Hakim Warrick,Kurt Thomas,Luke Ridnour,Aaron Brooks,Carl Landry,Chase Budinger,David Andersen,Kyle Lowry,2,8:10,HOU,shot,,,,,,,,,,Aaron Brooks,,,,missed,,fade away jumper,17,19
Brandon Jennings,Carlos Delfino,Hakim Warrick,Kurt Thomas,Luke Ridnour,Aaron Brooks,Carl Landry,Chase Budinger,David Andersen,Kyle Lowry,2,8:08,HOU,rebound,,,,,,,,,,Kyle Lowry,,,,,,off,,
Brandon Jennings,Carlos Delfino,Hakim Warrick,Kurt Thomas,Luke Ridnour,Aaron Brooks,Carl Landry,Chase Budinger,David Andersen,Kyle Lowry,2,8:07,HOU,shot,,,,,,,,,,Kyle Lowry,2,,,made,,layup,25,6
Brandon Jennings,Carlos Delfino,Hakim Warrick,Kurt Thomas,Luke Ridnour,Aaron Brooks,Carl Landry,Chase Budinger,David Andersen,Kyle Lowry,2,7:46,MIL,shot,,,,,,,,,,Carlos Delfino,,,,missed,,layup,25,6
Brandon Jennings,Carlos Delfino,Hakim Warrick,Kurt Thomas,Luke Ridnour,Aaron Brooks,Carl Landry,Chase Budinger,David Andersen,Kyle Lowry,2,7:44,HOU,rebound,,,,,,,,,,Carl Landry,,,,,,def,,
Brandon Jennings,Carlos Delfino,Hakim Warrick,Kurt Thomas,Luke Ridnour,Aaron Brooks,Carl Landry,Chase Budinger,David Andersen,Kyle Lowry,2,7:27,HOU,shot,,,,,,,,,,David Andersen,,,,missed,,3pt,32,31
Brandon Jennings,Carlos Delfino,Hakim Warrick,Kurt Thomas,Luke Ridnour,Aaron Brooks,Carl Landry,Chase Budinger,David Andersen,Kyle Lowry,2,7:26,MIL,rebound,,,,,,,,,,Carlos Delfino,,,,,,def,,
Brandon Jennings,Carlos Delfino,Hakim Warrick,Kurt Thomas,Luke Ridnour,Aaron Brooks,Carl Landry,Chase Budinger,David Andersen,Kyle Lowry,2,7:10,MIL,shot,,,,,,,,,,Carlos Delfino,,,,missed,,pullup jump,13,18
Brandon Jennings,Carlos Delfino,Hakim Warrick,Kurt Thomas,Luke Ridnour,Aaron Brooks,Carl Landry,Chase Budinger,David Andersen,Kyle Lowry,2,7:08,HOU,rebound,,,,,,,,,,David Andersen,,,,,,def,,
Brandon Jennings,Carlos Delfino,Hakim Warrick,Kurt Thomas,Luke Ridnour,Aaron Brooks,Carl Landry,Chase Budinger,David Andersen,Kyle Lowry,2,7:02,HOU,shot,Aaron Brooks,,,,,,,,,Chase Budinger,2,,,made,,layup,25,6
Brandon Jennings,Carlos Delfino,Hakim Warrick,Kurt Thomas,Luke Ridnour,Aaron Brooks,Carl Landry,Chase Budinger,David Andersen,Kyle Lowry,2,6:44,MIL,shot,,,Carl Landry,,,,,,,Brandon Jennings,,,,missed,,jump,28,15
Brandon Jennings,Carlos Delfino,Hakim Warrick,Kurt Thomas,Luke Ridnour,Aaron Brooks,Carl Landry,Chase Budinger,David Andersen,Kyle Lowry,2,6:42,HOU,rebound,,,,,,,,,,David Andersen,,,,,,def,,
Brandon Jennings,Carlos Delfino,Hakim Warrick,Kurt Thomas,Luke Ridnour,Aaron Brooks,Carl Landry,Chase Budinger,David Andersen,Kyle Lowry,2,6:36,HOU,turnover,,,,,,,,,,Carl Landry,,,bad pass,,,,,
Andrew Bogut,Brandon Jennings,Carlos Delfino,Hakim Warrick,Luke Ridnour,Aaron Brooks,Carl Landry,Chase Budinger,David Andersen,Kyle Lowry,2,6:36,MIL,sub,,,,Andrew Bogut,,Kurt Thomas,,,,,,,,,,,,
Andrew Bogut,Brandon Jennings,Hakim Warrick,Luc Richard Mbah a Moute,Luke Ridnour,Aaron Brooks,Carl Landry,Chase Budinger,David Andersen,Kyle Lowry,2,6:36,MIL,sub,,,,Luc Richard Mbah a Moute,,Carlos Delfino,,,,,,,,,,,,
Andrew Bogut,Brandon Jennings,Hakim Warrick,Luc Richard Mbah a Moute,Luke Ridnour,Aaron Brooks,Carl Landry,Chase Budinger,David Andersen,Kyle Lowry,2,6:21,HOU,foul,,,,,,,,Andrew Bogut,,David Andersen,,,,,,personal,,
Andrew Bogut,Brandon Jennings,Ersan Ilyasova,Luc Richard Mbah a Moute,Luke Ridnour,Aaron Brooks,Carl Landry,Chase Budinger,David Andersen,Kyle Lowry,2,6:21,MIL,sub,,,,Ersan Ilyasova,,Hakim Warrick,,,,,,,,,,,,
Andrew Bogut,Brandon Jennings,Ersan Ilyasova,Luc Richard Mbah a Moute,Luke Ridnour,Aaron Brooks,Carl Landry,Chase Budinger,David Andersen,Kyle Lowry,2,6:17,MIL,shot,,,,,,,,,,Ersan Ilyasova,,,,missed,,3pt,3,19
Andrew Bogut,Brandon Jennings,Ersan Ilyasova,Luc Richard Mbah a Moute,Luke Ridnour,Aaron Brooks,Carl Landry,Chase Budinger,David Andersen,Kyle Lowry,2,6:16,HOU,rebound,,,,,,,,,,David Andersen,,,,,,def,,
Andrew Bogut,Brandon Jennings,Ersan Ilyasova,Luc Richard Mbah a Moute,Luke Ridnour,Aaron Brooks,Carl Landry,Chase Budinger,David Andersen,Kyle Lowry,2,6:08,HOU,shot,Chase Budinger,,,,,,,,,David Andersen,3,,,made,,3pt,39,26
Andrew Bogut,Brandon Jennings,Ersan Ilyasova,Luc Richard Mbah a Moute,Luke Ridnour,Aaron Brooks,Carl Landry,Chase Budinger,David Andersen,Kyle Lowry,2,5:53,MIL,shot,,,,,,,,,,Andrew Bogut,2,,,made,,driving layup,25,6
Andrew Bogut,Brandon Jennings,Ersan Ilyasova,Luc Richard Mbah a Moute,Luke Ridnour,Aaron Brooks,Carl Landry,Chase Budinger,David Andersen,Kyle Lowry,2,5:39,HOU,shot,,,,,,,,,,Aaron Brooks,2,,,made,,floating jump,20,18
Andrew Bogut,Brandon Jennings,Ersan Ilyasova,Luc Richard Mbah a Moute,Luke Ridnour,Aaron Brooks,Carl Landry,Chase Budinger,David Andersen,Kyle Lowry,2,5:18,MIL,shot,Andrew Bogut,,,,,,,,,Luke Ridnour,2,,,made,,running jump,21,18
Andrew Bogut,Brandon Jennings,Ersan Ilyasova,Luc Richard Mbah a Moute,Luke Ridnour,Aaron Brooks,Carl Landry,Chase Budinger,David Andersen,Kyle Lowry,2,5:04,HOU,shot,David Andersen,,,,,,,,,Chase Budinger,3,,,made,,3pt,26,31
Andrew Bogut,Brandon Jennings,Ersan Ilyasova,Luc Richard Mbah a Moute,Luke Ridnour,Aaron Brooks,Carl Landry,Chase Budinger,David Andersen,Kyle Lowry,2,4:42,MIL,shot,,,,,,,,,,Andrew Bogut,,,,missed,,turnaround bank hook,33,8
Andrew Bogut,Brandon Jennings,Ersan Ilyasova,Luc Richard Mbah a Moute,Luke Ridnour,Aaron Brooks,Carl Landry,Chase Budinger,David Andersen,Kyle Lowry,2,4:40,HOU,rebound,,,,,,,,,,Chase Budinger,,,,,,def,,
Andrew Bogut,Brandon Jennings,Ersan Ilyasova,Luc Richard Mbah a Moute,Luke Ridnour,Aaron Brooks,Carl Landry,Chase Budinger,David Andersen,Kyle Lowry,2,4:33,HOU,shot,Kyle Lowry,,,,,,,,,Chase Budinger,3,,,made,,3pt,25,31
Andrew Bogut,Brandon Jennings,Ersan Ilyasova,Luc Richard Mbah a Moute,Luke Ridnour,Aaron Brooks,Carl Landry,Chase Budinger,David Andersen,Kyle Lowry,2,4:11,MIL,shot,,,,,,,,,,Andrew Bogut,2,,,made,,hook,17,9
Andrew Bogut,Brandon Jennings,Ersan Ilyasova,Luc Richard Mbah a Moute,Luke Ridnour,Aaron Brooks,Carl Landry,Chase Budinger,David Andersen,Kyle Lowry,2,4:05,MIL,foul,,,,,,,,Kyle Lowry,,Luke Ridnour,,,,,,shooting,,
Andrew Bogut,Brandon Jennings,Ersan Ilyasova,Luc Richard Mbah a Moute,Luke Ridnour,Aaron Brooks,Carl Landry,Chase Budinger,David Andersen,Kyle Lowry,2,4:05,HOU,timeout,,,,,,,,,,,,,,,,regular,,
Andrew Bogut,Brandon Jennings,Ersan Ilyasova,Luc Richard Mbah a Moute,Luke Ridnour,Aaron Brooks,Chase Budinger,Chuck Hayes,David Andersen,Kyle Lowry,2,4:05,HOU,sub,,,,Chuck Hayes,,Carl Landry,,,,,,,,,,,,
Andrew Bogut,Brandon Jennings,Ersan Ilyasova,Luc Richard Mbah a Moute,Luke Ridnour,Aaron Brooks,Chase Budinger,Chuck Hayes,Kyle Lowry,Luis Scola,2,4:05,HOU,sub,,,,Luis Scola,,David Andersen,,,,,,,,,,,,
Andrew Bogut,Brandon Jennings,Charlie Bell,Luc Richard Mbah a Moute,Luke Ridnour,Aaron Brooks,Chase Budinger,Chuck Hayes,Kyle Lowry,Luis Scola,2,4:05,MIL,sub,,,,Charlie Bell,,Ersan Ilyasova,,,,,,,,,,,,
Andrew Bogut,Brandon Jennings,Charlie Bell,Hakim Warrick,Luc Richard Mbah a Moute,Aaron Brooks,Chase Budinger,Chuck Hayes,Kyle Lowry,Luis Scola,2,4:05,MIL,sub,,,,Hakim Warrick,,Luke Ridnour,,,,,,,,,,,,
Andrew Bogut,Brandon Jennings,Charlie Bell,Hakim Warrick,Luc Richard Mbah a Moute,Aaron Brooks,Chase Budinger,Chuck Hayes,Kyle Lowry,Luis Scola,2,4:05,HOU,free throw,,,,,,,1,,2,Kyle Lowry,,,foul,made,,,,
Andrew Bogut,Brandon Jennings,Charlie Bell,Hakim Warrick,Luc Richard Mbah a Moute,Aaron Brooks,Chase Budinger,Chuck Hayes,Kyle Lowry,Luis Scola,2,4:05,HOU,free throw,,,,,,,2,,2,Kyle Lowry,,,foul,made,,,,
Andrew Bogut,Brandon Jennings,Charlie Bell,Hakim Warrick,Luc Richard Mbah a Moute,Aaron Brooks,Chase Budinger,Chuck Hayes,Kyle Lowry,Luis Scola,2,3:57,MIL,shot,,,,,,,,,,Brandon Jennings,,,,missed,,pullup jump,34,19
Andrew Bogut,Brandon Jennings,Charlie Bell,Hakim Warrick,Luc Richard Mbah a Moute,Aaron Brooks,Chase Budinger,Chuck Hayes,Kyle Lowry,Luis Scola,2,3:55,MIL,rebound,,,,,,,,,,Brandon Jennings,,,,,,off,,
Andrew Bogut,Brandon Jennings,Charlie Bell,Hakim Warrick,Luc Richard Mbah a Moute,Aaron Brooks,Chase Budinger,Chuck Hayes,Kyle Lowry,Luis Scola,2,3:47,MIL,shot,,,,,,,,,,Brandon Jennings,,,,missed,,jump,30,28
Andrew Bogut,Brandon Jennings,Charlie Bell,Hakim Warrick,Luc Richard Mbah a Moute,Aaron Brooks,Chase Budinger,Chuck Hayes,Kyle Lowry,Luis Scola,2,3:44,HOU,rebound,,,,,,,,,,Chase Budinger,,,,,,def,,
Andrew Bogut,Brandon Jennings,Charlie Bell,Hakim Warrick,Luc Richard Mbah a Moute,Aaron Brooks,Chase Budinger,Chuck Hayes,Kyle Lowry,Luis Scola,2,3:26,HOU,shot,Aaron Brooks,,,,,,,,,Luis Scola,2,,,made,,jump,14,20
Andrew Bogut,Brandon Jennings,Charlie Bell,Hakim Warrick,Luc Richard Mbah a Moute,Aaron Brooks,Chase Budinger,Chuck Hayes,Kyle Lowry,Luis Scola,2,3:00,MIL,shot,,,,,,,,,,Hakim Warrick,,,,missed,,fade away jumper,39,8
Andrew Bogut,Brandon Jennings,Charlie Bell,Hakim Warrick,Luc Richard Mbah a Moute,Aaron Brooks,Chase Budinger,Chuck Hayes,Kyle Lowry,Luis Scola,2,2:57,MIL,rebound,,,,,,,,,,Hakim Warrick,,,,,,off,,
Andrew Bogut,Brandon Jennings,Charlie Bell,Hakim Warrick,Luc Richard Mbah a Moute,Aaron Brooks,Chase Budinger,Chuck Hayes,Kyle Lowry,Luis Scola,2,2:51,MIL,turnover,,,,,,,,,,Hakim Warrick,,,bad pass,,Aaron Brooks,,,
Andrew Bogut,Brandon Jennings,Charlie Bell,Hakim Warrick,Luc Richard Mbah a Moute,Aaron Brooks,Chase Budinger,Chuck Hayes,Kyle Lowry,Luis Scola,2,2:47,HOU,shot,Aaron Brooks,,,,,,,,,Chase Budinger,2,,,made,,layup,25,6
Andrew Bogut,Brandon Jennings,Charlie Bell,Hakim Warrick,Luc Richard Mbah a Moute,Aaron Brooks,Chase Budinger,Chuck Hayes,Kyle Lowry,Luis Scola,2,2:29,MIL,timeout,,,,,,,,,,,,,,,,regular,,
Andrew Bogut,Brandon Jennings,Charlie Bell,Hakim Warrick,Luc Richard Mbah a Moute,Aaron Brooks,Chase Budinger,Chuck Hayes,Kyle Lowry,Luis Scola,2,2:20,MIL,turnover,,,,,,,,,,Luc Richard Mbah a Moute,,,traveling,,,,,
Andrew Bogut,Brandon Jennings,Charlie Bell,Hakim Warrick,Luc Richard Mbah a Moute,Aaron Brooks,Chase Budinger,Chuck Hayes,Kyle Lowry,Luis Scola,2,2:07,HOU,shot,,,Andrew Bogut,,,,,,,Chase Budinger,,,,missed,,layup,25,6
Andrew Bogut,Brandon Jennings,Charlie Bell,Hakim Warrick,Luc Richard Mbah a Moute,Aaron Brooks,Chase Budinger,Chuck Hayes,Kyle Lowry,Luis Scola,2,2:05,MIL,rebound,,,,,,,,,,Andrew Bogut,,,,,,def,,
Andrew Bogut,Brandon Jennings,Charlie Bell,Hakim Warrick,Luc Richard Mbah a Moute,Aaron Brooks,Chase Budinger,Chuck Hayes,Kyle Lowry,Luis Scola,2,2:00,MIL,shot,,,,,,,,,,Luc Richard Mbah a Moute,,,,missed,,a moute jump,40,19
Andrew Bogut,Brandon Jennings,Charlie Bell,Hakim Warrick,Luc Richard Mbah a Moute,Aaron Brooks,Chase Budinger,Chuck Hayes,Kyle Lowry,Luis Scola,2,1:58,MIL,rebound,,,,,,,,,,Andrew Bogut,,,,,,off,,
Andrew Bogut,Brandon Jennings,Charlie Bell,Hakim Warrick,Luc Richard Mbah a Moute,Aaron Brooks,Chase Budinger,Chuck Hayes,Kyle Lowry,Luis Scola,2,1:57,MIL,shot,,,,,,,,,,Andrew Bogut,2,,,made,,layup,25,6
Andrew Bogut,Brandon Jennings,Charlie Bell,Hakim Warrick,Luc Richard Mbah a Moute,Aaron Brooks,Chase Budinger,Chuck Hayes,Kyle Lowry,Luis Scola,2,1:38,HOU,shot,,,,,,,,,,Luis Scola,,,,missed,,jump,13,18
Andrew Bogut,Brandon Jennings,Charlie Bell,Hakim Warrick,Luc Richard Mbah a Moute,Aaron Brooks,Chase Budinger,Chuck Hayes,Kyle Lowry,Luis Scola,2,1:37,MIL,rebound,,,,,,,,,,Hakim Warrick,,,,,,def,,
Andrew Bogut,Brandon Jennings,Charlie Bell,Hakim Warrick,Luc Richard Mbah a Moute,Aaron Brooks,Chase Budinger,Chuck Hayes,Kyle Lowry,Luis Scola,2,1:22,MIL,foul,,,,,,,,Luis Scola,,Brandon Jennings,,,,,,offensive,,
Andrew Bogut,Brandon Jennings,Charlie Bell,Hakim Warrick,Luc Richard Mbah a Moute,Aaron Brooks,Chase Budinger,Chuck Hayes,Kyle Lowry,Luis Scola,2,1:22,MIL,turnover,,,,,,,,,,Brandon Jennings,,,foul,,,,,
Andrew Bogut,Brandon Jennings,Charlie Bell,Hakim Warrick,Luc Richard Mbah a Moute,Aaron Brooks,Chase Budinger,Chuck Hayes,Kyle Lowry,Luis Scola,2,1:04,HOU,shot,,,,,,,,,,Luis Scola,,,,missed,,jump,32,19
Andrew Bogut,Brandon Jennings,Charlie Bell,Hakim Warrick,Luc Richard Mbah a Moute,Aaron Brooks,Chase Budinger,Chuck Hayes,Kyle Lowry,Luis Scola,2,1:03,MIL,rebound,,,,,,,,,,Andrew Bogut,,,,,,def,,
Andrew Bogut,Brandon Jennings,Charlie Bell,Hakim Warrick,Luc Richard Mbah a Moute,Aaron Brooks,Chase Budinger,Chuck Hayes,Kyle Lowry,Luis Scola,2,0:57,MIL,shot,,,,,,,,,,Brandon Jennings,2,,,made,,driving layup,25,6
Andrew Bogut,Brandon Jennings,Charlie Bell,Hakim Warrick,Luc Richard Mbah a Moute,Aaron Brooks,Chase Budinger,Chuck Hayes,Kyle Lowry,Luis Scola,2,0:43,HOU,shot,,,,,,,,,,Aaron Brooks,,,,missed,,running jump,29,17
Andrew Bogut,Brandon Jennings,Charlie Bell,Hakim Warrick,Luc Richard Mbah a Moute,Aaron Brooks,Chase Budinger,Chuck Hayes,Kyle Lowry,Luis Scola,2,0:40,MIL,rebound,,,,,,,,,,Luc Richard Mbah a Moute,,,,,,def,,
Andrew Bogut,Brandon Jennings,Charlie Bell,Hakim Warrick,Luc Richard Mbah a Moute,Aaron Brooks,Chase Budinger,Chuck Hayes,Kyle Lowry,Luis Scola,2,0:23,HOU,foul,,,,,,,,Hakim Warrick,,Chase Budinger,,,,,,personal,,
Andrew Bogut,Brandon Jennings,Charlie Bell,Hakim Warrick,Luc Richard Mbah a Moute,Aaron Brooks,Chase Budinger,Chuck Hayes,Kyle Lowry,Luis Scola,2,0:12,MIL,turnover,,,,,,,,,,Hakim Warrick,,,traveling,,,,,
Andrew Bogut,Brandon Jennings,Charlie Bell,Hakim Warrick,Luc Richard Mbah a Moute,Aaron Brooks,Carl Landry,Chase Budinger,Kyle Lowry,Luis Scola,2,0:12,HOU,sub,,,,Carl Landry,,Chuck Hayes,,,,,,,,,,,,
Andrew Bogut,Brandon Jennings,Charlie Bell,Hakim Warrick,Luc Richard Mbah a Moute,Aaron Brooks,Carl Landry,Chase Budinger,Kyle Lowry,Luis Scola,2,0:01,HOU,shot,Aaron Brooks,,,,,,,,,Carl Landry,2,,,made,,layup,25,6
Andrew Bogut,Brandon Jennings,Carlos Delfino,Jodie Meeks,Luc Richard Mbah a Moute,Aaron Brooks,Chuck Hayes,Luis Scola,Shane Battier,Trevor Ariza,3,11:39,HOU,shot,,,,,,,,,,Luis Scola,2,,,made,,layup,25,6
Andrew Bogut,Brandon Jennings,Carlos Delfino,Jodie Meeks,Luc Richard Mbah a Moute,Aaron Brooks,Chuck Hayes,Luis Scola,Shane Battier,Trevor Ariza,3,11:22,MIL,shot,,,,,,,,,,Andrew Bogut,2,,,made,,dunk,25,6
Andrew Bogut,Brandon Jennings,Carlos Delfino,Jodie Meeks,Luc Richard Mbah a Moute,Aaron Brooks,Chuck Hayes,Luis Scola,Shane Battier,Trevor Ariza,3,11:22,HOU,foul,,,,,,,,Andrew Bogut,,Chuck Hayes,,,,,,shooting,,
Andrew Bogut,Brandon Jennings,Carlos Delfino,Jodie Meeks,Luc Richard Mbah a Moute,Aaron Brooks,Chuck Hayes,Luis Scola,Shane Battier,Trevor Ariza,3,11:22,MIL,free throw,,,,,,,1,,1,Andrew Bogut,,,foul,missed,,,,
Andrew Bogut,Brandon Jennings,Carlos Delfino,Jodie Meeks,Luc Richard Mbah a Moute,Aaron Brooks,Chuck Hayes,Luis Scola,Shane Battier,Trevor Ariza,3,11:22,HOU,rebound,,,,,,,,,,Luis Scola,,,,,,def,,
Andrew Bogut,Brandon Jennings,Carlos Delfino,Jodie Meeks,Luc Richard Mbah a Moute,Aaron Brooks,Chuck Hayes,Luis Scola,Shane Battier,Trevor Ariza,3,11:05,HOU,shot,Luis Scola,,,,,,,,,Shane Battier,3,,,made,,3pt,36,29
Andrew Bogut,Brandon Jennings,Carlos Delfino,Jodie Meeks,Luc Richard Mbah a Moute,Aaron Brooks,Chuck Hayes,Luis Scola,Shane Battier,Trevor Ariza,3,10:51,MIL,turnover,,,,,,,,,,Jodie Meeks,,,bad pass,,Shane Battier,,,
Andrew Bogut,Brandon Jennings,Carlos Delfino,Jodie Meeks,Luc Richard Mbah a Moute,Aaron Brooks,Chuck Hayes,Luis Scola,Shane Battier,Trevor Ariza,3,10:51,MIL,foul,,,,,,,,Shane Battier,,Jodie Meeks,,,,,,loose ball,,
Andrew Bogut,Brandon Jennings,Carlos Delfino,Jodie Meeks,Luc Richard Mbah a Moute,Aaron Brooks,Chuck Hayes,Luis Scola,Shane Battier,Trevor Ariza,3,10:40,MIL,foul,,,,,,,,Aaron Brooks,,Jodie Meeks,,,,,,personal,,
Andrew Bogut,Brandon Jennings,Carlos Delfino,Jodie Meeks,Luc Richard Mbah a Moute,Aaron Brooks,Chuck Hayes,Luis Scola,Shane Battier,Trevor Ariza,3,10:30,HOU,shot,,,,,,,,,,Shane Battier,,,,missed,,hook,28,13
Andrew Bogut,Brandon Jennings,Carlos Delfino,Jodie Meeks,Luc Richard Mbah a Moute,Aaron Brooks,Chuck Hayes,Luis Scola,Shane Battier,Trevor Ariza,3,10:28,MIL,rebound,,,,,,,,,,Andrew Bogut,,,,,,def,,
Andrew Bogut,Brandon Jennings,Carlos Delfino,Jodie Meeks,Luc Richard Mbah a Moute,Aaron Brooks,Chuck Hayes,Luis Scola,Shane Battier,Trevor Ariza,3,10:18,MIL,shot,Brandon Jennings,,,,,,,,,Luc Richard Mbah a Moute,2,,,made,,a moute jump,22,24
Andrew Bogut,Brandon Jennings,Carlos Delfino,Jodie Meeks,Luc Richard Mbah a Moute,Aaron Brooks,Chuck Hayes,Luis Scola,Shane Battier,Trevor Ariza,3,9:59,MIL,foul,,,,,,,,,,Carlos Delfino,,,,,,defense 3 second,,
Andrew Bogut,Brandon Jennings,Carlos Delfino,Jodie Meeks,Luc Richard Mbah a Moute,Aaron Brooks,Chuck Hayes,Luis Scola,Shane Battier,Trevor Ariza,3,9:59,HOU,free throw,,,,,,,1,,1,Aaron Brooks,,,technical,made,,,,
Andrew Bogut,Brandon Jennings,Carlos Delfino,Jodie Meeks,Luc Richard Mbah a Moute,Aaron Brooks,Chuck Hayes,Luis Scola,Shane Battier,Trevor Ariza,3,9:51,HOU,turnover,,,,,,,,,,Trevor Ariza,,,bad pass,,Carlos Delfino,,,
Andrew Bogut,Brandon Jennings,Carlos Delfino,Jodie Meeks,Luc Richard Mbah a Moute,Aaron Brooks,Chuck Hayes,Luis Scola,Shane Battier,Trevor Ariza,3,9:48,MIL,shot,,,,,,,,,,Luc Richard Mbah a Moute,2,,,made,,a moute layup,25,6
Andrew Bogut,Brandon Jennings,Carlos Delfino,Jodie Meeks,Luc Richard Mbah a Moute,Aaron Brooks,Chuck Hayes,Luis Scola,Shane Battier,Trevor Ariza,3,9:39,MIL,foul,,,,,,,,Aaron Brooks,,Brandon Jennings,,,,,,personal,,
Andrew Bogut,Brandon Jennings,Carlos Delfino,Jodie Meeks,Luc Richard Mbah a Moute,Aaron Brooks,Chuck Hayes,Luis Scola,Shane Battier,Trevor Ariza,3,9:33,HOU,shot,,,,,,,,,,Chuck Hayes,,,,missed,,layup,25,6
Andrew Bogut,Brandon Jennings,Carlos Delfino,Jodie Meeks,Luc Richard Mbah a Moute,Aaron Brooks,Chuck Hayes,Luis Scola,Shane Battier,Trevor Ariza,3,9:32,MIL,rebound,,,,,,,,,,Andrew Bogut,,,,,,def,,
Andrew Bogut,Brandon Jennings,Carlos Delfino,Jodie Meeks,Luc Richard Mbah a Moute,Aaron Brooks,Chuck Hayes,Luis Scola,Shane Battier,Trevor Ariza,3,9:21,HOU,foul,,,,,,,,Andrew Bogut,,Chuck Hayes,,,,,,personal,,
Andrew Bogut,Brandon Jennings,Carlos Delfino,Jodie Meeks,Luc Richard Mbah a Moute,Aaron Brooks,Chuck Hayes,Luis Scola,Shane Battier,Trevor Ariza,3,9:10,MIL,shot,Carlos Delfino,,,,,,,,,Luc Richard Mbah a Moute,2,,,made,,a moute jump,10,20
Andrew Bogut,Brandon Jennings,Carlos Delfino,Jodie Meeks,Luc Richard Mbah a Moute,Aaron Brooks,Chuck Hayes,Luis Scola,Shane Battier,Trevor Ariza,3,8:58,HOU,shot,Aaron Brooks,,,,,,,,,Trevor Ariza,3,,,made,,3pt,47,10
Andrew Bogut,Brandon Jennings,Carlos Delfino,Jodie Meeks,Luc Richard Mbah a Moute,Aaron Brooks,Chuck Hayes,Luis Scola,Shane Battier,Trevor Ariza,3,8:35,MIL,shot,,,,,,,,,,Brandon Jennings,,,,missed,,layup,25,6
Andrew Bogut,Brandon Jennings,Carlos Delfino,Jodie Meeks,Luc Richard Mbah a Moute,Aaron Brooks,Chuck Hayes,Luis Scola,Shane Battier,Trevor Ariza,3,8:34,MIL,rebound,,,,,,,,,,Luc Richard Mbah a Moute,,,,,,off,,
Andrew Bogut,Brandon Jennings,Carlos Delfino,Jodie Meeks,Luc Richard Mbah a Moute,Aaron Brooks,Chuck Hayes,Luis Scola,Shane Battier,Trevor Ariza,3,8:34,MIL,shot,,,,,,,,,,Luc Richard Mbah a Moute,2,,,made,,a moute putback layup,25,6
Andrew Bogut,Brandon Jennings,Carlos Delfino,Jodie Meeks,Luc Richard Mbah a Moute,Aaron Brooks,Chuck Hayes,Luis Scola,Shane Battier,Trevor Ariza,3,8:12,HOU,shot,,,,,,,,,,Aaron Brooks,,,,missed,,fade away jumper,12,20
Andrew Bogut,Brandon Jennings,Carlos Delfino,Jodie Meeks,Luc Richard Mbah a Moute,Aaron Brooks,Chuck Hayes,Luis Scola,Shane Battier,Trevor Ariza,3,8:10,HOU,rebound,,,,,,,,,,Shane Battier,,,,,,off,,
Andrew Bogut,Brandon Jennings,Carlos Delfino,Jodie Meeks,Luc Richard Mbah a Moute,Aaron Brooks,Chuck Hayes,Luis Scola,Shane Battier,Trevor Ariza,3,8:10,HOU,shot,,,,,,,,,,Shane Battier,2,,,made,,layup,25,6
Andrew Bogut,Brandon Jennings,Carlos Delfino,Jodie Meeks,Luc Richard Mbah a Moute,Aaron Brooks,Chuck Hayes,Luis Scola,Shane Battier,Trevor Ariza,3,8:00,HOU,foul,,,,,,,,Luc Richard Mbah a Moute,,Trevor Ariza,,,,,,personal,,
Andrew Bogut,Brandon Jennings,Carlos Delfino,Jodie Meeks,Luc Richard Mbah a Moute,Aaron Brooks,Chuck Hayes,Luis Scola,Shane Battier,Trevor Ariza,3,7:46,MIL,turnover,,,,,,,,,,Andrew Bogut,,,backcourt turnover,,,,,
Andrew Bogut,Brandon Jennings,Carlos Delfino,Jodie Meeks,Luc Richard Mbah a Moute,Aaron Brooks,Chuck Hayes,Luis Scola,Shane Battier,Trevor Ariza,3,7:37,HOU,shot,,,,,,,,,,Aaron Brooks,,,,missed,,3pt,41,26
Andrew Bogut,Brandon Jennings,Carlos Delfino,Jodie Meeks,Luc Richard Mbah a Moute,Aaron Brooks,Chuck Hayes,Luis Scola,Shane Battier,Trevor Ariza,3,7:35,MIL,rebound,,,,,,,,,,Carlos Delfino,,,,,,def,,
Andrew Bogut,Brandon Jennings,Carlos Delfino,Jodie Meeks,Luc Richard Mbah a Moute,Aaron Brooks,Chuck Hayes,Luis Scola,Shane Battier,Trevor Ariza,3,7:27,MIL,shot,,,,,,,,,,Andrew Bogut,,,,missed,,hook,18,17
Andrew Bogut,Brandon Jennings,Carlos Delfino,Jodie Meeks,Luc Richard Mbah a Moute,Aaron Brooks,Chuck Hayes,Luis Scola,Shane Battier,Trevor Ariza,3,7:25,HOU,rebound,,,,,,,,,,Luis Scola,,,,,,def,,
Andrew Bogut,Brandon Jennings,Carlos Delfino,Jodie Meeks,Luc Richard Mbah a Moute,Aaron Brooks,Chuck Hayes,Luis Scola,Shane Battier,Trevor Ariza,3,7:09,MIL,foul,,,,,,,,Luis Scola,,Andrew Bogut,,,,,,shooting,,
Andrew Bogut,Brandon Jennings,Carlos Delfino,Jodie Meeks,Luc Richard Mbah a Moute,Aaron Brooks,Chuck Hayes,Luis Scola,Shane Battier,Trevor Ariza,3,7:09,HOU,free throw,,,,,,,1,,2,Luis Scola,,,foul,made,,,,
Andrew Bogut,Brandon Jennings,Carlos Delfino,Jodie Meeks,Luc Richard Mbah a Moute,Aaron Brooks,Chuck Hayes,Luis Scola,Shane Battier,Trevor Ariza,3,7:09,HOU,free throw,,,,,,,2,,2,Luis Scola,,,foul,made,,,,
Andrew Bogut,Brandon Jennings,Carlos Delfino,Jodie Meeks,Luc Richard Mbah a Moute,Aaron Brooks,Chuck Hayes,Luis Scola,Shane Battier,Trevor Ariza,3,6:53,MIL,shot,Luc Richard Mbah a Moute,,,,,,,,,Brandon Jennings,3,,,made,,3pt,46,21
Andrew Bogut,Brandon Jennings,Carlos Delfino,Jodie Meeks,Luc Richard Mbah a Moute,Aaron Brooks,Chuck Hayes,Luis Scola,Shane Battier,Trevor Ariza,3,6:38,HOU,shot,,,,,,,,,,Aaron Brooks,,,,missed,,hook,25,15
Andrew Bogut,Brandon Jennings,Carlos Delfino,Jodie Meeks,Luc Richard Mbah a Moute,Aaron Brooks,Chuck Hayes,Luis Scola,Shane Battier,Trevor Ariza,3,6:36,MIL,rebound,,,,,,,,,,Andrew Bogut,,,,,,def,,
Andrew Bogut,Brandon Jennings,Carlos Delfino,Jodie Meeks,Luc Richard Mbah a Moute,Aaron Brooks,Chuck Hayes,Luis Scola,Shane Battier,Trevor Ariza,3,6:26,MIL,shot,,,,,,,,,,Jodie Meeks,,,,missed,,3pt,48,12
Andrew Bogut,Brandon Jennings,Carlos Delfino,Jodie Meeks,Luc Richard Mbah a Moute,Aaron Brooks,Chuck Hayes,Luis Scola,Shane Battier,Trevor Ariza,3,6:25,HOU,rebound,,,,,,,,,,Chuck Hayes,,,,,,def,,
Andrew Bogut,Brandon Jennings,Carlos Delfino,Jodie Meeks,Luc Richard Mbah a Moute,Aaron Brooks,Chuck Hayes,Luis Scola,Shane Battier,Trevor Ariza,3,6:18,HOU,shot,,,,,,,,,,Trevor Ariza,,,,missed,,3pt,37,28
Andrew Bogut,Brandon Jennings,Carlos Delfino,Jodie Meeks,Luc Richard Mbah a Moute,Aaron Brooks,Chuck Hayes,Luis Scola,Shane Battier,Trevor Ariza,3,6:16,MIL,rebound,,,,,,,,,,Brandon Jennings,,,,,,def,,
Andrew Bogut,Brandon Jennings,Carlos Delfino,Jodie Meeks,Luc Richard Mbah a Moute,Aaron Brooks,Chuck Hayes,Luis Scola,Shane Battier,Trevor Ariza,3,6:08,MIL,turnover,,,,,,,,,,Brandon Jennings,,,bad pass,,Trevor Ariza,,,
Andrew Bogut,Brandon Jennings,Carlos Delfino,Jodie Meeks,Luc Richard Mbah a Moute,Aaron Brooks,Chuck Hayes,Luis Scola,Shane Battier,Trevor Ariza,3,6:04,MIL,foul,,,,,,,,Luis Scola,,Jodie Meeks,,,,,,shooting,,
Andrew Bogut,Brandon Jennings,Carlos Delfino,Jodie Meeks,Luc Richard Mbah a Moute,Aaron Brooks,Chuck Hayes,Luis Scola,Shane Battier,Trevor Ariza,3,6:04,HOU,free throw,,,,,,,1,,2,Luis Scola,,,foul,made,,,,
Andrew Bogut,Brandon Jennings,Carlos Delfino,Jodie Meeks,Luc Richard Mbah a Moute,Aaron Brooks,Chuck Hayes,Luis Scola,Shane Battier,Trevor Ariza,3,6:04,HOU,free throw,,,,,,,2,,2,Luis Scola,,,foul,made,,,,
Andrew Bogut,Brandon Jennings,Carlos Delfino,Jodie Meeks,Luc Richard Mbah a Moute,Aaron Brooks,Chuck Hayes,Luis Scola,Shane Battier,Trevor Ariza,3,5:54,MIL,shot,,,,,,,,,,Luc Richard Mbah a Moute,,,,missed,,a moute jump,20,24
Andrew Bogut,Brandon Jennings,Carlos Delfino,Jodie Meeks,Luc Richard Mbah a Moute,Aaron Brooks,Chuck Hayes,Luis Scola,Shane Battier,Trevor Ariza,3,5:53,HOU,rebound,,,,,,,,,,Chuck Hayes,,,,,,def,,
Andrew Bogut,Brandon Jennings,Carlos Delfino,Jodie Meeks,Luc Richard Mbah a Moute,Aaron Brooks,Chuck Hayes,Luis Scola,Shane Battier,Trevor Ariza,3,5:40,MIL,foul,,,,,,,,Trevor Ariza,,Carlos Delfino,,,,,,personal,,
Andrew Bogut,Brandon Jennings,Carlos Delfino,Jodie Meeks,Luc Richard Mbah a Moute,Aaron Brooks,Chuck Hayes,Luis Scola,Shane Battier,Trevor Ariza,3,5:40,HOU,timeout,,,,,,,,,,,,,,,,regular,,
Andrew Bogut,Brandon Jennings,Carlos Delfino,Jodie Meeks,Luc Richard Mbah a Moute,Aaron Brooks,Chuck Hayes,Luis Scola,Shane Battier,Trevor Ariza,3,5:40,HOU,free throw,,,,,,,1,,2,Trevor Ariza,,,foul,made,,,,
Andrew Bogut,Brandon Jennings,Carlos Delfino,Jodie Meeks,Luc Richard Mbah a Moute,Aaron Brooks,Chuck Hayes,Luis Scola,Shane Battier,Trevor Ariza,3,5:40,HOU,free throw,,,,,,,2,,2,Trevor Ariza,,,foul,made,,,,
Andrew Bogut,Brandon Jennings,Carlos Delfino,Jodie Meeks,Luc Richard Mbah a Moute,Aaron Brooks,Chuck Hayes,Luis Scola,Shane Battier,Trevor Ariza,3,5:21,MIL,shot,,,,,,,,,,Andrew Bogut,2,,,made,,hook,27,13
Andrew Bogut,Brandon Jennings,Carlos Delfino,Jodie Meeks,Luc Richard Mbah a Moute,Aaron Brooks,Chuck Hayes,Luis Scola,Shane Battier,Trevor Ariza,3,5:04,HOU,shot,,,,,,,,,,Luis Scola,2,,,made,,layup,25,6
Andrew Bogut,Brandon Jennings,Carlos Delfino,Jodie Meeks,Luc Richard Mbah a Moute,Aaron Brooks,Chuck Hayes,Luis Scola,Shane Battier,Trevor Ariza,3,4:50,MIL,turnover,,,,,,,,,,Jodie Meeks,,,bad pass,,Luis Scola,,,
Andrew Bogut,Brandon Jennings,Carlos Delfino,Jodie Meeks,Luc Richard Mbah a Moute,Aaron Brooks,Chuck Hayes,Luis Scola,Shane Battier,Trevor Ariza,3,4:39,HOU,shot,,,,,,,,,,Aaron Brooks,,,,missed,,running jump,24,20
Andrew Bogut,Brandon Jennings,Carlos Delfino,Jodie Meeks,Luc Richard Mbah a Moute,Aaron Brooks,Chuck Hayes,Luis Scola,Shane Battier,Trevor Ariza,3,4:37,MIL,rebound,,,,,,,,,,Luc Richard Mbah a Moute,,,,,,def,,
Andrew Bogut,Brandon Jennings,Carlos Delfino,Jodie Meeks,Luc Richard Mbah a Moute,Aaron Brooks,Chuck Hayes,Luis Scola,Shane Battier,Trevor Ariza,3,4:24,MIL,shot,,,,,,,,,,Brandon Jennings,,,,missed,,running jump,24,16
Andrew Bogut,Brandon Jennings,Carlos Delfino,Jodie Meeks,Luc Richard Mbah a Moute,Aaron Brooks,Chuck Hayes,Luis Scola,Shane Battier,Trevor Ariza,3,4:20,HOU,rebound,,,,,,,,,,Trevor Ariza,,,,,,def,,
Andrew Bogut,Brandon Jennings,Carlos Delfino,Jodie Meeks,Luc Richard Mbah a Moute,Aaron Brooks,Chuck Hayes,Luis Scola,Shane Battier,Trevor Ariza,3,4:19,HOU,timeout,,,,,,,,,,,,,,,,short,,
Andrew Bogut,Brandon Jennings,Carlos Delfino,Luc Richard Mbah a Moute,Luke Ridnour,Aaron Brooks,Chuck Hayes,Luis Scola,Shane Battier,Trevor Ariza,3,4:19,MIL,sub,,,,Luke Ridnour,,Jodie Meeks,,,,,,,,,,,,
Andrew Bogut,Brandon Jennings,Carlos Delfino,Luc Richard Mbah a Moute,Luke Ridnour,Aaron Brooks,Chuck Hayes,Luis Scola,Shane Battier,Trevor Ariza,3,4:06,HOU,shot,,,,,,,,,,Chuck Hayes,,,,missed,,jump,19,13
Andrew Bogut,Brandon Jennings,Carlos Delfino,Luc Richard Mbah a Moute,Luke Ridnour,Aaron Brooks,Chuck Hayes,Luis Scola,Shane Battier,Trevor Ariza,3,4:05,MIL,rebound,,,,,,,,,,Luc Richard Mbah a Moute,,,,,,def,,
Andrew Bogut,Brandon Jennings,Carlos Delfino,Luc Richard Mbah a Moute,Luke Ridnour,Aaron Brooks,Chuck Hayes,Luis Scola,Shane Battier,Trevor Ariza,3,3:59,HOU,foul,,,,,,,,Brandon Jennings,,Shane Battier,,,,,,shooting,,
Andrew Bogut,Brandon Jennings,Carlos Delfino,Luc Richard Mbah a Moute,Luke Ridnour,Aaron Brooks,Chuck Hayes,Luis Scola,Shane Battier,Trevor Ariza,3,3:59,MIL,free throw,,,,,,,1,,2,Brandon Jennings,,,foul,made,,,,
Andrew Bogut,Brandon Jennings,Carlos Delfino,Luc Richard Mbah a Moute,Luke Ridnour,Aaron Brooks,Chuck Hayes,Luis Scola,Shane Battier,Trevor Ariza,3,3:59,MIL,free throw,,,,,,,2,,2,Brandon Jennings,,,foul,made,,,,
Andrew Bogut,Brandon Jennings,Carlos Delfino,Luc Richard Mbah a Moute,Luke Ridnour,Aaron Brooks,Chuck Hayes,Luis Scola,Shane Battier,Trevor Ariza,3,3:38,HOU,shot,,,Andrew Bogut,,,,,,,Luis Scola,,,,missed,,layup,25,6
Andrew Bogut,Brandon Jennings,Carlos Delfino,Luc Richard Mbah a Moute,Luke Ridnour,Aaron Brooks,Chuck Hayes,Luis Scola,Shane Battier,Trevor Ariza,3,3:36,HOU,rebound,,,,,,,,,,Chuck Hayes,,,,,,off,,
Andrew Bogut,Brandon Jennings,Carlos Delfino,Luc Richard Mbah a Moute,Luke Ridnour,Aaron Brooks,Chuck Hayes,Luis Scola,Shane Battier,Trevor Ariza,3,3:35,HOU,turnover,,,,,,,,,,Chuck Hayes,,,lost ball,,Carlos Delfino,,,
Andrew Bogut,Brandon Jennings,Carlos Delfino,Luc Richard Mbah a Moute,Luke Ridnour,Aaron Brooks,Chuck Hayes,Luis Scola,Shane Battier,Trevor Ariza,3,3:29,MIL,shot,,,,,,,,,,Brandon Jennings,,,,missed,,3pt,47,18
Andrew Bogut,Brandon Jennings,Carlos Delfino,Luc Richard Mbah a Moute,Luke Ridnour,Aaron Brooks,Chuck Hayes,Luis Scola,Shane Battier,Trevor Ariza,3,3:26,MIL,rebound,,,,,,,,,,,,,,,,,,
Andrew Bogut,Brandon Jennings,Carlos Delfino,Luc Richard Mbah a Moute,Luke Ridnour,Aaron Brooks,Carl Landry,Luis Scola,Shane Battier,Trevor Ariza,3,3:26,HOU,sub,,,,Carl Landry,,Chuck Hayes,,,,,,,,,,,,
Andrew Bogut,Brandon Jennings,Carlos Delfino,Luc Richard Mbah a Moute,Luke Ridnour,Aaron Brooks,Carl Landry,Kyle Lowry,Luis Scola,Trevor Ariza,3,3:26,HOU,sub,,,,Kyle Lowry,,Shane Battier,,,,,,,,,,,,
Andrew Bogut,Brandon Jennings,Carlos Delfino,Luc Richard Mbah a Moute,Luke Ridnour,Aaron Brooks,Carl Landry,Kyle Lowry,Luis Scola,Trevor Ariza,3,3:14,HOU,foul,,,,,,,,Andrew Bogut,,Carl Landry,,,,,,personal,,
Andrew Bogut,Brandon Jennings,Carlos Delfino,Luc Richard Mbah a Moute,Luke Ridnour,Aaron Brooks,Carl Landry,Kyle Lowry,Luis Scola,Trevor Ariza,3,3:14,MIL,free throw,,,,,,,1,,2,Andrew Bogut,,,foul,missed,,,,
Andrew Bogut,Brandon Jennings,Carlos Delfino,Luc Richard Mbah a Moute,Luke Ridnour,Aaron Brooks,Carl Landry,Kyle Lowry,Luis Scola,Trevor Ariza,3,3:14,MIL,rebound,,,,,,,,,,,,,,,,,,
Andrew Bogut,Brandon Jennings,Carlos Delfino,Luc Richard Mbah a Moute,Luke Ridnour,Aaron Brooks,Carl Landry,Kyle Lowry,Luis Scola,Trevor Ariza,3,3:14,MIL,free throw,,,,,,,2,,2,Andrew Bogut,,,foul,missed,,,,
Andrew Bogut,Brandon Jennings,Carlos Delfino,Luc Richard Mbah a Moute,Luke Ridnour,Aaron Brooks,Carl Landry,Kyle Lowry,Luis Scola,Trevor Ariza,3,3:14,HOU,rebound,,,,,,,,,,Luis Scola,,,,,,def,,
Andrew Bogut,Brandon Jennings,Carlos Delfino,Luc Richard Mbah a Moute,Luke Ridnour,Aaron Brooks,Carl Landry,Kyle Lowry,Luis Scola,Trevor Ariza,3,3:04,HOU,shot,,,,,,,,,,Luis Scola,,,,missed,,layup,25,6
Andrew Bogut,Brandon Jennings,Carlos Delfino,Luc Richard Mbah a Moute,Luke Ridnour,Aaron Brooks,Carl Landry,Kyle Lowry,Luis Scola,Trevor Ariza,3,3:03,MIL,rebound,,,,,,,,,,Andrew Bogut,,,,,,def,,
Andrew Bogut,Brandon Jennings,Carlos Delfino,Luc Richard Mbah a Moute,Luke Ridnour,Aaron Brooks,Carl Landry,Kyle Lowry,Luis Scola,Trevor Ariza,3,2:58,MIL,shot,,,,,,,,,,Carlos Delfino,,,,missed,,3pt,47,20
Andrew Bogut,Brandon Jennings,Carlos Delfino,Luc Richard Mbah a Moute,Luke Ridnour,Aaron Brooks,Carl Landry,Kyle Lowry,Luis Scola,Trevor Ariza,3,2:56,HOU,rebound,,,,,,,,,,Luis Scola,,,,,,def,,
Andrew Bogut,Brandon Jennings,Carlos Delfino,Luc Richard Mbah a Moute,Luke Ridnour,Aaron Brooks,Carl Landry,Kyle Lowry,Luis Scola,Trevor Ariza,3,2:49,HOU,shot,,,,,,,,,,Kyle Lowry,,,,missed,,driving layup,25,6
Andrew Bogut,Brandon Jennings,Carlos Delfino,Luc Richard Mbah a Moute,Luke Ridnour,Aaron Brooks,Carl Landry,Kyle Lowry,Luis Scola,Trevor Ariza,3,2:48,MIL,rebound,,,,,,,,,,,,,,,,,,
Andrew Bogut,Brandon Jennings,Carlos Delfino,Luc Richard Mbah a Moute,Luke Ridnour,Aaron Brooks,Carl Landry,Kyle Lowry,Luis Scola,Trevor Ariza,3,2:48,MIL,timeout,,,,,,,,,,,,,,,,regular,,
Andrew Bogut,Brandon Jennings,Carlos Delfino,Luc Richard Mbah a Moute,Luke Ridnour,Aaron Brooks,Carl Landry,Kyle Lowry,Luis Scola,Trevor Ariza,3,2:37,MIL,shot,,,,,,,,,,Luke Ridnour,,,,missed,,jump,6,8
Andrew Bogut,Brandon Jennings,Carlos Delfino,Luc Richard Mbah a Moute,Luke Ridnour,Aaron Brooks,Carl Landry,Kyle Lowry,Luis Scola,Trevor Ariza,3,2:36,MIL,rebound,,,,,,,,,,Luc Richard Mbah a Moute,,,,,,off,,
Andrew Bogut,Brandon Jennings,Carlos Delfino,Luc Richard Mbah a Moute,Luke Ridnour,Aaron Brooks,Carl Landry,Kyle Lowry,Luis Scola,Trevor Ariza,3,2:33,MIL,shot,,,,,,,,,,Brandon Jennings,,,,missed,,3pt,42,24
Andrew Bogut,Brandon Jennings,Carlos Delfino,Luc Richard Mbah a Moute,Luke Ridnour,Aaron Brooks,Carl Landry,Kyle Lowry,Luis Scola,Trevor Ariza,3,2:32,HOU,rebound,,,,,,,,,,Carl Landry,,,,,,def,,
Andrew Bogut,Brandon Jennings,Carlos Delfino,Luc Richard Mbah a Moute,Luke Ridnour,Aaron Brooks,Carl Landry,Kyle Lowry,Luis Scola,Trevor Ariza,3,2:18,HOU,shot,,,,,,,,,,Aaron Brooks,,,,missed,,3pt,9,26
Andrew Bogut,Brandon Jennings,Carlos Delfino,Luc Richard Mbah a Moute,Luke Ridnour,Aaron Brooks,Carl Landry,Kyle Lowry,Luis Scola,Trevor Ariza,3,2:17,MIL,rebound,,,,,,,,,,Andrew Bogut,,,,,,def,,
Andrew Bogut,Brandon Jennings,Carlos Delfino,Luc Richard Mbah a Moute,Luke Ridnour,Aaron Brooks,Carl Landry,Kyle Lowry,Luis Scola,Trevor Ariza,3,2:07,MIL,shot,Luke Ridnour,,,,,,,,,Carlos Delfino,2,,,made,,layup,25,6
Andrew Bogut,Brandon Jennings,Carlos Delfino,Luc Richard Mbah a Moute,Luke Ridnour,Aaron Brooks,Carl Landry,Kyle Lowry,Luis Scola,Trevor Ariza,3,1:44,HOU,shot,,,,,,,,,,Trevor Ariza,,,,missed,,jump,24,15
Andrew Bogut,Brandon Jennings,Carlos Delfino,Luc Richard Mbah a Moute,Luke Ridnour,Aaron Brooks,Carl Landry,Kyle Lowry,Luis Scola,Trevor Ariza,3,1:43,MIL,rebound,,,,,,,,,,Andrew Bogut,,,,,,def,,
Andrew Bogut,Brandon Jennings,Carlos Delfino,Luc Richard Mbah a Moute,Luke Ridnour,Aaron Brooks,Carl Landry,Kyle Lowry,Luis Scola,Trevor Ariza,3,1:38,MIL,shot,,,,,,,,,,Brandon Jennings,,,,missed,,layup,25,6
Andrew Bogut,Brandon Jennings,Carlos Delfino,Luc Richard Mbah a Moute,Luke Ridnour,Aaron Brooks,Carl Landry,Kyle Lowry,Luis Scola,Trevor Ariza,3,1:36,HOU,rebound,,,,,,,,,,Luis Scola,,,,,,def,,
Andrew Bogut,Brandon Jennings,Carlos Delfino,Luc Richard Mbah a Moute,Luke Ridnour,Aaron Brooks,Carl Landry,Kyle Lowry,Luis Scola,Trevor Ariza,3,1:31,HOU,shot,,,,,,,,,,Aaron Brooks,,,,missed,,pullup jump,36,20
Andrew Bogut,Brandon Jennings,Carlos Delfino,Luc Richard Mbah a Moute,Luke Ridnour,Aaron Brooks,Carl Landry,Kyle Lowry,Luis Scola,Trevor Ariza,3,1:29,MIL,rebound,,,,,,,,,,Carlos Delfino,,,,,,def,,
Andrew Bogut,Brandon Jennings,Carlos Delfino,Luc Richard Mbah a Moute,Luke Ridnour,Aaron Brooks,Carl Landry,Kyle Lowry,Luis Scola,Trevor Ariza,3,1:05,MIL,shot,,,,,,,,,,Luc Richard Mbah a Moute,,,,missed,,a moute jump,45,9
Andrew Bogut,Brandon Jennings,Carlos Delfino,Luc Richard Mbah a Moute,Luke Ridnour,Aaron Brooks,Carl Landry,Kyle Lowry,Luis Scola,Trevor Ariza,3,1:04,HOU,rebound,,,,,,,,,,Kyle Lowry,,,,,,def,,
Andrew Bogut,Brandon Jennings,Carlos Delfino,Luc Richard Mbah a Moute,Luke Ridnour,Aaron Brooks,Carl Landry,Kyle Lowry,Luis Scola,Trevor Ariza,3,0:54,HOU,shot,,,,,,,,,,Trevor Ariza,,,,missed,,3pt,11,28
Andrew Bogut,Brandon Jennings,Carlos Delfino,Luc Richard Mbah a Moute,Luke Ridnour,Aaron Brooks,Carl Landry,Kyle Lowry,Luis Scola,Trevor Ariza,3,0:52,MIL,rebound,,,,,,,,,,Andrew Bogut,,,,,,def,,
Andrew Bogut,Brandon Jennings,Carlos Delfino,Luc Richard Mbah a Moute,Luke Ridnour,Aaron Brooks,Carl Landry,Kyle Lowry,Luis Scola,Trevor Ariza,3,0:46,MIL,shot,Andrew Bogut,,,,,,,,,Carlos Delfino,3,,,made,,3pt,46,19
Andrew Bogut,Brandon Jennings,Carlos Delfino,Luc Richard Mbah a Moute,Luke Ridnour,Aaron Brooks,Carl Landry,Kyle Lowry,Luis Scola,Trevor Ariza,3,0:36,HOU,shot,,,,,,,,,,Aaron Brooks,,,,missed,,3pt,8,25
Andrew Bogut,Brandon Jennings,Carlos Delfino,Luc Richard Mbah a Moute,Luke Ridnour,Aaron Brooks,Carl Landry,Kyle Lowry,Luis Scola,Trevor Ariza,3,0:35,HOU,rebound,,,,,,,,,,Luis Scola,,,,,,off,,
Andrew Bogut,Brandon Jennings,Carlos Delfino,Luc Richard Mbah a Moute,Luke Ridnour,Aaron Brooks,Carl Landry,Kyle Lowry,Luis Scola,Trevor Ariza,3,0:31,HOU,turnover,,,,,,,,,,Luis Scola,,,bad pass,,,,,
Andrew Bogut,Brandon Jennings,Carlos Delfino,Luc Richard Mbah a Moute,Luke Ridnour,Carl Landry,Chase Budinger,Kyle Lowry,Luis Scola,Trevor Ariza,3,0:31,HOU,sub,,,,Chase Budinger,,Aaron Brooks,,,,,,,,,,,,
Andrew Bogut,Brandon Jennings,Carlos Delfino,Luc Richard Mbah a Moute,Luke Ridnour,Carl Landry,Chase Budinger,Kyle Lowry,Luis Scola,Trevor Ariza,3,0:12,MIL,shot,,,,,,,,,,Luc Richard Mbah a Moute,,,,missed,,a moute pullup jump,20,16
Andrew Bogut,Brandon Jennings,Carlos Delfino,Luc Richard Mbah a Moute,Luke Ridnour,Carl Landry,Chase Budinger,Kyle Lowry,Luis Scola,Trevor Ariza,3,0:10,HOU,rebound,,,,,,,,,,Carl Landry,,,,,,def,,
Andrew Bogut,Brandon Jennings,Carlos Delfino,Luc Richard Mbah a Moute,Luke Ridnour,Carl Landry,Chase Budinger,Kyle Lowry,Luis Scola,Trevor Ariza,3,0:01,HOU,shot,Kyle Lowry,,,,,,,,,Luis Scola,2,,,made,,jump,5,7
Andrew Bogut,Carlos Delfino,Charlie Bell,Luc Richard Mbah a Moute,Luke Ridnour,Carl Landry,Chase Budinger,Kyle Lowry,Luis Scola,Trevor Ariza,4,11:48,MIL,turnover,,,,,,,,,,Luke Ridnour,,,bad pass,,,,,
Andrew Bogut,Carlos Delfino,Charlie Bell,Luc Richard Mbah a Moute,Luke Ridnour,Carl Landry,Chase Budinger,Kyle Lowry,Luis Scola,Trevor Ariza,4,11:29,HOU,shot,,,,,,,,,,Carl Landry,,,,missed,,jump,34,24
Andrew Bogut,Carlos Delfino,Charlie Bell,Luc Richard Mbah a Moute,Luke Ridnour,Carl Landry,Chase Budinger,Kyle Lowry,Luis Scola,Trevor Ariza,4,11:27,HOU,rebound,,,,,,,,,,Luis Scola,,,,,,off,,
Andrew Bogut,Carlos Delfino,Charlie Bell,Luc Richard Mbah a Moute,Luke Ridnour,Carl Landry,Chase Budinger,Kyle Lowry,Luis Scola,Trevor Ariza,4,11:16,HOU,shot,,,Andrew Bogut,,,,,,,Kyle Lowry,,,,missed,,driving layup,25,6
Andrew Bogut,Carlos Delfino,Charlie Bell,Luc Richard Mbah a Moute,Luke Ridnour,Carl Landry,Chase Budinger,Kyle Lowry,Luis Scola,Trevor Ariza,4,11:14,MIL,rebound,,,,,,,,,,Luc Richard Mbah a Moute,,,,,,def,,
Andrew Bogut,Carlos Delfino,Charlie Bell,Luc Richard Mbah a Moute,Luke Ridnour,Carl Landry,Chase Budinger,Kyle Lowry,Luis Scola,Trevor Ariza,4,11:06,MIL,shot,Luke Ridnour,,,,,,,,,Andrew Bogut,2,,,made,,alley oop dunk,25,6
Andrew Bogut,Carlos Delfino,Charlie Bell,Luc Richard Mbah a Moute,Luke Ridnour,Carl Landry,Chase Budinger,Kyle Lowry,Luis Scola,Trevor Ariza,4,10:50,HOU,shot,,,Andrew Bogut,,,,,,,Carl Landry,,,,missed,,layup,25,6
Andrew Bogut,Carlos Delfino,Charlie Bell,Luc Richard Mbah a Moute,Luke Ridnour,Carl Landry,Chase Budinger,Kyle Lowry,Luis Scola,Trevor Ariza,4,10:48,MIL,rebound,,,,,,,,,,Carlos Delfino,,,,,,def,,
Andrew Bogut,Carlos Delfino,Charlie Bell,Luc Richard Mbah a Moute,Luke Ridnour,Carl Landry,Chase Budinger,Kyle Lowry,Luis Scola,Trevor Ariza,4,10:35,MIL,shot,,,,,,,,,,Luke Ridnour,2,,,made,,jump,44,15
Andrew Bogut,Carlos Delfino,Charlie Bell,Luc Richard Mbah a Moute,Luke Ridnour,Carl Landry,Chase Budinger,Kyle Lowry,Luis Scola,Trevor Ariza,4,10:13,HOU,shot,,,,,,,,,,Kyle Lowry,,,,missed,,3pt,47,18
Andrew Bogut,Carlos Delfino,Charlie Bell,Luc Richard Mbah a Moute,Luke Ridnour,Carl Landry,Chase Budinger,Kyle Lowry,Luis Scola,Trevor Ariza,4,10:12,MIL,rebound,,,,,,,,,,Andrew Bogut,,,,,,def,,
Andrew Bogut,Carlos Delfino,Charlie Bell,Luc Richard Mbah a Moute,Luke Ridnour,Carl Landry,Chase Budinger,Kyle Lowry,Luis Scola,Trevor Ariza,4,9:49,MIL,shot,,,,,,,,,,Luke Ridnour,2,,,made,,jump,14,20
Andrew Bogut,Carlos Delfino,Charlie Bell,Luc Richard Mbah a Moute,Luke Ridnour,Carl Landry,Chase Budinger,Kyle Lowry,Luis Scola,Trevor Ariza,4,9:31,HOU,shot,,,,,,,,,,Chase Budinger,,,,missed,,3pt,12,28
Andrew Bogut,Carlos Delfino,Charlie Bell,Luc Richard Mbah a Moute,Luke Ridnour,Carl Landry,Chase Budinger,Kyle Lowry,Luis Scola,Trevor Ariza,4,9:29,MIL,rebound,,,,,,,,,,Carlos Delfino,,,,,,def,,
Andrew Bogut,Carlos Delfino,Charlie Bell,Luc Richard Mbah a Moute,Luke Ridnour,Carl Landry,Chase Budinger,Kyle Lowry,Luis Scola,Trevor Ariza,4,9:15,MIL,foul,,,,,,,,Luis Scola,,Andrew Bogut,,,,,,offensive,,
Andrew Bogut,Carlos Delfino,Charlie Bell,Luc Richard Mbah a Moute,Luke Ridnour,Carl Landry,Chase Budinger,Kyle Lowry,Luis Scola,Trevor Ariza,4,9:15,MIL,turnover,,,,,,,,,,Andrew Bogut,,,foul,,,,,
Andrew Bogut,Carlos Delfino,Charlie Bell,Luc Richard Mbah a Moute,Luke Ridnour,Carl Landry,Kyle Lowry,Luis Scola,Shane Battier,Trevor Ariza,4,9:15,HOU,sub,,,,Shane Battier,,Chase Budinger,,,,,,,,,,,,
Andrew Bogut,Carlos Delfino,Charlie Bell,Luc Richard Mbah a Moute,Luke Ridnour,Aaron Brooks,Carl Landry,Kyle Lowry,Luis Scola,Shane Battier,4,9:15,HOU,sub,,,,Aaron Brooks,,Trevor Ariza,,,,,,,,,,,,
Andrew Bogut,Carlos Delfino,Charlie Bell,Luc Richard Mbah a Moute,Luke Ridnour,Aaron Brooks,Carl Landry,Kyle Lowry,Luis Scola,Shane Battier,4,9:04,HOU,shot,Aaron Brooks,,,,,,,,,Luis Scola,2,,,made,,hook,30,12
Andrew Bogut,Carlos Delfino,Charlie Bell,Luc Richard Mbah a Moute,Luke Ridnour,Aaron Brooks,Carl Landry,Kyle Lowry,Luis Scola,Shane Battier,4,8:45,MIL,shot,,,,,,,,,,Carlos Delfino,,,,missed,,3pt,13,30
Andrew Bogut,Carlos Delfino,Charlie Bell,Luc Richard Mbah a Moute,Luke Ridnour,Aaron Brooks,Carl Landry,Kyle Lowry,Luis Scola,Shane Battier,4,8:44,MIL,rebound,,,,,,,,,,Luc Richard Mbah a Moute,,,,,,off,,
Andrew Bogut,Carlos Delfino,Charlie Bell,Luc Richard Mbah a Moute,Luke Ridnour,Aaron Brooks,Carl Landry,Kyle Lowry,Luis Scola,Shane Battier,4,8:27,MIL,shot,,,,,,,,,,Charlie Bell,,,,missed,,jump,31,23
Andrew Bogut,Carlos Delfino,Charlie Bell,Luc Richard Mbah a Moute,Luke Ridnour,Aaron Brooks,Carl Landry,Kyle Lowry,Luis Scola,Shane Battier,4,8:26,HOU,rebound,,,,,,,,,,Luis Scola,,,,,,def,,
Andrew Bogut,Carlos Delfino,Charlie Bell,Luc Richard Mbah a Moute,Luke Ridnour,Aaron Brooks,Carl Landry,Kyle Lowry,Luis Scola,Shane Battier,4,8:11,HOU,shot,,,,,,,,,,Luis Scola,,,,missed,,jump,33,26
Andrew Bogut,Carlos Delfino,Charlie Bell,Luc Richard Mbah a Moute,Luke Ridnour,Aaron Brooks,Carl Landry,Kyle Lowry,Luis Scola,Shane Battier,4,8:10,MIL,rebound,,,,,,,,,,Luc Richard Mbah a Moute,,,,,,def,,
Andrew Bogut,Carlos Delfino,Charlie Bell,Luc Richard Mbah a Moute,Luke Ridnour,Aaron Brooks,Carl Landry,Kyle Lowry,Luis Scola,Shane Battier,4,7:52,HOU,foul,,,,,,,,Charlie Bell,,Carl Landry,,,,,,shooting,,
Andrew Bogut,Carlos Delfino,Charlie Bell,Luc Richard Mbah a Moute,Luke Ridnour,Aaron Brooks,Carl Landry,Kyle Lowry,Luis Scola,Shane Battier,4,7:52,MIL,timeout,,,,,,,,,,,,,,,,,,
Andrew Bogut,Carlos Delfino,Charlie Bell,Luc Richard Mbah a Moute,Luke Ridnour,Aaron Brooks,Carl Landry,Kyle Lowry,Shane Battier,Trevor Ariza,4,7:52,HOU,sub,,,,Trevor Ariza,,Luis Scola,,,,,,,,,,,,
Andrew Bogut,Carlos Delfino,Charlie Bell,Luc Richard Mbah a Moute,Luke Ridnour,Aaron Brooks,Carl Landry,Kyle Lowry,Shane Battier,Trevor Ariza,4,7:52,MIL,free throw,,,,,,,1,,2,Charlie Bell,,,foul,made,,,,
Andrew Bogut,Carlos Delfino,Charlie Bell,Luc Richard Mbah a Moute,Luke Ridnour,Aaron Brooks,Carl Landry,Kyle Lowry,Shane Battier,Trevor Ariza,4,7:52,MIL,free throw,,,,,,,2,,2,Charlie Bell,,,foul,made,,,,
Andrew Bogut,Carlos Delfino,Charlie Bell,Luc Richard Mbah a Moute,Luke Ridnour,Aaron Brooks,Carl Landry,Kyle Lowry,Shane Battier,Trevor Ariza,4,7:32,HOU,shot,,,,,,,,,,Aaron Brooks,,,,missed,,3pt,11,28
Andrew Bogut,Carlos Delfino,Charlie Bell,Luc Richard Mbah a Moute,Luke Ridnour,Aaron Brooks,Carl Landry,Kyle Lowry,Shane Battier,Trevor Ariza,4,7:30,HOU,jump ball,,Andrew Bogut,,,Carl Landry,,,,,,,Luc Richard Mbah a Moute,,,,,,
Andrew Bogut,Carlos Delfino,Charlie Bell,Luc Richard Mbah a Moute,Luke Ridnour,Aaron Brooks,Carl Landry,Kyle Lowry,Shane Battier,Trevor Ariza,4,7:30,MIL,rebound,,,,,,,,,,,,,,,,,,
Andrew Bogut,Carlos Delfino,Charlie Bell,Luc Richard Mbah a Moute,Luke Ridnour,Aaron Brooks,Carl Landry,Kyle Lowry,Shane Battier,Trevor Ariza,4,7:06,MIL,shot,,,,,,,,,,Luke Ridnour,2,,,made,,fade away jumper,7,18
Andrew Bogut,Carlos Delfino,Charlie Bell,Luc Richard Mbah a Moute,Luke Ridnour,Aaron Brooks,Carl Landry,Kyle Lowry,Shane Battier,Trevor Ariza,4,6:45,MIL,foul,,,,,,,,Shane Battier,,Andrew Bogut,,,,,,shooting,,
Andrew Bogut,Carlos Delfino,Charlie Bell,Luc Richard Mbah a Moute,Luke Ridnour,Aaron Brooks,Carl Landry,Kyle Lowry,Shane Battier,Trevor Ariza,4,6:45,HOU,free throw,,,,,,,1,,2,Shane Battier,,,foul,made,,,,
Andrew Bogut,Carlos Delfino,Charlie Bell,Luc Richard Mbah a Moute,Luke Ridnour,Aaron Brooks,Carl Landry,Kyle Lowry,Shane Battier,Trevor Ariza,4,6:45,HOU,free throw,,,,,,,2,,2,Shane Battier,,,foul,missed,,,,
Andrew Bogut,Carlos Delfino,Charlie Bell,Luc Richard Mbah a Moute,Luke Ridnour,Aaron Brooks,Carl Landry,Kyle Lowry,Shane Battier,Trevor Ariza,4,6:45,MIL,rebound,,,,,,,,,,Andrew Bogut,,,,,,def,,
Andrew Bogut,Carlos Delfino,Charlie Bell,Luc Richard Mbah a Moute,Luke Ridnour,Aaron Brooks,Carl Landry,Kyle Lowry,Shane Battier,Trevor Ariza,4,6:31,MIL,turnover,,,,,,,,,,Luke Ridnour,,,lost ball,,Aaron Brooks,,,
Andrew Bogut,Carlos Delfino,Charlie Bell,Luc Richard Mbah a Moute,Luke Ridnour,Aaron Brooks,Carl Landry,Kyle Lowry,Shane Battier,Trevor Ariza,4,6:29,MIL,foul,,,,,,,,Aaron Brooks,,Andrew Bogut,,,,,,personal,,
Carlos Delfino,Charlie Bell,Hakim Warrick,Luc Richard Mbah a Moute,Luke Ridnour,Aaron Brooks,Carl Landry,Kyle Lowry,Shane Battier,Trevor Ariza,4,6:29,MIL,sub,,,,Hakim Warrick,,Andrew Bogut,,,,,,,,,,,,
Carlos Delfino,Charlie Bell,Hakim Warrick,Luc Richard Mbah a Moute,Luke Ridnour,Aaron Brooks,Carl Landry,Kyle Lowry,Shane Battier,Trevor Ariza,4,6:07,HOU,shot,,,,,,,,,,Trevor Ariza,,,,missed,,3pt,4,22
Carlos Delfino,Charlie Bell,Hakim Warrick,Luc Richard Mbah a Moute,Luke Ridnour,Aaron Brooks,Carl Landry,Kyle Lowry,Shane Battier,Trevor Ariza,4,6:05,MIL,rebound,,,,,,,,,,,,,,,,,,
Carlos Delfino,Charlie Bell,Hakim Warrick,Luc Richard Mbah a Moute,Luke Ridnour,Aaron Brooks,Carl Landry,Kyle Lowry,Shane Battier,Trevor Ariza,4,5:51,MIL,shot,,,,,,,,,,Luke Ridnour,,,,missed,,3pt,24,33
Carlos Delfino,Charlie Bell,Hakim Warrick,Luc Richard Mbah a Moute,Luke Ridnour,Aaron Brooks,Carl Landry,Kyle Lowry,Shane Battier,Trevor Ariza,4,5:50,HOU,rebound,,,,,,,,,,,,,,,,,,
Carlos Delfino,Charlie Bell,Hakim Warrick,Luc Richard Mbah a Moute,Luke Ridnour,Aaron Brooks,Carl Landry,Kyle Lowry,Shane Battier,Trevor Ariza,4,5:50,HOU,timeout,,,,,,,,,,,,,,,,regular,,
Brandon Jennings,Carlos Delfino,Hakim Warrick,Luc Richard Mbah a Moute,Luke Ridnour,Aaron Brooks,Carl Landry,Kyle Lowry,Shane Battier,Trevor Ariza,4,5:50,MIL,sub,,,,Brandon Jennings,,Charlie Bell,,,,,,,,,,,,
Brandon Jennings,Carlos Delfino,Hakim Warrick,Luc Richard Mbah a Moute,Luke Ridnour,Aaron Brooks,Carl Landry,Kyle Lowry,Shane Battier,Trevor Ariza,4,5:33,HOU,turnover,,,,,,,,,,Kyle Lowry,,,bad pass,,,,,
Brandon Jennings,Carlos Delfino,Hakim Warrick,Luc Richard Mbah a Moute,Luke Ridnour,Aaron Brooks,Carl Landry,Kyle Lowry,Shane Battier,Trevor Ariza,4,5:16,MIL,shot,,,,,,,,,,Hakim Warrick,,,,missed,,layup,25,6
Brandon Jennings,Carlos Delfino,Hakim Warrick,Luc Richard Mbah a Moute,Luke Ridnour,Aaron Brooks,Carl Landry,Kyle Lowry,Shane Battier,Trevor Ariza,4,5:15,MIL,rebound,,,,,,,,,,Hakim Warrick,,,,,,off,,
Brandon Jennings,Carlos Delfino,Hakim Warrick,Luc Richard Mbah a Moute,Luke Ridnour,Aaron Brooks,Carl Landry,Kyle Lowry,Shane Battier,Trevor Ariza,4,5:07,HOU,foul,,,,,,,,Brandon Jennings,,Carl Landry,,,,,,shooting,,
Brandon Jennings,Carlos Delfino,Hakim Warrick,Luc Richard Mbah a Moute,Luke Ridnour,Aaron Brooks,Carl Landry,Luis Scola,Shane Battier,Trevor Ariza,4,5:07,HOU,sub,,,,Luis Scola,,Kyle Lowry,,,,,,,,,,,,
Brandon Jennings,Carlos Delfino,Hakim Warrick,Luc Richard Mbah a Moute,Luke Ridnour,Aaron Brooks,Carl Landry,Luis Scola,Shane Battier,Trevor Ariza,4,5:07,MIL,free throw,,,,,,,1,,2,Brandon Jennings,,,foul,made,,,,
Brandon Jennings,Carlos Delfino,Hakim Warrick,Luc Richard Mbah a Moute,Luke Ridnour,Aaron Brooks,Carl Landry,Luis Scola,Shane Battier,Trevor Ariza,4,5:07,MIL,free throw,,,,,,,2,,2,Brandon Jennings,,,foul,missed,,,,
Brandon Jennings,Carlos Delfino,Hakim Warrick,Luc Richard Mbah a Moute,Luke Ridnour,Aaron Brooks,Carl Landry,Luis Scola,Shane Battier,Trevor Ariza,4,5:07,HOU,rebound,,,,,,,,,,Luis Scola,,,,,,def,,
Brandon Jennings,Carlos Delfino,Hakim Warrick,Luc Richard Mbah a Moute,Luke Ridnour,Aaron Brooks,Carl Landry,Luis Scola,Shane Battier,Trevor Ariza,4,4:55,HOU,shot,Aaron Brooks,,,,,,,,,Carl Landry,2,,,made,,reverse layup,25,6
Brandon Jennings,Carlos Delfino,Hakim Warrick,Luc Richard Mbah a Moute,Luke Ridnour,Aaron Brooks,Carl Landry,Luis Scola,Shane Battier,Trevor Ariza,4,4:55,MIL,foul,,,,,,,,Carl Landry,,Luke Ridnour,,,,,,shooting,,
Brandon Jennings,Carlos Delfino,Hakim Warrick,Luc Richard Mbah a Moute,Luke Ridnour,Aaron Brooks,Carl Landry,Luis Scola,Shane Battier,Trevor Ariza,4,4:55,HOU,free throw,,,,,,,1,,1,Carl Landry,,,foul,made,,,,
Brandon Jennings,Carlos Delfino,Hakim Warrick,Luc Richard Mbah a Moute,Luke Ridnour,Aaron Brooks,Carl Landry,Luis Scola,Shane Battier,Trevor Ariza,4,4:36,MIL,shot,,,,,,,,,,Hakim Warrick,,,,missed,,jump,16,24
Brandon Jennings,Carlos Delfino,Hakim Warrick,Luc Richard Mbah a Moute,Luke Ridnour,Aaron Brooks,Carl Landry,Luis Scola,Shane Battier,Trevor Ariza,4,4:35,HOU,rebound,,,,,,,,,,Carl Landry,,,,,,def,,
Brandon Jennings,Carlos Delfino,Hakim Warrick,Luc Richard Mbah a Moute,Luke Ridnour,Aaron Brooks,Carl Landry,Luis Scola,Shane Battier,Trevor Ariza,4,4:22,HOU,shot,Luis Scola,,,,,,,,,Aaron Brooks,2,,,made,,floating jump,20,19
Brandon Jennings,Carlos Delfino,Hakim Warrick,Luc Richard Mbah a Moute,Luke Ridnour,Aaron Brooks,Carl Landry,Luis Scola,Shane Battier,Trevor Ariza,4,4:21,MIL,timeout,,,,,,,,,,,,,,,,regular,,
Andrew Bogut,Brandon Jennings,Carlos Delfino,Luc Richard Mbah a Moute,Luke Ridnour,Aaron Brooks,Carl Landry,Luis Scola,Shane Battier,Trevor Ariza,4,4:21,MIL,sub,,,,Andrew Bogut,,Hakim Warrick,,,,,,,,,,,,
Andrew Bogut,Brandon Jennings,Carlos Delfino,Luc Richard Mbah a Moute,Luke Ridnour,Aaron Brooks,Carl Landry,Luis Scola,Shane Battier,Trevor Ariza,4,4:12,MIL,shot,,,,,,,,,,Carlos Delfino,,,,missed,,jump,40,22
Andrew Bogut,Brandon Jennings,Carlos Delfino,Luc Richard Mbah a Moute,Luke Ridnour,Aaron Brooks,Carl Landry,Luis Scola,Shane Battier,Trevor Ariza,4,4:11,HOU,rebound,,,,,,,,,,Carl Landry,,,,,,def,,
Andrew Bogut,Brandon Jennings,Carlos Delfino,Luc Richard Mbah a Moute,Luke Ridnour,Aaron Brooks,Carl Landry,Luis Scola,Shane Battier,Trevor Ariza,4,3:59,HOU,shot,,,,,,,,,,Aaron Brooks,,,,missed,,pullup jump,12,6
Andrew Bogut,Brandon Jennings,Carlos Delfino,Luc Richard Mbah a Moute,Luke Ridnour,Aaron Brooks,Carl Landry,Luis Scola,Shane Battier,Trevor Ariza,4,3:57,MIL,rebound,,,,,,,,,,Andrew Bogut,,,,,,def,,
Andrew Bogut,Brandon Jennings,Carlos Delfino,Luc Richard Mbah a Moute,Luke Ridnour,Aaron Brooks,Carl Landry,Luis Scola,Shane Battier,Trevor Ariza,4,3:42,MIL,shot,,,,,,,,,,Brandon Jennings,3,,,made,,3pt,14,29
Andrew Bogut,Brandon Jennings,Carlos Delfino,Luc Richard Mbah a Moute,Luke Ridnour,Aaron Brooks,Carl Landry,Luis Scola,Shane Battier,Trevor Ariza,4,3:24,MIL,foul,,,,,,,,Carl Landry,,Luc Richard Mbah a Moute,,,,,,shooting,,
Andrew Bogut,Brandon Jennings,Carlos Delfino,Luc Richard Mbah a Moute,Luke Ridnour,Aaron Brooks,Carl Landry,Luis Scola,Shane Battier,Trevor Ariza,4,3:24,HOU,free throw,,,,,,,1,,2,Carl Landry,,,foul,made,,,,
Andrew Bogut,Brandon Jennings,Carlos Delfino,Luc Richard Mbah a Moute,Luke Ridnour,Aaron Brooks,Carl Landry,Luis Scola,Shane Battier,Trevor Ariza,4,3:24,HOU,free throw,,,,,,,2,,2,Carl Landry,,,foul,made,,,,
Andrew Bogut,Brandon Jennings,Carlos Delfino,Luc Richard Mbah a Moute,Luke Ridnour,Aaron Brooks,Carl Landry,Luis Scola,Shane Battier,Trevor Ariza,4,3:01,MIL,shot,,,,,,,,,,Luke Ridnour,,,,missed,,3pt,46,25
Andrew Bogut,Brandon Jennings,Carlos Delfino,Luc Richard Mbah a Moute,Luke Ridnour,Aaron Brooks,Carl Landry,Luis Scola,Shane Battier,Trevor Ariza,4,2:59,MIL,rebound,,,,,,,,,,Carlos Delfino,,,,,,off,,
Andrew Bogut,Brandon Jennings,Carlos Delfino,Luc Richard Mbah a Moute,Luke Ridnour,Aaron Brooks,Carl Landry,Luis Scola,Shane Battier,Trevor Ariza,4,2:42,MIL,shot,,,,,,,,,,Brandon Jennings,2,,,made,,jump,16,27
Andrew Bogut,Brandon Jennings,Carlos Delfino,Luc Richard Mbah a Moute,Luke Ridnour,Aaron Brooks,Carl Landry,Luis Scola,Shane Battier,Trevor Ariza,4,2:16,HOU,shot,,,,,,,,,,Luis Scola,,,,missed,,jump,20,13
Andrew Bogut,Brandon Jennings,Carlos Delfino,Luc Richard Mbah a Moute,Luke Ridnour,Aaron Brooks,Carl Landry,Luis Scola,Shane Battier,Trevor Ariza,4,2:15,MIL,rebound,,,,,,,,,,Andrew Bogut,,,,,,def,,
Andrew Bogut,Brandon Jennings,Carlos Delfino,Luc Richard Mbah a Moute,Luke Ridnour,Aaron Brooks,Carl Landry,Luis Scola,Shane Battier,Trevor Ariza,4,2:01,MIL,shot,,,,,,,,,,Brandon Jennings,,,,missed,,step back jump,33,26
Andrew Bogut,Brandon Jennings,Carlos Delfino,Luc Richard Mbah a Moute,Luke Ridnour,Aaron Brooks,Carl Landry,Luis Scola,Shane Battier,Trevor Ariza,4,1:59,HOU,rebound,,,,,,,,,,Luis Scola,,,,,,def,,
Andrew Bogut,Brandon Jennings,Carlos Delfino,Luc Richard Mbah a Moute,Luke Ridnour,Aaron Brooks,Carl Landry,Luis Scola,Shane Battier,Trevor Ariza,4,1:44,HOU,shot,,,Carlos Delfino,,,,,,,Aaron Brooks,,,,missed,,layup,25,6
Andrew Bogut,Brandon Jennings,Carlos Delfino,Luc Richard Mbah a Moute,Luke Ridnour,Aaron Brooks,Carl Landry,Luis Scola,Shane Battier,Trevor Ariza,4,1:41,MIL,rebound,,,,,,,,,,Carlos Delfino,,,,,,def,,
Andrew Bogut,Brandon Jennings,Carlos Delfino,Luc Richard Mbah a Moute,Luke Ridnour,Aaron Brooks,Carl Landry,Luis Scola,Shane Battier,Trevor Ariza,4,1:38,MIL,shot,Brandon Jennings,,,,,,,,,Luke Ridnour,2,,,made,,layup,25,6
Andrew Bogut,Brandon Jennings,Carlos Delfino,Luc Richard Mbah a Moute,Luke Ridnour,Aaron Brooks,Carl Landry,Luis Scola,Shane Battier,Trevor Ariza,4,1:23,HOU,shot,,,,,,,,,,Aaron Brooks,,,,missed,,3pt,6,23
Andrew Bogut,Brandon Jennings,Carlos Delfino,Luc Richard Mbah a Moute,Luke Ridnour,Aaron Brooks,Carl Landry,Luis Scola,Shane Battier,Trevor Ariza,4,1:22,MIL,rebound,,,,,,,,,,Carlos Delfino,,,,,,def,,
Andrew Bogut,Brandon Jennings,Carlos Delfino,Luc Richard Mbah a Moute,Luke Ridnour,Aaron Brooks,Carl Landry,Luis Scola,Shane Battier,Trevor Ariza,4,1:05,MIL,shot,,,,,,,,,,Andrew Bogut,,,,missed,,layup,25,6
Andrew Bogut,Brandon Jennings,Carlos Delfino,Luc Richard Mbah a Moute,Luke Ridnour,Aaron Brooks,Carl Landry,Luis Scola,Shane Battier,Trevor Ariza,4,1:04,HOU,rebound,,,,,,,,,,Luis Scola,,,,,,def,,
Andrew Bogut,Brandon Jennings,Carlos Delfino,Luc Richard Mbah a Moute,Luke Ridnour,Aaron Brooks,Carl Landry,Luis Scola,Shane Battier,Trevor Ariza,4,1:04,MIL,foul,,,,,,,,Luis Scola,,Luc Richard Mbah a Moute,,,,,,personal,,
Andrew Bogut,Brandon Jennings,Carlos Delfino,Luc Richard Mbah a Moute,Luke Ridnour,Aaron Brooks,Carl Landry,Luis Scola,Shane Battier,Trevor Ariza,4,1:04,HOU,free throw,,,,,,,1,,2,Luis Scola,,,foul,made,,,,
Andrew Bogut,Brandon Jennings,Carlos Delfino,Luc Richard Mbah a Moute,Luke Ridnour,Aaron Brooks,Carl Landry,Luis Scola,Shane Battier,Trevor Ariza,4,1:04,HOU,free throw,,,,,,,2,,2,Luis Scola,,,foul,made,,,,
Andrew Bogut,Brandon Jennings,Carlos Delfino,Luc Richard Mbah a Moute,Luke Ridnour,Aaron Brooks,Carl Landry,Luis Scola,Shane Battier,Trevor Ariza,4,0:39,MIL,turnover,,,,,,,,,,Carlos Delfino,,,bad pass,,Shane Battier,,,
Andrew Bogut,Brandon Jennings,Carlos Delfino,Luc Richard Mbah a Moute,Luke Ridnour,Aaron Brooks,Carl Landry,Luis Scola,Shane Battier,Trevor Ariza,4,0:18,HOU,foul,,,,,,,,Andrew Bogut,,Aaron Brooks,,,,,,offensive,,
Andrew Bogut,Brandon Jennings,Carlos Delfino,Luc Richard Mbah a Moute,Luke Ridnour,Aaron Brooks,Carl Landry,Luis Scola,Shane Battier,Trevor Ariza,4,0:18,HOU,turnover,,,,,,,,,,Aaron Brooks,,,foul,,,,,
Andrew Bogut,Brandon Jennings,Carlos Delfino,Luc Richard Mbah a Moute,Luke Ridnour,Aaron Brooks,Carl Landry,Luis Scola,Shane Battier,Trevor Ariza,4,0:18,MIL,timeout,,,,,,,,,,,,,,,,regular,,
Andrew Bogut,Brandon Jennings,Carlos Delfino,Charlie Bell,Luke Ridnour,Aaron Brooks,Carl Landry,Luis Scola,Shane Battier,Trevor Ariza,4,0:18,MIL,sub,,,,Charlie Bell,,Luc Richard Mbah a Moute,,,,,,,,,,,,
Andrew Bogut,Brandon Jennings,Carlos Delfino,Charlie Bell,Luke Ridnour,Aaron Brooks,Carl Landry,Kyle Lowry,Shane Battier,Trevor Ariza,4,0:18,HOU,sub,,,,Kyle Lowry,,Luis Scola,,,,,,,,,,,,
Andrew Bogut,Brandon Jennings,Carlos Delfino,Charlie Bell,Luke Ridnour,Aaron Brooks,Carl Landry,Kyle Lowry,Shane Battier,Trevor Ariza,4,0:00,MIL,shot,,,,,,,,,,Brandon Jennings,,,,missed,,3pt,40,30
Andrew Bogut,Brandon Jennings,Carlos Delfino,Charlie Bell,Luke Ridnour,Aaron Brooks,Carl Landry,Kyle Lowry,Shane Battier,Trevor Ariza,4,0:00,HOU,rebound,,,,,,,,,,Trevor Ariza,,,,,,def,,
Andrew Bogut,Brandon Jennings,Carlos Delfino,Luc Richard Mbah a Moute,Luke Ridnour,Aaron Brooks,Carl Landry,Luis Scola,Shane Battier,Trevor Ariza,5,5:00,OFF,jump ball,,Andrew Bogut,,,Carl Landry,,,,,,,Brandon Jennings,,,,,,
Andrew Bogut,Brandon Jennings,Carlos Delfino,Luc Richard Mbah a Moute,Luke Ridnour,Aaron Brooks,Carl Landry,Luis Scola,Shane Battier,Trevor Ariza,5,4:37,MIL,shot,,,,,,,,,,Carlos Delfino,,,,missed,,3pt,8,27
Andrew Bogut,Brandon Jennings,Carlos Delfino,Luc Richard Mbah a Moute,Luke Ridnour,Aaron Brooks,Carl Landry,Luis Scola,Shane Battier,Trevor Ariza,5,4:35,HOU,rebound,,,,,,,,,,Trevor Ariza,,,,,,def,,
Andrew Bogut,Brandon Jennings,Carlos Delfino,Luc Richard Mbah a Moute,Luke Ridnour,Aaron Brooks,Carl Landry,Luis Scola,Shane Battier,Trevor Ariza,5,4:17,HOU,shot,,,,,,,,,,Carl Landry,2,,,made,,pullup jump,15,13
Andrew Bogut,Brandon Jennings,Carlos Delfino,Luc Richard Mbah a Moute,Luke Ridnour,Aaron Brooks,Carl Landry,Luis Scola,Shane Battier,Trevor Ariza,5,4:03,MIL,shot,,,,,,,,,,Andrew Bogut,,,,missed,,hook,29,11
Andrew Bogut,Brandon Jennings,Carlos Delfino,Luc Richard Mbah a Moute,Luke Ridnour,Aaron Brooks,Carl Landry,Luis Scola,Shane Battier,Trevor Ariza,5,4:02,HOU,rebound,,,,,,,,,,Luis Scola,,,,,,def,,
Andrew Bogut,Brandon Jennings,Carlos Delfino,Luc Richard Mbah a Moute,Luke Ridnour,Aaron Brooks,Carl Landry,Luis Scola,Shane Battier,Trevor Ariza,5,3:45,HOU,shot,,,,,,,,,,Carl Landry,2,,,made,,driving layup,25,6
Andrew Bogut,Brandon Jennings,Carlos Delfino,Luc Richard Mbah a Moute,Luke Ridnour,Aaron Brooks,Carl Landry,Luis Scola,Shane Battier,Trevor Ariza,5,3:45,MIL,foul,,,,,,,,Carl Landry,,Luc Richard Mbah a Moute,,,,,,shooting,,
Andrew Bogut,Brandon Jennings,Carlos Delfino,Luc Richard Mbah a Moute,Luke Ridnour,Aaron Brooks,Carl Landry,Luis Scola,Shane Battier,Trevor Ariza,5,3:45,HOU,free throw,,,,,,,1,,1,Carl Landry,,,foul,made,,,,
Andrew Bogut,Brandon Jennings,Carlos Delfino,Luc Richard Mbah a Moute,Luke Ridnour,Aaron Brooks,Carl Landry,Luis Scola,Shane Battier,Trevor Ariza,5,3:37,HOU,foul,,,,,,,,Luke Ridnour,,Trevor Ariza,,,,,,personal,,
Andrew Bogut,Brandon Jennings,Carlos Delfino,Luc Richard Mbah a Moute,Luke Ridnour,Aaron Brooks,Carl Landry,Luis Scola,Shane Battier,Trevor Ariza,5,3:32,MIL,shot,,,Carl Landry,,,,,,,Brandon Jennings,,,,missed,,layup,25,6
Andrew Bogut,Brandon Jennings,Carlos Delfino,Luc Richard Mbah a Moute,Luke Ridnour,Aaron Brooks,Carl Landry,Luis Scola,Shane Battier,Trevor Ariza,5,3:31,HOU,rebound,,,,,,,,,,Aaron Brooks,,,,,,def,,
Andrew Bogut,Brandon Jennings,Carlos Delfino,Luc Richard Mbah a Moute,Luke Ridnour,Aaron Brooks,Carl Landry,Luis Scola,Shane Battier,Trevor Ariza,5,3:24,HOU,shot,Aaron Brooks,,,,,,,,,Luis Scola,2,,,made,,jump,30,24
Andrew Bogut,Brandon Jennings,Carlos Delfino,Luc Richard Mbah a Moute,Luke Ridnour,Aaron Brooks,Carl Landry,Luis Scola,Shane Battier,Trevor Ariza,5,3:22,MIL,timeout,,,,,,,,,,,,,,,,regular,,
Andrew Bogut,Brandon Jennings,Carlos Delfino,Luc Richard Mbah a Moute,Luke Ridnour,Aaron Brooks,Carl Landry,Luis Scola,Shane Battier,Trevor Ariza,5,3:07,MIL,shot,Luke Ridnour,,,,,,,,,Brandon Jennings,2,,,made,,jump,19,18
Andrew Bogut,Brandon Jennings,Carlos Delfino,Luc Richard Mbah a Moute,Luke Ridnour,Aaron Brooks,Carl Landry,Luis Scola,Shane Battier,Trevor Ariza,5,2:46,HOU,shot,,,,,,,,,,Luis Scola,2,,,made,,jump,24,15
Andrew Bogut,Brandon Jennings,Carlos Delfino,Luc Richard Mbah a Moute,Luke Ridnour,Aaron Brooks,Carl Landry,Luis Scola,Shane Battier,Trevor Ariza,5,2:38,HOU,violation,,,,,,,,,,Shane Battier,,,,,,kicked ball,,
Andrew Bogut,Brandon Jennings,Carlos Delfino,Luc Richard Mbah a Moute,Luke Ridnour,Aaron Brooks,Carl Landry,Luis Scola,Shane Battier,Trevor Ariza,5,2:30,MIL,shot,,,,,,,,,,Luke Ridnour,,,,missed,,running jump,30,17
Andrew Bogut,Brandon Jennings,Carlos Delfino,Luc Richard Mbah a Moute,Luke Ridnour,Aaron Brooks,Carl Landry,Luis Scola,Shane Battier,Trevor Ariza,5,2:28,MIL,rebound,,,,,,,,,,Andrew Bogut,,,,,,off,,
Andrew Bogut,Brandon Jennings,Carlos Delfino,Luc Richard Mbah a Moute,Luke Ridnour,Aaron Brooks,Carl Landry,Luis Scola,Shane Battier,Trevor Ariza,5,2:28,MIL,shot,,,,,,,,,,Andrew Bogut,,,,missed,,tip,25,6
Andrew Bogut,Brandon Jennings,Carlos Delfino,Luc Richard Mbah a Moute,Luke Ridnour,Aaron Brooks,Carl Landry,Luis Scola,Shane Battier,Trevor Ariza,5,2:26,HOU,rebound,,,,,,,,,,Shane Battier,,,,,,def,,
Andrew Bogut,Brandon Jennings,Carlos Delfino,Luc Richard Mbah a Moute,Luke Ridnour,Aaron Brooks,Carl Landry,Luis Scola,Shane Battier,Trevor Ariza,5,2:07,HOU,shot,,,Carlos Delfino,,,,,,,Carl Landry,,,,missed,,reverse layup,25,6
Andrew Bogut,Brandon Jennings,Carlos Delfino,Luc Richard Mbah a Moute,Luke Ridnour,Aaron Brooks,Carl Landry,Luis Scola,Shane Battier,Trevor Ariza,5,2:07,HOU,rebound,,,,,,,,,,,,,,,,,,
Andrew Bogut,Brandon Jennings,Carlos Delfino,Luc Richard Mbah a Moute,Luke Ridnour,Aaron Brooks,Carl Landry,Luis Scola,Shane Battier,Trevor Ariza,5,2:03,HOU,shot,,,,,,,,,,Aaron Brooks,,,,missed,,floating jump,33,20
Andrew Bogut,Brandon Jennings,Carlos Delfino,Luc Richard Mbah a Moute,Luke Ridnour,Aaron Brooks,Carl Landry,Luis Scola,Shane Battier,Trevor Ariza,5,2:01,MIL,rebound,,,,,,,,,,Carlos Delfino,,,,,,def,,
Andrew Bogut,Brandon Jennings,Carlos Delfino,Luc Richard Mbah a Moute,Luke Ridnour,Aaron Brooks,Carl Landry,Luis Scola,Shane Battier,Trevor Ariza,5,1:47,MIL,shot,Brandon Jennings,,,,,,,,,Carlos Delfino,3,,,made,,3pt,3,21
Andrew Bogut,Brandon Jennings,Carlos Delfino,Luc Richard Mbah a Moute,Luke Ridnour,Aaron Brooks,Carl Landry,Luis Scola,Shane Battier,Trevor Ariza,5,1:28,HOU,shot,,,Andrew Bogut,,,,,,,Carl Landry,,,,missed,,layup,25,6
Andrew Bogut,Brandon Jennings,Carlos Delfino,Luc Richard Mbah a Moute,Luke Ridnour,Aaron Brooks,Carl Landry,Luis Scola,Shane Battier,Trevor Ariza,5,1:26,HOU,rebound,,,,,,,,,,Luis Scola,,,,,,off,,
Andrew Bogut,Brandon Jennings,Carlos Delfino,Luc Richard Mbah a Moute,Luke Ridnour,Aaron Brooks,Carl Landry,Luis Scola,Shane Battier,Trevor Ariza,5,1:23,HOU,shot,,,,,,,,,,Trevor Ariza,,,,missed,,3pt,25,31
Andrew Bogut,Brandon Jennings,Carlos Delfino,Luc Richard Mbah a Moute,Luke Ridnour,Aaron Brooks,Carl Landry,Luis Scola,Shane Battier,Trevor Ariza,5,1:23,HOU,rebound,,,,,,,,,,,,,,,,,,
Andrew Bogut,Brandon Jennings,Carlos Delfino,Luc Richard Mbah a Moute,Luke Ridnour,Aaron Brooks,Carl Landry,Luis Scola,Shane Battier,Trevor Ariza,5,1:23,HOU,turnover,,,,,,,,,,,,,shot clock turnover,,,,,
Andrew Bogut,Brandon Jennings,Carlos Delfino,Luc Richard Mbah a Moute,Luke Ridnour,Aaron Brooks,Carl Landry,Luis Scola,Shane Battier,Trevor Ariza,5,1:15,MIL,turnover,,,,,,,,,,Luke Ridnour,,,bad pass,,,,,
Andrew Bogut,Brandon Jennings,Carlos Delfino,Luc Richard Mbah a Moute,Luke Ridnour,Aaron Brooks,Carl Landry,Luis Scola,Shane Battier,Trevor Ariza,5,1:15,HOU,timeout,,,,,,,,,,,,,,,,regular,,
Andrew Bogut,Brandon Jennings,Carlos Delfino,Luc Richard Mbah a Moute,Luke Ridnour,Aaron Brooks,Carl Landry,Luis Scola,Shane Battier,Trevor Ariza,5,0:51,HOU,shot,,,,,,,,,,Shane Battier,,,,missed,,3pt,9,28
Andrew Bogut,Brandon Jennings,Carlos Delfino,Luc Richard Mbah a Moute,Luke Ridnour,Aaron Brooks,Carl Landry,Luis Scola,Shane Battier,Trevor Ariza,5,0:51,HOU,rebound,,,,,,,,,,Carl Landry,,,,,,off,,
Andrew Bogut,Brandon Jennings,Carlos Delfino,Luc Richard Mbah a Moute,Luke Ridnour,Aaron Brooks,Carl Landry,Luis Scola,Shane Battier,Trevor Ariza,5,0:51,HOU,turnover,,,,,,,,,,,,,shot clock turnover,,,,,
Andrew Bogut,Brandon Jennings,Carlos Delfino,Luc Richard Mbah a Moute,Luke Ridnour,Aaron Brooks,Carl Landry,Luis Scola,Shane Battier,Trevor Ariza,5,0:34,MIL,shot,,,,,,,,,,Brandon Jennings,,,,missed,,layup,25,6
Andrew Bogut,Brandon Jennings,Carlos Delfino,Luc Richard Mbah a Moute,Luke Ridnour,Aaron Brooks,Carl Landry,Luis Scola,Shane Battier,Trevor Ariza,5,0:33,MIL,rebound,,,,,,,,,,Andrew Bogut,,,,,,off,,
Andrew Bogut,Brandon Jennings,Carlos Delfino,Luc Richard Mbah a Moute,Luke Ridnour,Aaron Brooks,Carl Landry,Luis Scola,Shane Battier,Trevor Ariza,5,0:33,MIL,shot,,,,,,,,,,Andrew Bogut,2,,,made,,tip,25,6
Andrew Bogut,Brandon Jennings,Carlos Delfino,Luc Richard Mbah a Moute,Luke Ridnour,Aaron Brooks,Carl Landry,Luis Scola,Shane Battier,Trevor Ariza,5,0:12,MIL,foul,,,,,,,,Trevor Ariza,,Andrew Bogut,,,,,,personal,,
Brandon Jennings,Carlos Delfino,Charlie Bell,Luc Richard Mbah a Moute,Luke Ridnour,Aaron Brooks,Carl Landry,Luis Scola,Shane Battier,Trevor Ariza,5,0:12,MIL,sub,,,,Charlie Bell,,Andrew Bogut,,,,,,,,,,,,
Brandon Jennings,Carlos Delfino,Charlie Bell,Luc Richard Mbah a Moute,Luke Ridnour,Aaron Brooks,Carl Landry,Kyle Lowry,Shane Battier,Trevor Ariza,5,0:12,HOU,sub,,,,Kyle Lowry,,Luis Scola,,,,,,,,,,,,
Brandon Jennings,Carlos Delfino,Charlie Bell,Luc Richard Mbah a Moute,Luke Ridnour,Aaron Brooks,Carl Landry,Kyle Lowry,Shane Battier,Trevor Ariza,5,0:09,MIL,foul,,,,,,,,Aaron Brooks,,Luc Richard Mbah a Moute,,,,,,personal,,
Brandon Jennings,Carlos Delfino,Charlie Bell,Luc Richard Mbah a Moute,Luke Ridnour,Aaron Brooks,Carl Landry,Kyle Lowry,Shane Battier,Trevor Ariza,5,0:09,HOU,free throw,,,,,,,1,,2,Aaron Brooks,,,foul,made,,,,
Carlos Delfino,Charlie Bell,Hakim Warrick,Luc Richard Mbah a Moute,Luke Ridnour,Aaron Brooks,Carl Landry,Kyle Lowry,Shane Battier,Trevor Ariza,5,0:09,MIL,sub,,,,Hakim Warrick,,Brandon Jennings,,,,,,,,,,,,
Carlos Delfino,Charlie Bell,Hakim Warrick,Luc Richard Mbah a Moute,Luke Ridnour,Aaron Brooks,Carl Landry,Kyle Lowry,Shane Battier,Trevor Ariza,5,0:09,HOU,free throw,,,,,,,2,,2,Aaron Brooks,,,foul,missed,,,,
Carlos Delfino,Charlie Bell,Hakim Warrick,Luc Richard Mbah a Moute,Luke Ridnour,Aaron Brooks,Carl Landry,Kyle Lowry,Shane Battier,Trevor Ariza,5,0:09,MIL,rebound,,,,,,,,,,Carlos Delfino,,,,,,def,,
Carlos Delfino,Charlie Bell,Hakim Warrick,Luc Richard Mbah a Moute,Luke Ridnour,Aaron Brooks,Carl Landry,Kyle Lowry,Shane Battier,Trevor Ariza,5,0:08,MIL,timeout,,,,,,,,,,,,,,,,regular,,
Brandon Jennings,Carlos Delfino,Charlie Bell,Hakim Warrick,Luke Ridnour,Aaron Brooks,Carl Landry,Kyle Lowry,Shane Battier,Trevor Ariza,5,0:08,MIL,sub,,,,Brandon Jennings,,Luc Richard Mbah a Moute,,,,,,,,,,,,
Brandon Jennings,Carlos Delfino,Charlie Bell,Hakim Warrick,Luke Ridnour,Aaron Brooks,Carl Landry,Kyle Lowry,Shane Battier,Trevor Ariza,5,0:08,HOU,foul,,,,,,,,Brandon Jennings,,Aaron Brooks,,,,,,personal,,
Brandon Jennings,Carlos Delfino,Charlie Bell,Hakim Warrick,Luke Ridnour,Aaron Brooks,Carl Landry,Kyle Lowry,Shane Battier,Trevor Ariza,5,0:01,MIL,shot,,,,,,,,,,Luke Ridnour,,,,missed,,3pt,1,6
Brandon Jennings,Carlos Delfino,Charlie Bell,Hakim Warrick,Luke Ridnour,Aaron Brooks,Carl Landry,Kyle Lowry,Shane Battier,Trevor Ariza,5,0:00,HOU,rebound,,,,,,,,,,Shane Battier,,,,,,def,,
