a1,a2,a3,a4,a5,h1,h2,h3,h4,h5,period,time,team,etype,assist,away,block,entered,home,left,num,opponent,outof,player,points,possession,reason,result,steal,type,x,y
Amare Stoudemire,Grant Hill,Jason Richardson,Robin Lopez,Steve Nash,Antonio McDyess,George Hill,Keith Bogans,Tim Duncan,Tony Parker,1,12:00,OFF,jump ball,,Robin Lopez,,,Tim Duncan,,,,,,,Tim Duncan,,,,,,
Amare Stoudemire,Grant Hill,Jason Richardson,Robin Lopez,Steve Nash,Antonio McDyess,George Hill,Keith Bogans,Tim Duncan,Tony Parker,1,11:38,SAS,shot,,,,,,,,,,Tim Duncan,2,,,made,,running hook,26,10
Amare Stoudemire,Grant Hill,Jason Richardson,Robin Lopez,Steve Nash,Antonio McDyess,George Hill,Keith Bogans,Tim Duncan,Tony Parker,1,11:18,PHX,turnover,,,,,,,,,,Amare Stoudemire,,,traveling,,,,,
Amare Stoudemire,Grant Hill,Jason Richardson,Robin Lopez,Steve Nash,Antonio McDyess,George Hill,Keith Bogans,Tim Duncan,Tony Parker,1,11:06,SAS,shot,Tim Duncan,,,,,,,,,Tony Parker,2,,,made,,pullup jump,34,23
Amare Stoudemire,Grant Hill,Jason Richardson,Robin Lopez,Steve Nash,Antonio McDyess,George Hill,Keith Bogans,Tim Duncan,Tony Parker,1,10:54,PHX,shot,,,,,,,,,,Jason Richardson,2,,,made,,turnaround bank,32,10
Amare Stoudemire,Grant Hill,Jason Richardson,Robin Lopez,Steve Nash,Antonio McDyess,George Hill,Keith Bogans,Tim Duncan,Tony Parker,1,10:40,SAS,shot,,,,,,,,,,Keith Bogans,,,,missed,,3pt,39,26
Amare Stoudemire,Grant Hill,Jason Richardson,Robin Lopez,Steve Nash,Antonio McDyess,George Hill,Keith Bogans,Tim Duncan,Tony Parker,1,10:37,PHX,rebound,,,,,,,,,,Steve Nash,,,,,,def,,
Amare Stoudemire,Grant Hill,Jason Richardson,Robin Lopez,Steve Nash,Antonio McDyess,George Hill,Keith Bogans,Tim Duncan,Tony Parker,1,10:33,PHX,shot,,,,,,,,,,Grant Hill,,,,missed,,jump,39,12
Amare Stoudemire,Grant Hill,Jason Richardson,Robin Lopez,Steve Nash,Antonio McDyess,George Hill,Keith Bogans,Tim Duncan,Tony Parker,1,10:31,SAS,rebound,,,,,,,,,,Tony Parker,,,,,,def,,
Amare Stoudemire,Grant Hill,Jason Richardson,Robin Lopez,Steve Nash,Antonio McDyess,George Hill,Keith Bogans,Tim Duncan,Tony Parker,1,10:28,SAS,shot,Tony Parker,,,,,,,,,George Hill,2,,,made,,layup,25,5
Amare Stoudemire,Grant Hill,Jason Richardson,Robin Lopez,Steve Nash,Antonio McDyess,George Hill,Keith Bogans,Tim Duncan,Tony Parker,1,10:13,PHX,shot,,,,,,,,,,Amare Stoudemire,,,,missed,,jump,12,19
Amare Stoudemire,Grant Hill,Jason Richardson,Robin Lopez,Steve Nash,Antonio McDyess,George Hill,Keith Bogans,Tim Duncan,Tony Parker,1,10:11,PHX,rebound,,,,,,,,,,Robin Lopez,,,,,,off,,
Amare Stoudemire,Grant Hill,Jason Richardson,Robin Lopez,Steve Nash,Antonio McDyess,George Hill,Keith Bogans,Tim Duncan,Tony Parker,1,10:09,PHX,shot,,,,,,,,,,Robin Lopez,,,,missed,,jump hook,19,6
Amare Stoudemire,Grant Hill,Jason Richardson,Robin Lopez,Steve Nash,Antonio McDyess,George Hill,Keith Bogans,Tim Duncan,Tony Parker,1,10:08,SAS,rebound,,,,,,,,,,Tim Duncan,,,,,,def,,
Amare Stoudemire,Grant Hill,Jason Richardson,Robin Lopez,Steve Nash,Antonio McDyess,George Hill,Keith Bogans,Tim Duncan,Tony Parker,1,10:00,SAS,shot,,,Robin Lopez,,,,,,,Tony Parker,,,,missed,,layup,25,7
Amare Stoudemire,Grant Hill,Jason Richardson,Robin Lopez,Steve Nash,Antonio McDyess,George Hill,Keith Bogans,Tim Duncan,Tony Parker,1,9:58,PHX,rebound,,,,,,,,,,Jason Richardson,,,,,,def,,
Amare Stoudemire,Grant Hill,Jason Richardson,Robin Lopez,Steve Nash,Antonio McDyess,George Hill,Keith Bogans,Tim Duncan,Tony Parker,1,9:44,SAS,foul,,,,,,,,Jason Richardson,,Tim Duncan,,,,,,personal,,
Amare Stoudemire,Grant Hill,Jason Richardson,Robin Lopez,Steve Nash,Antonio McDyess,George Hill,Keith Bogans,Tim Duncan,Tony Parker,1,9:32,PHX,turnover,,,,,,,,,,Steve Nash,,,bad pass,,George Hill,,,
Amare Stoudemire,Grant Hill,Jason Richardson,Robin Lopez,Steve Nash,Antonio McDyess,George Hill,Keith Bogans,Tim Duncan,Tony Parker,1,9:28,SAS,shot,,,,,,,,,,George Hill,,,,missed,,jump,42,10
Amare Stoudemire,Grant Hill,Jason Richardson,Robin Lopez,Steve Nash,Antonio McDyess,George Hill,Keith Bogans,Tim Duncan,Tony Parker,1,9:27,PHX,rebound,,,,,,,,,,Robin Lopez,,,,,,def,,
Amare Stoudemire,Grant Hill,Jason Richardson,Robin Lopez,Steve Nash,Antonio McDyess,George Hill,Keith Bogans,Tim Duncan,Tony Parker,1,9:19,PHX,shot,,,,,,,,,,Robin Lopez,,,,missed,,jump bank,32,6
Amare Stoudemire,Grant Hill,Jason Richardson,Robin Lopez,Steve Nash,Antonio McDyess,George Hill,Keith Bogans,Tim Duncan,Tony Parker,1,9:19,PHX,rebound,,,,,,,,,,,,,,,,,,
Amare Stoudemire,Grant Hill,Jason Richardson,Robin Lopez,Steve Nash,Antonio McDyess,George Hill,Keith Bogans,Tim Duncan,Tony Parker,1,9:12,PHX,shot,,,,,,,,,,Amare Stoudemire,,,,missed,,hook,25,12
Amare Stoudemire,Grant Hill,Jason Richardson,Robin Lopez,Steve Nash,Antonio McDyess,George Hill,Keith Bogans,Tim Duncan,Tony Parker,1,9:11,PHX,rebound,,,,,,,,,,Robin Lopez,,,,,,off,,
Amare Stoudemire,Grant Hill,Jason Richardson,Robin Lopez,Steve Nash,Antonio McDyess,George Hill,Keith Bogans,Tim Duncan,Tony Parker,1,9:08,PHX,shot,,,,,,,,,,Robin Lopez,2,,,made,,layup,25,6
Amare Stoudemire,Grant Hill,Jason Richardson,Robin Lopez,Steve Nash,Antonio McDyess,George Hill,Keith Bogans,Tim Duncan,Tony Parker,1,8:50,SAS,shot,,,,,,,,,,Keith Bogans,,,,missed,,3pt,16,29
Amare Stoudemire,Grant Hill,Jason Richardson,Robin Lopez,Steve Nash,Antonio McDyess,George Hill,Keith Bogans,Tim Duncan,Tony Parker,1,8:49,PHX,rebound,,,,,,,,,,Robin Lopez,,,,,,def,,
Amare Stoudemire,Grant Hill,Jason Richardson,Robin Lopez,Steve Nash,Antonio McDyess,George Hill,Keith Bogans,Tim Duncan,Tony Parker,1,8:44,PHX,shot,,,,,,,,,,Steve Nash,3,,,made,,3pt,25,31
Amare Stoudemire,Grant Hill,Jason Richardson,Robin Lopez,Steve Nash,Antonio McDyess,George Hill,Keith Bogans,Tim Duncan,Tony Parker,1,8:24,SAS,turnover,,,,,,,,,,Antonio McDyess,,,3 second violation,,,,,
Amare Stoudemire,Grant Hill,Jason Richardson,Robin Lopez,Steve Nash,Antonio McDyess,George Hill,Keith Bogans,Tim Duncan,Tony Parker,1,8:17,SAS,violation,,,,,,,,,,George Hill,,,,,,kicked ball,,
Amare Stoudemire,Grant Hill,Jason Richardson,Robin Lopez,Steve Nash,Antonio McDyess,George Hill,Keith Bogans,Tim Duncan,Tony Parker,1,8:09,PHX,shot,,,,,,,,,,Amare Stoudemire,,,,missed,,jump,37,21
Amare Stoudemire,Grant Hill,Jason Richardson,Robin Lopez,Steve Nash,Antonio McDyess,George Hill,Keith Bogans,Tim Duncan,Tony Parker,1,8:07,SAS,rebound,,,,,,,,,,Tim Duncan,,,,,,def,,
Amare Stoudemire,Grant Hill,Jason Richardson,Robin Lopez,Steve Nash,Antonio McDyess,George Hill,Keith Bogans,Tim Duncan,Tony Parker,1,8:03,SAS,shot,Tim Duncan,,,,,,,,,Antonio McDyess,2,,,made,,dunk,25,6
Amare Stoudemire,Grant Hill,Jason Richardson,Robin Lopez,Steve Nash,Antonio McDyess,George Hill,Keith Bogans,Tim Duncan,Tony Parker,1,7:50,PHX,shot,,,,,,,,,,Robin Lopez,,,,missed,,jump,27,21
Amare Stoudemire,Grant Hill,Jason Richardson,Robin Lopez,Steve Nash,Antonio McDyess,George Hill,Keith Bogans,Tim Duncan,Tony Parker,1,7:49,SAS,rebound,,,,,,,,,,Antonio McDyess,,,,,,def,,
Amare Stoudemire,Grant Hill,Jason Richardson,Robin Lopez,Steve Nash,Antonio McDyess,George Hill,Keith Bogans,Tim Duncan,Tony Parker,1,7:42,SAS,turnover,,,,,,,,,,Tim Duncan,,,lost ball,,Grant Hill,,,
Amare Stoudemire,Grant Hill,Jason Richardson,Robin Lopez,Steve Nash,Antonio McDyess,George Hill,Keith Bogans,Tim Duncan,Tony Parker,1,7:35,PHX,turnover,,,,,,,,,,Steve Nash,,,bad pass,,Tim Duncan,,,
Amare Stoudemire,Grant Hill,Jason Richardson,Robin Lopez,Steve Nash,Antonio McDyess,George Hill,Keith Bogans,Tim Duncan,Tony Parker,1,7:21,SAS,shot,,,,,,,,,,Tony Parker,2,,,made,,jump,34,23
Amare Stoudemire,Grant Hill,Jason Richardson,Robin Lopez,Steve Nash,Antonio McDyess,George Hill,Keith Bogans,Tim Duncan,Tony Parker,1,7:09,PHX,shot,,,,,,,,,,Grant Hill,,,,missed,,jump,27,14
Amare Stoudemire,Grant Hill,Jason Richardson,Robin Lopez,Steve Nash,Antonio McDyess,George Hill,Keith Bogans,Tim Duncan,Tony Parker,1,7:08,SAS,rebound,,,,,,,,,,Tim Duncan,,,,,,def,,
Amare Stoudemire,Grant Hill,Jason Richardson,Robin Lopez,Steve Nash,Antonio McDyess,George Hill,Keith Bogans,Tim Duncan,Tony Parker,1,6:54,SAS,shot,,,Robin Lopez,,,,,,,Tim Duncan,,,,missed,,layup,26,7
Amare Stoudemire,Grant Hill,Jason Richardson,Robin Lopez,Steve Nash,Antonio McDyess,George Hill,Keith Bogans,Tim Duncan,Tony Parker,1,6:53,SAS,rebound,,,,,,,,,,Tim Duncan,,,,,,off,,
Amare Stoudemire,Grant Hill,Jason Richardson,Robin Lopez,Steve Nash,Antonio McDyess,George Hill,Keith Bogans,Tim Duncan,Tony Parker,1,6:50,SAS,shot,,,,,,,,,,George Hill,,,,missed,,3pt,2,6
Amare Stoudemire,Grant Hill,Jason Richardson,Robin Lopez,Steve Nash,Antonio McDyess,George Hill,Keith Bogans,Tim Duncan,Tony Parker,1,6:49,PHX,rebound,,,,,,,,,,Grant Hill,,,,,,def,,
Amare Stoudemire,Grant Hill,Jason Richardson,Robin Lopez,Steve Nash,Antonio McDyess,George Hill,Keith Bogans,Tim Duncan,Tony Parker,1,6:44,PHX,shot,,,,,,,,,,Grant Hill,,,,missed,,layup,26,6
Amare Stoudemire,Grant Hill,Jason Richardson,Robin Lopez,Steve Nash,Antonio McDyess,George Hill,Keith Bogans,Tim Duncan,Tony Parker,1,6:43,SAS,rebound,,,,,,,,,,Tony Parker,,,,,,def,,
Amare Stoudemire,Grant Hill,Jason Richardson,Robin Lopez,Steve Nash,Antonio McDyess,George Hill,Keith Bogans,Tim Duncan,Tony Parker,1,6:38,SAS,timeout,,,,,,,,,,,,,,,,regular,,
Amare Stoudemire,Grant Hill,Jason Richardson,Robin Lopez,Steve Nash,Antonio McDyess,George Hill,Keith Bogans,Manu Ginobili,Tim Duncan,1,6:38,SAS,sub,,,,Manu Ginobili,,Tony Parker,,,,,,,,,,,,
Amare Stoudemire,Grant Hill,Jason Richardson,Robin Lopez,Steve Nash,Antonio McDyess,George Hill,Keith Bogans,Manu Ginobili,Tim Duncan,1,6:28,SAS,shot,,,Robin Lopez,,,,,,,Keith Bogans,,,,missed,,jump,18,9
Amare Stoudemire,Grant Hill,Jason Richardson,Robin Lopez,Steve Nash,Antonio McDyess,George Hill,Keith Bogans,Manu Ginobili,Tim Duncan,1,6:25,PHX,rebound,,,,,,,,,,Robin Lopez,,,,,,def,,
Amare Stoudemire,Grant Hill,Jason Richardson,Robin Lopez,Steve Nash,Antonio McDyess,George Hill,Keith Bogans,Manu Ginobili,Tim Duncan,1,6:24,SAS,foul,,,,,,,,Jason Richardson,,Manu Ginobili,,,,,,personal,,
Amare Stoudemire,Grant Hill,Jason Richardson,Robin Lopez,Steve Nash,Antonio McDyess,George Hill,Manu Ginobili,Richard Jefferson,Tim Duncan,1,6:24,SAS,sub,,,,Richard Jefferson,,Keith Bogans,,,,,,,,,,,,
Amare Stoudemire,Grant Hill,Jason Richardson,Robin Lopez,Steve Nash,Antonio McDyess,George Hill,Manu Ginobili,Richard Jefferson,Tim Duncan,1,6:09,PHX,shot,Steve Nash,,,,,,,,,Jason Richardson,2,,,made,,jump,20,22
Amare Stoudemire,Grant Hill,Jason Richardson,Robin Lopez,Steve Nash,Antonio McDyess,George Hill,Manu Ginobili,Richard Jefferson,Tim Duncan,1,5:50,SAS,shot,,,,,,,,,,Tim Duncan,,,,missed,,jump bank,39,12
Amare Stoudemire,Grant Hill,Jason Richardson,Robin Lopez,Steve Nash,Antonio McDyess,George Hill,Manu Ginobili,Richard Jefferson,Tim Duncan,1,5:48,PHX,rebound,,,,,,,,,,Grant Hill,,,,,,def,,
Amare Stoudemire,Grant Hill,Jason Richardson,Robin Lopez,Steve Nash,Antonio McDyess,George Hill,Manu Ginobili,Richard Jefferson,Tim Duncan,1,5:39,PHX,shot,Steve Nash,,,,,,,,,Amare Stoudemire,2,,,made,,layup,24,5
Amare Stoudemire,Grant Hill,Jason Richardson,Robin Lopez,Steve Nash,Antonio McDyess,George Hill,Manu Ginobili,Richard Jefferson,Tim Duncan,1,5:21,SAS,shot,,,,,,,,,,Tim Duncan,2,,,made,,jump bank,40,13
Amare Stoudemire,Grant Hill,Jason Richardson,Robin Lopez,Steve Nash,Antonio McDyess,George Hill,Manu Ginobili,Richard Jefferson,Tim Duncan,1,5:09,PHX,shot,,,,,,,,,,Steve Nash,,,,missed,,running jump,14,6
Amare Stoudemire,Grant Hill,Jason Richardson,Robin Lopez,Steve Nash,Antonio McDyess,George Hill,Manu Ginobili,Richard Jefferson,Tim Duncan,1,5:06,SAS,rebound,,,,,,,,,,Antonio McDyess,,,,,,def,,
Amare Stoudemire,Grant Hill,Jason Richardson,Robin Lopez,Steve Nash,Antonio McDyess,George Hill,Manu Ginobili,Richard Jefferson,Tim Duncan,1,4:50,SAS,shot,,,,,,,,,,Tim Duncan,,,,missed,,turnaround jump,28,12
Amare Stoudemire,Grant Hill,Jason Richardson,Robin Lopez,Steve Nash,Antonio McDyess,George Hill,Manu Ginobili,Richard Jefferson,Tim Duncan,1,4:48,PHX,rebound,,,,,,,,,,Robin Lopez,,,,,,def,,
Amare Stoudemire,Grant Hill,Jason Richardson,Robin Lopez,Steve Nash,Antonio McDyess,George Hill,Manu Ginobili,Richard Jefferson,Tim Duncan,1,4:40,PHX,shot,,,,,,,,,,Robin Lopez,,,,missed,,jump,28,12
Amare Stoudemire,Grant Hill,Jason Richardson,Robin Lopez,Steve Nash,Antonio McDyess,George Hill,Manu Ginobili,Richard Jefferson,Tim Duncan,1,4:38,SAS,rebound,,,,,,,,,,Richard Jefferson,,,,,,def,,
Amare Stoudemire,Grant Hill,Jason Richardson,Robin Lopez,Steve Nash,Antonio McDyess,George Hill,Manu Ginobili,Richard Jefferson,Tim Duncan,1,4:29,SAS,shot,Richard Jefferson,,,,,,,,,Antonio McDyess,2,,,made,,jump,20,21
Amare Stoudemire,Grant Hill,Jason Richardson,Robin Lopez,Steve Nash,Antonio McDyess,George Hill,Manu Ginobili,Richard Jefferson,Tim Duncan,1,4:19,PHX,shot,Steve Nash,,,,,,,,,Grant Hill,2,,,made,,layup,25,6
Amare Stoudemire,Grant Hill,Jason Richardson,Robin Lopez,Steve Nash,Antonio McDyess,George Hill,Manu Ginobili,Richard Jefferson,Tim Duncan,1,3:59,SAS,shot,Antonio McDyess,,,,,,,,,Manu Ginobili,2,,,made,,fade away jumper,13,10
Amare Stoudemire,Grant Hill,Jason Richardson,Robin Lopez,Steve Nash,Antonio McDyess,George Hill,Manu Ginobili,Richard Jefferson,Tim Duncan,1,3:47,PHX,shot,,,,,,,,,,Jason Richardson,,,,missed,,3pt,4,19
Amare Stoudemire,Grant Hill,Jason Richardson,Robin Lopez,Steve Nash,Antonio McDyess,George Hill,Manu Ginobili,Richard Jefferson,Tim Duncan,1,3:46,SAS,rebound,,,,,,,,,,Antonio McDyess,,,,,,def,,
Amare Stoudemire,Grant Hill,Jason Richardson,Robin Lopez,Steve Nash,Antonio McDyess,George Hill,Manu Ginobili,Richard Jefferson,Tim Duncan,1,3:36,SAS,shot,,,,,,,,,,Antonio McDyess,,,,missed,,jump,23,22
Amare Stoudemire,Grant Hill,Jason Richardson,Robin Lopez,Steve Nash,Antonio McDyess,George Hill,Manu Ginobili,Richard Jefferson,Tim Duncan,1,3:35,PHX,rebound,,,,,,,,,,Steve Nash,,,,,,def,,
Amare Stoudemire,Grant Hill,Jason Richardson,Robin Lopez,Steve Nash,Antonio McDyess,George Hill,Manu Ginobili,Richard Jefferson,Tim Duncan,1,3:22,PHX,timeout,,,,,,,,,,,,,,,,regular,,
Amare Stoudemire,Jared Dudley,Jason Richardson,Robin Lopez,Steve Nash,Antonio McDyess,George Hill,Manu Ginobili,Richard Jefferson,Tim Duncan,1,3:22,PHX,sub,,,,Jared Dudley,,Grant Hill,,,,,,,,,,,,
Amare Stoudemire,Channing Frye,Jared Dudley,Jason Richardson,Steve Nash,Antonio McDyess,George Hill,Manu Ginobili,Richard Jefferson,Tim Duncan,1,3:22,PHX,sub,,,,Channing Frye,,Robin Lopez,,,,,,,,,,,,
Amare Stoudemire,Channing Frye,Jared Dudley,Jason Richardson,Steve Nash,DeJuan Blair,George Hill,Manu Ginobili,Richard Jefferson,Tim Duncan,1,3:22,SAS,sub,,,,DeJuan Blair,,Antonio McDyess,,,,,,,,,,,,
Amare Stoudemire,Channing Frye,Jared Dudley,Jason Richardson,Steve Nash,DeJuan Blair,George Hill,Manu Ginobili,Richard Jefferson,Tim Duncan,1,3:11,PHX,shot,,,,,,,,,,Channing Frye,,,,missed,,turnaround jump,9,16
Amare Stoudemire,Channing Frye,Jared Dudley,Jason Richardson,Steve Nash,DeJuan Blair,George Hill,Manu Ginobili,Richard Jefferson,Tim Duncan,1,3:08,SAS,rebound,,,,,,,,,,DeJuan Blair,,,,,,def,,
Amare Stoudemire,Channing Frye,Jared Dudley,Jason Richardson,Steve Nash,DeJuan Blair,George Hill,Manu Ginobili,Richard Jefferson,Tim Duncan,1,3:01,SAS,turnover,,,,,,,,,,Manu Ginobili,,,bad pass,,Jason Richardson,,,
Amare Stoudemire,Channing Frye,Jared Dudley,Jason Richardson,Steve Nash,DeJuan Blair,George Hill,Manu Ginobili,Richard Jefferson,Tim Duncan,1,2:57,PHX,turnover,,,,,,,,,,Jared Dudley,,,bad pass,,Manu Ginobili,,,
Amare Stoudemire,Channing Frye,Jared Dudley,Jason Richardson,Steve Nash,DeJuan Blair,George Hill,Manu Ginobili,Richard Jefferson,Tim Duncan,1,2:54,SAS,shot,,,,,,,,,,DeJuan Blair,,,,missed,,jump,20,12
Amare Stoudemire,Channing Frye,Jared Dudley,Jason Richardson,Steve Nash,DeJuan Blair,George Hill,Manu Ginobili,Richard Jefferson,Tim Duncan,1,2:53,SAS,rebound,,,,,,,,,,DeJuan Blair,,,,,,off,,
Amare Stoudemire,Channing Frye,Jared Dudley,Jason Richardson,Steve Nash,DeJuan Blair,George Hill,Manu Ginobili,Richard Jefferson,Tim Duncan,1,2:52,SAS,shot,,,,,,,,,,DeJuan Blair,,,,missed,,layup,25,5
Amare Stoudemire,Channing Frye,Jared Dudley,Jason Richardson,Steve Nash,DeJuan Blair,George Hill,Manu Ginobili,Richard Jefferson,Tim Duncan,1,2:51,SAS,rebound,,,,,,,,,,Tim Duncan,,,,,,off,,
Amare Stoudemire,Channing Frye,Jared Dudley,Jason Richardson,Steve Nash,DeJuan Blair,George Hill,Manu Ginobili,Richard Jefferson,Tim Duncan,1,2:49,SAS,shot,,,Channing Frye,,,,,,,Tim Duncan,,,,missed,,layup,25,6
Amare Stoudemire,Channing Frye,Jared Dudley,Jason Richardson,Steve Nash,DeJuan Blair,George Hill,Manu Ginobili,Richard Jefferson,Tim Duncan,1,2:49,SAS,jump ball,,Channing Frye,,,Tim Duncan,,,,,,,Jason Richardson,,,,,,
Amare Stoudemire,Channing Frye,Jared Dudley,Jason Richardson,Steve Nash,DeJuan Blair,George Hill,Manu Ginobili,Richard Jefferson,Tim Duncan,1,2:49,PHX,rebound,,,,,,,,,,,,,,,,,,
Amare Stoudemire,Channing Frye,Jared Dudley,Jason Richardson,Steve Nash,DeJuan Blair,George Hill,Manu Ginobili,Richard Jefferson,Tim Duncan,1,2:39,PHX,shot,,,,,,,,,,Jason Richardson,2,,,made,,layup,25,7
Amare Stoudemire,Channing Frye,Jared Dudley,Jason Richardson,Steve Nash,DeJuan Blair,George Hill,Manu Ginobili,Richard Jefferson,Tim Duncan,1,2:31,SAS,shot,Manu Ginobili,,,,,,,,,DeJuan Blair,2,,,made,,layup,26,8
Amare Stoudemire,Channing Frye,Jared Dudley,Jason Richardson,Steve Nash,DeJuan Blair,George Hill,Manu Ginobili,Richard Jefferson,Tim Duncan,1,2:18,PHX,shot,,,,,,,,,,Channing Frye,,,,missed,,3pt,27,31
Amare Stoudemire,Channing Frye,Jared Dudley,Jason Richardson,Steve Nash,DeJuan Blair,George Hill,Manu Ginobili,Richard Jefferson,Tim Duncan,1,2:17,SAS,rebound,,,,,,,,,,Manu Ginobili,,,,,,def,,
Amare Stoudemire,Channing Frye,Jared Dudley,Jason Richardson,Steve Nash,DeJuan Blair,George Hill,Manu Ginobili,Richard Jefferson,Tim Duncan,1,2:12,PHX,foul,,,,,,,,Tim Duncan,,Channing Frye,,,,,,personal,,
Amare Stoudemire,Channing Frye,Jared Dudley,Jason Richardson,Steve Nash,Antonio McDyess,DeJuan Blair,George Hill,Manu Ginobili,Richard Jefferson,1,2:12,SAS,sub,,,,Antonio McDyess,,Tim Duncan,,,,,,,,,,,,
Amare Stoudemire,Channing Frye,Goran Dragic,Jared Dudley,Steve Nash,Antonio McDyess,DeJuan Blair,George Hill,Manu Ginobili,Richard Jefferson,1,2:12,PHX,sub,,,,Goran Dragic,,Jason Richardson,,,,,,,,,,,,
Amare Stoudemire,Channing Frye,Goran Dragic,Jared Dudley,Steve Nash,Antonio McDyess,DeJuan Blair,George Hill,Manu Ginobili,Richard Jefferson,1,2:08,SAS,shot,,,,,,,,,,DeJuan Blair,,,,missed,,layup,24,6
Amare Stoudemire,Channing Frye,Goran Dragic,Jared Dudley,Steve Nash,Antonio McDyess,DeJuan Blair,George Hill,Manu Ginobili,Richard Jefferson,1,2:07,PHX,rebound,,,,,,,,,,Channing Frye,,,,,,def,,
Amare Stoudemire,Channing Frye,Goran Dragic,Jared Dudley,Steve Nash,Antonio McDyess,DeJuan Blair,George Hill,Manu Ginobili,Richard Jefferson,1,1:57,PHX,shot,,,,,,,,,,Steve Nash,,,,missed,,fade away jumper,35,10
Amare Stoudemire,Channing Frye,Goran Dragic,Jared Dudley,Steve Nash,Antonio McDyess,DeJuan Blair,George Hill,Manu Ginobili,Richard Jefferson,1,1:56,PHX,rebound,,,,,,,,,,Amare Stoudemire,,,,,,off,,
Amare Stoudemire,Channing Frye,Goran Dragic,Jared Dudley,Steve Nash,Antonio McDyess,DeJuan Blair,George Hill,Manu Ginobili,Richard Jefferson,1,1:55,SAS,foul,,,,,,,,Amare Stoudemire,,George Hill,,,,,,shooting,,
Amare Stoudemire,Channing Frye,Goran Dragic,Jared Dudley,Steve Nash,Antonio McDyess,DeJuan Blair,George Hill,Manu Ginobili,Richard Jefferson,1,1:55,PHX,free throw,,,,,,,1,,2,Amare Stoudemire,,,foul,missed,,,,
Amare Stoudemire,Channing Frye,Goran Dragic,Jared Dudley,Steve Nash,Antonio McDyess,DeJuan Blair,George Hill,Manu Ginobili,Richard Jefferson,1,1:55,PHX,rebound,,,,,,,,,,,,,,,,,,
Amare Stoudemire,Channing Frye,Goran Dragic,Jared Dudley,Steve Nash,Antonio McDyess,DeJuan Blair,George Hill,Manu Ginobili,Richard Jefferson,1,1:55,PHX,free throw,,,,,,,2,,2,Amare Stoudemire,,,foul,made,,,,
Amare Stoudemire,Channing Frye,Goran Dragic,Jared Dudley,Steve Nash,Antonio McDyess,DeJuan Blair,George Hill,Manu Ginobili,Richard Jefferson,1,1:38,SAS,shot,,,,,,,,,,Manu Ginobili,,,,missed,,turnaround jump,34,11
Amare Stoudemire,Channing Frye,Goran Dragic,Jared Dudley,Steve Nash,Antonio McDyess,DeJuan Blair,George Hill,Manu Ginobili,Richard Jefferson,1,1:36,PHX,rebound,,,,,,,,,,Channing Frye,,,,,,def,,
Amare Stoudemire,Channing Frye,Goran Dragic,Jared Dudley,Steve Nash,Antonio McDyess,DeJuan Blair,George Hill,Manu Ginobili,Richard Jefferson,1,1:30,PHX,shot,,,,,,,,,,Steve Nash,2,,,made,,pullup jump,24,22
Amare Stoudemire,Channing Frye,Goran Dragic,Jared Dudley,Steve Nash,Antonio McDyess,DeJuan Blair,George Hill,Manu Ginobili,Richard Jefferson,1,1:10,SAS,shot,,,,,,,,,,George Hill,,,,missed,,jump,33,25
Amare Stoudemire,Channing Frye,Goran Dragic,Jared Dudley,Steve Nash,Antonio McDyess,DeJuan Blair,George Hill,Manu Ginobili,Richard Jefferson,1,1:09,PHX,rebound,,,,,,,,,,Amare Stoudemire,,,,,,def,,
Amare Stoudemire,Channing Frye,Goran Dragic,Jared Dudley,Steve Nash,Antonio McDyess,DeJuan Blair,George Hill,Manu Ginobili,Richard Jefferson,1,1:01,PHX,shot,Goran Dragic,,,,,,,,,Jared Dudley,2,,,made,,reverse layup,25,6
Amare Stoudemire,Channing Frye,Goran Dragic,Jared Dudley,Steve Nash,Antonio McDyess,DeJuan Blair,George Hill,Manu Ginobili,Richard Jefferson,1,0:47,SAS,shot,,,,,,,,,,Manu Ginobili,2,,,made,,driving finger roll layup,25,7
Amare Stoudemire,Channing Frye,Goran Dragic,Jared Dudley,Steve Nash,Antonio McDyess,DeJuan Blair,George Hill,Manu Ginobili,Richard Jefferson,1,0:47,PHX,foul,,,,,,,,Manu Ginobili,,Goran Dragic,,,,,,shooting,,
Amare Stoudemire,Channing Frye,Goran Dragic,Jared Dudley,Steve Nash,Antonio McDyess,DeJuan Blair,George Hill,Manu Ginobili,Richard Jefferson,1,0:47,SAS,free throw,,,,,,,1,,1,Manu Ginobili,,,foul,made,,,,
Amare Stoudemire,Channing Frye,Goran Dragic,Jared Dudley,Steve Nash,Antonio McDyess,DeJuan Blair,George Hill,Manu Ginobili,Richard Jefferson,1,0:33,PHX,shot,Jared Dudley,,,,,,,,,Channing Frye,3,,,made,,3pt,14,28
Amare Stoudemire,Channing Frye,Goran Dragic,Jared Dudley,Steve Nash,Antonio McDyess,DeJuan Blair,George Hill,Manu Ginobili,Richard Jefferson,1,0:07,SAS,shot,,,,,,,,,,Manu Ginobili,,,,missed,,3pt,6,22
Amare Stoudemire,Channing Frye,Goran Dragic,Jared Dudley,Steve Nash,Antonio McDyess,DeJuan Blair,George Hill,Manu Ginobili,Richard Jefferson,1,0:06,PHX,rebound,,,,,,,,,,,,,,,,,,
Amare Stoudemire,Channing Frye,Goran Dragic,Jared Dudley,Steve Nash,Antonio McDyess,George Hill,Manu Ginobili,Matt Bonner,Richard Jefferson,1,0:06,SAS,sub,,,,Matt Bonner,,DeJuan Blair,,,,,,,,,,,,
Amare Stoudemire,Channing Frye,Goran Dragic,Jared Dudley,Steve Nash,Antonio McDyess,George Hill,Manu Ginobili,Matt Bonner,Richard Jefferson,1,0:00,PHX,shot,,,,,,,,,,Steve Nash,2,,,made,,pullup jump,39,23
Channing Frye,Goran Dragic,Grant Hill,Jared Dudley,Louis Amundson,DeJuan Blair,Manu Ginobili,Richard Jefferson,Roger Mason,Tony Parker,2,11:40,PHX,shot,Goran Dragic,,,,,,,,,Channing Frye,3,,,made,,3pt,11,26
Channing Frye,Goran Dragic,Grant Hill,Jared Dudley,Louis Amundson,DeJuan Blair,Manu Ginobili,Richard Jefferson,Roger Mason,Tony Parker,2,11:12,SAS,shot,,,,,,,,,,Tony Parker,2,,,made,,layup,26,7
Channing Frye,Goran Dragic,Grant Hill,Jared Dudley,Louis Amundson,DeJuan Blair,Manu Ginobili,Richard Jefferson,Roger Mason,Tony Parker,2,11:01,PHX,shot,,,,,,,,,,Jared Dudley,,,,missed,,3pt,8,23
Channing Frye,Goran Dragic,Grant Hill,Jared Dudley,Louis Amundson,DeJuan Blair,Manu Ginobili,Richard Jefferson,Roger Mason,Tony Parker,2,10:59,SAS,rebound,,,,,,,,,,DeJuan Blair,,,,,,def,,
Channing Frye,Goran Dragic,Grant Hill,Jared Dudley,Louis Amundson,DeJuan Blair,Manu Ginobili,Richard Jefferson,Roger Mason,Tony Parker,2,10:46,SAS,shot,,,,,,,,,,Manu Ginobili,,,,missed,,jump,31,24
Channing Frye,Goran Dragic,Grant Hill,Jared Dudley,Louis Amundson,DeJuan Blair,Manu Ginobili,Richard Jefferson,Roger Mason,Tony Parker,2,10:45,SAS,rebound,,,,,,,,,,DeJuan Blair,,,,,,off,,
Channing Frye,Goran Dragic,Grant Hill,Jared Dudley,Louis Amundson,DeJuan Blair,Manu Ginobili,Richard Jefferson,Roger Mason,Tony Parker,2,10:45,SAS,shot,,,,,,,,,,DeJuan Blair,2,,,made,,jump bank,23,9
Channing Frye,Goran Dragic,Grant Hill,Jared Dudley,Louis Amundson,DeJuan Blair,Manu Ginobili,Richard Jefferson,Roger Mason,Tony Parker,2,10:45,PHX,foul,,,,,,,,DeJuan Blair,,Channing Frye,,,,,,shooting,,
Channing Frye,Goran Dragic,Grant Hill,Jared Dudley,Louis Amundson,DeJuan Blair,Malik Hairston,Manu Ginobili,Richard Jefferson,Tony Parker,2,10:45,SAS,sub,,,,Malik Hairston,,Roger Mason,,,,,,,,,,,,
Channing Frye,Goran Dragic,Grant Hill,Jared Dudley,Louis Amundson,DeJuan Blair,Malik Hairston,Manu Ginobili,Richard Jefferson,Tony Parker,2,10:45,SAS,free throw,,,,,,,1,,1,DeJuan Blair,,,foul,missed,,,,
Channing Frye,Goran Dragic,Grant Hill,Jared Dudley,Louis Amundson,DeJuan Blair,Malik Hairston,Manu Ginobili,Richard Jefferson,Tony Parker,2,10:43,PHX,rebound,,,,,,,,,,Louis Amundson,,,,,,def,,
Channing Frye,Goran Dragic,Grant Hill,Jared Dudley,Louis Amundson,DeJuan Blair,Malik Hairston,Manu Ginobili,Richard Jefferson,Tony Parker,2,10:23,PHX,shot,,,,,,,,,,Goran Dragic,,,,missed,,3pt,25,31
Channing Frye,Goran Dragic,Grant Hill,Jared Dudley,Louis Amundson,DeJuan Blair,Malik Hairston,Manu Ginobili,Richard Jefferson,Tony Parker,2,10:22,PHX,rebound,,,,,,,,,,Channing Frye,,,,,,off,,
Channing Frye,Goran Dragic,Grant Hill,Jared Dudley,Louis Amundson,DeJuan Blair,Malik Hairston,Manu Ginobili,Richard Jefferson,Tony Parker,2,10:22,SAS,foul,,,,,,,,Channing Frye,,Tony Parker,,,,,,shooting,,
Channing Frye,Goran Dragic,Grant Hill,Jared Dudley,Louis Amundson,DeJuan Blair,Malik Hairston,Manu Ginobili,Richard Jefferson,Tony Parker,2,10:22,PHX,free throw,,,,,,,1,,2,Channing Frye,,,foul,missed,,,,
Channing Frye,Goran Dragic,Grant Hill,Jared Dudley,Louis Amundson,DeJuan Blair,Malik Hairston,Manu Ginobili,Richard Jefferson,Tony Parker,2,10:22,PHX,rebound,,,,,,,,,,,,,,,,,,
Channing Frye,Goran Dragic,Grant Hill,Jared Dudley,Louis Amundson,DeJuan Blair,Manu Ginobili,Richard Jefferson,Roger Mason,Tony Parker,2,10:22,SAS,sub,,,,Roger Mason,,Malik Hairston,,,,,,,,,,,,
Channing Frye,Goran Dragic,Grant Hill,Jared Dudley,Louis Amundson,DeJuan Blair,Manu Ginobili,Richard Jefferson,Roger Mason,Tony Parker,2,10:22,PHX,free throw,,,,,,,2,,2,Channing Frye,,,foul,made,,,,
Channing Frye,Goran Dragic,Grant Hill,Jared Dudley,Louis Amundson,DeJuan Blair,Manu Ginobili,Richard Jefferson,Roger Mason,Tony Parker,2,10:16,PHX,foul,,,,,,,,Tony Parker,,Goran Dragic,,,,,,shooting,,
Channing Frye,Goran Dragic,Grant Hill,Jared Dudley,Louis Amundson,DeJuan Blair,Manu Ginobili,Richard Jefferson,Roger Mason,Tony Parker,2,10:16,SAS,free throw,,,,,,,1,,2,Tony Parker,,,foul,made,,,,
Channing Frye,Goran Dragic,Grant Hill,Jared Dudley,Louis Amundson,DeJuan Blair,Manu Ginobili,Richard Jefferson,Roger Mason,Tony Parker,2,10:16,SAS,free throw,,,,,,,2,,2,Tony Parker,,,foul,made,,,,
Channing Frye,Goran Dragic,Grant Hill,Jared Dudley,Louis Amundson,DeJuan Blair,Manu Ginobili,Richard Jefferson,Roger Mason,Tony Parker,2,9:58,PHX,shot,,,,,,,,,,Channing Frye,,,,missed,,jump,25,9
Channing Frye,Goran Dragic,Grant Hill,Jared Dudley,Louis Amundson,DeJuan Blair,Manu Ginobili,Richard Jefferson,Roger Mason,Tony Parker,2,9:56,SAS,rebound,,,,,,,,,,Tony Parker,,,,,,def,,
Channing Frye,Goran Dragic,Grant Hill,Jared Dudley,Louis Amundson,DeJuan Blair,Manu Ginobili,Richard Jefferson,Roger Mason,Tony Parker,2,9:53,SAS,shot,,,Jared Dudley,,,,,,,Tony Parker,,,,missed,,layup,26,7
Channing Frye,Goran Dragic,Grant Hill,Jared Dudley,Louis Amundson,DeJuan Blair,Manu Ginobili,Richard Jefferson,Roger Mason,Tony Parker,2,9:52,SAS,rebound,,,,,,,,,,,,,,,,,,
Channing Frye,Goran Dragic,Grant Hill,Jared Dudley,Louis Amundson,DeJuan Blair,Manu Ginobili,Richard Jefferson,Roger Mason,Tony Parker,2,9:41,SAS,shot,,,Louis Amundson,,,,,,,DeJuan Blair,,,,missed,,layup,24,6
Channing Frye,Goran Dragic,Grant Hill,Jared Dudley,Louis Amundson,DeJuan Blair,Manu Ginobili,Richard Jefferson,Roger Mason,Tony Parker,2,9:41,SAS,rebound,,,,,,,,,,,,,,,,,,
Channing Frye,Goran Dragic,Grant Hill,Jared Dudley,Louis Amundson,DeJuan Blair,Manu Ginobili,Richard Jefferson,Roger Mason,Tony Parker,2,9:32,SAS,turnover,,,,,,,,,,,,,shot clock turnover,,,,,
Channing Frye,Goran Dragic,Grant Hill,Jared Dudley,Louis Amundson,DeJuan Blair,Manu Ginobili,Richard Jefferson,Roger Mason,Tony Parker,2,9:14,PHX,shot,Goran Dragic,,,,,,,,,Louis Amundson,2,,,made,,jump,26,15
Channing Frye,Goran Dragic,Grant Hill,Jared Dudley,Louis Amundson,DeJuan Blair,Manu Ginobili,Richard Jefferson,Roger Mason,Tony Parker,2,8:56,SAS,shot,Tony Parker,,,,,,,,,DeJuan Blair,2,,,made,,dunk,26,7
Channing Frye,Goran Dragic,Grant Hill,Jared Dudley,Louis Amundson,DeJuan Blair,Manu Ginobili,Richard Jefferson,Roger Mason,Tony Parker,2,8:31,PHX,shot,,,Roger Mason,,,,,,,Jared Dudley,,,,missed,,driving layup,26,6
Channing Frye,Goran Dragic,Grant Hill,Jared Dudley,Louis Amundson,DeJuan Blair,Manu Ginobili,Richard Jefferson,Roger Mason,Tony Parker,2,8:29,SAS,rebound,,,,,,,,,,DeJuan Blair,,,,,,def,,
Channing Frye,Goran Dragic,Grant Hill,Jared Dudley,Louis Amundson,DeJuan Blair,Manu Ginobili,Richard Jefferson,Roger Mason,Tony Parker,2,8:26,SAS,shot,Tony Parker,,,,,,,,,Richard Jefferson,2,,,made,,dunk,25,5
Channing Frye,Goran Dragic,Grant Hill,Jared Dudley,Louis Amundson,DeJuan Blair,Manu Ginobili,Richard Jefferson,Roger Mason,Tony Parker,2,8:12,SAS,foul,,,,,,,,Channing Frye,,DeJuan Blair,,,,,,shooting,,
Channing Frye,Goran Dragic,Grant Hill,Jared Dudley,Louis Amundson,DeJuan Blair,Manu Ginobili,Richard Jefferson,Roger Mason,Tony Parker,2,8:12,PHX,timeout,,,,,,,,,,,,,,,,official,,
Channing Frye,Goran Dragic,Grant Hill,Jared Dudley,Louis Amundson,DeJuan Blair,Manu Ginobili,Richard Jefferson,Roger Mason,Tony Parker,2,8:12,PHX,free throw,,,,,,,1,,2,Channing Frye,,,foul,missed,,,,
Channing Frye,Goran Dragic,Grant Hill,Jared Dudley,Louis Amundson,DeJuan Blair,Manu Ginobili,Richard Jefferson,Roger Mason,Tony Parker,2,8:12,PHX,rebound,,,,,,,,,,,,,,,,,,
Channing Frye,Goran Dragic,Grant Hill,Jared Dudley,Louis Amundson,DeJuan Blair,Manu Ginobili,Richard Jefferson,Roger Mason,Tony Parker,2,8:12,PHX,free throw,,,,,,,2,,2,Channing Frye,,,foul,made,,,,
Channing Frye,Goran Dragic,Grant Hill,Jared Dudley,Louis Amundson,DeJuan Blair,Manu Ginobili,Richard Jefferson,Roger Mason,Tony Parker,2,8:00,SAS,shot,,,,,,,,,,Richard Jefferson,2,,,made,,dunk,24,5
Channing Frye,Goran Dragic,Grant Hill,Jared Dudley,Louis Amundson,DeJuan Blair,Manu Ginobili,Richard Jefferson,Roger Mason,Tony Parker,2,7:46,PHX,shot,,,,,,,,,,Channing Frye,,,,missed,,jump,36,25
Channing Frye,Goran Dragic,Grant Hill,Jared Dudley,Louis Amundson,DeJuan Blair,Manu Ginobili,Richard Jefferson,Roger Mason,Tony Parker,2,7:45,SAS,rebound,,,,,,,,,,DeJuan Blair,,,,,,def,,
Channing Frye,Goran Dragic,Grant Hill,Jared Dudley,Louis Amundson,DeJuan Blair,Manu Ginobili,Richard Jefferson,Roger Mason,Tony Parker,2,7:30,PHX,foul,,,,,,,,Richard Jefferson,,Louis Amundson,,,,,,shooting,,
Channing Frye,Goran Dragic,Grant Hill,Jared Dudley,Louis Amundson,DeJuan Blair,Manu Ginobili,Richard Jefferson,Roger Mason,Tony Parker,2,7:30,SAS,free throw,,,,,,,1,,2,Richard Jefferson,,,foul,missed,,,,
Channing Frye,Goran Dragic,Grant Hill,Jared Dudley,Louis Amundson,DeJuan Blair,Manu Ginobili,Richard Jefferson,Roger Mason,Tony Parker,2,7:30,SAS,rebound,,,,,,,,,,,,,,,,,,
Channing Frye,Goran Dragic,Grant Hill,Jared Dudley,Louis Amundson,DeJuan Blair,George Hill,Richard Jefferson,Roger Mason,Tony Parker,2,7:30,SAS,sub,,,,George Hill,,Manu Ginobili,,,,,,,,,,,,
Amare Stoudemire,Goran Dragic,Grant Hill,Jared Dudley,Louis Amundson,DeJuan Blair,George Hill,Richard Jefferson,Roger Mason,Tony Parker,2,7:30,PHX,sub,,,,Amare Stoudemire,,Channing Frye,,,,,,,,,,,,
Amare Stoudemire,Goran Dragic,Grant Hill,Jared Dudley,Robin Lopez,DeJuan Blair,George Hill,Richard Jefferson,Roger Mason,Tony Parker,2,7:30,PHX,sub,,,,Robin Lopez,,Louis Amundson,,,,,,,,,,,,
Amare Stoudemire,Grant Hill,Jared Dudley,Jason Richardson,Robin Lopez,DeJuan Blair,George Hill,Richard Jefferson,Roger Mason,Tony Parker,2,7:30,PHX,sub,,,,Jason Richardson,,Goran Dragic,,,,,,,,,,,,
Amare Stoudemire,Grant Hill,Jason Richardson,Robin Lopez,Steve Nash,DeJuan Blair,George Hill,Richard Jefferson,Roger Mason,Tony Parker,2,7:30,PHX,sub,,,,Steve Nash,,Jared Dudley,,,,,,,,,,,,
Amare Stoudemire,Grant Hill,Jason Richardson,Robin Lopez,Steve Nash,DeJuan Blair,George Hill,Richard Jefferson,Roger Mason,Tony Parker,2,7:30,SAS,free throw,,,,,,,2,,2,Richard Jefferson,,,foul,made,,,,
Amare Stoudemire,Grant Hill,Jason Richardson,Robin Lopez,Steve Nash,DeJuan Blair,George Hill,Richard Jefferson,Roger Mason,Tony Parker,2,7:08,PHX,shot,Grant Hill,,,,,,,,,Robin Lopez,2,,,made,,layup,24,5
Amare Stoudemire,Grant Hill,Jason Richardson,Robin Lopez,Steve Nash,DeJuan Blair,George Hill,Richard Jefferson,Roger Mason,Tony Parker,2,6:42,SAS,shot,,,,,,,,,,DeJuan Blair,,,,missed,,jump,28,12
Amare Stoudemire,Grant Hill,Jason Richardson,Robin Lopez,Steve Nash,DeJuan Blair,George Hill,Richard Jefferson,Roger Mason,Tony Parker,2,6:41,PHX,rebound,,,,,,,,,,Grant Hill,,,,,,def,,
Amare Stoudemire,Grant Hill,Jason Richardson,Robin Lopez,Steve Nash,DeJuan Blair,George Hill,Richard Jefferson,Roger Mason,Tony Parker,2,6:32,PHX,shot,,,,,,,,,,Steve Nash,2,,,made,,fade away jumper,30,14
Amare Stoudemire,Grant Hill,Jason Richardson,Robin Lopez,Steve Nash,DeJuan Blair,George Hill,Richard Jefferson,Roger Mason,Tony Parker,2,6:16,SAS,shot,,,,,,,,,,Richard Jefferson,,,,missed,,jump,14,15
Amare Stoudemire,Grant Hill,Jason Richardson,Robin Lopez,Steve Nash,DeJuan Blair,George Hill,Richard Jefferson,Roger Mason,Tony Parker,2,6:15,SAS,rebound,,,,,,,,,,Richard Jefferson,,,,,,off,,
Amare Stoudemire,Grant Hill,Jason Richardson,Robin Lopez,Steve Nash,DeJuan Blair,George Hill,Richard Jefferson,Roger Mason,Tony Parker,2,6:09,SAS,shot,,,,,,,,,,Richard Jefferson,2,,,made,,reverse layup,27,6
Amare Stoudemire,Grant Hill,Jason Richardson,Robin Lopez,Steve Nash,DeJuan Blair,George Hill,Richard Jefferson,Roger Mason,Tony Parker,2,6:09,PHX,foul,,,,,,,,Richard Jefferson,,Robin Lopez,,,,,,shooting,,
Amare Stoudemire,Grant Hill,Jason Richardson,Robin Lopez,Steve Nash,George Hill,Richard Jefferson,Roger Mason,Tim Duncan,Tony Parker,2,6:09,SAS,sub,,,,Tim Duncan,,DeJuan Blair,,,,,,,,,,,,
Amare Stoudemire,Grant Hill,Jason Richardson,Robin Lopez,Steve Nash,George Hill,Richard Jefferson,Roger Mason,Tim Duncan,Tony Parker,2,6:09,SAS,free throw,,,,,,,1,,1,Richard Jefferson,,,foul,made,,,,
Amare Stoudemire,Grant Hill,Jason Richardson,Robin Lopez,Steve Nash,George Hill,Richard Jefferson,Roger Mason,Tim Duncan,Tony Parker,2,5:59,PHX,shot,Steve Nash,,,,,,,,,Amare Stoudemire,2,,,made,,dunk,25,6
Amare Stoudemire,Grant Hill,Jason Richardson,Robin Lopez,Steve Nash,George Hill,Richard Jefferson,Roger Mason,Tim Duncan,Tony Parker,2,5:56,SAS,timeout,,,,,,,,,,,,,,,,regular,,
Amare Stoudemire,Grant Hill,Jason Richardson,Robin Lopez,Steve Nash,Antonio McDyess,George Hill,Roger Mason,Tim Duncan,Tony Parker,2,5:56,SAS,sub,,,,Antonio McDyess,,Richard Jefferson,,,,,,,,,,,,
Amare Stoudemire,Grant Hill,Jason Richardson,Robin Lopez,Steve Nash,Antonio McDyess,George Hill,Roger Mason,Tim Duncan,Tony Parker,2,5:43,SAS,shot,,,Robin Lopez,,,,,,,George Hill,,,,missed,,layup,25,6
Amare Stoudemire,Grant Hill,Jason Richardson,Robin Lopez,Steve Nash,Antonio McDyess,George Hill,Roger Mason,Tim Duncan,Tony Parker,2,5:42,PHX,rebound,,,,,,,,,,Grant Hill,,,,,,def,,
Amare Stoudemire,Grant Hill,Jason Richardson,Robin Lopez,Steve Nash,Antonio McDyess,George Hill,Roger Mason,Tim Duncan,Tony Parker,2,5:23,PHX,shot,,,,,,,,,,Amare Stoudemire,,,,missed,,reverse layup,25,5
Amare Stoudemire,Grant Hill,Jason Richardson,Robin Lopez,Steve Nash,Antonio McDyess,George Hill,Roger Mason,Tim Duncan,Tony Parker,2,5:22,SAS,rebound,,,,,,,,,,Antonio McDyess,,,,,,def,,
Amare Stoudemire,Grant Hill,Jason Richardson,Robin Lopez,Steve Nash,Antonio McDyess,George Hill,Roger Mason,Tim Duncan,Tony Parker,2,5:15,SAS,shot,,,,,,,,,,Roger Mason,,,,missed,,3pt,10,25
Amare Stoudemire,Grant Hill,Jason Richardson,Robin Lopez,Steve Nash,Antonio McDyess,George Hill,Roger Mason,Tim Duncan,Tony Parker,2,5:13,PHX,rebound,,,,,,,,,,Jason Richardson,,,,,,def,,
Amare Stoudemire,Grant Hill,Jason Richardson,Robin Lopez,Steve Nash,Antonio McDyess,George Hill,Roger Mason,Tim Duncan,Tony Parker,2,5:07,PHX,shot,Jason Richardson,,,,,,,,,Robin Lopez,2,,,made,,jump,20,12
Amare Stoudemire,Grant Hill,Jason Richardson,Robin Lopez,Steve Nash,Antonio McDyess,George Hill,Roger Mason,Tim Duncan,Tony Parker,2,4:54,PHX,foul,,,,,,,,Tony Parker,,Steve Nash,,,,,,shooting,,
Amare Stoudemire,Grant Hill,Jason Richardson,Robin Lopez,Steve Nash,Antonio McDyess,George Hill,Roger Mason,Tim Duncan,Tony Parker,2,4:54,SAS,free throw,,,,,,,1,,2,Tony Parker,,,foul,made,,,,
Amare Stoudemire,Grant Hill,Jason Richardson,Robin Lopez,Steve Nash,Antonio McDyess,George Hill,Manu Ginobili,Tim Duncan,Tony Parker,2,4:54,SAS,sub,,,,Manu Ginobili,,Roger Mason,,,,,,,,,,,,
Amare Stoudemire,Grant Hill,Jason Richardson,Robin Lopez,Steve Nash,Antonio McDyess,George Hill,Manu Ginobili,Tim Duncan,Tony Parker,2,4:54,SAS,free throw,,,,,,,2,,2,Tony Parker,,,foul,made,,,,
Amare Stoudemire,Grant Hill,Jason Richardson,Robin Lopez,Steve Nash,Antonio McDyess,George Hill,Manu Ginobili,Tim Duncan,Tony Parker,2,4:34,PHX,shot,,,,,,,,,,Amare Stoudemire,,,,missed,,jump,25,23
Amare Stoudemire,Grant Hill,Jason Richardson,Robin Lopez,Steve Nash,Antonio McDyess,George Hill,Manu Ginobili,Tim Duncan,Tony Parker,2,4:33,SAS,rebound,,,,,,,,,,George Hill,,,,,,def,,
Amare Stoudemire,Grant Hill,Jason Richardson,Robin Lopez,Steve Nash,Antonio McDyess,George Hill,Manu Ginobili,Tim Duncan,Tony Parker,2,4:25,SAS,turnover,,,,,,,,,,Tony Parker,,,bad pass,,,,,
Amare Stoudemire,Grant Hill,Jason Richardson,Robin Lopez,Steve Nash,Antonio McDyess,George Hill,Manu Ginobili,Richard Jefferson,Tim Duncan,2,4:25,SAS,sub,,,,Richard Jefferson,,Tony Parker,,,,,,,,,,,,
Amare Stoudemire,Grant Hill,Jason Richardson,Robin Lopez,Steve Nash,Antonio McDyess,George Hill,Manu Ginobili,Richard Jefferson,Tim Duncan,2,4:09,PHX,shot,,,,,,,,,,Robin Lopez,,,,missed,,jump,26,20
Amare Stoudemire,Grant Hill,Jason Richardson,Robin Lopez,Steve Nash,Antonio McDyess,George Hill,Manu Ginobili,Richard Jefferson,Tim Duncan,2,4:08,SAS,rebound,,,,,,,,,,Antonio McDyess,,,,,,def,,
Amare Stoudemire,Grant Hill,Jason Richardson,Robin Lopez,Steve Nash,Antonio McDyess,George Hill,Manu Ginobili,Richard Jefferson,Tim Duncan,2,3:52,SAS,shot,,,,,,,,,,Tim Duncan,2,,,made,,jump bank,41,12
Amare Stoudemire,Grant Hill,Jason Richardson,Robin Lopez,Steve Nash,Antonio McDyess,George Hill,Manu Ginobili,Richard Jefferson,Tim Duncan,2,3:37,PHX,shot,,,,,,,,,,Amare Stoudemire,2,,,made,,running bank,33,9
Amare Stoudemire,Grant Hill,Jason Richardson,Robin Lopez,Steve Nash,Antonio McDyess,George Hill,Manu Ginobili,Richard Jefferson,Tim Duncan,2,3:16,SAS,shot,,,,,,,,,,George Hill,,,,missed,,jump,11,9
Amare Stoudemire,Grant Hill,Jason Richardson,Robin Lopez,Steve Nash,Antonio McDyess,George Hill,Manu Ginobili,Richard Jefferson,Tim Duncan,2,3:15,PHX,rebound,,,,,,,,,,Grant Hill,,,,,,def,,
Amare Stoudemire,Grant Hill,Jason Richardson,Robin Lopez,Steve Nash,Antonio McDyess,George Hill,Manu Ginobili,Richard Jefferson,Tim Duncan,2,2:58,SAS,foul,,,,,,,,Amare Stoudemire,,Antonio McDyess,,,,,,shooting,,
Amare Stoudemire,Grant Hill,Jason Richardson,Robin Lopez,Steve Nash,Antonio McDyess,George Hill,Manu Ginobili,Richard Jefferson,Tim Duncan,2,2:58,PHX,timeout,,,,,,,,,,,,,,,,regular,,
Amare Stoudemire,Jared Dudley,Jason Richardson,Robin Lopez,Steve Nash,Antonio McDyess,George Hill,Manu Ginobili,Richard Jefferson,Tim Duncan,2,2:58,PHX,sub,,,,Jared Dudley,,Grant Hill,,,,,,,,,,,,
Amare Stoudemire,Jared Dudley,Jason Richardson,Robin Lopez,Steve Nash,Antonio McDyess,George Hill,Manu Ginobili,Richard Jefferson,Tim Duncan,2,2:58,PHX,free throw,,,,,,,1,,2,Amare Stoudemire,,,foul,made,,,,
Amare Stoudemire,Jared Dudley,Jason Richardson,Robin Lopez,Steve Nash,Antonio McDyess,George Hill,Manu Ginobili,Richard Jefferson,Tim Duncan,2,2:58,PHX,free throw,,,,,,,2,,2,Amare Stoudemire,,,foul,made,,,,
Amare Stoudemire,Jared Dudley,Jason Richardson,Robin Lopez,Steve Nash,Antonio McDyess,George Hill,Manu Ginobili,Richard Jefferson,Tim Duncan,2,2:44,SAS,shot,Antonio McDyess,,,,,,,,,Tim Duncan,2,,,made,,layup,24,6
Amare Stoudemire,Jared Dudley,Jason Richardson,Robin Lopez,Steve Nash,Antonio McDyess,George Hill,Manu Ginobili,Richard Jefferson,Tim Duncan,2,2:33,PHX,shot,,,Tim Duncan,,,,,,,Amare Stoudemire,,,,missed,,layup,25,7
Amare Stoudemire,Jared Dudley,Jason Richardson,Robin Lopez,Steve Nash,Antonio McDyess,George Hill,Manu Ginobili,Richard Jefferson,Tim Duncan,2,2:32,PHX,rebound,,,,,,,,,,Amare Stoudemire,,,,,,off,,
Amare Stoudemire,Jared Dudley,Jason Richardson,Robin Lopez,Steve Nash,Antonio McDyess,George Hill,Manu Ginobili,Richard Jefferson,Tim Duncan,2,2:30,SAS,foul,,,,,,,,Amare Stoudemire,,Manu Ginobili,,,,,,shooting,,
Amare Stoudemire,Jared Dudley,Jason Richardson,Robin Lopez,Steve Nash,Antonio McDyess,George Hill,Manu Ginobili,Richard Jefferson,Tim Duncan,2,2:30,PHX,free throw,,,,,,,1,,2,Amare Stoudemire,,,foul,missed,,,,
Amare Stoudemire,Jared Dudley,Jason Richardson,Robin Lopez,Steve Nash,Antonio McDyess,George Hill,Manu Ginobili,Richard Jefferson,Tim Duncan,2,2:30,PHX,rebound,,,,,,,,,,,,,,,,,,
Amare Stoudemire,Jared Dudley,Jason Richardson,Robin Lopez,Steve Nash,Antonio McDyess,Manu Ginobili,Richard Jefferson,Tim Duncan,Tony Parker,2,2:30,SAS,sub,,,,Tony Parker,,George Hill,,,,,,,,,,,,
Amare Stoudemire,Jared Dudley,Jason Richardson,Robin Lopez,Steve Nash,Antonio McDyess,Manu Ginobili,Richard Jefferson,Tim Duncan,Tony Parker,2,2:30,PHX,free throw,,,,,,,2,,2,Amare Stoudemire,,,foul,made,,,,
Amare Stoudemire,Jared Dudley,Jason Richardson,Robin Lopez,Steve Nash,Antonio McDyess,Manu Ginobili,Richard Jefferson,Tim Duncan,Tony Parker,2,2:15,SAS,shot,,,,,,,,,,Manu Ginobili,,,,missed,,running jump,31,8
Amare Stoudemire,Jared Dudley,Jason Richardson,Robin Lopez,Steve Nash,Antonio McDyess,Manu Ginobili,Richard Jefferson,Tim Duncan,Tony Parker,2,2:13,PHX,rebound,,,,,,,,,,Amare Stoudemire,,,,,,def,,
Amare Stoudemire,Jared Dudley,Jason Richardson,Robin Lopez,Steve Nash,Antonio McDyess,Manu Ginobili,Richard Jefferson,Tim Duncan,Tony Parker,2,2:05,PHX,shot,,,,,,,,,,Jason Richardson,,,,missed,,3pt,2,7
Amare Stoudemire,Jared Dudley,Jason Richardson,Robin Lopez,Steve Nash,Antonio McDyess,Manu Ginobili,Richard Jefferson,Tim Duncan,Tony Parker,2,2:04,SAS,rebound,,,,,,,,,,Manu Ginobili,,,,,,def,,
Amare Stoudemire,Jared Dudley,Jason Richardson,Robin Lopez,Steve Nash,Antonio McDyess,Manu Ginobili,Richard Jefferson,Tim Duncan,Tony Parker,2,1:55,SAS,turnover,,,,,,,,,,Manu Ginobili,,,bad pass,,Robin Lopez,,,
Amare Stoudemire,Jared Dudley,Jason Richardson,Robin Lopez,Steve Nash,Antonio McDyess,Manu Ginobili,Richard Jefferson,Tim Duncan,Tony Parker,2,1:46,PHX,shot,,,Tim Duncan,,,,,,,Amare Stoudemire,,,,missed,,jump,21,11
Amare Stoudemire,Jared Dudley,Jason Richardson,Robin Lopez,Steve Nash,Antonio McDyess,Manu Ginobili,Richard Jefferson,Tim Duncan,Tony Parker,2,1:44,PHX,rebound,,,,,,,,,,Amare Stoudemire,,,,,,off,,
Amare Stoudemire,Jared Dudley,Jason Richardson,Robin Lopez,Steve Nash,Antonio McDyess,Manu Ginobili,Richard Jefferson,Tim Duncan,Tony Parker,2,1:42,PHX,shot,,,,,,,,,,Amare Stoudemire,,,,missed,,layup,25,6
Amare Stoudemire,Jared Dudley,Jason Richardson,Robin Lopez,Steve Nash,Antonio McDyess,Manu Ginobili,Richard Jefferson,Tim Duncan,Tony Parker,2,1:42,SAS,rebound,,,,,,,,,,Manu Ginobili,,,,,,def,,
Amare Stoudemire,Jared Dudley,Jason Richardson,Robin Lopez,Steve Nash,Antonio McDyess,Manu Ginobili,Richard Jefferson,Tim Duncan,Tony Parker,2,1:42,PHX,foul,,,,,,,,Manu Ginobili,,Jared Dudley,,,,,,personal,,
Amare Stoudemire,Jared Dudley,Jason Richardson,Robin Lopez,Steve Nash,Antonio McDyess,Manu Ginobili,Richard Jefferson,Tim Duncan,Tony Parker,2,1:42,SAS,free throw,,,,,,,1,,2,Manu Ginobili,,,foul,made,,,,
Amare Stoudemire,Jared Dudley,Jason Richardson,Robin Lopez,Steve Nash,Antonio McDyess,Manu Ginobili,Richard Jefferson,Tim Duncan,Tony Parker,2,1:42,SAS,free throw,,,,,,,2,,2,Manu Ginobili,,,foul,made,,,,
Amare Stoudemire,Jared Dudley,Jason Richardson,Robin Lopez,Steve Nash,Antonio McDyess,Manu Ginobili,Richard Jefferson,Tim Duncan,Tony Parker,2,1:24,PHX,shot,,,,,,,,,,Amare Stoudemire,,,,missed,,layup,25,6
Amare Stoudemire,Jared Dudley,Jason Richardson,Robin Lopez,Steve Nash,Antonio McDyess,Manu Ginobili,Richard Jefferson,Tim Duncan,Tony Parker,2,1:23,SAS,rebound,,,,,,,,,,Antonio McDyess,,,,,,def,,
Amare Stoudemire,Jared Dudley,Jason Richardson,Robin Lopez,Steve Nash,Antonio McDyess,Manu Ginobili,Richard Jefferson,Tim Duncan,Tony Parker,2,1:13,SAS,shot,Tim Duncan,,,,,,,,,Antonio McDyess,2,,,made,,slam dunk,25,6
Amare Stoudemire,Jared Dudley,Jason Richardson,Robin Lopez,Steve Nash,Antonio McDyess,Manu Ginobili,Richard Jefferson,Tim Duncan,Tony Parker,2,0:48,PHX,shot,,,,,,,,,,Jason Richardson,,,,missed,,driving jump,15,6
Amare Stoudemire,Jared Dudley,Jason Richardson,Robin Lopez,Steve Nash,Antonio McDyess,Manu Ginobili,Richard Jefferson,Tim Duncan,Tony Parker,2,0:47,PHX,rebound,,,,,,,,,,Amare Stoudemire,,,,,,off,,
Amare Stoudemire,Jared Dudley,Jason Richardson,Robin Lopez,Steve Nash,Antonio McDyess,Manu Ginobili,Richard Jefferson,Tim Duncan,Tony Parker,2,0:46,PHX,shot,,,,,,,,,,Amare Stoudemire,2,,,made,,layup,25,6
Amare Stoudemire,Jared Dudley,Jason Richardson,Robin Lopez,Steve Nash,Antonio McDyess,Manu Ginobili,Richard Jefferson,Tim Duncan,Tony Parker,2,0:29,SAS,shot,,,,,,,,,,Tony Parker,2,,,made,,driving layup,26,6
Amare Stoudemire,Jared Dudley,Jason Richardson,Robin Lopez,Steve Nash,Antonio McDyess,Manu Ginobili,Richard Jefferson,Tim Duncan,Tony Parker,2,0:18,PHX,shot,,,,,,,,,,Steve Nash,2,,,made,,jump,10,14
Amare Stoudemire,Jared Dudley,Jason Richardson,Robin Lopez,Steve Nash,Antonio McDyess,Manu Ginobili,Richard Jefferson,Tim Duncan,Tony Parker,2,0:04,SAS,turnover,,,,,,,,,,Tony Parker,,,traveling,,,,,
Amare Stoudemire,Jared Dudley,Jason Richardson,Robin Lopez,Steve Nash,Antonio McDyess,Manu Ginobili,Richard Jefferson,Tim Duncan,Tony Parker,2,0:04,PHX,timeout,,,,,,,,,,,,,,,,short,,
Amare Stoudemire,Jared Dudley,Jason Richardson,Robin Lopez,Steve Nash,Antonio McDyess,George Hill,Richard Jefferson,Tim Duncan,Tony Parker,2,0:04,SAS,sub,,,,George Hill,,Manu Ginobili,,,,,,,,,,,,
Amare Stoudemire,Jared Dudley,Jason Richardson,Robin Lopez,Steve Nash,George Hill,Malik Hairston,Richard Jefferson,Tim Duncan,Tony Parker,2,0:04,SAS,sub,,,,Malik Hairston,,Antonio McDyess,,,,,,,,,,,,
Amare Stoudemire,Jared Dudley,Jason Richardson,Robin Lopez,Steve Nash,George Hill,Keith Bogans,Malik Hairston,Tim Duncan,Tony Parker,2,0:04,SAS,sub,,,,Keith Bogans,,Richard Jefferson,,,,,,,,,,,,
Amare Stoudemire,Channing Frye,Jared Dudley,Jason Richardson,Steve Nash,George Hill,Keith Bogans,Malik Hairston,Tim Duncan,Tony Parker,2,0:04,PHX,sub,,,,Channing Frye,,Robin Lopez,,,,,,,,,,,,
Amare Stoudemire,Channing Frye,Jared Dudley,Jason Richardson,Steve Nash,George Hill,Keith Bogans,Malik Hairston,Tim Duncan,Tony Parker,2,0:00,PHX,shot,Steve Nash,,,,,,,,,Amare Stoudemire,3,,,made,,3pt,37,27
Amare Stoudemire,Grant Hill,Jason Richardson,Robin Lopez,Steve Nash,Antonio McDyess,George Hill,Keith Bogans,Tim Duncan,Tony Parker,3,11:44,PHX,turnover,,,,,,,,,,Steve Nash,,,bad pass,,Keith Bogans,,,
Amare Stoudemire,Grant Hill,Jason Richardson,Robin Lopez,Steve Nash,Antonio McDyess,George Hill,Keith Bogans,Tim Duncan,Tony Parker,3,11:30,SAS,shot,,,Robin Lopez,,,,,,,Tim Duncan,,,,missed,,hook,22,10
Amare Stoudemire,Grant Hill,Jason Richardson,Robin Lopez,Steve Nash,Antonio McDyess,George Hill,Keith Bogans,Tim Duncan,Tony Parker,3,11:28,SAS,rebound,,,,,,,,,,Antonio McDyess,,,,,,off,,
Amare Stoudemire,Grant Hill,Jason Richardson,Robin Lopez,Steve Nash,Antonio McDyess,George Hill,Keith Bogans,Tim Duncan,Tony Parker,3,11:23,SAS,shot,,,,,,,,,,Antonio McDyess,,,,missed,,jump,12,6
Amare Stoudemire,Grant Hill,Jason Richardson,Robin Lopez,Steve Nash,Antonio McDyess,George Hill,Keith Bogans,Tim Duncan,Tony Parker,3,11:22,PHX,rebound,,,,,,,,,,Amare Stoudemire,,,,,,def,,
Amare Stoudemire,Grant Hill,Jason Richardson,Robin Lopez,Steve Nash,Antonio McDyess,George Hill,Keith Bogans,Tim Duncan,Tony Parker,3,11:06,PHX,shot,,,,,,,,,,Amare Stoudemire,,,,missed,,jump,22,17
Amare Stoudemire,Grant Hill,Jason Richardson,Robin Lopez,Steve Nash,Antonio McDyess,George Hill,Keith Bogans,Tim Duncan,Tony Parker,3,11:05,SAS,rebound,,,,,,,,,,Tim Duncan,,,,,,def,,
Amare Stoudemire,Grant Hill,Jason Richardson,Robin Lopez,Steve Nash,Antonio McDyess,George Hill,Keith Bogans,Tim Duncan,Tony Parker,3,10:54,SAS,shot,Tony Parker,,,,,,,,,George Hill,2,,,made,,jump,43,7
Amare Stoudemire,Grant Hill,Jason Richardson,Robin Lopez,Steve Nash,Antonio McDyess,George Hill,Keith Bogans,Tim Duncan,Tony Parker,3,10:44,PHX,shot,,,,,,,,,,Jason Richardson,2,,,made,,layup,25,8
Amare Stoudemire,Grant Hill,Jason Richardson,Robin Lopez,Steve Nash,Antonio McDyess,George Hill,Keith Bogans,Tim Duncan,Tony Parker,3,10:17,SAS,shot,,,,,,,,,,Tony Parker,2,,,made,,pullup jump,13,19
Amare Stoudemire,Grant Hill,Jason Richardson,Robin Lopez,Steve Nash,Antonio McDyess,George Hill,Keith Bogans,Tim Duncan,Tony Parker,3,10:06,PHX,shot,,,,,,,,,,Jason Richardson,2,,,made,,turnaround jump,17,12
Amare Stoudemire,Grant Hill,Jason Richardson,Robin Lopez,Steve Nash,Antonio McDyess,George Hill,Keith Bogans,Tim Duncan,Tony Parker,3,9:39,SAS,shot,,,,,,,,,,George Hill,2,,,made,,step back jump,42,8
Amare Stoudemire,Grant Hill,Jason Richardson,Robin Lopez,Steve Nash,Antonio McDyess,George Hill,Keith Bogans,Tim Duncan,Tony Parker,3,9:21,PHX,shot,Jason Richardson,,,,,,,,,Grant Hill,2,,,made,,layup,24,6
Amare Stoudemire,Grant Hill,Jason Richardson,Robin Lopez,Steve Nash,Antonio McDyess,George Hill,Keith Bogans,Tim Duncan,Tony Parker,3,9:04,SAS,shot,,,,,,,,,,Tim Duncan,2,,,made,,jump bank,39,12
Amare Stoudemire,Grant Hill,Jason Richardson,Robin Lopez,Steve Nash,Antonio McDyess,George Hill,Keith Bogans,Tim Duncan,Tony Parker,3,8:44,PHX,shot,,,,,,,,,,Jason Richardson,,,,missed,,jump,6,12
Amare Stoudemire,Grant Hill,Jason Richardson,Robin Lopez,Steve Nash,Antonio McDyess,George Hill,Keith Bogans,Tim Duncan,Tony Parker,3,8:43,PHX,rebound,,,,,,,,,,Amare Stoudemire,,,,,,off,,
Amare Stoudemire,Grant Hill,Jason Richardson,Robin Lopez,Steve Nash,Antonio McDyess,George Hill,Keith Bogans,Tim Duncan,Tony Parker,3,8:43,SAS,foul,,,,,,,,Amare Stoudemire,,Antonio McDyess,,,,,,shooting,,
Amare Stoudemire,Grant Hill,Jason Richardson,Robin Lopez,Steve Nash,Antonio McDyess,George Hill,Keith Bogans,Tim Duncan,Tony Parker,3,8:43,PHX,free throw,,,,,,,1,,2,Amare Stoudemire,,,foul,missed,,,,
Amare Stoudemire,Grant Hill,Jason Richardson,Robin Lopez,Steve Nash,Antonio McDyess,George Hill,Keith Bogans,Tim Duncan,Tony Parker,3,8:43,PHX,rebound,,,,,,,,,,,,,,,,,,
Amare Stoudemire,Grant Hill,Jason Richardson,Robin Lopez,Steve Nash,Antonio McDyess,George Hill,Keith Bogans,Tim Duncan,Tony Parker,3,8:43,PHX,free throw,,,,,,,2,,2,Amare Stoudemire,,,foul,missed,,,,
Amare Stoudemire,Grant Hill,Jason Richardson,Robin Lopez,Steve Nash,Antonio McDyess,George Hill,Keith Bogans,Tim Duncan,Tony Parker,3,8:42,SAS,rebound,,,,,,,,,,Antonio McDyess,,,,,,def,,
Amare Stoudemire,Grant Hill,Jason Richardson,Robin Lopez,Steve Nash,Antonio McDyess,George Hill,Keith Bogans,Tim Duncan,Tony Parker,3,8:26,SAS,shot,,,,,,,,,,Tim Duncan,2,,,made,,jump,21,12
Amare Stoudemire,Grant Hill,Jason Richardson,Robin Lopez,Steve Nash,Antonio McDyess,George Hill,Keith Bogans,Tim Duncan,Tony Parker,3,8:00,PHX,shot,,,,,,,,,,Grant Hill,2,,,made,,turnaround jump,18,16
Amare Stoudemire,Grant Hill,Jason Richardson,Robin Lopez,Steve Nash,Antonio McDyess,George Hill,Keith Bogans,Tim Duncan,Tony Parker,3,7:50,PHX,foul,,,,,,,,Tim Duncan,,Robin Lopez,,,,,,personal,,
Amare Stoudemire,Grant Hill,Jason Richardson,Robin Lopez,Steve Nash,Antonio McDyess,George Hill,Keith Bogans,Tim Duncan,Tony Parker,3,7:35,SAS,shot,,,,,,,,,,Tim Duncan,2,,,made,,turnaround jump,17,12
Amare Stoudemire,Grant Hill,Jason Richardson,Robin Lopez,Steve Nash,Antonio McDyess,George Hill,Keith Bogans,Tim Duncan,Tony Parker,3,7:19,PHX,shot,,,,,,,,,,Steve Nash,,,,missed,,jump,7,10
Amare Stoudemire,Grant Hill,Jason Richardson,Robin Lopez,Steve Nash,Antonio McDyess,George Hill,Keith Bogans,Tim Duncan,Tony Parker,3,7:18,SAS,rebound,,,,,,,,,,George Hill,,,,,,def,,
Amare Stoudemire,Grant Hill,Jason Richardson,Robin Lopez,Steve Nash,Antonio McDyess,George Hill,Keith Bogans,Tim Duncan,Tony Parker,3,7:05,SAS,shot,,,,,,,,,,Tony Parker,2,,,made,,floating jump,29,12
Amare Stoudemire,Grant Hill,Jason Richardson,Robin Lopez,Steve Nash,Antonio McDyess,George Hill,Keith Bogans,Tim Duncan,Tony Parker,3,6:56,PHX,turnover,,,,,,,,,,Jason Richardson,,,bad pass,,Tim Duncan,,,
Amare Stoudemire,Grant Hill,Jason Richardson,Robin Lopez,Steve Nash,Antonio McDyess,George Hill,Keith Bogans,Tim Duncan,Tony Parker,3,6:53,PHX,foul,,,,,,,,George Hill,,Steve Nash,,,,,,shooting,,
Amare Stoudemire,Grant Hill,Jason Richardson,Robin Lopez,Steve Nash,Antonio McDyess,George Hill,Keith Bogans,Manu Ginobili,Tim Duncan,3,6:53,SAS,sub,,,,Manu Ginobili,,Tony Parker,,,,,,,,,,,,
Amare Stoudemire,Grant Hill,Jason Richardson,Robin Lopez,Steve Nash,Antonio McDyess,George Hill,Manu Ginobili,Richard Jefferson,Tim Duncan,3,6:53,SAS,sub,,,,Richard Jefferson,,Keith Bogans,,,,,,,,,,,,
Amare Stoudemire,Grant Hill,Jason Richardson,Robin Lopez,Steve Nash,Antonio McDyess,George Hill,Manu Ginobili,Richard Jefferson,Tim Duncan,3,6:53,SAS,free throw,,,,,,,1,,2,George Hill,,,foul,missed,,,,
Amare Stoudemire,Grant Hill,Jason Richardson,Robin Lopez,Steve Nash,Antonio McDyess,George Hill,Manu Ginobili,Richard Jefferson,Tim Duncan,3,6:53,SAS,rebound,,,,,,,,,,,,,,,,,,
Amare Stoudemire,Channing Frye,Grant Hill,Jason Richardson,Steve Nash,Antonio McDyess,George Hill,Manu Ginobili,Richard Jefferson,Tim Duncan,3,6:53,PHX,sub,,,,Channing Frye,,Robin Lopez,,,,,,,,,,,,
Amare Stoudemire,Channing Frye,Grant Hill,Jason Richardson,Steve Nash,Antonio McDyess,George Hill,Manu Ginobili,Richard Jefferson,Tim Duncan,3,6:53,SAS,free throw,,,,,,,2,,2,George Hill,,,foul,made,,,,
Amare Stoudemire,Channing Frye,Grant Hill,Jason Richardson,Steve Nash,Antonio McDyess,George Hill,Manu Ginobili,Richard Jefferson,Tim Duncan,3,6:45,PHX,turnover,,,,,,,,,,Amare Stoudemire,,,bad pass,,,,,
Amare Stoudemire,Channing Frye,Grant Hill,Jason Richardson,Steve Nash,Antonio McDyess,George Hill,Manu Ginobili,Richard Jefferson,Tim Duncan,3,6:35,SAS,turnover,,,,,,,,,,Tim Duncan,,,3 second violation,,,,,
Amare Stoudemire,Channing Frye,Grant Hill,Jason Richardson,Steve Nash,Antonio McDyess,George Hill,Manu Ginobili,Richard Jefferson,Tim Duncan,3,6:21,PHX,shot,,,,,,,,,,Steve Nash,2,,,made,,layup,24,6
Amare Stoudemire,Channing Frye,Grant Hill,Jason Richardson,Steve Nash,Antonio McDyess,George Hill,Manu Ginobili,Richard Jefferson,Tim Duncan,3,6:00,SAS,shot,Richard Jefferson,,,,,,,,,Manu Ginobili,3,,,made,,3pt,7,23
Amare Stoudemire,Channing Frye,Grant Hill,Jason Richardson,Steve Nash,Antonio McDyess,George Hill,Manu Ginobili,Richard Jefferson,Tim Duncan,3,5:55,SAS,foul,,,,,,,,Amare Stoudemire,,Richard Jefferson,,,,,,shooting,,
Amare Stoudemire,Channing Frye,Grant Hill,Jason Richardson,Steve Nash,Antonio McDyess,George Hill,Manu Ginobili,Richard Jefferson,Tim Duncan,3,5:55,SAS,timeout,,,,,,,,,,,,,,,,regular,,
Amare Stoudemire,Channing Frye,Grant Hill,Jason Richardson,Steve Nash,Antonio McDyess,Manu Ginobili,Richard Jefferson,Tim Duncan,Tony Parker,3,5:55,SAS,sub,,,,Tony Parker,,George Hill,,,,,,,,,,,,
Amare Stoudemire,Channing Frye,Goran Dragic,Grant Hill,Steve Nash,Antonio McDyess,Manu Ginobili,Richard Jefferson,Tim Duncan,Tony Parker,3,5:55,PHX,sub,,,,Goran Dragic,,Jason Richardson,,,,,,,,,,,,
Amare Stoudemire,Channing Frye,Goran Dragic,Grant Hill,Steve Nash,Antonio McDyess,Manu Ginobili,Richard Jefferson,Tim Duncan,Tony Parker,3,5:55,PHX,free throw,,,,,,,1,,2,Amare Stoudemire,,,foul,made,,,,
Amare Stoudemire,Channing Frye,Goran Dragic,Grant Hill,Steve Nash,Antonio McDyess,George Hill,Manu Ginobili,Richard Jefferson,Tim Duncan,3,5:55,SAS,sub,,,,George Hill,,Tony Parker,,,,,,,,,,,,
Amare Stoudemire,Channing Frye,Goran Dragic,Grant Hill,Steve Nash,Antonio McDyess,George Hill,Manu Ginobili,Richard Jefferson,Tim Duncan,3,5:55,PHX,free throw,,,,,,,2,,2,Amare Stoudemire,,,foul,made,,,,
Amare Stoudemire,Channing Frye,Goran Dragic,Grant Hill,Steve Nash,Antonio McDyess,George Hill,Manu Ginobili,Richard Jefferson,Tim Duncan,3,5:37,SAS,shot,,,,,,,,,,Richard Jefferson,,,,missed,,jump,39,19
Amare Stoudemire,Channing Frye,Goran Dragic,Grant Hill,Steve Nash,Antonio McDyess,George Hill,Manu Ginobili,Richard Jefferson,Tim Duncan,3,5:35,PHX,rebound,,,,,,,,,,Amare Stoudemire,,,,,,def,,
Amare Stoudemire,Channing Frye,Goran Dragic,Grant Hill,Steve Nash,Antonio McDyess,George Hill,Manu Ginobili,Richard Jefferson,Tim Duncan,3,5:14,SAS,foul,,,,,,,,Amare Stoudemire,,Antonio McDyess,,,,,,personal,,
Amare Stoudemire,Channing Frye,Goran Dragic,Grant Hill,Steve Nash,Antonio McDyess,George Hill,Manu Ginobili,Richard Jefferson,Tim Duncan,3,5:08,PHX,shot,,,,,,,,,,Steve Nash,,,,missed,,jump,12,17
Amare Stoudemire,Channing Frye,Goran Dragic,Grant Hill,Steve Nash,Antonio McDyess,George Hill,Manu Ginobili,Richard Jefferson,Tim Duncan,3,5:07,SAS,rebound,,,,,,,,,,Manu Ginobili,,,,,,def,,
Amare Stoudemire,Channing Frye,Goran Dragic,Grant Hill,Steve Nash,Antonio McDyess,George Hill,Manu Ginobili,Richard Jefferson,Tim Duncan,3,5:03,SAS,shot,,,Grant Hill,,,,,,,Manu Ginobili,,,,missed,,driving layup,25,6
Amare Stoudemire,Channing Frye,Goran Dragic,Grant Hill,Steve Nash,Antonio McDyess,George Hill,Manu Ginobili,Richard Jefferson,Tim Duncan,3,5:00,SAS,rebound,,,,,,,,,,Antonio McDyess,,,,,,off,,
Amare Stoudemire,Channing Frye,Goran Dragic,Grant Hill,Steve Nash,Antonio McDyess,George Hill,Manu Ginobili,Richard Jefferson,Tim Duncan,3,5:00,SAS,shot,,,,,,,,,,Antonio McDyess,,,,missed,,putback layup,26,5
Amare Stoudemire,Channing Frye,Goran Dragic,Grant Hill,Steve Nash,Antonio McDyess,George Hill,Manu Ginobili,Richard Jefferson,Tim Duncan,3,4:58,PHX,rebound,,,,,,,,,,Channing Frye,,,,,,def,,
Amare Stoudemire,Channing Frye,Goran Dragic,Grant Hill,Steve Nash,Antonio McDyess,George Hill,Manu Ginobili,Richard Jefferson,Tim Duncan,3,4:53,PHX,shot,Goran Dragic,,,,,,,,,Amare Stoudemire,2,,,made,,layup,25,6
Amare Stoudemire,Channing Frye,Goran Dragic,Grant Hill,Steve Nash,Antonio McDyess,George Hill,Manu Ginobili,Richard Jefferson,Tim Duncan,3,4:48,SAS,timeout,,,,,,,,,,,,,,,,short,,
Amare Stoudemire,Channing Frye,Goran Dragic,Grant Hill,Steve Nash,DeJuan Blair,George Hill,Manu Ginobili,Richard Jefferson,Tim Duncan,3,4:48,SAS,sub,,,,DeJuan Blair,,Antonio McDyess,,,,,,,,,,,,
Amare Stoudemire,Channing Frye,Goran Dragic,Grant Hill,Steve Nash,DeJuan Blair,George Hill,Manu Ginobili,Richard Jefferson,Tim Duncan,3,4:33,SAS,shot,,,,,,,,,,DeJuan Blair,,,,missed,,jump bank,19,9
Amare Stoudemire,Channing Frye,Goran Dragic,Grant Hill,Steve Nash,DeJuan Blair,George Hill,Manu Ginobili,Richard Jefferson,Tim Duncan,3,4:32,PHX,rebound,,,,,,,,,,Steve Nash,,,,,,def,,
Amare Stoudemire,Channing Frye,Goran Dragic,Grant Hill,Steve Nash,DeJuan Blair,George Hill,Manu Ginobili,Richard Jefferson,Tim Duncan,3,4:19,PHX,shot,Steve Nash,,,,,,,,,Amare Stoudemire,2,,,made,,jump,25,21
Amare Stoudemire,Channing Frye,Goran Dragic,Grant Hill,Steve Nash,DeJuan Blair,George Hill,Manu Ginobili,Richard Jefferson,Tim Duncan,3,4:10,SAS,turnover,,,,,,,,,,Richard Jefferson,,,bad pass,,Amare Stoudemire,,,
Amare Stoudemire,Channing Frye,Goran Dragic,Grant Hill,Steve Nash,DeJuan Blair,George Hill,Manu Ginobili,Richard Jefferson,Tim Duncan,3,3:52,PHX,shot,,,,,,,,,,Goran Dragic,2,,,made,,reverse layup,25,6
Amare Stoudemire,Channing Frye,Goran Dragic,Grant Hill,Steve Nash,DeJuan Blair,George Hill,Manu Ginobili,Richard Jefferson,Tim Duncan,3,3:43,PHX,foul,,,,,,,,Richard Jefferson,,Grant Hill,,,,,,personal,,
Amare Stoudemire,Channing Frye,Goran Dragic,Grant Hill,Steve Nash,DeJuan Blair,George Hill,Manu Ginobili,Richard Jefferson,Tim Duncan,3,3:30,SAS,shot,Manu Ginobili,,,,,,,,,Tim Duncan,2,,,made,,jump bank,32,7
Amare Stoudemire,Channing Frye,Goran Dragic,Grant Hill,Steve Nash,DeJuan Blair,George Hill,Manu Ginobili,Richard Jefferson,Tim Duncan,3,3:11,PHX,shot,,,,,,,,,,Amare Stoudemire,,,,missed,,jump,25,22
Amare Stoudemire,Channing Frye,Goran Dragic,Grant Hill,Steve Nash,DeJuan Blair,George Hill,Manu Ginobili,Richard Jefferson,Tim Duncan,3,3:10,SAS,rebound,,,,,,,,,,Tim Duncan,,,,,,def,,
Amare Stoudemire,Channing Frye,Goran Dragic,Grant Hill,Steve Nash,DeJuan Blair,George Hill,Manu Ginobili,Richard Jefferson,Tim Duncan,3,3:00,SAS,shot,George Hill,,,,,,,,,Richard Jefferson,3,,,made,,3pt,2,10
Amare Stoudemire,Channing Frye,Goran Dragic,Grant Hill,Steve Nash,DeJuan Blair,George Hill,Manu Ginobili,Richard Jefferson,Tim Duncan,3,2:51,PHX,shot,Steve Nash,,,,,,,,,Amare Stoudemire,2,,,made,,reverse dunk,26,7
Amare Stoudemire,Channing Frye,Goran Dragic,Grant Hill,Steve Nash,DeJuan Blair,George Hill,Manu Ginobili,Richard Jefferson,Tim Duncan,3,2:38,PHX,foul,,,,,,,,DeJuan Blair,,Amare Stoudemire,,,,,,shooting,,
Amare Stoudemire,Channing Frye,Goran Dragic,Grant Hill,Steve Nash,DeJuan Blair,George Hill,Manu Ginobili,Richard Jefferson,Tim Duncan,3,2:38,PHX,timeout,,,,,,,,,,,,,,,,regular,,
Amare Stoudemire,Channing Frye,Goran Dragic,Grant Hill,Steve Nash,DeJuan Blair,George Hill,Manu Ginobili,Richard Jefferson,Tony Parker,3,2:38,SAS,sub,,,,Tony Parker,,Tim Duncan,,,,,,,,,,,,
Amare Stoudemire,Channing Frye,Goran Dragic,Jared Dudley,Steve Nash,DeJuan Blair,George Hill,Manu Ginobili,Richard Jefferson,Tony Parker,3,2:38,PHX,sub,,,,Jared Dudley,,Grant Hill,,,,,,,,,,,,
Amare Stoudemire,Channing Frye,Goran Dragic,Jared Dudley,Steve Nash,DeJuan Blair,George Hill,Manu Ginobili,Richard Jefferson,Tony Parker,3,2:38,SAS,free throw,,,,,,,1,,2,DeJuan Blair,,,foul,made,,,,
Amare Stoudemire,Channing Frye,Goran Dragic,Jared Dudley,Steve Nash,DeJuan Blair,George Hill,Manu Ginobili,Richard Jefferson,Tony Parker,3,2:38,SAS,free throw,,,,,,,2,,2,DeJuan Blair,,,foul,missed,,,,
Amare Stoudemire,Channing Frye,Goran Dragic,Jared Dudley,Steve Nash,DeJuan Blair,George Hill,Manu Ginobili,Richard Jefferson,Tony Parker,3,2:36,PHX,rebound,,,,,,,,,,Jared Dudley,,,,,,def,,
Amare Stoudemire,Channing Frye,Goran Dragic,Jared Dudley,Steve Nash,DeJuan Blair,George Hill,Manu Ginobili,Richard Jefferson,Tony Parker,3,2:23,PHX,turnover,,,,,,,,,,Amare Stoudemire,,,traveling,,,,,
Amare Stoudemire,Channing Frye,Goran Dragic,Jared Dudley,Steve Nash,DeJuan Blair,George Hill,Manu Ginobili,Richard Jefferson,Tony Parker,3,2:08,SAS,shot,,,,,,,,,,Manu Ginobili,,,,missed,,3pt,26,31
Amare Stoudemire,Channing Frye,Goran Dragic,Jared Dudley,Steve Nash,DeJuan Blair,George Hill,Manu Ginobili,Richard Jefferson,Tony Parker,3,2:07,PHX,rebound,,,,,,,,,,Amare Stoudemire,,,,,,def,,
Amare Stoudemire,Channing Frye,Goran Dragic,Jared Dudley,Steve Nash,DeJuan Blair,George Hill,Manu Ginobili,Richard Jefferson,Tony Parker,3,1:51,PHX,shot,,,,,,,,,,Jared Dudley,,,,missed,,3pt,2,9
Amare Stoudemire,Channing Frye,Goran Dragic,Jared Dudley,Steve Nash,DeJuan Blair,George Hill,Manu Ginobili,Richard Jefferson,Tony Parker,3,1:50,SAS,rebound,,,,,,,,,,DeJuan Blair,,,,,,def,,
Amare Stoudemire,Channing Frye,Goran Dragic,Jared Dudley,Steve Nash,DeJuan Blair,George Hill,Manu Ginobili,Richard Jefferson,Tony Parker,3,1:38,SAS,shot,,,,,,,,,,Manu Ginobili,,,,missed,,3pt,48,9
Amare Stoudemire,Channing Frye,Goran Dragic,Jared Dudley,Steve Nash,DeJuan Blair,George Hill,Manu Ginobili,Richard Jefferson,Tony Parker,3,1:37,PHX,rebound,,,,,,,,,,Amare Stoudemire,,,,,,def,,
Amare Stoudemire,Channing Frye,Goran Dragic,Jared Dudley,Steve Nash,DeJuan Blair,George Hill,Manu Ginobili,Richard Jefferson,Tony Parker,3,1:29,SAS,foul,,,,,,,,Amare Stoudemire,,Manu Ginobili,,,,,,shooting,,
Amare Stoudemire,Channing Frye,Goran Dragic,Jared Dudley,Steve Nash,DeJuan Blair,George Hill,Manu Ginobili,Richard Jefferson,Tony Parker,3,1:29,PHX,free throw,,,,,,,1,,2,Amare Stoudemire,,,foul,made,,,,
Amare Stoudemire,Channing Frye,Goran Dragic,Jared Dudley,Steve Nash,DeJuan Blair,George Hill,Manu Ginobili,Richard Jefferson,Tony Parker,3,1:29,PHX,free throw,,,,,,,2,,2,Amare Stoudemire,,,foul,made,,,,
Amare Stoudemire,Channing Frye,Goran Dragic,Jared Dudley,Steve Nash,DeJuan Blair,George Hill,Manu Ginobili,Richard Jefferson,Tony Parker,3,1:06,SAS,shot,,,,,,,,,,Richard Jefferson,2,,,made,,jump,7,5
Amare Stoudemire,Channing Frye,Goran Dragic,Jared Dudley,Steve Nash,DeJuan Blair,George Hill,Manu Ginobili,Richard Jefferson,Tony Parker,3,0:48,PHX,shot,,,,,,,,,,Goran Dragic,,,,missed,,3pt,2,12
Amare Stoudemire,Channing Frye,Goran Dragic,Jared Dudley,Steve Nash,DeJuan Blair,George Hill,Manu Ginobili,Richard Jefferson,Tony Parker,3,0:47,SAS,rebound,,,,,,,,,,Richard Jefferson,,,,,,def,,
Amare Stoudemire,Channing Frye,Goran Dragic,Jared Dudley,Steve Nash,DeJuan Blair,George Hill,Manu Ginobili,Richard Jefferson,Tony Parker,3,0:29,SAS,shot,Manu Ginobili,,,,,,,,,DeJuan Blair,2,,,made,,layup,24,6
Amare Stoudemire,Channing Frye,Goran Dragic,Jared Dudley,Steve Nash,DeJuan Blair,George Hill,Manu Ginobili,Richard Jefferson,Tony Parker,3,0:11,PHX,shot,Steve Nash,,,,,,,,,Amare Stoudemire,2,,,made,,dunk,25,6
Amare Stoudemire,Channing Frye,Goran Dragic,Jared Dudley,Steve Nash,DeJuan Blair,George Hill,Manu Ginobili,Richard Jefferson,Tony Parker,3,0:00,SAS,shot,,,,,,,,,,Tony Parker,,,,missed,,step back jump,37,15
Amare Stoudemire,Channing Frye,Goran Dragic,Jared Dudley,Steve Nash,DeJuan Blair,George Hill,Manu Ginobili,Richard Jefferson,Tony Parker,3,0:00,PHX,rebound,,,,,,,,,,Goran Dragic,,,,,,def,,
Channing Frye,Goran Dragic,Jared Dudley,Jason Richardson,Louis Amundson,DeJuan Blair,George Hill,Manu Ginobili,Richard Jefferson,Tony Parker,4,11:48,SAS,shot,Manu Ginobili,,,,,,,,,DeJuan Blair,2,,,made,,layup,25,6
Channing Frye,Goran Dragic,Jared Dudley,Jason Richardson,Louis Amundson,DeJuan Blair,George Hill,Manu Ginobili,Richard Jefferson,Tony Parker,4,11:31,PHX,shot,,,,,,,,,,Jason Richardson,2,,,made,,turnaround bank,33,8
Channing Frye,Goran Dragic,Jared Dudley,Jason Richardson,Louis Amundson,DeJuan Blair,George Hill,Manu Ginobili,Richard Jefferson,Tony Parker,4,11:09,SAS,shot,,,,,,,,,,Richard Jefferson,,,,missed,,jump,11,22
Channing Frye,Goran Dragic,Jared Dudley,Jason Richardson,Louis Amundson,DeJuan Blair,George Hill,Manu Ginobili,Richard Jefferson,Tony Parker,4,11:08,SAS,rebound,,,,,,,,,,Richard Jefferson,,,,,,off,,
Channing Frye,Goran Dragic,Jared Dudley,Jason Richardson,Louis Amundson,DeJuan Blair,George Hill,Manu Ginobili,Richard Jefferson,Tony Parker,4,11:03,SAS,shot,Richard Jefferson,,,,,,,,,Manu Ginobili,3,,,made,,3pt,9,26
Channing Frye,Goran Dragic,Jared Dudley,Jason Richardson,Louis Amundson,DeJuan Blair,George Hill,Manu Ginobili,Richard Jefferson,Tony Parker,4,10:35,PHX,shot,Channing Frye,,,,,,,,,Jason Richardson,3,,,made,,3pt,5,21
Channing Frye,Goran Dragic,Jared Dudley,Jason Richardson,Louis Amundson,DeJuan Blair,George Hill,Manu Ginobili,Richard Jefferson,Tony Parker,4,10:19,SAS,shot,Manu Ginobili,,,,,,,,,DeJuan Blair,2,,,made,,reverse layup,26,6
Channing Frye,Goran Dragic,Jared Dudley,Jason Richardson,Louis Amundson,DeJuan Blair,George Hill,Manu Ginobili,Richard Jefferson,Tony Parker,4,10:19,PHX,foul,,,,,,,,DeJuan Blair,,Channing Frye,,,,,,shooting,,
Channing Frye,Goran Dragic,Jared Dudley,Jason Richardson,Louis Amundson,DeJuan Blair,George Hill,Manu Ginobili,Richard Jefferson,Tony Parker,4,10:19,SAS,free throw,,,,,,,1,,1,DeJuan Blair,,,foul,made,,,,
Channing Frye,Goran Dragic,Jared Dudley,Jason Richardson,Louis Amundson,DeJuan Blair,George Hill,Manu Ginobili,Richard Jefferson,Tony Parker,4,10:02,PHX,shot,Goran Dragic,,,,,,,,,Channing Frye,3,,,made,,3pt,40,26
Channing Frye,Goran Dragic,Jared Dudley,Jason Richardson,Louis Amundson,DeJuan Blair,George Hill,Manu Ginobili,Richard Jefferson,Tony Parker,4,9:38,SAS,shot,Manu Ginobili,,,,,,,,,Richard Jefferson,3,,,made,,3pt,37,28
Channing Frye,Goran Dragic,Jared Dudley,Jason Richardson,Louis Amundson,DeJuan Blair,George Hill,Manu Ginobili,Richard Jefferson,Tony Parker,4,9:16,PHX,shot,,,,,,,,,,Goran Dragic,,,,missed,,jump,37,16
Channing Frye,Goran Dragic,Jared Dudley,Jason Richardson,Louis Amundson,DeJuan Blair,George Hill,Manu Ginobili,Richard Jefferson,Tony Parker,4,9:14,SAS,rebound,,,,,,,,,,Manu Ginobili,,,,,,def,,
Channing Frye,Goran Dragic,Jared Dudley,Jason Richardson,Louis Amundson,DeJuan Blair,George Hill,Manu Ginobili,Richard Jefferson,Tony Parker,4,9:07,SAS,turnover,,,,,,,,,,Manu Ginobili,,,bad pass,,Jared Dudley,,,
Channing Frye,Goran Dragic,Jared Dudley,Jason Richardson,Louis Amundson,DeJuan Blair,George Hill,Manu Ginobili,Richard Jefferson,Tony Parker,4,9:02,PHX,timeout,,,,,,,,,,,,,,,,regular,,
Channing Frye,Goran Dragic,Jared Dudley,Jason Richardson,Robin Lopez,DeJuan Blair,George Hill,Manu Ginobili,Richard Jefferson,Tony Parker,4,9:02,PHX,sub,,,,Robin Lopez,,Louis Amundson,,,,,,,,,,,,
Amare Stoudemire,Channing Frye,Jared Dudley,Jason Richardson,Robin Lopez,DeJuan Blair,George Hill,Manu Ginobili,Richard Jefferson,Tony Parker,4,9:02,PHX,sub,,,,Amare Stoudemire,,Goran Dragic,,,,,,,,,,,,
Amare Stoudemire,Jared Dudley,Jason Richardson,Robin Lopez,Steve Nash,DeJuan Blair,George Hill,Manu Ginobili,Richard Jefferson,Tony Parker,4,9:02,PHX,sub,,,,Steve Nash,,Channing Frye,,,,,,,,,,,,
Amare Stoudemire,Jared Dudley,Jason Richardson,Robin Lopez,Steve Nash,Antonio McDyess,DeJuan Blair,Manu Ginobili,Richard Jefferson,Tony Parker,4,9:02,SAS,sub,,,,Antonio McDyess,,George Hill,,,,,,,,,,,,
Amare Stoudemire,Jared Dudley,Jason Richardson,Robin Lopez,Steve Nash,Antonio McDyess,DeJuan Blair,Manu Ginobili,Richard Jefferson,Tony Parker,4,8:57,PHX,turnover,,,,,,,,,,Jason Richardson,,,lost ball,,Antonio McDyess,,,
Amare Stoudemire,Jared Dudley,Jason Richardson,Robin Lopez,Steve Nash,Antonio McDyess,DeJuan Blair,Manu Ginobili,Richard Jefferson,Tony Parker,4,8:50,SAS,shot,,,,,,,,,,Manu Ginobili,2,,,made,,layup,26,6
Amare Stoudemire,Jared Dudley,Jason Richardson,Robin Lopez,Steve Nash,Antonio McDyess,DeJuan Blair,Manu Ginobili,Richard Jefferson,Tony Parker,4,8:31,PHX,shot,Steve Nash,,,,,,,,,Amare Stoudemire,2,,,made,,layup,26,6
Amare Stoudemire,Jared Dudley,Jason Richardson,Robin Lopez,Steve Nash,Antonio McDyess,DeJuan Blair,Manu Ginobili,Richard Jefferson,Tony Parker,4,8:10,SAS,shot,,,,,,,,,,Tony Parker,,,,missed,,jump,8,12
Amare Stoudemire,Jared Dudley,Jason Richardson,Robin Lopez,Steve Nash,Antonio McDyess,DeJuan Blair,Manu Ginobili,Richard Jefferson,Tony Parker,4,8:10,SAS,rebound,,,,,,,,,,,,,,,,,,
Amare Stoudemire,Jared Dudley,Jason Richardson,Robin Lopez,Steve Nash,Antonio McDyess,DeJuan Blair,Manu Ginobili,Richard Jefferson,Tony Parker,4,7:49,SAS,shot,,,,,,,,,,Manu Ginobili,,,,missed,,3pt,14,29
Amare Stoudemire,Jared Dudley,Jason Richardson,Robin Lopez,Steve Nash,Antonio McDyess,DeJuan Blair,Manu Ginobili,Richard Jefferson,Tony Parker,4,7:48,PHX,rebound,,,,,,,,,,Steve Nash,,,,,,def,,
Amare Stoudemire,Jared Dudley,Jason Richardson,Robin Lopez,Steve Nash,Antonio McDyess,DeJuan Blair,Manu Ginobili,Richard Jefferson,Tony Parker,4,7:32,PHX,turnover,,,,,,,,,,Amare Stoudemire,,,3 second violation,,,,,
Amare Stoudemire,Jared Dudley,Jason Richardson,Robin Lopez,Steve Nash,Antonio McDyess,DeJuan Blair,George Hill,Richard Jefferson,Tony Parker,4,7:32,SAS,sub,,,,George Hill,,Manu Ginobili,,,,,,,,,,,,
Amare Stoudemire,Jared Dudley,Jason Richardson,Robin Lopez,Steve Nash,Antonio McDyess,DeJuan Blair,George Hill,Richard Jefferson,Tony Parker,4,7:18,SAS,shot,Richard Jefferson,,,,,,,,,Antonio McDyess,2,,,made,,jump,41,13
Amare Stoudemire,Jared Dudley,Jason Richardson,Robin Lopez,Steve Nash,Antonio McDyess,DeJuan Blair,George Hill,Richard Jefferson,Tony Parker,4,6:59,PHX,shot,,,,,,,,,,Steve Nash,2,,,made,,jump,29,17
Amare Stoudemire,Jared Dudley,Jason Richardson,Robin Lopez,Steve Nash,Antonio McDyess,DeJuan Blair,George Hill,Richard Jefferson,Tony Parker,4,6:45,SAS,shot,,,,,,,,,,Tony Parker,,,,missed,,jump,35,20
Amare Stoudemire,Jared Dudley,Jason Richardson,Robin Lopez,Steve Nash,Antonio McDyess,DeJuan Blair,George Hill,Richard Jefferson,Tony Parker,4,6:44,PHX,rebound,,,,,,,,,,Robin Lopez,,,,,,def,,
Amare Stoudemire,Jared Dudley,Jason Richardson,Robin Lopez,Steve Nash,Antonio McDyess,DeJuan Blair,George Hill,Richard Jefferson,Tony Parker,4,6:32,PHX,turnover,,,,,,,,,,Steve Nash,,,bad pass,,,,,
Amare Stoudemire,Channing Frye,Jared Dudley,Jason Richardson,Steve Nash,Antonio McDyess,DeJuan Blair,George Hill,Richard Jefferson,Tony Parker,4,6:32,PHX,sub,,,,Channing Frye,,Robin Lopez,,,,,,,,,,,,
Amare Stoudemire,Channing Frye,Jared Dudley,Jason Richardson,Steve Nash,Antonio McDyess,DeJuan Blair,George Hill,Richard Jefferson,Tony Parker,4,6:32,SAS,timeout,,,,,,,,,,,,,,,,regular,,
Amare Stoudemire,Channing Frye,Jared Dudley,Jason Richardson,Steve Nash,Antonio McDyess,George Hill,Richard Jefferson,Tim Duncan,Tony Parker,4,6:32,SAS,sub,,,,Tim Duncan,,DeJuan Blair,,,,,,,,,,,,
Amare Stoudemire,Channing Frye,Jared Dudley,Jason Richardson,Steve Nash,Antonio McDyess,George Hill,Manu Ginobili,Richard Jefferson,Tim Duncan,4,6:32,SAS,sub,,,,Manu Ginobili,,Tony Parker,,,,,,,,,,,,
Amare Stoudemire,Channing Frye,Jared Dudley,Jason Richardson,Steve Nash,Antonio McDyess,George Hill,Manu Ginobili,Richard Jefferson,Tim Duncan,4,6:17,SAS,shot,,,,,,,,,,Richard Jefferson,,,,missed,,3pt,2,11
Amare Stoudemire,Channing Frye,Jared Dudley,Jason Richardson,Steve Nash,Antonio McDyess,George Hill,Manu Ginobili,Richard Jefferson,Tim Duncan,4,6:16,SAS,rebound,,,,,,,,,,Tim Duncan,,,,,,off,,
Amare Stoudemire,Channing Frye,Jared Dudley,Jason Richardson,Steve Nash,Antonio McDyess,George Hill,Manu Ginobili,Richard Jefferson,Tim Duncan,4,6:13,SAS,shot,Manu Ginobili,,,,,,,,,Richard Jefferson,2,,,made,,layup,24,6
Amare Stoudemire,Channing Frye,Jared Dudley,Jason Richardson,Steve Nash,Antonio McDyess,George Hill,Manu Ginobili,Richard Jefferson,Tim Duncan,4,5:54,PHX,shot,,,,,,,,,,Amare Stoudemire,,,,missed,,reverse layup,25,9
Amare Stoudemire,Channing Frye,Jared Dudley,Jason Richardson,Steve Nash,Antonio McDyess,George Hill,Manu Ginobili,Richard Jefferson,Tim Duncan,4,5:52,PHX,rebound,,,,,,,,,,Amare Stoudemire,,,,,,off,,
Amare Stoudemire,Channing Frye,Jared Dudley,Jason Richardson,Steve Nash,Antonio McDyess,George Hill,Manu Ginobili,Richard Jefferson,Tim Duncan,4,5:50,PHX,shot,,,,,,,,,,Amare Stoudemire,2,,,made,,layup,25,5
Amare Stoudemire,Channing Frye,Jared Dudley,Jason Richardson,Steve Nash,Antonio McDyess,George Hill,Manu Ginobili,Richard Jefferson,Tim Duncan,4,5:36,PHX,foul,,,,,,,,Manu Ginobili,,Amare Stoudemire,,,,,,personal,,
Amare Stoudemire,Channing Frye,Grant Hill,Jason Richardson,Steve Nash,Antonio McDyess,George Hill,Manu Ginobili,Richard Jefferson,Tim Duncan,4,5:36,PHX,sub,,,,Grant Hill,,Jared Dudley,,,,,,,,,,,,
Amare Stoudemire,Channing Frye,Grant Hill,Jason Richardson,Steve Nash,Antonio McDyess,George Hill,Manu Ginobili,Richard Jefferson,Tim Duncan,4,5:27,SAS,shot,Manu Ginobili,,,,,,,,,Antonio McDyess,2,,,made,,jump,24,25
Amare Stoudemire,Channing Frye,Grant Hill,Jason Richardson,Steve Nash,Antonio McDyess,George Hill,Manu Ginobili,Richard Jefferson,Tim Duncan,4,5:07,SAS,foul,,,,,,,,Jason Richardson,,Antonio McDyess,,,,,,shooting,,
Channing Frye,Grant Hill,Jason Richardson,Robin Lopez,Steve Nash,Antonio McDyess,George Hill,Manu Ginobili,Richard Jefferson,Tim Duncan,4,5:07,PHX,sub,,,,Robin Lopez,,Amare Stoudemire,,,,,,,,,,,,
Channing Frye,Grant Hill,Jason Richardson,Robin Lopez,Steve Nash,Antonio McDyess,George Hill,Manu Ginobili,Richard Jefferson,Tim Duncan,4,5:07,PHX,free throw,,,,,,,1,,2,Jason Richardson,,,foul,made,,,,
Channing Frye,Grant Hill,Jason Richardson,Robin Lopez,Steve Nash,Antonio McDyess,George Hill,Manu Ginobili,Richard Jefferson,Tim Duncan,4,5:07,PHX,free throw,,,,,,,2,,2,Jason Richardson,,,foul,made,,,,
Channing Frye,Grant Hill,Jason Richardson,Robin Lopez,Steve Nash,Antonio McDyess,George Hill,Manu Ginobili,Richard Jefferson,Tim Duncan,4,4:49,SAS,shot,,,,,,,,,,Tim Duncan,2,,,made,,driving hook,22,11
Channing Frye,Grant Hill,Jason Richardson,Robin Lopez,Steve Nash,Antonio McDyess,George Hill,Manu Ginobili,Richard Jefferson,Tim Duncan,4,4:30,SAS,foul,,,,,,,,Robin Lopez,,Tim Duncan,,,,,,shooting,,
Channing Frye,Grant Hill,Jason Richardson,Robin Lopez,Steve Nash,Antonio McDyess,George Hill,Manu Ginobili,Richard Jefferson,Tim Duncan,4,4:30,PHX,free throw,,,,,,,1,,2,Robin Lopez,,,foul,made,,,,
Channing Frye,Grant Hill,Jason Richardson,Robin Lopez,Steve Nash,Antonio McDyess,George Hill,Manu Ginobili,Richard Jefferson,Tim Duncan,4,4:30,PHX,free throw,,,,,,,2,,2,Robin Lopez,,,foul,made,,,,
Channing Frye,Grant Hill,Jason Richardson,Robin Lopez,Steve Nash,Antonio McDyess,George Hill,Manu Ginobili,Richard Jefferson,Tim Duncan,4,4:19,SAS,turnover,,,,,,,,,,George Hill,,,bad pass,,Channing Frye,,,
Channing Frye,Grant Hill,Jason Richardson,Robin Lopez,Steve Nash,Antonio McDyess,George Hill,Manu Ginobili,Richard Jefferson,Tim Duncan,4,4:06,PHX,turnover,,,,,,,,,,Grant Hill,,,step out of bounds turnover,,,,,
Channing Frye,Grant Hill,Jason Richardson,Robin Lopez,Steve Nash,Antonio McDyess,George Hill,Manu Ginobili,Richard Jefferson,Tim Duncan,4,3:48,SAS,shot,,,,,,,,,,Tim Duncan,2,,,made,,step back jump,39,8
Channing Frye,Grant Hill,Jason Richardson,Robin Lopez,Steve Nash,Antonio McDyess,George Hill,Manu Ginobili,Richard Jefferson,Tim Duncan,4,3:32,PHX,shot,,,,,,,,,,Steve Nash,,,,missed,,layup,25,8
Channing Frye,Grant Hill,Jason Richardson,Robin Lopez,Steve Nash,Antonio McDyess,George Hill,Manu Ginobili,Richard Jefferson,Tim Duncan,4,3:32,PHX,rebound,,,,,,,,,,Robin Lopez,,,,,,off,,
Channing Frye,Grant Hill,Jason Richardson,Robin Lopez,Steve Nash,Antonio McDyess,George Hill,Manu Ginobili,Richard Jefferson,Tim Duncan,4,3:32,SAS,foul,,,,,,,,Robin Lopez,,Manu Ginobili,,,,,,personal,,
Amare Stoudemire,Channing Frye,Grant Hill,Jason Richardson,Steve Nash,Antonio McDyess,George Hill,Manu Ginobili,Richard Jefferson,Tim Duncan,4,3:32,PHX,sub,,,,Amare Stoudemire,,Robin Lopez,,,,,,,,,,,,
Amare Stoudemire,Channing Frye,Grant Hill,Jason Richardson,Steve Nash,Antonio McDyess,George Hill,Manu Ginobili,Richard Jefferson,Tim Duncan,4,3:22,PHX,shot,,,Richard Jefferson,,,,,,,Amare Stoudemire,,,,missed,,jump,20,7
Amare Stoudemire,Channing Frye,Grant Hill,Jason Richardson,Steve Nash,Antonio McDyess,George Hill,Manu Ginobili,Richard Jefferson,Tim Duncan,4,3:20,SAS,rebound,,,,,,,,,,Tim Duncan,,,,,,def,,
Amare Stoudemire,Channing Frye,Grant Hill,Jason Richardson,Steve Nash,Antonio McDyess,George Hill,Manu Ginobili,Richard Jefferson,Tim Duncan,4,3:04,SAS,shot,Richard Jefferson,,,,,,,,,Antonio McDyess,2,,,made,,jump,36,21
Amare Stoudemire,Channing Frye,Grant Hill,Jason Richardson,Steve Nash,Antonio McDyess,George Hill,Manu Ginobili,Richard Jefferson,Tim Duncan,4,3:04,PHX,timeout,,,,,,,,,,,,,,,,regular,,
Amare Stoudemire,Channing Frye,Grant Hill,Jason Richardson,Steve Nash,Antonio McDyess,George Hill,Manu Ginobili,Richard Jefferson,Tim Duncan,4,2:52,PHX,shot,Channing Frye,,,,,,,,,Jason Richardson,3,,,made,,3pt,11,27
Amare Stoudemire,Channing Frye,Grant Hill,Jason Richardson,Steve Nash,Antonio McDyess,George Hill,Manu Ginobili,Richard Jefferson,Tim Duncan,4,2:29,PHX,foul,,,,,,,,Richard Jefferson,,Grant Hill,,,,,,shooting,,
Amare Stoudemire,Channing Frye,Grant Hill,Jason Richardson,Steve Nash,Antonio McDyess,George Hill,Manu Ginobili,Richard Jefferson,Tim Duncan,4,2:29,SAS,free throw,,,,,,,1,,2,Richard Jefferson,,,foul,made,,,,
Amare Stoudemire,Channing Frye,Jared Dudley,Jason Richardson,Steve Nash,Antonio McDyess,George Hill,Manu Ginobili,Richard Jefferson,Tim Duncan,4,2:29,PHX,sub,,,,Jared Dudley,,Grant Hill,,,,,,,,,,,,
Amare Stoudemire,Channing Frye,Jared Dudley,Jason Richardson,Steve Nash,Antonio McDyess,George Hill,Manu Ginobili,Richard Jefferson,Tim Duncan,4,2:29,SAS,free throw,,,,,,,2,,2,Richard Jefferson,,,foul,made,,,,
Amare Stoudemire,Channing Frye,Jared Dudley,Jason Richardson,Steve Nash,Antonio McDyess,George Hill,Manu Ginobili,Richard Jefferson,Tim Duncan,4,2:16,SAS,foul,,,,,,,,Amare Stoudemire,,Manu Ginobili,,,,,,shooting,,
Amare Stoudemire,Channing Frye,Jared Dudley,Jason Richardson,Steve Nash,Antonio McDyess,George Hill,Manu Ginobili,Richard Jefferson,Tim Duncan,4,2:16,PHX,free throw,,,,,,,1,,2,Amare Stoudemire,,,foul,missed,,,,
Amare Stoudemire,Channing Frye,Jared Dudley,Jason Richardson,Steve Nash,Antonio McDyess,George Hill,Manu Ginobili,Richard Jefferson,Tim Duncan,4,2:16,PHX,rebound,,,,,,,,,,,,,,,,,,
Amare Stoudemire,Channing Frye,Jared Dudley,Jason Richardson,Steve Nash,Antonio McDyess,George Hill,Manu Ginobili,Richard Jefferson,Tim Duncan,4,2:16,PHX,free throw,,,,,,,2,,2,Amare Stoudemire,,,foul,made,,,,
Amare Stoudemire,Channing Frye,Jared Dudley,Jason Richardson,Steve Nash,Antonio McDyess,George Hill,Manu Ginobili,Richard Jefferson,Tim Duncan,4,2:03,SAS,shot,,,,,,,,,,Antonio McDyess,,,,missed,,jump,10,12
Amare Stoudemire,Channing Frye,Jared Dudley,Jason Richardson,Steve Nash,Antonio McDyess,George Hill,Manu Ginobili,Richard Jefferson,Tim Duncan,4,2:02,PHX,rebound,,,,,,,,,,Steve Nash,,,,,,def,,
Amare Stoudemire,Channing Frye,Jared Dudley,Jason Richardson,Steve Nash,Antonio McDyess,George Hill,Manu Ginobili,Richard Jefferson,Tim Duncan,4,1:55,PHX,shot,Steve Nash,,,,,,,,,Amare Stoudemire,2,,,made,,jump,28,10
Amare Stoudemire,Channing Frye,Jared Dudley,Jason Richardson,Steve Nash,Antonio McDyess,George Hill,Manu Ginobili,Richard Jefferson,Tim Duncan,4,1:39,PHX,foul,,,,,,,,Tim Duncan,,Amare Stoudemire,,,,,,shooting,,
Amare Stoudemire,Channing Frye,Jared Dudley,Jason Richardson,Steve Nash,Antonio McDyess,George Hill,Manu Ginobili,Richard Jefferson,Tim Duncan,4,1:39,SAS,free throw,,,,,,,1,,2,Tim Duncan,,,foul,missed,,,,
Amare Stoudemire,Channing Frye,Jared Dudley,Jason Richardson,Steve Nash,Antonio McDyess,George Hill,Manu Ginobili,Richard Jefferson,Tim Duncan,4,1:39,SAS,rebound,,,,,,,,,,,,,,,,,,
Amare Stoudemire,Channing Frye,Jared Dudley,Jason Richardson,Steve Nash,Antonio McDyess,George Hill,Manu Ginobili,Richard Jefferson,Tim Duncan,4,1:39,SAS,free throw,,,,,,,2,,2,Tim Duncan,,,foul,made,,,,
Amare Stoudemire,Channing Frye,Jared Dudley,Jason Richardson,Steve Nash,Antonio McDyess,George Hill,Manu Ginobili,Richard Jefferson,Tim Duncan,4,1:34,PHX,shot,Steve Nash,,,,,,,,,Amare Stoudemire,2,,,made,,driving dunk,26,6
Amare Stoudemire,Channing Frye,Jared Dudley,Jason Richardson,Steve Nash,Antonio McDyess,George Hill,Manu Ginobili,Richard Jefferson,Tim Duncan,4,1:34,SAS,foul,,,,,,,,Amare Stoudemire,,Richard Jefferson,,,,,,shooting,,
Amare Stoudemire,Channing Frye,Jared Dudley,Jason Richardson,Steve Nash,Antonio McDyess,George Hill,Manu Ginobili,Richard Jefferson,Tim Duncan,4,1:34,PHX,free throw,,,,,,,1,,1,Amare Stoudemire,,,foul,made,,,,
Amare Stoudemire,Channing Frye,Jared Dudley,Jason Richardson,Steve Nash,Antonio McDyess,George Hill,Manu Ginobili,Richard Jefferson,Tim Duncan,4,1:17,PHX,foul,,,,,,,,Manu Ginobili,,Channing Frye,,,,,,shooting,,
Amare Stoudemire,Channing Frye,Jared Dudley,Jason Richardson,Steve Nash,Antonio McDyess,George Hill,Manu Ginobili,Richard Jefferson,Tim Duncan,4,1:17,SAS,free throw,,,,,,,1,,2,Manu Ginobili,,,foul,made,,,,
Amare Stoudemire,Channing Frye,Jared Dudley,Jason Richardson,Steve Nash,Antonio McDyess,George Hill,Manu Ginobili,Richard Jefferson,Tim Duncan,4,1:17,SAS,free throw,,,,,,,2,,2,Manu Ginobili,,,foul,made,,,,
Amare Stoudemire,Channing Frye,Jared Dudley,Jason Richardson,Steve Nash,Antonio McDyess,George Hill,Manu Ginobili,Richard Jefferson,Tim Duncan,4,1:04,PHX,shot,,,,,,,,,,Amare Stoudemire,2,,,made,,layup,24,6
Amare Stoudemire,Channing Frye,Jared Dudley,Jason Richardson,Steve Nash,Antonio McDyess,George Hill,Manu Ginobili,Richard Jefferson,Tim Duncan,4,0:44,SAS,turnover,,,,,,,,,,George Hill,,,bad pass,,Jared Dudley,,,
Amare Stoudemire,Channing Frye,Jared Dudley,Jason Richardson,Steve Nash,Antonio McDyess,George Hill,Manu Ginobili,Richard Jefferson,Tim Duncan,4,0:41,PHX,shot,,,,,,,,,,Jason Richardson,,,,missed,,dunk,24,6
Amare Stoudemire,Channing Frye,Jared Dudley,Jason Richardson,Steve Nash,Antonio McDyess,George Hill,Manu Ginobili,Richard Jefferson,Tim Duncan,4,0:40,SAS,rebound,,,,,,,,,,Manu Ginobili,,,,,,def,,
Amare Stoudemire,Channing Frye,Jared Dudley,Jason Richardson,Steve Nash,Antonio McDyess,George Hill,Manu Ginobili,Richard Jefferson,Tim Duncan,4,0:18,SAS,shot,,,,,,,,,,George Hill,,,,missed,,3pt,49,8
Amare Stoudemire,Channing Frye,Jared Dudley,Jason Richardson,Steve Nash,Antonio McDyess,George Hill,Manu Ginobili,Richard Jefferson,Tim Duncan,4,0:17,SAS,rebound,,,,,,,,,,Tim Duncan,,,,,,off,,
Amare Stoudemire,Channing Frye,Jared Dudley,Jason Richardson,Steve Nash,Antonio McDyess,George Hill,Manu Ginobili,Richard Jefferson,Tim Duncan,4,0:13,PHX,foul,,,,,,,,Manu Ginobili,,Jared Dudley,,,,,,personal,,
Amare Stoudemire,Channing Frye,Jared Dudley,Jason Richardson,Steve Nash,Antonio McDyess,George Hill,Manu Ginobili,Richard Jefferson,Tim Duncan,4,0:13,SAS,free throw,,,,,,,1,,2,Manu Ginobili,,,foul,made,,,,
Amare Stoudemire,Channing Frye,Jared Dudley,Jason Richardson,Steve Nash,DeJuan Blair,George Hill,Manu Ginobili,Richard Jefferson,Tim Duncan,4,0:13,SAS,sub,,,,DeJuan Blair,,Antonio McDyess,,,,,,,,,,,,
Amare Stoudemire,Channing Frye,Jared Dudley,Jason Richardson,Steve Nash,DeJuan Blair,George Hill,Keith Bogans,Manu Ginobili,Richard Jefferson,4,0:13,SAS,sub,,,,Keith Bogans,,Tim Duncan,,,,,,,,,,,,
Amare Stoudemire,Channing Frye,Jared Dudley,Jason Richardson,Steve Nash,DeJuan Blair,George Hill,Keith Bogans,Manu Ginobili,Richard Jefferson,4,0:13,SAS,free throw,,,,,,,2,,2,Manu Ginobili,,,foul,made,,,,
Amare Stoudemire,Channing Frye,Jared Dudley,Jason Richardson,Steve Nash,DeJuan Blair,George Hill,Keith Bogans,Manu Ginobili,Richard Jefferson,4,0:13,PHX,timeout,,,,,,,,,,,,,,,,regular,,
Amare Stoudemire,Channing Frye,Jared Dudley,Jason Richardson,Steve Nash,George Hill,Keith Bogans,Malik Hairston,Manu Ginobili,Richard Jefferson,4,0:13,SAS,sub,,,,Malik Hairston,,DeJuan Blair,,,,,,,,,,,,
Amare Stoudemire,Channing Frye,Jared Dudley,Jason Richardson,Steve Nash,George Hill,Keith Bogans,Malik Hairston,Manu Ginobili,Richard Jefferson,4,0:09,PHX,shot,,,,,,,,,,Amare Stoudemire,2,,,made,,layup,27,7
Amare Stoudemire,Channing Frye,Jared Dudley,Jason Richardson,Steve Nash,George Hill,Keith Bogans,Malik Hairston,Manu Ginobili,Richard Jefferson,4,0:09,SAS,timeout,,,,,,,,,,,,,,,,regular,,
Amare Stoudemire,Channing Frye,Goran Dragic,Jason Richardson,Steve Nash,George Hill,Keith Bogans,Malik Hairston,Manu Ginobili,Richard Jefferson,4,0:09,PHX,sub,,,,Goran Dragic,,Jared Dudley,,,,,,,,,,,,
Amare Stoudemire,Goran Dragic,Grant Hill,Jason Richardson,Steve Nash,George Hill,Keith Bogans,Malik Hairston,Manu Ginobili,Richard Jefferson,4,0:09,PHX,sub,,,,Grant Hill,,Channing Frye,,,,,,,,,,,,
Goran Dragic,Grant Hill,Jared Dudley,Jason Richardson,Steve Nash,George Hill,Keith Bogans,Malik Hairston,Manu Ginobili,Richard Jefferson,4,0:09,PHX,sub,,,,Jared Dudley,,Amare Stoudemire,,,,,,,,,,,,
Goran Dragic,Grant Hill,Jared Dudley,Jason Richardson,Steve Nash,Antonio McDyess,George Hill,Malik Hairston,Manu Ginobili,Richard Jefferson,4,0:09,SAS,sub,,,,Antonio McDyess,,Keith Bogans,,,,,,,,,,,,
Goran Dragic,Grant Hill,Jared Dudley,Jason Richardson,Steve Nash,Antonio McDyess,George Hill,Manu Ginobili,Richard Jefferson,Tim Duncan,4,0:09,SAS,sub,,,,Tim Duncan,,Malik Hairston,,,,,,,,,,,,
Goran Dragic,Grant Hill,Jared Dudley,Jason Richardson,Steve Nash,Antonio McDyess,George Hill,Manu Ginobili,Richard Jefferson,Tim Duncan,4,0:08,PHX,foul,,,,,,,,George Hill,,Steve Nash,,,,,,personal,,
Amare Stoudemire,Grant Hill,Jared Dudley,Jason Richardson,Steve Nash,Antonio McDyess,George Hill,Manu Ginobili,Richard Jefferson,Tim Duncan,4,0:08,PHX,sub,,,,Amare Stoudemire,,Goran Dragic,,,,,,,,,,,,
Amare Stoudemire,Channing Frye,Jared Dudley,Jason Richardson,Steve Nash,Antonio McDyess,George Hill,Manu Ginobili,Richard Jefferson,Tim Duncan,4,0:08,PHX,sub,,,,Channing Frye,,Grant Hill,,,,,,,,,,,,
Amare Stoudemire,Channing Frye,Jared Dudley,Jason Richardson,Steve Nash,George Hill,Keith Bogans,Manu Ginobili,Richard Jefferson,Tim Duncan,4,0:08,SAS,sub,,,,Keith Bogans,,Antonio McDyess,,,,,,,,,,,,
Amare Stoudemire,Channing Frye,Jared Dudley,Jason Richardson,Steve Nash,George Hill,Keith Bogans,Malik Hairston,Manu Ginobili,Richard Jefferson,4,0:08,SAS,sub,,,,Malik Hairston,,Tim Duncan,,,,,,,,,,,,
Amare Stoudemire,Channing Frye,Jared Dudley,Jason Richardson,Steve Nash,George Hill,Keith Bogans,Malik Hairston,Manu Ginobili,Richard Jefferson,4,0:08,SAS,free throw,,,,,,,1,,2,George Hill,,,foul,made,,,,
Amare Stoudemire,Channing Frye,Jared Dudley,Jason Richardson,Steve Nash,George Hill,Keith Bogans,Malik Hairston,Manu Ginobili,Richard Jefferson,4,0:08,SAS,free throw,,,,,,,2,,2,George Hill,,,foul,made,,,,
Amare Stoudemire,Channing Frye,Jared Dudley,Jason Richardson,Steve Nash,George Hill,Keith Bogans,Malik Hairston,Manu Ginobili,Richard Jefferson,4,0:08,PHX,timeout,,,,,,,,,,,,,,,,short,,
Amare Stoudemire,Channing Frye,Grant Hill,Jason Richardson,Steve Nash,George Hill,Keith Bogans,Malik Hairston,Manu Ginobili,Richard Jefferson,4,0:08,PHX,sub,,,,Grant Hill,,Jared Dudley,,,,,,,,,,,,
Amare Stoudemire,Channing Frye,Grant Hill,Jason Richardson,Steve Nash,George Hill,Keith Bogans,Malik Hairston,Manu Ginobili,Tim Duncan,4,0:08,SAS,sub,,,,Tim Duncan,,Richard Jefferson,,,,,,,,,,,,
Amare Stoudemire,Channing Frye,Grant Hill,Jason Richardson,Steve Nash,George Hill,Keith Bogans,Malik Hairston,Manu Ginobili,Tim Duncan,4,0:04,PHX,shot,Amare Stoudemire,,,,,,,,,Steve Nash,3,,,made,,3pt,41,28
Amare Stoudemire,Channing Frye,Grant Hill,Jason Richardson,Steve Nash,George Hill,Keith Bogans,Malik Hairston,Manu Ginobili,Tim Duncan,4,0:04,SAS,timeout,,,,,,,,,,,,,,,,short,,
Amare Stoudemire,Channing Frye,Grant Hill,Jason Richardson,Steve Nash,Antonio McDyess,George Hill,Keith Bogans,Manu Ginobili,Tim Duncan,4,0:04,SAS,sub,,,,Antonio McDyess,,Malik Hairston,,,,,,,,,,,,
Amare Stoudemire,Channing Frye,Grant Hill,Jason Richardson,Steve Nash,Antonio McDyess,George Hill,Manu Ginobili,Richard Jefferson,Tim Duncan,4,0:04,SAS,sub,,,,Richard Jefferson,,Keith Bogans,,,,,,,,,,,,
Amare Stoudemire,Grant Hill,Jared Dudley,Jason Richardson,Steve Nash,Antonio McDyess,George Hill,Manu Ginobili,Richard Jefferson,Tim Duncan,4,0:04,PHX,sub,,,,Jared Dudley,,Channing Frye,,,,,,,,,,,,
Amare Stoudemire,Grant Hill,Jared Dudley,Jason Richardson,Steve Nash,Antonio McDyess,George Hill,Manu Ginobili,Richard Jefferson,Tim Duncan,4,0:03,PHX,foul,,,,,,,,Manu Ginobili,,Grant Hill,,,,,,personal,,
Amare Stoudemire,Channing Frye,Grant Hill,Jason Richardson,Steve Nash,Antonio McDyess,George Hill,Manu Ginobili,Richard Jefferson,Tim Duncan,4,0:03,PHX,sub,,,,Channing Frye,,Jared Dudley,,,,,,,,,,,,
Amare Stoudemire,Channing Frye,Grant Hill,Jason Richardson,Steve Nash,Antonio McDyess,George Hill,Keith Bogans,Manu Ginobili,Richard Jefferson,4,0:03,SAS,sub,,,,Keith Bogans,,Tim Duncan,,,,,,,,,,,,
Amare Stoudemire,Channing Frye,Grant Hill,Jason Richardson,Steve Nash,George Hill,Keith Bogans,Malik Hairston,Manu Ginobili,Richard Jefferson,4,0:03,SAS,sub,,,,Malik Hairston,,Antonio McDyess,,,,,,,,,,,,
Amare Stoudemire,Channing Frye,Grant Hill,Jason Richardson,Steve Nash,George Hill,Keith Bogans,Malik Hairston,Manu Ginobili,Richard Jefferson,4,0:03,SAS,free throw,,,,,,,1,,2,Manu Ginobili,,,foul,made,,,,
Amare Stoudemire,Channing Frye,Grant Hill,Jason Richardson,Steve Nash,George Hill,Keith Bogans,Malik Hairston,Manu Ginobili,Richard Jefferson,4,0:03,SAS,free throw,,,,,,,2,,2,Manu Ginobili,,,foul,made,,,,
