a1,a2,a3,a4,a5,h1,h2,h3,h4,h5,period,time,team,etype,assist,away,block,entered,home,left,num,opponent,outof,player,points,possession,reason,result,steal,type,x,y
Chris Paul,David West,Devin Brown,Emeka Okafor,Peja Stojakovic,C.J. Miles,Carlos Boozer,Deron Williams,Mehmet Okur,Ronnie Brewer,1,12:00,OFF,jump ball,,Emeka Okafor,,,Mehmet Okur,,,,,,,C.J. Miles,,,,,,
Chris Paul,David West,Devin Brown,Emeka Okafor,Peja Stojakovic,C.J. Miles,Carlos Boozer,Deron Williams,Mehmet Okur,Ronnie Brewer,1,11:46,UTA,shot,,,,,,,,,,Carlos Boozer,2,,,made,,jump,13,10
Chris Paul,David West,Devin Brown,Emeka Okafor,Peja Stojakovic,C.J. Miles,Carlos Boozer,Deron Williams,Mehmet Okur,Ronnie Brewer,1,11:28,NOH,shot,Peja Stojakovic,,,,,,,,,David West,2,,,made,,jump,30,27
Chris Paul,David West,Devin Brown,Emeka Okafor,Peja Stojakovic,C.J. Miles,Carlos Boozer,Deron Williams,Mehmet Okur,Ronnie Brewer,1,11:07,UTA,shot,Deron Williams,,,,,,,,,Carlos Boozer,2,,,made,,jump,5,7
Chris Paul,David West,Devin Brown,Emeka Okafor,Peja Stojakovic,C.J. Miles,Carlos Boozer,Deron Williams,Mehmet Okur,Ronnie Brewer,1,10:49,NOH,foul,,,,,,,,Ronnie Brewer,,Emeka Okafor,,,,,,offensive,,
Chris Paul,David West,Devin Brown,Emeka Okafor,Peja Stojakovic,C.J. Miles,Carlos Boozer,Deron Williams,Mehmet Okur,Ronnie Brewer,1,10:49,NOH,turnover,,,,,,,,,,Emeka Okafor,,,foul,,,,,
Chris Paul,David West,Devin Brown,Emeka Okafor,Peja Stojakovic,C.J. Miles,Carlos Boozer,Deron Williams,Mehmet Okur,Ronnie Brewer,1,10:35,UTA,shot,,,,,,,,,,C.J. Miles,,,,missed,,jump,32,24
Chris Paul,David West,Devin Brown,Emeka Okafor,Peja Stojakovic,C.J. Miles,Carlos Boozer,Deron Williams,Mehmet Okur,Ronnie Brewer,1,10:34,UTA,rebound,,,,,,,,,,,,,,,,,,
Chris Paul,David West,Devin Brown,Emeka Okafor,Peja Stojakovic,C.J. Miles,Carlos Boozer,Deron Williams,Mehmet Okur,Ronnie Brewer,1,10:21,UTA,shot,,,,,,,,,,Ronnie Brewer,,,,missed,,jump,6,7
Chris Paul,David West,Devin Brown,Emeka Okafor,Peja Stojakovic,C.J. Miles,Carlos Boozer,Deron Williams,Mehmet Okur,Ronnie Brewer,1,10:18,UTA,rebound,,,,,,,,,,Carlos Boozer,,,,,,off,,
Chris Paul,David West,Devin Brown,Emeka Okafor,Peja Stojakovic,C.J. Miles,Carlos Boozer,Deron Williams,Mehmet Okur,Ronnie Brewer,1,10:18,UTA,shot,,,David West,,,,,,,Carlos Boozer,,,,missed,,layup,25,6
Chris Paul,David West,Devin Brown,Emeka Okafor,Peja Stojakovic,C.J. Miles,Carlos Boozer,Deron Williams,Mehmet Okur,Ronnie Brewer,1,10:16,NOH,rebound,,,,,,,,,,Chris Paul,,,,,,def,,
Chris Paul,David West,Devin Brown,Emeka Okafor,Peja Stojakovic,C.J. Miles,Carlos Boozer,Deron Williams,Mehmet Okur,Ronnie Brewer,1,10:11,NOH,shot,,,,,,,,,,Peja Stojakovic,,,,missed,,3pt,41,26
Chris Paul,David West,Devin Brown,Emeka Okafor,Peja Stojakovic,C.J. Miles,Carlos Boozer,Deron Williams,Mehmet Okur,Ronnie Brewer,1,10:10,UTA,rebound,,,,,,,,,,Carlos Boozer,,,,,,def,,
Chris Paul,David West,Devin Brown,Emeka Okafor,Peja Stojakovic,C.J. Miles,Carlos Boozer,Deron Williams,Mehmet Okur,Ronnie Brewer,1,10:01,UTA,shot,Deron Williams,,,,,,,,,Mehmet Okur,3,,,made,,3pt,41,25
Chris Paul,David West,Devin Brown,Emeka Okafor,Peja Stojakovic,C.J. Miles,Carlos Boozer,Deron Williams,Mehmet Okur,Ronnie Brewer,1,9:45,NOH,shot,Chris Paul,,,,,,,,,David West,2,,,made,,jump,34,25
Chris Paul,David West,Devin Brown,Emeka Okafor,Peja Stojakovic,C.J. Miles,Carlos Boozer,Deron Williams,Mehmet Okur,Ronnie Brewer,1,9:28,UTA,shot,,,,,,,,,,Carlos Boozer,,,,missed,,jump,25,26
Chris Paul,David West,Devin Brown,Emeka Okafor,Peja Stojakovic,C.J. Miles,Carlos Boozer,Deron Williams,Mehmet Okur,Ronnie Brewer,1,9:26,NOH,rebound,,,,,,,,,,Devin Brown,,,,,,def,,
Chris Paul,David West,Devin Brown,Emeka Okafor,Peja Stojakovic,C.J. Miles,Carlos Boozer,Deron Williams,Mehmet Okur,Ronnie Brewer,1,9:10,NOH,shot,,,,,,,,,,David West,2,,,made,,reverse layup,25,6
Chris Paul,David West,Devin Brown,Emeka Okafor,Peja Stojakovic,C.J. Miles,Carlos Boozer,Deron Williams,Mehmet Okur,Ronnie Brewer,1,9:02,UTA,shot,,,,,,,,,,Deron Williams,2,,,made,,driving layup,25,6
Chris Paul,David West,Devin Brown,Emeka Okafor,Peja Stojakovic,C.J. Miles,Carlos Boozer,Deron Williams,Mehmet Okur,Ronnie Brewer,1,9:02,NOH,foul,,,,,,,,Deron Williams,,Chris Paul,,,,,,shooting,,
Chris Paul,David West,Devin Brown,Emeka Okafor,Peja Stojakovic,C.J. Miles,Carlos Boozer,Deron Williams,Mehmet Okur,Ronnie Brewer,1,9:02,UTA,free throw,,,,,,,1,,1,Deron Williams,,,foul,made,,,,
Chris Paul,David West,Devin Brown,Emeka Okafor,Peja Stojakovic,C.J. Miles,Carlos Boozer,Deron Williams,Mehmet Okur,Ronnie Brewer,1,8:51,NOH,turnover,,,,,,,,,,Chris Paul,,,bad pass,,,,,
Chris Paul,David West,Devin Brown,Emeka Okafor,Peja Stojakovic,C.J. Miles,Carlos Boozer,Deron Williams,Mehmet Okur,Ronnie Brewer,1,8:38,UTA,shot,C.J. Miles,,,,,,,,,Mehmet Okur,3,,,made,,3pt,10,25
Chris Paul,David West,Devin Brown,Emeka Okafor,Peja Stojakovic,C.J. Miles,Carlos Boozer,Deron Williams,Mehmet Okur,Ronnie Brewer,1,8:22,NOH,shot,,,,,,,,,,Peja Stojakovic,,,,missed,,jump,44,3
Chris Paul,David West,Devin Brown,Emeka Okafor,Peja Stojakovic,C.J. Miles,Carlos Boozer,Deron Williams,Mehmet Okur,Ronnie Brewer,1,8:21,UTA,rebound,,,,,,,,,,Carlos Boozer,,,,,,def,,
Chris Paul,David West,Devin Brown,Emeka Okafor,Peja Stojakovic,C.J. Miles,Carlos Boozer,Deron Williams,Mehmet Okur,Ronnie Brewer,1,8:11,UTA,shot,Deron Williams,,,,,,,,,C.J. Miles,3,,,made,,3pt,2,7
Chris Paul,David West,Devin Brown,Emeka Okafor,Peja Stojakovic,C.J. Miles,Carlos Boozer,Deron Williams,Mehmet Okur,Ronnie Brewer,1,8:05,NOH,timeout,,,,,,,,,,,,,,,,regular,,
Chris Paul,David West,Devin Brown,Emeka Okafor,Peja Stojakovic,C.J. Miles,Carlos Boozer,Deron Williams,Mehmet Okur,Ronnie Brewer,1,7:55,NOH,foul,,,,,,,,Mehmet Okur,,Emeka Okafor,,,,,,offensive,,
Chris Paul,David West,Devin Brown,Emeka Okafor,Peja Stojakovic,C.J. Miles,Carlos Boozer,Deron Williams,Mehmet Okur,Ronnie Brewer,1,7:55,NOH,turnover,,,,,,,,,,Emeka Okafor,,,foul,,,,,
Chris Paul,Darius Songaila,David West,Devin Brown,Peja Stojakovic,C.J. Miles,Carlos Boozer,Deron Williams,Mehmet Okur,Ronnie Brewer,1,7:55,NOH,sub,,,,Darius Songaila,,Emeka Okafor,,,,,,,,,,,,
Chris Paul,Darius Songaila,David West,Devin Brown,Peja Stojakovic,C.J. Miles,Carlos Boozer,Deron Williams,Mehmet Okur,Ronnie Brewer,1,7:36,UTA,shot,,,,,,,,,,Mehmet Okur,,,,missed,,jump,44,7
Chris Paul,Darius Songaila,David West,Devin Brown,Peja Stojakovic,C.J. Miles,Carlos Boozer,Deron Williams,Mehmet Okur,Ronnie Brewer,1,7:34,UTA,rebound,,,,,,,,,,,,,,,,,,
Chris Paul,Darius Songaila,David West,Devin Brown,Peja Stojakovic,C.J. Miles,Carlos Boozer,Deron Williams,Mehmet Okur,Ronnie Brewer,1,7:32,UTA,shot,,,,,,,,,,C.J. Miles,,,,missed,,layup,25,6
Chris Paul,Darius Songaila,David West,Devin Brown,Peja Stojakovic,C.J. Miles,Carlos Boozer,Deron Williams,Mehmet Okur,Ronnie Brewer,1,7:30,UTA,rebound,,,,,,,,,,Mehmet Okur,,,,,,off,,
Chris Paul,Darius Songaila,David West,Devin Brown,Peja Stojakovic,C.J. Miles,Carlos Boozer,Deron Williams,Mehmet Okur,Ronnie Brewer,1,7:28,UTA,shot,,,,,,,,,,Mehmet Okur,,,,missed,,jump,29,8
Chris Paul,Darius Songaila,David West,Devin Brown,Peja Stojakovic,C.J. Miles,Carlos Boozer,Deron Williams,Mehmet Okur,Ronnie Brewer,1,7:27,NOH,rebound,,,,,,,,,,Chris Paul,,,,,,def,,
Chris Paul,Darius Songaila,David West,Devin Brown,Peja Stojakovic,C.J. Miles,Carlos Boozer,Deron Williams,Mehmet Okur,Ronnie Brewer,1,7:22,NOH,shot,Chris Paul,,,,,,,,,Devin Brown,2,,,made,,layup,25,6
Chris Paul,Darius Songaila,David West,Devin Brown,Peja Stojakovic,C.J. Miles,Carlos Boozer,Deron Williams,Mehmet Okur,Ronnie Brewer,1,7:22,UTA,foul,,,,,,,,Devin Brown,,C.J. Miles,,,,,,shooting,,
Chris Paul,Darius Songaila,David West,Devin Brown,Peja Stojakovic,C.J. Miles,Carlos Boozer,Deron Williams,Mehmet Okur,Ronnie Brewer,1,7:22,NOH,free throw,,,,,,,1,,1,Devin Brown,,,foul,made,,,,
Chris Paul,Darius Songaila,David West,Devin Brown,Peja Stojakovic,C.J. Miles,Carlos Boozer,Deron Williams,Mehmet Okur,Ronnie Brewer,1,7:07,UTA,turnover,,,,,,,,,,Carlos Boozer,,,offensive goaltending,,,,,
Chris Paul,Darius Songaila,David West,Devin Brown,Peja Stojakovic,C.J. Miles,Carlos Boozer,Deron Williams,Mehmet Okur,Ronnie Brewer,1,6:54,NOH,shot,,,,,,,,,,Darius Songaila,,,,missed,,jump,35,23
Chris Paul,Darius Songaila,David West,Devin Brown,Peja Stojakovic,C.J. Miles,Carlos Boozer,Deron Williams,Mehmet Okur,Ronnie Brewer,1,6:53,UTA,rebound,,,,,,,,,,Carlos Boozer,,,,,,def,,
Chris Paul,Darius Songaila,David West,Devin Brown,Peja Stojakovic,C.J. Miles,Carlos Boozer,Deron Williams,Mehmet Okur,Ronnie Brewer,1,6:43,UTA,turnover,,,,,,,,,,Carlos Boozer,,,bad pass,,Peja Stojakovic,,,
Chris Paul,Darius Songaila,David West,Devin Brown,Peja Stojakovic,C.J. Miles,Carlos Boozer,Deron Williams,Mehmet Okur,Ronnie Brewer,1,6:40,NOH,shot,,,,,,,,,,Devin Brown,2,,,made,,layup,25,6
Chris Paul,Darius Songaila,David West,Devin Brown,Peja Stojakovic,C.J. Miles,Carlos Boozer,Deron Williams,Mehmet Okur,Ronnie Brewer,1,6:40,UTA,foul,,,,,,,,Devin Brown,,Carlos Boozer,,,,,,shooting,,
Chris Paul,Darius Songaila,David West,Devin Brown,Peja Stojakovic,C.J. Miles,Carlos Boozer,Deron Williams,Mehmet Okur,Ronnie Brewer,1,6:40,NOH,free throw,,,,,,,1,,1,Devin Brown,,,foul,missed,,,,
Chris Paul,Darius Songaila,David West,Devin Brown,Peja Stojakovic,C.J. Miles,Carlos Boozer,Deron Williams,Mehmet Okur,Ronnie Brewer,1,6:38,UTA,rebound,,,,,,,,,,Mehmet Okur,,,,,,def,,
Chris Paul,Darius Songaila,David West,Devin Brown,Peja Stojakovic,C.J. Miles,Carlos Boozer,Deron Williams,Mehmet Okur,Ronnie Brewer,1,6:26,UTA,shot,Ronnie Brewer,,,,,,,,,Carlos Boozer,2,,,made,,jump hook,25,14
Chris Paul,Darius Songaila,David West,Devin Brown,Peja Stojakovic,C.J. Miles,Carlos Boozer,Deron Williams,Mehmet Okur,Ronnie Brewer,1,6:12,NOH,turnover,,,,,,,,,,Chris Paul,,,bad pass,,Ronnie Brewer,,,
Chris Paul,Darius Songaila,David West,Devin Brown,Peja Stojakovic,C.J. Miles,Carlos Boozer,Deron Williams,Mehmet Okur,Ronnie Brewer,1,6:09,UTA,shot,,,,,,,,,,Ronnie Brewer,2,,,made,,dunk,25,6
Chris Paul,Darius Songaila,David West,Devin Brown,Peja Stojakovic,C.J. Miles,Carlos Boozer,Deron Williams,Mehmet Okur,Ronnie Brewer,1,5:47,NOH,shot,Chris Paul,,,,,,,,,Devin Brown,3,,,made,,3pt,5,20
Chris Paul,Darius Songaila,David West,Devin Brown,Peja Stojakovic,C.J. Miles,Carlos Boozer,Deron Williams,Mehmet Okur,Ronnie Brewer,1,5:31,UTA,shot,,,,,,,,,,Deron Williams,2,,,made,,jump,16,22
Chris Paul,Darius Songaila,David West,Devin Brown,Peja Stojakovic,C.J. Miles,Carlos Boozer,Deron Williams,Mehmet Okur,Ronnie Brewer,1,5:24,UTA,foul,,,,,,,,Chris Paul,,Ronnie Brewer,,,,,,shooting,,
Chris Paul,Darius Songaila,David West,Devin Brown,Peja Stojakovic,C.J. Miles,Carlos Boozer,Deron Williams,Mehmet Okur,Ronnie Brewer,1,5:24,NOH,free throw,,,,,,,1,,2,Chris Paul,,,foul,made,,,,
Chris Paul,Darius Songaila,David West,Devin Brown,Peja Stojakovic,C.J. Miles,Carlos Boozer,Deron Williams,Mehmet Okur,Ronnie Brewer,1,5:24,NOH,free throw,,,,,,,2,,2,Chris Paul,,,foul,made,,,,
Chris Paul,Darius Songaila,David West,Devin Brown,Peja Stojakovic,C.J. Miles,Carlos Boozer,Deron Williams,Mehmet Okur,Ronnie Brewer,1,5:08,UTA,shot,,,,,,,,,,Ronnie Brewer,,,,missed,,jump,38,24
Chris Paul,Darius Songaila,David West,Devin Brown,Peja Stojakovic,C.J. Miles,Carlos Boozer,Deron Williams,Mehmet Okur,Ronnie Brewer,1,5:07,NOH,rebound,,,,,,,,,,Peja Stojakovic,,,,,,def,,
Chris Paul,Darius Songaila,David West,Devin Brown,Peja Stojakovic,C.J. Miles,Carlos Boozer,Deron Williams,Mehmet Okur,Ronnie Brewer,1,4:52,UTA,foul,,,,,,,,Chris Paul,,Deron Williams,,,,,,personal,,
Chris Paul,Darius Songaila,David West,Devin Brown,Peja Stojakovic,C.J. Miles,Carlos Boozer,Deron Williams,Mehmet Okur,Ronnie Brewer,1,4:37,NOH,shot,,,,,,,,,,Devin Brown,,,,missed,,jump,22,14
Chris Paul,Darius Songaila,David West,Devin Brown,Peja Stojakovic,C.J. Miles,Carlos Boozer,Deron Williams,Mehmet Okur,Ronnie Brewer,1,4:37,NOH,rebound,,,,,,,,,,Darius Songaila,,,,,,off,,
Chris Paul,Darius Songaila,David West,Devin Brown,Peja Stojakovic,C.J. Miles,Carlos Boozer,Deron Williams,Mehmet Okur,Ronnie Brewer,1,4:37,NOH,turnover,,,,,,,,,,,,,shot clock turnover,,,,,
Chris Paul,Darius Songaila,David West,Devin Brown,Peja Stojakovic,C.J. Miles,Carlos Boozer,Deron Williams,Mehmet Okur,Ronnie Brewer,1,4:22,UTA,shot,,,,,,,,,,C.J. Miles,,,,missed,,jump,16,6
Chris Paul,Darius Songaila,David West,Devin Brown,Peja Stojakovic,C.J. Miles,Carlos Boozer,Deron Williams,Mehmet Okur,Ronnie Brewer,1,4:20,UTA,rebound,,,,,,,,,,Mehmet Okur,,,,,,off,,
Chris Paul,Darius Songaila,David West,Devin Brown,Peja Stojakovic,C.J. Miles,Carlos Boozer,Deron Williams,Mehmet Okur,Ronnie Brewer,1,4:20,UTA,shot,,,,,,,,,,Mehmet Okur,,,,missed,,tip,25,6
Chris Paul,Darius Songaila,David West,Devin Brown,Peja Stojakovic,C.J. Miles,Carlos Boozer,Deron Williams,Mehmet Okur,Ronnie Brewer,1,4:18,UTA,rebound,,,,,,,,,,Carlos Boozer,,,,,,off,,
Chris Paul,Darius Songaila,David West,Devin Brown,Peja Stojakovic,C.J. Miles,Carlos Boozer,Deron Williams,Mehmet Okur,Ronnie Brewer,1,4:14,UTA,turnover,,,,,,,,,,Carlos Boozer,,,lost ball,,David West,,,
Chris Paul,Darius Songaila,David West,Devin Brown,Peja Stojakovic,C.J. Miles,Carlos Boozer,Deron Williams,Mehmet Okur,Ronnie Brewer,1,4:10,NOH,shot,,,,,,,,,,Devin Brown,2,,,made,,layup,25,6
Chris Paul,Darius Songaila,David West,Devin Brown,Peja Stojakovic,C.J. Miles,Carlos Boozer,Deron Williams,Mehmet Okur,Ronnie Brewer,1,3:52,UTA,shot,,,,,,,,,,C.J. Miles,,,,missed,,3pt,47,18
Chris Paul,Darius Songaila,David West,Devin Brown,Peja Stojakovic,C.J. Miles,Carlos Boozer,Deron Williams,Mehmet Okur,Ronnie Brewer,1,3:50,UTA,rebound,,,,,,,,,,Carlos Boozer,,,,,,off,,
Chris Paul,Darius Songaila,David West,Devin Brown,Peja Stojakovic,C.J. Miles,Carlos Boozer,Deron Williams,Mehmet Okur,Ronnie Brewer,1,3:50,NOH,foul,,,,,,,,Carlos Boozer,,Darius Songaila,,,,,,shooting,,
Chris Paul,Darius Songaila,David West,Devin Brown,Peja Stojakovic,Andrei Kirilenko,C.J. Miles,Carlos Boozer,Deron Williams,Mehmet Okur,1,3:50,UTA,sub,,,,Andrei Kirilenko,,Ronnie Brewer,,,,,,,,,,,,
Chris Paul,Darius Songaila,David West,Devin Brown,Peja Stojakovic,Andrei Kirilenko,C.J. Miles,Carlos Boozer,Deron Williams,Mehmet Okur,1,3:50,UTA,free throw,,,,,,,1,,2,Carlos Boozer,,,foul,made,,,,
Chris Paul,Darius Songaila,David West,Devin Brown,Peja Stojakovic,Andrei Kirilenko,C.J. Miles,Carlos Boozer,Deron Williams,Mehmet Okur,1,3:50,UTA,free throw,,,,,,,2,,2,Carlos Boozer,,,foul,made,,,,
Chris Paul,Darius Songaila,David West,Devin Brown,Peja Stojakovic,Andrei Kirilenko,C.J. Miles,Carlos Boozer,Deron Williams,Mehmet Okur,1,3:37,NOH,shot,Peja Stojakovic,,,,,,,,,David West,2,,,made,,turnaround fade away,9,4
Chris Paul,Darius Songaila,David West,Devin Brown,Peja Stojakovic,Andrei Kirilenko,C.J. Miles,Carlos Boozer,Deron Williams,Mehmet Okur,1,3:28,UTA,shot,Deron Williams,,,,,,,,,Carlos Boozer,2,,,made,,layup,25,6
Chris Paul,Darius Songaila,David West,Devin Brown,Peja Stojakovic,Andrei Kirilenko,C.J. Miles,Carlos Boozer,Deron Williams,Mehmet Okur,1,3:16,NOH,shot,,,,,,,,,,Chris Paul,,,,missed,,3pt,13,29
Chris Paul,Darius Songaila,David West,Devin Brown,Peja Stojakovic,Andrei Kirilenko,C.J. Miles,Carlos Boozer,Deron Williams,Mehmet Okur,1,3:15,UTA,rebound,,,,,,,,,,Mehmet Okur,,,,,,def,,
Chris Paul,Darius Songaila,David West,Devin Brown,Peja Stojakovic,Andrei Kirilenko,C.J. Miles,Carlos Boozer,Deron Williams,Mehmet Okur,1,3:05,UTA,shot,Andrei Kirilenko,,,,,,,,,Carlos Boozer,2,,,made,,reverse layup,25,6
Chris Paul,Darius Songaila,David West,Devin Brown,Peja Stojakovic,Andrei Kirilenko,C.J. Miles,Carlos Boozer,Deron Williams,Mehmet Okur,1,2:50,NOH,turnover,,,,,,,,,,Darius Songaila,,,bad pass,,C.J. Miles,,,
Chris Paul,Darius Songaila,David West,Devin Brown,Peja Stojakovic,Andrei Kirilenko,C.J. Miles,Carlos Boozer,Deron Williams,Mehmet Okur,1,2:47,UTA,shot,,,,,,,,,,C.J. Miles,2,,,made,,slam dunk,25,6
Chris Paul,Darius Songaila,David West,Devin Brown,Peja Stojakovic,Andrei Kirilenko,C.J. Miles,Carlos Boozer,Deron Williams,Mehmet Okur,1,2:30,NOH,shot,,,,,,,,,,Chris Paul,,,,missed,,layup,25,6
Chris Paul,Darius Songaila,David West,Devin Brown,Peja Stojakovic,Andrei Kirilenko,C.J. Miles,Carlos Boozer,Deron Williams,Mehmet Okur,1,2:29,UTA,rebound,,,,,,,,,,Carlos Boozer,,,,,,def,,
Chris Paul,Darius Songaila,David West,Devin Brown,Peja Stojakovic,Andrei Kirilenko,C.J. Miles,Carlos Boozer,Deron Williams,Mehmet Okur,1,2:23,NOH,foul,,,,,,,,C.J. Miles,,David West,,,,,,shooting,,
Chris Paul,Darius Songaila,David West,Devin Brown,Peja Stojakovic,Andrei Kirilenko,C.J. Miles,Carlos Boozer,Deron Williams,Mehmet Okur,1,2:23,UTA,timeout,,,,,,,,,,,,,,,,regular,,
Chris Paul,Darius Songaila,David West,Devin Brown,Peja Stojakovic,Andrei Kirilenko,C.J. Miles,Deron Williams,Mehmet Okur,Paul Millsap,1,2:23,UTA,sub,,,,Paul Millsap,,Carlos Boozer,,,,,,,,,,,,
Chris Paul,Darius Songaila,Devin Brown,James Posey,Peja Stojakovic,Andrei Kirilenko,C.J. Miles,Deron Williams,Mehmet Okur,Paul Millsap,1,2:23,NOH,sub,,,,James Posey,,David West,,,,,,,,,,,,
Chris Paul,Darius Songaila,Devin Brown,James Posey,Peja Stojakovic,Andrei Kirilenko,C.J. Miles,Deron Williams,Mehmet Okur,Paul Millsap,1,2:23,UTA,free throw,,,,,,,1,,2,C.J. Miles,,,foul,made,,,,
Chris Paul,Darius Songaila,Devin Brown,James Posey,Peja Stojakovic,Andrei Kirilenko,C.J. Miles,Deron Williams,Mehmet Okur,Paul Millsap,1,2:23,UTA,free throw,,,,,,,2,,2,C.J. Miles,,,foul,made,,,,
Chris Paul,Darius Songaila,Devin Brown,James Posey,Peja Stojakovic,Andrei Kirilenko,C.J. Miles,Deron Williams,Mehmet Okur,Paul Millsap,1,2:07,UTA,foul,,,,,,,,James Posey,,C.J. Miles,,,,,,personal,,
Chris Paul,Darius Songaila,Devin Brown,James Posey,Peja Stojakovic,Andrei Kirilenko,C.J. Miles,Deron Williams,Mehmet Okur,Paul Millsap,1,2:07,NOH,free throw,,,,,,,1,,2,James Posey,,,foul,made,,,,
Chris Paul,Darius Songaila,Devin Brown,James Posey,Peja Stojakovic,Andrei Kirilenko,C.J. Miles,Mehmet Okur,Paul Millsap,Ronnie Price,1,2:07,UTA,sub,,,,Ronnie Price,,Deron Williams,,,,,,,,,,,,
Chris Paul,Darius Songaila,Devin Brown,James Posey,Peja Stojakovic,Andrei Kirilenko,Kyle Korver,Mehmet Okur,Paul Millsap,Ronnie Price,1,2:07,UTA,sub,,,,Kyle Korver,,C.J. Miles,,,,,,,,,,,,
Chris Paul,Darius Songaila,Devin Brown,James Posey,Peja Stojakovic,Andrei Kirilenko,Kyle Korver,Mehmet Okur,Paul Millsap,Ronnie Price,1,2:07,NOH,free throw,,,,,,,2,,2,James Posey,,,foul,made,,,,
Chris Paul,Darius Songaila,Devin Brown,James Posey,Peja Stojakovic,Andrei Kirilenko,Kyle Korver,Mehmet Okur,Paul Millsap,Ronnie Price,1,1:50,UTA,shot,,,,,,,,,,Ronnie Price,,,,missed,,jump,22,26
Chris Paul,Darius Songaila,Devin Brown,James Posey,Peja Stojakovic,Andrei Kirilenko,Kyle Korver,Mehmet Okur,Paul Millsap,Ronnie Price,1,1:49,NOH,rebound,,,,,,,,,,Devin Brown,,,,,,def,,
Chris Paul,Darius Songaila,Devin Brown,James Posey,Peja Stojakovic,Andrei Kirilenko,Kyle Korver,Mehmet Okur,Paul Millsap,Ronnie Price,1,1:28,NOH,shot,,,,,,,,,,Devin Brown,,,,missed,,layup,25,6
Chris Paul,Darius Songaila,Devin Brown,James Posey,Peja Stojakovic,Andrei Kirilenko,Kyle Korver,Mehmet Okur,Paul Millsap,Ronnie Price,1,1:28,NOH,rebound,,,,,,,,,,,,,,,,,,
Chris Paul,Darius Songaila,Devin Brown,James Posey,Peja Stojakovic,Andrei Kirilenko,Kyle Korver,Mehmet Okur,Paul Millsap,Ronnie Price,1,1:28,UTA,foul,,,,,,,,Darius Songaila,,Mehmet Okur,,,,,,loose ball,,
Chris Paul,Darius Songaila,Devin Brown,James Posey,Peja Stojakovic,Andrei Kirilenko,Kyle Korver,Mehmet Okur,Paul Millsap,Ronnie Price,1,1:28,NOH,free throw,,,,,,,1,,2,Darius Songaila,,,foul,made,,,,
Chris Paul,Darius Songaila,Devin Brown,James Posey,Peja Stojakovic,Andrei Kirilenko,Kyle Korver,Mehmet Okur,Paul Millsap,Ronnie Price,1,1:28,NOH,free throw,,,,,,,2,,2,Darius Songaila,,,foul,made,,,,
Chris Paul,Darius Songaila,Devin Brown,James Posey,Peja Stojakovic,Andrei Kirilenko,Kyle Korver,Mehmet Okur,Paul Millsap,Ronnie Price,1,1:15,UTA,shot,,,,,,,,,,Andrei Kirilenko,,,,missed,,layup,25,6
Chris Paul,Darius Songaila,Devin Brown,James Posey,Peja Stojakovic,Andrei Kirilenko,Kyle Korver,Mehmet Okur,Paul Millsap,Ronnie Price,1,1:13,NOH,rebound,,,,,,,,,,Peja Stojakovic,,,,,,def,,
Chris Paul,Darius Songaila,Devin Brown,James Posey,Peja Stojakovic,Andrei Kirilenko,Kyle Korver,Mehmet Okur,Paul Millsap,Ronnie Price,1,1:06,NOH,shot,,,,,,,,,,Darius Songaila,,,,missed,,jump,15,23
Chris Paul,Darius Songaila,Devin Brown,James Posey,Peja Stojakovic,Andrei Kirilenko,Kyle Korver,Mehmet Okur,Paul Millsap,Ronnie Price,1,1:03,NOH,rebound,,,,,,,,,,,,,,,,,,
Chris Paul,Darius Songaila,Devin Brown,James Posey,Peja Stojakovic,Andrei Kirilenko,Kyle Korver,Mehmet Okur,Paul Millsap,Ronnie Price,1,0:39,NOH,shot,,,,,,,,,,Darius Songaila,,,,missed,,3pt,49,6
Chris Paul,Darius Songaila,Devin Brown,James Posey,Peja Stojakovic,Andrei Kirilenko,Kyle Korver,Mehmet Okur,Paul Millsap,Ronnie Price,1,0:39,NOH,rebound,,,,,,,,,,Peja Stojakovic,,,,,,off,,
Chris Paul,Darius Songaila,Devin Brown,James Posey,Peja Stojakovic,Andrei Kirilenko,Kyle Korver,Mehmet Okur,Paul Millsap,Ronnie Price,1,0:39,NOH,turnover,,,,,,,,,,,,,shot clock turnover,,,,,
Chris Paul,Darius Songaila,Devin Brown,James Posey,Peja Stojakovic,Andrei Kirilenko,Kyle Korver,Mehmet Okur,Paul Millsap,Ronnie Price,1,0:29,UTA,shot,,,,,,,,,,Andrei Kirilenko,,,,missed,,layup,25,6
Chris Paul,Darius Songaila,Devin Brown,James Posey,Peja Stojakovic,Andrei Kirilenko,Kyle Korver,Mehmet Okur,Paul Millsap,Ronnie Price,1,0:28,NOH,rebound,,,,,,,,,,Darius Songaila,,,,,,def,,
Chris Paul,Darius Songaila,Devin Brown,James Posey,Peja Stojakovic,Andrei Kirilenko,Kyle Korver,Mehmet Okur,Paul Millsap,Ronnie Price,1,0:02,NOH,shot,,,,,,,,,,Devin Brown,,,,missed,,jump,9,22
Chris Paul,Darius Songaila,Devin Brown,James Posey,Peja Stojakovic,Andrei Kirilenko,Kyle Korver,Mehmet Okur,Paul Millsap,Ronnie Price,1,0:01,UTA,rebound,,,,,,,,,,Paul Millsap,,,,,,def,,
Chris Paul,Darius Songaila,Devin Brown,James Posey,Peja Stojakovic,Andrei Kirilenko,Kyle Korver,Mehmet Okur,Paul Millsap,Ronnie Price,1,0:00,UTA,shot,,,,,,,,,,Paul Millsap,,,,missed,,3pt,8,47
Chris Paul,Darius Songaila,Devin Brown,James Posey,Peja Stojakovic,Andrei Kirilenko,Kyle Korver,Mehmet Okur,Paul Millsap,Ronnie Price,1,0:00,UTA,rebound,,,,,,,,,,,,,,,,,,
Darius Songaila,Darren Collison,James Posey,Morris Peterson,Peja Stojakovic,Andrei Kirilenko,Carlos Boozer,Kyle Korver,Paul Millsap,Ronnie Price,2,11:41,NOH,shot,,,,,,,,,,James Posey,,,,missed,,layup,25,6
Darius Songaila,Darren Collison,James Posey,Morris Peterson,Peja Stojakovic,Andrei Kirilenko,Carlos Boozer,Kyle Korver,Paul Millsap,Ronnie Price,2,11:38,NOH,rebound,,,,,,,,,,James Posey,,,,,,off,,
Darius Songaila,Darren Collison,James Posey,Morris Peterson,Peja Stojakovic,Andrei Kirilenko,Carlos Boozer,Kyle Korver,Paul Millsap,Ronnie Price,2,11:38,NOH,shot,,,,,,,,,,James Posey,2,,,made,,tip,25,6
Darius Songaila,Darren Collison,James Posey,Morris Peterson,Peja Stojakovic,Andrei Kirilenko,Carlos Boozer,Kyle Korver,Paul Millsap,Ronnie Price,2,11:23,UTA,foul,,,,,,,,Morris Peterson,,Carlos Boozer,,,,,,offensive,,
Darius Songaila,Darren Collison,James Posey,Morris Peterson,Peja Stojakovic,Andrei Kirilenko,Carlos Boozer,Kyle Korver,Paul Millsap,Ronnie Price,2,11:23,UTA,turnover,,,,,,,,,,Carlos Boozer,,,foul,,,,,
Darius Songaila,Darren Collison,James Posey,Morris Peterson,Peja Stojakovic,Andrei Kirilenko,Carlos Boozer,Kyle Korver,Paul Millsap,Ronnie Price,2,11:13,NOH,shot,Darren Collison,,,,,,,,,Peja Stojakovic,3,,,made,,3pt,3,14
Darius Songaila,Darren Collison,James Posey,Morris Peterson,Peja Stojakovic,Andrei Kirilenko,Carlos Boozer,Kyle Korver,Paul Millsap,Ronnie Price,2,10:57,UTA,shot,,,,,,,,,,Andrei Kirilenko,,,,missed,,jump,42,18
Darius Songaila,Darren Collison,James Posey,Morris Peterson,Peja Stojakovic,Andrei Kirilenko,Carlos Boozer,Kyle Korver,Paul Millsap,Ronnie Price,2,10:54,UTA,rebound,,,,,,,,,,Paul Millsap,,,,,,off,,
Darius Songaila,Darren Collison,James Posey,Morris Peterson,Peja Stojakovic,Andrei Kirilenko,Carlos Boozer,Kyle Korver,Paul Millsap,Ronnie Price,2,10:54,NOH,foul,,,,,,,,Andrei Kirilenko,,James Posey,,,,,,shooting,,
Darius Songaila,Darren Collison,James Posey,Morris Peterson,Peja Stojakovic,Andrei Kirilenko,Carlos Boozer,Kyle Korver,Paul Millsap,Ronnie Price,2,10:54,UTA,free throw,,,,,,,1,,2,Andrei Kirilenko,,,foul,made,,,,
Darius Songaila,Darren Collison,James Posey,Morris Peterson,Peja Stojakovic,Andrei Kirilenko,Carlos Boozer,Kyle Korver,Paul Millsap,Ronnie Price,2,10:54,UTA,free throw,,,,,,,2,,2,Andrei Kirilenko,,,foul,made,,,,
Darius Songaila,Darren Collison,James Posey,Morris Peterson,Peja Stojakovic,Andrei Kirilenko,Carlos Boozer,Kyle Korver,Paul Millsap,Ronnie Price,2,10:40,NOH,shot,,,,,,,,,,Peja Stojakovic,,,,missed,,3pt,5,20
Darius Songaila,Darren Collison,James Posey,Morris Peterson,Peja Stojakovic,Andrei Kirilenko,Carlos Boozer,Kyle Korver,Paul Millsap,Ronnie Price,2,10:39,UTA,rebound,,,,,,,,,,Paul Millsap,,,,,,def,,
Darius Songaila,Darren Collison,James Posey,Morris Peterson,Peja Stojakovic,Andrei Kirilenko,Carlos Boozer,Kyle Korver,Paul Millsap,Ronnie Price,2,10:32,UTA,shot,,,,,,,,,,Ronnie Price,,,,missed,,running jump,25,13
Darius Songaila,Darren Collison,James Posey,Morris Peterson,Peja Stojakovic,Andrei Kirilenko,Carlos Boozer,Kyle Korver,Paul Millsap,Ronnie Price,2,10:30,NOH,rebound,,,,,,,,,,Darren Collison,,,,,,def,,
Darius Songaila,Darren Collison,James Posey,Morris Peterson,Peja Stojakovic,Andrei Kirilenko,Carlos Boozer,Kyle Korver,Paul Millsap,Ronnie Price,2,10:27,NOH,turnover,,,,,,,,,,Darren Collison,,,poss lost ball turnover,,,,,
Darius Songaila,Darren Collison,James Posey,Morris Peterson,Peja Stojakovic,Andrei Kirilenko,Carlos Boozer,Kyle Korver,Paul Millsap,Ronnie Price,2,10:09,UTA,shot,,,,,,,,,,Carlos Boozer,,,,missed,,turnaround fade away,43,6
Darius Songaila,Darren Collison,James Posey,Morris Peterson,Peja Stojakovic,Andrei Kirilenko,Carlos Boozer,Kyle Korver,Paul Millsap,Ronnie Price,2,10:08,NOH,rebound,,,,,,,,,,Darren Collison,,,,,,def,,
Darius Songaila,Darren Collison,James Posey,Morris Peterson,Peja Stojakovic,Andrei Kirilenko,Carlos Boozer,Kyle Korver,Paul Millsap,Ronnie Price,2,10:04,UTA,foul,,,,,,,,Darren Collison,,Ronnie Price,,,,,,personal,,
Darius Songaila,Darren Collison,James Posey,Julian Wright,Morris Peterson,Andrei Kirilenko,Carlos Boozer,Kyle Korver,Paul Millsap,Ronnie Price,2,10:04,NOH,sub,,,,Julian Wright,,Peja Stojakovic,,,,,,,,,,,,
Darius Songaila,Darren Collison,James Posey,Julian Wright,Morris Peterson,Andrei Kirilenko,Carlos Boozer,Kyle Korver,Paul Millsap,Ronnie Price,2,9:49,NOH,shot,,,,,,,,,,Darius Songaila,,,,missed,,jump,15,18
Darius Songaila,Darren Collison,James Posey,Julian Wright,Morris Peterson,Andrei Kirilenko,Carlos Boozer,Kyle Korver,Paul Millsap,Ronnie Price,2,9:48,UTA,rebound,,,,,,,,,,Andrei Kirilenko,,,,,,def,,
Darius Songaila,Darren Collison,James Posey,Julian Wright,Morris Peterson,Andrei Kirilenko,Carlos Boozer,Kyle Korver,Paul Millsap,Ronnie Price,2,9:37,UTA,shot,,,,,,,,,,Kyle Korver,,,,missed,,jump,20,9
Darius Songaila,Darren Collison,James Posey,Julian Wright,Morris Peterson,Andrei Kirilenko,Carlos Boozer,Kyle Korver,Paul Millsap,Ronnie Price,2,9:36,NOH,rebound,,,,,,,,,,Morris Peterson,,,,,,def,,
Darius Songaila,Darren Collison,James Posey,Julian Wright,Morris Peterson,Andrei Kirilenko,Carlos Boozer,Kyle Korver,Paul Millsap,Ronnie Price,2,9:31,NOH,shot,,,,,,,,,,Morris Peterson,,,,missed,,3pt,16,28
Darius Songaila,Darren Collison,James Posey,Julian Wright,Morris Peterson,Andrei Kirilenko,Carlos Boozer,Kyle Korver,Paul Millsap,Ronnie Price,2,9:30,UTA,rebound,,,,,,,,,,Paul Millsap,,,,,,def,,
Darius Songaila,Darren Collison,James Posey,Julian Wright,Morris Peterson,Andrei Kirilenko,Carlos Boozer,Kyle Korver,Paul Millsap,Ronnie Price,2,9:11,UTA,shot,Kyle Korver,,,,,,,,,Paul Millsap,2,,,made,,jump,24,19
Darius Songaila,Darren Collison,James Posey,Julian Wright,Morris Peterson,Andrei Kirilenko,Carlos Boozer,Kyle Korver,Paul Millsap,Ronnie Price,2,8:45,NOH,turnover,,,,,,,,,,Morris Peterson,,,traveling,,,,,
Darius Songaila,Darren Collison,James Posey,Julian Wright,Morris Peterson,Andrei Kirilenko,Carlos Boozer,Kyle Korver,Paul Millsap,Ronnie Price,2,8:45,UTA,timeout,,,,,,,,,,,,,,,,official,,
Darren Collison,David West,James Posey,Julian Wright,Morris Peterson,Andrei Kirilenko,Carlos Boozer,Kyle Korver,Paul Millsap,Ronnie Price,2,8:45,NOH,sub,,,,David West,,Darius Songaila,,,,,,,,,,,,
Darren Collison,David West,James Posey,Julian Wright,Morris Peterson,Andrei Kirilenko,Carlos Boozer,Kyle Korver,Paul Millsap,Ronnie Price,2,8:29,UTA,shot,,,,,,,,,,Paul Millsap,,,,missed,,turnaround jump,26,10
Darren Collison,David West,James Posey,Julian Wright,Morris Peterson,Andrei Kirilenko,Carlos Boozer,Kyle Korver,Paul Millsap,Ronnie Price,2,8:28,NOH,rebound,,,,,,,,,,James Posey,,,,,,def,,
Darren Collison,David West,James Posey,Julian Wright,Morris Peterson,Andrei Kirilenko,Carlos Boozer,Kyle Korver,Paul Millsap,Ronnie Price,2,8:09,NOH,turnover,,,,,,,,,,David West,,,lost ball,,Carlos Boozer,,,
Darren Collison,David West,James Posey,Julian Wright,Morris Peterson,Andrei Kirilenko,Carlos Boozer,Kyle Korver,Paul Millsap,Ronnie Price,2,8:06,UTA,turnover,,,,,,,,,,Paul Millsap,,,bad pass,,,,,
Darren Collison,David West,James Posey,Julian Wright,Morris Peterson,Andrei Kirilenko,C.J. Miles,Carlos Boozer,Paul Millsap,Ronnie Price,2,8:06,UTA,sub,,,,C.J. Miles,,Kyle Korver,,,,,,,,,,,,
Darren Collison,David West,James Posey,Julian Wright,Morris Peterson,Andrei Kirilenko,C.J. Miles,Carlos Boozer,Deron Williams,Paul Millsap,2,8:06,UTA,sub,,,,Deron Williams,,Ronnie Price,,,,,,,,,,,,
Darren Collison,David West,James Posey,Julian Wright,Morris Peterson,Andrei Kirilenko,C.J. Miles,Carlos Boozer,Deron Williams,Paul Millsap,2,7:57,UTA,foul,,,,,,,,David West,,Carlos Boozer,,,,,,shooting,,
Darren Collison,David West,James Posey,Julian Wright,Morris Peterson,Andrei Kirilenko,C.J. Miles,Deron Williams,Mehmet Okur,Paul Millsap,2,7:57,UTA,sub,,,,Mehmet Okur,,Carlos Boozer,,,,,,,,,,,,
Darren Collison,David West,James Posey,Julian Wright,Morris Peterson,Andrei Kirilenko,C.J. Miles,Deron Williams,Mehmet Okur,Paul Millsap,2,7:57,NOH,free throw,,,,,,,1,,2,David West,,,foul,made,,,,
Darren Collison,David West,James Posey,Julian Wright,Morris Peterson,Andrei Kirilenko,C.J. Miles,Deron Williams,Mehmet Okur,Paul Millsap,2,7:57,NOH,free throw,,,,,,,2,,2,David West,,,foul,made,,,,
Darren Collison,David West,James Posey,Julian Wright,Morris Peterson,Andrei Kirilenko,C.J. Miles,Deron Williams,Mehmet Okur,Paul Millsap,2,7:41,UTA,shot,Andrei Kirilenko,,,,,,,,,Deron Williams,2,,,made,,jump,22,22
Darren Collison,David West,James Posey,Julian Wright,Morris Peterson,Andrei Kirilenko,C.J. Miles,Deron Williams,Mehmet Okur,Paul Millsap,2,7:26,NOH,shot,Darren Collison,,,,,,,,,David West,2,,,made,,jump,16,25
Darren Collison,David West,James Posey,Julian Wright,Morris Peterson,Andrei Kirilenko,C.J. Miles,Deron Williams,Mehmet Okur,Paul Millsap,2,7:12,NOH,foul,,,,,,,,Deron Williams,,Darren Collison,,,,,,personal,,
Darren Collison,David West,James Posey,Julian Wright,Morris Peterson,Andrei Kirilenko,C.J. Miles,Deron Williams,Mehmet Okur,Paul Millsap,2,7:06,NOH,foul,,,,,,,,Deron Williams,,Darren Collison,,,,,,shooting,,
Darren Collison,David West,James Posey,Julian Wright,Morris Peterson,Andrei Kirilenko,C.J. Miles,Deron Williams,Mehmet Okur,Paul Millsap,2,7:06,UTA,free throw,,,,,,,1,,2,Deron Williams,,,foul,missed,,,,
Darren Collison,David West,James Posey,Julian Wright,Morris Peterson,Andrei Kirilenko,C.J. Miles,Deron Williams,Mehmet Okur,Paul Millsap,2,7:06,UTA,rebound,,,,,,,,,,,,,,,,,,
Darren Collison,David West,James Posey,Julian Wright,Morris Peterson,Andrei Kirilenko,C.J. Miles,Deron Williams,Mehmet Okur,Paul Millsap,2,7:06,UTA,free throw,,,,,,,2,,2,Deron Williams,,,foul,made,,,,
Darren Collison,David West,James Posey,Julian Wright,Morris Peterson,Andrei Kirilenko,C.J. Miles,Deron Williams,Mehmet Okur,Paul Millsap,2,6:58,NOH,shot,,,,,,,,,,Darren Collison,,,,missed,,driving layup,25,6
Darren Collison,David West,James Posey,Julian Wright,Morris Peterson,Andrei Kirilenko,C.J. Miles,Deron Williams,Mehmet Okur,Paul Millsap,2,6:56,NOH,rebound,,,,,,,,,,Darren Collison,,,,,,off,,
Darren Collison,David West,James Posey,Julian Wright,Morris Peterson,Andrei Kirilenko,C.J. Miles,Deron Williams,Mehmet Okur,Paul Millsap,2,6:49,NOH,shot,David West,,,,,,,,,James Posey,3,,,made,,3pt,37,28
Darren Collison,David West,James Posey,Julian Wright,Morris Peterson,Andrei Kirilenko,C.J. Miles,Deron Williams,Mehmet Okur,Paul Millsap,2,6:30,UTA,shot,,,Julian Wright,,,,,,,Paul Millsap,,,,missed,,jump,21,10
Darren Collison,David West,James Posey,Julian Wright,Morris Peterson,Andrei Kirilenko,C.J. Miles,Deron Williams,Mehmet Okur,Paul Millsap,2,6:28,NOH,rebound,,,,,,,,,,Morris Peterson,,,,,,def,,
Darren Collison,David West,James Posey,Julian Wright,Morris Peterson,Andrei Kirilenko,C.J. Miles,Deron Williams,Mehmet Okur,Paul Millsap,2,6:28,NOH,turnover,,,,,,,,,,James Posey,,,step out of bounds turnover,,,,,
Darren Collison,David West,James Posey,Julian Wright,Morris Peterson,Andrei Kirilenko,C.J. Miles,Deron Williams,Mehmet Okur,Paul Millsap,2,6:21,UTA,shot,Deron Williams,,,,,,,,,Andrei Kirilenko,2,,,made,,running layup,25,6
Darren Collison,David West,James Posey,Julian Wright,Morris Peterson,Andrei Kirilenko,C.J. Miles,Deron Williams,Mehmet Okur,Paul Millsap,2,6:21,NOH,foul,,,,,,,,Andrei Kirilenko,,Julian Wright,,,,,,shooting,,
Darren Collison,David West,James Posey,Julian Wright,Morris Peterson,Andrei Kirilenko,C.J. Miles,Deron Williams,Mehmet Okur,Paul Millsap,2,6:21,UTA,free throw,,,,,,,1,,1,Andrei Kirilenko,,,foul,made,,,,
Darren Collison,David West,James Posey,Julian Wright,Morris Peterson,Andrei Kirilenko,C.J. Miles,Deron Williams,Mehmet Okur,Paul Millsap,2,6:10,NOH,shot,,,,,,,,,,James Posey,,,,missed,,3pt,8,25
Darren Collison,David West,James Posey,Julian Wright,Morris Peterson,Andrei Kirilenko,C.J. Miles,Deron Williams,Mehmet Okur,Paul Millsap,2,6:08,NOH,rebound,,,,,,,,,,Julian Wright,,,,,,off,,
Darren Collison,David West,James Posey,Julian Wright,Morris Peterson,Andrei Kirilenko,C.J. Miles,Deron Williams,Mehmet Okur,Paul Millsap,2,6:06,NOH,shot,,,Andrei Kirilenko,,,,,,,Julian Wright,,,,missed,,layup,25,6
Darren Collison,David West,James Posey,Julian Wright,Morris Peterson,Andrei Kirilenko,C.J. Miles,Deron Williams,Mehmet Okur,Paul Millsap,2,6:04,UTA,rebound,,,,,,,,,,Deron Williams,,,,,,def,,
Darren Collison,David West,James Posey,Julian Wright,Morris Peterson,Andrei Kirilenko,C.J. Miles,Deron Williams,Mehmet Okur,Paul Millsap,2,5:55,UTA,shot,,,,,,,,,,C.J. Miles,,,,missed,,3pt,4,19
Darren Collison,David West,James Posey,Julian Wright,Morris Peterson,Andrei Kirilenko,C.J. Miles,Deron Williams,Mehmet Okur,Paul Millsap,2,5:53,UTA,rebound,,,,,,,,,,Mehmet Okur,,,,,,off,,
Darren Collison,David West,James Posey,Julian Wright,Morris Peterson,Andrei Kirilenko,C.J. Miles,Deron Williams,Mehmet Okur,Paul Millsap,2,5:38,UTA,shot,Andrei Kirilenko,,,,,,,,,Mehmet Okur,2,,,made,,jump,44,3
Darren Collison,David West,James Posey,Julian Wright,Morris Peterson,Andrei Kirilenko,C.J. Miles,Deron Williams,Mehmet Okur,Paul Millsap,2,5:20,NOH,shot,James Posey,,,,,,,,,Morris Peterson,3,,,made,,3pt,49,5
Darren Collison,David West,James Posey,Julian Wright,Morris Peterson,Andrei Kirilenko,C.J. Miles,Deron Williams,Mehmet Okur,Paul Millsap,2,4:59,UTA,shot,Deron Williams,,,,,,,,,Andrei Kirilenko,2,,,made,,jump,46,5
Darren Collison,David West,James Posey,Julian Wright,Morris Peterson,Andrei Kirilenko,C.J. Miles,Deron Williams,Mehmet Okur,Paul Millsap,2,4:46,NOH,foul,,,,,,,,Paul Millsap,,Morris Peterson,,,,,,offensive,,
Darren Collison,David West,James Posey,Julian Wright,Morris Peterson,Andrei Kirilenko,C.J. Miles,Deron Williams,Mehmet Okur,Paul Millsap,2,4:46,NOH,turnover,,,,,,,,,,Morris Peterson,,,foul,,,,,
Darren Collison,David West,James Posey,Julian Wright,Morris Peterson,Andrei Kirilenko,C.J. Miles,Deron Williams,Mehmet Okur,Paul Millsap,2,4:46,UTA,timeout,,,,,,,,,,,,,,,,regular,,
Darren Collison,David West,James Posey,Julian Wright,Morris Peterson,C.J. Miles,Deron Williams,Mehmet Okur,Paul Millsap,Ronnie Brewer,2,4:46,UTA,sub,,,,Ronnie Brewer,,Andrei Kirilenko,,,,,,,,,,,,
Darren Collison,David West,Emeka Okafor,James Posey,Morris Peterson,C.J. Miles,Deron Williams,Mehmet Okur,Paul Millsap,Ronnie Brewer,2,4:46,NOH,sub,,,,Emeka Okafor,,Julian Wright,,,,,,,,,,,,
Chris Paul,David West,Emeka Okafor,James Posey,Morris Peterson,C.J. Miles,Deron Williams,Mehmet Okur,Paul Millsap,Ronnie Brewer,2,4:46,NOH,sub,,,,Chris Paul,,Darren Collison,,,,,,,,,,,,
Chris Paul,David West,Emeka Okafor,James Posey,Morris Peterson,C.J. Miles,Deron Williams,Mehmet Okur,Paul Millsap,Ronnie Brewer,2,4:36,UTA,turnover,,,,,,,,,,C.J. Miles,,,bad pass,,,,,
Chris Paul,David West,Emeka Okafor,James Posey,Morris Peterson,C.J. Miles,Deron Williams,Mehmet Okur,Paul Millsap,Ronnie Brewer,2,4:16,NOH,shot,,,,,,,,,,Morris Peterson,,,,missed,,3pt,2,7
Chris Paul,David West,Emeka Okafor,James Posey,Morris Peterson,C.J. Miles,Deron Williams,Mehmet Okur,Paul Millsap,Ronnie Brewer,2,4:15,NOH,rebound,,,,,,,,,,Emeka Okafor,,,,,,off,,
Chris Paul,David West,Emeka Okafor,James Posey,Morris Peterson,C.J. Miles,Deron Williams,Mehmet Okur,Paul Millsap,Ronnie Brewer,2,4:07,NOH,shot,,,,,,,,,,Chris Paul,,,,missed,,jump,24,21
Chris Paul,David West,Emeka Okafor,James Posey,Morris Peterson,C.J. Miles,Deron Williams,Mehmet Okur,Paul Millsap,Ronnie Brewer,2,4:07,NOH,rebound,,,,,,,,,,,,,,,,,,
Chris Paul,David West,Emeka Okafor,James Posey,Morris Peterson,C.J. Miles,Deron Williams,Mehmet Okur,Paul Millsap,Ronnie Brewer,2,4:07,UTA,foul,,,,,,,,Emeka Okafor,,Mehmet Okur,,,,,,loose ball,,
Chris Paul,David West,Emeka Okafor,James Posey,Morris Peterson,C.J. Miles,Deron Williams,Mehmet Okur,Paul Millsap,Ronnie Brewer,2,3:58,NOH,turnover,,,,,,,,,,Emeka Okafor,,,bad pass,,,,,
Chris Paul,David West,Emeka Okafor,James Posey,Morris Peterson,C.J. Miles,Deron Williams,Mehmet Okur,Paul Millsap,Ronnie Brewer,2,3:45,UTA,shot,Deron Williams,,,,,,,,,Paul Millsap,2,,,made,,layup,25,6
Chris Paul,David West,Emeka Okafor,James Posey,Morris Peterson,C.J. Miles,Deron Williams,Mehmet Okur,Paul Millsap,Ronnie Brewer,2,3:20,NOH,shot,,,,,,,,,,James Posey,3,,,made,,3pt,41,25
Chris Paul,David West,Emeka Okafor,James Posey,Morris Peterson,C.J. Miles,Deron Williams,Mehmet Okur,Paul Millsap,Ronnie Brewer,2,3:09,UTA,shot,,,,,,,,,,Paul Millsap,,,,missed,,layup,25,6
Chris Paul,David West,Emeka Okafor,James Posey,Morris Peterson,C.J. Miles,Deron Williams,Mehmet Okur,Paul Millsap,Ronnie Brewer,2,3:08,NOH,rebound,,,,,,,,,,David West,,,,,,def,,
Chris Paul,David West,Emeka Okafor,James Posey,Morris Peterson,C.J. Miles,Deron Williams,Mehmet Okur,Paul Millsap,Ronnie Brewer,2,3:08,UTA,foul,,,,,,,,David West,,C.J. Miles,,,,,,personal,,
Chris Paul,David West,Emeka Okafor,James Posey,Morris Peterson,Deron Williams,Mehmet Okur,Paul Millsap,Ronnie Brewer,Wesley Matthews,2,3:08,UTA,sub,,,,Wesley Matthews,,C.J. Miles,,,,,,,,,,,,
Chris Paul,David West,Devin Brown,Emeka Okafor,James Posey,Deron Williams,Mehmet Okur,Paul Millsap,Ronnie Brewer,Wesley Matthews,2,3:08,NOH,sub,,,,Devin Brown,,Morris Peterson,,,,,,,,,,,,
Chris Paul,David West,Devin Brown,Emeka Okafor,James Posey,Deron Williams,Mehmet Okur,Paul Millsap,Ronnie Brewer,Wesley Matthews,2,2:49,NOH,shot,,,,,,,,,,Devin Brown,,,,missed,,3pt,8,25
Chris Paul,David West,Devin Brown,Emeka Okafor,James Posey,Deron Williams,Mehmet Okur,Paul Millsap,Ronnie Brewer,Wesley Matthews,2,2:47,UTA,rebound,,,,,,,,,,Paul Millsap,,,,,,def,,
Chris Paul,David West,Devin Brown,Emeka Okafor,James Posey,Deron Williams,Mehmet Okur,Paul Millsap,Ronnie Brewer,Wesley Matthews,2,2:34,NOH,timeout,,,,,,,,,,,,,,,,regular,,
Chris Paul,David West,Devin Brown,Emeka Okafor,James Posey,Deron Williams,Mehmet Okur,Paul Millsap,Ronnie Brewer,Wesley Matthews,2,2:29,NOH,foul,,,,,,,,Mehmet Okur,,Devin Brown,,,,,,shooting,,
Chris Paul,David West,Devin Brown,Emeka Okafor,James Posey,Deron Williams,Mehmet Okur,Paul Millsap,Ronnie Brewer,Wesley Matthews,2,2:29,UTA,free throw,,,,,,,1,,2,Mehmet Okur,,,foul,missed,,,,
Chris Paul,David West,Devin Brown,Emeka Okafor,James Posey,Deron Williams,Mehmet Okur,Paul Millsap,Ronnie Brewer,Wesley Matthews,2,2:29,UTA,rebound,,,,,,,,,,,,,,,,,,
Chris Paul,David West,Devin Brown,Emeka Okafor,James Posey,Deron Williams,Mehmet Okur,Paul Millsap,Ronnie Brewer,Wesley Matthews,2,2:29,UTA,free throw,,,,,,,2,,2,Mehmet Okur,,,foul,made,,,,
Chris Paul,David West,Devin Brown,Emeka Okafor,James Posey,Deron Williams,Mehmet Okur,Paul Millsap,Ronnie Brewer,Wesley Matthews,2,2:04,NOH,shot,,,,,,,,,,Chris Paul,,,,missed,,jump,24,26
Chris Paul,David West,Devin Brown,Emeka Okafor,James Posey,Deron Williams,Mehmet Okur,Paul Millsap,Ronnie Brewer,Wesley Matthews,2,2:03,UTA,rebound,,,,,,,,,,Ronnie Brewer,,,,,,def,,
Chris Paul,David West,Devin Brown,Emeka Okafor,James Posey,Deron Williams,Mehmet Okur,Paul Millsap,Ronnie Brewer,Wesley Matthews,2,1:43,UTA,shot,,,,,,,,,,Deron Williams,,,,missed,,3pt,36,29
Chris Paul,David West,Devin Brown,Emeka Okafor,James Posey,Deron Williams,Mehmet Okur,Paul Millsap,Ronnie Brewer,Wesley Matthews,2,1:42,NOH,rebound,,,,,,,,,,James Posey,,,,,,def,,
Chris Paul,David West,Devin Brown,Emeka Okafor,James Posey,Deron Williams,Mehmet Okur,Paul Millsap,Ronnie Brewer,Wesley Matthews,2,1:27,NOH,shot,James Posey,,,,,,,,,Devin Brown,2,,,made,,jump,47,8
Chris Paul,David West,Devin Brown,Emeka Okafor,James Posey,Deron Williams,Mehmet Okur,Paul Millsap,Ronnie Brewer,Wesley Matthews,2,1:09,UTA,shot,,,,,,,,,,Mehmet Okur,,,,missed,,running jump,30,10
Chris Paul,David West,Devin Brown,Emeka Okafor,James Posey,Deron Williams,Mehmet Okur,Paul Millsap,Ronnie Brewer,Wesley Matthews,2,1:07,UTA,rebound,,,,,,,,,,Deron Williams,,,,,,off,,
Chris Paul,David West,Devin Brown,Emeka Okafor,James Posey,Deron Williams,Mehmet Okur,Paul Millsap,Ronnie Brewer,Wesley Matthews,2,0:56,NOH,foul,,,,,,,,Deron Williams,,Chris Paul,,,,,,personal,,
Chris Paul,David West,Devin Brown,Emeka Okafor,Peja Stojakovic,Deron Williams,Mehmet Okur,Paul Millsap,Ronnie Brewer,Wesley Matthews,2,0:56,NOH,sub,,,,Peja Stojakovic,,James Posey,,,,,,,,,,,,
Chris Paul,David West,Devin Brown,Emeka Okafor,Peja Stojakovic,Deron Williams,Mehmet Okur,Paul Millsap,Ronnie Brewer,Wesley Matthews,2,0:56,UTA,free throw,,,,,,,1,,2,Deron Williams,,,foul,made,,,,
Chris Paul,David West,Devin Brown,Emeka Okafor,Peja Stojakovic,Deron Williams,Mehmet Okur,Paul Millsap,Ronnie Brewer,Wesley Matthews,2,0:56,UTA,free throw,,,,,,,2,,2,Deron Williams,,,foul,made,,,,
Chris Paul,David West,Devin Brown,Emeka Okafor,Peja Stojakovic,Deron Williams,Mehmet Okur,Paul Millsap,Ronnie Brewer,Wesley Matthews,2,0:35,NOH,shot,,,,,,,,,,Peja Stojakovic,,,,missed,,jump,46,3
Chris Paul,David West,Devin Brown,Emeka Okafor,Peja Stojakovic,Deron Williams,Mehmet Okur,Paul Millsap,Ronnie Brewer,Wesley Matthews,2,0:33,NOH,rebound,,,,,,,,,,David West,,,,,,off,,
Chris Paul,David West,Devin Brown,Emeka Okafor,Peja Stojakovic,Deron Williams,Mehmet Okur,Paul Millsap,Ronnie Brewer,Wesley Matthews,2,0:24,NOH,shot,,,,,,,,,,Devin Brown,,,,missed,,running jump,22,10
Chris Paul,David West,Devin Brown,Emeka Okafor,Peja Stojakovic,Deron Williams,Mehmet Okur,Paul Millsap,Ronnie Brewer,Wesley Matthews,2,0:23,UTA,rebound,,,,,,,,,,Paul Millsap,,,,,,def,,
Chris Paul,David West,Devin Brown,Emeka Okafor,Peja Stojakovic,Deron Williams,Mehmet Okur,Paul Millsap,Ronnie Brewer,Wesley Matthews,2,0:01,UTA,shot,,,,,,,,,,Mehmet Okur,,,,missed,,3pt,49,6
Chris Paul,David West,Devin Brown,Emeka Okafor,Peja Stojakovic,Deron Williams,Mehmet Okur,Paul Millsap,Ronnie Brewer,Wesley Matthews,2,0:00,UTA,rebound,,,,,,,,,,,,,,,,,,
Chris Paul,David West,Devin Brown,Emeka Okafor,Peja Stojakovic,C.J. Miles,Carlos Boozer,Deron Williams,Mehmet Okur,Ronnie Brewer,3,11:40,NOH,shot,,,,,,,,,,David West,2,,,made,,fade away jumper,23,18
Chris Paul,David West,Devin Brown,Emeka Okafor,Peja Stojakovic,C.J. Miles,Carlos Boozer,Deron Williams,Mehmet Okur,Ronnie Brewer,3,11:18,UTA,shot,,,,,,,,,,Carlos Boozer,2,,,made,,jump,17,22
Chris Paul,David West,Devin Brown,Emeka Okafor,Peja Stojakovic,C.J. Miles,Carlos Boozer,Deron Williams,Mehmet Okur,Ronnie Brewer,3,11:05,NOH,shot,,,,,,,,,,David West,,,,missed,,running jump,25,14
Chris Paul,David West,Devin Brown,Emeka Okafor,Peja Stojakovic,C.J. Miles,Carlos Boozer,Deron Williams,Mehmet Okur,Ronnie Brewer,3,11:04,UTA,rebound,,,,,,,,,,Carlos Boozer,,,,,,def,,
Chris Paul,David West,Devin Brown,Emeka Okafor,Peja Stojakovic,C.J. Miles,Carlos Boozer,Deron Williams,Mehmet Okur,Ronnie Brewer,3,10:55,UTA,shot,,,,,,,,,,Deron Williams,,,,missed,,jump,24,13
Chris Paul,David West,Devin Brown,Emeka Okafor,Peja Stojakovic,C.J. Miles,Carlos Boozer,Deron Williams,Mehmet Okur,Ronnie Brewer,3,10:52,NOH,rebound,,,,,,,,,,David West,,,,,,def,,
Chris Paul,David West,Devin Brown,Emeka Okafor,Peja Stojakovic,C.J. Miles,Carlos Boozer,Deron Williams,Mehmet Okur,Ronnie Brewer,3,10:47,NOH,shot,,,,,,,,,,Chris Paul,,,,missed,,jump,29,19
Chris Paul,David West,Devin Brown,Emeka Okafor,Peja Stojakovic,C.J. Miles,Carlos Boozer,Deron Williams,Mehmet Okur,Ronnie Brewer,3,10:45,UTA,rebound,,,,,,,,,,Carlos Boozer,,,,,,def,,
Chris Paul,David West,Devin Brown,Emeka Okafor,Peja Stojakovic,C.J. Miles,Carlos Boozer,Deron Williams,Mehmet Okur,Ronnie Brewer,3,10:33,UTA,turnover,,,,,,,,,,Deron Williams,,,bad pass,,David West,,,
Chris Paul,David West,Devin Brown,Emeka Okafor,Peja Stojakovic,C.J. Miles,Carlos Boozer,Deron Williams,Mehmet Okur,Ronnie Brewer,3,10:27,NOH,shot,,,,,,,,,,Devin Brown,,,,missed,,layup,25,6
Chris Paul,David West,Devin Brown,Emeka Okafor,Peja Stojakovic,C.J. Miles,Carlos Boozer,Deron Williams,Mehmet Okur,Ronnie Brewer,3,10:23,NOH,rebound,,,,,,,,,,Peja Stojakovic,,,,,,off,,
Chris Paul,David West,Devin Brown,Emeka Okafor,Peja Stojakovic,C.J. Miles,Carlos Boozer,Deron Williams,Mehmet Okur,Ronnie Brewer,3,10:23,NOH,shot,,,,,,,,,,Peja Stojakovic,2,,,made,,jump,27,7
Chris Paul,David West,Devin Brown,Emeka Okafor,Peja Stojakovic,C.J. Miles,Carlos Boozer,Deron Williams,Mehmet Okur,Ronnie Brewer,3,10:04,UTA,shot,,,,,,,,,,Mehmet Okur,,,,missed,,running layup,25,6
Chris Paul,David West,Devin Brown,Emeka Okafor,Peja Stojakovic,C.J. Miles,Carlos Boozer,Deron Williams,Mehmet Okur,Ronnie Brewer,3,10:03,UTA,rebound,,,,,,,,,,Carlos Boozer,,,,,,off,,
Chris Paul,David West,Devin Brown,Emeka Okafor,Peja Stojakovic,C.J. Miles,Carlos Boozer,Deron Williams,Mehmet Okur,Ronnie Brewer,3,10:03,UTA,shot,,,David West,,,,,,,Carlos Boozer,,,,missed,,jump,29,8
Chris Paul,David West,Devin Brown,Emeka Okafor,Peja Stojakovic,C.J. Miles,Carlos Boozer,Deron Williams,Mehmet Okur,Ronnie Brewer,3,10:03,UTA,rebound,,,,,,,,,,,,,,,,,,
Chris Paul,David West,Devin Brown,Emeka Okafor,Peja Stojakovic,C.J. Miles,Carlos Boozer,Deron Williams,Mehmet Okur,Ronnie Brewer,3,9:48,UTA,shot,,,,,,,,,,Carlos Boozer,,,,missed,,driving layup,25,6
Chris Paul,David West,Devin Brown,Emeka Okafor,Peja Stojakovic,C.J. Miles,Carlos Boozer,Deron Williams,Mehmet Okur,Ronnie Brewer,3,9:47,NOH,rebound,,,,,,,,,,Peja Stojakovic,,,,,,def,,
Chris Paul,David West,Devin Brown,Emeka Okafor,Peja Stojakovic,C.J. Miles,Carlos Boozer,Deron Williams,Mehmet Okur,Ronnie Brewer,3,9:28,NOH,turnover,,,,,,,,,,David West,,,lost ball,,C.J. Miles,,,
Chris Paul,David West,Devin Brown,Emeka Okafor,Peja Stojakovic,C.J. Miles,Carlos Boozer,Deron Williams,Mehmet Okur,Ronnie Brewer,3,9:04,UTA,shot,,,,,,,,,,C.J. Miles,,,,missed,,3pt,44,22
Chris Paul,David West,Devin Brown,Emeka Okafor,Peja Stojakovic,C.J. Miles,Carlos Boozer,Deron Williams,Mehmet Okur,Ronnie Brewer,3,9:02,NOH,rebound,,,,,,,,,,Emeka Okafor,,,,,,def,,
Chris Paul,David West,Devin Brown,Emeka Okafor,Peja Stojakovic,C.J. Miles,Carlos Boozer,Deron Williams,Mehmet Okur,Ronnie Brewer,3,8:56,NOH,shot,Chris Paul,,,,,,,,,Devin Brown,2,,,made,,jump,4,9
Chris Paul,David West,Devin Brown,Emeka Okafor,Peja Stojakovic,C.J. Miles,Carlos Boozer,Deron Williams,Mehmet Okur,Ronnie Brewer,3,8:28,UTA,shot,,,,,,,,,,C.J. Miles,,,,missed,,layup,25,6
Chris Paul,David West,Devin Brown,Emeka Okafor,Peja Stojakovic,C.J. Miles,Carlos Boozer,Deron Williams,Mehmet Okur,Ronnie Brewer,3,8:27,UTA,rebound,,,,,,,,,,C.J. Miles,,,,,,off,,
Chris Paul,David West,Devin Brown,Emeka Okafor,Peja Stojakovic,C.J. Miles,Carlos Boozer,Deron Williams,Mehmet Okur,Ronnie Brewer,3,8:21,UTA,shot,,,,,,,,,,Deron Williams,,,,missed,,jump,41,13
Chris Paul,David West,Devin Brown,Emeka Okafor,Peja Stojakovic,C.J. Miles,Carlos Boozer,Deron Williams,Mehmet Okur,Ronnie Brewer,3,8:20,NOH,rebound,,,,,,,,,,David West,,,,,,def,,
Chris Paul,David West,Devin Brown,Emeka Okafor,Peja Stojakovic,C.J. Miles,Carlos Boozer,Deron Williams,Mehmet Okur,Ronnie Brewer,3,8:14,NOH,turnover,,,,,,,,,,Devin Brown,,,traveling,,,,,
Chris Paul,David West,Devin Brown,Emeka Okafor,Peja Stojakovic,C.J. Miles,Carlos Boozer,Deron Williams,Mehmet Okur,Ronnie Brewer,3,8:06,NOH,foul,,,,,,,,Ronnie Brewer,,Devin Brown,,,,,,personal,,
Chris Paul,David West,Devin Brown,Emeka Okafor,Peja Stojakovic,C.J. Miles,Carlos Boozer,Deron Williams,Mehmet Okur,Ronnie Brewer,3,7:52,UTA,shot,,,,,,,,,,Mehmet Okur,,,,missed,,running hook,25,10
Chris Paul,David West,Devin Brown,Emeka Okafor,Peja Stojakovic,C.J. Miles,Carlos Boozer,Deron Williams,Mehmet Okur,Ronnie Brewer,3,7:51,NOH,rebound,,,,,,,,,,Emeka Okafor,,,,,,def,,
Chris Paul,David West,Devin Brown,Emeka Okafor,Peja Stojakovic,C.J. Miles,Carlos Boozer,Deron Williams,Mehmet Okur,Ronnie Brewer,3,7:40,UTA,foul,,,,,,,,Emeka Okafor,,Mehmet Okur,,,,,,shooting,,
Chris Paul,David West,Devin Brown,Emeka Okafor,Peja Stojakovic,C.J. Miles,Carlos Boozer,Deron Williams,Mehmet Okur,Ronnie Brewer,3,7:40,NOH,free throw,,,,,,,1,,2,Emeka Okafor,,,foul,missed,,,,
Chris Paul,David West,Devin Brown,Emeka Okafor,Peja Stojakovic,C.J. Miles,Carlos Boozer,Deron Williams,Mehmet Okur,Ronnie Brewer,3,7:40,NOH,rebound,,,,,,,,,,,,,,,,,,
Chris Paul,David West,Devin Brown,Emeka Okafor,Peja Stojakovic,C.J. Miles,Carlos Boozer,Deron Williams,Mehmet Okur,Ronnie Brewer,3,7:40,NOH,free throw,,,,,,,2,,2,Emeka Okafor,,,foul,missed,,,,
Chris Paul,David West,Devin Brown,Emeka Okafor,Peja Stojakovic,C.J. Miles,Carlos Boozer,Deron Williams,Mehmet Okur,Ronnie Brewer,3,7:39,UTA,rebound,,,,,,,,,,Mehmet Okur,,,,,,def,,
Chris Paul,David West,Devin Brown,Emeka Okafor,Peja Stojakovic,C.J. Miles,Carlos Boozer,Deron Williams,Mehmet Okur,Ronnie Brewer,3,7:24,UTA,turnover,,,,,,,,,,Carlos Boozer,,,bad pass,,Chris Paul,,,
Chris Paul,David West,Devin Brown,Emeka Okafor,Peja Stojakovic,C.J. Miles,Carlos Boozer,Deron Williams,Mehmet Okur,Ronnie Brewer,3,7:17,NOH,shot,,,,,,,,,,Peja Stojakovic,,,,missed,,3pt,4,19
Chris Paul,David West,Devin Brown,Emeka Okafor,Peja Stojakovic,C.J. Miles,Carlos Boozer,Deron Williams,Mehmet Okur,Ronnie Brewer,3,7:15,NOH,rebound,,,,,,,,,,Devin Brown,,,,,,off,,
Chris Paul,David West,Devin Brown,Emeka Okafor,Peja Stojakovic,C.J. Miles,Carlos Boozer,Deron Williams,Mehmet Okur,Ronnie Brewer,3,7:12,NOH,shot,,,,,,,,,,Devin Brown,3,,,made,,3pt,49,6
Chris Paul,David West,Devin Brown,Emeka Okafor,Peja Stojakovic,C.J. Miles,Carlos Boozer,Deron Williams,Mehmet Okur,Ronnie Brewer,3,6:58,UTA,shot,,,Emeka Okafor,,,,,,,Deron Williams,,,,missed,,layup,25,6
Chris Paul,David West,Devin Brown,Emeka Okafor,Peja Stojakovic,C.J. Miles,Carlos Boozer,Deron Williams,Mehmet Okur,Ronnie Brewer,3,6:56,NOH,rebound,,,,,,,,,,Peja Stojakovic,,,,,,def,,
Chris Paul,David West,Devin Brown,Emeka Okafor,Peja Stojakovic,C.J. Miles,Carlos Boozer,Deron Williams,Mehmet Okur,Ronnie Brewer,3,6:54,UTA,foul,,,,,,,,Devin Brown,,C.J. Miles,,,,,,shooting,,
Chris Paul,David West,Devin Brown,Emeka Okafor,Peja Stojakovic,Andrei Kirilenko,Carlos Boozer,Deron Williams,Mehmet Okur,Ronnie Brewer,3,6:54,UTA,sub,,,,Andrei Kirilenko,,C.J. Miles,,,,,,,,,,,,
Chris Paul,David West,Devin Brown,Emeka Okafor,Peja Stojakovic,Andrei Kirilenko,Deron Williams,Mehmet Okur,Paul Millsap,Ronnie Brewer,3,6:54,UTA,sub,,,,Paul Millsap,,Carlos Boozer,,,,,,,,,,,,
Chris Paul,David West,Devin Brown,Emeka Okafor,Peja Stojakovic,Andrei Kirilenko,Deron Williams,Mehmet Okur,Paul Millsap,Ronnie Brewer,3,6:54,NOH,free throw,,,,,,,1,,2,Devin Brown,,,foul,made,,,,
Chris Paul,David West,Devin Brown,Emeka Okafor,Peja Stojakovic,Andrei Kirilenko,Deron Williams,Mehmet Okur,Paul Millsap,Ronnie Brewer,3,6:54,NOH,free throw,,,,,,,2,,2,Devin Brown,,,foul,made,,,,
Chris Paul,David West,Devin Brown,Emeka Okafor,Peja Stojakovic,Andrei Kirilenko,Deron Williams,Mehmet Okur,Paul Millsap,Ronnie Brewer,3,6:44,UTA,turnover,,,,,,,,,,Mehmet Okur,,,traveling,,,,,
Chris Paul,David West,Devin Brown,Emeka Okafor,Peja Stojakovic,Andrei Kirilenko,Deron Williams,Mehmet Okur,Paul Millsap,Ronnie Brewer,3,6:22,NOH,shot,Chris Paul,,,,,,,,,Emeka Okafor,2,,,made,,jump bank,20,8
Chris Paul,David West,Devin Brown,Emeka Okafor,Peja Stojakovic,Andrei Kirilenko,Deron Williams,Mehmet Okur,Paul Millsap,Ronnie Brewer,3,6:09,UTA,shot,,,,,,,,,,Mehmet Okur,,,,missed,,jump,36,24
Chris Paul,David West,Devin Brown,Emeka Okafor,Peja Stojakovic,Andrei Kirilenko,Deron Williams,Mehmet Okur,Paul Millsap,Ronnie Brewer,3,6:07,NOH,rebound,,,,,,,,,,Emeka Okafor,,,,,,def,,
Chris Paul,David West,Devin Brown,Emeka Okafor,Peja Stojakovic,Andrei Kirilenko,Deron Williams,Mehmet Okur,Paul Millsap,Ronnie Brewer,3,6:01,NOH,shot,,,,,,,,,,Peja Stojakovic,,,,missed,,3pt,47,17
Chris Paul,David West,Devin Brown,Emeka Okafor,Peja Stojakovic,Andrei Kirilenko,Deron Williams,Mehmet Okur,Paul Millsap,Ronnie Brewer,3,6:00,NOH,rebound,,,,,,,,,,Chris Paul,,,,,,off,,
Chris Paul,David West,Devin Brown,Emeka Okafor,Peja Stojakovic,Andrei Kirilenko,Deron Williams,Mehmet Okur,Paul Millsap,Ronnie Brewer,3,5:52,NOH,shot,,,,,,,,,,Chris Paul,,,,missed,,3pt,18,29
Chris Paul,David West,Devin Brown,Emeka Okafor,Peja Stojakovic,Andrei Kirilenko,Deron Williams,Mehmet Okur,Paul Millsap,Ronnie Brewer,3,5:52,UTA,rebound,,,,,,,,,,Deron Williams,,,,,,def,,
Chris Paul,David West,Devin Brown,Emeka Okafor,Peja Stojakovic,Andrei Kirilenko,Deron Williams,Mehmet Okur,Paul Millsap,Ronnie Brewer,3,5:50,NOH,foul,,,,,,,,Deron Williams,,Chris Paul,,,,,,personal,,
Chris Paul,David West,Devin Brown,Emeka Okafor,Peja Stojakovic,Andrei Kirilenko,Deron Williams,Mehmet Okur,Paul Millsap,Ronnie Brewer,3,5:50,UTA,timeout,,,,,,,,,,,,,,,,regular,,
Chris Paul,David West,Devin Brown,Emeka Okafor,Peja Stojakovic,Andrei Kirilenko,Deron Williams,Mehmet Okur,Paul Millsap,Ronnie Brewer,3,5:39,UTA,shot,,,,,,,,,,Paul Millsap,,,,missed,,turnaround fade away,11,6
Chris Paul,David West,Devin Brown,Emeka Okafor,Peja Stojakovic,Andrei Kirilenko,Deron Williams,Mehmet Okur,Paul Millsap,Ronnie Brewer,3,5:38,NOH,rebound,,,,,,,,,,Devin Brown,,,,,,def,,
Chris Paul,David West,Devin Brown,Emeka Okafor,Peja Stojakovic,Andrei Kirilenko,Deron Williams,Mehmet Okur,Paul Millsap,Ronnie Brewer,3,5:27,UTA,foul,,,,,,,,David West,,Paul Millsap,,,,,,personal,,
Chris Paul,David West,Devin Brown,Emeka Okafor,Peja Stojakovic,Andrei Kirilenko,Deron Williams,Mehmet Okur,Paul Millsap,Ronnie Brewer,3,5:16,NOH,shot,,,,,,,,,,Devin Brown,,,,missed,,3pt,18,30
Chris Paul,David West,Devin Brown,Emeka Okafor,Peja Stojakovic,Andrei Kirilenko,Deron Williams,Mehmet Okur,Paul Millsap,Ronnie Brewer,3,5:15,NOH,rebound,,,,,,,,,,,,,,,,,,
Chris Paul,David West,Devin Brown,Emeka Okafor,Peja Stojakovic,Andrei Kirilenko,Deron Williams,Mehmet Okur,Paul Millsap,Ronnie Brewer,3,5:07,NOH,shot,,,,,,,,,,Chris Paul,,,,missed,,driving layup,25,6
Chris Paul,David West,Devin Brown,Emeka Okafor,Peja Stojakovic,Andrei Kirilenko,Deron Williams,Mehmet Okur,Paul Millsap,Ronnie Brewer,3,5:06,UTA,rebound,,,,,,,,,,Paul Millsap,,,,,,def,,
Chris Paul,David West,Devin Brown,Emeka Okafor,Peja Stojakovic,Andrei Kirilenko,Deron Williams,Mehmet Okur,Paul Millsap,Ronnie Brewer,3,4:50,NOH,foul,,,,,,,,Ronnie Brewer,,Emeka Okafor,,,,,,personal,,
Chris Paul,David West,Devin Brown,Emeka Okafor,Peja Stojakovic,Andrei Kirilenko,Deron Williams,Mehmet Okur,Paul Millsap,Ronnie Brewer,3,4:40,UTA,shot,,,,,,,,,,Ronnie Brewer,,,,missed,,driving layup,25,6
Chris Paul,David West,Devin Brown,Emeka Okafor,Peja Stojakovic,Andrei Kirilenko,Deron Williams,Mehmet Okur,Paul Millsap,Ronnie Brewer,3,4:38,NOH,rebound,,,,,,,,,,David West,,,,,,def,,
Chris Paul,David West,Devin Brown,Emeka Okafor,Peja Stojakovic,Andrei Kirilenko,Deron Williams,Mehmet Okur,Paul Millsap,Ronnie Brewer,3,4:22,NOH,turnover,,,,,,,,,,Emeka Okafor,,,3 second violation,,,,,
Chris Paul,David West,Devin Brown,Emeka Okafor,Peja Stojakovic,Andrei Kirilenko,Deron Williams,Mehmet Okur,Paul Millsap,Ronnie Brewer,3,4:10,UTA,shot,Ronnie Brewer,,,,,,,,,Deron Williams,2,,,made,,jump,19,23
Chris Paul,David West,Devin Brown,Emeka Okafor,Peja Stojakovic,Andrei Kirilenko,Deron Williams,Mehmet Okur,Paul Millsap,Ronnie Brewer,3,3:46,NOH,shot,,,,,,,,,,Peja Stojakovic,,,,missed,,3pt,25,33
Chris Paul,David West,Devin Brown,Emeka Okafor,Peja Stojakovic,Andrei Kirilenko,Deron Williams,Mehmet Okur,Paul Millsap,Ronnie Brewer,3,3:44,UTA,rebound,,,,,,,,,,Paul Millsap,,,,,,def,,
Chris Paul,David West,Devin Brown,Emeka Okafor,Peja Stojakovic,Andrei Kirilenko,Deron Williams,Mehmet Okur,Paul Millsap,Ronnie Brewer,3,3:35,UTA,turnover,,,,,,,,,,Mehmet Okur,,,lost ball,,David West,,,
Chris Paul,David West,Devin Brown,Emeka Okafor,Peja Stojakovic,Andrei Kirilenko,Deron Williams,Mehmet Okur,Paul Millsap,Ronnie Brewer,3,3:18,NOH,shot,Chris Paul,,,,,,,,,Devin Brown,3,,,made,,3pt,11,26
Chris Paul,David West,Devin Brown,Emeka Okafor,Peja Stojakovic,Andrei Kirilenko,Deron Williams,Mehmet Okur,Paul Millsap,Ronnie Brewer,3,3:03,UTA,shot,Deron Williams,,,,,,,,,Andrei Kirilenko,2,,,made,,layup,25,6
Chris Paul,David West,Devin Brown,Emeka Okafor,Peja Stojakovic,Andrei Kirilenko,Deron Williams,Mehmet Okur,Paul Millsap,Ronnie Brewer,3,2:44,NOH,shot,,,,,,,,,,David West,2,,,made,,layup,25,6
Chris Paul,David West,Devin Brown,Emeka Okafor,Peja Stojakovic,Andrei Kirilenko,Deron Williams,Mehmet Okur,Paul Millsap,Ronnie Brewer,3,2:26,UTA,shot,Deron Williams,,,,,,,,,Ronnie Brewer,2,,,made,,jump,7,11
Chris Paul,David West,Devin Brown,Emeka Okafor,Peja Stojakovic,Andrei Kirilenko,Deron Williams,Mehmet Okur,Paul Millsap,Ronnie Brewer,3,2:20,NOH,shot,,,,,,,,,,Chris Paul,2,,,made,,driving layup,25,6
Chris Paul,David West,Devin Brown,Emeka Okafor,Peja Stojakovic,Andrei Kirilenko,Deron Williams,Mehmet Okur,Paul Millsap,Ronnie Brewer,3,1:56,UTA,shot,,,,,,,,,,Paul Millsap,,,,missed,,jump,17,9
Chris Paul,David West,Devin Brown,Emeka Okafor,Peja Stojakovic,Andrei Kirilenko,Deron Williams,Mehmet Okur,Paul Millsap,Ronnie Brewer,3,1:55,NOH,rebound,,,,,,,,,,Emeka Okafor,,,,,,def,,
Chris Paul,David West,Devin Brown,Emeka Okafor,Peja Stojakovic,Andrei Kirilenko,Deron Williams,Mehmet Okur,Paul Millsap,Ronnie Brewer,3,1:46,UTA,foul,,,,,,,,David West,,Paul Millsap,,,,,,personal,,
Chris Paul,David West,Devin Brown,Emeka Okafor,Peja Stojakovic,Andrei Kirilenko,Deron Williams,Mehmet Okur,Paul Millsap,Ronnie Brewer,3,1:46,NOH,timeout,,,,,,,,,,,,,,,,regular,,
Chris Paul,David West,Devin Brown,Emeka Okafor,Peja Stojakovic,Andrei Kirilenko,Deron Williams,Mehmet Okur,Paul Millsap,Wesley Matthews,3,1:46,UTA,sub,,,,Wesley Matthews,,Ronnie Brewer,,,,,,,,,,,,
Chris Paul,David West,Devin Brown,Emeka Okafor,Peja Stojakovic,Andrei Kirilenko,Carlos Boozer,Deron Williams,Paul Millsap,Wesley Matthews,3,1:46,UTA,sub,,,,Carlos Boozer,,Mehmet Okur,,,,,,,,,,,,
Chris Paul,David West,Devin Brown,Emeka Okafor,James Posey,Andrei Kirilenko,Carlos Boozer,Deron Williams,Paul Millsap,Wesley Matthews,3,1:46,NOH,sub,,,,James Posey,,Peja Stojakovic,,,,,,,,,,,,
Chris Paul,David West,Devin Brown,Emeka Okafor,James Posey,Andrei Kirilenko,Carlos Boozer,Deron Williams,Paul Millsap,Wesley Matthews,3,1:34,NOH,shot,Chris Paul,,,,,,,,,Devin Brown,3,,,made,,3pt,10,26
Chris Paul,David West,Devin Brown,Emeka Okafor,James Posey,Andrei Kirilenko,Carlos Boozer,Deron Williams,Paul Millsap,Wesley Matthews,3,1:14,UTA,shot,,,,,,,,,,Andrei Kirilenko,,,,missed,,jump,5,8
Chris Paul,David West,Devin Brown,Emeka Okafor,James Posey,Andrei Kirilenko,Carlos Boozer,Deron Williams,Paul Millsap,Wesley Matthews,3,1:13,NOH,rebound,,,,,,,,,,David West,,,,,,def,,
Chris Paul,David West,Devin Brown,Emeka Okafor,James Posey,Andrei Kirilenko,Carlos Boozer,Deron Williams,Paul Millsap,Wesley Matthews,3,1:01,NOH,shot,,,,,,,,,,James Posey,,,,missed,,3pt,49,5
Chris Paul,David West,Devin Brown,Emeka Okafor,James Posey,Andrei Kirilenko,Carlos Boozer,Deron Williams,Paul Millsap,Wesley Matthews,3,0:59,NOH,rebound,,,,,,,,,,Chris Paul,,,,,,off,,
Chris Paul,David West,Devin Brown,Emeka Okafor,James Posey,Andrei Kirilenko,Carlos Boozer,Deron Williams,Paul Millsap,Wesley Matthews,3,0:39,NOH,shot,,,,,,,,,,David West,,,,missed,,fade away jumper,10,16
Chris Paul,David West,Devin Brown,Emeka Okafor,James Posey,Andrei Kirilenko,Carlos Boozer,Deron Williams,Paul Millsap,Wesley Matthews,3,0:38,UTA,rebound,,,,,,,,,,Carlos Boozer,,,,,,def,,
Chris Paul,David West,Devin Brown,Emeka Okafor,James Posey,Andrei Kirilenko,Carlos Boozer,Deron Williams,Paul Millsap,Wesley Matthews,3,0:28,UTA,shot,,,,,,,,,,Carlos Boozer,,,,missed,,jump,32,20
Chris Paul,David West,Devin Brown,Emeka Okafor,James Posey,Andrei Kirilenko,Carlos Boozer,Deron Williams,Paul Millsap,Wesley Matthews,3,0:27,NOH,rebound,,,,,,,,,,Chris Paul,,,,,,def,,
Chris Paul,David West,Devin Brown,Emeka Okafor,James Posey,Andrei Kirilenko,Carlos Boozer,Deron Williams,Paul Millsap,Wesley Matthews,3,0:04,NOH,shot,,,,,,,,,,Chris Paul,2,,,made,,driving layup,25,6
Chris Paul,David West,Devin Brown,Emeka Okafor,James Posey,Andrei Kirilenko,Carlos Boozer,Deron Williams,Paul Millsap,Wesley Matthews,3,0:00,UTA,shot,,,,,,,,,,Deron Williams,3,,,made,,3pt,23,31
Chris Paul,Darius Songaila,David West,Devin Brown,James Posey,Andrei Kirilenko,Carlos Boozer,Paul Millsap,Ronnie Price,Wesley Matthews,4,11:45,UTA,shot,Paul Millsap,,,,,,,,,Andrei Kirilenko,2,,,made,,jump,45,17
Chris Paul,Darius Songaila,David West,Devin Brown,James Posey,Andrei Kirilenko,Carlos Boozer,Paul Millsap,Ronnie Price,Wesley Matthews,4,11:28,NOH,shot,,,,,,,,,,David West,,,,missed,,jump,6,5
Chris Paul,Darius Songaila,David West,Devin Brown,James Posey,Andrei Kirilenko,Carlos Boozer,Paul Millsap,Ronnie Price,Wesley Matthews,4,11:27,UTA,rebound,,,,,,,,,,Carlos Boozer,,,,,,def,,
Chris Paul,Darius Songaila,David West,Devin Brown,James Posey,Andrei Kirilenko,Carlos Boozer,Paul Millsap,Ronnie Price,Wesley Matthews,4,11:23,UTA,turnover,,,,,,,,,,Ronnie Price,,,bad pass,,,,,
Chris Paul,Darius Songaila,David West,Devin Brown,James Posey,Andrei Kirilenko,Carlos Boozer,Paul Millsap,Ronnie Price,Wesley Matthews,4,10:59,NOH,shot,Devin Brown,,,,,,,,,David West,2,,,made,,jump,45,13
Chris Paul,Darius Songaila,David West,Devin Brown,James Posey,Andrei Kirilenko,Carlos Boozer,Paul Millsap,Ronnie Price,Wesley Matthews,4,10:45,UTA,shot,,,,,,,,,,Wesley Matthews,,,,missed,,jump,12,22
Chris Paul,Darius Songaila,David West,Devin Brown,James Posey,Andrei Kirilenko,Carlos Boozer,Paul Millsap,Ronnie Price,Wesley Matthews,4,10:43,NOH,rebound,,,,,,,,,,Darius Songaila,,,,,,def,,
Chris Paul,Darius Songaila,David West,Devin Brown,James Posey,Andrei Kirilenko,Carlos Boozer,Paul Millsap,Ronnie Price,Wesley Matthews,4,10:30,NOH,shot,,,,,,,,,,Devin Brown,,,,missed,,3pt,38,27
Chris Paul,Darius Songaila,David West,Devin Brown,James Posey,Andrei Kirilenko,Carlos Boozer,Paul Millsap,Ronnie Price,Wesley Matthews,4,10:29,UTA,rebound,,,,,,,,,,Carlos Boozer,,,,,,def,,
Chris Paul,Darius Songaila,David West,Devin Brown,James Posey,Andrei Kirilenko,Carlos Boozer,Paul Millsap,Ronnie Price,Wesley Matthews,4,10:15,UTA,turnover,,,,,,,,,,Paul Millsap,,,bad pass,,Chris Paul,,,
Darius Songaila,Darren Collison,David West,Devin Brown,James Posey,Andrei Kirilenko,Carlos Boozer,Paul Millsap,Ronnie Price,Wesley Matthews,4,9:58,NOH,sub,,,,Darren Collison,,Chris Paul,,,,,,,,,,,,
Darius Songaila,Darren Collison,Devin Brown,Emeka Okafor,James Posey,Andrei Kirilenko,Carlos Boozer,Paul Millsap,Ronnie Price,Wesley Matthews,4,9:58,NOH,sub,,,,Emeka Okafor,,David West,,,,,,,,,,,,
Darius Songaila,Darren Collison,Devin Brown,Emeka Okafor,James Posey,Andrei Kirilenko,Carlos Boozer,Paul Millsap,Ronnie Price,Wesley Matthews,4,9:53,NOH,shot,,,,,,,,,,Devin Brown,,,,missed,,running jump,31,14
Darius Songaila,Darren Collison,Devin Brown,Emeka Okafor,James Posey,Andrei Kirilenko,Carlos Boozer,Paul Millsap,Ronnie Price,Wesley Matthews,4,9:52,UTA,rebound,,,,,,,,,,Paul Millsap,,,,,,def,,
Darius Songaila,Darren Collison,Devin Brown,Emeka Okafor,James Posey,Andrei Kirilenko,Carlos Boozer,Paul Millsap,Ronnie Price,Wesley Matthews,4,9:42,UTA,shot,,,James Posey,,,,,,,Paul Millsap,,,,missed,,layup,25,6
Darius Songaila,Darren Collison,Devin Brown,Emeka Okafor,James Posey,Andrei Kirilenko,Carlos Boozer,Paul Millsap,Ronnie Price,Wesley Matthews,4,9:40,UTA,rebound,,,,,,,,,,Carlos Boozer,,,,,,off,,
Darius Songaila,Darren Collison,Devin Brown,Emeka Okafor,James Posey,Andrei Kirilenko,Carlos Boozer,Paul Millsap,Ronnie Price,Wesley Matthews,4,9:40,UTA,shot,,,,,,,,,,Carlos Boozer,2,,,made,,layup,25,6
Darius Songaila,Darren Collison,Devin Brown,Emeka Okafor,James Posey,Andrei Kirilenko,Carlos Boozer,Paul Millsap,Ronnie Price,Wesley Matthews,4,9:32,NOH,timeout,,,,,,,,,,,,,,,,regular,,
Darius Songaila,Darren Collison,Devin Brown,Emeka Okafor,James Posey,Andrei Kirilenko,Carlos Boozer,Paul Millsap,Ronnie Price,Wesley Matthews,4,9:21,NOH,shot,,,,,,,,,,Darren Collison,,,,missed,,running jump,18,16
Darius Songaila,Darren Collison,Devin Brown,Emeka Okafor,James Posey,Andrei Kirilenko,Carlos Boozer,Paul Millsap,Ronnie Price,Wesley Matthews,4,9:20,UTA,rebound,,,,,,,,,,Paul Millsap,,,,,,def,,
Darius Songaila,Darren Collison,Devin Brown,Emeka Okafor,James Posey,Andrei Kirilenko,Carlos Boozer,Paul Millsap,Ronnie Price,Wesley Matthews,4,9:03,UTA,shot,,,,,,,,,,Wesley Matthews,,,,missed,,layup,25,6
Darius Songaila,Darren Collison,Devin Brown,Emeka Okafor,James Posey,Andrei Kirilenko,Carlos Boozer,Paul Millsap,Ronnie Price,Wesley Matthews,4,9:02,UTA,rebound,,,,,,,,,,Wesley Matthews,,,,,,off,,
Darius Songaila,Darren Collison,Devin Brown,Emeka Okafor,James Posey,Andrei Kirilenko,Carlos Boozer,Paul Millsap,Ronnie Price,Wesley Matthews,4,8:40,UTA,shot,Andrei Kirilenko,,,,,,,,,Paul Millsap,2,,,made,,layup,25,6
Darius Songaila,Darren Collison,Devin Brown,Emeka Okafor,James Posey,Andrei Kirilenko,Carlos Boozer,Paul Millsap,Ronnie Price,Wesley Matthews,4,8:13,NOH,shot,,,,,,,,,,Darren Collison,,,,missed,,jump,35,24
Darius Songaila,Darren Collison,Devin Brown,Emeka Okafor,James Posey,Andrei Kirilenko,Carlos Boozer,Paul Millsap,Ronnie Price,Wesley Matthews,4,8:11,NOH,rebound,,,,,,,,,,Emeka Okafor,,,,,,off,,
Darius Songaila,Darren Collison,Devin Brown,Emeka Okafor,James Posey,Andrei Kirilenko,Carlos Boozer,Paul Millsap,Ronnie Price,Wesley Matthews,4,8:11,NOH,shot,,,,,,,,,,Emeka Okafor,2,,,made,,putback layup,25,6
Darius Songaila,Darren Collison,Devin Brown,Emeka Okafor,James Posey,Andrei Kirilenko,Carlos Boozer,Paul Millsap,Ronnie Price,Wesley Matthews,4,8:00,UTA,shot,,,Emeka Okafor,,,,,,,Ronnie Price,,,,missed,,layup,25,6
Darius Songaila,Darren Collison,Devin Brown,Emeka Okafor,James Posey,Andrei Kirilenko,Carlos Boozer,Paul Millsap,Ronnie Price,Wesley Matthews,4,7:58,NOH,rebound,,,,,,,,,,Darren Collison,,,,,,def,,
Darius Songaila,Darren Collison,Devin Brown,Emeka Okafor,James Posey,Andrei Kirilenko,Carlos Boozer,Paul Millsap,Ronnie Price,Wesley Matthews,4,7:55,NOH,shot,Darren Collison,,,,,,,,,Devin Brown,2,,,made,,running jump,20,9
Darius Songaila,Darren Collison,Devin Brown,Emeka Okafor,James Posey,Andrei Kirilenko,Carlos Boozer,Paul Millsap,Ronnie Price,Wesley Matthews,4,7:55,UTA,foul,,,,,,,,Devin Brown,,Paul Millsap,,,,,,shooting,,
Chris Paul,Darius Songaila,Devin Brown,Emeka Okafor,James Posey,Andrei Kirilenko,Carlos Boozer,Paul Millsap,Ronnie Price,Wesley Matthews,4,7:55,NOH,sub,,,,Chris Paul,,Darren Collison,,,,,,,,,,,,
Chris Paul,David West,Devin Brown,Emeka Okafor,James Posey,Andrei Kirilenko,Carlos Boozer,Paul Millsap,Ronnie Price,Wesley Matthews,4,7:55,NOH,sub,,,,David West,,Darius Songaila,,,,,,,,,,,,
Chris Paul,David West,Devin Brown,Emeka Okafor,James Posey,Andrei Kirilenko,Carlos Boozer,Deron Williams,Paul Millsap,Wesley Matthews,4,7:55,UTA,sub,,,,Deron Williams,,Ronnie Price,,,,,,,,,,,,
Chris Paul,David West,Devin Brown,Emeka Okafor,James Posey,Andrei Kirilenko,Carlos Boozer,Deron Williams,Paul Millsap,Wesley Matthews,4,7:55,NOH,free throw,,,,,,,1,,1,Devin Brown,,,foul,missed,,,,
Chris Paul,David West,Devin Brown,Emeka Okafor,James Posey,Andrei Kirilenko,Carlos Boozer,Deron Williams,Paul Millsap,Wesley Matthews,4,7:54,UTA,rebound,,,,,,,,,,Wesley Matthews,,,,,,def,,
Chris Paul,David West,Devin Brown,Emeka Okafor,James Posey,Andrei Kirilenko,Carlos Boozer,Deron Williams,Paul Millsap,Wesley Matthews,4,7:37,UTA,shot,Deron Williams,,,,,,,,,Carlos Boozer,2,,,made,,layup,25,6
Chris Paul,David West,Devin Brown,Emeka Okafor,James Posey,Andrei Kirilenko,Carlos Boozer,Deron Williams,Paul Millsap,Wesley Matthews,4,7:20,UTA,foul,,,,,,,,David West,,Carlos Boozer,,,,,,personal,,
Chris Paul,Darren Collison,David West,Emeka Okafor,James Posey,Andrei Kirilenko,Carlos Boozer,Deron Williams,Paul Millsap,Wesley Matthews,4,7:20,NOH,sub,,,,Darren Collison,,Devin Brown,,,,,,,,,,,,
Chris Paul,Darren Collison,David West,Emeka Okafor,James Posey,Andrei Kirilenko,Carlos Boozer,Deron Williams,Paul Millsap,Wesley Matthews,4,7:13,NOH,turnover,,,,,,,,,,Darren Collison,,,lost ball,,Deron Williams,,,
Chris Paul,Darren Collison,David West,Emeka Okafor,James Posey,Andrei Kirilenko,Carlos Boozer,Deron Williams,Paul Millsap,Wesley Matthews,4,7:10,UTA,timeout,,,,,,,,,,,,,,,,regular,,
Chris Paul,Darren Collison,David West,Emeka Okafor,James Posey,Andrei Kirilenko,Carlos Boozer,Deron Williams,Paul Millsap,Wesley Matthews,4,6:57,UTA,shot,Deron Williams,,,,,,,,,Andrei Kirilenko,2,,,made,,jump,44,16
Chris Paul,Darren Collison,David West,Emeka Okafor,James Posey,Andrei Kirilenko,Carlos Boozer,Deron Williams,Paul Millsap,Wesley Matthews,4,6:33,NOH,shot,,,,,,,,,,James Posey,,,,missed,,3pt,10,26
Chris Paul,Darren Collison,David West,Emeka Okafor,James Posey,Andrei Kirilenko,Carlos Boozer,Deron Williams,Paul Millsap,Wesley Matthews,4,6:33,UTA,rebound,,,,,,,,,,Paul Millsap,,,,,,def,,
Chris Paul,Darren Collison,David West,Emeka Okafor,James Posey,Andrei Kirilenko,Carlos Boozer,Deron Williams,Paul Millsap,Wesley Matthews,4,6:33,NOH,foul,,,,,,,,Paul Millsap,,David West,,,,,,loose ball,,
Chris Paul,Darren Collison,David West,Emeka Okafor,James Posey,Andrei Kirilenko,Carlos Boozer,Deron Williams,Paul Millsap,Wesley Matthews,4,6:17,UTA,shot,,,,,,,,,,Andrei Kirilenko,,,,missed,,layup,25,6
Chris Paul,Darren Collison,David West,Emeka Okafor,James Posey,Andrei Kirilenko,Carlos Boozer,Deron Williams,Paul Millsap,Wesley Matthews,4,6:15,NOH,rebound,,,,,,,,,,James Posey,,,,,,def,,
Chris Paul,Darren Collison,David West,Emeka Okafor,James Posey,Andrei Kirilenko,Carlos Boozer,Deron Williams,Paul Millsap,Wesley Matthews,4,6:07,NOH,shot,,,,,,,,,,Chris Paul,,,,missed,,3pt,14,28
Chris Paul,Darren Collison,David West,Emeka Okafor,James Posey,Andrei Kirilenko,Carlos Boozer,Deron Williams,Paul Millsap,Wesley Matthews,4,6:06,UTA,rebound,,,,,,,,,,Wesley Matthews,,,,,,def,,
Chris Paul,Darren Collison,David West,Emeka Okafor,James Posey,Andrei Kirilenko,Carlos Boozer,Deron Williams,Paul Millsap,Wesley Matthews,4,5:58,UTA,shot,,,,,,,,,,Wesley Matthews,,,,missed,,layup,25,6
Chris Paul,Darren Collison,David West,Emeka Okafor,James Posey,Andrei Kirilenko,Carlos Boozer,Deron Williams,Paul Millsap,Wesley Matthews,4,5:57,NOH,rebound,,,,,,,,,,David West,,,,,,def,,
Chris Paul,Darren Collison,David West,Emeka Okafor,James Posey,Andrei Kirilenko,Carlos Boozer,Deron Williams,Paul Millsap,Wesley Matthews,4,5:51,NOH,shot,Chris Paul,,,,,,,,,Darren Collison,2,,,made,,layup,25,6
Chris Paul,Darren Collison,David West,Emeka Okafor,James Posey,Andrei Kirilenko,Carlos Boozer,Deron Williams,Paul Millsap,Wesley Matthews,4,5:34,UTA,shot,,,,,,,,,,Deron Williams,2,,,made,,driving layup,25,6
Chris Paul,Darren Collison,David West,Emeka Okafor,James Posey,Andrei Kirilenko,Carlos Boozer,Deron Williams,Paul Millsap,Wesley Matthews,4,5:32,UTA,foul,,,,,,,,Darren Collison,,Paul Millsap,,,,,,personal,,
Chris Paul,Darren Collison,David West,Emeka Okafor,James Posey,Andrei Kirilenko,Carlos Boozer,Deron Williams,Paul Millsap,Wesley Matthews,4,5:32,UTA,timeout,,,,,,,,,,,,,,,,regular,,
Chris Paul,David West,Devin Brown,Emeka Okafor,James Posey,Andrei Kirilenko,Carlos Boozer,Deron Williams,Paul Millsap,Wesley Matthews,4,5:32,NOH,sub,,,,Devin Brown,,Darren Collison,,,,,,,,,,,,
Chris Paul,David West,Devin Brown,Emeka Okafor,James Posey,Andrei Kirilenko,Carlos Boozer,Deron Williams,Paul Millsap,Wesley Matthews,4,5:14,NOH,foul,,,,,,,,Wesley Matthews,,Devin Brown,,,,,,offensive,,
Chris Paul,David West,Devin Brown,Emeka Okafor,James Posey,Andrei Kirilenko,Carlos Boozer,Deron Williams,Paul Millsap,Wesley Matthews,4,5:14,NOH,turnover,,,,,,,,,,Devin Brown,,,foul,,,,,
Chris Paul,David West,Devin Brown,Emeka Okafor,James Posey,Andrei Kirilenko,Carlos Boozer,Deron Williams,Paul Millsap,Wesley Matthews,4,4:53,UTA,shot,Andrei Kirilenko,,,,,,,,,Wesley Matthews,3,,,made,,3pt,17,29
Chris Paul,David West,Devin Brown,Emeka Okafor,James Posey,Andrei Kirilenko,Carlos Boozer,Deron Williams,Paul Millsap,Wesley Matthews,4,4:36,NOH,shot,,,,,,,,,,Chris Paul,2,,,made,,running jump,23,12
Chris Paul,David West,Devin Brown,Emeka Okafor,James Posey,Andrei Kirilenko,Carlos Boozer,Deron Williams,Paul Millsap,Wesley Matthews,4,4:18,UTA,shot,,,,,,,,,,Carlos Boozer,,,,missed,,jump,32,10
Chris Paul,David West,Devin Brown,Emeka Okafor,James Posey,Andrei Kirilenko,Carlos Boozer,Deron Williams,Paul Millsap,Wesley Matthews,4,4:18,UTA,rebound,,,,,,,,,,Andrei Kirilenko,,,,,,off,,
Chris Paul,David West,Devin Brown,Emeka Okafor,James Posey,Andrei Kirilenko,Carlos Boozer,Deron Williams,Paul Millsap,Wesley Matthews,4,4:18,NOH,foul,,,,,,,,Andrei Kirilenko,,James Posey,,,,,,shooting,,
Chris Paul,David West,Devin Brown,Emeka Okafor,James Posey,Andrei Kirilenko,Carlos Boozer,Deron Williams,Paul Millsap,Wesley Matthews,4,4:18,UTA,free throw,,,,,,,1,,2,Andrei Kirilenko,,,foul,made,,,,
Chris Paul,David West,Devin Brown,Emeka Okafor,James Posey,Andrei Kirilenko,Carlos Boozer,Deron Williams,Paul Millsap,Wesley Matthews,4,4:18,UTA,free throw,,,,,,,2,,2,Andrei Kirilenko,,,foul,made,,,,
Chris Paul,David West,Devin Brown,Emeka Okafor,James Posey,Andrei Kirilenko,Carlos Boozer,Deron Williams,Paul Millsap,Wesley Matthews,4,4:11,UTA,foul,,,,,,,,Chris Paul,,Deron Williams,,,,,,personal,,
Chris Paul,David West,Devin Brown,Emeka Okafor,James Posey,Andrei Kirilenko,Carlos Boozer,Deron Williams,Paul Millsap,Wesley Matthews,4,3:58,NOH,shot,,,,,,,,,,Chris Paul,,,,missed,,jump,23,13
Chris Paul,David West,Devin Brown,Emeka Okafor,James Posey,Andrei Kirilenko,Carlos Boozer,Deron Williams,Paul Millsap,Wesley Matthews,4,3:57,NOH,rebound,,,,,,,,,,Chris Paul,,,,,,off,,
Chris Paul,David West,Devin Brown,Emeka Okafor,James Posey,Andrei Kirilenko,Carlos Boozer,Deron Williams,Paul Millsap,Wesley Matthews,4,3:48,NOH,shot,,,,,,,,,,David West,2,,,made,,jump,25,20
Chris Paul,David West,Devin Brown,Emeka Okafor,James Posey,Andrei Kirilenko,Carlos Boozer,Deron Williams,Paul Millsap,Wesley Matthews,4,3:33,UTA,shot,,,,,,,,,,Deron Williams,,,,missed,,jump,45,12
Chris Paul,David West,Devin Brown,Emeka Okafor,James Posey,Andrei Kirilenko,Carlos Boozer,Deron Williams,Paul Millsap,Wesley Matthews,4,3:32,NOH,rebound,,,,,,,,,,James Posey,,,,,,def,,
Chris Paul,David West,Devin Brown,Emeka Okafor,James Posey,Andrei Kirilenko,Carlos Boozer,Deron Williams,Paul Millsap,Wesley Matthews,4,3:07,NOH,shot,,,,,,,,,,David West,,,,missed,,jump,38,23
Chris Paul,David West,Devin Brown,Emeka Okafor,James Posey,Andrei Kirilenko,Carlos Boozer,Deron Williams,Paul Millsap,Wesley Matthews,4,3:03,NOH,rebound,,,,,,,,,,Emeka Okafor,,,,,,off,,
Chris Paul,David West,Devin Brown,Emeka Okafor,James Posey,Andrei Kirilenko,Carlos Boozer,Deron Williams,Paul Millsap,Wesley Matthews,4,2:58,NOH,shot,Chris Paul,,,,,,,,,Devin Brown,3,,,made,,3pt,42,24
Chris Paul,David West,Devin Brown,Emeka Okafor,James Posey,Andrei Kirilenko,Carlos Boozer,Deron Williams,Paul Millsap,Wesley Matthews,4,2:34,UTA,shot,,,,,,,,,,Wesley Matthews,,,,missed,,jump,20,18
Chris Paul,David West,Devin Brown,Emeka Okafor,James Posey,Andrei Kirilenko,Carlos Boozer,Deron Williams,Paul Millsap,Wesley Matthews,4,2:33,NOH,rebound,,,,,,,,,,David West,,,,,,def,,
Chris Paul,David West,Devin Brown,Emeka Okafor,James Posey,Andrei Kirilenko,Carlos Boozer,Deron Williams,Paul Millsap,Wesley Matthews,4,2:13,NOH,shot,,,,,,,,,,Chris Paul,2,,,made,,jump,37,18
Chris Paul,David West,Devin Brown,Emeka Okafor,James Posey,Andrei Kirilenko,Carlos Boozer,Deron Williams,Paul Millsap,Wesley Matthews,4,2:12,UTA,timeout,,,,,,,,,,,,,,,,regular,,
Chris Paul,David West,Devin Brown,Emeka Okafor,James Posey,Andrei Kirilenko,C.J. Miles,Carlos Boozer,Deron Williams,Paul Millsap,4,2:12,UTA,sub,,,,C.J. Miles,,Wesley Matthews,,,,,,,,,,,,
Chris Paul,David West,Devin Brown,Emeka Okafor,James Posey,Andrei Kirilenko,C.J. Miles,Carlos Boozer,Deron Williams,Paul Millsap,4,1:56,UTA,shot,,,Emeka Okafor,,,,,,,Carlos Boozer,,,,missed,,jump,32,18
Chris Paul,David West,Devin Brown,Emeka Okafor,James Posey,Andrei Kirilenko,C.J. Miles,Carlos Boozer,Deron Williams,Paul Millsap,4,1:54,UTA,rebound,,,,,,,,,,Paul Millsap,,,,,,off,,
Chris Paul,David West,Devin Brown,Emeka Okafor,James Posey,Andrei Kirilenko,C.J. Miles,Carlos Boozer,Deron Williams,Paul Millsap,4,1:52,UTA,shot,Paul Millsap,,,,,,,,,C.J. Miles,3,,,made,,3pt,6,22
Chris Paul,David West,Devin Brown,Emeka Okafor,James Posey,Andrei Kirilenko,C.J. Miles,Carlos Boozer,Deron Williams,Paul Millsap,4,1:28,NOH,shot,,,,,,,,,,Chris Paul,,,,missed,,3pt,36,28
Chris Paul,David West,Devin Brown,Emeka Okafor,James Posey,Andrei Kirilenko,C.J. Miles,Carlos Boozer,Deron Williams,Paul Millsap,4,1:27,UTA,rebound,,,,,,,,,,Paul Millsap,,,,,,def,,
Chris Paul,David West,Devin Brown,Emeka Okafor,James Posey,Andrei Kirilenko,C.J. Miles,Carlos Boozer,Deron Williams,Paul Millsap,4,1:10,UTA,shot,,,,,,,,,,Paul Millsap,,,,missed,,jump,31,20
Chris Paul,David West,Devin Brown,Emeka Okafor,James Posey,Andrei Kirilenko,C.J. Miles,Carlos Boozer,Deron Williams,Paul Millsap,4,1:09,NOH,rebound,,,,,,,,,,David West,,,,,,def,,
Chris Paul,David West,Devin Brown,Emeka Okafor,James Posey,Andrei Kirilenko,C.J. Miles,Carlos Boozer,Deron Williams,Paul Millsap,4,0:50,NOH,turnover,,,,,,,,,,David West,,,bad pass,,Deron Williams,,,
Chris Paul,David West,Devin Brown,Emeka Okafor,James Posey,Andrei Kirilenko,C.J. Miles,Carlos Boozer,Deron Williams,Paul Millsap,4,0:45,UTA,turnover,,,,,,,,,,Deron Williams,,,bad pass,,Chris Paul,,,
Chris Paul,David West,Devin Brown,Emeka Okafor,James Posey,Andrei Kirilenko,C.J. Miles,Carlos Boozer,Deron Williams,Paul Millsap,4,0:27,NOH,shot,,,,,,,,,,Chris Paul,2,,,made,,running layup,25,6
Chris Paul,David West,Devin Brown,Emeka Okafor,James Posey,Andrei Kirilenko,C.J. Miles,Carlos Boozer,Deron Williams,Paul Millsap,4,0:27,UTA,timeout,,,,,,,,,,,,,,,,short,,
Chris Paul,David West,Devin Brown,Emeka Okafor,James Posey,Andrei Kirilenko,C.J. Miles,Carlos Boozer,Deron Williams,Mehmet Okur,4,0:27,UTA,sub,,,,Mehmet Okur,,Paul Millsap,,,,,,,,,,,,
Chris Paul,David West,Devin Brown,Emeka Okafor,James Posey,Andrei Kirilenko,C.J. Miles,Carlos Boozer,Deron Williams,Mehmet Okur,4,0:20,UTA,shot,,,,,,,,,,C.J. Miles,,,,missed,,layup,25,6
Chris Paul,David West,Devin Brown,Emeka Okafor,James Posey,Andrei Kirilenko,C.J. Miles,Carlos Boozer,Deron Williams,Mehmet Okur,4,0:20,UTA,rebound,,,,,,,,,,,,,,,,,,
Chris Paul,David West,Devin Brown,Emeka Okafor,James Posey,Andrei Kirilenko,C.J. Miles,Carlos Boozer,Deron Williams,Mehmet Okur,4,0:18,UTA,shot,Carlos Boozer,,,,,,,,,C.J. Miles,2,,,made,,jump,7,6
Chris Paul,David West,Devin Brown,Emeka Okafor,James Posey,Andrei Kirilenko,C.J. Miles,Carlos Boozer,Deron Williams,Mehmet Okur,4,0:16,UTA,foul,,,,,,,,James Posey,,C.J. Miles,,,,,,personal,,
Chris Paul,David West,Devin Brown,Emeka Okafor,James Posey,Andrei Kirilenko,C.J. Miles,Carlos Boozer,Deron Williams,Mehmet Okur,4,0:16,NOH,free throw,,,,,,,1,,2,James Posey,,,foul,made,,,,
Chris Paul,David West,Devin Brown,Emeka Okafor,James Posey,Andrei Kirilenko,C.J. Miles,Carlos Boozer,Deron Williams,Mehmet Okur,4,0:16,NOH,free throw,,,,,,,2,,2,James Posey,,,foul,made,,,,
Chris Paul,David West,Devin Brown,Emeka Okafor,James Posey,Andrei Kirilenko,C.J. Miles,Carlos Boozer,Deron Williams,Mehmet Okur,4,0:13,NOH,foul,,,,,,,,Deron Williams,,Chris Paul,,,,,,personal,,
Chris Paul,David West,Devin Brown,Emeka Okafor,James Posey,Andrei Kirilenko,C.J. Miles,Carlos Boozer,Deron Williams,Mehmet Okur,4,0:07,UTA,shot,,,,,,,,,,C.J. Miles,,,,missed,,3pt,35,30
Chris Paul,David West,Devin Brown,Emeka Okafor,James Posey,Andrei Kirilenko,C.J. Miles,Carlos Boozer,Deron Williams,Mehmet Okur,4,0:06,NOH,rebound,,,,,,,,,,Emeka Okafor,,,,,,def,,
Chris Paul,David West,Devin Brown,Emeka Okafor,James Posey,Andrei Kirilenko,C.J. Miles,Carlos Boozer,Deron Williams,Mehmet Okur,4,0:06,UTA,foul,,,,,,,,Emeka Okafor,,Deron Williams,,,,,,personal,,
Chris Paul,David West,Devin Brown,Emeka Okafor,James Posey,Andrei Kirilenko,C.J. Miles,Carlos Boozer,Deron Williams,Mehmet Okur,4,0:06,NOH,free throw,,,,,,,1,,2,Emeka Okafor,,,foul,missed,,,,
Chris Paul,David West,Devin Brown,Emeka Okafor,James Posey,Andrei Kirilenko,C.J. Miles,Carlos Boozer,Deron Williams,Mehmet Okur,4,0:06,NOH,rebound,,,,,,,,,,,,,,,,,,
Chris Paul,David West,Devin Brown,Emeka Okafor,James Posey,Andrei Kirilenko,C.J. Miles,Carlos Boozer,Deron Williams,Mehmet Okur,4,0:06,NOH,free throw,,,,,,,2,,2,Emeka Okafor,,,foul,made,,,,
Chris Paul,David West,Devin Brown,Emeka Okafor,James Posey,Andrei Kirilenko,C.J. Miles,Carlos Boozer,Deron Williams,Mehmet Okur,4,0:00,UTA,shot,,,,,,,,,,C.J. Miles,3,,,made,,3pt,35,29
