a1,a2,a3,a4,a5,h1,h2,h3,h4,h5,period,time,team,etype,assist,away,block,entered,home,left,num,opponent,outof,player,points,possession,reason,result,steal,type,x,y
Dwyane Wade,Jermaine O'Neal,Joel Anthony,Quentin Richardson,Rafer Alston,Ben Wallace,Chris Wilcox,Richard Hamilton,Rodney Stuckey,Tayshaun Prince,1,12:00,OFF,jump ball,,Jermaine O'Neal,,,Ben Wallace,,,,,,,Rafer Alston,,,,,,
Dwyane Wade,Jermaine O'Neal,Joel Anthony,Quentin Richardson,Rafer Alston,Ben Wallace,Chris Wilcox,Richard Hamilton,Rodney Stuckey,Tayshaun Prince,1,11:41,MIA,shot,,,,,,,,,,Jermaine O'Neal,,,,missed,,jump,41,10
Dwyane Wade,Jermaine O'Neal,Joel Anthony,Quentin Richardson,Rafer Alston,Ben Wallace,Chris Wilcox,Richard Hamilton,Rodney Stuckey,Tayshaun Prince,1,11:40,DET,rebound,,,,,,,,,,Chris Wilcox,,,,,,def,,
Dwyane Wade,Jermaine O'Neal,Joel Anthony,Quentin Richardson,Rafer Alston,Ben Wallace,Chris Wilcox,Richard Hamilton,Rodney Stuckey,Tayshaun Prince,1,11:20,DET,shot,,,Jermaine O'Neal,,,,,,,Chris Wilcox,,,,missed,,dunk,25,6
Dwyane Wade,Jermaine O'Neal,Joel Anthony,Quentin Richardson,Rafer Alston,Ben Wallace,Chris Wilcox,Richard Hamilton,Rodney Stuckey,Tayshaun Prince,1,11:18,DET,rebound,,,,,,,,,,Ben Wallace,,,,,,off,,
Dwyane Wade,Jermaine O'Neal,Joel Anthony,Quentin Richardson,Rafer Alston,Ben Wallace,Chris Wilcox,Richard Hamilton,Rodney Stuckey,Tayshaun Prince,1,11:15,DET,shot,,,,,,,,,,Ben Wallace,,,,missed,,layup,25,6
Dwyane Wade,Jermaine O'Neal,Joel Anthony,Quentin Richardson,Rafer Alston,Ben Wallace,Chris Wilcox,Richard Hamilton,Rodney Stuckey,Tayshaun Prince,1,11:14,MIA,rebound,,,,,,,,,,Joel Anthony,,,,,,def,,
Dwyane Wade,Jermaine O'Neal,Joel Anthony,Quentin Richardson,Rafer Alston,Ben Wallace,Chris Wilcox,Richard Hamilton,Rodney Stuckey,Tayshaun Prince,1,11:09,MIA,timeout,,,,,,,,,,,,,,,,short,,
Dwyane Wade,Joel Anthony,Quentin Richardson,Rafer Alston,Udonis Haslem,Ben Wallace,Chris Wilcox,Richard Hamilton,Rodney Stuckey,Tayshaun Prince,1,11:09,MIA,sub,,,,Udonis Haslem,,Jermaine O'Neal,,,,,,,,,,,,
Dwyane Wade,Joel Anthony,Quentin Richardson,Rafer Alston,Udonis Haslem,Ben Wallace,Chris Wilcox,Richard Hamilton,Rodney Stuckey,Tayshaun Prince,1,11:01,MIA,shot,Dwyane Wade,,,,,,,,,Udonis Haslem,2,,,made,,jump,9,11
Dwyane Wade,Joel Anthony,Quentin Richardson,Rafer Alston,Udonis Haslem,Ben Wallace,Chris Wilcox,Richard Hamilton,Rodney Stuckey,Tayshaun Prince,1,10:44,DET,shot,,,,,,,,,,Richard Hamilton,,,,missed,,jump,11,18
Dwyane Wade,Joel Anthony,Quentin Richardson,Rafer Alston,Udonis Haslem,Ben Wallace,Chris Wilcox,Richard Hamilton,Rodney Stuckey,Tayshaun Prince,1,10:43,MIA,rebound,,,,,,,,,,Dwyane Wade,,,,,,def,,
Dwyane Wade,Joel Anthony,Quentin Richardson,Rafer Alston,Udonis Haslem,Ben Wallace,Chris Wilcox,Richard Hamilton,Rodney Stuckey,Tayshaun Prince,1,10:25,MIA,shot,Dwyane Wade,,,,,,,,,Joel Anthony,2,,,made,,alley oop dunk,25,6
Dwyane Wade,Joel Anthony,Quentin Richardson,Rafer Alston,Udonis Haslem,Ben Wallace,Chris Wilcox,Richard Hamilton,Rodney Stuckey,Tayshaun Prince,1,10:04,DET,shot,,,,,,,,,,Tayshaun Prince,,,,missed,,running hook,24,12
Dwyane Wade,Joel Anthony,Quentin Richardson,Rafer Alston,Udonis Haslem,Ben Wallace,Chris Wilcox,Richard Hamilton,Rodney Stuckey,Tayshaun Prince,1,10:03,DET,rebound,,,,,,,,,,Ben Wallace,,,,,,off,,
Dwyane Wade,Joel Anthony,Quentin Richardson,Rafer Alston,Udonis Haslem,Ben Wallace,Chris Wilcox,Richard Hamilton,Rodney Stuckey,Tayshaun Prince,1,10:01,DET,shot,,,,,,,,,,Ben Wallace,2,,,made,,tip,25,6
Dwyane Wade,Joel Anthony,Quentin Richardson,Rafer Alston,Udonis Haslem,Ben Wallace,Chris Wilcox,Richard Hamilton,Rodney Stuckey,Tayshaun Prince,1,9:35,MIA,jump ball,,Udonis Haslem,,,Ben Wallace,,,,,,,Rodney Stuckey,,,,,,
Dwyane Wade,Joel Anthony,Quentin Richardson,Rafer Alston,Udonis Haslem,Ben Wallace,Chris Wilcox,Richard Hamilton,Rodney Stuckey,Tayshaun Prince,1,9:35,MIA,turnover,,,,,,,,,,Rafer Alston,,,bad pass,,,,,
Dwyane Wade,Joel Anthony,Quentin Richardson,Rafer Alston,Udonis Haslem,Ben Wallace,Chris Wilcox,Richard Hamilton,Rodney Stuckey,Tayshaun Prince,1,9:31,MIA,foul,,,,,,,,Rodney Stuckey,,Rafer Alston,,,,,,shooting,,
Dwyane Wade,Joel Anthony,Quentin Richardson,Rafer Alston,Udonis Haslem,Ben Wallace,Chris Wilcox,Richard Hamilton,Rodney Stuckey,Tayshaun Prince,1,9:31,DET,free throw,,,,,,,1,,2,Rodney Stuckey,,,foul,made,,,,
Dwyane Wade,Joel Anthony,Quentin Richardson,Rafer Alston,Udonis Haslem,Ben Wallace,Chris Wilcox,Richard Hamilton,Rodney Stuckey,Tayshaun Prince,1,9:31,DET,free throw,,,,,,,2,,2,Rodney Stuckey,,,foul,made,,,,
Dwyane Wade,Joel Anthony,Quentin Richardson,Rafer Alston,Udonis Haslem,Ben Wallace,Chris Wilcox,Richard Hamilton,Rodney Stuckey,Tayshaun Prince,1,9:14,MIA,shot,,,,,,,,,,Dwyane Wade,,,,missed,,jump bank,40,12
Dwyane Wade,Joel Anthony,Quentin Richardson,Rafer Alston,Udonis Haslem,Ben Wallace,Chris Wilcox,Richard Hamilton,Rodney Stuckey,Tayshaun Prince,1,9:12,DET,rebound,,,,,,,,,,Tayshaun Prince,,,,,,def,,
Dwyane Wade,Joel Anthony,Quentin Richardson,Rafer Alston,Udonis Haslem,Ben Wallace,Chris Wilcox,Richard Hamilton,Rodney Stuckey,Tayshaun Prince,1,8:56,DET,shot,,,,,,,,,,Rodney Stuckey,,,,missed,,jump,41,14
Dwyane Wade,Joel Anthony,Quentin Richardson,Rafer Alston,Udonis Haslem,Ben Wallace,Chris Wilcox,Richard Hamilton,Rodney Stuckey,Tayshaun Prince,1,8:55,MIA,rebound,,,,,,,,,,Dwyane Wade,,,,,,def,,
Dwyane Wade,Joel Anthony,Quentin Richardson,Rafer Alston,Udonis Haslem,Ben Wallace,Chris Wilcox,Richard Hamilton,Rodney Stuckey,Tayshaun Prince,1,8:44,MIA,turnover,,,,,,,,,,Dwyane Wade,,,lost ball,,Tayshaun Prince,,,
Dwyane Wade,Joel Anthony,Quentin Richardson,Rafer Alston,Udonis Haslem,Ben Wallace,Chris Wilcox,Richard Hamilton,Rodney Stuckey,Tayshaun Prince,1,8:29,DET,turnover,,,,,,,,,,Rodney Stuckey,,,bad pass,,Dwyane Wade,,,
Dwyane Wade,Joel Anthony,Quentin Richardson,Rafer Alston,Udonis Haslem,Ben Wallace,Chris Wilcox,Richard Hamilton,Rodney Stuckey,Tayshaun Prince,1,8:24,MIA,shot,,,,,,,,,,Quentin Richardson,,,,missed,,layup,25,6
Dwyane Wade,Joel Anthony,Quentin Richardson,Rafer Alston,Udonis Haslem,Ben Wallace,Chris Wilcox,Richard Hamilton,Rodney Stuckey,Tayshaun Prince,1,8:22,MIA,rebound,,,,,,,,,,Quentin Richardson,,,,,,off,,
Dwyane Wade,Joel Anthony,Quentin Richardson,Rafer Alston,Udonis Haslem,Ben Wallace,Chris Wilcox,Richard Hamilton,Rodney Stuckey,Tayshaun Prince,1,8:19,MIA,shot,Quentin Richardson,,,,,,,,,Dwyane Wade,2,,,made,,jump,13,16
Dwyane Wade,Joel Anthony,Quentin Richardson,Rafer Alston,Udonis Haslem,Ben Wallace,Chris Wilcox,Richard Hamilton,Rodney Stuckey,Tayshaun Prince,1,7:57,DET,shot,Ben Wallace,,,,,,,,,Richard Hamilton,2,,,made,,layup,25,6
Dwyane Wade,Joel Anthony,Quentin Richardson,Rafer Alston,Udonis Haslem,Ben Wallace,Chris Wilcox,Richard Hamilton,Rodney Stuckey,Tayshaun Prince,1,7:46,MIA,shot,Rafer Alston,,,,,,,,,Dwyane Wade,3,,,made,,3pt,45,24
Dwyane Wade,Joel Anthony,Quentin Richardson,Rafer Alston,Udonis Haslem,Ben Wallace,Chris Wilcox,Richard Hamilton,Rodney Stuckey,Tayshaun Prince,1,7:31,MIA,foul,,,,,,,,Rodney Stuckey,,Rafer Alston,,,,,,personal,,
Dwyane Wade,Joel Anthony,Mario Chalmers,Quentin Richardson,Udonis Haslem,Ben Wallace,Chris Wilcox,Richard Hamilton,Rodney Stuckey,Tayshaun Prince,1,7:31,MIA,sub,,,,Mario Chalmers,,Rafer Alston,,,,,,,,,,,,
Dwyane Wade,Joel Anthony,Mario Chalmers,Quentin Richardson,Udonis Haslem,Ben Wallace,Chris Wilcox,Richard Hamilton,Rodney Stuckey,Tayshaun Prince,1,7:21,DET,shot,,,,,,,,,,Tayshaun Prince,,,,missed,,jump,43,11
Dwyane Wade,Joel Anthony,Mario Chalmers,Quentin Richardson,Udonis Haslem,Ben Wallace,Chris Wilcox,Richard Hamilton,Rodney Stuckey,Tayshaun Prince,1,7:20,DET,rebound,,,,,,,,,,Chris Wilcox,,,,,,off,,
Dwyane Wade,Joel Anthony,Mario Chalmers,Quentin Richardson,Udonis Haslem,Ben Wallace,Chris Wilcox,Richard Hamilton,Rodney Stuckey,Tayshaun Prince,1,7:19,DET,shot,,,,,,,,,,Chris Wilcox,,,,missed,,layup,25,6
Dwyane Wade,Joel Anthony,Mario Chalmers,Quentin Richardson,Udonis Haslem,Ben Wallace,Chris Wilcox,Richard Hamilton,Rodney Stuckey,Tayshaun Prince,1,7:18,DET,rebound,,,,,,,,,,,,,,,,,,
Dwyane Wade,Joel Anthony,Mario Chalmers,Quentin Richardson,Udonis Haslem,Ben Wallace,Chris Wilcox,Richard Hamilton,Rodney Stuckey,Tayshaun Prince,1,7:18,MIA,foul,,,,,,,,Ben Wallace,,Udonis Haslem,,,,,,loose ball,,
Dwyane Wade,Joel Anthony,Mario Chalmers,Quentin Richardson,Udonis Haslem,Ben Wallace,Chris Wilcox,Richard Hamilton,Rodney Stuckey,Tayshaun Prince,1,7:10,DET,shot,Richard Hamilton,,,,,,,,,Chris Wilcox,2,,,made,,jump,40,11
Dwyane Wade,Joel Anthony,Mario Chalmers,Quentin Richardson,Udonis Haslem,Ben Wallace,Chris Wilcox,Richard Hamilton,Rodney Stuckey,Tayshaun Prince,1,6:48,MIA,shot,Quentin Richardson,,,,,,,,,Udonis Haslem,2,,,made,,jump,42,13
Dwyane Wade,Joel Anthony,Mario Chalmers,Quentin Richardson,Udonis Haslem,Ben Wallace,Chris Wilcox,Richard Hamilton,Rodney Stuckey,Tayshaun Prince,1,6:26,DET,shot,,,,,,,,,,Tayshaun Prince,2,,,made,,turnaround jump,41,8
Dwyane Wade,Joel Anthony,Mario Chalmers,Quentin Richardson,Udonis Haslem,Ben Wallace,Chris Wilcox,Richard Hamilton,Rodney Stuckey,Tayshaun Prince,1,6:09,MIA,shot,,,,,,,,,,Udonis Haslem,,,,missed,,jump,43,9
Dwyane Wade,Joel Anthony,Mario Chalmers,Quentin Richardson,Udonis Haslem,Ben Wallace,Chris Wilcox,Richard Hamilton,Rodney Stuckey,Tayshaun Prince,1,6:08,DET,rebound,,,,,,,,,,Tayshaun Prince,,,,,,def,,
Dwyane Wade,Joel Anthony,Mario Chalmers,Quentin Richardson,Udonis Haslem,Ben Wallace,Chris Wilcox,Richard Hamilton,Rodney Stuckey,Tayshaun Prince,1,5:50,DET,shot,,,,,,,,,,Rodney Stuckey,2,,,made,,jump,7,11
Dwyane Wade,Joel Anthony,Mario Chalmers,Quentin Richardson,Udonis Haslem,Ben Wallace,Chris Wilcox,Richard Hamilton,Rodney Stuckey,Tayshaun Prince,1,5:31,DET,foul,,,,,,,,Dwyane Wade,,Richard Hamilton,,,,,,personal,,
Dwyane Wade,Joel Anthony,Mario Chalmers,Quentin Richardson,Udonis Haslem,Ben Wallace,Chris Wilcox,Richard Hamilton,Rodney Stuckey,Tayshaun Prince,1,5:31,DET,timeout,,,,,,,,,,,,,,,,regular,,
Dwyane Wade,Joel Anthony,Mario Chalmers,Quentin Richardson,Udonis Haslem,Ben Wallace,Chris Wilcox,Richard Hamilton,Rodney Stuckey,Tayshaun Prince,1,5:21,MIA,shot,,,,,,,,,,Dwyane Wade,2,,,made,,turnaround jump,14,15
Dwyane Wade,Joel Anthony,Mario Chalmers,Quentin Richardson,Udonis Haslem,Ben Wallace,Chris Wilcox,Richard Hamilton,Rodney Stuckey,Tayshaun Prince,1,4:56,DET,shot,,,,,,,,,,Tayshaun Prince,,,,missed,,jump,5,17
Dwyane Wade,Joel Anthony,Mario Chalmers,Quentin Richardson,Udonis Haslem,Ben Wallace,Chris Wilcox,Richard Hamilton,Rodney Stuckey,Tayshaun Prince,1,4:55,MIA,rebound,,,,,,,,,,Mario Chalmers,,,,,,def,,
Dwyane Wade,Joel Anthony,Mario Chalmers,Quentin Richardson,Udonis Haslem,Ben Wallace,Chris Wilcox,Richard Hamilton,Rodney Stuckey,Tayshaun Prince,1,4:42,DET,foul,,,,,,,,Mario Chalmers,,Chris Wilcox,,,,,,personal,,
Dwyane Wade,Joel Anthony,Mario Chalmers,Quentin Richardson,Udonis Haslem,Ben Wallace,Chris Wilcox,Richard Hamilton,Rodney Stuckey,Tayshaun Prince,1,4:32,MIA,shot,,,,,,,,,,Dwyane Wade,,,,missed,,3pt,20,33
Dwyane Wade,Joel Anthony,Mario Chalmers,Quentin Richardson,Udonis Haslem,Ben Wallace,Chris Wilcox,Richard Hamilton,Rodney Stuckey,Tayshaun Prince,1,4:31,MIA,rebound,,,,,,,,,,Joel Anthony,,,,,,off,,
Dwyane Wade,Joel Anthony,Mario Chalmers,Quentin Richardson,Udonis Haslem,Ben Wallace,Chris Wilcox,Richard Hamilton,Rodney Stuckey,Tayshaun Prince,1,4:26,MIA,shot,Quentin Richardson,,,,,,,,,Dwyane Wade,2,,,made,,layup,25,6
Dwyane Wade,Joel Anthony,Mario Chalmers,Quentin Richardson,Udonis Haslem,Ben Wallace,Chris Wilcox,Richard Hamilton,Rodney Stuckey,Tayshaun Prince,1,4:26,DET,foul,,,,,,,,Dwyane Wade,,Rodney Stuckey,,,,,,shooting,,
Dwyane Wade,Joel Anthony,Mario Chalmers,Quentin Richardson,Udonis Haslem,Ben Wallace,Chris Wilcox,Richard Hamilton,Rodney Stuckey,Tayshaun Prince,1,4:26,MIA,free throw,,,,,,,1,,1,Dwyane Wade,,,foul,missed,,,,
Dwyane Wade,Joel Anthony,Mario Chalmers,Quentin Richardson,Udonis Haslem,Ben Wallace,Chris Wilcox,Richard Hamilton,Rodney Stuckey,Tayshaun Prince,1,4:26,MIA,rebound,,,,,,,,,,Joel Anthony,,,,,,off,,
Dwyane Wade,Joel Anthony,Mario Chalmers,Quentin Richardson,Udonis Haslem,Ben Wallace,Chris Wilcox,Richard Hamilton,Rodney Stuckey,Tayshaun Prince,1,4:23,MIA,shot,,,,,,,,,,Joel Anthony,,,,missed,,layup,25,6
Dwyane Wade,Joel Anthony,Mario Chalmers,Quentin Richardson,Udonis Haslem,Ben Wallace,Chris Wilcox,Richard Hamilton,Rodney Stuckey,Tayshaun Prince,1,4:22,MIA,rebound,,,,,,,,,,Udonis Haslem,,,,,,off,,
Dwyane Wade,Joel Anthony,Mario Chalmers,Quentin Richardson,Udonis Haslem,Ben Wallace,Chris Wilcox,Richard Hamilton,Rodney Stuckey,Tayshaun Prince,1,4:21,MIA,shot,,,,,,,,,,Udonis Haslem,2,,,made,,tip,25,6
Dwyane Wade,Joel Anthony,Mario Chalmers,Quentin Richardson,Udonis Haslem,Ben Wallace,Chris Wilcox,Richard Hamilton,Rodney Stuckey,Tayshaun Prince,1,4:01,DET,shot,Rodney Stuckey,,,,,,,,,Richard Hamilton,2,,,made,,floating jump,24,12
Dwyane Wade,Joel Anthony,Mario Chalmers,Quentin Richardson,Udonis Haslem,Ben Wallace,Chris Wilcox,Richard Hamilton,Rodney Stuckey,Tayshaun Prince,1,3:46,MIA,shot,,,,,,,,,,Quentin Richardson,,,,missed,,jump bank,22,10
Dwyane Wade,Joel Anthony,Mario Chalmers,Quentin Richardson,Udonis Haslem,Ben Wallace,Chris Wilcox,Richard Hamilton,Rodney Stuckey,Tayshaun Prince,1,3:45,DET,rebound,,,,,,,,,,Richard Hamilton,,,,,,def,,
Dwyane Wade,Joel Anthony,Mario Chalmers,Quentin Richardson,Udonis Haslem,Ben Wallace,Chris Wilcox,Richard Hamilton,Rodney Stuckey,Tayshaun Prince,1,3:39,DET,shot,,,,,,,,,,Richard Hamilton,2,,,made,,pullup jump,21,24
Dwyane Wade,Joel Anthony,Mario Chalmers,Quentin Richardson,Udonis Haslem,Ben Wallace,Chris Wilcox,Richard Hamilton,Rodney Stuckey,Tayshaun Prince,1,3:19,DET,foul,,,,,,,,Udonis Haslem,,Ben Wallace,,,,,,shooting,,
Dwyane Wade,Joel Anthony,Mario Chalmers,Quentin Richardson,Udonis Haslem,Ben Wallace,Chris Wilcox,Richard Hamilton,Rodney Stuckey,Tayshaun Prince,1,3:19,MIA,free throw,,,,,,,1,,2,Udonis Haslem,,,foul,made,,,,
Dwyane Wade,Joel Anthony,Mario Chalmers,Quentin Richardson,Udonis Haslem,Ben Wallace,Chris Wilcox,Richard Hamilton,Rodney Stuckey,Tayshaun Prince,1,3:19,MIA,free throw,,,,,,,2,,2,Udonis Haslem,,,foul,made,,,,
Dwyane Wade,Joel Anthony,Mario Chalmers,Quentin Richardson,Udonis Haslem,Ben Wallace,Chris Wilcox,Richard Hamilton,Rodney Stuckey,Tayshaun Prince,1,3:13,DET,shot,Ben Wallace,,,,,,,,,Chris Wilcox,2,,,made,,alley oop dunk,25,6
Dwyane Wade,Joel Anthony,Mario Chalmers,Quentin Richardson,Udonis Haslem,Ben Wallace,Chris Wilcox,Richard Hamilton,Rodney Stuckey,Tayshaun Prince,1,2:49,MIA,shot,Dwyane Wade,,,,,,,,,Udonis Haslem,2,,,made,,layup,25,6
Dwyane Wade,Joel Anthony,Mario Chalmers,Quentin Richardson,Udonis Haslem,Ben Wallace,Chris Wilcox,Richard Hamilton,Rodney Stuckey,Tayshaun Prince,1,2:24,DET,shot,,,,,,,,,,Tayshaun Prince,,,,missed,,turnaround jump,10,10
Dwyane Wade,Joel Anthony,Mario Chalmers,Quentin Richardson,Udonis Haslem,Ben Wallace,Chris Wilcox,Richard Hamilton,Rodney Stuckey,Tayshaun Prince,1,2:23,MIA,rebound,,,,,,,,,,Udonis Haslem,,,,,,def,,
Dwyane Wade,Joel Anthony,Mario Chalmers,Quentin Richardson,Udonis Haslem,Ben Wallace,Chris Wilcox,Richard Hamilton,Rodney Stuckey,Tayshaun Prince,1,2:16,DET,foul,,,,,,,,Dwyane Wade,,Rodney Stuckey,,,,,,personal,,
Dwyane Wade,Joel Anthony,Mario Chalmers,Quentin Richardson,Udonis Haslem,Ben Wallace,Chris Wilcox,Richard Hamilton,Rodney Stuckey,Tayshaun Prince,1,2:16,MIA,timeout,,,,,,,,,,,,,,,,regular,,
Dwyane Wade,Joel Anthony,Mario Chalmers,Quentin Richardson,Udonis Haslem,Ben Wallace,Charlie Villanueva,Richard Hamilton,Rodney Stuckey,Tayshaun Prince,1,2:16,DET,sub,,,,Charlie Villanueva,,Chris Wilcox,,,,,,,,,,,,
Dwyane Wade,Joel Anthony,Mario Chalmers,Quentin Richardson,Udonis Haslem,Ben Wallace,Charlie Villanueva,Jonas Jerebko,Richard Hamilton,Rodney Stuckey,1,2:16,DET,sub,,,,Jonas Jerebko,,Tayshaun Prince,,,,,,,,,,,,
Dwyane Wade,Jamaal Magloire,Mario Chalmers,Quentin Richardson,Udonis Haslem,Ben Wallace,Charlie Villanueva,Jonas Jerebko,Richard Hamilton,Rodney Stuckey,1,2:16,MIA,sub,,,,Jamaal Magloire,,Joel Anthony,,,,,,,,,,,,
Dorell Wright,Dwyane Wade,Jamaal Magloire,Mario Chalmers,Udonis Haslem,Ben Wallace,Charlie Villanueva,Jonas Jerebko,Richard Hamilton,Rodney Stuckey,1,2:16,MIA,sub,,,,Dorell Wright,,Quentin Richardson,,,,,,,,,,,,
Dorell Wright,Dwyane Wade,Jamaal Magloire,Mario Chalmers,Udonis Haslem,Ben Wallace,Charlie Villanueva,Chucky Atkins,Jonas Jerebko,Richard Hamilton,1,2:16,DET,sub,,,,Chucky Atkins,,Rodney Stuckey,,,,,,,,,,,,
Dorell Wright,Dwyane Wade,Jamaal Magloire,Mario Chalmers,Udonis Haslem,Ben Wallace,Charlie Villanueva,Chucky Atkins,Jonas Jerebko,Richard Hamilton,1,2:16,MIA,free throw,,,,,,,1,,2,Dwyane Wade,,,foul,made,,,,
Dorell Wright,Dwyane Wade,Jamaal Magloire,Mario Chalmers,Udonis Haslem,Ben Wallace,Charlie Villanueva,Chucky Atkins,Jonas Jerebko,Richard Hamilton,1,2:16,MIA,free throw,,,,,,,2,,2,Dwyane Wade,,,foul,made,,,,
Dorell Wright,Dwyane Wade,Jamaal Magloire,Mario Chalmers,Udonis Haslem,Ben Wallace,Charlie Villanueva,Chucky Atkins,Jonas Jerebko,Richard Hamilton,1,1:53,DET,shot,,,,,,,,,,Richard Hamilton,,,,missed,,jump,5,11
Dorell Wright,Dwyane Wade,Jamaal Magloire,Mario Chalmers,Udonis Haslem,Ben Wallace,Charlie Villanueva,Chucky Atkins,Jonas Jerebko,Richard Hamilton,1,1:52,MIA,rebound,,,,,,,,,,Jamaal Magloire,,,,,,def,,
Dorell Wright,Dwyane Wade,Jamaal Magloire,Mario Chalmers,Udonis Haslem,Ben Wallace,Charlie Villanueva,Chucky Atkins,Jonas Jerebko,Richard Hamilton,1,1:34,MIA,shot,Udonis Haslem,,,,,,,,,Dorell Wright,3,,,made,,3pt,18,32
Dorell Wright,Dwyane Wade,Jamaal Magloire,Mario Chalmers,Udonis Haslem,Ben Wallace,Charlie Villanueva,Chucky Atkins,Jonas Jerebko,Richard Hamilton,1,1:13,DET,shot,Chucky Atkins,,,,,,,,,Charlie Villanueva,3,,,made,,3pt,22,33
Dorell Wright,Dwyane Wade,Jamaal Magloire,Mario Chalmers,Udonis Haslem,Ben Wallace,Charlie Villanueva,Chucky Atkins,Jonas Jerebko,Richard Hamilton,1,0:45,MIA,shot,,,,,,,,,,Udonis Haslem,,,,missed,,jump,44,7
Dorell Wright,Dwyane Wade,Jamaal Magloire,Mario Chalmers,Udonis Haslem,Ben Wallace,Charlie Villanueva,Chucky Atkins,Jonas Jerebko,Richard Hamilton,1,0:44,DET,rebound,,,,,,,,,,Charlie Villanueva,,,,,,def,,
Dorell Wright,Dwyane Wade,Jamaal Magloire,Mario Chalmers,Udonis Haslem,Ben Wallace,Charlie Villanueva,Chucky Atkins,Jonas Jerebko,Richard Hamilton,1,0:31,DET,shot,,,,,,,,,,Charlie Villanueva,2,,,made,,pullup jump,7,12
Dorell Wright,Dwyane Wade,Jamaal Magloire,Mario Chalmers,Udonis Haslem,Ben Wallace,Charlie Villanueva,Chucky Atkins,Jonas Jerebko,Richard Hamilton,1,0:23,MIA,turnover,,,,,,,,,,Dwyane Wade,,,out of bounds lost ball turnover,,,,,
Dorell Wright,Dwyane Wade,Jamaal Magloire,Mario Chalmers,Udonis Haslem,Ben Gordon,Ben Wallace,Charlie Villanueva,Chucky Atkins,Richard Hamilton,1,0:23,DET,sub,,,,Ben Gordon,,Jonas Jerebko,,,,,,,,,,,,
Dorell Wright,Dwyane Wade,Jamaal Magloire,Mario Chalmers,Udonis Haslem,Ben Gordon,Charlie Villanueva,Chucky Atkins,Jason Maxiell,Richard Hamilton,1,0:23,DET,sub,,,,Jason Maxiell,,Ben Wallace,,,,,,,,,,,,
Dorell Wright,Dwyane Wade,Jamaal Magloire,Mario Chalmers,Udonis Haslem,Ben Gordon,Charlie Villanueva,Chucky Atkins,Jason Maxiell,Richard Hamilton,1,0:01,DET,shot,,,,,,,,,,Jason Maxiell,,,,missed,,jump,10,6
Dorell Wright,Dwyane Wade,Jamaal Magloire,Mario Chalmers,Udonis Haslem,Ben Gordon,Charlie Villanueva,Chucky Atkins,Jason Maxiell,Richard Hamilton,1,0:00,MIA,rebound,,,,,,,,,,Dwyane Wade,,,,,,def,,
Daequan Cook,Dorell Wright,Jamaal Magloire,Jermaine O'Neal,Mario Chalmers,Ben Gordon,Charlie Villanueva,Chucky Atkins,Jason Maxiell,Jonas Jerebko,2,11:42,DET,turnover,,,,,,,,,,Jonas Jerebko,,,lost ball,,Dorell Wright,,,
Daequan Cook,Dorell Wright,Jamaal Magloire,Jermaine O'Neal,Mario Chalmers,Ben Gordon,Charlie Villanueva,Chucky Atkins,Jason Maxiell,Jonas Jerebko,2,11:37,MIA,shot,Dorell Wright,,,,,,,,,Mario Chalmers,2,,,made,,layup,25,6
Daequan Cook,Dorell Wright,Jamaal Magloire,Jermaine O'Neal,Mario Chalmers,Ben Gordon,Charlie Villanueva,Chucky Atkins,Jason Maxiell,Jonas Jerebko,2,11:22,MIA,foul,,,,,,,,Ben Gordon,,Jamaal Magloire,,,,,,shooting,,
Daequan Cook,Dorell Wright,Jamaal Magloire,Jermaine O'Neal,Mario Chalmers,Ben Gordon,Charlie Villanueva,Chucky Atkins,Jason Maxiell,Jonas Jerebko,2,11:22,DET,free throw,,,,,,,1,,2,Ben Gordon,,,foul,made,,,,
Daequan Cook,Dorell Wright,Jamaal Magloire,Jermaine O'Neal,Mario Chalmers,Ben Gordon,Charlie Villanueva,Chucky Atkins,Jason Maxiell,Jonas Jerebko,2,11:22,DET,free throw,,,,,,,2,,2,Ben Gordon,,,foul,made,,,,
Daequan Cook,Dorell Wright,Jamaal Magloire,Jermaine O'Neal,Mario Chalmers,Ben Gordon,Charlie Villanueva,Chucky Atkins,Jason Maxiell,Jonas Jerebko,2,11:04,MIA,shot,,,,,,,,,,Daequan Cook,3,,,made,,3pt,47,19
Daequan Cook,Dorell Wright,Jamaal Magloire,Jermaine O'Neal,Mario Chalmers,Ben Gordon,Charlie Villanueva,Chucky Atkins,Jason Maxiell,Jonas Jerebko,2,10:38,DET,shot,,,,,,,,,,Ben Gordon,2,,,made,,fade away jumper,11,9
Daequan Cook,Dorell Wright,Jamaal Magloire,Jermaine O'Neal,Mario Chalmers,Ben Gordon,Charlie Villanueva,Chucky Atkins,Jason Maxiell,Jonas Jerebko,2,10:17,MIA,shot,,,,,,,,,,Jermaine O'Neal,,,,missed,,turnaround jump,41,8
Daequan Cook,Dorell Wright,Jamaal Magloire,Jermaine O'Neal,Mario Chalmers,Ben Gordon,Charlie Villanueva,Chucky Atkins,Jason Maxiell,Jonas Jerebko,2,10:16,DET,rebound,,,,,,,,,,Ben Gordon,,,,,,def,,
Daequan Cook,Dorell Wright,Jamaal Magloire,Jermaine O'Neal,Mario Chalmers,Ben Gordon,Charlie Villanueva,Chucky Atkins,Jason Maxiell,Jonas Jerebko,2,10:09,DET,turnover,,,,,,,,,,Ben Gordon,,,poss lost ball turnover,,,,,
Daequan Cook,Dorell Wright,Jamaal Magloire,Jermaine O'Neal,Mario Chalmers,Ben Gordon,Charlie Villanueva,Chucky Atkins,Jason Maxiell,Jonas Jerebko,2,9:49,MIA,shot,Dorell Wright,,,,,,,,,Jermaine O'Neal,2,,,made,,jump,12,9
Daequan Cook,Dorell Wright,Jamaal Magloire,Jermaine O'Neal,Mario Chalmers,Ben Gordon,Charlie Villanueva,Chucky Atkins,Jason Maxiell,Jonas Jerebko,2,9:29,DET,shot,,,,,,,,,,Charlie Villanueva,,,,missed,,hook,20,7
Daequan Cook,Dorell Wright,Jamaal Magloire,Jermaine O'Neal,Mario Chalmers,Ben Gordon,Charlie Villanueva,Chucky Atkins,Jason Maxiell,Jonas Jerebko,2,9:28,MIA,rebound,,,,,,,,,,Jermaine O'Neal,,,,,,def,,
Daequan Cook,Dorell Wright,Jamaal Magloire,Jermaine O'Neal,Mario Chalmers,Ben Gordon,Charlie Villanueva,Chucky Atkins,Jason Maxiell,Jonas Jerebko,2,9:13,MIA,turnover,,,,,,,,,,Mario Chalmers,,,bad pass,,Jonas Jerebko,,,
Daequan Cook,Dorell Wright,Jamaal Magloire,Jermaine O'Neal,Mario Chalmers,Ben Gordon,Charlie Villanueva,Chucky Atkins,Jason Maxiell,Jonas Jerebko,2,9:08,DET,turnover,,,,,,,,,,Ben Gordon,,,bad pass,,Mario Chalmers,,,
Daequan Cook,Dorell Wright,Jamaal Magloire,Jermaine O'Neal,Mario Chalmers,Ben Gordon,Charlie Villanueva,Chucky Atkins,Jason Maxiell,Jonas Jerebko,2,8:57,MIA,shot,,,,,,,,,,Dorell Wright,,,,missed,,jump bank,33,8
Daequan Cook,Dorell Wright,Jamaal Magloire,Jermaine O'Neal,Mario Chalmers,Ben Gordon,Charlie Villanueva,Chucky Atkins,Jason Maxiell,Jonas Jerebko,2,8:56,MIA,rebound,,,,,,,,,,Dorell Wright,,,,,,off,,
Daequan Cook,Dorell Wright,Jamaal Magloire,Jermaine O'Neal,Mario Chalmers,Ben Gordon,Charlie Villanueva,Chucky Atkins,Jason Maxiell,Jonas Jerebko,2,8:54,MIA,shot,,,,,,,,,,Dorell Wright,2,,,made,,tip,25,6
Daequan Cook,Dorell Wright,Jamaal Magloire,Jermaine O'Neal,Mario Chalmers,Ben Gordon,Charlie Villanueva,Chucky Atkins,Jason Maxiell,Jonas Jerebko,2,8:38,DET,shot,,,,,,,,,,Charlie Villanueva,2,,,made,,turnaround hook,36,8
Daequan Cook,Dorell Wright,Jamaal Magloire,Jermaine O'Neal,Mario Chalmers,Ben Gordon,Charlie Villanueva,Chucky Atkins,Jason Maxiell,Jonas Jerebko,2,8:16,DET,foul,,,,,,,,Jermaine O'Neal,,Jason Maxiell,,,,,,personal,,
Daequan Cook,Dorell Wright,Jamaal Magloire,Jermaine O'Neal,Mario Chalmers,Ben Gordon,Charlie Villanueva,Chucky Atkins,Jason Maxiell,Jonas Jerebko,2,8:16,MIA,timeout,,,,,,,,,,,,,,,,official,,
Daequan Cook,Dorell Wright,Jamaal Magloire,Jermaine O'Neal,Rafer Alston,Ben Gordon,Charlie Villanueva,Chucky Atkins,Jason Maxiell,Jonas Jerebko,2,8:16,MIA,sub,,,,Rafer Alston,,Mario Chalmers,,,,,,,,,,,,
Daequan Cook,Dorell Wright,Jamaal Magloire,Jermaine O'Neal,Rafer Alston,Ben Gordon,Charlie Villanueva,Jason Maxiell,Jonas Jerebko,Rodney Stuckey,2,8:16,DET,sub,,,,Rodney Stuckey,,Chucky Atkins,,,,,,,,,,,,
Daequan Cook,Dorell Wright,Jamaal Magloire,Jermaine O'Neal,Rafer Alston,Ben Gordon,Charlie Villanueva,Jason Maxiell,Jonas Jerebko,Rodney Stuckey,2,8:05,MIA,turnover,,,,,,,,,,Rafer Alston,,,bad pass,,,,,
Daequan Cook,Dorell Wright,Jamaal Magloire,Jermaine O'Neal,Rafer Alston,Ben Gordon,Charlie Villanueva,Jason Maxiell,Jonas Jerebko,Rodney Stuckey,2,7:44,DET,shot,,,,,,,,,,Ben Gordon,2,,,made,,pullup jump,7,16
Daequan Cook,Dorell Wright,Jamaal Magloire,Jermaine O'Neal,Rafer Alston,Ben Gordon,Charlie Villanueva,Jason Maxiell,Jonas Jerebko,Rodney Stuckey,2,7:26,MIA,shot,,,,,,,,,,Rafer Alston,,,,missed,,3pt,20,30
Daequan Cook,Dorell Wright,Jamaal Magloire,Jermaine O'Neal,Rafer Alston,Ben Gordon,Charlie Villanueva,Jason Maxiell,Jonas Jerebko,Rodney Stuckey,2,7:25,DET,rebound,,,,,,,,,,,,,,,,,,
Daequan Cook,Dorell Wright,Jamaal Magloire,Jermaine O'Neal,Rafer Alston,Ben Gordon,Charlie Villanueva,Jason Maxiell,Jonas Jerebko,Rodney Stuckey,2,7:17,DET,shot,,,,,,,,,,Rodney Stuckey,,,,missed,,layup,25,6
Daequan Cook,Dorell Wright,Jamaal Magloire,Jermaine O'Neal,Rafer Alston,Ben Gordon,Charlie Villanueva,Jason Maxiell,Jonas Jerebko,Rodney Stuckey,2,7:15,MIA,rebound,,,,,,,,,,Jamaal Magloire,,,,,,def,,
Daequan Cook,Dorell Wright,Jamaal Magloire,Jermaine O'Neal,Rafer Alston,Ben Gordon,Charlie Villanueva,Jason Maxiell,Jonas Jerebko,Rodney Stuckey,2,7:07,MIA,shot,,,,,,,,,,Daequan Cook,,,,missed,,jump,44,7
Daequan Cook,Dorell Wright,Jamaal Magloire,Jermaine O'Neal,Rafer Alston,Ben Gordon,Charlie Villanueva,Jason Maxiell,Jonas Jerebko,Rodney Stuckey,2,7:06,MIA,rebound,,,,,,,,,,Dorell Wright,,,,,,off,,
Daequan Cook,Dorell Wright,Jamaal Magloire,Jermaine O'Neal,Rafer Alston,Ben Gordon,Charlie Villanueva,Jason Maxiell,Jonas Jerebko,Rodney Stuckey,2,7:04,MIA,turnover,,,,,,,,,,Dorell Wright,,,lost ball,,Rodney Stuckey,,,
Daequan Cook,Dorell Wright,Jamaal Magloire,Jermaine O'Neal,Rafer Alston,Ben Gordon,Charlie Villanueva,Jason Maxiell,Jonas Jerebko,Rodney Stuckey,2,6:55,DET,turnover,,,,,,,,,,Rodney Stuckey,,,bad pass,,,,,
Daequan Cook,Dorell Wright,Jamaal Magloire,Jermaine O'Neal,Rafer Alston,Ben Gordon,Charlie Villanueva,Jason Maxiell,Jonas Jerebko,Rodney Stuckey,2,6:43,MIA,turnover,,,,,,,,,,Jermaine O'Neal,,,traveling,,,,,
Daequan Cook,Dorell Wright,Jamaal Magloire,Jermaine O'Neal,Rafer Alston,Ben Gordon,Charlie Villanueva,Jason Maxiell,Richard Hamilton,Rodney Stuckey,2,6:43,DET,sub,,,,Richard Hamilton,,Jonas Jerebko,,,,,,,,,,,,
Daequan Cook,Dorell Wright,Jamaal Magloire,Jermaine O'Neal,Rafer Alston,Ben Gordon,Charlie Villanueva,Jason Maxiell,Richard Hamilton,Rodney Stuckey,2,6:24,DET,shot,,,,,,,,,,Charlie Villanueva,,,,missed,,3pt,46,20
Daequan Cook,Dorell Wright,Jamaal Magloire,Jermaine O'Neal,Rafer Alston,Ben Gordon,Charlie Villanueva,Jason Maxiell,Richard Hamilton,Rodney Stuckey,2,6:23,MIA,rebound,,,,,,,,,,Daequan Cook,,,,,,def,,
Daequan Cook,Dorell Wright,Jamaal Magloire,Jermaine O'Neal,Rafer Alston,Ben Gordon,Charlie Villanueva,Jason Maxiell,Richard Hamilton,Rodney Stuckey,2,6:13,MIA,shot,Daequan Cook,,,,,,,,,Jermaine O'Neal,2,,,made,,jump,38,19
Daequan Cook,Dorell Wright,Jamaal Magloire,Jermaine O'Neal,Rafer Alston,Ben Gordon,Charlie Villanueva,Jason Maxiell,Richard Hamilton,Rodney Stuckey,2,5:46,DET,shot,,,,,,,,,,Ben Gordon,,,,missed,,3pt,21,32
Daequan Cook,Dorell Wright,Jamaal Magloire,Jermaine O'Neal,Rafer Alston,Ben Gordon,Charlie Villanueva,Jason Maxiell,Richard Hamilton,Rodney Stuckey,2,5:45,MIA,rebound,,,,,,,,,,Jermaine O'Neal,,,,,,def,,
Daequan Cook,Dorell Wright,Jamaal Magloire,Jermaine O'Neal,Rafer Alston,Ben Gordon,Charlie Villanueva,Jason Maxiell,Richard Hamilton,Rodney Stuckey,2,5:30,MIA,shot,Rafer Alston,,,,,,,,,Jermaine O'Neal,2,,,made,,hook,31,6
Daequan Cook,Dorell Wright,Jamaal Magloire,Jermaine O'Neal,Rafer Alston,Ben Gordon,Charlie Villanueva,Jason Maxiell,Richard Hamilton,Rodney Stuckey,2,5:09,DET,shot,,,,,,,,,,Charlie Villanueva,,,,missed,,jump,40,13
Daequan Cook,Dorell Wright,Jamaal Magloire,Jermaine O'Neal,Rafer Alston,Ben Gordon,Charlie Villanueva,Jason Maxiell,Richard Hamilton,Rodney Stuckey,2,5:08,MIA,rebound,,,,,,,,,,Rafer Alston,,,,,,def,,
Daequan Cook,Dorell Wright,Jamaal Magloire,Jermaine O'Neal,Rafer Alston,Ben Gordon,Charlie Villanueva,Jason Maxiell,Richard Hamilton,Rodney Stuckey,2,4:50,DET,foul,,,,,,,,Jamaal Magloire,,Jason Maxiell,,,,,,shooting,,
Daequan Cook,Dorell Wright,Jamaal Magloire,Jermaine O'Neal,Rafer Alston,Ben Gordon,Charlie Villanueva,Jason Maxiell,Richard Hamilton,Rodney Stuckey,2,4:50,DET,timeout,,,,,,,,,,,,,,,,regular,,
Daequan Cook,Dorell Wright,Jamaal Magloire,Jermaine O'Neal,Rafer Alston,Ben Gordon,Chris Wilcox,Jason Maxiell,Richard Hamilton,Rodney Stuckey,2,4:50,DET,sub,,,,Chris Wilcox,,Charlie Villanueva,,,,,,,,,,,,
Daequan Cook,Dorell Wright,Jamaal Magloire,Jermaine O'Neal,Rafer Alston,Ben Gordon,Ben Wallace,Chris Wilcox,Richard Hamilton,Rodney Stuckey,2,4:50,DET,sub,,,,Ben Wallace,,Jason Maxiell,,,,,,,,,,,,
Daequan Cook,Dorell Wright,Jamaal Magloire,Jermaine O'Neal,Rafer Alston,Ben Wallace,Chris Wilcox,Richard Hamilton,Rodney Stuckey,Tayshaun Prince,2,4:50,DET,sub,,,,Tayshaun Prince,,Ben Gordon,,,,,,,,,,,,
Daequan Cook,Dorell Wright,Jamaal Magloire,Jermaine O'Neal,Rafer Alston,Ben Wallace,Chris Wilcox,Richard Hamilton,Rodney Stuckey,Tayshaun Prince,2,4:50,MIA,free throw,,,,,,,1,,2,Jamaal Magloire,,,foul,made,,,,
Daequan Cook,Dorell Wright,Jamaal Magloire,Jermaine O'Neal,Rafer Alston,Ben Wallace,Chris Wilcox,Richard Hamilton,Rodney Stuckey,Tayshaun Prince,2,4:50,MIA,free throw,,,,,,,2,,2,Jamaal Magloire,,,foul,missed,,,,
Daequan Cook,Dorell Wright,Jamaal Magloire,Jermaine O'Neal,Rafer Alston,Ben Wallace,Chris Wilcox,Richard Hamilton,Rodney Stuckey,Tayshaun Prince,2,4:49,DET,rebound,,,,,,,,,,Ben Wallace,,,,,,def,,
Daequan Cook,Dorell Wright,Jamaal Magloire,Jermaine O'Neal,Rafer Alston,Ben Wallace,Chris Wilcox,Richard Hamilton,Rodney Stuckey,Tayshaun Prince,2,4:29,DET,shot,,,,,,,,,,Chris Wilcox,,,,missed,,jump,39,8
Daequan Cook,Dorell Wright,Jamaal Magloire,Jermaine O'Neal,Rafer Alston,Ben Wallace,Chris Wilcox,Richard Hamilton,Rodney Stuckey,Tayshaun Prince,2,4:28,MIA,rebound,,,,,,,,,,Jamaal Magloire,,,,,,def,,
Daequan Cook,Dorell Wright,Jamaal Magloire,Jermaine O'Neal,Rafer Alston,Ben Wallace,Chris Wilcox,Richard Hamilton,Rodney Stuckey,Tayshaun Prince,2,4:06,MIA,shot,,,,,,,,,,Rafer Alston,2,,,made,,running jump,32,9
Daequan Cook,Dorell Wright,Jermaine O'Neal,Rafer Alston,Udonis Haslem,Ben Wallace,Chris Wilcox,Richard Hamilton,Rodney Stuckey,Tayshaun Prince,2,3:47,MIA,sub,,,,Udonis Haslem,,Jamaal Magloire,,,,,,,,,,,,
Daequan Cook,Dorell Wright,Jermaine O'Neal,Rafer Alston,Udonis Haslem,Ben Wallace,Chris Wilcox,Richard Hamilton,Rodney Stuckey,Tayshaun Prince,2,3:39,DET,shot,,,,,,,,,,Rodney Stuckey,,,,missed,,jump,42,9
Daequan Cook,Dorell Wright,Jermaine O'Neal,Rafer Alston,Udonis Haslem,Ben Wallace,Chris Wilcox,Richard Hamilton,Rodney Stuckey,Tayshaun Prince,2,3:37,MIA,rebound,,,,,,,,,,Dorell Wright,,,,,,def,,
Daequan Cook,Dorell Wright,Jermaine O'Neal,Rafer Alston,Udonis Haslem,Ben Wallace,Chris Wilcox,Richard Hamilton,Rodney Stuckey,Tayshaun Prince,2,3:20,MIA,shot,Rafer Alston,,,,,,,,,Dorell Wright,3,,,made,,3pt,2,8
Daequan Cook,Dorell Wright,Jermaine O'Neal,Rafer Alston,Udonis Haslem,Ben Wallace,Chris Wilcox,Richard Hamilton,Rodney Stuckey,Tayshaun Prince,2,2:56,DET,shot,,,,,,,,,,Richard Hamilton,,,,missed,,3pt,48,8
Daequan Cook,Dorell Wright,Jermaine O'Neal,Rafer Alston,Udonis Haslem,Ben Wallace,Chris Wilcox,Richard Hamilton,Rodney Stuckey,Tayshaun Prince,2,2:55,MIA,rebound,,,,,,,,,,Jermaine O'Neal,,,,,,def,,
Daequan Cook,Dorell Wright,Jermaine O'Neal,Rafer Alston,Udonis Haslem,Ben Wallace,Chris Wilcox,Richard Hamilton,Rodney Stuckey,Tayshaun Prince,2,2:43,MIA,shot,Rafer Alston,,,,,,,,,Udonis Haslem,2,,,made,,jump,41,14
Daequan Cook,Dorell Wright,Jermaine O'Neal,Rafer Alston,Udonis Haslem,Ben Wallace,Chris Wilcox,Richard Hamilton,Rodney Stuckey,Tayshaun Prince,2,2:35,DET,timeout,,,,,,,,,,,,,,,,short,,
Daequan Cook,Dorell Wright,Jermaine O'Neal,Rafer Alston,Udonis Haslem,Ben Wallace,Chris Wilcox,Richard Hamilton,Rodney Stuckey,Tayshaun Prince,2,2:35,MIA,timeout,,,,,,,,,,,,,,,,regular,,
Daequan Cook,Dorell Wright,Jermaine O'Neal,Rafer Alston,Udonis Haslem,Ben Wallace,Chris Wilcox,Richard Hamilton,Rodney Stuckey,Tayshaun Prince,2,2:18,DET,turnover,,,,,,,,,,Rodney Stuckey,,,lost ball,,Rafer Alston,,,
Daequan Cook,Dorell Wright,Jermaine O'Neal,Rafer Alston,Udonis Haslem,Ben Wallace,Chris Wilcox,Richard Hamilton,Rodney Stuckey,Tayshaun Prince,2,2:18,MIA,timeout,,,,,,,,,,,,,,,,regular,,
Daequan Cook,Dorell Wright,Jermaine O'Neal,Rafer Alston,Udonis Haslem,Ben Wallace,Chris Wilcox,Richard Hamilton,Rodney Stuckey,Tayshaun Prince,2,2:03,DET,foul,,,,,,,,Daequan Cook,,Richard Hamilton,,,,,,personal,,
Daequan Cook,Dorell Wright,Jermaine O'Neal,Rafer Alston,Udonis Haslem,Ben Wallace,Chris Wilcox,Richard Hamilton,Rodney Stuckey,Tayshaun Prince,2,1:53,MIA,shot,,,,,,,,,,Jermaine O'Neal,,,,missed,,jump,32,6
Daequan Cook,Dorell Wright,Jermaine O'Neal,Rafer Alston,Udonis Haslem,Ben Wallace,Chris Wilcox,Richard Hamilton,Rodney Stuckey,Tayshaun Prince,2,1:52,DET,rebound,,,,,,,,,,Richard Hamilton,,,,,,def,,
Daequan Cook,Dorell Wright,Jermaine O'Neal,Rafer Alston,Udonis Haslem,Ben Wallace,Chris Wilcox,Richard Hamilton,Rodney Stuckey,Tayshaun Prince,2,1:48,DET,shot,Richard Hamilton,,,,,,,,,Tayshaun Prince,2,,,made,,alley oop layup,25,6
Daequan Cook,Dorell Wright,Jermaine O'Neal,Rafer Alston,Udonis Haslem,Ben Wallace,Chris Wilcox,Richard Hamilton,Rodney Stuckey,Tayshaun Prince,2,1:20,MIA,shot,,,,,,,,,,Rafer Alston,,,,missed,,jump,17,27
Daequan Cook,Dorell Wright,Jermaine O'Neal,Rafer Alston,Udonis Haslem,Ben Wallace,Chris Wilcox,Richard Hamilton,Rodney Stuckey,Tayshaun Prince,2,1:18,MIA,rebound,,,,,,,,,,Jermaine O'Neal,,,,,,off,,
Daequan Cook,Dorell Wright,Jermaine O'Neal,Rafer Alston,Udonis Haslem,Ben Wallace,Chris Wilcox,Richard Hamilton,Rodney Stuckey,Tayshaun Prince,2,1:17,MIA,shot,,,,,,,,,,Jermaine O'Neal,,,,missed,,layup,25,6
Daequan Cook,Dorell Wright,Jermaine O'Neal,Rafer Alston,Udonis Haslem,Ben Wallace,Chris Wilcox,Richard Hamilton,Rodney Stuckey,Tayshaun Prince,2,1:16,MIA,rebound,,,,,,,,,,Jermaine O'Neal,,,,,,off,,
Daequan Cook,Dorell Wright,Jermaine O'Neal,Rafer Alston,Udonis Haslem,Ben Wallace,Chris Wilcox,Richard Hamilton,Rodney Stuckey,Tayshaun Prince,2,1:16,DET,foul,,,,,,,,Jermaine O'Neal,,Chris Wilcox,,,,,,personal,,
Daequan Cook,Dorell Wright,Jermaine O'Neal,Rafer Alston,Udonis Haslem,Ben Wallace,Chris Wilcox,Richard Hamilton,Rodney Stuckey,Tayshaun Prince,2,0:56,MIA,shot,,,,,,,,,,Jermaine O'Neal,,,,missed,,jump,12,18
Daequan Cook,Dorell Wright,Jermaine O'Neal,Rafer Alston,Udonis Haslem,Ben Wallace,Chris Wilcox,Richard Hamilton,Rodney Stuckey,Tayshaun Prince,2,0:55,MIA,rebound,,,,,,,,,,Udonis Haslem,,,,,,off,,
Daequan Cook,Dorell Wright,Jermaine O'Neal,Rafer Alston,Udonis Haslem,Ben Wallace,Chris Wilcox,Richard Hamilton,Rodney Stuckey,Tayshaun Prince,2,0:31,MIA,shot,,,,,,,,,,Rafer Alston,,,,missed,,jump,16,21
Daequan Cook,Dorell Wright,Jermaine O'Neal,Rafer Alston,Udonis Haslem,Ben Wallace,Chris Wilcox,Richard Hamilton,Rodney Stuckey,Tayshaun Prince,2,0:30,DET,rebound,,,,,,,,,,Chris Wilcox,,,,,,def,,
Daequan Cook,Dorell Wright,Jermaine O'Neal,Rafer Alston,Udonis Haslem,Ben Wallace,Chris Wilcox,Richard Hamilton,Rodney Stuckey,Tayshaun Prince,2,0:17,DET,shot,Richard Hamilton,,,,,,,,,Chris Wilcox,2,,,made,,layup,25,6
Daequan Cook,Dorell Wright,Jermaine O'Neal,Rafer Alston,Udonis Haslem,Ben Wallace,Chris Wilcox,Richard Hamilton,Rodney Stuckey,Tayshaun Prince,2,0:17,MIA,foul,,,,,,,,Chris Wilcox,,Jermaine O'Neal,,,,,,shooting,,
Daequan Cook,Dorell Wright,Jermaine O'Neal,Rafer Alston,Udonis Haslem,Ben Wallace,Chris Wilcox,Richard Hamilton,Rodney Stuckey,Tayshaun Prince,2,0:17,DET,free throw,,,,,,,1,,1,Chris Wilcox,,,foul,made,,,,
Daequan Cook,Dorell Wright,Jermaine O'Neal,Rafer Alston,Udonis Haslem,Ben Wallace,Chris Wilcox,Richard Hamilton,Rodney Stuckey,Tayshaun Prince,2,0:01,MIA,shot,,,,,,,,,,Udonis Haslem,,,,missed,,layup,25,6
Daequan Cook,Dorell Wright,Jermaine O'Neal,Rafer Alston,Udonis Haslem,Ben Wallace,Chris Wilcox,Richard Hamilton,Rodney Stuckey,Tayshaun Prince,2,0:00,MIA,rebound,,,,,,,,,,,,,,,,,,
Dwyane Wade,Jermaine O'Neal,Joel Anthony,Quentin Richardson,Rafer Alston,Ben Wallace,Chris Wilcox,Richard Hamilton,Rodney Stuckey,Tayshaun Prince,3,11:50,DET,shot,,,,,,,,,,Richard Hamilton,,,,missed,,jump,10,17
Dwyane Wade,Jermaine O'Neal,Joel Anthony,Quentin Richardson,Rafer Alston,Ben Wallace,Chris Wilcox,Richard Hamilton,Rodney Stuckey,Tayshaun Prince,3,11:49,MIA,rebound,,,,,,,,,,Quentin Richardson,,,,,,def,,
Dwyane Wade,Jermaine O'Neal,Joel Anthony,Quentin Richardson,Rafer Alston,Ben Wallace,Chris Wilcox,Richard Hamilton,Rodney Stuckey,Tayshaun Prince,3,11:33,MIA,shot,,,,,,,,,,Jermaine O'Neal,,,,missed,,jump,41,8
Dwyane Wade,Jermaine O'Neal,Joel Anthony,Quentin Richardson,Rafer Alston,Ben Wallace,Chris Wilcox,Richard Hamilton,Rodney Stuckey,Tayshaun Prince,3,11:32,DET,rebound,,,,,,,,,,Rodney Stuckey,,,,,,def,,
Dwyane Wade,Jermaine O'Neal,Joel Anthony,Quentin Richardson,Rafer Alston,Ben Wallace,Chris Wilcox,Richard Hamilton,Rodney Stuckey,Tayshaun Prince,3,11:22,DET,shot,,,,,,,,,,Rodney Stuckey,,,,missed,,layup,25,6
Dwyane Wade,Jermaine O'Neal,Joel Anthony,Quentin Richardson,Rafer Alston,Ben Wallace,Chris Wilcox,Richard Hamilton,Rodney Stuckey,Tayshaun Prince,3,11:21,MIA,rebound,,,,,,,,,,Rafer Alston,,,,,,def,,
Dwyane Wade,Jermaine O'Neal,Joel Anthony,Quentin Richardson,Rafer Alston,Ben Wallace,Chris Wilcox,Richard Hamilton,Rodney Stuckey,Tayshaun Prince,3,11:18,DET,foul,,,,,,,,Dwyane Wade,,Tayshaun Prince,,,,,,shooting,,
Dwyane Wade,Jermaine O'Neal,Joel Anthony,Quentin Richardson,Rafer Alston,Ben Wallace,Chris Wilcox,Richard Hamilton,Rodney Stuckey,Tayshaun Prince,3,11:18,MIA,free throw,,,,,,,1,,2,Dwyane Wade,,,foul,missed,,,,
Dwyane Wade,Jermaine O'Neal,Joel Anthony,Quentin Richardson,Rafer Alston,Ben Wallace,Chris Wilcox,Richard Hamilton,Rodney Stuckey,Tayshaun Prince,3,11:18,MIA,rebound,,,,,,,,,,,,,,,,,,
Dwyane Wade,Jermaine O'Neal,Joel Anthony,Quentin Richardson,Rafer Alston,Ben Wallace,Chris Wilcox,Richard Hamilton,Rodney Stuckey,Tayshaun Prince,3,11:18,MIA,free throw,,,,,,,2,,2,Dwyane Wade,,,foul,missed,,,,
Dwyane Wade,Jermaine O'Neal,Joel Anthony,Quentin Richardson,Rafer Alston,Ben Wallace,Chris Wilcox,Richard Hamilton,Rodney Stuckey,Tayshaun Prince,3,11:18,DET,rebound,,,,,,,,,,Tayshaun Prince,,,,,,def,,
Dwyane Wade,Jermaine O'Neal,Joel Anthony,Quentin Richardson,Rafer Alston,Ben Wallace,Chris Wilcox,Richard Hamilton,Rodney Stuckey,Tayshaun Prince,3,10:56,DET,shot,,,,,,,,,,Tayshaun Prince,,,,missed,,jump,40,12
Dwyane Wade,Jermaine O'Neal,Joel Anthony,Quentin Richardson,Rafer Alston,Ben Wallace,Chris Wilcox,Richard Hamilton,Rodney Stuckey,Tayshaun Prince,3,10:55,MIA,rebound,,,,,,,,,,Jermaine O'Neal,,,,,,def,,
Dwyane Wade,Jermaine O'Neal,Joel Anthony,Quentin Richardson,Rafer Alston,Ben Wallace,Chris Wilcox,Richard Hamilton,Rodney Stuckey,Tayshaun Prince,3,10:34,MIA,shot,,,,,,,,,,Quentin Richardson,,,,missed,,3pt,9,26
Dwyane Wade,Jermaine O'Neal,Joel Anthony,Quentin Richardson,Rafer Alston,Ben Wallace,Chris Wilcox,Richard Hamilton,Rodney Stuckey,Tayshaun Prince,3,10:33,DET,rebound,,,,,,,,,,Ben Wallace,,,,,,def,,
Dwyane Wade,Jermaine O'Neal,Joel Anthony,Quentin Richardson,Rafer Alston,Ben Wallace,Chris Wilcox,Richard Hamilton,Rodney Stuckey,Tayshaun Prince,3,10:09,DET,shot,,,,,,,,,,Chris Wilcox,,,,missed,,jump,23,21
Dwyane Wade,Jermaine O'Neal,Joel Anthony,Quentin Richardson,Rafer Alston,Ben Wallace,Chris Wilcox,Richard Hamilton,Rodney Stuckey,Tayshaun Prince,3,10:07,DET,rebound,,,,,,,,,,Tayshaun Prince,,,,,,off,,
Dwyane Wade,Jermaine O'Neal,Joel Anthony,Quentin Richardson,Rafer Alston,Ben Wallace,Chris Wilcox,Richard Hamilton,Rodney Stuckey,Tayshaun Prince,3,9:52,DET,shot,Rodney Stuckey,,,,,,,,,Ben Wallace,2,,,made,,layup,25,6
Dwyane Wade,Jermaine O'Neal,Joel Anthony,Quentin Richardson,Rafer Alston,Ben Wallace,Chris Wilcox,Richard Hamilton,Rodney Stuckey,Tayshaun Prince,3,9:34,MIA,shot,,,,,,,,,,Dwyane Wade,,,,missed,,turnaround jump,34,20
Dwyane Wade,Jermaine O'Neal,Joel Anthony,Quentin Richardson,Rafer Alston,Ben Wallace,Chris Wilcox,Richard Hamilton,Rodney Stuckey,Tayshaun Prince,3,9:33,MIA,rebound,,,,,,,,,,,,,,,,,,
Dwyane Wade,Jermaine O'Neal,Joel Anthony,Quentin Richardson,Rafer Alston,Ben Wallace,Chris Wilcox,Richard Hamilton,Rodney Stuckey,Tayshaun Prince,3,9:20,MIA,shot,,,,,,,,,,Rafer Alston,,,,missed,,3pt,42,25
Dwyane Wade,Jermaine O'Neal,Joel Anthony,Quentin Richardson,Rafer Alston,Ben Wallace,Chris Wilcox,Richard Hamilton,Rodney Stuckey,Tayshaun Prince,3,9:19,DET,rebound,,,,,,,,,,Richard Hamilton,,,,,,def,,
Dwyane Wade,Jermaine O'Neal,Joel Anthony,Quentin Richardson,Rafer Alston,Ben Wallace,Chris Wilcox,Richard Hamilton,Rodney Stuckey,Tayshaun Prince,3,9:15,DET,shot,,,,,,,,,,Richard Hamilton,,,,missed,,pullup jump,40,15
Dwyane Wade,Jermaine O'Neal,Joel Anthony,Quentin Richardson,Rafer Alston,Ben Wallace,Chris Wilcox,Richard Hamilton,Rodney Stuckey,Tayshaun Prince,3,9:14,MIA,rebound,,,,,,,,,,Joel Anthony,,,,,,def,,
Dwyane Wade,Jermaine O'Neal,Joel Anthony,Quentin Richardson,Rafer Alston,Ben Wallace,Chris Wilcox,Richard Hamilton,Rodney Stuckey,Tayshaun Prince,3,9:09,DET,foul,,,,,,,,Joel Anthony,,Chris Wilcox,,,,,,personal,,
Dwyane Wade,Jermaine O'Neal,Joel Anthony,Quentin Richardson,Rafer Alston,Ben Wallace,Chris Wilcox,Richard Hamilton,Rodney Stuckey,Tayshaun Prince,3,8:51,MIA,shot,,,,,,,,,,Quentin Richardson,,,,missed,,3pt,3,21
Dwyane Wade,Jermaine O'Neal,Joel Anthony,Quentin Richardson,Rafer Alston,Ben Wallace,Chris Wilcox,Richard Hamilton,Rodney Stuckey,Tayshaun Prince,3,8:50,DET,rebound,,,,,,,,,,Rodney Stuckey,,,,,,def,,
Dwyane Wade,Jermaine O'Neal,Joel Anthony,Quentin Richardson,Rafer Alston,Ben Wallace,Chris Wilcox,Richard Hamilton,Rodney Stuckey,Tayshaun Prince,3,8:35,DET,shot,,,,,,,,,,Richard Hamilton,,,,missed,,jump,39,12
Dwyane Wade,Jermaine O'Neal,Joel Anthony,Quentin Richardson,Rafer Alston,Ben Wallace,Chris Wilcox,Richard Hamilton,Rodney Stuckey,Tayshaun Prince,3,8:34,MIA,rebound,,,,,,,,,,Jermaine O'Neal,,,,,,def,,
Dwyane Wade,Jermaine O'Neal,Joel Anthony,Quentin Richardson,Rafer Alston,Ben Wallace,Chris Wilcox,Richard Hamilton,Rodney Stuckey,Tayshaun Prince,3,8:27,MIA,shot,,,,,,,,,,Dwyane Wade,3,,,made,,3pt,22,33
Dwyane Wade,Jermaine O'Neal,Joel Anthony,Quentin Richardson,Rafer Alston,Ben Wallace,Chris Wilcox,Richard Hamilton,Rodney Stuckey,Tayshaun Prince,3,8:02,DET,shot,,,,,,,,,,Richard Hamilton,,,,missed,,jump,39,12
Dwyane Wade,Jermaine O'Neal,Joel Anthony,Quentin Richardson,Rafer Alston,Ben Wallace,Chris Wilcox,Richard Hamilton,Rodney Stuckey,Tayshaun Prince,3,8:01,DET,rebound,,,,,,,,,,Chris Wilcox,,,,,,off,,
Dwyane Wade,Jermaine O'Neal,Joel Anthony,Quentin Richardson,Rafer Alston,Ben Wallace,Chris Wilcox,Richard Hamilton,Rodney Stuckey,Tayshaun Prince,3,7:57,DET,foul,,,,,,,,Jermaine O'Neal,,Tayshaun Prince,,,,,,offensive,,
Dwyane Wade,Jermaine O'Neal,Joel Anthony,Quentin Richardson,Rafer Alston,Ben Wallace,Chris Wilcox,Richard Hamilton,Rodney Stuckey,Tayshaun Prince,3,7:57,DET,turnover,,,,,,,,,,Tayshaun Prince,,,foul,,,,,
Dwyane Wade,Jermaine O'Neal,Joel Anthony,Quentin Richardson,Rafer Alston,Ben Wallace,Chris Wilcox,Richard Hamilton,Rodney Stuckey,Tayshaun Prince,3,7:44,MIA,foul,,,,,,,,Rodney Stuckey,,Jermaine O'Neal,,,,,,offensive,,
Dwyane Wade,Jermaine O'Neal,Joel Anthony,Quentin Richardson,Rafer Alston,Ben Wallace,Chris Wilcox,Richard Hamilton,Rodney Stuckey,Tayshaun Prince,3,7:44,MIA,turnover,,,,,,,,,,Jermaine O'Neal,,,foul,,,,,
Dwyane Wade,Jermaine O'Neal,Joel Anthony,Quentin Richardson,Rafer Alston,Ben Wallace,Chris Wilcox,Richard Hamilton,Rodney Stuckey,Tayshaun Prince,3,7:20,DET,shot,,,,,,,,,,Richard Hamilton,,,,missed,,jump,31,14
Dwyane Wade,Jermaine O'Neal,Joel Anthony,Quentin Richardson,Rafer Alston,Ben Wallace,Chris Wilcox,Richard Hamilton,Rodney Stuckey,Tayshaun Prince,3,7:19,MIA,rebound,,,,,,,,,,Jermaine O'Neal,,,,,,def,,
Dwyane Wade,Jermaine O'Neal,Joel Anthony,Quentin Richardson,Rafer Alston,Ben Wallace,Chris Wilcox,Richard Hamilton,Rodney Stuckey,Tayshaun Prince,3,7:13,MIA,foul,,,,,,,,Chris Wilcox,,Dwyane Wade,,,,,,offensive,,
Dwyane Wade,Jermaine O'Neal,Joel Anthony,Quentin Richardson,Rafer Alston,Ben Wallace,Chris Wilcox,Richard Hamilton,Rodney Stuckey,Tayshaun Prince,3,7:13,MIA,turnover,,,,,,,,,,Dwyane Wade,,,foul,,,,,
Dwyane Wade,Jermaine O'Neal,Joel Anthony,Quentin Richardson,Rafer Alston,Ben Wallace,Chris Wilcox,Richard Hamilton,Rodney Stuckey,Tayshaun Prince,3,7:01,MIA,foul,,,,,,,,Rodney Stuckey,,Dwyane Wade,,,,,,personal,,
Dwyane Wade,Jermaine O'Neal,Joel Anthony,Quentin Richardson,Rafer Alston,Ben Wallace,Chris Wilcox,Richard Hamilton,Rodney Stuckey,Tayshaun Prince,3,6:47,DET,shot,,,,,,,,,,Ben Wallace,,,,missed,,hook,30,12
Dwyane Wade,Jermaine O'Neal,Joel Anthony,Quentin Richardson,Rafer Alston,Ben Wallace,Chris Wilcox,Richard Hamilton,Rodney Stuckey,Tayshaun Prince,3,6:46,DET,rebound,,,,,,,,,,,,,,,,,,
Dwyane Wade,Jermaine O'Neal,Joel Anthony,Quentin Richardson,Rafer Alston,Ben Wallace,Chris Wilcox,Richard Hamilton,Rodney Stuckey,Tayshaun Prince,3,6:46,DET,turnover,,,,,,,,,,,,,shot clock turnover,,,,,
Dwyane Wade,Jermaine O'Neal,Joel Anthony,Quentin Richardson,Rafer Alston,Ben Wallace,Chris Wilcox,Richard Hamilton,Rodney Stuckey,Tayshaun Prince,3,6:29,MIA,shot,Jermaine O'Neal,,,,,,,,,Quentin Richardson,3,,,made,,3pt,3,15
Dwyane Wade,Jermaine O'Neal,Joel Anthony,Quentin Richardson,Rafer Alston,Ben Wallace,Chris Wilcox,Richard Hamilton,Rodney Stuckey,Tayshaun Prince,3,6:18,DET,turnover,,,,,,,,,,Rodney Stuckey,,,out of bounds lost ball turnover,,,,,
Dwyane Wade,Jermaine O'Neal,Joel Anthony,Quentin Richardson,Rafer Alston,Ben Wallace,Charlie Villanueva,Richard Hamilton,Rodney Stuckey,Tayshaun Prince,3,6:18,DET,sub,,,,Charlie Villanueva,,Chris Wilcox,,,,,,,,,,,,
Dwyane Wade,Jermaine O'Neal,Quentin Richardson,Rafer Alston,Udonis Haslem,Ben Wallace,Charlie Villanueva,Richard Hamilton,Rodney Stuckey,Tayshaun Prince,3,6:08,MIA,sub,,,,Udonis Haslem,,Joel Anthony,,,,,,,,,,,,
Dwyane Wade,Jermaine O'Neal,Quentin Richardson,Rafer Alston,Udonis Haslem,Ben Wallace,Charlie Villanueva,Richard Hamilton,Rodney Stuckey,Tayshaun Prince,3,5:57,MIA,shot,,,,,,,,,,Jermaine O'Neal,,,,missed,,hook,24,9
Dwyane Wade,Jermaine O'Neal,Quentin Richardson,Rafer Alston,Udonis Haslem,Ben Wallace,Charlie Villanueva,Richard Hamilton,Rodney Stuckey,Tayshaun Prince,3,5:56,DET,rebound,,,,,,,,,,,,,,,,,,
Dwyane Wade,Jermaine O'Neal,Quentin Richardson,Rafer Alston,Udonis Haslem,Ben Wallace,Charlie Villanueva,Richard Hamilton,Rodney Stuckey,Tayshaun Prince,3,5:56,DET,timeout,,,,,,,,,,,,,,,,regular,,
Dwyane Wade,Jermaine O'Neal,Quentin Richardson,Rafer Alston,Udonis Haslem,Ben Gordon,Ben Wallace,Charlie Villanueva,Richard Hamilton,Tayshaun Prince,3,5:56,DET,sub,,,,Ben Gordon,,Rodney Stuckey,,,,,,,,,,,,
Dwyane Wade,Jermaine O'Neal,Quentin Richardson,Rafer Alston,Udonis Haslem,Ben Gordon,Ben Wallace,Charlie Villanueva,Richard Hamilton,Tayshaun Prince,3,5:43,DET,shot,,,,,,,,,,Richard Hamilton,,,,missed,,jump,19,22
Dwyane Wade,Jermaine O'Neal,Quentin Richardson,Rafer Alston,Udonis Haslem,Ben Gordon,Ben Wallace,Charlie Villanueva,Richard Hamilton,Tayshaun Prince,3,5:42,DET,rebound,,,,,,,,,,Charlie Villanueva,,,,,,off,,
Dwyane Wade,Jermaine O'Neal,Quentin Richardson,Rafer Alston,Udonis Haslem,Ben Gordon,Ben Wallace,Charlie Villanueva,Richard Hamilton,Tayshaun Prince,3,5:38,MIA,foul,,,,,,,,Tayshaun Prince,,Jermaine O'Neal,,,,,,shooting,,
Dwyane Wade,Jermaine O'Neal,Quentin Richardson,Rafer Alston,Udonis Haslem,Ben Gordon,Ben Wallace,Charlie Villanueva,Richard Hamilton,Tayshaun Prince,3,5:38,DET,free throw,,,,,,,1,,2,Tayshaun Prince,,,foul,made,,,,
Dwyane Wade,Jermaine O'Neal,Quentin Richardson,Rafer Alston,Udonis Haslem,Ben Gordon,Ben Wallace,Charlie Villanueva,Richard Hamilton,Tayshaun Prince,3,5:38,DET,free throw,,,,,,,2,,2,Tayshaun Prince,,,foul,made,,,,
Dwyane Wade,Jermaine O'Neal,Quentin Richardson,Rafer Alston,Udonis Haslem,Ben Gordon,Ben Wallace,Charlie Villanueva,Richard Hamilton,Tayshaun Prince,3,5:23,DET,foul,,,,,,,,Dwyane Wade,,Ben Gordon,,,,,,shooting,,
Dwyane Wade,Jermaine O'Neal,Quentin Richardson,Rafer Alston,Udonis Haslem,Ben Gordon,Ben Wallace,Charlie Villanueva,Richard Hamilton,Tayshaun Prince,3,5:23,MIA,free throw,,,,,,,1,,2,Dwyane Wade,,,foul,made,,,,
Dwyane Wade,Jermaine O'Neal,Quentin Richardson,Rafer Alston,Udonis Haslem,Ben Gordon,Ben Wallace,Charlie Villanueva,Richard Hamilton,Tayshaun Prince,3,5:23,MIA,free throw,,,,,,,2,,2,Dwyane Wade,,,foul,made,,,,
Dwyane Wade,Jermaine O'Neal,Quentin Richardson,Rafer Alston,Udonis Haslem,Ben Gordon,Ben Wallace,Charlie Villanueva,Richard Hamilton,Tayshaun Prince,3,5:08,DET,turnover,,,,,,,,,,Charlie Villanueva,,,traveling,,,,,
Dwyane Wade,Jermaine O'Neal,Quentin Richardson,Rafer Alston,Udonis Haslem,Ben Gordon,Ben Wallace,Charlie Villanueva,Richard Hamilton,Tayshaun Prince,3,4:47,MIA,shot,Rafer Alston,,,,,,,,,Jermaine O'Neal,2,,,made,,fade away jumper,7,6
Dwyane Wade,Jermaine O'Neal,Quentin Richardson,Rafer Alston,Udonis Haslem,Ben Gordon,Ben Wallace,Charlie Villanueva,Richard Hamilton,Tayshaun Prince,3,4:32,DET,shot,Richard Hamilton,,,,,,,,,Ben Wallace,2,,,made,,layup,25,6
Dwyane Wade,Jermaine O'Neal,Quentin Richardson,Rafer Alston,Udonis Haslem,Ben Gordon,Ben Wallace,Charlie Villanueva,Richard Hamilton,Tayshaun Prince,3,4:03,MIA,shot,,,,,,,,,,Rafer Alston,,,,missed,,jump,18,25
Dwyane Wade,Jermaine O'Neal,Quentin Richardson,Rafer Alston,Udonis Haslem,Ben Gordon,Ben Wallace,Charlie Villanueva,Richard Hamilton,Tayshaun Prince,3,4:02,MIA,rebound,,,,,,,,,,Jermaine O'Neal,,,,,,off,,
Dwyane Wade,Jermaine O'Neal,Quentin Richardson,Rafer Alston,Udonis Haslem,Ben Gordon,Ben Wallace,Charlie Villanueva,Richard Hamilton,Tayshaun Prince,3,3:58,MIA,shot,Jermaine O'Neal,,,,,,,,,Dwyane Wade,3,,,made,,3pt,16,30
Dwyane Wade,Jermaine O'Neal,Quentin Richardson,Rafer Alston,Udonis Haslem,Ben Gordon,Ben Wallace,Charlie Villanueva,Richard Hamilton,Tayshaun Prince,3,3:41,DET,shot,,,,,,,,,,Ben Gordon,,,,missed,,jump,40,14
Dwyane Wade,Jermaine O'Neal,Quentin Richardson,Rafer Alston,Udonis Haslem,Ben Gordon,Ben Wallace,Charlie Villanueva,Richard Hamilton,Tayshaun Prince,3,3:40,MIA,rebound,,,,,,,,,,Udonis Haslem,,,,,,def,,
Dwyane Wade,Jermaine O'Neal,Quentin Richardson,Rafer Alston,Udonis Haslem,Ben Gordon,Ben Wallace,Charlie Villanueva,Richard Hamilton,Tayshaun Prince,3,3:27,MIA,shot,,,,,,,,,,Udonis Haslem,,,,missed,,jump,8,15
Dwyane Wade,Jermaine O'Neal,Quentin Richardson,Rafer Alston,Udonis Haslem,Ben Gordon,Ben Wallace,Charlie Villanueva,Richard Hamilton,Tayshaun Prince,3,3:26,MIA,rebound,,,,,,,,,,Quentin Richardson,,,,,,off,,
Dwyane Wade,Jermaine O'Neal,Quentin Richardson,Rafer Alston,Udonis Haslem,Ben Gordon,Ben Wallace,Charlie Villanueva,Richard Hamilton,Tayshaun Prince,3,3:24,MIA,shot,,,,,,,,,,Quentin Richardson,2,,,made,,tip,25,6
Dwyane Wade,Jermaine O'Neal,Quentin Richardson,Rafer Alston,Udonis Haslem,Ben Gordon,Ben Wallace,Charlie Villanueva,Richard Hamilton,Tayshaun Prince,3,3:13,DET,shot,Richard Hamilton,,,,,,,,,Tayshaun Prince,2,,,made,,alley oop layup,25,6
Dwyane Wade,Jermaine O'Neal,Quentin Richardson,Rafer Alston,Udonis Haslem,Ben Gordon,Ben Wallace,Charlie Villanueva,Richard Hamilton,Tayshaun Prince,3,2:52,MIA,shot,Jermaine O'Neal,,,,,,,,,Quentin Richardson,2,,,made,,jump,43,9
Dwyane Wade,Jermaine O'Neal,Quentin Richardson,Rafer Alston,Udonis Haslem,Ben Gordon,Ben Wallace,Charlie Villanueva,Richard Hamilton,Tayshaun Prince,3,2:40,DET,turnover,,,,,,,,,,Richard Hamilton,,,bad pass,,,,,
Dwyane Wade,Jermaine O'Neal,Quentin Richardson,Rafer Alston,Udonis Haslem,Ben Gordon,Ben Wallace,Charlie Villanueva,Richard Hamilton,Tayshaun Prince,3,2:40,MIA,timeout,,,,,,,,,,,,,,,,regular,,
Dwyane Wade,Jermaine O'Neal,Quentin Richardson,Rafer Alston,Udonis Haslem,Ben Gordon,Ben Wallace,Charlie Villanueva,Chucky Atkins,Tayshaun Prince,3,2:40,DET,sub,,,,Chucky Atkins,,Richard Hamilton,,,,,,,,,,,,
Dwyane Wade,Jermaine O'Neal,Quentin Richardson,Rafer Alston,Udonis Haslem,Ben Gordon,Ben Wallace,Charlie Villanueva,Chucky Atkins,Jonas Jerebko,3,2:40,DET,sub,,,,Jonas Jerebko,,Tayshaun Prince,,,,,,,,,,,,
Dwyane Wade,Jermaine O'Neal,Quentin Richardson,Rafer Alston,Udonis Haslem,Ben Gordon,Charlie Villanueva,Chucky Atkins,Jonas Jerebko,Kwame Brown,3,2:40,DET,sub,,,,Kwame Brown,,Ben Wallace,,,,,,,,,,,,
Dwyane Wade,Jermaine O'Neal,Quentin Richardson,Rafer Alston,Udonis Haslem,Ben Gordon,Charlie Villanueva,Chucky Atkins,Jonas Jerebko,Kwame Brown,3,2:17,MIA,shot,,,,,,,,,,Rafer Alston,,,,missed,,running jump,16,9
Dwyane Wade,Jermaine O'Neal,Quentin Richardson,Rafer Alston,Udonis Haslem,Ben Gordon,Charlie Villanueva,Chucky Atkins,Jonas Jerebko,Kwame Brown,3,2:16,DET,rebound,,,,,,,,,,Kwame Brown,,,,,,def,,
Dwyane Wade,Jermaine O'Neal,Quentin Richardson,Rafer Alston,Udonis Haslem,Ben Gordon,Charlie Villanueva,Chucky Atkins,Jonas Jerebko,Kwame Brown,3,2:10,DET,shot,,,Jermaine O'Neal,,,,,,,Jonas Jerebko,,,,missed,,layup,25,6
Dwyane Wade,Jermaine O'Neal,Quentin Richardson,Rafer Alston,Udonis Haslem,Ben Gordon,Charlie Villanueva,Chucky Atkins,Jonas Jerebko,Kwame Brown,3,2:08,MIA,rebound,,,,,,,,,,Udonis Haslem,,,,,,def,,
Dwyane Wade,Jermaine O'Neal,Quentin Richardson,Rafer Alston,Udonis Haslem,Ben Gordon,Charlie Villanueva,Chucky Atkins,Jonas Jerebko,Kwame Brown,3,2:00,MIA,shot,Rafer Alston,,,,,,,,,Dwyane Wade,3,,,made,,3pt,48,8
Dwyane Wade,Jermaine O'Neal,Quentin Richardson,Rafer Alston,Udonis Haslem,Ben Gordon,Charlie Villanueva,Chucky Atkins,Jonas Jerebko,Kwame Brown,3,1:42,MIA,foul,,,,,,,,Ben Gordon,,Rafer Alston,,,,,,shooting,,
Dwyane Wade,Jermaine O'Neal,Quentin Richardson,Rafer Alston,Udonis Haslem,Ben Gordon,Charlie Villanueva,Chucky Atkins,Jonas Jerebko,Kwame Brown,3,1:42,DET,free throw,,,,,,,1,,2,Ben Gordon,,,foul,made,,,,
Dwyane Wade,Jermaine O'Neal,Quentin Richardson,Rafer Alston,Udonis Haslem,Ben Gordon,Charlie Villanueva,Chucky Atkins,Jonas Jerebko,Kwame Brown,3,1:42,DET,free throw,,,,,,,2,,2,Ben Gordon,,,foul,made,,,,
Dwyane Wade,Jermaine O'Neal,Quentin Richardson,Rafer Alston,Udonis Haslem,Ben Gordon,Charlie Villanueva,Chucky Atkins,Jonas Jerebko,Kwame Brown,3,1:22,MIA,shot,,,,,,,,,,Dwyane Wade,,,,missed,,turnaround jump,6,8
Dwyane Wade,Jermaine O'Neal,Quentin Richardson,Rafer Alston,Udonis Haslem,Ben Gordon,Charlie Villanueva,Chucky Atkins,Jonas Jerebko,Kwame Brown,3,1:21,DET,rebound,,,,,,,,,,Charlie Villanueva,,,,,,def,,
Dwyane Wade,Jermaine O'Neal,Quentin Richardson,Rafer Alston,Udonis Haslem,Ben Gordon,Charlie Villanueva,Chucky Atkins,Jonas Jerebko,Kwame Brown,3,1:13,DET,shot,,,,,,,,,,Ben Gordon,,,,missed,,jump,42,11
Dwyane Wade,Jermaine O'Neal,Quentin Richardson,Rafer Alston,Udonis Haslem,Ben Gordon,Charlie Villanueva,Chucky Atkins,Jonas Jerebko,Kwame Brown,3,1:12,MIA,rebound,,,,,,,,,,Dwyane Wade,,,,,,def,,
Dwyane Wade,Jermaine O'Neal,Quentin Richardson,Rafer Alston,Udonis Haslem,Ben Gordon,Charlie Villanueva,Chucky Atkins,Jonas Jerebko,Kwame Brown,3,1:04,DET,foul,,,,,,,,Jermaine O'Neal,,Kwame Brown,,,,,,shooting,,
Dwyane Wade,Jermaine O'Neal,Quentin Richardson,Rafer Alston,Udonis Haslem,Ben Gordon,Charlie Villanueva,Chucky Atkins,Jonas Jerebko,Kwame Brown,3,1:04,MIA,free throw,,,,,,,1,,2,Jermaine O'Neal,,,foul,made,,,,
Dorell Wright,Dwyane Wade,Jermaine O'Neal,Rafer Alston,Udonis Haslem,Ben Gordon,Charlie Villanueva,Chucky Atkins,Jonas Jerebko,Kwame Brown,3,1:04,MIA,sub,,,,Dorell Wright,,Quentin Richardson,,,,,,,,,,,,
Dorell Wright,Dwyane Wade,Jermaine O'Neal,Rafer Alston,Udonis Haslem,Ben Gordon,Charlie Villanueva,Chucky Atkins,Jonas Jerebko,Kwame Brown,3,1:04,MIA,free throw,,,,,,,2,,2,Jermaine O'Neal,,,foul,made,,,,
Dorell Wright,Dwyane Wade,Jermaine O'Neal,Rafer Alston,Udonis Haslem,Ben Gordon,Charlie Villanueva,Chucky Atkins,Jonas Jerebko,Kwame Brown,3,0:49,DET,shot,,,,,,,,,,Jonas Jerebko,,,,missed,,layup,25,6
Dorell Wright,Dwyane Wade,Jermaine O'Neal,Rafer Alston,Udonis Haslem,Ben Gordon,Charlie Villanueva,Chucky Atkins,Jonas Jerebko,Kwame Brown,3,0:48,MIA,rebound,,,,,,,,,,Jermaine O'Neal,,,,,,def,,
Dorell Wright,Dwyane Wade,Jermaine O'Neal,Rafer Alston,Udonis Haslem,Ben Gordon,Charlie Villanueva,Chucky Atkins,Jonas Jerebko,Kwame Brown,3,0:45,MIA,shot,Jermaine O'Neal,,,,,,,,,Dorell Wright,2,,,made,,layup,25,6
Dorell Wright,Dwyane Wade,Jermaine O'Neal,Rafer Alston,Udonis Haslem,Ben Gordon,Charlie Villanueva,Chucky Atkins,Jonas Jerebko,Kwame Brown,3,0:34,MIA,foul,,,,,,,,Kwame Brown,,Udonis Haslem,,,,,,shooting,,
Dorell Wright,Dwyane Wade,Jermaine O'Neal,Rafer Alston,Udonis Haslem,Ben Gordon,Charlie Villanueva,Chucky Atkins,Jonas Jerebko,Kwame Brown,3,0:34,DET,free throw,,,,,,,1,,2,Kwame Brown,,,foul,missed,,,,
Dorell Wright,Dwyane Wade,Jermaine O'Neal,Rafer Alston,Udonis Haslem,Ben Gordon,Charlie Villanueva,Chucky Atkins,Jonas Jerebko,Kwame Brown,3,0:34,DET,rebound,,,,,,,,,,,,,,,,,,
Dorell Wright,Dwyane Wade,Jermaine O'Neal,Rafer Alston,Udonis Haslem,Ben Gordon,Charlie Villanueva,Chucky Atkins,Jonas Jerebko,Kwame Brown,3,0:34,DET,free throw,,,,,,,2,,2,Kwame Brown,,,foul,missed,,,,
Dorell Wright,Dwyane Wade,Jermaine O'Neal,Rafer Alston,Udonis Haslem,Ben Gordon,Charlie Villanueva,Chucky Atkins,Jonas Jerebko,Kwame Brown,3,0:33,MIA,rebound,,,,,,,,,,Jermaine O'Neal,,,,,,def,,
Dorell Wright,Dwyane Wade,Jermaine O'Neal,Rafer Alston,Udonis Haslem,Ben Gordon,Charlie Villanueva,Chucky Atkins,Jonas Jerebko,Kwame Brown,3,0:18,MIA,turnover,,,,,,,,,,Jermaine O'Neal,,,3 second violation,,,,,
Dorell Wright,Dwyane Wade,Jermaine O'Neal,Rafer Alston,Udonis Haslem,Ben Gordon,Charlie Villanueva,Chucky Atkins,Jonas Jerebko,Kwame Brown,3,0:02,DET,shot,,,,,,,,,,Ben Gordon,2,,,made,,running jump,27,13
Daequan Cook,Dorell Wright,Jamaal Magloire,Rafer Alston,Udonis Haslem,Charlie Villanueva,Kwame Brown,Richard Hamilton,Rodney Stuckey,Tayshaun Prince,4,11:40,MIA,shot,,,Charlie Villanueva,,,,,,,Udonis Haslem,,,,missed,,hook,25,11
Daequan Cook,Dorell Wright,Jamaal Magloire,Rafer Alston,Udonis Haslem,Charlie Villanueva,Kwame Brown,Richard Hamilton,Rodney Stuckey,Tayshaun Prince,4,11:40,MIA,jump ball,,Udonis Haslem,,,Charlie Villanueva,,,,,,,Dorell Wright,,,,,,
Daequan Cook,Dorell Wright,Jamaal Magloire,Rafer Alston,Udonis Haslem,Charlie Villanueva,Kwame Brown,Richard Hamilton,Rodney Stuckey,Tayshaun Prince,4,11:40,MIA,rebound,,,,,,,,,,,,,,,,,,
Daequan Cook,Dorell Wright,Jamaal Magloire,Rafer Alston,Udonis Haslem,Charlie Villanueva,Kwame Brown,Richard Hamilton,Rodney Stuckey,Tayshaun Prince,4,11:29,MIA,shot,,,,,,,,,,Dorell Wright,,,,missed,,jump,5,6
Daequan Cook,Dorell Wright,Jamaal Magloire,Rafer Alston,Udonis Haslem,Charlie Villanueva,Kwame Brown,Richard Hamilton,Rodney Stuckey,Tayshaun Prince,4,11:28,DET,rebound,,,,,,,,,,Rodney Stuckey,,,,,,def,,
Daequan Cook,Dorell Wright,Jamaal Magloire,Rafer Alston,Udonis Haslem,Charlie Villanueva,Kwame Brown,Richard Hamilton,Rodney Stuckey,Tayshaun Prince,4,11:06,DET,shot,,,,,,,,,,Richard Hamilton,,,,missed,,jump bank,38,14
Daequan Cook,Dorell Wright,Jamaal Magloire,Rafer Alston,Udonis Haslem,Charlie Villanueva,Kwame Brown,Richard Hamilton,Rodney Stuckey,Tayshaun Prince,4,11:05,MIA,rebound,,,,,,,,,,Udonis Haslem,,,,,,def,,
Daequan Cook,Dorell Wright,Jamaal Magloire,Rafer Alston,Udonis Haslem,Charlie Villanueva,Kwame Brown,Richard Hamilton,Rodney Stuckey,Tayshaun Prince,4,10:42,MIA,shot,Rafer Alston,,,,,,,,,Udonis Haslem,2,,,made,,jump,19,25
Daequan Cook,Dorell Wright,Jamaal Magloire,Rafer Alston,Udonis Haslem,Charlie Villanueva,Kwame Brown,Richard Hamilton,Rodney Stuckey,Tayshaun Prince,4,10:21,DET,shot,,,Rafer Alston,,,,,,,Rodney Stuckey,,,,missed,,running jump,29,14
Daequan Cook,Dorell Wright,Jamaal Magloire,Rafer Alston,Udonis Haslem,Charlie Villanueva,Kwame Brown,Richard Hamilton,Rodney Stuckey,Tayshaun Prince,4,10:19,MIA,rebound,,,,,,,,,,Dorell Wright,,,,,,def,,
Daequan Cook,Dorell Wright,Jamaal Magloire,Rafer Alston,Udonis Haslem,Charlie Villanueva,Kwame Brown,Richard Hamilton,Rodney Stuckey,Tayshaun Prince,4,9:59,MIA,shot,,,,,,,,,,Dorell Wright,2,,,made,,jump,20,25
Daequan Cook,Dorell Wright,Jamaal Magloire,Rafer Alston,Udonis Haslem,Charlie Villanueva,Kwame Brown,Richard Hamilton,Rodney Stuckey,Tayshaun Prince,4,9:41,DET,shot,,,,,,,,,,Charlie Villanueva,,,,missed,,hook,33,7
Daequan Cook,Dorell Wright,Jamaal Magloire,Rafer Alston,Udonis Haslem,Charlie Villanueva,Kwame Brown,Richard Hamilton,Rodney Stuckey,Tayshaun Prince,4,9:40,MIA,rebound,,,,,,,,,,Udonis Haslem,,,,,,def,,
Daequan Cook,Dorell Wright,Jamaal Magloire,Rafer Alston,Udonis Haslem,Charlie Villanueva,Kwame Brown,Richard Hamilton,Rodney Stuckey,Tayshaun Prince,4,9:29,MIA,turnover,,,,,,,,,,Udonis Haslem,,,lost ball,,Kwame Brown,,,
Daequan Cook,Dorell Wright,Jamaal Magloire,Rafer Alston,Udonis Haslem,Charlie Villanueva,Kwame Brown,Richard Hamilton,Rodney Stuckey,Tayshaun Prince,4,9:29,DET,timeout,,,,,,,,,,,,,,,,regular,,
Carlos Arroyo,Daequan Cook,Dorell Wright,Jamaal Magloire,Udonis Haslem,Charlie Villanueva,Kwame Brown,Richard Hamilton,Rodney Stuckey,Tayshaun Prince,4,9:29,MIA,sub,,,,Carlos Arroyo,,Rafer Alston,,,,,,,,,,,,
Carlos Arroyo,Daequan Cook,Dorell Wright,Jamaal Magloire,Udonis Haslem,Charlie Villanueva,Kwame Brown,Richard Hamilton,Rodney Stuckey,Tayshaun Prince,4,9:09,DET,shot,,,,,,,,,,Charlie Villanueva,,,,missed,,jump,9,9
Carlos Arroyo,Daequan Cook,Dorell Wright,Jamaal Magloire,Udonis Haslem,Charlie Villanueva,Kwame Brown,Richard Hamilton,Rodney Stuckey,Tayshaun Prince,4,9:08,MIA,rebound,,,,,,,,,,Daequan Cook,,,,,,def,,
Carlos Arroyo,Daequan Cook,Dorell Wright,Jamaal Magloire,Udonis Haslem,Charlie Villanueva,Kwame Brown,Richard Hamilton,Rodney Stuckey,Tayshaun Prince,4,8:48,DET,foul,,,,,,,,Jamaal Magloire,,Kwame Brown,,,,,,shooting,,
Carlos Arroyo,Daequan Cook,Dorell Wright,Jamaal Magloire,Udonis Haslem,Charlie Villanueva,Kwame Brown,Richard Hamilton,Rodney Stuckey,Tayshaun Prince,4,8:48,MIA,free throw,,,,,,,1,,2,Jamaal Magloire,,,foul,missed,,,,
Carlos Arroyo,Daequan Cook,Dorell Wright,Jamaal Magloire,Udonis Haslem,Charlie Villanueva,Kwame Brown,Richard Hamilton,Rodney Stuckey,Tayshaun Prince,4,8:48,MIA,rebound,,,,,,,,,,,,,,,,,,
Carlos Arroyo,Daequan Cook,Dorell Wright,Jamaal Magloire,Udonis Haslem,Charlie Villanueva,Kwame Brown,Richard Hamilton,Rodney Stuckey,Tayshaun Prince,4,8:48,MIA,free throw,,,,,,,2,,2,Jamaal Magloire,,,foul,made,,,,
Carlos Arroyo,Daequan Cook,Dorell Wright,Jamaal Magloire,Udonis Haslem,Charlie Villanueva,Kwame Brown,Richard Hamilton,Rodney Stuckey,Tayshaun Prince,4,8:31,MIA,foul,,,,,,,,Richard Hamilton,,Daequan Cook,,,,,,personal,,
Carlos Arroyo,Daequan Cook,Dorell Wright,Jamaal Magloire,Udonis Haslem,Charlie Villanueva,Kwame Brown,Richard Hamilton,Rodney Stuckey,Tayshaun Prince,4,8:22,DET,turnover,,,,,,,,,,Charlie Villanueva,,,bad pass,,,,,
Carlos Arroyo,Daequan Cook,Dorell Wright,Jamaal Magloire,Udonis Haslem,Charlie Villanueva,Kwame Brown,Richard Hamilton,Rodney Stuckey,Tayshaun Prince,4,8:10,DET,foul,,,,,,,,Udonis Haslem,,Charlie Villanueva,,,,,,personal,,
Carlos Arroyo,Daequan Cook,Dorell Wright,Jamaal Magloire,Udonis Haslem,Charlie Villanueva,Kwame Brown,Richard Hamilton,Rodney Stuckey,Tayshaun Prince,4,7:56,MIA,turnover,,,,,,,,,,,,,shot clock turnover,,,,,
Carlos Arroyo,Daequan Cook,Dorell Wright,Jamaal Magloire,Udonis Haslem,Charlie Villanueva,Kwame Brown,Richard Hamilton,Rodney Stuckey,Tayshaun Prince,4,7:37,DET,shot,,,,,,,,,,Tayshaun Prince,2,,,made,,running hook,33,9
Carlos Arroyo,Daequan Cook,Dorell Wright,Jamaal Magloire,Udonis Haslem,Charlie Villanueva,Kwame Brown,Richard Hamilton,Rodney Stuckey,Tayshaun Prince,4,7:15,MIA,shot,,,,,,,,,,Carlos Arroyo,,,,missed,,layup,25,6
Carlos Arroyo,Daequan Cook,Dorell Wright,Jamaal Magloire,Udonis Haslem,Charlie Villanueva,Kwame Brown,Richard Hamilton,Rodney Stuckey,Tayshaun Prince,4,7:14,MIA,rebound,,,,,,,,,,Udonis Haslem,,,,,,off,,
Carlos Arroyo,Daequan Cook,Dorell Wright,Jamaal Magloire,Udonis Haslem,Charlie Villanueva,Kwame Brown,Richard Hamilton,Rodney Stuckey,Tayshaun Prince,4,7:13,MIA,shot,,,,,,,,,,Udonis Haslem,2,,,made,,tip,25,6
Carlos Arroyo,Daequan Cook,Dorell Wright,Jamaal Magloire,Udonis Haslem,Charlie Villanueva,Kwame Brown,Richard Hamilton,Rodney Stuckey,Tayshaun Prince,4,6:54,MIA,foul,,,,,,,,Kwame Brown,,Dorell Wright,,,,,,shooting,,
Carlos Arroyo,Daequan Cook,Dorell Wright,Jamaal Magloire,Udonis Haslem,Charlie Villanueva,Kwame Brown,Richard Hamilton,Rodney Stuckey,Tayshaun Prince,4,6:54,DET,free throw,,,,,,,1,,2,Kwame Brown,,,foul,missed,,,,
Carlos Arroyo,Daequan Cook,Dorell Wright,Jamaal Magloire,Udonis Haslem,Charlie Villanueva,Kwame Brown,Richard Hamilton,Rodney Stuckey,Tayshaun Prince,4,6:54,DET,rebound,,,,,,,,,,,,,,,,,,
Carlos Arroyo,Daequan Cook,Dorell Wright,Jamaal Magloire,Udonis Haslem,Charlie Villanueva,Kwame Brown,Richard Hamilton,Rodney Stuckey,Tayshaun Prince,4,6:54,DET,free throw,,,,,,,2,,2,Kwame Brown,,,foul,missed,,,,
Carlos Arroyo,Daequan Cook,Dorell Wright,Jamaal Magloire,Udonis Haslem,Charlie Villanueva,Kwame Brown,Richard Hamilton,Rodney Stuckey,Tayshaun Prince,4,6:53,DET,rebound,,,,,,,,,,Richard Hamilton,,,,,,off,,
Carlos Arroyo,Daequan Cook,Dorell Wright,Jamaal Magloire,Udonis Haslem,Charlie Villanueva,Kwame Brown,Richard Hamilton,Rodney Stuckey,Tayshaun Prince,4,6:49,DET,shot,,,,,,,,,,Richard Hamilton,2,,,made,,jump,11,12
Carlos Arroyo,Daequan Cook,Dorell Wright,Jamaal Magloire,Udonis Haslem,Charlie Villanueva,Kwame Brown,Richard Hamilton,Rodney Stuckey,Tayshaun Prince,4,6:26,MIA,shot,Dorell Wright,,,,,,,,,Carlos Arroyo,2,,,made,,jump,43,7
Carlos Arroyo,Daequan Cook,Dorell Wright,Jamaal Magloire,Udonis Haslem,Charlie Villanueva,Kwame Brown,Richard Hamilton,Rodney Stuckey,Tayshaun Prince,4,6:05,MIA,foul,,,,,,,,Kwame Brown,,Jamaal Magloire,,,,,,shooting,,
Carlos Arroyo,Daequan Cook,Dorell Wright,Jamaal Magloire,Udonis Haslem,Austin Daye,Charlie Villanueva,Kwame Brown,Richard Hamilton,Rodney Stuckey,4,6:05,DET,sub,,,,Austin Daye,,Tayshaun Prince,,,,,,,,,,,,
Carlos Arroyo,Daequan Cook,Dorell Wright,Jamaal Magloire,Udonis Haslem,Austin Daye,Charlie Villanueva,Jonas Jerebko,Kwame Brown,Rodney Stuckey,4,6:05,DET,sub,,,,Jonas Jerebko,,Richard Hamilton,,,,,,,,,,,,
Carlos Arroyo,Daequan Cook,Dorell Wright,Jamaal Magloire,Udonis Haslem,Austin Daye,Charlie Villanueva,Jonas Jerebko,Kwame Brown,Rodney Stuckey,4,6:05,DET,free throw,,,,,,,1,,2,Kwame Brown,,,foul,made,,,,
Carlos Arroyo,Daequan Cook,Dorell Wright,Jamaal Magloire,Joel Anthony,Austin Daye,Charlie Villanueva,Jonas Jerebko,Kwame Brown,Rodney Stuckey,4,6:05,MIA,sub,,,,Joel Anthony,,Udonis Haslem,,,,,,,,,,,,
Carlos Arroyo,Daequan Cook,Dorell Wright,Jamaal Magloire,Joel Anthony,Austin Daye,Charlie Villanueva,Jonas Jerebko,Kwame Brown,Rodney Stuckey,4,6:05,DET,free throw,,,,,,,2,,2,Kwame Brown,,,foul,missed,,,,
Carlos Arroyo,Daequan Cook,Dorell Wright,Jamaal Magloire,Joel Anthony,Austin Daye,Charlie Villanueva,Jonas Jerebko,Kwame Brown,Rodney Stuckey,4,6:04,MIA,rebound,,,,,,,,,,Jamaal Magloire,,,,,,def,,
Carlos Arroyo,Daequan Cook,Dorell Wright,Jamaal Magloire,Joel Anthony,Austin Daye,Charlie Villanueva,Jonas Jerebko,Kwame Brown,Rodney Stuckey,4,5:49,MIA,shot,,,,,,,,,,Jamaal Magloire,,,,missed,,layup,25,6
Carlos Arroyo,Daequan Cook,Dorell Wright,Jamaal Magloire,Joel Anthony,Austin Daye,Charlie Villanueva,Jonas Jerebko,Kwame Brown,Rodney Stuckey,4,5:48,MIA,rebound,,,,,,,,,,Jamaal Magloire,,,,,,off,,
Carlos Arroyo,Daequan Cook,Dorell Wright,Jamaal Magloire,Joel Anthony,Austin Daye,Charlie Villanueva,Jonas Jerebko,Kwame Brown,Rodney Stuckey,4,5:47,MIA,shot,,,,,,,,,,Jamaal Magloire,,,,missed,,tip,25,6
Carlos Arroyo,Daequan Cook,Dorell Wright,Jamaal Magloire,Joel Anthony,Austin Daye,Charlie Villanueva,Jonas Jerebko,Kwame Brown,Rodney Stuckey,4,5:45,MIA,rebound,,,,,,,,,,,,,,,,,,
Carlos Arroyo,Daequan Cook,Dorell Wright,Jamaal Magloire,Joel Anthony,Austin Daye,Charlie Villanueva,Jonas Jerebko,Kwame Brown,Rodney Stuckey,4,5:45,MIA,timeout,,,,,,,,,,,,,,,,official,,
Carlos Arroyo,Daequan Cook,Dorell Wright,Jamaal Magloire,Joel Anthony,Austin Daye,Charlie Villanueva,Chucky Atkins,Jonas Jerebko,Kwame Brown,4,5:45,DET,sub,,,,Chucky Atkins,,Rodney Stuckey,,,,,,,,,,,,
Carlos Arroyo,Daequan Cook,Jamaal Magloire,James Jones,Joel Anthony,Austin Daye,Charlie Villanueva,Chucky Atkins,Jonas Jerebko,Kwame Brown,4,5:45,MIA,sub,,,,James Jones,,Dorell Wright,,,,,,,,,,,,
Carlos Arroyo,Daequan Cook,Jamaal Magloire,James Jones,Joel Anthony,Austin Daye,Charlie Villanueva,Chucky Atkins,Jonas Jerebko,Kwame Brown,4,5:38,MIA,shot,,,,,,,,,,Daequan Cook,,,,missed,,running jump,25,13
Carlos Arroyo,Daequan Cook,Jamaal Magloire,James Jones,Joel Anthony,Austin Daye,Charlie Villanueva,Chucky Atkins,Jonas Jerebko,Kwame Brown,4,5:37,MIA,rebound,,,,,,,,,,Daequan Cook,,,,,,off,,
Carlos Arroyo,Daequan Cook,Jamaal Magloire,James Jones,Joel Anthony,Austin Daye,Charlie Villanueva,Chucky Atkins,Jonas Jerebko,Kwame Brown,4,5:36,MIA,shot,,,,,,,,,,Daequan Cook,2,,,made,,tip,25,6
Carlos Arroyo,Daequan Cook,Jamaal Magloire,James Jones,Joel Anthony,Austin Daye,Charlie Villanueva,Chucky Atkins,Jonas Jerebko,Kwame Brown,4,5:21,DET,shot,Chucky Atkins,,,,,,,,,Jonas Jerebko,2,,,made,,jump,21,29
Carlos Arroyo,Daequan Cook,Jamaal Magloire,James Jones,Joel Anthony,Austin Daye,Charlie Villanueva,Chucky Atkins,Jonas Jerebko,Kwame Brown,4,5:06,MIA,turnover,,,,,,,,,,Carlos Arroyo,,,traveling,,,,,
Carlos Arroyo,Daequan Cook,Jamaal Magloire,James Jones,Joel Anthony,Austin Daye,Charlie Villanueva,Chucky Atkins,Jonas Jerebko,Kwame Brown,4,4:52,DET,shot,,,,,,,,,,Austin Daye,,,,missed,,jump,38,7
Carlos Arroyo,Daequan Cook,Jamaal Magloire,James Jones,Joel Anthony,Austin Daye,Charlie Villanueva,Chucky Atkins,Jonas Jerebko,Kwame Brown,4,4:51,MIA,rebound,,,,,,,,,,Jamaal Magloire,,,,,,def,,
Carlos Arroyo,Daequan Cook,Jamaal Magloire,James Jones,Joel Anthony,Austin Daye,Charlie Villanueva,Chucky Atkins,Jonas Jerebko,Kwame Brown,4,4:41,MIA,turnover,,,,,,,,,,Carlos Arroyo,,,bad pass,,Charlie Villanueva,,,
Carlos Arroyo,Daequan Cook,Jamaal Magloire,James Jones,Joel Anthony,Austin Daye,Charlie Villanueva,Chucky Atkins,Jonas Jerebko,Kwame Brown,4,4:37,DET,shot,,,,,,,,,,Charlie Villanueva,2,,,made,,dunk,25,6
Carlos Arroyo,Daequan Cook,Jamaal Magloire,James Jones,Joel Anthony,Austin Daye,Charlie Villanueva,Chucky Atkins,Jonas Jerebko,Kwame Brown,4,4:22,MIA,foul,,,,,,,,Austin Daye,,James Jones,,,,,,offensive,,
Carlos Arroyo,Daequan Cook,Jamaal Magloire,James Jones,Joel Anthony,Austin Daye,Charlie Villanueva,Chucky Atkins,Jonas Jerebko,Kwame Brown,4,4:22,MIA,turnover,,,,,,,,,,James Jones,,,foul,,,,,
Carlos Arroyo,Daequan Cook,Jamaal Magloire,James Jones,Joel Anthony,Austin Daye,Charlie Villanueva,Chucky Atkins,Jonas Jerebko,Kwame Brown,4,4:11,DET,shot,,,,,,,,,,Austin Daye,,,,missed,,jump,7,9
Carlos Arroyo,Daequan Cook,Jamaal Magloire,James Jones,Joel Anthony,Austin Daye,Charlie Villanueva,Chucky Atkins,Jonas Jerebko,Kwame Brown,4,4:10,MIA,rebound,,,,,,,,,,Daequan Cook,,,,,,def,,
Carlos Arroyo,Daequan Cook,Jamaal Magloire,James Jones,Joel Anthony,Austin Daye,Charlie Villanueva,Chucky Atkins,Jonas Jerebko,Kwame Brown,4,3:49,MIA,turnover,,,,,,,,,,Carlos Arroyo,,,lost ball,,Charlie Villanueva,,,
Carlos Arroyo,Daequan Cook,Jamaal Magloire,James Jones,Joel Anthony,Austin Daye,Charlie Villanueva,Chucky Atkins,Jonas Jerebko,Kwame Brown,4,3:44,DET,shot,Chucky Atkins,,,,,,,,,Jonas Jerebko,2,,,made,,dunk,25,6
Carlos Arroyo,Daequan Cook,Jamaal Magloire,James Jones,Joel Anthony,Austin Daye,Charlie Villanueva,Chucky Atkins,Jonas Jerebko,Kwame Brown,4,3:18,MIA,shot,,,,,,,,,,Carlos Arroyo,,,,missed,,jump,7,14
Carlos Arroyo,Daequan Cook,Jamaal Magloire,James Jones,Joel Anthony,Austin Daye,Charlie Villanueva,Chucky Atkins,Jonas Jerebko,Kwame Brown,4,3:17,MIA,rebound,,,,,,,,,,Jamaal Magloire,,,,,,off,,
Carlos Arroyo,Daequan Cook,Jamaal Magloire,James Jones,Joel Anthony,Austin Daye,Charlie Villanueva,Chucky Atkins,Jonas Jerebko,Kwame Brown,4,3:13,MIA,shot,,,Jonas Jerebko,,,,,,,Jamaal Magloire,,,,missed,,layup,25,6
Carlos Arroyo,Daequan Cook,Jamaal Magloire,James Jones,Joel Anthony,Austin Daye,Charlie Villanueva,Chucky Atkins,Jonas Jerebko,Kwame Brown,4,3:11,DET,rebound,,,,,,,,,,Charlie Villanueva,,,,,,def,,
Carlos Arroyo,Daequan Cook,Jamaal Magloire,James Jones,Joel Anthony,Austin Daye,Charlie Villanueva,Chucky Atkins,Jonas Jerebko,Kwame Brown,4,3:08,DET,shot,,,Joel Anthony,,,,,,,Kwame Brown,,,,missed,,layup,25,6
Carlos Arroyo,Daequan Cook,Jamaal Magloire,James Jones,Joel Anthony,Austin Daye,Charlie Villanueva,Chucky Atkins,Jonas Jerebko,Kwame Brown,4,3:05,MIA,rebound,,,,,,,,,,Jamaal Magloire,,,,,,def,,
Carlos Arroyo,Daequan Cook,Jamaal Magloire,James Jones,Joel Anthony,Austin Daye,Charlie Villanueva,Chucky Atkins,Jonas Jerebko,Kwame Brown,4,2:44,MIA,shot,,,,,,,,,,Daequan Cook,3,,,made,,3pt,31,31
Carlos Arroyo,Daequan Cook,Jamaal Magloire,James Jones,Joel Anthony,Austin Daye,Charlie Villanueva,Chucky Atkins,Jonas Jerebko,Kwame Brown,4,2:22,DET,shot,Jonas Jerebko,,,,,,,,,Charlie Villanueva,2,,,made,,jump,7,10
Carlos Arroyo,Daequan Cook,Jamaal Magloire,James Jones,Joel Anthony,Austin Daye,Charlie Villanueva,Chucky Atkins,Jonas Jerebko,Kwame Brown,4,2:02,MIA,shot,,,Austin Daye,,,,,,,Daequan Cook,,,,missed,,jump,22,15
Carlos Arroyo,Daequan Cook,Jamaal Magloire,James Jones,Joel Anthony,Austin Daye,Charlie Villanueva,Chucky Atkins,Jonas Jerebko,Kwame Brown,4,2:00,MIA,rebound,,,,,,,,,,Daequan Cook,,,,,,off,,
Carlos Arroyo,Daequan Cook,Jamaal Magloire,James Jones,Joel Anthony,Austin Daye,Charlie Villanueva,Chucky Atkins,Jonas Jerebko,Kwame Brown,4,2:00,MIA,shot,Daequan Cook,,,,,,,,,James Jones,3,,,made,,3pt,16,31
Carlos Arroyo,Daequan Cook,Jamaal Magloire,James Jones,Joel Anthony,Austin Daye,Charlie Villanueva,Chucky Atkins,Jonas Jerebko,Kwame Brown,4,1:53,MIA,foul,,,,,,,,Jonas Jerebko,,James Jones,,,,,,personal,,
Carlos Arroyo,Daequan Cook,Jamaal Magloire,James Jones,Joel Anthony,Austin Daye,Charlie Villanueva,Chucky Atkins,Jonas Jerebko,Kwame Brown,4,1:53,MIA,timeout,,,,,,,,,,,,,,,,regular,,
Carlos Arroyo,Daequan Cook,Jamaal Magloire,James Jones,Joel Anthony,Austin Daye,Charlie Villanueva,Chucky Atkins,Jonas Jerebko,Kwame Brown,4,1:43,MIA,foul,,,,,,,,Charlie Villanueva,,Joel Anthony,,,,,,shooting,,
Carlos Arroyo,Daequan Cook,Jamaal Magloire,James Jones,Joel Anthony,Austin Daye,Charlie Villanueva,Chucky Atkins,Jonas Jerebko,Kwame Brown,4,1:43,DET,free throw,,,,,,,1,,2,Charlie Villanueva,,,foul,missed,,,,
Carlos Arroyo,Daequan Cook,Jamaal Magloire,James Jones,Joel Anthony,Austin Daye,Charlie Villanueva,Chucky Atkins,Jonas Jerebko,Kwame Brown,4,1:43,DET,rebound,,,,,,,,,,,,,,,,,,
Carlos Arroyo,Daequan Cook,Jamaal Magloire,James Jones,Joel Anthony,Austin Daye,Charlie Villanueva,Chucky Atkins,Jonas Jerebko,Kwame Brown,4,1:43,DET,free throw,,,,,,,2,,2,Charlie Villanueva,,,foul,made,,,,
Carlos Arroyo,Daequan Cook,Jamaal Magloire,James Jones,Joel Anthony,Austin Daye,Charlie Villanueva,Chucky Atkins,Jonas Jerebko,Kwame Brown,4,1:29,MIA,shot,,,,,,,,,,Daequan Cook,,,,missed,,jump,12,20
Carlos Arroyo,Daequan Cook,Jamaal Magloire,James Jones,Joel Anthony,Austin Daye,Charlie Villanueva,Chucky Atkins,Jonas Jerebko,Kwame Brown,4,1:28,MIA,rebound,,,,,,,,,,Carlos Arroyo,,,,,,off,,
Carlos Arroyo,Daequan Cook,Jamaal Magloire,James Jones,Joel Anthony,Austin Daye,Charlie Villanueva,Chucky Atkins,Jonas Jerebko,Kwame Brown,4,1:26,MIA,shot,,,,,,,,,,Carlos Arroyo,2,,,made,,jump,17,19
Carlos Arroyo,Daequan Cook,Jamaal Magloire,James Jones,Joel Anthony,Austin Daye,Charlie Villanueva,Chucky Atkins,Jonas Jerebko,Kwame Brown,4,1:19,DET,shot,,,,,,,,,,Charlie Villanueva,2,,,made,,driving layup,25,6
Carlos Arroyo,Daequan Cook,Jamaal Magloire,James Jones,Joel Anthony,Austin Daye,Charlie Villanueva,Chucky Atkins,Jonas Jerebko,Kwame Brown,4,1:02,DET,foul,,,,,,,,Joel Anthony,,Charlie Villanueva,,,,,,shooting,,
Carlos Arroyo,Daequan Cook,Jamaal Magloire,James Jones,Joel Anthony,Austin Daye,Charlie Villanueva,Chucky Atkins,Jonas Jerebko,Kwame Brown,4,1:02,MIA,free throw,,,,,,,1,,2,Joel Anthony,,,foul,made,,,,
Carlos Arroyo,Daequan Cook,Jamaal Magloire,James Jones,Joel Anthony,Austin Daye,Charlie Villanueva,Chucky Atkins,Jonas Jerebko,Kwame Brown,4,1:02,MIA,free throw,,,,,,,2,,2,Joel Anthony,,,foul,made,,,,
Carlos Arroyo,Daequan Cook,Jamaal Magloire,James Jones,Joel Anthony,Austin Daye,Charlie Villanueva,Chucky Atkins,Jonas Jerebko,Kwame Brown,4,0:46,DET,turnover,,,,,,,,,,Chucky Atkins,,,bad pass,,James Jones,,,
Carlos Arroyo,Daequan Cook,Jamaal Magloire,James Jones,Joel Anthony,Austin Daye,Charlie Villanueva,Chucky Atkins,Jonas Jerebko,Kwame Brown,4,0:36,MIA,turnover,,,,,,,,,,Carlos Arroyo,,,bad pass,,Kwame Brown,,,
Carlos Arroyo,Daequan Cook,Jamaal Magloire,James Jones,Joel Anthony,Austin Daye,Charlie Villanueva,Chucky Atkins,Jonas Jerebko,Kwame Brown,4,0:24,MIA,foul,,,,,,,,Charlie Villanueva,,Joel Anthony,,,,,,shooting,,
Carlos Arroyo,Daequan Cook,Jamaal Magloire,James Jones,Joel Anthony,Austin Daye,Charlie Villanueva,Chucky Atkins,Jonas Jerebko,Kwame Brown,4,0:24,DET,free throw,,,,,,,1,,2,Charlie Villanueva,,,foul,made,,,,
Carlos Arroyo,Daequan Cook,Jamaal Magloire,James Jones,Joel Anthony,Austin Daye,Charlie Villanueva,Chucky Atkins,Jonas Jerebko,Kwame Brown,4,0:24,DET,free throw,,,,,,,2,,2,Charlie Villanueva,,,foul,missed,,,,
Carlos Arroyo,Daequan Cook,Jamaal Magloire,James Jones,Joel Anthony,Austin Daye,Charlie Villanueva,Chucky Atkins,Jonas Jerebko,Kwame Brown,4,0:23,MIA,rebound,,,,,,,,,,Joel Anthony,,,,,,def,,
Carlos Arroyo,Daequan Cook,Jamaal Magloire,James Jones,Joel Anthony,Austin Daye,Charlie Villanueva,Chucky Atkins,Jonas Jerebko,Kwame Brown,4,0:00,MIA,turnover,,,,,,,,,,,,,shot clock turnover,,,,,
