a1,a2,a3,a4,a5,h1,h2,h3,h4,h5,period,time,team,etype,assist,away,block,entered,home,left,num,opponent,outof,player,points,possession,reason,result,steal,type,x,y
Al Harrington,Bill Walker,Danilo Gallinari,David Lee,Tracy McGrady,Amir Johnson,Andrea Bargnani,DeMar DeRozan,Hedo Turkoglu,Jarrett Jack,1,12:00,OFF,jump ball,,David Lee,,,Andrea Bargnani,,,,,,,Amir Johnson,,,,,,
Al Harrington,Bill Walker,Danilo Gallinari,David Lee,Tracy McGrady,Amir Johnson,Andrea Bargnani,DeMar DeRozan,Hedo Turkoglu,Jarrett Jack,1,11:40,TOR,shot,,,,,,,,,,Andrea Bargnani,,,,missed,,turnaround jump,9,6
Al Harrington,Bill Walker,Danilo Gallinari,David Lee,Tracy McGrady,Amir Johnson,Andrea Bargnani,DeMar DeRozan,Hedo Turkoglu,Jarrett Jack,1,11:39,NYK,rebound,,,,,,,,,,Tracy McGrady,,,,,,def,,
Al Harrington,Bill Walker,Danilo Gallinari,David Lee,Tracy McGrady,Amir Johnson,Andrea Bargnani,DeMar DeRozan,Hedo Turkoglu,Jarrett Jack,1,11:24,NYK,shot,,,,,,,,,,Danilo Gallinari,,,,missed,,step back jump,10,24
Al Harrington,Bill Walker,Danilo Gallinari,David Lee,Tracy McGrady,Amir Johnson,Andrea Bargnani,DeMar DeRozan,Hedo Turkoglu,Jarrett Jack,1,11:23,TOR,rebound,,,,,,,,,,Hedo Turkoglu,,,,,,def,,
Al Harrington,Bill Walker,Danilo Gallinari,David Lee,Tracy McGrady,Amir Johnson,Andrea Bargnani,DeMar DeRozan,Hedo Turkoglu,Jarrett Jack,1,11:17,TOR,shot,Hedo Turkoglu,,,,,,,,,DeMar DeRozan,2,,,made,,jump,41,12
Al Harrington,Bill Walker,Danilo Gallinari,David Lee,Tracy McGrady,Amir Johnson,Andrea Bargnani,DeMar DeRozan,Hedo Turkoglu,Jarrett Jack,1,10:56,NYK,shot,Tracy McGrady,,,,,,,,,David Lee,2,,,made,,running dunk,25,6
Al Harrington,Bill Walker,Danilo Gallinari,David Lee,Tracy McGrady,Amir Johnson,Andrea Bargnani,DeMar DeRozan,Hedo Turkoglu,Jarrett Jack,1,10:39,TOR,turnover,,,,,,,,,,Hedo Turkoglu,,,bad pass,,,,,
Al Harrington,Bill Walker,Danilo Gallinari,David Lee,Tracy McGrady,Amir Johnson,Andrea Bargnani,DeMar DeRozan,Hedo Turkoglu,Jarrett Jack,1,10:26,NYK,shot,Al Harrington,,,,,,,,,David Lee,2,,,made,,jump,43,9
Al Harrington,Bill Walker,Danilo Gallinari,David Lee,Tracy McGrady,Amir Johnson,Andrea Bargnani,DeMar DeRozan,Hedo Turkoglu,Jarrett Jack,1,10:10,TOR,turnover,,,,,,,,,,Hedo Turkoglu,,,lost ball,,David Lee,,,
Al Harrington,Bill Walker,Danilo Gallinari,David Lee,Tracy McGrady,Amir Johnson,Andrea Bargnani,DeMar DeRozan,Hedo Turkoglu,Jarrett Jack,1,9:58,NYK,shot,,,,,,,,,,Al Harrington,2,,,made,,driving layup,23,7
Al Harrington,Bill Walker,Danilo Gallinari,David Lee,Tracy McGrady,Amir Johnson,Andrea Bargnani,DeMar DeRozan,Hedo Turkoglu,Jarrett Jack,1,9:38,TOR,shot,,,,,,,,,,Amir Johnson,2,,,made,,jump hook,28,12
Al Harrington,Bill Walker,Danilo Gallinari,David Lee,Tracy McGrady,Amir Johnson,Andrea Bargnani,DeMar DeRozan,Hedo Turkoglu,Jarrett Jack,1,9:19,TOR,foul,,,,,,,,David Lee,,Amir Johnson,,,,,,shooting,,
Al Harrington,Bill Walker,Danilo Gallinari,David Lee,Tracy McGrady,Amir Johnson,Andrea Bargnani,DeMar DeRozan,Hedo Turkoglu,Jarrett Jack,1,9:19,NYK,free throw,,,,,,,1,,2,David Lee,,,foul,made,,,,
Al Harrington,Bill Walker,Danilo Gallinari,David Lee,Tracy McGrady,Amir Johnson,Andrea Bargnani,DeMar DeRozan,Hedo Turkoglu,Jarrett Jack,1,9:19,NYK,free throw,,,,,,,2,,2,David Lee,,,foul,made,,,,
Al Harrington,Bill Walker,Danilo Gallinari,David Lee,Tracy McGrady,Amir Johnson,Andrea Bargnani,DeMar DeRozan,Hedo Turkoglu,Jarrett Jack,1,9:03,TOR,shot,,,,,,,,,,Hedo Turkoglu,,,,missed,,pullup jump,42,12
Al Harrington,Bill Walker,Danilo Gallinari,David Lee,Tracy McGrady,Amir Johnson,Andrea Bargnani,DeMar DeRozan,Hedo Turkoglu,Jarrett Jack,1,9:01,TOR,rebound,,,,,,,,,,Amir Johnson,,,,,,off,,
Al Harrington,Bill Walker,Danilo Gallinari,David Lee,Tracy McGrady,Amir Johnson,Andrea Bargnani,DeMar DeRozan,Hedo Turkoglu,Jarrett Jack,1,9:00,TOR,shot,,,,,,,,,,Amir Johnson,2,,,made,,layup,25,6
Al Harrington,Bill Walker,Danilo Gallinari,David Lee,Tracy McGrady,Amir Johnson,Andrea Bargnani,DeMar DeRozan,Hedo Turkoglu,Jarrett Jack,1,8:50,NYK,turnover,,,,,,,,,,Al Harrington,,,bad pass,,Jarrett Jack,,,
Al Harrington,Bill Walker,Danilo Gallinari,David Lee,Tracy McGrady,Amir Johnson,Andrea Bargnani,DeMar DeRozan,Hedo Turkoglu,Jarrett Jack,1,8:41,TOR,shot,DeMar DeRozan,,,,,,,,,Andrea Bargnani,3,,,made,,3pt,16,30
Al Harrington,Bill Walker,Danilo Gallinari,David Lee,Tracy McGrady,Amir Johnson,Andrea Bargnani,DeMar DeRozan,Hedo Turkoglu,Jarrett Jack,1,8:25,NYK,shot,,,,,,,,,,David Lee,,,,missed,,jump,42,6
Al Harrington,Bill Walker,Danilo Gallinari,David Lee,Tracy McGrady,Amir Johnson,Andrea Bargnani,DeMar DeRozan,Hedo Turkoglu,Jarrett Jack,1,8:24,TOR,rebound,,,,,,,,,,Hedo Turkoglu,,,,,,def,,
Al Harrington,Bill Walker,Danilo Gallinari,David Lee,Tracy McGrady,Amir Johnson,Andrea Bargnani,DeMar DeRozan,Hedo Turkoglu,Jarrett Jack,1,8:17,TOR,turnover,,,,,,,,,,Jarrett Jack,,,bad pass,,,,,
Al Harrington,Bill Walker,Danilo Gallinari,David Lee,Tracy McGrady,Amir Johnson,Andrea Bargnani,DeMar DeRozan,Hedo Turkoglu,Jarrett Jack,1,8:02,NYK,shot,,,,,,,,,,Danilo Gallinari,,,,missed,,3pt,42,23
Al Harrington,Bill Walker,Danilo Gallinari,David Lee,Tracy McGrady,Amir Johnson,Andrea Bargnani,DeMar DeRozan,Hedo Turkoglu,Jarrett Jack,1,8:01,TOR,rebound,,,,,,,,,,Amir Johnson,,,,,,def,,
Al Harrington,Bill Walker,Danilo Gallinari,David Lee,Tracy McGrady,Amir Johnson,Andrea Bargnani,DeMar DeRozan,Hedo Turkoglu,Jarrett Jack,1,7:51,TOR,shot,,,,,,,,,,Hedo Turkoglu,3,,,made,,3pt,14,28
Al Harrington,Bill Walker,Danilo Gallinari,David Lee,Tracy McGrady,Amir Johnson,Andrea Bargnani,DeMar DeRozan,Hedo Turkoglu,Jarrett Jack,1,7:26,NYK,shot,,,,,,,,,,Al Harrington,2,,,made,,driving layup,23,7
Al Harrington,Bill Walker,Danilo Gallinari,David Lee,Tracy McGrady,Amir Johnson,Andrea Bargnani,DeMar DeRozan,Hedo Turkoglu,Jarrett Jack,1,7:06,NYK,foul,,,,,,,,Andrea Bargnani,,Bill Walker,,,,,,shooting,,
Al Harrington,Bill Walker,Danilo Gallinari,David Lee,Tracy McGrady,Amir Johnson,Andrea Bargnani,DeMar DeRozan,Hedo Turkoglu,Jarrett Jack,1,7:06,TOR,free throw,,,,,,,1,,2,Andrea Bargnani,,,foul,missed,,,,
Al Harrington,Bill Walker,Danilo Gallinari,David Lee,Tracy McGrady,Amir Johnson,Andrea Bargnani,DeMar DeRozan,Hedo Turkoglu,Jarrett Jack,1,7:06,TOR,rebound,,,,,,,,,,,,,,,,,,
Al Harrington,Bill Walker,Danilo Gallinari,David Lee,Tracy McGrady,Amir Johnson,Andrea Bargnani,DeMar DeRozan,Hedo Turkoglu,Jarrett Jack,1,7:06,TOR,free throw,,,,,,,2,,2,Andrea Bargnani,,,foul,missed,,,,
Al Harrington,Bill Walker,Danilo Gallinari,David Lee,Tracy McGrady,Amir Johnson,Andrea Bargnani,DeMar DeRozan,Hedo Turkoglu,Jarrett Jack,1,7:05,NYK,rebound,,,,,,,,,,David Lee,,,,,,def,,
Al Harrington,Bill Walker,Danilo Gallinari,David Lee,Tracy McGrady,Amir Johnson,Andrea Bargnani,DeMar DeRozan,Hedo Turkoglu,Jarrett Jack,1,6:47,NYK,shot,,,,,,,,,,Tracy McGrady,,,,missed,,running jump,30,9
Al Harrington,Bill Walker,Danilo Gallinari,David Lee,Tracy McGrady,Amir Johnson,Andrea Bargnani,DeMar DeRozan,Hedo Turkoglu,Jarrett Jack,1,6:46,NYK,rebound,,,,,,,,,,David Lee,,,,,,off,,
Al Harrington,Bill Walker,Danilo Gallinari,David Lee,Tracy McGrady,Amir Johnson,Andrea Bargnani,DeMar DeRozan,Hedo Turkoglu,Jarrett Jack,1,6:44,NYK,shot,,,,,,,,,,David Lee,2,,,made,,tip,25,6
Al Harrington,Bill Walker,Danilo Gallinari,David Lee,Tracy McGrady,Amir Johnson,Andrea Bargnani,DeMar DeRozan,Hedo Turkoglu,Jarrett Jack,1,6:34,TOR,shot,,,,,,,,,,Jarrett Jack,2,,,made,,driving finger roll layup,26,7
Al Harrington,Bill Walker,Danilo Gallinari,David Lee,Tracy McGrady,Amir Johnson,Andrea Bargnani,DeMar DeRozan,Hedo Turkoglu,Jarrett Jack,1,6:19,NYK,shot,Bill Walker,,,,,,,,,Al Harrington,3,,,made,,3pt,36,28
Al Harrington,Bill Walker,Danilo Gallinari,David Lee,Tracy McGrady,Amir Johnson,Andrea Bargnani,DeMar DeRozan,Hedo Turkoglu,Jarrett Jack,1,6:07,NYK,foul,,,,,,,,Andrea Bargnani,,Al Harrington,,,,,,personal,,
Al Harrington,Bill Walker,Danilo Gallinari,David Lee,Tracy McGrady,Amir Johnson,Andrea Bargnani,DeMar DeRozan,Hedo Turkoglu,Jarrett Jack,1,5:58,TOR,shot,,,,,,,,,,Jarrett Jack,,,,missed,,turnaround jump,25,11
Al Harrington,Bill Walker,Danilo Gallinari,David Lee,Tracy McGrady,Amir Johnson,Andrea Bargnani,DeMar DeRozan,Hedo Turkoglu,Jarrett Jack,1,5:57,TOR,rebound,,,,,,,,,,Amir Johnson,,,,,,off,,
Al Harrington,Bill Walker,Danilo Gallinari,David Lee,Tracy McGrady,Amir Johnson,Andrea Bargnani,DeMar DeRozan,Hedo Turkoglu,Jarrett Jack,1,5:52,TOR,shot,,,,,,,,,,Andrea Bargnani,,,,missed,,jump,25,29
Al Harrington,Bill Walker,Danilo Gallinari,David Lee,Tracy McGrady,Amir Johnson,Andrea Bargnani,DeMar DeRozan,Hedo Turkoglu,Jarrett Jack,1,5:51,NYK,rebound,,,,,,,,,,Danilo Gallinari,,,,,,def,,
Al Harrington,Bill Walker,Danilo Gallinari,David Lee,Tracy McGrady,Amir Johnson,Andrea Bargnani,DeMar DeRozan,Hedo Turkoglu,Jarrett Jack,1,5:40,NYK,turnover,,,,,,,,,,David Lee,,,bad pass,,DeMar DeRozan,,,
Al Harrington,Bill Walker,Danilo Gallinari,David Lee,Tracy McGrady,Amir Johnson,Andrea Bargnani,DeMar DeRozan,Hedo Turkoglu,Jarrett Jack,1,5:36,TOR,shot,DeMar DeRozan,,,,,,,,,Amir Johnson,2,,,made,,running slam dunk,25,6
Al Harrington,Bill Walker,Danilo Gallinari,David Lee,Tracy McGrady,Amir Johnson,Andrea Bargnani,DeMar DeRozan,Hedo Turkoglu,Jarrett Jack,1,5:18,NYK,shot,,,,,,,,,,David Lee,2,,,made,,driving hook,21,8
Al Harrington,Bill Walker,Danilo Gallinari,David Lee,Tracy McGrady,Amir Johnson,Andrea Bargnani,DeMar DeRozan,Hedo Turkoglu,Jarrett Jack,1,5:02,NYK,foul,,,,,,,,Andrea Bargnani,,Al Harrington,,,,,,personal,,
Al Harrington,Bill Walker,Danilo Gallinari,David Lee,Tracy McGrady,Amir Johnson,Andrea Bargnani,DeMar DeRozan,Hedo Turkoglu,Jarrett Jack,1,5:02,TOR,timeout,,,,,,,,,,,,,,,,regular,,
Bill Walker,Danilo Gallinari,David Lee,Tracy McGrady,Wilson Chandler,Amir Johnson,Andrea Bargnani,DeMar DeRozan,Hedo Turkoglu,Jarrett Jack,1,5:02,NYK,sub,,,,Wilson Chandler,,Al Harrington,,,,,,,,,,,,
Bill Walker,Danilo Gallinari,David Lee,Tracy McGrady,Wilson Chandler,Amir Johnson,Andrea Bargnani,DeMar DeRozan,Hedo Turkoglu,Jarrett Jack,1,4:49,TOR,shot,,,,,,,,,,Andrea Bargnani,,,,missed,,driving hook,25,6
Bill Walker,Danilo Gallinari,David Lee,Tracy McGrady,Wilson Chandler,Amir Johnson,Andrea Bargnani,DeMar DeRozan,Hedo Turkoglu,Jarrett Jack,1,4:48,NYK,rebound,,,,,,,,,,David Lee,,,,,,def,,
Bill Walker,Danilo Gallinari,David Lee,Tracy McGrady,Wilson Chandler,Amir Johnson,Andrea Bargnani,DeMar DeRozan,Hedo Turkoglu,Jarrett Jack,1,4:31,NYK,shot,,,,,,,,,,David Lee,,,,missed,,running layup,25,6
Bill Walker,Danilo Gallinari,David Lee,Tracy McGrady,Wilson Chandler,Amir Johnson,Andrea Bargnani,DeMar DeRozan,Hedo Turkoglu,Jarrett Jack,1,4:30,NYK,rebound,,,,,,,,,,David Lee,,,,,,off,,
Bill Walker,Danilo Gallinari,David Lee,Tracy McGrady,Wilson Chandler,Amir Johnson,Andrea Bargnani,DeMar DeRozan,Hedo Turkoglu,Jarrett Jack,1,4:28,NYK,shot,,,Hedo Turkoglu,,,,,,,David Lee,,,,missed,,tip,25,6
Bill Walker,Danilo Gallinari,David Lee,Tracy McGrady,Wilson Chandler,Amir Johnson,Andrea Bargnani,DeMar DeRozan,Hedo Turkoglu,Jarrett Jack,1,4:25,TOR,rebound,,,,,,,,,,Jarrett Jack,,,,,,def,,
Bill Walker,Danilo Gallinari,David Lee,Tracy McGrady,Wilson Chandler,Amir Johnson,Andrea Bargnani,DeMar DeRozan,Hedo Turkoglu,Jarrett Jack,1,4:22,TOR,shot,,,,,,,,,,Hedo Turkoglu,,,,missed,,3pt,24,31
Bill Walker,Danilo Gallinari,David Lee,Tracy McGrady,Wilson Chandler,Amir Johnson,Andrea Bargnani,DeMar DeRozan,Hedo Turkoglu,Jarrett Jack,1,4:22,NYK,rebound,,,,,,,,,,,,,,,,,,
Bill Walker,Danilo Gallinari,David Lee,Tracy McGrady,Wilson Chandler,Amir Johnson,Andrea Bargnani,DeMar DeRozan,Hedo Turkoglu,Jarrett Jack,1,4:07,NYK,shot,,,,,,,,,,Bill Walker,,,,missed,,running dunk,25,7
Bill Walker,Danilo Gallinari,David Lee,Tracy McGrady,Wilson Chandler,Amir Johnson,Andrea Bargnani,DeMar DeRozan,Hedo Turkoglu,Jarrett Jack,1,4:05,TOR,rebound,,,,,,,,,,Hedo Turkoglu,,,,,,def,,
Bill Walker,Danilo Gallinari,David Lee,Tracy McGrady,Wilson Chandler,Amir Johnson,Andrea Bargnani,DeMar DeRozan,Hedo Turkoglu,Jarrett Jack,1,4:00,TOR,shot,Hedo Turkoglu,,,,,,,,,DeMar DeRozan,2,,,made,,layup,25,6
Bill Walker,Danilo Gallinari,David Lee,Tracy McGrady,Wilson Chandler,Amir Johnson,Andrea Bargnani,DeMar DeRozan,Hedo Turkoglu,Jarrett Jack,1,3:42,NYK,shot,,,,,,,,,,Tracy McGrady,2,,,made,,turnaround jump,30,18
Bill Walker,Danilo Gallinari,David Lee,Tracy McGrady,Wilson Chandler,Amir Johnson,Andrea Bargnani,DeMar DeRozan,Hedo Turkoglu,Jarrett Jack,1,3:32,TOR,shot,,,,,,,,,,Jarrett Jack,2,,,made,,driving layup,27,6
Bill Walker,Danilo Gallinari,David Lee,Tracy McGrady,Wilson Chandler,Amir Johnson,Andrea Bargnani,DeMar DeRozan,Hedo Turkoglu,Jarrett Jack,1,3:17,NYK,turnover,,,,,,,,,,David Lee,,,bad pass,,Jarrett Jack,,,
Bill Walker,Danilo Gallinari,David Lee,Tracy McGrady,Wilson Chandler,Amir Johnson,Andrea Bargnani,DeMar DeRozan,Hedo Turkoglu,Jarrett Jack,1,3:10,TOR,shot,,,,,,,,,,Amir Johnson,,,,missed,,floating jump,29,8
Bill Walker,Danilo Gallinari,David Lee,Tracy McGrady,Wilson Chandler,Amir Johnson,Andrea Bargnani,DeMar DeRozan,Hedo Turkoglu,Jarrett Jack,1,3:09,NYK,rebound,,,,,,,,,,David Lee,,,,,,def,,
Bill Walker,Danilo Gallinari,David Lee,Tracy McGrady,Wilson Chandler,Amir Johnson,Andrea Bargnani,DeMar DeRozan,Hedo Turkoglu,Jarrett Jack,1,3:04,TOR,foul,,,,,,,,Tracy McGrady,,Hedo Turkoglu,,,,,,shooting,,
Danilo Gallinari,David Lee,Sergio Rodriguez,Tracy McGrady,Wilson Chandler,Amir Johnson,Andrea Bargnani,DeMar DeRozan,Hedo Turkoglu,Jarrett Jack,1,3:04,NYK,sub,,,,Sergio Rodriguez,,Bill Walker,,,,,,,,,,,,
Danilo Gallinari,David Lee,Sergio Rodriguez,Tracy McGrady,Wilson Chandler,Amir Johnson,Andrea Bargnani,DeMar DeRozan,Hedo Turkoglu,Jarrett Jack,1,3:04,NYK,free throw,,,,,,,1,,2,Tracy McGrady,,,foul,missed,,,,
Danilo Gallinari,David Lee,Sergio Rodriguez,Tracy McGrady,Wilson Chandler,Amir Johnson,Andrea Bargnani,DeMar DeRozan,Hedo Turkoglu,Jarrett Jack,1,3:04,NYK,rebound,,,,,,,,,,,,,,,,,,
Danilo Gallinari,David Lee,Sergio Rodriguez,Tracy McGrady,Wilson Chandler,Amir Johnson,Andrea Bargnani,DeMar DeRozan,Hedo Turkoglu,Jose Calderon,1,3:04,TOR,sub,,,,Jose Calderon,,Jarrett Jack,,,,,,,,,,,,
Danilo Gallinari,David Lee,Sergio Rodriguez,Tracy McGrady,Wilson Chandler,Amir Johnson,Andrea Bargnani,Antoine Wright,DeMar DeRozan,Jose Calderon,1,3:04,TOR,sub,,,,Antoine Wright,,Hedo Turkoglu,,,,,,,,,,,,
Danilo Gallinari,David Lee,Sergio Rodriguez,Tracy McGrady,Wilson Chandler,Amir Johnson,Andrea Bargnani,Antoine Wright,DeMar DeRozan,Jose Calderon,1,3:04,NYK,free throw,,,,,,,2,,2,Tracy McGrady,,,foul,made,,,,
Danilo Gallinari,David Lee,Sergio Rodriguez,Tracy McGrady,Wilson Chandler,Amir Johnson,Andrea Bargnani,Antoine Wright,DeMar DeRozan,Jose Calderon,1,2:46,TOR,shot,Jose Calderon,,,,,,,,,Amir Johnson,2,,,made,,dunk,24,7
Danilo Gallinari,David Lee,Sergio Rodriguez,Tracy McGrady,Wilson Chandler,Amir Johnson,Andrea Bargnani,Antoine Wright,DeMar DeRozan,Jose Calderon,1,2:31,NYK,shot,,,,,,,,,,Sergio Rodriguez,2,,,made,,running jump,22,11
Danilo Gallinari,David Lee,Sergio Rodriguez,Tracy McGrady,Wilson Chandler,Amir Johnson,Andrea Bargnani,Antoine Wright,DeMar DeRozan,Jose Calderon,1,2:18,TOR,shot,,,,,,,,,,Andrea Bargnani,,,,missed,,turnaround hook,23,8
Danilo Gallinari,David Lee,Sergio Rodriguez,Tracy McGrady,Wilson Chandler,Amir Johnson,Andrea Bargnani,Antoine Wright,DeMar DeRozan,Jose Calderon,1,2:17,NYK,rebound,,,,,,,,,,David Lee,,,,,,def,,
Danilo Gallinari,David Lee,Sergio Rodriguez,Tracy McGrady,Wilson Chandler,Amir Johnson,Andrea Bargnani,Antoine Wright,DeMar DeRozan,Jose Calderon,1,2:11,NYK,foul,,,,,,,,DeMar DeRozan,,Tracy McGrady,,,,,,offensive,,
Danilo Gallinari,David Lee,Sergio Rodriguez,Tracy McGrady,Wilson Chandler,Amir Johnson,Andrea Bargnani,Antoine Wright,DeMar DeRozan,Jose Calderon,1,2:11,NYK,turnover,,,,,,,,,,Tracy McGrady,,,foul,,,,,
Danilo Gallinari,David Lee,Sergio Rodriguez,Tracy McGrady,Wilson Chandler,Amir Johnson,Andrea Bargnani,Antoine Wright,DeMar DeRozan,Jose Calderon,1,2:11,NYK,timeout,,,,,,,,,,,,,,,,regular,,
Danilo Gallinari,David Lee,Eddie House,Sergio Rodriguez,Wilson Chandler,Amir Johnson,Andrea Bargnani,Antoine Wright,DeMar DeRozan,Jose Calderon,1,2:11,NYK,sub,,,,Eddie House,,Tracy McGrady,,,,,,,,,,,,
Danilo Gallinari,David Lee,Eddie House,Sergio Rodriguez,Wilson Chandler,Amir Johnson,Andrea Bargnani,Antoine Wright,DeMar DeRozan,Jose Calderon,1,2:00,TOR,shot,Jose Calderon,,,,,,,,,Antoine Wright,3,,,made,,3pt,45,21
Danilo Gallinari,David Lee,Eddie House,Sergio Rodriguez,Wilson Chandler,Amir Johnson,Andrea Bargnani,Antoine Wright,DeMar DeRozan,Jose Calderon,1,1:43,NYK,shot,,,,,,,,,,Eddie House,,,,missed,,pullup jump,42,8
Danilo Gallinari,David Lee,Eddie House,Sergio Rodriguez,Wilson Chandler,Amir Johnson,Andrea Bargnani,Antoine Wright,DeMar DeRozan,Jose Calderon,1,1:42,TOR,rebound,,,,,,,,,,Andrea Bargnani,,,,,,def,,
Danilo Gallinari,David Lee,Eddie House,Sergio Rodriguez,Wilson Chandler,Amir Johnson,Andrea Bargnani,Antoine Wright,DeMar DeRozan,Jose Calderon,1,1:35,TOR,shot,,,,,,,,,,Antoine Wright,2,,,made,,driving layup,23,7
Danilo Gallinari,David Lee,Eddie House,Sergio Rodriguez,Wilson Chandler,Amir Johnson,Andrea Bargnani,Antoine Wright,DeMar DeRozan,Jose Calderon,1,1:18,NYK,shot,,,Antoine Wright,,,,,,,Danilo Gallinari,,,,missed,,layup,27,6
Danilo Gallinari,David Lee,Eddie House,Sergio Rodriguez,Wilson Chandler,Amir Johnson,Andrea Bargnani,Antoine Wright,DeMar DeRozan,Jose Calderon,1,1:16,NYK,rebound,,,,,,,,,,,,,,,,,,
Danilo Gallinari,David Lee,Eddie House,Sergio Rodriguez,Wilson Chandler,Amir Johnson,Andrea Bargnani,Antoine Wright,Jose Calderon,Sonny Weems,1,1:16,TOR,sub,,,,Sonny Weems,,DeMar DeRozan,,,,,,,,,,,,
Danilo Gallinari,David Lee,Eddie House,Sergio Rodriguez,Wilson Chandler,Andrea Bargnani,Antoine Wright,Jose Calderon,Reggie Evans,Sonny Weems,1,1:16,TOR,sub,,,,Reggie Evans,,Amir Johnson,,,,,,,,,,,,
Danilo Gallinari,David Lee,Eddie House,Sergio Rodriguez,Wilson Chandler,Andrea Bargnani,Antoine Wright,Jose Calderon,Reggie Evans,Sonny Weems,1,1:04,TOR,foul,,,,,,,,David Lee,,Antoine Wright,,,,,,shooting,,
Danilo Gallinari,David Lee,Eddie House,Sergio Rodriguez,Wilson Chandler,Andrea Bargnani,Antoine Wright,Jose Calderon,Reggie Evans,Sonny Weems,1,1:04,NYK,free throw,,,,,,,1,,2,David Lee,,,foul,made,,,,
Danilo Gallinari,David Lee,Eddie House,Sergio Rodriguez,Wilson Chandler,Andrea Bargnani,Antoine Wright,Jose Calderon,Reggie Evans,Sonny Weems,1,1:04,NYK,free throw,,,,,,,2,,2,David Lee,,,foul,made,,,,
Danilo Gallinari,David Lee,Eddie House,Sergio Rodriguez,Wilson Chandler,Andrea Bargnani,Antoine Wright,Jose Calderon,Reggie Evans,Sonny Weems,1,0:40,TOR,shot,,,,,,,,,,Antoine Wright,2,,,made,,running bank,21,7
Danilo Gallinari,David Lee,Eddie House,Sergio Rodriguez,Wilson Chandler,Andrea Bargnani,Antoine Wright,Jose Calderon,Reggie Evans,Sonny Weems,1,0:16,NYK,shot,,,,,,,,,,Danilo Gallinari,,,,missed,,pullup jump,21,16
Danilo Gallinari,David Lee,Eddie House,Sergio Rodriguez,Wilson Chandler,Andrea Bargnani,Antoine Wright,Jose Calderon,Reggie Evans,Sonny Weems,1,0:14,TOR,rebound,,,,,,,,,,Andrea Bargnani,,,,,,def,,
Danilo Gallinari,David Lee,Eddie House,Sergio Rodriguez,Wilson Chandler,Andrea Bargnani,Antoine Wright,Jose Calderon,Reggie Evans,Sonny Weems,1,0:02,NYK,foul,,,,,,,,Sonny Weems,,Danilo Gallinari,,,,,,shooting,,
Danilo Gallinari,David Lee,Eddie House,Sergio Rodriguez,Wilson Chandler,Andrea Bargnani,Antoine Wright,Jose Calderon,Reggie Evans,Sonny Weems,1,0:02,TOR,free throw,,,,,,,1,,2,Sonny Weems,,,foul,made,,,,
Danilo Gallinari,David Lee,Eddie House,Sergio Rodriguez,Wilson Chandler,Antoine Wright,Jose Calderon,Rasho Nesterovic,Reggie Evans,Sonny Weems,1,0:02,TOR,sub,,,,Rasho Nesterovic,,Andrea Bargnani,,,,,,,,,,,,
Danilo Gallinari,David Lee,Eddie House,Sergio Rodriguez,Wilson Chandler,Antoine Wright,Jose Calderon,Rasho Nesterovic,Reggie Evans,Sonny Weems,1,0:02,TOR,free throw,,,,,,,2,,2,Sonny Weems,,,foul,made,,,,
Al Harrington,Bill Walker,Eddie House,Sergio Rodriguez,Wilson Chandler,Antoine Wright,Hedo Turkoglu,Jose Calderon,Reggie Evans,Sonny Weems,2,11:37,NYK,shot,,,,,,,,,,Sergio Rodriguez,2,,,made,,driving layup,23,7
Al Harrington,Bill Walker,Eddie House,Sergio Rodriguez,Wilson Chandler,Antoine Wright,Hedo Turkoglu,Jose Calderon,Reggie Evans,Sonny Weems,2,11:22,TOR,shot,,,,,,,,,,Jose Calderon,2,,,made,,driving layup,23,6
Al Harrington,Bill Walker,Eddie House,Sergio Rodriguez,Wilson Chandler,Antoine Wright,Hedo Turkoglu,Jose Calderon,Reggie Evans,Sonny Weems,2,11:16,NYK,shot,,,,,,,,,,Sergio Rodriguez,2,,,made,,layup,22,6
Al Harrington,Bill Walker,Eddie House,Sergio Rodriguez,Wilson Chandler,Antoine Wright,Hedo Turkoglu,Jose Calderon,Reggie Evans,Sonny Weems,2,10:58,TOR,turnover,,,,,,,,,,Antoine Wright,,,traveling,,,,,
Al Harrington,Bill Walker,Eddie House,Sergio Rodriguez,Wilson Chandler,Antoine Wright,Hedo Turkoglu,Jose Calderon,Reggie Evans,Sonny Weems,2,10:46,NYK,shot,Sergio Rodriguez,,,,,,,,,Bill Walker,2,,,made,,slam dunk,25,6
Al Harrington,Bill Walker,Eddie House,Sergio Rodriguez,Wilson Chandler,Antoine Wright,Hedo Turkoglu,Jose Calderon,Reggie Evans,Sonny Weems,2,10:30,TOR,shot,,,,,,,,,,Sonny Weems,,,,missed,,jump,16,26
Al Harrington,Bill Walker,Eddie House,Sergio Rodriguez,Wilson Chandler,Antoine Wright,Hedo Turkoglu,Jose Calderon,Reggie Evans,Sonny Weems,2,10:28,NYK,rebound,,,,,,,,,,Wilson Chandler,,,,,,def,,
Al Harrington,Bill Walker,Eddie House,Sergio Rodriguez,Wilson Chandler,Antoine Wright,Hedo Turkoglu,Jose Calderon,Reggie Evans,Sonny Weems,2,10:20,NYK,shot,Sergio Rodriguez,,,,,,,,,Al Harrington,3,,,made,,3pt,40,26
Al Harrington,Bill Walker,Eddie House,Sergio Rodriguez,Wilson Chandler,Antoine Wright,Hedo Turkoglu,Jose Calderon,Reggie Evans,Sonny Weems,2,10:11,TOR,timeout,,,,,,,,,,,,,,,,regular,,
Al Harrington,Bill Walker,Eddie House,Sergio Rodriguez,Wilson Chandler,Antoine Wright,Hedo Turkoglu,Jose Calderon,Reggie Evans,Sonny Weems,2,10:11,TOR,foul,,,,,,,,,,Antoine Wright,,,,,,technical,,
Al Harrington,Bill Walker,Eddie House,Sergio Rodriguez,Wilson Chandler,Antoine Wright,Hedo Turkoglu,Jose Calderon,Reggie Evans,Sonny Weems,2,10:11,NYK,free throw,,,,,,,1,,1,Eddie House,,,technical,made,,,,
Al Harrington,Bill Walker,Eddie House,Sergio Rodriguez,Wilson Chandler,Antoine Wright,Hedo Turkoglu,Jose Calderon,Reggie Evans,Sonny Weems,2,9:59,TOR,shot,,,,,,,,,,Sonny Weems,,,,missed,,jump,29,19
Al Harrington,Bill Walker,Eddie House,Sergio Rodriguez,Wilson Chandler,Antoine Wright,Hedo Turkoglu,Jose Calderon,Reggie Evans,Sonny Weems,2,9:58,TOR,rebound,,,,,,,,,,Sonny Weems,,,,,,off,,
Al Harrington,Bill Walker,Eddie House,Sergio Rodriguez,Wilson Chandler,Antoine Wright,Hedo Turkoglu,Jose Calderon,Reggie Evans,Sonny Weems,2,9:57,TOR,shot,,,,,,,,,,Sonny Weems,2,,,made,,jump,25,8
Al Harrington,Bill Walker,Eddie House,Sergio Rodriguez,Wilson Chandler,Antoine Wright,Hedo Turkoglu,Jose Calderon,Reggie Evans,Sonny Weems,2,9:42,NYK,shot,,,,,,,,,,Al Harrington,,,,missed,,3pt,4,21
Al Harrington,Bill Walker,Eddie House,Sergio Rodriguez,Wilson Chandler,Antoine Wright,Hedo Turkoglu,Jose Calderon,Reggie Evans,Sonny Weems,2,9:41,TOR,rebound,,,,,,,,,,Hedo Turkoglu,,,,,,def,,
Al Harrington,Bill Walker,Eddie House,Sergio Rodriguez,Wilson Chandler,Antoine Wright,Hedo Turkoglu,Jose Calderon,Reggie Evans,Sonny Weems,2,9:33,TOR,shot,,,,,,,,,,Sonny Weems,2,,,made,,running hook,19,11
Al Harrington,Bill Walker,Eddie House,Sergio Rodriguez,Wilson Chandler,Antoine Wright,Hedo Turkoglu,Jose Calderon,Reggie Evans,Sonny Weems,2,9:24,NYK,shot,,,,,,,,,,Sergio Rodriguez,2,,,made,,driving layup,25,6
Al Harrington,Bill Walker,Eddie House,Sergio Rodriguez,Wilson Chandler,Antoine Wright,Hedo Turkoglu,Jose Calderon,Reggie Evans,Sonny Weems,2,9:09,TOR,shot,,,,,,,,,,Jose Calderon,2,,,made,,pullup jump,30,23
Al Harrington,Bill Walker,Eddie House,Sergio Rodriguez,Wilson Chandler,Antoine Wright,Hedo Turkoglu,Jose Calderon,Reggie Evans,Sonny Weems,2,9:09,NYK,foul,,,,,,,,Reggie Evans,,Sergio Rodriguez,,,,,,away from play,,
Al Harrington,Bill Walker,Eddie House,Sergio Rodriguez,Wilson Chandler,Andrea Bargnani,Antoine Wright,Jose Calderon,Reggie Evans,Sonny Weems,2,9:09,TOR,sub,,,,Andrea Bargnani,,Hedo Turkoglu,,,,,,,,,,,,
Al Harrington,Bill Walker,Eddie House,Sergio Rodriguez,Wilson Chandler,Andrea Bargnani,Antoine Wright,Jose Calderon,Reggie Evans,Sonny Weems,2,9:09,TOR,free throw,,,,,,,1,,1,Reggie Evans,,,foul,missed,,,,
Al Harrington,Bill Walker,Eddie House,Sergio Rodriguez,Wilson Chandler,Andrea Bargnani,Antoine Wright,Jose Calderon,Reggie Evans,Sonny Weems,2,9:09,NYK,rebound,,,,,,,,,,Bill Walker,,,,,,def,,
Al Harrington,Bill Walker,Eddie House,Sergio Rodriguez,Wilson Chandler,Andrea Bargnani,Antoine Wright,Jose Calderon,Reggie Evans,Sonny Weems,2,9:00,NYK,shot,,,,,,,,,,Eddie House,,,,missed,,3pt,8,24
Al Harrington,Bill Walker,Eddie House,Sergio Rodriguez,Wilson Chandler,Andrea Bargnani,Antoine Wright,Jose Calderon,Reggie Evans,Sonny Weems,2,8:59,TOR,rebound,,,,,,,,,,Sonny Weems,,,,,,def,,
Al Harrington,Bill Walker,Eddie House,Sergio Rodriguez,Wilson Chandler,Andrea Bargnani,Antoine Wright,Jose Calderon,Reggie Evans,Sonny Weems,2,8:51,TOR,shot,,,,,,,,,,Reggie Evans,,,,missed,,hook,28,9
Al Harrington,Bill Walker,Eddie House,Sergio Rodriguez,Wilson Chandler,Andrea Bargnani,Antoine Wright,Jose Calderon,Reggie Evans,Sonny Weems,2,8:49,NYK,rebound,,,,,,,,,,Al Harrington,,,,,,def,,
Al Harrington,Bill Walker,Eddie House,Sergio Rodriguez,Wilson Chandler,Andrea Bargnani,Antoine Wright,Jose Calderon,Reggie Evans,Sonny Weems,2,8:45,NYK,shot,Sergio Rodriguez,,,,,,,,,Wilson Chandler,2,,,made,,layup,24,7
Al Harrington,Bill Walker,Eddie House,Sergio Rodriguez,Wilson Chandler,Andrea Bargnani,Antoine Wright,Jose Calderon,Reggie Evans,Sonny Weems,2,8:27,TOR,shot,Jose Calderon,,,,,,,,,Sonny Weems,2,,,made,,alley oop dunk,24,7
Al Harrington,Bill Walker,Eddie House,Sergio Rodriguez,Wilson Chandler,Andrea Bargnani,Antoine Wright,Jose Calderon,Reggie Evans,Sonny Weems,2,8:11,NYK,foul,,,,,,,,Sonny Weems,,Bill Walker,,,,,,offensive,,
Al Harrington,Bill Walker,Eddie House,Sergio Rodriguez,Wilson Chandler,Andrea Bargnani,Antoine Wright,Jose Calderon,Reggie Evans,Sonny Weems,2,8:11,NYK,turnover,,,,,,,,,,Bill Walker,,,foul,,,,,
Al Harrington,Bill Walker,Eddie House,Sergio Rodriguez,Wilson Chandler,Amir Johnson,Andrea Bargnani,Antoine Wright,Jose Calderon,Sonny Weems,2,8:11,TOR,sub,,,,Amir Johnson,,Reggie Evans,,,,,,,,,,,,
Al Harrington,Bill Walker,Eddie House,Sergio Rodriguez,Wilson Chandler,Amir Johnson,Andrea Bargnani,Antoine Wright,Jose Calderon,Sonny Weems,2,8:02,NYK,foul,,,,,,,,Amir Johnson,,Al Harrington,,,,,,personal,,
Bill Walker,David Lee,Eddie House,Sergio Rodriguez,Wilson Chandler,Amir Johnson,Andrea Bargnani,Antoine Wright,Jose Calderon,Sonny Weems,2,8:02,NYK,sub,,,,David Lee,,Al Harrington,,,,,,,,,,,,
Bill Walker,David Lee,Eddie House,Sergio Rodriguez,Wilson Chandler,Amir Johnson,Andrea Bargnani,Antoine Wright,Jose Calderon,Sonny Weems,2,7:58,TOR,shot,,,,,,,,,,Jose Calderon,2,,,made,,pullup jump,14,24
Bill Walker,David Lee,Eddie House,Sergio Rodriguez,Wilson Chandler,Amir Johnson,Andrea Bargnani,Antoine Wright,Jose Calderon,Sonny Weems,2,7:41,NYK,shot,,,,,,,,,,Bill Walker,,,,missed,,jump,43,20
Bill Walker,David Lee,Eddie House,Sergio Rodriguez,Wilson Chandler,Amir Johnson,Andrea Bargnani,Antoine Wright,Jose Calderon,Sonny Weems,2,7:40,TOR,rebound,,,,,,,,,,Sonny Weems,,,,,,def,,
Bill Walker,David Lee,Eddie House,Sergio Rodriguez,Wilson Chandler,Amir Johnson,Andrea Bargnani,Antoine Wright,Jose Calderon,Sonny Weems,2,7:27,TOR,shot,,,,,,,,,,Jose Calderon,,,,missed,,running jump,29,12
Bill Walker,David Lee,Eddie House,Sergio Rodriguez,Wilson Chandler,Amir Johnson,Andrea Bargnani,Antoine Wright,Jose Calderon,Sonny Weems,2,7:26,NYK,rebound,,,,,,,,,,Bill Walker,,,,,,def,,
Bill Walker,David Lee,Eddie House,Sergio Rodriguez,Wilson Chandler,Amir Johnson,Andrea Bargnani,Antoine Wright,Jose Calderon,Sonny Weems,2,7:13,NYK,shot,,,,,,,,,,Wilson Chandler,,,,missed,,3pt,7,24
Bill Walker,David Lee,Eddie House,Sergio Rodriguez,Wilson Chandler,Amir Johnson,Andrea Bargnani,Antoine Wright,Jose Calderon,Sonny Weems,2,7:13,TOR,rebound,,,,,,,,,,Sonny Weems,,,,,,def,,
Bill Walker,David Lee,Eddie House,Sergio Rodriguez,Wilson Chandler,Amir Johnson,Andrea Bargnani,Antoine Wright,Jose Calderon,Sonny Weems,2,7:06,TOR,shot,,,,,,,,,,Amir Johnson,,,,missed,,jump hook,23,11
Bill Walker,David Lee,Eddie House,Sergio Rodriguez,Wilson Chandler,Amir Johnson,Andrea Bargnani,Antoine Wright,Jose Calderon,Sonny Weems,2,7:05,TOR,rebound,,,,,,,,,,Antoine Wright,,,,,,off,,
Bill Walker,David Lee,Eddie House,Sergio Rodriguez,Wilson Chandler,Amir Johnson,Andrea Bargnani,Antoine Wright,Jose Calderon,Sonny Weems,2,7:03,TOR,shot,,,,,,,,,,Antoine Wright,,,,missed,,tip,25,6
Bill Walker,David Lee,Eddie House,Sergio Rodriguez,Wilson Chandler,Amir Johnson,Andrea Bargnani,Antoine Wright,Jose Calderon,Sonny Weems,2,7:03,TOR,rebound,,,,,,,,,,Amir Johnson,,,,,,off,,
Bill Walker,David Lee,Eddie House,Sergio Rodriguez,Wilson Chandler,Amir Johnson,Andrea Bargnani,Antoine Wright,Jose Calderon,Sonny Weems,2,7:00,TOR,shot,,,,,,,,,,Amir Johnson,,,,missed,,tip,25,6
Bill Walker,David Lee,Eddie House,Sergio Rodriguez,Wilson Chandler,Amir Johnson,Andrea Bargnani,Antoine Wright,Jose Calderon,Sonny Weems,2,6:59,NYK,rebound,,,,,,,,,,David Lee,,,,,,def,,
Bill Walker,David Lee,Eddie House,Sergio Rodriguez,Wilson Chandler,Amir Johnson,Andrea Bargnani,Jarrett Jack,Jose Calderon,Sonny Weems,2,6:54,TOR,sub,,,,Jarrett Jack,,Antoine Wright,,,,,,,,,,,,
Bill Walker,David Lee,Eddie House,Tracy McGrady,Wilson Chandler,Amir Johnson,Andrea Bargnani,Jarrett Jack,Jose Calderon,Sonny Weems,2,6:54,NYK,sub,,,,Tracy McGrady,,Sergio Rodriguez,,,,,,,,,,,,
Bill Walker,David Lee,Eddie House,Tracy McGrady,Wilson Chandler,Amir Johnson,Andrea Bargnani,Jarrett Jack,Jose Calderon,Sonny Weems,2,6:50,NYK,shot,,,Sonny Weems,,,,,,,Tracy McGrady,,,,missed,,layup,23,6
Bill Walker,David Lee,Eddie House,Tracy McGrady,Wilson Chandler,Amir Johnson,Andrea Bargnani,Jarrett Jack,Jose Calderon,Sonny Weems,2,6:47,TOR,rebound,,,,,,,,,,Jose Calderon,,,,,,def,,
Bill Walker,David Lee,Eddie House,Tracy McGrady,Wilson Chandler,Amir Johnson,Andrea Bargnani,Jarrett Jack,Jose Calderon,Sonny Weems,2,6:44,TOR,shot,Jose Calderon,,,,,,,,,Jarrett Jack,2,,,made,,driving layup,25,6
Bill Walker,David Lee,Eddie House,Tracy McGrady,Wilson Chandler,Amir Johnson,Andrea Bargnani,Jarrett Jack,Jose Calderon,Sonny Weems,2,6:42,NYK,timeout,,,,,,,,,,,,,,,,regular,,
Bill Walker,Danilo Gallinari,David Lee,Eddie House,Tracy McGrady,Amir Johnson,Andrea Bargnani,Jarrett Jack,Jose Calderon,Sonny Weems,2,6:42,NYK,sub,,,,Danilo Gallinari,,Wilson Chandler,,,,,,,,,,,,
Bill Walker,Danilo Gallinari,David Lee,Eddie House,Tracy McGrady,Amir Johnson,Andrea Bargnani,Jarrett Jack,Jose Calderon,Sonny Weems,2,6:20,TOR,foul,,,,,,,,Danilo Gallinari,,Amir Johnson,,,,,,shooting,,
Bill Walker,Danilo Gallinari,David Lee,Eddie House,Tracy McGrady,Amir Johnson,Andrea Bargnani,Jarrett Jack,Jose Calderon,Sonny Weems,2,6:20,NYK,free throw,,,,,,,1,,2,Danilo Gallinari,,,foul,made,,,,
Bill Walker,Danilo Gallinari,David Lee,Eddie House,Tracy McGrady,Amir Johnson,Andrea Bargnani,Jarrett Jack,Jose Calderon,Sonny Weems,2,6:20,NYK,free throw,,,,,,,2,,2,Danilo Gallinari,,,foul,made,,,,
Bill Walker,Danilo Gallinari,David Lee,Eddie House,Tracy McGrady,Amir Johnson,Andrea Bargnani,Jarrett Jack,Jose Calderon,Sonny Weems,2,6:07,TOR,shot,,,David Lee,,,,,,,Andrea Bargnani,,,,missed,,driving layup,23,7
Bill Walker,Danilo Gallinari,David Lee,Eddie House,Tracy McGrady,Amir Johnson,Andrea Bargnani,Jarrett Jack,Jose Calderon,Sonny Weems,2,6:05,NYK,rebound,,,,,,,,,,Bill Walker,,,,,,def,,
Bill Walker,Danilo Gallinari,David Lee,Eddie House,Tracy McGrady,Amir Johnson,Andrea Bargnani,Jarrett Jack,Jose Calderon,Sonny Weems,2,5:56,NYK,turnover,,,,,,,,,,Tracy McGrady,,,lost ball,,Jarrett Jack,,,
Bill Walker,Danilo Gallinari,David Lee,Eddie House,Tracy McGrady,Amir Johnson,Andrea Bargnani,Jarrett Jack,Jose Calderon,Sonny Weems,2,5:51,TOR,turnover,,,,,,,,,,Jarrett Jack,,,lost ball,,Danilo Gallinari,,,
Bill Walker,Danilo Gallinari,David Lee,Eddie House,Tracy McGrady,Amir Johnson,Andrea Bargnani,Jarrett Jack,Jose Calderon,Sonny Weems,2,5:51,TOR,foul,,,,,,,,Danilo Gallinari,,Jarrett Jack,,,,,,personal,,
Bill Walker,Danilo Gallinari,David Lee,Eddie House,Tracy McGrady,Andrea Bargnani,Hedo Turkoglu,Jarrett Jack,Jose Calderon,Sonny Weems,2,5:51,TOR,sub,,,,Hedo Turkoglu,,Amir Johnson,,,,,,,,,,,,
Bill Walker,Danilo Gallinari,David Lee,Eddie House,Tracy McGrady,Andrea Bargnani,Hedo Turkoglu,Jarrett Jack,Jose Calderon,Sonny Weems,2,5:37,NYK,turnover,,,,,,,,,,Tracy McGrady,,,bad pass,,,,,
Bill Walker,Danilo Gallinari,David Lee,Eddie House,Tracy McGrady,Andrea Bargnani,Hedo Turkoglu,Jarrett Jack,Jose Calderon,Sonny Weems,2,5:29,TOR,timeout,,,,,,,,,,,,,,,,short,,
Bill Walker,Danilo Gallinari,David Lee,Tracy McGrady,Wilson Chandler,Andrea Bargnani,Hedo Turkoglu,Jarrett Jack,Jose Calderon,Sonny Weems,2,5:29,NYK,sub,,,,Wilson Chandler,,Eddie House,,,,,,,,,,,,
Bill Walker,Danilo Gallinari,David Lee,Tracy McGrady,Wilson Chandler,Andrea Bargnani,Hedo Turkoglu,Jarrett Jack,Jose Calderon,Sonny Weems,2,5:20,NYK,foul,,,,,,,,Sonny Weems,,Tracy McGrady,,,,,,personal,,
Bill Walker,Danilo Gallinari,David Lee,Tracy McGrady,Wilson Chandler,Andrea Bargnani,Hedo Turkoglu,Jarrett Jack,Jose Calderon,Sonny Weems,2,5:07,TOR,shot,,,,,,,,,,Sonny Weems,,,,missed,,jump,8,6
Bill Walker,Danilo Gallinari,David Lee,Tracy McGrady,Wilson Chandler,Andrea Bargnani,Hedo Turkoglu,Jarrett Jack,Jose Calderon,Sonny Weems,2,5:06,TOR,rebound,,,,,,,,,,Andrea Bargnani,,,,,,off,,
Bill Walker,Danilo Gallinari,David Lee,Tracy McGrady,Wilson Chandler,Andrea Bargnani,Hedo Turkoglu,Jarrett Jack,Jose Calderon,Sonny Weems,2,5:05,TOR,shot,,,,,,,,,,Andrea Bargnani,2,,,made,,reverse layup,25,6
Bill Walker,Danilo Gallinari,David Lee,Tracy McGrady,Wilson Chandler,Andrea Bargnani,Hedo Turkoglu,Jarrett Jack,Jose Calderon,Sonny Weems,2,4:49,TOR,foul,,,,,,,,Tracy McGrady,,Jarrett Jack,,,,,,shooting,,
Bill Walker,Danilo Gallinari,David Lee,Tracy McGrady,Wilson Chandler,Andrea Bargnani,Hedo Turkoglu,Jarrett Jack,Jose Calderon,Sonny Weems,2,4:49,NYK,free throw,,,,,,,1,,2,Tracy McGrady,,,foul,missed,,,,
Bill Walker,Danilo Gallinari,David Lee,Tracy McGrady,Wilson Chandler,Andrea Bargnani,Hedo Turkoglu,Jarrett Jack,Jose Calderon,Sonny Weems,2,4:49,NYK,rebound,,,,,,,,,,,,,,,,,,
Bill Walker,Danilo Gallinari,David Lee,Tracy McGrady,Wilson Chandler,Andrea Bargnani,Hedo Turkoglu,Jarrett Jack,Jose Calderon,Sonny Weems,2,4:49,NYK,free throw,,,,,,,2,,2,Tracy McGrady,,,foul,made,,,,
Bill Walker,Danilo Gallinari,David Lee,Tracy McGrady,Wilson Chandler,Andrea Bargnani,Hedo Turkoglu,Jarrett Jack,Jose Calderon,Sonny Weems,2,4:28,TOR,shot,,,,,,,,,,Jose Calderon,,,,missed,,jump,17,27
Bill Walker,Danilo Gallinari,David Lee,Tracy McGrady,Wilson Chandler,Andrea Bargnani,Hedo Turkoglu,Jarrett Jack,Jose Calderon,Sonny Weems,2,4:27,NYK,rebound,,,,,,,,,,Tracy McGrady,,,,,,def,,
Bill Walker,Danilo Gallinari,David Lee,Tracy McGrady,Wilson Chandler,Andrea Bargnani,Hedo Turkoglu,Jarrett Jack,Jose Calderon,Sonny Weems,2,4:11,NYK,shot,Tracy McGrady,,,,,,,,,Wilson Chandler,2,,,made,,slam dunk,23,6
Bill Walker,Danilo Gallinari,David Lee,Tracy McGrady,Wilson Chandler,Andrea Bargnani,DeMar DeRozan,Hedo Turkoglu,Jarrett Jack,Sonny Weems,2,3:58,TOR,sub,,,,DeMar DeRozan,,Jose Calderon,,,,,,,,,,,,
Bill Walker,Danilo Gallinari,David Lee,Tracy McGrady,Wilson Chandler,Andrea Bargnani,DeMar DeRozan,Hedo Turkoglu,Jarrett Jack,Sonny Weems,2,3:47,TOR,shot,,,,,,,,,,Sonny Weems,,,,missed,,layup,26,8
Bill Walker,Danilo Gallinari,David Lee,Tracy McGrady,Wilson Chandler,Andrea Bargnani,DeMar DeRozan,Hedo Turkoglu,Jarrett Jack,Sonny Weems,2,3:46,NYK,rebound,,,,,,,,,,Tracy McGrady,,,,,,def,,
Bill Walker,Danilo Gallinari,David Lee,Tracy McGrady,Wilson Chandler,Andrea Bargnani,DeMar DeRozan,Hedo Turkoglu,Jarrett Jack,Sonny Weems,2,3:41,NYK,shot,,,,,,,,,,Wilson Chandler,2,,,made,,finger roll layup,25,8
Bill Walker,Danilo Gallinari,David Lee,Tracy McGrady,Wilson Chandler,Andrea Bargnani,DeMar DeRozan,Hedo Turkoglu,Jarrett Jack,Sonny Weems,2,3:27,TOR,shot,,,,,,,,,,DeMar DeRozan,,,,missed,,jump,42,16
Bill Walker,Danilo Gallinari,David Lee,Tracy McGrady,Wilson Chandler,Andrea Bargnani,DeMar DeRozan,Hedo Turkoglu,Jarrett Jack,Sonny Weems,2,3:26,TOR,rebound,,,,,,,,,,Hedo Turkoglu,,,,,,off,,
Bill Walker,Danilo Gallinari,David Lee,Tracy McGrady,Wilson Chandler,Andrea Bargnani,DeMar DeRozan,Hedo Turkoglu,Jarrett Jack,Sonny Weems,2,3:22,TOR,shot,,,Bill Walker,,,,,,,Hedo Turkoglu,,,,missed,,layup,25,6
Bill Walker,Danilo Gallinari,David Lee,Tracy McGrady,Wilson Chandler,Andrea Bargnani,DeMar DeRozan,Hedo Turkoglu,Jarrett Jack,Sonny Weems,2,3:21,TOR,rebound,,,,,,,,,,Jarrett Jack,,,,,,off,,
Bill Walker,Danilo Gallinari,David Lee,Tracy McGrady,Wilson Chandler,Andrea Bargnani,DeMar DeRozan,Hedo Turkoglu,Jarrett Jack,Sonny Weems,2,3:13,TOR,shot,,,,,,,,,,Andrea Bargnani,,,,missed,,turnaround fade away,35,7
Bill Walker,Danilo Gallinari,David Lee,Tracy McGrady,Wilson Chandler,Andrea Bargnani,DeMar DeRozan,Hedo Turkoglu,Jarrett Jack,Sonny Weems,2,3:11,NYK,rebound,,,,,,,,,,David Lee,,,,,,def,,
Bill Walker,Danilo Gallinari,David Lee,Tracy McGrady,Wilson Chandler,Andrea Bargnani,DeMar DeRozan,Hedo Turkoglu,Jarrett Jack,Sonny Weems,2,3:00,NYK,shot,,,,,,,,,,Wilson Chandler,,,,missed,,jump,5,6
Bill Walker,Danilo Gallinari,David Lee,Tracy McGrady,Wilson Chandler,Andrea Bargnani,DeMar DeRozan,Hedo Turkoglu,Jarrett Jack,Sonny Weems,2,2:59,TOR,rebound,,,,,,,,,,Hedo Turkoglu,,,,,,def,,
Bill Walker,Danilo Gallinari,David Lee,Tracy McGrady,Wilson Chandler,Andrea Bargnani,DeMar DeRozan,Hedo Turkoglu,Jarrett Jack,Sonny Weems,2,2:53,NYK,foul,,,,,,,,Hedo Turkoglu,,Bill Walker,,,,,,shooting,,
Bill Walker,Danilo Gallinari,David Lee,Tracy McGrady,Wilson Chandler,Andrea Bargnani,DeMar DeRozan,Hedo Turkoglu,Jarrett Jack,Sonny Weems,2,2:53,TOR,timeout,,,,,,,,,,,,,,,,official,,
Bill Walker,Danilo Gallinari,David Lee,Tracy McGrady,Wilson Chandler,Andrea Bargnani,Antoine Wright,DeMar DeRozan,Hedo Turkoglu,Jarrett Jack,2,2:53,TOR,sub,,,,Antoine Wright,,Sonny Weems,,,,,,,,,,,,
Danilo Gallinari,David Lee,Eddie House,Tracy McGrady,Wilson Chandler,Andrea Bargnani,Antoine Wright,DeMar DeRozan,Hedo Turkoglu,Jarrett Jack,2,2:53,NYK,sub,,,,Eddie House,,Bill Walker,,,,,,,,,,,,
Danilo Gallinari,David Lee,Eddie House,Tracy McGrady,Wilson Chandler,Andrea Bargnani,Antoine Wright,DeMar DeRozan,Hedo Turkoglu,Jarrett Jack,2,2:53,TOR,free throw,,,,,,,1,,2,Hedo Turkoglu,,,foul,made,,,,
Danilo Gallinari,David Lee,Eddie House,Tracy McGrady,Wilson Chandler,Andrea Bargnani,Antoine Wright,DeMar DeRozan,Hedo Turkoglu,Jarrett Jack,2,2:53,TOR,free throw,,,,,,,2,,2,Hedo Turkoglu,,,foul,made,,,,
Danilo Gallinari,David Lee,Eddie House,Tracy McGrady,Wilson Chandler,Andrea Bargnani,Antoine Wright,DeMar DeRozan,Hedo Turkoglu,Jarrett Jack,2,2:37,NYK,shot,,,,,,,,,,Danilo Gallinari,2,,,made,,running jump,23,12
Danilo Gallinari,David Lee,Eddie House,Tracy McGrady,Wilson Chandler,Andrea Bargnani,Antoine Wright,DeMar DeRozan,Hedo Turkoglu,Jarrett Jack,2,2:15,TOR,shot,,,,,,,,,,Hedo Turkoglu,2,,,made,,turnaround fade away,39,10
Danilo Gallinari,David Lee,Eddie House,Tracy McGrady,Wilson Chandler,Andrea Bargnani,Antoine Wright,DeMar DeRozan,Hedo Turkoglu,Jarrett Jack,2,1:53,NYK,shot,,,,,,,,,,Eddie House,,,,missed,,3pt,16,29
Danilo Gallinari,David Lee,Eddie House,Tracy McGrady,Wilson Chandler,Andrea Bargnani,Antoine Wright,DeMar DeRozan,Hedo Turkoglu,Jarrett Jack,2,1:52,TOR,rebound,,,,,,,,,,Hedo Turkoglu,,,,,,def,,
Danilo Gallinari,David Lee,Eddie House,Tracy McGrady,Wilson Chandler,Andrea Bargnani,Antoine Wright,DeMar DeRozan,Hedo Turkoglu,Jarrett Jack,2,1:47,TOR,foul,,,,,,,,David Lee,,Andrea Bargnani,,,,,,offensive,,
Danilo Gallinari,David Lee,Eddie House,Tracy McGrady,Wilson Chandler,Andrea Bargnani,Antoine Wright,DeMar DeRozan,Hedo Turkoglu,Jarrett Jack,2,1:47,TOR,turnover,,,,,,,,,,Andrea Bargnani,,,foul,,,,,
Danilo Gallinari,David Lee,Eddie House,Tracy McGrady,Wilson Chandler,Andrea Bargnani,Antoine Wright,DeMar DeRozan,Hedo Turkoglu,Jarrett Jack,2,1:28,TOR,foul,,,,,,,,David Lee,,DeMar DeRozan,,,,,,shooting,,
Danilo Gallinari,David Lee,Eddie House,Tracy McGrady,Wilson Chandler,Andrea Bargnani,Antoine Wright,DeMar DeRozan,Hedo Turkoglu,Jarrett Jack,2,1:28,TOR,violation,,,,,,,,,,,,,,,,delay of game,,
Danilo Gallinari,David Lee,Eddie House,Tracy McGrady,Wilson Chandler,Andrea Bargnani,Antoine Wright,DeMar DeRozan,Hedo Turkoglu,Jarrett Jack,2,1:28,NYK,free throw,,,,,,,1,,2,David Lee,,,foul,missed,,,,
Danilo Gallinari,David Lee,Eddie House,Tracy McGrady,Wilson Chandler,Andrea Bargnani,Antoine Wright,DeMar DeRozan,Hedo Turkoglu,Jarrett Jack,2,1:28,NYK,rebound,,,,,,,,,,,,,,,,,,
Danilo Gallinari,David Lee,Eddie House,Tracy McGrady,Wilson Chandler,Andrea Bargnani,Antoine Wright,DeMar DeRozan,Hedo Turkoglu,Jarrett Jack,2,1:28,NYK,free throw,,,,,,,2,,2,David Lee,,,foul,made,,,,
Danilo Gallinari,David Lee,Eddie House,Tracy McGrady,Wilson Chandler,Andrea Bargnani,Antoine Wright,DeMar DeRozan,Hedo Turkoglu,Jarrett Jack,2,1:09,TOR,shot,,,,,,,,,,Andrea Bargnani,,,,missed,,jump,4,16
Danilo Gallinari,David Lee,Eddie House,Tracy McGrady,Wilson Chandler,Andrea Bargnani,Antoine Wright,DeMar DeRozan,Hedo Turkoglu,Jarrett Jack,2,1:07,NYK,rebound,,,,,,,,,,Tracy McGrady,,,,,,def,,
Danilo Gallinari,David Lee,Eddie House,Tracy McGrady,Wilson Chandler,Andrea Bargnani,Antoine Wright,DeMar DeRozan,Hedo Turkoglu,Jarrett Jack,2,0:56,NYK,shot,Eddie House,,,,,,,,,Wilson Chandler,2,,,made,,jump,5,5
Danilo Gallinari,David Lee,Eddie House,Tracy McGrady,Wilson Chandler,Andrea Bargnani,Antoine Wright,DeMar DeRozan,Hedo Turkoglu,Jarrett Jack,2,0:38,TOR,shot,,,,,,,,,,DeMar DeRozan,,,,missed,,running hook,21,9
Danilo Gallinari,David Lee,Eddie House,Tracy McGrady,Wilson Chandler,Andrea Bargnani,Antoine Wright,DeMar DeRozan,Hedo Turkoglu,Jarrett Jack,2,0:37,NYK,rebound,,,,,,,,,,Tracy McGrady,,,,,,def,,
Danilo Gallinari,David Lee,Eddie House,Tracy McGrady,Wilson Chandler,Andrea Bargnani,Antoine Wright,DeMar DeRozan,Hedo Turkoglu,Jarrett Jack,2,0:23,NYK,shot,,,,,,,,,,Tracy McGrady,2,,,made,,pullup jump,18,26
Danilo Gallinari,David Lee,Eddie House,Tracy McGrady,Wilson Chandler,Andrea Bargnani,Antoine Wright,DeMar DeRozan,Hedo Turkoglu,Jarrett Jack,2,0:23,TOR,foul,,,,,,,,Tracy McGrady,,Hedo Turkoglu,,,,,,shooting,,
Danilo Gallinari,David Lee,Eddie House,Tracy McGrady,Wilson Chandler,Andrea Bargnani,Antoine Wright,Hedo Turkoglu,Jarrett Jack,Jose Calderon,2,0:23,TOR,sub,,,,Jose Calderon,,DeMar DeRozan,,,,,,,,,,,,
Danilo Gallinari,David Lee,Eddie House,Tracy McGrady,Wilson Chandler,Andrea Bargnani,Antoine Wright,Hedo Turkoglu,Jarrett Jack,Jose Calderon,2,0:23,NYK,free throw,,,,,,,1,,1,Tracy McGrady,,,foul,missed,,,,
Danilo Gallinari,David Lee,Eddie House,Tracy McGrady,Wilson Chandler,Andrea Bargnani,Antoine Wright,Hedo Turkoglu,Jarrett Jack,Jose Calderon,2,0:23,TOR,rebound,,,,,,,,,,Jarrett Jack,,,,,,def,,
Danilo Gallinari,David Lee,Eddie House,Tracy McGrady,Wilson Chandler,Andrea Bargnani,Antoine Wright,Hedo Turkoglu,Jarrett Jack,Jose Calderon,2,0:03,NYK,foul,,,,,,,,Hedo Turkoglu,,Eddie House,,,,,,shooting,,
Danilo Gallinari,David Lee,Eddie House,Tracy McGrady,Wilson Chandler,Andrea Bargnani,Antoine Wright,DeMar DeRozan,Hedo Turkoglu,Jose Calderon,2,0:03,TOR,sub,,,,DeMar DeRozan,,Jarrett Jack,,,,,,,,,,,,
Danilo Gallinari,David Lee,Eddie House,Tracy McGrady,Wilson Chandler,Andrea Bargnani,Antoine Wright,DeMar DeRozan,Hedo Turkoglu,Jose Calderon,2,0:03,TOR,free throw,,,,,,,1,,2,Hedo Turkoglu,,,foul,made,,,,
Danilo Gallinari,David Lee,Eddie House,Tracy McGrady,Wilson Chandler,Andrea Bargnani,Antoine Wright,DeMar DeRozan,Hedo Turkoglu,Jose Calderon,2,0:03,NYK,timeout,,,,,,,,,,,,,,,,short,,
Danilo Gallinari,David Lee,Eddie House,Tracy McGrady,Wilson Chandler,Andrea Bargnani,Antoine Wright,DeMar DeRozan,Hedo Turkoglu,Sonny Weems,2,0:03,TOR,sub,,,,Sonny Weems,,Jose Calderon,,,,,,,,,,,,
Danilo Gallinari,David Lee,Eddie House,Tracy McGrady,Wilson Chandler,Andrea Bargnani,Antoine Wright,DeMar DeRozan,Hedo Turkoglu,Sonny Weems,2,0:03,TOR,free throw,,,,,,,2,,2,Hedo Turkoglu,,,foul,made,,,,
Danilo Gallinari,David Lee,Eddie House,Tracy McGrady,Wilson Chandler,Andrea Bargnani,Antoine Wright,DeMar DeRozan,Hedo Turkoglu,Sonny Weems,2,0:00,NYK,shot,,,,,,,,,,Tracy McGrady,,,,missed,,3pt,38,44
Danilo Gallinari,David Lee,Eddie House,Tracy McGrady,Wilson Chandler,Andrea Bargnani,Antoine Wright,DeMar DeRozan,Hedo Turkoglu,Sonny Weems,2,0:00,NYK,rebound,,,,,,,,,,,,,,,,,,
Al Harrington,Danilo Gallinari,David Lee,Tracy McGrady,Wilson Chandler,Amir Johnson,Andrea Bargnani,DeMar DeRozan,Hedo Turkoglu,Jarrett Jack,3,11:45,NYK,shot,,,,,,,,,,Wilson Chandler,2,,,made,,running bank,23,8
Al Harrington,Danilo Gallinari,David Lee,Tracy McGrady,Wilson Chandler,Amir Johnson,Andrea Bargnani,DeMar DeRozan,Hedo Turkoglu,Jarrett Jack,3,11:16,TOR,shot,Andrea Bargnani,,,,,,,,,Hedo Turkoglu,3,,,made,,3pt,16,31
Al Harrington,Danilo Gallinari,David Lee,Tracy McGrady,Wilson Chandler,Amir Johnson,Andrea Bargnani,DeMar DeRozan,Hedo Turkoglu,Jarrett Jack,3,11:03,NYK,shot,,,,,,,,,,David Lee,,,,missed,,layup,28,7
Al Harrington,Danilo Gallinari,David Lee,Tracy McGrady,Wilson Chandler,Amir Johnson,Andrea Bargnani,DeMar DeRozan,Hedo Turkoglu,Jarrett Jack,3,11:02,TOR,rebound,,,,,,,,,,,,,,,,,,
Al Harrington,Danilo Gallinari,David Lee,Tracy McGrady,Wilson Chandler,Amir Johnson,Andrea Bargnani,DeMar DeRozan,Hedo Turkoglu,Jarrett Jack,3,10:38,TOR,shot,,,,,,,,,,Jarrett Jack,2,,,made,,driving layup,27,7
Al Harrington,Danilo Gallinari,David Lee,Tracy McGrady,Wilson Chandler,Amir Johnson,Andrea Bargnani,DeMar DeRozan,Hedo Turkoglu,Jarrett Jack,3,10:22,NYK,shot,,,,,,,,,,Al Harrington,,,,missed,,3pt,2,6
Al Harrington,Danilo Gallinari,David Lee,Tracy McGrady,Wilson Chandler,Amir Johnson,Andrea Bargnani,DeMar DeRozan,Hedo Turkoglu,Jarrett Jack,3,10:21,TOR,rebound,,,,,,,,,,DeMar DeRozan,,,,,,def,,
Al Harrington,Danilo Gallinari,David Lee,Tracy McGrady,Wilson Chandler,Amir Johnson,Andrea Bargnani,DeMar DeRozan,Hedo Turkoglu,Jarrett Jack,3,9:55,TOR,shot,,,,,,,,,,DeMar DeRozan,,,,missed,,jump,7,19
Al Harrington,Danilo Gallinari,David Lee,Tracy McGrady,Wilson Chandler,Amir Johnson,Andrea Bargnani,DeMar DeRozan,Hedo Turkoglu,Jarrett Jack,3,9:54,NYK,rebound,,,,,,,,,,David Lee,,,,,,def,,
Al Harrington,Danilo Gallinari,David Lee,Tracy McGrady,Wilson Chandler,Amir Johnson,Andrea Bargnani,DeMar DeRozan,Hedo Turkoglu,Jarrett Jack,3,9:44,NYK,shot,Al Harrington,,,,,,,,,David Lee,2,,,made,,jump,21,26
Al Harrington,Danilo Gallinari,David Lee,Tracy McGrady,Wilson Chandler,Amir Johnson,Antoine Wright,DeMar DeRozan,Hedo Turkoglu,Jarrett Jack,3,9:34,TOR,sub,,,,Antoine Wright,,Andrea Bargnani,,,,,,,,,,,,
Al Harrington,Danilo Gallinari,David Lee,Tracy McGrady,Wilson Chandler,Amir Johnson,Antoine Wright,DeMar DeRozan,Hedo Turkoglu,Jarrett Jack,3,9:24,TOR,shot,,,,,,,,,,Jarrett Jack,,,,missed,,3pt,48,6
Al Harrington,Danilo Gallinari,David Lee,Tracy McGrady,Wilson Chandler,Amir Johnson,Antoine Wright,DeMar DeRozan,Hedo Turkoglu,Jarrett Jack,3,9:23,NYK,rebound,,,,,,,,,,Al Harrington,,,,,,def,,
Al Harrington,Danilo Gallinari,David Lee,Tracy McGrady,Wilson Chandler,Amir Johnson,Antoine Wright,DeMar DeRozan,Hedo Turkoglu,Jarrett Jack,3,9:00,NYK,shot,Al Harrington,,,,,,,,,Wilson Chandler,2,,,made,,pullup jump,43,6
Al Harrington,Danilo Gallinari,David Lee,Tracy McGrady,Wilson Chandler,Amir Johnson,Antoine Wright,DeMar DeRozan,Hedo Turkoglu,Jarrett Jack,3,8:50,TOR,shot,,,,,,,,,,Jarrett Jack,2,,,made,,jump,29,24
Al Harrington,Danilo Gallinari,David Lee,Tracy McGrady,Wilson Chandler,Amir Johnson,Antoine Wright,DeMar DeRozan,Hedo Turkoglu,Jarrett Jack,3,8:30,NYK,shot,,,,,,,,,,Al Harrington,,,,missed,,step back jump,39,21
Al Harrington,Danilo Gallinari,David Lee,Tracy McGrady,Wilson Chandler,Amir Johnson,Antoine Wright,DeMar DeRozan,Hedo Turkoglu,Jarrett Jack,3,8:28,TOR,rebound,,,,,,,,,,Hedo Turkoglu,,,,,,def,,
Al Harrington,Danilo Gallinari,David Lee,Tracy McGrady,Wilson Chandler,Amir Johnson,Antoine Wright,DeMar DeRozan,Hedo Turkoglu,Jarrett Jack,3,8:14,TOR,shot,,,,,,,,,,Amir Johnson,,,,missed,,turnaround fade away,33,8
Al Harrington,Danilo Gallinari,David Lee,Tracy McGrady,Wilson Chandler,Amir Johnson,Antoine Wright,DeMar DeRozan,Hedo Turkoglu,Jarrett Jack,3,8:12,NYK,rebound,,,,,,,,,,David Lee,,,,,,def,,
Al Harrington,Danilo Gallinari,David Lee,Tracy McGrady,Wilson Chandler,Amir Johnson,Antoine Wright,DeMar DeRozan,Hedo Turkoglu,Jarrett Jack,3,8:04,NYK,shot,Tracy McGrady,,,,,,,,,Wilson Chandler,2,,,made,,dunk,25,7
Al Harrington,Danilo Gallinari,David Lee,Tracy McGrady,Wilson Chandler,Amir Johnson,Antoine Wright,DeMar DeRozan,Hedo Turkoglu,Jarrett Jack,3,7:44,TOR,shot,Hedo Turkoglu,,,,,,,,,DeMar DeRozan,2,,,made,,driving layup,27,6
Al Harrington,Danilo Gallinari,David Lee,Tracy McGrady,Wilson Chandler,Amir Johnson,Antoine Wright,DeMar DeRozan,Hedo Turkoglu,Jarrett Jack,3,7:17,NYK,shot,,,,,,,,,,David Lee,,,,missed,,step back jump,19,27
Al Harrington,Danilo Gallinari,David Lee,Tracy McGrady,Wilson Chandler,Amir Johnson,Antoine Wright,DeMar DeRozan,Hedo Turkoglu,Jarrett Jack,3,7:16,TOR,rebound,,,,,,,,,,Hedo Turkoglu,,,,,,def,,
Al Harrington,Danilo Gallinari,David Lee,Tracy McGrady,Wilson Chandler,Amir Johnson,Antoine Wright,DeMar DeRozan,Hedo Turkoglu,Jarrett Jack,3,7:06,TOR,turnover,,,,,,,,,,Jarrett Jack,,,traveling,,,,,
Al Harrington,Danilo Gallinari,David Lee,Tracy McGrady,Wilson Chandler,Amir Johnson,Antoine Wright,DeMar DeRozan,Hedo Turkoglu,Jarrett Jack,3,6:56,NYK,shot,Al Harrington,,,,,,,,,Tracy McGrady,2,,,made,,layup,23,7
Al Harrington,Danilo Gallinari,David Lee,Tracy McGrady,Wilson Chandler,Amir Johnson,Antoine Wright,DeMar DeRozan,Hedo Turkoglu,Jarrett Jack,3,6:56,TOR,foul,,,,,,,,Tracy McGrady,,Jarrett Jack,,,,,,shooting,,
Al Harrington,Danilo Gallinari,David Lee,Tracy McGrady,Wilson Chandler,Amir Johnson,Antoine Wright,DeMar DeRozan,Hedo Turkoglu,Jose Calderon,3,6:56,TOR,sub,,,,Jose Calderon,,Jarrett Jack,,,,,,,,,,,,
Al Harrington,Danilo Gallinari,David Lee,Tracy McGrady,Wilson Chandler,Amir Johnson,Antoine Wright,DeMar DeRozan,Hedo Turkoglu,Jose Calderon,3,6:56,NYK,free throw,,,,,,,1,,1,Tracy McGrady,,,foul,made,,,,
Al Harrington,Danilo Gallinari,David Lee,Tracy McGrady,Wilson Chandler,Amir Johnson,Antoine Wright,DeMar DeRozan,Hedo Turkoglu,Jose Calderon,3,6:36,TOR,shot,,,,,,,,,,Jose Calderon,2,,,made,,driving layup,27,6
Al Harrington,Danilo Gallinari,David Lee,Tracy McGrady,Wilson Chandler,Amir Johnson,Antoine Wright,DeMar DeRozan,Hedo Turkoglu,Jose Calderon,3,6:22,NYK,shot,,,,,,,,,,Tracy McGrady,,,,missed,,pullup jump,23,27
Al Harrington,Danilo Gallinari,David Lee,Tracy McGrady,Wilson Chandler,Amir Johnson,Antoine Wright,DeMar DeRozan,Hedo Turkoglu,Jose Calderon,3,6:21,TOR,rebound,,,,,,,,,,DeMar DeRozan,,,,,,def,,
Al Harrington,Danilo Gallinari,David Lee,Tracy McGrady,Wilson Chandler,Amir Johnson,Antoine Wright,DeMar DeRozan,Hedo Turkoglu,Jose Calderon,3,6:15,NYK,foul,,,,,,,,Hedo Turkoglu,,Tracy McGrady,,,,,,shooting,,
Al Harrington,Danilo Gallinari,David Lee,Tracy McGrady,Wilson Chandler,Amir Johnson,Antoine Wright,DeMar DeRozan,Hedo Turkoglu,Jose Calderon,3,6:15,TOR,free throw,,,,,,,1,,2,Hedo Turkoglu,,,foul,missed,,,,
Al Harrington,Danilo Gallinari,David Lee,Tracy McGrady,Wilson Chandler,Amir Johnson,Antoine Wright,DeMar DeRozan,Hedo Turkoglu,Jose Calderon,3,6:15,TOR,rebound,,,,,,,,,,,,,,,,,,
Al Harrington,Danilo Gallinari,David Lee,Tracy McGrady,Wilson Chandler,Amir Johnson,Antoine Wright,DeMar DeRozan,Hedo Turkoglu,Jose Calderon,3,6:15,TOR,free throw,,,,,,,2,,2,Hedo Turkoglu,,,foul,missed,,,,
Al Harrington,Danilo Gallinari,David Lee,Tracy McGrady,Wilson Chandler,Amir Johnson,Antoine Wright,DeMar DeRozan,Hedo Turkoglu,Jose Calderon,3,6:14,NYK,rebound,,,,,,,,,,,,,,,,,,
Al Harrington,Danilo Gallinari,David Lee,Tracy McGrady,Wilson Chandler,Amir Johnson,Antoine Wright,DeMar DeRozan,Hedo Turkoglu,Jose Calderon,3,6:02,NYK,turnover,,,,,,,,,,Tracy McGrady,,,traveling,,,,,
Al Harrington,Danilo Gallinari,David Lee,Tracy McGrady,Wilson Chandler,Amir Johnson,Antoine Wright,DeMar DeRozan,Jose Calderon,Sonny Weems,3,6:02,TOR,sub,,,,Sonny Weems,,Hedo Turkoglu,,,,,,,,,,,,
Al Harrington,Danilo Gallinari,David Lee,Tracy McGrady,Wilson Chandler,Amir Johnson,Antoine Wright,DeMar DeRozan,Jose Calderon,Sonny Weems,3,5:48,TOR,shot,,,,,,,,,,DeMar DeRozan,2,,,made,,jump,31,24
Al Harrington,Danilo Gallinari,David Lee,Tracy McGrady,Wilson Chandler,Amir Johnson,Antoine Wright,DeMar DeRozan,Jose Calderon,Sonny Weems,3,5:34,NYK,shot,Wilson Chandler,,,,,,,,,David Lee,2,,,made,,jump,41,13
Al Harrington,Danilo Gallinari,David Lee,Tracy McGrady,Wilson Chandler,Amir Johnson,Antoine Wright,DeMar DeRozan,Jose Calderon,Sonny Weems,3,5:17,TOR,shot,,,,,,,,,,Amir Johnson,2,,,made,,driving hook,24,11
Al Harrington,Danilo Gallinari,David Lee,Tracy McGrady,Wilson Chandler,Amir Johnson,Antoine Wright,DeMar DeRozan,Jose Calderon,Sonny Weems,3,5:08,NYK,foul,,,,,,,,Antoine Wright,,Tracy McGrady,,,,,,offensive,,
Al Harrington,Danilo Gallinari,David Lee,Tracy McGrady,Wilson Chandler,Amir Johnson,Antoine Wright,DeMar DeRozan,Jose Calderon,Sonny Weems,3,5:08,NYK,turnover,,,,,,,,,,Tracy McGrady,,,foul,,,,,
Al Harrington,Danilo Gallinari,David Lee,Tracy McGrady,Wilson Chandler,Amir Johnson,Antoine Wright,DeMar DeRozan,Jose Calderon,Sonny Weems,3,5:08,TOR,timeout,,,,,,,,,,,,,,,,regular,,
Al Harrington,Danilo Gallinari,David Lee,Sergio Rodriguez,Wilson Chandler,Amir Johnson,Antoine Wright,DeMar DeRozan,Jose Calderon,Sonny Weems,3,5:08,NYK,sub,,,,Sergio Rodriguez,,Tracy McGrady,,,,,,,,,,,,
Al Harrington,Danilo Gallinari,David Lee,Sergio Rodriguez,Wilson Chandler,Amir Johnson,Antoine Wright,DeMar DeRozan,Jose Calderon,Sonny Weems,3,4:56,TOR,turnover,,,,,,,,,,Jose Calderon,,,bad pass,,Wilson Chandler,,,
Al Harrington,Danilo Gallinari,David Lee,Sergio Rodriguez,Wilson Chandler,Amir Johnson,Antoine Wright,DeMar DeRozan,Jose Calderon,Sonny Weems,3,4:52,NYK,shot,,,,,,,,,,Wilson Chandler,,,,missed,,running jump,24,10
Al Harrington,Danilo Gallinari,David Lee,Sergio Rodriguez,Wilson Chandler,Amir Johnson,Antoine Wright,DeMar DeRozan,Jose Calderon,Sonny Weems,3,4:49,NYK,rebound,,,,,,,,,,Sergio Rodriguez,,,,,,off,,
Al Harrington,Danilo Gallinari,David Lee,Sergio Rodriguez,Wilson Chandler,Amir Johnson,Antoine Wright,DeMar DeRozan,Jose Calderon,Sonny Weems,3,4:48,TOR,foul,,,,,,,,Sergio Rodriguez,,Amir Johnson,,,,,,loose ball,,
Al Harrington,Danilo Gallinari,David Lee,Sergio Rodriguez,Wilson Chandler,Amir Johnson,Antoine Wright,DeMar DeRozan,Jose Calderon,Sonny Weems,3,4:37,NYK,shot,,,,,,,,,,Al Harrington,,,,missed,,3pt,48,6
Al Harrington,Danilo Gallinari,David Lee,Sergio Rodriguez,Wilson Chandler,Amir Johnson,Antoine Wright,DeMar DeRozan,Jose Calderon,Sonny Weems,3,4:36,NYK,rebound,,,,,,,,,,Al Harrington,,,,,,off,,
Al Harrington,Danilo Gallinari,David Lee,Sergio Rodriguez,Wilson Chandler,Amir Johnson,Antoine Wright,DeMar DeRozan,Jose Calderon,Sonny Weems,3,4:31,NYK,shot,,,,,,,,,,David Lee,,,,missed,,jump bank,33,8
Al Harrington,Danilo Gallinari,David Lee,Sergio Rodriguez,Wilson Chandler,Amir Johnson,Antoine Wright,DeMar DeRozan,Jose Calderon,Sonny Weems,3,4:29,NYK,rebound,,,,,,,,,,David Lee,,,,,,off,,
Al Harrington,Danilo Gallinari,David Lee,Sergio Rodriguez,Wilson Chandler,Amir Johnson,Antoine Wright,DeMar DeRozan,Jose Calderon,Sonny Weems,3,4:27,NYK,shot,,,,,,,,,,David Lee,2,,,made,,tip,25,6
Al Harrington,Danilo Gallinari,David Lee,Sergio Rodriguez,Wilson Chandler,Amir Johnson,Antoine Wright,DeMar DeRozan,Jose Calderon,Sonny Weems,3,4:07,TOR,shot,,,,,,,,,,Sonny Weems,,,,missed,,jump,39,11
Al Harrington,Danilo Gallinari,David Lee,Sergio Rodriguez,Wilson Chandler,Amir Johnson,Antoine Wright,DeMar DeRozan,Jose Calderon,Sonny Weems,3,4:05,NYK,rebound,,,,,,,,,,David Lee,,,,,,def,,
Al Harrington,Danilo Gallinari,David Lee,Sergio Rodriguez,Wilson Chandler,Amir Johnson,Antoine Wright,DeMar DeRozan,Jose Calderon,Sonny Weems,3,3:52,NYK,shot,,,,,,,,,,Sergio Rodriguez,,,,missed,,driving layup,27,7
Al Harrington,Danilo Gallinari,David Lee,Sergio Rodriguez,Wilson Chandler,Amir Johnson,Antoine Wright,DeMar DeRozan,Jose Calderon,Sonny Weems,3,3:52,TOR,rebound,,,,,,,,,,Amir Johnson,,,,,,def,,
Al Harrington,Danilo Gallinari,David Lee,Sergio Rodriguez,Wilson Chandler,Amir Johnson,Antoine Wright,DeMar DeRozan,Jose Calderon,Sonny Weems,3,3:41,TOR,shot,,,,,,,,,,Amir Johnson,,,,missed,,jump,26,28
Al Harrington,Danilo Gallinari,David Lee,Sergio Rodriguez,Wilson Chandler,Amir Johnson,Antoine Wright,DeMar DeRozan,Jose Calderon,Sonny Weems,3,3:40,NYK,rebound,,,,,,,,,,David Lee,,,,,,def,,
Al Harrington,Danilo Gallinari,David Lee,Sergio Rodriguez,Wilson Chandler,Amir Johnson,Antoine Wright,DeMar DeRozan,Jose Calderon,Sonny Weems,3,3:25,NYK,shot,,,,,,,,,,Al Harrington,,,,missed,,turnaround fade away,35,8
Al Harrington,Danilo Gallinari,David Lee,Sergio Rodriguez,Wilson Chandler,Amir Johnson,Antoine Wright,DeMar DeRozan,Jose Calderon,Sonny Weems,3,3:23,TOR,rebound,,,,,,,,,,Sonny Weems,,,,,,def,,
Al Harrington,Danilo Gallinari,David Lee,Sergio Rodriguez,Wilson Chandler,Amir Johnson,Antoine Wright,DeMar DeRozan,Jose Calderon,Sonny Weems,3,3:19,TOR,shot,Sonny Weems,,,,,,,,,DeMar DeRozan,2,,,made,,running layup,27,6
Al Harrington,Danilo Gallinari,David Lee,Sergio Rodriguez,Wilson Chandler,Amir Johnson,Antoine Wright,DeMar DeRozan,Jose Calderon,Sonny Weems,3,3:06,TOR,foul,,,,,,,,Danilo Gallinari,,DeMar DeRozan,,,,,,personal,,
Al Harrington,Danilo Gallinari,David Lee,Sergio Rodriguez,Wilson Chandler,Andrea Bargnani,Antoine Wright,DeMar DeRozan,Jose Calderon,Sonny Weems,3,3:06,TOR,sub,,,,Andrea Bargnani,,Amir Johnson,,,,,,,,,,,,
Al Harrington,Danilo Gallinari,David Lee,Eddie House,Sergio Rodriguez,Andrea Bargnani,Antoine Wright,DeMar DeRozan,Jose Calderon,Sonny Weems,3,3:06,NYK,sub,,,,Eddie House,,Wilson Chandler,,,,,,,,,,,,
Al Harrington,Bill Walker,David Lee,Eddie House,Sergio Rodriguez,Andrea Bargnani,Antoine Wright,DeMar DeRozan,Jose Calderon,Sonny Weems,3,3:06,NYK,sub,,,,Bill Walker,,Danilo Gallinari,,,,,,,,,,,,
Al Harrington,Bill Walker,David Lee,Eddie House,Sergio Rodriguez,Andrea Bargnani,Antoine Wright,DeMar DeRozan,Jose Calderon,Sonny Weems,3,3:00,TOR,foul,,,,,,,,Bill Walker,,DeMar DeRozan,,,,,,personal,,
Al Harrington,Bill Walker,David Lee,Eddie House,Sergio Rodriguez,Andrea Bargnani,Antoine Wright,DeMar DeRozan,Jose Calderon,Sonny Weems,3,2:53,NYK,shot,Sergio Rodriguez,,,,,,,,,David Lee,2,,,made,,layup,27,6
Al Harrington,Bill Walker,David Lee,Eddie House,Sergio Rodriguez,Andrea Bargnani,Antoine Wright,DeMar DeRozan,Jose Calderon,Sonny Weems,3,2:41,TOR,shot,Jose Calderon,,,,,,,,,Andrea Bargnani,2,,,made,,hook,26,8
Al Harrington,Bill Walker,David Lee,Eddie House,Sergio Rodriguez,Andrea Bargnani,Antoine Wright,DeMar DeRozan,Jose Calderon,Sonny Weems,3,2:26,NYK,shot,Sergio Rodriguez,,,,,,,,,David Lee,2,,,made,,running finger roll layup,26,8
Al Harrington,Bill Walker,David Lee,Eddie House,Sergio Rodriguez,Andrea Bargnani,Antoine Wright,DeMar DeRozan,Jose Calderon,Sonny Weems,3,2:13,TOR,shot,,,,,,,,,,Jose Calderon,2,,,made,,driving layup,23,7
Al Harrington,Bill Walker,David Lee,Eddie House,Sergio Rodriguez,Andrea Bargnani,Antoine Wright,DeMar DeRozan,Jose Calderon,Sonny Weems,3,1:53,NYK,shot,,,Andrea Bargnani,,,,,,,Al Harrington,,,,missed,,driving hook,25,11
Al Harrington,Bill Walker,David Lee,Eddie House,Sergio Rodriguez,Andrea Bargnani,Antoine Wright,DeMar DeRozan,Jose Calderon,Sonny Weems,3,1:52,TOR,rebound,,,,,,,,,,Jose Calderon,,,,,,def,,
Al Harrington,Bill Walker,David Lee,Eddie House,Sergio Rodriguez,Andrea Bargnani,Antoine Wright,DeMar DeRozan,Jose Calderon,Sonny Weems,3,1:48,TOR,shot,,,,,,,,,,Jose Calderon,2,,,made,,driving layup,27,7
Al Harrington,Bill Walker,David Lee,Eddie House,Sergio Rodriguez,Andrea Bargnani,Antoine Wright,DeMar DeRozan,Jose Calderon,Sonny Weems,3,1:46,NYK,timeout,,,,,,,,,,,,,,,,regular,,
Bill Walker,David Lee,Eddie House,Sergio Rodriguez,Wilson Chandler,Andrea Bargnani,Antoine Wright,DeMar DeRozan,Jose Calderon,Sonny Weems,3,1:46,NYK,sub,,,,Wilson Chandler,,Al Harrington,,,,,,,,,,,,
Bill Walker,David Lee,Eddie House,Sergio Rodriguez,Wilson Chandler,Andrea Bargnani,Antoine Wright,DeMar DeRozan,Jose Calderon,Sonny Weems,3,1:37,TOR,foul,,,,,,,,Sergio Rodriguez,,DeMar DeRozan,,,,,,personal,,
Bill Walker,David Lee,Eddie House,Sergio Rodriguez,Wilson Chandler,Andrea Bargnani,Antoine Wright,Hedo Turkoglu,Jose Calderon,Sonny Weems,3,1:37,TOR,sub,,,,Hedo Turkoglu,,DeMar DeRozan,,,,,,,,,,,,
Bill Walker,David Lee,Eddie House,Sergio Rodriguez,Wilson Chandler,Andrea Bargnani,Antoine Wright,Hedo Turkoglu,Jose Calderon,Sonny Weems,3,1:37,NYK,free throw,,,,,,,1,,2,Sergio Rodriguez,,,foul,made,,,,
Bill Walker,David Lee,Eddie House,Sergio Rodriguez,Wilson Chandler,Andrea Bargnani,Antoine Wright,Hedo Turkoglu,Jose Calderon,Sonny Weems,3,1:37,NYK,free throw,,,,,,,2,,2,Sergio Rodriguez,,,foul,made,,,,
Bill Walker,David Lee,Eddie House,Sergio Rodriguez,Wilson Chandler,Andrea Bargnani,Antoine Wright,Hedo Turkoglu,Jose Calderon,Sonny Weems,3,1:24,TOR,shot,,,,,,,,,,Antoine Wright,,,,missed,,3pt,48,8
Bill Walker,David Lee,Eddie House,Sergio Rodriguez,Wilson Chandler,Andrea Bargnani,Antoine Wright,Hedo Turkoglu,Jose Calderon,Sonny Weems,3,1:23,NYK,rebound,,,,,,,,,,Sergio Rodriguez,,,,,,def,,
Bill Walker,David Lee,Eddie House,Sergio Rodriguez,Wilson Chandler,Andrea Bargnani,Antoine Wright,Hedo Turkoglu,Jose Calderon,Sonny Weems,3,1:19,NYK,shot,Sergio Rodriguez,,,,,,,,,Bill Walker,2,,,made,,running finger roll layup,23,7
Bill Walker,David Lee,Eddie House,Sergio Rodriguez,Wilson Chandler,Andrea Bargnani,Antoine Wright,Hedo Turkoglu,Jose Calderon,Sonny Weems,3,1:01,TOR,shot,Hedo Turkoglu,,,,,,,,,Sonny Weems,2,,,made,,pullup jump,24,14
Bill Walker,David Lee,Eddie House,Sergio Rodriguez,Wilson Chandler,Andrea Bargnani,Antoine Wright,Hedo Turkoglu,Jose Calderon,Sonny Weems,3,0:45,NYK,shot,,,,,,,,,,Wilson Chandler,,,,missed,,jump,36,24
Bill Walker,David Lee,Eddie House,Sergio Rodriguez,Wilson Chandler,Andrea Bargnani,Antoine Wright,Hedo Turkoglu,Jose Calderon,Sonny Weems,3,0:44,TOR,rebound,,,,,,,,,,Sonny Weems,,,,,,def,,
Bill Walker,David Lee,Eddie House,Sergio Rodriguez,Wilson Chandler,Andrea Bargnani,Antoine Wright,Hedo Turkoglu,Jose Calderon,Sonny Weems,3,0:35,TOR,shot,,,,,,,,,,Antoine Wright,,,,missed,,step back jump,4,6
Bill Walker,David Lee,Eddie House,Sergio Rodriguez,Wilson Chandler,Andrea Bargnani,Antoine Wright,Hedo Turkoglu,Jose Calderon,Sonny Weems,3,0:33,NYK,rebound,,,,,,,,,,David Lee,,,,,,def,,
Bill Walker,David Lee,Eddie House,Sergio Rodriguez,Wilson Chandler,Andrea Bargnani,Antoine Wright,Hedo Turkoglu,Jose Calderon,Sonny Weems,3,0:26,NYK,shot,Sergio Rodriguez,,,,,,,,,Bill Walker,2,,,made,,dunk,25,7
Bill Walker,David Lee,Eddie House,Sergio Rodriguez,Wilson Chandler,Andrea Bargnani,Antoine Wright,Hedo Turkoglu,Jose Calderon,Sonny Weems,3,0:08,NYK,foul,,,,,,,,Jose Calderon,,David Lee,,,,,,personal,,
Bill Walker,David Lee,Eddie House,Sergio Rodriguez,Wilson Chandler,Andrea Bargnani,Antoine Wright,Hedo Turkoglu,Jose Calderon,Sonny Weems,3,0:00,TOR,shot,,,,,,,,,,Jose Calderon,,,,missed,,driving layup,26,7
Bill Walker,David Lee,Eddie House,Sergio Rodriguez,Wilson Chandler,Andrea Bargnani,Antoine Wright,Hedo Turkoglu,Jose Calderon,Sonny Weems,3,0:00,NYK,rebound,,,,,,,,,,David Lee,,,,,,def,,
Bill Walker,David Lee,Eddie House,Sergio Rodriguez,Wilson Chandler,Amir Johnson,Andrea Bargnani,Antoine Wright,Jose Calderon,Sonny Weems,4,11:42,TOR,shot,,,,,,,,,,Jose Calderon,,,,missed,,3pt,5,20
Bill Walker,David Lee,Eddie House,Sergio Rodriguez,Wilson Chandler,Amir Johnson,Andrea Bargnani,Antoine Wright,Jose Calderon,Sonny Weems,4,11:38,TOR,rebound,,,,,,,,,,Amir Johnson,,,,,,off,,
Bill Walker,David Lee,Eddie House,Sergio Rodriguez,Wilson Chandler,Amir Johnson,Andrea Bargnani,Antoine Wright,Jose Calderon,Sonny Weems,4,11:36,TOR,shot,,,,,,,,,,Amir Johnson,2,,,made,,putback dunk,25,6
Bill Walker,David Lee,Eddie House,Sergio Rodriguez,Wilson Chandler,Amir Johnson,Andrea Bargnani,Antoine Wright,Jose Calderon,Sonny Weems,4,11:27,NYK,turnover,,,,,,,,,,Sergio Rodriguez,,,step out of bounds turnover,,,,,
Bill Walker,David Lee,Eddie House,Sergio Rodriguez,Wilson Chandler,Amir Johnson,Andrea Bargnani,Antoine Wright,Jose Calderon,Sonny Weems,4,11:15,TOR,shot,Andrea Bargnani,,,,,,,,,Sonny Weems,2,,,made,,layup,28,7
Bill Walker,David Lee,Eddie House,Sergio Rodriguez,Wilson Chandler,Amir Johnson,Andrea Bargnani,Antoine Wright,Jose Calderon,Sonny Weems,4,11:05,NYK,turnover,,,,,,,,,,David Lee,,,bad pass,,Amir Johnson,,,
Bill Walker,David Lee,Eddie House,Sergio Rodriguez,Wilson Chandler,Amir Johnson,Andrea Bargnani,Antoine Wright,Jose Calderon,Sonny Weems,4,10:51,TOR,shot,,,,,,,,,,Andrea Bargnani,,,,missed,,pullup jump,20,24
Bill Walker,David Lee,Eddie House,Sergio Rodriguez,Wilson Chandler,Amir Johnson,Andrea Bargnani,Antoine Wright,Jose Calderon,Sonny Weems,4,10:50,NYK,rebound,,,,,,,,,,David Lee,,,,,,def,,
Bill Walker,David Lee,Eddie House,Sergio Rodriguez,Wilson Chandler,Amir Johnson,Andrea Bargnani,Antoine Wright,Jose Calderon,Sonny Weems,4,10:43,NYK,shot,,,,,,,,,,Eddie House,,,,missed,,3pt,35,29
Bill Walker,David Lee,Eddie House,Sergio Rodriguez,Wilson Chandler,Amir Johnson,Andrea Bargnani,Antoine Wright,Jose Calderon,Sonny Weems,4,10:42,TOR,rebound,,,,,,,,,,Amir Johnson,,,,,,def,,
Bill Walker,David Lee,Eddie House,Sergio Rodriguez,Wilson Chandler,Amir Johnson,Andrea Bargnani,Antoine Wright,Jose Calderon,Sonny Weems,4,10:35,TOR,shot,Jose Calderon,,,,,,,,,Sonny Weems,2,,,made,,jump,8,10
Bill Walker,David Lee,Eddie House,Sergio Rodriguez,Wilson Chandler,Amir Johnson,Andrea Bargnani,Antoine Wright,Jose Calderon,Sonny Weems,4,10:33,NYK,timeout,,,,,,,,,,,,,,,,regular,,
Bill Walker,Danilo Gallinari,Eddie House,Sergio Rodriguez,Wilson Chandler,Amir Johnson,Andrea Bargnani,Antoine Wright,Jose Calderon,Sonny Weems,4,10:33,NYK,sub,,,,Danilo Gallinari,,David Lee,,,,,,,,,,,,
Al Harrington,Danilo Gallinari,Eddie House,Sergio Rodriguez,Wilson Chandler,Amir Johnson,Andrea Bargnani,Antoine Wright,Jose Calderon,Sonny Weems,4,10:33,NYK,sub,,,,Al Harrington,,Bill Walker,,,,,,,,,,,,
Al Harrington,Danilo Gallinari,Eddie House,Sergio Rodriguez,Wilson Chandler,Amir Johnson,Andrea Bargnani,Antoine Wright,Jose Calderon,Sonny Weems,4,10:25,NYK,shot,,,,,,,,,,Wilson Chandler,,,,missed,,jump,44,11
Al Harrington,Danilo Gallinari,Eddie House,Sergio Rodriguez,Wilson Chandler,Amir Johnson,Andrea Bargnani,Antoine Wright,Jose Calderon,Sonny Weems,4,10:25,TOR,rebound,,,,,,,,,,Sonny Weems,,,,,,def,,
Al Harrington,Danilo Gallinari,Eddie House,Sergio Rodriguez,Wilson Chandler,Amir Johnson,Andrea Bargnani,Antoine Wright,Jose Calderon,Sonny Weems,4,10:00,TOR,shot,,,,,,,,,,Antoine Wright,,,,missed,,3pt,6,26
Al Harrington,Danilo Gallinari,Eddie House,Sergio Rodriguez,Wilson Chandler,Amir Johnson,Andrea Bargnani,Antoine Wright,Jose Calderon,Sonny Weems,4,9:59,NYK,rebound,,,,,,,,,,Eddie House,,,,,,def,,
Al Harrington,Danilo Gallinari,Eddie House,Sergio Rodriguez,Wilson Chandler,Amir Johnson,Andrea Bargnani,Antoine Wright,Jose Calderon,Sonny Weems,4,9:42,NYK,shot,,,,,,,,,,Danilo Gallinari,2,,,made,,fade away jumper,13,7
Al Harrington,Danilo Gallinari,Eddie House,Sergio Rodriguez,Wilson Chandler,Amir Johnson,Andrea Bargnani,Antoine Wright,Jose Calderon,Sonny Weems,4,9:19,TOR,shot,,,,,,,,,,Andrea Bargnani,,,,missed,,3pt,38,28
Al Harrington,Danilo Gallinari,Eddie House,Sergio Rodriguez,Wilson Chandler,Amir Johnson,Andrea Bargnani,Antoine Wright,Jose Calderon,Sonny Weems,4,9:18,TOR,rebound,,,,,,,,,,Sonny Weems,,,,,,off,,
Al Harrington,Danilo Gallinari,Eddie House,Sergio Rodriguez,Wilson Chandler,Amir Johnson,Andrea Bargnani,Antoine Wright,Jose Calderon,Sonny Weems,4,9:04,TOR,shot,,,,,,,,,,Jose Calderon,2,,,made,,driving layup,27,7
Al Harrington,Danilo Gallinari,Sergio Rodriguez,Tracy McGrady,Wilson Chandler,Amir Johnson,Andrea Bargnani,Antoine Wright,Jose Calderon,Sonny Weems,4,8:58,NYK,sub,,,,Tracy McGrady,,Eddie House,,,,,,,,,,,,
Al Harrington,Danilo Gallinari,Sergio Rodriguez,Tracy McGrady,Wilson Chandler,Amir Johnson,Andrea Bargnani,Antoine Wright,Jose Calderon,Sonny Weems,4,8:58,NYK,jump ball,,Sergio Rodriguez,,,Antoine Wright,,,,,,,Amir Johnson,,,,,,
Al Harrington,Danilo Gallinari,Sergio Rodriguez,Tracy McGrady,Wilson Chandler,Amir Johnson,Andrea Bargnani,Antoine Wright,Jose Calderon,Sonny Weems,4,8:58,NYK,turnover,,,,,,,,,,Sergio Rodriguez,,,lost ball,,Antoine Wright,,,
Al Harrington,Danilo Gallinari,Sergio Rodriguez,Tracy McGrady,Wilson Chandler,Amir Johnson,Andrea Bargnani,Antoine Wright,Jose Calderon,Sonny Weems,4,8:39,TOR,shot,,,,,,,,,,Amir Johnson,,,,missed,,hook bank,21,7
Al Harrington,Danilo Gallinari,Sergio Rodriguez,Tracy McGrady,Wilson Chandler,Amir Johnson,Andrea Bargnani,Antoine Wright,Jose Calderon,Sonny Weems,4,8:37,NYK,rebound,,,,,,,,,,Al Harrington,,,,,,def,,
Al Harrington,Danilo Gallinari,Sergio Rodriguez,Tracy McGrady,Wilson Chandler,Amir Johnson,Andrea Bargnani,Antoine Wright,Jose Calderon,Sonny Weems,4,8:28,NYK,shot,,,,,,,,,,Wilson Chandler,2,,,made,,driving layup,23,7
Al Harrington,Danilo Gallinari,Sergio Rodriguez,Tracy McGrady,Wilson Chandler,Amir Johnson,Andrea Bargnani,Antoine Wright,Jose Calderon,Sonny Weems,4,8:07,TOR,shot,,,,,,,,,,Sonny Weems,,,,missed,,jump,15,22
Al Harrington,Danilo Gallinari,Sergio Rodriguez,Tracy McGrady,Wilson Chandler,Amir Johnson,Andrea Bargnani,Antoine Wright,Jose Calderon,Sonny Weems,4,8:05,NYK,rebound,,,,,,,,,,Sergio Rodriguez,,,,,,def,,
Al Harrington,Bill Walker,Danilo Gallinari,Tracy McGrady,Wilson Chandler,Amir Johnson,Andrea Bargnani,Antoine Wright,Jose Calderon,Sonny Weems,4,7:54,NYK,sub,,,,Bill Walker,,Sergio Rodriguez,,,,,,,,,,,,
Al Harrington,Bill Walker,Danilo Gallinari,Tracy McGrady,Wilson Chandler,Amir Johnson,Andrea Bargnani,Antoine Wright,Jose Calderon,Sonny Weems,4,7:41,NYK,shot,,,,,,,,,,Al Harrington,,,,missed,,jump,43,14
Al Harrington,Bill Walker,Danilo Gallinari,Tracy McGrady,Wilson Chandler,Amir Johnson,Andrea Bargnani,Antoine Wright,Jose Calderon,Sonny Weems,4,7:41,NYK,rebound,,,,,,,,,,,,,,,,,,
Al Harrington,Bill Walker,Danilo Gallinari,Tracy McGrady,Wilson Chandler,Amir Johnson,Andrea Bargnani,Antoine Wright,Jose Calderon,Sonny Weems,4,7:41,NYK,turnover,,,,,,,,,,,,,shot clock turnover,,,,,
Al Harrington,Bill Walker,Danilo Gallinari,Tracy McGrady,Wilson Chandler,Amir Johnson,Andrea Bargnani,Antoine Wright,Jose Calderon,Sonny Weems,4,7:28,NYK,foul,,,,,,,,Andrea Bargnani,,Al Harrington,,,,,,personal,,
Al Harrington,Bill Walker,Danilo Gallinari,Tracy McGrady,Wilson Chandler,Amir Johnson,Andrea Bargnani,Antoine Wright,Jarrett Jack,Sonny Weems,4,7:28,TOR,sub,,,,Jarrett Jack,,Jose Calderon,,,,,,,,,,,,
Al Harrington,Bill Walker,Danilo Gallinari,Tracy McGrady,Wilson Chandler,Amir Johnson,Andrea Bargnani,Antoine Wright,Jarrett Jack,Sonny Weems,4,7:21,TOR,shot,Jarrett Jack,,,,,,,,,Sonny Weems,2,,,made,,driving layup,27,6
Al Harrington,Bill Walker,Danilo Gallinari,Tracy McGrady,Wilson Chandler,Amir Johnson,Andrea Bargnani,Antoine Wright,Jarrett Jack,Sonny Weems,4,7:05,NYK,shot,,,,,,,,,,Al Harrington,,,,missed,,3pt,22,30
Al Harrington,Bill Walker,Danilo Gallinari,Tracy McGrady,Wilson Chandler,Amir Johnson,Andrea Bargnani,Antoine Wright,Jarrett Jack,Sonny Weems,4,7:04,TOR,rebound,,,,,,,,,,Jarrett Jack,,,,,,def,,
Al Harrington,Bill Walker,Danilo Gallinari,Tracy McGrady,Wilson Chandler,Amir Johnson,Andrea Bargnani,Antoine Wright,Jarrett Jack,Sonny Weems,4,6:56,TOR,shot,,,,,,,,,,Andrea Bargnani,,,,missed,,3pt,22,31
Al Harrington,Bill Walker,Danilo Gallinari,Tracy McGrady,Wilson Chandler,Amir Johnson,Andrea Bargnani,Antoine Wright,Jarrett Jack,Sonny Weems,4,6:55,NYK,rebound,,,,,,,,,,Al Harrington,,,,,,def,,
Al Harrington,Bill Walker,Danilo Gallinari,Tracy McGrady,Wilson Chandler,Amir Johnson,Andrea Bargnani,Antoine Wright,Jarrett Jack,Sonny Weems,4,6:47,NYK,turnover,,,,,,,,,,Tracy McGrady,,,bad pass,,Sonny Weems,,,
Al Harrington,Bill Walker,Danilo Gallinari,Tracy McGrady,Wilson Chandler,Amir Johnson,Andrea Bargnani,Antoine Wright,Jarrett Jack,Sonny Weems,4,6:37,TOR,shot,,,,,,,,,,Antoine Wright,,,,missed,,3pt,21,30
Al Harrington,Bill Walker,Danilo Gallinari,Tracy McGrady,Wilson Chandler,Amir Johnson,Andrea Bargnani,Antoine Wright,Jarrett Jack,Sonny Weems,4,6:36,TOR,rebound,,,,,,,,,,Amir Johnson,,,,,,off,,
Al Harrington,Bill Walker,Danilo Gallinari,Tracy McGrady,Wilson Chandler,Amir Johnson,Andrea Bargnani,Antoine Wright,Jarrett Jack,Sonny Weems,4,6:34,TOR,shot,,,,,,,,,,Amir Johnson,2,,,made,,layup,25,6
Al Harrington,Bill Walker,Danilo Gallinari,Tracy McGrady,Wilson Chandler,Amir Johnson,Andrea Bargnani,Antoine Wright,Jarrett Jack,Sonny Weems,4,6:16,NYK,shot,,,,,,,,,,Tracy McGrady,2,,,made,,pullup jump,15,22
Al Harrington,Bill Walker,Danilo Gallinari,Tracy McGrady,Wilson Chandler,Amir Johnson,Andrea Bargnani,Antoine Wright,Jarrett Jack,Sonny Weems,4,5:53,TOR,shot,,,,,,,,,,Sonny Weems,2,,,made,,pullup jump,32,26
Al Harrington,Bill Walker,Danilo Gallinari,Tracy McGrady,Wilson Chandler,Amir Johnson,Andrea Bargnani,Antoine Wright,Jarrett Jack,Sonny Weems,4,5:39,NYK,shot,,,,,,,,,,Tracy McGrady,,,,missed,,3pt,24,31
Al Harrington,Bill Walker,Danilo Gallinari,Tracy McGrady,Wilson Chandler,Amir Johnson,Andrea Bargnani,Antoine Wright,Jarrett Jack,Sonny Weems,4,5:38,NYK,rebound,,,,,,,,,,Bill Walker,,,,,,off,,
Al Harrington,Bill Walker,Danilo Gallinari,Tracy McGrady,Wilson Chandler,Amir Johnson,Andrea Bargnani,Antoine Wright,Jarrett Jack,Sonny Weems,4,5:28,NYK,shot,,,,,,,,,,Bill Walker,2,,,made,,driving layup,25,8
Al Harrington,Bill Walker,Danilo Gallinari,Tracy McGrady,Wilson Chandler,Amir Johnson,Andrea Bargnani,Antoine Wright,Jarrett Jack,Sonny Weems,4,5:05,TOR,shot,,,,,,,,,,Andrea Bargnani,,,,missed,,step back jump,9,11
Al Harrington,Bill Walker,Danilo Gallinari,Tracy McGrady,Wilson Chandler,Amir Johnson,Andrea Bargnani,Antoine Wright,Jarrett Jack,Sonny Weems,4,5:04,NYK,rebound,,,,,,,,,,Al Harrington,,,,,,def,,
Al Harrington,Bill Walker,Danilo Gallinari,Tracy McGrady,Wilson Chandler,Amir Johnson,Andrea Bargnani,Antoine Wright,Jarrett Jack,Sonny Weems,4,4:57,NYK,shot,Tracy McGrady,,,,,,,,,Danilo Gallinari,3,,,made,,3pt,43,23
Al Harrington,Bill Walker,Danilo Gallinari,Tracy McGrady,Wilson Chandler,Amir Johnson,Andrea Bargnani,Antoine Wright,Jarrett Jack,Sonny Weems,4,4:57,TOR,timeout,,,,,,,,,,,,,,,,regular,,
Al Harrington,Bill Walker,Danilo Gallinari,Tracy McGrady,Wilson Chandler,Amir Johnson,Antoine Wright,Jarrett Jack,Jose Calderon,Sonny Weems,4,4:57,TOR,sub,,,,Jose Calderon,,Andrea Bargnani,,,,,,,,,,,,
Al Harrington,Danilo Gallinari,David Lee,Tracy McGrady,Wilson Chandler,Amir Johnson,Antoine Wright,Jarrett Jack,Jose Calderon,Sonny Weems,4,4:57,NYK,sub,,,,David Lee,,Bill Walker,,,,,,,,,,,,
Al Harrington,Danilo Gallinari,David Lee,Tracy McGrady,Wilson Chandler,Amir Johnson,Antoine Wright,Jarrett Jack,Jose Calderon,Sonny Weems,4,4:49,NYK,foul,,,,,,,,Antoine Wright,,Danilo Gallinari,,,,,,personal,,
Al Harrington,Danilo Gallinari,David Lee,Tracy McGrady,Wilson Chandler,Amir Johnson,Antoine Wright,Jarrett Jack,Jose Calderon,Sonny Weems,4,4:41,TOR,shot,,,,,,,,,,Sonny Weems,,,,missed,,jump,9,21
Al Harrington,Danilo Gallinari,David Lee,Tracy McGrady,Wilson Chandler,Amir Johnson,Antoine Wright,Jarrett Jack,Jose Calderon,Sonny Weems,4,4:40,NYK,rebound,,,,,,,,,,David Lee,,,,,,def,,
Al Harrington,Danilo Gallinari,David Lee,Tracy McGrady,Wilson Chandler,Amir Johnson,Antoine Wright,Jarrett Jack,Jose Calderon,Sonny Weems,4,4:16,NYK,shot,,,,,,,,,,Danilo Gallinari,2,,,made,,jump,24,29
Al Harrington,Danilo Gallinari,David Lee,Tracy McGrady,Wilson Chandler,Amir Johnson,Antoine Wright,Jarrett Jack,Jose Calderon,Sonny Weems,4,3:51,TOR,shot,Sonny Weems,,,,,,,,,Jarrett Jack,2,,,made,,driving reverse layup,26,7
Al Harrington,Danilo Gallinari,David Lee,Tracy McGrady,Wilson Chandler,Amir Johnson,Antoine Wright,Jarrett Jack,Jose Calderon,Sonny Weems,4,3:37,NYK,shot,,,,,,,,,,Danilo Gallinari,,,,missed,,jump,45,11
Al Harrington,Danilo Gallinari,David Lee,Tracy McGrady,Wilson Chandler,Amir Johnson,Antoine Wright,Jarrett Jack,Jose Calderon,Sonny Weems,4,3:36,TOR,rebound,,,,,,,,,,Sonny Weems,,,,,,def,,
Al Harrington,Danilo Gallinari,David Lee,Tracy McGrady,Wilson Chandler,Amir Johnson,Antoine Wright,Jarrett Jack,Jose Calderon,Sonny Weems,4,3:25,TOR,shot,,,,,,,,,,Jose Calderon,,,,missed,,pullup jump,13,23
Al Harrington,Danilo Gallinari,David Lee,Tracy McGrady,Wilson Chandler,Amir Johnson,Antoine Wright,Jarrett Jack,Jose Calderon,Sonny Weems,4,3:23,TOR,rebound,,,,,,,,,,,,,,,,,,
Al Harrington,Danilo Gallinari,David Lee,Tracy McGrady,Wilson Chandler,Amir Johnson,Antoine Wright,Jarrett Jack,Jose Calderon,Sonny Weems,4,3:23,NYK,foul,,,,,,,,Amir Johnson,,David Lee,,,,,,loose ball,,
Al Harrington,Danilo Gallinari,David Lee,Tracy McGrady,Wilson Chandler,Andrea Bargnani,Antoine Wright,Jarrett Jack,Jose Calderon,Sonny Weems,4,3:23,TOR,sub,,,,Andrea Bargnani,,Amir Johnson,,,,,,,,,,,,
Al Harrington,Danilo Gallinari,David Lee,Tracy McGrady,Wilson Chandler,Andrea Bargnani,Antoine Wright,Jarrett Jack,Jose Calderon,Sonny Weems,4,3:15,TOR,shot,,,,,,,,,,Jose Calderon,2,,,made,,jump,18,25
Al Harrington,Danilo Gallinari,David Lee,Tracy McGrady,Wilson Chandler,Andrea Bargnani,Antoine Wright,Jarrett Jack,Jose Calderon,Sonny Weems,4,2:57,NYK,shot,,,,,,,,,,Danilo Gallinari,,,,missed,,jump,33,18
Al Harrington,Danilo Gallinari,David Lee,Tracy McGrady,Wilson Chandler,Andrea Bargnani,Antoine Wright,Jarrett Jack,Jose Calderon,Sonny Weems,4,2:56,NYK,rebound,,,,,,,,,,Wilson Chandler,,,,,,off,,
Al Harrington,Danilo Gallinari,David Lee,Tracy McGrady,Wilson Chandler,Andrea Bargnani,Antoine Wright,Jarrett Jack,Jose Calderon,Sonny Weems,4,2:55,TOR,foul,,,,,,,,Wilson Chandler,,Jose Calderon,,,,,,shooting,,
Al Harrington,Danilo Gallinari,David Lee,Tracy McGrady,Wilson Chandler,Andrea Bargnani,Antoine Wright,Jarrett Jack,Jose Calderon,Sonny Weems,4,2:55,NYK,timeout,,,,,,,,,,,,,,,,official,,
Al Harrington,Danilo Gallinari,David Lee,Tracy McGrady,Wilson Chandler,Andrea Bargnani,Antoine Wright,Jarrett Jack,Jose Calderon,Sonny Weems,4,2:55,NYK,free throw,,,,,,,1,,2,Wilson Chandler,,,foul,made,,,,
Al Harrington,Danilo Gallinari,David Lee,Tracy McGrady,Wilson Chandler,Andrea Bargnani,Antoine Wright,Jarrett Jack,Jose Calderon,Sonny Weems,4,2:55,NYK,free throw,,,,,,,2,,2,Wilson Chandler,,,foul,made,,,,
Al Harrington,Danilo Gallinari,David Lee,Tracy McGrady,Wilson Chandler,Andrea Bargnani,Antoine Wright,Jarrett Jack,Jose Calderon,Sonny Weems,4,2:39,TOR,shot,,,,,,,,,,Jarrett Jack,2,,,made,,jump,13,20
Al Harrington,Danilo Gallinari,David Lee,Tracy McGrady,Wilson Chandler,Andrea Bargnani,Antoine Wright,Jarrett Jack,Jose Calderon,Sonny Weems,4,2:20,NYK,shot,Al Harrington,,,,,,,,,Danilo Gallinari,2,,,made,,jump,46,6
Al Harrington,Danilo Gallinari,David Lee,Tracy McGrady,Wilson Chandler,Andrea Bargnani,Antoine Wright,Jarrett Jack,Jose Calderon,Sonny Weems,4,2:02,TOR,shot,,,,,,,,,,Jarrett Jack,,,,missed,,driving layup,23,6
Al Harrington,Danilo Gallinari,David Lee,Tracy McGrady,Wilson Chandler,Andrea Bargnani,Antoine Wright,Jarrett Jack,Jose Calderon,Sonny Weems,4,2:00,NYK,rebound,,,,,,,,,,David Lee,,,,,,def,,
Al Harrington,Danilo Gallinari,David Lee,Tracy McGrady,Wilson Chandler,Andrea Bargnani,Antoine Wright,Jarrett Jack,Jose Calderon,Sonny Weems,4,1:51,NYK,shot,,,,,,,,,,Wilson Chandler,,,,missed,,jump,32,7
Al Harrington,Danilo Gallinari,David Lee,Tracy McGrady,Wilson Chandler,Andrea Bargnani,Antoine Wright,Jarrett Jack,Jose Calderon,Sonny Weems,4,1:50,TOR,rebound,,,,,,,,,,Antoine Wright,,,,,,def,,
Al Harrington,Danilo Gallinari,David Lee,Tracy McGrady,Wilson Chandler,Andrea Bargnani,Antoine Wright,Jarrett Jack,Jose Calderon,Sonny Weems,4,1:30,TOR,shot,Jarrett Jack,,,,,,,,,Andrea Bargnani,2,,,made,,jump,9,7
Al Harrington,Danilo Gallinari,David Lee,Tracy McGrady,Wilson Chandler,Andrea Bargnani,Antoine Wright,Jarrett Jack,Jose Calderon,Sonny Weems,4,1:30,NYK,timeout,,,,,,,,,,,,,,,,regular,,
Al Harrington,Danilo Gallinari,David Lee,Tracy McGrady,Wilson Chandler,Andrea Bargnani,Antoine Wright,Jarrett Jack,Jose Calderon,Sonny Weems,4,1:18,NYK,shot,Al Harrington,,,,,,,,,Tracy McGrady,2,,,made,,layup,23,7
Al Harrington,Danilo Gallinari,David Lee,Tracy McGrady,Wilson Chandler,Andrea Bargnani,Antoine Wright,Jarrett Jack,Jose Calderon,Sonny Weems,4,0:57,TOR,shot,,,,,,,,,,Sonny Weems,2,,,made,,floating jump,22,11
Al Harrington,Danilo Gallinari,David Lee,Tracy McGrady,Wilson Chandler,Andrea Bargnani,Antoine Wright,Jarrett Jack,Jose Calderon,Sonny Weems,4,0:44,NYK,shot,,,,,,,,,,Wilson Chandler,,,,missed,,jump,46,7
Al Harrington,Danilo Gallinari,David Lee,Tracy McGrady,Wilson Chandler,Andrea Bargnani,Antoine Wright,Jarrett Jack,Jose Calderon,Sonny Weems,4,0:43,TOR,rebound,,,,,,,,,,Andrea Bargnani,,,,,,def,,
Al Harrington,Danilo Gallinari,David Lee,Tracy McGrady,Wilson Chandler,Andrea Bargnani,Antoine Wright,Jarrett Jack,Jose Calderon,Sonny Weems,4,0:19,TOR,shot,,,David Lee,,,,,,,Jarrett Jack,,,,missed,,driving layup,27,8
Al Harrington,Danilo Gallinari,David Lee,Tracy McGrady,Wilson Chandler,Andrea Bargnani,Antoine Wright,Jarrett Jack,Jose Calderon,Sonny Weems,4,0:17,NYK,rebound,,,,,,,,,,Tracy McGrady,,,,,,def,,
Al Harrington,Danilo Gallinari,David Lee,Tracy McGrady,Wilson Chandler,Andrea Bargnani,Antoine Wright,Jarrett Jack,Jose Calderon,Sonny Weems,4,0:13,NYK,shot,,,,,,,,,,Tracy McGrady,,,,missed,,3pt,25,31
Al Harrington,Danilo Gallinari,David Lee,Tracy McGrady,Wilson Chandler,Andrea Bargnani,Antoine Wright,Jarrett Jack,Jose Calderon,Sonny Weems,4,0:12,NYK,rebound,,,,,,,,,,,,,,,,,,
Al Harrington,Danilo Gallinari,David Lee,Tracy McGrady,Wilson Chandler,Andrea Bargnani,Antoine Wright,Jarrett Jack,Jose Calderon,Sonny Weems,4,0:12,NYK,timeout,,,,,,,,,,,,,,,,short,,
Al Harrington,Danilo Gallinari,David Lee,Tracy McGrady,Wilson Chandler,Andrea Bargnani,Antoine Wright,Jarrett Jack,Jose Calderon,Sonny Weems,4,0:08,NYK,shot,,,,,,,,,,Danilo Gallinari,,,,missed,,3pt,2,6
Al Harrington,Danilo Gallinari,David Lee,Tracy McGrady,Wilson Chandler,Andrea Bargnani,Antoine Wright,Jarrett Jack,Jose Calderon,Sonny Weems,4,0:07,TOR,rebound,,,,,,,,,,Jose Calderon,,,,,,def,,
