a1,a2,a3,a4,a5,h1,h2,h3,h4,h5,period,time,team,etype,assist,away,block,entered,home,left,num,opponent,outof,player,points,possession,reason,result,steal,type,x,y
Darren Collison,David West,Emeka Okafor,Morris Peterson,Peja Stojakovic,Brendan Haywood,Caron Butler,Dirk Nowitzki,Jason Kidd,Shawn Marion,1,12:00,OFF,jump ball,,Emeka Okafor,,,Brendan Haywood,,,,,,,Darren Collison,,,,,,
Darren Collison,David West,Emeka Okafor,Morris Peterson,Peja Stojakovic,Brendan Haywood,Caron Butler,Dirk Nowitzki,Jason Kidd,Shawn Marion,1,11:35,NOH,shot,,,,,,,,,,David West,,,,missed,,step back jump,42,8
Darren Collison,David West,Emeka Okafor,Morris Peterson,Peja Stojakovic,Brendan Haywood,Caron Butler,Dirk Nowitzki,Jason Kidd,Shawn Marion,1,11:34,DAL,rebound,,,,,,,,,,Caron Butler,,,,,,def,,
Darren Collison,David West,Emeka Okafor,Morris Peterson,Peja Stojakovic,Brendan Haywood,Caron Butler,Dirk Nowitzki,Jason Kidd,Shawn Marion,1,11:16,DAL,shot,Shawn Marion,,,,,,,,,Jason Kidd,3,,,made,,3pt,33,30
Darren Collison,David West,Emeka Okafor,Morris Peterson,Peja Stojakovic,Brendan Haywood,Caron Butler,Dirk Nowitzki,Jason Kidd,Shawn Marion,1,10:59,NOH,shot,Peja Stojakovic,,,,,,,,,Darren Collison,2,,,made,,jump,7,14
Darren Collison,David West,Emeka Okafor,Morris Peterson,Peja Stojakovic,Brendan Haywood,Caron Butler,Dirk Nowitzki,Jason Kidd,Shawn Marion,1,10:48,DAL,shot,Dirk Nowitzki,,,,,,,,,Caron Butler,2,,,made,,jump,21,25
Darren Collison,David West,Emeka Okafor,Morris Peterson,Peja Stojakovic,Brendan Haywood,Caron Butler,Dirk Nowitzki,Jason Kidd,Shawn Marion,1,10:35,NOH,shot,,,,,,,,,,Morris Peterson,,,,missed,,jump,15,26
Darren Collison,David West,Emeka Okafor,Morris Peterson,Peja Stojakovic,Brendan Haywood,Caron Butler,Dirk Nowitzki,Jason Kidd,Shawn Marion,1,10:34,DAL,rebound,,,,,,,,,,Dirk Nowitzki,,,,,,def,,
Darren Collison,David West,Emeka Okafor,Morris Peterson,Peja Stojakovic,Brendan Haywood,Caron Butler,Dirk Nowitzki,Jason Kidd,Shawn Marion,1,10:23,DAL,shot,,,,,,,,,,Jason Kidd,,,,missed,,3pt,36,28
Darren Collison,David West,Emeka Okafor,Morris Peterson,Peja Stojakovic,Brendan Haywood,Caron Butler,Dirk Nowitzki,Jason Kidd,Shawn Marion,1,10:23,NOH,rebound,,,,,,,,,,Emeka Okafor,,,,,,def,,
Darren Collison,David West,Emeka Okafor,Morris Peterson,Peja Stojakovic,Brendan Haywood,Caron Butler,Dirk Nowitzki,Jason Kidd,Shawn Marion,1,10:12,NOH,shot,David West,,,,,,,,,Darren Collison,2,,,made,,jump,30,27
Darren Collison,David West,Emeka Okafor,Morris Peterson,Peja Stojakovic,Brendan Haywood,Caron Butler,Dirk Nowitzki,Jason Kidd,Shawn Marion,1,10:01,DAL,shot,,,,,,,,,,Shawn Marion,,,,missed,,step back jump,28,15
Darren Collison,David West,Emeka Okafor,Morris Peterson,Peja Stojakovic,Brendan Haywood,Caron Butler,Dirk Nowitzki,Jason Kidd,Shawn Marion,1,10:00,NOH,rebound,,,,,,,,,,Emeka Okafor,,,,,,def,,
Darren Collison,David West,Emeka Okafor,Morris Peterson,Peja Stojakovic,Brendan Haywood,Caron Butler,Dirk Nowitzki,Jason Kidd,Shawn Marion,1,9:45,NOH,shot,David West,,,,,,,,,Peja Stojakovic,3,,,made,,3pt,25,31
Darren Collison,David West,Emeka Okafor,Morris Peterson,Peja Stojakovic,Brendan Haywood,Caron Butler,Dirk Nowitzki,Jason Kidd,Shawn Marion,1,9:25,DAL,shot,,,Emeka Okafor,,,,,,,Jason Kidd,,,,missed,,jump,28,12
Darren Collison,David West,Emeka Okafor,Morris Peterson,Peja Stojakovic,Brendan Haywood,Caron Butler,Dirk Nowitzki,Jason Kidd,Shawn Marion,1,9:23,DAL,rebound,,,,,,,,,,Dirk Nowitzki,,,,,,off,,
Darren Collison,David West,Emeka Okafor,Morris Peterson,Peja Stojakovic,Brendan Haywood,Caron Butler,Dirk Nowitzki,Jason Kidd,Shawn Marion,1,9:18,DAL,shot,Dirk Nowitzki,,,,,,,,,Jason Kidd,3,,,made,,3pt,48,5
Darren Collison,David West,Emeka Okafor,Morris Peterson,Peja Stojakovic,Brendan Haywood,Caron Butler,Dirk Nowitzki,Jason Kidd,Shawn Marion,1,8:58,NOH,shot,,,,,,,,,,Morris Peterson,,,,missed,,3pt,48,7
Darren Collison,David West,Emeka Okafor,Morris Peterson,Peja Stojakovic,Brendan Haywood,Caron Butler,Dirk Nowitzki,Jason Kidd,Shawn Marion,1,8:57,DAL,rebound,,,,,,,,,,Jason Kidd,,,,,,def,,
Darren Collison,David West,Emeka Okafor,Morris Peterson,Peja Stojakovic,Brendan Haywood,Caron Butler,Dirk Nowitzki,Jason Kidd,Shawn Marion,1,8:53,DAL,shot,,,,,,,,,,Caron Butler,2,,,made,,running layup,25,6
Darren Collison,David West,Emeka Okafor,Morris Peterson,Peja Stojakovic,Brendan Haywood,Caron Butler,Dirk Nowitzki,Jason Kidd,Shawn Marion,1,8:31,NOH,shot,,,,,,,,,,Peja Stojakovic,2,,,made,,step back jump,8,13
Darren Collison,David West,Emeka Okafor,Morris Peterson,Peja Stojakovic,Brendan Haywood,Caron Butler,Dirk Nowitzki,Jason Kidd,Shawn Marion,1,8:14,DAL,shot,,,,,,,,,,Jason Kidd,,,,missed,,turnaround jump,27,14
Darren Collison,David West,Emeka Okafor,Morris Peterson,Peja Stojakovic,Brendan Haywood,Caron Butler,Dirk Nowitzki,Jason Kidd,Shawn Marion,1,8:13,NOH,rebound,,,,,,,,,,Darren Collison,,,,,,def,,
Darren Collison,David West,Emeka Okafor,Morris Peterson,Peja Stojakovic,Brendan Haywood,Caron Butler,Dirk Nowitzki,Jason Kidd,Shawn Marion,1,7:52,NOH,shot,Morris Peterson,,,,,,,,,Emeka Okafor,2,,,made,,slam dunk,25,6
Darren Collison,David West,Emeka Okafor,Morris Peterson,Peja Stojakovic,Brendan Haywood,Caron Butler,Dirk Nowitzki,Jason Kidd,Shawn Marion,1,7:42,DAL,shot,Dirk Nowitzki,,,,,,,,,Caron Butler,2,,,made,,jump,10,18
Darren Collison,David West,Emeka Okafor,Morris Peterson,Peja Stojakovic,Brendan Haywood,Caron Butler,Dirk Nowitzki,Jason Kidd,Shawn Marion,1,7:30,NOH,shot,,,,,,,,,,Darren Collison,3,,,made,,3pt,2,16
Darren Collison,David West,Emeka Okafor,Morris Peterson,Peja Stojakovic,Brendan Haywood,Caron Butler,Dirk Nowitzki,Jason Kidd,Shawn Marion,1,7:23,DAL,shot,,,,,,,,,,Caron Butler,,,,missed,,driving reverse layup,25,6
Darren Collison,David West,Emeka Okafor,Morris Peterson,Peja Stojakovic,Brendan Haywood,Caron Butler,Dirk Nowitzki,Jason Kidd,Shawn Marion,1,7:21,DAL,rebound,,,,,,,,,,Shawn Marion,,,,,,off,,
Darren Collison,David West,Emeka Okafor,Morris Peterson,Peja Stojakovic,Brendan Haywood,Caron Butler,Dirk Nowitzki,Jason Kidd,Shawn Marion,1,7:19,DAL,shot,,,,,,,,,,Shawn Marion,,,,missed,,layup,25,6
Darren Collison,David West,Emeka Okafor,Morris Peterson,Peja Stojakovic,Brendan Haywood,Caron Butler,Dirk Nowitzki,Jason Kidd,Shawn Marion,1,7:18,NOH,rebound,,,,,,,,,,David West,,,,,,def,,
Darren Collison,David West,Emeka Okafor,Morris Peterson,Peja Stojakovic,Brendan Haywood,Caron Butler,Dirk Nowitzki,Jason Kidd,Shawn Marion,1,7:04,NOH,shot,,,,,,,,,,Peja Stojakovic,,,,missed,,3pt,8,29
Darren Collison,David West,Emeka Okafor,Morris Peterson,Peja Stojakovic,Brendan Haywood,Caron Butler,Dirk Nowitzki,Jason Kidd,Shawn Marion,1,7:03,DAL,rebound,,,,,,,,,,Jason Kidd,,,,,,def,,
Darren Collison,David West,Emeka Okafor,Morris Peterson,Peja Stojakovic,Brendan Haywood,Caron Butler,Dirk Nowitzki,Jason Kidd,Shawn Marion,1,6:59,DAL,shot,Shawn Marion,,,,,,,,,Jason Kidd,2,,,made,,running finger roll layup,25,6
Darren Collison,David West,Emeka Okafor,Morris Peterson,Peja Stojakovic,Brendan Haywood,Caron Butler,Dirk Nowitzki,Jason Kidd,Shawn Marion,1,6:32,NOH,shot,,,,,,,,,,Darren Collison,,,,missed,,3pt,23,30
Darren Collison,David West,Emeka Okafor,Morris Peterson,Peja Stojakovic,Brendan Haywood,Caron Butler,Dirk Nowitzki,Jason Kidd,Shawn Marion,1,6:32,NOH,rebound,,,,,,,,,,Emeka Okafor,,,,,,off,,
Darren Collison,David West,Emeka Okafor,Morris Peterson,Peja Stojakovic,Brendan Haywood,Caron Butler,Dirk Nowitzki,Jason Kidd,Shawn Marion,1,6:28,NOH,shot,Emeka Okafor,,,,,,,,,Darren Collison,2,,,made,,layup,25,6
Darren Collison,David West,Emeka Okafor,Morris Peterson,Peja Stojakovic,Brendan Haywood,Caron Butler,Dirk Nowitzki,Jason Kidd,Shawn Marion,1,6:20,DAL,timeout,,,,,,,,,,,,,,,,regular,,
Darren Collison,David West,Emeka Okafor,Morris Peterson,Peja Stojakovic,Brendan Haywood,Caron Butler,Dirk Nowitzki,Jason Kidd,Shawn Marion,1,6:14,NOH,foul,,,,,,,,Dirk Nowitzki,,David West,,,,,,shooting,,
Darren Collison,David West,Emeka Okafor,Morris Peterson,Peja Stojakovic,Brendan Haywood,Caron Butler,Dirk Nowitzki,Jason Kidd,Shawn Marion,1,6:14,DAL,free throw,,,,,,,1,,2,Dirk Nowitzki,,,foul,made,,,,
Darren Collison,David West,Emeka Okafor,Morris Peterson,Peja Stojakovic,Brendan Haywood,Caron Butler,Dirk Nowitzki,Jason Kidd,Shawn Marion,1,6:14,DAL,free throw,,,,,,,2,,2,Dirk Nowitzki,,,foul,made,,,,
Darren Collison,David West,Emeka Okafor,Morris Peterson,Peja Stojakovic,Brendan Haywood,Caron Butler,Dirk Nowitzki,Jason Kidd,Shawn Marion,1,6:02,NOH,shot,David West,,,,,,,,,Peja Stojakovic,2,,,made,,jump,30,21
Darren Collison,David West,Emeka Okafor,Morris Peterson,Peja Stojakovic,Brendan Haywood,Caron Butler,Dirk Nowitzki,Jason Kidd,Shawn Marion,1,5:47,DAL,shot,,,,,,,,,,Dirk Nowitzki,,,,missed,,jump,13,10
Darren Collison,David West,Emeka Okafor,Morris Peterson,Peja Stojakovic,Brendan Haywood,Caron Butler,Dirk Nowitzki,Jason Kidd,Shawn Marion,1,5:46,NOH,rebound,,,,,,,,,,Peja Stojakovic,,,,,,def,,
Darren Collison,David West,Emeka Okafor,Morris Peterson,Peja Stojakovic,Brendan Haywood,Caron Butler,Dirk Nowitzki,Jason Kidd,Shawn Marion,1,5:22,NOH,shot,,,,,,,,,,Darren Collison,2,,,made,,running jump,18,8
Darren Collison,David West,Emeka Okafor,Morris Peterson,Peja Stojakovic,Brendan Haywood,Caron Butler,Dirk Nowitzki,Jason Kidd,Shawn Marion,1,5:01,DAL,shot,,,,,,,,,,Dirk Nowitzki,2,,,made,,driving layup,25,6
Darren Collison,David West,Emeka Okafor,Morris Peterson,Peja Stojakovic,Brendan Haywood,Caron Butler,Dirk Nowitzki,Jason Kidd,Shawn Marion,1,4:49,NOH,shot,,,,,,,,,,Emeka Okafor,,,,missed,,alley oop dunk,25,6
Darren Collison,David West,Emeka Okafor,Morris Peterson,Peja Stojakovic,Brendan Haywood,Caron Butler,Dirk Nowitzki,Jason Kidd,Shawn Marion,1,4:47,DAL,rebound,,,,,,,,,,Brendan Haywood,,,,,,def,,
Darren Collison,David West,Emeka Okafor,Morris Peterson,Peja Stojakovic,Brendan Haywood,Caron Butler,Dirk Nowitzki,Jason Kidd,Shawn Marion,1,4:43,DAL,shot,Jason Kidd,,,,,,,,,Brendan Haywood,2,,,made,,dunk,25,6
Darren Collison,David West,Emeka Okafor,Morris Peterson,Peja Stojakovic,Brendan Haywood,Caron Butler,Dirk Nowitzki,Jason Kidd,Shawn Marion,1,4:43,NOH,foul,,,,,,,,Brendan Haywood,,Morris Peterson,,,,,,shooting,,
Darren Collison,David West,Emeka Okafor,Morris Peterson,Peja Stojakovic,Brendan Haywood,Dirk Nowitzki,Jason Kidd,Jason Terry,Shawn Marion,1,4:43,DAL,sub,,,,Jason Terry,,Caron Butler,,,,,,,,,,,,
Darren Collison,David West,Emeka Okafor,Morris Peterson,Peja Stojakovic,Brendan Haywood,Dirk Nowitzki,Jason Kidd,Jason Terry,Shawn Marion,1,4:43,DAL,free throw,,,,,,,1,,1,Brendan Haywood,,,foul,made,,,,
Darren Collison,David West,Emeka Okafor,Morris Peterson,Peja Stojakovic,Brendan Haywood,Dirk Nowitzki,Jason Kidd,Jason Terry,Shawn Marion,1,4:21,NOH,shot,,,,,,,,,,David West,,,,missed,,jump,23,12
Darren Collison,David West,Emeka Okafor,Morris Peterson,Peja Stojakovic,Brendan Haywood,Dirk Nowitzki,Jason Kidd,Jason Terry,Shawn Marion,1,4:20,NOH,rebound,,,,,,,,,,Emeka Okafor,,,,,,off,,
Darren Collison,David West,Emeka Okafor,Morris Peterson,Peja Stojakovic,Brendan Haywood,Dirk Nowitzki,Jason Kidd,Jason Terry,Shawn Marion,1,4:20,NOH,shot,,,,,,,,,,Emeka Okafor,2,,,made,,tip,25,6
Darren Collison,David West,Emeka Okafor,Morris Peterson,Peja Stojakovic,Brendan Haywood,Dirk Nowitzki,Jason Kidd,Jason Terry,Shawn Marion,1,4:05,DAL,shot,,,,,,,,,,Dirk Nowitzki,2,,,made,,jump,11,12
Darren Collison,David West,Emeka Okafor,Morris Peterson,Peja Stojakovic,Brendan Haywood,Dirk Nowitzki,Jason Kidd,Jason Terry,Shawn Marion,1,3:58,NOH,turnover,,,,,,,,,,Darren Collison,,,bad pass,,Jason Kidd,,,
Darren Collison,David West,Emeka Okafor,Morris Peterson,Peja Stojakovic,Brendan Haywood,Dirk Nowitzki,Jason Kidd,Jason Terry,Shawn Marion,1,3:56,DAL,turnover,,,,,,,,,,Jason Kidd,,,poss lost ball turnover,,,,,
Darren Collison,David West,Emeka Okafor,Morris Peterson,Peja Stojakovic,Brendan Haywood,Dirk Nowitzki,Jason Kidd,Jason Terry,Shawn Marion,1,3:46,NOH,turnover,,,,,,,,,,Darren Collison,,,bad pass,,Dirk Nowitzki,,,
Darren Collison,David West,Emeka Okafor,Morris Peterson,Peja Stojakovic,Brendan Haywood,Dirk Nowitzki,Jason Kidd,Jason Terry,Shawn Marion,1,3:42,DAL,shot,Jason Terry,,,,,,,,,Shawn Marion,2,,,made,,running layup,25,6
Darren Collison,David West,Emeka Okafor,Morris Peterson,Peja Stojakovic,Brendan Haywood,Dirk Nowitzki,Jason Kidd,Jason Terry,Shawn Marion,1,3:17,NOH,shot,,,,,,,,,,Morris Peterson,,,,missed,,jump,31,18
Darren Collison,David West,Emeka Okafor,Morris Peterson,Peja Stojakovic,Brendan Haywood,Dirk Nowitzki,Jason Kidd,Jason Terry,Shawn Marion,1,3:16,DAL,rebound,,,,,,,,,,Jason Kidd,,,,,,def,,
Darren Collison,David West,Emeka Okafor,Morris Peterson,Peja Stojakovic,Brendan Haywood,Dirk Nowitzki,Jason Kidd,Jason Terry,Shawn Marion,1,3:11,DAL,shot,Jason Kidd,,,,,,,,,Jason Terry,2,,,made,,driving layup,25,6
Darren Collison,David West,Emeka Okafor,Morris Peterson,Peja Stojakovic,Brendan Haywood,Dirk Nowitzki,Jason Kidd,Jason Terry,Shawn Marion,1,2:49,NOH,shot,,,,,,,,,,David West,2,,,made,,running hook,21,12
Darren Collison,David West,Emeka Okafor,Morris Peterson,Peja Stojakovic,Brendan Haywood,Dirk Nowitzki,Jason Kidd,Jason Terry,Shawn Marion,1,2:33,NOH,foul,,,,,,,,Dirk Nowitzki,,David West,,,,,,personal,,
Darren Collison,David West,Emeka Okafor,Morris Peterson,Peja Stojakovic,Brendan Haywood,Dirk Nowitzki,Jason Kidd,Jason Terry,Shawn Marion,1,2:33,NOH,timeout,,,,,,,,,,,,,,,,regular,,
Darren Collison,David West,Emeka Okafor,Morris Peterson,Peja Stojakovic,Brendan Haywood,Caron Butler,Dirk Nowitzki,Jason Kidd,Jason Terry,1,2:33,DAL,sub,,,,Caron Butler,,Shawn Marion,,,,,,,,,,,,
Darren Collison,Emeka Okafor,James Posey,Morris Peterson,Peja Stojakovic,Brendan Haywood,Caron Butler,Dirk Nowitzki,Jason Kidd,Jason Terry,1,2:33,NOH,sub,,,,James Posey,,David West,,,,,,,,,,,,
Darren Collison,Emeka Okafor,James Posey,Marcus Thornton,Peja Stojakovic,Brendan Haywood,Caron Butler,Dirk Nowitzki,Jason Kidd,Jason Terry,1,2:33,NOH,sub,,,,Marcus Thornton,,Morris Peterson,,,,,,,,,,,,
Darren Collison,Emeka Okafor,James Posey,Marcus Thornton,Peja Stojakovic,Brendan Haywood,Caron Butler,Dirk Nowitzki,Jason Kidd,Jason Terry,1,2:25,DAL,shot,,,,,,,,,,Dirk Nowitzki,,,,missed,,jump,9,16
Darren Collison,Emeka Okafor,James Posey,Marcus Thornton,Peja Stojakovic,Brendan Haywood,Caron Butler,Dirk Nowitzki,Jason Kidd,Jason Terry,1,2:24,NOH,rebound,,,,,,,,,,Emeka Okafor,,,,,,def,,
Darren Collison,Emeka Okafor,James Posey,Marcus Thornton,Peja Stojakovic,Brendan Haywood,Caron Butler,Dirk Nowitzki,Jason Kidd,Jason Terry,1,2:13,NOH,shot,,,,,,,,,,Peja Stojakovic,,,,missed,,jump,17,24
Darren Collison,Emeka Okafor,James Posey,Marcus Thornton,Peja Stojakovic,Brendan Haywood,Caron Butler,Dirk Nowitzki,Jason Kidd,Jason Terry,1,2:12,DAL,rebound,,,,,,,,,,Jason Kidd,,,,,,def,,
Darren Collison,Emeka Okafor,James Posey,Marcus Thornton,Peja Stojakovic,Brendan Haywood,Caron Butler,Dirk Nowitzki,Jason Kidd,Jason Terry,1,2:07,DAL,shot,Jason Terry,,,,,,,,,Brendan Haywood,2,,,made,,slam dunk,25,6
Darren Collison,Emeka Okafor,James Posey,Marcus Thornton,Peja Stojakovic,Brendan Haywood,Caron Butler,Dirk Nowitzki,Jason Kidd,Jason Terry,1,1:51,NOH,shot,,,,,,,,,,James Posey,,,,missed,,3pt,32,29
Darren Collison,Emeka Okafor,James Posey,Marcus Thornton,Peja Stojakovic,Brendan Haywood,Caron Butler,Dirk Nowitzki,Jason Kidd,Jason Terry,1,1:50,DAL,rebound,,,,,,,,,,Caron Butler,,,,,,def,,
Darren Collison,Emeka Okafor,James Posey,Marcus Thornton,Peja Stojakovic,Brendan Haywood,Caron Butler,Dirk Nowitzki,Jason Kidd,Jason Terry,1,1:44,DAL,shot,,,,,,,,,,Dirk Nowitzki,,,,missed,,jump,40,7
Darren Collison,Emeka Okafor,James Posey,Marcus Thornton,Peja Stojakovic,Brendan Haywood,Caron Butler,Dirk Nowitzki,Jason Kidd,Jason Terry,1,1:43,NOH,rebound,,,,,,,,,,Darren Collison,,,,,,def,,
Darren Collison,Emeka Okafor,James Posey,Marcus Thornton,Peja Stojakovic,Brendan Haywood,Caron Butler,Dirk Nowitzki,Jason Kidd,Jason Terry,1,1:30,NOH,turnover,,,,,,,,,,Emeka Okafor,,,bad pass,,Caron Butler,,,
Darren Collison,Emeka Okafor,James Posey,Marcus Thornton,Peja Stojakovic,Brendan Haywood,Caron Butler,Dirk Nowitzki,Jason Kidd,Jason Terry,1,1:25,DAL,shot,Jason Terry,,,,,,,,,Caron Butler,2,,,made,,driving layup,25,6
Darren Collison,Emeka Okafor,James Posey,Marcus Thornton,Peja Stojakovic,Brendan Haywood,Caron Butler,Dirk Nowitzki,Jason Kidd,Jason Terry,1,1:05,NOH,shot,,,,,,,,,,Marcus Thornton,,,,missed,,jump,5,9
Darren Collison,Emeka Okafor,James Posey,Marcus Thornton,Peja Stojakovic,Brendan Haywood,Caron Butler,Dirk Nowitzki,Jason Kidd,Jason Terry,1,1:04,DAL,rebound,,,,,,,,,,Caron Butler,,,,,,def,,
Darren Collison,Emeka Okafor,James Posey,Marcus Thornton,Peja Stojakovic,Brendan Haywood,Caron Butler,Dirk Nowitzki,Jason Kidd,Jason Terry,1,0:50,DAL,shot,,,,,,,,,,Jason Kidd,2,,,made,,driving finger roll layup,25,6
Darren Collison,Emeka Okafor,James Posey,Marcus Thornton,Peja Stojakovic,Brendan Haywood,Caron Butler,Dirk Nowitzki,Jason Kidd,Jason Terry,1,0:47,NOH,turnover,,,,,,,,,,James Posey,,,bad pass,,Caron Butler,,,
Darren Collison,Emeka Okafor,James Posey,Marcus Thornton,Peja Stojakovic,Brendan Haywood,Caron Butler,Dirk Nowitzki,Jason Kidd,Jason Terry,1,0:37,DAL,shot,,,,,,,,,,Jason Terry,,,,missed,,3pt,42,23
Darren Collison,Emeka Okafor,James Posey,Marcus Thornton,Peja Stojakovic,Brendan Haywood,Caron Butler,Dirk Nowitzki,Jason Kidd,Jason Terry,1,0:37,DAL,rebound,,,,,,,,,,Jason Kidd,,,,,,off,,
Darren Collison,Emeka Okafor,James Posey,Marcus Thornton,Peja Stojakovic,Brendan Haywood,Caron Butler,Dirk Nowitzki,Jason Kidd,Jason Terry,1,0:33,DAL,shot,Jason Kidd,,,,,,,,,Dirk Nowitzki,2,,,made,,jump,25,24
Darren Collison,Emeka Okafor,James Posey,Marcus Thornton,Peja Stojakovic,Brendan Haywood,Caron Butler,Dirk Nowitzki,Jason Kidd,Jason Terry,1,0:30,NOH,timeout,,,,,,,,,,,,,,,,short,,
Darren Collison,Emeka Okafor,James Posey,Marcus Thornton,Peja Stojakovic,Brendan Haywood,Caron Butler,Jason Kidd,Jason Terry,Shawn Marion,1,0:30,DAL,sub,,,,Shawn Marion,,Dirk Nowitzki,,,,,,,,,,,,
Darren Collison,Emeka Okafor,James Posey,Marcus Thornton,Peja Stojakovic,Brendan Haywood,Caron Butler,Jason Kidd,Jason Terry,Shawn Marion,1,0:09,NOH,shot,,,,,,,,,,Darren Collison,,,,missed,,jump,19,17
Darren Collison,Emeka Okafor,James Posey,Marcus Thornton,Peja Stojakovic,Brendan Haywood,Caron Butler,Jason Kidd,Jason Terry,Shawn Marion,1,0:08,DAL,rebound,,,,,,,,,,Jason Kidd,,,,,,def,,
Darren Collison,Emeka Okafor,James Posey,Marcus Thornton,Peja Stojakovic,Brendan Haywood,Caron Butler,Jason Kidd,Jason Terry,Shawn Marion,1,0:00,DAL,turnover,,,,,,,,,,Shawn Marion,,,lost ball,,Emeka Okafor,,,
Darren Collison,Emeka Okafor,James Posey,Marcus Thornton,Peja Stojakovic,Brendan Haywood,Caron Butler,Jason Kidd,Jason Terry,Shawn Marion,1,0:00,NOH,shot,,,,,,,,,,Darren Collison,,,,missed,,3pt,25,64
Darren Collison,Emeka Okafor,James Posey,Marcus Thornton,Peja Stojakovic,Brendan Haywood,Caron Butler,Jason Kidd,Jason Terry,Shawn Marion,1,0:00,NOH,rebound,,,,,,,,,,,,,,,,,,
Darren Collison,Emeka Okafor,James Posey,Julian Wright,Marcus Thornton,Brendan Haywood,Caron Butler,Jason Terry,Jose Juan Barea,Shawn Marion,2,11:44,DAL,shot,Jose Juan Barea,,,,,,,,,Jason Terry,2,,,made,,jump,41,14
Darren Collison,Emeka Okafor,James Posey,Julian Wright,Marcus Thornton,Brendan Haywood,Caron Butler,Jason Terry,Jose Juan Barea,Shawn Marion,2,11:20,NOH,shot,,,,,,,,,,Darren Collison,2,,,made,,pullup jump,11,9
Darren Collison,Emeka Okafor,James Posey,Julian Wright,Marcus Thornton,Brendan Haywood,Caron Butler,Jason Terry,Jose Juan Barea,Shawn Marion,2,11:08,NOH,foul,,,,,,,,Brendan Haywood,,Emeka Okafor,,,,,,shooting,,
Darren Collison,Emeka Okafor,James Posey,Julian Wright,Marcus Thornton,Brendan Haywood,Caron Butler,Jason Terry,Jose Juan Barea,Shawn Marion,2,11:08,DAL,free throw,,,,,,,1,,2,Brendan Haywood,,,foul,made,,,,
Darren Collison,Emeka Okafor,James Posey,Julian Wright,Marcus Thornton,Brendan Haywood,Caron Butler,Jason Terry,Jose Juan Barea,Shawn Marion,2,11:08,DAL,free throw,,,,,,,2,,2,Brendan Haywood,,,foul,made,,,,
Darren Collison,Emeka Okafor,James Posey,Julian Wright,Marcus Thornton,Brendan Haywood,Caron Butler,Jason Terry,Jose Juan Barea,Shawn Marion,2,10:51,DAL,foul,,,,,,,,Marcus Thornton,,Jason Terry,,,,,,personal,,
Darren Collison,Emeka Okafor,James Posey,Julian Wright,Marcus Thornton,Caron Butler,Eduardo Najera,Jason Terry,Jose Juan Barea,Shawn Marion,2,10:51,DAL,sub,,,,Eduardo Najera,,Brendan Haywood,,,,,,,,,,,,
Darren Collison,Emeka Okafor,James Posey,Julian Wright,Marcus Thornton,Caron Butler,Eduardo Najera,Jason Terry,Jose Juan Barea,Shawn Marion,2,10:45,NOH,shot,,,,,,,,,,Julian Wright,,,,missed,,jump,43,8
Darren Collison,Emeka Okafor,James Posey,Julian Wright,Marcus Thornton,Caron Butler,Eduardo Najera,Jason Terry,Jose Juan Barea,Shawn Marion,2,10:44,DAL,rebound,,,,,,,,,,Jose Juan Barea,,,,,,def,,
Darren Collison,Emeka Okafor,James Posey,Julian Wright,Marcus Thornton,Caron Butler,Eduardo Najera,Jason Terry,Jose Juan Barea,Shawn Marion,2,10:33,DAL,shot,,,,,,,,,,Caron Butler,,,,missed,,jump,43,12
Darren Collison,Emeka Okafor,James Posey,Julian Wright,Marcus Thornton,Caron Butler,Eduardo Najera,Jason Terry,Jose Juan Barea,Shawn Marion,2,10:32,DAL,rebound,,,,,,,,,,Shawn Marion,,,,,,off,,
Darren Collison,Emeka Okafor,James Posey,Julian Wright,Marcus Thornton,Caron Butler,Eduardo Najera,Jason Terry,Jose Juan Barea,Shawn Marion,2,10:29,DAL,shot,Shawn Marion,,,,,,,,,Jason Terry,3,,,made,,3pt,48,7
Darren Collison,Emeka Okafor,James Posey,Julian Wright,Marcus Thornton,Caron Butler,Eduardo Najera,Jason Terry,Jose Juan Barea,Shawn Marion,2,10:14,DAL,violation,,,,,,,,,,Eduardo Najera,,,,,,kicked ball,,
Darren Collison,David West,James Posey,Julian Wright,Marcus Thornton,Caron Butler,Eduardo Najera,Jason Terry,Jose Juan Barea,Shawn Marion,2,10:14,NOH,sub,,,,David West,,Emeka Okafor,,,,,,,,,,,,
Darren Collison,David West,James Posey,Julian Wright,Marcus Thornton,Caron Butler,Eduardo Najera,Jason Terry,Jose Juan Barea,Shawn Marion,2,10:10,DAL,foul,,,,,,,,David West,,Eduardo Najera,,,,,,personal,,
Darren Collison,David West,James Posey,Julian Wright,Marcus Thornton,Caron Butler,Eduardo Najera,Jason Terry,Jose Juan Barea,Shawn Marion,2,9:57,NOH,shot,,,,,,,,,,Darren Collison,,,,missed,,jump,23,28
Darren Collison,David West,James Posey,Julian Wright,Marcus Thornton,Caron Butler,Eduardo Najera,Jason Terry,Jose Juan Barea,Shawn Marion,2,9:55,DAL,rebound,,,,,,,,,,Shawn Marion,,,,,,def,,
Darren Collison,David West,James Posey,Julian Wright,Marcus Thornton,Caron Butler,Eduardo Najera,Jason Terry,Jose Juan Barea,Shawn Marion,2,9:45,DAL,shot,Jose Juan Barea,,,,,,,,,Shawn Marion,2,,,made,,driving finger roll layup,25,6
Darren Collison,David West,James Posey,Julian Wright,Marcus Thornton,Caron Butler,Eduardo Najera,Jason Terry,Jose Juan Barea,Shawn Marion,2,9:45,NOH,foul,,,,,,,,Shawn Marion,,James Posey,,,,,,shooting,,
Darren Collison,David West,James Posey,Julian Wright,Marcus Thornton,Caron Butler,Eduardo Najera,Jason Terry,Jose Juan Barea,Shawn Marion,2,9:45,DAL,free throw,,,,,,,1,,1,Shawn Marion,,,foul,made,,,,
Darren Collison,David West,James Posey,Julian Wright,Marcus Thornton,Caron Butler,Eduardo Najera,Jason Terry,Jose Juan Barea,Shawn Marion,2,9:26,NOH,shot,,,,,,,,,,David West,,,,missed,,jump bank,34,10
Darren Collison,David West,James Posey,Julian Wright,Marcus Thornton,Caron Butler,Eduardo Najera,Jason Terry,Jose Juan Barea,Shawn Marion,2,9:25,DAL,rebound,,,,,,,,,,Shawn Marion,,,,,,def,,
Darren Collison,David West,James Posey,Julian Wright,Marcus Thornton,Caron Butler,Eduardo Najera,Jason Terry,Jose Juan Barea,Shawn Marion,2,9:14,DAL,shot,Jose Juan Barea,,,,,,,,,Shawn Marion,2,,,made,,layup,25,6
Darren Collison,David West,James Posey,Julian Wright,Marcus Thornton,Caron Butler,Eduardo Najera,Jason Terry,Jose Juan Barea,Shawn Marion,2,9:05,NOH,timeout,,,,,,,,,,,,,,,,regular,,
Darren Collison,David West,James Posey,Julian Wright,Marcus Thornton,Caron Butler,Eduardo Najera,Jason Terry,Jose Juan Barea,Shawn Marion,2,8:56,NOH,shot,,,,,,,,,,David West,2,,,made,,jump,25,10
Darren Collison,David West,James Posey,Julian Wright,Marcus Thornton,Caron Butler,Eduardo Najera,Jason Terry,Jose Juan Barea,Shawn Marion,2,8:38,DAL,shot,Jose Juan Barea,,,,,,,,,Shawn Marion,2,,,made,,turnaround hook,27,10
Darren Collison,David West,James Posey,Julian Wright,Marcus Thornton,Caron Butler,Eduardo Najera,Jason Terry,Jose Juan Barea,Shawn Marion,2,8:16,NOH,shot,,,,,,,,,,Julian Wright,2,,,made,,driving bank,29,8
Darren Collison,David West,James Posey,Julian Wright,Marcus Thornton,Caron Butler,Eduardo Najera,Jason Terry,Jose Juan Barea,Shawn Marion,2,8:06,DAL,shot,,,,,,,,,,Jose Juan Barea,2,,,made,,driving layup,25,6
Darren Collison,David West,James Posey,Julian Wright,Marcus Thornton,Caron Butler,Eduardo Najera,Jason Terry,Jose Juan Barea,Shawn Marion,2,7:49,NOH,shot,Darren Collison,,,,,,,,,David West,2,,,made,,jump hook,24,11
Darren Collison,David West,James Posey,Julian Wright,Marcus Thornton,Caron Butler,Eduardo Najera,Jason Terry,Jose Juan Barea,Shawn Marion,2,7:27,DAL,shot,,,,,,,,,,Jason Terry,,,,missed,,3pt,2,7
Darren Collison,David West,James Posey,Julian Wright,Marcus Thornton,Caron Butler,Eduardo Najera,Jason Terry,Jose Juan Barea,Shawn Marion,2,7:26,NOH,rebound,,,,,,,,,,Julian Wright,,,,,,def,,
Darren Collison,David West,James Posey,Julian Wright,Marcus Thornton,Caron Butler,Eduardo Najera,Jason Terry,Jose Juan Barea,Shawn Marion,2,7:19,NOH,shot,,,,,,,,,,Darren Collison,2,,,made,,driving layup,25,6
Darren Collison,David West,James Posey,Julian Wright,Marcus Thornton,Caron Butler,Eduardo Najera,Jason Terry,Jose Juan Barea,Shawn Marion,2,7:19,DAL,foul,,,,,,,,Darren Collison,,Jose Juan Barea,,,,,,shooting,,
Darren Collison,David West,James Posey,Julian Wright,Marcus Thornton,Caron Butler,Eduardo Najera,Jason Terry,Jose Juan Barea,Shawn Marion,2,7:19,NOH,free throw,,,,,,,1,,1,Darren Collison,,,foul,made,,,,
Darren Collison,David West,James Posey,Julian Wright,Marcus Thornton,Caron Butler,Eduardo Najera,Jason Terry,Jose Juan Barea,Shawn Marion,2,7:06,DAL,shot,Jose Juan Barea,,,,,,,,,Caron Butler,2,,,made,,jump,41,9
Darren Collison,David West,James Posey,Julian Wright,Marcus Thornton,Caron Butler,Eduardo Najera,Jason Terry,Jose Juan Barea,Shawn Marion,2,6:48,NOH,shot,,,,,,,,,,Marcus Thornton,,,,missed,,driving layup,25,6
Darren Collison,David West,James Posey,Julian Wright,Marcus Thornton,Caron Butler,Eduardo Najera,Jason Terry,Jose Juan Barea,Shawn Marion,2,6:47,DAL,rebound,,,,,,,,,,Eduardo Najera,,,,,,def,,
Darren Collison,David West,James Posey,Julian Wright,Marcus Thornton,Caron Butler,Eduardo Najera,Jason Terry,Jose Juan Barea,Shawn Marion,2,6:39,DAL,shot,Caron Butler,,,,,,,,,Eduardo Najera,2,,,made,,running layup,25,6
Darren Collison,David West,James Posey,Julian Wright,Marcus Thornton,Caron Butler,Eduardo Najera,Jason Terry,Jose Juan Barea,Shawn Marion,2,6:25,DAL,foul,,,,,,,,David West,,Eduardo Najera,,,,,,personal,,
Darren Collison,David West,James Posey,Julian Wright,Marcus Thornton,Caron Butler,Eduardo Najera,Jason Terry,Jose Juan Barea,Shawn Marion,2,6:12,NOH,shot,,,,,,,,,,Marcus Thornton,,,,missed,,3pt,39,27
Darren Collison,David West,James Posey,Julian Wright,Marcus Thornton,Caron Butler,Eduardo Najera,Jason Terry,Jose Juan Barea,Shawn Marion,2,6:11,NOH,rebound,,,,,,,,,,Julian Wright,,,,,,off,,
Darren Collison,David West,James Posey,Julian Wright,Marcus Thornton,Caron Butler,Eduardo Najera,Jason Terry,Jose Juan Barea,Shawn Marion,2,6:09,NOH,shot,,,,,,,,,,Julian Wright,2,,,made,,putback layup,25,6
Darren Collison,David West,James Posey,Julian Wright,Marcus Thornton,Caron Butler,Eduardo Najera,Jason Terry,Jose Juan Barea,Shawn Marion,2,6:03,DAL,timeout,,,,,,,,,,,,,,,,regular,,
Darren Collison,David West,James Posey,Julian Wright,Marcus Thornton,Caron Butler,Eduardo Najera,Jason Terry,Jose Juan Barea,Shawn Marion,2,5:49,DAL,shot,,,,,,,,,,Eduardo Najera,,,,missed,,driving layup,25,6
Darren Collison,David West,James Posey,Julian Wright,Marcus Thornton,Caron Butler,Eduardo Najera,Jason Terry,Jose Juan Barea,Shawn Marion,2,5:48,DAL,rebound,,,,,,,,,,Shawn Marion,,,,,,off,,
Darren Collison,David West,James Posey,Julian Wright,Marcus Thornton,Caron Butler,Eduardo Najera,Jason Terry,Jose Juan Barea,Shawn Marion,2,5:38,DAL,shot,Jose Juan Barea,,,,,,,,,Eduardo Najera,2,,,made,,reverse layup,25,6
Darren Collison,David West,James Posey,Julian Wright,Marcus Thornton,Caron Butler,Eduardo Najera,Jason Terry,Jose Juan Barea,Shawn Marion,2,5:21,NOH,turnover,,,,,,,,,,David West,,,traveling,,,,,
Darren Collison,David West,James Posey,Julian Wright,Marcus Thornton,Caron Butler,Dirk Nowitzki,Eduardo Najera,Jason Terry,Jose Juan Barea,2,5:21,DAL,sub,,,,Dirk Nowitzki,,Shawn Marion,,,,,,,,,,,,
Darren Collison,David West,James Posey,Julian Wright,Marcus Thornton,Caron Butler,Dirk Nowitzki,Eduardo Najera,Jason Terry,Jose Juan Barea,2,5:02,DAL,shot,Jose Juan Barea,,,,,,,,,Caron Butler,2,,,made,,jump,42,15
Darren Collison,David West,James Posey,Julian Wright,Marcus Thornton,Caron Butler,Dirk Nowitzki,Eduardo Najera,Jason Terry,Jose Juan Barea,2,4:38,NOH,shot,Julian Wright,,,,,,,,,Marcus Thornton,2,,,made,,running layup,25,6
Darren Collison,David West,James Posey,Julian Wright,Marcus Thornton,Caron Butler,Dirk Nowitzki,Eduardo Najera,Jason Terry,Jose Juan Barea,2,4:28,DAL,turnover,,,,,,,,,,Jose Juan Barea,,,traveling,,,,,
Darren Collison,David West,James Posey,Julian Wright,Marcus Thornton,Caron Butler,Dirk Nowitzki,Eduardo Najera,Jason Terry,Jose Juan Barea,2,4:09,NOH,shot,,,Caron Butler,,,,,,,Marcus Thornton,,,,missed,,driving layup,25,6
Darren Collison,David West,James Posey,Julian Wright,Marcus Thornton,Caron Butler,Dirk Nowitzki,Eduardo Najera,Jason Terry,Jose Juan Barea,2,4:07,NOH,rebound,,,,,,,,,,Julian Wright,,,,,,off,,
Darren Collison,David West,James Posey,Julian Wright,Marcus Thornton,Caron Butler,Dirk Nowitzki,Eduardo Najera,Jason Terry,Jose Juan Barea,2,4:04,NOH,shot,,,,,,,,,,David West,,,,missed,,jump,21,21
Darren Collison,David West,James Posey,Julian Wright,Marcus Thornton,Caron Butler,Dirk Nowitzki,Eduardo Najera,Jason Terry,Jose Juan Barea,2,4:03,NOH,rebound,,,,,,,,,,Marcus Thornton,,,,,,off,,
Darren Collison,David West,James Posey,Julian Wright,Marcus Thornton,Caron Butler,Dirk Nowitzki,Eduardo Najera,Jason Terry,Jose Juan Barea,2,4:02,NOH,shot,,,,,,,,,,Marcus Thornton,2,,,made,,putback layup,25,6
Darren Collison,David West,James Posey,Julian Wright,Marcus Thornton,Caron Butler,Dirk Nowitzki,Eduardo Najera,Jason Terry,Jose Juan Barea,2,3:39,DAL,shot,,,,,,,,,,Dirk Nowitzki,2,,,made,,turnaround jump,24,12
Darren Collison,David West,James Posey,Julian Wright,Marcus Thornton,Caron Butler,Dirk Nowitzki,Eduardo Najera,Jason Terry,Jose Juan Barea,2,3:25,NOH,shot,,,,,,,,,,Darren Collison,2,,,made,,jump,26,26
Darren Collison,David West,James Posey,Julian Wright,Marcus Thornton,Caron Butler,Dirk Nowitzki,Eduardo Najera,Jason Terry,Jose Juan Barea,2,3:02,DAL,shot,,,,,,,,,,Dirk Nowitzki,2,,,made,,turnaround jump,25,12
Darren Collison,David West,James Posey,Julian Wright,Marcus Thornton,Caron Butler,Dirk Nowitzki,Eduardo Najera,Jason Terry,Jose Juan Barea,2,2:37,DAL,foul,,,,,,,,Marcus Thornton,,Jason Terry,,,,,,personal,,
Darren Collison,David West,James Posey,Julian Wright,Marcus Thornton,Caron Butler,Dirk Nowitzki,Eduardo Najera,Jason Terry,Jose Juan Barea,2,2:37,NOH,timeout,,,,,,,,,,,,,,,,official,,
Darren Collison,David West,James Posey,Marcus Thornton,Peja Stojakovic,Caron Butler,Dirk Nowitzki,Eduardo Najera,Jason Terry,Jose Juan Barea,2,2:37,NOH,sub,,,,Peja Stojakovic,,Julian Wright,,,,,,,,,,,,
Darren Collison,David West,James Posey,Marcus Thornton,Peja Stojakovic,Caron Butler,Dirk Nowitzki,Eduardo Najera,Jason Terry,Jose Juan Barea,2,2:37,NOH,free throw,,,,,,,1,,2,Marcus Thornton,,,foul,made,,,,
Darren Collison,David West,James Posey,Marcus Thornton,Peja Stojakovic,Caron Butler,Dirk Nowitzki,Eduardo Najera,Jason Terry,Jose Juan Barea,2,2:37,NOH,free throw,,,,,,,2,,2,Marcus Thornton,,,foul,missed,,,,
Darren Collison,David West,James Posey,Marcus Thornton,Peja Stojakovic,Caron Butler,Dirk Nowitzki,Eduardo Najera,Jason Terry,Jose Juan Barea,2,2:37,DAL,rebound,,,,,,,,,,Dirk Nowitzki,,,,,,def,,
Darren Collison,David West,James Posey,Marcus Thornton,Peja Stojakovic,Caron Butler,Dirk Nowitzki,Eduardo Najera,Jason Terry,Jose Juan Barea,2,2:11,DAL,shot,Jason Terry,,,,,,,,,Dirk Nowitzki,2,,,made,,jump,24,24
Darren Collison,David West,James Posey,Marcus Thornton,Peja Stojakovic,Caron Butler,Dirk Nowitzki,Eduardo Najera,Jason Terry,Jose Juan Barea,2,1:54,NOH,shot,David West,,,,,,,,,Marcus Thornton,2,,,made,,driving layup,25,6
Darren Collison,David West,James Posey,Marcus Thornton,Peja Stojakovic,Caron Butler,Dirk Nowitzki,Eduardo Najera,Jason Terry,Jose Juan Barea,2,1:31,DAL,shot,Dirk Nowitzki,,,,,,,,,Eduardo Najera,2,,,made,,running dunk,25,6
Darren Collison,David West,James Posey,Marcus Thornton,Peja Stojakovic,Caron Butler,Dirk Nowitzki,Eduardo Najera,Jason Terry,Jose Juan Barea,2,1:12,NOH,shot,,,,,,,,,,Peja Stojakovic,,,,missed,,3pt,38,27
Darren Collison,David West,James Posey,Marcus Thornton,Peja Stojakovic,Caron Butler,Dirk Nowitzki,Eduardo Najera,Jason Terry,Jose Juan Barea,2,1:11,NOH,rebound,,,,,,,,,,David West,,,,,,off,,
Darren Collison,David West,James Posey,Marcus Thornton,Peja Stojakovic,Caron Butler,Dirk Nowitzki,Eduardo Najera,Jason Terry,Jose Juan Barea,2,0:56,NOH,shot,,,,,,,,,,Marcus Thornton,,,,missed,,jump,5,16
Darren Collison,David West,James Posey,Marcus Thornton,Peja Stojakovic,Caron Butler,Dirk Nowitzki,Eduardo Najera,Jason Terry,Jose Juan Barea,2,0:55,DAL,rebound,,,,,,,,,,Jose Juan Barea,,,,,,def,,
Darren Collison,David West,James Posey,Marcus Thornton,Peja Stojakovic,Caron Butler,Dirk Nowitzki,Eduardo Najera,Jason Terry,Jose Juan Barea,2,0:46,DAL,shot,Jose Juan Barea,,,,,,,,,Dirk Nowitzki,2,,,made,,layup,25,6
Darren Collison,David West,James Posey,Marcus Thornton,Peja Stojakovic,Caron Butler,Dirk Nowitzki,Eduardo Najera,Jason Terry,Jose Juan Barea,2,0:35,DAL,foul,,,,,,,,David West,,Eduardo Najera,,,,,,personal,,
Darren Collison,David West,James Posey,Marcus Thornton,Peja Stojakovic,Caron Butler,Dirk Nowitzki,Eduardo Najera,Jason Terry,Jose Juan Barea,2,0:35,NOH,free throw,,,,,,,1,,2,David West,,,foul,made,,,,
Darren Collison,David West,James Posey,Marcus Thornton,Peja Stojakovic,Caron Butler,Dirk Nowitzki,Jason Terry,Jose Juan Barea,Shawn Marion,2,0:35,DAL,sub,,,,Shawn Marion,,Eduardo Najera,,,,,,,,,,,,
Darren Collison,David West,James Posey,Marcus Thornton,Peja Stojakovic,Caron Butler,Dirk Nowitzki,Jason Terry,Jose Juan Barea,Shawn Marion,2,0:35,NOH,free throw,,,,,,,2,,2,David West,,,foul,made,,,,
Darren Collison,David West,James Posey,Marcus Thornton,Peja Stojakovic,Caron Butler,Dirk Nowitzki,Jason Terry,Jose Juan Barea,Shawn Marion,2,0:14,DAL,shot,,,,,,,,,,Dirk Nowitzki,,,,missed,,turnaround jump,11,9
Darren Collison,David West,James Posey,Marcus Thornton,Peja Stojakovic,Caron Butler,Dirk Nowitzki,Jason Terry,Jose Juan Barea,Shawn Marion,2,0:13,NOH,rebound,,,,,,,,,,Peja Stojakovic,,,,,,def,,
Darren Collison,David West,James Posey,Marcus Thornton,Peja Stojakovic,Caron Butler,Dirk Nowitzki,Jason Terry,Jose Juan Barea,Shawn Marion,2,0:03,NOH,shot,,,,,,,,,,Darren Collison,2,,,made,,driving jump,23,12
Darren Collison,David West,James Posey,Marcus Thornton,Peja Stojakovic,Caron Butler,Dirk Nowitzki,Jason Terry,Jose Juan Barea,Shawn Marion,2,0:00,DAL,shot,,,,,,,,,,Jose Juan Barea,,,,missed,,3pt,20,40
Darren Collison,David West,James Posey,Marcus Thornton,Peja Stojakovic,Caron Butler,Dirk Nowitzki,Jason Terry,Jose Juan Barea,Shawn Marion,2,0:00,DAL,rebound,,,,,,,,,,,,,,,,,,
Darren Collison,David West,Emeka Okafor,Morris Peterson,Peja Stojakovic,Brendan Haywood,Caron Butler,Dirk Nowitzki,Jason Kidd,Shawn Marion,3,11:42,DAL,shot,Dirk Nowitzki,,,,,,,,,Caron Butler,2,,,made,,jump,8,14
Darren Collison,David West,Emeka Okafor,Morris Peterson,Peja Stojakovic,Brendan Haywood,Caron Butler,Dirk Nowitzki,Jason Kidd,Shawn Marion,3,11:26,NOH,shot,,,,,,,,,,David West,,,,missed,,jump,10,18
Darren Collison,David West,Emeka Okafor,Morris Peterson,Peja Stojakovic,Brendan Haywood,Caron Butler,Dirk Nowitzki,Jason Kidd,Shawn Marion,3,11:25,DAL,rebound,,,,,,,,,,Brendan Haywood,,,,,,def,,
Darren Collison,David West,Emeka Okafor,Morris Peterson,Peja Stojakovic,Brendan Haywood,Caron Butler,Dirk Nowitzki,Jason Kidd,Shawn Marion,3,11:15,DAL,shot,Jason Kidd,,,,,,,,,Dirk Nowitzki,2,,,made,,fade away jumper,8,12
Darren Collison,David West,Emeka Okafor,Morris Peterson,Peja Stojakovic,Brendan Haywood,Caron Butler,Dirk Nowitzki,Jason Kidd,Shawn Marion,3,10:51,NOH,shot,,,,,,,,,,Peja Stojakovic,2,,,made,,turnaround fade away,40,7
Darren Collison,David West,Emeka Okafor,Morris Peterson,Peja Stojakovic,Brendan Haywood,Caron Butler,Dirk Nowitzki,Jason Kidd,Shawn Marion,3,10:47,DAL,turnover,,,,,,,,,,Jason Kidd,,,bad pass,,,,,
Darren Collison,David West,Emeka Okafor,Morris Peterson,Peja Stojakovic,Brendan Haywood,Caron Butler,Dirk Nowitzki,Jason Kidd,Shawn Marion,3,10:40,DAL,foul,,,,,,,,Peja Stojakovic,,Shawn Marion,,,,,,personal,,
Darren Collison,David West,Emeka Okafor,Morris Peterson,Peja Stojakovic,Brendan Haywood,Caron Butler,Dirk Nowitzki,Jason Kidd,Shawn Marion,3,10:28,NOH,shot,,,,,,,,,,Peja Stojakovic,,,,missed,,3pt,14,28
Darren Collison,David West,Emeka Okafor,Morris Peterson,Peja Stojakovic,Brendan Haywood,Caron Butler,Dirk Nowitzki,Jason Kidd,Shawn Marion,3,10:27,DAL,rebound,,,,,,,,,,Dirk Nowitzki,,,,,,def,,
Darren Collison,David West,Emeka Okafor,Morris Peterson,Peja Stojakovic,Brendan Haywood,Caron Butler,Dirk Nowitzki,Jason Kidd,Shawn Marion,3,10:12,NOH,foul,,,,,,,,Caron Butler,,Emeka Okafor,,,,,,shooting,,
Darren Collison,David West,Emeka Okafor,Morris Peterson,Peja Stojakovic,Brendan Haywood,Caron Butler,Dirk Nowitzki,Jason Kidd,Shawn Marion,3,10:12,DAL,free throw,,,,,,,1,,2,Caron Butler,,,foul,missed,,,,
Darren Collison,David West,Emeka Okafor,Morris Peterson,Peja Stojakovic,Brendan Haywood,Caron Butler,Dirk Nowitzki,Jason Kidd,Shawn Marion,3,10:12,DAL,rebound,,,,,,,,,,,,,,,,,,
Darren Collison,David West,Emeka Okafor,Morris Peterson,Peja Stojakovic,Brendan Haywood,Caron Butler,Dirk Nowitzki,Jason Kidd,Shawn Marion,3,10:12,DAL,free throw,,,,,,,2,,2,Caron Butler,,,foul,made,,,,
Darren Collison,David West,Emeka Okafor,Morris Peterson,Peja Stojakovic,Brendan Haywood,Caron Butler,Dirk Nowitzki,Jason Kidd,Shawn Marion,3,9:53,NOH,shot,,,,,,,,,,Morris Peterson,,,,missed,,3pt,47,6
Darren Collison,David West,Emeka Okafor,Morris Peterson,Peja Stojakovic,Brendan Haywood,Caron Butler,Dirk Nowitzki,Jason Kidd,Shawn Marion,3,9:52,DAL,rebound,,,,,,,,,,Dirk Nowitzki,,,,,,def,,
Darren Collison,David West,Emeka Okafor,Morris Peterson,Peja Stojakovic,Brendan Haywood,Caron Butler,Dirk Nowitzki,Jason Kidd,Shawn Marion,3,9:46,DAL,turnover,,,,,,,,,,Jason Kidd,,,bad pass,,Emeka Okafor,,,
Darren Collison,David West,Emeka Okafor,Morris Peterson,Peja Stojakovic,Brendan Haywood,Caron Butler,Dirk Nowitzki,Jason Kidd,Shawn Marion,3,9:40,NOH,shot,Darren Collison,,,,,,,,,Morris Peterson,2,,,made,,pullup jump,40,19
Darren Collison,David West,Emeka Okafor,Morris Peterson,Peja Stojakovic,Brendan Haywood,Caron Butler,Dirk Nowitzki,Jason Kidd,Shawn Marion,3,9:25,DAL,shot,Dirk Nowitzki,,,,,,,,,Jason Kidd,3,,,made,,3pt,7,23
Darren Collison,David West,Emeka Okafor,Morris Peterson,Peja Stojakovic,Brendan Haywood,Caron Butler,Dirk Nowitzki,Jason Kidd,Shawn Marion,3,9:09,DAL,foul,,,,,,,,Emeka Okafor,,Caron Butler,,,,,,shooting,,
Darren Collison,David West,Emeka Okafor,Morris Peterson,Peja Stojakovic,Brendan Haywood,Caron Butler,Dirk Nowitzki,Jason Kidd,Shawn Marion,3,9:09,NOH,free throw,,,,,,,1,,2,Emeka Okafor,,,foul,made,,,,
Darren Collison,David West,Emeka Okafor,Morris Peterson,Peja Stojakovic,Brendan Haywood,Caron Butler,Dirk Nowitzki,Jason Kidd,Shawn Marion,3,9:09,NOH,free throw,,,,,,,2,,2,Emeka Okafor,,,foul,made,,,,
Darren Collison,David West,Emeka Okafor,Morris Peterson,Peja Stojakovic,Brendan Haywood,Caron Butler,Dirk Nowitzki,Jason Kidd,Shawn Marion,3,8:52,DAL,shot,,,,,,,,,,Caron Butler,,,,missed,,driving finger roll layup,25,6
Darren Collison,David West,Emeka Okafor,Morris Peterson,Peja Stojakovic,Brendan Haywood,Caron Butler,Dirk Nowitzki,Jason Kidd,Shawn Marion,3,8:51,NOH,rebound,,,,,,,,,,Darren Collison,,,,,,def,,
Darren Collison,David West,Emeka Okafor,Morris Peterson,Peja Stojakovic,Brendan Haywood,Caron Butler,Dirk Nowitzki,Jason Kidd,Shawn Marion,3,8:43,NOH,shot,,,,,,,,,,Darren Collison,,,,missed,,jump,29,12
Darren Collison,David West,Emeka Okafor,Morris Peterson,Peja Stojakovic,Brendan Haywood,Caron Butler,Dirk Nowitzki,Jason Kidd,Shawn Marion,3,8:42,DAL,rebound,,,,,,,,,,Dirk Nowitzki,,,,,,def,,
Darren Collison,David West,Emeka Okafor,Morris Peterson,Peja Stojakovic,Brendan Haywood,Caron Butler,Dirk Nowitzki,Jason Kidd,Shawn Marion,3,8:39,DAL,shot,,,,,,,,,,Caron Butler,2,,,made,,pullup jump,42,8
Darren Collison,David West,Emeka Okafor,Morris Peterson,Peja Stojakovic,Brendan Haywood,Caron Butler,Dirk Nowitzki,Jason Kidd,Shawn Marion,3,8:19,DAL,foul,,,,,,,,David West,,Dirk Nowitzki,,,,,,personal,,
Darren Collison,David West,Emeka Okafor,Morris Peterson,Peja Stojakovic,Brendan Haywood,Caron Butler,Dirk Nowitzki,Jason Kidd,Shawn Marion,3,8:11,NOH,turnover,,,,,,,,,,David West,,,bad pass,,,,,
Darren Collison,David West,Emeka Okafor,Morris Peterson,Peja Stojakovic,Brendan Haywood,Caron Butler,Dirk Nowitzki,Jason Kidd,Shawn Marion,3,8:01,DAL,shot,,,,,,,,,,Caron Butler,,,,missed,,3pt,47,9
Darren Collison,David West,Emeka Okafor,Morris Peterson,Peja Stojakovic,Brendan Haywood,Caron Butler,Dirk Nowitzki,Jason Kidd,Shawn Marion,3,8:00,NOH,rebound,,,,,,,,,,Emeka Okafor,,,,,,def,,
Darren Collison,David West,Emeka Okafor,Morris Peterson,Peja Stojakovic,Brendan Haywood,Caron Butler,Dirk Nowitzki,Jason Kidd,Shawn Marion,3,7:46,NOH,shot,,,,,,,,,,Peja Stojakovic,,,,missed,,jump,7,11
Darren Collison,David West,Emeka Okafor,Morris Peterson,Peja Stojakovic,Brendan Haywood,Caron Butler,Dirk Nowitzki,Jason Kidd,Shawn Marion,3,7:45,DAL,rebound,,,,,,,,,,Shawn Marion,,,,,,def,,
Darren Collison,David West,Emeka Okafor,Morris Peterson,Peja Stojakovic,Brendan Haywood,Caron Butler,Dirk Nowitzki,Jason Kidd,Shawn Marion,3,7:35,DAL,shot,,,,,,,,,,Jason Kidd,,,,missed,,3pt,9,24
Darren Collison,David West,Emeka Okafor,Morris Peterson,Peja Stojakovic,Brendan Haywood,Caron Butler,Dirk Nowitzki,Jason Kidd,Shawn Marion,3,7:34,NOH,rebound,,,,,,,,,,Emeka Okafor,,,,,,def,,
Darren Collison,David West,Emeka Okafor,Morris Peterson,Peja Stojakovic,Brendan Haywood,Caron Butler,Dirk Nowitzki,Jason Kidd,Shawn Marion,3,7:28,DAL,foul,,,,,,,,Morris Peterson,,Dirk Nowitzki,,,,,,shooting,,
Darren Collison,David West,Emeka Okafor,Morris Peterson,Peja Stojakovic,Brendan Haywood,Caron Butler,Dirk Nowitzki,Jason Kidd,Shawn Marion,3,7:28,NOH,free throw,,,,,,,1,,2,Morris Peterson,,,foul,made,,,,
Darren Collison,David West,Emeka Okafor,Morris Peterson,Peja Stojakovic,Brendan Haywood,Caron Butler,Dirk Nowitzki,Jason Kidd,Shawn Marion,3,7:28,NOH,free throw,,,,,,,2,,2,Morris Peterson,,,foul,made,,,,
Darren Collison,David West,Emeka Okafor,Morris Peterson,Peja Stojakovic,Brendan Haywood,Caron Butler,Dirk Nowitzki,Jason Kidd,Shawn Marion,3,7:12,DAL,shot,,,,,,,,,,Jason Kidd,,,,missed,,3pt,2,10
Darren Collison,David West,Emeka Okafor,Morris Peterson,Peja Stojakovic,Brendan Haywood,Caron Butler,Dirk Nowitzki,Jason Kidd,Shawn Marion,3,7:11,NOH,rebound,,,,,,,,,,Emeka Okafor,,,,,,def,,
Darren Collison,David West,Emeka Okafor,Morris Peterson,Peja Stojakovic,Brendan Haywood,Caron Butler,Dirk Nowitzki,Jason Kidd,Shawn Marion,3,6:50,NOH,turnover,,,,,,,,,,Darren Collison,,,lost ball,,Jason Kidd,,,
Darren Collison,David West,Emeka Okafor,Morris Peterson,Peja Stojakovic,Brendan Haywood,Caron Butler,Dirk Nowitzki,Jason Kidd,Shawn Marion,3,6:43,DAL,shot,,,,,,,,,,Dirk Nowitzki,2,,,made,,dunk,25,6
Darren Collison,David West,Emeka Okafor,Morris Peterson,Peja Stojakovic,Brendan Haywood,Caron Butler,Dirk Nowitzki,Jason Kidd,Shawn Marion,3,6:27,NOH,turnover,,,,,,,,,,David West,,,bad pass,,Brendan Haywood,,,
Darren Collison,David West,Emeka Okafor,Morris Peterson,Peja Stojakovic,Brendan Haywood,Caron Butler,Dirk Nowitzki,Jason Kidd,Shawn Marion,3,6:22,DAL,shot,Dirk Nowitzki,,,,,,,,,Caron Butler,2,,,made,,driving layup,25,6
Darren Collison,David West,Emeka Okafor,Morris Peterson,Peja Stojakovic,Brendan Haywood,Caron Butler,Dirk Nowitzki,Jason Kidd,Shawn Marion,3,6:18,NOH,timeout,,,,,,,,,,,,,,,,regular,,
David West,Emeka Okafor,Marcus Thornton,Morris Peterson,Peja Stojakovic,Brendan Haywood,Caron Butler,Dirk Nowitzki,Jason Kidd,Shawn Marion,3,6:18,NOH,sub,,,,Marcus Thornton,,Darren Collison,,,,,,,,,,,,
David West,Emeka Okafor,Marcus Thornton,Morris Peterson,Peja Stojakovic,Brendan Haywood,Caron Butler,Dirk Nowitzki,Jason Kidd,Shawn Marion,3,5:59,NOH,shot,,,,,,,,,,Morris Peterson,,,,missed,,jump,32,19
David West,Emeka Okafor,Marcus Thornton,Morris Peterson,Peja Stojakovic,Brendan Haywood,Caron Butler,Dirk Nowitzki,Jason Kidd,Shawn Marion,3,5:57,DAL,rebound,,,,,,,,,,Jason Kidd,,,,,,def,,
David West,Emeka Okafor,Marcus Thornton,Morris Peterson,Peja Stojakovic,Brendan Haywood,Caron Butler,Dirk Nowitzki,Jason Kidd,Shawn Marion,3,5:37,DAL,turnover,,,,,,,,,,Jason Kidd,,,bad pass,,Emeka Okafor,,,
David West,Emeka Okafor,Marcus Thornton,Morris Peterson,Peja Stojakovic,Brendan Haywood,Caron Butler,Dirk Nowitzki,Jason Kidd,Shawn Marion,3,5:36,DAL,foul,,,,,,,,Marcus Thornton,,Caron Butler,,,,,,personal,,
David West,Emeka Okafor,Marcus Thornton,Morris Peterson,Peja Stojakovic,Brendan Haywood,Caron Butler,Dirk Nowitzki,Jason Kidd,Shawn Marion,3,5:36,NOH,free throw,,,,,,,1,,2,Marcus Thornton,,,foul,made,,,,
David West,Emeka Okafor,Marcus Thornton,Morris Peterson,Peja Stojakovic,Brendan Haywood,Caron Butler,Dirk Nowitzki,Jason Kidd,Shawn Marion,3,5:36,NOH,free throw,,,,,,,2,,2,Marcus Thornton,,,foul,made,,,,
David West,Emeka Okafor,Marcus Thornton,Morris Peterson,Peja Stojakovic,Brendan Haywood,Caron Butler,Dirk Nowitzki,Jason Kidd,Shawn Marion,3,5:21,DAL,shot,,,,,,,,,,Dirk Nowitzki,,,,missed,,jump,35,25
David West,Emeka Okafor,Marcus Thornton,Morris Peterson,Peja Stojakovic,Brendan Haywood,Caron Butler,Dirk Nowitzki,Jason Kidd,Shawn Marion,3,5:20,NOH,rebound,,,,,,,,,,David West,,,,,,def,,
David West,Emeka Okafor,Marcus Thornton,Morris Peterson,Peja Stojakovic,Brendan Haywood,Caron Butler,Dirk Nowitzki,Jason Kidd,Shawn Marion,3,5:05,NOH,shot,,,,,,,,,,Emeka Okafor,,,,missed,,hook,26,13
David West,Emeka Okafor,Marcus Thornton,Morris Peterson,Peja Stojakovic,Brendan Haywood,Caron Butler,Dirk Nowitzki,Jason Kidd,Shawn Marion,3,5:04,DAL,rebound,,,,,,,,,,Caron Butler,,,,,,def,,
David West,Emeka Okafor,Marcus Thornton,Morris Peterson,Peja Stojakovic,Brendan Haywood,Caron Butler,Dirk Nowitzki,Jason Kidd,Shawn Marion,3,4:57,DAL,turnover,,,,,,,,,,Jason Kidd,,,bad pass,,Emeka Okafor,,,
David West,Emeka Okafor,Marcus Thornton,Morris Peterson,Peja Stojakovic,Brendan Haywood,Caron Butler,Dirk Nowitzki,Jason Kidd,Shawn Marion,3,4:53,DAL,foul,,,,,,,,Peja Stojakovic,,Dirk Nowitzki,,,,,,shooting,,
David West,Emeka Okafor,Marcus Thornton,Morris Peterson,Peja Stojakovic,Brendan Haywood,Caron Butler,Dirk Nowitzki,Jason Kidd,Shawn Marion,3,4:53,NOH,free throw,,,,,,,1,,2,Peja Stojakovic,,,foul,made,,,,
David West,Emeka Okafor,Marcus Thornton,Morris Peterson,Peja Stojakovic,Brendan Haywood,Caron Butler,Jason Kidd,Jason Terry,Shawn Marion,3,4:53,DAL,sub,,,,Jason Terry,,Dirk Nowitzki,,,,,,,,,,,,
David West,Emeka Okafor,Marcus Thornton,Morris Peterson,Peja Stojakovic,Brendan Haywood,Caron Butler,Jason Kidd,Jason Terry,Shawn Marion,3,4:53,NOH,free throw,,,,,,,2,,2,Peja Stojakovic,,,foul,made,,,,
David West,Emeka Okafor,Marcus Thornton,Morris Peterson,Peja Stojakovic,Brendan Haywood,Caron Butler,Jason Kidd,Jason Terry,Shawn Marion,3,4:34,DAL,shot,,,,,,,,,,Shawn Marion,,,,missed,,driving layup,25,6
David West,Emeka Okafor,Marcus Thornton,Morris Peterson,Peja Stojakovic,Brendan Haywood,Caron Butler,Jason Kidd,Jason Terry,Shawn Marion,3,4:33,DAL,rebound,,,,,,,,,,Shawn Marion,,,,,,off,,
David West,Emeka Okafor,Marcus Thornton,Morris Peterson,Peja Stojakovic,Brendan Haywood,Caron Butler,Jason Kidd,Jason Terry,Shawn Marion,3,4:33,DAL,shot,,,,,,,,,,Shawn Marion,,,,missed,,tip,25,6
David West,Emeka Okafor,Marcus Thornton,Morris Peterson,Peja Stojakovic,Brendan Haywood,Caron Butler,Jason Kidd,Jason Terry,Shawn Marion,3,4:32,DAL,rebound,,,,,,,,,,,,,,,,,,
David West,Emeka Okafor,Marcus Thornton,Morris Peterson,Peja Stojakovic,Brendan Haywood,Caron Butler,Jason Kidd,Jason Terry,Shawn Marion,3,4:25,DAL,turnover,,,,,,,,,,Jason Kidd,,,bad pass,,Morris Peterson,,,
David West,Emeka Okafor,Marcus Thornton,Morris Peterson,Peja Stojakovic,Brendan Haywood,Caron Butler,Jason Kidd,Jason Terry,Shawn Marion,3,4:21,NOH,shot,Marcus Thornton,,,,,,,,,Morris Peterson,2,,,made,,running layup,25,6
David West,Emeka Okafor,Marcus Thornton,Morris Peterson,Peja Stojakovic,Brendan Haywood,Caron Butler,Jason Kidd,Jason Terry,Shawn Marion,3,4:21,DAL,timeout,,,,,,,,,,,,,,,,regular,,
David West,Emeka Okafor,Marcus Thornton,Morris Peterson,Peja Stojakovic,Brendan Haywood,Caron Butler,Jason Kidd,Jason Terry,Shawn Marion,3,4:07,DAL,shot,,,,,,,,,,Caron Butler,,,,missed,,jump,10,7
David West,Emeka Okafor,Marcus Thornton,Morris Peterson,Peja Stojakovic,Brendan Haywood,Caron Butler,Jason Kidd,Jason Terry,Shawn Marion,3,4:06,NOH,rebound,,,,,,,,,,Morris Peterson,,,,,,def,,
David West,Emeka Okafor,Marcus Thornton,Morris Peterson,Peja Stojakovic,Brendan Haywood,Caron Butler,Jason Kidd,Jason Terry,Shawn Marion,3,3:54,DAL,foul,,,,,,,,Marcus Thornton,,Brendan Haywood,,,,,,personal,,
David West,Emeka Okafor,Marcus Thornton,Morris Peterson,Peja Stojakovic,Brendan Haywood,Caron Butler,Jason Kidd,Jason Terry,Shawn Marion,3,3:54,NOH,free throw,,,,,,,1,,2,Marcus Thornton,,,foul,made,,,,
David West,Emeka Okafor,Marcus Thornton,Morris Peterson,Peja Stojakovic,Brendan Haywood,Caron Butler,Jason Kidd,Jason Terry,Shawn Marion,3,3:54,NOH,free throw,,,,,,,2,,2,Marcus Thornton,,,foul,made,,,,
David West,Emeka Okafor,Marcus Thornton,Morris Peterson,Peja Stojakovic,Brendan Haywood,Caron Butler,Jason Kidd,Jason Terry,Shawn Marion,3,3:41,DAL,turnover,,,,,,,,,,Shawn Marion,,,bad pass,,Emeka Okafor,,,
David West,Emeka Okafor,Marcus Thornton,Morris Peterson,Peja Stojakovic,Brendan Haywood,Caron Butler,Jason Kidd,Jason Terry,Shawn Marion,3,3:36,NOH,shot,,,,,,,,,,Marcus Thornton,2,,,made,,driving layup,25,6
David West,Emeka Okafor,Marcus Thornton,Morris Peterson,Peja Stojakovic,Brendan Haywood,Caron Butler,Jason Kidd,Jason Terry,Shawn Marion,3,3:19,DAL,turnover,,,,,,,,,,Jason Terry,,,bad pass,,Morris Peterson,,,
David West,Emeka Okafor,Marcus Thornton,Morris Peterson,Peja Stojakovic,Brendan Haywood,Caron Butler,Jason Kidd,Jason Terry,Shawn Marion,3,3:09,NOH,shot,,,,,,,,,,Peja Stojakovic,,,,missed,,3pt,36,29
David West,Emeka Okafor,Marcus Thornton,Morris Peterson,Peja Stojakovic,Brendan Haywood,Caron Butler,Jason Kidd,Jason Terry,Shawn Marion,3,3:08,NOH,rebound,,,,,,,,,,Emeka Okafor,,,,,,off,,
David West,Emeka Okafor,Marcus Thornton,Morris Peterson,Peja Stojakovic,Brendan Haywood,Caron Butler,Jason Kidd,Jason Terry,Shawn Marion,3,2:52,NOH,shot,,,,,,,,,,David West,,,,missed,,layup,25,6
David West,Emeka Okafor,Marcus Thornton,Morris Peterson,Peja Stojakovic,Brendan Haywood,Caron Butler,Jason Kidd,Jason Terry,Shawn Marion,3,2:51,NOH,rebound,,,,,,,,,,Emeka Okafor,,,,,,off,,
David West,Emeka Okafor,Marcus Thornton,Morris Peterson,Peja Stojakovic,Brendan Haywood,Caron Butler,Dirk Nowitzki,Jason Kidd,Jason Terry,3,2:51,DAL,sub,,,,Dirk Nowitzki,,Shawn Marion,,,,,,,,,,,,
David West,Emeka Okafor,Marcus Thornton,Morris Peterson,Peja Stojakovic,Brendan Haywood,Caron Butler,Dirk Nowitzki,Jason Kidd,Jason Terry,3,2:48,NOH,shot,,,,,,,,,,Peja Stojakovic,,,,missed,,3pt,8,23
David West,Emeka Okafor,Marcus Thornton,Morris Peterson,Peja Stojakovic,Brendan Haywood,Caron Butler,Dirk Nowitzki,Jason Kidd,Jason Terry,3,2:47,DAL,rebound,,,,,,,,,,Jason Kidd,,,,,,def,,
David West,Emeka Okafor,Marcus Thornton,Morris Peterson,Peja Stojakovic,Brendan Haywood,Caron Butler,Dirk Nowitzki,Jason Kidd,Jason Terry,3,2:43,NOH,foul,,,,,,,,Dirk Nowitzki,,Peja Stojakovic,,,,,,shooting,,
David West,Emeka Okafor,Marcus Thornton,Morris Peterson,Peja Stojakovic,Brendan Haywood,Caron Butler,Dirk Nowitzki,Jason Kidd,Jason Terry,3,2:43,DAL,free throw,,,,,,,1,,2,Dirk Nowitzki,,,foul,missed,,,,
David West,Emeka Okafor,Marcus Thornton,Morris Peterson,Peja Stojakovic,Brendan Haywood,Caron Butler,Dirk Nowitzki,Jason Kidd,Jason Terry,3,2:43,DAL,rebound,,,,,,,,,,,,,,,,,,
David West,Emeka Okafor,Marcus Thornton,Morris Peterson,Peja Stojakovic,Brendan Haywood,DeShawn Stevenson,Dirk Nowitzki,Jason Kidd,Jason Terry,3,2:43,DAL,sub,,,,DeShawn Stevenson,,Caron Butler,,,,,,,,,,,,
David West,Emeka Okafor,Marcus Thornton,Morris Peterson,Peja Stojakovic,Brendan Haywood,DeShawn Stevenson,Dirk Nowitzki,Jason Kidd,Jason Terry,3,2:43,DAL,free throw,,,,,,,2,,2,Dirk Nowitzki,,,foul,made,,,,
David West,Emeka Okafor,Marcus Thornton,Morris Peterson,Peja Stojakovic,Brendan Haywood,DeShawn Stevenson,Dirk Nowitzki,Jason Kidd,Jason Terry,3,2:27,DAL,foul,,,,,,,,Marcus Thornton,,Jason Terry,,,,,,shooting,,
David West,Emeka Okafor,Marcus Thornton,Morris Peterson,Peja Stojakovic,Brendan Haywood,DeShawn Stevenson,Dirk Nowitzki,Jason Kidd,Jason Terry,3,2:27,NOH,free throw,,,,,,,1,,2,Marcus Thornton,,,foul,made,,,,
Darren Collison,David West,Emeka Okafor,Marcus Thornton,Peja Stojakovic,Brendan Haywood,DeShawn Stevenson,Dirk Nowitzki,Jason Kidd,Jason Terry,3,2:27,NOH,sub,,,,Darren Collison,,Morris Peterson,,,,,,,,,,,,
Darren Collison,David West,Emeka Okafor,Marcus Thornton,Peja Stojakovic,Brendan Haywood,DeShawn Stevenson,Dirk Nowitzki,Jason Kidd,Jason Terry,3,2:27,NOH,free throw,,,,,,,2,,2,Marcus Thornton,,,foul,made,,,,
Darren Collison,David West,Emeka Okafor,Marcus Thornton,Peja Stojakovic,Brendan Haywood,DeShawn Stevenson,Dirk Nowitzki,Jason Kidd,Jason Terry,3,2:14,DAL,shot,,,,,,,,,,Dirk Nowitzki,,,,missed,,jump,31,21
Darren Collison,David West,Emeka Okafor,Marcus Thornton,Peja Stojakovic,Brendan Haywood,DeShawn Stevenson,Dirk Nowitzki,Jason Kidd,Jason Terry,3,2:13,NOH,rebound,,,,,,,,,,Emeka Okafor,,,,,,def,,
Darren Collison,David West,Emeka Okafor,Marcus Thornton,Peja Stojakovic,Brendan Haywood,DeShawn Stevenson,Dirk Nowitzki,Jason Kidd,Jason Terry,3,2:00,NOH,shot,,,,,,,,,,Marcus Thornton,,,,missed,,jump,38,20
Darren Collison,David West,Emeka Okafor,Marcus Thornton,Peja Stojakovic,Brendan Haywood,DeShawn Stevenson,Dirk Nowitzki,Jason Kidd,Jason Terry,3,1:59,DAL,rebound,,,,,,,,,,Brendan Haywood,,,,,,def,,
Darren Collison,David West,Emeka Okafor,Marcus Thornton,Peja Stojakovic,Brendan Haywood,DeShawn Stevenson,Dirk Nowitzki,Jason Kidd,Jason Terry,3,1:42,NOH,foul,,,,,,,,Brendan Haywood,,Emeka Okafor,,,,,,shooting,,
Darren Collison,David West,Emeka Okafor,Marcus Thornton,Peja Stojakovic,Brendan Haywood,DeShawn Stevenson,Dirk Nowitzki,Jason Kidd,Jason Terry,3,1:42,DAL,free throw,,,,,,,1,,2,Brendan Haywood,,,foul,made,,,,
Darren Collison,David West,Emeka Okafor,Marcus Thornton,Peja Stojakovic,Brendan Haywood,DeShawn Stevenson,Dirk Nowitzki,Jason Terry,Jose Juan Barea,3,1:42,DAL,sub,,,,Jose Juan Barea,,Jason Kidd,,,,,,,,,,,,
Darren Collison,David West,Emeka Okafor,Marcus Thornton,Peja Stojakovic,Brendan Haywood,DeShawn Stevenson,Dirk Nowitzki,Jason Terry,Jose Juan Barea,3,1:42,DAL,free throw,,,,,,,2,,2,Brendan Haywood,,,foul,missed,,,,
Darren Collison,David West,Emeka Okafor,Marcus Thornton,Peja Stojakovic,Brendan Haywood,DeShawn Stevenson,Dirk Nowitzki,Jason Terry,Jose Juan Barea,3,1:42,NOH,rebound,,,,,,,,,,Emeka Okafor,,,,,,def,,
Darren Collison,David West,Emeka Okafor,Marcus Thornton,Peja Stojakovic,Brendan Haywood,DeShawn Stevenson,Dirk Nowitzki,Jason Terry,Jose Juan Barea,3,1:22,NOH,shot,,,,,,,,,,David West,,,,missed,,hook,15,7
Darren Collison,David West,Emeka Okafor,Marcus Thornton,Peja Stojakovic,Brendan Haywood,DeShawn Stevenson,Dirk Nowitzki,Jason Terry,Jose Juan Barea,3,1:21,NOH,rebound,,,,,,,,,,Emeka Okafor,,,,,,off,,
Darren Collison,David West,Emeka Okafor,Marcus Thornton,Peja Stojakovic,Brendan Haywood,DeShawn Stevenson,Dirk Nowitzki,Jason Terry,Jose Juan Barea,3,1:20,NOH,shot,,,,,,,,,,Emeka Okafor,2,,,made,,jump hook,27,12
Darren Collison,David West,Emeka Okafor,Marcus Thornton,Peja Stojakovic,Brendan Haywood,DeShawn Stevenson,Dirk Nowitzki,Jason Terry,Jose Juan Barea,3,1:11,DAL,shot,,,,,,,,,,Jason Terry,,,,missed,,3pt,46,19
Darren Collison,David West,Emeka Okafor,Marcus Thornton,Peja Stojakovic,Brendan Haywood,DeShawn Stevenson,Dirk Nowitzki,Jason Terry,Jose Juan Barea,3,1:10,NOH,rebound,,,,,,,,,,Peja Stojakovic,,,,,,def,,
Darren Collison,David West,Emeka Okafor,Marcus Thornton,Peja Stojakovic,Brendan Haywood,DeShawn Stevenson,Dirk Nowitzki,Jason Terry,Jose Juan Barea,3,1:03,NOH,turnover,,,,,,,,,,Emeka Okafor,,,3 second violation,,,,,
Darren Collison,David West,Emeka Okafor,Marcus Thornton,Peja Stojakovic,Brendan Haywood,DeShawn Stevenson,Dirk Nowitzki,Jason Terry,Jose Juan Barea,3,0:50,DAL,shot,,,,,,,,,,DeShawn Stevenson,,,,missed,,jump,39,19
Darren Collison,David West,Emeka Okafor,Marcus Thornton,Peja Stojakovic,Brendan Haywood,DeShawn Stevenson,Dirk Nowitzki,Jason Terry,Jose Juan Barea,3,0:49,DAL,rebound,,,,,,,,,,Brendan Haywood,,,,,,off,,
Darren Collison,David West,Emeka Okafor,Marcus Thornton,Peja Stojakovic,Brendan Haywood,DeShawn Stevenson,Dirk Nowitzki,Jason Terry,Jose Juan Barea,3,0:46,DAL,shot,,,Emeka Okafor,,,,,,,Brendan Haywood,,,,missed,,layup,25,6
Darren Collison,David West,Emeka Okafor,Marcus Thornton,Peja Stojakovic,Brendan Haywood,DeShawn Stevenson,Dirk Nowitzki,Jason Terry,Jose Juan Barea,3,0:45,DAL,rebound,,,,,,,,,,Brendan Haywood,,,,,,off,,
Darren Collison,David West,Emeka Okafor,Marcus Thornton,Peja Stojakovic,Brendan Haywood,DeShawn Stevenson,Dirk Nowitzki,Jason Terry,Jose Juan Barea,3,0:44,DAL,shot,,,Emeka Okafor,,,,,,,Brendan Haywood,,,,missed,,layup,25,6
Darren Collison,David West,Emeka Okafor,Marcus Thornton,Peja Stojakovic,Brendan Haywood,DeShawn Stevenson,Dirk Nowitzki,Jason Terry,Jose Juan Barea,3,0:42,NOH,rebound,,,,,,,,,,Marcus Thornton,,,,,,def,,
Darren Collison,David West,Emeka Okafor,Marcus Thornton,Peja Stojakovic,Brendan Haywood,DeShawn Stevenson,Dirk Nowitzki,Jason Terry,Jose Juan Barea,3,0:38,DAL,foul,,,,,,,,Marcus Thornton,,Brendan Haywood,,,,,,shooting,,
Darren Collison,David West,Emeka Okafor,Marcus Thornton,Peja Stojakovic,Brendan Haywood,DeShawn Stevenson,Dirk Nowitzki,Jason Terry,Jose Juan Barea,3,0:38,NOH,free throw,,,,,,,1,,2,Marcus Thornton,,,foul,missed,,,,
Darren Collison,David West,Emeka Okafor,Marcus Thornton,Peja Stojakovic,Brendan Haywood,DeShawn Stevenson,Dirk Nowitzki,Jason Terry,Jose Juan Barea,3,0:38,NOH,rebound,,,,,,,,,,,,,,,,,,
Darren Collison,David West,Emeka Okafor,Marcus Thornton,Peja Stojakovic,DeShawn Stevenson,Dirk Nowitzki,Eduardo Najera,Jason Terry,Jose Juan Barea,3,0:38,DAL,sub,,,,Eduardo Najera,,Brendan Haywood,,,,,,,,,,,,
Darren Collison,David West,Emeka Okafor,Marcus Thornton,Peja Stojakovic,DeShawn Stevenson,Dirk Nowitzki,Eduardo Najera,Jason Terry,Jose Juan Barea,3,0:38,NOH,free throw,,,,,,,2,,2,Marcus Thornton,,,foul,made,,,,
Darren Collison,David West,Emeka Okafor,Marcus Thornton,Peja Stojakovic,DeShawn Stevenson,Dirk Nowitzki,Eduardo Najera,Jason Terry,Jose Juan Barea,3,0:30,NOH,foul,,,,,,,,,,Emeka Okafor,,,,,,defense 3 second,,
Darren Collison,David West,Emeka Okafor,Marcus Thornton,Peja Stojakovic,DeShawn Stevenson,Dirk Nowitzki,Eduardo Najera,Jason Terry,Jose Juan Barea,3,0:30,DAL,free throw,,,,,,,1,,1,Dirk Nowitzki,,,technical,made,,,,
Darren Collison,David West,Emeka Okafor,Marcus Thornton,Peja Stojakovic,DeShawn Stevenson,Dirk Nowitzki,Eduardo Najera,Jason Terry,Jose Juan Barea,3,0:15,DAL,shot,,,,,,,,,,Dirk Nowitzki,,,,missed,,jump,13,20
Darren Collison,David West,Emeka Okafor,Marcus Thornton,Peja Stojakovic,DeShawn Stevenson,Dirk Nowitzki,Eduardo Najera,Jason Terry,Jose Juan Barea,3,0:14,NOH,rebound,,,,,,,,,,Emeka Okafor,,,,,,def,,
Darren Collison,David West,Emeka Okafor,Marcus Thornton,Peja Stojakovic,DeShawn Stevenson,Dirk Nowitzki,Eduardo Najera,Jason Terry,Jose Juan Barea,3,0:02,NOH,shot,,,,,,,,,,Darren Collison,2,,,made,,jump,23,11
Darren Collison,David West,Emeka Okafor,Marcus Thornton,Peja Stojakovic,DeShawn Stevenson,Dirk Nowitzki,Eduardo Najera,Jason Terry,Jose Juan Barea,3,0:00,DAL,shot,,,,,,,,,,Eduardo Najera,,,,missed,,3pt,39,39
Darren Collison,David West,Emeka Okafor,Marcus Thornton,Peja Stojakovic,DeShawn Stevenson,Dirk Nowitzki,Eduardo Najera,Jason Terry,Jose Juan Barea,3,0:00,DAL,rebound,,,,,,,,,,,,,,,,,,
Darren Collison,David West,Emeka Okafor,Marcus Thornton,Peja Stojakovic,DeShawn Stevenson,Dirk Nowitzki,Eduardo Najera,Jason Terry,Jose Juan Barea,4,11:43,NOH,shot,,,,,,,,,,David West,,,,missed,,jump,36,10
Darren Collison,David West,Emeka Okafor,Marcus Thornton,Peja Stojakovic,DeShawn Stevenson,Dirk Nowitzki,Eduardo Najera,Jason Terry,Jose Juan Barea,4,11:41,NOH,rebound,,,,,,,,,,Emeka Okafor,,,,,,off,,
Darren Collison,David West,Emeka Okafor,Marcus Thornton,Peja Stojakovic,DeShawn Stevenson,Dirk Nowitzki,Eduardo Najera,Jason Terry,Jose Juan Barea,4,11:41,DAL,foul,,,,,,,,Emeka Okafor,,DeShawn Stevenson,,,,,,loose ball,,
Darren Collison,David West,Emeka Okafor,Marcus Thornton,Peja Stojakovic,DeShawn Stevenson,Dirk Nowitzki,Eduardo Najera,Jason Terry,Jose Juan Barea,4,11:30,NOH,shot,,,,,,,,,,David West,,,,missed,,jump,39,18
Darren Collison,David West,Emeka Okafor,Marcus Thornton,Peja Stojakovic,DeShawn Stevenson,Dirk Nowitzki,Eduardo Najera,Jason Terry,Jose Juan Barea,4,11:30,NOH,rebound,,,,,,,,,,Emeka Okafor,,,,,,off,,
Darren Collison,David West,Emeka Okafor,Marcus Thornton,Peja Stojakovic,DeShawn Stevenson,Dirk Nowitzki,Eduardo Najera,Jason Terry,Jose Juan Barea,4,11:27,NOH,shot,,,,,,,,,,Peja Stojakovic,,,,missed,,3pt,20,30
Darren Collison,David West,Emeka Okafor,Marcus Thornton,Peja Stojakovic,DeShawn Stevenson,Dirk Nowitzki,Eduardo Najera,Jason Terry,Jose Juan Barea,4,11:26,NOH,rebound,,,,,,,,,,David West,,,,,,off,,
Darren Collison,David West,Emeka Okafor,Marcus Thornton,Peja Stojakovic,DeShawn Stevenson,Dirk Nowitzki,Eduardo Najera,Jason Terry,Jose Juan Barea,4,11:24,DAL,foul,,,,,,,,David West,,Eduardo Najera,,,,,,shooting,,
Darren Collison,David West,Emeka Okafor,Marcus Thornton,Peja Stojakovic,DeShawn Stevenson,Dirk Nowitzki,Eduardo Najera,Jason Terry,Jose Juan Barea,4,11:24,NOH,free throw,,,,,,,1,,2,David West,,,foul,made,,,,
Darren Collison,David West,Emeka Okafor,Marcus Thornton,Peja Stojakovic,DeShawn Stevenson,Dirk Nowitzki,Eduardo Najera,Jason Terry,Jose Juan Barea,4,11:24,NOH,free throw,,,,,,,2,,2,David West,,,foul,made,,,,
Darren Collison,David West,Emeka Okafor,Marcus Thornton,Peja Stojakovic,DeShawn Stevenson,Dirk Nowitzki,Eduardo Najera,Jason Terry,Jose Juan Barea,4,11:09,DAL,shot,,,,,,,,,,Jason Terry,,,,missed,,jump,39,18
Darren Collison,David West,Emeka Okafor,Marcus Thornton,Peja Stojakovic,DeShawn Stevenson,Dirk Nowitzki,Eduardo Najera,Jason Terry,Jose Juan Barea,4,11:08,NOH,rebound,,,,,,,,,,Emeka Okafor,,,,,,def,,
Darren Collison,David West,Emeka Okafor,Marcus Thornton,Peja Stojakovic,DeShawn Stevenson,Dirk Nowitzki,Eduardo Najera,Jason Terry,Jose Juan Barea,4,10:58,NOH,foul,,,,,,,,Jose Juan Barea,,Marcus Thornton,,,,,,offensive,,
Darren Collison,David West,Emeka Okafor,Marcus Thornton,Peja Stojakovic,DeShawn Stevenson,Dirk Nowitzki,Eduardo Najera,Jason Terry,Jose Juan Barea,4,10:58,NOH,turnover,,,,,,,,,,Marcus Thornton,,,foul,,,,,
Darren Collison,David West,Emeka Okafor,Marcus Thornton,Peja Stojakovic,DeShawn Stevenson,Dirk Nowitzki,Eduardo Najera,Jason Terry,Jose Juan Barea,4,10:40,DAL,turnover,,,,,,,,,,Jose Juan Barea,,,bad pass,,Darren Collison,,,
Darren Collison,David West,Emeka Okafor,Marcus Thornton,Peja Stojakovic,DeShawn Stevenson,Dirk Nowitzki,Eduardo Najera,Jason Terry,Jose Juan Barea,4,10:25,NOH,shot,,,,,,,,,,Marcus Thornton,,,,missed,,3pt,34,29
Darren Collison,David West,Emeka Okafor,Marcus Thornton,Peja Stojakovic,DeShawn Stevenson,Dirk Nowitzki,Eduardo Najera,Jason Terry,Jose Juan Barea,4,10:24,DAL,rebound,,,,,,,,,,Dirk Nowitzki,,,,,,def,,
Darren Collison,David West,Emeka Okafor,Marcus Thornton,Peja Stojakovic,DeShawn Stevenson,Dirk Nowitzki,Eduardo Najera,Jason Terry,Jose Juan Barea,4,10:18,DAL,shot,Jose Juan Barea,,,,,,,,,Jason Terry,2,,,made,,pullup jump,37,19
Darren Collison,David West,Emeka Okafor,Marcus Thornton,Peja Stojakovic,DeShawn Stevenson,Dirk Nowitzki,Eduardo Najera,Jason Terry,Jose Juan Barea,4,10:03,NOH,turnover,,,,,,,,,,David West,,,traveling,,,,,
Darren Collison,David West,Emeka Okafor,Marcus Thornton,Peja Stojakovic,DeShawn Stevenson,Dirk Nowitzki,Eduardo Najera,Jason Terry,Jose Juan Barea,4,9:59,DAL,shot,Jason Terry,,,,,,,,,Dirk Nowitzki,2,,,made,,jump,7,6
Darren Collison,David West,Emeka Okafor,Marcus Thornton,Peja Stojakovic,DeShawn Stevenson,Dirk Nowitzki,Eduardo Najera,Jason Terry,Jose Juan Barea,4,9:52,NOH,timeout,,,,,,,,,,,,,,,,regular,,
Darren Collison,David West,James Posey,Marcus Thornton,Peja Stojakovic,DeShawn Stevenson,Dirk Nowitzki,Eduardo Najera,Jason Terry,Jose Juan Barea,4,9:52,NOH,sub,,,,James Posey,,Emeka Okafor,,,,,,,,,,,,
Darren Collison,David West,James Posey,Marcus Thornton,Peja Stojakovic,DeShawn Stevenson,Dirk Nowitzki,Eduardo Najera,Jason Terry,Jose Juan Barea,4,9:34,NOH,shot,,,,,,,,,,Peja Stojakovic,,,,missed,,driving jump,20,9
Darren Collison,David West,James Posey,Marcus Thornton,Peja Stojakovic,DeShawn Stevenson,Dirk Nowitzki,Eduardo Najera,Jason Terry,Jose Juan Barea,4,9:33,DAL,rebound,,,,,,,,,,Eduardo Najera,,,,,,def,,
Darren Collison,David West,James Posey,Marcus Thornton,Peja Stojakovic,DeShawn Stevenson,Dirk Nowitzki,Eduardo Najera,Jason Terry,Jose Juan Barea,4,9:33,NOH,foul,,,,,,,,Eduardo Najera,,Marcus Thornton,,,,,,loose ball,,
Darren Collison,David West,James Posey,Marcus Thornton,Peja Stojakovic,DeShawn Stevenson,Dirk Nowitzki,Eduardo Najera,Jason Terry,Jose Juan Barea,4,9:19,DAL,foul,,,,,,,,Marcus Thornton,,Eduardo Najera,,,,,,offensive,,
Darren Collison,David West,James Posey,Marcus Thornton,Peja Stojakovic,DeShawn Stevenson,Dirk Nowitzki,Eduardo Najera,Jason Terry,Jose Juan Barea,4,9:19,DAL,turnover,,,,,,,,,,Eduardo Najera,,,foul,,,,,
Darren Collison,David West,James Posey,Marcus Thornton,Peja Stojakovic,DeShawn Stevenson,Dirk Nowitzki,Eduardo Najera,Jason Terry,Jose Juan Barea,4,9:04,NOH,shot,,,,,,,,,,Darren Collison,,,,missed,,driving layup,25,6
Darren Collison,David West,James Posey,Marcus Thornton,Peja Stojakovic,DeShawn Stevenson,Dirk Nowitzki,Eduardo Najera,Jason Terry,Jose Juan Barea,4,9:03,NOH,rebound,,,,,,,,,,Marcus Thornton,,,,,,off,,
Darren Collison,David West,James Posey,Marcus Thornton,Peja Stojakovic,DeShawn Stevenson,Dirk Nowitzki,Eduardo Najera,Jason Terry,Jose Juan Barea,4,9:02,NOH,shot,,,,,,,,,,Marcus Thornton,,,,missed,,layup,25,6
Darren Collison,David West,James Posey,Marcus Thornton,Peja Stojakovic,DeShawn Stevenson,Dirk Nowitzki,Eduardo Najera,Jason Terry,Jose Juan Barea,4,9:01,NOH,rebound,,,,,,,,,,Marcus Thornton,,,,,,off,,
Darren Collison,David West,James Posey,Marcus Thornton,Peja Stojakovic,DeShawn Stevenson,Dirk Nowitzki,Eduardo Najera,Jason Terry,Jose Juan Barea,4,9:01,NOH,shot,,,,,,,,,,Marcus Thornton,2,,,made,,tip,25,6
Darren Collison,David West,James Posey,Marcus Thornton,Peja Stojakovic,DeShawn Stevenson,Dirk Nowitzki,Eduardo Najera,Jason Terry,Jose Juan Barea,4,8:52,DAL,shot,,,,,,,,,,Jason Terry,,,,missed,,3pt,6,22
Darren Collison,David West,James Posey,Marcus Thornton,Peja Stojakovic,DeShawn Stevenson,Dirk Nowitzki,Eduardo Najera,Jason Terry,Jose Juan Barea,4,8:51,NOH,rebound,,,,,,,,,,Peja Stojakovic,,,,,,def,,
Darren Collison,David West,James Posey,Marcus Thornton,Peja Stojakovic,DeShawn Stevenson,Dirk Nowitzki,Eduardo Najera,Jason Terry,Jose Juan Barea,4,8:37,NOH,shot,David West,,,,,,,,,Peja Stojakovic,2,,,made,,step back jump,25,15
Darren Collison,David West,James Posey,Marcus Thornton,Peja Stojakovic,DeShawn Stevenson,Dirk Nowitzki,Eduardo Najera,Jason Terry,Jose Juan Barea,4,8:35,DAL,timeout,,,,,,,,,,,,,,,,regular,,
Darren Collison,David West,James Posey,Marcus Thornton,Peja Stojakovic,DeShawn Stevenson,Dirk Nowitzki,Eduardo Najera,Jason Kidd,Jason Terry,4,8:35,DAL,sub,,,,Jason Kidd,,Jose Juan Barea,,,,,,,,,,,,
Darren Collison,David West,James Posey,Marcus Thornton,Peja Stojakovic,Caron Butler,DeShawn Stevenson,Dirk Nowitzki,Jason Kidd,Jason Terry,4,8:35,DAL,sub,,,,Caron Butler,,Eduardo Najera,,,,,,,,,,,,
Darren Collison,David West,James Posey,Marcus Thornton,Peja Stojakovic,Brendan Haywood,Caron Butler,Dirk Nowitzki,Jason Kidd,Jason Terry,4,8:35,DAL,sub,,,,Brendan Haywood,,DeShawn Stevenson,,,,,,,,,,,,
Darren Collison,David West,James Posey,Marcus Thornton,Peja Stojakovic,Brendan Haywood,Caron Butler,Dirk Nowitzki,Jason Kidd,Jason Terry,4,8:16,DAL,shot,,,,,,,,,,Dirk Nowitzki,,,,missed,,jump,8,7
Darren Collison,David West,James Posey,Marcus Thornton,Peja Stojakovic,Brendan Haywood,Caron Butler,Dirk Nowitzki,Jason Kidd,Jason Terry,4,8:15,NOH,rebound,,,,,,,,,,James Posey,,,,,,def,,
Darren Collison,David West,James Posey,Marcus Thornton,Peja Stojakovic,Brendan Haywood,Caron Butler,Dirk Nowitzki,Jason Kidd,Jason Terry,4,7:57,NOH,shot,,,,,,,,,,Darren Collison,2,,,made,,jump,24,25
Darren Collison,David West,James Posey,Marcus Thornton,Peja Stojakovic,Brendan Haywood,Caron Butler,Dirk Nowitzki,Jason Kidd,Jason Terry,4,7:41,DAL,shot,,,,,,,,,,Jason Kidd,,,,missed,,3pt,2,7
Darren Collison,David West,James Posey,Marcus Thornton,Peja Stojakovic,Brendan Haywood,Caron Butler,Dirk Nowitzki,Jason Kidd,Jason Terry,4,7:40,DAL,rebound,,,,,,,,,,Brendan Haywood,,,,,,off,,
Darren Collison,David West,James Posey,Marcus Thornton,Peja Stojakovic,Brendan Haywood,Caron Butler,Dirk Nowitzki,Jason Kidd,Jason Terry,4,7:40,NOH,foul,,,,,,,,Brendan Haywood,,James Posey,,,,,,loose ball,,
Darren Collison,David West,James Posey,Marcus Thornton,Peja Stojakovic,Brendan Haywood,Caron Butler,Dirk Nowitzki,Jason Kidd,Jason Terry,4,7:30,NOH,foul,,,,,,,,Dirk Nowitzki,,James Posey,,,,,,personal,,
Darren Collison,David West,James Posey,Marcus Thornton,Peja Stojakovic,Brendan Haywood,Caron Butler,Dirk Nowitzki,Jason Kidd,Jason Terry,4,7:27,DAL,shot,Jason Kidd,,,,,,,,,Jason Terry,2,,,made,,driving layup,25,6
Darren Collison,David West,James Posey,Marcus Thornton,Peja Stojakovic,Brendan Haywood,Caron Butler,Dirk Nowitzki,Jason Kidd,Jason Terry,4,7:19,NOH,jump ball,,Darren Collison,,,Jason Kidd,,,,,,,Marcus Thornton,,,,,,
Darren Collison,David West,James Posey,Marcus Thornton,Peja Stojakovic,Brendan Haywood,Caron Butler,Dirk Nowitzki,Jason Kidd,Jason Terry,4,7:16,NOH,jump ball,,Marcus Thornton,,,Jason Kidd,,,,,,,Peja Stojakovic,,,,,,
Darren Collison,David West,James Posey,Marcus Thornton,Peja Stojakovic,Brendan Haywood,Caron Butler,Dirk Nowitzki,Jason Kidd,Jason Terry,4,7:11,NOH,shot,Darren Collison,,,,,,,,,Peja Stojakovic,3,,,made,,3pt,19,30
Darren Collison,David West,James Posey,Marcus Thornton,Peja Stojakovic,Brendan Haywood,Caron Butler,Dirk Nowitzki,Jason Kidd,Jason Terry,4,6:47,DAL,shot,,,,,,,,,,Dirk Nowitzki,2,,,made,,turnaround jump,12,8
Darren Collison,David West,James Posey,Marcus Thornton,Peja Stojakovic,Brendan Haywood,Caron Butler,Dirk Nowitzki,Jason Kidd,Jason Terry,4,6:22,NOH,shot,,,Brendan Haywood,,,,,,,David West,,,,missed,,layup,25,6
Darren Collison,David West,James Posey,Marcus Thornton,Peja Stojakovic,Brendan Haywood,Caron Butler,Dirk Nowitzki,Jason Kidd,Jason Terry,4,6:21,NOH,rebound,,,,,,,,,,David West,,,,,,off,,
Darren Collison,David West,James Posey,Marcus Thornton,Peja Stojakovic,Brendan Haywood,Caron Butler,Dirk Nowitzki,Jason Kidd,Jason Terry,4,6:21,NOH,shot,,,Brendan Haywood,,,,,,,David West,,,,missed,,layup,25,6
Darren Collison,David West,James Posey,Marcus Thornton,Peja Stojakovic,Brendan Haywood,Caron Butler,Dirk Nowitzki,Jason Kidd,Jason Terry,4,6:21,NOH,rebound,,,,,,,,,,,,,,,,,,
Darren Collison,David West,James Posey,Marcus Thornton,Peja Stojakovic,Brendan Haywood,Caron Butler,Dirk Nowitzki,Jason Kidd,Jason Terry,4,6:21,NOH,turnover,,,,,,,,,,,,,shot clock turnover,,,,,
Darren Collison,David West,James Posey,Marcus Thornton,Peja Stojakovic,Brendan Haywood,Caron Butler,Dirk Nowitzki,Jason Kidd,Jason Terry,4,6:08,DAL,shot,,,,,,,,,,Dirk Nowitzki,2,,,made,,step back jump,17,17
Darren Collison,David West,James Posey,Marcus Thornton,Peja Stojakovic,Brendan Haywood,Caron Butler,Dirk Nowitzki,Jason Kidd,Jason Terry,4,6:05,NOH,foul,,,,,,,,,,Bower,,,,,,technical,,
Darren Collison,David West,James Posey,Marcus Thornton,Peja Stojakovic,Brendan Haywood,Caron Butler,Dirk Nowitzki,Jason Kidd,Jason Terry,4,6:05,DAL,free throw,,,,,,,1,,1,Dirk Nowitzki,,,technical,made,,,,
Darren Collison,David West,James Posey,Marcus Thornton,Peja Stojakovic,Brendan Haywood,Caron Butler,Dirk Nowitzki,Jason Kidd,Jason Terry,4,5:46,NOH,shot,,,,,,,,,,Marcus Thornton,3,,,made,,3pt,37,28
Darren Collison,David West,James Posey,Marcus Thornton,Peja Stojakovic,Brendan Haywood,Caron Butler,Dirk Nowitzki,Jason Kidd,Jason Terry,4,5:19,DAL,shot,,,,,,,,,,Dirk Nowitzki,,,,missed,,jump,17,18
Darren Collison,David West,James Posey,Marcus Thornton,Peja Stojakovic,Brendan Haywood,Caron Butler,Dirk Nowitzki,Jason Kidd,Jason Terry,4,5:18,NOH,rebound,,,,,,,,,,James Posey,,,,,,def,,
Darren Collison,David West,James Posey,Marcus Thornton,Peja Stojakovic,Brendan Haywood,Caron Butler,Dirk Nowitzki,Jason Kidd,Jason Terry,4,5:11,NOH,turnover,,,,,,,,,,Marcus Thornton,,,lost ball,,Caron Butler,,,
Darren Collison,David West,James Posey,Marcus Thornton,Peja Stojakovic,Brendan Haywood,Caron Butler,Dirk Nowitzki,Jason Kidd,Jason Terry,4,5:08,DAL,turnover,,,,,,,,,,Jason Kidd,,,bad pass,,,,,
Darren Collison,David West,James Posey,Marcus Thornton,Peja Stojakovic,Brendan Haywood,Caron Butler,Dirk Nowitzki,Jason Kidd,Jason Terry,4,5:00,NOH,shot,,,,,,,,,,Darren Collison,2,,,made,,jump,30,28
Darren Collison,David West,James Posey,Marcus Thornton,Peja Stojakovic,Brendan Haywood,Caron Butler,Dirk Nowitzki,Jason Kidd,Jason Terry,4,4:42,DAL,shot,,,David West,,,,,,,Caron Butler,,,,missed,,layup,25,6
Darren Collison,David West,James Posey,Marcus Thornton,Peja Stojakovic,Brendan Haywood,Caron Butler,Dirk Nowitzki,Jason Kidd,Jason Terry,4,4:41,DAL,rebound,,,,,,,,,,Caron Butler,,,,,,off,,
Darren Collison,David West,James Posey,Marcus Thornton,Peja Stojakovic,Brendan Haywood,Caron Butler,Dirk Nowitzki,Jason Kidd,Jason Terry,4,4:40,DAL,shot,,,,,,,,,,Caron Butler,,,,missed,,layup,25,6
Darren Collison,David West,James Posey,Marcus Thornton,Peja Stojakovic,Brendan Haywood,Caron Butler,Dirk Nowitzki,Jason Kidd,Jason Terry,4,4:38,NOH,rebound,,,,,,,,,,David West,,,,,,def,,
Darren Collison,David West,James Posey,Marcus Thornton,Peja Stojakovic,Brendan Haywood,Caron Butler,Dirk Nowitzki,Jason Kidd,Jason Terry,4,4:29,NOH,shot,,,,,,,,,,David West,,,,missed,,jump,26,25
Darren Collison,David West,James Posey,Marcus Thornton,Peja Stojakovic,Brendan Haywood,Caron Butler,Dirk Nowitzki,Jason Kidd,Jason Terry,4,4:28,DAL,rebound,,,,,,,,,,Brendan Haywood,,,,,,def,,
Darren Collison,David West,James Posey,Marcus Thornton,Peja Stojakovic,Brendan Haywood,Caron Butler,Dirk Nowitzki,Jason Kidd,Jason Terry,4,4:16,DAL,shot,Jason Terry,,,,,,,,,Dirk Nowitzki,2,,,made,,jump,12,20
Darren Collison,David West,James Posey,Marcus Thornton,Peja Stojakovic,Brendan Haywood,Caron Butler,Dirk Nowitzki,Jason Kidd,Jason Terry,4,3:50,DAL,foul,,,,,,,,Darren Collison,,Jason Kidd,,,,,,shooting,,
Darren Collison,David West,James Posey,Marcus Thornton,Peja Stojakovic,Brendan Haywood,Caron Butler,Dirk Nowitzki,Jason Kidd,Jason Terry,4,3:50,NOH,free throw,,,,,,,1,,2,Darren Collison,,,foul,made,,,,
Darren Collison,David West,James Posey,Marcus Thornton,Peja Stojakovic,Brendan Haywood,Caron Butler,Dirk Nowitzki,Jason Kidd,Jason Terry,4,3:50,NOH,free throw,,,,,,,2,,2,Darren Collison,,,foul,missed,,,,
Darren Collison,David West,James Posey,Marcus Thornton,Peja Stojakovic,Brendan Haywood,Caron Butler,Dirk Nowitzki,Jason Kidd,Jason Terry,4,3:49,DAL,rebound,,,,,,,,,,Dirk Nowitzki,,,,,,def,,
Darren Collison,David West,James Posey,Marcus Thornton,Peja Stojakovic,Brendan Haywood,Caron Butler,Dirk Nowitzki,Jason Kidd,Jason Terry,4,3:29,DAL,shot,,,,,,,,,,Brendan Haywood,2,,,made,,layup,25,6
Darren Collison,David West,James Posey,Marcus Thornton,Peja Stojakovic,Brendan Haywood,Caron Butler,Dirk Nowitzki,Jason Kidd,Jason Terry,4,3:07,NOH,shot,David West,,,,,,,,,Darren Collison,2,,,made,,jump,10,7
Darren Collison,David West,James Posey,Marcus Thornton,Peja Stojakovic,Brendan Haywood,Caron Butler,Dirk Nowitzki,Jason Kidd,Jason Terry,4,2:54,DAL,shot,,,David West,,,,,,,Jason Kidd,,,,missed,,driving layup,25,6
Darren Collison,David West,James Posey,Marcus Thornton,Peja Stojakovic,Brendan Haywood,Caron Butler,Dirk Nowitzki,Jason Kidd,Jason Terry,4,2:52,NOH,rebound,,,,,,,,,,David West,,,,,,def,,
Darren Collison,David West,James Posey,Marcus Thornton,Peja Stojakovic,Brendan Haywood,Caron Butler,Dirk Nowitzki,Jason Kidd,Jason Terry,4,2:45,NOH,shot,,,,,,,,,,Darren Collison,3,,,made,,3pt,47,16
Darren Collison,David West,James Posey,Marcus Thornton,Peja Stojakovic,Brendan Haywood,Caron Butler,Dirk Nowitzki,Jason Kidd,Jason Terry,4,2:44,DAL,timeout,,,,,,,,,,,,,,,,short,,
Darren Collison,David West,James Posey,Marcus Thornton,Peja Stojakovic,Brendan Haywood,Caron Butler,Dirk Nowitzki,Jason Kidd,Jason Terry,4,2:44,DAL,timeout,,,,,,,,,,,,,,,,official,,
Darren Collison,David West,James Posey,Marcus Thornton,Peja Stojakovic,Brendan Haywood,Caron Butler,Dirk Nowitzki,Jason Kidd,Jason Terry,4,2:20,DAL,shot,,,,,,,,,,Dirk Nowitzki,,,,missed,,step back jump,30,21
Darren Collison,David West,James Posey,Marcus Thornton,Peja Stojakovic,Brendan Haywood,Caron Butler,Dirk Nowitzki,Jason Kidd,Jason Terry,4,2:19,DAL,rebound,,,,,,,,,,Brendan Haywood,,,,,,off,,
Darren Collison,David West,James Posey,Marcus Thornton,Peja Stojakovic,Brendan Haywood,Caron Butler,Dirk Nowitzki,Jason Kidd,Jason Terry,4,2:15,DAL,timeout,,,,,,,,,,,,,,,,regular,,
Darren Collison,David West,James Posey,Marcus Thornton,Peja Stojakovic,Brendan Haywood,Caron Butler,Dirk Nowitzki,Jason Kidd,Jason Terry,4,2:15,NOH,violation,,,,,,,,,,,,,,,,delay of game,,
Darren Collison,David West,James Posey,Marcus Thornton,Peja Stojakovic,Brendan Haywood,Caron Butler,Dirk Nowitzki,Jason Kidd,Jason Terry,4,1:59,DAL,shot,,,,,,,,,,Caron Butler,,,,missed,,fade away jumper,37,7
Darren Collison,David West,James Posey,Marcus Thornton,Peja Stojakovic,Brendan Haywood,Caron Butler,Dirk Nowitzki,Jason Kidd,Jason Terry,4,1:58,NOH,rebound,,,,,,,,,,Marcus Thornton,,,,,,def,,
Darren Collison,David West,James Posey,Marcus Thornton,Peja Stojakovic,Brendan Haywood,Caron Butler,Dirk Nowitzki,Jason Kidd,Jason Terry,4,1:41,NOH,shot,,,,,,,,,,Peja Stojakovic,,,,missed,,3pt,33,31
Darren Collison,David West,James Posey,Marcus Thornton,Peja Stojakovic,Brendan Haywood,Caron Butler,Dirk Nowitzki,Jason Kidd,Jason Terry,4,1:40,DAL,rebound,,,,,,,,,,Jason Kidd,,,,,,def,,
Darren Collison,David West,James Posey,Marcus Thornton,Peja Stojakovic,Brendan Haywood,Caron Butler,Dirk Nowitzki,Jason Kidd,Jason Terry,4,1:22,DAL,shot,,,,,,,,,,Dirk Nowitzki,,,,missed,,jump,27,25
Darren Collison,David West,James Posey,Marcus Thornton,Peja Stojakovic,Brendan Haywood,Caron Butler,Dirk Nowitzki,Jason Kidd,Jason Terry,4,1:21,NOH,rebound,,,,,,,,,,David West,,,,,,def,,
Darren Collison,David West,James Posey,Marcus Thornton,Peja Stojakovic,Brendan Haywood,Caron Butler,Dirk Nowitzki,Jason Kidd,Jason Terry,4,1:06,NOH,turnover,,,,,,,,,,Darren Collison,,,bad pass,,Brendan Haywood,,,
Darren Collison,David West,James Posey,Marcus Thornton,Peja Stojakovic,Brendan Haywood,Caron Butler,Dirk Nowitzki,Jason Kidd,Jason Terry,4,0:58,DAL,shot,,,,,,,,,,Dirk Nowitzki,2,,,made,,turnaround jump,26,15
Darren Collison,David West,James Posey,Marcus Thornton,Peja Stojakovic,Brendan Haywood,Caron Butler,Dirk Nowitzki,Jason Kidd,Jason Terry,4,0:58,NOH,timeout,,,,,,,,,,,,,,,,regular,,
Darren Collison,David West,James Posey,Marcus Thornton,Peja Stojakovic,Brendan Haywood,Caron Butler,Dirk Nowitzki,Jason Kidd,Jason Terry,4,0:51,NOH,turnover,,,,,,,,,,Darren Collison,,,lost ball,,Caron Butler,,,
Darren Collison,David West,James Posey,Marcus Thornton,Peja Stojakovic,Brendan Haywood,Caron Butler,Dirk Nowitzki,Jason Kidd,Jason Terry,4,0:47,DAL,shot,,,,,,,,,,Caron Butler,,,,missed,,layup,25,6
Darren Collison,David West,James Posey,Marcus Thornton,Peja Stojakovic,Brendan Haywood,Caron Butler,Dirk Nowitzki,Jason Kidd,Jason Terry,4,0:47,DAL,rebound,,,,,,,,,,Brendan Haywood,,,,,,off,,
Darren Collison,David West,James Posey,Marcus Thornton,Peja Stojakovic,Brendan Haywood,Caron Butler,Dirk Nowitzki,Jason Kidd,Jason Terry,4,0:47,DAL,shot,,,,,,,,,,Brendan Haywood,2,,,made,,putback dunk,25,6
Darren Collison,David West,James Posey,Marcus Thornton,Peja Stojakovic,Brendan Haywood,Caron Butler,Dirk Nowitzki,Jason Kidd,Jason Terry,4,0:33,NOH,shot,,,,,,,,,,Marcus Thornton,,,,missed,,3pt,41,24
Darren Collison,David West,James Posey,Marcus Thornton,Peja Stojakovic,Brendan Haywood,Caron Butler,Dirk Nowitzki,Jason Kidd,Jason Terry,4,0:32,DAL,rebound,,,,,,,,,,Jason Terry,,,,,,def,,
Darren Collison,David West,James Posey,Marcus Thornton,Peja Stojakovic,Brendan Haywood,Caron Butler,Dirk Nowitzki,Jason Kidd,Jason Terry,4,0:23,NOH,foul,,,,,,,,Caron Butler,,Peja Stojakovic,,,,,,personal,,
Darren Collison,David West,James Posey,Marcus Thornton,Peja Stojakovic,Brendan Haywood,Caron Butler,Dirk Nowitzki,Jason Kidd,Jason Terry,4,0:11,NOH,foul,,,,,,,,Dirk Nowitzki,,James Posey,,,,,,shooting,,
Darren Collison,David West,James Posey,Marcus Thornton,Peja Stojakovic,Brendan Haywood,Caron Butler,Dirk Nowitzki,Jason Kidd,Jason Terry,4,0:11,DAL,free throw,,,,,,,1,,3,Dirk Nowitzki,,,foul,made,,,,
Darren Collison,David West,James Posey,Marcus Thornton,Peja Stojakovic,Caron Butler,Dirk Nowitzki,Jason Kidd,Jason Terry,Jose Juan Barea,4,0:11,DAL,sub,,,,Jose Juan Barea,,Brendan Haywood,,,,,,,,,,,,
Darren Collison,David West,James Posey,Marcus Thornton,Peja Stojakovic,Caron Butler,Dirk Nowitzki,Eduardo Najera,Jason Terry,Jose Juan Barea,4,0:11,DAL,sub,,,,Eduardo Najera,,Jason Kidd,,,,,,,,,,,,
Darren Collison,David West,James Posey,Marcus Thornton,Peja Stojakovic,Caron Butler,DeShawn Stevenson,Dirk Nowitzki,Eduardo Najera,Jose Juan Barea,4,0:11,DAL,sub,,,,DeShawn Stevenson,,Jason Terry,,,,,,,,,,,,
Darren Collison,David West,James Posey,Marcus Thornton,Peja Stojakovic,Caron Butler,DeShawn Stevenson,Dirk Nowitzki,Eduardo Najera,Jose Juan Barea,4,0:11,DAL,free throw,,,,,,,2,,3,Dirk Nowitzki,,,foul,made,,,,
Darren Collison,David West,James Posey,Marcus Thornton,Peja Stojakovic,Caron Butler,DeShawn Stevenson,Dirk Nowitzki,Eduardo Najera,Jose Juan Barea,4,0:11,DAL,free throw,,,,,,,3,,3,Dirk Nowitzki,,,foul,made,,,,
Darren Collison,David West,James Posey,Marcus Thornton,Peja Stojakovic,Caron Butler,DeShawn Stevenson,Dirk Nowitzki,Eduardo Najera,Jose Juan Barea,4,0:04,NOH,shot,,,,,,,,,,Darren Collison,3,,,made,,3pt,2,12
