a1,a2,a3,a4,a5,h1,h2,h3,h4,h5,period,time,team,etype,assist,away,block,entered,home,left,num,opponent,outof,player,points,possession,reason,result,steal,type,x,y
Aaron Brooks,Chuck Hayes,Luis Scola,Shane Battier,Trevor Ariza,DeJuan Blair,George Hill,Richard Jefferson,Tim Duncan,Tony Parker,1,12:00,OFF,jump ball,,Luis Scola,,,Tim Duncan,,,,,,,Tony Parker,,,,,,
Aaron Brooks,Chuck Hayes,Luis Scola,Shane Battier,Trevor Ariza,DeJuan Blair,George Hill,Richard Jefferson,Tim Duncan,Tony Parker,1,11:43,SAS,shot,Tim Duncan,,,,,,,,,Richard Jefferson,2,,,made,,layup,23,7
Aaron Brooks,Chuck Hayes,Luis Scola,Shane Battier,Trevor Ariza,DeJuan Blair,George Hill,Richard Jefferson,Tim Duncan,Tony Parker,1,11:30,HOU,shot,Aaron Brooks,,,,,,,,,Trevor Ariza,2,,,made,,jump,11,20
Aaron Brooks,Chuck Hayes,Luis Scola,Shane Battier,Trevor Ariza,DeJuan Blair,George Hill,Richard Jefferson,Tim Duncan,Tony Parker,1,11:13,SAS,shot,Tony Parker,,,,,,,,,DeJuan Blair,2,,,made,,dunk,23,7
Aaron Brooks,Chuck Hayes,Luis Scola,Shane Battier,Trevor Ariza,DeJuan Blair,George Hill,Richard Jefferson,Tim Duncan,Tony Parker,1,10:52,HOU,shot,Chuck Hayes,,,,,,,,,Shane Battier,2,,,made,,reverse layup,26,7
Aaron Brooks,Chuck Hayes,Luis Scola,Shane Battier,Trevor Ariza,DeJuan Blair,George Hill,Richard Jefferson,Tim Duncan,Tony Parker,1,10:40,SAS,shot,Tony Parker,,,,,,,,,Richard Jefferson,2,,,made,,jump,13,20
Aaron Brooks,Chuck Hayes,Luis Scola,Shane Battier,Trevor Ariza,DeJuan Blair,George Hill,Richard Jefferson,Tim Duncan,Tony Parker,1,10:29,HOU,shot,,,,,,,,,,Aaron Brooks,,,,missed,,jump,29,12
Aaron Brooks,Chuck Hayes,Luis Scola,Shane Battier,Trevor Ariza,DeJuan Blair,George Hill,Richard Jefferson,Tim Duncan,Tony Parker,1,10:27,SAS,rebound,,,,,,,,,,DeJuan Blair,,,,,,def,,
Aaron Brooks,Chuck Hayes,Luis Scola,Shane Battier,Trevor Ariza,DeJuan Blair,George Hill,Richard Jefferson,Tim Duncan,Tony Parker,1,10:16,SAS,shot,Tony Parker,,,,,,,,,Tim Duncan,2,,,made,,jump,23,22
Aaron Brooks,Chuck Hayes,Luis Scola,Shane Battier,Trevor Ariza,DeJuan Blair,George Hill,Richard Jefferson,Tim Duncan,Tony Parker,1,10:01,HOU,turnover,,,,,,,,,,Shane Battier,,,bad pass,,George Hill,,,
Aaron Brooks,Chuck Hayes,Luis Scola,Shane Battier,Trevor Ariza,DeJuan Blair,George Hill,Richard Jefferson,Tim Duncan,Tony Parker,1,9:59,SAS,shot,,,,,,,,,,George Hill,2,,,made,,dunk,24,7
Aaron Brooks,Chuck Hayes,Luis Scola,Shane Battier,Trevor Ariza,DeJuan Blair,George Hill,Richard Jefferson,Tim Duncan,Tony Parker,1,9:34,HOU,shot,,,Tim Duncan,,,,,,,Chuck Hayes,,,,missed,,reverse layup,24,7
Aaron Brooks,Chuck Hayes,Luis Scola,Shane Battier,Trevor Ariza,DeJuan Blair,George Hill,Richard Jefferson,Tim Duncan,Tony Parker,1,9:32,SAS,rebound,,,,,,,,,,Tim Duncan,,,,,,def,,
Aaron Brooks,Chuck Hayes,Luis Scola,Shane Battier,Trevor Ariza,DeJuan Blair,George Hill,Richard Jefferson,Tim Duncan,Tony Parker,1,9:27,SAS,shot,,,,,,,,,,Tony Parker,,,,missed,,layup,25,8
Aaron Brooks,Chuck Hayes,Luis Scola,Shane Battier,Trevor Ariza,DeJuan Blair,George Hill,Richard Jefferson,Tim Duncan,Tony Parker,1,9:26,SAS,rebound,,,,,,,,,,DeJuan Blair,,,,,,off,,
Aaron Brooks,Chuck Hayes,Luis Scola,Shane Battier,Trevor Ariza,DeJuan Blair,George Hill,Richard Jefferson,Tim Duncan,Tony Parker,1,9:26,SAS,shot,,,,,,,,,,DeJuan Blair,2,,,made,,putback layup,26,7
Aaron Brooks,Chuck Hayes,Luis Scola,Shane Battier,Trevor Ariza,DeJuan Blair,George Hill,Richard Jefferson,Tim Duncan,Tony Parker,1,9:18,HOU,turnover,,,,,,,,,,Trevor Ariza,,,traveling,,,,,
Aaron Brooks,Chuck Hayes,Luis Scola,Shane Battier,Trevor Ariza,DeJuan Blair,George Hill,Richard Jefferson,Tim Duncan,Tony Parker,1,9:18,HOU,timeout,,,,,,,,,,,,,,,,regular,,
Aaron Brooks,Chuck Hayes,Luis Scola,Shane Battier,Trevor Ariza,DeJuan Blair,George Hill,Richard Jefferson,Tim Duncan,Tony Parker,1,9:08,SAS,shot,,,,,,,,,,Tony Parker,2,,,made,,jump,41,15
Aaron Brooks,Chuck Hayes,Luis Scola,Shane Battier,Trevor Ariza,DeJuan Blair,George Hill,Richard Jefferson,Tim Duncan,Tony Parker,1,8:57,HOU,shot,Chuck Hayes,,,,,,,,,Trevor Ariza,2,,,made,,layup,24,6
Aaron Brooks,Chuck Hayes,Luis Scola,Shane Battier,Trevor Ariza,DeJuan Blair,George Hill,Richard Jefferson,Tim Duncan,Tony Parker,1,8:39,SAS,shot,Tony Parker,,,,,,,,,George Hill,3,,,made,,3pt,2,6
Aaron Brooks,Chuck Hayes,Luis Scola,Shane Battier,Trevor Ariza,DeJuan Blair,George Hill,Richard Jefferson,Tim Duncan,Tony Parker,1,8:24,HOU,shot,,,,,,,,,,Aaron Brooks,,,,missed,,3pt,2,13
Aaron Brooks,Chuck Hayes,Luis Scola,Shane Battier,Trevor Ariza,DeJuan Blair,George Hill,Richard Jefferson,Tim Duncan,Tony Parker,1,8:23,SAS,rebound,,,,,,,,,,DeJuan Blair,,,,,,def,,
Aaron Brooks,Chuck Hayes,Luis Scola,Shane Battier,Trevor Ariza,DeJuan Blair,George Hill,Richard Jefferson,Tim Duncan,Tony Parker,1,8:02,SAS,turnover,,,,,,,,,,Richard Jefferson,,,lost ball,,Aaron Brooks,,,
Aaron Brooks,Chuck Hayes,Luis Scola,Shane Battier,Trevor Ariza,DeJuan Blair,George Hill,Richard Jefferson,Tim Duncan,Tony Parker,1,7:54,HOU,shot,,,,,,,,,,Luis Scola,,,,missed,,jump,12,6
Aaron Brooks,Chuck Hayes,Luis Scola,Shane Battier,Trevor Ariza,DeJuan Blair,George Hill,Richard Jefferson,Tim Duncan,Tony Parker,1,7:53,SAS,rebound,,,,,,,,,,Richard Jefferson,,,,,,def,,
Aaron Brooks,Chuck Hayes,Luis Scola,Shane Battier,Trevor Ariza,DeJuan Blair,George Hill,Richard Jefferson,Tim Duncan,Tony Parker,1,7:43,SAS,shot,,,,,,,,,,DeJuan Blair,,,,missed,,jump,28,9
Aaron Brooks,Chuck Hayes,Luis Scola,Shane Battier,Trevor Ariza,DeJuan Blair,George Hill,Richard Jefferson,Tim Duncan,Tony Parker,1,7:42,HOU,rebound,,,,,,,,,,Chuck Hayes,,,,,,def,,
Aaron Brooks,Chuck Hayes,Luis Scola,Shane Battier,Trevor Ariza,DeJuan Blair,George Hill,Richard Jefferson,Tim Duncan,Tony Parker,1,7:31,HOU,shot,,,,,,,,,,Luis Scola,,,,missed,,jump,20,10
Aaron Brooks,Chuck Hayes,Luis Scola,Shane Battier,Trevor Ariza,DeJuan Blair,George Hill,Richard Jefferson,Tim Duncan,Tony Parker,1,7:29,SAS,rebound,,,,,,,,,,DeJuan Blair,,,,,,def,,
Aaron Brooks,Chuck Hayes,Luis Scola,Shane Battier,Trevor Ariza,DeJuan Blair,George Hill,Richard Jefferson,Tim Duncan,Tony Parker,1,7:19,SAS,shot,,,,,,,,,,Tony Parker,,,,missed,,jump,33,17
Aaron Brooks,Chuck Hayes,Luis Scola,Shane Battier,Trevor Ariza,DeJuan Blair,George Hill,Richard Jefferson,Tim Duncan,Tony Parker,1,7:16,HOU,rebound,,,,,,,,,,Chuck Hayes,,,,,,def,,
Aaron Brooks,Chuck Hayes,Luis Scola,Shane Battier,Trevor Ariza,DeJuan Blair,George Hill,Richard Jefferson,Tim Duncan,Tony Parker,1,7:11,HOU,shot,Trevor Ariza,,,,,,,,,Aaron Brooks,2,,,made,,running bank,20,8
Aaron Brooks,Chuck Hayes,Luis Scola,Shane Battier,Trevor Ariza,DeJuan Blair,George Hill,Richard Jefferson,Tim Duncan,Tony Parker,1,6:51,SAS,shot,,,,,,,,,,Tim Duncan,,,,missed,,turnaround jump,36,8
Aaron Brooks,Chuck Hayes,Luis Scola,Shane Battier,Trevor Ariza,DeJuan Blair,George Hill,Richard Jefferson,Tim Duncan,Tony Parker,1,6:49,HOU,rebound,,,,,,,,,,Luis Scola,,,,,,def,,
Aaron Brooks,Chuck Hayes,Luis Scola,Shane Battier,Trevor Ariza,DeJuan Blair,George Hill,Richard Jefferson,Tim Duncan,Tony Parker,1,6:38,SAS,foul,,,,,,,,Luis Scola,,DeJuan Blair,,,,,,shooting,,
Aaron Brooks,Chuck Hayes,Luis Scola,Shane Battier,Trevor Ariza,DeJuan Blair,George Hill,Richard Jefferson,Tim Duncan,Tony Parker,1,6:38,HOU,free throw,,,,,,,1,,2,Luis Scola,,,foul,made,,,,
Aaron Brooks,Chuck Hayes,Luis Scola,Shane Battier,Trevor Ariza,DeJuan Blair,Manu Ginobili,Richard Jefferson,Tim Duncan,Tony Parker,1,6:38,SAS,sub,,,,Manu Ginobili,,George Hill,,,,,,,,,,,,
Aaron Brooks,Chuck Hayes,Luis Scola,Shane Battier,Trevor Ariza,DeJuan Blair,Manu Ginobili,Richard Jefferson,Tim Duncan,Tony Parker,1,6:38,HOU,free throw,,,,,,,2,,2,Luis Scola,,,foul,missed,,,,
Aaron Brooks,Chuck Hayes,Luis Scola,Shane Battier,Trevor Ariza,DeJuan Blair,Manu Ginobili,Richard Jefferson,Tim Duncan,Tony Parker,1,6:38,SAS,rebound,,,,,,,,,,Tim Duncan,,,,,,def,,
Aaron Brooks,Chuck Hayes,Luis Scola,Shane Battier,Trevor Ariza,DeJuan Blair,Manu Ginobili,Richard Jefferson,Tim Duncan,Tony Parker,1,6:19,HOU,foul,,,,,,,,Manu Ginobili,,Trevor Ariza,,,,,,personal,,
Aaron Brooks,Chuck Hayes,Luis Scola,Shane Battier,Trevor Ariza,DeJuan Blair,Manu Ginobili,Richard Jefferson,Tim Duncan,Tony Parker,1,6:09,HOU,foul,,,,,,,,Tim Duncan,,Chuck Hayes,,,,,,shooting,,
Aaron Brooks,Chuck Hayes,Luis Scola,Shane Battier,Trevor Ariza,DeJuan Blair,Manu Ginobili,Richard Jefferson,Tim Duncan,Tony Parker,1,6:09,SAS,free throw,,,,,,,1,,2,Tim Duncan,,,foul,made,,,,
Aaron Brooks,Chuck Hayes,Luis Scola,Shane Battier,Trevor Ariza,DeJuan Blair,Manu Ginobili,Richard Jefferson,Tim Duncan,Tony Parker,1,6:09,SAS,free throw,,,,,,,2,,2,Tim Duncan,,,foul,made,,,,
Aaron Brooks,Chuck Hayes,Luis Scola,Shane Battier,Trevor Ariza,DeJuan Blair,Manu Ginobili,Richard Jefferson,Tim Duncan,Tony Parker,1,5:54,HOU,shot,,,,,,,,,,Trevor Ariza,,,,missed,,3pt,3,18
Aaron Brooks,Chuck Hayes,Luis Scola,Shane Battier,Trevor Ariza,DeJuan Blair,Manu Ginobili,Richard Jefferson,Tim Duncan,Tony Parker,1,5:53,SAS,rebound,,,,,,,,,,Tim Duncan,,,,,,def,,
Aaron Brooks,Chuck Hayes,Luis Scola,Shane Battier,Trevor Ariza,DeJuan Blair,Manu Ginobili,Richard Jefferson,Tim Duncan,Tony Parker,1,5:46,SAS,shot,,,,,,,,,,DeJuan Blair,,,,missed,,jump bank,19,10
Aaron Brooks,Chuck Hayes,Luis Scola,Shane Battier,Trevor Ariza,DeJuan Blair,Manu Ginobili,Richard Jefferson,Tim Duncan,Tony Parker,1,5:44,HOU,rebound,,,,,,,,,,Chuck Hayes,,,,,,def,,
Aaron Brooks,Chuck Hayes,Luis Scola,Shane Battier,Trevor Ariza,DeJuan Blair,Manu Ginobili,Richard Jefferson,Tim Duncan,Tony Parker,1,5:34,SAS,foul,,,,,,,,Shane Battier,,Richard Jefferson,,,,,,personal,,
Aaron Brooks,Chuck Hayes,Luis Scola,Shane Battier,Trevor Ariza,Antonio McDyess,Manu Ginobili,Richard Jefferson,Tim Duncan,Tony Parker,1,5:34,SAS,sub,,,,Antonio McDyess,,DeJuan Blair,,,,,,,,,,,,
Aaron Brooks,Chuck Hayes,Luis Scola,Shane Battier,Trevor Ariza,Antonio McDyess,Manu Ginobili,Richard Jefferson,Tim Duncan,Tony Parker,1,5:27,HOU,shot,,,,,,,,,,Aaron Brooks,,,,missed,,step back jump,29,15
Aaron Brooks,Chuck Hayes,Luis Scola,Shane Battier,Trevor Ariza,Antonio McDyess,Manu Ginobili,Richard Jefferson,Tim Duncan,Tony Parker,1,5:25,SAS,rebound,,,,,,,,,,Tim Duncan,,,,,,def,,
Aaron Brooks,Chuck Hayes,Luis Scola,Shane Battier,Trevor Ariza,Antonio McDyess,Manu Ginobili,Richard Jefferson,Tim Duncan,Tony Parker,1,5:21,SAS,shot,Tim Duncan,,,,,,,,,Tony Parker,2,,,made,,jump,29,10
Aaron Brooks,Chuck Hayes,Luis Scola,Shane Battier,Trevor Ariza,Antonio McDyess,Manu Ginobili,Richard Jefferson,Tim Duncan,Tony Parker,1,5:01,HOU,turnover,,,,,,,,,,Luis Scola,,,lost ball,,Manu Ginobili,,,
Aaron Brooks,Chuck Hayes,Luis Scola,Shane Battier,Trevor Ariza,Antonio McDyess,Manu Ginobili,Richard Jefferson,Tim Duncan,Tony Parker,1,4:57,SAS,turnover,,,,,,,,,,Tony Parker,,,lost ball,,Aaron Brooks,,,
Aaron Brooks,Chuck Hayes,Luis Scola,Shane Battier,Trevor Ariza,Antonio McDyess,Manu Ginobili,Richard Jefferson,Tim Duncan,Tony Parker,1,4:57,SAS,foul,,,,,,,,Trevor Ariza,,Tony Parker,,,,,,personal,,
Aaron Brooks,Carl Landry,Luis Scola,Shane Battier,Trevor Ariza,Antonio McDyess,Manu Ginobili,Richard Jefferson,Tim Duncan,Tony Parker,1,4:57,HOU,sub,,,,Carl Landry,,Chuck Hayes,,,,,,,,,,,,
Aaron Brooks,Carl Landry,Kyle Lowry,Luis Scola,Trevor Ariza,Antonio McDyess,Manu Ginobili,Richard Jefferson,Tim Duncan,Tony Parker,1,4:57,HOU,sub,,,,Kyle Lowry,,Shane Battier,,,,,,,,,,,,
Aaron Brooks,Carl Landry,Kyle Lowry,Luis Scola,Trevor Ariza,Antonio McDyess,Manu Ginobili,Richard Jefferson,Tim Duncan,Tony Parker,1,4:38,HOU,shot,,,,,,,,,,Luis Scola,,,,missed,,jump,43,6
Aaron Brooks,Carl Landry,Kyle Lowry,Luis Scola,Trevor Ariza,Antonio McDyess,Manu Ginobili,Richard Jefferson,Tim Duncan,Tony Parker,1,4:37,SAS,rebound,,,,,,,,,,Antonio McDyess,,,,,,def,,
Aaron Brooks,Carl Landry,Kyle Lowry,Luis Scola,Trevor Ariza,Antonio McDyess,Manu Ginobili,Richard Jefferson,Tim Duncan,Tony Parker,1,4:28,SAS,shot,,,,,,,,,,Manu Ginobili,,,,missed,,running bank,29,7
Aaron Brooks,Carl Landry,Kyle Lowry,Luis Scola,Trevor Ariza,Antonio McDyess,Manu Ginobili,Richard Jefferson,Tim Duncan,Tony Parker,1,4:26,SAS,rebound,,,,,,,,,,Tim Duncan,,,,,,off,,
Aaron Brooks,Carl Landry,Kyle Lowry,Luis Scola,Trevor Ariza,Antonio McDyess,Manu Ginobili,Richard Jefferson,Tim Duncan,Tony Parker,1,4:26,SAS,shot,,,,,,,,,,Tim Duncan,,,,missed,,tip,26,8
Aaron Brooks,Carl Landry,Kyle Lowry,Luis Scola,Trevor Ariza,Antonio McDyess,Manu Ginobili,Richard Jefferson,Tim Duncan,Tony Parker,1,4:25,HOU,rebound,,,,,,,,,,Luis Scola,,,,,,def,,
Aaron Brooks,Carl Landry,Kyle Lowry,Luis Scola,Trevor Ariza,Antonio McDyess,Manu Ginobili,Richard Jefferson,Tim Duncan,Tony Parker,1,4:17,HOU,shot,,,,,,,,,,Aaron Brooks,2,,,made,,jump,40,13
Aaron Brooks,Carl Landry,Kyle Lowry,Luis Scola,Trevor Ariza,Antonio McDyess,Manu Ginobili,Richard Jefferson,Tim Duncan,Tony Parker,1,4:02,HOU,foul,,,,,,,,Antonio McDyess,,Luis Scola,,,,,,shooting,,
Aaron Brooks,Carl Landry,Kyle Lowry,Luis Scola,Trevor Ariza,Antonio McDyess,Keith Bogans,Manu Ginobili,Tim Duncan,Tony Parker,1,4:02,SAS,sub,,,,Keith Bogans,,Richard Jefferson,,,,,,,,,,,,
Aaron Brooks,Carl Landry,Kyle Lowry,Luis Scola,Trevor Ariza,Antonio McDyess,Keith Bogans,Manu Ginobili,Tim Duncan,Tony Parker,1,4:02,SAS,free throw,,,,,,,1,,2,Antonio McDyess,,,foul,made,,,,
Aaron Brooks,Carl Landry,Kyle Lowry,Luis Scola,Trevor Ariza,Antonio McDyess,Keith Bogans,Manu Ginobili,Tim Duncan,Tony Parker,1,4:02,SAS,free throw,,,,,,,2,,2,Antonio McDyess,,,foul,missed,,,,
Aaron Brooks,Carl Landry,Kyle Lowry,Luis Scola,Trevor Ariza,Antonio McDyess,Keith Bogans,Manu Ginobili,Tim Duncan,Tony Parker,1,4:01,HOU,rebound,,,,,,,,,,Luis Scola,,,,,,def,,
Aaron Brooks,Carl Landry,Kyle Lowry,Luis Scola,Trevor Ariza,Antonio McDyess,Keith Bogans,Manu Ginobili,Tim Duncan,Tony Parker,1,3:40,HOU,shot,,,,,,,,,,Trevor Ariza,,,,missed,,fade away jumper,24,10
Aaron Brooks,Carl Landry,Kyle Lowry,Luis Scola,Trevor Ariza,Antonio McDyess,Keith Bogans,Manu Ginobili,Tim Duncan,Tony Parker,1,3:39,HOU,rebound,,,,,,,,,,,,,,,,,,
Aaron Brooks,Carl Landry,Kyle Lowry,Luis Scola,Trevor Ariza,Antonio McDyess,Keith Bogans,Manu Ginobili,Tim Duncan,Tony Parker,1,3:39,SAS,foul,,,,,,,,Luis Scola,,Keith Bogans,,,,,,loose ball,,
Aaron Brooks,Carl Landry,Kyle Lowry,Luis Scola,Trevor Ariza,Antonio McDyess,Keith Bogans,Manu Ginobili,Tim Duncan,Tony Parker,1,3:35,HOU,shot,Kyle Lowry,,,,,,,,,Aaron Brooks,3,,,made,,3pt,47,6
Aaron Brooks,Carl Landry,Kyle Lowry,Luis Scola,Trevor Ariza,Antonio McDyess,Keith Bogans,Manu Ginobili,Tim Duncan,Tony Parker,1,3:27,SAS,timeout,,,,,,,,,,,,,,,,regular,,
Aaron Brooks,Carl Landry,Kyle Lowry,Luis Scola,Trevor Ariza,Antonio McDyess,DeJuan Blair,Keith Bogans,Manu Ginobili,Tony Parker,1,3:27,SAS,sub,,,,DeJuan Blair,,Tim Duncan,,,,,,,,,,,,
Aaron Brooks,Carl Landry,Kyle Lowry,Luis Scola,Trevor Ariza,Antonio McDyess,DeJuan Blair,Keith Bogans,Manu Ginobili,Tony Parker,1,3:24,SAS,shot,,,,,,,,,,Tony Parker,,,,missed,,layup,22,8
Aaron Brooks,Carl Landry,Kyle Lowry,Luis Scola,Trevor Ariza,Antonio McDyess,DeJuan Blair,Keith Bogans,Manu Ginobili,Tony Parker,1,3:23,HOU,rebound,,,,,,,,,,Luis Scola,,,,,,def,,
Aaron Brooks,Carl Landry,Kyle Lowry,Luis Scola,Trevor Ariza,Antonio McDyess,DeJuan Blair,Keith Bogans,Manu Ginobili,Tony Parker,1,3:19,HOU,shot,Kyle Lowry,,,,,,,,,Luis Scola,2,,,made,,layup,23,7
Aaron Brooks,Carl Landry,Kyle Lowry,Luis Scola,Trevor Ariza,Antonio McDyess,DeJuan Blair,Keith Bogans,Manu Ginobili,Tony Parker,1,3:00,SAS,shot,Tony Parker,,,,,,,,,Antonio McDyess,2,,,made,,jump,20,21
Aaron Brooks,Carl Landry,Kyle Lowry,Luis Scola,Trevor Ariza,Antonio McDyess,DeJuan Blair,Keith Bogans,Manu Ginobili,Tony Parker,1,2:39,HOU,shot,Aaron Brooks,,,,,,,,,Carl Landry,2,,,made,,jump,12,5
Aaron Brooks,Carl Landry,Kyle Lowry,Luis Scola,Trevor Ariza,Antonio McDyess,DeJuan Blair,Keith Bogans,Manu Ginobili,Tony Parker,1,2:26,SAS,shot,Tony Parker,,,,,,,,,Manu Ginobili,3,,,made,,3pt,8,23
Aaron Brooks,Carl Landry,Kyle Lowry,Luis Scola,Trevor Ariza,Antonio McDyess,DeJuan Blair,Keith Bogans,Manu Ginobili,Tony Parker,1,2:11,SAS,foul,,,,,,,,Carl Landry,,Antonio McDyess,,,,,,shooting,,
Aaron Brooks,Carl Landry,Kyle Lowry,Luis Scola,Trevor Ariza,Antonio McDyess,DeJuan Blair,George Hill,Keith Bogans,Manu Ginobili,1,2:11,SAS,sub,,,,George Hill,,Tony Parker,,,,,,,,,,,,
Aaron Brooks,Carl Landry,Kyle Lowry,Luis Scola,Trevor Ariza,Antonio McDyess,DeJuan Blair,George Hill,Keith Bogans,Manu Ginobili,1,2:11,HOU,free throw,,,,,,,1,,2,Carl Landry,,,foul,missed,,,,
Aaron Brooks,Carl Landry,Kyle Lowry,Luis Scola,Trevor Ariza,Antonio McDyess,DeJuan Blair,George Hill,Keith Bogans,Manu Ginobili,1,2:11,HOU,rebound,,,,,,,,,,,,,,,,,,
Aaron Brooks,Carl Landry,David Andersen,Kyle Lowry,Trevor Ariza,Antonio McDyess,DeJuan Blair,George Hill,Keith Bogans,Manu Ginobili,1,2:11,HOU,sub,,,,David Andersen,,Luis Scola,,,,,,,,,,,,
Aaron Brooks,Carl Landry,Chase Budinger,David Andersen,Kyle Lowry,Antonio McDyess,DeJuan Blair,George Hill,Keith Bogans,Manu Ginobili,1,2:11,HOU,sub,,,,Chase Budinger,,Trevor Ariza,,,,,,,,,,,,
Aaron Brooks,Carl Landry,Chase Budinger,David Andersen,Kyle Lowry,Antonio McDyess,DeJuan Blair,George Hill,Keith Bogans,Manu Ginobili,1,2:11,HOU,free throw,,,,,,,2,,2,Carl Landry,,,foul,made,,,,
Aaron Brooks,Carl Landry,Chase Budinger,David Andersen,Kyle Lowry,Antonio McDyess,DeJuan Blair,George Hill,Keith Bogans,Manu Ginobili,1,1:58,SAS,shot,,,,,,,,,,Antonio McDyess,,,,missed,,jump,17,20
Aaron Brooks,Carl Landry,Chase Budinger,David Andersen,Kyle Lowry,Antonio McDyess,DeJuan Blair,George Hill,Keith Bogans,Manu Ginobili,1,1:56,HOU,rebound,,,,,,,,,,David Andersen,,,,,,def,,
Aaron Brooks,Carl Landry,Chase Budinger,David Andersen,Kyle Lowry,Antonio McDyess,DeJuan Blair,George Hill,Keith Bogans,Manu Ginobili,1,1:51,HOU,shot,,,,,,,,,,Kyle Lowry,2,,,made,,pullup jump,20,23
Aaron Brooks,Carl Landry,Chase Budinger,David Andersen,Kyle Lowry,Antonio McDyess,DeJuan Blair,George Hill,Keith Bogans,Manu Ginobili,1,1:33,SAS,turnover,,,,,,,,,,George Hill,,,lost ball,,Chase Budinger,,,
Aaron Brooks,Carl Landry,Chase Budinger,David Andersen,Kyle Lowry,Antonio McDyess,DeJuan Blair,George Hill,Keith Bogans,Manu Ginobili,1,1:30,HOU,shot,Chase Budinger,,,,,,,,,Kyle Lowry,2,,,made,,layup,25,6
Aaron Brooks,Carl Landry,Chase Budinger,David Andersen,Kyle Lowry,Antonio McDyess,DeJuan Blair,George Hill,Keith Bogans,Manu Ginobili,1,1:30,SAS,foul,,,,,,,,Kyle Lowry,,Keith Bogans,,,,,,shooting,,
Aaron Brooks,Carl Landry,Chase Budinger,David Andersen,Kyle Lowry,Antonio McDyess,DeJuan Blair,George Hill,Keith Bogans,Manu Ginobili,1,1:30,HOU,free throw,,,,,,,1,,1,Kyle Lowry,,,foul,made,,,,
Aaron Brooks,Carl Landry,Chase Budinger,David Andersen,Kyle Lowry,Antonio McDyess,DeJuan Blair,George Hill,Keith Bogans,Manu Ginobili,1,1:09,SAS,shot,,,,,,,,,,Manu Ginobili,2,,,made,,jump,40,7
Aaron Brooks,Carl Landry,Chase Budinger,David Andersen,Kyle Lowry,Antonio McDyess,DeJuan Blair,George Hill,Keith Bogans,Manu Ginobili,1,1:01,HOU,shot,,,,,,,,,,Aaron Brooks,,,,missed,,floating jump,25,11
Aaron Brooks,Carl Landry,Chase Budinger,David Andersen,Kyle Lowry,Antonio McDyess,DeJuan Blair,George Hill,Keith Bogans,Manu Ginobili,1,0:59,HOU,rebound,,,,,,,,,,Carl Landry,,,,,,off,,
Aaron Brooks,Carl Landry,Chase Budinger,David Andersen,Kyle Lowry,Antonio McDyess,DeJuan Blair,George Hill,Keith Bogans,Manu Ginobili,1,0:56,HOU,shot,,,,,,,,,,Chase Budinger,,,,missed,,3pt,2,6
Aaron Brooks,Carl Landry,Chase Budinger,David Andersen,Kyle Lowry,Antonio McDyess,DeJuan Blair,George Hill,Keith Bogans,Manu Ginobili,1,0:54,HOU,rebound,,,,,,,,,,Kyle Lowry,,,,,,off,,
Aaron Brooks,Carl Landry,Chase Budinger,David Andersen,Kyle Lowry,Antonio McDyess,DeJuan Blair,George Hill,Keith Bogans,Manu Ginobili,1,0:42,HOU,shot,Aaron Brooks,,,,,,,,,David Andersen,2,,,made,,jump,19,22
Aaron Brooks,Carl Landry,Chase Budinger,David Andersen,Kyle Lowry,Antonio McDyess,DeJuan Blair,George Hill,Keith Bogans,Manu Ginobili,1,0:31,SAS,shot,,,,,,,,,,Manu Ginobili,,,,missed,,3pt,3,15
Aaron Brooks,Carl Landry,Chase Budinger,David Andersen,Kyle Lowry,Antonio McDyess,DeJuan Blair,George Hill,Keith Bogans,Manu Ginobili,1,0:29,SAS,rebound,,,,,,,,,,,,,,,,,,
Aaron Brooks,Carl Landry,Chase Budinger,David Andersen,Kyle Lowry,Antonio McDyess,DeJuan Blair,George Hill,Keith Bogans,Manu Ginobili,1,0:26,SAS,shot,,,,,,,,,,DeJuan Blair,,,,missed,,layup,23,8
Aaron Brooks,Carl Landry,Chase Budinger,David Andersen,Kyle Lowry,Antonio McDyess,DeJuan Blair,George Hill,Keith Bogans,Manu Ginobili,1,0:25,HOU,rebound,,,,,,,,,,,,,,,,,,
Aaron Brooks,Carl Landry,Chase Budinger,David Andersen,Kyle Lowry,Antonio McDyess,DeJuan Blair,George Hill,Keith Bogans,Manu Ginobili,1,0:25,SAS,foul,,,,,,,,David Andersen,,DeJuan Blair,,,,,,loose ball,,
Aaron Brooks,Carl Landry,Chase Budinger,David Andersen,Kyle Lowry,Antonio McDyess,DeJuan Blair,George Hill,Keith Bogans,Manu Ginobili,1,0:25,HOU,free throw,,,,,,,1,,2,David Andersen,,,foul,made,,,,
Aaron Brooks,Carl Landry,Chase Budinger,David Andersen,Kyle Lowry,Antonio McDyess,George Hill,Keith Bogans,Manu Ginobili,Matt Bonner,1,0:25,SAS,sub,,,,Matt Bonner,,DeJuan Blair,,,,,,,,,,,,
Aaron Brooks,Carl Landry,Chase Budinger,David Andersen,Kyle Lowry,Antonio McDyess,George Hill,Keith Bogans,Manu Ginobili,Matt Bonner,1,0:25,HOU,free throw,,,,,,,2,,2,David Andersen,,,foul,made,,,,
Aaron Brooks,Carl Landry,Chase Budinger,David Andersen,Kyle Lowry,Antonio McDyess,George Hill,Keith Bogans,Manu Ginobili,Matt Bonner,1,0:09,HOU,foul,,,,,,,,Manu Ginobili,,Kyle Lowry,,,,,,personal,,
Aaron Brooks,Carl Landry,Chase Budinger,David Andersen,Kyle Lowry,Antonio McDyess,George Hill,Keith Bogans,Manu Ginobili,Matt Bonner,1,0:03,SAS,shot,,,,,,,,,,George Hill,,,,missed,,jump,31,14
Aaron Brooks,Carl Landry,Chase Budinger,David Andersen,Kyle Lowry,Antonio McDyess,George Hill,Keith Bogans,Manu Ginobili,Matt Bonner,1,0:01,SAS,rebound,,,,,,,,,,,,,,,,,,
Aaron Brooks,Carl Landry,Chase Budinger,David Andersen,Kyle Lowry,Antonio McDyess,George Hill,Keith Bogans,Manu Ginobili,Matt Bonner,1,0:00,SAS,shot,George Hill,,,,,,,,,Manu Ginobili,2,,,made,,jump,39,5
Aaron Brooks,Carl Landry,Chase Budinger,David Andersen,Kyle Lowry,Antonio McDyess,George Hill,Keith Bogans,Manu Ginobili,Matt Bonner,2,11:36,HOU,shot,,,,,,,,,,Carl Landry,,,,missed,,jump,33,20
Aaron Brooks,Carl Landry,Chase Budinger,David Andersen,Kyle Lowry,Antonio McDyess,George Hill,Keith Bogans,Manu Ginobili,Matt Bonner,2,11:34,SAS,rebound,,,,,,,,,,Keith Bogans,,,,,,def,,
Aaron Brooks,Carl Landry,Chase Budinger,David Andersen,Kyle Lowry,Antonio McDyess,George Hill,Keith Bogans,Manu Ginobili,Matt Bonner,2,11:25,HOU,foul,,,,,,,,Matt Bonner,,Kyle Lowry,,,,,,personal,,
Aaron Brooks,Carl Landry,Chase Budinger,David Andersen,Kyle Lowry,Antonio McDyess,George Hill,Keith Bogans,Manu Ginobili,Matt Bonner,2,11:13,SAS,shot,,,,,,,,,,Matt Bonner,,,,missed,,3pt,20,30
Aaron Brooks,Carl Landry,Chase Budinger,David Andersen,Kyle Lowry,Antonio McDyess,George Hill,Keith Bogans,Manu Ginobili,Matt Bonner,2,11:11,HOU,rebound,,,,,,,,,,Chase Budinger,,,,,,def,,
Aaron Brooks,Carl Landry,Chase Budinger,David Andersen,Kyle Lowry,Antonio McDyess,George Hill,Keith Bogans,Manu Ginobili,Matt Bonner,2,10:59,HOU,shot,,,,,,,,,,Carl Landry,2,,,made,,driving reverse layup,26,6
Aaron Brooks,Carl Landry,Chase Budinger,David Andersen,Kyle Lowry,Antonio McDyess,George Hill,Keith Bogans,Manu Ginobili,Matt Bonner,2,10:46,SAS,shot,George Hill,,,,,,,,,Keith Bogans,3,,,made,,3pt,48,6
Aaron Brooks,Carl Landry,Chase Budinger,David Andersen,Kyle Lowry,Antonio McDyess,George Hill,Keith Bogans,Manu Ginobili,Matt Bonner,2,10:30,HOU,shot,,,,,,,,,,Aaron Brooks,,,,missed,,jump,23,12
Aaron Brooks,Carl Landry,Chase Budinger,David Andersen,Kyle Lowry,Antonio McDyess,George Hill,Keith Bogans,Manu Ginobili,Matt Bonner,2,10:29,SAS,rebound,,,,,,,,,,Matt Bonner,,,,,,def,,
Aaron Brooks,Carl Landry,Chase Budinger,David Andersen,Kyle Lowry,Antonio McDyess,George Hill,Keith Bogans,Manu Ginobili,Matt Bonner,2,10:22,SAS,shot,,,,,,,,,,George Hill,,,,missed,,jump,36,12
Aaron Brooks,Carl Landry,Chase Budinger,David Andersen,Kyle Lowry,Antonio McDyess,George Hill,Keith Bogans,Manu Ginobili,Matt Bonner,2,10:20,HOU,rebound,,,,,,,,,,David Andersen,,,,,,def,,
Aaron Brooks,Carl Landry,Chase Budinger,David Andersen,Kyle Lowry,Antonio McDyess,George Hill,Keith Bogans,Manu Ginobili,Matt Bonner,2,10:16,HOU,shot,,,,,,,,,,Kyle Lowry,2,,,made,,driving jump,23,11
Aaron Brooks,Carl Landry,Chase Budinger,David Andersen,Kyle Lowry,Antonio McDyess,George Hill,Keith Bogans,Manu Ginobili,Matt Bonner,2,10:16,SAS,foul,,,,,,,,Kyle Lowry,,George Hill,,,,,,shooting,,
Aaron Brooks,Carl Landry,Chase Budinger,David Andersen,Kyle Lowry,Antonio McDyess,George Hill,Keith Bogans,Manu Ginobili,Matt Bonner,2,10:16,HOU,free throw,,,,,,,1,,1,Kyle Lowry,,,foul,made,,,,
Aaron Brooks,Carl Landry,Chase Budinger,David Andersen,Kyle Lowry,Antonio McDyess,George Hill,Keith Bogans,Manu Ginobili,Matt Bonner,2,10:03,SAS,shot,,,,,,,,,,Manu Ginobili,2,,,made,,driving hook,27,9
Aaron Brooks,Carl Landry,Chase Budinger,David Andersen,Kyle Lowry,Antonio McDyess,George Hill,Keith Bogans,Manu Ginobili,Matt Bonner,2,9:49,HOU,shot,,,,,,,,,,Carl Landry,,,,missed,,jump,27,12
Aaron Brooks,Carl Landry,Chase Budinger,David Andersen,Kyle Lowry,Antonio McDyess,George Hill,Keith Bogans,Manu Ginobili,Matt Bonner,2,9:48,SAS,rebound,,,,,,,,,,Manu Ginobili,,,,,,def,,
Aaron Brooks,Carl Landry,Chase Budinger,David Andersen,Kyle Lowry,Antonio McDyess,George Hill,Keith Bogans,Manu Ginobili,Matt Bonner,2,9:40,SAS,shot,,,,,,,,,,Matt Bonner,,,,missed,,3pt,13,28
Aaron Brooks,Carl Landry,Chase Budinger,David Andersen,Kyle Lowry,Antonio McDyess,George Hill,Keith Bogans,Manu Ginobili,Matt Bonner,2,9:38,SAS,rebound,,,,,,,,,,Antonio McDyess,,,,,,off,,
Aaron Brooks,Carl Landry,Chase Budinger,David Andersen,Kyle Lowry,Antonio McDyess,George Hill,Keith Bogans,Manu Ginobili,Matt Bonner,2,9:27,SAS,shot,,,,,,,,,,George Hill,,,,missed,,3pt,49,5
Aaron Brooks,Carl Landry,Chase Budinger,David Andersen,Kyle Lowry,Antonio McDyess,George Hill,Keith Bogans,Manu Ginobili,Matt Bonner,2,9:25,SAS,rebound,,,,,,,,,,Antonio McDyess,,,,,,off,,
Aaron Brooks,Carl Landry,Chase Budinger,David Andersen,Kyle Lowry,Antonio McDyess,George Hill,Keith Bogans,Manu Ginobili,Matt Bonner,2,9:20,SAS,shot,,,,,,,,,,Manu Ginobili,,,,missed,,3pt,32,30
Aaron Brooks,Carl Landry,Chase Budinger,David Andersen,Kyle Lowry,Antonio McDyess,George Hill,Keith Bogans,Manu Ginobili,Matt Bonner,2,9:19,SAS,rebound,,,,,,,,,,George Hill,,,,,,off,,
Aaron Brooks,Carl Landry,Chase Budinger,David Andersen,Kyle Lowry,Antonio McDyess,George Hill,Keith Bogans,Manu Ginobili,Matt Bonner,2,9:19,SAS,shot,,,,,,,,,,George Hill,2,,,made,,tip,25,6
Aaron Brooks,Carl Landry,Chase Budinger,David Andersen,Kyle Lowry,Antonio McDyess,George Hill,Keith Bogans,Manu Ginobili,Matt Bonner,2,9:15,HOU,foul,,,,,,,,George Hill,,Aaron Brooks,,,,,,offensive,,
Aaron Brooks,Carl Landry,Chase Budinger,David Andersen,Kyle Lowry,Antonio McDyess,George Hill,Keith Bogans,Manu Ginobili,Matt Bonner,2,9:15,HOU,turnover,,,,,,,,,,Aaron Brooks,,,foul,,,,,
Carl Landry,Chase Budinger,David Andersen,Kyle Lowry,Shane Battier,Antonio McDyess,George Hill,Keith Bogans,Manu Ginobili,Matt Bonner,2,9:15,HOU,sub,,,,Shane Battier,,Aaron Brooks,,,,,,,,,,,,
Carl Landry,Chase Budinger,David Andersen,Kyle Lowry,Shane Battier,Antonio McDyess,George Hill,Keith Bogans,Manu Ginobili,Matt Bonner,2,9:07,HOU,foul,,,,,,,,Matt Bonner,,David Andersen,,,,,,personal,,
Carl Landry,Chase Budinger,David Andersen,Kyle Lowry,Shane Battier,Antonio McDyess,George Hill,Keith Bogans,Manu Ginobili,Matt Bonner,2,8:57,SAS,shot,,,Shane Battier,,,,,,,Manu Ginobili,,,,missed,,driving finger roll layup,24,7
Carl Landry,Chase Budinger,David Andersen,Kyle Lowry,Shane Battier,Antonio McDyess,George Hill,Keith Bogans,Manu Ginobili,Matt Bonner,2,8:55,SAS,rebound,,,,,,,,,,Antonio McDyess,,,,,,off,,
Carl Landry,Chase Budinger,David Andersen,Kyle Lowry,Shane Battier,Antonio McDyess,George Hill,Keith Bogans,Manu Ginobili,Matt Bonner,2,8:55,SAS,shot,,,,,,,,,,Antonio McDyess,2,,,made,,putback layup,24,6
Carl Landry,Chase Budinger,David Andersen,Kyle Lowry,Shane Battier,Antonio McDyess,George Hill,Keith Bogans,Manu Ginobili,Matt Bonner,2,8:45,HOU,shot,,,,,,,,,,David Andersen,,,,missed,,jump,30,23
Carl Landry,Chase Budinger,David Andersen,Kyle Lowry,Shane Battier,Antonio McDyess,George Hill,Keith Bogans,Manu Ginobili,Matt Bonner,2,8:43,SAS,rebound,,,,,,,,,,Manu Ginobili,,,,,,def,,
Carl Landry,Chase Budinger,David Andersen,Kyle Lowry,Shane Battier,Antonio McDyess,George Hill,Keith Bogans,Manu Ginobili,Matt Bonner,2,8:26,SAS,shot,,,,,,,,,,Matt Bonner,2,,,made,,driving layup,26,8
Carl Landry,Chase Budinger,David Andersen,Kyle Lowry,Shane Battier,Antonio McDyess,George Hill,Keith Bogans,Manu Ginobili,Matt Bonner,2,8:26,HOU,foul,,,,,,,,Matt Bonner,,Carl Landry,,,,,,shooting,,
Carl Landry,Chase Budinger,David Andersen,Kyle Lowry,Shane Battier,Antonio McDyess,George Hill,Keith Bogans,Manu Ginobili,Matt Bonner,2,8:26,SAS,timeout,,,,,,,,,,,,,,,,official,,
Carl Landry,Chase Budinger,David Andersen,Kyle Lowry,Shane Battier,Antonio McDyess,George Hill,Keith Bogans,Matt Bonner,Richard Jefferson,2,8:26,SAS,sub,,,,Richard Jefferson,,Manu Ginobili,,,,,,,,,,,,
Carl Landry,Chase Budinger,David Andersen,Kyle Lowry,Shane Battier,Antonio McDyess,George Hill,Keith Bogans,Matt Bonner,Richard Jefferson,2,8:26,SAS,free throw,,,,,,,1,,1,Matt Bonner,,,foul,missed,,,,
Carl Landry,Chase Budinger,David Andersen,Kyle Lowry,Shane Battier,Antonio McDyess,George Hill,Keith Bogans,Matt Bonner,Richard Jefferson,2,8:25,HOU,rebound,,,,,,,,,,David Andersen,,,,,,def,,
Carl Landry,Chase Budinger,David Andersen,Kyle Lowry,Shane Battier,Antonio McDyess,George Hill,Keith Bogans,Matt Bonner,Richard Jefferson,2,8:20,HOU,shot,,,,,,,,,,Kyle Lowry,2,,,made,,layup,27,7
Carl Landry,Chase Budinger,David Andersen,Kyle Lowry,Shane Battier,Antonio McDyess,George Hill,Keith Bogans,Matt Bonner,Richard Jefferson,2,8:05,SAS,shot,George Hill,,,,,,,,,Antonio McDyess,2,,,made,,jump,35,19
Carl Landry,Chase Budinger,David Andersen,Kyle Lowry,Shane Battier,Antonio McDyess,George Hill,Keith Bogans,Matt Bonner,Richard Jefferson,2,7:47,HOU,shot,,,,,,,,,,Kyle Lowry,,,,missed,,layup,25,9
Carl Landry,Chase Budinger,David Andersen,Kyle Lowry,Shane Battier,Antonio McDyess,George Hill,Keith Bogans,Matt Bonner,Richard Jefferson,2,7:45,HOU,rebound,,,,,,,,,,Shane Battier,,,,,,off,,
Carl Landry,Chase Budinger,David Andersen,Kyle Lowry,Shane Battier,Antonio McDyess,George Hill,Keith Bogans,Matt Bonner,Richard Jefferson,2,7:40,HOU,shot,,,,,,,,,,Kyle Lowry,,,,missed,,jump,33,6
Carl Landry,Chase Budinger,David Andersen,Kyle Lowry,Shane Battier,Antonio McDyess,George Hill,Keith Bogans,Matt Bonner,Richard Jefferson,2,7:38,SAS,rebound,,,,,,,,,,Antonio McDyess,,,,,,def,,
Carl Landry,Chase Budinger,David Andersen,Kyle Lowry,Shane Battier,Antonio McDyess,George Hill,Keith Bogans,Matt Bonner,Richard Jefferson,2,7:31,SAS,shot,George Hill,,,,,,,,,Richard Jefferson,2,,,made,,jump,46,5
Carl Landry,Chase Budinger,David Andersen,Kyle Lowry,Shane Battier,Antonio McDyess,George Hill,Keith Bogans,Matt Bonner,Richard Jefferson,2,7:04,HOU,shot,,,,,,,,,,David Andersen,,,,missed,,jump,19,9
Carl Landry,Chase Budinger,David Andersen,Kyle Lowry,Shane Battier,Antonio McDyess,George Hill,Keith Bogans,Matt Bonner,Richard Jefferson,2,7:02,HOU,rebound,,,,,,,,,,Shane Battier,,,,,,off,,
Carl Landry,Chase Budinger,David Andersen,Kyle Lowry,Shane Battier,Antonio McDyess,George Hill,Keith Bogans,Matt Bonner,Richard Jefferson,2,7:02,HOU,shot,,,,,,,,,,Shane Battier,2,,,made,,tip,27,8
Carl Landry,Chase Budinger,David Andersen,Kyle Lowry,Shane Battier,Antonio McDyess,George Hill,Keith Bogans,Matt Bonner,Richard Jefferson,2,6:40,SAS,shot,,,,,,,,,,Richard Jefferson,,,,missed,,jump,23,22
Carl Landry,Chase Budinger,David Andersen,Kyle Lowry,Shane Battier,Antonio McDyess,George Hill,Keith Bogans,Matt Bonner,Richard Jefferson,2,6:39,SAS,rebound,,,,,,,,,,,,,,,,,,
Carl Landry,Chase Budinger,David Andersen,Kyle Lowry,Shane Battier,Antonio McDyess,George Hill,Keith Bogans,Matt Bonner,Richard Jefferson,2,6:39,HOU,foul,,,,,,,,Antonio McDyess,,Carl Landry,,,,,,loose ball,,
Carl Landry,Chase Budinger,David Andersen,Kyle Lowry,Shane Battier,Antonio McDyess,Keith Bogans,Matt Bonner,Richard Jefferson,Tony Parker,2,6:39,SAS,sub,,,,Tony Parker,,George Hill,,,,,,,,,,,,
Carl Landry,Chase Budinger,David Andersen,Kyle Lowry,Shane Battier,Antonio McDyess,Keith Bogans,Matt Bonner,Richard Jefferson,Tony Parker,2,6:21,SAS,shot,,,Carl Landry,,,,,,,Richard Jefferson,,,,missed,,driving jump,26,13
Carl Landry,Chase Budinger,David Andersen,Kyle Lowry,Shane Battier,Antonio McDyess,Keith Bogans,Matt Bonner,Richard Jefferson,Tony Parker,2,6:20,SAS,rebound,,,,,,,,,,Keith Bogans,,,,,,off,,
Carl Landry,Chase Budinger,David Andersen,Kyle Lowry,Shane Battier,Antonio McDyess,Keith Bogans,Matt Bonner,Richard Jefferson,Tony Parker,2,6:18,SAS,shot,,,Carl Landry,,,,,,,Keith Bogans,,,,missed,,jump,27,11
Carl Landry,Chase Budinger,David Andersen,Kyle Lowry,Shane Battier,Antonio McDyess,Keith Bogans,Matt Bonner,Richard Jefferson,Tony Parker,2,6:16,HOU,rebound,,,,,,,,,,,,,,,,,,
Carl Landry,Chase Budinger,David Andersen,Kyle Lowry,Shane Battier,Antonio McDyess,Keith Bogans,Matt Bonner,Richard Jefferson,Tony Parker,2,6:13,HOU,foul,,,,,,,,Keith Bogans,,Chase Budinger,,,,,,offensive,,
Carl Landry,Chase Budinger,David Andersen,Kyle Lowry,Shane Battier,Antonio McDyess,Keith Bogans,Matt Bonner,Richard Jefferson,Tony Parker,2,6:13,HOU,turnover,,,,,,,,,,Chase Budinger,,,foul,,,,,
Carl Landry,Chase Budinger,David Andersen,Kyle Lowry,Shane Battier,Antonio McDyess,Keith Bogans,Matt Bonner,Richard Jefferson,Tony Parker,2,5:58,SAS,shot,Tony Parker,,,,,,,,,Richard Jefferson,2,,,made,,alley oop dunk,26,8
Carl Landry,Chase Budinger,David Andersen,Kyle Lowry,Shane Battier,Antonio McDyess,Keith Bogans,Matt Bonner,Richard Jefferson,Tony Parker,2,5:43,SAS,foul,,,,,,,,Shane Battier,,Richard Jefferson,,,,,,personal,,
Carl Landry,Chase Budinger,David Andersen,Kyle Lowry,Shane Battier,Antonio McDyess,Keith Bogans,Matt Bonner,Richard Jefferson,Tony Parker,2,5:43,SAS,timeout,,,,,,,,,,,,,,,,regular,,
Carl Landry,Chase Budinger,David Andersen,Kyle Lowry,Shane Battier,Keith Bogans,Matt Bonner,Richard Jefferson,Tim Duncan,Tony Parker,2,5:43,SAS,sub,,,,Tim Duncan,,Antonio McDyess,,,,,,,,,,,,
Carl Landry,Chase Budinger,David Andersen,Kyle Lowry,Shane Battier,Keith Bogans,Manu Ginobili,Richard Jefferson,Tim Duncan,Tony Parker,2,5:43,SAS,sub,,,,Manu Ginobili,,Matt Bonner,,,,,,,,,,,,
Carl Landry,Chase Budinger,Kyle Lowry,Shane Battier,Trevor Ariza,Keith Bogans,Manu Ginobili,Richard Jefferson,Tim Duncan,Tony Parker,2,5:43,HOU,sub,,,,Trevor Ariza,,David Andersen,,,,,,,,,,,,
Carl Landry,Chase Budinger,Kyle Lowry,Shane Battier,Trevor Ariza,George Hill,Manu Ginobili,Richard Jefferson,Tim Duncan,Tony Parker,2,5:43,SAS,sub,,,,George Hill,,Keith Bogans,,,,,,,,,,,,
Carl Landry,Chase Budinger,Kyle Lowry,Shane Battier,Trevor Ariza,George Hill,Manu Ginobili,Richard Jefferson,Tim Duncan,Tony Parker,2,5:38,HOU,shot,Kyle Lowry,,,,,,,,,Chase Budinger,2,,,made,,driving layup,23,8
Carl Landry,Chase Budinger,Kyle Lowry,Shane Battier,Trevor Ariza,George Hill,Manu Ginobili,Richard Jefferson,Tim Duncan,Tony Parker,2,5:19,SAS,shot,,,,,,,,,,Tim Duncan,,,,missed,,layup,24,7
Carl Landry,Chase Budinger,Kyle Lowry,Shane Battier,Trevor Ariza,George Hill,Manu Ginobili,Richard Jefferson,Tim Duncan,Tony Parker,2,5:17,SAS,rebound,,,,,,,,,,Tim Duncan,,,,,,off,,
Carl Landry,Chase Budinger,Kyle Lowry,Shane Battier,Trevor Ariza,George Hill,Manu Ginobili,Richard Jefferson,Tim Duncan,Tony Parker,2,5:17,HOU,foul,,,,,,,,Tim Duncan,,Shane Battier,,,,,,personal,,
Carl Landry,Chase Budinger,Kyle Lowry,Shane Battier,Trevor Ariza,George Hill,Manu Ginobili,Richard Jefferson,Tim Duncan,Tony Parker,2,5:17,SAS,free throw,,,,,,,1,,2,Tim Duncan,,,foul,made,,,,
Carl Landry,Chase Budinger,Kyle Lowry,Shane Battier,Trevor Ariza,George Hill,Manu Ginobili,Richard Jefferson,Tim Duncan,Tony Parker,2,5:17,SAS,free throw,,,,,,,2,,2,Tim Duncan,,,foul,made,,,,
Carl Landry,Chase Budinger,Kyle Lowry,Shane Battier,Trevor Ariza,George Hill,Manu Ginobili,Richard Jefferson,Tim Duncan,Tony Parker,2,5:00,SAS,foul,,,,,,,,Trevor Ariza,,Tim Duncan,,,,,,shooting,,
Carl Landry,Chase Budinger,Kyle Lowry,Shane Battier,Trevor Ariza,George Hill,Manu Ginobili,Richard Jefferson,Tim Duncan,Tony Parker,2,5:00,HOU,free throw,,,,,,,1,,2,Trevor Ariza,,,foul,made,,,,
Carl Landry,Chase Budinger,Kyle Lowry,Shane Battier,Trevor Ariza,George Hill,Manu Ginobili,Richard Jefferson,Tim Duncan,Tony Parker,2,5:00,HOU,free throw,,,,,,,2,,2,Trevor Ariza,,,foul,missed,,,,
Carl Landry,Chase Budinger,Kyle Lowry,Shane Battier,Trevor Ariza,George Hill,Manu Ginobili,Richard Jefferson,Tim Duncan,Tony Parker,2,5:00,SAS,rebound,,,,,,,,,,Manu Ginobili,,,,,,def,,
Carl Landry,Chase Budinger,Kyle Lowry,Shane Battier,Trevor Ariza,George Hill,Manu Ginobili,Richard Jefferson,Tim Duncan,Tony Parker,2,4:44,HOU,foul,,,,,,,,Tim Duncan,,Shane Battier,,,,,,shooting,,
Carl Landry,Chase Budinger,Kyle Lowry,Shane Battier,Trevor Ariza,George Hill,Manu Ginobili,Richard Jefferson,Tim Duncan,Tony Parker,2,4:44,SAS,free throw,,,,,,,1,,2,Tim Duncan,,,foul,made,,,,
Carl Landry,Chase Budinger,Kyle Lowry,Shane Battier,Trevor Ariza,George Hill,Manu Ginobili,Richard Jefferson,Tim Duncan,Tony Parker,2,4:44,SAS,free throw,,,,,,,2,,2,Tim Duncan,,,foul,missed,,,,
Carl Landry,Chase Budinger,Kyle Lowry,Shane Battier,Trevor Ariza,George Hill,Manu Ginobili,Richard Jefferson,Tim Duncan,Tony Parker,2,4:43,HOU,rebound,,,,,,,,,,Trevor Ariza,,,,,,def,,
Carl Landry,Chase Budinger,Kyle Lowry,Shane Battier,Trevor Ariza,George Hill,Manu Ginobili,Richard Jefferson,Tim Duncan,Tony Parker,2,4:30,HOU,shot,,,Richard Jefferson,,,,,,,Trevor Ariza,,,,missed,,driving jump,26,10
Carl Landry,Chase Budinger,Kyle Lowry,Shane Battier,Trevor Ariza,George Hill,Manu Ginobili,Richard Jefferson,Tim Duncan,Tony Parker,2,4:30,HOU,rebound,,,,,,,,,,Carl Landry,,,,,,off,,
Carl Landry,Chase Budinger,Kyle Lowry,Shane Battier,Trevor Ariza,George Hill,Manu Ginobili,Richard Jefferson,Tim Duncan,Tony Parker,2,4:30,SAS,foul,,,,,,,,Carl Landry,,Tim Duncan,,,,,,shooting,,
Carl Landry,Chase Budinger,Kyle Lowry,Shane Battier,Trevor Ariza,George Hill,Manu Ginobili,Richard Jefferson,Tim Duncan,Tony Parker,2,4:30,HOU,free throw,,,,,,,1,,2,Carl Landry,,,foul,made,,,,
Carl Landry,Chase Budinger,Kyle Lowry,Shane Battier,Trevor Ariza,George Hill,Manu Ginobili,Richard Jefferson,Tim Duncan,Tony Parker,2,4:30,HOU,free throw,,,,,,,2,,2,Carl Landry,,,foul,made,,,,
Carl Landry,Chase Budinger,Kyle Lowry,Shane Battier,Trevor Ariza,George Hill,Manu Ginobili,Richard Jefferson,Tim Duncan,Tony Parker,2,4:15,SAS,shot,,,,,,,,,,Tim Duncan,,,,missed,,jump,20,9
Carl Landry,Chase Budinger,Kyle Lowry,Shane Battier,Trevor Ariza,George Hill,Manu Ginobili,Richard Jefferson,Tim Duncan,Tony Parker,2,4:13,HOU,rebound,,,,,,,,,,Shane Battier,,,,,,def,,
Carl Landry,Chase Budinger,Kyle Lowry,Shane Battier,Trevor Ariza,George Hill,Manu Ginobili,Richard Jefferson,Tim Duncan,Tony Parker,2,4:06,HOU,shot,Shane Battier,,,,,,,,,Carl Landry,2,,,made,,dunk,26,8
Carl Landry,Chase Budinger,Kyle Lowry,Shane Battier,Trevor Ariza,George Hill,Manu Ginobili,Richard Jefferson,Tim Duncan,Tony Parker,2,3:42,SAS,shot,,,,,,,,,,Richard Jefferson,,,,missed,,3pt,2,6
Carl Landry,Chase Budinger,Kyle Lowry,Shane Battier,Trevor Ariza,George Hill,Manu Ginobili,Richard Jefferson,Tim Duncan,Tony Parker,2,3:40,HOU,rebound,,,,,,,,,,Trevor Ariza,,,,,,def,,
Carl Landry,Chase Budinger,Kyle Lowry,Shane Battier,Trevor Ariza,George Hill,Manu Ginobili,Richard Jefferson,Tim Duncan,Tony Parker,2,3:33,HOU,shot,,,,,,,,,,Chase Budinger,,,,missed,,3pt,11,25
Carl Landry,Chase Budinger,Kyle Lowry,Shane Battier,Trevor Ariza,George Hill,Manu Ginobili,Richard Jefferson,Tim Duncan,Tony Parker,2,3:31,SAS,rebound,,,,,,,,,,Tim Duncan,,,,,,def,,
Carl Landry,Chase Budinger,Kyle Lowry,Shane Battier,Trevor Ariza,George Hill,Manu Ginobili,Richard Jefferson,Tim Duncan,Tony Parker,2,3:27,SAS,turnover,,,,,,,,,,George Hill,,,lost ball,,Kyle Lowry,,,
Carl Landry,Chase Budinger,Kyle Lowry,Shane Battier,Trevor Ariza,George Hill,Manu Ginobili,Richard Jefferson,Tim Duncan,Tony Parker,2,3:21,HOU,shot,Kyle Lowry,,,,,,,,,Trevor Ariza,3,,,made,,3pt,1,6
Carl Landry,Chase Budinger,Kyle Lowry,Shane Battier,Trevor Ariza,George Hill,Manu Ginobili,Richard Jefferson,Tim Duncan,Tony Parker,2,2:59,SAS,shot,Manu Ginobili,,,,,,,,,Tim Duncan,2,,,made,,layup,27,7
Carl Landry,Chase Budinger,Kyle Lowry,Shane Battier,Trevor Ariza,George Hill,Manu Ginobili,Richard Jefferson,Tim Duncan,Tony Parker,2,2:35,HOU,shot,Kyle Lowry,,,,,,,,,Shane Battier,3,,,made,,3pt,1,6
Carl Landry,Chase Budinger,Kyle Lowry,Shane Battier,Trevor Ariza,George Hill,Manu Ginobili,Richard Jefferson,Tim Duncan,Tony Parker,2,2:15,HOU,foul,,,,,,,,Tim Duncan,,Carl Landry,,,,,,shooting,,
Carl Landry,Chase Budinger,Kyle Lowry,Shane Battier,Trevor Ariza,George Hill,Manu Ginobili,Richard Jefferson,Tim Duncan,Tony Parker,2,2:15,HOU,timeout,,,,,,,,,,,,,,,,regular,,
Chase Budinger,Kyle Lowry,Luis Scola,Shane Battier,Trevor Ariza,George Hill,Manu Ginobili,Richard Jefferson,Tim Duncan,Tony Parker,2,2:15,HOU,sub,,,,Luis Scola,,Carl Landry,,,,,,,,,,,,
Aaron Brooks,Kyle Lowry,Luis Scola,Shane Battier,Trevor Ariza,George Hill,Manu Ginobili,Richard Jefferson,Tim Duncan,Tony Parker,2,2:15,HOU,sub,,,,Aaron Brooks,,Chase Budinger,,,,,,,,,,,,
Aaron Brooks,Kyle Lowry,Luis Scola,Shane Battier,Trevor Ariza,George Hill,Manu Ginobili,Richard Jefferson,Tim Duncan,Tony Parker,2,2:15,SAS,free throw,,,,,,,1,,2,Tim Duncan,,,foul,missed,,,,
Aaron Brooks,Kyle Lowry,Luis Scola,Shane Battier,Trevor Ariza,George Hill,Manu Ginobili,Richard Jefferson,Tim Duncan,Tony Parker,2,2:15,SAS,rebound,,,,,,,,,,,,,,,,,,
Aaron Brooks,Kyle Lowry,Luis Scola,Shane Battier,Trevor Ariza,George Hill,Manu Ginobili,Richard Jefferson,Tim Duncan,Tony Parker,2,2:15,SAS,free throw,,,,,,,2,,2,Tim Duncan,,,foul,made,,,,
Aaron Brooks,Kyle Lowry,Luis Scola,Shane Battier,Trevor Ariza,George Hill,Manu Ginobili,Richard Jefferson,Tim Duncan,Tony Parker,2,2:01,HOU,shot,,,,,,,,,,Luis Scola,,,,missed,,turnaround hook,22,11
Aaron Brooks,Kyle Lowry,Luis Scola,Shane Battier,Trevor Ariza,George Hill,Manu Ginobili,Richard Jefferson,Tim Duncan,Tony Parker,2,1:59,SAS,rebound,,,,,,,,,,Tim Duncan,,,,,,def,,
Aaron Brooks,Kyle Lowry,Luis Scola,Shane Battier,Trevor Ariza,George Hill,Manu Ginobili,Richard Jefferson,Tim Duncan,Tony Parker,2,1:54,SAS,shot,,,,,,,,,,Tony Parker,,,,missed,,running layup,25,8
Aaron Brooks,Kyle Lowry,Luis Scola,Shane Battier,Trevor Ariza,George Hill,Manu Ginobili,Richard Jefferson,Tim Duncan,Tony Parker,2,1:53,HOU,rebound,,,,,,,,,,Luis Scola,,,,,,def,,
Aaron Brooks,Kyle Lowry,Luis Scola,Shane Battier,Trevor Ariza,George Hill,Manu Ginobili,Richard Jefferson,Tim Duncan,Tony Parker,2,1:42,HOU,shot,Aaron Brooks,,,,,,,,,Luis Scola,2,,,made,,layup,23,7
Aaron Brooks,Kyle Lowry,Luis Scola,Shane Battier,Trevor Ariza,George Hill,Manu Ginobili,Richard Jefferson,Tim Duncan,Tony Parker,2,1:24,SAS,shot,,,,,,,,,,Tony Parker,,,,missed,,jump,38,17
Aaron Brooks,Kyle Lowry,Luis Scola,Shane Battier,Trevor Ariza,George Hill,Manu Ginobili,Richard Jefferson,Tim Duncan,Tony Parker,2,1:23,HOU,rebound,,,,,,,,,,Shane Battier,,,,,,def,,
Aaron Brooks,Kyle Lowry,Luis Scola,Shane Battier,Trevor Ariza,George Hill,Manu Ginobili,Richard Jefferson,Tim Duncan,Tony Parker,2,1:11,HOU,shot,Aaron Brooks,,,,,,,,,Shane Battier,3,,,made,,3pt,44,22
Aaron Brooks,Kyle Lowry,Luis Scola,Shane Battier,Trevor Ariza,George Hill,Manu Ginobili,Richard Jefferson,Tim Duncan,Tony Parker,2,0:50,HOU,foul,,,,,,,,Tim Duncan,,Luis Scola,,,,,,shooting,,
Aaron Brooks,Kyle Lowry,Luis Scola,Shane Battier,Trevor Ariza,George Hill,Manu Ginobili,Richard Jefferson,Tim Duncan,Tony Parker,2,0:50,SAS,free throw,,,,,,,1,,2,Tim Duncan,,,foul,missed,,,,
Aaron Brooks,Kyle Lowry,Luis Scola,Shane Battier,Trevor Ariza,George Hill,Manu Ginobili,Richard Jefferson,Tim Duncan,Tony Parker,2,0:50,SAS,rebound,,,,,,,,,,,,,,,,,,
Aaron Brooks,Kyle Lowry,Luis Scola,Shane Battier,Trevor Ariza,George Hill,Manu Ginobili,Richard Jefferson,Tim Duncan,Tony Parker,2,0:50,SAS,free throw,,,,,,,2,,2,Tim Duncan,,,foul,missed,,,,
Aaron Brooks,Kyle Lowry,Luis Scola,Shane Battier,Trevor Ariza,George Hill,Manu Ginobili,Richard Jefferson,Tim Duncan,Tony Parker,2,0:49,HOU,rebound,,,,,,,,,,Luis Scola,,,,,,def,,
Aaron Brooks,Kyle Lowry,Luis Scola,Shane Battier,Trevor Ariza,George Hill,Manu Ginobili,Richard Jefferson,Tim Duncan,Tony Parker,2,0:41,HOU,turnover,,,,,,,,,,Kyle Lowry,,,out of bounds lost ball turnover,,,,,
Aaron Brooks,Kyle Lowry,Luis Scola,Shane Battier,Trevor Ariza,George Hill,Manu Ginobili,Roger Mason,Tim Duncan,Tony Parker,2,0:41,SAS,sub,,,,Roger Mason,,Richard Jefferson,,,,,,,,,,,,
Aaron Brooks,Kyle Lowry,Luis Scola,Shane Battier,Trevor Ariza,George Hill,Manu Ginobili,Roger Mason,Tim Duncan,Tony Parker,2,0:29,SAS,shot,,,,,,,,,,Tony Parker,2,,,made,,layup,26,6
Aaron Brooks,Kyle Lowry,Luis Scola,Shane Battier,Trevor Ariza,George Hill,Manu Ginobili,Roger Mason,Tim Duncan,Tony Parker,2,0:09,HOU,turnover,,,,,,,,,,Luis Scola,,,offensive goaltending,,,,,
Aaron Brooks,Kyle Lowry,Luis Scola,Shane Battier,Trevor Ariza,George Hill,Manu Ginobili,Roger Mason,Tim Duncan,Tony Parker,2,0:02,SAS,shot,,,,,,,,,,George Hill,,,,missed,,3pt,47,7
Aaron Brooks,Kyle Lowry,Luis Scola,Shane Battier,Trevor Ariza,George Hill,Manu Ginobili,Roger Mason,Tim Duncan,Tony Parker,2,0:00,HOU,rebound,,,,,,,,,,Trevor Ariza,,,,,,def,,
Aaron Brooks,Chuck Hayes,Luis Scola,Shane Battier,Trevor Ariza,DeJuan Blair,George Hill,Richard Jefferson,Tim Duncan,Tony Parker,3,11:34,HOU,shot,Luis Scola,,,,,,,,,Shane Battier,2,,,made,,running layup,22,6
Aaron Brooks,Chuck Hayes,Luis Scola,Shane Battier,Trevor Ariza,DeJuan Blair,George Hill,Richard Jefferson,Tim Duncan,Tony Parker,3,11:09,SAS,shot,,,,,,,,,,Tony Parker,,,,missed,,pullup jump,14,21
Aaron Brooks,Chuck Hayes,Luis Scola,Shane Battier,Trevor Ariza,DeJuan Blair,George Hill,Richard Jefferson,Tim Duncan,Tony Parker,3,11:08,HOU,rebound,,,,,,,,,,Chuck Hayes,,,,,,def,,
Aaron Brooks,Chuck Hayes,Luis Scola,Shane Battier,Trevor Ariza,DeJuan Blair,George Hill,Richard Jefferson,Tim Duncan,Tony Parker,3,10:54,HOU,shot,,,,,,,,,,Luis Scola,,,,missed,,jump,13,19
Aaron Brooks,Chuck Hayes,Luis Scola,Shane Battier,Trevor Ariza,DeJuan Blair,George Hill,Richard Jefferson,Tim Duncan,Tony Parker,3,10:53,SAS,rebound,,,,,,,,,,Tim Duncan,,,,,,def,,
Aaron Brooks,Chuck Hayes,Luis Scola,Shane Battier,Trevor Ariza,DeJuan Blair,George Hill,Richard Jefferson,Tim Duncan,Tony Parker,3,10:34,SAS,shot,,,,,,,,,,Richard Jefferson,,,,missed,,jump,6,9
Aaron Brooks,Chuck Hayes,Luis Scola,Shane Battier,Trevor Ariza,DeJuan Blair,George Hill,Richard Jefferson,Tim Duncan,Tony Parker,3,10:33,HOU,rebound,,,,,,,,,,Luis Scola,,,,,,def,,
Aaron Brooks,Chuck Hayes,Luis Scola,Shane Battier,Trevor Ariza,DeJuan Blair,George Hill,Richard Jefferson,Tim Duncan,Tony Parker,3,10:17,HOU,turnover,,,,,,,,,,Luis Scola,,,lost ball,,DeJuan Blair,,,
Aaron Brooks,Chuck Hayes,Luis Scola,Shane Battier,Trevor Ariza,DeJuan Blair,George Hill,Richard Jefferson,Tim Duncan,Tony Parker,3,10:11,SAS,shot,,,Aaron Brooks,,,,,,,Richard Jefferson,,,,missed,,layup,22,7
Aaron Brooks,Chuck Hayes,Luis Scola,Shane Battier,Trevor Ariza,DeJuan Blair,George Hill,Richard Jefferson,Tim Duncan,Tony Parker,3,10:09,HOU,rebound,,,,,,,,,,Aaron Brooks,,,,,,def,,
Aaron Brooks,Chuck Hayes,Luis Scola,Shane Battier,Trevor Ariza,DeJuan Blair,George Hill,Richard Jefferson,Tim Duncan,Tony Parker,3,9:53,HOU,shot,,,,,,,,,,Shane Battier,2,,,made,,driving layup,25,9
Aaron Brooks,Chuck Hayes,Luis Scola,Shane Battier,Trevor Ariza,DeJuan Blair,George Hill,Richard Jefferson,Tim Duncan,Tony Parker,3,9:32,SAS,shot,,,,,,,,,,Tim Duncan,,,,missed,,jump,21,11
Aaron Brooks,Chuck Hayes,Luis Scola,Shane Battier,Trevor Ariza,DeJuan Blair,George Hill,Richard Jefferson,Tim Duncan,Tony Parker,3,9:31,HOU,rebound,,,,,,,,,,Shane Battier,,,,,,def,,
Aaron Brooks,Chuck Hayes,Luis Scola,Shane Battier,Trevor Ariza,DeJuan Blair,George Hill,Richard Jefferson,Tim Duncan,Tony Parker,3,9:21,HOU,shot,,,,,,,,,,Trevor Ariza,2,,,made,,layup,26,6
Aaron Brooks,Chuck Hayes,Luis Scola,Shane Battier,Trevor Ariza,DeJuan Blair,George Hill,Richard Jefferson,Tim Duncan,Tony Parker,3,9:21,SAS,foul,,,,,,,,Trevor Ariza,,Tim Duncan,,,,,,shooting,,
Aaron Brooks,Chuck Hayes,Luis Scola,Shane Battier,Trevor Ariza,DeJuan Blair,George Hill,Richard Jefferson,Tim Duncan,Tony Parker,3,9:21,HOU,free throw,,,,,,,1,,1,Trevor Ariza,,,foul,made,,,,
Aaron Brooks,Chuck Hayes,Luis Scola,Shane Battier,Trevor Ariza,DeJuan Blair,George Hill,Richard Jefferson,Tim Duncan,Tony Parker,3,9:06,SAS,shot,Tony Parker,,,,,,,,,Richard Jefferson,3,,,made,,3pt,39,27
Aaron Brooks,Chuck Hayes,Luis Scola,Shane Battier,Trevor Ariza,DeJuan Blair,George Hill,Richard Jefferson,Tim Duncan,Tony Parker,3,8:54,HOU,shot,,,,,,,,,,Aaron Brooks,3,,,made,,3pt,11,28
Aaron Brooks,Chuck Hayes,Luis Scola,Shane Battier,Trevor Ariza,DeJuan Blair,George Hill,Richard Jefferson,Tim Duncan,Tony Parker,3,8:35,SAS,shot,,,,,,,,,,George Hill,,,,missed,,jump,12,22
Aaron Brooks,Chuck Hayes,Luis Scola,Shane Battier,Trevor Ariza,DeJuan Blair,George Hill,Richard Jefferson,Tim Duncan,Tony Parker,3,8:34,HOU,rebound,,,,,,,,,,Trevor Ariza,,,,,,def,,
Aaron Brooks,Chuck Hayes,Luis Scola,Shane Battier,Trevor Ariza,DeJuan Blair,George Hill,Richard Jefferson,Tim Duncan,Tony Parker,3,8:29,HOU,turnover,,,,,,,,,,Aaron Brooks,,,lost ball,,Tony Parker,,,
Aaron Brooks,Chuck Hayes,Luis Scola,Shane Battier,Trevor Ariza,DeJuan Blair,George Hill,Richard Jefferson,Tim Duncan,Tony Parker,3,8:19,SAS,shot,,,,,,,,,,George Hill,,,,missed,,3pt,48,6
Aaron Brooks,Chuck Hayes,Luis Scola,Shane Battier,Trevor Ariza,DeJuan Blair,George Hill,Richard Jefferson,Tim Duncan,Tony Parker,3,8:17,HOU,rebound,,,,,,,,,,Chuck Hayes,,,,,,def,,
Aaron Brooks,Chuck Hayes,Luis Scola,Shane Battier,Trevor Ariza,DeJuan Blair,George Hill,Richard Jefferson,Tim Duncan,Tony Parker,3,7:57,HOU,shot,,,,,,,,,,Trevor Ariza,2,,,made,,turnaround fade away,9,8
Aaron Brooks,Chuck Hayes,Luis Scola,Shane Battier,Trevor Ariza,DeJuan Blair,George Hill,Richard Jefferson,Tim Duncan,Tony Parker,3,7:57,SAS,timeout,,,,,,,,,,,,,,,,regular,,
Aaron Brooks,Chuck Hayes,Luis Scola,Shane Battier,Trevor Ariza,DeJuan Blair,Manu Ginobili,Richard Jefferson,Tim Duncan,Tony Parker,3,7:57,SAS,sub,,,,Manu Ginobili,,George Hill,,,,,,,,,,,,
Aaron Brooks,Chuck Hayes,Luis Scola,Shane Battier,Trevor Ariza,DeJuan Blair,Manu Ginobili,Richard Jefferson,Tim Duncan,Tony Parker,3,7:39,HOU,foul,,,,,,,,Tim Duncan,,Chuck Hayes,,,,,,shooting,,
Aaron Brooks,Chuck Hayes,Luis Scola,Shane Battier,Trevor Ariza,DeJuan Blair,Manu Ginobili,Richard Jefferson,Tim Duncan,Tony Parker,3,7:39,SAS,free throw,,,,,,,1,,2,Tim Duncan,,,foul,made,,,,
Aaron Brooks,Chuck Hayes,Luis Scola,Shane Battier,Trevor Ariza,DeJuan Blair,Manu Ginobili,Richard Jefferson,Tim Duncan,Tony Parker,3,7:39,SAS,free throw,,,,,,,2,,2,Tim Duncan,,,foul,made,,,,
Aaron Brooks,Chuck Hayes,Luis Scola,Shane Battier,Trevor Ariza,DeJuan Blair,Manu Ginobili,Richard Jefferson,Tim Duncan,Tony Parker,3,7:24,HOU,turnover,,,,,,,,,,Trevor Ariza,,,bad pass,,Tony Parker,,,
Aaron Brooks,Chuck Hayes,Luis Scola,Shane Battier,Trevor Ariza,DeJuan Blair,Manu Ginobili,Richard Jefferson,Tim Duncan,Tony Parker,3,7:17,SAS,shot,Tony Parker,,,,,,,,,DeJuan Blair,2,,,made,,finger roll layup,25,8
Aaron Brooks,Chuck Hayes,Luis Scola,Shane Battier,Trevor Ariza,DeJuan Blair,Manu Ginobili,Richard Jefferson,Tim Duncan,Tony Parker,3,6:59,HOU,shot,,,,,,,,,,Trevor Ariza,,,,missed,,3pt,34,29
Aaron Brooks,Chuck Hayes,Luis Scola,Shane Battier,Trevor Ariza,DeJuan Blair,Manu Ginobili,Richard Jefferson,Tim Duncan,Tony Parker,3,6:58,SAS,rebound,,,,,,,,,,Manu Ginobili,,,,,,def,,
Aaron Brooks,Chuck Hayes,Luis Scola,Shane Battier,Trevor Ariza,DeJuan Blair,Manu Ginobili,Richard Jefferson,Tim Duncan,Tony Parker,3,6:47,HOU,foul,,,,,,,,Tim Duncan,,Luis Scola,,,,,,shooting,,
Aaron Brooks,Chuck Hayes,Luis Scola,Shane Battier,Trevor Ariza,DeJuan Blair,Manu Ginobili,Richard Jefferson,Tim Duncan,Tony Parker,3,6:47,SAS,free throw,,,,,,,1,,2,Tim Duncan,,,foul,missed,,,,
Aaron Brooks,Chuck Hayes,Luis Scola,Shane Battier,Trevor Ariza,DeJuan Blair,Manu Ginobili,Richard Jefferson,Tim Duncan,Tony Parker,3,6:47,SAS,rebound,,,,,,,,,,,,,,,,,,
Aaron Brooks,Chuck Hayes,Luis Scola,Shane Battier,Trevor Ariza,DeJuan Blair,Manu Ginobili,Richard Jefferson,Tim Duncan,Tony Parker,3,6:47,SAS,free throw,,,,,,,2,,2,Tim Duncan,,,foul,missed,,,,
Aaron Brooks,Chuck Hayes,Luis Scola,Shane Battier,Trevor Ariza,DeJuan Blair,Manu Ginobili,Richard Jefferson,Tim Duncan,Tony Parker,3,6:46,HOU,rebound,,,,,,,,,,Trevor Ariza,,,,,,def,,
Aaron Brooks,Chuck Hayes,Luis Scola,Shane Battier,Trevor Ariza,DeJuan Blair,Manu Ginobili,Richard Jefferson,Tim Duncan,Tony Parker,3,6:33,HOU,turnover,,,,,,,,,,Aaron Brooks,,,traveling,,,,,
Aaron Brooks,Chuck Hayes,Luis Scola,Shane Battier,Trevor Ariza,DeJuan Blair,Manu Ginobili,Richard Jefferson,Tim Duncan,Tony Parker,3,6:14,SAS,shot,,,,,,,,,,Richard Jefferson,,,,missed,,jump,47,7
Aaron Brooks,Chuck Hayes,Luis Scola,Shane Battier,Trevor Ariza,DeJuan Blair,Manu Ginobili,Richard Jefferson,Tim Duncan,Tony Parker,3,6:12,HOU,rebound,,,,,,,,,,Chuck Hayes,,,,,,def,,
Aaron Brooks,Chuck Hayes,Luis Scola,Shane Battier,Trevor Ariza,DeJuan Blair,Manu Ginobili,Richard Jefferson,Tim Duncan,Tony Parker,3,6:10,SAS,foul,,,,,,,,Aaron Brooks,,Tony Parker,,,,,,personal,,
Aaron Brooks,Chuck Hayes,Luis Scola,Shane Battier,Trevor Ariza,DeJuan Blair,Manu Ginobili,Richard Jefferson,Tim Duncan,Tony Parker,3,6:04,HOU,shot,,,,,,,,,,Aaron Brooks,2,,,made,,floating jump,22,17
Aaron Brooks,Chuck Hayes,Luis Scola,Shane Battier,Trevor Ariza,DeJuan Blair,Manu Ginobili,Richard Jefferson,Tim Duncan,Tony Parker,3,5:44,SAS,shot,,,,,,,,,,Tony Parker,2,,,made,,floating jump,16,6
Aaron Brooks,Chuck Hayes,Luis Scola,Shane Battier,Trevor Ariza,DeJuan Blair,Manu Ginobili,Richard Jefferson,Tim Duncan,Tony Parker,3,5:37,HOU,shot,,,,,,,,,,Aaron Brooks,2,,,made,,pullup jump,37,12
Aaron Brooks,Chuck Hayes,Luis Scola,Shane Battier,Trevor Ariza,DeJuan Blair,Manu Ginobili,Richard Jefferson,Tim Duncan,Tony Parker,3,5:19,SAS,shot,,,,,,,,,,Manu Ginobili,,,,missed,,3pt,8,25
Aaron Brooks,Chuck Hayes,Luis Scola,Shane Battier,Trevor Ariza,DeJuan Blair,Manu Ginobili,Richard Jefferson,Tim Duncan,Tony Parker,3,5:18,SAS,rebound,,,,,,,,,,Tim Duncan,,,,,,off,,
Aaron Brooks,Chuck Hayes,Luis Scola,Shane Battier,Trevor Ariza,Antonio McDyess,Manu Ginobili,Richard Jefferson,Tim Duncan,Tony Parker,3,5:12,SAS,sub,,,,Antonio McDyess,,DeJuan Blair,,,,,,,,,,,,
Aaron Brooks,Chuck Hayes,Luis Scola,Shane Battier,Trevor Ariza,Antonio McDyess,Manu Ginobili,Richard Jefferson,Tim Duncan,Tony Parker,3,5:04,HOU,foul,,,,,,,,Tony Parker,,Chuck Hayes,,,,,,shooting,,
Aaron Brooks,Chuck Hayes,Luis Scola,Shane Battier,Trevor Ariza,Antonio McDyess,Manu Ginobili,Richard Jefferson,Tim Duncan,Tony Parker,3,5:04,SAS,free throw,,,,,,,1,,2,Tony Parker,,,foul,made,,,,
Aaron Brooks,Chuck Hayes,Luis Scola,Shane Battier,Trevor Ariza,Antonio McDyess,Manu Ginobili,Richard Jefferson,Tim Duncan,Tony Parker,3,5:04,SAS,free throw,,,,,,,2,,2,Tony Parker,,,foul,made,,,,
Aaron Brooks,Chuck Hayes,Luis Scola,Shane Battier,Trevor Ariza,Antonio McDyess,Manu Ginobili,Richard Jefferson,Tim Duncan,Tony Parker,3,4:56,SAS,foul,,,,,,,,Aaron Brooks,,Manu Ginobili,,,,,,personal,,
Aaron Brooks,Chuck Hayes,Kyle Lowry,Luis Scola,Trevor Ariza,Antonio McDyess,Manu Ginobili,Richard Jefferson,Tim Duncan,Tony Parker,3,4:56,HOU,sub,,,,Kyle Lowry,,Shane Battier,,,,,,,,,,,,
Aaron Brooks,Chuck Hayes,Kyle Lowry,Luis Scola,Trevor Ariza,Antonio McDyess,Manu Ginobili,Richard Jefferson,Tim Duncan,Tony Parker,3,4:49,HOU,shot,,,,,,,,,,Aaron Brooks,,,,missed,,pullup jump,25,18
Aaron Brooks,Chuck Hayes,Kyle Lowry,Luis Scola,Trevor Ariza,Antonio McDyess,Manu Ginobili,Richard Jefferson,Tim Duncan,Tony Parker,3,4:48,SAS,rebound,,,,,,,,,,Manu Ginobili,,,,,,def,,
Aaron Brooks,Chuck Hayes,Kyle Lowry,Luis Scola,Trevor Ariza,Antonio McDyess,Manu Ginobili,Richard Jefferson,Tim Duncan,Tony Parker,3,4:37,SAS,turnover,,,,,,,,,,Richard Jefferson,,,bad pass,,Trevor Ariza,,,
Aaron Brooks,Chuck Hayes,Kyle Lowry,Luis Scola,Trevor Ariza,Antonio McDyess,Manu Ginobili,Richard Jefferson,Tim Duncan,Tony Parker,3,4:17,HOU,shot,Chuck Hayes,,,,,,,,,Luis Scola,2,,,made,,jump,39,15
Aaron Brooks,Chuck Hayes,Kyle Lowry,Luis Scola,Trevor Ariza,Antonio McDyess,Manu Ginobili,Richard Jefferson,Tim Duncan,Tony Parker,3,4:00,SAS,turnover,,,,,,,,,,Tony Parker,,,bad pass,,Aaron Brooks,,,
Aaron Brooks,Chuck Hayes,Kyle Lowry,Luis Scola,Trevor Ariza,Antonio McDyess,Manu Ginobili,Richard Jefferson,Tim Duncan,Tony Parker,3,3:51,HOU,shot,Trevor Ariza,,,,,,,,,Luis Scola,2,,,made,,layup,24,6
Aaron Brooks,Chuck Hayes,Kyle Lowry,Luis Scola,Trevor Ariza,Antonio McDyess,Manu Ginobili,Richard Jefferson,Tim Duncan,Tony Parker,3,3:37,SAS,shot,,,,,,,,,,Manu Ginobili,2,,,made,,jump bank,10,11
Aaron Brooks,Chuck Hayes,Kyle Lowry,Luis Scola,Trevor Ariza,Antonio McDyess,Manu Ginobili,Richard Jefferson,Tim Duncan,Tony Parker,3,3:37,HOU,foul,,,,,,,,Manu Ginobili,,Aaron Brooks,,,,,,shooting,,
Aaron Brooks,Chuck Hayes,Kyle Lowry,Luis Scola,Trevor Ariza,Antonio McDyess,Keith Bogans,Manu Ginobili,Tim Duncan,Tony Parker,3,3:37,SAS,sub,,,,Keith Bogans,,Richard Jefferson,,,,,,,,,,,,
Aaron Brooks,Chuck Hayes,Kyle Lowry,Luis Scola,Trevor Ariza,Antonio McDyess,Keith Bogans,Manu Ginobili,Tim Duncan,Tony Parker,3,3:37,SAS,free throw,,,,,,,1,,1,Manu Ginobili,,,foul,made,,,,
Aaron Brooks,Chuck Hayes,Kyle Lowry,Luis Scola,Trevor Ariza,Antonio McDyess,Keith Bogans,Manu Ginobili,Tim Duncan,Tony Parker,3,3:23,HOU,shot,Kyle Lowry,,,,,,,,,Luis Scola,2,,,made,,jump,25,12
Aaron Brooks,Chuck Hayes,Kyle Lowry,Luis Scola,Trevor Ariza,Antonio McDyess,Keith Bogans,Manu Ginobili,Tim Duncan,Tony Parker,3,3:05,SAS,shot,,,,,,,,,,Tony Parker,,,,missed,,pullup jump,37,21
Aaron Brooks,Chuck Hayes,Kyle Lowry,Luis Scola,Trevor Ariza,Antonio McDyess,Keith Bogans,Manu Ginobili,Tim Duncan,Tony Parker,3,3:04,HOU,rebound,,,,,,,,,,Luis Scola,,,,,,def,,
Aaron Brooks,Chuck Hayes,Kyle Lowry,Luis Scola,Trevor Ariza,Antonio McDyess,Keith Bogans,Manu Ginobili,Tim Duncan,Tony Parker,3,2:52,HOU,shot,,,,,,,,,,Aaron Brooks,,,,missed,,pullup jump,38,18
Aaron Brooks,Chuck Hayes,Kyle Lowry,Luis Scola,Trevor Ariza,Antonio McDyess,Keith Bogans,Manu Ginobili,Tim Duncan,Tony Parker,3,2:51,SAS,rebound,,,,,,,,,,Tim Duncan,,,,,,def,,
Aaron Brooks,Chuck Hayes,Kyle Lowry,Luis Scola,Trevor Ariza,Antonio McDyess,Keith Bogans,Manu Ginobili,Tim Duncan,Tony Parker,3,2:45,SAS,shot,,,,,,,,,,Tony Parker,2,,,made,,floating jump,22,10
Aaron Brooks,Chuck Hayes,Kyle Lowry,Luis Scola,Trevor Ariza,Antonio McDyess,Keith Bogans,Manu Ginobili,Tim Duncan,Tony Parker,3,2:24,SAS,foul,,,,,,,,Trevor Ariza,,Keith Bogans,,,,,,personal,,
Aaron Brooks,Chuck Hayes,Kyle Lowry,Luis Scola,Trevor Ariza,Antonio McDyess,Keith Bogans,Manu Ginobili,Tim Duncan,Tony Parker,3,2:24,HOU,timeout,,,,,,,,,,,,,,,,regular,,
Aaron Brooks,Carl Landry,Kyle Lowry,Luis Scola,Trevor Ariza,Antonio McDyess,Keith Bogans,Manu Ginobili,Tim Duncan,Tony Parker,3,2:24,HOU,sub,,,,Carl Landry,,Chuck Hayes,,,,,,,,,,,,
Aaron Brooks,Carl Landry,Kyle Lowry,Luis Scola,Trevor Ariza,Antonio McDyess,DeJuan Blair,Keith Bogans,Manu Ginobili,Tony Parker,3,2:24,SAS,sub,,,,DeJuan Blair,,Tim Duncan,,,,,,,,,,,,
Aaron Brooks,Carl Landry,Kyle Lowry,Luis Scola,Trevor Ariza,Antonio McDyess,DeJuan Blair,Keith Bogans,Manu Ginobili,Tony Parker,3,2:12,HOU,shot,,,,,,,,,,Trevor Ariza,,,,missed,,layup,24,7
Aaron Brooks,Carl Landry,Kyle Lowry,Luis Scola,Trevor Ariza,Antonio McDyess,DeJuan Blair,Keith Bogans,Manu Ginobili,Tony Parker,3,2:11,SAS,rebound,,,,,,,,,,DeJuan Blair,,,,,,def,,
Aaron Brooks,Carl Landry,Kyle Lowry,Luis Scola,Trevor Ariza,Antonio McDyess,DeJuan Blair,Keith Bogans,Manu Ginobili,Tony Parker,3,2:09,HOU,foul,,,,,,,,Tony Parker,,Aaron Brooks,,,,,,personal,,
Aaron Brooks,Carl Landry,Kyle Lowry,Luis Scola,Trevor Ariza,Antonio McDyess,DeJuan Blair,Keith Bogans,Manu Ginobili,Tony Parker,3,2:09,SAS,free throw,,,,,,,1,,2,Tony Parker,,,foul,made,,,,
Aaron Brooks,Carl Landry,Kyle Lowry,Luis Scola,Trevor Ariza,Antonio McDyess,DeJuan Blair,Keith Bogans,Manu Ginobili,Tony Parker,3,2:09,SAS,free throw,,,,,,,2,,2,Tony Parker,,,foul,made,,,,
Aaron Brooks,Carl Landry,Kyle Lowry,Luis Scola,Trevor Ariza,Antonio McDyess,DeJuan Blair,Keith Bogans,Manu Ginobili,Tony Parker,3,1:57,HOU,shot,,,,,,,,,,Aaron Brooks,,,,missed,,3pt,11,27
Aaron Brooks,Carl Landry,Kyle Lowry,Luis Scola,Trevor Ariza,Antonio McDyess,DeJuan Blair,Keith Bogans,Manu Ginobili,Tony Parker,3,1:56,SAS,rebound,,,,,,,,,,DeJuan Blair,,,,,,def,,
Aaron Brooks,Carl Landry,Kyle Lowry,Luis Scola,Trevor Ariza,Antonio McDyess,DeJuan Blair,Keith Bogans,Manu Ginobili,Tony Parker,3,1:50,SAS,shot,DeJuan Blair,,,,,,,,,Manu Ginobili,3,,,made,,3pt,5,21
Aaron Brooks,Carl Landry,Kyle Lowry,Luis Scola,Trevor Ariza,Antonio McDyess,DeJuan Blair,Keith Bogans,Manu Ginobili,Tony Parker,3,1:34,HOU,shot,Trevor Ariza,,,,,,,,,Luis Scola,2,,,made,,jump,23,24
Aaron Brooks,Carl Landry,Kyle Lowry,Luis Scola,Trevor Ariza,Antonio McDyess,DeJuan Blair,Keith Bogans,Manu Ginobili,Tony Parker,3,1:21,SAS,shot,,,,,,,,,,Manu Ginobili,,,,missed,,3pt,40,25
Aaron Brooks,Carl Landry,Kyle Lowry,Luis Scola,Trevor Ariza,Antonio McDyess,DeJuan Blair,Keith Bogans,Manu Ginobili,Tony Parker,3,1:19,HOU,rebound,,,,,,,,,,Luis Scola,,,,,,def,,
Aaron Brooks,Carl Landry,Kyle Lowry,Luis Scola,Trevor Ariza,Antonio McDyess,DeJuan Blair,Keith Bogans,Manu Ginobili,Tony Parker,3,1:12,SAS,foul,,,,,,,,Kyle Lowry,,Manu Ginobili,,,,,,personal,,
Aaron Brooks,Carl Landry,David Andersen,Kyle Lowry,Trevor Ariza,Antonio McDyess,DeJuan Blair,Keith Bogans,Manu Ginobili,Tony Parker,3,1:12,HOU,sub,,,,David Andersen,,Luis Scola,,,,,,,,,,,,
Aaron Brooks,Carl Landry,Chase Budinger,David Andersen,Kyle Lowry,Antonio McDyess,DeJuan Blair,Keith Bogans,Manu Ginobili,Tony Parker,3,1:12,HOU,sub,,,,Chase Budinger,,Trevor Ariza,,,,,,,,,,,,
Aaron Brooks,Carl Landry,Chase Budinger,David Andersen,Kyle Lowry,Antonio McDyess,DeJuan Blair,Keith Bogans,Manu Ginobili,Tony Parker,3,1:12,HOU,free throw,,,,,,,1,,2,Kyle Lowry,,,foul,made,,,,
Aaron Brooks,Carl Landry,Chase Budinger,David Andersen,Kyle Lowry,Antonio McDyess,DeJuan Blair,Keith Bogans,Manu Ginobili,Tony Parker,3,1:12,HOU,free throw,,,,,,,2,,2,Kyle Lowry,,,foul,made,,,,
Aaron Brooks,Carl Landry,Chase Budinger,David Andersen,Kyle Lowry,Antonio McDyess,DeJuan Blair,Keith Bogans,Manu Ginobili,Tony Parker,3,0:56,SAS,turnover,,,,,,,,,,Manu Ginobili,,,lost ball,,Kyle Lowry,,,
Aaron Brooks,Carl Landry,Chase Budinger,David Andersen,Kyle Lowry,Antonio McDyess,DeJuan Blair,Keith Bogans,Manu Ginobili,Tony Parker,3,0:55,HOU,turnover,,,,,,,,,,Kyle Lowry,,,double dribble,,,,,
Aaron Brooks,Carl Landry,Chase Budinger,David Andersen,Kyle Lowry,Antonio McDyess,DeJuan Blair,Keith Bogans,Manu Ginobili,Tony Parker,3,0:36,SAS,shot,,,,,,,,,,Tony Parker,,,,missed,,layup,27,6
Aaron Brooks,Carl Landry,Chase Budinger,David Andersen,Kyle Lowry,Antonio McDyess,DeJuan Blair,Keith Bogans,Manu Ginobili,Tony Parker,3,0:35,HOU,rebound,,,,,,,,,,Kyle Lowry,,,,,,def,,
Aaron Brooks,Carl Landry,Chase Budinger,David Andersen,Kyle Lowry,Antonio McDyess,DeJuan Blair,Keith Bogans,Manu Ginobili,Tony Parker,3,0:32,HOU,foul,,,,,,,,Manu Ginobili,,Kyle Lowry,,,,,,offensive,,
Aaron Brooks,Carl Landry,Chase Budinger,David Andersen,Kyle Lowry,Antonio McDyess,DeJuan Blair,Keith Bogans,Manu Ginobili,Tony Parker,3,0:32,HOU,turnover,,,,,,,,,,Kyle Lowry,,,foul,,,,,
Aaron Brooks,Carl Landry,Chase Budinger,David Andersen,Kyle Lowry,Antonio McDyess,DeJuan Blair,George Hill,Keith Bogans,Manu Ginobili,3,0:32,SAS,sub,,,,George Hill,,Tony Parker,,,,,,,,,,,,
Aaron Brooks,Carl Landry,Chase Budinger,David Andersen,Kyle Lowry,Antonio McDyess,DeJuan Blair,George Hill,Keith Bogans,Manu Ginobili,3,0:24,SAS,shot,,,,,,,,,,Manu Ginobili,,,,missed,,jump,14,11
Aaron Brooks,Carl Landry,Chase Budinger,David Andersen,Kyle Lowry,Antonio McDyess,DeJuan Blair,George Hill,Keith Bogans,Manu Ginobili,3,0:24,HOU,rebound,,,,,,,,,,,,,,,,,,
Aaron Brooks,Carl Landry,Chase Budinger,David Andersen,Kyle Lowry,Antonio McDyess,DeJuan Blair,George Hill,Keith Bogans,Manu Ginobili,3,0:01,HOU,shot,,,,,,,,,,Aaron Brooks,2,,,made,,layup,23,6
Aaron Brooks,Carl Landry,Chase Budinger,David Andersen,Kyle Lowry,Antonio McDyess,DeJuan Blair,George Hill,Keith Bogans,Manu Ginobili,3,0:00,SAS,shot,,,,,,,,,,George Hill,,,,missed,,3pt,24,44
Aaron Brooks,Carl Landry,Chase Budinger,David Andersen,Kyle Lowry,Antonio McDyess,DeJuan Blair,George Hill,Keith Bogans,Manu Ginobili,3,0:00,SAS,rebound,,,,,,,,,,,,,,,,,,
Aaron Brooks,Carl Landry,Chase Budinger,David Andersen,Kyle Lowry,Antonio McDyess,DeJuan Blair,George Hill,Keith Bogans,Manu Ginobili,4,11:49,SAS,shot,,,,,,,,,,Antonio McDyess,,,,missed,,jump,11,6
Aaron Brooks,Carl Landry,Chase Budinger,David Andersen,Kyle Lowry,Antonio McDyess,DeJuan Blair,George Hill,Keith Bogans,Manu Ginobili,4,11:47,HOU,rebound,,,,,,,,,,Aaron Brooks,,,,,,def,,
Aaron Brooks,Carl Landry,Chase Budinger,David Andersen,Kyle Lowry,Antonio McDyess,DeJuan Blair,George Hill,Keith Bogans,Manu Ginobili,4,11:44,HOU,turnover,,,,,,,,,,David Andersen,,,traveling,,,,,
Aaron Brooks,Carl Landry,Chase Budinger,David Andersen,Kyle Lowry,Antonio McDyess,DeJuan Blair,George Hill,Keith Bogans,Manu Ginobili,4,11:22,SAS,shot,,,,,,,,,,George Hill,,,,missed,,jump,39,7
Aaron Brooks,Carl Landry,Chase Budinger,David Andersen,Kyle Lowry,Antonio McDyess,DeJuan Blair,George Hill,Keith Bogans,Manu Ginobili,4,11:21,SAS,rebound,,,,,,,,,,Antonio McDyess,,,,,,off,,
Aaron Brooks,Carl Landry,Chase Budinger,David Andersen,Kyle Lowry,Antonio McDyess,DeJuan Blair,George Hill,Keith Bogans,Manu Ginobili,4,11:18,SAS,turnover,,,,,,,,,,Manu Ginobili,,,bad pass,,Chase Budinger,,,
Aaron Brooks,Carl Landry,Chase Budinger,David Andersen,Kyle Lowry,Antonio McDyess,DeJuan Blair,George Hill,Keith Bogans,Manu Ginobili,4,11:13,HOU,shot,,,,,,,,,,Chase Budinger,,,,missed,,dunk,25,6
Aaron Brooks,Carl Landry,Chase Budinger,David Andersen,Kyle Lowry,Antonio McDyess,DeJuan Blair,George Hill,Keith Bogans,Manu Ginobili,4,11:10,HOU,rebound,,,,,,,,,,Kyle Lowry,,,,,,off,,
Aaron Brooks,Carl Landry,Chase Budinger,David Andersen,Kyle Lowry,Antonio McDyess,DeJuan Blair,George Hill,Keith Bogans,Manu Ginobili,4,11:10,HOU,shot,,,,,,,,,,Kyle Lowry,2,,,made,,layup,25,7
Aaron Brooks,Carl Landry,Chase Budinger,David Andersen,Kyle Lowry,Antonio McDyess,DeJuan Blair,George Hill,Keith Bogans,Manu Ginobili,4,10:48,SAS,turnover,,,,,,,,,,DeJuan Blair,,,3 second violation,,,,,
Aaron Brooks,Carl Landry,Chase Budinger,David Andersen,Kyle Lowry,Antonio McDyess,DeJuan Blair,George Hill,Manu Ginobili,Roger Mason,4,10:48,SAS,sub,,,,Roger Mason,,Keith Bogans,,,,,,,,,,,,
Aaron Brooks,Carl Landry,Chase Budinger,David Andersen,Kyle Lowry,Antonio McDyess,DeJuan Blair,George Hill,Manu Ginobili,Roger Mason,4,10:34,HOU,shot,Aaron Brooks,,,,,,,,,Carl Landry,2,,,made,,layup,25,8
Aaron Brooks,Carl Landry,Chase Budinger,David Andersen,Kyle Lowry,Antonio McDyess,DeJuan Blair,George Hill,Manu Ginobili,Roger Mason,4,10:26,SAS,turnover,,,,,,,,,,Manu Ginobili,,,bad pass,,Carl Landry,,,
Aaron Brooks,Carl Landry,Chase Budinger,David Andersen,Kyle Lowry,Antonio McDyess,DeJuan Blair,George Hill,Manu Ginobili,Roger Mason,4,10:24,SAS,foul,,,,,,,,Carl Landry,,George Hill,,,,,,shooting,,
Aaron Brooks,Carl Landry,Chase Budinger,David Andersen,Kyle Lowry,DeJuan Blair,George Hill,Manu Ginobili,Roger Mason,Tim Duncan,4,10:24,SAS,sub,,,,Tim Duncan,,Antonio McDyess,,,,,,,,,,,,
Aaron Brooks,Carl Landry,Chase Budinger,David Andersen,Kyle Lowry,DeJuan Blair,George Hill,Manu Ginobili,Roger Mason,Tim Duncan,4,10:24,HOU,free throw,,,,,,,1,,2,Carl Landry,,,foul,made,,,,
Aaron Brooks,Carl Landry,Chase Budinger,David Andersen,Kyle Lowry,DeJuan Blair,George Hill,Manu Ginobili,Roger Mason,Tim Duncan,4,10:24,HOU,free throw,,,,,,,2,,2,Carl Landry,,,foul,made,,,,
Aaron Brooks,Carl Landry,Chase Budinger,David Andersen,Kyle Lowry,DeJuan Blair,George Hill,Manu Ginobili,Roger Mason,Tim Duncan,4,10:08,SAS,shot,,,,,,,,,,George Hill,,,,missed,,3pt,2,6
Aaron Brooks,Carl Landry,Chase Budinger,David Andersen,Kyle Lowry,DeJuan Blair,George Hill,Manu Ginobili,Roger Mason,Tim Duncan,4,10:07,SAS,rebound,,,,,,,,,,DeJuan Blair,,,,,,off,,
Aaron Brooks,Carl Landry,Chase Budinger,David Andersen,Kyle Lowry,DeJuan Blair,George Hill,Manu Ginobili,Roger Mason,Tim Duncan,4,10:06,SAS,shot,,,David Andersen,,,,,,,DeJuan Blair,,,,missed,,layup,25,6
Aaron Brooks,Carl Landry,Chase Budinger,David Andersen,Kyle Lowry,DeJuan Blair,George Hill,Manu Ginobili,Roger Mason,Tim Duncan,4,10:06,SAS,rebound,,,,,,,,,,,,,,,,,,
Aaron Brooks,Carl Landry,Chase Budinger,David Andersen,Kyle Lowry,DeJuan Blair,George Hill,Manu Ginobili,Roger Mason,Tim Duncan,4,10:06,HOU,foul,,,,,,,,Tim Duncan,,Carl Landry,,,,,,personal,,
Aaron Brooks,Carl Landry,Chase Budinger,David Andersen,Kyle Lowry,DeJuan Blair,George Hill,Manu Ginobili,Roger Mason,Tim Duncan,4,9:52,SAS,shot,,,,,,,,,,Manu Ginobili,,,,missed,,jump,26,10
Aaron Brooks,Carl Landry,Chase Budinger,David Andersen,Kyle Lowry,DeJuan Blair,George Hill,Manu Ginobili,Roger Mason,Tim Duncan,4,9:51,HOU,rebound,,,,,,,,,,Chase Budinger,,,,,,def,,
Aaron Brooks,Carl Landry,Chase Budinger,David Andersen,Kyle Lowry,DeJuan Blair,George Hill,Manu Ginobili,Roger Mason,Tim Duncan,4,9:40,HOU,shot,Kyle Lowry,,,,,,,,,Carl Landry,2,,,made,,layup,25,8
Aaron Brooks,Carl Landry,Chase Budinger,David Andersen,Kyle Lowry,DeJuan Blair,George Hill,Manu Ginobili,Roger Mason,Tim Duncan,4,9:29,HOU,violation,,,,,,,,,,David Andersen,,,,,,kicked ball,,
Aaron Brooks,Carl Landry,Chase Budinger,David Andersen,Kyle Lowry,DeJuan Blair,George Hill,Manu Ginobili,Roger Mason,Tim Duncan,4,9:22,SAS,shot,,,,,,,,,,Roger Mason,,,,missed,,jump,36,18
Aaron Brooks,Carl Landry,Chase Budinger,David Andersen,Kyle Lowry,DeJuan Blair,George Hill,Manu Ginobili,Roger Mason,Tim Duncan,4,9:21,SAS,rebound,,,,,,,,,,Manu Ginobili,,,,,,off,,
Aaron Brooks,Carl Landry,Chase Budinger,David Andersen,Kyle Lowry,DeJuan Blair,George Hill,Manu Ginobili,Roger Mason,Tim Duncan,4,9:19,HOU,foul,,,,,,,,Tim Duncan,,Chase Budinger,,,,,,loose ball,,
Aaron Brooks,Carl Landry,Chase Budinger,David Andersen,Kyle Lowry,DeJuan Blair,George Hill,Manu Ginobili,Roger Mason,Tim Duncan,4,9:06,SAS,shot,Roger Mason,,,,,,,,,George Hill,3,,,made,,3pt,49,6
Aaron Brooks,Carl Landry,Chase Budinger,David Andersen,Kyle Lowry,DeJuan Blair,George Hill,Manu Ginobili,Roger Mason,Tim Duncan,4,8:48,HOU,shot,,,,,,,,,,Kyle Lowry,,,,missed,,jump,33,8
Aaron Brooks,Carl Landry,Chase Budinger,David Andersen,Kyle Lowry,DeJuan Blair,George Hill,Manu Ginobili,Roger Mason,Tim Duncan,4,8:47,HOU,rebound,,,,,,,,,,Kyle Lowry,,,,,,off,,
Aaron Brooks,Carl Landry,Chase Budinger,David Andersen,Kyle Lowry,DeJuan Blair,George Hill,Manu Ginobili,Roger Mason,Tim Duncan,4,8:40,HOU,shot,Kyle Lowry,,,,,,,,,Chase Budinger,3,,,made,,3pt,9,25
Aaron Brooks,Carl Landry,Chase Budinger,David Andersen,Kyle Lowry,DeJuan Blair,George Hill,Manu Ginobili,Roger Mason,Tim Duncan,4,8:28,HOU,foul,,,,,,,,Manu Ginobili,,Kyle Lowry,,,,,,personal,,
Aaron Brooks,Carl Landry,Chase Budinger,David Andersen,Kyle Lowry,DeJuan Blair,George Hill,Manu Ginobili,Roger Mason,Tim Duncan,4,8:28,SAS,timeout,,,,,,,,,,,,,,,,official,,
Aaron Brooks,Carl Landry,Chase Budinger,David Andersen,Kyle Lowry,George Hill,Manu Ginobili,Matt Bonner,Roger Mason,Tim Duncan,4,8:28,SAS,sub,,,,Matt Bonner,,DeJuan Blair,,,,,,,,,,,,
Aaron Brooks,Carl Landry,Chase Budinger,David Andersen,Kyle Lowry,George Hill,Matt Bonner,Roger Mason,Tim Duncan,Tony Parker,4,8:28,SAS,sub,,,,Tony Parker,,Manu Ginobili,,,,,,,,,,,,
Aaron Brooks,Carl Landry,Chase Budinger,David Andersen,Kyle Lowry,George Hill,Matt Bonner,Roger Mason,Tim Duncan,Tony Parker,4,8:14,SAS,shot,,,,,,,,,,Tim Duncan,2,,,made,,running bank,35,8
Aaron Brooks,Carl Landry,Chase Budinger,David Andersen,Kyle Lowry,George Hill,Matt Bonner,Roger Mason,Tim Duncan,Tony Parker,4,7:54,HOU,shot,,,,,,,,,,David Andersen,,,,missed,,jump,38,17
Aaron Brooks,Carl Landry,Chase Budinger,David Andersen,Kyle Lowry,George Hill,Matt Bonner,Roger Mason,Tim Duncan,Tony Parker,4,7:53,SAS,rebound,,,,,,,,,,Matt Bonner,,,,,,def,,
Aaron Brooks,Carl Landry,Chase Budinger,David Andersen,Kyle Lowry,George Hill,Matt Bonner,Roger Mason,Tim Duncan,Tony Parker,4,7:46,SAS,shot,,,,,,,,,,Tony Parker,2,,,made,,pullup jump,12,19
Aaron Brooks,Carl Landry,Chase Budinger,David Andersen,Kyle Lowry,George Hill,Matt Bonner,Roger Mason,Tim Duncan,Tony Parker,4,7:25,HOU,shot,,,Matt Bonner,,,,,,,Carl Landry,,,,missed,,layup,27,7
Aaron Brooks,Carl Landry,Chase Budinger,David Andersen,Kyle Lowry,George Hill,Matt Bonner,Roger Mason,Tim Duncan,Tony Parker,4,7:25,SAS,rebound,,,,,,,,,,,,,,,,,,
Carl Landry,Chase Budinger,David Andersen,Kyle Lowry,Shane Battier,George Hill,Matt Bonner,Roger Mason,Tim Duncan,Tony Parker,4,7:25,HOU,sub,,,,Shane Battier,,Aaron Brooks,,,,,,,,,,,,
Carl Landry,Chase Budinger,David Andersen,Kyle Lowry,Shane Battier,George Hill,Matt Bonner,Roger Mason,Tim Duncan,Tony Parker,4,7:06,SAS,shot,,,,,,,,,,Tim Duncan,,,,missed,,jump,26,11
Carl Landry,Chase Budinger,David Andersen,Kyle Lowry,Shane Battier,George Hill,Matt Bonner,Roger Mason,Tim Duncan,Tony Parker,4,7:05,HOU,rebound,,,,,,,,,,Carl Landry,,,,,,def,,
Carl Landry,Chase Budinger,David Andersen,Kyle Lowry,Shane Battier,George Hill,Matt Bonner,Roger Mason,Tim Duncan,Tony Parker,4,6:58,HOU,shot,Kyle Lowry,,,,,,,,,David Andersen,2,,,made,,layup,26,7
Carl Landry,Chase Budinger,David Andersen,Kyle Lowry,Shane Battier,George Hill,Matt Bonner,Roger Mason,Tim Duncan,Tony Parker,4,6:48,HOU,foul,,,,,,,,Tony Parker,,David Andersen,,,,,,shooting,,
Carl Landry,Chase Budinger,David Andersen,Kyle Lowry,Shane Battier,George Hill,Matt Bonner,Roger Mason,Tim Duncan,Tony Parker,4,6:48,SAS,free throw,,,,,,,1,,2,Tony Parker,,,foul,made,,,,
Carl Landry,Chase Budinger,David Andersen,Kyle Lowry,Shane Battier,George Hill,Matt Bonner,Roger Mason,Tim Duncan,Tony Parker,4,6:48,SAS,free throw,,,,,,,2,,2,Tony Parker,,,foul,made,,,,
Carl Landry,Chase Budinger,David Andersen,Kyle Lowry,Shane Battier,George Hill,Matt Bonner,Roger Mason,Tim Duncan,Tony Parker,4,6:28,HOU,shot,,,,,,,,,,David Andersen,,,,missed,,3pt,10,25
Carl Landry,Chase Budinger,David Andersen,Kyle Lowry,Shane Battier,George Hill,Matt Bonner,Roger Mason,Tim Duncan,Tony Parker,4,6:28,SAS,rebound,,,,,,,,,,,,,,,,,,
Carl Landry,Chase Budinger,David Andersen,Kyle Lowry,Shane Battier,George Hill,Matt Bonner,Roger Mason,Tim Duncan,Tony Parker,4,6:28,HOU,foul,,,,,,,,George Hill,,Shane Battier,,,,,,loose ball,,
Carl Landry,Chase Budinger,David Andersen,Kyle Lowry,Shane Battier,George Hill,Matt Bonner,Roger Mason,Tim Duncan,Tony Parker,4,6:28,SAS,free throw,,,,,,,1,,2,George Hill,,,foul,made,,,,
Chase Budinger,David Andersen,Kyle Lowry,Luis Scola,Shane Battier,George Hill,Matt Bonner,Roger Mason,Tim Duncan,Tony Parker,4,6:28,HOU,sub,,,,Luis Scola,,Carl Landry,,,,,,,,,,,,
Chase Budinger,Kyle Lowry,Luis Scola,Shane Battier,Trevor Ariza,George Hill,Matt Bonner,Roger Mason,Tim Duncan,Tony Parker,4,6:28,HOU,sub,,,,Trevor Ariza,,David Andersen,,,,,,,,,,,,
Chase Budinger,Kyle Lowry,Luis Scola,Shane Battier,Trevor Ariza,George Hill,Matt Bonner,Roger Mason,Tim Duncan,Tony Parker,4,6:28,SAS,free throw,,,,,,,2,,2,George Hill,,,foul,made,,,,
Chase Budinger,Kyle Lowry,Luis Scola,Shane Battier,Trevor Ariza,George Hill,Matt Bonner,Roger Mason,Tim Duncan,Tony Parker,4,6:12,HOU,shot,Luis Scola,,,,,,,,,Kyle Lowry,3,,,made,,3pt,8,25
Chase Budinger,Kyle Lowry,Luis Scola,Shane Battier,Trevor Ariza,George Hill,Matt Bonner,Roger Mason,Tim Duncan,Tony Parker,4,5:50,SAS,shot,Roger Mason,,,,,,,,,George Hill,3,,,made,,3pt,48,6
Chase Budinger,Kyle Lowry,Luis Scola,Shane Battier,Trevor Ariza,George Hill,Matt Bonner,Roger Mason,Tim Duncan,Tony Parker,4,5:39,SAS,foul,,,,,,,,Luis Scola,,Tim Duncan,,,,,,personal,,
Chase Budinger,Kyle Lowry,Luis Scola,Shane Battier,Trevor Ariza,George Hill,Matt Bonner,Roger Mason,Tim Duncan,Tony Parker,4,5:39,SAS,timeout,,,,,,,,,,,,,,,,regular,,
Chase Budinger,Kyle Lowry,Luis Scola,Shane Battier,Trevor Ariza,George Hill,Matt Bonner,Roger Mason,Tim Duncan,Tony Parker,4,5:30,HOU,shot,Trevor Ariza,,,,,,,,,Kyle Lowry,3,,,made,,3pt,1,7
Chase Budinger,Kyle Lowry,Luis Scola,Shane Battier,Trevor Ariza,George Hill,Matt Bonner,Roger Mason,Tim Duncan,Tony Parker,4,5:18,SAS,shot,,,,,,,,,,Tony Parker,2,,,made,,reverse layup,26,6
Chase Budinger,Kyle Lowry,Luis Scola,Shane Battier,Trevor Ariza,George Hill,Matt Bonner,Roger Mason,Tim Duncan,Tony Parker,4,5:04,SAS,violation,,,,,,,,,,Matt Bonner,,,,,,kicked ball,,
Chase Budinger,Kyle Lowry,Luis Scola,Shane Battier,Trevor Ariza,George Hill,Richard Jefferson,Roger Mason,Tim Duncan,Tony Parker,4,5:04,SAS,sub,,,,Richard Jefferson,,Matt Bonner,,,,,,,,,,,,
Aaron Brooks,Kyle Lowry,Luis Scola,Shane Battier,Trevor Ariza,George Hill,Richard Jefferson,Roger Mason,Tim Duncan,Tony Parker,4,5:04,HOU,sub,,,,Aaron Brooks,,Chase Budinger,,,,,,,,,,,,
Aaron Brooks,Kyle Lowry,Luis Scola,Shane Battier,Trevor Ariza,George Hill,Richard Jefferson,Roger Mason,Tim Duncan,Tony Parker,4,4:58,SAS,foul,,,,,,,,Kyle Lowry,,Roger Mason,,,,,,shooting,,
Aaron Brooks,Kyle Lowry,Luis Scola,Shane Battier,Trevor Ariza,George Hill,Richard Jefferson,Roger Mason,Tim Duncan,Tony Parker,4,4:58,HOU,free throw,,,,,,,1,,2,Kyle Lowry,,,foul,missed,,,,
Aaron Brooks,Kyle Lowry,Luis Scola,Shane Battier,Trevor Ariza,George Hill,Richard Jefferson,Roger Mason,Tim Duncan,Tony Parker,4,4:58,HOU,rebound,,,,,,,,,,,,,,,,,,
Aaron Brooks,Kyle Lowry,Luis Scola,Shane Battier,Trevor Ariza,George Hill,Manu Ginobili,Richard Jefferson,Tim Duncan,Tony Parker,4,4:58,SAS,sub,,,,Manu Ginobili,,Roger Mason,,,,,,,,,,,,
Aaron Brooks,Kyle Lowry,Luis Scola,Shane Battier,Trevor Ariza,George Hill,Manu Ginobili,Richard Jefferson,Tim Duncan,Tony Parker,4,4:58,HOU,free throw,,,,,,,2,,2,Kyle Lowry,,,foul,made,,,,
Aaron Brooks,Kyle Lowry,Luis Scola,Shane Battier,Trevor Ariza,George Hill,Manu Ginobili,Richard Jefferson,Tim Duncan,Tony Parker,4,4:53,SAS,shot,,,,,,,,,,Tony Parker,2,,,made,,driving layup,22,7
Aaron Brooks,Kyle Lowry,Luis Scola,Shane Battier,Trevor Ariza,George Hill,Manu Ginobili,Richard Jefferson,Tim Duncan,Tony Parker,4,4:33,HOU,turnover,,,,,,,,,,Kyle Lowry,,,bad pass,,,,,
Aaron Brooks,Kyle Lowry,Luis Scola,Shane Battier,Trevor Ariza,George Hill,Manu Ginobili,Richard Jefferson,Tim Duncan,Tony Parker,4,4:14,SAS,shot,,,,,,,,,,Tony Parker,,,,missed,,jump,10,21
Aaron Brooks,Kyle Lowry,Luis Scola,Shane Battier,Trevor Ariza,George Hill,Manu Ginobili,Richard Jefferson,Tim Duncan,Tony Parker,4,4:13,HOU,rebound,,,,,,,,,,Trevor Ariza,,,,,,def,,
Aaron Brooks,Kyle Lowry,Luis Scola,Shane Battier,Trevor Ariza,George Hill,Manu Ginobili,Richard Jefferson,Tim Duncan,Tony Parker,4,3:48,HOU,shot,,,,,,,,,,Aaron Brooks,,,,missed,,3pt,8,24
Aaron Brooks,Kyle Lowry,Luis Scola,Shane Battier,Trevor Ariza,George Hill,Manu Ginobili,Richard Jefferson,Tim Duncan,Tony Parker,4,3:46,SAS,rebound,,,,,,,,,,Tony Parker,,,,,,def,,
Aaron Brooks,Kyle Lowry,Luis Scola,Shane Battier,Trevor Ariza,George Hill,Manu Ginobili,Richard Jefferson,Tim Duncan,Tony Parker,4,3:35,SAS,shot,George Hill,,,,,,,,,Richard Jefferson,3,,,made,,3pt,10,26
Aaron Brooks,Kyle Lowry,Luis Scola,Shane Battier,Trevor Ariza,George Hill,Manu Ginobili,Richard Jefferson,Tim Duncan,Tony Parker,4,3:34,HOU,timeout,,,,,,,,,,,,,,,,regular,,
Aaron Brooks,Carl Landry,Kyle Lowry,Shane Battier,Trevor Ariza,George Hill,Manu Ginobili,Richard Jefferson,Tim Duncan,Tony Parker,4,3:34,HOU,sub,,,,Carl Landry,,Luis Scola,,,,,,,,,,,,
Aaron Brooks,Carl Landry,Kyle Lowry,Shane Battier,Trevor Ariza,George Hill,Manu Ginobili,Richard Jefferson,Tim Duncan,Tony Parker,4,3:21,HOU,shot,,,,,,,,,,Aaron Brooks,2,,,made,,driving layup,24,7
Aaron Brooks,Carl Landry,Kyle Lowry,Shane Battier,Trevor Ariza,George Hill,Manu Ginobili,Richard Jefferson,Tim Duncan,Tony Parker,4,3:08,SAS,shot,Manu Ginobili,,,,,,,,,Tim Duncan,2,,,made,,layup,24,6
Aaron Brooks,Carl Landry,Kyle Lowry,Shane Battier,Trevor Ariza,George Hill,Manu Ginobili,Richard Jefferson,Tim Duncan,Tony Parker,4,3:08,HOU,foul,,,,,,,,Tim Duncan,,Kyle Lowry,,,,,,shooting,,
Aaron Brooks,Carl Landry,Kyle Lowry,Shane Battier,Trevor Ariza,George Hill,Manu Ginobili,Richard Jefferson,Tim Duncan,Tony Parker,4,3:08,SAS,free throw,,,,,,,1,,1,Tim Duncan,,,foul,made,,,,
Aaron Brooks,Carl Landry,Kyle Lowry,Shane Battier,Trevor Ariza,George Hill,Manu Ginobili,Richard Jefferson,Tim Duncan,Tony Parker,4,2:48,HOU,shot,,,,,,,,,,Trevor Ariza,,,,missed,,jump,28,7
Aaron Brooks,Carl Landry,Kyle Lowry,Shane Battier,Trevor Ariza,George Hill,Manu Ginobili,Richard Jefferson,Tim Duncan,Tony Parker,4,2:47,SAS,rebound,,,,,,,,,,Tim Duncan,,,,,,def,,
Aaron Brooks,Carl Landry,Kyle Lowry,Shane Battier,Trevor Ariza,George Hill,Manu Ginobili,Richard Jefferson,Tim Duncan,Tony Parker,4,2:41,SAS,shot,,,,,,,,,,Manu Ginobili,,,,missed,,3pt,3,19
Aaron Brooks,Carl Landry,Kyle Lowry,Shane Battier,Trevor Ariza,George Hill,Manu Ginobili,Richard Jefferson,Tim Duncan,Tony Parker,4,2:40,HOU,rebound,,,,,,,,,,Shane Battier,,,,,,def,,
Aaron Brooks,Carl Landry,Kyle Lowry,Shane Battier,Trevor Ariza,George Hill,Manu Ginobili,Richard Jefferson,Tim Duncan,Tony Parker,4,2:31,SAS,violation,,,,,,,,,,Tim Duncan,,,,,,kicked ball,,
Aaron Brooks,Carl Landry,Kyle Lowry,Shane Battier,Trevor Ariza,George Hill,Manu Ginobili,Richard Jefferson,Tim Duncan,Tony Parker,4,2:25,HOU,shot,,,,,,,,,,Aaron Brooks,2,,,made,,driving layup,23,6
Aaron Brooks,Carl Landry,Kyle Lowry,Shane Battier,Trevor Ariza,George Hill,Manu Ginobili,Richard Jefferson,Tim Duncan,Tony Parker,4,2:10,HOU,foul,,,,,,,,Tim Duncan,,Carl Landry,,,,,,shooting,,
Aaron Brooks,Carl Landry,Kyle Lowry,Shane Battier,Trevor Ariza,George Hill,Manu Ginobili,Richard Jefferson,Tim Duncan,Tony Parker,4,2:10,SAS,free throw,,,,,,,1,,2,Tim Duncan,,,foul,made,,,,
Aaron Brooks,Carl Landry,Kyle Lowry,Shane Battier,Trevor Ariza,George Hill,Manu Ginobili,Richard Jefferson,Tim Duncan,Tony Parker,4,2:10,SAS,free throw,,,,,,,2,,2,Tim Duncan,,,foul,made,,,,
Aaron Brooks,Carl Landry,Kyle Lowry,Shane Battier,Trevor Ariza,George Hill,Manu Ginobili,Richard Jefferson,Tim Duncan,Tony Parker,4,2:10,SAS,foul,,,,,,,,Aaron Brooks,,Tony Parker,,,,,,personal,,
Aaron Brooks,Carl Landry,Kyle Lowry,Shane Battier,Trevor Ariza,George Hill,Manu Ginobili,Richard Jefferson,Tim Duncan,Tony Parker,4,1:55,SAS,foul,,,,,,,,Carl Landry,,Manu Ginobili,,,,,,shooting,,
Aaron Brooks,Carl Landry,Kyle Lowry,Shane Battier,Trevor Ariza,George Hill,Manu Ginobili,Richard Jefferson,Tim Duncan,Tony Parker,4,1:55,HOU,free throw,,,,,,,1,,2,Carl Landry,,,foul,made,,,,
Aaron Brooks,Carl Landry,Kyle Lowry,Shane Battier,Trevor Ariza,George Hill,Manu Ginobili,Richard Jefferson,Tim Duncan,Tony Parker,4,1:55,HOU,free throw,,,,,,,2,,2,Carl Landry,,,foul,made,,,,
Aaron Brooks,Carl Landry,Kyle Lowry,Shane Battier,Trevor Ariza,George Hill,Manu Ginobili,Richard Jefferson,Tim Duncan,Tony Parker,4,1:42,SAS,shot,,,,,,,,,,Tim Duncan,,,,missed,,layup,24,6
Aaron Brooks,Carl Landry,Kyle Lowry,Shane Battier,Trevor Ariza,George Hill,Manu Ginobili,Richard Jefferson,Tim Duncan,Tony Parker,4,1:41,SAS,rebound,,,,,,,,,,Tim Duncan,,,,,,off,,
Aaron Brooks,Carl Landry,Kyle Lowry,Shane Battier,Trevor Ariza,George Hill,Manu Ginobili,Richard Jefferson,Tim Duncan,Tony Parker,4,1:39,SAS,shot,,,,,,,,,,Tim Duncan,,,,missed,,layup,26,6
Aaron Brooks,Carl Landry,Kyle Lowry,Shane Battier,Trevor Ariza,George Hill,Manu Ginobili,Richard Jefferson,Tim Duncan,Tony Parker,4,1:39,SAS,rebound,,,,,,,,,,Tim Duncan,,,,,,off,,
Aaron Brooks,Carl Landry,Kyle Lowry,Shane Battier,Trevor Ariza,George Hill,Manu Ginobili,Richard Jefferson,Tim Duncan,Tony Parker,4,1:39,HOU,foul,,,,,,,,Tim Duncan,,Shane Battier,,,,,,personal,,
Aaron Brooks,Carl Landry,Kyle Lowry,Shane Battier,Trevor Ariza,George Hill,Manu Ginobili,Richard Jefferson,Tim Duncan,Tony Parker,4,1:39,SAS,free throw,,,,,,,1,,2,Tim Duncan,,,foul,made,,,,
Aaron Brooks,Carl Landry,Kyle Lowry,Shane Battier,Trevor Ariza,George Hill,Manu Ginobili,Richard Jefferson,Tim Duncan,Tony Parker,4,1:39,SAS,free throw,,,,,,,2,,2,Tim Duncan,,,foul,made,,,,
Aaron Brooks,Carl Landry,Kyle Lowry,Shane Battier,Trevor Ariza,George Hill,Manu Ginobili,Richard Jefferson,Tim Duncan,Tony Parker,4,1:19,HOU,shot,Aaron Brooks,,,,,,,,,Carl Landry,2,,,made,,layup,24,6
Aaron Brooks,Carl Landry,Kyle Lowry,Shane Battier,Trevor Ariza,George Hill,Manu Ginobili,Richard Jefferson,Tim Duncan,Tony Parker,4,1:12,SAS,shot,Tony Parker,,,,,,,,,Tim Duncan,2,,,made,,layup,27,6
Aaron Brooks,Carl Landry,Kyle Lowry,Shane Battier,Trevor Ariza,George Hill,Manu Ginobili,Richard Jefferson,Tim Duncan,Tony Parker,4,0:49,HOU,shot,,,,,,,,,,Kyle Lowry,,,,missed,,jump,28,6
Aaron Brooks,Carl Landry,Kyle Lowry,Shane Battier,Trevor Ariza,George Hill,Manu Ginobili,Richard Jefferson,Tim Duncan,Tony Parker,4,0:47,SAS,rebound,,,,,,,,,,Richard Jefferson,,,,,,def,,
Aaron Brooks,Carl Landry,Kyle Lowry,Shane Battier,Trevor Ariza,George Hill,Manu Ginobili,Richard Jefferson,Tim Duncan,Tony Parker,4,0:36,SAS,shot,,,,,,,,,,Richard Jefferson,,,,missed,,jump,25,11
Aaron Brooks,Carl Landry,Kyle Lowry,Shane Battier,Trevor Ariza,George Hill,Manu Ginobili,Richard Jefferson,Tim Duncan,Tony Parker,4,0:35,HOU,rebound,,,,,,,,,,Kyle Lowry,,,,,,def,,
Aaron Brooks,Carl Landry,Kyle Lowry,Shane Battier,Trevor Ariza,George Hill,Manu Ginobili,Richard Jefferson,Tim Duncan,Tony Parker,4,0:33,SAS,foul,,,,,,,,Aaron Brooks,,George Hill,,,,,,personal,,
Aaron Brooks,Carl Landry,Kyle Lowry,Shane Battier,Trevor Ariza,George Hill,Manu Ginobili,Richard Jefferson,Tim Duncan,Tony Parker,4,0:33,HOU,free throw,,,,,,,1,,2,Aaron Brooks,,,foul,made,,,,
Aaron Brooks,Carl Landry,Kyle Lowry,Shane Battier,Trevor Ariza,George Hill,Manu Ginobili,Richard Jefferson,Tim Duncan,Tony Parker,4,0:33,HOU,free throw,,,,,,,2,,2,Aaron Brooks,,,foul,made,,,,
Aaron Brooks,Carl Landry,Kyle Lowry,Shane Battier,Trevor Ariza,George Hill,Manu Ginobili,Richard Jefferson,Tim Duncan,Tony Parker,4,0:33,SAS,timeout,,,,,,,,,,,,,,,,regular,,
Aaron Brooks,Carl Landry,Kyle Lowry,Shane Battier,Trevor Ariza,George Hill,Manu Ginobili,Richard Jefferson,Tim Duncan,Tony Parker,4,0:25,HOU,foul,,,,,,,,Tim Duncan,,Shane Battier,,,,,,shooting,,
Aaron Brooks,Carl Landry,Kyle Lowry,Shane Battier,Trevor Ariza,George Hill,Manu Ginobili,Richard Jefferson,Tim Duncan,Tony Parker,4,0:25,SAS,free throw,,,,,,,1,,2,Tim Duncan,,,foul,made,,,,
Aaron Brooks,Carl Landry,Kyle Lowry,Shane Battier,Trevor Ariza,George Hill,Manu Ginobili,Richard Jefferson,Tim Duncan,Tony Parker,4,0:25,SAS,free throw,,,,,,,2,,2,Tim Duncan,,,foul,made,,,,
Aaron Brooks,Carl Landry,Kyle Lowry,Shane Battier,Trevor Ariza,George Hill,Manu Ginobili,Richard Jefferson,Tim Duncan,Tony Parker,4,0:18,SAS,foul,,,,,,,,Aaron Brooks,,Manu Ginobili,,,,,,personal,,
Aaron Brooks,Carl Landry,Kyle Lowry,Shane Battier,Trevor Ariza,George Hill,Manu Ginobili,Richard Jefferson,Tim Duncan,Tony Parker,4,0:18,HOU,free throw,,,,,,,1,,2,Aaron Brooks,,,foul,missed,,,,
Aaron Brooks,Carl Landry,Kyle Lowry,Shane Battier,Trevor Ariza,George Hill,Manu Ginobili,Richard Jefferson,Tim Duncan,Tony Parker,4,0:18,HOU,rebound,,,,,,,,,,,,,,,,,,
Aaron Brooks,Carl Landry,Kyle Lowry,Shane Battier,Trevor Ariza,George Hill,Manu Ginobili,Richard Jefferson,Tim Duncan,Tony Parker,4,0:18,HOU,free throw,,,,,,,2,,2,Aaron Brooks,,,foul,made,,,,
Aaron Brooks,Carl Landry,Kyle Lowry,Shane Battier,Trevor Ariza,George Hill,Manu Ginobili,Richard Jefferson,Tim Duncan,Tony Parker,4,0:18,SAS,timeout,,,,,,,,,,,,,,,,short,,
Aaron Brooks,Carl Landry,Kyle Lowry,Shane Battier,Trevor Ariza,George Hill,Manu Ginobili,Richard Jefferson,Tim Duncan,Tony Parker,4,0:14,SAS,turnover,,,,,,,,,,Manu Ginobili,,,poss lost ball turnover,,,,,
Aaron Brooks,Carl Landry,Kyle Lowry,Shane Battier,Trevor Ariza,George Hill,Manu Ginobili,Richard Jefferson,Tim Duncan,Tony Parker,4,0:12,SAS,foul,,,,,,,,Kyle Lowry,,Tony Parker,,,,,,personal,,
Aaron Brooks,Carl Landry,Kyle Lowry,Shane Battier,Trevor Ariza,George Hill,Manu Ginobili,Richard Jefferson,Tim Duncan,Tony Parker,4,0:12,HOU,free throw,,,,,,,1,,2,Kyle Lowry,,,foul,made,,,,
Aaron Brooks,Carl Landry,Kyle Lowry,Shane Battier,Trevor Ariza,George Hill,Manu Ginobili,Richard Jefferson,Tim Duncan,Tony Parker,4,0:12,HOU,free throw,,,,,,,2,,2,Kyle Lowry,,,foul,made,,,,
Aaron Brooks,Carl Landry,Kyle Lowry,Shane Battier,Trevor Ariza,George Hill,Manu Ginobili,Richard Jefferson,Tim Duncan,Tony Parker,4,0:02,SAS,shot,,,,,,,,,,George Hill,,,,missed,,3pt,8,24
Aaron Brooks,Carl Landry,Kyle Lowry,Shane Battier,Trevor Ariza,George Hill,Manu Ginobili,Richard Jefferson,Tim Duncan,Tony Parker,4,0:01,HOU,rebound,,,,,,,,,,Kyle Lowry,,,,,,def,,
