a1,a2,a3,a4,a5,h1,h2,h3,h4,h5,period,time,team,etype,assist,away,block,entered,home,left,num,opponent,outof,player,points,possession,reason,result,steal,type,x,y
Amare Stoudemire,Grant Hill,Leandro Barbosa,Robin Lopez,Steve Nash,Marc Gasol,Mike Conley,O.J. Mayo,Rudy Gay,Zach Randolph,1,12:00,OFF,jump ball,,Robin Lopez,,,Marc Gasol,,,,,,,Rudy Gay,,,,,,
Amare Stoudemire,Grant Hill,Leandro Barbosa,Robin Lopez,Steve Nash,Marc Gasol,Mike Conley,O.J. Mayo,Rudy Gay,Zach Randolph,1,11:51,PHX,foul,,,,,,,,Marc Gasol,,Robin Lopez,,,,,,personal,,
Amare Stoudemire,Grant Hill,Leandro Barbosa,Robin Lopez,Steve Nash,Marc Gasol,Mike Conley,O.J. Mayo,Rudy Gay,Zach Randolph,1,11:37,MEM,shot,,,,,,,,,,Mike Conley,,,,missed,,pullup jump,35,24
Amare Stoudemire,Grant Hill,Leandro Barbosa,Robin Lopez,Steve Nash,Marc Gasol,Mike Conley,O.J. Mayo,Rudy Gay,Zach Randolph,1,11:35,PHX,rebound,,,,,,,,,,Amare Stoudemire,,,,,,def,,
Amare Stoudemire,Grant Hill,Leandro Barbosa,Robin Lopez,Steve Nash,Marc Gasol,Mike Conley,O.J. Mayo,Rudy Gay,Zach Randolph,1,11:22,PHX,shot,,,,,,,,,,Steve Nash,2,,,made,,running layup,25,6
Amare Stoudemire,Grant Hill,Leandro Barbosa,Robin Lopez,Steve Nash,Marc Gasol,Mike Conley,O.J. Mayo,Rudy Gay,Zach Randolph,1,11:08,MEM,turnover,,,,,,,,,,Zach Randolph,,,lost ball,,Amare Stoudemire,,,
Amare Stoudemire,Grant Hill,Leandro Barbosa,Robin Lopez,Steve Nash,Marc Gasol,Mike Conley,O.J. Mayo,Rudy Gay,Zach Randolph,1,11:00,PHX,shot,,,,,,,,,,Leandro Barbosa,,,,missed,,running layup,25,6
Amare Stoudemire,Grant Hill,Leandro Barbosa,Robin Lopez,Steve Nash,Marc Gasol,Mike Conley,O.J. Mayo,Rudy Gay,Zach Randolph,1,10:58,PHX,rebound,,,,,,,,,,Robin Lopez,,,,,,off,,
Amare Stoudemire,Grant Hill,Leandro Barbosa,Robin Lopez,Steve Nash,Marc Gasol,Mike Conley,O.J. Mayo,Rudy Gay,Zach Randolph,1,10:58,PHX,shot,,,,,,,,,,Robin Lopez,2,,,made,,dunk,25,6
Amare Stoudemire,Grant Hill,Leandro Barbosa,Robin Lopez,Steve Nash,Marc Gasol,Mike Conley,O.J. Mayo,Rudy Gay,Zach Randolph,1,10:49,MEM,shot,,,,,,,,,,Rudy Gay,,,,missed,,pullup jump,5,7
Amare Stoudemire,Grant Hill,Leandro Barbosa,Robin Lopez,Steve Nash,Marc Gasol,Mike Conley,O.J. Mayo,Rudy Gay,Zach Randolph,1,10:47,MEM,rebound,,,,,,,,,,Marc Gasol,,,,,,off,,
Amare Stoudemire,Grant Hill,Leandro Barbosa,Robin Lopez,Steve Nash,Marc Gasol,Mike Conley,O.J. Mayo,Rudy Gay,Zach Randolph,1,10:39,MEM,shot,Marc Gasol,,,,,,,,,Zach Randolph,2,,,made,,jump,23,10
Amare Stoudemire,Grant Hill,Leandro Barbosa,Robin Lopez,Steve Nash,Marc Gasol,Mike Conley,O.J. Mayo,Rudy Gay,Zach Randolph,1,10:28,PHX,turnover,,,,,,,,,,Amare Stoudemire,,,bad pass,,,,,
Amare Stoudemire,Grant Hill,Leandro Barbosa,Robin Lopez,Steve Nash,Marc Gasol,Mike Conley,O.J. Mayo,Rudy Gay,Zach Randolph,1,10:12,MEM,shot,,,,,,,,,,O.J. Mayo,,,,missed,,3pt,49,8
Amare Stoudemire,Grant Hill,Leandro Barbosa,Robin Lopez,Steve Nash,Marc Gasol,Mike Conley,O.J. Mayo,Rudy Gay,Zach Randolph,1,10:10,MEM,rebound,,,,,,,,,,,,,,,,,,
Amare Stoudemire,Grant Hill,Leandro Barbosa,Robin Lopez,Steve Nash,Marc Gasol,Mike Conley,O.J. Mayo,Rudy Gay,Zach Randolph,1,10:08,MEM,shot,,,Amare Stoudemire,,,,,,,Zach Randolph,,,,missed,,layup,25,6
Amare Stoudemire,Grant Hill,Leandro Barbosa,Robin Lopez,Steve Nash,Marc Gasol,Mike Conley,O.J. Mayo,Rudy Gay,Zach Randolph,1,10:07,PHX,rebound,,,,,,,,,,Grant Hill,,,,,,def,,
Amare Stoudemire,Grant Hill,Leandro Barbosa,Robin Lopez,Steve Nash,Marc Gasol,Mike Conley,O.J. Mayo,Rudy Gay,Zach Randolph,1,10:02,PHX,shot,,,Marc Gasol,,,,,,,Grant Hill,,,,missed,,layup,25,6
Amare Stoudemire,Grant Hill,Leandro Barbosa,Robin Lopez,Steve Nash,Marc Gasol,Mike Conley,O.J. Mayo,Rudy Gay,Zach Randolph,1,9:58,MEM,rebound,,,,,,,,,,Zach Randolph,,,,,,def,,
Amare Stoudemire,Grant Hill,Leandro Barbosa,Robin Lopez,Steve Nash,Marc Gasol,Mike Conley,O.J. Mayo,Rudy Gay,Zach Randolph,1,9:46,MEM,shot,,,Robin Lopez,,,,,,,Rudy Gay,,,,missed,,layup,25,6
Amare Stoudemire,Grant Hill,Leandro Barbosa,Robin Lopez,Steve Nash,Marc Gasol,Mike Conley,O.J. Mayo,Rudy Gay,Zach Randolph,1,9:43,PHX,rebound,,,,,,,,,,Steve Nash,,,,,,def,,
Amare Stoudemire,Grant Hill,Leandro Barbosa,Robin Lopez,Steve Nash,Marc Gasol,Mike Conley,O.J. Mayo,Rudy Gay,Zach Randolph,1,9:38,PHX,shot,,,,,,,,,,Steve Nash,2,,,made,,pullup jump,18,18
Amare Stoudemire,Grant Hill,Leandro Barbosa,Robin Lopez,Steve Nash,Marc Gasol,Mike Conley,O.J. Mayo,Rudy Gay,Zach Randolph,1,9:17,MEM,shot,,,,,,,,,,O.J. Mayo,,,,missed,,pullup jump,39,13
Amare Stoudemire,Grant Hill,Leandro Barbosa,Robin Lopez,Steve Nash,Marc Gasol,Mike Conley,O.J. Mayo,Rudy Gay,Zach Randolph,1,9:15,MEM,rebound,,,,,,,,,,Rudy Gay,,,,,,off,,
Amare Stoudemire,Grant Hill,Leandro Barbosa,Robin Lopez,Steve Nash,Marc Gasol,Mike Conley,O.J. Mayo,Rudy Gay,Zach Randolph,1,9:10,MEM,shot,,,,,,,,,,Rudy Gay,2,,,made,,turnaround jump,17,12
Amare Stoudemire,Grant Hill,Leandro Barbosa,Robin Lopez,Steve Nash,Marc Gasol,Mike Conley,O.J. Mayo,Rudy Gay,Zach Randolph,1,9:01,PHX,shot,,,,,,,,,,Grant Hill,2,,,made,,pullup jump,40,14
Amare Stoudemire,Grant Hill,Leandro Barbosa,Robin Lopez,Steve Nash,Marc Gasol,Mike Conley,O.J. Mayo,Rudy Gay,Zach Randolph,1,8:47,MEM,shot,,,,,,,,,,Zach Randolph,,,,missed,,3pt,11,28
Amare Stoudemire,Grant Hill,Leandro Barbosa,Robin Lopez,Steve Nash,Marc Gasol,Mike Conley,O.J. Mayo,Rudy Gay,Zach Randolph,1,8:46,PHX,rebound,,,,,,,,,,Amare Stoudemire,,,,,,def,,
Amare Stoudemire,Grant Hill,Leandro Barbosa,Robin Lopez,Steve Nash,Marc Gasol,Mike Conley,O.J. Mayo,Rudy Gay,Zach Randolph,1,8:36,PHX,shot,,,,,,,,,,Steve Nash,,,,missed,,pullup jump,24,19
Amare Stoudemire,Grant Hill,Leandro Barbosa,Robin Lopez,Steve Nash,Marc Gasol,Mike Conley,O.J. Mayo,Rudy Gay,Zach Randolph,1,8:33,PHX,rebound,,,,,,,,,,Robin Lopez,,,,,,off,,
Amare Stoudemire,Grant Hill,Leandro Barbosa,Robin Lopez,Steve Nash,Marc Gasol,Mike Conley,O.J. Mayo,Rudy Gay,Zach Randolph,1,8:33,PHX,shot,,,,,,,,,,Robin Lopez,2,,,made,,jump bank,21,11
Amare Stoudemire,Grant Hill,Leandro Barbosa,Robin Lopez,Steve Nash,Marc Gasol,Mike Conley,O.J. Mayo,Rudy Gay,Zach Randolph,1,8:28,MEM,timeout,,,,,,,,,,,,,,,,regular,,
Amare Stoudemire,Grant Hill,Leandro Barbosa,Robin Lopez,Steve Nash,Marc Gasol,Mike Conley,O.J. Mayo,Rudy Gay,Zach Randolph,1,8:22,MEM,shot,Marc Gasol,,,,,,,,,Mike Conley,3,,,made,,3pt,2,6
Amare Stoudemire,Grant Hill,Leandro Barbosa,Robin Lopez,Steve Nash,Marc Gasol,Mike Conley,O.J. Mayo,Rudy Gay,Zach Randolph,1,8:04,MEM,foul,,,,,,,,Amare Stoudemire,,Marc Gasol,,,,,,shooting,,
Amare Stoudemire,Grant Hill,Leandro Barbosa,Robin Lopez,Steve Nash,Marc Gasol,Mike Conley,O.J. Mayo,Rudy Gay,Zach Randolph,1,8:04,PHX,free throw,,,,,,,1,,2,Amare Stoudemire,,,foul,missed,,,,
Amare Stoudemire,Grant Hill,Leandro Barbosa,Robin Lopez,Steve Nash,Marc Gasol,Mike Conley,O.J. Mayo,Rudy Gay,Zach Randolph,1,8:04,PHX,rebound,,,,,,,,,,,,,,,,,,
Amare Stoudemire,Grant Hill,Leandro Barbosa,Robin Lopez,Steve Nash,Marc Gasol,Mike Conley,O.J. Mayo,Rudy Gay,Zach Randolph,1,8:04,PHX,free throw,,,,,,,2,,2,Amare Stoudemire,,,foul,missed,,,,
Amare Stoudemire,Grant Hill,Leandro Barbosa,Robin Lopez,Steve Nash,Marc Gasol,Mike Conley,O.J. Mayo,Rudy Gay,Zach Randolph,1,8:03,MEM,rebound,,,,,,,,,,Zach Randolph,,,,,,def,,
Amare Stoudemire,Grant Hill,Leandro Barbosa,Robin Lopez,Steve Nash,Marc Gasol,Mike Conley,O.J. Mayo,Rudy Gay,Zach Randolph,1,7:49,MEM,shot,,,,,,,,,,O.J. Mayo,,,,missed,,driving layup,25,6
Amare Stoudemire,Grant Hill,Leandro Barbosa,Robin Lopez,Steve Nash,Marc Gasol,Mike Conley,O.J. Mayo,Rudy Gay,Zach Randolph,1,7:47,PHX,rebound,,,,,,,,,,Grant Hill,,,,,,def,,
Amare Stoudemire,Grant Hill,Leandro Barbosa,Robin Lopez,Steve Nash,Marc Gasol,Mike Conley,O.J. Mayo,Rudy Gay,Zach Randolph,1,7:44,PHX,shot,,,,,,,,,,Steve Nash,2,,,made,,driving layup,25,6
Amare Stoudemire,Grant Hill,Leandro Barbosa,Robin Lopez,Steve Nash,Marc Gasol,Mike Conley,O.J. Mayo,Rudy Gay,Zach Randolph,1,7:32,MEM,shot,,,Steve Nash,,,,,,,Mike Conley,,,,missed,,layup,25,6
Amare Stoudemire,Grant Hill,Leandro Barbosa,Robin Lopez,Steve Nash,Marc Gasol,Mike Conley,O.J. Mayo,Rudy Gay,Zach Randolph,1,7:32,MEM,rebound,,,,,,,,,,,,,,,,,,
Amare Stoudemire,Grant Hill,Leandro Barbosa,Robin Lopez,Steve Nash,Marc Gasol,Mike Conley,O.J. Mayo,Rudy Gay,Zach Randolph,1,7:29,PHX,foul,,,,,,,,Marc Gasol,,Robin Lopez,,,,,,shooting,,
Amare Stoudemire,Grant Hill,Leandro Barbosa,Robin Lopez,Steve Nash,Marc Gasol,Mike Conley,O.J. Mayo,Rudy Gay,Zach Randolph,1,7:29,MEM,free throw,,,,,,,1,,2,Marc Gasol,,,foul,made,,,,
Amare Stoudemire,Grant Hill,Leandro Barbosa,Robin Lopez,Steve Nash,Marc Gasol,Mike Conley,O.J. Mayo,Rudy Gay,Zach Randolph,1,7:29,MEM,free throw,,,,,,,2,,2,Marc Gasol,,,foul,made,,,,
Amare Stoudemire,Grant Hill,Leandro Barbosa,Robin Lopez,Steve Nash,Marc Gasol,Mike Conley,O.J. Mayo,Rudy Gay,Zach Randolph,1,7:16,PHX,shot,,,,,,,,,,Amare Stoudemire,,,,missed,,jump,24,25
Amare Stoudemire,Grant Hill,Leandro Barbosa,Robin Lopez,Steve Nash,Marc Gasol,Mike Conley,O.J. Mayo,Rudy Gay,Zach Randolph,1,7:15,MEM,rebound,,,,,,,,,,O.J. Mayo,,,,,,def,,
Amare Stoudemire,Grant Hill,Leandro Barbosa,Robin Lopez,Steve Nash,Marc Gasol,Mike Conley,O.J. Mayo,Rudy Gay,Zach Randolph,1,7:06,MEM,shot,,,,,,,,,,Rudy Gay,2,,,made,,pullup jump,25,14
Amare Stoudemire,Grant Hill,Leandro Barbosa,Robin Lopez,Steve Nash,Marc Gasol,Mike Conley,O.J. Mayo,Rudy Gay,Zach Randolph,1,7:00,MEM,foul,,,,,,,,Grant Hill,,Rudy Gay,,,,,,shooting,,
Amare Stoudemire,Grant Hill,Leandro Barbosa,Robin Lopez,Steve Nash,Marc Gasol,Mike Conley,O.J. Mayo,Rudy Gay,Zach Randolph,1,7:00,PHX,free throw,,,,,,,1,,2,Grant Hill,,,foul,made,,,,
Amare Stoudemire,Channing Frye,Grant Hill,Leandro Barbosa,Steve Nash,Marc Gasol,Mike Conley,O.J. Mayo,Rudy Gay,Zach Randolph,1,7:00,PHX,sub,,,,Channing Frye,,Robin Lopez,,,,,,,,,,,,
Amare Stoudemire,Channing Frye,Grant Hill,Leandro Barbosa,Steve Nash,Marc Gasol,Mike Conley,O.J. Mayo,Rudy Gay,Zach Randolph,1,7:00,PHX,free throw,,,,,,,2,,2,Grant Hill,,,foul,made,,,,
Amare Stoudemire,Channing Frye,Grant Hill,Leandro Barbosa,Steve Nash,Marc Gasol,Mike Conley,O.J. Mayo,Rudy Gay,Zach Randolph,1,6:42,MEM,shot,,,Channing Frye,,,,,,,Marc Gasol,,,,missed,,layup,25,6
Amare Stoudemire,Channing Frye,Grant Hill,Leandro Barbosa,Steve Nash,Marc Gasol,Mike Conley,O.J. Mayo,Rudy Gay,Zach Randolph,1,6:40,PHX,rebound,,,,,,,,,,Grant Hill,,,,,,def,,
Amare Stoudemire,Channing Frye,Grant Hill,Leandro Barbosa,Steve Nash,Marc Gasol,Mike Conley,O.J. Mayo,Rudy Gay,Zach Randolph,1,6:37,PHX,shot,,,,,,,,,,Leandro Barbosa,,,,missed,,layup,25,6
Amare Stoudemire,Channing Frye,Grant Hill,Leandro Barbosa,Steve Nash,Marc Gasol,Mike Conley,O.J. Mayo,Rudy Gay,Zach Randolph,1,6:36,MEM,rebound,,,,,,,,,,,,,,,,,,
Amare Stoudemire,Channing Frye,Grant Hill,Leandro Barbosa,Steve Nash,Marc Gasol,Mike Conley,O.J. Mayo,Rudy Gay,Zach Randolph,1,6:23,MEM,shot,,,,,,,,,,Marc Gasol,,,,missed,,turnaround jump,31,9
Amare Stoudemire,Channing Frye,Grant Hill,Leandro Barbosa,Steve Nash,Marc Gasol,Mike Conley,O.J. Mayo,Rudy Gay,Zach Randolph,1,6:23,MEM,rebound,,,,,,,,,,,,,,,,,,
Amare Stoudemire,Channing Frye,Grant Hill,Leandro Barbosa,Steve Nash,Marc Gasol,Mike Conley,O.J. Mayo,Rudy Gay,Zach Randolph,1,6:16,MEM,shot,,,,,,,,,,Rudy Gay,2,,,made,,jump,8,12
Amare Stoudemire,Channing Frye,Grant Hill,Leandro Barbosa,Steve Nash,Marc Gasol,Mike Conley,O.J. Mayo,Rudy Gay,Zach Randolph,1,6:01,PHX,turnover,,,,,,,,,,Steve Nash,,,traveling,,,,,
Amare Stoudemire,Channing Frye,Grant Hill,Leandro Barbosa,Steve Nash,Marc Gasol,Mike Conley,O.J. Mayo,Rudy Gay,Zach Randolph,1,5:44,MEM,shot,Marc Gasol,,,,,,,,,O.J. Mayo,2,,,made,,pullup jump,37,14
Amare Stoudemire,Channing Frye,Grant Hill,Leandro Barbosa,Steve Nash,Marc Gasol,Mike Conley,O.J. Mayo,Rudy Gay,Zach Randolph,1,5:32,PHX,shot,,,,,,,,,,Leandro Barbosa,,,,missed,,3pt,2,6
Amare Stoudemire,Channing Frye,Grant Hill,Leandro Barbosa,Steve Nash,Marc Gasol,Mike Conley,O.J. Mayo,Rudy Gay,Zach Randolph,1,5:31,MEM,rebound,,,,,,,,,,Marc Gasol,,,,,,def,,
Amare Stoudemire,Channing Frye,Grant Hill,Leandro Barbosa,Steve Nash,Marc Gasol,Mike Conley,O.J. Mayo,Rudy Gay,Zach Randolph,1,5:28,MEM,turnover,,,,,,,,,,Mike Conley,,,bad pass,,,,,
Amare Stoudemire,Channing Frye,Grant Hill,Jason Richardson,Steve Nash,Marc Gasol,Mike Conley,O.J. Mayo,Rudy Gay,Zach Randolph,1,5:28,PHX,sub,,,,Jason Richardson,,Leandro Barbosa,,,,,,,,,,,,
Amare Stoudemire,Channing Frye,Grant Hill,Jason Richardson,Steve Nash,Marc Gasol,Mike Conley,O.J. Mayo,Rudy Gay,Zach Randolph,1,5:18,MEM,foul,,,,,,,,Steve Nash,,Zach Randolph,,,,,,personal,,
Amare Stoudemire,Channing Frye,Grant Hill,Jason Richardson,Steve Nash,Marc Gasol,Mike Conley,O.J. Mayo,Rudy Gay,Zach Randolph,1,5:07,PHX,shot,,,,,,,,,,Grant Hill,,,,missed,,layup,25,6
Amare Stoudemire,Channing Frye,Grant Hill,Jason Richardson,Steve Nash,Marc Gasol,Mike Conley,O.J. Mayo,Rudy Gay,Zach Randolph,1,5:06,MEM,rebound,,,,,,,,,,Marc Gasol,,,,,,def,,
Amare Stoudemire,Channing Frye,Grant Hill,Jason Richardson,Steve Nash,Marc Gasol,Mike Conley,O.J. Mayo,Rudy Gay,Zach Randolph,1,4:49,MEM,shot,,,,,,,,,,Marc Gasol,,,,missed,,layup,25,6
Amare Stoudemire,Channing Frye,Grant Hill,Jason Richardson,Steve Nash,Marc Gasol,Mike Conley,O.J. Mayo,Rudy Gay,Zach Randolph,1,4:47,PHX,rebound,,,,,,,,,,Grant Hill,,,,,,def,,
Amare Stoudemire,Channing Frye,Grant Hill,Jason Richardson,Steve Nash,Marc Gasol,Mike Conley,O.J. Mayo,Rudy Gay,Zach Randolph,1,4:43,PHX,shot,,,,,,,,,,Grant Hill,2,,,made,,reverse layup,25,6
Amare Stoudemire,Channing Frye,Grant Hill,Jason Richardson,Steve Nash,Marc Gasol,Mike Conley,O.J. Mayo,Rudy Gay,Zach Randolph,1,4:25,PHX,foul,,,,,,,,Zach Randolph,,Amare Stoudemire,,,,,,shooting,,
Amare Stoudemire,Channing Frye,Grant Hill,Jason Richardson,Steve Nash,Marc Gasol,Mike Conley,O.J. Mayo,Rudy Gay,Zach Randolph,1,4:25,MEM,free throw,,,,,,,1,,2,Zach Randolph,,,foul,made,,,,
Amare Stoudemire,Channing Frye,Jared Dudley,Jason Richardson,Steve Nash,Marc Gasol,Mike Conley,O.J. Mayo,Rudy Gay,Zach Randolph,1,4:25,PHX,sub,,,,Jared Dudley,,Grant Hill,,,,,,,,,,,,
Amare Stoudemire,Channing Frye,Jared Dudley,Jason Richardson,Steve Nash,Marc Gasol,Mike Conley,O.J. Mayo,Rudy Gay,Zach Randolph,1,4:25,MEM,free throw,,,,,,,2,,2,Zach Randolph,,,foul,made,,,,
Amare Stoudemire,Channing Frye,Jared Dudley,Jason Richardson,Steve Nash,Marc Gasol,Mike Conley,O.J. Mayo,Rudy Gay,Zach Randolph,1,4:12,PHX,shot,,,,,,,,,,Jason Richardson,,,,missed,,jump,21,11
Amare Stoudemire,Channing Frye,Jared Dudley,Jason Richardson,Steve Nash,Marc Gasol,Mike Conley,O.J. Mayo,Rudy Gay,Zach Randolph,1,4:11,MEM,rebound,,,,,,,,,,Zach Randolph,,,,,,def,,
Amare Stoudemire,Channing Frye,Jared Dudley,Jason Richardson,Steve Nash,Marc Gasol,Mike Conley,O.J. Mayo,Rudy Gay,Zach Randolph,1,3:54,MEM,shot,,,,,,,,,,Marc Gasol,,,,missed,,turnaround jump,28,15
Amare Stoudemire,Channing Frye,Jared Dudley,Jason Richardson,Steve Nash,Marc Gasol,Mike Conley,O.J. Mayo,Rudy Gay,Zach Randolph,1,3:53,MEM,rebound,,,,,,,,,,,,,,,,,,
Amare Stoudemire,Channing Frye,Jared Dudley,Jason Richardson,Steve Nash,Marc Gasol,Mike Conley,O.J. Mayo,Rudy Gay,Zach Randolph,1,3:43,MEM,shot,,,,,,,,,,Rudy Gay,2,,,made,,fade away jumper,18,8
Amare Stoudemire,Channing Frye,Jared Dudley,Jason Richardson,Steve Nash,Marc Gasol,Mike Conley,O.J. Mayo,Rudy Gay,Zach Randolph,1,3:27,PHX,turnover,,,,,,,,,,Channing Frye,,,bad pass,,Rudy Gay,,,
Amare Stoudemire,Channing Frye,Jared Dudley,Jason Richardson,Steve Nash,Marc Gasol,Mike Conley,O.J. Mayo,Rudy Gay,Zach Randolph,1,3:21,MEM,shot,,,,,,,,,,O.J. Mayo,,,,missed,,3pt,43,24
Amare Stoudemire,Channing Frye,Jared Dudley,Jason Richardson,Steve Nash,Marc Gasol,Mike Conley,O.J. Mayo,Rudy Gay,Zach Randolph,1,3:19,MEM,rebound,,,,,,,,,,Rudy Gay,,,,,,off,,
Amare Stoudemire,Channing Frye,Jared Dudley,Jason Richardson,Steve Nash,Marc Gasol,Mike Conley,O.J. Mayo,Rudy Gay,Zach Randolph,1,3:16,MEM,shot,,,,,,,,,,Rudy Gay,,,,missed,,layup,25,6
Amare Stoudemire,Channing Frye,Jared Dudley,Jason Richardson,Steve Nash,Marc Gasol,Mike Conley,O.J. Mayo,Rudy Gay,Zach Randolph,1,3:15,PHX,rebound,,,,,,,,,,Channing Frye,,,,,,def,,
Amare Stoudemire,Channing Frye,Jared Dudley,Jason Richardson,Steve Nash,Marc Gasol,Mike Conley,O.J. Mayo,Rudy Gay,Zach Randolph,1,3:09,PHX,shot,,,,,,,,,,Jared Dudley,,,,missed,,3pt,48,8
Amare Stoudemire,Channing Frye,Jared Dudley,Jason Richardson,Steve Nash,Marc Gasol,Mike Conley,O.J. Mayo,Rudy Gay,Zach Randolph,1,3:07,MEM,rebound,,,,,,,,,,Mike Conley,,,,,,def,,
Amare Stoudemire,Channing Frye,Jared Dudley,Jason Richardson,Steve Nash,Marc Gasol,Mike Conley,O.J. Mayo,Rudy Gay,Zach Randolph,1,3:03,MEM,shot,Mike Conley,,,,,,,,,Rudy Gay,2,,,made,,pullup jump,19,14
Amare Stoudemire,Channing Frye,Jared Dudley,Jason Richardson,Steve Nash,Marc Gasol,Mike Conley,O.J. Mayo,Rudy Gay,Zach Randolph,1,2:48,PHX,turnover,,,,,,,,,,Amare Stoudemire,,,bad pass,,O.J. Mayo,,,
Amare Stoudemire,Channing Frye,Jared Dudley,Jason Richardson,Steve Nash,Marc Gasol,Mike Conley,O.J. Mayo,Rudy Gay,Zach Randolph,1,2:45,MEM,shot,,,,,,,,,,O.J. Mayo,2,,,made,,dunk,25,6
Amare Stoudemire,Channing Frye,Jared Dudley,Jason Richardson,Steve Nash,Marc Gasol,Mike Conley,O.J. Mayo,Rudy Gay,Zach Randolph,1,2:33,PHX,timeout,,,,,,,,,,,,,,,,regular,,
Amare Stoudemire,Channing Frye,Jared Dudley,Jason Richardson,Steve Nash,Marc Gasol,Mike Conley,O.J. Mayo,Rudy Gay,Zach Randolph,1,2:26,PHX,shot,,,,,,,,,,Steve Nash,,,,missed,,running bank,29,13
Amare Stoudemire,Channing Frye,Jared Dudley,Jason Richardson,Steve Nash,Marc Gasol,Mike Conley,O.J. Mayo,Rudy Gay,Zach Randolph,1,2:25,PHX,rebound,,,,,,,,,,Steve Nash,,,,,,off,,
Amare Stoudemire,Channing Frye,Jared Dudley,Jason Richardson,Steve Nash,Marc Gasol,Mike Conley,O.J. Mayo,Rudy Gay,Zach Randolph,1,2:25,PHX,turnover,,,,,,,,,,Steve Nash,,,out of bounds lost ball turnover,,,,,
Amare Stoudemire,Channing Frye,Goran Dragic,Jared Dudley,Jason Richardson,Marc Gasol,Mike Conley,O.J. Mayo,Rudy Gay,Zach Randolph,1,2:12,PHX,sub,,,,Goran Dragic,,Steve Nash,,,,,,,,,,,,
Amare Stoudemire,Channing Frye,Goran Dragic,Jared Dudley,Jason Richardson,Marc Gasol,Mike Conley,O.J. Mayo,Rudy Gay,Zach Randolph,1,2:06,MEM,shot,,,,,,,,,,O.J. Mayo,2,,,made,,pullup jump,23,27
Amare Stoudemire,Channing Frye,Goran Dragic,Jared Dudley,Jason Richardson,Marc Gasol,Mike Conley,O.J. Mayo,Rudy Gay,Zach Randolph,1,1:47,PHX,shot,,,,,,,,,,Jason Richardson,,,,missed,,jump,39,20
Amare Stoudemire,Channing Frye,Goran Dragic,Jared Dudley,Jason Richardson,Marc Gasol,Mike Conley,O.J. Mayo,Rudy Gay,Zach Randolph,1,1:46,MEM,rebound,,,,,,,,,,Marc Gasol,,,,,,def,,
Amare Stoudemire,Channing Frye,Goran Dragic,Jared Dudley,Jason Richardson,Marc Gasol,Mike Conley,O.J. Mayo,Rudy Gay,Zach Randolph,1,1:44,PHX,foul,,,,,,,,Mike Conley,,Goran Dragic,,,,,,personal,,
Amare Stoudemire,Channing Frye,Goran Dragic,Jared Dudley,Jason Richardson,Jamaal Tinsley,Marc Gasol,O.J. Mayo,Rudy Gay,Zach Randolph,1,1:44,MEM,sub,,,,Jamaal Tinsley,,Mike Conley,,,,,,,,,,,,
Amare Stoudemire,Channing Frye,Goran Dragic,Jared Dudley,Jason Richardson,Jamaal Tinsley,Marc Gasol,O.J. Mayo,Rudy Gay,Zach Randolph,1,1:35,PHX,foul,,,,,,,,Zach Randolph,,Amare Stoudemire,,,,,,personal,,
Amare Stoudemire,Channing Frye,Goran Dragic,Jared Dudley,Jason Richardson,Jamaal Tinsley,Marc Gasol,O.J. Mayo,Rudy Gay,Zach Randolph,1,1:35,MEM,free throw,,,,,,,1,,2,Zach Randolph,,,foul,made,,,,
Channing Frye,Goran Dragic,Jared Dudley,Jason Richardson,Louis Amundson,Jamaal Tinsley,Marc Gasol,O.J. Mayo,Rudy Gay,Zach Randolph,1,1:35,PHX,sub,,,,Louis Amundson,,Amare Stoudemire,,,,,,,,,,,,
Channing Frye,Goran Dragic,Jared Dudley,Jason Richardson,Louis Amundson,Jamaal Tinsley,Marc Gasol,Rudy Gay,Sam Young,Zach Randolph,1,1:35,MEM,sub,,,,Sam Young,,O.J. Mayo,,,,,,,,,,,,
Channing Frye,Goran Dragic,Jared Dudley,Jason Richardson,Louis Amundson,Jamaal Tinsley,Marc Gasol,Rudy Gay,Sam Young,Zach Randolph,1,1:35,MEM,free throw,,,,,,,2,,2,Zach Randolph,,,foul,made,,,,
Channing Frye,Goran Dragic,Jared Dudley,Jason Richardson,Louis Amundson,Jamaal Tinsley,Marc Gasol,Rudy Gay,Sam Young,Zach Randolph,1,1:16,PHX,shot,,,,,,,,,,Louis Amundson,,,,missed,,layup,25,6
Channing Frye,Goran Dragic,Jared Dudley,Jason Richardson,Louis Amundson,Jamaal Tinsley,Marc Gasol,Rudy Gay,Sam Young,Zach Randolph,1,1:15,MEM,rebound,,,,,,,,,,Zach Randolph,,,,,,def,,
Channing Frye,Goran Dragic,Jared Dudley,Jason Richardson,Louis Amundson,Jamaal Tinsley,Marc Gasol,Rudy Gay,Sam Young,Zach Randolph,1,1:09,MEM,shot,Jamaal Tinsley,,,,,,,,,Zach Randolph,2,,,made,,layup,25,6
Channing Frye,Goran Dragic,Jared Dudley,Jason Richardson,Louis Amundson,Jamaal Tinsley,Marc Gasol,Rudy Gay,Sam Young,Zach Randolph,1,0:47,PHX,shot,,,,,,,,,,Jason Richardson,2,,,made,,reverse layup,25,6
Channing Frye,Goran Dragic,Jared Dudley,Jason Richardson,Louis Amundson,Jamaal Tinsley,Marc Gasol,Rudy Gay,Sam Young,Zach Randolph,1,0:35,PHX,foul,,,,,,,,Marc Gasol,,Louis Amundson,,,,,,shooting,,
Channing Frye,Goran Dragic,Jared Dudley,Jason Richardson,Louis Amundson,Jamaal Tinsley,Marc Gasol,Rudy Gay,Sam Young,Zach Randolph,1,0:35,MEM,free throw,,,,,,,1,,2,Marc Gasol,,,foul,made,,,,
Channing Frye,Goran Dragic,Jared Dudley,Jason Richardson,Louis Amundson,DeMarre Carroll,Jamaal Tinsley,Marc Gasol,Rudy Gay,Sam Young,1,0:35,MEM,sub,,,,DeMarre Carroll,,Zach Randolph,,,,,,,,,,,,
Channing Frye,Goran Dragic,Jared Dudley,Jason Richardson,Louis Amundson,DeMarre Carroll,Jamaal Tinsley,Marc Gasol,Rudy Gay,Sam Young,1,0:35,MEM,free throw,,,,,,,2,,2,Marc Gasol,,,foul,made,,,,
Channing Frye,Goran Dragic,Jared Dudley,Jason Richardson,Louis Amundson,DeMarre Carroll,Jamaal Tinsley,Marc Gasol,Rudy Gay,Sam Young,1,0:19,PHX,shot,,,,,,,,,,Channing Frye,,,,missed,,jump,10,8
Channing Frye,Goran Dragic,Jared Dudley,Jason Richardson,Louis Amundson,DeMarre Carroll,Jamaal Tinsley,Marc Gasol,Rudy Gay,Sam Young,1,0:18,MEM,rebound,,,,,,,,,,Sam Young,,,,,,def,,
Channing Frye,Goran Dragic,Jared Dudley,Jason Richardson,Louis Amundson,DeMarre Carroll,Jamaal Tinsley,Marc Gasol,Rudy Gay,Sam Young,1,0:16,MEM,turnover,,,,,,,,,,Sam Young,,,bad pass,,Jared Dudley,,,
Channing Frye,Goran Dragic,Jared Dudley,Jason Richardson,Louis Amundson,DeMarre Carroll,Jamaal Tinsley,Marc Gasol,Rudy Gay,Sam Young,1,0:13,MEM,foul,,,,,,,,Jared Dudley,,Sam Young,,,,,,shooting,,
Channing Frye,Goran Dragic,Jared Dudley,Jason Richardson,Louis Amundson,DeMarre Carroll,Jamaal Tinsley,Marc Gasol,Rudy Gay,Sam Young,1,0:13,PHX,free throw,,,,,,,1,,2,Jared Dudley,,,foul,made,,,,
Channing Frye,Goran Dragic,Jared Dudley,Jason Richardson,Louis Amundson,DeMarre Carroll,Jamaal Tinsley,Marc Gasol,Rudy Gay,Sam Young,1,0:13,PHX,free throw,,,,,,,2,,2,Jared Dudley,,,foul,made,,,,
Channing Frye,Goran Dragic,Jared Dudley,Jason Richardson,Louis Amundson,DeMarre Carroll,Jamaal Tinsley,Marc Gasol,Rudy Gay,Sam Young,1,0:02,MEM,shot,DeMarre Carroll,,,,,,,,,Rudy Gay,3,,,made,,3pt,8,25
Channing Frye,Goran Dragic,Jared Dudley,Jason Richardson,Louis Amundson,DeMarre Carroll,Jamaal Tinsley,Marc Gasol,Rudy Gay,Sam Young,1,0:01,PHX,shot,,,,,,,,,,Jason Richardson,,,,missed,,3pt,41,46
Channing Frye,Goran Dragic,Jared Dudley,Jason Richardson,Louis Amundson,DeMarre Carroll,Jamaal Tinsley,Marc Gasol,Rudy Gay,Sam Young,1,0:00,PHX,rebound,,,,,,,,,,,,,,,,,,
Channing Frye,Goran Dragic,Jared Dudley,Jason Richardson,Louis Amundson,DeMarre Carroll,Jamaal Tinsley,Marc Gasol,Rudy Gay,Sam Young,2,11:40,PHX,shot,,,,,,,,,,Channing Frye,,,,missed,,jump,41,19
Channing Frye,Goran Dragic,Jared Dudley,Jason Richardson,Louis Amundson,DeMarre Carroll,Jamaal Tinsley,Marc Gasol,Rudy Gay,Sam Young,2,11:38,MEM,rebound,,,,,,,,,,Rudy Gay,,,,,,def,,
Channing Frye,Goran Dragic,Jared Dudley,Jason Richardson,Louis Amundson,DeMarre Carroll,Jamaal Tinsley,Marc Gasol,Rudy Gay,Sam Young,2,11:23,MEM,shot,,,,,,,,,,DeMarre Carroll,,,,missed,,jump,43,5
Channing Frye,Goran Dragic,Jared Dudley,Jason Richardson,Louis Amundson,DeMarre Carroll,Jamaal Tinsley,Marc Gasol,Rudy Gay,Sam Young,2,11:21,PHX,rebound,,,,,,,,,,Jason Richardson,,,,,,def,,
Channing Frye,Goran Dragic,Jared Dudley,Jason Richardson,Louis Amundson,DeMarre Carroll,Jamaal Tinsley,Marc Gasol,Rudy Gay,Sam Young,2,11:17,PHX,shot,,,,,,,,,,Goran Dragic,,,,missed,,pullup jump,30,16
Channing Frye,Goran Dragic,Jared Dudley,Jason Richardson,Louis Amundson,DeMarre Carroll,Jamaal Tinsley,Marc Gasol,Rudy Gay,Sam Young,2,11:14,PHX,rebound,,,,,,,,,,Louis Amundson,,,,,,off,,
Channing Frye,Goran Dragic,Jared Dudley,Jason Richardson,Louis Amundson,DeMarre Carroll,Jamaal Tinsley,Marc Gasol,Rudy Gay,Sam Young,2,11:14,PHX,shot,,,Rudy Gay,,,,,,,Louis Amundson,,,,missed,,layup,25,6
Channing Frye,Goran Dragic,Jared Dudley,Jason Richardson,Louis Amundson,DeMarre Carroll,Jamaal Tinsley,Marc Gasol,Rudy Gay,Sam Young,2,11:12,MEM,rebound,,,,,,,,,,Marc Gasol,,,,,,def,,
Channing Frye,Goran Dragic,Jared Dudley,Jason Richardson,Louis Amundson,DeMarre Carroll,Jamaal Tinsley,Marc Gasol,Rudy Gay,Sam Young,2,11:00,MEM,shot,,,,,,,,,,Rudy Gay,,,,missed,,step back jump,40,14
Channing Frye,Goran Dragic,Jared Dudley,Jason Richardson,Louis Amundson,DeMarre Carroll,Jamaal Tinsley,Marc Gasol,Rudy Gay,Sam Young,2,10:57,MEM,rebound,,,,,,,,,,Rudy Gay,,,,,,off,,
Channing Frye,Goran Dragic,Jared Dudley,Jason Richardson,Louis Amundson,DeMarre Carroll,Jamaal Tinsley,Marc Gasol,Rudy Gay,Sam Young,2,10:55,MEM,turnover,,,,,,,,,,DeMarre Carroll,,,out of bounds lost ball turnover,,,,,
Channing Frye,Goran Dragic,Jared Dudley,Jason Richardson,Louis Amundson,DeMarre Carroll,Jamaal Tinsley,Marc Gasol,Rudy Gay,Sam Young,2,10:45,PHX,shot,,,,,,,,,,Louis Amundson,2,,,made,,layup,25,6
Channing Frye,Goran Dragic,Jared Dudley,Jason Richardson,Louis Amundson,DeMarre Carroll,Jamaal Tinsley,Marc Gasol,Rudy Gay,Sam Young,2,10:45,MEM,foul,,,,,,,,Louis Amundson,,Marc Gasol,,,,,,shooting,,
Channing Frye,Goran Dragic,Jared Dudley,Jason Richardson,Louis Amundson,DeMarre Carroll,Jamaal Tinsley,Marc Gasol,O.J. Mayo,Sam Young,2,10:45,MEM,sub,,,,O.J. Mayo,,Rudy Gay,,,,,,,,,,,,
Channing Frye,Goran Dragic,Jared Dudley,Jason Richardson,Louis Amundson,DeMarre Carroll,Jamaal Tinsley,Marc Gasol,O.J. Mayo,Sam Young,2,10:45,PHX,free throw,,,,,,,1,,1,Louis Amundson,,,foul,made,,,,
Channing Frye,Goran Dragic,Jared Dudley,Jason Richardson,Louis Amundson,DeMarre Carroll,Jamaal Tinsley,Marc Gasol,O.J. Mayo,Sam Young,2,10:25,MEM,shot,Jamaal Tinsley,,,,,,,,,O.J. Mayo,3,,,made,,3pt,48,11
Channing Frye,Goran Dragic,Jared Dudley,Jason Richardson,Louis Amundson,DeMarre Carroll,Jamaal Tinsley,Marc Gasol,O.J. Mayo,Sam Young,2,10:15,PHX,shot,,,,,,,,,,Channing Frye,2,,,made,,layup,25,6
Channing Frye,Goran Dragic,Jared Dudley,Jason Richardson,Louis Amundson,DeMarre Carroll,Jamaal Tinsley,Marc Gasol,O.J. Mayo,Sam Young,2,10:15,MEM,foul,,,,,,,,Channing Frye,,DeMarre Carroll,,,,,,shooting,,
Channing Frye,Goran Dragic,Jared Dudley,Jason Richardson,Louis Amundson,DeMarre Carroll,Jamaal Tinsley,O.J. Mayo,Sam Young,Zach Randolph,2,10:15,MEM,sub,,,,Zach Randolph,,Marc Gasol,,,,,,,,,,,,
Channing Frye,Goran Dragic,Jared Dudley,Jason Richardson,Louis Amundson,DeMarre Carroll,Jamaal Tinsley,O.J. Mayo,Sam Young,Zach Randolph,2,10:15,PHX,free throw,,,,,,,1,,1,Channing Frye,,,foul,made,,,,
Channing Frye,Goran Dragic,Jared Dudley,Jason Richardson,Louis Amundson,DeMarre Carroll,Jamaal Tinsley,O.J. Mayo,Sam Young,Zach Randolph,2,9:58,PHX,foul,,,,,,,,Jamaal Tinsley,,Jared Dudley,,,,,,shooting,,
Channing Frye,Goran Dragic,Jared Dudley,Jason Richardson,Louis Amundson,DeMarre Carroll,Jamaal Tinsley,O.J. Mayo,Sam Young,Zach Randolph,2,9:58,MEM,free throw,,,,,,,1,,2,Jamaal Tinsley,,,foul,missed,,,,
Channing Frye,Goran Dragic,Jared Dudley,Jason Richardson,Louis Amundson,DeMarre Carroll,Jamaal Tinsley,O.J. Mayo,Sam Young,Zach Randolph,2,9:58,MEM,rebound,,,,,,,,,,,,,,,,,,
Channing Frye,Goran Dragic,Jared Dudley,Jason Richardson,Louis Amundson,DeMarre Carroll,Jamaal Tinsley,O.J. Mayo,Sam Young,Zach Randolph,2,9:58,MEM,free throw,,,,,,,2,,2,Jamaal Tinsley,,,foul,made,,,,
Channing Frye,Goran Dragic,Jared Dudley,Jason Richardson,Louis Amundson,DeMarre Carroll,Jamaal Tinsley,O.J. Mayo,Sam Young,Zach Randolph,2,9:57,PHX,turnover,,,,,,,,,,Channing Frye,,,bad pass,,,,,
Channing Frye,Goran Dragic,Jared Dudley,Jason Richardson,Louis Amundson,DeMarre Carroll,Jamaal Tinsley,O.J. Mayo,Sam Young,Zach Randolph,2,9:42,MEM,shot,,,,,,,,,,Sam Young,2,,,made,,running jump,37,8
Channing Frye,Goran Dragic,Jared Dudley,Jason Richardson,Louis Amundson,DeMarre Carroll,Jamaal Tinsley,O.J. Mayo,Sam Young,Zach Randolph,2,9:31,PHX,shot,,,,,,,,,,Goran Dragic,3,,,made,,3pt,6,25
Channing Frye,Goran Dragic,Jared Dudley,Jason Richardson,Louis Amundson,DeMarre Carroll,Jamaal Tinsley,O.J. Mayo,Sam Young,Zach Randolph,2,9:13,MEM,turnover,,,,,,,,,,Zach Randolph,,,bad pass,,Channing Frye,,,
Channing Frye,Goran Dragic,Jared Dudley,Jason Richardson,Louis Amundson,DeMarre Carroll,Jamaal Tinsley,O.J. Mayo,Sam Young,Zach Randolph,2,9:07,PHX,shot,,,Jamaal Tinsley,,,,,,,Goran Dragic,,,,missed,,layup,25,6
Channing Frye,Goran Dragic,Jared Dudley,Jason Richardson,Louis Amundson,DeMarre Carroll,Jamaal Tinsley,O.J. Mayo,Sam Young,Zach Randolph,2,9:04,MEM,rebound,,,,,,,,,,O.J. Mayo,,,,,,def,,
Channing Frye,Goran Dragic,Jared Dudley,Jason Richardson,Louis Amundson,DeMarre Carroll,Jamaal Tinsley,O.J. Mayo,Sam Young,Zach Randolph,2,9:01,MEM,turnover,,,,,,,,,,Sam Young,,,step out of bounds turnover,,,,,
Amare Stoudemire,Goran Dragic,Jared Dudley,Jason Richardson,Louis Amundson,DeMarre Carroll,Jamaal Tinsley,O.J. Mayo,Sam Young,Zach Randolph,2,9:01,PHX,sub,,,,Amare Stoudemire,,Channing Frye,,,,,,,,,,,,
Amare Stoudemire,Goran Dragic,Grant Hill,Jason Richardson,Louis Amundson,DeMarre Carroll,Jamaal Tinsley,O.J. Mayo,Sam Young,Zach Randolph,2,9:01,PHX,sub,,,,Grant Hill,,Jared Dudley,,,,,,,,,,,,
Amare Stoudemire,Goran Dragic,Grant Hill,Jason Richardson,Louis Amundson,DeMarre Carroll,Jamaal Tinsley,O.J. Mayo,Sam Young,Zach Randolph,2,8:39,PHX,shot,Grant Hill,,,,,,,,,Jason Richardson,2,,,made,,layup,25,6
Amare Stoudemire,Goran Dragic,Grant Hill,Jason Richardson,Louis Amundson,DeMarre Carroll,Jamaal Tinsley,O.J. Mayo,Sam Young,Zach Randolph,2,8:29,MEM,shot,,,,,,,,,,Zach Randolph,,,,missed,,turnaround bank,32,9
Amare Stoudemire,Goran Dragic,Grant Hill,Jason Richardson,Louis Amundson,DeMarre Carroll,Jamaal Tinsley,O.J. Mayo,Sam Young,Zach Randolph,2,8:26,PHX,rebound,,,,,,,,,,Amare Stoudemire,,,,,,def,,
Amare Stoudemire,Goran Dragic,Grant Hill,Jason Richardson,Louis Amundson,DeMarre Carroll,Jamaal Tinsley,O.J. Mayo,Sam Young,Zach Randolph,2,8:08,PHX,shot,Goran Dragic,,,,,,,,,Grant Hill,3,,,made,,3pt,2,8
Amare Stoudemire,Goran Dragic,Grant Hill,Jason Richardson,Louis Amundson,DeMarre Carroll,Jamaal Tinsley,O.J. Mayo,Sam Young,Zach Randolph,2,8:03,MEM,timeout,,,,,,,,,,,,,,,,regular,,
Amare Stoudemire,Goran Dragic,Grant Hill,Jason Richardson,Louis Amundson,DeMarre Carroll,Mike Conley,O.J. Mayo,Sam Young,Zach Randolph,2,8:03,MEM,sub,,,,Mike Conley,,Jamaal Tinsley,,,,,,,,,,,,
Amare Stoudemire,Goran Dragic,Grant Hill,Jason Richardson,Louis Amundson,DeMarre Carroll,Mike Conley,O.J. Mayo,Sam Young,Zach Randolph,2,7:51,MEM,shot,DeMarre Carroll,,,,,,,,,Sam Young,2,,,made,,jump,8,13
Amare Stoudemire,Goran Dragic,Grant Hill,Jason Richardson,Louis Amundson,DeMarre Carroll,Mike Conley,O.J. Mayo,Sam Young,Zach Randolph,2,7:28,PHX,shot,,,,,,,,,,Amare Stoudemire,2,,,made,,running jump,23,13
Amare Stoudemire,Goran Dragic,Grant Hill,Jason Richardson,Louis Amundson,DeMarre Carroll,Mike Conley,O.J. Mayo,Sam Young,Zach Randolph,2,7:16,MEM,shot,O.J. Mayo,,,,,,,,,Zach Randolph,2,,,made,,layup,25,6
Amare Stoudemire,Goran Dragic,Grant Hill,Jason Richardson,Louis Amundson,DeMarre Carroll,Mike Conley,O.J. Mayo,Sam Young,Zach Randolph,2,7:16,PHX,foul,,,,,,,,Zach Randolph,,Amare Stoudemire,,,,,,shooting,,
Amare Stoudemire,Goran Dragic,Grant Hill,Jason Richardson,Louis Amundson,DeMarre Carroll,Mike Conley,O.J. Mayo,Rudy Gay,Zach Randolph,2,7:16,MEM,sub,,,,Rudy Gay,,Sam Young,,,,,,,,,,,,
Goran Dragic,Grant Hill,Jason Richardson,Louis Amundson,Robin Lopez,DeMarre Carroll,Mike Conley,O.J. Mayo,Rudy Gay,Zach Randolph,2,7:16,PHX,sub,,,,Robin Lopez,,Amare Stoudemire,,,,,,,,,,,,
Goran Dragic,Grant Hill,Jason Richardson,Louis Amundson,Robin Lopez,Hasheem Thabeet,Mike Conley,O.J. Mayo,Rudy Gay,Zach Randolph,2,7:16,MEM,sub,,,,Hasheem Thabeet,,DeMarre Carroll,,,,,,,,,,,,
Goran Dragic,Grant Hill,Jason Richardson,Louis Amundson,Robin Lopez,Hasheem Thabeet,Mike Conley,O.J. Mayo,Rudy Gay,Zach Randolph,2,7:16,MEM,free throw,,,,,,,1,,1,Zach Randolph,,,foul,missed,,,,
Goran Dragic,Grant Hill,Jason Richardson,Louis Amundson,Robin Lopez,Hasheem Thabeet,Mike Conley,O.J. Mayo,Rudy Gay,Zach Randolph,2,7:15,PHX,rebound,,,,,,,,,,Robin Lopez,,,,,,def,,
Goran Dragic,Grant Hill,Jason Richardson,Louis Amundson,Robin Lopez,Hasheem Thabeet,Mike Conley,O.J. Mayo,Rudy Gay,Zach Randolph,2,7:01,PHX,shot,,,,,,,,,,Goran Dragic,,,,missed,,3pt,31,31
Goran Dragic,Grant Hill,Jason Richardson,Louis Amundson,Robin Lopez,Hasheem Thabeet,Mike Conley,O.J. Mayo,Rudy Gay,Zach Randolph,2,7:00,MEM,rebound,,,,,,,,,,O.J. Mayo,,,,,,def,,
Goran Dragic,Grant Hill,Jason Richardson,Louis Amundson,Robin Lopez,Hasheem Thabeet,Mike Conley,O.J. Mayo,Rudy Gay,Zach Randolph,2,6:55,MEM,shot,,,,,,,,,,O.J. Mayo,,,,missed,,running layup,25,6
Goran Dragic,Grant Hill,Jason Richardson,Louis Amundson,Robin Lopez,Hasheem Thabeet,Mike Conley,O.J. Mayo,Rudy Gay,Zach Randolph,2,6:51,PHX,rebound,,,,,,,,,,Goran Dragic,,,,,,def,,
Goran Dragic,Grant Hill,Jason Richardson,Louis Amundson,Robin Lopez,Hasheem Thabeet,Mike Conley,O.J. Mayo,Rudy Gay,Zach Randolph,2,6:47,PHX,shot,,,,,,,,,,Jason Richardson,,,,missed,,3pt,45,22
Goran Dragic,Grant Hill,Jason Richardson,Louis Amundson,Robin Lopez,Hasheem Thabeet,Mike Conley,O.J. Mayo,Rudy Gay,Zach Randolph,2,6:45,PHX,rebound,,,,,,,,,,Louis Amundson,,,,,,off,,
Goran Dragic,Grant Hill,Jason Richardson,Louis Amundson,Robin Lopez,Hasheem Thabeet,Mike Conley,O.J. Mayo,Rudy Gay,Zach Randolph,2,6:45,PHX,shot,,,,,,,,,,Louis Amundson,,,,missed,,tip,25,6
Goran Dragic,Grant Hill,Jason Richardson,Louis Amundson,Robin Lopez,Hasheem Thabeet,Mike Conley,O.J. Mayo,Rudy Gay,Zach Randolph,2,6:42,PHX,rebound,,,,,,,,,,Goran Dragic,,,,,,off,,
Goran Dragic,Grant Hill,Jason Richardson,Louis Amundson,Robin Lopez,Hasheem Thabeet,Mike Conley,O.J. Mayo,Rudy Gay,Zach Randolph,2,6:35,PHX,turnover,,,,,,,,,,Goran Dragic,,,bad pass,,O.J. Mayo,,,
Goran Dragic,Grant Hill,Jason Richardson,Louis Amundson,Robin Lopez,Hasheem Thabeet,Mike Conley,O.J. Mayo,Rudy Gay,Zach Randolph,2,6:30,MEM,shot,,,,,,,,,,Rudy Gay,2,,,made,,dunk,25,6
Goran Dragic,Grant Hill,Jason Richardson,Louis Amundson,Robin Lopez,Hasheem Thabeet,Mike Conley,O.J. Mayo,Rudy Gay,Zach Randolph,2,6:09,PHX,shot,Grant Hill,,,,,,,,,Robin Lopez,2,,,made,,slam dunk,25,6
Goran Dragic,Grant Hill,Jason Richardson,Louis Amundson,Robin Lopez,Hasheem Thabeet,Mike Conley,O.J. Mayo,Rudy Gay,Zach Randolph,2,5:53,MEM,turnover,,,,,,,,,,Rudy Gay,,,bad pass,,Goran Dragic,,,
Goran Dragic,Grant Hill,Jason Richardson,Louis Amundson,Robin Lopez,Hasheem Thabeet,Mike Conley,O.J. Mayo,Rudy Gay,Zach Randolph,2,5:48,PHX,shot,Grant Hill,,,,,,,,,Jason Richardson,2,,,made,,layup,25,6
Goran Dragic,Grant Hill,Jason Richardson,Louis Amundson,Robin Lopez,Hasheem Thabeet,Mike Conley,O.J. Mayo,Rudy Gay,Zach Randolph,2,5:26,MEM,shot,,,Robin Lopez,,,,,,,Mike Conley,,,,missed,,jump,20,12
Goran Dragic,Grant Hill,Jason Richardson,Louis Amundson,Robin Lopez,Hasheem Thabeet,Mike Conley,O.J. Mayo,Rudy Gay,Zach Randolph,2,5:24,PHX,rebound,,,,,,,,,,Louis Amundson,,,,,,def,,
Goran Dragic,Grant Hill,Jason Richardson,Louis Amundson,Robin Lopez,Hasheem Thabeet,Mike Conley,O.J. Mayo,Rudy Gay,Zach Randolph,2,5:18,PHX,shot,,,,,,,,,,Robin Lopez,,,,missed,,jump,10,7
Goran Dragic,Grant Hill,Jason Richardson,Louis Amundson,Robin Lopez,Hasheem Thabeet,Mike Conley,O.J. Mayo,Rudy Gay,Zach Randolph,2,5:18,PHX,rebound,,,,,,,,,,Louis Amundson,,,,,,off,,
Goran Dragic,Grant Hill,Jason Richardson,Louis Amundson,Robin Lopez,Hasheem Thabeet,Mike Conley,O.J. Mayo,Rudy Gay,Zach Randolph,2,5:18,MEM,foul,,,,,,,,Louis Amundson,,Mike Conley,,,,,,loose ball,,
Goran Dragic,Grant Hill,Jason Richardson,Louis Amundson,Robin Lopez,Hasheem Thabeet,Mike Conley,O.J. Mayo,Rudy Gay,Zach Randolph,2,5:18,PHX,timeout,,,,,,,,,,,,,,,,official,,
Goran Dragic,Grant Hill,Leandro Barbosa,Louis Amundson,Robin Lopez,Hasheem Thabeet,Mike Conley,O.J. Mayo,Rudy Gay,Zach Randolph,2,5:18,PHX,sub,,,,Leandro Barbosa,,Jason Richardson,,,,,,,,,,,,
Grant Hill,Leandro Barbosa,Louis Amundson,Robin Lopez,Steve Nash,Hasheem Thabeet,Mike Conley,O.J. Mayo,Rudy Gay,Zach Randolph,2,5:18,PHX,sub,,,,Steve Nash,,Goran Dragic,,,,,,,,,,,,
Grant Hill,Leandro Barbosa,Louis Amundson,Robin Lopez,Steve Nash,Hasheem Thabeet,Mike Conley,O.J. Mayo,Rudy Gay,Zach Randolph,2,5:05,PHX,turnover,,,,,,,,,,Leandro Barbosa,,,out of bounds lost ball turnover,,,,,
Grant Hill,Leandro Barbosa,Louis Amundson,Robin Lopez,Steve Nash,Hasheem Thabeet,Mike Conley,O.J. Mayo,Rudy Gay,Zach Randolph,2,4:49,MEM,shot,O.J. Mayo,,,,,,,,,Zach Randolph,2,,,made,,layup,25,6
Grant Hill,Leandro Barbosa,Louis Amundson,Robin Lopez,Steve Nash,Hasheem Thabeet,Mike Conley,O.J. Mayo,Rudy Gay,Zach Randolph,2,4:43,PHX,shot,Steve Nash,,,,,,,,,Leandro Barbosa,2,,,made,,layup,25,6
Grant Hill,Leandro Barbosa,Louis Amundson,Robin Lopez,Steve Nash,Hasheem Thabeet,Mike Conley,O.J. Mayo,Rudy Gay,Zach Randolph,2,4:18,MEM,shot,,,,,,,,,,Rudy Gay,,,,missed,,3pt,17,31
Grant Hill,Leandro Barbosa,Louis Amundson,Robin Lopez,Steve Nash,Hasheem Thabeet,Mike Conley,O.J. Mayo,Rudy Gay,Zach Randolph,2,4:17,PHX,rebound,,,,,,,,,,Louis Amundson,,,,,,def,,
Grant Hill,Leandro Barbosa,Louis Amundson,Robin Lopez,Steve Nash,Hasheem Thabeet,Mike Conley,O.J. Mayo,Rudy Gay,Zach Randolph,2,4:12,PHX,shot,,,,,,,,,,Steve Nash,3,,,made,,3pt,13,28
Grant Hill,Leandro Barbosa,Louis Amundson,Robin Lopez,Steve Nash,Hasheem Thabeet,Mike Conley,O.J. Mayo,Rudy Gay,Zach Randolph,2,3:44,MEM,turnover,,,,,,,,,,,,,shot clock turnover,,,,,
Grant Hill,Leandro Barbosa,Louis Amundson,Robin Lopez,Steve Nash,Hasheem Thabeet,Mike Conley,O.J. Mayo,Rudy Gay,Zach Randolph,2,3:37,PHX,shot,Steve Nash,,,,,,,,,Leandro Barbosa,2,,,made,,reverse layup,25,6
Grant Hill,Leandro Barbosa,Louis Amundson,Robin Lopez,Steve Nash,Hasheem Thabeet,Mike Conley,O.J. Mayo,Rudy Gay,Zach Randolph,2,3:23,MEM,shot,Mike Conley,,,,,,,,,O.J. Mayo,3,,,made,,3pt,8,25
Grant Hill,Leandro Barbosa,Louis Amundson,Robin Lopez,Steve Nash,Hasheem Thabeet,Mike Conley,O.J. Mayo,Rudy Gay,Zach Randolph,2,3:06,PHX,shot,,,,,,,,,,Steve Nash,,,,missed,,jump,45,7
Grant Hill,Leandro Barbosa,Louis Amundson,Robin Lopez,Steve Nash,Hasheem Thabeet,Mike Conley,O.J. Mayo,Rudy Gay,Zach Randolph,2,3:05,PHX,rebound,,,,,,,,,,Louis Amundson,,,,,,off,,
Grant Hill,Leandro Barbosa,Louis Amundson,Robin Lopez,Steve Nash,Hasheem Thabeet,Mike Conley,O.J. Mayo,Rudy Gay,Zach Randolph,2,3:03,PHX,shot,,,Hasheem Thabeet,,,,,,,Louis Amundson,,,,missed,,layup,25,6
Grant Hill,Leandro Barbosa,Louis Amundson,Robin Lopez,Steve Nash,Hasheem Thabeet,Mike Conley,O.J. Mayo,Rudy Gay,Zach Randolph,2,3:02,MEM,rebound,,,,,,,,,,Mike Conley,,,,,,def,,
Grant Hill,Leandro Barbosa,Louis Amundson,Robin Lopez,Steve Nash,Hasheem Thabeet,Mike Conley,O.J. Mayo,Rudy Gay,Zach Randolph,2,2:53,MEM,shot,,,,,,,,,,O.J. Mayo,,,,missed,,3pt,10,27
Grant Hill,Leandro Barbosa,Louis Amundson,Robin Lopez,Steve Nash,Hasheem Thabeet,Mike Conley,O.J. Mayo,Rudy Gay,Zach Randolph,2,2:52,PHX,rebound,,,,,,,,,,Robin Lopez,,,,,,def,,
Grant Hill,Leandro Barbosa,Louis Amundson,Robin Lopez,Steve Nash,Hasheem Thabeet,Mike Conley,O.J. Mayo,Rudy Gay,Zach Randolph,2,2:43,PHX,shot,,,,,,,,,,Leandro Barbosa,,,,missed,,3pt,2,6
Grant Hill,Leandro Barbosa,Louis Amundson,Robin Lopez,Steve Nash,Hasheem Thabeet,Mike Conley,O.J. Mayo,Rudy Gay,Zach Randolph,2,2:42,PHX,rebound,,,,,,,,,,Louis Amundson,,,,,,off,,
Grant Hill,Leandro Barbosa,Louis Amundson,Robin Lopez,Steve Nash,Hasheem Thabeet,Mike Conley,O.J. Mayo,Rudy Gay,Zach Randolph,2,2:41,PHX,shot,,,,,,,,,,Louis Amundson,2,,,made,,layup,25,6
Grant Hill,Leandro Barbosa,Louis Amundson,Robin Lopez,Steve Nash,Hasheem Thabeet,Mike Conley,O.J. Mayo,Rudy Gay,Zach Randolph,2,2:41,MEM,foul,,,,,,,,Louis Amundson,,Hasheem Thabeet,,,,,,shooting,,
Grant Hill,Leandro Barbosa,Louis Amundson,Robin Lopez,Steve Nash,Hasheem Thabeet,Mike Conley,O.J. Mayo,Rudy Gay,Zach Randolph,2,2:41,PHX,timeout,,,,,,,,,,,,,,,,regular,,
Grant Hill,Leandro Barbosa,Louis Amundson,Robin Lopez,Steve Nash,Marcus Williams,Mike Conley,O.J. Mayo,Rudy Gay,Zach Randolph,2,2:41,MEM,sub,,,,Marcus Williams,,Hasheem Thabeet,,,,,,,,,,,,
Grant Hill,Leandro Barbosa,Louis Amundson,Robin Lopez,Steve Nash,Marcus Williams,Mike Conley,O.J. Mayo,Rudy Gay,Zach Randolph,2,2:41,PHX,free throw,,,,,,,1,,1,Louis Amundson,,,foul,made,,,,
Grant Hill,Leandro Barbosa,Louis Amundson,Robin Lopez,Steve Nash,Marcus Williams,Mike Conley,O.J. Mayo,Rudy Gay,Zach Randolph,2,2:24,MEM,shot,,,,,,,,,,O.J. Mayo,,,,missed,,3pt,7,24
Grant Hill,Leandro Barbosa,Louis Amundson,Robin Lopez,Steve Nash,Marcus Williams,Mike Conley,O.J. Mayo,Rudy Gay,Zach Randolph,2,2:23,PHX,rebound,,,,,,,,,,Steve Nash,,,,,,def,,
Grant Hill,Leandro Barbosa,Louis Amundson,Robin Lopez,Steve Nash,Marcus Williams,Mike Conley,O.J. Mayo,Rudy Gay,Zach Randolph,2,2:10,PHX,shot,,,,,,,,,,Louis Amundson,2,,,made,,layup,25,6
Grant Hill,Leandro Barbosa,Louis Amundson,Robin Lopez,Steve Nash,Marcus Williams,Mike Conley,O.J. Mayo,Rudy Gay,Zach Randolph,2,1:52,MEM,shot,,,,,,,,,,Rudy Gay,,,,missed,,jump,23,15
Grant Hill,Leandro Barbosa,Louis Amundson,Robin Lopez,Steve Nash,Marcus Williams,Mike Conley,O.J. Mayo,Rudy Gay,Zach Randolph,2,1:51,PHX,rebound,,,,,,,,,,Robin Lopez,,,,,,def,,
Grant Hill,Leandro Barbosa,Louis Amundson,Robin Lopez,Steve Nash,Marcus Williams,Mike Conley,O.J. Mayo,Rudy Gay,Zach Randolph,2,1:39,PHX,shot,Leandro Barbosa,,,,,,,,,Robin Lopez,2,,,made,,layup,25,6
Grant Hill,Leandro Barbosa,Louis Amundson,Robin Lopez,Steve Nash,Marcus Williams,Mike Conley,O.J. Mayo,Rudy Gay,Zach Randolph,2,1:21,MEM,shot,,,,,,,,,,Mike Conley,,,,missed,,3pt,33,30
Grant Hill,Leandro Barbosa,Louis Amundson,Robin Lopez,Steve Nash,Marcus Williams,Mike Conley,O.J. Mayo,Rudy Gay,Zach Randolph,2,1:20,PHX,rebound,,,,,,,,,,Louis Amundson,,,,,,def,,
Grant Hill,Leandro Barbosa,Louis Amundson,Robin Lopez,Steve Nash,Marcus Williams,Mike Conley,O.J. Mayo,Rudy Gay,Zach Randolph,2,1:11,PHX,shot,Grant Hill,,,,,,,,,Louis Amundson,2,,,made,,dunk,25,6
Grant Hill,Leandro Barbosa,Louis Amundson,Robin Lopez,Steve Nash,Marcus Williams,Mike Conley,O.J. Mayo,Rudy Gay,Zach Randolph,2,0:55,MEM,shot,Mike Conley,,,,,,,,,O.J. Mayo,3,,,made,,3pt,9,27
Grant Hill,Leandro Barbosa,Louis Amundson,Robin Lopez,Steve Nash,Marcus Williams,Mike Conley,O.J. Mayo,Rudy Gay,Zach Randolph,2,0:45,PHX,shot,,,,,,,,,,Steve Nash,,,,missed,,fade away jumper,25,18
Grant Hill,Leandro Barbosa,Louis Amundson,Robin Lopez,Steve Nash,Marcus Williams,Mike Conley,O.J. Mayo,Rudy Gay,Zach Randolph,2,0:42,MEM,rebound,,,,,,,,,,O.J. Mayo,,,,,,def,,
Grant Hill,Leandro Barbosa,Louis Amundson,Robin Lopez,Steve Nash,Marcus Williams,Mike Conley,O.J. Mayo,Rudy Gay,Zach Randolph,2,0:35,MEM,shot,,,,,,,,,,O.J. Mayo,,,,missed,,layup,25,6
Grant Hill,Leandro Barbosa,Louis Amundson,Robin Lopez,Steve Nash,Marcus Williams,Mike Conley,O.J. Mayo,Rudy Gay,Zach Randolph,2,0:34,MEM,rebound,,,,,,,,,,Zach Randolph,,,,,,off,,
Grant Hill,Leandro Barbosa,Louis Amundson,Robin Lopez,Steve Nash,Marcus Williams,Mike Conley,O.J. Mayo,Rudy Gay,Zach Randolph,2,0:34,MEM,shot,,,,,,,,,,Zach Randolph,2,,,made,,putback layup,25,6
Grant Hill,Leandro Barbosa,Louis Amundson,Robin Lopez,Steve Nash,Marcus Williams,Mike Conley,O.J. Mayo,Rudy Gay,Zach Randolph,2,0:24,PHX,shot,,,,,,,,,,Leandro Barbosa,,,,missed,,3pt,48,7
Grant Hill,Leandro Barbosa,Louis Amundson,Robin Lopez,Steve Nash,Marcus Williams,Mike Conley,O.J. Mayo,Rudy Gay,Zach Randolph,2,0:22,MEM,rebound,,,,,,,,,,Mike Conley,,,,,,def,,
Grant Hill,Leandro Barbosa,Louis Amundson,Robin Lopez,Steve Nash,Marcus Williams,Mike Conley,O.J. Mayo,Rudy Gay,Zach Randolph,2,0:17,MEM,shot,Mike Conley,,,,,,,,,O.J. Mayo,2,,,made,,jump,43,15
Grant Hill,Leandro Barbosa,Louis Amundson,Robin Lopez,Steve Nash,Marcus Williams,Mike Conley,O.J. Mayo,Rudy Gay,Zach Randolph,2,0:01,PHX,timeout,,,,,,,,,,,,,,,,short,,
Grant Hill,Leandro Barbosa,Louis Amundson,Robin Lopez,Steve Nash,Hasheem Thabeet,Mike Conley,O.J. Mayo,Rudy Gay,Zach Randolph,2,0:01,MEM,sub,,,,Hasheem Thabeet,,Marcus Williams,,,,,,,,,,,,
Grant Hill,Leandro Barbosa,Louis Amundson,Robin Lopez,Steve Nash,Hasheem Thabeet,Mike Conley,O.J. Mayo,Rudy Gay,Zach Randolph,2,0:00,PHX,shot,,,,,,,,,,Grant Hill,,,,missed,,jump,8,13
Grant Hill,Leandro Barbosa,Louis Amundson,Robin Lopez,Steve Nash,Hasheem Thabeet,Mike Conley,O.J. Mayo,Rudy Gay,Zach Randolph,2,0:00,PHX,rebound,,,,,,,,,,,,,,,,,,
Amare Stoudemire,Grant Hill,Leandro Barbosa,Robin Lopez,Steve Nash,Marc Gasol,Mike Conley,O.J. Mayo,Rudy Gay,Zach Randolph,3,11:39,MEM,foul,,,,,,,,Grant Hill,,Mike Conley,,,,,,shooting,,
Amare Stoudemire,Grant Hill,Leandro Barbosa,Robin Lopez,Steve Nash,Marc Gasol,Mike Conley,O.J. Mayo,Rudy Gay,Zach Randolph,3,11:39,PHX,free throw,,,,,,,1,,2,Grant Hill,,,foul,made,,,,
Amare Stoudemire,Grant Hill,Leandro Barbosa,Robin Lopez,Steve Nash,Marc Gasol,Mike Conley,O.J. Mayo,Rudy Gay,Zach Randolph,3,11:39,PHX,free throw,,,,,,,2,,2,Grant Hill,,,foul,made,,,,
Amare Stoudemire,Grant Hill,Leandro Barbosa,Robin Lopez,Steve Nash,Marc Gasol,Mike Conley,O.J. Mayo,Rudy Gay,Zach Randolph,3,11:27,MEM,shot,Mike Conley,,,,,,,,,Marc Gasol,2,,,made,,turnaround jump,20,13
Amare Stoudemire,Grant Hill,Leandro Barbosa,Robin Lopez,Steve Nash,Marc Gasol,Mike Conley,O.J. Mayo,Rudy Gay,Zach Randolph,3,11:16,PHX,shot,Steve Nash,,,,,,,,,Robin Lopez,2,,,made,,layup,25,6
Amare Stoudemire,Grant Hill,Leandro Barbosa,Robin Lopez,Steve Nash,Marc Gasol,Mike Conley,O.J. Mayo,Rudy Gay,Zach Randolph,3,11:03,MEM,shot,Mike Conley,,,,,,,,,Zach Randolph,2,,,made,,layup,25,6
Amare Stoudemire,Grant Hill,Leandro Barbosa,Robin Lopez,Steve Nash,Marc Gasol,Mike Conley,O.J. Mayo,Rudy Gay,Zach Randolph,3,10:51,PHX,turnover,,,,,,,,,,Grant Hill,,,out of bounds lost ball turnover,,,,,
Amare Stoudemire,Grant Hill,Leandro Barbosa,Robin Lopez,Steve Nash,Marc Gasol,Mike Conley,O.J. Mayo,Rudy Gay,Zach Randolph,3,10:29,MEM,shot,Marc Gasol,,,,,,,,,Rudy Gay,3,,,made,,3pt,29,34
Amare Stoudemire,Grant Hill,Leandro Barbosa,Robin Lopez,Steve Nash,Marc Gasol,Mike Conley,O.J. Mayo,Rudy Gay,Zach Randolph,3,10:18,PHX,shot,,,Marc Gasol,,,,,,,Steve Nash,,,,missed,,reverse layup,25,6
Amare Stoudemire,Grant Hill,Leandro Barbosa,Robin Lopez,Steve Nash,Marc Gasol,Mike Conley,O.J. Mayo,Rudy Gay,Zach Randolph,3,10:17,MEM,rebound,,,,,,,,,,Mike Conley,,,,,,def,,
Amare Stoudemire,Grant Hill,Leandro Barbosa,Robin Lopez,Steve Nash,Marc Gasol,Mike Conley,O.J. Mayo,Rudy Gay,Zach Randolph,3,10:17,PHX,foul,,,,,,,,Mike Conley,,Robin Lopez,,,,,,personal,,
Amare Stoudemire,Grant Hill,Leandro Barbosa,Robin Lopez,Steve Nash,Marc Gasol,Mike Conley,O.J. Mayo,Rudy Gay,Zach Randolph,3,10:06,MEM,shot,,,,,,,,,,Zach Randolph,,,,missed,,layup,25,6
Amare Stoudemire,Grant Hill,Leandro Barbosa,Robin Lopez,Steve Nash,Marc Gasol,Mike Conley,O.J. Mayo,Rudy Gay,Zach Randolph,3,10:05,PHX,rebound,,,,,,,,,,Grant Hill,,,,,,def,,
Amare Stoudemire,Grant Hill,Leandro Barbosa,Robin Lopez,Steve Nash,Marc Gasol,Mike Conley,O.J. Mayo,Rudy Gay,Zach Randolph,3,9:58,PHX,shot,,,,,,,,,,Leandro Barbosa,,,,missed,,3pt,47,7
Amare Stoudemire,Grant Hill,Leandro Barbosa,Robin Lopez,Steve Nash,Marc Gasol,Mike Conley,O.J. Mayo,Rudy Gay,Zach Randolph,3,9:56,PHX,rebound,,,,,,,,,,Leandro Barbosa,,,,,,off,,
Amare Stoudemire,Grant Hill,Leandro Barbosa,Robin Lopez,Steve Nash,Marc Gasol,Mike Conley,O.J. Mayo,Rudy Gay,Zach Randolph,3,9:42,PHX,shot,,,,,,,,,,Grant Hill,,,,missed,,pullup jump,12,17
Amare Stoudemire,Grant Hill,Leandro Barbosa,Robin Lopez,Steve Nash,Marc Gasol,Mike Conley,O.J. Mayo,Rudy Gay,Zach Randolph,3,9:40,PHX,rebound,,,,,,,,,,Robin Lopez,,,,,,off,,
Amare Stoudemire,Grant Hill,Leandro Barbosa,Robin Lopez,Steve Nash,Marc Gasol,Mike Conley,O.J. Mayo,Rudy Gay,Zach Randolph,3,9:40,MEM,foul,,,,,,,,Robin Lopez,,Marc Gasol,,,,,,shooting,,
Amare Stoudemire,Grant Hill,Leandro Barbosa,Robin Lopez,Steve Nash,Marc Gasol,Mike Conley,O.J. Mayo,Rudy Gay,Zach Randolph,3,9:40,PHX,free throw,,,,,,,1,,2,Robin Lopez,,,foul,made,,,,
Amare Stoudemire,Grant Hill,Leandro Barbosa,Robin Lopez,Steve Nash,Marc Gasol,Mike Conley,O.J. Mayo,Rudy Gay,Zach Randolph,3,9:40,PHX,free throw,,,,,,,2,,2,Robin Lopez,,,foul,made,,,,
Amare Stoudemire,Grant Hill,Leandro Barbosa,Robin Lopez,Steve Nash,Marc Gasol,Mike Conley,O.J. Mayo,Rudy Gay,Zach Randolph,3,9:16,MEM,shot,,,,,,,,,,Rudy Gay,2,,,made,,pullup jump,29,16
Amare Stoudemire,Grant Hill,Leandro Barbosa,Robin Lopez,Steve Nash,Marc Gasol,Mike Conley,O.J. Mayo,Rudy Gay,Zach Randolph,3,9:00,PHX,shot,Steve Nash,,,,,,,,,Robin Lopez,2,,,made,,layup,25,6
Amare Stoudemire,Grant Hill,Leandro Barbosa,Robin Lopez,Steve Nash,Marc Gasol,Mike Conley,O.J. Mayo,Rudy Gay,Zach Randolph,3,8:43,MEM,shot,,,,,,,,,,Zach Randolph,,,,missed,,jump,12,14
Amare Stoudemire,Grant Hill,Leandro Barbosa,Robin Lopez,Steve Nash,Marc Gasol,Mike Conley,O.J. Mayo,Rudy Gay,Zach Randolph,3,8:42,PHX,rebound,,,,,,,,,,Grant Hill,,,,,,def,,
Amare Stoudemire,Grant Hill,Leandro Barbosa,Robin Lopez,Steve Nash,Marc Gasol,Mike Conley,O.J. Mayo,Rudy Gay,Zach Randolph,3,8:37,PHX,turnover,,,,,,,,,,Grant Hill,,,bad pass,,Marc Gasol,,,
Amare Stoudemire,Grant Hill,Leandro Barbosa,Robin Lopez,Steve Nash,Marc Gasol,Mike Conley,O.J. Mayo,Rudy Gay,Zach Randolph,3,8:30,MEM,shot,,,,,,,,,,O.J. Mayo,,,,missed,,3pt,10,28
Amare Stoudemire,Grant Hill,Leandro Barbosa,Robin Lopez,Steve Nash,Marc Gasol,Mike Conley,O.J. Mayo,Rudy Gay,Zach Randolph,3,8:28,PHX,rebound,,,,,,,,,,Amare Stoudemire,,,,,,def,,
Amare Stoudemire,Grant Hill,Leandro Barbosa,Robin Lopez,Steve Nash,Marc Gasol,Mike Conley,O.J. Mayo,Rudy Gay,Zach Randolph,3,8:19,PHX,shot,,,,,,,,,,Steve Nash,,,,missed,,3pt,36,29
Amare Stoudemire,Grant Hill,Leandro Barbosa,Robin Lopez,Steve Nash,Marc Gasol,Mike Conley,O.J. Mayo,Rudy Gay,Zach Randolph,3,8:18,PHX,rebound,,,,,,,,,,Amare Stoudemire,,,,,,off,,
Amare Stoudemire,Grant Hill,Leandro Barbosa,Robin Lopez,Steve Nash,Marc Gasol,Mike Conley,O.J. Mayo,Rudy Gay,Zach Randolph,3,8:14,PHX,shot,,,Rudy Gay,,,,,,,Robin Lopez,,,,missed,,layup,25,6
Amare Stoudemire,Grant Hill,Leandro Barbosa,Robin Lopez,Steve Nash,Marc Gasol,Mike Conley,O.J. Mayo,Rudy Gay,Zach Randolph,3,8:13,MEM,rebound,,,,,,,,,,Zach Randolph,,,,,,def,,
Amare Stoudemire,Grant Hill,Leandro Barbosa,Robin Lopez,Steve Nash,Marc Gasol,Mike Conley,O.J. Mayo,Rudy Gay,Zach Randolph,3,8:02,MEM,shot,,,,,,,,,,Marc Gasol,2,,,made,,layup,25,6
Amare Stoudemire,Grant Hill,Leandro Barbosa,Robin Lopez,Steve Nash,Marc Gasol,Mike Conley,O.J. Mayo,Rudy Gay,Zach Randolph,3,7:49,PHX,shot,Steve Nash,,,,,,,,,Amare Stoudemire,2,,,made,,dunk,25,6
Amare Stoudemire,Grant Hill,Leandro Barbosa,Robin Lopez,Steve Nash,Marc Gasol,Mike Conley,O.J. Mayo,Rudy Gay,Zach Randolph,3,7:26,MEM,shot,,,,,,,,,,Rudy Gay,,,,missed,,jump,17,27
Amare Stoudemire,Grant Hill,Leandro Barbosa,Robin Lopez,Steve Nash,Marc Gasol,Mike Conley,O.J. Mayo,Rudy Gay,Zach Randolph,3,7:25,PHX,rebound,,,,,,,,,,Leandro Barbosa,,,,,,def,,
Amare Stoudemire,Grant Hill,Leandro Barbosa,Robin Lopez,Steve Nash,Marc Gasol,Mike Conley,O.J. Mayo,Rudy Gay,Zach Randolph,3,7:21,PHX,shot,,,,,,,,,,Grant Hill,2,,,made,,dunk,25,6
Amare Stoudemire,Grant Hill,Leandro Barbosa,Robin Lopez,Steve Nash,Marc Gasol,Mike Conley,O.J. Mayo,Rudy Gay,Zach Randolph,3,7:00,PHX,foul,,,,,,,,Rudy Gay,,Steve Nash,,,,,,shooting,,
Amare Stoudemire,Grant Hill,Leandro Barbosa,Robin Lopez,Steve Nash,Marc Gasol,Mike Conley,O.J. Mayo,Rudy Gay,Zach Randolph,3,7:00,MEM,free throw,,,,,,,1,,2,Rudy Gay,,,foul,made,,,,
Amare Stoudemire,Grant Hill,Leandro Barbosa,Robin Lopez,Steve Nash,Marc Gasol,Mike Conley,O.J. Mayo,Rudy Gay,Zach Randolph,3,7:00,MEM,free throw,,,,,,,2,,2,Rudy Gay,,,foul,made,,,,
Amare Stoudemire,Grant Hill,Leandro Barbosa,Robin Lopez,Steve Nash,Marc Gasol,Mike Conley,O.J. Mayo,Rudy Gay,Zach Randolph,3,6:54,MEM,foul,,,,,,,,Steve Nash,,Marc Gasol,,,,,,shooting,,
Amare Stoudemire,Grant Hill,Leandro Barbosa,Robin Lopez,Steve Nash,Marc Gasol,Mike Conley,O.J. Mayo,Rudy Gay,Zach Randolph,3,6:54,PHX,free throw,,,,,,,1,,2,Steve Nash,,,foul,missed,,,,
Amare Stoudemire,Grant Hill,Leandro Barbosa,Robin Lopez,Steve Nash,Marc Gasol,Mike Conley,O.J. Mayo,Rudy Gay,Zach Randolph,3,6:54,PHX,rebound,,,,,,,,,,,,,,,,,,
Amare Stoudemire,Grant Hill,Leandro Barbosa,Robin Lopez,Steve Nash,Marc Gasol,Mike Conley,O.J. Mayo,Rudy Gay,Zach Randolph,3,6:54,PHX,free throw,,,,,,,2,,2,Steve Nash,,,foul,made,,,,
Amare Stoudemire,Grant Hill,Leandro Barbosa,Robin Lopez,Steve Nash,Marc Gasol,Mike Conley,O.J. Mayo,Rudy Gay,Zach Randolph,3,6:38,MEM,shot,,,,,,,,,,Marc Gasol,2,,,made,,turnaround hook,30,10
Amare Stoudemire,Grant Hill,Leandro Barbosa,Robin Lopez,Steve Nash,Marc Gasol,Mike Conley,O.J. Mayo,Rudy Gay,Zach Randolph,3,6:28,PHX,shot,Steve Nash,,,,,,,,,Leandro Barbosa,3,,,made,,3pt,2,19
Amare Stoudemire,Grant Hill,Leandro Barbosa,Robin Lopez,Steve Nash,Marc Gasol,Mike Conley,O.J. Mayo,Rudy Gay,Zach Randolph,3,6:09,MEM,shot,Mike Conley,,,,,,,,,Rudy Gay,3,,,made,,3pt,48,20
Amare Stoudemire,Grant Hill,Leandro Barbosa,Robin Lopez,Steve Nash,Marc Gasol,Mike Conley,O.J. Mayo,Rudy Gay,Zach Randolph,3,6:02,PHX,shot,,,,,,,,,,Grant Hill,,,,missed,,reverse layup,25,6
Amare Stoudemire,Grant Hill,Leandro Barbosa,Robin Lopez,Steve Nash,Marc Gasol,Mike Conley,O.J. Mayo,Rudy Gay,Zach Randolph,3,5:58,MEM,rebound,,,,,,,,,,Marc Gasol,,,,,,def,,
Amare Stoudemire,Grant Hill,Leandro Barbosa,Robin Lopez,Steve Nash,Marc Gasol,Mike Conley,O.J. Mayo,Rudy Gay,Zach Randolph,3,5:57,MEM,shot,,,,,,,,,,O.J. Mayo,2,,,made,,layup,25,6
Amare Stoudemire,Grant Hill,Leandro Barbosa,Robin Lopez,Steve Nash,Marc Gasol,Mike Conley,O.J. Mayo,Rudy Gay,Zach Randolph,3,5:57,PHX,foul,,,,,,,,O.J. Mayo,,Steve Nash,,,,,,shooting,,
Amare Stoudemire,Grant Hill,Leandro Barbosa,Robin Lopez,Steve Nash,Marc Gasol,Mike Conley,O.J. Mayo,Rudy Gay,Zach Randolph,3,5:57,MEM,timeout,,,,,,,,,,,,,,,,regular,,
Amare Stoudemire,Grant Hill,Jason Richardson,Robin Lopez,Steve Nash,Marc Gasol,Mike Conley,O.J. Mayo,Rudy Gay,Zach Randolph,3,5:57,PHX,sub,,,,Jason Richardson,,Leandro Barbosa,,,,,,,,,,,,
Amare Stoudemire,Grant Hill,Jason Richardson,Robin Lopez,Steve Nash,Mike Conley,O.J. Mayo,Rudy Gay,Steven Hunter,Zach Randolph,3,5:57,MEM,sub,,,,Steven Hunter,,Marc Gasol,,,,,,,,,,,,
Amare Stoudemire,Grant Hill,Jason Richardson,Robin Lopez,Steve Nash,Mike Conley,O.J. Mayo,Rudy Gay,Steven Hunter,Zach Randolph,3,5:57,MEM,free throw,,,,,,,1,,1,O.J. Mayo,,,foul,made,,,,
Amare Stoudemire,Grant Hill,Jason Richardson,Robin Lopez,Steve Nash,Mike Conley,O.J. Mayo,Rudy Gay,Steven Hunter,Zach Randolph,3,5:46,PHX,shot,,,,,,,,,,Jason Richardson,,,,missed,,step back jump,21,20
Amare Stoudemire,Grant Hill,Jason Richardson,Robin Lopez,Steve Nash,Mike Conley,O.J. Mayo,Rudy Gay,Steven Hunter,Zach Randolph,3,5:44,MEM,rebound,,,,,,,,,,Rudy Gay,,,,,,def,,
Amare Stoudemire,Grant Hill,Jason Richardson,Robin Lopez,Steve Nash,Mike Conley,O.J. Mayo,Rudy Gay,Steven Hunter,Zach Randolph,3,5:28,MEM,shot,O.J. Mayo,,,,,,,,,Zach Randolph,2,,,made,,jump,38,14
Amare Stoudemire,Grant Hill,Jason Richardson,Robin Lopez,Steve Nash,Mike Conley,O.J. Mayo,Rudy Gay,Steven Hunter,Zach Randolph,3,5:02,PHX,turnover,,,,,,,,,,,,,shot clock turnover,,,,,
Amare Stoudemire,Grant Hill,Jason Richardson,Robin Lopez,Steve Nash,Mike Conley,O.J. Mayo,Rudy Gay,Steven Hunter,Zach Randolph,3,4:48,MEM,shot,,,,,,,,,,Zach Randolph,,,,missed,,jump,41,7
Amare Stoudemire,Grant Hill,Jason Richardson,Robin Lopez,Steve Nash,Mike Conley,O.J. Mayo,Rudy Gay,Steven Hunter,Zach Randolph,3,4:47,PHX,rebound,,,,,,,,,,Amare Stoudemire,,,,,,def,,
Amare Stoudemire,Grant Hill,Jason Richardson,Robin Lopez,Steve Nash,Mike Conley,O.J. Mayo,Rudy Gay,Steven Hunter,Zach Randolph,3,4:42,PHX,shot,Steve Nash,,,,,,,,,Robin Lopez,2,,,made,,alley oop dunk,25,6
Amare Stoudemire,Grant Hill,Jason Richardson,Robin Lopez,Steve Nash,Mike Conley,O.J. Mayo,Rudy Gay,Steven Hunter,Zach Randolph,3,4:18,MEM,shot,,,,,,,,,,Rudy Gay,,,,missed,,3pt,20,31
Amare Stoudemire,Grant Hill,Jason Richardson,Robin Lopez,Steve Nash,Mike Conley,O.J. Mayo,Rudy Gay,Steven Hunter,Zach Randolph,3,4:15,MEM,rebound,,,,,,,,,,Zach Randolph,,,,,,off,,
Amare Stoudemire,Grant Hill,Jason Richardson,Robin Lopez,Steve Nash,Mike Conley,O.J. Mayo,Rudy Gay,Steven Hunter,Zach Randolph,3,4:15,MEM,shot,,,,,,,,,,Zach Randolph,,,,missed,,tip,25,6
Amare Stoudemire,Grant Hill,Jason Richardson,Robin Lopez,Steve Nash,Mike Conley,O.J. Mayo,Rudy Gay,Steven Hunter,Zach Randolph,3,4:13,PHX,rebound,,,,,,,,,,Jason Richardson,,,,,,def,,
Amare Stoudemire,Grant Hill,Jason Richardson,Robin Lopez,Steve Nash,Mike Conley,O.J. Mayo,Rudy Gay,Steven Hunter,Zach Randolph,3,4:10,MEM,foul,,,,,,,,Robin Lopez,,Rudy Gay,,,,,,shooting,,
Amare Stoudemire,Grant Hill,Jason Richardson,Robin Lopez,Steve Nash,Mike Conley,O.J. Mayo,Rudy Gay,Steven Hunter,Zach Randolph,3,4:10,PHX,free throw,,,,,,,1,,2,Robin Lopez,,,foul,missed,,,,
Amare Stoudemire,Grant Hill,Jason Richardson,Robin Lopez,Steve Nash,Mike Conley,O.J. Mayo,Rudy Gay,Steven Hunter,Zach Randolph,3,4:10,PHX,rebound,,,,,,,,,,,,,,,,,,
Amare Stoudemire,Grant Hill,Jason Richardson,Robin Lopez,Steve Nash,Mike Conley,O.J. Mayo,Rudy Gay,Steven Hunter,Zach Randolph,3,4:10,PHX,free throw,,,,,,,2,,2,Robin Lopez,,,foul,missed,,,,
Amare Stoudemire,Grant Hill,Jason Richardson,Robin Lopez,Steve Nash,Mike Conley,O.J. Mayo,Rudy Gay,Steven Hunter,Zach Randolph,3,4:08,MEM,rebound,,,,,,,,,,Zach Randolph,,,,,,def,,
Amare Stoudemire,Grant Hill,Jason Richardson,Robin Lopez,Steve Nash,Mike Conley,O.J. Mayo,Rudy Gay,Steven Hunter,Zach Randolph,3,3:50,MEM,shot,,,,,,,,,,O.J. Mayo,3,,,made,,3pt,39,26
Amare Stoudemire,Grant Hill,Jason Richardson,Robin Lopez,Steve Nash,Mike Conley,O.J. Mayo,Rudy Gay,Steven Hunter,Zach Randolph,3,3:42,PHX,shot,,,,,,,,,,Steve Nash,3,,,made,,3pt,8,28
Amare Stoudemire,Grant Hill,Jason Richardson,Robin Lopez,Steve Nash,Mike Conley,O.J. Mayo,Rudy Gay,Steven Hunter,Zach Randolph,3,3:22,MEM,turnover,,,,,,,,,,Zach Randolph,,,out of bounds lost ball turnover,,,,,
Amare Stoudemire,Jared Dudley,Jason Richardson,Robin Lopez,Steve Nash,Mike Conley,O.J. Mayo,Rudy Gay,Steven Hunter,Zach Randolph,3,3:22,PHX,sub,,,,Jared Dudley,,Grant Hill,,,,,,,,,,,,
Amare Stoudemire,Jared Dudley,Jason Richardson,Louis Amundson,Steve Nash,Mike Conley,O.J. Mayo,Rudy Gay,Steven Hunter,Zach Randolph,3,3:22,PHX,sub,,,,Louis Amundson,,Robin Lopez,,,,,,,,,,,,
Amare Stoudemire,Jared Dudley,Jason Richardson,Louis Amundson,Steve Nash,Mike Conley,O.J. Mayo,Rudy Gay,Steven Hunter,Zach Randolph,3,3:10,PHX,shot,,,,,,,,,,Amare Stoudemire,,,,missed,,running jump,19,12
Amare Stoudemire,Jared Dudley,Jason Richardson,Louis Amundson,Steve Nash,Mike Conley,O.J. Mayo,Rudy Gay,Steven Hunter,Zach Randolph,3,3:07,PHX,rebound,,,,,,,,,,Jared Dudley,,,,,,off,,
Amare Stoudemire,Jared Dudley,Jason Richardson,Louis Amundson,Steve Nash,Mike Conley,O.J. Mayo,Rudy Gay,Steven Hunter,Zach Randolph,3,3:01,PHX,shot,,,,,,,,,,Jason Richardson,,,,missed,,3pt,48,6
Amare Stoudemire,Jared Dudley,Jason Richardson,Louis Amundson,Steve Nash,Mike Conley,O.J. Mayo,Rudy Gay,Steven Hunter,Zach Randolph,3,2:59,PHX,rebound,,,,,,,,,,Jared Dudley,,,,,,off,,
Amare Stoudemire,Jared Dudley,Jason Richardson,Louis Amundson,Steve Nash,Mike Conley,O.J. Mayo,Rudy Gay,Steven Hunter,Zach Randolph,3,2:56,PHX,shot,Jared Dudley,,,,,,,,,Amare Stoudemire,2,,,made,,dunk,25,6
Amare Stoudemire,Jared Dudley,Jason Richardson,Louis Amundson,Steve Nash,Mike Conley,O.J. Mayo,Rudy Gay,Steven Hunter,Zach Randolph,3,2:39,MEM,shot,,,,,,,,,,Rudy Gay,,,,missed,,driving layup,25,6
Amare Stoudemire,Jared Dudley,Jason Richardson,Louis Amundson,Steve Nash,Mike Conley,O.J. Mayo,Rudy Gay,Steven Hunter,Zach Randolph,3,2:37,PHX,rebound,,,,,,,,,,Steve Nash,,,,,,def,,
Amare Stoudemire,Jared Dudley,Jason Richardson,Louis Amundson,Steve Nash,Mike Conley,O.J. Mayo,Rudy Gay,Steven Hunter,Zach Randolph,3,2:33,PHX,shot,,,Zach Randolph,,,,,,,Jason Richardson,,,,missed,,layup,25,6
Amare Stoudemire,Jared Dudley,Jason Richardson,Louis Amundson,Steve Nash,Mike Conley,O.J. Mayo,Rudy Gay,Steven Hunter,Zach Randolph,3,2:31,MEM,rebound,,,,,,,,,,Zach Randolph,,,,,,def,,
Amare Stoudemire,Jared Dudley,Jason Richardson,Louis Amundson,Steve Nash,Mike Conley,O.J. Mayo,Rudy Gay,Steven Hunter,Zach Randolph,3,2:31,PHX,foul,,,,,,,,Zach Randolph,,Jason Richardson,,,,,,personal,,
Amare Stoudemire,Jared Dudley,Jason Richardson,Louis Amundson,Steve Nash,Mike Conley,O.J. Mayo,Rudy Gay,Steven Hunter,Zach Randolph,3,2:31,PHX,timeout,,,,,,,,,,,,,,,,regular,,
Amare Stoudemire,Jared Dudley,Jason Richardson,Louis Amundson,Steve Nash,Mike Conley,O.J. Mayo,Rudy Gay,Steven Hunter,Zach Randolph,3,2:14,MEM,shot,,,,,,,,,,Zach Randolph,2,,,made,,layup,25,6
Amare Stoudemire,Jared Dudley,Jason Richardson,Louis Amundson,Steve Nash,Mike Conley,O.J. Mayo,Rudy Gay,Steven Hunter,Zach Randolph,3,1:57,PHX,shot,,,,,,,,,,Amare Stoudemire,,,,missed,,pullup jump,16,21
Amare Stoudemire,Jared Dudley,Jason Richardson,Louis Amundson,Steve Nash,Mike Conley,O.J. Mayo,Rudy Gay,Steven Hunter,Zach Randolph,3,1:54,MEM,rebound,,,,,,,,,,Mike Conley,,,,,,def,,
Amare Stoudemire,Jared Dudley,Jason Richardson,Louis Amundson,Steve Nash,Mike Conley,O.J. Mayo,Rudy Gay,Steven Hunter,Zach Randolph,3,1:42,MEM,turnover,,,,,,,,,,Mike Conley,,,bad pass,,Jared Dudley,,,
Amare Stoudemire,Jared Dudley,Jason Richardson,Louis Amundson,Steve Nash,Mike Conley,O.J. Mayo,Rudy Gay,Steven Hunter,Zach Randolph,3,1:37,PHX,shot,Jared Dudley,,,,,,,,,Steve Nash,2,,,made,,layup,25,6
Amare Stoudemire,Jared Dudley,Jason Richardson,Louis Amundson,Steve Nash,Mike Conley,O.J. Mayo,Rudy Gay,Steven Hunter,Zach Randolph,3,1:16,MEM,shot,,,,,,,,,,Rudy Gay,2,,,made,,pullup jump,31,24
Amare Stoudemire,Jared Dudley,Jason Richardson,Louis Amundson,Steve Nash,Mike Conley,O.J. Mayo,Rudy Gay,Steven Hunter,Zach Randolph,3,1:00,PHX,shot,,,,,,,,,,Steve Nash,2,,,made,,pullup jump,18,19
Amare Stoudemire,Jared Dudley,Jason Richardson,Louis Amundson,Steve Nash,Mike Conley,O.J. Mayo,Rudy Gay,Steven Hunter,Zach Randolph,3,0:45,MEM,shot,,,,,,,,,,O.J. Mayo,,,,missed,,3pt,13,29
Amare Stoudemire,Jared Dudley,Jason Richardson,Louis Amundson,Steve Nash,Mike Conley,O.J. Mayo,Rudy Gay,Steven Hunter,Zach Randolph,3,0:44,PHX,rebound,,,,,,,,,,Amare Stoudemire,,,,,,def,,
Amare Stoudemire,Jared Dudley,Jason Richardson,Louis Amundson,Steve Nash,Mike Conley,O.J. Mayo,Rudy Gay,Steven Hunter,Zach Randolph,3,0:38,PHX,shot,Steve Nash,,,,,,,,,Jared Dudley,3,,,made,,3pt,40,27
Amare Stoudemire,Jared Dudley,Jason Richardson,Louis Amundson,Steve Nash,Mike Conley,O.J. Mayo,Rudy Gay,Steven Hunter,Zach Randolph,3,0:14,MEM,shot,,,,,,,,,,Steven Hunter,,,,missed,,jump,45,7
Amare Stoudemire,Jared Dudley,Jason Richardson,Louis Amundson,Steve Nash,Mike Conley,O.J. Mayo,Rudy Gay,Steven Hunter,Zach Randolph,3,0:14,MEM,rebound,,,,,,,,,,,,,,,,,,
Amare Stoudemire,Jared Dudley,Jason Richardson,Louis Amundson,Steve Nash,Mike Conley,O.J. Mayo,Rudy Gay,Steven Hunter,Zach Randolph,3,0:14,MEM,turnover,,,,,,,,,,,,,shot clock turnover,,,,,
Amare Stoudemire,Jared Dudley,Jason Richardson,Louis Amundson,Steve Nash,Jamaal Tinsley,O.J. Mayo,Rudy Gay,Steven Hunter,Zach Randolph,3,0:14,MEM,sub,,,,Jamaal Tinsley,,Mike Conley,,,,,,,,,,,,
Amare Stoudemire,Jared Dudley,Jason Richardson,Louis Amundson,Steve Nash,DeMarre Carroll,Jamaal Tinsley,O.J. Mayo,Rudy Gay,Steven Hunter,3,0:14,MEM,sub,,,,DeMarre Carroll,,Zach Randolph,,,,,,,,,,,,
Amare Stoudemire,Jared Dudley,Jason Richardson,Louis Amundson,Steve Nash,DeMarre Carroll,Jamaal Tinsley,O.J. Mayo,Rudy Gay,Steven Hunter,3,0:05,PHX,shot,,,,,,,,,,Jared Dudley,,,,missed,,3pt,8,26
Amare Stoudemire,Jared Dudley,Jason Richardson,Louis Amundson,Steve Nash,DeMarre Carroll,Jamaal Tinsley,O.J. Mayo,Rudy Gay,Steven Hunter,3,0:03,MEM,rebound,,,,,,,,,,DeMarre Carroll,,,,,,def,,
Amare Stoudemire,Jared Dudley,Jason Richardson,Louis Amundson,Steve Nash,DeMarre Carroll,Jamaal Tinsley,O.J. Mayo,Rudy Gay,Steven Hunter,3,0:00,MEM,turnover,,,,,,,,,,Jamaal Tinsley,,,bad pass,,,,,
Channing Frye,Goran Dragic,Jared Dudley,Jason Richardson,Louis Amundson,DeMarre Carroll,Jamaal Tinsley,O.J. Mayo,Rudy Gay,Steven Hunter,4,11:40,MEM,turnover,,,,,,,,,,DeMarre Carroll,,,lost ball,,Jason Richardson,,,
Channing Frye,Goran Dragic,Jared Dudley,Jason Richardson,Louis Amundson,DeMarre Carroll,Jamaal Tinsley,O.J. Mayo,Rudy Gay,Steven Hunter,4,11:34,PHX,shot,Jared Dudley,,,,,,,,,Goran Dragic,3,,,made,,3pt,9,27
Channing Frye,Goran Dragic,Jared Dudley,Jason Richardson,Louis Amundson,DeMarre Carroll,Jamaal Tinsley,O.J. Mayo,Rudy Gay,Steven Hunter,4,11:17,MEM,shot,,,,,,,,,,DeMarre Carroll,2,,,made,,jump,17,23
Channing Frye,Goran Dragic,Jared Dudley,Jason Richardson,Louis Amundson,DeMarre Carroll,Jamaal Tinsley,O.J. Mayo,Rudy Gay,Steven Hunter,4,10:51,PHX,turnover,,,,,,,,,,,,,shot clock turnover,,,,,
Channing Frye,Goran Dragic,Jared Dudley,Jason Richardson,Louis Amundson,DeMarre Carroll,Jamaal Tinsley,O.J. Mayo,Rudy Gay,Steven Hunter,4,10:38,MEM,shot,DeMarre Carroll,,,,,,,,,Steven Hunter,2,,,made,,dunk,25,6
Channing Frye,Goran Dragic,Jared Dudley,Jason Richardson,Louis Amundson,DeMarre Carroll,Jamaal Tinsley,O.J. Mayo,Rudy Gay,Steven Hunter,4,10:23,PHX,shot,Jared Dudley,,,,,,,,,Jason Richardson,2,,,made,,turnaround bank,19,11
Channing Frye,Goran Dragic,Jared Dudley,Jason Richardson,Louis Amundson,DeMarre Carroll,Jamaal Tinsley,O.J. Mayo,Rudy Gay,Steven Hunter,4,10:04,MEM,shot,Jamaal Tinsley,,,,,,,,,Steven Hunter,2,,,made,,layup,25,6
Channing Frye,Goran Dragic,Jared Dudley,Jason Richardson,Louis Amundson,DeMarre Carroll,Jamaal Tinsley,O.J. Mayo,Rudy Gay,Steven Hunter,4,9:43,PHX,shot,Louis Amundson,,,,,,,,,Jared Dudley,2,,,made,,layup,25,6
Channing Frye,Goran Dragic,Jared Dudley,Jason Richardson,Louis Amundson,DeMarre Carroll,Jamaal Tinsley,O.J. Mayo,Rudy Gay,Steven Hunter,4,9:43,MEM,foul,,,,,,,,Jared Dudley,,Rudy Gay,,,,,,shooting,,
Channing Frye,Goran Dragic,Jared Dudley,Jason Richardson,Louis Amundson,DeMarre Carroll,Jamaal Tinsley,O.J. Mayo,Rudy Gay,Steven Hunter,4,9:43,PHX,free throw,,,,,,,1,,1,Jared Dudley,,,foul,made,,,,
Channing Frye,Goran Dragic,Jared Dudley,Jason Richardson,Louis Amundson,DeMarre Carroll,Jamaal Tinsley,O.J. Mayo,Rudy Gay,Steven Hunter,4,9:30,PHX,foul,,,,,,,,Rudy Gay,,Channing Frye,,,,,,shooting,,
Channing Frye,Goran Dragic,Jared Dudley,Jason Richardson,Louis Amundson,DeMarre Carroll,Jamaal Tinsley,O.J. Mayo,Rudy Gay,Steven Hunter,4,9:30,MEM,free throw,,,,,,,1,,2,Rudy Gay,,,foul,made,,,,
Channing Frye,Goran Dragic,Jared Dudley,Jason Richardson,Louis Amundson,DeMarre Carroll,Jamaal Tinsley,Rudy Gay,Steven Hunter,Zach Randolph,4,9:30,MEM,sub,,,,Zach Randolph,,O.J. Mayo,,,,,,,,,,,,
Channing Frye,Goran Dragic,Jared Dudley,Jason Richardson,Louis Amundson,DeMarre Carroll,Jamaal Tinsley,Rudy Gay,Sam Young,Zach Randolph,4,9:30,MEM,sub,,,,Sam Young,,Steven Hunter,,,,,,,,,,,,
Channing Frye,Goran Dragic,Jared Dudley,Jason Richardson,Louis Amundson,DeMarre Carroll,Jamaal Tinsley,Rudy Gay,Sam Young,Zach Randolph,4,9:30,MEM,free throw,,,,,,,2,,2,Rudy Gay,,,foul,made,,,,
Channing Frye,Goran Dragic,Jared Dudley,Jason Richardson,Louis Amundson,DeMarre Carroll,Jamaal Tinsley,Rudy Gay,Sam Young,Zach Randolph,4,9:11,PHX,shot,,,Rudy Gay,,,,,,,Goran Dragic,,,,missed,,layup,25,6
Channing Frye,Goran Dragic,Jared Dudley,Jason Richardson,Louis Amundson,DeMarre Carroll,Jamaal Tinsley,Rudy Gay,Sam Young,Zach Randolph,4,9:09,MEM,rebound,,,,,,,,,,Rudy Gay,,,,,,def,,
Channing Frye,Goran Dragic,Jared Dudley,Jason Richardson,Louis Amundson,DeMarre Carroll,Jamaal Tinsley,Rudy Gay,Sam Young,Zach Randolph,4,9:07,PHX,foul,,,,,,,,Rudy Gay,,Channing Frye,,,,,,shooting,,
Channing Frye,Goran Dragic,Jared Dudley,Jason Richardson,Louis Amundson,DeMarre Carroll,Jamaal Tinsley,Rudy Gay,Sam Young,Zach Randolph,4,9:07,MEM,free throw,,,,,,,1,,2,Rudy Gay,,,foul,made,,,,
Channing Frye,Goran Dragic,Jared Dudley,Jason Richardson,Louis Amundson,DeMarre Carroll,Jamaal Tinsley,Rudy Gay,Sam Young,Zach Randolph,4,9:07,MEM,free throw,,,,,,,2,,2,Rudy Gay,,,foul,missed,,,,
Channing Frye,Goran Dragic,Jared Dudley,Jason Richardson,Louis Amundson,DeMarre Carroll,Jamaal Tinsley,Rudy Gay,Sam Young,Zach Randolph,4,9:07,MEM,rebound,,,,,,,,,,Rudy Gay,,,,,,off,,
Channing Frye,Goran Dragic,Jared Dudley,Jason Richardson,Louis Amundson,DeMarre Carroll,Jamaal Tinsley,Rudy Gay,Sam Young,Zach Randolph,4,8:49,MEM,shot,,,,,,,,,,DeMarre Carroll,,,,missed,,jump,41,19
Channing Frye,Goran Dragic,Jared Dudley,Jason Richardson,Louis Amundson,DeMarre Carroll,Jamaal Tinsley,Rudy Gay,Sam Young,Zach Randolph,4,8:47,MEM,rebound,,,,,,,,,,DeMarre Carroll,,,,,,off,,
Channing Frye,Goran Dragic,Jared Dudley,Jason Richardson,Louis Amundson,DeMarre Carroll,Jamaal Tinsley,Rudy Gay,Sam Young,Zach Randolph,4,8:43,MEM,turnover,,,,,,,,,,Rudy Gay,,,bad pass,,Goran Dragic,,,
Channing Frye,Goran Dragic,Jared Dudley,Jason Richardson,Louis Amundson,DeMarre Carroll,Jamaal Tinsley,Rudy Gay,Sam Young,Zach Randolph,4,8:20,PHX,shot,,,,,,,,,,Channing Frye,,,,missed,,3pt,11,28
Channing Frye,Goran Dragic,Jared Dudley,Jason Richardson,Louis Amundson,DeMarre Carroll,Jamaal Tinsley,Rudy Gay,Sam Young,Zach Randolph,4,8:19,MEM,rebound,,,,,,,,,,Sam Young,,,,,,def,,
Channing Frye,Goran Dragic,Jared Dudley,Jason Richardson,Louis Amundson,DeMarre Carroll,Jamaal Tinsley,Rudy Gay,Sam Young,Zach Randolph,4,8:08,MEM,shot,,,,,,,,,,Zach Randolph,2,,,made,,running jump,25,12
Channing Frye,Goran Dragic,Jared Dudley,Jason Richardson,Louis Amundson,DeMarre Carroll,Jamaal Tinsley,Rudy Gay,Sam Young,Zach Randolph,4,8:06,PHX,turnover,,,,,,,,,,Channing Frye,,,inbound turnover,,,,,
Channing Frye,Goran Dragic,Jared Dudley,Jason Richardson,Louis Amundson,DeMarre Carroll,Jamaal Tinsley,Rudy Gay,Sam Young,Zach Randolph,4,8:06,MEM,timeout,,,,,,,,,,,,,,,,official,,
Goran Dragic,Grant Hill,Jared Dudley,Jason Richardson,Louis Amundson,DeMarre Carroll,Jamaal Tinsley,Rudy Gay,Sam Young,Zach Randolph,4,8:06,PHX,sub,,,,Grant Hill,,Channing Frye,,,,,,,,,,,,
Goran Dragic,Grant Hill,Jason Richardson,Louis Amundson,Robin Lopez,DeMarre Carroll,Jamaal Tinsley,Rudy Gay,Sam Young,Zach Randolph,4,8:06,PHX,sub,,,,Robin Lopez,,Jared Dudley,,,,,,,,,,,,
Amare Stoudemire,Grant Hill,Jason Richardson,Louis Amundson,Robin Lopez,DeMarre Carroll,Jamaal Tinsley,Rudy Gay,Sam Young,Zach Randolph,4,8:06,PHX,sub,,,,Amare Stoudemire,,Goran Dragic,,,,,,,,,,,,
Amare Stoudemire,Grant Hill,Jason Richardson,Robin Lopez,Steve Nash,DeMarre Carroll,Jamaal Tinsley,Rudy Gay,Sam Young,Zach Randolph,4,8:06,PHX,sub,,,,Steve Nash,,Louis Amundson,,,,,,,,,,,,
Amare Stoudemire,Grant Hill,Jason Richardson,Robin Lopez,Steve Nash,DeMarre Carroll,Jamaal Tinsley,O.J. Mayo,Sam Young,Zach Randolph,4,8:06,MEM,sub,,,,O.J. Mayo,,Rudy Gay,,,,,,,,,,,,
Amare Stoudemire,Grant Hill,Jason Richardson,Robin Lopez,Steve Nash,DeMarre Carroll,Jamaal Tinsley,O.J. Mayo,Sam Young,Zach Randolph,4,7:54,MEM,shot,,,,,,,,,,Zach Randolph,,,,missed,,jump,37,16
Amare Stoudemire,Grant Hill,Jason Richardson,Robin Lopez,Steve Nash,DeMarre Carroll,Jamaal Tinsley,O.J. Mayo,Sam Young,Zach Randolph,4,7:53,PHX,rebound,,,,,,,,,,Amare Stoudemire,,,,,,def,,
Amare Stoudemire,Grant Hill,Jason Richardson,Robin Lopez,Steve Nash,DeMarre Carroll,Jamaal Tinsley,O.J. Mayo,Sam Young,Zach Randolph,4,7:42,PHX,shot,Steve Nash,,,,,,,,,Amare Stoudemire,2,,,made,,turnaround jump,24,19
Amare Stoudemire,Grant Hill,Jason Richardson,Robin Lopez,Steve Nash,DeMarre Carroll,Jamaal Tinsley,O.J. Mayo,Sam Young,Zach Randolph,4,7:19,MEM,shot,,,,,,,,,,DeMarre Carroll,2,,,made,,jump,15,23
Amare Stoudemire,Grant Hill,Jason Richardson,Robin Lopez,Steve Nash,DeMarre Carroll,Jamaal Tinsley,O.J. Mayo,Sam Young,Zach Randolph,4,7:01,PHX,turnover,,,,,,,,,,Robin Lopez,,,lost ball,,O.J. Mayo,,,
Amare Stoudemire,Grant Hill,Jason Richardson,Robin Lopez,Steve Nash,DeMarre Carroll,Jamaal Tinsley,O.J. Mayo,Sam Young,Zach Randolph,4,6:56,MEM,shot,,,Jason Richardson,,,,,,,Zach Randolph,,,,missed,,layup,25,6
Amare Stoudemire,Grant Hill,Jason Richardson,Robin Lopez,Steve Nash,DeMarre Carroll,Jamaal Tinsley,O.J. Mayo,Sam Young,Zach Randolph,4,6:54,MEM,rebound,,,,,,,,,,DeMarre Carroll,,,,,,off,,
Amare Stoudemire,Grant Hill,Jason Richardson,Robin Lopez,Steve Nash,DeMarre Carroll,Jamaal Tinsley,O.J. Mayo,Sam Young,Zach Randolph,4,6:54,PHX,foul,,,,,,,,DeMarre Carroll,,Jason Richardson,,,,,,shooting,,
Amare Stoudemire,Grant Hill,Jason Richardson,Robin Lopez,Steve Nash,DeMarre Carroll,Mike Conley,O.J. Mayo,Sam Young,Zach Randolph,4,6:54,MEM,sub,,,,Mike Conley,,Jamaal Tinsley,,,,,,,,,,,,
Amare Stoudemire,Grant Hill,Jason Richardson,Robin Lopez,Steve Nash,DeMarre Carroll,Marc Gasol,Mike Conley,O.J. Mayo,Zach Randolph,4,6:54,MEM,sub,,,,Marc Gasol,,Sam Young,,,,,,,,,,,,
Amare Stoudemire,Grant Hill,Jason Richardson,Robin Lopez,Steve Nash,DeMarre Carroll,Marc Gasol,Mike Conley,O.J. Mayo,Zach Randolph,4,6:54,MEM,free throw,,,,,,,1,,2,DeMarre Carroll,,,foul,made,,,,
Amare Stoudemire,Grant Hill,Jason Richardson,Robin Lopez,Steve Nash,DeMarre Carroll,Marc Gasol,Mike Conley,O.J. Mayo,Zach Randolph,4,6:54,MEM,free throw,,,,,,,2,,2,DeMarre Carroll,,,foul,made,,,,
Amare Stoudemire,Grant Hill,Jason Richardson,Robin Lopez,Steve Nash,DeMarre Carroll,Marc Gasol,Mike Conley,O.J. Mayo,Zach Randolph,4,6:46,MEM,foul,,,,,,,,Steve Nash,,Mike Conley,,,,,,personal,,
Amare Stoudemire,Grant Hill,Jason Richardson,Robin Lopez,Steve Nash,DeMarre Carroll,Marc Gasol,Mike Conley,O.J. Mayo,Zach Randolph,4,6:40,PHX,turnover,,,,,,,,,,Steve Nash,,,bad pass,,Mike Conley,,,
Amare Stoudemire,Grant Hill,Jason Richardson,Robin Lopez,Steve Nash,DeMarre Carroll,Marc Gasol,Mike Conley,O.J. Mayo,Zach Randolph,4,6:37,MEM,turnover,,,,,,,,,,O.J. Mayo,,,out of bounds lost ball turnover,,,,,
Amare Stoudemire,Grant Hill,Jason Richardson,Robin Lopez,Steve Nash,DeMarre Carroll,Marc Gasol,Mike Conley,O.J. Mayo,Zach Randolph,4,6:31,PHX,turnover,,,,,,,,,,Steve Nash,,,lost ball,,Mike Conley,,,
Amare Stoudemire,Grant Hill,Jason Richardson,Robin Lopez,Steve Nash,DeMarre Carroll,Marc Gasol,Mike Conley,O.J. Mayo,Zach Randolph,4,6:31,PHX,foul,,,,,,,,Mike Conley,,Amare Stoudemire,,,,,,loose ball,,
Amare Stoudemire,Grant Hill,Jason Richardson,Robin Lopez,Steve Nash,DeMarre Carroll,Marc Gasol,Mike Conley,O.J. Mayo,Zach Randolph,4,6:18,MEM,shot,Mike Conley,,,,,,,,,Marc Gasol,2,,,made,,layup,25,6
Amare Stoudemire,Grant Hill,Jason Richardson,Robin Lopez,Steve Nash,DeMarre Carroll,Marc Gasol,Mike Conley,O.J. Mayo,Zach Randolph,4,6:03,PHX,shot,,,,,,,,,,Grant Hill,,,,missed,,3pt,48,7
Amare Stoudemire,Grant Hill,Jason Richardson,Robin Lopez,Steve Nash,DeMarre Carroll,Marc Gasol,Mike Conley,O.J. Mayo,Zach Randolph,4,6:02,MEM,rebound,,,,,,,,,,O.J. Mayo,,,,,,def,,
Amare Stoudemire,Grant Hill,Jason Richardson,Robin Lopez,Steve Nash,DeMarre Carroll,Marc Gasol,Mike Conley,O.J. Mayo,Zach Randolph,4,5:59,MEM,shot,,,,,,,,,,O.J. Mayo,2,,,made,,dunk,25,6
Amare Stoudemire,Grant Hill,Jason Richardson,Robin Lopez,Steve Nash,DeMarre Carroll,Marc Gasol,Mike Conley,O.J. Mayo,Zach Randolph,4,5:57,PHX,timeout,,,,,,,,,,,,,,,,regular,,
Amare Stoudemire,Grant Hill,Leandro Barbosa,Robin Lopez,Steve Nash,DeMarre Carroll,Marc Gasol,Mike Conley,O.J. Mayo,Zach Randolph,4,5:57,PHX,sub,,,,Leandro Barbosa,,Jason Richardson,,,,,,,,,,,,
Amare Stoudemire,Grant Hill,Leandro Barbosa,Robin Lopez,Steve Nash,DeMarre Carroll,Marc Gasol,Mike Conley,O.J. Mayo,Zach Randolph,4,5:41,PHX,shot,,,,,,,,,,Amare Stoudemire,2,,,made,,jump,30,14
Amare Stoudemire,Grant Hill,Leandro Barbosa,Robin Lopez,Steve Nash,DeMarre Carroll,Marc Gasol,Mike Conley,O.J. Mayo,Zach Randolph,4,5:15,MEM,shot,,,,,,,,,,Mike Conley,,,,missed,,jump,17,27
Amare Stoudemire,Grant Hill,Leandro Barbosa,Robin Lopez,Steve Nash,DeMarre Carroll,Marc Gasol,Mike Conley,O.J. Mayo,Zach Randolph,4,5:14,MEM,rebound,,,,,,,,,,Zach Randolph,,,,,,off,,
Amare Stoudemire,Grant Hill,Leandro Barbosa,Robin Lopez,Steve Nash,DeMarre Carroll,Marc Gasol,Mike Conley,O.J. Mayo,Zach Randolph,4,5:14,MEM,shot,,,,,,,,,,Zach Randolph,2,,,made,,tip,25,6
Amare Stoudemire,Grant Hill,Leandro Barbosa,Robin Lopez,Steve Nash,DeMarre Carroll,Marc Gasol,Mike Conley,O.J. Mayo,Zach Randolph,4,4:55,PHX,shot,,,,,,,,,,Amare Stoudemire,2,,,made,,fade away jumper,19,8
Amare Stoudemire,Grant Hill,Leandro Barbosa,Robin Lopez,Steve Nash,DeMarre Carroll,Marc Gasol,Mike Conley,O.J. Mayo,Zach Randolph,4,4:39,MEM,shot,,,Grant Hill,,,,,,,Marc Gasol,,,,missed,,layup,25,6
Amare Stoudemire,Grant Hill,Leandro Barbosa,Robin Lopez,Steve Nash,DeMarre Carroll,Marc Gasol,Mike Conley,O.J. Mayo,Zach Randolph,4,4:37,PHX,rebound,,,,,,,,,,Robin Lopez,,,,,,def,,
Amare Stoudemire,Grant Hill,Leandro Barbosa,Robin Lopez,Steve Nash,DeMarre Carroll,Marc Gasol,Mike Conley,O.J. Mayo,Zach Randolph,4,4:28,PHX,turnover,,,,,,,,,,Steve Nash,,,bad pass,,,,,
Amare Stoudemire,Grant Hill,Leandro Barbosa,Robin Lopez,Steve Nash,Marc Gasol,Mike Conley,O.J. Mayo,Rudy Gay,Zach Randolph,4,4:28,MEM,sub,,,,Rudy Gay,,DeMarre Carroll,,,,,,,,,,,,
Amare Stoudemire,Grant Hill,Leandro Barbosa,Robin Lopez,Steve Nash,Marc Gasol,Mike Conley,O.J. Mayo,Rudy Gay,Zach Randolph,4,4:17,MEM,shot,,,,,,,,,,Zach Randolph,,,,missed,,driving layup,25,6
Amare Stoudemire,Grant Hill,Leandro Barbosa,Robin Lopez,Steve Nash,Marc Gasol,Mike Conley,O.J. Mayo,Rudy Gay,Zach Randolph,4,4:14,PHX,rebound,,,,,,,,,,Leandro Barbosa,,,,,,def,,
Amare Stoudemire,Grant Hill,Leandro Barbosa,Robin Lopez,Steve Nash,Marc Gasol,Mike Conley,O.J. Mayo,Rudy Gay,Zach Randolph,4,4:09,PHX,shot,,,,,,,,,,Leandro Barbosa,2,,,made,,layup,25,6
Amare Stoudemire,Grant Hill,Leandro Barbosa,Robin Lopez,Steve Nash,Marc Gasol,Mike Conley,O.J. Mayo,Rudy Gay,Zach Randolph,4,3:47,MEM,shot,,,,,,,,,,O.J. Mayo,3,,,made,,3pt,11,28
Amare Stoudemire,Grant Hill,Leandro Barbosa,Robin Lopez,Steve Nash,Marc Gasol,Mike Conley,O.J. Mayo,Rudy Gay,Zach Randolph,4,3:36,PHX,shot,,,,,,,,,,Steve Nash,3,,,made,,3pt,22,31
Amare Stoudemire,Grant Hill,Leandro Barbosa,Robin Lopez,Steve Nash,Marc Gasol,Mike Conley,O.J. Mayo,Rudy Gay,Zach Randolph,4,3:11,MEM,shot,,,,,,,,,,Zach Randolph,,,,missed,,running bank,20,9
Amare Stoudemire,Grant Hill,Leandro Barbosa,Robin Lopez,Steve Nash,Marc Gasol,Mike Conley,O.J. Mayo,Rudy Gay,Zach Randolph,4,3:11,MEM,rebound,,,,,,,,,,,,,,,,,,
Amare Stoudemire,Grant Hill,Leandro Barbosa,Robin Lopez,Steve Nash,Marc Gasol,Mike Conley,O.J. Mayo,Rudy Gay,Zach Randolph,4,3:11,PHX,foul,,,,,,,,Marc Gasol,,Amare Stoudemire,,,,,,loose ball,,
Amare Stoudemire,Grant Hill,Leandro Barbosa,Robin Lopez,Steve Nash,Marc Gasol,Mike Conley,O.J. Mayo,Rudy Gay,Zach Randolph,4,3:11,MEM,free throw,,,,,,,1,,2,Marc Gasol,,,foul,made,,,,
Amare Stoudemire,Grant Hill,Leandro Barbosa,Robin Lopez,Steve Nash,Marc Gasol,Mike Conley,O.J. Mayo,Rudy Gay,Zach Randolph,4,3:11,MEM,free throw,,,,,,,2,,2,Marc Gasol,,,foul,made,,,,
Amare Stoudemire,Grant Hill,Leandro Barbosa,Robin Lopez,Steve Nash,Marc Gasol,Mike Conley,O.J. Mayo,Rudy Gay,Zach Randolph,4,3:02,PHX,shot,,,,,,,,,,Leandro Barbosa,,,,missed,,3pt,47,20
Amare Stoudemire,Grant Hill,Leandro Barbosa,Robin Lopez,Steve Nash,Marc Gasol,Mike Conley,O.J. Mayo,Rudy Gay,Zach Randolph,4,3:01,MEM,rebound,,,,,,,,,,Zach Randolph,,,,,,def,,
Amare Stoudemire,Grant Hill,Leandro Barbosa,Robin Lopez,Steve Nash,Marc Gasol,Mike Conley,O.J. Mayo,Rudy Gay,Zach Randolph,4,2:46,MEM,shot,,,Robin Lopez,,,,,,,Zach Randolph,,,,missed,,turnaround jump,24,11
Amare Stoudemire,Grant Hill,Leandro Barbosa,Robin Lopez,Steve Nash,Marc Gasol,Mike Conley,O.J. Mayo,Rudy Gay,Zach Randolph,4,2:43,PHX,rebound,,,,,,,,,,Grant Hill,,,,,,def,,
Amare Stoudemire,Grant Hill,Leandro Barbosa,Robin Lopez,Steve Nash,Marc Gasol,Mike Conley,O.J. Mayo,Rudy Gay,Zach Randolph,4,2:39,PHX,shot,,,,,,,,,,Steve Nash,,,,missed,,3pt,9,26
Amare Stoudemire,Grant Hill,Leandro Barbosa,Robin Lopez,Steve Nash,Marc Gasol,Mike Conley,O.J. Mayo,Rudy Gay,Zach Randolph,4,2:38,MEM,rebound,,,,,,,,,,Marc Gasol,,,,,,def,,
Amare Stoudemire,Grant Hill,Leandro Barbosa,Robin Lopez,Steve Nash,Marc Gasol,Mike Conley,O.J. Mayo,Rudy Gay,Zach Randolph,4,2:22,MEM,shot,Mike Conley,,,,,,,,,Marc Gasol,2,,,made,,layup,25,6
Amare Stoudemire,Grant Hill,Leandro Barbosa,Robin Lopez,Steve Nash,Marc Gasol,Mike Conley,O.J. Mayo,Rudy Gay,Zach Randolph,4,2:09,PHX,shot,Leandro Barbosa,,,,,,,,,Robin Lopez,2,,,made,,layup,25,6
Amare Stoudemire,Grant Hill,Leandro Barbosa,Robin Lopez,Steve Nash,Marc Gasol,Mike Conley,O.J. Mayo,Rudy Gay,Zach Randolph,4,2:09,MEM,foul,,,,,,,,Robin Lopez,,Zach Randolph,,,,,,shooting,,
Amare Stoudemire,Grant Hill,Leandro Barbosa,Robin Lopez,Steve Nash,Marc Gasol,Mike Conley,O.J. Mayo,Rudy Gay,Zach Randolph,4,2:09,MEM,timeout,,,,,,,,,,,,,,,,regular,,
Amare Stoudemire,Grant Hill,Leandro Barbosa,Robin Lopez,Steve Nash,Marc Gasol,Mike Conley,O.J. Mayo,Rudy Gay,Zach Randolph,4,2:09,PHX,free throw,,,,,,,1,,1,Robin Lopez,,,foul,made,,,,
Amare Stoudemire,Grant Hill,Leandro Barbosa,Robin Lopez,Steve Nash,Marc Gasol,Mike Conley,O.J. Mayo,Rudy Gay,Zach Randolph,4,1:50,PHX,foul,,,,,,,,Zach Randolph,,Grant Hill,,,,,,shooting,,
Amare Stoudemire,Grant Hill,Leandro Barbosa,Robin Lopez,Steve Nash,Marc Gasol,Mike Conley,O.J. Mayo,Rudy Gay,Zach Randolph,4,1:50,MEM,free throw,,,,,,,1,,2,Zach Randolph,,,foul,made,,,,
Amare Stoudemire,Grant Hill,Leandro Barbosa,Robin Lopez,Steve Nash,Marc Gasol,Mike Conley,O.J. Mayo,Rudy Gay,Zach Randolph,4,1:50,MEM,free throw,,,,,,,2,,2,Zach Randolph,,,foul,missed,,,,
Amare Stoudemire,Grant Hill,Leandro Barbosa,Robin Lopez,Steve Nash,Marc Gasol,Mike Conley,O.J. Mayo,Rudy Gay,Zach Randolph,4,1:49,PHX,rebound,,,,,,,,,,Amare Stoudemire,,,,,,def,,
Amare Stoudemire,Grant Hill,Leandro Barbosa,Robin Lopez,Steve Nash,Marc Gasol,Mike Conley,O.J. Mayo,Rudy Gay,Zach Randolph,4,1:37,PHX,shot,,,,,,,,,,Steve Nash,2,,,made,,jump,37,6
Amare Stoudemire,Grant Hill,Leandro Barbosa,Robin Lopez,Steve Nash,Marc Gasol,Mike Conley,O.J. Mayo,Rudy Gay,Zach Randolph,4,1:15,MEM,shot,,,,,,,,,,Mike Conley,2,,,made,,floating jump,19,12
Amare Stoudemire,Grant Hill,Leandro Barbosa,Robin Lopez,Steve Nash,Marc Gasol,Mike Conley,O.J. Mayo,Rudy Gay,Zach Randolph,4,1:07,PHX,shot,Steve Nash,,,,,,,,,Grant Hill,3,,,made,,3pt,34,30
Amare Stoudemire,Grant Hill,Leandro Barbosa,Robin Lopez,Steve Nash,Marc Gasol,Mike Conley,O.J. Mayo,Rudy Gay,Zach Randolph,4,0:50,MEM,turnover,,,,,,,,,,Mike Conley,,,lost ball,,Leandro Barbosa,,,
Amare Stoudemire,Grant Hill,Leandro Barbosa,Robin Lopez,Steve Nash,Marc Gasol,Mike Conley,O.J. Mayo,Rudy Gay,Zach Randolph,4,0:47,PHX,shot,Steve Nash,,,,,,,,,Leandro Barbosa,2,,,made,,layup,25,6
Amare Stoudemire,Grant Hill,Leandro Barbosa,Robin Lopez,Steve Nash,Marc Gasol,Mike Conley,O.J. Mayo,Rudy Gay,Zach Randolph,4,0:47,MEM,timeout,,,,,,,,,,,,,,,,short,,
Amare Stoudemire,Grant Hill,Leandro Barbosa,Robin Lopez,Steve Nash,Marc Gasol,Mike Conley,O.J. Mayo,Rudy Gay,Zach Randolph,4,0:46,PHX,foul,,,,,,,,Marc Gasol,,Robin Lopez,,,,,,personal,,
Amare Stoudemire,Grant Hill,Leandro Barbosa,Robin Lopez,Steve Nash,Marc Gasol,Mike Conley,O.J. Mayo,Rudy Gay,Zach Randolph,4,0:46,MEM,free throw,,,,,,,1,,2,Marc Gasol,,,foul,missed,,,,
Amare Stoudemire,Grant Hill,Leandro Barbosa,Robin Lopez,Steve Nash,Marc Gasol,Mike Conley,O.J. Mayo,Rudy Gay,Zach Randolph,4,0:46,MEM,rebound,,,,,,,,,,,,,,,,,,
Amare Stoudemire,Grant Hill,Leandro Barbosa,Robin Lopez,Steve Nash,Marc Gasol,Mike Conley,O.J. Mayo,Rudy Gay,Zach Randolph,4,0:46,MEM,free throw,,,,,,,2,,2,Marc Gasol,,,foul,made,,,,
Amare Stoudemire,Grant Hill,Leandro Barbosa,Robin Lopez,Steve Nash,Marc Gasol,Mike Conley,O.J. Mayo,Rudy Gay,Zach Randolph,4,0:46,PHX,timeout,,,,,,,,,,,,,,,,short,,
Amare Stoudemire,Grant Hill,Leandro Barbosa,Robin Lopez,Steve Nash,Marc Gasol,Mike Conley,O.J. Mayo,Rudy Gay,Zach Randolph,4,0:44,PHX,shot,,,,,,,,,,Leandro Barbosa,,,,missed,,3pt,17,31
Amare Stoudemire,Grant Hill,Leandro Barbosa,Robin Lopez,Steve Nash,Marc Gasol,Mike Conley,O.J. Mayo,Rudy Gay,Zach Randolph,4,0:42,MEM,rebound,,,,,,,,,,Rudy Gay,,,,,,def,,
Amare Stoudemire,Grant Hill,Leandro Barbosa,Robin Lopez,Steve Nash,Marc Gasol,Mike Conley,O.J. Mayo,Rudy Gay,Zach Randolph,4,0:38,MEM,turnover,,,,,,,,,,Rudy Gay,,,lost ball,,Robin Lopez,,,
Amare Stoudemire,Grant Hill,Leandro Barbosa,Robin Lopez,Steve Nash,Marc Gasol,Mike Conley,O.J. Mayo,Rudy Gay,Zach Randolph,4,0:34,PHX,shot,,,,,,,,,,Steve Nash,,,,missed,,3pt,11,28
Amare Stoudemire,Grant Hill,Leandro Barbosa,Robin Lopez,Steve Nash,Marc Gasol,Mike Conley,O.J. Mayo,Rudy Gay,Zach Randolph,4,0:34,PHX,rebound,,,,,,,,,,Grant Hill,,,,,,off,,
Amare Stoudemire,Grant Hill,Leandro Barbosa,Robin Lopez,Steve Nash,Marc Gasol,Mike Conley,O.J. Mayo,Rudy Gay,Zach Randolph,4,0:30,PHX,shot,,,,,,,,,,Leandro Barbosa,,,,missed,,3pt,4,24
Amare Stoudemire,Grant Hill,Leandro Barbosa,Robin Lopez,Steve Nash,Marc Gasol,Mike Conley,O.J. Mayo,Rudy Gay,Zach Randolph,4,0:29,MEM,rebound,,,,,,,,,,Rudy Gay,,,,,,def,,
Amare Stoudemire,Grant Hill,Leandro Barbosa,Robin Lopez,Steve Nash,Marc Gasol,Mike Conley,O.J. Mayo,Rudy Gay,Zach Randolph,4,0:28,PHX,foul,,,,,,,,Rudy Gay,,Robin Lopez,,,,,,personal,,
Amare Stoudemire,Grant Hill,Leandro Barbosa,Robin Lopez,Steve Nash,Marc Gasol,Mike Conley,O.J. Mayo,Rudy Gay,Zach Randolph,4,0:28,MEM,free throw,,,,,,,1,,2,Rudy Gay,,,foul,missed,,,,
Amare Stoudemire,Grant Hill,Leandro Barbosa,Robin Lopez,Steve Nash,Marc Gasol,Mike Conley,O.J. Mayo,Rudy Gay,Zach Randolph,4,0:28,MEM,rebound,,,,,,,,,,,,,,,,,,
Amare Stoudemire,Grant Hill,Leandro Barbosa,Robin Lopez,Steve Nash,Marc Gasol,Mike Conley,O.J. Mayo,Rudy Gay,Zach Randolph,4,0:28,MEM,free throw,,,,,,,2,,2,Rudy Gay,,,foul,made,,,,
Amare Stoudemire,Grant Hill,Leandro Barbosa,Robin Lopez,Steve Nash,Marc Gasol,Mike Conley,O.J. Mayo,Rudy Gay,Zach Randolph,4,0:28,PHX,timeout,,,,,,,,,,,,,,,,short,,
Amare Stoudemire,Grant Hill,Leandro Barbosa,Robin Lopez,Steve Nash,Marc Gasol,Mike Conley,O.J. Mayo,Rudy Gay,Zach Randolph,4,0:21,PHX,shot,Steve Nash,,,,,,,,,Leandro Barbosa,3,,,made,,3pt,18,32
Amare Stoudemire,Grant Hill,Leandro Barbosa,Robin Lopez,Steve Nash,Marc Gasol,Mike Conley,O.J. Mayo,Rudy Gay,Zach Randolph,4,0:21,MEM,timeout,,,,,,,,,,,,,,,,short,,
Grant Hill,Jared Dudley,Leandro Barbosa,Robin Lopez,Steve Nash,Marc Gasol,Mike Conley,O.J. Mayo,Rudy Gay,Zach Randolph,4,0:21,PHX,sub,,,,Jared Dudley,,Amare Stoudemire,,,,,,,,,,,,
Grant Hill,Jared Dudley,Leandro Barbosa,Louis Amundson,Steve Nash,Marc Gasol,Mike Conley,O.J. Mayo,Rudy Gay,Zach Randolph,4,0:21,PHX,sub,,,,Louis Amundson,,Robin Lopez,,,,,,,,,,,,
Grant Hill,Jared Dudley,Leandro Barbosa,Louis Amundson,Steve Nash,Marc Gasol,Mike Conley,O.J. Mayo,Rudy Gay,Zach Randolph,4,0:20,PHX,foul,,,,,,,,Marc Gasol,,Steve Nash,,,,,,personal,,
Grant Hill,Jared Dudley,Leandro Barbosa,Louis Amundson,Steve Nash,Marc Gasol,Mike Conley,O.J. Mayo,Rudy Gay,Zach Randolph,4,0:20,MEM,free throw,,,,,,,1,,2,Marc Gasol,,,foul,made,,,,
Amare Stoudemire,Grant Hill,Jared Dudley,Leandro Barbosa,Steve Nash,Marc Gasol,Mike Conley,O.J. Mayo,Rudy Gay,Zach Randolph,4,0:20,PHX,sub,,,,Amare Stoudemire,,Louis Amundson,,,,,,,,,,,,
Amare Stoudemire,Grant Hill,Leandro Barbosa,Robin Lopez,Steve Nash,Marc Gasol,Mike Conley,O.J. Mayo,Rudy Gay,Zach Randolph,4,0:20,PHX,sub,,,,Robin Lopez,,Jared Dudley,,,,,,,,,,,,
Amare Stoudemire,Grant Hill,Leandro Barbosa,Robin Lopez,Steve Nash,Marc Gasol,Mike Conley,O.J. Mayo,Rudy Gay,Zach Randolph,4,0:20,MEM,free throw,,,,,,,2,,2,Marc Gasol,,,foul,made,,,,
Amare Stoudemire,Grant Hill,Leandro Barbosa,Robin Lopez,Steve Nash,Marc Gasol,Mike Conley,O.J. Mayo,Rudy Gay,Zach Randolph,4,0:11,PHX,turnover,,,,,,,,,,Steve Nash,,,bad pass,,,,,
Amare Stoudemire,Grant Hill,Leandro Barbosa,Robin Lopez,Steve Nash,Marc Gasol,Mike Conley,O.J. Mayo,Rudy Gay,Zach Randolph,4,0:11,PHX,foul,,,,,,,,Zach Randolph,,Robin Lopez,,,,,,personal,,
Amare Stoudemire,Channing Frye,Grant Hill,Leandro Barbosa,Steve Nash,Marc Gasol,Mike Conley,O.J. Mayo,Rudy Gay,Zach Randolph,4,0:11,PHX,sub,,,,Channing Frye,,Robin Lopez,,,,,,,,,,,,
Amare Stoudemire,Channing Frye,Grant Hill,Leandro Barbosa,Steve Nash,Marc Gasol,Mike Conley,O.J. Mayo,Rudy Gay,Zach Randolph,4,0:11,MEM,free throw,,,,,,,1,,2,Zach Randolph,,,foul,made,,,,
Amare Stoudemire,Channing Frye,Grant Hill,Leandro Barbosa,Steve Nash,Marc Gasol,Mike Conley,O.J. Mayo,Rudy Gay,Zach Randolph,4,0:11,MEM,free throw,,,,,,,2,,2,Zach Randolph,,,foul,made,,,,
Amare Stoudemire,Channing Frye,Grant Hill,Leandro Barbosa,Steve Nash,Marc Gasol,Mike Conley,O.J. Mayo,Rudy Gay,Zach Randolph,4,0:11,PHX,timeout,,,,,,,,,,,,,,,,regular,,
Amare Stoudemire,Channing Frye,Grant Hill,Leandro Barbosa,Steve Nash,DeMarre Carroll,Mike Conley,O.J. Mayo,Rudy Gay,Zach Randolph,4,0:11,MEM,sub,,,,DeMarre Carroll,,Marc Gasol,,,,,,,,,,,,
Amare Stoudemire,Channing Frye,Grant Hill,Leandro Barbosa,Steve Nash,DeMarre Carroll,Mike Conley,O.J. Mayo,Rudy Gay,Zach Randolph,4,0:04,PHX,shot,,,,,,,,,,Leandro Barbosa,,,,missed,,3pt,37,30
Amare Stoudemire,Channing Frye,Grant Hill,Leandro Barbosa,Steve Nash,DeMarre Carroll,Mike Conley,O.J. Mayo,Rudy Gay,Zach Randolph,4,0:02,MEM,rebound,,,,,,,,,,,,,,,,,,
