a1,a2,a3,a4,a5,h1,h2,h3,h4,h5,period,time,team,etype,assist,away,block,entered,home,left,num,opponent,outof,player,points,possession,reason,result,steal,type,x,y
Jeff Green,Kevin Durant,Nenad Krstic,Russell Westbrook,Thabo Sefolosha,Al Horford,Joe Johnson,Josh Smith,Marvin Williams,Mike Bibby,1,12:00,OFF,jump ball,,Jeff Green,,,Josh Smith,,,,,,,Mike Bibby,,,,,,
Jeff Green,Kevin Durant,Nenad Krstic,Russell Westbrook,Thabo Sefolosha,Al Horford,Joe Johnson,Josh Smith,Marvin Williams,Mike Bibby,1,11:47,OKC,foul,,,,,,,,,,Nenad Krstic,,,,,,defense 3 second,,
Jeff Green,Kevin Durant,Nenad Krstic,Russell Westbrook,Thabo Sefolosha,Al Horford,Joe Johnson,Josh Smith,Marvin Williams,Mike Bibby,1,11:47,ATL,free throw,,,,,,,1,,1,Joe Johnson,,,technical,made,,,,
Jeff Green,Kevin Durant,Nenad Krstic,Russell Westbrook,Thabo Sefolosha,Al Horford,Joe Johnson,Josh Smith,Marvin Williams,Mike Bibby,1,11:37,ATL,shot,Joe Johnson,,,,,,,,,Josh Smith,2,,,made,,driving layup,26,5
Jeff Green,Kevin Durant,Nenad Krstic,Russell Westbrook,Thabo Sefolosha,Al Horford,Joe Johnson,Josh Smith,Marvin Williams,Mike Bibby,1,11:18,OKC,shot,,,,,,,,,,Russell Westbrook,,,,missed,,driving layup,27,8
Jeff Green,Kevin Durant,Nenad Krstic,Russell Westbrook,Thabo Sefolosha,Al Horford,Joe Johnson,Josh Smith,Marvin Williams,Mike Bibby,1,11:17,OKC,rebound,,,,,,,,,,Russell Westbrook,,,,,,off,,
Jeff Green,Kevin Durant,Nenad Krstic,Russell Westbrook,Thabo Sefolosha,Al Horford,Joe Johnson,Josh Smith,Marvin Williams,Mike Bibby,1,11:07,OKC,shot,Kevin Durant,,,,,,,,,Nenad Krstic,2,,,made,,running dunk,25,6
Jeff Green,Kevin Durant,Nenad Krstic,Russell Westbrook,Thabo Sefolosha,Al Horford,Joe Johnson,Josh Smith,Marvin Williams,Mike Bibby,1,10:46,ATL,shot,Joe Johnson,,,,,,,,,Mike Bibby,2,,,made,,jump,42,7
Jeff Green,Kevin Durant,Nenad Krstic,Russell Westbrook,Thabo Sefolosha,Al Horford,Joe Johnson,Josh Smith,Marvin Williams,Mike Bibby,1,10:26,OKC,shot,Nenad Krstic,,,,,,,,,Kevin Durant,2,,,made,,jump,7,17
Jeff Green,Kevin Durant,Nenad Krstic,Russell Westbrook,Thabo Sefolosha,Al Horford,Joe Johnson,Josh Smith,Marvin Williams,Mike Bibby,1,10:11,ATL,shot,,,,,,,,,,Al Horford,,,,missed,,hook,21,12
Jeff Green,Kevin Durant,Nenad Krstic,Russell Westbrook,Thabo Sefolosha,Al Horford,Joe Johnson,Josh Smith,Marvin Williams,Mike Bibby,1,10:09,OKC,rebound,,,,,,,,,,Jeff Green,,,,,,def,,
Jeff Green,Kevin Durant,Nenad Krstic,Russell Westbrook,Thabo Sefolosha,Al Horford,Joe Johnson,Josh Smith,Marvin Williams,Mike Bibby,1,10:01,OKC,shot,,,,,,,,,,Jeff Green,,,,missed,,jump,28,11
Jeff Green,Kevin Durant,Nenad Krstic,Russell Westbrook,Thabo Sefolosha,Al Horford,Joe Johnson,Josh Smith,Marvin Williams,Mike Bibby,1,10:00,ATL,rebound,,,,,,,,,,Al Horford,,,,,,def,,
Jeff Green,Kevin Durant,Nenad Krstic,Russell Westbrook,Thabo Sefolosha,Al Horford,Joe Johnson,Josh Smith,Marvin Williams,Mike Bibby,1,9:54,ATL,shot,Mike Bibby,,,,,,,,,Josh Smith,2,,,made,,driving layup,27,6
Jeff Green,Kevin Durant,Nenad Krstic,Russell Westbrook,Thabo Sefolosha,Al Horford,Joe Johnson,Josh Smith,Marvin Williams,Mike Bibby,1,9:54,OKC,foul,,,,,,,,Josh Smith,,Nenad Krstic,,,,,,shooting,,
Jeff Green,Kevin Durant,Nenad Krstic,Russell Westbrook,Thabo Sefolosha,Al Horford,Joe Johnson,Josh Smith,Marvin Williams,Mike Bibby,1,9:54,ATL,free throw,,,,,,,1,,1,Josh Smith,,,foul,made,,,,
Jeff Green,Kevin Durant,Nenad Krstic,Russell Westbrook,Thabo Sefolosha,Al Horford,Joe Johnson,Josh Smith,Marvin Williams,Mike Bibby,1,9:42,OKC,shot,Russell Westbrook,,,,,,,,,Thabo Sefolosha,3,,,made,,3pt,1,11
Jeff Green,Kevin Durant,Nenad Krstic,Russell Westbrook,Thabo Sefolosha,Al Horford,Joe Johnson,Josh Smith,Marvin Williams,Mike Bibby,1,9:23,ATL,shot,,,,,,,,,,Joe Johnson,,,,missed,,3pt,42,23
Jeff Green,Kevin Durant,Nenad Krstic,Russell Westbrook,Thabo Sefolosha,Al Horford,Joe Johnson,Josh Smith,Marvin Williams,Mike Bibby,1,9:22,OKC,rebound,,,,,,,,,,Kevin Durant,,,,,,def,,
Jeff Green,Kevin Durant,Nenad Krstic,Russell Westbrook,Thabo Sefolosha,Al Horford,Joe Johnson,Josh Smith,Marvin Williams,Mike Bibby,1,9:17,ATL,foul,,,,,,,,Kevin Durant,,Marvin Williams,,,,,,shooting,,
Jeff Green,Kevin Durant,Nenad Krstic,Russell Westbrook,Thabo Sefolosha,Al Horford,Joe Johnson,Josh Smith,Marvin Williams,Mike Bibby,1,9:17,OKC,free throw,,,,,,,1,,2,Kevin Durant,,,foul,made,,,,
Jeff Green,Kevin Durant,Nenad Krstic,Russell Westbrook,Thabo Sefolosha,Al Horford,Joe Johnson,Josh Smith,Marvin Williams,Mike Bibby,1,9:17,OKC,free throw,,,,,,,2,,2,Kevin Durant,,,foul,made,,,,
Jeff Green,Kevin Durant,Nenad Krstic,Russell Westbrook,Thabo Sefolosha,Al Horford,Joe Johnson,Josh Smith,Marvin Williams,Mike Bibby,1,9:03,ATL,shot,,,,,,,,,,Al Horford,,,,missed,,jump,6,9
Jeff Green,Kevin Durant,Nenad Krstic,Russell Westbrook,Thabo Sefolosha,Al Horford,Joe Johnson,Josh Smith,Marvin Williams,Mike Bibby,1,9:01,OKC,rebound,,,,,,,,,,Thabo Sefolosha,,,,,,def,,
Jeff Green,Kevin Durant,Nenad Krstic,Russell Westbrook,Thabo Sefolosha,Al Horford,Joe Johnson,Josh Smith,Marvin Williams,Mike Bibby,1,8:47,OKC,shot,,,,,,,,,,Jeff Green,,,,missed,,jump,5,8
Jeff Green,Kevin Durant,Nenad Krstic,Russell Westbrook,Thabo Sefolosha,Al Horford,Joe Johnson,Josh Smith,Marvin Williams,Mike Bibby,1,8:45,ATL,rebound,,,,,,,,,,,,,,,,,,
Jeff Green,Kevin Durant,Nenad Krstic,Russell Westbrook,Thabo Sefolosha,Al Horford,Joe Johnson,Josh Smith,Marvin Williams,Mike Bibby,1,8:27,ATL,shot,,,,,,,,,,Marvin Williams,,,,missed,,fade away jumper,23,17
Jeff Green,Kevin Durant,Nenad Krstic,Russell Westbrook,Thabo Sefolosha,Al Horford,Joe Johnson,Josh Smith,Marvin Williams,Mike Bibby,1,8:25,OKC,rebound,,,,,,,,,,Jeff Green,,,,,,def,,
Jeff Green,Kevin Durant,Nenad Krstic,Russell Westbrook,Thabo Sefolosha,Al Horford,Joe Johnson,Josh Smith,Marvin Williams,Mike Bibby,1,8:11,ATL,foul,,,,,,,,Nenad Krstic,,Joe Johnson,,,,,,personal,,
Jeff Green,Kevin Durant,Nenad Krstic,Russell Westbrook,Thabo Sefolosha,Al Horford,Joe Johnson,Josh Smith,Marvin Williams,Mike Bibby,1,8:03,OKC,shot,,,,,,,,,,Russell Westbrook,,,,missed,,driving layup,22,6
Jeff Green,Kevin Durant,Nenad Krstic,Russell Westbrook,Thabo Sefolosha,Al Horford,Joe Johnson,Josh Smith,Marvin Williams,Mike Bibby,1,8:02,ATL,rebound,,,,,,,,,,Al Horford,,,,,,def,,
Jeff Green,Kevin Durant,Nenad Krstic,Russell Westbrook,Thabo Sefolosha,Al Horford,Joe Johnson,Josh Smith,Marvin Williams,Mike Bibby,1,7:55,ATL,shot,Mike Bibby,,,,,,,,,Josh Smith,2,,,made,,layup,23,6
Jeff Green,Kevin Durant,Nenad Krstic,Russell Westbrook,Thabo Sefolosha,Al Horford,Joe Johnson,Josh Smith,Marvin Williams,Mike Bibby,1,7:38,OKC,shot,,,,,,,,,,Jeff Green,,,,missed,,running layup,23,6
Jeff Green,Kevin Durant,Nenad Krstic,Russell Westbrook,Thabo Sefolosha,Al Horford,Joe Johnson,Josh Smith,Marvin Williams,Mike Bibby,1,7:37,ATL,rebound,,,,,,,,,,Al Horford,,,,,,def,,
Jeff Green,Kevin Durant,Nenad Krstic,Russell Westbrook,Thabo Sefolosha,Al Horford,Joe Johnson,Josh Smith,Marvin Williams,Mike Bibby,1,7:31,ATL,shot,Josh Smith,,,,,,,,,Marvin Williams,2,,,made,,running layup,23,5
Jeff Green,Kevin Durant,Nenad Krstic,Russell Westbrook,Thabo Sefolosha,Al Horford,Joe Johnson,Josh Smith,Marvin Williams,Mike Bibby,1,7:12,ATL,foul,,,,,,,,Kevin Durant,,Josh Smith,,,,,,personal,,
Jeff Green,Kevin Durant,Nenad Krstic,Russell Westbrook,Thabo Sefolosha,Al Horford,Joe Johnson,Josh Smith,Marvin Williams,Mike Bibby,1,7:06,OKC,shot,Russell Westbrook,,,,,,,,,Kevin Durant,2,,,made,,jump,9,15
Jeff Green,Kevin Durant,Nenad Krstic,Russell Westbrook,Thabo Sefolosha,Al Horford,Joe Johnson,Josh Smith,Marvin Williams,Mike Bibby,1,6:49,ATL,shot,Mike Bibby,,,,,,,,,Joe Johnson,2,,,made,,driving jump,21,7
Jeff Green,Kevin Durant,Nenad Krstic,Russell Westbrook,Thabo Sefolosha,Al Horford,Joe Johnson,Josh Smith,Marvin Williams,Mike Bibby,1,6:39,OKC,timeout,,,,,,,,,,,,,,,,regular,,
Jeff Green,Kevin Durant,Nenad Krstic,Russell Westbrook,Thabo Sefolosha,Al Horford,Joe Johnson,Josh Smith,Marvin Williams,Mike Bibby,1,6:27,OKC,shot,,,,,,,,,,Kevin Durant,,,,missed,,jump,11,21
Jeff Green,Kevin Durant,Nenad Krstic,Russell Westbrook,Thabo Sefolosha,Al Horford,Joe Johnson,Josh Smith,Marvin Williams,Mike Bibby,1,6:25,OKC,rebound,,,,,,,,,,Nenad Krstic,,,,,,off,,
Jeff Green,Kevin Durant,Nenad Krstic,Russell Westbrook,Thabo Sefolosha,Al Horford,Joe Johnson,Josh Smith,Marvin Williams,Mike Bibby,1,6:25,OKC,shot,,,,,,,,,,Nenad Krstic,,,,missed,,tip,25,6
Jeff Green,Kevin Durant,Nenad Krstic,Russell Westbrook,Thabo Sefolosha,Al Horford,Joe Johnson,Josh Smith,Marvin Williams,Mike Bibby,1,6:23,OKC,rebound,,,,,,,,,,Thabo Sefolosha,,,,,,off,,
Jeff Green,Kevin Durant,Nenad Krstic,Russell Westbrook,Thabo Sefolosha,Al Horford,Joe Johnson,Josh Smith,Marvin Williams,Mike Bibby,1,6:14,ATL,foul,,,,,,,,Nenad Krstic,,Marvin Williams,,,,,,shooting,,
Jeff Green,Kevin Durant,Nenad Krstic,Russell Westbrook,Thabo Sefolosha,Al Horford,Joe Johnson,Josh Smith,Marvin Williams,Mike Bibby,1,6:14,OKC,free throw,,,,,,,1,,2,Nenad Krstic,,,foul,made,,,,
Jeff Green,Kevin Durant,Nenad Krstic,Russell Westbrook,Thabo Sefolosha,Al Horford,Joe Johnson,Josh Smith,Maurice Evans,Mike Bibby,1,6:14,ATL,sub,,,,Maurice Evans,,Marvin Williams,,,,,,,,,,,,
Jeff Green,Kevin Durant,Nenad Krstic,Russell Westbrook,Thabo Sefolosha,Al Horford,Joe Johnson,Josh Smith,Maurice Evans,Mike Bibby,1,6:14,OKC,free throw,,,,,,,2,,2,Nenad Krstic,,,foul,made,,,,
Jeff Green,Kevin Durant,Nenad Krstic,Russell Westbrook,Thabo Sefolosha,Al Horford,Joe Johnson,Josh Smith,Maurice Evans,Mike Bibby,1,5:54,ATL,shot,,,,,,,,,,Joe Johnson,,,,missed,,driving layup,26,8
Jeff Green,Kevin Durant,Nenad Krstic,Russell Westbrook,Thabo Sefolosha,Al Horford,Joe Johnson,Josh Smith,Maurice Evans,Mike Bibby,1,5:51,ATL,rebound,,,,,,,,,,Joe Johnson,,,,,,off,,
Jeff Green,Kevin Durant,Nenad Krstic,Russell Westbrook,Thabo Sefolosha,Al Horford,Joe Johnson,Josh Smith,Maurice Evans,Mike Bibby,1,5:47,ATL,shot,,,,,,,,,,Joe Johnson,,,,missed,,3pt,48,9
Jeff Green,Kevin Durant,Nenad Krstic,Russell Westbrook,Thabo Sefolosha,Al Horford,Joe Johnson,Josh Smith,Maurice Evans,Mike Bibby,1,5:43,ATL,rebound,,,,,,,,,,Josh Smith,,,,,,off,,
Jeff Green,Kevin Durant,Nenad Krstic,Russell Westbrook,Thabo Sefolosha,Al Horford,Joe Johnson,Josh Smith,Maurice Evans,Mike Bibby,1,5:39,ATL,shot,Josh Smith,,,,,,,,,Joe Johnson,2,,,made,,layup,23,5
Jeff Green,Kevin Durant,Nenad Krstic,Russell Westbrook,Thabo Sefolosha,Al Horford,Joe Johnson,Josh Smith,Maurice Evans,Mike Bibby,1,5:21,OKC,turnover,,,,,,,,,,Jeff Green,,,bad pass,,,,,
Jeff Green,Kevin Durant,Nenad Krstic,Russell Westbrook,Thabo Sefolosha,Al Horford,Joe Johnson,Josh Smith,Maurice Evans,Mike Bibby,1,5:09,ATL,shot,,,,,,,,,,Maurice Evans,,,,missed,,jump,43,13
Jeff Green,Kevin Durant,Nenad Krstic,Russell Westbrook,Thabo Sefolosha,Al Horford,Joe Johnson,Josh Smith,Maurice Evans,Mike Bibby,1,5:07,OKC,rebound,,,,,,,,,,Jeff Green,,,,,,def,,
Jeff Green,Kevin Durant,Nenad Krstic,Russell Westbrook,Thabo Sefolosha,Al Horford,Joe Johnson,Josh Smith,Maurice Evans,Mike Bibby,1,5:01,OKC,shot,,,,,,,,,,Russell Westbrook,2,,,made,,jump,18,22
Jeff Green,Kevin Durant,Nenad Krstic,Russell Westbrook,Thabo Sefolosha,Al Horford,Joe Johnson,Josh Smith,Maurice Evans,Mike Bibby,1,4:37,ATL,shot,,,,,,,,,,Mike Bibby,,,,missed,,3pt,38,27
Jeff Green,Kevin Durant,Nenad Krstic,Russell Westbrook,Thabo Sefolosha,Al Horford,Joe Johnson,Josh Smith,Maurice Evans,Mike Bibby,1,4:35,OKC,rebound,,,,,,,,,,Kevin Durant,,,,,,def,,
Jeff Green,Kevin Durant,Nenad Krstic,Russell Westbrook,Thabo Sefolosha,Al Horford,Joe Johnson,Josh Smith,Maurice Evans,Mike Bibby,1,4:29,OKC,shot,Russell Westbrook,,,,,,,,,Nenad Krstic,2,,,made,,layup,27,5
Jeff Green,Kevin Durant,Nenad Krstic,Russell Westbrook,Thabo Sefolosha,Al Horford,Joe Johnson,Josh Smith,Maurice Evans,Mike Bibby,1,4:09,ATL,turnover,,,,,,,,,,Joe Johnson,,,traveling,,,,,
Jeff Green,Kevin Durant,Nenad Krstic,Russell Westbrook,Thabo Sefolosha,Al Horford,Jamal Crawford,Joe Johnson,Josh Smith,Maurice Evans,1,4:09,ATL,sub,,,,Jamal Crawford,,Mike Bibby,,,,,,,,,,,,
Jeff Green,Kevin Durant,Nenad Krstic,Russell Westbrook,Thabo Sefolosha,Al Horford,Jamal Crawford,Joe Johnson,Josh Smith,Maurice Evans,1,3:52,ATL,foul,,,,,,,,Kevin Durant,,Al Horford,,,,,,shooting,,
Jeff Green,Kevin Durant,Nenad Krstic,Russell Westbrook,Thabo Sefolosha,Al Horford,Jamal Crawford,Joe Johnson,Josh Smith,Maurice Evans,1,3:52,OKC,free throw,,,,,,,1,,2,Kevin Durant,,,foul,made,,,,
James Harden,Kevin Durant,Nenad Krstic,Russell Westbrook,Thabo Sefolosha,Al Horford,Jamal Crawford,Joe Johnson,Josh Smith,Maurice Evans,1,3:52,OKC,sub,,,,James Harden,,Jeff Green,,,,,,,,,,,,
James Harden,Kevin Durant,Nenad Krstic,Russell Westbrook,Serge Ibaka,Al Horford,Jamal Crawford,Joe Johnson,Josh Smith,Maurice Evans,1,3:52,OKC,sub,,,,Serge Ibaka,,Thabo Sefolosha,,,,,,,,,,,,
James Harden,Kevin Durant,Nenad Krstic,Russell Westbrook,Serge Ibaka,Al Horford,Jamal Crawford,Joe Johnson,Josh Smith,Maurice Evans,1,3:52,OKC,free throw,,,,,,,2,,2,Kevin Durant,,,foul,made,,,,
James Harden,Kevin Durant,Nenad Krstic,Russell Westbrook,Serge Ibaka,Al Horford,Jamal Crawford,Joe Johnson,Josh Smith,Maurice Evans,1,3:39,OKC,foul,,,,,,,,Al Horford,,Serge Ibaka,,,,,,personal,,
James Harden,Kevin Durant,Nenad Krstic,Russell Westbrook,Serge Ibaka,Al Horford,Jamal Crawford,Joe Johnson,Josh Smith,Maurice Evans,1,3:28,ATL,shot,,,,,,,,,,Jamal Crawford,2,,,made,,jump,43,13
James Harden,Kevin Durant,Nenad Krstic,Russell Westbrook,Serge Ibaka,Al Horford,Jamal Crawford,Joe Johnson,Josh Smith,Maurice Evans,1,3:11,OKC,shot,,,,,,,,,,Russell Westbrook,,,,missed,,jump,38,19
James Harden,Kevin Durant,Nenad Krstic,Russell Westbrook,Serge Ibaka,Al Horford,Jamal Crawford,Joe Johnson,Josh Smith,Maurice Evans,1,3:10,ATL,rebound,,,,,,,,,,Josh Smith,,,,,,def,,
James Harden,Kevin Durant,Nenad Krstic,Russell Westbrook,Serge Ibaka,Al Horford,Jamal Crawford,Joe Johnson,Josh Smith,Maurice Evans,1,3:05,ATL,turnover,,,,,,,,,,Josh Smith,,,lost ball,,Russell Westbrook,,,
James Harden,Kevin Durant,Nenad Krstic,Russell Westbrook,Serge Ibaka,Al Horford,Jamal Crawford,Joe Johnson,Josh Smith,Maurice Evans,1,3:01,OKC,shot,Russell Westbrook,,,,,,,,,Kevin Durant,2,,,made,,running dunk,25,6
James Harden,Kevin Durant,Nenad Krstic,Russell Westbrook,Serge Ibaka,Al Horford,Jamal Crawford,Joe Johnson,Josh Smith,Maurice Evans,1,2:39,ATL,shot,,,,,,,,,,Al Horford,,,,missed,,layup,26,6
James Harden,Kevin Durant,Nenad Krstic,Russell Westbrook,Serge Ibaka,Al Horford,Jamal Crawford,Joe Johnson,Josh Smith,Maurice Evans,1,2:38,OKC,rebound,,,,,,,,,,James Harden,,,,,,def,,
James Harden,Kevin Durant,Nenad Krstic,Russell Westbrook,Serge Ibaka,Al Horford,Jamal Crawford,Joe Johnson,Josh Smith,Maurice Evans,1,2:34,OKC,shot,,,,,,,,,,James Harden,,,,missed,,running layup,27,7
James Harden,Kevin Durant,Nenad Krstic,Russell Westbrook,Serge Ibaka,Al Horford,Jamal Crawford,Joe Johnson,Josh Smith,Maurice Evans,1,2:32,OKC,rebound,,,,,,,,,,Nenad Krstic,,,,,,off,,
James Harden,Kevin Durant,Nenad Krstic,Russell Westbrook,Serge Ibaka,Al Horford,Jamal Crawford,Joe Johnson,Josh Smith,Maurice Evans,1,2:32,OKC,shot,,,,,,,,,,Nenad Krstic,,,,missed,,tip,25,6
James Harden,Kevin Durant,Nenad Krstic,Russell Westbrook,Serge Ibaka,Al Horford,Jamal Crawford,Joe Johnson,Josh Smith,Maurice Evans,1,2:31,OKC,rebound,,,,,,,,,,Nenad Krstic,,,,,,off,,
James Harden,Kevin Durant,Nenad Krstic,Russell Westbrook,Serge Ibaka,Al Horford,Jamal Crawford,Joe Johnson,Josh Smith,Maurice Evans,1,2:31,OKC,shot,,,,,,,,,,Nenad Krstic,2,,,made,,tip,25,6
James Harden,Kevin Durant,Nenad Krstic,Russell Westbrook,Serge Ibaka,Al Horford,Jamal Crawford,Joe Johnson,Josh Smith,Maurice Evans,1,2:17,ATL,shot,,,,,,,,,,Jamal Crawford,,,,missed,,jump,22,10
James Harden,Kevin Durant,Nenad Krstic,Russell Westbrook,Serge Ibaka,Al Horford,Jamal Crawford,Joe Johnson,Josh Smith,Maurice Evans,1,2:15,ATL,rebound,,,,,,,,,,Al Horford,,,,,,off,,
James Harden,Kevin Durant,Nenad Krstic,Russell Westbrook,Serge Ibaka,Al Horford,Jamal Crawford,Joe Johnson,Josh Smith,Maurice Evans,1,2:11,ATL,shot,,,,,,,,,,Jamal Crawford,,,,missed,,jump,28,22
James Harden,Kevin Durant,Nenad Krstic,Russell Westbrook,Serge Ibaka,Al Horford,Jamal Crawford,Joe Johnson,Josh Smith,Maurice Evans,1,2:10,ATL,rebound,,,,,,,,,,Al Horford,,,,,,off,,
James Harden,Kevin Durant,Nenad Krstic,Russell Westbrook,Serge Ibaka,Al Horford,Jamal Crawford,Joe Johnson,Josh Smith,Maurice Evans,1,2:10,ATL,shot,,,,,,,,,,Al Horford,,,,missed,,putback layup,25,6
James Harden,Kevin Durant,Nenad Krstic,Russell Westbrook,Serge Ibaka,Al Horford,Jamal Crawford,Joe Johnson,Josh Smith,Maurice Evans,1,2:08,ATL,rebound,,,,,,,,,,Jamal Crawford,,,,,,off,,
James Harden,Kevin Durant,Nenad Krstic,Russell Westbrook,Serge Ibaka,Al Horford,Jamal Crawford,Joe Johnson,Josh Smith,Maurice Evans,1,2:06,ATL,shot,Jamal Crawford,,,,,,,,,Al Horford,2,,,made,,layup,25,6
James Harden,Kevin Durant,Nenad Krstic,Russell Westbrook,Serge Ibaka,Al Horford,Jamal Crawford,Joe Johnson,Josh Smith,Maurice Evans,1,1:40,OKC,shot,Russell Westbrook,,,,,,,,,Serge Ibaka,2,,,made,,fade away jumper,34,16
James Harden,Kevin Durant,Nenad Krstic,Russell Westbrook,Serge Ibaka,Al Horford,Jamal Crawford,Joe Johnson,Josh Smith,Maurice Evans,1,1:19,ATL,shot,Jamal Crawford,,,,,,,,,Al Horford,2,,,made,,running hook,17,10
James Harden,Kevin Durant,Nenad Krstic,Russell Westbrook,Serge Ibaka,Al Horford,Jamal Crawford,Joe Johnson,Josh Smith,Maurice Evans,1,1:09,OKC,shot,,,,,,,,,,Russell Westbrook,2,,,made,,driving dunk,25,6
James Harden,Kevin Durant,Nenad Krstic,Russell Westbrook,Serge Ibaka,Al Horford,Jamal Crawford,Joe Johnson,Josh Smith,Maurice Evans,1,0:53,ATL,shot,,,,,,,,,,Maurice Evans,,,,missed,,jump,15,22
James Harden,Kevin Durant,Nenad Krstic,Russell Westbrook,Serge Ibaka,Al Horford,Jamal Crawford,Joe Johnson,Josh Smith,Maurice Evans,1,0:51,OKC,rebound,,,,,,,,,,James Harden,,,,,,def,,
James Harden,Kevin Durant,Nenad Krstic,Russell Westbrook,Serge Ibaka,Al Horford,Jamal Crawford,Joe Johnson,Josh Smith,Maurice Evans,1,0:39,OKC,shot,,,,,,,,,,Kevin Durant,,,,missed,,jump,34,9
James Harden,Kevin Durant,Nenad Krstic,Russell Westbrook,Serge Ibaka,Al Horford,Jamal Crawford,Joe Johnson,Josh Smith,Maurice Evans,1,0:39,OKC,rebound,,,,,,,,,,Kevin Durant,,,,,,off,,
James Harden,Kevin Durant,Nenad Krstic,Russell Westbrook,Serge Ibaka,Al Horford,Jamal Crawford,Joe Johnson,Josh Smith,Maurice Evans,1,0:39,ATL,foul,,,,,,,,Kevin Durant,,Maurice Evans,,,,,,shooting,,
James Harden,Kevin Durant,Nenad Krstic,Russell Westbrook,Serge Ibaka,Al Horford,Jamal Crawford,Joe Johnson,Josh Smith,Maurice Evans,1,0:39,ATL,timeout,,,,,,,,,,,,,,,,regular,,
James Harden,Kevin Durant,Nenad Krstic,Russell Westbrook,Serge Ibaka,Jamal Crawford,Joe Johnson,Josh Smith,Maurice Evans,Zaza Pachulia,1,0:39,ATL,sub,,,,Zaza Pachulia,,Al Horford,,,,,,,,,,,,
James Harden,Kevin Durant,Nenad Krstic,Russell Westbrook,Serge Ibaka,Jamal Crawford,Jeff Teague,Josh Smith,Maurice Evans,Zaza Pachulia,1,0:39,ATL,sub,,,,Jeff Teague,,Joe Johnson,,,,,,,,,,,,
B.J. Mullens,James Harden,Kevin Durant,Russell Westbrook,Serge Ibaka,Jamal Crawford,Jeff Teague,Josh Smith,Maurice Evans,Zaza Pachulia,1,0:39,OKC,sub,,,,B.J. Mullens,,Nenad Krstic,,,,,,,,,,,,
B.J. Mullens,James Harden,Kevin Durant,Russell Westbrook,Serge Ibaka,Jamal Crawford,Jeff Teague,Josh Smith,Maurice Evans,Zaza Pachulia,1,0:39,OKC,free throw,,,,,,,1,,2,Kevin Durant,,,foul,made,,,,
B.J. Mullens,James Harden,Kevin Durant,Russell Westbrook,Serge Ibaka,Jamal Crawford,Jeff Teague,Josh Smith,Maurice Evans,Zaza Pachulia,1,0:39,OKC,free throw,,,,,,,2,,2,Kevin Durant,,,foul,made,,,,
B.J. Mullens,James Harden,Kevin Durant,Russell Westbrook,Serge Ibaka,Jamal Crawford,Jeff Teague,Josh Smith,Maurice Evans,Zaza Pachulia,1,0:24,ATL,shot,,,Serge Ibaka,,,,,,,Josh Smith,,,,missed,,driving layup,25,6
B.J. Mullens,James Harden,Kevin Durant,Russell Westbrook,Serge Ibaka,Jamal Crawford,Jeff Teague,Josh Smith,Maurice Evans,Zaza Pachulia,1,0:24,ATL,rebound,,,,,,,,,,,,,,,,,,
B.J. Mullens,James Harden,Kevin Durant,Russell Westbrook,Serge Ibaka,Jamal Crawford,Jeff Teague,Josh Smith,Maurice Evans,Zaza Pachulia,1,0:24,ATL,timeout,,,,,,,,,,,,,,,,short,,
B.J. Mullens,James Harden,Kevin Durant,Russell Westbrook,Serge Ibaka,Jamal Crawford,Jeff Teague,Josh Smith,Maurice Evans,Zaza Pachulia,1,0:15,ATL,turnover,,,,,,,,,,Jamal Crawford,,,bad pass,,,,,
B.J. Mullens,James Harden,Kevin Durant,Russell Westbrook,Serge Ibaka,Jamal Crawford,Jeff Teague,Josh Smith,Maurice Evans,Zaza Pachulia,1,0:01,OKC,shot,,,Josh Smith,,,,,,,James Harden,,,,missed,,driving layup,27,6
B.J. Mullens,James Harden,Kevin Durant,Russell Westbrook,Serge Ibaka,Jamal Crawford,Jeff Teague,Josh Smith,Maurice Evans,Zaza Pachulia,1,0:00,OKC,rebound,,,,,,,,,,,,,,,,,,
B.J. Mullens,Eric Maynor,James Harden,Kevin Durant,Serge Ibaka,Jamal Crawford,Jeff Teague,Joe Smith,Maurice Evans,Zaza Pachulia,2,11:46,OKC,shot,,,,,,,,,,James Harden,,,,missed,,3pt,46,20
B.J. Mullens,Eric Maynor,James Harden,Kevin Durant,Serge Ibaka,Jamal Crawford,Jeff Teague,Joe Smith,Maurice Evans,Zaza Pachulia,2,11:44,ATL,rebound,,,,,,,,,,Jamal Crawford,,,,,,def,,
B.J. Mullens,Eric Maynor,James Harden,Kevin Durant,Serge Ibaka,Jamal Crawford,Jeff Teague,Joe Smith,Maurice Evans,Zaza Pachulia,2,11:37,OKC,foul,,,,,,,,Jamal Crawford,,James Harden,,,,,,shooting,,
B.J. Mullens,Eric Maynor,James Harden,Kevin Durant,Serge Ibaka,Jamal Crawford,Jeff Teague,Joe Smith,Maurice Evans,Zaza Pachulia,2,11:37,ATL,free throw,,,,,,,1,,2,Jamal Crawford,,,foul,made,,,,
B.J. Mullens,Eric Maynor,James Harden,Kevin Durant,Serge Ibaka,Jamal Crawford,Jeff Teague,Joe Smith,Maurice Evans,Zaza Pachulia,2,11:37,ATL,free throw,,,,,,,2,,2,Jamal Crawford,,,foul,missed,,,,
B.J. Mullens,Eric Maynor,James Harden,Kevin Durant,Serge Ibaka,Jamal Crawford,Jeff Teague,Joe Smith,Maurice Evans,Zaza Pachulia,2,11:34,OKC,rebound,,,,,,,,,,James Harden,,,,,,def,,
B.J. Mullens,Eric Maynor,James Harden,Kevin Durant,Serge Ibaka,Jamal Crawford,Jeff Teague,Joe Smith,Maurice Evans,Zaza Pachulia,2,11:22,OKC,shot,,,,,,,,,,Kevin Durant,,,,missed,,fade away jumper,24,17
B.J. Mullens,Eric Maynor,James Harden,Kevin Durant,Serge Ibaka,Jamal Crawford,Jeff Teague,Joe Smith,Maurice Evans,Zaza Pachulia,2,11:20,ATL,rebound,,,,,,,,,,Zaza Pachulia,,,,,,def,,
B.J. Mullens,Eric Maynor,James Harden,Kevin Durant,Serge Ibaka,Jamal Crawford,Jeff Teague,Joe Smith,Maurice Evans,Zaza Pachulia,2,11:13,ATL,shot,,,,,,,,,,Jeff Teague,,,,missed,,layup,27,6
B.J. Mullens,Eric Maynor,James Harden,Kevin Durant,Serge Ibaka,Jamal Crawford,Jeff Teague,Joe Smith,Maurice Evans,Zaza Pachulia,2,11:12,ATL,rebound,,,,,,,,,,Zaza Pachulia,,,,,,off,,
B.J. Mullens,Eric Maynor,James Harden,Kevin Durant,Serge Ibaka,Jamal Crawford,Jeff Teague,Joe Smith,Maurice Evans,Zaza Pachulia,2,11:12,ATL,shot,,,,,,,,,,Zaza Pachulia,,,,missed,,tip,25,6
B.J. Mullens,Eric Maynor,James Harden,Kevin Durant,Serge Ibaka,Jamal Crawford,Jeff Teague,Joe Smith,Maurice Evans,Zaza Pachulia,2,11:10,ATL,rebound,,,,,,,,,,Zaza Pachulia,,,,,,off,,
B.J. Mullens,Eric Maynor,James Harden,Kevin Durant,Serge Ibaka,Jamal Crawford,Jeff Teague,Joe Smith,Maurice Evans,Zaza Pachulia,2,11:10,ATL,shot,,,,,,,,,,Zaza Pachulia,,,,missed,,tip,25,6
B.J. Mullens,Eric Maynor,James Harden,Kevin Durant,Serge Ibaka,Jamal Crawford,Jeff Teague,Joe Smith,Maurice Evans,Zaza Pachulia,2,11:09,OKC,rebound,,,,,,,,,,Serge Ibaka,,,,,,def,,
B.J. Mullens,Eric Maynor,James Harden,Kevin Durant,Serge Ibaka,Jamal Crawford,Jeff Teague,Joe Smith,Maurice Evans,Zaza Pachulia,2,11:02,OKC,shot,,,,,,,,,,Serge Ibaka,,,,missed,,jump,30,7
B.J. Mullens,Eric Maynor,James Harden,Kevin Durant,Serge Ibaka,Jamal Crawford,Jeff Teague,Joe Smith,Maurice Evans,Zaza Pachulia,2,11:01,ATL,rebound,,,,,,,,,,Joe Smith,,,,,,def,,
B.J. Mullens,Eric Maynor,James Harden,Kevin Durant,Serge Ibaka,Jamal Crawford,Jeff Teague,Joe Smith,Maurice Evans,Zaza Pachulia,2,10:49,ATL,shot,,,,,,,,,,Zaza Pachulia,,,,missed,,jump,21,7
B.J. Mullens,Eric Maynor,James Harden,Kevin Durant,Serge Ibaka,Jamal Crawford,Jeff Teague,Joe Smith,Maurice Evans,Zaza Pachulia,2,10:47,ATL,rebound,,,,,,,,,,Zaza Pachulia,,,,,,off,,
B.J. Mullens,Eric Maynor,James Harden,Kevin Durant,Serge Ibaka,Jamal Crawford,Jeff Teague,Joe Smith,Maurice Evans,Zaza Pachulia,2,10:47,ATL,shot,,,,,,,,,,Zaza Pachulia,2,,,made,,putback layup,25,6
B.J. Mullens,Eric Maynor,James Harden,Kevin Durant,Serge Ibaka,Jamal Crawford,Jeff Teague,Joe Smith,Maurice Evans,Zaza Pachulia,2,10:47,OKC,foul,,,,,,,,Zaza Pachulia,,Eric Maynor,,,,,,shooting,,
B.J. Mullens,Eric Maynor,James Harden,Jeff Green,Serge Ibaka,Jamal Crawford,Jeff Teague,Joe Smith,Maurice Evans,Zaza Pachulia,2,10:47,OKC,sub,,,,Jeff Green,,Kevin Durant,,,,,,,,,,,,
B.J. Mullens,Eric Maynor,James Harden,Jeff Green,Serge Ibaka,Jamal Crawford,Jeff Teague,Joe Smith,Maurice Evans,Zaza Pachulia,2,10:47,ATL,free throw,,,,,,,1,,1,Zaza Pachulia,,,foul,missed,,,,
B.J. Mullens,Eric Maynor,James Harden,Jeff Green,Serge Ibaka,Jamal Crawford,Jeff Teague,Joe Smith,Maurice Evans,Zaza Pachulia,2,10:45,OKC,rebound,,,,,,,,,,B.J. Mullens,,,,,,def,,
B.J. Mullens,Eric Maynor,James Harden,Jeff Green,Serge Ibaka,Jamal Crawford,Jeff Teague,Joe Smith,Maurice Evans,Zaza Pachulia,2,10:32,OKC,shot,,,,,,,,,,James Harden,2,,,made,,jump,35,20
B.J. Mullens,Eric Maynor,James Harden,Jeff Green,Serge Ibaka,Jamal Crawford,Jeff Teague,Joe Smith,Maurice Evans,Zaza Pachulia,2,10:20,OKC,foul,,,,,,,,Jamal Crawford,,James Harden,,,,,,personal,,
B.J. Mullens,Eric Maynor,James Harden,Jeff Green,Serge Ibaka,Jamal Crawford,Jeff Teague,Joe Smith,Maurice Evans,Zaza Pachulia,2,10:13,ATL,shot,,,,,,,,,,Jeff Teague,,,,missed,,jump,37,19
B.J. Mullens,Eric Maynor,James Harden,Jeff Green,Serge Ibaka,Jamal Crawford,Jeff Teague,Joe Smith,Maurice Evans,Zaza Pachulia,2,10:12,OKC,rebound,,,,,,,,,,Jeff Green,,,,,,def,,
B.J. Mullens,Eric Maynor,James Harden,Jeff Green,Serge Ibaka,Jamal Crawford,Jeff Teague,Joe Smith,Maurice Evans,Zaza Pachulia,2,10:02,ATL,foul,,,,,,,,Jeff Green,,Maurice Evans,,,,,,shooting,,
B.J. Mullens,Eric Maynor,James Harden,Jeff Green,Serge Ibaka,Jamal Crawford,Jeff Teague,Joe Johnson,Joe Smith,Zaza Pachulia,2,10:02,ATL,sub,,,,Joe Johnson,,Maurice Evans,,,,,,,,,,,,
B.J. Mullens,Eric Maynor,James Harden,Jeff Green,Serge Ibaka,Jamal Crawford,Jeff Teague,Joe Johnson,Joe Smith,Zaza Pachulia,2,10:02,OKC,free throw,,,,,,,1,,2,Jeff Green,,,foul,made,,,,
B.J. Mullens,Eric Maynor,James Harden,Jeff Green,Serge Ibaka,Jamal Crawford,Jeff Teague,Joe Johnson,Joe Smith,Zaza Pachulia,2,10:02,OKC,free throw,,,,,,,2,,2,Jeff Green,,,foul,missed,,,,
B.J. Mullens,Eric Maynor,James Harden,Jeff Green,Serge Ibaka,Jamal Crawford,Jeff Teague,Joe Johnson,Joe Smith,Zaza Pachulia,2,10:00,ATL,rebound,,,,,,,,,,Zaza Pachulia,,,,,,def,,
B.J. Mullens,Eric Maynor,James Harden,Jeff Green,Serge Ibaka,Jamal Crawford,Jeff Teague,Joe Johnson,Joe Smith,Zaza Pachulia,2,9:37,ATL,turnover,,,,,,,,,,Joe Smith,,,bad pass,,B.J. Mullens,,,
B.J. Mullens,Eric Maynor,James Harden,Jeff Green,Serge Ibaka,Jamal Crawford,Jeff Teague,Joe Johnson,Joe Smith,Zaza Pachulia,2,9:24,OKC,shot,,,,,,,,,,James Harden,,,,missed,,running jump,25,12
B.J. Mullens,Eric Maynor,James Harden,Jeff Green,Serge Ibaka,Jamal Crawford,Jeff Teague,Joe Johnson,Joe Smith,Zaza Pachulia,2,9:23,OKC,rebound,,,,,,,,,,,,,,,,,,
B.J. Mullens,Eric Maynor,James Harden,Jeff Green,Serge Ibaka,Jamal Crawford,Jeff Teague,Joe Johnson,Joe Smith,Zaza Pachulia,2,9:04,OKC,shot,Eric Maynor,,,,,,,,,Serge Ibaka,2,,,made,,jump,29,22
B.J. Mullens,Eric Maynor,James Harden,Jeff Green,Serge Ibaka,Jamal Crawford,Jeff Teague,Joe Johnson,Joe Smith,Zaza Pachulia,2,8:45,ATL,shot,,,,,,,,,,Jamal Crawford,2,,,made,,driving layup,21,7
B.J. Mullens,Eric Maynor,James Harden,Jeff Green,Serge Ibaka,Jamal Crawford,Jeff Teague,Joe Johnson,Joe Smith,Zaza Pachulia,2,8:45,OKC,foul,,,,,,,,Jamal Crawford,,B.J. Mullens,,,,,,shooting,,
B.J. Mullens,Eric Maynor,James Harden,Jeff Green,Serge Ibaka,Jamal Crawford,Jeff Teague,Joe Johnson,Joe Smith,Zaza Pachulia,2,8:45,ATL,timeout,,,,,,,,,,,,,,,,official,,
B.J. Mullens,Eric Maynor,James Harden,Jeff Green,Serge Ibaka,Jamal Crawford,Joe Johnson,Joe Smith,Mike Bibby,Zaza Pachulia,2,8:45,ATL,sub,,,,Mike Bibby,,Jeff Teague,,,,,,,,,,,,
B.J. Mullens,Eric Maynor,James Harden,Jeff Green,Serge Ibaka,Jamal Crawford,Joe Johnson,Joe Smith,Mike Bibby,Zaza Pachulia,2,8:45,ATL,free throw,,,,,,,1,,1,Jamal Crawford,,,foul,missed,,,,
B.J. Mullens,Eric Maynor,James Harden,Jeff Green,Serge Ibaka,Jamal Crawford,Joe Johnson,Joe Smith,Mike Bibby,Zaza Pachulia,2,8:42,ATL,rebound,,,,,,,,,,Joe Smith,,,,,,off,,
B.J. Mullens,Eric Maynor,James Harden,Jeff Green,Serge Ibaka,Jamal Crawford,Joe Johnson,Joe Smith,Mike Bibby,Zaza Pachulia,2,8:42,ATL,turnover,,,,,,,,,,Jamal Crawford,,,traveling,,,,,
B.J. Mullens,Eric Maynor,James Harden,Jeff Green,Serge Ibaka,Jamal Crawford,Joe Johnson,Joe Smith,Mike Bibby,Zaza Pachulia,2,8:25,OKC,shot,,,,,,,,,,Jeff Green,,,,missed,,turnaround jump,14,8
B.J. Mullens,Eric Maynor,James Harden,Jeff Green,Serge Ibaka,Jamal Crawford,Joe Johnson,Joe Smith,Mike Bibby,Zaza Pachulia,2,8:23,ATL,rebound,,,,,,,,,,Joe Smith,,,,,,def,,
B.J. Mullens,Eric Maynor,James Harden,Jeff Green,Serge Ibaka,Jamal Crawford,Joe Johnson,Joe Smith,Mike Bibby,Zaza Pachulia,2,8:23,OKC,foul,,,,,,,,Joe Smith,,Eric Maynor,,,,,,personal,,
B.J. Mullens,Eric Maynor,James Harden,Jeff Green,Serge Ibaka,Jamal Crawford,Joe Johnson,Joe Smith,Mike Bibby,Zaza Pachulia,2,8:23,ATL,free throw,,,,,,,1,,2,Joe Smith,,,foul,made,,,,
B.J. Mullens,Eric Maynor,James Harden,Jeff Green,Serge Ibaka,Al Horford,Jamal Crawford,Joe Johnson,Joe Smith,Mike Bibby,2,8:23,ATL,sub,,,,Al Horford,,Zaza Pachulia,,,,,,,,,,,,
B.J. Mullens,Eric Maynor,James Harden,Jeff Green,Serge Ibaka,Al Horford,Jamal Crawford,Joe Johnson,Joe Smith,Mike Bibby,2,8:23,ATL,free throw,,,,,,,2,,2,Joe Smith,,,foul,made,,,,
B.J. Mullens,Eric Maynor,James Harden,Jeff Green,Serge Ibaka,Al Horford,Jamal Crawford,Joe Johnson,Joe Smith,Mike Bibby,2,8:05,OKC,shot,Eric Maynor,,,,,,,,,James Harden,2,,,made,,jump,38,20
B.J. Mullens,Eric Maynor,James Harden,Jeff Green,Serge Ibaka,Al Horford,Jamal Crawford,Joe Johnson,Joe Smith,Mike Bibby,2,7:45,ATL,shot,,,,,,,,,,Joe Smith,,,,missed,,jump,43,14
B.J. Mullens,Eric Maynor,James Harden,Jeff Green,Serge Ibaka,Al Horford,Jamal Crawford,Joe Johnson,Joe Smith,Mike Bibby,2,7:44,OKC,rebound,,,,,,,,,,Jeff Green,,,,,,def,,
B.J. Mullens,Eric Maynor,James Harden,Jeff Green,Serge Ibaka,Al Horford,Jamal Crawford,Joe Johnson,Joe Smith,Mike Bibby,2,7:28,OKC,foul,,,,,,,,Mike Bibby,,B.J. Mullens,,,,,,offensive,,
B.J. Mullens,Eric Maynor,James Harden,Jeff Green,Serge Ibaka,Al Horford,Jamal Crawford,Joe Johnson,Joe Smith,Mike Bibby,2,7:28,OKC,turnover,,,,,,,,,,B.J. Mullens,,,foul,,,,,
B.J. Mullens,Eric Maynor,James Harden,Jeff Green,Serge Ibaka,Al Horford,Jamal Crawford,Joe Johnson,Josh Smith,Mike Bibby,2,7:28,ATL,sub,,,,Josh Smith,,Joe Smith,,,,,,,,,,,,
B.J. Mullens,Eric Maynor,James Harden,Jeff Green,Serge Ibaka,Al Horford,Jamal Crawford,Joe Johnson,Josh Smith,Mike Bibby,2,7:09,ATL,shot,,,,,,,,,,Joe Johnson,,,,missed,,running jump,26,10
B.J. Mullens,Eric Maynor,James Harden,Jeff Green,Serge Ibaka,Al Horford,Jamal Crawford,Joe Johnson,Josh Smith,Mike Bibby,2,7:08,ATL,rebound,,,,,,,,,,Josh Smith,,,,,,off,,
B.J. Mullens,Eric Maynor,James Harden,Jeff Green,Serge Ibaka,Al Horford,Jamal Crawford,Joe Johnson,Josh Smith,Mike Bibby,2,7:00,ATL,shot,,,,,,,,,,Jamal Crawford,,,,missed,,driving jump,20,8
B.J. Mullens,Eric Maynor,James Harden,Jeff Green,Serge Ibaka,Al Horford,Jamal Crawford,Joe Johnson,Josh Smith,Mike Bibby,2,7:00,ATL,rebound,,,,,,,,,,,,,,,,,,
B.J. Mullens,Eric Maynor,James Harden,Jeff Green,Serge Ibaka,Al Horford,Jamal Crawford,Joe Johnson,Josh Smith,Mike Bibby,2,7:00,OKC,foul,,,,,,,,Al Horford,,B.J. Mullens,,,,,,loose ball,,
B.J. Mullens,Eric Maynor,James Harden,Jeff Green,Serge Ibaka,Al Horford,Jamal Crawford,Joe Johnson,Josh Smith,Mike Bibby,2,7:00,ATL,free throw,,,,,,,1,,2,Al Horford,,,foul,missed,,,,
B.J. Mullens,Eric Maynor,James Harden,Jeff Green,Serge Ibaka,Al Horford,Jamal Crawford,Joe Johnson,Josh Smith,Mike Bibby,2,7:00,ATL,rebound,,,,,,,,,,,,,,,,,,
B.J. Mullens,Eric Maynor,James Harden,Jeff Green,Serge Ibaka,Al Horford,Joe Johnson,Josh Smith,Mario West,Mike Bibby,2,7:00,ATL,sub,,,,Mario West,,Jamal Crawford,,,,,,,,,,,,
B.J. Mullens,James Harden,Jeff Green,Russell Westbrook,Serge Ibaka,Al Horford,Joe Johnson,Josh Smith,Mario West,Mike Bibby,2,7:00,OKC,sub,,,,Russell Westbrook,,Eric Maynor,,,,,,,,,,,,
James Harden,Jeff Green,Kevin Durant,Russell Westbrook,Serge Ibaka,Al Horford,Joe Johnson,Josh Smith,Mario West,Mike Bibby,2,7:00,OKC,sub,,,,Kevin Durant,,B.J. Mullens,,,,,,,,,,,,
James Harden,Jeff Green,Kevin Durant,Russell Westbrook,Serge Ibaka,Al Horford,Joe Johnson,Josh Smith,Mario West,Mike Bibby,2,7:00,ATL,free throw,,,,,,,2,,2,Al Horford,,,foul,made,,,,
James Harden,Jeff Green,Kevin Durant,Russell Westbrook,Serge Ibaka,Al Horford,Joe Johnson,Josh Smith,Mario West,Mike Bibby,2,6:46,OKC,shot,Kevin Durant,,,,,,,,,Jeff Green,3,,,made,,3pt,37,29
James Harden,Jeff Green,Kevin Durant,Russell Westbrook,Serge Ibaka,Al Horford,Joe Johnson,Josh Smith,Mario West,Mike Bibby,2,6:36,ATL,turnover,,,,,,,,,,Josh Smith,,,lost ball,,Jeff Green,,,
James Harden,Jeff Green,Kevin Durant,Russell Westbrook,Serge Ibaka,Al Horford,Joe Johnson,Josh Smith,Mario West,Mike Bibby,2,6:29,OKC,shot,Russell Westbrook,,,,,,,,,Serge Ibaka,2,,,made,,dunk,25,6
James Harden,Jeff Green,Kevin Durant,Russell Westbrook,Serge Ibaka,Al Horford,Joe Johnson,Josh Smith,Mario West,Mike Bibby,2,6:28,OKC,violation,,,,,,,,,,,,,,,,delay of game,,
James Harden,Jeff Green,Kevin Durant,Russell Westbrook,Serge Ibaka,Al Horford,Joe Johnson,Josh Smith,Mario West,Mike Bibby,2,6:17,ATL,foul,,,,,,,,Serge Ibaka,,Al Horford,,,,,,offensive,,
James Harden,Jeff Green,Kevin Durant,Russell Westbrook,Serge Ibaka,Al Horford,Joe Johnson,Josh Smith,Mario West,Mike Bibby,2,6:17,ATL,turnover,,,,,,,,,,Al Horford,,,foul,,,,,
James Harden,Jeff Green,Kevin Durant,Russell Westbrook,Serge Ibaka,Al Horford,Joe Johnson,Josh Smith,Mario West,Mike Bibby,2,6:03,OKC,shot,,,,,,,,,,Kevin Durant,,,,missed,,driving jump,28,8
James Harden,Jeff Green,Kevin Durant,Russell Westbrook,Serge Ibaka,Al Horford,Joe Johnson,Josh Smith,Mario West,Mike Bibby,2,6:02,ATL,rebound,,,,,,,,,,Josh Smith,,,,,,def,,
James Harden,Jeff Green,Kevin Durant,Russell Westbrook,Serge Ibaka,Al Horford,Joe Johnson,Josh Smith,Mario West,Mike Bibby,2,5:51,ATL,shot,Josh Smith,,,,,,,,,Al Horford,2,,,made,,layup,23,6
James Harden,Jeff Green,Kevin Durant,Russell Westbrook,Serge Ibaka,Al Horford,Joe Johnson,Josh Smith,Mario West,Mike Bibby,2,5:41,OKC,timeout,,,,,,,,,,,,,,,,regular,,
James Harden,Jeff Green,Kevin Durant,Nenad Krstic,Russell Westbrook,Al Horford,Joe Johnson,Josh Smith,Mario West,Mike Bibby,2,5:41,OKC,sub,,,,Nenad Krstic,,Serge Ibaka,,,,,,,,,,,,
James Harden,Jeff Green,Kevin Durant,Nenad Krstic,Russell Westbrook,Al Horford,Joe Johnson,Josh Smith,Mario West,Mike Bibby,2,5:35,ATL,foul,,,,,,,,Kevin Durant,,Mario West,,,,,,shooting,,
James Harden,Jeff Green,Kevin Durant,Nenad Krstic,Russell Westbrook,Al Horford,Joe Johnson,Josh Smith,Mario West,Mike Bibby,2,5:35,OKC,free throw,,,,,,,1,,3,Kevin Durant,,,foul,made,,,,
James Harden,Jeff Green,Kevin Durant,Nenad Krstic,Russell Westbrook,Al Horford,Joe Johnson,Josh Smith,Mario West,Mike Bibby,2,5:35,OKC,free throw,,,,,,,2,,3,Kevin Durant,,,foul,made,,,,
James Harden,Jeff Green,Kevin Durant,Nenad Krstic,Russell Westbrook,Al Horford,Joe Johnson,Josh Smith,Mario West,Mike Bibby,2,5:35,OKC,free throw,,,,,,,3,,3,Kevin Durant,,,foul,made,,,,
James Harden,Jeff Green,Kevin Durant,Nenad Krstic,Russell Westbrook,Al Horford,Joe Johnson,Josh Smith,Mario West,Mike Bibby,2,5:22,ATL,shot,Al Horford,,,,,,,,,Joe Johnson,2,,,made,,jump,23,23
James Harden,Jeff Green,Kevin Durant,Nenad Krstic,Russell Westbrook,Al Horford,Joe Johnson,Josh Smith,Mario West,Mike Bibby,2,5:05,OKC,turnover,,,,,,,,,,Russell Westbrook,,,lost ball,,Mike Bibby,,,
James Harden,Jeff Green,Kevin Durant,Nenad Krstic,Russell Westbrook,Al Horford,Joe Johnson,Josh Smith,Mario West,Mike Bibby,2,4:49,ATL,shot,Mario West,,,,,,,,,Joe Johnson,2,,,made,,layup,25,6
James Harden,Jeff Green,Kevin Durant,Nenad Krstic,Russell Westbrook,Al Horford,Joe Johnson,Josh Smith,Mario West,Mike Bibby,2,4:26,OKC,shot,,,,,,,,,,Kevin Durant,,,,missed,,jump,23,16
James Harden,Jeff Green,Kevin Durant,Nenad Krstic,Russell Westbrook,Al Horford,Joe Johnson,Josh Smith,Mario West,Mike Bibby,2,4:25,OKC,rebound,,,,,,,,,,Nenad Krstic,,,,,,off,,
James Harden,Jeff Green,Kevin Durant,Nenad Krstic,Russell Westbrook,Al Horford,Joe Johnson,Josh Smith,Mario West,Mike Bibby,2,4:24,OKC,shot,,,,,,,,,,Nenad Krstic,,,,missed,,putback layup,25,6
James Harden,Jeff Green,Kevin Durant,Nenad Krstic,Russell Westbrook,Al Horford,Joe Johnson,Josh Smith,Mario West,Mike Bibby,2,4:23,ATL,rebound,,,,,,,,,,Al Horford,,,,,,def,,
James Harden,Jeff Green,Kevin Durant,Nenad Krstic,Russell Westbrook,Al Horford,Joe Johnson,Josh Smith,Mario West,Mike Bibby,2,4:19,ATL,shot,Al Horford,,,,,,,,,Josh Smith,2,,,made,,dunk,25,6
James Harden,Jeff Green,Kevin Durant,Nenad Krstic,Russell Westbrook,Al Horford,Joe Johnson,Josh Smith,Mario West,Mike Bibby,2,4:09,OKC,timeout,,,,,,,,,,,,,,,,short,,
Jeff Green,Kevin Durant,Nenad Krstic,Russell Westbrook,Thabo Sefolosha,Al Horford,Joe Johnson,Josh Smith,Mario West,Mike Bibby,2,4:09,OKC,sub,,,,Thabo Sefolosha,,James Harden,,,,,,,,,,,,
Jeff Green,Kevin Durant,Nenad Krstic,Russell Westbrook,Thabo Sefolosha,Al Horford,Joe Johnson,Josh Smith,Mario West,Mike Bibby,2,4:00,OKC,shot,,,,,,,,,,Jeff Green,,,,missed,,3pt,1,9
Jeff Green,Kevin Durant,Nenad Krstic,Russell Westbrook,Thabo Sefolosha,Al Horford,Joe Johnson,Josh Smith,Mario West,Mike Bibby,2,3:59,ATL,rebound,,,,,,,,,,Josh Smith,,,,,,def,,
Jeff Green,Kevin Durant,Nenad Krstic,Russell Westbrook,Thabo Sefolosha,Al Horford,Joe Johnson,Josh Smith,Mario West,Mike Bibby,2,3:52,ATL,shot,,,Jeff Green,,,,,,,Al Horford,,,,missed,,layup,22,6
Jeff Green,Kevin Durant,Nenad Krstic,Russell Westbrook,Thabo Sefolosha,Al Horford,Joe Johnson,Josh Smith,Mario West,Mike Bibby,2,3:50,OKC,rebound,,,,,,,,,,Russell Westbrook,,,,,,def,,
Jeff Green,Kevin Durant,Nenad Krstic,Russell Westbrook,Thabo Sefolosha,Al Horford,Joe Johnson,Josh Smith,Mario West,Mike Bibby,2,3:48,ATL,foul,,,,,,,,Russell Westbrook,,Mike Bibby,,,,,,shooting,,
Jeff Green,Kevin Durant,Nenad Krstic,Russell Westbrook,Thabo Sefolosha,Al Horford,Joe Johnson,Josh Smith,Mario West,Mike Bibby,2,3:48,OKC,free throw,,,,,,,1,,2,Russell Westbrook,,,foul,made,,,,
Jeff Green,Kevin Durant,Nenad Krstic,Russell Westbrook,Thabo Sefolosha,Al Horford,Joe Johnson,Josh Smith,Mario West,Mike Bibby,2,3:48,OKC,free throw,,,,,,,2,,2,Russell Westbrook,,,foul,made,,,,
Jeff Green,Kevin Durant,Nenad Krstic,Russell Westbrook,Thabo Sefolosha,Al Horford,Joe Johnson,Josh Smith,Mario West,Mike Bibby,2,3:33,ATL,shot,,,,,,,,,,Mike Bibby,,,,missed,,running jump,24,20
Jeff Green,Kevin Durant,Nenad Krstic,Russell Westbrook,Thabo Sefolosha,Al Horford,Joe Johnson,Josh Smith,Mario West,Mike Bibby,2,3:32,OKC,rebound,,,,,,,,,,Nenad Krstic,,,,,,def,,
Jeff Green,Kevin Durant,Nenad Krstic,Russell Westbrook,Thabo Sefolosha,Al Horford,Joe Johnson,Josh Smith,Mario West,Mike Bibby,2,3:16,OKC,shot,,,,,,,,,,Russell Westbrook,2,,,made,,jump,36,21
Jeff Green,Kevin Durant,Nenad Krstic,Russell Westbrook,Thabo Sefolosha,Al Horford,Joe Johnson,Josh Smith,Mario West,Mike Bibby,2,3:01,ATL,shot,,,,,,,,,,Joe Johnson,,,,missed,,fade away jumper,8,9
Jeff Green,Kevin Durant,Nenad Krstic,Russell Westbrook,Thabo Sefolosha,Al Horford,Joe Johnson,Josh Smith,Mario West,Mike Bibby,2,2:58,OKC,rebound,,,,,,,,,,Kevin Durant,,,,,,def,,
Jeff Green,Kevin Durant,Nenad Krstic,Russell Westbrook,Thabo Sefolosha,Al Horford,Joe Johnson,Josh Smith,Mario West,Mike Bibby,2,2:41,OKC,shot,,,,,,,,,,Kevin Durant,,,,missed,,driving jump,29,9
Jeff Green,Kevin Durant,Nenad Krstic,Russell Westbrook,Thabo Sefolosha,Al Horford,Joe Johnson,Josh Smith,Mario West,Mike Bibby,2,2:39,ATL,rebound,,,,,,,,,,Mario West,,,,,,def,,
Jeff Green,Kevin Durant,Nenad Krstic,Russell Westbrook,Thabo Sefolosha,Al Horford,Joe Johnson,Josh Smith,Mario West,Mike Bibby,2,2:27,ATL,shot,Mike Bibby,,,,,,,,,Al Horford,2,,,made,,jump,24,21
Jeff Green,Kevin Durant,Nenad Krstic,Russell Westbrook,Thabo Sefolosha,Al Horford,Joe Johnson,Josh Smith,Mario West,Mike Bibby,2,2:09,OKC,shot,,,Josh Smith,,,,,,,Jeff Green,,,,missed,,driving jump,21,6
Jeff Green,Kevin Durant,Nenad Krstic,Russell Westbrook,Thabo Sefolosha,Al Horford,Joe Johnson,Josh Smith,Mario West,Mike Bibby,2,2:07,ATL,rebound,,,,,,,,,,Mario West,,,,,,def,,
Jeff Green,Kevin Durant,Nenad Krstic,Russell Westbrook,Thabo Sefolosha,Al Horford,Joe Johnson,Josh Smith,Mario West,Mike Bibby,2,2:03,ATL,shot,Josh Smith,,,,,,,,,Al Horford,2,,,made,,layup,23,6
Jeff Green,Kevin Durant,Nenad Krstic,Russell Westbrook,Thabo Sefolosha,Al Horford,Joe Johnson,Josh Smith,Mario West,Mike Bibby,2,1:43,OKC,turnover,,,,,,,,,,Russell Westbrook,,,out of bounds lost ball turnover,,,,,
Jeff Green,Kevin Durant,Nenad Krstic,Russell Westbrook,Thabo Sefolosha,Al Horford,Joe Johnson,Josh Smith,Mario West,Mike Bibby,2,1:43,ATL,timeout,,,,,,,,,,,,,,,,regular,,
Jeff Green,Kevin Durant,Nenad Krstic,Russell Westbrook,Thabo Sefolosha,Al Horford,Joe Johnson,Josh Smith,Mario West,Mike Bibby,2,1:26,ATL,shot,Al Horford,,,,,,,,,Josh Smith,2,,,made,,dunk,25,6
Jeff Green,Kevin Durant,Nenad Krstic,Russell Westbrook,Thabo Sefolosha,Al Horford,Joe Johnson,Josh Smith,Mario West,Mike Bibby,2,1:00,OKC,shot,Kevin Durant,,,,,,,,,Jeff Green,2,,,made,,driving dunk,25,6
Jeff Green,Kevin Durant,Nenad Krstic,Russell Westbrook,Thabo Sefolosha,Al Horford,Joe Johnson,Josh Smith,Mario West,Mike Bibby,2,0:46,ATL,shot,Joe Johnson,,,,,,,,,Mike Bibby,2,,,made,,jump,44,9
Jeff Green,Kevin Durant,Nenad Krstic,Russell Westbrook,Thabo Sefolosha,Al Horford,Joe Johnson,Josh Smith,Mario West,Mike Bibby,2,0:35,OKC,shot,Russell Westbrook,,,,,,,,,Nenad Krstic,2,,,made,,jump,11,19
Jeff Green,Kevin Durant,Nenad Krstic,Russell Westbrook,Thabo Sefolosha,Al Horford,Joe Johnson,Josh Smith,Mario West,Mike Bibby,2,0:23,ATL,shot,Josh Smith,,,,,,,,,Mike Bibby,3,,,made,,3pt,1,6
Jeff Green,Kevin Durant,Nenad Krstic,Russell Westbrook,Thabo Sefolosha,Al Horford,Joe Johnson,Josh Smith,Mario West,Mike Bibby,2,0:07,ATL,foul,,,,,,,,Russell Westbrook,,Joe Johnson,,,,,,personal,,
Jeff Green,Kevin Durant,Nenad Krstic,Russell Westbrook,Thabo Sefolosha,Joe Johnson,Josh Smith,Mario West,Mike Bibby,Zaza Pachulia,2,0:07,ATL,sub,,,,Zaza Pachulia,,Al Horford,,,,,,,,,,,,
Jeff Green,Kevin Durant,Nenad Krstic,Russell Westbrook,Thabo Sefolosha,Josh Smith,Mario West,Maurice Evans,Mike Bibby,Zaza Pachulia,2,0:07,ATL,sub,,,,Maurice Evans,,Joe Johnson,,,,,,,,,,,,
Jeff Green,Kevin Durant,Nenad Krstic,Russell Westbrook,Thabo Sefolosha,Josh Smith,Mario West,Maurice Evans,Mike Bibby,Zaza Pachulia,2,0:04,OKC,turnover,,,,,,,,,,Kevin Durant,,,backcourt turnover,,,,,
Jeff Green,Kevin Durant,Nenad Krstic,Russell Westbrook,Thabo Sefolosha,Jamal Crawford,Josh Smith,Maurice Evans,Mike Bibby,Zaza Pachulia,2,0:04,ATL,sub,,,,Jamal Crawford,,Mario West,,,,,,,,,,,,
Jeff Green,Kevin Durant,Nenad Krstic,Russell Westbrook,Thabo Sefolosha,Jamal Crawford,Josh Smith,Maurice Evans,Mike Bibby,Zaza Pachulia,2,0:02,ATL,shot,,,,,,,,,,Zaza Pachulia,,,,missed,,layup,23,7
Jeff Green,Kevin Durant,Nenad Krstic,Russell Westbrook,Thabo Sefolosha,Jamal Crawford,Josh Smith,Maurice Evans,Mike Bibby,Zaza Pachulia,2,0:01,ATL,rebound,,,,,,,,,,Zaza Pachulia,,,,,,off,,
Jeff Green,Kevin Durant,Nenad Krstic,Russell Westbrook,Thabo Sefolosha,Jamal Crawford,Josh Smith,Maurice Evans,Mike Bibby,Zaza Pachulia,2,0:01,ATL,shot,,,,,,,,,,Zaza Pachulia,,,,missed,,tip,25,6
Jeff Green,Kevin Durant,Nenad Krstic,Russell Westbrook,Thabo Sefolosha,Jamal Crawford,Josh Smith,Maurice Evans,Mike Bibby,Zaza Pachulia,2,0:00,ATL,rebound,,,,,,,,,,,,,,,,,,
Jeff Green,Kevin Durant,Nenad Krstic,Russell Westbrook,Thabo Sefolosha,Al Horford,Joe Johnson,Josh Smith,Marvin Williams,Mike Bibby,3,11:49,ATL,foul,,,,,,,,Thabo Sefolosha,,Mike Bibby,,,,,,personal,,
Jeff Green,Kevin Durant,Nenad Krstic,Russell Westbrook,Thabo Sefolosha,Al Horford,Joe Johnson,Josh Smith,Marvin Williams,Mike Bibby,3,11:41,OKC,shot,Russell Westbrook,,,,,,,,,Thabo Sefolosha,2,,,made,,layup,26,6
Jeff Green,Kevin Durant,Nenad Krstic,Russell Westbrook,Thabo Sefolosha,Al Horford,Joe Johnson,Josh Smith,Marvin Williams,Mike Bibby,3,11:18,ATL,shot,,,Kevin Durant,,,,,,,Marvin Williams,,,,missed,,driving jump,26,10
Jeff Green,Kevin Durant,Nenad Krstic,Russell Westbrook,Thabo Sefolosha,Al Horford,Joe Johnson,Josh Smith,Marvin Williams,Mike Bibby,3,11:15,OKC,rebound,,,,,,,,,,Jeff Green,,,,,,def,,
Jeff Green,Kevin Durant,Nenad Krstic,Russell Westbrook,Thabo Sefolosha,Al Horford,Joe Johnson,Josh Smith,Marvin Williams,Mike Bibby,3,11:06,OKC,shot,Russell Westbrook,,,,,,,,,Nenad Krstic,2,,,made,,jump,30,13
Jeff Green,Kevin Durant,Nenad Krstic,Russell Westbrook,Thabo Sefolosha,Al Horford,Joe Johnson,Josh Smith,Marvin Williams,Mike Bibby,3,10:49,ATL,shot,Josh Smith,,,,,,,,,Mike Bibby,2,,,made,,jump,41,17
Jeff Green,Kevin Durant,Nenad Krstic,Russell Westbrook,Thabo Sefolosha,Al Horford,Joe Johnson,Josh Smith,Marvin Williams,Mike Bibby,3,10:33,OKC,shot,Jeff Green,,,,,,,,,Nenad Krstic,2,,,made,,jump,13,19
Jeff Green,Kevin Durant,Nenad Krstic,Russell Westbrook,Thabo Sefolosha,Al Horford,Joe Johnson,Josh Smith,Marvin Williams,Mike Bibby,3,10:08,ATL,shot,,,,,,,,,,Joe Johnson,,,,missed,,jump,44,8
Jeff Green,Kevin Durant,Nenad Krstic,Russell Westbrook,Thabo Sefolosha,Al Horford,Joe Johnson,Josh Smith,Marvin Williams,Mike Bibby,3,10:06,OKC,rebound,,,,,,,,,,Jeff Green,,,,,,def,,
Jeff Green,Kevin Durant,Nenad Krstic,Russell Westbrook,Thabo Sefolosha,Al Horford,Joe Johnson,Josh Smith,Marvin Williams,Mike Bibby,3,9:58,ATL,foul,,,,,,,,Russell Westbrook,,Mike Bibby,,,,,,personal,,
Jeff Green,Kevin Durant,Nenad Krstic,Russell Westbrook,Thabo Sefolosha,Al Horford,Joe Johnson,Josh Smith,Marvin Williams,Mike Bibby,3,9:45,OKC,shot,,,,,,,,,,Kevin Durant,2,,,made,,jump,36,23
Jeff Green,Kevin Durant,Nenad Krstic,Russell Westbrook,Thabo Sefolosha,Al Horford,Joe Johnson,Josh Smith,Marvin Williams,Mike Bibby,3,9:40,ATL,timeout,,,,,,,,,,,,,,,,regular,,
Jeff Green,Kevin Durant,Nenad Krstic,Russell Westbrook,Thabo Sefolosha,Al Horford,Joe Johnson,Josh Smith,Marvin Williams,Mike Bibby,3,9:28,ATL,shot,,,,,,,,,,Al Horford,,,,missed,,turnaround jump,26,12
Jeff Green,Kevin Durant,Nenad Krstic,Russell Westbrook,Thabo Sefolosha,Al Horford,Joe Johnson,Josh Smith,Marvin Williams,Mike Bibby,3,9:25,OKC,rebound,,,,,,,,,,Thabo Sefolosha,,,,,,def,,
Jeff Green,Kevin Durant,Nenad Krstic,Russell Westbrook,Thabo Sefolosha,Al Horford,Joe Johnson,Josh Smith,Marvin Williams,Mike Bibby,3,9:12,OKC,shot,Kevin Durant,,,,,,,,,Thabo Sefolosha,2,,,made,,turnaround jump,26,9
Jeff Green,Kevin Durant,Nenad Krstic,Russell Westbrook,Thabo Sefolosha,Al Horford,Joe Johnson,Josh Smith,Marvin Williams,Mike Bibby,3,8:56,OKC,foul,,,,,,,,Joe Johnson,,Russell Westbrook,,,,,,shooting,,
Jeff Green,Kevin Durant,Nenad Krstic,Russell Westbrook,Thabo Sefolosha,Al Horford,Jamal Crawford,Joe Johnson,Josh Smith,Marvin Williams,3,8:56,ATL,sub,,,,Jamal Crawford,,Mike Bibby,,,,,,,,,,,,
Jeff Green,Kevin Durant,Nenad Krstic,Russell Westbrook,Thabo Sefolosha,Al Horford,Jamal Crawford,Joe Johnson,Josh Smith,Marvin Williams,3,8:56,ATL,free throw,,,,,,,1,,2,Joe Johnson,,,foul,made,,,,
Jeff Green,Kevin Durant,Nenad Krstic,Russell Westbrook,Thabo Sefolosha,Al Horford,Jamal Crawford,Joe Johnson,Josh Smith,Marvin Williams,3,8:56,ATL,free throw,,,,,,,2,,2,Joe Johnson,,,foul,made,,,,
Jeff Green,Kevin Durant,Nenad Krstic,Russell Westbrook,Thabo Sefolosha,Al Horford,Jamal Crawford,Joe Johnson,Josh Smith,Marvin Williams,3,8:38,OKC,shot,Thabo Sefolosha,,,,,,,,,Kevin Durant,3,,,made,,3pt,17,30
Jeff Green,Kevin Durant,Nenad Krstic,Russell Westbrook,Thabo Sefolosha,Al Horford,Jamal Crawford,Joe Johnson,Josh Smith,Marvin Williams,3,8:16,ATL,shot,,,,,,,,,,Josh Smith,,,,missed,,driving jump,27,11
Jeff Green,Kevin Durant,Nenad Krstic,Russell Westbrook,Thabo Sefolosha,Al Horford,Jamal Crawford,Joe Johnson,Josh Smith,Marvin Williams,3,8:15,OKC,rebound,,,,,,,,,,Jeff Green,,,,,,def,,
Jeff Green,Kevin Durant,Nenad Krstic,Russell Westbrook,Thabo Sefolosha,Al Horford,Jamal Crawford,Joe Johnson,Josh Smith,Marvin Williams,3,8:10,ATL,foul,,,,,,,,Kevin Durant,,Al Horford,,,,,,shooting,,
Jeff Green,Kevin Durant,Nenad Krstic,Russell Westbrook,Thabo Sefolosha,Al Horford,Jamal Crawford,Joe Johnson,Josh Smith,Marvin Williams,3,8:10,OKC,free throw,,,,,,,1,,2,Kevin Durant,,,foul,made,,,,
Jeff Green,Kevin Durant,Nenad Krstic,Russell Westbrook,Thabo Sefolosha,Al Horford,Jamal Crawford,Joe Johnson,Josh Smith,Marvin Williams,3,8:10,OKC,free throw,,,,,,,2,,2,Kevin Durant,,,foul,made,,,,
Jeff Green,Kevin Durant,Nenad Krstic,Russell Westbrook,Thabo Sefolosha,Al Horford,Jamal Crawford,Joe Johnson,Josh Smith,Marvin Williams,3,7:54,ATL,shot,,,,,,,,,,Joe Johnson,,,,missed,,3pt,1,17
Jeff Green,Kevin Durant,Nenad Krstic,Russell Westbrook,Thabo Sefolosha,Al Horford,Jamal Crawford,Joe Johnson,Josh Smith,Marvin Williams,3,7:53,ATL,rebound,,,,,,,,,,Marvin Williams,,,,,,off,,
Jeff Green,Kevin Durant,Nenad Krstic,Russell Westbrook,Thabo Sefolosha,Al Horford,Jamal Crawford,Joe Johnson,Josh Smith,Marvin Williams,3,7:53,OKC,foul,,,,,,,,Marvin Williams,,Thabo Sefolosha,,,,,,shooting,,
Jeff Green,Kevin Durant,Nenad Krstic,Russell Westbrook,Thabo Sefolosha,Al Horford,Jamal Crawford,Joe Johnson,Josh Smith,Marvin Williams,3,7:53,ATL,free throw,,,,,,,1,,2,Marvin Williams,,,foul,made,,,,
Jeff Green,Kevin Durant,Nenad Krstic,Russell Westbrook,Thabo Sefolosha,Al Horford,Jamal Crawford,Joe Johnson,Josh Smith,Marvin Williams,3,7:53,ATL,free throw,,,,,,,2,,2,Marvin Williams,,,foul,missed,,,,
Jeff Green,Kevin Durant,Nenad Krstic,Russell Westbrook,Thabo Sefolosha,Al Horford,Jamal Crawford,Joe Johnson,Josh Smith,Marvin Williams,3,7:52,ATL,rebound,,,,,,,,,,,,,,,,,,
Jeff Green,Kevin Durant,Nenad Krstic,Russell Westbrook,Thabo Sefolosha,Al Horford,Jamal Crawford,Joe Johnson,Josh Smith,Marvin Williams,3,7:44,ATL,shot,,,,,,,,,,Josh Smith,,,,missed,,hook,33,8
Jeff Green,Kevin Durant,Nenad Krstic,Russell Westbrook,Thabo Sefolosha,Al Horford,Jamal Crawford,Joe Johnson,Josh Smith,Marvin Williams,3,7:42,OKC,rebound,,,,,,,,,,Jeff Green,,,,,,def,,
Jeff Green,Kevin Durant,Nenad Krstic,Russell Westbrook,Thabo Sefolosha,Al Horford,Jamal Crawford,Joe Johnson,Josh Smith,Marvin Williams,3,7:29,ATL,foul,,,,,,,,Jeff Green,,Al Horford,,,,,,shooting,,
Jeff Green,Kevin Durant,Nenad Krstic,Russell Westbrook,Thabo Sefolosha,Al Horford,Jamal Crawford,Joe Johnson,Josh Smith,Marvin Williams,3,7:29,OKC,free throw,,,,,,,1,,2,Jeff Green,,,foul,made,,,,
Jeff Green,Kevin Durant,Nenad Krstic,Russell Westbrook,Thabo Sefolosha,Jamal Crawford,Joe Johnson,Josh Smith,Marvin Williams,Zaza Pachulia,3,7:29,ATL,sub,,,,Zaza Pachulia,,Al Horford,,,,,,,,,,,,
Jeff Green,Kevin Durant,Nenad Krstic,Russell Westbrook,Thabo Sefolosha,Jamal Crawford,Joe Johnson,Josh Smith,Marvin Williams,Zaza Pachulia,3,7:29,OKC,free throw,,,,,,,2,,2,Jeff Green,,,foul,made,,,,
Jeff Green,Kevin Durant,Nenad Krstic,Russell Westbrook,Thabo Sefolosha,Jamal Crawford,Joe Johnson,Josh Smith,Marvin Williams,Zaza Pachulia,3,7:16,ATL,shot,Jamal Crawford,,,,,,,,,Joe Johnson,2,,,made,,driving jump,29,6
Jeff Green,Kevin Durant,Nenad Krstic,Russell Westbrook,Thabo Sefolosha,Jamal Crawford,Joe Johnson,Josh Smith,Marvin Williams,Zaza Pachulia,3,6:55,OKC,shot,,,,,,,,,,Jeff Green,,,,missed,,3pt,1,10
Jeff Green,Kevin Durant,Nenad Krstic,Russell Westbrook,Thabo Sefolosha,Jamal Crawford,Joe Johnson,Josh Smith,Marvin Williams,Zaza Pachulia,3,6:54,ATL,rebound,,,,,,,,,,Josh Smith,,,,,,def,,
Jeff Green,Kevin Durant,Nenad Krstic,Russell Westbrook,Thabo Sefolosha,Jamal Crawford,Joe Johnson,Josh Smith,Marvin Williams,Zaza Pachulia,3,6:38,ATL,shot,,,,,,,,,,Joe Johnson,2,,,made,,jump,30,15
Jeff Green,Kevin Durant,Nenad Krstic,Russell Westbrook,Thabo Sefolosha,Jamal Crawford,Joe Johnson,Josh Smith,Marvin Williams,Zaza Pachulia,3,6:22,OKC,shot,,,,,,,,,,Russell Westbrook,,,,missed,,driving layup,23,6
Jeff Green,Kevin Durant,Nenad Krstic,Russell Westbrook,Thabo Sefolosha,Jamal Crawford,Joe Johnson,Josh Smith,Marvin Williams,Zaza Pachulia,3,6:20,ATL,rebound,,,,,,,,,,Zaza Pachulia,,,,,,def,,
Jeff Green,Kevin Durant,Nenad Krstic,Russell Westbrook,Thabo Sefolosha,Jamal Crawford,Joe Johnson,Josh Smith,Marvin Williams,Zaza Pachulia,3,6:14,ATL,shot,Jamal Crawford,,,,,,,,,Marvin Williams,2,,,made,,jump,39,17
Jeff Green,Kevin Durant,Nenad Krstic,Russell Westbrook,Thabo Sefolosha,Jamal Crawford,Joe Johnson,Josh Smith,Marvin Williams,Zaza Pachulia,3,6:11,OKC,timeout,,,,,,,,,,,,,,,,regular,,
Jeff Green,Kevin Durant,Nenad Krstic,Russell Westbrook,Thabo Sefolosha,Jamal Crawford,Joe Johnson,Josh Smith,Marvin Williams,Zaza Pachulia,3,5:47,OKC,shot,,,,,,,,,,Kevin Durant,,,,missed,,driving layup,23,5
Jeff Green,Kevin Durant,Nenad Krstic,Russell Westbrook,Thabo Sefolosha,Jamal Crawford,Joe Johnson,Josh Smith,Marvin Williams,Zaza Pachulia,3,5:46,ATL,rebound,,,,,,,,,,Josh Smith,,,,,,def,,
Jeff Green,Kevin Durant,Nenad Krstic,Russell Westbrook,Thabo Sefolosha,Jamal Crawford,Joe Johnson,Josh Smith,Marvin Williams,Zaza Pachulia,3,5:41,ATL,shot,,,,,,,,,,Josh Smith,,,,missed,,jump,29,6
Jeff Green,Kevin Durant,Nenad Krstic,Russell Westbrook,Thabo Sefolosha,Jamal Crawford,Joe Johnson,Josh Smith,Marvin Williams,Zaza Pachulia,3,5:39,ATL,rebound,,,,,,,,,,Zaza Pachulia,,,,,,off,,
Jeff Green,Kevin Durant,Nenad Krstic,Russell Westbrook,Thabo Sefolosha,Jamal Crawford,Joe Johnson,Josh Smith,Marvin Williams,Zaza Pachulia,3,5:39,ATL,shot,,,,,,,,,,Zaza Pachulia,2,,,made,,tip,25,6
Jeff Green,Kevin Durant,Nenad Krstic,Russell Westbrook,Thabo Sefolosha,Jamal Crawford,Joe Johnson,Josh Smith,Marvin Williams,Zaza Pachulia,3,5:18,ATL,foul,,,,,,,,Kevin Durant,,Jamal Crawford,,,,,,personal,,
Jeff Green,Kevin Durant,Nenad Krstic,Russell Westbrook,Thabo Sefolosha,Jamal Crawford,Joe Johnson,Josh Smith,Marvin Williams,Zaza Pachulia,3,5:18,OKC,free throw,,,,,,,1,,2,Kevin Durant,,,foul,made,,,,
Jeff Green,Kevin Durant,Nenad Krstic,Russell Westbrook,Thabo Sefolosha,Jamal Crawford,Joe Johnson,Josh Smith,Marvin Williams,Zaza Pachulia,3,5:18,OKC,free throw,,,,,,,2,,2,Kevin Durant,,,foul,made,,,,
Jeff Green,Kevin Durant,Nenad Krstic,Russell Westbrook,Thabo Sefolosha,Jamal Crawford,Joe Johnson,Josh Smith,Marvin Williams,Zaza Pachulia,3,5:02,ATL,shot,,,,,,,,,,Marvin Williams,,,,missed,,3pt,1,12
Jeff Green,Kevin Durant,Nenad Krstic,Russell Westbrook,Thabo Sefolosha,Jamal Crawford,Joe Johnson,Josh Smith,Marvin Williams,Zaza Pachulia,3,5:00,OKC,rebound,,,,,,,,,,Nenad Krstic,,,,,,def,,
Jeff Green,Kevin Durant,Nenad Krstic,Russell Westbrook,Thabo Sefolosha,Jamal Crawford,Joe Johnson,Josh Smith,Marvin Williams,Zaza Pachulia,3,4:39,OKC,turnover,,,,,,,,,,Russell Westbrook,,,bad pass,,,,,
Jeff Green,Kevin Durant,Nenad Krstic,Russell Westbrook,Thabo Sefolosha,Jamal Crawford,Joe Johnson,Josh Smith,Marvin Williams,Zaza Pachulia,3,4:27,OKC,foul,,,,,,,,Josh Smith,,Russell Westbrook,,,,,,shooting,,
Eric Maynor,Jeff Green,Kevin Durant,Nenad Krstic,Thabo Sefolosha,Jamal Crawford,Joe Johnson,Josh Smith,Marvin Williams,Zaza Pachulia,3,4:27,OKC,sub,,,,Eric Maynor,,Russell Westbrook,,,,,,,,,,,,
Eric Maynor,Jeff Green,Kevin Durant,Nenad Krstic,Thabo Sefolosha,Jamal Crawford,Joe Johnson,Josh Smith,Marvin Williams,Zaza Pachulia,3,4:27,ATL,free throw,,,,,,,1,,2,Josh Smith,,,foul,made,,,,
Eric Maynor,Kevin Durant,Nenad Krstic,Serge Ibaka,Thabo Sefolosha,Jamal Crawford,Joe Johnson,Josh Smith,Marvin Williams,Zaza Pachulia,3,4:27,OKC,sub,,,,Serge Ibaka,,Jeff Green,,,,,,,,,,,,
Eric Maynor,Kevin Durant,Nenad Krstic,Serge Ibaka,Thabo Sefolosha,Jamal Crawford,Joe Johnson,Josh Smith,Marvin Williams,Zaza Pachulia,3,4:27,ATL,free throw,,,,,,,2,,2,Josh Smith,,,foul,made,,,,
Eric Maynor,Kevin Durant,Nenad Krstic,Serge Ibaka,Thabo Sefolosha,Jamal Crawford,Joe Johnson,Josh Smith,Marvin Williams,Zaza Pachulia,3,4:03,OKC,turnover,,,,,,,,,,Thabo Sefolosha,,,backcourt turnover,,,,,
Eric Maynor,Kevin Durant,Nenad Krstic,Serge Ibaka,Thabo Sefolosha,Jamal Crawford,Joe Johnson,Josh Smith,Marvin Williams,Zaza Pachulia,3,3:54,ATL,shot,,,,,,,,,,Jamal Crawford,,,,missed,,driving layup,26,7
Eric Maynor,Kevin Durant,Nenad Krstic,Serge Ibaka,Thabo Sefolosha,Jamal Crawford,Joe Johnson,Josh Smith,Marvin Williams,Zaza Pachulia,3,3:52,OKC,rebound,,,,,,,,,,Serge Ibaka,,,,,,def,,
Eric Maynor,Kevin Durant,Nenad Krstic,Serge Ibaka,Thabo Sefolosha,Jamal Crawford,Joe Johnson,Josh Smith,Marvin Williams,Zaza Pachulia,3,3:37,OKC,shot,Eric Maynor,,,,,,,,,Nenad Krstic,2,,,made,,jump,15,19
Eric Maynor,Kevin Durant,Nenad Krstic,Serge Ibaka,Thabo Sefolosha,Jamal Crawford,Joe Johnson,Josh Smith,Marvin Williams,Zaza Pachulia,3,3:14,ATL,shot,,,,,,,,,,Joe Johnson,,,,missed,,fade away jumper,38,17
Eric Maynor,Kevin Durant,Nenad Krstic,Serge Ibaka,Thabo Sefolosha,Jamal Crawford,Joe Johnson,Josh Smith,Marvin Williams,Zaza Pachulia,3,3:12,OKC,rebound,,,,,,,,,,Kevin Durant,,,,,,def,,
Eric Maynor,Kevin Durant,Nenad Krstic,Serge Ibaka,Thabo Sefolosha,Jamal Crawford,Joe Johnson,Josh Smith,Marvin Williams,Zaza Pachulia,3,2:56,OKC,turnover,,,,,,,,,,Eric Maynor,,,bad pass,,Jamal Crawford,,,
Eric Maynor,Kevin Durant,Nenad Krstic,Serge Ibaka,Thabo Sefolosha,Jamal Crawford,Joe Johnson,Josh Smith,Marvin Williams,Zaza Pachulia,3,2:50,OKC,foul,,,,,,,,Jamal Crawford,,Serge Ibaka,,,,,,shooting,,
Eric Maynor,Kevin Durant,Nenad Krstic,Serge Ibaka,Thabo Sefolosha,Jamal Crawford,Joe Johnson,Josh Smith,Marvin Williams,Zaza Pachulia,3,2:50,ATL,free throw,,,,,,,1,,2,Jamal Crawford,,,foul,missed,,,,
Eric Maynor,Kevin Durant,Nenad Krstic,Serge Ibaka,Thabo Sefolosha,Jamal Crawford,Joe Johnson,Josh Smith,Marvin Williams,Zaza Pachulia,3,2:50,ATL,rebound,,,,,,,,,,,,,,,,,,
Eric Maynor,James Harden,Kevin Durant,Nenad Krstic,Serge Ibaka,Jamal Crawford,Joe Johnson,Josh Smith,Marvin Williams,Zaza Pachulia,3,2:50,OKC,sub,,,,James Harden,,Thabo Sefolosha,,,,,,,,,,,,
Eric Maynor,James Harden,Kevin Durant,Nenad Krstic,Serge Ibaka,Jamal Crawford,Joe Johnson,Josh Smith,Marvin Williams,Zaza Pachulia,3,2:50,ATL,free throw,,,,,,,2,,2,Jamal Crawford,,,foul,made,,,,
Eric Maynor,James Harden,Kevin Durant,Nenad Krstic,Serge Ibaka,Jamal Crawford,Joe Johnson,Josh Smith,Marvin Williams,Zaza Pachulia,3,2:25,OKC,shot,,,,,,,,,,Eric Maynor,2,,,made,,jump,36,19
Eric Maynor,James Harden,Kevin Durant,Nenad Krstic,Serge Ibaka,Jamal Crawford,Joe Johnson,Josh Smith,Marvin Williams,Zaza Pachulia,3,2:03,ATL,turnover,,,,,,,,,,Zaza Pachulia,,,3 second violation,,,,,
Eric Maynor,James Harden,Kevin Durant,Nenad Krstic,Serge Ibaka,Jamal Crawford,Joe Johnson,Josh Smith,Marvin Williams,Zaza Pachulia,3,1:51,OKC,shot,,,,,,,,,,Nenad Krstic,,,,missed,,jump,7,15
Eric Maynor,James Harden,Kevin Durant,Nenad Krstic,Serge Ibaka,Jamal Crawford,Joe Johnson,Josh Smith,Marvin Williams,Zaza Pachulia,3,1:50,ATL,rebound,,,,,,,,,,Josh Smith,,,,,,def,,
Eric Maynor,James Harden,Kevin Durant,Nenad Krstic,Serge Ibaka,Jamal Crawford,Joe Johnson,Josh Smith,Marvin Williams,Zaza Pachulia,3,1:41,ATL,shot,Josh Smith,,,,,,,,,Jamal Crawford,3,,,made,,3pt,11,27
Eric Maynor,James Harden,Kevin Durant,Nenad Krstic,Serge Ibaka,Jamal Crawford,Joe Johnson,Josh Smith,Marvin Williams,Zaza Pachulia,3,1:13,OKC,shot,,,,,,,,,,Kevin Durant,2,,,made,,fade away jumper,37,7
Eric Maynor,James Harden,Kevin Durant,Nenad Krstic,Serge Ibaka,Jamal Crawford,Joe Johnson,Josh Smith,Marvin Williams,Zaza Pachulia,3,1:06,ATL,shot,Joe Johnson,,,,,,,,,Marvin Williams,2,,,made,,running dunk,25,6
Eric Maynor,James Harden,Kevin Durant,Nenad Krstic,Serge Ibaka,Jamal Crawford,Joe Johnson,Josh Smith,Marvin Williams,Zaza Pachulia,3,0:54,OKC,foul,,,,,,,,Josh Smith,,Nenad Krstic,,,,,,offensive,,
Eric Maynor,James Harden,Kevin Durant,Nenad Krstic,Serge Ibaka,Jamal Crawford,Joe Johnson,Josh Smith,Marvin Williams,Zaza Pachulia,3,0:54,OKC,turnover,,,,,,,,,,Nenad Krstic,,,foul,,,,,
Eric Maynor,James Harden,Kevin Durant,Nenad Krstic,Serge Ibaka,Jamal Crawford,Joe Johnson,Josh Smith,Marvin Williams,Zaza Pachulia,3,0:45,ATL,shot,,,,,,,,,,Jamal Crawford,3,,,made,,3pt,45,21
Eric Maynor,James Harden,Kevin Durant,Nenad Krstic,Serge Ibaka,Jamal Crawford,Joe Johnson,Josh Smith,Marvin Williams,Zaza Pachulia,3,0:25,OKC,shot,,,,,,,,,,James Harden,2,,,made,,jump,35,19
Eric Maynor,James Harden,Kevin Durant,Nenad Krstic,Serge Ibaka,Jamal Crawford,Joe Johnson,Josh Smith,Marvin Williams,Zaza Pachulia,3,0:01,OKC,violation,,,,,,,,,,Serge Ibaka,,,,,,defensive goaltending,,
Eric Maynor,James Harden,Kevin Durant,Nenad Krstic,Serge Ibaka,Jamal Crawford,Joe Johnson,Josh Smith,Marvin Williams,Zaza Pachulia,3,0:01,ATL,shot,,,,,,,,,,Joe Johnson,2,,,made,,jump,29,13
Eric Maynor,James Harden,Jeff Green,Nenad Krstic,Serge Ibaka,Jamal Crawford,Joe Johnson,Josh Smith,Marvin Williams,Zaza Pachulia,4,11:39,ATL,shot,Jamal Crawford,,,,,,,,,Joe Johnson,2,,,made,,jump,26,12
Eric Maynor,James Harden,Jeff Green,Nenad Krstic,Serge Ibaka,Jamal Crawford,Joe Johnson,Josh Smith,Marvin Williams,Zaza Pachulia,4,11:14,OKC,shot,,,,,,,,,,Eric Maynor,,,,missed,,turnaround jump,18,13
Eric Maynor,James Harden,Jeff Green,Nenad Krstic,Serge Ibaka,Jamal Crawford,Joe Johnson,Josh Smith,Marvin Williams,Zaza Pachulia,4,11:11,ATL,rebound,,,,,,,,,,Jamal Crawford,,,,,,def,,
Eric Maynor,James Harden,Jeff Green,Nenad Krstic,Serge Ibaka,Jamal Crawford,Joe Johnson,Josh Smith,Marvin Williams,Zaza Pachulia,4,10:55,ATL,shot,,,,,,,,,,Marvin Williams,,,,missed,,driving jump,22,7
Eric Maynor,James Harden,Jeff Green,Nenad Krstic,Serge Ibaka,Jamal Crawford,Joe Johnson,Josh Smith,Marvin Williams,Zaza Pachulia,4,10:54,ATL,rebound,,,,,,,,,,Zaza Pachulia,,,,,,off,,
Eric Maynor,James Harden,Jeff Green,Nenad Krstic,Serge Ibaka,Jamal Crawford,Joe Johnson,Josh Smith,Marvin Williams,Zaza Pachulia,4,10:54,ATL,shot,,,,,,,,,,Zaza Pachulia,,,,missed,,tip,25,6
Eric Maynor,James Harden,Jeff Green,Nenad Krstic,Serge Ibaka,Jamal Crawford,Joe Johnson,Josh Smith,Marvin Williams,Zaza Pachulia,4,10:52,OKC,rebound,,,,,,,,,,Serge Ibaka,,,,,,def,,
Eric Maynor,James Harden,Jeff Green,Nenad Krstic,Serge Ibaka,Jamal Crawford,Joe Johnson,Josh Smith,Marvin Williams,Zaza Pachulia,4,10:40,OKC,turnover,,,,,,,,,,James Harden,,,step out of bounds turnover,,,,,
Eric Maynor,James Harden,Jeff Green,Nenad Krstic,Serge Ibaka,Jamal Crawford,Joe Johnson,Josh Smith,Marvin Williams,Zaza Pachulia,4,10:26,ATL,shot,,,,,,,,,,Jamal Crawford,,,,missed,,driving jump,22,7
Eric Maynor,James Harden,Jeff Green,Nenad Krstic,Serge Ibaka,Jamal Crawford,Joe Johnson,Josh Smith,Marvin Williams,Zaza Pachulia,4,10:25,ATL,rebound,,,,,,,,,,Josh Smith,,,,,,off,,
Eric Maynor,James Harden,Jeff Green,Nenad Krstic,Serge Ibaka,Jamal Crawford,Joe Johnson,Josh Smith,Marvin Williams,Zaza Pachulia,4,10:21,ATL,shot,,,,,,,,,,Jamal Crawford,,,,missed,,3pt,1,9
Eric Maynor,James Harden,Jeff Green,Nenad Krstic,Serge Ibaka,Jamal Crawford,Joe Johnson,Josh Smith,Marvin Williams,Zaza Pachulia,4,10:19,OKC,rebound,,,,,,,,,,Serge Ibaka,,,,,,def,,
Eric Maynor,James Harden,Jeff Green,Nenad Krstic,Serge Ibaka,Jamal Crawford,Joe Johnson,Josh Smith,Marvin Williams,Zaza Pachulia,4,9:57,OKC,shot,,,,,,,,,,James Harden,,,,missed,,3pt,2,17
Eric Maynor,James Harden,Jeff Green,Nenad Krstic,Serge Ibaka,Jamal Crawford,Joe Johnson,Josh Smith,Marvin Williams,Zaza Pachulia,4,9:56,ATL,rebound,,,,,,,,,,Marvin Williams,,,,,,def,,
Eric Maynor,James Harden,Jeff Green,Nenad Krstic,Serge Ibaka,Jamal Crawford,Joe Johnson,Josh Smith,Marvin Williams,Zaza Pachulia,4,9:47,OKC,foul,,,,,,,,Joe Johnson,,James Harden,,,,,,personal,,
Eric Maynor,James Harden,Jeff Green,Nenad Krstic,Serge Ibaka,Jamal Crawford,Joe Johnson,Josh Smith,Marvin Williams,Zaza Pachulia,4,9:37,ATL,shot,,,,,,,,,,Joe Johnson,,,,missed,,jump,10,17
Eric Maynor,James Harden,Jeff Green,Nenad Krstic,Serge Ibaka,Jamal Crawford,Joe Johnson,Josh Smith,Marvin Williams,Zaza Pachulia,4,9:36,OKC,rebound,,,,,,,,,,Serge Ibaka,,,,,,def,,
Eric Maynor,James Harden,Jeff Green,Nenad Krstic,Serge Ibaka,Jamal Crawford,Joe Johnson,Josh Smith,Marvin Williams,Zaza Pachulia,4,9:26,OKC,shot,,,,,,,,,,Eric Maynor,,,,missed,,driving jump,20,9
Eric Maynor,James Harden,Jeff Green,Nenad Krstic,Serge Ibaka,Jamal Crawford,Joe Johnson,Josh Smith,Marvin Williams,Zaza Pachulia,4,9:24,OKC,rebound,,,,,,,,,,Serge Ibaka,,,,,,off,,
Eric Maynor,James Harden,Jeff Green,Nenad Krstic,Serge Ibaka,Jamal Crawford,Joe Johnson,Josh Smith,Marvin Williams,Zaza Pachulia,4,9:07,OKC,shot,Eric Maynor,,,,,,,,,Jeff Green,2,,,made,,jump,45,9
Eric Maynor,James Harden,Jeff Green,Nenad Krstic,Serge Ibaka,Jamal Crawford,Joe Johnson,Josh Smith,Marvin Williams,Zaza Pachulia,4,8:48,ATL,shot,,,,,,,,,,Jamal Crawford,,,,missed,,driving layup,23,6
Eric Maynor,James Harden,Jeff Green,Nenad Krstic,Serge Ibaka,Jamal Crawford,Joe Johnson,Josh Smith,Marvin Williams,Zaza Pachulia,4,8:46,OKC,rebound,,,,,,,,,,Jeff Green,,,,,,def,,
Eric Maynor,James Harden,Jeff Green,Nenad Krstic,Serge Ibaka,Jamal Crawford,Joe Johnson,Josh Smith,Marvin Williams,Zaza Pachulia,4,8:41,OKC,shot,,,,,,,,,,Eric Maynor,,,,missed,,jump,27,10
Eric Maynor,James Harden,Jeff Green,Nenad Krstic,Serge Ibaka,Jamal Crawford,Joe Johnson,Josh Smith,Marvin Williams,Zaza Pachulia,4,8:40,OKC,rebound,,,,,,,,,,Nenad Krstic,,,,,,off,,
Eric Maynor,James Harden,Jeff Green,Nenad Krstic,Serge Ibaka,Jamal Crawford,Joe Johnson,Josh Smith,Marvin Williams,Zaza Pachulia,4,8:40,ATL,foul,,,,,,,,Nenad Krstic,,Zaza Pachulia,,,,,,shooting,,
Eric Maynor,James Harden,Jeff Green,Nenad Krstic,Serge Ibaka,Jamal Crawford,Joe Johnson,Josh Smith,Marvin Williams,Zaza Pachulia,4,8:40,OKC,timeout,,,,,,,,,,,,,,,,official,,
Eric Maynor,James Harden,Jeff Green,Nenad Krstic,Serge Ibaka,Jamal Crawford,Joe Johnson,Josh Smith,Mike Bibby,Zaza Pachulia,4,8:40,ATL,sub,,,,Mike Bibby,,Marvin Williams,,,,,,,,,,,,
Eric Maynor,James Harden,Jeff Green,Nenad Krstic,Serge Ibaka,Al Horford,Jamal Crawford,Joe Johnson,Josh Smith,Mike Bibby,4,8:40,ATL,sub,,,,Al Horford,,Zaza Pachulia,,,,,,,,,,,,
Eric Maynor,James Harden,Jeff Green,Nenad Krstic,Serge Ibaka,Al Horford,Jamal Crawford,Joe Johnson,Josh Smith,Mike Bibby,4,8:40,OKC,free throw,,,,,,,1,,2,Nenad Krstic,,,foul,missed,,,,
Eric Maynor,James Harden,Jeff Green,Nenad Krstic,Serge Ibaka,Al Horford,Jamal Crawford,Joe Johnson,Josh Smith,Mike Bibby,4,8:40,OKC,rebound,,,,,,,,,,,,,,,,,,
Eric Maynor,James Harden,Jeff Green,Nenad Krstic,Serge Ibaka,Al Horford,Jamal Crawford,Joe Johnson,Josh Smith,Mike Bibby,4,8:40,OKC,free throw,,,,,,,2,,2,Nenad Krstic,,,foul,missed,,,,
Eric Maynor,James Harden,Jeff Green,Nenad Krstic,Serge Ibaka,Al Horford,Jamal Crawford,Joe Johnson,Josh Smith,Mike Bibby,4,8:38,ATL,rebound,,,,,,,,,,Al Horford,,,,,,def,,
Eric Maynor,James Harden,Jeff Green,Nenad Krstic,Serge Ibaka,Al Horford,Jamal Crawford,Joe Johnson,Josh Smith,Mike Bibby,4,8:22,ATL,shot,,,,,,,,,,Joe Johnson,,,,missed,,running jump,22,12
Eric Maynor,James Harden,Jeff Green,Nenad Krstic,Serge Ibaka,Al Horford,Jamal Crawford,Joe Johnson,Josh Smith,Mike Bibby,4,8:20,OKC,rebound,,,,,,,,,,Eric Maynor,,,,,,def,,
Eric Maynor,James Harden,Jeff Green,Nenad Krstic,Serge Ibaka,Al Horford,Jamal Crawford,Joe Johnson,Josh Smith,Mike Bibby,4,7:57,OKC,shot,,,,,,,,,,Eric Maynor,,,,missed,,3pt,10,27
Eric Maynor,James Harden,Jeff Green,Nenad Krstic,Serge Ibaka,Al Horford,Jamal Crawford,Joe Johnson,Josh Smith,Mike Bibby,4,7:56,ATL,rebound,,,,,,,,,,Mike Bibby,,,,,,def,,
Eric Maynor,James Harden,Jeff Green,Nenad Krstic,Serge Ibaka,Al Horford,Jamal Crawford,Joe Johnson,Josh Smith,Mike Bibby,4,7:37,ATL,shot,,,,,,,,,,Mike Bibby,,,,missed,,3pt,12,29
Eric Maynor,James Harden,Jeff Green,Nenad Krstic,Serge Ibaka,Al Horford,Jamal Crawford,Joe Johnson,Josh Smith,Mike Bibby,4,7:35,ATL,rebound,,,,,,,,,,Josh Smith,,,,,,off,,
Eric Maynor,James Harden,Jeff Green,Nenad Krstic,Serge Ibaka,Al Horford,Jamal Crawford,Joe Johnson,Josh Smith,Mike Bibby,4,7:32,ATL,shot,,,,,,,,,,Joe Johnson,,,,missed,,3pt,2,12
Eric Maynor,James Harden,Jeff Green,Nenad Krstic,Serge Ibaka,Al Horford,Jamal Crawford,Joe Johnson,Josh Smith,Mike Bibby,4,7:31,OKC,rebound,,,,,,,,,,James Harden,,,,,,def,,
Eric Maynor,James Harden,Jeff Green,Nenad Krstic,Serge Ibaka,Al Horford,Jamal Crawford,Joe Johnson,Josh Smith,Mike Bibby,4,7:19,OKC,shot,,,,,,,,,,James Harden,2,,,made,,jump,19,24
Eric Maynor,James Harden,Jeff Green,Nenad Krstic,Serge Ibaka,Al Horford,Jamal Crawford,Joe Johnson,Josh Smith,Mike Bibby,4,6:54,ATL,shot,Jamal Crawford,,,,,,,,,Al Horford,2,,,made,,turnaround jump,26,12
Eric Maynor,James Harden,Jeff Green,Nenad Krstic,Serge Ibaka,Al Horford,Jamal Crawford,Joe Johnson,Josh Smith,Mike Bibby,4,6:30,OKC,turnover,,,,,,,,,,Eric Maynor,,,bad pass,,Al Horford,,,
Eric Maynor,James Harden,Jeff Green,Nenad Krstic,Serge Ibaka,Al Horford,Jamal Crawford,Joe Johnson,Josh Smith,Mike Bibby,4,6:24,ATL,shot,,,,,,,,,,Jamal Crawford,,,,missed,,jump,18,14
Eric Maynor,James Harden,Jeff Green,Nenad Krstic,Serge Ibaka,Al Horford,Jamal Crawford,Joe Johnson,Josh Smith,Mike Bibby,4,6:21,OKC,rebound,,,,,,,,,,Serge Ibaka,,,,,,def,,
Eric Maynor,James Harden,Jeff Green,Nenad Krstic,Serge Ibaka,Al Horford,Jamal Crawford,Joe Johnson,Josh Smith,Mike Bibby,4,6:16,OKC,timeout,,,,,,,,,,,,,,,,short,,
Eric Maynor,James Harden,Jeff Green,Kevin Durant,Serge Ibaka,Al Horford,Jamal Crawford,Joe Johnson,Josh Smith,Mike Bibby,4,6:16,OKC,sub,,,,Kevin Durant,,Nenad Krstic,,,,,,,,,,,,
Eric Maynor,James Harden,Jeff Green,Kevin Durant,Serge Ibaka,Al Horford,Jamal Crawford,Joe Johnson,Josh Smith,Mike Bibby,4,6:09,OKC,shot,Kevin Durant,,,,,,,,,James Harden,3,,,made,,3pt,1,15
Eric Maynor,James Harden,Jeff Green,Kevin Durant,Serge Ibaka,Al Horford,Jamal Crawford,Joe Johnson,Josh Smith,Mike Bibby,4,5:54,ATL,timeout,,,,,,,,,,,,,,,,regular,,
James Harden,Jeff Green,Kevin Durant,Russell Westbrook,Serge Ibaka,Al Horford,Jamal Crawford,Joe Johnson,Josh Smith,Mike Bibby,4,5:54,OKC,sub,,,,Russell Westbrook,,Eric Maynor,,,,,,,,,,,,
James Harden,Jeff Green,Kevin Durant,Russell Westbrook,Serge Ibaka,Al Horford,Jamal Crawford,Joe Johnson,Josh Smith,Mike Bibby,4,5:48,ATL,shot,Al Horford,,,,,,,,,Joe Johnson,2,,,made,,jump,25,22
James Harden,Jeff Green,Kevin Durant,Russell Westbrook,Serge Ibaka,Al Horford,Jamal Crawford,Joe Johnson,Josh Smith,Mike Bibby,4,5:30,OKC,shot,,,Josh Smith,,,,,,,Kevin Durant,,,,missed,,driving layup,26,5
James Harden,Jeff Green,Kevin Durant,Russell Westbrook,Serge Ibaka,Al Horford,Jamal Crawford,Joe Johnson,Josh Smith,Mike Bibby,4,5:29,ATL,rebound,,,,,,,,,,,,,,,,,,
James Harden,Jeff Green,Kevin Durant,Russell Westbrook,Serge Ibaka,Al Horford,Jamal Crawford,Joe Johnson,Josh Smith,Mike Bibby,4,5:14,ATL,shot,,,,,,,,,,Josh Smith,2,,,made,,driving layup,23,6
James Harden,Jeff Green,Kevin Durant,Russell Westbrook,Serge Ibaka,Al Horford,Jamal Crawford,Joe Johnson,Josh Smith,Mike Bibby,4,5:14,OKC,foul,,,,,,,,Josh Smith,,Jeff Green,,,,,,shooting,,
James Harden,Jeff Green,Kevin Durant,Russell Westbrook,Serge Ibaka,Al Horford,Jamal Crawford,Joe Johnson,Josh Smith,Mike Bibby,4,5:14,ATL,free throw,,,,,,,1,,1,Josh Smith,,,foul,made,,,,
James Harden,Jeff Green,Kevin Durant,Russell Westbrook,Serge Ibaka,Al Horford,Jamal Crawford,Joe Johnson,Josh Smith,Mike Bibby,4,4:59,OKC,shot,,,,,,,,,,James Harden,,,,missed,,jump,5,10
James Harden,Jeff Green,Kevin Durant,Russell Westbrook,Serge Ibaka,Al Horford,Jamal Crawford,Joe Johnson,Josh Smith,Mike Bibby,4,4:58,OKC,rebound,,,,,,,,,,Serge Ibaka,,,,,,off,,
James Harden,Jeff Green,Kevin Durant,Russell Westbrook,Serge Ibaka,Al Horford,Jamal Crawford,Joe Johnson,Josh Smith,Mike Bibby,4,4:54,OKC,shot,,,,,,,,,,Serge Ibaka,,,,missed,,running hook,21,14
James Harden,Jeff Green,Kevin Durant,Russell Westbrook,Serge Ibaka,Al Horford,Jamal Crawford,Joe Johnson,Josh Smith,Mike Bibby,4,4:52,OKC,rebound,,,,,,,,,,Jeff Green,,,,,,off,,
James Harden,Jeff Green,Kevin Durant,Russell Westbrook,Serge Ibaka,Al Horford,Jamal Crawford,Joe Johnson,Josh Smith,Mike Bibby,4,4:52,OKC,shot,,,,,,,,,,Jeff Green,2,,,made,,tip,25,6
James Harden,Jeff Green,Kevin Durant,Russell Westbrook,Serge Ibaka,Al Horford,Jamal Crawford,Joe Johnson,Josh Smith,Mike Bibby,4,4:41,ATL,shot,,,,,,,,,,Joe Johnson,2,,,made,,fade away jumper,43,10
James Harden,Jeff Green,Kevin Durant,Russell Westbrook,Serge Ibaka,Al Horford,Jamal Crawford,Joe Johnson,Josh Smith,Mike Bibby,4,4:22,OKC,shot,,,,,,,,,,Kevin Durant,,,,missed,,jump,17,24
James Harden,Jeff Green,Kevin Durant,Russell Westbrook,Serge Ibaka,Al Horford,Jamal Crawford,Joe Johnson,Josh Smith,Mike Bibby,4,4:22,OKC,rebound,,,,,,,,,,Russell Westbrook,,,,,,off,,
James Harden,Jeff Green,Kevin Durant,Russell Westbrook,Serge Ibaka,Al Horford,Jamal Crawford,Joe Johnson,Josh Smith,Mike Bibby,4,4:22,ATL,foul,,,,,,,,Russell Westbrook,,Al Horford,,,,,,personal,,
James Harden,Jeff Green,Kevin Durant,Russell Westbrook,Serge Ibaka,Al Horford,Jamal Crawford,Joe Johnson,Josh Smith,Mike Bibby,4,4:00,OKC,shot,,,,,,,,,,Jeff Green,,,,missed,,layup,27,6
James Harden,Jeff Green,Kevin Durant,Russell Westbrook,Serge Ibaka,Al Horford,Jamal Crawford,Joe Johnson,Josh Smith,Mike Bibby,4,3:59,OKC,rebound,,,,,,,,,,Serge Ibaka,,,,,,off,,
James Harden,Jeff Green,Kevin Durant,Russell Westbrook,Serge Ibaka,Al Horford,Jamal Crawford,Joe Johnson,Josh Smith,Mike Bibby,4,3:58,OKC,shot,,,,,,,,,,Serge Ibaka,,,,missed,,putback layup,25,6
James Harden,Jeff Green,Kevin Durant,Russell Westbrook,Serge Ibaka,Al Horford,Jamal Crawford,Joe Johnson,Josh Smith,Mike Bibby,4,3:56,OKC,rebound,,,,,,,,,,Russell Westbrook,,,,,,off,,
James Harden,Jeff Green,Kevin Durant,Russell Westbrook,Serge Ibaka,Al Horford,Jamal Crawford,Joe Johnson,Josh Smith,Mike Bibby,4,3:56,OKC,shot,,,,,,,,,,Russell Westbrook,,,,missed,,tip,25,6
James Harden,Jeff Green,Kevin Durant,Russell Westbrook,Serge Ibaka,Al Horford,Jamal Crawford,Joe Johnson,Josh Smith,Mike Bibby,4,3:54,ATL,rebound,,,,,,,,,,Al Horford,,,,,,def,,
James Harden,Jeff Green,Kevin Durant,Russell Westbrook,Serge Ibaka,Al Horford,Jamal Crawford,Joe Johnson,Josh Smith,Mike Bibby,4,3:41,ATL,shot,,,,,,,,,,Joe Johnson,,,,missed,,jump,30,8
James Harden,Jeff Green,Kevin Durant,Russell Westbrook,Serge Ibaka,Al Horford,Jamal Crawford,Joe Johnson,Josh Smith,Mike Bibby,4,3:39,ATL,rebound,,,,,,,,,,Al Horford,,,,,,off,,
James Harden,Jeff Green,Kevin Durant,Russell Westbrook,Serge Ibaka,Al Horford,Jamal Crawford,Joe Johnson,Josh Smith,Mike Bibby,4,3:35,ATL,shot,,,,,,,,,,Mike Bibby,,,,missed,,3pt,47,21
James Harden,Jeff Green,Kevin Durant,Russell Westbrook,Serge Ibaka,Al Horford,Jamal Crawford,Joe Johnson,Josh Smith,Mike Bibby,4,3:34,OKC,rebound,,,,,,,,,,Serge Ibaka,,,,,,def,,
James Harden,Jeff Green,Kevin Durant,Russell Westbrook,Serge Ibaka,Al Horford,Jamal Crawford,Joe Johnson,Josh Smith,Mike Bibby,4,3:16,OKC,shot,,,,,,,,,,Kevin Durant,,,,missed,,jump,28,23
James Harden,Jeff Green,Kevin Durant,Russell Westbrook,Serge Ibaka,Al Horford,Jamal Crawford,Joe Johnson,Josh Smith,Mike Bibby,4,3:15,ATL,rebound,,,,,,,,,,Mike Bibby,,,,,,def,,
James Harden,Jeff Green,Kevin Durant,Russell Westbrook,Serge Ibaka,Al Horford,Jamal Crawford,Joe Johnson,Josh Smith,Mike Bibby,4,3:08,ATL,timeout,,,,,,,,,,,,,,,,short,,
Jeff Green,Kevin Durant,Russell Westbrook,Serge Ibaka,Thabo Sefolosha,Al Horford,Jamal Crawford,Joe Johnson,Josh Smith,Mike Bibby,4,3:07,OKC,sub,,,,Thabo Sefolosha,,James Harden,,,,,,,,,,,,
Jeff Green,Kevin Durant,Russell Westbrook,Serge Ibaka,Thabo Sefolosha,Al Horford,Jamal Crawford,Joe Johnson,Josh Smith,Mike Bibby,4,2:58,ATL,shot,,,,,,,,,,Mike Bibby,,,,missed,,3pt,32,31
Jeff Green,Kevin Durant,Russell Westbrook,Serge Ibaka,Thabo Sefolosha,Al Horford,Jamal Crawford,Joe Johnson,Josh Smith,Mike Bibby,4,2:56,ATL,rebound,,,,,,,,,,Al Horford,,,,,,off,,
Jeff Green,Kevin Durant,Russell Westbrook,Serge Ibaka,Thabo Sefolosha,Al Horford,Jamal Crawford,Joe Johnson,Josh Smith,Mike Bibby,4,2:48,OKC,foul,,,,,,,,Josh Smith,,Serge Ibaka,,,,,,shooting,,
Jeff Green,Kevin Durant,Russell Westbrook,Serge Ibaka,Thabo Sefolosha,Al Horford,Jamal Crawford,Joe Johnson,Josh Smith,Mike Bibby,4,2:48,OKC,timeout,,,,,,,,,,,,,,,,regular,,
Jeff Green,Kevin Durant,Nenad Krstic,Russell Westbrook,Thabo Sefolosha,Al Horford,Jamal Crawford,Joe Johnson,Josh Smith,Mike Bibby,4,2:48,OKC,sub,,,,Nenad Krstic,,Serge Ibaka,,,,,,,,,,,,
Jeff Green,Kevin Durant,Nenad Krstic,Russell Westbrook,Thabo Sefolosha,Al Horford,Jamal Crawford,Joe Johnson,Josh Smith,Mike Bibby,4,2:48,ATL,free throw,,,,,,,1,,2,Josh Smith,,,foul,made,,,,
Jeff Green,Kevin Durant,Nenad Krstic,Russell Westbrook,Thabo Sefolosha,Al Horford,Jamal Crawford,Joe Johnson,Josh Smith,Mike Bibby,4,2:48,ATL,free throw,,,,,,,2,,2,Josh Smith,,,foul,made,,,,
Jeff Green,Kevin Durant,Nenad Krstic,Russell Westbrook,Thabo Sefolosha,Al Horford,Jamal Crawford,Joe Johnson,Josh Smith,Mike Bibby,4,2:31,OKC,shot,Thabo Sefolosha,,,,,,,,,Kevin Durant,2,,,made,,jump,29,23
Jeff Green,Kevin Durant,Nenad Krstic,Russell Westbrook,Thabo Sefolosha,Al Horford,Jamal Crawford,Joe Johnson,Josh Smith,Mike Bibby,4,2:04,ATL,shot,,,,,,,,,,Josh Smith,,,,missed,,driving jump,29,6
Jeff Green,Kevin Durant,Nenad Krstic,Russell Westbrook,Thabo Sefolosha,Al Horford,Jamal Crawford,Joe Johnson,Josh Smith,Mike Bibby,4,2:03,OKC,rebound,,,,,,,,,,Thabo Sefolosha,,,,,,def,,
Jeff Green,Kevin Durant,Nenad Krstic,Russell Westbrook,Thabo Sefolosha,Al Horford,Jamal Crawford,Joe Johnson,Josh Smith,Mike Bibby,4,1:44,ATL,foul,,,,,,,,Kevin Durant,,Joe Johnson,,,,,,personal,,
Jeff Green,Kevin Durant,Nenad Krstic,Russell Westbrook,Thabo Sefolosha,Al Horford,Jamal Crawford,Joe Johnson,Josh Smith,Mike Bibby,4,1:29,OKC,shot,,,,,,,,,,Russell Westbrook,,,,missed,,jump,17,20
Jeff Green,Kevin Durant,Nenad Krstic,Russell Westbrook,Thabo Sefolosha,Al Horford,Jamal Crawford,Joe Johnson,Josh Smith,Mike Bibby,4,1:29,ATL,rebound,,,,,,,,,,,,,,,,,,
Jeff Green,Kevin Durant,Nenad Krstic,Russell Westbrook,Thabo Sefolosha,Al Horford,Jamal Crawford,Joe Johnson,Josh Smith,Mike Bibby,4,1:07,ATL,shot,,,,,,,,,,Jamal Crawford,,,,missed,,3pt,28,32
Jeff Green,Kevin Durant,Nenad Krstic,Russell Westbrook,Thabo Sefolosha,Al Horford,Jamal Crawford,Joe Johnson,Josh Smith,Mike Bibby,4,1:07,OKC,rebound,,,,,,,,,,,,,,,,,,
Jeff Green,Kevin Durant,Nenad Krstic,Russell Westbrook,Thabo Sefolosha,Al Horford,Jamal Crawford,Joe Johnson,Josh Smith,Mike Bibby,4,0:51,OKC,shot,,,,,,,,,,Kevin Durant,,,,missed,,fade away jumper,20,17
Jeff Green,Kevin Durant,Nenad Krstic,Russell Westbrook,Thabo Sefolosha,Al Horford,Jamal Crawford,Joe Johnson,Josh Smith,Mike Bibby,4,0:49,ATL,rebound,,,,,,,,,,Josh Smith,,,,,,def,,
Jeff Green,Kevin Durant,Nenad Krstic,Russell Westbrook,Thabo Sefolosha,Al Horford,Jamal Crawford,Joe Johnson,Josh Smith,Mike Bibby,4,0:33,ATL,shot,,,,,,,,,,Joe Johnson,,,,missed,,driving jump,28,8
Jeff Green,Kevin Durant,Nenad Krstic,Russell Westbrook,Thabo Sefolosha,Al Horford,Jamal Crawford,Joe Johnson,Josh Smith,Mike Bibby,4,0:31,OKC,rebound,,,,,,,,,,Thabo Sefolosha,,,,,,def,,
Jeff Green,Kevin Durant,Nenad Krstic,Russell Westbrook,Thabo Sefolosha,Al Horford,Jamal Crawford,Joe Johnson,Josh Smith,Mike Bibby,4,0:19,OKC,timeout,,,,,,,,,,,,,,,,short,,
Jeff Green,Kevin Durant,Nenad Krstic,Russell Westbrook,Thabo Sefolosha,Al Horford,Jamal Crawford,Joe Johnson,Josh Smith,Mario West,4,0:19,ATL,sub,,,,Mario West,,Mike Bibby,,,,,,,,,,,,
Jeff Green,Kevin Durant,Nenad Krstic,Russell Westbrook,Thabo Sefolosha,Al Horford,Joe Johnson,Josh Smith,Mario West,Marvin Williams,4,0:19,ATL,sub,,,,Marvin Williams,,Jamal Crawford,,,,,,,,,,,,
Jeff Green,Kevin Durant,Nenad Krstic,Russell Westbrook,Thabo Sefolosha,Al Horford,Joe Johnson,Josh Smith,Mario West,Marvin Williams,4,0:12,OKC,shot,,,,,,,,,,Jeff Green,2,,,made,,driving dunk,25,6
Jeff Green,Kevin Durant,Nenad Krstic,Russell Westbrook,Thabo Sefolosha,Al Horford,Joe Johnson,Josh Smith,Mario West,Marvin Williams,4,0:12,ATL,foul,,,,,,,,Jeff Green,,Josh Smith,,,,,,shooting,,
Jeff Green,Kevin Durant,Nenad Krstic,Russell Westbrook,Thabo Sefolosha,Al Horford,Joe Johnson,Josh Smith,Mario West,Marvin Williams,4,0:12,OKC,free throw,,,,,,,1,,1,Jeff Green,,,foul,made,,,,
Jeff Green,Kevin Durant,Nenad Krstic,Russell Westbrook,Thabo Sefolosha,Al Horford,Joe Johnson,Josh Smith,Mario West,Marvin Williams,4,0:12,ATL,timeout,,,,,,,,,,,,,,,,regular,,
Jeff Green,Kevin Durant,Nenad Krstic,Russell Westbrook,Thabo Sefolosha,Al Horford,Jamal Crawford,Joe Johnson,Josh Smith,Mario West,4,0:12,ATL,sub,,,,Jamal Crawford,,Marvin Williams,,,,,,,,,,,,
Jeff Green,Kevin Durant,Nenad Krstic,Russell Westbrook,Thabo Sefolosha,Al Horford,Jamal Crawford,Joe Johnson,Josh Smith,Mike Bibby,4,0:12,ATL,sub,,,,Mike Bibby,,Mario West,,,,,,,,,,,,
Jeff Green,Kevin Durant,Nenad Krstic,Russell Westbrook,Thabo Sefolosha,Al Horford,Jamal Crawford,Joe Johnson,Josh Smith,Mike Bibby,4,0:04,ATL,shot,Joe Johnson,,,,,,,,,Mike Bibby,3,,,made,,3pt,48,8
Jeff Green,Kevin Durant,Nenad Krstic,Russell Westbrook,Thabo Sefolosha,Al Horford,Jamal Crawford,Joe Johnson,Josh Smith,Mike Bibby,4,0:04,ATL,foul,,,,,,,,Kevin Durant,,Josh Smith,,,,,,personal,,
Jeff Green,Kevin Durant,Nenad Krstic,Russell Westbrook,Thabo Sefolosha,Al Horford,Jamal Crawford,Joe Johnson,Josh Smith,Mike Bibby,4,0:04,OKC,free throw,,,,,,,1,,2,Kevin Durant,,,foul,made,,,,
Jeff Green,Kevin Durant,Nenad Krstic,Russell Westbrook,Thabo Sefolosha,Al Horford,Jamal Crawford,Joe Johnson,Josh Smith,Mike Bibby,4,0:04,OKC,free throw,,,,,,,2,,2,Kevin Durant,,,foul,missed,,,,
Jeff Green,Kevin Durant,Nenad Krstic,Russell Westbrook,Thabo Sefolosha,Al Horford,Jamal Crawford,Joe Johnson,Josh Smith,Mike Bibby,4,0:04,ATL,rebound,,,,,,,,,,Josh Smith,,,,,,def,,
Jeff Green,Kevin Durant,Nenad Krstic,Russell Westbrook,Thabo Sefolosha,Al Horford,Jamal Crawford,Joe Johnson,Josh Smith,Mike Bibby,4,0:04,ATL,timeout,,,,,,,,,,,,,,,,short,,
Jeff Green,Kevin Durant,Russell Westbrook,Serge Ibaka,Thabo Sefolosha,Al Horford,Jamal Crawford,Joe Johnson,Josh Smith,Mike Bibby,4,0:04,OKC,sub,,,,Serge Ibaka,,Nenad Krstic,,,,,,,,,,,,
Jeff Green,Kevin Durant,Russell Westbrook,Serge Ibaka,Thabo Sefolosha,Al Horford,Jamal Crawford,Joe Johnson,Josh Smith,Mike Bibby,4,0:01,ATL,shot,,,,,,,,,,Jamal Crawford,,,,missed,,3pt,27,36
Jeff Green,Kevin Durant,Russell Westbrook,Serge Ibaka,Thabo Sefolosha,Al Horford,Jamal Crawford,Joe Johnson,Josh Smith,Mike Bibby,4,0:00,ATL,rebound,,,,,,,,,,,,,,,,,,
