a1,a2,a3,a4,a5,h1,h2,h3,h4,h5,period,time,team,etype,assist,away,block,entered,home,left,num,opponent,outof,player,points,possession,reason,result,steal,type,x,y
Andre Iguodala,Elton Brand,Jrue Holiday,Samuel Dalembert,Willie Green,Andrea Bargnani,Chris Bosh,DeMar DeRozan,Jarrett Jack,Sonny Weems,1,12:00,OFF,jump ball,,Samuel Dalembert,,,Chris Bosh,,,,,,,Jrue Holiday,,,,,,
Andre Iguodala,Elton Brand,Jrue Holiday,Samuel Dalembert,Willie Green,Andrea Bargnani,Chris Bosh,DeMar DeRozan,Jarrett Jack,Sonny Weems,1,11:42,PHI,shot,,,,,,,,,,Willie Green,,,,missed,,turnaround jump,34,14
Andre Iguodala,Elton Brand,Jrue Holiday,Samuel Dalembert,Willie Green,Andrea Bargnani,Chris Bosh,DeMar DeRozan,Jarrett Jack,Sonny Weems,1,11:40,TOR,rebound,,,,,,,,,,Andrea Bargnani,,,,,,def,,
Andre Iguodala,Elton Brand,Jrue Holiday,Samuel Dalembert,Willie Green,Andrea Bargnani,Chris Bosh,DeMar DeRozan,Jarrett Jack,Sonny Weems,1,11:23,TOR,shot,,,,,,,,,,Chris Bosh,,,,missed,,driving hook,26,12
Andre Iguodala,Elton Brand,Jrue Holiday,Samuel Dalembert,Willie Green,Andrea Bargnani,Chris Bosh,DeMar DeRozan,Jarrett Jack,Sonny Weems,1,11:22,PHI,rebound,,,,,,,,,,Samuel Dalembert,,,,,,def,,
Andre Iguodala,Elton Brand,Jrue Holiday,Samuel Dalembert,Willie Green,Andrea Bargnani,Chris Bosh,DeMar DeRozan,Jarrett Jack,Sonny Weems,1,11:14,PHI,shot,,,,,,,,,,Jrue Holiday,2,,,made,,jump,7,19
Andre Iguodala,Elton Brand,Jrue Holiday,Samuel Dalembert,Willie Green,Andrea Bargnani,Chris Bosh,DeMar DeRozan,Jarrett Jack,Sonny Weems,1,10:56,TOR,shot,,,,,,,,,,Jarrett Jack,2,,,made,,driving layup,23,7
Andre Iguodala,Elton Brand,Jrue Holiday,Samuel Dalembert,Willie Green,Andrea Bargnani,Chris Bosh,DeMar DeRozan,Jarrett Jack,Sonny Weems,1,10:29,PHI,shot,,,,,,,,,,Andre Iguodala,2,,,made,,jump,39,20
Andre Iguodala,Elton Brand,Jrue Holiday,Samuel Dalembert,Willie Green,Andrea Bargnani,Chris Bosh,DeMar DeRozan,Jarrett Jack,Sonny Weems,1,10:19,TOR,shot,Jarrett Jack,,,,,,,,,Andrea Bargnani,2,,,made,,pullup jump,23,19
Andre Iguodala,Elton Brand,Jrue Holiday,Samuel Dalembert,Willie Green,Andrea Bargnani,Chris Bosh,DeMar DeRozan,Jarrett Jack,Sonny Weems,1,10:03,PHI,shot,,,,,,,,,,Elton Brand,,,,missed,,jump,8,9
Andre Iguodala,Elton Brand,Jrue Holiday,Samuel Dalembert,Willie Green,Andrea Bargnani,Chris Bosh,DeMar DeRozan,Jarrett Jack,Sonny Weems,1,10:01,PHI,rebound,,,,,,,,,,Samuel Dalembert,,,,,,off,,
Andre Iguodala,Elton Brand,Jrue Holiday,Samuel Dalembert,Willie Green,Andrea Bargnani,Chris Bosh,DeMar DeRozan,Jarrett Jack,Sonny Weems,1,9:56,PHI,shot,,,,,,,,,,Willie Green,,,,missed,,3pt,32,30
Andre Iguodala,Elton Brand,Jrue Holiday,Samuel Dalembert,Willie Green,Andrea Bargnani,Chris Bosh,DeMar DeRozan,Jarrett Jack,Sonny Weems,1,9:55,TOR,rebound,,,,,,,,,,Sonny Weems,,,,,,def,,
Andre Iguodala,Elton Brand,Jrue Holiday,Samuel Dalembert,Willie Green,Andrea Bargnani,Chris Bosh,DeMar DeRozan,Jarrett Jack,Sonny Weems,1,9:46,TOR,shot,,,,,,,,,,Jarrett Jack,2,,,made,,driving layup,27,7
Andre Iguodala,Elton Brand,Jrue Holiday,Samuel Dalembert,Willie Green,Andrea Bargnani,Chris Bosh,DeMar DeRozan,Jarrett Jack,Sonny Weems,1,9:19,PHI,shot,,,,,,,,,,Elton Brand,,,,missed,,turnaround fade away,35,10
Andre Iguodala,Elton Brand,Jrue Holiday,Samuel Dalembert,Willie Green,Andrea Bargnani,Chris Bosh,DeMar DeRozan,Jarrett Jack,Sonny Weems,1,9:18,TOR,rebound,,,,,,,,,,DeMar DeRozan,,,,,,def,,
Andre Iguodala,Elton Brand,Jrue Holiday,Samuel Dalembert,Willie Green,Andrea Bargnani,Chris Bosh,DeMar DeRozan,Jarrett Jack,Sonny Weems,1,9:10,TOR,shot,,,,,,,,,,Andrea Bargnani,,,,missed,,3pt,24,31
Andre Iguodala,Elton Brand,Jrue Holiday,Samuel Dalembert,Willie Green,Andrea Bargnani,Chris Bosh,DeMar DeRozan,Jarrett Jack,Sonny Weems,1,9:09,PHI,rebound,,,,,,,,,,Willie Green,,,,,,def,,
Andre Iguodala,Elton Brand,Jrue Holiday,Samuel Dalembert,Willie Green,Andrea Bargnani,Chris Bosh,DeMar DeRozan,Jarrett Jack,Sonny Weems,1,9:03,PHI,shot,,,,,,,,,,Willie Green,2,,,made,,jump,20,26
Andre Iguodala,Elton Brand,Jrue Holiday,Samuel Dalembert,Willie Green,Andrea Bargnani,Chris Bosh,DeMar DeRozan,Jarrett Jack,Sonny Weems,1,8:42,TOR,shot,,,,,,,,,,DeMar DeRozan,,,,missed,,running jump,27,8
Andre Iguodala,Elton Brand,Jrue Holiday,Samuel Dalembert,Willie Green,Andrea Bargnani,Chris Bosh,DeMar DeRozan,Jarrett Jack,Sonny Weems,1,8:41,TOR,rebound,,,,,,,,,,Chris Bosh,,,,,,off,,
Andre Iguodala,Elton Brand,Jrue Holiday,Samuel Dalembert,Willie Green,Andrea Bargnani,Chris Bosh,DeMar DeRozan,Jarrett Jack,Sonny Weems,1,8:39,TOR,shot,,,,,,,,,,Chris Bosh,2,,,made,,jump bank,24,9
Andre Iguodala,Elton Brand,Jrue Holiday,Samuel Dalembert,Willie Green,Andrea Bargnani,Chris Bosh,DeMar DeRozan,Jarrett Jack,Sonny Weems,1,8:22,PHI,shot,,,,,,,,,,Willie Green,2,,,made,,driving layup,23,7
Andre Iguodala,Elton Brand,Jrue Holiday,Samuel Dalembert,Willie Green,Andrea Bargnani,Chris Bosh,DeMar DeRozan,Jarrett Jack,Sonny Weems,1,8:15,TOR,shot,Jarrett Jack,,,,,,,,,DeMar DeRozan,2,,,made,,driving layup,24,6
Andre Iguodala,Elton Brand,Jrue Holiday,Samuel Dalembert,Willie Green,Andrea Bargnani,Chris Bosh,DeMar DeRozan,Jarrett Jack,Sonny Weems,1,8:01,PHI,shot,Jrue Holiday,,,,,,,,,Samuel Dalembert,2,,,made,,layup,26,6
Andre Iguodala,Elton Brand,Jrue Holiday,Samuel Dalembert,Willie Green,Andrea Bargnani,Chris Bosh,DeMar DeRozan,Jarrett Jack,Sonny Weems,1,7:42,TOR,shot,Chris Bosh,,,,,,,,,Sonny Weems,2,,,made,,pullup jump,21,25
Andre Iguodala,Elton Brand,Jrue Holiday,Samuel Dalembert,Willie Green,Andrea Bargnani,Chris Bosh,DeMar DeRozan,Jarrett Jack,Sonny Weems,1,7:23,PHI,shot,Jrue Holiday,,,,,,,,,Andre Iguodala,2,,,made,,jump,19,25
Andre Iguodala,Elton Brand,Jrue Holiday,Samuel Dalembert,Willie Green,Andrea Bargnani,Chris Bosh,DeMar DeRozan,Jarrett Jack,Sonny Weems,1,7:12,TOR,turnover,,,,,,,,,,DeMar DeRozan,,,lost ball,,Jrue Holiday,,,
Andre Iguodala,Elton Brand,Jrue Holiday,Samuel Dalembert,Willie Green,Andrea Bargnani,Chris Bosh,DeMar DeRozan,Jarrett Jack,Sonny Weems,1,7:05,PHI,shot,Willie Green,,,,,,,,,Elton Brand,2,,,made,,layup,23,7
Andre Iguodala,Elton Brand,Jrue Holiday,Samuel Dalembert,Willie Green,Andrea Bargnani,Chris Bosh,DeMar DeRozan,Jarrett Jack,Sonny Weems,1,6:48,TOR,shot,,,,,,,,,,Chris Bosh,,,,missed,,jump,15,13
Andre Iguodala,Elton Brand,Jrue Holiday,Samuel Dalembert,Willie Green,Andrea Bargnani,Chris Bosh,DeMar DeRozan,Jarrett Jack,Sonny Weems,1,6:47,TOR,rebound,,,,,,,,,,Andrea Bargnani,,,,,,off,,
Andre Iguodala,Elton Brand,Jrue Holiday,Samuel Dalembert,Willie Green,Andrea Bargnani,Chris Bosh,DeMar DeRozan,Jarrett Jack,Sonny Weems,1,6:45,TOR,shot,,,,,,,,,,Andrea Bargnani,2,,,made,,fade away jumper,25,10
Andre Iguodala,Elton Brand,Jrue Holiday,Samuel Dalembert,Willie Green,Andrea Bargnani,Chris Bosh,DeMar DeRozan,Jarrett Jack,Sonny Weems,1,6:32,PHI,shot,Jrue Holiday,,,,,,,,,Samuel Dalembert,2,,,made,,slam dunk,25,7
Andre Iguodala,Elton Brand,Jrue Holiday,Samuel Dalembert,Willie Green,Andrea Bargnani,Chris Bosh,DeMar DeRozan,Jarrett Jack,Sonny Weems,1,6:12,TOR,shot,,,,,,,,,,Jarrett Jack,,,,missed,,pullup jump,41,16
Andre Iguodala,Elton Brand,Jrue Holiday,Samuel Dalembert,Willie Green,Andrea Bargnani,Chris Bosh,DeMar DeRozan,Jarrett Jack,Sonny Weems,1,6:11,PHI,rebound,,,,,,,,,,Andre Iguodala,,,,,,def,,
Andre Iguodala,Elton Brand,Jrue Holiday,Samuel Dalembert,Willie Green,Andrea Bargnani,Chris Bosh,DeMar DeRozan,Jarrett Jack,Sonny Weems,1,6:06,PHI,turnover,,,,,,,,,,Andre Iguodala,,,bad pass,,Jarrett Jack,,,
Andre Iguodala,Elton Brand,Jrue Holiday,Samuel Dalembert,Willie Green,Andrea Bargnani,Chris Bosh,DeMar DeRozan,Jarrett Jack,Sonny Weems,1,6:01,TOR,shot,,,Samuel Dalembert,,,,,,,DeMar DeRozan,,,,missed,,driving layup,27,7
Andre Iguodala,Elton Brand,Jrue Holiday,Samuel Dalembert,Willie Green,Andrea Bargnani,Chris Bosh,DeMar DeRozan,Jarrett Jack,Sonny Weems,1,6:00,TOR,rebound,,,,,,,,,,,,,,,,,,
Andre Iguodala,Elton Brand,Jrue Holiday,Samuel Dalembert,Willie Green,Andrea Bargnani,Chris Bosh,DeMar DeRozan,Jarrett Jack,Sonny Weems,1,6:00,TOR,timeout,,,,,,,,,,,,,,,,regular,,
Andre Iguodala,Elton Brand,Jrue Holiday,Samuel Dalembert,Willie Green,Andrea Bargnani,Chris Bosh,DeMar DeRozan,Jarrett Jack,Sonny Weems,1,5:58,TOR,shot,Chris Bosh,,,,,,,,,Sonny Weems,2,,,made,,running slam dunk,24,7
Andre Iguodala,Elton Brand,Jrue Holiday,Samuel Dalembert,Willie Green,Andrea Bargnani,Chris Bosh,DeMar DeRozan,Jarrett Jack,Sonny Weems,1,5:37,PHI,shot,Jrue Holiday,,,,,,,,,Elton Brand,2,,,made,,fade away jumper,20,12
Andre Iguodala,Elton Brand,Jrue Holiday,Samuel Dalembert,Willie Green,Andrea Bargnani,Chris Bosh,DeMar DeRozan,Jarrett Jack,Sonny Weems,1,5:18,TOR,shot,,,,,,,,,,Sonny Weems,,,,missed,,jump,8,12
Andre Iguodala,Elton Brand,Jrue Holiday,Samuel Dalembert,Willie Green,Andrea Bargnani,Chris Bosh,DeMar DeRozan,Jarrett Jack,Sonny Weems,1,5:17,PHI,rebound,,,,,,,,,,Willie Green,,,,,,def,,
Andre Iguodala,Elton Brand,Jrue Holiday,Samuel Dalembert,Willie Green,Andrea Bargnani,Chris Bosh,DeMar DeRozan,Jarrett Jack,Sonny Weems,1,5:05,PHI,turnover,,,,,,,,,,Samuel Dalembert,,,bad pass,,Sonny Weems,,,
Andre Iguodala,Elton Brand,Jrue Holiday,Samuel Dalembert,Willie Green,Andrea Bargnani,Chris Bosh,DeMar DeRozan,Jarrett Jack,Sonny Weems,1,5:00,TOR,shot,,,,,,,,,,Sonny Weems,,,,missed,,driving layup,22,7
Andre Iguodala,Elton Brand,Jrue Holiday,Samuel Dalembert,Willie Green,Andrea Bargnani,Chris Bosh,DeMar DeRozan,Jarrett Jack,Sonny Weems,1,4:59,TOR,rebound,,,,,,,,,,DeMar DeRozan,,,,,,off,,
Andre Iguodala,Elton Brand,Jrue Holiday,Samuel Dalembert,Willie Green,Andrea Bargnani,Chris Bosh,DeMar DeRozan,Jarrett Jack,Sonny Weems,1,4:50,TOR,shot,Jarrett Jack,,,,,,,,,Chris Bosh,2,,,made,,jump bank,39,18
Andre Iguodala,Elton Brand,Jrue Holiday,Samuel Dalembert,Willie Green,Andrea Bargnani,Chris Bosh,DeMar DeRozan,Jarrett Jack,Sonny Weems,1,4:28,PHI,shot,,,,,,,,,,Jrue Holiday,,,,missed,,driving layup,26,8
Andre Iguodala,Elton Brand,Jrue Holiday,Samuel Dalembert,Willie Green,Andrea Bargnani,Chris Bosh,DeMar DeRozan,Jarrett Jack,Sonny Weems,1,4:27,PHI,rebound,,,,,,,,,,Samuel Dalembert,,,,,,off,,
Andre Iguodala,Elton Brand,Jrue Holiday,Samuel Dalembert,Willie Green,Andrea Bargnani,Chris Bosh,DeMar DeRozan,Jarrett Jack,Sonny Weems,1,4:26,PHI,shot,,,,,,,,,,Samuel Dalembert,,,,missed,,jump hook,24,9
Andre Iguodala,Elton Brand,Jrue Holiday,Samuel Dalembert,Willie Green,Andrea Bargnani,Chris Bosh,DeMar DeRozan,Jarrett Jack,Sonny Weems,1,4:25,TOR,rebound,,,,,,,,,,DeMar DeRozan,,,,,,def,,
Andre Iguodala,Elton Brand,Jrue Holiday,Samuel Dalembert,Willie Green,Andrea Bargnani,Chris Bosh,DeMar DeRozan,Jarrett Jack,Sonny Weems,1,4:23,PHI,foul,,,,,,,,DeMar DeRozan,,Willie Green,,,,,,personal,,
Andre Iguodala,Elton Brand,Jrue Holiday,Samuel Dalembert,Willie Green,Andrea Bargnani,Chris Bosh,DeMar DeRozan,Jarrett Jack,Sonny Weems,1,4:14,PHI,foul,,,,,,,,Andrea Bargnani,,Samuel Dalembert,,,,,,personal,,
Andre Iguodala,Elton Brand,Jrue Holiday,Samuel Dalembert,Willie Green,Andrea Bargnani,Chris Bosh,DeMar DeRozan,Jarrett Jack,Sonny Weems,1,4:01,TOR,shot,,,,,,,,,,Andrea Bargnani,,,,missed,,pullup jump,22,27
Andre Iguodala,Elton Brand,Jrue Holiday,Samuel Dalembert,Willie Green,Andrea Bargnani,Chris Bosh,DeMar DeRozan,Jarrett Jack,Sonny Weems,1,4:00,PHI,rebound,,,,,,,,,,Andre Iguodala,,,,,,def,,
Andre Iguodala,Elton Brand,Jrue Holiday,Samuel Dalembert,Willie Green,Andrea Bargnani,Chris Bosh,DeMar DeRozan,Jarrett Jack,Sonny Weems,1,3:48,PHI,shot,,,Andrea Bargnani,,,,,,,Elton Brand,,,,missed,,pullup jump,19,6
Andre Iguodala,Elton Brand,Jrue Holiday,Samuel Dalembert,Willie Green,Andrea Bargnani,Chris Bosh,DeMar DeRozan,Jarrett Jack,Sonny Weems,1,3:47,PHI,rebound,,,,,,,,,,,,,,,,,,
Andre Iguodala,Elton Brand,Jrue Holiday,Samuel Dalembert,Willie Green,Andrea Bargnani,Chris Bosh,DeMar DeRozan,Jarrett Jack,Sonny Weems,1,3:41,PHI,turnover,,,,,,,,,,Jrue Holiday,,,bad pass,,,,,
Andre Iguodala,Elton Brand,Jrue Holiday,Samuel Dalembert,Willie Green,Andrea Bargnani,Chris Bosh,DeMar DeRozan,Jarrett Jack,Sonny Weems,1,3:18,TOR,shot,,,,,,,,,,Chris Bosh,,,,missed,,jump,41,7
Andre Iguodala,Elton Brand,Jrue Holiday,Samuel Dalembert,Willie Green,Andrea Bargnani,Chris Bosh,DeMar DeRozan,Jarrett Jack,Sonny Weems,1,3:17,PHI,rebound,,,,,,,,,,Jrue Holiday,,,,,,def,,
Andre Iguodala,Elton Brand,Jrue Holiday,Samuel Dalembert,Willie Green,Andrea Bargnani,Chris Bosh,DeMar DeRozan,Jarrett Jack,Sonny Weems,1,3:06,PHI,shot,Jrue Holiday,,,,,,,,,Elton Brand,2,,,made,,jump,39,13
Andre Iguodala,Elton Brand,Jrue Holiday,Samuel Dalembert,Willie Green,Andrea Bargnani,Chris Bosh,DeMar DeRozan,Jarrett Jack,Sonny Weems,1,2:49,TOR,shot,,,,,,,,,,Andrea Bargnani,2,,,made,,turnaround jump,39,9
Andre Iguodala,Elton Brand,Jrue Holiday,Samuel Dalembert,Willie Green,Andrea Bargnani,Chris Bosh,DeMar DeRozan,Jarrett Jack,Sonny Weems,1,2:39,PHI,turnover,,,,,,,,,,Elton Brand,,,poss lost ball turnover,,Andrea Bargnani,,,
Andre Iguodala,Elton Brand,Jrue Holiday,Samuel Dalembert,Willie Green,Andrea Bargnani,Chris Bosh,DeMar DeRozan,Jarrett Jack,Sonny Weems,1,2:27,PHI,violation,,,,,,,,,,Jrue Holiday,,,,,,kicked ball,,
Andre Iguodala,Elton Brand,Jrue Holiday,Samuel Dalembert,Willie Green,Andrea Bargnani,Chris Bosh,DeMar DeRozan,Jarrett Jack,Sonny Weems,1,2:27,PHI,timeout,,,,,,,,,,,,,,,,regular,,
Andre Iguodala,Elton Brand,Jrue Holiday,Thaddeus Young,Willie Green,Andrea Bargnani,Chris Bosh,DeMar DeRozan,Jarrett Jack,Sonny Weems,1,2:27,PHI,sub,,,,Thaddeus Young,,Samuel Dalembert,,,,,,,,,,,,
Andre Iguodala,Elton Brand,Lou Williams,Thaddeus Young,Willie Green,Andrea Bargnani,Chris Bosh,DeMar DeRozan,Jarrett Jack,Sonny Weems,1,2:27,PHI,sub,,,,Lou Williams,,Jrue Holiday,,,,,,,,,,,,
Andre Iguodala,Elton Brand,Lou Williams,Thaddeus Young,Willie Green,Amir Johnson,Andrea Bargnani,DeMar DeRozan,Jarrett Jack,Sonny Weems,1,2:27,TOR,sub,,,,Amir Johnson,,Chris Bosh,,,,,,,,,,,,
Andre Iguodala,Elton Brand,Lou Williams,Thaddeus Young,Willie Green,Amir Johnson,Andrea Bargnani,DeMar DeRozan,Jose Calderon,Sonny Weems,1,2:27,TOR,sub,,,,Jose Calderon,,Jarrett Jack,,,,,,,,,,,,
Andre Iguodala,Elton Brand,Lou Williams,Thaddeus Young,Willie Green,Amir Johnson,Andrea Bargnani,DeMar DeRozan,Jose Calderon,Sonny Weems,1,2:17,TOR,shot,Jose Calderon,,,,,,,,,Sonny Weems,2,,,made,,alley oop dunk,24,7
Andre Iguodala,Elton Brand,Lou Williams,Thaddeus Young,Willie Green,Amir Johnson,Andrea Bargnani,DeMar DeRozan,Jose Calderon,Sonny Weems,1,1:55,PHI,shot,,,,,,,,,,Thaddeus Young,2,,,made,,driving layup,26,7
Andre Iguodala,Elton Brand,Lou Williams,Thaddeus Young,Willie Green,Amir Johnson,Andrea Bargnani,DeMar DeRozan,Jose Calderon,Sonny Weems,1,1:48,TOR,shot,Jose Calderon,,,,,,,,,DeMar DeRozan,2,,,made,,driving layup,22,8
Andre Iguodala,Elton Brand,Lou Williams,Thaddeus Young,Willie Green,Amir Johnson,Andrea Bargnani,DeMar DeRozan,Jose Calderon,Sonny Weems,1,1:28,PHI,shot,,,,,,,,,,Lou Williams,,,,missed,,3pt,48,6
Andre Iguodala,Elton Brand,Lou Williams,Thaddeus Young,Willie Green,Amir Johnson,Andrea Bargnani,DeMar DeRozan,Jose Calderon,Sonny Weems,1,1:27,TOR,rebound,,,,,,,,,,Amir Johnson,,,,,,def,,
Andre Iguodala,Elton Brand,Lou Williams,Thaddeus Young,Willie Green,Amir Johnson,Andrea Bargnani,DeMar DeRozan,Jose Calderon,Sonny Weems,1,1:16,TOR,shot,Jose Calderon,,,,,,,,,Amir Johnson,2,,,made,,alley oop dunk,25,7
Andre Iguodala,Elton Brand,Lou Williams,Thaddeus Young,Willie Green,Amir Johnson,Andrea Bargnani,DeMar DeRozan,Jose Calderon,Sonny Weems,1,0:55,TOR,foul,,,,,,,,Andre Iguodala,,Sonny Weems,,,,,,personal,,
Andre Iguodala,Elton Brand,Lou Williams,Thaddeus Young,Willie Green,Amir Johnson,Andrea Bargnani,DeMar DeRozan,Jose Calderon,Sonny Weems,1,0:45,PHI,shot,,,,,,,,,,Thaddeus Young,2,,,made,,step back jump,10,9
Andre Iguodala,Elton Brand,Lou Williams,Thaddeus Young,Willie Green,Amir Johnson,Andrea Bargnani,DeMar DeRozan,Jose Calderon,Sonny Weems,1,0:31,TOR,shot,Jose Calderon,,,,,,,,,DeMar DeRozan,2,,,made,,alley oop dunk,25,6
Andre Iguodala,Elton Brand,Lou Williams,Thaddeus Young,Willie Green,Amir Johnson,Andrea Bargnani,DeMar DeRozan,Jose Calderon,Sonny Weems,1,0:17,PHI,turnover,,,,,,,,,,Elton Brand,,,poss lost ball turnover,,,,,
Andre Iguodala,Elton Brand,Lou Williams,Thaddeus Young,Willie Green,Amir Johnson,Andrea Bargnani,DeMar DeRozan,Jose Calderon,Sonny Weems,1,0:03,TOR,shot,,,,,,,,,,Jose Calderon,2,,,made,,driving layup,26,7
Andre Iguodala,Elton Brand,Lou Williams,Thaddeus Young,Willie Green,Amir Johnson,Andrea Bargnani,DeMar DeRozan,Jose Calderon,Sonny Weems,1,0:00,PHI,shot,,,,,,,,,,Thaddeus Young,,,,missed,,3pt,14,47
Andre Iguodala,Elton Brand,Lou Williams,Thaddeus Young,Willie Green,Amir Johnson,Andrea Bargnani,DeMar DeRozan,Jose Calderon,Sonny Weems,1,0:00,PHI,rebound,,,,,,,,,,,,,,,,,,
Jason Kapono,Jason Smith,Lou Williams,Thaddeus Young,Willie Green,Amir Johnson,Antoine Wright,Chris Bosh,Jose Calderon,Marco Belinelli,2,11:38,TOR,turnover,,,,,,,,,,Amir Johnson,,,bad pass,,Willie Green,,,
Jason Kapono,Jason Smith,Lou Williams,Thaddeus Young,Willie Green,Amir Johnson,Antoine Wright,Chris Bosh,Jose Calderon,Marco Belinelli,2,11:23,PHI,shot,,,,,,,,,,Thaddeus Young,,,,missed,,layup,27,7
Jason Kapono,Jason Smith,Lou Williams,Thaddeus Young,Willie Green,Amir Johnson,Antoine Wright,Chris Bosh,Jose Calderon,Marco Belinelli,2,11:22,PHI,rebound,,,,,,,,,,Jason Smith,,,,,,off,,
Jason Kapono,Jason Smith,Lou Williams,Thaddeus Young,Willie Green,Amir Johnson,Antoine Wright,Chris Bosh,Jose Calderon,Marco Belinelli,2,11:20,PHI,shot,,,,,,,,,,Jason Smith,2,,,made,,putback layup,25,6
Jason Kapono,Jason Smith,Lou Williams,Thaddeus Young,Willie Green,Amir Johnson,Antoine Wright,Chris Bosh,Jose Calderon,Marco Belinelli,2,11:09,TOR,turnover,,,,,,,,,,Antoine Wright,,,bad pass,,Jason Smith,,,
Jason Kapono,Jason Smith,Lou Williams,Thaddeus Young,Willie Green,Amir Johnson,Antoine Wright,Chris Bosh,Jose Calderon,Marco Belinelli,2,11:07,TOR,foul,,,,,,,,Lou Williams,,Jose Calderon,,,,,,personal,,
Jason Kapono,Jason Smith,Lou Williams,Thaddeus Young,Willie Green,Amir Johnson,Antoine Wright,Chris Bosh,Jose Calderon,Marco Belinelli,2,11:01,PHI,shot,,,,,,,,,,Willie Green,,,,missed,,jump,42,12
Jason Kapono,Jason Smith,Lou Williams,Thaddeus Young,Willie Green,Amir Johnson,Antoine Wright,Chris Bosh,Jose Calderon,Marco Belinelli,2,11:00,TOR,rebound,,,,,,,,,,Marco Belinelli,,,,,,def,,
Jason Kapono,Jason Smith,Lou Williams,Thaddeus Young,Willie Green,Amir Johnson,Antoine Wright,Chris Bosh,Jose Calderon,Marco Belinelli,2,10:56,TOR,shot,Marco Belinelli,,,,,,,,,Amir Johnson,2,,,made,,running slam dunk,24,6
Jason Kapono,Jason Smith,Lou Williams,Thaddeus Young,Willie Green,Amir Johnson,Antoine Wright,Chris Bosh,Jose Calderon,Marco Belinelli,2,10:28,PHI,shot,,,,,,,,,,Willie Green,,,,missed,,jump,23,27
Jason Kapono,Jason Smith,Lou Williams,Thaddeus Young,Willie Green,Amir Johnson,Antoine Wright,Chris Bosh,Jose Calderon,Marco Belinelli,2,10:26,PHI,rebound,,,,,,,,,,Jason Kapono,,,,,,off,,
Jason Kapono,Jason Smith,Lou Williams,Thaddeus Young,Willie Green,Amir Johnson,Antoine Wright,Chris Bosh,Jose Calderon,Marco Belinelli,2,10:22,PHI,shot,,,,,,,,,,Jason Smith,,,,missed,,jump,13,19
Jason Kapono,Jason Smith,Lou Williams,Thaddeus Young,Willie Green,Amir Johnson,Antoine Wright,Chris Bosh,Jose Calderon,Marco Belinelli,2,10:20,TOR,rebound,,,,,,,,,,Antoine Wright,,,,,,def,,
Jason Kapono,Jason Smith,Lou Williams,Thaddeus Young,Willie Green,Amir Johnson,Antoine Wright,Chris Bosh,Jose Calderon,Marco Belinelli,2,10:07,TOR,shot,,,,,,,,,,Antoine Wright,,,,missed,,3pt,47,6
Jason Kapono,Jason Smith,Lou Williams,Thaddeus Young,Willie Green,Amir Johnson,Antoine Wright,Chris Bosh,Jose Calderon,Marco Belinelli,2,10:06,PHI,rebound,,,,,,,,,,Lou Williams,,,,,,def,,
Jason Kapono,Jason Smith,Lou Williams,Thaddeus Young,Willie Green,Amir Johnson,Antoine Wright,Chris Bosh,Jose Calderon,Marco Belinelli,2,10:01,TOR,foul,,,,,,,,Willie Green,,Marco Belinelli,,,,,,shooting,,
Jason Kapono,Jason Smith,Lou Williams,Thaddeus Young,Willie Green,Amir Johnson,Antoine Wright,Chris Bosh,Jose Calderon,Marco Belinelli,2,10:01,PHI,free throw,,,,,,,1,,2,Willie Green,,,foul,made,,,,
Jason Kapono,Jason Smith,Lou Williams,Thaddeus Young,Willie Green,Amir Johnson,Antoine Wright,Chris Bosh,Jose Calderon,Marco Belinelli,2,10:01,PHI,free throw,,,,,,,2,,2,Willie Green,,,foul,made,,,,
Jason Kapono,Jason Smith,Lou Williams,Thaddeus Young,Willie Green,Amir Johnson,Antoine Wright,Chris Bosh,Jose Calderon,Marco Belinelli,2,9:54,TOR,shot,Jose Calderon,,,,,,,,,Amir Johnson,2,,,made,,alley oop layup,27,7
Jason Kapono,Jason Smith,Lou Williams,Thaddeus Young,Willie Green,Amir Johnson,Antoine Wright,Chris Bosh,Jose Calderon,Marco Belinelli,2,9:43,PHI,timeout,,,,,,,,,,,,,,,,regular,,
Andre Iguodala,Jason Kapono,Jason Smith,Lou Williams,Thaddeus Young,Amir Johnson,Antoine Wright,Chris Bosh,Jose Calderon,Marco Belinelli,2,9:43,PHI,sub,,,,Andre Iguodala,,Willie Green,,,,,,,,,,,,
Andre Iguodala,Jason Kapono,Jason Smith,Lou Williams,Thaddeus Young,Amir Johnson,Antoine Wright,Chris Bosh,Jose Calderon,Marco Belinelli,2,9:31,PHI,shot,,,,,,,,,,Andre Iguodala,,,,missed,,3pt,39,26
Andre Iguodala,Jason Kapono,Jason Smith,Lou Williams,Thaddeus Young,Amir Johnson,Antoine Wright,Chris Bosh,Jose Calderon,Marco Belinelli,2,9:30,TOR,rebound,,,,,,,,,,Marco Belinelli,,,,,,def,,
Andre Iguodala,Jason Kapono,Jason Smith,Lou Williams,Thaddeus Young,Amir Johnson,Antoine Wright,Chris Bosh,Jose Calderon,Marco Belinelli,2,9:12,PHI,foul,,,,,,,,Chris Bosh,,Jason Smith,,,,,,shooting,,
Andre Iguodala,Jason Kapono,Jason Smith,Lou Williams,Thaddeus Young,Amir Johnson,Antoine Wright,Chris Bosh,Jose Calderon,Marco Belinelli,2,9:12,TOR,free throw,,,,,,,1,,2,Chris Bosh,,,foul,missed,,,,
Andre Iguodala,Jason Kapono,Jason Smith,Lou Williams,Thaddeus Young,Amir Johnson,Antoine Wright,Chris Bosh,Jose Calderon,Marco Belinelli,2,9:12,TOR,rebound,,,,,,,,,,,,,,,,,,
Andre Iguodala,Jason Kapono,Jason Smith,Lou Williams,Thaddeus Young,Amir Johnson,Antoine Wright,Chris Bosh,Jose Calderon,Marco Belinelli,2,9:12,TOR,free throw,,,,,,,2,,2,Chris Bosh,,,foul,made,,,,
Andre Iguodala,Jason Kapono,Jason Smith,Lou Williams,Thaddeus Young,Amir Johnson,Antoine Wright,Chris Bosh,Jose Calderon,Marco Belinelli,2,9:05,PHI,shot,,,,,,,,,,Lou Williams,2,,,made,,floating jump,16,7
Andre Iguodala,Jason Kapono,Jason Smith,Lou Williams,Thaddeus Young,Amir Johnson,Antoine Wright,Chris Bosh,Jose Calderon,Marco Belinelli,2,8:46,TOR,shot,,,,,,,,,,Marco Belinelli,,,,missed,,driving layup,26,9
Andre Iguodala,Jason Kapono,Jason Smith,Lou Williams,Thaddeus Young,Amir Johnson,Antoine Wright,Chris Bosh,Jose Calderon,Marco Belinelli,2,8:44,PHI,rebound,,,,,,,,,,Lou Williams,,,,,,def,,
Andre Iguodala,Jason Kapono,Jason Smith,Lou Williams,Thaddeus Young,Amir Johnson,Antoine Wright,Chris Bosh,Jose Calderon,Marco Belinelli,2,8:39,PHI,shot,,,,,,,,,,Jason Kapono,,,,missed,,3pt,7,24
Andre Iguodala,Jason Kapono,Jason Smith,Lou Williams,Thaddeus Young,Amir Johnson,Antoine Wright,Chris Bosh,Jose Calderon,Marco Belinelli,2,8:38,TOR,rebound,,,,,,,,,,,,,,,,,,
Andre Iguodala,Jason Kapono,Lou Williams,Samuel Dalembert,Thaddeus Young,Amir Johnson,Antoine Wright,Chris Bosh,Jose Calderon,Marco Belinelli,2,8:38,PHI,sub,,,,Samuel Dalembert,,Jason Smith,,,,,,,,,,,,
Andre Iguodala,Jason Kapono,Lou Williams,Samuel Dalembert,Thaddeus Young,Amir Johnson,Antoine Wright,Chris Bosh,Jose Calderon,Marco Belinelli,2,8:28,TOR,shot,,,,,,,,,,Jose Calderon,2,,,made,,driving layup,23,7
Andre Iguodala,Jason Kapono,Lou Williams,Samuel Dalembert,Thaddeus Young,Amir Johnson,Antoine Wright,Chris Bosh,Jose Calderon,Marco Belinelli,2,8:05,PHI,turnover,,,,,,,,,,Andre Iguodala,,,bad pass,,Amir Johnson,,,
Andre Iguodala,Jason Kapono,Lou Williams,Samuel Dalembert,Thaddeus Young,Amir Johnson,Antoine Wright,Chris Bosh,Jose Calderon,Marco Belinelli,2,7:55,TOR,shot,,,,,,,,,,Chris Bosh,,,,missed,,jump,10,20
Andre Iguodala,Jason Kapono,Lou Williams,Samuel Dalembert,Thaddeus Young,Amir Johnson,Antoine Wright,Chris Bosh,Jose Calderon,Marco Belinelli,2,7:54,TOR,rebound,,,,,,,,,,Amir Johnson,,,,,,off,,
Andre Iguodala,Jason Kapono,Lou Williams,Samuel Dalembert,Thaddeus Young,Amir Johnson,Antoine Wright,Chris Bosh,Jose Calderon,Marco Belinelli,2,7:52,TOR,shot,,,,,,,,,,Amir Johnson,2,,,made,,layup,25,6
Andre Iguodala,Jason Kapono,Lou Williams,Samuel Dalembert,Thaddeus Young,Amir Johnson,Antoine Wright,Chris Bosh,Jose Calderon,Marco Belinelli,2,7:43,PHI,timeout,,,,,,,,,,,,,,,,regular,,
Andre Iguodala,Jason Kapono,Lou Williams,Samuel Dalembert,Thaddeus Young,Antoine Wright,Chris Bosh,Jose Calderon,Marco Belinelli,Reggie Evans,2,7:43,TOR,sub,,,,Reggie Evans,,Amir Johnson,,,,,,,,,,,,
Andre Iguodala,Jason Kapono,Lou Williams,Samuel Dalembert,Thaddeus Young,Antoine Wright,Chris Bosh,Jose Calderon,Marco Belinelli,Reggie Evans,2,7:35,PHI,shot,,,,,,,,,,Andre Iguodala,,,,missed,,fade away jumper,21,16
Andre Iguodala,Jason Kapono,Lou Williams,Samuel Dalembert,Thaddeus Young,Antoine Wright,Chris Bosh,Jose Calderon,Marco Belinelli,Reggie Evans,2,7:33,TOR,rebound,,,,,,,,,,Chris Bosh,,,,,,def,,
Andre Iguodala,Jason Kapono,Lou Williams,Samuel Dalembert,Thaddeus Young,Antoine Wright,Chris Bosh,Jose Calderon,Marco Belinelli,Reggie Evans,2,7:14,TOR,shot,,,,,,,,,,Marco Belinelli,,,,missed,,running jump,34,7
Andre Iguodala,Jason Kapono,Lou Williams,Samuel Dalembert,Thaddeus Young,Antoine Wright,Chris Bosh,Jose Calderon,Marco Belinelli,Reggie Evans,2,7:14,PHI,rebound,,,,,,,,,,Jason Kapono,,,,,,def,,
Andre Iguodala,Jason Kapono,Lou Williams,Samuel Dalembert,Thaddeus Young,Antoine Wright,Chris Bosh,Jose Calderon,Marco Belinelli,Reggie Evans,2,6:57,PHI,shot,,,,,,,,,,Thaddeus Young,,,,missed,,3pt,26,31
Andre Iguodala,Jason Kapono,Lou Williams,Samuel Dalembert,Thaddeus Young,Antoine Wright,Chris Bosh,Jose Calderon,Marco Belinelli,Reggie Evans,2,6:56,TOR,rebound,,,,,,,,,,,,,,,,,,
Andre Iguodala,Jason Kapono,Lou Williams,Samuel Dalembert,Thaddeus Young,Antoine Wright,Chris Bosh,Jose Calderon,Marco Belinelli,Reggie Evans,2,6:56,PHI,foul,,,,,,,,Reggie Evans,,Samuel Dalembert,,,,,,loose ball,,
Andre Iguodala,Jason Kapono,Lou Williams,Samuel Dalembert,Thaddeus Young,Antoine Wright,Chris Bosh,Jose Calderon,Marco Belinelli,Reggie Evans,2,6:42,TOR,shot,,,,,,,,,,Chris Bosh,2,,,made,,jump,28,12
Andre Iguodala,Jason Kapono,Lou Williams,Samuel Dalembert,Thaddeus Young,Antoine Wright,Chris Bosh,Jose Calderon,Marco Belinelli,Reggie Evans,2,6:42,PHI,foul,,,,,,,,Chris Bosh,,Thaddeus Young,,,,,,shooting,,
Andre Iguodala,Jason Kapono,Jrue Holiday,Samuel Dalembert,Thaddeus Young,Antoine Wright,Chris Bosh,Jose Calderon,Marco Belinelli,Reggie Evans,2,6:42,PHI,sub,,,,Jrue Holiday,,Lou Williams,,,,,,,,,,,,
Andre Iguodala,Elton Brand,Jason Kapono,Jrue Holiday,Samuel Dalembert,Antoine Wright,Chris Bosh,Jose Calderon,Marco Belinelli,Reggie Evans,2,6:42,PHI,sub,,,,Elton Brand,,Thaddeus Young,,,,,,,,,,,,
Andre Iguodala,Elton Brand,Jason Kapono,Jrue Holiday,Samuel Dalembert,Antoine Wright,Chris Bosh,Jose Calderon,Marco Belinelli,Reggie Evans,2,6:42,TOR,free throw,,,,,,,1,,1,Chris Bosh,,,foul,made,,,,
Andre Iguodala,Elton Brand,Jason Kapono,Jrue Holiday,Samuel Dalembert,Antoine Wright,Chris Bosh,Jose Calderon,Marco Belinelli,Reggie Evans,2,6:23,PHI,shot,,,,,,,,,,Jrue Holiday,2,,,made,,jump,35,13
Andre Iguodala,Elton Brand,Jason Kapono,Jrue Holiday,Samuel Dalembert,Antoine Wright,Chris Bosh,Jose Calderon,Marco Belinelli,Reggie Evans,2,6:07,TOR,turnover,,,,,,,,,,Marco Belinelli,,,bad pass,,Jason Kapono,,,
Andre Iguodala,Elton Brand,Jason Kapono,Jrue Holiday,Samuel Dalembert,Antoine Wright,Chris Bosh,Jose Calderon,Marco Belinelli,Reggie Evans,2,6:03,PHI,shot,,,,,,,,,,Andre Iguodala,,,,missed,,driving layup,24,8
Andre Iguodala,Elton Brand,Jason Kapono,Jrue Holiday,Samuel Dalembert,Antoine Wright,Chris Bosh,Jose Calderon,Marco Belinelli,Reggie Evans,2,6:01,TOR,rebound,,,,,,,,,,Reggie Evans,,,,,,def,,
Andre Iguodala,Elton Brand,Jason Kapono,Jrue Holiday,Samuel Dalembert,Antoine Wright,Chris Bosh,Jose Calderon,Marco Belinelli,Reggie Evans,2,5:49,TOR,shot,,,Jrue Holiday,,,,,,,Antoine Wright,,,,missed,,jump hook,30,8
Andre Iguodala,Elton Brand,Jason Kapono,Jrue Holiday,Samuel Dalembert,Antoine Wright,Chris Bosh,Jose Calderon,Marco Belinelli,Reggie Evans,2,5:46,TOR,rebound,,,,,,,,,,Reggie Evans,,,,,,off,,
Andre Iguodala,Elton Brand,Jason Kapono,Jrue Holiday,Samuel Dalembert,Antoine Wright,Chris Bosh,Jose Calderon,Marco Belinelli,Reggie Evans,2,5:44,TOR,turnover,,,,,,,,,,Reggie Evans,,,bad pass,,Jrue Holiday,,,
Andre Iguodala,Elton Brand,Jason Kapono,Jrue Holiday,Samuel Dalembert,Antoine Wright,Chris Bosh,Jose Calderon,Marco Belinelli,Reggie Evans,2,5:37,PHI,shot,Jrue Holiday,,,,,,,,,Andre Iguodala,2,,,made,,reverse layup,23,6
Andre Iguodala,Elton Brand,Jason Kapono,Jrue Holiday,Samuel Dalembert,Antoine Wright,Chris Bosh,Jose Calderon,Marco Belinelli,Reggie Evans,2,5:12,TOR,shot,,,,,,,,,,Reggie Evans,,,,missed,,running layup,24,8
Andre Iguodala,Elton Brand,Jason Kapono,Jrue Holiday,Samuel Dalembert,Antoine Wright,Chris Bosh,Jose Calderon,Marco Belinelli,Reggie Evans,2,5:11,PHI,rebound,,,,,,,,,,Samuel Dalembert,,,,,,def,,
Andre Iguodala,Elton Brand,Jason Kapono,Jrue Holiday,Samuel Dalembert,Antoine Wright,Chris Bosh,Jose Calderon,Marco Belinelli,Reggie Evans,2,4:59,PHI,shot,,,,,,,,,,Jason Kapono,,,,missed,,3pt,4,21
Andre Iguodala,Elton Brand,Jason Kapono,Jrue Holiday,Samuel Dalembert,Antoine Wright,Chris Bosh,Jose Calderon,Marco Belinelli,Reggie Evans,2,4:58,TOR,rebound,,,,,,,,,,Reggie Evans,,,,,,def,,
Andre Iguodala,Elton Brand,Jason Kapono,Jrue Holiday,Samuel Dalembert,Antoine Wright,Chris Bosh,Jose Calderon,Marco Belinelli,Reggie Evans,2,4:52,TOR,shot,,,,,,,,,,Marco Belinelli,,,,missed,,3pt,8,24
Andre Iguodala,Elton Brand,Jason Kapono,Jrue Holiday,Samuel Dalembert,Antoine Wright,Chris Bosh,Jose Calderon,Marco Belinelli,Reggie Evans,2,4:51,PHI,rebound,,,,,,,,,,Samuel Dalembert,,,,,,def,,
Andre Iguodala,Elton Brand,Jason Kapono,Jrue Holiday,Samuel Dalembert,Antoine Wright,Chris Bosh,Jose Calderon,Marco Belinelli,Reggie Evans,2,4:43,PHI,shot,Jason Kapono,,,,,,,,,Jrue Holiday,3,,,made,,3pt,14,29
Andre Iguodala,Elton Brand,Jason Kapono,Jrue Holiday,Samuel Dalembert,Antoine Wright,Chris Bosh,Jose Calderon,Marco Belinelli,Reggie Evans,2,4:25,TOR,shot,Jose Calderon,,,,,,,,,Reggie Evans,2,,,made,,jump hook,27,7
Andre Iguodala,Elton Brand,Jason Kapono,Jrue Holiday,Samuel Dalembert,Antoine Wright,Chris Bosh,Jose Calderon,Marco Belinelli,Reggie Evans,2,4:03,PHI,turnover,,,,,,,,,,Samuel Dalembert,,,lost ball,,Marco Belinelli,,,
Andre Iguodala,Elton Brand,Jason Kapono,Jrue Holiday,Samuel Dalembert,Antoine Wright,Chris Bosh,Jose Calderon,Marco Belinelli,Reggie Evans,2,3:51,TOR,shot,,,,,,,,,,Chris Bosh,,,,missed,,jump,36,22
Andre Iguodala,Elton Brand,Jason Kapono,Jrue Holiday,Samuel Dalembert,Antoine Wright,Chris Bosh,Jose Calderon,Marco Belinelli,Reggie Evans,2,3:50,PHI,rebound,,,,,,,,,,Samuel Dalembert,,,,,,def,,
Andre Iguodala,Elton Brand,Jason Kapono,Jrue Holiday,Samuel Dalembert,Antoine Wright,Chris Bosh,Jose Calderon,Marco Belinelli,Reggie Evans,2,3:42,PHI,turnover,,,,,,,,,,Jrue Holiday,,,lost ball,,Reggie Evans,,,
Andre Iguodala,Elton Brand,Jason Kapono,Jrue Holiday,Samuel Dalembert,Antoine Wright,Chris Bosh,Jose Calderon,Marco Belinelli,Reggie Evans,2,3:37,TOR,shot,Reggie Evans,,,,,,,,,Antoine Wright,2,,,made,,running dunk,24,7
Andre Iguodala,Elton Brand,Jason Kapono,Jrue Holiday,Samuel Dalembert,Antoine Wright,Chris Bosh,Jose Calderon,Marco Belinelli,Reggie Evans,2,3:29,PHI,foul,,,,,,,,Reggie Evans,,Andre Iguodala,,,,,,offensive,,
Andre Iguodala,Elton Brand,Jason Kapono,Jrue Holiday,Samuel Dalembert,Antoine Wright,Chris Bosh,Jose Calderon,Marco Belinelli,Reggie Evans,2,3:29,PHI,turnover,,,,,,,,,,Andre Iguodala,,,foul,,,,,
Andre Iguodala,Elton Brand,Jason Kapono,Jrue Holiday,Samuel Dalembert,Antoine Wright,Chris Bosh,Jarrett Jack,Marco Belinelli,Reggie Evans,2,3:29,TOR,sub,,,,Jarrett Jack,,Jose Calderon,,,,,,,,,,,,
Andre Iguodala,Elton Brand,Jason Kapono,Jrue Holiday,Samuel Dalembert,Andrea Bargnani,Antoine Wright,Jarrett Jack,Marco Belinelli,Reggie Evans,2,3:29,TOR,sub,,,,Andrea Bargnani,,Chris Bosh,,,,,,,,,,,,
Andre Iguodala,Elton Brand,Jason Kapono,Jrue Holiday,Samuel Dalembert,Andrea Bargnani,Antoine Wright,DeMar DeRozan,Jarrett Jack,Reggie Evans,2,3:29,TOR,sub,,,,DeMar DeRozan,,Marco Belinelli,,,,,,,,,,,,
Andre Iguodala,Elton Brand,Jrue Holiday,Samuel Dalembert,Willie Green,Andrea Bargnani,Antoine Wright,DeMar DeRozan,Jarrett Jack,Reggie Evans,2,3:29,PHI,sub,,,,Willie Green,,Jason Kapono,,,,,,,,,,,,
Andre Iguodala,Elton Brand,Jrue Holiday,Samuel Dalembert,Willie Green,Andrea Bargnani,Antoine Wright,DeMar DeRozan,Jarrett Jack,Reggie Evans,2,3:05,TOR,turnover,,,,,,,,,,,,,shot clock turnover,,,,,
Andre Iguodala,Elton Brand,Jrue Holiday,Samuel Dalembert,Willie Green,Andrea Bargnani,Antoine Wright,DeMar DeRozan,Jarrett Jack,Reggie Evans,2,2:45,PHI,shot,,,,,,,,,,Willie Green,,,,missed,,jump,40,22
Andre Iguodala,Elton Brand,Jrue Holiday,Samuel Dalembert,Willie Green,Andrea Bargnani,Antoine Wright,DeMar DeRozan,Jarrett Jack,Reggie Evans,2,2:44,TOR,rebound,,,,,,,,,,Andrea Bargnani,,,,,,def,,
Andre Iguodala,Elton Brand,Jrue Holiday,Samuel Dalembert,Willie Green,Andrea Bargnani,Antoine Wright,DeMar DeRozan,Jarrett Jack,Reggie Evans,2,2:36,TOR,shot,,,,,,,,,,Reggie Evans,,,,missed,,turnaround hook,33,8
Andre Iguodala,Elton Brand,Jrue Holiday,Samuel Dalembert,Willie Green,Andrea Bargnani,Antoine Wright,DeMar DeRozan,Jarrett Jack,Reggie Evans,2,2:34,PHI,rebound,,,,,,,,,,Samuel Dalembert,,,,,,def,,
Andre Iguodala,Elton Brand,Jrue Holiday,Samuel Dalembert,Willie Green,Andrea Bargnani,Antoine Wright,DeMar DeRozan,Jarrett Jack,Reggie Evans,2,2:31,PHI,turnover,,,,,,,,,,Jrue Holiday,,,bad pass,,,,,
Andre Iguodala,Elton Brand,Jrue Holiday,Samuel Dalembert,Willie Green,Andrea Bargnani,Antoine Wright,DeMar DeRozan,Jarrett Jack,Reggie Evans,2,2:31,TOR,timeout,,,,,,,,,,,,,,,,official,,
Andre Iguodala,Elton Brand,Jrue Holiday,Samuel Dalembert,Willie Green,Andrea Bargnani,Antoine Wright,Chris Bosh,DeMar DeRozan,Jarrett Jack,2,2:31,TOR,sub,,,,Chris Bosh,,Reggie Evans,,,,,,,,,,,,
Andre Iguodala,Elton Brand,Jrue Holiday,Samuel Dalembert,Willie Green,Andrea Bargnani,Antoine Wright,Chris Bosh,DeMar DeRozan,Jarrett Jack,2,2:13,TOR,turnover,,,,,,,,,,Andrea Bargnani,,,bad pass,,Samuel Dalembert,,,
Andre Iguodala,Elton Brand,Jrue Holiday,Samuel Dalembert,Willie Green,Andrea Bargnani,Antoine Wright,Chris Bosh,DeMar DeRozan,Jarrett Jack,2,2:01,PHI,shot,,,,,,,,,,Elton Brand,2,,,made,,jump,36,12
Andre Iguodala,Elton Brand,Jrue Holiday,Samuel Dalembert,Willie Green,Andrea Bargnani,Antoine Wright,Chris Bosh,DeMar DeRozan,Jarrett Jack,2,1:38,TOR,shot,,,,,,,,,,Andrea Bargnani,,,,missed,,turnaround jump,21,16
Andre Iguodala,Elton Brand,Jrue Holiday,Samuel Dalembert,Willie Green,Andrea Bargnani,Antoine Wright,Chris Bosh,DeMar DeRozan,Jarrett Jack,2,1:36,PHI,rebound,,,,,,,,,,Elton Brand,,,,,,def,,
Andre Iguodala,Elton Brand,Jrue Holiday,Samuel Dalembert,Willie Green,Andrea Bargnani,Antoine Wright,Chris Bosh,DeMar DeRozan,Jarrett Jack,2,1:19,PHI,turnover,,,,,,,,,,Willie Green,,,bad pass,,Chris Bosh,,,
Andre Iguodala,Elton Brand,Jrue Holiday,Samuel Dalembert,Willie Green,Andrea Bargnani,Antoine Wright,Chris Bosh,DeMar DeRozan,Jarrett Jack,2,1:06,TOR,shot,,,,,,,,,,Chris Bosh,2,,,made,,turnaround fade away,15,7
Andre Iguodala,Elton Brand,Jrue Holiday,Samuel Dalembert,Willie Green,Andrea Bargnani,Antoine Wright,Chris Bosh,DeMar DeRozan,Jarrett Jack,2,0:42,PHI,shot,,,,,,,,,,Andre Iguodala,,,,missed,,turnaround jump,25,18
Andre Iguodala,Elton Brand,Jrue Holiday,Samuel Dalembert,Willie Green,Andrea Bargnani,Antoine Wright,Chris Bosh,DeMar DeRozan,Jarrett Jack,2,0:41,TOR,rebound,,,,,,,,,,Chris Bosh,,,,,,def,,
Andre Iguodala,Elton Brand,Jrue Holiday,Samuel Dalembert,Willie Green,Andrea Bargnani,Antoine Wright,Chris Bosh,DeMar DeRozan,Jarrett Jack,2,0:30,TOR,shot,,,,,,,,,,Jarrett Jack,,,,missed,,reverse layup,24,7
Andre Iguodala,Elton Brand,Jrue Holiday,Samuel Dalembert,Willie Green,Andrea Bargnani,Antoine Wright,Chris Bosh,DeMar DeRozan,Jarrett Jack,2,0:30,TOR,rebound,,,,,,,,,,DeMar DeRozan,,,,,,off,,
Andre Iguodala,Elton Brand,Jrue Holiday,Samuel Dalembert,Willie Green,Andrea Bargnani,Antoine Wright,Chris Bosh,DeMar DeRozan,Jarrett Jack,2,0:29,TOR,shot,,,,,,,,,,DeMar DeRozan,2,,,made,,putback slam dunk,25,6
Andre Iguodala,Elton Brand,Jrue Holiday,Samuel Dalembert,Willie Green,Andrea Bargnani,Antoine Wright,Chris Bosh,DeMar DeRozan,Jarrett Jack,2,0:09,TOR,foul,,,,,,,,Willie Green,,Jarrett Jack,,,,,,shooting,,
Andre Iguodala,Elton Brand,Jrue Holiday,Samuel Dalembert,Willie Green,Andrea Bargnani,Antoine Wright,Chris Bosh,DeMar DeRozan,Jarrett Jack,2,0:09,PHI,free throw,,,,,,,1,,2,Willie Green,,,foul,made,,,,
Andre Iguodala,Elton Brand,Jrue Holiday,Samuel Dalembert,Willie Green,Andrea Bargnani,Antoine Wright,Chris Bosh,DeMar DeRozan,Jarrett Jack,2,0:09,PHI,free throw,,,,,,,2,,2,Willie Green,,,foul,made,,,,
Andre Iguodala,Elton Brand,Jrue Holiday,Samuel Dalembert,Willie Green,Andrea Bargnani,Antoine Wright,Chris Bosh,DeMar DeRozan,Jarrett Jack,2,0:00,TOR,shot,,,Samuel Dalembert,,,,,,,Jarrett Jack,,,,missed,,driving layup,25,6
Andre Iguodala,Elton Brand,Jrue Holiday,Samuel Dalembert,Willie Green,Andrea Bargnani,Antoine Wright,Chris Bosh,DeMar DeRozan,Jarrett Jack,2,0:00,TOR,rebound,,,,,,,,,,,,,,,,,,
Andre Iguodala,Jrue Holiday,Royal Ivey,Samuel Dalembert,Willie Green,Andrea Bargnani,Chris Bosh,DeMar DeRozan,Jarrett Jack,Sonny Weems,3,11:38,TOR,shot,,,,,,,,,,Chris Bosh,,,,missed,,jump,9,9
Andre Iguodala,Jrue Holiday,Royal Ivey,Samuel Dalembert,Willie Green,Andrea Bargnani,Chris Bosh,DeMar DeRozan,Jarrett Jack,Sonny Weems,3,11:36,TOR,rebound,,,,,,,,,,,,,,,,,,
Andre Iguodala,Jrue Holiday,Royal Ivey,Samuel Dalembert,Willie Green,Andrea Bargnani,Chris Bosh,DeMar DeRozan,Jarrett Jack,Sonny Weems,3,11:21,TOR,shot,Andrea Bargnani,,,,,,,,,DeMar DeRozan,2,,,made,,running layup,27,7
Andre Iguodala,Jrue Holiday,Royal Ivey,Samuel Dalembert,Willie Green,Andrea Bargnani,Chris Bosh,DeMar DeRozan,Jarrett Jack,Sonny Weems,3,10:58,PHI,turnover,,,,,,,,,,Willie Green,,,lost ball,,DeMar DeRozan,,,
Andre Iguodala,Jrue Holiday,Royal Ivey,Samuel Dalembert,Willie Green,Andrea Bargnani,Chris Bosh,DeMar DeRozan,Jarrett Jack,Sonny Weems,3,10:53,TOR,shot,DeMar DeRozan,,,,,,,,,Chris Bosh,2,,,made,,driving slam dunk,25,8
Andre Iguodala,Jrue Holiday,Royal Ivey,Samuel Dalembert,Willie Green,Andrea Bargnani,Chris Bosh,DeMar DeRozan,Jarrett Jack,Sonny Weems,3,10:28,PHI,shot,,,,,,,,,,Jrue Holiday,,,,missed,,jump,32,24
Andre Iguodala,Jrue Holiday,Royal Ivey,Samuel Dalembert,Willie Green,Andrea Bargnani,Chris Bosh,DeMar DeRozan,Jarrett Jack,Sonny Weems,3,10:27,PHI,rebound,,,,,,,,,,Royal Ivey,,,,,,off,,
Andre Iguodala,Jrue Holiday,Royal Ivey,Samuel Dalembert,Willie Green,Andrea Bargnani,Chris Bosh,DeMar DeRozan,Jarrett Jack,Sonny Weems,3,10:14,PHI,shot,,,,,,,,,,Samuel Dalembert,,,,missed,,layup,25,6
Andre Iguodala,Jrue Holiday,Royal Ivey,Samuel Dalembert,Willie Green,Andrea Bargnani,Chris Bosh,DeMar DeRozan,Jarrett Jack,Sonny Weems,3,10:13,TOR,rebound,,,,,,,,,,Chris Bosh,,,,,,def,,
Andre Iguodala,Jrue Holiday,Royal Ivey,Samuel Dalembert,Willie Green,Andrea Bargnani,Chris Bosh,DeMar DeRozan,Jarrett Jack,Sonny Weems,3,10:08,TOR,shot,Jarrett Jack,,,,,,,,,Andrea Bargnani,2,,,made,,pullup jump,24,20
Andre Iguodala,Jrue Holiday,Royal Ivey,Samuel Dalembert,Willie Green,Andrea Bargnani,Chris Bosh,DeMar DeRozan,Jarrett Jack,Sonny Weems,3,9:49,PHI,shot,,,,,,,,,,Willie Green,,,,missed,,3pt,25,31
Andre Iguodala,Jrue Holiday,Royal Ivey,Samuel Dalembert,Willie Green,Andrea Bargnani,Chris Bosh,DeMar DeRozan,Jarrett Jack,Sonny Weems,3,9:47,TOR,rebound,,,,,,,,,,Chris Bosh,,,,,,def,,
Andre Iguodala,Jrue Holiday,Royal Ivey,Samuel Dalembert,Willie Green,Andrea Bargnani,Chris Bosh,DeMar DeRozan,Jarrett Jack,Sonny Weems,3,9:42,TOR,shot,Jarrett Jack,,,,,,,,,Sonny Weems,2,,,made,,driving layup,23,7
Andre Iguodala,Jrue Holiday,Royal Ivey,Samuel Dalembert,Willie Green,Andrea Bargnani,Chris Bosh,DeMar DeRozan,Jarrett Jack,Sonny Weems,3,9:42,PHI,foul,,,,,,,,Sonny Weems,,Royal Ivey,,,,,,shooting,,
Andre Iguodala,Jrue Holiday,Royal Ivey,Samuel Dalembert,Willie Green,Andrea Bargnani,Chris Bosh,DeMar DeRozan,Jarrett Jack,Sonny Weems,3,9:42,TOR,free throw,,,,,,,1,,1,Sonny Weems,,,foul,made,,,,
Andre Iguodala,Jrue Holiday,Royal Ivey,Samuel Dalembert,Willie Green,Andrea Bargnani,Chris Bosh,DeMar DeRozan,Jarrett Jack,Sonny Weems,3,9:29,PHI,shot,,,,,,,,,,Royal Ivey,,,,missed,,3pt,45,19
Andre Iguodala,Jrue Holiday,Royal Ivey,Samuel Dalembert,Willie Green,Andrea Bargnani,Chris Bosh,DeMar DeRozan,Jarrett Jack,Sonny Weems,3,9:28,TOR,rebound,,,,,,,,,,Chris Bosh,,,,,,def,,
Andre Iguodala,Jrue Holiday,Royal Ivey,Samuel Dalembert,Willie Green,Andrea Bargnani,Chris Bosh,DeMar DeRozan,Jarrett Jack,Sonny Weems,3,9:17,TOR,shot,,,,,,,,,,Jarrett Jack,,,,missed,,jump,24,22
Andre Iguodala,Jrue Holiday,Royal Ivey,Samuel Dalembert,Willie Green,Andrea Bargnani,Chris Bosh,DeMar DeRozan,Jarrett Jack,Sonny Weems,3,9:16,TOR,rebound,,,,,,,,,,Chris Bosh,,,,,,off,,
Andre Iguodala,Jrue Holiday,Royal Ivey,Samuel Dalembert,Willie Green,Andrea Bargnani,Chris Bosh,DeMar DeRozan,Jarrett Jack,Sonny Weems,3,9:14,TOR,turnover,,,,,,,,,,Chris Bosh,,,lost ball,,Samuel Dalembert,,,
Andre Iguodala,Jrue Holiday,Royal Ivey,Samuel Dalembert,Willie Green,Andrea Bargnani,Chris Bosh,DeMar DeRozan,Jarrett Jack,Sonny Weems,3,9:05,PHI,shot,,,,,,,,,,Jrue Holiday,,,,missed,,driving layup,27,7
Andre Iguodala,Jrue Holiday,Royal Ivey,Samuel Dalembert,Willie Green,Andrea Bargnani,Chris Bosh,DeMar DeRozan,Jarrett Jack,Sonny Weems,3,9:03,TOR,rebound,,,,,,,,,,DeMar DeRozan,,,,,,def,,
Andre Iguodala,Jrue Holiday,Royal Ivey,Samuel Dalembert,Willie Green,Andrea Bargnani,Chris Bosh,DeMar DeRozan,Jarrett Jack,Sonny Weems,3,8:57,PHI,foul,,,,,,,,DeMar DeRozan,,Willie Green,,,,,,shooting,,
Andre Iguodala,Jrue Holiday,Royal Ivey,Samuel Dalembert,Willie Green,Andrea Bargnani,Chris Bosh,DeMar DeRozan,Jarrett Jack,Sonny Weems,3,8:57,TOR,free throw,,,,,,,1,,2,DeMar DeRozan,,,foul,missed,,,,
Andre Iguodala,Jrue Holiday,Royal Ivey,Samuel Dalembert,Willie Green,Andrea Bargnani,Chris Bosh,DeMar DeRozan,Jarrett Jack,Sonny Weems,3,8:57,TOR,rebound,,,,,,,,,,,,,,,,,,
Andre Iguodala,Jrue Holiday,Marreese Speights,Royal Ivey,Willie Green,Andrea Bargnani,Chris Bosh,DeMar DeRozan,Jarrett Jack,Sonny Weems,3,8:57,PHI,sub,,,,Marreese Speights,,Samuel Dalembert,,,,,,,,,,,,
Andre Iguodala,Jrue Holiday,Marreese Speights,Royal Ivey,Thaddeus Young,Andrea Bargnani,Chris Bosh,DeMar DeRozan,Jarrett Jack,Sonny Weems,3,8:57,PHI,sub,,,,Thaddeus Young,,Willie Green,,,,,,,,,,,,
Andre Iguodala,Jrue Holiday,Marreese Speights,Royal Ivey,Thaddeus Young,Andrea Bargnani,Chris Bosh,DeMar DeRozan,Jarrett Jack,Sonny Weems,3,8:57,TOR,free throw,,,,,,,2,,2,DeMar DeRozan,,,foul,missed,,,,
Andre Iguodala,Jrue Holiday,Marreese Speights,Royal Ivey,Thaddeus Young,Andrea Bargnani,Chris Bosh,DeMar DeRozan,Jarrett Jack,Sonny Weems,3,8:56,PHI,rebound,,,,,,,,,,Andre Iguodala,,,,,,def,,
Andre Iguodala,Jrue Holiday,Marreese Speights,Royal Ivey,Thaddeus Young,Andrea Bargnani,Chris Bosh,DeMar DeRozan,Jarrett Jack,Sonny Weems,3,8:36,PHI,shot,,,,,,,,,,Andre Iguodala,,,,missed,,3pt,39,26
Andre Iguodala,Jrue Holiday,Marreese Speights,Royal Ivey,Thaddeus Young,Andrea Bargnani,Chris Bosh,DeMar DeRozan,Jarrett Jack,Sonny Weems,3,8:35,PHI,rebound,,,,,,,,,,Marreese Speights,,,,,,off,,
Andre Iguodala,Jrue Holiday,Marreese Speights,Royal Ivey,Thaddeus Young,Andrea Bargnani,Chris Bosh,DeMar DeRozan,Jarrett Jack,Sonny Weems,3,8:35,TOR,foul,,,,,,,,Marreese Speights,,Jarrett Jack,,,,,,shooting,,
Andre Iguodala,Jrue Holiday,Marreese Speights,Royal Ivey,Thaddeus Young,Andrea Bargnani,Chris Bosh,DeMar DeRozan,Jarrett Jack,Sonny Weems,3,8:35,PHI,free throw,,,,,,,1,,2,Marreese Speights,,,foul,made,,,,
Andre Iguodala,Jrue Holiday,Marreese Speights,Royal Ivey,Thaddeus Young,Andrea Bargnani,Chris Bosh,DeMar DeRozan,Jarrett Jack,Sonny Weems,3,8:35,PHI,free throw,,,,,,,2,,2,Marreese Speights,,,foul,missed,,,,
Andre Iguodala,Jrue Holiday,Marreese Speights,Royal Ivey,Thaddeus Young,Andrea Bargnani,Chris Bosh,DeMar DeRozan,Jarrett Jack,Sonny Weems,3,8:35,TOR,rebound,,,,,,,,,,DeMar DeRozan,,,,,,def,,
Andre Iguodala,Jrue Holiday,Marreese Speights,Royal Ivey,Thaddeus Young,Andrea Bargnani,Chris Bosh,DeMar DeRozan,Jarrett Jack,Sonny Weems,3,8:25,PHI,foul,,,,,,,,Andrea Bargnani,,Thaddeus Young,,,,,,shooting,,
Andre Iguodala,Jrue Holiday,Marreese Speights,Royal Ivey,Thaddeus Young,Andrea Bargnani,Chris Bosh,DeMar DeRozan,Jarrett Jack,Sonny Weems,3,8:25,TOR,free throw,,,,,,,1,,2,Andrea Bargnani,,,foul,made,,,,
Andre Iguodala,Jrue Holiday,Marreese Speights,Royal Ivey,Thaddeus Young,Andrea Bargnani,Chris Bosh,DeMar DeRozan,Jarrett Jack,Sonny Weems,3,8:25,TOR,free throw,,,,,,,2,,2,Andrea Bargnani,,,foul,made,,,,
Andre Iguodala,Jrue Holiday,Marreese Speights,Royal Ivey,Thaddeus Young,Andrea Bargnani,Chris Bosh,DeMar DeRozan,Jarrett Jack,Sonny Weems,3,8:07,PHI,shot,,,,,,,,,,Marreese Speights,2,,,made,,jump hook,21,7
Andre Iguodala,Jrue Holiday,Marreese Speights,Royal Ivey,Thaddeus Young,Andrea Bargnani,Chris Bosh,DeMar DeRozan,Jarrett Jack,Sonny Weems,3,7:46,TOR,shot,,,,,,,,,,Chris Bosh,2,,,made,,driving slam dunk,24,7
Andre Iguodala,Jrue Holiday,Marreese Speights,Royal Ivey,Thaddeus Young,Andrea Bargnani,Chris Bosh,DeMar DeRozan,Jarrett Jack,Sonny Weems,3,7:24,PHI,shot,,,,,,,,,,Thaddeus Young,,,,missed,,jump,28,7
Andre Iguodala,Jrue Holiday,Marreese Speights,Royal Ivey,Thaddeus Young,Andrea Bargnani,Chris Bosh,DeMar DeRozan,Jarrett Jack,Sonny Weems,3,7:22,TOR,rebound,,,,,,,,,,DeMar DeRozan,,,,,,def,,
Andre Iguodala,Jrue Holiday,Marreese Speights,Royal Ivey,Thaddeus Young,Andrea Bargnani,Chris Bosh,DeMar DeRozan,Jarrett Jack,Sonny Weems,3,7:19,TOR,shot,Jarrett Jack,,,,,,,,,DeMar DeRozan,2,,,made,,running layup,24,6
Andre Iguodala,Jrue Holiday,Marreese Speights,Royal Ivey,Thaddeus Young,Andrea Bargnani,Chris Bosh,DeMar DeRozan,Jarrett Jack,Sonny Weems,3,7:19,PHI,foul,,,,,,,,DeMar DeRozan,,Marreese Speights,,,,,,shooting,,
Andre Iguodala,Lou Williams,Marreese Speights,Royal Ivey,Thaddeus Young,Andrea Bargnani,Chris Bosh,DeMar DeRozan,Jarrett Jack,Sonny Weems,3,7:19,PHI,sub,,,,Lou Williams,,Jrue Holiday,,,,,,,,,,,,
Andre Iguodala,Lou Williams,Marreese Speights,Royal Ivey,Thaddeus Young,Andrea Bargnani,Chris Bosh,DeMar DeRozan,Jarrett Jack,Sonny Weems,3,7:19,TOR,free throw,,,,,,,1,,1,DeMar DeRozan,,,foul,missed,,,,
Andre Iguodala,Lou Williams,Marreese Speights,Royal Ivey,Thaddeus Young,Andrea Bargnani,Chris Bosh,DeMar DeRozan,Jarrett Jack,Sonny Weems,3,7:19,PHI,rebound,,,,,,,,,,Marreese Speights,,,,,,def,,
Andre Iguodala,Lou Williams,Marreese Speights,Royal Ivey,Thaddeus Young,Andrea Bargnani,Chris Bosh,DeMar DeRozan,Jarrett Jack,Sonny Weems,3,7:05,PHI,foul,,,,,,,,Andrea Bargnani,,Marreese Speights,,,,,,offensive,,
Andre Iguodala,Lou Williams,Marreese Speights,Royal Ivey,Thaddeus Young,Andrea Bargnani,Chris Bosh,DeMar DeRozan,Jarrett Jack,Sonny Weems,3,7:05,PHI,turnover,,,,,,,,,,Marreese Speights,,,foul,,,,,
Andre Iguodala,Lou Williams,Marreese Speights,Royal Ivey,Thaddeus Young,Andrea Bargnani,Chris Bosh,DeMar DeRozan,Jarrett Jack,Sonny Weems,3,6:52,TOR,turnover,,,,,,,,,,Andrea Bargnani,,,lost ball,,Andre Iguodala,,,
Andre Iguodala,Lou Williams,Marreese Speights,Royal Ivey,Thaddeus Young,Andrea Bargnani,Chris Bosh,DeMar DeRozan,Jarrett Jack,Sonny Weems,3,6:47,PHI,shot,Royal Ivey,,,,,,,,,Thaddeus Young,2,,,made,,driving layup,25,6
Andre Iguodala,Lou Williams,Marreese Speights,Royal Ivey,Thaddeus Young,Andrea Bargnani,Chris Bosh,DeMar DeRozan,Jarrett Jack,Sonny Weems,3,6:38,TOR,shot,,,,,,,,,,Jarrett Jack,2,,,made,,driving layup,24,7
Andre Iguodala,Lou Williams,Marreese Speights,Royal Ivey,Thaddeus Young,Andrea Bargnani,Chris Bosh,DeMar DeRozan,Jarrett Jack,Sonny Weems,3,6:25,PHI,turnover,,,,,,,,,,Lou Williams,,,bad pass,,DeMar DeRozan,,,
Andre Iguodala,Lou Williams,Marreese Speights,Royal Ivey,Thaddeus Young,Andrea Bargnani,Chris Bosh,DeMar DeRozan,Jarrett Jack,Sonny Weems,3,6:20,TOR,shot,,,,,,,,,,Sonny Weems,,,,missed,,running layup,27,8
Andre Iguodala,Lou Williams,Marreese Speights,Royal Ivey,Thaddeus Young,Andrea Bargnani,Chris Bosh,DeMar DeRozan,Jarrett Jack,Sonny Weems,3,6:19,TOR,rebound,,,,,,,,,,Chris Bosh,,,,,,off,,
Andre Iguodala,Lou Williams,Marreese Speights,Royal Ivey,Thaddeus Young,Andrea Bargnani,Chris Bosh,DeMar DeRozan,Jarrett Jack,Sonny Weems,3,6:17,TOR,shot,,,,,,,,,,Chris Bosh,,,,missed,,putback layup,25,6
Andre Iguodala,Lou Williams,Marreese Speights,Royal Ivey,Thaddeus Young,Andrea Bargnani,Chris Bosh,DeMar DeRozan,Jarrett Jack,Sonny Weems,3,6:15,PHI,rebound,,,,,,,,,,Marreese Speights,,,,,,def,,
Andre Iguodala,Lou Williams,Marreese Speights,Royal Ivey,Thaddeus Young,Andrea Bargnani,Chris Bosh,DeMar DeRozan,Jarrett Jack,Sonny Weems,3,6:07,PHI,shot,Andre Iguodala,,,,,,,,,Thaddeus Young,2,,,made,,slam dunk,25,6
Andre Iguodala,Lou Williams,Marreese Speights,Royal Ivey,Thaddeus Young,Andrea Bargnani,Chris Bosh,DeMar DeRozan,Jarrett Jack,Sonny Weems,3,5:51,TOR,turnover,,,,,,,,,,Andrea Bargnani,,,bad pass,,Thaddeus Young,,,
Andre Iguodala,Lou Williams,Marreese Speights,Royal Ivey,Thaddeus Young,Andrea Bargnani,Chris Bosh,DeMar DeRozan,Jarrett Jack,Sonny Weems,3,5:47,TOR,foul,,,,,,,,Thaddeus Young,,Andrea Bargnani,,,,,,shooting,,
Andre Iguodala,Lou Williams,Marreese Speights,Royal Ivey,Thaddeus Young,Andrea Bargnani,Chris Bosh,DeMar DeRozan,Jarrett Jack,Sonny Weems,3,5:47,TOR,timeout,,,,,,,,,,,,,,,,regular,,
Andre Iguodala,Lou Williams,Marreese Speights,Royal Ivey,Thaddeus Young,Andrea Bargnani,Chris Bosh,DeMar DeRozan,Jarrett Jack,Sonny Weems,3,5:47,PHI,free throw,,,,,,,1,,2,Thaddeus Young,,,foul,made,,,,
Andre Iguodala,Lou Williams,Marreese Speights,Royal Ivey,Thaddeus Young,Andrea Bargnani,Chris Bosh,DeMar DeRozan,Jarrett Jack,Sonny Weems,3,5:47,PHI,free throw,,,,,,,2,,2,Thaddeus Young,,,foul,missed,,,,
Andre Iguodala,Lou Williams,Marreese Speights,Royal Ivey,Thaddeus Young,Andrea Bargnani,Chris Bosh,DeMar DeRozan,Jarrett Jack,Sonny Weems,3,5:46,TOR,rebound,,,,,,,,,,Chris Bosh,,,,,,def,,
Andre Iguodala,Lou Williams,Marreese Speights,Royal Ivey,Thaddeus Young,Andrea Bargnani,Chris Bosh,DeMar DeRozan,Jarrett Jack,Sonny Weems,3,5:34,PHI,foul,,,,,,,,Chris Bosh,,Thaddeus Young,,,,,,personal,,
Andre Iguodala,Lou Williams,Marreese Speights,Royal Ivey,Thaddeus Young,Andrea Bargnani,Chris Bosh,DeMar DeRozan,Jarrett Jack,Sonny Weems,3,5:34,TOR,free throw,,,,,,,1,,2,Chris Bosh,,,foul,missed,,,,
Andre Iguodala,Lou Williams,Marreese Speights,Royal Ivey,Thaddeus Young,Andrea Bargnani,Chris Bosh,DeMar DeRozan,Jarrett Jack,Sonny Weems,3,5:34,TOR,rebound,,,,,,,,,,,,,,,,,,
Andre Iguodala,Lou Williams,Marreese Speights,Royal Ivey,Thaddeus Young,Andrea Bargnani,Chris Bosh,DeMar DeRozan,Jarrett Jack,Sonny Weems,3,5:34,TOR,free throw,,,,,,,2,,2,Chris Bosh,,,foul,made,,,,
Andre Iguodala,Lou Williams,Marreese Speights,Royal Ivey,Thaddeus Young,Andrea Bargnani,Chris Bosh,DeMar DeRozan,Jarrett Jack,Sonny Weems,3,5:20,PHI,shot,,,,,,,,,,Thaddeus Young,,,,missed,,jump hook,26,12
Andre Iguodala,Lou Williams,Marreese Speights,Royal Ivey,Thaddeus Young,Andrea Bargnani,Chris Bosh,DeMar DeRozan,Jarrett Jack,Sonny Weems,3,5:19,TOR,rebound,,,,,,,,,,Andrea Bargnani,,,,,,def,,
Andre Iguodala,Lou Williams,Marreese Speights,Royal Ivey,Thaddeus Young,Andrea Bargnani,Chris Bosh,DeMar DeRozan,Jarrett Jack,Sonny Weems,3,5:03,TOR,shot,,,,,,,,,,Sonny Weems,2,,,made,,pullup jump,10,20
Andre Iguodala,Lou Williams,Marreese Speights,Royal Ivey,Thaddeus Young,Andrea Bargnani,Chris Bosh,DeMar DeRozan,Jarrett Jack,Sonny Weems,3,4:49,TOR,foul,,,,,,,,Andre Iguodala,,Chris Bosh,,,,,,shooting,,
Andre Iguodala,Lou Williams,Marreese Speights,Royal Ivey,Thaddeus Young,Andrea Bargnani,Chris Bosh,DeMar DeRozan,Jarrett Jack,Sonny Weems,3,4:49,PHI,free throw,,,,,,,1,,2,Andre Iguodala,,,foul,made,,,,
Andre Iguodala,Lou Williams,Marreese Speights,Royal Ivey,Thaddeus Young,Andrea Bargnani,Chris Bosh,DeMar DeRozan,Jarrett Jack,Sonny Weems,3,4:49,PHI,free throw,,,,,,,2,,2,Andre Iguodala,,,foul,made,,,,
Andre Iguodala,Lou Williams,Marreese Speights,Royal Ivey,Thaddeus Young,Andrea Bargnani,Chris Bosh,DeMar DeRozan,Jarrett Jack,Sonny Weems,3,4:39,TOR,turnover,,,,,,,,,,Sonny Weems,,,lost ball,,Andre Iguodala,,,
Andre Iguodala,Lou Williams,Marreese Speights,Royal Ivey,Thaddeus Young,Andrea Bargnani,Chris Bosh,DeMar DeRozan,Jarrett Jack,Sonny Weems,3,4:33,PHI,shot,,,,,,,,,,Andre Iguodala,,,,missed,,driving layup,27,7
Andre Iguodala,Lou Williams,Marreese Speights,Royal Ivey,Thaddeus Young,Andrea Bargnani,Chris Bosh,DeMar DeRozan,Jarrett Jack,Sonny Weems,3,4:32,TOR,rebound,,,,,,,,,,Sonny Weems,,,,,,def,,
Andre Iguodala,Lou Williams,Marreese Speights,Royal Ivey,Thaddeus Young,Andrea Bargnani,Chris Bosh,DeMar DeRozan,Jarrett Jack,Sonny Weems,3,4:27,TOR,shot,,,,,,,,,,DeMar DeRozan,,,,missed,,pullup bank,10,12
Andre Iguodala,Lou Williams,Marreese Speights,Royal Ivey,Thaddeus Young,Andrea Bargnani,Chris Bosh,DeMar DeRozan,Jarrett Jack,Sonny Weems,3,4:26,PHI,rebound,,,,,,,,,,Marreese Speights,,,,,,def,,
Andre Iguodala,Lou Williams,Marreese Speights,Royal Ivey,Thaddeus Young,Andrea Bargnani,Chris Bosh,DeMar DeRozan,Jarrett Jack,Sonny Weems,3,4:21,TOR,foul,,,,,,,,Thaddeus Young,,Jarrett Jack,,,,,,personal,,
Andre Iguodala,Lou Williams,Marreese Speights,Royal Ivey,Thaddeus Young,Andrea Bargnani,Chris Bosh,DeMar DeRozan,Jarrett Jack,Sonny Weems,3,4:14,PHI,shot,,,,,,,,,,Royal Ivey,,,,missed,,3pt,2,10
Andre Iguodala,Lou Williams,Marreese Speights,Royal Ivey,Thaddeus Young,Andrea Bargnani,Chris Bosh,DeMar DeRozan,Jarrett Jack,Sonny Weems,3,4:13,TOR,rebound,,,,,,,,,,Jarrett Jack,,,,,,def,,
Andre Iguodala,Lou Williams,Marreese Speights,Royal Ivey,Thaddeus Young,Andrea Bargnani,Chris Bosh,DeMar DeRozan,Jarrett Jack,Sonny Weems,3,4:03,TOR,shot,Jarrett Jack,,,,,,,,,Chris Bosh,2,,,made,,running bank,20,8
Andre Iguodala,Lou Williams,Marreese Speights,Royal Ivey,Thaddeus Young,Andrea Bargnani,Chris Bosh,DeMar DeRozan,Jarrett Jack,Sonny Weems,3,4:03,PHI,foul,,,,,,,,Chris Bosh,,Andre Iguodala,,,,,,shooting,,
Andre Iguodala,Lou Williams,Marreese Speights,Royal Ivey,Thaddeus Young,Andrea Bargnani,Chris Bosh,DeMar DeRozan,Jose Calderon,Sonny Weems,3,4:03,TOR,sub,,,,Jose Calderon,,Jarrett Jack,,,,,,,,,,,,
Andre Iguodala,Lou Williams,Marreese Speights,Royal Ivey,Thaddeus Young,Andrea Bargnani,Chris Bosh,DeMar DeRozan,Jose Calderon,Sonny Weems,3,4:03,TOR,free throw,,,,,,,1,,1,Chris Bosh,,,foul,made,,,,
Andre Iguodala,Lou Williams,Marreese Speights,Royal Ivey,Thaddeus Young,Andrea Bargnani,Chris Bosh,DeMar DeRozan,Jose Calderon,Sonny Weems,3,3:53,PHI,shot,,,,,,,,,,Marreese Speights,,,,missed,,jump,25,24
Andre Iguodala,Lou Williams,Marreese Speights,Royal Ivey,Thaddeus Young,Andrea Bargnani,Chris Bosh,DeMar DeRozan,Jose Calderon,Sonny Weems,3,3:52,TOR,rebound,,,,,,,,,,Chris Bosh,,,,,,def,,
Andre Iguodala,Lou Williams,Marreese Speights,Royal Ivey,Thaddeus Young,Andrea Bargnani,Chris Bosh,DeMar DeRozan,Jose Calderon,Sonny Weems,3,3:38,TOR,jump ball,,Andre Iguodala,,,Chris Bosh,,,,,,,Andrea Bargnani,,,,,,
Andre Iguodala,Lou Williams,Marreese Speights,Royal Ivey,Thaddeus Young,Amir Johnson,Andrea Bargnani,DeMar DeRozan,Jose Calderon,Sonny Weems,3,3:31,TOR,sub,,,,Amir Johnson,,Chris Bosh,,,,,,,,,,,,
Andre Iguodala,Lou Williams,Marreese Speights,Royal Ivey,Thaddeus Young,Amir Johnson,Andrea Bargnani,DeMar DeRozan,Jose Calderon,Sonny Weems,3,3:31,TOR,jump ball,,Andre Iguodala,,,Jose Calderon,,,,,,,Lou Williams,,,,,,
Andre Iguodala,Lou Williams,Marreese Speights,Royal Ivey,Thaddeus Young,Amir Johnson,Andrea Bargnani,DeMar DeRozan,Jose Calderon,Sonny Weems,3,3:31,TOR,turnover,,,,,,,,,,Jose Calderon,,,lost ball,,Andre Iguodala,,,
Andre Iguodala,Lou Williams,Marreese Speights,Royal Ivey,Thaddeus Young,Amir Johnson,Andrea Bargnani,DeMar DeRozan,Jose Calderon,Sonny Weems,3,3:21,PHI,shot,,,,,,,,,,Lou Williams,2,,,made,,pullup jump,39,13
Andre Iguodala,Lou Williams,Marreese Speights,Royal Ivey,Thaddeus Young,Amir Johnson,Andrea Bargnani,DeMar DeRozan,Jose Calderon,Sonny Weems,3,2:58,TOR,shot,Andrea Bargnani,,,,,,,,,Sonny Weems,3,,,made,,3pt,23,31
Andre Iguodala,Lou Williams,Marreese Speights,Royal Ivey,Thaddeus Young,Amir Johnson,Andrea Bargnani,DeMar DeRozan,Jose Calderon,Sonny Weems,3,2:42,PHI,shot,,,,,,,,,,Marreese Speights,,,,missed,,jump hook,33,9
Andre Iguodala,Lou Williams,Marreese Speights,Royal Ivey,Thaddeus Young,Amir Johnson,Andrea Bargnani,DeMar DeRozan,Jose Calderon,Sonny Weems,3,2:40,PHI,rebound,,,,,,,,,,Thaddeus Young,,,,,,off,,
Andre Iguodala,Lou Williams,Marreese Speights,Royal Ivey,Thaddeus Young,Amir Johnson,Andrea Bargnani,DeMar DeRozan,Jose Calderon,Sonny Weems,3,2:37,PHI,shot,,,,,,,,,,Thaddeus Young,,,,missed,,reverse layup,25,6
Andre Iguodala,Lou Williams,Marreese Speights,Royal Ivey,Thaddeus Young,Amir Johnson,Andrea Bargnani,DeMar DeRozan,Jose Calderon,Sonny Weems,3,2:35,TOR,rebound,,,,,,,,,,Andrea Bargnani,,,,,,def,,
Andre Iguodala,Lou Williams,Marreese Speights,Royal Ivey,Thaddeus Young,Amir Johnson,Andrea Bargnani,DeMar DeRozan,Jose Calderon,Sonny Weems,3,2:27,TOR,shot,,,,,,,,,,Andrea Bargnani,,,,missed,,pullup jump,6,6
Andre Iguodala,Lou Williams,Marreese Speights,Royal Ivey,Thaddeus Young,Amir Johnson,Andrea Bargnani,DeMar DeRozan,Jose Calderon,Sonny Weems,3,2:26,PHI,rebound,,,,,,,,,,Andre Iguodala,,,,,,def,,
Andre Iguodala,Lou Williams,Marreese Speights,Royal Ivey,Thaddeus Young,Amir Johnson,Andrea Bargnani,DeMar DeRozan,Jose Calderon,Sonny Weems,3,2:19,PHI,shot,,,,,,,,,,Andre Iguodala,,,,missed,,jump,26,22
Andre Iguodala,Lou Williams,Marreese Speights,Royal Ivey,Thaddeus Young,Amir Johnson,Andrea Bargnani,DeMar DeRozan,Jose Calderon,Sonny Weems,3,2:18,TOR,rebound,,,,,,,,,,Andrea Bargnani,,,,,,def,,
Andre Iguodala,Lou Williams,Marreese Speights,Royal Ivey,Thaddeus Young,Amir Johnson,Andrea Bargnani,DeMar DeRozan,Jose Calderon,Sonny Weems,3,1:56,TOR,shot,,,,,,,,,,Jose Calderon,,,,missed,,pullup jump,34,24
Andre Iguodala,Lou Williams,Marreese Speights,Royal Ivey,Thaddeus Young,Amir Johnson,Andrea Bargnani,DeMar DeRozan,Jose Calderon,Sonny Weems,3,1:54,PHI,rebound,,,,,,,,,,Andre Iguodala,,,,,,def,,
Andre Iguodala,Lou Williams,Marreese Speights,Royal Ivey,Thaddeus Young,Amir Johnson,Andrea Bargnani,DeMar DeRozan,Jose Calderon,Sonny Weems,3,1:48,TOR,foul,,,,,,,,Lou Williams,,Jose Calderon,,,,,,shooting,,
Andre Iguodala,Lou Williams,Marreese Speights,Royal Ivey,Thaddeus Young,Amir Johnson,Andrea Bargnani,DeMar DeRozan,Jose Calderon,Sonny Weems,3,1:48,PHI,timeout,,,,,,,,,,,,,,,,regular,,
Elton Brand,Lou Williams,Marreese Speights,Royal Ivey,Thaddeus Young,Amir Johnson,Andrea Bargnani,DeMar DeRozan,Jose Calderon,Sonny Weems,3,1:48,PHI,sub,,,,Elton Brand,,Andre Iguodala,,,,,,,,,,,,
Elton Brand,Jason Smith,Lou Williams,Royal Ivey,Thaddeus Young,Amir Johnson,Andrea Bargnani,DeMar DeRozan,Jose Calderon,Sonny Weems,3,1:48,PHI,sub,,,,Jason Smith,,Marreese Speights,,,,,,,,,,,,
Elton Brand,Jason Smith,Lou Williams,Royal Ivey,Thaddeus Young,Amir Johnson,Andrea Bargnani,Antoine Wright,DeMar DeRozan,Jose Calderon,3,1:48,TOR,sub,,,,Antoine Wright,,Sonny Weems,,,,,,,,,,,,
Elton Brand,Jason Smith,Lou Williams,Royal Ivey,Thaddeus Young,Amir Johnson,Andrea Bargnani,Antoine Wright,Jose Calderon,Marco Belinelli,3,1:48,TOR,sub,,,,Marco Belinelli,,DeMar DeRozan,,,,,,,,,,,,
Elton Brand,Jason Smith,Lou Williams,Royal Ivey,Thaddeus Young,Amir Johnson,Andrea Bargnani,Antoine Wright,Jose Calderon,Marco Belinelli,3,1:48,PHI,free throw,,,,,,,1,,2,Lou Williams,,,foul,made,,,,
Elton Brand,Jason Smith,Lou Williams,Royal Ivey,Thaddeus Young,Amir Johnson,Andrea Bargnani,Antoine Wright,Jose Calderon,Marco Belinelli,3,1:48,PHI,free throw,,,,,,,2,,2,Lou Williams,,,foul,made,,,,
Elton Brand,Jason Smith,Lou Williams,Royal Ivey,Thaddeus Young,Amir Johnson,Andrea Bargnani,Antoine Wright,Jose Calderon,Marco Belinelli,3,1:32,TOR,shot,,,,,,,,,,Jose Calderon,,,,missed,,driving layup,23,7
Elton Brand,Jason Smith,Lou Williams,Royal Ivey,Thaddeus Young,Amir Johnson,Andrea Bargnani,Antoine Wright,Jose Calderon,Marco Belinelli,3,1:30,PHI,rebound,,,,,,,,,,Jason Smith,,,,,,def,,
Elton Brand,Jason Smith,Lou Williams,Royal Ivey,Thaddeus Young,Amir Johnson,Andrea Bargnani,Antoine Wright,Jose Calderon,Marco Belinelli,3,1:22,PHI,shot,,,,,,,,,,Lou Williams,2,,,made,,jump,22,26
Elton Brand,Jason Smith,Lou Williams,Royal Ivey,Thaddeus Young,Amir Johnson,Andrea Bargnani,Antoine Wright,Jose Calderon,Marco Belinelli,3,1:04,TOR,shot,,,,,,,,,,Jose Calderon,,,,missed,,3pt,22,30
Elton Brand,Jason Smith,Lou Williams,Royal Ivey,Thaddeus Young,Amir Johnson,Andrea Bargnani,Antoine Wright,Jose Calderon,Marco Belinelli,3,1:03,PHI,rebound,,,,,,,,,,Lou Williams,,,,,,def,,
Elton Brand,Jason Smith,Lou Williams,Royal Ivey,Thaddeus Young,Amir Johnson,Andrea Bargnani,Antoine Wright,Jose Calderon,Marco Belinelli,3,0:56,TOR,foul,,,,,,,,Lou Williams,,Marco Belinelli,,,,,,shooting,,
Elton Brand,Jason Smith,Lou Williams,Royal Ivey,Thaddeus Young,Amir Johnson,Andrea Bargnani,Antoine Wright,Jose Calderon,Marco Belinelli,3,0:56,PHI,free throw,,,,,,,1,,2,Lou Williams,,,foul,made,,,,
Elton Brand,Jason Smith,Lou Williams,Royal Ivey,Thaddeus Young,Amir Johnson,Andrea Bargnani,Antoine Wright,Jose Calderon,Marco Belinelli,3,0:56,PHI,free throw,,,,,,,2,,2,Lou Williams,,,foul,made,,,,
Elton Brand,Jason Smith,Lou Williams,Royal Ivey,Thaddeus Young,Amir Johnson,Andrea Bargnani,Antoine Wright,Jose Calderon,Marco Belinelli,3,0:39,PHI,foul,,,,,,,,Amir Johnson,,Thaddeus Young,,,,,,personal,,
Elton Brand,Jason Smith,Lou Williams,Royal Ivey,Thaddeus Young,Amir Johnson,Andrea Bargnani,Antoine Wright,Jose Calderon,Marco Belinelli,3,0:39,TOR,free throw,,,,,,,1,,2,Amir Johnson,,,foul,made,,,,
Elton Brand,Jason Smith,Lou Williams,Royal Ivey,Thaddeus Young,Amir Johnson,Andrea Bargnani,Antoine Wright,Jose Calderon,Marco Belinelli,3,0:39,TOR,free throw,,,,,,,2,,2,Amir Johnson,,,foul,made,,,,
Elton Brand,Jason Smith,Lou Williams,Royal Ivey,Thaddeus Young,Amir Johnson,Andrea Bargnani,Antoine Wright,Jose Calderon,Marco Belinelli,3,0:35,PHI,shot,,,,,,,,,,Lou Williams,2,,,made,,driving layup,25,8
Elton Brand,Jason Smith,Lou Williams,Royal Ivey,Thaddeus Young,Amir Johnson,Andrea Bargnani,Antoine Wright,Jose Calderon,Marco Belinelli,3,0:25,TOR,shot,,,,,,,,,,Marco Belinelli,,,,missed,,3pt,19,30
Elton Brand,Jason Smith,Lou Williams,Royal Ivey,Thaddeus Young,Amir Johnson,Andrea Bargnani,Antoine Wright,Jose Calderon,Marco Belinelli,3,0:24,PHI,rebound,,,,,,,,,,Jason Smith,,,,,,def,,
Elton Brand,Jason Smith,Lou Williams,Royal Ivey,Thaddeus Young,Amir Johnson,Andrea Bargnani,Antoine Wright,Jose Calderon,Marco Belinelli,3,0:22,TOR,foul,,,,,,,,Thaddeus Young,,Marco Belinelli,,,,,,personal,,
Elton Brand,Jason Smith,Lou Williams,Royal Ivey,Thaddeus Young,Amir Johnson,Andrea Bargnani,Antoine Wright,Jose Calderon,Marco Belinelli,3,0:22,PHI,free throw,,,,,,,1,,2,Thaddeus Young,,,foul,made,,,,
Elton Brand,Jason Smith,Lou Williams,Royal Ivey,Thaddeus Young,Amir Johnson,Andrea Bargnani,Antoine Wright,Jose Calderon,Marco Belinelli,3,0:22,PHI,free throw,,,,,,,2,,2,Thaddeus Young,,,foul,made,,,,
Elton Brand,Jason Smith,Lou Williams,Royal Ivey,Thaddeus Young,Amir Johnson,Andrea Bargnani,Antoine Wright,Jose Calderon,Marco Belinelli,3,0:01,TOR,shot,,,Jason Smith,,,,,,,Marco Belinelli,,,,missed,,layup,27,8
Elton Brand,Jason Smith,Lou Williams,Royal Ivey,Thaddeus Young,Amir Johnson,Andrea Bargnani,Antoine Wright,Jose Calderon,Marco Belinelli,3,0:00,PHI,rebound,,,,,,,,,,Lou Williams,,,,,,def,,
Elton Brand,Jason Smith,Lou Williams,Royal Ivey,Thaddeus Young,Amir Johnson,Andrea Bargnani,Antoine Wright,Jose Calderon,Marco Belinelli,3,0:00,PHI,shot,,,,,,,,,,Lou Williams,,,,missed,,3pt,22,65
Elton Brand,Jason Smith,Lou Williams,Royal Ivey,Thaddeus Young,Amir Johnson,Andrea Bargnani,Antoine Wright,Jose Calderon,Marco Belinelli,3,0:00,PHI,rebound,,,,,,,,,,,,,,,,,,
Elton Brand,Jason Smith,Lou Williams,Royal Ivey,Thaddeus Young,Amir Johnson,Antoine Wright,Chris Bosh,Jose Calderon,Sonny Weems,4,11:43,PHI,shot,,,,,,,,,,Jason Smith,2,,,made,,turnaround jump,31,14
Elton Brand,Jason Smith,Lou Williams,Royal Ivey,Thaddeus Young,Amir Johnson,Antoine Wright,Chris Bosh,Jose Calderon,Sonny Weems,4,11:32,PHI,foul,,,,,,,,Chris Bosh,,Jason Smith,,,,,,personal,,
Elton Brand,Jason Smith,Lou Williams,Royal Ivey,Thaddeus Young,Amir Johnson,Antoine Wright,Chris Bosh,Jose Calderon,Sonny Weems,4,11:18,TOR,shot,,,,,,,,,,Chris Bosh,2,,,made,,jump bank,12,10
Elton Brand,Jason Smith,Lou Williams,Royal Ivey,Thaddeus Young,Amir Johnson,Antoine Wright,Chris Bosh,Jose Calderon,Sonny Weems,4,10:56,PHI,shot,,,,,,,,,,Royal Ivey,2,,,made,,step back jump,40,7
Elton Brand,Jason Smith,Lou Williams,Royal Ivey,Thaddeus Young,Amir Johnson,Antoine Wright,Chris Bosh,Jose Calderon,Sonny Weems,4,10:42,TOR,shot,,,,,,,,,,Sonny Weems,,,,missed,,jump,16,24
Elton Brand,Jason Smith,Lou Williams,Royal Ivey,Thaddeus Young,Amir Johnson,Antoine Wright,Chris Bosh,Jose Calderon,Sonny Weems,4,10:42,PHI,rebound,,,,,,,,,,Jason Smith,,,,,,def,,
Elton Brand,Jason Smith,Lou Williams,Royal Ivey,Thaddeus Young,Amir Johnson,Antoine Wright,Chris Bosh,Jose Calderon,Sonny Weems,4,10:32,PHI,shot,,,,,,,,,,Lou Williams,2,,,made,,jump,34,24
Elton Brand,Jason Smith,Lou Williams,Royal Ivey,Thaddeus Young,Amir Johnson,Antoine Wright,Chris Bosh,Jose Calderon,Sonny Weems,4,10:16,TOR,shot,,,,,,,,,,Jose Calderon,,,,missed,,3pt,15,29
Elton Brand,Jason Smith,Lou Williams,Royal Ivey,Thaddeus Young,Amir Johnson,Antoine Wright,Chris Bosh,Jose Calderon,Sonny Weems,4,10:15,TOR,rebound,,,,,,,,,,,,,,,,,,
Elton Brand,Jason Smith,Lou Williams,Royal Ivey,Thaddeus Young,Amir Johnson,Antoine Wright,Chris Bosh,Jose Calderon,Sonny Weems,4,10:14,PHI,foul,,,,,,,,Amir Johnson,,Elton Brand,,,,,,loose ball,,
Elton Brand,Jason Smith,Lou Williams,Royal Ivey,Thaddeus Young,Amir Johnson,Antoine Wright,Chris Bosh,Jose Calderon,Sonny Weems,4,10:09,TOR,shot,,,,,,,,,,Sonny Weems,,,,missed,,jump,8,6
Elton Brand,Jason Smith,Lou Williams,Royal Ivey,Thaddeus Young,Amir Johnson,Antoine Wright,Chris Bosh,Jose Calderon,Sonny Weems,4,10:08,TOR,rebound,,,,,,,,,,Amir Johnson,,,,,,off,,
Elton Brand,Jason Smith,Lou Williams,Royal Ivey,Thaddeus Young,Amir Johnson,Antoine Wright,Chris Bosh,Jose Calderon,Sonny Weems,4,9:54,TOR,shot,,,,,,,,,,Antoine Wright,,,,missed,,jump,23,9
Elton Brand,Jason Smith,Lou Williams,Royal Ivey,Thaddeus Young,Amir Johnson,Antoine Wright,Chris Bosh,Jose Calderon,Sonny Weems,4,9:53,PHI,rebound,,,,,,,,,,Thaddeus Young,,,,,,def,,
Elton Brand,Jason Smith,Lou Williams,Royal Ivey,Thaddeus Young,Amir Johnson,Antoine Wright,Chris Bosh,Jose Calderon,Sonny Weems,4,9:46,PHI,shot,,,,,,,,,,Jason Smith,,,,missed,,jump,8,11
Elton Brand,Jason Smith,Lou Williams,Royal Ivey,Thaddeus Young,Amir Johnson,Antoine Wright,Chris Bosh,Jose Calderon,Sonny Weems,4,9:45,TOR,rebound,,,,,,,,,,Jose Calderon,,,,,,def,,
Elton Brand,Jason Smith,Lou Williams,Royal Ivey,Thaddeus Young,Amir Johnson,Antoine Wright,Chris Bosh,Jose Calderon,Sonny Weems,4,9:33,TOR,shot,,,,,,,,,,Jose Calderon,2,,,made,,pullup jump,11,12
Elton Brand,Jason Smith,Lou Williams,Royal Ivey,Thaddeus Young,Amir Johnson,Antoine Wright,Chris Bosh,Jose Calderon,Sonny Weems,4,9:28,TOR,foul,,,,,,,,Lou Williams,,Jose Calderon,,,,,,shooting,,
Elton Brand,Jason Smith,Lou Williams,Royal Ivey,Thaddeus Young,Amir Johnson,Antoine Wright,Chris Bosh,Jose Calderon,Sonny Weems,4,9:28,PHI,free throw,,,,,,,1,,2,Lou Williams,,,foul,made,,,,
Andre Iguodala,Elton Brand,Jason Smith,Lou Williams,Thaddeus Young,Amir Johnson,Antoine Wright,Chris Bosh,Jose Calderon,Sonny Weems,4,9:28,PHI,sub,,,,Andre Iguodala,,Royal Ivey,,,,,,,,,,,,
Andre Iguodala,Elton Brand,Jason Smith,Lou Williams,Thaddeus Young,Amir Johnson,Antoine Wright,Chris Bosh,Jose Calderon,Sonny Weems,4,9:28,PHI,free throw,,,,,,,2,,2,Lou Williams,,,foul,made,,,,
Andre Iguodala,Elton Brand,Jason Smith,Lou Williams,Thaddeus Young,Amir Johnson,Antoine Wright,Chris Bosh,Jose Calderon,Sonny Weems,4,9:15,TOR,shot,,,Jason Smith,,,,,,,Amir Johnson,,,,missed,,driving layup,25,8
Andre Iguodala,Elton Brand,Jason Smith,Lou Williams,Thaddeus Young,Amir Johnson,Antoine Wright,Chris Bosh,Jose Calderon,Sonny Weems,4,9:14,TOR,rebound,,,,,,,,,,Antoine Wright,,,,,,off,,
Andre Iguodala,Elton Brand,Jason Smith,Lou Williams,Thaddeus Young,Amir Johnson,Antoine Wright,Chris Bosh,Jose Calderon,Sonny Weems,4,9:14,PHI,foul,,,,,,,,Antoine Wright,,Elton Brand,,,,,,shooting,,
Andre Iguodala,Elton Brand,Jason Smith,Lou Williams,Thaddeus Young,Amir Johnson,Antoine Wright,Chris Bosh,Jose Calderon,Sonny Weems,4,9:14,TOR,free throw,,,,,,,1,,2,Antoine Wright,,,foul,made,,,,
Andre Iguodala,Elton Brand,Jason Smith,Lou Williams,Thaddeus Young,Amir Johnson,Antoine Wright,Chris Bosh,Jose Calderon,Sonny Weems,4,9:14,TOR,free throw,,,,,,,2,,2,Antoine Wright,,,foul,missed,,,,
Andre Iguodala,Elton Brand,Jason Smith,Lou Williams,Thaddeus Young,Amir Johnson,Antoine Wright,Chris Bosh,Jose Calderon,Sonny Weems,4,9:13,PHI,rebound,,,,,,,,,,Lou Williams,,,,,,def,,
Andre Iguodala,Elton Brand,Jason Smith,Lou Williams,Thaddeus Young,Amir Johnson,Antoine Wright,Chris Bosh,Jose Calderon,Sonny Weems,4,8:59,TOR,foul,,,,,,,,Elton Brand,,Chris Bosh,,,,,,shooting,,
Andre Iguodala,Elton Brand,Jason Smith,Lou Williams,Thaddeus Young,Amir Johnson,Antoine Wright,Chris Bosh,Jose Calderon,Sonny Weems,4,8:59,PHI,timeout,,,,,,,,,,,,,,,,official,,
Andre Iguodala,Elton Brand,Jason Smith,Lou Williams,Thaddeus Young,Andrea Bargnani,Antoine Wright,Chris Bosh,Jose Calderon,Sonny Weems,4,8:59,TOR,sub,,,,Andrea Bargnani,,Amir Johnson,,,,,,,,,,,,
Andre Iguodala,Elton Brand,Jason Smith,Lou Williams,Thaddeus Young,Andrea Bargnani,Antoine Wright,Chris Bosh,Jose Calderon,Sonny Weems,4,8:59,PHI,free throw,,,,,,,1,,2,Elton Brand,,,foul,missed,,,,
Andre Iguodala,Elton Brand,Jason Smith,Lou Williams,Thaddeus Young,Andrea Bargnani,Antoine Wright,Chris Bosh,Jose Calderon,Sonny Weems,4,8:59,PHI,rebound,,,,,,,,,,,,,,,,,,
Andre Iguodala,Elton Brand,Jason Smith,Lou Williams,Thaddeus Young,Andrea Bargnani,Antoine Wright,Chris Bosh,Jose Calderon,Sonny Weems,4,8:59,PHI,free throw,,,,,,,2,,2,Elton Brand,,,foul,made,,,,
Andre Iguodala,Elton Brand,Jason Smith,Lou Williams,Thaddeus Young,Andrea Bargnani,Antoine Wright,Chris Bosh,Jose Calderon,Sonny Weems,4,8:39,PHI,foul,,,,,,,,Chris Bosh,,Jason Smith,,,,,,shooting,,
Andre Iguodala,Elton Brand,Jason Smith,Lou Williams,Thaddeus Young,Andrea Bargnani,Antoine Wright,Chris Bosh,Jose Calderon,Sonny Weems,4,8:39,TOR,free throw,,,,,,,1,,2,Chris Bosh,,,foul,made,,,,
Andre Iguodala,Elton Brand,Jason Smith,Lou Williams,Thaddeus Young,Andrea Bargnani,Antoine Wright,Chris Bosh,Jarrett Jack,Sonny Weems,4,8:39,TOR,sub,,,,Jarrett Jack,,Jose Calderon,,,,,,,,,,,,
Andre Iguodala,Elton Brand,Jason Smith,Lou Williams,Thaddeus Young,Andrea Bargnani,Antoine Wright,Chris Bosh,Jarrett Jack,Sonny Weems,4,8:39,TOR,free throw,,,,,,,2,,2,Chris Bosh,,,foul,missed,,,,
Andre Iguodala,Elton Brand,Jason Smith,Lou Williams,Thaddeus Young,Andrea Bargnani,Antoine Wright,Chris Bosh,Jarrett Jack,Sonny Weems,4,8:39,PHI,rebound,,,,,,,,,,Elton Brand,,,,,,def,,
Andre Iguodala,Elton Brand,Jason Smith,Lou Williams,Thaddeus Young,Andrea Bargnani,Antoine Wright,Chris Bosh,Jarrett Jack,Sonny Weems,4,8:19,PHI,shot,Andre Iguodala,,,,,,,,,Jason Smith,3,,,made,,3pt,2,5
Andre Iguodala,Elton Brand,Jason Smith,Lou Williams,Thaddeus Young,Andrea Bargnani,Antoine Wright,Chris Bosh,Jarrett Jack,Sonny Weems,4,8:00,TOR,shot,Chris Bosh,,,,,,,,,Antoine Wright,2,,,made,,turnaround fade away,18,9
Andre Iguodala,Elton Brand,Jason Smith,Lou Williams,Thaddeus Young,Andrea Bargnani,Antoine Wright,Chris Bosh,Jarrett Jack,Sonny Weems,4,7:47,PHI,shot,,,,,,,,,,Andre Iguodala,,,,missed,,3pt,2,7
Andre Iguodala,Elton Brand,Jason Smith,Lou Williams,Thaddeus Young,Andrea Bargnani,Antoine Wright,Chris Bosh,Jarrett Jack,Sonny Weems,4,7:46,PHI,rebound,,,,,,,,,,Elton Brand,,,,,,off,,
Andre Iguodala,Elton Brand,Jason Smith,Lou Williams,Thaddeus Young,Andrea Bargnani,Antoine Wright,Chris Bosh,Jarrett Jack,Sonny Weems,4,7:43,PHI,shot,,,Antoine Wright,,,,,,,Elton Brand,,,,missed,,layup,24,7
Andre Iguodala,Elton Brand,Jason Smith,Lou Williams,Thaddeus Young,Andrea Bargnani,Antoine Wright,Chris Bosh,Jarrett Jack,Sonny Weems,4,7:43,PHI,rebound,,,,,,,,,,,,,,,,,,
Andre Iguodala,Elton Brand,Jason Smith,Lou Williams,Thaddeus Young,Andrea Bargnani,Antoine Wright,Chris Bosh,Jarrett Jack,Sonny Weems,4,7:35,PHI,shot,,,,,,,,,,Lou Williams,,,,missed,,3pt,2,6
Andre Iguodala,Elton Brand,Jason Smith,Lou Williams,Thaddeus Young,Andrea Bargnani,Antoine Wright,Chris Bosh,Jarrett Jack,Sonny Weems,4,7:34,TOR,rebound,,,,,,,,,,Sonny Weems,,,,,,def,,
Andre Iguodala,Elton Brand,Jason Smith,Lou Williams,Thaddeus Young,Andrea Bargnani,Antoine Wright,Chris Bosh,Jarrett Jack,Sonny Weems,4,7:20,TOR,turnover,,,,,,,,,,Chris Bosh,,,lost ball,,Jason Smith,,,
Andre Iguodala,Elton Brand,Jason Smith,Lou Williams,Thaddeus Young,Andrea Bargnani,Antoine Wright,Chris Bosh,Jarrett Jack,Sonny Weems,4,7:14,PHI,shot,Lou Williams,,,,,,,,,Thaddeus Young,2,,,made,,driving layup,22,7
Andre Iguodala,Elton Brand,Jason Smith,Lou Williams,Thaddeus Young,Andrea Bargnani,Antoine Wright,Chris Bosh,Jarrett Jack,Sonny Weems,4,6:50,TOR,shot,,,,,,,,,,Andrea Bargnani,,,,missed,,3pt,16,30
Andre Iguodala,Elton Brand,Jason Smith,Lou Williams,Thaddeus Young,Andrea Bargnani,Antoine Wright,Chris Bosh,Jarrett Jack,Sonny Weems,4,6:49,PHI,rebound,,,,,,,,,,Andre Iguodala,,,,,,def,,
Andre Iguodala,Elton Brand,Jason Smith,Lou Williams,Thaddeus Young,Andrea Bargnani,Antoine Wright,Chris Bosh,Jarrett Jack,Sonny Weems,4,6:43,PHI,turnover,,,,,,,,,,Elton Brand,,,3 second violation,,,,,
Andre Iguodala,Elton Brand,Jason Smith,Lou Williams,Thaddeus Young,Andrea Bargnani,Antoine Wright,Chris Bosh,Jarrett Jack,Sonny Weems,4,6:21,TOR,shot,,,Jason Smith,,,,,,,Andrea Bargnani,,,,missed,,driving layup,23,7
Andre Iguodala,Elton Brand,Jason Smith,Lou Williams,Thaddeus Young,Andrea Bargnani,Antoine Wright,Chris Bosh,Jarrett Jack,Sonny Weems,4,6:19,PHI,rebound,,,,,,,,,,Jason Smith,,,,,,def,,
Andre Iguodala,Elton Brand,Jason Smith,Lou Williams,Thaddeus Young,Andrea Bargnani,Antoine Wright,Chris Bosh,Jarrett Jack,Sonny Weems,4,6:13,TOR,foul,,,,,,,,Andre Iguodala,,Antoine Wright,,,,,,personal,,
Andre Iguodala,Elton Brand,Jason Smith,Lou Williams,Thaddeus Young,Andrea Bargnani,Antoine Wright,Chris Bosh,Jarrett Jack,Sonny Weems,4,6:08,PHI,shot,,,,,,,,,,Jason Smith,,,,missed,,3pt,37,27
Andre Iguodala,Elton Brand,Jason Smith,Lou Williams,Thaddeus Young,Andrea Bargnani,Antoine Wright,Chris Bosh,Jarrett Jack,Sonny Weems,4,6:07,PHI,rebound,,,,,,,,,,Elton Brand,,,,,,off,,
Andre Iguodala,Elton Brand,Jason Smith,Lou Williams,Thaddeus Young,Andrea Bargnani,Antoine Wright,Chris Bosh,Jarrett Jack,Sonny Weems,4,6:04,PHI,shot,,,,,,,,,,Elton Brand,,,,missed,,turnaround fade away,25,10
Andre Iguodala,Elton Brand,Jason Smith,Lou Williams,Thaddeus Young,Andrea Bargnani,Antoine Wright,Chris Bosh,Jarrett Jack,Sonny Weems,4,6:03,TOR,rebound,,,,,,,,,,Antoine Wright,,,,,,def,,
Andre Iguodala,Elton Brand,Jason Smith,Lou Williams,Thaddeus Young,Andrea Bargnani,Antoine Wright,Chris Bosh,Jarrett Jack,Sonny Weems,4,5:58,PHI,foul,,,,,,,,Jarrett Jack,,Lou Williams,,,,,,shooting,,
Andre Iguodala,Elton Brand,Jason Smith,Lou Williams,Thaddeus Young,Andrea Bargnani,Antoine Wright,Chris Bosh,Jarrett Jack,Sonny Weems,4,5:58,TOR,timeout,,,,,,,,,,,,,,,,regular,,
Andre Iguodala,Elton Brand,Jason Smith,Lou Williams,Willie Green,Andrea Bargnani,Antoine Wright,Chris Bosh,Jarrett Jack,Sonny Weems,4,5:58,PHI,sub,,,,Willie Green,,Thaddeus Young,,,,,,,,,,,,
Andre Iguodala,Elton Brand,Jason Smith,Lou Williams,Willie Green,Andrea Bargnani,Antoine Wright,Chris Bosh,DeMar DeRozan,Jarrett Jack,4,5:58,TOR,sub,,,,DeMar DeRozan,,Sonny Weems,,,,,,,,,,,,
Andre Iguodala,Elton Brand,Jason Smith,Lou Williams,Willie Green,Andrea Bargnani,Antoine Wright,Chris Bosh,DeMar DeRozan,Jarrett Jack,4,5:58,TOR,free throw,,,,,,,1,,2,Jarrett Jack,,,foul,missed,,,,
Andre Iguodala,Elton Brand,Jason Smith,Lou Williams,Willie Green,Andrea Bargnani,Antoine Wright,Chris Bosh,DeMar DeRozan,Jarrett Jack,4,5:58,TOR,rebound,,,,,,,,,,,,,,,,,,
Andre Iguodala,Elton Brand,Jason Smith,Lou Williams,Willie Green,Andrea Bargnani,Antoine Wright,Chris Bosh,DeMar DeRozan,Jarrett Jack,4,5:58,TOR,free throw,,,,,,,2,,2,Jarrett Jack,,,foul,missed,,,,
Andre Iguodala,Elton Brand,Jason Smith,Lou Williams,Willie Green,Andrea Bargnani,Antoine Wright,Chris Bosh,DeMar DeRozan,Jarrett Jack,4,5:57,PHI,rebound,,,,,,,,,,Elton Brand,,,,,,def,,
Andre Iguodala,Elton Brand,Jason Smith,Lou Williams,Willie Green,Andrea Bargnani,Antoine Wright,Chris Bosh,DeMar DeRozan,Jarrett Jack,4,5:51,PHI,shot,Lou Williams,,,,,,,,,Willie Green,2,,,made,,jump,45,6
Andre Iguodala,Elton Brand,Jason Smith,Lou Williams,Willie Green,Andrea Bargnani,Antoine Wright,Chris Bosh,DeMar DeRozan,Jarrett Jack,4,5:27,TOR,shot,,,,,,,,,,Jarrett Jack,,,,missed,,jump,39,22
Andre Iguodala,Elton Brand,Jason Smith,Lou Williams,Willie Green,Andrea Bargnani,Antoine Wright,Chris Bosh,DeMar DeRozan,Jarrett Jack,4,5:26,PHI,rebound,,,,,,,,,,Jason Smith,,,,,,def,,
Andre Iguodala,Elton Brand,Jason Smith,Lou Williams,Willie Green,Andrea Bargnani,Antoine Wright,Chris Bosh,DeMar DeRozan,Jarrett Jack,4,5:20,TOR,foul,,,,,,,,Elton Brand,,Antoine Wright,,,,,,shooting,,
Andre Iguodala,Elton Brand,Jason Smith,Lou Williams,Willie Green,Andrea Bargnani,Antoine Wright,Chris Bosh,DeMar DeRozan,Jarrett Jack,4,5:20,PHI,free throw,,,,,,,1,,2,Elton Brand,,,foul,made,,,,
Andre Iguodala,Elton Brand,Jason Smith,Lou Williams,Willie Green,Andrea Bargnani,Antoine Wright,Chris Bosh,DeMar DeRozan,Jarrett Jack,4,5:20,PHI,free throw,,,,,,,2,,2,Elton Brand,,,foul,made,,,,
Andre Iguodala,Elton Brand,Jason Smith,Lou Williams,Willie Green,Andrea Bargnani,Antoine Wright,Chris Bosh,DeMar DeRozan,Jarrett Jack,4,5:03,TOR,shot,,,,,,,,,,Andrea Bargnani,,,,missed,,3pt,11,27
Andre Iguodala,Elton Brand,Jason Smith,Lou Williams,Willie Green,Andrea Bargnani,Antoine Wright,Chris Bosh,DeMar DeRozan,Jarrett Jack,4,5:02,TOR,rebound,,,,,,,,,,Antoine Wright,,,,,,off,,
Andre Iguodala,Elton Brand,Jason Smith,Lou Williams,Willie Green,Andrea Bargnani,Antoine Wright,Chris Bosh,DeMar DeRozan,Jarrett Jack,4,5:00,TOR,shot,,,,,,,,,,Antoine Wright,2,,,made,,putback layup,25,6
Andre Iguodala,Elton Brand,Jason Smith,Lou Williams,Willie Green,Andrea Bargnani,Antoine Wright,Chris Bosh,DeMar DeRozan,Jarrett Jack,4,4:38,PHI,turnover,,,,,,,,,,Andre Iguodala,,,lost ball,,Andrea Bargnani,,,
Andre Iguodala,Elton Brand,Jason Smith,Lou Williams,Willie Green,Andrea Bargnani,Antoine Wright,Chris Bosh,DeMar DeRozan,Jarrett Jack,4,4:30,PHI,foul,,,,,,,,DeMar DeRozan,,Willie Green,,,,,,personal,,
Andre Iguodala,Elton Brand,Jason Smith,Lou Williams,Willie Green,Andrea Bargnani,Antoine Wright,Chris Bosh,DeMar DeRozan,Jarrett Jack,4,4:30,TOR,free throw,,,,,,,1,,2,DeMar DeRozan,,,foul,made,,,,
Andre Iguodala,Elton Brand,Jason Smith,Lou Williams,Willie Green,Andrea Bargnani,Antoine Wright,Chris Bosh,DeMar DeRozan,Jarrett Jack,4,4:30,TOR,free throw,,,,,,,2,,2,DeMar DeRozan,,,foul,made,,,,
Andre Iguodala,Elton Brand,Jason Smith,Lou Williams,Willie Green,Andrea Bargnani,Antoine Wright,Chris Bosh,DeMar DeRozan,Jarrett Jack,4,4:24,PHI,turnover,,,,,,,,,,Andre Iguodala,,,bad pass,,,,,
Andre Iguodala,Elton Brand,Jason Smith,Lou Williams,Willie Green,Andrea Bargnani,Antoine Wright,Chris Bosh,DeMar DeRozan,Jarrett Jack,4,4:24,PHI,timeout,,,,,,,,,,,,,,,,regular,,
Andre Iguodala,Elton Brand,Lou Williams,Thaddeus Young,Willie Green,Andrea Bargnani,Antoine Wright,Chris Bosh,DeMar DeRozan,Jarrett Jack,4,4:24,PHI,sub,,,,Thaddeus Young,,Jason Smith,,,,,,,,,,,,
Andre Iguodala,Elton Brand,Lou Williams,Thaddeus Young,Willie Green,Andrea Bargnani,Antoine Wright,Chris Bosh,DeMar DeRozan,Jarrett Jack,4,4:13,TOR,turnover,,,,,,,,,,DeMar DeRozan,,,bad pass,,Elton Brand,,,
Andre Iguodala,Elton Brand,Lou Williams,Thaddeus Young,Willie Green,Andrea Bargnani,Antoine Wright,Chris Bosh,DeMar DeRozan,Jarrett Jack,4,4:10,PHI,foul,,,,,,,,DeMar DeRozan,,Elton Brand,,,,,,offensive,,
Andre Iguodala,Elton Brand,Lou Williams,Thaddeus Young,Willie Green,Andrea Bargnani,Antoine Wright,Chris Bosh,DeMar DeRozan,Jarrett Jack,4,4:10,PHI,turnover,,,,,,,,,,Elton Brand,,,foul,,,,,
Andre Iguodala,Elton Brand,Lou Williams,Thaddeus Young,Willie Green,Andrea Bargnani,Antoine Wright,Chris Bosh,DeMar DeRozan,Jarrett Jack,4,3:54,TOR,shot,,,,,,,,,,Antoine Wright,,,,missed,,pullup jump,20,25
Andre Iguodala,Elton Brand,Lou Williams,Thaddeus Young,Willie Green,Andrea Bargnani,Antoine Wright,Chris Bosh,DeMar DeRozan,Jarrett Jack,4,3:53,PHI,rebound,,,,,,,,,,Elton Brand,,,,,,def,,
Andre Iguodala,Elton Brand,Lou Williams,Thaddeus Young,Willie Green,Andrea Bargnani,Antoine Wright,Chris Bosh,DeMar DeRozan,Jarrett Jack,4,3:45,PHI,shot,Andre Iguodala,,,,,,,,,Lou Williams,3,,,made,,3pt,43,23
Andre Iguodala,Elton Brand,Lou Williams,Thaddeus Young,Willie Green,Andrea Bargnani,Antoine Wright,Chris Bosh,DeMar DeRozan,Jarrett Jack,4,3:24,TOR,shot,,,,,,,,,,Jarrett Jack,,,,missed,,jump,25,24
Andre Iguodala,Elton Brand,Lou Williams,Thaddeus Young,Willie Green,Andrea Bargnani,Antoine Wright,Chris Bosh,DeMar DeRozan,Jarrett Jack,4,3:23,PHI,rebound,,,,,,,,,,Andre Iguodala,,,,,,def,,
Andre Iguodala,Elton Brand,Lou Williams,Thaddeus Young,Willie Green,Andrea Bargnani,Antoine Wright,Chris Bosh,DeMar DeRozan,Jarrett Jack,4,3:18,PHI,shot,Andre Iguodala,,,,,,,,,Lou Williams,2,,,made,,driving layup,25,6
Andre Iguodala,Elton Brand,Lou Williams,Thaddeus Young,Willie Green,Andrea Bargnani,Antoine Wright,Chris Bosh,DeMar DeRozan,Jarrett Jack,4,3:01,PHI,foul,,,,,,,,Andrea Bargnani,,Thaddeus Young,,,,,,personal,,
Andre Iguodala,Elton Brand,Lou Williams,Thaddeus Young,Willie Green,Andrea Bargnani,Antoine Wright,Chris Bosh,Jarrett Jack,Jose Calderon,4,3:01,TOR,sub,,,,Jose Calderon,,DeMar DeRozan,,,,,,,,,,,,
Andre Iguodala,Elton Brand,Lou Williams,Thaddeus Young,Willie Green,Andrea Bargnani,Antoine Wright,Chris Bosh,Jarrett Jack,Jose Calderon,4,3:01,TOR,free throw,,,,,,,1,,2,Andrea Bargnani,,,foul,missed,,,,
Andre Iguodala,Elton Brand,Lou Williams,Thaddeus Young,Willie Green,Andrea Bargnani,Antoine Wright,Chris Bosh,Jarrett Jack,Jose Calderon,4,3:01,TOR,rebound,,,,,,,,,,,,,,,,,,
Andre Iguodala,Elton Brand,Lou Williams,Thaddeus Young,Willie Green,Andrea Bargnani,Antoine Wright,Chris Bosh,Jarrett Jack,Jose Calderon,4,3:01,TOR,free throw,,,,,,,2,,2,Andrea Bargnani,,,foul,made,,,,
Andre Iguodala,Elton Brand,Lou Williams,Thaddeus Young,Willie Green,Andrea Bargnani,Antoine Wright,Chris Bosh,Jarrett Jack,Jose Calderon,4,2:52,PHI,shot,,,,,,,,,,Lou Williams,3,,,made,,3pt,9,26
Andre Iguodala,Elton Brand,Lou Williams,Thaddeus Young,Willie Green,Andrea Bargnani,Antoine Wright,Chris Bosh,Jarrett Jack,Jose Calderon,4,2:37,PHI,foul,,,,,,,,Chris Bosh,,Elton Brand,,,,,,shooting,,
Andre Iguodala,Elton Brand,Lou Williams,Thaddeus Young,Willie Green,Andrea Bargnani,Antoine Wright,Chris Bosh,Jarrett Jack,Jose Calderon,4,2:37,TOR,free throw,,,,,,,1,,2,Chris Bosh,,,foul,made,,,,
Andre Iguodala,Elton Brand,Lou Williams,Thaddeus Young,Willie Green,Andrea Bargnani,Antoine Wright,Chris Bosh,Jarrett Jack,Jose Calderon,4,2:37,TOR,free throw,,,,,,,2,,2,Chris Bosh,,,foul,made,,,,
Andre Iguodala,Elton Brand,Lou Williams,Thaddeus Young,Willie Green,Andrea Bargnani,Antoine Wright,Chris Bosh,Jarrett Jack,Jose Calderon,4,2:25,PHI,shot,Elton Brand,,,,,,,,,Lou Williams,2,,,made,,driving layup,27,6
Andre Iguodala,Elton Brand,Lou Williams,Thaddeus Young,Willie Green,Andrea Bargnani,Antoine Wright,Chris Bosh,Jarrett Jack,Jose Calderon,4,2:12,TOR,shot,,,Elton Brand,,,,,,,Jarrett Jack,,,,missed,,driving layup,27,6
Andre Iguodala,Elton Brand,Lou Williams,Thaddeus Young,Willie Green,Andrea Bargnani,Antoine Wright,Chris Bosh,Jarrett Jack,Jose Calderon,4,2:10,PHI,rebound,,,,,,,,,,Andre Iguodala,,,,,,def,,
Andre Iguodala,Elton Brand,Lou Williams,Thaddeus Young,Willie Green,Andrea Bargnani,Antoine Wright,Chris Bosh,Jarrett Jack,Jose Calderon,4,2:06,PHI,shot,Andre Iguodala,,,,,,,,,Thaddeus Young,2,,,made,,running layup,25,6
Andre Iguodala,Elton Brand,Lou Williams,Thaddeus Young,Willie Green,Andrea Bargnani,Antoine Wright,Chris Bosh,Jarrett Jack,Jose Calderon,4,1:42,TOR,shot,Antoine Wright,,,,,,,,,Jose Calderon,3,,,made,,3pt,47,6
Andre Iguodala,Elton Brand,Lou Williams,Thaddeus Young,Willie Green,Andrea Bargnani,Antoine Wright,Chris Bosh,Jarrett Jack,Jose Calderon,4,1:42,PHI,foul,,,,,,,,Jose Calderon,,Willie Green,,,,,,shooting,,
Andre Iguodala,Elton Brand,Lou Williams,Thaddeus Young,Willie Green,Andrea Bargnani,Antoine Wright,Chris Bosh,Jarrett Jack,Jose Calderon,4,1:42,TOR,free throw,,,,,,,1,,1,Jose Calderon,,,foul,made,,,,
Andre Iguodala,Elton Brand,Lou Williams,Thaddeus Young,Willie Green,Andrea Bargnani,Antoine Wright,Chris Bosh,Jarrett Jack,Jose Calderon,4,1:42,PHI,timeout,,,,,,,,,,,,,,,,regular,,
Andre Iguodala,Elton Brand,Lou Williams,Thaddeus Young,Willie Green,Andrea Bargnani,Antoine Wright,Chris Bosh,Jarrett Jack,Sonny Weems,4,1:42,TOR,sub,,,,Sonny Weems,,Jose Calderon,,,,,,,,,,,,
Andre Iguodala,Elton Brand,Lou Williams,Thaddeus Young,Willie Green,Andrea Bargnani,Antoine Wright,Chris Bosh,Jarrett Jack,Sonny Weems,4,1:27,PHI,shot,,,,,,,,,,Lou Williams,,,,missed,,fade away jumper,43,7
Andre Iguodala,Elton Brand,Lou Williams,Thaddeus Young,Willie Green,Andrea Bargnani,Antoine Wright,Chris Bosh,Jarrett Jack,Sonny Weems,4,1:26,PHI,rebound,,,,,,,,,,,,,,,,,,
Andre Iguodala,Elton Brand,Lou Williams,Thaddeus Young,Willie Green,Andrea Bargnani,Antoine Wright,Chris Bosh,Jarrett Jack,Sonny Weems,4,1:25,PHI,jump ball,,Elton Brand,,,Chris Bosh,,,,,,,Thaddeus Young,,,,,,
Andre Iguodala,Elton Brand,Lou Williams,Thaddeus Young,Willie Green,Andrea Bargnani,Antoine Wright,Chris Bosh,Jarrett Jack,Sonny Weems,4,1:02,PHI,turnover,,,,,,,,,,Lou Williams,,,lost ball,,Antoine Wright,,,
Andre Iguodala,Elton Brand,Lou Williams,Thaddeus Young,Willie Green,Andrea Bargnani,Antoine Wright,Chris Bosh,Jarrett Jack,Sonny Weems,4,0:41,TOR,shot,Jarrett Jack,,,,,,,,,Andrea Bargnani,3,,,made,,3pt,28,31
Andre Iguodala,Elton Brand,Lou Williams,Thaddeus Young,Willie Green,Andrea Bargnani,Antoine Wright,Chris Bosh,Jarrett Jack,Sonny Weems,4,0:33,PHI,shot,,,,,,,,,,Willie Green,,,,missed,,3pt,33,30
Andre Iguodala,Elton Brand,Lou Williams,Thaddeus Young,Willie Green,Andrea Bargnani,Antoine Wright,Chris Bosh,Jarrett Jack,Sonny Weems,4,0:32,PHI,foul,,,,,,,,Andrea Bargnani,,Andre Iguodala,,,,,,personal,,
Andre Iguodala,Elton Brand,Lou Williams,Thaddeus Young,Willie Green,Andrea Bargnani,Antoine Wright,Chris Bosh,Jarrett Jack,Sonny Weems,4,0:32,TOR,free throw,,,,,,,1,,2,Andrea Bargnani,,,foul,made,,,,
Andre Iguodala,Elton Brand,Lou Williams,Thaddeus Young,Willie Green,Andrea Bargnani,Antoine Wright,Chris Bosh,Jarrett Jack,Sonny Weems,4,0:32,TOR,free throw,,,,,,,2,,2,Andrea Bargnani,,,foul,made,,,,
Andre Iguodala,Elton Brand,Lou Williams,Thaddeus Young,Willie Green,Andrea Bargnani,Antoine Wright,Chris Bosh,Jarrett Jack,Sonny Weems,4,0:32,PHI,timeout,,,,,,,,,,,,,,,,short,,
Andre Iguodala,Elton Brand,Lou Williams,Thaddeus Young,Willie Green,Andrea Bargnani,Antoine Wright,Chris Bosh,Jarrett Jack,Sonny Weems,4,0:32,TOR,rebound,,,,,,,,,,Andrea Bargnani,,,,,,def,,
Andre Iguodala,Elton Brand,Lou Williams,Thaddeus Young,Willie Green,Andrea Bargnani,Antoine Wright,Chris Bosh,Jarrett Jack,Sonny Weems,4,0:24,PHI,shot,,,Andrea Bargnani,,,,,,,Andre Iguodala,,,,missed,,3pt,25,30
Andre Iguodala,Elton Brand,Lou Williams,Thaddeus Young,Willie Green,Andrea Bargnani,Antoine Wright,Chris Bosh,Jarrett Jack,Sonny Weems,4,0:23,TOR,rebound,,,,,,,,,,Chris Bosh,,,,,,def,,
Andre Iguodala,Elton Brand,Lou Williams,Thaddeus Young,Willie Green,Andrea Bargnani,Antoine Wright,Chris Bosh,Jarrett Jack,Sonny Weems,4,0:13,PHI,foul,,,,,,,,Jarrett Jack,,Lou Williams,,,,,,personal,,
