a1,a2,a3,a4,a5,h1,h2,h3,h4,h5,period,time,team,etype,assist,away,block,entered,home,left,num,opponent,outof,player,points,possession,reason,result,steal,type,x,y
Andrea Bargnani,Chris Bosh,DeMar DeRozan,Hedo Turkoglu,Jarrett Jack,Dwight Howard,Jameer Nelson,Matt Barnes,Rashard Lewis,Vince Carter,1,12:00,OFF,jump ball,,Chris Bosh,,,Dwight Howard,,,,,,,Rashard Lewis,,,,,,
Andrea Bargnani,Chris Bosh,DeMar DeRozan,Hedo Turkoglu,Jarrett Jack,Dwight Howard,Jameer Nelson,Matt Barnes,Rashard Lewis,Vince Carter,1,11:46,ORL,shot,,,,,,,,,,Vince Carter,,,,missed,,jump,45,9
Andrea Bargnani,Chris Bosh,DeMar DeRozan,Hedo Turkoglu,Jarrett Jack,Dwight Howard,Jameer Nelson,Matt Barnes,Rashard Lewis,Vince Carter,1,11:45,TOR,rebound,,,,,,,,,,Hedo Turkoglu,,,,,,def,,
Andrea Bargnani,Chris Bosh,DeMar DeRozan,Hedo Turkoglu,Jarrett Jack,Dwight Howard,Jameer Nelson,Matt Barnes,Rashard Lewis,Vince Carter,1,11:31,TOR,shot,,,Dwight Howard,,,,,,,Andrea Bargnani,,,,missed,,layup,25,6
Andrea Bargnani,Chris Bosh,DeMar DeRozan,Hedo Turkoglu,Jarrett Jack,Dwight Howard,Jameer Nelson,Matt Barnes,Rashard Lewis,Vince Carter,1,11:30,ORL,rebound,,,,,,,,,,,,,,,,,,
Andrea Bargnani,Chris Bosh,DeMar DeRozan,Hedo Turkoglu,Jarrett Jack,Dwight Howard,Jameer Nelson,Matt Barnes,Rashard Lewis,Vince Carter,1,11:14,ORL,shot,,,,,,,,,,Dwight Howard,2,,,made,,hook,21,13
Andrea Bargnani,Chris Bosh,DeMar DeRozan,Hedo Turkoglu,Jarrett Jack,Dwight Howard,Jameer Nelson,Matt Barnes,Rashard Lewis,Vince Carter,1,10:58,TOR,shot,,,,,,,,,,Hedo Turkoglu,,,,missed,,jump,17,25
Andrea Bargnani,Chris Bosh,DeMar DeRozan,Hedo Turkoglu,Jarrett Jack,Dwight Howard,Jameer Nelson,Matt Barnes,Rashard Lewis,Vince Carter,1,10:57,ORL,rebound,,,,,,,,,,Vince Carter,,,,,,def,,
Andrea Bargnani,Chris Bosh,DeMar DeRozan,Hedo Turkoglu,Jarrett Jack,Dwight Howard,Jameer Nelson,Matt Barnes,Rashard Lewis,Vince Carter,1,10:40,ORL,shot,,,,,,,,,,Jameer Nelson,2,,,made,,jump,39,9
Andrea Bargnani,Chris Bosh,DeMar DeRozan,Hedo Turkoglu,Jarrett Jack,Dwight Howard,Jameer Nelson,Matt Barnes,Rashard Lewis,Vince Carter,1,10:27,TOR,shot,,,,,,,,,,Andrea Bargnani,,,,missed,,jump,18,21
Andrea Bargnani,Chris Bosh,DeMar DeRozan,Hedo Turkoglu,Jarrett Jack,Dwight Howard,Jameer Nelson,Matt Barnes,Rashard Lewis,Vince Carter,1,10:25,ORL,rebound,,,,,,,,,,Dwight Howard,,,,,,def,,
Andrea Bargnani,Chris Bosh,DeMar DeRozan,Hedo Turkoglu,Jarrett Jack,Dwight Howard,Jameer Nelson,Matt Barnes,Rashard Lewis,Vince Carter,1,10:17,ORL,turnover,,,,,,,,,,Rashard Lewis,,,lost ball,,Chris Bosh,,,
Andrea Bargnani,Chris Bosh,DeMar DeRozan,Hedo Turkoglu,Jarrett Jack,Dwight Howard,Jameer Nelson,Matt Barnes,Rashard Lewis,Vince Carter,1,9:57,TOR,shot,,,,,,,,,,Jarrett Jack,2,,,made,,floating jump,29,12
Andrea Bargnani,Chris Bosh,DeMar DeRozan,Hedo Turkoglu,Jarrett Jack,Dwight Howard,Jameer Nelson,Matt Barnes,Rashard Lewis,Vince Carter,1,9:45,TOR,foul,,,,,,,,,,Chris Bosh,,,,,,defense 3 second,,
Andrea Bargnani,Chris Bosh,DeMar DeRozan,Hedo Turkoglu,Jarrett Jack,Dwight Howard,Jameer Nelson,Matt Barnes,Rashard Lewis,Vince Carter,1,9:45,ORL,free throw,,,,,,,1,,1,Vince Carter,,,technical,made,,,,
Andrea Bargnani,Chris Bosh,DeMar DeRozan,Hedo Turkoglu,Jarrett Jack,Dwight Howard,Jameer Nelson,Matt Barnes,Rashard Lewis,Vince Carter,1,9:31,ORL,shot,,,,,,,,,,Dwight Howard,,,,missed,,jump hook,22,15
Andrea Bargnani,Chris Bosh,DeMar DeRozan,Hedo Turkoglu,Jarrett Jack,Dwight Howard,Jameer Nelson,Matt Barnes,Rashard Lewis,Vince Carter,1,9:30,TOR,rebound,,,,,,,,,,Hedo Turkoglu,,,,,,def,,
Andrea Bargnani,Chris Bosh,DeMar DeRozan,Hedo Turkoglu,Jarrett Jack,Dwight Howard,Jameer Nelson,Matt Barnes,Rashard Lewis,Vince Carter,1,9:21,ORL,violation,,,,,,,,,,Dwight Howard,,,,,,defensive goaltending,,
Andrea Bargnani,Chris Bosh,DeMar DeRozan,Hedo Turkoglu,Jarrett Jack,Dwight Howard,Jameer Nelson,Matt Barnes,Rashard Lewis,Vince Carter,1,9:21,TOR,shot,,,,,,,,,,Andrea Bargnani,2,,,made,,layup,25,6
Andrea Bargnani,Chris Bosh,DeMar DeRozan,Hedo Turkoglu,Jarrett Jack,Dwight Howard,Jameer Nelson,Matt Barnes,Rashard Lewis,Vince Carter,1,9:05,ORL,shot,Rashard Lewis,,,,,,,,,Dwight Howard,2,,,made,,dunk,25,6
Andrea Bargnani,Chris Bosh,DeMar DeRozan,Hedo Turkoglu,Jarrett Jack,Dwight Howard,Jameer Nelson,Matt Barnes,Rashard Lewis,Vince Carter,1,8:48,TOR,shot,DeMar DeRozan,,,,,,,,,Chris Bosh,2,,,made,,jump,28,24
Andrea Bargnani,Chris Bosh,DeMar DeRozan,Hedo Turkoglu,Jarrett Jack,Dwight Howard,Jameer Nelson,Matt Barnes,Rashard Lewis,Vince Carter,1,8:34,ORL,shot,Vince Carter,,,,,,,,,Dwight Howard,2,,,made,,layup,25,6
Andrea Bargnani,Chris Bosh,DeMar DeRozan,Hedo Turkoglu,Jarrett Jack,Dwight Howard,Jameer Nelson,Matt Barnes,Rashard Lewis,Vince Carter,1,8:34,TOR,foul,,,,,,,,Dwight Howard,,Jarrett Jack,,,,,,shooting,,
Andrea Bargnani,Chris Bosh,DeMar DeRozan,Hedo Turkoglu,Jarrett Jack,Dwight Howard,Jameer Nelson,Matt Barnes,Rashard Lewis,Vince Carter,1,8:34,ORL,free throw,,,,,,,1,,1,Dwight Howard,,,foul,made,,,,
Andrea Bargnani,Chris Bosh,DeMar DeRozan,Hedo Turkoglu,Jarrett Jack,Dwight Howard,Jameer Nelson,Matt Barnes,Rashard Lewis,Vince Carter,1,8:24,TOR,foul,,,,,,,,Matt Barnes,,Chris Bosh,,,,,,offensive,,
Andrea Bargnani,Chris Bosh,DeMar DeRozan,Hedo Turkoglu,Jarrett Jack,Dwight Howard,Jameer Nelson,Matt Barnes,Rashard Lewis,Vince Carter,1,8:24,TOR,turnover,,,,,,,,,,Chris Bosh,,,foul,,,,,
Andrea Bargnani,Chris Bosh,DeMar DeRozan,Hedo Turkoglu,Jarrett Jack,Dwight Howard,Jameer Nelson,Matt Barnes,Rashard Lewis,Vince Carter,1,8:11,ORL,shot,,,,,,,,,,Matt Barnes,,,,missed,,3pt,2,14
Andrea Bargnani,Chris Bosh,DeMar DeRozan,Hedo Turkoglu,Jarrett Jack,Dwight Howard,Jameer Nelson,Matt Barnes,Rashard Lewis,Vince Carter,1,8:09,TOR,rebound,,,,,,,,,,Andrea Bargnani,,,,,,def,,
Andrea Bargnani,Chris Bosh,DeMar DeRozan,Hedo Turkoglu,Jarrett Jack,Dwight Howard,Jameer Nelson,Matt Barnes,Rashard Lewis,Vince Carter,1,7:56,TOR,turnover,,,,,,,,,,Chris Bosh,,,bad pass,,Rashard Lewis,,,
Andrea Bargnani,Chris Bosh,DeMar DeRozan,Hedo Turkoglu,Jarrett Jack,Dwight Howard,Jameer Nelson,Matt Barnes,Rashard Lewis,Vince Carter,1,7:48,ORL,shot,Jameer Nelson,,,,,,,,,Dwight Howard,2,,,made,,alley oop dunk,25,6
Andrea Bargnani,Chris Bosh,DeMar DeRozan,Hedo Turkoglu,Jarrett Jack,Dwight Howard,Jameer Nelson,Matt Barnes,Rashard Lewis,Vince Carter,1,7:36,ORL,foul,,,,,,,,Jarrett Jack,,Vince Carter,,,,,,shooting,,
Andrea Bargnani,Chris Bosh,DeMar DeRozan,Hedo Turkoglu,Jarrett Jack,Dwight Howard,Jameer Nelson,Matt Barnes,Rashard Lewis,Vince Carter,1,7:36,TOR,free throw,,,,,,,1,,2,Jarrett Jack,,,foul,made,,,,
Andrea Bargnani,Chris Bosh,DeMar DeRozan,Hedo Turkoglu,Jarrett Jack,Dwight Howard,Jameer Nelson,Matt Barnes,Rashard Lewis,Vince Carter,1,7:36,TOR,free throw,,,,,,,2,,2,Jarrett Jack,,,foul,made,,,,
Andrea Bargnani,Chris Bosh,DeMar DeRozan,Hedo Turkoglu,Jarrett Jack,Dwight Howard,Jameer Nelson,Matt Barnes,Rashard Lewis,Vince Carter,1,7:19,ORL,shot,,,,,,,,,,Jameer Nelson,,,,missed,,driving layup,25,6
Andrea Bargnani,Chris Bosh,DeMar DeRozan,Hedo Turkoglu,Jarrett Jack,Dwight Howard,Jameer Nelson,Matt Barnes,Rashard Lewis,Vince Carter,1,7:17,TOR,rebound,,,,,,,,,,Chris Bosh,,,,,,def,,
Andrea Bargnani,Chris Bosh,DeMar DeRozan,Hedo Turkoglu,Jarrett Jack,Dwight Howard,Jameer Nelson,Matt Barnes,Rashard Lewis,Vince Carter,1,7:12,TOR,shot,,,,,,,,,,Andrea Bargnani,,,,missed,,3pt,17,31
Andrea Bargnani,Chris Bosh,DeMar DeRozan,Hedo Turkoglu,Jarrett Jack,Dwight Howard,Jameer Nelson,Matt Barnes,Rashard Lewis,Vince Carter,1,7:10,ORL,rebound,,,,,,,,,,,,,,,,,,
Andrea Bargnani,Chris Bosh,DeMar DeRozan,Hedo Turkoglu,Jarrett Jack,Dwight Howard,Jameer Nelson,Matt Barnes,Rashard Lewis,Vince Carter,1,6:55,ORL,foul,,,,,,,,Chris Bosh,,Matt Barnes,,,,,,offensive,,
Andrea Bargnani,Chris Bosh,DeMar DeRozan,Hedo Turkoglu,Jarrett Jack,Dwight Howard,Jameer Nelson,Matt Barnes,Rashard Lewis,Vince Carter,1,6:55,ORL,turnover,,,,,,,,,,Matt Barnes,,,foul,,,,,
Amir Johnson,Andrea Bargnani,DeMar DeRozan,Hedo Turkoglu,Jarrett Jack,Dwight Howard,Jameer Nelson,Matt Barnes,Rashard Lewis,Vince Carter,1,6:55,TOR,sub,,,,Amir Johnson,,Chris Bosh,,,,,,,,,,,,
Amir Johnson,Andrea Bargnani,DeMar DeRozan,Hedo Turkoglu,Jarrett Jack,Dwight Howard,Jameer Nelson,Matt Barnes,Rashard Lewis,Vince Carter,1,6:35,TOR,shot,,,,,,,,,,Andrea Bargnani,,,,missed,,turnaround fade away,24,16
Amir Johnson,Andrea Bargnani,DeMar DeRozan,Hedo Turkoglu,Jarrett Jack,Dwight Howard,Jameer Nelson,Matt Barnes,Rashard Lewis,Vince Carter,1,6:34,ORL,rebound,,,,,,,,,,Dwight Howard,,,,,,def,,
Amir Johnson,Andrea Bargnani,DeMar DeRozan,Hedo Turkoglu,Jarrett Jack,Dwight Howard,Jameer Nelson,Matt Barnes,Rashard Lewis,Vince Carter,1,6:22,ORL,shot,Jameer Nelson,,,,,,,,,Rashard Lewis,3,,,made,,3pt,2,11
Amir Johnson,Andrea Bargnani,DeMar DeRozan,Hedo Turkoglu,Jarrett Jack,Dwight Howard,Jameer Nelson,Matt Barnes,Rashard Lewis,Vince Carter,1,6:09,TOR,shot,Jarrett Jack,,,,,,,,,DeMar DeRozan,2,,,made,,jump,6,13
Amir Johnson,Andrea Bargnani,DeMar DeRozan,Hedo Turkoglu,Jarrett Jack,Dwight Howard,Jameer Nelson,Matt Barnes,Rashard Lewis,Vince Carter,1,5:52,ORL,turnover,,,,,,,,,,Dwight Howard,,,out of bounds lost ball turnover,,,,,
Amir Johnson,Andrea Bargnani,DeMar DeRozan,Hedo Turkoglu,Jarrett Jack,Dwight Howard,Jameer Nelson,Matt Barnes,Rashard Lewis,Vince Carter,1,5:52,ORL,timeout,,,,,,,,,,,,,,,,regular,,
Amir Johnson,Andrea Bargnani,DeMar DeRozan,Hedo Turkoglu,Jarrett Jack,Dwight Howard,Jameer Nelson,Matt Barnes,Rashard Lewis,Vince Carter,1,5:36,TOR,shot,Hedo Turkoglu,,,,,,,,,DeMar DeRozan,2,,,made,,jump,8,18
Amir Johnson,Andrea Bargnani,DeMar DeRozan,Hedo Turkoglu,Jarrett Jack,Dwight Howard,Jameer Nelson,Matt Barnes,Rashard Lewis,Vince Carter,1,5:18,ORL,shot,,,,,,,,,,Vince Carter,,,,missed,,jump,11,16
Amir Johnson,Andrea Bargnani,DeMar DeRozan,Hedo Turkoglu,Jarrett Jack,Dwight Howard,Jameer Nelson,Matt Barnes,Rashard Lewis,Vince Carter,1,5:17,ORL,rebound,,,,,,,,,,Rashard Lewis,,,,,,off,,
Amir Johnson,Andrea Bargnani,DeMar DeRozan,Hedo Turkoglu,Jarrett Jack,Dwight Howard,Jameer Nelson,Matt Barnes,Rashard Lewis,Vince Carter,1,4:56,ORL,turnover,,,,,,,,,,Dwight Howard,,,bad pass,,DeMar DeRozan,,,
Amir Johnson,Andrea Bargnani,DeMar DeRozan,Hedo Turkoglu,Jarrett Jack,Dwight Howard,Jameer Nelson,Matt Barnes,Rashard Lewis,Vince Carter,1,4:44,TOR,shot,Hedo Turkoglu,,,,,,,,,Amir Johnson,2,,,made,,layup,25,6
Amir Johnson,Andrea Bargnani,DeMar DeRozan,Hedo Turkoglu,Jarrett Jack,Dwight Howard,Jameer Nelson,Matt Barnes,Rashard Lewis,Vince Carter,1,4:33,ORL,turnover,,,,,,,,,,Dwight Howard,,,3 second violation,,,,,
Amir Johnson,Chris Bosh,DeMar DeRozan,Hedo Turkoglu,Jarrett Jack,Dwight Howard,Jameer Nelson,Matt Barnes,Rashard Lewis,Vince Carter,1,4:33,TOR,sub,,,,Chris Bosh,,Andrea Bargnani,,,,,,,,,,,,
Amir Johnson,Antoine Wright,Chris Bosh,DeMar DeRozan,Jarrett Jack,Dwight Howard,Jameer Nelson,Matt Barnes,Rashard Lewis,Vince Carter,1,4:33,TOR,sub,,,,Antoine Wright,,Hedo Turkoglu,,,,,,,,,,,,
Amir Johnson,Antoine Wright,Chris Bosh,DeMar DeRozan,Jarrett Jack,Dwight Howard,Jameer Nelson,Matt Barnes,Rashard Lewis,Vince Carter,1,4:09,TOR,shot,Chris Bosh,,,,,,,,,Antoine Wright,2,,,made,,jump,21,26
Amir Johnson,Antoine Wright,Chris Bosh,DeMar DeRozan,Jarrett Jack,Dwight Howard,Jameer Nelson,Matt Barnes,Rashard Lewis,Vince Carter,1,3:48,TOR,foul,,,,,,,,Matt Barnes,,DeMar DeRozan,,,,,,personal,,
Amir Johnson,Antoine Wright,Chris Bosh,DeMar DeRozan,Jarrett Jack,Brandon Bass,Dwight Howard,Jameer Nelson,Matt Barnes,Vince Carter,1,3:48,ORL,sub,,,,Brandon Bass,,Rashard Lewis,,,,,,,,,,,,
Amir Johnson,Antoine Wright,Chris Bosh,DeMar DeRozan,Jarrett Jack,Brandon Bass,Dwight Howard,Jameer Nelson,Matt Barnes,Vince Carter,1,3:37,ORL,turnover,,,,,,,,,,Brandon Bass,,,lost ball,,Antoine Wright,,,
Amir Johnson,Antoine Wright,Chris Bosh,DeMar DeRozan,Jarrett Jack,Brandon Bass,Dwight Howard,Jameer Nelson,Matt Barnes,Vince Carter,1,3:32,TOR,shot,,,,,,,,,,DeMar DeRozan,2,,,made,,layup,25,6
Amir Johnson,Antoine Wright,Chris Bosh,DeMar DeRozan,Jarrett Jack,Brandon Bass,Dwight Howard,Jameer Nelson,Matt Barnes,Vince Carter,1,3:20,ORL,shot,Vince Carter,,,,,,,,,Jameer Nelson,3,,,made,,3pt,6,24
Amir Johnson,Antoine Wright,Chris Bosh,DeMar DeRozan,Jarrett Jack,Brandon Bass,Dwight Howard,Jameer Nelson,Matt Barnes,Vince Carter,1,3:08,TOR,turnover,,,,,,,,,,Jarrett Jack,,,bad pass,,Matt Barnes,,,
Amir Johnson,Antoine Wright,Chris Bosh,DeMar DeRozan,Jarrett Jack,Brandon Bass,Dwight Howard,Jameer Nelson,Matt Barnes,Vince Carter,1,2:53,ORL,shot,Jameer Nelson,,,,,,,,,Matt Barnes,2,,,made,,floating jump,21,16
Amir Johnson,Antoine Wright,Chris Bosh,DeMar DeRozan,Jarrett Jack,Brandon Bass,Dwight Howard,Jameer Nelson,Matt Barnes,Vince Carter,1,2:35,TOR,shot,,,,,,,,,,Jarrett Jack,,,,missed,,floating jump,21,20
Amir Johnson,Antoine Wright,Chris Bosh,DeMar DeRozan,Jarrett Jack,Brandon Bass,Dwight Howard,Jameer Nelson,Matt Barnes,Vince Carter,1,2:34,ORL,rebound,,,,,,,,,,Brandon Bass,,,,,,def,,
Amir Johnson,Antoine Wright,Chris Bosh,DeMar DeRozan,Jarrett Jack,Brandon Bass,Dwight Howard,Jameer Nelson,Matt Barnes,Vince Carter,1,2:27,ORL,turnover,,,,,,,,,,Dwight Howard,,,bad pass,,Antoine Wright,,,
Amir Johnson,Antoine Wright,Chris Bosh,DeMar DeRozan,Jarrett Jack,Brandon Bass,Dwight Howard,Jameer Nelson,Matt Barnes,Vince Carter,1,2:18,TOR,shot,Jarrett Jack,,,,,,,,,Antoine Wright,3,,,made,,3pt,40,27
Amir Johnson,Antoine Wright,Chris Bosh,DeMar DeRozan,Jarrett Jack,Brandon Bass,Dwight Howard,Jameer Nelson,Matt Barnes,Vince Carter,1,2:03,ORL,shot,,,,,,,,,,Jameer Nelson,2,,,made,,jump,9,9
Amir Johnson,Antoine Wright,Chris Bosh,DeMar DeRozan,Jarrett Jack,Brandon Bass,Dwight Howard,Jameer Nelson,Matt Barnes,Vince Carter,1,1:51,TOR,shot,,,,,,,,,,Chris Bosh,,,,missed,,fade away jumper,17,16
Amir Johnson,Antoine Wright,Chris Bosh,DeMar DeRozan,Jarrett Jack,Brandon Bass,Dwight Howard,Jameer Nelson,Matt Barnes,Vince Carter,1,1:49,TOR,rebound,,,,,,,,,,Jarrett Jack,,,,,,off,,
Amir Johnson,Antoine Wright,Chris Bosh,DeMar DeRozan,Jarrett Jack,Brandon Bass,Dwight Howard,Jameer Nelson,Matt Barnes,Vince Carter,1,1:49,TOR,timeout,,,,,,,,,,,,,,,,regular,,
Amir Johnson,Antoine Wright,Chris Bosh,DeMar DeRozan,Jarrett Jack,Brandon Bass,Dwight Howard,Jason Williams,Matt Barnes,Vince Carter,1,1:49,ORL,sub,,,,Jason Williams,,Jameer Nelson,,,,,,,,,,,,
Amir Johnson,Antoine Wright,Chris Bosh,Jarrett Jack,Jose Calderon,Brandon Bass,Dwight Howard,Jason Williams,Matt Barnes,Vince Carter,1,1:49,TOR,sub,,,,Jose Calderon,,DeMar DeRozan,,,,,,,,,,,,
Amir Johnson,Antoine Wright,Chris Bosh,Hedo Turkoglu,Jose Calderon,Brandon Bass,Dwight Howard,Jason Williams,Matt Barnes,Vince Carter,1,1:49,TOR,sub,,,,Hedo Turkoglu,,Jarrett Jack,,,,,,,,,,,,
Amir Johnson,Antoine Wright,Chris Bosh,Hedo Turkoglu,Jose Calderon,Brandon Bass,Dwight Howard,Jason Williams,Matt Barnes,Vince Carter,1,1:41,TOR,turnover,,,,,,,,,,Chris Bosh,,,3 second violation,,,,,
Amir Johnson,Antoine Wright,Chris Bosh,Hedo Turkoglu,Jose Calderon,Brandon Bass,Dwight Howard,Jason Williams,Matt Barnes,Vince Carter,1,1:29,ORL,shot,,,,,,,,,,Vince Carter,2,,,made,,jump,30,13
Amir Johnson,Antoine Wright,Chris Bosh,Hedo Turkoglu,Jose Calderon,Brandon Bass,Dwight Howard,Jason Williams,Matt Barnes,Vince Carter,1,1:29,TOR,foul,,,,,,,,Vince Carter,,Antoine Wright,,,,,,shooting,,
Amir Johnson,Antoine Wright,Chris Bosh,Hedo Turkoglu,Jose Calderon,Brandon Bass,Dwight Howard,Jason Williams,Mickael Pietrus,Vince Carter,1,1:29,ORL,sub,,,,Mickael Pietrus,,Matt Barnes,,,,,,,,,,,,
Amir Johnson,Antoine Wright,Chris Bosh,Hedo Turkoglu,Jose Calderon,Brandon Bass,Dwight Howard,Jason Williams,Mickael Pietrus,Vince Carter,1,1:29,ORL,free throw,,,,,,,1,,1,Vince Carter,,,foul,made,,,,
Amir Johnson,Antoine Wright,Chris Bosh,Hedo Turkoglu,Jose Calderon,Brandon Bass,Dwight Howard,Jason Williams,Mickael Pietrus,Vince Carter,1,1:11,TOR,turnover,,,,,,,,,,Antoine Wright,,,traveling,,,,,
Amir Johnson,Antoine Wright,Chris Bosh,Hedo Turkoglu,Jose Calderon,Brandon Bass,Dwight Howard,Jason Williams,Mickael Pietrus,Vince Carter,1,0:58,TOR,foul,,,,,,,,Brandon Bass,,Amir Johnson,,,,,,personal,,
Amir Johnson,Antoine Wright,Chris Bosh,Hedo Turkoglu,Jose Calderon,Brandon Bass,Dwight Howard,Jason Williams,Mickael Pietrus,Vince Carter,1,0:58,ORL,free throw,,,,,,,1,,2,Brandon Bass,,,foul,made,,,,
Amir Johnson,Antoine Wright,Chris Bosh,Hedo Turkoglu,Jose Calderon,Brandon Bass,Dwight Howard,Jason Williams,Mickael Pietrus,Vince Carter,1,0:58,ORL,free throw,,,,,,,2,,2,Brandon Bass,,,foul,made,,,,
Amir Johnson,Antoine Wright,Chris Bosh,Hedo Turkoglu,Jose Calderon,Brandon Bass,Dwight Howard,Jason Williams,Mickael Pietrus,Vince Carter,1,0:47,TOR,shot,Antoine Wright,,,,,,,,,Chris Bosh,2,,,made,,jump,41,17
Amir Johnson,Antoine Wright,Chris Bosh,Hedo Turkoglu,Jose Calderon,Brandon Bass,Dwight Howard,Jason Williams,Mickael Pietrus,Vince Carter,1,0:24,ORL,shot,,,,,,,,,,Brandon Bass,,,,missed,,running jump,31,16
Amir Johnson,Antoine Wright,Chris Bosh,Hedo Turkoglu,Jose Calderon,Brandon Bass,Dwight Howard,Jason Williams,Mickael Pietrus,Vince Carter,1,0:23,TOR,rebound,,,,,,,,,,Chris Bosh,,,,,,def,,
Amir Johnson,Antoine Wright,Chris Bosh,Hedo Turkoglu,Jose Calderon,Brandon Bass,Dwight Howard,Jason Williams,Mickael Pietrus,Vince Carter,1,0:01,TOR,shot,,,,,,,,,,Antoine Wright,,,,missed,,3pt,5,21
Amir Johnson,Antoine Wright,Chris Bosh,Hedo Turkoglu,Jose Calderon,Brandon Bass,Dwight Howard,Jason Williams,Mickael Pietrus,Vince Carter,1,0:00,ORL,rebound,,,,,,,,,,Mickael Pietrus,,,,,,def,,
Amir Johnson,Antoine Wright,Chris Bosh,Hedo Turkoglu,Jose Calderon,Brandon Bass,J.J. Redick,Jason Williams,Marcin Gortat,Mickael Pietrus,2,11:44,TOR,shot,,,,,,,,,,Hedo Turkoglu,,,,missed,,running hook,25,6
Amir Johnson,Antoine Wright,Chris Bosh,Hedo Turkoglu,Jose Calderon,Brandon Bass,J.J. Redick,Jason Williams,Marcin Gortat,Mickael Pietrus,2,11:43,ORL,rebound,,,,,,,,,,Marcin Gortat,,,,,,def,,
Amir Johnson,Antoine Wright,Chris Bosh,Hedo Turkoglu,Jose Calderon,Brandon Bass,J.J. Redick,Jason Williams,Marcin Gortat,Mickael Pietrus,2,11:21,ORL,shot,Mickael Pietrus,,,,,,,,,J.J. Redick,3,,,made,,3pt,6,23
Amir Johnson,Antoine Wright,Chris Bosh,Hedo Turkoglu,Jose Calderon,Brandon Bass,J.J. Redick,Jason Williams,Marcin Gortat,Mickael Pietrus,2,11:21,TOR,foul,,,,,,,,J.J. Redick,,Antoine Wright,,,,,,shooting,,
Amir Johnson,Antoine Wright,Chris Bosh,Hedo Turkoglu,Jose Calderon,Brandon Bass,J.J. Redick,Jason Williams,Marcin Gortat,Mickael Pietrus,2,11:21,ORL,free throw,,,,,,,1,,1,J.J. Redick,,,foul,made,,,,
Amir Johnson,Antoine Wright,Chris Bosh,Hedo Turkoglu,Jose Calderon,Brandon Bass,J.J. Redick,Jason Williams,Marcin Gortat,Mickael Pietrus,2,11:02,TOR,shot,Jose Calderon,,,,,,,,,Hedo Turkoglu,2,,,made,,jump,44,13
Amir Johnson,Antoine Wright,Chris Bosh,Hedo Turkoglu,Jose Calderon,Brandon Bass,J.J. Redick,Jason Williams,Marcin Gortat,Mickael Pietrus,2,10:43,ORL,shot,,,,,,,,,,Marcin Gortat,,,,missed,,hook,31,8
Amir Johnson,Antoine Wright,Chris Bosh,Hedo Turkoglu,Jose Calderon,Brandon Bass,J.J. Redick,Jason Williams,Marcin Gortat,Mickael Pietrus,2,10:41,ORL,rebound,,,,,,,,,,Brandon Bass,,,,,,off,,
Amir Johnson,Antoine Wright,Chris Bosh,Hedo Turkoglu,Jose Calderon,Brandon Bass,J.J. Redick,Jason Williams,Marcin Gortat,Mickael Pietrus,2,10:41,ORL,shot,,,,,,,,,,Brandon Bass,,,,missed,,tip,25,6
Amir Johnson,Antoine Wright,Chris Bosh,Hedo Turkoglu,Jose Calderon,Brandon Bass,J.J. Redick,Jason Williams,Marcin Gortat,Mickael Pietrus,2,10:40,TOR,rebound,,,,,,,,,,Jose Calderon,,,,,,def,,
Amir Johnson,Antoine Wright,Chris Bosh,Hedo Turkoglu,Jose Calderon,Brandon Bass,J.J. Redick,Jason Williams,Marcin Gortat,Mickael Pietrus,2,10:33,TOR,shot,Amir Johnson,,,,,,,,,Chris Bosh,2,,,made,,dunk,25,6
Amir Johnson,Antoine Wright,Chris Bosh,Hedo Turkoglu,Jose Calderon,Brandon Bass,J.J. Redick,Jason Williams,Marcin Gortat,Mickael Pietrus,2,10:12,ORL,shot,,,Amir Johnson,,,,,,,Brandon Bass,,,,missed,,reverse layup,25,6
Amir Johnson,Antoine Wright,Chris Bosh,Hedo Turkoglu,Jose Calderon,Brandon Bass,J.J. Redick,Jason Williams,Marcin Gortat,Mickael Pietrus,2,10:09,TOR,rebound,,,,,,,,,,Amir Johnson,,,,,,def,,
Amir Johnson,Antoine Wright,Chris Bosh,Hedo Turkoglu,Jose Calderon,Brandon Bass,J.J. Redick,Jason Williams,Marcin Gortat,Mickael Pietrus,2,9:57,TOR,shot,,,,,,,,,,Chris Bosh,,,,missed,,layup,25,6
Amir Johnson,Antoine Wright,Chris Bosh,Hedo Turkoglu,Jose Calderon,Brandon Bass,J.J. Redick,Jason Williams,Marcin Gortat,Mickael Pietrus,2,9:56,ORL,rebound,,,,,,,,,,Marcin Gortat,,,,,,def,,
Amir Johnson,Antoine Wright,Chris Bosh,Hedo Turkoglu,Jose Calderon,Brandon Bass,J.J. Redick,Jason Williams,Marcin Gortat,Mickael Pietrus,2,9:47,ORL,shot,,,,,,,,,,J.J. Redick,,,,missed,,3pt,6,23
Amir Johnson,Antoine Wright,Chris Bosh,Hedo Turkoglu,Jose Calderon,Brandon Bass,J.J. Redick,Jason Williams,Marcin Gortat,Mickael Pietrus,2,9:46,ORL,rebound,,,,,,,,,,,,,,,,,,
Amir Johnson,Chris Bosh,Hedo Turkoglu,Jose Calderon,Marco Belinelli,Brandon Bass,J.J. Redick,Jason Williams,Marcin Gortat,Mickael Pietrus,2,9:45,TOR,sub,,,,Marco Belinelli,,Antoine Wright,,,,,,,,,,,,
Andrea Bargnani,Chris Bosh,Hedo Turkoglu,Jose Calderon,Marco Belinelli,Brandon Bass,J.J. Redick,Jason Williams,Marcin Gortat,Mickael Pietrus,2,9:45,TOR,sub,,,,Andrea Bargnani,,Amir Johnson,,,,,,,,,,,,
Andrea Bargnani,Chris Bosh,Hedo Turkoglu,Jose Calderon,Marco Belinelli,J.J. Redick,Jason Williams,Marcin Gortat,Mickael Pietrus,Rashard Lewis,2,9:45,ORL,sub,,,,Rashard Lewis,,Brandon Bass,,,,,,,,,,,,
Andrea Bargnani,Chris Bosh,Hedo Turkoglu,Jose Calderon,Marco Belinelli,J.J. Redick,Jason Williams,Marcin Gortat,Mickael Pietrus,Rashard Lewis,2,9:36,ORL,shot,,,,,,,,,,Mickael Pietrus,,,,missed,,3pt,8,26
Andrea Bargnani,Chris Bosh,Hedo Turkoglu,Jose Calderon,Marco Belinelli,J.J. Redick,Jason Williams,Marcin Gortat,Mickael Pietrus,Rashard Lewis,2,9:34,TOR,rebound,,,,,,,,,,Chris Bosh,,,,,,def,,
Andrea Bargnani,Chris Bosh,Hedo Turkoglu,Jose Calderon,Marco Belinelli,J.J. Redick,Jason Williams,Marcin Gortat,Mickael Pietrus,Rashard Lewis,2,9:25,TOR,shot,Jose Calderon,,,,,,,,,Chris Bosh,2,,,made,,hook,20,13
Andrea Bargnani,Chris Bosh,Hedo Turkoglu,Jose Calderon,Marco Belinelli,J.J. Redick,Jason Williams,Marcin Gortat,Mickael Pietrus,Rashard Lewis,2,9:05,ORL,shot,,,,,,,,,,Mickael Pietrus,,,,missed,,driving layup,25,6
Andrea Bargnani,Chris Bosh,Hedo Turkoglu,Jose Calderon,Marco Belinelli,J.J. Redick,Jason Williams,Marcin Gortat,Mickael Pietrus,Rashard Lewis,2,9:04,TOR,rebound,,,,,,,,,,Andrea Bargnani,,,,,,def,,
Andrea Bargnani,Chris Bosh,Hedo Turkoglu,Jose Calderon,Marco Belinelli,J.J. Redick,Jason Williams,Marcin Gortat,Mickael Pietrus,Rashard Lewis,2,8:59,ORL,foul,,,,,,,,Chris Bosh,,Rashard Lewis,,,,,,personal,,
Andrea Bargnani,Chris Bosh,Hedo Turkoglu,Jose Calderon,Marco Belinelli,J.J. Redick,Jason Williams,Marcin Gortat,Mickael Pietrus,Rashard Lewis,2,8:59,TOR,timeout,,,,,,,,,,,,,,,,official,,
Andrea Bargnani,Hedo Turkoglu,Jose Calderon,Marco Belinelli,Sonny Weems,J.J. Redick,Jason Williams,Marcin Gortat,Mickael Pietrus,Rashard Lewis,2,8:59,TOR,sub,,,,Sonny Weems,,Chris Bosh,,,,,,,,,,,,
Andrea Bargnani,Hedo Turkoglu,Jose Calderon,Marco Belinelli,Sonny Weems,J.J. Redick,Jason Williams,Marcin Gortat,Mickael Pietrus,Rashard Lewis,2,8:44,TOR,shot,Hedo Turkoglu,,,,,,,,,Jose Calderon,3,,,made,,3pt,2,12
Andrea Bargnani,Hedo Turkoglu,Jose Calderon,Marco Belinelli,Sonny Weems,J.J. Redick,Jason Williams,Marcin Gortat,Mickael Pietrus,Rashard Lewis,2,8:27,ORL,shot,,,,,,,,,,Jason Williams,,,,missed,,3pt,39,28
Andrea Bargnani,Hedo Turkoglu,Jose Calderon,Marco Belinelli,Sonny Weems,J.J. Redick,Jason Williams,Marcin Gortat,Mickael Pietrus,Rashard Lewis,2,8:26,TOR,rebound,,,,,,,,,,Andrea Bargnani,,,,,,def,,
Andrea Bargnani,Hedo Turkoglu,Jose Calderon,Marco Belinelli,Sonny Weems,J.J. Redick,Jason Williams,Marcin Gortat,Mickael Pietrus,Rashard Lewis,2,8:10,TOR,shot,Marco Belinelli,,,,,,,,,Hedo Turkoglu,3,,,made,,3pt,42,26
Andrea Bargnani,Hedo Turkoglu,Jose Calderon,Marco Belinelli,Sonny Weems,J.J. Redick,Jason Williams,Marcin Gortat,Mickael Pietrus,Rashard Lewis,2,7:53,TOR,foul,,,,,,,,Rashard Lewis,,Andrea Bargnani,,,,,,shooting,,
Andrea Bargnani,Hedo Turkoglu,Jose Calderon,Marco Belinelli,Sonny Weems,J.J. Redick,Jason Williams,Marcin Gortat,Mickael Pietrus,Rashard Lewis,2,7:53,ORL,free throw,,,,,,,1,,2,Rashard Lewis,,,foul,made,,,,
Andrea Bargnani,Hedo Turkoglu,Jose Calderon,Marco Belinelli,Sonny Weems,J.J. Redick,Jason Williams,Marcin Gortat,Mickael Pietrus,Rashard Lewis,2,7:53,ORL,free throw,,,,,,,2,,2,Rashard Lewis,,,foul,made,,,,
Andrea Bargnani,Hedo Turkoglu,Jose Calderon,Marco Belinelli,Sonny Weems,J.J. Redick,Jason Williams,Marcin Gortat,Mickael Pietrus,Rashard Lewis,2,7:42,TOR,shot,Jose Calderon,,,,,,,,,Andrea Bargnani,2,,,made,,jump,21,11
Andrea Bargnani,Hedo Turkoglu,Jose Calderon,Marco Belinelli,Sonny Weems,J.J. Redick,Jason Williams,Marcin Gortat,Mickael Pietrus,Rashard Lewis,2,7:24,ORL,shot,,,,,,,,,,Rashard Lewis,2,,,made,,turnaround fade away,35,10
Andrea Bargnani,Hedo Turkoglu,Jose Calderon,Marco Belinelli,Sonny Weems,J.J. Redick,Jason Williams,Marcin Gortat,Mickael Pietrus,Rashard Lewis,2,7:11,ORL,foul,,,,,,,,Andrea Bargnani,,Jason Williams,,,,,,personal,,
Andrea Bargnani,Hedo Turkoglu,Jose Calderon,Marco Belinelli,Sonny Weems,J.J. Redick,Jason Williams,Marcin Gortat,Mickael Pietrus,Rashard Lewis,2,7:07,TOR,shot,Jose Calderon,,,,,,,,,Marco Belinelli,2,,,made,,jump,32,24
Andrea Bargnani,Hedo Turkoglu,Jose Calderon,Marco Belinelli,Sonny Weems,J.J. Redick,Jason Williams,Marcin Gortat,Mickael Pietrus,Rashard Lewis,2,6:48,ORL,shot,Marcin Gortat,,,,,,,,,J.J. Redick,2,,,made,,jump,40,11
Andrea Bargnani,Hedo Turkoglu,Jose Calderon,Marco Belinelli,Sonny Weems,J.J. Redick,Jason Williams,Marcin Gortat,Mickael Pietrus,Rashard Lewis,2,6:30,TOR,shot,Marco Belinelli,,,,,,,,,Andrea Bargnani,2,,,made,,layup,25,6
Andrea Bargnani,Hedo Turkoglu,Jose Calderon,Marco Belinelli,Sonny Weems,J.J. Redick,Jason Williams,Marcin Gortat,Mickael Pietrus,Rashard Lewis,2,6:22,ORL,timeout,,,,,,,,,,,,,,,,regular,,
Andrea Bargnani,Hedo Turkoglu,Jose Calderon,Marco Belinelli,Sonny Weems,Dwight Howard,J.J. Redick,Jason Williams,Mickael Pietrus,Rashard Lewis,2,6:22,ORL,sub,,,,Dwight Howard,,Marcin Gortat,,,,,,,,,,,,
Andrea Bargnani,Jarrett Jack,Jose Calderon,Marco Belinelli,Sonny Weems,Dwight Howard,J.J. Redick,Jason Williams,Mickael Pietrus,Rashard Lewis,2,6:22,TOR,sub,,,,Jarrett Jack,,Hedo Turkoglu,,,,,,,,,,,,
Andrea Bargnani,Chris Bosh,Jarrett Jack,Marco Belinelli,Sonny Weems,Dwight Howard,J.J. Redick,Jason Williams,Mickael Pietrus,Rashard Lewis,2,6:22,TOR,sub,,,,Chris Bosh,,Jose Calderon,,,,,,,,,,,,
Andrea Bargnani,Chris Bosh,Jarrett Jack,Marco Belinelli,Sonny Weems,Dwight Howard,J.J. Redick,Jason Williams,Mickael Pietrus,Rashard Lewis,2,6:11,ORL,shot,,,,,,,,,,Rashard Lewis,,,,missed,,jump,40,16
Andrea Bargnani,Chris Bosh,Jarrett Jack,Marco Belinelli,Sonny Weems,Dwight Howard,J.J. Redick,Jason Williams,Mickael Pietrus,Rashard Lewis,2,6:10,TOR,rebound,,,,,,,,,,Jarrett Jack,,,,,,def,,
Andrea Bargnani,Chris Bosh,Jarrett Jack,Marco Belinelli,Sonny Weems,Dwight Howard,J.J. Redick,Jason Williams,Mickael Pietrus,Rashard Lewis,2,5:53,TOR,turnover,,,,,,,,,,Jarrett Jack,,,bad pass,,Jason Williams,,,
Andrea Bargnani,Chris Bosh,Jarrett Jack,Marco Belinelli,Sonny Weems,Dwight Howard,J.J. Redick,Jason Williams,Mickael Pietrus,Rashard Lewis,2,5:47,ORL,shot,,,,,,,,,,J.J. Redick,,,,missed,,jump,43,19
Andrea Bargnani,Chris Bosh,Jarrett Jack,Marco Belinelli,Sonny Weems,Dwight Howard,J.J. Redick,Jason Williams,Mickael Pietrus,Rashard Lewis,2,5:45,TOR,rebound,,,,,,,,,,Chris Bosh,,,,,,def,,
Andrea Bargnani,Chris Bosh,Jarrett Jack,Marco Belinelli,Sonny Weems,Dwight Howard,J.J. Redick,Jason Williams,Mickael Pietrus,Rashard Lewis,2,5:38,TOR,shot,,,,,,,,,,Sonny Weems,2,,,made,,layup,25,6
Andrea Bargnani,Chris Bosh,Jarrett Jack,Marco Belinelli,Sonny Weems,Dwight Howard,J.J. Redick,Jason Williams,Mickael Pietrus,Rashard Lewis,2,5:28,ORL,shot,Jason Williams,,,,,,,,,Rashard Lewis,3,,,made,,3pt,35,30
Andrea Bargnani,Chris Bosh,Jarrett Jack,Marco Belinelli,Sonny Weems,Dwight Howard,J.J. Redick,Jason Williams,Mickael Pietrus,Rashard Lewis,2,5:12,TOR,shot,,,,,,,,,,Chris Bosh,,,,missed,,jump,15,22
Andrea Bargnani,Chris Bosh,Jarrett Jack,Marco Belinelli,Sonny Weems,Dwight Howard,J.J. Redick,Jason Williams,Mickael Pietrus,Rashard Lewis,2,5:11,ORL,rebound,,,,,,,,,,Mickael Pietrus,,,,,,def,,
Andrea Bargnani,Chris Bosh,Jarrett Jack,Marco Belinelli,Sonny Weems,Dwight Howard,J.J. Redick,Jason Williams,Mickael Pietrus,Rashard Lewis,2,5:04,ORL,shot,Jason Williams,,,,,,,,,Dwight Howard,2,,,made,,layup,25,6
Andrea Bargnani,Chris Bosh,Jarrett Jack,Marco Belinelli,Sonny Weems,Dwight Howard,J.J. Redick,Jason Williams,Mickael Pietrus,Rashard Lewis,2,4:44,TOR,shot,,,,,,,,,,Chris Bosh,,,,missed,,reverse layup,25,6
Andrea Bargnani,Chris Bosh,Jarrett Jack,Marco Belinelli,Sonny Weems,Dwight Howard,J.J. Redick,Jason Williams,Mickael Pietrus,Rashard Lewis,2,4:43,ORL,rebound,,,,,,,,,,Dwight Howard,,,,,,def,,
Andrea Bargnani,Chris Bosh,Jarrett Jack,Marco Belinelli,Sonny Weems,Dwight Howard,J.J. Redick,Jason Williams,Mickael Pietrus,Rashard Lewis,2,4:36,ORL,shot,,,,,,,,,,Rashard Lewis,,,,missed,,3pt,36,28
Andrea Bargnani,Chris Bosh,Jarrett Jack,Marco Belinelli,Sonny Weems,Dwight Howard,J.J. Redick,Jason Williams,Mickael Pietrus,Rashard Lewis,2,4:35,TOR,rebound,,,,,,,,,,Andrea Bargnani,,,,,,def,,
Andrea Bargnani,Chris Bosh,Jarrett Jack,Marco Belinelli,Sonny Weems,Dwight Howard,J.J. Redick,Jason Williams,Mickael Pietrus,Rashard Lewis,2,4:25,TOR,shot,Andrea Bargnani,,,,,,,,,Marco Belinelli,2,,,made,,driving layup,25,6
Andrea Bargnani,Chris Bosh,Jarrett Jack,Marco Belinelli,Sonny Weems,Dwight Howard,J.J. Redick,Jason Williams,Mickael Pietrus,Rashard Lewis,2,4:11,TOR,foul,,,,,,,,J.J. Redick,,Sonny Weems,,,,,,personal,,
Andrea Bargnani,Chris Bosh,Jarrett Jack,Marco Belinelli,Sonny Weems,Dwight Howard,J.J. Redick,Jameer Nelson,Mickael Pietrus,Rashard Lewis,2,4:11,ORL,sub,,,,Jameer Nelson,,Jason Williams,,,,,,,,,,,,
Andrea Bargnani,Chris Bosh,Jarrett Jack,Marco Belinelli,Sonny Weems,Dwight Howard,J.J. Redick,Jameer Nelson,Rashard Lewis,Vince Carter,2,4:11,ORL,sub,,,,Vince Carter,,Mickael Pietrus,,,,,,,,,,,,
Andrea Bargnani,Chris Bosh,Jarrett Jack,Marco Belinelli,Sonny Weems,Dwight Howard,J.J. Redick,Jameer Nelson,Rashard Lewis,Vince Carter,2,4:08,ORL,foul,,,,,,,,Andrea Bargnani,,Dwight Howard,,,,,,offensive,,
Andrea Bargnani,Chris Bosh,Jarrett Jack,Marco Belinelli,Sonny Weems,Dwight Howard,J.J. Redick,Jameer Nelson,Rashard Lewis,Vince Carter,2,4:08,ORL,turnover,,,,,,,,,,Dwight Howard,,,foul,,,,,
Andrea Bargnani,Chris Bosh,Hedo Turkoglu,Jarrett Jack,Marco Belinelli,Dwight Howard,J.J. Redick,Jameer Nelson,Rashard Lewis,Vince Carter,2,4:08,TOR,sub,,,,Hedo Turkoglu,,Sonny Weems,,,,,,,,,,,,
Andrea Bargnani,Chris Bosh,Hedo Turkoglu,Jarrett Jack,Marco Belinelli,Dwight Howard,J.J. Redick,Jameer Nelson,Rashard Lewis,Vince Carter,2,3:55,TOR,shot,,,,,,,,,,Andrea Bargnani,,,,missed,,3pt,36,30
Andrea Bargnani,Chris Bosh,Hedo Turkoglu,Jarrett Jack,Marco Belinelli,Dwight Howard,J.J. Redick,Jameer Nelson,Rashard Lewis,Vince Carter,2,3:53,ORL,rebound,,,,,,,,,,Dwight Howard,,,,,,def,,
Andrea Bargnani,Chris Bosh,Hedo Turkoglu,Jarrett Jack,Marco Belinelli,Dwight Howard,J.J. Redick,Jameer Nelson,Rashard Lewis,Vince Carter,2,3:37,ORL,shot,,,Andrea Bargnani,,,,,,,Dwight Howard,,,,missed,,layup,25,6
Andrea Bargnani,Chris Bosh,Hedo Turkoglu,Jarrett Jack,Marco Belinelli,Dwight Howard,J.J. Redick,Jameer Nelson,Rashard Lewis,Vince Carter,2,3:34,TOR,rebound,,,,,,,,,,Marco Belinelli,,,,,,def,,
Andrea Bargnani,Chris Bosh,Hedo Turkoglu,Jarrett Jack,Marco Belinelli,Dwight Howard,J.J. Redick,Jameer Nelson,Rashard Lewis,Vince Carter,2,3:28,TOR,shot,,,,,,,,,,Hedo Turkoglu,,,,missed,,3pt,18,31
Andrea Bargnani,Chris Bosh,Hedo Turkoglu,Jarrett Jack,Marco Belinelli,Dwight Howard,J.J. Redick,Jameer Nelson,Rashard Lewis,Vince Carter,2,3:28,TOR,rebound,,,,,,,,,,,,,,,,,,
Andrea Bargnani,Chris Bosh,Hedo Turkoglu,Jarrett Jack,Marco Belinelli,Dwight Howard,J.J. Redick,Jameer Nelson,Rashard Lewis,Vince Carter,2,3:28,ORL,foul,,,,,,,,Chris Bosh,,Jameer Nelson,,,,,,loose ball,,
Andrea Bargnani,Chris Bosh,Hedo Turkoglu,Jarrett Jack,Marco Belinelli,Dwight Howard,J.J. Redick,Jameer Nelson,Rashard Lewis,Vince Carter,2,3:15,TOR,turnover,,,,,,,,,,Hedo Turkoglu,,,bad pass,,,,,
Andrea Bargnani,Chris Bosh,Hedo Turkoglu,Jarrett Jack,Marco Belinelli,Dwight Howard,J.J. Redick,Jameer Nelson,Rashard Lewis,Vince Carter,2,2:59,ORL,turnover,,,,,,,,,,Dwight Howard,,,traveling,,,,,
Andrea Bargnani,Chris Bosh,Hedo Turkoglu,Jarrett Jack,Marco Belinelli,Dwight Howard,J.J. Redick,Jameer Nelson,Rashard Lewis,Vince Carter,2,2:59,TOR,timeout,,,,,,,,,,,,,,,,regular,,
Andrea Bargnani,Hedo Turkoglu,Jarrett Jack,Jose Calderon,Marco Belinelli,Dwight Howard,J.J. Redick,Jameer Nelson,Rashard Lewis,Vince Carter,2,2:59,TOR,sub,,,,Jose Calderon,,Chris Bosh,,,,,,,,,,,,
Andrea Bargnani,Hedo Turkoglu,Jarrett Jack,Jose Calderon,Marco Belinelli,Dwight Howard,J.J. Redick,Jameer Nelson,Rashard Lewis,Vince Carter,2,2:41,TOR,shot,,,,,,,,,,Hedo Turkoglu,,,,missed,,jump,44,9
Andrea Bargnani,Hedo Turkoglu,Jarrett Jack,Jose Calderon,Marco Belinelli,Dwight Howard,J.J. Redick,Jameer Nelson,Rashard Lewis,Vince Carter,2,2:40,ORL,rebound,,,,,,,,,,Dwight Howard,,,,,,def,,
Andrea Bargnani,Hedo Turkoglu,Jarrett Jack,Jose Calderon,Marco Belinelli,Dwight Howard,J.J. Redick,Jameer Nelson,Rashard Lewis,Vince Carter,2,2:37,ORL,turnover,,,,,,,,,,Dwight Howard,,,lost ball,,Jarrett Jack,,,
Andrea Bargnani,Hedo Turkoglu,Jarrett Jack,Jose Calderon,Marco Belinelli,Dwight Howard,J.J. Redick,Jameer Nelson,Rashard Lewis,Vince Carter,2,2:31,TOR,shot,Jarrett Jack,,,,,,,,,Andrea Bargnani,2,,,made,,jump,23,21
Andrea Bargnani,Hedo Turkoglu,Jarrett Jack,Jose Calderon,Marco Belinelli,Dwight Howard,J.J. Redick,Jameer Nelson,Rashard Lewis,Vince Carter,2,2:20,TOR,foul,,,,,,,,Vince Carter,,Marco Belinelli,,,,,,personal,,
Andrea Bargnani,Hedo Turkoglu,Jarrett Jack,Jose Calderon,Marco Belinelli,Dwight Howard,J.J. Redick,Jameer Nelson,Rashard Lewis,Vince Carter,2,2:18,TOR,foul,,,,,,,,J.J. Redick,,Jarrett Jack,,,,,,shooting,,
Andrea Bargnani,Hedo Turkoglu,Jarrett Jack,Jose Calderon,Marco Belinelli,Dwight Howard,J.J. Redick,Jameer Nelson,Rashard Lewis,Vince Carter,2,2:18,ORL,free throw,,,,,,,1,,2,J.J. Redick,,,foul,made,,,,
Andrea Bargnani,Hedo Turkoglu,Jarrett Jack,Jose Calderon,Marco Belinelli,Dwight Howard,J.J. Redick,Jameer Nelson,Rashard Lewis,Vince Carter,2,2:18,ORL,free throw,,,,,,,2,,2,J.J. Redick,,,foul,made,,,,
Andrea Bargnani,Hedo Turkoglu,Jarrett Jack,Jose Calderon,Marco Belinelli,Dwight Howard,J.J. Redick,Jameer Nelson,Rashard Lewis,Vince Carter,2,2:07,TOR,shot,Jarrett Jack,,,,,,,,,Jose Calderon,2,,,made,,jump,7,13
Andrea Bargnani,Hedo Turkoglu,Jarrett Jack,Jose Calderon,Marco Belinelli,Dwight Howard,J.J. Redick,Jameer Nelson,Rashard Lewis,Vince Carter,2,1:55,ORL,shot,,,,,,,,,,J.J. Redick,,,,missed,,3pt,3,20
Andrea Bargnani,Hedo Turkoglu,Jarrett Jack,Jose Calderon,Marco Belinelli,Dwight Howard,J.J. Redick,Jameer Nelson,Rashard Lewis,Vince Carter,2,1:54,TOR,rebound,,,,,,,,,,Jose Calderon,,,,,,def,,
Andrea Bargnani,Hedo Turkoglu,Jarrett Jack,Jose Calderon,Marco Belinelli,Dwight Howard,J.J. Redick,Jameer Nelson,Rashard Lewis,Vince Carter,2,1:50,ORL,foul,,,,,,,,Jarrett Jack,,Rashard Lewis,,,,,,shooting,,
Andrea Bargnani,Hedo Turkoglu,Jarrett Jack,Jose Calderon,Marco Belinelli,Dwight Howard,J.J. Redick,Jameer Nelson,Rashard Lewis,Vince Carter,2,1:50,TOR,free throw,,,,,,,1,,2,Jarrett Jack,,,foul,made,,,,
Andrea Bargnani,Hedo Turkoglu,Jarrett Jack,Jose Calderon,Marco Belinelli,Dwight Howard,J.J. Redick,Jameer Nelson,Matt Barnes,Vince Carter,2,1:50,ORL,sub,,,,Matt Barnes,,Rashard Lewis,,,,,,,,,,,,
Andrea Bargnani,Hedo Turkoglu,Jarrett Jack,Jose Calderon,Marco Belinelli,Dwight Howard,J.J. Redick,Jameer Nelson,Matt Barnes,Vince Carter,2,1:50,TOR,free throw,,,,,,,2,,2,Jarrett Jack,,,foul,made,,,,
Andrea Bargnani,Hedo Turkoglu,Jarrett Jack,Jose Calderon,Marco Belinelli,Dwight Howard,J.J. Redick,Jameer Nelson,Matt Barnes,Vince Carter,2,1:37,ORL,shot,,,,,,,,,,Vince Carter,,,,missed,,turnaround fade away,34,10
Andrea Bargnani,Hedo Turkoglu,Jarrett Jack,Jose Calderon,Marco Belinelli,Dwight Howard,J.J. Redick,Jameer Nelson,Matt Barnes,Vince Carter,2,1:36,TOR,rebound,,,,,,,,,,Andrea Bargnani,,,,,,def,,
Andrea Bargnani,Hedo Turkoglu,Jarrett Jack,Jose Calderon,Marco Belinelli,Dwight Howard,J.J. Redick,Jameer Nelson,Matt Barnes,Vince Carter,2,1:20,TOR,shot,,,,,,,,,,Jarrett Jack,3,,,made,,3pt,48,10
Andrea Bargnani,Hedo Turkoglu,Jarrett Jack,Jose Calderon,Marco Belinelli,Dwight Howard,J.J. Redick,Jameer Nelson,Matt Barnes,Vince Carter,2,1:06,TOR,foul,,,,,,,,,,Jarrett Jack,,,,,,defense 3 second,,
Andrea Bargnani,Hedo Turkoglu,Jarrett Jack,Jose Calderon,Marco Belinelli,Dwight Howard,J.J. Redick,Jameer Nelson,Matt Barnes,Vince Carter,2,1:06,ORL,free throw,,,,,,,1,,1,Vince Carter,,,technical,made,,,,
Andrea Bargnani,Hedo Turkoglu,Jarrett Jack,Jose Calderon,Marco Belinelli,Dwight Howard,J.J. Redick,Jameer Nelson,Matt Barnes,Vince Carter,2,0:50,ORL,shot,,,,,,,,,,Jameer Nelson,,,,missed,,3pt,12,33
Andrea Bargnani,Hedo Turkoglu,Jarrett Jack,Jose Calderon,Marco Belinelli,Dwight Howard,J.J. Redick,Jameer Nelson,Matt Barnes,Vince Carter,2,0:49,TOR,rebound,,,,,,,,,,Andrea Bargnani,,,,,,def,,
Andrea Bargnani,Hedo Turkoglu,Jarrett Jack,Jose Calderon,Marco Belinelli,Dwight Howard,J.J. Redick,Jameer Nelson,Matt Barnes,Vince Carter,2,0:35,TOR,shot,Jose Calderon,,,,,,,,,Andrea Bargnani,2,,,made,,jump,32,23
Andrea Bargnani,Hedo Turkoglu,Jarrett Jack,Jose Calderon,Marco Belinelli,Dwight Howard,J.J. Redick,Jameer Nelson,Matt Barnes,Vince Carter,2,0:26,TOR,foul,,,,,,,,J.J. Redick,,Jose Calderon,,,,,,personal,,
Andrea Bargnani,Hedo Turkoglu,Jarrett Jack,Jose Calderon,Marco Belinelli,Dwight Howard,J.J. Redick,Jameer Nelson,Matt Barnes,Vince Carter,2,0:26,ORL,free throw,,,,,,,1,,2,J.J. Redick,,,foul,made,,,,
Andrea Bargnani,Hedo Turkoglu,Jarrett Jack,Jose Calderon,Marco Belinelli,Dwight Howard,J.J. Redick,Jameer Nelson,Matt Barnes,Vince Carter,2,0:26,ORL,free throw,,,,,,,2,,2,J.J. Redick,,,foul,made,,,,
Andrea Bargnani,Hedo Turkoglu,Jarrett Jack,Jose Calderon,Marco Belinelli,Dwight Howard,J.J. Redick,Jameer Nelson,Matt Barnes,Vince Carter,2,0:08,ORL,foul,,,,,,,,Andrea Bargnani,,Vince Carter,,,,,,personal,,
Andrea Bargnani,Hedo Turkoglu,Jarrett Jack,Jose Calderon,Marco Belinelli,Dwight Howard,J.J. Redick,Jameer Nelson,Matt Barnes,Vince Carter,2,0:08,TOR,free throw,,,,,,,1,,2,Andrea Bargnani,,,foul,made,,,,
Andrea Bargnani,DeMar DeRozan,Jarrett Jack,Jose Calderon,Marco Belinelli,Dwight Howard,J.J. Redick,Jameer Nelson,Matt Barnes,Vince Carter,2,0:08,TOR,sub,,,,DeMar DeRozan,,Hedo Turkoglu,,,,,,,,,,,,
Andrea Bargnani,DeMar DeRozan,Jose Calderon,Marco Belinelli,Sonny Weems,Dwight Howard,J.J. Redick,Jameer Nelson,Matt Barnes,Vince Carter,2,0:08,TOR,sub,,,,Sonny Weems,,Jarrett Jack,,,,,,,,,,,,
Andrea Bargnani,DeMar DeRozan,Jose Calderon,Marco Belinelli,Sonny Weems,Dwight Howard,J.J. Redick,Jameer Nelson,Matt Barnes,Vince Carter,2,0:08,TOR,free throw,,,,,,,2,,2,Andrea Bargnani,,,foul,made,,,,
Andrea Bargnani,DeMar DeRozan,Jose Calderon,Marco Belinelli,Sonny Weems,Dwight Howard,J.J. Redick,Jameer Nelson,Matt Barnes,Vince Carter,2,0:00,ORL,shot,,,,,,,,,,Jameer Nelson,2,,,made,,driving layup,25,6
Andrea Bargnani,Chris Bosh,DeMar DeRozan,Hedo Turkoglu,Jarrett Jack,Dwight Howard,Jameer Nelson,Matt Barnes,Rashard Lewis,Vince Carter,3,11:51,ORL,foul,,,,,,,,DeMar DeRozan,,Dwight Howard,,,,,,personal,,
Andrea Bargnani,Chris Bosh,DeMar DeRozan,Hedo Turkoglu,Jarrett Jack,Dwight Howard,Jameer Nelson,Matt Barnes,Rashard Lewis,Vince Carter,3,11:34,TOR,shot,,,,,,,,,,Hedo Turkoglu,3,,,made,,3pt,36,30
Andrea Bargnani,Chris Bosh,DeMar DeRozan,Hedo Turkoglu,Jarrett Jack,Dwight Howard,Jameer Nelson,Matt Barnes,Rashard Lewis,Vince Carter,3,11:15,TOR,foul,,,,,,,,Vince Carter,,Hedo Turkoglu,,,,,,personal,,
Andrea Bargnani,Chris Bosh,DeMar DeRozan,Hedo Turkoglu,Jarrett Jack,Dwight Howard,Jameer Nelson,Matt Barnes,Rashard Lewis,Vince Carter,3,11:08,ORL,shot,Jameer Nelson,,,,,,,,,Dwight Howard,2,,,made,,dunk,25,6
Andrea Bargnani,Chris Bosh,DeMar DeRozan,Hedo Turkoglu,Jarrett Jack,Dwight Howard,Jameer Nelson,Matt Barnes,Rashard Lewis,Vince Carter,3,10:40,TOR,shot,,,,,,,,,,Jarrett Jack,,,,missed,,jump,12,8
Andrea Bargnani,Chris Bosh,DeMar DeRozan,Hedo Turkoglu,Jarrett Jack,Dwight Howard,Jameer Nelson,Matt Barnes,Rashard Lewis,Vince Carter,3,10:40,TOR,rebound,,,,,,,,,,,,,,,,,,
Andrea Bargnani,Chris Bosh,DeMar DeRozan,Hedo Turkoglu,Jarrett Jack,Dwight Howard,Jameer Nelson,Matt Barnes,Rashard Lewis,Vince Carter,3,10:40,TOR,turnover,,,,,,,,,,,,,shot clock turnover,,,,,
Andrea Bargnani,Chris Bosh,DeMar DeRozan,Hedo Turkoglu,Jarrett Jack,Dwight Howard,Jameer Nelson,Matt Barnes,Rashard Lewis,Vince Carter,3,10:24,ORL,shot,,,,,,,,,,Jameer Nelson,,,,missed,,fade away jumper,23,22
Andrea Bargnani,Chris Bosh,DeMar DeRozan,Hedo Turkoglu,Jarrett Jack,Dwight Howard,Jameer Nelson,Matt Barnes,Rashard Lewis,Vince Carter,3,10:22,TOR,rebound,,,,,,,,,,Hedo Turkoglu,,,,,,def,,
Andrea Bargnani,Chris Bosh,DeMar DeRozan,Hedo Turkoglu,Jarrett Jack,Dwight Howard,Jameer Nelson,Matt Barnes,Rashard Lewis,Vince Carter,3,10:13,TOR,shot,,,,,,,,,,Andrea Bargnani,,,,missed,,jump,15,24
Andrea Bargnani,Chris Bosh,DeMar DeRozan,Hedo Turkoglu,Jarrett Jack,Dwight Howard,Jameer Nelson,Matt Barnes,Rashard Lewis,Vince Carter,3,10:12,TOR,rebound,,,,,,,,,,Andrea Bargnani,,,,,,off,,
Andrea Bargnani,Chris Bosh,DeMar DeRozan,Hedo Turkoglu,Jarrett Jack,Dwight Howard,Jameer Nelson,Matt Barnes,Rashard Lewis,Vince Carter,3,9:58,TOR,shot,Jarrett Jack,,,,,,,,,DeMar DeRozan,2,,,made,,jump,42,10
Andrea Bargnani,Chris Bosh,DeMar DeRozan,Hedo Turkoglu,Jarrett Jack,Dwight Howard,Jameer Nelson,Matt Barnes,Rashard Lewis,Vince Carter,3,9:38,TOR,foul,,,,,,,,Dwight Howard,,DeMar DeRozan,,,,,,shooting,,
Andrea Bargnani,Chris Bosh,DeMar DeRozan,Hedo Turkoglu,Jarrett Jack,Dwight Howard,Jameer Nelson,Matt Barnes,Rashard Lewis,Vince Carter,3,9:38,ORL,free throw,,,,,,,1,,2,Dwight Howard,,,foul,made,,,,
Andrea Bargnani,Chris Bosh,DeMar DeRozan,Hedo Turkoglu,Jarrett Jack,Dwight Howard,Jameer Nelson,Matt Barnes,Rashard Lewis,Vince Carter,3,9:38,ORL,free throw,,,,,,,2,,2,Dwight Howard,,,foul,made,,,,
Andrea Bargnani,Chris Bosh,DeMar DeRozan,Hedo Turkoglu,Jarrett Jack,Dwight Howard,Jameer Nelson,Matt Barnes,Rashard Lewis,Vince Carter,3,9:24,TOR,turnover,,,,,,,,,,Chris Bosh,,,lost ball,,Vince Carter,,,
Andrea Bargnani,Chris Bosh,DeMar DeRozan,Hedo Turkoglu,Jarrett Jack,Dwight Howard,Jameer Nelson,Matt Barnes,Rashard Lewis,Vince Carter,3,9:19,ORL,shot,Vince Carter,,,,,,,,,Matt Barnes,2,,,made,,layup,25,6
Andrea Bargnani,Chris Bosh,DeMar DeRozan,Hedo Turkoglu,Jarrett Jack,Dwight Howard,Jameer Nelson,Matt Barnes,Rashard Lewis,Vince Carter,3,9:05,ORL,foul,,,,,,,,Chris Bosh,,Matt Barnes,,,,,,shooting,,
Andrea Bargnani,Chris Bosh,DeMar DeRozan,Hedo Turkoglu,Jarrett Jack,Dwight Howard,Jameer Nelson,Matt Barnes,Rashard Lewis,Vince Carter,3,9:05,TOR,free throw,,,,,,,1,,2,Chris Bosh,,,foul,made,,,,
Andrea Bargnani,Chris Bosh,DeMar DeRozan,Hedo Turkoglu,Jarrett Jack,Dwight Howard,Jameer Nelson,Matt Barnes,Rashard Lewis,Vince Carter,3,9:05,TOR,free throw,,,,,,,2,,2,Chris Bosh,,,foul,made,,,,
Andrea Bargnani,Chris Bosh,DeMar DeRozan,Hedo Turkoglu,Jarrett Jack,Dwight Howard,Jameer Nelson,Matt Barnes,Rashard Lewis,Vince Carter,3,8:51,TOR,foul,,,,,,,,Dwight Howard,,Andrea Bargnani,,,,,,personal,,
Andrea Bargnani,Chris Bosh,DeMar DeRozan,Hedo Turkoglu,Jarrett Jack,Dwight Howard,Jameer Nelson,Matt Barnes,Rashard Lewis,Vince Carter,3,8:51,TOR,violation,,,,,,,,,,Hedo Turkoglu,,,,,,kicked ball,,
Andrea Bargnani,Chris Bosh,DeMar DeRozan,Hedo Turkoglu,Jarrett Jack,Dwight Howard,Jameer Nelson,Matt Barnes,Rashard Lewis,Vince Carter,3,8:42,ORL,shot,,,,,,,,,,Vince Carter,,,,missed,,3pt,45,22
Andrea Bargnani,Chris Bosh,DeMar DeRozan,Hedo Turkoglu,Jarrett Jack,Dwight Howard,Jameer Nelson,Matt Barnes,Rashard Lewis,Vince Carter,3,8:40,TOR,rebound,,,,,,,,,,Chris Bosh,,,,,,def,,
Andrea Bargnani,Chris Bosh,DeMar DeRozan,Hedo Turkoglu,Jarrett Jack,Dwight Howard,Jameer Nelson,Matt Barnes,Rashard Lewis,Vince Carter,3,8:35,TOR,shot,Jarrett Jack,,,,,,,,,Hedo Turkoglu,2,,,made,,layup,25,6
Andrea Bargnani,Chris Bosh,DeMar DeRozan,Hedo Turkoglu,Jarrett Jack,Dwight Howard,Jameer Nelson,Matt Barnes,Rashard Lewis,Vince Carter,3,8:16,ORL,shot,,,,,,,,,,Vince Carter,,,,missed,,jump,33,12
Andrea Bargnani,Chris Bosh,DeMar DeRozan,Hedo Turkoglu,Jarrett Jack,Dwight Howard,Jameer Nelson,Matt Barnes,Rashard Lewis,Vince Carter,3,8:15,TOR,rebound,,,,,,,,,,Jarrett Jack,,,,,,def,,
Andrea Bargnani,Chris Bosh,DeMar DeRozan,Hedo Turkoglu,Jarrett Jack,Dwight Howard,Jameer Nelson,Matt Barnes,Rashard Lewis,Vince Carter,3,8:02,TOR,shot,Hedo Turkoglu,,,,,,,,,DeMar DeRozan,2,,,made,,jump,8,11
Andrea Bargnani,Chris Bosh,DeMar DeRozan,Hedo Turkoglu,Jarrett Jack,Dwight Howard,Jameer Nelson,Matt Barnes,Rashard Lewis,Vince Carter,3,8:02,ORL,timeout,,,,,,,,,,,,,,,,regular,,
Andrea Bargnani,Chris Bosh,DeMar DeRozan,Hedo Turkoglu,Jarrett Jack,Dwight Howard,Jameer Nelson,Matt Barnes,Rashard Lewis,Vince Carter,3,7:51,ORL,shot,,,,,,,,,,Rashard Lewis,,,,missed,,3pt,48,9
Andrea Bargnani,Chris Bosh,DeMar DeRozan,Hedo Turkoglu,Jarrett Jack,Dwight Howard,Jameer Nelson,Matt Barnes,Rashard Lewis,Vince Carter,3,7:50,ORL,rebound,,,,,,,,,,Dwight Howard,,,,,,off,,
Andrea Bargnani,Chris Bosh,DeMar DeRozan,Hedo Turkoglu,Jarrett Jack,Dwight Howard,Jameer Nelson,Matt Barnes,Rashard Lewis,Vince Carter,3,7:50,TOR,foul,,,,,,,,Dwight Howard,,Jarrett Jack,,,,,,personal,,
Andrea Bargnani,Chris Bosh,DeMar DeRozan,Hedo Turkoglu,Jarrett Jack,Dwight Howard,Jameer Nelson,Matt Barnes,Rashard Lewis,Vince Carter,3,7:43,ORL,turnover,,,,,,,,,,Rashard Lewis,,,bad pass,,,,,
Andrea Bargnani,Chris Bosh,DeMar DeRozan,Hedo Turkoglu,Jarrett Jack,Dwight Howard,Jameer Nelson,Matt Barnes,Rashard Lewis,Vince Carter,3,7:28,TOR,turnover,,,,,,,,,,Chris Bosh,,,bad pass,,Rashard Lewis,,,
Andrea Bargnani,Chris Bosh,DeMar DeRozan,Hedo Turkoglu,Jarrett Jack,Dwight Howard,Jameer Nelson,Matt Barnes,Rashard Lewis,Vince Carter,3,7:26,TOR,foul,,,,,,,,Matt Barnes,,Hedo Turkoglu,,,,,,personal,,
Andrea Bargnani,Chris Bosh,DeMar DeRozan,Hedo Turkoglu,Jarrett Jack,Dwight Howard,Jameer Nelson,Matt Barnes,Rashard Lewis,Vince Carter,3,7:26,ORL,free throw,,,,,,,1,,2,Matt Barnes,,,foul,made,,,,
Andrea Bargnani,Chris Bosh,DeMar DeRozan,Hedo Turkoglu,Jarrett Jack,Dwight Howard,Jameer Nelson,Matt Barnes,Rashard Lewis,Vince Carter,3,7:26,ORL,free throw,,,,,,,2,,2,Matt Barnes,,,foul,made,,,,
Andrea Bargnani,Chris Bosh,DeMar DeRozan,Hedo Turkoglu,Jarrett Jack,Dwight Howard,Jameer Nelson,Matt Barnes,Rashard Lewis,Vince Carter,3,7:07,TOR,shot,,,,,,,,,,Chris Bosh,,,,missed,,layup,25,6
Andrea Bargnani,Chris Bosh,DeMar DeRozan,Hedo Turkoglu,Jarrett Jack,Dwight Howard,Jameer Nelson,Matt Barnes,Rashard Lewis,Vince Carter,3,7:06,TOR,rebound,,,,,,,,,,,,,,,,,,
Andrea Bargnani,Chris Bosh,DeMar DeRozan,Hedo Turkoglu,Jarrett Jack,Dwight Howard,Jameer Nelson,Matt Barnes,Rashard Lewis,Vince Carter,3,7:03,TOR,shot,,,,,,,,,,Chris Bosh,,,,missed,,jump,37,21
Andrea Bargnani,Chris Bosh,DeMar DeRozan,Hedo Turkoglu,Jarrett Jack,Dwight Howard,Jameer Nelson,Matt Barnes,Rashard Lewis,Vince Carter,3,7:02,ORL,rebound,,,,,,,,,,Vince Carter,,,,,,def,,
Andrea Bargnani,Chris Bosh,DeMar DeRozan,Hedo Turkoglu,Jarrett Jack,Dwight Howard,Jameer Nelson,Matt Barnes,Rashard Lewis,Vince Carter,3,6:54,ORL,shot,Jameer Nelson,,,,,,,,,Rashard Lewis,3,,,made,,3pt,48,10
Andrea Bargnani,Chris Bosh,DeMar DeRozan,Hedo Turkoglu,Jarrett Jack,Dwight Howard,Jameer Nelson,Matt Barnes,Rashard Lewis,Vince Carter,3,6:35,TOR,shot,,,,,,,,,,Andrea Bargnani,,,,missed,,jump hook,23,15
Andrea Bargnani,Chris Bosh,DeMar DeRozan,Hedo Turkoglu,Jarrett Jack,Dwight Howard,Jameer Nelson,Matt Barnes,Rashard Lewis,Vince Carter,3,6:33,ORL,rebound,,,,,,,,,,Dwight Howard,,,,,,def,,
Andrea Bargnani,Chris Bosh,DeMar DeRozan,Hedo Turkoglu,Jarrett Jack,Dwight Howard,Jameer Nelson,Matt Barnes,Rashard Lewis,Vince Carter,3,6:24,ORL,shot,,,,,,,,,,Jameer Nelson,,,,missed,,floating jump,27,13
Andrea Bargnani,Chris Bosh,DeMar DeRozan,Hedo Turkoglu,Jarrett Jack,Dwight Howard,Jameer Nelson,Matt Barnes,Rashard Lewis,Vince Carter,3,6:23,ORL,rebound,,,,,,,,,,Jameer Nelson,,,,,,off,,
Andrea Bargnani,Chris Bosh,DeMar DeRozan,Hedo Turkoglu,Jarrett Jack,Dwight Howard,Jameer Nelson,Matt Barnes,Rashard Lewis,Vince Carter,3,6:20,ORL,shot,Jameer Nelson,,,,,,,,,Rashard Lewis,3,,,made,,3pt,49,9
Andrea Bargnani,Chris Bosh,DeMar DeRozan,Hedo Turkoglu,Jarrett Jack,Dwight Howard,Jameer Nelson,Matt Barnes,Rashard Lewis,Vince Carter,3,6:12,TOR,timeout,,,,,,,,,,,,,,,,regular,,
Andrea Bargnani,Antoine Wright,DeMar DeRozan,Hedo Turkoglu,Jarrett Jack,Dwight Howard,Jameer Nelson,Matt Barnes,Rashard Lewis,Vince Carter,3,6:12,TOR,sub,,,,Antoine Wright,,Chris Bosh,,,,,,,,,,,,
Andrea Bargnani,Antoine Wright,DeMar DeRozan,Hedo Turkoglu,Jarrett Jack,Dwight Howard,Jameer Nelson,Matt Barnes,Rashard Lewis,Vince Carter,3,5:51,TOR,shot,Andrea Bargnani,,,,,,,,,Jarrett Jack,3,,,made,,3pt,35,30
Andrea Bargnani,Antoine Wright,DeMar DeRozan,Hedo Turkoglu,Jarrett Jack,Dwight Howard,Jameer Nelson,Matt Barnes,Rashard Lewis,Vince Carter,3,5:40,ORL,foul,,,,,,,,Jarrett Jack,,Dwight Howard,,,,,,offensive,,
Andrea Bargnani,Antoine Wright,DeMar DeRozan,Hedo Turkoglu,Jarrett Jack,Dwight Howard,Jameer Nelson,Matt Barnes,Rashard Lewis,Vince Carter,3,5:40,ORL,turnover,,,,,,,,,,Dwight Howard,,,foul,,,,,
Andrea Bargnani,Antoine Wright,DeMar DeRozan,Hedo Turkoglu,Jarrett Jack,Dwight Howard,Jameer Nelson,Matt Barnes,Rashard Lewis,Vince Carter,3,5:17,TOR,shot,,,,,,,,,,DeMar DeRozan,2,,,made,,jump,17,24
Andrea Bargnani,Antoine Wright,DeMar DeRozan,Hedo Turkoglu,Jarrett Jack,Dwight Howard,Jameer Nelson,Matt Barnes,Rashard Lewis,Vince Carter,3,5:04,ORL,turnover,,,,,,,,,,Rashard Lewis,,,bad pass,,Jarrett Jack,,,
Andrea Bargnani,Antoine Wright,DeMar DeRozan,Hedo Turkoglu,Jarrett Jack,Dwight Howard,Jameer Nelson,Matt Barnes,Rashard Lewis,Vince Carter,3,5:00,TOR,turnover,,,,,,,,,,DeMar DeRozan,,,traveling,,,,,
Andrea Bargnani,Antoine Wright,DeMar DeRozan,Hedo Turkoglu,Jarrett Jack,Dwight Howard,Jameer Nelson,Matt Barnes,Rashard Lewis,Vince Carter,3,4:45,ORL,shot,,,,,,,,,,Dwight Howard,,,,missed,,jump,31,12
Andrea Bargnani,Antoine Wright,DeMar DeRozan,Hedo Turkoglu,Jarrett Jack,Dwight Howard,Jameer Nelson,Matt Barnes,Rashard Lewis,Vince Carter,3,4:44,TOR,rebound,,,,,,,,,,Andrea Bargnani,,,,,,def,,
Andrea Bargnani,Antoine Wright,DeMar DeRozan,Hedo Turkoglu,Jarrett Jack,Dwight Howard,Jameer Nelson,Matt Barnes,Rashard Lewis,Vince Carter,3,4:39,ORL,foul,,,,,,,,Hedo Turkoglu,,Vince Carter,,,,,,shooting,,
Andrea Bargnani,Antoine Wright,DeMar DeRozan,Hedo Turkoglu,Jarrett Jack,Dwight Howard,Jameer Nelson,Matt Barnes,Rashard Lewis,Vince Carter,3,4:39,ORL,foul,,,,,,,,Hedo Turkoglu,,Vince Carter,,,,,,technical,,
Andrea Bargnani,Antoine Wright,DeMar DeRozan,Hedo Turkoglu,Jarrett Jack,Dwight Howard,Jameer Nelson,Matt Barnes,Rashard Lewis,Vince Carter,3,4:39,TOR,free throw,,,,,,,1,,1,Jarrett Jack,,,technical,made,,,,
Andrea Bargnani,Antoine Wright,DeMar DeRozan,Hedo Turkoglu,Jarrett Jack,Dwight Howard,J.J. Redick,Jameer Nelson,Matt Barnes,Rashard Lewis,3,4:39,ORL,sub,,,,J.J. Redick,,Vince Carter,,,,,,,,,,,,
Andrea Bargnani,Antoine Wright,DeMar DeRozan,Hedo Turkoglu,Jarrett Jack,Dwight Howard,J.J. Redick,Jameer Nelson,Matt Barnes,Rashard Lewis,3,4:39,TOR,free throw,,,,,,,1,,2,Hedo Turkoglu,,,foul,missed,,,,
Andrea Bargnani,Antoine Wright,DeMar DeRozan,Hedo Turkoglu,Jarrett Jack,Dwight Howard,J.J. Redick,Jameer Nelson,Matt Barnes,Rashard Lewis,3,4:39,TOR,rebound,,,,,,,,,,,,,,,,,,
Andrea Bargnani,Antoine Wright,DeMar DeRozan,Hedo Turkoglu,Jarrett Jack,Dwight Howard,J.J. Redick,Jameer Nelson,Matt Barnes,Rashard Lewis,3,4:39,TOR,free throw,,,,,,,2,,2,Hedo Turkoglu,,,foul,missed,,,,
Andrea Bargnani,Antoine Wright,DeMar DeRozan,Hedo Turkoglu,Jarrett Jack,Dwight Howard,J.J. Redick,Jameer Nelson,Matt Barnes,Rashard Lewis,3,4:38,ORL,rebound,,,,,,,,,,Matt Barnes,,,,,,def,,
Andrea Bargnani,Antoine Wright,DeMar DeRozan,Hedo Turkoglu,Jarrett Jack,Dwight Howard,J.J. Redick,Jameer Nelson,Matt Barnes,Rashard Lewis,3,4:21,ORL,shot,,,,,,,,,,J.J. Redick,,,,missed,,3pt,44,25
Andrea Bargnani,Antoine Wright,DeMar DeRozan,Hedo Turkoglu,Jarrett Jack,Dwight Howard,J.J. Redick,Jameer Nelson,Matt Barnes,Rashard Lewis,3,4:20,TOR,rebound,,,,,,,,,,DeMar DeRozan,,,,,,def,,
Andrea Bargnani,Antoine Wright,DeMar DeRozan,Hedo Turkoglu,Jarrett Jack,Dwight Howard,J.J. Redick,Jameer Nelson,Matt Barnes,Rashard Lewis,3,4:02,TOR,shot,,,,,,,,,,Antoine Wright,,,,missed,,3pt,5,21
Andrea Bargnani,Antoine Wright,DeMar DeRozan,Hedo Turkoglu,Jarrett Jack,Dwight Howard,J.J. Redick,Jameer Nelson,Matt Barnes,Rashard Lewis,3,4:00,ORL,rebound,,,,,,,,,,Rashard Lewis,,,,,,def,,
Andrea Bargnani,Antoine Wright,DeMar DeRozan,Hedo Turkoglu,Jarrett Jack,Dwight Howard,J.J. Redick,Jameer Nelson,Matt Barnes,Rashard Lewis,3,3:53,TOR,foul,,,,,,,,Dwight Howard,,Andrea Bargnani,,,,,,personal,,
Andrea Bargnani,Antoine Wright,DeMar DeRozan,Hedo Turkoglu,Jarrett Jack,Dwight Howard,J.J. Redick,Jameer Nelson,Matt Barnes,Rashard Lewis,3,3:53,ORL,free throw,,,,,,,1,,2,Dwight Howard,,,foul,missed,,,,
Andrea Bargnani,Antoine Wright,DeMar DeRozan,Hedo Turkoglu,Jarrett Jack,Dwight Howard,J.J. Redick,Jameer Nelson,Matt Barnes,Rashard Lewis,3,3:53,ORL,rebound,,,,,,,,,,,,,,,,,,
Antoine Wright,Chris Bosh,DeMar DeRozan,Hedo Turkoglu,Jarrett Jack,Dwight Howard,J.J. Redick,Jameer Nelson,Matt Barnes,Rashard Lewis,3,3:53,TOR,sub,,,,Chris Bosh,,Andrea Bargnani,,,,,,,,,,,,
Antoine Wright,Chris Bosh,DeMar DeRozan,Hedo Turkoglu,Jarrett Jack,Dwight Howard,J.J. Redick,Jameer Nelson,Matt Barnes,Rashard Lewis,3,3:53,ORL,free throw,,,,,,,2,,2,Dwight Howard,,,foul,made,,,,
Antoine Wright,Chris Bosh,DeMar DeRozan,Hedo Turkoglu,Jarrett Jack,Dwight Howard,J.J. Redick,Jameer Nelson,Matt Barnes,Rashard Lewis,3,3:31,TOR,shot,,,,,,,,,,DeMar DeRozan,,,,missed,,jump,12,22
Antoine Wright,Chris Bosh,DeMar DeRozan,Hedo Turkoglu,Jarrett Jack,Dwight Howard,J.J. Redick,Jameer Nelson,Matt Barnes,Rashard Lewis,3,3:30,ORL,rebound,,,,,,,,,,Matt Barnes,,,,,,def,,
Antoine Wright,Chris Bosh,DeMar DeRozan,Hedo Turkoglu,Jarrett Jack,Dwight Howard,J.J. Redick,Jameer Nelson,Matt Barnes,Rashard Lewis,3,3:19,ORL,shot,,,,,,,,,,Jameer Nelson,,,,missed,,3pt,13,28
Antoine Wright,Chris Bosh,DeMar DeRozan,Hedo Turkoglu,Jarrett Jack,Dwight Howard,J.J. Redick,Jameer Nelson,Matt Barnes,Rashard Lewis,3,3:17,TOR,rebound,,,,,,,,,,Antoine Wright,,,,,,def,,
Antoine Wright,Chris Bosh,DeMar DeRozan,Hedo Turkoglu,Jarrett Jack,Dwight Howard,J.J. Redick,Jameer Nelson,Matt Barnes,Rashard Lewis,3,3:03,ORL,foul,,,,,,,,Chris Bosh,,Dwight Howard,,,,,,shooting,,
Antoine Wright,Chris Bosh,DeMar DeRozan,Hedo Turkoglu,Jarrett Jack,Dwight Howard,J.J. Redick,Jameer Nelson,Matt Barnes,Rashard Lewis,3,3:03,ORL,foul,,,,,,,,Chris Bosh,,Dwight Howard,,,,,,technical,,
Antoine Wright,Chris Bosh,DeMar DeRozan,Hedo Turkoglu,Jarrett Jack,Dwight Howard,J.J. Redick,Jameer Nelson,Matt Barnes,Rashard Lewis,3,3:03,TOR,free throw,,,,,,,1,,1,Jarrett Jack,,,technical,made,,,,
Antoine Wright,Chris Bosh,DeMar DeRozan,Hedo Turkoglu,Marco Belinelli,Dwight Howard,J.J. Redick,Jameer Nelson,Matt Barnes,Rashard Lewis,3,3:03,TOR,sub,,,,Marco Belinelli,,Jarrett Jack,,,,,,,,,,,,
Antoine Wright,Chris Bosh,Hedo Turkoglu,Jose Calderon,Marco Belinelli,Dwight Howard,J.J. Redick,Jameer Nelson,Matt Barnes,Rashard Lewis,3,3:03,TOR,sub,,,,Jose Calderon,,DeMar DeRozan,,,,,,,,,,,,
Antoine Wright,Chris Bosh,Hedo Turkoglu,Jose Calderon,Marco Belinelli,Dwight Howard,J.J. Redick,Jameer Nelson,Matt Barnes,Rashard Lewis,3,3:03,TOR,free throw,,,,,,,1,,2,Chris Bosh,,,foul,made,,,,
Antoine Wright,Chris Bosh,Jose Calderon,Marco Belinelli,Sonny Weems,Dwight Howard,J.J. Redick,Jameer Nelson,Matt Barnes,Rashard Lewis,3,3:03,TOR,sub,,,,Sonny Weems,,Hedo Turkoglu,,,,,,,,,,,,
Antoine Wright,Chris Bosh,Jose Calderon,Marco Belinelli,Sonny Weems,Dwight Howard,J.J. Redick,Jason Williams,Matt Barnes,Rashard Lewis,3,3:03,ORL,sub,,,,Jason Williams,,Jameer Nelson,,,,,,,,,,,,
Antoine Wright,Chris Bosh,Jose Calderon,Marco Belinelli,Sonny Weems,Dwight Howard,J.J. Redick,Jason Williams,Matt Barnes,Rashard Lewis,3,3:03,TOR,free throw,,,,,,,2,,2,Chris Bosh,,,foul,made,,,,
Antoine Wright,Chris Bosh,Jose Calderon,Marco Belinelli,Sonny Weems,Dwight Howard,J.J. Redick,Jason Williams,Matt Barnes,Rashard Lewis,3,2:54,TOR,foul,,,,,,,,Rashard Lewis,,Antoine Wright,,,,,,personal,,
Antoine Wright,Chris Bosh,Jose Calderon,Marco Belinelli,Sonny Weems,Dwight Howard,J.J. Redick,Jason Williams,Matt Barnes,Rashard Lewis,3,2:54,ORL,free throw,,,,,,,1,,2,Rashard Lewis,,,foul,made,,,,
Antoine Wright,Chris Bosh,Jose Calderon,Marco Belinelli,Sonny Weems,Dwight Howard,J.J. Redick,Jason Williams,Matt Barnes,Rashard Lewis,3,2:54,ORL,free throw,,,,,,,2,,2,Rashard Lewis,,,foul,made,,,,
Antoine Wright,Chris Bosh,Jose Calderon,Marco Belinelli,Sonny Weems,Dwight Howard,J.J. Redick,Jason Williams,Matt Barnes,Rashard Lewis,3,2:30,TOR,shot,Antoine Wright,,,,,,,,,Chris Bosh,2,,,made,,driving dunk,25,6
Antoine Wright,Chris Bosh,Jose Calderon,Marco Belinelli,Sonny Weems,Dwight Howard,J.J. Redick,Jason Williams,Matt Barnes,Rashard Lewis,3,2:10,ORL,shot,,,,,,,,,,J.J. Redick,,,,missed,,3pt,12,28
Antoine Wright,Chris Bosh,Jose Calderon,Marco Belinelli,Sonny Weems,Dwight Howard,J.J. Redick,Jason Williams,Matt Barnes,Rashard Lewis,3,2:09,ORL,rebound,,,,,,,,,,Dwight Howard,,,,,,off,,
Antoine Wright,Chris Bosh,Jose Calderon,Marco Belinelli,Sonny Weems,Dwight Howard,J.J. Redick,Jason Williams,Mickael Pietrus,Rashard Lewis,3,2:09,ORL,sub,,,,Mickael Pietrus,,Matt Barnes,,,,,,,,,,,,
Antoine Wright,Chris Bosh,Jose Calderon,Marco Belinelli,Sonny Weems,Dwight Howard,J.J. Redick,Jason Williams,Mickael Pietrus,Rashard Lewis,3,2:02,ORL,shot,,,,,,,,,,J.J. Redick,,,,missed,,jump,38,20
Antoine Wright,Chris Bosh,Jose Calderon,Marco Belinelli,Sonny Weems,Dwight Howard,J.J. Redick,Jason Williams,Mickael Pietrus,Rashard Lewis,3,2:00,TOR,rebound,,,,,,,,,,Chris Bosh,,,,,,def,,
Antoine Wright,Chris Bosh,Jose Calderon,Marco Belinelli,Sonny Weems,Dwight Howard,J.J. Redick,Jason Williams,Mickael Pietrus,Rashard Lewis,3,1:46,TOR,shot,,,,,,,,,,Marco Belinelli,,,,missed,,3pt,2,11
Antoine Wright,Chris Bosh,Jose Calderon,Marco Belinelli,Sonny Weems,Dwight Howard,J.J. Redick,Jason Williams,Mickael Pietrus,Rashard Lewis,3,1:45,ORL,rebound,,,,,,,,,,Dwight Howard,,,,,,def,,
Antoine Wright,Chris Bosh,Jose Calderon,Marco Belinelli,Sonny Weems,Dwight Howard,J.J. Redick,Jason Williams,Mickael Pietrus,Rashard Lewis,3,1:34,ORL,shot,Jason Williams,,,,,,,,,Dwight Howard,2,,,made,,dunk,25,6
Antoine Wright,Chris Bosh,Jose Calderon,Marco Belinelli,Sonny Weems,Dwight Howard,J.J. Redick,Jason Williams,Mickael Pietrus,Rashard Lewis,3,1:08,TOR,shot,,,,,,,,,,Antoine Wright,2,,,made,,driving layup,25,6
Antoine Wright,Chris Bosh,Jose Calderon,Marco Belinelli,Sonny Weems,Dwight Howard,J.J. Redick,Jason Williams,Mickael Pietrus,Rashard Lewis,3,0:52,ORL,shot,,,,,,,,,,Jason Williams,,,,missed,,3pt,25,31
Antoine Wright,Chris Bosh,Jose Calderon,Marco Belinelli,Sonny Weems,Dwight Howard,J.J. Redick,Jason Williams,Mickael Pietrus,Rashard Lewis,3,0:51,TOR,rebound,,,,,,,,,,Sonny Weems,,,,,,def,,
Antoine Wright,Chris Bosh,Jose Calderon,Marco Belinelli,Sonny Weems,Dwight Howard,J.J. Redick,Jason Williams,Mickael Pietrus,Rashard Lewis,3,0:33,ORL,foul,,,,,,,,Marco Belinelli,,Dwight Howard,,,,,,personal,,
Antoine Wright,Chris Bosh,Jose Calderon,Marco Belinelli,Sonny Weems,Brandon Bass,J.J. Redick,Jason Williams,Mickael Pietrus,Rashard Lewis,3,0:33,ORL,sub,,,,Brandon Bass,,Dwight Howard,,,,,,,,,,,,
Antoine Wright,Chris Bosh,Jose Calderon,Marco Belinelli,Sonny Weems,Brandon Bass,J.J. Redick,Jason Williams,Mickael Pietrus,Rashard Lewis,3,0:33,TOR,free throw,,,,,,,1,,2,Marco Belinelli,,,foul,made,,,,
Antoine Wright,Chris Bosh,Jose Calderon,Marco Belinelli,Sonny Weems,Brandon Bass,J.J. Redick,Jason Williams,Mickael Pietrus,Rashard Lewis,3,0:33,TOR,free throw,,,,,,,2,,2,Marco Belinelli,,,foul,made,,,,
Antoine Wright,Chris Bosh,Jose Calderon,Marco Belinelli,Sonny Weems,Brandon Bass,J.J. Redick,Jason Williams,Mickael Pietrus,Rashard Lewis,3,0:18,ORL,shot,,,,,,,,,,Rashard Lewis,,,,missed,,jump,36,13
Antoine Wright,Chris Bosh,Jose Calderon,Marco Belinelli,Sonny Weems,Brandon Bass,J.J. Redick,Jason Williams,Mickael Pietrus,Rashard Lewis,3,0:13,TOR,rebound,,,,,,,,,,Chris Bosh,,,,,,def,,
Antoine Wright,Chris Bosh,Jose Calderon,Marco Belinelli,Sonny Weems,Brandon Bass,J.J. Redick,Jason Williams,Mickael Pietrus,Rashard Lewis,3,0:01,TOR,shot,Marco Belinelli,,,,,,,,,Sonny Weems,2,,,made,,layup,25,6
Antoine Wright,Chris Bosh,Jose Calderon,Marco Belinelli,Sonny Weems,Brandon Bass,J.J. Redick,Jason Williams,Mickael Pietrus,Rashard Lewis,3,0:00,ORL,shot,,,,,,,,,,Rashard Lewis,,,,missed,,3pt,25,62
Antoine Wright,Chris Bosh,Jose Calderon,Marco Belinelli,Sonny Weems,Brandon Bass,J.J. Redick,Jason Williams,Mickael Pietrus,Rashard Lewis,3,0:00,ORL,rebound,,,,,,,,,,,,,,,,,,
Antoine Wright,Chris Bosh,Jose Calderon,Marco Belinelli,Sonny Weems,Brandon Bass,J.J. Redick,Jason Williams,Mickael Pietrus,Rashard Lewis,4,11:41,TOR,foul,,,,,,,,Brandon Bass,,Chris Bosh,,,,,,shooting,,
Antoine Wright,Chris Bosh,Jose Calderon,Marco Belinelli,Sonny Weems,Brandon Bass,J.J. Redick,Jason Williams,Mickael Pietrus,Rashard Lewis,4,11:41,ORL,free throw,,,,,,,1,,2,Brandon Bass,,,foul,made,,,,
Antoine Wright,Chris Bosh,Jose Calderon,Marco Belinelli,Sonny Weems,Brandon Bass,J.J. Redick,Jason Williams,Mickael Pietrus,Rashard Lewis,4,11:41,ORL,free throw,,,,,,,2,,2,Brandon Bass,,,foul,made,,,,
Antoine Wright,Chris Bosh,Jose Calderon,Marco Belinelli,Sonny Weems,Brandon Bass,J.J. Redick,Jason Williams,Mickael Pietrus,Rashard Lewis,4,11:16,TOR,shot,Antoine Wright,,,,,,,,,Marco Belinelli,2,,,made,,jump,6,10
Antoine Wright,Chris Bosh,Jose Calderon,Marco Belinelli,Sonny Weems,Brandon Bass,J.J. Redick,Jason Williams,Mickael Pietrus,Rashard Lewis,4,11:02,ORL,shot,,,,,,,,,,Rashard Lewis,2,,,made,,jump,29,13
Antoine Wright,Chris Bosh,Jose Calderon,Marco Belinelli,Sonny Weems,Brandon Bass,J.J. Redick,Jason Williams,Mickael Pietrus,Rashard Lewis,4,11:02,TOR,foul,,,,,,,,Rashard Lewis,,Antoine Wright,,,,,,shooting,,
Antoine Wright,Chris Bosh,Jose Calderon,Marco Belinelli,Sonny Weems,Brandon Bass,J.J. Redick,Jason Williams,Mickael Pietrus,Rashard Lewis,4,11:02,ORL,free throw,,,,,,,1,,1,Rashard Lewis,,,foul,made,,,,
Antoine Wright,Chris Bosh,Jose Calderon,Marco Belinelli,Sonny Weems,Brandon Bass,J.J. Redick,Jason Williams,Mickael Pietrus,Rashard Lewis,4,10:50,TOR,shot,,,,,,,,,,Jose Calderon,,,,missed,,3pt,47,18
Antoine Wright,Chris Bosh,Jose Calderon,Marco Belinelli,Sonny Weems,Brandon Bass,J.J. Redick,Jason Williams,Mickael Pietrus,Rashard Lewis,4,10:50,ORL,rebound,,,,,,,,,,,,,,,,,,
Chris Bosh,Hedo Turkoglu,Jose Calderon,Marco Belinelli,Sonny Weems,Brandon Bass,J.J. Redick,Jason Williams,Mickael Pietrus,Rashard Lewis,4,10:50,TOR,sub,,,,Hedo Turkoglu,,Antoine Wright,,,,,,,,,,,,
Chris Bosh,Hedo Turkoglu,Jose Calderon,Marco Belinelli,Sonny Weems,Brandon Bass,J.J. Redick,Jason Williams,Mickael Pietrus,Rashard Lewis,4,10:38,ORL,shot,,,,,,,,,,J.J. Redick,3,,,made,,3pt,30,32
Chris Bosh,Hedo Turkoglu,Jose Calderon,Marco Belinelli,Sonny Weems,Brandon Bass,J.J. Redick,Jason Williams,Mickael Pietrus,Rashard Lewis,4,10:24,TOR,shot,Jose Calderon,,,,,,,,,Chris Bosh,2,,,made,,dunk,25,6
Chris Bosh,Hedo Turkoglu,Jose Calderon,Marco Belinelli,Sonny Weems,Brandon Bass,J.J. Redick,Jason Williams,Mickael Pietrus,Rashard Lewis,4,10:04,TOR,foul,,,,,,,,Rashard Lewis,,Marco Belinelli,,,,,,personal,,
Chris Bosh,Hedo Turkoglu,Jose Calderon,Marco Belinelli,Sonny Weems,Brandon Bass,J.J. Redick,Jason Williams,Mickael Pietrus,Rashard Lewis,4,9:56,ORL,shot,,,,,,,,,,Brandon Bass,2,,,made,,dunk,25,6
Chris Bosh,Hedo Turkoglu,Jose Calderon,Marco Belinelli,Sonny Weems,Brandon Bass,J.J. Redick,Jason Williams,Mickael Pietrus,Rashard Lewis,4,9:39,TOR,shot,,,Brandon Bass,,,,,,,Hedo Turkoglu,,,,missed,,jump,37,17
Chris Bosh,Hedo Turkoglu,Jose Calderon,Marco Belinelli,Sonny Weems,Brandon Bass,J.J. Redick,Jason Williams,Mickael Pietrus,Rashard Lewis,4,9:37,ORL,rebound,,,,,,,,,,Rashard Lewis,,,,,,def,,
Chris Bosh,Hedo Turkoglu,Jose Calderon,Marco Belinelli,Sonny Weems,Brandon Bass,J.J. Redick,Jason Williams,Mickael Pietrus,Rashard Lewis,4,9:28,ORL,shot,,,,,,,,,,J.J. Redick,,,,missed,,jump,34,24
Chris Bosh,Hedo Turkoglu,Jose Calderon,Marco Belinelli,Sonny Weems,Brandon Bass,J.J. Redick,Jason Williams,Mickael Pietrus,Rashard Lewis,4,9:27,ORL,rebound,,,,,,,,,,Brandon Bass,,,,,,off,,
Chris Bosh,Hedo Turkoglu,Jose Calderon,Marco Belinelli,Sonny Weems,Brandon Bass,J.J. Redick,Jason Williams,Mickael Pietrus,Rashard Lewis,4,9:24,ORL,shot,,,,,,,,,,Brandon Bass,2,,,made,,layup,25,6
Chris Bosh,Hedo Turkoglu,Jose Calderon,Marco Belinelli,Sonny Weems,Brandon Bass,J.J. Redick,Jason Williams,Mickael Pietrus,Rashard Lewis,4,9:23,TOR,timeout,,,,,,,,,,,,,,,,regular,,
Andrea Bargnani,Chris Bosh,Hedo Turkoglu,Jose Calderon,Marco Belinelli,Brandon Bass,J.J. Redick,Jason Williams,Mickael Pietrus,Rashard Lewis,4,9:23,TOR,sub,,,,Andrea Bargnani,,Sonny Weems,,,,,,,,,,,,
Andrea Bargnani,Chris Bosh,Hedo Turkoglu,Jose Calderon,Marco Belinelli,Brandon Bass,J.J. Redick,Jason Williams,Mickael Pietrus,Rashard Lewis,4,9:08,TOR,shot,,,,,,,,,,Andrea Bargnani,,,,missed,,jump,26,17
Andrea Bargnani,Chris Bosh,Hedo Turkoglu,Jose Calderon,Marco Belinelli,Brandon Bass,J.J. Redick,Jason Williams,Mickael Pietrus,Rashard Lewis,4,9:07,ORL,rebound,,,,,,,,,,Brandon Bass,,,,,,def,,
Andrea Bargnani,Chris Bosh,Hedo Turkoglu,Jose Calderon,Marco Belinelli,Brandon Bass,J.J. Redick,Jason Williams,Mickael Pietrus,Rashard Lewis,4,9:00,ORL,shot,,,,,,,,,,Mickael Pietrus,,,,missed,,3pt,11,27
Andrea Bargnani,Chris Bosh,Hedo Turkoglu,Jose Calderon,Marco Belinelli,Brandon Bass,J.J. Redick,Jason Williams,Mickael Pietrus,Rashard Lewis,4,8:59,TOR,rebound,,,,,,,,,,Chris Bosh,,,,,,def,,
Andrea Bargnani,Chris Bosh,Hedo Turkoglu,Jose Calderon,Marco Belinelli,Brandon Bass,J.J. Redick,Jason Williams,Mickael Pietrus,Rashard Lewis,4,8:45,TOR,shot,Jose Calderon,,,,,,,,,Andrea Bargnani,3,,,made,,3pt,34,30
Andrea Bargnani,Chris Bosh,Hedo Turkoglu,Jose Calderon,Marco Belinelli,Brandon Bass,J.J. Redick,Jason Williams,Mickael Pietrus,Rashard Lewis,4,8:29,ORL,shot,,,,,,,,,,Mickael Pietrus,,,,missed,,3pt,18,31
Andrea Bargnani,Chris Bosh,Hedo Turkoglu,Jose Calderon,Marco Belinelli,Brandon Bass,J.J. Redick,Jason Williams,Mickael Pietrus,Rashard Lewis,4,8:28,TOR,rebound,,,,,,,,,,Chris Bosh,,,,,,def,,
Andrea Bargnani,Chris Bosh,Hedo Turkoglu,Jose Calderon,Marco Belinelli,Brandon Bass,J.J. Redick,Jason Williams,Mickael Pietrus,Rashard Lewis,4,8:16,TOR,turnover,,,,,,,,,,Andrea Bargnani,,,out of bounds lost ball turnover,,,,,
Andrea Bargnani,Chris Bosh,Hedo Turkoglu,Jose Calderon,Marco Belinelli,Brandon Bass,J.J. Redick,Jason Williams,Mickael Pietrus,Rashard Lewis,4,7:54,ORL,shot,,,,,,,,,,Jason Williams,,,,missed,,3pt,36,30
Andrea Bargnani,Chris Bosh,Hedo Turkoglu,Jose Calderon,Marco Belinelli,Brandon Bass,J.J. Redick,Jason Williams,Mickael Pietrus,Rashard Lewis,4,7:53,TOR,rebound,,,,,,,,,,Marco Belinelli,,,,,,def,,
Andrea Bargnani,Chris Bosh,Hedo Turkoglu,Jose Calderon,Marco Belinelli,Brandon Bass,J.J. Redick,Jason Williams,Mickael Pietrus,Rashard Lewis,4,7:37,TOR,shot,Jose Calderon,,,,,,,,,Andrea Bargnani,3,,,made,,3pt,35,29
Andrea Bargnani,Chris Bosh,Hedo Turkoglu,Jose Calderon,Marco Belinelli,Brandon Bass,J.J. Redick,Jason Williams,Mickael Pietrus,Rashard Lewis,4,7:30,ORL,timeout,,,,,,,,,,,,,,,,regular,,
Andrea Bargnani,Chris Bosh,Hedo Turkoglu,Jarrett Jack,Jose Calderon,Brandon Bass,J.J. Redick,Jason Williams,Mickael Pietrus,Rashard Lewis,4,7:30,TOR,sub,,,,Jarrett Jack,,Marco Belinelli,,,,,,,,,,,,
Andrea Bargnani,Chris Bosh,Hedo Turkoglu,Jarrett Jack,Jose Calderon,Dwight Howard,J.J. Redick,Jason Williams,Mickael Pietrus,Rashard Lewis,4,7:30,ORL,sub,,,,Dwight Howard,,Brandon Bass,,,,,,,,,,,,
Andrea Bargnani,Chris Bosh,Hedo Turkoglu,Jarrett Jack,Jose Calderon,Dwight Howard,J.J. Redick,Jameer Nelson,Mickael Pietrus,Rashard Lewis,4,7:30,ORL,sub,,,,Jameer Nelson,,Jason Williams,,,,,,,,,,,,
Andrea Bargnani,Chris Bosh,Hedo Turkoglu,Jarrett Jack,Jose Calderon,Dwight Howard,J.J. Redick,Jameer Nelson,Mickael Pietrus,Rashard Lewis,4,7:20,TOR,foul,,,,,,,,Dwight Howard,,Hedo Turkoglu,,,,,,shooting,,
Andrea Bargnani,Chris Bosh,Hedo Turkoglu,Jarrett Jack,Jose Calderon,Dwight Howard,J.J. Redick,Jameer Nelson,Mickael Pietrus,Rashard Lewis,4,7:20,ORL,free throw,,,,,,,1,,2,Dwight Howard,,,foul,missed,,,,
Andrea Bargnani,Chris Bosh,Hedo Turkoglu,Jarrett Jack,Jose Calderon,Dwight Howard,J.J. Redick,Jameer Nelson,Mickael Pietrus,Rashard Lewis,4,7:20,ORL,rebound,,,,,,,,,,,,,,,,,,
Andrea Bargnani,Chris Bosh,Hedo Turkoglu,Jarrett Jack,Jose Calderon,Dwight Howard,J.J. Redick,Jameer Nelson,Rashard Lewis,Vince Carter,4,7:20,ORL,sub,,,,Vince Carter,,Mickael Pietrus,,,,,,,,,,,,
Andrea Bargnani,Chris Bosh,Hedo Turkoglu,Jarrett Jack,Jose Calderon,Dwight Howard,J.J. Redick,Jameer Nelson,Rashard Lewis,Vince Carter,4,7:20,ORL,free throw,,,,,,,2,,2,Dwight Howard,,,foul,made,,,,
Andrea Bargnani,Chris Bosh,Hedo Turkoglu,Jarrett Jack,Jose Calderon,Dwight Howard,J.J. Redick,Jameer Nelson,Rashard Lewis,Vince Carter,4,7:05,TOR,shot,,,,,,,,,,Jose Calderon,,,,missed,,jump,40,11
Andrea Bargnani,Chris Bosh,Hedo Turkoglu,Jarrett Jack,Jose Calderon,Dwight Howard,J.J. Redick,Jameer Nelson,Rashard Lewis,Vince Carter,4,7:04,ORL,rebound,,,,,,,,,,J.J. Redick,,,,,,def,,
Andrea Bargnani,Chris Bosh,Hedo Turkoglu,Jarrett Jack,Jose Calderon,Dwight Howard,J.J. Redick,Jameer Nelson,Rashard Lewis,Vince Carter,4,6:55,TOR,foul,,,,,,,,Dwight Howard,,Andrea Bargnani,,,,,,shooting,,
Andrea Bargnani,Chris Bosh,Hedo Turkoglu,Jarrett Jack,Jose Calderon,Dwight Howard,J.J. Redick,Jameer Nelson,Rashard Lewis,Vince Carter,4,6:55,ORL,free throw,,,,,,,1,,2,Dwight Howard,,,foul,made,,,,
Andrea Bargnani,Chris Bosh,Hedo Turkoglu,Jarrett Jack,Jose Calderon,Dwight Howard,J.J. Redick,Jameer Nelson,Rashard Lewis,Vince Carter,4,6:55,ORL,free throw,,,,,,,2,,2,Dwight Howard,,,foul,missed,,,,
Andrea Bargnani,Chris Bosh,Hedo Turkoglu,Jarrett Jack,Jose Calderon,Dwight Howard,J.J. Redick,Jameer Nelson,Rashard Lewis,Vince Carter,4,6:54,TOR,rebound,,,,,,,,,,Chris Bosh,,,,,,def,,
Andrea Bargnani,Chris Bosh,Hedo Turkoglu,Jarrett Jack,Jose Calderon,Dwight Howard,J.J. Redick,Jameer Nelson,Rashard Lewis,Vince Carter,4,6:34,TOR,shot,Chris Bosh,,,,,,,,,Hedo Turkoglu,2,,,made,,dunk,25,6
Andrea Bargnani,Chris Bosh,Hedo Turkoglu,Jarrett Jack,Jose Calderon,Dwight Howard,J.J. Redick,Jameer Nelson,Rashard Lewis,Vince Carter,4,6:12,ORL,shot,Vince Carter,,,,,,,,,Jameer Nelson,3,,,made,,3pt,49,10
Andrea Bargnani,Chris Bosh,Hedo Turkoglu,Jarrett Jack,Jose Calderon,Dwight Howard,J.J. Redick,Jameer Nelson,Rashard Lewis,Vince Carter,4,5:57,TOR,turnover,,,,,,,,,,Jose Calderon,,,out of bounds lost ball turnover,,,,,
Andrea Bargnani,Chris Bosh,Hedo Turkoglu,Jarrett Jack,Jose Calderon,Dwight Howard,J.J. Redick,Jameer Nelson,Rashard Lewis,Vince Carter,4,5:44,ORL,shot,,,,,,,,,,Rashard Lewis,,,,missed,,fade away jumper,34,12
Andrea Bargnani,Chris Bosh,Hedo Turkoglu,Jarrett Jack,Jose Calderon,Dwight Howard,J.J. Redick,Jameer Nelson,Rashard Lewis,Vince Carter,4,5:44,ORL,rebound,,,,,,,,,,,,,,,,,,
Andrea Bargnani,Chris Bosh,Hedo Turkoglu,Jarrett Jack,Jose Calderon,Dwight Howard,J.J. Redick,Jameer Nelson,Rashard Lewis,Vince Carter,4,5:44,TOR,foul,,,,,,,,Dwight Howard,,Andrea Bargnani,,,,,,loose ball,,
Andrea Bargnani,Chris Bosh,Hedo Turkoglu,Jarrett Jack,Jose Calderon,Dwight Howard,J.J. Redick,Jameer Nelson,Rashard Lewis,Vince Carter,4,5:44,ORL,free throw,,,,,,,1,,2,Dwight Howard,,,foul,missed,,,,
Andrea Bargnani,Chris Bosh,Hedo Turkoglu,Jarrett Jack,Jose Calderon,Dwight Howard,J.J. Redick,Jameer Nelson,Rashard Lewis,Vince Carter,4,5:44,ORL,rebound,,,,,,,,,,,,,,,,,,
Amir Johnson,Chris Bosh,Hedo Turkoglu,Jarrett Jack,Jose Calderon,Dwight Howard,J.J. Redick,Jameer Nelson,Rashard Lewis,Vince Carter,4,5:44,TOR,sub,,,,Amir Johnson,,Andrea Bargnani,,,,,,,,,,,,
Amir Johnson,Chris Bosh,Hedo Turkoglu,Jarrett Jack,Jose Calderon,Dwight Howard,J.J. Redick,Jameer Nelson,Rashard Lewis,Vince Carter,4,5:44,ORL,free throw,,,,,,,2,,2,Dwight Howard,,,foul,missed,,,,
Amir Johnson,Chris Bosh,Hedo Turkoglu,Jarrett Jack,Jose Calderon,Dwight Howard,J.J. Redick,Jameer Nelson,Rashard Lewis,Vince Carter,4,5:43,ORL,rebound,,,,,,,,,,Dwight Howard,,,,,,off,,
Amir Johnson,Chris Bosh,Hedo Turkoglu,Jarrett Jack,Jose Calderon,Dwight Howard,J.J. Redick,Jameer Nelson,Rashard Lewis,Vince Carter,4,5:38,ORL,shot,Dwight Howard,,,,,,,,,Rashard Lewis,3,,,made,,3pt,9,25
Amir Johnson,Chris Bosh,Hedo Turkoglu,Jarrett Jack,Jose Calderon,Dwight Howard,J.J. Redick,Jameer Nelson,Rashard Lewis,Vince Carter,4,5:12,TOR,shot,Jarrett Jack,,,,,,,,,Hedo Turkoglu,3,,,made,,3pt,30,31
Amir Johnson,Chris Bosh,Hedo Turkoglu,Jarrett Jack,Jose Calderon,Dwight Howard,J.J. Redick,Jameer Nelson,Rashard Lewis,Vince Carter,4,4:51,ORL,shot,Jameer Nelson,,,,,,,,,J.J. Redick,2,,,made,,layup,25,6
Amir Johnson,Chris Bosh,Hedo Turkoglu,Jarrett Jack,Jose Calderon,Dwight Howard,J.J. Redick,Jameer Nelson,Rashard Lewis,Vince Carter,4,4:32,TOR,turnover,,,,,,,,,,Jarrett Jack,,,bad pass,,Rashard Lewis,,,
Amir Johnson,Chris Bosh,Hedo Turkoglu,Jarrett Jack,Jose Calderon,Dwight Howard,J.J. Redick,Jameer Nelson,Rashard Lewis,Vince Carter,4,4:29,TOR,foul,,,,,,,,J.J. Redick,,Amir Johnson,,,,,,shooting,,
Antoine Wright,Chris Bosh,Hedo Turkoglu,Jarrett Jack,Jose Calderon,Dwight Howard,J.J. Redick,Jameer Nelson,Rashard Lewis,Vince Carter,4,4:29,TOR,sub,,,,Antoine Wright,,Amir Johnson,,,,,,,,,,,,
Antoine Wright,Chris Bosh,Hedo Turkoglu,Jarrett Jack,Jose Calderon,Dwight Howard,J.J. Redick,Jameer Nelson,Rashard Lewis,Vince Carter,4,4:29,ORL,free throw,,,,,,,1,,2,J.J. Redick,,,foul,made,,,,
Antoine Wright,Chris Bosh,Hedo Turkoglu,Jarrett Jack,Jose Calderon,Dwight Howard,J.J. Redick,Jameer Nelson,Rashard Lewis,Vince Carter,4,4:29,ORL,free throw,,,,,,,2,,2,J.J. Redick,,,foul,made,,,,
Antoine Wright,Chris Bosh,Hedo Turkoglu,Jarrett Jack,Jose Calderon,Dwight Howard,J.J. Redick,Jameer Nelson,Rashard Lewis,Vince Carter,4,4:12,TOR,turnover,,,,,,,,,,Jarrett Jack,,,bad pass,,Rashard Lewis,,,
Antoine Wright,Chris Bosh,Hedo Turkoglu,Jarrett Jack,Jose Calderon,Dwight Howard,J.J. Redick,Jameer Nelson,Rashard Lewis,Vince Carter,4,4:02,TOR,foul,,,,,,,,J.J. Redick,,Jarrett Jack,,,,,,personal,,
Antoine Wright,Chris Bosh,Hedo Turkoglu,Jarrett Jack,Jose Calderon,Dwight Howard,J.J. Redick,Jameer Nelson,Rashard Lewis,Vince Carter,4,4:02,ORL,free throw,,,,,,,1,,2,J.J. Redick,,,foul,made,,,,
Antoine Wright,Chris Bosh,Hedo Turkoglu,Jarrett Jack,Jose Calderon,Dwight Howard,J.J. Redick,Jameer Nelson,Rashard Lewis,Vince Carter,4,4:02,ORL,free throw,,,,,,,2,,2,J.J. Redick,,,foul,missed,,,,
Antoine Wright,Chris Bosh,Hedo Turkoglu,Jarrett Jack,Jose Calderon,Dwight Howard,J.J. Redick,Jameer Nelson,Rashard Lewis,Vince Carter,4,4:01,TOR,rebound,,,,,,,,,,Antoine Wright,,,,,,def,,
Antoine Wright,Chris Bosh,Hedo Turkoglu,Jarrett Jack,Jose Calderon,Dwight Howard,J.J. Redick,Jameer Nelson,Rashard Lewis,Vince Carter,4,3:38,TOR,shot,,,,,,,,,,Antoine Wright,,,,missed,,3pt,2,13
Antoine Wright,Chris Bosh,Hedo Turkoglu,Jarrett Jack,Jose Calderon,Dwight Howard,J.J. Redick,Jameer Nelson,Rashard Lewis,Vince Carter,4,3:37,ORL,rebound,,,,,,,,,,Vince Carter,,,,,,def,,
Antoine Wright,Chris Bosh,Hedo Turkoglu,Jarrett Jack,Jose Calderon,Dwight Howard,J.J. Redick,Jameer Nelson,Rashard Lewis,Vince Carter,4,3:25,ORL,turnover,,,,,,,,,,Dwight Howard,,,bad pass,,,,,
Antoine Wright,Chris Bosh,Hedo Turkoglu,Jarrett Jack,Jose Calderon,Dwight Howard,J.J. Redick,Jameer Nelson,Rashard Lewis,Vince Carter,4,3:07,TOR,shot,,,,,,,,,,Jarrett Jack,,,,missed,,3pt,39,27
Antoine Wright,Chris Bosh,Hedo Turkoglu,Jarrett Jack,Jose Calderon,Dwight Howard,J.J. Redick,Jameer Nelson,Rashard Lewis,Vince Carter,4,3:05,ORL,rebound,,,,,,,,,,Rashard Lewis,,,,,,def,,
Antoine Wright,Chris Bosh,Hedo Turkoglu,Jarrett Jack,Jose Calderon,Dwight Howard,J.J. Redick,Jameer Nelson,Rashard Lewis,Vince Carter,4,2:57,ORL,shot,,,,,,,,,,Jameer Nelson,2,,,made,,driving layup,25,6
Antoine Wright,Chris Bosh,Hedo Turkoglu,Jarrett Jack,Jose Calderon,Dwight Howard,J.J. Redick,Jameer Nelson,Rashard Lewis,Vince Carter,4,2:49,TOR,timeout,,,,,,,,,,,,,,,,short,,
Antoine Wright,Chris Bosh,Hedo Turkoglu,Jarrett Jack,Jose Calderon,Dwight Howard,J.J. Redick,Jameer Nelson,Rashard Lewis,Vince Carter,4,2:49,TOR,timeout,,,,,,,,,,,,,,,,official,,
Andrea Bargnani,Chris Bosh,Hedo Turkoglu,Jarrett Jack,Jose Calderon,Dwight Howard,J.J. Redick,Jameer Nelson,Rashard Lewis,Vince Carter,4,2:49,TOR,sub,,,,Andrea Bargnani,,Antoine Wright,,,,,,,,,,,,
Andrea Bargnani,Chris Bosh,Hedo Turkoglu,Jarrett Jack,Jose Calderon,Dwight Howard,J.J. Redick,Jameer Nelson,Rashard Lewis,Vince Carter,4,2:30,TOR,shot,,,,,,,,,,Andrea Bargnani,,,,missed,,3pt,31,31
Andrea Bargnani,Chris Bosh,Hedo Turkoglu,Jarrett Jack,Jose Calderon,Dwight Howard,J.J. Redick,Jameer Nelson,Rashard Lewis,Vince Carter,4,2:29,ORL,rebound,,,,,,,,,,Dwight Howard,,,,,,def,,
Andrea Bargnani,Chris Bosh,Hedo Turkoglu,Jarrett Jack,Jose Calderon,Dwight Howard,J.J. Redick,Jameer Nelson,Rashard Lewis,Vince Carter,4,2:14,ORL,shot,,,,,,,,,,J.J. Redick,,,,missed,,3pt,36,29
Andrea Bargnani,Chris Bosh,Hedo Turkoglu,Jarrett Jack,Jose Calderon,Dwight Howard,J.J. Redick,Jameer Nelson,Rashard Lewis,Vince Carter,4,2:13,ORL,rebound,,,,,,,,,,Rashard Lewis,,,,,,off,,
Andrea Bargnani,Chris Bosh,Hedo Turkoglu,Jarrett Jack,Jose Calderon,Dwight Howard,J.J. Redick,Jameer Nelson,Rashard Lewis,Vince Carter,4,2:03,TOR,foul,,,,,,,,Jameer Nelson,,Jose Calderon,,,,,,shooting,,
Andrea Bargnani,Chris Bosh,Hedo Turkoglu,Jarrett Jack,Jose Calderon,Dwight Howard,J.J. Redick,Jameer Nelson,Rashard Lewis,Vince Carter,4,2:03,ORL,free throw,,,,,,,1,,2,Jameer Nelson,,,foul,made,,,,
Andrea Bargnani,Chris Bosh,Hedo Turkoglu,Jarrett Jack,Jose Calderon,Dwight Howard,J.J. Redick,Jameer Nelson,Rashard Lewis,Vince Carter,4,2:03,ORL,free throw,,,,,,,2,,2,Jameer Nelson,,,foul,made,,,,
Andrea Bargnani,Chris Bosh,Hedo Turkoglu,Jarrett Jack,Jose Calderon,Dwight Howard,J.J. Redick,Jameer Nelson,Rashard Lewis,Vince Carter,4,1:46,TOR,shot,,,,,,,,,,Jarrett Jack,,,,missed,,3pt,48,9
Andrea Bargnani,Chris Bosh,Hedo Turkoglu,Jarrett Jack,Jose Calderon,Dwight Howard,J.J. Redick,Jameer Nelson,Rashard Lewis,Vince Carter,4,1:44,ORL,rebound,,,,,,,,,,Dwight Howard,,,,,,def,,
Andrea Bargnani,Chris Bosh,Hedo Turkoglu,Jarrett Jack,Jose Calderon,Dwight Howard,J.J. Redick,Jameer Nelson,Rashard Lewis,Vince Carter,4,1:38,ORL,shot,,,,,,,,,,Jameer Nelson,,,,missed,,3pt,37,30
Andrea Bargnani,Chris Bosh,Hedo Turkoglu,Jarrett Jack,Jose Calderon,Dwight Howard,J.J. Redick,Jameer Nelson,Rashard Lewis,Vince Carter,4,1:37,ORL,rebound,,,,,,,,,,J.J. Redick,,,,,,off,,
Andrea Bargnani,Chris Bosh,Hedo Turkoglu,Jarrett Jack,Jose Calderon,Dwight Howard,J.J. Redick,Jameer Nelson,Rashard Lewis,Vince Carter,4,1:27,ORL,shot,,,,,,,,,,Rashard Lewis,,,,missed,,3pt,16,29
Andrea Bargnani,Chris Bosh,Hedo Turkoglu,Jarrett Jack,Jose Calderon,Dwight Howard,J.J. Redick,Jameer Nelson,Rashard Lewis,Vince Carter,4,1:25,TOR,rebound,,,,,,,,,,Chris Bosh,,,,,,def,,
Andrea Bargnani,Chris Bosh,Hedo Turkoglu,Jarrett Jack,Jose Calderon,Dwight Howard,J.J. Redick,Jameer Nelson,Rashard Lewis,Vince Carter,4,1:22,TOR,turnover,,,,,,,,,,Chris Bosh,,,bad pass,,Rashard Lewis,,,
Andrea Bargnani,Chris Bosh,Hedo Turkoglu,Jarrett Jack,Jose Calderon,Dwight Howard,J.J. Redick,Jameer Nelson,Rashard Lewis,Vince Carter,4,1:17,TOR,foul,,,,,,,,J.J. Redick,,Andrea Bargnani,,,,,,shooting,,
Chris Bosh,Hedo Turkoglu,Jarrett Jack,Jose Calderon,Marco Belinelli,Dwight Howard,J.J. Redick,Jameer Nelson,Rashard Lewis,Vince Carter,4,1:17,TOR,sub,,,,Marco Belinelli,,Andrea Bargnani,,,,,,,,,,,,
Chris Bosh,Hedo Turkoglu,Jarrett Jack,Jose Calderon,Marco Belinelli,Dwight Howard,J.J. Redick,Jameer Nelson,Rashard Lewis,Vince Carter,4,1:17,ORL,free throw,,,,,,,1,,2,J.J. Redick,,,foul,made,,,,
Chris Bosh,Hedo Turkoglu,Jarrett Jack,Jose Calderon,Marco Belinelli,Dwight Howard,J.J. Redick,Jameer Nelson,Rashard Lewis,Vince Carter,4,1:17,ORL,free throw,,,,,,,2,,2,J.J. Redick,,,foul,made,,,,
Chris Bosh,Hedo Turkoglu,Jarrett Jack,Jose Calderon,Marco Belinelli,Dwight Howard,J.J. Redick,Jameer Nelson,Rashard Lewis,Vince Carter,4,1:00,ORL,foul,,,,,,,,Hedo Turkoglu,,Rashard Lewis,,,,,,shooting,,
Chris Bosh,Hedo Turkoglu,Jarrett Jack,Jose Calderon,Marco Belinelli,Dwight Howard,J.J. Redick,Jameer Nelson,Rashard Lewis,Vince Carter,4,1:00,TOR,free throw,,,,,,,1,,2,Hedo Turkoglu,,,foul,made,,,,
Antoine Wright,Chris Bosh,Hedo Turkoglu,Jarrett Jack,Jose Calderon,Dwight Howard,J.J. Redick,Jameer Nelson,Rashard Lewis,Vince Carter,4,1:00,TOR,sub,,,,Antoine Wright,,Marco Belinelli,,,,,,,,,,,,
Antoine Wright,Chris Bosh,Hedo Turkoglu,Jarrett Jack,Sonny Weems,Dwight Howard,J.J. Redick,Jameer Nelson,Rashard Lewis,Vince Carter,4,1:00,TOR,sub,,,,Sonny Weems,,Jose Calderon,,,,,,,,,,,,
Antoine Wright,Chris Bosh,Hedo Turkoglu,Jarrett Jack,Sonny Weems,Dwight Howard,J.J. Redick,Jameer Nelson,Rashard Lewis,Vince Carter,4,1:00,TOR,free throw,,,,,,,2,,2,Hedo Turkoglu,,,foul,made,,,,
Antoine Wright,Chris Bosh,Hedo Turkoglu,Jarrett Jack,Sonny Weems,Dwight Howard,J.J. Redick,Jameer Nelson,Rashard Lewis,Vince Carter,4,1:00,ORL,timeout,,,,,,,,,,,,,,,,short,,
Antoine Wright,Chris Bosh,Hedo Turkoglu,Jarrett Jack,Sonny Weems,Dwight Howard,J.J. Redick,Jameer Nelson,Rashard Lewis,Vince Carter,4,0:43,ORL,shot,Jameer Nelson,,,,,,,,,Vince Carter,2,,,made,,dunk,25,6
Antoine Wright,Chris Bosh,Hedo Turkoglu,Jarrett Jack,Sonny Weems,Dwight Howard,J.J. Redick,Jameer Nelson,Rashard Lewis,Vince Carter,4,0:35,TOR,timeout,,,,,,,,,,,,,,,,regular,,
Chris Bosh,Hedo Turkoglu,Jarrett Jack,Marco Belinelli,Sonny Weems,Dwight Howard,J.J. Redick,Jameer Nelson,Rashard Lewis,Vince Carter,4,0:35,TOR,sub,,,,Marco Belinelli,,Antoine Wright,,,,,,,,,,,,
Chris Bosh,Hedo Turkoglu,Jarrett Jack,Jose Calderon,Marco Belinelli,Dwight Howard,J.J. Redick,Jameer Nelson,Rashard Lewis,Vince Carter,4,0:35,TOR,sub,,,,Jose Calderon,,Sonny Weems,,,,,,,,,,,,
Chris Bosh,Hedo Turkoglu,Jarrett Jack,Jose Calderon,Marco Belinelli,Dwight Howard,J.J. Redick,Jameer Nelson,Rashard Lewis,Vince Carter,4,0:23,TOR,shot,,,,,,,,,,Hedo Turkoglu,,,,missed,,fade away jumper,41,20
Chris Bosh,Hedo Turkoglu,Jarrett Jack,Jose Calderon,Marco Belinelli,Dwight Howard,J.J. Redick,Jameer Nelson,Rashard Lewis,Vince Carter,4,0:21,TOR,rebound,,,,,,,,,,,,,,,,,,
Chris Bosh,Hedo Turkoglu,Jarrett Jack,Jose Calderon,Marco Belinelli,Brandon Bass,Dwight Howard,Jameer Nelson,Rashard Lewis,Vince Carter,4,0:19,ORL,sub,,,,Brandon Bass,,J.J. Redick,,,,,,,,,,,,
Chris Bosh,Hedo Turkoglu,Jarrett Jack,Jose Calderon,Marco Belinelli,Brandon Bass,Dwight Howard,Jameer Nelson,Rashard Lewis,Vince Carter,4,0:16,ORL,foul,,,,,,,,Jarrett Jack,,Vince Carter,,,,,,personal,,
Chris Bosh,Hedo Turkoglu,Jarrett Jack,Jose Calderon,Marco Belinelli,Brandon Bass,Dwight Howard,Jameer Nelson,Rashard Lewis,Vince Carter,4,0:16,TOR,free throw,,,,,,,1,,2,Jarrett Jack,,,foul,made,,,,
Chris Bosh,Hedo Turkoglu,Jarrett Jack,Marco Belinelli,Sonny Weems,Brandon Bass,Dwight Howard,Jameer Nelson,Rashard Lewis,Vince Carter,4,0:16,TOR,sub,,,,Sonny Weems,,Jose Calderon,,,,,,,,,,,,
Antoine Wright,Chris Bosh,Hedo Turkoglu,Jarrett Jack,Sonny Weems,Brandon Bass,Dwight Howard,Jameer Nelson,Rashard Lewis,Vince Carter,4,0:16,TOR,sub,,,,Antoine Wright,,Marco Belinelli,,,,,,,,,,,,
Antoine Wright,Chris Bosh,Hedo Turkoglu,Jarrett Jack,Sonny Weems,Dwight Howard,Jameer Nelson,Matt Barnes,Rashard Lewis,Vince Carter,4,0:16,ORL,sub,,,,Matt Barnes,,Brandon Bass,,,,,,,,,,,,
Antoine Wright,Chris Bosh,Hedo Turkoglu,Jarrett Jack,Sonny Weems,Dwight Howard,Jameer Nelson,Matt Barnes,Rashard Lewis,Vince Carter,4,0:16,TOR,free throw,,,,,,,2,,2,Jarrett Jack,,,foul,missed,,,,
Antoine Wright,Chris Bosh,Hedo Turkoglu,Jarrett Jack,Sonny Weems,Dwight Howard,Jameer Nelson,Matt Barnes,Rashard Lewis,Vince Carter,4,0:16,ORL,rebound,,,,,,,,,,Matt Barnes,,,,,,def,,
Antoine Wright,Chris Bosh,Hedo Turkoglu,Jarrett Jack,Sonny Weems,Dwight Howard,Jameer Nelson,Matt Barnes,Rashard Lewis,Vince Carter,4,0:16,ORL,timeout,,,,,,,,,,,,,,,,regular,,
Antoine Wright,Chris Bosh,Hedo Turkoglu,Jarrett Jack,Sonny Weems,Dwight Howard,J.J. Redick,Jameer Nelson,Rashard Lewis,Vince Carter,4,0:16,ORL,sub,,,,J.J. Redick,,Matt Barnes,,,,,,,,,,,,
Antoine Wright,Chris Bosh,Hedo Turkoglu,Jarrett Jack,Sonny Weems,Dwight Howard,J.J. Redick,Jameer Nelson,Rashard Lewis,Vince Carter,4,0:09,ORL,shot,,,,,,,,,,J.J. Redick,,,,missed,,3pt,31,31
Antoine Wright,Chris Bosh,Hedo Turkoglu,Jarrett Jack,Sonny Weems,Dwight Howard,J.J. Redick,Jameer Nelson,Rashard Lewis,Vince Carter,4,0:08,TOR,rebound,,,,,,,,,,Chris Bosh,,,,,,def,,
Antoine Wright,Chris Bosh,Hedo Turkoglu,Jarrett Jack,Sonny Weems,Dwight Howard,J.J. Redick,Jameer Nelson,Rashard Lewis,Vince Carter,4,0:08,TOR,timeout,,,,,,,,,,,,,,,,short,,
Antoine Wright,Chris Bosh,Hedo Turkoglu,Jarrett Jack,Sonny Weems,Brandon Bass,J.J. Redick,Jameer Nelson,Rashard Lewis,Vince Carter,4,0:08,ORL,sub,,,,Brandon Bass,,Dwight Howard,,,,,,,,,,,,
Antoine Wright,Chris Bosh,Hedo Turkoglu,Jarrett Jack,Sonny Weems,Brandon Bass,J.J. Redick,Jameer Nelson,Matt Barnes,Rashard Lewis,4,0:08,ORL,sub,,,,Matt Barnes,,Vince Carter,,,,,,,,,,,,
Chris Bosh,Hedo Turkoglu,Jarrett Jack,Marco Belinelli,Sonny Weems,Brandon Bass,J.J. Redick,Jameer Nelson,Matt Barnes,Rashard Lewis,4,0:08,TOR,sub,,,,Marco Belinelli,,Antoine Wright,,,,,,,,,,,,
Chris Bosh,Hedo Turkoglu,Jarrett Jack,Jose Calderon,Marco Belinelli,Brandon Bass,J.J. Redick,Jameer Nelson,Matt Barnes,Rashard Lewis,4,0:08,TOR,sub,,,,Jose Calderon,,Sonny Weems,,,,,,,,,,,,
Chris Bosh,Hedo Turkoglu,Jarrett Jack,Jose Calderon,Marco Belinelli,Brandon Bass,J.J. Redick,Jameer Nelson,Matt Barnes,Rashard Lewis,4,0:07,ORL,foul,,,,,,,,Chris Bosh,,Brandon Bass,,,,,,personal,,
Chris Bosh,Hedo Turkoglu,Jarrett Jack,Jose Calderon,Marco Belinelli,Brandon Bass,J.J. Redick,Jameer Nelson,Matt Barnes,Rashard Lewis,4,0:07,TOR,free throw,,,,,,,1,,2,Chris Bosh,,,foul,made,,,,
Chris Bosh,Hedo Turkoglu,Jarrett Jack,Jose Calderon,Marco Belinelli,Dwight Howard,J.J. Redick,Jameer Nelson,Matt Barnes,Rashard Lewis,4,0:07,ORL,sub,,,,Dwight Howard,,Brandon Bass,,,,,,,,,,,,
Chris Bosh,Hedo Turkoglu,Jarrett Jack,Marco Belinelli,Sonny Weems,Dwight Howard,J.J. Redick,Jameer Nelson,Matt Barnes,Rashard Lewis,4,0:07,TOR,sub,,,,Sonny Weems,,Jose Calderon,,,,,,,,,,,,
Antoine Wright,Chris Bosh,Hedo Turkoglu,Jarrett Jack,Sonny Weems,Dwight Howard,J.J. Redick,Jameer Nelson,Matt Barnes,Rashard Lewis,4,0:07,TOR,sub,,,,Antoine Wright,,Marco Belinelli,,,,,,,,,,,,
Antoine Wright,Chris Bosh,Hedo Turkoglu,Jarrett Jack,Sonny Weems,Dwight Howard,J.J. Redick,Jameer Nelson,Matt Barnes,Rashard Lewis,4,0:07,TOR,free throw,,,,,,,2,,2,Chris Bosh,,,foul,made,,,,
Antoine Wright,Chris Bosh,Hedo Turkoglu,Jarrett Jack,Sonny Weems,Dwight Howard,J.J. Redick,Jameer Nelson,Matt Barnes,Rashard Lewis,4,0:07,ORL,timeout,,,,,,,,,,,,,,,,short,,
Chris Bosh,Hedo Turkoglu,Jarrett Jack,Jose Calderon,Sonny Weems,Dwight Howard,J.J. Redick,Jameer Nelson,Matt Barnes,Rashard Lewis,4,0:07,TOR,sub,,,,Jose Calderon,,Antoine Wright,,,,,,,,,,,,
Chris Bosh,Hedo Turkoglu,Jarrett Jack,Jose Calderon,Marco Belinelli,Dwight Howard,J.J. Redick,Jameer Nelson,Matt Barnes,Rashard Lewis,4,0:07,TOR,sub,,,,Marco Belinelli,,Sonny Weems,,,,,,,,,,,,
Chris Bosh,Hedo Turkoglu,Jarrett Jack,Jose Calderon,Marco Belinelli,Dwight Howard,J.J. Redick,Jameer Nelson,Rashard Lewis,Vince Carter,4,0:07,ORL,sub,,,,Vince Carter,,Matt Barnes,,,,,,,,,,,,
Chris Bosh,Hedo Turkoglu,Jarrett Jack,Jose Calderon,Marco Belinelli,Dwight Howard,J.J. Redick,Jameer Nelson,Rashard Lewis,Vince Carter,4,0:05,ORL,shot,,,,,,,,,,Rashard Lewis,,,,missed,,3pt,36,31
Chris Bosh,Hedo Turkoglu,Jarrett Jack,Jose Calderon,Marco Belinelli,Dwight Howard,J.J. Redick,Jameer Nelson,Rashard Lewis,Vince Carter,4,0:03,ORL,rebound,,,,,,,,,,J.J. Redick,,,,,,off,,
Chris Bosh,Hedo Turkoglu,Jarrett Jack,Jose Calderon,Marco Belinelli,Dwight Howard,J.J. Redick,Jameer Nelson,Rashard Lewis,Vince Carter,4,0:03,ORL,shot,,,,,,,,,,J.J. Redick,2,,,made,,layup,25,6
Chris Bosh,Hedo Turkoglu,Jarrett Jack,Jose Calderon,Marco Belinelli,Dwight Howard,J.J. Redick,Jameer Nelson,Rashard Lewis,Vince Carter,4,0:02,ORL,foul,,,,,,,,Marco Belinelli,,Vince Carter,,,,,,personal,,
Chris Bosh,Hedo Turkoglu,Jarrett Jack,Jose Calderon,Marco Belinelli,Dwight Howard,J.J. Redick,Jameer Nelson,Rashard Lewis,Vince Carter,4,0:02,TOR,free throw,,,,,,,1,,2,Marco Belinelli,,,foul,made,,,,
Chris Bosh,Hedo Turkoglu,Jarrett Jack,Marco Belinelli,Sonny Weems,Dwight Howard,J.J. Redick,Jameer Nelson,Rashard Lewis,Vince Carter,4,0:02,TOR,sub,,,,Sonny Weems,,Jose Calderon,,,,,,,,,,,,
Chris Bosh,Hedo Turkoglu,Jarrett Jack,Marco Belinelli,Sonny Weems,Dwight Howard,J.J. Redick,Jameer Nelson,Rashard Lewis,Vince Carter,4,0:02,TOR,free throw,,,,,,,2,,2,Marco Belinelli,,,foul,made,,,,
