a1,a2,a3,a4,a5,h1,h2,h3,h4,h5,period,time,team,etype,assist,away,block,entered,home,left,num,opponent,outof,player,points,possession,reason,result,steal,type,x,y
Donte Greene,Jason Thompson,Jon Brockman,Kevin Martin,Tyreke Evans,Dwight Howard,Jameer Nelson,Matt Barnes,Rashard Lewis,Vince Carter,1,12:00,OFF,jump ball,,Donte Greene,,,Dwight Howard,,,,,,,Jameer Nelson,,,,,,
Donte Greene,Jason Thompson,Jon Brockman,Kevin Martin,Tyreke Evans,Dwight Howard,Jameer Nelson,Matt Barnes,Rashard Lewis,Vince Carter,1,11:39,ORL,shot,,,,,,,,,,Rashard Lewis,,,,missed,,3pt,,
Donte Greene,Jason Thompson,Jon Brockman,Kevin Martin,Tyreke Evans,Dwight Howard,Jameer Nelson,Matt Barnes,Rashard Lewis,Vince Carter,1,11:39,SAC,rebound,,,,,,,,,,Kevin Martin,,,,,,def,,
Donte Greene,Jason Thompson,Jon Brockman,Kevin Martin,Tyreke Evans,Dwight Howard,Jameer Nelson,Matt Barnes,Rashard Lewis,Vince Carter,1,11:28,SAC,shot,Kevin Martin,,,,,,,,,Jon Brockman,2,,,made,,dunk,25,6
Donte Greene,Jason Thompson,Jon Brockman,Kevin Martin,Tyreke Evans,Dwight Howard,Jameer Nelson,Matt Barnes,Rashard Lewis,Vince Carter,1,11:11,ORL,turnover,,,,,,,,,,Dwight Howard,,,traveling,,,,,
Donte Greene,Jason Thompson,Jon Brockman,Kevin Martin,Tyreke Evans,Dwight Howard,Jameer Nelson,Matt Barnes,Rashard Lewis,Vince Carter,1,10:56,SAC,shot,Kevin Martin,,,,,,,,,Tyreke Evans,3,,,made,,3pt,15,28
Donte Greene,Jason Thompson,Jon Brockman,Kevin Martin,Tyreke Evans,Dwight Howard,Jameer Nelson,Matt Barnes,Rashard Lewis,Vince Carter,1,10:44,ORL,shot,,,,,,,,,,Matt Barnes,,,,missed,,layup,25,6
Donte Greene,Jason Thompson,Jon Brockman,Kevin Martin,Tyreke Evans,Dwight Howard,Jameer Nelson,Matt Barnes,Rashard Lewis,Vince Carter,1,10:42,ORL,rebound,,,,,,,,,,Matt Barnes,,,,,,off,,
Donte Greene,Jason Thompson,Jon Brockman,Kevin Martin,Tyreke Evans,Dwight Howard,Jameer Nelson,Matt Barnes,Rashard Lewis,Vince Carter,1,10:37,SAC,foul,,,,,,,,Vince Carter,,Donte Greene,,,,,,personal,,
Donte Greene,Jason Thompson,Jon Brockman,Kevin Martin,Tyreke Evans,Dwight Howard,Jameer Nelson,Matt Barnes,Rashard Lewis,Vince Carter,1,10:31,ORL,shot,,,,,,,,,,Jameer Nelson,2,,,made,,driving layup,25,6
Donte Greene,Jason Thompson,Jon Brockman,Kevin Martin,Tyreke Evans,Dwight Howard,Jameer Nelson,Matt Barnes,Rashard Lewis,Vince Carter,1,10:31,SAC,foul,,,,,,,,Jameer Nelson,,Jon Brockman,,,,,,shooting,,
Donte Greene,Jason Thompson,Jon Brockman,Kevin Martin,Tyreke Evans,Dwight Howard,Jameer Nelson,Matt Barnes,Rashard Lewis,Vince Carter,1,10:31,ORL,free throw,,,,,,,1,,1,Jameer Nelson,,,foul,made,,,,
Donte Greene,Jason Thompson,Jon Brockman,Kevin Martin,Tyreke Evans,Dwight Howard,Jameer Nelson,Matt Barnes,Rashard Lewis,Vince Carter,1,10:17,SAC,shot,,,,,,,,,,Tyreke Evans,,,,missed,,layup,25,6
Donte Greene,Jason Thompson,Jon Brockman,Kevin Martin,Tyreke Evans,Dwight Howard,Jameer Nelson,Matt Barnes,Rashard Lewis,Vince Carter,1,10:16,ORL,rebound,,,,,,,,,,Vince Carter,,,,,,def,,
Donte Greene,Jason Thompson,Jon Brockman,Kevin Martin,Tyreke Evans,Dwight Howard,Jameer Nelson,Matt Barnes,Rashard Lewis,Vince Carter,1,10:05,ORL,turnover,,,,,,,,,,Dwight Howard,,,3 second violation,,,,,
Donte Greene,Jason Thompson,Jon Brockman,Kevin Martin,Tyreke Evans,Dwight Howard,Jameer Nelson,Matt Barnes,Rashard Lewis,Vince Carter,1,9:49,SAC,shot,,,,,,,,,,Donte Greene,,,,missed,,jump,20,14
Donte Greene,Jason Thompson,Jon Brockman,Kevin Martin,Tyreke Evans,Dwight Howard,Jameer Nelson,Matt Barnes,Rashard Lewis,Vince Carter,1,9:48,SAC,rebound,,,,,,,,,,Donte Greene,,,,,,off,,
Donte Greene,Jason Thompson,Jon Brockman,Kevin Martin,Tyreke Evans,Dwight Howard,Jameer Nelson,Matt Barnes,Rashard Lewis,Vince Carter,1,9:46,SAC,shot,,,Rashard Lewis,,,,,,,Donte Greene,,,,missed,,layup,25,6
Donte Greene,Jason Thompson,Jon Brockman,Kevin Martin,Tyreke Evans,Dwight Howard,Jameer Nelson,Matt Barnes,Rashard Lewis,Vince Carter,1,9:44,ORL,rebound,,,,,,,,,,Jameer Nelson,,,,,,def,,
Donte Greene,Jason Thompson,Jon Brockman,Kevin Martin,Tyreke Evans,Dwight Howard,Jameer Nelson,Matt Barnes,Rashard Lewis,Vince Carter,1,9:38,ORL,shot,Jameer Nelson,,,,,,,,,Rashard Lewis,3,,,made,,3pt,40,26
Donte Greene,Jason Thompson,Jon Brockman,Kevin Martin,Tyreke Evans,Dwight Howard,Jameer Nelson,Matt Barnes,Rashard Lewis,Vince Carter,1,9:13,SAC,shot,,,,,,,,,,Kevin Martin,,,,missed,,3pt,49,8
Donte Greene,Jason Thompson,Jon Brockman,Kevin Martin,Tyreke Evans,Dwight Howard,Jameer Nelson,Matt Barnes,Rashard Lewis,Vince Carter,1,9:13,ORL,rebound,,,,,,,,,,,,,,,,,,
Donte Greene,Jason Thompson,Jon Brockman,Kevin Martin,Tyreke Evans,Dwight Howard,Jameer Nelson,Matt Barnes,Rashard Lewis,Vince Carter,1,8:58,ORL,turnover,,,,,,,,,,Vince Carter,,,bad pass,,,,,
Donte Greene,Jason Thompson,Jon Brockman,Kevin Martin,Tyreke Evans,Dwight Howard,Jameer Nelson,Matt Barnes,Rashard Lewis,Vince Carter,1,8:45,ORL,foul,,,,,,,,Jason Thompson,,Rashard Lewis,,,,,,shooting,,
Donte Greene,Jason Thompson,Jon Brockman,Kevin Martin,Tyreke Evans,Dwight Howard,Jameer Nelson,Matt Barnes,Rashard Lewis,Vince Carter,1,8:45,SAC,free throw,,,,,,,1,,2,Jason Thompson,,,foul,made,,,,
Donte Greene,Jason Thompson,Jon Brockman,Kevin Martin,Tyreke Evans,Dwight Howard,Jameer Nelson,Matt Barnes,Rashard Lewis,Vince Carter,1,8:45,SAC,free throw,,,,,,,2,,2,Jason Thompson,,,foul,made,,,,
Donte Greene,Jason Thompson,Jon Brockman,Kevin Martin,Tyreke Evans,Dwight Howard,Jameer Nelson,Matt Barnes,Rashard Lewis,Vince Carter,1,8:23,ORL,turnover,,,,,,,,,,Dwight Howard,,,3 second violation,,,,,
Donte Greene,Jason Thompson,Jon Brockman,Kevin Martin,Tyreke Evans,Dwight Howard,Jameer Nelson,Matt Barnes,Rashard Lewis,Vince Carter,1,8:05,SAC,shot,,,,,,,,,,Kevin Martin,,,,missed,,turnaround fade away,10,10
Donte Greene,Jason Thompson,Jon Brockman,Kevin Martin,Tyreke Evans,Dwight Howard,Jameer Nelson,Matt Barnes,Rashard Lewis,Vince Carter,1,8:04,ORL,rebound,,,,,,,,,,Rashard Lewis,,,,,,def,,
Donte Greene,Jason Thompson,Jon Brockman,Kevin Martin,Tyreke Evans,Dwight Howard,Jameer Nelson,Matt Barnes,Rashard Lewis,Vince Carter,1,7:54,ORL,shot,,,,,,,,,,Matt Barnes,,,,missed,,3pt,49,6
Donte Greene,Jason Thompson,Jon Brockman,Kevin Martin,Tyreke Evans,Dwight Howard,Jameer Nelson,Matt Barnes,Rashard Lewis,Vince Carter,1,7:54,SAC,rebound,,,,,,,,,,Donte Greene,,,,,,def,,
Donte Greene,Jason Thompson,Jon Brockman,Kevin Martin,Tyreke Evans,Dwight Howard,Jameer Nelson,Matt Barnes,Rashard Lewis,Vince Carter,1,7:44,SAC,turnover,,,,,,,,,,Tyreke Evans,,,bad pass,,,,,
Donte Greene,Jason Thompson,Jon Brockman,Kevin Martin,Tyreke Evans,Dwight Howard,Jameer Nelson,Matt Barnes,Rashard Lewis,Vince Carter,1,7:27,ORL,shot,,,,,,,,,,Jameer Nelson,,,,missed,,3pt,11,26
Donte Greene,Jason Thompson,Jon Brockman,Kevin Martin,Tyreke Evans,Dwight Howard,Jameer Nelson,Matt Barnes,Rashard Lewis,Vince Carter,1,7:27,SAC,rebound,,,,,,,,,,Donte Greene,,,,,,def,,
Donte Greene,Jason Thompson,Jon Brockman,Kevin Martin,Tyreke Evans,Dwight Howard,Jameer Nelson,Matt Barnes,Rashard Lewis,Vince Carter,1,7:22,SAC,shot,,,Dwight Howard,,,,,,,Donte Greene,,,,missed,,jump,32,13
Donte Greene,Jason Thompson,Jon Brockman,Kevin Martin,Tyreke Evans,Dwight Howard,Jameer Nelson,Matt Barnes,Rashard Lewis,Vince Carter,1,7:21,SAC,jump ball,,Donte Greene,,,Dwight Howard,,,,,,,Jon Brockman,,,,,,
Donte Greene,Jason Thompson,Jon Brockman,Kevin Martin,Tyreke Evans,Dwight Howard,Jameer Nelson,Matt Barnes,Rashard Lewis,Vince Carter,1,7:21,SAC,rebound,,,,,,,,,,,,,,,,,,
Donte Greene,Jason Thompson,Jon Brockman,Kevin Martin,Tyreke Evans,Dwight Howard,Jameer Nelson,Matt Barnes,Rashard Lewis,Vince Carter,1,7:14,SAC,turnover,,,,,,,,,,Kevin Martin,,,lost ball,,Vince Carter,,,
Donte Greene,Jason Thompson,Jon Brockman,Kevin Martin,Tyreke Evans,Dwight Howard,Jameer Nelson,Matt Barnes,Rashard Lewis,Vince Carter,1,7:04,ORL,shot,,,,,,,,,,Jameer Nelson,,,,missed,,3pt,5,22
Donte Greene,Jason Thompson,Jon Brockman,Kevin Martin,Tyreke Evans,Dwight Howard,Jameer Nelson,Matt Barnes,Rashard Lewis,Vince Carter,1,7:03,SAC,rebound,,,,,,,,,,Jason Thompson,,,,,,def,,
Donte Greene,Jason Thompson,Jon Brockman,Kevin Martin,Tyreke Evans,Dwight Howard,Jameer Nelson,Matt Barnes,Rashard Lewis,Vince Carter,1,6:49,SAC,shot,Tyreke Evans,,,,,,,,,Donte Greene,3,,,made,,3pt,15,29
Donte Greene,Jason Thompson,Jon Brockman,Kevin Martin,Tyreke Evans,Dwight Howard,Jameer Nelson,Matt Barnes,Rashard Lewis,Vince Carter,1,6:39,ORL,shot,Jameer Nelson,,,,,,,,,Dwight Howard,2,,,made,,layup,25,6
Donte Greene,Jason Thompson,Jon Brockman,Kevin Martin,Tyreke Evans,Dwight Howard,Jameer Nelson,Matt Barnes,Rashard Lewis,Vince Carter,1,6:08,SAC,turnover,,,,,,,,,,,,,shot clock turnover,,,,,
Donte Greene,Jason Thompson,Jon Brockman,Kevin Martin,Tyreke Evans,Dwight Howard,Jameer Nelson,Matt Barnes,Rashard Lewis,Vince Carter,1,5:53,ORL,shot,,,,,,,,,,Rashard Lewis,,,,missed,,jump,41,8
Donte Greene,Jason Thompson,Jon Brockman,Kevin Martin,Tyreke Evans,Dwight Howard,Jameer Nelson,Matt Barnes,Rashard Lewis,Vince Carter,1,5:52,SAC,rebound,,,,,,,,,,Donte Greene,,,,,,def,,
Donte Greene,Jason Thompson,Jon Brockman,Kevin Martin,Tyreke Evans,Dwight Howard,Jameer Nelson,Matt Barnes,Rashard Lewis,Vince Carter,1,5:42,SAC,shot,,,,,,,,,,Tyreke Evans,,,,missed,,jump,13,19
Donte Greene,Jason Thompson,Jon Brockman,Kevin Martin,Tyreke Evans,Dwight Howard,Jameer Nelson,Matt Barnes,Rashard Lewis,Vince Carter,1,5:42,ORL,rebound,,,,,,,,,,Dwight Howard,,,,,,def,,
Donte Greene,Jason Thompson,Jon Brockman,Kevin Martin,Tyreke Evans,Dwight Howard,Jameer Nelson,Matt Barnes,Rashard Lewis,Vince Carter,1,5:34,ORL,shot,,,,,,,,,,Matt Barnes,,,,missed,,3pt,48,5
Donte Greene,Jason Thompson,Jon Brockman,Kevin Martin,Tyreke Evans,Dwight Howard,Jameer Nelson,Matt Barnes,Rashard Lewis,Vince Carter,1,5:32,SAC,rebound,,,,,,,,,,Tyreke Evans,,,,,,def,,
Donte Greene,Jason Thompson,Jon Brockman,Kevin Martin,Tyreke Evans,Dwight Howard,Jameer Nelson,Matt Barnes,Rashard Lewis,Vince Carter,1,5:23,SAC,shot,Tyreke Evans,,,,,,,,,Donte Greene,2,,,made,,jump,10,6
Donte Greene,Jason Thompson,Jon Brockman,Kevin Martin,Tyreke Evans,Dwight Howard,Jameer Nelson,Matt Barnes,Rashard Lewis,Vince Carter,1,5:14,ORL,shot,Rashard Lewis,,,,,,,,,Dwight Howard,2,,,made,,slam dunk,25,6
Donte Greene,Jason Thompson,Jon Brockman,Kevin Martin,Tyreke Evans,Dwight Howard,Jameer Nelson,Matt Barnes,Rashard Lewis,Vince Carter,1,4:50,SAC,shot,,,,,,,,,,Kevin Martin,,,,missed,,3pt,13,29
Donte Greene,Jason Thompson,Jon Brockman,Kevin Martin,Tyreke Evans,Dwight Howard,Jameer Nelson,Matt Barnes,Rashard Lewis,Vince Carter,1,4:49,ORL,rebound,,,,,,,,,,Jameer Nelson,,,,,,def,,
Donte Greene,Jason Thompson,Jon Brockman,Kevin Martin,Tyreke Evans,Dwight Howard,Jameer Nelson,Matt Barnes,Rashard Lewis,Vince Carter,1,4:38,ORL,shot,,,,,,,,,,Rashard Lewis,,,,missed,,running jump,22,14
Donte Greene,Jason Thompson,Jon Brockman,Kevin Martin,Tyreke Evans,Dwight Howard,Jameer Nelson,Matt Barnes,Rashard Lewis,Vince Carter,1,4:37,ORL,rebound,,,,,,,,,,,,,,,,,,
Donte Greene,Jason Thompson,Jon Brockman,Kevin Martin,Tyreke Evans,Dwight Howard,Jameer Nelson,Matt Barnes,Rashard Lewis,Vince Carter,1,4:37,ORL,timeout,,,,,,,,,,,,,,,,regular,,
Donte Greene,Jason Thompson,Jon Brockman,Kevin Martin,Tyreke Evans,Dwight Howard,Jameer Nelson,Matt Barnes,Rashard Lewis,Vince Carter,1,4:28,ORL,shot,,,,,,,,,,Vince Carter,,,,missed,,jump,36,21
Donte Greene,Jason Thompson,Jon Brockman,Kevin Martin,Tyreke Evans,Dwight Howard,Jameer Nelson,Matt Barnes,Rashard Lewis,Vince Carter,1,4:27,SAC,rebound,,,,,,,,,,Jason Thompson,,,,,,def,,
Donte Greene,Jason Thompson,Jon Brockman,Kevin Martin,Tyreke Evans,Dwight Howard,Jameer Nelson,Matt Barnes,Rashard Lewis,Vince Carter,1,4:15,SAC,shot,,,,,,,,,,Jon Brockman,,,,missed,,jump,39,18
Donte Greene,Jason Thompson,Jon Brockman,Kevin Martin,Tyreke Evans,Dwight Howard,Jameer Nelson,Matt Barnes,Rashard Lewis,Vince Carter,1,4:14,ORL,rebound,,,,,,,,,,Dwight Howard,,,,,,def,,
Donte Greene,Jason Thompson,Jon Brockman,Kevin Martin,Tyreke Evans,Dwight Howard,J.J. Redick,Jameer Nelson,Matt Barnes,Rashard Lewis,1,4:03,ORL,sub,,,,J.J. Redick,,Vince Carter,,,,,,,,,,,,
Donte Greene,Jason Thompson,Jon Brockman,Kevin Martin,Tyreke Evans,Dwight Howard,J.J. Redick,Jameer Nelson,Matt Barnes,Rashard Lewis,1,3:54,ORL,shot,,,,,,,,,,Matt Barnes,,,,missed,,3pt,48,5
Donte Greene,Jason Thompson,Jon Brockman,Kevin Martin,Tyreke Evans,Dwight Howard,J.J. Redick,Jameer Nelson,Matt Barnes,Rashard Lewis,1,3:54,ORL,rebound,,,,,,,,,,Rashard Lewis,,,,,,off,,
Beno Udrih,Jason Thompson,Jon Brockman,Kevin Martin,Tyreke Evans,Dwight Howard,J.J. Redick,Jameer Nelson,Matt Barnes,Rashard Lewis,1,3:51,SAC,sub,,,,Beno Udrih,,Donte Greene,,,,,,,,,,,,
Beno Udrih,Jason Thompson,Jon Brockman,Kevin Martin,Tyreke Evans,Dwight Howard,J.J. Redick,Jameer Nelson,Matt Barnes,Rashard Lewis,1,3:43,ORL,shot,,,,,,,,,,J.J. Redick,2,,,made,,pullup jump,23,20
Beno Udrih,Jason Thompson,Jon Brockman,Kevin Martin,Tyreke Evans,Dwight Howard,J.J. Redick,Jameer Nelson,Matt Barnes,Rashard Lewis,1,3:43,SAC,foul,,,,,,,,J.J. Redick,,Tyreke Evans,,,,,,shooting,,
Beno Udrih,Jason Thompson,Jon Brockman,Kevin Martin,Tyreke Evans,Dwight Howard,J.J. Redick,Jameer Nelson,Matt Barnes,Rashard Lewis,1,3:43,ORL,free throw,,,,,,,1,,1,J.J. Redick,,,foul,made,,,,
Beno Udrih,Jason Thompson,Jon Brockman,Kevin Martin,Tyreke Evans,Dwight Howard,J.J. Redick,Jameer Nelson,Matt Barnes,Rashard Lewis,1,3:27,SAC,shot,,,,,,,,,,Jason Thompson,,,,missed,,jump,11,19
Beno Udrih,Jason Thompson,Jon Brockman,Kevin Martin,Tyreke Evans,Dwight Howard,J.J. Redick,Jameer Nelson,Matt Barnes,Rashard Lewis,1,3:27,ORL,rebound,,,,,,,,,,Matt Barnes,,,,,,def,,
Beno Udrih,Jason Thompson,Jon Brockman,Kevin Martin,Tyreke Evans,Dwight Howard,J.J. Redick,Jameer Nelson,Matt Barnes,Rashard Lewis,1,3:11,SAC,foul,,,,,,,,Rashard Lewis,,Jason Thompson,,,,,,personal,,
Andres Nocioni,Beno Udrih,Jon Brockman,Kevin Martin,Tyreke Evans,Dwight Howard,J.J. Redick,Jameer Nelson,Matt Barnes,Rashard Lewis,1,3:11,SAC,sub,,,,Andres Nocioni,,Jason Thompson,,,,,,,,,,,,
Andres Nocioni,Beno Udrih,Jon Brockman,Kevin Martin,Tyreke Evans,Dwight Howard,J.J. Redick,Jameer Nelson,Matt Barnes,Rashard Lewis,1,3:02,ORL,shot,,,,,,,,,,J.J. Redick,,,,missed,,jump,41,9
Andres Nocioni,Beno Udrih,Jon Brockman,Kevin Martin,Tyreke Evans,Dwight Howard,J.J. Redick,Jameer Nelson,Matt Barnes,Rashard Lewis,1,3:01,ORL,rebound,,,,,,,,,,Dwight Howard,,,,,,off,,
Andres Nocioni,Beno Udrih,Jon Brockman,Kevin Martin,Tyreke Evans,Dwight Howard,J.J. Redick,Jameer Nelson,Matt Barnes,Rashard Lewis,1,2:57,ORL,shot,Dwight Howard,,,,,,,,,J.J. Redick,3,,,made,,3pt,,
Andres Nocioni,Beno Udrih,Jon Brockman,Kevin Martin,Tyreke Evans,Dwight Howard,J.J. Redick,Jameer Nelson,Matt Barnes,Rashard Lewis,1,2:44,ORL,foul,,,,,,,,Kevin Martin,,Jameer Nelson,,,,,,shooting,,
Andres Nocioni,Beno Udrih,Jon Brockman,Kevin Martin,Tyreke Evans,Dwight Howard,J.J. Redick,Jameer Nelson,Matt Barnes,Rashard Lewis,1,2:44,SAC,timeout,,,,,,,,,,,,,,,,regular,,
Andres Nocioni,Beno Udrih,Jon Brockman,Kevin Martin,Tyreke Evans,Dwight Howard,J.J. Redick,Jason Williams,Matt Barnes,Rashard Lewis,1,2:44,ORL,sub,,,,Jason Williams,,Jameer Nelson,,,,,,,,,,,,
Andres Nocioni,Beno Udrih,Jon Brockman,Kevin Martin,Tyreke Evans,Dwight Howard,J.J. Redick,Jason Williams,Matt Barnes,Rashard Lewis,1,2:44,SAC,free throw,,,,,,,1,,2,Kevin Martin,,,foul,made,,,,
Andres Nocioni,Beno Udrih,Jon Brockman,Kevin Martin,Tyreke Evans,Dwight Howard,J.J. Redick,Jason Williams,Matt Barnes,Rashard Lewis,1,2:44,SAC,free throw,,,,,,,2,,2,Kevin Martin,,,foul,made,,,,
Andres Nocioni,Beno Udrih,Jon Brockman,Kevin Martin,Tyreke Evans,Dwight Howard,J.J. Redick,Jason Williams,Matt Barnes,Rashard Lewis,1,2:28,SAC,foul,,,,,,,,Dwight Howard,,Jon Brockman,,,,,,personal,,
Andres Nocioni,Beno Udrih,Jon Brockman,Kevin Martin,Tyreke Evans,Dwight Howard,J.J. Redick,Jason Williams,Matt Barnes,Rashard Lewis,1,2:28,ORL,free throw,,,,,,,1,,2,Dwight Howard,,,foul,made,,,,
Andres Nocioni,Beno Udrih,Jason Thompson,Kevin Martin,Tyreke Evans,Dwight Howard,J.J. Redick,Jason Williams,Matt Barnes,Rashard Lewis,1,2:28,SAC,sub,,,,Jason Thompson,,Jon Brockman,,,,,,,,,,,,
Andres Nocioni,Beno Udrih,Jason Thompson,Kevin Martin,Tyreke Evans,Dwight Howard,J.J. Redick,Jason Williams,Matt Barnes,Rashard Lewis,1,2:28,ORL,free throw,,,,,,,2,,2,Dwight Howard,,,foul,made,,,,
Andres Nocioni,Beno Udrih,Jason Thompson,Kevin Martin,Tyreke Evans,Dwight Howard,J.J. Redick,Jason Williams,Matt Barnes,Rashard Lewis,1,2:15,SAC,shot,Kevin Martin,,,,,,,,,Jason Thompson,2,,,made,,jump,42,5
Andres Nocioni,Beno Udrih,Jason Thompson,Kevin Martin,Tyreke Evans,Dwight Howard,J.J. Redick,Jason Williams,Matt Barnes,Rashard Lewis,1,2:15,ORL,foul,,,,,,,,Jason Thompson,,Dwight Howard,,,,,,shooting,,
Andres Nocioni,Beno Udrih,Jason Thompson,Kevin Martin,Tyreke Evans,Dwight Howard,J.J. Redick,Jason Williams,Matt Barnes,Rashard Lewis,1,2:15,SAC,free throw,,,,,,,1,,1,Jason Thompson,,,foul,missed,,,,
Andres Nocioni,Beno Udrih,Jason Thompson,Kevin Martin,Tyreke Evans,Dwight Howard,J.J. Redick,Jason Williams,Matt Barnes,Rashard Lewis,1,2:15,ORL,rebound,,,,,,,,,,Dwight Howard,,,,,,def,,
Andres Nocioni,Beno Udrih,Jason Thompson,Kevin Martin,Tyreke Evans,Dwight Howard,J.J. Redick,Jason Williams,Matt Barnes,Rashard Lewis,1,1:56,SAC,foul,,,,,,,,J.J. Redick,,Tyreke Evans,,,,,,shooting,,
Andres Nocioni,Beno Udrih,Jason Thompson,Kevin Martin,Tyreke Evans,Dwight Howard,J.J. Redick,Jason Williams,Matt Barnes,Rashard Lewis,1,1:56,ORL,free throw,,,,,,,1,,2,J.J. Redick,,,foul,made,,,,
Andres Nocioni,Beno Udrih,Jason Thompson,Kevin Martin,Tyreke Evans,Dwight Howard,J.J. Redick,Jason Williams,Matt Barnes,Rashard Lewis,1,1:56,ORL,free throw,,,,,,,2,,2,J.J. Redick,,,foul,made,,,,
Andres Nocioni,Beno Udrih,Jason Thompson,Kevin Martin,Tyreke Evans,Dwight Howard,J.J. Redick,Jason Williams,Matt Barnes,Rashard Lewis,1,1:35,SAC,shot,Kevin Martin,,,,,,,,,Andres Nocioni,3,,,made,,3pt,14,29
Andres Nocioni,Beno Udrih,Jason Thompson,Kevin Martin,Tyreke Evans,Dwight Howard,J.J. Redick,Jason Williams,Matt Barnes,Rashard Lewis,1,1:26,SAC,foul,,,,,,,,Rashard Lewis,,Andres Nocioni,,,,,,personal,,
Andres Nocioni,Beno Udrih,Jason Thompson,Kevin Martin,Tyreke Evans,Dwight Howard,J.J. Redick,Jason Williams,Matt Barnes,Rashard Lewis,1,1:26,ORL,free throw,,,,,,,1,,2,Rashard Lewis,,,foul,missed,,,,
Andres Nocioni,Beno Udrih,Jason Thompson,Kevin Martin,Tyreke Evans,Dwight Howard,J.J. Redick,Jason Williams,Matt Barnes,Rashard Lewis,1,1:26,ORL,rebound,,,,,,,,,,,,,,,,,,
Andres Nocioni,Beno Udrih,Jason Thompson,Kevin Martin,Omri Casspi,Dwight Howard,J.J. Redick,Jason Williams,Matt Barnes,Rashard Lewis,1,1:26,SAC,sub,,,,Omri Casspi,,Tyreke Evans,,,,,,,,,,,,
Andres Nocioni,Beno Udrih,Jason Thompson,Kevin Martin,Omri Casspi,Dwight Howard,J.J. Redick,Jason Williams,Matt Barnes,Rashard Lewis,1,1:26,ORL,free throw,,,,,,,2,,2,Rashard Lewis,,,foul,made,,,,
Andres Nocioni,Beno Udrih,Jason Thompson,Kevin Martin,Omri Casspi,Dwight Howard,J.J. Redick,Jason Williams,Matt Barnes,Rashard Lewis,1,1:13,SAC,shot,,,,,,,,,,Andres Nocioni,,,,missed,,driving layup,25,6
Andres Nocioni,Beno Udrih,Jason Thompson,Kevin Martin,Omri Casspi,Dwight Howard,J.J. Redick,Jason Williams,Matt Barnes,Rashard Lewis,1,1:11,ORL,rebound,,,,,,,,,,Rashard Lewis,,,,,,def,,
Andres Nocioni,Beno Udrih,Jason Thompson,Kevin Martin,Omri Casspi,Dwight Howard,J.J. Redick,Jason Williams,Matt Barnes,Rashard Lewis,1,1:04,ORL,shot,,,,,,,,,,Jason Williams,2,,,made,,driving layup,25,6
Andres Nocioni,Beno Udrih,Jason Thompson,Kevin Martin,Omri Casspi,Dwight Howard,J.J. Redick,Jason Williams,Matt Barnes,Rashard Lewis,1,0:55,SAC,shot,,,,,,,,,,Kevin Martin,2,,,made,,jump,41,11
Andres Nocioni,Beno Udrih,Jason Thompson,Kevin Martin,Omri Casspi,Dwight Howard,J.J. Redick,Jason Williams,Matt Barnes,Rashard Lewis,1,0:46,ORL,shot,,,,,,,,,,Rashard Lewis,,,,missed,,jump,25,20
Andres Nocioni,Beno Udrih,Jason Thompson,Kevin Martin,Omri Casspi,Dwight Howard,J.J. Redick,Jason Williams,Matt Barnes,Rashard Lewis,1,0:45,SAC,rebound,,,,,,,,,,Omri Casspi,,,,,,def,,
Andres Nocioni,Beno Udrih,Jason Thompson,Kevin Martin,Omri Casspi,Dwight Howard,J.J. Redick,Jason Williams,Matt Barnes,Rashard Lewis,1,0:36,SAC,shot,,,,,,,,,,Omri Casspi,,,,missed,,3pt,16,30
Andres Nocioni,Beno Udrih,Jason Thompson,Kevin Martin,Omri Casspi,Dwight Howard,J.J. Redick,Jason Williams,Matt Barnes,Rashard Lewis,1,0:35,ORL,rebound,,,,,,,,,,,,,,,,,,
Andres Nocioni,Beno Udrih,Jason Thompson,Kevin Martin,Omri Casspi,Dwight Howard,J.J. Redick,Jason Williams,Matt Barnes,Rashard Lewis,1,0:18,ORL,shot,,,,,,,,,,Jason Williams,,,,missed,,fade away jumper,10,14
Andres Nocioni,Beno Udrih,Jason Thompson,Kevin Martin,Omri Casspi,Dwight Howard,J.J. Redick,Jason Williams,Matt Barnes,Rashard Lewis,1,0:17,SAC,rebound,,,,,,,,,,Jason Thompson,,,,,,def,,
Andres Nocioni,Beno Udrih,Jason Thompson,Kevin Martin,Omri Casspi,Dwight Howard,J.J. Redick,Jason Williams,Matt Barnes,Rashard Lewis,1,0:04,ORL,foul,,,,,,,,Kevin Martin,,J.J. Redick,,,,,,shooting,,
Andres Nocioni,Beno Udrih,Jason Thompson,Kevin Martin,Omri Casspi,Dwight Howard,J.J. Redick,Jason Williams,Matt Barnes,Rashard Lewis,1,0:04,SAC,free throw,,,,,,,1,,2,Kevin Martin,,,foul,made,,,,
Andres Nocioni,Beno Udrih,Hilton Armstrong,Kevin Martin,Omri Casspi,Dwight Howard,J.J. Redick,Jason Williams,Matt Barnes,Rashard Lewis,1,0:04,SAC,sub,,,,Hilton Armstrong,,Jason Thompson,,,,,,,,,,,,
Andres Nocioni,Beno Udrih,Hilton Armstrong,Kevin Martin,Omri Casspi,Dwight Howard,J.J. Redick,Jason Williams,Matt Barnes,Rashard Lewis,1,0:04,SAC,free throw,,,,,,,2,,2,Kevin Martin,,,foul,missed,,,,
Andres Nocioni,Beno Udrih,Hilton Armstrong,Kevin Martin,Omri Casspi,Dwight Howard,J.J. Redick,Jason Williams,Matt Barnes,Rashard Lewis,1,0:04,ORL,rebound,,,,,,,,,,Dwight Howard,,,,,,def,,
Andres Nocioni,Beno Udrih,Jason Thompson,Kevin Martin,Omri Casspi,Dwight Howard,J.J. Redick,Jason Williams,Rashard Lewis,Vince Carter,2,11:46,SAC,shot,,,,,,,,,,Kevin Martin,,,,missed,,jump,38,16
Andres Nocioni,Beno Udrih,Jason Thompson,Kevin Martin,Omri Casspi,Dwight Howard,J.J. Redick,Jason Williams,Rashard Lewis,Vince Carter,2,11:45,ORL,rebound,,,,,,,,,,Dwight Howard,,,,,,def,,
Andres Nocioni,Beno Udrih,Jason Thompson,Kevin Martin,Omri Casspi,Dwight Howard,J.J. Redick,Jason Williams,Rashard Lewis,Vince Carter,2,11:39,ORL,foul,,,,,,,,Jason Thompson,,Dwight Howard,,,,,,offensive,,
Andres Nocioni,Beno Udrih,Jason Thompson,Kevin Martin,Omri Casspi,Dwight Howard,J.J. Redick,Jason Williams,Rashard Lewis,Vince Carter,2,11:39,ORL,turnover,,,,,,,,,,Dwight Howard,,,foul,,,,,
Andres Nocioni,Beno Udrih,Jason Thompson,Kevin Martin,Omri Casspi,J.J. Redick,Jason Williams,Marcin Gortat,Rashard Lewis,Vince Carter,2,11:39,ORL,sub,,,,Marcin Gortat,,Dwight Howard,,,,,,,,,,,,
Andres Nocioni,Beno Udrih,Jason Thompson,Kevin Martin,Omri Casspi,J.J. Redick,Jason Williams,Marcin Gortat,Rashard Lewis,Vince Carter,2,11:27,SAC,shot,,,Marcin Gortat,,,,,,,Andres Nocioni,,,,missed,,layup,25,6
Andres Nocioni,Beno Udrih,Jason Thompson,Kevin Martin,Omri Casspi,J.J. Redick,Jason Williams,Marcin Gortat,Rashard Lewis,Vince Carter,2,11:23,ORL,rebound,,,,,,,,,,Jason Williams,,,,,,def,,
Andres Nocioni,Beno Udrih,Jason Thompson,Kevin Martin,Omri Casspi,J.J. Redick,Jason Williams,Marcin Gortat,Rashard Lewis,Vince Carter,2,11:17,ORL,shot,,,,,,,,,,J.J. Redick,,,,missed,,3pt,49,5
Andres Nocioni,Beno Udrih,Jason Thompson,Kevin Martin,Omri Casspi,J.J. Redick,Jason Williams,Marcin Gortat,Rashard Lewis,Vince Carter,2,11:16,SAC,rebound,,,,,,,,,,Jason Thompson,,,,,,def,,
Andres Nocioni,Beno Udrih,Jason Thompson,Kevin Martin,Omri Casspi,J.J. Redick,Jason Williams,Marcin Gortat,Rashard Lewis,Vince Carter,2,11:06,SAC,shot,,,Marcin Gortat,,,,,,,Andres Nocioni,,,,missed,,layup,25,6
Andres Nocioni,Beno Udrih,Jason Thompson,Kevin Martin,Omri Casspi,J.J. Redick,Jason Williams,Marcin Gortat,Rashard Lewis,Vince Carter,2,11:04,SAC,rebound,,,,,,,,,,Andres Nocioni,,,,,,off,,
Andres Nocioni,Beno Udrih,Jason Thompson,Kevin Martin,Omri Casspi,J.J. Redick,Jason Williams,Marcin Gortat,Rashard Lewis,Vince Carter,2,11:02,SAC,shot,,,,,,,,,,Beno Udrih,,,,missed,,jump,38,6
Andres Nocioni,Beno Udrih,Jason Thompson,Kevin Martin,Omri Casspi,J.J. Redick,Jason Williams,Marcin Gortat,Rashard Lewis,Vince Carter,2,11:02,ORL,rebound,,,,,,,,,,,,,,,,,,
Andres Nocioni,Beno Udrih,Jason Thompson,Kevin Martin,Omri Casspi,J.J. Redick,Jason Williams,Marcin Gortat,Rashard Lewis,Vince Carter,2,11:02,SAC,foul,,,,,,,,Marcin Gortat,,Andres Nocioni,,,,,,loose ball,,
Andres Nocioni,Beno Udrih,Jason Thompson,Kevin Martin,Omri Casspi,J.J. Redick,Jason Williams,Marcin Gortat,Rashard Lewis,Vince Carter,2,10:51,ORL,shot,,,,,,,,,,Vince Carter,2,,,made,,driving layup,25,6
Andres Nocioni,Beno Udrih,Jason Thompson,Kevin Martin,Omri Casspi,J.J. Redick,Jason Williams,Marcin Gortat,Rashard Lewis,Vince Carter,2,10:36,SAC,shot,,,,,,,,,,Andres Nocioni,,,,missed,,driving hook,25,6
Andres Nocioni,Beno Udrih,Jason Thompson,Kevin Martin,Omri Casspi,J.J. Redick,Jason Williams,Marcin Gortat,Rashard Lewis,Vince Carter,2,10:34,ORL,rebound,,,,,,,,,,Marcin Gortat,,,,,,def,,
Andres Nocioni,Beno Udrih,Jason Thompson,Kevin Martin,Omri Casspi,J.J. Redick,Jason Williams,Marcin Gortat,Rashard Lewis,Vince Carter,2,10:23,ORL,shot,Jason Williams,,,,,,,,,Rashard Lewis,3,,,made,,3pt,44,24
Andres Nocioni,Beno Udrih,Jason Thompson,Kevin Martin,Omri Casspi,J.J. Redick,Jason Williams,Marcin Gortat,Rashard Lewis,Vince Carter,2,10:13,ORL,foul,,,,,,,,Kevin Martin,,J.J. Redick,,,,,,shooting,,
Andres Nocioni,Beno Udrih,Jason Thompson,Kevin Martin,Omri Casspi,J.J. Redick,Jason Williams,Marcin Gortat,Ryan Anderson,Vince Carter,2,10:13,ORL,sub,,,,Ryan Anderson,,Rashard Lewis,,,,,,,,,,,,
Beno Udrih,Ime Udoka,Jason Thompson,Kevin Martin,Omri Casspi,J.J. Redick,Jason Williams,Marcin Gortat,Ryan Anderson,Vince Carter,2,10:13,SAC,sub,,,,Ime Udoka,,Andres Nocioni,,,,,,,,,,,,
Beno Udrih,Ime Udoka,Jason Thompson,Kevin Martin,Omri Casspi,J.J. Redick,Jason Williams,Marcin Gortat,Ryan Anderson,Vince Carter,2,10:13,SAC,free throw,,,,,,,1,,2,Kevin Martin,,,foul,missed,,,,
Beno Udrih,Ime Udoka,Jason Thompson,Kevin Martin,Omri Casspi,J.J. Redick,Jason Williams,Marcin Gortat,Ryan Anderson,Vince Carter,2,10:13,SAC,rebound,,,,,,,,,,,,,,,,,,
Beno Udrih,Ime Udoka,Jason Thompson,Kevin Martin,Omri Casspi,J.J. Redick,Jason Williams,Marcin Gortat,Ryan Anderson,Vince Carter,2,10:13,SAC,free throw,,,,,,,2,,2,Kevin Martin,,,foul,missed,,,,
Beno Udrih,Ime Udoka,Jason Thompson,Kevin Martin,Omri Casspi,J.J. Redick,Jason Williams,Marcin Gortat,Ryan Anderson,Vince Carter,2,10:11,ORL,rebound,,,,,,,,,,Marcin Gortat,,,,,,def,,
Beno Udrih,Ime Udoka,Jason Thompson,Kevin Martin,Omri Casspi,J.J. Redick,Jason Williams,Marcin Gortat,Ryan Anderson,Vince Carter,2,9:59,SAC,foul,,,,,,,,Vince Carter,,Ime Udoka,,,,,,personal,,
Beno Udrih,Ime Udoka,Jason Thompson,Omri Casspi,Tyreke Evans,J.J. Redick,Jason Williams,Marcin Gortat,Ryan Anderson,Vince Carter,2,9:59,SAC,sub,,,,Tyreke Evans,,Kevin Martin,,,,,,,,,,,,
Beno Udrih,Ime Udoka,Jason Thompson,Omri Casspi,Tyreke Evans,J.J. Redick,Jason Williams,Marcin Gortat,Ryan Anderson,Vince Carter,2,9:59,ORL,free throw,,,,,,,1,,2,Vince Carter,,,foul,made,,,,
Beno Udrih,Ime Udoka,Jason Thompson,Omri Casspi,Tyreke Evans,Jason Williams,Marcin Gortat,Mickael Pietrus,Ryan Anderson,Vince Carter,2,9:59,ORL,sub,,,,Mickael Pietrus,,J.J. Redick,,,,,,,,,,,,
Beno Udrih,Ime Udoka,Omri Casspi,Spencer Hawes,Tyreke Evans,Jason Williams,Marcin Gortat,Mickael Pietrus,Ryan Anderson,Vince Carter,2,9:59,SAC,sub,,,,Spencer Hawes,,Jason Thompson,,,,,,,,,,,,
Beno Udrih,Ime Udoka,Omri Casspi,Spencer Hawes,Tyreke Evans,Jason Williams,Marcin Gortat,Mickael Pietrus,Ryan Anderson,Vince Carter,2,9:59,ORL,free throw,,,,,,,2,,2,Vince Carter,,,foul,made,,,,
Beno Udrih,Ime Udoka,Omri Casspi,Spencer Hawes,Tyreke Evans,Jason Williams,Marcin Gortat,Mickael Pietrus,Ryan Anderson,Vince Carter,2,9:46,SAC,shot,,,,,,,,,,Omri Casspi,,,,missed,,3pt,22,32
Beno Udrih,Ime Udoka,Omri Casspi,Spencer Hawes,Tyreke Evans,Jason Williams,Marcin Gortat,Mickael Pietrus,Ryan Anderson,Vince Carter,2,9:45,ORL,rebound,,,,,,,,,,Mickael Pietrus,,,,,,def,,
Beno Udrih,Ime Udoka,Omri Casspi,Spencer Hawes,Tyreke Evans,Jason Williams,Marcin Gortat,Mickael Pietrus,Ryan Anderson,Vince Carter,2,9:39,SAC,foul,,,,,,,,Marcin Gortat,,Omri Casspi,,,,,,shooting,,
Beno Udrih,Ime Udoka,Omri Casspi,Spencer Hawes,Tyreke Evans,Jason Williams,Marcin Gortat,Mickael Pietrus,Ryan Anderson,Vince Carter,2,9:39,ORL,free throw,,,,,,,1,,2,Marcin Gortat,,,foul,made,,,,
Beno Udrih,Ime Udoka,Omri Casspi,Spencer Hawes,Tyreke Evans,Jason Williams,Marcin Gortat,Mickael Pietrus,Ryan Anderson,Vince Carter,2,9:39,ORL,free throw,,,,,,,2,,2,Marcin Gortat,,,foul,made,,,,
Beno Udrih,Ime Udoka,Omri Casspi,Spencer Hawes,Tyreke Evans,Jason Williams,Marcin Gortat,Mickael Pietrus,Ryan Anderson,Vince Carter,2,9:25,SAC,shot,,,,,,,,,,Beno Udrih,,,,missed,,jump,20,20
Beno Udrih,Ime Udoka,Omri Casspi,Spencer Hawes,Tyreke Evans,Jason Williams,Marcin Gortat,Mickael Pietrus,Ryan Anderson,Vince Carter,2,9:25,ORL,rebound,,,,,,,,,,Marcin Gortat,,,,,,def,,
Beno Udrih,Ime Udoka,Omri Casspi,Spencer Hawes,Tyreke Evans,Jason Williams,Marcin Gortat,Mickael Pietrus,Ryan Anderson,Vince Carter,2,9:15,ORL,shot,,,,,,,,,,Mickael Pietrus,,,,missed,,3pt,36,30
Beno Udrih,Ime Udoka,Omri Casspi,Spencer Hawes,Tyreke Evans,Jason Williams,Marcin Gortat,Mickael Pietrus,Ryan Anderson,Vince Carter,2,9:15,SAC,rebound,,,,,,,,,,,,,,,,,,
Beno Udrih,Ime Udoka,Omri Casspi,Spencer Hawes,Tyreke Evans,Jason Williams,Marcin Gortat,Mickael Pietrus,Ryan Anderson,Vince Carter,2,9:07,ORL,foul,,,,,,,,Tyreke Evans,,Mickael Pietrus,,,,,,shooting,,
Beno Udrih,Ime Udoka,Omri Casspi,Spencer Hawes,Tyreke Evans,Jason Williams,Marcin Gortat,Mickael Pietrus,Ryan Anderson,Vince Carter,2,9:07,SAC,free throw,,,,,,,1,,2,Tyreke Evans,,,foul,made,,,,
Beno Udrih,Ime Udoka,Omri Casspi,Spencer Hawes,Tyreke Evans,Jason Williams,Marcin Gortat,Mickael Pietrus,Ryan Anderson,Vince Carter,2,9:07,SAC,free throw,,,,,,,2,,2,Tyreke Evans,,,foul,missed,,,,
Beno Udrih,Ime Udoka,Omri Casspi,Spencer Hawes,Tyreke Evans,Jason Williams,Marcin Gortat,Mickael Pietrus,Ryan Anderson,Vince Carter,2,9:06,ORL,rebound,,,,,,,,,,Marcin Gortat,,,,,,def,,
Beno Udrih,Ime Udoka,Omri Casspi,Spencer Hawes,Tyreke Evans,Jason Williams,Marcin Gortat,Mickael Pietrus,Ryan Anderson,Vince Carter,2,8:47,ORL,timeout,,,,,,,,,,,,,,,,official,,
Beno Udrih,Ime Udoka,Omri Casspi,Spencer Hawes,Tyreke Evans,Jason Williams,Marcin Gortat,Mickael Pietrus,Ryan Anderson,Vince Carter,2,8:44,ORL,shot,,,,,,,,,,Vince Carter,,,,missed,,jump,45,13
Beno Udrih,Ime Udoka,Omri Casspi,Spencer Hawes,Tyreke Evans,Jason Williams,Marcin Gortat,Mickael Pietrus,Ryan Anderson,Vince Carter,2,8:43,SAC,rebound,,,,,,,,,,Tyreke Evans,,,,,,def,,
Beno Udrih,Ime Udoka,Omri Casspi,Spencer Hawes,Tyreke Evans,Jason Williams,Marcin Gortat,Mickael Pietrus,Ryan Anderson,Vince Carter,2,8:19,SAC,shot,,,,,,,,,,Ime Udoka,,,,missed,,3pt,2,5
Beno Udrih,Ime Udoka,Omri Casspi,Spencer Hawes,Tyreke Evans,Jason Williams,Marcin Gortat,Mickael Pietrus,Ryan Anderson,Vince Carter,2,8:18,ORL,rebound,,,,,,,,,,Ryan Anderson,,,,,,def,,
Beno Udrih,Ime Udoka,Omri Casspi,Spencer Hawes,Tyreke Evans,Jason Williams,Marcin Gortat,Mickael Pietrus,Ryan Anderson,Vince Carter,2,8:17,ORL,turnover,,,,,,,,,,Ryan Anderson,,,out of bounds lost ball turnover,,,,,
Beno Udrih,Ime Udoka,Omri Casspi,Spencer Hawes,Tyreke Evans,Jason Williams,Marcin Gortat,Mickael Pietrus,Ryan Anderson,Vince Carter,2,8:15,SAC,shot,Ime Udoka,,,,,,,,,Omri Casspi,2,,,made,,layup,25,6
Beno Udrih,Ime Udoka,Omri Casspi,Spencer Hawes,Tyreke Evans,Jason Williams,Marcin Gortat,Mickael Pietrus,Ryan Anderson,Vince Carter,2,7:55,ORL,turnover,,,,,,,,,,Mickael Pietrus,,,out of bounds lost ball turnover,,,,,
Beno Udrih,Ime Udoka,Omri Casspi,Spencer Hawes,Tyreke Evans,Jason Williams,Marcin Gortat,Mickael Pietrus,Ryan Anderson,Vince Carter,2,7:31,SAC,shot,,,,,,,,,,Tyreke Evans,,,,missed,,driving layup,25,6
Beno Udrih,Ime Udoka,Omri Casspi,Spencer Hawes,Tyreke Evans,Jason Williams,Marcin Gortat,Mickael Pietrus,Ryan Anderson,Vince Carter,2,7:30,ORL,rebound,,,,,,,,,,Mickael Pietrus,,,,,,def,,
Beno Udrih,Ime Udoka,Omri Casspi,Spencer Hawes,Tyreke Evans,Jason Williams,Marcin Gortat,Mickael Pietrus,Ryan Anderson,Vince Carter,2,7:16,ORL,shot,,,,,,,,,,Ryan Anderson,,,,missed,,jump,11,7
Beno Udrih,Ime Udoka,Omri Casspi,Spencer Hawes,Tyreke Evans,Jason Williams,Marcin Gortat,Mickael Pietrus,Ryan Anderson,Vince Carter,2,7:16,SAC,rebound,,,,,,,,,,Omri Casspi,,,,,,def,,
Beno Udrih,Ime Udoka,Omri Casspi,Spencer Hawes,Tyreke Evans,Jason Williams,Marcin Gortat,Mickael Pietrus,Ryan Anderson,Vince Carter,2,7:04,SAC,shot,,,,,,,,,,Omri Casspi,,,,missed,,hook,13,8
Beno Udrih,Ime Udoka,Omri Casspi,Spencer Hawes,Tyreke Evans,Jason Williams,Marcin Gortat,Mickael Pietrus,Ryan Anderson,Vince Carter,2,7:03,ORL,rebound,,,,,,,,,,Ryan Anderson,,,,,,def,,
Beno Udrih,Ime Udoka,Omri Casspi,Spencer Hawes,Tyreke Evans,Jason Williams,Marcin Gortat,Mickael Pietrus,Ryan Anderson,Vince Carter,2,7:00,ORL,foul,,,,,,,,Beno Udrih,,Jason Williams,,,,,,offensive,,
Beno Udrih,Ime Udoka,Omri Casspi,Spencer Hawes,Tyreke Evans,Jason Williams,Marcin Gortat,Mickael Pietrus,Ryan Anderson,Vince Carter,2,7:00,ORL,turnover,,,,,,,,,,Jason Williams,,,foul,,,,,
Beno Udrih,Ime Udoka,Omri Casspi,Spencer Hawes,Tyreke Evans,Jason Williams,Marcin Gortat,Mickael Pietrus,Ryan Anderson,Vince Carter,2,6:49,SAC,turnover,,,,,,,,,,Tyreke Evans,,,bad pass,,Mickael Pietrus,,,
Beno Udrih,Ime Udoka,Omri Casspi,Spencer Hawes,Tyreke Evans,Jason Williams,Marcin Gortat,Mickael Pietrus,Ryan Anderson,Vince Carter,2,6:41,ORL,shot,,,,,,,,,,Marcin Gortat,,,,missed,,jump,11,6
Beno Udrih,Ime Udoka,Omri Casspi,Spencer Hawes,Tyreke Evans,Jason Williams,Marcin Gortat,Mickael Pietrus,Ryan Anderson,Vince Carter,2,6:40,SAC,rebound,,,,,,,,,,Spencer Hawes,,,,,,def,,
Beno Udrih,Ime Udoka,Omri Casspi,Spencer Hawes,Tyreke Evans,Jason Williams,Marcin Gortat,Mickael Pietrus,Ryan Anderson,Vince Carter,2,6:27,SAC,shot,Beno Udrih,,,,,,,,,Spencer Hawes,2,,,made,,jump,42,10
Beno Udrih,Ime Udoka,Omri Casspi,Spencer Hawes,Tyreke Evans,Jason Williams,Marcin Gortat,Mickael Pietrus,Ryan Anderson,Vince Carter,2,6:19,ORL,timeout,,,,,,,,,,,,,,,,regular,,
Beno Udrih,Ime Udoka,Omri Casspi,Spencer Hawes,Tyreke Evans,Dwight Howard,Marcin Gortat,Mickael Pietrus,Ryan Anderson,Vince Carter,2,6:19,ORL,sub,,,,Dwight Howard,,Jason Williams,,,,,,,,,,,,
Beno Udrih,Ime Udoka,Omri Casspi,Spencer Hawes,Tyreke Evans,Dwight Howard,Jameer Nelson,Mickael Pietrus,Ryan Anderson,Vince Carter,2,6:19,ORL,sub,,,,Jameer Nelson,,Marcin Gortat,,,,,,,,,,,,
Beno Udrih,Ime Udoka,Kevin Martin,Spencer Hawes,Tyreke Evans,Dwight Howard,Jameer Nelson,Mickael Pietrus,Ryan Anderson,Vince Carter,2,6:19,SAC,sub,,,,Kevin Martin,,Omri Casspi,,,,,,,,,,,,
Beno Udrih,Donte Greene,Kevin Martin,Spencer Hawes,Tyreke Evans,Dwight Howard,Jameer Nelson,Mickael Pietrus,Ryan Anderson,Vince Carter,2,6:19,SAC,sub,,,,Donte Greene,,Ime Udoka,,,,,,,,,,,,
Beno Udrih,Donte Greene,Kevin Martin,Spencer Hawes,Tyreke Evans,Dwight Howard,Jameer Nelson,Mickael Pietrus,Ryan Anderson,Vince Carter,2,6:10,ORL,shot,,,,,,,,,,Ryan Anderson,2,,,made,,driving reverse layup,25,6
Beno Udrih,Donte Greene,Kevin Martin,Spencer Hawes,Tyreke Evans,Dwight Howard,Jameer Nelson,Mickael Pietrus,Ryan Anderson,Vince Carter,2,5:52,SAC,shot,,,,,,,,,,Donte Greene,,,,missed,,jump,10,8
Beno Udrih,Donte Greene,Kevin Martin,Spencer Hawes,Tyreke Evans,Dwight Howard,Jameer Nelson,Mickael Pietrus,Ryan Anderson,Vince Carter,2,5:51,ORL,rebound,,,,,,,,,,Dwight Howard,,,,,,def,,
Beno Udrih,Donte Greene,Kevin Martin,Spencer Hawes,Tyreke Evans,Dwight Howard,Jameer Nelson,Mickael Pietrus,Ryan Anderson,Vince Carter,2,5:43,ORL,shot,Jameer Nelson,,,,,,,,,Vince Carter,2,,,made,,jump,43,11
Beno Udrih,Donte Greene,Kevin Martin,Spencer Hawes,Tyreke Evans,Dwight Howard,Jameer Nelson,Mickael Pietrus,Ryan Anderson,Vince Carter,2,5:24,SAC,shot,,,,,,,,,,Spencer Hawes,,,,missed,,3pt,17,31
Beno Udrih,Donte Greene,Kevin Martin,Spencer Hawes,Tyreke Evans,Dwight Howard,Jameer Nelson,Mickael Pietrus,Ryan Anderson,Vince Carter,2,5:23,ORL,rebound,,,,,,,,,,Jameer Nelson,,,,,,def,,
Beno Udrih,Donte Greene,Kevin Martin,Spencer Hawes,Tyreke Evans,Dwight Howard,Jameer Nelson,Mickael Pietrus,Ryan Anderson,Vince Carter,2,5:15,ORL,shot,,,,,,,,,,Jameer Nelson,2,,,made,,driving layup,25,6
Beno Udrih,Donte Greene,Kevin Martin,Spencer Hawes,Tyreke Evans,Dwight Howard,Jameer Nelson,Mickael Pietrus,Ryan Anderson,Vince Carter,2,4:48,SAC,shot,,,,,,,,,,Beno Udrih,2,,,made,,running jump,22,14
Beno Udrih,Donte Greene,Kevin Martin,Spencer Hawes,Tyreke Evans,Dwight Howard,Jameer Nelson,Mickael Pietrus,Ryan Anderson,Vince Carter,2,4:32,ORL,shot,,,,,,,,,,Mickael Pietrus,,,,missed,,3pt,7,24
Beno Udrih,Donte Greene,Kevin Martin,Spencer Hawes,Tyreke Evans,Dwight Howard,Jameer Nelson,Mickael Pietrus,Ryan Anderson,Vince Carter,2,4:32,SAC,rebound,,,,,,,,,,Spencer Hawes,,,,,,def,,
Beno Udrih,Donte Greene,Kevin Martin,Spencer Hawes,Tyreke Evans,Dwight Howard,Jameer Nelson,Mickael Pietrus,Ryan Anderson,Vince Carter,2,4:21,SAC,shot,,,,,,,,,,Tyreke Evans,,,,missed,,jump,29,23
Beno Udrih,Donte Greene,Kevin Martin,Spencer Hawes,Tyreke Evans,Dwight Howard,Jameer Nelson,Mickael Pietrus,Ryan Anderson,Vince Carter,2,4:20,ORL,rebound,,,,,,,,,,Mickael Pietrus,,,,,,def,,
Beno Udrih,Donte Greene,Kevin Martin,Spencer Hawes,Tyreke Evans,Dwight Howard,Jameer Nelson,Mickael Pietrus,Ryan Anderson,Vince Carter,2,4:08,ORL,shot,,,,,,,,,,Jameer Nelson,,,,missed,,step back jump,26,13
Beno Udrih,Donte Greene,Kevin Martin,Spencer Hawes,Tyreke Evans,Dwight Howard,Jameer Nelson,Mickael Pietrus,Ryan Anderson,Vince Carter,2,4:07,SAC,rebound,,,,,,,,,,Kevin Martin,,,,,,def,,
Beno Udrih,Donte Greene,Kevin Martin,Spencer Hawes,Tyreke Evans,Dwight Howard,Jameer Nelson,Mickael Pietrus,Ryan Anderson,Vince Carter,2,3:57,SAC,shot,,,,,,,,,,Tyreke Evans,,,,missed,,driving layup,25,6
Beno Udrih,Donte Greene,Kevin Martin,Spencer Hawes,Tyreke Evans,Dwight Howard,Jameer Nelson,Mickael Pietrus,Ryan Anderson,Vince Carter,2,3:55,ORL,rebound,,,,,,,,,,Dwight Howard,,,,,,def,,
Beno Udrih,Donte Greene,Kevin Martin,Spencer Hawes,Tyreke Evans,Dwight Howard,Jameer Nelson,Mickael Pietrus,Ryan Anderson,Vince Carter,2,3:51,SAC,foul,,,,,,,,Ryan Anderson,,Kevin Martin,,,,,,shooting,,
Beno Udrih,Donte Greene,Kevin Martin,Spencer Hawes,Tyreke Evans,Dwight Howard,Jameer Nelson,Mickael Pietrus,Ryan Anderson,Vince Carter,2,3:51,ORL,free throw,,,,,,,1,,2,Ryan Anderson,,,foul,made,,,,
Donte Greene,Jason Thompson,Kevin Martin,Spencer Hawes,Tyreke Evans,Dwight Howard,Jameer Nelson,Mickael Pietrus,Ryan Anderson,Vince Carter,2,3:51,SAC,sub,,,,Jason Thompson,,Beno Udrih,,,,,,,,,,,,
Donte Greene,Jason Thompson,Kevin Martin,Spencer Hawes,Tyreke Evans,Dwight Howard,Jameer Nelson,Mickael Pietrus,Ryan Anderson,Vince Carter,2,3:51,ORL,free throw,,,,,,,2,,2,Ryan Anderson,,,foul,made,,,,
Donte Greene,Jason Thompson,Kevin Martin,Spencer Hawes,Tyreke Evans,Dwight Howard,Jameer Nelson,Mickael Pietrus,Ryan Anderson,Vince Carter,2,3:36,SAC,shot,,,,,,,,,,Spencer Hawes,,,,missed,,jump hook,30,7
Donte Greene,Jason Thompson,Kevin Martin,Spencer Hawes,Tyreke Evans,Dwight Howard,Jameer Nelson,Mickael Pietrus,Ryan Anderson,Vince Carter,2,3:35,ORL,rebound,,,,,,,,,,Ryan Anderson,,,,,,def,,
Donte Greene,Jason Thompson,Kevin Martin,Spencer Hawes,Tyreke Evans,Dwight Howard,Jameer Nelson,Mickael Pietrus,Ryan Anderson,Vince Carter,2,3:34,ORL,turnover,,,,,,,,,,Ryan Anderson,,,discontinue dribble,,,,,
Donte Greene,Jason Thompson,Kevin Martin,Spencer Hawes,Tyreke Evans,Dwight Howard,Jameer Nelson,Mickael Pietrus,Rashard Lewis,Vince Carter,2,3:34,ORL,sub,,,,Rashard Lewis,,Ryan Anderson,,,,,,,,,,,,
Donte Greene,Jason Thompson,Kevin Martin,Spencer Hawes,Tyreke Evans,Dwight Howard,Jameer Nelson,Mickael Pietrus,Rashard Lewis,Vince Carter,2,3:16,SAC,shot,,,Vince Carter,,,,,,,Donte Greene,,,,missed,,jump,37,6
Donte Greene,Jason Thompson,Kevin Martin,Spencer Hawes,Tyreke Evans,Dwight Howard,Jameer Nelson,Mickael Pietrus,Rashard Lewis,Vince Carter,2,3:14,ORL,rebound,,,,,,,,,,Dwight Howard,,,,,,def,,
Donte Greene,Jason Thompson,Kevin Martin,Spencer Hawes,Tyreke Evans,Dwight Howard,Jameer Nelson,Mickael Pietrus,Rashard Lewis,Vince Carter,2,2:58,ORL,shot,,,,,,,,,,Rashard Lewis,,,,missed,,3pt,40,28
Donte Greene,Jason Thompson,Kevin Martin,Spencer Hawes,Tyreke Evans,Dwight Howard,Jameer Nelson,Mickael Pietrus,Rashard Lewis,Vince Carter,2,2:57,ORL,rebound,,,,,,,,,,Dwight Howard,,,,,,off,,
Donte Greene,Jason Thompson,Kevin Martin,Spencer Hawes,Tyreke Evans,Dwight Howard,Jameer Nelson,Mickael Pietrus,Rashard Lewis,Vince Carter,2,2:57,SAC,foul,,,,,,,,Dwight Howard,,Spencer Hawes,,,,,,shooting,,
Donte Greene,Jason Thompson,Kevin Martin,Spencer Hawes,Tyreke Evans,Dwight Howard,Jameer Nelson,Mickael Pietrus,Rashard Lewis,Vince Carter,2,2:57,SAC,timeout,,,,,,,,,,,,,,,,regular,,
Andres Nocioni,Donte Greene,Jason Thompson,Kevin Martin,Tyreke Evans,Dwight Howard,Jameer Nelson,Mickael Pietrus,Rashard Lewis,Vince Carter,2,2:57,SAC,sub,,,,Andres Nocioni,,Spencer Hawes,,,,,,,,,,,,
Andres Nocioni,Donte Greene,Jason Thompson,Kevin Martin,Tyreke Evans,Dwight Howard,Jameer Nelson,Mickael Pietrus,Rashard Lewis,Vince Carter,2,2:57,ORL,free throw,,,,,,,1,,2,Dwight Howard,,,foul,made,,,,
Andres Nocioni,Donte Greene,Jason Thompson,Kevin Martin,Tyreke Evans,Dwight Howard,Jameer Nelson,Mickael Pietrus,Rashard Lewis,Vince Carter,2,2:57,ORL,free throw,,,,,,,2,,2,Dwight Howard,,,foul,made,,,,
Andres Nocioni,Donte Greene,Jason Thompson,Kevin Martin,Tyreke Evans,Dwight Howard,Jameer Nelson,Mickael Pietrus,Rashard Lewis,Vince Carter,2,2:41,ORL,foul,,,,,,,,Donte Greene,,Vince Carter,,,,,,personal,,
Andres Nocioni,Donte Greene,Jason Thompson,Kevin Martin,Tyreke Evans,Dwight Howard,Jameer Nelson,Mickael Pietrus,Rashard Lewis,Vince Carter,2,2:32,SAC,shot,,,,,,,,,,Andres Nocioni,,,,missed,,layup,25,6
Andres Nocioni,Donte Greene,Jason Thompson,Kevin Martin,Tyreke Evans,Dwight Howard,Jameer Nelson,Mickael Pietrus,Rashard Lewis,Vince Carter,2,2:31,SAC,rebound,,,,,,,,,,Andres Nocioni,,,,,,off,,
Andres Nocioni,Donte Greene,Jason Thompson,Kevin Martin,Tyreke Evans,Dwight Howard,Jameer Nelson,Mickael Pietrus,Rashard Lewis,Vince Carter,2,2:30,SAC,shot,,,,,,,,,,Andres Nocioni,,,,missed,,layup,25,6
Andres Nocioni,Donte Greene,Jason Thompson,Kevin Martin,Tyreke Evans,Dwight Howard,Jameer Nelson,Mickael Pietrus,Rashard Lewis,Vince Carter,2,2:28,SAC,rebound,,,,,,,,,,Jason Thompson,,,,,,off,,
Andres Nocioni,Donte Greene,Jason Thompson,Kevin Martin,Tyreke Evans,Dwight Howard,Jameer Nelson,Mickael Pietrus,Rashard Lewis,Vince Carter,2,2:28,SAC,shot,,,,,,,,,,Jason Thompson,,,,missed,,tip,25,6
Andres Nocioni,Donte Greene,Jason Thompson,Kevin Martin,Tyreke Evans,Dwight Howard,Jameer Nelson,Mickael Pietrus,Rashard Lewis,Vince Carter,2,2:26,ORL,rebound,,,,,,,,,,Rashard Lewis,,,,,,def,,
Andres Nocioni,Donte Greene,Jason Thompson,Kevin Martin,Tyreke Evans,Dwight Howard,Jameer Nelson,Mickael Pietrus,Rashard Lewis,Vince Carter,2,2:20,ORL,turnover,,,,,,,,,,Vince Carter,,,bad pass,,Andres Nocioni,,,
Andres Nocioni,Donte Greene,Jason Thompson,Kevin Martin,Tyreke Evans,Dwight Howard,Jameer Nelson,Mickael Pietrus,Rashard Lewis,Vince Carter,2,2:16,ORL,foul,,,,,,,,Andres Nocioni,,Vince Carter,,,,,,personal,,
Andres Nocioni,Donte Greene,Jason Thompson,Kevin Martin,Tyreke Evans,J.J. Redick,Jameer Nelson,Mickael Pietrus,Rashard Lewis,Vince Carter,2,2:16,ORL,sub,,,,J.J. Redick,,Dwight Howard,,,,,,,,,,,,
Andres Nocioni,Donte Greene,Jason Thompson,Kevin Martin,Tyreke Evans,J.J. Redick,Jameer Nelson,Marcin Gortat,Mickael Pietrus,Rashard Lewis,2,2:16,ORL,sub,,,,Marcin Gortat,,Vince Carter,,,,,,,,,,,,
Andres Nocioni,Donte Greene,Jason Thompson,Kevin Martin,Tyreke Evans,J.J. Redick,Jameer Nelson,Marcin Gortat,Mickael Pietrus,Rashard Lewis,2,2:10,ORL,foul,,,,,,,,Jason Thompson,,Rashard Lewis,,,,,,shooting,,
Andres Nocioni,Donte Greene,Jason Thompson,Kevin Martin,Tyreke Evans,J.J. Redick,Jameer Nelson,Marcin Gortat,Mickael Pietrus,Rashard Lewis,2,2:10,SAC,free throw,,,,,,,1,,2,Jason Thompson,,,foul,missed,,,,
Andres Nocioni,Donte Greene,Jason Thompson,Kevin Martin,Tyreke Evans,J.J. Redick,Jameer Nelson,Marcin Gortat,Mickael Pietrus,Rashard Lewis,2,2:10,SAC,rebound,,,,,,,,,,,,,,,,,,
Andres Nocioni,Donte Greene,Jason Thompson,Kevin Martin,Tyreke Evans,J.J. Redick,Jameer Nelson,Marcin Gortat,Mickael Pietrus,Ryan Anderson,2,2:10,ORL,sub,,,,Ryan Anderson,,Rashard Lewis,,,,,,,,,,,,
Andres Nocioni,Beno Udrih,Jason Thompson,Kevin Martin,Tyreke Evans,J.J. Redick,Jameer Nelson,Marcin Gortat,Mickael Pietrus,Ryan Anderson,2,2:10,SAC,sub,,,,Beno Udrih,,Donte Greene,,,,,,,,,,,,
Andres Nocioni,Beno Udrih,Jason Thompson,Kevin Martin,Tyreke Evans,J.J. Redick,Jameer Nelson,Marcin Gortat,Mickael Pietrus,Ryan Anderson,2,2:10,SAC,free throw,,,,,,,2,,2,Jason Thompson,,,foul,made,,,,
Andres Nocioni,Beno Udrih,Jason Thompson,Kevin Martin,Tyreke Evans,J.J. Redick,Jameer Nelson,Marcin Gortat,Mickael Pietrus,Ryan Anderson,2,1:55,ORL,turnover,,,,,,,,,,Jameer Nelson,,,traveling,,,,,
Andres Nocioni,Beno Udrih,Jason Thompson,Kevin Martin,Tyreke Evans,J.J. Redick,Jameer Nelson,Marcin Gortat,Mickael Pietrus,Ryan Anderson,2,1:43,SAC,foul,,,,,,,,Jameer Nelson,,Jason Thompson,,,,,,offensive,,
Andres Nocioni,Beno Udrih,Jason Thompson,Kevin Martin,Tyreke Evans,J.J. Redick,Jameer Nelson,Marcin Gortat,Mickael Pietrus,Ryan Anderson,2,1:43,SAC,turnover,,,,,,,,,,Jason Thompson,,,foul,,,,,
Andres Nocioni,Beno Udrih,Jason Thompson,Kevin Martin,Tyreke Evans,J.J. Redick,Jameer Nelson,Marcin Gortat,Mickael Pietrus,Ryan Anderson,2,1:22,ORL,turnover,,,,,,,,,,Mickael Pietrus,,,bad pass,,Andres Nocioni,,,
Andres Nocioni,Beno Udrih,Jason Thompson,Kevin Martin,Tyreke Evans,J.J. Redick,Jameer Nelson,Marcin Gortat,Mickael Pietrus,Ryan Anderson,2,1:16,SAC,shot,,,,,,,,,,Beno Udrih,,,,missed,,driving reverse layup,25,6
Andres Nocioni,Beno Udrih,Jason Thompson,Kevin Martin,Tyreke Evans,J.J. Redick,Jameer Nelson,Marcin Gortat,Mickael Pietrus,Ryan Anderson,2,1:14,ORL,rebound,,,,,,,,,,Ryan Anderson,,,,,,def,,
Andres Nocioni,Beno Udrih,Jason Thompson,Kevin Martin,Tyreke Evans,J.J. Redick,Jameer Nelson,Marcin Gortat,Mickael Pietrus,Ryan Anderson,2,1:05,ORL,shot,Jameer Nelson,,,,,,,,,J.J. Redick,2,,,made,,jump,40,8
Andres Nocioni,Beno Udrih,Jason Thompson,Kevin Martin,Tyreke Evans,J.J. Redick,Jameer Nelson,Marcin Gortat,Mickael Pietrus,Ryan Anderson,2,0:46,SAC,shot,,,,,,,,,,Kevin Martin,,,,missed,,jump,29,25
Andres Nocioni,Beno Udrih,Jason Thompson,Kevin Martin,Tyreke Evans,J.J. Redick,Jameer Nelson,Marcin Gortat,Mickael Pietrus,Ryan Anderson,2,0:45,ORL,rebound,,,,,,,,,,Marcin Gortat,,,,,,def,,
Andres Nocioni,Beno Udrih,Jason Thompson,Kevin Martin,Tyreke Evans,J.J. Redick,Jameer Nelson,Marcin Gortat,Mickael Pietrus,Ryan Anderson,2,0:36,ORL,shot,,,,,,,,,,Ryan Anderson,,,,missed,,3pt,19,31
Andres Nocioni,Beno Udrih,Jason Thompson,Kevin Martin,Tyreke Evans,J.J. Redick,Jameer Nelson,Marcin Gortat,Mickael Pietrus,Ryan Anderson,2,0:35,SAC,rebound,,,,,,,,,,,,,,,,,,
Andres Nocioni,Beno Udrih,Kevin Martin,Spencer Hawes,Tyreke Evans,J.J. Redick,Jameer Nelson,Marcin Gortat,Mickael Pietrus,Ryan Anderson,2,0:35,SAC,sub,,,,Spencer Hawes,,Jason Thompson,,,,,,,,,,,,
Andres Nocioni,Beno Udrih,Kevin Martin,Spencer Hawes,Tyreke Evans,J.J. Redick,Jameer Nelson,Marcin Gortat,Mickael Pietrus,Ryan Anderson,2,0:29,SAC,shot,,,,,,,,,,Tyreke Evans,2,,,made,,driving layup,25,6
Andres Nocioni,Beno Udrih,Kevin Martin,Spencer Hawes,Tyreke Evans,J.J. Redick,Jameer Nelson,Marcin Gortat,Mickael Pietrus,Ryan Anderson,2,0:08,ORL,shot,Jameer Nelson,,,,,,,,,Ryan Anderson,2,,,made,,driving dunk,25,6
Andres Nocioni,Beno Udrih,Kevin Martin,Spencer Hawes,Tyreke Evans,J.J. Redick,Jameer Nelson,Marcin Gortat,Mickael Pietrus,Ryan Anderson,2,0:06,SAC,foul,,,,,,,,Mickael Pietrus,,Spencer Hawes,,,,,,offensive,,
Andres Nocioni,Beno Udrih,Kevin Martin,Spencer Hawes,Tyreke Evans,J.J. Redick,Jameer Nelson,Marcin Gortat,Mickael Pietrus,Ryan Anderson,2,0:06,SAC,turnover,,,,,,,,,,Spencer Hawes,,,foul,,,,,
Andres Nocioni,Beno Udrih,Kevin Martin,Spencer Hawes,Tyreke Evans,J.J. Redick,Jameer Nelson,Marcin Gortat,Mickael Pietrus,Ryan Anderson,2,0:00,ORL,shot,,,,,,,,,,Jameer Nelson,2,,,made,,fade away bank,33,11
Donte Greene,Jason Thompson,Jon Brockman,Kevin Martin,Tyreke Evans,Dwight Howard,Jameer Nelson,Matt Barnes,Rashard Lewis,Vince Carter,3,11:37,SAC,shot,,,,,,,,,,Donte Greene,,,,missed,,running jump,20,13
Donte Greene,Jason Thompson,Jon Brockman,Kevin Martin,Tyreke Evans,Dwight Howard,Jameer Nelson,Matt Barnes,Rashard Lewis,Vince Carter,3,11:36,SAC,rebound,,,,,,,,,,,,,,,,,,
Donte Greene,Jason Thompson,Jon Brockman,Kevin Martin,Tyreke Evans,Dwight Howard,Jameer Nelson,Matt Barnes,Rashard Lewis,Vince Carter,3,11:36,SAC,turnover,,,,,,,,,,,,,shot clock turnover,,,,,
Donte Greene,Jason Thompson,Jon Brockman,Kevin Martin,Tyreke Evans,Dwight Howard,Jameer Nelson,Matt Barnes,Rashard Lewis,Vince Carter,3,11:21,ORL,shot,,,,,,,,,,Dwight Howard,,,,missed,,driving layup,25,6
Donte Greene,Jason Thompson,Jon Brockman,Kevin Martin,Tyreke Evans,Dwight Howard,Jameer Nelson,Matt Barnes,Rashard Lewis,Vince Carter,3,11:20,SAC,rebound,,,,,,,,,,Jason Thompson,,,,,,def,,
Donte Greene,Jason Thompson,Jon Brockman,Kevin Martin,Tyreke Evans,Dwight Howard,Jameer Nelson,Matt Barnes,Rashard Lewis,Vince Carter,3,11:10,SAC,shot,,,,,,,,,,Jason Thompson,,,,missed,,jump,35,19
Donte Greene,Jason Thompson,Jon Brockman,Kevin Martin,Tyreke Evans,Dwight Howard,Jameer Nelson,Matt Barnes,Rashard Lewis,Vince Carter,3,11:10,ORL,rebound,,,,,,,,,,Matt Barnes,,,,,,def,,
Donte Greene,Jason Thompson,Jon Brockman,Kevin Martin,Tyreke Evans,Dwight Howard,Jameer Nelson,Matt Barnes,Rashard Lewis,Vince Carter,3,11:05,SAC,foul,,,,,,,,Dwight Howard,,Jon Brockman,,,,,,personal,,
Donte Greene,Jason Thompson,Jon Brockman,Kevin Martin,Tyreke Evans,Dwight Howard,Jameer Nelson,Matt Barnes,Rashard Lewis,Vince Carter,3,11:01,ORL,shot,,,,,,,,,,Dwight Howard,,,,missed,,layup,25,6
Donte Greene,Jason Thompson,Jon Brockman,Kevin Martin,Tyreke Evans,Dwight Howard,Jameer Nelson,Matt Barnes,Rashard Lewis,Vince Carter,3,11:00,SAC,rebound,,,,,,,,,,Jon Brockman,,,,,,def,,
Donte Greene,Jason Thompson,Jon Brockman,Kevin Martin,Tyreke Evans,Dwight Howard,Jameer Nelson,Matt Barnes,Rashard Lewis,Vince Carter,3,11:00,ORL,foul,,,,,,,,Jon Brockman,,Dwight Howard,,,,,,personal,,
Donte Greene,Jason Thompson,Jon Brockman,Kevin Martin,Tyreke Evans,Dwight Howard,Jameer Nelson,Matt Barnes,Rashard Lewis,Vince Carter,3,10:44,SAC,shot,,,Dwight Howard,,,,,,,Tyreke Evans,,,,missed,,layup,25,6
Donte Greene,Jason Thompson,Jon Brockman,Kevin Martin,Tyreke Evans,Dwight Howard,Jameer Nelson,Matt Barnes,Rashard Lewis,Vince Carter,3,10:41,ORL,rebound,,,,,,,,,,Jameer Nelson,,,,,,def,,
Donte Greene,Jason Thompson,Jon Brockman,Kevin Martin,Tyreke Evans,Dwight Howard,Jameer Nelson,Matt Barnes,Rashard Lewis,Vince Carter,3,10:38,ORL,shot,Rashard Lewis,,,,,,,,,Matt Barnes,2,,,made,,layup,25,6
Donte Greene,Jason Thompson,Jon Brockman,Kevin Martin,Tyreke Evans,Dwight Howard,Jameer Nelson,Matt Barnes,Rashard Lewis,Vince Carter,3,10:17,SAC,shot,,,,,,,,,,Jon Brockman,,,,missed,,jump,16,21
Donte Greene,Jason Thompson,Jon Brockman,Kevin Martin,Tyreke Evans,Dwight Howard,Jameer Nelson,Matt Barnes,Rashard Lewis,Vince Carter,3,10:17,ORL,rebound,,,,,,,,,,Dwight Howard,,,,,,def,,
Donte Greene,Jason Thompson,Jon Brockman,Kevin Martin,Tyreke Evans,Dwight Howard,Jameer Nelson,Matt Barnes,Rashard Lewis,Vince Carter,3,10:04,ORL,shot,,,,,,,,,,Dwight Howard,,,,missed,,driving reverse layup,25,6
Donte Greene,Jason Thompson,Jon Brockman,Kevin Martin,Tyreke Evans,Dwight Howard,Jameer Nelson,Matt Barnes,Rashard Lewis,Vince Carter,3,10:02,SAC,rebound,,,,,,,,,,Jon Brockman,,,,,,def,,
Donte Greene,Jason Thompson,Jon Brockman,Kevin Martin,Tyreke Evans,Dwight Howard,Jameer Nelson,Matt Barnes,Rashard Lewis,Vince Carter,3,9:57,SAC,turnover,,,,,,,,,,Tyreke Evans,,,bad pass,,Dwight Howard,,,
Donte Greene,Jason Thompson,Jon Brockman,Kevin Martin,Tyreke Evans,Dwight Howard,Jameer Nelson,Matt Barnes,Rashard Lewis,Vince Carter,3,9:49,ORL,shot,Jameer Nelson,,,,,,,,,Dwight Howard,2,,,made,,layup,25,6
Donte Greene,Jason Thompson,Jon Brockman,Kevin Martin,Tyreke Evans,Dwight Howard,Jameer Nelson,Matt Barnes,Rashard Lewis,Vince Carter,3,9:23,SAC,shot,,,Vince Carter,,,,,,,Tyreke Evans,,,,missed,,layup,25,6
Donte Greene,Jason Thompson,Jon Brockman,Kevin Martin,Tyreke Evans,Dwight Howard,Jameer Nelson,Matt Barnes,Rashard Lewis,Vince Carter,3,9:21,SAC,rebound,,,,,,,,,,Tyreke Evans,,,,,,off,,
Donte Greene,Jason Thompson,Jon Brockman,Kevin Martin,Tyreke Evans,Dwight Howard,Jameer Nelson,Matt Barnes,Rashard Lewis,Vince Carter,3,9:21,SAC,turnover,,,,,,,,,,,,,shot clock turnover,,,,,
Donte Greene,Jason Thompson,Jon Brockman,Kevin Martin,Tyreke Evans,Dwight Howard,Jameer Nelson,Matt Barnes,Rashard Lewis,Vince Carter,3,9:15,ORL,shot,,,,,,,,,,Vince Carter,,,,missed,,3pt,45,22
Donte Greene,Jason Thompson,Jon Brockman,Kevin Martin,Tyreke Evans,Dwight Howard,Jameer Nelson,Matt Barnes,Rashard Lewis,Vince Carter,3,9:15,SAC,rebound,,,,,,,,,,Jason Thompson,,,,,,def,,
Donte Greene,Jason Thompson,Jon Brockman,Kevin Martin,Tyreke Evans,Dwight Howard,Jameer Nelson,Matt Barnes,Rashard Lewis,Vince Carter,3,9:05,SAC,shot,,,,,,,,,,Donte Greene,,,,missed,,3pt,2,8
Donte Greene,Jason Thompson,Jon Brockman,Kevin Martin,Tyreke Evans,Dwight Howard,Jameer Nelson,Matt Barnes,Rashard Lewis,Vince Carter,3,9:04,ORL,rebound,,,,,,,,,,Dwight Howard,,,,,,def,,
Donte Greene,Jason Thompson,Jon Brockman,Kevin Martin,Tyreke Evans,Dwight Howard,Jameer Nelson,Matt Barnes,Rashard Lewis,Vince Carter,3,8:56,ORL,shot,Jameer Nelson,,,,,,,,,Vince Carter,3,,,made,,3pt,47,11
Donte Greene,Jason Thompson,Jon Brockman,Kevin Martin,Tyreke Evans,Dwight Howard,Jameer Nelson,Matt Barnes,Rashard Lewis,Vince Carter,3,8:56,SAC,timeout,,,,,,,,,,,,,,,,regular,,
Jason Thompson,Jon Brockman,Kevin Martin,Omri Casspi,Tyreke Evans,Dwight Howard,Jameer Nelson,Matt Barnes,Rashard Lewis,Vince Carter,3,8:56,SAC,sub,,,,Omri Casspi,,Donte Greene,,,,,,,,,,,,
Jason Thompson,Jon Brockman,Kevin Martin,Omri Casspi,Tyreke Evans,Dwight Howard,Jameer Nelson,Matt Barnes,Rashard Lewis,Vince Carter,3,8:36,ORL,foul,,,,,,,,Jon Brockman,,Rashard Lewis,,,,,,shooting,,
Jason Thompson,Jon Brockman,Kevin Martin,Omri Casspi,Tyreke Evans,Dwight Howard,Jameer Nelson,Matt Barnes,Rashard Lewis,Vince Carter,3,8:36,SAC,free throw,,,,,,,1,,2,Jon Brockman,,,foul,missed,,,,
Jason Thompson,Jon Brockman,Kevin Martin,Omri Casspi,Tyreke Evans,Dwight Howard,Jameer Nelson,Matt Barnes,Rashard Lewis,Vince Carter,3,8:36,SAC,rebound,,,,,,,,,,,,,,,,,,
Jason Thompson,Jon Brockman,Kevin Martin,Omri Casspi,Tyreke Evans,Dwight Howard,Jameer Nelson,Matt Barnes,Rashard Lewis,Vince Carter,3,8:36,SAC,free throw,,,,,,,2,,2,Jon Brockman,,,foul,missed,,,,
Jason Thompson,Jon Brockman,Kevin Martin,Omri Casspi,Tyreke Evans,Dwight Howard,Jameer Nelson,Matt Barnes,Rashard Lewis,Vince Carter,3,8:36,ORL,rebound,,,,,,,,,,,,,,,,,,
Jason Thompson,Jon Brockman,Kevin Martin,Omri Casspi,Tyreke Evans,Dwight Howard,Jameer Nelson,Matt Barnes,Rashard Lewis,Vince Carter,3,8:21,SAC,foul,,,,,,,,Dwight Howard,,Jon Brockman,,,,,,shooting,,
Jason Thompson,Jon Brockman,Kevin Martin,Omri Casspi,Tyreke Evans,Dwight Howard,Jameer Nelson,Matt Barnes,Rashard Lewis,Vince Carter,3,8:21,ORL,free throw,,,,,,,1,,2,Dwight Howard,,,foul,made,,,,
Jason Thompson,Kevin Martin,Omri Casspi,Sergio Rodriguez,Tyreke Evans,Dwight Howard,Jameer Nelson,Matt Barnes,Rashard Lewis,Vince Carter,3,8:21,SAC,sub,,,,Sergio Rodriguez,,Jon Brockman,,,,,,,,,,,,
Jason Thompson,Kevin Martin,Omri Casspi,Sergio Rodriguez,Tyreke Evans,Dwight Howard,Jameer Nelson,Matt Barnes,Rashard Lewis,Vince Carter,3,8:21,ORL,free throw,,,,,,,2,,2,Dwight Howard,,,foul,made,,,,
Jason Thompson,Kevin Martin,Omri Casspi,Sergio Rodriguez,Tyreke Evans,Dwight Howard,Jameer Nelson,Matt Barnes,Rashard Lewis,Vince Carter,3,8:06,SAC,turnover,,,,,,,,,,Omri Casspi,,,bad pass,,Dwight Howard,,,
Jason Thompson,Kevin Martin,Omri Casspi,Sergio Rodriguez,Tyreke Evans,Dwight Howard,Jameer Nelson,Matt Barnes,Rashard Lewis,Vince Carter,3,7:59,ORL,shot,,,,,,,,,,Rashard Lewis,,,,missed,,3pt,41,27
Jason Thompson,Kevin Martin,Omri Casspi,Sergio Rodriguez,Tyreke Evans,Dwight Howard,Jameer Nelson,Matt Barnes,Rashard Lewis,Vince Carter,3,7:59,ORL,rebound,,,,,,,,,,,,,,,,,,
Jason Thompson,Kevin Martin,Omri Casspi,Sergio Rodriguez,Tyreke Evans,Dwight Howard,Jameer Nelson,Matt Barnes,Rashard Lewis,Vince Carter,3,7:59,SAC,foul,,,,,,,,Dwight Howard,,Jason Thompson,,,,,,loose ball,,
Jason Thompson,Kevin Martin,Omri Casspi,Sergio Rodriguez,Tyreke Evans,Dwight Howard,Jameer Nelson,Matt Barnes,Rashard Lewis,Vince Carter,3,7:44,SAC,foul,,,,,,,,Dwight Howard,,Jason Thompson,,,,,,shooting,,
Jason Thompson,Kevin Martin,Omri Casspi,Sergio Rodriguez,Tyreke Evans,Dwight Howard,Jameer Nelson,Matt Barnes,Rashard Lewis,Vince Carter,3,7:44,ORL,free throw,,,,,,,1,,2,Dwight Howard,,,foul,made,,,,
Hilton Armstrong,Kevin Martin,Omri Casspi,Sergio Rodriguez,Tyreke Evans,Dwight Howard,Jameer Nelson,Matt Barnes,Rashard Lewis,Vince Carter,3,7:44,SAC,sub,,,,Hilton Armstrong,,Jason Thompson,,,,,,,,,,,,
Hilton Armstrong,Kevin Martin,Omri Casspi,Sergio Rodriguez,Tyreke Evans,Dwight Howard,Jameer Nelson,Matt Barnes,Rashard Lewis,Vince Carter,3,7:44,ORL,free throw,,,,,,,2,,2,Dwight Howard,,,foul,made,,,,
Hilton Armstrong,Kevin Martin,Omri Casspi,Sergio Rodriguez,Tyreke Evans,Dwight Howard,Jameer Nelson,Matt Barnes,Rashard Lewis,Vince Carter,3,7:33,SAC,turnover,,,,,,,,,,Sergio Rodriguez,,,bad pass,,Vince Carter,,,
Hilton Armstrong,Kevin Martin,Omri Casspi,Sergio Rodriguez,Tyreke Evans,Dwight Howard,Jameer Nelson,Matt Barnes,Rashard Lewis,Vince Carter,3,7:16,ORL,shot,,,,,,,,,,Dwight Howard,2,,,made,,layup,25,6
Hilton Armstrong,Kevin Martin,Omri Casspi,Sergio Rodriguez,Tyreke Evans,Dwight Howard,Jameer Nelson,Matt Barnes,Rashard Lewis,Vince Carter,3,6:59,SAC,shot,,,,,,,,,,Omri Casspi,,,,missed,,layup,25,6
Hilton Armstrong,Kevin Martin,Omri Casspi,Sergio Rodriguez,Tyreke Evans,Dwight Howard,Jameer Nelson,Matt Barnes,Rashard Lewis,Vince Carter,3,6:57,ORL,rebound,,,,,,,,,,Dwight Howard,,,,,,def,,
Hilton Armstrong,Kevin Martin,Omri Casspi,Sergio Rodriguez,Tyreke Evans,Dwight Howard,Jameer Nelson,Matt Barnes,Rashard Lewis,Vince Carter,3,6:52,ORL,shot,,,,,,,,,,Rashard Lewis,,,,missed,,driving layup,25,6
Hilton Armstrong,Kevin Martin,Omri Casspi,Sergio Rodriguez,Tyreke Evans,Dwight Howard,Jameer Nelson,Matt Barnes,Rashard Lewis,Vince Carter,3,6:50,SAC,rebound,,,,,,,,,,Tyreke Evans,,,,,,def,,
Hilton Armstrong,Kevin Martin,Omri Casspi,Sergio Rodriguez,Tyreke Evans,Dwight Howard,Jameer Nelson,Matt Barnes,Rashard Lewis,Vince Carter,3,6:48,SAC,shot,,,,,,,,,,Tyreke Evans,2,,,made,,layup,25,6
Hilton Armstrong,Kevin Martin,Omri Casspi,Sergio Rodriguez,Tyreke Evans,Dwight Howard,Jameer Nelson,Matt Barnes,Rashard Lewis,Vince Carter,3,6:48,ORL,foul,,,,,,,,Tyreke Evans,,Jameer Nelson,,,,,,shooting,,
Hilton Armstrong,Kevin Martin,Omri Casspi,Sergio Rodriguez,Tyreke Evans,Dwight Howard,Jameer Nelson,Matt Barnes,Rashard Lewis,Vince Carter,3,6:48,SAC,free throw,,,,,,,1,,1,Tyreke Evans,,,foul,made,,,,
Hilton Armstrong,Kevin Martin,Omri Casspi,Sergio Rodriguez,Tyreke Evans,Dwight Howard,Jameer Nelson,Matt Barnes,Rashard Lewis,Vince Carter,3,6:28,ORL,shot,,,,,,,,,,Jameer Nelson,,,,missed,,3pt,22,31
Hilton Armstrong,Kevin Martin,Omri Casspi,Sergio Rodriguez,Tyreke Evans,Dwight Howard,Jameer Nelson,Matt Barnes,Rashard Lewis,Vince Carter,3,6:27,ORL,rebound,,,,,,,,,,Rashard Lewis,,,,,,off,,
Hilton Armstrong,Kevin Martin,Omri Casspi,Sergio Rodriguez,Tyreke Evans,Dwight Howard,Jameer Nelson,Matt Barnes,Rashard Lewis,Vince Carter,3,6:20,SAC,foul,,,,,,,,Dwight Howard,,Hilton Armstrong,,,,,,shooting,,
Hilton Armstrong,Kevin Martin,Omri Casspi,Sergio Rodriguez,Tyreke Evans,Dwight Howard,Jameer Nelson,Matt Barnes,Rashard Lewis,Vince Carter,3,6:20,ORL,free throw,,,,,,,1,,2,Dwight Howard,,,foul,made,,,,
Hilton Armstrong,Kevin Martin,Omri Casspi,Sergio Rodriguez,Tyreke Evans,Dwight Howard,Jameer Nelson,Matt Barnes,Rashard Lewis,Vince Carter,3,6:20,ORL,free throw,,,,,,,2,,2,Dwight Howard,,,foul,made,,,,
Hilton Armstrong,Kevin Martin,Omri Casspi,Sergio Rodriguez,Tyreke Evans,Dwight Howard,Jameer Nelson,Matt Barnes,Rashard Lewis,Vince Carter,3,6:07,SAC,shot,,,,,,,,,,Omri Casspi,,,,missed,,jump,12,23
Hilton Armstrong,Kevin Martin,Omri Casspi,Sergio Rodriguez,Tyreke Evans,Dwight Howard,Jameer Nelson,Matt Barnes,Rashard Lewis,Vince Carter,3,6:06,ORL,rebound,,,,,,,,,,Dwight Howard,,,,,,def,,
Hilton Armstrong,Kevin Martin,Omri Casspi,Sergio Rodriguez,Tyreke Evans,Dwight Howard,Jameer Nelson,Matt Barnes,Rashard Lewis,Vince Carter,3,5:57,ORL,turnover,,,,,,,,,,Rashard Lewis,,,bad pass,,Hilton Armstrong,,,
Hilton Armstrong,Kevin Martin,Omri Casspi,Sergio Rodriguez,Tyreke Evans,Dwight Howard,Jameer Nelson,Matt Barnes,Rashard Lewis,Vince Carter,3,5:54,SAC,turnover,,,,,,,,,,Omri Casspi,,,bad pass,,Matt Barnes,,,
Hilton Armstrong,Kevin Martin,Omri Casspi,Sergio Rodriguez,Tyreke Evans,Dwight Howard,Jameer Nelson,Matt Barnes,Rashard Lewis,Vince Carter,3,5:47,ORL,turnover,,,,,,,,,,Dwight Howard,,,traveling,,,,,
Hilton Armstrong,Kevin Martin,Omri Casspi,Sergio Rodriguez,Tyreke Evans,Dwight Howard,Jameer Nelson,Matt Barnes,Rashard Lewis,Vince Carter,3,5:33,SAC,shot,Sergio Rodriguez,,,,,,,,,Hilton Armstrong,2,,,made,,reverse layup,25,6
Hilton Armstrong,Kevin Martin,Omri Casspi,Sergio Rodriguez,Tyreke Evans,Dwight Howard,Jameer Nelson,Matt Barnes,Rashard Lewis,Vince Carter,3,5:15,ORL,shot,,,,,,,,,,Vince Carter,2,,,made,,driving layup,25,6
Hilton Armstrong,Kevin Martin,Omri Casspi,Sergio Rodriguez,Tyreke Evans,Dwight Howard,Jameer Nelson,Matt Barnes,Rashard Lewis,Vince Carter,3,4:53,SAC,turnover,,,,,,,,,,Sergio Rodriguez,,,bad pass,,Dwight Howard,,,
Hilton Armstrong,Kevin Martin,Omri Casspi,Sergio Rodriguez,Tyreke Evans,Dwight Howard,Jameer Nelson,Matt Barnes,Rashard Lewis,Vince Carter,3,4:50,ORL,turnover,,,,,,,,,,Rashard Lewis,,,bad pass,,Tyreke Evans,,,
Hilton Armstrong,Kevin Martin,Omri Casspi,Sergio Rodriguez,Tyreke Evans,Dwight Howard,Jameer Nelson,Matt Barnes,Rashard Lewis,Vince Carter,3,4:46,SAC,shot,,,,,,,,,,Tyreke Evans,,,,missed,,layup,25,6
Hilton Armstrong,Kevin Martin,Omri Casspi,Sergio Rodriguez,Tyreke Evans,Dwight Howard,Jameer Nelson,Matt Barnes,Rashard Lewis,Vince Carter,3,4:45,SAC,rebound,,,,,,,,,,Omri Casspi,,,,,,off,,
Hilton Armstrong,Kevin Martin,Omri Casspi,Sergio Rodriguez,Tyreke Evans,Dwight Howard,Jameer Nelson,Matt Barnes,Rashard Lewis,Vince Carter,3,4:45,SAC,shot,,,,,,,,,,Omri Casspi,2,,,made,,tip,25,6
Hilton Armstrong,Kevin Martin,Omri Casspi,Sergio Rodriguez,Tyreke Evans,Dwight Howard,Jameer Nelson,Matt Barnes,Rashard Lewis,Vince Carter,3,4:31,ORL,shot,,,,,,,,,,Matt Barnes,,,,missed,,layup,25,6
Hilton Armstrong,Kevin Martin,Omri Casspi,Sergio Rodriguez,Tyreke Evans,Dwight Howard,Jameer Nelson,Matt Barnes,Rashard Lewis,Vince Carter,3,4:30,ORL,rebound,,,,,,,,,,Dwight Howard,,,,,,off,,
Hilton Armstrong,Kevin Martin,Omri Casspi,Sergio Rodriguez,Tyreke Evans,Dwight Howard,Jameer Nelson,Matt Barnes,Rashard Lewis,Vince Carter,3,4:30,SAC,foul,,,,,,,,Dwight Howard,,Omri Casspi,,,,,,personal,,
Hilton Armstrong,Kevin Martin,Omri Casspi,Sergio Rodriguez,Tyreke Evans,Dwight Howard,Jameer Nelson,Matt Barnes,Rashard Lewis,Vince Carter,3,4:30,ORL,free throw,,,,,,,1,,2,Dwight Howard,,,foul,missed,,,,
Hilton Armstrong,Kevin Martin,Omri Casspi,Sergio Rodriguez,Tyreke Evans,Dwight Howard,Jameer Nelson,Matt Barnes,Rashard Lewis,Vince Carter,3,4:30,ORL,rebound,,,,,,,,,,,,,,,,,,
Beno Udrih,Hilton Armstrong,Kevin Martin,Omri Casspi,Tyreke Evans,Dwight Howard,Jameer Nelson,Matt Barnes,Rashard Lewis,Vince Carter,3,4:30,SAC,sub,,,,Beno Udrih,,Sergio Rodriguez,,,,,,,,,,,,
Beno Udrih,Hilton Armstrong,Kevin Martin,Omri Casspi,Tyreke Evans,Dwight Howard,Jameer Nelson,Matt Barnes,Rashard Lewis,Vince Carter,3,4:30,ORL,free throw,,,,,,,2,,2,Dwight Howard,,,foul,made,,,,
Beno Udrih,Hilton Armstrong,Kevin Martin,Omri Casspi,Tyreke Evans,Dwight Howard,Jameer Nelson,Matt Barnes,Rashard Lewis,Vince Carter,3,4:15,ORL,foul,,,,,,,,Tyreke Evans,,Matt Barnes,,,,,,personal,,
Beno Udrih,Hilton Armstrong,Kevin Martin,Omri Casspi,Tyreke Evans,Dwight Howard,Jameer Nelson,Matt Barnes,Rashard Lewis,Vince Carter,3,4:01,SAC,shot,,,,,,,,,,Beno Udrih,,,,missed,,jump,40,14
Beno Udrih,Hilton Armstrong,Kevin Martin,Omri Casspi,Tyreke Evans,Dwight Howard,Jameer Nelson,Matt Barnes,Rashard Lewis,Vince Carter,3,4:01,SAC,rebound,,,,,,,,,,Kevin Martin,,,,,,off,,
Beno Udrih,Hilton Armstrong,Kevin Martin,Omri Casspi,Tyreke Evans,Dwight Howard,Jameer Nelson,Matt Barnes,Rashard Lewis,Vince Carter,3,3:56,SAC,shot,,,,,,,,,,Kevin Martin,,,,missed,,jump,12,15
Beno Udrih,Hilton Armstrong,Kevin Martin,Omri Casspi,Tyreke Evans,Dwight Howard,Jameer Nelson,Matt Barnes,Rashard Lewis,Vince Carter,3,3:54,ORL,rebound,,,,,,,,,,Vince Carter,,,,,,def,,
Beno Udrih,Hilton Armstrong,Kevin Martin,Omri Casspi,Tyreke Evans,Dwight Howard,Jameer Nelson,Matt Barnes,Rashard Lewis,Vince Carter,3,3:49,SAC,foul,,,,,,,,Matt Barnes,,Kevin Martin,,,,,,personal,,
Beno Udrih,Hilton Armstrong,Kevin Martin,Omri Casspi,Tyreke Evans,Dwight Howard,Jason Williams,Matt Barnes,Rashard Lewis,Vince Carter,3,3:49,ORL,sub,,,,Jason Williams,,Jameer Nelson,,,,,,,,,,,,
Beno Udrih,Hilton Armstrong,Kevin Martin,Omri Casspi,Tyreke Evans,Dwight Howard,Jason Williams,Matt Barnes,Rashard Lewis,Vince Carter,3,3:49,ORL,free throw,,,,,,,1,,2,Matt Barnes,,,foul,made,,,,
Beno Udrih,Hilton Armstrong,Kevin Martin,Omri Casspi,Tyreke Evans,Dwight Howard,Jason Williams,Matt Barnes,Rashard Lewis,Vince Carter,3,3:49,ORL,free throw,,,,,,,2,,2,Matt Barnes,,,foul,missed,,,,
Beno Udrih,Hilton Armstrong,Kevin Martin,Omri Casspi,Tyreke Evans,Dwight Howard,Jason Williams,Matt Barnes,Rashard Lewis,Vince Carter,3,3:48,SAC,rebound,,,,,,,,,,Hilton Armstrong,,,,,,def,,
Beno Udrih,Hilton Armstrong,Kevin Martin,Omri Casspi,Tyreke Evans,Dwight Howard,Jason Williams,Matt Barnes,Rashard Lewis,Vince Carter,3,3:33,SAC,turnover,,,,,,,,,,Omri Casspi,,,bad pass,,Jason Williams,,,
Beno Udrih,Hilton Armstrong,Kevin Martin,Omri Casspi,Tyreke Evans,Dwight Howard,Jason Williams,Matt Barnes,Rashard Lewis,Vince Carter,3,3:28,ORL,shot,Matt Barnes,,,,,,,,,Rashard Lewis,2,,,made,,layup,25,6
Beno Udrih,Hilton Armstrong,Kevin Martin,Omri Casspi,Tyreke Evans,Dwight Howard,Jason Williams,Matt Barnes,Rashard Lewis,Vince Carter,3,3:28,SAC,foul,,,,,,,,Rashard Lewis,,Omri Casspi,,,,,,shooting,,
Andres Nocioni,Beno Udrih,Hilton Armstrong,Kevin Martin,Tyreke Evans,Dwight Howard,Jason Williams,Matt Barnes,Rashard Lewis,Vince Carter,3,3:28,SAC,sub,,,,Andres Nocioni,,Omri Casspi,,,,,,,,,,,,
Andres Nocioni,Beno Udrih,Kevin Martin,Spencer Hawes,Tyreke Evans,Dwight Howard,Jason Williams,Matt Barnes,Rashard Lewis,Vince Carter,3,3:28,SAC,sub,,,,Spencer Hawes,,Hilton Armstrong,,,,,,,,,,,,
Andres Nocioni,Beno Udrih,Kevin Martin,Spencer Hawes,Tyreke Evans,Dwight Howard,J.J. Redick,Jason Williams,Matt Barnes,Rashard Lewis,3,3:28,ORL,sub,,,,J.J. Redick,,Vince Carter,,,,,,,,,,,,
Andres Nocioni,Beno Udrih,Kevin Martin,Spencer Hawes,Tyreke Evans,Dwight Howard,J.J. Redick,Jason Williams,Matt Barnes,Rashard Lewis,3,3:28,ORL,free throw,,,,,,,1,,1,Rashard Lewis,,,foul,missed,,,,
Andres Nocioni,Beno Udrih,Kevin Martin,Spencer Hawes,Tyreke Evans,Dwight Howard,J.J. Redick,Jason Williams,Matt Barnes,Rashard Lewis,3,3:27,SAC,rebound,,,,,,,,,,Beno Udrih,,,,,,def,,
Andres Nocioni,Beno Udrih,Kevin Martin,Spencer Hawes,Tyreke Evans,Dwight Howard,J.J. Redick,Jason Williams,Matt Barnes,Rashard Lewis,3,3:11,SAC,shot,,,,,,,,,,Tyreke Evans,2,,,made,,driving layup,25,6
Andres Nocioni,Beno Udrih,Kevin Martin,Spencer Hawes,Tyreke Evans,Dwight Howard,J.J. Redick,Jason Williams,Matt Barnes,Rashard Lewis,3,2:50,ORL,shot,,,,,,,,,,Rashard Lewis,2,,,made,,layup,25,6
Andres Nocioni,Beno Udrih,Kevin Martin,Spencer Hawes,Tyreke Evans,Dwight Howard,J.J. Redick,Jason Williams,Matt Barnes,Rashard Lewis,3,2:37,SAC,shot,,,,,,,,,,Andres Nocioni,2,,,made,,driving layup,25,6
Andres Nocioni,Beno Udrih,Kevin Martin,Spencer Hawes,Tyreke Evans,Dwight Howard,J.J. Redick,Jason Williams,Matt Barnes,Rashard Lewis,3,2:22,ORL,shot,,,,,,,,,,Jason Williams,2,,,made,,driving layup,25,6
Andres Nocioni,Beno Udrih,Kevin Martin,Spencer Hawes,Tyreke Evans,Dwight Howard,J.J. Redick,Jason Williams,Matt Barnes,Rashard Lewis,3,2:05,ORL,foul,,,,,,,,Tyreke Evans,,Dwight Howard,,,,,,shooting,,
Andres Nocioni,Beno Udrih,Kevin Martin,Spencer Hawes,Tyreke Evans,Dwight Howard,J.J. Redick,Jason Williams,Matt Barnes,Rashard Lewis,3,2:05,ORL,timeout,,,,,,,,,,,,,,,,regular,,
Andres Nocioni,Beno Udrih,Kevin Martin,Spencer Hawes,Tyreke Evans,J.J. Redick,Jason Williams,Marcin Gortat,Matt Barnes,Rashard Lewis,3,2:05,ORL,sub,,,,Marcin Gortat,,Dwight Howard,,,,,,,,,,,,
Andres Nocioni,Beno Udrih,Kevin Martin,Spencer Hawes,Tyreke Evans,J.J. Redick,Jason Williams,Marcin Gortat,Matt Barnes,Rashard Lewis,3,2:05,SAC,free throw,,,,,,,1,,2,Tyreke Evans,,,foul,made,,,,
Andres Nocioni,Beno Udrih,Kevin Martin,Spencer Hawes,Tyreke Evans,J.J. Redick,Jason Williams,Marcin Gortat,Matt Barnes,Rashard Lewis,3,2:05,SAC,free throw,,,,,,,2,,2,Tyreke Evans,,,foul,made,,,,
Andres Nocioni,Beno Udrih,Kevin Martin,Spencer Hawes,Tyreke Evans,J.J. Redick,Jason Williams,Marcin Gortat,Matt Barnes,Rashard Lewis,3,1:51,SAC,foul,,,,,,,,Rashard Lewis,,Andres Nocioni,,,,,,shooting,,
Andres Nocioni,Beno Udrih,Kevin Martin,Spencer Hawes,Tyreke Evans,J.J. Redick,Jason Williams,Marcin Gortat,Matt Barnes,Rashard Lewis,3,1:51,ORL,free throw,,,,,,,1,,2,Rashard Lewis,,,foul,made,,,,
Andres Nocioni,Beno Udrih,Kevin Martin,Spencer Hawes,Tyreke Evans,J.J. Redick,Jason Williams,Marcin Gortat,Matt Barnes,Rashard Lewis,3,1:51,ORL,free throw,,,,,,,2,,2,Rashard Lewis,,,foul,made,,,,
Andres Nocioni,Beno Udrih,Kevin Martin,Spencer Hawes,Tyreke Evans,J.J. Redick,Jason Williams,Marcin Gortat,Matt Barnes,Rashard Lewis,3,1:42,SAC,turnover,,,,,,,,,,Beno Udrih,,,bad pass,,Jason Williams,,,
Andres Nocioni,Beno Udrih,Kevin Martin,Spencer Hawes,Tyreke Evans,J.J. Redick,Jason Williams,Marcin Gortat,Matt Barnes,Rashard Lewis,3,1:31,ORL,turnover,,,,,,,,,,Rashard Lewis,,,bad pass,,,,,
Andres Nocioni,Beno Udrih,Kevin Martin,Spencer Hawes,Tyreke Evans,J.J. Redick,Jason Williams,Marcin Gortat,Matt Barnes,Rashard Lewis,3,1:19,SAC,shot,,,Marcin Gortat,,,,,,,Andres Nocioni,,,,missed,,layup,25,6
Andres Nocioni,Beno Udrih,Kevin Martin,Spencer Hawes,Tyreke Evans,J.J. Redick,Jason Williams,Marcin Gortat,Matt Barnes,Rashard Lewis,3,1:17,SAC,rebound,,,,,,,,,,Spencer Hawes,,,,,,off,,
Andres Nocioni,Beno Udrih,Kevin Martin,Spencer Hawes,Tyreke Evans,J.J. Redick,Jason Williams,Marcin Gortat,Matt Barnes,Rashard Lewis,3,1:16,SAC,shot,,,,,,,,,,Spencer Hawes,,,,missed,,layup,25,6
Andres Nocioni,Beno Udrih,Kevin Martin,Spencer Hawes,Tyreke Evans,J.J. Redick,Jason Williams,Marcin Gortat,Matt Barnes,Rashard Lewis,3,1:14,ORL,rebound,,,,,,,,,,J.J. Redick,,,,,,def,,
Andres Nocioni,Beno Udrih,Kevin Martin,Spencer Hawes,Tyreke Evans,J.J. Redick,Jason Williams,Marcin Gortat,Matt Barnes,Rashard Lewis,3,1:08,ORL,shot,,,,,,,,,,Matt Barnes,,,,missed,,layup,25,6
Andres Nocioni,Beno Udrih,Kevin Martin,Spencer Hawes,Tyreke Evans,J.J. Redick,Jason Williams,Marcin Gortat,Matt Barnes,Rashard Lewis,3,1:07,SAC,rebound,,,,,,,,,,Spencer Hawes,,,,,,def,,
Andres Nocioni,Beno Udrih,Kevin Martin,Spencer Hawes,Tyreke Evans,J.J. Redick,Jason Williams,Marcin Gortat,Matt Barnes,Rashard Lewis,3,1:06,SAC,turnover,,,,,,,,,,Spencer Hawes,,,bad pass,,,,,
Andres Nocioni,Beno Udrih,Kevin Martin,Spencer Hawes,Tyreke Evans,J.J. Redick,Jason Williams,Marcin Gortat,Matt Barnes,Rashard Lewis,3,0:54,ORL,shot,,,,,,,,,,Rashard Lewis,2,,,made,,turnaround jump,39,7
Andres Nocioni,Beno Udrih,Kevin Martin,Spencer Hawes,Tyreke Evans,J.J. Redick,Jason Williams,Marcin Gortat,Matt Barnes,Rashard Lewis,3,0:35,ORL,foul,,,,,,,,Beno Udrih,,Marcin Gortat,,,,,,shooting,,
Andres Nocioni,Beno Udrih,Kevin Martin,Spencer Hawes,Tyreke Evans,J.J. Redick,Jason Williams,Marcin Gortat,Mickael Pietrus,Rashard Lewis,3,0:35,ORL,sub,,,,Mickael Pietrus,,Matt Barnes,,,,,,,,,,,,
Andres Nocioni,Beno Udrih,Kevin Martin,Spencer Hawes,Tyreke Evans,J.J. Redick,Jason Williams,Marcin Gortat,Mickael Pietrus,Rashard Lewis,3,0:35,SAC,free throw,,,,,,,1,,2,Beno Udrih,,,foul,made,,,,
Andres Nocioni,Beno Udrih,Kevin Martin,Spencer Hawes,Tyreke Evans,J.J. Redick,Jason Williams,Marcin Gortat,Mickael Pietrus,Rashard Lewis,3,0:35,SAC,free throw,,,,,,,2,,2,Beno Udrih,,,foul,made,,,,
Andres Nocioni,Beno Udrih,Kevin Martin,Spencer Hawes,Tyreke Evans,J.J. Redick,Jason Williams,Marcin Gortat,Mickael Pietrus,Rashard Lewis,3,0:26,ORL,foul,,,,,,,,Andres Nocioni,,Rashard Lewis,,,,,,offensive,,
Andres Nocioni,Beno Udrih,Kevin Martin,Spencer Hawes,Tyreke Evans,J.J. Redick,Jason Williams,Marcin Gortat,Mickael Pietrus,Rashard Lewis,3,0:26,ORL,turnover,,,,,,,,,,Rashard Lewis,,,foul,,,,,
Andres Nocioni,Beno Udrih,Kevin Martin,Spencer Hawes,Tyreke Evans,J.J. Redick,Jason Williams,Marcin Gortat,Mickael Pietrus,Rashard Lewis,3,0:13,SAC,shot,,,,,,,,,,Tyreke Evans,2,,,made,,driving reverse layup,25,6
Andres Nocioni,Beno Udrih,Kevin Martin,Spencer Hawes,Tyreke Evans,J.J. Redick,Jason Williams,Marcin Gortat,Mickael Pietrus,Rashard Lewis,3,0:01,ORL,shot,,,,,,,,,,J.J. Redick,,,,missed,,3pt,44,25
Andres Nocioni,Beno Udrih,Kevin Martin,Spencer Hawes,Tyreke Evans,J.J. Redick,Jason Williams,Marcin Gortat,Mickael Pietrus,Rashard Lewis,3,0:00,ORL,rebound,,,,,,,,,,Rashard Lewis,,,,,,off,,
Andres Nocioni,Beno Udrih,Kevin Martin,Spencer Hawes,Tyreke Evans,J.J. Redick,Jason Williams,Marcin Gortat,Mickael Pietrus,Rashard Lewis,3,0:00,ORL,shot,,,,,,,,,,Rashard Lewis,,,,missed,,putback layup,25,6
Andres Nocioni,Beno Udrih,Kevin Martin,Spencer Hawes,Tyreke Evans,J.J. Redick,Jason Williams,Marcin Gortat,Mickael Pietrus,Rashard Lewis,3,0:00,SAC,rebound,,,,,,,,,,Kevin Martin,,,,,,def,,
Beno Udrih,Jason Thompson,Jon Brockman,Kevin Martin,Tyreke Evans,J.J. Redick,Jason Williams,Marcin Gortat,Mickael Pietrus,Ryan Anderson,4,11:42,ORL,turnover,,,,,,,,,,Ryan Anderson,,,bad pass,,,,,
Beno Udrih,Jason Thompson,Jon Brockman,Kevin Martin,Tyreke Evans,J.J. Redick,Jason Williams,Marcin Gortat,Mickael Pietrus,Ryan Anderson,4,11:35,SAC,shot,,,,,,,,,,Beno Udrih,,,,missed,,jump,41,6
Beno Udrih,Jason Thompson,Jon Brockman,Kevin Martin,Tyreke Evans,J.J. Redick,Jason Williams,Marcin Gortat,Mickael Pietrus,Ryan Anderson,4,11:35,SAC,rebound,,,,,,,,,,,,,,,,,,
Beno Udrih,Jason Thompson,Jon Brockman,Kevin Martin,Tyreke Evans,J.J. Redick,Jason Williams,Marcin Gortat,Mickael Pietrus,Ryan Anderson,4,11:30,SAC,shot,,,,,,,,,,Beno Udrih,,,,missed,,jump,33,16
Beno Udrih,Jason Thompson,Jon Brockman,Kevin Martin,Tyreke Evans,J.J. Redick,Jason Williams,Marcin Gortat,Mickael Pietrus,Ryan Anderson,4,11:28,SAC,rebound,,,,,,,,,,Jason Thompson,,,,,,off,,
Beno Udrih,Jason Thompson,Jon Brockman,Kevin Martin,Tyreke Evans,J.J. Redick,Jason Williams,Marcin Gortat,Mickael Pietrus,Ryan Anderson,4,11:28,SAC,shot,,,,,,,,,,Jason Thompson,2,,,made,,tip,25,6
Beno Udrih,Jason Thompson,Jon Brockman,Kevin Martin,Tyreke Evans,J.J. Redick,Jason Williams,Marcin Gortat,Mickael Pietrus,Ryan Anderson,4,11:12,ORL,shot,Ryan Anderson,,,,,,,,,Marcin Gortat,2,,,made,,dunk,25,6
Beno Udrih,Jason Thompson,Jon Brockman,Kevin Martin,Tyreke Evans,J.J. Redick,Jason Williams,Marcin Gortat,Mickael Pietrus,Ryan Anderson,4,10:50,ORL,foul,,,,,,,,Tyreke Evans,,Mickael Pietrus,,,,,,shooting,,
Beno Udrih,Jason Thompson,Jon Brockman,Kevin Martin,Tyreke Evans,J.J. Redick,Jason Williams,Marcin Gortat,Mickael Pietrus,Ryan Anderson,4,10:50,SAC,free throw,,,,,,,1,,2,Tyreke Evans,,,foul,made,,,,
Beno Udrih,Jason Thompson,Jon Brockman,Kevin Martin,Tyreke Evans,J.J. Redick,Jason Williams,Marcin Gortat,Mickael Pietrus,Ryan Anderson,4,10:50,SAC,free throw,,,,,,,2,,2,Tyreke Evans,,,foul,made,,,,
Beno Udrih,Jason Thompson,Jon Brockman,Kevin Martin,Tyreke Evans,J.J. Redick,Jason Williams,Marcin Gortat,Mickael Pietrus,Ryan Anderson,4,10:33,SAC,foul,,,,,,,,J.J. Redick,,Beno Udrih,,,,,,shooting,,
Beno Udrih,Jason Thompson,Jon Brockman,Kevin Martin,Tyreke Evans,J.J. Redick,Jason Williams,Marcin Gortat,Mickael Pietrus,Ryan Anderson,4,10:33,ORL,free throw,,,,,,,1,,2,J.J. Redick,,,foul,made,,,,
Beno Udrih,Jason Thompson,Jon Brockman,Kevin Martin,Tyreke Evans,J.J. Redick,Jason Williams,Marcin Gortat,Mickael Pietrus,Ryan Anderson,4,10:33,ORL,free throw,,,,,,,2,,2,J.J. Redick,,,foul,made,,,,
Beno Udrih,Jason Thompson,Jon Brockman,Kevin Martin,Tyreke Evans,J.J. Redick,Jason Williams,Marcin Gortat,Mickael Pietrus,Ryan Anderson,4,10:14,SAC,shot,Kevin Martin,,,,,,,,,Jon Brockman,2,,,made,,reverse layup,25,6
Beno Udrih,Jason Thompson,Jon Brockman,Kevin Martin,Tyreke Evans,J.J. Redick,Jason Williams,Marcin Gortat,Mickael Pietrus,Ryan Anderson,4,10:07,ORL,shot,Jason Williams,,,,,,,,,Marcin Gortat,2,,,made,,layup,25,6
Beno Udrih,Jason Thompson,Jon Brockman,Kevin Martin,Tyreke Evans,J.J. Redick,Jason Williams,Marcin Gortat,Mickael Pietrus,Ryan Anderson,4,9:54,SAC,shot,,,,,,,,,,Tyreke Evans,2,,,made,,fade away jumper,18,21
Beno Udrih,Jason Thompson,Jon Brockman,Kevin Martin,Tyreke Evans,J.J. Redick,Jason Williams,Marcin Gortat,Mickael Pietrus,Ryan Anderson,4,9:48,ORL,shot,,,Jason Thompson,,,,,,,Marcin Gortat,,,,missed,,layup,25,6
Beno Udrih,Jason Thompson,Jon Brockman,Kevin Martin,Tyreke Evans,J.J. Redick,Jason Williams,Marcin Gortat,Mickael Pietrus,Ryan Anderson,4,9:45,SAC,rebound,,,,,,,,,,Beno Udrih,,,,,,def,,
Beno Udrih,Jason Thompson,Jon Brockman,Kevin Martin,Tyreke Evans,J.J. Redick,Jason Williams,Marcin Gortat,Mickael Pietrus,Ryan Anderson,4,9:39,SAC,shot,,,,,,,,,,Tyreke Evans,,,,missed,,layup,25,6
Beno Udrih,Jason Thompson,Jon Brockman,Kevin Martin,Tyreke Evans,J.J. Redick,Jason Williams,Marcin Gortat,Mickael Pietrus,Ryan Anderson,4,9:39,ORL,rebound,,,,,,,,,,Marcin Gortat,,,,,,def,,
Beno Udrih,Jason Thompson,Jon Brockman,Kevin Martin,Tyreke Evans,J.J. Redick,Jason Williams,Marcin Gortat,Mickael Pietrus,Ryan Anderson,4,9:39,SAC,foul,,,,,,,,Marcin Gortat,,Jason Thompson,,,,,,personal,,
Beno Udrih,Jason Thompson,Jon Brockman,Kevin Martin,Tyreke Evans,J.J. Redick,Jason Williams,Marcin Gortat,Mickael Pietrus,Ryan Anderson,4,9:21,ORL,shot,Mickael Pietrus,,,,,,,,,Ryan Anderson,3,,,made,,3pt,16,29
Beno Udrih,Jason Thompson,Jon Brockman,Kevin Martin,Tyreke Evans,J.J. Redick,Jason Williams,Marcin Gortat,Mickael Pietrus,Ryan Anderson,4,9:10,ORL,foul,,,,,,,,Jason Thompson,,Ryan Anderson,,,,,,personal,,
Beno Udrih,Jason Thompson,Jon Brockman,Kevin Martin,Tyreke Evans,J.J. Redick,Jason Williams,Marcin Gortat,Mickael Pietrus,Ryan Anderson,4,9:02,SAC,shot,,,,,,,,,,Jason Thompson,,,,missed,,jump,32,7
Beno Udrih,Jason Thompson,Jon Brockman,Kevin Martin,Tyreke Evans,J.J. Redick,Jason Williams,Marcin Gortat,Mickael Pietrus,Ryan Anderson,4,9:01,SAC,rebound,,,,,,,,,,Jason Thompson,,,,,,off,,
Beno Udrih,Jason Thompson,Jon Brockman,Kevin Martin,Tyreke Evans,J.J. Redick,Jason Williams,Marcin Gortat,Mickael Pietrus,Ryan Anderson,4,9:01,ORL,foul,,,,,,,,Jason Thompson,,Marcin Gortat,,,,,,shooting,,
Beno Udrih,Jason Thompson,Jon Brockman,Kevin Martin,Tyreke Evans,J.J. Redick,Jason Williams,Marcin Gortat,Mickael Pietrus,Ryan Anderson,4,9:01,SAC,free throw,,,,,,,1,,2,Jason Thompson,,,foul,made,,,,
Beno Udrih,Jason Thompson,Jon Brockman,Kevin Martin,Tyreke Evans,J.J. Redick,Jason Williams,Marcin Gortat,Mickael Pietrus,Ryan Anderson,4,9:01,SAC,free throw,,,,,,,2,,2,Jason Thompson,,,foul,made,,,,
Beno Udrih,Jason Thompson,Jon Brockman,Kevin Martin,Tyreke Evans,J.J. Redick,Jason Williams,Marcin Gortat,Mickael Pietrus,Ryan Anderson,4,8:48,ORL,turnover,,,,,,,,,,Ryan Anderson,,,step out of bounds turnover,,,,,
Beno Udrih,Jason Thompson,Jon Brockman,Kevin Martin,Tyreke Evans,J.J. Redick,Jason Williams,Marcin Gortat,Mickael Pietrus,Ryan Anderson,4,8:48,SAC,timeout,,,,,,,,,,,,,,,,official,,
Beno Udrih,Jason Thompson,Jon Brockman,Kevin Martin,Tyreke Evans,J.J. Redick,Jason Williams,Marcin Gortat,Mickael Pietrus,Ryan Anderson,4,8:24,SAC,shot,,,,,,,,,,Jason Thompson,,,,missed,,driving layup,25,6
Beno Udrih,Jason Thompson,Jon Brockman,Kevin Martin,Tyreke Evans,J.J. Redick,Jason Williams,Marcin Gortat,Mickael Pietrus,Ryan Anderson,4,8:22,ORL,rebound,,,,,,,,,,J.J. Redick,,,,,,def,,
Beno Udrih,Jason Thompson,Jon Brockman,Kevin Martin,Tyreke Evans,J.J. Redick,Jason Williams,Marcin Gortat,Mickael Pietrus,Ryan Anderson,4,8:15,ORL,shot,,,,,,,,,,Ryan Anderson,,,,missed,,3pt,14,30
Beno Udrih,Jason Thompson,Jon Brockman,Kevin Martin,Tyreke Evans,J.J. Redick,Jason Williams,Marcin Gortat,Mickael Pietrus,Ryan Anderson,4,8:11,SAC,rebound,,,,,,,,,,Jason Thompson,,,,,,def,,
Beno Udrih,Jason Thompson,Jon Brockman,Kevin Martin,Tyreke Evans,J.J. Redick,Jason Williams,Marcin Gortat,Mickael Pietrus,Ryan Anderson,4,8:01,ORL,foul,,,,,,,,Jason Thompson,,Marcin Gortat,,,,,,shooting,,
Beno Udrih,Ime Udoka,Jason Thompson,Jon Brockman,Kevin Martin,J.J. Redick,Jason Williams,Marcin Gortat,Mickael Pietrus,Ryan Anderson,4,8:01,SAC,sub,,,,Ime Udoka,,Tyreke Evans,,,,,,,,,,,,
Beno Udrih,Ime Udoka,Jason Thompson,Jon Brockman,Kevin Martin,J.J. Redick,Jason Williams,Marcin Gortat,Mickael Pietrus,Ryan Anderson,4,8:01,SAC,free throw,,,,,,,1,,2,Jason Thompson,,,foul,missed,,,,
Beno Udrih,Ime Udoka,Jason Thompson,Jon Brockman,Kevin Martin,J.J. Redick,Jason Williams,Marcin Gortat,Mickael Pietrus,Ryan Anderson,4,8:01,SAC,rebound,,,,,,,,,,,,,,,,,,
Beno Udrih,Ime Udoka,Jason Thompson,Jon Brockman,Kevin Martin,J.J. Redick,Jason Williams,Marcin Gortat,Mickael Pietrus,Ryan Anderson,4,8:01,SAC,free throw,,,,,,,2,,2,Jason Thompson,,,foul,made,,,,
Beno Udrih,Ime Udoka,Jason Thompson,Jon Brockman,Kevin Martin,J.J. Redick,Jason Williams,Marcin Gortat,Mickael Pietrus,Ryan Anderson,4,7:53,SAC,foul,,,,,,,,J.J. Redick,,Kevin Martin,,,,,,personal,,
Beno Udrih,Ime Udoka,Jason Thompson,Jon Brockman,Kevin Martin,J.J. Redick,Jason Williams,Marcin Gortat,Mickael Pietrus,Ryan Anderson,4,7:41,ORL,shot,Mickael Pietrus,,,,,,,,,J.J. Redick,3,,,made,,3pt,27,31
Beno Udrih,Ime Udoka,Jason Thompson,Jon Brockman,Kevin Martin,J.J. Redick,Jason Williams,Marcin Gortat,Mickael Pietrus,Ryan Anderson,4,7:20,SAC,shot,,,Marcin Gortat,,,,,,,Jason Thompson,,,,missed,,layup,25,6
Beno Udrih,Ime Udoka,Jason Thompson,Jon Brockman,Kevin Martin,J.J. Redick,Jason Williams,Marcin Gortat,Mickael Pietrus,Ryan Anderson,4,7:14,SAC,rebound,,,,,,,,,,Jon Brockman,,,,,,off,,
Beno Udrih,Ime Udoka,Jason Thompson,Jon Brockman,Kevin Martin,J.J. Redick,Jason Williams,Marcin Gortat,Mickael Pietrus,Ryan Anderson,4,7:14,SAC,shot,,,,,,,,,,Jon Brockman,2,,,made,,layup,25,6
Beno Udrih,Ime Udoka,Jason Thompson,Jon Brockman,Kevin Martin,J.J. Redick,Jason Williams,Marcin Gortat,Mickael Pietrus,Ryan Anderson,4,7:09,ORL,shot,,,,,,,,,,Jason Williams,,,,missed,,3pt,17,30
Beno Udrih,Ime Udoka,Jason Thompson,Jon Brockman,Kevin Martin,J.J. Redick,Jason Williams,Marcin Gortat,Mickael Pietrus,Ryan Anderson,4,7:01,SAC,rebound,,,,,,,,,,Jon Brockman,,,,,,def,,
Beno Udrih,Ime Udoka,Jason Thompson,Jon Brockman,Kevin Martin,J.J. Redick,Jason Williams,Marcin Gortat,Mickael Pietrus,Ryan Anderson,4,6:59,SAC,shot,,,,,,,,,,Beno Udrih,,,,missed,,layup,25,6
Beno Udrih,Ime Udoka,Jason Thompson,Jon Brockman,Kevin Martin,J.J. Redick,Jason Williams,Marcin Gortat,Mickael Pietrus,Ryan Anderson,4,6:53,SAC,rebound,,,,,,,,,,Jon Brockman,,,,,,off,,
Beno Udrih,Ime Udoka,Jason Thompson,Jon Brockman,Kevin Martin,J.J. Redick,Jason Williams,Marcin Gortat,Mickael Pietrus,Ryan Anderson,4,6:53,SAC,shot,,,,,,,,,,Jon Brockman,,,,missed,,putback dunk,25,6
Beno Udrih,Ime Udoka,Jason Thompson,Jon Brockman,Kevin Martin,J.J. Redick,Jason Williams,Marcin Gortat,Mickael Pietrus,Ryan Anderson,4,6:52,ORL,rebound,,,,,,,,,,Jason Williams,,,,,,def,,
Beno Udrih,Ime Udoka,Jason Thompson,Jon Brockman,Kevin Martin,J.J. Redick,Jason Williams,Marcin Gortat,Mickael Pietrus,Ryan Anderson,4,6:48,SAC,foul,,,,,,,,Mickael Pietrus,,Ime Udoka,,,,,,shooting,,
Beno Udrih,Ime Udoka,Jon Brockman,Kevin Martin,Spencer Hawes,J.J. Redick,Jason Williams,Marcin Gortat,Mickael Pietrus,Ryan Anderson,4,6:48,SAC,sub,,,,Spencer Hawes,,Jason Thompson,,,,,,,,,,,,
Beno Udrih,Ime Udoka,Jon Brockman,Kevin Martin,Spencer Hawes,J.J. Redick,Jason Williams,Marcin Gortat,Mickael Pietrus,Ryan Anderson,4,6:48,ORL,free throw,,,,,,,1,,2,Mickael Pietrus,,,foul,made,,,,
Beno Udrih,Ime Udoka,Jon Brockman,Kevin Martin,Spencer Hawes,Brandon Bass,J.J. Redick,Jason Williams,Marcin Gortat,Mickael Pietrus,4,6:48,ORL,sub,,,,Brandon Bass,,Ryan Anderson,,,,,,,,,,,,
Beno Udrih,Ime Udoka,Jon Brockman,Kevin Martin,Spencer Hawes,Brandon Bass,J.J. Redick,Jason Williams,Marcin Gortat,Mickael Pietrus,4,6:48,ORL,free throw,,,,,,,2,,2,Mickael Pietrus,,,foul,made,,,,
Beno Udrih,Ime Udoka,Jon Brockman,Kevin Martin,Spencer Hawes,Brandon Bass,J.J. Redick,Jason Williams,Marcin Gortat,Mickael Pietrus,4,6:26,SAC,shot,,,,,,,,,,Ime Udoka,,,,missed,,3pt,2,6
Beno Udrih,Ime Udoka,Jon Brockman,Kevin Martin,Spencer Hawes,Brandon Bass,J.J. Redick,Jason Williams,Marcin Gortat,Mickael Pietrus,4,6:25,SAC,rebound,,,,,,,,,,Jon Brockman,,,,,,off,,
Beno Udrih,Ime Udoka,Jon Brockman,Kevin Martin,Spencer Hawes,Brandon Bass,J.J. Redick,Jason Williams,Marcin Gortat,Mickael Pietrus,4,6:25,SAC,shot,,,,,,,,,,Jon Brockman,,,,missed,,tip,25,6
Beno Udrih,Ime Udoka,Jon Brockman,Kevin Martin,Spencer Hawes,Brandon Bass,J.J. Redick,Jason Williams,Marcin Gortat,Mickael Pietrus,4,6:24,SAC,rebound,,,,,,,,,,,,,,,,,,
Beno Udrih,Ime Udoka,Jon Brockman,Kevin Martin,Spencer Hawes,Anthony Johnson,Brandon Bass,Jason Williams,Marcin Gortat,Mickael Pietrus,4,6:24,ORL,sub,,,,Anthony Johnson,,J.J. Redick,,,,,,,,,,,,
Beno Udrih,Ime Udoka,Kevin Martin,Sergio Rodriguez,Spencer Hawes,Anthony Johnson,Brandon Bass,Jason Williams,Marcin Gortat,Mickael Pietrus,4,6:24,SAC,sub,,,,Sergio Rodriguez,,Jon Brockman,,,,,,,,,,,,
Hilton Armstrong,Ime Udoka,Kevin Martin,Sergio Rodriguez,Spencer Hawes,Anthony Johnson,Brandon Bass,Jason Williams,Marcin Gortat,Mickael Pietrus,4,6:24,SAC,sub,,,,Hilton Armstrong,,Beno Udrih,,,,,,,,,,,,
Hilton Armstrong,Ime Udoka,Kevin Martin,Sergio Rodriguez,Spencer Hawes,Anthony Johnson,Brandon Bass,Jason Williams,Marcin Gortat,Mickael Pietrus,4,6:08,SAC,shot,,,Brandon Bass,,,,,,,Hilton Armstrong,,,,missed,,turnaround jump,38,8
Hilton Armstrong,Ime Udoka,Kevin Martin,Sergio Rodriguez,Spencer Hawes,Anthony Johnson,Brandon Bass,Jason Williams,Marcin Gortat,Mickael Pietrus,4,6:06,ORL,rebound,,,,,,,,,,Jason Williams,,,,,,def,,
Hilton Armstrong,Ime Udoka,Kevin Martin,Sergio Rodriguez,Spencer Hawes,Anthony Johnson,Brandon Bass,Jason Williams,Marcin Gortat,Mickael Pietrus,4,5:51,ORL,shot,,,,,,,,,,Mickael Pietrus,,,,missed,,3pt,28,31
Hilton Armstrong,Ime Udoka,Kevin Martin,Sergio Rodriguez,Spencer Hawes,Anthony Johnson,Brandon Bass,Jason Williams,Marcin Gortat,Mickael Pietrus,4,5:50,SAC,rebound,,,,,,,,,,Kevin Martin,,,,,,def,,
Hilton Armstrong,Ime Udoka,Kevin Martin,Sergio Rodriguez,Spencer Hawes,Anthony Johnson,Brandon Bass,Jason Williams,Marcin Gortat,Mickael Pietrus,4,5:42,SAC,shot,Sergio Rodriguez,,,,,,,,,Ime Udoka,2,,,made,,driving layup,25,6
Hilton Armstrong,Ime Udoka,Kevin Martin,Sergio Rodriguez,Spencer Hawes,Anthony Johnson,Brandon Bass,Jason Williams,Marcin Gortat,Mickael Pietrus,4,5:22,ORL,shot,,,,,,,,,,Brandon Bass,,,,missed,,jump,39,8
Hilton Armstrong,Ime Udoka,Kevin Martin,Sergio Rodriguez,Spencer Hawes,Anthony Johnson,Brandon Bass,Jason Williams,Marcin Gortat,Mickael Pietrus,4,5:21,SAC,rebound,,,,,,,,,,Spencer Hawes,,,,,,def,,
Hilton Armstrong,Ime Udoka,Kevin Martin,Sergio Rodriguez,Spencer Hawes,Anthony Johnson,Brandon Bass,Jason Williams,Marcin Gortat,Mickael Pietrus,4,5:12,SAC,shot,,,,,,,,,,Sergio Rodriguez,,,,missed,,jump,39,19
Hilton Armstrong,Ime Udoka,Kevin Martin,Sergio Rodriguez,Spencer Hawes,Anthony Johnson,Brandon Bass,Jason Williams,Marcin Gortat,Mickael Pietrus,4,5:10,SAC,rebound,,,,,,,,,,Hilton Armstrong,,,,,,off,,
Hilton Armstrong,Ime Udoka,Kevin Martin,Sergio Rodriguez,Spencer Hawes,Anthony Johnson,Brandon Bass,Jason Williams,Marcin Gortat,Mickael Pietrus,4,5:10,SAC,shot,,,,,,,,,,Hilton Armstrong,,,,missed,,tip,25,6
Hilton Armstrong,Ime Udoka,Kevin Martin,Sergio Rodriguez,Spencer Hawes,Anthony Johnson,Brandon Bass,Jason Williams,Marcin Gortat,Mickael Pietrus,4,5:09,ORL,rebound,,,,,,,,,,Marcin Gortat,,,,,,def,,
Hilton Armstrong,Ime Udoka,Kevin Martin,Sergio Rodriguez,Spencer Hawes,Anthony Johnson,Brandon Bass,Jason Williams,Marcin Gortat,Mickael Pietrus,4,4:58,ORL,shot,,,,,,,,,,Brandon Bass,2,,,made,,jump,42,7
Hilton Armstrong,Ime Udoka,Kevin Martin,Sergio Rodriguez,Spencer Hawes,Anthony Johnson,Brandon Bass,Jason Williams,Marcin Gortat,Mickael Pietrus,4,4:38,SAC,shot,,,,,,,,,,Sergio Rodriguez,2,,,made,,driving layup,25,6
Hilton Armstrong,Ime Udoka,Kevin Martin,Sergio Rodriguez,Spencer Hawes,Anthony Johnson,Brandon Bass,Jason Williams,Marcin Gortat,Mickael Pietrus,4,4:23,ORL,shot,,,,,,,,,,Brandon Bass,,,,missed,,jump,41,9
Hilton Armstrong,Ime Udoka,Kevin Martin,Sergio Rodriguez,Spencer Hawes,Anthony Johnson,Brandon Bass,Jason Williams,Marcin Gortat,Mickael Pietrus,4,4:23,SAC,rebound,,,,,,,,,,Ime Udoka,,,,,,def,,
Hilton Armstrong,Ime Udoka,Kevin Martin,Sergio Rodriguez,Spencer Hawes,Anthony Johnson,Brandon Bass,Jason Williams,Marcin Gortat,Mickael Pietrus,4,4:17,SAC,shot,,,Mickael Pietrus,,,,,,,Spencer Hawes,,,,missed,,layup,25,6
Hilton Armstrong,Ime Udoka,Kevin Martin,Sergio Rodriguez,Spencer Hawes,Anthony Johnson,Brandon Bass,Jason Williams,Marcin Gortat,Mickael Pietrus,4,4:14,SAC,rebound,,,,,,,,,,Ime Udoka,,,,,,off,,
Hilton Armstrong,Ime Udoka,Kevin Martin,Sergio Rodriguez,Spencer Hawes,Anthony Johnson,Brandon Bass,Jason Williams,Marcin Gortat,Mickael Pietrus,4,4:12,SAC,shot,,,Brandon Bass,,,,,,,Ime Udoka,,,,missed,,layup,25,6
Hilton Armstrong,Ime Udoka,Kevin Martin,Sergio Rodriguez,Spencer Hawes,Anthony Johnson,Brandon Bass,Jason Williams,Marcin Gortat,Mickael Pietrus,4,4:10,SAC,rebound,,,,,,,,,,Ime Udoka,,,,,,off,,
Hilton Armstrong,Ime Udoka,Kevin Martin,Sergio Rodriguez,Spencer Hawes,Anthony Johnson,Brandon Bass,Jason Williams,Marcin Gortat,Mickael Pietrus,4,4:09,SAC,shot,,,,,,,,,,Ime Udoka,2,,,made,,layup,25,6
Hilton Armstrong,Ime Udoka,Kevin Martin,Sergio Rodriguez,Spencer Hawes,Anthony Johnson,Brandon Bass,Jason Williams,Marcin Gortat,Mickael Pietrus,4,3:50,ORL,shot,,,,,,,,,,Marcin Gortat,,,,missed,,jump,34,6
Hilton Armstrong,Ime Udoka,Kevin Martin,Sergio Rodriguez,Spencer Hawes,Anthony Johnson,Brandon Bass,Jason Williams,Marcin Gortat,Mickael Pietrus,4,3:49,SAC,rebound,,,,,,,,,,Hilton Armstrong,,,,,,def,,
Hilton Armstrong,Ime Udoka,Kevin Martin,Sergio Rodriguez,Spencer Hawes,Anthony Johnson,Brandon Bass,Jason Williams,Marcin Gortat,Mickael Pietrus,4,3:47,SAC,timeout,,,,,,,,,,,,,,,,regular,,
Hilton Armstrong,Ime Udoka,Omri Casspi,Sergio Rodriguez,Spencer Hawes,Anthony Johnson,Brandon Bass,Jason Williams,Marcin Gortat,Mickael Pietrus,4,3:47,SAC,sub,,,,Omri Casspi,,Kevin Martin,,,,,,,,,,,,
Hilton Armstrong,Ime Udoka,Omri Casspi,Sergio Rodriguez,Spencer Hawes,Anthony Johnson,Brandon Bass,Marcin Gortat,Matt Barnes,Mickael Pietrus,4,3:47,ORL,sub,,,,Matt Barnes,,Jason Williams,,,,,,,,,,,,
Hilton Armstrong,Ime Udoka,Omri Casspi,Sergio Rodriguez,Spencer Hawes,Anthony Johnson,Brandon Bass,Marcin Gortat,Matt Barnes,Mickael Pietrus,4,3:34,SAC,shot,,,,,,,,,,Spencer Hawes,,,,missed,,hook,24,11
Hilton Armstrong,Ime Udoka,Omri Casspi,Sergio Rodriguez,Spencer Hawes,Anthony Johnson,Brandon Bass,Marcin Gortat,Matt Barnes,Mickael Pietrus,4,3:32,ORL,rebound,,,,,,,,,,Mickael Pietrus,,,,,,def,,
Hilton Armstrong,Ime Udoka,Omri Casspi,Sergio Rodriguez,Spencer Hawes,Anthony Johnson,Brandon Bass,Marcin Gortat,Matt Barnes,Mickael Pietrus,4,3:29,ORL,turnover,,,,,,,,,,Mickael Pietrus,,,bad pass,,Sergio Rodriguez,,,
Hilton Armstrong,Ime Udoka,Omri Casspi,Sergio Rodriguez,Spencer Hawes,Anthony Johnson,Brandon Bass,Marcin Gortat,Matt Barnes,Mickael Pietrus,4,3:20,SAC,shot,Sergio Rodriguez,,,,,,,,,Spencer Hawes,2,,,made,,jump,35,19
Hilton Armstrong,Ime Udoka,Omri Casspi,Sergio Rodriguez,Spencer Hawes,Anthony Johnson,Brandon Bass,Marcin Gortat,Matt Barnes,Mickael Pietrus,4,3:09,ORL,turnover,,,,,,,,,,Anthony Johnson,,,lost ball,,Sergio Rodriguez,,,
Hilton Armstrong,Ime Udoka,Omri Casspi,Sergio Rodriguez,Spencer Hawes,Anthony Johnson,Brandon Bass,Marcin Gortat,Matt Barnes,Mickael Pietrus,4,3:05,SAC,shot,,,,,,,,,,Sergio Rodriguez,2,,,made,,layup,25,6
Hilton Armstrong,Ime Udoka,Omri Casspi,Sergio Rodriguez,Spencer Hawes,Anthony Johnson,Brandon Bass,Marcin Gortat,Matt Barnes,Mickael Pietrus,4,2:54,ORL,shot,Anthony Johnson,,,,,,,,,Marcin Gortat,2,,,made,,alley oop dunk,25,6
Hilton Armstrong,Ime Udoka,Omri Casspi,Sergio Rodriguez,Spencer Hawes,Anthony Johnson,Brandon Bass,Marcin Gortat,Matt Barnes,Mickael Pietrus,4,2:34,ORL,timeout,,,,,,,,,,,,,,,,regular,,
Hilton Armstrong,Ime Udoka,Omri Casspi,Sergio Rodriguez,Spencer Hawes,Anthony Johnson,Brandon Bass,Marcin Gortat,Matt Barnes,Mickael Pietrus,4,2:27,SAC,shot,Omri Casspi,,,,,,,,,Sergio Rodriguez,3,,,made,,3pt,45,22
Hilton Armstrong,Ime Udoka,Omri Casspi,Sergio Rodriguez,Spencer Hawes,Anthony Johnson,Brandon Bass,Marcin Gortat,Matt Barnes,Mickael Pietrus,4,2:23,ORL,foul,,,,,,,,Sergio Rodriguez,,Anthony Johnson,,,,,,offensive,,
Hilton Armstrong,Ime Udoka,Omri Casspi,Sergio Rodriguez,Spencer Hawes,Anthony Johnson,Brandon Bass,Marcin Gortat,Matt Barnes,Mickael Pietrus,4,2:23,ORL,turnover,,,,,,,,,,Anthony Johnson,,,foul,,,,,
Hilton Armstrong,Ime Udoka,Omri Casspi,Sergio Rodriguez,Spencer Hawes,Anthony Johnson,Brandon Bass,Marcin Gortat,Matt Barnes,Mickael Pietrus,4,2:23,ORL,foul,,,,,,,,Sergio Rodriguez,,Anthony Johnson,,,,,,technical,,
Hilton Armstrong,Ime Udoka,Omri Casspi,Sergio Rodriguez,Spencer Hawes,Anthony Johnson,Brandon Bass,Marcin Gortat,Matt Barnes,Mickael Pietrus,4,2:23,SAC,free throw,,,,,,,1,,1,Sergio Rodriguez,,,technical,made,,,,
Hilton Armstrong,Ime Udoka,Omri Casspi,Sergio Rodriguez,Spencer Hawes,Anthony Johnson,Brandon Bass,Marcin Gortat,Matt Barnes,Mickael Pietrus,4,2:06,SAC,shot,Sergio Rodriguez,,,,,,,,,Spencer Hawes,2,,,made,,dunk,25,6
Hilton Armstrong,Ime Udoka,Omri Casspi,Sergio Rodriguez,Spencer Hawes,Anthony Johnson,Brandon Bass,Marcin Gortat,Matt Barnes,Mickael Pietrus,4,1:48,ORL,shot,,,,,,,,,,Brandon Bass,,,,missed,,jump,21,24
Hilton Armstrong,Ime Udoka,Omri Casspi,Sergio Rodriguez,Spencer Hawes,Anthony Johnson,Brandon Bass,Marcin Gortat,Matt Barnes,Mickael Pietrus,4,1:47,ORL,rebound,,,,,,,,,,Marcin Gortat,,,,,,off,,
Hilton Armstrong,Ime Udoka,Omri Casspi,Sergio Rodriguez,Spencer Hawes,Anthony Johnson,Brandon Bass,Marcin Gortat,Matt Barnes,Mickael Pietrus,4,1:33,ORL,turnover,,,,,,,,,,Matt Barnes,,,bad pass,,Sergio Rodriguez,,,
Hilton Armstrong,Ime Udoka,Omri Casspi,Sergio Rodriguez,Spencer Hawes,Anthony Johnson,Brandon Bass,Marcin Gortat,Matt Barnes,Mickael Pietrus,4,1:26,SAC,shot,Ime Udoka,,,,,,,,,Omri Casspi,2,,,made,,layup,25,6
Hilton Armstrong,Ime Udoka,Omri Casspi,Sergio Rodriguez,Spencer Hawes,Anthony Johnson,Brandon Bass,Marcin Gortat,Matt Barnes,Mickael Pietrus,4,1:08,ORL,shot,Mickael Pietrus,,,,,,,,,Brandon Bass,2,,,made,,jump,33,19
Hilton Armstrong,Ime Udoka,Omri Casspi,Sergio Rodriguez,Spencer Hawes,Anthony Johnson,Brandon Bass,Marcin Gortat,Matt Barnes,Mickael Pietrus,4,1:00,SAC,turnover,,,,,,,,,,Sergio Rodriguez,,,bad pass,,Brandon Bass,,,
Hilton Armstrong,Ime Udoka,Omri Casspi,Sergio Rodriguez,Spencer Hawes,Anthony Johnson,Brandon Bass,Marcin Gortat,Matt Barnes,Mickael Pietrus,4,0:53,ORL,shot,,,Omri Casspi,,,,,,,Brandon Bass,,,,missed,,reverse layup,25,6
Hilton Armstrong,Ime Udoka,Omri Casspi,Sergio Rodriguez,Spencer Hawes,Anthony Johnson,Brandon Bass,Marcin Gortat,Matt Barnes,Mickael Pietrus,4,0:51,SAC,rebound,,,,,,,,,,Omri Casspi,,,,,,def,,
Hilton Armstrong,Ime Udoka,Omri Casspi,Sergio Rodriguez,Spencer Hawes,Anthony Johnson,Brandon Bass,Marcin Gortat,Matt Barnes,Mickael Pietrus,4,0:49,SAC,shot,Omri Casspi,,,,,,,,,Ime Udoka,2,,,made,,dunk,25,6
Hilton Armstrong,Ime Udoka,Omri Casspi,Sergio Rodriguez,Spencer Hawes,Anthony Johnson,Brandon Bass,Marcin Gortat,Matt Barnes,Mickael Pietrus,4,0:34,ORL,shot,Matt Barnes,,,,,,,,,Mickael Pietrus,3,,,made,,3pt,11,27
Hilton Armstrong,Ime Udoka,Omri Casspi,Sergio Rodriguez,Spencer Hawes,Anthony Johnson,Brandon Bass,Marcin Gortat,Matt Barnes,Mickael Pietrus,4,0:20,SAC,shot,Sergio Rodriguez,,,,,,,,,Spencer Hawes,2,,,made,,jump,35,27
