a1,a2,a3,a4,a5,h1,h2,h3,h4,h5,period,time,team,etype,assist,away,block,entered,home,left,num,opponent,outof,player,points,possession,reason,result,steal,type,x,y
Donte Greene,Kevin Martin,Omri Casspi,Spencer Hawes,Tyreke Evans,Andris Biedrins,Anthony Morrow,C.J. Watson,Corey Maggette,Stephen Curry,1,12:00,OFF,jump ball,,Spencer Hawes,,,Andris Biedrins,,,,,,,Donte Greene,,,,,,
Donte Greene,Kevin Martin,Omri Casspi,Spencer Hawes,Tyreke Evans,Andris Biedrins,Anthony Morrow,C.J. Watson,Corey Maggette,Stephen Curry,1,11:40,SAC,shot,Tyreke Evans,,,,,,,,,Kevin Martin,2,,,made,,fade away jumper,37,19
Donte Greene,Kevin Martin,Omri Casspi,Spencer Hawes,Tyreke Evans,Andris Biedrins,Anthony Morrow,C.J. Watson,Corey Maggette,Stephen Curry,1,11:18,GSW,shot,,,,,,,,,,Anthony Morrow,,,,missed,,jump,22,15
Donte Greene,Kevin Martin,Omri Casspi,Spencer Hawes,Tyreke Evans,Andris Biedrins,Anthony Morrow,C.J. Watson,Corey Maggette,Stephen Curry,1,11:17,SAC,rebound,,,,,,,,,,Kevin Martin,,,,,,def,,
Donte Greene,Kevin Martin,Omri Casspi,Spencer Hawes,Tyreke Evans,Andris Biedrins,Anthony Morrow,C.J. Watson,Corey Maggette,Stephen Curry,1,11:10,SAC,shot,,,,,,,,,,Omri Casspi,,,,missed,,turnaround hook,30,9
Donte Greene,Kevin Martin,Omri Casspi,Spencer Hawes,Tyreke Evans,Andris Biedrins,Anthony Morrow,C.J. Watson,Corey Maggette,Stephen Curry,1,11:09,GSW,rebound,,,,,,,,,,Corey Maggette,,,,,,def,,
Donte Greene,Kevin Martin,Omri Casspi,Spencer Hawes,Tyreke Evans,Andris Biedrins,Anthony Morrow,C.J. Watson,Corey Maggette,Stephen Curry,1,11:00,GSW,shot,,,Donte Greene,,,,,,,Corey Maggette,,,,missed,,jump,23,9
Donte Greene,Kevin Martin,Omri Casspi,Spencer Hawes,Tyreke Evans,Andris Biedrins,Anthony Morrow,C.J. Watson,Corey Maggette,Stephen Curry,1,10:59,GSW,rebound,,,,,,,,,,Corey Maggette,,,,,,off,,
Donte Greene,Kevin Martin,Omri Casspi,Spencer Hawes,Tyreke Evans,Andris Biedrins,Anthony Morrow,C.J. Watson,Corey Maggette,Stephen Curry,1,10:57,GSW,shot,,,,,,,,,,Corey Maggette,,,,missed,,layup,27,8
Donte Greene,Kevin Martin,Omri Casspi,Spencer Hawes,Tyreke Evans,Andris Biedrins,Anthony Morrow,C.J. Watson,Corey Maggette,Stephen Curry,1,10:56,SAC,rebound,,,,,,,,,,Kevin Martin,,,,,,def,,
Donte Greene,Kevin Martin,Omri Casspi,Spencer Hawes,Tyreke Evans,Andris Biedrins,Anthony Morrow,C.J. Watson,Corey Maggette,Stephen Curry,1,10:42,SAC,turnover,,,,,,,,,,Spencer Hawes,,,lost ball,,Corey Maggette,,,
Donte Greene,Kevin Martin,Omri Casspi,Spencer Hawes,Tyreke Evans,Andris Biedrins,Anthony Morrow,C.J. Watson,Corey Maggette,Stephen Curry,1,10:37,GSW,shot,,,,,,,,,,C.J. Watson,2,,,made,,driving layup,23,7
Donte Greene,Kevin Martin,Omri Casspi,Spencer Hawes,Tyreke Evans,Andris Biedrins,Anthony Morrow,C.J. Watson,Corey Maggette,Stephen Curry,1,10:17,GSW,foul,,,,,,,,Tyreke Evans,,Stephen Curry,,,,,,personal,,
Donte Greene,Kevin Martin,Omri Casspi,Spencer Hawes,Tyreke Evans,Andris Biedrins,Anthony Morrow,C.J. Watson,Corey Maggette,Stephen Curry,1,10:10,SAC,turnover,,,,,,,,,,Tyreke Evans,,,poss lost ball turnover,,,,,
Donte Greene,Kevin Martin,Omri Casspi,Spencer Hawes,Tyreke Evans,Andris Biedrins,Anthony Morrow,C.J. Watson,Corey Maggette,Stephen Curry,1,9:59,GSW,shot,,,,,,,,,,Stephen Curry,2,,,made,,pullup jump,11,17
Donte Greene,Kevin Martin,Omri Casspi,Spencer Hawes,Tyreke Evans,Andris Biedrins,Anthony Morrow,C.J. Watson,Corey Maggette,Stephen Curry,1,9:35,SAC,shot,Omri Casspi,,,,,,,,,Kevin Martin,2,,,made,,fade away jumper,10,4
Donte Greene,Kevin Martin,Omri Casspi,Spencer Hawes,Tyreke Evans,Andris Biedrins,Anthony Morrow,C.J. Watson,Corey Maggette,Stephen Curry,1,9:17,GSW,shot,,,,,,,,,,Corey Maggette,,,,missed,,jump,10,5
Donte Greene,Kevin Martin,Omri Casspi,Spencer Hawes,Tyreke Evans,Andris Biedrins,Anthony Morrow,C.J. Watson,Corey Maggette,Stephen Curry,1,9:14,GSW,rebound,,,,,,,,,,Andris Biedrins,,,,,,off,,
Donte Greene,Kevin Martin,Omri Casspi,Spencer Hawes,Tyreke Evans,Andris Biedrins,Anthony Morrow,C.J. Watson,Corey Maggette,Stephen Curry,1,9:14,GSW,shot,,,,,,,,,,Andris Biedrins,,,,missed,,putback layup,25,6
Donte Greene,Kevin Martin,Omri Casspi,Spencer Hawes,Tyreke Evans,Andris Biedrins,Anthony Morrow,C.J. Watson,Corey Maggette,Stephen Curry,1,9:13,SAC,rebound,,,,,,,,,,Tyreke Evans,,,,,,def,,
Donte Greene,Kevin Martin,Omri Casspi,Spencer Hawes,Tyreke Evans,Andris Biedrins,Anthony Morrow,C.J. Watson,Corey Maggette,Stephen Curry,1,9:08,SAC,shot,,,,,,,,,,Omri Casspi,,,,missed,,layup,28,8
Donte Greene,Kevin Martin,Omri Casspi,Spencer Hawes,Tyreke Evans,Andris Biedrins,Anthony Morrow,C.J. Watson,Corey Maggette,Stephen Curry,1,9:06,GSW,rebound,,,,,,,,,,Andris Biedrins,,,,,,def,,
Donte Greene,Kevin Martin,Omri Casspi,Spencer Hawes,Tyreke Evans,Andris Biedrins,Anthony Morrow,C.J. Watson,Corey Maggette,Stephen Curry,1,9:00,GSW,shot,Stephen Curry,,,,,,,,,Anthony Morrow,3,,,made,,3pt,22,31
Donte Greene,Kevin Martin,Omri Casspi,Spencer Hawes,Tyreke Evans,Andris Biedrins,Anthony Morrow,C.J. Watson,Corey Maggette,Stephen Curry,1,8:41,GSW,foul,,,,,,,,Spencer Hawes,,Corey Maggette,,,,,,personal,,
Donte Greene,Kevin Martin,Omri Casspi,Spencer Hawes,Tyreke Evans,Andris Biedrins,Anthony Morrow,C.J. Watson,Corey Maggette,Stephen Curry,1,8:41,SAC,timeout,,,,,,,,,,,,,,,,short,,
Donte Greene,Kevin Martin,Omri Casspi,Spencer Hawes,Tyreke Evans,Andris Biedrins,Anthony Morrow,C.J. Watson,Corey Maggette,Stephen Curry,1,8:28,SAC,shot,Tyreke Evans,,,,,,,,,Spencer Hawes,3,,,made,,3pt,31,31
Donte Greene,Kevin Martin,Omri Casspi,Spencer Hawes,Tyreke Evans,Andris Biedrins,Anthony Morrow,C.J. Watson,Corey Maggette,Stephen Curry,1,8:16,GSW,shot,,,,,,,,,,Stephen Curry,2,,,made,,pullup jump,11,6
Donte Greene,Kevin Martin,Omri Casspi,Spencer Hawes,Tyreke Evans,Andris Biedrins,Anthony Morrow,C.J. Watson,Corey Maggette,Stephen Curry,1,7:58,SAC,shot,,,,,,,,,,Kevin Martin,2,,,made,,driving layup,24,8
Donte Greene,Kevin Martin,Omri Casspi,Spencer Hawes,Tyreke Evans,Andris Biedrins,Anthony Morrow,C.J. Watson,Corey Maggette,Stephen Curry,1,7:53,GSW,turnover,,,,,,,,,,Stephen Curry,,,bad pass,,Omri Casspi,,,
Donte Greene,Kevin Martin,Omri Casspi,Spencer Hawes,Tyreke Evans,Andris Biedrins,Anthony Morrow,C.J. Watson,Corey Maggette,Stephen Curry,1,7:50,SAC,shot,,,,,,,,,,Omri Casspi,2,,,made,,driving layup,25,8
Donte Greene,Kevin Martin,Omri Casspi,Spencer Hawes,Tyreke Evans,Andris Biedrins,Anthony Morrow,C.J. Watson,Corey Maggette,Stephen Curry,1,7:35,GSW,shot,Stephen Curry,,,,,,,,,Anthony Morrow,2,,,made,,driving layup,23,8
Donte Greene,Kevin Martin,Omri Casspi,Spencer Hawes,Tyreke Evans,Andris Biedrins,Anthony Morrow,C.J. Watson,Corey Maggette,Stephen Curry,1,7:23,SAC,turnover,,,,,,,,,,Tyreke Evans,,,poss lost ball turnover,,,,,
Donte Greene,Kevin Martin,Omri Casspi,Spencer Hawes,Tyreke Evans,Andris Biedrins,Anthony Morrow,C.J. Watson,Corey Maggette,Stephen Curry,1,7:13,GSW,turnover,,,,,,,,,,Stephen Curry,,,lost ball,,Tyreke Evans,,,
Donte Greene,Kevin Martin,Omri Casspi,Spencer Hawes,Tyreke Evans,Andris Biedrins,Anthony Morrow,C.J. Watson,Corey Maggette,Stephen Curry,1,7:09,SAC,shot,,,,,,,,,,Tyreke Evans,2,,,made,,slam dunk,25,6
Donte Greene,Kevin Martin,Omri Casspi,Spencer Hawes,Tyreke Evans,Andris Biedrins,Anthony Morrow,C.J. Watson,Corey Maggette,Stephen Curry,1,6:57,GSW,shot,,,,,,,,,,Corey Maggette,,,,missed,,jump,7,8
Donte Greene,Kevin Martin,Omri Casspi,Spencer Hawes,Tyreke Evans,Andris Biedrins,Anthony Morrow,C.J. Watson,Corey Maggette,Stephen Curry,1,6:56,SAC,rebound,,,,,,,,,,Omri Casspi,,,,,,def,,
Donte Greene,Kevin Martin,Omri Casspi,Spencer Hawes,Tyreke Evans,Andris Biedrins,Anthony Morrow,C.J. Watson,Corey Maggette,Stephen Curry,1,6:48,GSW,foul,,,,,,,,,,Andris Biedrins,,,,,,defense 3 second,,
Donte Greene,Kevin Martin,Omri Casspi,Spencer Hawes,Tyreke Evans,Andris Biedrins,Anthony Morrow,C.J. Watson,Corey Maggette,Stephen Curry,1,6:48,SAC,free throw,,,,,,,1,,1,Kevin Martin,,,technical,missed,,,,
Donte Greene,Kevin Martin,Omri Casspi,Spencer Hawes,Tyreke Evans,Andris Biedrins,Anthony Morrow,C.J. Watson,Corey Maggette,Stephen Curry,1,6:48,SAC,rebound,,,,,,,,,,,,,,,,,,
Donte Greene,Kevin Martin,Omri Casspi,Spencer Hawes,Tyreke Evans,Andris Biedrins,Anthony Morrow,C.J. Watson,Corey Maggette,Stephen Curry,1,6:39,SAC,shot,,,,,,,,,,Tyreke Evans,2,,,made,,driving reverse layup,27,6
Donte Greene,Kevin Martin,Omri Casspi,Spencer Hawes,Tyreke Evans,Andris Biedrins,Anthony Morrow,C.J. Watson,Corey Maggette,Stephen Curry,1,6:17,GSW,shot,,,Spencer Hawes,,,,,,,Corey Maggette,,,,missed,,layup,25,8
Donte Greene,Kevin Martin,Omri Casspi,Spencer Hawes,Tyreke Evans,Andris Biedrins,Anthony Morrow,C.J. Watson,Corey Maggette,Stephen Curry,1,6:15,SAC,rebound,,,,,,,,,,Omri Casspi,,,,,,def,,
Donte Greene,Kevin Martin,Omri Casspi,Spencer Hawes,Tyreke Evans,Andris Biedrins,Anthony Morrow,C.J. Watson,Corey Maggette,Stephen Curry,1,6:11,SAC,shot,,,,,,,,,,Donte Greene,2,,,made,,alley oop dunk,24,7
Donte Greene,Kevin Martin,Omri Casspi,Spencer Hawes,Tyreke Evans,Andris Biedrins,Anthony Morrow,C.J. Watson,Corey Maggette,Stephen Curry,1,6:02,GSW,shot,,,,,,,,,,C.J. Watson,2,,,made,,pullup jump,13,22
Donte Greene,Kevin Martin,Omri Casspi,Spencer Hawes,Tyreke Evans,Andris Biedrins,Anthony Morrow,C.J. Watson,Corey Maggette,Stephen Curry,1,5:41,SAC,shot,,,,,,,,,,Donte Greene,,,,missed,,3pt,40,28
Donte Greene,Kevin Martin,Omri Casspi,Spencer Hawes,Tyreke Evans,Andris Biedrins,Anthony Morrow,C.J. Watson,Corey Maggette,Stephen Curry,1,5:40,GSW,rebound,,,,,,,,,,C.J. Watson,,,,,,def,,
Donte Greene,Kevin Martin,Omri Casspi,Spencer Hawes,Tyreke Evans,Andris Biedrins,Anthony Morrow,C.J. Watson,Corey Maggette,Stephen Curry,1,5:34,GSW,timeout,,,,,,,,,,,,,,,,regular,,
Donte Greene,Kevin Martin,Omri Casspi,Spencer Hawes,Tyreke Evans,Andris Biedrins,Anthony Morrow,C.J. Watson,Corey Maggette,Stephen Curry,1,5:31,GSW,shot,C.J. Watson,,,,,,,,,Corey Maggette,2,,,made,,driving reverse layup,25,8
Donte Greene,Kevin Martin,Omri Casspi,Spencer Hawes,Tyreke Evans,Andris Biedrins,Anthony Morrow,C.J. Watson,Corey Maggette,Stephen Curry,1,5:31,SAC,foul,,,,,,,,Corey Maggette,,Donte Greene,,,,,,shooting,,
Donte Greene,Kevin Martin,Omri Casspi,Spencer Hawes,Tyreke Evans,Andris Biedrins,Anthony Morrow,C.J. Watson,Corey Maggette,Stephen Curry,1,5:31,GSW,free throw,,,,,,,1,,1,Corey Maggette,,,foul,made,,,,
Donte Greene,Kevin Martin,Omri Casspi,Spencer Hawes,Tyreke Evans,Andris Biedrins,Anthony Morrow,C.J. Watson,Corey Maggette,Stephen Curry,1,5:16,SAC,turnover,,,,,,,,,,Spencer Hawes,,,lost ball,,Anthony Morrow,,,
Donte Greene,Kevin Martin,Omri Casspi,Spencer Hawes,Tyreke Evans,Andris Biedrins,Anthony Morrow,C.J. Watson,Corey Maggette,Stephen Curry,1,5:09,GSW,shot,Anthony Morrow,,,,,,,,,C.J. Watson,2,,,made,,driving layup,25,7
Donte Greene,Kevin Martin,Omri Casspi,Spencer Hawes,Tyreke Evans,Andris Biedrins,Anthony Morrow,C.J. Watson,Corey Maggette,Stephen Curry,1,5:00,SAC,shot,,,,,,,,,,Kevin Martin,,,,missed,,jump,13,17
Donte Greene,Kevin Martin,Omri Casspi,Spencer Hawes,Tyreke Evans,Andris Biedrins,Anthony Morrow,C.J. Watson,Corey Maggette,Stephen Curry,1,4:59,GSW,rebound,,,,,,,,,,Andris Biedrins,,,,,,def,,
Donte Greene,Kevin Martin,Omri Casspi,Spencer Hawes,Tyreke Evans,Andris Biedrins,Anthony Morrow,C.J. Watson,Corey Maggette,Stephen Curry,1,4:53,GSW,shot,,,,,,,,,,Anthony Morrow,,,,missed,,3pt,11,29
Donte Greene,Kevin Martin,Omri Casspi,Spencer Hawes,Tyreke Evans,Andris Biedrins,Anthony Morrow,C.J. Watson,Corey Maggette,Stephen Curry,1,4:51,SAC,rebound,,,,,,,,,,Donte Greene,,,,,,def,,
Donte Greene,Kevin Martin,Omri Casspi,Spencer Hawes,Tyreke Evans,Andris Biedrins,Anthony Morrow,C.J. Watson,Corey Maggette,Stephen Curry,1,4:44,GSW,foul,,,,,,,,Donte Greene,,Anthony Morrow,,,,,,shooting,,
Donte Greene,Kevin Martin,Omri Casspi,Spencer Hawes,Tyreke Evans,Andris Biedrins,Anthony Morrow,C.J. Watson,Corey Maggette,Stephen Curry,1,4:44,SAC,free throw,,,,,,,1,,2,Donte Greene,,,foul,made,,,,
Donte Greene,Kevin Martin,Omri Casspi,Spencer Hawes,Tyreke Evans,Andris Biedrins,Anthony Morrow,C.J. Watson,Corey Maggette,Stephen Curry,1,4:44,SAC,free throw,,,,,,,2,,2,Donte Greene,,,foul,made,,,,
Donte Greene,Kevin Martin,Omri Casspi,Spencer Hawes,Tyreke Evans,Andris Biedrins,Anthony Morrow,C.J. Watson,Corey Maggette,Stephen Curry,1,4:29,GSW,shot,,,,,,,,,,Andris Biedrins,,,,missed,,jump,24,9
Donte Greene,Kevin Martin,Omri Casspi,Spencer Hawes,Tyreke Evans,Andris Biedrins,Anthony Morrow,C.J. Watson,Corey Maggette,Stephen Curry,1,4:27,SAC,rebound,,,,,,,,,,Tyreke Evans,,,,,,def,,
Donte Greene,Kevin Martin,Omri Casspi,Spencer Hawes,Tyreke Evans,Andris Biedrins,Anthony Morrow,C.J. Watson,Corey Maggette,Stephen Curry,1,4:16,SAC,shot,Tyreke Evans,,,,,,,,,Omri Casspi,3,,,made,,3pt,26,31
Donte Greene,Kevin Martin,Omri Casspi,Spencer Hawes,Tyreke Evans,Andris Biedrins,Anthony Morrow,C.J. Watson,Corey Maggette,Stephen Curry,1,4:07,GSW,shot,,,,,,,,,,Corey Maggette,,,,missed,,jump,9,8
Donte Greene,Kevin Martin,Omri Casspi,Spencer Hawes,Tyreke Evans,Andris Biedrins,Anthony Morrow,C.J. Watson,Corey Maggette,Stephen Curry,1,4:06,GSW,rebound,,,,,,,,,,Andris Biedrins,,,,,,off,,
Donte Greene,Kevin Martin,Omri Casspi,Spencer Hawes,Tyreke Evans,Andris Biedrins,Anthony Morrow,C.J. Watson,Corey Maggette,Stephen Curry,1,4:05,GSW,shot,,,,,,,,,,Andris Biedrins,2,,,made,,turnaround hook,26,8
Donte Greene,Kevin Martin,Omri Casspi,Spencer Hawes,Tyreke Evans,Andris Biedrins,Anthony Morrow,C.J. Watson,Corey Maggette,Stephen Curry,1,3:45,SAC,shot,Spencer Hawes,,,,,,,,,Omri Casspi,2,,,made,,step back jump,9,20
Donte Greene,Kevin Martin,Omri Casspi,Spencer Hawes,Tyreke Evans,Andris Biedrins,Anthony Morrow,C.J. Watson,Corey Maggette,Stephen Curry,1,3:38,SAC,foul,,,,,,,,C.J. Watson,,Kevin Martin,,,,,,shooting,,
Donte Greene,Kevin Martin,Omri Casspi,Spencer Hawes,Tyreke Evans,Andris Biedrins,Anthony Morrow,C.J. Watson,Corey Maggette,Stephen Curry,1,3:38,GSW,free throw,,,,,,,1,,2,C.J. Watson,,,foul,made,,,,
Donte Greene,Kevin Martin,Omri Casspi,Spencer Hawes,Tyreke Evans,Andris Biedrins,Anthony Morrow,C.J. Watson,Corey Maggette,Stephen Curry,1,3:38,GSW,free throw,,,,,,,2,,2,C.J. Watson,,,foul,made,,,,
Donte Greene,Kevin Martin,Omri Casspi,Spencer Hawes,Tyreke Evans,Andris Biedrins,Anthony Morrow,C.J. Watson,Corey Maggette,Stephen Curry,1,3:22,SAC,shot,,,,,,,,,,Kevin Martin,,,,missed,,jump,36,21
Donte Greene,Kevin Martin,Omri Casspi,Spencer Hawes,Tyreke Evans,Andris Biedrins,Anthony Morrow,C.J. Watson,Corey Maggette,Stephen Curry,1,3:21,GSW,rebound,,,,,,,,,,Stephen Curry,,,,,,def,,
Donte Greene,Kevin Martin,Omri Casspi,Spencer Hawes,Tyreke Evans,Andris Biedrins,Anthony Morrow,C.J. Watson,Corey Maggette,Stephen Curry,1,3:16,GSW,shot,,,Omri Casspi,,,,,,,Anthony Morrow,,,,missed,,layup,27,8
Donte Greene,Kevin Martin,Omri Casspi,Spencer Hawes,Tyreke Evans,Andris Biedrins,Anthony Morrow,C.J. Watson,Corey Maggette,Stephen Curry,1,3:14,SAC,rebound,,,,,,,,,,Omri Casspi,,,,,,def,,
Donte Greene,Kevin Martin,Omri Casspi,Spencer Hawes,Tyreke Evans,Andris Biedrins,Anthony Morrow,C.J. Watson,Corey Maggette,Stephen Curry,1,3:10,SAC,shot,,,,,,,,,,Donte Greene,,,,missed,,layup,24,8
Donte Greene,Kevin Martin,Omri Casspi,Spencer Hawes,Tyreke Evans,Andris Biedrins,Anthony Morrow,C.J. Watson,Corey Maggette,Stephen Curry,1,3:09,GSW,rebound,,,,,,,,,,Andris Biedrins,,,,,,def,,
Donte Greene,Kevin Martin,Omri Casspi,Spencer Hawes,Tyreke Evans,Andris Biedrins,Anthony Morrow,C.J. Watson,Corey Maggette,Stephen Curry,1,3:04,GSW,turnover,,,,,,,,,,Stephen Curry,,,bad pass,,Tyreke Evans,,,
Donte Greene,Kevin Martin,Omri Casspi,Spencer Hawes,Tyreke Evans,Andris Biedrins,Anthony Morrow,C.J. Watson,Corey Maggette,Stephen Curry,1,2:46,SAC,shot,,,,,,,,,,Tyreke Evans,,,,missed,,jump,17,8
Donte Greene,Kevin Martin,Omri Casspi,Spencer Hawes,Tyreke Evans,Andris Biedrins,Anthony Morrow,C.J. Watson,Corey Maggette,Stephen Curry,1,2:45,SAC,rebound,,,,,,,,,,Spencer Hawes,,,,,,off,,
Donte Greene,Kevin Martin,Omri Casspi,Spencer Hawes,Tyreke Evans,Andris Biedrins,Anthony Morrow,C.J. Watson,Corey Maggette,Stephen Curry,1,2:44,SAC,shot,,,,,,,,,,Spencer Hawes,2,,,made,,putback layup,26,8
Donte Greene,Kevin Martin,Omri Casspi,Spencer Hawes,Tyreke Evans,Andris Biedrins,Anthony Morrow,C.J. Watson,Corey Maggette,Stephen Curry,1,2:39,SAC,foul,,,,,,,,C.J. Watson,,Spencer Hawes,,,,,,personal,,
Donte Greene,Kevin Martin,Omri Casspi,Spencer Hawes,Tyreke Evans,Andris Biedrins,Anthony Morrow,C.J. Watson,Corey Maggette,Stephen Curry,1,2:39,SAC,timeout,,,,,,,,,,,,,,,,regular,,
Beno Udrih,Donte Greene,Omri Casspi,Spencer Hawes,Tyreke Evans,Andris Biedrins,Anthony Morrow,C.J. Watson,Corey Maggette,Stephen Curry,1,2:39,SAC,sub,,,,Beno Udrih,,Kevin Martin,,,,,,,,,,,,
Beno Udrih,Donte Greene,Jason Thompson,Omri Casspi,Tyreke Evans,Andris Biedrins,Anthony Morrow,C.J. Watson,Corey Maggette,Stephen Curry,1,2:39,SAC,sub,,,,Jason Thompson,,Spencer Hawes,,,,,,,,,,,,
Beno Udrih,Donte Greene,Jason Thompson,Omri Casspi,Tyreke Evans,Andris Biedrins,Anthony Morrow,C.J. Watson,Corey Maggette,Stephen Curry,1,2:29,GSW,shot,,,Donte Greene,,,,,,,Corey Maggette,,,,missed,,jump,26,14
Beno Udrih,Donte Greene,Jason Thompson,Omri Casspi,Tyreke Evans,Andris Biedrins,Anthony Morrow,C.J. Watson,Corey Maggette,Stephen Curry,1,2:29,GSW,rebound,,,,,,,,,,,,,,,,,,
Beno Udrih,Donte Greene,Jason Thompson,Omri Casspi,Tyreke Evans,Andris Biedrins,Anthony Morrow,C.J. Watson,Corey Maggette,Stephen Curry,1,2:24,GSW,shot,,,,,,,,,,Anthony Morrow,,,,missed,,jump,41,6
Beno Udrih,Donte Greene,Jason Thompson,Omri Casspi,Tyreke Evans,Andris Biedrins,Anthony Morrow,C.J. Watson,Corey Maggette,Stephen Curry,1,2:23,SAC,rebound,,,,,,,,,,Donte Greene,,,,,,def,,
Beno Udrih,Donte Greene,Jason Thompson,Omri Casspi,Tyreke Evans,Andris Biedrins,Anthony Morrow,C.J. Watson,Corey Maggette,Stephen Curry,1,2:07,SAC,turnover,,,,,,,,,,Tyreke Evans,,,lost ball,,Stephen Curry,,,
Beno Udrih,Donte Greene,Jason Thompson,Omri Casspi,Tyreke Evans,Andris Biedrins,Anthony Morrow,C.J. Watson,Corey Maggette,Stephen Curry,1,2:02,GSW,shot,Stephen Curry,,,,,,,,,Corey Maggette,2,,,made,,running jump,28,8
Beno Udrih,Donte Greene,Jason Thompson,Omri Casspi,Tyreke Evans,Andris Biedrins,Anthony Morrow,C.J. Watson,Corey Maggette,Stephen Curry,1,1:40,SAC,shot,Tyreke Evans,,,,,,,,,Donte Greene,3,,,made,,3pt,16,31
Beno Udrih,Donte Greene,Jason Thompson,Omri Casspi,Tyreke Evans,Andris Biedrins,Anthony Morrow,C.J. Watson,Corey Maggette,Stephen Curry,1,1:22,GSW,shot,,,,,,,,,,Stephen Curry,,,,missed,,3pt,31,32
Beno Udrih,Donte Greene,Jason Thompson,Omri Casspi,Tyreke Evans,Andris Biedrins,Anthony Morrow,C.J. Watson,Corey Maggette,Stephen Curry,1,1:19,SAC,rebound,,,,,,,,,,Jason Thompson,,,,,,def,,
Beno Udrih,Donte Greene,Jason Thompson,Omri Casspi,Tyreke Evans,Andris Biedrins,Anthony Morrow,C.J. Watson,Corey Maggette,Stephen Curry,1,1:03,SAC,shot,,,,,,,,,,Donte Greene,,,,missed,,jump,40,8
Beno Udrih,Donte Greene,Jason Thompson,Omri Casspi,Tyreke Evans,Andris Biedrins,Anthony Morrow,C.J. Watson,Corey Maggette,Stephen Curry,1,1:02,GSW,rebound,,,,,,,,,,Anthony Morrow,,,,,,def,,
Beno Udrih,Donte Greene,Jason Thompson,Omri Casspi,Tyreke Evans,Andris Biedrins,Anthony Morrow,C.J. Watson,Corey Maggette,Stephen Curry,1,0:58,GSW,shot,Anthony Morrow,,,,,,,,,C.J. Watson,2,,,made,,driving layup,24,7
Beno Udrih,Donte Greene,Jason Thompson,Omri Casspi,Tyreke Evans,Andris Biedrins,Anthony Morrow,C.J. Watson,Corey Maggette,Stephen Curry,1,0:58,SAC,foul,,,,,,,,C.J. Watson,,Beno Udrih,,,,,,shooting,,
Beno Udrih,Donte Greene,Jason Thompson,Omri Casspi,Tyreke Evans,Anthony Morrow,C.J. Watson,Corey Maggette,Ronny Turiaf,Stephen Curry,1,0:58,GSW,sub,,,,Ronny Turiaf,,Andris Biedrins,,,,,,,,,,,,
Beno Udrih,Donte Greene,Jason Thompson,Omri Casspi,Tyreke Evans,Anthony Morrow,C.J. Watson,Corey Maggette,Ronny Turiaf,Stephen Curry,1,0:58,GSW,free throw,,,,,,,1,,1,C.J. Watson,,,foul,made,,,,
Beno Udrih,Donte Greene,Jason Thompson,Omri Casspi,Tyreke Evans,Anthony Morrow,C.J. Watson,Corey Maggette,Ronny Turiaf,Stephen Curry,1,0:47,GSW,foul,,,,,,,,Omri Casspi,,Anthony Morrow,,,,,,personal,,
Beno Udrih,Donte Greene,Jason Thompson,Omri Casspi,Tyreke Evans,Anthony Morrow,C.J. Watson,Corey Maggette,Ronny Turiaf,Stephen Curry,1,0:37,SAC,shot,,,,,,,,,,Jason Thompson,,,,missed,,jump,17,22
Beno Udrih,Donte Greene,Jason Thompson,Omri Casspi,Tyreke Evans,Anthony Morrow,C.J. Watson,Corey Maggette,Ronny Turiaf,Stephen Curry,1,0:36,GSW,rebound,,,,,,,,,,C.J. Watson,,,,,,def,,
Beno Udrih,Donte Greene,Jason Thompson,Omri Casspi,Tyreke Evans,Anthony Morrow,C.J. Watson,Corey Maggette,Ronny Turiaf,Stephen Curry,1,0:29,GSW,shot,,,,,,,,,,C.J. Watson,2,,,made,,running bank,24,11
Beno Udrih,Donte Greene,Jason Thompson,Omri Casspi,Tyreke Evans,Anthony Morrow,C.J. Watson,Corey Maggette,Ronny Turiaf,Stephen Curry,1,0:29,SAC,foul,,,,,,,,C.J. Watson,,Beno Udrih,,,,,,shooting,,
Beno Udrih,Donte Greene,Jason Thompson,Omri Casspi,Tyreke Evans,Anthony Morrow,C.J. Watson,Corey Maggette,Ronny Turiaf,Stephen Curry,1,0:29,GSW,free throw,,,,,,,1,,1,C.J. Watson,,,foul,made,,,,
Beno Udrih,Donte Greene,Jason Thompson,Omri Casspi,Tyreke Evans,Anthony Morrow,C.J. Watson,Corey Maggette,Ronny Turiaf,Stephen Curry,1,0:08,SAC,shot,,,,,,,,,,Tyreke Evans,,,,missed,,jump,31,25
Beno Udrih,Donte Greene,Jason Thompson,Omri Casspi,Tyreke Evans,Anthony Morrow,C.J. Watson,Corey Maggette,Ronny Turiaf,Stephen Curry,1,0:08,GSW,rebound,,,,,,,,,,Corey Maggette,,,,,,def,,
Beno Udrih,Donte Greene,Jason Thompson,Omri Casspi,Tyreke Evans,Anthony Morrow,Anthony Tolliver,C.J. Watson,Ronny Turiaf,Stephen Curry,1,0:08,GSW,sub,,,,Anthony Tolliver,,Corey Maggette,,,,,,,,,,,,
Beno Udrih,Donte Greene,Ime Udoka,Jason Thompson,Omri Casspi,Anthony Morrow,Anthony Tolliver,C.J. Watson,Ronny Turiaf,Stephen Curry,1,0:08,SAC,sub,,,,Ime Udoka,,Tyreke Evans,,,,,,,,,,,,
Beno Udrih,Donte Greene,Ime Udoka,Jason Thompson,Omri Casspi,Anthony Morrow,Anthony Tolliver,C.J. Watson,Ronny Turiaf,Stephen Curry,1,0:02,GSW,shot,,,,,,,,,,Ronny Turiaf,,,,missed,,jump,27,9
Beno Udrih,Donte Greene,Ime Udoka,Jason Thompson,Omri Casspi,Anthony Morrow,Anthony Tolliver,C.J. Watson,Ronny Turiaf,Stephen Curry,1,0:01,SAC,rebound,,,,,,,,,,Jason Thompson,,,,,,def,,
Beno Udrih,Francisco Garcia,Ime Udoka,Jason Thompson,Kevin Martin,Anthony Morrow,Anthony Tolliver,C.J. Watson,Ronny Turiaf,Stephen Curry,2,11:33,GSW,shot,Stephen Curry,,,,,,,,,Anthony Morrow,2,,,made,,pullup jump,4,5
Beno Udrih,Francisco Garcia,Ime Udoka,Jason Thompson,Kevin Martin,Anthony Morrow,Anthony Tolliver,C.J. Watson,Ronny Turiaf,Stephen Curry,2,11:22,SAC,shot,Beno Udrih,,,,,,,,,Kevin Martin,2,,,made,,jump,41,21
Beno Udrih,Francisco Garcia,Ime Udoka,Jason Thompson,Kevin Martin,Anthony Morrow,Anthony Tolliver,C.J. Watson,Ronny Turiaf,Stephen Curry,2,11:03,GSW,shot,Anthony Morrow,,,,,,,,,C.J. Watson,2,,,made,,step back jump,17,25
Beno Udrih,Francisco Garcia,Ime Udoka,Jason Thompson,Kevin Martin,Anthony Morrow,Anthony Tolliver,C.J. Watson,Ronny Turiaf,Stephen Curry,2,10:47,SAC,shot,,,,,,,,,,Francisco Garcia,,,,missed,,jump,43,6
Beno Udrih,Francisco Garcia,Ime Udoka,Jason Thompson,Kevin Martin,Anthony Morrow,Anthony Tolliver,C.J. Watson,Ronny Turiaf,Stephen Curry,2,10:45,SAC,rebound,,,,,,,,,,Francisco Garcia,,,,,,off,,
Beno Udrih,Francisco Garcia,Ime Udoka,Jason Thompson,Kevin Martin,Anthony Morrow,Anthony Tolliver,C.J. Watson,Ronny Turiaf,Stephen Curry,2,10:40,SAC,shot,,,,,,,,,,Jason Thompson,,,,missed,,jump,27,9
Beno Udrih,Francisco Garcia,Ime Udoka,Jason Thompson,Kevin Martin,Anthony Morrow,Anthony Tolliver,C.J. Watson,Ronny Turiaf,Stephen Curry,2,10:39,GSW,rebound,,,,,,,,,,Ronny Turiaf,,,,,,def,,
Beno Udrih,Francisco Garcia,Ime Udoka,Jason Thompson,Kevin Martin,Anthony Morrow,Anthony Tolliver,C.J. Watson,Ronny Turiaf,Stephen Curry,2,10:32,GSW,shot,Stephen Curry,,,,,,,,,Anthony Morrow,3,,,made,,3pt,2,6
Beno Udrih,Francisco Garcia,Ime Udoka,Jason Thompson,Kevin Martin,Anthony Morrow,Anthony Tolliver,C.J. Watson,Ronny Turiaf,Stephen Curry,2,10:11,SAC,shot,,,,,,,,,,Beno Udrih,,,,missed,,3pt,24,31
Beno Udrih,Francisco Garcia,Ime Udoka,Jason Thompson,Kevin Martin,Anthony Morrow,Anthony Tolliver,C.J. Watson,Ronny Turiaf,Stephen Curry,2,10:09,GSW,rebound,,,,,,,,,,C.J. Watson,,,,,,def,,
Beno Udrih,Francisco Garcia,Ime Udoka,Jason Thompson,Kevin Martin,Anthony Morrow,Anthony Tolliver,C.J. Watson,Ronny Turiaf,Stephen Curry,2,10:07,GSW,shot,,,,,,,,,,C.J. Watson,2,,,made,,driving layup,23,7
Beno Udrih,Francisco Garcia,Ime Udoka,Jason Thompson,Kevin Martin,Anthony Morrow,Anthony Tolliver,C.J. Watson,Ronny Turiaf,Stephen Curry,2,10:07,SAC,foul,,,,,,,,C.J. Watson,,Ime Udoka,,,,,,shooting,,
Andres Nocioni,Beno Udrih,Francisco Garcia,Jason Thompson,Kevin Martin,Anthony Morrow,Anthony Tolliver,C.J. Watson,Ronny Turiaf,Stephen Curry,2,10:07,SAC,sub,,,,Andres Nocioni,,Ime Udoka,,,,,,,,,,,,
Andres Nocioni,Beno Udrih,Francisco Garcia,Jason Thompson,Kevin Martin,Anthony Morrow,Anthony Tolliver,C.J. Watson,Ronny Turiaf,Stephen Curry,2,10:07,GSW,free throw,,,,,,,1,,1,C.J. Watson,,,foul,missed,,,,
Andres Nocioni,Beno Udrih,Francisco Garcia,Jason Thompson,Kevin Martin,Anthony Morrow,Anthony Tolliver,C.J. Watson,Ronny Turiaf,Stephen Curry,2,10:04,SAC,rebound,,,,,,,,,,Andres Nocioni,,,,,,def,,
Andres Nocioni,Beno Udrih,Francisco Garcia,Jason Thompson,Kevin Martin,Anthony Morrow,Anthony Tolliver,C.J. Watson,Ronny Turiaf,Stephen Curry,2,9:58,SAC,shot,,,,,,,,,,Kevin Martin,,,,missed,,jump,20,17
Andres Nocioni,Beno Udrih,Francisco Garcia,Jason Thompson,Kevin Martin,Anthony Morrow,Anthony Tolliver,C.J. Watson,Ronny Turiaf,Stephen Curry,2,9:57,GSW,rebound,,,,,,,,,,Anthony Morrow,,,,,,def,,
Andres Nocioni,Beno Udrih,Francisco Garcia,Jason Thompson,Kevin Martin,Anthony Morrow,Anthony Tolliver,C.J. Watson,Ronny Turiaf,Stephen Curry,2,9:47,GSW,shot,Stephen Curry,,,,,,,,,C.J. Watson,3,,,made,,3pt,49,11
Andres Nocioni,Beno Udrih,Francisco Garcia,Jason Thompson,Kevin Martin,Anthony Morrow,Anthony Tolliver,C.J. Watson,Ronny Turiaf,Stephen Curry,2,9:44,SAC,timeout,,,,,,,,,,,,,,,,regular,,
Andres Nocioni,Beno Udrih,Francisco Garcia,Jason Thompson,Kevin Martin,Anthony Morrow,Anthony Tolliver,C.J. Watson,Ronny Turiaf,Stephen Curry,2,9:31,SAC,shot,,,,,,,,,,Andres Nocioni,,,,missed,,3pt,6,23
Andres Nocioni,Beno Udrih,Francisco Garcia,Jason Thompson,Kevin Martin,Anthony Morrow,Anthony Tolliver,C.J. Watson,Ronny Turiaf,Stephen Curry,2,9:30,SAC,rebound,,,,,,,,,,Jason Thompson,,,,,,off,,
Andres Nocioni,Beno Udrih,Francisco Garcia,Jason Thompson,Kevin Martin,Anthony Morrow,Anthony Tolliver,C.J. Watson,Ronny Turiaf,Stephen Curry,2,9:26,SAC,shot,,,,,,,,,,Andres Nocioni,,,,missed,,3pt,8,27
Andres Nocioni,Beno Udrih,Francisco Garcia,Jason Thompson,Kevin Martin,Anthony Morrow,Anthony Tolliver,C.J. Watson,Ronny Turiaf,Stephen Curry,2,9:25,GSW,rebound,,,,,,,,,,Stephen Curry,,,,,,def,,
Andres Nocioni,Beno Udrih,Francisco Garcia,Jason Thompson,Kevin Martin,Anthony Morrow,Anthony Tolliver,C.J. Watson,Ronny Turiaf,Stephen Curry,2,9:14,GSW,turnover,,,,,,,,,,Anthony Morrow,,,backcourt turnover,,,,,
Andres Nocioni,Beno Udrih,Francisco Garcia,Jason Thompson,Kevin Martin,Anthony Morrow,Anthony Tolliver,C.J. Watson,Ronny Turiaf,Stephen Curry,2,9:03,SAC,shot,,,,,,,,,,Andres Nocioni,,,,missed,,jump,39,20
Andres Nocioni,Beno Udrih,Francisco Garcia,Jason Thompson,Kevin Martin,Anthony Morrow,Anthony Tolliver,C.J. Watson,Ronny Turiaf,Stephen Curry,2,9:02,GSW,rebound,,,,,,,,,,Ronny Turiaf,,,,,,def,,
Andres Nocioni,Beno Udrih,Francisco Garcia,Jason Thompson,Kevin Martin,Anthony Morrow,Anthony Tolliver,C.J. Watson,Ronny Turiaf,Stephen Curry,2,8:53,GSW,shot,Stephen Curry,,,,,,,,,Anthony Tolliver,2,,,made,,slam dunk,25,7
Andres Nocioni,Beno Udrih,Francisco Garcia,Jason Thompson,Kevin Martin,Anthony Morrow,Anthony Tolliver,C.J. Watson,Ronny Turiaf,Stephen Curry,2,8:31,SAC,shot,,,,,,,,,,Jason Thompson,,,,missed,,jump,11,20
Andres Nocioni,Beno Udrih,Francisco Garcia,Jason Thompson,Kevin Martin,Anthony Morrow,Anthony Tolliver,C.J. Watson,Ronny Turiaf,Stephen Curry,2,8:30,GSW,rebound,,,,,,,,,,C.J. Watson,,,,,,def,,
Andres Nocioni,Beno Udrih,Francisco Garcia,Jason Thompson,Kevin Martin,Anthony Morrow,Anthony Tolliver,C.J. Watson,Ronny Turiaf,Stephen Curry,2,8:24,GSW,shot,,,,,,,,,,C.J. Watson,,,,missed,,jump,28,9
Andres Nocioni,Beno Udrih,Francisco Garcia,Jason Thompson,Kevin Martin,Anthony Morrow,Anthony Tolliver,C.J. Watson,Ronny Turiaf,Stephen Curry,2,8:21,SAC,rebound,,,,,,,,,,Andres Nocioni,,,,,,def,,
Andres Nocioni,Beno Udrih,Francisco Garcia,Jason Thompson,Kevin Martin,Anthony Morrow,Anthony Tolliver,C.J. Watson,Ronny Turiaf,Stephen Curry,2,8:21,GSW,foul,,,,,,,,Andres Nocioni,,Ronny Turiaf,,,,,,loose ball,,
Andres Nocioni,Beno Udrih,Francisco Garcia,Jason Thompson,Kevin Martin,Anthony Morrow,Anthony Tolliver,C.J. Watson,Ronny Turiaf,Stephen Curry,2,8:10,GSW,foul,,,,,,,,Kevin Martin,,Ronny Turiaf,,,,,,personal,,
Andres Nocioni,Beno Udrih,Francisco Garcia,Jason Thompson,Kevin Martin,Anthony Morrow,Anthony Tolliver,C.J. Watson,Ronny Turiaf,Stephen Curry,2,8:10,SAC,free throw,,,,,,,1,,2,Kevin Martin,,,foul,made,,,,
Andres Nocioni,Beno Udrih,Francisco Garcia,Jason Thompson,Kevin Martin,Anthony Morrow,Anthony Tolliver,C.J. Watson,Ronny Turiaf,Stephen Curry,2,8:10,SAC,free throw,,,,,,,2,,2,Kevin Martin,,,foul,missed,,,,
Andres Nocioni,Beno Udrih,Francisco Garcia,Jason Thompson,Kevin Martin,Anthony Morrow,Anthony Tolliver,C.J. Watson,Ronny Turiaf,Stephen Curry,2,8:08,GSW,rebound,,,,,,,,,,Ronny Turiaf,,,,,,def,,
Andres Nocioni,Beno Udrih,Francisco Garcia,Jason Thompson,Kevin Martin,Anthony Morrow,Anthony Tolliver,C.J. Watson,Ronny Turiaf,Stephen Curry,2,8:02,SAC,foul,,,,,,,,Stephen Curry,,Kevin Martin,,,,,,shooting,,
Andres Nocioni,Beno Udrih,Francisco Garcia,Jason Thompson,Kevin Martin,Anthony Morrow,Anthony Tolliver,C.J. Watson,Ronny Turiaf,Stephen Curry,2,8:02,GSW,free throw,,,,,,,1,,2,Stephen Curry,,,foul,made,,,,
Andres Nocioni,Beno Udrih,Francisco Garcia,Jason Thompson,Kevin Martin,Anthony Morrow,Anthony Tolliver,C.J. Watson,Ronny Turiaf,Stephen Curry,2,8:02,GSW,free throw,,,,,,,2,,2,Stephen Curry,,,foul,made,,,,
Andres Nocioni,Beno Udrih,Francisco Garcia,Jason Thompson,Kevin Martin,Anthony Morrow,Anthony Tolliver,C.J. Watson,Ronny Turiaf,Stephen Curry,2,7:51,SAC,foul,,,,,,,,Ronny Turiaf,,Jason Thompson,,,,,,offensive,,
Andres Nocioni,Beno Udrih,Francisco Garcia,Jason Thompson,Kevin Martin,Anthony Morrow,Anthony Tolliver,C.J. Watson,Ronny Turiaf,Stephen Curry,2,7:51,SAC,turnover,,,,,,,,,,Jason Thompson,,,foul,,,,,
Andres Nocioni,Francisco Garcia,Jason Thompson,Kevin Martin,Tyreke Evans,Anthony Morrow,Anthony Tolliver,C.J. Watson,Ronny Turiaf,Stephen Curry,2,7:51,SAC,sub,,,,Tyreke Evans,,Beno Udrih,,,,,,,,,,,,
Andres Nocioni,Francisco Garcia,Kevin Martin,Spencer Hawes,Tyreke Evans,Anthony Morrow,Anthony Tolliver,C.J. Watson,Ronny Turiaf,Stephen Curry,2,7:51,SAC,sub,,,,Spencer Hawes,,Jason Thompson,,,,,,,,,,,,
Andres Nocioni,Kevin Martin,Omri Casspi,Spencer Hawes,Tyreke Evans,Anthony Morrow,Anthony Tolliver,C.J. Watson,Ronny Turiaf,Stephen Curry,2,7:51,SAC,sub,,,,Omri Casspi,,Francisco Garcia,,,,,,,,,,,,
Andres Nocioni,Kevin Martin,Omri Casspi,Spencer Hawes,Tyreke Evans,Anthony Morrow,Anthony Tolliver,C.J. Watson,Ronny Turiaf,Stephen Curry,2,7:32,GSW,shot,,,,,,,,,,Anthony Morrow,,,,missed,,jump,38,9
Andres Nocioni,Kevin Martin,Omri Casspi,Spencer Hawes,Tyreke Evans,Anthony Morrow,Anthony Tolliver,C.J. Watson,Ronny Turiaf,Stephen Curry,2,7:30,SAC,rebound,,,,,,,,,,Omri Casspi,,,,,,def,,
Andres Nocioni,Kevin Martin,Omri Casspi,Spencer Hawes,Tyreke Evans,Anthony Morrow,Anthony Tolliver,C.J. Watson,Ronny Turiaf,Stephen Curry,2,7:18,SAC,shot,,,Ronny Turiaf,,,,,,,Kevin Martin,,,,missed,,jump,24,9
Andres Nocioni,Kevin Martin,Omri Casspi,Spencer Hawes,Tyreke Evans,Anthony Morrow,Anthony Tolliver,C.J. Watson,Ronny Turiaf,Stephen Curry,2,7:16,GSW,rebound,,,,,,,,,,Anthony Tolliver,,,,,,def,,
Andres Nocioni,Kevin Martin,Omri Casspi,Spencer Hawes,Tyreke Evans,Anthony Morrow,Anthony Tolliver,C.J. Watson,Ronny Turiaf,Stephen Curry,2,7:12,GSW,shot,C.J. Watson,,,,,,,,,Stephen Curry,2,,,made,,driving layup,26,6
Andres Nocioni,Kevin Martin,Omri Casspi,Spencer Hawes,Tyreke Evans,Anthony Morrow,Anthony Tolliver,C.J. Watson,Ronny Turiaf,Stephen Curry,2,6:56,SAC,turnover,,,,,,,,,,Spencer Hawes,,,bad pass,,C.J. Watson,,,
Andres Nocioni,Kevin Martin,Omri Casspi,Spencer Hawes,Tyreke Evans,Anthony Morrow,Anthony Tolliver,C.J. Watson,Ronny Turiaf,Stephen Curry,2,6:54,GSW,turnover,,,,,,,,,,Ronny Turiaf,,,bad pass,,Spencer Hawes,,,
Andres Nocioni,Kevin Martin,Omri Casspi,Spencer Hawes,Tyreke Evans,Anthony Morrow,Anthony Tolliver,C.J. Watson,Ronny Turiaf,Stephen Curry,2,6:48,SAC,shot,,,,,,,,,,Tyreke Evans,,,,missed,,3pt,6,25
Andres Nocioni,Kevin Martin,Omri Casspi,Spencer Hawes,Tyreke Evans,Anthony Morrow,Anthony Tolliver,C.J. Watson,Ronny Turiaf,Stephen Curry,2,6:46,SAC,rebound,,,,,,,,,,Omri Casspi,,,,,,off,,
Andres Nocioni,Kevin Martin,Omri Casspi,Spencer Hawes,Tyreke Evans,Anthony Morrow,Anthony Tolliver,C.J. Watson,Ronny Turiaf,Stephen Curry,2,6:42,SAC,shot,,,,,,,,,,Omri Casspi,,,,missed,,jump,14,7
Andres Nocioni,Kevin Martin,Omri Casspi,Spencer Hawes,Tyreke Evans,Anthony Morrow,Anthony Tolliver,C.J. Watson,Ronny Turiaf,Stephen Curry,2,6:39,GSW,rebound,,,,,,,,,,Anthony Tolliver,,,,,,def,,
Andres Nocioni,Kevin Martin,Omri Casspi,Spencer Hawes,Tyreke Evans,Anthony Morrow,Anthony Tolliver,C.J. Watson,Ronny Turiaf,Stephen Curry,2,6:35,GSW,shot,C.J. Watson,,,,,,,,,Stephen Curry,2,,,made,,driving layup,24,8
Andres Nocioni,Kevin Martin,Omri Casspi,Spencer Hawes,Tyreke Evans,Anthony Morrow,Anthony Tolliver,C.J. Watson,Ronny Turiaf,Stephen Curry,2,6:18,SAC,shot,,,,,,,,,,Andres Nocioni,,,,missed,,3pt,18,31
Andres Nocioni,Kevin Martin,Omri Casspi,Spencer Hawes,Tyreke Evans,Anthony Morrow,Anthony Tolliver,C.J. Watson,Ronny Turiaf,Stephen Curry,2,6:16,GSW,rebound,,,,,,,,,,Ronny Turiaf,,,,,,def,,
Andres Nocioni,Kevin Martin,Omri Casspi,Spencer Hawes,Tyreke Evans,Anthony Morrow,Anthony Tolliver,C.J. Watson,Ronny Turiaf,Stephen Curry,2,6:09,GSW,shot,,,,,,,,,,Stephen Curry,,,,missed,,3pt,43,30
Andres Nocioni,Kevin Martin,Omri Casspi,Spencer Hawes,Tyreke Evans,Anthony Morrow,Anthony Tolliver,C.J. Watson,Ronny Turiaf,Stephen Curry,2,6:09,SAC,rebound,,,,,,,,,,Andres Nocioni,,,,,,def,,
Andres Nocioni,Kevin Martin,Omri Casspi,Spencer Hawes,Tyreke Evans,Anthony Morrow,Anthony Tolliver,C.J. Watson,Ronny Turiaf,Stephen Curry,2,6:03,SAC,shot,,,,,,,,,,Kevin Martin,,,,missed,,layup,23,7
Andres Nocioni,Kevin Martin,Omri Casspi,Spencer Hawes,Tyreke Evans,Anthony Morrow,Anthony Tolliver,C.J. Watson,Ronny Turiaf,Stephen Curry,2,6:01,GSW,rebound,,,,,,,,,,Stephen Curry,,,,,,def,,
Andres Nocioni,Kevin Martin,Omri Casspi,Spencer Hawes,Tyreke Evans,Anthony Morrow,Anthony Tolliver,C.J. Watson,Ronny Turiaf,Stephen Curry,2,5:56,GSW,shot,,,,,,,,,,Anthony Morrow,,,,missed,,3pt,2,6
Andres Nocioni,Kevin Martin,Omri Casspi,Spencer Hawes,Tyreke Evans,Anthony Morrow,Anthony Tolliver,C.J. Watson,Ronny Turiaf,Stephen Curry,2,5:54,SAC,rebound,,,,,,,,,,Tyreke Evans,,,,,,def,,
Andres Nocioni,Kevin Martin,Omri Casspi,Spencer Hawes,Tyreke Evans,Anthony Morrow,Anthony Tolliver,C.J. Watson,Ronny Turiaf,Stephen Curry,2,5:51,SAC,foul,,,,,,,,Ronny Turiaf,,Tyreke Evans,,,,,,offensive,,
Andres Nocioni,Kevin Martin,Omri Casspi,Spencer Hawes,Tyreke Evans,Anthony Morrow,Anthony Tolliver,C.J. Watson,Ronny Turiaf,Stephen Curry,2,5:51,SAC,turnover,,,,,,,,,,Tyreke Evans,,,foul,,,,,
Andres Nocioni,Kevin Martin,Omri Casspi,Spencer Hawes,Tyreke Evans,Anthony Morrow,Anthony Tolliver,C.J. Watson,Ronny Turiaf,Stephen Curry,2,5:51,GSW,timeout,,,,,,,,,,,,,,,,official,,
Andres Nocioni,Kevin Martin,Omri Casspi,Spencer Hawes,Tyreke Evans,Anthony Tolliver,C.J. Watson,Devean George,Ronny Turiaf,Stephen Curry,2,5:51,GSW,sub,,,,Devean George,,Anthony Morrow,,,,,,,,,,,,
Andres Nocioni,Omri Casspi,Sergio Rodriguez,Spencer Hawes,Tyreke Evans,Anthony Tolliver,C.J. Watson,Devean George,Ronny Turiaf,Stephen Curry,2,5:51,SAC,sub,,,,Sergio Rodriguez,,Kevin Martin,,,,,,,,,,,,
Donte Greene,Omri Casspi,Sergio Rodriguez,Spencer Hawes,Tyreke Evans,Anthony Tolliver,C.J. Watson,Devean George,Ronny Turiaf,Stephen Curry,2,5:51,SAC,sub,,,,Donte Greene,,Andres Nocioni,,,,,,,,,,,,
Donte Greene,Omri Casspi,Sergio Rodriguez,Spencer Hawes,Tyreke Evans,Anthony Tolliver,C.J. Watson,Devean George,Ronny Turiaf,Stephen Curry,2,5:36,GSW,turnover,,,,,,,,,,Ronny Turiaf,,,poss lost ball turnover,,,,,
Donte Greene,Omri Casspi,Sergio Rodriguez,Spencer Hawes,Tyreke Evans,Anthony Tolliver,C.J. Watson,Devean George,Ronny Turiaf,Stephen Curry,2,5:18,SAC,shot,Spencer Hawes,,,,,,,,,Tyreke Evans,2,,,made,,reverse layup,23,7
Donte Greene,Omri Casspi,Sergio Rodriguez,Spencer Hawes,Tyreke Evans,Anthony Tolliver,C.J. Watson,Devean George,Ronny Turiaf,Stephen Curry,2,5:06,GSW,shot,Stephen Curry,,,,,,,,,Anthony Tolliver,2,,,made,,pullup jump,14,6
Donte Greene,Omri Casspi,Sergio Rodriguez,Spencer Hawes,Tyreke Evans,Anthony Tolliver,C.J. Watson,Devean George,Ronny Turiaf,Stephen Curry,2,4:53,SAC,turnover,,,,,,,,,,Sergio Rodriguez,,,bad pass,,Ronny Turiaf,,,
Donte Greene,Omri Casspi,Sergio Rodriguez,Spencer Hawes,Tyreke Evans,Anthony Tolliver,C.J. Watson,Devean George,Ronny Turiaf,Stephen Curry,2,4:45,GSW,shot,C.J. Watson,,,,,,,,,Stephen Curry,3,,,made,,3pt,1,6
Donte Greene,Omri Casspi,Sergio Rodriguez,Spencer Hawes,Tyreke Evans,Anthony Tolliver,C.J. Watson,Devean George,Ronny Turiaf,Stephen Curry,2,4:32,SAC,shot,,,,,,,,,,Omri Casspi,,,,missed,,pullup jump,38,19
Donte Greene,Omri Casspi,Sergio Rodriguez,Spencer Hawes,Tyreke Evans,Anthony Tolliver,C.J. Watson,Devean George,Ronny Turiaf,Stephen Curry,2,4:31,GSW,rebound,,,,,,,,,,Anthony Tolliver,,,,,,def,,
Donte Greene,Omri Casspi,Sergio Rodriguez,Spencer Hawes,Tyreke Evans,Anthony Tolliver,C.J. Watson,Devean George,Ronny Turiaf,Stephen Curry,2,4:14,GSW,shot,Stephen Curry,,,,,,,,,Devean George,3,,,made,,3pt,48,10
Donte Greene,Omri Casspi,Sergio Rodriguez,Spencer Hawes,Tyreke Evans,Anthony Tolliver,C.J. Watson,Devean George,Ronny Turiaf,Stephen Curry,2,3:56,SAC,shot,,,,,,,,,,Sergio Rodriguez,,,,missed,,3pt,4,22
Donte Greene,Omri Casspi,Sergio Rodriguez,Spencer Hawes,Tyreke Evans,Anthony Tolliver,C.J. Watson,Devean George,Ronny Turiaf,Stephen Curry,2,3:54,GSW,rebound,,,,,,,,,,Anthony Tolliver,,,,,,def,,
Donte Greene,Omri Casspi,Sergio Rodriguez,Spencer Hawes,Tyreke Evans,Anthony Tolliver,C.J. Watson,Devean George,Ronny Turiaf,Stephen Curry,2,3:43,GSW,shot,,,,,,,,,,Ronny Turiaf,,,,missed,,layup,26,7
Donte Greene,Omri Casspi,Sergio Rodriguez,Spencer Hawes,Tyreke Evans,Anthony Tolliver,C.J. Watson,Devean George,Ronny Turiaf,Stephen Curry,2,3:42,GSW,rebound,,,,,,,,,,Anthony Tolliver,,,,,,off,,
Donte Greene,Jason Thompson,Sergio Rodriguez,Spencer Hawes,Tyreke Evans,Anthony Tolliver,C.J. Watson,Devean George,Ronny Turiaf,Stephen Curry,2,3:39,SAC,sub,,,,Jason Thompson,,Omri Casspi,,,,,,,,,,,,
Donte Greene,Jason Thompson,Kevin Martin,Spencer Hawes,Tyreke Evans,Anthony Tolliver,C.J. Watson,Devean George,Ronny Turiaf,Stephen Curry,2,3:39,SAC,sub,,,,Kevin Martin,,Sergio Rodriguez,,,,,,,,,,,,
Donte Greene,Jason Thompson,Kevin Martin,Spencer Hawes,Tyreke Evans,Anthony Tolliver,C.J. Watson,Devean George,Ronny Turiaf,Stephen Curry,2,3:37,GSW,shot,,,,,,,,,,Anthony Tolliver,,,,missed,,jump,9,5
Donte Greene,Jason Thompson,Kevin Martin,Spencer Hawes,Tyreke Evans,Anthony Tolliver,C.J. Watson,Devean George,Ronny Turiaf,Stephen Curry,2,3:35,SAC,rebound,,,,,,,,,,Tyreke Evans,,,,,,def,,
Donte Greene,Jason Thompson,Kevin Martin,Spencer Hawes,Tyreke Evans,Anthony Tolliver,C.J. Watson,Devean George,Ronny Turiaf,Stephen Curry,2,3:29,SAC,shot,,,,,,,,,,Tyreke Evans,,,,missed,,jump,25,9
Donte Greene,Jason Thompson,Kevin Martin,Spencer Hawes,Tyreke Evans,Anthony Tolliver,C.J. Watson,Devean George,Ronny Turiaf,Stephen Curry,2,3:27,SAC,rebound,,,,,,,,,,Jason Thompson,,,,,,off,,
Donte Greene,Jason Thompson,Kevin Martin,Spencer Hawes,Tyreke Evans,Anthony Tolliver,C.J. Watson,Devean George,Ronny Turiaf,Stephen Curry,2,3:27,SAC,shot,,,,,,,,,,Jason Thompson,,,,missed,,tip,23,7
Donte Greene,Jason Thompson,Kevin Martin,Spencer Hawes,Tyreke Evans,Anthony Tolliver,C.J. Watson,Devean George,Ronny Turiaf,Stephen Curry,2,3:24,GSW,rebound,,,,,,,,,,Devean George,,,,,,def,,
Donte Greene,Jason Thompson,Kevin Martin,Spencer Hawes,Tyreke Evans,Anthony Tolliver,C.J. Watson,Devean George,Ronny Turiaf,Stephen Curry,2,3:11,GSW,shot,,,,,,,,,,Stephen Curry,2,,,made,,driving bank hook,26,10
Donte Greene,Jason Thompson,Kevin Martin,Spencer Hawes,Tyreke Evans,Anthony Tolliver,C.J. Watson,Devean George,Ronny Turiaf,Stephen Curry,2,2:48,SAC,shot,,,,,,,,,,Donte Greene,,,,missed,,3pt,5,24
Donte Greene,Jason Thompson,Kevin Martin,Spencer Hawes,Tyreke Evans,Anthony Tolliver,C.J. Watson,Devean George,Ronny Turiaf,Stephen Curry,2,2:46,GSW,rebound,,,,,,,,,,C.J. Watson,,,,,,def,,
Donte Greene,Jason Thompson,Kevin Martin,Spencer Hawes,Tyreke Evans,Anthony Tolliver,C.J. Watson,Devean George,Ronny Turiaf,Stephen Curry,2,2:42,GSW,shot,C.J. Watson,,,,,,,,,Devean George,3,,,made,,3pt,48,6
Donte Greene,Jason Thompson,Kevin Martin,Spencer Hawes,Tyreke Evans,Anthony Tolliver,C.J. Watson,Devean George,Ronny Turiaf,Stephen Curry,2,2:23,SAC,shot,Tyreke Evans,,,,,,,,,Jason Thompson,2,,,made,,pullup jump,14,20
Donte Greene,Jason Thompson,Kevin Martin,Spencer Hawes,Tyreke Evans,Anthony Tolliver,C.J. Watson,Devean George,Ronny Turiaf,Stephen Curry,2,2:05,GSW,shot,Stephen Curry,,,,,,,,,Anthony Tolliver,3,,,made,,3pt,11,28
Donte Greene,Jason Thompson,Kevin Martin,Spencer Hawes,Tyreke Evans,Anthony Tolliver,C.J. Watson,Devean George,Ronny Turiaf,Stephen Curry,2,1:52,GSW,foul,,,,,,,,Tyreke Evans,,Stephen Curry,,,,,,shooting,,
Donte Greene,Jason Thompson,Kevin Martin,Spencer Hawes,Tyreke Evans,Anthony Tolliver,C.J. Watson,Devean George,Ronny Turiaf,Stephen Curry,2,1:52,GSW,timeout,,,,,,,,,,,,,,,,regular,,
Donte Greene,Jason Thompson,Kevin Martin,Spencer Hawes,Tyreke Evans,Andris Biedrins,Anthony Tolliver,C.J. Watson,Devean George,Ronny Turiaf,2,1:52,GSW,sub,,,,Andris Biedrins,,Stephen Curry,,,,,,,,,,,,
Donte Greene,Jason Thompson,Kevin Martin,Spencer Hawes,Tyreke Evans,Andris Biedrins,Anthony Morrow,Anthony Tolliver,C.J. Watson,Devean George,2,1:52,GSW,sub,,,,Anthony Morrow,,Ronny Turiaf,,,,,,,,,,,,
Donte Greene,Jason Thompson,Kevin Martin,Spencer Hawes,Tyreke Evans,Andris Biedrins,Anthony Morrow,Anthony Tolliver,C.J. Watson,Devean George,2,1:52,SAC,free throw,,,,,,,1,,2,Tyreke Evans,,,foul,made,,,,
Donte Greene,Jason Thompson,Kevin Martin,Spencer Hawes,Tyreke Evans,Andris Biedrins,Anthony Morrow,Anthony Tolliver,C.J. Watson,Devean George,2,1:52,SAC,free throw,,,,,,,2,,2,Tyreke Evans,,,foul,made,,,,
Donte Greene,Jason Thompson,Kevin Martin,Spencer Hawes,Tyreke Evans,Andris Biedrins,Anthony Morrow,Anthony Tolliver,C.J. Watson,Devean George,2,1:41,GSW,shot,Anthony Tolliver,,,,,,,,,Devean George,2,,,made,,jump,44,6
Donte Greene,Jason Thompson,Kevin Martin,Spencer Hawes,Tyreke Evans,Andris Biedrins,Anthony Morrow,Anthony Tolliver,C.J. Watson,Devean George,2,1:20,SAC,shot,Tyreke Evans,,,,,,,,,Donte Greene,2,,,made,,driving layup,23,7
Donte Greene,Jason Thompson,Kevin Martin,Spencer Hawes,Tyreke Evans,Andris Biedrins,Anthony Morrow,Anthony Tolliver,C.J. Watson,Devean George,2,1:04,GSW,shot,,,,,,,,,,Anthony Morrow,,,,missed,,jump,12,9
Donte Greene,Jason Thompson,Kevin Martin,Spencer Hawes,Tyreke Evans,Andris Biedrins,Anthony Morrow,Anthony Tolliver,C.J. Watson,Devean George,2,1:04,SAC,rebound,,,,,,,,,,,,,,,,,,
Donte Greene,Jason Thompson,Kevin Martin,Spencer Hawes,Tyreke Evans,Andris Biedrins,Anthony Morrow,Anthony Tolliver,C.J. Watson,Devean George,2,1:04,GSW,foul,,,,,,,,Jason Thompson,,Andris Biedrins,,,,,,loose ball,,
Donte Greene,Jason Thompson,Kevin Martin,Spencer Hawes,Tyreke Evans,Andris Biedrins,Anthony Morrow,Anthony Tolliver,C.J. Watson,Devean George,2,1:04,SAC,free throw,,,,,,,1,,2,Jason Thompson,,,foul,made,,,,
Donte Greene,Jason Thompson,Kevin Martin,Spencer Hawes,Tyreke Evans,Andris Biedrins,Anthony Morrow,Anthony Tolliver,C.J. Watson,Devean George,2,1:04,SAC,free throw,,,,,,,2,,2,Jason Thompson,,,foul,made,,,,
Donte Greene,Jason Thompson,Kevin Martin,Spencer Hawes,Tyreke Evans,Andris Biedrins,Anthony Morrow,Anthony Tolliver,C.J. Watson,Devean George,2,0:50,GSW,shot,,,,,,,,,,Anthony Tolliver,,,,missed,,jump,35,23
Donte Greene,Jason Thompson,Kevin Martin,Spencer Hawes,Tyreke Evans,Andris Biedrins,Anthony Morrow,Anthony Tolliver,C.J. Watson,Devean George,2,0:48,SAC,rebound,,,,,,,,,,Jason Thompson,,,,,,def,,
Donte Greene,Jason Thompson,Kevin Martin,Spencer Hawes,Tyreke Evans,Andris Biedrins,Anthony Morrow,Anthony Tolliver,C.J. Watson,Devean George,2,0:44,GSW,foul,,,,,,,,Kevin Martin,,Andris Biedrins,,,,,,shooting,,
Donte Greene,Jason Thompson,Kevin Martin,Spencer Hawes,Tyreke Evans,Andris Biedrins,Anthony Morrow,Anthony Tolliver,C.J. Watson,Devean George,2,0:44,SAC,free throw,,,,,,,1,,2,Kevin Martin,,,foul,made,,,,
Donte Greene,Jason Thompson,Kevin Martin,Spencer Hawes,Tyreke Evans,Andris Biedrins,Anthony Morrow,Anthony Tolliver,C.J. Watson,Devean George,2,0:44,SAC,free throw,,,,,,,2,,2,Kevin Martin,,,foul,missed,,,,
Donte Greene,Jason Thompson,Kevin Martin,Spencer Hawes,Tyreke Evans,Andris Biedrins,Anthony Morrow,Anthony Tolliver,C.J. Watson,Devean George,2,0:43,GSW,rebound,,,,,,,,,,Anthony Morrow,,,,,,def,,
Donte Greene,Jason Thompson,Kevin Martin,Spencer Hawes,Tyreke Evans,Andris Biedrins,Anthony Morrow,Anthony Tolliver,C.J. Watson,Devean George,2,0:38,SAC,foul,,,,,,,,C.J. Watson,,Tyreke Evans,,,,,,personal,,
Donte Greene,Jason Thompson,Kevin Martin,Spencer Hawes,Tyreke Evans,Andris Biedrins,Anthony Morrow,Anthony Tolliver,C.J. Watson,Devean George,2,0:33,GSW,shot,,,,,,,,,,C.J. Watson,2,,,made,,pullup jump,13,18
Donte Greene,Jason Thompson,Kevin Martin,Spencer Hawes,Tyreke Evans,Andris Biedrins,Anthony Morrow,Anthony Tolliver,C.J. Watson,Devean George,2,0:23,SAC,shot,Tyreke Evans,,,,,,,,,Jason Thompson,2,,,made,,driving layup,22,6
Donte Greene,Jason Thompson,Kevin Martin,Spencer Hawes,Tyreke Evans,Andris Biedrins,Anthony Morrow,Anthony Tolliver,C.J. Watson,Devean George,2,0:23,GSW,foul,,,,,,,,Jason Thompson,,Devean George,,,,,,shooting,,
Donte Greene,Ime Udoka,Jason Thompson,Kevin Martin,Spencer Hawes,Andris Biedrins,Anthony Morrow,Anthony Tolliver,C.J. Watson,Devean George,2,0:23,SAC,sub,,,,Ime Udoka,,Tyreke Evans,,,,,,,,,,,,
Donte Greene,Ime Udoka,Jason Thompson,Kevin Martin,Spencer Hawes,Andris Biedrins,Anthony Morrow,Anthony Tolliver,C.J. Watson,Devean George,2,0:23,SAC,free throw,,,,,,,1,,1,Jason Thompson,,,foul,missed,,,,
Donte Greene,Ime Udoka,Jason Thompson,Kevin Martin,Spencer Hawes,Andris Biedrins,Anthony Morrow,Anthony Tolliver,C.J. Watson,Devean George,2,0:22,GSW,rebound,,,,,,,,,,Anthony Tolliver,,,,,,def,,
Donte Greene,Ime Udoka,Jason Thompson,Kevin Martin,Spencer Hawes,Andris Biedrins,Anthony Morrow,Anthony Tolliver,C.J. Watson,Devean George,2,0:05,SAC,foul,,,,,,,,Anthony Morrow,,Kevin Martin,,,,,,shooting,,
Donte Greene,Ime Udoka,Jason Thompson,Kevin Martin,Spencer Hawes,Andris Biedrins,Anthony Morrow,Anthony Tolliver,C.J. Watson,Devean George,2,0:05,GSW,free throw,,,,,,,1,,2,Anthony Morrow,,,foul,made,,,,
Donte Greene,Ime Udoka,Kevin Martin,Spencer Hawes,Tyreke Evans,Andris Biedrins,Anthony Morrow,Anthony Tolliver,C.J. Watson,Devean George,2,0:05,SAC,sub,,,,Tyreke Evans,,Jason Thompson,,,,,,,,,,,,
Beno Udrih,Donte Greene,Kevin Martin,Spencer Hawes,Tyreke Evans,Andris Biedrins,Anthony Morrow,Anthony Tolliver,C.J. Watson,Devean George,2,0:05,SAC,sub,,,,Beno Udrih,,Ime Udoka,,,,,,,,,,,,
Beno Udrih,Donte Greene,Kevin Martin,Spencer Hawes,Tyreke Evans,Andris Biedrins,Anthony Morrow,Anthony Tolliver,C.J. Watson,Devean George,2,0:05,GSW,free throw,,,,,,,2,,2,Anthony Morrow,,,foul,made,,,,
Beno Udrih,Donte Greene,Kevin Martin,Spencer Hawes,Tyreke Evans,Andris Biedrins,Anthony Morrow,Anthony Tolliver,C.J. Watson,Devean George,2,0:03,SAC,turnover,,,,,,,,,,Donte Greene,,,bad pass,,Devean George,,,
Beno Udrih,Donte Greene,Ime Udoka,Kevin Martin,Spencer Hawes,Andris Biedrins,Anthony Morrow,Anthony Tolliver,C.J. Watson,Devean George,2,0:02,SAC,sub,,,,Ime Udoka,,Tyreke Evans,,,,,,,,,,,,
Beno Udrih,Donte Greene,Ime Udoka,Omri Casspi,Spencer Hawes,Andris Biedrins,Anthony Morrow,Anthony Tolliver,C.J. Watson,Devean George,2,0:02,SAC,sub,,,,Omri Casspi,,Kevin Martin,,,,,,,,,,,,
Beno Udrih,Donte Greene,Ime Udoka,Omri Casspi,Spencer Hawes,Andris Biedrins,Anthony Morrow,Anthony Tolliver,C.J. Watson,Devean George,2,0:01,GSW,shot,,,,,,,,,,Andris Biedrins,,,,missed,,jump hook,25,10
Beno Udrih,Donte Greene,Ime Udoka,Omri Casspi,Spencer Hawes,Andris Biedrins,Anthony Morrow,Anthony Tolliver,C.J. Watson,Devean George,2,0:00,GSW,rebound,,,,,,,,,,,,,,,,,,
Donte Greene,Ime Udoka,Omri Casspi,Spencer Hawes,Tyreke Evans,Andris Biedrins,Anthony Morrow,C.J. Watson,Devean George,Stephen Curry,3,11:41,GSW,shot,Devean George,,,,,,,,,Anthony Morrow,2,,,made,,running jump,24,12
Donte Greene,Ime Udoka,Omri Casspi,Spencer Hawes,Tyreke Evans,Andris Biedrins,Anthony Morrow,C.J. Watson,Devean George,Stephen Curry,3,11:17,SAC,shot,,,,,,,,,,Omri Casspi,,,,missed,,jump,25,12
Donte Greene,Ime Udoka,Omri Casspi,Spencer Hawes,Tyreke Evans,Andris Biedrins,Anthony Morrow,C.J. Watson,Devean George,Stephen Curry,3,11:15,GSW,rebound,,,,,,,,,,Stephen Curry,,,,,,def,,
Donte Greene,Ime Udoka,Omri Casspi,Spencer Hawes,Tyreke Evans,Andris Biedrins,Anthony Morrow,C.J. Watson,Devean George,Stephen Curry,3,11:11,GSW,turnover,,,,,,,,,,C.J. Watson,,,bad pass,,Donte Greene,,,
Donte Greene,Ime Udoka,Omri Casspi,Spencer Hawes,Tyreke Evans,Andris Biedrins,Anthony Morrow,C.J. Watson,Devean George,Stephen Curry,3,11:06,SAC,turnover,,,,,,,,,,Omri Casspi,,,bad pass,,Stephen Curry,,,
Donte Greene,Ime Udoka,Omri Casspi,Spencer Hawes,Tyreke Evans,Andris Biedrins,Anthony Morrow,C.J. Watson,Devean George,Stephen Curry,3,11:00,GSW,shot,,,,,,,,,,Stephen Curry,,,,missed,,jump,13,18
Donte Greene,Ime Udoka,Omri Casspi,Spencer Hawes,Tyreke Evans,Andris Biedrins,Anthony Morrow,C.J. Watson,Devean George,Stephen Curry,3,10:59,SAC,rebound,,,,,,,,,,Omri Casspi,,,,,,def,,
Donte Greene,Ime Udoka,Omri Casspi,Spencer Hawes,Tyreke Evans,Andris Biedrins,Anthony Morrow,C.J. Watson,Devean George,Stephen Curry,3,10:45,SAC,shot,Tyreke Evans,,,,,,,,,Spencer Hawes,2,,,made,,step back jump,38,14
Donte Greene,Ime Udoka,Omri Casspi,Spencer Hawes,Tyreke Evans,Andris Biedrins,Anthony Morrow,C.J. Watson,Devean George,Stephen Curry,3,10:29,GSW,shot,,,Ime Udoka,,,,,,,Stephen Curry,,,,missed,,running jump,25,10
Donte Greene,Ime Udoka,Omri Casspi,Spencer Hawes,Tyreke Evans,Andris Biedrins,Anthony Morrow,C.J. Watson,Devean George,Stephen Curry,3,10:29,GSW,rebound,,,,,,,,,,,,,,,,,,
Donte Greene,Ime Udoka,Omri Casspi,Spencer Hawes,Tyreke Evans,Andris Biedrins,Anthony Morrow,C.J. Watson,Devean George,Stephen Curry,3,10:22,SAC,foul,,,,,,,,C.J. Watson,,Tyreke Evans,,,,,,shooting,,
Donte Greene,Ime Udoka,Omri Casspi,Spencer Hawes,Tyreke Evans,Andris Biedrins,Anthony Morrow,C.J. Watson,Devean George,Stephen Curry,3,10:22,GSW,free throw,,,,,,,1,,2,C.J. Watson,,,foul,missed,,,,
Donte Greene,Ime Udoka,Omri Casspi,Spencer Hawes,Tyreke Evans,Andris Biedrins,Anthony Morrow,C.J. Watson,Devean George,Stephen Curry,3,10:22,GSW,rebound,,,,,,,,,,,,,,,,,,
Donte Greene,Ime Udoka,Omri Casspi,Spencer Hawes,Tyreke Evans,Andris Biedrins,Anthony Morrow,C.J. Watson,Devean George,Stephen Curry,3,10:22,GSW,free throw,,,,,,,2,,2,C.J. Watson,,,foul,made,,,,
Donte Greene,Ime Udoka,Omri Casspi,Spencer Hawes,Tyreke Evans,Andris Biedrins,Anthony Morrow,C.J. Watson,Devean George,Stephen Curry,3,10:07,SAC,shot,,,,,,,,,,Donte Greene,,,,missed,,fade away jumper,12,22
Donte Greene,Ime Udoka,Omri Casspi,Spencer Hawes,Tyreke Evans,Andris Biedrins,Anthony Morrow,C.J. Watson,Devean George,Stephen Curry,3,10:06,GSW,rebound,,,,,,,,,,Stephen Curry,,,,,,def,,
Donte Greene,Ime Udoka,Omri Casspi,Spencer Hawes,Tyreke Evans,Andris Biedrins,Anthony Morrow,C.J. Watson,Devean George,Stephen Curry,3,9:54,GSW,shot,,,,,,,,,,Devean George,2,,,made,,step back jump,42,7
Donte Greene,Ime Udoka,Omri Casspi,Spencer Hawes,Tyreke Evans,Andris Biedrins,Anthony Morrow,C.J. Watson,Devean George,Stephen Curry,3,9:28,SAC,shot,,,,,,,,,,Spencer Hawes,,,,missed,,3pt,43,24
Donte Greene,Ime Udoka,Omri Casspi,Spencer Hawes,Tyreke Evans,Andris Biedrins,Anthony Morrow,C.J. Watson,Devean George,Stephen Curry,3,9:26,GSW,rebound,,,,,,,,,,C.J. Watson,,,,,,def,,
Donte Greene,Ime Udoka,Omri Casspi,Spencer Hawes,Tyreke Evans,Andris Biedrins,Anthony Morrow,C.J. Watson,Devean George,Stephen Curry,3,9:20,GSW,shot,,,,,,,,,,C.J. Watson,2,,,made,,step back jump,12,10
Donte Greene,Ime Udoka,Omri Casspi,Spencer Hawes,Tyreke Evans,Andris Biedrins,Anthony Morrow,C.J. Watson,Devean George,Stephen Curry,3,9:02,SAC,shot,,,,,,,,,,Donte Greene,2,,,made,,running jump,28,13
Donte Greene,Ime Udoka,Omri Casspi,Spencer Hawes,Tyreke Evans,Andris Biedrins,Anthony Morrow,C.J. Watson,Devean George,Stephen Curry,3,8:44,GSW,shot,,,,,,,,,,Devean George,,,,missed,,3pt,38,28
Donte Greene,Ime Udoka,Omri Casspi,Spencer Hawes,Tyreke Evans,Andris Biedrins,Anthony Morrow,C.J. Watson,Devean George,Stephen Curry,3,8:43,SAC,rebound,,,,,,,,,,Ime Udoka,,,,,,def,,
Donte Greene,Ime Udoka,Omri Casspi,Spencer Hawes,Tyreke Evans,Andris Biedrins,Anthony Morrow,C.J. Watson,Devean George,Stephen Curry,3,8:36,SAC,shot,,,,,,,,,,Tyreke Evans,2,,,made,,driving layup,23,8
Donte Greene,Ime Udoka,Omri Casspi,Spencer Hawes,Tyreke Evans,Andris Biedrins,Anthony Morrow,C.J. Watson,Devean George,Stephen Curry,3,8:26,GSW,shot,,,,,,,,,,Anthony Morrow,,,,missed,,3pt,41,26
Donte Greene,Ime Udoka,Omri Casspi,Spencer Hawes,Tyreke Evans,Andris Biedrins,Anthony Morrow,C.J. Watson,Devean George,Stephen Curry,3,8:25,SAC,rebound,,,,,,,,,,Ime Udoka,,,,,,def,,
Donte Greene,Ime Udoka,Omri Casspi,Spencer Hawes,Tyreke Evans,Andris Biedrins,Anthony Morrow,C.J. Watson,Devean George,Stephen Curry,3,8:20,SAC,shot,,,,,,,,,,Tyreke Evans,2,,,made,,floating jump,25,13
Donte Greene,Ime Udoka,Omri Casspi,Spencer Hawes,Tyreke Evans,Andris Biedrins,Anthony Morrow,C.J. Watson,Devean George,Stephen Curry,3,8:20,GSW,foul,,,,,,,,Tyreke Evans,,Devean George,,,,,,shooting,,
Donte Greene,Ime Udoka,Omri Casspi,Spencer Hawes,Tyreke Evans,Andris Biedrins,Anthony Morrow,C.J. Watson,Devean George,Stephen Curry,3,8:20,SAC,free throw,,,,,,,1,,1,Tyreke Evans,,,foul,made,,,,
Donte Greene,Ime Udoka,Omri Casspi,Spencer Hawes,Tyreke Evans,Andris Biedrins,Anthony Morrow,C.J. Watson,Devean George,Stephen Curry,3,8:01,GSW,shot,,,,,,,,,,Devean George,,,,missed,,jump,11,21
Donte Greene,Ime Udoka,Omri Casspi,Spencer Hawes,Tyreke Evans,Andris Biedrins,Anthony Morrow,C.J. Watson,Devean George,Stephen Curry,3,8:00,GSW,rebound,,,,,,,,,,Stephen Curry,,,,,,off,,
Donte Greene,Ime Udoka,Omri Casspi,Spencer Hawes,Tyreke Evans,Andris Biedrins,Anthony Morrow,C.J. Watson,Devean George,Stephen Curry,3,7:58,GSW,shot,,,,,,,,,,Stephen Curry,2,,,made,,jump bank,33,10
Donte Greene,Ime Udoka,Omri Casspi,Spencer Hawes,Tyreke Evans,Andris Biedrins,Anthony Morrow,C.J. Watson,Devean George,Stephen Curry,3,7:43,GSW,foul,,,,,,,,Donte Greene,,Andris Biedrins,,,,,,shooting,,
Donte Greene,Ime Udoka,Omri Casspi,Spencer Hawes,Tyreke Evans,Andris Biedrins,Anthony Morrow,C.J. Watson,Devean George,Stephen Curry,3,7:43,SAC,free throw,,,,,,,1,,2,Donte Greene,,,foul,made,,,,
Donte Greene,Ime Udoka,Omri Casspi,Spencer Hawes,Tyreke Evans,Andris Biedrins,Anthony Morrow,C.J. Watson,Devean George,Stephen Curry,3,7:43,SAC,free throw,,,,,,,2,,2,Donte Greene,,,foul,missed,,,,
Donte Greene,Ime Udoka,Omri Casspi,Spencer Hawes,Tyreke Evans,Andris Biedrins,Anthony Morrow,C.J. Watson,Devean George,Stephen Curry,3,7:41,GSW,rebound,,,,,,,,,,Andris Biedrins,,,,,,def,,
Donte Greene,Ime Udoka,Omri Casspi,Spencer Hawes,Tyreke Evans,Andris Biedrins,Anthony Morrow,C.J. Watson,Devean George,Stephen Curry,3,7:33,GSW,shot,Stephen Curry,,,,,,,,,C.J. Watson,2,,,made,,driving finger roll layup,26,8
Donte Greene,Ime Udoka,Omri Casspi,Spencer Hawes,Tyreke Evans,Andris Biedrins,Anthony Morrow,C.J. Watson,Devean George,Stephen Curry,3,7:18,SAC,shot,,,,,,,,,,Ime Udoka,,,,missed,,3pt,1,7
Donte Greene,Ime Udoka,Omri Casspi,Spencer Hawes,Tyreke Evans,Andris Biedrins,Anthony Morrow,C.J. Watson,Devean George,Stephen Curry,3,7:17,GSW,rebound,,,,,,,,,,Andris Biedrins,,,,,,def,,
Donte Greene,Ime Udoka,Omri Casspi,Spencer Hawes,Tyreke Evans,Andris Biedrins,Anthony Morrow,C.J. Watson,Devean George,Stephen Curry,3,7:10,GSW,shot,,,,,,,,,,Stephen Curry,2,,,made,,driving reverse layup,24,7
Donte Greene,Ime Udoka,Omri Casspi,Spencer Hawes,Tyreke Evans,Andris Biedrins,Anthony Morrow,C.J. Watson,Devean George,Stephen Curry,3,6:52,SAC,shot,Spencer Hawes,,,,,,,,,Tyreke Evans,2,,,made,,layup,26,9
Donte Greene,Ime Udoka,Omri Casspi,Spencer Hawes,Tyreke Evans,Andris Biedrins,Anthony Morrow,C.J. Watson,Devean George,Stephen Curry,3,6:35,GSW,shot,,,,,,,,,,C.J. Watson,2,,,made,,jump,13,20
Donte Greene,Ime Udoka,Omri Casspi,Spencer Hawes,Tyreke Evans,Andris Biedrins,Anthony Morrow,C.J. Watson,Devean George,Stephen Curry,3,6:23,GSW,foul,,,,,,,,Tyreke Evans,,Andris Biedrins,,,,,,shooting,,
Donte Greene,Ime Udoka,Omri Casspi,Spencer Hawes,Tyreke Evans,Andris Biedrins,Anthony Morrow,C.J. Watson,Devean George,Stephen Curry,3,6:23,SAC,free throw,,,,,,,1,,2,Tyreke Evans,,,foul,made,,,,
Donte Greene,Ime Udoka,Omri Casspi,Spencer Hawes,Tyreke Evans,Anthony Morrow,C.J. Watson,Devean George,Ronny Turiaf,Stephen Curry,3,6:23,GSW,sub,,,,Ronny Turiaf,,Andris Biedrins,,,,,,,,,,,,
Donte Greene,Ime Udoka,Omri Casspi,Spencer Hawes,Tyreke Evans,Anthony Morrow,C.J. Watson,Devean George,Ronny Turiaf,Stephen Curry,3,6:23,SAC,free throw,,,,,,,2,,2,Tyreke Evans,,,foul,made,,,,
Donte Greene,Ime Udoka,Omri Casspi,Spencer Hawes,Tyreke Evans,Anthony Morrow,C.J. Watson,Devean George,Ronny Turiaf,Stephen Curry,3,6:07,GSW,shot,,,,,,,,,,Anthony Morrow,,,,missed,,jump,39,18
Donte Greene,Ime Udoka,Omri Casspi,Spencer Hawes,Tyreke Evans,Anthony Morrow,C.J. Watson,Devean George,Ronny Turiaf,Stephen Curry,3,6:06,SAC,rebound,,,,,,,,,,Donte Greene,,,,,,def,,
Donte Greene,Ime Udoka,Omri Casspi,Spencer Hawes,Tyreke Evans,Anthony Morrow,C.J. Watson,Devean George,Ronny Turiaf,Stephen Curry,3,5:58,SAC,shot,,,,,,,,,,Tyreke Evans,,,,missed,,jump,26,11
Donte Greene,Ime Udoka,Omri Casspi,Spencer Hawes,Tyreke Evans,Anthony Morrow,C.J. Watson,Devean George,Ronny Turiaf,Stephen Curry,3,5:57,GSW,rebound,,,,,,,,,,Devean George,,,,,,def,,
Donte Greene,Ime Udoka,Omri Casspi,Spencer Hawes,Tyreke Evans,Anthony Morrow,C.J. Watson,Devean George,Ronny Turiaf,Stephen Curry,3,5:54,GSW,shot,Stephen Curry,,,,,,,,,C.J. Watson,2,,,made,,driving layup,26,6
Donte Greene,Ime Udoka,Omri Casspi,Spencer Hawes,Tyreke Evans,Anthony Morrow,C.J. Watson,Devean George,Ronny Turiaf,Stephen Curry,3,5:54,SAC,foul,,,,,,,,C.J. Watson,,Donte Greene,,,,,,shooting,,
Donte Greene,Ime Udoka,Omri Casspi,Spencer Hawes,Tyreke Evans,Anthony Morrow,C.J. Watson,Devean George,Ronny Turiaf,Stephen Curry,3,5:54,GSW,timeout,,,,,,,,,,,,,,,,regular,,
Donte Greene,Ime Udoka,Jon Brockman,Spencer Hawes,Tyreke Evans,Anthony Morrow,C.J. Watson,Devean George,Ronny Turiaf,Stephen Curry,3,5:54,SAC,sub,,,,Jon Brockman,,Omri Casspi,,,,,,,,,,,,
Francisco Garcia,Ime Udoka,Jon Brockman,Spencer Hawes,Tyreke Evans,Anthony Morrow,C.J. Watson,Devean George,Ronny Turiaf,Stephen Curry,3,5:54,SAC,sub,,,,Francisco Garcia,,Donte Greene,,,,,,,,,,,,
Beno Udrih,Francisco Garcia,Ime Udoka,Jon Brockman,Tyreke Evans,Anthony Morrow,C.J. Watson,Devean George,Ronny Turiaf,Stephen Curry,3,5:54,SAC,sub,,,,Beno Udrih,,Spencer Hawes,,,,,,,,,,,,
Andres Nocioni,Beno Udrih,Francisco Garcia,Ime Udoka,Jon Brockman,Anthony Morrow,C.J. Watson,Devean George,Ronny Turiaf,Stephen Curry,3,5:54,SAC,sub,,,,Andres Nocioni,,Tyreke Evans,,,,,,,,,,,,
Andres Nocioni,Beno Udrih,Francisco Garcia,Jason Thompson,Jon Brockman,Anthony Morrow,C.J. Watson,Devean George,Ronny Turiaf,Stephen Curry,3,5:54,SAC,sub,,,,Jason Thompson,,Ime Udoka,,,,,,,,,,,,
Andres Nocioni,Beno Udrih,Francisco Garcia,Jason Thompson,Jon Brockman,Anthony Morrow,C.J. Watson,Devean George,Ronny Turiaf,Stephen Curry,3,5:54,GSW,free throw,,,,,,,1,,1,C.J. Watson,,,foul,made,,,,
Andres Nocioni,Beno Udrih,Francisco Garcia,Jason Thompson,Jon Brockman,Anthony Morrow,C.J. Watson,Devean George,Ronny Turiaf,Stephen Curry,3,5:37,GSW,foul,,,,,,,,Jason Thompson,,Ronny Turiaf,,,,,,personal,,
Andres Nocioni,Beno Udrih,Francisco Garcia,Jason Thompson,Jon Brockman,Anthony Morrow,C.J. Watson,Devean George,Ronny Turiaf,Stephen Curry,3,5:25,SAC,shot,Beno Udrih,,,,,,,,,Jason Thompson,2,,,made,,pullup jump,36,19
Andres Nocioni,Beno Udrih,Francisco Garcia,Jason Thompson,Jon Brockman,Anthony Morrow,C.J. Watson,Devean George,Ronny Turiaf,Stephen Curry,3,5:13,GSW,shot,,,,,,,,,,C.J. Watson,2,,,made,,step back jump,39,16
Andres Nocioni,Beno Udrih,Francisco Garcia,Jason Thompson,Jon Brockman,Anthony Morrow,C.J. Watson,Devean George,Ronny Turiaf,Stephen Curry,3,4:56,SAC,shot,Andres Nocioni,,,,,,,,,Francisco Garcia,3,,,made,,3pt,8,26
Andres Nocioni,Beno Udrih,Francisco Garcia,Jason Thompson,Jon Brockman,Anthony Morrow,C.J. Watson,Devean George,Ronny Turiaf,Stephen Curry,3,4:43,GSW,shot,C.J. Watson,,,,,,,,,Anthony Morrow,3,,,made,,3pt,1,5
Andres Nocioni,Beno Udrih,Francisco Garcia,Jason Thompson,Jon Brockman,Anthony Morrow,C.J. Watson,Devean George,Ronny Turiaf,Stephen Curry,3,4:27,SAC,shot,Jason Thompson,,,,,,,,,Beno Udrih,2,,,made,,pullup jump,38,20
Andres Nocioni,Beno Udrih,Francisco Garcia,Jason Thompson,Jon Brockman,Anthony Morrow,C.J. Watson,Devean George,Ronny Turiaf,Stephen Curry,3,4:08,GSW,turnover,,,,,,,,,,Anthony Morrow,,,bad pass,,Andres Nocioni,,,
Andres Nocioni,Beno Udrih,Francisco Garcia,Jason Thompson,Jon Brockman,Anthony Morrow,C.J. Watson,Devean George,Ronny Turiaf,Stephen Curry,3,3:57,SAC,shot,,,,,,,,,,Jason Thompson,,,,missed,,jump,40,8
Andres Nocioni,Beno Udrih,Francisco Garcia,Jason Thompson,Jon Brockman,Anthony Morrow,C.J. Watson,Devean George,Ronny Turiaf,Stephen Curry,3,3:57,GSW,rebound,,,,,,,,,,,,,,,,,,
Andres Nocioni,Beno Udrih,Francisco Garcia,Jason Thompson,Jon Brockman,Anthony Morrow,C.J. Watson,Devean George,Ronny Turiaf,Stephen Curry,3,3:57,SAC,foul,,,,,,,,C.J. Watson,,Jon Brockman,,,,,,loose ball,,
Andres Nocioni,Beno Udrih,Francisco Garcia,Jason Thompson,Jon Brockman,Anthony Morrow,C.J. Watson,Devean George,Ronny Turiaf,Stephen Curry,3,3:47,GSW,shot,,,,,,,,,,Stephen Curry,,,,missed,,3pt,6,26
Andres Nocioni,Beno Udrih,Francisco Garcia,Jason Thompson,Jon Brockman,Anthony Morrow,C.J. Watson,Devean George,Ronny Turiaf,Stephen Curry,3,3:45,SAC,rebound,,,,,,,,,,Jon Brockman,,,,,,def,,
Andres Nocioni,Beno Udrih,Francisco Garcia,Jason Thompson,Jon Brockman,Anthony Morrow,C.J. Watson,Devean George,Ronny Turiaf,Stephen Curry,3,3:34,SAC,shot,Francisco Garcia,,,,,,,,,Jason Thompson,2,,,made,,step back jump,43,9
Andres Nocioni,Beno Udrih,Francisco Garcia,Jason Thompson,Jon Brockman,Anthony Morrow,C.J. Watson,Devean George,Ronny Turiaf,Stephen Curry,3,3:14,GSW,shot,Anthony Morrow,,,,,,,,,C.J. Watson,3,,,made,,3pt,29,32
Andres Nocioni,Beno Udrih,Francisco Garcia,Jason Thompson,Jon Brockman,Anthony Morrow,C.J. Watson,Devean George,Ronny Turiaf,Stephen Curry,3,3:00,SAC,shot,,,,,,,,,,Jason Thompson,,,,missed,,pullup jump,40,18
Andres Nocioni,Beno Udrih,Francisco Garcia,Jason Thompson,Jon Brockman,Anthony Morrow,C.J. Watson,Devean George,Ronny Turiaf,Stephen Curry,3,2:58,GSW,rebound,,,,,,,,,,Ronny Turiaf,,,,,,def,,
Andres Nocioni,Beno Udrih,Francisco Garcia,Jason Thompson,Jon Brockman,Anthony Morrow,C.J. Watson,Devean George,Ronny Turiaf,Stephen Curry,3,2:44,GSW,shot,Anthony Morrow,,,,,,,,,Devean George,3,,,made,,3pt,3,19
Andres Nocioni,Beno Udrih,Francisco Garcia,Jason Thompson,Jon Brockman,Anthony Morrow,C.J. Watson,Devean George,Ronny Turiaf,Stephen Curry,3,2:29,SAC,shot,,,,,,,,,,Andres Nocioni,,,,missed,,jump,12,21
Andres Nocioni,Beno Udrih,Francisco Garcia,Jason Thompson,Jon Brockman,Anthony Morrow,C.J. Watson,Devean George,Ronny Turiaf,Stephen Curry,3,2:27,SAC,rebound,,,,,,,,,,Jason Thompson,,,,,,off,,
Andres Nocioni,Beno Udrih,Francisco Garcia,Jason Thompson,Jon Brockman,Anthony Morrow,C.J. Watson,Devean George,Ronny Turiaf,Stephen Curry,3,2:25,SAC,shot,,,,,,,,,,Beno Udrih,,,,missed,,jump,25,18
Andres Nocioni,Beno Udrih,Francisco Garcia,Jason Thompson,Jon Brockman,Anthony Morrow,C.J. Watson,Devean George,Ronny Turiaf,Stephen Curry,3,2:22,SAC,rebound,,,,,,,,,,Francisco Garcia,,,,,,off,,
Andres Nocioni,Beno Udrih,Francisco Garcia,Jason Thompson,Jon Brockman,Anthony Morrow,C.J. Watson,Devean George,Ronny Turiaf,Stephen Curry,3,2:06,SAC,shot,,,,,,,,,,Francisco Garcia,2,,,made,,running hook,21,8
Andres Nocioni,Beno Udrih,Francisco Garcia,Jason Thompson,Jon Brockman,Anthony Morrow,C.J. Watson,Devean George,Ronny Turiaf,Stephen Curry,3,1:51,GSW,shot,,,,,,,,,,C.J. Watson,,,,missed,,running jump,26,11
Andres Nocioni,Beno Udrih,Francisco Garcia,Jason Thompson,Jon Brockman,Anthony Morrow,C.J. Watson,Devean George,Ronny Turiaf,Stephen Curry,3,1:50,SAC,rebound,,,,,,,,,,Jason Thompson,,,,,,def,,
Andres Nocioni,Beno Udrih,Francisco Garcia,Jason Thompson,Jon Brockman,Anthony Morrow,C.J. Watson,Devean George,Ronny Turiaf,Stephen Curry,3,1:46,SAC,shot,Andres Nocioni,,,,,,,,,Beno Udrih,2,,,made,,jump,25,20
Andres Nocioni,Beno Udrih,Francisco Garcia,Jason Thompson,Jon Brockman,Anthony Morrow,C.J. Watson,Devean George,Ronny Turiaf,Stephen Curry,3,1:21,GSW,shot,Ronny Turiaf,,,,,,,,,Devean George,3,,,made,,3pt,37,31
Andres Nocioni,Beno Udrih,Francisco Garcia,Jason Thompson,Jon Brockman,Anthony Morrow,C.J. Watson,Devean George,Ronny Turiaf,Stephen Curry,3,0:56,SAC,shot,,,,,,,,,,Jon Brockman,,,,missed,,jump,27,9
Andres Nocioni,Beno Udrih,Francisco Garcia,Jason Thompson,Jon Brockman,Anthony Morrow,C.J. Watson,Devean George,Ronny Turiaf,Stephen Curry,3,0:55,SAC,rebound,,,,,,,,,,Jason Thompson,,,,,,off,,
Andres Nocioni,Beno Udrih,Francisco Garcia,Jason Thompson,Jon Brockman,Anthony Morrow,C.J. Watson,Devean George,Ronny Turiaf,Stephen Curry,3,0:55,SAC,shot,,,,,,,,,,Jason Thompson,,,,missed,,layup,25,6
Andres Nocioni,Beno Udrih,Francisco Garcia,Jason Thompson,Jon Brockman,Anthony Morrow,C.J. Watson,Devean George,Ronny Turiaf,Stephen Curry,3,0:52,SAC,rebound,,,,,,,,,,Jason Thompson,,,,,,off,,
Andres Nocioni,Beno Udrih,Francisco Garcia,Jason Thompson,Jon Brockman,Anthony Morrow,C.J. Watson,Devean George,Ronny Turiaf,Stephen Curry,3,0:51,SAC,shot,,,,,,,,,,Jason Thompson,,,,missed,,layup,23,6
Andres Nocioni,Beno Udrih,Francisco Garcia,Jason Thompson,Jon Brockman,Anthony Morrow,C.J. Watson,Devean George,Ronny Turiaf,Stephen Curry,3,0:51,SAC,rebound,,,,,,,,,,Jon Brockman,,,,,,off,,
Andres Nocioni,Beno Udrih,Francisco Garcia,Jason Thompson,Jon Brockman,Anthony Morrow,C.J. Watson,Devean George,Ronny Turiaf,Stephen Curry,3,0:51,SAC,shot,,,,,,,,,,Jon Brockman,2,,,made,,tip,25,6
Andres Nocioni,Beno Udrih,Francisco Garcia,Jason Thompson,Jon Brockman,Anthony Morrow,C.J. Watson,Devean George,Ronny Turiaf,Stephen Curry,3,0:35,GSW,shot,Stephen Curry,,,,,,,,,Ronny Turiaf,2,,,made,,layup,25,7
Andres Nocioni,Beno Udrih,Francisco Garcia,Jason Thompson,Jon Brockman,Anthony Morrow,C.J. Watson,Devean George,Ronny Turiaf,Stephen Curry,3,0:35,SAC,foul,,,,,,,,Ronny Turiaf,,Jon Brockman,,,,,,shooting,,
Andres Nocioni,Beno Udrih,Francisco Garcia,Jason Thompson,Jon Brockman,Anthony Morrow,C.J. Watson,Devean George,Ronny Turiaf,Stephen Curry,3,0:35,SAC,timeout,,,,,,,,,,,,,,,,regular,,
Andres Nocioni,Beno Udrih,Francisco Garcia,Jason Thompson,Jon Brockman,Anthony Morrow,Anthony Tolliver,C.J. Watson,Devean George,Ronny Turiaf,3,0:35,GSW,sub,,,,Anthony Tolliver,,Stephen Curry,,,,,,,,,,,,
Andres Nocioni,Beno Udrih,Francisco Garcia,Jason Thompson,Jon Brockman,Anthony Morrow,Anthony Tolliver,C.J. Watson,Devean George,Ronny Turiaf,3,0:35,GSW,free throw,,,,,,,1,,1,Ronny Turiaf,,,foul,made,,,,
Andres Nocioni,Beno Udrih,Francisco Garcia,Jason Thompson,Jon Brockman,Anthony Morrow,Anthony Tolliver,C.J. Watson,Devean George,Ronny Turiaf,3,0:26,SAC,shot,Beno Udrih,,,,,,,,,Francisco Garcia,2,,,made,,jump,44,6
Andres Nocioni,Beno Udrih,Francisco Garcia,Jason Thompson,Jon Brockman,Anthony Morrow,Anthony Tolliver,C.J. Watson,Devean George,Ronny Turiaf,3,0:04,GSW,shot,,,,,,,,,,Devean George,,,,missed,,jump,44,6
Andres Nocioni,Beno Udrih,Francisco Garcia,Jason Thompson,Jon Brockman,Anthony Morrow,Anthony Tolliver,C.J. Watson,Devean George,Ronny Turiaf,3,0:03,SAC,rebound,,,,,,,,,,Francisco Garcia,,,,,,def,,
Andres Nocioni,Beno Udrih,Francisco Garcia,Jason Thompson,Jon Brockman,Anthony Morrow,Anthony Tolliver,C.J. Watson,Devean George,Ronny Turiaf,3,0:01,SAC,shot,,,,,,,,,,Beno Udrih,,,,missed,,3pt,46,38
Andres Nocioni,Beno Udrih,Francisco Garcia,Jason Thompson,Jon Brockman,Anthony Morrow,Anthony Tolliver,C.J. Watson,Devean George,Ronny Turiaf,3,0:00,SAC,rebound,,,,,,,,,,,,,,,,,,
Francisco Garcia,Jason Thompson,Omri Casspi,Spencer Hawes,Tyreke Evans,Anthony Morrow,Anthony Tolliver,C.J. Watson,Devean George,Ronny Turiaf,4,11:54,SAC,shot,,,,,,,,,,Francisco Garcia,,,,missed,,jump,14,22
Francisco Garcia,Jason Thompson,Omri Casspi,Spencer Hawes,Tyreke Evans,Anthony Morrow,Anthony Tolliver,C.J. Watson,Devean George,Ronny Turiaf,4,11:43,GSW,rebound,,,,,,,,,,Anthony Morrow,,,,,,def,,
Francisco Garcia,Jason Thompson,Omri Casspi,Spencer Hawes,Tyreke Evans,Anthony Morrow,Anthony Tolliver,C.J. Watson,Devean George,Ronny Turiaf,4,11:37,GSW,shot,,,,,,,,,,C.J. Watson,,,,missed,,3pt,38,29
Francisco Garcia,Jason Thompson,Omri Casspi,Spencer Hawes,Tyreke Evans,Anthony Morrow,Anthony Tolliver,C.J. Watson,Devean George,Ronny Turiaf,4,11:36,SAC,rebound,,,,,,,,,,Jason Thompson,,,,,,def,,
Francisco Garcia,Jason Thompson,Omri Casspi,Spencer Hawes,Tyreke Evans,Anthony Morrow,Anthony Tolliver,C.J. Watson,Devean George,Ronny Turiaf,4,11:19,SAC,shot,Spencer Hawes,,,,,,,,,Omri Casspi,2,,,made,,running hook,25,11
Francisco Garcia,Jason Thompson,Omri Casspi,Spencer Hawes,Tyreke Evans,Anthony Morrow,Anthony Tolliver,C.J. Watson,Devean George,Ronny Turiaf,4,11:02,GSW,shot,,,,,,,,,,Devean George,,,,missed,,3pt,44,24
Francisco Garcia,Jason Thompson,Omri Casspi,Spencer Hawes,Tyreke Evans,Anthony Morrow,Anthony Tolliver,C.J. Watson,Devean George,Ronny Turiaf,4,11:01,SAC,rebound,,,,,,,,,,Tyreke Evans,,,,,,def,,
Francisco Garcia,Jason Thompson,Omri Casspi,Spencer Hawes,Tyreke Evans,Anthony Morrow,Anthony Tolliver,C.J. Watson,Devean George,Ronny Turiaf,4,10:54,SAC,turnover,,,,,,,,,,Tyreke Evans,,,bad pass,,,,,
Francisco Garcia,Jason Thompson,Omri Casspi,Spencer Hawes,Tyreke Evans,Anthony Morrow,Anthony Tolliver,C.J. Watson,Devean George,Ronny Turiaf,4,10:32,GSW,shot,,,,,,,,,,Anthony Tolliver,,,,missed,,jump,12,20
Francisco Garcia,Jason Thompson,Omri Casspi,Spencer Hawes,Tyreke Evans,Anthony Morrow,Anthony Tolliver,C.J. Watson,Devean George,Ronny Turiaf,4,10:31,SAC,rebound,,,,,,,,,,Jason Thompson,,,,,,def,,
Francisco Garcia,Jason Thompson,Omri Casspi,Spencer Hawes,Tyreke Evans,Anthony Morrow,Anthony Tolliver,C.J. Watson,Devean George,Ronny Turiaf,4,10:07,SAC,shot,,,,,,,,,,Jason Thompson,,,,missed,,jump,28,13
Francisco Garcia,Jason Thompson,Omri Casspi,Spencer Hawes,Tyreke Evans,Anthony Morrow,Anthony Tolliver,C.J. Watson,Devean George,Ronny Turiaf,4,10:05,SAC,rebound,,,,,,,,,,Spencer Hawes,,,,,,off,,
Francisco Garcia,Jason Thompson,Omri Casspi,Spencer Hawes,Tyreke Evans,Anthony Morrow,Anthony Tolliver,C.J. Watson,Devean George,Ronny Turiaf,4,10:01,SAC,shot,,,,,,,,,,Spencer Hawes,2,,,made,,layup,26,7
Francisco Garcia,Jason Thompson,Omri Casspi,Spencer Hawes,Tyreke Evans,Anthony Morrow,Anthony Tolliver,C.J. Watson,Devean George,Ronny Turiaf,4,9:49,GSW,shot,,,,,,,,,,Anthony Morrow,2,,,made,,running jump,25,10
Francisco Garcia,Jason Thompson,Omri Casspi,Spencer Hawes,Tyreke Evans,Anthony Morrow,Anthony Tolliver,C.J. Watson,Devean George,Ronny Turiaf,4,9:49,SAC,foul,,,,,,,,Anthony Morrow,,Tyreke Evans,,,,,,shooting,,
Francisco Garcia,Jason Thompson,Omri Casspi,Spencer Hawes,Tyreke Evans,Anthony Morrow,Anthony Tolliver,Devean George,Ronny Turiaf,Stephen Curry,4,9:49,GSW,sub,,,,Stephen Curry,,C.J. Watson,,,,,,,,,,,,
Francisco Garcia,Jason Thompson,Omri Casspi,Spencer Hawes,Tyreke Evans,Anthony Morrow,Anthony Tolliver,Devean George,Ronny Turiaf,Stephen Curry,4,9:49,GSW,free throw,,,,,,,1,,1,Anthony Morrow,,,foul,made,,,,
Francisco Garcia,Jason Thompson,Omri Casspi,Spencer Hawes,Tyreke Evans,Anthony Morrow,Anthony Tolliver,Devean George,Ronny Turiaf,Stephen Curry,4,9:34,SAC,shot,,,,,,,,,,Spencer Hawes,,,,missed,,jump,30,25
Francisco Garcia,Jason Thompson,Omri Casspi,Spencer Hawes,Tyreke Evans,Anthony Morrow,Anthony Tolliver,Devean George,Ronny Turiaf,Stephen Curry,4,9:33,SAC,rebound,,,,,,,,,,,,,,,,,,
Francisco Garcia,Jason Thompson,Omri Casspi,Spencer Hawes,Tyreke Evans,Anthony Morrow,Anthony Tolliver,Devean George,Ronny Turiaf,Stephen Curry,4,9:25,SAC,shot,Tyreke Evans,,,,,,,,,Omri Casspi,2,,,made,,step back jump,16,23
Francisco Garcia,Jason Thompson,Omri Casspi,Spencer Hawes,Tyreke Evans,Anthony Morrow,Anthony Tolliver,Devean George,Ronny Turiaf,Stephen Curry,4,9:09,GSW,shot,,,,,,,,,,Ronny Turiaf,,,,missed,,layup,27,8
Francisco Garcia,Jason Thompson,Omri Casspi,Spencer Hawes,Tyreke Evans,Anthony Morrow,Anthony Tolliver,Devean George,Ronny Turiaf,Stephen Curry,4,9:08,SAC,rebound,,,,,,,,,,Omri Casspi,,,,,,def,,
Francisco Garcia,Jason Thompson,Omri Casspi,Spencer Hawes,Tyreke Evans,Anthony Morrow,Anthony Tolliver,Devean George,Ronny Turiaf,Stephen Curry,4,9:02,SAC,shot,Omri Casspi,,,,,,,,,Spencer Hawes,2,,,made,,running hook,24,8
Francisco Garcia,Jason Thompson,Omri Casspi,Spencer Hawes,Tyreke Evans,Anthony Morrow,Anthony Tolliver,Devean George,Ronny Turiaf,Stephen Curry,4,8:53,SAC,foul,,,,,,,,Stephen Curry,,Francisco Garcia,,,,,,personal,,
Francisco Garcia,Jason Thompson,Omri Casspi,Spencer Hawes,Tyreke Evans,Anthony Morrow,Anthony Tolliver,Devean George,Ronny Turiaf,Stephen Curry,4,8:53,GSW,timeout,,,,,,,,,,,,,,,,official,,
Francisco Garcia,Jason Thompson,Omri Casspi,Spencer Hawes,Tyreke Evans,Anthony Morrow,Anthony Tolliver,Devean George,Ronny Turiaf,Stephen Curry,4,8:30,GSW,shot,,,,,,,,,,Anthony Morrow,,,,missed,,3pt,42,25
Francisco Garcia,Jason Thompson,Omri Casspi,Spencer Hawes,Tyreke Evans,Anthony Morrow,Anthony Tolliver,Devean George,Ronny Turiaf,Stephen Curry,4,8:29,SAC,rebound,,,,,,,,,,Francisco Garcia,,,,,,def,,
Francisco Garcia,Jason Thompson,Omri Casspi,Spencer Hawes,Tyreke Evans,Anthony Morrow,Anthony Tolliver,Devean George,Ronny Turiaf,Stephen Curry,4,8:18,SAC,turnover,,,,,,,,,,Jason Thompson,,,bad pass,,Anthony Tolliver,,,
Francisco Garcia,Jason Thompson,Omri Casspi,Spencer Hawes,Tyreke Evans,Anthony Morrow,Anthony Tolliver,Devean George,Ronny Turiaf,Stephen Curry,4,8:15,SAC,foul,,,,,,,,Anthony Tolliver,,Francisco Garcia,,,,,,shooting,,
Francisco Garcia,Jason Thompson,Omri Casspi,Spencer Hawes,Tyreke Evans,Anthony Morrow,Anthony Tolliver,Devean George,Ronny Turiaf,Stephen Curry,4,8:15,GSW,free throw,,,,,,,1,,2,Anthony Tolliver,,,foul,made,,,,
Francisco Garcia,Jason Thompson,Omri Casspi,Spencer Hawes,Tyreke Evans,Anthony Morrow,Anthony Tolliver,Devean George,Ronny Turiaf,Stephen Curry,4,8:15,GSW,free throw,,,,,,,2,,2,Anthony Tolliver,,,foul,made,,,,
Francisco Garcia,Jason Thompson,Omri Casspi,Spencer Hawes,Tyreke Evans,Anthony Morrow,Anthony Tolliver,Devean George,Ronny Turiaf,Stephen Curry,4,7:58,SAC,shot,,,Anthony Morrow,,,,,,,Francisco Garcia,,,,missed,,reverse layup,23,8
Francisco Garcia,Jason Thompson,Omri Casspi,Spencer Hawes,Tyreke Evans,Anthony Morrow,Anthony Tolliver,Devean George,Ronny Turiaf,Stephen Curry,4,7:58,GSW,rebound,,,,,,,,,,Ronny Turiaf,,,,,,def,,
Francisco Garcia,Jason Thompson,Omri Casspi,Spencer Hawes,Tyreke Evans,Anthony Morrow,Anthony Tolliver,Devean George,Ronny Turiaf,Stephen Curry,4,7:58,SAC,foul,,,,,,,,Ronny Turiaf,,Jason Thompson,,,,,,loose ball,,
Francisco Garcia,Jason Thompson,Jon Brockman,Omri Casspi,Tyreke Evans,Anthony Morrow,Anthony Tolliver,Devean George,Ronny Turiaf,Stephen Curry,4,7:58,SAC,sub,,,,Jon Brockman,,Spencer Hawes,,,,,,,,,,,,
Francisco Garcia,Jason Thompson,Jon Brockman,Omri Casspi,Tyreke Evans,Anthony Morrow,Anthony Tolliver,Devean George,Ronny Turiaf,Stephen Curry,4,7:36,GSW,shot,,,,,,,,,,Anthony Tolliver,,,,missed,,jump,11,11
Francisco Garcia,Jason Thompson,Jon Brockman,Omri Casspi,Tyreke Evans,Anthony Morrow,Anthony Tolliver,Devean George,Ronny Turiaf,Stephen Curry,4,7:35,GSW,rebound,,,,,,,,,,Ronny Turiaf,,,,,,off,,
Francisco Garcia,Jason Thompson,Jon Brockman,Omri Casspi,Tyreke Evans,Anthony Morrow,Anthony Tolliver,Devean George,Ronny Turiaf,Stephen Curry,4,7:34,GSW,shot,,,,,,,,,,Ronny Turiaf,,,,missed,,3pt,4,29
Francisco Garcia,Jason Thompson,Jon Brockman,Omri Casspi,Tyreke Evans,Anthony Morrow,Anthony Tolliver,Devean George,Ronny Turiaf,Stephen Curry,4,7:34,GSW,rebound,,,,,,,,,,,,,,,,,,
Francisco Garcia,Jason Thompson,Jon Brockman,Omri Casspi,Tyreke Evans,Anthony Morrow,Anthony Tolliver,Devean George,Ronny Turiaf,Stephen Curry,4,7:34,GSW,turnover,,,,,,,,,,,,,shot clock turnover,,,,,
Francisco Garcia,Jason Thompson,Jon Brockman,Omri Casspi,Tyreke Evans,Anthony Morrow,Anthony Tolliver,Devean George,Ronny Turiaf,Stephen Curry,4,7:18,SAC,shot,,,,,,,,,,Jason Thompson,,,,missed,,jump,25,10
Francisco Garcia,Jason Thompson,Jon Brockman,Omri Casspi,Tyreke Evans,Anthony Morrow,Anthony Tolliver,Devean George,Ronny Turiaf,Stephen Curry,4,7:16,SAC,rebound,,,,,,,,,,Jason Thompson,,,,,,off,,
Francisco Garcia,Jason Thompson,Jon Brockman,Omri Casspi,Tyreke Evans,Anthony Morrow,Anthony Tolliver,Devean George,Ronny Turiaf,Stephen Curry,4,7:16,SAC,shot,,,,,,,,,,Jason Thompson,2,,,made,,tip,25,6
Francisco Garcia,Jason Thompson,Jon Brockman,Omri Casspi,Tyreke Evans,Anthony Morrow,Anthony Tolliver,Devean George,Ronny Turiaf,Stephen Curry,4,7:11,GSW,timeout,,,,,,,,,,,,,,,,regular,,
Francisco Garcia,Jason Thompson,Jon Brockman,Omri Casspi,Tyreke Evans,Anthony Morrow,Anthony Tolliver,Devean George,Ronny Turiaf,Stephen Curry,4,6:53,GSW,turnover,,,,,,,,,,Anthony Morrow,,,lost ball,,Tyreke Evans,,,
Francisco Garcia,Jason Thompson,Jon Brockman,Omri Casspi,Tyreke Evans,Anthony Morrow,Anthony Tolliver,Devean George,Ronny Turiaf,Stephen Curry,4,6:49,SAC,shot,Tyreke Evans,,,,,,,,,Jason Thompson,2,,,made,,alley oop dunk,26,7
Francisco Garcia,Jason Thompson,Jon Brockman,Omri Casspi,Tyreke Evans,Anthony Morrow,Anthony Tolliver,Devean George,Ronny Turiaf,Stephen Curry,4,6:26,GSW,shot,Stephen Curry,,,,,,,,,Ronny Turiaf,2,,,made,,slam dunk,25,6
Francisco Garcia,Jason Thompson,Jon Brockman,Omri Casspi,Tyreke Evans,Anthony Morrow,Anthony Tolliver,Devean George,Ronny Turiaf,Stephen Curry,4,6:06,SAC,shot,,,,,,,,,,Omri Casspi,,,,missed,,jump,9,7
Francisco Garcia,Jason Thompson,Jon Brockman,Omri Casspi,Tyreke Evans,Anthony Morrow,Anthony Tolliver,Devean George,Ronny Turiaf,Stephen Curry,4,6:04,SAC,rebound,,,,,,,,,,Jason Thompson,,,,,,off,,
Francisco Garcia,Jason Thompson,Jon Brockman,Omri Casspi,Tyreke Evans,Anthony Morrow,Anthony Tolliver,Devean George,Ronny Turiaf,Stephen Curry,4,6:04,SAC,shot,,,,,,,,,,Jason Thompson,,,,missed,,layup,24,7
Francisco Garcia,Jason Thompson,Jon Brockman,Omri Casspi,Tyreke Evans,Anthony Morrow,Anthony Tolliver,Devean George,Ronny Turiaf,Stephen Curry,4,6:01,GSW,rebound,,,,,,,,,,Anthony Tolliver,,,,,,def,,
Francisco Garcia,Jason Thompson,Jon Brockman,Omri Casspi,Tyreke Evans,Anthony Morrow,Anthony Tolliver,Devean George,Ronny Turiaf,Stephen Curry,4,5:58,GSW,shot,Stephen Curry,,,,,,,,,Anthony Morrow,2,,,made,,driving layup,25,6
Francisco Garcia,Jason Thompson,Jon Brockman,Omri Casspi,Tyreke Evans,Anthony Morrow,Anthony Tolliver,Devean George,Ronny Turiaf,Stephen Curry,4,5:41,SAC,turnover,,,,,,,,,,Tyreke Evans,,,bad pass,,Stephen Curry,,,
Francisco Garcia,Jason Thompson,Jon Brockman,Omri Casspi,Tyreke Evans,Anthony Morrow,Anthony Tolliver,Devean George,Ronny Turiaf,Stephen Curry,4,5:36,GSW,shot,,,,,,,,,,Stephen Curry,2,,,made,,driving reverse layup,26,6
Francisco Garcia,Jason Thompson,Jon Brockman,Omri Casspi,Tyreke Evans,Anthony Morrow,Anthony Tolliver,Devean George,Ronny Turiaf,Stephen Curry,4,5:14,SAC,shot,,,,,,,,,,Tyreke Evans,,,,missed,,jump,38,18
Francisco Garcia,Jason Thompson,Jon Brockman,Omri Casspi,Tyreke Evans,Anthony Morrow,Anthony Tolliver,Devean George,Ronny Turiaf,Stephen Curry,4,5:13,SAC,rebound,,,,,,,,,,Jason Thompson,,,,,,off,,
Francisco Garcia,Jason Thompson,Jon Brockman,Omri Casspi,Tyreke Evans,Anthony Morrow,Anthony Tolliver,Devean George,Ronny Turiaf,Stephen Curry,4,5:12,SAC,shot,Francisco Garcia,,,,,,,,,Jon Brockman,2,,,made,,layup,25,7
Francisco Garcia,Jason Thompson,Jon Brockman,Omri Casspi,Tyreke Evans,Anthony Morrow,Anthony Tolliver,Devean George,Ronny Turiaf,Stephen Curry,4,5:12,GSW,foul,,,,,,,,Jon Brockman,,Anthony Tolliver,,,,,,shooting,,
Francisco Garcia,Jason Thompson,Jon Brockman,Omri Casspi,Tyreke Evans,Anthony Morrow,Anthony Tolliver,Chris Hunter,Devean George,Stephen Curry,4,5:12,GSW,sub,,,,Chris Hunter,,Ronny Turiaf,,,,,,,,,,,,
Francisco Garcia,Jason Thompson,Jon Brockman,Omri Casspi,Tyreke Evans,Anthony Morrow,Anthony Tolliver,C.J. Watson,Chris Hunter,Stephen Curry,4,5:12,GSW,sub,,,,C.J. Watson,,Devean George,,,,,,,,,,,,
Donte Greene,Francisco Garcia,Jason Thompson,Jon Brockman,Omri Casspi,Anthony Morrow,Anthony Tolliver,C.J. Watson,Chris Hunter,Stephen Curry,4,5:12,SAC,sub,,,,Donte Greene,,Tyreke Evans,,,,,,,,,,,,
Beno Udrih,Donte Greene,Francisco Garcia,Jason Thompson,Jon Brockman,Anthony Morrow,Anthony Tolliver,C.J. Watson,Chris Hunter,Stephen Curry,4,5:12,SAC,sub,,,,Beno Udrih,,Omri Casspi,,,,,,,,,,,,
Beno Udrih,Donte Greene,Francisco Garcia,Jason Thompson,Jon Brockman,Anthony Morrow,Anthony Tolliver,C.J. Watson,Chris Hunter,Stephen Curry,4,5:12,SAC,free throw,,,,,,,1,,1,Jon Brockman,,,foul,missed,,,,
Beno Udrih,Donte Greene,Francisco Garcia,Jason Thompson,Jon Brockman,Anthony Morrow,Anthony Tolliver,C.J. Watson,Chris Hunter,Stephen Curry,4,5:10,GSW,rebound,,,,,,,,,,Anthony Tolliver,,,,,,def,,
Beno Udrih,Donte Greene,Francisco Garcia,Jason Thompson,Jon Brockman,Anthony Morrow,Anthony Tolliver,C.J. Watson,Chris Hunter,Stephen Curry,4,4:54,GSW,shot,,,,,,,,,,Stephen Curry,2,,,made,,driving layup,24,7
Beno Udrih,Donte Greene,Francisco Garcia,Jason Thompson,Jon Brockman,Anthony Morrow,Anthony Tolliver,C.J. Watson,Chris Hunter,Stephen Curry,4,4:54,SAC,foul,,,,,,,,Stephen Curry,,Jason Thompson,,,,,,shooting,,
Beno Udrih,Donte Greene,Francisco Garcia,Jason Thompson,Jon Brockman,Anthony Morrow,Anthony Tolliver,C.J. Watson,Chris Hunter,Stephen Curry,4,4:54,GSW,free throw,,,,,,,1,,1,Stephen Curry,,,foul,made,,,,
Beno Udrih,Donte Greene,Francisco Garcia,Jason Thompson,Jon Brockman,Anthony Morrow,Anthony Tolliver,C.J. Watson,Chris Hunter,Stephen Curry,4,4:36,SAC,shot,,,,,,,,,,Jason Thompson,,,,missed,,jump,40,17
Beno Udrih,Donte Greene,Francisco Garcia,Jason Thompson,Jon Brockman,Anthony Morrow,Anthony Tolliver,C.J. Watson,Chris Hunter,Stephen Curry,4,4:34,GSW,rebound,,,,,,,,,,C.J. Watson,,,,,,def,,
Beno Udrih,Donte Greene,Francisco Garcia,Jason Thompson,Jon Brockman,Anthony Morrow,Anthony Tolliver,C.J. Watson,Chris Hunter,Stephen Curry,4,4:28,GSW,shot,,,,,,,,,,Anthony Morrow,,,,missed,,layup,25,7
Beno Udrih,Donte Greene,Francisco Garcia,Jason Thompson,Jon Brockman,Anthony Morrow,Anthony Tolliver,C.J. Watson,Chris Hunter,Stephen Curry,4,4:26,GSW,rebound,,,,,,,,,,Chris Hunter,,,,,,off,,
Beno Udrih,Donte Greene,Francisco Garcia,Jason Thompson,Jon Brockman,Anthony Morrow,Anthony Tolliver,C.J. Watson,Chris Hunter,Stephen Curry,4,4:25,GSW,shot,,,,,,,,,,Chris Hunter,,,,missed,,layup,23,8
Beno Udrih,Donte Greene,Francisco Garcia,Jason Thompson,Jon Brockman,Anthony Morrow,Anthony Tolliver,C.J. Watson,Chris Hunter,Stephen Curry,4,4:22,GSW,rebound,,,,,,,,,,Chris Hunter,,,,,,off,,
Beno Udrih,Donte Greene,Francisco Garcia,Jason Thompson,Jon Brockman,Anthony Morrow,Anthony Tolliver,C.J. Watson,Chris Hunter,Stephen Curry,4,4:03,GSW,shot,Anthony Tolliver,,,,,,,,,Anthony Morrow,3,,,made,,3pt,48,5
Beno Udrih,Donte Greene,Francisco Garcia,Jason Thompson,Jon Brockman,Anthony Morrow,Anthony Tolliver,C.J. Watson,Chris Hunter,Stephen Curry,4,3:45,GSW,foul,,,,,,,,Jason Thompson,,Anthony Morrow,,,,,,personal,,
Beno Udrih,Donte Greene,Francisco Garcia,Jason Thompson,Jon Brockman,Andris Biedrins,Anthony Morrow,Anthony Tolliver,C.J. Watson,Chris Hunter,4,3:45,GSW,sub,,,,Andris Biedrins,,Stephen Curry,,,,,,,,,,,,
Beno Udrih,Donte Greene,Francisco Garcia,Jason Thompson,Jon Brockman,Andris Biedrins,Anthony Morrow,Anthony Tolliver,C.J. Watson,Chris Hunter,4,3:45,SAC,free throw,,,,,,,1,,2,Jason Thompson,,,foul,made,,,,
Beno Udrih,Donte Greene,Francisco Garcia,Jason Thompson,Jon Brockman,Andris Biedrins,Anthony Morrow,Anthony Tolliver,C.J. Watson,Chris Hunter,4,3:45,SAC,free throw,,,,,,,2,,2,Jason Thompson,,,foul,made,,,,
Beno Udrih,Donte Greene,Francisco Garcia,Jason Thompson,Jon Brockman,Andris Biedrins,Anthony Morrow,Anthony Tolliver,C.J. Watson,Chris Hunter,4,3:24,GSW,shot,,,,,,,,,,C.J. Watson,,,,missed,,jump,11,17
Beno Udrih,Donte Greene,Francisco Garcia,Jason Thompson,Jon Brockman,Andris Biedrins,Anthony Morrow,Anthony Tolliver,C.J. Watson,Chris Hunter,4,3:22,SAC,rebound,,,,,,,,,,Beno Udrih,,,,,,def,,
Beno Udrih,Donte Greene,Francisco Garcia,Jason Thompson,Jon Brockman,Andris Biedrins,Anthony Morrow,Anthony Tolliver,C.J. Watson,Chris Hunter,4,3:18,SAC,turnover,,,,,,,,,,Beno Udrih,,,bad pass,,,,,
Beno Udrih,Donte Greene,Francisco Garcia,Jason Thompson,Jon Brockman,Andris Biedrins,Anthony Morrow,Anthony Tolliver,C.J. Watson,Chris Hunter,4,3:03,GSW,shot,,,,,,,,,,C.J. Watson,,,,missed,,jump,11,20
Beno Udrih,Donte Greene,Francisco Garcia,Jason Thompson,Jon Brockman,Andris Biedrins,Anthony Morrow,Anthony Tolliver,C.J. Watson,Chris Hunter,4,3:02,GSW,rebound,,,,,,,,,,Chris Hunter,,,,,,off,,
Beno Udrih,Donte Greene,Francisco Garcia,Jason Thompson,Jon Brockman,Andris Biedrins,Anthony Morrow,Anthony Tolliver,C.J. Watson,Chris Hunter,4,3:02,GSW,shot,,,,,,,,,,Chris Hunter,2,,,made,,putback slam dunk,25,6
Beno Udrih,Donte Greene,Francisco Garcia,Jason Thompson,Jon Brockman,Andris Biedrins,Anthony Morrow,Anthony Tolliver,C.J. Watson,Chris Hunter,4,3:02,SAC,foul,,,,,,,,Chris Hunter,,Jason Thompson,,,,,,shooting,,
Beno Udrih,Donte Greene,Francisco Garcia,Jason Thompson,Jon Brockman,Andris Biedrins,Anthony Morrow,Anthony Tolliver,C.J. Watson,Chris Hunter,4,3:02,GSW,free throw,,,,,,,1,,1,Chris Hunter,,,foul,missed,,,,
Beno Udrih,Donte Greene,Francisco Garcia,Jason Thompson,Jon Brockman,Andris Biedrins,Anthony Morrow,Anthony Tolliver,C.J. Watson,Chris Hunter,4,3:00,SAC,rebound,,,,,,,,,,Jon Brockman,,,,,,def,,
Beno Udrih,Donte Greene,Francisco Garcia,Jason Thompson,Jon Brockman,Andris Biedrins,Anthony Morrow,Anthony Tolliver,C.J. Watson,Chris Hunter,4,2:53,GSW,foul,,,,,,,,Jason Thompson,,Andris Biedrins,,,,,,shooting,,
Beno Udrih,Donte Greene,Francisco Garcia,Jason Thompson,Jon Brockman,Andris Biedrins,Anthony Morrow,Anthony Tolliver,C.J. Watson,Chris Hunter,4,2:53,SAC,timeout,,,,,,,,,,,,,,,,regular,,
Beno Udrih,Donte Greene,Francisco Garcia,Jason Thompson,Jon Brockman,Andris Biedrins,Anthony Morrow,Anthony Tolliver,C.J. Watson,Chris Hunter,4,2:53,SAC,free throw,,,,,,,1,,2,Jason Thompson,,,foul,missed,,,,
Beno Udrih,Donte Greene,Francisco Garcia,Jason Thompson,Jon Brockman,Andris Biedrins,Anthony Morrow,Anthony Tolliver,C.J. Watson,Chris Hunter,4,2:53,SAC,rebound,,,,,,,,,,,,,,,,,,
Beno Udrih,Donte Greene,Francisco Garcia,Jason Thompson,Jon Brockman,Andris Biedrins,Anthony Morrow,Anthony Tolliver,C.J. Watson,Chris Hunter,4,2:53,SAC,free throw,,,,,,,2,,2,Jason Thompson,,,foul,made,,,,
Beno Udrih,Donte Greene,Francisco Garcia,Jason Thompson,Jon Brockman,Andris Biedrins,Anthony Morrow,Anthony Tolliver,C.J. Watson,Chris Hunter,4,2:38,GSW,shot,,,,,,,,,,C.J. Watson,,,,missed,,fade away jumper,33,23
Beno Udrih,Donte Greene,Francisco Garcia,Jason Thompson,Jon Brockman,Andris Biedrins,Anthony Morrow,Anthony Tolliver,C.J. Watson,Chris Hunter,4,2:36,SAC,rebound,,,,,,,,,,Jason Thompson,,,,,,def,,
Beno Udrih,Donte Greene,Francisco Garcia,Jason Thompson,Jon Brockman,Andris Biedrins,Anthony Morrow,Anthony Tolliver,C.J. Watson,Chris Hunter,4,2:19,SAC,shot,Beno Udrih,,,,,,,,,Donte Greene,3,,,made,,3pt,48,10
Beno Udrih,Donte Greene,Francisco Garcia,Jason Thompson,Jon Brockman,Andris Biedrins,Anthony Morrow,Anthony Tolliver,C.J. Watson,Chris Hunter,4,2:01,SAC,foul,,,,,,,,Anthony Tolliver,,Donte Greene,,,,,,shooting,,
Beno Udrih,Donte Greene,Francisco Garcia,Jason Thompson,Jon Brockman,Andris Biedrins,Anthony Morrow,Anthony Tolliver,C.J. Watson,Chris Hunter,4,2:01,GSW,free throw,,,,,,,1,,2,Anthony Tolliver,,,foul,made,,,,
Beno Udrih,Donte Greene,Francisco Garcia,Jason Thompson,Jon Brockman,Andris Biedrins,Anthony Morrow,Anthony Tolliver,C.J. Watson,Chris Hunter,4,2:01,GSW,free throw,,,,,,,2,,2,Anthony Tolliver,,,foul,made,,,,
Beno Udrih,Donte Greene,Francisco Garcia,Jason Thompson,Jon Brockman,Andris Biedrins,Anthony Morrow,Anthony Tolliver,C.J. Watson,Chris Hunter,4,1:43,SAC,shot,,,,,,,,,,Donte Greene,,,,missed,,3pt,48,7
Beno Udrih,Donte Greene,Francisco Garcia,Jason Thompson,Jon Brockman,Andris Biedrins,Anthony Morrow,Anthony Tolliver,C.J. Watson,Chris Hunter,4,1:42,GSW,rebound,,,,,,,,,,Anthony Morrow,,,,,,def,,
Beno Udrih,Donte Greene,Francisco Garcia,Jason Thompson,Jon Brockman,Andris Biedrins,Anthony Morrow,Anthony Tolliver,C.J. Watson,Chris Hunter,4,1:34,GSW,shot,,,,,,,,,,Chris Hunter,,,,missed,,3pt,38,29
Beno Udrih,Donte Greene,Francisco Garcia,Jason Thompson,Jon Brockman,Andris Biedrins,Anthony Morrow,Anthony Tolliver,C.J. Watson,Chris Hunter,4,1:32,SAC,rebound,,,,,,,,,,Jon Brockman,,,,,,def,,
Beno Udrih,Donte Greene,Francisco Garcia,Jason Thompson,Jon Brockman,Andris Biedrins,Anthony Morrow,Anthony Tolliver,C.J. Watson,Chris Hunter,4,1:23,SAC,turnover,,,,,,,,,,Francisco Garcia,,,bad pass,,,,,
Beno Udrih,Donte Greene,Francisco Garcia,Jason Thompson,Jon Brockman,Andris Biedrins,Anthony Morrow,Anthony Tolliver,C.J. Watson,Chris Hunter,4,1:07,GSW,shot,,,,,,,,,,C.J. Watson,,,,missed,,turnaround fade away,9,10
Beno Udrih,Donte Greene,Francisco Garcia,Jason Thompson,Jon Brockman,Andris Biedrins,Anthony Morrow,Anthony Tolliver,C.J. Watson,Chris Hunter,4,1:06,SAC,rebound,,,,,,,,,,Jon Brockman,,,,,,def,,
Beno Udrih,Donte Greene,Francisco Garcia,Jason Thompson,Jon Brockman,Andris Biedrins,Anthony Morrow,Anthony Tolliver,C.J. Watson,Chris Hunter,4,0:50,SAC,shot,,,,,,,,,,Beno Udrih,,,,missed,,3pt,48,13
Beno Udrih,Donte Greene,Francisco Garcia,Jason Thompson,Jon Brockman,Andris Biedrins,Anthony Morrow,Anthony Tolliver,C.J. Watson,Chris Hunter,4,0:48,SAC,rebound,,,,,,,,,,Jon Brockman,,,,,,off,,
Beno Udrih,Donte Greene,Francisco Garcia,Jason Thompson,Jon Brockman,Andris Biedrins,Anthony Morrow,Anthony Tolliver,C.J. Watson,Chris Hunter,4,0:38,GSW,foul,,,,,,,,Francisco Garcia,,Chris Hunter,,,,,,shooting,,
Beno Udrih,Donte Greene,Francisco Garcia,Jason Thompson,Jon Brockman,Andris Biedrins,Anthony Morrow,Anthony Tolliver,C.J. Watson,Chris Hunter,4,0:38,SAC,free throw,,,,,,,1,,2,Francisco Garcia,,,foul,made,,,,
Beno Udrih,Donte Greene,Francisco Garcia,Jason Thompson,Jon Brockman,Andris Biedrins,Anthony Morrow,Anthony Tolliver,C.J. Watson,Chris Hunter,4,0:38,SAC,free throw,,,,,,,2,,2,Francisco Garcia,,,foul,made,,,,
Beno Udrih,Donte Greene,Francisco Garcia,Jason Thompson,Jon Brockman,Andris Biedrins,Anthony Morrow,Anthony Tolliver,C.J. Watson,Chris Hunter,4,0:27,GSW,shot,,,,,,,,,,C.J. Watson,2,,,made,,driving layup,25,8
Beno Udrih,Donte Greene,Francisco Garcia,Jason Thompson,Jon Brockman,Andris Biedrins,Anthony Morrow,Anthony Tolliver,C.J. Watson,Chris Hunter,4,0:22,SAC,turnover,,,,,,,,,,Francisco Garcia,,,lost ball,,C.J. Watson,,,
