a1,a2,a3,a4,a5,h1,h2,h3,h4,h5,period,time,team,etype,assist,away,block,entered,home,left,num,opponent,outof,player,points,possession,reason,result,steal,type,x,y
Jeff Green,Kevin Durant,Nenad Krstic,Russell Westbrook,Thabo Sefolosha,Darren Collison,David West,Emeka Okafor,Marcus Thornton,Peja Stojakovic,1,12:00,OFF,jump ball,,Jeff Green,,,Emeka Okafor,,,,,,,Darren Collison,,,,,,
Jeff Green,Kevin Durant,Nenad Krstic,Russell Westbrook,Thabo Sefolosha,Darren Collison,David West,Emeka Okafor,Marcus Thornton,Peja Stojakovic,1,11:48,NOH,shot,,,,,,,,,,David West,,,,missed,,layup,25,6
Jeff Green,Kevin Durant,Nenad Krstic,Russell Westbrook,Thabo Sefolosha,Darren Collison,David West,Emeka Okafor,Marcus Thornton,Peja Stojakovic,1,11:47,OKC,rebound,,,,,,,,,,Nenad Krstic,,,,,,def,,
Jeff Green,Kevin Durant,Nenad Krstic,Russell Westbrook,Thabo Sefolosha,Darren Collison,David West,Emeka Okafor,Marcus Thornton,Peja Stojakovic,1,11:33,OKC,shot,Nenad Krstic,,,,,,,,,Russell Westbrook,2,,,made,,layup,25,6
Jeff Green,Kevin Durant,Nenad Krstic,Russell Westbrook,Thabo Sefolosha,Darren Collison,David West,Emeka Okafor,Marcus Thornton,Peja Stojakovic,1,11:13,NOH,shot,,,,,,,,,,Peja Stojakovic,,,,missed,,3pt,46,20
Jeff Green,Kevin Durant,Nenad Krstic,Russell Westbrook,Thabo Sefolosha,Darren Collison,David West,Emeka Okafor,Marcus Thornton,Peja Stojakovic,1,11:12,OKC,rebound,,,,,,,,,,Nenad Krstic,,,,,,def,,
Jeff Green,Kevin Durant,Nenad Krstic,Russell Westbrook,Thabo Sefolosha,Darren Collison,David West,Emeka Okafor,Marcus Thornton,Peja Stojakovic,1,11:08,OKC,shot,,,Marcus Thornton,,,,,,,Kevin Durant,,,,missed,,layup,25,6
Jeff Green,Kevin Durant,Nenad Krstic,Russell Westbrook,Thabo Sefolosha,Darren Collison,David West,Emeka Okafor,Marcus Thornton,Peja Stojakovic,1,11:08,OKC,rebound,,,,,,,,,,,,,,,,,,
Jeff Green,Kevin Durant,Nenad Krstic,Russell Westbrook,Thabo Sefolosha,Darren Collison,David West,Emeka Okafor,Marcus Thornton,Peja Stojakovic,1,11:05,OKC,shot,,,,,,,,,,Kevin Durant,,,,missed,,jump,7,14
Jeff Green,Kevin Durant,Nenad Krstic,Russell Westbrook,Thabo Sefolosha,Darren Collison,David West,Emeka Okafor,Marcus Thornton,Peja Stojakovic,1,11:04,NOH,rebound,,,,,,,,,,David West,,,,,,def,,
Jeff Green,Kevin Durant,Nenad Krstic,Russell Westbrook,Thabo Sefolosha,Darren Collison,David West,Emeka Okafor,Marcus Thornton,Peja Stojakovic,1,10:51,NOH,shot,,,,,,,,,,Emeka Okafor,,,,missed,,hook,16,9
Jeff Green,Kevin Durant,Nenad Krstic,Russell Westbrook,Thabo Sefolosha,Darren Collison,David West,Emeka Okafor,Marcus Thornton,Peja Stojakovic,1,10:50,OKC,rebound,,,,,,,,,,Kevin Durant,,,,,,def,,
Jeff Green,Kevin Durant,Nenad Krstic,Russell Westbrook,Thabo Sefolosha,Darren Collison,David West,Emeka Okafor,Marcus Thornton,Peja Stojakovic,1,10:31,OKC,shot,,,,,,,,,,Russell Westbrook,2,,,made,,driving layup,25,6
Jeff Green,Kevin Durant,Nenad Krstic,Russell Westbrook,Thabo Sefolosha,Darren Collison,David West,Emeka Okafor,Marcus Thornton,Peja Stojakovic,1,10:01,NOH,shot,Darren Collison,,,,,,,,,Emeka Okafor,2,,,made,,hook,25,14
Jeff Green,Kevin Durant,Nenad Krstic,Russell Westbrook,Thabo Sefolosha,Darren Collison,David West,Emeka Okafor,Marcus Thornton,Peja Stojakovic,1,9:42,OKC,shot,,,,,,,,,,Kevin Durant,2,,,made,,jump,11,11
Jeff Green,Kevin Durant,Nenad Krstic,Russell Westbrook,Thabo Sefolosha,Darren Collison,David West,Emeka Okafor,Marcus Thornton,Peja Stojakovic,1,9:23,NOH,shot,,,,,,,,,,Marcus Thornton,,,,missed,,3pt,2,15
Jeff Green,Kevin Durant,Nenad Krstic,Russell Westbrook,Thabo Sefolosha,Darren Collison,David West,Emeka Okafor,Marcus Thornton,Peja Stojakovic,1,9:22,OKC,rebound,,,,,,,,,,Russell Westbrook,,,,,,def,,
Jeff Green,Kevin Durant,Nenad Krstic,Russell Westbrook,Thabo Sefolosha,Darren Collison,David West,Emeka Okafor,Marcus Thornton,Peja Stojakovic,1,9:14,OKC,shot,Russell Westbrook,,,,,,,,,Jeff Green,3,,,made,,3pt,2,6
Jeff Green,Kevin Durant,Nenad Krstic,Russell Westbrook,Thabo Sefolosha,Darren Collison,David West,Emeka Okafor,Marcus Thornton,Peja Stojakovic,1,9:05,NOH,timeout,,,,,,,,,,,,,,,,short,,
Jeff Green,Kevin Durant,Nenad Krstic,Russell Westbrook,Thabo Sefolosha,Darren Collison,David West,Emeka Okafor,Marcus Thornton,Peja Stojakovic,1,8:58,NOH,shot,,,,,,,,,,David West,,,,missed,,jump,37,7
Jeff Green,Kevin Durant,Nenad Krstic,Russell Westbrook,Thabo Sefolosha,Darren Collison,David West,Emeka Okafor,Marcus Thornton,Peja Stojakovic,1,8:57,OKC,rebound,,,,,,,,,,Russell Westbrook,,,,,,def,,
Jeff Green,Kevin Durant,Nenad Krstic,Russell Westbrook,Thabo Sefolosha,Darren Collison,David West,Emeka Okafor,Marcus Thornton,Peja Stojakovic,1,8:39,OKC,turnover,,,,,,,,,,Nenad Krstic,,,lost ball,,Peja Stojakovic,,,
Jeff Green,Kevin Durant,Nenad Krstic,Russell Westbrook,Thabo Sefolosha,Darren Collison,David West,Emeka Okafor,Marcus Thornton,Peja Stojakovic,1,8:33,NOH,shot,,,Kevin Durant,,,,,,,Darren Collison,,,,missed,,layup,25,6
Jeff Green,Kevin Durant,Nenad Krstic,Russell Westbrook,Thabo Sefolosha,Darren Collison,David West,Emeka Okafor,Marcus Thornton,Peja Stojakovic,1,8:32,OKC,rebound,,,,,,,,,,Jeff Green,,,,,,def,,
Jeff Green,Kevin Durant,Nenad Krstic,Russell Westbrook,Thabo Sefolosha,Darren Collison,David West,Emeka Okafor,Marcus Thornton,Peja Stojakovic,1,8:28,OKC,shot,,,,,,,,,,Russell Westbrook,2,,,made,,jump,24,12
Jeff Green,Kevin Durant,Nenad Krstic,Russell Westbrook,Thabo Sefolosha,Darren Collison,David West,Emeka Okafor,Marcus Thornton,Peja Stojakovic,1,8:28,NOH,foul,,,,,,,,Russell Westbrook,,Marcus Thornton,,,,,,shooting,,
Jeff Green,Kevin Durant,Nenad Krstic,Russell Westbrook,Thabo Sefolosha,Darren Collison,David West,Emeka Okafor,Marcus Thornton,Peja Stojakovic,1,8:28,OKC,free throw,,,,,,,1,,1,Russell Westbrook,,,foul,made,,,,
Jeff Green,Kevin Durant,Nenad Krstic,Russell Westbrook,Thabo Sefolosha,Darren Collison,David West,Emeka Okafor,Marcus Thornton,Peja Stojakovic,1,8:09,NOH,shot,,,,,,,,,,Marcus Thornton,,,,missed,,3pt,33,30
Jeff Green,Kevin Durant,Nenad Krstic,Russell Westbrook,Thabo Sefolosha,Darren Collison,David West,Emeka Okafor,Marcus Thornton,Peja Stojakovic,1,8:08,OKC,rebound,,,,,,,,,,Nenad Krstic,,,,,,def,,
Jeff Green,Kevin Durant,Nenad Krstic,Russell Westbrook,Thabo Sefolosha,Darren Collison,David West,Emeka Okafor,Marcus Thornton,Peja Stojakovic,1,7:59,OKC,shot,Thabo Sefolosha,,,,,,,,,Nenad Krstic,2,,,made,,jump,9,9
Jeff Green,Kevin Durant,Nenad Krstic,Russell Westbrook,Thabo Sefolosha,Darren Collison,David West,Emeka Okafor,Marcus Thornton,Peja Stojakovic,1,7:43,NOH,shot,,,,,,,,,,Peja Stojakovic,,,,missed,,jump,41,16
Jeff Green,Kevin Durant,Nenad Krstic,Russell Westbrook,Thabo Sefolosha,Darren Collison,David West,Emeka Okafor,Marcus Thornton,Peja Stojakovic,1,7:42,OKC,rebound,,,,,,,,,,Russell Westbrook,,,,,,def,,
Jeff Green,Kevin Durant,Nenad Krstic,Russell Westbrook,Thabo Sefolosha,Darren Collison,David West,Emeka Okafor,Marcus Thornton,Peja Stojakovic,1,7:33,OKC,foul,,,,,,,,Darren Collison,,Kevin Durant,,,,,,offensive,,
Jeff Green,Kevin Durant,Nenad Krstic,Russell Westbrook,Thabo Sefolosha,Darren Collison,David West,Emeka Okafor,Marcus Thornton,Peja Stojakovic,1,7:33,OKC,turnover,,,,,,,,,,Kevin Durant,,,foul,,,,,
Jeff Green,Kevin Durant,Nenad Krstic,Russell Westbrook,Thabo Sefolosha,Darren Collison,David West,Emeka Okafor,Marcus Thornton,Peja Stojakovic,1,7:17,NOH,shot,Marcus Thornton,,,,,,,,,David West,2,,,made,,layup,25,6
Jeff Green,Kevin Durant,Nenad Krstic,Russell Westbrook,Thabo Sefolosha,Darren Collison,David West,Emeka Okafor,Marcus Thornton,Peja Stojakovic,1,7:02,OKC,turnover,,,,,,,,,,Kevin Durant,,,bad pass,,David West,,,
Jeff Green,Kevin Durant,Nenad Krstic,Russell Westbrook,Thabo Sefolosha,Darren Collison,David West,Emeka Okafor,Marcus Thornton,Peja Stojakovic,1,6:58,NOH,shot,Darren Collison,,,,,,,,,Marcus Thornton,2,,,made,,layup,25,6
Jeff Green,Kevin Durant,Nenad Krstic,Russell Westbrook,Thabo Sefolosha,Darren Collison,David West,Emeka Okafor,Marcus Thornton,Peja Stojakovic,1,6:37,OKC,turnover,,,,,,,,,,Kevin Durant,,,out of bounds lost ball turnover,,,,,
Jeff Green,Kevin Durant,Nenad Krstic,Russell Westbrook,Thabo Sefolosha,Darren Collison,David West,Emeka Okafor,Marcus Thornton,Peja Stojakovic,1,6:21,OKC,foul,,,,,,,,David West,,Nenad Krstic,,,,,,shooting,,
Jeff Green,Kevin Durant,Nenad Krstic,Russell Westbrook,Thabo Sefolosha,Darren Collison,David West,Emeka Okafor,Marcus Thornton,Peja Stojakovic,1,6:21,NOH,free throw,,,,,,,1,,2,David West,,,foul,made,,,,
Jeff Green,Kevin Durant,Nenad Krstic,Russell Westbrook,Thabo Sefolosha,Darren Collison,David West,Emeka Okafor,Marcus Thornton,Peja Stojakovic,1,6:21,NOH,free throw,,,,,,,2,,2,David West,,,foul,made,,,,
Jeff Green,Kevin Durant,Nenad Krstic,Russell Westbrook,Thabo Sefolosha,Darren Collison,David West,Emeka Okafor,Marcus Thornton,Peja Stojakovic,1,6:10,OKC,shot,,,,,,,,,,Kevin Durant,,,,missed,,jump,24,22
Jeff Green,Kevin Durant,Nenad Krstic,Russell Westbrook,Thabo Sefolosha,Darren Collison,David West,Emeka Okafor,Marcus Thornton,Peja Stojakovic,1,6:10,NOH,rebound,,,,,,,,,,Emeka Okafor,,,,,,def,,
Jeff Green,Kevin Durant,Nenad Krstic,Russell Westbrook,Thabo Sefolosha,Darren Collison,David West,Emeka Okafor,Marcus Thornton,Peja Stojakovic,1,6:10,OKC,foul,,,,,,,,Emeka Okafor,,Nenad Krstic,,,,,,loose ball,,
Jeff Green,Kevin Durant,Nick Collison,Russell Westbrook,Thabo Sefolosha,Darren Collison,David West,Emeka Okafor,Marcus Thornton,Peja Stojakovic,1,6:10,OKC,sub,,,,Nick Collison,,Nenad Krstic,,,,,,,,,,,,
Jeff Green,Kevin Durant,Nick Collison,Russell Westbrook,Thabo Sefolosha,Darren Collison,David West,Emeka Okafor,Marcus Thornton,Peja Stojakovic,1,5:57,NOH,turnover,,,,,,,,,,Emeka Okafor,,,bad pass,,Nick Collison,,,
Jeff Green,Kevin Durant,Nick Collison,Russell Westbrook,Thabo Sefolosha,Darren Collison,David West,Emeka Okafor,Marcus Thornton,Peja Stojakovic,1,5:54,OKC,turnover,,,,,,,,,,Kevin Durant,,,bad pass,,Emeka Okafor,,,
Jeff Green,Kevin Durant,Nick Collison,Russell Westbrook,Thabo Sefolosha,Darren Collison,David West,Emeka Okafor,Marcus Thornton,Peja Stojakovic,1,5:49,NOH,shot,,,,,,,,,,Darren Collison,,,,missed,,jump,27,18
Jeff Green,Kevin Durant,Nick Collison,Russell Westbrook,Thabo Sefolosha,Darren Collison,David West,Emeka Okafor,Marcus Thornton,Peja Stojakovic,1,5:48,NOH,rebound,,,,,,,,,,Darren Collison,,,,,,off,,
Jeff Green,Kevin Durant,Nick Collison,Russell Westbrook,Thabo Sefolosha,Darren Collison,David West,Emeka Okafor,Marcus Thornton,Peja Stojakovic,1,5:41,NOH,shot,Darren Collison,,,,,,,,,David West,2,,,made,,layup,25,6
Jeff Green,Kevin Durant,Nick Collison,Russell Westbrook,Thabo Sefolosha,Darren Collison,David West,Emeka Okafor,Marcus Thornton,Peja Stojakovic,1,5:34,OKC,timeout,,,,,,,,,,,,,,,,regular,,
Jeff Green,Kevin Durant,Nick Collison,Russell Westbrook,Thabo Sefolosha,Darren Collison,David West,Emeka Okafor,Marcus Thornton,Peja Stojakovic,1,5:26,OKC,shot,,,Emeka Okafor,,,,,,,Russell Westbrook,,,,missed,,jump,16,12
Jeff Green,Kevin Durant,Nick Collison,Russell Westbrook,Thabo Sefolosha,Darren Collison,David West,Emeka Okafor,Marcus Thornton,Peja Stojakovic,1,5:25,OKC,rebound,,,,,,,,,,,,,,,,,,
Jeff Green,Kevin Durant,Nick Collison,Russell Westbrook,Thabo Sefolosha,Darren Collison,David West,Emeka Okafor,Marcus Thornton,Peja Stojakovic,1,5:23,OKC,shot,Thabo Sefolosha,,,,,,,,,Russell Westbrook,2,,,made,,layup,25,6
Jeff Green,Kevin Durant,Nick Collison,Russell Westbrook,Thabo Sefolosha,Darren Collison,David West,Emeka Okafor,Marcus Thornton,Peja Stojakovic,1,4:58,NOH,shot,Darren Collison,,,,,,,,,Emeka Okafor,2,,,made,,layup,25,6
Jeff Green,Kevin Durant,Nick Collison,Russell Westbrook,Thabo Sefolosha,Darren Collison,David West,Emeka Okafor,Marcus Thornton,Peja Stojakovic,1,4:40,OKC,shot,Nick Collison,,,,,,,,,Kevin Durant,2,,,made,,dunk,25,6
Jeff Green,Kevin Durant,Nick Collison,Russell Westbrook,Thabo Sefolosha,Darren Collison,David West,Emeka Okafor,Marcus Thornton,Peja Stojakovic,1,4:23,NOH,shot,,,,,,,,,,Peja Stojakovic,,,,missed,,jump,35,7
Jeff Green,Kevin Durant,Nick Collison,Russell Westbrook,Thabo Sefolosha,Darren Collison,David West,Emeka Okafor,Marcus Thornton,Peja Stojakovic,1,4:21,OKC,rebound,,,,,,,,,,Nick Collison,,,,,,def,,
Jeff Green,Kevin Durant,Nick Collison,Russell Westbrook,Thabo Sefolosha,Darren Collison,David West,Emeka Okafor,Marcus Thornton,Peja Stojakovic,1,4:11,OKC,shot,Russell Westbrook,,,,,,,,,Nick Collison,2,,,made,,jump,30,20
Jeff Green,Kevin Durant,Nick Collison,Russell Westbrook,Thabo Sefolosha,Darren Collison,David West,Emeka Okafor,Marcus Thornton,Peja Stojakovic,1,3:48,NOH,turnover,,,,,,,,,,Darren Collison,,,bad pass,,Thabo Sefolosha,,,
Jeff Green,Kevin Durant,Nick Collison,Russell Westbrook,Thabo Sefolosha,Darren Collison,David West,Emeka Okafor,Marcus Thornton,Peja Stojakovic,1,3:42,OKC,shot,Russell Westbrook,,,,,,,,,Jeff Green,2,,,made,,layup,25,6
Jeff Green,Kevin Durant,Nick Collison,Russell Westbrook,Thabo Sefolosha,Darren Collison,David West,Emeka Okafor,Marcus Thornton,Peja Stojakovic,1,3:23,NOH,shot,,,,,,,,,,David West,2,,,made,,jump bank,32,11
Jeff Green,Kevin Durant,Nick Collison,Russell Westbrook,Thabo Sefolosha,Darren Collison,David West,Emeka Okafor,Marcus Thornton,Peja Stojakovic,1,3:23,OKC,foul,,,,,,,,David West,,Jeff Green,,,,,,shooting,,
James Harden,Jeff Green,Kevin Durant,Nick Collison,Russell Westbrook,Darren Collison,David West,Emeka Okafor,Marcus Thornton,Peja Stojakovic,1,3:23,OKC,sub,,,,James Harden,,Thabo Sefolosha,,,,,,,,,,,,
James Harden,Jeff Green,Kevin Durant,Nick Collison,Russell Westbrook,Darren Collison,David West,Emeka Okafor,James Posey,Peja Stojakovic,1,3:23,NOH,sub,,,,James Posey,,Marcus Thornton,,,,,,,,,,,,
James Harden,Kevin Durant,Nick Collison,Russell Westbrook,Serge Ibaka,Darren Collison,David West,Emeka Okafor,James Posey,Peja Stojakovic,1,3:23,OKC,sub,,,,Serge Ibaka,,Jeff Green,,,,,,,,,,,,
James Harden,Kevin Durant,Nick Collison,Russell Westbrook,Serge Ibaka,Darren Collison,David West,Emeka Okafor,James Posey,Peja Stojakovic,1,3:23,NOH,free throw,,,,,,,1,,1,David West,,,foul,made,,,,
James Harden,Kevin Durant,Nick Collison,Russell Westbrook,Serge Ibaka,Darren Collison,David West,Emeka Okafor,James Posey,Peja Stojakovic,1,3:02,OKC,shot,,,,,,,,,,Nick Collison,,,,missed,,layup,25,6
James Harden,Kevin Durant,Nick Collison,Russell Westbrook,Serge Ibaka,Darren Collison,David West,Emeka Okafor,James Posey,Peja Stojakovic,1,3:01,NOH,rebound,,,,,,,,,,Emeka Okafor,,,,,,def,,
James Harden,Kevin Durant,Nick Collison,Russell Westbrook,Serge Ibaka,Darren Collison,David West,Emeka Okafor,James Posey,Peja Stojakovic,1,2:47,NOH,shot,,,James Harden,,,,,,,David West,,,,missed,,layup,25,6
James Harden,Kevin Durant,Nick Collison,Russell Westbrook,Serge Ibaka,Darren Collison,David West,Emeka Okafor,James Posey,Peja Stojakovic,1,2:44,OKC,rebound,,,,,,,,,,Serge Ibaka,,,,,,def,,
James Harden,Kevin Durant,Nick Collison,Russell Westbrook,Serge Ibaka,Darren Collison,David West,Emeka Okafor,James Posey,Peja Stojakovic,1,2:35,OKC,shot,,,,,,,,,,Russell Westbrook,,,,missed,,jump,11,14
James Harden,Kevin Durant,Nick Collison,Russell Westbrook,Serge Ibaka,Darren Collison,David West,Emeka Okafor,James Posey,Peja Stojakovic,1,2:34,NOH,rebound,,,,,,,,,,David West,,,,,,def,,
James Harden,Kevin Durant,Nick Collison,Russell Westbrook,Serge Ibaka,Darren Collison,David West,Emeka Okafor,James Posey,Peja Stojakovic,1,2:26,NOH,shot,,,Russell Westbrook,,,,,,,Darren Collison,,,,missed,,layup,25,6
James Harden,Kevin Durant,Nick Collison,Russell Westbrook,Serge Ibaka,Darren Collison,David West,Emeka Okafor,James Posey,Peja Stojakovic,1,2:26,NOH,rebound,,,,,,,,,,,,,,,,,,
James Harden,Kevin Durant,Nick Collison,Russell Westbrook,Serge Ibaka,Darren Collison,David West,Emeka Okafor,James Posey,Peja Stojakovic,1,2:26,NOH,timeout,,,,,,,,,,,,,,,,regular,,
Eric Maynor,James Harden,Kevin Durant,Nick Collison,Serge Ibaka,Darren Collison,David West,Emeka Okafor,James Posey,Peja Stojakovic,1,2:26,OKC,sub,,,,Eric Maynor,,Russell Westbrook,,,,,,,,,,,,
Eric Maynor,James Harden,Kevin Durant,Nick Collison,Serge Ibaka,Darren Collison,David West,Emeka Okafor,James Posey,Peja Stojakovic,1,2:20,NOH,shot,Peja Stojakovic,,,,,,,,,David West,2,,,made,,pullup jump,28,16
Eric Maynor,James Harden,Kevin Durant,Nick Collison,Serge Ibaka,Darren Collison,David West,Emeka Okafor,James Posey,Peja Stojakovic,1,2:05,OKC,turnover,,,,,,,,,,Kevin Durant,,,out of bounds lost ball turnover,,,,,
Eric Maynor,James Harden,Kevin Durant,Nick Collison,Serge Ibaka,Darren Collison,David West,Emeka Okafor,James Posey,Peja Stojakovic,1,1:43,NOH,shot,,,,,,,,,,Peja Stojakovic,,,,missed,,layup,25,6
Eric Maynor,James Harden,Kevin Durant,Nick Collison,Serge Ibaka,Darren Collison,David West,Emeka Okafor,James Posey,Peja Stojakovic,1,1:41,OKC,rebound,,,,,,,,,,Nick Collison,,,,,,def,,
Eric Maynor,James Harden,Kevin Durant,Nick Collison,Serge Ibaka,Darren Collison,David West,Emeka Okafor,James Posey,Peja Stojakovic,1,1:37,OKC,turnover,,,,,,,,,,Eric Maynor,,,bad pass,,Peja Stojakovic,,,
Eric Maynor,James Harden,Kevin Durant,Nick Collison,Serge Ibaka,Darren Collison,David West,Emeka Okafor,James Posey,Peja Stojakovic,1,1:32,NOH,shot,,,,,,,,,,Peja Stojakovic,3,,,made,,3pt,11,28
Eric Maynor,James Harden,Kevin Durant,Nick Collison,Serge Ibaka,Darren Collison,David West,Emeka Okafor,James Posey,Peja Stojakovic,1,1:09,OKC,shot,,,,,,,,,,Serge Ibaka,,,,missed,,jump,10,8
Eric Maynor,James Harden,Kevin Durant,Nick Collison,Serge Ibaka,Darren Collison,David West,Emeka Okafor,James Posey,Peja Stojakovic,1,1:08,NOH,rebound,,,,,,,,,,Emeka Okafor,,,,,,def,,
Eric Maynor,James Harden,Kevin Durant,Nick Collison,Serge Ibaka,Darren Collison,David West,Emeka Okafor,James Posey,Peja Stojakovic,1,1:04,NOH,shot,,,Serge Ibaka,,,,,,,Peja Stojakovic,,,,missed,,layup,25,6
Eric Maynor,James Harden,Kevin Durant,Nick Collison,Serge Ibaka,Darren Collison,David West,Emeka Okafor,James Posey,Peja Stojakovic,1,1:04,NOH,rebound,,,,,,,,,,,,,,,,,,
Eric Maynor,James Harden,Kevin Durant,Nick Collison,Serge Ibaka,Darren Collison,David West,Emeka Okafor,James Posey,Peja Stojakovic,1,0:59,NOH,shot,,,,,,,,,,David West,2,,,made,,jump,34,13
Eric Maynor,James Harden,Kevin Durant,Nick Collison,Serge Ibaka,Darren Collison,David West,Emeka Okafor,James Posey,Peja Stojakovic,1,0:38,OKC,shot,,,,,,,,,,Kevin Durant,,,,missed,,jump,39,9
Eric Maynor,James Harden,Kevin Durant,Nick Collison,Serge Ibaka,Darren Collison,David West,Emeka Okafor,James Posey,Peja Stojakovic,1,0:37,NOH,rebound,,,,,,,,,,James Posey,,,,,,def,,
Eric Maynor,James Harden,Kevin Durant,Nick Collison,Serge Ibaka,Darren Collison,David West,Emeka Okafor,James Posey,Peja Stojakovic,1,0:29,NOH,shot,,,,,,,,,,Darren Collison,,,,missed,,jump,11,8
Eric Maynor,James Harden,Kevin Durant,Nick Collison,Serge Ibaka,Darren Collison,David West,Emeka Okafor,James Posey,Peja Stojakovic,1,0:27,OKC,rebound,,,,,,,,,,Serge Ibaka,,,,,,def,,
Eric Maynor,James Harden,Kevin Durant,Nick Collison,Serge Ibaka,Darren Collison,David West,Emeka Okafor,James Posey,Peja Stojakovic,1,0:05,OKC,shot,,,,,,,,,,Nick Collison,,,,missed,,jump,43,6
Eric Maynor,James Harden,Kevin Durant,Nick Collison,Serge Ibaka,Darren Collison,David West,Emeka Okafor,James Posey,Peja Stojakovic,1,0:04,NOH,rebound,,,,,,,,,,James Posey,,,,,,def,,
Eric Maynor,James Harden,Jeff Green,Nick Collison,Serge Ibaka,Darren Collison,David West,Emeka Okafor,James Posey,Peja Stojakovic,2,11:42,OKC,shot,,,,,,,,,,Jeff Green,,,,missed,,jump,15,10
Eric Maynor,James Harden,Jeff Green,Nick Collison,Serge Ibaka,Darren Collison,David West,Emeka Okafor,James Posey,Peja Stojakovic,2,11:41,OKC,rebound,,,,,,,,,,Nick Collison,,,,,,off,,
Eric Maynor,James Harden,Jeff Green,Nick Collison,Serge Ibaka,Darren Collison,David West,Emeka Okafor,James Posey,Peja Stojakovic,2,11:41,OKC,shot,,,,,,,,,,Nick Collison,2,,,made,,tip,25,6
Eric Maynor,James Harden,Jeff Green,Nick Collison,Serge Ibaka,Darren Collison,David West,Emeka Okafor,James Posey,Peja Stojakovic,2,11:38,NOH,foul,,,,,,,,Eric Maynor,,Darren Collison,,,,,,offensive,,
Eric Maynor,James Harden,Jeff Green,Nick Collison,Serge Ibaka,Darren Collison,David West,Emeka Okafor,James Posey,Peja Stojakovic,2,11:38,NOH,turnover,,,,,,,,,,Darren Collison,,,foul,,,,,
Eric Maynor,James Harden,Jeff Green,Nick Collison,Serge Ibaka,Darren Collison,David West,Emeka Okafor,James Posey,Peja Stojakovic,2,11:30,OKC,shot,,,,,,,,,,Eric Maynor,2,,,made,,driving layup,25,6
Eric Maynor,James Harden,Jeff Green,Nick Collison,Serge Ibaka,Darren Collison,David West,Emeka Okafor,James Posey,Peja Stojakovic,2,11:06,NOH,turnover,,,,,,,,,,Darren Collison,,,bad pass,,Nick Collison,,,
Eric Maynor,James Harden,Jeff Green,Nick Collison,Serge Ibaka,Darren Collison,David West,Emeka Okafor,James Posey,Peja Stojakovic,2,10:54,OKC,shot,Nick Collison,,,,,,,,,Serge Ibaka,2,,,made,,jump,15,12
Eric Maynor,James Harden,Jeff Green,Nick Collison,Serge Ibaka,Darren Collison,David West,Emeka Okafor,James Posey,Peja Stojakovic,2,10:42,NOH,turnover,,,,,,,,,,James Posey,,,,,,,,
Eric Maynor,James Harden,Jeff Green,Nick Collison,Serge Ibaka,Darren Collison,David West,Emeka Okafor,James Posey,Peja Stojakovic,2,10:27,OKC,turnover,,,,,,,,,,Eric Maynor,,,bad pass,,,,,
Eric Maynor,James Harden,Jeff Green,Nick Collison,Serge Ibaka,Darius Songaila,Darren Collison,David West,James Posey,Peja Stojakovic,2,10:27,NOH,sub,,,,Darius Songaila,,Emeka Okafor,,,,,,,,,,,,
Eric Maynor,James Harden,Jeff Green,Nick Collison,Serge Ibaka,Darius Songaila,Darren Collison,David West,James Posey,Peja Stojakovic,2,10:11,NOH,shot,Darius Songaila,,,,,,,,,Peja Stojakovic,2,,,made,,reverse layup,25,6
Eric Maynor,James Harden,Jeff Green,Nick Collison,Serge Ibaka,Darius Songaila,Darren Collison,David West,James Posey,Peja Stojakovic,2,9:52,OKC,shot,,,,,,,,,,James Harden,,,,missed,,3pt,36,28
Eric Maynor,James Harden,Jeff Green,Nick Collison,Serge Ibaka,Darius Songaila,Darren Collison,David West,James Posey,Peja Stojakovic,2,9:51,NOH,rebound,,,,,,,,,,James Posey,,,,,,def,,
Eric Maynor,James Harden,Jeff Green,Nick Collison,Serge Ibaka,Darius Songaila,Darren Collison,David West,James Posey,Peja Stojakovic,2,9:33,NOH,shot,,,,,,,,,,Peja Stojakovic,,,,missed,,jump,39,6
Eric Maynor,James Harden,Jeff Green,Nick Collison,Serge Ibaka,Darius Songaila,Darren Collison,David West,James Posey,Peja Stojakovic,2,9:31,OKC,rebound,,,,,,,,,,Eric Maynor,,,,,,def,,
Eric Maynor,James Harden,Jeff Green,Nick Collison,Serge Ibaka,Darius Songaila,Darren Collison,David West,James Posey,Peja Stojakovic,2,9:19,OKC,shot,,,,,,,,,,Serge Ibaka,,,,missed,,hook,25,13
Eric Maynor,James Harden,Jeff Green,Nick Collison,Serge Ibaka,Darius Songaila,Darren Collison,David West,James Posey,Peja Stojakovic,2,9:17,NOH,rebound,,,,,,,,,,James Posey,,,,,,def,,
Eric Maynor,James Harden,Jeff Green,Nick Collison,Serge Ibaka,Darius Songaila,Darren Collison,David West,James Posey,Peja Stojakovic,2,9:11,OKC,foul,,,,,,,,James Posey,,James Harden,,,,,,personal,,
Eric Maynor,James Harden,Jeff Green,Nick Collison,Serge Ibaka,Darius Songaila,David West,James Posey,Marcus Thornton,Peja Stojakovic,2,9:11,NOH,sub,,,,Marcus Thornton,,Darren Collison,,,,,,,,,,,,
Eric Maynor,James Harden,Jeff Green,Nick Collison,Serge Ibaka,Darius Songaila,David West,James Posey,Marcus Thornton,Peja Stojakovic,2,9:08,NOH,shot,James Posey,,,,,,,,,Marcus Thornton,2,,,made,,layup,25,6
Eric Maynor,James Harden,Jeff Green,Nick Collison,Serge Ibaka,Darius Songaila,David West,James Posey,Marcus Thornton,Peja Stojakovic,2,8:50,OKC,shot,,,,,,,,,,Jeff Green,,,,missed,,3pt,3,12
Eric Maynor,James Harden,Jeff Green,Nick Collison,Serge Ibaka,Darius Songaila,David West,James Posey,Marcus Thornton,Peja Stojakovic,2,8:48,OKC,rebound,,,,,,,,,,Serge Ibaka,,,,,,off,,
Eric Maynor,James Harden,Jeff Green,Nick Collison,Serge Ibaka,Darius Songaila,David West,James Posey,Marcus Thornton,Peja Stojakovic,2,8:39,OKC,shot,Serge Ibaka,,,,,,,,,Jeff Green,3,,,made,,3pt,3,10
Eric Maynor,James Harden,Jeff Green,Nick Collison,Serge Ibaka,Darius Songaila,David West,James Posey,Marcus Thornton,Peja Stojakovic,2,8:22,OKC,foul,,,,,,,,David West,,Serge Ibaka,,,,,,personal,,
Eric Maynor,James Harden,Jeff Green,Nick Collison,Serge Ibaka,Darius Songaila,David West,James Posey,Marcus Thornton,Peja Stojakovic,2,8:22,NOH,timeout,,,,,,,,,,,,,,,,official,,
Eric Maynor,James Harden,Jeff Green,Nick Collison,Serge Ibaka,Darius Songaila,David West,James Posey,Marcus Thornton,Peja Stojakovic,2,8:18,NOH,shot,James Posey,,,,,,,,,David West,2,,,made,,driving layup,25,6
Eric Maynor,James Harden,Jeff Green,Nick Collison,Serge Ibaka,Darius Songaila,David West,James Posey,Marcus Thornton,Peja Stojakovic,2,8:04,NOH,foul,,,,,,,,James Harden,,David West,,,,,,shooting,,
Eric Maynor,James Harden,Jeff Green,Nick Collison,Serge Ibaka,Darius Songaila,David West,James Posey,Marcus Thornton,Peja Stojakovic,2,8:04,OKC,free throw,,,,,,,1,,2,James Harden,,,foul,made,,,,
Eric Maynor,James Harden,Jeff Green,Nick Collison,Serge Ibaka,Darius Songaila,David West,James Posey,Marcus Thornton,Morris Peterson,2,8:04,NOH,sub,,,,Morris Peterson,,Peja Stojakovic,,,,,,,,,,,,
Eric Maynor,James Harden,Jeff Green,Nick Collison,Serge Ibaka,Darius Songaila,David West,James Posey,Marcus Thornton,Morris Peterson,2,8:04,OKC,free throw,,,,,,,2,,2,James Harden,,,foul,made,,,,
Eric Maynor,James Harden,Jeff Green,Nick Collison,Serge Ibaka,Darius Songaila,David West,James Posey,Marcus Thornton,Morris Peterson,2,7:44,NOH,shot,,,,,,,,,,Darius Songaila,,,,missed,,jump,39,21
Eric Maynor,James Harden,Jeff Green,Nick Collison,Serge Ibaka,Darius Songaila,David West,James Posey,Marcus Thornton,Morris Peterson,2,7:43,OKC,rebound,,,,,,,,,,Serge Ibaka,,,,,,def,,
Eric Maynor,James Harden,Jeff Green,Nick Collison,Serge Ibaka,Darius Songaila,David West,James Posey,Marcus Thornton,Morris Peterson,2,7:26,OKC,shot,,,,,,,,,,Jeff Green,2,,,made,,jump,9,17
Eric Maynor,James Harden,Jeff Green,Nick Collison,Serge Ibaka,Darius Songaila,David West,James Posey,Marcus Thornton,Morris Peterson,2,7:03,NOH,shot,,,,,,,,,,Darius Songaila,,,,missed,,jump,16,25
Eric Maynor,James Harden,Jeff Green,Nick Collison,Serge Ibaka,Darius Songaila,David West,James Posey,Marcus Thornton,Morris Peterson,2,7:02,OKC,rebound,,,,,,,,,,Eric Maynor,,,,,,def,,
Eric Maynor,James Harden,Jeff Green,Nick Collison,Serge Ibaka,Darius Songaila,David West,James Posey,Marcus Thornton,Morris Peterson,2,6:58,OKC,shot,,,,,,,,,,Serge Ibaka,2,,,made,,dunk,25,6
Eric Maynor,James Harden,Jeff Green,Nick Collison,Serge Ibaka,Darius Songaila,David West,James Posey,Marcus Thornton,Morris Peterson,2,6:41,NOH,shot,,,Serge Ibaka,,,,,,,Darius Songaila,,,,missed,,layup,25,6
Eric Maynor,James Harden,Jeff Green,Nick Collison,Serge Ibaka,Darius Songaila,David West,James Posey,Marcus Thornton,Morris Peterson,2,6:40,OKC,rebound,,,,,,,,,,Eric Maynor,,,,,,def,,
Eric Maynor,James Harden,Jeff Green,Nick Collison,Serge Ibaka,Darius Songaila,David West,James Posey,Marcus Thornton,Morris Peterson,2,6:22,OKC,shot,Eric Maynor,,,,,,,,,James Harden,3,,,made,,3pt,3,17
Eric Maynor,James Harden,Jeff Green,Nick Collison,Serge Ibaka,Darius Songaila,David West,James Posey,Marcus Thornton,Morris Peterson,2,6:14,NOH,timeout,,,,,,,,,,,,,,,,regular,,
Eric Maynor,Jeff Green,Nick Collison,Russell Westbrook,Serge Ibaka,Darius Songaila,David West,James Posey,Marcus Thornton,Morris Peterson,2,6:14,OKC,sub,,,,Russell Westbrook,,James Harden,,,,,,,,,,,,
Jeff Green,Kevin Durant,Nick Collison,Russell Westbrook,Serge Ibaka,Darius Songaila,David West,James Posey,Marcus Thornton,Morris Peterson,2,6:14,OKC,sub,,,,Kevin Durant,,Eric Maynor,,,,,,,,,,,,
Jeff Green,Kevin Durant,Nick Collison,Russell Westbrook,Serge Ibaka,Darius Songaila,David West,James Posey,Marcus Thornton,Morris Peterson,2,6:05,NOH,shot,,,,,,,,,,Marcus Thornton,2,,,made,,pullup jump,21,23
Jeff Green,Kevin Durant,Nick Collison,Russell Westbrook,Serge Ibaka,Darius Songaila,David West,James Posey,Marcus Thornton,Morris Peterson,2,5:50,OKC,shot,Jeff Green,,,,,,,,,Kevin Durant,2,,,made,,jump,14,20
Jeff Green,Kevin Durant,Nick Collison,Russell Westbrook,Serge Ibaka,Darius Songaila,David West,James Posey,Marcus Thornton,Morris Peterson,2,5:27,NOH,shot,,,,,,,,,,David West,,,,missed,,jump,41,8
Jeff Green,Kevin Durant,Nick Collison,Russell Westbrook,Serge Ibaka,Darius Songaila,David West,James Posey,Marcus Thornton,Morris Peterson,2,5:25,NOH,rebound,,,,,,,,,,James Posey,,,,,,off,,
Jeff Green,Kevin Durant,Nick Collison,Russell Westbrook,Serge Ibaka,Darius Songaila,David West,James Posey,Marcus Thornton,Morris Peterson,2,5:19,NOH,shot,Darius Songaila,,,,,,,,,Marcus Thornton,3,,,made,,3pt,45,19
Jeff Green,Kevin Durant,Nick Collison,Russell Westbrook,Serge Ibaka,Darius Songaila,David West,James Posey,Marcus Thornton,Morris Peterson,2,4:59,OKC,shot,,,,,,,,,,Kevin Durant,2,,,made,,pullup jump,24,14
Jeff Green,Kevin Durant,Nick Collison,Russell Westbrook,Serge Ibaka,Darius Songaila,David West,James Posey,Marcus Thornton,Morris Peterson,2,4:45,NOH,shot,,,,,,,,,,Darius Songaila,,,,missed,,jump,37,24
Jeff Green,Kevin Durant,Nick Collison,Russell Westbrook,Serge Ibaka,Darius Songaila,David West,James Posey,Marcus Thornton,Morris Peterson,2,4:44,OKC,rebound,,,,,,,,,,Nick Collison,,,,,,def,,
Jeff Green,Kevin Durant,Nick Collison,Russell Westbrook,Serge Ibaka,Darius Songaila,David West,James Posey,Marcus Thornton,Morris Peterson,2,4:33,OKC,shot,,,,,,,,,,Serge Ibaka,,,,missed,,jump,42,7
Jeff Green,Kevin Durant,Nick Collison,Russell Westbrook,Serge Ibaka,Darius Songaila,David West,James Posey,Marcus Thornton,Morris Peterson,2,4:31,NOH,rebound,,,,,,,,,,James Posey,,,,,,def,,
Jeff Green,Kevin Durant,Nick Collison,Russell Westbrook,Serge Ibaka,Darius Songaila,David West,James Posey,Marcus Thornton,Morris Peterson,2,4:22,NOH,shot,,,,,,,,,,Marcus Thornton,,,,missed,,3pt,7,23
Jeff Green,Kevin Durant,Nick Collison,Russell Westbrook,Serge Ibaka,Darius Songaila,David West,James Posey,Marcus Thornton,Morris Peterson,2,4:21,OKC,rebound,,,,,,,,,,Nick Collison,,,,,,def,,
Jeff Green,Kevin Durant,Nick Collison,Russell Westbrook,Serge Ibaka,Darius Songaila,David West,James Posey,Marcus Thornton,Morris Peterson,2,4:04,OKC,turnover,,,,,,,,,,Kevin Durant,,,lost ball,,Darius Songaila,,,
Jeff Green,Kevin Durant,Nick Collison,Russell Westbrook,Serge Ibaka,Darius Songaila,David West,James Posey,Marcus Thornton,Morris Peterson,2,3:57,NOH,shot,Marcus Thornton,,,,,,,,,Morris Peterson,2,,,made,,layup,25,6
Jeff Green,Kevin Durant,Nick Collison,Russell Westbrook,Serge Ibaka,Darius Songaila,David West,James Posey,Marcus Thornton,Morris Peterson,2,3:50,OKC,timeout,,,,,,,,,,,,,,,,regular,,
Jeff Green,Kevin Durant,Nick Collison,Russell Westbrook,Serge Ibaka,Darius Songaila,James Posey,Julian Wright,Marcus Thornton,Morris Peterson,2,3:50,NOH,sub,,,,Julian Wright,,David West,,,,,,,,,,,,
Jeff Green,Kevin Durant,Nenad Krstic,Nick Collison,Russell Westbrook,Darius Songaila,James Posey,Julian Wright,Marcus Thornton,Morris Peterson,2,3:50,OKC,sub,,,,Nenad Krstic,,Serge Ibaka,,,,,,,,,,,,
Jeff Green,Kevin Durant,Nenad Krstic,Russell Westbrook,Thabo Sefolosha,Darius Songaila,James Posey,Julian Wright,Marcus Thornton,Morris Peterson,2,3:50,OKC,sub,,,,Thabo Sefolosha,,Nick Collison,,,,,,,,,,,,
Jeff Green,Kevin Durant,Nenad Krstic,Russell Westbrook,Thabo Sefolosha,Darius Songaila,James Posey,Julian Wright,Marcus Thornton,Morris Peterson,2,3:43,OKC,shot,,,,,,,,,,Russell Westbrook,2,,,made,,layup,25,6
Jeff Green,Kevin Durant,Nenad Krstic,Russell Westbrook,Thabo Sefolosha,Darius Songaila,James Posey,Julian Wright,Marcus Thornton,Morris Peterson,2,3:23,NOH,shot,Darius Songaila,,,,,,,,,Morris Peterson,2,,,made,,layup,25,6
Jeff Green,Kevin Durant,Nenad Krstic,Russell Westbrook,Thabo Sefolosha,Darius Songaila,James Posey,Julian Wright,Marcus Thornton,Morris Peterson,2,3:11,NOH,foul,,,,,,,,Kevin Durant,,Darius Songaila,,,,,,shooting,,
Jeff Green,Kevin Durant,Nenad Krstic,Russell Westbrook,Thabo Sefolosha,Darius Songaila,James Posey,Julian Wright,Marcus Thornton,Morris Peterson,2,3:11,OKC,free throw,,,,,,,1,,2,Kevin Durant,,,foul,made,,,,
Jeff Green,Kevin Durant,Nenad Krstic,Russell Westbrook,Thabo Sefolosha,Darius Songaila,James Posey,Julian Wright,Marcus Thornton,Morris Peterson,2,3:11,OKC,free throw,,,,,,,2,,2,Kevin Durant,,,foul,made,,,,
Jeff Green,Kevin Durant,Nenad Krstic,Russell Westbrook,Thabo Sefolosha,Darius Songaila,James Posey,Julian Wright,Marcus Thornton,Morris Peterson,2,2:54,NOH,shot,Darius Songaila,,,,,,,,,Julian Wright,2,,,made,,turnaround jump,25,14
Jeff Green,Kevin Durant,Nenad Krstic,Russell Westbrook,Thabo Sefolosha,Darius Songaila,James Posey,Julian Wright,Marcus Thornton,Morris Peterson,2,2:54,OKC,foul,,,,,,,,Julian Wright,,Thabo Sefolosha,,,,,,shooting,,
Jeff Green,Kevin Durant,Nenad Krstic,Russell Westbrook,Thabo Sefolosha,Darius Songaila,James Posey,Julian Wright,Marcus Thornton,Morris Peterson,2,2:54,NOH,free throw,,,,,,,1,,1,Julian Wright,,,foul,made,,,,
Jeff Green,Kevin Durant,Nenad Krstic,Russell Westbrook,Thabo Sefolosha,Darius Songaila,James Posey,Julian Wright,Marcus Thornton,Morris Peterson,2,2:47,OKC,shot,,,Marcus Thornton,,,,,,,Russell Westbrook,,,,missed,,layup,25,6
Jeff Green,Kevin Durant,Nenad Krstic,Russell Westbrook,Thabo Sefolosha,Darius Songaila,James Posey,Julian Wright,Marcus Thornton,Morris Peterson,2,2:46,OKC,rebound,,,,,,,,,,Nenad Krstic,,,,,,off,,
Jeff Green,Kevin Durant,Nenad Krstic,Russell Westbrook,Thabo Sefolosha,Darius Songaila,James Posey,Julian Wright,Marcus Thornton,Morris Peterson,2,2:45,OKC,shot,,,,,,,,,,Nenad Krstic,2,,,made,,layup,25,6
Jeff Green,Kevin Durant,Nenad Krstic,Russell Westbrook,Thabo Sefolosha,Darius Songaila,James Posey,Julian Wright,Marcus Thornton,Morris Peterson,2,2:24,NOH,shot,,,,,,,,,,James Posey,,,,missed,,layup,25,6
Jeff Green,Kevin Durant,Nenad Krstic,Russell Westbrook,Thabo Sefolosha,Darius Songaila,James Posey,Julian Wright,Marcus Thornton,Morris Peterson,2,2:23,NOH,rebound,,,,,,,,,,James Posey,,,,,,off,,
Jeff Green,Kevin Durant,Nenad Krstic,Russell Westbrook,Thabo Sefolosha,Darius Songaila,James Posey,Julian Wright,Marcus Thornton,Morris Peterson,2,2:22,NOH,shot,,,,,,,,,,James Posey,2,,,made,,layup,25,6
Jeff Green,Kevin Durant,Nenad Krstic,Russell Westbrook,Thabo Sefolosha,Darius Songaila,James Posey,Julian Wright,Marcus Thornton,Morris Peterson,2,2:02,OKC,shot,,,James Posey,,,,,,,Kevin Durant,,,,missed,,layup,25,6
Jeff Green,Kevin Durant,Nenad Krstic,Russell Westbrook,Thabo Sefolosha,Darius Songaila,James Posey,Julian Wright,Marcus Thornton,Morris Peterson,2,1:59,NOH,rebound,,,,,,,,,,James Posey,,,,,,def,,
Jeff Green,Kevin Durant,Nenad Krstic,Russell Westbrook,Thabo Sefolosha,Darius Songaila,James Posey,Julian Wright,Marcus Thornton,Morris Peterson,2,1:51,NOH,shot,James Posey,,,,,,,,,Morris Peterson,2,,,made,,driving layup,25,6
Jeff Green,Kevin Durant,Nenad Krstic,Russell Westbrook,Thabo Sefolosha,Darius Songaila,James Posey,Julian Wright,Marcus Thornton,Morris Peterson,2,1:33,OKC,shot,Jeff Green,,,,,,,,,Kevin Durant,3,,,made,,3pt,27,31
Jeff Green,Kevin Durant,Nenad Krstic,Russell Westbrook,Thabo Sefolosha,Darius Songaila,James Posey,Julian Wright,Marcus Thornton,Morris Peterson,2,1:18,NOH,shot,,,,,,,,,,Darius Songaila,,,,missed,,jump,17,27
Jeff Green,Kevin Durant,Nenad Krstic,Russell Westbrook,Thabo Sefolosha,Darius Songaila,James Posey,Julian Wright,Marcus Thornton,Morris Peterson,2,1:17,NOH,rebound,,,,,,,,,,Julian Wright,,,,,,off,,
Jeff Green,Kevin Durant,Nenad Krstic,Russell Westbrook,Thabo Sefolosha,Darius Songaila,James Posey,Julian Wright,Marcus Thornton,Morris Peterson,2,1:14,NOH,shot,Julian Wright,,,,,,,,,Morris Peterson,3,,,made,,3pt,2,7
Jeff Green,Kevin Durant,Nenad Krstic,Russell Westbrook,Thabo Sefolosha,Darius Songaila,James Posey,Julian Wright,Marcus Thornton,Morris Peterson,2,0:57,OKC,turnover,,,,,,,,,,Jeff Green,,,bad pass,,,,,
Jeff Green,Kevin Durant,Nenad Krstic,Russell Westbrook,Thabo Sefolosha,Darius Songaila,James Posey,Julian Wright,Marcus Thornton,Morris Peterson,2,0:44,NOH,shot,Darius Songaila,,,,,,,,,James Posey,2,,,made,,layup,25,6
Jeff Green,Kevin Durant,Nenad Krstic,Russell Westbrook,Thabo Sefolosha,Darius Songaila,James Posey,Julian Wright,Marcus Thornton,Morris Peterson,2,0:44,OKC,foul,,,,,,,,James Posey,,Jeff Green,,,,,,shooting,,
Jeff Green,Kevin Durant,Nenad Krstic,Russell Westbrook,Thabo Sefolosha,Darius Songaila,James Posey,Julian Wright,Marcus Thornton,Morris Peterson,2,0:44,NOH,free throw,,,,,,,1,,1,James Posey,,,foul,made,,,,
Jeff Green,Kevin Durant,Nenad Krstic,Russell Westbrook,Thabo Sefolosha,Darius Songaila,James Posey,Julian Wright,Marcus Thornton,Morris Peterson,2,0:34,NOH,foul,,,,,,,,Kevin Durant,,Marcus Thornton,,,,,,shooting,,
Jeff Green,Kevin Durant,Nenad Krstic,Russell Westbrook,Thabo Sefolosha,Darius Songaila,James Posey,Julian Wright,Marcus Thornton,Morris Peterson,2,0:34,OKC,free throw,,,,,,,1,,3,Kevin Durant,,,foul,made,,,,
Jeff Green,Kevin Durant,Nenad Krstic,Russell Westbrook,Thabo Sefolosha,Darius Songaila,Darren Collison,James Posey,Julian Wright,Morris Peterson,2,0:34,NOH,sub,,,,Darren Collison,,Marcus Thornton,,,,,,,,,,,,
Jeff Green,Kevin Durant,Nenad Krstic,Russell Westbrook,Thabo Sefolosha,Darius Songaila,Darren Collison,James Posey,Julian Wright,Morris Peterson,2,0:34,OKC,free throw,,,,,,,2,,3,Kevin Durant,,,foul,made,,,,
Jeff Green,Kevin Durant,Nenad Krstic,Russell Westbrook,Thabo Sefolosha,Darius Songaila,Darren Collison,James Posey,Julian Wright,Morris Peterson,2,0:34,OKC,free throw,,,,,,,3,,3,Kevin Durant,,,foul,made,,,,
Jeff Green,Kevin Durant,Nenad Krstic,Russell Westbrook,Thabo Sefolosha,Darius Songaila,Darren Collison,James Posey,Julian Wright,Morris Peterson,2,0:29,NOH,shot,,,,,,,,,,Darren Collison,2,,,made,,layup,25,6
Jeff Green,Kevin Durant,Nenad Krstic,Russell Westbrook,Thabo Sefolosha,Darius Songaila,Darren Collison,James Posey,Julian Wright,Morris Peterson,2,0:07,OKC,shot,Russell Westbrook,,,,,,,,,Kevin Durant,2,,,made,,dunk,25,6
Jeff Green,Kevin Durant,Nenad Krstic,Russell Westbrook,Thabo Sefolosha,Darius Songaila,Darren Collison,James Posey,Julian Wright,Morris Peterson,2,0:02,NOH,jump ball,,Thabo Sefolosha,,,Morris Peterson,,,,,,,Nenad Krstic,,,,,,
Jeff Green,Kevin Durant,Nenad Krstic,Russell Westbrook,Thabo Sefolosha,Darius Songaila,Darren Collison,James Posey,Julian Wright,Morris Peterson,2,0:02,NOH,turnover,,,,,,,,,,Julian Wright,,,lost ball,,Thabo Sefolosha,,,
Jeff Green,Kevin Durant,Nenad Krstic,Russell Westbrook,Thabo Sefolosha,Darren Collison,David West,Emeka Okafor,Marcus Thornton,Peja Stojakovic,3,11:47,OKC,shot,,,,,,,,,,Russell Westbrook,2,,,made,,driving layup,25,6
Jeff Green,Kevin Durant,Nenad Krstic,Russell Westbrook,Thabo Sefolosha,Darren Collison,David West,Emeka Okafor,Marcus Thornton,Peja Stojakovic,3,11:30,NOH,shot,Darren Collison,,,,,,,,,Peja Stojakovic,3,,,made,,3pt,5,23
Jeff Green,Kevin Durant,Nenad Krstic,Russell Westbrook,Thabo Sefolosha,Darren Collison,David West,Emeka Okafor,Marcus Thornton,Peja Stojakovic,3,11:10,OKC,shot,,,,,,,,,,Russell Westbrook,2,,,made,,layup,25,6
Jeff Green,Kevin Durant,Nenad Krstic,Russell Westbrook,Thabo Sefolosha,Darren Collison,David West,Emeka Okafor,Marcus Thornton,Peja Stojakovic,3,11:10,NOH,foul,,,,,,,,Russell Westbrook,,Marcus Thornton,,,,,,shooting,,
Jeff Green,Kevin Durant,Nenad Krstic,Russell Westbrook,Thabo Sefolosha,Darren Collison,David West,Emeka Okafor,Marcus Thornton,Peja Stojakovic,3,11:10,OKC,free throw,,,,,,,1,,1,Russell Westbrook,,,foul,made,,,,
Jeff Green,Kevin Durant,Nenad Krstic,Russell Westbrook,Thabo Sefolosha,Darren Collison,David West,Emeka Okafor,Marcus Thornton,Peja Stojakovic,3,11:00,NOH,shot,Darren Collison,,,,,,,,,Emeka Okafor,2,,,made,,alley oop dunk,25,6
Jeff Green,Kevin Durant,Nenad Krstic,Russell Westbrook,Thabo Sefolosha,Darren Collison,David West,Emeka Okafor,Marcus Thornton,Peja Stojakovic,3,10:41,OKC,shot,Kevin Durant,,,,,,,,,Nenad Krstic,2,,,made,,jump,39,6
Jeff Green,Kevin Durant,Nenad Krstic,Russell Westbrook,Thabo Sefolosha,Darren Collison,David West,Emeka Okafor,Marcus Thornton,Peja Stojakovic,3,10:24,NOH,shot,,,,,,,,,,Darren Collison,,,,missed,,3pt,21,30
Jeff Green,Kevin Durant,Nenad Krstic,Russell Westbrook,Thabo Sefolosha,Darren Collison,David West,Emeka Okafor,Marcus Thornton,Peja Stojakovic,3,10:22,NOH,rebound,,,,,,,,,,David West,,,,,,off,,
Jeff Green,Kevin Durant,Nenad Krstic,Russell Westbrook,Thabo Sefolosha,Darren Collison,David West,Emeka Okafor,Marcus Thornton,Peja Stojakovic,3,10:18,NOH,shot,David West,,,,,,,,,Marcus Thornton,2,,,made,,layup,25,6
Jeff Green,Kevin Durant,Nenad Krstic,Russell Westbrook,Thabo Sefolosha,Darren Collison,David West,Emeka Okafor,Marcus Thornton,Peja Stojakovic,3,10:05,OKC,shot,Russell Westbrook,,,,,,,,,Nenad Krstic,2,,,made,,jump,38,21
Jeff Green,Kevin Durant,Nenad Krstic,Russell Westbrook,Thabo Sefolosha,Darren Collison,David West,Emeka Okafor,Marcus Thornton,Peja Stojakovic,3,9:42,NOH,shot,,,,,,,,,,Darren Collison,2,,,made,,jump,11,15
Jeff Green,Kevin Durant,Nenad Krstic,Russell Westbrook,Thabo Sefolosha,Darren Collison,David West,Emeka Okafor,Marcus Thornton,Peja Stojakovic,3,9:28,OKC,shot,,,,,,,,,,Thabo Sefolosha,,,,missed,,3pt,6,22
Jeff Green,Kevin Durant,Nenad Krstic,Russell Westbrook,Thabo Sefolosha,Darren Collison,David West,Emeka Okafor,Marcus Thornton,Peja Stojakovic,3,9:27,OKC,rebound,,,,,,,,,,Nenad Krstic,,,,,,off,,
Jeff Green,Kevin Durant,Nenad Krstic,Russell Westbrook,Thabo Sefolosha,Darren Collison,David West,Emeka Okafor,Marcus Thornton,Peja Stojakovic,3,9:16,OKC,shot,Kevin Durant,,,,,,,,,Nenad Krstic,2,,,made,,running hook,25,14
Jeff Green,Kevin Durant,Nenad Krstic,Russell Westbrook,Thabo Sefolosha,Darren Collison,David West,Emeka Okafor,Marcus Thornton,Peja Stojakovic,3,8:58,NOH,shot,,,,,,,,,,Peja Stojakovic,,,,missed,,3pt,2,12
Jeff Green,Kevin Durant,Nenad Krstic,Russell Westbrook,Thabo Sefolosha,Darren Collison,David West,Emeka Okafor,Marcus Thornton,Peja Stojakovic,3,8:56,NOH,rebound,,,,,,,,,,Emeka Okafor,,,,,,off,,
Jeff Green,Kevin Durant,Nenad Krstic,Russell Westbrook,Thabo Sefolosha,Darren Collison,David West,Emeka Okafor,Marcus Thornton,Peja Stojakovic,3,8:52,NOH,shot,,,,,,,,,,Marcus Thornton,,,,missed,,3pt,36,28
Jeff Green,Kevin Durant,Nenad Krstic,Russell Westbrook,Thabo Sefolosha,Darren Collison,David West,Emeka Okafor,Marcus Thornton,Peja Stojakovic,3,8:51,OKC,rebound,,,,,,,,,,Russell Westbrook,,,,,,def,,
Jeff Green,Kevin Durant,Nenad Krstic,Russell Westbrook,Thabo Sefolosha,Darren Collison,David West,Emeka Okafor,Marcus Thornton,Peja Stojakovic,3,8:47,OKC,shot,Russell Westbrook,,,,,,,,,Kevin Durant,2,,,made,,dunk,25,6
Jeff Green,Kevin Durant,Nenad Krstic,Russell Westbrook,Thabo Sefolosha,Darren Collison,David West,Emeka Okafor,Marcus Thornton,Peja Stojakovic,3,8:46,NOH,timeout,,,,,,,,,,,,,,,,regular,,
Jeff Green,Kevin Durant,Nenad Krstic,Russell Westbrook,Thabo Sefolosha,Darren Collison,David West,Emeka Okafor,Marcus Thornton,Peja Stojakovic,3,8:23,NOH,turnover,,,,,,,,,,Emeka Okafor,,,bad pass,,,,,
Jeff Green,Kevin Durant,Nenad Krstic,Russell Westbrook,Thabo Sefolosha,Darren Collison,David West,Emeka Okafor,Marcus Thornton,Peja Stojakovic,3,8:10,OKC,shot,Russell Westbrook,,,,,,,,,Nenad Krstic,2,,,made,,jump,12,14
Jeff Green,Kevin Durant,Nenad Krstic,Russell Westbrook,Thabo Sefolosha,Darren Collison,David West,Emeka Okafor,Marcus Thornton,Peja Stojakovic,3,7:44,NOH,shot,,,,,,,,,,David West,,,,missed,,jump,18,15
Jeff Green,Kevin Durant,Nenad Krstic,Russell Westbrook,Thabo Sefolosha,Darren Collison,David West,Emeka Okafor,Marcus Thornton,Peja Stojakovic,3,7:41,OKC,rebound,,,,,,,,,,Russell Westbrook,,,,,,def,,
Jeff Green,Kevin Durant,Nenad Krstic,Russell Westbrook,Thabo Sefolosha,Darren Collison,David West,Emeka Okafor,Marcus Thornton,Peja Stojakovic,3,7:36,OKC,shot,,,,,,,,,,Thabo Sefolosha,,,,missed,,layup,25,6
Jeff Green,Kevin Durant,Nenad Krstic,Russell Westbrook,Thabo Sefolosha,Darren Collison,David West,Emeka Okafor,Marcus Thornton,Peja Stojakovic,3,7:34,NOH,rebound,,,,,,,,,,Darren Collison,,,,,,def,,
Jeff Green,Kevin Durant,Nenad Krstic,Russell Westbrook,Thabo Sefolosha,Darren Collison,David West,Emeka Okafor,Marcus Thornton,Peja Stojakovic,3,7:29,NOH,shot,Darren Collison,,,,,,,,,Marcus Thornton,3,,,made,,3pt,3,17
Jeff Green,Kevin Durant,Nenad Krstic,Russell Westbrook,Thabo Sefolosha,Darren Collison,David West,Emeka Okafor,Marcus Thornton,Peja Stojakovic,3,7:08,OKC,turnover,,,,,,,,,,Kevin Durant,,,step out of bounds turnover,,,,,
Jeff Green,Kevin Durant,Nenad Krstic,Russell Westbrook,Thabo Sefolosha,Darren Collison,David West,Emeka Okafor,Marcus Thornton,Peja Stojakovic,3,6:53,NOH,shot,,,,,,,,,,Marcus Thornton,,,,missed,,3pt,2,6
Jeff Green,Kevin Durant,Nenad Krstic,Russell Westbrook,Thabo Sefolosha,Darren Collison,David West,Emeka Okafor,Marcus Thornton,Peja Stojakovic,3,6:52,OKC,rebound,,,,,,,,,,Kevin Durant,,,,,,def,,
Jeff Green,Kevin Durant,Nenad Krstic,Russell Westbrook,Thabo Sefolosha,Darren Collison,David West,Emeka Okafor,Marcus Thornton,Peja Stojakovic,3,6:47,NOH,foul,,,,,,,,Russell Westbrook,,David West,,,,,,shooting,,
Jeff Green,Kevin Durant,Nenad Krstic,Russell Westbrook,Thabo Sefolosha,Darren Collison,David West,Emeka Okafor,Marcus Thornton,Peja Stojakovic,3,6:47,OKC,free throw,,,,,,,1,,2,Russell Westbrook,,,foul,made,,,,
Jeff Green,Kevin Durant,Nenad Krstic,Russell Westbrook,Thabo Sefolosha,Darren Collison,David West,Emeka Okafor,Marcus Thornton,Peja Stojakovic,3,6:47,OKC,free throw,,,,,,,2,,2,Russell Westbrook,,,foul,missed,,,,
Jeff Green,Kevin Durant,Nenad Krstic,Russell Westbrook,Thabo Sefolosha,Darren Collison,David West,Emeka Okafor,Marcus Thornton,Peja Stojakovic,3,6:46,NOH,rebound,,,,,,,,,,Emeka Okafor,,,,,,def,,
Jeff Green,Kevin Durant,Nenad Krstic,Russell Westbrook,Thabo Sefolosha,Darren Collison,David West,Emeka Okafor,Marcus Thornton,Peja Stojakovic,3,6:38,NOH,shot,,,Thabo Sefolosha,,,,,,,Marcus Thornton,,,,missed,,layup,25,6
Jeff Green,Kevin Durant,Nenad Krstic,Russell Westbrook,Thabo Sefolosha,Darren Collison,David West,Emeka Okafor,Marcus Thornton,Peja Stojakovic,3,6:36,NOH,rebound,,,,,,,,,,Emeka Okafor,,,,,,off,,
Jeff Green,Kevin Durant,Nenad Krstic,Russell Westbrook,Thabo Sefolosha,Darren Collison,David West,Emeka Okafor,Marcus Thornton,Peja Stojakovic,3,6:35,NOH,shot,,,,,,,,,,Emeka Okafor,2,,,made,,layup,25,6
Jeff Green,Kevin Durant,Nenad Krstic,Russell Westbrook,Thabo Sefolosha,Darren Collison,David West,Emeka Okafor,Marcus Thornton,Peja Stojakovic,3,6:17,OKC,shot,,,,,,,,,,Jeff Green,,,,missed,,layup,25,6
Jeff Green,Kevin Durant,Nenad Krstic,Russell Westbrook,Thabo Sefolosha,Darren Collison,David West,Emeka Okafor,Marcus Thornton,Peja Stojakovic,3,6:16,NOH,rebound,,,,,,,,,,David West,,,,,,def,,
Jeff Green,Kevin Durant,Nenad Krstic,Russell Westbrook,Thabo Sefolosha,Darren Collison,David West,Emeka Okafor,Marcus Thornton,Peja Stojakovic,3,6:05,NOH,shot,Emeka Okafor,,,,,,,,,Peja Stojakovic,2,,,made,,jump,45,8
Jeff Green,Kevin Durant,Nenad Krstic,Russell Westbrook,Thabo Sefolosha,Darren Collison,David West,Emeka Okafor,Marcus Thornton,Peja Stojakovic,3,5:53,OKC,timeout,,,,,,,,,,,,,,,,regular,,
Jeff Green,Kevin Durant,Nenad Krstic,Russell Westbrook,Thabo Sefolosha,Darren Collison,David West,Emeka Okafor,Marcus Thornton,Peja Stojakovic,3,5:39,OKC,shot,,,,,,,,,,Russell Westbrook,,,,missed,,jump,18,12
Jeff Green,Kevin Durant,Nenad Krstic,Russell Westbrook,Thabo Sefolosha,Darren Collison,David West,Emeka Okafor,Marcus Thornton,Peja Stojakovic,3,5:38,NOH,rebound,,,,,,,,,,Marcus Thornton,,,,,,def,,
Jeff Green,Kevin Durant,Nenad Krstic,Russell Westbrook,Thabo Sefolosha,Darren Collison,David West,Emeka Okafor,Marcus Thornton,Peja Stojakovic,3,5:27,NOH,shot,,,,,,,,,,Emeka Okafor,,,,missed,,jump,20,15
Jeff Green,Kevin Durant,Nenad Krstic,Russell Westbrook,Thabo Sefolosha,Darren Collison,David West,Emeka Okafor,Marcus Thornton,Peja Stojakovic,3,5:26,OKC,rebound,,,,,,,,,,Jeff Green,,,,,,def,,
Jeff Green,Kevin Durant,Nenad Krstic,Russell Westbrook,Thabo Sefolosha,Darren Collison,David West,Emeka Okafor,Marcus Thornton,Peja Stojakovic,3,5:09,OKC,shot,,,,,,,,,,Kevin Durant,,,,missed,,jump,41,9
Jeff Green,Kevin Durant,Nenad Krstic,Russell Westbrook,Thabo Sefolosha,Darren Collison,David West,Emeka Okafor,Marcus Thornton,Peja Stojakovic,3,5:08,NOH,rebound,,,,,,,,,,David West,,,,,,def,,
Jeff Green,Kevin Durant,Nenad Krstic,Russell Westbrook,Thabo Sefolosha,Darren Collison,David West,Emeka Okafor,Marcus Thornton,Peja Stojakovic,3,4:57,NOH,shot,,,,,,,,,,David West,,,,missed,,jump,40,15
Jeff Green,Kevin Durant,Nenad Krstic,Russell Westbrook,Thabo Sefolosha,Darren Collison,David West,Emeka Okafor,Marcus Thornton,Peja Stojakovic,3,4:55,OKC,rebound,,,,,,,,,,Russell Westbrook,,,,,,def,,
Jeff Green,Kevin Durant,Nenad Krstic,Russell Westbrook,Thabo Sefolosha,Darren Collison,David West,Emeka Okafor,Marcus Thornton,Peja Stojakovic,3,4:53,NOH,foul,,,,,,,,Russell Westbrook,,David West,,,,,,shooting,,
Jeff Green,Kevin Durant,Nenad Krstic,Russell Westbrook,Thabo Sefolosha,Darren Collison,David West,Emeka Okafor,Marcus Thornton,Peja Stojakovic,3,4:53,OKC,free throw,,,,,,,1,,2,Russell Westbrook,,,foul,made,,,,
James Harden,Jeff Green,Kevin Durant,Nenad Krstic,Russell Westbrook,Darren Collison,David West,Emeka Okafor,Marcus Thornton,Peja Stojakovic,3,4:53,OKC,sub,,,,James Harden,,Thabo Sefolosha,,,,,,,,,,,,
James Harden,Jeff Green,Kevin Durant,Nenad Krstic,Russell Westbrook,Darren Collison,David West,Emeka Okafor,Marcus Thornton,Peja Stojakovic,3,4:53,OKC,free throw,,,,,,,2,,2,Russell Westbrook,,,foul,missed,,,,
James Harden,Jeff Green,Kevin Durant,Nenad Krstic,Russell Westbrook,Darren Collison,David West,Emeka Okafor,Marcus Thornton,Peja Stojakovic,3,4:51,NOH,rebound,,,,,,,,,,Emeka Okafor,,,,,,def,,
James Harden,Jeff Green,Kevin Durant,Nenad Krstic,Russell Westbrook,Darren Collison,David West,Emeka Okafor,Marcus Thornton,Peja Stojakovic,3,4:41,OKC,foul,,,,,,,,Marcus Thornton,,James Harden,,,,,,personal,,
James Harden,Jeff Green,Kevin Durant,Nenad Krstic,Russell Westbrook,Darren Collison,David West,Emeka Okafor,Marcus Thornton,Peja Stojakovic,3,4:33,NOH,shot,,,,,,,,,,Darren Collison,,,,missed,,layup,25,6
James Harden,Jeff Green,Kevin Durant,Nenad Krstic,Russell Westbrook,Darren Collison,David West,Emeka Okafor,Marcus Thornton,Peja Stojakovic,3,4:32,OKC,rebound,,,,,,,,,,Nenad Krstic,,,,,,def,,
James Harden,Jeff Green,Kevin Durant,Nenad Krstic,Russell Westbrook,Darren Collison,David West,Emeka Okafor,Marcus Thornton,Peja Stojakovic,3,4:12,OKC,shot,,,,,,,,,,Kevin Durant,2,,,made,,floating jump,25,13
James Harden,Jeff Green,Kevin Durant,Nenad Krstic,Russell Westbrook,Darren Collison,David West,Emeka Okafor,Marcus Thornton,Peja Stojakovic,3,3:50,NOH,shot,,,,,,,,,,Marcus Thornton,,,,missed,,layup,25,6
James Harden,Jeff Green,Kevin Durant,Nenad Krstic,Russell Westbrook,Darren Collison,David West,Emeka Okafor,Marcus Thornton,Peja Stojakovic,3,3:49,OKC,rebound,,,,,,,,,,James Harden,,,,,,def,,
James Harden,Jeff Green,Kevin Durant,Nenad Krstic,Russell Westbrook,Darren Collison,David West,Emeka Okafor,Marcus Thornton,Peja Stojakovic,3,3:30,OKC,shot,Russell Westbrook,,,,,,,,,Nenad Krstic,2,,,made,,jump,9,11
James Harden,Jeff Green,Kevin Durant,Nenad Krstic,Russell Westbrook,Darren Collison,David West,Emeka Okafor,Marcus Thornton,Peja Stojakovic,3,3:27,NOH,timeout,,,,,,,,,,,,,,,,regular,,
James Harden,Kevin Durant,Nenad Krstic,Nick Collison,Russell Westbrook,Darren Collison,David West,Emeka Okafor,Marcus Thornton,Peja Stojakovic,3,3:27,OKC,sub,,,,Nick Collison,,Jeff Green,,,,,,,,,,,,
James Harden,Kevin Durant,Nenad Krstic,Nick Collison,Russell Westbrook,David West,Emeka Okafor,James Posey,Marcus Thornton,Peja Stojakovic,3,3:27,NOH,sub,,,,James Posey,,Darren Collison,,,,,,,,,,,,
James Harden,Kevin Durant,Nenad Krstic,Nick Collison,Russell Westbrook,David West,Emeka Okafor,James Posey,Marcus Thornton,Peja Stojakovic,3,3:10,NOH,shot,,,,,,,,,,David West,,,,missed,,layup,25,6
James Harden,Kevin Durant,Nenad Krstic,Nick Collison,Russell Westbrook,David West,Emeka Okafor,James Posey,Marcus Thornton,Peja Stojakovic,3,3:09,NOH,rebound,,,,,,,,,,Emeka Okafor,,,,,,off,,
James Harden,Kevin Durant,Nenad Krstic,Nick Collison,Russell Westbrook,David West,Emeka Okafor,James Posey,Marcus Thornton,Peja Stojakovic,3,3:09,NOH,shot,,,,,,,,,,Emeka Okafor,,,,missed,,tip,25,6
James Harden,Kevin Durant,Nenad Krstic,Nick Collison,Russell Westbrook,David West,Emeka Okafor,James Posey,Marcus Thornton,Peja Stojakovic,3,3:08,OKC,rebound,,,,,,,,,,James Harden,,,,,,def,,
James Harden,Kevin Durant,Nenad Krstic,Nick Collison,Russell Westbrook,David West,Emeka Okafor,James Posey,Marcus Thornton,Peja Stojakovic,3,2:56,NOH,foul,,,,,,,,James Harden,,David West,,,,,,personal,,
James Harden,Kevin Durant,Nenad Krstic,Nick Collison,Russell Westbrook,Darius Songaila,Emeka Okafor,James Posey,Marcus Thornton,Peja Stojakovic,3,2:56,NOH,sub,,,,Darius Songaila,,David West,,,,,,,,,,,,
James Harden,Kevin Durant,Nenad Krstic,Nick Collison,Russell Westbrook,Darius Songaila,Emeka Okafor,James Posey,Marcus Thornton,Peja Stojakovic,3,2:52,OKC,shot,,,,,,,,,,Kevin Durant,,,,missed,,3pt,8,24
James Harden,Kevin Durant,Nenad Krstic,Nick Collison,Russell Westbrook,Darius Songaila,Emeka Okafor,James Posey,Marcus Thornton,Peja Stojakovic,3,2:51,NOH,rebound,,,,,,,,,,Emeka Okafor,,,,,,def,,
James Harden,Kevin Durant,Nenad Krstic,Nick Collison,Russell Westbrook,Darius Songaila,Emeka Okafor,James Posey,Marcus Thornton,Peja Stojakovic,3,2:44,OKC,foul,,,,,,,,Marcus Thornton,,Russell Westbrook,,,,,,shooting,,
James Harden,Kevin Durant,Nenad Krstic,Nick Collison,Russell Westbrook,Darius Songaila,Emeka Okafor,James Posey,Marcus Thornton,Peja Stojakovic,3,2:44,NOH,free throw,,,,,,,1,,2,Marcus Thornton,,,foul,made,,,,
Eric Maynor,James Harden,Kevin Durant,Nenad Krstic,Nick Collison,Darius Songaila,Emeka Okafor,James Posey,Marcus Thornton,Peja Stojakovic,3,2:44,OKC,sub,,,,Eric Maynor,,Russell Westbrook,,,,,,,,,,,,
Eric Maynor,James Harden,Kevin Durant,Nenad Krstic,Nick Collison,Darius Songaila,Emeka Okafor,James Posey,Marcus Thornton,Peja Stojakovic,3,2:44,NOH,free throw,,,,,,,2,,2,Marcus Thornton,,,foul,made,,,,
Eric Maynor,James Harden,Kevin Durant,Nenad Krstic,Nick Collison,Darius Songaila,Emeka Okafor,James Posey,Marcus Thornton,Peja Stojakovic,3,2:26,OKC,shot,,,,,,,,,,James Harden,,,,missed,,3pt,48,8
Eric Maynor,James Harden,Kevin Durant,Nenad Krstic,Nick Collison,Darius Songaila,Emeka Okafor,James Posey,Marcus Thornton,Peja Stojakovic,3,2:25,NOH,rebound,,,,,,,,,,Darius Songaila,,,,,,def,,
Eric Maynor,James Harden,Kevin Durant,Nenad Krstic,Nick Collison,Darius Songaila,Emeka Okafor,James Posey,Marcus Thornton,Peja Stojakovic,3,2:18,NOH,shot,Marcus Thornton,,,,,,,,,Emeka Okafor,2,,,made,,layup,25,6
Eric Maynor,James Harden,Kevin Durant,Nenad Krstic,Nick Collison,Darius Songaila,Emeka Okafor,James Posey,Marcus Thornton,Peja Stojakovic,3,1:59,OKC,shot,Nenad Krstic,,,,,,,,,Kevin Durant,3,,,made,,3pt,39,27
Eric Maynor,James Harden,Kevin Durant,Nenad Krstic,Nick Collison,Darius Songaila,Emeka Okafor,James Posey,Marcus Thornton,Peja Stojakovic,3,1:41,NOH,shot,,,,,,,,,,Marcus Thornton,2,,,made,,floating jump,20,14
Eric Maynor,James Harden,Kevin Durant,Nenad Krstic,Nick Collison,Darius Songaila,Emeka Okafor,James Posey,Marcus Thornton,Peja Stojakovic,3,1:29,OKC,shot,,,,,,,,,,Kevin Durant,,,,missed,,jump,21,21
Eric Maynor,James Harden,Kevin Durant,Nenad Krstic,Nick Collison,Darius Songaila,Emeka Okafor,James Posey,Marcus Thornton,Peja Stojakovic,3,1:28,NOH,rebound,,,,,,,,,,Emeka Okafor,,,,,,def,,
Eric Maynor,James Harden,Kevin Durant,Nenad Krstic,Nick Collison,Darius Songaila,Emeka Okafor,James Posey,Marcus Thornton,Peja Stojakovic,3,1:22,NOH,shot,,,,,,,,,,Marcus Thornton,,,,missed,,layup,25,6
Eric Maynor,James Harden,Kevin Durant,Nenad Krstic,Nick Collison,Darius Songaila,Emeka Okafor,James Posey,Marcus Thornton,Peja Stojakovic,3,1:20,OKC,rebound,,,,,,,,,,Nick Collison,,,,,,def,,
Eric Maynor,James Harden,Kevin Durant,Nenad Krstic,Nick Collison,Darius Songaila,Emeka Okafor,James Posey,Marcus Thornton,Peja Stojakovic,3,1:11,OKC,turnover,,,,,,,,,,Eric Maynor,,,lost ball,,Marcus Thornton,,,
Eric Maynor,James Harden,Kevin Durant,Nenad Krstic,Nick Collison,Darius Songaila,Emeka Okafor,James Posey,Marcus Thornton,Peja Stojakovic,3,1:08,NOH,shot,Marcus Thornton,,,,,,,,,Emeka Okafor,2,,,made,,dunk,25,6
Eric Maynor,James Harden,Kevin Durant,Nenad Krstic,Nick Collison,Darius Songaila,Emeka Okafor,James Posey,Marcus Thornton,Peja Stojakovic,3,0:40,OKC,shot,,,,,,,,,,Nenad Krstic,,,,missed,,jump,6,10
Eric Maynor,James Harden,Kevin Durant,Nenad Krstic,Nick Collison,Darius Songaila,Emeka Okafor,James Posey,Marcus Thornton,Peja Stojakovic,3,0:39,NOH,rebound,,,,,,,,,,Marcus Thornton,,,,,,def,,
Eric Maynor,James Harden,Kevin Durant,Nenad Krstic,Nick Collison,Darius Songaila,Emeka Okafor,James Posey,Marcus Thornton,Peja Stojakovic,3,0:30,NOH,shot,,,,,,,,,,Darius Songaila,,,,missed,,jump,23,27
Eric Maynor,James Harden,Kevin Durant,Nenad Krstic,Nick Collison,Darius Songaila,Emeka Okafor,James Posey,Marcus Thornton,Peja Stojakovic,3,0:29,OKC,rebound,,,,,,,,,,Kevin Durant,,,,,,def,,
Eric Maynor,James Harden,Kevin Durant,Nenad Krstic,Nick Collison,Darius Songaila,Emeka Okafor,James Posey,Marcus Thornton,Peja Stojakovic,3,0:12,OKC,turnover,,,,,,,,,,Kevin Durant,,,bad pass,,Peja Stojakovic,,,
Eric Maynor,James Harden,Kevin Durant,Nenad Krstic,Nick Collison,Darius Songaila,Emeka Okafor,James Posey,Marcus Thornton,Peja Stojakovic,3,0:08,OKC,foul,,,,,,,,James Posey,,Kevin Durant,,,,,,shooting,,
Eric Maynor,James Harden,Kevin Durant,Nenad Krstic,Nick Collison,Darius Songaila,Emeka Okafor,James Posey,Marcus Thornton,Peja Stojakovic,3,0:08,NOH,free throw,,,,,,,1,,2,James Posey,,,foul,missed,,,,
Eric Maynor,James Harden,Kevin Durant,Nenad Krstic,Nick Collison,Darius Songaila,Emeka Okafor,James Posey,Marcus Thornton,Peja Stojakovic,3,0:08,NOH,rebound,,,,,,,,,,,,,,,,,,
Eric Maynor,James Harden,Kevin Durant,Nick Collison,Serge Ibaka,Darius Songaila,Emeka Okafor,James Posey,Marcus Thornton,Peja Stojakovic,3,0:08,OKC,sub,,,,Serge Ibaka,,Nenad Krstic,,,,,,,,,,,,
Eric Maynor,James Harden,Kevin Durant,Nick Collison,Serge Ibaka,Darius Songaila,Emeka Okafor,James Posey,Marcus Thornton,Peja Stojakovic,3,0:08,NOH,free throw,,,,,,,2,,2,James Posey,,,foul,missed,,,,
Eric Maynor,James Harden,Kevin Durant,Nick Collison,Serge Ibaka,Darius Songaila,Emeka Okafor,James Posey,Marcus Thornton,Peja Stojakovic,3,0:05,OKC,rebound,,,,,,,,,,Nick Collison,,,,,,def,,
Eric Maynor,James Harden,Kevin Durant,Nick Collison,Serge Ibaka,Darius Songaila,Emeka Okafor,James Posey,Marcus Thornton,Peja Stojakovic,3,0:02,OKC,turnover,,,,,,,,,,James Harden,,,lost ball,,Peja Stojakovic,,,
Eric Maynor,James Harden,Kevin Durant,Nick Collison,Serge Ibaka,Darius Songaila,Emeka Okafor,James Posey,Marcus Thornton,Peja Stojakovic,3,0:00,NOH,shot,,,,,,,,,,Peja Stojakovic,,,,missed,,3pt,37,36
Eric Maynor,James Harden,Kevin Durant,Nick Collison,Serge Ibaka,Darius Songaila,Emeka Okafor,James Posey,Marcus Thornton,Peja Stojakovic,3,0:00,NOH,rebound,,,,,,,,,,,,,,,,,,
Eric Maynor,James Harden,Jeff Green,Nick Collison,Serge Ibaka,Darius Songaila,Emeka Okafor,James Posey,Marcus Thornton,Peja Stojakovic,4,11:45,NOH,shot,Marcus Thornton,,,,,,,,,Darius Songaila,2,,,made,,jump,7,9
Eric Maynor,James Harden,Jeff Green,Nick Collison,Serge Ibaka,Darius Songaila,Emeka Okafor,James Posey,Marcus Thornton,Peja Stojakovic,4,11:26,OKC,shot,,,,,,,,,,Jeff Green,2,,,made,,running hook,25,15
Eric Maynor,James Harden,Jeff Green,Nick Collison,Serge Ibaka,Darius Songaila,Emeka Okafor,James Posey,Marcus Thornton,Peja Stojakovic,4,11:08,OKC,foul,,,,,,,,James Posey,,James Harden,,,,,,personal,,
Eric Maynor,James Harden,Jeff Green,Nick Collison,Serge Ibaka,Darius Songaila,Emeka Okafor,James Posey,Marcus Thornton,Peja Stojakovic,4,11:01,NOH,shot,,,,,,,,,,Marcus Thornton,,,,missed,,jump,10,18
Eric Maynor,James Harden,Jeff Green,Nick Collison,Serge Ibaka,Darius Songaila,Emeka Okafor,James Posey,Marcus Thornton,Peja Stojakovic,4,11:00,OKC,rebound,,,,,,,,,,Serge Ibaka,,,,,,def,,
Eric Maynor,James Harden,Jeff Green,Nick Collison,Serge Ibaka,Darius Songaila,Emeka Okafor,James Posey,Marcus Thornton,Peja Stojakovic,4,10:40,OKC,turnover,,,,,,,,,,Jeff Green,,,out of bounds lost ball turnover,,,,,
Eric Maynor,James Harden,Jeff Green,Nick Collison,Serge Ibaka,Darius Songaila,Emeka Okafor,James Posey,Marcus Thornton,Peja Stojakovic,4,10:25,NOH,shot,Marcus Thornton,,,,,,,,,James Posey,3,,,made,,3pt,48,9
Eric Maynor,James Harden,Jeff Green,Nick Collison,Serge Ibaka,Darius Songaila,Emeka Okafor,James Posey,Marcus Thornton,Peja Stojakovic,4,9:59,OKC,shot,,,,,,,,,,Jeff Green,,,,missed,,3pt,17,29
Eric Maynor,James Harden,Jeff Green,Nick Collison,Serge Ibaka,Darius Songaila,Emeka Okafor,James Posey,Marcus Thornton,Peja Stojakovic,4,9:58,NOH,rebound,,,,,,,,,,Darius Songaila,,,,,,def,,
Eric Maynor,James Harden,Jeff Green,Nick Collison,Serge Ibaka,Darius Songaila,Emeka Okafor,James Posey,Marcus Thornton,Peja Stojakovic,4,9:49,OKC,foul,,,,,,,,Emeka Okafor,,Serge Ibaka,,,,,,personal,,
Eric Maynor,James Harden,Jeff Green,Nick Collison,Serge Ibaka,Darius Songaila,Emeka Okafor,James Posey,Marcus Thornton,Peja Stojakovic,4,9:45,NOH,shot,,,,,,,,,,Peja Stojakovic,,,,missed,,3pt,32,30
Eric Maynor,James Harden,Jeff Green,Nick Collison,Serge Ibaka,Darius Songaila,Emeka Okafor,James Posey,Marcus Thornton,Peja Stojakovic,4,9:42,NOH,rebound,,,,,,,,,,Marcus Thornton,,,,,,off,,
Eric Maynor,James Harden,Jeff Green,Nick Collison,Serge Ibaka,Darius Songaila,Emeka Okafor,James Posey,Marcus Thornton,Peja Stojakovic,4,9:40,NOH,shot,,,,,,,,,,Marcus Thornton,2,,,made,,driving layup,25,6
Eric Maynor,James Harden,Jeff Green,Nick Collison,Serge Ibaka,Darius Songaila,Emeka Okafor,James Posey,Marcus Thornton,Peja Stojakovic,4,9:38,OKC,timeout,,,,,,,,,,,,,,,,regular,,
Eric Maynor,Jeff Green,Kevin Durant,Nick Collison,Serge Ibaka,Darius Songaila,Emeka Okafor,James Posey,Marcus Thornton,Peja Stojakovic,4,9:38,OKC,sub,,,,Kevin Durant,,James Harden,,,,,,,,,,,,
Jeff Green,Kevin Durant,Nick Collison,Russell Westbrook,Serge Ibaka,Darius Songaila,Emeka Okafor,James Posey,Marcus Thornton,Peja Stojakovic,4,9:38,OKC,sub,,,,Russell Westbrook,,Eric Maynor,,,,,,,,,,,,
Jeff Green,Kevin Durant,Nick Collison,Russell Westbrook,Serge Ibaka,Darius Songaila,Emeka Okafor,James Posey,Marcus Thornton,Peja Stojakovic,4,9:17,OKC,shot,,,,,,,,,,Russell Westbrook,2,,,made,,driving layup,25,6
Jeff Green,Kevin Durant,Nick Collison,Russell Westbrook,Serge Ibaka,Darius Songaila,Emeka Okafor,James Posey,Marcus Thornton,Peja Stojakovic,4,9:09,OKC,foul,,,,,,,,Marcus Thornton,,Serge Ibaka,,,,,,shooting,,
Jeff Green,Kevin Durant,Nick Collison,Russell Westbrook,Serge Ibaka,Darius Songaila,Emeka Okafor,James Posey,Marcus Thornton,Peja Stojakovic,4,9:09,NOH,timeout,,,,,,,,,,,,,,,,regular,,
Jeff Green,Kevin Durant,Nick Collison,Russell Westbrook,Serge Ibaka,Darius Songaila,Emeka Okafor,James Posey,Marcus Thornton,Peja Stojakovic,4,9:09,NOH,free throw,,,,,,,1,,2,Marcus Thornton,,,foul,made,,,,
Jeff Green,Kevin Durant,Nick Collison,Russell Westbrook,Serge Ibaka,Darius Songaila,Emeka Okafor,James Posey,Marcus Thornton,Peja Stojakovic,4,9:09,NOH,free throw,,,,,,,2,,2,Marcus Thornton,,,foul,made,,,,
Jeff Green,Kevin Durant,Nick Collison,Russell Westbrook,Serge Ibaka,Darius Songaila,Emeka Okafor,James Posey,Marcus Thornton,Peja Stojakovic,4,8:45,OKC,turnover,,,,,,,,,,Russell Westbrook,,,bad pass,,Emeka Okafor,,,
Jeff Green,Kevin Durant,Nick Collison,Russell Westbrook,Serge Ibaka,Darius Songaila,Emeka Okafor,James Posey,Marcus Thornton,Peja Stojakovic,4,8:40,NOH,shot,,,,,,,,,,Marcus Thornton,,,,missed,,layup,25,6
Jeff Green,Kevin Durant,Nick Collison,Russell Westbrook,Serge Ibaka,Darius Songaila,Emeka Okafor,James Posey,Marcus Thornton,Peja Stojakovic,4,8:38,OKC,rebound,,,,,,,,,,Jeff Green,,,,,,def,,
Jeff Green,Kevin Durant,Nick Collison,Russell Westbrook,Serge Ibaka,Darius Songaila,Emeka Okafor,James Posey,Marcus Thornton,Peja Stojakovic,4,8:24,OKC,shot,Serge Ibaka,,,,,,,,,Russell Westbrook,2,,,made,,layup,25,6
Jeff Green,Kevin Durant,Nick Collison,Russell Westbrook,Serge Ibaka,Darius Songaila,Emeka Okafor,James Posey,Marcus Thornton,Peja Stojakovic,4,7:59,NOH,shot,,,,,,,,,,James Posey,,,,missed,,3pt,42,25
Jeff Green,Kevin Durant,Nick Collison,Russell Westbrook,Serge Ibaka,Darius Songaila,Emeka Okafor,James Posey,Marcus Thornton,Peja Stojakovic,4,7:59,OKC,rebound,,,,,,,,,,Serge Ibaka,,,,,,def,,
Jeff Green,Kevin Durant,Nick Collison,Russell Westbrook,Serge Ibaka,Darius Songaila,Emeka Okafor,James Posey,Marcus Thornton,Peja Stojakovic,4,7:59,NOH,foul,,,,,,,,Serge Ibaka,,Emeka Okafor,,,,,,loose ball,,
Jeff Green,Kevin Durant,Nick Collison,Russell Westbrook,Serge Ibaka,Darius Songaila,Darren Collison,Emeka Okafor,James Posey,Peja Stojakovic,4,7:59,NOH,sub,,,,Darren Collison,,Marcus Thornton,,,,,,,,,,,,
Jeff Green,Kevin Durant,Nick Collison,Russell Westbrook,Serge Ibaka,Darius Songaila,Darren Collison,Emeka Okafor,James Posey,Peja Stojakovic,4,7:42,OKC,shot,Russell Westbrook,,,,,,,,,Serge Ibaka,2,,,made,,layup,25,6
Jeff Green,Kevin Durant,Nick Collison,Russell Westbrook,Serge Ibaka,Darius Songaila,Darren Collison,Emeka Okafor,James Posey,Peja Stojakovic,4,7:20,NOH,shot,,,,,,,,,,Darius Songaila,,,,missed,,jump,39,22
Jeff Green,Kevin Durant,Nick Collison,Russell Westbrook,Serge Ibaka,Darius Songaila,Darren Collison,Emeka Okafor,James Posey,Peja Stojakovic,4,7:19,OKC,rebound,,,,,,,,,,Nick Collison,,,,,,def,,
Jeff Green,Kevin Durant,Nick Collison,Russell Westbrook,Serge Ibaka,Darius Songaila,Darren Collison,Emeka Okafor,James Posey,Peja Stojakovic,4,7:07,OKC,turnover,,,,,,,,,,Russell Westbrook,,,bad pass,,Darius Songaila,,,
Jeff Green,Kevin Durant,Nick Collison,Russell Westbrook,Serge Ibaka,Darius Songaila,Darren Collison,Emeka Okafor,James Posey,Peja Stojakovic,4,7:03,NOH,shot,,,,,,,,,,Darren Collison,2,,,made,,layup,25,6
Jeff Green,Kevin Durant,Nick Collison,Russell Westbrook,Serge Ibaka,Darius Songaila,Darren Collison,Emeka Okafor,James Posey,Peja Stojakovic,4,6:36,OKC,shot,Jeff Green,,,,,,,,,Nick Collison,2,,,made,,jump,42,13
Jeff Green,Kevin Durant,Nick Collison,Russell Westbrook,Serge Ibaka,Darius Songaila,Darren Collison,Emeka Okafor,James Posey,Peja Stojakovic,4,6:15,NOH,shot,,,,,,,,,,Darren Collison,,,,missed,,3pt,21,31
Jeff Green,Kevin Durant,Nick Collison,Russell Westbrook,Serge Ibaka,Darius Songaila,Darren Collison,Emeka Okafor,James Posey,Peja Stojakovic,4,6:14,NOH,rebound,,,,,,,,,,Emeka Okafor,,,,,,off,,
Jeff Green,Kevin Durant,Nick Collison,Russell Westbrook,Serge Ibaka,Darius Songaila,Darren Collison,Emeka Okafor,James Posey,Peja Stojakovic,4,5:53,NOH,shot,James Posey,,,,,,,,,Emeka Okafor,2,,,made,,layup,25,6
Jeff Green,Kevin Durant,Nick Collison,Russell Westbrook,Serge Ibaka,Darius Songaila,Darren Collison,Emeka Okafor,James Posey,Peja Stojakovic,4,5:32,OKC,shot,,,,,,,,,,Kevin Durant,,,,missed,,3pt,26,31
Jeff Green,Kevin Durant,Nick Collison,Russell Westbrook,Serge Ibaka,Darius Songaila,Darren Collison,Emeka Okafor,James Posey,Peja Stojakovic,4,5:31,NOH,rebound,,,,,,,,,,Emeka Okafor,,,,,,def,,
Jeff Green,Kevin Durant,Nick Collison,Russell Westbrook,Serge Ibaka,Darius Songaila,Darren Collison,Emeka Okafor,James Posey,Peja Stojakovic,4,5:25,NOH,turnover,,,,,,,,,,Darren Collison,,,bad pass,,,,,
Jeff Green,Kevin Durant,Nick Collison,Russell Westbrook,Serge Ibaka,Darius Songaila,Darren Collison,Emeka Okafor,James Posey,Peja Stojakovic,4,5:11,OKC,shot,,,,,,,,,,Russell Westbrook,2,,,made,,jump,42,10
Jeff Green,Kevin Durant,Nick Collison,Russell Westbrook,Serge Ibaka,Darius Songaila,Darren Collison,Emeka Okafor,James Posey,Peja Stojakovic,4,4:53,NOH,shot,Darren Collison,,,,,,,,,Peja Stojakovic,3,,,made,,3pt,26,31
Jeff Green,Kevin Durant,Nick Collison,Russell Westbrook,Serge Ibaka,Darius Songaila,Darren Collison,Emeka Okafor,James Posey,Peja Stojakovic,4,4:30,OKC,shot,,,Emeka Okafor,,,,,,,Russell Westbrook,,,,missed,,layup,25,6
Jeff Green,Kevin Durant,Nick Collison,Russell Westbrook,Serge Ibaka,Darius Songaila,Darren Collison,Emeka Okafor,James Posey,Peja Stojakovic,4,4:29,NOH,rebound,,,,,,,,,,Peja Stojakovic,,,,,,def,,
Jeff Green,Kevin Durant,Nick Collison,Russell Westbrook,Serge Ibaka,Darius Songaila,Darren Collison,Emeka Okafor,James Posey,Peja Stojakovic,4,4:17,NOH,shot,James Posey,,,,,,,,,Darren Collison,3,,,made,,3pt,1,10
Jeff Green,Kevin Durant,Nick Collison,Russell Westbrook,Serge Ibaka,Darius Songaila,Darren Collison,Emeka Okafor,James Posey,Peja Stojakovic,4,4:15,OKC,timeout,,,,,,,,,,,,,,,,regular,,
Jeff Green,Kevin Durant,Nick Collison,Russell Westbrook,Serge Ibaka,Darius Songaila,Darren Collison,Emeka Okafor,James Posey,Peja Stojakovic,4,3:51,OKC,shot,,,,,,,,,,Russell Westbrook,,,,missed,,jump,32,25
Jeff Green,Kevin Durant,Nick Collison,Russell Westbrook,Serge Ibaka,Darius Songaila,Darren Collison,Emeka Okafor,James Posey,Peja Stojakovic,4,3:50,NOH,rebound,,,,,,,,,,Peja Stojakovic,,,,,,def,,
Jeff Green,Kevin Durant,Nick Collison,Russell Westbrook,Serge Ibaka,Darius Songaila,Darren Collison,Emeka Okafor,James Posey,Peja Stojakovic,4,3:43,NOH,shot,,,,,,,,,,James Posey,,,,missed,,3pt,3,17
Jeff Green,Kevin Durant,Nick Collison,Russell Westbrook,Serge Ibaka,Darius Songaila,Darren Collison,Emeka Okafor,James Posey,Peja Stojakovic,4,3:40,OKC,rebound,,,,,,,,,,Nick Collison,,,,,,def,,
Jeff Green,Kevin Durant,Nick Collison,Russell Westbrook,Serge Ibaka,Darius Songaila,Darren Collison,Emeka Okafor,James Posey,Peja Stojakovic,4,3:23,NOH,foul,,,,,,,,Kevin Durant,,James Posey,,,,,,shooting,,
Jeff Green,Kevin Durant,Nick Collison,Russell Westbrook,Serge Ibaka,Darius Songaila,Darren Collison,Emeka Okafor,James Posey,Peja Stojakovic,4,3:23,OKC,free throw,,,,,,,1,,2,Kevin Durant,,,foul,made,,,,
Jeff Green,Kevin Durant,Nick Collison,Russell Westbrook,Serge Ibaka,Darius Songaila,Darren Collison,Emeka Okafor,James Posey,Peja Stojakovic,4,3:23,OKC,free throw,,,,,,,2,,2,Kevin Durant,,,foul,missed,,,,
Jeff Green,Kevin Durant,Nick Collison,Russell Westbrook,Serge Ibaka,Darius Songaila,Darren Collison,Emeka Okafor,James Posey,Peja Stojakovic,4,3:22,NOH,rebound,,,,,,,,,,James Posey,,,,,,def,,
Jeff Green,Kevin Durant,Nick Collison,Russell Westbrook,Serge Ibaka,Darius Songaila,Darren Collison,Emeka Okafor,James Posey,Peja Stojakovic,4,3:15,NOH,turnover,,,,,,,,,,Darren Collison,,,,,,,,
Jeff Green,Kevin Durant,Nick Collison,Russell Westbrook,Serge Ibaka,Darius Songaila,Darren Collison,Emeka Okafor,James Posey,Peja Stojakovic,4,3:06,OKC,shot,Russell Westbrook,,,,,,,,,Kevin Durant,2,,,made,,jump,6,7
Jeff Green,Kevin Durant,Nick Collison,Russell Westbrook,Serge Ibaka,Darius Songaila,Darren Collison,Emeka Okafor,James Posey,Peja Stojakovic,4,2:43,NOH,shot,,,,,,,,,,Peja Stojakovic,,,,missed,,3pt,18,33
Jeff Green,Kevin Durant,Nick Collison,Russell Westbrook,Serge Ibaka,Darius Songaila,Darren Collison,Emeka Okafor,James Posey,Peja Stojakovic,4,2:41,OKC,rebound,,,,,,,,,,Serge Ibaka,,,,,,def,,
Jeff Green,Kevin Durant,Nick Collison,Russell Westbrook,Serge Ibaka,Darius Songaila,Darren Collison,Emeka Okafor,James Posey,Peja Stojakovic,4,2:30,OKC,foul,,,,,,,,James Posey,,Nick Collison,,,,,,offensive,,
Jeff Green,Kevin Durant,Nick Collison,Russell Westbrook,Serge Ibaka,Darius Songaila,Darren Collison,Emeka Okafor,James Posey,Peja Stojakovic,4,2:30,OKC,turnover,,,,,,,,,,Nick Collison,,,foul,,,,,
Jeff Green,Kevin Durant,Nick Collison,Russell Westbrook,Serge Ibaka,Darius Songaila,Darren Collison,Emeka Okafor,James Posey,Peja Stojakovic,4,2:12,NOH,shot,,,,,,,,,,Darren Collison,,,,missed,,jump,24,15
Jeff Green,Kevin Durant,Nick Collison,Russell Westbrook,Serge Ibaka,Darius Songaila,Darren Collison,Emeka Okafor,James Posey,Peja Stojakovic,4,2:11,OKC,rebound,,,,,,,,,,Serge Ibaka,,,,,,def,,
Jeff Green,Kevin Durant,Nick Collison,Russell Westbrook,Serge Ibaka,Darius Songaila,Darren Collison,Emeka Okafor,James Posey,Peja Stojakovic,4,1:50,OKC,shot,,,,,,,,,,Jeff Green,2,,,made,,running bank,36,10
Jeff Green,Kevin Durant,Nick Collison,Russell Westbrook,Serge Ibaka,Darius Songaila,Darren Collison,Emeka Okafor,James Posey,Peja Stojakovic,4,1:38,NOH,shot,Darren Collison,,,,,,,,,Darius Songaila,2,,,made,,jump,33,26
Jeff Green,Kevin Durant,Nick Collison,Russell Westbrook,Serge Ibaka,Darius Songaila,Darren Collison,Emeka Okafor,James Posey,Peja Stojakovic,4,1:12,OKC,shot,,,,,,,,,,Russell Westbrook,,,,missed,,jump,33,17
Jeff Green,Kevin Durant,Nick Collison,Russell Westbrook,Serge Ibaka,Darius Songaila,Darren Collison,Emeka Okafor,James Posey,Peja Stojakovic,4,1:11,NOH,rebound,,,,,,,,,,James Posey,,,,,,def,,
Jeff Green,Kevin Durant,Nick Collison,Russell Westbrook,Serge Ibaka,Darius Songaila,Darren Collison,Emeka Okafor,James Posey,Peja Stojakovic,4,0:55,NOH,shot,,,,,,,,,,James Posey,,,,missed,,3pt,38,28
Jeff Green,Kevin Durant,Nick Collison,Russell Westbrook,Serge Ibaka,Darius Songaila,Darren Collison,Emeka Okafor,James Posey,Peja Stojakovic,4,0:52,OKC,rebound,,,,,,,,,,Russell Westbrook,,,,,,def,,
Jeff Green,Kevin Durant,Nick Collison,Russell Westbrook,Serge Ibaka,Darius Songaila,Darren Collison,Emeka Okafor,James Posey,Peja Stojakovic,4,0:33,OKC,shot,,,,,,,,,,Kevin Durant,,,,missed,,jump,41,6
Jeff Green,Kevin Durant,Nick Collison,Russell Westbrook,Serge Ibaka,Darius Songaila,Darren Collison,Emeka Okafor,James Posey,Peja Stojakovic,4,0:32,OKC,rebound,,,,,,,,,,Russell Westbrook,,,,,,off,,
Jeff Green,Kevin Durant,Nick Collison,Russell Westbrook,Serge Ibaka,Darius Songaila,Darren Collison,Emeka Okafor,James Posey,Peja Stojakovic,4,0:13,OKC,shot,,,,,,,,,,Russell Westbrook,2,,,made,,jump,41,12
Jeff Green,Kevin Durant,Nick Collison,Russell Westbrook,Serge Ibaka,Darius Songaila,Darren Collison,Emeka Okafor,James Posey,Peja Stojakovic,4,0:13,NOH,timeout,,,,,,,,,,,,,,,,regular,,
Jeff Green,Kevin Durant,Nick Collison,Russell Westbrook,Thabo Sefolosha,Darius Songaila,Darren Collison,Emeka Okafor,James Posey,Peja Stojakovic,4,0:13,OKC,sub,,,,Thabo Sefolosha,,Serge Ibaka,,,,,,,,,,,,
Jeff Green,Kevin Durant,Nick Collison,Russell Westbrook,Thabo Sefolosha,Darius Songaila,Darren Collison,Emeka Okafor,James Posey,Peja Stojakovic,4,0:11,NOH,shot,James Posey,,,,,,,,,Peja Stojakovic,2,,,made,,driving layup,25,6
Jeff Green,Kevin Durant,Nick Collison,Russell Westbrook,Thabo Sefolosha,Darius Songaila,Darren Collison,Emeka Okafor,James Posey,Peja Stojakovic,4,0:10,NOH,foul,,,,,,,,Kevin Durant,,James Posey,,,,,,personal,,
Jeff Green,Kevin Durant,Nick Collison,Russell Westbrook,Thabo Sefolosha,Darius Songaila,Darren Collison,Emeka Okafor,James Posey,Peja Stojakovic,4,0:08,NOH,foul,,,,,,,,Kevin Durant,,James Posey,,,,,,personal,,
Jeff Green,Kevin Durant,Nick Collison,Russell Westbrook,Thabo Sefolosha,Darius Songaila,Darren Collison,Emeka Okafor,James Posey,Peja Stojakovic,4,0:08,OKC,free throw,,,,,,,1,,2,Kevin Durant,,,foul,made,,,,
Jeff Green,Kevin Durant,Nick Collison,Russell Westbrook,Thabo Sefolosha,Darius Songaila,Darren Collison,Emeka Okafor,James Posey,Peja Stojakovic,4,0:08,OKC,free throw,,,,,,,2,,2,Kevin Durant,,,foul,made,,,,
Jeff Green,Kevin Durant,Nick Collison,Russell Westbrook,Thabo Sefolosha,Darius Songaila,Darren Collison,Emeka Okafor,James Posey,Peja Stojakovic,4,0:08,NOH,timeout,,,,,,,,,,,,,,,,short,,
Jeff Green,Kevin Durant,Nick Collison,Russell Westbrook,Thabo Sefolosha,Darius Songaila,Darren Collison,Emeka Okafor,James Posey,Peja Stojakovic,4,0:05,NOH,shot,,,,,,,,,,Emeka Okafor,,,,missed,,alley oop layup,25,6
Jeff Green,Kevin Durant,Nick Collison,Russell Westbrook,Thabo Sefolosha,Darius Songaila,Darren Collison,Emeka Okafor,James Posey,Peja Stojakovic,4,0:04,OKC,rebound,,,,,,,,,,Nick Collison,,,,,,def,,
