a1,a2,a3,a4,a5,h1,h2,h3,h4,h5,period,time,team,etype,assist,away,block,entered,home,left,num,opponent,outof,player,points,possession,reason,result,steal,type,x,y
Al Thornton,Baron Davis,Chris Kaman,Marcus Camby,Rasual Butler,Kendrick Perkins,Kevin Garnett,Paul Pierce,Rajon Rondo,Ray Allen,1,12:00,OFF,jump ball,,Marcus Camby,,,Kendrick Perkins,,,,,,,Kevin Garnett,,,,,,
Al Thornton,Baron Davis,Chris Kaman,Marcus Camby,Rasual Butler,Kendrick Perkins,Kevin Garnett,Paul Pierce,Rajon Rondo,Ray Allen,1,11:46,BOS,shot,,,,,,,,,,Paul Pierce,2,,,made,,step back jump,14,12
Al Thornton,Baron Davis,Chris Kaman,Marcus Camby,Rasual Butler,Kendrick Perkins,Kevin Garnett,Paul Pierce,Rajon Rondo,Ray Allen,1,11:27,LAC,shot,,,,,,,,,,Marcus Camby,,,,missed,,jump,25,23
Al Thornton,Baron Davis,Chris Kaman,Marcus Camby,Rasual Butler,Kendrick Perkins,Kevin Garnett,Paul Pierce,Rajon Rondo,Ray Allen,1,11:24,BOS,rebound,,,,,,,,,,Kendrick Perkins,,,,,,def,,
Al Thornton,Baron Davis,Chris Kaman,Marcus Camby,Rasual Butler,Kendrick Perkins,Kevin Garnett,Paul Pierce,Rajon Rondo,Ray Allen,1,11:15,BOS,shot,,,,,,,,,,Kevin Garnett,,,,missed,,jump,39,16
Al Thornton,Baron Davis,Chris Kaman,Marcus Camby,Rasual Butler,Kendrick Perkins,Kevin Garnett,Paul Pierce,Rajon Rondo,Ray Allen,1,11:14,LAC,rebound,,,,,,,,,,Al Thornton,,,,,,def,,
Al Thornton,Baron Davis,Chris Kaman,Marcus Camby,Rasual Butler,Kendrick Perkins,Kevin Garnett,Paul Pierce,Rajon Rondo,Ray Allen,1,10:53,LAC,shot,Baron Davis,,,,,,,,,Al Thornton,2,,,made,,jump,8,20
Al Thornton,Baron Davis,Chris Kaman,Marcus Camby,Rasual Butler,Kendrick Perkins,Kevin Garnett,Paul Pierce,Rajon Rondo,Ray Allen,1,10:39,BOS,shot,Kevin Garnett,,,,,,,,,Paul Pierce,2,,,made,,slam dunk,25,6
Al Thornton,Baron Davis,Chris Kaman,Marcus Camby,Rasual Butler,Kendrick Perkins,Kevin Garnett,Paul Pierce,Rajon Rondo,Ray Allen,1,10:18,LAC,turnover,,,,,,,,,,Marcus Camby,,,bad pass,,Rajon Rondo,,,
Al Thornton,Baron Davis,Chris Kaman,Marcus Camby,Rasual Butler,Kendrick Perkins,Kevin Garnett,Paul Pierce,Rajon Rondo,Ray Allen,1,10:13,BOS,shot,Rajon Rondo,,,,,,,,,Paul Pierce,2,,,made,,dunk,26,7
Al Thornton,Baron Davis,Chris Kaman,Marcus Camby,Rasual Butler,Kendrick Perkins,Kevin Garnett,Paul Pierce,Rajon Rondo,Ray Allen,1,9:45,LAC,shot,,,,,,,,,,Chris Kaman,2,,,made,,turnaround fade away,19,18
Al Thornton,Baron Davis,Chris Kaman,Marcus Camby,Rasual Butler,Kendrick Perkins,Kevin Garnett,Paul Pierce,Rajon Rondo,Ray Allen,1,9:28,BOS,turnover,,,,,,,,,,Rajon Rondo,,,bad pass,,Marcus Camby,,,
Al Thornton,Baron Davis,Chris Kaman,Marcus Camby,Rasual Butler,Kendrick Perkins,Kevin Garnett,Paul Pierce,Rajon Rondo,Ray Allen,1,9:20,LAC,shot,,,,,,,,,,Al Thornton,,,,missed,,jump,13,23
Al Thornton,Baron Davis,Chris Kaman,Marcus Camby,Rasual Butler,Kendrick Perkins,Kevin Garnett,Paul Pierce,Rajon Rondo,Ray Allen,1,9:19,BOS,rebound,,,,,,,,,,Paul Pierce,,,,,,def,,
Al Thornton,Baron Davis,Chris Kaman,Marcus Camby,Rasual Butler,Kendrick Perkins,Kevin Garnett,Paul Pierce,Rajon Rondo,Ray Allen,1,9:11,BOS,turnover,,,,,,,,,,Paul Pierce,,,lost ball,,Marcus Camby,,,
Al Thornton,Baron Davis,Chris Kaman,Marcus Camby,Rasual Butler,Kendrick Perkins,Kevin Garnett,Paul Pierce,Rajon Rondo,Ray Allen,1,9:00,LAC,turnover,,,,,,,,,,Baron Davis,,,bad pass,,,,,
Al Thornton,Baron Davis,Chris Kaman,Marcus Camby,Rasual Butler,Kendrick Perkins,Kevin Garnett,Paul Pierce,Rajon Rondo,Ray Allen,1,8:49,LAC,foul,,,,,,,,Kendrick Perkins,,Marcus Camby,,,,,,shooting,,
Al Thornton,Baron Davis,Chris Kaman,Marcus Camby,Rasual Butler,Kendrick Perkins,Kevin Garnett,Paul Pierce,Rajon Rondo,Ray Allen,1,8:49,BOS,free throw,,,,,,,1,,2,Kendrick Perkins,,,foul,made,,,,
Al Thornton,Baron Davis,Chris Kaman,Marcus Camby,Rasual Butler,Kendrick Perkins,Kevin Garnett,Paul Pierce,Rajon Rondo,Ray Allen,1,8:49,BOS,free throw,,,,,,,2,,2,Kendrick Perkins,,,foul,missed,,,,
Al Thornton,Baron Davis,Chris Kaman,Marcus Camby,Rasual Butler,Kendrick Perkins,Kevin Garnett,Paul Pierce,Rajon Rondo,Ray Allen,1,8:49,LAC,rebound,,,,,,,,,,Chris Kaman,,,,,,def,,
Al Thornton,Baron Davis,Chris Kaman,Marcus Camby,Rasual Butler,Kendrick Perkins,Kevin Garnett,Paul Pierce,Rajon Rondo,Ray Allen,1,8:38,BOS,violation,,,,,,,,,,Kevin Garnett,,,,,,defensive goaltending,,
Al Thornton,Baron Davis,Chris Kaman,Marcus Camby,Rasual Butler,Kendrick Perkins,Kevin Garnett,Paul Pierce,Rajon Rondo,Ray Allen,1,8:38,LAC,shot,,,,,,,,,,Baron Davis,2,,,made,,running hook,21,10
Al Thornton,Baron Davis,Chris Kaman,Marcus Camby,Rasual Butler,Kendrick Perkins,Kevin Garnett,Paul Pierce,Rajon Rondo,Ray Allen,1,8:23,BOS,shot,Ray Allen,,,,,,,,,Kevin Garnett,2,,,made,,jump,9,21
Al Thornton,Baron Davis,Chris Kaman,Marcus Camby,Rasual Butler,Kendrick Perkins,Kevin Garnett,Paul Pierce,Rajon Rondo,Ray Allen,1,8:12,LAC,shot,Baron Davis,,,,,,,,,Chris Kaman,2,,,made,,jump,13,20
Al Thornton,Baron Davis,Chris Kaman,Marcus Camby,Rasual Butler,Kendrick Perkins,Kevin Garnett,Paul Pierce,Rajon Rondo,Ray Allen,1,7:51,BOS,shot,,,,,,,,,,Kevin Garnett,,,,missed,,turnaround fade away,24,11
Al Thornton,Baron Davis,Chris Kaman,Marcus Camby,Rasual Butler,Kendrick Perkins,Kevin Garnett,Paul Pierce,Rajon Rondo,Ray Allen,1,7:50,LAC,rebound,,,,,,,,,,Al Thornton,,,,,,def,,
Al Thornton,Baron Davis,Chris Kaman,Marcus Camby,Rasual Butler,Kendrick Perkins,Kevin Garnett,Paul Pierce,Rajon Rondo,Ray Allen,1,7:32,LAC,shot,,,,,,,,,,Baron Davis,,,,missed,,jump,5,7
Al Thornton,Baron Davis,Chris Kaman,Marcus Camby,Rasual Butler,Kendrick Perkins,Kevin Garnett,Paul Pierce,Rajon Rondo,Ray Allen,1,7:30,LAC,rebound,,,,,,,,,,Marcus Camby,,,,,,off,,
Al Thornton,Baron Davis,Chris Kaman,Marcus Camby,Rasual Butler,Kendrick Perkins,Kevin Garnett,Paul Pierce,Rajon Rondo,Ray Allen,1,7:29,LAC,shot,,,,,,,,,,Marcus Camby,,,,missed,,layup,24,7
Al Thornton,Baron Davis,Chris Kaman,Marcus Camby,Rasual Butler,Kendrick Perkins,Kevin Garnett,Paul Pierce,Rajon Rondo,Ray Allen,1,7:28,BOS,rebound,,,,,,,,,,Kendrick Perkins,,,,,,def,,
Al Thornton,Baron Davis,Chris Kaman,Marcus Camby,Rasual Butler,Kendrick Perkins,Kevin Garnett,Paul Pierce,Rajon Rondo,Ray Allen,1,7:23,BOS,shot,,,,,,,,,,Ray Allen,,,,missed,,3pt,45,19
Al Thornton,Baron Davis,Chris Kaman,Marcus Camby,Rasual Butler,Kendrick Perkins,Kevin Garnett,Paul Pierce,Rajon Rondo,Ray Allen,1,7:21,LAC,rebound,,,,,,,,,,Marcus Camby,,,,,,def,,
Al Thornton,Baron Davis,Chris Kaman,Marcus Camby,Rasual Butler,Kendrick Perkins,Kevin Garnett,Paul Pierce,Rajon Rondo,Ray Allen,1,7:11,LAC,shot,,,,,,,,,,Chris Kaman,,,,missed,,jump,9,6
Al Thornton,Baron Davis,Chris Kaman,Marcus Camby,Rasual Butler,Kendrick Perkins,Kevin Garnett,Paul Pierce,Rajon Rondo,Ray Allen,1,7:10,BOS,rebound,,,,,,,,,,Kevin Garnett,,,,,,def,,
Al Thornton,Baron Davis,Chris Kaman,Marcus Camby,Rasual Butler,Kendrick Perkins,Kevin Garnett,Paul Pierce,Rajon Rondo,Ray Allen,1,6:53,BOS,shot,,,,,,,,,,Kevin Garnett,,,,missed,,jump,24,27
Al Thornton,Baron Davis,Chris Kaman,Marcus Camby,Rasual Butler,Kendrick Perkins,Kevin Garnett,Paul Pierce,Rajon Rondo,Ray Allen,1,6:52,LAC,rebound,,,,,,,,,,Marcus Camby,,,,,,def,,
Al Thornton,Baron Davis,Chris Kaman,Marcus Camby,Rasual Butler,Kendrick Perkins,Kevin Garnett,Paul Pierce,Rajon Rondo,Ray Allen,1,6:27,LAC,shot,,,,,,,,,,Chris Kaman,,,,missed,,jump,10,6
Al Thornton,Baron Davis,Chris Kaman,Marcus Camby,Rasual Butler,Kendrick Perkins,Kevin Garnett,Paul Pierce,Rajon Rondo,Ray Allen,1,6:26,BOS,rebound,,,,,,,,,,Paul Pierce,,,,,,def,,
Al Thornton,Baron Davis,Chris Kaman,Marcus Camby,Rasual Butler,Kendrick Perkins,Kevin Garnett,Paul Pierce,Rajon Rondo,Ray Allen,1,6:22,LAC,foul,,,,,,,,Ray Allen,,Al Thornton,,,,,,personal,,
Al Thornton,Baron Davis,Chris Kaman,Marcus Camby,Rasual Butler,Kendrick Perkins,Kevin Garnett,Paul Pierce,Rajon Rondo,Ray Allen,1,6:11,BOS,turnover,,,,,,,,,,Paul Pierce,,,bad pass,,,,,
Al Thornton,Baron Davis,Chris Kaman,Marcus Camby,Rasual Butler,Kendrick Perkins,Kevin Garnett,Paul Pierce,Rajon Rondo,Ray Allen,1,6:00,BOS,foul,,,,,,,,,,Paul Pierce,,,,,,defense 3 second,,
Al Thornton,Baron Davis,Chris Kaman,Marcus Camby,Rasual Butler,Kendrick Perkins,Kevin Garnett,Paul Pierce,Rajon Rondo,Ray Allen,1,6:00,LAC,free throw,,,,,,,1,,1,Baron Davis,,,technical,made,,,,
Al Thornton,Baron Davis,Chris Kaman,Marcus Camby,Rasual Butler,Kendrick Perkins,Kevin Garnett,Paul Pierce,Rajon Rondo,Ray Allen,1,5:54,LAC,shot,,,,,,,,,,Baron Davis,,,,missed,,turnaround fade away,41,6
Al Thornton,Baron Davis,Chris Kaman,Marcus Camby,Rasual Butler,Kendrick Perkins,Kevin Garnett,Paul Pierce,Rajon Rondo,Ray Allen,1,5:54,LAC,rebound,,,,,,,,,,Marcus Camby,,,,,,off,,
Al Thornton,Baron Davis,Chris Kaman,Marcus Camby,Rasual Butler,Kendrick Perkins,Kevin Garnett,Paul Pierce,Rajon Rondo,Ray Allen,1,5:52,LAC,shot,,,Kendrick Perkins,,,,,,,Marcus Camby,,,,missed,,layup,25,7
Al Thornton,Baron Davis,Chris Kaman,Marcus Camby,Rasual Butler,Kendrick Perkins,Kevin Garnett,Paul Pierce,Rajon Rondo,Ray Allen,1,5:51,BOS,rebound,,,,,,,,,,Kendrick Perkins,,,,,,def,,
Al Thornton,Baron Davis,Chris Kaman,Marcus Camby,Rasual Butler,Kendrick Perkins,Kevin Garnett,Paul Pierce,Rajon Rondo,Ray Allen,1,5:44,BOS,shot,,,,,,,,,,Ray Allen,,,,missed,,driving reverse layup,25,6
Al Thornton,Baron Davis,Chris Kaman,Marcus Camby,Rasual Butler,Kendrick Perkins,Kevin Garnett,Paul Pierce,Rajon Rondo,Ray Allen,1,5:43,LAC,rebound,,,,,,,,,,Chris Kaman,,,,,,def,,
Al Thornton,Baron Davis,Chris Kaman,Marcus Camby,Rasual Butler,Kendrick Perkins,Kevin Garnett,Paul Pierce,Rajon Rondo,Ray Allen,1,5:43,LAC,turnover,,,,,,,,,,Chris Kaman,,,out of bounds lost ball turnover,,,,,
Al Thornton,Baron Davis,Chris Kaman,Marcus Camby,Rasual Butler,Kendrick Perkins,Kevin Garnett,Paul Pierce,Rajon Rondo,Ray Allen,1,5:43,BOS,timeout,,,,,,,,,,,,,,,,regular,,
Al Thornton,Baron Davis,Chris Kaman,Marcus Camby,Rasual Butler,Kendrick Perkins,Kevin Garnett,Paul Pierce,Rajon Rondo,Ray Allen,1,5:38,LAC,foul,,,,,,,,Paul Pierce,,Al Thornton,,,,,,shooting,,
Al Thornton,Baron Davis,Chris Kaman,Marcus Camby,Rasual Butler,Kendrick Perkins,Kevin Garnett,Paul Pierce,Rajon Rondo,Ray Allen,1,5:38,BOS,free throw,,,,,,,1,,2,Paul Pierce,,,foul,made,,,,
Baron Davis,Chris Kaman,Marcus Camby,Rasual Butler,Ricky Davis,Kendrick Perkins,Kevin Garnett,Paul Pierce,Rajon Rondo,Ray Allen,1,5:38,LAC,sub,,,,Ricky Davis,,Al Thornton,,,,,,,,,,,,
Baron Davis,Chris Kaman,Marcus Camby,Rasual Butler,Ricky Davis,Kendrick Perkins,Kevin Garnett,Paul Pierce,Rajon Rondo,Ray Allen,1,5:38,BOS,free throw,,,,,,,2,,2,Paul Pierce,,,foul,made,,,,
Baron Davis,Chris Kaman,Marcus Camby,Rasual Butler,Ricky Davis,Kendrick Perkins,Kevin Garnett,Paul Pierce,Rajon Rondo,Ray Allen,1,5:16,LAC,shot,,,,,,,,,,Baron Davis,,,,missed,,3pt,41,25
Baron Davis,Chris Kaman,Marcus Camby,Rasual Butler,Ricky Davis,Kendrick Perkins,Kevin Garnett,Paul Pierce,Rajon Rondo,Ray Allen,1,5:15,BOS,rebound,,,,,,,,,,,,,,,,,,
Baron Davis,Chris Kaman,Marcus Camby,Rasual Butler,Ricky Davis,Kendrick Perkins,Kevin Garnett,Paul Pierce,Rajon Rondo,Ray Allen,1,5:02,BOS,shot,,,,,,,,,,Paul Pierce,,,,missed,,3pt,16,29
Baron Davis,Chris Kaman,Marcus Camby,Rasual Butler,Ricky Davis,Kendrick Perkins,Kevin Garnett,Paul Pierce,Rajon Rondo,Ray Allen,1,5:01,LAC,rebound,,,,,,,,,,Baron Davis,,,,,,def,,
Baron Davis,Chris Kaman,Marcus Camby,Rasual Butler,Ricky Davis,Kendrick Perkins,Kevin Garnett,Paul Pierce,Rajon Rondo,Ray Allen,1,4:47,LAC,shot,,,,,,,,,,Baron Davis,2,,,made,,driving layup,23,7
Baron Davis,Chris Kaman,Marcus Camby,Rasual Butler,Ricky Davis,Kendrick Perkins,Kevin Garnett,Paul Pierce,Rajon Rondo,Ray Allen,1,4:32,BOS,turnover,,,,,,,,,,Kendrick Perkins,,,lost ball,,Rasual Butler,,,
Baron Davis,Chris Kaman,Marcus Camby,Rasual Butler,Ricky Davis,Kendrick Perkins,Kevin Garnett,Paul Pierce,Rajon Rondo,Ray Allen,1,4:17,LAC,shot,,,,,,,,,,Chris Kaman,,,,missed,,turnaround hook,19,6
Baron Davis,Chris Kaman,Marcus Camby,Rasual Butler,Ricky Davis,Kendrick Perkins,Kevin Garnett,Paul Pierce,Rajon Rondo,Ray Allen,1,4:16,BOS,rebound,,,,,,,,,,Kendrick Perkins,,,,,,def,,
Baron Davis,Chris Kaman,Marcus Camby,Rasual Butler,Ricky Davis,Kendrick Perkins,Kevin Garnett,Paul Pierce,Rajon Rondo,Ray Allen,1,4:05,BOS,shot,,,Marcus Camby,,,,,,,Paul Pierce,,,,missed,,layup,26,5
Baron Davis,Chris Kaman,Marcus Camby,Rasual Butler,Ricky Davis,Kendrick Perkins,Kevin Garnett,Paul Pierce,Rajon Rondo,Ray Allen,1,4:04,LAC,rebound,,,,,,,,,,Chris Kaman,,,,,,def,,
Baron Davis,Chris Kaman,Marcus Camby,Rasual Butler,Ricky Davis,Kendrick Perkins,Kevin Garnett,Paul Pierce,Rajon Rondo,Ray Allen,1,3:59,LAC,shot,,,,,,,,,,Rasual Butler,,,,missed,,jump,11,6
Baron Davis,Chris Kaman,Marcus Camby,Rasual Butler,Ricky Davis,Kendrick Perkins,Kevin Garnett,Paul Pierce,Rajon Rondo,Ray Allen,1,3:58,BOS,rebound,,,,,,,,,,Ray Allen,,,,,,def,,
Baron Davis,Chris Kaman,Marcus Camby,Rasual Butler,Ricky Davis,Kendrick Perkins,Kevin Garnett,Paul Pierce,Rajon Rondo,Ray Allen,1,3:40,BOS,turnover,,,,,,,,,,Kendrick Perkins,,,bad pass,,Rasual Butler,,,
Baron Davis,Chris Kaman,Marcus Camby,Rasual Butler,Ricky Davis,Kendrick Perkins,Kevin Garnett,Paul Pierce,Rajon Rondo,Ray Allen,1,3:36,BOS,foul,,,,,,,,Marcus Camby,,Kevin Garnett,,,,,,shooting,,
Baron Davis,Chris Kaman,Marcus Camby,Rasual Butler,Ricky Davis,Kendrick Perkins,Paul Pierce,Rajon Rondo,Rasheed Wallace,Ray Allen,1,3:36,BOS,sub,,,,Rasheed Wallace,,Kevin Garnett,,,,,,,,,,,,
Baron Davis,Chris Kaman,Marcus Camby,Rasual Butler,Ricky Davis,Kendrick Perkins,Paul Pierce,Rasheed Wallace,Ray Allen,Tony Allen,1,3:36,BOS,sub,,,,Tony Allen,,Rajon Rondo,,,,,,,,,,,,
Baron Davis,Chris Kaman,Marcus Camby,Rasual Butler,Ricky Davis,Kendrick Perkins,Paul Pierce,Rasheed Wallace,Ray Allen,Tony Allen,1,3:36,LAC,free throw,,,,,,,1,,2,Marcus Camby,,,foul,missed,,,,
Baron Davis,Chris Kaman,Marcus Camby,Rasual Butler,Ricky Davis,Kendrick Perkins,Paul Pierce,Rasheed Wallace,Ray Allen,Tony Allen,1,3:36,LAC,rebound,,,,,,,,,,,,,,,,,,
Baron Davis,Chris Kaman,Marcus Camby,Rasual Butler,Ricky Davis,Kendrick Perkins,Paul Pierce,Rasheed Wallace,Ray Allen,Tony Allen,1,3:36,LAC,free throw,,,,,,,2,,2,Marcus Camby,,,foul,made,,,,
Baron Davis,Chris Kaman,Marcus Camby,Rasual Butler,Ricky Davis,Kendrick Perkins,Paul Pierce,Rasheed Wallace,Ray Allen,Tony Allen,1,3:21,BOS,shot,,,,,,,,,,Tony Allen,,,,missed,,jump,22,7
Baron Davis,Chris Kaman,Marcus Camby,Rasual Butler,Ricky Davis,Kendrick Perkins,Paul Pierce,Rasheed Wallace,Ray Allen,Tony Allen,1,3:20,BOS,rebound,,,,,,,,,,Kendrick Perkins,,,,,,off,,
Baron Davis,Chris Kaman,Marcus Camby,Rasual Butler,Ricky Davis,Kendrick Perkins,Paul Pierce,Rasheed Wallace,Ray Allen,Tony Allen,1,3:16,BOS,shot,,,,,,,,,,Kendrick Perkins,2,,,made,,putback layup,26,8
Baron Davis,Chris Kaman,Marcus Camby,Rasual Butler,Ricky Davis,Kendrick Perkins,Paul Pierce,Rasheed Wallace,Ray Allen,Tony Allen,1,3:11,BOS,foul,,,,,,,,Baron Davis,,Rasheed Wallace,,,,,,personal,,
Baron Davis,Chris Kaman,Marcus Camby,Rasual Butler,Ricky Davis,Kendrick Perkins,Paul Pierce,Rasheed Wallace,Ray Allen,Tony Allen,1,3:00,LAC,shot,,,,,,,,,,Chris Kaman,,,,missed,,turnaround jump,14,7
Baron Davis,Chris Kaman,Marcus Camby,Rasual Butler,Ricky Davis,Kendrick Perkins,Paul Pierce,Rasheed Wallace,Ray Allen,Tony Allen,1,2:59,BOS,rebound,,,,,,,,,,Rasheed Wallace,,,,,,def,,
Baron Davis,Chris Kaman,Marcus Camby,Rasual Butler,Ricky Davis,Kendrick Perkins,Paul Pierce,Rasheed Wallace,Ray Allen,Tony Allen,1,2:50,BOS,shot,,,,,,,,,,Tony Allen,,,,missed,,layup,24,7
Baron Davis,Chris Kaman,Marcus Camby,Rasual Butler,Ricky Davis,Kendrick Perkins,Paul Pierce,Rasheed Wallace,Ray Allen,Tony Allen,1,2:49,LAC,rebound,,,,,,,,,,Marcus Camby,,,,,,def,,
Baron Davis,Chris Kaman,Marcus Camby,Rasual Butler,Ricky Davis,Kendrick Perkins,Paul Pierce,Rasheed Wallace,Ray Allen,Tony Allen,1,2:45,BOS,foul,,,,,,,,Baron Davis,,Rasheed Wallace,,,,,,shooting,,
Baron Davis,Chris Kaman,Marcus Camby,Rasual Butler,Ricky Davis,Kendrick Perkins,Paul Pierce,Rasheed Wallace,Ray Allen,Tony Allen,1,2:45,LAC,timeout,,,,,,,,,,,,,,,,regular,,
Baron Davis,Chris Kaman,Marcus Camby,Rasual Butler,Ricky Davis,Glen Davis,Paul Pierce,Rasheed Wallace,Ray Allen,Tony Allen,1,2:45,BOS,sub,,,,Glen Davis,,Kendrick Perkins,,,,,,,,,,,,
Baron Davis,Chris Kaman,Marcus Camby,Rasual Butler,Ricky Davis,Glen Davis,Paul Pierce,Rasheed Wallace,Ray Allen,Tony Allen,1,2:45,LAC,free throw,,,,,,,1,,2,Baron Davis,,,foul,made,,,,
Baron Davis,Chris Kaman,Marcus Camby,Rasual Butler,Ricky Davis,Glen Davis,Paul Pierce,Rasheed Wallace,Ray Allen,Tony Allen,1,2:45,LAC,free throw,,,,,,,2,,2,Baron Davis,,,foul,made,,,,
Baron Davis,Chris Kaman,Marcus Camby,Rasual Butler,Ricky Davis,Glen Davis,Paul Pierce,Rasheed Wallace,Ray Allen,Tony Allen,1,2:32,BOS,shot,,,,,,,,,,Ray Allen,,,,missed,,jump,14,22
Baron Davis,Chris Kaman,Marcus Camby,Rasual Butler,Ricky Davis,Glen Davis,Paul Pierce,Rasheed Wallace,Ray Allen,Tony Allen,1,2:31,LAC,rebound,,,,,,,,,,Marcus Camby,,,,,,def,,
Baron Davis,Chris Kaman,Marcus Camby,Rasual Butler,Ricky Davis,Glen Davis,Paul Pierce,Rasheed Wallace,Ray Allen,Tony Allen,1,2:28,LAC,turnover,,,,,,,,,,Marcus Camby,,,bad pass,,,,,
Chris Kaman,Marcus Camby,Mardy Collins,Rasual Butler,Ricky Davis,Glen Davis,Paul Pierce,Rasheed Wallace,Ray Allen,Tony Allen,1,2:28,LAC,sub,,,,Mardy Collins,,Baron Davis,,,,,,,,,,,,
Chris Kaman,Marcus Camby,Mardy Collins,Rasual Butler,Ricky Davis,Glen Davis,Paul Pierce,Rasheed Wallace,Ray Allen,Tony Allen,1,2:05,BOS,shot,Tony Allen,,,,,,,,,Ray Allen,2,,,made,,layup,26,7
Chris Kaman,Marcus Camby,Mardy Collins,Rasual Butler,Ricky Davis,Glen Davis,Paul Pierce,Rasheed Wallace,Ray Allen,Tony Allen,1,1:49,LAC,turnover,,,,,,,,,,Marcus Camby,,,lost ball,,Tony Allen,,,
Chris Kaman,Marcus Camby,Mardy Collins,Rasual Butler,Ricky Davis,Glen Davis,Paul Pierce,Rasheed Wallace,Ray Allen,Tony Allen,1,1:33,BOS,shot,,,,,,,,,,Rasheed Wallace,,,,missed,,3pt,14,28
Chris Kaman,Marcus Camby,Mardy Collins,Rasual Butler,Ricky Davis,Glen Davis,Paul Pierce,Rasheed Wallace,Ray Allen,Tony Allen,1,1:33,LAC,rebound,,,,,,,,,,Marcus Camby,,,,,,def,,
Chris Kaman,Marcus Camby,Mardy Collins,Rasual Butler,Ricky Davis,Glen Davis,Paul Pierce,Rasheed Wallace,Ray Allen,Tony Allen,1,1:20,LAC,shot,,,,,,,,,,Rasual Butler,,,,missed,,jump,13,15
Chris Kaman,Marcus Camby,Mardy Collins,Rasual Butler,Ricky Davis,Glen Davis,Paul Pierce,Rasheed Wallace,Ray Allen,Tony Allen,1,1:19,LAC,rebound,,,,,,,,,,Marcus Camby,,,,,,off,,
Chris Kaman,Marcus Camby,Mardy Collins,Rasual Butler,Ricky Davis,Glen Davis,Paul Pierce,Rasheed Wallace,Ray Allen,Tony Allen,1,1:17,LAC,shot,,,,,,,,,,Marcus Camby,,,,missed,,tip,26,6
Chris Kaman,Marcus Camby,Mardy Collins,Rasual Butler,Ricky Davis,Glen Davis,Paul Pierce,Rasheed Wallace,Ray Allen,Tony Allen,1,1:16,LAC,rebound,,,,,,,,,,Mardy Collins,,,,,,off,,
Chris Kaman,Marcus Camby,Mardy Collins,Rasual Butler,Ricky Davis,Glen Davis,Paul Pierce,Rasheed Wallace,Ray Allen,Tony Allen,1,1:13,LAC,shot,Mardy Collins,,,,,,,,,Ricky Davis,3,,,made,,3pt,24,30
Chris Kaman,Marcus Camby,Mardy Collins,Rasual Butler,Ricky Davis,Glen Davis,Paul Pierce,Rasheed Wallace,Ray Allen,Tony Allen,1,0:53,BOS,shot,Ray Allen,,,,,,,,,Glen Davis,2,,,made,,layup,25,6
Chris Kaman,Marcus Camby,Mardy Collins,Rasual Butler,Ricky Davis,Glen Davis,Paul Pierce,Rasheed Wallace,Ray Allen,Tony Allen,1,0:33,LAC,shot,,,,,,,,,,Chris Kaman,,,,missed,,jump,24,10
Chris Kaman,Marcus Camby,Mardy Collins,Rasual Butler,Ricky Davis,Glen Davis,Paul Pierce,Rasheed Wallace,Ray Allen,Tony Allen,1,0:31,BOS,rebound,,,,,,,,,,Rasheed Wallace,,,,,,def,,
Chris Kaman,Marcus Camby,Mardy Collins,Rasual Butler,Ricky Davis,Glen Davis,Paul Pierce,Rasheed Wallace,Ray Allen,Tony Allen,1,0:24,BOS,foul,,,,,,,,Ricky Davis,,Paul Pierce,,,,,,offensive,,
Chris Kaman,Marcus Camby,Mardy Collins,Rasual Butler,Ricky Davis,Glen Davis,Paul Pierce,Rasheed Wallace,Ray Allen,Tony Allen,1,0:24,BOS,turnover,,,,,,,,,,Paul Pierce,,,foul,,,,,
Chris Kaman,Marcus Camby,Mardy Collins,Rasual Butler,Ricky Davis,Eddie House,Glen Davis,Paul Pierce,Rasheed Wallace,Tony Allen,1,0:24,BOS,sub,,,,Eddie House,,Ray Allen,,,,,,,,,,,,
Chris Kaman,Marcus Camby,Mardy Collins,Rasual Butler,Ricky Davis,Bill Walker,Eddie House,Glen Davis,Rasheed Wallace,Tony Allen,1,0:24,BOS,sub,,,,Bill Walker,,Paul Pierce,,,,,,,,,,,,
Craig Smith,Marcus Camby,Mardy Collins,Rasual Butler,Ricky Davis,Bill Walker,Eddie House,Glen Davis,Rasheed Wallace,Tony Allen,1,0:24,LAC,sub,,,,Craig Smith,,Chris Kaman,,,,,,,,,,,,
Craig Smith,Marcus Camby,Mardy Collins,Rasual Butler,Ricky Davis,Bill Walker,Eddie House,Glen Davis,Rasheed Wallace,Tony Allen,1,0:14,LAC,shot,Mardy Collins,,,,,,,,,Ricky Davis,2,,,made,,jump bank,12,8
Craig Smith,Marcus Camby,Mardy Collins,Rasual Butler,Ricky Davis,Bill Walker,Eddie House,Glen Davis,Rasheed Wallace,Tony Allen,1,0:00,BOS,shot,,,,,,,,,,Glen Davis,,,,missed,,jump,43,14
Craig Smith,Marcus Camby,Mardy Collins,Rasual Butler,Ricky Davis,Bill Walker,Eddie House,Glen Davis,Rasheed Wallace,Tony Allen,1,0:00,BOS,rebound,,,,,,,,,,,,,,,,,,
Craig Smith,DeAndre Jordan,Mardy Collins,Rasual Butler,Ricky Davis,Bill Walker,Eddie House,Glen Davis,Rasheed Wallace,Tony Allen,2,11:37,LAC,shot,,,,,,,,,,Ricky Davis,,,,missed,,jump,36,8
Craig Smith,DeAndre Jordan,Mardy Collins,Rasual Butler,Ricky Davis,Bill Walker,Eddie House,Glen Davis,Rasheed Wallace,Tony Allen,2,11:36,LAC,rebound,,,,,,,,,,Craig Smith,,,,,,off,,
Craig Smith,DeAndre Jordan,Mardy Collins,Rasual Butler,Ricky Davis,Bill Walker,Eddie House,Glen Davis,Rasheed Wallace,Tony Allen,2,11:34,LAC,shot,,,,,,,,,,Craig Smith,,,,missed,,layup,25,7
Craig Smith,DeAndre Jordan,Mardy Collins,Rasual Butler,Ricky Davis,Bill Walker,Eddie House,Glen Davis,Rasheed Wallace,Tony Allen,2,11:31,LAC,rebound,,,,,,,,,,DeAndre Jordan,,,,,,off,,
Craig Smith,DeAndre Jordan,Mardy Collins,Rasual Butler,Ricky Davis,Bill Walker,Eddie House,Glen Davis,Rasheed Wallace,Tony Allen,2,11:15,BOS,foul,,,,,,,,Rasual Butler,,Bill Walker,,,,,,shooting,,
Craig Smith,DeAndre Jordan,Mardy Collins,Rasual Butler,Ricky Davis,Bill Walker,Eddie House,Glen Davis,Rasheed Wallace,Tony Allen,2,11:15,LAC,free throw,,,,,,,1,,3,Rasual Butler,,,foul,made,,,,
Craig Smith,DeAndre Jordan,Mardy Collins,Rasual Butler,Ricky Davis,Bill Walker,Eddie House,Glen Davis,Rasheed Wallace,Tony Allen,2,11:15,LAC,free throw,,,,,,,2,,3,Rasual Butler,,,foul,made,,,,
Craig Smith,DeAndre Jordan,Mardy Collins,Rasual Butler,Ricky Davis,Bill Walker,Eddie House,Glen Davis,Rasheed Wallace,Tony Allen,2,11:15,LAC,free throw,,,,,,,3,,3,Rasual Butler,,,foul,made,,,,
Craig Smith,DeAndre Jordan,Mardy Collins,Rasual Butler,Ricky Davis,Bill Walker,Eddie House,Glen Davis,Rasheed Wallace,Tony Allen,2,10:50,BOS,shot,,,,,,,,,,Rasheed Wallace,,,,missed,,jump,42,7
Craig Smith,DeAndre Jordan,Mardy Collins,Rasual Butler,Ricky Davis,Bill Walker,Eddie House,Glen Davis,Rasheed Wallace,Tony Allen,2,10:49,BOS,rebound,,,,,,,,,,Tony Allen,,,,,,off,,
Craig Smith,DeAndre Jordan,Mardy Collins,Rasual Butler,Ricky Davis,Bill Walker,Eddie House,Glen Davis,Rasheed Wallace,Tony Allen,2,10:36,BOS,turnover,,,,,,,,,,Rasheed Wallace,,,bad pass,,Ricky Davis,,,
Craig Smith,DeAndre Jordan,Mardy Collins,Rasual Butler,Ricky Davis,Bill Walker,Eddie House,Glen Davis,Rasheed Wallace,Tony Allen,2,10:28,LAC,shot,Mardy Collins,,,,,,,,,Ricky Davis,2,,,made,,jump,46,6
Craig Smith,DeAndre Jordan,Mardy Collins,Rasual Butler,Ricky Davis,Bill Walker,Eddie House,Glen Davis,Rasheed Wallace,Tony Allen,2,10:07,BOS,turnover,,,,,,,,,,Glen Davis,,,bad pass,,Mardy Collins,,,
Craig Smith,DeAndre Jordan,Mardy Collins,Rasual Butler,Ricky Davis,Bill Walker,Eddie House,Glen Davis,Rasheed Wallace,Tony Allen,2,10:04,LAC,shot,,,,,,,,,,Mardy Collins,2,,,made,,driving dunk,25,7
Craig Smith,DeAndre Jordan,Mardy Collins,Rasual Butler,Ricky Davis,Bill Walker,Eddie House,Glen Davis,Rasheed Wallace,Tony Allen,2,9:55,BOS,timeout,,,,,,,,,,,,,,,,regular,,
Craig Smith,DeAndre Jordan,Mardy Collins,Rasual Butler,Ricky Davis,Bill Walker,Eddie House,Glen Davis,Rajon Rondo,Rasheed Wallace,2,9:55,BOS,sub,,,,Rajon Rondo,,Tony Allen,,,,,,,,,,,,
Al Thornton,Craig Smith,DeAndre Jordan,Mardy Collins,Ricky Davis,Bill Walker,Eddie House,Glen Davis,Rajon Rondo,Rasheed Wallace,2,9:55,LAC,sub,,,,Al Thornton,,Rasual Butler,,,,,,,,,,,,
Al Thornton,Craig Smith,DeAndre Jordan,Mardy Collins,Ricky Davis,Bill Walker,Eddie House,Glen Davis,Rajon Rondo,Rasheed Wallace,2,9:43,BOS,shot,Rajon Rondo,,,,,,,,,Eddie House,2,,,made,,jump,45,16
Al Thornton,Craig Smith,DeAndre Jordan,Mardy Collins,Ricky Davis,Bill Walker,Eddie House,Glen Davis,Rajon Rondo,Rasheed Wallace,2,9:21,LAC,shot,Craig Smith,,,,,,,,,Al Thornton,2,,,made,,jump,36,23
Al Thornton,Craig Smith,DeAndre Jordan,Mardy Collins,Ricky Davis,Bill Walker,Eddie House,Glen Davis,Rajon Rondo,Rasheed Wallace,2,9:12,LAC,foul,,,,,,,,Rajon Rondo,,Ricky Davis,,,,,,personal,,
Al Thornton,Craig Smith,DeAndre Jordan,Mardy Collins,Ricky Davis,Eddie House,Glen Davis,Rajon Rondo,Rasheed Wallace,Ray Allen,2,9:12,BOS,sub,,,,Ray Allen,,Bill Walker,,,,,,,,,,,,
Al Thornton,Craig Smith,DeAndre Jordan,Mardy Collins,Ricky Davis,Eddie House,Glen Davis,Rajon Rondo,Rasheed Wallace,Ray Allen,2,9:06,BOS,turnover,,,,,,,,,,Rajon Rondo,,,bad pass,,Mardy Collins,,,
Al Thornton,Craig Smith,DeAndre Jordan,Mardy Collins,Ricky Davis,Eddie House,Glen Davis,Rajon Rondo,Rasheed Wallace,Ray Allen,2,9:01,LAC,shot,,,,,,,,,,Ricky Davis,,,,missed,,layup,23,8
Al Thornton,Craig Smith,DeAndre Jordan,Mardy Collins,Ricky Davis,Eddie House,Glen Davis,Rajon Rondo,Rasheed Wallace,Ray Allen,2,8:59,BOS,rebound,,,,,,,,,,Rasheed Wallace,,,,,,def,,
Al Thornton,Craig Smith,DeAndre Jordan,Mardy Collins,Ricky Davis,Eddie House,Glen Davis,Rajon Rondo,Rasheed Wallace,Ray Allen,2,8:54,BOS,shot,Rajon Rondo,,,,,,,,,Ray Allen,3,,,made,,3pt,48,13
Al Thornton,Craig Smith,DeAndre Jordan,Mardy Collins,Ricky Davis,Eddie House,Glen Davis,Rajon Rondo,Rasheed Wallace,Ray Allen,2,8:34,LAC,shot,Ricky Davis,,,,,,,,,Mardy Collins,2,,,made,,running jump,20,6
Al Thornton,Craig Smith,DeAndre Jordan,Mardy Collins,Ricky Davis,Eddie House,Glen Davis,Rajon Rondo,Rasheed Wallace,Ray Allen,2,8:21,BOS,shot,Rajon Rondo,,,,,,,,,Eddie House,2,,,made,,jump,7,15
Al Thornton,Craig Smith,DeAndre Jordan,Mardy Collins,Ricky Davis,Eddie House,Glen Davis,Rajon Rondo,Rasheed Wallace,Ray Allen,2,8:01,LAC,turnover,,,,,,,,,,Mardy Collins,,,bad pass,,Ray Allen,,,
Al Thornton,Craig Smith,DeAndre Jordan,Mardy Collins,Ricky Davis,Eddie House,Glen Davis,Rajon Rondo,Rasheed Wallace,Ray Allen,2,7:54,BOS,shot,,,,,,,,,,Eddie House,,,,missed,,jump,44,10
Al Thornton,Craig Smith,DeAndre Jordan,Mardy Collins,Ricky Davis,Eddie House,Glen Davis,Rajon Rondo,Rasheed Wallace,Ray Allen,2,7:53,LAC,rebound,,,,,,,,,,DeAndre Jordan,,,,,,def,,
Al Thornton,Craig Smith,DeAndre Jordan,Mardy Collins,Ricky Davis,Eddie House,Glen Davis,Rajon Rondo,Rasheed Wallace,Ray Allen,2,7:44,BOS,foul,,,,,,,,Al Thornton,,Rajon Rondo,,,,,,shooting,,
Al Thornton,Craig Smith,DeAndre Jordan,Mardy Collins,Ricky Davis,Eddie House,Glen Davis,Rajon Rondo,Rasheed Wallace,Ray Allen,2,7:44,LAC,free throw,,,,,,,1,,2,Al Thornton,,,foul,made,,,,
Al Thornton,Craig Smith,DeAndre Jordan,Mardy Collins,Ricky Davis,Eddie House,Glen Davis,Rajon Rondo,Rasheed Wallace,Ray Allen,2,7:44,LAC,free throw,,,,,,,2,,2,Al Thornton,,,foul,made,,,,
Al Thornton,Craig Smith,DeAndre Jordan,Mardy Collins,Ricky Davis,Eddie House,Glen Davis,Rajon Rondo,Rasheed Wallace,Ray Allen,2,7:25,BOS,shot,,,,,,,,,,Rasheed Wallace,,,,missed,,jump,34,9
Al Thornton,Craig Smith,DeAndre Jordan,Mardy Collins,Ricky Davis,Eddie House,Glen Davis,Rajon Rondo,Rasheed Wallace,Ray Allen,2,7:24,LAC,rebound,,,,,,,,,,Craig Smith,,,,,,def,,
Al Thornton,Craig Smith,DeAndre Jordan,Mardy Collins,Ricky Davis,Eddie House,Glen Davis,Rajon Rondo,Rasheed Wallace,Ray Allen,2,7:17,BOS,foul,,,,,,,,DeAndre Jordan,,Glen Davis,,,,,,shooting,,
Al Thornton,Craig Smith,DeAndre Jordan,Mardy Collins,Ricky Davis,Eddie House,Kendrick Perkins,Rajon Rondo,Rasheed Wallace,Ray Allen,2,7:17,BOS,sub,,,,Kendrick Perkins,,Glen Davis,,,,,,,,,,,,
Al Thornton,Craig Smith,DeAndre Jordan,Mardy Collins,Ricky Davis,Eddie House,Kendrick Perkins,Rajon Rondo,Rasheed Wallace,Ray Allen,2,7:17,LAC,free throw,,,,,,,1,,2,DeAndre Jordan,,,foul,missed,,,,
Al Thornton,Craig Smith,DeAndre Jordan,Mardy Collins,Ricky Davis,Eddie House,Kendrick Perkins,Rajon Rondo,Rasheed Wallace,Ray Allen,2,7:17,LAC,rebound,,,,,,,,,,,,,,,,,,
Al Thornton,Craig Smith,DeAndre Jordan,Mardy Collins,Ricky Davis,Eddie House,Kendrick Perkins,Kevin Garnett,Rajon Rondo,Ray Allen,2,7:17,BOS,sub,,,,Kevin Garnett,,Rasheed Wallace,,,,,,,,,,,,
Al Thornton,Craig Smith,DeAndre Jordan,Mardy Collins,Ricky Davis,Eddie House,Kendrick Perkins,Kevin Garnett,Rajon Rondo,Ray Allen,2,7:17,LAC,free throw,,,,,,,2,,2,DeAndre Jordan,,,foul,missed,,,,
Al Thornton,Craig Smith,DeAndre Jordan,Mardy Collins,Ricky Davis,Eddie House,Kendrick Perkins,Kevin Garnett,Rajon Rondo,Ray Allen,2,6:58,LAC,rebound,,,,,,,,,,DeAndre Jordan,,,,,,off,,
Al Thornton,Craig Smith,DeAndre Jordan,Mardy Collins,Ricky Davis,Eddie House,Kendrick Perkins,Kevin Garnett,Rajon Rondo,Ray Allen,2,6:45,LAC,shot,,,,,,,,,,Mardy Collins,,,,missed,,jump,15,8
Al Thornton,Craig Smith,DeAndre Jordan,Mardy Collins,Ricky Davis,Eddie House,Kendrick Perkins,Kevin Garnett,Rajon Rondo,Ray Allen,2,6:44,BOS,rebound,,,,,,,,,,Ray Allen,,,,,,def,,
Al Thornton,Craig Smith,DeAndre Jordan,Mardy Collins,Ricky Davis,Eddie House,Kendrick Perkins,Kevin Garnett,Rajon Rondo,Ray Allen,2,6:34,BOS,shot,,,,,,,,,,Ray Allen,3,,,made,,3pt,24,30
Al Thornton,Craig Smith,DeAndre Jordan,Mardy Collins,Ricky Davis,Eddie House,Kendrick Perkins,Kevin Garnett,Rajon Rondo,Ray Allen,2,6:15,BOS,foul,,,,,,,,Craig Smith,,Kendrick Perkins,,,,,,shooting,,
Al Thornton,Chris Kaman,Craig Smith,DeAndre Jordan,Ricky Davis,Eddie House,Kendrick Perkins,Kevin Garnett,Rajon Rondo,Ray Allen,2,6:15,LAC,sub,,,,Chris Kaman,,Mardy Collins,,,,,,,,,,,,
Al Thornton,Chris Kaman,Craig Smith,DeAndre Jordan,Ricky Davis,Kendrick Perkins,Kevin Garnett,Paul Pierce,Rajon Rondo,Ray Allen,2,6:15,BOS,sub,,,,Paul Pierce,,Eddie House,,,,,,,,,,,,
Al Thornton,Baron Davis,Chris Kaman,Craig Smith,Ricky Davis,Kendrick Perkins,Kevin Garnett,Paul Pierce,Rajon Rondo,Ray Allen,2,6:15,LAC,sub,,,,Baron Davis,,DeAndre Jordan,,,,,,,,,,,,
Al Thornton,Baron Davis,Chris Kaman,Craig Smith,Ricky Davis,Kendrick Perkins,Kevin Garnett,Paul Pierce,Rajon Rondo,Ray Allen,2,6:15,LAC,free throw,,,,,,,1,,2,Craig Smith,,,foul,made,,,,
Al Thornton,Baron Davis,Chris Kaman,Craig Smith,Ricky Davis,Kendrick Perkins,Kevin Garnett,Paul Pierce,Rajon Rondo,Ray Allen,2,6:15,LAC,free throw,,,,,,,2,,2,Craig Smith,,,foul,made,,,,
Al Thornton,Baron Davis,Chris Kaman,Craig Smith,Ricky Davis,Kendrick Perkins,Kevin Garnett,Paul Pierce,Rajon Rondo,Ray Allen,2,6:04,BOS,shot,Rajon Rondo,,,,,,,,,Ray Allen,2,,,made,,jump,14,20
Al Thornton,Baron Davis,Chris Kaman,Craig Smith,Ricky Davis,Kendrick Perkins,Kevin Garnett,Paul Pierce,Rajon Rondo,Ray Allen,2,5:45,LAC,shot,,,,,,,,,,Ricky Davis,,,,missed,,layup,23,8
Al Thornton,Baron Davis,Chris Kaman,Craig Smith,Ricky Davis,Kendrick Perkins,Kevin Garnett,Paul Pierce,Rajon Rondo,Ray Allen,2,5:45,BOS,rebound,,,,,,,,,,,,,,,,,,
Al Thornton,Baron Davis,Chris Kaman,Craig Smith,Ricky Davis,Kendrick Perkins,Kevin Garnett,Paul Pierce,Rajon Rondo,Ray Allen,2,5:45,LAC,foul,,,,,,,,Paul Pierce,,Ricky Davis,,,,,,loose ball,,
Al Thornton,Baron Davis,Chris Kaman,Craig Smith,Ricky Davis,Kendrick Perkins,Kevin Garnett,Paul Pierce,Rajon Rondo,Ray Allen,2,5:45,BOS,timeout,,,,,,,,,,,,,,,,official,,
Al Thornton,Baron Davis,Chris Kaman,Craig Smith,Rasual Butler,Kendrick Perkins,Kevin Garnett,Paul Pierce,Rajon Rondo,Ray Allen,2,5:45,LAC,sub,,,,Rasual Butler,,Ricky Davis,,,,,,,,,,,,
Al Thornton,Baron Davis,Chris Kaman,Craig Smith,Rasual Butler,Kendrick Perkins,Kevin Garnett,Paul Pierce,Rajon Rondo,Ray Allen,2,5:26,BOS,shot,,,,,,,,,,Ray Allen,,,,missed,,jump,5,12
Al Thornton,Baron Davis,Chris Kaman,Craig Smith,Rasual Butler,Kendrick Perkins,Kevin Garnett,Paul Pierce,Rajon Rondo,Ray Allen,2,5:25,LAC,rebound,,,,,,,,,,Al Thornton,,,,,,def,,
Al Thornton,Baron Davis,Chris Kaman,Craig Smith,Rasual Butler,Kendrick Perkins,Kevin Garnett,Paul Pierce,Rajon Rondo,Ray Allen,2,5:06,LAC,shot,Al Thornton,,,,,,,,,Rasual Butler,2,,,made,,jump,46,8
Al Thornton,Baron Davis,Chris Kaman,Craig Smith,Rasual Butler,Kendrick Perkins,Kevin Garnett,Paul Pierce,Rajon Rondo,Ray Allen,2,4:56,BOS,shot,,,,,,,,,,Ray Allen,,,,missed,,3pt,11,27
Al Thornton,Baron Davis,Chris Kaman,Craig Smith,Rasual Butler,Kendrick Perkins,Kevin Garnett,Paul Pierce,Rajon Rondo,Ray Allen,2,4:55,LAC,rebound,,,,,,,,,,Baron Davis,,,,,,def,,
Al Thornton,Baron Davis,Chris Kaman,Craig Smith,Rasual Butler,Kendrick Perkins,Kevin Garnett,Paul Pierce,Rajon Rondo,Ray Allen,2,4:49,LAC,shot,,,,,,,,,,Al Thornton,,,,missed,,jump,42,19
Al Thornton,Baron Davis,Chris Kaman,Craig Smith,Rasual Butler,Kendrick Perkins,Kevin Garnett,Paul Pierce,Rajon Rondo,Ray Allen,2,4:47,BOS,rebound,,,,,,,,,,Rajon Rondo,,,,,,def,,
Al Thornton,Baron Davis,Chris Kaman,Craig Smith,Rasual Butler,Kendrick Perkins,Kevin Garnett,Paul Pierce,Rajon Rondo,Ray Allen,2,4:36,BOS,shot,,,,,,,,,,Rajon Rondo,,,,missed,,jump,26,11
Al Thornton,Baron Davis,Chris Kaman,Craig Smith,Rasual Butler,Kendrick Perkins,Kevin Garnett,Paul Pierce,Rajon Rondo,Ray Allen,2,4:35,LAC,rebound,,,,,,,,,,Chris Kaman,,,,,,def,,
Al Thornton,Baron Davis,Chris Kaman,Craig Smith,Rasual Butler,Kendrick Perkins,Kevin Garnett,Paul Pierce,Rajon Rondo,Ray Allen,2,4:28,LAC,shot,Baron Davis,,,,,,,,,Al Thornton,2,,,made,,layup,26,6
Al Thornton,Baron Davis,Chris Kaman,Craig Smith,Rasual Butler,Kendrick Perkins,Kevin Garnett,Paul Pierce,Rajon Rondo,Ray Allen,2,4:08,BOS,shot,,,,,,,,,,Rajon Rondo,2,,,made,,jump,34,22
Al Thornton,Baron Davis,Chris Kaman,Craig Smith,Rasual Butler,Kendrick Perkins,Kevin Garnett,Paul Pierce,Rajon Rondo,Ray Allen,2,3:57,LAC,shot,,,,,,,,,,Baron Davis,,,,missed,,3pt,3,18
Al Thornton,Baron Davis,Chris Kaman,Craig Smith,Rasual Butler,Kendrick Perkins,Kevin Garnett,Paul Pierce,Rajon Rondo,Ray Allen,2,3:56,BOS,rebound,,,,,,,,,,Ray Allen,,,,,,def,,
Al Thornton,Baron Davis,Chris Kaman,Craig Smith,Rasual Butler,Kendrick Perkins,Kevin Garnett,Paul Pierce,Rajon Rondo,Ray Allen,2,3:51,BOS,shot,,,,,,,,,,Ray Allen,,,,missed,,running jump,30,13
Al Thornton,Baron Davis,Chris Kaman,Craig Smith,Rasual Butler,Kendrick Perkins,Kevin Garnett,Paul Pierce,Rajon Rondo,Ray Allen,2,3:50,BOS,rebound,,,,,,,,,,Rajon Rondo,,,,,,off,,
Al Thornton,Baron Davis,Chris Kaman,Craig Smith,Rasual Butler,Kendrick Perkins,Kevin Garnett,Paul Pierce,Rajon Rondo,Ray Allen,2,3:43,BOS,shot,Rajon Rondo,,,,,,,,,Kevin Garnett,2,,,made,,layup,26,7
Al Thornton,Baron Davis,Chris Kaman,Craig Smith,Rasual Butler,Kendrick Perkins,Kevin Garnett,Paul Pierce,Rajon Rondo,Ray Allen,2,3:30,LAC,shot,,,,,,,,,,Baron Davis,2,,,made,,layup,23,8
Al Thornton,Baron Davis,Chris Kaman,Craig Smith,Rasual Butler,Kendrick Perkins,Kevin Garnett,Paul Pierce,Rajon Rondo,Ray Allen,2,3:16,BOS,shot,Ray Allen,,,,,,,,,Kevin Garnett,2,,,made,,jump,13,21
Al Thornton,Baron Davis,Chris Kaman,Craig Smith,Rasual Butler,Kendrick Perkins,Kevin Garnett,Paul Pierce,Rajon Rondo,Ray Allen,2,2:47,LAC,shot,,,,,,,,,,Baron Davis,,,,missed,,jump,38,18
Al Thornton,Baron Davis,Chris Kaman,Craig Smith,Rasual Butler,Kendrick Perkins,Kevin Garnett,Paul Pierce,Rajon Rondo,Ray Allen,2,2:46,BOS,rebound,,,,,,,,,,Paul Pierce,,,,,,def,,
Al Thornton,Baron Davis,Chris Kaman,Craig Smith,Rasual Butler,Kendrick Perkins,Kevin Garnett,Paul Pierce,Rajon Rondo,Ray Allen,2,2:37,BOS,shot,,,,,,,,,,Ray Allen,,,,missed,,3pt,47,18
Al Thornton,Baron Davis,Chris Kaman,Craig Smith,Rasual Butler,Kendrick Perkins,Kevin Garnett,Paul Pierce,Rajon Rondo,Ray Allen,2,2:35,LAC,rebound,,,,,,,,,,Rasual Butler,,,,,,def,,
Al Thornton,Baron Davis,Chris Kaman,Craig Smith,Rasual Butler,Kendrick Perkins,Kevin Garnett,Paul Pierce,Rajon Rondo,Ray Allen,2,2:28,LAC,shot,,,,,,,,,,Al Thornton,,,,missed,,layup,25,6
Al Thornton,Baron Davis,Chris Kaman,Craig Smith,Rasual Butler,Kendrick Perkins,Kevin Garnett,Paul Pierce,Rajon Rondo,Ray Allen,2,2:27,BOS,rebound,,,,,,,,,,Kendrick Perkins,,,,,,def,,
Al Thornton,Baron Davis,Chris Kaman,Craig Smith,Rasual Butler,Kendrick Perkins,Kevin Garnett,Paul Pierce,Rajon Rondo,Ray Allen,2,2:21,LAC,foul,,,,,,,,Paul Pierce,,Chris Kaman,,,,,,shooting,,
Al Thornton,Baron Davis,Chris Kaman,Craig Smith,Rasual Butler,Kendrick Perkins,Kevin Garnett,Paul Pierce,Rajon Rondo,Ray Allen,2,2:21,LAC,timeout,,,,,,,,,,,,,,,,regular,,
Al Thornton,Baron Davis,Chris Kaman,Marcus Camby,Rasual Butler,Kendrick Perkins,Kevin Garnett,Paul Pierce,Rajon Rondo,Ray Allen,2,2:21,LAC,sub,,,,Marcus Camby,,Craig Smith,,,,,,,,,,,,
Al Thornton,Baron Davis,Chris Kaman,Marcus Camby,Rasual Butler,Kendrick Perkins,Kevin Garnett,Paul Pierce,Rajon Rondo,Ray Allen,2,2:21,BOS,free throw,,,,,,,1,,2,Paul Pierce,,,foul,made,,,,
Al Thornton,Baron Davis,Chris Kaman,Marcus Camby,Rasual Butler,Kendrick Perkins,Kevin Garnett,Paul Pierce,Rajon Rondo,Ray Allen,2,2:21,BOS,free throw,,,,,,,2,,2,Paul Pierce,,,foul,made,,,,
Al Thornton,Baron Davis,Chris Kaman,Marcus Camby,Rasual Butler,Kendrick Perkins,Kevin Garnett,Paul Pierce,Rajon Rondo,Ray Allen,2,2:01,LAC,turnover,,,,,,,,,,Rasual Butler,,,bad pass,,Ray Allen,,,
Al Thornton,Baron Davis,Chris Kaman,Marcus Camby,Rasual Butler,Kendrick Perkins,Kevin Garnett,Paul Pierce,Rajon Rondo,Ray Allen,2,1:55,BOS,shot,Rajon Rondo,,,,,,,,,Kevin Garnett,2,,,made,,layup,25,6
Al Thornton,Baron Davis,Chris Kaman,Marcus Camby,Rasual Butler,Kendrick Perkins,Kevin Garnett,Paul Pierce,Rajon Rondo,Ray Allen,2,1:38,LAC,turnover,,,,,,,,,,Baron Davis,,,bad pass,,Rajon Rondo,,,
Al Thornton,Baron Davis,Chris Kaman,Marcus Camby,Rasual Butler,Kendrick Perkins,Kevin Garnett,Paul Pierce,Rajon Rondo,Ray Allen,2,1:31,BOS,shot,,,,,,,,,,Kendrick Perkins,,,,missed,,layup,23,7
Al Thornton,Baron Davis,Chris Kaman,Marcus Camby,Rasual Butler,Kendrick Perkins,Kevin Garnett,Paul Pierce,Rajon Rondo,Ray Allen,2,1:30,LAC,rebound,,,,,,,,,,Marcus Camby,,,,,,def,,
Al Thornton,Baron Davis,Chris Kaman,Marcus Camby,Rasual Butler,Kendrick Perkins,Kevin Garnett,Paul Pierce,Rajon Rondo,Ray Allen,2,1:23,LAC,shot,Baron Davis,,,,,,,,,Rasual Butler,2,,,made,,reverse layup,23,6
Al Thornton,Baron Davis,Chris Kaman,Marcus Camby,Rasual Butler,Kendrick Perkins,Kevin Garnett,Paul Pierce,Rajon Rondo,Ray Allen,2,1:00,BOS,shot,Paul Pierce,,,,,,,,,Kendrick Perkins,2,,,made,,hook,30,7
Al Thornton,Baron Davis,Chris Kaman,Marcus Camby,Rasual Butler,Kendrick Perkins,Kevin Garnett,Paul Pierce,Rajon Rondo,Ray Allen,2,0:45,LAC,shot,,,,,,,,,,Rasual Butler,,,,missed,,3pt,2,6
Al Thornton,Baron Davis,Chris Kaman,Marcus Camby,Rasual Butler,Kendrick Perkins,Kevin Garnett,Paul Pierce,Rajon Rondo,Ray Allen,2,0:43,BOS,rebound,,,,,,,,,,Kendrick Perkins,,,,,,def,,
Al Thornton,Baron Davis,Chris Kaman,Marcus Camby,Rasual Butler,Kendrick Perkins,Kevin Garnett,Paul Pierce,Rajon Rondo,Ray Allen,2,0:38,BOS,shot,,,,,,,,,,Rajon Rondo,2,,,made,,layup,26,6
Al Thornton,Baron Davis,Chris Kaman,Marcus Camby,Rasual Butler,Kendrick Perkins,Kevin Garnett,Paul Pierce,Rajon Rondo,Ray Allen,2,0:23,LAC,shot,Baron Davis,,,,,,,,,Chris Kaman,2,,,made,,jump,40,11
Al Thornton,Baron Davis,Chris Kaman,Marcus Camby,Rasual Butler,Kendrick Perkins,Kevin Garnett,Paul Pierce,Rajon Rondo,Ray Allen,2,0:16,BOS,timeout,,,,,,,,,,,,,,,,short,,
Baron Davis,Chris Kaman,Marcus Camby,Mardy Collins,Rasual Butler,Kendrick Perkins,Kevin Garnett,Paul Pierce,Rajon Rondo,Ray Allen,2,0:16,LAC,sub,,,,Mardy Collins,,Al Thornton,,,,,,,,,,,,
Baron Davis,Chris Kaman,Marcus Camby,Mardy Collins,Rasual Butler,Kendrick Perkins,Kevin Garnett,Paul Pierce,Rajon Rondo,Ray Allen,2,0:02,LAC,foul,,,,,,,,Rajon Rondo,,Baron Davis,,,,,,personal,,
Al Thornton,Baron Davis,Chris Kaman,Marcus Camby,Rasual Butler,Kendrick Perkins,Kevin Garnett,Paul Pierce,Rajon Rondo,Ray Allen,3,11:45,LAC,shot,,,,,,,,,,Chris Kaman,,,,missed,,jump,13,24
Al Thornton,Baron Davis,Chris Kaman,Marcus Camby,Rasual Butler,Kendrick Perkins,Kevin Garnett,Paul Pierce,Rajon Rondo,Ray Allen,3,11:44,BOS,rebound,,,,,,,,,,Ray Allen,,,,,,def,,
Al Thornton,Baron Davis,Chris Kaman,Marcus Camby,Rasual Butler,Kendrick Perkins,Kevin Garnett,Paul Pierce,Rajon Rondo,Ray Allen,3,11:29,BOS,shot,Rajon Rondo,,,,,,,,,Kendrick Perkins,2,,,made,,jump,31,8
Al Thornton,Baron Davis,Chris Kaman,Marcus Camby,Rasual Butler,Kendrick Perkins,Kevin Garnett,Paul Pierce,Rajon Rondo,Ray Allen,3,11:03,LAC,shot,,,,,,,,,,Rasual Butler,,,,missed,,3pt,24,31
Al Thornton,Baron Davis,Chris Kaman,Marcus Camby,Rasual Butler,Kendrick Perkins,Kevin Garnett,Paul Pierce,Rajon Rondo,Ray Allen,3,11:02,BOS,rebound,,,,,,,,,,,,,,,,,,
Al Thornton,Baron Davis,Chris Kaman,Marcus Camby,Rasual Butler,Kendrick Perkins,Kevin Garnett,Paul Pierce,Rajon Rondo,Ray Allen,3,11:02,LAC,foul,,,,,,,,Paul Pierce,,Chris Kaman,,,,,,loose ball,,
Al Thornton,Baron Davis,Chris Kaman,Marcus Camby,Rasual Butler,Kendrick Perkins,Kevin Garnett,Paul Pierce,Rajon Rondo,Ray Allen,3,10:46,BOS,shot,,,,,,,,,,Kevin Garnett,,,,missed,,jump,11,23
Al Thornton,Baron Davis,Chris Kaman,Marcus Camby,Rasual Butler,Kendrick Perkins,Kevin Garnett,Paul Pierce,Rajon Rondo,Ray Allen,3,10:45,LAC,rebound,,,,,,,,,,Al Thornton,,,,,,def,,
Al Thornton,Baron Davis,Chris Kaman,Marcus Camby,Rasual Butler,Kendrick Perkins,Kevin Garnett,Paul Pierce,Rajon Rondo,Ray Allen,3,10:35,LAC,shot,,,,,,,,,,Baron Davis,,,,missed,,3pt,2,7
Al Thornton,Baron Davis,Chris Kaman,Marcus Camby,Rasual Butler,Kendrick Perkins,Kevin Garnett,Paul Pierce,Rajon Rondo,Ray Allen,3,10:35,BOS,rebound,,,,,,,,,,Ray Allen,,,,,,def,,
Al Thornton,Baron Davis,Chris Kaman,Marcus Camby,Rasual Butler,Kendrick Perkins,Kevin Garnett,Paul Pierce,Rajon Rondo,Ray Allen,3,10:29,BOS,shot,,,,,,,,,,Ray Allen,2,,,made,,layup,26,7
Al Thornton,Baron Davis,Chris Kaman,Marcus Camby,Rasual Butler,Kendrick Perkins,Kevin Garnett,Paul Pierce,Rajon Rondo,Ray Allen,3,10:06,LAC,shot,,,,,,,,,,Chris Kaman,,,,missed,,jump,11,6
Al Thornton,Baron Davis,Chris Kaman,Marcus Camby,Rasual Butler,Kendrick Perkins,Kevin Garnett,Paul Pierce,Rajon Rondo,Ray Allen,3,10:05,BOS,rebound,,,,,,,,,,Kendrick Perkins,,,,,,def,,
Al Thornton,Baron Davis,Chris Kaman,Marcus Camby,Rasual Butler,Kendrick Perkins,Kevin Garnett,Paul Pierce,Rajon Rondo,Ray Allen,3,9:57,BOS,shot,,,,,,,,,,Paul Pierce,2,,,made,,step back jump,15,19
Al Thornton,Baron Davis,Chris Kaman,Marcus Camby,Rasual Butler,Kendrick Perkins,Kevin Garnett,Paul Pierce,Rajon Rondo,Ray Allen,3,9:41,LAC,shot,,,,,,,,,,Chris Kaman,,,,missed,,jump,18,8
Al Thornton,Baron Davis,Chris Kaman,Marcus Camby,Rasual Butler,Kendrick Perkins,Kevin Garnett,Paul Pierce,Rajon Rondo,Ray Allen,3,9:40,BOS,rebound,,,,,,,,,,Kendrick Perkins,,,,,,def,,
Al Thornton,Baron Davis,Chris Kaman,Marcus Camby,Rasual Butler,Kendrick Perkins,Kevin Garnett,Paul Pierce,Rajon Rondo,Ray Allen,3,9:30,BOS,shot,,,,,,,,,,Paul Pierce,,,,missed,,jump,30,21
Al Thornton,Baron Davis,Chris Kaman,Marcus Camby,Rasual Butler,Kendrick Perkins,Kevin Garnett,Paul Pierce,Rajon Rondo,Ray Allen,3,9:29,LAC,rebound,,,,,,,,,,Marcus Camby,,,,,,def,,
Al Thornton,Baron Davis,Chris Kaman,Marcus Camby,Rasual Butler,Kendrick Perkins,Kevin Garnett,Paul Pierce,Rajon Rondo,Ray Allen,3,9:17,LAC,shot,,,,,,,,,,Chris Kaman,2,,,made,,jump,34,17
Al Thornton,Baron Davis,Chris Kaman,Marcus Camby,Rasual Butler,Kendrick Perkins,Kevin Garnett,Paul Pierce,Rajon Rondo,Ray Allen,3,9:00,LAC,foul,,,,,,,,Paul Pierce,,Al Thornton,,,,,,shooting,,
Al Thornton,Baron Davis,Chris Kaman,Marcus Camby,Rasual Butler,Kendrick Perkins,Kevin Garnett,Paul Pierce,Rajon Rondo,Ray Allen,3,9:00,BOS,free throw,,,,,,,1,,2,Paul Pierce,,,foul,made,,,,
Al Thornton,Baron Davis,Chris Kaman,Marcus Camby,Rasual Butler,Kendrick Perkins,Kevin Garnett,Paul Pierce,Rajon Rondo,Ray Allen,3,9:00,BOS,free throw,,,,,,,2,,2,Paul Pierce,,,foul,made,,,,
Al Thornton,Baron Davis,Chris Kaman,Marcus Camby,Rasual Butler,Kendrick Perkins,Kevin Garnett,Paul Pierce,Rajon Rondo,Ray Allen,3,8:38,LAC,shot,,,,,,,,,,Al Thornton,,,,missed,,running jump,14,10
Al Thornton,Baron Davis,Chris Kaman,Marcus Camby,Rasual Butler,Kendrick Perkins,Kevin Garnett,Paul Pierce,Rajon Rondo,Ray Allen,3,8:37,LAC,rebound,,,,,,,,,,Chris Kaman,,,,,,off,,
Al Thornton,Baron Davis,Chris Kaman,Marcus Camby,Rasual Butler,Kendrick Perkins,Kevin Garnett,Paul Pierce,Rajon Rondo,Ray Allen,3,8:35,LAC,shot,,,,,,,,,,Chris Kaman,2,,,made,,putback layup,26,7
Al Thornton,Baron Davis,Chris Kaman,Marcus Camby,Rasual Butler,Kendrick Perkins,Kevin Garnett,Paul Pierce,Rajon Rondo,Ray Allen,3,8:14,BOS,shot,,,,,,,,,,Kevin Garnett,2,,,made,,driving dunk,24,6
Al Thornton,Baron Davis,Chris Kaman,Marcus Camby,Rasual Butler,Kendrick Perkins,Kevin Garnett,Paul Pierce,Rajon Rondo,Ray Allen,3,8:14,LAC,foul,,,,,,,,Kevin Garnett,,Marcus Camby,,,,,,shooting,,
Al Thornton,Baron Davis,Chris Kaman,Marcus Camby,Rasual Butler,Kendrick Perkins,Kevin Garnett,Paul Pierce,Rajon Rondo,Ray Allen,3,8:14,BOS,free throw,,,,,,,1,,1,Kevin Garnett,,,foul,missed,,,,
Al Thornton,Baron Davis,Chris Kaman,Marcus Camby,Rasual Butler,Kendrick Perkins,Kevin Garnett,Paul Pierce,Rajon Rondo,Ray Allen,3,8:13,LAC,rebound,,,,,,,,,,Chris Kaman,,,,,,def,,
Al Thornton,Baron Davis,Chris Kaman,Marcus Camby,Rasual Butler,Kendrick Perkins,Kevin Garnett,Paul Pierce,Rajon Rondo,Ray Allen,3,7:51,LAC,shot,,,,,,,,,,Baron Davis,,,,missed,,3pt,46,18
Al Thornton,Baron Davis,Chris Kaman,Marcus Camby,Rasual Butler,Kendrick Perkins,Kevin Garnett,Paul Pierce,Rajon Rondo,Ray Allen,3,7:50,LAC,rebound,,,,,,,,,,Marcus Camby,,,,,,off,,
Al Thornton,Baron Davis,Chris Kaman,Marcus Camby,Rasual Butler,Kendrick Perkins,Kevin Garnett,Paul Pierce,Rajon Rondo,Ray Allen,3,7:48,LAC,shot,,,,,,,,,,Marcus Camby,2,,,made,,putback layup,23,7
Al Thornton,Baron Davis,Chris Kaman,Marcus Camby,Rasual Butler,Kendrick Perkins,Kevin Garnett,Paul Pierce,Rajon Rondo,Ray Allen,3,7:30,BOS,shot,,,,,,,,,,Rajon Rondo,2,,,made,,driving layup,26,7
Al Thornton,Baron Davis,Chris Kaman,Marcus Camby,Rasual Butler,Kendrick Perkins,Kevin Garnett,Paul Pierce,Rajon Rondo,Ray Allen,3,7:04,LAC,shot,,,,,,,,,,Rasual Butler,,,,missed,,jump,47,10
Al Thornton,Baron Davis,Chris Kaman,Marcus Camby,Rasual Butler,Kendrick Perkins,Kevin Garnett,Paul Pierce,Rajon Rondo,Ray Allen,3,7:03,BOS,rebound,,,,,,,,,,Kendrick Perkins,,,,,,def,,
Al Thornton,Baron Davis,Chris Kaman,Marcus Camby,Rasual Butler,Kendrick Perkins,Kevin Garnett,Paul Pierce,Rajon Rondo,Ray Allen,3,6:40,BOS,shot,,,,,,,,,,Ray Allen,,,,missed,,3pt,2,8
Al Thornton,Baron Davis,Chris Kaman,Marcus Camby,Rasual Butler,Kendrick Perkins,Kevin Garnett,Paul Pierce,Rajon Rondo,Ray Allen,3,6:39,LAC,rebound,,,,,,,,,,Marcus Camby,,,,,,def,,
Al Thornton,Baron Davis,Chris Kaman,Marcus Camby,Rasual Butler,Kendrick Perkins,Kevin Garnett,Paul Pierce,Rajon Rondo,Ray Allen,3,6:34,LAC,shot,,,Paul Pierce,,,,,,,Baron Davis,,,,missed,,jump,22,7
Al Thornton,Baron Davis,Chris Kaman,Marcus Camby,Rasual Butler,Kendrick Perkins,Kevin Garnett,Paul Pierce,Rajon Rondo,Ray Allen,3,6:33,BOS,rebound,,,,,,,,,,Kendrick Perkins,,,,,,def,,
Al Thornton,Baron Davis,Chris Kaman,Marcus Camby,Rasual Butler,Kendrick Perkins,Kevin Garnett,Paul Pierce,Rajon Rondo,Ray Allen,3,6:33,LAC,foul,,,,,,,,,,Baron Davis,,,,,,technical,,
Al Thornton,Baron Davis,Chris Kaman,Marcus Camby,Rasual Butler,Kendrick Perkins,Kevin Garnett,Paul Pierce,Rajon Rondo,Ray Allen,3,6:33,BOS,free throw,,,,,,,1,,1,Paul Pierce,,,technical,made,,,,
Al Thornton,Baron Davis,Chris Kaman,Marcus Camby,Rasual Butler,Kendrick Perkins,Kevin Garnett,Paul Pierce,Rajon Rondo,Ray Allen,3,6:15,BOS,turnover,,,,,,,,,,Ray Allen,,,bad pass,,Baron Davis,,,
Al Thornton,Baron Davis,Chris Kaman,Marcus Camby,Rasual Butler,Kendrick Perkins,Kevin Garnett,Paul Pierce,Rajon Rondo,Ray Allen,3,6:11,LAC,turnover,,,,,,,,,,Baron Davis,,,bad pass,,,,,
Al Thornton,Baron Davis,Chris Kaman,Marcus Camby,Rasual Butler,Kendrick Perkins,Kevin Garnett,Paul Pierce,Rajon Rondo,Ray Allen,3,5:51,BOS,shot,Paul Pierce,,,,,,,,,Rajon Rondo,2,,,made,,layup,26,6
Al Thornton,Baron Davis,Chris Kaman,Marcus Camby,Rasual Butler,Kendrick Perkins,Kevin Garnett,Paul Pierce,Rajon Rondo,Ray Allen,3,5:29,LAC,shot,,,Kendrick Perkins,,,,,,,Chris Kaman,,,,missed,,jump,23,15
Al Thornton,Baron Davis,Chris Kaman,Marcus Camby,Rasual Butler,Kendrick Perkins,Kevin Garnett,Paul Pierce,Rajon Rondo,Ray Allen,3,5:27,BOS,rebound,,,,,,,,,,Rajon Rondo,,,,,,def,,
Al Thornton,Baron Davis,Chris Kaman,Marcus Camby,Rasual Butler,Kendrick Perkins,Kevin Garnett,Paul Pierce,Rajon Rondo,Ray Allen,3,5:25,BOS,turnover,,,,,,,,,,Rajon Rondo,,,discontinue dribble,,,,,
Al Thornton,Baron Davis,Chris Kaman,Marcus Camby,Rasual Butler,Kendrick Perkins,Kevin Garnett,Paul Pierce,Rajon Rondo,Ray Allen,3,5:25,BOS,timeout,,,,,,,,,,,,,,,,regular,,
Al Thornton,Baron Davis,Chris Kaman,Marcus Camby,Rasual Butler,Kendrick Perkins,Kevin Garnett,Paul Pierce,Rajon Rondo,Ray Allen,3,5:14,BOS,foul,,,,,,,,Al Thornton,,Paul Pierce,,,,,,shooting,,
Al Thornton,Baron Davis,Chris Kaman,Marcus Camby,Rasual Butler,Kendrick Perkins,Kevin Garnett,Paul Pierce,Rajon Rondo,Ray Allen,3,5:14,LAC,free throw,,,,,,,1,,2,Al Thornton,,,foul,made,,,,
Al Thornton,Baron Davis,Chris Kaman,Marcus Camby,Rasual Butler,Kendrick Perkins,Kevin Garnett,Paul Pierce,Rajon Rondo,Ray Allen,3,5:14,LAC,free throw,,,,,,,2,,2,Al Thornton,,,foul,made,,,,
Al Thornton,Baron Davis,Chris Kaman,Marcus Camby,Rasual Butler,Kendrick Perkins,Kevin Garnett,Paul Pierce,Rajon Rondo,Ray Allen,3,4:55,BOS,shot,,,,,,,,,,Kendrick Perkins,,,,missed,,reverse layup,23,7
Al Thornton,Baron Davis,Chris Kaman,Marcus Camby,Rasual Butler,Kendrick Perkins,Kevin Garnett,Paul Pierce,Rajon Rondo,Ray Allen,3,4:54,LAC,rebound,,,,,,,,,,Chris Kaman,,,,,,def,,
Al Thornton,Baron Davis,Chris Kaman,Marcus Camby,Rasual Butler,Kendrick Perkins,Kevin Garnett,Paul Pierce,Rajon Rondo,Ray Allen,3,4:40,LAC,shot,,,,,,,,,,Chris Kaman,,,,missed,,jump,31,14
Al Thornton,Baron Davis,Chris Kaman,Marcus Camby,Rasual Butler,Kendrick Perkins,Kevin Garnett,Paul Pierce,Rajon Rondo,Ray Allen,3,4:39,BOS,rebound,,,,,,,,,,Kevin Garnett,,,,,,def,,
Al Thornton,Baron Davis,Chris Kaman,Marcus Camby,Rasual Butler,Kendrick Perkins,Kevin Garnett,Paul Pierce,Rajon Rondo,Ray Allen,3,4:22,BOS,shot,Kevin Garnett,,,,,,,,,Rajon Rondo,2,,,made,,layup,26,7
Al Thornton,Baron Davis,Chris Kaman,Marcus Camby,Rasual Butler,Kendrick Perkins,Kevin Garnett,Paul Pierce,Rajon Rondo,Ray Allen,3,4:02,LAC,turnover,,,,,,,,,,Chris Kaman,,,bad pass,,Rajon Rondo,,,
Al Thornton,Baron Davis,Chris Kaman,Marcus Camby,Rasual Butler,Kendrick Perkins,Kevin Garnett,Paul Pierce,Rajon Rondo,Ray Allen,3,3:43,BOS,shot,,,,,,,,,,Kevin Garnett,,,,missed,,jump,31,23
Al Thornton,Baron Davis,Chris Kaman,Marcus Camby,Rasual Butler,Kendrick Perkins,Kevin Garnett,Paul Pierce,Rajon Rondo,Ray Allen,3,3:42,LAC,rebound,,,,,,,,,,Marcus Camby,,,,,,def,,
Al Thornton,Baron Davis,Chris Kaman,Marcus Camby,Rasual Butler,Kendrick Perkins,Kevin Garnett,Paul Pierce,Rajon Rondo,Ray Allen,3,3:33,LAC,shot,Baron Davis,,,,,,,,,Al Thornton,2,,,made,,jump,45,15
Al Thornton,Baron Davis,Chris Kaman,Marcus Camby,Rasual Butler,Kendrick Perkins,Kevin Garnett,Paul Pierce,Rajon Rondo,Ray Allen,3,3:08,BOS,shot,Rajon Rondo,,,,,,,,,Kendrick Perkins,2,,,made,,layup,23,6
Al Thornton,Baron Davis,Chris Kaman,Marcus Camby,Rasual Butler,Kendrick Perkins,Kevin Garnett,Paul Pierce,Rajon Rondo,Ray Allen,3,2:46,LAC,shot,,,,,,,,,,Marcus Camby,,,,missed,,jump,45,8
Al Thornton,Baron Davis,Chris Kaman,Marcus Camby,Rasual Butler,Kendrick Perkins,Kevin Garnett,Paul Pierce,Rajon Rondo,Ray Allen,3,2:45,BOS,rebound,,,,,,,,,,Paul Pierce,,,,,,def,,
Al Thornton,Baron Davis,Chris Kaman,Marcus Camby,Rasual Butler,Kendrick Perkins,Kevin Garnett,Paul Pierce,Rajon Rondo,Ray Allen,3,2:30,BOS,turnover,,,,,,,,,,Paul Pierce,,,bad pass,,Chris Kaman,,,
Al Thornton,Baron Davis,Chris Kaman,Marcus Camby,Rasual Butler,Kendrick Perkins,Kevin Garnett,Paul Pierce,Rajon Rondo,Ray Allen,3,2:26,LAC,shot,Baron Davis,,,,,,,,,Rasual Butler,2,,,made,,dunk,24,6
Al Thornton,Baron Davis,Chris Kaman,Marcus Camby,Rasual Butler,Kendrick Perkins,Kevin Garnett,Paul Pierce,Rajon Rondo,Ray Allen,3,2:13,BOS,timeout,,,,,,,,,,,,,,,,short,,
Al Thornton,Baron Davis,Chris Kaman,Marcus Camby,Rasual Butler,Kendrick Perkins,Kevin Garnett,Paul Pierce,Rajon Rondo,Ray Allen,3,2:13,LAC,timeout,,,,,,,,,,,,,,,,regular,,
Al Thornton,Baron Davis,Chris Kaman,Marcus Camby,Rasual Butler,Kevin Garnett,Paul Pierce,Rajon Rondo,Rasheed Wallace,Ray Allen,3,2:13,BOS,sub,,,,Rasheed Wallace,,Kendrick Perkins,,,,,,,,,,,,
Al Thornton,Baron Davis,Chris Kaman,Marcus Camby,Rasual Butler,Glen Davis,Paul Pierce,Rajon Rondo,Rasheed Wallace,Ray Allen,3,2:13,BOS,sub,,,,Glen Davis,,Kevin Garnett,,,,,,,,,,,,
Baron Davis,Chris Kaman,Marcus Camby,Rasual Butler,Ricky Davis,Glen Davis,Paul Pierce,Rajon Rondo,Rasheed Wallace,Ray Allen,3,2:13,LAC,sub,,,,Ricky Davis,,Al Thornton,,,,,,,,,,,,
Chris Kaman,Marcus Camby,Mardy Collins,Rasual Butler,Ricky Davis,Glen Davis,Paul Pierce,Rajon Rondo,Rasheed Wallace,Ray Allen,3,2:13,LAC,sub,,,,Mardy Collins,,Baron Davis,,,,,,,,,,,,
Chris Kaman,Marcus Camby,Mardy Collins,Rasual Butler,Ricky Davis,Glen Davis,Paul Pierce,Rajon Rondo,Rasheed Wallace,Ray Allen,3,1:57,BOS,shot,,,,,,,,,,Rasheed Wallace,2,,,made,,jump,6,13
Chris Kaman,Marcus Camby,Mardy Collins,Rasual Butler,Ricky Davis,Glen Davis,Paul Pierce,Rajon Rondo,Rasheed Wallace,Ray Allen,3,1:42,LAC,turnover,,,,,,,,,,Mardy Collins,,,bad pass,,Ray Allen,,,
Chris Kaman,Marcus Camby,Mardy Collins,Rasual Butler,Ricky Davis,Glen Davis,Paul Pierce,Rajon Rondo,Rasheed Wallace,Ray Allen,3,1:38,BOS,turnover,,,,,,,,,,Paul Pierce,,,lost ball,,Marcus Camby,,,
Chris Kaman,Marcus Camby,Mardy Collins,Rasual Butler,Ricky Davis,Glen Davis,Paul Pierce,Rajon Rondo,Rasheed Wallace,Ray Allen,3,1:31,LAC,shot,,,,,,,,,,Chris Kaman,,,,missed,,layup,25,7
Chris Kaman,Marcus Camby,Mardy Collins,Rasual Butler,Ricky Davis,Glen Davis,Paul Pierce,Rajon Rondo,Rasheed Wallace,Ray Allen,3,1:30,LAC,rebound,,,,,,,,,,Chris Kaman,,,,,,off,,
Chris Kaman,Marcus Camby,Mardy Collins,Rasual Butler,Ricky Davis,Glen Davis,Paul Pierce,Rajon Rondo,Rasheed Wallace,Ray Allen,3,1:23,LAC,shot,Ricky Davis,,,,,,,,,Rasual Butler,3,,,made,,3pt,14,28
Chris Kaman,Marcus Camby,Mardy Collins,Rasual Butler,Ricky Davis,Glen Davis,Paul Pierce,Rajon Rondo,Rasheed Wallace,Ray Allen,3,0:53,BOS,shot,,,,,,,,,,Glen Davis,,,,missed,,jump,16,6
Chris Kaman,Marcus Camby,Mardy Collins,Rasual Butler,Ricky Davis,Glen Davis,Paul Pierce,Rajon Rondo,Rasheed Wallace,Ray Allen,3,0:53,LAC,rebound,,,,,,,,,,Marcus Camby,,,,,,def,,
Chris Kaman,Marcus Camby,Mardy Collins,Rasual Butler,Ricky Davis,Glen Davis,Paul Pierce,Rajon Rondo,Rasheed Wallace,Ray Allen,3,0:49,LAC,shot,,,,,,,,,,Ricky Davis,,,,missed,,jump,42,11
Chris Kaman,Marcus Camby,Mardy Collins,Rasual Butler,Ricky Davis,Glen Davis,Paul Pierce,Rajon Rondo,Rasheed Wallace,Ray Allen,3,0:47,BOS,rebound,,,,,,,,,,Glen Davis,,,,,,def,,
Chris Kaman,Marcus Camby,Mardy Collins,Rasual Butler,Ricky Davis,Glen Davis,Paul Pierce,Rajon Rondo,Rasheed Wallace,Ray Allen,3,0:37,BOS,shot,,,,,,,,,,Rasheed Wallace,,,,missed,,3pt,6,24
Chris Kaman,Marcus Camby,Mardy Collins,Rasual Butler,Ricky Davis,Glen Davis,Paul Pierce,Rajon Rondo,Rasheed Wallace,Ray Allen,3,0:35,LAC,rebound,,,,,,,,,,Mardy Collins,,,,,,def,,
Chris Kaman,Marcus Camby,Mardy Collins,Rasual Butler,Ricky Davis,Glen Davis,Paul Pierce,Rajon Rondo,Rasheed Wallace,Ray Allen,3,0:20,LAC,shot,,,,,,,,,,Marcus Camby,,,,missed,,jump,32,23
Chris Kaman,Marcus Camby,Mardy Collins,Rasual Butler,Ricky Davis,Glen Davis,Paul Pierce,Rajon Rondo,Rasheed Wallace,Ray Allen,3,0:19,BOS,rebound,,,,,,,,,,Rajon Rondo,,,,,,def,,
Chris Kaman,Marcus Camby,Mardy Collins,Rasual Butler,Ricky Davis,Glen Davis,Paul Pierce,Rajon Rondo,Rasheed Wallace,Ray Allen,3,0:03,LAC,foul,,,,,,,,Rajon Rondo,,Mardy Collins,,,,,,personal,,
Chris Kaman,Marcus Camby,Mardy Collins,Rasual Butler,Ricky Davis,Eddie House,Paul Pierce,Rajon Rondo,Rasheed Wallace,Ray Allen,3,0:03,BOS,sub,,,,Eddie House,,Glen Davis,,,,,,,,,,,,
JamesOn Curry,Marcus Camby,Mardy Collins,Rasual Butler,Ricky Davis,Eddie House,Paul Pierce,Rajon Rondo,Rasheed Wallace,Ray Allen,3,0:03,LAC,sub,,,,JamesOn Curry,,Chris Kaman,,,,,,,,,,,,
Craig Smith,DeAndre Jordan,Mardy Collins,Rasual Butler,Ricky Davis,Eddie House,Glen Davis,Rajon Rondo,Rasheed Wallace,Tony Allen,4,11:44,BOS,shot,Rajon Rondo,,,,,,,,,Rasheed Wallace,3,,,made,,3pt,48,6
Craig Smith,DeAndre Jordan,Mardy Collins,Rasual Butler,Ricky Davis,Eddie House,Glen Davis,Rajon Rondo,Rasheed Wallace,Tony Allen,4,11:29,LAC,shot,,,,,,,,,,Mardy Collins,2,,,made,,turnaround jump,16,10
Craig Smith,DeAndre Jordan,Mardy Collins,Rasual Butler,Ricky Davis,Eddie House,Glen Davis,Rajon Rondo,Rasheed Wallace,Tony Allen,4,11:04,BOS,shot,Rajon Rondo,,,,,,,,,Tony Allen,2,,,made,,layup,26,7
Craig Smith,DeAndre Jordan,Mardy Collins,Rasual Butler,Ricky Davis,Eddie House,Glen Davis,Rajon Rondo,Rasheed Wallace,Tony Allen,4,10:52,LAC,turnover,,,,,,,,,,Mardy Collins,,,bad pass,,Tony Allen,,,
Craig Smith,DeAndre Jordan,Mardy Collins,Rasual Butler,Ricky Davis,Eddie House,Glen Davis,Rajon Rondo,Rasheed Wallace,Tony Allen,4,10:49,BOS,shot,,,,,,,,,,Tony Allen,2,,,made,,driving layup,25,7
Craig Smith,DeAndre Jordan,Mardy Collins,Rasual Butler,Ricky Davis,Eddie House,Glen Davis,Rajon Rondo,Rasheed Wallace,Tony Allen,4,10:25,BOS,foul,,,,,,,,Ricky Davis,,Eddie House,,,,,,shooting,,
Craig Smith,DeAndre Jordan,Mardy Collins,Rasual Butler,Ricky Davis,Eddie House,Glen Davis,Rajon Rondo,Rasheed Wallace,Tony Allen,4,10:25,LAC,free throw,,,,,,,1,,2,Ricky Davis,,,foul,made,,,,
Craig Smith,DeAndre Jordan,Mardy Collins,Rasual Butler,Ricky Davis,Eddie House,Glen Davis,Rajon Rondo,Rasheed Wallace,Tony Allen,4,10:25,LAC,free throw,,,,,,,2,,2,Ricky Davis,,,foul,made,,,,
Craig Smith,DeAndre Jordan,Mardy Collins,Rasual Butler,Ricky Davis,Eddie House,Glen Davis,Rajon Rondo,Rasheed Wallace,Tony Allen,4,10:09,BOS,shot,,,,,,,,,,Rasheed Wallace,,,,missed,,jump,31,11
Craig Smith,DeAndre Jordan,Mardy Collins,Rasual Butler,Ricky Davis,Eddie House,Glen Davis,Rajon Rondo,Rasheed Wallace,Tony Allen,4,10:08,LAC,rebound,,,,,,,,,,DeAndre Jordan,,,,,,def,,
Craig Smith,DeAndre Jordan,Mardy Collins,Rasual Butler,Ricky Davis,Eddie House,Glen Davis,Rajon Rondo,Rasheed Wallace,Tony Allen,4,10:06,LAC,turnover,,,,,,,,,,DeAndre Jordan,,,bad pass,,Rajon Rondo,,,
Craig Smith,DeAndre Jordan,Mardy Collins,Rasual Butler,Ricky Davis,Eddie House,Glen Davis,Rajon Rondo,Rasheed Wallace,Tony Allen,4,10:01,BOS,shot,,,,,,,,,,Eddie House,,,,missed,,jump,46,13
Craig Smith,DeAndre Jordan,Mardy Collins,Rasual Butler,Ricky Davis,Eddie House,Glen Davis,Rajon Rondo,Rasheed Wallace,Tony Allen,4,9:59,LAC,rebound,,,,,,,,,,Ricky Davis,,,,,,def,,
Craig Smith,DeAndre Jordan,Mardy Collins,Rasual Butler,Ricky Davis,Eddie House,Glen Davis,Rajon Rondo,Rasheed Wallace,Tony Allen,4,9:52,LAC,turnover,,,,,,,,,,Ricky Davis,,,lost ball,,Rasheed Wallace,,,
Craig Smith,DeAndre Jordan,Mardy Collins,Rasual Butler,Ricky Davis,Eddie House,Glen Davis,Rajon Rondo,Rasheed Wallace,Tony Allen,4,9:47,LAC,foul,,,,,,,,Tony Allen,,Craig Smith,,,,,,shooting,,
Craig Smith,DeAndre Jordan,Mardy Collins,Rasual Butler,Ricky Davis,Eddie House,Glen Davis,Rajon Rondo,Rasheed Wallace,Tony Allen,4,9:47,BOS,free throw,,,,,,,1,,2,Tony Allen,,,foul,missed,,,,
Craig Smith,DeAndre Jordan,Mardy Collins,Rasual Butler,Ricky Davis,Eddie House,Glen Davis,Rajon Rondo,Rasheed Wallace,Tony Allen,4,9:47,BOS,rebound,,,,,,,,,,,,,,,,,,
Craig Smith,DeAndre Jordan,Mardy Collins,Rasual Butler,Ricky Davis,Eddie House,Glen Davis,Rajon Rondo,Rasheed Wallace,Tony Allen,4,9:47,BOS,free throw,,,,,,,2,,2,Tony Allen,,,foul,missed,,,,
Craig Smith,DeAndre Jordan,Mardy Collins,Rasual Butler,Ricky Davis,Eddie House,Glen Davis,Rajon Rondo,Rasheed Wallace,Tony Allen,4,9:47,LAC,rebound,,,,,,,,,,Ricky Davis,,,,,,def,,
Craig Smith,DeAndre Jordan,Mardy Collins,Rasual Butler,Ricky Davis,Eddie House,Glen Davis,Rajon Rondo,Rasheed Wallace,Tony Allen,4,9:24,LAC,shot,,,,,,,,,,Rasual Butler,,,,missed,,jump,25,11
Craig Smith,DeAndre Jordan,Mardy Collins,Rasual Butler,Ricky Davis,Eddie House,Glen Davis,Rajon Rondo,Rasheed Wallace,Tony Allen,4,9:21,BOS,rebound,,,,,,,,,,Glen Davis,,,,,,def,,
Craig Smith,DeAndre Jordan,Mardy Collins,Rasual Butler,Ricky Davis,Eddie House,Glen Davis,Rajon Rondo,Rasheed Wallace,Tony Allen,4,8:57,BOS,shot,,,,,,,,,,Rajon Rondo,,,,missed,,3pt,48,16
Craig Smith,DeAndre Jordan,Mardy Collins,Rasual Butler,Ricky Davis,Eddie House,Glen Davis,Rajon Rondo,Rasheed Wallace,Tony Allen,4,8:56,LAC,rebound,,,,,,,,,,Ricky Davis,,,,,,def,,
Craig Smith,DeAndre Jordan,Mardy Collins,Rasual Butler,Ricky Davis,Eddie House,Glen Davis,Rajon Rondo,Rasheed Wallace,Tony Allen,4,8:41,LAC,shot,Rasual Butler,,,,,,,,,Craig Smith,2,,,made,,fade away jumper,26,11
Craig Smith,DeAndre Jordan,Mardy Collins,Rasual Butler,Ricky Davis,Eddie House,Glen Davis,Rajon Rondo,Rasheed Wallace,Tony Allen,4,8:20,BOS,shot,,,,,,,,,,Tony Allen,,,,missed,,jump,21,8
Craig Smith,DeAndre Jordan,Mardy Collins,Rasual Butler,Ricky Davis,Eddie House,Glen Davis,Rajon Rondo,Rasheed Wallace,Tony Allen,4,8:19,BOS,rebound,,,,,,,,,,Tony Allen,,,,,,off,,
Craig Smith,DeAndre Jordan,Mardy Collins,Rasual Butler,Ricky Davis,Eddie House,Glen Davis,Rajon Rondo,Rasheed Wallace,Tony Allen,4,8:18,LAC,foul,,,,,,,,Tony Allen,,DeAndre Jordan,,,,,,shooting,,
Craig Smith,DeAndre Jordan,Mardy Collins,Rasual Butler,Ricky Davis,Eddie House,Glen Davis,Rajon Rondo,Rasheed Wallace,Tony Allen,4,8:18,BOS,timeout,,,,,,,,,,,,,,,,official,,
Craig Smith,DeAndre Jordan,Mardy Collins,Rasual Butler,Ricky Davis,Eddie House,Glen Davis,Rajon Rondo,Rasheed Wallace,Tony Allen,4,8:18,BOS,free throw,,,,,,,1,,2,Tony Allen,,,foul,made,,,,
Craig Smith,DeAndre Jordan,Mardy Collins,Rasual Butler,Ricky Davis,Eddie House,Glen Davis,Rajon Rondo,Rasheed Wallace,Tony Allen,4,8:18,BOS,free throw,,,,,,,2,,2,Tony Allen,,,foul,missed,,,,
Craig Smith,DeAndre Jordan,Mardy Collins,Rasual Butler,Ricky Davis,Eddie House,Glen Davis,Rajon Rondo,Rasheed Wallace,Tony Allen,4,8:18,LAC,rebound,,,,,,,,,,Craig Smith,,,,,,def,,
Craig Smith,DeAndre Jordan,Mardy Collins,Rasual Butler,Ricky Davis,Eddie House,Glen Davis,Rajon Rondo,Rasheed Wallace,Tony Allen,4,7:57,BOS,foul,,,,,,,,Craig Smith,,Tony Allen,,,,,,shooting,,
Chris Kaman,Craig Smith,Mardy Collins,Rasual Butler,Ricky Davis,Eddie House,Glen Davis,Rajon Rondo,Rasheed Wallace,Tony Allen,4,7:57,LAC,sub,,,,Chris Kaman,,DeAndre Jordan,,,,,,,,,,,,
Chris Kaman,Craig Smith,Mardy Collins,Rasual Butler,Ricky Davis,Eddie House,Glen Davis,Rajon Rondo,Rasheed Wallace,Tony Allen,4,7:57,LAC,free throw,,,,,,,1,,2,Craig Smith,,,foul,made,,,,
Chris Kaman,Craig Smith,Mardy Collins,Rasual Butler,Ricky Davis,Eddie House,Glen Davis,Rajon Rondo,Rasheed Wallace,Tony Allen,4,7:57,LAC,free throw,,,,,,,2,,2,Craig Smith,,,foul,made,,,,
Chris Kaman,Craig Smith,Mardy Collins,Rasual Butler,Ricky Davis,Eddie House,Glen Davis,Rajon Rondo,Rasheed Wallace,Tony Allen,4,7:41,BOS,shot,,,,,,,,,,Rajon Rondo,2,,,made,,driving layup,25,9
Chris Kaman,Craig Smith,Mardy Collins,Rasual Butler,Ricky Davis,Eddie House,Glen Davis,Rajon Rondo,Rasheed Wallace,Tony Allen,4,7:23,LAC,shot,,,,,,,,,,Mardy Collins,,,,missed,,jump,40,19
Chris Kaman,Craig Smith,Mardy Collins,Rasual Butler,Ricky Davis,Eddie House,Glen Davis,Rajon Rondo,Rasheed Wallace,Tony Allen,4,7:22,BOS,rebound,,,,,,,,,,Rajon Rondo,,,,,,def,,
Chris Kaman,Craig Smith,Mardy Collins,Rasual Butler,Ricky Davis,Eddie House,Glen Davis,Rajon Rondo,Rasheed Wallace,Tony Allen,4,7:18,LAC,foul,,,,,,,,Rajon Rondo,,Ricky Davis,,,,,,shooting,,
Chris Kaman,Craig Smith,Mardy Collins,Rasual Butler,Ricky Davis,Eddie House,Glen Davis,Paul Pierce,Rajon Rondo,Rasheed Wallace,4,7:18,BOS,sub,,,,Paul Pierce,,Tony Allen,,,,,,,,,,,,
Chris Kaman,Craig Smith,Mardy Collins,Rasual Butler,Ricky Davis,Eddie House,Glen Davis,Paul Pierce,Rajon Rondo,Rasheed Wallace,4,7:18,BOS,free throw,,,,,,,1,,2,Rajon Rondo,,,foul,missed,,,,
Chris Kaman,Craig Smith,Mardy Collins,Rasual Butler,Ricky Davis,Eddie House,Glen Davis,Paul Pierce,Rajon Rondo,Rasheed Wallace,4,7:18,BOS,rebound,,,,,,,,,,,,,,,,,,
Baron Davis,Chris Kaman,Craig Smith,Rasual Butler,Ricky Davis,Eddie House,Glen Davis,Paul Pierce,Rajon Rondo,Rasheed Wallace,4,7:18,LAC,sub,,,,Baron Davis,,Mardy Collins,,,,,,,,,,,,
Baron Davis,Chris Kaman,Craig Smith,Rasual Butler,Ricky Davis,Eddie House,Glen Davis,Paul Pierce,Rajon Rondo,Rasheed Wallace,4,7:18,BOS,free throw,,,,,,,2,,2,Rajon Rondo,,,foul,made,,,,
Baron Davis,Chris Kaman,Craig Smith,Rasual Butler,Ricky Davis,Eddie House,Glen Davis,Paul Pierce,Rajon Rondo,Rasheed Wallace,4,7:04,BOS,foul,,,,,,,,Craig Smith,,Glen Davis,,,,,,shooting,,
Baron Davis,Chris Kaman,Craig Smith,Rasual Butler,Ricky Davis,Eddie House,Glen Davis,Paul Pierce,Rajon Rondo,Rasheed Wallace,4,7:04,LAC,free throw,,,,,,,1,,2,Craig Smith,,,foul,made,,,,
Baron Davis,Chris Kaman,Craig Smith,Rasual Butler,Ricky Davis,Eddie House,Glen Davis,Paul Pierce,Rajon Rondo,Rasheed Wallace,4,7:04,LAC,free throw,,,,,,,2,,2,Craig Smith,,,foul,missed,,,,
Baron Davis,Chris Kaman,Craig Smith,Rasual Butler,Ricky Davis,Eddie House,Glen Davis,Paul Pierce,Rajon Rondo,Rasheed Wallace,4,7:03,BOS,rebound,,,,,,,,,,Rasheed Wallace,,,,,,def,,
Baron Davis,Chris Kaman,Craig Smith,Rasual Butler,Ricky Davis,Eddie House,Glen Davis,Paul Pierce,Rajon Rondo,Rasheed Wallace,4,6:54,LAC,violation,,,,,,,,,,Ricky Davis,,,,,,kicked ball,,
Baron Davis,Chris Kaman,Craig Smith,Rasual Butler,Ricky Davis,Eddie House,Glen Davis,Paul Pierce,Rajon Rondo,Rasheed Wallace,4,6:42,BOS,shot,,,,,,,,,,Rasheed Wallace,,,,missed,,3pt,23,31
Baron Davis,Chris Kaman,Craig Smith,Rasual Butler,Ricky Davis,Eddie House,Glen Davis,Paul Pierce,Rajon Rondo,Rasheed Wallace,4,6:41,LAC,rebound,,,,,,,,,,Baron Davis,,,,,,def,,
Baron Davis,Chris Kaman,Craig Smith,Rasual Butler,Ricky Davis,Eddie House,Glen Davis,Paul Pierce,Rajon Rondo,Rasheed Wallace,4,6:37,BOS,foul,,,,,,,,Craig Smith,,Rasheed Wallace,,,,,,shooting,,
Baron Davis,Chris Kaman,Craig Smith,Rasual Butler,Ricky Davis,Eddie House,Glen Davis,Paul Pierce,Rajon Rondo,Rasheed Wallace,4,6:37,LAC,free throw,,,,,,,1,,2,Craig Smith,,,foul,missed,,,,
Baron Davis,Chris Kaman,Craig Smith,Rasual Butler,Ricky Davis,Eddie House,Glen Davis,Paul Pierce,Rajon Rondo,Rasheed Wallace,4,6:37,LAC,rebound,,,,,,,,,,,,,,,,,,
Baron Davis,Chris Kaman,Craig Smith,Rasual Butler,Ricky Davis,Eddie House,Kendrick Perkins,Paul Pierce,Rajon Rondo,Rasheed Wallace,4,6:37,BOS,sub,,,,Kendrick Perkins,,Glen Davis,,,,,,,,,,,,
Baron Davis,Chris Kaman,Craig Smith,Rasual Butler,Ricky Davis,Eddie House,Kendrick Perkins,Paul Pierce,Rajon Rondo,Rasheed Wallace,4,6:37,LAC,free throw,,,,,,,2,,2,Craig Smith,,,foul,made,,,,
Baron Davis,Chris Kaman,Craig Smith,Rasual Butler,Ricky Davis,Eddie House,Kendrick Perkins,Paul Pierce,Rajon Rondo,Rasheed Wallace,4,6:25,LAC,foul,,,,,,,,Paul Pierce,,Craig Smith,,,,,,shooting,,
Baron Davis,Chris Kaman,Craig Smith,Rasual Butler,Ricky Davis,Kendrick Perkins,Paul Pierce,Rajon Rondo,Rasheed Wallace,Ray Allen,4,6:25,BOS,sub,,,,Ray Allen,,Eddie House,,,,,,,,,,,,
Baron Davis,Chris Kaman,Craig Smith,Rasual Butler,Ricky Davis,Kendrick Perkins,Paul Pierce,Rajon Rondo,Rasheed Wallace,Ray Allen,4,6:25,BOS,free throw,,,,,,,1,,2,Paul Pierce,,,foul,made,,,,
Baron Davis,Chris Kaman,Craig Smith,Rasual Butler,Ricky Davis,Kendrick Perkins,Paul Pierce,Rajon Rondo,Rasheed Wallace,Ray Allen,4,6:25,BOS,free throw,,,,,,,2,,2,Paul Pierce,,,foul,made,,,,
Baron Davis,Chris Kaman,Craig Smith,Rasual Butler,Ricky Davis,Kendrick Perkins,Paul Pierce,Rajon Rondo,Rasheed Wallace,Ray Allen,4,6:11,LAC,shot,Rasual Butler,,,,,,,,,Craig Smith,2,,,made,,layup,26,7
Baron Davis,Chris Kaman,Craig Smith,Rasual Butler,Ricky Davis,Kendrick Perkins,Paul Pierce,Rajon Rondo,Rasheed Wallace,Ray Allen,4,5:59,BOS,shot,,,,,,,,,,Kendrick Perkins,,,,missed,,jump,32,18
Baron Davis,Chris Kaman,Craig Smith,Rasual Butler,Ricky Davis,Kendrick Perkins,Paul Pierce,Rajon Rondo,Rasheed Wallace,Ray Allen,4,5:58,LAC,rebound,,,,,,,,,,Ricky Davis,,,,,,def,,
Baron Davis,Chris Kaman,Craig Smith,Rasual Butler,Ricky Davis,Kendrick Perkins,Paul Pierce,Rajon Rondo,Rasheed Wallace,Ray Allen,4,5:43,LAC,shot,,,,,,,,,,Craig Smith,2,,,made,,driving layup,24,7
Baron Davis,Chris Kaman,Craig Smith,Rasual Butler,Ricky Davis,Kendrick Perkins,Paul Pierce,Rajon Rondo,Rasheed Wallace,Ray Allen,4,5:17,LAC,foul,,,,,,,,Kendrick Perkins,,Craig Smith,,,,,,shooting,,
Baron Davis,Chris Kaman,Craig Smith,Rasual Butler,Ricky Davis,Kendrick Perkins,Paul Pierce,Rajon Rondo,Rasheed Wallace,Ray Allen,4,5:17,BOS,timeout,,,,,,,,,,,,,,,,regular,,
Baron Davis,Chris Kaman,Craig Smith,Rasual Butler,Ricky Davis,Kendrick Perkins,Kevin Garnett,Paul Pierce,Rajon Rondo,Ray Allen,4,5:17,BOS,sub,,,,Kevin Garnett,,Rasheed Wallace,,,,,,,,,,,,
Baron Davis,Chris Kaman,Craig Smith,Rasual Butler,Ricky Davis,Kendrick Perkins,Kevin Garnett,Paul Pierce,Rajon Rondo,Ray Allen,4,5:17,BOS,free throw,,,,,,,1,,2,Kendrick Perkins,,,foul,missed,,,,
Baron Davis,Chris Kaman,Craig Smith,Rasual Butler,Ricky Davis,Kendrick Perkins,Kevin Garnett,Paul Pierce,Rajon Rondo,Ray Allen,4,5:17,BOS,rebound,,,,,,,,,,,,,,,,,,
Baron Davis,Chris Kaman,Craig Smith,Rasual Butler,Ricky Davis,Kendrick Perkins,Kevin Garnett,Paul Pierce,Rajon Rondo,Ray Allen,4,5:17,BOS,free throw,,,,,,,2,,2,Kendrick Perkins,,,foul,missed,,,,
Baron Davis,Chris Kaman,Craig Smith,Rasual Butler,Ricky Davis,Kendrick Perkins,Kevin Garnett,Paul Pierce,Rajon Rondo,Ray Allen,4,5:17,BOS,rebound,,,,,,,,,,Ray Allen,,,,,,off,,
Baron Davis,Chris Kaman,Craig Smith,Rasual Butler,Ricky Davis,Kendrick Perkins,Kevin Garnett,Paul Pierce,Rajon Rondo,Ray Allen,4,5:11,BOS,shot,Ray Allen,,,,,,,,,Paul Pierce,3,,,made,,3pt,27,31
Baron Davis,Chris Kaman,Craig Smith,Rasual Butler,Ricky Davis,Kendrick Perkins,Kevin Garnett,Paul Pierce,Rajon Rondo,Ray Allen,4,4:52,LAC,shot,,,,,,,,,,Chris Kaman,,,,missed,,jump,35,18
Baron Davis,Chris Kaman,Craig Smith,Rasual Butler,Ricky Davis,Kendrick Perkins,Kevin Garnett,Paul Pierce,Rajon Rondo,Ray Allen,4,4:51,LAC,rebound,,,,,,,,,,Craig Smith,,,,,,off,,
Baron Davis,Chris Kaman,Craig Smith,Rasual Butler,Ricky Davis,Kendrick Perkins,Kevin Garnett,Paul Pierce,Rajon Rondo,Ray Allen,4,4:50,BOS,foul,,,,,,,,Craig Smith,,Paul Pierce,,,,,,shooting,,
Baron Davis,Chris Kaman,Craig Smith,Rasual Butler,Ricky Davis,Kendrick Perkins,Kevin Garnett,Paul Pierce,Rajon Rondo,Ray Allen,4,4:50,LAC,free throw,,,,,,,1,,2,Craig Smith,,,foul,made,,,,
Baron Davis,Chris Kaman,Craig Smith,Rasual Butler,Ricky Davis,Kendrick Perkins,Kevin Garnett,Paul Pierce,Rajon Rondo,Ray Allen,4,4:50,LAC,free throw,,,,,,,2,,2,Craig Smith,,,foul,missed,,,,
Baron Davis,Chris Kaman,Craig Smith,Rasual Butler,Ricky Davis,Kendrick Perkins,Kevin Garnett,Paul Pierce,Rajon Rondo,Ray Allen,4,4:50,BOS,rebound,,,,,,,,,,Kendrick Perkins,,,,,,def,,
Baron Davis,Chris Kaman,Craig Smith,Rasual Butler,Ricky Davis,Kendrick Perkins,Kevin Garnett,Paul Pierce,Rajon Rondo,Ray Allen,4,4:25,BOS,shot,,,,,,,,,,Ray Allen,,,,missed,,3pt,12,28
Baron Davis,Chris Kaman,Craig Smith,Rasual Butler,Ricky Davis,Kendrick Perkins,Kevin Garnett,Paul Pierce,Rajon Rondo,Ray Allen,4,4:24,LAC,rebound,,,,,,,,,,Baron Davis,,,,,,def,,
Baron Davis,Chris Kaman,Craig Smith,Rasual Butler,Ricky Davis,Kendrick Perkins,Kevin Garnett,Paul Pierce,Rajon Rondo,Ray Allen,4,4:17,LAC,shot,,,,,,,,,,Baron Davis,2,,,made,,driving layup,26,6
Baron Davis,Chris Kaman,Craig Smith,Rasual Butler,Ricky Davis,Kendrick Perkins,Kevin Garnett,Paul Pierce,Rajon Rondo,Ray Allen,4,3:55,BOS,shot,,,,,,,,,,Kevin Garnett,2,,,made,,jump,18,19
Baron Davis,Chris Kaman,Craig Smith,Rasual Butler,Ricky Davis,Kendrick Perkins,Kevin Garnett,Paul Pierce,Rajon Rondo,Ray Allen,4,3:42,LAC,shot,,,,,,,,,,Chris Kaman,,,,missed,,layup,26,6
Baron Davis,Chris Kaman,Craig Smith,Rasual Butler,Ricky Davis,Kendrick Perkins,Kevin Garnett,Paul Pierce,Rajon Rondo,Ray Allen,4,3:42,BOS,rebound,,,,,,,,,,Rajon Rondo,,,,,,def,,
Baron Davis,Chris Kaman,Craig Smith,Rasual Butler,Ricky Davis,Kendrick Perkins,Kevin Garnett,Paul Pierce,Rajon Rondo,Ray Allen,4,3:40,LAC,foul,,,,,,,,Rajon Rondo,,Ricky Davis,,,,,,personal,,
Baron Davis,Chris Kaman,Craig Smith,Rasual Butler,Ricky Davis,Kendrick Perkins,Kevin Garnett,Paul Pierce,Rajon Rondo,Ray Allen,4,3:40,BOS,free throw,,,,,,,1,,2,Rajon Rondo,,,foul,missed,,,,
Baron Davis,Chris Kaman,Craig Smith,Rasual Butler,Ricky Davis,Kendrick Perkins,Kevin Garnett,Paul Pierce,Rajon Rondo,Ray Allen,4,3:40,BOS,rebound,,,,,,,,,,,,,,,,,,
Baron Davis,Chris Kaman,Craig Smith,Rasual Butler,Ricky Davis,Kendrick Perkins,Kevin Garnett,Paul Pierce,Rajon Rondo,Ray Allen,4,3:40,BOS,free throw,,,,,,,2,,2,Rajon Rondo,,,foul,made,,,,
Baron Davis,Chris Kaman,Craig Smith,Rasual Butler,Ricky Davis,Kendrick Perkins,Kevin Garnett,Paul Pierce,Rajon Rondo,Ray Allen,4,3:20,LAC,shot,,,,,,,,,,Craig Smith,,,,missed,,reverse layup,23,6
Baron Davis,Chris Kaman,Craig Smith,Rasual Butler,Ricky Davis,Kendrick Perkins,Kevin Garnett,Paul Pierce,Rajon Rondo,Ray Allen,4,3:19,BOS,rebound,,,,,,,,,,Kendrick Perkins,,,,,,def,,
Baron Davis,Chris Kaman,Craig Smith,Rasual Butler,Ricky Davis,Kendrick Perkins,Kevin Garnett,Paul Pierce,Rajon Rondo,Ray Allen,4,2:58,BOS,shot,,,,,,,,,,Paul Pierce,,,,missed,,jump,37,16
Baron Davis,Chris Kaman,Craig Smith,Rasual Butler,Ricky Davis,Kendrick Perkins,Kevin Garnett,Paul Pierce,Rajon Rondo,Ray Allen,4,2:57,LAC,rebound,,,,,,,,,,Craig Smith,,,,,,def,,
Baron Davis,Chris Kaman,Craig Smith,Rasual Butler,Ricky Davis,Kendrick Perkins,Kevin Garnett,Paul Pierce,Rajon Rondo,Ray Allen,4,2:52,LAC,turnover,,,,,,,,,,Baron Davis,,,bad pass,,,,,
Baron Davis,Chris Kaman,Craig Smith,Rasual Butler,Ricky Davis,Kendrick Perkins,Kevin Garnett,Paul Pierce,Rajon Rondo,Ray Allen,4,2:52,LAC,timeout,,,,,,,,,,,,,,,,regular,,
Baron Davis,Chris Kaman,Craig Smith,Rasual Butler,Ricky Davis,Kendrick Perkins,Kevin Garnett,Paul Pierce,Rajon Rondo,Ray Allen,4,2:33,BOS,shot,,,,,,,,,,Kendrick Perkins,,,,missed,,jump,17,12
Baron Davis,Chris Kaman,Craig Smith,Rasual Butler,Ricky Davis,Kendrick Perkins,Kevin Garnett,Paul Pierce,Rajon Rondo,Ray Allen,4,2:32,LAC,rebound,,,,,,,,,,Chris Kaman,,,,,,def,,
Baron Davis,Chris Kaman,Craig Smith,Rasual Butler,Ricky Davis,Kendrick Perkins,Kevin Garnett,Paul Pierce,Rajon Rondo,Ray Allen,4,2:22,LAC,shot,,,,,,,,,,Chris Kaman,,,,missed,,jump,13,6
Baron Davis,Chris Kaman,Craig Smith,Rasual Butler,Ricky Davis,Kendrick Perkins,Kevin Garnett,Paul Pierce,Rajon Rondo,Ray Allen,4,2:21,BOS,rebound,,,,,,,,,,Kendrick Perkins,,,,,,def,,
Baron Davis,Chris Kaman,Craig Smith,Rasual Butler,Ricky Davis,Kendrick Perkins,Kevin Garnett,Paul Pierce,Rajon Rondo,Ray Allen,4,2:06,LAC,foul,,,,,,,,Kevin Garnett,,Chris Kaman,,,,,,shooting,,
Baron Davis,Chris Kaman,Craig Smith,Rasual Butler,Ricky Davis,Kendrick Perkins,Kevin Garnett,Paul Pierce,Rajon Rondo,Ray Allen,4,2:06,BOS,free throw,,,,,,,1,,2,Kevin Garnett,,,foul,missed,,,,
Baron Davis,Chris Kaman,Craig Smith,Rasual Butler,Ricky Davis,Kendrick Perkins,Kevin Garnett,Paul Pierce,Rajon Rondo,Ray Allen,4,2:06,BOS,rebound,,,,,,,,,,,,,,,,,,
Baron Davis,Chris Kaman,Craig Smith,Rasual Butler,Ricky Davis,Kendrick Perkins,Kevin Garnett,Paul Pierce,Rajon Rondo,Ray Allen,4,2:06,BOS,free throw,,,,,,,2,,2,Kevin Garnett,,,foul,made,,,,
Baron Davis,Chris Kaman,Craig Smith,Rasual Butler,Ricky Davis,Kendrick Perkins,Kevin Garnett,Paul Pierce,Rajon Rondo,Ray Allen,4,1:45,LAC,shot,,,,,,,,,,Craig Smith,,,,missed,,layup,24,7
Baron Davis,Chris Kaman,Craig Smith,Rasual Butler,Ricky Davis,Kendrick Perkins,Kevin Garnett,Paul Pierce,Rajon Rondo,Ray Allen,4,1:44,BOS,rebound,,,,,,,,,,Kendrick Perkins,,,,,,def,,
Baron Davis,Chris Kaman,Craig Smith,Rasual Butler,Ricky Davis,Kendrick Perkins,Kevin Garnett,Paul Pierce,Rajon Rondo,Ray Allen,4,1:28,BOS,turnover,,,,,,,,,,Ray Allen,,,lost ball,,Baron Davis,,,
Baron Davis,Chris Kaman,Craig Smith,Rasual Butler,Ricky Davis,Kendrick Perkins,Kevin Garnett,Paul Pierce,Rajon Rondo,Ray Allen,4,1:25,LAC,shot,,,,,,,,,,Rasual Butler,2,,,made,,dunk,24,6
Baron Davis,Chris Kaman,Craig Smith,Rasual Butler,Ricky Davis,Kendrick Perkins,Kevin Garnett,Paul Pierce,Rajon Rondo,Ray Allen,4,1:04,BOS,shot,Rajon Rondo,,,,,,,,,Kevin Garnett,2,,,made,,layup,23,6
Baron Davis,Chris Kaman,Craig Smith,Rasual Butler,Ricky Davis,Kendrick Perkins,Kevin Garnett,Paul Pierce,Rajon Rondo,Ray Allen,4,0:59,BOS,foul,,,,,,,,Baron Davis,,Kendrick Perkins,,,,,,personal,,
Baron Davis,Chris Kaman,Craig Smith,Rasual Butler,Ricky Davis,Kendrick Perkins,Kevin Garnett,Paul Pierce,Rajon Rondo,Ray Allen,4,0:59,LAC,free throw,,,,,,,1,,2,Baron Davis,,,foul,made,,,,
Baron Davis,Chris Kaman,Craig Smith,Rasual Butler,Ricky Davis,Kendrick Perkins,Kevin Garnett,Paul Pierce,Rajon Rondo,Ray Allen,4,0:59,LAC,free throw,,,,,,,2,,2,Baron Davis,,,foul,made,,,,
Baron Davis,Chris Kaman,Craig Smith,Rasual Butler,Ricky Davis,Kendrick Perkins,Kevin Garnett,Paul Pierce,Rajon Rondo,Ray Allen,4,0:43,BOS,shot,,,Rasual Butler,,,,,,,Paul Pierce,,,,missed,,jump,18,21
Baron Davis,Chris Kaman,Craig Smith,Rasual Butler,Ricky Davis,Kendrick Perkins,Kevin Garnett,Paul Pierce,Rajon Rondo,Ray Allen,4,0:41,LAC,rebound,,,,,,,,,,Rasual Butler,,,,,,def,,
Baron Davis,Chris Kaman,Craig Smith,Rasual Butler,Ricky Davis,Kendrick Perkins,Kevin Garnett,Paul Pierce,Rajon Rondo,Ray Allen,4,0:38,LAC,timeout,,,,,,,,,,,,,,,,short,,
Baron Davis,Chris Kaman,Craig Smith,Rasual Butler,Ricky Davis,Kendrick Perkins,Kevin Garnett,Paul Pierce,Rajon Rondo,Ray Allen,4,0:37,LAC,turnover,,,,,,,,,,Rasual Butler,,,step out of bounds turnover,,,,,
Baron Davis,Chris Kaman,Craig Smith,Rasual Butler,Ricky Davis,Kendrick Perkins,Kevin Garnett,Paul Pierce,Rajon Rondo,Ray Allen,4,0:34,LAC,foul,,,,,,,,Kevin Garnett,,Craig Smith,,,,,,personal,,
Baron Davis,Chris Kaman,Craig Smith,Rasual Butler,Ricky Davis,Kendrick Perkins,Kevin Garnett,Paul Pierce,Rajon Rondo,Ray Allen,4,0:34,BOS,free throw,,,,,,,1,,2,Kevin Garnett,,,foul,made,,,,
Baron Davis,Chris Kaman,Craig Smith,Rasual Butler,Ricky Davis,Kendrick Perkins,Kevin Garnett,Paul Pierce,Rajon Rondo,Ray Allen,4,0:34,BOS,free throw,,,,,,,2,,2,Kevin Garnett,,,foul,made,,,,
Baron Davis,Chris Kaman,Craig Smith,Rasual Butler,Ricky Davis,Kendrick Perkins,Kevin Garnett,Paul Pierce,Rajon Rondo,Ray Allen,4,0:34,LAC,timeout,,,,,,,,,,,,,,,,regular,,
Baron Davis,Chris Kaman,Rasual Butler,Ricky Davis,Steve Novak,Kendrick Perkins,Kevin Garnett,Paul Pierce,Rajon Rondo,Ray Allen,4,0:34,LAC,sub,,,,Steve Novak,,Craig Smith,,,,,,,,,,,,
Baron Davis,Chris Kaman,Rasual Butler,Ricky Davis,Steve Novak,Kendrick Perkins,Kevin Garnett,Paul Pierce,Rajon Rondo,Ray Allen,4,0:31,LAC,shot,Steve Novak,,,,,,,,,Ricky Davis,3,,,made,,3pt,36,30
Baron Davis,Chris Kaman,Rasual Butler,Ricky Davis,Steve Novak,Kendrick Perkins,Kevin Garnett,Paul Pierce,Rajon Rondo,Ray Allen,4,0:29,LAC,foul,,,,,,,,Ray Allen,,Baron Davis,,,,,,personal,,
Baron Davis,Chris Kaman,Rasual Butler,Ricky Davis,Steve Novak,Kendrick Perkins,Kevin Garnett,Paul Pierce,Rajon Rondo,Ray Allen,4,0:29,BOS,free throw,,,,,,,1,,2,Ray Allen,,,foul,made,,,,
Baron Davis,Chris Kaman,Rasual Butler,Ricky Davis,Steve Novak,Kendrick Perkins,Kevin Garnett,Paul Pierce,Rajon Rondo,Ray Allen,4,0:29,BOS,free throw,,,,,,,2,,2,Ray Allen,,,foul,made,,,,
Baron Davis,Chris Kaman,Rasual Butler,Ricky Davis,Steve Novak,Kendrick Perkins,Kevin Garnett,Paul Pierce,Rajon Rondo,Ray Allen,4,0:20,LAC,shot,Ricky Davis,,,,,,,,,Rasual Butler,3,,,made,,3pt,47,6
Baron Davis,Chris Kaman,Rasual Butler,Ricky Davis,Steve Novak,Kendrick Perkins,Kevin Garnett,Paul Pierce,Rajon Rondo,Ray Allen,4,0:19,LAC,foul,,,,,,,,Paul Pierce,,Baron Davis,,,,,,personal,,
Baron Davis,Chris Kaman,Rasual Butler,Ricky Davis,Steve Novak,Kendrick Perkins,Kevin Garnett,Paul Pierce,Rajon Rondo,Ray Allen,4,0:19,BOS,free throw,,,,,,,1,,2,Paul Pierce,,,foul,made,,,,
Baron Davis,Chris Kaman,Rasual Butler,Ricky Davis,Steve Novak,Kendrick Perkins,Kevin Garnett,Paul Pierce,Rajon Rondo,Ray Allen,4,0:19,BOS,free throw,,,,,,,2,,2,Paul Pierce,,,foul,made,,,,
Baron Davis,Chris Kaman,Rasual Butler,Ricky Davis,Steve Novak,Kendrick Perkins,Kevin Garnett,Paul Pierce,Rajon Rondo,Ray Allen,4,0:19,LAC,timeout,,,,,,,,,,,,,,,,short,,
Baron Davis,Chris Kaman,Rasual Butler,Ricky Davis,Steve Novak,Kevin Garnett,Paul Pierce,Rajon Rondo,Ray Allen,Tony Allen,4,0:19,BOS,sub,,,,Tony Allen,,Kendrick Perkins,,,,,,,,,,,,
Baron Davis,Chris Kaman,Rasual Butler,Ricky Davis,Steve Novak,Kevin Garnett,Paul Pierce,Rajon Rondo,Ray Allen,Tony Allen,4,0:17,LAC,shot,,,,,,,,,,Ricky Davis,,,,missed,,jump,45,15
Baron Davis,Chris Kaman,Rasual Butler,Ricky Davis,Steve Novak,Kevin Garnett,Paul Pierce,Rajon Rondo,Ray Allen,Tony Allen,4,0:17,BOS,rebound,,,,,,,,,,Rajon Rondo,,,,,,def,,
Baron Davis,Chris Kaman,Rasual Butler,Ricky Davis,Steve Novak,Kevin Garnett,Paul Pierce,Rajon Rondo,Ray Allen,Tony Allen,4,0:16,LAC,foul,,,,,,,,Rajon Rondo,,Steve Novak,,,,,,personal,,
Baron Davis,Chris Kaman,Rasual Butler,Ricky Davis,Steve Novak,Kevin Garnett,Paul Pierce,Rajon Rondo,Ray Allen,Tony Allen,4,0:16,BOS,free throw,,,,,,,1,,2,Rajon Rondo,,,foul,made,,,,
Baron Davis,Chris Kaman,Rasual Butler,Ricky Davis,Steve Novak,Kevin Garnett,Paul Pierce,Rajon Rondo,Ray Allen,Tony Allen,4,0:16,BOS,free throw,,,,,,,2,,2,Rajon Rondo,,,foul,made,,,,
Baron Davis,Chris Kaman,Rasual Butler,Ricky Davis,Steve Novak,Kevin Garnett,Paul Pierce,Rajon Rondo,Ray Allen,Tony Allen,4,0:09,LAC,shot,,,,,,,,,,Baron Davis,3,,,made,,3pt,26,33
Baron Davis,Chris Kaman,Rasual Butler,Ricky Davis,Steve Novak,Kevin Garnett,Paul Pierce,Rajon Rondo,Ray Allen,Tony Allen,4,0:07,LAC,foul,,,,,,,,Ray Allen,,Rasual Butler,,,,,,personal,,
Baron Davis,Chris Kaman,Rasual Butler,Ricky Davis,Steve Novak,Kevin Garnett,Paul Pierce,Rajon Rondo,Ray Allen,Tony Allen,4,0:07,BOS,free throw,,,,,,,1,,2,Ray Allen,,,foul,missed,,,,
Baron Davis,Chris Kaman,Rasual Butler,Ricky Davis,Steve Novak,Kevin Garnett,Paul Pierce,Rajon Rondo,Ray Allen,Tony Allen,4,0:07,BOS,rebound,,,,,,,,,,,,,,,,,,
Baron Davis,Chris Kaman,Rasual Butler,Ricky Davis,Steve Novak,Kevin Garnett,Paul Pierce,Rajon Rondo,Ray Allen,Tony Allen,4,0:07,BOS,free throw,,,,,,,2,,2,Ray Allen,,,foul,made,,,,
Baron Davis,Chris Kaman,Rasual Butler,Ricky Davis,Steve Novak,Kevin Garnett,Paul Pierce,Rajon Rondo,Ray Allen,Tony Allen,4,0:02,LAC,shot,,,,,,,,,,Ricky Davis,,,,missed,,3pt,22,30
Baron Davis,Chris Kaman,Rasual Butler,Ricky Davis,Steve Novak,Kevin Garnett,Paul Pierce,Rajon Rondo,Ray Allen,Tony Allen,4,0:01,BOS,rebound,,,,,,,,,,Paul Pierce,,,,,,def,,
