a1,a2,a3,a4,a5,h1,h2,h3,h4,h5,period,time,team,etype,assist,away,block,entered,home,left,num,opponent,outof,player,points,possession,reason,result,steal,type,x,y
Al Jefferson,Corey Brewer,Jonny Flynn,Ryan Gomes,Ryan Hollins,Ben Wallace,Jonas Jerebko,Richard Hamilton,Rodney Stuckey,Tayshaun Prince,1,12:00,OFF,jump ball,,Ryan Hollins,,,Ben Wallace,,,,,,,Tayshaun Prince,,,,,,
Al Jefferson,Corey Brewer,Jonny Flynn,Ryan Gomes,Ryan Hollins,Ben Wallace,Jonas Jerebko,Richard Hamilton,Rodney Stuckey,Tayshaun Prince,1,11:36,DET,shot,Tayshaun Prince,,,,,,,,,Richard Hamilton,2,,,made,,jump,38,15
Al Jefferson,Corey Brewer,Jonny Flynn,Ryan Gomes,Ryan Hollins,Ben Wallace,Jonas Jerebko,Richard Hamilton,Rodney Stuckey,Tayshaun Prince,1,11:16,MIN,shot,Corey Brewer,,,,,,,,,Ryan Gomes,2,,,made,,jump,42,11
Al Jefferson,Corey Brewer,Jonny Flynn,Ryan Gomes,Ryan Hollins,Ben Wallace,Jonas Jerebko,Richard Hamilton,Rodney Stuckey,Tayshaun Prince,1,11:14,DET,foul,,,,,,,,Ryan Hollins,,Rodney Stuckey,,,,,,offensive,,
Al Jefferson,Corey Brewer,Jonny Flynn,Ryan Gomes,Ryan Hollins,Ben Wallace,Jonas Jerebko,Richard Hamilton,Rodney Stuckey,Tayshaun Prince,1,11:14,DET,turnover,,,,,,,,,,Rodney Stuckey,,,foul,,,,,
Al Jefferson,Corey Brewer,Jonny Flynn,Ryan Gomes,Ryan Hollins,Ben Wallace,Jonas Jerebko,Richard Hamilton,Rodney Stuckey,Tayshaun Prince,1,11:06,MIN,shot,Corey Brewer,,,,,,,,,Al Jefferson,2,,,made,,hook,32,7
Al Jefferson,Corey Brewer,Jonny Flynn,Ryan Gomes,Ryan Hollins,Ben Wallace,Jonas Jerebko,Richard Hamilton,Rodney Stuckey,Tayshaun Prince,1,10:48,DET,shot,,,,,,,,,,Tayshaun Prince,,,,missed,,hook,25,12
Al Jefferson,Corey Brewer,Jonny Flynn,Ryan Gomes,Ryan Hollins,Ben Wallace,Jonas Jerebko,Richard Hamilton,Rodney Stuckey,Tayshaun Prince,1,10:47,MIN,rebound,,,,,,,,,,Ryan Gomes,,,,,,def,,
Al Jefferson,Corey Brewer,Jonny Flynn,Ryan Gomes,Ryan Hollins,Ben Wallace,Jonas Jerebko,Richard Hamilton,Rodney Stuckey,Tayshaun Prince,1,10:31,MIN,shot,,,,,,,,,,Al Jefferson,,,,missed,,jump,20,19
Al Jefferson,Corey Brewer,Jonny Flynn,Ryan Gomes,Ryan Hollins,Ben Wallace,Jonas Jerebko,Richard Hamilton,Rodney Stuckey,Tayshaun Prince,1,10:30,DET,rebound,,,,,,,,,,Richard Hamilton,,,,,,def,,
Al Jefferson,Corey Brewer,Jonny Flynn,Ryan Gomes,Ryan Hollins,Ben Wallace,Jonas Jerebko,Richard Hamilton,Rodney Stuckey,Tayshaun Prince,1,10:14,DET,shot,Ben Wallace,,,,,,,,,Rodney Stuckey,2,,,made,,driving dunk,25,6
Al Jefferson,Corey Brewer,Jonny Flynn,Ryan Gomes,Ryan Hollins,Ben Wallace,Jonas Jerebko,Richard Hamilton,Rodney Stuckey,Tayshaun Prince,1,9:52,MIN,shot,Al Jefferson,,,,,,,,,Corey Brewer,3,,,made,,3pt,38,30
Al Jefferson,Corey Brewer,Jonny Flynn,Ryan Gomes,Ryan Hollins,Ben Wallace,Jonas Jerebko,Richard Hamilton,Rodney Stuckey,Tayshaun Prince,1,9:30,DET,shot,Richard Hamilton,,,,,,,,,Jonas Jerebko,2,,,made,,layup,25,6
Al Jefferson,Corey Brewer,Jonny Flynn,Ryan Gomes,Ryan Hollins,Ben Wallace,Jonas Jerebko,Richard Hamilton,Rodney Stuckey,Tayshaun Prince,1,9:16,MIN,turnover,,,,,,,,,,Jonny Flynn,,,bad pass,,Jonas Jerebko,,,
Al Jefferson,Corey Brewer,Jonny Flynn,Ryan Gomes,Ryan Hollins,Ben Wallace,Jonas Jerebko,Richard Hamilton,Rodney Stuckey,Tayshaun Prince,1,9:12,DET,shot,Richard Hamilton,,,,,,,,,Jonas Jerebko,2,,,made,,dunk,25,6
Al Jefferson,Corey Brewer,Jonny Flynn,Ryan Gomes,Ryan Hollins,Ben Wallace,Jonas Jerebko,Richard Hamilton,Rodney Stuckey,Tayshaun Prince,1,8:53,MIN,shot,,,,,,,,,,Al Jefferson,2,,,made,,hook,35,9
Al Jefferson,Corey Brewer,Jonny Flynn,Ryan Gomes,Ryan Hollins,Ben Wallace,Jonas Jerebko,Richard Hamilton,Rodney Stuckey,Tayshaun Prince,1,8:40,MIN,foul,,,,,,,,Ben Wallace,,Ryan Hollins,,,,,,shooting,,
Al Jefferson,Corey Brewer,Jonny Flynn,Ryan Gomes,Ryan Hollins,Ben Wallace,Jonas Jerebko,Richard Hamilton,Rodney Stuckey,Tayshaun Prince,1,8:40,DET,free throw,,,,,,,1,,2,Ben Wallace,,,foul,missed,,,,
Al Jefferson,Corey Brewer,Jonny Flynn,Ryan Gomes,Ryan Hollins,Ben Wallace,Jonas Jerebko,Richard Hamilton,Rodney Stuckey,Tayshaun Prince,1,8:40,DET,rebound,,,,,,,,,,,,,,,,,,
Al Jefferson,Corey Brewer,Jonny Flynn,Ryan Gomes,Ryan Hollins,Ben Wallace,Jonas Jerebko,Richard Hamilton,Rodney Stuckey,Tayshaun Prince,1,8:40,DET,free throw,,,,,,,2,,2,Ben Wallace,,,foul,missed,,,,
Al Jefferson,Corey Brewer,Jonny Flynn,Ryan Gomes,Ryan Hollins,Ben Wallace,Jonas Jerebko,Richard Hamilton,Rodney Stuckey,Tayshaun Prince,1,8:40,MIN,rebound,,,,,,,,,,Ryan Hollins,,,,,,def,,
Al Jefferson,Corey Brewer,Jonny Flynn,Ryan Gomes,Ryan Hollins,Ben Wallace,Jonas Jerebko,Richard Hamilton,Rodney Stuckey,Tayshaun Prince,1,8:29,MIN,shot,,,,,,,,,,Jonny Flynn,,,,missed,,jump,31,25
Al Jefferson,Corey Brewer,Jonny Flynn,Ryan Gomes,Ryan Hollins,Ben Wallace,Jonas Jerebko,Richard Hamilton,Rodney Stuckey,Tayshaun Prince,1,8:28,DET,rebound,,,,,,,,,,Ben Wallace,,,,,,def,,
Al Jefferson,Corey Brewer,Jonny Flynn,Ryan Gomes,Ryan Hollins,Ben Wallace,Jonas Jerebko,Richard Hamilton,Rodney Stuckey,Tayshaun Prince,1,8:13,DET,shot,Richard Hamilton,,,,,,,,,Ben Wallace,2,,,made,,dunk,25,6
Al Jefferson,Corey Brewer,Jonny Flynn,Ryan Gomes,Ryan Hollins,Ben Wallace,Jonas Jerebko,Richard Hamilton,Rodney Stuckey,Tayshaun Prince,1,8:05,DET,foul,,,,,,,,Ryan Hollins,,Jonas Jerebko,,,,,,personal,,
Al Jefferson,Corey Brewer,Jonny Flynn,Ryan Gomes,Ryan Hollins,Ben Wallace,Jonas Jerebko,Richard Hamilton,Rodney Stuckey,Tayshaun Prince,1,7:52,MIN,shot,,,,,,,,,,Ryan Hollins,,,,missed,,jump,13,11
Al Jefferson,Corey Brewer,Jonny Flynn,Ryan Gomes,Ryan Hollins,Ben Wallace,Jonas Jerebko,Richard Hamilton,Rodney Stuckey,Tayshaun Prince,1,7:52,DET,rebound,,,,,,,,,,,,,,,,,,
Al Jefferson,Corey Brewer,Jonny Flynn,Ryan Gomes,Ryan Hollins,Ben Wallace,Jonas Jerebko,Richard Hamilton,Rodney Stuckey,Tayshaun Prince,1,7:52,MIN,foul,,,,,,,,Ben Wallace,,Al Jefferson,,,,,,loose ball,,
Al Jefferson,Corey Brewer,Jonny Flynn,Ryan Gomes,Ryan Hollins,Ben Wallace,Jonas Jerebko,Richard Hamilton,Rodney Stuckey,Tayshaun Prince,1,7:28,DET,shot,,,,,,,,,,Richard Hamilton,,,,missed,,3pt,2,7
Al Jefferson,Corey Brewer,Jonny Flynn,Ryan Gomes,Ryan Hollins,Ben Wallace,Jonas Jerebko,Richard Hamilton,Rodney Stuckey,Tayshaun Prince,1,7:27,DET,rebound,,,,,,,,,,Jonas Jerebko,,,,,,off,,
Al Jefferson,Corey Brewer,Jonny Flynn,Ryan Gomes,Ryan Hollins,Ben Wallace,Jonas Jerebko,Richard Hamilton,Rodney Stuckey,Tayshaun Prince,1,7:25,DET,shot,,,,,,,,,,Jonas Jerebko,2,,,made,,driving layup,25,6
Al Jefferson,Corey Brewer,Jonny Flynn,Ryan Gomes,Ryan Hollins,Ben Wallace,Jonas Jerebko,Richard Hamilton,Rodney Stuckey,Tayshaun Prince,1,7:13,MIN,shot,,,Ben Wallace,,,,,,,Al Jefferson,,,,missed,,hook,25,12
Al Jefferson,Corey Brewer,Jonny Flynn,Ryan Gomes,Ryan Hollins,Ben Wallace,Jonas Jerebko,Richard Hamilton,Rodney Stuckey,Tayshaun Prince,1,7:11,MIN,rebound,,,,,,,,,,Al Jefferson,,,,,,off,,
Al Jefferson,Corey Brewer,Jonny Flynn,Ryan Gomes,Ryan Hollins,Ben Wallace,Jonas Jerebko,Richard Hamilton,Rodney Stuckey,Tayshaun Prince,1,7:10,MIN,shot,,,,,,,,,,Al Jefferson,2,,,made,,layup,25,6
Al Jefferson,Corey Brewer,Jonny Flynn,Ryan Gomes,Ryan Hollins,Ben Wallace,Jonas Jerebko,Richard Hamilton,Rodney Stuckey,Tayshaun Prince,1,6:49,DET,shot,Rodney Stuckey,,,,,,,,,Jonas Jerebko,3,,,made,,3pt,14,30
Al Jefferson,Corey Brewer,Jonny Flynn,Ryan Gomes,Ryan Hollins,Ben Wallace,Jonas Jerebko,Richard Hamilton,Rodney Stuckey,Tayshaun Prince,1,6:34,MIN,shot,,,,,,,,,,Ryan Gomes,,,,missed,,running hook,31,10
Al Jefferson,Corey Brewer,Jonny Flynn,Ryan Gomes,Ryan Hollins,Ben Wallace,Jonas Jerebko,Richard Hamilton,Rodney Stuckey,Tayshaun Prince,1,6:33,DET,rebound,,,,,,,,,,Ben Wallace,,,,,,def,,
Al Jefferson,Corey Brewer,Jonny Flynn,Ryan Gomes,Ryan Hollins,Ben Wallace,Jonas Jerebko,Richard Hamilton,Rodney Stuckey,Tayshaun Prince,1,6:27,DET,turnover,,,,,,,,,,Rodney Stuckey,,,bad pass,,Jonny Flynn,,,
Al Jefferson,Corey Brewer,Jonny Flynn,Ryan Gomes,Ryan Hollins,Ben Wallace,Jonas Jerebko,Richard Hamilton,Rodney Stuckey,Tayshaun Prince,1,6:12,MIN,shot,Ryan Hollins,,,,,,,,,Corey Brewer,2,,,made,,fade away jumper,33,7
Al Jefferson,Corey Brewer,Jonny Flynn,Ryan Gomes,Ryan Hollins,Ben Wallace,Jonas Jerebko,Richard Hamilton,Rodney Stuckey,Tayshaun Prince,1,5:55,DET,shot,,,,,,,,,,Richard Hamilton,,,,missed,,jump,37,11
Al Jefferson,Corey Brewer,Jonny Flynn,Ryan Gomes,Ryan Hollins,Ben Wallace,Jonas Jerebko,Richard Hamilton,Rodney Stuckey,Tayshaun Prince,1,5:54,DET,rebound,,,,,,,,,,Ben Wallace,,,,,,off,,
Al Jefferson,Corey Brewer,Jonny Flynn,Ryan Gomes,Ryan Hollins,Ben Wallace,Jonas Jerebko,Richard Hamilton,Rodney Stuckey,Tayshaun Prince,1,5:50,DET,shot,Ben Wallace,,,,,,,,,Richard Hamilton,2,,,made,,layup,25,6
Al Jefferson,Corey Brewer,Jonny Flynn,Ryan Gomes,Ryan Hollins,Ben Wallace,Jonas Jerebko,Richard Hamilton,Rodney Stuckey,Tayshaun Prince,1,5:39,MIN,timeout,,,,,,,,,,,,,,,,regular,,
Al Jefferson,Corey Brewer,Jonny Flynn,Kevin Love,Ryan Gomes,Ben Wallace,Jonas Jerebko,Richard Hamilton,Rodney Stuckey,Tayshaun Prince,1,5:39,MIN,sub,,,,Kevin Love,,Ryan Hollins,,,,,,,,,,,,
Al Jefferson,Corey Brewer,Jonny Flynn,Kevin Love,Ryan Gomes,Jason Maxiell,Jonas Jerebko,Richard Hamilton,Rodney Stuckey,Tayshaun Prince,1,5:39,DET,sub,,,,Jason Maxiell,,Ben Wallace,,,,,,,,,,,,
Al Jefferson,Corey Brewer,Jonny Flynn,Kevin Love,Ryan Gomes,Jason Maxiell,Jonas Jerebko,Richard Hamilton,Rodney Stuckey,Tayshaun Prince,1,5:30,MIN,shot,,,,,,,,,,Corey Brewer,,,,missed,,3pt,49,7
Al Jefferson,Corey Brewer,Jonny Flynn,Kevin Love,Ryan Gomes,Jason Maxiell,Jonas Jerebko,Richard Hamilton,Rodney Stuckey,Tayshaun Prince,1,5:29,MIN,rebound,,,,,,,,,,Kevin Love,,,,,,off,,
Al Jefferson,Corey Brewer,Jonny Flynn,Kevin Love,Ryan Gomes,Jason Maxiell,Jonas Jerebko,Richard Hamilton,Rodney Stuckey,Tayshaun Prince,1,5:26,MIN,turnover,,,,,,,,,,Kevin Love,,,bad pass,,Rodney Stuckey,,,
Al Jefferson,Corey Brewer,Jonny Flynn,Kevin Love,Ryan Gomes,Jason Maxiell,Jonas Jerebko,Richard Hamilton,Rodney Stuckey,Tayshaun Prince,1,5:23,DET,shot,Rodney Stuckey,,,,,,,,,Jonas Jerebko,2,,,made,,layup,25,6
Al Jefferson,Corey Brewer,Jonny Flynn,Kevin Love,Ryan Gomes,Jason Maxiell,Jonas Jerebko,Richard Hamilton,Rodney Stuckey,Tayshaun Prince,1,4:54,MIN,shot,,,,,,,,,,Al Jefferson,,,,missed,,layup,25,6
Al Jefferson,Corey Brewer,Jonny Flynn,Kevin Love,Ryan Gomes,Jason Maxiell,Jonas Jerebko,Richard Hamilton,Rodney Stuckey,Tayshaun Prince,1,4:53,DET,rebound,,,,,,,,,,Tayshaun Prince,,,,,,def,,
Al Jefferson,Corey Brewer,Jonny Flynn,Kevin Love,Ryan Gomes,Jason Maxiell,Jonas Jerebko,Richard Hamilton,Rodney Stuckey,Tayshaun Prince,1,4:46,DET,turnover,,,,,,,,,,Richard Hamilton,,,bad pass,,Corey Brewer,,,
Al Jefferson,Corey Brewer,Jonny Flynn,Kevin Love,Ryan Gomes,Jason Maxiell,Jonas Jerebko,Richard Hamilton,Rodney Stuckey,Tayshaun Prince,1,4:40,MIN,shot,Jonny Flynn,,,,,,,,,Kevin Love,2,,,made,,layup,25,6
Al Jefferson,Corey Brewer,Jonny Flynn,Kevin Love,Ryan Gomes,Jason Maxiell,Jonas Jerebko,Richard Hamilton,Rodney Stuckey,Tayshaun Prince,1,4:21,MIN,foul,,,,,,,,Jason Maxiell,,Al Jefferson,,,,,,shooting,,
Corey Brewer,Jonny Flynn,Kevin Love,Nathan Jawai,Ryan Gomes,Jason Maxiell,Jonas Jerebko,Richard Hamilton,Rodney Stuckey,Tayshaun Prince,1,4:21,MIN,sub,,,,Nathan Jawai,,Al Jefferson,,,,,,,,,,,,
Corey Brewer,Jonny Flynn,Kevin Love,Nathan Jawai,Ryan Gomes,Jason Maxiell,Jonas Jerebko,Richard Hamilton,Rodney Stuckey,Tayshaun Prince,1,4:21,DET,free throw,,,,,,,1,,2,Jason Maxiell,,,foul,missed,,,,
Corey Brewer,Jonny Flynn,Kevin Love,Nathan Jawai,Ryan Gomes,Jason Maxiell,Jonas Jerebko,Richard Hamilton,Rodney Stuckey,Tayshaun Prince,1,4:21,DET,rebound,,,,,,,,,,,,,,,,,,
Corey Brewer,Jonny Flynn,Kevin Love,Nathan Jawai,Ryan Gomes,Jason Maxiell,Jonas Jerebko,Richard Hamilton,Rodney Stuckey,Tayshaun Prince,1,4:21,DET,free throw,,,,,,,2,,2,Jason Maxiell,,,foul,missed,,,,
Corey Brewer,Jonny Flynn,Kevin Love,Nathan Jawai,Ryan Gomes,Jason Maxiell,Jonas Jerebko,Richard Hamilton,Rodney Stuckey,Tayshaun Prince,1,4:20,MIN,rebound,,,,,,,,,,Kevin Love,,,,,,def,,
Corey Brewer,Jonny Flynn,Kevin Love,Nathan Jawai,Ryan Gomes,Jason Maxiell,Jonas Jerebko,Richard Hamilton,Rodney Stuckey,Tayshaun Prince,1,4:10,DET,violation,,,,,,,,,,Rodney Stuckey,,,,,,kicked ball,,
Corey Brewer,Jonny Flynn,Kevin Love,Nathan Jawai,Ryan Gomes,Jason Maxiell,Jonas Jerebko,Richard Hamilton,Rodney Stuckey,Tayshaun Prince,1,3:59,MIN,shot,Corey Brewer,,,,,,,,,Kevin Love,2,,,made,,jump,41,13
Corey Brewer,Jonny Flynn,Kevin Love,Nathan Jawai,Ryan Gomes,Jason Maxiell,Jonas Jerebko,Richard Hamilton,Rodney Stuckey,Tayshaun Prince,1,3:43,DET,shot,,,,,,,,,,Jonas Jerebko,2,,,made,,driving layup,25,6
Corey Brewer,Jonny Flynn,Kevin Love,Nathan Jawai,Ryan Gomes,Jason Maxiell,Jonas Jerebko,Richard Hamilton,Rodney Stuckey,Tayshaun Prince,1,3:29,MIN,shot,,,,,,,,,,Nathan Jawai,,,,missed,,layup,25,6
Corey Brewer,Jonny Flynn,Kevin Love,Nathan Jawai,Ryan Gomes,Jason Maxiell,Jonas Jerebko,Richard Hamilton,Rodney Stuckey,Tayshaun Prince,1,3:28,DET,rebound,,,,,,,,,,Richard Hamilton,,,,,,def,,
Corey Brewer,Jonny Flynn,Kevin Love,Nathan Jawai,Ryan Gomes,Jason Maxiell,Jonas Jerebko,Richard Hamilton,Rodney Stuckey,Tayshaun Prince,1,3:23,DET,shot,Richard Hamilton,,,,,,,,,Rodney Stuckey,2,,,made,,layup,25,6
Corey Brewer,Jonny Flynn,Kevin Love,Nathan Jawai,Ryan Gomes,Jason Maxiell,Jonas Jerebko,Richard Hamilton,Rodney Stuckey,Tayshaun Prince,1,3:09,MIN,shot,Corey Brewer,,,,,,,,,Kevin Love,2,,,made,,fade away jumper,28,12
Corey Brewer,Jonny Flynn,Kevin Love,Nathan Jawai,Ryan Gomes,Jason Maxiell,Jonas Jerebko,Richard Hamilton,Rodney Stuckey,Tayshaun Prince,1,3:09,DET,foul,,,,,,,,Kevin Love,,Jonas Jerebko,,,,,,shooting,,
Corey Brewer,Kevin Love,Nathan Jawai,Ramon Sessions,Ryan Gomes,Jason Maxiell,Jonas Jerebko,Richard Hamilton,Rodney Stuckey,Tayshaun Prince,1,3:09,MIN,sub,,,,Ramon Sessions,,Jonny Flynn,,,,,,,,,,,,
Corey Brewer,Kevin Love,Nathan Jawai,Ramon Sessions,Ryan Gomes,Jason Maxiell,Jonas Jerebko,Richard Hamilton,Tayshaun Prince,Will Bynum,1,3:09,DET,sub,,,,Will Bynum,,Rodney Stuckey,,,,,,,,,,,,
Corey Brewer,Kevin Love,Nathan Jawai,Ramon Sessions,Ryan Gomes,Charlie Villanueva,Jason Maxiell,Richard Hamilton,Tayshaun Prince,Will Bynum,1,3:09,DET,sub,,,,Charlie Villanueva,,Jonas Jerebko,,,,,,,,,,,,
Corey Brewer,Damien Wilkins,Kevin Love,Nathan Jawai,Ramon Sessions,Charlie Villanueva,Jason Maxiell,Richard Hamilton,Tayshaun Prince,Will Bynum,1,3:09,MIN,sub,,,,Damien Wilkins,,Ryan Gomes,,,,,,,,,,,,
Corey Brewer,Damien Wilkins,Kevin Love,Nathan Jawai,Ramon Sessions,Charlie Villanueva,Jason Maxiell,Richard Hamilton,Tayshaun Prince,Will Bynum,1,3:09,MIN,free throw,,,,,,,1,,1,Kevin Love,,,foul,made,,,,
Corey Brewer,Damien Wilkins,Kevin Love,Nathan Jawai,Ramon Sessions,Charlie Villanueva,Jason Maxiell,Richard Hamilton,Tayshaun Prince,Will Bynum,1,2:55,DET,turnover,,,,,,,,,,Richard Hamilton,,,bad pass,,Damien Wilkins,,,
Corey Brewer,Damien Wilkins,Kevin Love,Nathan Jawai,Ramon Sessions,Charlie Villanueva,Jason Maxiell,Richard Hamilton,Tayshaun Prince,Will Bynum,1,2:51,MIN,shot,,,,,,,,,,Damien Wilkins,2,,,made,,layup,25,6
Corey Brewer,Damien Wilkins,Kevin Love,Nathan Jawai,Ramon Sessions,Charlie Villanueva,Jason Maxiell,Richard Hamilton,Tayshaun Prince,Will Bynum,1,2:32,DET,shot,,,,,,,,,,Tayshaun Prince,,,,missed,,jump,38,13
Corey Brewer,Damien Wilkins,Kevin Love,Nathan Jawai,Ramon Sessions,Charlie Villanueva,Jason Maxiell,Richard Hamilton,Tayshaun Prince,Will Bynum,1,2:30,MIN,rebound,,,,,,,,,,Nathan Jawai,,,,,,def,,
Corey Brewer,Damien Wilkins,Kevin Love,Nathan Jawai,Ramon Sessions,Charlie Villanueva,Jason Maxiell,Richard Hamilton,Tayshaun Prince,Will Bynum,1,2:26,MIN,shot,,,,,,,,,,Ramon Sessions,,,,missed,,layup,25,6
Corey Brewer,Damien Wilkins,Kevin Love,Nathan Jawai,Ramon Sessions,Charlie Villanueva,Jason Maxiell,Richard Hamilton,Tayshaun Prince,Will Bynum,1,2:24,DET,rebound,,,,,,,,,,Jason Maxiell,,,,,,def,,
Corey Brewer,Damien Wilkins,Kevin Love,Nathan Jawai,Ramon Sessions,Charlie Villanueva,Jason Maxiell,Richard Hamilton,Tayshaun Prince,Will Bynum,1,2:20,DET,shot,,,,,,,,,,Richard Hamilton,,,,missed,,layup,25,6
Corey Brewer,Damien Wilkins,Kevin Love,Nathan Jawai,Ramon Sessions,Charlie Villanueva,Jason Maxiell,Richard Hamilton,Tayshaun Prince,Will Bynum,1,2:19,DET,rebound,,,,,,,,,,Tayshaun Prince,,,,,,off,,
Corey Brewer,Damien Wilkins,Kevin Love,Nathan Jawai,Ramon Sessions,Charlie Villanueva,Jason Maxiell,Richard Hamilton,Tayshaun Prince,Will Bynum,1,2:18,DET,shot,,,,,,,,,,Tayshaun Prince,2,,,made,,tip,25,6
Corey Brewer,Damien Wilkins,Kevin Love,Nathan Jawai,Ramon Sessions,Charlie Villanueva,Jason Maxiell,Richard Hamilton,Tayshaun Prince,Will Bynum,1,1:54,MIN,shot,Nathan Jawai,,,,,,,,,Corey Brewer,2,,,made,,dunk,25,6
Corey Brewer,Damien Wilkins,Kevin Love,Nathan Jawai,Ramon Sessions,Charlie Villanueva,Jason Maxiell,Richard Hamilton,Tayshaun Prince,Will Bynum,1,1:45,DET,timeout,,,,,,,,,,,,,,,,regular,,
Corey Brewer,Damien Wilkins,Kevin Love,Nathan Jawai,Ramon Sessions,Ben Gordon,Charlie Villanueva,Jason Maxiell,Richard Hamilton,Will Bynum,1,1:45,DET,sub,,,,Ben Gordon,,Tayshaun Prince,,,,,,,,,,,,
Corey Brewer,Damien Wilkins,Kevin Love,Nathan Jawai,Ramon Sessions,Ben Gordon,Charlie Villanueva,Jason Maxiell,Richard Hamilton,Will Bynum,1,1:38,DET,shot,,,,,,,,,,Richard Hamilton,,,,missed,,jump,38,7
Corey Brewer,Damien Wilkins,Kevin Love,Nathan Jawai,Ramon Sessions,Ben Gordon,Charlie Villanueva,Jason Maxiell,Richard Hamilton,Will Bynum,1,1:37,MIN,rebound,,,,,,,,,,Ramon Sessions,,,,,,def,,
Corey Brewer,Damien Wilkins,Kevin Love,Nathan Jawai,Ramon Sessions,Ben Gordon,Charlie Villanueva,Jason Maxiell,Richard Hamilton,Will Bynum,1,1:28,MIN,shot,Ramon Sessions,,,,,,,,,Damien Wilkins,2,,,made,,driving layup,25,6
Corey Brewer,Damien Wilkins,Kevin Love,Nathan Jawai,Ramon Sessions,Ben Gordon,Charlie Villanueva,Jason Maxiell,Richard Hamilton,Will Bynum,1,1:07,DET,turnover,,,,,,,,,,Will Bynum,,,bad pass,,,,,
Corey Brewer,Damien Wilkins,Kevin Love,Nathan Jawai,Ramon Sessions,Ben Gordon,Charlie Villanueva,Jason Maxiell,Richard Hamilton,Will Bynum,1,0:50,DET,foul,,,,,,,,Ramon Sessions,,Jason Maxiell,,,,,,personal,,
Corey Brewer,Damien Wilkins,Kevin Love,Nathan Jawai,Ramon Sessions,Ben Gordon,Charlie Villanueva,Jason Maxiell,Richard Hamilton,Will Bynum,1,0:42,MIN,shot,,,,,,,,,,Ramon Sessions,2,,,made,,pullup jump,14,14
Corey Brewer,Damien Wilkins,Kevin Love,Nathan Jawai,Ramon Sessions,Ben Gordon,Charlie Villanueva,Jason Maxiell,Richard Hamilton,Will Bynum,1,0:26,DET,shot,,,,,,,,,,Charlie Villanueva,,,,missed,,3pt,18,32
Corey Brewer,Damien Wilkins,Kevin Love,Nathan Jawai,Ramon Sessions,Ben Gordon,Charlie Villanueva,Jason Maxiell,Richard Hamilton,Will Bynum,1,0:25,MIN,rebound,,,,,,,,,,Nathan Jawai,,,,,,def,,
Corey Brewer,Damien Wilkins,Kevin Love,Nathan Jawai,Ramon Sessions,Ben Gordon,Charlie Villanueva,Jason Maxiell,Richard Hamilton,Will Bynum,1,0:02,MIN,shot,Ramon Sessions,,,,,,,,,Kevin Love,3,,,made,,3pt,48,10
Corey Brewer,Damien Wilkins,Kevin Love,Nathan Jawai,Ramon Sessions,Ben Gordon,Charlie Villanueva,Jason Maxiell,Richard Hamilton,Will Bynum,1,0:00,DET,shot,,,,,,,,,,Charlie Villanueva,,,,missed,,3pt,9,41
Corey Brewer,Damien Wilkins,Kevin Love,Nathan Jawai,Ramon Sessions,Ben Gordon,Charlie Villanueva,Jason Maxiell,Richard Hamilton,Will Bynum,1,0:00,DET,rebound,,,,,,,,,,,,,,,,,,
Damien Wilkins,Kevin Love,Nathan Jawai,Ramon Sessions,Wayne Ellington,Ben Gordon,Charlie Villanueva,Jason Maxiell,Tayshaun Prince,Will Bynum,2,11:42,MIN,turnover,,,,,,,,,,Wayne Ellington,,,out of bounds lost ball turnover,,,,,
Damien Wilkins,Kevin Love,Nathan Jawai,Ramon Sessions,Wayne Ellington,Ben Gordon,Charlie Villanueva,Jason Maxiell,Tayshaun Prince,Will Bynum,2,11:22,DET,shot,,,,,,,,,,Charlie Villanueva,,,,missed,,3pt,33,31
Damien Wilkins,Kevin Love,Nathan Jawai,Ramon Sessions,Wayne Ellington,Ben Gordon,Charlie Villanueva,Jason Maxiell,Tayshaun Prince,Will Bynum,2,11:21,DET,rebound,,,,,,,,,,Jason Maxiell,,,,,,off,,
Damien Wilkins,Kevin Love,Nathan Jawai,Ramon Sessions,Wayne Ellington,Ben Gordon,Charlie Villanueva,Jason Maxiell,Tayshaun Prince,Will Bynum,2,11:20,DET,shot,,,,,,,,,,Jason Maxiell,2,,,made,,putback dunk,25,6
Damien Wilkins,Kevin Love,Nathan Jawai,Ramon Sessions,Wayne Ellington,Ben Gordon,Charlie Villanueva,Jason Maxiell,Tayshaun Prince,Will Bynum,2,11:07,DET,foul,,,,,,,,Ramon Sessions,,Will Bynum,,,,,,shooting,,
Damien Wilkins,Kevin Love,Nathan Jawai,Ramon Sessions,Wayne Ellington,Ben Gordon,Charlie Villanueva,Jason Maxiell,Tayshaun Prince,Will Bynum,2,11:07,MIN,free throw,,,,,,,1,,2,Ramon Sessions,,,foul,made,,,,
Damien Wilkins,Kevin Love,Nathan Jawai,Ramon Sessions,Wayne Ellington,Ben Gordon,Charlie Villanueva,Jason Maxiell,Tayshaun Prince,Will Bynum,2,11:07,MIN,free throw,,,,,,,2,,2,Ramon Sessions,,,foul,made,,,,
Damien Wilkins,Kevin Love,Nathan Jawai,Ramon Sessions,Wayne Ellington,Ben Gordon,Charlie Villanueva,Jason Maxiell,Tayshaun Prince,Will Bynum,2,10:54,DET,shot,Will Bynum,,,,,,,,,Ben Gordon,2,,,made,,jump,37,19
Damien Wilkins,Kevin Love,Nathan Jawai,Ramon Sessions,Wayne Ellington,Ben Gordon,Charlie Villanueva,Jason Maxiell,Tayshaun Prince,Will Bynum,2,10:39,MIN,shot,,,,,,,,,,Kevin Love,,,,missed,,3pt,21,31
Damien Wilkins,Kevin Love,Nathan Jawai,Ramon Sessions,Wayne Ellington,Ben Gordon,Charlie Villanueva,Jason Maxiell,Tayshaun Prince,Will Bynum,2,10:38,DET,rebound,,,,,,,,,,Jason Maxiell,,,,,,def,,
Damien Wilkins,Kevin Love,Nathan Jawai,Ramon Sessions,Wayne Ellington,Ben Gordon,Charlie Villanueva,Jason Maxiell,Tayshaun Prince,Will Bynum,2,10:34,DET,shot,Will Bynum,,,,,,,,,Charlie Villanueva,2,,,made,,dunk,25,6
Damien Wilkins,Kevin Love,Nathan Jawai,Ramon Sessions,Wayne Ellington,Ben Gordon,Charlie Villanueva,Jason Maxiell,Tayshaun Prince,Will Bynum,2,10:18,DET,foul,,,,,,,,Ramon Sessions,,Will Bynum,,,,,,personal,,
Al Jefferson,Damien Wilkins,Kevin Love,Ramon Sessions,Wayne Ellington,Ben Gordon,Charlie Villanueva,Jason Maxiell,Tayshaun Prince,Will Bynum,2,10:18,MIN,sub,,,,Al Jefferson,,Nathan Jawai,,,,,,,,,,,,
Al Jefferson,Damien Wilkins,Kevin Love,Ramon Sessions,Wayne Ellington,Ben Gordon,Charlie Villanueva,Jason Maxiell,Tayshaun Prince,Will Bynum,2,10:12,MIN,turnover,,,,,,,,,,Al Jefferson,,,traveling,,,,,
Al Jefferson,Damien Wilkins,Kevin Love,Ramon Sessions,Wayne Ellington,Ben Gordon,Charlie Villanueva,Jason Maxiell,Tayshaun Prince,Will Bynum,2,9:54,DET,shot,Will Bynum,,,,,,,,,Tayshaun Prince,2,,,made,,jump,42,8
Al Jefferson,Damien Wilkins,Kevin Love,Ramon Sessions,Wayne Ellington,Ben Gordon,Charlie Villanueva,Jason Maxiell,Tayshaun Prince,Will Bynum,2,9:35,MIN,shot,,,,,,,,,,Damien Wilkins,,,,missed,,jump,14,22
Al Jefferson,Damien Wilkins,Kevin Love,Ramon Sessions,Wayne Ellington,Ben Gordon,Charlie Villanueva,Jason Maxiell,Tayshaun Prince,Will Bynum,2,9:34,DET,rebound,,,,,,,,,,Jason Maxiell,,,,,,def,,
Al Jefferson,Damien Wilkins,Kevin Love,Ramon Sessions,Wayne Ellington,Ben Gordon,Charlie Villanueva,Jason Maxiell,Tayshaun Prince,Will Bynum,2,9:23,DET,shot,,,,,,,,,,Ben Gordon,,,,missed,,3pt,18,31
Al Jefferson,Damien Wilkins,Kevin Love,Ramon Sessions,Wayne Ellington,Ben Gordon,Charlie Villanueva,Jason Maxiell,Tayshaun Prince,Will Bynum,2,9:22,MIN,rebound,,,,,,,,,,Kevin Love,,,,,,def,,
Al Jefferson,Damien Wilkins,Kevin Love,Ramon Sessions,Wayne Ellington,Ben Gordon,Charlie Villanueva,Jason Maxiell,Tayshaun Prince,Will Bynum,2,9:07,DET,foul,,,,,,,,Damien Wilkins,,Ben Gordon,,,,,,shooting,,
Al Jefferson,Damien Wilkins,Kevin Love,Ramon Sessions,Wayne Ellington,Ben Gordon,Charlie Villanueva,Jason Maxiell,Tayshaun Prince,Will Bynum,2,9:07,MIN,free throw,,,,,,,1,,2,Damien Wilkins,,,foul,made,,,,
Al Jefferson,Damien Wilkins,Kevin Love,Ramon Sessions,Wayne Ellington,Ben Gordon,Charlie Villanueva,Jason Maxiell,Tayshaun Prince,Will Bynum,2,9:07,MIN,free throw,,,,,,,2,,2,Damien Wilkins,,,foul,missed,,,,
Al Jefferson,Damien Wilkins,Kevin Love,Ramon Sessions,Wayne Ellington,Ben Gordon,Charlie Villanueva,Jason Maxiell,Tayshaun Prince,Will Bynum,2,9:06,DET,rebound,,,,,,,,,,Jason Maxiell,,,,,,def,,
Al Jefferson,Damien Wilkins,Kevin Love,Ramon Sessions,Wayne Ellington,Ben Gordon,Charlie Villanueva,Jason Maxiell,Tayshaun Prince,Will Bynum,2,8:48,DET,shot,Will Bynum,,,,,,,,,Tayshaun Prince,3,,,made,,3pt,2,7
Al Jefferson,Damien Wilkins,Kevin Love,Ramon Sessions,Wayne Ellington,Ben Gordon,Charlie Villanueva,Jason Maxiell,Tayshaun Prince,Will Bynum,2,8:39,MIN,turnover,,,,,,,,,,Ramon Sessions,,,bad pass,,Will Bynum,,,
Al Jefferson,Damien Wilkins,Kevin Love,Ramon Sessions,Wayne Ellington,Ben Gordon,Charlie Villanueva,Jason Maxiell,Tayshaun Prince,Will Bynum,2,8:37,MIN,foul,,,,,,,,Will Bynum,,Damien Wilkins,,,,,,personal,,
Al Jefferson,Damien Wilkins,Kevin Love,Ramon Sessions,Wayne Ellington,Ben Gordon,Charlie Villanueva,Jason Maxiell,Tayshaun Prince,Will Bynum,2,8:37,DET,timeout,,,,,,,,,,,,,,,,official,,
Al Jefferson,Damien Wilkins,Kevin Love,Ramon Sessions,Wayne Ellington,Ben Gordon,Charlie Villanueva,Jason Maxiell,Tayshaun Prince,Will Bynum,2,8:29,DET,shot,,,,,,,,,,Charlie Villanueva,,,,missed,,3pt,10,29
Al Jefferson,Damien Wilkins,Kevin Love,Ramon Sessions,Wayne Ellington,Ben Gordon,Charlie Villanueva,Jason Maxiell,Tayshaun Prince,Will Bynum,2,8:28,MIN,rebound,,,,,,,,,,Damien Wilkins,,,,,,def,,
Al Jefferson,Damien Wilkins,Kevin Love,Ramon Sessions,Wayne Ellington,Ben Gordon,Charlie Villanueva,Jason Maxiell,Tayshaun Prince,Will Bynum,2,8:16,MIN,shot,Damien Wilkins,,,,,,,,,Al Jefferson,2,,,made,,hook,34,7
Al Jefferson,Damien Wilkins,Kevin Love,Ramon Sessions,Wayne Ellington,Ben Gordon,Charlie Villanueva,Jason Maxiell,Tayshaun Prince,Will Bynum,2,7:50,DET,shot,Ben Gordon,,,,,,,,,Tayshaun Prince,2,,,made,,layup,25,6
Al Jefferson,Damien Wilkins,Kevin Love,Ramon Sessions,Wayne Ellington,Ben Gordon,Charlie Villanueva,Jason Maxiell,Tayshaun Prince,Will Bynum,2,7:45,DET,foul,,,,,,,,Kevin Love,,Tayshaun Prince,,,,,,shooting,,
Al Jefferson,Damien Wilkins,Kevin Love,Ramon Sessions,Wayne Ellington,Ben Gordon,Charlie Villanueva,Jason Maxiell,Tayshaun Prince,Will Bynum,2,7:45,MIN,free throw,,,,,,,1,,2,Kevin Love,,,foul,made,,,,
Al Jefferson,Damien Wilkins,Kevin Love,Ramon Sessions,Wayne Ellington,Ben Gordon,Charlie Villanueva,Jason Maxiell,Tayshaun Prince,Will Bynum,2,7:45,MIN,free throw,,,,,,,2,,2,Kevin Love,,,foul,made,,,,
Al Jefferson,Damien Wilkins,Kevin Love,Ramon Sessions,Wayne Ellington,Ben Gordon,Charlie Villanueva,Jason Maxiell,Tayshaun Prince,Will Bynum,2,7:25,DET,shot,,,,,,,,,,Tayshaun Prince,2,,,made,,driving layup,25,6
Al Jefferson,Damien Wilkins,Kevin Love,Ramon Sessions,Wayne Ellington,Ben Gordon,Charlie Villanueva,Jason Maxiell,Tayshaun Prince,Will Bynum,2,7:09,MIN,shot,,,,,,,,,,Kevin Love,,,,missed,,jump,13,13
Al Jefferson,Damien Wilkins,Kevin Love,Ramon Sessions,Wayne Ellington,Ben Gordon,Charlie Villanueva,Jason Maxiell,Tayshaun Prince,Will Bynum,2,7:08,DET,rebound,,,,,,,,,,Charlie Villanueva,,,,,,def,,
Al Jefferson,Damien Wilkins,Kevin Love,Ramon Sessions,Wayne Ellington,Ben Gordon,Charlie Villanueva,Jason Maxiell,Tayshaun Prince,Will Bynum,2,6:59,DET,shot,,,,,,,,,,Will Bynum,,,,missed,,jump,21,25
Al Jefferson,Damien Wilkins,Kevin Love,Ramon Sessions,Wayne Ellington,Ben Gordon,Charlie Villanueva,Jason Maxiell,Tayshaun Prince,Will Bynum,2,6:58,MIN,rebound,,,,,,,,,,Kevin Love,,,,,,def,,
Al Jefferson,Damien Wilkins,Kevin Love,Ramon Sessions,Wayne Ellington,Ben Gordon,Charlie Villanueva,Jason Maxiell,Tayshaun Prince,Will Bynum,2,6:43,MIN,shot,,,,,,,,,,Al Jefferson,,,,missed,,hook,33,8
Al Jefferson,Damien Wilkins,Kevin Love,Ramon Sessions,Wayne Ellington,Ben Gordon,Charlie Villanueva,Jason Maxiell,Tayshaun Prince,Will Bynum,2,6:42,DET,rebound,,,,,,,,,,Charlie Villanueva,,,,,,def,,
Al Jefferson,Damien Wilkins,Kevin Love,Ramon Sessions,Wayne Ellington,Ben Gordon,Charlie Villanueva,Jason Maxiell,Tayshaun Prince,Will Bynum,2,6:35,DET,turnover,,,,,,,,,,Will Bynum,,,bad pass,,,,,
Al Jefferson,Damien Wilkins,Ramon Sessions,Ryan Hollins,Wayne Ellington,Ben Gordon,Charlie Villanueva,Jason Maxiell,Tayshaun Prince,Will Bynum,2,6:35,MIN,sub,,,,Ryan Hollins,,Kevin Love,,,,,,,,,,,,
Al Jefferson,Damien Wilkins,Ramon Sessions,Ryan Hollins,Wayne Ellington,Ben Gordon,Charlie Villanueva,Jason Maxiell,Tayshaun Prince,Will Bynum,2,6:27,DET,foul,,,,,,,,Ramon Sessions,,Will Bynum,,,,,,personal,,
Al Jefferson,Damien Wilkins,Ramon Sessions,Ryan Hollins,Wayne Ellington,Ben Gordon,Charlie Villanueva,Jason Maxiell,Tayshaun Prince,Will Bynum,2,6:27,MIN,free throw,,,,,,,1,,2,Ramon Sessions,,,foul,missed,,,,
Al Jefferson,Damien Wilkins,Ramon Sessions,Ryan Hollins,Wayne Ellington,Ben Gordon,Charlie Villanueva,Jason Maxiell,Tayshaun Prince,Will Bynum,2,6:27,MIN,rebound,,,,,,,,,,,,,,,,,,
Al Jefferson,Damien Wilkins,Ramon Sessions,Ryan Hollins,Wayne Ellington,Ben Gordon,Charlie Villanueva,Jason Maxiell,Rodney Stuckey,Tayshaun Prince,2,6:27,DET,sub,,,,Rodney Stuckey,,Will Bynum,,,,,,,,,,,,
Al Jefferson,Damien Wilkins,Ramon Sessions,Ryan Hollins,Wayne Ellington,Ben Gordon,Ben Wallace,Charlie Villanueva,Rodney Stuckey,Tayshaun Prince,2,6:27,DET,sub,,,,Ben Wallace,,Jason Maxiell,,,,,,,,,,,,
Al Jefferson,Damien Wilkins,Ramon Sessions,Ryan Hollins,Wayne Ellington,Ben Gordon,Ben Wallace,Charlie Villanueva,Rodney Stuckey,Tayshaun Prince,2,6:27,MIN,free throw,,,,,,,2,,2,Ramon Sessions,,,foul,missed,,,,
Al Jefferson,Damien Wilkins,Ramon Sessions,Ryan Hollins,Wayne Ellington,Ben Gordon,Ben Wallace,Charlie Villanueva,Rodney Stuckey,Tayshaun Prince,2,6:25,DET,rebound,,,,,,,,,,Charlie Villanueva,,,,,,def,,
Al Jefferson,Damien Wilkins,Ramon Sessions,Ryan Hollins,Wayne Ellington,Ben Gordon,Ben Wallace,Charlie Villanueva,Rodney Stuckey,Tayshaun Prince,2,6:04,DET,shot,,,,,,,,,,Ben Gordon,,,,missed,,fade away jumper,34,23
Al Jefferson,Damien Wilkins,Ramon Sessions,Ryan Hollins,Wayne Ellington,Ben Gordon,Ben Wallace,Charlie Villanueva,Rodney Stuckey,Tayshaun Prince,2,6:03,MIN,rebound,,,,,,,,,,Al Jefferson,,,,,,def,,
Al Jefferson,Damien Wilkins,Ramon Sessions,Ryan Hollins,Wayne Ellington,Ben Gordon,Ben Wallace,Charlie Villanueva,Rodney Stuckey,Tayshaun Prince,2,5:51,DET,foul,,,,,,,,Al Jefferson,,Ben Wallace,,,,,,shooting,,
Al Jefferson,Damien Wilkins,Ramon Sessions,Ryan Hollins,Wayne Ellington,Ben Gordon,Ben Wallace,Charlie Villanueva,Rodney Stuckey,Tayshaun Prince,2,5:51,DET,timeout,,,,,,,,,,,,,,,,regular,,
Al Jefferson,Damien Wilkins,Ryan Gomes,Ryan Hollins,Wayne Ellington,Ben Gordon,Ben Wallace,Charlie Villanueva,Rodney Stuckey,Tayshaun Prince,2,5:51,MIN,sub,,,,Ryan Gomes,,Ramon Sessions,,,,,,,,,,,,
Al Jefferson,Corey Brewer,Ryan Gomes,Ryan Hollins,Wayne Ellington,Ben Gordon,Ben Wallace,Charlie Villanueva,Rodney Stuckey,Tayshaun Prince,2,5:51,MIN,sub,,,,Corey Brewer,,Damien Wilkins,,,,,,,,,,,,
Al Jefferson,Corey Brewer,Jonny Flynn,Ryan Gomes,Ryan Hollins,Ben Gordon,Ben Wallace,Charlie Villanueva,Rodney Stuckey,Tayshaun Prince,2,5:51,MIN,sub,,,,Jonny Flynn,,Wayne Ellington,,,,,,,,,,,,
Al Jefferson,Corey Brewer,Jonny Flynn,Ryan Gomes,Ryan Hollins,Ben Gordon,Ben Wallace,Charlie Villanueva,Rodney Stuckey,Tayshaun Prince,2,5:51,MIN,free throw,,,,,,,1,,2,Al Jefferson,,,foul,made,,,,
Al Jefferson,Corey Brewer,Jonny Flynn,Ryan Gomes,Ryan Hollins,Ben Gordon,Ben Wallace,Charlie Villanueva,Rodney Stuckey,Tayshaun Prince,2,5:51,MIN,free throw,,,,,,,2,,2,Al Jefferson,,,foul,made,,,,
Al Jefferson,Corey Brewer,Jonny Flynn,Ryan Gomes,Ryan Hollins,Ben Gordon,Ben Wallace,Charlie Villanueva,Rodney Stuckey,Tayshaun Prince,2,5:32,DET,shot,Tayshaun Prince,,,,,,,,,Ben Gordon,2,,,made,,fade away jumper,7,13
Al Jefferson,Corey Brewer,Jonny Flynn,Ryan Gomes,Ryan Hollins,Ben Gordon,Ben Wallace,Charlie Villanueva,Rodney Stuckey,Tayshaun Prince,2,5:23,MIN,shot,,,,,,,,,,Jonny Flynn,2,,,made,,driving layup,25,6
Al Jefferson,Corey Brewer,Jonny Flynn,Ryan Gomes,Ryan Hollins,Ben Gordon,Ben Wallace,Charlie Villanueva,Rodney Stuckey,Tayshaun Prince,2,5:05,DET,shot,Charlie Villanueva,,,,,,,,,Rodney Stuckey,2,,,made,,jump,8,12
Al Jefferson,Corey Brewer,Jonny Flynn,Ryan Gomes,Ryan Hollins,Ben Gordon,Ben Wallace,Charlie Villanueva,Rodney Stuckey,Tayshaun Prince,2,4:56,MIN,shot,,,,,,,,,,Ryan Gomes,,,,missed,,3pt,45,21
Al Jefferson,Corey Brewer,Jonny Flynn,Ryan Gomes,Ryan Hollins,Ben Gordon,Ben Wallace,Charlie Villanueva,Rodney Stuckey,Tayshaun Prince,2,4:55,DET,rebound,,,,,,,,,,Ben Wallace,,,,,,def,,
Al Jefferson,Corey Brewer,Jonny Flynn,Ryan Gomes,Ryan Hollins,Ben Gordon,Ben Wallace,Charlie Villanueva,Rodney Stuckey,Tayshaun Prince,2,4:47,DET,shot,Rodney Stuckey,,,,,,,,,Ben Gordon,2,,,made,,jump,10,21
Al Jefferson,Corey Brewer,Jonny Flynn,Ryan Gomes,Ryan Hollins,Ben Gordon,Ben Wallace,Charlie Villanueva,Rodney Stuckey,Tayshaun Prince,2,4:32,MIN,shot,,,,,,,,,,Al Jefferson,,,,missed,,turnaround hook,33,7
Al Jefferson,Corey Brewer,Jonny Flynn,Ryan Gomes,Ryan Hollins,Ben Gordon,Ben Wallace,Charlie Villanueva,Rodney Stuckey,Tayshaun Prince,2,4:31,DET,rebound,,,,,,,,,,Charlie Villanueva,,,,,,def,,
Al Jefferson,Corey Brewer,Jonny Flynn,Ryan Gomes,Ryan Hollins,Ben Gordon,Ben Wallace,Charlie Villanueva,Rodney Stuckey,Tayshaun Prince,2,4:21,DET,shot,,,,,,,,,,Rodney Stuckey,,,,missed,,jump bank,9,9
Al Jefferson,Corey Brewer,Jonny Flynn,Ryan Gomes,Ryan Hollins,Ben Gordon,Ben Wallace,Charlie Villanueva,Rodney Stuckey,Tayshaun Prince,2,4:21,DET,rebound,,,,,,,,,,,,,,,,,,
Al Jefferson,Corey Brewer,Jonny Flynn,Ryan Gomes,Ryan Hollins,Ben Gordon,Ben Wallace,Charlie Villanueva,Rodney Stuckey,Tayshaun Prince,2,4:21,MIN,foul,,,,,,,,Ben Wallace,,Ryan Hollins,,,,,,loose ball,,
Al Jefferson,Corey Brewer,Jonny Flynn,Ryan Gomes,Ryan Hollins,Ben Gordon,Ben Wallace,Jonas Jerebko,Rodney Stuckey,Tayshaun Prince,2,4:21,DET,sub,,,,Jonas Jerebko,,Charlie Villanueva,,,,,,,,,,,,
Al Jefferson,Corey Brewer,Jonny Flynn,Ryan Gomes,Ryan Hollins,Ben Wallace,Jonas Jerebko,Richard Hamilton,Rodney Stuckey,Tayshaun Prince,2,4:21,DET,sub,,,,Richard Hamilton,,Ben Gordon,,,,,,,,,,,,
Corey Brewer,Jonny Flynn,Kevin Love,Ryan Gomes,Ryan Hollins,Ben Wallace,Jonas Jerebko,Richard Hamilton,Rodney Stuckey,Tayshaun Prince,2,4:21,MIN,sub,,,,Kevin Love,,Al Jefferson,,,,,,,,,,,,
Corey Brewer,Jonny Flynn,Kevin Love,Ryan Gomes,Ryan Hollins,Ben Wallace,Jonas Jerebko,Richard Hamilton,Rodney Stuckey,Tayshaun Prince,2,4:06,MIN,foul,,,,,,,,Jonas Jerebko,,Jonny Flynn,,,,,,personal,,
Corey Brewer,Jonny Flynn,Kevin Love,Ryan Gomes,Ryan Hollins,Ben Gordon,Ben Wallace,Jonas Jerebko,Richard Hamilton,Rodney Stuckey,2,4:06,DET,sub,,,,Ben Gordon,,Tayshaun Prince,,,,,,,,,,,,
Corey Brewer,Jonny Flynn,Kevin Love,Ryan Gomes,Ryan Hollins,Ben Gordon,Ben Wallace,Jonas Jerebko,Richard Hamilton,Rodney Stuckey,2,3:52,DET,shot,,,,,,,,,,Rodney Stuckey,,,,missed,,layup,25,6
Corey Brewer,Jonny Flynn,Kevin Love,Ryan Gomes,Ryan Hollins,Ben Gordon,Ben Wallace,Jonas Jerebko,Richard Hamilton,Rodney Stuckey,2,3:50,MIN,rebound,,,,,,,,,,Kevin Love,,,,,,def,,
Corey Brewer,Jonny Flynn,Kevin Love,Ryan Gomes,Ryan Hollins,Ben Gordon,Ben Wallace,Jonas Jerebko,Richard Hamilton,Rodney Stuckey,2,3:43,MIN,shot,,,,,,,,,,Jonny Flynn,2,,,made,,floating jump,32,9
Corey Brewer,Jonny Flynn,Kevin Love,Ryan Gomes,Ryan Hollins,Ben Gordon,Ben Wallace,Jonas Jerebko,Richard Hamilton,Rodney Stuckey,2,3:20,DET,shot,,,,,,,,,,Jonas Jerebko,,,,missed,,jump,14,20
Corey Brewer,Jonny Flynn,Kevin Love,Ryan Gomes,Ryan Hollins,Ben Gordon,Ben Wallace,Jonas Jerebko,Richard Hamilton,Rodney Stuckey,2,3:18,DET,rebound,,,,,,,,,,Rodney Stuckey,,,,,,off,,
Corey Brewer,Jonny Flynn,Kevin Love,Ryan Gomes,Ryan Hollins,Ben Gordon,Ben Wallace,Jonas Jerebko,Richard Hamilton,Rodney Stuckey,2,3:08,DET,turnover,,,,,,,,,,,,,shot clock turnover,,,,,
Corey Brewer,Jonny Flynn,Kevin Love,Ryan Gomes,Ryan Hollins,Ben Gordon,Ben Wallace,Jonas Jerebko,Richard Hamilton,Rodney Stuckey,2,2:59,MIN,shot,,,,,,,,,,Jonny Flynn,,,,missed,,running jump,37,9
Corey Brewer,Jonny Flynn,Kevin Love,Ryan Gomes,Ryan Hollins,Ben Gordon,Ben Wallace,Jonas Jerebko,Richard Hamilton,Rodney Stuckey,2,2:58,DET,rebound,,,,,,,,,,Ben Wallace,,,,,,def,,
Corey Brewer,Jonny Flynn,Kevin Love,Ryan Gomes,Ryan Hollins,Ben Gordon,Ben Wallace,Jonas Jerebko,Richard Hamilton,Rodney Stuckey,2,2:49,DET,turnover,,,,,,,,,,Rodney Stuckey,,,lost ball,,Jonny Flynn,,,
Corey Brewer,Jonny Flynn,Kevin Love,Ryan Gomes,Ryan Hollins,Ben Gordon,Ben Wallace,Jonas Jerebko,Richard Hamilton,Rodney Stuckey,2,2:44,MIN,shot,Jonny Flynn,,,,,,,,,Kevin Love,2,,,made,,dunk,25,6
Corey Brewer,Jonny Flynn,Kevin Love,Ryan Gomes,Ryan Hollins,Ben Gordon,Ben Wallace,Jonas Jerebko,Richard Hamilton,Rodney Stuckey,2,2:31,DET,shot,,,,,,,,,,Richard Hamilton,,,,missed,,jump,11,12
Corey Brewer,Jonny Flynn,Kevin Love,Ryan Gomes,Ryan Hollins,Ben Gordon,Ben Wallace,Jonas Jerebko,Richard Hamilton,Rodney Stuckey,2,2:30,MIN,rebound,,,,,,,,,,Kevin Love,,,,,,def,,
Corey Brewer,Jonny Flynn,Kevin Love,Ryan Gomes,Ryan Hollins,Ben Gordon,Ben Wallace,Jonas Jerebko,Richard Hamilton,Rodney Stuckey,2,2:22,MIN,shot,,,,,,,,,,Corey Brewer,,,,missed,,pullup jump,41,12
Corey Brewer,Jonny Flynn,Kevin Love,Ryan Gomes,Ryan Hollins,Ben Gordon,Ben Wallace,Jonas Jerebko,Richard Hamilton,Rodney Stuckey,2,2:22,MIN,rebound,,,,,,,,,,,,,,,,,,
Corey Brewer,Jonny Flynn,Kevin Love,Ryan Gomes,Ryan Hollins,Ben Gordon,Ben Wallace,Jonas Jerebko,Richard Hamilton,Rodney Stuckey,2,2:22,MIN,timeout,,,,,,,,,,,,,,,,regular,,
Corey Brewer,Jonny Flynn,Kevin Love,Ryan Gomes,Wayne Ellington,Ben Gordon,Ben Wallace,Jonas Jerebko,Richard Hamilton,Rodney Stuckey,2,2:22,MIN,sub,,,,Wayne Ellington,,Ryan Hollins,,,,,,,,,,,,
Corey Brewer,Jonny Flynn,Kevin Love,Ryan Gomes,Wayne Ellington,Ben Gordon,Ben Wallace,Jonas Jerebko,Richard Hamilton,Rodney Stuckey,2,2:05,DET,foul,,,,,,,,Jonny Flynn,,Ben Gordon,,,,,,shooting,,
Corey Brewer,Jonny Flynn,Kevin Love,Ryan Gomes,Wayne Ellington,Ben Gordon,Ben Wallace,Jonas Jerebko,Richard Hamilton,Rodney Stuckey,2,2:05,MIN,free throw,,,,,,,1,,2,Jonny Flynn,,,foul,missed,,,,
Corey Brewer,Jonny Flynn,Kevin Love,Ryan Gomes,Wayne Ellington,Ben Gordon,Ben Wallace,Jonas Jerebko,Richard Hamilton,Rodney Stuckey,2,2:05,MIN,rebound,,,,,,,,,,,,,,,,,,
Corey Brewer,Jonny Flynn,Kevin Love,Ryan Gomes,Wayne Ellington,Ben Gordon,Ben Wallace,Jonas Jerebko,Richard Hamilton,Rodney Stuckey,2,2:05,MIN,free throw,,,,,,,2,,2,Jonny Flynn,,,foul,made,,,,
Corey Brewer,Jonny Flynn,Kevin Love,Ryan Gomes,Wayne Ellington,Ben Gordon,Ben Wallace,Jonas Jerebko,Richard Hamilton,Rodney Stuckey,2,1:45,DET,shot,Richard Hamilton,,,,,,,,,Ben Gordon,2,,,made,,floating jump,22,12
Corey Brewer,Jonny Flynn,Kevin Love,Ryan Gomes,Wayne Ellington,Ben Gordon,Ben Wallace,Jonas Jerebko,Richard Hamilton,Rodney Stuckey,2,1:45,MIN,foul,,,,,,,,Ben Gordon,,Wayne Ellington,,,,,,shooting,,
Corey Brewer,Jonny Flynn,Kevin Love,Ryan Gomes,Wayne Ellington,Ben Gordon,Ben Wallace,Jonas Jerebko,Richard Hamilton,Rodney Stuckey,2,1:45,DET,free throw,,,,,,,1,,1,Ben Gordon,,,foul,missed,,,,
Corey Brewer,Jonny Flynn,Kevin Love,Ryan Gomes,Wayne Ellington,Ben Gordon,Ben Wallace,Jonas Jerebko,Richard Hamilton,Rodney Stuckey,2,1:44,MIN,rebound,,,,,,,,,,Kevin Love,,,,,,def,,
Corey Brewer,Jonny Flynn,Kevin Love,Ryan Gomes,Wayne Ellington,Ben Gordon,Ben Wallace,Jonas Jerebko,Richard Hamilton,Rodney Stuckey,2,1:16,MIN,shot,Kevin Love,,,,,,,,,Corey Brewer,2,,,made,,jump,6,7
Corey Brewer,Jonny Flynn,Kevin Love,Ryan Gomes,Wayne Ellington,Ben Gordon,Ben Wallace,Jonas Jerebko,Richard Hamilton,Rodney Stuckey,2,0:59,DET,shot,,,,,,,,,,Richard Hamilton,,,,missed,,jump,37,18
Corey Brewer,Jonny Flynn,Kevin Love,Ryan Gomes,Wayne Ellington,Ben Gordon,Ben Wallace,Jonas Jerebko,Richard Hamilton,Rodney Stuckey,2,0:58,MIN,rebound,,,,,,,,,,Kevin Love,,,,,,def,,
Corey Brewer,Jonny Flynn,Kevin Love,Ryan Gomes,Wayne Ellington,Ben Gordon,Ben Wallace,Jonas Jerebko,Richard Hamilton,Rodney Stuckey,2,0:50,MIN,shot,Corey Brewer,,,,,,,,,Wayne Ellington,3,,,made,,3pt,48,13
Corey Brewer,Jonny Flynn,Kevin Love,Ryan Gomes,Wayne Ellington,Ben Gordon,Ben Wallace,Jonas Jerebko,Richard Hamilton,Rodney Stuckey,2,0:36,MIN,foul,,,,,,,,Rodney Stuckey,,Jonny Flynn,,,,,,shooting,,
Corey Brewer,Jonny Flynn,Kevin Love,Ryan Gomes,Wayne Ellington,Ben Gordon,Ben Wallace,Jonas Jerebko,Richard Hamilton,Rodney Stuckey,2,0:36,DET,free throw,,,,,,,1,,2,Rodney Stuckey,,,foul,made,,,,
Corey Brewer,Jonny Flynn,Kevin Love,Ryan Gomes,Wayne Ellington,Ben Gordon,Ben Wallace,Jonas Jerebko,Richard Hamilton,Rodney Stuckey,2,0:36,DET,free throw,,,,,,,2,,2,Rodney Stuckey,,,foul,made,,,,
Corey Brewer,Jonny Flynn,Kevin Love,Ryan Gomes,Wayne Ellington,Ben Gordon,Ben Wallace,Jonas Jerebko,Richard Hamilton,Rodney Stuckey,2,0:29,MIN,shot,,,Ben Wallace,,,,,,,Jonny Flynn,,,,missed,,layup,25,6
Corey Brewer,Jonny Flynn,Kevin Love,Ryan Gomes,Wayne Ellington,Ben Gordon,Ben Wallace,Jonas Jerebko,Richard Hamilton,Rodney Stuckey,2,0:27,DET,rebound,,,,,,,,,,Ben Gordon,,,,,,def,,
Corey Brewer,Jonny Flynn,Kevin Love,Ryan Gomes,Wayne Ellington,Ben Gordon,Ben Wallace,Jonas Jerebko,Richard Hamilton,Rodney Stuckey,2,0:24,DET,shot,Ben Gordon,,,,,,,,,Jonas Jerebko,2,,,made,,layup,25,6
Corey Brewer,Jonny Flynn,Kevin Love,Ryan Gomes,Wayne Ellington,Ben Gordon,Ben Wallace,Jonas Jerebko,Richard Hamilton,Rodney Stuckey,2,0:00,MIN,turnover,,,,,,,,,,Jonny Flynn,,,out of bounds lost ball turnover,,,,,
Al Jefferson,Corey Brewer,Jonny Flynn,Ryan Gomes,Ryan Hollins,Ben Wallace,Jonas Jerebko,Richard Hamilton,Rodney Stuckey,Tayshaun Prince,3,11:46,MIN,shot,,,,,,,,,,Corey Brewer,,,,missed,,3pt,3,21
Al Jefferson,Corey Brewer,Jonny Flynn,Ryan Gomes,Ryan Hollins,Ben Wallace,Jonas Jerebko,Richard Hamilton,Rodney Stuckey,Tayshaun Prince,3,11:45,DET,rebound,,,,,,,,,,Tayshaun Prince,,,,,,def,,
Al Jefferson,Corey Brewer,Jonny Flynn,Ryan Gomes,Ryan Hollins,Ben Wallace,Jonas Jerebko,Richard Hamilton,Rodney Stuckey,Tayshaun Prince,3,11:28,DET,shot,Tayshaun Prince,,,,,,,,,Jonas Jerebko,2,,,made,,dunk,25,6
Al Jefferson,Corey Brewer,Jonny Flynn,Ryan Gomes,Ryan Hollins,Ben Wallace,Jonas Jerebko,Richard Hamilton,Rodney Stuckey,Tayshaun Prince,3,11:21,MIN,foul,,,,,,,,Jonas Jerebko,,Ryan Hollins,,,,,,offensive,,
Al Jefferson,Corey Brewer,Jonny Flynn,Ryan Gomes,Ryan Hollins,Ben Wallace,Jonas Jerebko,Richard Hamilton,Rodney Stuckey,Tayshaun Prince,3,11:21,MIN,turnover,,,,,,,,,,Ryan Hollins,,,foul,,,,,
Al Jefferson,Corey Brewer,Jonny Flynn,Ryan Gomes,Ryan Hollins,Ben Wallace,Jonas Jerebko,Richard Hamilton,Rodney Stuckey,Tayshaun Prince,3,11:04,DET,shot,,,,,,,,,,Ben Wallace,,,,missed,,layup,25,6
Al Jefferson,Corey Brewer,Jonny Flynn,Ryan Gomes,Ryan Hollins,Ben Wallace,Jonas Jerebko,Richard Hamilton,Rodney Stuckey,Tayshaun Prince,3,11:03,MIN,rebound,,,,,,,,,,Corey Brewer,,,,,,def,,
Al Jefferson,Corey Brewer,Jonny Flynn,Ryan Gomes,Ryan Hollins,Ben Wallace,Jonas Jerebko,Richard Hamilton,Rodney Stuckey,Tayshaun Prince,3,10:47,MIN,turnover,,,,,,,,,,Jonny Flynn,,,lost ball,,Ben Wallace,,,
Al Jefferson,Corey Brewer,Jonny Flynn,Ryan Gomes,Ryan Hollins,Ben Wallace,Jonas Jerebko,Richard Hamilton,Rodney Stuckey,Tayshaun Prince,3,10:43,DET,shot,Rodney Stuckey,,,,,,,,,Ben Wallace,2,,,made,,dunk,25,6
Al Jefferson,Corey Brewer,Jonny Flynn,Ryan Gomes,Ryan Hollins,Ben Wallace,Jonas Jerebko,Richard Hamilton,Rodney Stuckey,Tayshaun Prince,3,10:20,MIN,shot,,,,,,,,,,Jonny Flynn,,,,missed,,3pt,28,31
Al Jefferson,Corey Brewer,Jonny Flynn,Ryan Gomes,Ryan Hollins,Ben Wallace,Jonas Jerebko,Richard Hamilton,Rodney Stuckey,Tayshaun Prince,3,10:19,MIN,rebound,,,,,,,,,,Al Jefferson,,,,,,off,,
Al Jefferson,Corey Brewer,Jonny Flynn,Ryan Gomes,Ryan Hollins,Ben Wallace,Jonas Jerebko,Richard Hamilton,Rodney Stuckey,Tayshaun Prince,3,10:19,MIN,turnover,,,,,,,,,,Ryan Gomes,,,bad pass,,,,,
Al Jefferson,Corey Brewer,Jonny Flynn,Ryan Gomes,Ryan Hollins,Ben Wallace,Jonas Jerebko,Richard Hamilton,Rodney Stuckey,Tayshaun Prince,3,10:12,MIN,foul,,,,,,,,Jonas Jerebko,,Ryan Hollins,,,,,,loose ball,,
Al Jefferson,Corey Brewer,Jonny Flynn,Ryan Gomes,Ryan Hollins,Ben Wallace,Jonas Jerebko,Richard Hamilton,Rodney Stuckey,Tayshaun Prince,3,9:53,DET,shot,Rodney Stuckey,,,,,,,,,Ben Wallace,2,,,made,,dunk,25,6
Al Jefferson,Corey Brewer,Jonny Flynn,Ryan Gomes,Ryan Hollins,Ben Wallace,Jonas Jerebko,Richard Hamilton,Rodney Stuckey,Tayshaun Prince,3,9:51,MIN,timeout,,,,,,,,,,,,,,,,regular,,
Al Jefferson,Corey Brewer,Jonny Flynn,Kevin Love,Ryan Gomes,Ben Wallace,Jonas Jerebko,Richard Hamilton,Rodney Stuckey,Tayshaun Prince,3,9:51,MIN,sub,,,,Kevin Love,,Ryan Hollins,,,,,,,,,,,,
Al Jefferson,Corey Brewer,Kevin Love,Ramon Sessions,Ryan Gomes,Ben Wallace,Jonas Jerebko,Richard Hamilton,Rodney Stuckey,Tayshaun Prince,3,9:51,MIN,sub,,,,Ramon Sessions,,Jonny Flynn,,,,,,,,,,,,
Al Jefferson,Corey Brewer,Kevin Love,Ramon Sessions,Ryan Gomes,Ben Wallace,Jonas Jerebko,Richard Hamilton,Rodney Stuckey,Tayshaun Prince,3,9:37,MIN,turnover,,,,,,,,,,Corey Brewer,,,bad pass,,Jonas Jerebko,,,
Al Jefferson,Corey Brewer,Kevin Love,Ramon Sessions,Ryan Gomes,Ben Wallace,Jonas Jerebko,Richard Hamilton,Rodney Stuckey,Tayshaun Prince,3,9:34,MIN,foul,,,,,,,,Richard Hamilton,,Ramon Sessions,,,,,,clear path,,
Al Jefferson,Corey Brewer,Kevin Love,Ramon Sessions,Ryan Gomes,Ben Wallace,Jonas Jerebko,Richard Hamilton,Rodney Stuckey,Tayshaun Prince,3,9:34,DET,free throw,,,,,,,1,,2,Richard Hamilton,,,foul,made,,,,
Al Jefferson,Corey Brewer,Kevin Love,Ramon Sessions,Ryan Gomes,Ben Wallace,Jonas Jerebko,Richard Hamilton,Rodney Stuckey,Tayshaun Prince,3,9:34,DET,free throw,,,,,,,2,,2,Richard Hamilton,,,foul,made,,,,
Al Jefferson,Corey Brewer,Kevin Love,Ramon Sessions,Ryan Gomes,Ben Wallace,Jonas Jerebko,Richard Hamilton,Rodney Stuckey,Tayshaun Prince,3,9:19,DET,shot,Ben Wallace,,,,,,,,,Jonas Jerebko,2,,,made,,layup,25,6
Al Jefferson,Corey Brewer,Kevin Love,Ramon Sessions,Ryan Gomes,Ben Wallace,Jonas Jerebko,Richard Hamilton,Rodney Stuckey,Tayshaun Prince,3,9:08,MIN,shot,,,,,,,,,,Ryan Gomes,,,,missed,,3pt,32,32
Al Jefferson,Corey Brewer,Kevin Love,Ramon Sessions,Ryan Gomes,Ben Wallace,Jonas Jerebko,Richard Hamilton,Rodney Stuckey,Tayshaun Prince,3,9:07,DET,rebound,,,,,,,,,,Ben Wallace,,,,,,def,,
Al Jefferson,Corey Brewer,Kevin Love,Ramon Sessions,Ryan Gomes,Ben Wallace,Jonas Jerebko,Richard Hamilton,Rodney Stuckey,Tayshaun Prince,3,9:02,MIN,foul,,,,,,,,Rodney Stuckey,,Corey Brewer,,,,,,shooting,,
Al Jefferson,Corey Brewer,Kevin Love,Ramon Sessions,Ryan Gomes,Ben Wallace,Jonas Jerebko,Richard Hamilton,Rodney Stuckey,Tayshaun Prince,3,9:02,DET,free throw,,,,,,,1,,2,Rodney Stuckey,,,foul,made,,,,
Corey Brewer,Kevin Love,Nathan Jawai,Ramon Sessions,Ryan Gomes,Ben Wallace,Jonas Jerebko,Richard Hamilton,Rodney Stuckey,Tayshaun Prince,3,9:02,MIN,sub,,,,Nathan Jawai,,Al Jefferson,,,,,,,,,,,,
Kevin Love,Nathan Jawai,Ramon Sessions,Ryan Gomes,Wayne Ellington,Ben Wallace,Jonas Jerebko,Richard Hamilton,Rodney Stuckey,Tayshaun Prince,3,9:02,MIN,sub,,,,Wayne Ellington,,Corey Brewer,,,,,,,,,,,,
Kevin Love,Nathan Jawai,Ramon Sessions,Ryan Gomes,Wayne Ellington,Ben Wallace,Jonas Jerebko,Richard Hamilton,Rodney Stuckey,Tayshaun Prince,3,9:02,DET,free throw,,,,,,,2,,2,Rodney Stuckey,,,foul,made,,,,
Kevin Love,Nathan Jawai,Ramon Sessions,Ryan Gomes,Wayne Ellington,Ben Wallace,Jonas Jerebko,Richard Hamilton,Rodney Stuckey,Tayshaun Prince,3,8:47,MIN,shot,Ramon Sessions,,,,,,,,,Kevin Love,2,,,made,,layup,25,6
Kevin Love,Nathan Jawai,Ramon Sessions,Ryan Gomes,Wayne Ellington,Ben Wallace,Jonas Jerebko,Richard Hamilton,Rodney Stuckey,Tayshaun Prince,3,8:21,DET,shot,Rodney Stuckey,,,,,,,,,Ben Wallace,2,,,made,,dunk,25,6
Kevin Love,Nathan Jawai,Ramon Sessions,Ryan Gomes,Wayne Ellington,Ben Wallace,Jonas Jerebko,Richard Hamilton,Rodney Stuckey,Tayshaun Prince,3,8:08,DET,foul,,,,,,,,Ramon Sessions,,Rodney Stuckey,,,,,,personal,,
Kevin Love,Nathan Jawai,Ramon Sessions,Ryan Gomes,Wayne Ellington,Ben Wallace,Jonas Jerebko,Richard Hamilton,Rodney Stuckey,Tayshaun Prince,3,8:01,DET,foul,,,,,,,,Ramon Sessions,,Rodney Stuckey,,,,,,personal,,
Kevin Love,Nathan Jawai,Ramon Sessions,Ryan Gomes,Wayne Ellington,Ben Wallace,Jonas Jerebko,Richard Hamilton,Rodney Stuckey,Tayshaun Prince,3,7:56,MIN,shot,,,,,,,,,,Ramon Sessions,,,,missed,,layup,25,6
Kevin Love,Nathan Jawai,Ramon Sessions,Ryan Gomes,Wayne Ellington,Ben Wallace,Jonas Jerebko,Richard Hamilton,Rodney Stuckey,Tayshaun Prince,3,7:55,DET,rebound,,,,,,,,,,Ben Wallace,,,,,,def,,
Kevin Love,Nathan Jawai,Ramon Sessions,Ryan Gomes,Wayne Ellington,Ben Wallace,Jonas Jerebko,Richard Hamilton,Rodney Stuckey,Tayshaun Prince,3,7:45,DET,shot,,,,,,,,,,Jonas Jerebko,,,,missed,,3pt,43,26
Kevin Love,Nathan Jawai,Ramon Sessions,Ryan Gomes,Wayne Ellington,Ben Wallace,Jonas Jerebko,Richard Hamilton,Rodney Stuckey,Tayshaun Prince,3,7:44,MIN,rebound,,,,,,,,,,Kevin Love,,,,,,def,,
Kevin Love,Nathan Jawai,Ramon Sessions,Ryan Gomes,Wayne Ellington,Ben Wallace,Jonas Jerebko,Richard Hamilton,Rodney Stuckey,Tayshaun Prince,3,7:30,MIN,shot,,,,,,,,,,Ryan Gomes,,,,missed,,3pt,49,9
Kevin Love,Nathan Jawai,Ramon Sessions,Ryan Gomes,Wayne Ellington,Ben Wallace,Jonas Jerebko,Richard Hamilton,Rodney Stuckey,Tayshaun Prince,3,7:28,DET,rebound,,,,,,,,,,Richard Hamilton,,,,,,def,,
Kevin Love,Nathan Jawai,Ramon Sessions,Ryan Gomes,Wayne Ellington,Ben Wallace,Jonas Jerebko,Richard Hamilton,Rodney Stuckey,Tayshaun Prince,3,7:13,DET,shot,,,,,,,,,,Rodney Stuckey,,,,missed,,layup,25,6
Kevin Love,Nathan Jawai,Ramon Sessions,Ryan Gomes,Wayne Ellington,Ben Wallace,Jonas Jerebko,Richard Hamilton,Rodney Stuckey,Tayshaun Prince,3,7:12,DET,rebound,,,,,,,,,,Jonas Jerebko,,,,,,off,,
Kevin Love,Nathan Jawai,Ramon Sessions,Ryan Gomes,Wayne Ellington,Ben Wallace,Jonas Jerebko,Richard Hamilton,Rodney Stuckey,Tayshaun Prince,3,7:12,DET,shot,,,,,,,,,,Jonas Jerebko,,,,missed,,tip,25,6
Kevin Love,Nathan Jawai,Ramon Sessions,Ryan Gomes,Wayne Ellington,Ben Wallace,Jonas Jerebko,Richard Hamilton,Rodney Stuckey,Tayshaun Prince,3,7:12,MIN,rebound,,,,,,,,,,Kevin Love,,,,,,def,,
Kevin Love,Nathan Jawai,Ramon Sessions,Ryan Gomes,Wayne Ellington,Ben Wallace,Jonas Jerebko,Richard Hamilton,Rodney Stuckey,Tayshaun Prince,3,7:12,DET,foul,,,,,,,,Kevin Love,,Jonas Jerebko,,,,,,personal,,
Kevin Love,Nathan Jawai,Ramon Sessions,Ryan Gomes,Wayne Ellington,Jason Maxiell,Jonas Jerebko,Richard Hamilton,Rodney Stuckey,Tayshaun Prince,3,7:12,DET,sub,,,,Jason Maxiell,,Ben Wallace,,,,,,,,,,,,
Kevin Love,Nathan Jawai,Ramon Sessions,Ryan Gomes,Wayne Ellington,Jason Maxiell,Jonas Jerebko,Richard Hamilton,Rodney Stuckey,Tayshaun Prince,3,6:57,MIN,turnover,,,,,,,,,,Nathan Jawai,,,traveling,,,,,
Kevin Love,Nathan Jawai,Ramon Sessions,Ryan Gomes,Wayne Ellington,Jason Maxiell,Jonas Jerebko,Richard Hamilton,Rodney Stuckey,Tayshaun Prince,3,6:40,DET,shot,,,,,,,,,,Jonas Jerebko,,,,missed,,layup,25,6
Kevin Love,Nathan Jawai,Ramon Sessions,Ryan Gomes,Wayne Ellington,Jason Maxiell,Jonas Jerebko,Richard Hamilton,Rodney Stuckey,Tayshaun Prince,3,6:38,DET,rebound,,,,,,,,,,Jason Maxiell,,,,,,off,,
Kevin Love,Nathan Jawai,Ramon Sessions,Ryan Gomes,Wayne Ellington,Jason Maxiell,Jonas Jerebko,Richard Hamilton,Rodney Stuckey,Tayshaun Prince,3,6:37,DET,shot,,,,,,,,,,Jason Maxiell,2,,,made,,putback dunk,25,6
Kevin Love,Nathan Jawai,Ramon Sessions,Ryan Gomes,Wayne Ellington,Jason Maxiell,Jonas Jerebko,Richard Hamilton,Rodney Stuckey,Tayshaun Prince,3,6:16,MIN,shot,,,,,,,,,,Wayne Ellington,,,,missed,,pullup jump,12,12
Kevin Love,Nathan Jawai,Ramon Sessions,Ryan Gomes,Wayne Ellington,Jason Maxiell,Jonas Jerebko,Richard Hamilton,Rodney Stuckey,Tayshaun Prince,3,6:15,DET,rebound,,,,,,,,,,Rodney Stuckey,,,,,,def,,
Kevin Love,Nathan Jawai,Ramon Sessions,Ryan Gomes,Wayne Ellington,Jason Maxiell,Jonas Jerebko,Richard Hamilton,Rodney Stuckey,Tayshaun Prince,3,6:12,MIN,foul,,,,,,,,Jonas Jerebko,,Ramon Sessions,,,,,,shooting,,
Damien Wilkins,Kevin Love,Nathan Jawai,Ramon Sessions,Wayne Ellington,Jason Maxiell,Jonas Jerebko,Richard Hamilton,Rodney Stuckey,Tayshaun Prince,3,6:12,MIN,sub,,,,Damien Wilkins,,Ryan Gomes,,,,,,,,,,,,
Damien Wilkins,Kevin Love,Nathan Jawai,Ramon Sessions,Wayne Ellington,Jason Maxiell,Jonas Jerebko,Richard Hamilton,Rodney Stuckey,Tayshaun Prince,3,6:12,DET,free throw,,,,,,,1,,2,Jonas Jerebko,,,foul,made,,,,
Damien Wilkins,Kevin Love,Nathan Jawai,Ramon Sessions,Wayne Ellington,Jason Maxiell,Jonas Jerebko,Richard Hamilton,Tayshaun Prince,Will Bynum,3,6:12,DET,sub,,,,Will Bynum,,Rodney Stuckey,,,,,,,,,,,,
Damien Wilkins,Kevin Love,Nathan Jawai,Ramon Sessions,Wayne Ellington,Jason Maxiell,Jonas Jerebko,Richard Hamilton,Tayshaun Prince,Will Bynum,3,6:12,DET,free throw,,,,,,,2,,2,Jonas Jerebko,,,foul,made,,,,
Damien Wilkins,Kevin Love,Nathan Jawai,Ramon Sessions,Wayne Ellington,Jason Maxiell,Jonas Jerebko,Richard Hamilton,Tayshaun Prince,Will Bynum,3,5:57,MIN,shot,,,,,,,,,,Kevin Love,,,,missed,,hook,18,7
Damien Wilkins,Kevin Love,Nathan Jawai,Ramon Sessions,Wayne Ellington,Jason Maxiell,Jonas Jerebko,Richard Hamilton,Tayshaun Prince,Will Bynum,3,5:56,DET,rebound,,,,,,,,,,Tayshaun Prince,,,,,,def,,
Damien Wilkins,Kevin Love,Nathan Jawai,Ramon Sessions,Wayne Ellington,Jason Maxiell,Jonas Jerebko,Richard Hamilton,Tayshaun Prince,Will Bynum,3,5:50,DET,turnover,,,,,,,,,,Tayshaun Prince,,,bad pass,,Ramon Sessions,,,
Damien Wilkins,Kevin Love,Nathan Jawai,Ramon Sessions,Wayne Ellington,Jason Maxiell,Jonas Jerebko,Richard Hamilton,Tayshaun Prince,Will Bynum,3,5:45,MIN,shot,,,,,,,,,,Wayne Ellington,,,,missed,,layup,25,6
Damien Wilkins,Kevin Love,Nathan Jawai,Ramon Sessions,Wayne Ellington,Jason Maxiell,Jonas Jerebko,Richard Hamilton,Tayshaun Prince,Will Bynum,3,5:44,MIN,rebound,,,,,,,,,,Ramon Sessions,,,,,,off,,
Damien Wilkins,Kevin Love,Nathan Jawai,Ramon Sessions,Wayne Ellington,Jason Maxiell,Jonas Jerebko,Richard Hamilton,Tayshaun Prince,Will Bynum,3,5:42,MIN,shot,,,,,,,,,,Ramon Sessions,2,,,made,,putback layup,25,6
Damien Wilkins,Kevin Love,Nathan Jawai,Ramon Sessions,Wayne Ellington,Jason Maxiell,Jonas Jerebko,Richard Hamilton,Tayshaun Prince,Will Bynum,3,5:21,DET,shot,,,,,,,,,,Richard Hamilton,,,,missed,,jump,41,8
Damien Wilkins,Kevin Love,Nathan Jawai,Ramon Sessions,Wayne Ellington,Jason Maxiell,Jonas Jerebko,Richard Hamilton,Tayshaun Prince,Will Bynum,3,5:20,MIN,rebound,,,,,,,,,,Ramon Sessions,,,,,,def,,
Damien Wilkins,Kevin Love,Nathan Jawai,Ramon Sessions,Wayne Ellington,Jason Maxiell,Jonas Jerebko,Richard Hamilton,Tayshaun Prince,Will Bynum,3,5:11,DET,foul,,,,,,,,Ramon Sessions,,Jonas Jerebko,,,,,,personal,,
Damien Wilkins,Kevin Love,Nathan Jawai,Ramon Sessions,Wayne Ellington,Charlie Villanueva,Jason Maxiell,Richard Hamilton,Tayshaun Prince,Will Bynum,3,5:11,DET,sub,,,,Charlie Villanueva,,Jonas Jerebko,,,,,,,,,,,,
Damien Wilkins,Kevin Love,Nathan Jawai,Ramon Sessions,Wayne Ellington,Charlie Villanueva,Jason Maxiell,Richard Hamilton,Tayshaun Prince,Will Bynum,3,5:05,MIN,turnover,,,,,,,,,,Ramon Sessions,,,bad pass,,Richard Hamilton,,,
Damien Wilkins,Kevin Love,Nathan Jawai,Ramon Sessions,Wayne Ellington,Charlie Villanueva,Jason Maxiell,Richard Hamilton,Tayshaun Prince,Will Bynum,3,5:05,MIN,foul,,,,,,,,Richard Hamilton,,Wayne Ellington,,,,,,personal,,
Damien Wilkins,Kevin Love,Nathan Jawai,Ramon Sessions,Wayne Ellington,Charlie Villanueva,Jason Maxiell,Richard Hamilton,Tayshaun Prince,Will Bynum,3,5:05,DET,free throw,,,,,,,1,,2,Richard Hamilton,,,foul,made,,,,
Damien Wilkins,Kevin Love,Nathan Jawai,Ramon Sessions,Wayne Ellington,Charlie Villanueva,Jason Maxiell,Richard Hamilton,Tayshaun Prince,Will Bynum,3,5:05,DET,free throw,,,,,,,2,,2,Richard Hamilton,,,foul,made,,,,
Damien Wilkins,Kevin Love,Nathan Jawai,Ramon Sessions,Wayne Ellington,Charlie Villanueva,Jason Maxiell,Richard Hamilton,Tayshaun Prince,Will Bynum,3,4:52,DET,foul,,,,,,,,Nathan Jawai,,Charlie Villanueva,,,,,,shooting,,
Damien Wilkins,Kevin Love,Nathan Jawai,Ramon Sessions,Wayne Ellington,Charlie Villanueva,Jason Maxiell,Richard Hamilton,Tayshaun Prince,Will Bynum,3,4:52,MIN,free throw,,,,,,,1,,2,Nathan Jawai,,,foul,missed,,,,
Damien Wilkins,Kevin Love,Nathan Jawai,Ramon Sessions,Wayne Ellington,Charlie Villanueva,Jason Maxiell,Richard Hamilton,Tayshaun Prince,Will Bynum,3,4:52,MIN,rebound,,,,,,,,,,,,,,,,,,
Damien Wilkins,Kevin Love,Nathan Jawai,Ramon Sessions,Wayne Ellington,Charlie Villanueva,Jason Maxiell,Richard Hamilton,Tayshaun Prince,Will Bynum,3,4:52,MIN,free throw,,,,,,,2,,2,Nathan Jawai,,,foul,missed,,,,
Damien Wilkins,Kevin Love,Nathan Jawai,Ramon Sessions,Wayne Ellington,Charlie Villanueva,Jason Maxiell,Richard Hamilton,Tayshaun Prince,Will Bynum,3,4:51,DET,rebound,,,,,,,,,,Charlie Villanueva,,,,,,def,,
Damien Wilkins,Kevin Love,Nathan Jawai,Ramon Sessions,Wayne Ellington,Charlie Villanueva,Jason Maxiell,Richard Hamilton,Tayshaun Prince,Will Bynum,3,4:32,DET,shot,,,,,,,,,,Tayshaun Prince,,,,missed,,turnaround jump,39,7
Damien Wilkins,Kevin Love,Nathan Jawai,Ramon Sessions,Wayne Ellington,Charlie Villanueva,Jason Maxiell,Richard Hamilton,Tayshaun Prince,Will Bynum,3,4:30,MIN,rebound,,,,,,,,,,Nathan Jawai,,,,,,def,,
Damien Wilkins,Kevin Love,Nathan Jawai,Ramon Sessions,Wayne Ellington,Charlie Villanueva,Jason Maxiell,Richard Hamilton,Tayshaun Prince,Will Bynum,3,4:21,MIN,shot,,,,,,,,,,Kevin Love,,,,missed,,jump bank,16,7
Damien Wilkins,Kevin Love,Nathan Jawai,Ramon Sessions,Wayne Ellington,Charlie Villanueva,Jason Maxiell,Richard Hamilton,Tayshaun Prince,Will Bynum,3,4:20,DET,rebound,,,,,,,,,,Charlie Villanueva,,,,,,def,,
Damien Wilkins,Kevin Love,Nathan Jawai,Ramon Sessions,Wayne Ellington,Charlie Villanueva,Jason Maxiell,Richard Hamilton,Tayshaun Prince,Will Bynum,3,4:11,DET,shot,Will Bynum,,,,,,,,,Charlie Villanueva,3,,,made,,3pt,46,24
Damien Wilkins,Kevin Love,Nathan Jawai,Ramon Sessions,Wayne Ellington,Charlie Villanueva,Jason Maxiell,Richard Hamilton,Tayshaun Prince,Will Bynum,3,3:56,MIN,shot,Ramon Sessions,,,,,,,,,Kevin Love,2,,,made,,layup,25,6
Damien Wilkins,Kevin Love,Nathan Jawai,Ramon Sessions,Wayne Ellington,Charlie Villanueva,Jason Maxiell,Richard Hamilton,Tayshaun Prince,Will Bynum,3,3:27,DET,shot,,,,,,,,,,Richard Hamilton,2,,,made,,running jump,27,15
Damien Wilkins,Kevin Love,Nathan Jawai,Ramon Sessions,Wayne Ellington,Charlie Villanueva,Jason Maxiell,Richard Hamilton,Tayshaun Prince,Will Bynum,3,3:15,MIN,shot,,,,,,,,,,Wayne Ellington,,,,missed,,3pt,5,21
Damien Wilkins,Kevin Love,Nathan Jawai,Ramon Sessions,Wayne Ellington,Charlie Villanueva,Jason Maxiell,Richard Hamilton,Tayshaun Prince,Will Bynum,3,3:14,MIN,rebound,,,,,,,,,,Kevin Love,,,,,,off,,
Damien Wilkins,Kevin Love,Nathan Jawai,Ramon Sessions,Wayne Ellington,Charlie Villanueva,Jason Maxiell,Richard Hamilton,Tayshaun Prince,Will Bynum,3,3:13,MIN,shot,,,,,,,,,,Kevin Love,2,,,made,,layup,25,6
Damien Wilkins,Kevin Love,Nathan Jawai,Ramon Sessions,Wayne Ellington,Charlie Villanueva,Jason Maxiell,Richard Hamilton,Tayshaun Prince,Will Bynum,3,2:58,DET,shot,Richard Hamilton,,,,,,,,,Will Bynum,2,,,made,,jump,11,9
Damien Wilkins,Kevin Love,Nathan Jawai,Ramon Sessions,Wayne Ellington,Charlie Villanueva,Jason Maxiell,Richard Hamilton,Tayshaun Prince,Will Bynum,3,2:32,MIN,shot,,,,,,,,,,Damien Wilkins,,,,missed,,jump,18,16
Damien Wilkins,Kevin Love,Nathan Jawai,Ramon Sessions,Wayne Ellington,Charlie Villanueva,Jason Maxiell,Richard Hamilton,Tayshaun Prince,Will Bynum,3,2:31,DET,rebound,,,,,,,,,,Richard Hamilton,,,,,,def,,
Damien Wilkins,Kevin Love,Nathan Jawai,Ramon Sessions,Wayne Ellington,Charlie Villanueva,Jason Maxiell,Richard Hamilton,Tayshaun Prince,Will Bynum,3,2:28,MIN,foul,,,,,,,,Charlie Villanueva,,Damien Wilkins,,,,,,shooting,,
Damien Wilkins,Kevin Love,Nathan Jawai,Ramon Sessions,Wayne Ellington,Charlie Villanueva,Jason Maxiell,Richard Hamilton,Tayshaun Prince,Will Bynum,3,2:28,DET,timeout,,,,,,,,,,,,,,,,regular,,
Damien Wilkins,Kevin Love,Nathan Jawai,Ramon Sessions,Wayne Ellington,Ben Gordon,Charlie Villanueva,Jason Maxiell,Richard Hamilton,Will Bynum,3,2:28,DET,sub,,,,Ben Gordon,,Tayshaun Prince,,,,,,,,,,,,
Al Jefferson,Damien Wilkins,Kevin Love,Ramon Sessions,Wayne Ellington,Ben Gordon,Charlie Villanueva,Jason Maxiell,Richard Hamilton,Will Bynum,3,2:28,MIN,sub,,,,Al Jefferson,,Nathan Jawai,,,,,,,,,,,,
Al Jefferson,Damien Wilkins,Ramon Sessions,Ryan Gomes,Wayne Ellington,Ben Gordon,Charlie Villanueva,Jason Maxiell,Richard Hamilton,Will Bynum,3,2:28,MIN,sub,,,,Ryan Gomes,,Kevin Love,,,,,,,,,,,,
Al Jefferson,Damien Wilkins,Ramon Sessions,Ryan Gomes,Wayne Ellington,Ben Gordon,Charlie Villanueva,Jason Maxiell,Richard Hamilton,Will Bynum,3,2:28,DET,free throw,,,,,,,1,,2,Charlie Villanueva,,,foul,made,,,,
Al Jefferson,Damien Wilkins,Ramon Sessions,Ryan Gomes,Wayne Ellington,Ben Gordon,Charlie Villanueva,Jason Maxiell,Richard Hamilton,Will Bynum,3,2:28,DET,free throw,,,,,,,2,,2,Charlie Villanueva,,,foul,made,,,,
Al Jefferson,Damien Wilkins,Ramon Sessions,Ryan Gomes,Wayne Ellington,Ben Gordon,Charlie Villanueva,Jason Maxiell,Richard Hamilton,Will Bynum,3,2:13,MIN,shot,,,,,,,,,,Ramon Sessions,,,,missed,,running jump,34,14
Al Jefferson,Damien Wilkins,Ramon Sessions,Ryan Gomes,Wayne Ellington,Ben Gordon,Charlie Villanueva,Jason Maxiell,Richard Hamilton,Will Bynum,3,2:12,DET,rebound,,,,,,,,,,Richard Hamilton,,,,,,def,,
Al Jefferson,Damien Wilkins,Ramon Sessions,Ryan Gomes,Wayne Ellington,Ben Gordon,Charlie Villanueva,Jason Maxiell,Richard Hamilton,Will Bynum,3,2:06,DET,shot,Richard Hamilton,,,,,,,,,Charlie Villanueva,2,,,made,,alley oop dunk,25,6
Al Jefferson,Damien Wilkins,Ramon Sessions,Ryan Gomes,Wayne Ellington,Ben Gordon,Charlie Villanueva,Jason Maxiell,Richard Hamilton,Will Bynum,3,1:47,MIN,shot,Ryan Gomes,,,,,,,,,Ramon Sessions,2,,,made,,jump,18,26
Al Jefferson,Damien Wilkins,Ramon Sessions,Ryan Gomes,Wayne Ellington,Ben Gordon,Charlie Villanueva,Jason Maxiell,Richard Hamilton,Will Bynum,3,1:24,DET,shot,Charlie Villanueva,,,,,,,,,Richard Hamilton,2,,,made,,jump,35,14
Al Jefferson,Damien Wilkins,Ramon Sessions,Ryan Gomes,Wayne Ellington,Ben Gordon,Charlie Villanueva,Jason Maxiell,Richard Hamilton,Will Bynum,3,1:04,DET,foul,,,,,,,,Damien Wilkins,,Charlie Villanueva,,,,,,personal,,
Al Jefferson,Damien Wilkins,Ramon Sessions,Ryan Gomes,Wayne Ellington,Ben Gordon,Charlie Villanueva,Jason Maxiell,Richard Hamilton,Will Bynum,3,1:04,MIN,free throw,,,,,,,1,,2,Damien Wilkins,,,foul,made,,,,
Al Jefferson,Damien Wilkins,Ramon Sessions,Ryan Gomes,Wayne Ellington,Ben Gordon,Charlie Villanueva,Jason Maxiell,Richard Hamilton,Will Bynum,3,1:04,MIN,free throw,,,,,,,2,,2,Damien Wilkins,,,foul,missed,,,,
Al Jefferson,Damien Wilkins,Ramon Sessions,Ryan Gomes,Wayne Ellington,Ben Gordon,Charlie Villanueva,Jason Maxiell,Richard Hamilton,Will Bynum,3,1:03,DET,rebound,,,,,,,,,,Jason Maxiell,,,,,,def,,
Al Jefferson,Damien Wilkins,Ramon Sessions,Ryan Gomes,Wayne Ellington,Ben Gordon,Charlie Villanueva,Jason Maxiell,Richard Hamilton,Will Bynum,3,0:47,DET,shot,,,,,,,,,,Richard Hamilton,,,,missed,,jump,16,19
Al Jefferson,Damien Wilkins,Ramon Sessions,Ryan Gomes,Wayne Ellington,Ben Gordon,Charlie Villanueva,Jason Maxiell,Richard Hamilton,Will Bynum,3,0:46,MIN,rebound,,,,,,,,,,Wayne Ellington,,,,,,def,,
Al Jefferson,Damien Wilkins,Ramon Sessions,Ryan Gomes,Wayne Ellington,Ben Gordon,Charlie Villanueva,Jason Maxiell,Richard Hamilton,Will Bynum,3,0:42,DET,foul,,,,,,,,Al Jefferson,,Richard Hamilton,,,,,,shooting,,
Al Jefferson,Damien Wilkins,Ramon Sessions,Ryan Gomes,Wayne Ellington,Ben Gordon,Charlie Villanueva,Jason Maxiell,Richard Hamilton,Will Bynum,3,0:42,MIN,free throw,,,,,,,1,,2,Al Jefferson,,,foul,missed,,,,
Al Jefferson,Damien Wilkins,Ramon Sessions,Ryan Gomes,Wayne Ellington,Ben Gordon,Charlie Villanueva,Jason Maxiell,Richard Hamilton,Will Bynum,3,0:42,MIN,rebound,,,,,,,,,,,,,,,,,,
Al Jefferson,Damien Wilkins,Ramon Sessions,Ryan Gomes,Wayne Ellington,Ben Gordon,Charlie Villanueva,Jason Maxiell,Richard Hamilton,Will Bynum,3,0:42,MIN,free throw,,,,,,,2,,2,Al Jefferson,,,foul,missed,,,,
Al Jefferson,Damien Wilkins,Ramon Sessions,Ryan Gomes,Wayne Ellington,Ben Gordon,Charlie Villanueva,Jason Maxiell,Richard Hamilton,Will Bynum,3,0:41,DET,rebound,,,,,,,,,,Jason Maxiell,,,,,,def,,
Al Jefferson,Damien Wilkins,Ramon Sessions,Ryan Gomes,Wayne Ellington,Ben Gordon,Charlie Villanueva,Jason Maxiell,Richard Hamilton,Will Bynum,3,0:17,DET,shot,,,,,,,,,,Ben Gordon,,,,missed,,jump,44,8
Al Jefferson,Damien Wilkins,Ramon Sessions,Ryan Gomes,Wayne Ellington,Ben Gordon,Charlie Villanueva,Jason Maxiell,Richard Hamilton,Will Bynum,3,0:16,DET,rebound,,,,,,,,,,Jason Maxiell,,,,,,off,,
Al Jefferson,Damien Wilkins,Ramon Sessions,Ryan Gomes,Wayne Ellington,Ben Gordon,Charlie Villanueva,Jason Maxiell,Richard Hamilton,Will Bynum,3,0:15,DET,shot,,,Damien Wilkins,,,,,,,Jason Maxiell,,,,missed,,layup,25,6
Al Jefferson,Damien Wilkins,Ramon Sessions,Ryan Gomes,Wayne Ellington,Ben Gordon,Charlie Villanueva,Jason Maxiell,Richard Hamilton,Will Bynum,3,0:15,MIN,rebound,,,,,,,,,,,,,,,,,,
Al Jefferson,Damien Wilkins,Ramon Sessions,Ryan Gomes,Wayne Ellington,Ben Gordon,Charlie Villanueva,Jason Maxiell,Richard Hamilton,Will Bynum,3,0:01,MIN,shot,Ramon Sessions,,,,,,,,,Al Jefferson,2,,,made,,jump,32,10
Al Jefferson,Damien Wilkins,Ramon Sessions,Ryan Gomes,Wayne Ellington,Ben Gordon,Charlie Villanueva,Jason Maxiell,Richard Hamilton,Will Bynum,3,0:00,DET,shot,,,,,,,,,,Richard Hamilton,,,,missed,,3pt,17,52
Al Jefferson,Damien Wilkins,Ramon Sessions,Ryan Gomes,Wayne Ellington,Ben Gordon,Charlie Villanueva,Jason Maxiell,Richard Hamilton,Will Bynum,3,0:00,DET,rebound,,,,,,,,,,,,,,,,,,
Al Jefferson,Damien Wilkins,Jonny Flynn,Ryan Gomes,Wayne Ellington,Ben Gordon,Charlie Villanueva,Jason Maxiell,Tayshaun Prince,Will Bynum,4,11:43,DET,shot,,,,,,,,,,Ben Gordon,,,,missed,,jump,43,8
Al Jefferson,Damien Wilkins,Jonny Flynn,Ryan Gomes,Wayne Ellington,Ben Gordon,Charlie Villanueva,Jason Maxiell,Tayshaun Prince,Will Bynum,4,11:42,MIN,rebound,,,,,,,,,,Ryan Gomes,,,,,,def,,
Al Jefferson,Damien Wilkins,Jonny Flynn,Ryan Gomes,Wayne Ellington,Ben Gordon,Charlie Villanueva,Jason Maxiell,Tayshaun Prince,Will Bynum,4,11:42,DET,foul,,,,,,,,Ryan Gomes,,Jason Maxiell,,,,,,personal,,
Al Jefferson,Damien Wilkins,Jonny Flynn,Ryan Gomes,Wayne Ellington,Ben Gordon,Charlie Villanueva,Jason Maxiell,Tayshaun Prince,Will Bynum,4,11:28,MIN,shot,,,,,,,,,,Jonny Flynn,,,,missed,,pullup jump,37,17
Al Jefferson,Damien Wilkins,Jonny Flynn,Ryan Gomes,Wayne Ellington,Ben Gordon,Charlie Villanueva,Jason Maxiell,Tayshaun Prince,Will Bynum,4,11:27,DET,rebound,,,,,,,,,,Tayshaun Prince,,,,,,def,,
Al Jefferson,Damien Wilkins,Jonny Flynn,Ryan Gomes,Wayne Ellington,Ben Gordon,Charlie Villanueva,Jason Maxiell,Tayshaun Prince,Will Bynum,4,11:17,DET,shot,,,,,,,,,,Will Bynum,,,,missed,,jump,32,16
Al Jefferson,Damien Wilkins,Jonny Flynn,Ryan Gomes,Wayne Ellington,Ben Gordon,Charlie Villanueva,Jason Maxiell,Tayshaun Prince,Will Bynum,4,11:16,DET,rebound,,,,,,,,,,Jason Maxiell,,,,,,off,,
Al Jefferson,Damien Wilkins,Jonny Flynn,Ryan Gomes,Wayne Ellington,Ben Gordon,Charlie Villanueva,Jason Maxiell,Tayshaun Prince,Will Bynum,4,11:07,DET,shot,,,,,,,,,,Will Bynum,2,,,made,,driving layup,25,6
Al Jefferson,Damien Wilkins,Jonny Flynn,Ryan Gomes,Wayne Ellington,Ben Gordon,Charlie Villanueva,Jason Maxiell,Tayshaun Prince,Will Bynum,4,10:46,MIN,shot,,,,,,,,,,Al Jefferson,,,,missed,,jump,8,9
Al Jefferson,Damien Wilkins,Jonny Flynn,Ryan Gomes,Wayne Ellington,Ben Gordon,Charlie Villanueva,Jason Maxiell,Tayshaun Prince,Will Bynum,4,10:45,MIN,rebound,,,,,,,,,,Wayne Ellington,,,,,,off,,
Al Jefferson,Damien Wilkins,Jonny Flynn,Ryan Gomes,Wayne Ellington,Ben Gordon,Charlie Villanueva,Jason Maxiell,Tayshaun Prince,Will Bynum,4,10:43,MIN,shot,,,Tayshaun Prince,,,,,,,Wayne Ellington,,,,missed,,layup,25,6
Al Jefferson,Damien Wilkins,Jonny Flynn,Ryan Gomes,Wayne Ellington,Ben Gordon,Charlie Villanueva,Jason Maxiell,Tayshaun Prince,Will Bynum,4,10:41,MIN,rebound,,,,,,,,,,Wayne Ellington,,,,,,off,,
Al Jefferson,Damien Wilkins,Jonny Flynn,Ryan Gomes,Wayne Ellington,Ben Gordon,Charlie Villanueva,Jason Maxiell,Tayshaun Prince,Will Bynum,4,10:28,MIN,shot,,,,,,,,,,Al Jefferson,2,,,made,,layup,25,6
Al Jefferson,Damien Wilkins,Jonny Flynn,Ryan Gomes,Wayne Ellington,Ben Gordon,Charlie Villanueva,Jason Maxiell,Tayshaun Prince,Will Bynum,4,10:05,DET,shot,,,,,,,,,,Will Bynum,,,,missed,,jump,42,14
Al Jefferson,Damien Wilkins,Jonny Flynn,Ryan Gomes,Wayne Ellington,Ben Gordon,Charlie Villanueva,Jason Maxiell,Tayshaun Prince,Will Bynum,4,10:04,MIN,rebound,,,,,,,,,,Al Jefferson,,,,,,def,,
Al Jefferson,Damien Wilkins,Jonny Flynn,Ryan Gomes,Wayne Ellington,Ben Gordon,Charlie Villanueva,Jason Maxiell,Tayshaun Prince,Will Bynum,4,9:56,DET,foul,,,,,,,,Jonny Flynn,,Jason Maxiell,,,,,,personal,,
Al Jefferson,Damien Wilkins,Jonny Flynn,Ryan Gomes,Wayne Ellington,Ben Gordon,Ben Wallace,Charlie Villanueva,Tayshaun Prince,Will Bynum,4,9:56,DET,sub,,,,Ben Wallace,,Jason Maxiell,,,,,,,,,,,,
Al Jefferson,Damien Wilkins,Jonny Flynn,Ryan Gomes,Wayne Ellington,Ben Gordon,Ben Wallace,Charlie Villanueva,Tayshaun Prince,Will Bynum,4,9:50,MIN,foul,,,,,,,,Ben Gordon,,Damien Wilkins,,,,,,offensive,,
Al Jefferson,Damien Wilkins,Jonny Flynn,Ryan Gomes,Wayne Ellington,Ben Gordon,Ben Wallace,Charlie Villanueva,Tayshaun Prince,Will Bynum,4,9:50,MIN,turnover,,,,,,,,,,Damien Wilkins,,,foul,,,,,
Al Jefferson,Damien Wilkins,Jonny Flynn,Ryan Gomes,Wayne Ellington,Ben Gordon,Ben Wallace,Charlie Villanueva,Tayshaun Prince,Will Bynum,4,9:28,DET,shot,,,,,,,,,,Charlie Villanueva,,,,missed,,3pt,44,25
Al Jefferson,Damien Wilkins,Jonny Flynn,Ryan Gomes,Wayne Ellington,Ben Gordon,Ben Wallace,Charlie Villanueva,Tayshaun Prince,Will Bynum,4,9:27,DET,rebound,,,,,,,,,,Ben Wallace,,,,,,off,,
Al Jefferson,Damien Wilkins,Jonny Flynn,Ryan Gomes,Wayne Ellington,Ben Gordon,Ben Wallace,Charlie Villanueva,Tayshaun Prince,Will Bynum,4,9:18,DET,shot,,,,,,,,,,Will Bynum,2,,,made,,floating jump,26,12
Al Jefferson,Damien Wilkins,Jonny Flynn,Ryan Gomes,Wayne Ellington,Ben Gordon,Ben Wallace,Charlie Villanueva,Tayshaun Prince,Will Bynum,4,8:59,DET,foul,,,,,,,,Jonny Flynn,,Will Bynum,,,,,,shooting,,
Al Jefferson,Damien Wilkins,Jonny Flynn,Ryan Gomes,Wayne Ellington,Ben Gordon,Ben Wallace,Charlie Villanueva,Tayshaun Prince,Will Bynum,4,8:59,MIN,timeout,,,,,,,,,,,,,,,,official,,
Al Jefferson,Damien Wilkins,Jonny Flynn,Kevin Love,Wayne Ellington,Ben Gordon,Ben Wallace,Charlie Villanueva,Tayshaun Prince,Will Bynum,4,8:59,MIN,sub,,,,Kevin Love,,Ryan Gomes,,,,,,,,,,,,
Al Jefferson,Corey Brewer,Damien Wilkins,Jonny Flynn,Kevin Love,Ben Gordon,Ben Wallace,Charlie Villanueva,Tayshaun Prince,Will Bynum,4,8:59,MIN,sub,,,,Corey Brewer,,Wayne Ellington,,,,,,,,,,,,
Al Jefferson,Corey Brewer,Damien Wilkins,Jonny Flynn,Kevin Love,Ben Gordon,Ben Wallace,Charlie Villanueva,Tayshaun Prince,Will Bynum,4,8:59,MIN,free throw,,,,,,,1,,2,Jonny Flynn,,,foul,made,,,,
Al Jefferson,Corey Brewer,Damien Wilkins,Jonny Flynn,Kevin Love,Ben Gordon,Ben Wallace,Charlie Villanueva,Tayshaun Prince,Will Bynum,4,8:59,MIN,free throw,,,,,,,2,,2,Jonny Flynn,,,foul,made,,,,
Al Jefferson,Corey Brewer,Damien Wilkins,Jonny Flynn,Kevin Love,Ben Gordon,Ben Wallace,Charlie Villanueva,Tayshaun Prince,Will Bynum,4,8:37,DET,shot,,,,,,,,,,Will Bynum,,,,missed,,jump,7,12
Al Jefferson,Corey Brewer,Damien Wilkins,Jonny Flynn,Kevin Love,Ben Gordon,Ben Wallace,Charlie Villanueva,Tayshaun Prince,Will Bynum,4,8:36,MIN,rebound,,,,,,,,,,Jonny Flynn,,,,,,def,,
Al Jefferson,Corey Brewer,Damien Wilkins,Jonny Flynn,Kevin Love,Ben Gordon,Ben Wallace,Charlie Villanueva,Tayshaun Prince,Will Bynum,4,8:29,MIN,shot,,,Charlie Villanueva,,,,,,,Corey Brewer,,,,missed,,jump,18,19
Al Jefferson,Corey Brewer,Damien Wilkins,Jonny Flynn,Kevin Love,Ben Gordon,Ben Wallace,Charlie Villanueva,Tayshaun Prince,Will Bynum,4,8:26,DET,rebound,,,,,,,,,,Will Bynum,,,,,,def,,
Al Jefferson,Corey Brewer,Damien Wilkins,Jonny Flynn,Kevin Love,Ben Gordon,Ben Wallace,Charlie Villanueva,Tayshaun Prince,Will Bynum,4,8:24,DET,shot,Will Bynum,,,,,,,,,Charlie Villanueva,2,,,made,,dunk,25,6
Al Jefferson,Corey Brewer,Jonny Flynn,Kevin Love,Sasha Pavlovic,Ben Gordon,Ben Wallace,Charlie Villanueva,Tayshaun Prince,Will Bynum,4,8:15,MIN,sub,,,,Sasha Pavlovic,,Damien Wilkins,,,,,,,,,,,,
Al Jefferson,Corey Brewer,Jonny Flynn,Kevin Love,Sasha Pavlovic,Ben Gordon,Ben Wallace,Charlie Villanueva,Jonas Jerebko,Will Bynum,4,8:15,DET,sub,,,,Jonas Jerebko,,Tayshaun Prince,,,,,,,,,,,,
Al Jefferson,Corey Brewer,Jonny Flynn,Kevin Love,Sasha Pavlovic,Ben Gordon,Ben Wallace,Charlie Villanueva,Jonas Jerebko,Will Bynum,4,8:15,DET,foul,,,,,,,,Corey Brewer,,Ben Gordon,,,,,,shooting,,
Al Jefferson,Corey Brewer,Jonny Flynn,Kevin Love,Sasha Pavlovic,Ben Gordon,Charlie Villanueva,Jason Maxiell,Jonas Jerebko,Will Bynum,4,8:15,DET,sub,,,,Jason Maxiell,,Ben Wallace,,,,,,,,,,,,
Al Jefferson,Corey Brewer,Jonny Flynn,Kevin Love,Sasha Pavlovic,Ben Gordon,Charlie Villanueva,Jason Maxiell,Jonas Jerebko,Will Bynum,4,8:15,MIN,free throw,,,,,,,1,,2,Corey Brewer,,,foul,missed,,,,
Al Jefferson,Corey Brewer,Jonny Flynn,Kevin Love,Sasha Pavlovic,Ben Gordon,Charlie Villanueva,Jason Maxiell,Jonas Jerebko,Will Bynum,4,8:15,MIN,rebound,,,,,,,,,,,,,,,,,,
Al Jefferson,Corey Brewer,Jonny Flynn,Kevin Love,Sasha Pavlovic,Ben Gordon,Charlie Villanueva,Jason Maxiell,Jonas Jerebko,Will Bynum,4,8:15,MIN,free throw,,,,,,,2,,2,Corey Brewer,,,foul,made,,,,
Al Jefferson,Corey Brewer,Jonny Flynn,Kevin Love,Sasha Pavlovic,Ben Gordon,Charlie Villanueva,Jason Maxiell,Jonas Jerebko,Will Bynum,4,7:58,DET,shot,,,,,,,,,,Ben Gordon,,,,missed,,3pt,9,26
Al Jefferson,Corey Brewer,Jonny Flynn,Kevin Love,Sasha Pavlovic,Ben Gordon,Charlie Villanueva,Jason Maxiell,Jonas Jerebko,Will Bynum,4,7:56,DET,rebound,,,,,,,,,,,,,,,,,,
Al Jefferson,Corey Brewer,Jonny Flynn,Kevin Love,Sasha Pavlovic,Ben Gordon,Charlie Villanueva,Jason Maxiell,Jonas Jerebko,Will Bynum,4,7:56,DET,timeout,,,,,,,,,,,,,,,,regular,,
Al Jefferson,Corey Brewer,Jonny Flynn,Kevin Love,Sasha Pavlovic,Ben Gordon,Charlie Villanueva,Jason Maxiell,Jonas Jerebko,Will Bynum,4,7:50,DET,turnover,,,,,,,,,,,,,shot clock turnover,,,,,
Al Jefferson,Corey Brewer,Jonny Flynn,Kevin Love,Sasha Pavlovic,Ben Gordon,Charlie Villanueva,Jason Maxiell,Jonas Jerebko,Will Bynum,4,7:39,MIN,shot,,,,,,,,,,Kevin Love,,,,missed,,jump,6,9
Al Jefferson,Corey Brewer,Jonny Flynn,Kevin Love,Sasha Pavlovic,Ben Gordon,Charlie Villanueva,Jason Maxiell,Jonas Jerebko,Will Bynum,4,7:38,DET,rebound,,,,,,,,,,Jonas Jerebko,,,,,,def,,
Al Jefferson,Corey Brewer,Jonny Flynn,Kevin Love,Sasha Pavlovic,Ben Gordon,Charlie Villanueva,Jason Maxiell,Jonas Jerebko,Will Bynum,4,7:21,DET,shot,,,,,,,,,,Ben Gordon,,,,missed,,3pt,25,33
Al Jefferson,Corey Brewer,Jonny Flynn,Kevin Love,Sasha Pavlovic,Ben Gordon,Charlie Villanueva,Jason Maxiell,Jonas Jerebko,Will Bynum,4,7:20,MIN,rebound,,,,,,,,,,Al Jefferson,,,,,,def,,
Al Jefferson,Corey Brewer,Jonny Flynn,Kevin Love,Sasha Pavlovic,Ben Gordon,Charlie Villanueva,Jason Maxiell,Jonas Jerebko,Will Bynum,4,7:15,MIN,shot,,,,,,,,,,Corey Brewer,,,,missed,,layup,25,6
Al Jefferson,Corey Brewer,Jonny Flynn,Kevin Love,Sasha Pavlovic,Ben Gordon,Charlie Villanueva,Jason Maxiell,Jonas Jerebko,Will Bynum,4,7:15,DET,rebound,,,,,,,,,,,,,,,,,,
Al Jefferson,Corey Brewer,Jonny Flynn,Kevin Love,Sasha Pavlovic,Austin Daye,Ben Gordon,Charlie Villanueva,Jason Maxiell,Will Bynum,4,7:15,DET,sub,,,,Austin Daye,,Jonas Jerebko,,,,,,,,,,,,
Al Jefferson,Corey Brewer,Jonny Flynn,Kevin Love,Sasha Pavlovic,Austin Daye,Ben Gordon,Charlie Villanueva,Jason Maxiell,Will Bynum,4,6:57,DET,shot,Will Bynum,,,,,,,,,Jason Maxiell,2,,,made,,dunk,25,6
Al Jefferson,Corey Brewer,Jonny Flynn,Kevin Love,Sasha Pavlovic,Austin Daye,Ben Gordon,Charlie Villanueva,Jason Maxiell,Will Bynum,4,6:40,MIN,shot,Jonny Flynn,,,,,,,,,Sasha Pavlovic,2,,,made,,jump,15,23
Al Jefferson,Corey Brewer,Jonny Flynn,Kevin Love,Sasha Pavlovic,Austin Daye,Ben Gordon,Charlie Villanueva,Jason Maxiell,Will Bynum,4,6:24,DET,shot,,,,,,,,,,Ben Gordon,,,,missed,,jump,17,25
Al Jefferson,Corey Brewer,Jonny Flynn,Kevin Love,Sasha Pavlovic,Austin Daye,Ben Gordon,Charlie Villanueva,Jason Maxiell,Will Bynum,4,6:23,MIN,rebound,,,,,,,,,,Kevin Love,,,,,,def,,
Al Jefferson,Corey Brewer,Jonny Flynn,Kevin Love,Sasha Pavlovic,Austin Daye,Ben Gordon,Charlie Villanueva,Jason Maxiell,Will Bynum,4,6:20,DET,violation,,,,,,,,,,Will Bynum,,,,,,kicked ball,,
Corey Brewer,Jonny Flynn,Kevin Love,Ryan Hollins,Sasha Pavlovic,Austin Daye,Ben Gordon,Charlie Villanueva,Jason Maxiell,Will Bynum,4,6:20,MIN,sub,,,,Ryan Hollins,,Al Jefferson,,,,,,,,,,,,
Corey Brewer,Jonny Flynn,Kevin Love,Ryan Hollins,Sasha Pavlovic,Austin Daye,Ben Gordon,Charlie Villanueva,Jason Maxiell,Will Bynum,4,6:17,DET,foul,,,,,,,,Corey Brewer,,Charlie Villanueva,,,,,,shooting,,
Corey Brewer,Jonny Flynn,Kevin Love,Ryan Hollins,Sasha Pavlovic,Austin Daye,Ben Gordon,Charlie Villanueva,Jason Maxiell,Will Bynum,4,6:17,MIN,free throw,,,,,,,1,,2,Corey Brewer,,,foul,missed,,,,
Corey Brewer,Jonny Flynn,Kevin Love,Ryan Hollins,Sasha Pavlovic,Austin Daye,Ben Gordon,Charlie Villanueva,Jason Maxiell,Will Bynum,4,6:17,MIN,rebound,,,,,,,,,,,,,,,,,,
Corey Brewer,Jonny Flynn,Kevin Love,Ryan Hollins,Sasha Pavlovic,Austin Daye,Ben Gordon,Charlie Villanueva,Jason Maxiell,Will Bynum,4,6:17,MIN,free throw,,,,,,,2,,2,Corey Brewer,,,foul,made,,,,
Corey Brewer,Jonny Flynn,Kevin Love,Ryan Hollins,Sasha Pavlovic,Austin Daye,Ben Gordon,Charlie Villanueva,Jason Maxiell,Will Bynum,4,6:04,DET,shot,,,,,,,,,,Austin Daye,,,,missed,,3pt,2,6
Corey Brewer,Jonny Flynn,Kevin Love,Ryan Hollins,Sasha Pavlovic,Austin Daye,Ben Gordon,Charlie Villanueva,Jason Maxiell,Will Bynum,4,6:03,MIN,rebound,,,,,,,,,,Kevin Love,,,,,,def,,
Corey Brewer,Jonny Flynn,Kevin Love,Ryan Hollins,Sasha Pavlovic,Austin Daye,Ben Gordon,Charlie Villanueva,Jason Maxiell,Will Bynum,4,5:58,DET,violation,,,,,,,,,,Jason Maxiell,,,,,,defensive goaltending,,
Corey Brewer,Jonny Flynn,Kevin Love,Ryan Hollins,Sasha Pavlovic,Austin Daye,Ben Gordon,Charlie Villanueva,Jason Maxiell,Will Bynum,4,5:58,MIN,shot,Corey Brewer,,,,,,,,,Ryan Hollins,2,,,made,,layup,25,6
Corey Brewer,Jonny Flynn,Kevin Love,Ryan Hollins,Sasha Pavlovic,Austin Daye,Ben Gordon,Charlie Villanueva,Jason Maxiell,Will Bynum,4,5:41,DET,shot,Will Bynum,,,,,,,,,Austin Daye,2,,,made,,jump,38,7
Corey Brewer,Jonny Flynn,Kevin Love,Ryan Hollins,Sasha Pavlovic,Austin Daye,Ben Gordon,Charlie Villanueva,Jason Maxiell,Will Bynum,4,5:26,MIN,shot,,,,,,,,,,Jonny Flynn,,,,missed,,running jump,26,15
Corey Brewer,Jonny Flynn,Kevin Love,Ryan Hollins,Sasha Pavlovic,Austin Daye,Ben Gordon,Charlie Villanueva,Jason Maxiell,Will Bynum,4,5:25,MIN,rebound,,,,,,,,,,Kevin Love,,,,,,off,,
Corey Brewer,Jonny Flynn,Kevin Love,Ryan Hollins,Sasha Pavlovic,Austin Daye,Ben Gordon,Charlie Villanueva,Jason Maxiell,Will Bynum,4,5:24,MIN,shot,,,,,,,,,,Kevin Love,2,,,made,,tip,25,6
Corey Brewer,Jonny Flynn,Kevin Love,Ryan Hollins,Sasha Pavlovic,Austin Daye,Ben Gordon,Charlie Villanueva,Jason Maxiell,Will Bynum,4,5:05,DET,shot,,,,,,,,,,Austin Daye,,,,missed,,3pt,15,31
Corey Brewer,Jonny Flynn,Kevin Love,Ryan Hollins,Sasha Pavlovic,Austin Daye,Ben Gordon,Charlie Villanueva,Jason Maxiell,Will Bynum,4,5:03,MIN,rebound,,,,,,,,,,Kevin Love,,,,,,def,,
Corey Brewer,Jonny Flynn,Kevin Love,Ryan Hollins,Sasha Pavlovic,Austin Daye,Ben Gordon,Charlie Villanueva,Jason Maxiell,Will Bynum,4,5:01,MIN,turnover,,,,,,,,,,Kevin Love,,,bad pass,,Ben Gordon,,,
Corey Brewer,Jonny Flynn,Kevin Love,Ryan Hollins,Sasha Pavlovic,Austin Daye,Ben Gordon,Charlie Villanueva,Jason Maxiell,Will Bynum,4,4:57,MIN,foul,,,,,,,,Jason Maxiell,,Kevin Love,,,,,,shooting,,
Corey Brewer,Jonny Flynn,Kevin Love,Ryan Hollins,Sasha Pavlovic,Austin Daye,Ben Gordon,Charlie Villanueva,Jason Maxiell,Will Bynum,4,4:57,MIN,timeout,,,,,,,,,,,,,,,,regular,,
Corey Brewer,Kevin Love,Ramon Sessions,Ryan Hollins,Sasha Pavlovic,Austin Daye,Ben Gordon,Charlie Villanueva,Jason Maxiell,Will Bynum,4,4:57,MIN,sub,,,,Ramon Sessions,,Jonny Flynn,,,,,,,,,,,,
Brian Cardinal,Corey Brewer,Ramon Sessions,Ryan Hollins,Sasha Pavlovic,Austin Daye,Ben Gordon,Charlie Villanueva,Jason Maxiell,Will Bynum,4,4:57,MIN,sub,,,,Brian Cardinal,,Kevin Love,,,,,,,,,,,,
Brian Cardinal,Ramon Sessions,Ryan Hollins,Sasha Pavlovic,Wayne Ellington,Austin Daye,Ben Gordon,Charlie Villanueva,Jason Maxiell,Will Bynum,4,4:57,MIN,sub,,,,Wayne Ellington,,Corey Brewer,,,,,,,,,,,,
Brian Cardinal,Ramon Sessions,Ryan Hollins,Sasha Pavlovic,Wayne Ellington,Austin Daye,Ben Gordon,Chris Wilcox,Jason Maxiell,Will Bynum,4,4:57,DET,sub,,,,Chris Wilcox,,Charlie Villanueva,,,,,,,,,,,,
Brian Cardinal,Ramon Sessions,Ryan Hollins,Sasha Pavlovic,Wayne Ellington,Austin Daye,Ben Gordon,Chris Wilcox,Jason Maxiell,Will Bynum,4,4:57,DET,free throw,,,,,,,1,,2,Jason Maxiell,,,foul,missed,,,,
Brian Cardinal,Ramon Sessions,Ryan Hollins,Sasha Pavlovic,Wayne Ellington,Austin Daye,Ben Gordon,Chris Wilcox,Jason Maxiell,Will Bynum,4,4:57,DET,rebound,,,,,,,,,,,,,,,,,,
Brian Cardinal,Ramon Sessions,Ryan Hollins,Sasha Pavlovic,Wayne Ellington,Austin Daye,Ben Gordon,Chris Wilcox,Jason Maxiell,Will Bynum,4,4:57,DET,free throw,,,,,,,2,,2,Jason Maxiell,,,foul,missed,,,,
Brian Cardinal,Ramon Sessions,Ryan Hollins,Sasha Pavlovic,Wayne Ellington,Austin Daye,Ben Gordon,Chris Wilcox,Jason Maxiell,Will Bynum,4,4:57,MIN,rebound,,,,,,,,,,Sasha Pavlovic,,,,,,def,,
Brian Cardinal,Ramon Sessions,Ryan Hollins,Sasha Pavlovic,Wayne Ellington,Austin Daye,Ben Gordon,Chris Wilcox,Jason Maxiell,Will Bynum,4,4:45,DET,foul,,,,,,,,Ryan Hollins,,Jason Maxiell,,,,,,shooting,,
Brian Cardinal,Ramon Sessions,Ryan Hollins,Sasha Pavlovic,Wayne Ellington,Austin Daye,Ben Gordon,Chris Wilcox,Jason Maxiell,Will Bynum,4,4:45,MIN,free throw,,,,,,,1,,2,Ryan Hollins,,,foul,made,,,,
Brian Cardinal,Ramon Sessions,Ryan Hollins,Sasha Pavlovic,Wayne Ellington,Austin Daye,Ben Gordon,Chris Wilcox,Kwame Brown,Will Bynum,4,4:45,DET,sub,,,,Kwame Brown,,Jason Maxiell,,,,,,,,,,,,
Brian Cardinal,Ramon Sessions,Ryan Hollins,Sasha Pavlovic,Wayne Ellington,Austin Daye,Ben Gordon,Chris Wilcox,Kwame Brown,Will Bynum,4,4:45,MIN,free throw,,,,,,,2,,2,Ryan Hollins,,,foul,made,,,,
Brian Cardinal,Ramon Sessions,Ryan Hollins,Sasha Pavlovic,Wayne Ellington,Austin Daye,Ben Gordon,Chris Wilcox,Kwame Brown,Will Bynum,4,4:25,DET,shot,Will Bynum,,,,,,,,,Austin Daye,2,,,made,,jump,9,8
Brian Cardinal,Ramon Sessions,Ryan Hollins,Sasha Pavlovic,Wayne Ellington,Austin Daye,Ben Gordon,Chris Wilcox,Kwame Brown,Will Bynum,4,4:12,MIN,turnover,,,,,,,,,,Ramon Sessions,,,bad pass,,Kwame Brown,,,
Brian Cardinal,Ramon Sessions,Ryan Hollins,Sasha Pavlovic,Wayne Ellington,Austin Daye,Ben Gordon,Chris Wilcox,Kwame Brown,Will Bynum,4,4:00,DET,shot,Will Bynum,,,,,,,,,Kwame Brown,2,,,made,,dunk,25,6
Brian Cardinal,Ramon Sessions,Ryan Hollins,Sasha Pavlovic,Wayne Ellington,Austin Daye,Ben Gordon,Chris Wilcox,Kwame Brown,Will Bynum,4,4:00,MIN,foul,,,,,,,,Kwame Brown,,Brian Cardinal,,,,,,shooting,,
Brian Cardinal,Ramon Sessions,Ryan Hollins,Sasha Pavlovic,Wayne Ellington,Austin Daye,Ben Gordon,Chris Wilcox,Kwame Brown,Will Bynum,4,4:00,DET,free throw,,,,,,,1,,1,Kwame Brown,,,foul,missed,,,,
Brian Cardinal,Ramon Sessions,Ryan Hollins,Sasha Pavlovic,Wayne Ellington,Austin Daye,Ben Gordon,Chris Wilcox,Kwame Brown,Will Bynum,4,3:59,MIN,rebound,,,,,,,,,,Brian Cardinal,,,,,,def,,
Brian Cardinal,Ramon Sessions,Ryan Hollins,Sasha Pavlovic,Wayne Ellington,Austin Daye,Ben Gordon,Chris Wilcox,Kwame Brown,Will Bynum,4,3:45,MIN,shot,Sasha Pavlovic,,,,,,,,,Ryan Hollins,2,,,made,,slam dunk,25,6
Brian Cardinal,Ramon Sessions,Ryan Hollins,Sasha Pavlovic,Wayne Ellington,Austin Daye,Ben Gordon,Chris Wilcox,Kwame Brown,Will Bynum,4,3:23,DET,shot,Will Bynum,,,,,,,,,Austin Daye,3,,,made,,3pt,48,12
Brian Cardinal,Ramon Sessions,Ryan Hollins,Sasha Pavlovic,Wayne Ellington,Austin Daye,Ben Gordon,Chris Wilcox,Kwame Brown,Will Bynum,4,3:10,DET,foul,,,,,,,,Ramon Sessions,,Will Bynum,,,,,,personal,,
Brian Cardinal,Ramon Sessions,Ryan Hollins,Sasha Pavlovic,Wayne Ellington,Austin Daye,Ben Gordon,Chris Wilcox,Kwame Brown,Will Bynum,4,3:10,MIN,free throw,,,,,,,1,,2,Ramon Sessions,,,foul,made,,,,
Brian Cardinal,Ramon Sessions,Ryan Hollins,Sasha Pavlovic,Wayne Ellington,Austin Daye,Ben Gordon,Chris Wilcox,Kwame Brown,Will Bynum,4,3:10,MIN,free throw,,,,,,,2,,2,Ramon Sessions,,,foul,made,,,,
Brian Cardinal,Ramon Sessions,Ryan Hollins,Sasha Pavlovic,Wayne Ellington,Austin Daye,Ben Gordon,Chris Wilcox,Kwame Brown,Will Bynum,4,2:57,DET,shot,,,,,,,,,,Austin Daye,,,,missed,,3pt,49,12
Brian Cardinal,Ramon Sessions,Ryan Hollins,Sasha Pavlovic,Wayne Ellington,Austin Daye,Ben Gordon,Chris Wilcox,Kwame Brown,Will Bynum,4,2:56,MIN,rebound,,,,,,,,,,Sasha Pavlovic,,,,,,def,,
Brian Cardinal,Ramon Sessions,Ryan Hollins,Sasha Pavlovic,Wayne Ellington,Austin Daye,Ben Gordon,Chris Wilcox,Kwame Brown,Will Bynum,4,2:46,MIN,turnover,,,,,,,,,,Ramon Sessions,,,bad pass,,Austin Daye,,,
Brian Cardinal,Ramon Sessions,Ryan Hollins,Sasha Pavlovic,Wayne Ellington,Austin Daye,Ben Gordon,Chris Wilcox,Kwame Brown,Will Bynum,4,2:43,DET,shot,Will Bynum,,,,,,,,,Chris Wilcox,2,,,made,,dunk,25,6
Brian Cardinal,Ramon Sessions,Ryan Hollins,Sasha Pavlovic,Wayne Ellington,Austin Daye,Ben Gordon,Chris Wilcox,Kwame Brown,Will Bynum,4,2:43,MIN,foul,,,,,,,,Chris Wilcox,,Sasha Pavlovic,,,,,,shooting,,
Brian Cardinal,Ramon Sessions,Ryan Hollins,Sasha Pavlovic,Wayne Ellington,Austin Daye,Ben Gordon,Chris Wilcox,Kwame Brown,Will Bynum,4,2:43,DET,free throw,,,,,,,1,,1,Chris Wilcox,,,foul,missed,,,,
Brian Cardinal,Ramon Sessions,Ryan Hollins,Sasha Pavlovic,Wayne Ellington,Austin Daye,Ben Gordon,Chris Wilcox,Kwame Brown,Will Bynum,4,2:43,DET,rebound,,,,,,,,,,,,,,,,,,
Brian Cardinal,Ramon Sessions,Ryan Hollins,Sasha Pavlovic,Wayne Ellington,Austin Daye,Ben Gordon,Chris Wilcox,Kwame Brown,Will Bynum,4,2:34,DET,turnover,,,,,,,,,,Chris Wilcox,,,lost ball,,Ramon Sessions,,,
Brian Cardinal,Ramon Sessions,Ryan Hollins,Sasha Pavlovic,Wayne Ellington,Austin Daye,Ben Gordon,Chris Wilcox,Kwame Brown,Will Bynum,4,2:31,MIN,turnover,,,,,,,,,,Ryan Hollins,,,bad pass,,Kwame Brown,,,
Brian Cardinal,Ramon Sessions,Ryan Hollins,Sasha Pavlovic,Wayne Ellington,Austin Daye,Ben Gordon,Chris Wilcox,Kwame Brown,Will Bynum,4,2:14,DET,turnover,,,,,,,,,,Chris Wilcox,,,3 second violation,,,,,
Brian Cardinal,Ramon Sessions,Ryan Hollins,Sasha Pavlovic,Wayne Ellington,Austin Daye,Ben Gordon,Chris Wilcox,Kwame Brown,Will Bynum,4,2:02,MIN,shot,,,,,,,,,,Wayne Ellington,,,,missed,,3pt,31,32
Brian Cardinal,Ramon Sessions,Ryan Hollins,Sasha Pavlovic,Wayne Ellington,Austin Daye,Ben Gordon,Chris Wilcox,Kwame Brown,Will Bynum,4,2:01,DET,rebound,,,,,,,,,,Chris Wilcox,,,,,,def,,
Brian Cardinal,Ramon Sessions,Ryan Hollins,Sasha Pavlovic,Wayne Ellington,Austin Daye,Ben Gordon,Chris Wilcox,Kwame Brown,Will Bynum,4,1:41,DET,shot,Will Bynum,,,,,,,,,Austin Daye,2,,,made,,jump,40,10
Brian Cardinal,Ramon Sessions,Ryan Hollins,Sasha Pavlovic,Wayne Ellington,Austin Daye,Ben Gordon,Chris Wilcox,Kwame Brown,Will Bynum,4,1:27,DET,foul,,,,,,,,Wayne Ellington,,Kwame Brown,,,,,,personal,,
Brian Cardinal,Ramon Sessions,Ryan Hollins,Sasha Pavlovic,Wayne Ellington,Austin Daye,Ben Gordon,Chris Wilcox,Kwame Brown,Will Bynum,4,1:27,MIN,free throw,,,,,,,1,,2,Wayne Ellington,,,foul,made,,,,
Brian Cardinal,Ramon Sessions,Ryan Hollins,Sasha Pavlovic,Wayne Ellington,Austin Daye,Ben Gordon,Chris Wilcox,Kwame Brown,Will Bynum,4,1:27,MIN,free throw,,,,,,,2,,2,Wayne Ellington,,,foul,made,,,,
Brian Cardinal,Ramon Sessions,Ryan Hollins,Sasha Pavlovic,Wayne Ellington,Austin Daye,Ben Gordon,Chris Wilcox,Kwame Brown,Will Bynum,4,1:13,DET,turnover,,,,,,,,,,Kwame Brown,,,traveling,,,,,
Brian Cardinal,Ramon Sessions,Ryan Hollins,Sasha Pavlovic,Wayne Ellington,Austin Daye,Ben Gordon,Chris Wilcox,Kwame Brown,Will Bynum,4,1:02,MIN,shot,,,,,,,,,,Sasha Pavlovic,,,,missed,,3pt,12,30
Brian Cardinal,Ramon Sessions,Ryan Hollins,Sasha Pavlovic,Wayne Ellington,Austin Daye,Ben Gordon,Chris Wilcox,Kwame Brown,Will Bynum,4,1:01,DET,rebound,,,,,,,,,,Kwame Brown,,,,,,def,,
Brian Cardinal,Ramon Sessions,Ryan Hollins,Sasha Pavlovic,Wayne Ellington,Austin Daye,Ben Gordon,Chris Wilcox,Kwame Brown,Will Bynum,4,0:45,MIN,violation,,,,,,,,,,Ramon Sessions,,,,,,kicked ball,,
Brian Cardinal,Ramon Sessions,Ryan Hollins,Sasha Pavlovic,Wayne Ellington,Austin Daye,Ben Gordon,Chris Wilcox,Kwame Brown,Will Bynum,4,0:38,DET,shot,Will Bynum,,,,,,,,,Chris Wilcox,2,,,made,,jump,14,12
Brian Cardinal,Ramon Sessions,Ryan Hollins,Sasha Pavlovic,Wayne Ellington,Austin Daye,Ben Gordon,Chris Wilcox,Kwame Brown,Will Bynum,4,0:28,DET,foul,,,,,,,,Ryan Hollins,,Chris Wilcox,,,,,,personal,,
Brian Cardinal,Ramon Sessions,Ryan Hollins,Sasha Pavlovic,Wayne Ellington,Austin Daye,Ben Gordon,Chris Wilcox,Kwame Brown,Will Bynum,4,0:28,MIN,free throw,,,,,,,1,,2,Ryan Hollins,,,foul,missed,,,,
Brian Cardinal,Ramon Sessions,Ryan Hollins,Sasha Pavlovic,Wayne Ellington,Austin Daye,Ben Gordon,Chris Wilcox,Kwame Brown,Will Bynum,4,0:28,MIN,rebound,,,,,,,,,,,,,,,,,,
Brian Cardinal,Ramon Sessions,Ryan Hollins,Sasha Pavlovic,Wayne Ellington,Austin Daye,Ben Gordon,Chris Wilcox,Kwame Brown,Will Bynum,4,0:28,MIN,free throw,,,,,,,2,,2,Ryan Hollins,,,foul,missed,,,,
Brian Cardinal,Ramon Sessions,Ryan Hollins,Sasha Pavlovic,Wayne Ellington,Austin Daye,Ben Gordon,Chris Wilcox,Kwame Brown,Will Bynum,4,0:27,DET,rebound,,,,,,,,,,Kwame Brown,,,,,,def,,
Brian Cardinal,Ramon Sessions,Ryan Hollins,Sasha Pavlovic,Wayne Ellington,Austin Daye,Ben Gordon,Chris Wilcox,Kwame Brown,Will Bynum,4,0:01,DET,turnover,,,,,,,,,,,,,shot clock turnover,,,,,
