a1,a2,a3,a4,a5,h1,h2,h3,h4,h5,period,time,team,etype,assist,away,block,entered,home,left,num,opponent,outof,player,points,possession,reason,result,steal,type,x,y
Marc Gasol,Mike Conley,O.J. Mayo,Rudy Gay,Zach Randolph,Brook Lopez,Courtney Lee,Devin Harris,Jarvis Hayes,Yi Jianlian,1,12:00,OFF,jump ball,,Marc Gasol,,,Brook Lopez,,,,,,,Rudy Gay,,,,,,
Marc Gasol,Mike Conley,O.J. Mayo,Rudy Gay,Zach Randolph,Brook Lopez,Courtney Lee,Devin Harris,Jarvis Hayes,Yi Jianlian,1,11:41,MEM,shot,Rudy Gay,,,,,,,,,O.J. Mayo,3,,,made,,3pt,2,6
Marc Gasol,Mike Conley,O.J. Mayo,Rudy Gay,Zach Randolph,Brook Lopez,Courtney Lee,Devin Harris,Jarvis Hayes,Yi Jianlian,1,11:18,NJN,shot,,,,,,,,,,Jarvis Hayes,,,,missed,,jump,42,15
Marc Gasol,Mike Conley,O.J. Mayo,Rudy Gay,Zach Randolph,Brook Lopez,Courtney Lee,Devin Harris,Jarvis Hayes,Yi Jianlian,1,11:16,MEM,rebound,,,,,,,,,,O.J. Mayo,,,,,,def,,
Marc Gasol,Mike Conley,O.J. Mayo,Rudy Gay,Zach Randolph,Brook Lopez,Courtney Lee,Devin Harris,Jarvis Hayes,Yi Jianlian,1,11:05,MEM,shot,,,,,,,,,,Marc Gasol,,,,missed,,running hook,22,12
Marc Gasol,Mike Conley,O.J. Mayo,Rudy Gay,Zach Randolph,Brook Lopez,Courtney Lee,Devin Harris,Jarvis Hayes,Yi Jianlian,1,11:03,NJN,rebound,,,,,,,,,,Brook Lopez,,,,,,def,,
Marc Gasol,Mike Conley,O.J. Mayo,Rudy Gay,Zach Randolph,Brook Lopez,Courtney Lee,Devin Harris,Jarvis Hayes,Yi Jianlian,1,10:53,NJN,shot,Devin Harris,,,,,,,,,Jarvis Hayes,2,,,made,,jump,44,6
Marc Gasol,Mike Conley,O.J. Mayo,Rudy Gay,Zach Randolph,Brook Lopez,Courtney Lee,Devin Harris,Jarvis Hayes,Yi Jianlian,1,10:47,NJN,foul,,,,,,,,Rudy Gay,,Jarvis Hayes,,,,,,shooting,,
Marc Gasol,Mike Conley,O.J. Mayo,Rudy Gay,Zach Randolph,Brook Lopez,Courtney Lee,Devin Harris,Jarvis Hayes,Yi Jianlian,1,10:47,MEM,free throw,,,,,,,1,,2,Rudy Gay,,,foul,made,,,,
Marc Gasol,Mike Conley,O.J. Mayo,Rudy Gay,Zach Randolph,Brook Lopez,Courtney Lee,Devin Harris,Jarvis Hayes,Yi Jianlian,1,10:47,MEM,free throw,,,,,,,2,,2,Rudy Gay,,,foul,missed,,,,
Marc Gasol,Mike Conley,O.J. Mayo,Rudy Gay,Zach Randolph,Brook Lopez,Courtney Lee,Devin Harris,Jarvis Hayes,Yi Jianlian,1,10:46,NJN,rebound,,,,,,,,,,Jarvis Hayes,,,,,,def,,
Marc Gasol,Mike Conley,O.J. Mayo,Rudy Gay,Zach Randolph,Brook Lopez,Courtney Lee,Devin Harris,Jarvis Hayes,Yi Jianlian,1,10:29,NJN,turnover,,,,,,,,,,Devin Harris,,,bad pass,,O.J. Mayo,,,
Marc Gasol,Mike Conley,O.J. Mayo,Rudy Gay,Zach Randolph,Brook Lopez,Courtney Lee,Devin Harris,Jarvis Hayes,Yi Jianlian,1,10:22,MEM,turnover,,,,,,,,,,Rudy Gay,,,lost ball,,Jarvis Hayes,,,
Marc Gasol,Mike Conley,O.J. Mayo,Rudy Gay,Zach Randolph,Brook Lopez,Courtney Lee,Devin Harris,Jarvis Hayes,Yi Jianlian,1,10:12,NJN,shot,,,,,,,,,,Yi Jianlian,,,,missed,,jump,42,7
Marc Gasol,Mike Conley,O.J. Mayo,Rudy Gay,Zach Randolph,Brook Lopez,Courtney Lee,Devin Harris,Jarvis Hayes,Yi Jianlian,1,10:10,NJN,rebound,,,,,,,,,,Courtney Lee,,,,,,off,,
Marc Gasol,Mike Conley,O.J. Mayo,Rudy Gay,Zach Randolph,Brook Lopez,Courtney Lee,Devin Harris,Jarvis Hayes,Yi Jianlian,1,10:09,NJN,shot,,,,,,,,,,Courtney Lee,2,,,made,,tip,25,6
Marc Gasol,Mike Conley,O.J. Mayo,Rudy Gay,Zach Randolph,Brook Lopez,Courtney Lee,Devin Harris,Jarvis Hayes,Yi Jianlian,1,9:52,MEM,shot,O.J. Mayo,,,,,,,,,Mike Conley,3,,,made,,3pt,10,26
Marc Gasol,Mike Conley,O.J. Mayo,Rudy Gay,Zach Randolph,Brook Lopez,Courtney Lee,Devin Harris,Jarvis Hayes,Yi Jianlian,1,9:40,NJN,shot,Devin Harris,,,,,,,,,Brook Lopez,2,,,made,,driving layup,25,6
Marc Gasol,Mike Conley,O.J. Mayo,Rudy Gay,Zach Randolph,Brook Lopez,Courtney Lee,Devin Harris,Jarvis Hayes,Yi Jianlian,1,9:33,NJN,foul,,,,,,,,Zach Randolph,,Yi Jianlian,,,,,,personal,,
Marc Gasol,Mike Conley,O.J. Mayo,Rudy Gay,Zach Randolph,Brook Lopez,Courtney Lee,Devin Harris,Jarvis Hayes,Yi Jianlian,1,9:26,MEM,foul,,,,,,,,Courtney Lee,,Marc Gasol,,,,,,offensive,,
Marc Gasol,Mike Conley,O.J. Mayo,Rudy Gay,Zach Randolph,Brook Lopez,Courtney Lee,Devin Harris,Jarvis Hayes,Yi Jianlian,1,9:26,MEM,turnover,,,,,,,,,,Marc Gasol,,,foul,,,,,
Marc Gasol,Mike Conley,O.J. Mayo,Rudy Gay,Zach Randolph,Brook Lopez,Courtney Lee,Devin Harris,Jarvis Hayes,Yi Jianlian,1,9:11,NJN,shot,,,,,,,,,,Courtney Lee,,,,missed,,3pt,48,6
Marc Gasol,Mike Conley,O.J. Mayo,Rudy Gay,Zach Randolph,Brook Lopez,Courtney Lee,Devin Harris,Jarvis Hayes,Yi Jianlian,1,9:09,NJN,rebound,,,,,,,,,,Courtney Lee,,,,,,off,,
Marc Gasol,Mike Conley,O.J. Mayo,Rudy Gay,Zach Randolph,Brook Lopez,Courtney Lee,Devin Harris,Jarvis Hayes,Yi Jianlian,1,9:03,NJN,turnover,,,,,,,,,,Courtney Lee,,,lost ball,,Mike Conley,,,
Marc Gasol,Mike Conley,O.J. Mayo,Rudy Gay,Zach Randolph,Brook Lopez,Courtney Lee,Devin Harris,Jarvis Hayes,Yi Jianlian,1,8:58,MEM,shot,Mike Conley,,,,,,,,,Rudy Gay,2,,,made,,slam dunk,25,6
Marc Gasol,Mike Conley,O.J. Mayo,Rudy Gay,Zach Randolph,Brook Lopez,Courtney Lee,Devin Harris,Jarvis Hayes,Yi Jianlian,1,8:40,NJN,shot,Jarvis Hayes,,,,,,,,,Brook Lopez,2,,,made,,driving layup,25,6
Marc Gasol,Mike Conley,O.J. Mayo,Rudy Gay,Zach Randolph,Brook Lopez,Courtney Lee,Devin Harris,Jarvis Hayes,Yi Jianlian,1,8:34,NJN,foul,,,,,,,,O.J. Mayo,,Yi Jianlian,,,,,,shooting,,
Marc Gasol,Mike Conley,O.J. Mayo,Rudy Gay,Zach Randolph,Brook Lopez,Courtney Lee,Devin Harris,Jarvis Hayes,Kris Humphries,1,8:34,NJN,sub,,,,Kris Humphries,,Yi Jianlian,,,,,,,,,,,,
Marc Gasol,Mike Conley,O.J. Mayo,Rudy Gay,Zach Randolph,Brook Lopez,Courtney Lee,Devin Harris,Jarvis Hayes,Kris Humphries,1,8:34,MEM,free throw,,,,,,,1,,2,O.J. Mayo,,,foul,made,,,,
Marc Gasol,Mike Conley,O.J. Mayo,Rudy Gay,Zach Randolph,Brook Lopez,Courtney Lee,Devin Harris,Jarvis Hayes,Kris Humphries,1,8:34,MEM,free throw,,,,,,,2,,2,O.J. Mayo,,,foul,made,,,,
Marc Gasol,Mike Conley,O.J. Mayo,Rudy Gay,Zach Randolph,Brook Lopez,Courtney Lee,Devin Harris,Jarvis Hayes,Kris Humphries,1,8:22,NJN,turnover,,,,,,,,,,Devin Harris,,,bad pass,,Marc Gasol,,,
Marc Gasol,Mike Conley,O.J. Mayo,Rudy Gay,Zach Randolph,Brook Lopez,Courtney Lee,Devin Harris,Jarvis Hayes,Kris Humphries,1,8:19,MEM,shot,O.J. Mayo,,,,,,,,,Rudy Gay,2,,,made,,alley oop dunk,25,6
Marc Gasol,Mike Conley,O.J. Mayo,Rudy Gay,Zach Randolph,Brook Lopez,Courtney Lee,Devin Harris,Jarvis Hayes,Kris Humphries,1,8:03,NJN,shot,,,,,,,,,,Courtney Lee,2,,,made,,jump,18,23
Marc Gasol,Mike Conley,O.J. Mayo,Rudy Gay,Zach Randolph,Brook Lopez,Courtney Lee,Devin Harris,Jarvis Hayes,Kris Humphries,1,7:43,MEM,shot,,,,,,,,,,Mike Conley,,,,missed,,3pt,32,29
Marc Gasol,Mike Conley,O.J. Mayo,Rudy Gay,Zach Randolph,Brook Lopez,Courtney Lee,Devin Harris,Jarvis Hayes,Kris Humphries,1,7:41,NJN,rebound,,,,,,,,,,Kris Humphries,,,,,,def,,
Marc Gasol,Mike Conley,O.J. Mayo,Rudy Gay,Zach Randolph,Brook Lopez,Courtney Lee,Devin Harris,Jarvis Hayes,Kris Humphries,1,7:33,NJN,shot,Courtney Lee,,,,,,,,,Brook Lopez,2,,,made,,jump,38,17
Marc Gasol,Mike Conley,O.J. Mayo,Rudy Gay,Zach Randolph,Brook Lopez,Courtney Lee,Devin Harris,Jarvis Hayes,Kris Humphries,1,7:13,MEM,turnover,,,,,,,,,,O.J. Mayo,,,lost ball,,Devin Harris,,,
Marc Gasol,Mike Conley,O.J. Mayo,Rudy Gay,Zach Randolph,Brook Lopez,Courtney Lee,Devin Harris,Jarvis Hayes,Kris Humphries,1,7:08,NJN,shot,Devin Harris,,,,,,,,,Courtney Lee,2,,,made,,alley oop layup,25,6
Marc Gasol,Mike Conley,O.J. Mayo,Rudy Gay,Zach Randolph,Brook Lopez,Courtney Lee,Devin Harris,Jarvis Hayes,Kris Humphries,1,6:55,MEM,shot,,,,,,,,,,Zach Randolph,,,,missed,,jump,12,19
Marc Gasol,Mike Conley,O.J. Mayo,Rudy Gay,Zach Randolph,Brook Lopez,Courtney Lee,Devin Harris,Jarvis Hayes,Kris Humphries,1,6:54,NJN,rebound,,,,,,,,,,Devin Harris,,,,,,def,,
Marc Gasol,Mike Conley,O.J. Mayo,Rudy Gay,Zach Randolph,Brook Lopez,Courtney Lee,Devin Harris,Jarvis Hayes,Kris Humphries,1,6:42,NJN,shot,,,,,,,,,,Kris Humphries,2,,,made,,jump bank,39,12
Marc Gasol,Mike Conley,O.J. Mayo,Rudy Gay,Zach Randolph,Brook Lopez,Courtney Lee,Devin Harris,Jarvis Hayes,Kris Humphries,1,6:15,NJN,foul,,,,,,,,Marc Gasol,,Brook Lopez,,,,,,shooting,,
Marc Gasol,Mike Conley,O.J. Mayo,Rudy Gay,Zach Randolph,Brook Lopez,Courtney Lee,Devin Harris,Jarvis Hayes,Kris Humphries,1,6:15,MEM,free throw,,,,,,,1,,2,Marc Gasol,,,foul,made,,,,
Marc Gasol,Mike Conley,O.J. Mayo,Rudy Gay,Zach Randolph,Brook Lopez,Courtney Lee,Devin Harris,Jarvis Hayes,Kris Humphries,1,6:15,MEM,free throw,,,,,,,2,,2,Marc Gasol,,,foul,made,,,,
Marc Gasol,Mike Conley,O.J. Mayo,Rudy Gay,Zach Randolph,Brook Lopez,Courtney Lee,Devin Harris,Jarvis Hayes,Kris Humphries,1,6:03,NJN,shot,Devin Harris,,,,,,,,,Brook Lopez,2,,,made,,layup,25,6
Marc Gasol,Mike Conley,O.J. Mayo,Rudy Gay,Zach Randolph,Brook Lopez,Courtney Lee,Devin Harris,Jarvis Hayes,Kris Humphries,1,5:51,MEM,shot,,,Devin Harris,,,,,,,Mike Conley,,,,missed,,driving layup,25,6
Marc Gasol,Mike Conley,O.J. Mayo,Rudy Gay,Zach Randolph,Brook Lopez,Courtney Lee,Devin Harris,Jarvis Hayes,Kris Humphries,1,5:49,NJN,rebound,,,,,,,,,,Brook Lopez,,,,,,def,,
Marc Gasol,Mike Conley,O.J. Mayo,Rudy Gay,Zach Randolph,Brook Lopez,Courtney Lee,Devin Harris,Jarvis Hayes,Kris Humphries,1,5:45,NJN,shot,,,,,,,,,,Devin Harris,2,,,made,,driving finger roll layup,25,6
Marc Gasol,Mike Conley,O.J. Mayo,Rudy Gay,Zach Randolph,Brook Lopez,Courtney Lee,Devin Harris,Jarvis Hayes,Kris Humphries,1,5:35,MEM,shot,,,Brook Lopez,,,,,,,Mike Conley,,,,missed,,driving layup,25,6
Marc Gasol,Mike Conley,O.J. Mayo,Rudy Gay,Zach Randolph,Brook Lopez,Courtney Lee,Devin Harris,Jarvis Hayes,Kris Humphries,1,5:33,NJN,rebound,,,,,,,,,,Jarvis Hayes,,,,,,def,,
Marc Gasol,Mike Conley,O.J. Mayo,Rudy Gay,Zach Randolph,Brook Lopez,Courtney Lee,Devin Harris,Jarvis Hayes,Kris Humphries,1,5:25,NJN,shot,,,,,,,,,,Jarvis Hayes,,,,missed,,3pt,2,5
Marc Gasol,Mike Conley,O.J. Mayo,Rudy Gay,Zach Randolph,Brook Lopez,Courtney Lee,Devin Harris,Jarvis Hayes,Kris Humphries,1,5:24,MEM,rebound,,,,,,,,,,Zach Randolph,,,,,,def,,
Marc Gasol,Mike Conley,O.J. Mayo,Rudy Gay,Zach Randolph,Brook Lopez,Courtney Lee,Devin Harris,Jarvis Hayes,Kris Humphries,1,5:04,MEM,shot,Zach Randolph,,,,,,,,,Rudy Gay,3,,,made,,3pt,37,28
Marc Gasol,Mike Conley,O.J. Mayo,Rudy Gay,Zach Randolph,Brook Lopez,Courtney Lee,Devin Harris,Jarvis Hayes,Kris Humphries,1,4:47,NJN,shot,Devin Harris,,,,,,,,,Brook Lopez,2,,,made,,turnaround jump,28,13
Marc Gasol,Mike Conley,O.J. Mayo,Rudy Gay,Zach Randolph,Brook Lopez,Courtney Lee,Devin Harris,Jarvis Hayes,Kris Humphries,1,4:34,MEM,shot,,,,,,,,,,Marc Gasol,,,,missed,,hook,18,11
Marc Gasol,Mike Conley,O.J. Mayo,Rudy Gay,Zach Randolph,Brook Lopez,Courtney Lee,Devin Harris,Jarvis Hayes,Kris Humphries,1,4:32,MEM,rebound,,,,,,,,,,Zach Randolph,,,,,,off,,
Marc Gasol,Mike Conley,O.J. Mayo,Rudy Gay,Zach Randolph,Brook Lopez,Courtney Lee,Devin Harris,Jarvis Hayes,Kris Humphries,1,4:31,MEM,shot,,,,,,,,,,Zach Randolph,,,,missed,,tip,25,6
Marc Gasol,Mike Conley,O.J. Mayo,Rudy Gay,Zach Randolph,Brook Lopez,Courtney Lee,Devin Harris,Jarvis Hayes,Kris Humphries,1,4:30,NJN,rebound,,,,,,,,,,Kris Humphries,,,,,,def,,
Marc Gasol,Mike Conley,O.J. Mayo,Rudy Gay,Zach Randolph,Brook Lopez,Courtney Lee,Devin Harris,Jarvis Hayes,Kris Humphries,1,4:25,NJN,shot,,,,,,,,,,Devin Harris,2,,,made,,driving reverse layup,25,6
Marc Gasol,Mike Conley,O.J. Mayo,Rudy Gay,Zach Randolph,Brook Lopez,Courtney Lee,Devin Harris,Jarvis Hayes,Kris Humphries,1,4:09,MEM,shot,,,,,,,,,,Marc Gasol,,,,missed,,jump,13,20
Marc Gasol,Mike Conley,O.J. Mayo,Rudy Gay,Zach Randolph,Brook Lopez,Courtney Lee,Devin Harris,Jarvis Hayes,Kris Humphries,1,4:08,NJN,rebound,,,,,,,,,,Jarvis Hayes,,,,,,def,,
Marc Gasol,Mike Conley,O.J. Mayo,Rudy Gay,Zach Randolph,Brook Lopez,Courtney Lee,Devin Harris,Jarvis Hayes,Kris Humphries,1,4:04,MEM,foul,,,,,,,,Brook Lopez,,Zach Randolph,,,,,,personal,,
Marc Gasol,Mike Conley,O.J. Mayo,Rudy Gay,Zach Randolph,Brook Lopez,Courtney Lee,Devin Harris,Jarvis Hayes,Kris Humphries,1,4:04,NJN,timeout,,,,,,,,,,,,,,,,regular,,
Marc Gasol,Mike Conley,O.J. Mayo,Rudy Gay,Zach Randolph,Brook Lopez,Courtney Lee,Devin Harris,Jarvis Hayes,Kris Humphries,1,3:55,NJN,shot,Devin Harris,,,,,,,,,Brook Lopez,2,,,made,,alley oop dunk,25,6
Marc Gasol,Mike Conley,O.J. Mayo,Rudy Gay,Zach Randolph,Brook Lopez,Courtney Lee,Devin Harris,Jarvis Hayes,Kris Humphries,1,3:32,MEM,shot,,,,,,,,,,Mike Conley,,,,missed,,running jump,26,17
Marc Gasol,Mike Conley,O.J. Mayo,Rudy Gay,Zach Randolph,Brook Lopez,Courtney Lee,Devin Harris,Jarvis Hayes,Kris Humphries,1,3:31,NJN,rebound,,,,,,,,,,,,,,,,,,
Hasheem Thabeet,Mike Conley,O.J. Mayo,Rudy Gay,Zach Randolph,Brook Lopez,Courtney Lee,Devin Harris,Jarvis Hayes,Kris Humphries,1,3:31,MEM,sub,,,,Hasheem Thabeet,,Marc Gasol,,,,,,,,,,,,
Hasheem Thabeet,Mike Conley,Rudy Gay,Sam Young,Zach Randolph,Brook Lopez,Courtney Lee,Devin Harris,Jarvis Hayes,Kris Humphries,1,3:31,MEM,sub,,,,Sam Young,,O.J. Mayo,,,,,,,,,,,,
Hasheem Thabeet,Mike Conley,Rudy Gay,Sam Young,Zach Randolph,Brook Lopez,Courtney Lee,Devin Harris,Jarvis Hayes,Kris Humphries,1,3:21,NJN,turnover,,,,,,,,,,Kris Humphries,,,bad pass,,Mike Conley,,,
Hasheem Thabeet,Mike Conley,Rudy Gay,Sam Young,Zach Randolph,Brook Lopez,Courtney Lee,Devin Harris,Jarvis Hayes,Kris Humphries,1,3:16,MEM,turnover,,,,,,,,,,Mike Conley,,,bad pass,,Kris Humphries,,,
Hasheem Thabeet,Mike Conley,Rudy Gay,Sam Young,Zach Randolph,Brook Lopez,Courtney Lee,Devin Harris,Jarvis Hayes,Kris Humphries,1,3:11,NJN,shot,Devin Harris,,,,,,,,,Courtney Lee,2,,,made,,driving layup,25,6
Hasheem Thabeet,Mike Conley,Rudy Gay,Sam Young,Zach Randolph,Brook Lopez,Courtney Lee,Devin Harris,Jarvis Hayes,Kris Humphries,1,3:08,MEM,turnover,,,,,,,,,,Hasheem Thabeet,,,bad pass,,,,,
Hasheem Thabeet,Mike Conley,Rudy Gay,Sam Young,Zach Randolph,Brook Lopez,Courtney Lee,Devin Harris,Jarvis Hayes,Kris Humphries,1,2:51,NJN,shot,,,,,,,,,,Devin Harris,,,,missed,,3pt,41,24
Hasheem Thabeet,Mike Conley,Rudy Gay,Sam Young,Zach Randolph,Brook Lopez,Courtney Lee,Devin Harris,Jarvis Hayes,Kris Humphries,1,2:50,NJN,rebound,,,,,,,,,,Kris Humphries,,,,,,off,,
Hasheem Thabeet,Mike Conley,Rudy Gay,Sam Young,Zach Randolph,Brook Lopez,Courtney Lee,Devin Harris,Jarvis Hayes,Kris Humphries,1,2:50,MEM,foul,,,,,,,,Kris Humphries,,Zach Randolph,,,,,,personal,,
Hasheem Thabeet,Mike Conley,Rudy Gay,Sam Young,Zach Randolph,Brook Lopez,Courtney Lee,Devin Harris,Jarvis Hayes,Kris Humphries,1,2:50,MEM,timeout,,,,,,,,,,,,,,,,regular,,
Darrell Arthur,Hasheem Thabeet,Mike Conley,Rudy Gay,Sam Young,Brook Lopez,Courtney Lee,Devin Harris,Jarvis Hayes,Kris Humphries,1,2:50,MEM,sub,,,,Darrell Arthur,,Zach Randolph,,,,,,,,,,,,
Darrell Arthur,Hasheem Thabeet,Mike Conley,Rudy Gay,Sam Young,Brook Lopez,Courtney Lee,Devin Harris,Jarvis Hayes,Kris Humphries,1,2:44,MEM,foul,,,,,,,,Brook Lopez,,Hasheem Thabeet,,,,,,personal,,
Darrell Arthur,Hasheem Thabeet,Mike Conley,Rudy Gay,Sam Young,Brook Lopez,Courtney Lee,Devin Harris,Jarvis Hayes,Kris Humphries,1,2:32,MEM,foul,,,,,,,,Brook Lopez,,Hasheem Thabeet,,,,,,shooting,,
Darrell Arthur,Hasheem Thabeet,Mike Conley,Rudy Gay,Sam Young,Brook Lopez,Courtney Lee,Devin Harris,Jarvis Hayes,Kris Humphries,1,2:32,NJN,free throw,,,,,,,1,,2,Brook Lopez,,,foul,made,,,,
Darrell Arthur,Hamed Haddadi,Mike Conley,Rudy Gay,Sam Young,Brook Lopez,Courtney Lee,Devin Harris,Jarvis Hayes,Kris Humphries,1,2:32,MEM,sub,,,,Hamed Haddadi,,Hasheem Thabeet,,,,,,,,,,,,
Darrell Arthur,Hamed Haddadi,Mike Conley,Rudy Gay,Sam Young,Brook Lopez,Courtney Lee,Devin Harris,Kris Humphries,Terrence Williams,1,2:32,NJN,sub,,,,Terrence Williams,,Jarvis Hayes,,,,,,,,,,,,
Darrell Arthur,Hamed Haddadi,Mike Conley,Rudy Gay,Sam Young,Brook Lopez,Courtney Lee,Devin Harris,Kris Humphries,Terrence Williams,1,2:32,NJN,free throw,,,,,,,2,,2,Brook Lopez,,,foul,missed,,,,
Darrell Arthur,Hamed Haddadi,Mike Conley,Rudy Gay,Sam Young,Brook Lopez,Courtney Lee,Devin Harris,Kris Humphries,Terrence Williams,1,2:31,NJN,rebound,,,,,,,,,,Courtney Lee,,,,,,off,,
Darrell Arthur,Hamed Haddadi,Mike Conley,Rudy Gay,Sam Young,Brook Lopez,Courtney Lee,Devin Harris,Kris Humphries,Terrence Williams,1,2:23,NJN,shot,,,,,,,,,,Kris Humphries,,,,missed,,driving layup,25,6
Darrell Arthur,Hamed Haddadi,Mike Conley,Rudy Gay,Sam Young,Brook Lopez,Courtney Lee,Devin Harris,Kris Humphries,Terrence Williams,1,2:22,NJN,rebound,,,,,,,,,,Brook Lopez,,,,,,off,,
Darrell Arthur,Hamed Haddadi,Mike Conley,Rudy Gay,Sam Young,Brook Lopez,Courtney Lee,Devin Harris,Kris Humphries,Terrence Williams,1,2:19,NJN,shot,,,Darrell Arthur,,,,,,,Brook Lopez,,,,missed,,layup,25,6
Darrell Arthur,Hamed Haddadi,Mike Conley,Rudy Gay,Sam Young,Brook Lopez,Courtney Lee,Devin Harris,Kris Humphries,Terrence Williams,1,2:18,NJN,rebound,,,,,,,,,,,,,,,,,,
Darrell Arthur,Hamed Haddadi,Mike Conley,Rudy Gay,Sam Young,Brook Lopez,Courtney Lee,Devin Harris,Kris Humphries,Terrence Williams,1,2:09,NJN,shot,,,,,,,,,,Devin Harris,,,,missed,,3pt,18,30
Darrell Arthur,Hamed Haddadi,Mike Conley,Rudy Gay,Sam Young,Brook Lopez,Courtney Lee,Devin Harris,Kris Humphries,Terrence Williams,1,2:08,NJN,rebound,,,,,,,,,,Kris Humphries,,,,,,off,,
Darrell Arthur,Hamed Haddadi,Mike Conley,Rudy Gay,Sam Young,Brook Lopez,Courtney Lee,Devin Harris,Kris Humphries,Terrence Williams,1,1:56,NJN,turnover,,,,,,,,,,Devin Harris,,,bad pass,,,,,
Darrell Arthur,Hamed Haddadi,Mike Conley,Rudy Gay,Sam Young,Brook Lopez,Courtney Lee,Devin Harris,Kris Humphries,Terrence Williams,1,1:41,MEM,shot,,,,,,,,,,Darrell Arthur,,,,missed,,jump,26,16
Darrell Arthur,Hamed Haddadi,Mike Conley,Rudy Gay,Sam Young,Brook Lopez,Courtney Lee,Devin Harris,Kris Humphries,Terrence Williams,1,1:40,MEM,rebound,,,,,,,,,,Hamed Haddadi,,,,,,off,,
Darrell Arthur,Hamed Haddadi,Mike Conley,Rudy Gay,Sam Young,Brook Lopez,Courtney Lee,Devin Harris,Kris Humphries,Terrence Williams,1,1:39,MEM,foul,,,,,,,,Kris Humphries,,Darrell Arthur,,,,,,offensive,,
Darrell Arthur,Hamed Haddadi,Mike Conley,Rudy Gay,Sam Young,Brook Lopez,Courtney Lee,Devin Harris,Kris Humphries,Terrence Williams,1,1:39,MEM,turnover,,,,,,,,,,Darrell Arthur,,,foul,,,,,
Darrell Arthur,Hamed Haddadi,Mike Conley,Rudy Gay,Sam Young,Brook Lopez,Courtney Lee,Devin Harris,Kris Humphries,Terrence Williams,1,1:28,MEM,foul,,,,,,,,Brook Lopez,,Hamed Haddadi,,,,,,shooting,,
Darrell Arthur,Hamed Haddadi,Mike Conley,Rudy Gay,Sam Young,Brook Lopez,Courtney Lee,Keyon Dooling,Kris Humphries,Terrence Williams,1,1:28,NJN,sub,,,,Keyon Dooling,,Devin Harris,,,,,,,,,,,,
Darrell Arthur,Hamed Haddadi,Marcus Williams,Rudy Gay,Sam Young,Brook Lopez,Courtney Lee,Keyon Dooling,Kris Humphries,Terrence Williams,1,1:28,MEM,sub,,,,Marcus Williams,,Mike Conley,,,,,,,,,,,,
Darrell Arthur,Hamed Haddadi,Marcus Williams,Rudy Gay,Sam Young,Brook Lopez,Courtney Lee,Keyon Dooling,Kris Humphries,Terrence Williams,1,1:28,NJN,free throw,,,,,,,1,,2,Brook Lopez,,,foul,made,,,,
Darrell Arthur,Hamed Haddadi,Marcus Williams,Rudy Gay,Sam Young,Brook Lopez,Courtney Lee,Keyon Dooling,Kris Humphries,Terrence Williams,1,1:28,NJN,free throw,,,,,,,2,,2,Brook Lopez,,,foul,made,,,,
Darrell Arthur,Hamed Haddadi,Marcus Williams,Rudy Gay,Sam Young,Brook Lopez,Courtney Lee,Keyon Dooling,Kris Humphries,Terrence Williams,1,1:14,MEM,turnover,,,,,,,,,,Rudy Gay,,,step out of bounds turnover,,,,,
Darrell Arthur,Hamed Haddadi,Marcus Williams,Rudy Gay,Sam Young,Brook Lopez,Courtney Lee,Keyon Dooling,Kris Humphries,Terrence Williams,1,0:52,NJN,shot,Terrence Williams,,,,,,,,,Brook Lopez,2,,,made,,driving layup,25,6
Darrell Arthur,Hamed Haddadi,Marcus Williams,Rudy Gay,Sam Young,Brook Lopez,Courtney Lee,Keyon Dooling,Kris Humphries,Terrence Williams,1,0:41,MEM,shot,,,,,,,,,,Rudy Gay,2,,,made,,jump,11,20
Darrell Arthur,Hamed Haddadi,Marcus Williams,Rudy Gay,Sam Young,Brook Lopez,Courtney Lee,Keyon Dooling,Kris Humphries,Terrence Williams,1,0:32,NJN,shot,,,,,,,,,,Keyon Dooling,3,,,made,,3pt,17,29
Darrell Arthur,Hamed Haddadi,Marcus Williams,Rudy Gay,Sam Young,Brook Lopez,Courtney Lee,Keyon Dooling,Kris Humphries,Terrence Williams,1,0:32,MEM,foul,,,,,,,,Keyon Dooling,,Marcus Williams,,,,,,shooting,,
Darrell Arthur,Hamed Haddadi,Marcus Williams,Rudy Gay,Sam Young,Courtney Lee,Josh Boone,Keyon Dooling,Kris Humphries,Terrence Williams,1,0:32,NJN,sub,,,,Josh Boone,,Brook Lopez,,,,,,,,,,,,
Darrell Arthur,Hamed Haddadi,Marcus Williams,Rudy Gay,Sam Young,Courtney Lee,Josh Boone,Keyon Dooling,Kris Humphries,Terrence Williams,1,0:32,NJN,free throw,,,,,,,1,,1,Keyon Dooling,,,foul,missed,,,,
Darrell Arthur,Hamed Haddadi,Marcus Williams,Rudy Gay,Sam Young,Courtney Lee,Josh Boone,Keyon Dooling,Kris Humphries,Terrence Williams,1,0:31,NJN,rebound,,,,,,,,,,Keyon Dooling,,,,,,off,,
Darrell Arthur,Hamed Haddadi,Marcus Williams,Rudy Gay,Sam Young,Courtney Lee,Josh Boone,Keyon Dooling,Kris Humphries,Terrence Williams,1,0:07,NJN,shot,,,,,,,,,,Courtney Lee,,,,missed,,jump,36,25
Darrell Arthur,Hamed Haddadi,Marcus Williams,Rudy Gay,Sam Young,Courtney Lee,Josh Boone,Keyon Dooling,Kris Humphries,Terrence Williams,1,0:06,NJN,rebound,,,,,,,,,,,,,,,,,,
Darrell Arthur,Hamed Haddadi,Marcus Williams,Rudy Gay,Sam Young,Courtney Lee,Josh Boone,Keyon Dooling,Kris Humphries,Terrence Williams,1,0:06,NJN,turnover,,,,,,,,,,,,,shot clock turnover,,,,,
Darrell Arthur,Hamed Haddadi,Marcus Williams,Rudy Gay,Sam Young,Courtney Lee,Josh Boone,Keyon Dooling,Kris Humphries,Terrence Williams,1,0:00,MEM,shot,,,,,,,,,,Marcus Williams,,,,missed,,jump,40,10
Darrell Arthur,Hamed Haddadi,Marcus Williams,Rudy Gay,Sam Young,Courtney Lee,Josh Boone,Keyon Dooling,Kris Humphries,Terrence Williams,1,0:00,MEM,rebound,,,,,,,,,,,,,,,,,,
Hamed Haddadi,Marc Gasol,Marcus Williams,O.J. Mayo,Rudy Gay,Courtney Lee,Josh Boone,Keyon Dooling,Kris Humphries,Terrence Williams,2,11:38,NJN,shot,,,,,,,,,,Josh Boone,,,,missed,,jump,21,17
Hamed Haddadi,Marc Gasol,Marcus Williams,O.J. Mayo,Rudy Gay,Courtney Lee,Josh Boone,Keyon Dooling,Kris Humphries,Terrence Williams,2,11:37,MEM,rebound,,,,,,,,,,Rudy Gay,,,,,,def,,
Hamed Haddadi,Marc Gasol,Marcus Williams,O.J. Mayo,Rudy Gay,Courtney Lee,Josh Boone,Keyon Dooling,Kris Humphries,Terrence Williams,2,11:24,MEM,shot,,,,,,,,,,Marcus Williams,,,,missed,,3pt,36,27
Hamed Haddadi,Marc Gasol,Marcus Williams,O.J. Mayo,Rudy Gay,Courtney Lee,Josh Boone,Keyon Dooling,Kris Humphries,Terrence Williams,2,11:23,NJN,rebound,,,,,,,,,,Courtney Lee,,,,,,def,,
Hamed Haddadi,Marc Gasol,Marcus Williams,O.J. Mayo,Rudy Gay,Courtney Lee,Josh Boone,Keyon Dooling,Kris Humphries,Terrence Williams,2,11:14,NJN,shot,,,Hamed Haddadi,,,,,,,Courtney Lee,,,,missed,,driving layup,25,6
Hamed Haddadi,Marc Gasol,Marcus Williams,O.J. Mayo,Rudy Gay,Courtney Lee,Josh Boone,Keyon Dooling,Kris Humphries,Terrence Williams,2,11:12,NJN,rebound,,,,,,,,,,Josh Boone,,,,,,off,,
Hamed Haddadi,Marc Gasol,Marcus Williams,O.J. Mayo,Rudy Gay,Courtney Lee,Josh Boone,Keyon Dooling,Kris Humphries,Terrence Williams,2,11:11,NJN,shot,,,,,,,,,,Josh Boone,2,,,made,,putback layup,25,6
Hamed Haddadi,Marc Gasol,Marcus Williams,O.J. Mayo,Rudy Gay,Courtney Lee,Josh Boone,Keyon Dooling,Kris Humphries,Terrence Williams,2,10:54,MEM,shot,Hamed Haddadi,,,,,,,,,Rudy Gay,2,,,made,,dunk,25,6
Hamed Haddadi,Marc Gasol,Marcus Williams,O.J. Mayo,Rudy Gay,Courtney Lee,Josh Boone,Keyon Dooling,Kris Humphries,Terrence Williams,2,10:38,NJN,shot,,,,,,,,,,Kris Humphries,,,,missed,,jump,29,23
Hamed Haddadi,Marc Gasol,Marcus Williams,O.J. Mayo,Rudy Gay,Courtney Lee,Josh Boone,Keyon Dooling,Kris Humphries,Terrence Williams,2,10:37,MEM,rebound,,,,,,,,,,O.J. Mayo,,,,,,def,,
Hamed Haddadi,Marc Gasol,Marcus Williams,O.J. Mayo,Rudy Gay,Courtney Lee,Josh Boone,Keyon Dooling,Kris Humphries,Terrence Williams,2,10:28,MEM,shot,,,,,,,,,,O.J. Mayo,2,,,made,,jump,41,8
Hamed Haddadi,Marc Gasol,Marcus Williams,O.J. Mayo,Rudy Gay,Courtney Lee,Josh Boone,Keyon Dooling,Kris Humphries,Terrence Williams,2,10:08,NJN,shot,,,,,,,,,,Courtney Lee,,,,missed,,3pt,2,5
Hamed Haddadi,Marc Gasol,Marcus Williams,O.J. Mayo,Rudy Gay,Courtney Lee,Josh Boone,Keyon Dooling,Kris Humphries,Terrence Williams,2,10:07,MEM,rebound,,,,,,,,,,Rudy Gay,,,,,,def,,
Hamed Haddadi,Marc Gasol,Marcus Williams,O.J. Mayo,Rudy Gay,Courtney Lee,Josh Boone,Keyon Dooling,Kris Humphries,Terrence Williams,2,9:57,MEM,shot,,,,,,,,,,Rudy Gay,2,,,made,,driving finger roll layup,25,6
Hamed Haddadi,Marc Gasol,Marcus Williams,O.J. Mayo,Rudy Gay,Courtney Lee,Josh Boone,Keyon Dooling,Kris Humphries,Terrence Williams,2,9:49,NJN,timeout,,,,,,,,,,,,,,,,regular,,
Hamed Haddadi,Marc Gasol,Marcus Williams,O.J. Mayo,Rudy Gay,Brook Lopez,Courtney Lee,Josh Boone,Keyon Dooling,Terrence Williams,2,9:49,NJN,sub,,,,Brook Lopez,,Kris Humphries,,,,,,,,,,,,
Hamed Haddadi,Marc Gasol,Marcus Williams,O.J. Mayo,Rudy Gay,Brook Lopez,Devin Harris,Josh Boone,Keyon Dooling,Terrence Williams,2,9:49,NJN,sub,,,,Devin Harris,,Courtney Lee,,,,,,,,,,,,
Hamed Haddadi,Marc Gasol,Marcus Williams,O.J. Mayo,Rudy Gay,Brook Lopez,Devin Harris,Josh Boone,Keyon Dooling,Terrence Williams,2,9:38,NJN,turnover,,,,,,,,,,Keyon Dooling,,,bad pass,,O.J. Mayo,,,
Hamed Haddadi,Marc Gasol,Marcus Williams,O.J. Mayo,Rudy Gay,Brook Lopez,Devin Harris,Josh Boone,Keyon Dooling,Terrence Williams,2,9:33,MEM,shot,,,,,,,,,,O.J. Mayo,,,,missed,,driving layup,25,6
Hamed Haddadi,Marc Gasol,Marcus Williams,O.J. Mayo,Rudy Gay,Brook Lopez,Devin Harris,Josh Boone,Keyon Dooling,Terrence Williams,2,9:32,NJN,rebound,,,,,,,,,,,,,,,,,,
Hamed Haddadi,Marc Gasol,Marcus Williams,O.J. Mayo,Rudy Gay,Brook Lopez,Devin Harris,Josh Boone,Keyon Dooling,Terrence Williams,2,9:14,NJN,shot,Keyon Dooling,,,,,,,,,Brook Lopez,2,,,made,,jump,10,11
Hamed Haddadi,Marc Gasol,Marcus Williams,O.J. Mayo,Rudy Gay,Brook Lopez,Devin Harris,Josh Boone,Keyon Dooling,Terrence Williams,2,8:58,MEM,shot,,,,,,,,,,Rudy Gay,,,,missed,,jump,23,20
Hamed Haddadi,Marc Gasol,Marcus Williams,O.J. Mayo,Rudy Gay,Brook Lopez,Devin Harris,Josh Boone,Keyon Dooling,Terrence Williams,2,8:57,NJN,rebound,,,,,,,,,,Brook Lopez,,,,,,def,,
Hamed Haddadi,Marc Gasol,Marcus Williams,O.J. Mayo,Rudy Gay,Brook Lopez,Devin Harris,Josh Boone,Keyon Dooling,Terrence Williams,2,8:57,MEM,foul,,,,,,,,Brook Lopez,,Hamed Haddadi,,,,,,personal,,
Hamed Haddadi,Marc Gasol,Marcus Williams,O.J. Mayo,Rudy Gay,Brook Lopez,Devin Harris,Josh Boone,Keyon Dooling,Terrence Williams,2,8:46,NJN,turnover,,,,,,,,,,Keyon Dooling,,,out of bounds lost ball turnover,,,,,
Hamed Haddadi,Marc Gasol,Marcus Williams,O.J. Mayo,Rudy Gay,Brook Lopez,Devin Harris,Josh Boone,Keyon Dooling,Terrence Williams,2,8:23,MEM,shot,,,,,,,,,,Rudy Gay,,,,missed,,jump,32,13
Hamed Haddadi,Marc Gasol,Marcus Williams,O.J. Mayo,Rudy Gay,Brook Lopez,Devin Harris,Josh Boone,Keyon Dooling,Terrence Williams,2,8:20,NJN,rebound,,,,,,,,,,,,,,,,,,
Hamed Haddadi,Marc Gasol,Marcus Williams,O.J. Mayo,Rudy Gay,Brook Lopez,Devin Harris,Josh Boone,Keyon Dooling,Terrence Williams,2,8:11,MEM,foul,,,,,,,,Devin Harris,,Marcus Williams,,,,,,personal,,
Hamed Haddadi,Marc Gasol,Marcus Williams,O.J. Mayo,Rudy Gay,Brook Lopez,Devin Harris,Jarvis Hayes,Josh Boone,Keyon Dooling,2,8:11,NJN,sub,,,,Jarvis Hayes,,Terrence Williams,,,,,,,,,,,,
Hamed Haddadi,Marc Gasol,Marcus Williams,O.J. Mayo,Rudy Gay,Brook Lopez,Devin Harris,Jarvis Hayes,Josh Boone,Keyon Dooling,2,8:06,NJN,turnover,,,,,,,,,,Devin Harris,,,bad pass,,Rudy Gay,,,
Hamed Haddadi,Marc Gasol,Marcus Williams,O.J. Mayo,Rudy Gay,Brook Lopez,Devin Harris,Jarvis Hayes,Josh Boone,Keyon Dooling,2,8:03,MEM,shot,,,,,,,,,,Rudy Gay,2,,,made,,driving layup,25,6
Hamed Haddadi,Marc Gasol,Marcus Williams,O.J. Mayo,Rudy Gay,Brook Lopez,Devin Harris,Jarvis Hayes,Josh Boone,Keyon Dooling,2,8:03,NJN,foul,,,,,,,,Rudy Gay,,Jarvis Hayes,,,,,,shooting,,
Hamed Haddadi,Marc Gasol,Marcus Williams,O.J. Mayo,Rudy Gay,Brook Lopez,Devin Harris,Jarvis Hayes,Josh Boone,Keyon Dooling,2,8:03,MEM,free throw,,,,,,,1,,1,Rudy Gay,,,foul,made,,,,
Hamed Haddadi,Marc Gasol,Marcus Williams,O.J. Mayo,Rudy Gay,Brook Lopez,Devin Harris,Jarvis Hayes,Josh Boone,Keyon Dooling,2,7:52,NJN,shot,,,Marc Gasol,,,,,,,Brook Lopez,,,,missed,,layup,25,6
Hamed Haddadi,Marc Gasol,Marcus Williams,O.J. Mayo,Rudy Gay,Brook Lopez,Devin Harris,Jarvis Hayes,Josh Boone,Keyon Dooling,2,7:51,NJN,rebound,,,,,,,,,,,,,,,,,,
Hamed Haddadi,Marc Gasol,Marcus Williams,O.J. Mayo,Sam Young,Brook Lopez,Devin Harris,Jarvis Hayes,Josh Boone,Keyon Dooling,2,7:51,MEM,sub,,,,Sam Young,,Rudy Gay,,,,,,,,,,,,
Hamed Haddadi,Marc Gasol,Marcus Williams,O.J. Mayo,Sam Young,Brook Lopez,Devin Harris,Jarvis Hayes,Josh Boone,Keyon Dooling,2,7:40,NJN,shot,Devin Harris,,,,,,,,,Brook Lopez,2,,,made,,dunk,25,6
Hamed Haddadi,Marc Gasol,Marcus Williams,O.J. Mayo,Sam Young,Brook Lopez,Devin Harris,Jarvis Hayes,Josh Boone,Keyon Dooling,2,7:29,MEM,shot,,,,,,,,,,Hamed Haddadi,,,,missed,,alley oop layup,25,6
Hamed Haddadi,Marc Gasol,Marcus Williams,O.J. Mayo,Sam Young,Brook Lopez,Devin Harris,Jarvis Hayes,Josh Boone,Keyon Dooling,2,7:28,NJN,rebound,,,,,,,,,,Josh Boone,,,,,,def,,
Hamed Haddadi,Marc Gasol,Marcus Williams,O.J. Mayo,Sam Young,Brook Lopez,Devin Harris,Jarvis Hayes,Josh Boone,Keyon Dooling,2,7:25,NJN,shot,,,,,,,,,,Devin Harris,,,,missed,,driving layup,25,6
Hamed Haddadi,Marc Gasol,Marcus Williams,O.J. Mayo,Sam Young,Brook Lopez,Devin Harris,Jarvis Hayes,Josh Boone,Keyon Dooling,2,7:24,NJN,rebound,,,,,,,,,,Josh Boone,,,,,,off,,
Hamed Haddadi,Marc Gasol,Marcus Williams,O.J. Mayo,Sam Young,Brook Lopez,Devin Harris,Jarvis Hayes,Josh Boone,Keyon Dooling,2,7:23,NJN,shot,,,,,,,,,,Josh Boone,,,,missed,,tip,25,6
Hamed Haddadi,Marc Gasol,Marcus Williams,O.J. Mayo,Sam Young,Brook Lopez,Devin Harris,Jarvis Hayes,Josh Boone,Keyon Dooling,2,7:22,MEM,rebound,,,,,,,,,,,,,,,,,,
Hamed Haddadi,Marc Gasol,Marcus Williams,O.J. Mayo,Sam Young,Brook Lopez,Devin Harris,Jarvis Hayes,Keyon Dooling,Yi Jianlian,2,7:22,NJN,sub,,,,Yi Jianlian,,Josh Boone,,,,,,,,,,,,
Hamed Haddadi,Marc Gasol,Marcus Williams,O.J. Mayo,Sam Young,Brook Lopez,Devin Harris,Jarvis Hayes,Keyon Dooling,Yi Jianlian,2,7:10,MEM,shot,,,,,,,,,,Marc Gasol,,,,missed,,hook,25,12
Hamed Haddadi,Marc Gasol,Marcus Williams,O.J. Mayo,Sam Young,Brook Lopez,Devin Harris,Jarvis Hayes,Keyon Dooling,Yi Jianlian,2,7:08,NJN,rebound,,,,,,,,,,Yi Jianlian,,,,,,def,,
Hamed Haddadi,Marc Gasol,Marcus Williams,O.J. Mayo,Sam Young,Brook Lopez,Devin Harris,Jarvis Hayes,Keyon Dooling,Yi Jianlian,2,6:58,NJN,shot,Devin Harris,,,,,,,,,Yi Jianlian,2,,,made,,jump,34,24
Hamed Haddadi,Marc Gasol,Marcus Williams,O.J. Mayo,Sam Young,Brook Lopez,Devin Harris,Jarvis Hayes,Keyon Dooling,Yi Jianlian,2,6:39,MEM,shot,,,,,,,,,,Marcus Williams,,,,missed,,driving finger roll layup,25,6
Hamed Haddadi,Marc Gasol,Marcus Williams,O.J. Mayo,Sam Young,Brook Lopez,Devin Harris,Jarvis Hayes,Keyon Dooling,Yi Jianlian,2,6:38,MEM,rebound,,,,,,,,,,Marc Gasol,,,,,,off,,
Hamed Haddadi,Marc Gasol,Marcus Williams,O.J. Mayo,Sam Young,Brook Lopez,Devin Harris,Jarvis Hayes,Keyon Dooling,Yi Jianlian,2,6:36,MEM,shot,,,,,,,,,,Marc Gasol,,,,missed,,putback layup,25,6
Hamed Haddadi,Marc Gasol,Marcus Williams,O.J. Mayo,Sam Young,Brook Lopez,Devin Harris,Jarvis Hayes,Keyon Dooling,Yi Jianlian,2,6:35,NJN,rebound,,,,,,,,,,Jarvis Hayes,,,,,,def,,
Hamed Haddadi,Marc Gasol,Marcus Williams,O.J. Mayo,Sam Young,Brook Lopez,Devin Harris,Jarvis Hayes,Keyon Dooling,Yi Jianlian,2,6:24,NJN,shot,,,,,,,,,,Jarvis Hayes,,,,missed,,3pt,44,22
Hamed Haddadi,Marc Gasol,Marcus Williams,O.J. Mayo,Sam Young,Brook Lopez,Devin Harris,Jarvis Hayes,Keyon Dooling,Yi Jianlian,2,6:23,NJN,rebound,,,,,,,,,,Brook Lopez,,,,,,off,,
Hamed Haddadi,Marc Gasol,Marcus Williams,O.J. Mayo,Sam Young,Brook Lopez,Devin Harris,Jarvis Hayes,Keyon Dooling,Yi Jianlian,2,6:19,MEM,foul,,,,,,,,Brook Lopez,,Hamed Haddadi,,,,,,shooting,,
Marc Gasol,Marcus Williams,O.J. Mayo,Sam Young,Zach Randolph,Brook Lopez,Devin Harris,Jarvis Hayes,Keyon Dooling,Yi Jianlian,2,6:19,MEM,sub,,,,Zach Randolph,,Hamed Haddadi,,,,,,,,,,,,
Marc Gasol,Mike Conley,O.J. Mayo,Sam Young,Zach Randolph,Brook Lopez,Devin Harris,Jarvis Hayes,Keyon Dooling,Yi Jianlian,2,6:19,MEM,sub,,,,Mike Conley,,Marcus Williams,,,,,,,,,,,,
Marc Gasol,Mike Conley,O.J. Mayo,Sam Young,Zach Randolph,Brook Lopez,Devin Harris,Jarvis Hayes,Keyon Dooling,Yi Jianlian,2,6:19,NJN,free throw,,,,,,,1,,2,Brook Lopez,,,foul,missed,,,,
Marc Gasol,Mike Conley,O.J. Mayo,Sam Young,Zach Randolph,Brook Lopez,Devin Harris,Jarvis Hayes,Keyon Dooling,Yi Jianlian,2,6:19,NJN,rebound,,,,,,,,,,,,,,,,,,
Marc Gasol,Mike Conley,O.J. Mayo,Sam Young,Zach Randolph,Brook Lopez,Devin Harris,Jarvis Hayes,Keyon Dooling,Yi Jianlian,2,6:19,NJN,free throw,,,,,,,2,,2,Brook Lopez,,,foul,made,,,,
Marc Gasol,Mike Conley,O.J. Mayo,Sam Young,Zach Randolph,Brook Lopez,Devin Harris,Jarvis Hayes,Keyon Dooling,Yi Jianlian,2,6:06,MEM,shot,Mike Conley,,,,,,,,,Zach Randolph,2,,,made,,layup,25,6
Marc Gasol,Mike Conley,O.J. Mayo,Sam Young,Zach Randolph,Brook Lopez,Devin Harris,Jarvis Hayes,Keyon Dooling,Yi Jianlian,2,5:45,NJN,shot,Devin Harris,,,,,,,,,Yi Jianlian,2,,,made,,jump,7,9
Marc Gasol,Mike Conley,O.J. Mayo,Sam Young,Zach Randolph,Brook Lopez,Devin Harris,Jarvis Hayes,Keyon Dooling,Yi Jianlian,2,5:28,MEM,turnover,,,,,,,,,,Sam Young,,,bad pass,,,,,
Marc Gasol,Mike Conley,O.J. Mayo,Sam Young,Zach Randolph,Brook Lopez,Devin Harris,Jarvis Hayes,Keyon Dooling,Yi Jianlian,2,5:28,NJN,timeout,,,,,,,,,,,,,,,,official,,
Marc Gasol,Mike Conley,O.J. Mayo,Sam Young,Zach Randolph,Brook Lopez,Devin Harris,Jarvis Hayes,Keyon Dooling,Yi Jianlian,2,5:19,MEM,violation,,,,,,,,,,Marc Gasol,,,,,,defensive goaltending,,
Marc Gasol,Mike Conley,O.J. Mayo,Sam Young,Zach Randolph,Brook Lopez,Devin Harris,Jarvis Hayes,Keyon Dooling,Yi Jianlian,2,5:19,NJN,shot,,,,,,,,,,Devin Harris,2,,,made,,driving layup,25,6
Marc Gasol,Mike Conley,O.J. Mayo,Sam Young,Zach Randolph,Brook Lopez,Devin Harris,Jarvis Hayes,Keyon Dooling,Yi Jianlian,2,5:06,MEM,shot,,,,,,,,,,Sam Young,,,,missed,,driving layup,25,6
Marc Gasol,Mike Conley,O.J. Mayo,Sam Young,Zach Randolph,Brook Lopez,Devin Harris,Jarvis Hayes,Keyon Dooling,Yi Jianlian,2,5:05,MEM,rebound,,,,,,,,,,Zach Randolph,,,,,,off,,
Marc Gasol,Mike Conley,O.J. Mayo,Sam Young,Zach Randolph,Brook Lopez,Devin Harris,Jarvis Hayes,Keyon Dooling,Yi Jianlian,2,5:04,MEM,shot,,,,,,,,,,Zach Randolph,2,,,made,,tip,25,6
Marc Gasol,Mike Conley,O.J. Mayo,Sam Young,Zach Randolph,Brook Lopez,Devin Harris,Jarvis Hayes,Keyon Dooling,Yi Jianlian,2,4:55,NJN,foul,,,,,,,,Marc Gasol,,Brook Lopez,,,,,,offensive,,
Marc Gasol,Mike Conley,O.J. Mayo,Sam Young,Zach Randolph,Brook Lopez,Devin Harris,Jarvis Hayes,Keyon Dooling,Yi Jianlian,2,4:55,NJN,turnover,,,,,,,,,,Brook Lopez,,,foul,,,,,
Marc Gasol,Mike Conley,O.J. Mayo,Sam Young,Zach Randolph,Brook Lopez,Courtney Lee,Devin Harris,Jarvis Hayes,Yi Jianlian,2,4:55,NJN,sub,,,,Courtney Lee,,Keyon Dooling,,,,,,,,,,,,
Marc Gasol,Mike Conley,O.J. Mayo,Sam Young,Zach Randolph,Brook Lopez,Courtney Lee,Devin Harris,Jarvis Hayes,Yi Jianlian,2,4:44,MEM,shot,Mike Conley,,,,,,,,,Sam Young,2,,,made,,jump,25,23
Marc Gasol,Mike Conley,O.J. Mayo,Sam Young,Zach Randolph,Brook Lopez,Courtney Lee,Devin Harris,Jarvis Hayes,Yi Jianlian,2,4:23,MEM,foul,,,,,,,,Brook Lopez,,Sam Young,,,,,,personal,,
Marc Gasol,Mike Conley,O.J. Mayo,Sam Young,Zach Randolph,Brook Lopez,Courtney Lee,Devin Harris,Jarvis Hayes,Yi Jianlian,2,4:14,NJN,foul,,,,,,,,Marc Gasol,,Brook Lopez,,,,,,offensive,,
Marc Gasol,Mike Conley,O.J. Mayo,Sam Young,Zach Randolph,Brook Lopez,Courtney Lee,Devin Harris,Jarvis Hayes,Yi Jianlian,2,4:14,NJN,turnover,,,,,,,,,,Brook Lopez,,,foul,,,,,
Marc Gasol,Mike Conley,O.J. Mayo,Sam Young,Zach Randolph,Courtney Lee,Devin Harris,Jarvis Hayes,Josh Boone,Yi Jianlian,2,4:14,NJN,sub,,,,Josh Boone,,Brook Lopez,,,,,,,,,,,,
Marc Gasol,Mike Conley,O.J. Mayo,Sam Young,Zach Randolph,Courtney Lee,Devin Harris,Jarvis Hayes,Josh Boone,Yi Jianlian,2,4:02,MEM,shot,,,,,,,,,,Sam Young,2,,,made,,driving layup,25,6
Marc Gasol,Mike Conley,O.J. Mayo,Sam Young,Zach Randolph,Courtney Lee,Devin Harris,Jarvis Hayes,Josh Boone,Yi Jianlian,2,3:41,NJN,shot,Yi Jianlian,,,,,,,,,Devin Harris,3,,,made,,3pt,44,22
Marc Gasol,Mike Conley,O.J. Mayo,Sam Young,Zach Randolph,Courtney Lee,Devin Harris,Jarvis Hayes,Josh Boone,Yi Jianlian,2,3:17,MEM,shot,O.J. Mayo,,,,,,,,,Zach Randolph,2,,,made,,layup,25,6
Marc Gasol,Mike Conley,O.J. Mayo,Sam Young,Zach Randolph,Courtney Lee,Devin Harris,Jarvis Hayes,Josh Boone,Yi Jianlian,2,3:03,NJN,shot,,,,,,,,,,Yi Jianlian,,,,missed,,driving layup,25,6
Marc Gasol,Mike Conley,O.J. Mayo,Sam Young,Zach Randolph,Courtney Lee,Devin Harris,Jarvis Hayes,Josh Boone,Yi Jianlian,2,3:02,MEM,rebound,,,,,,,,,,Marc Gasol,,,,,,def,,
Marc Gasol,Mike Conley,O.J. Mayo,Sam Young,Zach Randolph,Courtney Lee,Devin Harris,Jarvis Hayes,Josh Boone,Yi Jianlian,2,2:59,MEM,shot,,,Devin Harris,,,,,,,O.J. Mayo,,,,missed,,driving layup,25,6
Marc Gasol,Mike Conley,O.J. Mayo,Sam Young,Zach Randolph,Courtney Lee,Devin Harris,Jarvis Hayes,Josh Boone,Yi Jianlian,2,2:58,MEM,rebound,,,,,,,,,,Mike Conley,,,,,,off,,
Marc Gasol,Mike Conley,O.J. Mayo,Sam Young,Zach Randolph,Courtney Lee,Devin Harris,Jarvis Hayes,Josh Boone,Yi Jianlian,2,2:57,MEM,shot,,,,,,,,,,Mike Conley,,,,missed,,layup,25,6
Marc Gasol,Mike Conley,O.J. Mayo,Sam Young,Zach Randolph,Courtney Lee,Devin Harris,Jarvis Hayes,Josh Boone,Yi Jianlian,2,2:56,MEM,rebound,,,,,,,,,,Zach Randolph,,,,,,off,,
Marc Gasol,Mike Conley,O.J. Mayo,Sam Young,Zach Randolph,Courtney Lee,Devin Harris,Jarvis Hayes,Josh Boone,Yi Jianlian,2,2:55,MEM,shot,,,,,,,,,,Zach Randolph,,,,missed,,tip,25,6
Marc Gasol,Mike Conley,O.J. Mayo,Sam Young,Zach Randolph,Courtney Lee,Devin Harris,Jarvis Hayes,Josh Boone,Yi Jianlian,2,2:55,MEM,rebound,,,,,,,,,,Mike Conley,,,,,,off,,
Marc Gasol,Mike Conley,O.J. Mayo,Sam Young,Zach Randolph,Courtney Lee,Devin Harris,Jarvis Hayes,Josh Boone,Yi Jianlian,2,2:55,NJN,foul,,,,,,,,Mike Conley,,Courtney Lee,,,,,,personal,,
Marc Gasol,Mike Conley,O.J. Mayo,Sam Young,Zach Randolph,Courtney Lee,Devin Harris,Jarvis Hayes,Josh Boone,Yi Jianlian,2,2:55,MEM,timeout,,,,,,,,,,,,,,,,regular,,
Marc Gasol,Mike Conley,O.J. Mayo,Sam Young,Zach Randolph,Courtney Lee,Devin Harris,Jarvis Hayes,Josh Boone,Yi Jianlian,2,2:48,MEM,turnover,,,,,,,,,,Sam Young,,,out of bounds lost ball turnover,,,,,
Marc Gasol,Mike Conley,Rudy Gay,Sam Young,Zach Randolph,Courtney Lee,Devin Harris,Jarvis Hayes,Josh Boone,Yi Jianlian,2,2:48,MEM,sub,,,,Rudy Gay,,O.J. Mayo,,,,,,,,,,,,
Marc Gasol,Mike Conley,Rudy Gay,Sam Young,Zach Randolph,Courtney Lee,Devin Harris,Jarvis Hayes,Josh Boone,Yi Jianlian,2,2:35,NJN,turnover,,,,,,,,,,Yi Jianlian,,,traveling,,,,,
Marc Gasol,Mike Conley,Rudy Gay,Sam Young,Zach Randolph,Courtney Lee,Devin Harris,Jarvis Hayes,Josh Boone,Yi Jianlian,2,2:23,MEM,shot,Marc Gasol,,,,,,,,,Zach Randolph,2,,,made,,layup,25,6
Marc Gasol,Mike Conley,Rudy Gay,Sam Young,Zach Randolph,Courtney Lee,Devin Harris,Jarvis Hayes,Josh Boone,Yi Jianlian,2,2:00,NJN,shot,Devin Harris,,,,,,,,,Josh Boone,2,,,made,,layup,25,6
Marc Gasol,Mike Conley,Rudy Gay,Sam Young,Zach Randolph,Courtney Lee,Devin Harris,Jarvis Hayes,Josh Boone,Yi Jianlian,2,1:43,MEM,shot,,,,,,,,,,Rudy Gay,,,,missed,,jump,27,24
Marc Gasol,Mike Conley,Rudy Gay,Sam Young,Zach Randolph,Courtney Lee,Devin Harris,Jarvis Hayes,Josh Boone,Yi Jianlian,2,1:42,NJN,rebound,,,,,,,,,,,,,,,,,,
Marc Gasol,Mike Conley,Rudy Gay,Sam Young,Zach Randolph,Courtney Lee,Devin Harris,Jarvis Hayes,Josh Boone,Yi Jianlian,2,1:31,NJN,turnover,,,,,,,,,,Devin Harris,,,bad pass,,Sam Young,,,
Marc Gasol,Mike Conley,Rudy Gay,Sam Young,Zach Randolph,Courtney Lee,Devin Harris,Jarvis Hayes,Josh Boone,Yi Jianlian,2,1:26,MEM,turnover,,,,,,,,,,Sam Young,,,bad pass,,Courtney Lee,,,
Marc Gasol,Mike Conley,Rudy Gay,Sam Young,Zach Randolph,Courtney Lee,Devin Harris,Jarvis Hayes,Josh Boone,Yi Jianlian,2,1:23,NJN,shot,,,,,,,,,,Courtney Lee,,,,missed,,layup,25,6
Marc Gasol,Mike Conley,Rudy Gay,Sam Young,Zach Randolph,Courtney Lee,Devin Harris,Jarvis Hayes,Josh Boone,Yi Jianlian,2,1:22,NJN,rebound,,,,,,,,,,Yi Jianlian,,,,,,off,,
Marc Gasol,Mike Conley,Rudy Gay,Sam Young,Zach Randolph,Courtney Lee,Devin Harris,Jarvis Hayes,Josh Boone,Yi Jianlian,2,1:21,NJN,shot,,,,,,,,,,Yi Jianlian,2,,,made,,tip,25,6
Marc Gasol,Mike Conley,Rudy Gay,Sam Young,Zach Randolph,Courtney Lee,Devin Harris,Jarvis Hayes,Josh Boone,Yi Jianlian,2,1:11,MEM,shot,,,,,,,,,,Mike Conley,2,,,made,,layup,25,6
Marc Gasol,Mike Conley,Rudy Gay,Sam Young,Zach Randolph,Courtney Lee,Devin Harris,Jarvis Hayes,Josh Boone,Yi Jianlian,2,1:06,NJN,timeout,,,,,,,,,,,,,,,,short,,
Marc Gasol,Mike Conley,Rudy Gay,Sam Young,Zach Randolph,Courtney Lee,Devin Harris,Josh Boone,Terrence Williams,Yi Jianlian,2,1:06,NJN,sub,,,,Terrence Williams,,Jarvis Hayes,,,,,,,,,,,,
Marc Gasol,Mike Conley,O.J. Mayo,Rudy Gay,Sam Young,Courtney Lee,Devin Harris,Josh Boone,Terrence Williams,Yi Jianlian,2,1:06,MEM,sub,,,,O.J. Mayo,,Zach Randolph,,,,,,,,,,,,
Marc Gasol,Mike Conley,O.J. Mayo,Rudy Gay,Sam Young,Courtney Lee,Devin Harris,Josh Boone,Terrence Williams,Yi Jianlian,2,0:59,NJN,shot,,,,,,,,,,Devin Harris,,,,missed,,driving layup,25,6
Marc Gasol,Mike Conley,O.J. Mayo,Rudy Gay,Sam Young,Courtney Lee,Devin Harris,Josh Boone,Terrence Williams,Yi Jianlian,2,0:58,NJN,rebound,,,,,,,,,,Josh Boone,,,,,,off,,
Marc Gasol,Mike Conley,O.J. Mayo,Rudy Gay,Sam Young,Courtney Lee,Devin Harris,Josh Boone,Terrence Williams,Yi Jianlian,2,0:57,NJN,shot,,,,,,,,,,Josh Boone,,,,missed,,tip,25,6
Marc Gasol,Mike Conley,O.J. Mayo,Rudy Gay,Sam Young,Courtney Lee,Devin Harris,Josh Boone,Terrence Williams,Yi Jianlian,2,0:57,MEM,rebound,,,,,,,,,,Marc Gasol,,,,,,def,,
Marc Gasol,Mike Conley,O.J. Mayo,Rudy Gay,Sam Young,Courtney Lee,Devin Harris,Josh Boone,Terrence Williams,Yi Jianlian,2,0:46,MEM,shot,Marc Gasol,,,,,,,,,Mike Conley,2,,,made,,jump,38,19
Marc Gasol,Mike Conley,O.J. Mayo,Rudy Gay,Sam Young,Courtney Lee,Devin Harris,Josh Boone,Terrence Williams,Yi Jianlian,2,0:34,NJN,shot,Devin Harris,,,,,,,,,Yi Jianlian,2,,,made,,jump,25,26
Marc Gasol,Mike Conley,O.J. Mayo,Rudy Gay,Sam Young,Courtney Lee,Devin Harris,Josh Boone,Terrence Williams,Yi Jianlian,2,0:23,MEM,shot,,,,,,,,,,Sam Young,,,,missed,,driving layup,25,6
Marc Gasol,Mike Conley,O.J. Mayo,Rudy Gay,Sam Young,Courtney Lee,Devin Harris,Josh Boone,Terrence Williams,Yi Jianlian,2,0:22,MEM,rebound,,,,,,,,,,Marc Gasol,,,,,,off,,
Marc Gasol,Mike Conley,O.J. Mayo,Rudy Gay,Sam Young,Courtney Lee,Devin Harris,Josh Boone,Terrence Williams,Yi Jianlian,2,0:21,NJN,foul,,,,,,,,Marc Gasol,,Devin Harris,,,,,,personal,,
Marc Gasol,Mike Conley,O.J. Mayo,Rudy Gay,Sam Young,Courtney Lee,Devin Harris,Josh Boone,Terrence Williams,Yi Jianlian,2,0:21,MEM,timeout,,,,,,,,,,,,,,,,short,,
Marc Gasol,Mike Conley,O.J. Mayo,Rudy Gay,Sam Young,Courtney Lee,Devin Harris,Josh Boone,Keyon Dooling,Terrence Williams,2,0:21,NJN,sub,,,,Keyon Dooling,,Yi Jianlian,,,,,,,,,,,,
Marc Gasol,Mike Conley,O.J. Mayo,Rudy Gay,Sam Young,Courtney Lee,Devin Harris,Josh Boone,Keyon Dooling,Terrence Williams,2,0:01,MEM,shot,,,,,,,,,,Rudy Gay,2,,,made,,jump,20,26
Marc Gasol,Mike Conley,O.J. Mayo,Rudy Gay,Zach Randolph,Brook Lopez,Courtney Lee,Devin Harris,Jarvis Hayes,Yi Jianlian,3,11:41,NJN,shot,Devin Harris,,,,,,,,,Brook Lopez,2,,,made,,hook,24,12
Marc Gasol,Mike Conley,O.J. Mayo,Rudy Gay,Zach Randolph,Brook Lopez,Courtney Lee,Devin Harris,Jarvis Hayes,Yi Jianlian,3,11:16,MEM,shot,,,,,,,,,,O.J. Mayo,,,,missed,,jump,7,14
Marc Gasol,Mike Conley,O.J. Mayo,Rudy Gay,Zach Randolph,Brook Lopez,Courtney Lee,Devin Harris,Jarvis Hayes,Yi Jianlian,3,11:15,NJN,rebound,,,,,,,,,,Yi Jianlian,,,,,,def,,
Marc Gasol,Mike Conley,O.J. Mayo,Rudy Gay,Zach Randolph,Brook Lopez,Courtney Lee,Devin Harris,Jarvis Hayes,Yi Jianlian,3,11:09,NJN,shot,,,,,,,,,,Devin Harris,2,,,made,,driving reverse layup,25,6
Marc Gasol,Mike Conley,O.J. Mayo,Rudy Gay,Zach Randolph,Brook Lopez,Courtney Lee,Devin Harris,Jarvis Hayes,Yi Jianlian,3,10:54,MEM,shot,,,,,,,,,,Marc Gasol,2,,,made,,hook,17,8
Marc Gasol,Mike Conley,O.J. Mayo,Rudy Gay,Zach Randolph,Brook Lopez,Courtney Lee,Devin Harris,Jarvis Hayes,Yi Jianlian,3,10:29,NJN,shot,,,,,,,,,,Devin Harris,,,,missed,,jump,24,25
Marc Gasol,Mike Conley,O.J. Mayo,Rudy Gay,Zach Randolph,Brook Lopez,Courtney Lee,Devin Harris,Jarvis Hayes,Yi Jianlian,3,10:28,MEM,rebound,,,,,,,,,,O.J. Mayo,,,,,,def,,
Marc Gasol,Mike Conley,O.J. Mayo,Rudy Gay,Zach Randolph,Brook Lopez,Courtney Lee,Devin Harris,Jarvis Hayes,Yi Jianlian,3,10:21,MEM,shot,,,,,,,,,,Mike Conley,,,,missed,,jump,25,27
Marc Gasol,Mike Conley,O.J. Mayo,Rudy Gay,Zach Randolph,Brook Lopez,Courtney Lee,Devin Harris,Jarvis Hayes,Yi Jianlian,3,10:20,MEM,rebound,,,,,,,,,,O.J. Mayo,,,,,,off,,
Marc Gasol,Mike Conley,O.J. Mayo,Rudy Gay,Zach Randolph,Brook Lopez,Courtney Lee,Devin Harris,Jarvis Hayes,Yi Jianlian,3,10:10,MEM,shot,Mike Conley,,,,,,,,,Rudy Gay,2,,,made,,jump,34,16
Marc Gasol,Mike Conley,O.J. Mayo,Rudy Gay,Zach Randolph,Brook Lopez,Courtney Lee,Devin Harris,Jarvis Hayes,Yi Jianlian,3,9:51,NJN,shot,,,,,,,,,,Yi Jianlian,,,,missed,,jump,41,15
Marc Gasol,Mike Conley,O.J. Mayo,Rudy Gay,Zach Randolph,Brook Lopez,Courtney Lee,Devin Harris,Jarvis Hayes,Yi Jianlian,3,9:49,MEM,rebound,,,,,,,,,,O.J. Mayo,,,,,,def,,
Marc Gasol,Mike Conley,O.J. Mayo,Rudy Gay,Zach Randolph,Brook Lopez,Courtney Lee,Devin Harris,Jarvis Hayes,Yi Jianlian,3,9:43,MEM,shot,O.J. Mayo,,,,,,,,,Marc Gasol,2,,,made,,alley oop layup,25,6
Marc Gasol,Mike Conley,O.J. Mayo,Rudy Gay,Zach Randolph,Brook Lopez,Courtney Lee,Devin Harris,Jarvis Hayes,Yi Jianlian,3,9:14,NJN,shot,,,,,,,,,,Courtney Lee,,,,missed,,3pt,25,31
Marc Gasol,Mike Conley,O.J. Mayo,Rudy Gay,Zach Randolph,Brook Lopez,Courtney Lee,Devin Harris,Jarvis Hayes,Yi Jianlian,3,9:13,MEM,rebound,,,,,,,,,,Zach Randolph,,,,,,def,,
Marc Gasol,Mike Conley,O.J. Mayo,Rudy Gay,Zach Randolph,Brook Lopez,Courtney Lee,Devin Harris,Jarvis Hayes,Yi Jianlian,3,8:59,MEM,shot,,,,,,,,,,Rudy Gay,2,,,made,,driving layup,25,6
Marc Gasol,Mike Conley,O.J. Mayo,Rudy Gay,Zach Randolph,Brook Lopez,Courtney Lee,Devin Harris,Jarvis Hayes,Yi Jianlian,3,8:57,NJN,timeout,,,,,,,,,,,,,,,,regular,,
Marc Gasol,Mike Conley,O.J. Mayo,Rudy Gay,Zach Randolph,Brook Lopez,Courtney Lee,Devin Harris,Jarvis Hayes,Yi Jianlian,3,8:40,NJN,shot,,,,,,,,,,Courtney Lee,2,,,made,,driving finger roll layup,25,6
Marc Gasol,Mike Conley,O.J. Mayo,Rudy Gay,Zach Randolph,Brook Lopez,Courtney Lee,Devin Harris,Jarvis Hayes,Yi Jianlian,3,8:13,MEM,shot,Marc Gasol,,,,,,,,,O.J. Mayo,3,,,made,,3pt,41,26
Marc Gasol,Mike Conley,O.J. Mayo,Rudy Gay,Zach Randolph,Brook Lopez,Courtney Lee,Devin Harris,Jarvis Hayes,Yi Jianlian,3,8:01,MEM,foul,,,,,,,,Devin Harris,,Mike Conley,,,,,,shooting,,
Marc Gasol,Mike Conley,O.J. Mayo,Rudy Gay,Zach Randolph,Brook Lopez,Courtney Lee,Devin Harris,Jarvis Hayes,Yi Jianlian,3,8:01,NJN,free throw,,,,,,,1,,2,Devin Harris,,,foul,made,,,,
Marc Gasol,Mike Conley,O.J. Mayo,Rudy Gay,Zach Randolph,Brook Lopez,Courtney Lee,Devin Harris,Jarvis Hayes,Yi Jianlian,3,8:01,NJN,free throw,,,,,,,2,,2,Devin Harris,,,foul,made,,,,
Marc Gasol,Mike Conley,O.J. Mayo,Rudy Gay,Zach Randolph,Brook Lopez,Courtney Lee,Devin Harris,Jarvis Hayes,Yi Jianlian,3,7:50,MEM,shot,,,,,,,,,,Mike Conley,,,,missed,,driving layup,25,6
Marc Gasol,Mike Conley,O.J. Mayo,Rudy Gay,Zach Randolph,Brook Lopez,Courtney Lee,Devin Harris,Jarvis Hayes,Yi Jianlian,3,7:49,MEM,rebound,,,,,,,,,,Zach Randolph,,,,,,off,,
Marc Gasol,Mike Conley,O.J. Mayo,Rudy Gay,Zach Randolph,Brook Lopez,Courtney Lee,Devin Harris,Jarvis Hayes,Yi Jianlian,3,7:48,NJN,foul,,,,,,,,Zach Randolph,,Yi Jianlian,,,,,,shooting,,
Marc Gasol,Mike Conley,O.J. Mayo,Rudy Gay,Zach Randolph,Brook Lopez,Courtney Lee,Devin Harris,Jarvis Hayes,Yi Jianlian,3,7:48,MEM,free throw,,,,,,,1,,2,Zach Randolph,,,foul,made,,,,
Marc Gasol,Mike Conley,O.J. Mayo,Rudy Gay,Zach Randolph,Brook Lopez,Courtney Lee,Devin Harris,Jarvis Hayes,Yi Jianlian,3,7:48,MEM,free throw,,,,,,,2,,2,Zach Randolph,,,foul,made,,,,
Marc Gasol,Mike Conley,O.J. Mayo,Rudy Gay,Zach Randolph,Brook Lopez,Courtney Lee,Devin Harris,Jarvis Hayes,Yi Jianlian,3,7:30,NJN,turnover,,,,,,,,,,Brook Lopez,,,lost ball,,Marc Gasol,,,
Marc Gasol,Mike Conley,O.J. Mayo,Rudy Gay,Zach Randolph,Brook Lopez,Courtney Lee,Devin Harris,Jarvis Hayes,Yi Jianlian,3,7:26,MEM,shot,Mike Conley,,,,,,,,,O.J. Mayo,2,,,made,,driving layup,25,6
Marc Gasol,Mike Conley,O.J. Mayo,Rudy Gay,Zach Randolph,Brook Lopez,Courtney Lee,Devin Harris,Jarvis Hayes,Yi Jianlian,3,7:06,NJN,shot,,,,,,,,,,Devin Harris,,,,missed,,jump,32,20
Marc Gasol,Mike Conley,O.J. Mayo,Rudy Gay,Zach Randolph,Brook Lopez,Courtney Lee,Devin Harris,Jarvis Hayes,Yi Jianlian,3,7:04,NJN,rebound,,,,,,,,,,Yi Jianlian,,,,,,off,,
Marc Gasol,Mike Conley,O.J. Mayo,Rudy Gay,Zach Randolph,Brook Lopez,Courtney Lee,Devin Harris,Jarvis Hayes,Yi Jianlian,3,7:02,NJN,shot,,,,,,,,,,Yi Jianlian,2,,,made,,turnaround jump,22,13
Marc Gasol,Mike Conley,O.J. Mayo,Rudy Gay,Zach Randolph,Brook Lopez,Courtney Lee,Devin Harris,Jarvis Hayes,Yi Jianlian,3,6:45,MEM,shot,,,Brook Lopez,,,,,,,Rudy Gay,,,,missed,,driving layup,25,6
Marc Gasol,Mike Conley,O.J. Mayo,Rudy Gay,Zach Randolph,Brook Lopez,Courtney Lee,Devin Harris,Jarvis Hayes,Yi Jianlian,3,6:44,MEM,rebound,,,,,,,,,,,,,,,,,,
Marc Gasol,Mike Conley,O.J. Mayo,Rudy Gay,Zach Randolph,Brook Lopez,Courtney Lee,Devin Harris,Terrence Williams,Yi Jianlian,3,6:44,NJN,sub,,,,Terrence Williams,,Jarvis Hayes,,,,,,,,,,,,
Marc Gasol,Mike Conley,O.J. Mayo,Rudy Gay,Zach Randolph,Brook Lopez,Courtney Lee,Devin Harris,Terrence Williams,Yi Jianlian,3,6:36,MEM,shot,O.J. Mayo,,,,,,,,,Marc Gasol,2,,,made,,layup,25,6
Marc Gasol,Mike Conley,O.J. Mayo,Rudy Gay,Zach Randolph,Brook Lopez,Courtney Lee,Devin Harris,Terrence Williams,Yi Jianlian,3,6:26,NJN,shot,,,,,,,,,,Courtney Lee,,,,missed,,running jump,26,12
Marc Gasol,Mike Conley,O.J. Mayo,Rudy Gay,Zach Randolph,Brook Lopez,Courtney Lee,Devin Harris,Terrence Williams,Yi Jianlian,3,6:25,MEM,rebound,,,,,,,,,,Marc Gasol,,,,,,def,,
Marc Gasol,Mike Conley,O.J. Mayo,Rudy Gay,Zach Randolph,Brook Lopez,Courtney Lee,Devin Harris,Terrence Williams,Yi Jianlian,3,6:13,MEM,turnover,,,,,,,,,,Zach Randolph,,,traveling,,,,,
Marc Gasol,Mike Conley,O.J. Mayo,Rudy Gay,Zach Randolph,Brook Lopez,Courtney Lee,Devin Harris,Terrence Williams,Yi Jianlian,3,6:00,NJN,turnover,,,,,,,,,,Devin Harris,,,bad pass,,O.J. Mayo,,,
Marc Gasol,Mike Conley,O.J. Mayo,Rudy Gay,Zach Randolph,Brook Lopez,Courtney Lee,Devin Harris,Terrence Williams,Yi Jianlian,3,5:55,MEM,shot,O.J. Mayo,,,,,,,,,Zach Randolph,2,,,made,,layup,25,6
Marc Gasol,Mike Conley,O.J. Mayo,Rudy Gay,Zach Randolph,Brook Lopez,Courtney Lee,Devin Harris,Terrence Williams,Yi Jianlian,3,5:27,NJN,shot,,,,,,,,,,Terrence Williams,2,,,made,,jump,9,8
Marc Gasol,Mike Conley,O.J. Mayo,Rudy Gay,Zach Randolph,Brook Lopez,Courtney Lee,Devin Harris,Terrence Williams,Yi Jianlian,3,5:12,MEM,turnover,,,,,,,,,,Mike Conley,,,bad pass,,,,,
Marc Gasol,Mike Conley,O.J. Mayo,Rudy Gay,Zach Randolph,Brook Lopez,Courtney Lee,Devin Harris,Terrence Williams,Yi Jianlian,3,4:58,MEM,foul,,,,,,,,Yi Jianlian,,Mike Conley,,,,,,shooting,,
Marc Gasol,Mike Conley,O.J. Mayo,Rudy Gay,Zach Randolph,Brook Lopez,Courtney Lee,Devin Harris,Terrence Williams,Yi Jianlian,3,4:58,NJN,free throw,,,,,,,1,,2,Yi Jianlian,,,foul,made,,,,
Marc Gasol,Mike Conley,O.J. Mayo,Rudy Gay,Zach Randolph,Brook Lopez,Courtney Lee,Devin Harris,Terrence Williams,Yi Jianlian,3,4:58,NJN,free throw,,,,,,,2,,2,Yi Jianlian,,,foul,made,,,,
Marc Gasol,Mike Conley,O.J. Mayo,Rudy Gay,Zach Randolph,Brook Lopez,Courtney Lee,Devin Harris,Terrence Williams,Yi Jianlian,3,4:38,MEM,shot,,,,,,,,,,Zach Randolph,,,,missed,,jump,42,6
Marc Gasol,Mike Conley,O.J. Mayo,Rudy Gay,Zach Randolph,Brook Lopez,Courtney Lee,Devin Harris,Terrence Williams,Yi Jianlian,3,4:37,NJN,rebound,,,,,,,,,,Brook Lopez,,,,,,def,,
Marc Gasol,Mike Conley,O.J. Mayo,Rudy Gay,Zach Randolph,Brook Lopez,Courtney Lee,Devin Harris,Terrence Williams,Yi Jianlian,3,4:31,NJN,shot,,,,,,,,,,Terrence Williams,2,,,made,,driving finger roll layup,25,6
Marc Gasol,Mike Conley,O.J. Mayo,Rudy Gay,Zach Randolph,Brook Lopez,Courtney Lee,Devin Harris,Terrence Williams,Yi Jianlian,3,4:03,MEM,shot,,,,,,,,,,Mike Conley,,,,missed,,3pt,18,33
Marc Gasol,Mike Conley,O.J. Mayo,Rudy Gay,Zach Randolph,Brook Lopez,Courtney Lee,Devin Harris,Terrence Williams,Yi Jianlian,3,4:02,MEM,rebound,,,,,,,,,,Zach Randolph,,,,,,off,,
Marc Gasol,Mike Conley,O.J. Mayo,Rudy Gay,Zach Randolph,Brook Lopez,Courtney Lee,Devin Harris,Terrence Williams,Yi Jianlian,3,3:58,MEM,shot,O.J. Mayo,,,,,,,,,Marc Gasol,2,,,made,,layup,25,6
Marc Gasol,Mike Conley,O.J. Mayo,Rudy Gay,Zach Randolph,Brook Lopez,Courtney Lee,Devin Harris,Terrence Williams,Yi Jianlian,3,3:45,NJN,shot,,,Marc Gasol,,,,,,,Terrence Williams,,,,missed,,driving layup,25,6
Marc Gasol,Mike Conley,O.J. Mayo,Rudy Gay,Zach Randolph,Brook Lopez,Courtney Lee,Devin Harris,Terrence Williams,Yi Jianlian,3,3:44,NJN,rebound,,,,,,,,,,,,,,,,,,
Marc Gasol,Mike Conley,O.J. Mayo,Rudy Gay,Zach Randolph,Brook Lopez,Courtney Lee,Devin Harris,Terrence Williams,Yi Jianlian,3,3:40,NJN,turnover,,,,,,,,,,Brook Lopez,,,lost ball,,O.J. Mayo,,,
Marc Gasol,Mike Conley,O.J. Mayo,Rudy Gay,Zach Randolph,Brook Lopez,Courtney Lee,Devin Harris,Terrence Williams,Yi Jianlian,3,3:38,MEM,shot,,,,,,,,,,O.J. Mayo,2,,,made,,running jump,19,7
Marc Gasol,Mike Conley,O.J. Mayo,Rudy Gay,Zach Randolph,Brook Lopez,Courtney Lee,Devin Harris,Terrence Williams,Yi Jianlian,3,3:38,NJN,foul,,,,,,,,O.J. Mayo,,Terrence Williams,,,,,,shooting,,
Marc Gasol,Mike Conley,O.J. Mayo,Rudy Gay,Zach Randolph,Brook Lopez,Courtney Lee,Devin Harris,Terrence Williams,Yi Jianlian,3,3:38,MEM,free throw,,,,,,,1,,1,O.J. Mayo,,,foul,made,,,,
Marc Gasol,Mike Conley,O.J. Mayo,Rudy Gay,Zach Randolph,Brook Lopez,Courtney Lee,Devin Harris,Terrence Williams,Yi Jianlian,3,3:22,NJN,shot,,,,,,,,,,Courtney Lee,,,,missed,,3pt,2,10
Marc Gasol,Mike Conley,O.J. Mayo,Rudy Gay,Zach Randolph,Brook Lopez,Courtney Lee,Devin Harris,Terrence Williams,Yi Jianlian,3,3:21,NJN,rebound,,,,,,,,,,Brook Lopez,,,,,,off,,
Marc Gasol,Mike Conley,O.J. Mayo,Rudy Gay,Zach Randolph,Brook Lopez,Courtney Lee,Devin Harris,Terrence Williams,Yi Jianlian,3,3:12,NJN,turnover,,,,,,,,,,Devin Harris,,,bad pass,,,,,
Marc Gasol,Mike Conley,O.J. Mayo,Rudy Gay,Zach Randolph,Brook Lopez,Courtney Lee,Devin Harris,Terrence Williams,Yi Jianlian,3,3:00,MEM,shot,,,,,,,,,,Rudy Gay,,,,missed,,jump,40,14
Marc Gasol,Mike Conley,O.J. Mayo,Rudy Gay,Zach Randolph,Brook Lopez,Courtney Lee,Devin Harris,Terrence Williams,Yi Jianlian,3,2:58,NJN,rebound,,,,,,,,,,,,,,,,,,
Marc Gasol,Mike Conley,O.J. Mayo,Rudy Gay,Zach Randolph,Brook Lopez,Courtney Lee,Devin Harris,Terrence Williams,Yi Jianlian,3,2:58,MEM,timeout,,,,,,,,,,,,,,,,regular,,
Hamed Haddadi,Mike Conley,O.J. Mayo,Rudy Gay,Zach Randolph,Brook Lopez,Courtney Lee,Devin Harris,Terrence Williams,Yi Jianlian,3,2:58,MEM,sub,,,,Hamed Haddadi,,Marc Gasol,,,,,,,,,,,,
Hamed Haddadi,Marcus Williams,O.J. Mayo,Rudy Gay,Zach Randolph,Brook Lopez,Courtney Lee,Devin Harris,Terrence Williams,Yi Jianlian,3,2:58,MEM,sub,,,,Marcus Williams,,Mike Conley,,,,,,,,,,,,
Hamed Haddadi,Marcus Williams,O.J. Mayo,Rudy Gay,Zach Randolph,Brook Lopez,Courtney Lee,Devin Harris,Terrence Williams,Yi Jianlian,3,2:44,NJN,turnover,,,,,,,,,,Devin Harris,,,bad pass,,Zach Randolph,,,
Hamed Haddadi,Marcus Williams,O.J. Mayo,Rudy Gay,Zach Randolph,Brook Lopez,Courtney Lee,Devin Harris,Terrence Williams,Yi Jianlian,3,2:20,MEM,shot,,,,,,,,,,Hamed Haddadi,,,,missed,,jump,25,16
Hamed Haddadi,Marcus Williams,O.J. Mayo,Rudy Gay,Zach Randolph,Brook Lopez,Courtney Lee,Devin Harris,Terrence Williams,Yi Jianlian,3,2:19,NJN,rebound,,,,,,,,,,,,,,,,,,
Hamed Haddadi,Marcus Williams,O.J. Mayo,Rudy Gay,Zach Randolph,Brook Lopez,Courtney Lee,Keyon Dooling,Terrence Williams,Yi Jianlian,3,2:19,NJN,sub,,,,Keyon Dooling,,Devin Harris,,,,,,,,,,,,
Hamed Haddadi,Marcus Williams,O.J. Mayo,Rudy Gay,Zach Randolph,Brook Lopez,Courtney Lee,Keyon Dooling,Terrence Williams,Yi Jianlian,3,2:04,NJN,shot,,,,,,,,,,Terrence Williams,,,,missed,,jump,44,14
Hamed Haddadi,Marcus Williams,O.J. Mayo,Rudy Gay,Zach Randolph,Brook Lopez,Courtney Lee,Keyon Dooling,Terrence Williams,Yi Jianlian,3,2:02,MEM,rebound,,,,,,,,,,Hamed Haddadi,,,,,,def,,
Hamed Haddadi,Marcus Williams,O.J. Mayo,Rudy Gay,Zach Randolph,Brook Lopez,Courtney Lee,Keyon Dooling,Terrence Williams,Yi Jianlian,3,1:56,MEM,shot,Marcus Williams,,,,,,,,,Zach Randolph,2,,,made,,layup,25,6
Hamed Haddadi,Marcus Williams,O.J. Mayo,Rudy Gay,Zach Randolph,Brook Lopez,Courtney Lee,Keyon Dooling,Terrence Williams,Yi Jianlian,3,1:56,NJN,foul,,,,,,,,Zach Randolph,,Yi Jianlian,,,,,,shooting,,
Hamed Haddadi,Marcus Williams,O.J. Mayo,Rudy Gay,Zach Randolph,Brook Lopez,Courtney Lee,Keyon Dooling,Kris Humphries,Terrence Williams,3,1:56,NJN,sub,,,,Kris Humphries,,Yi Jianlian,,,,,,,,,,,,
Hamed Haddadi,Marcus Williams,O.J. Mayo,Rudy Gay,Zach Randolph,Brook Lopez,Courtney Lee,Keyon Dooling,Kris Humphries,Terrence Williams,3,1:56,MEM,free throw,,,,,,,1,,1,Zach Randolph,,,foul,made,,,,
Hamed Haddadi,Marcus Williams,O.J. Mayo,Rudy Gay,Zach Randolph,Brook Lopez,Courtney Lee,Keyon Dooling,Kris Humphries,Terrence Williams,3,1:35,NJN,shot,,,,,,,,,,Kris Humphries,,,,missed,,jump,24,25
Hamed Haddadi,Marcus Williams,O.J. Mayo,Rudy Gay,Zach Randolph,Brook Lopez,Courtney Lee,Keyon Dooling,Kris Humphries,Terrence Williams,3,1:33,MEM,rebound,,,,,,,,,,Rudy Gay,,,,,,def,,
Hamed Haddadi,Marcus Williams,O.J. Mayo,Rudy Gay,Zach Randolph,Brook Lopez,Courtney Lee,Keyon Dooling,Kris Humphries,Terrence Williams,3,1:23,MEM,shot,,,,,,,,,,Marcus Williams,,,,missed,,driving layup,25,6
Hamed Haddadi,Marcus Williams,O.J. Mayo,Rudy Gay,Zach Randolph,Brook Lopez,Courtney Lee,Keyon Dooling,Kris Humphries,Terrence Williams,3,1:22,NJN,rebound,,,,,,,,,,Terrence Williams,,,,,,def,,
Hamed Haddadi,Marcus Williams,O.J. Mayo,Rudy Gay,Zach Randolph,Brook Lopez,Courtney Lee,Keyon Dooling,Kris Humphries,Terrence Williams,3,1:16,NJN,shot,,,,,,,,,,Terrence Williams,,,,missed,,driving finger roll layup,25,6
Hamed Haddadi,Marcus Williams,O.J. Mayo,Rudy Gay,Zach Randolph,Brook Lopez,Courtney Lee,Keyon Dooling,Kris Humphries,Terrence Williams,3,1:15,MEM,rebound,,,,,,,,,,Hamed Haddadi,,,,,,def,,
Hamed Haddadi,Marcus Williams,O.J. Mayo,Rudy Gay,Zach Randolph,Brook Lopez,Courtney Lee,Keyon Dooling,Kris Humphries,Terrence Williams,3,1:00,MEM,shot,,,,,,,,,,Zach Randolph,,,,missed,,jump bank,33,8
Hamed Haddadi,Marcus Williams,O.J. Mayo,Rudy Gay,Zach Randolph,Brook Lopez,Courtney Lee,Keyon Dooling,Kris Humphries,Terrence Williams,3,0:59,MEM,rebound,,,,,,,,,,Rudy Gay,,,,,,off,,
Hamed Haddadi,Marcus Williams,O.J. Mayo,Rudy Gay,Zach Randolph,Brook Lopez,Courtney Lee,Keyon Dooling,Kris Humphries,Terrence Williams,3,0:56,MEM,shot,,,,,,,,,,Rudy Gay,2,,,made,,putback layup,25,6
Hamed Haddadi,Marcus Williams,O.J. Mayo,Rudy Gay,Zach Randolph,Brook Lopez,Courtney Lee,Keyon Dooling,Kris Humphries,Terrence Williams,3,0:38,NJN,shot,,,,,,,,,,Keyon Dooling,,,,missed,,3pt,33,30
Hamed Haddadi,Marcus Williams,O.J. Mayo,Rudy Gay,Zach Randolph,Brook Lopez,Courtney Lee,Keyon Dooling,Kris Humphries,Terrence Williams,3,0:37,MEM,rebound,,,,,,,,,,Hamed Haddadi,,,,,,def,,
Hamed Haddadi,Marcus Williams,O.J. Mayo,Rudy Gay,Zach Randolph,Brook Lopez,Courtney Lee,Keyon Dooling,Kris Humphries,Terrence Williams,3,0:32,MEM,shot,,,,,,,,,,O.J. Mayo,2,,,made,,driving layup,25,6
Hamed Haddadi,Marcus Williams,O.J. Mayo,Sam Young,Zach Randolph,Brook Lopez,Courtney Lee,Keyon Dooling,Kris Humphries,Terrence Williams,3,0:10,MEM,sub,,,,Sam Young,,Rudy Gay,,,,,,,,,,,,
Hamed Haddadi,Marcus Williams,O.J. Mayo,Sam Young,Zach Randolph,Brook Lopez,Courtney Lee,Keyon Dooling,Kris Humphries,Terrence Williams,3,0:06,NJN,turnover,,,,,,,,,,Courtney Lee,,,lost ball,,Sam Young,,,
Hamed Haddadi,Marcus Williams,O.J. Mayo,Sam Young,Zach Randolph,Brook Lopez,Courtney Lee,Keyon Dooling,Kris Humphries,Terrence Williams,3,0:04,MEM,shot,,,,,,,,,,O.J. Mayo,,,,missed,,3pt,43,22
Hamed Haddadi,Marcus Williams,O.J. Mayo,Sam Young,Zach Randolph,Brook Lopez,Courtney Lee,Keyon Dooling,Kris Humphries,Terrence Williams,3,0:03,MEM,rebound,,,,,,,,,,Hamed Haddadi,,,,,,off,,
Hamed Haddadi,Marcus Williams,O.J. Mayo,Sam Young,Zach Randolph,Brook Lopez,Courtney Lee,Keyon Dooling,Kris Humphries,Terrence Williams,3,0:01,MEM,shot,,,,,,,,,,Hamed Haddadi,,,,missed,,tip,25,6
Hamed Haddadi,Marcus Williams,O.J. Mayo,Sam Young,Zach Randolph,Brook Lopez,Courtney Lee,Keyon Dooling,Kris Humphries,Terrence Williams,3,0:00,NJN,rebound,,,,,,,,,,Kris Humphries,,,,,,def,,
Hamed Haddadi,Marc Gasol,Marcus Williams,O.J. Mayo,Sam Young,Brook Lopez,Courtney Lee,Keyon Dooling,Kris Humphries,Terrence Williams,4,11:45,MEM,shot,Marc Gasol,,,,,,,,,O.J. Mayo,2,,,made,,jump,24,24
Hamed Haddadi,Marc Gasol,Marcus Williams,O.J. Mayo,Sam Young,Brook Lopez,Courtney Lee,Keyon Dooling,Kris Humphries,Terrence Williams,4,11:27,NJN,shot,,,,,,,,,,Brook Lopez,,,,missed,,layup,25,6
Hamed Haddadi,Marc Gasol,Marcus Williams,O.J. Mayo,Sam Young,Brook Lopez,Courtney Lee,Keyon Dooling,Kris Humphries,Terrence Williams,4,11:26,MEM,rebound,,,,,,,,,,Hamed Haddadi,,,,,,def,,
Hamed Haddadi,Marc Gasol,Marcus Williams,O.J. Mayo,Sam Young,Brook Lopez,Courtney Lee,Keyon Dooling,Kris Humphries,Terrence Williams,4,11:20,NJN,foul,,,,,,,,Hamed Haddadi,,Kris Humphries,,,,,,personal,,
Hamed Haddadi,Marc Gasol,Marcus Williams,O.J. Mayo,Sam Young,Brook Lopez,Courtney Lee,Keyon Dooling,Kris Humphries,Terrence Williams,4,11:06,MEM,shot,,,,,,,,,,O.J. Mayo,3,,,made,,3pt,42,23
Hamed Haddadi,Marc Gasol,Marcus Williams,O.J. Mayo,Sam Young,Brook Lopez,Courtney Lee,Keyon Dooling,Kris Humphries,Terrence Williams,4,10:51,MEM,foul,,,,,,,,Keyon Dooling,,Hamed Haddadi,,,,,,shooting,,
Hamed Haddadi,Marc Gasol,Marcus Williams,O.J. Mayo,Sam Young,Brook Lopez,Courtney Lee,Keyon Dooling,Kris Humphries,Terrence Williams,4,10:51,NJN,free throw,,,,,,,1,,2,Keyon Dooling,,,foul,made,,,,
Hamed Haddadi,Marc Gasol,Marcus Williams,O.J. Mayo,Sam Young,Courtney Lee,Josh Boone,Keyon Dooling,Kris Humphries,Terrence Williams,4,10:51,NJN,sub,,,,Josh Boone,,Brook Lopez,,,,,,,,,,,,
Hamed Haddadi,Marc Gasol,Marcus Williams,O.J. Mayo,Sam Young,Devin Harris,Josh Boone,Keyon Dooling,Kris Humphries,Terrence Williams,4,10:51,NJN,sub,,,,Devin Harris,,Courtney Lee,,,,,,,,,,,,
Hamed Haddadi,Marc Gasol,Marcus Williams,O.J. Mayo,Sam Young,Devin Harris,Josh Boone,Keyon Dooling,Kris Humphries,Terrence Williams,4,10:51,NJN,free throw,,,,,,,2,,2,Keyon Dooling,,,foul,made,,,,
Hamed Haddadi,Marc Gasol,Marcus Williams,O.J. Mayo,Sam Young,Devin Harris,Josh Boone,Keyon Dooling,Kris Humphries,Terrence Williams,4,10:36,MEM,turnover,,,,,,,,,,Marcus Williams,,,bad pass,,Josh Boone,,,
Hamed Haddadi,Marc Gasol,Marcus Williams,O.J. Mayo,Sam Young,Devin Harris,Josh Boone,Keyon Dooling,Kris Humphries,Terrence Williams,4,10:21,NJN,turnover,,,,,,,,,,Keyon Dooling,,,bad pass,,Sam Young,,,
Hamed Haddadi,Marc Gasol,Marcus Williams,O.J. Mayo,Sam Young,Devin Harris,Josh Boone,Keyon Dooling,Kris Humphries,Terrence Williams,4,10:16,MEM,shot,,,,,,,,,,Sam Young,,,,missed,,jump,12,19
Hamed Haddadi,Marc Gasol,Marcus Williams,O.J. Mayo,Sam Young,Devin Harris,Josh Boone,Keyon Dooling,Kris Humphries,Terrence Williams,4,10:15,NJN,rebound,,,,,,,,,,Josh Boone,,,,,,def,,
Hamed Haddadi,Marc Gasol,Marcus Williams,O.J. Mayo,Sam Young,Devin Harris,Josh Boone,Keyon Dooling,Kris Humphries,Terrence Williams,4,10:05,NJN,shot,Terrence Williams,,,,,,,,,Devin Harris,3,,,made,,3pt,48,5
Hamed Haddadi,Marc Gasol,Marcus Williams,O.J. Mayo,Sam Young,Devin Harris,Josh Boone,Keyon Dooling,Kris Humphries,Terrence Williams,4,9:46,MEM,shot,,,,,,,,,,Sam Young,,,,missed,,running hook,20,7
Hamed Haddadi,Marc Gasol,Marcus Williams,O.J. Mayo,Sam Young,Devin Harris,Josh Boone,Keyon Dooling,Kris Humphries,Terrence Williams,4,9:44,NJN,rebound,,,,,,,,,,Kris Humphries,,,,,,def,,
Hamed Haddadi,Marc Gasol,Marcus Williams,O.J. Mayo,Sam Young,Devin Harris,Josh Boone,Keyon Dooling,Kris Humphries,Terrence Williams,4,9:36,NJN,shot,,,,,,,,,,Devin Harris,,,,missed,,3pt,30,30
Hamed Haddadi,Marc Gasol,Marcus Williams,O.J. Mayo,Sam Young,Devin Harris,Josh Boone,Keyon Dooling,Kris Humphries,Terrence Williams,4,9:34,MEM,rebound,,,,,,,,,,Marc Gasol,,,,,,def,,
Hamed Haddadi,Marc Gasol,Marcus Williams,O.J. Mayo,Sam Young,Devin Harris,Josh Boone,Keyon Dooling,Kris Humphries,Terrence Williams,4,9:15,MEM,shot,Marcus Williams,,,,,,,,,Hamed Haddadi,2,,,made,,jump,15,20
Hamed Haddadi,Marc Gasol,Marcus Williams,O.J. Mayo,Sam Young,Devin Harris,Josh Boone,Keyon Dooling,Kris Humphries,Terrence Williams,4,8:58,NJN,shot,,,,,,,,,,Terrence Williams,,,,missed,,jump,28,19
Hamed Haddadi,Marc Gasol,Marcus Williams,O.J. Mayo,Sam Young,Devin Harris,Josh Boone,Keyon Dooling,Kris Humphries,Terrence Williams,4,8:57,MEM,rebound,,,,,,,,,,O.J. Mayo,,,,,,def,,
Hamed Haddadi,Marc Gasol,Marcus Williams,O.J. Mayo,Sam Young,Devin Harris,Josh Boone,Keyon Dooling,Kris Humphries,Terrence Williams,4,8:47,MEM,shot,,,,,,,,,,O.J. Mayo,,,,missed,,jump,8,11
Hamed Haddadi,Marc Gasol,Marcus Williams,O.J. Mayo,Sam Young,Devin Harris,Josh Boone,Keyon Dooling,Kris Humphries,Terrence Williams,4,8:45,MEM,rebound,,,,,,,,,,Sam Young,,,,,,off,,
Hamed Haddadi,Marc Gasol,Marcus Williams,O.J. Mayo,Sam Young,Devin Harris,Josh Boone,Keyon Dooling,Kris Humphries,Terrence Williams,4,8:34,MEM,turnover,,,,,,,,,,Marc Gasol,,,bad pass,,Josh Boone,,,
Hamed Haddadi,Marc Gasol,Marcus Williams,O.J. Mayo,Sam Young,Devin Harris,Josh Boone,Keyon Dooling,Kris Humphries,Terrence Williams,4,8:25,NJN,shot,,,,,,,,,,Terrence Williams,,,,missed,,floating jump,33,11
Hamed Haddadi,Marc Gasol,Marcus Williams,O.J. Mayo,Sam Young,Devin Harris,Josh Boone,Keyon Dooling,Kris Humphries,Terrence Williams,4,8:24,NJN,rebound,,,,,,,,,,Kris Humphries,,,,,,off,,
Hamed Haddadi,Marc Gasol,Marcus Williams,O.J. Mayo,Sam Young,Devin Harris,Josh Boone,Keyon Dooling,Kris Humphries,Terrence Williams,4,8:23,MEM,foul,,,,,,,,Kris Humphries,,Hamed Haddadi,,,,,,shooting,,
Hamed Haddadi,Marc Gasol,Marcus Williams,O.J. Mayo,Sam Young,Devin Harris,Josh Boone,Keyon Dooling,Kris Humphries,Terrence Williams,4,8:23,NJN,timeout,,,,,,,,,,,,,,,,official,,
Marc Gasol,Marcus Williams,O.J. Mayo,Rudy Gay,Sam Young,Devin Harris,Josh Boone,Keyon Dooling,Kris Humphries,Terrence Williams,4,8:23,MEM,sub,,,,Rudy Gay,,Hamed Haddadi,,,,,,,,,,,,
Marc Gasol,Marcus Williams,Rudy Gay,Sam Young,Zach Randolph,Devin Harris,Josh Boone,Keyon Dooling,Kris Humphries,Terrence Williams,4,8:23,MEM,sub,,,,Zach Randolph,,O.J. Mayo,,,,,,,,,,,,
Marc Gasol,Marcus Williams,Rudy Gay,Sam Young,Zach Randolph,Devin Harris,Josh Boone,Keyon Dooling,Kris Humphries,Terrence Williams,4,8:23,NJN,free throw,,,,,,,1,,2,Kris Humphries,,,foul,missed,,,,
Marc Gasol,Marcus Williams,Rudy Gay,Sam Young,Zach Randolph,Devin Harris,Josh Boone,Keyon Dooling,Kris Humphries,Terrence Williams,4,8:23,NJN,rebound,,,,,,,,,,,,,,,,,,
Marc Gasol,Marcus Williams,Rudy Gay,Sam Young,Zach Randolph,Devin Harris,Josh Boone,Keyon Dooling,Kris Humphries,Terrence Williams,4,8:23,NJN,free throw,,,,,,,2,,2,Kris Humphries,,,foul,made,,,,
Marc Gasol,Marcus Williams,Rudy Gay,Sam Young,Zach Randolph,Devin Harris,Josh Boone,Keyon Dooling,Kris Humphries,Terrence Williams,4,8:01,MEM,shot,,,,,,,,,,Zach Randolph,,,,missed,,running hook,26,12
Marc Gasol,Marcus Williams,Rudy Gay,Sam Young,Zach Randolph,Devin Harris,Josh Boone,Keyon Dooling,Kris Humphries,Terrence Williams,4,8:00,MEM,rebound,,,,,,,,,,Marc Gasol,,,,,,off,,
Marc Gasol,Marcus Williams,Rudy Gay,Sam Young,Zach Randolph,Devin Harris,Josh Boone,Keyon Dooling,Kris Humphries,Terrence Williams,4,7:59,MEM,shot,,,,,,,,,,Marc Gasol,,,,missed,,tip,25,6
Marc Gasol,Marcus Williams,Rudy Gay,Sam Young,Zach Randolph,Devin Harris,Josh Boone,Keyon Dooling,Kris Humphries,Terrence Williams,4,7:58,NJN,rebound,,,,,,,,,,Keyon Dooling,,,,,,def,,
Marc Gasol,Marcus Williams,Rudy Gay,Sam Young,Zach Randolph,Devin Harris,Josh Boone,Keyon Dooling,Kris Humphries,Terrence Williams,4,7:50,NJN,shot,,,,,,,,,,Terrence Williams,,,,missed,,3pt,1,5
Marc Gasol,Marcus Williams,Rudy Gay,Sam Young,Zach Randolph,Devin Harris,Josh Boone,Keyon Dooling,Kris Humphries,Terrence Williams,4,7:48,NJN,rebound,,,,,,,,,,Terrence Williams,,,,,,off,,
Marc Gasol,Marcus Williams,Rudy Gay,Sam Young,Zach Randolph,Devin Harris,Josh Boone,Keyon Dooling,Kris Humphries,Terrence Williams,4,7:46,NJN,shot,,,,,,,,,,Terrence Williams,2,,,made,,slam dunk,25,6
Marc Gasol,Marcus Williams,Rudy Gay,Sam Young,Zach Randolph,Devin Harris,Josh Boone,Keyon Dooling,Kris Humphries,Terrence Williams,4,7:30,MEM,shot,,,,,,,,,,Marcus Williams,2,,,made,,driving layup,25,6
Marc Gasol,Marcus Williams,Rudy Gay,Sam Young,Zach Randolph,Devin Harris,Josh Boone,Keyon Dooling,Kris Humphries,Terrence Williams,4,7:30,NJN,foul,,,,,,,,Marcus Williams,,Devin Harris,,,,,,shooting,,
Marc Gasol,Marcus Williams,Rudy Gay,Sam Young,Zach Randolph,Brook Lopez,Devin Harris,Josh Boone,Keyon Dooling,Terrence Williams,4,7:30,NJN,sub,,,,Brook Lopez,,Kris Humphries,,,,,,,,,,,,
Marc Gasol,Marcus Williams,Rudy Gay,Sam Young,Zach Randolph,Brook Lopez,Devin Harris,Josh Boone,Keyon Dooling,Terrence Williams,4,7:30,MEM,free throw,,,,,,,1,,1,Marcus Williams,,,foul,made,,,,
Marc Gasol,Marcus Williams,Rudy Gay,Sam Young,Zach Randolph,Brook Lopez,Devin Harris,Josh Boone,Keyon Dooling,Terrence Williams,4,7:18,NJN,shot,,,,,,,,,,Keyon Dooling,,,,missed,,running jump,34,13
Marc Gasol,Marcus Williams,Rudy Gay,Sam Young,Zach Randolph,Brook Lopez,Devin Harris,Josh Boone,Keyon Dooling,Terrence Williams,4,7:17,NJN,rebound,,,,,,,,,,Keyon Dooling,,,,,,off,,
Marc Gasol,Marcus Williams,Rudy Gay,Sam Young,Zach Randolph,Brook Lopez,Devin Harris,Josh Boone,Keyon Dooling,Terrence Williams,4,7:16,NJN,shot,,,,,,,,,,Keyon Dooling,,,,missed,,tip,25,6
Marc Gasol,Marcus Williams,Rudy Gay,Sam Young,Zach Randolph,Brook Lopez,Devin Harris,Josh Boone,Keyon Dooling,Terrence Williams,4,7:15,MEM,rebound,,,,,,,,,,Zach Randolph,,,,,,def,,
Marc Gasol,Marcus Williams,Rudy Gay,Sam Young,Zach Randolph,Brook Lopez,Devin Harris,Josh Boone,Keyon Dooling,Terrence Williams,4,7:02,MEM,shot,Marcus Williams,,,,,,,,,Rudy Gay,2,,,made,,jump,10,6
Marc Gasol,Marcus Williams,Rudy Gay,Sam Young,Zach Randolph,Brook Lopez,Devin Harris,Josh Boone,Keyon Dooling,Terrence Williams,4,6:46,NJN,shot,,,,,,,,,,Terrence Williams,,,,missed,,jump,20,11
Marc Gasol,Marcus Williams,Rudy Gay,Sam Young,Zach Randolph,Brook Lopez,Devin Harris,Josh Boone,Keyon Dooling,Terrence Williams,4,6:45,MEM,rebound,,,,,,,,,,,,,,,,,,
Marc Gasol,Marcus Williams,Rudy Gay,Sam Young,Zach Randolph,Brook Lopez,Courtney Lee,Devin Harris,Josh Boone,Keyon Dooling,4,6:45,NJN,sub,,,,Courtney Lee,,Terrence Williams,,,,,,,,,,,,
Marc Gasol,Marcus Williams,Rudy Gay,Sam Young,Zach Randolph,Brook Lopez,Courtney Lee,Devin Harris,Josh Boone,Keyon Dooling,4,6:31,MEM,shot,Marcus Williams,,,,,,,,,Marc Gasol,2,,,made,,driving dunk,25,6
Marc Gasol,Marcus Williams,Rudy Gay,Sam Young,Zach Randolph,Brook Lopez,Courtney Lee,Devin Harris,Josh Boone,Keyon Dooling,4,6:01,NJN,shot,Keyon Dooling,,,,,,,,,Josh Boone,2,,,made,,dunk,25,6
Marc Gasol,Marcus Williams,Rudy Gay,Sam Young,Zach Randolph,Brook Lopez,Courtney Lee,Devin Harris,Josh Boone,Keyon Dooling,4,5:36,MEM,shot,,,,,,,,,,Marc Gasol,2,,,made,,jump,31,23
Marc Gasol,Marcus Williams,Rudy Gay,Sam Young,Zach Randolph,Brook Lopez,Courtney Lee,Devin Harris,Josh Boone,Keyon Dooling,4,5:14,NJN,shot,,,,,,,,,,Keyon Dooling,,,,missed,,3pt,1,7
Marc Gasol,Marcus Williams,Rudy Gay,Sam Young,Zach Randolph,Brook Lopez,Courtney Lee,Devin Harris,Josh Boone,Keyon Dooling,4,5:13,NJN,rebound,,,,,,,,,,Josh Boone,,,,,,off,,
Marc Gasol,Marcus Williams,Rudy Gay,Sam Young,Zach Randolph,Brook Lopez,Courtney Lee,Devin Harris,Josh Boone,Keyon Dooling,4,5:03,NJN,shot,,,,,,,,,,Devin Harris,,,,missed,,3pt,10,27
Marc Gasol,Marcus Williams,Rudy Gay,Sam Young,Zach Randolph,Brook Lopez,Courtney Lee,Devin Harris,Josh Boone,Keyon Dooling,4,5:01,NJN,rebound,,,,,,,,,,Courtney Lee,,,,,,off,,
Marc Gasol,Marcus Williams,Rudy Gay,Sam Young,Zach Randolph,Brook Lopez,Courtney Lee,Devin Harris,Josh Boone,Keyon Dooling,4,5:00,NJN,shot,,,,,,,,,,Courtney Lee,,,,missed,,tip,25,6
Marc Gasol,Marcus Williams,Rudy Gay,Sam Young,Zach Randolph,Brook Lopez,Courtney Lee,Devin Harris,Josh Boone,Keyon Dooling,4,4:58,NJN,rebound,,,,,,,,,,Brook Lopez,,,,,,off,,
Marc Gasol,Marcus Williams,Rudy Gay,Sam Young,Zach Randolph,Brook Lopez,Courtney Lee,Devin Harris,Josh Boone,Keyon Dooling,4,4:56,NJN,shot,,,,,,,,,,Brook Lopez,2,,,made,,dunk,25,6
Marc Gasol,Marcus Williams,Rudy Gay,Sam Young,Zach Randolph,Brook Lopez,Courtney Lee,Devin Harris,Josh Boone,Keyon Dooling,4,4:36,MEM,shot,,,Josh Boone,,,,,,,Zach Randolph,,,,missed,,layup,25,6
Marc Gasol,Marcus Williams,Rudy Gay,Sam Young,Zach Randolph,Brook Lopez,Courtney Lee,Devin Harris,Josh Boone,Keyon Dooling,4,4:35,NJN,timeout,,,,,,,,,,,,,,,,regular,,
Marc Gasol,Marcus Williams,O.J. Mayo,Rudy Gay,Zach Randolph,Brook Lopez,Courtney Lee,Devin Harris,Josh Boone,Keyon Dooling,4,4:35,MEM,sub,,,,O.J. Mayo,,Sam Young,,,,,,,,,,,,
Marc Gasol,Mike Conley,O.J. Mayo,Rudy Gay,Zach Randolph,Brook Lopez,Courtney Lee,Devin Harris,Josh Boone,Keyon Dooling,4,4:35,MEM,sub,,,,Mike Conley,,Marcus Williams,,,,,,,,,,,,
Marc Gasol,Mike Conley,O.J. Mayo,Rudy Gay,Zach Randolph,Brook Lopez,Courtney Lee,Devin Harris,Josh Boone,Keyon Dooling,4,4:35,MEM,jump ball,,Zach Randolph,,,Josh Boone,,,,,,,Brook Lopez,,,,,,
Marc Gasol,Mike Conley,O.J. Mayo,Rudy Gay,Zach Randolph,Brook Lopez,Courtney Lee,Devin Harris,Josh Boone,Keyon Dooling,4,4:35,NJN,rebound,,,,,,,,,,Josh Boone,,,,,,def,,
Marc Gasol,Mike Conley,O.J. Mayo,Rudy Gay,Zach Randolph,Brook Lopez,Courtney Lee,Devin Harris,Josh Boone,Keyon Dooling,4,4:11,NJN,shot,,,,,,,,,,Devin Harris,,,,missed,,3pt,34,29
Marc Gasol,Mike Conley,O.J. Mayo,Rudy Gay,Zach Randolph,Brook Lopez,Courtney Lee,Devin Harris,Josh Boone,Keyon Dooling,4,4:10,NJN,rebound,,,,,,,,,,Josh Boone,,,,,,off,,
Marc Gasol,Mike Conley,O.J. Mayo,Rudy Gay,Zach Randolph,Brook Lopez,Courtney Lee,Devin Harris,Josh Boone,Keyon Dooling,4,4:08,NJN,shot,,,,,,,,,,Josh Boone,2,,,made,,tip,25,6
Marc Gasol,Mike Conley,O.J. Mayo,Rudy Gay,Zach Randolph,Brook Lopez,Courtney Lee,Devin Harris,Josh Boone,Keyon Dooling,4,3:58,MEM,turnover,,,,,,,,,,Mike Conley,,,lost ball,,Devin Harris,,,
Marc Gasol,Mike Conley,O.J. Mayo,Rudy Gay,Zach Randolph,Brook Lopez,Courtney Lee,Devin Harris,Josh Boone,Keyon Dooling,4,3:55,NJN,shot,,,,,,,,,,Courtney Lee,2,,,made,,driving layup,25,6
Marc Gasol,Mike Conley,O.J. Mayo,Rudy Gay,Zach Randolph,Brook Lopez,Courtney Lee,Devin Harris,Josh Boone,Keyon Dooling,4,3:32,MEM,shot,,,,,,,,,,Mike Conley,,,,missed,,jump,8,13
Marc Gasol,Mike Conley,O.J. Mayo,Rudy Gay,Zach Randolph,Brook Lopez,Courtney Lee,Devin Harris,Josh Boone,Keyon Dooling,4,3:31,MEM,rebound,,,,,,,,,,Zach Randolph,,,,,,off,,
Marc Gasol,Mike Conley,O.J. Mayo,Rudy Gay,Zach Randolph,Brook Lopez,Courtney Lee,Devin Harris,Josh Boone,Keyon Dooling,4,3:29,MEM,shot,,,,,,,,,,Zach Randolph,2,,,made,,tip,25,6
Marc Gasol,Mike Conley,O.J. Mayo,Rudy Gay,Zach Randolph,Brook Lopez,Courtney Lee,Devin Harris,Josh Boone,Keyon Dooling,4,3:03,NJN,shot,,,,,,,,,,Devin Harris,,,,missed,,3pt,12,29
Marc Gasol,Mike Conley,O.J. Mayo,Rudy Gay,Zach Randolph,Brook Lopez,Courtney Lee,Devin Harris,Josh Boone,Keyon Dooling,4,3:02,MEM,rebound,,,,,,,,,,Rudy Gay,,,,,,def,,
Marc Gasol,Mike Conley,O.J. Mayo,Rudy Gay,Zach Randolph,Brook Lopez,Courtney Lee,Devin Harris,Josh Boone,Keyon Dooling,4,2:43,MEM,shot,,,,,,,,,,Marc Gasol,,,,missed,,jump,26,25
Marc Gasol,Mike Conley,O.J. Mayo,Rudy Gay,Zach Randolph,Brook Lopez,Courtney Lee,Devin Harris,Josh Boone,Keyon Dooling,4,2:41,MEM,rebound,,,,,,,,,,Rudy Gay,,,,,,off,,
Marc Gasol,Mike Conley,O.J. Mayo,Rudy Gay,Zach Randolph,Brook Lopez,Courtney Lee,Devin Harris,Josh Boone,Keyon Dooling,4,2:40,MEM,shot,,,,,,,,,,Rudy Gay,,,,missed,,putback layup,25,6
Marc Gasol,Mike Conley,O.J. Mayo,Rudy Gay,Zach Randolph,Brook Lopez,Courtney Lee,Devin Harris,Josh Boone,Keyon Dooling,4,2:39,MEM,rebound,,,,,,,,,,Rudy Gay,,,,,,off,,
Marc Gasol,Mike Conley,O.J. Mayo,Rudy Gay,Zach Randolph,Brook Lopez,Courtney Lee,Devin Harris,Josh Boone,Keyon Dooling,4,2:37,NJN,foul,,,,,,,,Rudy Gay,,Josh Boone,,,,,,personal,,
Marc Gasol,Mike Conley,O.J. Mayo,Rudy Gay,Zach Randolph,Brook Lopez,Courtney Lee,Devin Harris,Josh Boone,Keyon Dooling,4,2:37,MEM,timeout,,,,,,,,,,,,,,,,regular,,
Marc Gasol,Mike Conley,O.J. Mayo,Rudy Gay,Zach Randolph,Brook Lopez,Courtney Lee,Devin Harris,Josh Boone,Keyon Dooling,4,2:29,NJN,foul,,,,,,,,Marc Gasol,,Josh Boone,,,,,,shooting,,
Marc Gasol,Mike Conley,O.J. Mayo,Rudy Gay,Zach Randolph,Brook Lopez,Courtney Lee,Devin Harris,Josh Boone,Keyon Dooling,4,2:29,MEM,free throw,,,,,,,1,,2,Marc Gasol,,,foul,made,,,,
Marc Gasol,Mike Conley,O.J. Mayo,Rudy Gay,Zach Randolph,Brook Lopez,Courtney Lee,Devin Harris,Josh Boone,Keyon Dooling,4,2:29,MEM,free throw,,,,,,,2,,2,Marc Gasol,,,foul,made,,,,
Marc Gasol,Mike Conley,O.J. Mayo,Rudy Gay,Zach Randolph,Brook Lopez,Courtney Lee,Devin Harris,Josh Boone,Keyon Dooling,4,2:18,MEM,foul,,,,,,,,Brook Lopez,,Marc Gasol,,,,,,personal,,
Marc Gasol,Mike Conley,O.J. Mayo,Rudy Gay,Zach Randolph,Brook Lopez,Courtney Lee,Devin Harris,Josh Boone,Keyon Dooling,4,2:04,NJN,shot,,,,,,,,,,Devin Harris,,,,missed,,running jump,25,15
Marc Gasol,Mike Conley,O.J. Mayo,Rudy Gay,Zach Randolph,Brook Lopez,Courtney Lee,Devin Harris,Josh Boone,Keyon Dooling,4,2:02,MEM,rebound,,,,,,,,,,Mike Conley,,,,,,def,,
Marc Gasol,Mike Conley,O.J. Mayo,Rudy Gay,Zach Randolph,Brook Lopez,Courtney Lee,Devin Harris,Josh Boone,Keyon Dooling,4,1:59,MEM,shot,Mike Conley,,,,,,,,,Rudy Gay,2,,,made,,driving slam dunk,25,6
Marc Gasol,Mike Conley,O.J. Mayo,Rudy Gay,Zach Randolph,Brook Lopez,Courtney Lee,Devin Harris,Josh Boone,Keyon Dooling,4,1:50,NJN,shot,,,,,,,,,,Keyon Dooling,,,,missed,,3pt,2,5
Marc Gasol,Mike Conley,O.J. Mayo,Rudy Gay,Zach Randolph,Brook Lopez,Courtney Lee,Devin Harris,Josh Boone,Keyon Dooling,4,1:48,MEM,rebound,,,,,,,,,,,,,,,,,,
Marc Gasol,Mike Conley,O.J. Mayo,Rudy Gay,Zach Randolph,Brook Lopez,Courtney Lee,Devin Harris,Josh Boone,Keyon Dooling,4,1:28,MEM,shot,,,,,,,,,,Rudy Gay,,,,missed,,turnaround jump,28,19
Marc Gasol,Mike Conley,O.J. Mayo,Rudy Gay,Zach Randolph,Brook Lopez,Courtney Lee,Devin Harris,Josh Boone,Keyon Dooling,4,1:26,NJN,rebound,,,,,,,,,,Josh Boone,,,,,,def,,
Marc Gasol,Mike Conley,O.J. Mayo,Rudy Gay,Zach Randolph,Brook Lopez,Courtney Lee,Devin Harris,Josh Boone,Keyon Dooling,4,1:19,MEM,foul,,,,,,,,Courtney Lee,,Rudy Gay,,,,,,personal,,
Marc Gasol,Mike Conley,O.J. Mayo,Rudy Gay,Zach Randolph,Brook Lopez,Courtney Lee,Devin Harris,Josh Boone,Keyon Dooling,4,1:19,NJN,timeout,,,,,,,,,,,,,,,,regular,,
Marc Gasol,Mike Conley,O.J. Mayo,Rudy Gay,Zach Randolph,Brook Lopez,Courtney Lee,Devin Harris,Keyon Dooling,Yi Jianlian,4,1:19,NJN,sub,,,,Yi Jianlian,,Josh Boone,,,,,,,,,,,,
Marc Gasol,Mike Conley,O.J. Mayo,Rudy Gay,Zach Randolph,Brook Lopez,Courtney Lee,Devin Harris,Keyon Dooling,Yi Jianlian,4,1:18,MEM,foul,,,,,,,,Devin Harris,,Mike Conley,,,,,,personal,,
Marc Gasol,Mike Conley,O.J. Mayo,Rudy Gay,Zach Randolph,Brook Lopez,Courtney Lee,Devin Harris,Keyon Dooling,Yi Jianlian,4,1:18,NJN,free throw,,,,,,,1,,2,Devin Harris,,,foul,missed,,,,
Marc Gasol,Mike Conley,O.J. Mayo,Rudy Gay,Zach Randolph,Brook Lopez,Courtney Lee,Devin Harris,Keyon Dooling,Yi Jianlian,4,1:18,NJN,rebound,,,,,,,,,,,,,,,,,,
Marc Gasol,Mike Conley,O.J. Mayo,Rudy Gay,Zach Randolph,Brook Lopez,Courtney Lee,Devin Harris,Josh Boone,Keyon Dooling,4,1:18,NJN,sub,,,,Josh Boone,,Yi Jianlian,,,,,,,,,,,,
Marc Gasol,Mike Conley,O.J. Mayo,Rudy Gay,Zach Randolph,Brook Lopez,Courtney Lee,Devin Harris,Josh Boone,Keyon Dooling,4,1:18,NJN,free throw,,,,,,,2,,2,Devin Harris,,,foul,missed,,,,
Marc Gasol,Mike Conley,O.J. Mayo,Rudy Gay,Zach Randolph,Brook Lopez,Courtney Lee,Devin Harris,Josh Boone,Keyon Dooling,4,1:17,MEM,rebound,,,,,,,,,,Marc Gasol,,,,,,def,,
Marc Gasol,Mike Conley,O.J. Mayo,Rudy Gay,Zach Randolph,Brook Lopez,Courtney Lee,Devin Harris,Josh Boone,Keyon Dooling,4,1:11,NJN,foul,,,,,,,,O.J. Mayo,,Keyon Dooling,,,,,,personal,,
Marc Gasol,Mike Conley,O.J. Mayo,Rudy Gay,Zach Randolph,Brook Lopez,Courtney Lee,Devin Harris,Josh Boone,Keyon Dooling,4,1:11,MEM,free throw,,,,,,,1,,2,O.J. Mayo,,,foul,made,,,,
Marc Gasol,Mike Conley,O.J. Mayo,Rudy Gay,Zach Randolph,Brook Lopez,Courtney Lee,Devin Harris,Josh Boone,Keyon Dooling,4,1:11,MEM,free throw,,,,,,,2,,2,O.J. Mayo,,,foul,made,,,,
Marc Gasol,Mike Conley,O.J. Mayo,Rudy Gay,Zach Randolph,Brook Lopez,Courtney Lee,Devin Harris,Josh Boone,Keyon Dooling,4,1:05,MEM,foul,,,,,,,,Devin Harris,,Marc Gasol,,,,,,shooting,,
Marc Gasol,Mike Conley,O.J. Mayo,Rudy Gay,Zach Randolph,Brook Lopez,Courtney Lee,Devin Harris,Josh Boone,Keyon Dooling,4,1:05,NJN,free throw,,,,,,,1,,2,Devin Harris,,,foul,missed,,,,
Marc Gasol,Mike Conley,O.J. Mayo,Rudy Gay,Zach Randolph,Brook Lopez,Courtney Lee,Devin Harris,Josh Boone,Keyon Dooling,4,1:05,NJN,rebound,,,,,,,,,,,,,,,,,,
Marc Gasol,Mike Conley,O.J. Mayo,Rudy Gay,Zach Randolph,Brook Lopez,Courtney Lee,Devin Harris,Josh Boone,Keyon Dooling,4,1:05,NJN,free throw,,,,,,,2,,2,Devin Harris,,,foul,made,,,,
Marc Gasol,Mike Conley,O.J. Mayo,Rudy Gay,Zach Randolph,Brook Lopez,Courtney Lee,Devin Harris,Josh Boone,Keyon Dooling,4,0:54,NJN,foul,,,,,,,,Mike Conley,,Courtney Lee,,,,,,personal,,
Marc Gasol,Mike Conley,O.J. Mayo,Rudy Gay,Zach Randolph,Brook Lopez,Courtney Lee,Devin Harris,Josh Boone,Keyon Dooling,4,0:54,MEM,free throw,,,,,,,1,,2,Mike Conley,,,foul,missed,,,,
Marc Gasol,Mike Conley,O.J. Mayo,Rudy Gay,Zach Randolph,Brook Lopez,Courtney Lee,Devin Harris,Josh Boone,Keyon Dooling,4,0:54,MEM,rebound,,,,,,,,,,,,,,,,,,
Marc Gasol,Mike Conley,O.J. Mayo,Rudy Gay,Zach Randolph,Brook Lopez,Courtney Lee,Devin Harris,Keyon Dooling,Yi Jianlian,4,0:54,NJN,sub,,,,Yi Jianlian,,Josh Boone,,,,,,,,,,,,
Marc Gasol,Mike Conley,O.J. Mayo,Rudy Gay,Zach Randolph,Brook Lopez,Courtney Lee,Devin Harris,Keyon Dooling,Yi Jianlian,4,0:54,MEM,free throw,,,,,,,2,,2,Mike Conley,,,foul,made,,,,
Marc Gasol,Mike Conley,O.J. Mayo,Rudy Gay,Zach Randolph,Brook Lopez,Courtney Lee,Devin Harris,Keyon Dooling,Yi Jianlian,4,0:45,NJN,shot,,,,,,,,,,Courtney Lee,,,,missed,,3pt,8,25
Marc Gasol,Mike Conley,O.J. Mayo,Rudy Gay,Zach Randolph,Brook Lopez,Courtney Lee,Devin Harris,Keyon Dooling,Yi Jianlian,4,0:44,MEM,rebound,,,,,,,,,,Zach Randolph,,,,,,def,,
Marc Gasol,Mike Conley,O.J. Mayo,Rudy Gay,Zach Randolph,Brook Lopez,Courtney Lee,Devin Harris,Keyon Dooling,Yi Jianlian,4,0:38,NJN,foul,,,,,,,,Zach Randolph,,Yi Jianlian,,,,,,personal,,
Marc Gasol,Mike Conley,O.J. Mayo,Rudy Gay,Zach Randolph,Brook Lopez,Courtney Lee,Devin Harris,Keyon Dooling,Yi Jianlian,4,0:38,MEM,free throw,,,,,,,1,,2,Zach Randolph,,,foul,missed,,,,
Marc Gasol,Mike Conley,O.J. Mayo,Rudy Gay,Zach Randolph,Brook Lopez,Courtney Lee,Devin Harris,Keyon Dooling,Yi Jianlian,4,0:38,MEM,rebound,,,,,,,,,,,,,,,,,,
Marc Gasol,Mike Conley,O.J. Mayo,Rudy Gay,Zach Randolph,Brook Lopez,Courtney Lee,Devin Harris,Keyon Dooling,Yi Jianlian,4,0:38,MEM,free throw,,,,,,,2,,2,Zach Randolph,,,foul,made,,,,
Marc Gasol,Mike Conley,O.J. Mayo,Rudy Gay,Zach Randolph,Brook Lopez,Courtney Lee,Devin Harris,Keyon Dooling,Yi Jianlian,4,0:30,NJN,shot,Keyon Dooling,,,,,,,,,Yi Jianlian,3,,,made,,3pt,13,30
Marc Gasol,Mike Conley,O.J. Mayo,Rudy Gay,Zach Randolph,Brook Lopez,Courtney Lee,Devin Harris,Keyon Dooling,Yi Jianlian,4,0:06,MEM,shot,,,,,,,,,,O.J. Mayo,,,,missed,,running jump,22,13
Marc Gasol,Mike Conley,O.J. Mayo,Rudy Gay,Zach Randolph,Brook Lopez,Courtney Lee,Devin Harris,Keyon Dooling,Yi Jianlian,4,0:05,MEM,rebound,,,,,,,,,,Rudy Gay,,,,,,off,,
Marc Gasol,Mike Conley,O.J. Mayo,Rudy Gay,Zach Randolph,Brook Lopez,Courtney Lee,Devin Harris,Keyon Dooling,Yi Jianlian,4,0:03,MEM,shot,,,,,,,,,,Rudy Gay,,,,missed,,tip,25,6
Marc Gasol,Mike Conley,O.J. Mayo,Rudy Gay,Zach Randolph,Brook Lopez,Courtney Lee,Devin Harris,Keyon Dooling,Yi Jianlian,4,0:03,NJN,rebound,,,,,,,,,,Brook Lopez,,,,,,def,,
