a1,a2,a3,a4,a5,h1,h2,h3,h4,h5,period,time,team,etype,assist,away,block,entered,home,left,num,opponent,outof,player,points,possession,reason,result,steal,type,x,y
Brook Lopez,Courtney Lee,Devin Harris,Jarvis Hayes,Yi Jianlian,Andrea Bargnani,Antoine Wright,Chris Bosh,Jarrett Jack,Sonny Weems,1,12:00,OFF,jump ball,,Brook Lopez,,,Chris Bosh,,,,,,,Jarrett Jack,,,,,,
Brook Lopez,Courtney Lee,Devin Harris,Jarvis Hayes,Yi Jianlian,Andrea Bargnani,Antoine Wright,Chris Bosh,Jarrett Jack,Sonny Weems,1,11:43,TOR,shot,,,,,,,,,,Chris Bosh,2,,,made,,jump,44,6
Brook Lopez,Courtney Lee,Devin Harris,Jarvis Hayes,Yi Jianlian,Andrea Bargnani,Antoine Wright,Chris Bosh,Jarrett Jack,Sonny Weems,1,11:24,NJN,shot,,,,,,,,,,Yi Jianlian,,,,missed,,jump,17,24
Brook Lopez,Courtney Lee,Devin Harris,Jarvis Hayes,Yi Jianlian,Andrea Bargnani,Antoine Wright,Chris Bosh,Jarrett Jack,Sonny Weems,1,11:23,TOR,rebound,,,,,,,,,,Sonny Weems,,,,,,def,,
Brook Lopez,Courtney Lee,Devin Harris,Jarvis Hayes,Yi Jianlian,Andrea Bargnani,Antoine Wright,Chris Bosh,Jarrett Jack,Sonny Weems,1,11:05,TOR,shot,,,,,,,,,,Chris Bosh,2,,,made,,fade away jumper,11,9
Brook Lopez,Courtney Lee,Devin Harris,Jarvis Hayes,Yi Jianlian,Andrea Bargnani,Antoine Wright,Chris Bosh,Jarrett Jack,Sonny Weems,1,10:42,NJN,shot,,,,,,,,,,Brook Lopez,,,,missed,,driving layup,26,7
Brook Lopez,Courtney Lee,Devin Harris,Jarvis Hayes,Yi Jianlian,Andrea Bargnani,Antoine Wright,Chris Bosh,Jarrett Jack,Sonny Weems,1,10:41,TOR,rebound,,,,,,,,,,Sonny Weems,,,,,,def,,
Brook Lopez,Courtney Lee,Devin Harris,Jarvis Hayes,Yi Jianlian,Andrea Bargnani,Antoine Wright,Chris Bosh,Jarrett Jack,Sonny Weems,1,10:38,TOR,turnover,,,,,,,,,,Sonny Weems,,,bad pass,,,,,
Brook Lopez,Courtney Lee,Devin Harris,Jarvis Hayes,Yi Jianlian,Andrea Bargnani,Antoine Wright,Chris Bosh,Jarrett Jack,Sonny Weems,1,10:29,NJN,shot,Devin Harris,,,,,,,,,Courtney Lee,2,,,made,,driving layup,27,7
Brook Lopez,Courtney Lee,Devin Harris,Jarvis Hayes,Yi Jianlian,Andrea Bargnani,Antoine Wright,Chris Bosh,Jarrett Jack,Sonny Weems,1,10:09,TOR,shot,,,,,,,,,,Chris Bosh,2,,,made,,jump,20,25
Brook Lopez,Courtney Lee,Devin Harris,Jarvis Hayes,Yi Jianlian,Andrea Bargnani,Antoine Wright,Chris Bosh,Jarrett Jack,Sonny Weems,1,9:56,NJN,shot,,,,,,,,,,Yi Jianlian,,,,missed,,driving hook,32,7
Brook Lopez,Courtney Lee,Devin Harris,Jarvis Hayes,Yi Jianlian,Andrea Bargnani,Antoine Wright,Chris Bosh,Jarrett Jack,Sonny Weems,1,9:55,TOR,rebound,,,,,,,,,,Andrea Bargnani,,,,,,def,,
Brook Lopez,Courtney Lee,Devin Harris,Jarvis Hayes,Yi Jianlian,Andrea Bargnani,Antoine Wright,Chris Bosh,Jarrett Jack,Sonny Weems,1,9:36,TOR,shot,,,,,,,,,,Chris Bosh,,,,missed,,driving reverse layup,24,7
Brook Lopez,Courtney Lee,Devin Harris,Jarvis Hayes,Yi Jianlian,Andrea Bargnani,Antoine Wright,Chris Bosh,Jarrett Jack,Sonny Weems,1,9:35,NJN,rebound,,,,,,,,,,Yi Jianlian,,,,,,def,,
Brook Lopez,Courtney Lee,Devin Harris,Jarvis Hayes,Yi Jianlian,Andrea Bargnani,Antoine Wright,Chris Bosh,Jarrett Jack,Sonny Weems,1,9:31,NJN,shot,Devin Harris,,,,,,,,,Jarvis Hayes,2,,,made,,running layup,26,7
Brook Lopez,Courtney Lee,Devin Harris,Jarvis Hayes,Yi Jianlian,Andrea Bargnani,Antoine Wright,Chris Bosh,Jarrett Jack,Sonny Weems,1,9:10,TOR,shot,,,,,,,,,,Antoine Wright,2,,,made,,fade away jumper,43,6
Brook Lopez,Courtney Lee,Devin Harris,Jarvis Hayes,Yi Jianlian,Andrea Bargnani,Antoine Wright,Chris Bosh,Jarrett Jack,Sonny Weems,1,8:57,NJN,turnover,,,,,,,,,,Devin Harris,,,poss lost ball turnover,,Chris Bosh,,,
Brook Lopez,Courtney Lee,Devin Harris,Jarvis Hayes,Yi Jianlian,Andrea Bargnani,Antoine Wright,Chris Bosh,Jarrett Jack,Sonny Weems,1,8:55,TOR,turnover,,,,,,,,,,Sonny Weems,,,poss lost ball turnover,,Courtney Lee,,,
Brook Lopez,Courtney Lee,Devin Harris,Jarvis Hayes,Yi Jianlian,Andrea Bargnani,Antoine Wright,Chris Bosh,Jarrett Jack,Sonny Weems,1,8:49,NJN,shot,,,,,,,,,,Jarvis Hayes,,,,missed,,pullup jump,13,22
Brook Lopez,Courtney Lee,Devin Harris,Jarvis Hayes,Yi Jianlian,Andrea Bargnani,Antoine Wright,Chris Bosh,Jarrett Jack,Sonny Weems,1,8:47,TOR,rebound,,,,,,,,,,Andrea Bargnani,,,,,,def,,
Brook Lopez,Courtney Lee,Devin Harris,Jarvis Hayes,Yi Jianlian,Andrea Bargnani,Antoine Wright,Chris Bosh,Jarrett Jack,Sonny Weems,1,8:43,TOR,turnover,,,,,,,,,,Antoine Wright,,,bad pass,,Courtney Lee,,,
Brook Lopez,Courtney Lee,Devin Harris,Jarvis Hayes,Yi Jianlian,Andrea Bargnani,Antoine Wright,Chris Bosh,Jarrett Jack,Sonny Weems,1,8:20,NJN,shot,,,,,,,,,,Devin Harris,,,,missed,,3pt,24,32
Brook Lopez,Courtney Lee,Devin Harris,Jarvis Hayes,Yi Jianlian,Andrea Bargnani,Antoine Wright,Chris Bosh,Jarrett Jack,Sonny Weems,1,8:19,TOR,rebound,,,,,,,,,,Sonny Weems,,,,,,def,,
Brook Lopez,Courtney Lee,Devin Harris,Jarvis Hayes,Yi Jianlian,Andrea Bargnani,Antoine Wright,Chris Bosh,Jarrett Jack,Sonny Weems,1,8:10,TOR,shot,Andrea Bargnani,,,,,,,,,Antoine Wright,3,,,made,,3pt,48,7
Brook Lopez,Courtney Lee,Devin Harris,Jarvis Hayes,Yi Jianlian,Andrea Bargnani,Antoine Wright,Chris Bosh,Jarrett Jack,Sonny Weems,1,7:50,NJN,shot,,,,,,,,,,Brook Lopez,,,,missed,,jump hook,26,18
Brook Lopez,Courtney Lee,Devin Harris,Jarvis Hayes,Yi Jianlian,Andrea Bargnani,Antoine Wright,Chris Bosh,Jarrett Jack,Sonny Weems,1,7:49,TOR,rebound,,,,,,,,,,Andrea Bargnani,,,,,,def,,
Brook Lopez,Courtney Lee,Devin Harris,Jarvis Hayes,Yi Jianlian,Andrea Bargnani,Antoine Wright,Chris Bosh,Jarrett Jack,Sonny Weems,1,7:39,TOR,shot,,,,,,,,,,Chris Bosh,,,,missed,,jump,9,7
Brook Lopez,Courtney Lee,Devin Harris,Jarvis Hayes,Yi Jianlian,Andrea Bargnani,Antoine Wright,Chris Bosh,Jarrett Jack,Sonny Weems,1,7:38,NJN,rebound,,,,,,,,,,Jarvis Hayes,,,,,,def,,
Brook Lopez,Courtney Lee,Devin Harris,Jarvis Hayes,Yi Jianlian,Andrea Bargnani,Antoine Wright,Chris Bosh,Jarrett Jack,Sonny Weems,1,7:31,NJN,shot,,,,,,,,,,Devin Harris,,,,missed,,driving layup,23,7
Brook Lopez,Courtney Lee,Devin Harris,Jarvis Hayes,Yi Jianlian,Andrea Bargnani,Antoine Wright,Chris Bosh,Jarrett Jack,Sonny Weems,1,7:30,TOR,rebound,,,,,,,,,,,,,,,,,,
Brook Lopez,Courtney Lee,Devin Harris,Jarvis Hayes,Yi Jianlian,Andrea Bargnani,Antoine Wright,Chris Bosh,Jarrett Jack,Sonny Weems,1,7:07,TOR,shot,,,,,,,,,,Antoine Wright,,,,missed,,3pt,47,6
Brook Lopez,Courtney Lee,Devin Harris,Jarvis Hayes,Yi Jianlian,Andrea Bargnani,Antoine Wright,Chris Bosh,Jarrett Jack,Sonny Weems,1,7:06,TOR,rebound,,,,,,,,,,Sonny Weems,,,,,,off,,
Brook Lopez,Courtney Lee,Devin Harris,Jarvis Hayes,Yi Jianlian,Andrea Bargnani,Antoine Wright,Chris Bosh,Jarrett Jack,Sonny Weems,1,7:04,TOR,shot,,,,,,,,,,Sonny Weems,,,,missed,,tip,25,6
Brook Lopez,Courtney Lee,Devin Harris,Jarvis Hayes,Yi Jianlian,Andrea Bargnani,Antoine Wright,Chris Bosh,Jarrett Jack,Sonny Weems,1,7:03,NJN,rebound,,,,,,,,,,Courtney Lee,,,,,,def,,
Brook Lopez,Courtney Lee,Devin Harris,Jarvis Hayes,Yi Jianlian,Andrea Bargnani,Antoine Wright,Chris Bosh,Jarrett Jack,Sonny Weems,1,6:58,TOR,foul,,,,,,,,Courtney Lee,,Andrea Bargnani,,,,,,loose ball,,
Brook Lopez,Courtney Lee,Devin Harris,Jarvis Hayes,Yi Jianlian,Andrea Bargnani,Antoine Wright,Chris Bosh,Jarrett Jack,Sonny Weems,1,6:52,NJN,foul,,,,,,,,Chris Bosh,,Yi Jianlian,,,,,,offensive,,
Brook Lopez,Courtney Lee,Devin Harris,Jarvis Hayes,Yi Jianlian,Andrea Bargnani,Antoine Wright,Chris Bosh,Jarrett Jack,Sonny Weems,1,6:52,NJN,turnover,,,,,,,,,,Yi Jianlian,,,foul,,,,,
Brook Lopez,Courtney Lee,Devin Harris,Jarvis Hayes,Yi Jianlian,Andrea Bargnani,Antoine Wright,Chris Bosh,Jarrett Jack,Sonny Weems,1,6:42,TOR,shot,,,,,,,,,,Jarrett Jack,,,,missed,,jump,24,18
Brook Lopez,Courtney Lee,Devin Harris,Jarvis Hayes,Yi Jianlian,Andrea Bargnani,Antoine Wright,Chris Bosh,Jarrett Jack,Sonny Weems,1,6:41,TOR,rebound,,,,,,,,,,Antoine Wright,,,,,,off,,
Brook Lopez,Courtney Lee,Devin Harris,Jarvis Hayes,Yi Jianlian,Andrea Bargnani,Antoine Wright,Chris Bosh,Jarrett Jack,Sonny Weems,1,6:38,TOR,shot,,,,,,,,,,Jarrett Jack,,,,missed,,3pt,25,31
Brook Lopez,Courtney Lee,Devin Harris,Jarvis Hayes,Yi Jianlian,Andrea Bargnani,Antoine Wright,Chris Bosh,Jarrett Jack,Sonny Weems,1,6:37,TOR,rebound,,,,,,,,,,Sonny Weems,,,,,,off,,
Brook Lopez,Courtney Lee,Devin Harris,Jarvis Hayes,Yi Jianlian,Andrea Bargnani,Antoine Wright,Chris Bosh,Jarrett Jack,Sonny Weems,1,6:34,TOR,shot,,,,,,,,,,Sonny Weems,2,,,made,,jump hook,26,14
Brook Lopez,Courtney Lee,Devin Harris,Jarvis Hayes,Yi Jianlian,Andrea Bargnani,Antoine Wright,Chris Bosh,Jarrett Jack,Sonny Weems,1,6:16,NJN,shot,,,,,,,,,,Courtney Lee,,,,missed,,pullup jump,43,7
Brook Lopez,Courtney Lee,Devin Harris,Jarvis Hayes,Yi Jianlian,Andrea Bargnani,Antoine Wright,Chris Bosh,Jarrett Jack,Sonny Weems,1,6:15,TOR,rebound,,,,,,,,,,Chris Bosh,,,,,,def,,
Brook Lopez,Courtney Lee,Devin Harris,Jarvis Hayes,Yi Jianlian,Andrea Bargnani,Antoine Wright,Chris Bosh,Jarrett Jack,Sonny Weems,1,6:06,TOR,shot,,,,,,,,,,Jarrett Jack,2,,,made,,driving layup,23,6
Brook Lopez,Courtney Lee,Devin Harris,Jarvis Hayes,Yi Jianlian,Andrea Bargnani,Antoine Wright,Chris Bosh,Jarrett Jack,Sonny Weems,1,5:57,NJN,timeout,,,,,,,,,,,,,,,,regular,,
Courtney Lee,Devin Harris,Jarvis Hayes,Kris Humphries,Yi Jianlian,Andrea Bargnani,Antoine Wright,Chris Bosh,Jarrett Jack,Sonny Weems,1,5:57,NJN,sub,,,,Kris Humphries,,Brook Lopez,,,,,,,,,,,,
Devin Harris,Jarvis Hayes,Kris Humphries,Terrence Williams,Yi Jianlian,Andrea Bargnani,Antoine Wright,Chris Bosh,Jarrett Jack,Sonny Weems,1,5:57,NJN,sub,,,,Terrence Williams,,Courtney Lee,,,,,,,,,,,,
Devin Harris,Jarvis Hayes,Kris Humphries,Terrence Williams,Yi Jianlian,Andrea Bargnani,Antoine Wright,Chris Bosh,Jarrett Jack,Sonny Weems,1,5:46,NJN,shot,,,,,,,,,,Devin Harris,,,,missed,,jump,28,14
Devin Harris,Jarvis Hayes,Kris Humphries,Terrence Williams,Yi Jianlian,Andrea Bargnani,Antoine Wright,Chris Bosh,Jarrett Jack,Sonny Weems,1,5:45,NJN,rebound,,,,,,,,,,Yi Jianlian,,,,,,off,,
Devin Harris,Jarvis Hayes,Kris Humphries,Terrence Williams,Yi Jianlian,Andrea Bargnani,Antoine Wright,Chris Bosh,Jarrett Jack,Sonny Weems,1,5:43,NJN,shot,,,,,,,,,,Yi Jianlian,2,,,made,,putback layup,25,6
Devin Harris,Jarvis Hayes,Kris Humphries,Terrence Williams,Yi Jianlian,Andrea Bargnani,Antoine Wright,Chris Bosh,Jarrett Jack,Sonny Weems,1,5:27,TOR,shot,,,,,,,,,,Andrea Bargnani,,,,missed,,3pt,13,28
Devin Harris,Jarvis Hayes,Kris Humphries,Terrence Williams,Yi Jianlian,Andrea Bargnani,Antoine Wright,Chris Bosh,Jarrett Jack,Sonny Weems,1,5:26,NJN,rebound,,,,,,,,,,Terrence Williams,,,,,,def,,
Devin Harris,Jarvis Hayes,Kris Humphries,Terrence Williams,Yi Jianlian,Andrea Bargnani,Antoine Wright,Chris Bosh,Jarrett Jack,Sonny Weems,1,5:16,NJN,shot,,,,,,,,,,Terrence Williams,2,,,made,,floating jump,30,12
Devin Harris,Jarvis Hayes,Kris Humphries,Terrence Williams,Yi Jianlian,Andrea Bargnani,Antoine Wright,Chris Bosh,Jarrett Jack,Sonny Weems,1,4:58,TOR,shot,,,,,,,,,,Chris Bosh,,,,missed,,pullup jump,12,11
Devin Harris,Jarvis Hayes,Kris Humphries,Terrence Williams,Yi Jianlian,Andrea Bargnani,Antoine Wright,Chris Bosh,Jarrett Jack,Sonny Weems,1,4:57,NJN,rebound,,,,,,,,,,Kris Humphries,,,,,,def,,
Devin Harris,Jarvis Hayes,Kris Humphries,Terrence Williams,Yi Jianlian,Andrea Bargnani,Antoine Wright,Chris Bosh,Jarrett Jack,Sonny Weems,1,4:50,NJN,shot,,,,,,,,,,Devin Harris,,,,missed,,pullup jump,19,11
Devin Harris,Jarvis Hayes,Kris Humphries,Terrence Williams,Yi Jianlian,Andrea Bargnani,Antoine Wright,Chris Bosh,Jarrett Jack,Sonny Weems,1,4:49,TOR,rebound,,,,,,,,,,Chris Bosh,,,,,,def,,
Devin Harris,Jarvis Hayes,Kris Humphries,Terrence Williams,Yi Jianlian,Andrea Bargnani,Antoine Wright,Chris Bosh,Jarrett Jack,Sonny Weems,1,4:40,NJN,foul,,,,,,,,Antoine Wright,,Jarvis Hayes,,,,,,shooting,,
Devin Harris,Jarvis Hayes,Kris Humphries,Terrence Williams,Yi Jianlian,Andrea Bargnani,Antoine Wright,Chris Bosh,Jarrett Jack,Sonny Weems,1,4:40,TOR,free throw,,,,,,,1,,2,Antoine Wright,,,foul,made,,,,
Devin Harris,Jarvis Hayes,Kris Humphries,Terrence Williams,Yi Jianlian,Andrea Bargnani,Antoine Wright,Chris Bosh,Jarrett Jack,Sonny Weems,1,4:40,TOR,free throw,,,,,,,2,,2,Antoine Wright,,,foul,made,,,,
Devin Harris,Jarvis Hayes,Kris Humphries,Terrence Williams,Yi Jianlian,Andrea Bargnani,Antoine Wright,Chris Bosh,Jarrett Jack,Sonny Weems,1,4:27,NJN,shot,,,,,,,,,,Kris Humphries,,,,missed,,jump,28,24
Devin Harris,Jarvis Hayes,Kris Humphries,Terrence Williams,Yi Jianlian,Andrea Bargnani,Antoine Wright,Chris Bosh,Jarrett Jack,Sonny Weems,1,4:26,NJN,rebound,,,,,,,,,,Yi Jianlian,,,,,,off,,
Devin Harris,Jarvis Hayes,Kris Humphries,Terrence Williams,Yi Jianlian,Andrea Bargnani,Antoine Wright,Chris Bosh,Jarrett Jack,Sonny Weems,1,4:23,NJN,shot,,,,,,,,,,Yi Jianlian,,,,missed,,jump hook,19,7
Devin Harris,Jarvis Hayes,Kris Humphries,Terrence Williams,Yi Jianlian,Andrea Bargnani,Antoine Wright,Chris Bosh,Jarrett Jack,Sonny Weems,1,4:22,TOR,rebound,,,,,,,,,,Sonny Weems,,,,,,def,,
Devin Harris,Jarvis Hayes,Kris Humphries,Terrence Williams,Yi Jianlian,Andrea Bargnani,Antoine Wright,Chris Bosh,Jarrett Jack,Sonny Weems,1,4:14,TOR,shot,,,,,,,,,,Antoine Wright,2,,,made,,driving layup,25,8
Devin Harris,Jarvis Hayes,Kris Humphries,Terrence Williams,Yi Jianlian,Andrea Bargnani,Antoine Wright,Chris Bosh,Jarrett Jack,Sonny Weems,1,3:55,NJN,shot,Jarvis Hayes,,,,,,,,,Kris Humphries,2,,,made,,jump,11,20
Devin Harris,Jarvis Hayes,Kris Humphries,Terrence Williams,Yi Jianlian,Andrea Bargnani,Antoine Wright,Chris Bosh,Jarrett Jack,Sonny Weems,1,3:39,TOR,shot,,,,,,,,,,Andrea Bargnani,2,,,made,,jump hook,26,12
Devin Harris,Jarvis Hayes,Kris Humphries,Terrence Williams,Yi Jianlian,Andrea Bargnani,Antoine Wright,Chris Bosh,Jarrett Jack,Sonny Weems,1,3:18,NJN,shot,,,,,,,,,,Jarvis Hayes,2,,,made,,pullup jump,4,8
Devin Harris,Jarvis Hayes,Kris Humphries,Terrence Williams,Yi Jianlian,Andrea Bargnani,Antoine Wright,Chris Bosh,Jarrett Jack,Sonny Weems,1,3:03,TOR,turnover,,,,,,,,,,Chris Bosh,,,bad pass,,Yi Jianlian,,,
Devin Harris,Jarvis Hayes,Kris Humphries,Terrence Williams,Yi Jianlian,Andrea Bargnani,Antoine Wright,Chris Bosh,Jarrett Jack,Sonny Weems,1,2:53,NJN,shot,,,Chris Bosh,,,,,,,Devin Harris,,,,missed,,driving layup,24,7
Devin Harris,Jarvis Hayes,Kris Humphries,Terrence Williams,Yi Jianlian,Andrea Bargnani,Antoine Wright,Chris Bosh,Jarrett Jack,Sonny Weems,1,2:51,TOR,rebound,,,,,,,,,,Antoine Wright,,,,,,def,,
Devin Harris,Jarvis Hayes,Kris Humphries,Terrence Williams,Yi Jianlian,Andrea Bargnani,Antoine Wright,Chris Bosh,Jarrett Jack,Sonny Weems,1,2:45,NJN,foul,,,,,,,,Andrea Bargnani,,Yi Jianlian,,,,,,shooting,,
Devin Harris,Jarvis Hayes,Kris Humphries,Terrence Williams,Yi Jianlian,Andrea Bargnani,Antoine Wright,Chris Bosh,Jarrett Jack,Sonny Weems,1,2:45,TOR,timeout,,,,,,,,,,,,,,,,regular,,
Brook Lopez,Devin Harris,Jarvis Hayes,Kris Humphries,Terrence Williams,Andrea Bargnani,Antoine Wright,Chris Bosh,Jarrett Jack,Sonny Weems,1,2:45,NJN,sub,,,,Brook Lopez,,Yi Jianlian,,,,,,,,,,,,
Brook Lopez,Devin Harris,Jarvis Hayes,Kris Humphries,Terrence Williams,Amir Johnson,Andrea Bargnani,Antoine Wright,Jarrett Jack,Sonny Weems,1,2:45,TOR,sub,,,,Amir Johnson,,Chris Bosh,,,,,,,,,,,,
Brook Lopez,Devin Harris,Jarvis Hayes,Kris Humphries,Terrence Williams,Amir Johnson,Andrea Bargnani,Antoine Wright,Jarrett Jack,Marco Belinelli,1,2:45,TOR,sub,,,,Marco Belinelli,,Sonny Weems,,,,,,,,,,,,
Brook Lopez,Devin Harris,Jarvis Hayes,Kris Humphries,Terrence Williams,Amir Johnson,Andrea Bargnani,Antoine Wright,Jarrett Jack,Marco Belinelli,1,2:45,TOR,free throw,,,,,,,1,,2,Andrea Bargnani,,,foul,made,,,,
Brook Lopez,Devin Harris,Jarvis Hayes,Kris Humphries,Terrence Williams,Amir Johnson,Andrea Bargnani,Antoine Wright,Jarrett Jack,Marco Belinelli,1,2:45,TOR,free throw,,,,,,,2,,2,Andrea Bargnani,,,foul,made,,,,
Brook Lopez,Devin Harris,Jarvis Hayes,Kris Humphries,Terrence Williams,Amir Johnson,Andrea Bargnani,Antoine Wright,Jarrett Jack,Marco Belinelli,1,2:29,NJN,shot,,,,,,,,,,Devin Harris,,,,missed,,jump,17,19
Brook Lopez,Devin Harris,Jarvis Hayes,Kris Humphries,Terrence Williams,Amir Johnson,Andrea Bargnani,Antoine Wright,Jarrett Jack,Marco Belinelli,1,2:28,NJN,rebound,,,,,,,,,,Kris Humphries,,,,,,off,,
Brook Lopez,Devin Harris,Jarvis Hayes,Kris Humphries,Terrence Williams,Amir Johnson,Andrea Bargnani,Antoine Wright,Jarrett Jack,Marco Belinelli,1,2:23,NJN,foul,,,,,,,,Andrea Bargnani,,Brook Lopez,,,,,,offensive,,
Brook Lopez,Devin Harris,Jarvis Hayes,Kris Humphries,Terrence Williams,Amir Johnson,Andrea Bargnani,Antoine Wright,Jarrett Jack,Marco Belinelli,1,2:23,NJN,turnover,,,,,,,,,,Brook Lopez,,,foul,,,,,
Brook Lopez,Devin Harris,Jarvis Hayes,Kris Humphries,Terrence Williams,Amir Johnson,Andrea Bargnani,Antoine Wright,Jarrett Jack,Marco Belinelli,1,2:11,TOR,shot,,,,,,,,,,Andrea Bargnani,,,,missed,,jump,43,9
Brook Lopez,Devin Harris,Jarvis Hayes,Kris Humphries,Terrence Williams,Amir Johnson,Andrea Bargnani,Antoine Wright,Jarrett Jack,Marco Belinelli,1,2:10,NJN,rebound,,,,,,,,,,Brook Lopez,,,,,,def,,
Brook Lopez,Devin Harris,Jarvis Hayes,Kris Humphries,Terrence Williams,Amir Johnson,Andrea Bargnani,Antoine Wright,Jarrett Jack,Marco Belinelli,1,2:01,NJN,shot,,,,,,,,,,Kris Humphries,,,,missed,,jump,10,6
Brook Lopez,Devin Harris,Jarvis Hayes,Kris Humphries,Terrence Williams,Amir Johnson,Andrea Bargnani,Antoine Wright,Jarrett Jack,Marco Belinelli,1,2:00,NJN,rebound,,,,,,,,,,Brook Lopez,,,,,,off,,
Brook Lopez,Devin Harris,Jarvis Hayes,Kris Humphries,Terrence Williams,Amir Johnson,Andrea Bargnani,Antoine Wright,Jarrett Jack,Marco Belinelli,1,1:58,NJN,shot,,,,,,,,,,Brook Lopez,2,,,made,,running tip,25,6
Brook Lopez,Devin Harris,Jarvis Hayes,Kris Humphries,Terrence Williams,Amir Johnson,Andrea Bargnani,Antoine Wright,Jarrett Jack,Marco Belinelli,1,1:42,TOR,shot,Marco Belinelli,,,,,,,,,Amir Johnson,2,,,made,,running dunk,24,6
Brook Lopez,Devin Harris,Jarvis Hayes,Kris Humphries,Terrence Williams,Amir Johnson,Andrea Bargnani,Antoine Wright,Jarrett Jack,Marco Belinelli,1,1:22,TOR,foul,,,,,,,,Kris Humphries,,Amir Johnson,,,,,,shooting,,
Brook Lopez,Chris Quinn,Jarvis Hayes,Kris Humphries,Terrence Williams,Amir Johnson,Andrea Bargnani,Antoine Wright,Jarrett Jack,Marco Belinelli,1,1:22,NJN,sub,,,,Chris Quinn,,Devin Harris,,,,,,,,,,,,
Brook Lopez,Chris Douglas-Roberts,Chris Quinn,Kris Humphries,Terrence Williams,Amir Johnson,Andrea Bargnani,Antoine Wright,Jarrett Jack,Marco Belinelli,1,1:22,NJN,sub,,,,Chris Douglas-Roberts,,Jarvis Hayes,,,,,,,,,,,,
Brook Lopez,Chris Douglas-Roberts,Chris Quinn,Kris Humphries,Terrence Williams,Amir Johnson,Andrea Bargnani,Antoine Wright,Marco Belinelli,Marcus Banks,1,1:22,TOR,sub,,,,Marcus Banks,,Jarrett Jack,,,,,,,,,,,,
Brook Lopez,Chris Douglas-Roberts,Chris Quinn,Kris Humphries,Terrence Williams,Amir Johnson,Andrea Bargnani,Antoine Wright,Marco Belinelli,Marcus Banks,1,1:22,NJN,free throw,,,,,,,1,,2,Kris Humphries,,,foul,made,,,,
Brook Lopez,Chris Douglas-Roberts,Chris Quinn,Kris Humphries,Terrence Williams,Amir Johnson,Andrea Bargnani,Antoine Wright,Marco Belinelli,Marcus Banks,1,1:22,NJN,free throw,,,,,,,2,,2,Kris Humphries,,,foul,made,,,,
Brook Lopez,Chris Douglas-Roberts,Chris Quinn,Kris Humphries,Terrence Williams,Amir Johnson,Andrea Bargnani,Antoine Wright,Marco Belinelli,Marcus Banks,1,1:05,TOR,shot,,,,,,,,,,Marcus Banks,,,,missed,,driving layup,23,7
Brook Lopez,Chris Douglas-Roberts,Chris Quinn,Kris Humphries,Terrence Williams,Amir Johnson,Andrea Bargnani,Antoine Wright,Marco Belinelli,Marcus Banks,1,1:04,NJN,rebound,,,,,,,,,,Terrence Williams,,,,,,def,,
Brook Lopez,Chris Douglas-Roberts,Chris Quinn,Kris Humphries,Terrence Williams,Amir Johnson,Andrea Bargnani,Antoine Wright,Marco Belinelli,Marcus Banks,1,0:58,NJN,shot,Terrence Williams,,,,,,,,,Chris Douglas-Roberts,2,,,made,,layup,26,6
Brook Lopez,Chris Douglas-Roberts,Chris Quinn,Kris Humphries,Terrence Williams,Amir Johnson,Andrea Bargnani,Antoine Wright,Marco Belinelli,Marcus Banks,1,0:48,TOR,shot,,,Kris Humphries,,,,,,,Andrea Bargnani,,,,missed,,driving layup,25,6
Brook Lopez,Chris Douglas-Roberts,Chris Quinn,Kris Humphries,Terrence Williams,Amir Johnson,Andrea Bargnani,Antoine Wright,Marco Belinelli,Marcus Banks,1,0:46,NJN,rebound,,,,,,,,,,Chris Douglas-Roberts,,,,,,def,,
Brook Lopez,Chris Douglas-Roberts,Chris Quinn,Kris Humphries,Terrence Williams,Amir Johnson,Andrea Bargnani,Antoine Wright,Marco Belinelli,Marcus Banks,1,0:32,NJN,shot,Terrence Williams,,,,,,,,,Brook Lopez,2,,,made,,turnaround hook,18,7
Brook Lopez,Chris Douglas-Roberts,Chris Quinn,Kris Humphries,Terrence Williams,Amir Johnson,Andrea Bargnani,Antoine Wright,Marco Belinelli,Marcus Banks,1,0:19,TOR,shot,Marco Belinelli,,,,,,,,,Marcus Banks,3,,,made,,3pt,14,27
Brook Lopez,Chris Douglas-Roberts,Chris Quinn,Kris Humphries,Terrence Williams,Amir Johnson,Andrea Bargnani,Antoine Wright,Marco Belinelli,Marcus Banks,1,0:00,NJN,shot,Terrence Williams,,,,,,,,,Brook Lopez,2,,,made,,driving layup,26,7
Brook Lopez,Chris Douglas-Roberts,Chris Quinn,Kris Humphries,Terrence Williams,Amir Johnson,Andrea Bargnani,Antoine Wright,Marco Belinelli,Marcus Banks,1,0:00,TOR,shot,,,,,,,,,,Marco Belinelli,,,,missed,,3pt,15,83
Brook Lopez,Chris Douglas-Roberts,Chris Quinn,Kris Humphries,Terrence Williams,Amir Johnson,Andrea Bargnani,Antoine Wright,Marco Belinelli,Marcus Banks,1,0:00,TOR,rebound,,,,,,,,,,,,,,,,,,
Brook Lopez,Chris Douglas-Roberts,Chris Quinn,Kris Humphries,Terrence Williams,Amir Johnson,Chris Bosh,Marco Belinelli,Marcus Banks,Sonny Weems,2,12:00,TOR,foul,,,,,,,,Terrence Williams,,Amir Johnson,,,,,,shooting,,
Brook Lopez,Chris Douglas-Roberts,Chris Quinn,Kris Humphries,Terrence Williams,Amir Johnson,Chris Bosh,Marco Belinelli,Marcus Banks,Sonny Weems,2,12:00,NJN,free throw,,,,,,,1,,2,Terrence Williams,,,foul,missed,,,,
Brook Lopez,Chris Douglas-Roberts,Chris Quinn,Kris Humphries,Terrence Williams,Amir Johnson,Chris Bosh,Marco Belinelli,Marcus Banks,Sonny Weems,2,12:00,NJN,rebound,,,,,,,,,,,,,,,,,,
Brook Lopez,Chris Douglas-Roberts,Chris Quinn,Kris Humphries,Terrence Williams,Amir Johnson,Chris Bosh,Marco Belinelli,Marcus Banks,Sonny Weems,2,12:00,NJN,free throw,,,,,,,2,,2,Terrence Williams,,,foul,made,,,,
Brook Lopez,Chris Douglas-Roberts,Chris Quinn,Kris Humphries,Terrence Williams,Amir Johnson,Chris Bosh,Marco Belinelli,Marcus Banks,Sonny Weems,2,11:25,TOR,shot,,,,,,,,,,Chris Bosh,,,,missed,,turnaround jump,16,14
Brook Lopez,Chris Douglas-Roberts,Chris Quinn,Kris Humphries,Terrence Williams,Amir Johnson,Chris Bosh,Marco Belinelli,Marcus Banks,Sonny Weems,2,11:24,NJN,rebound,,,,,,,,,,Chris Douglas-Roberts,,,,,,def,,
Brook Lopez,Chris Douglas-Roberts,Chris Quinn,Kris Humphries,Terrence Williams,Amir Johnson,Chris Bosh,Marco Belinelli,Marcus Banks,Sonny Weems,2,11:16,NJN,shot,Chris Douglas-Roberts,,,,,,,,,Chris Quinn,3,,,made,,3pt,48,5
Brook Lopez,Chris Douglas-Roberts,Chris Quinn,Kris Humphries,Terrence Williams,Amir Johnson,Chris Bosh,Marco Belinelli,Marcus Banks,Sonny Weems,2,11:03,TOR,shot,,,,,,,,,,Marcus Banks,,,,missed,,driving layup,22,6
Brook Lopez,Chris Douglas-Roberts,Chris Quinn,Kris Humphries,Terrence Williams,Amir Johnson,Chris Bosh,Marco Belinelli,Marcus Banks,Sonny Weems,2,11:01,NJN,rebound,,,,,,,,,,Chris Quinn,,,,,,def,,
Brook Lopez,Chris Douglas-Roberts,Chris Quinn,Kris Humphries,Terrence Williams,Amir Johnson,Chris Bosh,Marco Belinelli,Marcus Banks,Sonny Weems,2,10:51,TOR,foul,,,,,,,,Brook Lopez,,Amir Johnson,,,,,,personal,,
Brook Lopez,Chris Douglas-Roberts,Chris Quinn,Kris Humphries,Terrence Williams,Chris Bosh,Marco Belinelli,Marcus Banks,Rasho Nesterovic,Sonny Weems,2,10:51,TOR,sub,,,,Rasho Nesterovic,,Amir Johnson,,,,,,,,,,,,
Brook Lopez,Chris Douglas-Roberts,Chris Quinn,Kris Humphries,Terrence Williams,Chris Bosh,Marco Belinelli,Marcus Banks,Rasho Nesterovic,Sonny Weems,2,10:37,NJN,shot,Chris Quinn,,,,,,,,,Kris Humphries,2,,,made,,jump,12,24
Brook Lopez,Chris Douglas-Roberts,Chris Quinn,Kris Humphries,Terrence Williams,Chris Bosh,Marco Belinelli,Marcus Banks,Rasho Nesterovic,Sonny Weems,2,10:11,TOR,shot,,,,,,,,,,Marcus Banks,,,,missed,,3pt,2,6
Brook Lopez,Chris Douglas-Roberts,Chris Quinn,Kris Humphries,Terrence Williams,Chris Bosh,Marco Belinelli,Marcus Banks,Rasho Nesterovic,Sonny Weems,2,10:10,NJN,rebound,,,,,,,,,,Kris Humphries,,,,,,def,,
Brook Lopez,Chris Douglas-Roberts,Chris Quinn,Kris Humphries,Terrence Williams,Chris Bosh,Marco Belinelli,Marcus Banks,Rasho Nesterovic,Sonny Weems,2,10:02,TOR,foul,,,,,,,,Terrence Williams,,Marcus Banks,,,,,,personal,,
Brook Lopez,Chris Douglas-Roberts,Chris Quinn,Kris Humphries,Terrence Williams,Chris Bosh,Jarrett Jack,Marco Belinelli,Rasho Nesterovic,Sonny Weems,2,10:02,TOR,sub,,,,Jarrett Jack,,Marcus Banks,,,,,,,,,,,,
Brook Lopez,Chris Douglas-Roberts,Chris Quinn,Kris Humphries,Terrence Williams,Chris Bosh,Jarrett Jack,Marco Belinelli,Rasho Nesterovic,Sonny Weems,2,9:52,NJN,shot,,,,,,,,,,Kris Humphries,2,,,made,,step back jump,26,21
Brook Lopez,Chris Douglas-Roberts,Chris Quinn,Kris Humphries,Terrence Williams,Chris Bosh,Jarrett Jack,Marco Belinelli,Rasho Nesterovic,Sonny Weems,2,9:38,TOR,shot,,,,,,,,,,Chris Bosh,,,,missed,,jump hook,32,11
Brook Lopez,Chris Douglas-Roberts,Chris Quinn,Kris Humphries,Terrence Williams,Chris Bosh,Jarrett Jack,Marco Belinelli,Rasho Nesterovic,Sonny Weems,2,9:37,TOR,rebound,,,,,,,,,,Rasho Nesterovic,,,,,,off,,
Brook Lopez,Chris Douglas-Roberts,Chris Quinn,Kris Humphries,Terrence Williams,Chris Bosh,Jarrett Jack,Marco Belinelli,Rasho Nesterovic,Sonny Weems,2,9:35,TOR,shot,,,,,,,,,,Chris Bosh,,,,missed,,jump,35,7
Brook Lopez,Chris Douglas-Roberts,Chris Quinn,Kris Humphries,Terrence Williams,Chris Bosh,Jarrett Jack,Marco Belinelli,Rasho Nesterovic,Sonny Weems,2,9:33,NJN,rebound,,,,,,,,,,Chris Douglas-Roberts,,,,,,def,,
Brook Lopez,Chris Douglas-Roberts,Chris Quinn,Kris Humphries,Terrence Williams,Chris Bosh,Jarrett Jack,Marco Belinelli,Rasho Nesterovic,Sonny Weems,2,9:28,NJN,shot,,,,,,,,,,Chris Douglas-Roberts,2,,,made,,pullup jump,22,16
Brook Lopez,Chris Douglas-Roberts,Chris Quinn,Kris Humphries,Terrence Williams,Chris Bosh,Jarrett Jack,Marco Belinelli,Rasho Nesterovic,Sonny Weems,2,9:18,TOR,timeout,,,,,,,,,,,,,,,,regular,,
Brook Lopez,Chris Douglas-Roberts,Chris Quinn,Kris Humphries,Terrence Williams,Antoine Wright,Chris Bosh,Jarrett Jack,Marco Belinelli,Rasho Nesterovic,2,9:18,TOR,sub,,,,Antoine Wright,,Sonny Weems,,,,,,,,,,,,
Brook Lopez,Chris Douglas-Roberts,Chris Quinn,Kris Humphries,Terrence Williams,Antoine Wright,Chris Bosh,Jarrett Jack,Marco Belinelli,Rasho Nesterovic,2,9:09,NJN,foul,,,,,,,,Marco Belinelli,,Brook Lopez,,,,,,shooting,,
Brook Lopez,Chris Douglas-Roberts,Chris Quinn,Kris Humphries,Terrence Williams,Antoine Wright,Chris Bosh,Jarrett Jack,Marco Belinelli,Rasho Nesterovic,2,9:09,TOR,free throw,,,,,,,1,,2,Marco Belinelli,,,foul,made,,,,
Chris Douglas-Roberts,Chris Quinn,Kris Humphries,Terrence Williams,Yi Jianlian,Antoine Wright,Chris Bosh,Jarrett Jack,Marco Belinelli,Rasho Nesterovic,2,9:09,NJN,sub,,,,Yi Jianlian,,Brook Lopez,,,,,,,,,,,,
Chris Douglas-Roberts,Chris Quinn,Kris Humphries,Terrence Williams,Yi Jianlian,Antoine Wright,Chris Bosh,Jarrett Jack,Marco Belinelli,Rasho Nesterovic,2,9:09,TOR,free throw,,,,,,,2,,2,Marco Belinelli,,,foul,made,,,,
Chris Douglas-Roberts,Chris Quinn,Kris Humphries,Terrence Williams,Yi Jianlian,Antoine Wright,Chris Bosh,Jarrett Jack,Marco Belinelli,Rasho Nesterovic,2,8:53,NJN,turnover,,,,,,,,,,Chris Quinn,,,step out of bounds turnover,,,,,
Chris Douglas-Roberts,Chris Quinn,Kris Humphries,Terrence Williams,Yi Jianlian,Antoine Wright,Chris Bosh,Jarrett Jack,Marco Belinelli,Rasho Nesterovic,2,8:36,TOR,shot,,,,,,,,,,Chris Bosh,,,,missed,,jump hook,26,12
Chris Douglas-Roberts,Chris Quinn,Kris Humphries,Terrence Williams,Yi Jianlian,Antoine Wright,Chris Bosh,Jarrett Jack,Marco Belinelli,Rasho Nesterovic,2,8:35,NJN,rebound,,,,,,,,,,Kris Humphries,,,,,,def,,
Chris Douglas-Roberts,Chris Quinn,Kris Humphries,Terrence Williams,Yi Jianlian,Antoine Wright,Chris Bosh,Jarrett Jack,Marco Belinelli,Rasho Nesterovic,2,8:27,NJN,shot,,,,,,,,,,Chris Quinn,3,,,made,,3pt,11,26
Chris Douglas-Roberts,Chris Quinn,Kris Humphries,Terrence Williams,Yi Jianlian,Antoine Wright,Chris Bosh,Jarrett Jack,Marco Belinelli,Rasho Nesterovic,2,8:11,TOR,shot,,,,,,,,,,Rasho Nesterovic,,,,missed,,jump,27,26
Chris Douglas-Roberts,Chris Quinn,Kris Humphries,Terrence Williams,Yi Jianlian,Antoine Wright,Chris Bosh,Jarrett Jack,Marco Belinelli,Rasho Nesterovic,2,8:10,NJN,rebound,,,,,,,,,,Terrence Williams,,,,,,def,,
Chris Douglas-Roberts,Chris Quinn,Kris Humphries,Terrence Williams,Yi Jianlian,Antoine Wright,Chris Bosh,Jarrett Jack,Marco Belinelli,Rasho Nesterovic,2,8:04,NJN,shot,Terrence Williams,,,,,,,,,Yi Jianlian,2,,,made,,layup,27,7
Chris Douglas-Roberts,Chris Quinn,Kris Humphries,Terrence Williams,Yi Jianlian,Antoine Wright,Chris Bosh,Jarrett Jack,Marco Belinelli,Rasho Nesterovic,2,8:04,TOR,foul,,,,,,,,Yi Jianlian,,Rasho Nesterovic,,,,,,shooting,,
Chris Douglas-Roberts,Chris Quinn,Kris Humphries,Terrence Williams,Yi Jianlian,Antoine Wright,Chris Bosh,Jarrett Jack,Marco Belinelli,Rasho Nesterovic,2,8:04,NJN,free throw,,,,,,,1,,1,Yi Jianlian,,,foul,made,,,,
Chris Douglas-Roberts,Chris Quinn,Kris Humphries,Terrence Williams,Yi Jianlian,Antoine Wright,Chris Bosh,Jarrett Jack,Marco Belinelli,Rasho Nesterovic,2,7:52,TOR,shot,,,,,,,,,,Marco Belinelli,,,,missed,,running jump,17,8
Chris Douglas-Roberts,Chris Quinn,Kris Humphries,Terrence Williams,Yi Jianlian,Antoine Wright,Chris Bosh,Jarrett Jack,Marco Belinelli,Rasho Nesterovic,2,7:51,NJN,rebound,,,,,,,,,,Yi Jianlian,,,,,,def,,
Chris Douglas-Roberts,Chris Quinn,Kris Humphries,Terrence Williams,Yi Jianlian,Antoine Wright,Chris Bosh,Jarrett Jack,Marco Belinelli,Rasho Nesterovic,2,7:40,NJN,shot,Chris Douglas-Roberts,,,,,,,,,Kris Humphries,2,,,made,,jump,27,26
Chris Douglas-Roberts,Chris Quinn,Kris Humphries,Terrence Williams,Yi Jianlian,Antoine Wright,Chris Bosh,Jarrett Jack,Marco Belinelli,Rasho Nesterovic,2,7:32,TOR,timeout,,,,,,,,,,,,,,,,short,,
Chris Douglas-Roberts,Chris Quinn,Kris Humphries,Terrence Williams,Yi Jianlian,Antoine Wright,Chris Bosh,Jarrett Jack,Marco Belinelli,Rasho Nesterovic,2,7:13,TOR,turnover,,,,,,,,,,,,,shot clock turnover,,,,,
Chris Douglas-Roberts,Chris Quinn,Kris Humphries,Terrence Williams,Yi Jianlian,Antoine Wright,Chris Bosh,Jarrett Jack,Marco Belinelli,Rasho Nesterovic,2,7:02,TOR,foul,,,,,,,,Chris Douglas-Roberts,,Marco Belinelli,,,,,,personal,,
Chris Douglas-Roberts,Chris Quinn,Kris Humphries,Terrence Williams,Yi Jianlian,Andrea Bargnani,Antoine Wright,Chris Bosh,Jarrett Jack,Marco Belinelli,2,7:02,TOR,sub,,,,Andrea Bargnani,,Rasho Nesterovic,,,,,,,,,,,,
Chris Douglas-Roberts,Chris Quinn,Kris Humphries,Terrence Williams,Yi Jianlian,Andrea Bargnani,Antoine Wright,Chris Bosh,Jarrett Jack,Sonny Weems,2,7:02,TOR,sub,,,,Sonny Weems,,Marco Belinelli,,,,,,,,,,,,
Chris Douglas-Roberts,Chris Quinn,Kris Humphries,Terrence Williams,Yi Jianlian,Andrea Bargnani,Antoine Wright,Chris Bosh,Jarrett Jack,Sonny Weems,2,7:02,NJN,free throw,,,,,,,1,,2,Chris Douglas-Roberts,,,foul,made,,,,
Chris Douglas-Roberts,Chris Quinn,Kris Humphries,Terrence Williams,Yi Jianlian,Andrea Bargnani,Antoine Wright,Chris Bosh,Jarrett Jack,Sonny Weems,2,7:02,NJN,free throw,,,,,,,2,,2,Chris Douglas-Roberts,,,foul,made,,,,
Chris Douglas-Roberts,Chris Quinn,Kris Humphries,Terrence Williams,Yi Jianlian,Andrea Bargnani,Antoine Wright,Chris Bosh,Jarrett Jack,Sonny Weems,2,6:41,TOR,shot,,,,,,,,,,Andrea Bargnani,,,,missed,,pullup jump,34,24
Chris Douglas-Roberts,Chris Quinn,Kris Humphries,Terrence Williams,Yi Jianlian,Andrea Bargnani,Antoine Wright,Chris Bosh,Jarrett Jack,Sonny Weems,2,6:40,NJN,rebound,,,,,,,,,,Kris Humphries,,,,,,def,,
Chris Douglas-Roberts,Chris Quinn,Kris Humphries,Terrence Williams,Yi Jianlian,Andrea Bargnani,Antoine Wright,Chris Bosh,Jarrett Jack,Sonny Weems,2,6:34,NJN,turnover,,,,,,,,,,Terrence Williams,,,bad pass,,,,,
Chris Douglas-Roberts,Chris Quinn,Kris Humphries,Terrence Williams,Yi Jianlian,Andrea Bargnani,Antoine Wright,Chris Bosh,Jarrett Jack,Sonny Weems,2,6:17,NJN,foul,,,,,,,,Antoine Wright,,Kris Humphries,,,,,,shooting,,
Chris Douglas-Roberts,Chris Quinn,Kris Humphries,Terrence Williams,Yi Jianlian,Andrea Bargnani,Antoine Wright,Chris Bosh,Jarrett Jack,Sonny Weems,2,6:17,TOR,free throw,,,,,,,1,,2,Antoine Wright,,,foul,missed,,,,
Chris Douglas-Roberts,Chris Quinn,Kris Humphries,Terrence Williams,Yi Jianlian,Andrea Bargnani,Antoine Wright,Chris Bosh,Jarrett Jack,Sonny Weems,2,6:17,TOR,rebound,,,,,,,,,,,,,,,,,,
Chris Douglas-Roberts,Chris Quinn,Kris Humphries,Terrence Williams,Yi Jianlian,Andrea Bargnani,Antoine Wright,Chris Bosh,Jarrett Jack,Sonny Weems,2,6:17,TOR,free throw,,,,,,,2,,2,Antoine Wright,,,foul,made,,,,
Chris Douglas-Roberts,Chris Quinn,Kris Humphries,Terrence Williams,Yi Jianlian,Andrea Bargnani,Antoine Wright,Chris Bosh,Jarrett Jack,Sonny Weems,2,6:03,NJN,shot,,,,,,,,,,Chris Douglas-Roberts,,,,missed,,jump,10,23
Chris Douglas-Roberts,Chris Quinn,Kris Humphries,Terrence Williams,Yi Jianlian,Andrea Bargnani,Antoine Wright,Chris Bosh,Jarrett Jack,Sonny Weems,2,6:02,TOR,rebound,,,,,,,,,,Chris Bosh,,,,,,def,,
Chris Douglas-Roberts,Chris Quinn,Kris Humphries,Terrence Williams,Yi Jianlian,Andrea Bargnani,Antoine Wright,Chris Bosh,Jarrett Jack,Sonny Weems,2,5:55,TOR,shot,,,,,,,,,,Jarrett Jack,2,,,made,,driving layup,27,7
Chris Douglas-Roberts,Chris Quinn,Kris Humphries,Terrence Williams,Yi Jianlian,Andrea Bargnani,Antoine Wright,Chris Bosh,Jarrett Jack,Sonny Weems,2,5:48,NJN,shot,,,,,,,,,,Terrence Williams,,,,missed,,driving layup,25,6
Chris Douglas-Roberts,Chris Quinn,Kris Humphries,Terrence Williams,Yi Jianlian,Andrea Bargnani,Antoine Wright,Chris Bosh,Jarrett Jack,Sonny Weems,2,5:47,TOR,rebound,,,,,,,,,,Chris Bosh,,,,,,def,,
Chris Douglas-Roberts,Chris Quinn,Kris Humphries,Terrence Williams,Yi Jianlian,Andrea Bargnani,Antoine Wright,Chris Bosh,Jarrett Jack,Sonny Weems,2,5:42,TOR,shot,Jarrett Jack,,,,,,,,,Andrea Bargnani,2,,,made,,running bank,22,7
Chris Douglas-Roberts,Chris Quinn,Kris Humphries,Terrence Williams,Yi Jianlian,Andrea Bargnani,Antoine Wright,Chris Bosh,Jarrett Jack,Sonny Weems,2,5:34,NJN,timeout,,,,,,,,,,,,,,,,regular,,
Brook Lopez,Chris Douglas-Roberts,Chris Quinn,Terrence Williams,Yi Jianlian,Andrea Bargnani,Antoine Wright,Chris Bosh,Jarrett Jack,Sonny Weems,2,5:34,NJN,sub,,,,Brook Lopez,,Kris Humphries,,,,,,,,,,,,
Brook Lopez,Chris Douglas-Roberts,Devin Harris,Terrence Williams,Yi Jianlian,Andrea Bargnani,Antoine Wright,Chris Bosh,Jarrett Jack,Sonny Weems,2,5:34,NJN,sub,,,,Devin Harris,,Chris Quinn,,,,,,,,,,,,
Brook Lopez,Chris Douglas-Roberts,Devin Harris,Terrence Williams,Yi Jianlian,Andrea Bargnani,Antoine Wright,Chris Bosh,Jarrett Jack,Sonny Weems,2,5:29,NJN,shot,,,,,,,,,,Chris Douglas-Roberts,,,,missed,,pullup jump,32,19
Brook Lopez,Chris Douglas-Roberts,Devin Harris,Terrence Williams,Yi Jianlian,Andrea Bargnani,Antoine Wright,Chris Bosh,Jarrett Jack,Sonny Weems,2,5:27,TOR,rebound,,,,,,,,,,Jarrett Jack,,,,,,def,,
Brook Lopez,Chris Douglas-Roberts,Devin Harris,Terrence Williams,Yi Jianlian,Andrea Bargnani,Antoine Wright,Chris Bosh,Jarrett Jack,Sonny Weems,2,5:21,TOR,shot,Jarrett Jack,,,,,,,,,Antoine Wright,2,,,made,,driving layup,24,6
Brook Lopez,Chris Douglas-Roberts,Devin Harris,Terrence Williams,Yi Jianlian,Andrea Bargnani,Antoine Wright,Chris Bosh,Jarrett Jack,Sonny Weems,2,5:09,NJN,shot,Yi Jianlian,,,,,,,,,Terrence Williams,2,,,made,,driving slam dunk,25,6
Brook Lopez,Chris Douglas-Roberts,Devin Harris,Terrence Williams,Yi Jianlian,Andrea Bargnani,Antoine Wright,Chris Bosh,Jarrett Jack,Sonny Weems,2,4:52,TOR,shot,,,,,,,,,,Chris Bosh,2,,,made,,driving layup,23,7
Brook Lopez,Chris Douglas-Roberts,Devin Harris,Terrence Williams,Yi Jianlian,Andrea Bargnani,Antoine Wright,Chris Bosh,Jarrett Jack,Sonny Weems,2,4:34,NJN,shot,,,,,,,,,,Yi Jianlian,,,,missed,,jump,43,6
Brook Lopez,Chris Douglas-Roberts,Devin Harris,Terrence Williams,Yi Jianlian,Andrea Bargnani,Antoine Wright,Chris Bosh,Jarrett Jack,Sonny Weems,2,4:34,NJN,rebound,,,,,,,,,,,,,,,,,,
Brook Lopez,Chris Douglas-Roberts,Devin Harris,Terrence Williams,Yi Jianlian,Andrea Bargnani,Antoine Wright,Chris Bosh,Jarrett Jack,Sonny Weems,2,4:34,TOR,foul,,,,,,,,Brook Lopez,,Andrea Bargnani,,,,,,loose ball,,
Brook Lopez,Chris Douglas-Roberts,Devin Harris,Terrence Williams,Yi Jianlian,Andrea Bargnani,Antoine Wright,Chris Bosh,Jarrett Jack,Sonny Weems,2,4:34,NJN,free throw,,,,,,,1,,2,Brook Lopez,,,foul,made,,,,
Brook Lopez,Chris Douglas-Roberts,Courtney Lee,Devin Harris,Yi Jianlian,Andrea Bargnani,Antoine Wright,Chris Bosh,Jarrett Jack,Sonny Weems,2,4:34,NJN,sub,,,,Courtney Lee,,Terrence Williams,,,,,,,,,,,,
Brook Lopez,Courtney Lee,Devin Harris,Jarvis Hayes,Yi Jianlian,Andrea Bargnani,Antoine Wright,Chris Bosh,Jarrett Jack,Sonny Weems,2,4:34,NJN,sub,,,,Jarvis Hayes,,Chris Douglas-Roberts,,,,,,,,,,,,
Brook Lopez,Courtney Lee,Devin Harris,Jarvis Hayes,Yi Jianlian,Andrea Bargnani,Antoine Wright,Chris Bosh,Jarrett Jack,Sonny Weems,2,4:34,NJN,free throw,,,,,,,2,,2,Brook Lopez,,,foul,made,,,,
Brook Lopez,Courtney Lee,Devin Harris,Jarvis Hayes,Yi Jianlian,Andrea Bargnani,Antoine Wright,Chris Bosh,Jarrett Jack,Sonny Weems,2,4:22,TOR,shot,Jarrett Jack,,,,,,,,,Sonny Weems,2,,,made,,alley oop dunk,25,6
Brook Lopez,Courtney Lee,Devin Harris,Jarvis Hayes,Yi Jianlian,Andrea Bargnani,Antoine Wright,Chris Bosh,Jarrett Jack,Sonny Weems,2,4:06,NJN,turnover,,,,,,,,,,Devin Harris,,,bad pass,,Antoine Wright,,,
Brook Lopez,Courtney Lee,Devin Harris,Jarvis Hayes,Yi Jianlian,Andrea Bargnani,Antoine Wright,Chris Bosh,Jarrett Jack,Sonny Weems,2,4:02,TOR,shot,Chris Bosh,,,,,,,,,Sonny Weems,2,,,made,,driving finger roll layup,26,6
Brook Lopez,Courtney Lee,Devin Harris,Jarvis Hayes,Yi Jianlian,Andrea Bargnani,Antoine Wright,Chris Bosh,Jarrett Jack,Sonny Weems,2,3:36,NJN,shot,,,,,,,,,,Courtney Lee,,,,missed,,3pt,10,28
Brook Lopez,Courtney Lee,Devin Harris,Jarvis Hayes,Yi Jianlian,Andrea Bargnani,Antoine Wright,Chris Bosh,Jarrett Jack,Sonny Weems,2,3:35,TOR,rebound,,,,,,,,,,Chris Bosh,,,,,,def,,
Brook Lopez,Courtney Lee,Devin Harris,Jarvis Hayes,Yi Jianlian,Andrea Bargnani,Antoine Wright,Chris Bosh,Jarrett Jack,Sonny Weems,2,3:30,TOR,shot,Jarrett Jack,,,,,,,,,Andrea Bargnani,2,,,made,,running layup,23,6
Brook Lopez,Courtney Lee,Devin Harris,Jarvis Hayes,Yi Jianlian,Andrea Bargnani,Antoine Wright,Chris Bosh,Jarrett Jack,Sonny Weems,2,3:30,NJN,foul,,,,,,,,Andrea Bargnani,,Courtney Lee,,,,,,shooting,,
Brook Lopez,Courtney Lee,Devin Harris,Jarvis Hayes,Yi Jianlian,Andrea Bargnani,Antoine Wright,Chris Bosh,Jarrett Jack,Sonny Weems,2,3:30,TOR,free throw,,,,,,,1,,1,Andrea Bargnani,,,foul,made,,,,
Brook Lopez,Courtney Lee,Devin Harris,Jarvis Hayes,Yi Jianlian,Andrea Bargnani,Antoine Wright,Chris Bosh,Jarrett Jack,Sonny Weems,2,3:28,NJN,timeout,,,,,,,,,,,,,,,,short,,
Brook Lopez,Courtney Lee,Devin Harris,Jarvis Hayes,Yi Jianlian,Andrea Bargnani,Antoine Wright,Chris Bosh,Jarrett Jack,Sonny Weems,2,3:21,NJN,shot,,,,,,,,,,Devin Harris,,,,missed,,layup,27,7
Brook Lopez,Courtney Lee,Devin Harris,Jarvis Hayes,Yi Jianlian,Andrea Bargnani,Antoine Wright,Chris Bosh,Jarrett Jack,Sonny Weems,2,3:19,NJN,rebound,,,,,,,,,,Devin Harris,,,,,,off,,
Brook Lopez,Courtney Lee,Devin Harris,Jarvis Hayes,Yi Jianlian,Andrea Bargnani,Antoine Wright,Chris Bosh,Jarrett Jack,Sonny Weems,2,3:18,NJN,shot,,,,,,,,,,Devin Harris,,,,missed,,layup,25,6
Brook Lopez,Courtney Lee,Devin Harris,Jarvis Hayes,Yi Jianlian,Andrea Bargnani,Antoine Wright,Chris Bosh,Jarrett Jack,Sonny Weems,2,3:17,NJN,rebound,,,,,,,,,,Brook Lopez,,,,,,off,,
Brook Lopez,Courtney Lee,Devin Harris,Jarvis Hayes,Yi Jianlian,Andrea Bargnani,Antoine Wright,Chris Bosh,Jarrett Jack,Sonny Weems,2,3:16,NJN,shot,,,,,,,,,,Brook Lopez,2,,,made,,layup,25,6
Brook Lopez,Courtney Lee,Devin Harris,Jarvis Hayes,Yi Jianlian,Andrea Bargnani,Antoine Wright,Chris Bosh,Jarrett Jack,Sonny Weems,2,2:57,TOR,shot,Sonny Weems,,,,,,,,,Jarrett Jack,3,,,made,,3pt,2,5
Brook Lopez,Courtney Lee,Devin Harris,Jarvis Hayes,Yi Jianlian,Andrea Bargnani,Antoine Wright,Chris Bosh,Jarrett Jack,Sonny Weems,2,2:48,TOR,foul,,,,,,,,Devin Harris,,Jarrett Jack,,,,,,personal,,
Brook Lopez,Courtney Lee,Devin Harris,Jarvis Hayes,Yi Jianlian,Andrea Bargnani,Antoine Wright,Chris Bosh,Jarrett Jack,Sonny Weems,2,2:48,NJN,timeout,,,,,,,,,,,,,,,,official,,
Brook Lopez,Courtney Lee,Devin Harris,Jarvis Hayes,Yi Jianlian,Andrea Bargnani,Antoine Wright,Chris Bosh,Jarrett Jack,Sonny Weems,2,2:48,NJN,free throw,,,,,,,1,,2,Devin Harris,,,foul,made,,,,
Brook Lopez,Courtney Lee,Devin Harris,Jarvis Hayes,Yi Jianlian,Andrea Bargnani,Antoine Wright,Chris Bosh,Jarrett Jack,Sonny Weems,2,2:48,NJN,free throw,,,,,,,2,,2,Devin Harris,,,foul,missed,,,,
Brook Lopez,Courtney Lee,Devin Harris,Jarvis Hayes,Yi Jianlian,Andrea Bargnani,Antoine Wright,Chris Bosh,Jarrett Jack,Sonny Weems,2,2:47,TOR,rebound,,,,,,,,,,Antoine Wright,,,,,,def,,
Brook Lopez,Courtney Lee,Devin Harris,Jarvis Hayes,Yi Jianlian,Andrea Bargnani,Antoine Wright,Chris Bosh,Jarrett Jack,Sonny Weems,2,2:36,TOR,shot,,,,,,,,,,Andrea Bargnani,,,,missed,,3pt,34,29
Brook Lopez,Courtney Lee,Devin Harris,Jarvis Hayes,Yi Jianlian,Andrea Bargnani,Antoine Wright,Chris Bosh,Jarrett Jack,Sonny Weems,2,2:36,NJN,rebound,,,,,,,,,,Devin Harris,,,,,,def,,
Brook Lopez,Courtney Lee,Devin Harris,Jarvis Hayes,Yi Jianlian,Andrea Bargnani,Antoine Wright,Chris Bosh,Jarrett Jack,Sonny Weems,2,2:31,NJN,shot,Devin Harris,,,,,,,,,Jarvis Hayes,2,,,made,,running layup,23,6
Brook Lopez,Courtney Lee,Devin Harris,Jarvis Hayes,Yi Jianlian,Andrea Bargnani,Antoine Wright,Chris Bosh,Jarrett Jack,Sonny Weems,2,2:18,TOR,shot,,,,,,,,,,Chris Bosh,,,,missed,,driving layup,27,6
Brook Lopez,Courtney Lee,Devin Harris,Jarvis Hayes,Yi Jianlian,Andrea Bargnani,Antoine Wright,Chris Bosh,Jarrett Jack,Sonny Weems,2,2:17,NJN,rebound,,,,,,,,,,Yi Jianlian,,,,,,def,,
Brook Lopez,Courtney Lee,Devin Harris,Jarvis Hayes,Yi Jianlian,Andrea Bargnani,Antoine Wright,Chris Bosh,Jarrett Jack,Sonny Weems,2,2:02,NJN,shot,,,,,,,,,,Yi Jianlian,,,,missed,,driving hook,17,7
Brook Lopez,Courtney Lee,Devin Harris,Jarvis Hayes,Yi Jianlian,Andrea Bargnani,Antoine Wright,Chris Bosh,Jarrett Jack,Sonny Weems,2,2:00,NJN,rebound,,,,,,,,,,Courtney Lee,,,,,,off,,
Brook Lopez,Courtney Lee,Devin Harris,Jarvis Hayes,Yi Jianlian,Andrea Bargnani,Antoine Wright,Chris Bosh,Jarrett Jack,Sonny Weems,2,1:59,NJN,shot,,,,,,,,,,Courtney Lee,,,,missed,,layup,25,6
Brook Lopez,Courtney Lee,Devin Harris,Jarvis Hayes,Yi Jianlian,Andrea Bargnani,Antoine Wright,Chris Bosh,Jarrett Jack,Sonny Weems,2,1:58,TOR,rebound,,,,,,,,,,Chris Bosh,,,,,,def,,
Brook Lopez,Courtney Lee,Devin Harris,Jarvis Hayes,Yi Jianlian,Andrea Bargnani,Antoine Wright,Chris Bosh,Jarrett Jack,Sonny Weems,2,1:53,TOR,shot,,,,,,,,,,Andrea Bargnani,,,,missed,,alley oop layup,25,6
Brook Lopez,Courtney Lee,Devin Harris,Jarvis Hayes,Yi Jianlian,Andrea Bargnani,Antoine Wright,Chris Bosh,Jarrett Jack,Sonny Weems,2,1:51,NJN,rebound,,,,,,,,,,Jarvis Hayes,,,,,,def,,
Courtney Lee,Devin Harris,Jarvis Hayes,Kris Humphries,Yi Jianlian,Andrea Bargnani,Antoine Wright,Chris Bosh,Jarrett Jack,Sonny Weems,2,1:47,NJN,sub,,,,Kris Humphries,,Brook Lopez,,,,,,,,,,,,
Courtney Lee,Devin Harris,Jarvis Hayes,Kris Humphries,Yi Jianlian,Antoine Wright,Chris Bosh,Jarrett Jack,Rasho Nesterovic,Sonny Weems,2,1:47,TOR,sub,,,,Rasho Nesterovic,,Andrea Bargnani,,,,,,,,,,,,
Courtney Lee,Devin Harris,Jarvis Hayes,Kris Humphries,Yi Jianlian,Antoine Wright,Chris Bosh,Jarrett Jack,Rasho Nesterovic,Sonny Weems,2,1:45,TOR,foul,,,,,,,,Devin Harris,,Antoine Wright,,,,,,personal,,
Courtney Lee,Devin Harris,Jarvis Hayes,Kris Humphries,Yi Jianlian,Antoine Wright,Chris Bosh,Jarrett Jack,Rasho Nesterovic,Sonny Weems,2,1:45,NJN,free throw,,,,,,,1,,2,Devin Harris,,,foul,made,,,,
Courtney Lee,Devin Harris,Jarvis Hayes,Kris Humphries,Yi Jianlian,Antoine Wright,Chris Bosh,Jarrett Jack,Rasho Nesterovic,Sonny Weems,2,1:45,NJN,free throw,,,,,,,2,,2,Devin Harris,,,foul,made,,,,
Courtney Lee,Devin Harris,Jarvis Hayes,Kris Humphries,Yi Jianlian,Antoine Wright,Chris Bosh,Jarrett Jack,Rasho Nesterovic,Sonny Weems,2,1:29,TOR,shot,,,,,,,,,,Sonny Weems,2,,,made,,turnaround jump,25,18
Courtney Lee,Devin Harris,Jarvis Hayes,Kris Humphries,Yi Jianlian,Antoine Wright,Chris Bosh,Jarrett Jack,Rasho Nesterovic,Sonny Weems,2,1:08,NJN,turnover,,,,,,,,,,Devin Harris,,,bad pass,,Sonny Weems,,,
Courtney Lee,Devin Harris,Jarvis Hayes,Kris Humphries,Yi Jianlian,Antoine Wright,Chris Bosh,Jarrett Jack,Rasho Nesterovic,Sonny Weems,2,1:04,TOR,shot,Jarrett Jack,,,,,,,,,Sonny Weems,2,,,made,,slam dunk,26,7
Courtney Lee,Devin Harris,Jarvis Hayes,Kris Humphries,Yi Jianlian,Antoine Wright,Chris Bosh,Jarrett Jack,Rasho Nesterovic,Sonny Weems,2,0:46,NJN,shot,,,,,,,,,,Kris Humphries,,,,missed,,pullup jump,34,19
Courtney Lee,Devin Harris,Jarvis Hayes,Kris Humphries,Yi Jianlian,Antoine Wright,Chris Bosh,Jarrett Jack,Rasho Nesterovic,Sonny Weems,2,0:45,TOR,rebound,,,,,,,,,,Antoine Wright,,,,,,def,,
Courtney Lee,Devin Harris,Jarvis Hayes,Kris Humphries,Yi Jianlian,Antoine Wright,Chris Bosh,Jarrett Jack,Rasho Nesterovic,Sonny Weems,2,0:38,NJN,foul,,,,,,,,Jarrett Jack,,Devin Harris,,,,,,shooting,,
Courtney Lee,Devin Harris,Jarvis Hayes,Kris Humphries,Yi Jianlian,Antoine Wright,Chris Bosh,Jarrett Jack,Rasho Nesterovic,Sonny Weems,2,0:38,TOR,free throw,,,,,,,1,,2,Jarrett Jack,,,foul,made,,,,
Courtney Lee,Devin Harris,Jarvis Hayes,Kris Humphries,Yi Jianlian,Antoine Wright,Chris Bosh,Jarrett Jack,Rasho Nesterovic,Sonny Weems,2,0:38,TOR,free throw,,,,,,,2,,2,Jarrett Jack,,,foul,missed,,,,
Courtney Lee,Devin Harris,Jarvis Hayes,Kris Humphries,Yi Jianlian,Antoine Wright,Chris Bosh,Jarrett Jack,Rasho Nesterovic,Sonny Weems,2,0:37,NJN,rebound,,,,,,,,,,Jarvis Hayes,,,,,,def,,
Courtney Lee,Devin Harris,Jarvis Hayes,Kris Humphries,Yi Jianlian,Antoine Wright,Chris Bosh,Jarrett Jack,Rasho Nesterovic,Sonny Weems,2,0:30,NJN,shot,,,,,,,,,,Devin Harris,3,,,made,,3pt,35,30
Courtney Lee,Devin Harris,Jarvis Hayes,Kris Humphries,Yi Jianlian,Antoine Wright,Chris Bosh,Jarrett Jack,Rasho Nesterovic,Sonny Weems,2,0:15,TOR,shot,Jarrett Jack,,,,,,,,,Antoine Wright,3,,,made,,3pt,47,12
Courtney Lee,Devin Harris,Jarvis Hayes,Kris Humphries,Yi Jianlian,Antoine Wright,Chris Bosh,Jarrett Jack,Rasho Nesterovic,Sonny Weems,2,0:01,NJN,foul,,,,,,,,Antoine Wright,,Yi Jianlian,,,,,,offensive,,
Courtney Lee,Devin Harris,Jarvis Hayes,Kris Humphries,Yi Jianlian,Antoine Wright,Chris Bosh,Jarrett Jack,Rasho Nesterovic,Sonny Weems,2,0:01,NJN,turnover,,,,,,,,,,Yi Jianlian,,,foul,,,,,
Courtney Lee,Devin Harris,Jarvis Hayes,Kris Humphries,Yi Jianlian,Antoine Wright,Chris Bosh,Jarrett Jack,Rasho Nesterovic,Sonny Weems,2,0:00,TOR,shot,,,,,,,,,,Antoine Wright,,,,missed,,3pt,43,36
Courtney Lee,Devin Harris,Jarvis Hayes,Kris Humphries,Yi Jianlian,Antoine Wright,Chris Bosh,Jarrett Jack,Rasho Nesterovic,Sonny Weems,2,0:00,TOR,rebound,,,,,,,,,,,,,,,,,,
Brook Lopez,Courtney Lee,Devin Harris,Jarvis Hayes,Yi Jianlian,Andrea Bargnani,Antoine Wright,Chris Bosh,Jarrett Jack,Sonny Weems,3,11:39,TOR,foul,,,,,,,,Brook Lopez,,Sonny Weems,,,,,,personal,,
Brook Lopez,Courtney Lee,Devin Harris,Jarvis Hayes,Yi Jianlian,Andrea Bargnani,Antoine Wright,Chris Bosh,Jarrett Jack,Sonny Weems,3,11:32,NJN,shot,,,,,,,,,,Yi Jianlian,,,,missed,,jump,16,26
Brook Lopez,Courtney Lee,Devin Harris,Jarvis Hayes,Yi Jianlian,Andrea Bargnani,Antoine Wright,Chris Bosh,Jarrett Jack,Sonny Weems,3,11:31,TOR,rebound,,,,,,,,,,Andrea Bargnani,,,,,,def,,
Brook Lopez,Courtney Lee,Devin Harris,Jarvis Hayes,Yi Jianlian,Andrea Bargnani,Antoine Wright,Chris Bosh,Jarrett Jack,Sonny Weems,3,11:24,TOR,shot,,,,,,,,,,Antoine Wright,,,,missed,,jump,38,22
Brook Lopez,Courtney Lee,Devin Harris,Jarvis Hayes,Yi Jianlian,Andrea Bargnani,Antoine Wright,Chris Bosh,Jarrett Jack,Sonny Weems,3,11:23,TOR,rebound,,,,,,,,,,Sonny Weems,,,,,,off,,
Brook Lopez,Courtney Lee,Devin Harris,Jarvis Hayes,Yi Jianlian,Andrea Bargnani,Antoine Wright,Chris Bosh,Jarrett Jack,Sonny Weems,3,11:21,TOR,shot,,,Yi Jianlian,,,,,,,Sonny Weems,,,,missed,,layup,25,6
Brook Lopez,Courtney Lee,Devin Harris,Jarvis Hayes,Yi Jianlian,Andrea Bargnani,Antoine Wright,Chris Bosh,Jarrett Jack,Sonny Weems,3,11:19,TOR,rebound,,,,,,,,,,Sonny Weems,,,,,,off,,
Brook Lopez,Courtney Lee,Devin Harris,Jarvis Hayes,Yi Jianlian,Andrea Bargnani,Antoine Wright,Chris Bosh,Jarrett Jack,Sonny Weems,3,11:17,TOR,shot,Jarrett Jack,,,,,,,,,Andrea Bargnani,3,,,made,,3pt,24,30
Brook Lopez,Courtney Lee,Devin Harris,Jarvis Hayes,Yi Jianlian,Andrea Bargnani,Antoine Wright,Chris Bosh,Jarrett Jack,Sonny Weems,3,10:52,NJN,shot,Yi Jianlian,,,,,,,,,Devin Harris,3,,,made,,3pt,41,24
Brook Lopez,Courtney Lee,Devin Harris,Jarvis Hayes,Yi Jianlian,Andrea Bargnani,Antoine Wright,Chris Bosh,Jarrett Jack,Sonny Weems,3,10:34,TOR,shot,,,,,,,,,,Chris Bosh,,,,missed,,pullup jump,36,11
Brook Lopez,Courtney Lee,Devin Harris,Jarvis Hayes,Yi Jianlian,Andrea Bargnani,Antoine Wright,Chris Bosh,Jarrett Jack,Sonny Weems,3,10:32,NJN,rebound,,,,,,,,,,Jarvis Hayes,,,,,,def,,
Brook Lopez,Courtney Lee,Devin Harris,Jarvis Hayes,Yi Jianlian,Andrea Bargnani,Antoine Wright,Chris Bosh,Jarrett Jack,Sonny Weems,3,10:22,NJN,shot,Courtney Lee,,,,,,,,,Yi Jianlian,2,,,made,,jump,36,20
Brook Lopez,Courtney Lee,Devin Harris,Jarvis Hayes,Yi Jianlian,Andrea Bargnani,Antoine Wright,Chris Bosh,Jarrett Jack,Sonny Weems,3,10:06,TOR,shot,,,,,,,,,,Andrea Bargnani,,,,missed,,pullup jump,22,10
Brook Lopez,Courtney Lee,Devin Harris,Jarvis Hayes,Yi Jianlian,Andrea Bargnani,Antoine Wright,Chris Bosh,Jarrett Jack,Sonny Weems,3,10:05,TOR,rebound,,,,,,,,,,Chris Bosh,,,,,,off,,
Brook Lopez,Courtney Lee,Devin Harris,Jarvis Hayes,Yi Jianlian,Andrea Bargnani,Antoine Wright,Chris Bosh,Jarrett Jack,Sonny Weems,3,10:03,TOR,shot,,,,,,,,,,Chris Bosh,2,,,made,,reverse layup,25,6
Brook Lopez,Courtney Lee,Devin Harris,Jarvis Hayes,Yi Jianlian,Andrea Bargnani,Antoine Wright,Chris Bosh,Jarrett Jack,Sonny Weems,3,9:43,NJN,shot,Brook Lopez,,,,,,,,,Yi Jianlian,2,,,made,,layup,26,8
Brook Lopez,Courtney Lee,Devin Harris,Jarvis Hayes,Yi Jianlian,Andrea Bargnani,Antoine Wright,Chris Bosh,Jarrett Jack,Sonny Weems,3,9:28,TOR,shot,,,,,,,,,,Andrea Bargnani,,,,missed,,jump,25,27
Brook Lopez,Courtney Lee,Devin Harris,Jarvis Hayes,Yi Jianlian,Andrea Bargnani,Antoine Wright,Chris Bosh,Jarrett Jack,Sonny Weems,3,9:27,TOR,rebound,,,,,,,,,,Jarrett Jack,,,,,,off,,
Brook Lopez,Courtney Lee,Devin Harris,Jarvis Hayes,Yi Jianlian,Andrea Bargnani,Antoine Wright,Chris Bosh,Jarrett Jack,Sonny Weems,3,9:13,TOR,shot,Sonny Weems,,,,,,,,,Antoine Wright,3,,,made,,3pt,2,6
Brook Lopez,Courtney Lee,Devin Harris,Jarvis Hayes,Yi Jianlian,Andrea Bargnani,Antoine Wright,Chris Bosh,Jarrett Jack,Sonny Weems,3,8:55,NJN,shot,,,Andrea Bargnani,,,,,,,Brook Lopez,,,,missed,,jump hook,27,12
Brook Lopez,Courtney Lee,Devin Harris,Jarvis Hayes,Yi Jianlian,Andrea Bargnani,Antoine Wright,Chris Bosh,Jarrett Jack,Sonny Weems,3,8:54,TOR,rebound,,,,,,,,,,Sonny Weems,,,,,,def,,
Brook Lopez,Courtney Lee,Devin Harris,Jarvis Hayes,Yi Jianlian,Andrea Bargnani,Antoine Wright,Chris Bosh,Jarrett Jack,Sonny Weems,3,8:46,TOR,turnover,,,,,,,,,,Chris Bosh,,,lost ball,,Devin Harris,,,
Brook Lopez,Courtney Lee,Devin Harris,Jarvis Hayes,Yi Jianlian,Andrea Bargnani,Antoine Wright,Chris Bosh,Jarrett Jack,Sonny Weems,3,8:46,NJN,timeout,,,,,,,,,,,,,,,,short,,
Brook Lopez,Courtney Lee,Devin Harris,Jarvis Hayes,Yi Jianlian,Andrea Bargnani,Antoine Wright,Chris Bosh,Jarrett Jack,Sonny Weems,3,8:33,NJN,shot,Devin Harris,,,,,,,,,Yi Jianlian,2,,,made,,jump,11,23
Brook Lopez,Courtney Lee,Devin Harris,Jarvis Hayes,Yi Jianlian,Andrea Bargnani,Antoine Wright,Chris Bosh,Jarrett Jack,Sonny Weems,3,8:21,TOR,shot,,,,,,,,,,Chris Bosh,,,,missed,,jump,15,20
Brook Lopez,Courtney Lee,Devin Harris,Jarvis Hayes,Yi Jianlian,Andrea Bargnani,Antoine Wright,Chris Bosh,Jarrett Jack,Sonny Weems,3,8:20,NJN,rebound,,,,,,,,,,Jarvis Hayes,,,,,,def,,
Brook Lopez,Courtney Lee,Devin Harris,Jarvis Hayes,Yi Jianlian,Andrea Bargnani,Antoine Wright,Chris Bosh,Jarrett Jack,Sonny Weems,3,8:04,NJN,shot,,,,,,,,,,Jarvis Hayes,,,,missed,,3pt,12,28
Brook Lopez,Courtney Lee,Devin Harris,Jarvis Hayes,Yi Jianlian,Andrea Bargnani,Antoine Wright,Chris Bosh,Jarrett Jack,Sonny Weems,3,8:03,TOR,rebound,,,,,,,,,,,,,,,,,,
Brook Lopez,Courtney Lee,Devin Harris,Jarvis Hayes,Yi Jianlian,Andrea Bargnani,Antoine Wright,Chris Bosh,Jarrett Jack,Sonny Weems,3,7:41,TOR,shot,,,,,,,,,,Chris Bosh,,,,missed,,jump,11,8
Brook Lopez,Courtney Lee,Devin Harris,Jarvis Hayes,Yi Jianlian,Andrea Bargnani,Antoine Wright,Chris Bosh,Jarrett Jack,Sonny Weems,3,7:40,NJN,rebound,,,,,,,,,,Courtney Lee,,,,,,def,,
Brook Lopez,Courtney Lee,Devin Harris,Jarvis Hayes,Yi Jianlian,Andrea Bargnani,Antoine Wright,Chris Bosh,Jarrett Jack,Sonny Weems,3,7:33,NJN,shot,,,,,,,,,,Courtney Lee,2,,,made,,driving layup,23,7
Brook Lopez,Courtney Lee,Devin Harris,Jarvis Hayes,Yi Jianlian,Andrea Bargnani,Antoine Wright,Chris Bosh,Jarrett Jack,Sonny Weems,3,7:08,NJN,foul,,,,,,,,Chris Bosh,,Jarvis Hayes,,,,,,shooting,,
Brook Lopez,Courtney Lee,Devin Harris,Jarvis Hayes,Yi Jianlian,Andrea Bargnani,Antoine Wright,Chris Bosh,Jarrett Jack,Sonny Weems,3,7:08,TOR,free throw,,,,,,,1,,2,Chris Bosh,,,foul,made,,,,
Brook Lopez,Courtney Lee,Devin Harris,Jarvis Hayes,Yi Jianlian,Andrea Bargnani,Antoine Wright,Chris Bosh,Jarrett Jack,Sonny Weems,3,7:08,TOR,free throw,,,,,,,2,,2,Chris Bosh,,,foul,made,,,,
Brook Lopez,Courtney Lee,Devin Harris,Jarvis Hayes,Yi Jianlian,Andrea Bargnani,Antoine Wright,Chris Bosh,Jarrett Jack,Sonny Weems,3,6:56,NJN,shot,Devin Harris,,,,,,,,,Yi Jianlian,2,,,made,,driving layup,22,7
Brook Lopez,Courtney Lee,Devin Harris,Jarvis Hayes,Yi Jianlian,Andrea Bargnani,Antoine Wright,Chris Bosh,Jarrett Jack,Sonny Weems,3,6:33,TOR,shot,,,,,,,,,,Jarrett Jack,3,,,made,,3pt,41,24
Brook Lopez,Courtney Lee,Devin Harris,Jarvis Hayes,Yi Jianlian,Andrea Bargnani,Antoine Wright,Chris Bosh,Jarrett Jack,Sonny Weems,3,6:14,NJN,shot,,,,,,,,,,Devin Harris,,,,missed,,3pt,40,26
Brook Lopez,Courtney Lee,Devin Harris,Jarvis Hayes,Yi Jianlian,Andrea Bargnani,Antoine Wright,Chris Bosh,Jarrett Jack,Sonny Weems,3,6:13,TOR,rebound,,,,,,,,,,Sonny Weems,,,,,,def,,
Brook Lopez,Courtney Lee,Devin Harris,Jarvis Hayes,Yi Jianlian,Andrea Bargnani,Antoine Wright,Chris Bosh,Jarrett Jack,Sonny Weems,3,6:00,TOR,shot,,,,,,,,,,Andrea Bargnani,,,,missed,,floating jump,20,12
Brook Lopez,Courtney Lee,Devin Harris,Jarvis Hayes,Yi Jianlian,Andrea Bargnani,Antoine Wright,Chris Bosh,Jarrett Jack,Sonny Weems,3,5:59,NJN,rebound,,,,,,,,,,Yi Jianlian,,,,,,def,,
Brook Lopez,Courtney Lee,Devin Harris,Jarvis Hayes,Yi Jianlian,Andrea Bargnani,Antoine Wright,Chris Bosh,Jarrett Jack,Sonny Weems,3,5:52,NJN,shot,,,,,,,,,,Courtney Lee,2,,,made,,jump,39,16
Brook Lopez,Courtney Lee,Devin Harris,Jarvis Hayes,Yi Jianlian,Andrea Bargnani,Antoine Wright,Chris Bosh,Jarrett Jack,Sonny Weems,3,5:31,TOR,shot,Jarrett Jack,,,,,,,,,Andrea Bargnani,3,,,made,,3pt,37,28
Brook Lopez,Courtney Lee,Devin Harris,Jarvis Hayes,Yi Jianlian,Andrea Bargnani,Antoine Wright,Chris Bosh,Jarrett Jack,Sonny Weems,3,5:03,NJN,shot,,,,,,,,,,Devin Harris,,,,missed,,driving finger roll layup,26,7
Brook Lopez,Courtney Lee,Devin Harris,Jarvis Hayes,Yi Jianlian,Andrea Bargnani,Antoine Wright,Chris Bosh,Jarrett Jack,Sonny Weems,3,5:01,NJN,rebound,,,,,,,,,,Devin Harris,,,,,,off,,
Brook Lopez,Courtney Lee,Devin Harris,Jarvis Hayes,Yi Jianlian,Andrea Bargnani,Antoine Wright,Chris Bosh,Jarrett Jack,Sonny Weems,3,4:44,NJN,shot,,,Andrea Bargnani,,,,,,,Brook Lopez,,,,missed,,jump,27,12
Brook Lopez,Courtney Lee,Devin Harris,Jarvis Hayes,Yi Jianlian,Andrea Bargnani,Antoine Wright,Chris Bosh,Jarrett Jack,Sonny Weems,3,4:42,NJN,rebound,,,,,,,,,,Yi Jianlian,,,,,,off,,
Brook Lopez,Courtney Lee,Devin Harris,Jarvis Hayes,Yi Jianlian,Andrea Bargnani,Antoine Wright,Chris Bosh,Jarrett Jack,Sonny Weems,3,4:38,NJN,shot,,,,,,,,,,Yi Jianlian,2,,,made,,layup,25,6
Brook Lopez,Courtney Lee,Devin Harris,Jarvis Hayes,Yi Jianlian,Andrea Bargnani,Antoine Wright,Chris Bosh,Jarrett Jack,Sonny Weems,3,4:34,TOR,turnover,,,,,,,,,,Jarrett Jack,,,bad pass,,,,,
Brook Lopez,Courtney Lee,Devin Harris,Jarvis Hayes,Yi Jianlian,Andrea Bargnani,Antoine Wright,Chris Bosh,Jarrett Jack,Sonny Weems,3,4:34,TOR,timeout,,,,,,,,,,,,,,,,regular,,
Courtney Lee,Devin Harris,Jarvis Hayes,Kris Humphries,Yi Jianlian,Andrea Bargnani,Antoine Wright,Chris Bosh,Jarrett Jack,Sonny Weems,3,4:34,NJN,sub,,,,Kris Humphries,,Brook Lopez,,,,,,,,,,,,
Courtney Lee,Devin Harris,Jarvis Hayes,Kris Humphries,Yi Jianlian,Amir Johnson,Andrea Bargnani,Antoine Wright,Jarrett Jack,Sonny Weems,3,4:34,TOR,sub,,,,Amir Johnson,,Chris Bosh,,,,,,,,,,,,
Courtney Lee,Devin Harris,Jarvis Hayes,Kris Humphries,Yi Jianlian,Amir Johnson,Andrea Bargnani,Antoine Wright,Jarrett Jack,Sonny Weems,3,4:23,NJN,shot,,,,,,,,,,Jarvis Hayes,,,,missed,,3pt,13,28
Courtney Lee,Devin Harris,Jarvis Hayes,Kris Humphries,Yi Jianlian,Amir Johnson,Andrea Bargnani,Antoine Wright,Jarrett Jack,Sonny Weems,3,4:22,TOR,rebound,,,,,,,,,,Andrea Bargnani,,,,,,def,,
Courtney Lee,Devin Harris,Jarvis Hayes,Kris Humphries,Yi Jianlian,Amir Johnson,Andrea Bargnani,Antoine Wright,Jarrett Jack,Sonny Weems,3,4:11,NJN,foul,,,,,,,,Andrea Bargnani,,Yi Jianlian,,,,,,shooting,,
Courtney Lee,Devin Harris,Jarvis Hayes,Kris Humphries,Yi Jianlian,Amir Johnson,Andrea Bargnani,Antoine Wright,Jarrett Jack,Sonny Weems,3,4:11,TOR,free throw,,,,,,,1,,2,Andrea Bargnani,,,foul,made,,,,
Courtney Lee,Devin Harris,Jarvis Hayes,Kris Humphries,Terrence Williams,Amir Johnson,Andrea Bargnani,Antoine Wright,Jarrett Jack,Sonny Weems,3,4:11,NJN,sub,,,,Terrence Williams,,Yi Jianlian,,,,,,,,,,,,
Courtney Lee,Devin Harris,Jarvis Hayes,Kris Humphries,Terrence Williams,Amir Johnson,Andrea Bargnani,Antoine Wright,Jarrett Jack,Sonny Weems,3,4:11,TOR,free throw,,,,,,,2,,2,Andrea Bargnani,,,foul,made,,,,
Courtney Lee,Devin Harris,Jarvis Hayes,Kris Humphries,Terrence Williams,Amir Johnson,Andrea Bargnani,Antoine Wright,Jarrett Jack,Sonny Weems,3,3:53,NJN,shot,Terrence Williams,,,,,,,,,Jarvis Hayes,3,,,made,,3pt,41,25
Courtney Lee,Devin Harris,Jarvis Hayes,Kris Humphries,Terrence Williams,Amir Johnson,Andrea Bargnani,Antoine Wright,Jarrett Jack,Sonny Weems,3,3:35,TOR,turnover,,,,,,,,,,Sonny Weems,,,bad pass,,Jarvis Hayes,,,
Courtney Lee,Devin Harris,Jarvis Hayes,Kris Humphries,Terrence Williams,Amir Johnson,Andrea Bargnani,Antoine Wright,Jarrett Jack,Sonny Weems,3,3:32,TOR,foul,,,,,,,,Terrence Williams,,Jarrett Jack,,,,,,personal,,
Courtney Lee,Devin Harris,Jarvis Hayes,Kris Humphries,Terrence Williams,Amir Johnson,Andrea Bargnani,Antoine Wright,Jarrett Jack,Marco Belinelli,3,3:32,TOR,sub,,,,Marco Belinelli,,Sonny Weems,,,,,,,,,,,,
Courtney Lee,Devin Harris,Jarvis Hayes,Kris Humphries,Terrence Williams,Amir Johnson,Andrea Bargnani,Antoine Wright,Jarrett Jack,Marco Belinelli,3,3:21,NJN,shot,,,,,,,,,,Kris Humphries,,,,missed,,jump,23,24
Courtney Lee,Devin Harris,Jarvis Hayes,Kris Humphries,Terrence Williams,Amir Johnson,Andrea Bargnani,Antoine Wright,Jarrett Jack,Marco Belinelli,3,3:20,TOR,rebound,,,,,,,,,,Antoine Wright,,,,,,def,,
Courtney Lee,Devin Harris,Jarvis Hayes,Kris Humphries,Terrence Williams,Amir Johnson,Andrea Bargnani,Antoine Wright,Jarrett Jack,Marco Belinelli,3,3:08,NJN,foul,,,,,,,,Amir Johnson,,Devin Harris,,,,,,personal,,
Chris Douglas-Roberts,Devin Harris,Jarvis Hayes,Kris Humphries,Terrence Williams,Amir Johnson,Andrea Bargnani,Antoine Wright,Jarrett Jack,Marco Belinelli,3,3:08,NJN,sub,,,,Chris Douglas-Roberts,,Courtney Lee,,,,,,,,,,,,
Chris Douglas-Roberts,Devin Harris,Jarvis Hayes,Kris Humphries,Terrence Williams,Amir Johnson,Andrea Bargnani,Antoine Wright,Jarrett Jack,Marco Belinelli,3,2:54,TOR,shot,,,,,,,,,,Andrea Bargnani,,,,missed,,driving hook,23,11
Chris Douglas-Roberts,Devin Harris,Jarvis Hayes,Kris Humphries,Terrence Williams,Amir Johnson,Andrea Bargnani,Antoine Wright,Jarrett Jack,Marco Belinelli,3,2:52,TOR,rebound,,,,,,,,,,Amir Johnson,,,,,,off,,
Chris Douglas-Roberts,Devin Harris,Jarvis Hayes,Kris Humphries,Terrence Williams,Amir Johnson,Andrea Bargnani,Antoine Wright,Jarrett Jack,Marco Belinelli,3,2:51,TOR,shot,,,,,,,,,,Amir Johnson,2,,,made,,tip,25,6
Chris Douglas-Roberts,Devin Harris,Jarvis Hayes,Kris Humphries,Terrence Williams,Amir Johnson,Andrea Bargnani,Antoine Wright,Jarrett Jack,Marco Belinelli,3,2:36,NJN,shot,,,,,,,,,,Chris Douglas-Roberts,2,,,made,,driving layup,24,7
Chris Douglas-Roberts,Devin Harris,Jarvis Hayes,Kris Humphries,Terrence Williams,Amir Johnson,Andrea Bargnani,Antoine Wright,Jarrett Jack,Marco Belinelli,3,2:18,NJN,foul,,,,,,,,Andrea Bargnani,,Terrence Williams,,,,,,shooting,,
Chris Douglas-Roberts,Devin Harris,Jarvis Hayes,Kris Humphries,Terrence Williams,Amir Johnson,Andrea Bargnani,Antoine Wright,Jarrett Jack,Marco Belinelli,3,2:18,NJN,timeout,,,,,,,,,,,,,,,,regular,,
Chris Douglas-Roberts,Devin Harris,Jarvis Hayes,Kris Humphries,Terrence Williams,Amir Johnson,Andrea Bargnani,Antoine Wright,Jarrett Jack,Marco Belinelli,3,2:18,TOR,free throw,,,,,,,1,,2,Andrea Bargnani,,,foul,made,,,,
Chris Douglas-Roberts,Devin Harris,Jarvis Hayes,Kris Humphries,Terrence Williams,Amir Johnson,Andrea Bargnani,Antoine Wright,Jarrett Jack,Marco Belinelli,3,2:18,TOR,free throw,,,,,,,2,,2,Andrea Bargnani,,,foul,missed,,,,
Chris Douglas-Roberts,Devin Harris,Jarvis Hayes,Kris Humphries,Terrence Williams,Amir Johnson,Andrea Bargnani,Antoine Wright,Jarrett Jack,Marco Belinelli,3,2:17,NJN,rebound,,,,,,,,,,Kris Humphries,,,,,,def,,
Chris Douglas-Roberts,Devin Harris,Jarvis Hayes,Kris Humphries,Terrence Williams,Amir Johnson,Andrea Bargnani,Antoine Wright,Jarrett Jack,Marco Belinelli,3,1:57,NJN,shot,,,,,,,,,,Chris Douglas-Roberts,,,,missed,,driving layup,26,7
Chris Douglas-Roberts,Devin Harris,Jarvis Hayes,Kris Humphries,Terrence Williams,Amir Johnson,Andrea Bargnani,Antoine Wright,Jarrett Jack,Marco Belinelli,3,1:56,TOR,rebound,,,,,,,,,,Antoine Wright,,,,,,def,,
Chris Douglas-Roberts,Devin Harris,Jarvis Hayes,Kris Humphries,Terrence Williams,Amir Johnson,Andrea Bargnani,Antoine Wright,Jarrett Jack,Marco Belinelli,3,1:48,TOR,shot,,,,,,,,,,Andrea Bargnani,,,,missed,,jump,25,23
Chris Douglas-Roberts,Devin Harris,Jarvis Hayes,Kris Humphries,Terrence Williams,Amir Johnson,Andrea Bargnani,Antoine Wright,Jarrett Jack,Marco Belinelli,3,1:47,NJN,rebound,,,,,,,,,,Kris Humphries,,,,,,def,,
Chris Douglas-Roberts,Devin Harris,Jarvis Hayes,Kris Humphries,Terrence Williams,Amir Johnson,Andrea Bargnani,Antoine Wright,Jarrett Jack,Marco Belinelli,3,1:29,NJN,shot,,,Andrea Bargnani,,,,,,,Kris Humphries,,,,missed,,turnaround hook,32,12
Chris Douglas-Roberts,Devin Harris,Jarvis Hayes,Kris Humphries,Terrence Williams,Amir Johnson,Andrea Bargnani,Antoine Wright,Jarrett Jack,Marco Belinelli,3,1:27,NJN,rebound,,,,,,,,,,,,,,,,,,
Chris Douglas-Roberts,Chris Quinn,Jarvis Hayes,Kris Humphries,Terrence Williams,Amir Johnson,Andrea Bargnani,Antoine Wright,Jarrett Jack,Marco Belinelli,3,1:27,NJN,sub,,,,Chris Quinn,,Devin Harris,,,,,,,,,,,,
Chris Douglas-Roberts,Chris Quinn,Jarvis Hayes,Kris Humphries,Terrence Williams,Amir Johnson,Andrea Bargnani,Antoine Wright,Jarrett Jack,Marco Belinelli,3,1:23,NJN,shot,,,,,,,,,,Jarvis Hayes,,,,missed,,3pt,39,27
Chris Douglas-Roberts,Chris Quinn,Jarvis Hayes,Kris Humphries,Terrence Williams,Amir Johnson,Andrea Bargnani,Antoine Wright,Jarrett Jack,Marco Belinelli,3,1:22,TOR,rebound,,,,,,,,,,Jarrett Jack,,,,,,def,,
Chris Douglas-Roberts,Chris Quinn,Jarvis Hayes,Kris Humphries,Terrence Williams,Amir Johnson,Andrea Bargnani,Antoine Wright,Jarrett Jack,Marco Belinelli,3,1:18,NJN,foul,,,,,,,,Jarrett Jack,,Terrence Williams,,,,,,shooting,,
Chris Douglas-Roberts,Chris Quinn,Jarvis Hayes,Kris Humphries,Terrence Williams,Amir Johnson,Andrea Bargnani,Antoine Wright,Jarrett Jack,Marco Belinelli,3,1:18,TOR,free throw,,,,,,,1,,2,Jarrett Jack,,,foul,made,,,,
Chris Douglas-Roberts,Chris Quinn,Jarvis Hayes,Kris Humphries,Terrence Williams,Amir Johnson,Andrea Bargnani,Antoine Wright,Jarrett Jack,Marco Belinelli,3,1:18,TOR,free throw,,,,,,,2,,2,Jarrett Jack,,,foul,missed,,,,
Chris Douglas-Roberts,Chris Quinn,Jarvis Hayes,Kris Humphries,Terrence Williams,Amir Johnson,Andrea Bargnani,Antoine Wright,Jarrett Jack,Marco Belinelli,3,1:18,NJN,rebound,,,,,,,,,,Chris Douglas-Roberts,,,,,,def,,
Chris Douglas-Roberts,Chris Quinn,Jarvis Hayes,Kris Humphries,Terrence Williams,Amir Johnson,Andrea Bargnani,Antoine Wright,Jarrett Jack,Marco Belinelli,3,0:55,NJN,shot,,,,,,,,,,Terrence Williams,,,,missed,,jump,32,25
Chris Douglas-Roberts,Chris Quinn,Jarvis Hayes,Kris Humphries,Terrence Williams,Amir Johnson,Andrea Bargnani,Antoine Wright,Jarrett Jack,Marco Belinelli,3,0:54,NJN,rebound,,,,,,,,,,Chris Douglas-Roberts,,,,,,off,,
Chris Douglas-Roberts,Chris Quinn,Jarvis Hayes,Kris Humphries,Terrence Williams,Amir Johnson,Andrea Bargnani,Antoine Wright,Jarrett Jack,Marco Belinelli,3,0:50,NJN,turnover,,,,,,,,,,Chris Quinn,,,bad pass,,Marco Belinelli,,,
Chris Douglas-Roberts,Chris Quinn,Jarvis Hayes,Kris Humphries,Terrence Williams,Amir Johnson,Andrea Bargnani,Antoine Wright,Jarrett Jack,Marco Belinelli,3,0:46,NJN,foul,,,,,,,,Amir Johnson,,Kris Humphries,,,,,,shooting,,
Chris Douglas-Roberts,Chris Quinn,Jarvis Hayes,Kris Humphries,Terrence Williams,Amir Johnson,Andrea Bargnani,Antoine Wright,Jarrett Jack,Marco Belinelli,3,0:46,TOR,free throw,,,,,,,1,,2,Amir Johnson,,,foul,made,,,,
Chris Douglas-Roberts,Chris Quinn,Jarvis Hayes,Kris Humphries,Terrence Williams,Amir Johnson,Andrea Bargnani,Antoine Wright,Marco Belinelli,Marcus Banks,3,0:46,TOR,sub,,,,Marcus Banks,,Jarrett Jack,,,,,,,,,,,,
Chris Douglas-Roberts,Chris Quinn,Jarvis Hayes,Kris Humphries,Terrence Williams,Amir Johnson,Andrea Bargnani,Antoine Wright,Marco Belinelli,Marcus Banks,3,0:46,TOR,free throw,,,,,,,2,,2,Amir Johnson,,,foul,made,,,,
Chris Douglas-Roberts,Chris Quinn,Jarvis Hayes,Kris Humphries,Terrence Williams,Amir Johnson,Andrea Bargnani,Antoine Wright,Marco Belinelli,Marcus Banks,3,0:24,NJN,shot,,,,,,,,,,Kris Humphries,,,,missed,,turnaround jump,35,10
Chris Douglas-Roberts,Chris Quinn,Jarvis Hayes,Kris Humphries,Terrence Williams,Amir Johnson,Andrea Bargnani,Antoine Wright,Marco Belinelli,Marcus Banks,3,0:23,TOR,rebound,,,,,,,,,,Amir Johnson,,,,,,def,,
Chris Douglas-Roberts,Chris Quinn,Jarvis Hayes,Kris Humphries,Terrence Williams,Amir Johnson,Andrea Bargnani,Antoine Wright,Marco Belinelli,Marcus Banks,3,0:02,NJN,foul,,,,,,,,Marcus Banks,,Jarvis Hayes,,,,,,shooting,,
Chris Douglas-Roberts,Chris Quinn,Jarvis Hayes,Kris Humphries,Terrence Williams,Amir Johnson,Andrea Bargnani,Antoine Wright,Marco Belinelli,Marcus Banks,3,0:02,TOR,free throw,,,,,,,1,,2,Marcus Banks,,,foul,made,,,,
Chris Douglas-Roberts,Chris Quinn,Jarvis Hayes,Kris Humphries,Terrence Williams,Amir Johnson,Antoine Wright,Marco Belinelli,Marcus Banks,Sonny Weems,3,0:02,TOR,sub,,,,Sonny Weems,,Andrea Bargnani,,,,,,,,,,,,
Chris Douglas-Roberts,Chris Quinn,Jarvis Hayes,Kris Humphries,Terrence Williams,Amir Johnson,Antoine Wright,Marco Belinelli,Marcus Banks,Sonny Weems,3,0:02,TOR,free throw,,,,,,,2,,2,Marcus Banks,,,foul,made,,,,
Brook Lopez,Chris Douglas-Roberts,Chris Quinn,Kris Humphries,Terrence Williams,Amir Johnson,Chris Bosh,Marco Belinelli,Marcus Banks,Sonny Weems,4,11:45,TOR,shot,,,,,,,,,,Chris Bosh,,,,missed,,jump,15,20
Brook Lopez,Chris Douglas-Roberts,Chris Quinn,Kris Humphries,Terrence Williams,Amir Johnson,Chris Bosh,Marco Belinelli,Marcus Banks,Sonny Weems,4,11:44,NJN,rebound,,,,,,,,,,Terrence Williams,,,,,,def,,
Brook Lopez,Chris Douglas-Roberts,Chris Quinn,Kris Humphries,Terrence Williams,Amir Johnson,Chris Bosh,Marco Belinelli,Marcus Banks,Sonny Weems,4,11:32,TOR,foul,,,,,,,,Kris Humphries,,Amir Johnson,,,,,,shooting,,
Brook Lopez,Chris Douglas-Roberts,Chris Quinn,Kris Humphries,Terrence Williams,Amir Johnson,Chris Bosh,Marco Belinelli,Marcus Banks,Sonny Weems,4,11:32,NJN,free throw,,,,,,,1,,2,Kris Humphries,,,foul,missed,,,,
Brook Lopez,Chris Douglas-Roberts,Chris Quinn,Kris Humphries,Terrence Williams,Amir Johnson,Chris Bosh,Marco Belinelli,Marcus Banks,Sonny Weems,4,11:32,NJN,rebound,,,,,,,,,,,,,,,,,,
Brook Lopez,Chris Douglas-Roberts,Chris Quinn,Kris Humphries,Terrence Williams,Amir Johnson,Chris Bosh,Marco Belinelli,Marcus Banks,Sonny Weems,4,11:32,NJN,free throw,,,,,,,2,,2,Kris Humphries,,,foul,made,,,,
Brook Lopez,Chris Douglas-Roberts,Chris Quinn,Kris Humphries,Terrence Williams,Amir Johnson,Chris Bosh,Marco Belinelli,Marcus Banks,Sonny Weems,4,11:08,TOR,shot,,,,,,,,,,Chris Bosh,2,,,made,,turnaround fade away,12,7
Brook Lopez,Chris Douglas-Roberts,Chris Quinn,Kris Humphries,Terrence Williams,Amir Johnson,Chris Bosh,Marco Belinelli,Marcus Banks,Sonny Weems,4,10:45,NJN,shot,,,,,,,,,,Chris Quinn,,,,missed,,jump,43,18
Brook Lopez,Chris Douglas-Roberts,Chris Quinn,Kris Humphries,Terrence Williams,Amir Johnson,Chris Bosh,Marco Belinelli,Marcus Banks,Sonny Weems,4,10:45,NJN,rebound,,,,,,,,,,Kris Humphries,,,,,,off,,
Brook Lopez,Chris Douglas-Roberts,Chris Quinn,Kris Humphries,Terrence Williams,Amir Johnson,Chris Bosh,Marco Belinelli,Marcus Banks,Sonny Weems,4,10:40,NJN,turnover,,,,,,,,,,Kris Humphries,,,poss lost ball turnover,,,,,
Brook Lopez,Chris Douglas-Roberts,Chris Quinn,Kris Humphries,Terrence Williams,Amir Johnson,Chris Bosh,Marco Belinelli,Marcus Banks,Sonny Weems,4,10:20,TOR,shot,,,,,,,,,,Chris Bosh,2,,,made,,driving layup,25,8
Brook Lopez,Chris Douglas-Roberts,Chris Quinn,Kris Humphries,Terrence Williams,Amir Johnson,Chris Bosh,Marco Belinelli,Marcus Banks,Sonny Weems,4,10:08,NJN,shot,,,,,,,,,,Terrence Williams,,,,missed,,jump,31,20
Brook Lopez,Chris Douglas-Roberts,Chris Quinn,Kris Humphries,Terrence Williams,Amir Johnson,Chris Bosh,Marco Belinelli,Marcus Banks,Sonny Weems,4,10:07,TOR,rebound,,,,,,,,,,Marco Belinelli,,,,,,def,,
Brook Lopez,Chris Douglas-Roberts,Chris Quinn,Kris Humphries,Terrence Williams,Amir Johnson,Chris Bosh,Marco Belinelli,Marcus Banks,Sonny Weems,4,10:02,TOR,shot,,,,,,,,,,Sonny Weems,,,,missed,,alley oop dunk,25,6
Brook Lopez,Chris Douglas-Roberts,Chris Quinn,Kris Humphries,Terrence Williams,Amir Johnson,Chris Bosh,Marco Belinelli,Marcus Banks,Sonny Weems,4,10:00,NJN,rebound,,,,,,,,,,Kris Humphries,,,,,,def,,
Brook Lopez,Chris Douglas-Roberts,Chris Quinn,Kris Humphries,Terrence Williams,Amir Johnson,Chris Bosh,Marco Belinelli,Marcus Banks,Sonny Weems,4,9:44,NJN,turnover,,,,,,,,,,Terrence Williams,,,lost ball,,Amir Johnson,,,
Brook Lopez,Chris Douglas-Roberts,Chris Quinn,Kris Humphries,Terrence Williams,Amir Johnson,Chris Bosh,Marco Belinelli,Marcus Banks,Sonny Weems,4,9:38,TOR,shot,Sonny Weems,,,,,,,,,Marcus Banks,2,,,made,,running layup,23,6
Brook Lopez,Chris Douglas-Roberts,Chris Quinn,Kris Humphries,Terrence Williams,Amir Johnson,Chris Bosh,Marco Belinelli,Marcus Banks,Sonny Weems,4,9:35,NJN,timeout,,,,,,,,,,,,,,,,regular,,
Brook Lopez,Chris Douglas-Roberts,Chris Quinn,Courtney Lee,Kris Humphries,Amir Johnson,Chris Bosh,Marco Belinelli,Marcus Banks,Sonny Weems,4,9:35,NJN,sub,,,,Courtney Lee,,Terrence Williams,,,,,,,,,,,,
Brook Lopez,Chris Douglas-Roberts,Courtney Lee,Devin Harris,Kris Humphries,Amir Johnson,Chris Bosh,Marco Belinelli,Marcus Banks,Sonny Weems,4,9:35,NJN,sub,,,,Devin Harris,,Chris Quinn,,,,,,,,,,,,
Brook Lopez,Chris Douglas-Roberts,Courtney Lee,Devin Harris,Kris Humphries,Amir Johnson,Chris Bosh,Marco Belinelli,Marcus Banks,Sonny Weems,4,9:20,NJN,shot,,,,,,,,,,Devin Harris,2,,,made,,driving layup,26,7
Brook Lopez,Chris Douglas-Roberts,Courtney Lee,Devin Harris,Kris Humphries,Amir Johnson,Chris Bosh,Marco Belinelli,Marcus Banks,Sonny Weems,4,9:01,TOR,turnover,,,,,,,,,,Chris Bosh,,,traveling,,,,,
Brook Lopez,Chris Douglas-Roberts,Courtney Lee,Devin Harris,Kris Humphries,Amir Johnson,Chris Bosh,Marco Belinelli,Marcus Banks,Sonny Weems,4,8:49,NJN,turnover,,,,,,,,,,Devin Harris,,,bad pass,,Amir Johnson,,,
Brook Lopez,Chris Douglas-Roberts,Courtney Lee,Devin Harris,Kris Humphries,Amir Johnson,Chris Bosh,Marco Belinelli,Marcus Banks,Sonny Weems,4,8:36,TOR,shot,,,,,,,,,,Marco Belinelli,,,,missed,,3pt,31,30
Brook Lopez,Chris Douglas-Roberts,Courtney Lee,Devin Harris,Kris Humphries,Amir Johnson,Chris Bosh,Marco Belinelli,Marcus Banks,Sonny Weems,4,8:35,NJN,rebound,,,,,,,,,,,,,,,,,,
Brook Lopez,Courtney Lee,Devin Harris,Jarvis Hayes,Kris Humphries,Amir Johnson,Chris Bosh,Marco Belinelli,Marcus Banks,Sonny Weems,4,8:35,NJN,sub,,,,Jarvis Hayes,,Chris Douglas-Roberts,,,,,,,,,,,,
Brook Lopez,Courtney Lee,Devin Harris,Jarvis Hayes,Kris Humphries,Amir Johnson,Chris Bosh,Marco Belinelli,Marcus Banks,Sonny Weems,4,8:20,NJN,shot,,,,,,,,,,Jarvis Hayes,,,,missed,,3pt,2,6
Brook Lopez,Courtney Lee,Devin Harris,Jarvis Hayes,Kris Humphries,Amir Johnson,Chris Bosh,Marco Belinelli,Marcus Banks,Sonny Weems,4,8:19,TOR,rebound,,,,,,,,,,Amir Johnson,,,,,,def,,
Brook Lopez,Courtney Lee,Devin Harris,Jarvis Hayes,Kris Humphries,Amir Johnson,Chris Bosh,Marco Belinelli,Marcus Banks,Sonny Weems,4,8:15,TOR,shot,Marcus Banks,,,,,,,,,Sonny Weems,2,,,made,,running slam dunk,25,7
Brook Lopez,Courtney Lee,Devin Harris,Jarvis Hayes,Kris Humphries,Amir Johnson,Chris Bosh,Marco Belinelli,Marcus Banks,Sonny Weems,4,7:59,NJN,shot,Devin Harris,,,,,,,,,Brook Lopez,2,,,made,,alley oop dunk,26,7
Brook Lopez,Courtney Lee,Devin Harris,Jarvis Hayes,Kris Humphries,Amir Johnson,Chris Bosh,Marco Belinelli,Marcus Banks,Sonny Weems,4,7:39,NJN,foul,,,,,,,,Chris Bosh,,Kris Humphries,,,,,,shooting,,
Brook Lopez,Courtney Lee,Devin Harris,Jarvis Hayes,Kris Humphries,Amir Johnson,Chris Bosh,Jarrett Jack,Marco Belinelli,Sonny Weems,4,7:39,TOR,sub,,,,Jarrett Jack,,Marcus Banks,,,,,,,,,,,,
Brook Lopez,Courtney Lee,Devin Harris,Jarvis Hayes,Yi Jianlian,Amir Johnson,Chris Bosh,Jarrett Jack,Marco Belinelli,Sonny Weems,4,7:39,NJN,sub,,,,Yi Jianlian,,Kris Humphries,,,,,,,,,,,,
Brook Lopez,Courtney Lee,Devin Harris,Jarvis Hayes,Yi Jianlian,Amir Johnson,Chris Bosh,Jarrett Jack,Marco Belinelli,Sonny Weems,4,7:39,TOR,free throw,,,,,,,1,,2,Chris Bosh,,,foul,made,,,,
Brook Lopez,Courtney Lee,Devin Harris,Jarvis Hayes,Yi Jianlian,Amir Johnson,Chris Bosh,Jarrett Jack,Marco Belinelli,Sonny Weems,4,7:39,TOR,free throw,,,,,,,2,,2,Chris Bosh,,,foul,made,,,,
Brook Lopez,Courtney Lee,Devin Harris,Jarvis Hayes,Yi Jianlian,Amir Johnson,Chris Bosh,Jarrett Jack,Marco Belinelli,Sonny Weems,4,7:24,NJN,shot,,,,,,,,,,Yi Jianlian,,,,missed,,jump,34,25
Brook Lopez,Courtney Lee,Devin Harris,Jarvis Hayes,Yi Jianlian,Amir Johnson,Chris Bosh,Jarrett Jack,Marco Belinelli,Sonny Weems,4,7:23,TOR,rebound,,,,,,,,,,,,,,,,,,
Brook Lopez,Courtney Lee,Devin Harris,Jarvis Hayes,Yi Jianlian,Amir Johnson,Chris Bosh,Jarrett Jack,Marco Belinelli,Sonny Weems,4,7:14,NJN,foul,,,,,,,,Marco Belinelli,,Brook Lopez,,,,,,shooting,,
Brook Lopez,Courtney Lee,Devin Harris,Jarvis Hayes,Yi Jianlian,Amir Johnson,Chris Bosh,Jarrett Jack,Marco Belinelli,Sonny Weems,4,7:14,TOR,free throw,,,,,,,1,,2,Marco Belinelli,,,foul,missed,,,,
Brook Lopez,Courtney Lee,Devin Harris,Jarvis Hayes,Yi Jianlian,Amir Johnson,Chris Bosh,Jarrett Jack,Marco Belinelli,Sonny Weems,4,7:14,TOR,rebound,,,,,,,,,,,,,,,,,,
Brook Lopez,Courtney Lee,Devin Harris,Jarvis Hayes,Yi Jianlian,Amir Johnson,Chris Bosh,Jarrett Jack,Marco Belinelli,Sonny Weems,4,7:14,TOR,free throw,,,,,,,2,,2,Marco Belinelli,,,foul,made,,,,
Brook Lopez,Courtney Lee,Devin Harris,Jarvis Hayes,Yi Jianlian,Amir Johnson,Chris Bosh,Jarrett Jack,Marco Belinelli,Sonny Weems,4,6:54,NJN,shot,,,,,,,,,,Devin Harris,2,,,made,,running jump,24,13
Brook Lopez,Courtney Lee,Devin Harris,Jarvis Hayes,Yi Jianlian,Amir Johnson,Chris Bosh,Jarrett Jack,Marco Belinelli,Sonny Weems,4,6:33,TOR,shot,Chris Bosh,,,,,,,,,Marco Belinelli,3,,,made,,3pt,20,30
Brook Lopez,Courtney Lee,Devin Harris,Jarvis Hayes,Yi Jianlian,Amir Johnson,Chris Bosh,Jarrett Jack,Marco Belinelli,Sonny Weems,4,6:15,NJN,shot,Devin Harris,,,,,,,,,Courtney Lee,3,,,made,,3pt,36,28
Brook Lopez,Courtney Lee,Devin Harris,Jarvis Hayes,Yi Jianlian,Amir Johnson,Chris Bosh,Jarrett Jack,Marco Belinelli,Sonny Weems,4,6:02,TOR,turnover,,,,,,,,,,Sonny Weems,,,out of bounds lost ball turnover,,,,,
Brook Lopez,Courtney Lee,Devin Harris,Jarvis Hayes,Yi Jianlian,Amir Johnson,Chris Bosh,Jarrett Jack,Marco Belinelli,Sonny Weems,4,5:44,NJN,shot,Devin Harris,,,,,,,,,Jarvis Hayes,2,,,made,,jump,45,10
Brook Lopez,Courtney Lee,Devin Harris,Jarvis Hayes,Yi Jianlian,Amir Johnson,Chris Bosh,Jarrett Jack,Marco Belinelli,Sonny Weems,4,5:23,TOR,shot,Chris Bosh,,,,,,,,,Jarrett Jack,3,,,made,,3pt,33,29
Brook Lopez,Courtney Lee,Devin Harris,Jarvis Hayes,Yi Jianlian,Amir Johnson,Chris Bosh,Jarrett Jack,Marco Belinelli,Sonny Weems,4,5:01,NJN,shot,,,,,,,,,,Courtney Lee,,,,missed,,jump,24,25
Brook Lopez,Courtney Lee,Devin Harris,Jarvis Hayes,Yi Jianlian,Amir Johnson,Chris Bosh,Jarrett Jack,Marco Belinelli,Sonny Weems,4,5:00,NJN,rebound,,,,,,,,,,,,,,,,,,
Brook Lopez,Courtney Lee,Devin Harris,Jarvis Hayes,Yi Jianlian,Amir Johnson,Chris Bosh,Jarrett Jack,Marco Belinelli,Sonny Weems,4,4:58,NJN,timeout,,,,,,,,,,,,,,,,official,,
Brook Lopez,Courtney Lee,Devin Harris,Jarvis Hayes,Yi Jianlian,Amir Johnson,Antoine Wright,Chris Bosh,Jarrett Jack,Sonny Weems,4,4:58,TOR,sub,,,,Antoine Wright,,Marco Belinelli,,,,,,,,,,,,
Brook Lopez,Courtney Lee,Devin Harris,Jarvis Hayes,Yi Jianlian,Amir Johnson,Antoine Wright,Chris Bosh,Jarrett Jack,Sonny Weems,4,4:46,NJN,shot,,,,,,,,,,Courtney Lee,,,,missed,,3pt,18,30
Brook Lopez,Courtney Lee,Devin Harris,Jarvis Hayes,Yi Jianlian,Amir Johnson,Antoine Wright,Chris Bosh,Jarrett Jack,Sonny Weems,4,4:43,NJN,rebound,,,,,,,,,,Courtney Lee,,,,,,off,,
Brook Lopez,Courtney Lee,Devin Harris,Jarvis Hayes,Yi Jianlian,Amir Johnson,Antoine Wright,Chris Bosh,Jarrett Jack,Sonny Weems,4,4:42,NJN,shot,,,,,,,,,,Courtney Lee,2,,,made,,jump bank,11,12
Brook Lopez,Courtney Lee,Devin Harris,Jarvis Hayes,Yi Jianlian,Amir Johnson,Antoine Wright,Chris Bosh,Jarrett Jack,Sonny Weems,4,4:24,TOR,shot,Jarrett Jack,,,,,,,,,Chris Bosh,2,,,made,,jump,23,22
Brook Lopez,Courtney Lee,Devin Harris,Jarvis Hayes,Yi Jianlian,Amir Johnson,Antoine Wright,Chris Bosh,Jarrett Jack,Sonny Weems,4,4:06,TOR,foul,,,,,,,,Yi Jianlian,,Sonny Weems,,,,,,personal,,
Brook Lopez,Courtney Lee,Devin Harris,Jarvis Hayes,Yi Jianlian,Andrea Bargnani,Antoine Wright,Chris Bosh,Jarrett Jack,Sonny Weems,4,4:06,TOR,sub,,,,Andrea Bargnani,,Amir Johnson,,,,,,,,,,,,
Brook Lopez,Courtney Lee,Devin Harris,Jarvis Hayes,Yi Jianlian,Andrea Bargnani,Antoine Wright,Chris Bosh,Jarrett Jack,Sonny Weems,4,3:59,NJN,shot,,,Andrea Bargnani,,,,,,,Brook Lopez,,,,missed,,jump,26,12
Brook Lopez,Courtney Lee,Devin Harris,Jarvis Hayes,Yi Jianlian,Andrea Bargnani,Antoine Wright,Chris Bosh,Jarrett Jack,Sonny Weems,4,3:57,TOR,rebound,,,,,,,,,,Chris Bosh,,,,,,def,,
Brook Lopez,Courtney Lee,Devin Harris,Jarvis Hayes,Yi Jianlian,Andrea Bargnani,Antoine Wright,Chris Bosh,Jarrett Jack,Sonny Weems,4,3:41,TOR,shot,Chris Bosh,,,,,,,,,Sonny Weems,2,,,made,,running slam dunk,25,7
Brook Lopez,Courtney Lee,Devin Harris,Jarvis Hayes,Yi Jianlian,Andrea Bargnani,Antoine Wright,Chris Bosh,Jarrett Jack,Sonny Weems,4,3:22,NJN,turnover,,,,,,,,,,Brook Lopez,,,3 second violation,,,,,
Brook Lopez,Courtney Lee,Devin Harris,Jarvis Hayes,Kris Humphries,Andrea Bargnani,Antoine Wright,Chris Bosh,Jarrett Jack,Sonny Weems,4,3:22,NJN,sub,,,,Kris Humphries,,Yi Jianlian,,,,,,,,,,,,
Brook Lopez,Courtney Lee,Devin Harris,Jarvis Hayes,Kris Humphries,Andrea Bargnani,Antoine Wright,Chris Bosh,Jarrett Jack,Sonny Weems,4,3:11,TOR,shot,,,,,,,,,,Jarrett Jack,,,,missed,,jump,39,20
Brook Lopez,Courtney Lee,Devin Harris,Jarvis Hayes,Kris Humphries,Andrea Bargnani,Antoine Wright,Chris Bosh,Jarrett Jack,Sonny Weems,4,3:10,NJN,rebound,,,,,,,,,,Kris Humphries,,,,,,def,,
Brook Lopez,Courtney Lee,Devin Harris,Jarvis Hayes,Kris Humphries,Andrea Bargnani,Antoine Wright,Chris Bosh,Jarrett Jack,Sonny Weems,4,3:02,TOR,foul,,,,,,,,Devin Harris,,Andrea Bargnani,,,,,,shooting,,
Brook Lopez,Courtney Lee,Devin Harris,Jarvis Hayes,Kris Humphries,Andrea Bargnani,Antoine Wright,Chris Bosh,Jarrett Jack,Sonny Weems,4,3:02,NJN,free throw,,,,,,,1,,2,Devin Harris,,,foul,made,,,,
Brook Lopez,Courtney Lee,Devin Harris,Jarvis Hayes,Kris Humphries,Andrea Bargnani,Antoine Wright,Chris Bosh,Jarrett Jack,Sonny Weems,4,3:02,NJN,free throw,,,,,,,2,,2,Devin Harris,,,foul,made,,,,
Brook Lopez,Courtney Lee,Devin Harris,Jarvis Hayes,Kris Humphries,Andrea Bargnani,Antoine Wright,Chris Bosh,Jarrett Jack,Sonny Weems,4,2:49,TOR,shot,Sonny Weems,,,,,,,,,Andrea Bargnani,2,,,made,,driving slam dunk,24,7
Brook Lopez,Courtney Lee,Devin Harris,Jarvis Hayes,Kris Humphries,Andrea Bargnani,Antoine Wright,Chris Bosh,Jarrett Jack,Sonny Weems,4,2:28,TOR,foul,,,,,,,,Courtney Lee,,Jarrett Jack,,,,,,personal,,
Brook Lopez,Courtney Lee,Devin Harris,Jarvis Hayes,Kris Humphries,Andrea Bargnani,Antoine Wright,Chris Bosh,Jarrett Jack,Sonny Weems,4,2:28,TOR,timeout,,,,,,,,,,,,,,,,regular,,
Courtney Lee,Devin Harris,Jarvis Hayes,Kris Humphries,Yi Jianlian,Andrea Bargnani,Antoine Wright,Chris Bosh,Jarrett Jack,Sonny Weems,4,2:28,NJN,sub,,,,Yi Jianlian,,Brook Lopez,,,,,,,,,,,,
Courtney Lee,Devin Harris,Jarvis Hayes,Kris Humphries,Yi Jianlian,Andrea Bargnani,Antoine Wright,Chris Bosh,Jarrett Jack,Sonny Weems,4,2:24,NJN,shot,,,,,,,,,,Devin Harris,,,,missed,,running jump,24,13
Courtney Lee,Devin Harris,Jarvis Hayes,Kris Humphries,Yi Jianlian,Andrea Bargnani,Antoine Wright,Chris Bosh,Jarrett Jack,Sonny Weems,4,2:23,TOR,rebound,,,,,,,,,,Antoine Wright,,,,,,def,,
Courtney Lee,Devin Harris,Jarvis Hayes,Kris Humphries,Yi Jianlian,Andrea Bargnani,Antoine Wright,Chris Bosh,Jarrett Jack,Sonny Weems,4,2:01,TOR,shot,,,,,,,,,,Sonny Weems,,,,missed,,jump,44,8
Courtney Lee,Devin Harris,Jarvis Hayes,Kris Humphries,Yi Jianlian,Andrea Bargnani,Antoine Wright,Chris Bosh,Jarrett Jack,Sonny Weems,4,1:59,NJN,rebound,,,,,,,,,,,,,,,,,,
Courtney Lee,Devin Harris,Jarvis Hayes,Kris Humphries,Yi Jianlian,Andrea Bargnani,Antoine Wright,Chris Bosh,Jarrett Jack,Sonny Weems,4,1:54,NJN,shot,,,Chris Bosh,,,,,,,Devin Harris,,,,missed,,layup,24,6
Courtney Lee,Devin Harris,Jarvis Hayes,Kris Humphries,Yi Jianlian,Andrea Bargnani,Antoine Wright,Chris Bosh,Jarrett Jack,Sonny Weems,4,1:54,NJN,rebound,,,,,,,,,,Kris Humphries,,,,,,off,,
Courtney Lee,Devin Harris,Jarvis Hayes,Kris Humphries,Yi Jianlian,Andrea Bargnani,Antoine Wright,Chris Bosh,Jarrett Jack,Sonny Weems,4,1:54,NJN,shot,,,,,,,,,,Kris Humphries,2,,,made,,putback slam dunk,25,6
Courtney Lee,Devin Harris,Jarvis Hayes,Kris Humphries,Yi Jianlian,Andrea Bargnani,Antoine Wright,Chris Bosh,Jarrett Jack,Sonny Weems,4,1:31,TOR,shot,,,,,,,,,,Antoine Wright,,,,missed,,3pt,39,28
Courtney Lee,Devin Harris,Jarvis Hayes,Kris Humphries,Yi Jianlian,Andrea Bargnani,Antoine Wright,Chris Bosh,Jarrett Jack,Sonny Weems,4,1:31,TOR,rebound,,,,,,,,,,,,,,,,,,
Courtney Lee,Devin Harris,Jarvis Hayes,Kris Humphries,Yi Jianlian,Andrea Bargnani,Antoine Wright,Chris Bosh,Jarrett Jack,Sonny Weems,4,1:31,TOR,turnover,,,,,,,,,,,,,shot clock turnover,,,,,
Courtney Lee,Devin Harris,Jarvis Hayes,Kris Humphries,Yi Jianlian,Andrea Bargnani,Antoine Wright,Chris Bosh,Jarrett Jack,Sonny Weems,4,1:21,NJN,shot,,,,,,,,,,Devin Harris,,,,missed,,3pt,24,31
Courtney Lee,Devin Harris,Jarvis Hayes,Kris Humphries,Yi Jianlian,Andrea Bargnani,Antoine Wright,Chris Bosh,Jarrett Jack,Sonny Weems,4,1:20,TOR,rebound,,,,,,,,,,Chris Bosh,,,,,,def,,
Courtney Lee,Devin Harris,Jarvis Hayes,Kris Humphries,Yi Jianlian,Andrea Bargnani,Antoine Wright,Chris Bosh,Jarrett Jack,Sonny Weems,4,1:09,TOR,turnover,,,,,,,,,,Jarrett Jack,,,bad pass,,,,,
Courtney Lee,Devin Harris,Jarvis Hayes,Kris Humphries,Yi Jianlian,Andrea Bargnani,Antoine Wright,Chris Bosh,Jarrett Jack,Sonny Weems,4,1:02,NJN,shot,,,,,,,,,,Kris Humphries,,,,missed,,jump,38,17
Courtney Lee,Devin Harris,Jarvis Hayes,Kris Humphries,Yi Jianlian,Andrea Bargnani,Antoine Wright,Chris Bosh,Jarrett Jack,Sonny Weems,4,1:01,TOR,rebound,,,,,,,,,,Sonny Weems,,,,,,def,,
Courtney Lee,Devin Harris,Jarvis Hayes,Kris Humphries,Yi Jianlian,Andrea Bargnani,Antoine Wright,Chris Bosh,Jarrett Jack,Sonny Weems,4,0:41,NJN,foul,,,,,,,,Jarrett Jack,,Kris Humphries,,,,,,shooting,,
Courtney Lee,Devin Harris,Jarvis Hayes,Kris Humphries,Yi Jianlian,Andrea Bargnani,Antoine Wright,Chris Bosh,Jarrett Jack,Sonny Weems,4,0:41,TOR,free throw,,,,,,,1,,2,Jarrett Jack,,,foul,made,,,,
Courtney Lee,Devin Harris,Jarvis Hayes,Kris Humphries,Yi Jianlian,Andrea Bargnani,Antoine Wright,Chris Bosh,Jarrett Jack,Sonny Weems,4,0:41,TOR,free throw,,,,,,,2,,2,Jarrett Jack,,,foul,made,,,,
Courtney Lee,Devin Harris,Jarvis Hayes,Kris Humphries,Yi Jianlian,Andrea Bargnani,Antoine Wright,Chris Bosh,Jarrett Jack,Sonny Weems,4,0:34,NJN,shot,,,,,,,,,,Courtney Lee,3,,,made,,3pt,24,30
Courtney Lee,Devin Harris,Jarvis Hayes,Kris Humphries,Yi Jianlian,Andrea Bargnani,Antoine Wright,Chris Bosh,Jarrett Jack,Sonny Weems,4,0:24,TOR,turnover,,,,,,,,,,,,,backcourt turnover,,,,,
Courtney Lee,Devin Harris,Jarvis Hayes,Kris Humphries,Yi Jianlian,Andrea Bargnani,Antoine Wright,Chris Bosh,Jarrett Jack,Sonny Weems,4,0:17,NJN,shot,,,,,,,,,,Courtney Lee,,,,missed,,3pt,12,28
Courtney Lee,Devin Harris,Jarvis Hayes,Kris Humphries,Yi Jianlian,Andrea Bargnani,Antoine Wright,Chris Bosh,Jarrett Jack,Sonny Weems,4,0:16,TOR,rebound,,,,,,,,,,,,,,,,,,
