a1,a2,a3,a4,a5,h1,h2,h3,h4,h5,period,time,team,etype,assist,away,block,entered,home,left,num,opponent,outof,player,points,possession,reason,result,steal,type,x,y
Ben Wallace,Jonas Jerebko,Richard Hamilton,Rodney Stuckey,Tayshaun Prince,Arron Afflalo,Carmelo Anthony,Chauncey Billups,Malik Allen,Nene Hilario,1,12:00,OFF,jump ball,,Ben Wallace,,,Nene Hilario,,,,,,,Jonas Jerebko,,,,,,
Ben Wallace,Jonas Jerebko,Richard Hamilton,Rodney Stuckey,Tayshaun Prince,Arron Afflalo,Carmelo Anthony,Chauncey Billups,Malik Allen,Nene Hilario,1,11:41,DET,turnover,,,,,,,,,,Rodney Stuckey,,,lost ball,,Carmelo Anthony,,,
Ben Wallace,Jonas Jerebko,Richard Hamilton,Rodney Stuckey,Tayshaun Prince,Arron Afflalo,Carmelo Anthony,Chauncey Billups,Malik Allen,Nene Hilario,1,11:37,DEN,shot,Nene Hilario,,,,,,,,,Carmelo Anthony,2,,,made,,finger roll layup,25,6
Ben Wallace,Jonas Jerebko,Richard Hamilton,Rodney Stuckey,Tayshaun Prince,Arron Afflalo,Carmelo Anthony,Chauncey Billups,Malik Allen,Nene Hilario,1,11:22,DEN,foul,,,,,,,,Richard Hamilton,,Arron Afflalo,,,,,,shooting,,
Ben Wallace,Jonas Jerebko,Richard Hamilton,Rodney Stuckey,Tayshaun Prince,Arron Afflalo,Carmelo Anthony,Chauncey Billups,Malik Allen,Nene Hilario,1,11:22,DET,free throw,,,,,,,1,,2,Richard Hamilton,,,foul,made,,,,
Ben Wallace,Jonas Jerebko,Richard Hamilton,Rodney Stuckey,Tayshaun Prince,Arron Afflalo,Carmelo Anthony,Chauncey Billups,Malik Allen,Nene Hilario,1,11:22,DET,free throw,,,,,,,2,,2,Richard Hamilton,,,foul,made,,,,
Ben Wallace,Jonas Jerebko,Richard Hamilton,Rodney Stuckey,Tayshaun Prince,Arron Afflalo,Carmelo Anthony,Chauncey Billups,Malik Allen,Nene Hilario,1,11:05,DEN,shot,,,,,,,,,,Carmelo Anthony,,,,missed,,jump,7,12
Ben Wallace,Jonas Jerebko,Richard Hamilton,Rodney Stuckey,Tayshaun Prince,Arron Afflalo,Carmelo Anthony,Chauncey Billups,Malik Allen,Nene Hilario,1,11:04,DET,rebound,,,,,,,,,,Rodney Stuckey,,,,,,def,,
Ben Wallace,Jonas Jerebko,Richard Hamilton,Rodney Stuckey,Tayshaun Prince,Arron Afflalo,Carmelo Anthony,Chauncey Billups,Malik Allen,Nene Hilario,1,10:51,DET,shot,Rodney Stuckey,,,,,,,,,Richard Hamilton,2,,,made,,jump,34,18
Ben Wallace,Jonas Jerebko,Richard Hamilton,Rodney Stuckey,Tayshaun Prince,Arron Afflalo,Carmelo Anthony,Chauncey Billups,Malik Allen,Nene Hilario,1,10:32,DEN,shot,,,,,,,,,,Malik Allen,,,,missed,,jump,44,8
Ben Wallace,Jonas Jerebko,Richard Hamilton,Rodney Stuckey,Tayshaun Prince,Arron Afflalo,Carmelo Anthony,Chauncey Billups,Malik Allen,Nene Hilario,1,10:31,DET,rebound,,,,,,,,,,Rodney Stuckey,,,,,,def,,
Ben Wallace,Jonas Jerebko,Richard Hamilton,Rodney Stuckey,Tayshaun Prince,Arron Afflalo,Carmelo Anthony,Chauncey Billups,Malik Allen,Nene Hilario,1,10:23,DET,shot,,,,,,,,,,Rodney Stuckey,2,,,made,,jump,19,25
Ben Wallace,Jonas Jerebko,Richard Hamilton,Rodney Stuckey,Tayshaun Prince,Arron Afflalo,Carmelo Anthony,Chauncey Billups,Malik Allen,Nene Hilario,1,10:08,DET,foul,,,,,,,,Malik Allen,,Jonas Jerebko,,,,,,personal,,
Ben Wallace,Jonas Jerebko,Richard Hamilton,Rodney Stuckey,Tayshaun Prince,Arron Afflalo,Carmelo Anthony,Chauncey Billups,Malik Allen,Nene Hilario,1,9:56,DEN,shot,,,Ben Wallace,,,,,,,Arron Afflalo,,,,missed,,running jump,30,10
Ben Wallace,Jonas Jerebko,Richard Hamilton,Rodney Stuckey,Tayshaun Prince,Arron Afflalo,Carmelo Anthony,Chauncey Billups,Malik Allen,Nene Hilario,1,9:55,DEN,rebound,,,,,,,,,,Malik Allen,,,,,,off,,
Ben Wallace,Jonas Jerebko,Richard Hamilton,Rodney Stuckey,Tayshaun Prince,Arron Afflalo,Carmelo Anthony,Chauncey Billups,Malik Allen,Nene Hilario,1,9:53,DEN,turnover,,,,,,,,,,Chauncey Billups,,,lost ball,,Tayshaun Prince,,,
Ben Wallace,Jonas Jerebko,Richard Hamilton,Rodney Stuckey,Tayshaun Prince,Arron Afflalo,Carmelo Anthony,Chauncey Billups,Malik Allen,Nene Hilario,1,9:49,DET,shot,Tayshaun Prince,,,,,,,,,Rodney Stuckey,2,,,made,,layup,25,6
Ben Wallace,Jonas Jerebko,Richard Hamilton,Rodney Stuckey,Tayshaun Prince,Arron Afflalo,Carmelo Anthony,Chauncey Billups,Malik Allen,Nene Hilario,1,9:30,DEN,shot,,,,,,,,,,Nene Hilario,,,,missed,,jump,,
Ben Wallace,Jonas Jerebko,Richard Hamilton,Rodney Stuckey,Tayshaun Prince,Arron Afflalo,Carmelo Anthony,Chauncey Billups,Malik Allen,Nene Hilario,1,9:29,DET,rebound,,,,,,,,,,Rodney Stuckey,,,,,,def,,
Ben Wallace,Jonas Jerebko,Richard Hamilton,Rodney Stuckey,Tayshaun Prince,Arron Afflalo,Carmelo Anthony,Chauncey Billups,Malik Allen,Nene Hilario,1,9:14,DET,turnover,,,,,,,,,,Richard Hamilton,,,bad pass,,,,,
Ben Wallace,Jonas Jerebko,Richard Hamilton,Rodney Stuckey,Tayshaun Prince,Arron Afflalo,Carmelo Anthony,Chauncey Billups,Malik Allen,Nene Hilario,1,9:00,DET,foul,,,,,,,,Chauncey Billups,,Jonas Jerebko,,,,,,shooting,,
Ben Wallace,Jonas Jerebko,Richard Hamilton,Rodney Stuckey,Tayshaun Prince,Arron Afflalo,Carmelo Anthony,Chauncey Billups,Malik Allen,Nene Hilario,1,9:00,DEN,free throw,,,,,,,1,,3,Chauncey Billups,,,foul,made,,,,
Ben Wallace,Jonas Jerebko,Richard Hamilton,Rodney Stuckey,Tayshaun Prince,Arron Afflalo,Carmelo Anthony,Chauncey Billups,Malik Allen,Nene Hilario,1,9:00,DEN,free throw,,,,,,,2,,3,Chauncey Billups,,,foul,made,,,,
Ben Wallace,Jonas Jerebko,Richard Hamilton,Rodney Stuckey,Tayshaun Prince,Arron Afflalo,Carmelo Anthony,Chauncey Billups,Malik Allen,Nene Hilario,1,9:00,DEN,free throw,,,,,,,3,,3,Chauncey Billups,,,foul,made,,,,
Ben Wallace,Jonas Jerebko,Richard Hamilton,Rodney Stuckey,Tayshaun Prince,Arron Afflalo,Carmelo Anthony,Chauncey Billups,Malik Allen,Nene Hilario,1,8:47,DET,shot,,,,,,,,,,Jonas Jerebko,2,,,made,,driving layup,25,6
Ben Wallace,Jonas Jerebko,Richard Hamilton,Rodney Stuckey,Tayshaun Prince,Arron Afflalo,Carmelo Anthony,Chauncey Billups,Malik Allen,Nene Hilario,1,8:33,DEN,shot,Nene Hilario,,,,,,,,,Arron Afflalo,2,,,made,,jump,18,19
Ben Wallace,Jonas Jerebko,Richard Hamilton,Rodney Stuckey,Tayshaun Prince,Arron Afflalo,Carmelo Anthony,Chauncey Billups,Malik Allen,Nene Hilario,1,8:11,DET,shot,,,,,,,,,,Tayshaun Prince,,,,missed,,turnaround jump,37,12
Ben Wallace,Jonas Jerebko,Richard Hamilton,Rodney Stuckey,Tayshaun Prince,Arron Afflalo,Carmelo Anthony,Chauncey Billups,Malik Allen,Nene Hilario,1,8:10,DEN,rebound,,,,,,,,,,Malik Allen,,,,,,def,,
Ben Wallace,Jonas Jerebko,Richard Hamilton,Rodney Stuckey,Tayshaun Prince,Arron Afflalo,Carmelo Anthony,Chauncey Billups,Malik Allen,Nene Hilario,1,8:02,DEN,shot,,,,,,,,,,Chauncey Billups,,,,missed,,3pt,12,27
Ben Wallace,Jonas Jerebko,Richard Hamilton,Rodney Stuckey,Tayshaun Prince,Arron Afflalo,Carmelo Anthony,Chauncey Billups,Malik Allen,Nene Hilario,1,8:01,DET,rebound,,,,,,,,,,Ben Wallace,,,,,,def,,
Ben Wallace,Jonas Jerebko,Richard Hamilton,Rodney Stuckey,Tayshaun Prince,Arron Afflalo,Carmelo Anthony,Chauncey Billups,Malik Allen,Nene Hilario,1,7:47,DET,shot,,,,,,,,,,Rodney Stuckey,,,,missed,,turnaround fade away,8,6
Ben Wallace,Jonas Jerebko,Richard Hamilton,Rodney Stuckey,Tayshaun Prince,Arron Afflalo,Carmelo Anthony,Chauncey Billups,Malik Allen,Nene Hilario,1,7:47,DEN,rebound,,,,,,,,,,Malik Allen,,,,,,def,,
Ben Wallace,Jonas Jerebko,Richard Hamilton,Rodney Stuckey,Tayshaun Prince,Arron Afflalo,Carmelo Anthony,Chauncey Billups,Malik Allen,Nene Hilario,1,7:36,DEN,shot,,,,,,,,,,Malik Allen,,,,missed,,jump,22,29
Ben Wallace,Jonas Jerebko,Richard Hamilton,Rodney Stuckey,Tayshaun Prince,Arron Afflalo,Carmelo Anthony,Chauncey Billups,Malik Allen,Nene Hilario,1,7:35,DEN,rebound,,,,,,,,,,Nene Hilario,,,,,,off,,
Ben Wallace,Jonas Jerebko,Richard Hamilton,Rodney Stuckey,Tayshaun Prince,Arron Afflalo,Carmelo Anthony,Chauncey Billups,Malik Allen,Nene Hilario,1,7:24,DEN,shot,,,,,,,,,,Carmelo Anthony,,,,missed,,3pt,5,20
Ben Wallace,Jonas Jerebko,Richard Hamilton,Rodney Stuckey,Tayshaun Prince,Arron Afflalo,Carmelo Anthony,Chauncey Billups,Malik Allen,Nene Hilario,1,7:23,DET,rebound,,,,,,,,,,Jonas Jerebko,,,,,,def,,
Ben Wallace,Jonas Jerebko,Richard Hamilton,Rodney Stuckey,Tayshaun Prince,Arron Afflalo,Carmelo Anthony,Chauncey Billups,Malik Allen,Nene Hilario,1,7:15,DET,shot,,,,,,,,,,Richard Hamilton,,,,missed,,jump,38,21
Ben Wallace,Jonas Jerebko,Richard Hamilton,Rodney Stuckey,Tayshaun Prince,Arron Afflalo,Carmelo Anthony,Chauncey Billups,Malik Allen,Nene Hilario,1,7:14,DEN,rebound,,,,,,,,,,Arron Afflalo,,,,,,def,,
Ben Wallace,Jonas Jerebko,Richard Hamilton,Rodney Stuckey,Tayshaun Prince,Arron Afflalo,Carmelo Anthony,Chauncey Billups,Malik Allen,Nene Hilario,1,7:04,DEN,shot,Chauncey Billups,,,,,,,,,Carmelo Anthony,2,,,made,,layup,25,6
Ben Wallace,Jonas Jerebko,Richard Hamilton,Rodney Stuckey,Tayshaun Prince,Arron Afflalo,Carmelo Anthony,Chauncey Billups,Malik Allen,Nene Hilario,1,6:38,DET,shot,,,,,,,,,,Tayshaun Prince,2,,,made,,driving layup,25,6
Ben Wallace,Jonas Jerebko,Richard Hamilton,Rodney Stuckey,Tayshaun Prince,Arron Afflalo,Carmelo Anthony,Chauncey Billups,Malik Allen,Nene Hilario,1,6:30,DEN,shot,,,,,,,,,,Chauncey Billups,2,,,made,,driving finger roll layup,25,6
Ben Wallace,Jonas Jerebko,Richard Hamilton,Rodney Stuckey,Tayshaun Prince,Arron Afflalo,Carmelo Anthony,Chauncey Billups,Malik Allen,Nene Hilario,1,6:06,DET,shot,Rodney Stuckey,,,,,,,,,Jonas Jerebko,3,,,made,,3pt,43,23
Ben Wallace,Jonas Jerebko,Richard Hamilton,Rodney Stuckey,Tayshaun Prince,Arron Afflalo,Carmelo Anthony,Chauncey Billups,Malik Allen,Nene Hilario,1,5:53,DEN,shot,Nene Hilario,,,,,,,,,Carmelo Anthony,2,,,made,,layup,25,6
Ben Wallace,Jonas Jerebko,Richard Hamilton,Rodney Stuckey,Tayshaun Prince,Arron Afflalo,Carmelo Anthony,Chauncey Billups,Malik Allen,Nene Hilario,1,5:33,DEN,foul,,,,,,,,Tayshaun Prince,,Nene Hilario,,,,,,personal,,
Ben Wallace,Jonas Jerebko,Richard Hamilton,Rodney Stuckey,Tayshaun Prince,Arron Afflalo,Carmelo Anthony,Chauncey Billups,Malik Allen,Nene Hilario,1,5:33,DEN,timeout,,,,,,,,,,,,,,,,regular,,
Ben Wallace,Jonas Jerebko,Richard Hamilton,Rodney Stuckey,Tayshaun Prince,Arron Afflalo,Carmelo Anthony,Chauncey Billups,Malik Allen,Nene Hilario,1,5:25,DET,shot,,,Arron Afflalo,,,,,,,Richard Hamilton,,,,missed,,layup,25,6
Ben Wallace,Jonas Jerebko,Richard Hamilton,Rodney Stuckey,Tayshaun Prince,Arron Afflalo,Carmelo Anthony,Chauncey Billups,Malik Allen,Nene Hilario,1,5:24,DEN,rebound,,,,,,,,,,Malik Allen,,,,,,def,,
Ben Wallace,Jonas Jerebko,Richard Hamilton,Rodney Stuckey,Tayshaun Prince,Arron Afflalo,Carmelo Anthony,Chauncey Billups,Malik Allen,Nene Hilario,1,5:11,DEN,shot,,,,,,,,,,Carmelo Anthony,,,,missed,,jump,38,21
Ben Wallace,Jonas Jerebko,Richard Hamilton,Rodney Stuckey,Tayshaun Prince,Arron Afflalo,Carmelo Anthony,Chauncey Billups,Malik Allen,Nene Hilario,1,5:10,DET,rebound,,,,,,,,,,Richard Hamilton,,,,,,def,,
Ben Wallace,Jonas Jerebko,Richard Hamilton,Rodney Stuckey,Tayshaun Prince,Arron Afflalo,Carmelo Anthony,Chauncey Billups,Malik Allen,Nene Hilario,1,5:00,DET,shot,,,,,,,,,,Richard Hamilton,,,,missed,,jump,24,23
Ben Wallace,Jonas Jerebko,Richard Hamilton,Rodney Stuckey,Tayshaun Prince,Arron Afflalo,Carmelo Anthony,Chauncey Billups,Malik Allen,Nene Hilario,1,4:59,DET,rebound,,,,,,,,,,Ben Wallace,,,,,,off,,
Ben Wallace,Jonas Jerebko,Richard Hamilton,Rodney Stuckey,Tayshaun Prince,Arron Afflalo,Carmelo Anthony,Chauncey Billups,Malik Allen,Nene Hilario,1,4:59,DET,shot,,,,,,,,,,Ben Wallace,,,,missed,,tip,25,6
Ben Wallace,Jonas Jerebko,Richard Hamilton,Rodney Stuckey,Tayshaun Prince,Arron Afflalo,Carmelo Anthony,Chauncey Billups,Malik Allen,Nene Hilario,1,4:57,DET,rebound,,,,,,,,,,Ben Wallace,,,,,,off,,
Ben Wallace,Jonas Jerebko,Richard Hamilton,Rodney Stuckey,Tayshaun Prince,Arron Afflalo,Carmelo Anthony,Chauncey Billups,Malik Allen,Nene Hilario,1,4:57,DET,shot,,,,,,,,,,Ben Wallace,2,,,made,,tip,25,6
Ben Wallace,Jonas Jerebko,Richard Hamilton,Rodney Stuckey,Tayshaun Prince,Arron Afflalo,Carmelo Anthony,Chauncey Billups,Malik Allen,Nene Hilario,1,4:38,DEN,shot,,,,,,,,,,Nene Hilario,,,,missed,,reverse layup,,
Ben Wallace,Jonas Jerebko,Richard Hamilton,Rodney Stuckey,Tayshaun Prince,Arron Afflalo,Carmelo Anthony,Chauncey Billups,Malik Allen,Nene Hilario,1,4:36,DET,rebound,,,,,,,,,,Ben Wallace,,,,,,def,,
Ben Wallace,Jonas Jerebko,Richard Hamilton,Rodney Stuckey,Tayshaun Prince,Arron Afflalo,Carmelo Anthony,Chauncey Billups,Malik Allen,Nene Hilario,1,4:30,DET,shot,,,,,,,,,,Tayshaun Prince,,,,missed,,alley oop dunk,25,6
Ben Wallace,Jonas Jerebko,Richard Hamilton,Rodney Stuckey,Tayshaun Prince,Arron Afflalo,Carmelo Anthony,Chauncey Billups,Malik Allen,Nene Hilario,1,4:28,DET,rebound,,,,,,,,,,Jonas Jerebko,,,,,,off,,
Ben Wallace,Jonas Jerebko,Richard Hamilton,Rodney Stuckey,Tayshaun Prince,Arron Afflalo,Carmelo Anthony,Chauncey Billups,Malik Allen,Nene Hilario,1,4:27,DET,shot,,,,,,,,,,Jonas Jerebko,2,,,made,,putback layup,25,6
Ben Wallace,Jonas Jerebko,Richard Hamilton,Rodney Stuckey,Tayshaun Prince,Arron Afflalo,Carmelo Anthony,Chauncey Billups,Malik Allen,Nene Hilario,1,4:17,DEN,shot,,,,,,,,,,Carmelo Anthony,,,,missed,,jump,16,12
Ben Wallace,Jonas Jerebko,Richard Hamilton,Rodney Stuckey,Tayshaun Prince,Arron Afflalo,Carmelo Anthony,Chauncey Billups,Malik Allen,Nene Hilario,1,4:16,DEN,rebound,,,,,,,,,,,,,,,,,,
Ben Wallace,Jonas Jerebko,Richard Hamilton,Rodney Stuckey,Tayshaun Prince,Arron Afflalo,Carmelo Anthony,Chauncey Billups,Chris Andersen,Nene Hilario,1,4:16,DEN,sub,,,,Chris Andersen,,Malik Allen,,,,,,,,,,,,
Ben Wallace,Jonas Jerebko,Richard Hamilton,Rodney Stuckey,Tayshaun Prince,Carmelo Anthony,Chauncey Billups,Chris Andersen,J.R. Smith,Nene Hilario,1,4:16,DEN,sub,,,,J.R. Smith,,Arron Afflalo,,,,,,,,,,,,
Jason Maxiell,Jonas Jerebko,Richard Hamilton,Rodney Stuckey,Tayshaun Prince,Carmelo Anthony,Chauncey Billups,Chris Andersen,J.R. Smith,Nene Hilario,1,4:16,DET,sub,,,,Jason Maxiell,,Ben Wallace,,,,,,,,,,,,
Jason Maxiell,Jonas Jerebko,Richard Hamilton,Rodney Stuckey,Tayshaun Prince,Carmelo Anthony,Chauncey Billups,Chris Andersen,J.R. Smith,Nene Hilario,1,4:09,DET,foul,,,,,,,,Chauncey Billups,,Rodney Stuckey,,,,,,shooting,,
Jason Maxiell,Jonas Jerebko,Richard Hamilton,Rodney Stuckey,Tayshaun Prince,Carmelo Anthony,Chauncey Billups,Chris Andersen,J.R. Smith,Nene Hilario,1,4:09,DEN,free throw,,,,,,,1,,3,Chauncey Billups,,,foul,made,,,,
Jason Maxiell,Jonas Jerebko,Richard Hamilton,Rodney Stuckey,Tayshaun Prince,Carmelo Anthony,Chauncey Billups,Chris Andersen,J.R. Smith,Nene Hilario,1,4:09,DEN,free throw,,,,,,,2,,3,Chauncey Billups,,,foul,made,,,,
Charlie Villanueva,Jason Maxiell,Richard Hamilton,Rodney Stuckey,Tayshaun Prince,Carmelo Anthony,Chauncey Billups,Chris Andersen,J.R. Smith,Nene Hilario,1,4:09,DET,sub,,,,Charlie Villanueva,,Jonas Jerebko,,,,,,,,,,,,
Charlie Villanueva,Jason Maxiell,Richard Hamilton,Rodney Stuckey,Tayshaun Prince,Carmelo Anthony,Chauncey Billups,Chris Andersen,J.R. Smith,Nene Hilario,1,4:09,DEN,free throw,,,,,,,3,,3,Chauncey Billups,,,foul,made,,,,
Charlie Villanueva,Jason Maxiell,Richard Hamilton,Rodney Stuckey,Tayshaun Prince,Carmelo Anthony,Chauncey Billups,Chris Andersen,J.R. Smith,Nene Hilario,1,3:50,DET,turnover,,,,,,,,,,Richard Hamilton,,,lost ball,,Chris Andersen,,,
Charlie Villanueva,Jason Maxiell,Richard Hamilton,Rodney Stuckey,Tayshaun Prince,Carmelo Anthony,Chauncey Billups,Chris Andersen,J.R. Smith,Nene Hilario,1,3:35,DEN,turnover,,,,,,,,,,Carmelo Anthony,,,lost ball,,Richard Hamilton,,,
Charlie Villanueva,Jason Maxiell,Richard Hamilton,Rodney Stuckey,Tayshaun Prince,Carmelo Anthony,Chauncey Billups,Chris Andersen,J.R. Smith,Nene Hilario,1,3:29,DET,shot,,,Chris Andersen,,,,,,,Tayshaun Prince,,,,missed,,running jump,21,10
Charlie Villanueva,Jason Maxiell,Richard Hamilton,Rodney Stuckey,Tayshaun Prince,Carmelo Anthony,Chauncey Billups,Chris Andersen,J.R. Smith,Nene Hilario,1,3:26,DET,rebound,,,,,,,,,,Charlie Villanueva,,,,,,off,,
Charlie Villanueva,Jason Maxiell,Richard Hamilton,Rodney Stuckey,Tayshaun Prince,Carmelo Anthony,Chauncey Billups,Chris Andersen,J.R. Smith,Nene Hilario,1,3:17,DET,shot,,,,,,,,,,Tayshaun Prince,,,,missed,,jump,8,8
Charlie Villanueva,Jason Maxiell,Richard Hamilton,Rodney Stuckey,Tayshaun Prince,Carmelo Anthony,Chauncey Billups,Chris Andersen,J.R. Smith,Nene Hilario,1,3:16,DEN,rebound,,,,,,,,,,Chauncey Billups,,,,,,def,,
Charlie Villanueva,Jason Maxiell,Richard Hamilton,Rodney Stuckey,Tayshaun Prince,Carmelo Anthony,Chauncey Billups,Chris Andersen,J.R. Smith,Nene Hilario,1,3:10,DEN,shot,,,,,,,,,,Carmelo Anthony,2,,,made,,driving layup,25,6
Charlie Villanueva,Jason Maxiell,Richard Hamilton,Rodney Stuckey,Tayshaun Prince,Carmelo Anthony,Chauncey Billups,Chris Andersen,J.R. Smith,Nene Hilario,1,3:10,DET,foul,,,,,,,,Carmelo Anthony,,Charlie Villanueva,,,,,,shooting,,
Charlie Villanueva,Jason Maxiell,Richard Hamilton,Rodney Stuckey,Tayshaun Prince,Carmelo Anthony,Chauncey Billups,Chris Andersen,J.R. Smith,Nene Hilario,1,3:10,DEN,free throw,,,,,,,1,,1,Carmelo Anthony,,,foul,missed,,,,
Charlie Villanueva,Jason Maxiell,Richard Hamilton,Rodney Stuckey,Tayshaun Prince,Carmelo Anthony,Chauncey Billups,Chris Andersen,J.R. Smith,Nene Hilario,1,3:08,DET,rebound,,,,,,,,,,Charlie Villanueva,,,,,,def,,
Charlie Villanueva,Jason Maxiell,Richard Hamilton,Rodney Stuckey,Tayshaun Prince,Carmelo Anthony,Chauncey Billups,Chris Andersen,J.R. Smith,Nene Hilario,1,2:51,DET,shot,,,,,,,,,,Richard Hamilton,,,,missed,,jump,9,9
Charlie Villanueva,Jason Maxiell,Richard Hamilton,Rodney Stuckey,Tayshaun Prince,Carmelo Anthony,Chauncey Billups,Chris Andersen,J.R. Smith,Nene Hilario,1,2:50,DEN,rebound,,,,,,,,,,Nene Hilario,,,,,,def,,
Charlie Villanueva,Jason Maxiell,Richard Hamilton,Rodney Stuckey,Tayshaun Prince,Carmelo Anthony,Chauncey Billups,Chris Andersen,J.R. Smith,Nene Hilario,1,2:46,DEN,shot,,,,,,,,,,J.R. Smith,,,,missed,,driving layup,25,6
Charlie Villanueva,Jason Maxiell,Richard Hamilton,Rodney Stuckey,Tayshaun Prince,Carmelo Anthony,Chauncey Billups,Chris Andersen,J.R. Smith,Nene Hilario,1,2:43,DET,rebound,,,,,,,,,,Charlie Villanueva,,,,,,def,,
Charlie Villanueva,Jason Maxiell,Richard Hamilton,Rodney Stuckey,Tayshaun Prince,Carmelo Anthony,Chauncey Billups,Chris Andersen,J.R. Smith,Nene Hilario,1,2:39,DET,shot,,,,,,,,,,Rodney Stuckey,,,,missed,,driving layup,25,6
Charlie Villanueva,Jason Maxiell,Richard Hamilton,Rodney Stuckey,Tayshaun Prince,Carmelo Anthony,Chauncey Billups,Chris Andersen,J.R. Smith,Nene Hilario,1,2:36,DET,rebound,,,,,,,,,,Rodney Stuckey,,,,,,off,,
Charlie Villanueva,Jason Maxiell,Richard Hamilton,Rodney Stuckey,Tayshaun Prince,Carmelo Anthony,Chauncey Billups,Chris Andersen,J.R. Smith,Nene Hilario,1,2:31,DET,shot,Rodney Stuckey,,,,,,,,,Richard Hamilton,2,,,made,,jump,6,7
Charlie Villanueva,Jason Maxiell,Richard Hamilton,Rodney Stuckey,Tayshaun Prince,Carmelo Anthony,Chauncey Billups,Chris Andersen,J.R. Smith,Nene Hilario,1,2:16,DEN,shot,Chauncey Billups,,,,,,,,,Carmelo Anthony,2,,,made,,driving layup,25,6
Charlie Villanueva,Jason Maxiell,Richard Hamilton,Rodney Stuckey,Tayshaun Prince,Carmelo Anthony,Chauncey Billups,Chris Andersen,J.R. Smith,Nene Hilario,1,2:05,DET,timeout,,,,,,,,,,,,,,,,regular,,
Charlie Villanueva,Jason Maxiell,Richard Hamilton,Rodney Stuckey,Tayshaun Prince,Carmelo Anthony,Chauncey Billups,Chris Andersen,J.R. Smith,Nene Hilario,1,1:51,DET,shot,,,,,,,,,,Rodney Stuckey,2,,,made,,jump,18,18
Charlie Villanueva,Jason Maxiell,Richard Hamilton,Rodney Stuckey,Tayshaun Prince,Carmelo Anthony,Chauncey Billups,Chris Andersen,J.R. Smith,Nene Hilario,1,1:37,DEN,turnover,,,,,,,,,,Nene Hilario,,,traveling,,,,,
Charlie Villanueva,Jason Maxiell,Richard Hamilton,Rodney Stuckey,Tayshaun Prince,Carmelo Anthony,Chris Andersen,J.R. Smith,Nene Hilario,Ty Lawson,1,1:37,DEN,sub,,,,Ty Lawson,,Chauncey Billups,,,,,,,,,,,,
Charlie Villanueva,Jason Maxiell,Richard Hamilton,Tayshaun Prince,Will Bynum,Carmelo Anthony,Chris Andersen,J.R. Smith,Nene Hilario,Ty Lawson,1,1:37,DET,sub,,,,Will Bynum,,Rodney Stuckey,,,,,,,,,,,,
Charlie Villanueva,Jason Maxiell,Richard Hamilton,Tayshaun Prince,Will Bynum,Carmelo Anthony,Chris Andersen,J.R. Smith,Nene Hilario,Ty Lawson,1,1:18,DET,shot,Richard Hamilton,,,,,,,,,Will Bynum,2,,,made,,jump,40,13
Charlie Villanueva,Jason Maxiell,Richard Hamilton,Tayshaun Prince,Will Bynum,Carmelo Anthony,Chris Andersen,J.R. Smith,Nene Hilario,Ty Lawson,1,1:06,DET,foul,,,,,,,,Chris Andersen,,Charlie Villanueva,,,,,,shooting,,
Charlie Villanueva,Jason Maxiell,Richard Hamilton,Tayshaun Prince,Will Bynum,Carmelo Anthony,Chris Andersen,J.R. Smith,Joey Graham,Ty Lawson,1,1:06,DEN,sub,,,,Joey Graham,,Nene Hilario,,,,,,,,,,,,
Charlie Villanueva,Jason Maxiell,Richard Hamilton,Tayshaun Prince,Will Bynum,Carmelo Anthony,Chris Andersen,J.R. Smith,Joey Graham,Ty Lawson,1,1:06,DEN,free throw,,,,,,,1,,2,Chris Andersen,,,foul,made,,,,
Charlie Villanueva,Jason Maxiell,Richard Hamilton,Tayshaun Prince,Will Bynum,Carmelo Anthony,Chris Andersen,J.R. Smith,Joey Graham,Ty Lawson,1,1:06,DEN,free throw,,,,,,,2,,2,Chris Andersen,,,foul,made,,,,
Charlie Villanueva,Jason Maxiell,Richard Hamilton,Tayshaun Prince,Will Bynum,Carmelo Anthony,Chris Andersen,J.R. Smith,Joey Graham,Ty Lawson,1,0:54,DET,shot,,,,,,,,,,Richard Hamilton,,,,missed,,jump,40,8
Charlie Villanueva,Jason Maxiell,Richard Hamilton,Tayshaun Prince,Will Bynum,Carmelo Anthony,Chris Andersen,J.R. Smith,Joey Graham,Ty Lawson,1,0:53,DET,rebound,,,,,,,,,,Richard Hamilton,,,,,,off,,
Charlie Villanueva,Jason Maxiell,Richard Hamilton,Tayshaun Prince,Will Bynum,Carmelo Anthony,Chris Andersen,J.R. Smith,Joey Graham,Ty Lawson,1,0:53,DET,shot,,,,,,,,,,Richard Hamilton,2,,,made,,layup,25,6
Charlie Villanueva,Jason Maxiell,Richard Hamilton,Tayshaun Prince,Will Bynum,Carmelo Anthony,Chris Andersen,J.R. Smith,Joey Graham,Ty Lawson,1,0:44,DEN,shot,,,,,,,,,,J.R. Smith,,,,missed,,running jump,24,10
Charlie Villanueva,Jason Maxiell,Richard Hamilton,Tayshaun Prince,Will Bynum,Carmelo Anthony,Chris Andersen,J.R. Smith,Joey Graham,Ty Lawson,1,0:43,DEN,rebound,,,,,,,,,,Chris Andersen,,,,,,off,,
Charlie Villanueva,Jason Maxiell,Richard Hamilton,Tayshaun Prince,Will Bynum,Carmelo Anthony,Chris Andersen,J.R. Smith,Joey Graham,Ty Lawson,1,0:42,DEN,shot,,,,,,,,,,Chris Andersen,,,,missed,,jump,25,12
Charlie Villanueva,Jason Maxiell,Richard Hamilton,Tayshaun Prince,Will Bynum,Carmelo Anthony,Chris Andersen,J.R. Smith,Joey Graham,Ty Lawson,1,0:40,DET,rebound,,,,,,,,,,Richard Hamilton,,,,,,def,,
Charlie Villanueva,Jason Maxiell,Richard Hamilton,Tayshaun Prince,Will Bynum,Carmelo Anthony,Chris Andersen,J.R. Smith,Joey Graham,Ty Lawson,1,0:39,DET,shot,Will Bynum,,,,,,,,,Jason Maxiell,2,,,made,,dunk,25,6
Charlie Villanueva,Jason Maxiell,Richard Hamilton,Tayshaun Prince,Will Bynum,Carmelo Anthony,Chris Andersen,J.R. Smith,Joey Graham,Ty Lawson,1,0:19,DEN,shot,,,,,,,,,,Ty Lawson,,,,missed,,jump,38,22
Charlie Villanueva,Jason Maxiell,Richard Hamilton,Tayshaun Prince,Will Bynum,Carmelo Anthony,Chris Andersen,J.R. Smith,Joey Graham,Ty Lawson,1,0:16,DET,rebound,,,,,,,,,,Richard Hamilton,,,,,,def,,
Charlie Villanueva,Jason Maxiell,Richard Hamilton,Tayshaun Prince,Will Bynum,Carmelo Anthony,Chris Andersen,J.R. Smith,Joey Graham,Ty Lawson,1,0:00,DET,shot,,,,,,,,,,Richard Hamilton,,,,missed,,3pt,5,22
Charlie Villanueva,Jason Maxiell,Richard Hamilton,Tayshaun Prince,Will Bynum,Carmelo Anthony,Chris Andersen,J.R. Smith,Joey Graham,Ty Lawson,1,0:00,DET,rebound,,,,,,,,,,,,,,,,,,
Austin Daye,Ben Gordon,Charlie Villanueva,Jason Maxiell,Will Bynum,Carmelo Anthony,Chris Andersen,J.R. Smith,Joey Graham,Ty Lawson,2,11:45,DEN,shot,,,,,,,,,,J.R. Smith,,,,missed,,turnaround jump,40,8
Austin Daye,Ben Gordon,Charlie Villanueva,Jason Maxiell,Will Bynum,Carmelo Anthony,Chris Andersen,J.R. Smith,Joey Graham,Ty Lawson,2,11:43,DET,rebound,,,,,,,,,,Austin Daye,,,,,,def,,
Austin Daye,Ben Gordon,Charlie Villanueva,Jason Maxiell,Will Bynum,Carmelo Anthony,Chris Andersen,J.R. Smith,Joey Graham,Ty Lawson,2,11:37,DET,foul,,,,,,,,Joey Graham,,Austin Daye,,,,,,offensive,,
Austin Daye,Ben Gordon,Charlie Villanueva,Jason Maxiell,Will Bynum,Carmelo Anthony,Chris Andersen,J.R. Smith,Joey Graham,Ty Lawson,2,11:37,DET,turnover,,,,,,,,,,Austin Daye,,,foul,,,,,
Austin Daye,Ben Gordon,Charlie Villanueva,Jason Maxiell,Will Bynum,Carmelo Anthony,Chris Andersen,J.R. Smith,Joey Graham,Ty Lawson,2,11:25,DEN,shot,Ty Lawson,,,,,,,,,Joey Graham,2,,,made,,jump,39,20
Austin Daye,Ben Gordon,Charlie Villanueva,Jason Maxiell,Will Bynum,Carmelo Anthony,Chris Andersen,J.R. Smith,Joey Graham,Ty Lawson,2,11:10,DET,turnover,,,,,,,,,,Will Bynum,,,lost ball,,Chris Andersen,,,
Austin Daye,Ben Gordon,Charlie Villanueva,Jason Maxiell,Will Bynum,Carmelo Anthony,Chris Andersen,J.R. Smith,Joey Graham,Ty Lawson,2,11:05,DEN,shot,Ty Lawson,,,,,,,,,Joey Graham,2,,,made,,dunk,25,6
Austin Daye,Ben Gordon,Charlie Villanueva,Jason Maxiell,Will Bynum,Carmelo Anthony,Chris Andersen,J.R. Smith,Joey Graham,Ty Lawson,2,10:43,DET,shot,,,,,,,,,,Ben Gordon,2,,,made,,jump,18,22
Austin Daye,Ben Gordon,Charlie Villanueva,Jason Maxiell,Will Bynum,Carmelo Anthony,Chris Andersen,J.R. Smith,Joey Graham,Ty Lawson,2,10:33,DEN,shot,,,,,,,,,,Carmelo Anthony,,,,missed,,driving layup,25,6
Austin Daye,Ben Gordon,Charlie Villanueva,Jason Maxiell,Will Bynum,Carmelo Anthony,Chris Andersen,J.R. Smith,Joey Graham,Ty Lawson,2,10:32,DEN,rebound,,,,,,,,,,Chris Andersen,,,,,,off,,
Austin Daye,Ben Gordon,Charlie Villanueva,Jason Maxiell,Will Bynum,Carmelo Anthony,Chris Andersen,J.R. Smith,Joey Graham,Ty Lawson,2,10:31,DEN,shot,,,,,,,,,,Chris Andersen,2,,,made,,putback layup,25,6
Austin Daye,Ben Gordon,Charlie Villanueva,Jason Maxiell,Will Bynum,Carmelo Anthony,Chris Andersen,J.R. Smith,Joey Graham,Ty Lawson,2,10:13,DET,shot,,,,,,,,,,Charlie Villanueva,,,,missed,,turnaround jump,14,10
Austin Daye,Ben Gordon,Charlie Villanueva,Jason Maxiell,Will Bynum,Carmelo Anthony,Chris Andersen,J.R. Smith,Joey Graham,Ty Lawson,2,10:12,DET,rebound,,,,,,,,,,Jason Maxiell,,,,,,off,,
Austin Daye,Ben Gordon,Charlie Villanueva,Jason Maxiell,Will Bynum,Carmelo Anthony,Chris Andersen,J.R. Smith,Joey Graham,Ty Lawson,2,10:10,DET,shot,,,,,,,,,,Jason Maxiell,2,,,made,,layup,25,6
Austin Daye,Ben Gordon,Charlie Villanueva,Jason Maxiell,Will Bynum,Carmelo Anthony,Chris Andersen,J.R. Smith,Joey Graham,Ty Lawson,2,9:55,DEN,shot,Carmelo Anthony,,,,,,,,,Joey Graham,2,,,made,,dunk,25,6
Austin Daye,Ben Gordon,Charlie Villanueva,Jason Maxiell,Will Bynum,Carmelo Anthony,Chris Andersen,J.R. Smith,Joey Graham,Ty Lawson,2,9:38,DET,shot,,,,,,,,,,Austin Daye,,,,missed,,3pt,7,24
Austin Daye,Ben Gordon,Charlie Villanueva,Jason Maxiell,Will Bynum,Carmelo Anthony,Chris Andersen,J.R. Smith,Joey Graham,Ty Lawson,2,9:37,DET,rebound,,,,,,,,,,Jason Maxiell,,,,,,off,,
Austin Daye,Ben Gordon,Charlie Villanueva,Jason Maxiell,Will Bynum,Carmelo Anthony,Chris Andersen,J.R. Smith,Joey Graham,Ty Lawson,2,9:37,DET,shot,,,,,,,,,,Jason Maxiell,,,,missed,,layup,25,6
Austin Daye,Ben Gordon,Charlie Villanueva,Jason Maxiell,Will Bynum,Carmelo Anthony,Chris Andersen,J.R. Smith,Joey Graham,Ty Lawson,2,9:37,DET,rebound,,,,,,,,,,,,,,,,,,
Austin Daye,Ben Gordon,Charlie Villanueva,Jason Maxiell,Will Bynum,Carmelo Anthony,Chris Andersen,J.R. Smith,Joey Graham,Ty Lawson,2,9:37,DEN,foul,,,,,,,,Jason Maxiell,,Chris Andersen,,,,,,loose ball,,
Austin Daye,Ben Gordon,Charlie Villanueva,Jason Maxiell,Will Bynum,Carmelo Anthony,Chris Andersen,J.R. Smith,Joey Graham,Ty Lawson,2,9:29,DET,turnover,,,,,,,,,,Ben Gordon,,,lost ball,,J.R. Smith,,,
Austin Daye,Ben Gordon,Charlie Villanueva,Jason Maxiell,Will Bynum,Carmelo Anthony,Chris Andersen,J.R. Smith,Joey Graham,Ty Lawson,2,9:24,DEN,shot,J.R. Smith,,,,,,,,,Joey Graham,2,,,made,,slam dunk,25,6
Austin Daye,Ben Gordon,Charlie Villanueva,Jason Maxiell,Will Bynum,Carmelo Anthony,Chris Andersen,J.R. Smith,Joey Graham,Ty Lawson,2,9:00,DET,shot,,,,,,,,,,Charlie Villanueva,,,,missed,,3pt,21,31
Austin Daye,Ben Gordon,Charlie Villanueva,Jason Maxiell,Will Bynum,Carmelo Anthony,Chris Andersen,J.R. Smith,Joey Graham,Ty Lawson,2,8:59,DEN,rebound,,,,,,,,,,J.R. Smith,,,,,,def,,
Austin Daye,Ben Gordon,Charlie Villanueva,Jason Maxiell,Will Bynum,Carmelo Anthony,Chris Andersen,J.R. Smith,Joey Graham,Ty Lawson,2,8:54,DEN,shot,,,,,,,,,,J.R. Smith,2,,,made,,running jump,28,10
Austin Daye,Ben Gordon,Charlie Villanueva,Jason Maxiell,Will Bynum,Carmelo Anthony,Chris Andersen,J.R. Smith,Joey Graham,Ty Lawson,2,8:54,DET,foul,,,,,,,,J.R. Smith,,Ben Gordon,,,,,,shooting,,
Austin Daye,Ben Gordon,Charlie Villanueva,Jason Maxiell,Will Bynum,Carmelo Anthony,Chris Andersen,J.R. Smith,Joey Graham,Ty Lawson,2,8:54,DEN,timeout,,,,,,,,,,,,,,,,official,,
Austin Daye,Ben Gordon,Charlie Villanueva,Jason Maxiell,Will Bynum,Arron Afflalo,Chris Andersen,J.R. Smith,Joey Graham,Ty Lawson,2,8:54,DEN,sub,,,,Arron Afflalo,,Carmelo Anthony,,,,,,,,,,,,
Austin Daye,Ben Gordon,Charlie Villanueva,Jason Maxiell,Will Bynum,Arron Afflalo,Chris Andersen,J.R. Smith,Joey Graham,Ty Lawson,2,8:54,DEN,free throw,,,,,,,1,,1,J.R. Smith,,,foul,missed,,,,
Austin Daye,Ben Gordon,Charlie Villanueva,Jason Maxiell,Will Bynum,Arron Afflalo,Chris Andersen,J.R. Smith,Joey Graham,Ty Lawson,2,8:52,DET,rebound,,,,,,,,,,Charlie Villanueva,,,,,,def,,
Austin Daye,Ben Gordon,Charlie Villanueva,Jason Maxiell,Will Bynum,Arron Afflalo,Chris Andersen,J.R. Smith,Joey Graham,Ty Lawson,2,8:38,DET,shot,,,,,,,,,,Ben Gordon,,,,missed,,running jump,20,12
Austin Daye,Ben Gordon,Charlie Villanueva,Jason Maxiell,Will Bynum,Arron Afflalo,Chris Andersen,J.R. Smith,Joey Graham,Ty Lawson,2,8:37,DEN,rebound,,,,,,,,,,Joey Graham,,,,,,def,,
Austin Daye,Ben Gordon,Charlie Villanueva,Jason Maxiell,Will Bynum,Arron Afflalo,Chris Andersen,J.R. Smith,Joey Graham,Ty Lawson,2,8:30,DEN,shot,,,,,,,,,,Ty Lawson,2,,,made,,driving layup,25,6
Austin Daye,Ben Gordon,Charlie Villanueva,Jason Maxiell,Will Bynum,Arron Afflalo,Chris Andersen,J.R. Smith,Joey Graham,Ty Lawson,2,8:16,DET,shot,,,,,,,,,,Charlie Villanueva,,,,missed,,3pt,9,26
Austin Daye,Ben Gordon,Charlie Villanueva,Jason Maxiell,Will Bynum,Arron Afflalo,Chris Andersen,J.R. Smith,Joey Graham,Ty Lawson,2,8:15,DEN,rebound,,,,,,,,,,Ty Lawson,,,,,,def,,
Austin Daye,Ben Gordon,Charlie Villanueva,Jason Maxiell,Will Bynum,Arron Afflalo,Chris Andersen,J.R. Smith,Joey Graham,Ty Lawson,2,8:13,DET,foul,,,,,,,,Joey Graham,,Charlie Villanueva,,,,,,shooting,,
Austin Daye,Ben Gordon,Charlie Villanueva,Jason Maxiell,Will Bynum,Arron Afflalo,Chris Andersen,J.R. Smith,Joey Graham,Ty Lawson,2,8:13,DEN,free throw,,,,,,,1,,2,Joey Graham,,,foul,made,,,,
Ben Gordon,Charlie Villanueva,Jason Maxiell,Tayshaun Prince,Will Bynum,Arron Afflalo,Chris Andersen,J.R. Smith,Joey Graham,Ty Lawson,2,8:13,DET,sub,,,,Tayshaun Prince,,Austin Daye,,,,,,,,,,,,
Ben Gordon,Jason Maxiell,Jonas Jerebko,Tayshaun Prince,Will Bynum,Arron Afflalo,Chris Andersen,J.R. Smith,Joey Graham,Ty Lawson,2,8:13,DET,sub,,,,Jonas Jerebko,,Charlie Villanueva,,,,,,,,,,,,
Ben Gordon,Jason Maxiell,Jonas Jerebko,Rodney Stuckey,Tayshaun Prince,Arron Afflalo,Chris Andersen,J.R. Smith,Joey Graham,Ty Lawson,2,8:13,DET,sub,,,,Rodney Stuckey,,Will Bynum,,,,,,,,,,,,
Ben Gordon,Jason Maxiell,Jonas Jerebko,Rodney Stuckey,Tayshaun Prince,Arron Afflalo,Chris Andersen,J.R. Smith,Joey Graham,Ty Lawson,2,8:13,DEN,free throw,,,,,,,2,,2,Joey Graham,,,foul,missed,,,,
Ben Gordon,Jason Maxiell,Jonas Jerebko,Rodney Stuckey,Tayshaun Prince,Arron Afflalo,Chris Andersen,J.R. Smith,Joey Graham,Ty Lawson,2,8:12,DET,rebound,,,,,,,,,,Jason Maxiell,,,,,,def,,
Ben Gordon,Jason Maxiell,Jonas Jerebko,Rodney Stuckey,Tayshaun Prince,Arron Afflalo,Chris Andersen,J.R. Smith,Joey Graham,Ty Lawson,2,7:57,DET,shot,Tayshaun Prince,,,,,,,,,Ben Gordon,2,,,made,,fade away jumper,39,10
Ben Gordon,Jason Maxiell,Jonas Jerebko,Rodney Stuckey,Tayshaun Prince,Arron Afflalo,Chris Andersen,J.R. Smith,Joey Graham,Ty Lawson,2,7:44,DEN,turnover,,,,,,,,,,Ty Lawson,,,bad pass,,Tayshaun Prince,,,
Ben Gordon,Jason Maxiell,Jonas Jerebko,Rodney Stuckey,Tayshaun Prince,Arron Afflalo,Chris Andersen,J.R. Smith,Joey Graham,Ty Lawson,2,7:19,DET,shot,,,,,,,,,,Rodney Stuckey,2,,,made,,fade away jumper,29,22
Ben Gordon,Jason Maxiell,Jonas Jerebko,Rodney Stuckey,Tayshaun Prince,Arron Afflalo,Chris Andersen,J.R. Smith,Joey Graham,Ty Lawson,2,7:00,DEN,shot,,,Jason Maxiell,,,,,,,Arron Afflalo,,,,missed,,driving finger roll layup,25,6
Ben Gordon,Jason Maxiell,Jonas Jerebko,Rodney Stuckey,Tayshaun Prince,Arron Afflalo,Chris Andersen,J.R. Smith,Joey Graham,Ty Lawson,2,6:58,DET,rebound,,,,,,,,,,Tayshaun Prince,,,,,,def,,
Ben Gordon,Jason Maxiell,Jonas Jerebko,Rodney Stuckey,Tayshaun Prince,Arron Afflalo,Chris Andersen,J.R. Smith,Joey Graham,Ty Lawson,2,6:42,DET,shot,,,,,,,,,,Rodney Stuckey,,,,missed,,jump,45,9
Ben Gordon,Jason Maxiell,Jonas Jerebko,Rodney Stuckey,Tayshaun Prince,Arron Afflalo,Chris Andersen,J.R. Smith,Joey Graham,Ty Lawson,2,6:41,DEN,rebound,,,,,,,,,,Joey Graham,,,,,,def,,
Ben Gordon,Jason Maxiell,Jonas Jerebko,Rodney Stuckey,Tayshaun Prince,Arron Afflalo,Chris Andersen,J.R. Smith,Joey Graham,Ty Lawson,2,6:32,DEN,shot,J.R. Smith,,,,,,,,,Arron Afflalo,3,,,made,,3pt,49,10
Ben Gordon,Jason Maxiell,Jonas Jerebko,Rodney Stuckey,Tayshaun Prince,Arron Afflalo,Chris Andersen,J.R. Smith,Joey Graham,Ty Lawson,2,6:08,DET,shot,,,,,,,,,,Jason Maxiell,,,,missed,,jump,41,11
Ben Gordon,Jason Maxiell,Jonas Jerebko,Rodney Stuckey,Tayshaun Prince,Arron Afflalo,Chris Andersen,J.R. Smith,Joey Graham,Ty Lawson,2,6:07,DEN,rebound,,,,,,,,,,J.R. Smith,,,,,,def,,
Ben Gordon,Jason Maxiell,Jonas Jerebko,Rodney Stuckey,Tayshaun Prince,Arron Afflalo,Chris Andersen,J.R. Smith,Joey Graham,Ty Lawson,2,5:57,DEN,shot,,,,,,,,,,J.R. Smith,2,,,made,,step back jump,23,22
Ben Gordon,Jason Maxiell,Jonas Jerebko,Rodney Stuckey,Tayshaun Prince,Arron Afflalo,Chris Andersen,J.R. Smith,Joey Graham,Ty Lawson,2,5:37,DEN,timeout,,,,,,,,,,,,,,,,regular,,
Ben Gordon,Jason Maxiell,Jonas Jerebko,Rodney Stuckey,Tayshaun Prince,Arron Afflalo,Chauncey Billups,Chris Andersen,Joey Graham,Ty Lawson,2,5:37,DEN,sub,,,,Chauncey Billups,,J.R. Smith,,,,,,,,,,,,
Ben Gordon,Ben Wallace,Jonas Jerebko,Rodney Stuckey,Tayshaun Prince,Arron Afflalo,Chauncey Billups,Chris Andersen,Joey Graham,Ty Lawson,2,5:37,DET,sub,,,,Ben Wallace,,Jason Maxiell,,,,,,,,,,,,
Ben Gordon,Ben Wallace,Jonas Jerebko,Rodney Stuckey,Tayshaun Prince,Arron Afflalo,Chauncey Billups,Chris Andersen,Joey Graham,Ty Lawson,2,5:30,DET,shot,,,,,,,,,,Rodney Stuckey,2,,,made,,turnaround bank,11,12
Ben Gordon,Ben Wallace,Jonas Jerebko,Rodney Stuckey,Tayshaun Prince,Arron Afflalo,Chauncey Billups,Chris Andersen,Joey Graham,Ty Lawson,2,5:15,DEN,shot,Ty Lawson,,,,,,,,,Arron Afflalo,3,,,made,,3pt,48,8
Ben Gordon,Ben Wallace,Jonas Jerebko,Rodney Stuckey,Tayshaun Prince,Arron Afflalo,Chauncey Billups,Chris Andersen,Joey Graham,Ty Lawson,2,5:12,DEN,foul,,,,,,,,Tayshaun Prince,,Joey Graham,,,,,,shooting,,
Ben Gordon,Ben Wallace,Richard Hamilton,Rodney Stuckey,Tayshaun Prince,Arron Afflalo,Chauncey Billups,Chris Andersen,Joey Graham,Ty Lawson,2,5:12,DET,sub,,,,Richard Hamilton,,Jonas Jerebko,,,,,,,,,,,,
Ben Gordon,Ben Wallace,Richard Hamilton,Rodney Stuckey,Tayshaun Prince,Arron Afflalo,Chauncey Billups,Chris Andersen,Joey Graham,Ty Lawson,2,5:12,DET,free throw,,,,,,,1,,2,Tayshaun Prince,,,foul,missed,,,,
Ben Gordon,Ben Wallace,Richard Hamilton,Rodney Stuckey,Tayshaun Prince,Arron Afflalo,Chauncey Billups,Chris Andersen,Joey Graham,Ty Lawson,2,5:12,DET,rebound,,,,,,,,,,,,,,,,,,
Ben Gordon,Ben Wallace,Richard Hamilton,Rodney Stuckey,Tayshaun Prince,Arron Afflalo,Chauncey Billups,Chris Andersen,Joey Graham,Ty Lawson,2,5:12,DET,free throw,,,,,,,2,,2,Tayshaun Prince,,,foul,missed,,,,
Ben Gordon,Ben Wallace,Richard Hamilton,Rodney Stuckey,Tayshaun Prince,Arron Afflalo,Chauncey Billups,Chris Andersen,Joey Graham,Ty Lawson,2,5:11,DEN,rebound,,,,,,,,,,Joey Graham,,,,,,def,,
Ben Gordon,Ben Wallace,Richard Hamilton,Rodney Stuckey,Tayshaun Prince,Arron Afflalo,Chauncey Billups,Chris Andersen,Joey Graham,Ty Lawson,2,5:04,DEN,shot,,,,,,,,,,Chauncey Billups,2,,,made,,finger roll layup,25,6
Ben Gordon,Ben Wallace,Richard Hamilton,Rodney Stuckey,Tayshaun Prince,Arron Afflalo,Chauncey Billups,Chris Andersen,Joey Graham,Ty Lawson,2,4:46,DET,shot,Rodney Stuckey,,,,,,,,,Ben Wallace,2,,,made,,layup,25,6
Ben Gordon,Ben Wallace,Richard Hamilton,Rodney Stuckey,Tayshaun Prince,Arron Afflalo,Chauncey Billups,Chris Andersen,Joey Graham,Ty Lawson,2,4:39,DEN,turnover,,,,,,,,,,Ty Lawson,,,out of bounds lost ball turnover,,,,,
Ben Gordon,Ben Wallace,Richard Hamilton,Rodney Stuckey,Tayshaun Prince,Arron Afflalo,Chauncey Billups,Chris Andersen,Joey Graham,Ty Lawson,2,4:33,DET,turnover,,,,,,,,,,Rodney Stuckey,,,bad pass,,,,,
Ben Gordon,Ben Wallace,Richard Hamilton,Rodney Stuckey,Tayshaun Prince,Arron Afflalo,Carmelo Anthony,Chauncey Billups,Chris Andersen,Joey Graham,2,4:33,DEN,sub,,,,Carmelo Anthony,,Ty Lawson,,,,,,,,,,,,
Ben Gordon,Ben Wallace,Richard Hamilton,Rodney Stuckey,Tayshaun Prince,Arron Afflalo,Carmelo Anthony,Chauncey Billups,Joey Graham,Nene Hilario,2,4:33,DEN,sub,,,,Nene Hilario,,Chris Andersen,,,,,,,,,,,,
Ben Gordon,Ben Wallace,Richard Hamilton,Rodney Stuckey,Tayshaun Prince,Arron Afflalo,Carmelo Anthony,Chauncey Billups,Joey Graham,Nene Hilario,2,4:19,DEN,shot,,,Rodney Stuckey,,,,,,,Joey Graham,,,,missed,,running jump,33,7
Ben Gordon,Ben Wallace,Richard Hamilton,Rodney Stuckey,Tayshaun Prince,Arron Afflalo,Carmelo Anthony,Chauncey Billups,Joey Graham,Nene Hilario,2,4:16,DET,rebound,,,,,,,,,,Rodney Stuckey,,,,,,def,,
Ben Gordon,Ben Wallace,Richard Hamilton,Rodney Stuckey,Tayshaun Prince,Arron Afflalo,Carmelo Anthony,Chauncey Billups,Joey Graham,Nene Hilario,2,4:11,DET,shot,,,,,,,,,,Ben Gordon,,,,missed,,3pt,2,11
Ben Gordon,Ben Wallace,Richard Hamilton,Rodney Stuckey,Tayshaun Prince,Arron Afflalo,Carmelo Anthony,Chauncey Billups,Joey Graham,Nene Hilario,2,4:10,DEN,rebound,,,,,,,,,,Carmelo Anthony,,,,,,def,,
Ben Gordon,Ben Wallace,Richard Hamilton,Rodney Stuckey,Tayshaun Prince,Arron Afflalo,Carmelo Anthony,Chauncey Billups,Joey Graham,Nene Hilario,2,4:06,DEN,shot,Carmelo Anthony,,,,,,,,,Joey Graham,2,,,made,,running bank,19,12
Ben Gordon,Ben Wallace,Richard Hamilton,Rodney Stuckey,Tayshaun Prince,Arron Afflalo,Carmelo Anthony,Chauncey Billups,Joey Graham,Nene Hilario,2,3:45,DET,shot,,,,,,,,,,Rodney Stuckey,,,,missed,,jump,41,7
Ben Gordon,Ben Wallace,Richard Hamilton,Rodney Stuckey,Tayshaun Prince,Arron Afflalo,Carmelo Anthony,Chauncey Billups,Joey Graham,Nene Hilario,2,3:44,DEN,rebound,,,,,,,,,,Nene Hilario,,,,,,def,,
Ben Gordon,Ben Wallace,Richard Hamilton,Rodney Stuckey,Tayshaun Prince,Arron Afflalo,Carmelo Anthony,Chauncey Billups,Joey Graham,Nene Hilario,2,3:25,DEN,shot,,,,,,,,,,Arron Afflalo,,,,missed,,3pt,42,26
Ben Gordon,Ben Wallace,Richard Hamilton,Rodney Stuckey,Tayshaun Prince,Arron Afflalo,Carmelo Anthony,Chauncey Billups,Joey Graham,Nene Hilario,2,3:24,DEN,rebound,,,,,,,,,,Chauncey Billups,,,,,,off,,
Ben Gordon,Ben Wallace,Richard Hamilton,Rodney Stuckey,Tayshaun Prince,Arron Afflalo,Carmelo Anthony,Chauncey Billups,Joey Graham,Nene Hilario,2,3:23,DEN,foul,,,,,,,,Ben Wallace,,Carmelo Anthony,,,,,,offensive,,
Ben Gordon,Ben Wallace,Richard Hamilton,Rodney Stuckey,Tayshaun Prince,Arron Afflalo,Carmelo Anthony,Chauncey Billups,Joey Graham,Nene Hilario,2,3:23,DEN,turnover,,,,,,,,,,Carmelo Anthony,,,foul,,,,,
Ben Gordon,Ben Wallace,Richard Hamilton,Rodney Stuckey,Tayshaun Prince,Arron Afflalo,Carmelo Anthony,Chauncey Billups,Joey Graham,Nene Hilario,2,3:04,DEN,foul,,,,,,,,Tayshaun Prince,,Joey Graham,,,,,,shooting,,
Ben Gordon,Ben Wallace,Richard Hamilton,Rodney Stuckey,Tayshaun Prince,Arron Afflalo,Carmelo Anthony,Chauncey Billups,Joey Graham,Nene Hilario,2,3:04,DET,free throw,,,,,,,1,,2,Tayshaun Prince,,,foul,made,,,,
Ben Gordon,Ben Wallace,Richard Hamilton,Rodney Stuckey,Tayshaun Prince,Arron Afflalo,Carmelo Anthony,Chauncey Billups,Joey Graham,Nene Hilario,2,3:04,DET,free throw,,,,,,,2,,2,Tayshaun Prince,,,foul,made,,,,
Ben Gordon,Ben Wallace,Richard Hamilton,Rodney Stuckey,Tayshaun Prince,Arron Afflalo,Carmelo Anthony,Chauncey Billups,Joey Graham,Nene Hilario,2,2:58,DET,foul,,,,,,,,Chauncey Billups,,Ben Gordon,,,,,,personal,,
Ben Gordon,Ben Wallace,Richard Hamilton,Rodney Stuckey,Tayshaun Prince,Arron Afflalo,Carmelo Anthony,Chauncey Billups,Joey Graham,Nene Hilario,2,2:58,DET,timeout,,,,,,,,,,,,,,,,regular,,
Ben Gordon,Ben Wallace,Richard Hamilton,Rodney Stuckey,Tayshaun Prince,Arron Afflalo,Carmelo Anthony,Chauncey Billups,Joey Graham,Nene Hilario,2,2:51,DEN,turnover,,,,,,,,,,Carmelo Anthony,,,traveling,,,,,
Ben Gordon,Ben Wallace,Richard Hamilton,Rodney Stuckey,Tayshaun Prince,Arron Afflalo,Carmelo Anthony,Chauncey Billups,Joey Graham,Nene Hilario,2,2:38,DET,shot,,,,,,,,,,Tayshaun Prince,,,,missed,,jump,33,23
Ben Gordon,Ben Wallace,Richard Hamilton,Rodney Stuckey,Tayshaun Prince,Arron Afflalo,Carmelo Anthony,Chauncey Billups,Joey Graham,Nene Hilario,2,2:37,DET,rebound,,,,,,,,,,Ben Gordon,,,,,,off,,
Ben Gordon,Ben Wallace,Richard Hamilton,Rodney Stuckey,Tayshaun Prince,Arron Afflalo,Carmelo Anthony,Chauncey Billups,Joey Graham,Nene Hilario,2,2:30,DET,shot,,,,,,,,,,Ben Gordon,,,,missed,,driving layup,25,6
Ben Gordon,Ben Wallace,Richard Hamilton,Rodney Stuckey,Tayshaun Prince,Arron Afflalo,Carmelo Anthony,Chauncey Billups,Joey Graham,Nene Hilario,2,2:29,DET,rebound,,,,,,,,,,Ben Wallace,,,,,,off,,
Ben Gordon,Ben Wallace,Richard Hamilton,Rodney Stuckey,Tayshaun Prince,Arron Afflalo,Carmelo Anthony,Chauncey Billups,Joey Graham,Nene Hilario,2,2:27,DET,shot,,,,,,,,,,Ben Wallace,,,,missed,,layup,25,6
Ben Gordon,Ben Wallace,Richard Hamilton,Rodney Stuckey,Tayshaun Prince,Arron Afflalo,Carmelo Anthony,Chauncey Billups,Joey Graham,Nene Hilario,2,2:26,DET,rebound,,,,,,,,,,Ben Wallace,,,,,,off,,
Ben Gordon,Ben Wallace,Richard Hamilton,Rodney Stuckey,Tayshaun Prince,Arron Afflalo,Carmelo Anthony,Chauncey Billups,Joey Graham,Nene Hilario,2,2:26,DET,shot,,,,,,,,,,Ben Wallace,,,,missed,,tip,25,6
Ben Gordon,Ben Wallace,Richard Hamilton,Rodney Stuckey,Tayshaun Prince,Arron Afflalo,Carmelo Anthony,Chauncey Billups,Joey Graham,Nene Hilario,2,2:23,DEN,rebound,,,,,,,,,,Joey Graham,,,,,,def,,
Ben Gordon,Ben Wallace,Richard Hamilton,Rodney Stuckey,Tayshaun Prince,Arron Afflalo,Carmelo Anthony,Chauncey Billups,Joey Graham,Nene Hilario,2,2:13,DEN,shot,,,,,,,,,,Carmelo Anthony,,,,missed,,turnaround jump,14,12
Ben Gordon,Ben Wallace,Richard Hamilton,Rodney Stuckey,Tayshaun Prince,Arron Afflalo,Carmelo Anthony,Chauncey Billups,Joey Graham,Nene Hilario,2,2:12,DEN,rebound,,,,,,,,,,Joey Graham,,,,,,off,,
Ben Gordon,Ben Wallace,Richard Hamilton,Rodney Stuckey,Tayshaun Prince,Arron Afflalo,Carmelo Anthony,Chauncey Billups,Joey Graham,Nene Hilario,2,2:12,DEN,shot,,,,,,,,,,Joey Graham,,,,missed,,tip,25,6
Ben Gordon,Ben Wallace,Richard Hamilton,Rodney Stuckey,Tayshaun Prince,Arron Afflalo,Carmelo Anthony,Chauncey Billups,Joey Graham,Nene Hilario,2,2:09,DEN,rebound,,,,,,,,,,Nene Hilario,,,,,,off,,
Ben Gordon,Ben Wallace,Richard Hamilton,Rodney Stuckey,Tayshaun Prince,Arron Afflalo,Carmelo Anthony,Chauncey Billups,Joey Graham,Nene Hilario,2,2:07,DEN,shot,,,,,,,,,,Nene Hilario,2,,,made,,dunk,,
Ben Gordon,Ben Wallace,Richard Hamilton,Rodney Stuckey,Tayshaun Prince,Arron Afflalo,Carmelo Anthony,Chauncey Billups,Joey Graham,Nene Hilario,2,1:35,DET,shot,,,,,,,,,,Tayshaun Prince,,,,missed,,turnaround jump,41,6
Ben Gordon,Ben Wallace,Richard Hamilton,Rodney Stuckey,Tayshaun Prince,Arron Afflalo,Carmelo Anthony,Chauncey Billups,Joey Graham,Nene Hilario,2,1:34,DET,rebound,,,,,,,,,,Ben Wallace,,,,,,off,,
Ben Gordon,Ben Wallace,Richard Hamilton,Rodney Stuckey,Tayshaun Prince,Arron Afflalo,Carmelo Anthony,Chauncey Billups,Joey Graham,Nene Hilario,2,1:26,DET,shot,Richard Hamilton,,,,,,,,,Ben Gordon,3,,,made,,3pt,2,10
Ben Gordon,Ben Wallace,Richard Hamilton,Rodney Stuckey,Tayshaun Prince,Arron Afflalo,Carmelo Anthony,Chauncey Billups,Joey Graham,Nene Hilario,2,1:13,DEN,turnover,,,,,,,,,,Chauncey Billups,,,traveling,,,,,
Ben Gordon,Ben Wallace,Richard Hamilton,Rodney Stuckey,Tayshaun Prince,Arron Afflalo,Carmelo Anthony,Chauncey Billups,Joey Graham,Nene Hilario,2,0:59,DET,shot,,,,,,,,,,Tayshaun Prince,,,,missed,,jump,33,24
Ben Gordon,Ben Wallace,Richard Hamilton,Rodney Stuckey,Tayshaun Prince,Arron Afflalo,Carmelo Anthony,Chauncey Billups,Joey Graham,Nene Hilario,2,0:58,DEN,rebound,,,,,,,,,,Carmelo Anthony,,,,,,def,,
Ben Gordon,Ben Wallace,Richard Hamilton,Rodney Stuckey,Tayshaun Prince,Arron Afflalo,Carmelo Anthony,Chauncey Billups,Joey Graham,Nene Hilario,2,0:51,DEN,shot,,,,,,,,,,Carmelo Anthony,,,,missed,,jump,39,25
Ben Gordon,Ben Wallace,Richard Hamilton,Rodney Stuckey,Tayshaun Prince,Arron Afflalo,Carmelo Anthony,Chauncey Billups,Joey Graham,Nene Hilario,2,0:50,DEN,rebound,,,,,,,,,,,,,,,,,,
Ben Gordon,Ben Wallace,Richard Hamilton,Rodney Stuckey,Tayshaun Prince,Arron Afflalo,Carmelo Anthony,Chauncey Billups,Joey Graham,Nene Hilario,2,0:41,DEN,shot,,,,,,,,,,Carmelo Anthony,,,,missed,,layup,25,6
Ben Gordon,Ben Wallace,Richard Hamilton,Rodney Stuckey,Tayshaun Prince,Arron Afflalo,Carmelo Anthony,Chauncey Billups,Joey Graham,Nene Hilario,2,0:39,DET,rebound,,,,,,,,,,Tayshaun Prince,,,,,,def,,
Ben Gordon,Ben Wallace,Richard Hamilton,Rodney Stuckey,Tayshaun Prince,Arron Afflalo,Carmelo Anthony,Chauncey Billups,Joey Graham,Nene Hilario,2,0:32,DET,shot,,,,,,,,,,Ben Gordon,,,,missed,,3pt,45,22
Ben Gordon,Ben Wallace,Richard Hamilton,Rodney Stuckey,Tayshaun Prince,Arron Afflalo,Carmelo Anthony,Chauncey Billups,Joey Graham,Nene Hilario,2,0:31,DEN,rebound,,,,,,,,,,Joey Graham,,,,,,def,,
Ben Gordon,Ben Wallace,Richard Hamilton,Rodney Stuckey,Tayshaun Prince,Arron Afflalo,Carmelo Anthony,Chauncey Billups,Joey Graham,Nene Hilario,2,0:14,DEN,shot,Joey Graham,,,,,,,,,Carmelo Anthony,2,,,made,,layup,25,6
Ben Gordon,Ben Wallace,Richard Hamilton,Rodney Stuckey,Tayshaun Prince,Arron Afflalo,Carmelo Anthony,Chauncey Billups,Joey Graham,Nene Hilario,2,0:04,DEN,foul,,,,,,,,Richard Hamilton,,Arron Afflalo,,,,,,shooting,,
Ben Gordon,Ben Wallace,Richard Hamilton,Rodney Stuckey,Tayshaun Prince,Arron Afflalo,Carmelo Anthony,Chauncey Billups,Joey Graham,Nene Hilario,2,0:04,DET,free throw,,,,,,,1,,3,Richard Hamilton,,,foul,made,,,,
Ben Gordon,Ben Wallace,Richard Hamilton,Rodney Stuckey,Tayshaun Prince,Arron Afflalo,Carmelo Anthony,Chauncey Billups,Joey Graham,Nene Hilario,2,0:04,DET,free throw,,,,,,,2,,3,Richard Hamilton,,,foul,made,,,,
Ben Wallace,Jonas Jerebko,Richard Hamilton,Rodney Stuckey,Tayshaun Prince,Arron Afflalo,Carmelo Anthony,Chauncey Billups,Joey Graham,Nene Hilario,2,0:04,DET,sub,,,,Jonas Jerebko,,Ben Gordon,,,,,,,,,,,,
Ben Wallace,Jonas Jerebko,Richard Hamilton,Rodney Stuckey,Tayshaun Prince,Arron Afflalo,Carmelo Anthony,Chauncey Billups,Joey Graham,Nene Hilario,2,0:04,DET,free throw,,,,,,,3,,3,Richard Hamilton,,,foul,made,,,,
Ben Wallace,Jonas Jerebko,Richard Hamilton,Rodney Stuckey,Tayshaun Prince,Arron Afflalo,Carmelo Anthony,Chauncey Billups,Joey Graham,Nene Hilario,2,0:00,DEN,shot,,,,,,,,,,Carmelo Anthony,,,,missed,,jump,43,20
Ben Wallace,Jonas Jerebko,Richard Hamilton,Rodney Stuckey,Tayshaun Prince,Arron Afflalo,Carmelo Anthony,Chauncey Billups,Joey Graham,Nene Hilario,2,0:00,DEN,rebound,,,,,,,,,,,,,,,,,,
Ben Wallace,Jonas Jerebko,Richard Hamilton,Rodney Stuckey,Tayshaun Prince,Arron Afflalo,Carmelo Anthony,Chauncey Billups,Malik Allen,Nene Hilario,3,11:39,DEN,shot,,,,,,,,,,Nene Hilario,,,,missed,,turnaround jump,,
Ben Wallace,Jonas Jerebko,Richard Hamilton,Rodney Stuckey,Tayshaun Prince,Arron Afflalo,Carmelo Anthony,Chauncey Billups,Malik Allen,Nene Hilario,3,11:38,DET,rebound,,,,,,,,,,Rodney Stuckey,,,,,,def,,
Ben Wallace,Jonas Jerebko,Richard Hamilton,Rodney Stuckey,Tayshaun Prince,Arron Afflalo,Carmelo Anthony,Chauncey Billups,Malik Allen,Nene Hilario,3,11:25,DET,shot,,,,,,,,,,Tayshaun Prince,2,,,made,,driving finger roll layup,25,6
Ben Wallace,Jonas Jerebko,Richard Hamilton,Rodney Stuckey,Tayshaun Prince,Arron Afflalo,Carmelo Anthony,Chauncey Billups,Malik Allen,Nene Hilario,3,11:05,DEN,shot,,,,,,,,,,Carmelo Anthony,,,,missed,,3pt,33,31
Ben Wallace,Jonas Jerebko,Richard Hamilton,Rodney Stuckey,Tayshaun Prince,Arron Afflalo,Carmelo Anthony,Chauncey Billups,Malik Allen,Nene Hilario,3,11:04,DET,rebound,,,,,,,,,,Richard Hamilton,,,,,,def,,
Ben Wallace,Jonas Jerebko,Richard Hamilton,Rodney Stuckey,Tayshaun Prince,Arron Afflalo,Carmelo Anthony,Chauncey Billups,Malik Allen,Nene Hilario,3,10:55,DET,shot,,,,,,,,,,Rodney Stuckey,,,,missed,,jump,34,20
Ben Wallace,Jonas Jerebko,Richard Hamilton,Rodney Stuckey,Tayshaun Prince,Arron Afflalo,Carmelo Anthony,Chauncey Billups,Malik Allen,Nene Hilario,3,10:54,DEN,rebound,,,,,,,,,,Nene Hilario,,,,,,def,,
Ben Wallace,Jonas Jerebko,Richard Hamilton,Rodney Stuckey,Tayshaun Prince,Arron Afflalo,Carmelo Anthony,Chauncey Billups,Malik Allen,Nene Hilario,3,10:38,DEN,shot,,,,,,,,,,Carmelo Anthony,,,,missed,,driving finger roll layup,25,6
Ben Wallace,Jonas Jerebko,Richard Hamilton,Rodney Stuckey,Tayshaun Prince,Arron Afflalo,Carmelo Anthony,Chauncey Billups,Malik Allen,Nene Hilario,3,10:36,DEN,rebound,,,,,,,,,,Nene Hilario,,,,,,off,,
Ben Wallace,Jonas Jerebko,Richard Hamilton,Rodney Stuckey,Tayshaun Prince,Arron Afflalo,Carmelo Anthony,Chauncey Billups,Malik Allen,Nene Hilario,3,10:28,DEN,shot,,,,,,,,,,Carmelo Anthony,,,,missed,,jump,7,8
Ben Wallace,Jonas Jerebko,Richard Hamilton,Rodney Stuckey,Tayshaun Prince,Arron Afflalo,Carmelo Anthony,Chauncey Billups,Malik Allen,Nene Hilario,3,10:27,DET,rebound,,,,,,,,,,Ben Wallace,,,,,,def,,
Ben Wallace,Jonas Jerebko,Richard Hamilton,Rodney Stuckey,Tayshaun Prince,Arron Afflalo,Carmelo Anthony,Chauncey Billups,Malik Allen,Nene Hilario,3,10:09,DET,shot,Jonas Jerebko,,,,,,,,,Ben Wallace,2,,,made,,layup,25,6
Ben Wallace,Jonas Jerebko,Richard Hamilton,Rodney Stuckey,Tayshaun Prince,Arron Afflalo,Carmelo Anthony,Chauncey Billups,Malik Allen,Nene Hilario,3,10:09,DEN,foul,,,,,,,,Ben Wallace,,Chauncey Billups,,,,,,shooting,,
Ben Wallace,Jonas Jerebko,Richard Hamilton,Rodney Stuckey,Tayshaun Prince,Arron Afflalo,Carmelo Anthony,Chauncey Billups,Malik Allen,Nene Hilario,3,10:09,DET,free throw,,,,,,,1,,1,Ben Wallace,,,foul,made,,,,
Ben Wallace,Jonas Jerebko,Richard Hamilton,Rodney Stuckey,Tayshaun Prince,Arron Afflalo,Carmelo Anthony,Chauncey Billups,Malik Allen,Nene Hilario,3,9:58,DEN,shot,,,,,,,,,,Chauncey Billups,,,,missed,,jump,23,24
Ben Wallace,Jonas Jerebko,Richard Hamilton,Rodney Stuckey,Tayshaun Prince,Arron Afflalo,Carmelo Anthony,Chauncey Billups,Malik Allen,Nene Hilario,3,9:57,DET,rebound,,,,,,,,,,,,,,,,,,
Ben Wallace,Jonas Jerebko,Richard Hamilton,Rodney Stuckey,Tayshaun Prince,Arron Afflalo,Carmelo Anthony,Chauncey Billups,Malik Allen,Nene Hilario,3,9:38,DEN,foul,,,,,,,,Rodney Stuckey,,Chauncey Billups,,,,,,personal,,
Ben Wallace,Jonas Jerebko,Richard Hamilton,Rodney Stuckey,Tayshaun Prince,Arron Afflalo,Carmelo Anthony,Chauncey Billups,Malik Allen,Nene Hilario,3,9:28,DET,shot,,,,,,,,,,Tayshaun Prince,,,,missed,,turnaround jump,40,7
Ben Wallace,Jonas Jerebko,Richard Hamilton,Rodney Stuckey,Tayshaun Prince,Arron Afflalo,Carmelo Anthony,Chauncey Billups,Malik Allen,Nene Hilario,3,9:27,DEN,rebound,,,,,,,,,,,,,,,,,,
Ben Wallace,Jonas Jerebko,Richard Hamilton,Rodney Stuckey,Tayshaun Prince,Arron Afflalo,Carmelo Anthony,Chauncey Billups,Malik Allen,Nene Hilario,3,9:12,DEN,shot,Carmelo Anthony,,,,,,,,,Chauncey Billups,3,,,made,,3pt,31,30
Ben Wallace,Jonas Jerebko,Richard Hamilton,Rodney Stuckey,Tayshaun Prince,Arron Afflalo,Carmelo Anthony,Chauncey Billups,Malik Allen,Nene Hilario,3,8:48,DET,shot,,,,,,,,,,Jonas Jerebko,,,,missed,,3pt,43,25
Ben Wallace,Jonas Jerebko,Richard Hamilton,Rodney Stuckey,Tayshaun Prince,Arron Afflalo,Carmelo Anthony,Chauncey Billups,Malik Allen,Nene Hilario,3,8:47,DET,rebound,,,,,,,,,,Ben Wallace,,,,,,off,,
Ben Wallace,Jonas Jerebko,Richard Hamilton,Rodney Stuckey,Tayshaun Prince,Arron Afflalo,Carmelo Anthony,Chauncey Billups,Malik Allen,Nene Hilario,3,8:46,DEN,foul,,,,,,,,Ben Wallace,,Nene Hilario,,,,,,shooting,,
Ben Wallace,Jonas Jerebko,Richard Hamilton,Rodney Stuckey,Tayshaun Prince,Arron Afflalo,Carmelo Anthony,Chauncey Billups,Malik Allen,Nene Hilario,3,8:46,DET,free throw,,,,,,,1,,2,Ben Wallace,,,foul,missed,,,,
Ben Wallace,Jonas Jerebko,Richard Hamilton,Rodney Stuckey,Tayshaun Prince,Arron Afflalo,Carmelo Anthony,Chauncey Billups,Malik Allen,Nene Hilario,3,8:46,DET,rebound,,,,,,,,,,,,,,,,,,
Ben Wallace,Jonas Jerebko,Richard Hamilton,Rodney Stuckey,Tayshaun Prince,Arron Afflalo,Carmelo Anthony,Chauncey Billups,Malik Allen,Nene Hilario,3,8:46,DET,free throw,,,,,,,2,,2,Ben Wallace,,,foul,missed,,,,
Ben Wallace,Jonas Jerebko,Richard Hamilton,Rodney Stuckey,Tayshaun Prince,Arron Afflalo,Carmelo Anthony,Chauncey Billups,Malik Allen,Nene Hilario,3,8:44,DEN,rebound,,,,,,,,,,Arron Afflalo,,,,,,def,,
Ben Wallace,Jonas Jerebko,Richard Hamilton,Rodney Stuckey,Tayshaun Prince,Arron Afflalo,Carmelo Anthony,Chauncey Billups,Malik Allen,Nene Hilario,3,8:38,DEN,shot,,,,,,,,,,Chauncey Billups,,,,missed,,3pt,42,26
Ben Wallace,Jonas Jerebko,Richard Hamilton,Rodney Stuckey,Tayshaun Prince,Arron Afflalo,Carmelo Anthony,Chauncey Billups,Malik Allen,Nene Hilario,3,8:37,DEN,rebound,,,,,,,,,,Malik Allen,,,,,,off,,
Ben Wallace,Jonas Jerebko,Richard Hamilton,Rodney Stuckey,Tayshaun Prince,Arron Afflalo,Carmelo Anthony,Chauncey Billups,Malik Allen,Nene Hilario,3,8:33,DEN,shot,,,,,,,,,,Arron Afflalo,,,,missed,,3pt,2,12
Ben Wallace,Jonas Jerebko,Richard Hamilton,Rodney Stuckey,Tayshaun Prince,Arron Afflalo,Carmelo Anthony,Chauncey Billups,Malik Allen,Nene Hilario,3,8:32,DEN,rebound,,,,,,,,,,Arron Afflalo,,,,,,off,,
Ben Wallace,Jonas Jerebko,Richard Hamilton,Rodney Stuckey,Tayshaun Prince,Arron Afflalo,Carmelo Anthony,Chauncey Billups,Malik Allen,Nene Hilario,3,8:30,DET,foul,,,,,,,,Nene Hilario,,Jonas Jerebko,,,,,,shooting,,
Ben Wallace,Jonas Jerebko,Richard Hamilton,Rodney Stuckey,Tayshaun Prince,Arron Afflalo,Carmelo Anthony,Chauncey Billups,Malik Allen,Nene Hilario,3,8:30,DEN,free throw,,,,,,,1,,2,Nene Hilario,,,foul,made,,,,
Ben Wallace,Jonas Jerebko,Richard Hamilton,Rodney Stuckey,Tayshaun Prince,Arron Afflalo,Carmelo Anthony,Chauncey Billups,Malik Allen,Nene Hilario,3,8:30,DEN,free throw,,,,,,,2,,2,Nene Hilario,,,foul,made,,,,
Ben Wallace,Jonas Jerebko,Richard Hamilton,Rodney Stuckey,Tayshaun Prince,Arron Afflalo,Carmelo Anthony,Chauncey Billups,Malik Allen,Nene Hilario,3,8:16,DET,turnover,,,,,,,,,,Rodney Stuckey,,,bad pass,,,,,
Ben Wallace,Jonas Jerebko,Richard Hamilton,Rodney Stuckey,Tayshaun Prince,Arron Afflalo,Carmelo Anthony,Chauncey Billups,Malik Allen,Nene Hilario,3,7:55,DEN,turnover,,,,,,,,,,Chauncey Billups,,,lost ball,,Rodney Stuckey,,,
Ben Wallace,Jonas Jerebko,Richard Hamilton,Rodney Stuckey,Tayshaun Prince,Arron Afflalo,Carmelo Anthony,Chauncey Billups,Malik Allen,Nene Hilario,3,7:53,DEN,foul,,,,,,,,Richard Hamilton,,Malik Allen,,,,,,shooting,,
Ben Wallace,Jonas Jerebko,Richard Hamilton,Rodney Stuckey,Tayshaun Prince,Arron Afflalo,Carmelo Anthony,Chauncey Billups,Malik Allen,Nene Hilario,3,7:53,DET,free throw,,,,,,,1,,2,Richard Hamilton,,,foul,made,,,,
Ben Wallace,Jonas Jerebko,Richard Hamilton,Rodney Stuckey,Tayshaun Prince,Arron Afflalo,Carmelo Anthony,Chauncey Billups,Malik Allen,Nene Hilario,3,7:53,DET,free throw,,,,,,,2,,2,Richard Hamilton,,,foul,made,,,,
Ben Wallace,Jonas Jerebko,Richard Hamilton,Rodney Stuckey,Tayshaun Prince,Arron Afflalo,Carmelo Anthony,Chauncey Billups,Malik Allen,Nene Hilario,3,7:33,DEN,shot,,,,,,,,,,Carmelo Anthony,,,,missed,,jump,13,21
Ben Wallace,Jonas Jerebko,Richard Hamilton,Rodney Stuckey,Tayshaun Prince,Arron Afflalo,Carmelo Anthony,Chauncey Billups,Malik Allen,Nene Hilario,3,7:32,DET,rebound,,,,,,,,,,Tayshaun Prince,,,,,,def,,
Ben Wallace,Jonas Jerebko,Richard Hamilton,Rodney Stuckey,Tayshaun Prince,Arron Afflalo,Carmelo Anthony,Chauncey Billups,Malik Allen,Nene Hilario,3,7:21,DET,shot,Rodney Stuckey,,,,,,,,,Jonas Jerebko,2,,,made,,jump hook,21,13
Ben Wallace,Jonas Jerebko,Richard Hamilton,Rodney Stuckey,Tayshaun Prince,Arron Afflalo,Carmelo Anthony,Chauncey Billups,Chris Andersen,Nene Hilario,3,7:05,DEN,sub,,,,Chris Andersen,,Malik Allen,,,,,,,,,,,,
Ben Wallace,Jonas Jerebko,Richard Hamilton,Rodney Stuckey,Tayshaun Prince,Arron Afflalo,Carmelo Anthony,Chauncey Billups,Chris Andersen,Nene Hilario,3,7:01,DEN,shot,Arron Afflalo,,,,,,,,,Nene Hilario,2,,,made,,jump,,
Ben Wallace,Jonas Jerebko,Richard Hamilton,Rodney Stuckey,Tayshaun Prince,Arron Afflalo,Carmelo Anthony,Chauncey Billups,Chris Andersen,Nene Hilario,3,6:43,DET,shot,Richard Hamilton,,,,,,,,,Ben Wallace,2,,,made,,layup,25,6
Ben Wallace,Jonas Jerebko,Richard Hamilton,Rodney Stuckey,Tayshaun Prince,Arron Afflalo,Carmelo Anthony,Chauncey Billups,Chris Andersen,Nene Hilario,3,6:33,DEN,turnover,,,,,,,,,,Nene Hilario,,,traveling,,,,,
Ben Wallace,Jonas Jerebko,Richard Hamilton,Rodney Stuckey,Tayshaun Prince,Arron Afflalo,Carmelo Anthony,Chauncey Billups,Chris Andersen,Nene Hilario,3,6:18,DET,shot,Ben Wallace,,,,,,,,,Rodney Stuckey,2,,,made,,layup,25,6
Ben Wallace,Jonas Jerebko,Richard Hamilton,Rodney Stuckey,Tayshaun Prince,Arron Afflalo,Carmelo Anthony,Chauncey Billups,Chris Andersen,Nene Hilario,3,6:00,DEN,shot,,,,,,,,,,Carmelo Anthony,,,,missed,,jump,8,16
Ben Wallace,Jonas Jerebko,Richard Hamilton,Rodney Stuckey,Tayshaun Prince,Arron Afflalo,Carmelo Anthony,Chauncey Billups,Chris Andersen,Nene Hilario,3,5:59,DET,rebound,,,,,,,,,,Ben Wallace,,,,,,def,,
Ben Wallace,Jonas Jerebko,Richard Hamilton,Rodney Stuckey,Tayshaun Prince,Arron Afflalo,Carmelo Anthony,Chauncey Billups,Chris Andersen,Nene Hilario,3,5:43,DET,shot,,,,,,,,,,Richard Hamilton,,,,missed,,jump,10,14
Ben Wallace,Jonas Jerebko,Richard Hamilton,Rodney Stuckey,Tayshaun Prince,Arron Afflalo,Carmelo Anthony,Chauncey Billups,Chris Andersen,Nene Hilario,3,5:42,DEN,rebound,,,,,,,,,,Chris Andersen,,,,,,def,,
Ben Wallace,Jonas Jerebko,Richard Hamilton,Rodney Stuckey,Tayshaun Prince,Arron Afflalo,Carmelo Anthony,Chauncey Billups,Chris Andersen,Nene Hilario,3,5:33,DET,foul,,,,,,,,Chauncey Billups,,Richard Hamilton,,,,,,personal,,
Ben Wallace,Jonas Jerebko,Richard Hamilton,Rodney Stuckey,Tayshaun Prince,Arron Afflalo,Carmelo Anthony,Chauncey Billups,Chris Andersen,Nene Hilario,3,5:33,DEN,timeout,,,,,,,,,,,,,,,,regular,,
Ben Wallace,Jonas Jerebko,Richard Hamilton,Rodney Stuckey,Tayshaun Prince,Arron Afflalo,Carmelo Anthony,Chauncey Billups,Chris Andersen,Nene Hilario,3,5:23,DEN,turnover,,,,,,,,,,Nene Hilario,,,bad pass,,Tayshaun Prince,,,
Ben Wallace,Jonas Jerebko,Richard Hamilton,Rodney Stuckey,Tayshaun Prince,Arron Afflalo,Carmelo Anthony,Chauncey Billups,Chris Andersen,Nene Hilario,3,5:20,DET,shot,,,Chris Andersen,,,,,,,Richard Hamilton,,,,missed,,reverse layup,25,6
Ben Wallace,Jonas Jerebko,Richard Hamilton,Rodney Stuckey,Tayshaun Prince,Arron Afflalo,Carmelo Anthony,Chauncey Billups,Chris Andersen,Nene Hilario,3,5:19,DET,rebound,,,,,,,,,,,,,,,,,,
Ben Wallace,Jonas Jerebko,Richard Hamilton,Rodney Stuckey,Tayshaun Prince,Arron Afflalo,Carmelo Anthony,Chauncey Billups,Chris Andersen,Nene Hilario,3,5:13,DEN,foul,,,,,,,,Richard Hamilton,,Arron Afflalo,,,,,,personal,,
Ben Wallace,Jonas Jerebko,Richard Hamilton,Rodney Stuckey,Tayshaun Prince,Arron Afflalo,Carmelo Anthony,Chauncey Billups,Chris Andersen,Nene Hilario,3,5:13,DET,free throw,,,,,,,1,,2,Richard Hamilton,,,foul,missed,,,,
Ben Wallace,Jonas Jerebko,Richard Hamilton,Rodney Stuckey,Tayshaun Prince,Arron Afflalo,Carmelo Anthony,Chauncey Billups,Chris Andersen,Nene Hilario,3,5:13,DET,rebound,,,,,,,,,,,,,,,,,,
Ben Wallace,Jonas Jerebko,Richard Hamilton,Rodney Stuckey,Tayshaun Prince,Arron Afflalo,Carmelo Anthony,Chauncey Billups,Chris Andersen,Nene Hilario,3,5:13,DET,free throw,,,,,,,2,,2,Richard Hamilton,,,foul,made,,,,
Ben Wallace,Jonas Jerebko,Richard Hamilton,Rodney Stuckey,Tayshaun Prince,Arron Afflalo,Carmelo Anthony,Chauncey Billups,Chris Andersen,Nene Hilario,3,4:57,DET,foul,,,,,,,,Carmelo Anthony,,Jonas Jerebko,,,,,,shooting,,
Ben Wallace,Jonas Jerebko,Richard Hamilton,Rodney Stuckey,Tayshaun Prince,Carmelo Anthony,Chauncey Billups,Chris Andersen,J.R. Smith,Nene Hilario,3,4:57,DEN,sub,,,,J.R. Smith,,Arron Afflalo,,,,,,,,,,,,
Ben Wallace,Jonas Jerebko,Richard Hamilton,Rodney Stuckey,Tayshaun Prince,Carmelo Anthony,Chauncey Billups,Chris Andersen,J.R. Smith,Nene Hilario,3,4:57,DET,foul,,,,,,,,,,Walker,,,,,,technical,,
Ben Wallace,Jonas Jerebko,Richard Hamilton,Rodney Stuckey,Tayshaun Prince,Carmelo Anthony,Chauncey Billups,Chris Andersen,J.R. Smith,Nene Hilario,3,4:57,DEN,free throw,,,,,,,1,,1,Carmelo Anthony,,,technical,missed,,,,
Ben Wallace,Jonas Jerebko,Richard Hamilton,Rodney Stuckey,Tayshaun Prince,Carmelo Anthony,Chauncey Billups,Chris Andersen,J.R. Smith,Nene Hilario,3,4:57,DEN,rebound,,,,,,,,,,,,,,,,,,
Ben Wallace,Jonas Jerebko,Richard Hamilton,Rodney Stuckey,Tayshaun Prince,Carmelo Anthony,Chauncey Billups,Chris Andersen,J.R. Smith,Nene Hilario,3,4:57,DEN,free throw,,,,,,,1,,2,Carmelo Anthony,,,foul,made,,,,
Ben Wallace,Jonas Jerebko,Richard Hamilton,Rodney Stuckey,Tayshaun Prince,Carmelo Anthony,Chauncey Billups,Chris Andersen,J.R. Smith,Nene Hilario,3,4:57,DEN,free throw,,,,,,,2,,2,Carmelo Anthony,,,foul,made,,,,
Ben Wallace,Jonas Jerebko,Richard Hamilton,Rodney Stuckey,Tayshaun Prince,Carmelo Anthony,Chauncey Billups,Chris Andersen,J.R. Smith,Nene Hilario,3,4:39,DET,turnover,,,,,,,,,,Ben Wallace,,,bad pass,,,,,
Ben Wallace,Jonas Jerebko,Richard Hamilton,Rodney Stuckey,Tayshaun Prince,Carmelo Anthony,Chauncey Billups,Chris Andersen,J.R. Smith,Nene Hilario,3,4:25,DEN,turnover,,,,,,,,,,Chauncey Billups,,,bad pass,,Jonas Jerebko,,,
Ben Wallace,Jonas Jerebko,Richard Hamilton,Rodney Stuckey,Tayshaun Prince,Carmelo Anthony,Chauncey Billups,Chris Andersen,J.R. Smith,Nene Hilario,3,4:23,DET,shot,,,J.R. Smith,,,,,,,Rodney Stuckey,,,,missed,,layup,25,6
Ben Wallace,Jonas Jerebko,Richard Hamilton,Rodney Stuckey,Tayshaun Prince,Carmelo Anthony,Chauncey Billups,Chris Andersen,J.R. Smith,Nene Hilario,3,4:22,DET,rebound,,,,,,,,,,,,,,,,,,
Ben Wallace,Charlie Villanueva,Jonas Jerebko,Richard Hamilton,Rodney Stuckey,Carmelo Anthony,Chauncey Billups,Chris Andersen,J.R. Smith,Nene Hilario,3,4:22,DET,sub,,,,Charlie Villanueva,,Tayshaun Prince,,,,,,,,,,,,
Ben Wallace,Charlie Villanueva,Jonas Jerebko,Richard Hamilton,Rodney Stuckey,Carmelo Anthony,Chauncey Billups,Chris Andersen,J.R. Smith,Nene Hilario,3,4:18,DET,shot,,,Chris Andersen,,,,,,,Charlie Villanueva,,,,missed,,reverse layup,25,6
Ben Wallace,Charlie Villanueva,Jonas Jerebko,Richard Hamilton,Rodney Stuckey,Carmelo Anthony,Chauncey Billups,Chris Andersen,J.R. Smith,Nene Hilario,3,4:16,DEN,rebound,,,,,,,,,,Carmelo Anthony,,,,,,def,,
Ben Wallace,Charlie Villanueva,Jonas Jerebko,Richard Hamilton,Rodney Stuckey,Carmelo Anthony,Chauncey Billups,Chris Andersen,J.R. Smith,Nene Hilario,3,4:12,DET,foul,,,,,,,,Carmelo Anthony,,Jonas Jerebko,,,,,,personal,,
Austin Daye,Ben Wallace,Charlie Villanueva,Richard Hamilton,Rodney Stuckey,Carmelo Anthony,Chauncey Billups,Chris Andersen,J.R. Smith,Nene Hilario,3,4:12,DET,sub,,,,Austin Daye,,Jonas Jerebko,,,,,,,,,,,,
Austin Daye,Ben Wallace,Charlie Villanueva,Richard Hamilton,Rodney Stuckey,Carmelo Anthony,Chauncey Billups,Chris Andersen,J.R. Smith,Nene Hilario,3,4:07,DEN,shot,Nene Hilario,,,,,,,,,J.R. Smith,3,,,made,,3pt,44,25
Austin Daye,Ben Wallace,Charlie Villanueva,Richard Hamilton,Rodney Stuckey,Carmelo Anthony,Chauncey Billups,Chris Andersen,J.R. Smith,Nene Hilario,3,3:41,DET,shot,,,,,,,,,,Rodney Stuckey,2,,,made,,jump,26,25
Austin Daye,Ben Wallace,Charlie Villanueva,Richard Hamilton,Rodney Stuckey,Carmelo Anthony,Chauncey Billups,Chris Andersen,J.R. Smith,Nene Hilario,3,3:27,DEN,shot,,,,,,,,,,Carmelo Anthony,2,,,made,,running jump,20,12
Austin Daye,Ben Wallace,Charlie Villanueva,Richard Hamilton,Rodney Stuckey,Carmelo Anthony,Chauncey Billups,Chris Andersen,J.R. Smith,Nene Hilario,3,3:27,DET,foul,,,,,,,,Carmelo Anthony,,Austin Daye,,,,,,shooting,,
Austin Daye,Ben Wallace,Charlie Villanueva,Richard Hamilton,Rodney Stuckey,Carmelo Anthony,Chauncey Billups,Chris Andersen,J.R. Smith,Nene Hilario,3,3:27,DEN,free throw,,,,,,,1,,1,Carmelo Anthony,,,foul,missed,,,,
Austin Daye,Ben Wallace,Charlie Villanueva,Richard Hamilton,Rodney Stuckey,Carmelo Anthony,Chauncey Billups,Chris Andersen,J.R. Smith,Nene Hilario,3,3:25,DET,rebound,,,,,,,,,,Charlie Villanueva,,,,,,def,,
Austin Daye,Ben Wallace,Charlie Villanueva,Richard Hamilton,Rodney Stuckey,Carmelo Anthony,Chauncey Billups,Chris Andersen,J.R. Smith,Nene Hilario,3,3:04,DET,shot,,,,,,,,,,Charlie Villanueva,2,,,made,,jump,22,21
Austin Daye,Ben Wallace,Charlie Villanueva,Richard Hamilton,Rodney Stuckey,Carmelo Anthony,Chauncey Billups,Chris Andersen,J.R. Smith,Nene Hilario,3,2:52,DEN,shot,,,Austin Daye,,,,,,,Carmelo Anthony,,,,missed,,driving layup,25,6
Austin Daye,Ben Wallace,Charlie Villanueva,Richard Hamilton,Rodney Stuckey,Carmelo Anthony,Chauncey Billups,Chris Andersen,J.R. Smith,Nene Hilario,3,2:50,DET,rebound,,,,,,,,,,Charlie Villanueva,,,,,,def,,
Austin Daye,Ben Wallace,Charlie Villanueva,Richard Hamilton,Rodney Stuckey,Carmelo Anthony,Chauncey Billups,Chris Andersen,J.R. Smith,Nene Hilario,3,2:43,DET,shot,,,,,,,,,,Richard Hamilton,,,,missed,,3pt,46,22
Austin Daye,Ben Wallace,Charlie Villanueva,Richard Hamilton,Rodney Stuckey,Carmelo Anthony,Chauncey Billups,Chris Andersen,J.R. Smith,Nene Hilario,3,2:42,DET,rebound,,,,,,,,,,Austin Daye,,,,,,off,,
Austin Daye,Ben Wallace,Charlie Villanueva,Richard Hamilton,Rodney Stuckey,Carmelo Anthony,Chauncey Billups,Chris Andersen,J.R. Smith,Nene Hilario,3,2:41,DET,shot,,,Nene Hilario,,,,,,,Austin Daye,,,,missed,,layup,25,6
Austin Daye,Ben Wallace,Charlie Villanueva,Richard Hamilton,Rodney Stuckey,Carmelo Anthony,Chauncey Billups,Chris Andersen,J.R. Smith,Nene Hilario,3,2:39,DET,rebound,,,,,,,,,,Rodney Stuckey,,,,,,off,,
Austin Daye,Ben Wallace,Charlie Villanueva,Richard Hamilton,Rodney Stuckey,Carmelo Anthony,Chauncey Billups,Chris Andersen,J.R. Smith,Nene Hilario,3,2:33,DET,shot,Rodney Stuckey,,,,,,,,,Austin Daye,3,,,made,,3pt,1,9
Austin Daye,Ben Wallace,Charlie Villanueva,Richard Hamilton,Rodney Stuckey,Carmelo Anthony,Chauncey Billups,Chris Andersen,J.R. Smith,Nene Hilario,3,2:11,DEN,shot,,,Ben Wallace,,,,,,,Nene Hilario,,,,missed,,reverse layup,,
Austin Daye,Ben Wallace,Charlie Villanueva,Richard Hamilton,Rodney Stuckey,Carmelo Anthony,Chauncey Billups,Chris Andersen,J.R. Smith,Nene Hilario,3,2:10,DEN,rebound,,,,,,,,,,,,,,,,,,
Austin Daye,Ben Wallace,Charlie Villanueva,Richard Hamilton,Rodney Stuckey,Carmelo Anthony,Chauncey Billups,Chris Andersen,J.R. Smith,Nene Hilario,3,2:10,DEN,turnover,,,,,,,,,,,,,shot clock turnover,,,,,
Austin Daye,Ben Wallace,Charlie Villanueva,Richard Hamilton,Rodney Stuckey,Carmelo Anthony,Chauncey Billups,Chris Andersen,J.R. Smith,Nene Hilario,3,2:10,DET,timeout,,,,,,,,,,,,,,,,regular,,
Austin Daye,Ben Wallace,Charlie Villanueva,Richard Hamilton,Rodney Stuckey,Arron Afflalo,Chauncey Billups,Chris Andersen,J.R. Smith,Nene Hilario,3,2:10,DEN,sub,,,,Arron Afflalo,,Carmelo Anthony,,,,,,,,,,,,
Austin Daye,Ben Wallace,Charlie Villanueva,Richard Hamilton,Rodney Stuckey,Arron Afflalo,Chauncey Billups,Chris Andersen,J.R. Smith,Joey Graham,3,2:10,DEN,sub,,,,Joey Graham,,Nene Hilario,,,,,,,,,,,,
Austin Daye,Ben Wallace,Charlie Villanueva,Richard Hamilton,Rodney Stuckey,Arron Afflalo,Chauncey Billups,Chris Andersen,J.R. Smith,Joey Graham,3,1:58,DET,turnover,,,,,,,,,,Richard Hamilton,,,bad pass,,J.R. Smith,,,
Austin Daye,Ben Wallace,Charlie Villanueva,Richard Hamilton,Rodney Stuckey,Arron Afflalo,Chauncey Billups,Chris Andersen,J.R. Smith,Joey Graham,3,1:55,DET,foul,,,,,,,,J.R. Smith,,Austin Daye,,,,,,shooting,,
Austin Daye,Ben Wallace,Charlie Villanueva,Richard Hamilton,Rodney Stuckey,Arron Afflalo,Chauncey Billups,Chris Andersen,J.R. Smith,Joey Graham,3,1:55,DEN,free throw,,,,,,,1,,2,J.R. Smith,,,foul,made,,,,
Austin Daye,Ben Wallace,Charlie Villanueva,Richard Hamilton,Rodney Stuckey,Arron Afflalo,Chauncey Billups,Chris Andersen,J.R. Smith,Joey Graham,3,1:55,DEN,free throw,,,,,,,2,,2,J.R. Smith,,,foul,made,,,,
Austin Daye,Ben Wallace,Charlie Villanueva,Richard Hamilton,Rodney Stuckey,Arron Afflalo,Chauncey Billups,Chris Andersen,J.R. Smith,Joey Graham,3,1:42,DEN,foul,,,,,,,,Richard Hamilton,,Arron Afflalo,,,,,,shooting,,
Austin Daye,Ben Wallace,Charlie Villanueva,Richard Hamilton,Rodney Stuckey,Arron Afflalo,Chauncey Billups,Chris Andersen,J.R. Smith,Joey Graham,3,1:42,DET,free throw,,,,,,,1,,2,Richard Hamilton,,,foul,made,,,,
Austin Daye,Charlie Villanueva,Jason Maxiell,Richard Hamilton,Rodney Stuckey,Arron Afflalo,Chauncey Billups,Chris Andersen,J.R. Smith,Joey Graham,3,1:42,DET,sub,,,,Jason Maxiell,,Ben Wallace,,,,,,,,,,,,
Austin Daye,Charlie Villanueva,Jason Maxiell,Richard Hamilton,Rodney Stuckey,Arron Afflalo,Chauncey Billups,Chris Andersen,J.R. Smith,Joey Graham,3,1:42,DET,free throw,,,,,,,2,,2,Richard Hamilton,,,foul,missed,,,,
Austin Daye,Charlie Villanueva,Jason Maxiell,Richard Hamilton,Rodney Stuckey,Arron Afflalo,Chauncey Billups,Chris Andersen,J.R. Smith,Joey Graham,3,1:40,DEN,rebound,,,,,,,,,,Arron Afflalo,,,,,,def,,
Austin Daye,Charlie Villanueva,Jason Maxiell,Richard Hamilton,Rodney Stuckey,Arron Afflalo,Chauncey Billups,Chris Andersen,J.R. Smith,Joey Graham,3,1:22,DEN,shot,J.R. Smith,,,,,,,,,Arron Afflalo,3,,,made,,3pt,2,9
Austin Daye,Charlie Villanueva,Jason Maxiell,Richard Hamilton,Rodney Stuckey,Arron Afflalo,Chauncey Billups,Chris Andersen,J.R. Smith,Joey Graham,3,1:15,DET,shot,,,,,,,,,,Rodney Stuckey,,,,missed,,driving layup,25,6
Austin Daye,Charlie Villanueva,Jason Maxiell,Richard Hamilton,Rodney Stuckey,Arron Afflalo,Chauncey Billups,Chris Andersen,J.R. Smith,Joey Graham,3,1:13,DEN,rebound,,,,,,,,,,Chris Andersen,,,,,,def,,
Austin Daye,Charlie Villanueva,Jason Maxiell,Richard Hamilton,Rodney Stuckey,Arron Afflalo,Chauncey Billups,Chris Andersen,J.R. Smith,Joey Graham,3,1:05,DEN,shot,,,,,,,,,,J.R. Smith,3,,,made,,3pt,40,27
Austin Daye,Charlie Villanueva,Jason Maxiell,Richard Hamilton,Rodney Stuckey,Arron Afflalo,Chauncey Billups,Chris Andersen,J.R. Smith,Joey Graham,3,0:46,DET,shot,,,,,,,,,,Richard Hamilton,,,,missed,,running bank,37,12
Austin Daye,Charlie Villanueva,Jason Maxiell,Richard Hamilton,Rodney Stuckey,Arron Afflalo,Chauncey Billups,Chris Andersen,J.R. Smith,Joey Graham,3,0:45,DEN,rebound,,,,,,,,,,Joey Graham,,,,,,def,,
Austin Daye,Charlie Villanueva,Jason Maxiell,Richard Hamilton,Rodney Stuckey,Arron Afflalo,Chauncey Billups,Chris Andersen,J.R. Smith,Joey Graham,3,0:40,DET,foul,,,,,,,,Chauncey Billups,,Rodney Stuckey,,,,,,shooting,,
Austin Daye,Charlie Villanueva,Jason Maxiell,Richard Hamilton,Rodney Stuckey,Arron Afflalo,Chauncey Billups,Chris Andersen,J.R. Smith,Joey Graham,3,0:40,DEN,free throw,,,,,,,1,,2,Chauncey Billups,,,foul,made,,,,
Austin Daye,Charlie Villanueva,Jason Maxiell,Richard Hamilton,Rodney Stuckey,Arron Afflalo,Chauncey Billups,Chris Andersen,J.R. Smith,Joey Graham,3,0:40,DEN,free throw,,,,,,,2,,2,Chauncey Billups,,,foul,made,,,,
Austin Daye,Charlie Villanueva,Jason Maxiell,Richard Hamilton,Rodney Stuckey,Arron Afflalo,Chauncey Billups,Chris Andersen,J.R. Smith,Joey Graham,3,0:25,DET,shot,Richard Hamilton,,,,,,,,,Austin Daye,2,,,made,,jump,40,7
Austin Daye,Charlie Villanueva,Jason Maxiell,Richard Hamilton,Rodney Stuckey,Arron Afflalo,Chauncey Billups,Chris Andersen,J.R. Smith,Joey Graham,3,0:20,DEN,shot,,,,,,,,,,Chauncey Billups,,,,missed,,3pt,38,29
Austin Daye,Charlie Villanueva,Jason Maxiell,Richard Hamilton,Rodney Stuckey,Arron Afflalo,Chauncey Billups,Chris Andersen,J.R. Smith,Joey Graham,3,0:20,DET,rebound,,,,,,,,,,,,,,,,,,
Austin Daye,Charlie Villanueva,Jason Maxiell,Richard Hamilton,Rodney Stuckey,Arron Afflalo,Chauncey Billups,Chris Andersen,J.R. Smith,Joey Graham,3,0:02,DET,shot,,,,,,,,,,Rodney Stuckey,,,,missed,,jump,13,20
Austin Daye,Charlie Villanueva,Jason Maxiell,Richard Hamilton,Rodney Stuckey,Arron Afflalo,Chauncey Billups,Chris Andersen,J.R. Smith,Joey Graham,3,0:01,DET,rebound,,,,,,,,,,Jason Maxiell,,,,,,off,,
Austin Daye,Charlie Villanueva,Jason Maxiell,Richard Hamilton,Rodney Stuckey,Arron Afflalo,Chauncey Billups,Chris Andersen,J.R. Smith,Joey Graham,3,0:00,DET,shot,,,,,,,,,,Jason Maxiell,2,,,made,,putback layup,25,6
Austin Daye,Ben Gordon,Charlie Villanueva,Jason Maxiell,Will Bynum,Arron Afflalo,Chris Andersen,J.R. Smith,Joey Graham,Ty Lawson,4,11:44,DET,shot,Will Bynum,,,,,,,,,Charlie Villanueva,3,,,made,,3pt,49,10
Austin Daye,Ben Gordon,Charlie Villanueva,Jason Maxiell,Will Bynum,Arron Afflalo,Chris Andersen,J.R. Smith,Joey Graham,Ty Lawson,4,11:33,DEN,turnover,,,,,,,,,,Ty Lawson,,,traveling,,,,,
Austin Daye,Ben Gordon,Charlie Villanueva,Jason Maxiell,Will Bynum,Arron Afflalo,Chris Andersen,J.R. Smith,Joey Graham,Ty Lawson,4,11:17,DEN,foul,,,,,,,,Jason Maxiell,,Chris Andersen,,,,,,shooting,,
Austin Daye,Ben Gordon,Charlie Villanueva,Jason Maxiell,Will Bynum,Arron Afflalo,Chris Andersen,J.R. Smith,Joey Graham,Ty Lawson,4,11:17,DET,free throw,,,,,,,1,,2,Jason Maxiell,,,foul,made,,,,
Austin Daye,Ben Gordon,Charlie Villanueva,Jason Maxiell,Will Bynum,Arron Afflalo,Chris Andersen,J.R. Smith,Joey Graham,Ty Lawson,4,11:17,DET,free throw,,,,,,,2,,2,Jason Maxiell,,,foul,made,,,,
Austin Daye,Ben Gordon,Charlie Villanueva,Jason Maxiell,Will Bynum,Arron Afflalo,Chris Andersen,J.R. Smith,Joey Graham,Ty Lawson,4,11:01,DET,foul,,,,,,,,Joey Graham,,Jason Maxiell,,,,,,shooting,,
Austin Daye,Ben Gordon,Charlie Villanueva,Jason Maxiell,Will Bynum,Arron Afflalo,Chris Andersen,J.R. Smith,Joey Graham,Ty Lawson,4,11:01,DEN,free throw,,,,,,,1,,2,Joey Graham,,,foul,made,,,,
Austin Daye,Ben Gordon,Charlie Villanueva,Jason Maxiell,Will Bynum,Arron Afflalo,Chris Andersen,J.R. Smith,Joey Graham,Ty Lawson,4,11:01,DEN,free throw,,,,,,,2,,2,Joey Graham,,,foul,made,,,,
Austin Daye,Ben Gordon,Charlie Villanueva,Jason Maxiell,Will Bynum,Arron Afflalo,Chris Andersen,J.R. Smith,Joey Graham,Ty Lawson,4,10:46,DET,shot,,,,,,,,,,Will Bynum,,,,missed,,jump,14,17
Austin Daye,Ben Gordon,Charlie Villanueva,Jason Maxiell,Will Bynum,Arron Afflalo,Chris Andersen,J.R. Smith,Joey Graham,Ty Lawson,4,10:45,DEN,rebound,,,,,,,,,,J.R. Smith,,,,,,def,,
Austin Daye,Ben Gordon,Charlie Villanueva,Jason Maxiell,Will Bynum,Arron Afflalo,Chris Andersen,J.R. Smith,Joey Graham,Ty Lawson,4,10:40,DET,foul,,,,,,,,J.R. Smith,,Ben Gordon,,,,,,personal,,
Austin Daye,Ben Gordon,Charlie Villanueva,Jason Maxiell,Will Bynum,Arron Afflalo,Chris Andersen,J.R. Smith,Joey Graham,Ty Lawson,4,10:32,DET,foul,,,,,,,,J.R. Smith,,Ben Gordon,,,,,,personal,,
Austin Daye,Ben Gordon,Charlie Villanueva,Jason Maxiell,Will Bynum,Arron Afflalo,Chris Andersen,J.R. Smith,Joey Graham,Ty Lawson,4,10:25,DEN,shot,J.R. Smith,,,,,,,,,Chris Andersen,2,,,made,,dunk,25,6
Austin Daye,Ben Gordon,Charlie Villanueva,Jason Maxiell,Will Bynum,Arron Afflalo,Chris Andersen,J.R. Smith,Joey Graham,Ty Lawson,4,10:01,DET,shot,,,,,,,,,,Jason Maxiell,2,,,made,,jump,8,13
Austin Daye,Ben Gordon,Charlie Villanueva,Jason Maxiell,Will Bynum,Arron Afflalo,Chris Andersen,J.R. Smith,Joey Graham,Ty Lawson,4,9:47,DEN,shot,Joey Graham,,,,,,,,,Arron Afflalo,3,,,made,,3pt,48,6
Austin Daye,Ben Gordon,Charlie Villanueva,Jason Maxiell,Will Bynum,Arron Afflalo,Chris Andersen,J.R. Smith,Joey Graham,Ty Lawson,4,9:27,DET,shot,Ben Gordon,,,,,,,,,Jason Maxiell,2,,,made,,jump,9,13
Austin Daye,Ben Gordon,Charlie Villanueva,Jason Maxiell,Will Bynum,Arron Afflalo,Chris Andersen,J.R. Smith,Joey Graham,Ty Lawson,4,9:17,DEN,turnover,,,,,,,,,,Ty Lawson,,,bad pass,,Will Bynum,,,
Austin Daye,Ben Gordon,Charlie Villanueva,Jason Maxiell,Will Bynum,Arron Afflalo,Chris Andersen,J.R. Smith,Joey Graham,Ty Lawson,4,9:12,DET,turnover,,,,,,,,,,Ben Gordon,,,bad pass,,J.R. Smith,,,
Austin Daye,Ben Gordon,Charlie Villanueva,Jason Maxiell,Will Bynum,Arron Afflalo,Chris Andersen,J.R. Smith,Joey Graham,Ty Lawson,4,9:08,DEN,shot,Ty Lawson,,,,,,,,,Chris Andersen,2,,,made,,slam dunk,25,6
Austin Daye,Ben Gordon,Charlie Villanueva,Jason Maxiell,Will Bynum,Arron Afflalo,Chris Andersen,J.R. Smith,Joey Graham,Ty Lawson,4,8:47,DET,turnover,,,,,,,,,,Charlie Villanueva,,,traveling,,,,,
Austin Daye,Ben Gordon,Charlie Villanueva,Jason Maxiell,Will Bynum,Arron Afflalo,Chris Andersen,J.R. Smith,Joey Graham,Ty Lawson,4,8:47,DEN,timeout,,,,,,,,,,,,,,,,official,,
Austin Daye,Ben Gordon,Charlie Villanueva,Jason Maxiell,Will Bynum,Arron Afflalo,Chris Andersen,J.R. Smith,Joey Graham,Ty Lawson,4,8:32,DEN,shot,,,,,,,,,,J.R. Smith,,,,missed,,3pt,5,21
Austin Daye,Ben Gordon,Charlie Villanueva,Jason Maxiell,Will Bynum,Arron Afflalo,Chris Andersen,J.R. Smith,Joey Graham,Ty Lawson,4,8:31,DET,rebound,,,,,,,,,,Austin Daye,,,,,,def,,
Austin Daye,Ben Gordon,Charlie Villanueva,Jason Maxiell,Will Bynum,Arron Afflalo,Chris Andersen,J.R. Smith,Joey Graham,Ty Lawson,4,8:16,DET,turnover,,,,,,,,,,Jason Maxiell,,,bad pass,,,,,
Ben Gordon,Charlie Villanueva,Jason Maxiell,Tayshaun Prince,Will Bynum,Arron Afflalo,Chris Andersen,J.R. Smith,Joey Graham,Ty Lawson,4,8:16,DET,sub,,,,Tayshaun Prince,,Austin Daye,,,,,,,,,,,,
Ben Gordon,Charlie Villanueva,Jason Maxiell,Tayshaun Prince,Will Bynum,Arron Afflalo,Chris Andersen,J.R. Smith,Joey Graham,Ty Lawson,4,7:56,DEN,shot,,,,,,,,,,J.R. Smith,,,,missed,,3pt,10,28
Ben Gordon,Charlie Villanueva,Jason Maxiell,Tayshaun Prince,Will Bynum,Arron Afflalo,Chris Andersen,J.R. Smith,Joey Graham,Ty Lawson,4,7:55,DET,rebound,,,,,,,,,,Charlie Villanueva,,,,,,def,,
Ben Gordon,Charlie Villanueva,Jason Maxiell,Tayshaun Prince,Will Bynum,Arron Afflalo,Chris Andersen,J.R. Smith,Joey Graham,Ty Lawson,4,7:49,DET,shot,,,,,,,,,,Will Bynum,,,,missed,,jump,45,11
Ben Gordon,Charlie Villanueva,Jason Maxiell,Tayshaun Prince,Will Bynum,Arron Afflalo,Chris Andersen,J.R. Smith,Joey Graham,Ty Lawson,4,7:48,DET,rebound,,,,,,,,,,Jason Maxiell,,,,,,off,,
Ben Gordon,Charlie Villanueva,Jason Maxiell,Tayshaun Prince,Will Bynum,Arron Afflalo,Chris Andersen,J.R. Smith,Joey Graham,Ty Lawson,4,7:29,DET,shot,,,,,,,,,,Ben Gordon,,,,missed,,3pt,48,7
Ben Gordon,Charlie Villanueva,Jason Maxiell,Tayshaun Prince,Will Bynum,Arron Afflalo,Chris Andersen,J.R. Smith,Joey Graham,Ty Lawson,4,7:28,DEN,rebound,,,,,,,,,,J.R. Smith,,,,,,def,,
Ben Gordon,Charlie Villanueva,Jason Maxiell,Tayshaun Prince,Will Bynum,Arron Afflalo,Chris Andersen,J.R. Smith,Joey Graham,Ty Lawson,4,7:20,DEN,shot,,,,,,,,,,J.R. Smith,2,,,made,,running bank,20,12
Ben Gordon,Charlie Villanueva,Jason Maxiell,Tayshaun Prince,Will Bynum,Arron Afflalo,Chauncey Billups,Chris Andersen,J.R. Smith,Joey Graham,4,7:01,DEN,sub,,,,Chauncey Billups,,Ty Lawson,,,,,,,,,,,,
Ben Gordon,Charlie Villanueva,Jason Maxiell,Richard Hamilton,Tayshaun Prince,Arron Afflalo,Chauncey Billups,Chris Andersen,J.R. Smith,Joey Graham,4,7:01,DET,sub,,,,Richard Hamilton,,Will Bynum,,,,,,,,,,,,
Ben Gordon,Charlie Villanueva,Jason Maxiell,Richard Hamilton,Tayshaun Prince,Arron Afflalo,Chauncey Billups,Chris Andersen,J.R. Smith,Joey Graham,4,6:55,DET,shot,,,,,,,,,,Richard Hamilton,,,,missed,,running jump,19,12
Ben Gordon,Charlie Villanueva,Jason Maxiell,Richard Hamilton,Tayshaun Prince,Arron Afflalo,Chauncey Billups,Chris Andersen,J.R. Smith,Joey Graham,4,6:54,DET,rebound,,,,,,,,,,Jason Maxiell,,,,,,off,,
Ben Gordon,Charlie Villanueva,Jason Maxiell,Richard Hamilton,Tayshaun Prince,Arron Afflalo,Chauncey Billups,Chris Andersen,J.R. Smith,Joey Graham,4,6:53,DET,shot,,,,,,,,,,Jason Maxiell,2,,,made,,putback dunk,25,6
Ben Gordon,Charlie Villanueva,Jason Maxiell,Richard Hamilton,Tayshaun Prince,Arron Afflalo,Chauncey Billups,Chris Andersen,J.R. Smith,Joey Graham,4,6:31,DEN,shot,,,,,,,,,,Chauncey Billups,2,,,made,,driving finger roll layup,25,6
Ben Gordon,Charlie Villanueva,Jason Maxiell,Richard Hamilton,Tayshaun Prince,Arron Afflalo,Chauncey Billups,Chris Andersen,J.R. Smith,Joey Graham,4,6:31,DET,foul,,,,,,,,Chauncey Billups,,Richard Hamilton,,,,,,shooting,,
Ben Gordon,Charlie Villanueva,Jason Maxiell,Richard Hamilton,Tayshaun Prince,Arron Afflalo,Carmelo Anthony,Chauncey Billups,Chris Andersen,J.R. Smith,4,6:31,DEN,sub,,,,Carmelo Anthony,,Joey Graham,,,,,,,,,,,,
Ben Gordon,Charlie Villanueva,Jason Maxiell,Richard Hamilton,Tayshaun Prince,Arron Afflalo,Carmelo Anthony,Chauncey Billups,Chris Andersen,J.R. Smith,4,6:31,DEN,free throw,,,,,,,1,,1,Chauncey Billups,,,foul,made,,,,
Ben Gordon,Charlie Villanueva,Jason Maxiell,Richard Hamilton,Tayshaun Prince,Arron Afflalo,Carmelo Anthony,Chauncey Billups,Chris Andersen,J.R. Smith,4,6:15,DET,shot,Tayshaun Prince,,,,,,,,,Richard Hamilton,2,,,made,,jump,7,15
Ben Gordon,Charlie Villanueva,Jason Maxiell,Richard Hamilton,Tayshaun Prince,Arron Afflalo,Carmelo Anthony,Chauncey Billups,Chris Andersen,J.R. Smith,4,5:56,DET,foul,,,,,,,,Carmelo Anthony,,Richard Hamilton,,,,,,personal,,
Ben Gordon,Charlie Villanueva,Jason Maxiell,Richard Hamilton,Tayshaun Prince,Arron Afflalo,Carmelo Anthony,Chauncey Billups,Chris Andersen,J.R. Smith,4,5:56,DEN,timeout,,,,,,,,,,,,,,,,regular,,
Ben Gordon,Jason Maxiell,Richard Hamilton,Rodney Stuckey,Tayshaun Prince,Arron Afflalo,Carmelo Anthony,Chauncey Billups,Chris Andersen,J.R. Smith,4,5:56,DET,sub,,,,Rodney Stuckey,,Charlie Villanueva,,,,,,,,,,,,
Ben Gordon,Jason Maxiell,Richard Hamilton,Rodney Stuckey,Tayshaun Prince,Arron Afflalo,Carmelo Anthony,Chauncey Billups,Chris Andersen,J.R. Smith,4,5:56,DEN,free throw,,,,,,,1,,2,Carmelo Anthony,,,foul,made,,,,
Ben Gordon,Jason Maxiell,Richard Hamilton,Rodney Stuckey,Tayshaun Prince,Arron Afflalo,Carmelo Anthony,Chauncey Billups,Chris Andersen,J.R. Smith,4,5:56,DEN,free throw,,,,,,,2,,2,Carmelo Anthony,,,foul,missed,,,,
Ben Gordon,Jason Maxiell,Richard Hamilton,Rodney Stuckey,Tayshaun Prince,Arron Afflalo,Carmelo Anthony,Chauncey Billups,Chris Andersen,J.R. Smith,4,5:54,DET,rebound,,,,,,,,,,Tayshaun Prince,,,,,,def,,
Ben Gordon,Jason Maxiell,Richard Hamilton,Rodney Stuckey,Tayshaun Prince,Arron Afflalo,Carmelo Anthony,Chauncey Billups,Chris Andersen,J.R. Smith,4,5:38,DET,shot,Tayshaun Prince,,,,,,,,,Rodney Stuckey,2,,,made,,turnaround jump,38,10
Ben Gordon,Jason Maxiell,Richard Hamilton,Rodney Stuckey,Tayshaun Prince,Arron Afflalo,Carmelo Anthony,Chauncey Billups,Chris Andersen,J.R. Smith,4,5:25,DEN,shot,,,,,,,,,,Chauncey Billups,,,,missed,,driving finger roll layup,25,6
Ben Gordon,Jason Maxiell,Richard Hamilton,Rodney Stuckey,Tayshaun Prince,Arron Afflalo,Carmelo Anthony,Chauncey Billups,Chris Andersen,J.R. Smith,4,5:24,DEN,rebound,,,,,,,,,,Chris Andersen,,,,,,off,,
Ben Gordon,Jason Maxiell,Richard Hamilton,Rodney Stuckey,Tayshaun Prince,Arron Afflalo,Carmelo Anthony,Chauncey Billups,Chris Andersen,J.R. Smith,4,5:24,DEN,shot,,,,,,,,,,Chris Andersen,,,,missed,,tip,25,6
Ben Gordon,Jason Maxiell,Richard Hamilton,Rodney Stuckey,Tayshaun Prince,Arron Afflalo,Carmelo Anthony,Chauncey Billups,Chris Andersen,J.R. Smith,4,5:22,DET,rebound,,,,,,,,,,Jason Maxiell,,,,,,def,,
Ben Gordon,Jason Maxiell,Richard Hamilton,Rodney Stuckey,Tayshaun Prince,Arron Afflalo,Carmelo Anthony,Chauncey Billups,Chris Andersen,J.R. Smith,4,4:58,DET,shot,,,,,,,,,,Rodney Stuckey,,,,missed,,jump,39,10
Ben Gordon,Jason Maxiell,Richard Hamilton,Rodney Stuckey,Tayshaun Prince,Arron Afflalo,Carmelo Anthony,Chauncey Billups,Chris Andersen,J.R. Smith,4,4:56,DET,rebound,,,,,,,,,,Tayshaun Prince,,,,,,off,,
Ben Gordon,Jason Maxiell,Richard Hamilton,Rodney Stuckey,Tayshaun Prince,Arron Afflalo,Carmelo Anthony,Chauncey Billups,Chris Andersen,J.R. Smith,4,4:51,DET,shot,Tayshaun Prince,,,,,,,,,Richard Hamilton,3,,,made,,3pt,32,30
Ben Gordon,Jason Maxiell,Richard Hamilton,Rodney Stuckey,Tayshaun Prince,Arron Afflalo,Carmelo Anthony,Chauncey Billups,Chris Andersen,J.R. Smith,4,4:31,DEN,turnover,,,,,,,,,,Carmelo Anthony,,,out of bounds lost ball turnover,,,,,
Ben Gordon,Jason Maxiell,Richard Hamilton,Rodney Stuckey,Tayshaun Prince,Arron Afflalo,Carmelo Anthony,Chauncey Billups,J.R. Smith,Nene Hilario,4,4:31,DEN,sub,,,,Nene Hilario,,Chris Andersen,,,,,,,,,,,,
Ben Gordon,Jason Maxiell,Richard Hamilton,Rodney Stuckey,Tayshaun Prince,Arron Afflalo,Carmelo Anthony,Chauncey Billups,J.R. Smith,Nene Hilario,4,4:14,DET,turnover,,,,,,,,,,Ben Gordon,,,bad pass,,J.R. Smith,,,
Ben Gordon,Jason Maxiell,Richard Hamilton,Rodney Stuckey,Tayshaun Prince,Arron Afflalo,Carmelo Anthony,Chauncey Billups,J.R. Smith,Nene Hilario,4,4:09,DEN,shot,,,,,,,,,,Carmelo Anthony,,,,missed,,3pt,5,22
Ben Gordon,Jason Maxiell,Richard Hamilton,Rodney Stuckey,Tayshaun Prince,Arron Afflalo,Carmelo Anthony,Chauncey Billups,J.R. Smith,Nene Hilario,4,4:09,DEN,rebound,,,,,,,,,,,,,,,,,,
Ben Gordon,Jason Maxiell,Richard Hamilton,Rodney Stuckey,Tayshaun Prince,Arron Afflalo,Carmelo Anthony,Chauncey Billups,J.R. Smith,Nene Hilario,4,4:01,DET,foul,,,,,,,,J.R. Smith,,Rodney Stuckey,,,,,,loose ball,,
Ben Gordon,Jason Maxiell,Richard Hamilton,Rodney Stuckey,Tayshaun Prince,Arron Afflalo,Carmelo Anthony,Chauncey Billups,J.R. Smith,Nene Hilario,4,4:01,DEN,free throw,,,,,,,1,,2,J.R. Smith,,,foul,missed,,,,
Ben Gordon,Jason Maxiell,Richard Hamilton,Rodney Stuckey,Tayshaun Prince,Arron Afflalo,Carmelo Anthony,Chauncey Billups,J.R. Smith,Nene Hilario,4,4:01,DEN,rebound,,,,,,,,,,,,,,,,,,
Ben Gordon,Jason Maxiell,Richard Hamilton,Rodney Stuckey,Tayshaun Prince,Arron Afflalo,Carmelo Anthony,Chauncey Billups,J.R. Smith,Nene Hilario,4,4:01,DEN,free throw,,,,,,,2,,2,J.R. Smith,,,foul,made,,,,
Ben Gordon,Jason Maxiell,Richard Hamilton,Rodney Stuckey,Tayshaun Prince,Arron Afflalo,Carmelo Anthony,Chauncey Billups,J.R. Smith,Nene Hilario,4,3:40,DET,shot,,,,,,,,,,Rodney Stuckey,,,,missed,,jump,9,20
Ben Gordon,Jason Maxiell,Richard Hamilton,Rodney Stuckey,Tayshaun Prince,Arron Afflalo,Carmelo Anthony,Chauncey Billups,J.R. Smith,Nene Hilario,4,3:39,DEN,rebound,,,,,,,,,,J.R. Smith,,,,,,def,,
Ben Gordon,Jason Maxiell,Richard Hamilton,Rodney Stuckey,Tayshaun Prince,Arron Afflalo,Carmelo Anthony,Chauncey Billups,J.R. Smith,Nene Hilario,4,3:24,DEN,shot,,,,,,,,,,Carmelo Anthony,2,,,made,,fade away bank,29,8
Ben Gordon,Jason Maxiell,Richard Hamilton,Rodney Stuckey,Tayshaun Prince,Arron Afflalo,Carmelo Anthony,Chauncey Billups,J.R. Smith,Nene Hilario,4,2:58,DET,turnover,,,,,,,,,,Rodney Stuckey,,,lost ball,,Carmelo Anthony,,,
Ben Gordon,Jason Maxiell,Richard Hamilton,Rodney Stuckey,Tayshaun Prince,Arron Afflalo,Carmelo Anthony,Chauncey Billups,J.R. Smith,Nene Hilario,4,2:52,DEN,shot,Arron Afflalo,,,,,,,,,Chauncey Billups,2,,,made,,layup,25,6
Ben Gordon,Jason Maxiell,Richard Hamilton,Rodney Stuckey,Tayshaun Prince,Arron Afflalo,Carmelo Anthony,Chauncey Billups,J.R. Smith,Nene Hilario,4,2:52,DET,timeout,,,,,,,,,,,,,,,,regular,,
Ben Gordon,Jason Maxiell,Richard Hamilton,Rodney Stuckey,Tayshaun Prince,Arron Afflalo,Carmelo Anthony,Chauncey Billups,J.R. Smith,Nene Hilario,4,2:40,DET,shot,,,Arron Afflalo,,,,,,,Richard Hamilton,,,,missed,,jump,21,23
Ben Gordon,Jason Maxiell,Richard Hamilton,Rodney Stuckey,Tayshaun Prince,Arron Afflalo,Carmelo Anthony,Chauncey Billups,J.R. Smith,Nene Hilario,4,2:39,DET,rebound,,,,,,,,,,Richard Hamilton,,,,,,off,,
Ben Gordon,Jason Maxiell,Richard Hamilton,Rodney Stuckey,Tayshaun Prince,Arron Afflalo,Carmelo Anthony,Chauncey Billups,J.R. Smith,Nene Hilario,4,2:36,DET,shot,Richard Hamilton,,,,,,,,,Jason Maxiell,2,,,made,,turnaround jump,24,13
Ben Gordon,Jason Maxiell,Richard Hamilton,Rodney Stuckey,Tayshaun Prince,Arron Afflalo,Carmelo Anthony,Chauncey Billups,J.R. Smith,Nene Hilario,4,2:22,DEN,shot,,,,,,,,,,Chauncey Billups,3,,,made,,3pt,13,29
Ben Gordon,Jason Maxiell,Richard Hamilton,Rodney Stuckey,Tayshaun Prince,Arron Afflalo,Carmelo Anthony,Chauncey Billups,J.R. Smith,Nene Hilario,4,1:55,DET,shot,,,,,,,,,,Ben Gordon,,,,missed,,3pt,6,25
Ben Gordon,Jason Maxiell,Richard Hamilton,Rodney Stuckey,Tayshaun Prince,Arron Afflalo,Carmelo Anthony,Chauncey Billups,J.R. Smith,Nene Hilario,4,1:54,DET,rebound,,,,,,,,,,,,,,,,,,
Ben Gordon,Jason Maxiell,Richard Hamilton,Rodney Stuckey,Tayshaun Prince,Arron Afflalo,Carmelo Anthony,Chauncey Billups,J.R. Smith,Nene Hilario,4,1:54,DET,turnover,,,,,,,,,,,,,shot clock turnover,,,,,
Ben Gordon,Jason Maxiell,Richard Hamilton,Rodney Stuckey,Tayshaun Prince,Arron Afflalo,Carmelo Anthony,Chauncey Billups,J.R. Smith,Nene Hilario,4,1:36,DET,foul,,,,,,,,Carmelo Anthony,,Jason Maxiell,,,,,,shooting,,
Ben Gordon,Jason Maxiell,Richard Hamilton,Rodney Stuckey,Tayshaun Prince,Arron Afflalo,Carmelo Anthony,Chauncey Billups,J.R. Smith,Nene Hilario,4,1:36,DEN,free throw,,,,,,,1,,2,Carmelo Anthony,,,foul,made,,,,
Ben Gordon,Jason Maxiell,Richard Hamilton,Rodney Stuckey,Tayshaun Prince,Arron Afflalo,Carmelo Anthony,Chauncey Billups,J.R. Smith,Nene Hilario,4,1:36,DEN,free throw,,,,,,,2,,2,Carmelo Anthony,,,foul,made,,,,
Ben Gordon,Jason Maxiell,Richard Hamilton,Rodney Stuckey,Tayshaun Prince,Arron Afflalo,Carmelo Anthony,Chauncey Billups,J.R. Smith,Nene Hilario,4,1:36,DET,timeout,,,,,,,,,,,,,,,,regular,,
Ben Gordon,Jason Maxiell,Richard Hamilton,Rodney Stuckey,Tayshaun Prince,Arron Afflalo,Carmelo Anthony,Chauncey Billups,J.R. Smith,Nene Hilario,4,1:32,DET,shot,,,,,,,,,,Tayshaun Prince,2,,,made,,driving finger roll layup,25,6
Ben Gordon,Jason Maxiell,Richard Hamilton,Rodney Stuckey,Tayshaun Prince,Arron Afflalo,Carmelo Anthony,Chauncey Billups,J.R. Smith,Nene Hilario,4,1:14,DET,foul,,,,,,,,Carmelo Anthony,,Tayshaun Prince,,,,,,personal,,
Ben Gordon,Jason Maxiell,Richard Hamilton,Rodney Stuckey,Tayshaun Prince,Arron Afflalo,Carmelo Anthony,Chauncey Billups,J.R. Smith,Nene Hilario,4,1:14,DEN,free throw,,,,,,,1,,2,Carmelo Anthony,,,foul,made,,,,
Ben Gordon,Jason Maxiell,Richard Hamilton,Rodney Stuckey,Tayshaun Prince,Arron Afflalo,Carmelo Anthony,Chauncey Billups,J.R. Smith,Nene Hilario,4,1:14,DEN,free throw,,,,,,,2,,2,Carmelo Anthony,,,foul,missed,,,,
Ben Gordon,Jason Maxiell,Richard Hamilton,Rodney Stuckey,Tayshaun Prince,Arron Afflalo,Carmelo Anthony,Chauncey Billups,J.R. Smith,Nene Hilario,4,1:12,DET,rebound,,,,,,,,,,Tayshaun Prince,,,,,,def,,
Ben Gordon,Jason Maxiell,Richard Hamilton,Rodney Stuckey,Tayshaun Prince,Arron Afflalo,Carmelo Anthony,Chauncey Billups,J.R. Smith,Nene Hilario,4,1:00,DET,turnover,,,,,,,,,,Tayshaun Prince,,,lost ball,,Carmelo Anthony,,,
Ben Gordon,Jason Maxiell,Richard Hamilton,Rodney Stuckey,Tayshaun Prince,Arron Afflalo,Carmelo Anthony,Chauncey Billups,J.R. Smith,Nene Hilario,4,1:00,DET,foul,,,,,,,,Carmelo Anthony,,Richard Hamilton,,,,,,personal,,
Ben Gordon,Jason Maxiell,Richard Hamilton,Rodney Stuckey,Tayshaun Prince,Arron Afflalo,Carmelo Anthony,Chauncey Billups,J.R. Smith,Nene Hilario,4,1:00,DEN,free throw,,,,,,,1,,2,Carmelo Anthony,,,foul,made,,,,
Ben Gordon,Jason Maxiell,Richard Hamilton,Rodney Stuckey,Tayshaun Prince,Arron Afflalo,Carmelo Anthony,Chauncey Billups,J.R. Smith,Nene Hilario,4,1:00,DEN,free throw,,,,,,,2,,2,Carmelo Anthony,,,foul,made,,,,
Ben Gordon,Jason Maxiell,Richard Hamilton,Rodney Stuckey,Tayshaun Prince,Arron Afflalo,Carmelo Anthony,Chauncey Billups,J.R. Smith,Nene Hilario,4,0:51,DET,shot,,,,,,,,,,Rodney Stuckey,,,,missed,,jump,7,9
Ben Gordon,Jason Maxiell,Richard Hamilton,Rodney Stuckey,Tayshaun Prince,Arron Afflalo,Carmelo Anthony,Chauncey Billups,J.R. Smith,Nene Hilario,4,0:50,DET,rebound,,,,,,,,,,,,,,,,,,
Ben Gordon,Jason Maxiell,Richard Hamilton,Rodney Stuckey,Tayshaun Prince,Arron Afflalo,Carmelo Anthony,Chauncey Billups,J.R. Smith,Nene Hilario,4,0:50,DEN,foul,,,,,,,,Jason Maxiell,,Nene Hilario,,,,,,loose ball,,
Ben Gordon,Jason Maxiell,Richard Hamilton,Rodney Stuckey,Tayshaun Prince,Arron Afflalo,Carmelo Anthony,Chauncey Billups,J.R. Smith,Nene Hilario,4,0:42,DET,shot,,,,,,,,,,Ben Gordon,2,,,made,,jump bank,32,10
Ben Gordon,Jason Maxiell,Richard Hamilton,Rodney Stuckey,Tayshaun Prince,Arron Afflalo,Carmelo Anthony,Chauncey Billups,J.R. Smith,Nene Hilario,4,0:42,DET,foul,,,,,,,,Chauncey Billups,,Richard Hamilton,,,,,,personal,,
Ben Gordon,Jason Maxiell,Richard Hamilton,Rodney Stuckey,Tayshaun Prince,Arron Afflalo,Carmelo Anthony,Chauncey Billups,J.R. Smith,Nene Hilario,4,0:42,DEN,free throw,,,,,,,1,,2,Chauncey Billups,,,foul,made,,,,
Ben Gordon,Jason Maxiell,Richard Hamilton,Rodney Stuckey,Tayshaun Prince,Arron Afflalo,Carmelo Anthony,Chauncey Billups,J.R. Smith,Nene Hilario,4,0:42,DEN,free throw,,,,,,,2,,2,Chauncey Billups,,,foul,made,,,,
Ben Gordon,Jason Maxiell,Richard Hamilton,Rodney Stuckey,Tayshaun Prince,Arron Afflalo,Carmelo Anthony,Chauncey Billups,J.R. Smith,Nene Hilario,4,0:42,DET,timeout,,,,,,,,,,,,,,,,short,,
Ben Gordon,Jason Maxiell,Richard Hamilton,Rodney Stuckey,Tayshaun Prince,Arron Afflalo,Carmelo Anthony,Chauncey Billups,J.R. Smith,Nene Hilario,4,0:33,DET,turnover,,,,,,,,,,Richard Hamilton,,,lost ball,,J.R. Smith,,,
Ben Gordon,Jason Maxiell,Richard Hamilton,Rodney Stuckey,Tayshaun Prince,Arron Afflalo,Carmelo Anthony,Chauncey Billups,J.R. Smith,Nene Hilario,4,0:10,DEN,shot,,,,,,,,,,Carmelo Anthony,,,,missed,,jump,13,22
Ben Gordon,Jason Maxiell,Richard Hamilton,Rodney Stuckey,Tayshaun Prince,Arron Afflalo,Carmelo Anthony,Chauncey Billups,J.R. Smith,Nene Hilario,4,0:09,DET,rebound,,,,,,,,,,Jason Maxiell,,,,,,def,,
Ben Gordon,Jason Maxiell,Richard Hamilton,Rodney Stuckey,Tayshaun Prince,Arron Afflalo,Carmelo Anthony,Chauncey Billups,J.R. Smith,Nene Hilario,4,0:00,DET,shot,,,,,,,,,,Rodney Stuckey,3,,,made,,3pt,37,29
