a1,a2,a3,a4,a5,h1,h2,h3,h4,h5,period,time,team,etype,assist,away,block,entered,home,left,num,opponent,outof,player,points,possession,reason,result,steal,type,x,y
Carl Landry,Francisco Garcia,Jason Thompson,Omri Casspi,Tyreke Evans,Chris Kaman,Craig Smith,Eric Gordon,Rasual Butler,Steve Blake,1,12:00,OFF,jump ball,,Jason Thompson,,,Chris Kaman,,,,,,,Craig Smith,,,,,,
Carl Landry,Francisco Garcia,Jason Thompson,Omri Casspi,Tyreke Evans,Chris Kaman,Craig Smith,Eric Gordon,Rasual Butler,Steve Blake,1,11:46,SAC,foul,,,,,,,,Chris Kaman,,Francisco Garcia,,,,,,shooting,,
Carl Landry,Francisco Garcia,Jason Thompson,Omri Casspi,Tyreke Evans,Chris Kaman,Craig Smith,Eric Gordon,Rasual Butler,Steve Blake,1,11:46,LAC,free throw,,,,,,,1,,2,Chris Kaman,,,foul,made,,,,
Carl Landry,Francisco Garcia,Jason Thompson,Omri Casspi,Tyreke Evans,Chris Kaman,Craig Smith,Eric Gordon,Rasual Butler,Steve Blake,1,11:46,LAC,free throw,,,,,,,2,,2,Chris Kaman,,,foul,made,,,,
Carl Landry,Francisco Garcia,Jason Thompson,Omri Casspi,Tyreke Evans,Chris Kaman,Craig Smith,Eric Gordon,Rasual Butler,Steve Blake,1,11:40,LAC,foul,,,,,,,,Francisco Garcia,,Steve Blake,,,,,,personal,,
Carl Landry,Francisco Garcia,Jason Thompson,Omri Casspi,Tyreke Evans,Chris Kaman,Craig Smith,Eric Gordon,Rasual Butler,Steve Blake,1,11:32,SAC,shot,Omri Casspi,,,,,,,,,Carl Landry,2,,,made,,layup,26,9
Carl Landry,Francisco Garcia,Jason Thompson,Omri Casspi,Tyreke Evans,Chris Kaman,Craig Smith,Eric Gordon,Rasual Butler,Steve Blake,1,11:32,LAC,foul,,,,,,,,Carl Landry,,Craig Smith,,,,,,shooting,,
Carl Landry,Francisco Garcia,Jason Thompson,Omri Casspi,Tyreke Evans,Chris Kaman,Craig Smith,Eric Gordon,Rasual Butler,Steve Blake,1,11:32,SAC,free throw,,,,,,,1,,1,Carl Landry,,,foul,made,,,,
Carl Landry,Francisco Garcia,Jason Thompson,Omri Casspi,Tyreke Evans,Chris Kaman,Craig Smith,Eric Gordon,Rasual Butler,Steve Blake,1,11:18,LAC,shot,,,,,,,,,,Steve Blake,,,,missed,,jump,26,24
Carl Landry,Francisco Garcia,Jason Thompson,Omri Casspi,Tyreke Evans,Chris Kaman,Craig Smith,Eric Gordon,Rasual Butler,Steve Blake,1,11:15,LAC,rebound,,,,,,,,,,Craig Smith,,,,,,off,,
Carl Landry,Francisco Garcia,Jason Thompson,Omri Casspi,Tyreke Evans,Chris Kaman,Craig Smith,Eric Gordon,Rasual Butler,Steve Blake,1,11:14,LAC,shot,,,,,,,,,,Craig Smith,,,,missed,,layup,25,6
Carl Landry,Francisco Garcia,Jason Thompson,Omri Casspi,Tyreke Evans,Chris Kaman,Craig Smith,Eric Gordon,Rasual Butler,Steve Blake,1,11:13,SAC,rebound,,,,,,,,,,Carl Landry,,,,,,def,,
Carl Landry,Francisco Garcia,Jason Thompson,Omri Casspi,Tyreke Evans,Chris Kaman,Craig Smith,Eric Gordon,Rasual Butler,Steve Blake,1,10:59,SAC,shot,,,,,,,,,,Omri Casspi,,,,missed,,jump,41,17
Carl Landry,Francisco Garcia,Jason Thompson,Omri Casspi,Tyreke Evans,Chris Kaman,Craig Smith,Eric Gordon,Rasual Butler,Steve Blake,1,10:58,LAC,rebound,,,,,,,,,,Chris Kaman,,,,,,def,,
Carl Landry,Francisco Garcia,Jason Thompson,Omri Casspi,Tyreke Evans,Chris Kaman,Craig Smith,Eric Gordon,Rasual Butler,Steve Blake,1,10:46,LAC,turnover,,,,,,,,,,Eric Gordon,,,bad pass,,Omri Casspi,,,
Carl Landry,Francisco Garcia,Jason Thompson,Omri Casspi,Tyreke Evans,Chris Kaman,Craig Smith,Eric Gordon,Rasual Butler,Steve Blake,1,10:41,SAC,shot,Omri Casspi,,,,,,,,,Francisco Garcia,2,,,made,,driving reverse layup,25,6
Carl Landry,Francisco Garcia,Jason Thompson,Omri Casspi,Tyreke Evans,Chris Kaman,Craig Smith,Eric Gordon,Rasual Butler,Steve Blake,1,10:26,LAC,shot,,,,,,,,,,Rasual Butler,,,,missed,,3pt,14,30
Carl Landry,Francisco Garcia,Jason Thompson,Omri Casspi,Tyreke Evans,Chris Kaman,Craig Smith,Eric Gordon,Rasual Butler,Steve Blake,1,10:25,SAC,rebound,,,,,,,,,,Tyreke Evans,,,,,,def,,
Carl Landry,Francisco Garcia,Jason Thompson,Omri Casspi,Tyreke Evans,Chris Kaman,Craig Smith,Eric Gordon,Rasual Butler,Steve Blake,1,10:20,SAC,turnover,,,,,,,,,,Tyreke Evans,,,palming turnover,,,,,
Carl Landry,Francisco Garcia,Jason Thompson,Omri Casspi,Tyreke Evans,Chris Kaman,Craig Smith,Eric Gordon,Rasual Butler,Steve Blake,1,10:06,LAC,shot,,,,,,,,,,Chris Kaman,,,,missed,,turnaround hook,12,8
Carl Landry,Francisco Garcia,Jason Thompson,Omri Casspi,Tyreke Evans,Chris Kaman,Craig Smith,Eric Gordon,Rasual Butler,Steve Blake,1,10:03,SAC,rebound,,,,,,,,,,Carl Landry,,,,,,def,,
Carl Landry,Francisco Garcia,Jason Thompson,Omri Casspi,Tyreke Evans,Chris Kaman,Craig Smith,Eric Gordon,Rasual Butler,Steve Blake,1,9:52,SAC,shot,,,,,,,,,,Francisco Garcia,,,,missed,,jump,7,8
Carl Landry,Francisco Garcia,Jason Thompson,Omri Casspi,Tyreke Evans,Chris Kaman,Craig Smith,Eric Gordon,Rasual Butler,Steve Blake,1,9:51,LAC,rebound,,,,,,,,,,Chris Kaman,,,,,,def,,
Carl Landry,Francisco Garcia,Jason Thompson,Omri Casspi,Tyreke Evans,Chris Kaman,Craig Smith,Eric Gordon,Rasual Butler,Steve Blake,1,9:44,LAC,turnover,,,,,,,,,,Chris Kaman,,,traveling,,,,,
Carl Landry,Francisco Garcia,Jason Thompson,Omri Casspi,Tyreke Evans,Chris Kaman,Craig Smith,Eric Gordon,Rasual Butler,Steve Blake,1,9:33,SAC,turnover,,,,,,,,,,Tyreke Evans,,,double dribble,,,,,
Carl Landry,Francisco Garcia,Jason Thompson,Omri Casspi,Tyreke Evans,Chris Kaman,Craig Smith,Eric Gordon,Rasual Butler,Steve Blake,1,9:25,LAC,shot,,,,,,,,,,Eric Gordon,,,,missed,,driving reverse layup,25,6
Carl Landry,Francisco Garcia,Jason Thompson,Omri Casspi,Tyreke Evans,Chris Kaman,Craig Smith,Eric Gordon,Rasual Butler,Steve Blake,1,9:23,SAC,rebound,,,,,,,,,,Jason Thompson,,,,,,def,,
Carl Landry,Francisco Garcia,Jason Thompson,Omri Casspi,Tyreke Evans,Chris Kaman,Craig Smith,Eric Gordon,Rasual Butler,Steve Blake,1,9:12,SAC,shot,,,,,,,,,,Carl Landry,,,,missed,,jump,9,10
Carl Landry,Francisco Garcia,Jason Thompson,Omri Casspi,Tyreke Evans,Chris Kaman,Craig Smith,Eric Gordon,Rasual Butler,Steve Blake,1,9:11,LAC,rebound,,,,,,,,,,Craig Smith,,,,,,def,,
Carl Landry,Francisco Garcia,Jason Thompson,Omri Casspi,Tyreke Evans,Chris Kaman,Craig Smith,Eric Gordon,Rasual Butler,Steve Blake,1,8:54,LAC,turnover,,,,,,,,,,Eric Gordon,,,out of bounds lost ball turnover,,,,,
Carl Landry,Francisco Garcia,Jason Thompson,Omri Casspi,Tyreke Evans,Chris Kaman,Craig Smith,Eric Gordon,Rasual Butler,Steve Blake,1,8:40,SAC,shot,Tyreke Evans,,,,,,,,,Jason Thompson,2,,,made,,jump,31,22
Carl Landry,Francisco Garcia,Jason Thompson,Omri Casspi,Tyreke Evans,Chris Kaman,Craig Smith,Eric Gordon,Rasual Butler,Steve Blake,1,8:22,LAC,shot,Rasual Butler,,,,,,,,,Craig Smith,2,,,made,,slam dunk,25,6
Carl Landry,Francisco Garcia,Jason Thompson,Omri Casspi,Tyreke Evans,Chris Kaman,Craig Smith,Eric Gordon,Rasual Butler,Steve Blake,1,8:04,SAC,shot,,,,,,,,,,Jason Thompson,,,,missed,,jump,37,13
Carl Landry,Francisco Garcia,Jason Thompson,Omri Casspi,Tyreke Evans,Chris Kaman,Craig Smith,Eric Gordon,Rasual Butler,Steve Blake,1,8:04,SAC,rebound,,,,,,,,,,,,,,,,,,
Carl Landry,Francisco Garcia,Jason Thompson,Omri Casspi,Tyreke Evans,Chris Kaman,Craig Smith,Eric Gordon,Rasual Butler,Steve Blake,1,8:04,LAC,foul,,,,,,,,Jason Thompson,,Rasual Butler,,,,,,loose ball,,
Carl Landry,Francisco Garcia,Jason Thompson,Omri Casspi,Tyreke Evans,Chris Kaman,Craig Smith,Eric Gordon,Rasual Butler,Steve Blake,1,7:49,SAC,shot,,,,,,,,,,Francisco Garcia,,,,missed,,3pt,30,32
Carl Landry,Francisco Garcia,Jason Thompson,Omri Casspi,Tyreke Evans,Chris Kaman,Craig Smith,Eric Gordon,Rasual Butler,Steve Blake,1,7:47,LAC,rebound,,,,,,,,,,Rasual Butler,,,,,,def,,
Carl Landry,Francisco Garcia,Jason Thompson,Omri Casspi,Tyreke Evans,Chris Kaman,Craig Smith,Eric Gordon,Rasual Butler,Steve Blake,1,7:27,LAC,foul,,,,,,,,Tyreke Evans,,Craig Smith,,,,,,offensive,,
Carl Landry,Francisco Garcia,Jason Thompson,Omri Casspi,Tyreke Evans,Chris Kaman,Craig Smith,Eric Gordon,Rasual Butler,Steve Blake,1,7:27,LAC,turnover,,,,,,,,,,Craig Smith,,,foul,,,,,
Carl Landry,Francisco Garcia,Jason Thompson,Omri Casspi,Tyreke Evans,Chris Kaman,DeAndre Jordan,Eric Gordon,Rasual Butler,Steve Blake,1,7:27,LAC,sub,,,,DeAndre Jordan,,Craig Smith,,,,,,,,,,,,
Carl Landry,Francisco Garcia,Jason Thompson,Omri Casspi,Tyreke Evans,Chris Kaman,DeAndre Jordan,Eric Gordon,Rasual Butler,Steve Blake,1,7:13,SAC,turnover,,,,,,,,,,Carl Landry,,,traveling,,,,,
Carl Landry,Francisco Garcia,Jason Thompson,Omri Casspi,Tyreke Evans,Chris Kaman,DeAndre Jordan,Eric Gordon,Rasual Butler,Steve Blake,1,6:56,LAC,shot,,,,,,,,,,Chris Kaman,,,,missed,,jump,7,7
Carl Landry,Francisco Garcia,Jason Thompson,Omri Casspi,Tyreke Evans,Chris Kaman,DeAndre Jordan,Eric Gordon,Rasual Butler,Steve Blake,1,6:55,SAC,rebound,,,,,,,,,,Carl Landry,,,,,,def,,
Carl Landry,Francisco Garcia,Jason Thompson,Omri Casspi,Tyreke Evans,Chris Kaman,DeAndre Jordan,Eric Gordon,Rasual Butler,Steve Blake,1,6:37,SAC,shot,,,,,,,,,,Omri Casspi,,,,missed,,3pt,14,28
Carl Landry,Francisco Garcia,Jason Thompson,Omri Casspi,Tyreke Evans,Chris Kaman,DeAndre Jordan,Eric Gordon,Rasual Butler,Steve Blake,1,6:32,LAC,rebound,,,,,,,,,,,,,,,,,,
Carl Landry,Francisco Garcia,Jason Thompson,Omri Casspi,Tyreke Evans,Chris Kaman,DeAndre Jordan,Eric Gordon,Rasual Butler,Steve Blake,1,6:21,LAC,shot,Chris Kaman,,,,,,,,,Steve Blake,2,,,made,,jump,30,17
Carl Landry,Francisco Garcia,Jason Thompson,Omri Casspi,Tyreke Evans,Chris Kaman,DeAndre Jordan,Eric Gordon,Rasual Butler,Steve Blake,1,6:03,SAC,shot,,,,,,,,,,Omri Casspi,2,,,made,,jump,15,26
Carl Landry,Francisco Garcia,Jason Thompson,Omri Casspi,Tyreke Evans,Chris Kaman,DeAndre Jordan,Eric Gordon,Rasual Butler,Steve Blake,1,5:59,LAC,timeout,,,,,,,,,,,,,,,,regular,,
Carl Landry,Francisco Garcia,Jason Thompson,Omri Casspi,Tyreke Evans,Chris Kaman,DeAndre Jordan,Eric Gordon,Steve Blake,Steve Novak,1,5:59,LAC,sub,,,,Steve Novak,,Rasual Butler,,,,,,,,,,,,
Beno Udrih,Carl Landry,Jason Thompson,Omri Casspi,Tyreke Evans,Chris Kaman,DeAndre Jordan,Eric Gordon,Steve Blake,Steve Novak,1,5:59,SAC,sub,,,,Beno Udrih,,Francisco Garcia,,,,,,,,,,,,
Beno Udrih,Carl Landry,Jason Thompson,Omri Casspi,Tyreke Evans,Chris Kaman,DeAndre Jordan,Eric Gordon,Steve Blake,Steve Novak,1,5:45,LAC,turnover,,,,,,,,,,Chris Kaman,,,bad pass,,Jason Thompson,,,
Beno Udrih,Carl Landry,Jason Thompson,Omri Casspi,Tyreke Evans,Chris Kaman,DeAndre Jordan,Eric Gordon,Steve Blake,Steve Novak,1,5:22,SAC,shot,,,DeAndre Jordan,,,,,,,Beno Udrih,,,,missed,,layup,25,6
Beno Udrih,Carl Landry,Jason Thompson,Omri Casspi,Tyreke Evans,Chris Kaman,DeAndre Jordan,Eric Gordon,Steve Blake,Steve Novak,1,5:19,LAC,rebound,,,,,,,,,,Steve Blake,,,,,,def,,
Beno Udrih,Carl Landry,Jason Thompson,Omri Casspi,Tyreke Evans,Chris Kaman,DeAndre Jordan,Eric Gordon,Steve Blake,Steve Novak,1,5:15,LAC,shot,Steve Blake,,,,,,,,,Eric Gordon,3,,,made,,3pt,12,31
Beno Udrih,Carl Landry,Jason Thompson,Omri Casspi,Tyreke Evans,Chris Kaman,DeAndre Jordan,Eric Gordon,Steve Blake,Steve Novak,1,5:05,LAC,foul,,,,,,,,Carl Landry,,DeAndre Jordan,,,,,,shooting,,
Beno Udrih,Carl Landry,Donte Greene,Jason Thompson,Omri Casspi,Chris Kaman,DeAndre Jordan,Eric Gordon,Steve Blake,Steve Novak,1,5:05,SAC,sub,,,,Donte Greene,,Tyreke Evans,,,,,,,,,,,,
Beno Udrih,Carl Landry,Donte Greene,Jason Thompson,Omri Casspi,Chris Kaman,DeAndre Jordan,Eric Gordon,Steve Blake,Steve Novak,1,5:05,SAC,free throw,,,,,,,1,,2,Carl Landry,,,foul,missed,,,,
Beno Udrih,Carl Landry,Donte Greene,Jason Thompson,Omri Casspi,Chris Kaman,DeAndre Jordan,Eric Gordon,Steve Blake,Steve Novak,1,5:05,SAC,rebound,,,,,,,,,,,,,,,,,,
Beno Udrih,Carl Landry,Donte Greene,Jason Thompson,Omri Casspi,Chris Kaman,DeAndre Jordan,Eric Gordon,Steve Blake,Steve Novak,1,5:05,SAC,free throw,,,,,,,2,,2,Carl Landry,,,foul,missed,,,,
Beno Udrih,Carl Landry,Donte Greene,Jason Thompson,Omri Casspi,Chris Kaman,DeAndre Jordan,Eric Gordon,Steve Blake,Steve Novak,1,5:04,LAC,rebound,,,,,,,,,,Chris Kaman,,,,,,def,,
Beno Udrih,Carl Landry,Donte Greene,Jason Thompson,Omri Casspi,Chris Kaman,DeAndre Jordan,Eric Gordon,Steve Blake,Steve Novak,1,4:43,LAC,shot,,,,,,,,,,DeAndre Jordan,,,,missed,,hook,15,8
Beno Udrih,Carl Landry,Donte Greene,Jason Thompson,Omri Casspi,Chris Kaman,DeAndre Jordan,Eric Gordon,Steve Blake,Steve Novak,1,4:42,SAC,rebound,,,,,,,,,,Omri Casspi,,,,,,def,,
Beno Udrih,Carl Landry,Donte Greene,Jason Thompson,Omri Casspi,Chris Kaman,DeAndre Jordan,Eric Gordon,Steve Blake,Steve Novak,1,4:34,SAC,shot,,,,,,,,,,Carl Landry,,,,missed,,hook,30,8
Beno Udrih,Carl Landry,Donte Greene,Jason Thompson,Omri Casspi,Chris Kaman,DeAndre Jordan,Eric Gordon,Steve Blake,Steve Novak,1,4:34,SAC,rebound,,,,,,,,,,Jason Thompson,,,,,,off,,
Beno Udrih,Carl Landry,Donte Greene,Jason Thompson,Omri Casspi,Chris Kaman,DeAndre Jordan,Eric Gordon,Steve Blake,Steve Novak,1,4:34,SAC,shot,,,,,,,,,,Jason Thompson,,,,missed,,tip,25,6
Beno Udrih,Carl Landry,Donte Greene,Jason Thompson,Omri Casspi,Chris Kaman,DeAndre Jordan,Eric Gordon,Steve Blake,Steve Novak,1,4:34,LAC,rebound,,,,,,,,,,,,,,,,,,
Beno Udrih,Carl Landry,Donte Greene,Jason Thompson,Omri Casspi,Chris Kaman,DeAndre Jordan,Eric Gordon,Steve Blake,Steve Novak,1,4:34,SAC,foul,,,,,,,,Chris Kaman,,Carl Landry,,,,,,loose ball,,
Beno Udrih,Carl Landry,Donte Greene,Jason Thompson,Omri Casspi,Chris Kaman,DeAndre Jordan,Rasual Butler,Steve Blake,Steve Novak,1,4:34,LAC,sub,,,,Rasual Butler,,Eric Gordon,,,,,,,,,,,,
Beno Udrih,Donte Greene,Jason Thompson,Omri Casspi,Spencer Hawes,Chris Kaman,DeAndre Jordan,Rasual Butler,Steve Blake,Steve Novak,1,4:34,SAC,sub,,,,Spencer Hawes,,Carl Landry,,,,,,,,,,,,
Beno Udrih,Donte Greene,Jason Thompson,Omri Casspi,Spencer Hawes,Chris Kaman,DeAndre Jordan,Rasual Butler,Steve Blake,Steve Novak,1,4:16,LAC,shot,,,,,,,,,,Rasual Butler,3,,,made,,3pt,50,14
Beno Udrih,Donte Greene,Jason Thompson,Omri Casspi,Spencer Hawes,Chris Kaman,DeAndre Jordan,Rasual Butler,Steve Blake,Steve Novak,1,3:59,SAC,shot,Spencer Hawes,,,,,,,,,Omri Casspi,2,,,made,,jump,42,16
Beno Udrih,Donte Greene,Jason Thompson,Omri Casspi,Spencer Hawes,Chris Kaman,DeAndre Jordan,Rasual Butler,Steve Blake,Steve Novak,1,3:47,LAC,shot,,,,,,,,,,Chris Kaman,2,,,made,,jump,9,10
Beno Udrih,Donte Greene,Jason Thompson,Omri Casspi,Spencer Hawes,Chris Kaman,DeAndre Jordan,Rasual Butler,Steve Blake,Steve Novak,1,3:31,SAC,shot,Spencer Hawes,,,,,,,,,Beno Udrih,2,,,made,,layup,25,6
Beno Udrih,Donte Greene,Jason Thompson,Omri Casspi,Spencer Hawes,Chris Kaman,DeAndre Jordan,Rasual Butler,Steve Blake,Steve Novak,1,3:18,LAC,shot,Steve Blake,,,,,,,,,Rasual Butler,3,,,made,,3pt,41,27
Beno Udrih,Donte Greene,Jason Thompson,Omri Casspi,Spencer Hawes,Chris Kaman,DeAndre Jordan,Rasual Butler,Steve Blake,Steve Novak,1,3:01,LAC,foul,,,,,,,,Jason Thompson,,Chris Kaman,,,,,,shooting,,
Beno Udrih,Donte Greene,Jason Thompson,Omri Casspi,Spencer Hawes,Chris Kaman,DeAndre Jordan,Rasual Butler,Steve Blake,Steve Novak,1,3:01,SAC,free throw,,,,,,,1,,2,Jason Thompson,,,foul,missed,,,,
Beno Udrih,Donte Greene,Jason Thompson,Omri Casspi,Spencer Hawes,Chris Kaman,DeAndre Jordan,Rasual Butler,Steve Blake,Steve Novak,1,3:01,SAC,rebound,,,,,,,,,,,,,,,,,,
Beno Udrih,Donte Greene,Jason Thompson,Omri Casspi,Spencer Hawes,Chris Kaman,DeAndre Jordan,Rasual Butler,Steve Blake,Steve Novak,1,3:01,SAC,free throw,,,,,,,2,,2,Jason Thompson,,,foul,made,,,,
Beno Udrih,Donte Greene,Jason Thompson,Omri Casspi,Spencer Hawes,Chris Kaman,DeAndre Jordan,Rasual Butler,Steve Blake,Steve Novak,1,2:46,LAC,shot,,,,,,,,,,Steve Blake,,,,missed,,3pt,9,30
Beno Udrih,Donte Greene,Jason Thompson,Omri Casspi,Spencer Hawes,Chris Kaman,DeAndre Jordan,Rasual Butler,Steve Blake,Steve Novak,1,2:44,SAC,rebound,,,,,,,,,,Jason Thompson,,,,,,def,,
Beno Udrih,Donte Greene,Jason Thompson,Omri Casspi,Spencer Hawes,Chris Kaman,DeAndre Jordan,Rasual Butler,Steve Blake,Steve Novak,1,2:40,LAC,foul,,,,,,,,Beno Udrih,,Steve Blake,,,,,,shooting,,
Beno Udrih,Donte Greene,Jason Thompson,Omri Casspi,Spencer Hawes,Chris Kaman,DeAndre Jordan,Rasual Butler,Steve Blake,Steve Novak,1,2:40,SAC,timeout,,,,,,,,,,,,,,,,regular,,
Beno Udrih,Donte Greene,Jason Thompson,Omri Casspi,Spencer Hawes,Bobby Brown,Chris Kaman,DeAndre Jordan,Rasual Butler,Steve Novak,1,2:40,LAC,sub,,,,Bobby Brown,,Steve Blake,,,,,,,,,,,,
Beno Udrih,Donte Greene,Jason Thompson,Omri Casspi,Spencer Hawes,Bobby Brown,Chris Kaman,DeAndre Jordan,Eric Gordon,Rasual Butler,1,2:40,LAC,sub,,,,Eric Gordon,,Steve Novak,,,,,,,,,,,,
Beno Udrih,Donte Greene,Jason Thompson,Omri Casspi,Spencer Hawes,Bobby Brown,Chris Kaman,DeAndre Jordan,Eric Gordon,Rasual Butler,1,2:40,SAC,free throw,,,,,,,1,,2,Beno Udrih,,,foul,made,,,,
Beno Udrih,Donte Greene,Jason Thompson,Omri Casspi,Spencer Hawes,Bobby Brown,Chris Kaman,DeAndre Jordan,Eric Gordon,Rasual Butler,1,2:40,SAC,free throw,,,,,,,2,,2,Beno Udrih,,,foul,made,,,,
Beno Udrih,Donte Greene,Jason Thompson,Omri Casspi,Spencer Hawes,Bobby Brown,Chris Kaman,DeAndre Jordan,Eric Gordon,Rasual Butler,1,2:24,LAC,shot,,,,,,,,,,Rasual Butler,,,,missed,,jump,11,17
Beno Udrih,Donte Greene,Jason Thompson,Omri Casspi,Spencer Hawes,Bobby Brown,Chris Kaman,DeAndre Jordan,Eric Gordon,Rasual Butler,1,2:23,SAC,rebound,,,,,,,,,,Omri Casspi,,,,,,def,,
Beno Udrih,Donte Greene,Jason Thompson,Omri Casspi,Spencer Hawes,Bobby Brown,Chris Kaman,DeAndre Jordan,Eric Gordon,Rasual Butler,1,2:13,SAC,turnover,,,,,,,,,,Omri Casspi,,,traveling,,,,,
Beno Udrih,Donte Greene,Jason Thompson,Omri Casspi,Spencer Hawes,Bobby Brown,Chris Kaman,DeAndre Jordan,Eric Gordon,Rasual Butler,1,1:59,LAC,turnover,,,,,,,,,,Bobby Brown,,,bad pass,,Omri Casspi,,,
Beno Udrih,Donte Greene,Jason Thompson,Omri Casspi,Spencer Hawes,Bobby Brown,Chris Kaman,DeAndre Jordan,Eric Gordon,Rasual Butler,1,1:53,SAC,shot,,,,,,,,,,Spencer Hawes,2,,,made,,hook,25,6
Beno Udrih,Donte Greene,Jason Thompson,Omri Casspi,Spencer Hawes,Bobby Brown,Chris Kaman,DeAndre Jordan,Eric Gordon,Rasual Butler,1,1:30,LAC,shot,Eric Gordon,,,,,,,,,Rasual Butler,3,,,made,,3pt,48,9
Beno Udrih,Donte Greene,Jason Thompson,Omri Casspi,Spencer Hawes,Bobby Brown,Chris Kaman,DeAndre Jordan,Eric Gordon,Rasual Butler,1,1:02,SAC,shot,Donte Greene,,,,,,,,,Omri Casspi,2,,,made,,jump,9,7
Beno Udrih,Donte Greene,Jason Thompson,Omri Casspi,Spencer Hawes,Bobby Brown,Chris Kaman,DeAndre Jordan,Eric Gordon,Rasual Butler,1,0:37,LAC,shot,,,,,,,,,,Chris Kaman,,,,missed,,fade away jumper,13,16
Beno Udrih,Donte Greene,Jason Thompson,Omri Casspi,Spencer Hawes,Bobby Brown,Chris Kaman,DeAndre Jordan,Eric Gordon,Rasual Butler,1,0:35,SAC,rebound,,,,,,,,,,Omri Casspi,,,,,,def,,
Beno Udrih,Donte Greene,Jason Thompson,Omri Casspi,Spencer Hawes,Bobby Brown,Chris Kaman,DeAndre Jordan,Eric Gordon,Rasual Butler,1,0:28,SAC,shot,Beno Udrih,,,,,,,,,Jason Thompson,2,,,made,,jump,11,17
Beno Udrih,Donte Greene,Jason Thompson,Omri Casspi,Spencer Hawes,Bobby Brown,Chris Kaman,DeAndre Jordan,Eric Gordon,Rasual Butler,1,0:07,SAC,foul,,,,,,,,Eric Gordon,,Omri Casspi,,,,,,shooting,,
Beno Udrih,Donte Greene,Jason Thompson,Omri Casspi,Spencer Hawes,Bobby Brown,Chris Kaman,DeAndre Jordan,Eric Gordon,Rasual Butler,1,0:07,LAC,free throw,,,,,,,1,,2,Eric Gordon,,,foul,made,,,,
Beno Udrih,Donte Greene,Jason Thompson,Omri Casspi,Spencer Hawes,Bobby Brown,Brian Skinner,DeAndre Jordan,Eric Gordon,Rasual Butler,1,0:07,LAC,sub,,,,Brian Skinner,,Chris Kaman,,,,,,,,,,,,
Beno Udrih,Donte Greene,Jason Thompson,Omri Casspi,Spencer Hawes,Bobby Brown,Brian Skinner,DeAndre Jordan,Eric Gordon,Rasual Butler,1,0:07,LAC,free throw,,,,,,,2,,2,Eric Gordon,,,foul,missed,,,,
Beno Udrih,Donte Greene,Jason Thompson,Omri Casspi,Spencer Hawes,Bobby Brown,Brian Skinner,DeAndre Jordan,Eric Gordon,Rasual Butler,1,0:04,SAC,rebound,,,,,,,,,,Jason Thompson,,,,,,def,,
Beno Udrih,Donte Greene,Jason Thompson,Omri Casspi,Spencer Hawes,Bobby Brown,Brian Skinner,DeAndre Jordan,Eric Gordon,Rasual Butler,1,0:02,SAC,shot,,,,,,,,,,Spencer Hawes,,,,missed,,dunk,25,6
Beno Udrih,Donte Greene,Jason Thompson,Omri Casspi,Spencer Hawes,Bobby Brown,Brian Skinner,DeAndre Jordan,Eric Gordon,Rasual Butler,1,0:00,LAC,rebound,,,,,,,,,,Rasual Butler,,,,,,def,,
Beno Udrih,Carl Landry,Donte Greene,Spencer Hawes,Tyreke Evans,Bobby Brown,Craig Smith,DeAndre Jordan,Eric Gordon,Rasual Butler,2,11:44,SAC,shot,,,,,,,,,,Tyreke Evans,,,,missed,,jump,10,15
Beno Udrih,Carl Landry,Donte Greene,Spencer Hawes,Tyreke Evans,Bobby Brown,Craig Smith,DeAndre Jordan,Eric Gordon,Rasual Butler,2,11:41,LAC,rebound,,,,,,,,,,DeAndre Jordan,,,,,,def,,
Beno Udrih,Carl Landry,Donte Greene,Spencer Hawes,Tyreke Evans,Bobby Brown,Craig Smith,DeAndre Jordan,Eric Gordon,Rasual Butler,2,11:27,LAC,shot,,,,,,,,,,Craig Smith,,,,missed,,reverse layup,25,6
Beno Udrih,Carl Landry,Donte Greene,Spencer Hawes,Tyreke Evans,Bobby Brown,Craig Smith,DeAndre Jordan,Eric Gordon,Rasual Butler,2,11:25,SAC,rebound,,,,,,,,,,Carl Landry,,,,,,def,,
Beno Udrih,Carl Landry,Donte Greene,Spencer Hawes,Tyreke Evans,Bobby Brown,Craig Smith,DeAndre Jordan,Eric Gordon,Rasual Butler,2,11:20,SAC,shot,,,,,,,,,,Tyreke Evans,2,,,made,,layup,25,6
Beno Udrih,Carl Landry,Donte Greene,Spencer Hawes,Tyreke Evans,Bobby Brown,Craig Smith,DeAndre Jordan,Eric Gordon,Rasual Butler,2,11:00,LAC,shot,Bobby Brown,,,,,,,,,Craig Smith,2,,,made,,layup,25,6
Beno Udrih,Carl Landry,Donte Greene,Spencer Hawes,Tyreke Evans,Bobby Brown,Craig Smith,DeAndre Jordan,Eric Gordon,Rasual Butler,2,11:00,SAC,foul,,,,,,,,Craig Smith,,Spencer Hawes,,,,,,shooting,,
Beno Udrih,Carl Landry,Donte Greene,Spencer Hawes,Tyreke Evans,Bobby Brown,Craig Smith,DeAndre Jordan,Eric Gordon,Rasual Butler,2,11:00,LAC,free throw,,,,,,,1,,1,Craig Smith,,,foul,made,,,,
Beno Udrih,Carl Landry,Donte Greene,Spencer Hawes,Tyreke Evans,Bobby Brown,Craig Smith,DeAndre Jordan,Eric Gordon,Rasual Butler,2,10:47,SAC,shot,,,,,,,,,,Carl Landry,,,,missed,,driving layup,25,6
Beno Udrih,Carl Landry,Donte Greene,Spencer Hawes,Tyreke Evans,Bobby Brown,Craig Smith,DeAndre Jordan,Eric Gordon,Rasual Butler,2,10:44,LAC,rebound,,,,,,,,,,DeAndre Jordan,,,,,,def,,
Beno Udrih,Carl Landry,Donte Greene,Spencer Hawes,Tyreke Evans,Bobby Brown,Craig Smith,DeAndre Jordan,Eric Gordon,Rasual Butler,2,10:41,LAC,shot,,,,,,,,,,Bobby Brown,,,,missed,,jump,31,19
Beno Udrih,Carl Landry,Donte Greene,Spencer Hawes,Tyreke Evans,Bobby Brown,Craig Smith,DeAndre Jordan,Eric Gordon,Rasual Butler,2,10:39,LAC,rebound,,,,,,,,,,,,,,,,,,
Beno Udrih,Carl Landry,Donte Greene,Spencer Hawes,Tyreke Evans,Bobby Brown,Craig Smith,DeAndre Jordan,Eric Gordon,Rasual Butler,2,10:37,SAC,foul,,,,,,,,Eric Gordon,,Tyreke Evans,,,,,,personal,,
Beno Udrih,Carl Landry,Donte Greene,Joey Dorsey,Tyreke Evans,Bobby Brown,Craig Smith,DeAndre Jordan,Eric Gordon,Rasual Butler,2,10:37,SAC,sub,,,,Joey Dorsey,,Spencer Hawes,,,,,,,,,,,,
Beno Udrih,Carl Landry,Donte Greene,Joey Dorsey,Tyreke Evans,Bobby Brown,Craig Smith,DeAndre Jordan,Eric Gordon,Rasual Butler,2,10:34,SAC,foul,,,,,,,,Eric Gordon,,Tyreke Evans,,,,,,personal,,
Beno Udrih,Carl Landry,Donte Greene,Joey Dorsey,Tyreke Evans,Bobby Brown,Craig Smith,DeAndre Jordan,Eric Gordon,Rasual Butler,2,10:23,LAC,shot,Eric Gordon,,,,,,,,,Bobby Brown,3,,,made,,3pt,13,32
Beno Udrih,Carl Landry,Donte Greene,Joey Dorsey,Tyreke Evans,Bobby Brown,Craig Smith,DeAndre Jordan,Eric Gordon,Rasual Butler,2,10:13,SAC,foul,,,,,,,,Bobby Brown,,Joey Dorsey,,,,,,offensive,,
Beno Udrih,Carl Landry,Donte Greene,Joey Dorsey,Tyreke Evans,Bobby Brown,Craig Smith,DeAndre Jordan,Eric Gordon,Rasual Butler,2,10:13,SAC,turnover,,,,,,,,,,Joey Dorsey,,,foul,,,,,
Beno Udrih,Carl Landry,Donte Greene,Joey Dorsey,Tyreke Evans,Craig Smith,DeAndre Jordan,Eric Gordon,Rasual Butler,Steve Blake,2,10:13,LAC,sub,,,,Steve Blake,,Bobby Brown,,,,,,,,,,,,
Beno Udrih,Carl Landry,Donte Greene,Joey Dorsey,Tyreke Evans,Craig Smith,DeAndre Jordan,Eric Gordon,Rasual Butler,Steve Blake,2,9:58,SAC,foul,,,,,,,,Craig Smith,,Carl Landry,,,,,,shooting,,
Beno Udrih,Carl Landry,Donte Greene,Joey Dorsey,Tyreke Evans,Craig Smith,DeAndre Jordan,Eric Gordon,Rasual Butler,Steve Blake,2,9:58,LAC,free throw,,,,,,,1,,2,Craig Smith,,,foul,made,,,,
Beno Udrih,Carl Landry,Donte Greene,Joey Dorsey,Tyreke Evans,Craig Smith,DeAndre Jordan,Eric Gordon,Rasual Butler,Steve Blake,2,9:58,LAC,free throw,,,,,,,2,,2,Craig Smith,,,foul,made,,,,
Beno Udrih,Carl Landry,Donte Greene,Joey Dorsey,Tyreke Evans,Craig Smith,DeAndre Jordan,Eric Gordon,Rasual Butler,Steve Blake,2,9:38,SAC,shot,,,Craig Smith,,,,,,,Donte Greene,,,,missed,,jump,24,14
Beno Udrih,Carl Landry,Donte Greene,Joey Dorsey,Tyreke Evans,Craig Smith,DeAndre Jordan,Eric Gordon,Rasual Butler,Steve Blake,2,9:35,LAC,rebound,,,,,,,,,,Craig Smith,,,,,,def,,
Beno Udrih,Carl Landry,Donte Greene,Joey Dorsey,Tyreke Evans,Craig Smith,DeAndre Jordan,Eric Gordon,Rasual Butler,Steve Blake,2,9:31,LAC,shot,Steve Blake,,,,,,,,,DeAndre Jordan,2,,,made,,alley oop dunk,25,6
Beno Udrih,Carl Landry,Donte Greene,Joey Dorsey,Tyreke Evans,Craig Smith,DeAndre Jordan,Eric Gordon,Rasual Butler,Steve Blake,2,9:21,SAC,shot,,,,,,,,,,Carl Landry,,,,missed,,jump,18,9
Beno Udrih,Carl Landry,Donte Greene,Joey Dorsey,Tyreke Evans,Craig Smith,DeAndre Jordan,Eric Gordon,Rasual Butler,Steve Blake,2,9:19,LAC,rebound,,,,,,,,,,Rasual Butler,,,,,,def,,
Beno Udrih,Carl Landry,Donte Greene,Joey Dorsey,Tyreke Evans,Craig Smith,DeAndre Jordan,Eric Gordon,Rasual Butler,Steve Blake,2,9:02,LAC,shot,,,,,,,,,,DeAndre Jordan,,,,missed,,hook,24,14
Beno Udrih,Carl Landry,Donte Greene,Joey Dorsey,Tyreke Evans,Craig Smith,DeAndre Jordan,Eric Gordon,Rasual Butler,Steve Blake,2,9:02,SAC,rebound,,,,,,,,,,Joey Dorsey,,,,,,def,,
Beno Udrih,Carl Landry,Donte Greene,Joey Dorsey,Tyreke Evans,Craig Smith,DeAndre Jordan,Eric Gordon,Rasual Butler,Steve Blake,2,9:02,LAC,foul,,,,,,,,Tyreke Evans,,DeAndre Jordan,,,,,,shooting,,
Beno Udrih,Carl Landry,Donte Greene,Joey Dorsey,Tyreke Evans,Craig Smith,DeAndre Jordan,Eric Gordon,Rasual Butler,Steve Blake,2,9:02,SAC,free throw,,,,,,,1,,2,Tyreke Evans,,,foul,missed,,,,
Beno Udrih,Carl Landry,Donte Greene,Joey Dorsey,Tyreke Evans,Craig Smith,DeAndre Jordan,Eric Gordon,Rasual Butler,Steve Blake,2,9:02,SAC,rebound,,,,,,,,,,,,,,,,,,
Beno Udrih,Carl Landry,Donte Greene,Joey Dorsey,Tyreke Evans,Chris Kaman,Craig Smith,Eric Gordon,Rasual Butler,Steve Blake,2,9:02,LAC,sub,,,,Chris Kaman,,DeAndre Jordan,,,,,,,,,,,,
Carl Landry,Donte Greene,Francisco Garcia,Joey Dorsey,Tyreke Evans,Chris Kaman,Craig Smith,Eric Gordon,Rasual Butler,Steve Blake,2,9:02,SAC,sub,,,,Francisco Garcia,,Beno Udrih,,,,,,,,,,,,
Carl Landry,Francisco Garcia,Jason Thompson,Joey Dorsey,Tyreke Evans,Chris Kaman,Craig Smith,Eric Gordon,Rasual Butler,Steve Blake,2,9:02,SAC,sub,,,,Jason Thompson,,Donte Greene,,,,,,,,,,,,
Carl Landry,Francisco Garcia,Jason Thompson,Omri Casspi,Tyreke Evans,Chris Kaman,Craig Smith,Eric Gordon,Rasual Butler,Steve Blake,2,9:02,SAC,sub,,,,Omri Casspi,,Joey Dorsey,,,,,,,,,,,,
Carl Landry,Francisco Garcia,Jason Thompson,Omri Casspi,Tyreke Evans,Chris Kaman,Craig Smith,Eric Gordon,Rasual Butler,Steve Blake,2,9:02,SAC,free throw,,,,,,,2,,2,Tyreke Evans,,,foul,made,,,,
Carl Landry,Francisco Garcia,Jason Thompson,Omri Casspi,Tyreke Evans,Chris Kaman,Craig Smith,Eric Gordon,Rasual Butler,Steve Blake,2,8:47,LAC,shot,Craig Smith,,,,,,,,,Eric Gordon,3,,,made,,3pt,21,32
Carl Landry,Francisco Garcia,Jason Thompson,Omri Casspi,Tyreke Evans,Chris Kaman,Craig Smith,Eric Gordon,Rasual Butler,Steve Blake,2,8:24,SAC,shot,,,,,,,,,,Francisco Garcia,,,,missed,,jump,39,21
Carl Landry,Francisco Garcia,Jason Thompson,Omri Casspi,Tyreke Evans,Chris Kaman,Craig Smith,Eric Gordon,Rasual Butler,Steve Blake,2,8:20,LAC,rebound,,,,,,,,,,Rasual Butler,,,,,,def,,
Carl Landry,Francisco Garcia,Jason Thompson,Omri Casspi,Tyreke Evans,Chris Kaman,Craig Smith,Eric Gordon,Rasual Butler,Steve Blake,2,8:13,LAC,shot,,,,,,,,,,Craig Smith,,,,missed,,jump,31,6
Carl Landry,Francisco Garcia,Jason Thompson,Omri Casspi,Tyreke Evans,Chris Kaman,Craig Smith,Eric Gordon,Rasual Butler,Steve Blake,2,8:09,LAC,rebound,,,,,,,,,,Craig Smith,,,,,,off,,
Carl Landry,Francisco Garcia,Jason Thompson,Omri Casspi,Tyreke Evans,Chris Kaman,Craig Smith,Eric Gordon,Rasual Butler,Steve Blake,2,8:09,LAC,shot,,,,,,,,,,Craig Smith,2,,,made,,layup,25,6
Carl Landry,Francisco Garcia,Jason Thompson,Omri Casspi,Tyreke Evans,Chris Kaman,Craig Smith,Eric Gordon,Rasual Butler,Steve Blake,2,7:44,SAC,shot,Omri Casspi,,,,,,,,,Jason Thompson,2,,,made,,jump,24,13
Carl Landry,Francisco Garcia,Jason Thompson,Omri Casspi,Tyreke Evans,Chris Kaman,Craig Smith,Eric Gordon,Rasual Butler,Steve Blake,2,7:36,LAC,shot,,,,,,,,,,Eric Gordon,,,,missed,,layup,25,6
Carl Landry,Francisco Garcia,Jason Thompson,Omri Casspi,Tyreke Evans,Chris Kaman,Craig Smith,Eric Gordon,Rasual Butler,Steve Blake,2,7:33,SAC,rebound,,,,,,,,,,Carl Landry,,,,,,def,,
Carl Landry,Francisco Garcia,Jason Thompson,Omri Casspi,Tyreke Evans,Chris Kaman,Craig Smith,Eric Gordon,Rasual Butler,Steve Blake,2,7:30,SAC,shot,,,,,,,,,,Omri Casspi,,,,missed,,layup,25,6
Carl Landry,Francisco Garcia,Jason Thompson,Omri Casspi,Tyreke Evans,Chris Kaman,Craig Smith,Eric Gordon,Rasual Butler,Steve Blake,2,7:30,LAC,rebound,,,,,,,,,,,,,,,,,,
Carl Landry,Francisco Garcia,Jason Thompson,Omri Casspi,Tyreke Evans,Chris Kaman,Craig Smith,Eric Gordon,Rasual Butler,Steve Blake,2,7:30,SAC,foul,,,,,,,,Chris Kaman,,Jason Thompson,,,,,,loose ball,,
Carl Landry,Francisco Garcia,Jason Thompson,Omri Casspi,Tyreke Evans,Chris Kaman,Craig Smith,Eric Gordon,Rasual Butler,Steve Blake,2,7:30,LAC,timeout,,,,,,,,,,,,,,,,official,,
Carl Landry,Francisco Garcia,Jason Thompson,Omri Casspi,Tyreke Evans,Chris Kaman,Craig Smith,Eric Gordon,Rasual Butler,Steve Blake,2,7:30,LAC,free throw,,,,,,,1,,2,Chris Kaman,,,foul,missed,,,,
Carl Landry,Francisco Garcia,Jason Thompson,Omri Casspi,Tyreke Evans,Chris Kaman,Craig Smith,Eric Gordon,Rasual Butler,Steve Blake,2,7:30,LAC,rebound,,,,,,,,,,,,,,,,,,
Carl Landry,Francisco Garcia,Jason Thompson,Omri Casspi,Tyreke Evans,Chris Kaman,Craig Smith,Eric Gordon,Rasual Butler,Steve Blake,2,7:30,LAC,free throw,,,,,,,2,,2,Chris Kaman,,,foul,made,,,,
Carl Landry,Francisco Garcia,Jason Thompson,Omri Casspi,Tyreke Evans,Chris Kaman,Craig Smith,Eric Gordon,Rasual Butler,Steve Blake,2,7:17,SAC,shot,Tyreke Evans,,,,,,,,,Jason Thompson,2,,,made,,jump,27,24
Carl Landry,Francisco Garcia,Jason Thompson,Omri Casspi,Tyreke Evans,Chris Kaman,Craig Smith,Eric Gordon,Rasual Butler,Steve Blake,2,7:00,LAC,shot,,,,,,,,,,Chris Kaman,,,,missed,,layup,25,6
Carl Landry,Francisco Garcia,Jason Thompson,Omri Casspi,Tyreke Evans,Chris Kaman,Craig Smith,Eric Gordon,Rasual Butler,Steve Blake,2,6:59,LAC,rebound,,,,,,,,,,Chris Kaman,,,,,,off,,
Carl Landry,Francisco Garcia,Jason Thompson,Omri Casspi,Tyreke Evans,Chris Kaman,Craig Smith,Eric Gordon,Rasual Butler,Steve Blake,2,6:57,LAC,shot,,,,,,,,,,Chris Kaman,2,,,made,,layup,25,6
Carl Landry,Francisco Garcia,Jason Thompson,Omri Casspi,Tyreke Evans,Chris Kaman,Craig Smith,Eric Gordon,Rasual Butler,Steve Blake,2,6:43,SAC,shot,,,,,,,,,,Omri Casspi,,,,missed,,3pt,18,33
Carl Landry,Francisco Garcia,Jason Thompson,Omri Casspi,Tyreke Evans,Chris Kaman,Craig Smith,Eric Gordon,Rasual Butler,Steve Blake,2,6:42,LAC,rebound,,,,,,,,,,Chris Kaman,,,,,,def,,
Carl Landry,Francisco Garcia,Jason Thompson,Omri Casspi,Tyreke Evans,Chris Kaman,Craig Smith,Eric Gordon,Rasual Butler,Steve Blake,2,6:32,LAC,shot,Steve Blake,,,,,,,,,Rasual Butler,3,,,made,,3pt,50,8
Carl Landry,Francisco Garcia,Jason Thompson,Omri Casspi,Tyreke Evans,Chris Kaman,Craig Smith,Eric Gordon,Rasual Butler,Steve Blake,2,6:22,SAC,foul,,,,,,,,Craig Smith,,Jason Thompson,,,,,,offensive,,
Carl Landry,Francisco Garcia,Jason Thompson,Omri Casspi,Tyreke Evans,Chris Kaman,Craig Smith,Eric Gordon,Rasual Butler,Steve Blake,2,6:22,SAC,turnover,,,,,,,,,,Jason Thompson,,,foul,,,,,
Carl Landry,Francisco Garcia,Omri Casspi,Spencer Hawes,Tyreke Evans,Chris Kaman,Craig Smith,Eric Gordon,Rasual Butler,Steve Blake,2,6:22,SAC,sub,,,,Spencer Hawes,,Jason Thompson,,,,,,,,,,,,
Beno Udrih,Carl Landry,Omri Casspi,Spencer Hawes,Tyreke Evans,Chris Kaman,Craig Smith,Eric Gordon,Rasual Butler,Steve Blake,2,6:22,SAC,sub,,,,Beno Udrih,,Francisco Garcia,,,,,,,,,,,,
Beno Udrih,Carl Landry,Ime Udoka,Spencer Hawes,Tyreke Evans,Chris Kaman,Craig Smith,Eric Gordon,Rasual Butler,Steve Blake,2,6:22,SAC,sub,,,,Ime Udoka,,Omri Casspi,,,,,,,,,,,,
Beno Udrih,Carl Landry,Ime Udoka,Spencer Hawes,Tyreke Evans,Chris Kaman,Craig Smith,Eric Gordon,Rasual Butler,Steve Blake,2,6:10,LAC,shot,,,,,,,,,,Chris Kaman,,,,missed,,jump,34,7
Beno Udrih,Carl Landry,Ime Udoka,Spencer Hawes,Tyreke Evans,Chris Kaman,Craig Smith,Eric Gordon,Rasual Butler,Steve Blake,2,6:09,LAC,rebound,,,,,,,,,,,,,,,,,,
Beno Udrih,Carl Landry,Ime Udoka,Spencer Hawes,Tyreke Evans,Chris Kaman,Craig Smith,Eric Gordon,Rasual Butler,Steve Blake,2,6:03,LAC,shot,Steve Blake,,,,,,,,,Chris Kaman,2,,,made,,jump,42,13
Beno Udrih,Carl Landry,Ime Udoka,Spencer Hawes,Tyreke Evans,Chris Kaman,Craig Smith,Eric Gordon,Rasual Butler,Steve Blake,2,5:52,SAC,shot,Ime Udoka,,,,,,,,,Beno Udrih,2,,,made,,driving layup,25,6
Beno Udrih,Carl Landry,Ime Udoka,Spencer Hawes,Tyreke Evans,Chris Kaman,Craig Smith,Eric Gordon,Rasual Butler,Steve Blake,2,5:39,LAC,foul,,,,,,,,Beno Udrih,,Chris Kaman,,,,,,offensive,,
Beno Udrih,Carl Landry,Ime Udoka,Spencer Hawes,Tyreke Evans,Chris Kaman,Craig Smith,Eric Gordon,Rasual Butler,Steve Blake,2,5:39,LAC,turnover,,,,,,,,,,Chris Kaman,,,foul,,,,,
Beno Udrih,Carl Landry,Ime Udoka,Spencer Hawes,Tyreke Evans,Chris Kaman,Craig Smith,Eric Gordon,Rasual Butler,Steve Blake,2,5:39,LAC,timeout,,,,,,,,,,,,,,,,regular,,
Beno Udrih,Carl Landry,Ime Udoka,Spencer Hawes,Tyreke Evans,Chris Kaman,Craig Smith,Mardy Collins,Rasual Butler,Steve Blake,2,5:39,LAC,sub,,,,Mardy Collins,,Eric Gordon,,,,,,,,,,,,
Beno Udrih,Carl Landry,Ime Udoka,Spencer Hawes,Tyreke Evans,Chris Kaman,Craig Smith,Mardy Collins,Rasual Butler,Steve Blake,2,5:26,SAC,shot,Spencer Hawes,,,,,,,,,Ime Udoka,2,,,made,,layup,25,6
Beno Udrih,Carl Landry,Ime Udoka,Spencer Hawes,Tyreke Evans,Chris Kaman,Craig Smith,Mardy Collins,Rasual Butler,Steve Blake,2,5:02,LAC,shot,Steve Blake,,,,,,,,,Chris Kaman,2,,,made,,jump,11,19
Beno Udrih,Carl Landry,Ime Udoka,Spencer Hawes,Tyreke Evans,Chris Kaman,Craig Smith,Mardy Collins,Rasual Butler,Steve Blake,2,4:47,SAC,turnover,,,,,,,,,,Carl Landry,,,traveling,,,,,
Beno Udrih,Carl Landry,Ime Udoka,Spencer Hawes,Tyreke Evans,Chris Kaman,Craig Smith,Mardy Collins,Rasual Butler,Steve Blake,2,4:27,LAC,shot,,,Spencer Hawes,,,,,,,Craig Smith,,,,missed,,hook,23,11
Beno Udrih,Carl Landry,Ime Udoka,Spencer Hawes,Tyreke Evans,Chris Kaman,Craig Smith,Mardy Collins,Rasual Butler,Steve Blake,2,4:25,SAC,rebound,,,,,,,,,,Tyreke Evans,,,,,,def,,
Beno Udrih,Carl Landry,Ime Udoka,Spencer Hawes,Tyreke Evans,Chris Kaman,Craig Smith,Mardy Collins,Rasual Butler,Steve Blake,2,4:20,SAC,shot,,,,,,,,,,Beno Udrih,,,,missed,,jump,44,9
Beno Udrih,Carl Landry,Ime Udoka,Spencer Hawes,Tyreke Evans,Chris Kaman,Craig Smith,Mardy Collins,Rasual Butler,Steve Blake,2,4:20,SAC,rebound,,,,,,,,,,,,,,,,,,
Beno Udrih,Carl Landry,Ime Udoka,Spencer Hawes,Tyreke Evans,Chris Kaman,DeAndre Jordan,Mardy Collins,Rasual Butler,Steve Blake,2,4:20,LAC,sub,,,,DeAndre Jordan,,Craig Smith,,,,,,,,,,,,
Beno Udrih,Carl Landry,Ime Udoka,Spencer Hawes,Tyreke Evans,Chris Kaman,DeAndre Jordan,Mardy Collins,Rasual Butler,Steve Blake,2,4:19,SAC,turnover,,,,,,,,,,Beno Udrih,,,poss lost ball turnover,,Steve Blake,,,
Beno Udrih,Carl Landry,Ime Udoka,Spencer Hawes,Tyreke Evans,Chris Kaman,DeAndre Jordan,Mardy Collins,Rasual Butler,Steve Blake,2,4:15,LAC,turnover,,,,,,,,,,Steve Blake,,,out of bounds lost ball turnover,,,,,
Beno Udrih,Carl Landry,Ime Udoka,Spencer Hawes,Tyreke Evans,Chris Kaman,DeAndre Jordan,Mardy Collins,Rasual Butler,Steve Blake,2,3:55,SAC,shot,,,,,,,,,,Tyreke Evans,,,,missed,,3pt,11,27
Beno Udrih,Carl Landry,Ime Udoka,Spencer Hawes,Tyreke Evans,Chris Kaman,DeAndre Jordan,Mardy Collins,Rasual Butler,Steve Blake,2,3:54,LAC,rebound,,,,,,,,,,Chris Kaman,,,,,,def,,
Beno Udrih,Carl Landry,Ime Udoka,Spencer Hawes,Tyreke Evans,Chris Kaman,DeAndre Jordan,Mardy Collins,Rasual Butler,Steve Blake,2,3:42,LAC,shot,,,,,,,,,,Rasual Butler,,,,missed,,jump,10,8
Beno Udrih,Carl Landry,Ime Udoka,Spencer Hawes,Tyreke Evans,Chris Kaman,DeAndre Jordan,Mardy Collins,Rasual Butler,Steve Blake,2,3:41,LAC,rebound,,,,,,,,,,Chris Kaman,,,,,,off,,
Beno Udrih,Carl Landry,Ime Udoka,Spencer Hawes,Tyreke Evans,Chris Kaman,DeAndre Jordan,Mardy Collins,Rasual Butler,Steve Blake,2,3:38,LAC,shot,,,,,,,,,,Chris Kaman,2,,,made,,reverse layup,25,6
Beno Udrih,Carl Landry,Ime Udoka,Spencer Hawes,Tyreke Evans,Chris Kaman,DeAndre Jordan,Mardy Collins,Rasual Butler,Steve Blake,2,3:20,SAC,shot,,,,,,,,,,Ime Udoka,,,,missed,,layup,25,6
Beno Udrih,Carl Landry,Ime Udoka,Spencer Hawes,Tyreke Evans,Chris Kaman,DeAndre Jordan,Mardy Collins,Rasual Butler,Steve Blake,2,3:19,LAC,rebound,,,,,,,,,,DeAndre Jordan,,,,,,def,,
Beno Udrih,Carl Landry,Ime Udoka,Spencer Hawes,Tyreke Evans,Chris Kaman,DeAndre Jordan,Mardy Collins,Rasual Butler,Steve Blake,2,3:12,LAC,shot,,,,,,,,,,Rasual Butler,,,,missed,,layup,25,6
Beno Udrih,Carl Landry,Ime Udoka,Spencer Hawes,Tyreke Evans,Chris Kaman,DeAndre Jordan,Mardy Collins,Rasual Butler,Steve Blake,2,3:10,LAC,rebound,,,,,,,,,,Chris Kaman,,,,,,off,,
Beno Udrih,Carl Landry,Ime Udoka,Spencer Hawes,Tyreke Evans,Chris Kaman,DeAndre Jordan,Mardy Collins,Rasual Butler,Steve Blake,2,3:10,LAC,shot,,,,,,,,,,Chris Kaman,2,,,made,,putback dunk,25,6
Beno Udrih,Carl Landry,Ime Udoka,Spencer Hawes,Tyreke Evans,Chris Kaman,DeAndre Jordan,Mardy Collins,Rasual Butler,Steve Blake,2,3:10,SAC,timeout,,,,,,,,,,,,,,,,regular,,
Beno Udrih,Carl Landry,Ime Udoka,Spencer Hawes,Tyreke Evans,Chris Kaman,DeAndre Jordan,Eric Gordon,Mardy Collins,Steve Blake,2,3:10,LAC,sub,,,,Eric Gordon,,Rasual Butler,,,,,,,,,,,,
Beno Udrih,Carl Landry,Ime Udoka,Spencer Hawes,Tyreke Evans,Chris Kaman,DeAndre Jordan,Eric Gordon,Mardy Collins,Steve Blake,2,2:59,SAC,turnover,,,,,,,,,,Ime Udoka,,,out of bounds lost ball turnover,,,,,
Beno Udrih,Carl Landry,Ime Udoka,Spencer Hawes,Tyreke Evans,Chris Kaman,DeAndre Jordan,Eric Gordon,Mardy Collins,Steve Blake,2,2:35,LAC,turnover,,,,,,,,,,Eric Gordon,,,lost ball,,Ime Udoka,,,
Beno Udrih,Carl Landry,Ime Udoka,Spencer Hawes,Tyreke Evans,Chris Kaman,DeAndre Jordan,Eric Gordon,Mardy Collins,Steve Blake,2,2:30,SAC,shot,Tyreke Evans,,,,,,,,,Spencer Hawes,2,,,made,,dunk,25,6
Beno Udrih,Carl Landry,Ime Udoka,Spencer Hawes,Tyreke Evans,Chris Kaman,DeAndre Jordan,Eric Gordon,Mardy Collins,Steve Blake,2,2:07,LAC,turnover,,,,,,,,,,DeAndre Jordan,,,lost ball,,Ime Udoka,,,
Beno Udrih,Carl Landry,Ime Udoka,Spencer Hawes,Tyreke Evans,Chris Kaman,DeAndre Jordan,Eric Gordon,Mardy Collins,Steve Blake,2,2:02,SAC,shot,,,,,,,,,,Tyreke Evans,2,,,made,,driving finger roll layup,25,6
Beno Udrih,Carl Landry,Ime Udoka,Spencer Hawes,Tyreke Evans,Chris Kaman,DeAndre Jordan,Eric Gordon,Mardy Collins,Steve Blake,2,1:57,LAC,shot,Eric Gordon,,,,,,,,,Mardy Collins,2,,,made,,driving layup,25,6
Beno Udrih,Carl Landry,Ime Udoka,Spencer Hawes,Tyreke Evans,Chris Kaman,DeAndre Jordan,Eric Gordon,Mardy Collins,Steve Blake,2,1:57,SAC,foul,,,,,,,,Mardy Collins,,Beno Udrih,,,,,,shooting,,
Beno Udrih,Carl Landry,Ime Udoka,Spencer Hawes,Tyreke Evans,Brian Skinner,DeAndre Jordan,Eric Gordon,Mardy Collins,Steve Blake,2,1:57,LAC,sub,,,,Brian Skinner,,Chris Kaman,,,,,,,,,,,,
Beno Udrih,Carl Landry,Ime Udoka,Spencer Hawes,Tyreke Evans,Brian Skinner,DeAndre Jordan,Eric Gordon,Mardy Collins,Steve Blake,2,1:57,LAC,free throw,,,,,,,1,,1,Mardy Collins,,,foul,made,,,,
Beno Udrih,Carl Landry,Ime Udoka,Spencer Hawes,Tyreke Evans,Brian Skinner,DeAndre Jordan,Eric Gordon,Mardy Collins,Steve Blake,2,1:42,SAC,shot,Carl Landry,,,,,,,,,Ime Udoka,3,,,made,,3pt,48,10
Beno Udrih,Carl Landry,Ime Udoka,Spencer Hawes,Tyreke Evans,Brian Skinner,DeAndre Jordan,Eric Gordon,Mardy Collins,Steve Blake,2,1:28,LAC,shot,Steve Blake,,,,,,,,,Eric Gordon,3,,,made,,3pt,7,25
Beno Udrih,Carl Landry,Ime Udoka,Spencer Hawes,Tyreke Evans,Brian Skinner,DeAndre Jordan,Eric Gordon,Mardy Collins,Steve Blake,2,1:09,SAC,shot,,,,,,,,,,Tyreke Evans,2,,,made,,driving reverse layup,25,6
Beno Udrih,Carl Landry,Ime Udoka,Spencer Hawes,Tyreke Evans,Brian Skinner,DeAndre Jordan,Eric Gordon,Mardy Collins,Steve Blake,2,0:59,LAC,shot,Steve Blake,,,,,,,,,Eric Gordon,2,,,made,,alley oop layup,25,6
Beno Udrih,Carl Landry,Ime Udoka,Spencer Hawes,Tyreke Evans,Brian Skinner,DeAndre Jordan,Eric Gordon,Mardy Collins,Steve Blake,2,0:47,SAC,turnover,,,,,,,,,,Carl Landry,,,traveling,,,,,
Beno Udrih,Carl Landry,Ime Udoka,Spencer Hawes,Tyreke Evans,Brian Skinner,DeAndre Jordan,Eric Gordon,Mardy Collins,Steve Blake,2,0:32,LAC,turnover,,,,,,,,,,Mardy Collins,,,lost ball,,Beno Udrih,,,
Beno Udrih,Carl Landry,Ime Udoka,Spencer Hawes,Tyreke Evans,Brian Skinner,DeAndre Jordan,Eric Gordon,Mardy Collins,Steve Blake,2,0:27,SAC,shot,,,,,,,,,,Beno Udrih,2,,,made,,driving layup,25,6
Beno Udrih,Carl Landry,Ime Udoka,Spencer Hawes,Tyreke Evans,Brian Skinner,DeAndre Jordan,Eric Gordon,Mardy Collins,Steve Blake,2,0:10,LAC,turnover,,,,,,,,,,Steve Blake,,,palming turnover,,,,,
Beno Udrih,Carl Landry,Ime Udoka,Spencer Hawes,Tyreke Evans,Brian Skinner,DeAndre Jordan,Eric Gordon,Mardy Collins,Steve Blake,2,0:07,LAC,foul,,,,,,,,Tyreke Evans,,Mardy Collins,,,,,,shooting,,
Beno Udrih,Francisco Garcia,Ime Udoka,Spencer Hawes,Tyreke Evans,Brian Skinner,DeAndre Jordan,Eric Gordon,Mardy Collins,Steve Blake,2,0:07,SAC,sub,,,,Francisco Garcia,,Carl Landry,,,,,,,,,,,,
Beno Udrih,Francisco Garcia,Ime Udoka,Spencer Hawes,Tyreke Evans,DeAndre Jordan,Eric Gordon,Mardy Collins,Steve Blake,Steve Novak,2,0:07,LAC,sub,,,,Steve Novak,,Brian Skinner,,,,,,,,,,,,
Beno Udrih,Francisco Garcia,Ime Udoka,Spencer Hawes,Tyreke Evans,Bobby Brown,DeAndre Jordan,Eric Gordon,Steve Blake,Steve Novak,2,0:07,LAC,sub,,,,Bobby Brown,,Mardy Collins,,,,,,,,,,,,
Beno Udrih,Francisco Garcia,Ime Udoka,Spencer Hawes,Tyreke Evans,Bobby Brown,DeAndre Jordan,Eric Gordon,Steve Blake,Steve Novak,2,0:07,SAC,free throw,,,,,,,1,,2,Tyreke Evans,,,foul,made,,,,
Donte Greene,Francisco Garcia,Ime Udoka,Spencer Hawes,Tyreke Evans,Bobby Brown,DeAndre Jordan,Eric Gordon,Steve Blake,Steve Novak,2,0:07,SAC,sub,,,,Donte Greene,,Beno Udrih,,,,,,,,,,,,
Donte Greene,Francisco Garcia,Ime Udoka,Spencer Hawes,Tyreke Evans,Bobby Brown,DeAndre Jordan,Eric Gordon,Steve Blake,Steve Novak,2,0:07,SAC,free throw,,,,,,,2,,2,Tyreke Evans,,,foul,missed,,,,
Donte Greene,Francisco Garcia,Ime Udoka,Spencer Hawes,Tyreke Evans,Bobby Brown,DeAndre Jordan,Eric Gordon,Steve Blake,Steve Novak,2,0:06,LAC,rebound,,,,,,,,,,DeAndre Jordan,,,,,,def,,
Donte Greene,Francisco Garcia,Ime Udoka,Spencer Hawes,Tyreke Evans,Bobby Brown,DeAndre Jordan,Eric Gordon,Steve Blake,Steve Novak,2,0:06,LAC,timeout,,,,,,,,,,,,,,,,short,,
Donte Greene,Francisco Garcia,Ime Udoka,Omri Casspi,Spencer Hawes,Bobby Brown,DeAndre Jordan,Eric Gordon,Steve Blake,Steve Novak,2,0:06,SAC,sub,,,,Omri Casspi,,Tyreke Evans,,,,,,,,,,,,
Beno Udrih,Donte Greene,Francisco Garcia,Ime Udoka,Omri Casspi,Bobby Brown,DeAndre Jordan,Eric Gordon,Steve Blake,Steve Novak,2,0:06,SAC,sub,,,,Beno Udrih,,Spencer Hawes,,,,,,,,,,,,
Beno Udrih,Donte Greene,Francisco Garcia,Ime Udoka,Omri Casspi,Bobby Brown,DeAndre Jordan,Eric Gordon,Steve Blake,Steve Novak,2,0:01,LAC,shot,,,,,,,,,,Eric Gordon,2,,,made,,driving layup,25,6
Beno Udrih,Donte Greene,Francisco Garcia,Ime Udoka,Omri Casspi,Bobby Brown,DeAndre Jordan,Eric Gordon,Steve Blake,Steve Novak,2,0:01,SAC,turnover,,,,,,,,,,Ime Udoka,,,bad pass,,,,,
Beno Udrih,Donte Greene,Francisco Garcia,Ime Udoka,Omri Casspi,Bobby Brown,DeAndre Jordan,Eric Gordon,Steve Blake,Steve Novak,2,0:00,LAC,shot,,,,,,,,,,Eric Gordon,,,,missed,,running jump,19,7
Beno Udrih,Donte Greene,Francisco Garcia,Ime Udoka,Omri Casspi,Bobby Brown,DeAndre Jordan,Eric Gordon,Steve Blake,Steve Novak,2,0:00,LAC,rebound,,,,,,,,,,,,,,,,,,
Carl Landry,Francisco Garcia,Jason Thompson,Omri Casspi,Tyreke Evans,Chris Kaman,Craig Smith,Eric Gordon,Rasual Butler,Steve Blake,3,11:50,SAC,jump ball,,Tyreke Evans,,,Chris Kaman,,,,,,,Sacramento,,,,,,
Carl Landry,Francisco Garcia,Jason Thompson,Omri Casspi,Tyreke Evans,Chris Kaman,Craig Smith,Eric Gordon,Rasual Butler,Steve Blake,3,11:41,SAC,shot,,,,,,,,,,Francisco Garcia,,,,missed,,jump,5,6
Carl Landry,Francisco Garcia,Jason Thompson,Omri Casspi,Tyreke Evans,Chris Kaman,Craig Smith,Eric Gordon,Rasual Butler,Steve Blake,3,11:39,LAC,rebound,,,,,,,,,,Chris Kaman,,,,,,def,,
Carl Landry,Francisco Garcia,Jason Thompson,Omri Casspi,Tyreke Evans,Chris Kaman,Craig Smith,Eric Gordon,Rasual Butler,Steve Blake,3,11:25,LAC,shot,,,,,,,,,,Eric Gordon,,,,missed,,3pt,33,32
Carl Landry,Francisco Garcia,Jason Thompson,Omri Casspi,Tyreke Evans,Chris Kaman,Craig Smith,Eric Gordon,Rasual Butler,Steve Blake,3,11:25,LAC,rebound,,,,,,,,,,Chris Kaman,,,,,,off,,
Carl Landry,Francisco Garcia,Jason Thompson,Omri Casspi,Tyreke Evans,Chris Kaman,Craig Smith,Eric Gordon,Rasual Butler,Steve Blake,3,11:25,SAC,foul,,,,,,,,Chris Kaman,,Jason Thompson,,,,,,shooting,,
Carl Landry,Francisco Garcia,Jason Thompson,Omri Casspi,Tyreke Evans,Chris Kaman,Craig Smith,Eric Gordon,Rasual Butler,Steve Blake,3,11:25,LAC,free throw,,,,,,,1,,2,Chris Kaman,,,foul,missed,,,,
Carl Landry,Francisco Garcia,Jason Thompson,Omri Casspi,Tyreke Evans,Chris Kaman,Craig Smith,Eric Gordon,Rasual Butler,Steve Blake,3,11:25,LAC,rebound,,,,,,,,,,,,,,,,,,
Carl Landry,Francisco Garcia,Jason Thompson,Omri Casspi,Tyreke Evans,Chris Kaman,Craig Smith,Eric Gordon,Rasual Butler,Steve Blake,3,11:25,LAC,free throw,,,,,,,2,,2,Chris Kaman,,,foul,made,,,,
Carl Landry,Francisco Garcia,Jason Thompson,Omri Casspi,Tyreke Evans,Chris Kaman,Craig Smith,Eric Gordon,Rasual Butler,Steve Blake,3,11:05,SAC,shot,,,,,,,,,,Tyreke Evans,,,,missed,,layup,25,6
Carl Landry,Francisco Garcia,Jason Thompson,Omri Casspi,Tyreke Evans,Chris Kaman,Craig Smith,Eric Gordon,Rasual Butler,Steve Blake,3,11:04,LAC,rebound,,,,,,,,,,Craig Smith,,,,,,def,,
Carl Landry,Francisco Garcia,Jason Thompson,Omri Casspi,Tyreke Evans,Chris Kaman,Craig Smith,Eric Gordon,Rasual Butler,Steve Blake,3,10:58,LAC,turnover,,,,,,,,,,Steve Blake,,,bad pass,,Omri Casspi,,,
Carl Landry,Francisco Garcia,Jason Thompson,Omri Casspi,Tyreke Evans,Chris Kaman,Craig Smith,Eric Gordon,Rasual Butler,Steve Blake,3,10:58,LAC,foul,,,,,,,,Francisco Garcia,,Steve Blake,,,,,,personal,,
Carl Landry,Francisco Garcia,Jason Thompson,Omri Casspi,Tyreke Evans,Chris Kaman,Craig Smith,Eric Gordon,Rasual Butler,Steve Blake,3,10:36,SAC,shot,,,,,,,,,,Jason Thompson,,,,missed,,layup,25,6
Carl Landry,Francisco Garcia,Jason Thompson,Omri Casspi,Tyreke Evans,Chris Kaman,Craig Smith,Eric Gordon,Rasual Butler,Steve Blake,3,10:36,SAC,rebound,,,,,,,,,,Carl Landry,,,,,,off,,
Carl Landry,Francisco Garcia,Jason Thompson,Omri Casspi,Tyreke Evans,Chris Kaman,Craig Smith,Eric Gordon,Rasual Butler,Steve Blake,3,10:36,LAC,foul,,,,,,,,Carl Landry,,Craig Smith,,,,,,shooting,,
Carl Landry,Francisco Garcia,Jason Thompson,Omri Casspi,Tyreke Evans,Chris Kaman,Craig Smith,Eric Gordon,Rasual Butler,Steve Blake,3,10:36,SAC,free throw,,,,,,,1,,2,Carl Landry,,,foul,made,,,,
Carl Landry,Francisco Garcia,Jason Thompson,Omri Casspi,Tyreke Evans,Chris Kaman,Craig Smith,Eric Gordon,Rasual Butler,Steve Blake,3,10:36,SAC,free throw,,,,,,,2,,2,Carl Landry,,,foul,missed,,,,
Carl Landry,Francisco Garcia,Jason Thompson,Omri Casspi,Tyreke Evans,Chris Kaman,Craig Smith,Eric Gordon,Rasual Butler,Steve Blake,3,10:35,LAC,rebound,,,,,,,,,,Chris Kaman,,,,,,def,,
Carl Landry,Francisco Garcia,Jason Thompson,Omri Casspi,Tyreke Evans,Chris Kaman,Craig Smith,Eric Gordon,Rasual Butler,Steve Blake,3,10:16,SAC,foul,,,,,,,,Eric Gordon,,Francisco Garcia,,,,,,inbound,,
Carl Landry,Francisco Garcia,Jason Thompson,Omri Casspi,Tyreke Evans,Chris Kaman,Craig Smith,Eric Gordon,Rasual Butler,Steve Blake,3,10:16,LAC,free throw,,,,,,,1,,2,Eric Gordon,,,foul,made,,,,
Carl Landry,Francisco Garcia,Jason Thompson,Omri Casspi,Tyreke Evans,Chris Kaman,Craig Smith,Eric Gordon,Rasual Butler,Steve Blake,3,10:16,LAC,free throw,,,,,,,2,,2,Eric Gordon,,,foul,made,,,,
Carl Landry,Francisco Garcia,Jason Thompson,Omri Casspi,Tyreke Evans,Chris Kaman,Craig Smith,Eric Gordon,Rasual Butler,Steve Blake,3,10:04,SAC,shot,,,,,,,,,,Omri Casspi,,,,missed,,jump,28,14
Carl Landry,Francisco Garcia,Jason Thompson,Omri Casspi,Tyreke Evans,Chris Kaman,Craig Smith,Eric Gordon,Rasual Butler,Steve Blake,3,10:02,LAC,rebound,,,,,,,,,,Chris Kaman,,,,,,def,,
Carl Landry,Francisco Garcia,Jason Thompson,Omri Casspi,Tyreke Evans,Chris Kaman,Craig Smith,Eric Gordon,Rasual Butler,Steve Blake,3,9:56,LAC,shot,,,,,,,,,,Rasual Butler,,,,missed,,3pt,17,30
Carl Landry,Francisco Garcia,Jason Thompson,Omri Casspi,Tyreke Evans,Chris Kaman,Craig Smith,Eric Gordon,Rasual Butler,Steve Blake,3,9:55,SAC,rebound,,,,,,,,,,Francisco Garcia,,,,,,def,,
Carl Landry,Francisco Garcia,Jason Thompson,Omri Casspi,Tyreke Evans,Chris Kaman,Craig Smith,Eric Gordon,Rasual Butler,Steve Blake,3,9:48,SAC,shot,,,Chris Kaman,,,,,,,Jason Thompson,,,,missed,,layup,25,6
Carl Landry,Francisco Garcia,Jason Thompson,Omri Casspi,Tyreke Evans,Chris Kaman,Craig Smith,Eric Gordon,Rasual Butler,Steve Blake,3,9:48,SAC,rebound,,,,,,,,,,Omri Casspi,,,,,,off,,
Carl Landry,Francisco Garcia,Jason Thompson,Omri Casspi,Tyreke Evans,Chris Kaman,Craig Smith,Eric Gordon,Rasual Butler,Steve Blake,3,9:48,LAC,foul,,,,,,,,Omri Casspi,,Craig Smith,,,,,,shooting,,
Carl Landry,Francisco Garcia,Jason Thompson,Omri Casspi,Tyreke Evans,Chris Kaman,Craig Smith,Eric Gordon,Rasual Butler,Steve Blake,3,9:48,SAC,free throw,,,,,,,1,,2,Omri Casspi,,,foul,made,,,,
Carl Landry,Francisco Garcia,Jason Thompson,Omri Casspi,Tyreke Evans,Chris Kaman,DeAndre Jordan,Eric Gordon,Rasual Butler,Steve Blake,3,9:48,LAC,sub,,,,DeAndre Jordan,,Craig Smith,,,,,,,,,,,,
Carl Landry,Francisco Garcia,Jason Thompson,Omri Casspi,Tyreke Evans,Chris Kaman,DeAndre Jordan,Eric Gordon,Rasual Butler,Steve Blake,3,9:48,SAC,free throw,,,,,,,2,,2,Omri Casspi,,,foul,made,,,,
Carl Landry,Francisco Garcia,Jason Thompson,Omri Casspi,Tyreke Evans,Chris Kaman,DeAndre Jordan,Eric Gordon,Rasual Butler,Steve Blake,3,9:30,LAC,turnover,,,,,,,,,,DeAndre Jordan,,,out of bounds lost ball turnover,,,,,
Carl Landry,Francisco Garcia,Jason Thompson,Omri Casspi,Tyreke Evans,Chris Kaman,DeAndre Jordan,Eric Gordon,Rasual Butler,Steve Blake,3,9:14,SAC,shot,Carl Landry,,,,,,,,,Omri Casspi,2,,,made,,driving layup,25,6
Beno Udrih,Carl Landry,Jason Thompson,Omri Casspi,Tyreke Evans,Chris Kaman,DeAndre Jordan,Eric Gordon,Rasual Butler,Steve Blake,3,9:09,SAC,sub,,,,Beno Udrih,,Francisco Garcia,,,,,,,,,,,,
Beno Udrih,Carl Landry,Jason Thompson,Omri Casspi,Tyreke Evans,Chris Kaman,DeAndre Jordan,Eric Gordon,Rasual Butler,Steve Blake,3,9:03,LAC,turnover,,,,,,,,,,Eric Gordon,,,bad pass,,,,,
Beno Udrih,Carl Landry,Jason Thompson,Omri Casspi,Tyreke Evans,Chris Kaman,DeAndre Jordan,Eric Gordon,Rasual Butler,Steve Blake,3,8:50,SAC,shot,,,,,,,,,,Carl Landry,,,,missed,,hook,24,13
Beno Udrih,Carl Landry,Jason Thompson,Omri Casspi,Tyreke Evans,Chris Kaman,DeAndre Jordan,Eric Gordon,Rasual Butler,Steve Blake,3,8:48,LAC,rebound,,,,,,,,,,DeAndre Jordan,,,,,,def,,
Beno Udrih,Carl Landry,Jason Thompson,Omri Casspi,Tyreke Evans,Chris Kaman,DeAndre Jordan,Eric Gordon,Rasual Butler,Steve Blake,3,8:27,LAC,shot,,,,,,,,,,Rasual Butler,,,,missed,,3pt,46,19
Beno Udrih,Carl Landry,Jason Thompson,Omri Casspi,Tyreke Evans,Chris Kaman,DeAndre Jordan,Eric Gordon,Rasual Butler,Steve Blake,3,8:25,SAC,rebound,,,,,,,,,,Beno Udrih,,,,,,def,,
Beno Udrih,Carl Landry,Jason Thompson,Omri Casspi,Tyreke Evans,Chris Kaman,DeAndre Jordan,Eric Gordon,Rasual Butler,Steve Blake,3,8:21,SAC,shot,,,,,,,,,,Tyreke Evans,2,,,made,,driving layup,25,6
Beno Udrih,Carl Landry,Jason Thompson,Omri Casspi,Tyreke Evans,Chris Kaman,DeAndre Jordan,Eric Gordon,Rasual Butler,Steve Blake,3,8:17,LAC,timeout,,,,,,,,,,,,,,,,short,,
Beno Udrih,Carl Landry,Jason Thompson,Omri Casspi,Tyreke Evans,Chris Kaman,DeAndre Jordan,Eric Gordon,Rasual Butler,Steve Blake,3,8:01,LAC,shot,,,,,,,,,,Eric Gordon,,,,missed,,3pt,22,32
Beno Udrih,Carl Landry,Jason Thompson,Omri Casspi,Tyreke Evans,Chris Kaman,DeAndre Jordan,Eric Gordon,Rasual Butler,Steve Blake,3,8:00,SAC,rebound,,,,,,,,,,Jason Thompson,,,,,,def,,
Beno Udrih,Carl Landry,Jason Thompson,Omri Casspi,Tyreke Evans,Chris Kaman,DeAndre Jordan,Eric Gordon,Rasual Butler,Steve Blake,3,7:55,SAC,shot,,,,,,,,,,Tyreke Evans,2,,,made,,driving layup,25,6
Beno Udrih,Carl Landry,Jason Thompson,Omri Casspi,Tyreke Evans,Chris Kaman,DeAndre Jordan,Eric Gordon,Rasual Butler,Steve Blake,3,7:55,LAC,foul,,,,,,,,Tyreke Evans,,DeAndre Jordan,,,,,,shooting,,
Beno Udrih,Carl Landry,Jason Thompson,Omri Casspi,Tyreke Evans,Chris Kaman,DeAndre Jordan,Eric Gordon,Rasual Butler,Steve Blake,3,7:55,SAC,free throw,,,,,,,1,,1,Tyreke Evans,,,foul,missed,,,,
Beno Udrih,Carl Landry,Jason Thompson,Omri Casspi,Tyreke Evans,Chris Kaman,DeAndre Jordan,Eric Gordon,Rasual Butler,Steve Blake,3,7:54,LAC,rebound,,,,,,,,,,Chris Kaman,,,,,,def,,
Beno Udrih,Carl Landry,Jason Thompson,Omri Casspi,Tyreke Evans,Chris Kaman,DeAndre Jordan,Eric Gordon,Rasual Butler,Steve Blake,3,7:32,LAC,shot,,,,,,,,,,Chris Kaman,,,,missed,,jump,33,6
Beno Udrih,Carl Landry,Jason Thompson,Omri Casspi,Tyreke Evans,Chris Kaman,DeAndre Jordan,Eric Gordon,Rasual Butler,Steve Blake,3,7:32,SAC,rebound,,,,,,,,,,,,,,,,,,
Beno Udrih,Carl Landry,Jason Thompson,Omri Casspi,Tyreke Evans,Chris Kaman,DeAndre Jordan,Eric Gordon,Rasual Butler,Steve Blake,3,7:32,LAC,foul,,,,,,,,Omri Casspi,,DeAndre Jordan,,,,,,loose ball,,
Beno Udrih,Carl Landry,Jason Thompson,Omri Casspi,Tyreke Evans,Brian Skinner,Chris Kaman,Eric Gordon,Rasual Butler,Steve Blake,3,7:32,LAC,sub,,,,Brian Skinner,,DeAndre Jordan,,,,,,,,,,,,
Beno Udrih,Carl Landry,Jason Thompson,Omri Casspi,Tyreke Evans,Brian Skinner,Chris Kaman,Eric Gordon,Rasual Butler,Steve Blake,3,7:32,SAC,free throw,,,,,,,1,,2,Omri Casspi,,,foul,made,,,,
Beno Udrih,Carl Landry,Jason Thompson,Omri Casspi,Tyreke Evans,Brian Skinner,Chris Kaman,Eric Gordon,Rasual Butler,Steve Blake,3,7:32,SAC,free throw,,,,,,,2,,2,Omri Casspi,,,foul,made,,,,
Beno Udrih,Carl Landry,Jason Thompson,Omri Casspi,Tyreke Evans,Brian Skinner,Chris Kaman,Eric Gordon,Rasual Butler,Steve Blake,3,7:22,SAC,foul,,,,,,,,Brian Skinner,,Beno Udrih,,,,,,personal,,
Beno Udrih,Carl Landry,Jason Thompson,Omri Casspi,Tyreke Evans,Brian Skinner,Chris Kaman,Eric Gordon,Rasual Butler,Steve Blake,3,7:10,LAC,shot,,,,,,,,,,Chris Kaman,,,,missed,,jump,11,8
Beno Udrih,Carl Landry,Jason Thompson,Omri Casspi,Tyreke Evans,Brian Skinner,Chris Kaman,Eric Gordon,Rasual Butler,Steve Blake,3,7:09,SAC,rebound,,,,,,,,,,Carl Landry,,,,,,def,,
Beno Udrih,Carl Landry,Jason Thompson,Omri Casspi,Tyreke Evans,Brian Skinner,Chris Kaman,Eric Gordon,Rasual Butler,Steve Blake,3,7:00,SAC,shot,,,,,,,,,,Omri Casspi,,,,missed,,step back jump,23,23
Beno Udrih,Carl Landry,Jason Thompson,Omri Casspi,Tyreke Evans,Brian Skinner,Chris Kaman,Eric Gordon,Rasual Butler,Steve Blake,3,6:59,LAC,rebound,,,,,,,,,,Brian Skinner,,,,,,def,,
Beno Udrih,Carl Landry,Jason Thompson,Omri Casspi,Tyreke Evans,Brian Skinner,Chris Kaman,Eric Gordon,Rasual Butler,Steve Blake,3,6:49,LAC,shot,,,,,,,,,,Steve Blake,2,,,made,,pullup jump,31,25
Beno Udrih,Carl Landry,Jason Thompson,Omri Casspi,Tyreke Evans,Brian Skinner,Chris Kaman,Eric Gordon,Rasual Butler,Steve Blake,3,6:30,SAC,shot,,,,,,,,,,Tyreke Evans,2,,,made,,driving layup,25,6
Beno Udrih,Carl Landry,Jason Thompson,Omri Casspi,Tyreke Evans,Brian Skinner,Chris Kaman,Eric Gordon,Rasual Butler,Steve Blake,3,6:17,LAC,turnover,,,,,,,,,,Eric Gordon,,,traveling,,,,,
Beno Udrih,Carl Landry,Jason Thompson,Omri Casspi,Tyreke Evans,Brian Skinner,Chris Kaman,Eric Gordon,Rasual Butler,Steve Blake,3,6:06,SAC,turnover,,,,,,,,,,Tyreke Evans,,,palming turnover,,,,,
Beno Udrih,Carl Landry,Jason Thompson,Omri Casspi,Tyreke Evans,Brian Skinner,Chris Kaman,Eric Gordon,Rasual Butler,Steve Blake,3,5:49,LAC,shot,,,,,,,,,,Chris Kaman,2,,,made,,turnaround bank,19,11
Beno Udrih,Carl Landry,Jason Thompson,Omri Casspi,Tyreke Evans,Brian Skinner,Chris Kaman,Eric Gordon,Rasual Butler,Steve Blake,3,5:31,SAC,shot,,,,,,,,,,Jason Thompson,,,,missed,,jump,20,18
Beno Udrih,Carl Landry,Jason Thompson,Omri Casspi,Tyreke Evans,Brian Skinner,Chris Kaman,Eric Gordon,Rasual Butler,Steve Blake,3,5:31,LAC,rebound,,,,,,,,,,,,,,,,,,
Beno Udrih,Carl Landry,Jason Thompson,Omri Casspi,Tyreke Evans,Brian Skinner,Chris Kaman,Eric Gordon,Rasual Butler,Steve Blake,3,5:31,SAC,foul,,,,,,,,Chris Kaman,,Jason Thompson,,,,,,loose ball,,
Beno Udrih,Carl Landry,Jason Thompson,Omri Casspi,Tyreke Evans,Brian Skinner,Chris Kaman,Eric Gordon,Rasual Butler,Steve Blake,3,5:31,LAC,timeout,,,,,,,,,,,,,,,,regular,,
Beno Udrih,Carl Landry,Omri Casspi,Spencer Hawes,Tyreke Evans,Brian Skinner,Chris Kaman,Eric Gordon,Rasual Butler,Steve Blake,3,5:31,SAC,sub,,,,Spencer Hawes,,Jason Thompson,,,,,,,,,,,,
Beno Udrih,Carl Landry,Omri Casspi,Spencer Hawes,Tyreke Evans,Brian Skinner,Chris Kaman,Eric Gordon,Rasual Butler,Steve Blake,3,5:22,LAC,foul,,,,,,,,Omri Casspi,,Brian Skinner,,,,,,offensive,,
Beno Udrih,Carl Landry,Omri Casspi,Spencer Hawes,Tyreke Evans,Brian Skinner,Chris Kaman,Eric Gordon,Rasual Butler,Steve Blake,3,5:22,LAC,turnover,,,,,,,,,,Brian Skinner,,,foul,,,,,
Beno Udrih,Carl Landry,Donte Greene,Spencer Hawes,Tyreke Evans,Brian Skinner,Chris Kaman,Eric Gordon,Rasual Butler,Steve Blake,3,5:22,SAC,sub,,,,Donte Greene,,Omri Casspi,,,,,,,,,,,,
Beno Udrih,Carl Landry,Donte Greene,Spencer Hawes,Tyreke Evans,Brian Skinner,Chris Kaman,Eric Gordon,Rasual Butler,Steve Blake,3,5:08,SAC,shot,,,Chris Kaman,,,,,,,Donte Greene,,,,missed,,jump,26,15
Beno Udrih,Carl Landry,Donte Greene,Spencer Hawes,Tyreke Evans,Brian Skinner,Chris Kaman,Eric Gordon,Rasual Butler,Steve Blake,3,5:08,LAC,rebound,,,,,,,,,,Steve Blake,,,,,,def,,
Beno Udrih,Carl Landry,Donte Greene,Spencer Hawes,Tyreke Evans,Brian Skinner,Chris Kaman,Eric Gordon,Rasual Butler,Steve Blake,3,5:02,LAC,shot,Steve Blake,,,,,,,,,Rasual Butler,2,,,made,,jump,13,11
Beno Udrih,Carl Landry,Donte Greene,Spencer Hawes,Tyreke Evans,Brian Skinner,Chris Kaman,Eric Gordon,Rasual Butler,Steve Blake,3,4:41,SAC,shot,,,,,,,,,,Beno Udrih,,,,missed,,layup,25,6
Beno Udrih,Carl Landry,Donte Greene,Spencer Hawes,Tyreke Evans,Brian Skinner,Chris Kaman,Eric Gordon,Rasual Butler,Steve Blake,3,4:39,LAC,rebound,,,,,,,,,,Chris Kaman,,,,,,def,,
Beno Udrih,Carl Landry,Donte Greene,Spencer Hawes,Tyreke Evans,Brian Skinner,Chris Kaman,Eric Gordon,Rasual Butler,Steve Blake,3,4:30,LAC,shot,,,,,,,,,,Eric Gordon,,,,missed,,driving layup,25,6
Beno Udrih,Carl Landry,Donte Greene,Spencer Hawes,Tyreke Evans,Brian Skinner,Chris Kaman,Eric Gordon,Rasual Butler,Steve Blake,3,4:29,SAC,rebound,,,,,,,,,,Spencer Hawes,,,,,,def,,
Beno Udrih,Carl Landry,Donte Greene,Spencer Hawes,Tyreke Evans,Brian Skinner,Chris Kaman,Eric Gordon,Rasual Butler,Steve Blake,3,4:06,SAC,shot,,,,,,,,,,Donte Greene,,,,missed,,3pt,36,29
Beno Udrih,Carl Landry,Donte Greene,Spencer Hawes,Tyreke Evans,Brian Skinner,Chris Kaman,Eric Gordon,Rasual Butler,Steve Blake,3,4:05,LAC,rebound,,,,,,,,,,Brian Skinner,,,,,,def,,
Beno Udrih,Carl Landry,Donte Greene,Spencer Hawes,Tyreke Evans,Brian Skinner,Chris Kaman,Eric Gordon,Rasual Butler,Steve Blake,3,3:55,SAC,foul,,,,,,,,Steve Blake,,Beno Udrih,,,,,,personal,,
Beno Udrih,Carl Landry,Donte Greene,Spencer Hawes,Tyreke Evans,Brian Skinner,Chris Kaman,Eric Gordon,Rasual Butler,Steve Blake,3,3:55,LAC,free throw,,,,,,,1,,2,Steve Blake,,,foul,made,,,,
Beno Udrih,Donte Greene,Omri Casspi,Spencer Hawes,Tyreke Evans,Brian Skinner,Chris Kaman,Eric Gordon,Rasual Butler,Steve Blake,3,3:55,SAC,sub,,,,Omri Casspi,,Carl Landry,,,,,,,,,,,,
Beno Udrih,Donte Greene,Omri Casspi,Spencer Hawes,Tyreke Evans,Chris Kaman,Eric Gordon,Rasual Butler,Steve Blake,Steve Novak,3,3:55,LAC,sub,,,,Steve Novak,,Brian Skinner,,,,,,,,,,,,
Beno Udrih,Donte Greene,Omri Casspi,Spencer Hawes,Tyreke Evans,Chris Kaman,Eric Gordon,Rasual Butler,Steve Blake,Steve Novak,3,3:55,LAC,free throw,,,,,,,2,,2,Steve Blake,,,foul,made,,,,
Beno Udrih,Donte Greene,Omri Casspi,Spencer Hawes,Tyreke Evans,Chris Kaman,Eric Gordon,Rasual Butler,Steve Blake,Steve Novak,3,3:43,LAC,foul,,,,,,,,Spencer Hawes,,Steve Blake,,,,,,personal,,
Beno Udrih,Donte Greene,Omri Casspi,Spencer Hawes,Tyreke Evans,Chris Kaman,Eric Gordon,Rasual Butler,Steve Blake,Steve Novak,3,3:43,SAC,free throw,,,,,,,1,,2,Spencer Hawes,,,foul,made,,,,
Beno Udrih,Donte Greene,Omri Casspi,Spencer Hawes,Tyreke Evans,Chris Kaman,Eric Gordon,Rasual Butler,Steve Blake,Steve Novak,3,3:43,SAC,free throw,,,,,,,2,,2,Spencer Hawes,,,foul,made,,,,
Beno Udrih,Donte Greene,Omri Casspi,Spencer Hawes,Tyreke Evans,Chris Kaman,Eric Gordon,Rasual Butler,Steve Blake,Steve Novak,3,3:22,LAC,shot,Eric Gordon,,,,,,,,,Steve Blake,3,,,made,,3pt,1,5
Beno Udrih,Donte Greene,Omri Casspi,Spencer Hawes,Tyreke Evans,Chris Kaman,Eric Gordon,Rasual Butler,Steve Blake,Steve Novak,3,3:02,SAC,shot,,,,,,,,,,Tyreke Evans,3,,,made,,3pt,20,32
Beno Udrih,Donte Greene,Omri Casspi,Spencer Hawes,Tyreke Evans,Chris Kaman,Eric Gordon,Rasual Butler,Steve Blake,Steve Novak,3,2:46,LAC,shot,,,,,,,,,,Rasual Butler,,,,missed,,turnaround jump,31,9
Beno Udrih,Donte Greene,Omri Casspi,Spencer Hawes,Tyreke Evans,Chris Kaman,Eric Gordon,Rasual Butler,Steve Blake,Steve Novak,3,2:43,SAC,rebound,,,,,,,,,,Donte Greene,,,,,,def,,
Beno Udrih,Donte Greene,Omri Casspi,Spencer Hawes,Tyreke Evans,Chris Kaman,Eric Gordon,Rasual Butler,Steve Blake,Steve Novak,3,2:36,SAC,shot,,,,,,,,,,Donte Greene,,,,missed,,3pt,38,31
Beno Udrih,Donte Greene,Omri Casspi,Spencer Hawes,Tyreke Evans,Chris Kaman,Eric Gordon,Rasual Butler,Steve Blake,Steve Novak,3,2:35,LAC,rebound,,,,,,,,,,Chris Kaman,,,,,,def,,
Beno Udrih,Donte Greene,Omri Casspi,Spencer Hawes,Tyreke Evans,Chris Kaman,Eric Gordon,Rasual Butler,Steve Blake,Steve Novak,3,2:25,SAC,timeout,,,,,,,,,,,,,,,,regular,,
Beno Udrih,Donte Greene,Omri Casspi,Spencer Hawes,Tyreke Evans,Bobby Brown,Eric Gordon,Rasual Butler,Steve Blake,Steve Novak,3,2:25,LAC,sub,,,,Bobby Brown,,Chris Kaman,,,,,,,,,,,,
Beno Udrih,Donte Greene,Omri Casspi,Spencer Hawes,Tyreke Evans,Bobby Brown,Craig Smith,Eric Gordon,Rasual Butler,Steve Novak,3,2:25,LAC,sub,,,,Craig Smith,,Steve Blake,,,,,,,,,,,,
Andres Nocioni,Beno Udrih,Omri Casspi,Spencer Hawes,Tyreke Evans,Bobby Brown,Craig Smith,Eric Gordon,Rasual Butler,Steve Novak,3,2:25,SAC,sub,,,,Andres Nocioni,,Donte Greene,,,,,,,,,,,,
Andres Nocioni,Beno Udrih,Omri Casspi,Spencer Hawes,Tyreke Evans,Bobby Brown,Craig Smith,Eric Gordon,Rasual Butler,Steve Novak,3,2:12,LAC,shot,,,,,,,,,,Craig Smith,,,,missed,,driving layup,25,6
Andres Nocioni,Beno Udrih,Omri Casspi,Spencer Hawes,Tyreke Evans,Bobby Brown,Craig Smith,Eric Gordon,Rasual Butler,Steve Novak,3,2:11,SAC,rebound,,,,,,,,,,Tyreke Evans,,,,,,def,,
Andres Nocioni,Beno Udrih,Omri Casspi,Spencer Hawes,Tyreke Evans,Bobby Brown,Craig Smith,Eric Gordon,Rasual Butler,Steve Novak,3,2:10,SAC,turnover,,,,,,,,,,Tyreke Evans,,,traveling,,,,,
Andres Nocioni,Beno Udrih,Omri Casspi,Spencer Hawes,Tyreke Evans,Bobby Brown,Craig Smith,Eric Gordon,Rasual Butler,Steve Novak,3,1:59,LAC,shot,Bobby Brown,,,,,,,,,Steve Novak,3,,,made,,3pt,11,27
Andres Nocioni,Beno Udrih,Omri Casspi,Spencer Hawes,Tyreke Evans,Bobby Brown,Craig Smith,Eric Gordon,Rasual Butler,Steve Novak,3,1:35,SAC,shot,,,,,,,,,,Beno Udrih,,,,missed,,3pt,14,29
Andres Nocioni,Beno Udrih,Omri Casspi,Spencer Hawes,Tyreke Evans,Bobby Brown,Craig Smith,Eric Gordon,Rasual Butler,Steve Novak,3,1:32,LAC,rebound,,,,,,,,,,Craig Smith,,,,,,def,,
Andres Nocioni,Beno Udrih,Omri Casspi,Spencer Hawes,Tyreke Evans,Bobby Brown,Craig Smith,Eric Gordon,Rasual Butler,Steve Novak,3,1:25,LAC,turnover,,,,,,,,,,Eric Gordon,,,palming turnover,,,,,
Andres Nocioni,Beno Udrih,Omri Casspi,Spencer Hawes,Tyreke Evans,Bobby Brown,Craig Smith,Eric Gordon,Rasual Butler,Steve Novak,3,1:11,SAC,shot,,,,,,,,,,Omri Casspi,2,,,made,,driving layup,25,6
Andres Nocioni,Beno Udrih,Omri Casspi,Spencer Hawes,Tyreke Evans,Bobby Brown,Craig Smith,Eric Gordon,Rasual Butler,Steve Novak,3,1:11,LAC,foul,,,,,,,,Omri Casspi,,Rasual Butler,,,,,,shooting,,
Andres Nocioni,Beno Udrih,Omri Casspi,Spencer Hawes,Tyreke Evans,Bobby Brown,Craig Smith,Mardy Collins,Rasual Butler,Steve Novak,3,1:11,LAC,sub,,,,Mardy Collins,,Eric Gordon,,,,,,,,,,,,
Andres Nocioni,Beno Udrih,Omri Casspi,Spencer Hawes,Tyreke Evans,Bobby Brown,Craig Smith,Mardy Collins,Rasual Butler,Steve Novak,3,1:11,SAC,free throw,,,,,,,1,,1,Omri Casspi,,,foul,made,,,,
Andres Nocioni,Beno Udrih,Omri Casspi,Spencer Hawes,Tyreke Evans,Bobby Brown,Craig Smith,Mardy Collins,Rasual Butler,Steve Novak,3,0:59,LAC,shot,,,,,,,,,,Steve Novak,,,,missed,,jump,4,4
Andres Nocioni,Beno Udrih,Omri Casspi,Spencer Hawes,Tyreke Evans,Bobby Brown,Craig Smith,Mardy Collins,Rasual Butler,Steve Novak,3,0:58,SAC,rebound,,,,,,,,,,Omri Casspi,,,,,,def,,
Andres Nocioni,Beno Udrih,Omri Casspi,Spencer Hawes,Tyreke Evans,Bobby Brown,Craig Smith,Mardy Collins,Rasual Butler,Steve Novak,3,0:51,SAC,shot,,,,,,,,,,Andres Nocioni,,,,missed,,jump,29,9
Andres Nocioni,Beno Udrih,Omri Casspi,Spencer Hawes,Tyreke Evans,Bobby Brown,Craig Smith,Mardy Collins,Rasual Butler,Steve Novak,3,0:50,LAC,rebound,,,,,,,,,,Rasual Butler,,,,,,def,,
Andres Nocioni,Beno Udrih,Omri Casspi,Spencer Hawes,Tyreke Evans,Bobby Brown,Craig Smith,Mardy Collins,Rasual Butler,Steve Novak,3,0:36,LAC,shot,,,,,,,,,,Rasual Butler,,,,missed,,jump,29,17
Andres Nocioni,Beno Udrih,Omri Casspi,Spencer Hawes,Tyreke Evans,Bobby Brown,Craig Smith,Mardy Collins,Rasual Butler,Steve Novak,3,0:35,LAC,rebound,,,,,,,,,,Mardy Collins,,,,,,off,,
Andres Nocioni,Beno Udrih,Omri Casspi,Spencer Hawes,Tyreke Evans,Bobby Brown,Craig Smith,Mardy Collins,Rasual Butler,Steve Novak,3,0:16,LAC,turnover,,,,,,,,,,Mardy Collins,,,bad pass,,,,,
Andres Nocioni,Beno Udrih,Omri Casspi,Spencer Hawes,Tyreke Evans,Bobby Brown,Craig Smith,Mardy Collins,Rasual Butler,Steve Novak,3,0:04,SAC,shot,,,,,,,,,,Tyreke Evans,2,,,made,,driving layup,25,6
Andres Nocioni,Beno Udrih,Omri Casspi,Spencer Hawes,Tyreke Evans,Bobby Brown,Craig Smith,Mardy Collins,Rasual Butler,Steve Novak,3,0:01,LAC,shot,,,,,,,,,,Rasual Butler,,,,missed,,3pt,44,39
Andres Nocioni,Beno Udrih,Omri Casspi,Spencer Hawes,Tyreke Evans,Bobby Brown,Craig Smith,Mardy Collins,Rasual Butler,Steve Novak,3,0:00,LAC,rebound,,,,,,,,,,,,,,,,,,
Andres Nocioni,Beno Udrih,Omri Casspi,Spencer Hawes,Tyreke Evans,Craig Smith,DeAndre Jordan,Mardy Collins,Rasual Butler,Steve Blake,4,11:36,LAC,shot,,,,,,,,,,DeAndre Jordan,,,,missed,,dunk,25,6
Andres Nocioni,Beno Udrih,Omri Casspi,Spencer Hawes,Tyreke Evans,Craig Smith,DeAndre Jordan,Mardy Collins,Rasual Butler,Steve Blake,4,11:34,SAC,rebound,,,,,,,,,,Andres Nocioni,,,,,,def,,
Andres Nocioni,Beno Udrih,Omri Casspi,Spencer Hawes,Tyreke Evans,Craig Smith,DeAndre Jordan,Mardy Collins,Rasual Butler,Steve Blake,4,11:32,LAC,foul,,,,,,,,Tyreke Evans,,Mardy Collins,,,,,,personal,,
Andres Nocioni,Beno Udrih,Omri Casspi,Spencer Hawes,Tyreke Evans,Craig Smith,DeAndre Jordan,Mardy Collins,Rasual Butler,Steve Blake,4,11:22,SAC,turnover,,,,,,,,,,Omri Casspi,,,bad pass,,Craig Smith,,,
Andres Nocioni,Beno Udrih,Omri Casspi,Spencer Hawes,Tyreke Evans,Craig Smith,DeAndre Jordan,Mardy Collins,Rasual Butler,Steve Blake,4,11:07,LAC,turnover,,,,,,,,,,Craig Smith,,,3 second violation,,,,,
Andres Nocioni,Beno Udrih,Omri Casspi,Spencer Hawes,Tyreke Evans,Craig Smith,DeAndre Jordan,Mardy Collins,Rasual Butler,Steve Blake,4,10:53,SAC,shot,,,,,,,,,,Andres Nocioni,,,,missed,,3pt,39,29
Andres Nocioni,Beno Udrih,Omri Casspi,Spencer Hawes,Tyreke Evans,Craig Smith,DeAndre Jordan,Mardy Collins,Rasual Butler,Steve Blake,4,10:52,LAC,rebound,,,,,,,,,,Craig Smith,,,,,,def,,
Andres Nocioni,Beno Udrih,Omri Casspi,Spencer Hawes,Tyreke Evans,Craig Smith,DeAndre Jordan,Mardy Collins,Rasual Butler,Steve Blake,4,10:46,SAC,foul,,,,,,,,Rasual Butler,,Andres Nocioni,,,,,,personal,,
Andres Nocioni,Beno Udrih,Omri Casspi,Spencer Hawes,Tyreke Evans,Craig Smith,DeAndre Jordan,Eric Gordon,Mardy Collins,Steve Blake,4,10:46,LAC,sub,,,,Eric Gordon,,Rasual Butler,,,,,,,,,,,,
Andres Nocioni,Beno Udrih,Omri Casspi,Spencer Hawes,Tyreke Evans,Craig Smith,DeAndre Jordan,Eric Gordon,Mardy Collins,Steve Blake,4,10:46,LAC,foul,,,,,,,,Andres Nocioni,,Craig Smith,,,,,,offensive,,
Andres Nocioni,Beno Udrih,Omri Casspi,Spencer Hawes,Tyreke Evans,Craig Smith,DeAndre Jordan,Eric Gordon,Mardy Collins,Steve Blake,4,10:46,LAC,turnover,,,,,,,,,,Craig Smith,,,foul,,,,,
Andres Nocioni,Beno Udrih,Omri Casspi,Spencer Hawes,Tyreke Evans,Craig Smith,DeAndre Jordan,Eric Gordon,Mardy Collins,Steve Blake,4,10:36,SAC,shot,Beno Udrih,,,,,,,,,Andres Nocioni,3,,,made,,3pt,40,29
Andres Nocioni,Beno Udrih,Omri Casspi,Spencer Hawes,Tyreke Evans,Craig Smith,DeAndre Jordan,Eric Gordon,Mardy Collins,Steve Blake,4,10:21,LAC,shot,,,,,,,,,,Eric Gordon,,,,missed,,3pt,41,27
Andres Nocioni,Beno Udrih,Omri Casspi,Spencer Hawes,Tyreke Evans,Craig Smith,DeAndre Jordan,Eric Gordon,Mardy Collins,Steve Blake,4,10:19,LAC,rebound,,,,,,,,,,,,,,,,,,
Andres Nocioni,Beno Udrih,Omri Casspi,Spencer Hawes,Tyreke Evans,DeAndre Jordan,Eric Gordon,Mardy Collins,Steve Blake,Steve Novak,4,10:19,LAC,sub,,,,Steve Novak,,Craig Smith,,,,,,,,,,,,
Andres Nocioni,Beno Udrih,Omri Casspi,Spencer Hawes,Tyreke Evans,DeAndre Jordan,Eric Gordon,Mardy Collins,Steve Blake,Steve Novak,4,10:07,LAC,shot,,,Spencer Hawes,,,,,,,Mardy Collins,,,,missed,,jump,19,12
Andres Nocioni,Beno Udrih,Omri Casspi,Spencer Hawes,Tyreke Evans,DeAndre Jordan,Eric Gordon,Mardy Collins,Steve Blake,Steve Novak,4,10:07,LAC,rebound,,,,,,,,,,,,,,,,,,
Andres Nocioni,Beno Udrih,Omri Casspi,Spencer Hawes,Tyreke Evans,DeAndre Jordan,Eric Gordon,Mardy Collins,Steve Blake,Steve Novak,4,10:03,LAC,shot,,,,,,,,,,Eric Gordon,2,,,made,,driving dunk,25,6
Andres Nocioni,Beno Udrih,Omri Casspi,Spencer Hawes,Tyreke Evans,DeAndre Jordan,Eric Gordon,Mardy Collins,Steve Blake,Steve Novak,4,10:03,SAC,foul,,,,,,,,Eric Gordon,,Spencer Hawes,,,,,,shooting,,
Andres Nocioni,Beno Udrih,Omri Casspi,Spencer Hawes,Tyreke Evans,DeAndre Jordan,Eric Gordon,Mardy Collins,Steve Blake,Steve Novak,4,10:03,LAC,free throw,,,,,,,1,,1,Eric Gordon,,,foul,made,,,,
Andres Nocioni,Beno Udrih,Omri Casspi,Spencer Hawes,Tyreke Evans,DeAndre Jordan,Eric Gordon,Mardy Collins,Steve Blake,Steve Novak,4,9:45,SAC,shot,Beno Udrih,,,,,,,,,Spencer Hawes,2,,,made,,jump,13,22
Andres Nocioni,Beno Udrih,Omri Casspi,Spencer Hawes,Tyreke Evans,DeAndre Jordan,Eric Gordon,Mardy Collins,Steve Blake,Steve Novak,4,9:23,LAC,turnover,,,,,,,,,,Mardy Collins,,,bad pass,,,,,
Andres Nocioni,Beno Udrih,Omri Casspi,Spencer Hawes,Tyreke Evans,DeAndre Jordan,Eric Gordon,Mardy Collins,Steve Blake,Steve Novak,4,9:10,SAC,shot,,,,,,,,,,Andres Nocioni,2,,,made,,running bank,30,9
Andres Nocioni,Beno Udrih,Omri Casspi,Spencer Hawes,Tyreke Evans,DeAndre Jordan,Eric Gordon,Mardy Collins,Steve Blake,Steve Novak,4,8:54,LAC,shot,,,,,,,,,,Steve Blake,,,,missed,,3pt,38,29
Andres Nocioni,Beno Udrih,Omri Casspi,Spencer Hawes,Tyreke Evans,DeAndre Jordan,Eric Gordon,Mardy Collins,Steve Blake,Steve Novak,4,8:53,SAC,rebound,,,,,,,,,,Andres Nocioni,,,,,,def,,
Andres Nocioni,Beno Udrih,Omri Casspi,Spencer Hawes,Tyreke Evans,DeAndre Jordan,Eric Gordon,Mardy Collins,Steve Blake,Steve Novak,4,8:42,SAC,shot,,,,,,,,,,Tyreke Evans,,,,missed,,3pt,20,33
Andres Nocioni,Beno Udrih,Omri Casspi,Spencer Hawes,Tyreke Evans,DeAndre Jordan,Eric Gordon,Mardy Collins,Steve Blake,Steve Novak,4,8:40,LAC,rebound,,,,,,,,,,DeAndre Jordan,,,,,,def,,
Andres Nocioni,Beno Udrih,Omri Casspi,Spencer Hawes,Tyreke Evans,DeAndre Jordan,Eric Gordon,Mardy Collins,Steve Blake,Steve Novak,4,8:26,LAC,shot,,,Spencer Hawes,,,,,,,DeAndre Jordan,,,,missed,,layup,25,6
Andres Nocioni,Beno Udrih,Omri Casspi,Spencer Hawes,Tyreke Evans,DeAndre Jordan,Eric Gordon,Mardy Collins,Steve Blake,Steve Novak,4,8:24,LAC,rebound,,,,,,,,,,Steve Blake,,,,,,off,,
Andres Nocioni,Beno Udrih,Omri Casspi,Spencer Hawes,Tyreke Evans,DeAndre Jordan,Eric Gordon,Mardy Collins,Steve Blake,Steve Novak,4,8:14,LAC,shot,,,,,,,,,,Eric Gordon,2,,,made,,running jump,17,9
Andres Nocioni,Beno Udrih,Omri Casspi,Spencer Hawes,Tyreke Evans,DeAndre Jordan,Eric Gordon,Mardy Collins,Steve Blake,Steve Novak,4,8:14,SAC,foul,,,,,,,,Eric Gordon,,Andres Nocioni,,,,,,shooting,,
Andres Nocioni,Beno Udrih,Omri Casspi,Spencer Hawes,Tyreke Evans,DeAndre Jordan,Eric Gordon,Mardy Collins,Steve Blake,Steve Novak,4,8:14,LAC,timeout,,,,,,,,,,,,,,,,official,,
Andres Nocioni,Beno Udrih,Carl Landry,Spencer Hawes,Tyreke Evans,DeAndre Jordan,Eric Gordon,Mardy Collins,Steve Blake,Steve Novak,4,8:14,SAC,sub,,,,Carl Landry,,Omri Casspi,,,,,,,,,,,,
Andres Nocioni,Beno Udrih,Carl Landry,Spencer Hawes,Tyreke Evans,Chris Kaman,Eric Gordon,Mardy Collins,Steve Blake,Steve Novak,4,8:14,LAC,sub,,,,Chris Kaman,,DeAndre Jordan,,,,,,,,,,,,
Andres Nocioni,Beno Udrih,Carl Landry,Spencer Hawes,Tyreke Evans,Chris Kaman,Eric Gordon,Rasual Butler,Steve Blake,Steve Novak,4,8:14,LAC,sub,,,,Rasual Butler,,Mardy Collins,,,,,,,,,,,,
Andres Nocioni,Beno Udrih,Carl Landry,Spencer Hawes,Tyreke Evans,Chris Kaman,Eric Gordon,Rasual Butler,Steve Blake,Steve Novak,4,8:14,LAC,free throw,,,,,,,1,,1,Eric Gordon,,,foul,made,,,,
Andres Nocioni,Beno Udrih,Carl Landry,Spencer Hawes,Tyreke Evans,Chris Kaman,Eric Gordon,Rasual Butler,Steve Blake,Steve Novak,4,7:53,SAC,shot,,,,,,,,,,Carl Landry,,,,missed,,jump,15,7
Andres Nocioni,Beno Udrih,Carl Landry,Spencer Hawes,Tyreke Evans,Chris Kaman,Eric Gordon,Rasual Butler,Steve Blake,Steve Novak,4,7:52,LAC,rebound,,,,,,,,,,Eric Gordon,,,,,,def,,
Andres Nocioni,Beno Udrih,Carl Landry,Spencer Hawes,Tyreke Evans,Chris Kaman,Eric Gordon,Rasual Butler,Steve Blake,Steve Novak,4,7:39,LAC,shot,Steve Blake,,,,,,,,,Eric Gordon,3,,,made,,3pt,40,27
Andres Nocioni,Beno Udrih,Carl Landry,Spencer Hawes,Tyreke Evans,Chris Kaman,Eric Gordon,Rasual Butler,Steve Blake,Steve Novak,4,7:21,SAC,foul,,,,,,,,Steve Novak,,Spencer Hawes,,,,,,offensive,,
Andres Nocioni,Beno Udrih,Carl Landry,Spencer Hawes,Tyreke Evans,Chris Kaman,Eric Gordon,Rasual Butler,Steve Blake,Steve Novak,4,7:21,SAC,turnover,,,,,,,,,,Spencer Hawes,,,foul,,,,,
Andres Nocioni,Beno Udrih,Carl Landry,Jason Thompson,Tyreke Evans,Chris Kaman,Eric Gordon,Rasual Butler,Steve Blake,Steve Novak,4,7:21,SAC,sub,,,,Jason Thompson,,Spencer Hawes,,,,,,,,,,,,
Andres Nocioni,Beno Udrih,Carl Landry,Jason Thompson,Tyreke Evans,Chris Kaman,DeAndre Jordan,Eric Gordon,Rasual Butler,Steve Blake,4,7:21,LAC,sub,,,,DeAndre Jordan,,Steve Novak,,,,,,,,,,,,
Andres Nocioni,Beno Udrih,Carl Landry,Jason Thompson,Tyreke Evans,Chris Kaman,DeAndre Jordan,Eric Gordon,Rasual Butler,Steve Blake,4,6:57,LAC,shot,,,,,,,,,,Chris Kaman,,,,missed,,layup,25,6
Andres Nocioni,Beno Udrih,Carl Landry,Jason Thompson,Tyreke Evans,Chris Kaman,DeAndre Jordan,Eric Gordon,Rasual Butler,Steve Blake,4,6:56,LAC,rebound,,,,,,,,,,DeAndre Jordan,,,,,,off,,
Andres Nocioni,Beno Udrih,Carl Landry,Jason Thompson,Tyreke Evans,Chris Kaman,DeAndre Jordan,Eric Gordon,Rasual Butler,Steve Blake,4,6:55,LAC,shot,,,,,,,,,,DeAndre Jordan,2,,,made,,layup,25,6
Andres Nocioni,Beno Udrih,Carl Landry,Jason Thompson,Tyreke Evans,Chris Kaman,DeAndre Jordan,Eric Gordon,Rasual Butler,Steve Blake,4,6:43,SAC,shot,,,,,,,,,,Tyreke Evans,2,,,made,,running layup,25,6
Andres Nocioni,Beno Udrih,Carl Landry,Jason Thompson,Tyreke Evans,Chris Kaman,DeAndre Jordan,Eric Gordon,Rasual Butler,Steve Blake,4,6:16,LAC,shot,Eric Gordon,,,,,,,,,Chris Kaman,2,,,made,,driving layup,25,6
Andres Nocioni,Beno Udrih,Carl Landry,Jason Thompson,Tyreke Evans,Chris Kaman,DeAndre Jordan,Eric Gordon,Rasual Butler,Steve Blake,4,5:53,SAC,shot,,,,,,,,,,Andres Nocioni,,,,missed,,3pt,33,31
Andres Nocioni,Beno Udrih,Carl Landry,Jason Thompson,Tyreke Evans,Chris Kaman,DeAndre Jordan,Eric Gordon,Rasual Butler,Steve Blake,4,5:52,LAC,rebound,,,,,,,,,,Steve Blake,,,,,,def,,
Andres Nocioni,Beno Udrih,Carl Landry,Jason Thompson,Tyreke Evans,Chris Kaman,DeAndre Jordan,Eric Gordon,Rasual Butler,Steve Blake,4,5:35,LAC,shot,Eric Gordon,,,,,,,,,Chris Kaman,2,,,made,,jump,41,9
Andres Nocioni,Beno Udrih,Carl Landry,Jason Thompson,Tyreke Evans,Chris Kaman,DeAndre Jordan,Eric Gordon,Rasual Butler,Steve Blake,4,5:35,SAC,timeout,,,,,,,,,,,,,,,,regular,,
Beno Udrih,Carl Landry,Jason Thompson,Omri Casspi,Tyreke Evans,Chris Kaman,DeAndre Jordan,Eric Gordon,Rasual Butler,Steve Blake,4,5:35,SAC,sub,,,,Omri Casspi,,Andres Nocioni,,,,,,,,,,,,
Beno Udrih,Carl Landry,Jason Thompson,Omri Casspi,Tyreke Evans,Chris Kaman,DeAndre Jordan,Eric Gordon,Rasual Butler,Steve Blake,4,5:20,SAC,shot,,,,,,,,,,Carl Landry,,,,missed,,jump,44,10
Beno Udrih,Carl Landry,Jason Thompson,Omri Casspi,Tyreke Evans,Chris Kaman,DeAndre Jordan,Eric Gordon,Rasual Butler,Steve Blake,4,5:19,LAC,rebound,,,,,,,,,,Eric Gordon,,,,,,def,,
Beno Udrih,Carl Landry,Jason Thompson,Omri Casspi,Tyreke Evans,Chris Kaman,DeAndre Jordan,Eric Gordon,Rasual Butler,Steve Blake,4,4:56,LAC,shot,,,,,,,,,,Chris Kaman,,,,missed,,jump,9,9
Beno Udrih,Carl Landry,Jason Thompson,Omri Casspi,Tyreke Evans,Chris Kaman,DeAndre Jordan,Eric Gordon,Rasual Butler,Steve Blake,4,4:55,SAC,rebound,,,,,,,,,,Jason Thompson,,,,,,def,,
Beno Udrih,Carl Landry,Jason Thompson,Omri Casspi,Tyreke Evans,Chris Kaman,DeAndre Jordan,Eric Gordon,Rasual Butler,Steve Blake,4,4:48,SAC,shot,,,DeAndre Jordan,,,,,,,Tyreke Evans,,,,missed,,layup,25,6
Beno Udrih,Carl Landry,Jason Thompson,Omri Casspi,Tyreke Evans,Chris Kaman,DeAndre Jordan,Eric Gordon,Rasual Butler,Steve Blake,4,4:44,LAC,rebound,,,,,,,,,,Chris Kaman,,,,,,def,,
Beno Udrih,Carl Landry,Jason Thompson,Omri Casspi,Tyreke Evans,Chris Kaman,DeAndre Jordan,Eric Gordon,Rasual Butler,Steve Blake,4,4:32,SAC,foul,,,,,,,,Eric Gordon,,Tyreke Evans,,,,,,personal,,
Beno Udrih,Carl Landry,Jason Thompson,Omri Casspi,Tyreke Evans,Chris Kaman,DeAndre Jordan,Eric Gordon,Rasual Butler,Steve Blake,4,4:28,LAC,shot,Steve Blake,,,,,,,,,Eric Gordon,2,,,made,,jump,25,10
Beno Udrih,Carl Landry,Jason Thompson,Omri Casspi,Tyreke Evans,Chris Kaman,DeAndre Jordan,Eric Gordon,Rasual Butler,Steve Blake,4,4:28,SAC,foul,,,,,,,,Eric Gordon,,Tyreke Evans,,,,,,shooting,,
Beno Udrih,Carl Landry,Jason Thompson,Omri Casspi,Tyreke Evans,Chris Kaman,DeAndre Jordan,Eric Gordon,Rasual Butler,Steve Blake,4,4:28,LAC,free throw,,,,,,,1,,1,Eric Gordon,,,foul,made,,,,
Beno Udrih,Carl Landry,Jason Thompson,Omri Casspi,Tyreke Evans,Chris Kaman,DeAndre Jordan,Eric Gordon,Rasual Butler,Steve Blake,4,4:12,SAC,turnover,,,,,,,,,,Beno Udrih,,,bad pass,,,,,
Beno Udrih,Carl Landry,Jason Thompson,Omri Casspi,Tyreke Evans,Chris Kaman,DeAndre Jordan,Eric Gordon,Rasual Butler,Steve Blake,4,3:48,LAC,turnover,,,,,,,,,,Chris Kaman,,,lost ball,,Jason Thompson,,,
Beno Udrih,Carl Landry,Jason Thompson,Omri Casspi,Tyreke Evans,Chris Kaman,DeAndre Jordan,Eric Gordon,Rasual Butler,Steve Blake,4,3:47,LAC,foul,,,,,,,,Tyreke Evans,,Eric Gordon,,,,,,personal,,
Beno Udrih,Carl Landry,Jason Thompson,Omri Casspi,Tyreke Evans,Chris Kaman,DeAndre Jordan,Eric Gordon,Rasual Butler,Steve Blake,4,3:39,LAC,foul,,,,,,,,Tyreke Evans,,DeAndre Jordan,,,,,,shooting,,
Beno Udrih,Carl Landry,Jason Thompson,Omri Casspi,Tyreke Evans,Chris Kaman,DeAndre Jordan,Eric Gordon,Rasual Butler,Steve Blake,4,3:39,SAC,free throw,,,,,,,1,,2,Tyreke Evans,,,foul,missed,,,,
Beno Udrih,Carl Landry,Jason Thompson,Omri Casspi,Tyreke Evans,Chris Kaman,DeAndre Jordan,Eric Gordon,Rasual Butler,Steve Blake,4,3:39,SAC,rebound,,,,,,,,,,,,,,,,,,
Beno Udrih,Carl Landry,Jason Thompson,Omri Casspi,Tyreke Evans,Chris Kaman,DeAndre Jordan,Eric Gordon,Rasual Butler,Steve Blake,4,3:39,SAC,free throw,,,,,,,2,,2,Tyreke Evans,,,foul,missed,,,,
Beno Udrih,Carl Landry,Jason Thompson,Omri Casspi,Tyreke Evans,Chris Kaman,DeAndre Jordan,Eric Gordon,Rasual Butler,Steve Blake,4,3:37,SAC,rebound,,,,,,,,,,Jason Thompson,,,,,,off,,
Beno Udrih,Carl Landry,Jason Thompson,Omri Casspi,Tyreke Evans,Chris Kaman,DeAndre Jordan,Eric Gordon,Rasual Butler,Steve Blake,4,3:33,SAC,turnover,,,,,,,,,,Jason Thompson,,,lost ball,,Steve Blake,,,
Beno Udrih,Carl Landry,Jason Thompson,Omri Casspi,Tyreke Evans,Chris Kaman,DeAndre Jordan,Eric Gordon,Rasual Butler,Steve Blake,4,3:15,LAC,shot,,,,,,,,,,Rasual Butler,,,,missed,,3pt,39,28
Beno Udrih,Carl Landry,Jason Thompson,Omri Casspi,Tyreke Evans,Chris Kaman,DeAndre Jordan,Eric Gordon,Rasual Butler,Steve Blake,4,3:13,LAC,rebound,,,,,,,,,,DeAndre Jordan,,,,,,off,,
Beno Udrih,Carl Landry,Jason Thompson,Omri Casspi,Tyreke Evans,Chris Kaman,DeAndre Jordan,Eric Gordon,Rasual Butler,Steve Blake,4,3:13,LAC,shot,,,,,,,,,,DeAndre Jordan,,,,missed,,putback dunk,25,6
Beno Udrih,Carl Landry,Jason Thompson,Omri Casspi,Tyreke Evans,Chris Kaman,DeAndre Jordan,Eric Gordon,Rasual Butler,Steve Blake,4,3:10,SAC,rebound,,,,,,,,,,Carl Landry,,,,,,def,,
Beno Udrih,Carl Landry,Jason Thompson,Omri Casspi,Tyreke Evans,Chris Kaman,DeAndre Jordan,Eric Gordon,Rasual Butler,Steve Blake,4,3:03,SAC,shot,Tyreke Evans,,,,,,,,,Carl Landry,2,,,made,,dunk,25,6
Beno Udrih,Carl Landry,Jason Thompson,Omri Casspi,Tyreke Evans,Chris Kaman,DeAndre Jordan,Eric Gordon,Rasual Butler,Steve Blake,4,2:44,LAC,turnover,,,,,,,,,,Eric Gordon,,,out of bounds lost ball turnover,,,,,
Beno Udrih,Carl Landry,Jason Thompson,Omri Casspi,Tyreke Evans,Chris Kaman,DeAndre Jordan,Eric Gordon,Rasual Butler,Steve Blake,4,2:44,LAC,timeout,,,,,,,,,,,,,,,,regular,,
Beno Udrih,Carl Landry,Donte Greene,Jason Thompson,Tyreke Evans,Chris Kaman,DeAndre Jordan,Eric Gordon,Rasual Butler,Steve Blake,4,2:44,SAC,sub,,,,Donte Greene,,Omri Casspi,,,,,,,,,,,,
Beno Udrih,Carl Landry,Donte Greene,Francisco Garcia,Jason Thompson,Chris Kaman,DeAndre Jordan,Eric Gordon,Rasual Butler,Steve Blake,4,2:44,SAC,sub,,,,Francisco Garcia,,Tyreke Evans,,,,,,,,,,,,
Beno Udrih,Carl Landry,Donte Greene,Francisco Garcia,Jason Thompson,Chris Kaman,DeAndre Jordan,Eric Gordon,Rasual Butler,Steve Blake,4,2:31,SAC,shot,,,,,,,,,,Carl Landry,2,,,made,,jump hook,25,9
Beno Udrih,Carl Landry,Donte Greene,Francisco Garcia,Jason Thompson,Chris Kaman,DeAndre Jordan,Eric Gordon,Rasual Butler,Steve Blake,4,2:16,SAC,foul,,,,,,,,Steve Blake,,Jason Thompson,,,,,,personal,,
Beno Udrih,Carl Landry,Donte Greene,Francisco Garcia,Sean May,Chris Kaman,DeAndre Jordan,Eric Gordon,Rasual Butler,Steve Blake,4,2:16,SAC,sub,,,,Sean May,,Jason Thompson,,,,,,,,,,,,
Beno Udrih,Carl Landry,Donte Greene,Francisco Garcia,Sean May,Chris Kaman,DeAndre Jordan,Eric Gordon,Rasual Butler,Steve Blake,4,2:16,LAC,free throw,,,,,,,1,,2,Steve Blake,,,foul,made,,,,
Beno Udrih,Carl Landry,Donte Greene,Francisco Garcia,Sean May,Chris Kaman,DeAndre Jordan,Eric Gordon,Rasual Butler,Steve Blake,4,2:16,LAC,free throw,,,,,,,2,,2,Steve Blake,,,foul,made,,,,
Beno Udrih,Carl Landry,Donte Greene,Francisco Garcia,Sean May,Chris Kaman,DeAndre Jordan,Eric Gordon,Rasual Butler,Steve Blake,4,1:59,SAC,shot,,,,,,,,,,Sean May,,,,missed,,jump,36,18
Beno Udrih,Carl Landry,Donte Greene,Francisco Garcia,Sean May,Chris Kaman,DeAndre Jordan,Eric Gordon,Rasual Butler,Steve Blake,4,1:59,SAC,rebound,,,,,,,,,,,,,,,,,,
Beno Udrih,Carl Landry,Donte Greene,Francisco Garcia,Sean May,Chris Kaman,DeAndre Jordan,Eric Gordon,Rasual Butler,Steve Blake,4,1:59,LAC,foul,,,,,,,,Carl Landry,,Steve Blake,,,,,,loose ball,,
Beno Udrih,Carl Landry,Donte Greene,Francisco Garcia,Sean May,Chris Kaman,DeAndre Jordan,Eric Gordon,Rasual Butler,Steve Blake,4,1:47,SAC,shot,,,DeAndre Jordan,,,,,,,Beno Udrih,,,,missed,,layup,25,6
Beno Udrih,Carl Landry,Donte Greene,Francisco Garcia,Sean May,Chris Kaman,DeAndre Jordan,Eric Gordon,Rasual Butler,Steve Blake,4,1:45,SAC,rebound,,,,,,,,,,Donte Greene,,,,,,off,,
Beno Udrih,Carl Landry,Donte Greene,Francisco Garcia,Sean May,Chris Kaman,DeAndre Jordan,Eric Gordon,Rasual Butler,Steve Blake,4,1:41,SAC,shot,Beno Udrih,,,,,,,,,Francisco Garcia,3,,,made,,3pt,16,30
Beno Udrih,Carl Landry,Donte Greene,Francisco Garcia,Sean May,Chris Kaman,DeAndre Jordan,Eric Gordon,Rasual Butler,Steve Blake,4,1:22,LAC,shot,Steve Blake,,,,,,,,,Eric Gordon,2,,,made,,jump,44,8
Beno Udrih,Carl Landry,Donte Greene,Francisco Garcia,Sean May,Chris Kaman,DeAndre Jordan,Eric Gordon,Rasual Butler,Steve Blake,4,1:07,LAC,foul,,,,,,,,Sean May,,Chris Kaman,,,,,,shooting,,
Beno Udrih,Carl Landry,Donte Greene,Francisco Garcia,Sean May,Chris Kaman,DeAndre Jordan,Eric Gordon,Rasual Butler,Steve Blake,4,1:07,SAC,free throw,,,,,,,1,,2,Sean May,,,foul,missed,,,,
Beno Udrih,Carl Landry,Donte Greene,Francisco Garcia,Sean May,Chris Kaman,DeAndre Jordan,Eric Gordon,Rasual Butler,Steve Blake,4,1:07,SAC,rebound,,,,,,,,,,,,,,,,,,
Beno Udrih,Carl Landry,Donte Greene,Francisco Garcia,Sean May,Chris Kaman,DeAndre Jordan,Mardy Collins,Rasual Butler,Steve Blake,4,1:07,LAC,sub,,,,Mardy Collins,,Eric Gordon,,,,,,,,,,,,
Beno Udrih,Carl Landry,Donte Greene,Francisco Garcia,Sean May,DeAndre Jordan,Mardy Collins,Rasual Butler,Steve Blake,Steve Novak,4,1:07,LAC,sub,,,,Steve Novak,,Chris Kaman,,,,,,,,,,,,
Beno Udrih,Carl Landry,Donte Greene,Francisco Garcia,Sean May,Bobby Brown,DeAndre Jordan,Mardy Collins,Rasual Butler,Steve Novak,4,1:07,LAC,sub,,,,Bobby Brown,,Steve Blake,,,,,,,,,,,,
Beno Udrih,Carl Landry,Donte Greene,Francisco Garcia,Sean May,Bobby Brown,DeAndre Jordan,Mardy Collins,Rasual Butler,Steve Novak,4,1:07,SAC,free throw,,,,,,,2,,2,Sean May,,,foul,made,,,,
Beno Udrih,Carl Landry,Donte Greene,Francisco Garcia,Sean May,Bobby Brown,DeAndre Jordan,Mardy Collins,Rasual Butler,Steve Novak,4,0:46,LAC,shot,,,,,,,,,,Rasual Butler,,,,missed,,3pt,2,19
Beno Udrih,Carl Landry,Donte Greene,Francisco Garcia,Sean May,Bobby Brown,DeAndre Jordan,Mardy Collins,Rasual Butler,Steve Novak,4,0:45,SAC,rebound,,,,,,,,,,,,,,,,,,
Beno Udrih,Carl Landry,Donte Greene,Francisco Garcia,Sean May,Bobby Brown,DeAndre Jordan,Mardy Collins,Rasual Butler,Steve Novak,4,0:33,SAC,shot,,,,,,,,,,Carl Landry,2,,,made,,jump,36,17
Beno Udrih,Carl Landry,Donte Greene,Francisco Garcia,Sean May,Bobby Brown,DeAndre Jordan,Mardy Collins,Rasual Butler,Steve Novak,4,0:10,LAC,shot,,,,,,,,,,Bobby Brown,,,,missed,,layup,25,6
Beno Udrih,Carl Landry,Donte Greene,Francisco Garcia,Sean May,Bobby Brown,DeAndre Jordan,Mardy Collins,Rasual Butler,Steve Novak,4,0:08,SAC,rebound,,,,,,,,,,Sean May,,,,,,def,,
Beno Udrih,Carl Landry,Donte Greene,Francisco Garcia,Sean May,Bobby Brown,DeAndre Jordan,Mardy Collins,Rasual Butler,Steve Novak,4,0:05,SAC,shot,Sean May,,,,,,,,,Francisco Garcia,2,,,made,,driving dunk,25,6
