a1,a2,a3,a4,a5,h1,h2,h3,h4,h5,period,time,team,etype,assist,away,block,entered,home,left,num,opponent,outof,player,points,possession,reason,result,steal,type,x,y
Amare Stoudemire,Channing Frye,Grant Hill,Jason Richardson,Steve Nash,Boris Diaw,Gerald Wallace,Nazr Mohammed,Raymond Felton,Stephen Jackson,1,12:00,OFF,jump ball,,Amare Stoudemire,,,Nazr Mohammed,,,,,,,Gerald Wallace,,,,,,
Amare Stoudemire,Channing Frye,Grant Hill,Jason Richardson,Steve Nash,Boris Diaw,Gerald Wallace,Nazr Mohammed,Raymond Felton,Stephen Jackson,1,11:45,CHA,shot,Boris Diaw,,,,,,,,,Nazr Mohammed,2,,,made,,jump,11,10
Amare Stoudemire,Channing Frye,Grant Hill,Jason Richardson,Steve Nash,Boris Diaw,Gerald Wallace,Nazr Mohammed,Raymond Felton,Stephen Jackson,1,11:29,PHX,shot,,,,,,,,,,Amare Stoudemire,,,,missed,,jump,31,16
Amare Stoudemire,Channing Frye,Grant Hill,Jason Richardson,Steve Nash,Boris Diaw,Gerald Wallace,Nazr Mohammed,Raymond Felton,Stephen Jackson,1,11:28,CHA,rebound,,,,,,,,,,Gerald Wallace,,,,,,def,,
Amare Stoudemire,Channing Frye,Grant Hill,Jason Richardson,Steve Nash,Boris Diaw,Gerald Wallace,Nazr Mohammed,Raymond Felton,Stephen Jackson,1,11:16,CHA,shot,Boris Diaw,,,,,,,,,Gerald Wallace,2,,,made,,jump,39,20
Amare Stoudemire,Channing Frye,Grant Hill,Jason Richardson,Steve Nash,Boris Diaw,Gerald Wallace,Nazr Mohammed,Raymond Felton,Stephen Jackson,1,11:05,PHX,shot,,,,,,,,,,Jason Richardson,,,,missed,,3pt,18,31
Amare Stoudemire,Channing Frye,Grant Hill,Jason Richardson,Steve Nash,Boris Diaw,Gerald Wallace,Nazr Mohammed,Raymond Felton,Stephen Jackson,1,11:04,CHA,rebound,,,,,,,,,,Gerald Wallace,,,,,,def,,
Amare Stoudemire,Channing Frye,Grant Hill,Jason Richardson,Steve Nash,Boris Diaw,Gerald Wallace,Nazr Mohammed,Raymond Felton,Stephen Jackson,1,10:50,CHA,shot,Raymond Felton,,,,,,,,,Gerald Wallace,3,,,made,,3pt,48,8
Amare Stoudemire,Channing Frye,Grant Hill,Jason Richardson,Steve Nash,Boris Diaw,Gerald Wallace,Nazr Mohammed,Raymond Felton,Stephen Jackson,1,10:34,PHX,shot,,,,,,,,,,Amare Stoudemire,,,,missed,,jump,26,25
Amare Stoudemire,Channing Frye,Grant Hill,Jason Richardson,Steve Nash,Boris Diaw,Gerald Wallace,Nazr Mohammed,Raymond Felton,Stephen Jackson,1,10:34,CHA,rebound,,,,,,,,,,Stephen Jackson,,,,,,def,,
Amare Stoudemire,Channing Frye,Grant Hill,Jason Richardson,Steve Nash,Boris Diaw,Gerald Wallace,Nazr Mohammed,Raymond Felton,Stephen Jackson,1,10:25,CHA,shot,Stephen Jackson,,,,,,,,,Nazr Mohammed,2,,,made,,layup,25,6
Amare Stoudemire,Channing Frye,Grant Hill,Jason Richardson,Steve Nash,Boris Diaw,Gerald Wallace,Nazr Mohammed,Raymond Felton,Stephen Jackson,1,10:14,PHX,timeout,,,,,,,,,,,,,,,,regular,,
Amare Stoudemire,Channing Frye,Grant Hill,Jason Richardson,Steve Nash,Boris Diaw,Gerald Wallace,Nazr Mohammed,Raymond Felton,Stephen Jackson,1,10:14,PHX,shot,,,,,,,,,,Jason Richardson,,,,missed,,driving layup,25,6
Amare Stoudemire,Channing Frye,Grant Hill,Jason Richardson,Steve Nash,Boris Diaw,Gerald Wallace,Nazr Mohammed,Raymond Felton,Stephen Jackson,1,10:14,CHA,rebound,,,,,,,,,,Stephen Jackson,,,,,,def,,
Amare Stoudemire,Channing Frye,Grant Hill,Jason Richardson,Steve Nash,Boris Diaw,Gerald Wallace,Nazr Mohammed,Raymond Felton,Stephen Jackson,1,10:00,CHA,shot,,,,,,,,,,Stephen Jackson,,,,missed,,jump,8,9
Amare Stoudemire,Channing Frye,Grant Hill,Jason Richardson,Steve Nash,Boris Diaw,Gerald Wallace,Nazr Mohammed,Raymond Felton,Stephen Jackson,1,9:59,PHX,rebound,,,,,,,,,,Grant Hill,,,,,,def,,
Amare Stoudemire,Channing Frye,Grant Hill,Jason Richardson,Steve Nash,Boris Diaw,Gerald Wallace,Nazr Mohammed,Raymond Felton,Stephen Jackson,1,9:44,PHX,shot,,,,,,,,,,Channing Frye,,,,missed,,3pt,7,25
Amare Stoudemire,Channing Frye,Grant Hill,Jason Richardson,Steve Nash,Boris Diaw,Gerald Wallace,Nazr Mohammed,Raymond Felton,Stephen Jackson,1,9:43,CHA,rebound,,,,,,,,,,Raymond Felton,,,,,,def,,
Amare Stoudemire,Channing Frye,Grant Hill,Jason Richardson,Steve Nash,Boris Diaw,Gerald Wallace,Nazr Mohammed,Raymond Felton,Stephen Jackson,1,9:30,CHA,shot,Gerald Wallace,,,,,,,,,Stephen Jackson,3,,,made,,3pt,34,30
Amare Stoudemire,Channing Frye,Grant Hill,Jason Richardson,Steve Nash,Boris Diaw,Gerald Wallace,Nazr Mohammed,Raymond Felton,Stephen Jackson,1,9:19,PHX,shot,,,,,,,,,,Amare Stoudemire,2,,,made,,layup,25,6
Amare Stoudemire,Channing Frye,Grant Hill,Jason Richardson,Steve Nash,Boris Diaw,Gerald Wallace,Nazr Mohammed,Raymond Felton,Stephen Jackson,1,9:19,CHA,foul,,,,,,,,Amare Stoudemire,,Nazr Mohammed,,,,,,shooting,,
Amare Stoudemire,Channing Frye,Grant Hill,Jason Richardson,Steve Nash,Boris Diaw,Gerald Wallace,Nazr Mohammed,Raymond Felton,Stephen Jackson,1,9:19,PHX,free throw,,,,,,,1,,1,Amare Stoudemire,,,foul,made,,,,
Amare Stoudemire,Channing Frye,Grant Hill,Jason Richardson,Steve Nash,Boris Diaw,Gerald Wallace,Nazr Mohammed,Raymond Felton,Stephen Jackson,1,9:16,CHA,shot,,,Channing Frye,,,,,,,Nazr Mohammed,,,,missed,,layup,25,6
Amare Stoudemire,Channing Frye,Grant Hill,Jason Richardson,Steve Nash,Boris Diaw,Gerald Wallace,Nazr Mohammed,Raymond Felton,Stephen Jackson,1,9:16,PHX,rebound,,,,,,,,,,Channing Frye,,,,,,def,,
Amare Stoudemire,Channing Frye,Grant Hill,Jason Richardson,Steve Nash,Boris Diaw,Gerald Wallace,Nazr Mohammed,Raymond Felton,Stephen Jackson,1,9:04,PHX,shot,,,,,,,,,,Channing Frye,,,,missed,,3pt,10,28
Amare Stoudemire,Channing Frye,Grant Hill,Jason Richardson,Steve Nash,Boris Diaw,Gerald Wallace,Nazr Mohammed,Raymond Felton,Stephen Jackson,1,9:03,CHA,rebound,,,,,,,,,,Nazr Mohammed,,,,,,def,,
Amare Stoudemire,Channing Frye,Grant Hill,Jason Richardson,Steve Nash,Boris Diaw,Gerald Wallace,Nazr Mohammed,Raymond Felton,Stephen Jackson,1,8:53,CHA,shot,,,,,,,,,,Stephen Jackson,2,,,made,,jump,7,8
Amare Stoudemire,Channing Frye,Grant Hill,Jason Richardson,Steve Nash,Boris Diaw,Gerald Wallace,Nazr Mohammed,Raymond Felton,Stephen Jackson,1,8:40,CHA,foul,,,,,,,,Channing Frye,,Gerald Wallace,,,,,,shooting,,
Amare Stoudemire,Channing Frye,Grant Hill,Jason Richardson,Steve Nash,Boris Diaw,Gerald Wallace,Nazr Mohammed,Raymond Felton,Stephen Jackson,1,8:40,PHX,free throw,,,,,,,1,,2,Channing Frye,,,foul,made,,,,
Amare Stoudemire,Channing Frye,Grant Hill,Jason Richardson,Steve Nash,Boris Diaw,Gerald Wallace,Nazr Mohammed,Raymond Felton,Stephen Jackson,1,8:40,PHX,free throw,,,,,,,2,,2,Channing Frye,,,foul,made,,,,
Amare Stoudemire,Channing Frye,Grant Hill,Jason Richardson,Steve Nash,Boris Diaw,Gerald Wallace,Nazr Mohammed,Raymond Felton,Stephen Jackson,1,8:40,CHA,shot,,,Channing Frye,,,,,,,Stephen Jackson,,,,missed,,jump,18,10
Amare Stoudemire,Channing Frye,Grant Hill,Jason Richardson,Steve Nash,Boris Diaw,Gerald Wallace,Nazr Mohammed,Raymond Felton,Stephen Jackson,1,8:38,CHA,rebound,,,,,,,,,,Stephen Jackson,,,,,,off,,
Amare Stoudemire,Channing Frye,Grant Hill,Jason Richardson,Steve Nash,Boris Diaw,Gerald Wallace,Nazr Mohammed,Raymond Felton,Stephen Jackson,1,8:37,CHA,shot,,,,,,,,,,Stephen Jackson,,,,missed,,layup,25,6
Amare Stoudemire,Channing Frye,Grant Hill,Jason Richardson,Steve Nash,Boris Diaw,Gerald Wallace,Nazr Mohammed,Raymond Felton,Stephen Jackson,1,8:37,CHA,rebound,,,,,,,,,,Nazr Mohammed,,,,,,off,,
Amare Stoudemire,Channing Frye,Grant Hill,Jason Richardson,Steve Nash,Boris Diaw,Gerald Wallace,Nazr Mohammed,Raymond Felton,Stephen Jackson,1,8:37,CHA,shot,,,,,,,,,,Nazr Mohammed,,,,missed,,tip,25,6
Amare Stoudemire,Channing Frye,Grant Hill,Jason Richardson,Steve Nash,Boris Diaw,Gerald Wallace,Nazr Mohammed,Raymond Felton,Stephen Jackson,1,8:36,CHA,rebound,,,,,,,,,,Nazr Mohammed,,,,,,off,,
Amare Stoudemire,Channing Frye,Grant Hill,Jason Richardson,Steve Nash,Boris Diaw,Gerald Wallace,Nazr Mohammed,Raymond Felton,Stephen Jackson,1,8:36,CHA,shot,,,,,,,,,,Nazr Mohammed,2,,,made,,hook,28,10
Amare Stoudemire,Channing Frye,Grant Hill,Jason Richardson,Steve Nash,Boris Diaw,Gerald Wallace,Nazr Mohammed,Raymond Felton,Stephen Jackson,1,8:28,PHX,shot,Steve Nash,,,,,,,,,Amare Stoudemire,2,,,made,,jump,39,12
Amare Stoudemire,Channing Frye,Grant Hill,Jason Richardson,Steve Nash,Boris Diaw,Gerald Wallace,Nazr Mohammed,Raymond Felton,Stephen Jackson,1,8:11,CHA,shot,,,,,,,,,,Gerald Wallace,,,,missed,,jump,27,12
Amare Stoudemire,Channing Frye,Grant Hill,Jason Richardson,Steve Nash,Boris Diaw,Gerald Wallace,Nazr Mohammed,Raymond Felton,Stephen Jackson,1,8:10,CHA,rebound,,,,,,,,,,Nazr Mohammed,,,,,,off,,
Amare Stoudemire,Channing Frye,Grant Hill,Jason Richardson,Steve Nash,Boris Diaw,Gerald Wallace,Nazr Mohammed,Raymond Felton,Stephen Jackson,1,8:10,CHA,shot,,,Amare Stoudemire,,,,,,,Nazr Mohammed,,,,missed,,layup,25,6
Amare Stoudemire,Channing Frye,Grant Hill,Jason Richardson,Steve Nash,Boris Diaw,Gerald Wallace,Nazr Mohammed,Raymond Felton,Stephen Jackson,1,8:08,CHA,rebound,,,,,,,,,,Gerald Wallace,,,,,,off,,
Amare Stoudemire,Channing Frye,Grant Hill,Jason Richardson,Steve Nash,Boris Diaw,Gerald Wallace,Nazr Mohammed,Raymond Felton,Stephen Jackson,1,8:07,CHA,shot,,,,,,,,,,Gerald Wallace,,,,missed,,layup,25,6
Amare Stoudemire,Channing Frye,Grant Hill,Jason Richardson,Steve Nash,Boris Diaw,Gerald Wallace,Nazr Mohammed,Raymond Felton,Stephen Jackson,1,8:07,PHX,rebound,,,,,,,,,,Steve Nash,,,,,,def,,
Amare Stoudemire,Channing Frye,Grant Hill,Jason Richardson,Steve Nash,Boris Diaw,Gerald Wallace,Nazr Mohammed,Raymond Felton,Stephen Jackson,1,7:59,PHX,shot,,,Nazr Mohammed,,,,,,,Jason Richardson,,,,missed,,layup,25,6
Amare Stoudemire,Channing Frye,Grant Hill,Jason Richardson,Steve Nash,Boris Diaw,Gerald Wallace,Nazr Mohammed,Raymond Felton,Stephen Jackson,1,7:57,PHX,rebound,,,,,,,,,,Channing Frye,,,,,,off,,
Amare Stoudemire,Channing Frye,Grant Hill,Jason Richardson,Steve Nash,Boris Diaw,Gerald Wallace,Nazr Mohammed,Raymond Felton,Stephen Jackson,1,7:55,PHX,turnover,,,,,,,,,,Channing Frye,,,bad pass,,Gerald Wallace,,,
Amare Stoudemire,Channing Frye,Grant Hill,Jason Richardson,Steve Nash,Boris Diaw,Gerald Wallace,Nazr Mohammed,Raymond Felton,Stephen Jackson,1,7:51,CHA,shot,Raymond Felton,,,,,,,,,Stephen Jackson,2,,,made,,layup,25,6
Amare Stoudemire,Channing Frye,Grant Hill,Jason Richardson,Steve Nash,Boris Diaw,Gerald Wallace,Nazr Mohammed,Raymond Felton,Stephen Jackson,1,7:32,CHA,foul,,,,,,,,Amare Stoudemire,,Nazr Mohammed,,,,,,shooting,,
Amare Stoudemire,Channing Frye,Grant Hill,Jason Richardson,Steve Nash,Boris Diaw,Gerald Wallace,Nazr Mohammed,Raymond Felton,Stephen Jackson,1,7:32,PHX,free throw,,,,,,,1,,2,Amare Stoudemire,,,foul,made,,,,
Amare Stoudemire,Channing Frye,Grant Hill,Jason Richardson,Steve Nash,Boris Diaw,Derrick Brown,Gerald Wallace,Raymond Felton,Stephen Jackson,1,7:32,CHA,sub,,,,Derrick Brown,,Nazr Mohammed,,,,,,,,,,,,
Amare Stoudemire,Channing Frye,Grant Hill,Jason Richardson,Steve Nash,Boris Diaw,Derrick Brown,Gerald Wallace,Raymond Felton,Stephen Jackson,1,7:32,PHX,free throw,,,,,,,2,,2,Amare Stoudemire,,,foul,made,,,,
Amare Stoudemire,Channing Frye,Grant Hill,Jason Richardson,Steve Nash,Boris Diaw,Derrick Brown,Gerald Wallace,Raymond Felton,Stephen Jackson,1,7:32,CHA,shot,Boris Diaw,,,,,,,,,Gerald Wallace,2,,,made,,jump,30,26
Amare Stoudemire,Channing Frye,Grant Hill,Jason Richardson,Steve Nash,Boris Diaw,Derrick Brown,Gerald Wallace,Raymond Felton,Stephen Jackson,1,7:18,PHX,shot,Grant Hill,,,,,,,,,Jason Richardson,3,,,made,,3pt,1,8
Amare Stoudemire,Channing Frye,Grant Hill,Jason Richardson,Steve Nash,Boris Diaw,Derrick Brown,Gerald Wallace,Raymond Felton,Stephen Jackson,1,7:04,CHA,timeout,,,,,,,,,,,,,,,,regular,,
Amare Stoudemire,Channing Frye,Grant Hill,Jason Richardson,Steve Nash,Boris Diaw,Derrick Brown,Gerald Wallace,Raymond Felton,Stephen Jackson,1,7:04,CHA,turnover,,,,,,,,,,Stephen Jackson,,,bad pass,,Channing Frye,,,
Amare Stoudemire,Channing Frye,Grant Hill,Jason Richardson,Steve Nash,Boris Diaw,Derrick Brown,Gerald Wallace,Raymond Felton,Stephen Jackson,1,6:46,PHX,shot,,,,,,,,,,Grant Hill,2,,,made,,driving layup,25,6
Amare Stoudemire,Channing Frye,Grant Hill,Jason Richardson,Steve Nash,Boris Diaw,Derrick Brown,Gerald Wallace,Raymond Felton,Stephen Jackson,1,6:25,CHA,shot,Derrick Brown,,,,,,,,,Boris Diaw,3,,,made,,3pt,30,30
Amare Stoudemire,Channing Frye,Grant Hill,Jason Richardson,Steve Nash,Boris Diaw,Derrick Brown,Gerald Wallace,Raymond Felton,Stephen Jackson,1,6:00,PHX,shot,,,,,,,,,,Channing Frye,,,,missed,,3pt,2,9
Amare Stoudemire,Channing Frye,Grant Hill,Jason Richardson,Steve Nash,Boris Diaw,Derrick Brown,Gerald Wallace,Raymond Felton,Stephen Jackson,1,5:59,CHA,rebound,,,,,,,,,,Gerald Wallace,,,,,,def,,
Amare Stoudemire,Channing Frye,Grant Hill,Jason Richardson,Steve Nash,Boris Diaw,Derrick Brown,Gerald Wallace,Raymond Felton,Stephen Jackson,1,5:45,CHA,shot,Stephen Jackson,,,,,,,,,Gerald Wallace,3,,,made,,3pt,2,8
Amare Stoudemire,Channing Frye,Grant Hill,Jason Richardson,Steve Nash,Boris Diaw,Derrick Brown,Gerald Wallace,Raymond Felton,Stephen Jackson,1,5:37,PHX,turnover,,,,,,,,,,Jason Richardson,,,bad pass,,Stephen Jackson,,,
Amare Stoudemire,Channing Frye,Grant Hill,Jason Richardson,Steve Nash,Boris Diaw,Derrick Brown,Gerald Wallace,Raymond Felton,Stephen Jackson,1,5:33,CHA,shot,Stephen Jackson,,,,,,,,,Derrick Brown,2,,,made,,layup,25,6
Amare Stoudemire,Channing Frye,Grant Hill,Jason Richardson,Steve Nash,Boris Diaw,Derrick Brown,Gerald Wallace,Raymond Felton,Stephen Jackson,1,5:26,PHX,shot,,,,,,,,,,Steve Nash,,,,missed,,layup,25,6
Amare Stoudemire,Channing Frye,Grant Hill,Jason Richardson,Steve Nash,Boris Diaw,Derrick Brown,Gerald Wallace,Raymond Felton,Stephen Jackson,1,5:25,PHX,rebound,,,,,,,,,,Amare Stoudemire,,,,,,off,,
Amare Stoudemire,Channing Frye,Grant Hill,Jason Richardson,Steve Nash,Boris Diaw,Derrick Brown,Gerald Wallace,Raymond Felton,Stephen Jackson,1,5:25,PHX,shot,,,,,,,,,,Amare Stoudemire,,,,missed,,putback dunk,25,6
Amare Stoudemire,Channing Frye,Grant Hill,Jason Richardson,Steve Nash,Boris Diaw,Derrick Brown,Gerald Wallace,Raymond Felton,Stephen Jackson,1,5:24,CHA,rebound,,,,,,,,,,Boris Diaw,,,,,,def,,
Amare Stoudemire,Channing Frye,Grant Hill,Jason Richardson,Steve Nash,Boris Diaw,Derrick Brown,Gerald Wallace,Raymond Felton,Stephen Jackson,1,5:16,CHA,shot,,,,,,,,,,Stephen Jackson,2,,,made,,jump,33,24
Amare Stoudemire,Channing Frye,Grant Hill,Jason Richardson,Steve Nash,Boris Diaw,Derrick Brown,Gerald Wallace,Raymond Felton,Stephen Jackson,1,3:57,PHX,timeout,,,,,,,,,,,,,,,,regular,,
Amare Stoudemire,Grant Hill,Jared Dudley,Jason Richardson,Steve Nash,Boris Diaw,Derrick Brown,Gerald Wallace,Raymond Felton,Stephen Jackson,1,3:57,PHX,sub,,,,Jared Dudley,,Channing Frye,,,,,,,,,,,,
Amare Stoudemire,Grant Hill,Jared Dudley,Robin Lopez,Steve Nash,Boris Diaw,Derrick Brown,Gerald Wallace,Raymond Felton,Stephen Jackson,1,3:57,PHX,sub,,,,Robin Lopez,,Jason Richardson,,,,,,,,,,,,
Amare Stoudemire,Grant Hill,Jared Dudley,Robin Lopez,Steve Nash,Boris Diaw,Derrick Brown,Gerald Wallace,Raymond Felton,Stephen Jackson,1,3:50,PHX,shot,,,,,,,,,,Amare Stoudemire,,,,missed,,jump,21,14
Amare Stoudemire,Grant Hill,Jared Dudley,Robin Lopez,Steve Nash,Boris Diaw,Derrick Brown,Gerald Wallace,Raymond Felton,Stephen Jackson,1,3:50,PHX,rebound,,,,,,,,,,Robin Lopez,,,,,,off,,
Amare Stoudemire,Grant Hill,Jared Dudley,Robin Lopez,Steve Nash,Boris Diaw,Derrick Brown,Gerald Wallace,Raymond Felton,Stephen Jackson,1,3:48,PHX,shot,,,,,,,,,,Robin Lopez,2,,,made,,jump,22,10
Amare Stoudemire,Grant Hill,Jared Dudley,Robin Lopez,Steve Nash,Boris Diaw,Derrick Brown,Gerald Wallace,Raymond Felton,Stephen Jackson,1,3:27,PHX,foul,,,,,,,,Boris Diaw,,Amare Stoudemire,,,,,,shooting,,
Amare Stoudemire,Grant Hill,Jared Dudley,Robin Lopez,Steve Nash,Boris Diaw,Derrick Brown,Gerald Wallace,Raymond Felton,Stephen Jackson,1,3:27,CHA,free throw,,,,,,,1,,2,Boris Diaw,,,foul,made,,,,
Amare Stoudemire,Grant Hill,Jared Dudley,Robin Lopez,Steve Nash,Boris Diaw,Derrick Brown,Gerald Wallace,Raymond Felton,Stephen Jackson,1,3:27,CHA,free throw,,,,,,,2,,2,Boris Diaw,,,foul,made,,,,
Amare Stoudemire,Grant Hill,Jared Dudley,Robin Lopez,Steve Nash,Boris Diaw,Derrick Brown,Gerald Wallace,Raymond Felton,Stephen Jackson,1,3:12,PHX,shot,,,,,,,,,,Robin Lopez,,,,missed,,jump,34,7
Amare Stoudemire,Grant Hill,Jared Dudley,Robin Lopez,Steve Nash,Boris Diaw,Derrick Brown,Gerald Wallace,Raymond Felton,Stephen Jackson,1,3:12,CHA,rebound,,,,,,,,,,Gerald Wallace,,,,,,def,,
Amare Stoudemire,Grant Hill,Jared Dudley,Robin Lopez,Steve Nash,Boris Diaw,Derrick Brown,Gerald Wallace,Raymond Felton,Stephen Jackson,1,2:57,CHA,shot,,,,,,,,,,Derrick Brown,,,,missed,,jump,10,8
Amare Stoudemire,Grant Hill,Jared Dudley,Robin Lopez,Steve Nash,Boris Diaw,Derrick Brown,Gerald Wallace,Raymond Felton,Stephen Jackson,1,2:56,PHX,rebound,,,,,,,,,,Amare Stoudemire,,,,,,def,,
Amare Stoudemire,Grant Hill,Jared Dudley,Robin Lopez,Steve Nash,Boris Diaw,Derrick Brown,Gerald Wallace,Raymond Felton,Stephen Jackson,1,2:40,PHX,shot,,,,,,,,,,Robin Lopez,2,,,made,,hook,25,15
Amare Stoudemire,Grant Hill,Jared Dudley,Robin Lopez,Steve Nash,Boris Diaw,Derrick Brown,Gerald Wallace,Raymond Felton,Stephen Jackson,1,2:20,CHA,shot,Boris Diaw,,,,,,,,,Gerald Wallace,2,,,made,,driving layup,25,6
Amare Stoudemire,Grant Hill,Jared Dudley,Robin Lopez,Steve Nash,Boris Diaw,Derrick Brown,Gerald Wallace,Raymond Felton,Stephen Jackson,1,2:20,PHX,foul,,,,,,,,Gerald Wallace,,Grant Hill,,,,,,shooting,,
Amare Stoudemire,Grant Hill,Jared Dudley,Robin Lopez,Steve Nash,Boris Diaw,Derrick Brown,Gerald Wallace,Raymond Felton,Stephen Jackson,1,2:20,CHA,free throw,,,,,,,1,,1,Gerald Wallace,,,foul,made,,,,
Amare Stoudemire,Grant Hill,Jared Dudley,Robin Lopez,Steve Nash,DeSagana Diop,Derrick Brown,Gerald Wallace,Raymond Felton,Stephen Jackson,1,2:20,CHA,sub,,,,DeSagana Diop,,Boris Diaw,,,,,,,,,,,,
Amare Stoudemire,Grant Hill,Jared Dudley,Robin Lopez,Steve Nash,DeSagana Diop,Derrick Brown,Gerald Wallace,Raymond Felton,Stephen Jackson,1,2:03,PHX,shot,,,DeSagana Diop,,,,,,,Robin Lopez,,,,missed,,layup,25,6
Amare Stoudemire,Grant Hill,Jared Dudley,Robin Lopez,Steve Nash,DeSagana Diop,Derrick Brown,Gerald Wallace,Raymond Felton,Stephen Jackson,1,2:01,CHA,rebound,,,,,,,,,,Gerald Wallace,,,,,,def,,
Amare Stoudemire,Grant Hill,Jared Dudley,Robin Lopez,Steve Nash,DeSagana Diop,Derrick Brown,Gerald Wallace,Raymond Felton,Stephen Jackson,1,1:59,CHA,shot,,,,,,,,,,Gerald Wallace,,,,missed,,dunk,25,6
Amare Stoudemire,Grant Hill,Jared Dudley,Robin Lopez,Steve Nash,DeSagana Diop,Derrick Brown,Gerald Wallace,Raymond Felton,Stephen Jackson,1,1:57,CHA,rebound,,,,,,,,,,Raymond Felton,,,,,,off,,
Amare Stoudemire,Grant Hill,Jared Dudley,Robin Lopez,Steve Nash,DeSagana Diop,Derrick Brown,Gerald Wallace,Raymond Felton,Stephen Jackson,1,1:38,CHA,shot,DeSagana Diop,,,,,,,,,Raymond Felton,3,,,made,,3pt,20,31
Amare Stoudemire,Grant Hill,Jared Dudley,Robin Lopez,Steve Nash,DeSagana Diop,Derrick Brown,Gerald Wallace,Raymond Felton,Stephen Jackson,1,1:24,PHX,shot,Grant Hill,,,,,,,,,Amare Stoudemire,2,,,made,,driving layup,25,6
Amare Stoudemire,Grant Hill,Jared Dudley,Robin Lopez,Steve Nash,DeSagana Diop,Derrick Brown,Gerald Wallace,Raymond Felton,Stephen Jackson,1,1:02,CHA,shot,,,,,,,,,,Stephen Jackson,,,,missed,,3pt,39,32
Amare Stoudemire,Grant Hill,Jared Dudley,Robin Lopez,Steve Nash,DeSagana Diop,Derrick Brown,Gerald Wallace,Raymond Felton,Stephen Jackson,1,1:01,PHX,rebound,,,,,,,,,,Grant Hill,,,,,,def,,
Amare Stoudemire,Grant Hill,Jared Dudley,Robin Lopez,Steve Nash,DeSagana Diop,Derrick Brown,Gerald Wallace,Raymond Felton,Stephen Jackson,1,0:54,PHX,shot,,,DeSagana Diop,,,,,,,Grant Hill,,,,missed,,jump,25,14
Amare Stoudemire,Grant Hill,Jared Dudley,Robin Lopez,Steve Nash,DeSagana Diop,Derrick Brown,Gerald Wallace,Raymond Felton,Stephen Jackson,1,0:52,PHX,rebound,,,,,,,,,,Amare Stoudemire,,,,,,off,,
Amare Stoudemire,Grant Hill,Jared Dudley,Robin Lopez,Steve Nash,DeSagana Diop,Derrick Brown,Gerald Wallace,Raymond Felton,Stephen Jackson,1,0:49,PHX,shot,,,,,,,,,,Jared Dudley,,,,missed,,3pt,1,8
Amare Stoudemire,Grant Hill,Jared Dudley,Robin Lopez,Steve Nash,DeSagana Diop,Derrick Brown,Gerald Wallace,Raymond Felton,Stephen Jackson,1,0:48,CHA,rebound,,,,,,,,,,Raymond Felton,,,,,,def,,
Amare Stoudemire,Grant Hill,Jared Dudley,Robin Lopez,Steve Nash,DeSagana Diop,Derrick Brown,Gerald Wallace,Raymond Felton,Stephen Jackson,1,0:41,CHA,shot,Raymond Felton,,,,,,,,,Stephen Jackson,3,,,made,,3pt,48,7
Amare Stoudemire,Grant Hill,Jared Dudley,Robin Lopez,Steve Nash,DeSagana Diop,Derrick Brown,Gerald Wallace,Raymond Felton,Stephen Jackson,1,0:35,PHX,shot,Steve Nash,,,,,,,,,Jared Dudley,2,,,made,,jump,25,6
Amare Stoudemire,Grant Hill,Jared Dudley,Robin Lopez,Steve Nash,DeSagana Diop,Derrick Brown,Gerald Wallace,Raymond Felton,Stephen Jackson,1,0:26,CHA,shot,,,,,,,,,,Raymond Felton,2,,,made,,jump,36,22
Amare Stoudemire,Grant Hill,Jared Dudley,Robin Lopez,Steve Nash,DeSagana Diop,Derrick Brown,Gerald Wallace,Raymond Felton,Stephen Jackson,1,0:01,PHX,turnover,,,,,,,,,,Steve Nash,,,bad pass,,Stephen Jackson,,,
Amare Stoudemire,Grant Hill,Jared Dudley,Robin Lopez,Steve Nash,DeSagana Diop,Derrick Brown,Gerald Wallace,Raymond Felton,Stephen Jackson,1,0:00,CHA,shot,,,,,,,,,,Stephen Jackson,,,,missed,,3pt,28,46
Amare Stoudemire,Grant Hill,Jared Dudley,Robin Lopez,Steve Nash,DeSagana Diop,Derrick Brown,Gerald Wallace,Raymond Felton,Stephen Jackson,1,0:00,CHA,rebound,,,,,,,,,,,,,,,,,,
Goran Dragic,Jared Dudley,Leandro Barbosa,Louis Amundson,Robin Lopez,Boris Diaw,D.J. Augustin,DeSagana Diop,Gerald Wallace,Ronald Murray,2,11:38,PHX,shot,,,,,,,,,,Leandro Barbosa,,,,missed,,layup,25,6
Goran Dragic,Jared Dudley,Leandro Barbosa,Louis Amundson,Robin Lopez,Boris Diaw,D.J. Augustin,DeSagana Diop,Gerald Wallace,Ronald Murray,2,11:38,CHA,rebound,,,,,,,,,,Gerald Wallace,,,,,,def,,
Goran Dragic,Jared Dudley,Leandro Barbosa,Louis Amundson,Robin Lopez,Boris Diaw,D.J. Augustin,DeSagana Diop,Gerald Wallace,Ronald Murray,2,11:25,PHX,foul,,,,,,,,Gerald Wallace,,Jared Dudley,,,,,,personal,,
Goran Dragic,Jared Dudley,Leandro Barbosa,Louis Amundson,Robin Lopez,Boris Diaw,D.J. Augustin,DeSagana Diop,Gerald Wallace,Ronald Murray,2,11:12,CHA,shot,,,,,,,,,,DeSagana Diop,,,,missed,,jump,14,11
Goran Dragic,Jared Dudley,Leandro Barbosa,Louis Amundson,Robin Lopez,Boris Diaw,D.J. Augustin,DeSagana Diop,Gerald Wallace,Ronald Murray,2,11:10,CHA,rebound,,,,,,,,,,Gerald Wallace,,,,,,off,,
Goran Dragic,Jared Dudley,Leandro Barbosa,Louis Amundson,Robin Lopez,Boris Diaw,D.J. Augustin,DeSagana Diop,Gerald Wallace,Ronald Murray,2,11:10,CHA,shot,,,,,,,,,,Gerald Wallace,2,,,made,,putback layup,25,6
Goran Dragic,Jared Dudley,Leandro Barbosa,Louis Amundson,Robin Lopez,Boris Diaw,D.J. Augustin,DeSagana Diop,Gerald Wallace,Ronald Murray,2,11:05,PHX,turnover,,,,,,,,,,Louis Amundson,,,bad pass,,D.J. Augustin,,,
Goran Dragic,Jared Dudley,Leandro Barbosa,Louis Amundson,Robin Lopez,Boris Diaw,D.J. Augustin,DeSagana Diop,Gerald Wallace,Ronald Murray,2,10:57,CHA,turnover,,,,,,,,,,Boris Diaw,,,traveling,,,,,
Goran Dragic,Jared Dudley,Leandro Barbosa,Louis Amundson,Robin Lopez,Boris Diaw,D.J. Augustin,DeSagana Diop,Gerald Wallace,Ronald Murray,2,10:45,PHX,shot,Goran Dragic,,,,,,,,,Robin Lopez,2,,,made,,dunk,25,6
Goran Dragic,Jared Dudley,Leandro Barbosa,Louis Amundson,Robin Lopez,Boris Diaw,D.J. Augustin,DeSagana Diop,Gerald Wallace,Ronald Murray,2,10:24,CHA,shot,,,Jared Dudley,,,,,,,Gerald Wallace,,,,missed,,jump,32,23
Goran Dragic,Jared Dudley,Leandro Barbosa,Louis Amundson,Robin Lopez,Boris Diaw,D.J. Augustin,DeSagana Diop,Gerald Wallace,Ronald Murray,2,10:22,PHX,rebound,,,,,,,,,,Jared Dudley,,,,,,def,,
Goran Dragic,Jared Dudley,Leandro Barbosa,Louis Amundson,Robin Lopez,Boris Diaw,D.J. Augustin,DeSagana Diop,Gerald Wallace,Ronald Murray,2,10:19,PHX,shot,,,,,,,,,,Leandro Barbosa,,,,missed,,layup,25,6
Goran Dragic,Jared Dudley,Leandro Barbosa,Louis Amundson,Robin Lopez,Boris Diaw,D.J. Augustin,DeSagana Diop,Gerald Wallace,Ronald Murray,2,10:16,PHX,rebound,,,,,,,,,,Jared Dudley,,,,,,off,,
Goran Dragic,Jared Dudley,Leandro Barbosa,Louis Amundson,Robin Lopez,Boris Diaw,D.J. Augustin,DeSagana Diop,Gerald Wallace,Ronald Murray,2,10:14,PHX,shot,Jared Dudley,,,,,,,,,Goran Dragic,3,,,made,,3pt,8,24
Goran Dragic,Jared Dudley,Leandro Barbosa,Louis Amundson,Robin Lopez,Boris Diaw,D.J. Augustin,DeSagana Diop,Gerald Wallace,Ronald Murray,2,9:58,PHX,foul,,,,,,,,Gerald Wallace,,Leandro Barbosa,,,,,,shooting,,
Goran Dragic,Jared Dudley,Leandro Barbosa,Louis Amundson,Robin Lopez,Boris Diaw,D.J. Augustin,DeSagana Diop,Gerald Wallace,Ronald Murray,2,9:58,CHA,free throw,,,,,,,1,,2,Gerald Wallace,,,foul,made,,,,
Goran Dragic,Jared Dudley,Leandro Barbosa,Louis Amundson,Robin Lopez,Boris Diaw,D.J. Augustin,DeSagana Diop,Gerald Wallace,Ronald Murray,2,9:58,CHA,free throw,,,,,,,2,,2,Gerald Wallace,,,foul,made,,,,
Goran Dragic,Jared Dudley,Leandro Barbosa,Louis Amundson,Robin Lopez,Boris Diaw,D.J. Augustin,DeSagana Diop,Gerald Wallace,Ronald Murray,2,9:47,PHX,shot,,,,,,,,,,Jared Dudley,,,,missed,,jump,11,21
Goran Dragic,Jared Dudley,Leandro Barbosa,Louis Amundson,Robin Lopez,Boris Diaw,D.J. Augustin,DeSagana Diop,Gerald Wallace,Ronald Murray,2,9:46,CHA,rebound,,,,,,,,,,D.J. Augustin,,,,,,def,,
Goran Dragic,Jared Dudley,Leandro Barbosa,Louis Amundson,Robin Lopez,Boris Diaw,D.J. Augustin,DeSagana Diop,Gerald Wallace,Ronald Murray,2,9:28,PHX,foul,,,,,,,,D.J. Augustin,,Robin Lopez,,,,,,shooting,,
Goran Dragic,Jared Dudley,Leandro Barbosa,Louis Amundson,Robin Lopez,Boris Diaw,D.J. Augustin,DeSagana Diop,Gerald Wallace,Ronald Murray,2,9:28,CHA,free throw,,,,,,,1,,2,D.J. Augustin,,,foul,missed,,,,
Goran Dragic,Jared Dudley,Leandro Barbosa,Louis Amundson,Robin Lopez,Boris Diaw,D.J. Augustin,DeSagana Diop,Gerald Wallace,Ronald Murray,2,9:28,CHA,rebound,,,,,,,,,,,,,,,,,,
Goran Dragic,Jared Dudley,Leandro Barbosa,Louis Amundson,Robin Lopez,Boris Diaw,D.J. Augustin,DeSagana Diop,Gerald Wallace,Ronald Murray,2,9:28,CHA,free throw,,,,,,,2,,2,D.J. Augustin,,,foul,made,,,,
Goran Dragic,Jared Dudley,Leandro Barbosa,Louis Amundson,Robin Lopez,Boris Diaw,D.J. Augustin,DeSagana Diop,Gerald Wallace,Ronald Murray,2,9:08,PHX,turnover,,,,,,,,,,Louis Amundson,,,bad pass,,,,,
Goran Dragic,Jared Dudley,Leandro Barbosa,Louis Amundson,Robin Lopez,Boris Diaw,D.J. Augustin,DeSagana Diop,Gerald Wallace,Ronald Murray,2,9:08,PHX,foul,,,,,,,,,,Gentry,,,,,,technical,,
Goran Dragic,Jared Dudley,Leandro Barbosa,Louis Amundson,Robin Lopez,Boris Diaw,D.J. Augustin,DeSagana Diop,Gerald Wallace,Ronald Murray,2,9:08,CHA,free throw,,,,,,,1,,1,Gerald Wallace,,,technical,made,,,,
Goran Dragic,Jared Dudley,Leandro Barbosa,Louis Amundson,Robin Lopez,Boris Diaw,D.J. Augustin,DeSagana Diop,Gerald Wallace,Ronald Murray,2,9:02,CHA,shot,,,,,,,,,,Gerald Wallace,2,,,made,,driving layup,25,6
Goran Dragic,Jared Dudley,Leandro Barbosa,Louis Amundson,Robin Lopez,Boris Diaw,D.J. Augustin,DeSagana Diop,Gerald Wallace,Ronald Murray,2,8:50,PHX,shot,,,,,,,,,,Louis Amundson,,,,missed,,jump bank,31,12
Goran Dragic,Jared Dudley,Leandro Barbosa,Louis Amundson,Robin Lopez,Boris Diaw,D.J. Augustin,DeSagana Diop,Gerald Wallace,Ronald Murray,2,8:50,CHA,rebound,,,,,,,,,,Gerald Wallace,,,,,,def,,
Goran Dragic,Jared Dudley,Leandro Barbosa,Louis Amundson,Robin Lopez,Boris Diaw,D.J. Augustin,DeSagana Diop,Gerald Wallace,Ronald Murray,2,8:39,CHA,turnover,,,,,,,,,,DeSagana Diop,,,traveling,,,,,
Goran Dragic,Jared Dudley,Leandro Barbosa,Louis Amundson,Robin Lopez,Boris Diaw,D.J. Augustin,DeSagana Diop,Gerald Wallace,Ronald Murray,2,8:39,PHX,timeout,,,,,,,,,,,,,,,,official,,
Earl Clark,Goran Dragic,Leandro Barbosa,Louis Amundson,Robin Lopez,Boris Diaw,D.J. Augustin,DeSagana Diop,Gerald Wallace,Ronald Murray,2,8:39,PHX,sub,,,,Earl Clark,,Jared Dudley,,,,,,,,,,,,
Amare Stoudemire,Earl Clark,Goran Dragic,Leandro Barbosa,Robin Lopez,Boris Diaw,D.J. Augustin,DeSagana Diop,Gerald Wallace,Ronald Murray,2,8:39,PHX,sub,,,,Amare Stoudemire,,Louis Amundson,,,,,,,,,,,,
Amare Stoudemire,Earl Clark,Goran Dragic,Leandro Barbosa,Robin Lopez,Boris Diaw,D.J. Augustin,DeSagana Diop,Derrick Brown,Ronald Murray,2,8:39,CHA,sub,,,,Derrick Brown,,Gerald Wallace,,,,,,,,,,,,
Amare Stoudemire,Earl Clark,Goran Dragic,Leandro Barbosa,Robin Lopez,Boris Diaw,D.J. Augustin,Derrick Brown,Ronald Murray,Stephen Jackson,2,8:39,CHA,sub,,,,Stephen Jackson,,DeSagana Diop,,,,,,,,,,,,
Amare Stoudemire,Earl Clark,Goran Dragic,Leandro Barbosa,Robin Lopez,Boris Diaw,D.J. Augustin,Derrick Brown,Ronald Murray,Stephen Jackson,2,8:29,CHA,foul,,,,,,,,Goran Dragic,,D.J. Augustin,,,,,,personal,,
Amare Stoudemire,Earl Clark,Goran Dragic,Leandro Barbosa,Robin Lopez,Boris Diaw,D.J. Augustin,Derrick Brown,Ronald Murray,Stephen Jackson,2,8:25,PHX,shot,,,,,,,,,,Goran Dragic,,,,missed,,3pt,7,24
Amare Stoudemire,Earl Clark,Goran Dragic,Leandro Barbosa,Robin Lopez,Boris Diaw,D.J. Augustin,Derrick Brown,Ronald Murray,Stephen Jackson,2,8:25,CHA,rebound,,,,,,,,,,Ronald Murray,,,,,,def,,
Amare Stoudemire,Earl Clark,Goran Dragic,Leandro Barbosa,Robin Lopez,Boris Diaw,D.J. Augustin,Derrick Brown,Ronald Murray,Stephen Jackson,2,8:09,CHA,turnover,,,,,,,,,,Ronald Murray,,,double dribble,,,,,
Amare Stoudemire,Earl Clark,Goran Dragic,Leandro Barbosa,Robin Lopez,Boris Diaw,D.J. Augustin,Derrick Brown,Ronald Murray,Stephen Jackson,2,8:01,PHX,shot,,,,,,,,,,Amare Stoudemire,,,,missed,,layup,25,6
Amare Stoudemire,Earl Clark,Goran Dragic,Leandro Barbosa,Robin Lopez,Boris Diaw,D.J. Augustin,Derrick Brown,Ronald Murray,Stephen Jackson,2,8:01,PHX,rebound,,,,,,,,,,Goran Dragic,,,,,,off,,
Amare Stoudemire,Earl Clark,Goran Dragic,Leandro Barbosa,Robin Lopez,Boris Diaw,D.J. Augustin,Derrick Brown,Ronald Murray,Stephen Jackson,2,7:54,PHX,shot,,,,,,,,,,Earl Clark,,,,missed,,3pt,1,8
Amare Stoudemire,Earl Clark,Goran Dragic,Leandro Barbosa,Robin Lopez,Boris Diaw,D.J. Augustin,Derrick Brown,Ronald Murray,Stephen Jackson,2,7:53,CHA,rebound,,,,,,,,,,Derrick Brown,,,,,,def,,
Amare Stoudemire,Earl Clark,Goran Dragic,Leandro Barbosa,Robin Lopez,Boris Diaw,D.J. Augustin,Derrick Brown,Ronald Murray,Stephen Jackson,2,7:44,CHA,shot,,,,,,,,,,Ronald Murray,,,,missed,,3pt,14,28
Amare Stoudemire,Earl Clark,Goran Dragic,Leandro Barbosa,Robin Lopez,Boris Diaw,D.J. Augustin,Derrick Brown,Ronald Murray,Stephen Jackson,2,7:43,PHX,rebound,,,,,,,,,,Amare Stoudemire,,,,,,def,,
Amare Stoudemire,Earl Clark,Goran Dragic,Leandro Barbosa,Robin Lopez,Boris Diaw,D.J. Augustin,Derrick Brown,Ronald Murray,Stephen Jackson,2,7:29,PHX,shot,,,,,,,,,,Amare Stoudemire,,,,missed,,jump,29,23
Amare Stoudemire,Earl Clark,Goran Dragic,Leandro Barbosa,Robin Lopez,Boris Diaw,D.J. Augustin,Derrick Brown,Ronald Murray,Stephen Jackson,2,7:28,CHA,rebound,,,,,,,,,,Stephen Jackson,,,,,,def,,
Amare Stoudemire,Earl Clark,Goran Dragic,Leandro Barbosa,Robin Lopez,Boris Diaw,D.J. Augustin,Derrick Brown,Ronald Murray,Stephen Jackson,2,7:18,PHX,foul,,,,,,,,Derrick Brown,,Robin Lopez,,,,,,personal,,
Amare Stoudemire,Earl Clark,Goran Dragic,Leandro Barbosa,Robin Lopez,Boris Diaw,D.J. Augustin,Derrick Brown,Ronald Murray,Stephen Jackson,2,7:15,CHA,shot,Boris Diaw,,,,,,,,,Stephen Jackson,2,,,made,,layup,25,6
Amare Stoudemire,Earl Clark,Goran Dragic,Leandro Barbosa,Robin Lopez,Boris Diaw,D.J. Augustin,Derrick Brown,Ronald Murray,Stephen Jackson,2,6:55,PHX,shot,,,,,,,,,,Goran Dragic,,,,missed,,jump,10,9
Amare Stoudemire,Earl Clark,Goran Dragic,Leandro Barbosa,Robin Lopez,Boris Diaw,D.J. Augustin,Derrick Brown,Ronald Murray,Stephen Jackson,2,6:55,CHA,rebound,,,,,,,,,,Boris Diaw,,,,,,def,,
Amare Stoudemire,Earl Clark,Goran Dragic,Leandro Barbosa,Robin Lopez,Boris Diaw,D.J. Augustin,Derrick Brown,Ronald Murray,Stephen Jackson,2,6:49,CHA,shot,D.J. Augustin,,,,,,,,,Ronald Murray,3,,,made,,3pt,11,29
Amare Stoudemire,Earl Clark,Goran Dragic,Leandro Barbosa,Robin Lopez,Boris Diaw,D.J. Augustin,Derrick Brown,Ronald Murray,Stephen Jackson,2,6:36,PHX,turnover,,,,,,,,,,Goran Dragic,,,lost ball,,Ronald Murray,,,
Amare Stoudemire,Earl Clark,Goran Dragic,Leandro Barbosa,Robin Lopez,Boris Diaw,D.J. Augustin,Derrick Brown,Ronald Murray,Stephen Jackson,2,6:30,CHA,shot,,,,,,,,,,Ronald Murray,2,,,made,,dunk,25,6
Amare Stoudemire,Earl Clark,Goran Dragic,Leandro Barbosa,Robin Lopez,Boris Diaw,D.J. Augustin,Derrick Brown,Ronald Murray,Stephen Jackson,2,6:30,PHX,timeout,,,,,,,,,,,,,,,,regular,,
Amare Stoudemire,Earl Clark,Goran Dragic,Leandro Barbosa,Steve Nash,Boris Diaw,D.J. Augustin,Derrick Brown,Ronald Murray,Stephen Jackson,2,6:30,PHX,sub,,,,Steve Nash,,Robin Lopez,,,,,,,,,,,,
Amare Stoudemire,Channing Frye,Earl Clark,Leandro Barbosa,Steve Nash,Boris Diaw,D.J. Augustin,Derrick Brown,Ronald Murray,Stephen Jackson,2,6:30,PHX,sub,,,,Channing Frye,,Goran Dragic,,,,,,,,,,,,
Amare Stoudemire,Channing Frye,Earl Clark,Leandro Barbosa,Steve Nash,Boris Diaw,D.J. Augustin,Derrick Brown,Ronald Murray,Stephen Jackson,2,6:11,PHX,shot,,,,,,,,,,Amare Stoudemire,2,,,made,,driving layup,25,6
Amare Stoudemire,Channing Frye,Earl Clark,Leandro Barbosa,Steve Nash,Boris Diaw,D.J. Augustin,Derrick Brown,Ronald Murray,Stephen Jackson,2,5:55,CHA,shot,,,,,,,,,,Ronald Murray,,,,missed,,jump,7,8
Amare Stoudemire,Channing Frye,Earl Clark,Leandro Barbosa,Steve Nash,Boris Diaw,D.J. Augustin,Derrick Brown,Ronald Murray,Stephen Jackson,2,5:54,PHX,rebound,,,,,,,,,,Amare Stoudemire,,,,,,def,,
Amare Stoudemire,Channing Frye,Earl Clark,Leandro Barbosa,Steve Nash,Boris Diaw,D.J. Augustin,Derrick Brown,Ronald Murray,Stephen Jackson,2,5:46,PHX,shot,,,,,,,,,,Leandro Barbosa,,,,missed,,layup,25,6
Amare Stoudemire,Channing Frye,Earl Clark,Leandro Barbosa,Steve Nash,Boris Diaw,D.J. Augustin,Derrick Brown,Ronald Murray,Stephen Jackson,2,5:46,PHX,rebound,,,,,,,,,,Amare Stoudemire,,,,,,off,,
Amare Stoudemire,Channing Frye,Earl Clark,Leandro Barbosa,Steve Nash,Boris Diaw,D.J. Augustin,Derrick Brown,Ronald Murray,Stephen Jackson,2,5:46,PHX,shot,,,,,,,,,,Amare Stoudemire,2,,,made,,putback dunk,25,6
Amare Stoudemire,Channing Frye,Earl Clark,Leandro Barbosa,Steve Nash,Boris Diaw,D.J. Augustin,Derrick Brown,Ronald Murray,Stephen Jackson,2,5:34,CHA,shot,Ronald Murray,,,,,,,,,D.J. Augustin,2,,,made,,layup,25,6
Amare Stoudemire,Channing Frye,Earl Clark,Leandro Barbosa,Steve Nash,Boris Diaw,D.J. Augustin,Derrick Brown,Ronald Murray,Stephen Jackson,2,5:05,PHX,shot,,,,,,,,,,Steve Nash,2,,,made,,running jump,12,8
Amare Stoudemire,Channing Frye,Earl Clark,Leandro Barbosa,Steve Nash,Boris Diaw,D.J. Augustin,Derrick Brown,Ronald Murray,Stephen Jackson,2,4:52,CHA,shot,,,,,,,,,,D.J. Augustin,,,,missed,,3pt,19,31
Amare Stoudemire,Channing Frye,Earl Clark,Leandro Barbosa,Steve Nash,Boris Diaw,D.J. Augustin,Derrick Brown,Ronald Murray,Stephen Jackson,2,4:52,CHA,rebound,,,,,,,,,,,,,,,,,,
Amare Stoudemire,Channing Frye,Earl Clark,Leandro Barbosa,Steve Nash,Boris Diaw,D.J. Augustin,Derrick Brown,Ronald Murray,Stephen Jackson,2,4:52,PHX,foul,,,,,,,,Derrick Brown,,Channing Frye,,,,,,loose ball,,
Amare Stoudemire,Channing Frye,Earl Clark,Jason Richardson,Steve Nash,Boris Diaw,D.J. Augustin,Derrick Brown,Ronald Murray,Stephen Jackson,2,4:52,PHX,sub,,,,Jason Richardson,,Leandro Barbosa,,,,,,,,,,,,
Amare Stoudemire,Channing Frye,Earl Clark,Jason Richardson,Steve Nash,Boris Diaw,D.J. Augustin,Derrick Brown,Ronald Murray,Stephen Jackson,2,4:52,CHA,free throw,,,,,,,1,,2,Derrick Brown,,,foul,made,,,,
Amare Stoudemire,Channing Frye,Earl Clark,Jason Richardson,Steve Nash,Boris Diaw,D.J. Augustin,Derrick Brown,Ronald Murray,Stephen Jackson,2,4:52,CHA,free throw,,,,,,,2,,2,Derrick Brown,,,foul,made,,,,
Amare Stoudemire,Channing Frye,Earl Clark,Jason Richardson,Steve Nash,Boris Diaw,D.J. Augustin,Derrick Brown,Ronald Murray,Stephen Jackson,2,4:44,PHX,turnover,,,,,,,,,,Steve Nash,,,bad pass,,Stephen Jackson,,,
Amare Stoudemire,Channing Frye,Earl Clark,Jason Richardson,Steve Nash,Boris Diaw,D.J. Augustin,Derrick Brown,Ronald Murray,Stephen Jackson,2,4:41,CHA,shot,Stephen Jackson,,,,,,,,,Derrick Brown,2,,,made,,reverse dunk,25,6
Amare Stoudemire,Channing Frye,Earl Clark,Jason Richardson,Steve Nash,Boris Diaw,D.J. Augustin,Derrick Brown,Ronald Murray,Stephen Jackson,2,4:25,PHX,shot,Amare Stoudemire,,,,,,,,,Earl Clark,2,,,made,,jump,43,8
Amare Stoudemire,Channing Frye,Earl Clark,Jason Richardson,Steve Nash,Boris Diaw,D.J. Augustin,Derrick Brown,Ronald Murray,Stephen Jackson,2,3:57,CHA,shot,,,Amare Stoudemire,,,,,,,Derrick Brown,,,,missed,,layup,25,6
Amare Stoudemire,Channing Frye,Earl Clark,Jason Richardson,Steve Nash,Boris Diaw,D.J. Augustin,Derrick Brown,Ronald Murray,Stephen Jackson,2,3:55,CHA,rebound,,,,,,,,,,,,,,,,,,
Amare Stoudemire,Channing Frye,Earl Clark,Jason Richardson,Steve Nash,Boris Diaw,D.J. Augustin,Derrick Brown,Ronald Murray,Stephen Jackson,2,3:55,CHA,shot,,,,,,,,,,Ronald Murray,,,,missed,,jump,41,9
Amare Stoudemire,Channing Frye,Earl Clark,Jason Richardson,Steve Nash,Boris Diaw,D.J. Augustin,Derrick Brown,Ronald Murray,Stephen Jackson,2,3:53,PHX,rebound,,,,,,,,,,Channing Frye,,,,,,def,,
Amare Stoudemire,Channing Frye,Earl Clark,Jason Richardson,Steve Nash,Boris Diaw,D.J. Augustin,Derrick Brown,Ronald Murray,Stephen Jackson,2,3:46,PHX,shot,,,,,,,,,,Jason Richardson,,,,missed,,jump,39,16
Amare Stoudemire,Channing Frye,Earl Clark,Jason Richardson,Steve Nash,Boris Diaw,D.J. Augustin,Derrick Brown,Ronald Murray,Stephen Jackson,2,3:45,PHX,rebound,,,,,,,,,,Earl Clark,,,,,,off,,
Amare Stoudemire,Channing Frye,Earl Clark,Jason Richardson,Steve Nash,Boris Diaw,D.J. Augustin,Derrick Brown,Ronald Murray,Stephen Jackson,2,3:43,CHA,foul,,,,,,,,Earl Clark,,Ronald Murray,,,,,,shooting,,
Amare Stoudemire,Channing Frye,Earl Clark,Jason Richardson,Steve Nash,Boris Diaw,D.J. Augustin,Derrick Brown,Ronald Murray,Stephen Jackson,2,3:43,PHX,free throw,,,,,,,1,,2,Earl Clark,,,foul,made,,,,
Amare Stoudemire,Channing Frye,Earl Clark,Jason Richardson,Steve Nash,Boris Diaw,D.J. Augustin,Derrick Brown,Ronald Murray,Stephen Jackson,2,3:43,PHX,free throw,,,,,,,2,,2,Earl Clark,,,foul,made,,,,
Amare Stoudemire,Channing Frye,Earl Clark,Jason Richardson,Steve Nash,Boris Diaw,D.J. Augustin,Derrick Brown,Ronald Murray,Stephen Jackson,2,3:39,CHA,timeout,,,,,,,,,,,,,,,,regular,,
Amare Stoudemire,Channing Frye,Earl Clark,Jason Richardson,Steve Nash,Boris Diaw,D.J. Augustin,Derrick Brown,Ronald Murray,Stephen Jackson,2,3:31,CHA,shot,D.J. Augustin,,,,,,,,,Stephen Jackson,2,,,made,,jump,18,23
Amare Stoudemire,Channing Frye,Earl Clark,Jason Richardson,Steve Nash,Boris Diaw,D.J. Augustin,Derrick Brown,Ronald Murray,Stephen Jackson,2,3:12,PHX,shot,Channing Frye,,,,,,,,,Earl Clark,2,,,made,,jump,34,9
Amare Stoudemire,Channing Frye,Earl Clark,Jason Richardson,Steve Nash,Boris Diaw,D.J. Augustin,Derrick Brown,Ronald Murray,Stephen Jackson,2,2:57,PHX,foul,,,,,,,,Derrick Brown,,Jason Richardson,,,,,,shooting,,
Amare Stoudemire,Channing Frye,Earl Clark,Jason Richardson,Steve Nash,Boris Diaw,Derrick Brown,Raymond Felton,Ronald Murray,Stephen Jackson,2,2:57,CHA,sub,,,,Raymond Felton,,D.J. Augustin,,,,,,,,,,,,
Amare Stoudemire,Channing Frye,Earl Clark,Jason Richardson,Steve Nash,Boris Diaw,Derrick Brown,Raymond Felton,Ronald Murray,Stephen Jackson,2,2:57,CHA,free throw,,,,,,,1,,2,Derrick Brown,,,foul,made,,,,
Amare Stoudemire,Channing Frye,Earl Clark,Jason Richardson,Steve Nash,Boris Diaw,Derrick Brown,Raymond Felton,Ronald Murray,Stephen Jackson,2,2:57,CHA,free throw,,,,,,,2,,2,Derrick Brown,,,foul,made,,,,
Amare Stoudemire,Channing Frye,Earl Clark,Jason Richardson,Steve Nash,Boris Diaw,Derrick Brown,Raymond Felton,Ronald Murray,Stephen Jackson,2,2:42,PHX,turnover,,,,,,,,,,Jason Richardson,,,bad pass,,Ronald Murray,,,
Amare Stoudemire,Channing Frye,Earl Clark,Jason Richardson,Steve Nash,Boris Diaw,Derrick Brown,Raymond Felton,Ronald Murray,Stephen Jackson,2,2:38,PHX,foul,,,,,,,,Derrick Brown,,Channing Frye,,,,,,shooting,,
Amare Stoudemire,Channing Frye,Earl Clark,Jason Richardson,Steve Nash,Boris Diaw,Derrick Brown,Raymond Felton,Ronald Murray,Stephen Jackson,2,2:38,CHA,free throw,,,,,,,1,,2,Derrick Brown,,,foul,made,,,,
Amare Stoudemire,Channing Frye,Earl Clark,Jason Richardson,Steve Nash,Boris Diaw,Derrick Brown,Raymond Felton,Ronald Murray,Stephen Jackson,2,2:38,CHA,free throw,,,,,,,2,,2,Derrick Brown,,,foul,made,,,,
Amare Stoudemire,Channing Frye,Earl Clark,Jason Richardson,Steve Nash,Boris Diaw,Derrick Brown,Raymond Felton,Ronald Murray,Stephen Jackson,2,2:29,PHX,shot,Steve Nash,,,,,,,,,Channing Frye,2,,,made,,jump,40,8
Amare Stoudemire,Channing Frye,Earl Clark,Jason Richardson,Steve Nash,Boris Diaw,Derrick Brown,Raymond Felton,Ronald Murray,Stephen Jackson,2,2:11,CHA,shot,,,Earl Clark,,,,,,,Derrick Brown,,,,missed,,layup,25,6
Amare Stoudemire,Channing Frye,Earl Clark,Jason Richardson,Steve Nash,Boris Diaw,Derrick Brown,Raymond Felton,Ronald Murray,Stephen Jackson,2,2:11,CHA,rebound,,,,,,,,,,,,,,,,,,
Amare Stoudemire,Channing Frye,Earl Clark,Jason Richardson,Steve Nash,Boris Diaw,Gerald Wallace,Raymond Felton,Ronald Murray,Stephen Jackson,2,2:11,CHA,sub,,,,Gerald Wallace,,Derrick Brown,,,,,,,,,,,,
Amare Stoudemire,Channing Frye,Earl Clark,Jason Richardson,Steve Nash,Boris Diaw,Gerald Wallace,Raymond Felton,Ronald Murray,Stephen Jackson,2,2:06,CHA,shot,Raymond Felton,,,,,,,,,Gerald Wallace,2,,,made,,jump,38,23
Amare Stoudemire,Channing Frye,Earl Clark,Jason Richardson,Steve Nash,Boris Diaw,Gerald Wallace,Raymond Felton,Ronald Murray,Stephen Jackson,2,1:40,PHX,shot,Channing Frye,,,,,,,,,Jason Richardson,3,,,made,,3pt,1,9
Amare Stoudemire,Channing Frye,Earl Clark,Jason Richardson,Steve Nash,Boris Diaw,Gerald Wallace,Raymond Felton,Ronald Murray,Stephen Jackson,2,1:26,CHA,shot,,,,,,,,,,Raymond Felton,,,,missed,,3pt,32,30
Amare Stoudemire,Channing Frye,Earl Clark,Jason Richardson,Steve Nash,Boris Diaw,Gerald Wallace,Raymond Felton,Ronald Murray,Stephen Jackson,2,1:26,PHX,rebound,,,,,,,,,,Earl Clark,,,,,,def,,
Amare Stoudemire,Channing Frye,Earl Clark,Jason Richardson,Steve Nash,Boris Diaw,Gerald Wallace,Raymond Felton,Ronald Murray,Stephen Jackson,2,1:15,PHX,shot,,,,,,,,,,Jason Richardson,,,,missed,,layup,25,6
Amare Stoudemire,Channing Frye,Earl Clark,Jason Richardson,Steve Nash,Boris Diaw,Gerald Wallace,Raymond Felton,Ronald Murray,Stephen Jackson,2,1:14,CHA,rebound,,,,,,,,,,Gerald Wallace,,,,,,def,,
Amare Stoudemire,Channing Frye,Earl Clark,Jason Richardson,Steve Nash,Boris Diaw,Gerald Wallace,Raymond Felton,Ronald Murray,Stephen Jackson,2,0:52,CHA,shot,,,,,,,,,,Ronald Murray,,,,missed,,turnaround jump,36,14
Amare Stoudemire,Channing Frye,Earl Clark,Jason Richardson,Steve Nash,Boris Diaw,Gerald Wallace,Raymond Felton,Ronald Murray,Stephen Jackson,2,0:48,PHX,rebound,,,,,,,,,,Steve Nash,,,,,,def,,
Amare Stoudemire,Channing Frye,Earl Clark,Jason Richardson,Steve Nash,Boris Diaw,Gerald Wallace,Raymond Felton,Ronald Murray,Stephen Jackson,2,0:42,PHX,shot,,,,,,,,,,Steve Nash,,,,missed,,3pt,7,25
Amare Stoudemire,Channing Frye,Earl Clark,Jason Richardson,Steve Nash,Boris Diaw,Gerald Wallace,Raymond Felton,Ronald Murray,Stephen Jackson,2,0:39,CHA,rebound,,,,,,,,,,Boris Diaw,,,,,,def,,
Amare Stoudemire,Channing Frye,Earl Clark,Jason Richardson,Steve Nash,Boris Diaw,Gerald Wallace,Raymond Felton,Ronald Murray,Stephen Jackson,2,0:36,CHA,shot,,,Channing Frye,,,,,,,Raymond Felton,,,,missed,,layup,25,6
Amare Stoudemire,Channing Frye,Earl Clark,Jason Richardson,Steve Nash,Boris Diaw,Gerald Wallace,Raymond Felton,Ronald Murray,Stephen Jackson,2,0:34,CHA,rebound,,,,,,,,,,Gerald Wallace,,,,,,off,,
Amare Stoudemire,Channing Frye,Earl Clark,Jason Richardson,Steve Nash,Boris Diaw,Gerald Wallace,Raymond Felton,Ronald Murray,Stephen Jackson,2,0:34,CHA,shot,,,,,,,,,,Gerald Wallace,2,,,made,,putback dunk,25,6
Amare Stoudemire,Channing Frye,Earl Clark,Jason Richardson,Steve Nash,Boris Diaw,Gerald Wallace,Raymond Felton,Ronald Murray,Stephen Jackson,2,0:25,PHX,shot,Steve Nash,,,,,,,,,Jason Richardson,3,,,made,,3pt,2,7
Amare Stoudemire,Channing Frye,Earl Clark,Jason Richardson,Steve Nash,Boris Diaw,Gerald Wallace,Raymond Felton,Ronald Murray,Stephen Jackson,2,0:01,CHA,shot,,,,,,,,,,Ronald Murray,,,,missed,,layup,25,6
Amare Stoudemire,Channing Frye,Earl Clark,Jason Richardson,Steve Nash,Boris Diaw,Gerald Wallace,Raymond Felton,Ronald Murray,Stephen Jackson,2,0:00,PHX,rebound,,,,,,,,,,Channing Frye,,,,,,def,,
Amare Stoudemire,Channing Frye,Grant Hill,Jason Richardson,Steve Nash,Boris Diaw,Gerald Wallace,Nazr Mohammed,Raymond Felton,Stephen Jackson,3,11:54,CHA,foul,,,,,,,,Amare Stoudemire,,Boris Diaw,,,,,,shooting,,
Amare Stoudemire,Channing Frye,Grant Hill,Jason Richardson,Steve Nash,Boris Diaw,Gerald Wallace,Nazr Mohammed,Raymond Felton,Stephen Jackson,3,11:54,PHX,free throw,,,,,,,1,,2,Amare Stoudemire,,,foul,made,,,,
Amare Stoudemire,Channing Frye,Grant Hill,Jason Richardson,Steve Nash,Boris Diaw,Gerald Wallace,Nazr Mohammed,Raymond Felton,Stephen Jackson,3,11:54,PHX,free throw,,,,,,,2,,2,Amare Stoudemire,,,foul,made,,,,
Amare Stoudemire,Channing Frye,Grant Hill,Jason Richardson,Steve Nash,Boris Diaw,Gerald Wallace,Nazr Mohammed,Raymond Felton,Stephen Jackson,3,11:44,PHX,foul,,,,,,,,Gerald Wallace,,Grant Hill,,,,,,personal,,
Amare Stoudemire,Channing Frye,Grant Hill,Jason Richardson,Steve Nash,Boris Diaw,Gerald Wallace,Nazr Mohammed,Raymond Felton,Stephen Jackson,3,11:34,CHA,shot,,,Amare Stoudemire,,,,,,,Nazr Mohammed,,,,missed,,dunk,25,6
Amare Stoudemire,Channing Frye,Grant Hill,Jason Richardson,Steve Nash,Boris Diaw,Gerald Wallace,Nazr Mohammed,Raymond Felton,Stephen Jackson,3,11:33,PHX,rebound,,,,,,,,,,Grant Hill,,,,,,def,,
Amare Stoudemire,Channing Frye,Grant Hill,Jason Richardson,Steve Nash,Boris Diaw,Gerald Wallace,Nazr Mohammed,Raymond Felton,Stephen Jackson,3,11:20,CHA,foul,,,,,,,,Amare Stoudemire,,Gerald Wallace,,,,,,shooting,,
Amare Stoudemire,Channing Frye,Grant Hill,Jason Richardson,Steve Nash,Boris Diaw,Gerald Wallace,Nazr Mohammed,Raymond Felton,Stephen Jackson,3,11:20,PHX,free throw,,,,,,,1,,2,Amare Stoudemire,,,foul,made,,,,
Amare Stoudemire,Channing Frye,Grant Hill,Jason Richardson,Steve Nash,Boris Diaw,Gerald Wallace,Nazr Mohammed,Raymond Felton,Stephen Jackson,3,11:20,PHX,free throw,,,,,,,2,,2,Amare Stoudemire,,,foul,made,,,,
Amare Stoudemire,Channing Frye,Grant Hill,Jason Richardson,Steve Nash,Boris Diaw,Gerald Wallace,Nazr Mohammed,Raymond Felton,Stephen Jackson,3,11:08,CHA,shot,Stephen Jackson,,,,,,,,,Boris Diaw,2,,,made,,layup,25,6
Amare Stoudemire,Channing Frye,Grant Hill,Jason Richardson,Steve Nash,Boris Diaw,Gerald Wallace,Nazr Mohammed,Raymond Felton,Stephen Jackson,3,10:54,PHX,shot,,,,,,,,,,Channing Frye,,,,missed,,3pt,17,30
Amare Stoudemire,Channing Frye,Grant Hill,Jason Richardson,Steve Nash,Boris Diaw,Gerald Wallace,Nazr Mohammed,Raymond Felton,Stephen Jackson,3,10:52,CHA,rebound,,,,,,,,,,Nazr Mohammed,,,,,,def,,
Amare Stoudemire,Channing Frye,Grant Hill,Jason Richardson,Steve Nash,Boris Diaw,Gerald Wallace,Nazr Mohammed,Raymond Felton,Stephen Jackson,3,10:36,CHA,shot,,,,,,,,,,Stephen Jackson,,,,missed,,jump,13,22
Amare Stoudemire,Channing Frye,Grant Hill,Jason Richardson,Steve Nash,Boris Diaw,Gerald Wallace,Nazr Mohammed,Raymond Felton,Stephen Jackson,3,10:35,PHX,rebound,,,,,,,,,,Steve Nash,,,,,,def,,
Amare Stoudemire,Channing Frye,Grant Hill,Jason Richardson,Steve Nash,Boris Diaw,Gerald Wallace,Nazr Mohammed,Raymond Felton,Stephen Jackson,3,10:29,PHX,shot,,,,,,,,,,Steve Nash,,,,missed,,3pt,34,30
Amare Stoudemire,Channing Frye,Grant Hill,Jason Richardson,Steve Nash,Boris Diaw,Gerald Wallace,Nazr Mohammed,Raymond Felton,Stephen Jackson,3,10:28,CHA,rebound,,,,,,,,,,Gerald Wallace,,,,,,def,,
Amare Stoudemire,Channing Frye,Grant Hill,Jason Richardson,Steve Nash,Boris Diaw,Gerald Wallace,Nazr Mohammed,Raymond Felton,Stephen Jackson,3,10:09,CHA,shot,,,,,,,,,,Boris Diaw,,,,missed,,layup,25,6
Amare Stoudemire,Channing Frye,Grant Hill,Jason Richardson,Steve Nash,Boris Diaw,Gerald Wallace,Nazr Mohammed,Raymond Felton,Stephen Jackson,3,10:09,PHX,rebound,,,,,,,,,,Grant Hill,,,,,,def,,
Amare Stoudemire,Channing Frye,Grant Hill,Jason Richardson,Steve Nash,Boris Diaw,Gerald Wallace,Nazr Mohammed,Raymond Felton,Stephen Jackson,3,10:06,PHX,turnover,,,,,,,,,,Grant Hill,,,lost ball,,Stephen Jackson,,,
Amare Stoudemire,Channing Frye,Grant Hill,Jason Richardson,Steve Nash,Boris Diaw,Gerald Wallace,Nazr Mohammed,Raymond Felton,Stephen Jackson,3,10:02,CHA,shot,,,,,,,,,,Stephen Jackson,3,,,made,,3pt,10,27
Amare Stoudemire,Channing Frye,Grant Hill,Jason Richardson,Steve Nash,Boris Diaw,Gerald Wallace,Nazr Mohammed,Raymond Felton,Stephen Jackson,3,9:55,PHX,shot,,,,,,,,,,Grant Hill,,,,missed,,jump,17,21
Amare Stoudemire,Channing Frye,Grant Hill,Jason Richardson,Steve Nash,Boris Diaw,Gerald Wallace,Nazr Mohammed,Raymond Felton,Stephen Jackson,3,9:54,CHA,rebound,,,,,,,,,,Raymond Felton,,,,,,def,,
Amare Stoudemire,Channing Frye,Grant Hill,Jason Richardson,Steve Nash,Boris Diaw,Gerald Wallace,Nazr Mohammed,Raymond Felton,Stephen Jackson,3,9:43,CHA,shot,,,,,,,,,,Boris Diaw,,,,missed,,jump,31,25
Amare Stoudemire,Channing Frye,Grant Hill,Jason Richardson,Steve Nash,Boris Diaw,Gerald Wallace,Nazr Mohammed,Raymond Felton,Stephen Jackson,3,9:42,CHA,rebound,,,,,,,,,,Nazr Mohammed,,,,,,off,,
Amare Stoudemire,Channing Frye,Grant Hill,Jason Richardson,Steve Nash,Boris Diaw,Gerald Wallace,Nazr Mohammed,Raymond Felton,Stephen Jackson,3,9:32,PHX,foul,,,,,,,,Stephen Jackson,,Channing Frye,,,,,,shooting,,
Amare Stoudemire,Channing Frye,Grant Hill,Jason Richardson,Steve Nash,Boris Diaw,Gerald Wallace,Nazr Mohammed,Raymond Felton,Stephen Jackson,3,9:32,CHA,free throw,,,,,,,1,,2,Stephen Jackson,,,foul,made,,,,
Amare Stoudemire,Channing Frye,Grant Hill,Jason Richardson,Steve Nash,Boris Diaw,Gerald Wallace,Nazr Mohammed,Raymond Felton,Stephen Jackson,3,9:32,CHA,free throw,,,,,,,2,,2,Stephen Jackson,,,foul,made,,,,
Amare Stoudemire,Channing Frye,Grant Hill,Jason Richardson,Steve Nash,Boris Diaw,Gerald Wallace,Nazr Mohammed,Raymond Felton,Stephen Jackson,3,9:23,CHA,foul,,,,,,,,Grant Hill,,Gerald Wallace,,,,,,shooting,,
Amare Stoudemire,Channing Frye,Grant Hill,Jason Richardson,Steve Nash,Boris Diaw,Gerald Wallace,Nazr Mohammed,Raymond Felton,Stephen Jackson,3,9:23,PHX,free throw,,,,,,,1,,2,Grant Hill,,,foul,missed,,,,
Amare Stoudemire,Channing Frye,Grant Hill,Jason Richardson,Steve Nash,Boris Diaw,Gerald Wallace,Nazr Mohammed,Raymond Felton,Stephen Jackson,3,9:23,PHX,rebound,,,,,,,,,,,,,,,,,,
Amare Stoudemire,Channing Frye,Grant Hill,Jason Richardson,Steve Nash,Boris Diaw,Gerald Wallace,Nazr Mohammed,Raymond Felton,Stephen Jackson,3,9:23,PHX,free throw,,,,,,,2,,2,Grant Hill,,,foul,made,,,,
Amare Stoudemire,Channing Frye,Grant Hill,Jason Richardson,Steve Nash,Boris Diaw,Gerald Wallace,Nazr Mohammed,Raymond Felton,Stephen Jackson,3,9:11,PHX,foul,,,,,,,,Nazr Mohammed,,Amare Stoudemire,,,,,,personal,,
Amare Stoudemire,Channing Frye,Grant Hill,Jason Richardson,Steve Nash,Boris Diaw,Gerald Wallace,Nazr Mohammed,Raymond Felton,Stephen Jackson,3,8:56,CHA,turnover,,,,,,,,,,,,,shot clock turnover,,,,,
Amare Stoudemire,Channing Frye,Grant Hill,Jason Richardson,Steve Nash,Boris Diaw,Gerald Wallace,Nazr Mohammed,Raymond Felton,Stephen Jackson,3,8:41,PHX,shot,,,,,,,,,,Grant Hill,,,,missed,,jump,16,22
Amare Stoudemire,Channing Frye,Grant Hill,Jason Richardson,Steve Nash,Boris Diaw,Gerald Wallace,Nazr Mohammed,Raymond Felton,Stephen Jackson,3,8:40,CHA,rebound,,,,,,,,,,Stephen Jackson,,,,,,def,,
Amare Stoudemire,Channing Frye,Grant Hill,Jason Richardson,Steve Nash,Boris Diaw,Gerald Wallace,Nazr Mohammed,Raymond Felton,Stephen Jackson,3,8:30,CHA,shot,Stephen Jackson,,,,,,,,,Nazr Mohammed,2,,,made,,layup,25,6
Amare Stoudemire,Channing Frye,Grant Hill,Jason Richardson,Steve Nash,Boris Diaw,Gerald Wallace,Nazr Mohammed,Raymond Felton,Stephen Jackson,3,8:19,PHX,shot,,,,,,,,,,Steve Nash,,,,missed,,jump,14,21
Amare Stoudemire,Channing Frye,Grant Hill,Jason Richardson,Steve Nash,Boris Diaw,Gerald Wallace,Nazr Mohammed,Raymond Felton,Stephen Jackson,3,8:19,CHA,rebound,,,,,,,,,,Gerald Wallace,,,,,,def,,
Amare Stoudemire,Channing Frye,Grant Hill,Jason Richardson,Steve Nash,Boris Diaw,Gerald Wallace,Nazr Mohammed,Raymond Felton,Stephen Jackson,3,8:12,CHA,shot,,,,,,,,,,Raymond Felton,2,,,made,,driving layup,25,6
Amare Stoudemire,Channing Frye,Grant Hill,Jason Richardson,Steve Nash,Boris Diaw,Gerald Wallace,Nazr Mohammed,Raymond Felton,Stephen Jackson,3,8:08,PHX,timeout,,,,,,,,,,,,,,,,regular,,
Amare Stoudemire,Grant Hill,Jason Richardson,Robin Lopez,Steve Nash,Boris Diaw,Gerald Wallace,Nazr Mohammed,Raymond Felton,Stephen Jackson,3,8:08,PHX,sub,,,,Robin Lopez,,Channing Frye,,,,,,,,,,,,
Amare Stoudemire,Grant Hill,Jason Richardson,Robin Lopez,Steve Nash,Boris Diaw,Gerald Wallace,Nazr Mohammed,Raymond Felton,Stephen Jackson,3,7:45,PHX,shot,,,,,,,,,,Amare Stoudemire,2,,,made,,jump,20,13
Amare Stoudemire,Grant Hill,Jason Richardson,Robin Lopez,Steve Nash,Boris Diaw,Gerald Wallace,Nazr Mohammed,Raymond Felton,Stephen Jackson,3,7:20,CHA,shot,Stephen Jackson,,,,,,,,,Raymond Felton,3,,,made,,3pt,9,27
Amare Stoudemire,Grant Hill,Jason Richardson,Robin Lopez,Steve Nash,Boris Diaw,Gerald Wallace,Nazr Mohammed,Raymond Felton,Stephen Jackson,3,7:05,PHX,shot,Grant Hill,,,,,,,,,Robin Lopez,2,,,made,,layup,25,6
Amare Stoudemire,Grant Hill,Jason Richardson,Robin Lopez,Steve Nash,Boris Diaw,Gerald Wallace,Nazr Mohammed,Raymond Felton,Stephen Jackson,3,6:53,CHA,shot,,,,,,,,,,Boris Diaw,,,,missed,,layup,25,6
Amare Stoudemire,Grant Hill,Jason Richardson,Robin Lopez,Steve Nash,Boris Diaw,Gerald Wallace,Nazr Mohammed,Raymond Felton,Stephen Jackson,3,6:51,CHA,rebound,,,,,,,,,,Boris Diaw,,,,,,off,,
Amare Stoudemire,Grant Hill,Jason Richardson,Robin Lopez,Steve Nash,Boris Diaw,Gerald Wallace,Nazr Mohammed,Raymond Felton,Stephen Jackson,3,6:45,CHA,shot,,,,,,,,,,Stephen Jackson,2,,,made,,driving layup,25,6
Amare Stoudemire,Grant Hill,Jason Richardson,Robin Lopez,Steve Nash,Boris Diaw,Gerald Wallace,Nazr Mohammed,Raymond Felton,Stephen Jackson,3,6:45,PHX,foul,,,,,,,,Stephen Jackson,,Robin Lopez,,,,,,shooting,,
Amare Stoudemire,Grant Hill,Jason Richardson,Robin Lopez,Steve Nash,Boris Diaw,Gerald Wallace,Nazr Mohammed,Raymond Felton,Stephen Jackson,3,6:45,CHA,free throw,,,,,,,1,,1,Stephen Jackson,,,foul,made,,,,
Amare Stoudemire,Grant Hill,Jason Richardson,Robin Lopez,Steve Nash,Boris Diaw,Gerald Wallace,Nazr Mohammed,Raymond Felton,Stephen Jackson,3,6:35,PHX,shot,Grant Hill,,,,,,,,,Robin Lopez,2,,,made,,alley oop dunk,25,6
Amare Stoudemire,Grant Hill,Jason Richardson,Robin Lopez,Steve Nash,Boris Diaw,Gerald Wallace,Nazr Mohammed,Raymond Felton,Stephen Jackson,3,6:14,CHA,shot,Stephen Jackson,,,,,,,,,Nazr Mohammed,2,,,made,,layup,25,6
Amare Stoudemire,Grant Hill,Jason Richardson,Robin Lopez,Steve Nash,Boris Diaw,Gerald Wallace,Nazr Mohammed,Raymond Felton,Stephen Jackson,3,6:14,PHX,foul,,,,,,,,Nazr Mohammed,,Jason Richardson,,,,,,shooting,,
Amare Stoudemire,Jason Richardson,Leandro Barbosa,Robin Lopez,Steve Nash,Boris Diaw,Gerald Wallace,Nazr Mohammed,Raymond Felton,Stephen Jackson,3,6:14,PHX,sub,,,,Leandro Barbosa,,Grant Hill,,,,,,,,,,,,
Amare Stoudemire,Jared Dudley,Leandro Barbosa,Robin Lopez,Steve Nash,Boris Diaw,Gerald Wallace,Nazr Mohammed,Raymond Felton,Stephen Jackson,3,6:14,PHX,sub,,,,Jared Dudley,,Jason Richardson,,,,,,,,,,,,
Amare Stoudemire,Jared Dudley,Leandro Barbosa,Robin Lopez,Steve Nash,Boris Diaw,Gerald Wallace,Nazr Mohammed,Raymond Felton,Stephen Jackson,3,6:14,CHA,free throw,,,,,,,1,,1,Nazr Mohammed,,,foul,made,,,,
Amare Stoudemire,Jared Dudley,Leandro Barbosa,Robin Lopez,Steve Nash,Boris Diaw,Gerald Wallace,Nazr Mohammed,Raymond Felton,Stephen Jackson,3,6:07,PHX,shot,Steve Nash,,,,,,,,,Leandro Barbosa,2,,,made,,reverse layup,25,6
Amare Stoudemire,Jared Dudley,Leandro Barbosa,Robin Lopez,Steve Nash,Boris Diaw,Gerald Wallace,Nazr Mohammed,Raymond Felton,Stephen Jackson,3,5:50,PHX,foul,,,,,,,,Boris Diaw,,Amare Stoudemire,,,,,,personal,,
Amare Stoudemire,Jared Dudley,Leandro Barbosa,Robin Lopez,Steve Nash,Boris Diaw,Gerald Wallace,Nazr Mohammed,Raymond Felton,Stephen Jackson,3,5:50,CHA,free throw,,,,,,,1,,2,Boris Diaw,,,foul,made,,,,
Amare Stoudemire,Jared Dudley,Leandro Barbosa,Robin Lopez,Steve Nash,Boris Diaw,Gerald Wallace,Nazr Mohammed,Raymond Felton,Stephen Jackson,3,5:50,CHA,free throw,,,,,,,2,,2,Boris Diaw,,,foul,made,,,,
Amare Stoudemire,Jared Dudley,Leandro Barbosa,Robin Lopez,Steve Nash,Boris Diaw,Gerald Wallace,Nazr Mohammed,Raymond Felton,Stephen Jackson,3,5:34,PHX,shot,,,,,,,,,,Steve Nash,,,,missed,,3pt,48,7
Amare Stoudemire,Jared Dudley,Leandro Barbosa,Robin Lopez,Steve Nash,Boris Diaw,Gerald Wallace,Nazr Mohammed,Raymond Felton,Stephen Jackson,3,5:33,CHA,rebound,,,,,,,,,,Raymond Felton,,,,,,def,,
Amare Stoudemire,Jared Dudley,Leandro Barbosa,Robin Lopez,Steve Nash,Boris Diaw,Gerald Wallace,Nazr Mohammed,Raymond Felton,Stephen Jackson,3,5:29,CHA,shot,Raymond Felton,,,,,,,,,Stephen Jackson,2,,,made,,layup,25,6
Amare Stoudemire,Jared Dudley,Leandro Barbosa,Robin Lopez,Steve Nash,Boris Diaw,Gerald Wallace,Nazr Mohammed,Raymond Felton,Stephen Jackson,3,5:20,PHX,shot,Leandro Barbosa,,,,,,,,,Steve Nash,3,,,made,,3pt,34,29
Amare Stoudemire,Jared Dudley,Leandro Barbosa,Robin Lopez,Steve Nash,Boris Diaw,Gerald Wallace,Nazr Mohammed,Raymond Felton,Stephen Jackson,3,4:57,CHA,shot,,,,,,,,,,Nazr Mohammed,,,,missed,,layup,25,6
Amare Stoudemire,Jared Dudley,Leandro Barbosa,Robin Lopez,Steve Nash,Boris Diaw,Gerald Wallace,Nazr Mohammed,Raymond Felton,Stephen Jackson,3,4:56,PHX,rebound,,,,,,,,,,Amare Stoudemire,,,,,,def,,
Amare Stoudemire,Jared Dudley,Leandro Barbosa,Robin Lopez,Steve Nash,Boris Diaw,Gerald Wallace,Nazr Mohammed,Raymond Felton,Stephen Jackson,3,4:46,PHX,turnover,,,,,,,,,,Steve Nash,,,bad pass,,Stephen Jackson,,,
Amare Stoudemire,Jared Dudley,Leandro Barbosa,Robin Lopez,Steve Nash,Boris Diaw,Gerald Wallace,Nazr Mohammed,Raymond Felton,Stephen Jackson,3,4:35,CHA,shot,,,,,,,,,,Nazr Mohammed,,,,missed,,reverse layup,25,6
Amare Stoudemire,Jared Dudley,Leandro Barbosa,Robin Lopez,Steve Nash,Boris Diaw,Gerald Wallace,Nazr Mohammed,Raymond Felton,Stephen Jackson,3,4:34,PHX,rebound,,,,,,,,,,Steve Nash,,,,,,def,,
Amare Stoudemire,Jared Dudley,Leandro Barbosa,Robin Lopez,Steve Nash,Boris Diaw,Gerald Wallace,Nazr Mohammed,Raymond Felton,Stephen Jackson,3,4:28,CHA,foul,,,,,,,,Robin Lopez,,Raymond Felton,,,,,,shooting,,
Amare Stoudemire,Goran Dragic,Jared Dudley,Leandro Barbosa,Robin Lopez,Boris Diaw,Gerald Wallace,Nazr Mohammed,Raymond Felton,Stephen Jackson,3,4:28,PHX,sub,,,,Goran Dragic,,Steve Nash,,,,,,,,,,,,
Amare Stoudemire,Goran Dragic,Jared Dudley,Leandro Barbosa,Robin Lopez,Boris Diaw,Gerald Wallace,Nazr Mohammed,Raymond Felton,Stephen Jackson,3,4:28,PHX,free throw,,,,,,,1,,2,Robin Lopez,,,foul,missed,,,,
Amare Stoudemire,Goran Dragic,Jared Dudley,Leandro Barbosa,Robin Lopez,Boris Diaw,Gerald Wallace,Nazr Mohammed,Raymond Felton,Stephen Jackson,3,4:28,PHX,rebound,,,,,,,,,,,,,,,,,,
Amare Stoudemire,Goran Dragic,Jared Dudley,Leandro Barbosa,Robin Lopez,Boris Diaw,Gerald Wallace,Nazr Mohammed,Raymond Felton,Stephen Jackson,3,4:28,PHX,free throw,,,,,,,2,,2,Robin Lopez,,,foul,made,,,,
Amare Stoudemire,Goran Dragic,Jared Dudley,Leandro Barbosa,Robin Lopez,Boris Diaw,Gerald Wallace,Nazr Mohammed,Raymond Felton,Stephen Jackson,3,4:09,CHA,shot,,,,,,,,,,Gerald Wallace,2,,,made,,driving finger roll layup,25,6
Amare Stoudemire,Goran Dragic,Jared Dudley,Leandro Barbosa,Robin Lopez,Boris Diaw,Gerald Wallace,Nazr Mohammed,Raymond Felton,Stephen Jackson,3,3:56,PHX,turnover,,,,,,,,,,Leandro Barbosa,,,out of bounds lost ball turnover,,,,,
Goran Dragic,Jared Dudley,Leandro Barbosa,Louis Amundson,Robin Lopez,Boris Diaw,Gerald Wallace,Nazr Mohammed,Raymond Felton,Stephen Jackson,3,3:56,PHX,sub,,,,Louis Amundson,,Amare Stoudemire,,,,,,,,,,,,
Goran Dragic,Jared Dudley,Leandro Barbosa,Louis Amundson,Robin Lopez,Boris Diaw,Gerald Wallace,Nazr Mohammed,Raymond Felton,Stephen Jackson,3,3:49,CHA,shot,Raymond Felton,,,,,,,,,Stephen Jackson,3,,,made,,3pt,1,7
Goran Dragic,Jared Dudley,Leandro Barbosa,Louis Amundson,Robin Lopez,Boris Diaw,Gerald Wallace,Nazr Mohammed,Raymond Felton,Stephen Jackson,3,3:35,PHX,shot,,,,,,,,,,Jared Dudley,,,,missed,,3pt,1,8
Goran Dragic,Jared Dudley,Leandro Barbosa,Louis Amundson,Robin Lopez,Boris Diaw,Gerald Wallace,Nazr Mohammed,Raymond Felton,Stephen Jackson,3,3:34,PHX,rebound,,,,,,,,,,,,,,,,,,
Goran Dragic,Jared Dudley,Leandro Barbosa,Louis Amundson,Robin Lopez,Boris Diaw,Derrick Brown,Gerald Wallace,Raymond Felton,Stephen Jackson,3,3:20,CHA,sub,,,,Derrick Brown,,Nazr Mohammed,,,,,,,,,,,,
Goran Dragic,Jared Dudley,Leandro Barbosa,Louis Amundson,Robin Lopez,Boris Diaw,D.J. Augustin,Derrick Brown,Gerald Wallace,Stephen Jackson,3,3:20,CHA,sub,,,,D.J. Augustin,,Raymond Felton,,,,,,,,,,,,
Goran Dragic,Jared Dudley,Leandro Barbosa,Louis Amundson,Robin Lopez,Boris Diaw,D.J. Augustin,Derrick Brown,Gerald Henderson,Gerald Wallace,3,3:20,CHA,sub,,,,Gerald Henderson,,Stephen Jackson,,,,,,,,,,,,
Goran Dragic,Jared Dudley,Leandro Barbosa,Louis Amundson,Robin Lopez,Boris Diaw,D.J. Augustin,Derrick Brown,Gerald Henderson,Gerald Wallace,3,3:03,PHX,shot,,,,,,,,,,Robin Lopez,,,,missed,,layup,25,6
Goran Dragic,Jared Dudley,Leandro Barbosa,Louis Amundson,Robin Lopez,Boris Diaw,D.J. Augustin,Derrick Brown,Gerald Henderson,Gerald Wallace,3,3:02,PHX,rebound,,,,,,,,,,Louis Amundson,,,,,,off,,
Goran Dragic,Jared Dudley,Leandro Barbosa,Louis Amundson,Robin Lopez,Boris Diaw,D.J. Augustin,Derrick Brown,Gerald Henderson,Gerald Wallace,3,3:02,PHX,shot,,,,,,,,,,Louis Amundson,2,,,made,,tip,25,6
Goran Dragic,Jared Dudley,Leandro Barbosa,Louis Amundson,Robin Lopez,Boris Diaw,D.J. Augustin,Derrick Brown,Gerald Henderson,Gerald Wallace,3,2:53,CHA,turnover,,,,,,,,,,Derrick Brown,,,traveling,,,,,
Goran Dragic,Jared Dudley,Leandro Barbosa,Louis Amundson,Robin Lopez,Boris Diaw,D.J. Augustin,Derrick Brown,Gerald Henderson,Gerald Wallace,3,2:53,CHA,timeout,,,,,,,,,,,,,,,,regular,,
Goran Dragic,Jared Dudley,Leandro Barbosa,Louis Amundson,Robin Lopez,Boris Diaw,D.J. Augustin,Derrick Brown,Gerald Henderson,Gerald Wallace,3,2:36,PHX,shot,,,,,,,,,,Leandro Barbosa,,,,missed,,jump,34,25
Goran Dragic,Jared Dudley,Leandro Barbosa,Louis Amundson,Robin Lopez,Boris Diaw,D.J. Augustin,Derrick Brown,Gerald Henderson,Gerald Wallace,3,2:34,PHX,rebound,,,,,,,,,,,,,,,,,,
Goran Dragic,Jared Dudley,Leandro Barbosa,Louis Amundson,Robin Lopez,Boris Diaw,D.J. Augustin,Derrick Brown,Gerald Henderson,Gerald Wallace,3,2:34,CHA,foul,,,,,,,,Louis Amundson,,Derrick Brown,,,,,,loose ball,,
Goran Dragic,Jared Dudley,Leandro Barbosa,Louis Amundson,Robin Lopez,Boris Diaw,D.J. Augustin,Derrick Brown,Gerald Henderson,Gerald Wallace,3,2:34,PHX,free throw,,,,,,,1,,2,Louis Amundson,,,foul,missed,,,,
Goran Dragic,Jared Dudley,Leandro Barbosa,Louis Amundson,Robin Lopez,Boris Diaw,D.J. Augustin,Derrick Brown,Gerald Henderson,Gerald Wallace,3,2:34,PHX,rebound,,,,,,,,,,,,,,,,,,
Goran Dragic,Jared Dudley,Leandro Barbosa,Louis Amundson,Robin Lopez,Boris Diaw,D.J. Augustin,Derrick Brown,Gerald Henderson,Gerald Wallace,3,2:34,PHX,free throw,,,,,,,2,,2,Louis Amundson,,,foul,made,,,,
Goran Dragic,Jared Dudley,Leandro Barbosa,Louis Amundson,Robin Lopez,Boris Diaw,D.J. Augustin,Derrick Brown,Gerald Henderson,Gerald Wallace,3,2:20,PHX,foul,,,,,,,,Gerald Henderson,,Leandro Barbosa,,,,,,personal,,
Goran Dragic,Jared Dudley,Leandro Barbosa,Louis Amundson,Robin Lopez,Boris Diaw,D.J. Augustin,Derrick Brown,Gerald Henderson,Gerald Wallace,3,2:20,CHA,free throw,,,,,,,1,,2,Gerald Henderson,,,foul,made,,,,
Goran Dragic,Jared Dudley,Leandro Barbosa,Louis Amundson,Robin Lopez,Boris Diaw,D.J. Augustin,Derrick Brown,Gerald Henderson,Gerald Wallace,3,2:20,CHA,free throw,,,,,,,2,,2,Gerald Henderson,,,foul,missed,,,,
Goran Dragic,Jared Dudley,Leandro Barbosa,Louis Amundson,Robin Lopez,Boris Diaw,D.J. Augustin,Derrick Brown,Gerald Henderson,Gerald Wallace,3,2:20,PHX,rebound,,,,,,,,,,Louis Amundson,,,,,,def,,
Goran Dragic,Jared Dudley,Leandro Barbosa,Louis Amundson,Robin Lopez,Boris Diaw,D.J. Augustin,Derrick Brown,Gerald Henderson,Gerald Wallace,3,2:03,CHA,foul,,,,,,,,Goran Dragic,,D.J. Augustin,,,,,,shooting,,
Goran Dragic,Jared Dudley,Leandro Barbosa,Louis Amundson,Robin Lopez,Boris Diaw,D.J. Augustin,Derrick Brown,Gerald Henderson,Gerald Wallace,3,2:03,PHX,free throw,,,,,,,1,,3,Goran Dragic,,,foul,made,,,,
Goran Dragic,Jared Dudley,Leandro Barbosa,Louis Amundson,Robin Lopez,Boris Diaw,D.J. Augustin,Derrick Brown,Gerald Henderson,Gerald Wallace,3,2:03,PHX,free throw,,,,,,,2,,3,Goran Dragic,,,foul,made,,,,
Goran Dragic,Jared Dudley,Leandro Barbosa,Louis Amundson,Robin Lopez,Boris Diaw,D.J. Augustin,Derrick Brown,Gerald Henderson,Gerald Wallace,3,2:03,PHX,free throw,,,,,,,3,,3,Goran Dragic,,,foul,made,,,,
Goran Dragic,Jared Dudley,Leandro Barbosa,Louis Amundson,Robin Lopez,Boris Diaw,D.J. Augustin,Derrick Brown,Gerald Henderson,Gerald Wallace,3,1:47,CHA,foul,,,,,,,,Leandro Barbosa,,Gerald Henderson,,,,,,offensive,,
Goran Dragic,Jared Dudley,Leandro Barbosa,Louis Amundson,Robin Lopez,Boris Diaw,D.J. Augustin,Derrick Brown,Gerald Henderson,Gerald Wallace,3,1:47,CHA,turnover,,,,,,,,,,Gerald Henderson,,,foul,,,,,
Goran Dragic,Jared Dudley,Leandro Barbosa,Louis Amundson,Robin Lopez,Boris Diaw,D.J. Augustin,Derrick Brown,Gerald Henderson,Gerald Wallace,3,1:47,PHX,shot,Goran Dragic,,,,,,,,,Leandro Barbosa,3,,,made,,3pt,11,28
Goran Dragic,Jared Dudley,Leandro Barbosa,Louis Amundson,Robin Lopez,Boris Diaw,D.J. Augustin,Derrick Brown,Gerald Henderson,Gerald Wallace,3,1:06,PHX,foul,,,,,,,,Gerald Wallace,,Jared Dudley,,,,,,shooting,,
Goran Dragic,Jared Dudley,Leandro Barbosa,Louis Amundson,Robin Lopez,Boris Diaw,D.J. Augustin,Derrick Brown,Gerald Henderson,Gerald Wallace,3,1:06,CHA,free throw,,,,,,,1,,2,Gerald Wallace,,,foul,missed,,,,
Goran Dragic,Jared Dudley,Leandro Barbosa,Louis Amundson,Robin Lopez,Boris Diaw,D.J. Augustin,Derrick Brown,Gerald Henderson,Gerald Wallace,3,1:06,CHA,rebound,,,,,,,,,,,,,,,,,,
Goran Dragic,Jared Dudley,Leandro Barbosa,Louis Amundson,Robin Lopez,Boris Diaw,D.J. Augustin,Derrick Brown,Gerald Henderson,Gerald Wallace,3,1:06,CHA,free throw,,,,,,,2,,2,Gerald Wallace,,,foul,made,,,,
Goran Dragic,Jared Dudley,Leandro Barbosa,Louis Amundson,Robin Lopez,Boris Diaw,D.J. Augustin,Derrick Brown,Gerald Henderson,Gerald Wallace,3,0:57,PHX,shot,,,,,,,,,,Robin Lopez,,,,missed,,layup,25,6
Goran Dragic,Jared Dudley,Leandro Barbosa,Louis Amundson,Robin Lopez,Boris Diaw,D.J. Augustin,Derrick Brown,Gerald Henderson,Gerald Wallace,3,0:56,PHX,rebound,,,,,,,,,,Goran Dragic,,,,,,off,,
Goran Dragic,Jared Dudley,Leandro Barbosa,Louis Amundson,Robin Lopez,Boris Diaw,D.J. Augustin,Derrick Brown,Gerald Henderson,Gerald Wallace,3,0:50,PHX,shot,,,,,,,,,,Goran Dragic,2,,,made,,driving layup,25,6
Goran Dragic,Jared Dudley,Leandro Barbosa,Louis Amundson,Robin Lopez,Boris Diaw,D.J. Augustin,Derrick Brown,Gerald Henderson,Gerald Wallace,3,0:50,CHA,foul,,,,,,,,Goran Dragic,,Boris Diaw,,,,,,shooting,,
Goran Dragic,Jared Dudley,Leandro Barbosa,Louis Amundson,Robin Lopez,Boris Diaw,D.J. Augustin,Derrick Brown,Gerald Henderson,Gerald Wallace,3,0:50,PHX,free throw,,,,,,,1,,1,Goran Dragic,,,foul,made,,,,
Goran Dragic,Jared Dudley,Leandro Barbosa,Louis Amundson,Robin Lopez,Boris Diaw,D.J. Augustin,Derrick Brown,Gerald Henderson,Gerald Wallace,3,0:37,CHA,shot,,,Leandro Barbosa,,,,,,,Derrick Brown,,,,missed,,layup,25,6
Goran Dragic,Jared Dudley,Leandro Barbosa,Louis Amundson,Robin Lopez,Boris Diaw,D.J. Augustin,Derrick Brown,Gerald Henderson,Gerald Wallace,3,0:35,PHX,rebound,,,,,,,,,,Goran Dragic,,,,,,def,,
Goran Dragic,Jared Dudley,Leandro Barbosa,Louis Amundson,Robin Lopez,Boris Diaw,D.J. Augustin,Derrick Brown,Gerald Henderson,Gerald Wallace,3,0:29,PHX,shot,,,Gerald Wallace,,,,,,,Goran Dragic,,,,missed,,layup,25,6
Goran Dragic,Jared Dudley,Leandro Barbosa,Louis Amundson,Robin Lopez,Boris Diaw,D.J. Augustin,Derrick Brown,Gerald Henderson,Gerald Wallace,3,0:28,PHX,rebound,,,,,,,,,,,,,,,,,,
Goran Dragic,Jared Dudley,Leandro Barbosa,Louis Amundson,Robin Lopez,Boris Diaw,D.J. Augustin,Derrick Brown,Gerald Henderson,Gerald Wallace,3,0:14,CHA,foul,,,,,,,,Robin Lopez,,Gerald Henderson,,,,,,shooting,,
Goran Dragic,Jared Dudley,Leandro Barbosa,Louis Amundson,Robin Lopez,Boris Diaw,D.J. Augustin,Derrick Brown,Gerald Henderson,Gerald Wallace,3,0:14,PHX,free throw,,,,,,,1,,2,Robin Lopez,,,foul,missed,,,,
Goran Dragic,Jared Dudley,Leandro Barbosa,Louis Amundson,Robin Lopez,Boris Diaw,D.J. Augustin,Derrick Brown,Gerald Henderson,Gerald Wallace,3,0:14,PHX,rebound,,,,,,,,,,,,,,,,,,
Goran Dragic,Jared Dudley,Leandro Barbosa,Louis Amundson,Robin Lopez,Boris Diaw,D.J. Augustin,Derrick Brown,Gerald Henderson,Gerald Wallace,3,0:14,PHX,free throw,,,,,,,2,,2,Robin Lopez,,,foul,made,,,,
Goran Dragic,Jared Dudley,Leandro Barbosa,Louis Amundson,Robin Lopez,Boris Diaw,D.J. Augustin,Derrick Brown,Gerald Henderson,Gerald Wallace,3,0:04,CHA,shot,,,Robin Lopez,,,,,,,D.J. Augustin,,,,missed,,layup,25,6
Goran Dragic,Jared Dudley,Leandro Barbosa,Louis Amundson,Robin Lopez,Boris Diaw,D.J. Augustin,Derrick Brown,Gerald Henderson,Gerald Wallace,3,0:02,PHX,rebound,,,,,,,,,,Robin Lopez,,,,,,def,,
Goran Dragic,Jared Dudley,Leandro Barbosa,Louis Amundson,Robin Lopez,Boris Diaw,D.J. Augustin,Derrick Brown,Gerald Henderson,Gerald Wallace,3,0:00,PHX,shot,,,,,,,,,,Goran Dragic,,,,missed,,3pt,37,39
Goran Dragic,Jared Dudley,Leandro Barbosa,Louis Amundson,Robin Lopez,Boris Diaw,D.J. Augustin,Derrick Brown,Gerald Henderson,Gerald Wallace,3,0:00,PHX,rebound,,,,,,,,,,,,,,,,,,
Earl Clark,Goran Dragic,Jarron Collins,Leandro Barbosa,Louis Amundson,D.J. Augustin,DeSagana Diop,Derrick Brown,Gerald Wallace,Ronald Murray,4,11:50,CHA,shot,,,,,,,,,,Derrick Brown,2,,,made,,driving layup,25,6
Earl Clark,Goran Dragic,Jarron Collins,Leandro Barbosa,Louis Amundson,D.J. Augustin,DeSagana Diop,Derrick Brown,Gerald Wallace,Ronald Murray,4,11:41,PHX,turnover,,,,,,,,,,Goran Dragic,,,bad pass,,Derrick Brown,,,
Earl Clark,Goran Dragic,Jarron Collins,Leandro Barbosa,Louis Amundson,D.J. Augustin,DeSagana Diop,Derrick Brown,Gerald Wallace,Ronald Murray,4,11:36,CHA,shot,,,,,,,,,,Gerald Wallace,2,,,made,,layup,25,6
Earl Clark,Goran Dragic,Jarron Collins,Leandro Barbosa,Louis Amundson,D.J. Augustin,DeSagana Diop,Derrick Brown,Gerald Wallace,Ronald Murray,4,11:14,PHX,shot,Goran Dragic,,,,,,,,,Earl Clark,2,,,made,,jump,41,18
Earl Clark,Goran Dragic,Jarron Collins,Leandro Barbosa,Louis Amundson,D.J. Augustin,DeSagana Diop,Derrick Brown,Gerald Wallace,Ronald Murray,4,10:53,CHA,shot,,,,,,,,,,Ronald Murray,,,,missed,,jump,10,21
Earl Clark,Goran Dragic,Jarron Collins,Leandro Barbosa,Louis Amundson,D.J. Augustin,DeSagana Diop,Derrick Brown,Gerald Wallace,Ronald Murray,4,10:52,PHX,rebound,,,,,,,,,,Louis Amundson,,,,,,def,,
Earl Clark,Goran Dragic,Jarron Collins,Leandro Barbosa,Louis Amundson,D.J. Augustin,DeSagana Diop,Derrick Brown,Gerald Wallace,Ronald Murray,4,10:39,PHX,shot,,,,,,,,,,Leandro Barbosa,3,,,made,,3pt,35,29
Earl Clark,Goran Dragic,Jarron Collins,Leandro Barbosa,Louis Amundson,D.J. Augustin,DeSagana Diop,Derrick Brown,Gerald Wallace,Ronald Murray,4,10:20,CHA,turnover,,,,,,,,,,DeSagana Diop,,,bad pass,,,,,
Earl Clark,Goran Dragic,Jarron Collins,Leandro Barbosa,Louis Amundson,D.J. Augustin,DeSagana Diop,Derrick Brown,Ronald Murray,Stephen Graham,4,10:20,CHA,sub,,,,Stephen Graham,,Gerald Wallace,,,,,,,,,,,,
Earl Clark,Goran Dragic,Jarron Collins,Leandro Barbosa,Louis Amundson,D.J. Augustin,DeSagana Diop,Derrick Brown,Ronald Murray,Stephen Graham,4,10:01,PHX,shot,,,,,,,,,,Leandro Barbosa,,,,missed,,3pt,13,29
Earl Clark,Goran Dragic,Jarron Collins,Leandro Barbosa,Louis Amundson,D.J. Augustin,DeSagana Diop,Derrick Brown,Ronald Murray,Stephen Graham,4,9:59,PHX,rebound,,,,,,,,,,,,,,,,,,
Earl Clark,Goran Dragic,Jarron Collins,Leandro Barbosa,Louis Amundson,D.J. Augustin,DeSagana Diop,Derrick Brown,Ronald Murray,Stephen Graham,4,9:59,CHA,foul,,,,,,,,Jarron Collins,,DeSagana Diop,,,,,,loose ball,,
Earl Clark,Goran Dragic,Jarron Collins,Leandro Barbosa,Louis Amundson,D.J. Augustin,DeSagana Diop,Derrick Brown,Ronald Murray,Stephen Graham,4,9:53,PHX,turnover,,,,,,,,,,Goran Dragic,,,lost ball,,DeSagana Diop,,,
Earl Clark,Goran Dragic,Jarron Collins,Leandro Barbosa,Louis Amundson,D.J. Augustin,DeSagana Diop,Derrick Brown,Ronald Murray,Stephen Graham,4,9:46,CHA,shot,D.J. Augustin,,,,,,,,,Derrick Brown,2,,,made,,slam dunk,25,6
Earl Clark,Goran Dragic,Jarron Collins,Leandro Barbosa,Louis Amundson,D.J. Augustin,DeSagana Diop,Derrick Brown,Ronald Murray,Stephen Graham,4,9:46,PHX,timeout,,,,,,,,,,,,,,,,regular,,
Earl Clark,Jared Dudley,Jarron Collins,Leandro Barbosa,Louis Amundson,D.J. Augustin,DeSagana Diop,Derrick Brown,Ronald Murray,Stephen Graham,4,9:46,PHX,sub,,,,Jared Dudley,,Goran Dragic,,,,,,,,,,,,
Earl Clark,Jared Dudley,Jarron Collins,Leandro Barbosa,Louis Amundson,D.J. Augustin,DeSagana Diop,Derrick Brown,Ronald Murray,Stephen Graham,4,9:24,PHX,shot,,,,,,,,,,Earl Clark,,,,missed,,layup,25,6
Earl Clark,Jared Dudley,Jarron Collins,Leandro Barbosa,Louis Amundson,D.J. Augustin,DeSagana Diop,Derrick Brown,Ronald Murray,Stephen Graham,4,9:24,CHA,rebound,,,,,,,,,,DeSagana Diop,,,,,,def,,
Earl Clark,Jared Dudley,Jarron Collins,Leandro Barbosa,Louis Amundson,D.J. Augustin,DeSagana Diop,Derrick Brown,Ronald Murray,Stephen Graham,4,9:24,PHX,violation,,,,,,,,,,Jarron Collins,,,,,,kicked ball,,
Earl Clark,Jared Dudley,Jarron Collins,Leandro Barbosa,Louis Amundson,D.J. Augustin,DeSagana Diop,Derrick Brown,Ronald Murray,Stephen Graham,4,9:18,CHA,shot,,,,,,,,,,Ronald Murray,2,,,made,,jump,32,14
Earl Clark,Jared Dudley,Jarron Collins,Leandro Barbosa,Louis Amundson,D.J. Augustin,DeSagana Diop,Derrick Brown,Ronald Murray,Stephen Graham,4,8:55,PHX,turnover,,,,,,,,,,Leandro Barbosa,,,bad pass,,,,,
Earl Clark,Jared Dudley,Jarron Collins,Leandro Barbosa,Louis Amundson,D.J. Augustin,DeSagana Diop,Derrick Brown,Ronald Murray,Stephen Graham,4,8:42,CHA,shot,,,,,,,,,,Ronald Murray,,,,missed,,jump,41,16
Earl Clark,Jared Dudley,Jarron Collins,Leandro Barbosa,Louis Amundson,D.J. Augustin,DeSagana Diop,Derrick Brown,Ronald Murray,Stephen Graham,4,8:41,PHX,rebound,,,,,,,,,,Louis Amundson,,,,,,def,,
Earl Clark,Jared Dudley,Jarron Collins,Leandro Barbosa,Louis Amundson,D.J. Augustin,DeSagana Diop,Derrick Brown,Ronald Murray,Stephen Graham,4,8:34,CHA,foul,,,,,,,,Leandro Barbosa,,D.J. Augustin,,,,,,personal,,
Earl Clark,Jared Dudley,Jarron Collins,Leandro Barbosa,Louis Amundson,D.J. Augustin,DeSagana Diop,Derrick Brown,Ronald Murray,Stephen Graham,4,8:26,PHX,shot,,,,,,,,,,Jared Dudley,,,,missed,,jump,9,11
Earl Clark,Jared Dudley,Jarron Collins,Leandro Barbosa,Louis Amundson,D.J. Augustin,DeSagana Diop,Derrick Brown,Ronald Murray,Stephen Graham,4,8:25,CHA,rebound,,,,,,,,,,DeSagana Diop,,,,,,def,,
Earl Clark,Jared Dudley,Jarron Collins,Leandro Barbosa,Louis Amundson,D.J. Augustin,DeSagana Diop,Derrick Brown,Ronald Murray,Stephen Graham,4,8:05,CHA,shot,,,,,,,,,,D.J. Augustin,,,,missed,,jump,31,23
Earl Clark,Jared Dudley,Jarron Collins,Leandro Barbosa,Louis Amundson,D.J. Augustin,DeSagana Diop,Derrick Brown,Ronald Murray,Stephen Graham,4,8:04,PHX,rebound,,,,,,,,,,Jarron Collins,,,,,,def,,
Earl Clark,Jared Dudley,Jarron Collins,Leandro Barbosa,Louis Amundson,D.J. Augustin,DeSagana Diop,Derrick Brown,Ronald Murray,Stephen Graham,4,7:53,CHA,foul,,,,,,,,Earl Clark,,Stephen Graham,,,,,,personal,,
Earl Clark,Jared Dudley,Jarron Collins,Leandro Barbosa,Louis Amundson,Acie Law,D.J. Augustin,DeSagana Diop,Derrick Brown,Stephen Graham,4,7:53,CHA,sub,,,,Acie Law,,Ronald Murray,,,,,,,,,,,,
Earl Clark,Jared Dudley,Jarron Collins,Leandro Barbosa,Louis Amundson,Acie Law,D.J. Augustin,DeSagana Diop,Derrick Brown,Stephen Graham,4,7:47,PHX,shot,,,,,,,,,,Earl Clark,,,,missed,,layup,25,6
Earl Clark,Jared Dudley,Jarron Collins,Leandro Barbosa,Louis Amundson,Acie Law,D.J. Augustin,DeSagana Diop,Derrick Brown,Stephen Graham,4,7:46,CHA,rebound,,,,,,,,,,DeSagana Diop,,,,,,def,,
Earl Clark,Jared Dudley,Jarron Collins,Leandro Barbosa,Louis Amundson,Acie Law,D.J. Augustin,DeSagana Diop,Derrick Brown,Stephen Graham,4,7:31,CHA,foul,,,,,,,,Earl Clark,,Stephen Graham,,,,,,offensive,,
Earl Clark,Jared Dudley,Jarron Collins,Leandro Barbosa,Louis Amundson,Acie Law,D.J. Augustin,DeSagana Diop,Derrick Brown,Stephen Graham,4,7:31,CHA,turnover,,,,,,,,,,Stephen Graham,,,foul,,,,,
Earl Clark,Jared Dudley,Jarron Collins,Leandro Barbosa,Louis Amundson,Acie Law,D.J. Augustin,DeSagana Diop,Derrick Brown,Stephen Graham,4,7:12,PHX,shot,,,,,,,,,,Leandro Barbosa,,,,missed,,jump,40,19
Earl Clark,Jared Dudley,Jarron Collins,Leandro Barbosa,Louis Amundson,Acie Law,D.J. Augustin,DeSagana Diop,Derrick Brown,Stephen Graham,4,7:11,CHA,rebound,,,,,,,,,,DeSagana Diop,,,,,,def,,
Earl Clark,Jared Dudley,Jarron Collins,Leandro Barbosa,Louis Amundson,Acie Law,D.J. Augustin,DeSagana Diop,Derrick Brown,Stephen Graham,4,7:00,CHA,shot,,,,,,,,,,Stephen Graham,,,,missed,,driving layup,25,6
Earl Clark,Jared Dudley,Jarron Collins,Leandro Barbosa,Louis Amundson,Acie Law,D.J. Augustin,DeSagana Diop,Derrick Brown,Stephen Graham,4,6:58,PHX,rebound,,,,,,,,,,Leandro Barbosa,,,,,,def,,
Earl Clark,Jared Dudley,Jarron Collins,Leandro Barbosa,Louis Amundson,Acie Law,D.J. Augustin,DeSagana Diop,Derrick Brown,Stephen Graham,4,6:50,PHX,shot,,,,,,,,,,Leandro Barbosa,,,,missed,,jump,35,22
Earl Clark,Jared Dudley,Jarron Collins,Leandro Barbosa,Louis Amundson,Acie Law,D.J. Augustin,DeSagana Diop,Derrick Brown,Stephen Graham,4,6:50,CHA,rebound,,,,,,,,,,Stephen Graham,,,,,,def,,
Earl Clark,Jared Dudley,Jarron Collins,Leandro Barbosa,Louis Amundson,Acie Law,D.J. Augustin,DeSagana Diop,Derrick Brown,Stephen Graham,4,6:41,CHA,shot,D.J. Augustin,,,,,,,,,Stephen Graham,2,,,made,,jump,14,9
Earl Clark,Jared Dudley,Jarron Collins,Leandro Barbosa,Louis Amundson,Acie Law,D.J. Augustin,DeSagana Diop,Derrick Brown,Stephen Graham,4,6:19,PHX,turnover,,,,,,,,,,Earl Clark,,,bad pass,,Derrick Brown,,,
Earl Clark,Jared Dudley,Jarron Collins,Leandro Barbosa,Louis Amundson,Acie Law,D.J. Augustin,DeSagana Diop,Derrick Brown,Stephen Graham,4,6:15,PHX,foul,,,,,,,,Derrick Brown,,Jared Dudley,,,,,,shooting,,
Earl Clark,Jared Dudley,Jarron Collins,Leandro Barbosa,Louis Amundson,Acie Law,DeSagana Diop,Derrick Brown,Gerald Henderson,Stephen Graham,4,6:15,CHA,sub,,,,Gerald Henderson,,D.J. Augustin,,,,,,,,,,,,
Earl Clark,Jared Dudley,Jarron Collins,Leandro Barbosa,Louis Amundson,Acie Law,DeSagana Diop,Derrick Brown,Gerald Henderson,Stephen Graham,4,6:15,CHA,free throw,,,,,,,1,,2,Derrick Brown,,,foul,made,,,,
Earl Clark,Jared Dudley,Jarron Collins,Leandro Barbosa,Louis Amundson,Acie Law,DeSagana Diop,Derrick Brown,Gerald Henderson,Stephen Graham,4,6:15,CHA,free throw,,,,,,,2,,2,Derrick Brown,,,foul,made,,,,
Earl Clark,Jared Dudley,Jarron Collins,Leandro Barbosa,Louis Amundson,Acie Law,DeSagana Diop,Derrick Brown,Gerald Henderson,Stephen Graham,4,5:50,PHX,shot,,,DeSagana Diop,,,,,,,Jarron Collins,,,,missed,,jump,20,16
Earl Clark,Jared Dudley,Jarron Collins,Leandro Barbosa,Louis Amundson,Acie Law,DeSagana Diop,Derrick Brown,Gerald Henderson,Stephen Graham,4,5:49,CHA,rebound,,,,,,,,,,Derrick Brown,,,,,,def,,
Earl Clark,Jared Dudley,Jarron Collins,Leandro Barbosa,Louis Amundson,Acie Law,DeSagana Diop,Derrick Brown,Gerald Henderson,Stephen Graham,4,5:33,CHA,shot,,,,,,,,,,Gerald Henderson,,,,missed,,driving layup,25,6
Earl Clark,Jared Dudley,Jarron Collins,Leandro Barbosa,Louis Amundson,Acie Law,DeSagana Diop,Derrick Brown,Gerald Henderson,Stephen Graham,4,5:33,PHX,rebound,,,,,,,,,,Louis Amundson,,,,,,def,,
Earl Clark,Jared Dudley,Jarron Collins,Leandro Barbosa,Louis Amundson,Acie Law,DeSagana Diop,Derrick Brown,Gerald Henderson,Stephen Graham,4,5:19,CHA,foul,,,,,,,,Earl Clark,,Acie Law,,,,,,personal,,
Earl Clark,Jared Dudley,Jarron Collins,Leandro Barbosa,Louis Amundson,Acie Law,DeSagana Diop,Derrick Brown,Gerald Henderson,Stephen Graham,4,5:19,PHX,timeout,,,,,,,,,,,,,,,,official,,
Earl Clark,Jared Dudley,Leandro Barbosa,Louis Amundson,Robin Lopez,Acie Law,DeSagana Diop,Derrick Brown,Gerald Henderson,Stephen Graham,4,5:19,PHX,sub,,,,Robin Lopez,,Jarron Collins,,,,,,,,,,,,
Earl Clark,Jared Dudley,Leandro Barbosa,Louis Amundson,Robin Lopez,Acie Law,DeSagana Diop,Derrick Brown,Gerald Henderson,Stephen Graham,4,5:09,PHX,shot,Louis Amundson,,,,,,,,,Earl Clark,2,,,made,,dunk,25,6
Earl Clark,Jared Dudley,Leandro Barbosa,Louis Amundson,Robin Lopez,Acie Law,DeSagana Diop,Derrick Brown,Gerald Henderson,Stephen Graham,4,4:47,CHA,shot,,,,,,,,,,Acie Law,,,,missed,,jump,31,26
Earl Clark,Jared Dudley,Leandro Barbosa,Louis Amundson,Robin Lopez,Acie Law,DeSagana Diop,Derrick Brown,Gerald Henderson,Stephen Graham,4,4:46,CHA,rebound,,,,,,,,,,DeSagana Diop,,,,,,off,,
Earl Clark,Jared Dudley,Leandro Barbosa,Louis Amundson,Robin Lopez,Acie Law,DeSagana Diop,Derrick Brown,Gerald Henderson,Stephen Graham,4,4:29,CHA,turnover,,,,,,,,,,Derrick Brown,,,offensive goaltending,,,,,
Earl Clark,Jared Dudley,Leandro Barbosa,Louis Amundson,Robin Lopez,Acie Law,DeSagana Diop,Derrick Brown,Gerald Henderson,Stephen Graham,4,4:11,PHX,shot,Louis Amundson,,,,,,,,,Earl Clark,2,,,made,,turnaround fade away,15,9
Earl Clark,Jared Dudley,Leandro Barbosa,Louis Amundson,Robin Lopez,Acie Law,DeSagana Diop,Derrick Brown,Gerald Henderson,Stephen Graham,4,3:56,CHA,shot,Gerald Henderson,,,,,,,,,Derrick Brown,2,,,made,,jump,20,15
Earl Clark,Jared Dudley,Leandro Barbosa,Louis Amundson,Robin Lopez,Acie Law,DeSagana Diop,Derrick Brown,Gerald Henderson,Stephen Graham,4,3:46,PHX,shot,,,,,,,,,,Leandro Barbosa,3,,,made,,3pt,46,18
Earl Clark,Jared Dudley,Leandro Barbosa,Louis Amundson,Robin Lopez,Acie Law,DeSagana Diop,Derrick Brown,Gerald Henderson,Stephen Graham,4,3:29,CHA,shot,,,,,,,,,,DeSagana Diop,,,,missed,,turnaround jump,23,16
Earl Clark,Jared Dudley,Leandro Barbosa,Louis Amundson,Robin Lopez,Acie Law,DeSagana Diop,Derrick Brown,Gerald Henderson,Stephen Graham,4,3:27,PHX,rebound,,,,,,,,,,,,,,,,,,
Earl Clark,Jared Dudley,Leandro Barbosa,Louis Amundson,Robin Lopez,Acie Law,DeSagana Diop,Derrick Brown,Gerald Henderson,Stephen Graham,4,3:11,PHX,shot,,,,,,,,,,Leandro Barbosa,2,,,made,,jump,34,8
Earl Clark,Jared Dudley,Leandro Barbosa,Louis Amundson,Robin Lopez,Acie Law,DeSagana Diop,Derrick Brown,Gerald Henderson,Stephen Graham,4,2:57,CHA,shot,,,Robin Lopez,,,,,,,Derrick Brown,,,,missed,,dunk,25,6
Earl Clark,Jared Dudley,Leandro Barbosa,Louis Amundson,Robin Lopez,Acie Law,DeSagana Diop,Derrick Brown,Gerald Henderson,Stephen Graham,4,2:55,PHX,rebound,,,,,,,,,,Louis Amundson,,,,,,def,,
Earl Clark,Jared Dudley,Leandro Barbosa,Louis Amundson,Robin Lopez,Acie Law,DeSagana Diop,Derrick Brown,Gerald Henderson,Stephen Graham,4,2:49,PHX,shot,Leandro Barbosa,,,,,,,,,Louis Amundson,2,,,made,,reverse layup,25,6
Earl Clark,Jared Dudley,Leandro Barbosa,Louis Amundson,Robin Lopez,Acie Law,DeSagana Diop,Derrick Brown,Gerald Henderson,Stephen Graham,4,2:26,CHA,shot,,,Leandro Barbosa,,,,,,,Acie Law,,,,missed,,layup,25,6
Earl Clark,Jared Dudley,Leandro Barbosa,Louis Amundson,Robin Lopez,Acie Law,DeSagana Diop,Derrick Brown,Gerald Henderson,Stephen Graham,4,2:26,PHX,rebound,,,,,,,,,,,,,,,,,,
Earl Clark,Jared Dudley,Leandro Barbosa,Louis Amundson,Robin Lopez,Acie Law,DeSagana Diop,Derrick Brown,Gerald Henderson,Stephen Graham,4,2:26,CHA,timeout,,,,,,,,,,,,,,,,regular,,
Earl Clark,Jared Dudley,Leandro Barbosa,Louis Amundson,Robin Lopez,Acie Law,DeSagana Diop,Derrick Brown,Gerald Henderson,Stephen Graham,4,2:26,PHX,shot,,,,,,,,,,Robin Lopez,2,,,made,,hook,25,12
Earl Clark,Jared Dudley,Leandro Barbosa,Louis Amundson,Robin Lopez,Acie Law,DeSagana Diop,Derrick Brown,Gerald Henderson,Stephen Graham,4,2:13,CHA,shot,,,,,,,,,,Gerald Henderson,,,,missed,,jump,21,25
Earl Clark,Jared Dudley,Leandro Barbosa,Louis Amundson,Robin Lopez,Acie Law,DeSagana Diop,Derrick Brown,Gerald Henderson,Stephen Graham,4,2:11,CHA,rebound,,,,,,,,,,Gerald Henderson,,,,,,off,,
Earl Clark,Jared Dudley,Leandro Barbosa,Louis Amundson,Robin Lopez,Acie Law,DeSagana Diop,Derrick Brown,Gerald Henderson,Stephen Graham,4,1:46,CHA,shot,,,Louis Amundson,,,,,,,Gerald Henderson,,,,missed,,layup,25,6
Earl Clark,Jared Dudley,Leandro Barbosa,Louis Amundson,Robin Lopez,Acie Law,DeSagana Diop,Derrick Brown,Gerald Henderson,Stephen Graham,4,1:45,PHX,rebound,,,,,,,,,,Leandro Barbosa,,,,,,def,,
Earl Clark,Jared Dudley,Leandro Barbosa,Louis Amundson,Robin Lopez,Acie Law,DeSagana Diop,Derrick Brown,Gerald Henderson,Stephen Graham,4,1:42,PHX,shot,,,,,,,,,,Leandro Barbosa,2,,,made,,layup,25,6
Earl Clark,Jared Dudley,Leandro Barbosa,Louis Amundson,Robin Lopez,Acie Law,DeSagana Diop,Derrick Brown,Gerald Henderson,Stephen Graham,4,1:18,CHA,shot,,,,,,,,,,Stephen Graham,2,,,made,,jump,43,12
Earl Clark,Jared Dudley,Leandro Barbosa,Louis Amundson,Robin Lopez,Acie Law,DeSagana Diop,Derrick Brown,Gerald Henderson,Stephen Graham,4,0:54,PHX,shot,,,,,,,,,,Earl Clark,,,,missed,,jump,21,25
Earl Clark,Jared Dudley,Leandro Barbosa,Louis Amundson,Robin Lopez,Acie Law,DeSagana Diop,Derrick Brown,Gerald Henderson,Stephen Graham,4,0:53,CHA,rebound,,,,,,,,,,Stephen Graham,,,,,,def,,
Earl Clark,Jared Dudley,Leandro Barbosa,Louis Amundson,Robin Lopez,Acie Law,DeSagana Diop,Derrick Brown,Gerald Henderson,Stephen Graham,4,0:39,CHA,shot,,,Robin Lopez,,,,,,,Derrick Brown,,,,missed,,layup,25,6
Earl Clark,Jared Dudley,Leandro Barbosa,Louis Amundson,Robin Lopez,Acie Law,DeSagana Diop,Derrick Brown,Gerald Henderson,Stephen Graham,4,0:39,CHA,rebound,,,,,,,,,,DeSagana Diop,,,,,,off,,
Earl Clark,Jared Dudley,Leandro Barbosa,Louis Amundson,Robin Lopez,Acie Law,DeSagana Diop,Derrick Brown,Gerald Henderson,Stephen Graham,4,0:39,CHA,shot,,,,,,,,,,DeSagana Diop,2,,,made,,layup,25,6
Earl Clark,Jared Dudley,Leandro Barbosa,Louis Amundson,Robin Lopez,Acie Law,DeSagana Diop,Derrick Brown,Gerald Henderson,Stephen Graham,4,0:34,CHA,foul,,,,,,,,Leandro Barbosa,,Acie Law,,,,,,personal,,
Earl Clark,Jared Dudley,Leandro Barbosa,Louis Amundson,Robin Lopez,Acie Law,DeSagana Diop,Derrick Brown,Gerald Henderson,Stephen Graham,4,0:34,PHX,free throw,,,,,,,1,,2,Leandro Barbosa,,,foul,made,,,,
Earl Clark,Jared Dudley,Leandro Barbosa,Louis Amundson,Robin Lopez,Acie Law,DeSagana Diop,Derrick Brown,Gerald Henderson,Stephen Graham,4,0:34,PHX,free throw,,,,,,,2,,2,Leandro Barbosa,,,foul,made,,,,
Earl Clark,Jared Dudley,Leandro Barbosa,Louis Amundson,Robin Lopez,Acie Law,DeSagana Diop,Derrick Brown,Gerald Henderson,Stephen Graham,4,0:23,CHA,shot,,,,,,,,,,Acie Law,2,,,made,,driving layup,25,6
Earl Clark,Jared Dudley,Leandro Barbosa,Louis Amundson,Robin Lopez,Acie Law,DeSagana Diop,Derrick Brown,Gerald Henderson,Stephen Graham,4,0:23,PHX,foul,,,,,,,,Acie Law,,Leandro Barbosa,,,,,,shooting,,
Earl Clark,Jared Dudley,Leandro Barbosa,Louis Amundson,Robin Lopez,Acie Law,DeSagana Diop,Derrick Brown,Gerald Henderson,Stephen Graham,4,0:23,CHA,free throw,,,,,,,1,,1,Acie Law,,,foul,missed,,,,
Earl Clark,Jared Dudley,Leandro Barbosa,Louis Amundson,Robin Lopez,Acie Law,DeSagana Diop,Derrick Brown,Gerald Henderson,Stephen Graham,4,0:23,PHX,rebound,,,,,,,,,,Louis Amundson,,,,,,def,,
Earl Clark,Jared Dudley,Leandro Barbosa,Louis Amundson,Robin Lopez,Acie Law,DeSagana Diop,Derrick Brown,Gerald Henderson,Stephen Graham,4,0:05,PHX,shot,,,,,,,,,,Leandro Barbosa,,,,missed,,3pt,44,35
Earl Clark,Jared Dudley,Leandro Barbosa,Louis Amundson,Robin Lopez,Acie Law,DeSagana Diop,Derrick Brown,Gerald Henderson,Stephen Graham,4,0:05,CHA,rebound,,,,,,,,,,DeSagana Diop,,,,,,def,,
