a1,a2,a3,a4,a5,h1,h2,h3,h4,h5,period,time,team,etype,assist,away,block,entered,home,left,num,opponent,outof,player,points,possession,reason,result,steal,type,x,y
Darren Collison,David West,Emeka Okafor,Morris Peterson,Peja Stojakovic,Boris Diaw,Gerald Wallace,Nazr Mohammed,Raymond Felton,Stephen Jackson,1,12:00,OFF,jump ball,,Emeka Okafor,,,Nazr Mohammed,,,,,,,Gerald Wallace,,,,,,
Darren Collison,David West,Emeka Okafor,Morris Peterson,Peja Stojakovic,Boris Diaw,Gerald Wallace,Nazr Mohammed,Raymond Felton,Stephen Jackson,1,11:48,CHA,shot,Boris Diaw,,,,,,,,,Nazr Mohammed,2,,,made,,jump,41,10
Darren Collison,David West,Emeka Okafor,Morris Peterson,Peja Stojakovic,Boris Diaw,Gerald Wallace,Nazr Mohammed,Raymond Felton,Stephen Jackson,1,11:36,NOH,turnover,,,,,,,,,,Darren Collison,,,bad pass,,Boris Diaw,,,
Darren Collison,David West,Emeka Okafor,Morris Peterson,Peja Stojakovic,Boris Diaw,Gerald Wallace,Nazr Mohammed,Raymond Felton,Stephen Jackson,1,11:30,CHA,shot,,,,,,,,,,Raymond Felton,,,,missed,,jump,7,8
Darren Collison,David West,Emeka Okafor,Morris Peterson,Peja Stojakovic,Boris Diaw,Gerald Wallace,Nazr Mohammed,Raymond Felton,Stephen Jackson,1,11:28,NOH,rebound,,,,,,,,,,Emeka Okafor,,,,,,def,,
Darren Collison,David West,Emeka Okafor,Morris Peterson,Peja Stojakovic,Boris Diaw,Gerald Wallace,Nazr Mohammed,Raymond Felton,Stephen Jackson,1,11:24,NOH,shot,,,,,,,,,,Darren Collison,,,,missed,,jump,11,19
Darren Collison,David West,Emeka Okafor,Morris Peterson,Peja Stojakovic,Boris Diaw,Gerald Wallace,Nazr Mohammed,Raymond Felton,Stephen Jackson,1,11:20,CHA,rebound,,,,,,,,,,Gerald Wallace,,,,,,def,,
Darren Collison,David West,Emeka Okafor,Morris Peterson,Peja Stojakovic,Boris Diaw,Gerald Wallace,Nazr Mohammed,Raymond Felton,Stephen Jackson,1,11:12,CHA,shot,Stephen Jackson,,,,,,,,,Nazr Mohammed,2,,,made,,layup,25,6
Darren Collison,David West,Emeka Okafor,Morris Peterson,Peja Stojakovic,Boris Diaw,Gerald Wallace,Nazr Mohammed,Raymond Felton,Stephen Jackson,1,10:46,NOH,shot,,,,,,,,,,Emeka Okafor,,,,missed,,hook,24,12
Darren Collison,David West,Emeka Okafor,Morris Peterson,Peja Stojakovic,Boris Diaw,Gerald Wallace,Nazr Mohammed,Raymond Felton,Stephen Jackson,1,10:45,CHA,rebound,,,,,,,,,,Nazr Mohammed,,,,,,def,,
Darren Collison,David West,Emeka Okafor,Morris Peterson,Peja Stojakovic,Boris Diaw,Gerald Wallace,Nazr Mohammed,Raymond Felton,Stephen Jackson,1,10:37,CHA,shot,,,,,,,,,,Stephen Jackson,,,,missed,,jump,22,23
Darren Collison,David West,Emeka Okafor,Morris Peterson,Peja Stojakovic,Boris Diaw,Gerald Wallace,Nazr Mohammed,Raymond Felton,Stephen Jackson,1,10:36,NOH,rebound,,,,,,,,,,Emeka Okafor,,,,,,def,,
Darren Collison,David West,Emeka Okafor,Morris Peterson,Peja Stojakovic,Boris Diaw,Gerald Wallace,Nazr Mohammed,Raymond Felton,Stephen Jackson,1,10:25,NOH,shot,,,,,,,,,,David West,2,,,made,,layup,25,6
Darren Collison,David West,Emeka Okafor,Morris Peterson,Peja Stojakovic,Boris Diaw,Gerald Wallace,Nazr Mohammed,Raymond Felton,Stephen Jackson,1,10:25,CHA,foul,,,,,,,,David West,,Nazr Mohammed,,,,,,shooting,,
Darren Collison,David West,Emeka Okafor,Morris Peterson,Peja Stojakovic,Boris Diaw,Gerald Wallace,Nazr Mohammed,Raymond Felton,Stephen Jackson,1,10:25,NOH,free throw,,,,,,,1,,1,David West,,,foul,made,,,,
Darren Collison,David West,Emeka Okafor,Morris Peterson,Peja Stojakovic,Boris Diaw,Gerald Wallace,Nazr Mohammed,Raymond Felton,Stephen Jackson,1,10:25,CHA,turnover,,,,,,,,,,Boris Diaw,,,bad pass,,Emeka Okafor,,,
Darren Collison,David West,Emeka Okafor,Morris Peterson,Peja Stojakovic,Boris Diaw,Gerald Wallace,Nazr Mohammed,Raymond Felton,Stephen Jackson,1,10:19,NOH,shot,,,,,,,,,,Morris Peterson,,,,missed,,layup,25,6
Darren Collison,David West,Emeka Okafor,Morris Peterson,Peja Stojakovic,Boris Diaw,Gerald Wallace,Nazr Mohammed,Raymond Felton,Stephen Jackson,1,10:16,NOH,rebound,,,,,,,,,,,,,,,,,,
Darren Collison,David West,Emeka Okafor,Morris Peterson,Peja Stojakovic,Boris Diaw,Gerald Wallace,Nazr Mohammed,Raymond Felton,Stephen Jackson,1,9:51,NOH,shot,,,,,,,,,,Peja Stojakovic,,,,missed,,jump,36,7
Darren Collison,David West,Emeka Okafor,Morris Peterson,Peja Stojakovic,Boris Diaw,Gerald Wallace,Nazr Mohammed,Raymond Felton,Stephen Jackson,1,9:50,NOH,rebound,,,,,,,,,,Emeka Okafor,,,,,,off,,
Darren Collison,David West,Emeka Okafor,Morris Peterson,Peja Stojakovic,Boris Diaw,Gerald Wallace,Nazr Mohammed,Raymond Felton,Stephen Jackson,1,9:50,NOH,shot,,,,,,,,,,Emeka Okafor,2,,,made,,putback dunk,25,6
Darren Collison,David West,Emeka Okafor,Morris Peterson,Peja Stojakovic,Boris Diaw,Gerald Wallace,Nazr Mohammed,Raymond Felton,Stephen Jackson,1,9:11,CHA,shot,,,,,,,,,,Gerald Wallace,,,,missed,,jump,10,18
Darren Collison,David West,Emeka Okafor,Morris Peterson,Peja Stojakovic,Boris Diaw,Gerald Wallace,Nazr Mohammed,Raymond Felton,Stephen Jackson,1,9:11,CHA,rebound,,,,,,,,,,,,,,,,,,
Darren Collison,David West,Emeka Okafor,Morris Peterson,Peja Stojakovic,Boris Diaw,Gerald Wallace,Nazr Mohammed,Raymond Felton,Stephen Jackson,1,8:47,CHA,shot,,,,,,,,,,Boris Diaw,,,,missed,,jump,10,12
Darren Collison,David West,Emeka Okafor,Morris Peterson,Peja Stojakovic,Boris Diaw,Gerald Wallace,Nazr Mohammed,Raymond Felton,Stephen Jackson,1,8:47,NOH,rebound,,,,,,,,,,Peja Stojakovic,,,,,,def,,
Darren Collison,David West,Emeka Okafor,Morris Peterson,Peja Stojakovic,Boris Diaw,Gerald Wallace,Nazr Mohammed,Raymond Felton,Stephen Jackson,1,8:40,NOH,shot,,,,,,,,,,Peja Stojakovic,,,,missed,,3pt,1,13
Darren Collison,David West,Emeka Okafor,Morris Peterson,Peja Stojakovic,Boris Diaw,Gerald Wallace,Nazr Mohammed,Raymond Felton,Stephen Jackson,1,8:40,CHA,rebound,,,,,,,,,,Boris Diaw,,,,,,def,,
Darren Collison,David West,Emeka Okafor,Morris Peterson,Peja Stojakovic,Boris Diaw,Gerald Wallace,Nazr Mohammed,Raymond Felton,Stephen Jackson,1,8:25,CHA,shot,,,,,,,,,,Raymond Felton,,,,missed,,jump,11,16
Darren Collison,David West,Emeka Okafor,Morris Peterson,Peja Stojakovic,Boris Diaw,Gerald Wallace,Nazr Mohammed,Raymond Felton,Stephen Jackson,1,8:25,NOH,rebound,,,,,,,,,,Peja Stojakovic,,,,,,def,,
Darren Collison,David West,Emeka Okafor,Morris Peterson,Peja Stojakovic,Boris Diaw,Gerald Wallace,Nazr Mohammed,Raymond Felton,Stephen Jackson,1,8:10,NOH,shot,,,,,,,,,,David West,2,,,made,,running hook,21,12
Darren Collison,David West,Emeka Okafor,Morris Peterson,Peja Stojakovic,Boris Diaw,Gerald Wallace,Nazr Mohammed,Raymond Felton,Stephen Jackson,1,7:59,CHA,turnover,,,,,,,,,,Stephen Jackson,,,bad pass,,,,,
Darren Collison,David West,Emeka Okafor,Morris Peterson,Peja Stojakovic,Boris Diaw,Gerald Wallace,Nazr Mohammed,Raymond Felton,Stephen Jackson,1,7:46,NOH,shot,,,,,,,,,,David West,2,,,made,,step back jump,11,12
Darren Collison,David West,Emeka Okafor,Morris Peterson,Peja Stojakovic,Boris Diaw,Gerald Wallace,Nazr Mohammed,Raymond Felton,Stephen Jackson,1,7:31,CHA,shot,,,,,,,,,,Boris Diaw,,,,missed,,3pt,29,31
Darren Collison,David West,Emeka Okafor,Morris Peterson,Peja Stojakovic,Boris Diaw,Gerald Wallace,Nazr Mohammed,Raymond Felton,Stephen Jackson,1,7:31,NOH,rebound,,,,,,,,,,Morris Peterson,,,,,,def,,
Darren Collison,David West,Emeka Okafor,Morris Peterson,Peja Stojakovic,Boris Diaw,Gerald Wallace,Nazr Mohammed,Raymond Felton,Stephen Jackson,1,7:26,NOH,shot,Morris Peterson,,,,,,,,,Peja Stojakovic,3,,,made,,3pt,1,7
Darren Collison,David West,Emeka Okafor,Morris Peterson,Peja Stojakovic,Boris Diaw,Gerald Wallace,Nazr Mohammed,Raymond Felton,Stephen Jackson,1,7:20,CHA,shot,,,,,,,,,,Stephen Jackson,3,,,made,,3pt,12,29
Darren Collison,David West,Emeka Okafor,Morris Peterson,Peja Stojakovic,Boris Diaw,Gerald Wallace,Nazr Mohammed,Raymond Felton,Stephen Jackson,1,7:10,NOH,shot,Peja Stojakovic,,,,,,,,,Darren Collison,2,,,made,,jump,10,19
Darren Collison,David West,Emeka Okafor,Morris Peterson,Peja Stojakovic,Boris Diaw,Gerald Wallace,Nazr Mohammed,Raymond Felton,Stephen Jackson,1,6:50,CHA,shot,,,Emeka Okafor,,,,,,,Boris Diaw,,,,missed,,layup,25,6
Darren Collison,David West,Emeka Okafor,Morris Peterson,Peja Stojakovic,Boris Diaw,Gerald Wallace,Nazr Mohammed,Raymond Felton,Stephen Jackson,1,6:50,CHA,rebound,,,,,,,,,,,,,,,,,,
Darren Collison,David West,Emeka Okafor,Morris Peterson,Peja Stojakovic,Boris Diaw,Gerald Wallace,Nazr Mohammed,Raymond Felton,Stephen Jackson,1,6:42,NOH,violation,,,,,,,,,,Emeka Okafor,,,,,,defensive goaltending,,
Darren Collison,David West,Emeka Okafor,Morris Peterson,Peja Stojakovic,Boris Diaw,Gerald Wallace,Nazr Mohammed,Raymond Felton,Stephen Jackson,1,6:42,CHA,shot,,,,,,,,,,Raymond Felton,2,,,made,,layup,25,6
Darren Collison,David West,Emeka Okafor,Morris Peterson,Peja Stojakovic,Boris Diaw,Gerald Wallace,Nazr Mohammed,Raymond Felton,Stephen Jackson,1,6:23,NOH,turnover,,,,,,,,,,Peja Stojakovic,,,bad pass,,Stephen Jackson,,,
Darren Collison,David West,Emeka Okafor,Morris Peterson,Peja Stojakovic,Boris Diaw,Gerald Wallace,Nazr Mohammed,Raymond Felton,Stephen Jackson,1,6:18,CHA,shot,Stephen Jackson,,,,,,,,,Gerald Wallace,2,,,made,,layup,25,6
Darren Collison,David West,Emeka Okafor,Morris Peterson,Peja Stojakovic,Boris Diaw,Gerald Wallace,Nazr Mohammed,Raymond Felton,Stephen Jackson,1,5:51,NOH,shot,,,,,,,,,,David West,,,,missed,,jump,9,16
Darren Collison,David West,Emeka Okafor,Morris Peterson,Peja Stojakovic,Boris Diaw,Gerald Wallace,Nazr Mohammed,Raymond Felton,Stephen Jackson,1,5:49,CHA,rebound,,,,,,,,,,Boris Diaw,,,,,,def,,
Darren Collison,David West,Emeka Okafor,Morris Peterson,Peja Stojakovic,Boris Diaw,Gerald Wallace,Nazr Mohammed,Raymond Felton,Stephen Jackson,1,5:33,CHA,shot,,,,,,,,,,Stephen Jackson,2,,,made,,fade away jumper,23,15
Darren Collison,David West,Emeka Okafor,Morris Peterson,Peja Stojakovic,Boris Diaw,Gerald Wallace,Nazr Mohammed,Raymond Felton,Stephen Jackson,1,5:08,NOH,shot,,,,,,,,,,Emeka Okafor,2,,,made,,layup,25,6
Darren Collison,David West,Emeka Okafor,Morris Peterson,Peja Stojakovic,Boris Diaw,Gerald Wallace,Nazr Mohammed,Raymond Felton,Stephen Jackson,1,4:51,CHA,shot,,,,,,,,,,Gerald Wallace,,,,missed,,jump,31,22
Darren Collison,David West,Emeka Okafor,Morris Peterson,Peja Stojakovic,Boris Diaw,Gerald Wallace,Nazr Mohammed,Raymond Felton,Stephen Jackson,1,4:50,NOH,rebound,,,,,,,,,,Emeka Okafor,,,,,,def,,
Darren Collison,David West,Emeka Okafor,Morris Peterson,Peja Stojakovic,Boris Diaw,Gerald Wallace,Nazr Mohammed,Raymond Felton,Stephen Jackson,1,4:44,NOH,shot,,,,,,,,,,Darren Collison,,,,missed,,jump,36,21
Darren Collison,David West,Emeka Okafor,Morris Peterson,Peja Stojakovic,Boris Diaw,Gerald Wallace,Nazr Mohammed,Raymond Felton,Stephen Jackson,1,4:44,CHA,rebound,,,,,,,,,,Gerald Wallace,,,,,,def,,
Darren Collison,David West,Emeka Okafor,Morris Peterson,Peja Stojakovic,Boris Diaw,Gerald Wallace,Nazr Mohammed,Raymond Felton,Stephen Jackson,1,4:37,CHA,shot,Stephen Jackson,,,,,,,,,Nazr Mohammed,2,,,made,,alley oop dunk,25,6
Darren Collison,David West,Emeka Okafor,Morris Peterson,Peja Stojakovic,Boris Diaw,Gerald Wallace,Nazr Mohammed,Raymond Felton,Stephen Jackson,1,4:21,NOH,shot,Darren Collison,,,,,,,,,Peja Stojakovic,3,,,made,,3pt,32,31
Darren Collison,David West,Emeka Okafor,Morris Peterson,Peja Stojakovic,Boris Diaw,Gerald Wallace,Nazr Mohammed,Raymond Felton,Stephen Jackson,1,3:55,NOH,foul,,,,,,,,Nazr Mohammed,,David West,,,,,,shooting,,
Darren Collison,David West,Emeka Okafor,Morris Peterson,Peja Stojakovic,Boris Diaw,Gerald Wallace,Nazr Mohammed,Raymond Felton,Stephen Jackson,1,3:55,CHA,timeout,,,,,,,,,,,,,,,,regular,,
Darren Collison,David West,Emeka Okafor,Morris Peterson,Peja Stojakovic,Boris Diaw,Gerald Wallace,Nazr Mohammed,Raymond Felton,Stephen Jackson,1,3:55,CHA,free throw,,,,,,,1,,2,Nazr Mohammed,,,foul,made,,,,
Darren Collison,David West,Emeka Okafor,Morris Peterson,Peja Stojakovic,Boris Diaw,Gerald Wallace,Nazr Mohammed,Raymond Felton,Stephen Jackson,1,3:55,CHA,free throw,,,,,,,2,,2,Nazr Mohammed,,,foul,missed,,,,
Darren Collison,David West,Emeka Okafor,Morris Peterson,Peja Stojakovic,Boris Diaw,Gerald Wallace,Nazr Mohammed,Raymond Felton,Stephen Jackson,1,3:55,CHA,rebound,,,,,,,,,,Boris Diaw,,,,,,off,,
Darren Collison,David West,Emeka Okafor,Morris Peterson,Peja Stojakovic,Boris Diaw,Gerald Wallace,Nazr Mohammed,Raymond Felton,Stephen Jackson,1,3:51,CHA,shot,Boris Diaw,,,,,,,,,Stephen Jackson,3,,,made,,3pt,33,30
Darren Collison,David West,Emeka Okafor,Morris Peterson,Peja Stojakovic,Boris Diaw,Gerald Wallace,Nazr Mohammed,Raymond Felton,Stephen Jackson,1,3:31,NOH,shot,,,,,,,,,,David West,,,,missed,,jump,11,8
Darren Collison,David West,Emeka Okafor,Morris Peterson,Peja Stojakovic,Boris Diaw,Gerald Wallace,Nazr Mohammed,Raymond Felton,Stephen Jackson,1,3:30,CHA,rebound,,,,,,,,,,Nazr Mohammed,,,,,,def,,
Darren Collison,David West,Emeka Okafor,Morris Peterson,Peja Stojakovic,Boris Diaw,Gerald Wallace,Nazr Mohammed,Raymond Felton,Stephen Jackson,1,3:15,CHA,shot,,,,,,,,,,Stephen Jackson,,,,missed,,jump,27,13
Darren Collison,David West,Emeka Okafor,Morris Peterson,Peja Stojakovic,Boris Diaw,Gerald Wallace,Nazr Mohammed,Raymond Felton,Stephen Jackson,1,3:14,NOH,rebound,,,,,,,,,,David West,,,,,,def,,
Darren Collison,David West,Emeka Okafor,Morris Peterson,Peja Stojakovic,Boris Diaw,Gerald Wallace,Nazr Mohammed,Raymond Felton,Stephen Jackson,1,3:02,CHA,violation,,,,,,,,,,Stephen Jackson,,,,,,kicked ball,,
Darren Collison,David West,Emeka Okafor,Morris Peterson,Peja Stojakovic,Boris Diaw,Gerald Wallace,Nazr Mohammed,Raymond Felton,Stephen Jackson,1,2:53,NOH,shot,,,,,,,,,,Darren Collison,,,,missed,,jump,9,19
Darren Collison,David West,Emeka Okafor,Morris Peterson,Peja Stojakovic,Boris Diaw,Gerald Wallace,Nazr Mohammed,Raymond Felton,Stephen Jackson,1,2:52,CHA,rebound,,,,,,,,,,Gerald Wallace,,,,,,def,,
Darren Collison,David West,Emeka Okafor,Morris Peterson,Peja Stojakovic,Boris Diaw,Gerald Wallace,Nazr Mohammed,Raymond Felton,Stephen Jackson,1,2:46,CHA,turnover,,,,,,,,,,Boris Diaw,,,traveling,,,,,
Darren Collison,David West,Emeka Okafor,Morris Peterson,Peja Stojakovic,Boris Diaw,Gerald Wallace,Nazr Mohammed,Raymond Felton,Stephen Jackson,1,2:46,NOH,timeout,,,,,,,,,,,,,,,,regular,,
Darren Collison,David West,Emeka Okafor,Morris Peterson,Peja Stojakovic,Boris Diaw,Gerald Wallace,Nazr Mohammed,Raymond Felton,Stephen Jackson,1,2:24,NOH,shot,,,Nazr Mohammed,,,,,,,David West,,,,missed,,layup,25,6
Darren Collison,David West,Emeka Okafor,Morris Peterson,Peja Stojakovic,Boris Diaw,Gerald Wallace,Nazr Mohammed,Raymond Felton,Stephen Jackson,1,2:23,CHA,rebound,,,,,,,,,,Raymond Felton,,,,,,def,,
Darren Collison,David West,Emeka Okafor,Morris Peterson,Peja Stojakovic,Boris Diaw,Gerald Wallace,Nazr Mohammed,Raymond Felton,Stephen Jackson,1,2:17,CHA,shot,Raymond Felton,,,,,,,,,Boris Diaw,2,,,made,,layup,25,6
Darren Collison,David West,Emeka Okafor,Morris Peterson,Peja Stojakovic,Boris Diaw,Gerald Wallace,Nazr Mohammed,Raymond Felton,Stephen Jackson,1,2:17,NOH,foul,,,,,,,,Boris Diaw,,Morris Peterson,,,,,,shooting,,
Darren Collison,David West,Emeka Okafor,Morris Peterson,Peja Stojakovic,Boris Diaw,Gerald Wallace,Nazr Mohammed,Raymond Felton,Stephen Jackson,1,2:17,CHA,free throw,,,,,,,1,,1,Boris Diaw,,,foul,made,,,,
Darren Collison,David West,Emeka Okafor,Morris Peterson,Peja Stojakovic,Boris Diaw,Gerald Wallace,Nazr Mohammed,Raymond Felton,Stephen Jackson,1,2:02,NOH,shot,,,,,,,,,,Morris Peterson,,,,missed,,3pt,13,29
Darren Collison,David West,Emeka Okafor,Morris Peterson,Peja Stojakovic,Boris Diaw,Gerald Wallace,Nazr Mohammed,Raymond Felton,Stephen Jackson,1,2:01,CHA,rebound,,,,,,,,,,Gerald Wallace,,,,,,def,,
Darren Collison,David West,Emeka Okafor,Morris Peterson,Peja Stojakovic,Boris Diaw,Gerald Wallace,Nazr Mohammed,Raymond Felton,Stephen Jackson,1,1:44,CHA,shot,Raymond Felton,,,,,,,,,Gerald Wallace,2,,,made,,alley oop dunk,25,6
Darren Collison,David West,Emeka Okafor,Morris Peterson,Peja Stojakovic,Boris Diaw,Gerald Wallace,Nazr Mohammed,Raymond Felton,Stephen Jackson,1,1:29,NOH,shot,,,,,,,,,,Peja Stojakovic,,,,missed,,3pt,33,30
Darren Collison,David West,Emeka Okafor,Morris Peterson,Peja Stojakovic,Boris Diaw,Gerald Wallace,Nazr Mohammed,Raymond Felton,Stephen Jackson,1,1:28,CHA,rebound,,,,,,,,,,Boris Diaw,,,,,,def,,
Darren Collison,David West,Emeka Okafor,Morris Peterson,Peja Stojakovic,Boris Diaw,Gerald Wallace,Nazr Mohammed,Raymond Felton,Stephen Jackson,1,1:15,CHA,shot,Boris Diaw,,,,,,,,,Nazr Mohammed,2,,,made,,jump bank,15,10
Darren Collison,David West,Emeka Okafor,Morris Peterson,Peja Stojakovic,Boris Diaw,Gerald Wallace,Nazr Mohammed,Raymond Felton,Stephen Jackson,1,0:53,NOH,shot,,,,,,,,,,Emeka Okafor,,,,missed,,jump,25,13
Darren Collison,David West,Emeka Okafor,Morris Peterson,Peja Stojakovic,Boris Diaw,Gerald Wallace,Nazr Mohammed,Raymond Felton,Stephen Jackson,1,0:53,CHA,rebound,,,,,,,,,,Nazr Mohammed,,,,,,def,,
Darren Collison,David West,Emeka Okafor,Morris Peterson,Peja Stojakovic,Boris Diaw,Gerald Wallace,Nazr Mohammed,Raymond Felton,Stephen Jackson,1,0:37,NOH,foul,,,,,,,,Gerald Wallace,,Darren Collison,,,,,,personal,,
Darren Collison,David West,Emeka Okafor,Morris Peterson,Peja Stojakovic,Boris Diaw,Gerald Wallace,Nazr Mohammed,Raymond Felton,Stephen Jackson,1,0:32,CHA,turnover,,,,,,,,,,Stephen Jackson,,,bad pass,,,,,
Darren Collison,David West,Emeka Okafor,Morris Peterson,Peja Stojakovic,Boris Diaw,Gerald Wallace,Nazr Mohammed,Raymond Felton,Stephen Jackson,1,0:24,NOH,shot,Darren Collison,,,,,,,,,Emeka Okafor,2,,,made,,alley oop layup,25,6
Darren Collison,David West,Emeka Okafor,Morris Peterson,Peja Stojakovic,Boris Diaw,Gerald Wallace,Nazr Mohammed,Raymond Felton,Stephen Jackson,1,0:03,CHA,shot,,,,,,,,,,Raymond Felton,,,,missed,,3pt,22,32
Darren Collison,David West,Emeka Okafor,Morris Peterson,Peja Stojakovic,Boris Diaw,Gerald Wallace,Nazr Mohammed,Raymond Felton,Stephen Jackson,1,0:00,CHA,rebound,,,,,,,,,,Stephen Jackson,,,,,,off,,
Darius Songaila,Darren Collison,David West,James Posey,Peja Stojakovic,Boris Diaw,D.J. Augustin,Gerald Wallace,Ronald Murray,Stephen Jackson,2,11:52,NOH,turnover,,,,,,,,,,David West,,,bad pass,,Stephen Jackson,,,
Darius Songaila,Darren Collison,David West,James Posey,Peja Stojakovic,Boris Diaw,D.J. Augustin,Gerald Wallace,Ronald Murray,Stephen Jackson,2,11:42,CHA,shot,,,James Posey,,,,,,,Ronald Murray,,,,missed,,layup,25,6
Darius Songaila,Darren Collison,David West,James Posey,Peja Stojakovic,Boris Diaw,D.J. Augustin,Gerald Wallace,Ronald Murray,Stephen Jackson,2,11:38,CHA,rebound,,,,,,,,,,,,,,,,,,
Darius Songaila,Darren Collison,David West,James Posey,Peja Stojakovic,Boris Diaw,D.J. Augustin,Gerald Wallace,Ronald Murray,Stephen Jackson,2,11:27,CHA,shot,D.J. Augustin,,,,,,,,,Gerald Wallace,2,,,made,,jump,25,24
Darius Songaila,Darren Collison,David West,James Posey,Peja Stojakovic,Boris Diaw,D.J. Augustin,Gerald Wallace,Ronald Murray,Stephen Jackson,2,11:01,NOH,shot,,,,,,,,,,Darren Collison,,,,missed,,jump,30,18
Darius Songaila,Darren Collison,David West,James Posey,Peja Stojakovic,Boris Diaw,D.J. Augustin,Gerald Wallace,Ronald Murray,Stephen Jackson,2,10:57,CHA,rebound,,,,,,,,,,Stephen Jackson,,,,,,def,,
Darius Songaila,Darren Collison,David West,James Posey,Peja Stojakovic,Boris Diaw,D.J. Augustin,Gerald Wallace,Ronald Murray,Stephen Jackson,2,10:47,CHA,shot,,,,,,,,,,Stephen Jackson,,,,missed,,jump,33,24
Darius Songaila,Darren Collison,David West,James Posey,Peja Stojakovic,Boris Diaw,D.J. Augustin,Gerald Wallace,Ronald Murray,Stephen Jackson,2,10:45,NOH,rebound,,,,,,,,,,David West,,,,,,def,,
Darius Songaila,Darren Collison,David West,James Posey,Peja Stojakovic,Boris Diaw,D.J. Augustin,Gerald Wallace,Ronald Murray,Stephen Jackson,2,10:39,NOH,shot,,,,,,,,,,Darren Collison,2,,,made,,jump,20,26
Darius Songaila,Darren Collison,David West,James Posey,Peja Stojakovic,Boris Diaw,D.J. Augustin,Gerald Wallace,Ronald Murray,Stephen Jackson,2,10:17,CHA,shot,,,,,,,,,,Ronald Murray,2,,,made,,layup,25,6
Darius Songaila,Darren Collison,David West,James Posey,Peja Stojakovic,Boris Diaw,D.J. Augustin,Gerald Wallace,Ronald Murray,Stephen Jackson,2,10:17,NOH,foul,,,,,,,,Ronald Murray,,James Posey,,,,,,shooting,,
Darius Songaila,David West,James Posey,Jason Hart,Peja Stojakovic,Boris Diaw,D.J. Augustin,Gerald Wallace,Ronald Murray,Stephen Jackson,2,10:17,NOH,sub,,,,Jason Hart,,Darren Collison,,,,,,,,,,,,
Darius Songaila,David West,James Posey,Jason Hart,Peja Stojakovic,Boris Diaw,D.J. Augustin,Gerald Wallace,Ronald Murray,Stephen Jackson,2,10:17,CHA,free throw,,,,,,,1,,1,Ronald Murray,,,foul,missed,,,,
Darius Songaila,David West,James Posey,Jason Hart,Peja Stojakovic,Boris Diaw,D.J. Augustin,Gerald Wallace,Ronald Murray,Stephen Jackson,2,10:17,NOH,rebound,,,,,,,,,,Darius Songaila,,,,,,def,,
Darius Songaila,David West,James Posey,Jason Hart,Peja Stojakovic,Boris Diaw,D.J. Augustin,Gerald Wallace,Ronald Murray,Stephen Jackson,2,10:17,NOH,turnover,,,,,,,,,,Jason Hart,,,bad pass,,Stephen Jackson,,,
Darius Songaila,David West,James Posey,Jason Hart,Peja Stojakovic,Boris Diaw,D.J. Augustin,Gerald Wallace,Ronald Murray,Stephen Jackson,2,10:04,NOH,foul,,,,,,,,D.J. Augustin,,Jason Hart,,,,,,shooting,,
Darius Songaila,David West,James Posey,Jason Hart,Peja Stojakovic,Boris Diaw,D.J. Augustin,Gerald Wallace,Ronald Murray,Stephen Jackson,2,10:04,CHA,free throw,,,,,,,1,,2,D.J. Augustin,,,foul,made,,,,
Darius Songaila,David West,James Posey,Jason Hart,Peja Stojakovic,Boris Diaw,D.J. Augustin,Gerald Wallace,Ronald Murray,Stephen Jackson,2,10:04,CHA,free throw,,,,,,,2,,2,D.J. Augustin,,,foul,made,,,,
Darius Songaila,David West,James Posey,Jason Hart,Peja Stojakovic,Boris Diaw,D.J. Augustin,Gerald Wallace,Ronald Murray,Stephen Jackson,2,9:54,NOH,shot,,,,,,,,,,Darius Songaila,,,,missed,,jump,15,8
Darius Songaila,David West,James Posey,Jason Hart,Peja Stojakovic,Boris Diaw,D.J. Augustin,Gerald Wallace,Ronald Murray,Stephen Jackson,2,9:53,CHA,rebound,,,,,,,,,,,,,,,,,,
Darius Songaila,David West,James Posey,Jason Hart,Peja Stojakovic,Boris Diaw,D.J. Augustin,Gerald Wallace,Ronald Murray,Stephen Jackson,2,9:32,CHA,shot,,,,,,,,,,Stephen Jackson,,,,missed,,layup,25,6
Darius Songaila,David West,James Posey,Jason Hart,Peja Stojakovic,Boris Diaw,D.J. Augustin,Gerald Wallace,Ronald Murray,Stephen Jackson,2,9:31,NOH,rebound,,,,,,,,,,James Posey,,,,,,def,,
Darius Songaila,David West,James Posey,Jason Hart,Peja Stojakovic,Boris Diaw,D.J. Augustin,Gerald Wallace,Ronald Murray,Stephen Jackson,2,9:25,NOH,shot,Jason Hart,,,,,,,,,Darius Songaila,2,,,made,,jump,9,9
Darius Songaila,David West,James Posey,Jason Hart,Peja Stojakovic,Boris Diaw,D.J. Augustin,Gerald Wallace,Ronald Murray,Stephen Jackson,2,9:04,CHA,shot,,,,,,,,,,Boris Diaw,,,,missed,,jump,33,24
Darius Songaila,David West,James Posey,Jason Hart,Peja Stojakovic,Boris Diaw,D.J. Augustin,Gerald Wallace,Ronald Murray,Stephen Jackson,2,9:03,NOH,rebound,,,,,,,,,,James Posey,,,,,,def,,
Darius Songaila,David West,James Posey,Jason Hart,Peja Stojakovic,Boris Diaw,D.J. Augustin,Gerald Wallace,Ronald Murray,Stephen Jackson,2,8:56,NOH,timeout,,,,,,,,,,,,,,,,regular,,
Darius Songaila,David West,James Posey,Jason Hart,Peja Stojakovic,Boris Diaw,D.J. Augustin,Gerald Wallace,Ronald Murray,Stephen Graham,2,8:56,CHA,sub,,,,Stephen Graham,,Stephen Jackson,,,,,,,,,,,,
Darius Songaila,David West,James Posey,Jason Hart,Peja Stojakovic,Boris Diaw,D.J. Augustin,Gerald Wallace,Ronald Murray,Stephen Graham,2,8:47,CHA,foul,,,,,,,,David West,,D.J. Augustin,,,,,,shooting,,
Darius Songaila,David West,James Posey,Jason Hart,Peja Stojakovic,Boris Diaw,D.J. Augustin,Gerald Wallace,Ronald Murray,Stephen Graham,2,8:47,NOH,free throw,,,,,,,1,,2,David West,,,foul,made,,,,
Darius Songaila,David West,James Posey,Jason Hart,Julian Wright,Boris Diaw,D.J. Augustin,Gerald Wallace,Ronald Murray,Stephen Graham,2,8:47,NOH,sub,,,,Julian Wright,,Peja Stojakovic,,,,,,,,,,,,
Darius Songaila,David West,James Posey,Jason Hart,Julian Wright,Boris Diaw,D.J. Augustin,Gerald Wallace,Ronald Murray,Stephen Graham,2,8:47,NOH,free throw,,,,,,,2,,2,David West,,,foul,made,,,,
Darius Songaila,David West,James Posey,Jason Hart,Julian Wright,Boris Diaw,D.J. Augustin,Gerald Wallace,Ronald Murray,Stephen Graham,2,8:31,NOH,foul,,,,,,,,Boris Diaw,,Jason Hart,,,,,,shooting,,
Darius Songaila,David West,James Posey,Jason Hart,Julian Wright,Boris Diaw,D.J. Augustin,Gerald Wallace,Ronald Murray,Stephen Graham,2,8:31,CHA,free throw,,,,,,,1,,2,Boris Diaw,,,foul,made,,,,
Darius Songaila,David West,James Posey,Jason Hart,Julian Wright,Boris Diaw,D.J. Augustin,Gerald Wallace,Ronald Murray,Stephen Graham,2,8:31,CHA,free throw,,,,,,,2,,2,Boris Diaw,,,foul,made,,,,
Darius Songaila,David West,James Posey,Jason Hart,Julian Wright,Boris Diaw,D.J. Augustin,Gerald Wallace,Ronald Murray,Stephen Graham,2,8:22,NOH,turnover,,,,,,,,,,Julian Wright,,,bad pass,,D.J. Augustin,,,
Darius Songaila,David West,James Posey,Jason Hart,Julian Wright,Boris Diaw,D.J. Augustin,Gerald Wallace,Ronald Murray,Stephen Graham,2,8:17,CHA,shot,,,,,,,,,,D.J. Augustin,2,,,made,,layup,25,6
Darius Songaila,David West,James Posey,Jason Hart,Julian Wright,Boris Diaw,D.J. Augustin,Gerald Wallace,Ronald Murray,Stephen Graham,2,7:49,NOH,shot,,,,,,,,,,Julian Wright,,,,missed,,jump,28,24
Darius Songaila,David West,James Posey,Jason Hart,Julian Wright,Boris Diaw,D.J. Augustin,Gerald Wallace,Ronald Murray,Stephen Graham,2,7:48,CHA,rebound,,,,,,,,,,D.J. Augustin,,,,,,def,,
Darius Songaila,David West,James Posey,Jason Hart,Julian Wright,Boris Diaw,D.J. Augustin,Gerald Wallace,Ronald Murray,Stephen Graham,2,7:36,CHA,shot,,,,,,,,,,Stephen Graham,,,,missed,,3pt,8,27
Darius Songaila,David West,James Posey,Jason Hart,Julian Wright,Boris Diaw,D.J. Augustin,Gerald Wallace,Ronald Murray,Stephen Graham,2,7:36,NOH,rebound,,,,,,,,,,Darius Songaila,,,,,,def,,
Darius Songaila,David West,James Posey,Jason Hart,Julian Wright,Boris Diaw,D.J. Augustin,Gerald Wallace,Ronald Murray,Stephen Graham,2,7:23,NOH,shot,Julian Wright,,,,,,,,,Jason Hart,2,,,made,,jump,16,23
Darius Songaila,David West,James Posey,Jason Hart,Julian Wright,Boris Diaw,D.J. Augustin,Gerald Wallace,Ronald Murray,Stephen Graham,2,6:59,CHA,shot,,,David West,,,,,,,Stephen Graham,,,,missed,,layup,25,6
Darius Songaila,David West,James Posey,Jason Hart,Julian Wright,Boris Diaw,D.J. Augustin,Gerald Wallace,Ronald Murray,Stephen Graham,2,6:58,NOH,rebound,,,,,,,,,,James Posey,,,,,,def,,
Darius Songaila,David West,James Posey,Jason Hart,Julian Wright,Boris Diaw,D.J. Augustin,Gerald Wallace,Ronald Murray,Stephen Graham,2,6:45,NOH,shot,,,,,,,,,,David West,,,,missed,,fade away jumper,9,10
Darius Songaila,David West,James Posey,Jason Hart,Julian Wright,Boris Diaw,D.J. Augustin,Gerald Wallace,Ronald Murray,Stephen Graham,2,6:44,CHA,rebound,,,,,,,,,,Gerald Wallace,,,,,,def,,
Darius Songaila,David West,James Posey,Jason Hart,Julian Wright,Boris Diaw,D.J. Augustin,Gerald Wallace,Ronald Murray,Stephen Graham,2,6:38,CHA,shot,Gerald Wallace,,,,,,,,,D.J. Augustin,2,,,made,,jump,21,24
Darius Songaila,David West,James Posey,Jason Hart,Julian Wright,Boris Diaw,D.J. Augustin,Gerald Wallace,Ronald Murray,Stephen Graham,2,6:38,NOH,turnover,,,,,,,,,,Jason Hart,,,bad pass,,Ronald Murray,,,
Darius Songaila,David West,James Posey,Jason Hart,Julian Wright,Boris Diaw,D.J. Augustin,Gerald Wallace,Ronald Murray,Stephen Graham,2,6:38,CHA,turnover,,,,,,,,,,Ronald Murray,,,lost ball,,Darius Songaila,,,
Darius Songaila,David West,James Posey,Jason Hart,Julian Wright,Boris Diaw,D.J. Augustin,Gerald Wallace,Ronald Murray,Stephen Graham,2,6:18,NOH,shot,,,,,,,,,,James Posey,3,,,made,,3pt,31,30
Darius Songaila,David West,James Posey,Jason Hart,Julian Wright,Boris Diaw,D.J. Augustin,Gerald Wallace,Ronald Murray,Stephen Graham,2,6:01,CHA,shot,,,,,,,,,,Ronald Murray,,,,missed,,jump,14,22
Darius Songaila,David West,James Posey,Jason Hart,Julian Wright,Boris Diaw,D.J. Augustin,Gerald Wallace,Ronald Murray,Stephen Graham,2,6:01,NOH,rebound,,,,,,,,,,James Posey,,,,,,def,,
Darius Songaila,David West,James Posey,Jason Hart,Julian Wright,Boris Diaw,D.J. Augustin,Gerald Wallace,Ronald Murray,Stephen Graham,2,5:45,NOH,shot,David West,,,,,,,,,James Posey,3,,,made,,3pt,34,30
Darius Songaila,David West,James Posey,Jason Hart,Julian Wright,Boris Diaw,D.J. Augustin,Gerald Wallace,Ronald Murray,Stephen Graham,2,5:28,CHA,shot,,,,,,,,,,D.J. Augustin,,,,missed,,driving layup,25,6
Darius Songaila,David West,James Posey,Jason Hart,Julian Wright,Boris Diaw,D.J. Augustin,Gerald Wallace,Ronald Murray,Stephen Graham,2,5:27,NOH,rebound,,,,,,,,,,Darius Songaila,,,,,,def,,
Darius Songaila,David West,James Posey,Jason Hart,Julian Wright,Boris Diaw,D.J. Augustin,Gerald Wallace,Ronald Murray,Stephen Graham,2,5:18,NOH,shot,Darius Songaila,,,,,,,,,Julian Wright,2,,,made,,dunk,25,6
Darius Songaila,David West,James Posey,Jason Hart,Julian Wright,Boris Diaw,D.J. Augustin,Gerald Wallace,Ronald Murray,Stephen Graham,2,4:53,CHA,shot,,,,,,,,,,Ronald Murray,,,,missed,,driving layup,25,6
Darius Songaila,David West,James Posey,Jason Hart,Julian Wright,Boris Diaw,D.J. Augustin,Gerald Wallace,Ronald Murray,Stephen Graham,2,4:51,NOH,rebound,,,,,,,,,,James Posey,,,,,,def,,
Darius Songaila,David West,James Posey,Jason Hart,Julian Wright,Boris Diaw,D.J. Augustin,Gerald Wallace,Ronald Murray,Stephen Graham,2,4:42,NOH,shot,,,,,,,,,,James Posey,,,,missed,,jump,19,22
Darius Songaila,David West,James Posey,Jason Hart,Julian Wright,Boris Diaw,D.J. Augustin,Gerald Wallace,Ronald Murray,Stephen Graham,2,4:42,CHA,rebound,,,,,,,,,,Stephen Graham,,,,,,def,,
Darius Songaila,David West,James Posey,Jason Hart,Julian Wright,Boris Diaw,D.J. Augustin,Gerald Wallace,Ronald Murray,Stephen Graham,2,4:26,CHA,shot,D.J. Augustin,,,,,,,,,Boris Diaw,2,,,made,,layup,25,6
Darius Songaila,David West,James Posey,Jason Hart,Julian Wright,Boris Diaw,D.J. Augustin,Gerald Wallace,Ronald Murray,Stephen Graham,2,4:26,NOH,foul,,,,,,,,Boris Diaw,,James Posey,,,,,,shooting,,
Darius Songaila,David West,James Posey,Jason Hart,Julian Wright,Boris Diaw,D.J. Augustin,Gerald Wallace,Ronald Murray,Stephen Graham,2,4:26,CHA,timeout,,,,,,,,,,,,,,,,official,,
Darius Songaila,Darren Collison,David West,James Posey,Julian Wright,Boris Diaw,D.J. Augustin,Gerald Wallace,Ronald Murray,Stephen Graham,2,4:26,NOH,sub,,,,Darren Collison,,Jason Hart,,,,,,,,,,,,
Darius Songaila,Darren Collison,David West,James Posey,Julian Wright,Boris Diaw,D.J. Augustin,Nazr Mohammed,Ronald Murray,Stephen Graham,2,4:26,CHA,sub,,,,Nazr Mohammed,,Gerald Wallace,,,,,,,,,,,,
Darius Songaila,Darren Collison,David West,James Posey,Julian Wright,Boris Diaw,D.J. Augustin,Nazr Mohammed,Ronald Murray,Stephen Graham,2,4:26,CHA,free throw,,,,,,,1,,1,Boris Diaw,,,foul,made,,,,
Darius Songaila,Darren Collison,David West,James Posey,Julian Wright,Boris Diaw,D.J. Augustin,Nazr Mohammed,Ronald Murray,Stephen Graham,2,4:09,NOH,shot,,,,,,,,,,Darius Songaila,,,,missed,,jump,7,9
Darius Songaila,Darren Collison,David West,James Posey,Julian Wright,Boris Diaw,D.J. Augustin,Nazr Mohammed,Ronald Murray,Stephen Graham,2,4:08,CHA,rebound,,,,,,,,,,Ronald Murray,,,,,,def,,
Darius Songaila,Darren Collison,David West,James Posey,Julian Wright,Boris Diaw,D.J. Augustin,Nazr Mohammed,Ronald Murray,Stephen Graham,2,3:48,CHA,shot,Boris Diaw,,,,,,,,,Nazr Mohammed,2,,,made,,turnaround fade away,18,12
Darius Songaila,Darren Collison,David West,James Posey,Julian Wright,Boris Diaw,D.J. Augustin,Nazr Mohammed,Ronald Murray,Stephen Graham,2,3:34,NOH,shot,,,,,,,,,,David West,2,,,made,,jump,9,13
Darius Songaila,Darren Collison,David West,James Posey,Julian Wright,Boris Diaw,D.J. Augustin,Nazr Mohammed,Ronald Murray,Stephen Graham,2,3:15,NOH,foul,,,,,,,,Boris Diaw,,David West,,,,,,shooting,,
Darius Songaila,Darren Collison,David West,James Posey,Julian Wright,Boris Diaw,D.J. Augustin,Nazr Mohammed,Ronald Murray,Stephen Jackson,2,3:15,CHA,sub,,,,Stephen Jackson,,Stephen Graham,,,,,,,,,,,,
Darius Songaila,Darren Collison,David West,James Posey,Julian Wright,Boris Diaw,D.J. Augustin,Nazr Mohammed,Ronald Murray,Stephen Jackson,2,3:15,CHA,free throw,,,,,,,1,,2,Boris Diaw,,,foul,made,,,,
Darius Songaila,Darren Collison,Emeka Okafor,James Posey,Julian Wright,Boris Diaw,D.J. Augustin,Nazr Mohammed,Ronald Murray,Stephen Jackson,2,3:15,NOH,sub,,,,Emeka Okafor,,David West,,,,,,,,,,,,
Darius Songaila,Darren Collison,Emeka Okafor,James Posey,Julian Wright,Boris Diaw,D.J. Augustin,Nazr Mohammed,Ronald Murray,Stephen Jackson,2,3:15,CHA,free throw,,,,,,,2,,2,Boris Diaw,,,foul,made,,,,
Darius Songaila,Darren Collison,Emeka Okafor,James Posey,Julian Wright,Boris Diaw,D.J. Augustin,Nazr Mohammed,Ronald Murray,Stephen Jackson,2,2:55,NOH,shot,Julian Wright,,,,,,,,,Emeka Okafor,2,,,made,,hook,24,11
Darius Songaila,Darren Collison,Emeka Okafor,James Posey,Julian Wright,Boris Diaw,D.J. Augustin,Nazr Mohammed,Ronald Murray,Stephen Jackson,2,2:35,CHA,shot,Stephen Jackson,,,,,,,,,D.J. Augustin,2,,,made,,jump,33,24
Darius Songaila,Darren Collison,Emeka Okafor,James Posey,Julian Wright,Boris Diaw,D.J. Augustin,Nazr Mohammed,Ronald Murray,Stephen Jackson,2,2:15,NOH,shot,,,,,,,,,,Emeka Okafor,,,,missed,,layup,25,6
Darius Songaila,Darren Collison,Emeka Okafor,James Posey,Julian Wright,Boris Diaw,D.J. Augustin,Nazr Mohammed,Ronald Murray,Stephen Jackson,2,2:14,CHA,rebound,,,,,,,,,,Stephen Jackson,,,,,,def,,
Darius Songaila,Darren Collison,Emeka Okafor,James Posey,Julian Wright,Boris Diaw,D.J. Augustin,Nazr Mohammed,Ronald Murray,Stephen Jackson,2,2:11,CHA,shot,D.J. Augustin,,,,,,,,,Ronald Murray,2,,,made,,jump,12,20
Darius Songaila,Darren Collison,Emeka Okafor,James Posey,Julian Wright,Boris Diaw,D.J. Augustin,Nazr Mohammed,Ronald Murray,Stephen Jackson,2,1:48,NOH,turnover,,,,,,,,,,Emeka Okafor,,,lost ball,,D.J. Augustin,,,
Darius Songaila,Darren Collison,Emeka Okafor,James Posey,Julian Wright,Boris Diaw,D.J. Augustin,Nazr Mohammed,Ronald Murray,Stephen Jackson,2,1:36,CHA,shot,Stephen Jackson,,,,,,,,,Nazr Mohammed,2,,,made,,layup,25,6
Darius Songaila,Darren Collison,Emeka Okafor,James Posey,Julian Wright,Boris Diaw,D.J. Augustin,Nazr Mohammed,Ronald Murray,Stephen Jackson,2,1:26,NOH,timeout,,,,,,,,,,,,,,,,short,,
Darius Songaila,Darren Collison,Emeka Okafor,James Posey,Julian Wright,Boris Diaw,D.J. Augustin,Nazr Mohammed,Ronald Murray,Stephen Jackson,2,1:26,CHA,timeout,,,,,,,,,,,,,,,,regular,,
Darius Songaila,Darren Collison,Emeka Okafor,James Posey,Julian Wright,D.J. Augustin,Gerald Wallace,Nazr Mohammed,Ronald Murray,Stephen Jackson,2,1:26,CHA,sub,,,,Gerald Wallace,,Boris Diaw,,,,,,,,,,,,
Darius Songaila,Darren Collison,Emeka Okafor,James Posey,Julian Wright,D.J. Augustin,Gerald Wallace,Nazr Mohammed,Ronald Murray,Stephen Jackson,2,1:18,NOH,shot,,,,,,,,,,Darren Collison,2,,,made,,driving jump,25,16
Darius Songaila,Darren Collison,Emeka Okafor,James Posey,Julian Wright,D.J. Augustin,Gerald Wallace,Nazr Mohammed,Ronald Murray,Stephen Jackson,2,0:51,CHA,shot,,,,,,,,,,Ronald Murray,,,,missed,,running jump,19,11
Darius Songaila,Darren Collison,Emeka Okafor,James Posey,Julian Wright,D.J. Augustin,Gerald Wallace,Nazr Mohammed,Ronald Murray,Stephen Jackson,2,0:49,CHA,rebound,,,,,,,,,,Nazr Mohammed,,,,,,off,,
Darius Songaila,Darren Collison,Emeka Okafor,James Posey,Julian Wright,D.J. Augustin,Gerald Wallace,Nazr Mohammed,Ronald Murray,Stephen Jackson,2,0:49,CHA,shot,,,,,,,,,,Nazr Mohammed,2,,,made,,tip,25,6
Darius Songaila,Darren Collison,Emeka Okafor,James Posey,Julian Wright,D.J. Augustin,Gerald Wallace,Nazr Mohammed,Ronald Murray,Stephen Jackson,2,0:28,NOH,shot,,,,,,,,,,James Posey,,,,missed,,3pt,39,28
Darius Songaila,Darren Collison,Emeka Okafor,James Posey,Julian Wright,D.J. Augustin,Gerald Wallace,Nazr Mohammed,Ronald Murray,Stephen Jackson,2,0:28,CHA,rebound,,,,,,,,,,Ronald Murray,,,,,,def,,
Darius Songaila,Darren Collison,Emeka Okafor,James Posey,Julian Wright,D.J. Augustin,Gerald Wallace,Nazr Mohammed,Ronald Murray,Stephen Jackson,2,0:03,CHA,shot,,,,,,,,,,Ronald Murray,,,,missed,,3pt,10,29
Darius Songaila,Darren Collison,Emeka Okafor,James Posey,Julian Wright,D.J. Augustin,Gerald Wallace,Nazr Mohammed,Ronald Murray,Stephen Jackson,2,0:02,NOH,rebound,,,,,,,,,,Emeka Okafor,,,,,,def,,
Darius Songaila,Darren Collison,Emeka Okafor,James Posey,Julian Wright,D.J. Augustin,Gerald Wallace,Nazr Mohammed,Ronald Murray,Stephen Jackson,2,0:00,NOH,shot,,,,,,,,,,Darren Collison,,,,missed,,3pt,14,44
Darius Songaila,Darren Collison,Emeka Okafor,James Posey,Julian Wright,D.J. Augustin,Gerald Wallace,Nazr Mohammed,Ronald Murray,Stephen Jackson,2,0:00,NOH,rebound,,,,,,,,,,,,,,,,,,
Darren Collison,David West,Emeka Okafor,Morris Peterson,Peja Stojakovic,Boris Diaw,Gerald Wallace,Nazr Mohammed,Raymond Felton,Stephen Jackson,3,11:41,NOH,shot,,,,,,,,,,David West,2,,,made,,running jump,25,13
Darren Collison,David West,Emeka Okafor,Morris Peterson,Peja Stojakovic,Boris Diaw,Gerald Wallace,Nazr Mohammed,Raymond Felton,Stephen Jackson,3,11:28,CHA,turnover,,,,,,,,,,Boris Diaw,,,lost ball,,David West,,,
Darren Collison,David West,Emeka Okafor,Morris Peterson,Peja Stojakovic,Boris Diaw,Gerald Wallace,Nazr Mohammed,Raymond Felton,Stephen Jackson,3,11:24,NOH,shot,David West,,,,,,,,,Peja Stojakovic,2,,,made,,dunk,25,6
Darren Collison,David West,Emeka Okafor,Morris Peterson,Peja Stojakovic,Boris Diaw,Gerald Wallace,Nazr Mohammed,Raymond Felton,Stephen Jackson,3,10:55,CHA,turnover,,,,,,,,,,Stephen Jackson,,,bad pass,,,,,
Darren Collison,David West,Emeka Okafor,Morris Peterson,Peja Stojakovic,Boris Diaw,Gerald Wallace,Nazr Mohammed,Raymond Felton,Stephen Jackson,3,10:37,CHA,foul,,,,,,,,David West,,Boris Diaw,,,,,,personal,,
Darren Collison,David West,Emeka Okafor,Morris Peterson,Peja Stojakovic,Boris Diaw,Gerald Wallace,Nazr Mohammed,Raymond Felton,Stephen Jackson,3,10:32,NOH,shot,,,,,,,,,,Morris Peterson,,,,missed,,3pt,30,32
Darren Collison,David West,Emeka Okafor,Morris Peterson,Peja Stojakovic,Boris Diaw,Gerald Wallace,Nazr Mohammed,Raymond Felton,Stephen Jackson,3,10:31,CHA,rebound,,,,,,,,,,,,,,,,,,
Darren Collison,David West,Emeka Okafor,Morris Peterson,Peja Stojakovic,Boris Diaw,Gerald Wallace,Nazr Mohammed,Raymond Felton,Stephen Jackson,3,10:20,CHA,shot,,,,,,,,,,Nazr Mohammed,,,,missed,,jump,21,19
Darren Collison,David West,Emeka Okafor,Morris Peterson,Peja Stojakovic,Boris Diaw,Gerald Wallace,Nazr Mohammed,Raymond Felton,Stephen Jackson,3,10:19,NOH,rebound,,,,,,,,,,Darren Collison,,,,,,def,,
Darren Collison,David West,Emeka Okafor,Morris Peterson,Peja Stojakovic,Boris Diaw,Gerald Wallace,Nazr Mohammed,Raymond Felton,Stephen Jackson,3,10:17,NOH,shot,Peja Stojakovic,,,,,,,,,Morris Peterson,2,,,made,,layup,25,6
Darren Collison,David West,Emeka Okafor,Morris Peterson,Peja Stojakovic,Boris Diaw,Gerald Wallace,Nazr Mohammed,Raymond Felton,Stephen Jackson,3,10:01,NOH,foul,,,,,,,,Stephen Jackson,,Morris Peterson,,,,,,shooting,,
Darren Collison,David West,Emeka Okafor,Morris Peterson,Peja Stojakovic,Boris Diaw,Gerald Wallace,Nazr Mohammed,Raymond Felton,Stephen Jackson,3,10:01,CHA,free throw,,,,,,,1,,2,Stephen Jackson,,,foul,made,,,,
Darren Collison,David West,Emeka Okafor,Morris Peterson,Peja Stojakovic,Boris Diaw,Gerald Wallace,Nazr Mohammed,Raymond Felton,Stephen Jackson,3,10:01,CHA,free throw,,,,,,,2,,2,Stephen Jackson,,,foul,made,,,,
Darren Collison,David West,Emeka Okafor,Morris Peterson,Peja Stojakovic,Boris Diaw,Gerald Wallace,Nazr Mohammed,Raymond Felton,Stephen Jackson,3,9:49,CHA,foul,,,,,,,,Emeka Okafor,,Nazr Mohammed,,,,,,personal,,
Darren Collison,David West,Emeka Okafor,Morris Peterson,Peja Stojakovic,Boris Diaw,Gerald Wallace,Nazr Mohammed,Raymond Felton,Stephen Jackson,3,9:43,NOH,shot,Peja Stojakovic,,,,,,,,,David West,2,,,made,,layup,25,6
Darren Collison,David West,Emeka Okafor,Morris Peterson,Peja Stojakovic,Boris Diaw,Gerald Wallace,Nazr Mohammed,Raymond Felton,Stephen Jackson,3,9:16,CHA,shot,Raymond Felton,,,,,,,,,Gerald Wallace,3,,,made,,3pt,48,9
Darren Collison,David West,Emeka Okafor,Morris Peterson,Peja Stojakovic,Boris Diaw,Gerald Wallace,Nazr Mohammed,Raymond Felton,Stephen Jackson,3,9:00,NOH,shot,Darren Collison,,,,,,,,,Peja Stojakovic,2,,,made,,driving reverse layup,25,6
Darren Collison,David West,Emeka Okafor,Morris Peterson,Peja Stojakovic,Boris Diaw,Gerald Wallace,Nazr Mohammed,Raymond Felton,Stephen Jackson,3,8:41,CHA,shot,,,,,,,,,,Stephen Jackson,,,,missed,,layup,25,6
Darren Collison,David West,Emeka Okafor,Morris Peterson,Peja Stojakovic,Boris Diaw,Gerald Wallace,Nazr Mohammed,Raymond Felton,Stephen Jackson,3,8:41,NOH,rebound,,,,,,,,,,Darren Collison,,,,,,def,,
Darren Collison,David West,Emeka Okafor,Morris Peterson,Peja Stojakovic,Boris Diaw,Gerald Wallace,Nazr Mohammed,Raymond Felton,Stephen Jackson,3,8:36,NOH,shot,,,,,,,,,,Darren Collison,2,,,made,,driving layup,25,6
Darren Collison,David West,Emeka Okafor,Morris Peterson,Peja Stojakovic,Boris Diaw,Gerald Wallace,Nazr Mohammed,Raymond Felton,Stephen Jackson,3,8:16,CHA,shot,,,,,,,,,,Boris Diaw,,,,missed,,jump,23,24
Darren Collison,David West,Emeka Okafor,Morris Peterson,Peja Stojakovic,Boris Diaw,Gerald Wallace,Nazr Mohammed,Raymond Felton,Stephen Jackson,3,8:15,NOH,rebound,,,,,,,,,,Darren Collison,,,,,,def,,
Darren Collison,David West,Emeka Okafor,Morris Peterson,Peja Stojakovic,Boris Diaw,Gerald Wallace,Nazr Mohammed,Raymond Felton,Stephen Jackson,3,8:04,CHA,foul,,,,,,,,Emeka Okafor,,Boris Diaw,,,,,,personal,,
Darren Collison,David West,Emeka Okafor,Morris Peterson,Peja Stojakovic,Boris Diaw,Gerald Wallace,Nazr Mohammed,Raymond Felton,Stephen Jackson,3,7:57,NOH,shot,,,,,,,,,,David West,,,,missed,,jump,39,8
Darren Collison,David West,Emeka Okafor,Morris Peterson,Peja Stojakovic,Boris Diaw,Gerald Wallace,Nazr Mohammed,Raymond Felton,Stephen Jackson,3,7:57,CHA,rebound,,,,,,,,,,Stephen Jackson,,,,,,def,,
Darren Collison,David West,Emeka Okafor,Morris Peterson,Peja Stojakovic,Boris Diaw,Gerald Wallace,Nazr Mohammed,Raymond Felton,Stephen Jackson,3,7:48,CHA,shot,,,Emeka Okafor,,,,,,,Stephen Jackson,,,,missed,,layup,25,6
Darren Collison,David West,Emeka Okafor,Morris Peterson,Peja Stojakovic,Boris Diaw,Gerald Wallace,Nazr Mohammed,Raymond Felton,Stephen Jackson,3,7:46,NOH,rebound,,,,,,,,,,,,,,,,,,
Darren Collison,David West,Emeka Okafor,Morris Peterson,Peja Stojakovic,Boris Diaw,Gerald Wallace,Nazr Mohammed,Raymond Felton,Stephen Jackson,3,7:38,NOH,shot,,,,,,,,,,Peja Stojakovic,,,,missed,,3pt,19,31
Darren Collison,David West,Emeka Okafor,Morris Peterson,Peja Stojakovic,Boris Diaw,Gerald Wallace,Nazr Mohammed,Raymond Felton,Stephen Jackson,3,7:37,NOH,rebound,,,,,,,,,,Darren Collison,,,,,,off,,
Darren Collison,David West,Emeka Okafor,Morris Peterson,Peja Stojakovic,Boris Diaw,Gerald Wallace,Nazr Mohammed,Raymond Felton,Stephen Jackson,3,7:32,NOH,shot,,,,,,,,,,Darren Collison,,,,missed,,jump,38,14
Darren Collison,David West,Emeka Okafor,Morris Peterson,Peja Stojakovic,Boris Diaw,Gerald Wallace,Nazr Mohammed,Raymond Felton,Stephen Jackson,3,7:30,NOH,rebound,,,,,,,,,,David West,,,,,,off,,
Darren Collison,David West,Emeka Okafor,Morris Peterson,Peja Stojakovic,Boris Diaw,Gerald Wallace,Nazr Mohammed,Raymond Felton,Stephen Jackson,3,7:28,NOH,turnover,,,,,,,,,,David West,,,bad pass,,Raymond Felton,,,
Darren Collison,David West,Emeka Okafor,Morris Peterson,Peja Stojakovic,Boris Diaw,Gerald Wallace,Nazr Mohammed,Raymond Felton,Stephen Jackson,3,7:24,CHA,shot,Raymond Felton,,,,,,,,,Stephen Jackson,2,,,made,,layup,25,6
Darren Collison,David West,Emeka Okafor,Morris Peterson,Peja Stojakovic,Boris Diaw,Gerald Wallace,Nazr Mohammed,Raymond Felton,Stephen Jackson,3,7:16,NOH,shot,Morris Peterson,,,,,,,,,Emeka Okafor,2,,,made,,alley oop layup,25,6
Darren Collison,David West,Emeka Okafor,Morris Peterson,Peja Stojakovic,Boris Diaw,Gerald Wallace,Nazr Mohammed,Raymond Felton,Stephen Jackson,3,6:50,CHA,shot,Gerald Wallace,,,,,,,,,Stephen Jackson,3,,,made,,3pt,9,27
Darren Collison,David West,Emeka Okafor,Morris Peterson,Peja Stojakovic,Boris Diaw,Gerald Wallace,Nazr Mohammed,Raymond Felton,Stephen Jackson,3,6:26,NOH,shot,,,,,,,,,,Peja Stojakovic,2,,,made,,jump bank,36,18
Darren Collison,David West,Emeka Okafor,Morris Peterson,Peja Stojakovic,Boris Diaw,Gerald Wallace,Nazr Mohammed,Raymond Felton,Stephen Jackson,3,6:08,CHA,turnover,,,,,,,,,,Gerald Wallace,,,lost ball,,Darren Collison,,,
Darren Collison,David West,Emeka Okafor,Morris Peterson,Peja Stojakovic,Boris Diaw,Gerald Wallace,Nazr Mohammed,Raymond Felton,Stephen Jackson,3,6:03,NOH,shot,,,,,,,,,,Darren Collison,2,,,made,,layup,25,6
Darren Collison,David West,Emeka Okafor,Morris Peterson,Peja Stojakovic,Boris Diaw,Gerald Wallace,Nazr Mohammed,Raymond Felton,Stephen Jackson,3,6:03,CHA,foul,,,,,,,,Darren Collison,,Raymond Felton,,,,,,shooting,,
Darren Collison,David West,Emeka Okafor,Morris Peterson,Peja Stojakovic,Boris Diaw,Gerald Wallace,Nazr Mohammed,Raymond Felton,Stephen Jackson,3,6:03,NOH,free throw,,,,,,,1,,1,Darren Collison,,,foul,made,,,,
Darren Collison,David West,Emeka Okafor,Morris Peterson,Peja Stojakovic,Boris Diaw,Gerald Wallace,Nazr Mohammed,Raymond Felton,Stephen Jackson,3,5:51,CHA,shot,,,,,,,,,,Boris Diaw,,,,missed,,hook,23,13
Darren Collison,David West,Emeka Okafor,Morris Peterson,Peja Stojakovic,Boris Diaw,Gerald Wallace,Nazr Mohammed,Raymond Felton,Stephen Jackson,3,5:50,NOH,rebound,,,,,,,,,,Morris Peterson,,,,,,def,,
Darren Collison,David West,Emeka Okafor,Morris Peterson,Peja Stojakovic,Boris Diaw,Gerald Wallace,Nazr Mohammed,Raymond Felton,Stephen Jackson,3,5:40,CHA,timeout,,,,,,,,,,,,,,,,regular,,
Darren Collison,David West,Emeka Okafor,Morris Peterson,Peja Stojakovic,Boris Diaw,Gerald Wallace,Nazr Mohammed,Raymond Felton,Stephen Jackson,3,5:31,NOH,shot,Morris Peterson,,,,,,,,,Darren Collison,3,,,made,,3pt,1,9
Darren Collison,David West,Emeka Okafor,Morris Peterson,Peja Stojakovic,Boris Diaw,Gerald Wallace,Nazr Mohammed,Raymond Felton,Stephen Jackson,3,5:19,CHA,shot,,,,,,,,,,Raymond Felton,,,,missed,,layup,25,6
Darren Collison,David West,Emeka Okafor,Morris Peterson,Peja Stojakovic,Boris Diaw,Gerald Wallace,Nazr Mohammed,Raymond Felton,Stephen Jackson,3,5:19,CHA,rebound,,,,,,,,,,Nazr Mohammed,,,,,,off,,
Darren Collison,David West,Emeka Okafor,Morris Peterson,Peja Stojakovic,Boris Diaw,Gerald Wallace,Nazr Mohammed,Raymond Felton,Stephen Jackson,3,5:18,CHA,shot,,,,,,,,,,Nazr Mohammed,,,,missed,,tip,25,6
Darren Collison,David West,Emeka Okafor,Morris Peterson,Peja Stojakovic,Boris Diaw,Gerald Wallace,Nazr Mohammed,Raymond Felton,Stephen Jackson,3,5:18,NOH,rebound,,,,,,,,,,Morris Peterson,,,,,,def,,
Darren Collison,David West,Emeka Okafor,Morris Peterson,Peja Stojakovic,Boris Diaw,Gerald Wallace,Nazr Mohammed,Raymond Felton,Stephen Jackson,3,5:14,NOH,shot,Morris Peterson,,,,,,,,,Darren Collison,2,,,made,,jump,35,21
Darren Collison,David West,Emeka Okafor,Morris Peterson,Peja Stojakovic,Boris Diaw,Gerald Wallace,Nazr Mohammed,Raymond Felton,Stephen Jackson,3,4:51,CHA,shot,,,,,,,,,,Raymond Felton,,,,missed,,jump,25,20
Darren Collison,David West,Emeka Okafor,Morris Peterson,Peja Stojakovic,Boris Diaw,Gerald Wallace,Nazr Mohammed,Raymond Felton,Stephen Jackson,3,4:49,CHA,rebound,,,,,,,,,,Raymond Felton,,,,,,off,,
Darren Collison,David West,Emeka Okafor,Morris Peterson,Peja Stojakovic,Boris Diaw,Gerald Wallace,Nazr Mohammed,Raymond Felton,Stephen Jackson,3,4:47,NOH,foul,,,,,,,,Raymond Felton,,Emeka Okafor,,,,,,shooting,,
Darren Collison,David West,Emeka Okafor,Morris Peterson,Peja Stojakovic,Boris Diaw,Gerald Wallace,Nazr Mohammed,Raymond Felton,Stephen Jackson,3,4:47,CHA,free throw,,,,,,,1,,2,Raymond Felton,,,foul,made,,,,
Darren Collison,David West,Emeka Okafor,Morris Peterson,Peja Stojakovic,Boris Diaw,Gerald Wallace,Nazr Mohammed,Raymond Felton,Stephen Jackson,3,4:47,CHA,free throw,,,,,,,2,,2,Raymond Felton,,,foul,made,,,,
Darren Collison,David West,Emeka Okafor,Morris Peterson,Peja Stojakovic,Boris Diaw,Gerald Wallace,Nazr Mohammed,Raymond Felton,Stephen Jackson,3,4:37,NOH,turnover,,,,,,,,,,Darren Collison,,,lost ball,,Gerald Wallace,,,
Darren Collison,David West,Emeka Okafor,Morris Peterson,Peja Stojakovic,Boris Diaw,Gerald Wallace,Nazr Mohammed,Raymond Felton,Stephen Jackson,3,4:33,CHA,shot,Gerald Wallace,,,,,,,,,Raymond Felton,2,,,made,,layup,25,6
Darren Collison,David West,Emeka Okafor,Morris Peterson,Peja Stojakovic,Boris Diaw,Gerald Wallace,Nazr Mohammed,Raymond Felton,Stephen Jackson,3,4:21,CHA,foul,,,,,,,,David West,,Boris Diaw,,,,,,personal,,
Darren Collison,David West,Emeka Okafor,Morris Peterson,Peja Stojakovic,Boris Diaw,Gerald Wallace,Nazr Mohammed,Raymond Felton,Stephen Jackson,3,4:21,NOH,free throw,,,,,,,1,,2,David West,,,foul,missed,,,,
Darren Collison,David West,Emeka Okafor,Morris Peterson,Peja Stojakovic,Boris Diaw,Gerald Wallace,Nazr Mohammed,Raymond Felton,Stephen Jackson,3,4:21,NOH,rebound,,,,,,,,,,,,,,,,,,
Darren Collison,David West,Emeka Okafor,Morris Peterson,Peja Stojakovic,Boris Diaw,Gerald Wallace,Nazr Mohammed,Raymond Felton,Stephen Jackson,3,4:21,NOH,free throw,,,,,,,2,,2,David West,,,foul,missed,,,,
Darren Collison,David West,Emeka Okafor,Morris Peterson,Peja Stojakovic,Boris Diaw,Gerald Wallace,Nazr Mohammed,Raymond Felton,Stephen Jackson,3,4:21,CHA,rebound,,,,,,,,,,Raymond Felton,,,,,,def,,
Darren Collison,David West,Emeka Okafor,Morris Peterson,Peja Stojakovic,Boris Diaw,Gerald Wallace,Nazr Mohammed,Raymond Felton,Stephen Jackson,3,4:21,CHA,shot,Boris Diaw,,,,,,,,,Stephen Jackson,2,,,made,,jump,21,22
Darren Collison,David West,Emeka Okafor,Morris Peterson,Peja Stojakovic,Boris Diaw,Gerald Wallace,Nazr Mohammed,Raymond Felton,Stephen Jackson,3,4:02,NOH,shot,David West,,,,,,,,,Emeka Okafor,2,,,made,,alley oop dunk,25,6
Darren Collison,David West,Emeka Okafor,Morris Peterson,Peja Stojakovic,Boris Diaw,Gerald Wallace,Nazr Mohammed,Raymond Felton,Stephen Jackson,3,3:43,CHA,shot,,,,,,,,,,Raymond Felton,,,,missed,,jump,12,21
Darren Collison,David West,Emeka Okafor,Morris Peterson,Peja Stojakovic,Boris Diaw,Gerald Wallace,Nazr Mohammed,Raymond Felton,Stephen Jackson,3,3:41,NOH,rebound,,,,,,,,,,Darren Collison,,,,,,def,,
Darren Collison,David West,Emeka Okafor,Morris Peterson,Peja Stojakovic,Boris Diaw,Gerald Wallace,Nazr Mohammed,Raymond Felton,Stephen Jackson,3,3:30,NOH,shot,Darren Collison,,,,,,,,,Peja Stojakovic,3,,,made,,3pt,15,32
Darren Collison,David West,Emeka Okafor,Morris Peterson,Peja Stojakovic,Boris Diaw,Gerald Wallace,Nazr Mohammed,Raymond Felton,Stephen Jackson,3,2:45,NOH,foul,,,,,,,,Raymond Felton,,Darren Collison,,,,,,shooting,,
Darren Collison,David West,Emeka Okafor,Morris Peterson,Peja Stojakovic,Boris Diaw,Gerald Wallace,Nazr Mohammed,Raymond Felton,Stephen Jackson,3,2:45,NOH,timeout,,,,,,,,,,,,,,,,regular,,
Darren Collison,David West,Emeka Okafor,Morris Peterson,Peja Stojakovic,Gerald Wallace,Nazr Mohammed,Raymond Felton,Stephen Graham,Stephen Jackson,3,2:45,CHA,sub,,,,Stephen Graham,,Boris Diaw,,,,,,,,,,,,
Darren Collison,David West,Emeka Okafor,Morris Peterson,Peja Stojakovic,DeSagana Diop,Gerald Wallace,Raymond Felton,Stephen Graham,Stephen Jackson,3,2:45,CHA,sub,,,,DeSagana Diop,,Nazr Mohammed,,,,,,,,,,,,
Darren Collison,David West,Emeka Okafor,Morris Peterson,Peja Stojakovic,DeSagana Diop,Gerald Wallace,Raymond Felton,Stephen Graham,Stephen Jackson,3,2:45,CHA,free throw,,,,,,,1,,2,Raymond Felton,,,foul,made,,,,
Darren Collison,David West,Emeka Okafor,Morris Peterson,Peja Stojakovic,DeSagana Diop,Gerald Wallace,Raymond Felton,Stephen Graham,Stephen Jackson,3,2:45,CHA,free throw,,,,,,,2,,2,Raymond Felton,,,foul,made,,,,
Darren Collison,David West,Emeka Okafor,Morris Peterson,Peja Stojakovic,DeSagana Diop,Gerald Wallace,Raymond Felton,Stephen Graham,Stephen Jackson,3,2:33,CHA,foul,,,,,,,,David West,,Gerald Wallace,,,,,,personal,,
Darren Collison,David West,Emeka Okafor,Morris Peterson,Peja Stojakovic,DeSagana Diop,Gerald Wallace,Raymond Felton,Stephen Graham,Stephen Jackson,3,2:33,NOH,free throw,,,,,,,1,,2,David West,,,foul,made,,,,
Darren Collison,David West,Emeka Okafor,Morris Peterson,Peja Stojakovic,DeSagana Diop,Gerald Wallace,Raymond Felton,Stephen Graham,Stephen Jackson,3,2:33,NOH,free throw,,,,,,,2,,2,David West,,,foul,made,,,,
Darren Collison,David West,Emeka Okafor,Morris Peterson,Peja Stojakovic,DeSagana Diop,Gerald Wallace,Raymond Felton,Stephen Graham,Stephen Jackson,3,2:25,NOH,foul,,,,,,,,Stephen Jackson,,Morris Peterson,,,,,,personal,,
Darren Collison,David West,Emeka Okafor,Morris Peterson,Peja Stojakovic,DeSagana Diop,Gerald Wallace,Raymond Felton,Stephen Graham,Stephen Jackson,3,2:16,CHA,shot,,,,,,,,,,Gerald Wallace,,,,missed,,3pt,30,31
Darren Collison,David West,Emeka Okafor,Morris Peterson,Peja Stojakovic,DeSagana Diop,Gerald Wallace,Raymond Felton,Stephen Graham,Stephen Jackson,3,2:15,CHA,rebound,,,,,,,,,,DeSagana Diop,,,,,,off,,
Darren Collison,David West,Emeka Okafor,Morris Peterson,Peja Stojakovic,DeSagana Diop,Gerald Wallace,Raymond Felton,Stephen Graham,Stephen Jackson,3,2:12,NOH,foul,,,,,,,,DeSagana Diop,,Emeka Okafor,,,,,,shooting,,
Darren Collison,David West,Emeka Okafor,Morris Peterson,Peja Stojakovic,DeSagana Diop,Gerald Wallace,Raymond Felton,Stephen Graham,Stephen Jackson,3,2:12,CHA,free throw,,,,,,,1,,2,DeSagana Diop,,,foul,missed,,,,
Darren Collison,David West,Emeka Okafor,Morris Peterson,Peja Stojakovic,DeSagana Diop,Gerald Wallace,Raymond Felton,Stephen Graham,Stephen Jackson,3,2:12,CHA,rebound,,,,,,,,,,,,,,,,,,
Darren Collison,David West,Emeka Okafor,Morris Peterson,Peja Stojakovic,DeSagana Diop,Gerald Wallace,Raymond Felton,Stephen Graham,Stephen Jackson,3,2:12,CHA,free throw,,,,,,,2,,2,DeSagana Diop,,,foul,missed,,,,
Darren Collison,David West,Emeka Okafor,Morris Peterson,Peja Stojakovic,DeSagana Diop,Gerald Wallace,Raymond Felton,Stephen Graham,Stephen Jackson,3,2:11,NOH,rebound,,,,,,,,,,Emeka Okafor,,,,,,def,,
Darren Collison,David West,Emeka Okafor,Morris Peterson,Peja Stojakovic,DeSagana Diop,Gerald Wallace,Raymond Felton,Stephen Graham,Stephen Jackson,3,2:00,NOH,turnover,,,,,,,,,,David West,,,bad pass,,,,,
Darren Collison,David West,Emeka Okafor,Morris Peterson,Peja Stojakovic,DeSagana Diop,Gerald Wallace,Raymond Felton,Stephen Graham,Stephen Jackson,3,1:43,CHA,shot,,,,,,,,,,Raymond Felton,,,,missed,,driving layup,25,6
Darren Collison,David West,Emeka Okafor,Morris Peterson,Peja Stojakovic,DeSagana Diop,Gerald Wallace,Raymond Felton,Stephen Graham,Stephen Jackson,3,1:41,CHA,rebound,,,,,,,,,,,,,,,,,,
Darren Collison,David West,Emeka Okafor,Morris Peterson,Peja Stojakovic,DeSagana Diop,Gerald Wallace,Raymond Felton,Stephen Graham,Stephen Jackson,3,1:35,CHA,shot,Raymond Felton,,,,,,,,,Stephen Jackson,2,,,made,,driving layup,25,6
Darren Collison,David West,Emeka Okafor,Morris Peterson,Peja Stojakovic,DeSagana Diop,Gerald Wallace,Raymond Felton,Stephen Graham,Stephen Jackson,3,1:20,NOH,shot,,,,,,,,,,Peja Stojakovic,2,,,made,,jump,18,10
Darren Collison,David West,Emeka Okafor,Morris Peterson,Peja Stojakovic,DeSagana Diop,Gerald Wallace,Raymond Felton,Stephen Graham,Stephen Jackson,3,1:03,CHA,shot,,,,,,,,,,Stephen Jackson,,,,missed,,jump,38,14
Darren Collison,David West,Emeka Okafor,Morris Peterson,Peja Stojakovic,DeSagana Diop,Gerald Wallace,Raymond Felton,Stephen Graham,Stephen Jackson,3,1:03,NOH,rebound,,,,,,,,,,Emeka Okafor,,,,,,def,,
Darren Collison,David West,Emeka Okafor,Morris Peterson,Peja Stojakovic,DeSagana Diop,Gerald Wallace,Raymond Felton,Stephen Graham,Stephen Jackson,3,0:55,CHA,foul,,,,,,,,David West,,Stephen Graham,,,,,,shooting,,
Darren Collison,David West,Emeka Okafor,Morris Peterson,Peja Stojakovic,DeSagana Diop,Gerald Wallace,Raymond Felton,Stephen Graham,Stephen Jackson,3,0:55,CHA,foul,,,,,,,,,,Stephen Jackson,,,,,,technical,,
Darren Collison,David West,Emeka Okafor,Morris Peterson,Peja Stojakovic,DeSagana Diop,Gerald Wallace,Raymond Felton,Stephen Graham,Stephen Jackson,3,0:55,NOH,free throw,,,,,,,1,,1,Peja Stojakovic,,,technical,made,,,,
Darren Collison,David West,Emeka Okafor,Morris Peterson,Peja Stojakovic,DeSagana Diop,Gerald Wallace,Raymond Felton,Stephen Graham,Stephen Jackson,3,0:55,NOH,free throw,,,,,,,1,,2,David West,,,foul,made,,,,
Darren Collison,David West,Emeka Okafor,Morris Peterson,Peja Stojakovic,DeSagana Diop,Gerald Wallace,Raymond Felton,Stephen Graham,Stephen Jackson,3,0:55,NOH,free throw,,,,,,,2,,2,David West,,,foul,made,,,,
Darren Collison,David West,Emeka Okafor,Morris Peterson,Peja Stojakovic,DeSagana Diop,Gerald Wallace,Raymond Felton,Stephen Graham,Stephen Jackson,3,0:34,NOH,foul,,,,,,,,Stephen Jackson,,Emeka Okafor,,,,,,shooting,,
Darren Collison,David West,Emeka Okafor,Morris Peterson,Peja Stojakovic,DeSagana Diop,Gerald Wallace,Raymond Felton,Stephen Graham,Stephen Jackson,3,0:34,CHA,free throw,,,,,,,1,,2,Stephen Jackson,,,foul,missed,,,,
Darren Collison,David West,Emeka Okafor,Morris Peterson,Peja Stojakovic,DeSagana Diop,Gerald Wallace,Raymond Felton,Stephen Graham,Stephen Jackson,3,0:34,CHA,rebound,,,,,,,,,,,,,,,,,,
Darren Collison,David West,Emeka Okafor,Morris Peterson,Peja Stojakovic,DeSagana Diop,Gerald Wallace,Raymond Felton,Stephen Graham,Stephen Jackson,3,0:34,CHA,free throw,,,,,,,2,,2,Stephen Jackson,,,foul,made,,,,
Darren Collison,David West,Emeka Okafor,Morris Peterson,Peja Stojakovic,DeSagana Diop,Gerald Wallace,Raymond Felton,Stephen Graham,Stephen Jackson,3,0:28,CHA,foul,,,,,,,,Morris Peterson,,Stephen Jackson,,,,,,personal,,
Darren Collison,David West,Emeka Okafor,Morris Peterson,Peja Stojakovic,DeSagana Diop,Gerald Wallace,Raymond Felton,Stephen Graham,Stephen Jackson,3,0:28,NOH,free throw,,,,,,,1,,2,Morris Peterson,,,foul,missed,,,,
Darren Collison,David West,Emeka Okafor,Morris Peterson,Peja Stojakovic,DeSagana Diop,Gerald Wallace,Raymond Felton,Stephen Graham,Stephen Jackson,3,0:28,NOH,rebound,,,,,,,,,,,,,,,,,,
Darren Collison,David West,Emeka Okafor,Morris Peterson,Peja Stojakovic,Boris Diaw,Gerald Wallace,Raymond Felton,Stephen Graham,Stephen Jackson,3,0:28,CHA,sub,,,,Boris Diaw,,DeSagana Diop,,,,,,,,,,,,
Darren Collison,David West,Emeka Okafor,Morris Peterson,Peja Stojakovic,Boris Diaw,Gerald Wallace,Raymond Felton,Stephen Graham,Stephen Jackson,3,0:28,NOH,free throw,,,,,,,2,,2,Morris Peterson,,,foul,missed,,,,
Darren Collison,David West,Emeka Okafor,Morris Peterson,Peja Stojakovic,Boris Diaw,Gerald Wallace,Raymond Felton,Stephen Graham,Stephen Jackson,3,0:28,CHA,rebound,,,,,,,,,,Boris Diaw,,,,,,def,,
Darren Collison,David West,Emeka Okafor,Morris Peterson,Peja Stojakovic,Boris Diaw,Gerald Wallace,Raymond Felton,Stephen Graham,Stephen Jackson,3,0:09,CHA,turnover,,,,,,,,,,Raymond Felton,,,out of bounds lost ball turnover,,,,,
Darren Collison,David West,Emeka Okafor,Morris Peterson,Peja Stojakovic,Boris Diaw,Gerald Wallace,Raymond Felton,Stephen Graham,Stephen Jackson,3,0:02,NOH,shot,,,,,,,,,,Morris Peterson,,,,missed,,3pt,1,10
Darren Collison,David West,Emeka Okafor,Morris Peterson,Peja Stojakovic,Boris Diaw,Gerald Wallace,Raymond Felton,Stephen Graham,Stephen Jackson,3,0:01,CHA,rebound,,,,,,,,,,Stephen Graham,,,,,,def,,
Darren Collison,David West,Emeka Okafor,Morris Peterson,Peja Stojakovic,Boris Diaw,Gerald Wallace,Raymond Felton,Stephen Graham,Stephen Jackson,3,0:00,CHA,shot,,,,,,,,,,Stephen Graham,,,,missed,,3pt,14,46
Darren Collison,David West,Emeka Okafor,Morris Peterson,Peja Stojakovic,Boris Diaw,Gerald Wallace,Raymond Felton,Stephen Graham,Stephen Jackson,3,0:00,CHA,rebound,,,,,,,,,,,,,,,,,,
Darius Songaila,Darren Collison,Emeka Okafor,James Posey,Peja Stojakovic,Boris Diaw,D.J. Augustin,Gerald Wallace,Ronald Murray,Stephen Graham,4,11:48,NOH,foul,,,,,,,,Boris Diaw,,Darius Songaila,,,,,,personal,,
Darius Songaila,Darren Collison,Emeka Okafor,James Posey,Peja Stojakovic,Boris Diaw,D.J. Augustin,Gerald Wallace,Ronald Murray,Stephen Graham,4,11:41,CHA,shot,D.J. Augustin,,,,,,,,,Stephen Graham,2,,,made,,jump,9,15
Darius Songaila,Darren Collison,Emeka Okafor,James Posey,Peja Stojakovic,Boris Diaw,D.J. Augustin,Gerald Wallace,Ronald Murray,Stephen Graham,4,11:22,CHA,foul,,,,,,,,Darren Collison,,D.J. Augustin,,,,,,shooting,,
Darius Songaila,Darren Collison,Emeka Okafor,James Posey,Peja Stojakovic,Boris Diaw,D.J. Augustin,Gerald Wallace,Ronald Murray,Stephen Graham,4,11:22,NOH,free throw,,,,,,,1,,2,Darren Collison,,,foul,made,,,,
Darius Songaila,Darren Collison,Emeka Okafor,James Posey,Peja Stojakovic,Boris Diaw,D.J. Augustin,Gerald Wallace,Ronald Murray,Stephen Graham,4,11:22,NOH,free throw,,,,,,,2,,2,Darren Collison,,,foul,made,,,,
Darius Songaila,Darren Collison,Emeka Okafor,James Posey,Peja Stojakovic,Boris Diaw,D.J. Augustin,Gerald Wallace,Ronald Murray,Stephen Graham,4,11:07,NOH,foul,,,,,,,,Boris Diaw,,Darius Songaila,,,,,,personal,,
Darius Songaila,Darren Collison,Emeka Okafor,James Posey,Peja Stojakovic,Boris Diaw,D.J. Augustin,Gerald Wallace,Ronald Murray,Stephen Graham,4,11:03,CHA,shot,,,,,,,,,,D.J. Augustin,2,,,made,,driving layup,25,6
Darius Songaila,Darren Collison,Emeka Okafor,James Posey,Peja Stojakovic,Boris Diaw,D.J. Augustin,Gerald Wallace,Ronald Murray,Stephen Graham,4,10:40,NOH,shot,,,,,,,,,,James Posey,,,,missed,,3pt,35,30
Darius Songaila,Darren Collison,Emeka Okafor,James Posey,Peja Stojakovic,Boris Diaw,D.J. Augustin,Gerald Wallace,Ronald Murray,Stephen Graham,4,10:40,CHA,rebound,,,,,,,,,,Stephen Graham,,,,,,def,,
Darius Songaila,Darren Collison,Emeka Okafor,James Posey,Peja Stojakovic,Boris Diaw,D.J. Augustin,Gerald Wallace,Ronald Murray,Stephen Graham,4,10:21,CHA,shot,,,,,,,,,,Gerald Wallace,,,,missed,,3pt,9,26
Darius Songaila,Darren Collison,Emeka Okafor,James Posey,Peja Stojakovic,Boris Diaw,D.J. Augustin,Gerald Wallace,Ronald Murray,Stephen Graham,4,10:20,NOH,rebound,,,,,,,,,,Peja Stojakovic,,,,,,def,,
Darius Songaila,Darren Collison,Emeka Okafor,James Posey,Peja Stojakovic,Boris Diaw,D.J. Augustin,Gerald Wallace,Ronald Murray,Stephen Graham,4,9:57,CHA,foul,,,,,,,,Emeka Okafor,,Ronald Murray,,,,,,shooting,,
Darius Songaila,Darren Collison,Emeka Okafor,James Posey,Peja Stojakovic,Boris Diaw,D.J. Augustin,Gerald Wallace,Ronald Murray,Stephen Graham,4,9:57,NOH,free throw,,,,,,,1,,2,Emeka Okafor,,,foul,made,,,,
Darius Songaila,Darren Collison,Emeka Okafor,James Posey,Peja Stojakovic,Boris Diaw,D.J. Augustin,Gerald Wallace,Ronald Murray,Stephen Graham,4,9:57,NOH,free throw,,,,,,,2,,2,Emeka Okafor,,,foul,made,,,,
Darius Songaila,Darren Collison,Emeka Okafor,James Posey,Peja Stojakovic,Boris Diaw,D.J. Augustin,Gerald Wallace,Ronald Murray,Stephen Graham,4,9:44,CHA,shot,Ronald Murray,,,,,,,,,Stephen Graham,3,,,made,,3pt,48,9
Darius Songaila,Darren Collison,Emeka Okafor,James Posey,Peja Stojakovic,Boris Diaw,D.J. Augustin,Gerald Wallace,Ronald Murray,Stephen Graham,4,9:24,NOH,shot,,,,,,,,,,Emeka Okafor,,,,missed,,layup,25,6
Darius Songaila,Darren Collison,Emeka Okafor,James Posey,Peja Stojakovic,Boris Diaw,D.J. Augustin,Gerald Wallace,Ronald Murray,Stephen Graham,4,9:23,CHA,rebound,,,,,,,,,,Gerald Wallace,,,,,,def,,
Darius Songaila,Darren Collison,Emeka Okafor,James Posey,Peja Stojakovic,Boris Diaw,D.J. Augustin,Gerald Wallace,Ronald Murray,Stephen Graham,4,9:20,CHA,shot,D.J. Augustin,,,,,,,,,Ronald Murray,2,,,made,,driving dunk,25,6
Darius Songaila,Darren Collison,Emeka Okafor,James Posey,Peja Stojakovic,Boris Diaw,D.J. Augustin,Gerald Wallace,Ronald Murray,Stephen Graham,4,9:05,NOH,shot,,,Boris Diaw,,,,,,,James Posey,,,,missed,,layup,25,6
Darius Songaila,Darren Collison,Emeka Okafor,James Posey,Peja Stojakovic,Boris Diaw,D.J. Augustin,Gerald Wallace,Ronald Murray,Stephen Graham,4,9:04,NOH,rebound,,,,,,,,,,,,,,,,,,
Darius Songaila,Darren Collison,David West,Emeka Okafor,James Posey,Boris Diaw,D.J. Augustin,Gerald Wallace,Ronald Murray,Stephen Graham,4,9:04,NOH,sub,,,,David West,,Peja Stojakovic,,,,,,,,,,,,
Darius Songaila,Darren Collison,David West,James Posey,Morris Peterson,Boris Diaw,D.J. Augustin,Gerald Wallace,Ronald Murray,Stephen Graham,4,9:04,NOH,sub,,,,Morris Peterson,,Emeka Okafor,,,,,,,,,,,,
Darius Songaila,Darren Collison,David West,James Posey,Morris Peterson,Boris Diaw,D.J. Augustin,Gerald Wallace,Ronald Murray,Stephen Graham,4,8:55,NOH,shot,David West,,,,,,,,,Morris Peterson,3,,,made,,3pt,11,28
Darius Songaila,Darren Collison,David West,James Posey,Morris Peterson,Boris Diaw,D.J. Augustin,Gerald Wallace,Ronald Murray,Stephen Graham,4,8:36,CHA,shot,,,,,,,,,,Ronald Murray,,,,missed,,3pt,41,24
Darius Songaila,Darren Collison,David West,James Posey,Morris Peterson,Boris Diaw,D.J. Augustin,Gerald Wallace,Ronald Murray,Stephen Graham,4,8:29,CHA,rebound,,,,,,,,,,,,,,,,,,
Darius Songaila,Darren Collison,David West,James Posey,Morris Peterson,Boris Diaw,D.J. Augustin,Gerald Wallace,Ronald Murray,Stephen Graham,4,8:29,CHA,timeout,,,,,,,,,,,,,,,,official,,
Darius Songaila,Darren Collison,David West,James Posey,Morris Peterson,Boris Diaw,D.J. Augustin,Gerald Wallace,Ronald Murray,Stephen Graham,4,8:16,CHA,shot,,,,,,,,,,Stephen Graham,,,,missed,,layup,25,6
Darius Songaila,Darren Collison,David West,James Posey,Morris Peterson,Boris Diaw,D.J. Augustin,Gerald Wallace,Ronald Murray,Stephen Graham,4,8:14,NOH,rebound,,,,,,,,,,David West,,,,,,def,,
Darius Songaila,Darren Collison,David West,James Posey,Morris Peterson,Boris Diaw,D.J. Augustin,Gerald Wallace,Ronald Murray,Stephen Graham,4,7:54,NOH,shot,,,,,,,,,,Darren Collison,,,,missed,,3pt,1,8
Darius Songaila,Darren Collison,David West,James Posey,Morris Peterson,Boris Diaw,D.J. Augustin,Gerald Wallace,Ronald Murray,Stephen Graham,4,7:53,NOH,rebound,,,,,,,,,,Darius Songaila,,,,,,off,,
Darius Songaila,Darren Collison,David West,James Posey,Morris Peterson,Boris Diaw,D.J. Augustin,Gerald Wallace,Ronald Murray,Stephen Graham,4,7:48,NOH,shot,Darius Songaila,,,,,,,,,Morris Peterson,3,,,made,,3pt,48,7
Darius Songaila,Darren Collison,David West,James Posey,Morris Peterson,Boris Diaw,D.J. Augustin,Gerald Wallace,Ronald Murray,Stephen Graham,4,7:31,CHA,turnover,,,,,,,,,,Ronald Murray,,,lost ball,,Morris Peterson,,,
Darius Songaila,Darren Collison,David West,James Posey,Morris Peterson,Boris Diaw,D.J. Augustin,Gerald Wallace,Ronald Murray,Stephen Graham,4,7:27,CHA,foul,,,,,,,,Darren Collison,,Stephen Graham,,,,,,shooting,,
Darius Songaila,Darren Collison,David West,James Posey,Morris Peterson,Boris Diaw,D.J. Augustin,Gerald Wallace,Ronald Murray,Stephen Graham,4,7:27,NOH,free throw,,,,,,,1,,2,Darren Collison,,,foul,made,,,,
Darius Songaila,Darren Collison,David West,James Posey,Morris Peterson,Boris Diaw,D.J. Augustin,Gerald Wallace,Ronald Murray,Stephen Jackson,4,7:27,CHA,sub,,,,Stephen Jackson,,Stephen Graham,,,,,,,,,,,,
Darius Songaila,Darren Collison,David West,James Posey,Morris Peterson,Boris Diaw,D.J. Augustin,Gerald Wallace,Ronald Murray,Stephen Jackson,4,7:27,NOH,free throw,,,,,,,2,,2,Darren Collison,,,foul,made,,,,
Darius Songaila,Darren Collison,David West,James Posey,Morris Peterson,Boris Diaw,D.J. Augustin,Gerald Wallace,Ronald Murray,Stephen Jackson,4,7:06,CHA,shot,Stephen Jackson,,,,,,,,,Ronald Murray,2,,,made,,jump,36,10
Darius Songaila,Darren Collison,David West,James Posey,Morris Peterson,Boris Diaw,D.J. Augustin,Gerald Wallace,Ronald Murray,Stephen Jackson,4,6:48,NOH,shot,,,,,,,,,,David West,2,,,made,,turnaround jump,38,7
Darius Songaila,Darren Collison,David West,James Posey,Morris Peterson,Boris Diaw,D.J. Augustin,Gerald Wallace,Ronald Murray,Stephen Jackson,4,6:19,CHA,shot,,,,,,,,,,Boris Diaw,,,,missed,,3pt,30,31
Darius Songaila,Darren Collison,David West,James Posey,Morris Peterson,Boris Diaw,D.J. Augustin,Gerald Wallace,Ronald Murray,Stephen Jackson,4,6:18,NOH,rebound,,,,,,,,,,Darius Songaila,,,,,,def,,
Darius Songaila,Darren Collison,David West,James Posey,Morris Peterson,Boris Diaw,D.J. Augustin,Gerald Wallace,Ronald Murray,Stephen Jackson,4,5:55,NOH,shot,,,,,,,,,,Darren Collison,2,,,made,,driving layup,25,6
Darius Songaila,Darren Collison,David West,James Posey,Morris Peterson,Boris Diaw,D.J. Augustin,Gerald Wallace,Ronald Murray,Stephen Jackson,4,5:46,CHA,shot,Ronald Murray,,,,,,,,,D.J. Augustin,3,,,made,,3pt,10,28
Darius Songaila,Darren Collison,David West,James Posey,Morris Peterson,Boris Diaw,D.J. Augustin,Gerald Wallace,Ronald Murray,Stephen Jackson,4,5:20,NOH,shot,,,,,,,,,,James Posey,3,,,made,,3pt,48,8
Darius Songaila,Darren Collison,David West,James Posey,Morris Peterson,Boris Diaw,D.J. Augustin,Gerald Wallace,Ronald Murray,Stephen Jackson,4,5:16,CHA,timeout,,,,,,,,,,,,,,,,regular,,
Darius Songaila,Darren Collison,David West,James Posey,Morris Peterson,Boris Diaw,Gerald Wallace,Raymond Felton,Ronald Murray,Stephen Jackson,4,5:16,CHA,sub,,,,Raymond Felton,,D.J. Augustin,,,,,,,,,,,,
Darius Songaila,Darren Collison,David West,James Posey,Morris Peterson,Boris Diaw,Gerald Wallace,Raymond Felton,Ronald Murray,Stephen Jackson,4,5:02,NOH,foul,,,,,,,,Ronald Murray,,Darius Songaila,,,,,,shooting,,
Darius Songaila,Darren Collison,David West,James Posey,Morris Peterson,Boris Diaw,Gerald Wallace,Raymond Felton,Ronald Murray,Stephen Jackson,4,5:02,CHA,free throw,,,,,,,1,,2,Ronald Murray,,,foul,missed,,,,
Darius Songaila,Darren Collison,David West,James Posey,Morris Peterson,Boris Diaw,Gerald Wallace,Raymond Felton,Ronald Murray,Stephen Jackson,4,5:02,CHA,rebound,,,,,,,,,,,,,,,,,,
Darius Songaila,Darren Collison,David West,James Posey,Morris Peterson,Boris Diaw,Gerald Wallace,Raymond Felton,Ronald Murray,Stephen Jackson,4,5:02,CHA,free throw,,,,,,,2,,2,Ronald Murray,,,foul,missed,,,,
Darius Songaila,Darren Collison,David West,James Posey,Morris Peterson,Boris Diaw,Gerald Wallace,Raymond Felton,Ronald Murray,Stephen Jackson,4,4:50,NOH,rebound,,,,,,,,,,James Posey,,,,,,def,,
Darius Songaila,Darren Collison,David West,James Posey,Morris Peterson,Boris Diaw,Gerald Wallace,Raymond Felton,Ronald Murray,Stephen Jackson,4,4:40,NOH,shot,,,,,,,,,,James Posey,2,,,made,,jump,11,9
Darius Songaila,Darren Collison,David West,James Posey,Morris Peterson,Boris Diaw,Gerald Wallace,Raymond Felton,Ronald Murray,Stephen Jackson,4,4:20,NOH,foul,,,,,,,,Raymond Felton,,David West,,,,,,personal,,
Darius Songaila,Darren Collison,David West,James Posey,Peja Stojakovic,Boris Diaw,Gerald Wallace,Raymond Felton,Ronald Murray,Stephen Jackson,4,4:20,NOH,sub,,,,Peja Stojakovic,,Morris Peterson,,,,,,,,,,,,
Darius Songaila,Darren Collison,David West,James Posey,Peja Stojakovic,Boris Diaw,Gerald Wallace,Raymond Felton,Ronald Murray,Stephen Jackson,4,4:12,CHA,shot,Raymond Felton,,,,,,,,,Gerald Wallace,2,,,made,,reverse layup,25,6
Darius Songaila,Darren Collison,David West,James Posey,Peja Stojakovic,Boris Diaw,Gerald Wallace,Raymond Felton,Ronald Murray,Stephen Jackson,4,4:12,NOH,foul,,,,,,,,Gerald Wallace,,Darius Songaila,,,,,,shooting,,
Darius Songaila,Darren Collison,David West,James Posey,Peja Stojakovic,Boris Diaw,Gerald Wallace,Raymond Felton,Ronald Murray,Stephen Jackson,4,4:12,CHA,free throw,,,,,,,1,,1,Gerald Wallace,,,foul,made,,,,
Darius Songaila,Darren Collison,David West,James Posey,Peja Stojakovic,Boris Diaw,Gerald Wallace,Raymond Felton,Ronald Murray,Stephen Jackson,4,3:48,NOH,shot,,,,,,,,,,Darius Songaila,,,,missed,,jump,30,17
Darius Songaila,Darren Collison,David West,James Posey,Peja Stojakovic,Boris Diaw,Gerald Wallace,Raymond Felton,Ronald Murray,Stephen Jackson,4,3:44,CHA,rebound,,,,,,,,,,Boris Diaw,,,,,,def,,
Darius Songaila,Darren Collison,David West,James Posey,Peja Stojakovic,Boris Diaw,Gerald Wallace,Raymond Felton,Ronald Murray,Stephen Jackson,4,3:26,CHA,shot,,,,,,,,,,Gerald Wallace,,,,missed,,3pt,2,7
Darius Songaila,Darren Collison,David West,James Posey,Peja Stojakovic,Boris Diaw,Gerald Wallace,Raymond Felton,Ronald Murray,Stephen Jackson,4,3:25,NOH,rebound,,,,,,,,,,James Posey,,,,,,def,,
Darius Songaila,Darren Collison,David West,James Posey,Peja Stojakovic,Boris Diaw,Gerald Wallace,Raymond Felton,Ronald Murray,Stephen Jackson,4,3:02,NOH,shot,,,,,,,,,,Darren Collison,,,,missed,,3pt,48,7
Darius Songaila,Darren Collison,David West,James Posey,Peja Stojakovic,Boris Diaw,Gerald Wallace,Raymond Felton,Ronald Murray,Stephen Jackson,4,3:01,NOH,rebound,,,,,,,,,,Peja Stojakovic,,,,,,off,,
Darius Songaila,Darren Collison,David West,James Posey,Peja Stojakovic,Boris Diaw,Gerald Wallace,Raymond Felton,Ronald Murray,Stephen Jackson,4,2:58,NOH,shot,,,,,,,,,,David West,,,,missed,,layup,25,6
Darius Songaila,Darren Collison,David West,James Posey,Peja Stojakovic,Boris Diaw,Gerald Wallace,Raymond Felton,Ronald Murray,Stephen Jackson,4,2:57,CHA,rebound,,,,,,,,,,Boris Diaw,,,,,,def,,
Darius Songaila,Darren Collison,David West,James Posey,Peja Stojakovic,Boris Diaw,Gerald Wallace,Raymond Felton,Ronald Murray,Stephen Jackson,4,2:47,CHA,shot,Boris Diaw,,,,,,,,,Gerald Wallace,2,,,made,,layup,25,6
Darius Songaila,Darren Collison,David West,James Posey,Peja Stojakovic,Boris Diaw,Gerald Wallace,Raymond Felton,Ronald Murray,Stephen Jackson,4,2:44,NOH,timeout,,,,,,,,,,,,,,,,regular,,
Darren Collison,David West,Emeka Okafor,James Posey,Peja Stojakovic,Boris Diaw,Gerald Wallace,Raymond Felton,Ronald Murray,Stephen Jackson,4,2:44,NOH,sub,,,,Emeka Okafor,,Darius Songaila,,,,,,,,,,,,
Darren Collison,David West,Emeka Okafor,James Posey,Peja Stojakovic,Boris Diaw,Gerald Wallace,Raymond Felton,Ronald Murray,Stephen Jackson,4,2:27,NOH,shot,,,,,,,,,,Peja Stojakovic,,,,missed,,3pt,34,29
Darren Collison,David West,Emeka Okafor,James Posey,Peja Stojakovic,Boris Diaw,Gerald Wallace,Raymond Felton,Ronald Murray,Stephen Jackson,4,2:25,NOH,rebound,,,,,,,,,,James Posey,,,,,,off,,
Darren Collison,David West,Emeka Okafor,James Posey,Peja Stojakovic,Boris Diaw,Gerald Wallace,Raymond Felton,Ronald Murray,Stephen Jackson,4,2:10,NOH,shot,,,,,,,,,,James Posey,,,,missed,,3pt,33,34
Darren Collison,David West,Emeka Okafor,James Posey,Peja Stojakovic,Boris Diaw,Gerald Wallace,Raymond Felton,Ronald Murray,Stephen Jackson,4,2:10,CHA,rebound,,,,,,,,,,Boris Diaw,,,,,,def,,
Darren Collison,David West,Emeka Okafor,James Posey,Peja Stojakovic,Boris Diaw,Gerald Wallace,Raymond Felton,Ronald Murray,Stephen Jackson,4,1:58,CHA,turnover,,,,,,,,,,Stephen Jackson,,,traveling,,,,,
Darren Collison,David West,Emeka Okafor,James Posey,Peja Stojakovic,Boris Diaw,Gerald Wallace,Raymond Felton,Ronald Murray,Stephen Jackson,4,1:41,NOH,shot,,,,,,,,,,David West,,,,missed,,jump,40,9
Darren Collison,David West,Emeka Okafor,James Posey,Peja Stojakovic,Boris Diaw,Gerald Wallace,Raymond Felton,Ronald Murray,Stephen Jackson,4,1:40,CHA,rebound,,,,,,,,,,Raymond Felton,,,,,,def,,
Darren Collison,David West,Emeka Okafor,James Posey,Peja Stojakovic,Boris Diaw,Gerald Wallace,Raymond Felton,Ronald Murray,Stephen Jackson,4,1:37,NOH,foul,,,,,,,,Ronald Murray,,James Posey,,,,,,personal,,
Darren Collison,David West,Emeka Okafor,James Posey,Peja Stojakovic,Boris Diaw,Gerald Wallace,Raymond Felton,Ronald Murray,Stephen Jackson,4,1:37,CHA,free throw,,,,,,,1,,2,Ronald Murray,,,foul,missed,,,,
Darren Collison,David West,Emeka Okafor,James Posey,Peja Stojakovic,Boris Diaw,Gerald Wallace,Raymond Felton,Ronald Murray,Stephen Jackson,4,1:37,CHA,rebound,,,,,,,,,,,,,,,,,,
Darren Collison,David West,Emeka Okafor,James Posey,Peja Stojakovic,Boris Diaw,Gerald Wallace,Raymond Felton,Ronald Murray,Stephen Jackson,4,1:37,CHA,free throw,,,,,,,2,,2,Ronald Murray,,,foul,missed,,,,
Darren Collison,David West,Emeka Okafor,James Posey,Peja Stojakovic,Boris Diaw,Gerald Wallace,Raymond Felton,Ronald Murray,Stephen Jackson,4,1:37,NOH,rebound,,,,,,,,,,David West,,,,,,def,,
Darren Collison,David West,Emeka Okafor,James Posey,Peja Stojakovic,Boris Diaw,Gerald Wallace,Raymond Felton,Ronald Murray,Stephen Jackson,4,1:13,CHA,foul,,,,,,,,Emeka Okafor,,Boris Diaw,,,,,,shooting,,
Darren Collison,David West,Emeka Okafor,James Posey,Peja Stojakovic,Boris Diaw,Gerald Wallace,Raymond Felton,Ronald Murray,Stephen Jackson,4,1:13,NOH,free throw,,,,,,,1,,2,Emeka Okafor,,,foul,made,,,,
Darren Collison,David West,Emeka Okafor,James Posey,Peja Stojakovic,Boris Diaw,Gerald Wallace,Raymond Felton,Ronald Murray,Stephen Jackson,4,1:13,NOH,free throw,,,,,,,2,,2,Emeka Okafor,,,foul,made,,,,
Darren Collison,David West,Emeka Okafor,James Posey,Peja Stojakovic,Boris Diaw,Gerald Wallace,Raymond Felton,Ronald Murray,Stephen Jackson,4,1:01,CHA,timeout,,,,,,,,,,,,,,,,regular,,
Darius Songaila,Darren Collison,David West,James Posey,Peja Stojakovic,Boris Diaw,Gerald Wallace,Raymond Felton,Ronald Murray,Stephen Jackson,4,1:01,NOH,sub,,,,Darius Songaila,,Emeka Okafor,,,,,,,,,,,,
Darius Songaila,Darren Collison,David West,James Posey,Peja Stojakovic,Boris Diaw,Gerald Wallace,Raymond Felton,Ronald Murray,Stephen Jackson,4,1:01,CHA,shot,Raymond Felton,,,,,,,,,Stephen Jackson,3,,,made,,3pt,48,9
Darius Songaila,Darren Collison,David West,James Posey,Peja Stojakovic,Boris Diaw,Gerald Wallace,Raymond Felton,Ronald Murray,Stephen Jackson,4,0:34,NOH,shot,,,,,,,,,,Darius Songaila,,,,missed,,jump,25,22
Darius Songaila,Darren Collison,David West,James Posey,Peja Stojakovic,Boris Diaw,Gerald Wallace,Raymond Felton,Ronald Murray,Stephen Jackson,4,0:34,CHA,rebound,,,,,,,,,,Gerald Wallace,,,,,,def,,
Darius Songaila,Darren Collison,David West,James Posey,Peja Stojakovic,Boris Diaw,Gerald Wallace,Raymond Felton,Ronald Murray,Stephen Jackson,4,0:30,CHA,shot,,,,,,,,,,Stephen Jackson,2,,,made,,jump,19,18
Darius Songaila,Darren Collison,David West,James Posey,Peja Stojakovic,Boris Diaw,Gerald Wallace,Raymond Felton,Ronald Murray,Stephen Jackson,4,0:30,NOH,foul,,,,,,,,Stephen Jackson,,James Posey,,,,,,shooting,,
Darius Songaila,Darren Collison,David West,James Posey,Peja Stojakovic,Boris Diaw,Gerald Wallace,Raymond Felton,Ronald Murray,Stephen Jackson,4,0:30,CHA,free throw,,,,,,,1,,1,Stephen Jackson,,,foul,made,,,,
Darius Songaila,Darren Collison,David West,James Posey,Peja Stojakovic,Boris Diaw,Gerald Wallace,Raymond Felton,Ronald Murray,Stephen Jackson,4,0:10,NOH,shot,,,,,,,,,,Darren Collison,2,,,made,,driving layup,25,6
Darius Songaila,Darren Collison,David West,James Posey,Peja Stojakovic,Boris Diaw,Gerald Wallace,Raymond Felton,Ronald Murray,Stephen Jackson,4,0:10,CHA,timeout,,,,,,,,,,,,,,,,short,,
Darius Songaila,Darren Collison,David West,James Posey,Peja Stojakovic,Boris Diaw,Gerald Wallace,Raymond Felton,Ronald Murray,Stephen Jackson,4,0:08,CHA,shot,,,,,,,,,,Stephen Jackson,,,,missed,,3pt,35,29
Darius Songaila,Darren Collison,David West,James Posey,Peja Stojakovic,Boris Diaw,Gerald Wallace,Raymond Felton,Ronald Murray,Stephen Jackson,4,0:05,NOH,rebound,,,,,,,,,,,,,,,,,,
