a1,a2,a3,a4,a5,h1,h2,h3,h4,h5,period,time,team,etype,assist,away,block,entered,home,left,num,opponent,outof,player,points,possession,reason,result,steal,type,x,y
Ben Wallace,Jonas Jerebko,Richard Hamilton,Rodney Stuckey,Tayshaun Prince,Dirk Nowitzki,Drew Gooden,Jason Kidd,Jose Juan Barea,Shawn Marion,1,12:00,OFF,jump ball,,Ben Wallace,,,Drew Gooden,,,,,,,Jonas Jerebko,,,,,,
Ben Wallace,Jonas Jerebko,Richard Hamilton,Rodney Stuckey,Tayshaun Prince,Dirk Nowitzki,Drew Gooden,Jason Kidd,Jose Juan Barea,Shawn Marion,1,11:37,DET,shot,,,,,,,,,,Jonas Jerebko,,,,missed,,fade away jumper,35,16
Ben Wallace,Jonas Jerebko,Richard Hamilton,Rodney Stuckey,Tayshaun Prince,Dirk Nowitzki,Drew Gooden,Jason Kidd,Jose Juan Barea,Shawn Marion,1,11:36,DET,rebound,,,,,,,,,,Ben Wallace,,,,,,off,,
Ben Wallace,Jonas Jerebko,Richard Hamilton,Rodney Stuckey,Tayshaun Prince,Dirk Nowitzki,Drew Gooden,Jason Kidd,Jose Juan Barea,Shawn Marion,1,11:36,DET,shot,,,,,,,,,,Ben Wallace,2,,,made,,tip,25,6
Ben Wallace,Jonas Jerebko,Richard Hamilton,Rodney Stuckey,Tayshaun Prince,Dirk Nowitzki,Drew Gooden,Jason Kidd,Jose Juan Barea,Shawn Marion,1,11:19,DAL,shot,,,,,,,,,,Dirk Nowitzki,,,,missed,,driving layup,25,6
Ben Wallace,Jonas Jerebko,Richard Hamilton,Rodney Stuckey,Tayshaun Prince,Dirk Nowitzki,Drew Gooden,Jason Kidd,Jose Juan Barea,Shawn Marion,1,11:18,DET,rebound,,,,,,,,,,Ben Wallace,,,,,,def,,
Ben Wallace,Jonas Jerebko,Richard Hamilton,Rodney Stuckey,Tayshaun Prince,Dirk Nowitzki,Drew Gooden,Jason Kidd,Jose Juan Barea,Shawn Marion,1,11:11,DET,shot,,,,,,,,,,Jonas Jerebko,,,,missed,,layup,25,6
Ben Wallace,Jonas Jerebko,Richard Hamilton,Rodney Stuckey,Tayshaun Prince,Dirk Nowitzki,Drew Gooden,Jason Kidd,Jose Juan Barea,Shawn Marion,1,11:10,DAL,rebound,,,,,,,,,,Dirk Nowitzki,,,,,,def,,
Ben Wallace,Jonas Jerebko,Richard Hamilton,Rodney Stuckey,Tayshaun Prince,Dirk Nowitzki,Drew Gooden,Jason Kidd,Jose Juan Barea,Shawn Marion,1,10:53,DAL,shot,,,,,,,,,,Jason Kidd,,,,missed,,layup,25,6
Ben Wallace,Jonas Jerebko,Richard Hamilton,Rodney Stuckey,Tayshaun Prince,Dirk Nowitzki,Drew Gooden,Jason Kidd,Jose Juan Barea,Shawn Marion,1,10:51,DAL,rebound,,,,,,,,,,Drew Gooden,,,,,,off,,
Ben Wallace,Jonas Jerebko,Richard Hamilton,Rodney Stuckey,Tayshaun Prince,Dirk Nowitzki,Drew Gooden,Jason Kidd,Jose Juan Barea,Shawn Marion,1,10:48,DAL,shot,,,,,,,,,,Drew Gooden,2,,,made,,running hook,29,11
Ben Wallace,Jonas Jerebko,Richard Hamilton,Rodney Stuckey,Tayshaun Prince,Dirk Nowitzki,Drew Gooden,Jason Kidd,Jose Juan Barea,Shawn Marion,1,10:21,DET,shot,,,,,,,,,,Tayshaun Prince,,,,missed,,jump,25,24
Ben Wallace,Jonas Jerebko,Richard Hamilton,Rodney Stuckey,Tayshaun Prince,Dirk Nowitzki,Drew Gooden,Jason Kidd,Jose Juan Barea,Shawn Marion,1,10:19,DAL,rebound,,,,,,,,,,Drew Gooden,,,,,,def,,
Ben Wallace,Jonas Jerebko,Richard Hamilton,Rodney Stuckey,Tayshaun Prince,Dirk Nowitzki,Drew Gooden,Jason Kidd,Jose Juan Barea,Shawn Marion,1,10:04,DAL,shot,,,,,,,,,,Drew Gooden,,,,missed,,turnaround hook,16,6
Ben Wallace,Jonas Jerebko,Richard Hamilton,Rodney Stuckey,Tayshaun Prince,Dirk Nowitzki,Drew Gooden,Jason Kidd,Jose Juan Barea,Shawn Marion,1,10:03,DET,rebound,,,,,,,,,,Tayshaun Prince,,,,,,def,,
Ben Wallace,Jonas Jerebko,Richard Hamilton,Rodney Stuckey,Tayshaun Prince,Dirk Nowitzki,Drew Gooden,Jason Kidd,Jose Juan Barea,Shawn Marion,1,9:51,DET,shot,,,,,,,,,,Rodney Stuckey,,,,missed,,jump,40,16
Ben Wallace,Jonas Jerebko,Richard Hamilton,Rodney Stuckey,Tayshaun Prince,Dirk Nowitzki,Drew Gooden,Jason Kidd,Jose Juan Barea,Shawn Marion,1,9:50,DAL,rebound,,,,,,,,,,Dirk Nowitzki,,,,,,def,,
Ben Wallace,Jonas Jerebko,Richard Hamilton,Rodney Stuckey,Tayshaun Prince,Dirk Nowitzki,Drew Gooden,Jason Kidd,Jose Juan Barea,Shawn Marion,1,9:29,DAL,shot,,,,,,,,,,Drew Gooden,,,,missed,,jump,12,11
Ben Wallace,Jonas Jerebko,Richard Hamilton,Rodney Stuckey,Tayshaun Prince,Dirk Nowitzki,Drew Gooden,Jason Kidd,Jose Juan Barea,Shawn Marion,1,9:28,DET,rebound,,,,,,,,,,Ben Wallace,,,,,,def,,
Ben Wallace,Jonas Jerebko,Richard Hamilton,Rodney Stuckey,Tayshaun Prince,Dirk Nowitzki,Drew Gooden,Jason Kidd,Jose Juan Barea,Shawn Marion,1,9:07,DET,shot,,,,,,,,,,Rodney Stuckey,,,,missed,,jump,12,15
Ben Wallace,Jonas Jerebko,Richard Hamilton,Rodney Stuckey,Tayshaun Prince,Dirk Nowitzki,Drew Gooden,Jason Kidd,Jose Juan Barea,Shawn Marion,1,9:06,DET,rebound,,,,,,,,,,Ben Wallace,,,,,,off,,
Ben Wallace,Jonas Jerebko,Richard Hamilton,Rodney Stuckey,Tayshaun Prince,Dirk Nowitzki,Drew Gooden,Jason Kidd,Jose Juan Barea,Shawn Marion,1,9:01,DAL,foul,,,,,,,,Ben Wallace,,Drew Gooden,,,,,,shooting,,
Ben Wallace,Jonas Jerebko,Richard Hamilton,Rodney Stuckey,Tayshaun Prince,Dirk Nowitzki,Drew Gooden,Jason Kidd,Jose Juan Barea,Shawn Marion,1,9:01,DET,free throw,,,,,,,1,,2,Ben Wallace,,,foul,made,,,,
Ben Wallace,Jonas Jerebko,Richard Hamilton,Rodney Stuckey,Tayshaun Prince,Dirk Nowitzki,Drew Gooden,Jason Kidd,Jose Juan Barea,Shawn Marion,1,9:01,DET,free throw,,,,,,,2,,2,Ben Wallace,,,foul,missed,,,,
Ben Wallace,Jonas Jerebko,Richard Hamilton,Rodney Stuckey,Tayshaun Prince,Dirk Nowitzki,Drew Gooden,Jason Kidd,Jose Juan Barea,Shawn Marion,1,9:01,DAL,rebound,,,,,,,,,,Drew Gooden,,,,,,def,,
Ben Wallace,Jonas Jerebko,Richard Hamilton,Rodney Stuckey,Tayshaun Prince,Dirk Nowitzki,Drew Gooden,Jason Kidd,Jose Juan Barea,Shawn Marion,1,8:44,DAL,shot,Jose Juan Barea,,,,,,,,,Shawn Marion,2,,,made,,turnaround hook,36,13
Ben Wallace,Jonas Jerebko,Richard Hamilton,Rodney Stuckey,Tayshaun Prince,Dirk Nowitzki,Drew Gooden,Jason Kidd,Jose Juan Barea,Shawn Marion,1,8:23,DET,shot,,,,,,,,,,Richard Hamilton,,,,missed,,jump,8,17
Ben Wallace,Jonas Jerebko,Richard Hamilton,Rodney Stuckey,Tayshaun Prince,Dirk Nowitzki,Drew Gooden,Jason Kidd,Jose Juan Barea,Shawn Marion,1,8:22,DAL,rebound,,,,,,,,,,Drew Gooden,,,,,,def,,
Ben Wallace,Jonas Jerebko,Richard Hamilton,Rodney Stuckey,Tayshaun Prince,Dirk Nowitzki,Drew Gooden,Jason Kidd,Jose Juan Barea,Shawn Marion,1,8:09,DAL,shot,,,,,,,,,,Jose Juan Barea,,,,missed,,3pt,1,12
Ben Wallace,Jonas Jerebko,Richard Hamilton,Rodney Stuckey,Tayshaun Prince,Dirk Nowitzki,Drew Gooden,Jason Kidd,Jose Juan Barea,Shawn Marion,1,8:07,DET,rebound,,,,,,,,,,Richard Hamilton,,,,,,def,,
Ben Wallace,Jonas Jerebko,Richard Hamilton,Rodney Stuckey,Tayshaun Prince,Dirk Nowitzki,Drew Gooden,Jason Kidd,Jose Juan Barea,Shawn Marion,1,7:50,DET,turnover,,,,,,,,,,Richard Hamilton,,,bad pass,,Drew Gooden,,,
Ben Wallace,Jonas Jerebko,Richard Hamilton,Rodney Stuckey,Tayshaun Prince,Dirk Nowitzki,Drew Gooden,Jason Kidd,Jose Juan Barea,Shawn Marion,1,7:42,DAL,shot,,,,,,,,,,Dirk Nowitzki,,,,missed,,driving layup,25,6
Ben Wallace,Jonas Jerebko,Richard Hamilton,Rodney Stuckey,Tayshaun Prince,Dirk Nowitzki,Drew Gooden,Jason Kidd,Jose Juan Barea,Shawn Marion,1,7:41,DET,rebound,,,,,,,,,,Rodney Stuckey,,,,,,def,,
Ben Wallace,Jonas Jerebko,Richard Hamilton,Rodney Stuckey,Tayshaun Prince,Dirk Nowitzki,Drew Gooden,Jason Kidd,Jose Juan Barea,Shawn Marion,1,7:35,DET,shot,,,,,,,,,,Rodney Stuckey,,,,missed,,layup,25,6
Ben Wallace,Jonas Jerebko,Richard Hamilton,Rodney Stuckey,Tayshaun Prince,Dirk Nowitzki,Drew Gooden,Jason Kidd,Jose Juan Barea,Shawn Marion,1,7:34,DET,rebound,,,,,,,,,,Jonas Jerebko,,,,,,off,,
Ben Wallace,Jonas Jerebko,Richard Hamilton,Rodney Stuckey,Tayshaun Prince,Dirk Nowitzki,Drew Gooden,Jason Kidd,Jose Juan Barea,Shawn Marion,1,7:34,DET,shot,,,,,,,,,,Jonas Jerebko,,,,missed,,tip,25,6
Ben Wallace,Jonas Jerebko,Richard Hamilton,Rodney Stuckey,Tayshaun Prince,Dirk Nowitzki,Drew Gooden,Jason Kidd,Jose Juan Barea,Shawn Marion,1,7:33,DAL,rebound,,,,,,,,,,Drew Gooden,,,,,,def,,
Ben Wallace,Jonas Jerebko,Richard Hamilton,Rodney Stuckey,Tayshaun Prince,Dirk Nowitzki,Drew Gooden,Jason Kidd,Jose Juan Barea,Shawn Marion,1,7:28,DAL,turnover,,,,,,,,,,Drew Gooden,,,bad pass,,Rodney Stuckey,,,
Ben Wallace,Jonas Jerebko,Richard Hamilton,Rodney Stuckey,Tayshaun Prince,Dirk Nowitzki,Drew Gooden,Jason Kidd,Jose Juan Barea,Shawn Marion,1,7:27,DET,foul,,,,,,,,Drew Gooden,,Rodney Stuckey,,,,,,offensive,,
Ben Wallace,Jonas Jerebko,Richard Hamilton,Rodney Stuckey,Tayshaun Prince,Dirk Nowitzki,Drew Gooden,Jason Kidd,Jose Juan Barea,Shawn Marion,1,7:27,DET,turnover,,,,,,,,,,Rodney Stuckey,,,foul,,,,,
Chris Wilcox,Jonas Jerebko,Richard Hamilton,Rodney Stuckey,Tayshaun Prince,Dirk Nowitzki,Drew Gooden,Jason Kidd,Jose Juan Barea,Shawn Marion,1,7:27,DET,sub,,,,Chris Wilcox,,Ben Wallace,,,,,,,,,,,,
Chris Wilcox,Jonas Jerebko,Richard Hamilton,Rodney Stuckey,Tayshaun Prince,Dirk Nowitzki,Drew Gooden,Jason Kidd,Jose Juan Barea,Shawn Marion,1,7:15,DAL,shot,Dirk Nowitzki,,,,,,,,,Shawn Marion,2,,,made,,turnaround jump,26,12
Chris Wilcox,Jonas Jerebko,Richard Hamilton,Rodney Stuckey,Tayshaun Prince,Dirk Nowitzki,Drew Gooden,Jason Kidd,Jose Juan Barea,Shawn Marion,1,6:52,DET,shot,Rodney Stuckey,,,,,,,,,Tayshaun Prince,2,,,made,,jump,4,7
Chris Wilcox,Jonas Jerebko,Richard Hamilton,Rodney Stuckey,Tayshaun Prince,Dirk Nowitzki,Drew Gooden,Jason Kidd,Jose Juan Barea,Shawn Marion,1,6:38,DAL,turnover,,,,,,,,,,Shawn Marion,,,bad pass,,Tayshaun Prince,,,
Chris Wilcox,Jonas Jerebko,Richard Hamilton,Rodney Stuckey,Tayshaun Prince,Dirk Nowitzki,Drew Gooden,Jason Kidd,Jose Juan Barea,Shawn Marion,1,6:33,DET,shot,Tayshaun Prince,,,,,,,,,Jonas Jerebko,2,,,made,,running slam dunk,25,6
Chris Wilcox,Jonas Jerebko,Richard Hamilton,Rodney Stuckey,Tayshaun Prince,Dirk Nowitzki,Drew Gooden,Jason Kidd,Jose Juan Barea,Shawn Marion,1,6:16,DET,foul,,,,,,,,Jose Juan Barea,,Rodney Stuckey,,,,,,personal,,
Chris Wilcox,Jonas Jerebko,Richard Hamilton,Rodney Stuckey,Tayshaun Prince,Dirk Nowitzki,Drew Gooden,Jason Kidd,Jose Juan Barea,Shawn Marion,1,6:16,DAL,timeout,,,,,,,,,,,,,,,,regular,,
Ben Gordon,Chris Wilcox,Jonas Jerebko,Richard Hamilton,Tayshaun Prince,Dirk Nowitzki,Drew Gooden,Jason Kidd,Jose Juan Barea,Shawn Marion,1,6:16,DET,sub,,,,Ben Gordon,,Rodney Stuckey,,,,,,,,,,,,
Ben Gordon,Chris Wilcox,Jonas Jerebko,Richard Hamilton,Tayshaun Prince,Dirk Nowitzki,Drew Gooden,Jason Kidd,Jose Juan Barea,Shawn Marion,1,6:02,DAL,turnover,,,,,,,,,,,,,shot clock turnover,,,,,
Ben Gordon,Chris Wilcox,Jonas Jerebko,Richard Hamilton,Tayshaun Prince,Dirk Nowitzki,Drew Gooden,Jason Kidd,Jose Juan Barea,Shawn Marion,1,5:46,DET,shot,,,,,,,,,,Richard Hamilton,,,,missed,,jump,40,18
Ben Gordon,Chris Wilcox,Jonas Jerebko,Richard Hamilton,Tayshaun Prince,Dirk Nowitzki,Drew Gooden,Jason Kidd,Jose Juan Barea,Shawn Marion,1,5:45,DAL,rebound,,,,,,,,,,Dirk Nowitzki,,,,,,def,,
Ben Gordon,Chris Wilcox,Jonas Jerebko,Richard Hamilton,Tayshaun Prince,Dirk Nowitzki,Drew Gooden,Jason Kidd,Jose Juan Barea,Shawn Marion,1,5:36,DAL,shot,,,Tayshaun Prince,,,,,,,Drew Gooden,,,,missed,,layup,25,6
Ben Gordon,Chris Wilcox,Jonas Jerebko,Richard Hamilton,Tayshaun Prince,Dirk Nowitzki,Drew Gooden,Jason Kidd,Jose Juan Barea,Shawn Marion,1,5:34,DET,rebound,,,,,,,,,,Chris Wilcox,,,,,,def,,
Ben Gordon,Chris Wilcox,Jonas Jerebko,Richard Hamilton,Tayshaun Prince,Dirk Nowitzki,Drew Gooden,Jason Kidd,Jose Juan Barea,Shawn Marion,1,5:19,DET,shot,Richard Hamilton,,,,,,,,,Chris Wilcox,2,,,made,,slam dunk,25,6
Ben Gordon,Chris Wilcox,Jonas Jerebko,Richard Hamilton,Tayshaun Prince,Dirk Nowitzki,Drew Gooden,Jason Kidd,Jose Juan Barea,Shawn Marion,1,4:54,DAL,shot,,,,,,,,,,Jose Juan Barea,,,,missed,,3pt,8,27
Ben Gordon,Chris Wilcox,Jonas Jerebko,Richard Hamilton,Tayshaun Prince,Dirk Nowitzki,Drew Gooden,Jason Kidd,Jose Juan Barea,Shawn Marion,1,4:53,DET,rebound,,,,,,,,,,Tayshaun Prince,,,,,,def,,
Ben Gordon,Chris Wilcox,Jonas Jerebko,Richard Hamilton,Tayshaun Prince,Dirk Nowitzki,Drew Gooden,Jason Kidd,Jose Juan Barea,Shawn Marion,1,4:44,DET,shot,,,,,,,,,,Ben Gordon,,,,missed,,3pt,34,30
Ben Gordon,Chris Wilcox,Jonas Jerebko,Richard Hamilton,Tayshaun Prince,Dirk Nowitzki,Drew Gooden,Jason Kidd,Jose Juan Barea,Shawn Marion,1,4:42,DAL,rebound,,,,,,,,,,Shawn Marion,,,,,,def,,
Ben Gordon,Chris Wilcox,Jonas Jerebko,Richard Hamilton,Tayshaun Prince,Dirk Nowitzki,Drew Gooden,Jason Kidd,Jose Juan Barea,Shawn Marion,1,4:32,DAL,shot,,,,,,,,,,Drew Gooden,,,,missed,,turnaround jump,35,8
Ben Gordon,Chris Wilcox,Jonas Jerebko,Richard Hamilton,Tayshaun Prince,Dirk Nowitzki,Drew Gooden,Jason Kidd,Jose Juan Barea,Shawn Marion,1,4:31,DAL,rebound,,,,,,,,,,Jason Kidd,,,,,,off,,
Ben Gordon,Chris Wilcox,Jonas Jerebko,Richard Hamilton,Tayshaun Prince,Dirk Nowitzki,Drew Gooden,Jason Kidd,Jose Juan Barea,Shawn Marion,1,4:28,DAL,shot,,,,,,,,,,Dirk Nowitzki,,,,missed,,jump,25,23
Ben Gordon,Chris Wilcox,Jonas Jerebko,Richard Hamilton,Tayshaun Prince,Dirk Nowitzki,Drew Gooden,Jason Kidd,Jose Juan Barea,Shawn Marion,1,4:26,DAL,rebound,,,,,,,,,,,,,,,,,,
Ben Gordon,Chris Wilcox,Jonas Jerebko,Richard Hamilton,Tayshaun Prince,Dirk Nowitzki,Drew Gooden,Jason Kidd,Jason Terry,Shawn Marion,1,4:26,DAL,sub,,,,Jason Terry,,Jose Juan Barea,,,,,,,,,,,,
Ben Gordon,Chris Wilcox,Jonas Jerebko,Richard Hamilton,Tayshaun Prince,Drew Gooden,Jason Kidd,Jason Terry,Josh Howard,Shawn Marion,1,4:26,DAL,sub,,,,Josh Howard,,Dirk Nowitzki,,,,,,,,,,,,
Ben Gordon,Chris Wilcox,Jonas Jerebko,Richard Hamilton,Tayshaun Prince,Drew Gooden,Jason Kidd,Jason Terry,Josh Howard,Shawn Marion,1,4:22,DAL,shot,,,,,,,,,,Jason Kidd,,,,missed,,jump,31,28
Ben Gordon,Chris Wilcox,Jonas Jerebko,Richard Hamilton,Tayshaun Prince,Drew Gooden,Jason Kidd,Jason Terry,Josh Howard,Shawn Marion,1,4:20,DET,rebound,,,,,,,,,,Chris Wilcox,,,,,,def,,
Ben Gordon,Chris Wilcox,Jonas Jerebko,Richard Hamilton,Tayshaun Prince,Drew Gooden,Jason Kidd,Jason Terry,Josh Howard,Shawn Marion,1,4:04,DET,shot,Richard Hamilton,,,,,,,,,Chris Wilcox,2,,,made,,alley oop dunk,25,6
Ben Gordon,Chris Wilcox,Jonas Jerebko,Richard Hamilton,Tayshaun Prince,Drew Gooden,Jason Kidd,Jason Terry,Josh Howard,Shawn Marion,1,3:50,DAL,shot,,,,,,,,,,Shawn Marion,,,,missed,,floating jump,21,12
Ben Gordon,Chris Wilcox,Jonas Jerebko,Richard Hamilton,Tayshaun Prince,Drew Gooden,Jason Kidd,Jason Terry,Josh Howard,Shawn Marion,1,3:49,DET,rebound,,,,,,,,,,Jonas Jerebko,,,,,,def,,
Ben Gordon,Chris Wilcox,Jonas Jerebko,Richard Hamilton,Tayshaun Prince,Drew Gooden,Jason Kidd,Jason Terry,Josh Howard,Shawn Marion,1,3:41,DAL,foul,,,,,,,,Tayshaun Prince,,Drew Gooden,,,,,,shooting,,
Ben Gordon,Chris Wilcox,Jonas Jerebko,Richard Hamilton,Tayshaun Prince,Jason Kidd,Jason Terry,Josh Howard,Kris Humphries,Shawn Marion,1,3:41,DAL,sub,,,,Kris Humphries,,Drew Gooden,,,,,,,,,,,,
Ben Gordon,Chris Wilcox,Jonas Jerebko,Richard Hamilton,Tayshaun Prince,Jason Kidd,Jason Terry,Josh Howard,Kris Humphries,Shawn Marion,1,3:41,DET,free throw,,,,,,,1,,2,Tayshaun Prince,,,foul,made,,,,
Ben Gordon,Charlie Villanueva,Chris Wilcox,Richard Hamilton,Tayshaun Prince,Jason Kidd,Jason Terry,Josh Howard,Kris Humphries,Shawn Marion,1,3:41,DET,sub,,,,Charlie Villanueva,,Jonas Jerebko,,,,,,,,,,,,
Ben Gordon,Charlie Villanueva,Chris Wilcox,Richard Hamilton,Tayshaun Prince,Jason Kidd,Jason Terry,Josh Howard,Kris Humphries,Shawn Marion,1,3:41,DET,free throw,,,,,,,2,,2,Tayshaun Prince,,,foul,made,,,,
Ben Gordon,Charlie Villanueva,Chris Wilcox,Richard Hamilton,Tayshaun Prince,Jason Kidd,Jason Terry,Josh Howard,Kris Humphries,Shawn Marion,1,3:22,DAL,shot,,,,,,,,,,Josh Howard,,,,missed,,jump,13,20
Ben Gordon,Charlie Villanueva,Chris Wilcox,Richard Hamilton,Tayshaun Prince,Jason Kidd,Jason Terry,Josh Howard,Kris Humphries,Shawn Marion,1,3:21,DET,rebound,,,,,,,,,,Charlie Villanueva,,,,,,def,,
Ben Gordon,Charlie Villanueva,Chris Wilcox,Richard Hamilton,Tayshaun Prince,Jason Kidd,Jason Terry,Josh Howard,Kris Humphries,Shawn Marion,1,3:15,DAL,foul,,,,,,,,Ben Gordon,,Shawn Marion,,,,,,personal,,
Ben Gordon,Charlie Villanueva,Chris Wilcox,Richard Hamilton,Tayshaun Prince,Jason Kidd,Jason Terry,Josh Howard,Kris Humphries,Shawn Marion,1,3:07,DET,shot,Ben Gordon,,,,,,,,,Chris Wilcox,2,,,made,,alley oop layup,25,6
Ben Gordon,Charlie Villanueva,Chris Wilcox,Richard Hamilton,Tayshaun Prince,Jason Kidd,Jason Terry,Josh Howard,Kris Humphries,Shawn Marion,1,2:51,DAL,shot,,,,,,,,,,Jason Terry,2,,,made,,driving layup,25,6
Ben Gordon,Charlie Villanueva,Chris Wilcox,Richard Hamilton,Tayshaun Prince,Jason Kidd,Jason Terry,Josh Howard,Kris Humphries,Shawn Marion,1,2:39,DAL,foul,,,,,,,,Tayshaun Prince,,Josh Howard,,,,,,personal,,
Ben Gordon,Charlie Villanueva,Chris Wilcox,Richard Hamilton,Tayshaun Prince,Jason Kidd,Jason Terry,Josh Howard,Kris Humphries,Shawn Marion,1,2:39,DET,timeout,,,,,,,,,,,,,,,,regular,,
Ben Gordon,Charlie Villanueva,Chris Wilcox,Chucky Atkins,Richard Hamilton,Jason Kidd,Jason Terry,Josh Howard,Kris Humphries,Shawn Marion,1,2:39,DET,sub,,,,Chucky Atkins,,Tayshaun Prince,,,,,,,,,,,,
Ben Gordon,Charlie Villanueva,Chris Wilcox,Chucky Atkins,Richard Hamilton,Jason Kidd,Jason Terry,Josh Howard,Kris Humphries,Shawn Marion,1,2:30,DET,shot,,,,,,,,,,Ben Gordon,,,,missed,,jump,36,20
Ben Gordon,Charlie Villanueva,Chris Wilcox,Chucky Atkins,Richard Hamilton,Jason Kidd,Jason Terry,Josh Howard,Kris Humphries,Shawn Marion,1,2:28,DAL,rebound,,,,,,,,,,Jason Terry,,,,,,def,,
Ben Gordon,Charlie Villanueva,Chris Wilcox,Chucky Atkins,Richard Hamilton,Jason Kidd,Jason Terry,Josh Howard,Kris Humphries,Shawn Marion,1,2:23,DAL,shot,,,,,,,,,,Jason Terry,2,,,made,,driving layup,25,6
Ben Gordon,Charlie Villanueva,Chris Wilcox,Chucky Atkins,Richard Hamilton,Jason Kidd,Jason Terry,Josh Howard,Kris Humphries,Shawn Marion,1,1:59,DET,shot,,,,,,,,,,Charlie Villanueva,,,,missed,,running jump,30,8
Ben Gordon,Charlie Villanueva,Chris Wilcox,Chucky Atkins,Richard Hamilton,Jason Kidd,Jason Terry,Josh Howard,Kris Humphries,Shawn Marion,1,1:58,DAL,rebound,,,,,,,,,,Jason Kidd,,,,,,def,,
Ben Gordon,Charlie Villanueva,Chris Wilcox,Chucky Atkins,Richard Hamilton,Jason Kidd,Jason Terry,Josh Howard,Kris Humphries,Shawn Marion,1,1:53,DET,foul,,,,,,,,Shawn Marion,,Richard Hamilton,,,,,,shooting,,
Ben Gordon,Charlie Villanueva,Chris Wilcox,Chucky Atkins,Richard Hamilton,Jason Kidd,Jason Terry,Josh Howard,Kris Humphries,Shawn Marion,1,1:53,DAL,free throw,,,,,,,1,,2,Shawn Marion,,,foul,made,,,,
Ben Gordon,Charlie Villanueva,Chris Wilcox,Chucky Atkins,Richard Hamilton,Jason Kidd,Jason Terry,Josh Howard,Kris Humphries,Shawn Marion,1,1:53,DAL,free throw,,,,,,,2,,2,Shawn Marion,,,foul,made,,,,
Ben Gordon,Charlie Villanueva,Chris Wilcox,Chucky Atkins,Richard Hamilton,Jason Kidd,Jason Terry,Josh Howard,Kris Humphries,Shawn Marion,1,1:34,DET,shot,,,,,,,,,,Charlie Villanueva,,,,missed,,jump hook,28,13
Ben Gordon,Charlie Villanueva,Chris Wilcox,Chucky Atkins,Richard Hamilton,Jason Kidd,Jason Terry,Josh Howard,Kris Humphries,Shawn Marion,1,1:33,DET,rebound,,,,,,,,,,Chris Wilcox,,,,,,off,,
Ben Gordon,Charlie Villanueva,Chris Wilcox,Chucky Atkins,Richard Hamilton,Jason Kidd,Jason Terry,Josh Howard,Kris Humphries,Shawn Marion,1,1:28,DET,shot,,,,,,,,,,Richard Hamilton,2,,,made,,driving finger roll layup,25,6
Ben Gordon,Charlie Villanueva,Chris Wilcox,Chucky Atkins,Richard Hamilton,Jason Kidd,Jason Terry,Josh Howard,Kris Humphries,Shawn Marion,1,1:15,DAL,shot,,,,,,,,,,Josh Howard,,,,missed,,3pt,34,29
Ben Gordon,Charlie Villanueva,Chris Wilcox,Chucky Atkins,Richard Hamilton,Jason Kidd,Jason Terry,Josh Howard,Kris Humphries,Shawn Marion,1,1:14,DET,rebound,,,,,,,,,,Chris Wilcox,,,,,,def,,
Ben Gordon,Charlie Villanueva,Chris Wilcox,Chucky Atkins,Richard Hamilton,Jason Kidd,Jason Terry,Josh Howard,Kris Humphries,Shawn Marion,1,1:02,DAL,foul,,,,,,,,Ben Gordon,,Jason Terry,,,,,,personal,,
Ben Gordon,Charlie Villanueva,Chris Wilcox,Chucky Atkins,Richard Hamilton,Jason Terry,Jose Juan Barea,Josh Howard,Kris Humphries,Shawn Marion,1,1:02,DAL,sub,,,,Jose Juan Barea,,Jason Kidd,,,,,,,,,,,,
Ben Gordon,Charlie Villanueva,Chris Wilcox,Chucky Atkins,Richard Hamilton,Dirk Nowitzki,Jason Terry,Jose Juan Barea,Josh Howard,Kris Humphries,1,1:02,DAL,sub,,,,Dirk Nowitzki,,Shawn Marion,,,,,,,,,,,,
Ben Gordon,Charlie Villanueva,Chris Wilcox,Chucky Atkins,Richard Hamilton,Dirk Nowitzki,Jason Terry,Jose Juan Barea,Josh Howard,Kris Humphries,1,1:02,DET,free throw,,,,,,,1,,2,Ben Gordon,,,foul,missed,,,,
Ben Gordon,Charlie Villanueva,Chris Wilcox,Chucky Atkins,Richard Hamilton,Dirk Nowitzki,Jason Terry,Jose Juan Barea,Josh Howard,Kris Humphries,1,1:02,DET,rebound,,,,,,,,,,,,,,,,,,
Ben Gordon,Charlie Villanueva,Chris Wilcox,Chucky Atkins,Richard Hamilton,Dirk Nowitzki,Jason Terry,Jose Juan Barea,Josh Howard,Kris Humphries,1,1:02,DET,free throw,,,,,,,2,,2,Ben Gordon,,,foul,made,,,,
Ben Gordon,Charlie Villanueva,Chris Wilcox,Chucky Atkins,Richard Hamilton,Dirk Nowitzki,Jason Terry,Jose Juan Barea,Josh Howard,Kris Humphries,1,0:49,DAL,shot,,,,,,,,,,Jason Terry,,,,missed,,pullup jump,8,11
Ben Gordon,Charlie Villanueva,Chris Wilcox,Chucky Atkins,Richard Hamilton,Dirk Nowitzki,Jason Terry,Jose Juan Barea,Josh Howard,Kris Humphries,1,0:47,DET,rebound,,,,,,,,,,Charlie Villanueva,,,,,,def,,
Ben Gordon,Charlie Villanueva,Chris Wilcox,Chucky Atkins,Richard Hamilton,Dirk Nowitzki,Jason Terry,Jose Juan Barea,Josh Howard,Kris Humphries,1,0:38,DAL,foul,,,,,,,,Chris Wilcox,,Kris Humphries,,,,,,shooting,,
Ben Gordon,Charlie Villanueva,Chris Wilcox,Chucky Atkins,Richard Hamilton,Dirk Nowitzki,Jason Terry,Jose Juan Barea,Josh Howard,Kris Humphries,1,0:38,DET,free throw,,,,,,,1,,2,Chris Wilcox,,,foul,made,,,,
Ben Gordon,Charlie Villanueva,Chris Wilcox,Chucky Atkins,Richard Hamilton,Dirk Nowitzki,Jason Terry,Jose Juan Barea,Josh Howard,Kris Humphries,1,0:38,DET,free throw,,,,,,,2,,2,Chris Wilcox,,,foul,made,,,,
Ben Gordon,Charlie Villanueva,Chris Wilcox,Chucky Atkins,Richard Hamilton,Dirk Nowitzki,Jason Terry,Jose Juan Barea,Josh Howard,Kris Humphries,1,0:22,DAL,shot,,,,,,,,,,Josh Howard,2,,,made,,step back jump,14,12
Ben Gordon,Charlie Villanueva,Chris Wilcox,Chucky Atkins,Richard Hamilton,Dirk Nowitzki,Jason Terry,Jose Juan Barea,Josh Howard,Kris Humphries,1,0:00,DET,shot,,,,,,,,,,Ben Gordon,2,,,made,,jump,23,29
Ben Gordon,Charlie Villanueva,Chris Wilcox,Chucky Atkins,Tayshaun Prince,Dirk Nowitzki,Jason Terry,Jose Juan Barea,Josh Howard,Kris Humphries,2,11:43,DAL,shot,Josh Howard,,,,,,,,,Kris Humphries,2,,,made,,driving finger roll layup,25,6
Ben Gordon,Charlie Villanueva,Chris Wilcox,Chucky Atkins,Tayshaun Prince,Dirk Nowitzki,Jason Terry,Jose Juan Barea,Josh Howard,Kris Humphries,2,11:24,DET,turnover,,,,,,,,,,Ben Gordon,,,bad pass,,,,,
Ben Gordon,Charlie Villanueva,Chris Wilcox,Chucky Atkins,Tayshaun Prince,Dirk Nowitzki,Jason Terry,Jose Juan Barea,Josh Howard,Kris Humphries,2,11:11,DAL,shot,,,,,,,,,,Jason Terry,2,,,made,,driving layup,25,6
Ben Gordon,Charlie Villanueva,Chris Wilcox,Chucky Atkins,Tayshaun Prince,Dirk Nowitzki,Jason Terry,Jose Juan Barea,Josh Howard,Kris Humphries,2,10:46,DET,shot,,,,,,,,,,Tayshaun Prince,,,,missed,,turnaround hook,34,8
Ben Gordon,Charlie Villanueva,Chris Wilcox,Chucky Atkins,Tayshaun Prince,Dirk Nowitzki,Jason Terry,Jose Juan Barea,Josh Howard,Kris Humphries,2,10:45,DAL,rebound,,,,,,,,,,Dirk Nowitzki,,,,,,def,,
Ben Gordon,Charlie Villanueva,Chris Wilcox,Chucky Atkins,Tayshaun Prince,Dirk Nowitzki,Jason Terry,Jose Juan Barea,Josh Howard,Kris Humphries,2,10:34,DAL,shot,,,Charlie Villanueva,,,,,,,Kris Humphries,,,,missed,,layup,25,6
Ben Gordon,Charlie Villanueva,Chris Wilcox,Chucky Atkins,Tayshaun Prince,Dirk Nowitzki,Jason Terry,Jose Juan Barea,Josh Howard,Kris Humphries,2,10:26,DAL,rebound,,,,,,,,,,Dirk Nowitzki,,,,,,off,,
Ben Gordon,Charlie Villanueva,Chris Wilcox,Chucky Atkins,Tayshaun Prince,Dirk Nowitzki,Jason Terry,Jose Juan Barea,Josh Howard,Kris Humphries,2,10:25,DAL,shot,,,,,,,,,,Dirk Nowitzki,,,,missed,,layup,25,6
Ben Gordon,Charlie Villanueva,Chris Wilcox,Chucky Atkins,Tayshaun Prince,Dirk Nowitzki,Jason Terry,Jose Juan Barea,Josh Howard,Kris Humphries,2,10:23,DET,rebound,,,,,,,,,,Chris Wilcox,,,,,,def,,
Ben Gordon,Charlie Villanueva,Chris Wilcox,Chucky Atkins,Tayshaun Prince,Dirk Nowitzki,Jason Terry,Jose Juan Barea,Josh Howard,Kris Humphries,2,10:14,DET,shot,Chucky Atkins,,,,,,,,,Charlie Villanueva,3,,,made,,3pt,43,23
Ben Gordon,Charlie Villanueva,Chris Wilcox,Chucky Atkins,Tayshaun Prince,Dirk Nowitzki,Jason Terry,Jose Juan Barea,Josh Howard,Kris Humphries,2,10:02,DAL,shot,,,,,,,,,,Dirk Nowitzki,2,,,made,,jump,26,24
Ben Gordon,Charlie Villanueva,Chris Wilcox,Chucky Atkins,Tayshaun Prince,Dirk Nowitzki,Jason Terry,Jose Juan Barea,Josh Howard,Kris Humphries,2,9:53,DET,foul,,,,,,,,Jose Juan Barea,,Chucky Atkins,,,,,,offensive,,
Ben Gordon,Charlie Villanueva,Chris Wilcox,Chucky Atkins,Tayshaun Prince,Dirk Nowitzki,Jason Terry,Jose Juan Barea,Josh Howard,Kris Humphries,2,9:53,DET,turnover,,,,,,,,,,Chucky Atkins,,,foul,,,,,
Ben Gordon,Ben Wallace,Charlie Villanueva,Chucky Atkins,Tayshaun Prince,Dirk Nowitzki,Jason Terry,Jose Juan Barea,Josh Howard,Kris Humphries,2,9:53,DET,sub,,,,Ben Wallace,,Chris Wilcox,,,,,,,,,,,,
Ben Gordon,Ben Wallace,Charlie Villanueva,Rodney Stuckey,Tayshaun Prince,Dirk Nowitzki,Jason Terry,Jose Juan Barea,Josh Howard,Kris Humphries,2,9:53,DET,sub,,,,Rodney Stuckey,,Chucky Atkins,,,,,,,,,,,,
Ben Gordon,Ben Wallace,Charlie Villanueva,Rodney Stuckey,Tayshaun Prince,Dirk Nowitzki,Jason Terry,Jose Juan Barea,Josh Howard,Kris Humphries,2,9:42,DAL,shot,,,,,,,,,,Jose Juan Barea,,,,missed,,3pt,19,31
Ben Gordon,Ben Wallace,Charlie Villanueva,Rodney Stuckey,Tayshaun Prince,Dirk Nowitzki,Jason Terry,Jose Juan Barea,Josh Howard,Kris Humphries,2,9:41,DET,rebound,,,,,,,,,,Ben Gordon,,,,,,def,,
Ben Gordon,Ben Wallace,Charlie Villanueva,Rodney Stuckey,Tayshaun Prince,Dirk Nowitzki,Jason Terry,Jose Juan Barea,Josh Howard,Kris Humphries,2,9:32,DET,shot,Ben Gordon,,,,,,,,,Ben Wallace,2,,,made,,driving layup,25,6
Ben Gordon,Ben Wallace,Charlie Villanueva,Rodney Stuckey,Tayshaun Prince,Dirk Nowitzki,Jason Terry,Jose Juan Barea,Josh Howard,Kris Humphries,2,9:15,DAL,shot,,,,,,,,,,Dirk Nowitzki,,,,missed,,jump,32,24
Ben Gordon,Ben Wallace,Charlie Villanueva,Rodney Stuckey,Tayshaun Prince,Dirk Nowitzki,Jason Terry,Jose Juan Barea,Josh Howard,Kris Humphries,2,9:14,DET,rebound,,,,,,,,,,Ben Wallace,,,,,,def,,
Ben Gordon,Ben Wallace,Charlie Villanueva,Rodney Stuckey,Tayshaun Prince,Dirk Nowitzki,Jason Terry,Jose Juan Barea,Josh Howard,Kris Humphries,2,8:54,DET,shot,Rodney Stuckey,,,,,,,,,Charlie Villanueva,3,,,made,,3pt,8,27
Ben Gordon,Ben Wallace,Charlie Villanueva,Rodney Stuckey,Tayshaun Prince,Dirk Nowitzki,Jason Terry,Jose Juan Barea,Josh Howard,Kris Humphries,2,8:36,DET,foul,,,,,,,,Kris Humphries,,Tayshaun Prince,,,,,,personal,,
Ben Gordon,Ben Wallace,Charlie Villanueva,Rodney Stuckey,Tayshaun Prince,Dirk Nowitzki,Jason Terry,Jose Juan Barea,Josh Howard,Kris Humphries,2,8:36,DAL,timeout,,,,,,,,,,,,,,,,official,,
Ben Gordon,Ben Wallace,Charlie Villanueva,Rodney Stuckey,Tayshaun Prince,Dirk Nowitzki,Jason Terry,Jose Juan Barea,Josh Howard,Kris Humphries,2,8:27,DAL,shot,Jason Terry,,,,,,,,,Dirk Nowitzki,2,,,made,,jump,40,8
Ben Gordon,Ben Wallace,Charlie Villanueva,Rodney Stuckey,Tayshaun Prince,Dirk Nowitzki,Jason Terry,Jose Juan Barea,Josh Howard,Kris Humphries,2,8:02,DET,shot,,,Kris Humphries,,,,,,,Ben Wallace,,,,missed,,turnaround jump,30,14
Ben Gordon,Ben Wallace,Charlie Villanueva,Rodney Stuckey,Tayshaun Prince,Dirk Nowitzki,Jason Terry,Jose Juan Barea,Josh Howard,Kris Humphries,2,8:00,DET,rebound,,,,,,,,,,Charlie Villanueva,,,,,,off,,
Ben Gordon,Ben Wallace,Charlie Villanueva,Rodney Stuckey,Tayshaun Prince,Dirk Nowitzki,Jason Terry,Jose Juan Barea,Josh Howard,Kris Humphries,2,7:59,DET,shot,,,,,,,,,,Charlie Villanueva,3,,,made,,3pt,36,29
Ben Gordon,Ben Wallace,Charlie Villanueva,Rodney Stuckey,Tayshaun Prince,Dirk Nowitzki,Jason Terry,Jose Juan Barea,Josh Howard,Kris Humphries,2,7:42,DAL,shot,,,,,,,,,,Jose Juan Barea,,,,missed,,running layup,25,6
Ben Gordon,Ben Wallace,Charlie Villanueva,Rodney Stuckey,Tayshaun Prince,Dirk Nowitzki,Jason Terry,Jose Juan Barea,Josh Howard,Kris Humphries,2,7:41,DAL,rebound,,,,,,,,,,Dirk Nowitzki,,,,,,off,,
Ben Gordon,Ben Wallace,Charlie Villanueva,Rodney Stuckey,Tayshaun Prince,Dirk Nowitzki,Jason Terry,Jose Juan Barea,Josh Howard,Kris Humphries,2,7:41,DAL,shot,,,,,,,,,,Dirk Nowitzki,2,,,made,,tip,25,6
Ben Gordon,Ben Wallace,Charlie Villanueva,Rodney Stuckey,Tayshaun Prince,Dirk Nowitzki,Jason Terry,Jose Juan Barea,Josh Howard,Kris Humphries,2,7:15,DET,shot,,,,,,,,,,Tayshaun Prince,2,,,made,,jump,10,22
Ben Gordon,Ben Wallace,Charlie Villanueva,Rodney Stuckey,Tayshaun Prince,Dirk Nowitzki,Jason Terry,Jose Juan Barea,Josh Howard,Kris Humphries,2,7:02,DET,foul,,,,,,,,Dirk Nowitzki,,Charlie Villanueva,,,,,,personal,,
Ben Gordon,Ben Wallace,Charlie Villanueva,Rodney Stuckey,Tayshaun Prince,Dirk Nowitzki,Jason Terry,Jose Juan Barea,Josh Howard,Kris Humphries,2,6:47,DAL,turnover,,,,,,,,,,,,,shot clock turnover,,,,,
Ben Gordon,Ben Wallace,Charlie Villanueva,Rodney Stuckey,Tayshaun Prince,Dirk Nowitzki,Jason Terry,Jose Juan Barea,Josh Howard,Kris Humphries,2,6:35,DET,shot,Ben Gordon,,,,,,,,,Charlie Villanueva,3,,,made,,3pt,37,28
Ben Gordon,Ben Wallace,Charlie Villanueva,Rodney Stuckey,Tayshaun Prince,Dirk Nowitzki,Jason Terry,Jose Juan Barea,Josh Howard,Kris Humphries,2,6:32,DAL,timeout,,,,,,,,,,,,,,,,regular,,
Ben Gordon,Ben Wallace,Charlie Villanueva,Rodney Stuckey,Tayshaun Prince,Dirk Nowitzki,Jason Kidd,Jason Terry,Josh Howard,Kris Humphries,2,6:32,DAL,sub,,,,Jason Kidd,,Jose Juan Barea,,,,,,,,,,,,
Ben Gordon,Ben Wallace,Charlie Villanueva,Rodney Stuckey,Tayshaun Prince,Dirk Nowitzki,Drew Gooden,Jason Kidd,Jason Terry,Josh Howard,2,6:32,DAL,sub,,,,Drew Gooden,,Kris Humphries,,,,,,,,,,,,
Ben Gordon,Ben Wallace,Charlie Villanueva,Rodney Stuckey,Tayshaun Prince,Dirk Nowitzki,Drew Gooden,Jason Kidd,Jason Terry,Josh Howard,2,6:20,DET,violation,,,,,,,,,,Rodney Stuckey,,,,,,kicked ball,,
Ben Gordon,Ben Wallace,Charlie Villanueva,Rodney Stuckey,Tayshaun Prince,Dirk Nowitzki,Drew Gooden,Jason Kidd,Jason Terry,Josh Howard,2,6:15,DAL,shot,Jason Terry,,,,,,,,,Josh Howard,2,,,made,,jump,43,7
Ben Gordon,Ben Wallace,Charlie Villanueva,Rodney Stuckey,Tayshaun Prince,Dirk Nowitzki,Drew Gooden,Jason Kidd,Jason Terry,Josh Howard,2,6:00,DET,shot,,,,,,,,,,Tayshaun Prince,,,,missed,,running hook,29,10
Ben Gordon,Ben Wallace,Charlie Villanueva,Rodney Stuckey,Tayshaun Prince,Dirk Nowitzki,Drew Gooden,Jason Kidd,Jason Terry,Josh Howard,2,5:59,DET,rebound,,,,,,,,,,Tayshaun Prince,,,,,,off,,
Ben Gordon,Ben Wallace,Charlie Villanueva,Rodney Stuckey,Tayshaun Prince,Dirk Nowitzki,Drew Gooden,Jason Kidd,Jason Terry,Josh Howard,2,5:58,DET,shot,,,,,,,,,,Tayshaun Prince,2,,,made,,layup,25,6
Ben Gordon,Ben Wallace,Charlie Villanueva,Rodney Stuckey,Tayshaun Prince,Dirk Nowitzki,Drew Gooden,Jason Kidd,Jason Terry,Josh Howard,2,5:41,DAL,shot,,,,,,,,,,Jason Terry,,,,missed,,layup,25,6
Ben Gordon,Ben Wallace,Charlie Villanueva,Rodney Stuckey,Tayshaun Prince,Dirk Nowitzki,Drew Gooden,Jason Kidd,Jason Terry,Josh Howard,2,5:40,DAL,rebound,,,,,,,,,,Drew Gooden,,,,,,off,,
Ben Gordon,Ben Wallace,Charlie Villanueva,Rodney Stuckey,Tayshaun Prince,Dirk Nowitzki,Drew Gooden,Jason Kidd,Jason Terry,Josh Howard,2,5:40,DAL,shot,,,,,,,,,,Drew Gooden,,,,missed,,tip,25,6
Ben Gordon,Ben Wallace,Charlie Villanueva,Rodney Stuckey,Tayshaun Prince,Dirk Nowitzki,Drew Gooden,Jason Kidd,Jason Terry,Josh Howard,2,5:39,DAL,rebound,,,,,,,,,,Drew Gooden,,,,,,off,,
Ben Gordon,Ben Wallace,Charlie Villanueva,Rodney Stuckey,Tayshaun Prince,Dirk Nowitzki,Drew Gooden,Jason Kidd,Jason Terry,Josh Howard,2,5:39,DAL,shot,,,,,,,,,,Drew Gooden,,,,missed,,tip,25,6
Ben Gordon,Ben Wallace,Charlie Villanueva,Rodney Stuckey,Tayshaun Prince,Dirk Nowitzki,Drew Gooden,Jason Kidd,Jason Terry,Josh Howard,2,5:38,DAL,rebound,,,,,,,,,,Drew Gooden,,,,,,off,,
Ben Gordon,Ben Wallace,Charlie Villanueva,Rodney Stuckey,Tayshaun Prince,Dirk Nowitzki,Drew Gooden,Jason Kidd,Jason Terry,Josh Howard,2,5:38,DAL,shot,,,,,,,,,,Drew Gooden,,,,missed,,layup,25,6
Ben Gordon,Ben Wallace,Charlie Villanueva,Rodney Stuckey,Tayshaun Prince,Dirk Nowitzki,Drew Gooden,Jason Kidd,Jason Terry,Josh Howard,2,5:37,DET,rebound,,,,,,,,,,Charlie Villanueva,,,,,,def,,
Ben Gordon,Ben Wallace,Charlie Villanueva,Rodney Stuckey,Tayshaun Prince,Dirk Nowitzki,Drew Gooden,Jason Kidd,Jason Terry,Josh Howard,2,5:27,DET,shot,,,,,,,,,,Charlie Villanueva,,,,missed,,3pt,22,32
Ben Gordon,Ben Wallace,Charlie Villanueva,Rodney Stuckey,Tayshaun Prince,Dirk Nowitzki,Drew Gooden,Jason Kidd,Jason Terry,Josh Howard,2,5:25,DAL,rebound,,,,,,,,,,Josh Howard,,,,,,def,,
Ben Gordon,Ben Wallace,Charlie Villanueva,Rodney Stuckey,Tayshaun Prince,Dirk Nowitzki,Drew Gooden,Jason Kidd,Jason Terry,Josh Howard,2,5:08,DAL,shot,,,,,,,,,,Dirk Nowitzki,,,,missed,,jump,27,23
Ben Gordon,Ben Wallace,Charlie Villanueva,Rodney Stuckey,Tayshaun Prince,Dirk Nowitzki,Drew Gooden,Jason Kidd,Jason Terry,Josh Howard,2,5:07,DET,rebound,,,,,,,,,,Ben Gordon,,,,,,def,,
Ben Gordon,Ben Wallace,Charlie Villanueva,Rodney Stuckey,Tayshaun Prince,Dirk Nowitzki,Drew Gooden,Jason Kidd,Jason Terry,Josh Howard,2,5:04,DET,turnover,,,,,,,,,,Ben Gordon,,,bad pass,,,,,
Ben Gordon,Ben Wallace,Charlie Villanueva,Rodney Stuckey,Tayshaun Prince,Dirk Nowitzki,Drew Gooden,Jason Kidd,Jason Terry,Josh Howard,2,4:54,DAL,turnover,,,,,,,,,,Dirk Nowitzki,,,bad pass,,Ben Wallace,,,
Ben Gordon,Ben Wallace,Charlie Villanueva,Rodney Stuckey,Tayshaun Prince,Dirk Nowitzki,Drew Gooden,Jason Kidd,Jason Terry,Josh Howard,2,4:53,DAL,foul,,,,,,,,Rodney Stuckey,,Jason Terry,,,,,,personal,,
Ben Gordon,Ben Wallace,Charlie Villanueva,Rodney Stuckey,Tayshaun Prince,Dirk Nowitzki,Drew Gooden,Jason Kidd,Jason Terry,Josh Howard,2,4:45,DET,shot,,,,,,,,,,Ben Wallace,,,,missed,,running layup,25,6
Ben Gordon,Ben Wallace,Charlie Villanueva,Rodney Stuckey,Tayshaun Prince,Dirk Nowitzki,Drew Gooden,Jason Kidd,Jason Terry,Josh Howard,2,4:44,DAL,rebound,,,,,,,,,,Drew Gooden,,,,,,def,,
Ben Gordon,Ben Wallace,Charlie Villanueva,Rodney Stuckey,Tayshaun Prince,Dirk Nowitzki,Drew Gooden,Jason Kidd,Jason Terry,Josh Howard,2,4:26,DAL,shot,,,,,,,,,,Jason Terry,,,,missed,,jump,30,13
Ben Gordon,Ben Wallace,Charlie Villanueva,Rodney Stuckey,Tayshaun Prince,Dirk Nowitzki,Drew Gooden,Jason Kidd,Jason Terry,Josh Howard,2,4:25,DAL,rebound,,,,,,,,,,Drew Gooden,,,,,,off,,
Ben Gordon,Ben Wallace,Charlie Villanueva,Rodney Stuckey,Tayshaun Prince,Dirk Nowitzki,Drew Gooden,Jason Kidd,Jason Terry,Josh Howard,2,4:25,DAL,shot,,,,,,,,,,Drew Gooden,,,,missed,,tip,25,6
Ben Gordon,Ben Wallace,Charlie Villanueva,Rodney Stuckey,Tayshaun Prince,Dirk Nowitzki,Drew Gooden,Jason Kidd,Jason Terry,Josh Howard,2,4:24,DAL,rebound,,,,,,,,,,Drew Gooden,,,,,,off,,
Ben Gordon,Ben Wallace,Charlie Villanueva,Rodney Stuckey,Tayshaun Prince,Dirk Nowitzki,Drew Gooden,Jason Kidd,Jason Terry,Josh Howard,2,4:24,DAL,shot,,,,,,,,,,Drew Gooden,,,,missed,,tip,25,6
Ben Gordon,Ben Wallace,Charlie Villanueva,Rodney Stuckey,Tayshaun Prince,Dirk Nowitzki,Drew Gooden,Jason Kidd,Jason Terry,Josh Howard,2,4:23,DET,rebound,,,,,,,,,,Charlie Villanueva,,,,,,def,,
Ben Gordon,Ben Wallace,Charlie Villanueva,Rodney Stuckey,Tayshaun Prince,Dirk Nowitzki,Drew Gooden,Jason Kidd,Jason Terry,Josh Howard,2,4:05,DET,shot,,,,,,,,,,Ben Gordon,,,,missed,,jump,5,12
Ben Gordon,Ben Wallace,Charlie Villanueva,Rodney Stuckey,Tayshaun Prince,Dirk Nowitzki,Drew Gooden,Jason Kidd,Jason Terry,Josh Howard,2,4:04,DAL,rebound,,,,,,,,,,Dirk Nowitzki,,,,,,def,,
Ben Gordon,Ben Wallace,Charlie Villanueva,Rodney Stuckey,Tayshaun Prince,Dirk Nowitzki,Drew Gooden,Jason Kidd,Jason Terry,Josh Howard,2,3:47,DAL,shot,Jason Kidd,,,,,,,,,Jason Terry,3,,,made,,3pt,1,14
Ben Gordon,Ben Wallace,Charlie Villanueva,Rodney Stuckey,Tayshaun Prince,Dirk Nowitzki,Drew Gooden,Jason Kidd,Jason Terry,Josh Howard,2,3:38,DET,timeout,,,,,,,,,,,,,,,,regular,,
Ben Gordon,Ben Wallace,Charlie Villanueva,Rodney Stuckey,Tayshaun Prince,Dirk Nowitzki,Jason Kidd,Jason Terry,Josh Howard,Shawn Marion,2,3:38,DAL,sub,,,,Shawn Marion,,Drew Gooden,,,,,,,,,,,,
Ben Gordon,Ben Wallace,Charlie Villanueva,Rodney Stuckey,Tayshaun Prince,Dirk Nowitzki,Jason Kidd,Jason Terry,Josh Howard,Shawn Marion,2,3:26,DET,shot,Rodney Stuckey,,,,,,,,,Tayshaun Prince,2,,,made,,jump,9,9
Ben Gordon,Ben Wallace,Charlie Villanueva,Rodney Stuckey,Tayshaun Prince,Dirk Nowitzki,Jason Kidd,Jason Terry,Josh Howard,Shawn Marion,2,3:06,DAL,shot,Dirk Nowitzki,,,,,,,,,Jason Kidd,3,,,made,,3pt,48,10
Ben Gordon,Ben Wallace,Charlie Villanueva,Rodney Stuckey,Tayshaun Prince,Dirk Nowitzki,Jason Kidd,Jason Terry,Josh Howard,Shawn Marion,2,2:39,DET,shot,,,,,,,,,,Rodney Stuckey,,,,missed,,jump,39,20
Ben Gordon,Ben Wallace,Charlie Villanueva,Rodney Stuckey,Tayshaun Prince,Dirk Nowitzki,Jason Kidd,Jason Terry,Josh Howard,Shawn Marion,2,2:38,DAL,rebound,,,,,,,,,,Dirk Nowitzki,,,,,,def,,
Ben Gordon,Ben Wallace,Charlie Villanueva,Rodney Stuckey,Tayshaun Prince,Dirk Nowitzki,Jason Kidd,Jason Terry,Josh Howard,Shawn Marion,2,2:17,DAL,shot,,,,,,,,,,Jason Kidd,,,,missed,,3pt,22,31
Ben Gordon,Ben Wallace,Charlie Villanueva,Rodney Stuckey,Tayshaun Prince,Dirk Nowitzki,Jason Kidd,Jason Terry,Josh Howard,Shawn Marion,2,2:15,DET,rebound,,,,,,,,,,Charlie Villanueva,,,,,,def,,
Ben Gordon,Ben Wallace,Charlie Villanueva,Rodney Stuckey,Tayshaun Prince,Dirk Nowitzki,Jason Kidd,Jason Terry,Josh Howard,Shawn Marion,2,1:52,DET,shot,,,,,,,,,,Tayshaun Prince,,,,missed,,jump,28,29
Ben Gordon,Ben Wallace,Charlie Villanueva,Rodney Stuckey,Tayshaun Prince,Dirk Nowitzki,Jason Kidd,Jason Terry,Josh Howard,Shawn Marion,2,1:50,DAL,rebound,,,,,,,,,,Shawn Marion,,,,,,def,,
Ben Gordon,Ben Wallace,Charlie Villanueva,Rodney Stuckey,Tayshaun Prince,Dirk Nowitzki,Jason Kidd,Jason Terry,Josh Howard,Shawn Marion,2,1:41,DAL,shot,,,,,,,,,,Josh Howard,,,,missed,,3pt,37,27
Ben Gordon,Ben Wallace,Charlie Villanueva,Rodney Stuckey,Tayshaun Prince,Dirk Nowitzki,Jason Kidd,Jason Terry,Josh Howard,Shawn Marion,2,1:40,DET,rebound,,,,,,,,,,Charlie Villanueva,,,,,,def,,
Ben Gordon,Ben Wallace,Charlie Villanueva,Rodney Stuckey,Tayshaun Prince,Dirk Nowitzki,Jason Kidd,Jason Terry,Josh Howard,Shawn Marion,2,1:24,DET,shot,,,,,,,,,,Ben Gordon,,,,missed,,3pt,5,21
Ben Gordon,Ben Wallace,Charlie Villanueva,Rodney Stuckey,Tayshaun Prince,Dirk Nowitzki,Jason Kidd,Jason Terry,Josh Howard,Shawn Marion,2,1:23,DAL,rebound,,,,,,,,,,Dirk Nowitzki,,,,,,def,,
Ben Gordon,Ben Wallace,Charlie Villanueva,Rodney Stuckey,Tayshaun Prince,Dirk Nowitzki,Jason Kidd,Jason Terry,Josh Howard,Shawn Marion,2,1:06,DAL,shot,Dirk Nowitzki,,,,,,,,,Jason Kidd,2,,,made,,layup,25,6
Ben Gordon,Ben Wallace,Charlie Villanueva,Rodney Stuckey,Tayshaun Prince,Dirk Nowitzki,Jason Kidd,Jason Terry,Josh Howard,Shawn Marion,2,0:41,DET,shot,,,,,,,,,,Charlie Villanueva,,,,missed,,jump,8,8
Ben Gordon,Ben Wallace,Charlie Villanueva,Rodney Stuckey,Tayshaun Prince,Dirk Nowitzki,Jason Kidd,Jason Terry,Josh Howard,Shawn Marion,2,0:40,DET,rebound,,,,,,,,,,,,,,,,,,
Ben Gordon,Charlie Villanueva,Chris Wilcox,Rodney Stuckey,Tayshaun Prince,Dirk Nowitzki,Jason Kidd,Jason Terry,Josh Howard,Shawn Marion,2,0:40,DET,sub,,,,Chris Wilcox,,Ben Wallace,,,,,,,,,,,,
Ben Gordon,Charlie Villanueva,Chris Wilcox,Richard Hamilton,Tayshaun Prince,Dirk Nowitzki,Jason Kidd,Jason Terry,Josh Howard,Shawn Marion,2,0:40,DET,sub,,,,Richard Hamilton,,Rodney Stuckey,,,,,,,,,,,,
Ben Gordon,Charlie Villanueva,Chris Wilcox,Richard Hamilton,Tayshaun Prince,Dirk Nowitzki,Jason Kidd,Jason Terry,Josh Howard,Shawn Marion,2,0:28,DET,shot,,,Shawn Marion,,,,,,,Chris Wilcox,,,,missed,,jump,23,10
Ben Gordon,Charlie Villanueva,Chris Wilcox,Richard Hamilton,Tayshaun Prince,Dirk Nowitzki,Jason Kidd,Jason Terry,Josh Howard,Shawn Marion,2,0:26,DAL,rebound,,,,,,,,,,Jason Terry,,,,,,def,,
Ben Gordon,Charlie Villanueva,Chris Wilcox,Richard Hamilton,Tayshaun Prince,Dirk Nowitzki,Jason Kidd,Jason Terry,Josh Howard,Shawn Marion,2,0:24,DAL,shot,,,,,,,,,,Jason Terry,2,,,made,,driving layup,25,6
Ben Gordon,Charlie Villanueva,Chris Wilcox,Richard Hamilton,Tayshaun Prince,Dirk Nowitzki,Jason Kidd,Jason Terry,Josh Howard,Shawn Marion,2,0:04,DAL,foul,,,,,,,,Tayshaun Prince,,Jason Kidd,,,,,,personal,,
Ben Gordon,Charlie Villanueva,Chris Wilcox,Richard Hamilton,Tayshaun Prince,Dirk Nowitzki,Jason Kidd,Jason Terry,Josh Howard,Shawn Marion,2,0:04,DET,timeout,,,,,,,,,,,,,,,,short,,
Ben Gordon,Charlie Villanueva,Chris Wilcox,Richard Hamilton,Tayshaun Prince,Dirk Nowitzki,Jason Kidd,Jason Terry,Josh Howard,Shawn Marion,2,0:00,DET,shot,,,,,,,,,,Tayshaun Prince,2,,,made,,running bank,32,9
Ben Wallace,Jonas Jerebko,Richard Hamilton,Rodney Stuckey,Tayshaun Prince,Dirk Nowitzki,Drew Gooden,Jason Kidd,Jason Terry,Shawn Marion,3,11:44,DAL,shot,,,,,,,,,,Dirk Nowitzki,,,,missed,,turnaround jump,19,16
Ben Wallace,Jonas Jerebko,Richard Hamilton,Rodney Stuckey,Tayshaun Prince,Dirk Nowitzki,Drew Gooden,Jason Kidd,Jason Terry,Shawn Marion,3,11:44,DET,rebound,,,,,,,,,,Ben Wallace,,,,,,def,,
Ben Wallace,Jonas Jerebko,Richard Hamilton,Rodney Stuckey,Tayshaun Prince,Dirk Nowitzki,Drew Gooden,Jason Kidd,Jason Terry,Shawn Marion,3,11:33,DET,shot,,,,,,,,,,Richard Hamilton,2,,,made,,driving layup,25,6
Ben Wallace,Jonas Jerebko,Richard Hamilton,Rodney Stuckey,Tayshaun Prince,Dirk Nowitzki,Drew Gooden,Jason Kidd,Jason Terry,Shawn Marion,3,11:19,DAL,shot,,,,,,,,,,Shawn Marion,2,,,made,,floating jump,25,14
Ben Wallace,Jonas Jerebko,Richard Hamilton,Rodney Stuckey,Tayshaun Prince,Dirk Nowitzki,Drew Gooden,Jason Kidd,Jason Terry,Shawn Marion,3,11:02,DET,shot,,,,,,,,,,Richard Hamilton,,,,missed,,fade away jumper,25,15
Ben Wallace,Jonas Jerebko,Richard Hamilton,Rodney Stuckey,Tayshaun Prince,Dirk Nowitzki,Drew Gooden,Jason Kidd,Jason Terry,Shawn Marion,3,11:01,DAL,rebound,,,,,,,,,,Dirk Nowitzki,,,,,,def,,
Ben Wallace,Jonas Jerebko,Richard Hamilton,Rodney Stuckey,Tayshaun Prince,Dirk Nowitzki,Drew Gooden,Jason Kidd,Jason Terry,Shawn Marion,3,10:53,DET,foul,,,,,,,,Shawn Marion,,Tayshaun Prince,,,,,,personal,,
Ben Wallace,Jonas Jerebko,Richard Hamilton,Rodney Stuckey,Tayshaun Prince,Dirk Nowitzki,Drew Gooden,Jason Kidd,Jason Terry,Shawn Marion,3,10:50,DAL,turnover,,,,,,,,,,Jason Kidd,,,bad pass,,Rodney Stuckey,,,
Ben Wallace,Jonas Jerebko,Richard Hamilton,Rodney Stuckey,Tayshaun Prince,Dirk Nowitzki,Drew Gooden,Jason Kidd,Jason Terry,Shawn Marion,3,10:38,DET,turnover,,,,,,,,,,Jonas Jerebko,,,lost ball,,Jason Kidd,,,
Ben Wallace,Jonas Jerebko,Richard Hamilton,Rodney Stuckey,Tayshaun Prince,Dirk Nowitzki,Drew Gooden,Jason Kidd,Jason Terry,Shawn Marion,3,10:32,DAL,shot,Jason Terry,,,,,,,,,Shawn Marion,2,,,made,,running slam dunk,25,6
Ben Wallace,Jonas Jerebko,Richard Hamilton,Rodney Stuckey,Tayshaun Prince,Dirk Nowitzki,Drew Gooden,Jason Kidd,Jason Terry,Shawn Marion,3,10:12,DET,shot,,,,,,,,,,Rodney Stuckey,,,,missed,,jump,25,25
Ben Wallace,Jonas Jerebko,Richard Hamilton,Rodney Stuckey,Tayshaun Prince,Dirk Nowitzki,Drew Gooden,Jason Kidd,Jason Terry,Shawn Marion,3,10:10,DAL,rebound,,,,,,,,,,Shawn Marion,,,,,,def,,
Ben Wallace,Jonas Jerebko,Richard Hamilton,Rodney Stuckey,Tayshaun Prince,Dirk Nowitzki,Drew Gooden,Jason Kidd,Jason Terry,Shawn Marion,3,10:00,DAL,shot,,,,,,,,,,Drew Gooden,,,,missed,,running bank hook,18,13
Ben Wallace,Jonas Jerebko,Richard Hamilton,Rodney Stuckey,Tayshaun Prince,Dirk Nowitzki,Drew Gooden,Jason Kidd,Jason Terry,Shawn Marion,3,9:59,DAL,rebound,,,,,,,,,,Drew Gooden,,,,,,off,,
Ben Wallace,Jonas Jerebko,Richard Hamilton,Rodney Stuckey,Tayshaun Prince,Dirk Nowitzki,Drew Gooden,Jason Kidd,Jason Terry,Shawn Marion,3,9:59,DAL,shot,,,,,,,,,,Drew Gooden,,,,missed,,tip,25,6
Ben Wallace,Jonas Jerebko,Richard Hamilton,Rodney Stuckey,Tayshaun Prince,Dirk Nowitzki,Drew Gooden,Jason Kidd,Jason Terry,Shawn Marion,3,9:59,DAL,rebound,,,,,,,,,,Drew Gooden,,,,,,off,,
Ben Wallace,Jonas Jerebko,Richard Hamilton,Rodney Stuckey,Tayshaun Prince,Dirk Nowitzki,Drew Gooden,Jason Kidd,Jason Terry,Shawn Marion,3,9:59,DAL,shot,,,,,,,,,,Drew Gooden,,,,missed,,tip,25,6
Ben Wallace,Jonas Jerebko,Richard Hamilton,Rodney Stuckey,Tayshaun Prince,Dirk Nowitzki,Drew Gooden,Jason Kidd,Jason Terry,Shawn Marion,3,9:57,DAL,rebound,,,,,,,,,,Drew Gooden,,,,,,off,,
Ben Wallace,Jonas Jerebko,Richard Hamilton,Rodney Stuckey,Tayshaun Prince,Dirk Nowitzki,Drew Gooden,Jason Kidd,Jason Terry,Shawn Marion,3,9:57,DAL,shot,,,,,,,,,,Drew Gooden,2,,,made,,tip,25,6
Ben Wallace,Jonas Jerebko,Richard Hamilton,Rodney Stuckey,Tayshaun Prince,Dirk Nowitzki,Drew Gooden,Jason Kidd,Jason Terry,Shawn Marion,3,9:35,DET,turnover,,,,,,,,,,Richard Hamilton,,,lost ball,,Drew Gooden,,,
Ben Wallace,Jonas Jerebko,Richard Hamilton,Rodney Stuckey,Tayshaun Prince,Dirk Nowitzki,Drew Gooden,Jason Kidd,Jason Terry,Shawn Marion,3,9:30,DAL,shot,,,,,,,,,,Jason Terry,,,,missed,,driving layup,25,6
Ben Wallace,Jonas Jerebko,Richard Hamilton,Rodney Stuckey,Tayshaun Prince,Dirk Nowitzki,Drew Gooden,Jason Kidd,Jason Terry,Shawn Marion,3,9:29,DET,rebound,,,,,,,,,,Tayshaun Prince,,,,,,def,,
Ben Wallace,Jonas Jerebko,Richard Hamilton,Rodney Stuckey,Tayshaun Prince,Dirk Nowitzki,Drew Gooden,Jason Kidd,Jason Terry,Shawn Marion,3,9:23,DAL,foul,,,,,,,,,,Jason Terry,,,,,,technical,,
Ben Wallace,Jonas Jerebko,Richard Hamilton,Rodney Stuckey,Tayshaun Prince,Dirk Nowitzki,Drew Gooden,Jason Kidd,Jason Terry,Shawn Marion,3,9:23,DET,free throw,,,,,,,1,,1,Richard Hamilton,,,technical,made,,,,
Ben Wallace,Jonas Jerebko,Richard Hamilton,Rodney Stuckey,Tayshaun Prince,Dirk Nowitzki,Drew Gooden,Jason Kidd,Jason Terry,Shawn Marion,3,9:04,DET,shot,,,,,,,,,,Jonas Jerebko,,,,missed,,3pt,44,39
Ben Wallace,Jonas Jerebko,Richard Hamilton,Rodney Stuckey,Tayshaun Prince,Dirk Nowitzki,Drew Gooden,Jason Kidd,Jason Terry,Shawn Marion,3,9:03,DET,rebound,,,,,,,,,,Ben Wallace,,,,,,off,,
Ben Wallace,Jonas Jerebko,Richard Hamilton,Rodney Stuckey,Tayshaun Prince,Dirk Nowitzki,Drew Gooden,Jason Kidd,Jason Terry,Shawn Marion,3,9:01,DET,shot,,,Jason Kidd,,,,,,,Ben Wallace,,,,missed,,layup,25,6
Ben Wallace,Jonas Jerebko,Richard Hamilton,Rodney Stuckey,Tayshaun Prince,Dirk Nowitzki,Drew Gooden,Jason Kidd,Jason Terry,Shawn Marion,3,8:59,DET,rebound,,,,,,,,,,Richard Hamilton,,,,,,off,,
Ben Wallace,Jonas Jerebko,Richard Hamilton,Rodney Stuckey,Tayshaun Prince,Dirk Nowitzki,Drew Gooden,Jason Kidd,Jason Terry,Shawn Marion,3,8:58,DET,shot,,,,,,,,,,Richard Hamilton,2,,,made,,jump,11,7
Ben Wallace,Jonas Jerebko,Richard Hamilton,Rodney Stuckey,Tayshaun Prince,Dirk Nowitzki,Drew Gooden,Jason Kidd,Jason Terry,Shawn Marion,3,8:39,DET,foul,,,,,,,,Dirk Nowitzki,,Richard Hamilton,,,,,,personal,,
Ben Wallace,Jonas Jerebko,Richard Hamilton,Rodney Stuckey,Tayshaun Prince,Dirk Nowitzki,Drew Gooden,Jason Kidd,Jason Terry,Shawn Marion,3,8:29,DET,foul,,,,,,,,Dirk Nowitzki,,Jonas Jerebko,,,,,,personal,,
Ben Wallace,Jonas Jerebko,Richard Hamilton,Rodney Stuckey,Tayshaun Prince,Dirk Nowitzki,Drew Gooden,Jason Kidd,Jason Terry,Shawn Marion,3,8:25,DAL,shot,Jason Kidd,,,,,,,,,Jason Terry,2,,,made,,layup,25,6
Ben Wallace,Jonas Jerebko,Richard Hamilton,Rodney Stuckey,Tayshaun Prince,Dirk Nowitzki,Drew Gooden,Jason Kidd,Jason Terry,Shawn Marion,3,8:04,DET,turnover,,,,,,,,,,Tayshaun Prince,,,traveling,,,,,
Ben Wallace,Jonas Jerebko,Richard Hamilton,Rodney Stuckey,Tayshaun Prince,Dirk Nowitzki,Drew Gooden,Jason Kidd,Jason Terry,Shawn Marion,3,7:51,DAL,shot,Jason Kidd,,,,,,,,,Dirk Nowitzki,2,,,made,,jump,42,8
Ben Wallace,Jonas Jerebko,Richard Hamilton,Rodney Stuckey,Tayshaun Prince,Dirk Nowitzki,Drew Gooden,Jason Kidd,Jason Terry,Shawn Marion,3,7:43,DET,timeout,,,,,,,,,,,,,,,,regular,,
Ben Wallace,Jonas Jerebko,Richard Hamilton,Rodney Stuckey,Tayshaun Prince,Dirk Nowitzki,Drew Gooden,Jason Kidd,Jason Terry,Shawn Marion,3,7:27,DET,shot,Tayshaun Prince,,,,,,,,,Richard Hamilton,2,,,made,,jump,36,10
Ben Wallace,Jonas Jerebko,Richard Hamilton,Rodney Stuckey,Tayshaun Prince,Dirk Nowitzki,Drew Gooden,Jason Kidd,Jason Terry,Shawn Marion,3,7:11,DAL,shot,,,,,,,,,,Jason Terry,,,,missed,,3pt,48,9
Ben Wallace,Jonas Jerebko,Richard Hamilton,Rodney Stuckey,Tayshaun Prince,Dirk Nowitzki,Drew Gooden,Jason Kidd,Jason Terry,Shawn Marion,3,7:10,DET,rebound,,,,,,,,,,Ben Wallace,,,,,,def,,
Ben Wallace,Jonas Jerebko,Richard Hamilton,Rodney Stuckey,Tayshaun Prince,Dirk Nowitzki,Drew Gooden,Jason Kidd,Jason Terry,Shawn Marion,3,6:52,DET,turnover,,,,,,,,,,Richard Hamilton,,,lost ball,,Shawn Marion,,,
Ben Wallace,Jonas Jerebko,Richard Hamilton,Rodney Stuckey,Tayshaun Prince,Dirk Nowitzki,Drew Gooden,Jason Kidd,Jason Terry,Shawn Marion,3,6:40,DAL,shot,Jason Kidd,,,,,,,,,Dirk Nowitzki,2,,,made,,jump,8,10
Ben Wallace,Jonas Jerebko,Richard Hamilton,Rodney Stuckey,Tayshaun Prince,Dirk Nowitzki,Drew Gooden,Jason Kidd,Jason Terry,Shawn Marion,3,6:17,DAL,foul,,,,,,,,Richard Hamilton,,Jason Terry,,,,,,shooting,,
Ben Wallace,Charlie Villanueva,Richard Hamilton,Rodney Stuckey,Tayshaun Prince,Dirk Nowitzki,Drew Gooden,Jason Kidd,Jason Terry,Shawn Marion,3,6:17,DET,sub,,,,Charlie Villanueva,,Jonas Jerebko,,,,,,,,,,,,
Ben Wallace,Charlie Villanueva,Richard Hamilton,Rodney Stuckey,Tayshaun Prince,Dirk Nowitzki,Drew Gooden,Jason Kidd,Jason Terry,Shawn Marion,3,6:17,DET,free throw,,,,,,,1,,2,Richard Hamilton,,,foul,missed,,,,
Ben Wallace,Charlie Villanueva,Richard Hamilton,Rodney Stuckey,Tayshaun Prince,Dirk Nowitzki,Drew Gooden,Jason Kidd,Jason Terry,Shawn Marion,3,6:17,DET,rebound,,,,,,,,,,,,,,,,,,
Charlie Villanueva,Chris Wilcox,Richard Hamilton,Rodney Stuckey,Tayshaun Prince,Dirk Nowitzki,Drew Gooden,Jason Kidd,Jason Terry,Shawn Marion,3,6:17,DET,sub,,,,Chris Wilcox,,Ben Wallace,,,,,,,,,,,,
Charlie Villanueva,Chris Wilcox,Richard Hamilton,Rodney Stuckey,Tayshaun Prince,Dirk Nowitzki,Drew Gooden,Jason Kidd,Jason Terry,Shawn Marion,3,6:17,DET,free throw,,,,,,,2,,2,Richard Hamilton,,,foul,made,,,,
Charlie Villanueva,Chris Wilcox,Richard Hamilton,Rodney Stuckey,Tayshaun Prince,Dirk Nowitzki,Drew Gooden,Jason Kidd,Jason Terry,Shawn Marion,3,6:06,DET,foul,,,,,,,,Dirk Nowitzki,,Charlie Villanueva,,,,,,personal,,
Charlie Villanueva,Chris Wilcox,Richard Hamilton,Rodney Stuckey,Tayshaun Prince,Dirk Nowitzki,Drew Gooden,Jason Kidd,Jason Terry,Shawn Marion,3,5:59,DAL,shot,,,,,,,,,,Dirk Nowitzki,2,,,made,,driving layup,25,6
Charlie Villanueva,Chris Wilcox,Richard Hamilton,Rodney Stuckey,Tayshaun Prince,Dirk Nowitzki,Drew Gooden,Jason Kidd,Jason Terry,Shawn Marion,3,5:39,DET,shot,Richard Hamilton,,,,,,,,,Chris Wilcox,2,,,made,,running layup,25,6
Charlie Villanueva,Chris Wilcox,Richard Hamilton,Rodney Stuckey,Tayshaun Prince,Dirk Nowitzki,Drew Gooden,Jason Kidd,Jason Terry,Shawn Marion,3,5:30,DAL,shot,,,,,,,,,,Shawn Marion,,,,missed,,hook bank,21,12
Charlie Villanueva,Chris Wilcox,Richard Hamilton,Rodney Stuckey,Tayshaun Prince,Dirk Nowitzki,Drew Gooden,Jason Kidd,Jason Terry,Shawn Marion,3,5:28,DET,rebound,,,,,,,,,,Chris Wilcox,,,,,,def,,
Charlie Villanueva,Chris Wilcox,Richard Hamilton,Rodney Stuckey,Tayshaun Prince,Dirk Nowitzki,Drew Gooden,Jason Kidd,Jason Terry,Shawn Marion,3,5:13,DET,shot,Richard Hamilton,,,,,,,,,Rodney Stuckey,2,,,made,,turnaround bank,19,10
Charlie Villanueva,Chris Wilcox,Richard Hamilton,Rodney Stuckey,Tayshaun Prince,Dirk Nowitzki,Drew Gooden,Jason Kidd,Jason Terry,Shawn Marion,3,5:00,DET,foul,,,,,,,,Shawn Marion,,Richard Hamilton,,,,,,personal,,
Charlie Villanueva,Chris Wilcox,Richard Hamilton,Rodney Stuckey,Tayshaun Prince,Dirk Nowitzki,Drew Gooden,Jason Kidd,Jason Terry,Shawn Marion,3,5:00,DAL,free throw,,,,,,,1,,2,Shawn Marion,,,foul,made,,,,
Charlie Villanueva,Chris Wilcox,Richard Hamilton,Rodney Stuckey,Tayshaun Prince,Dirk Nowitzki,Drew Gooden,Jason Kidd,Jason Terry,Shawn Marion,3,5:00,DAL,free throw,,,,,,,2,,2,Shawn Marion,,,foul,made,,,,
Charlie Villanueva,Chris Wilcox,Richard Hamilton,Rodney Stuckey,Tayshaun Prince,Dirk Nowitzki,Drew Gooden,Jason Kidd,Jason Terry,Shawn Marion,3,4:48,DAL,foul,,,,,,,,Richard Hamilton,,Jason Kidd,,,,,,shooting,,
Charlie Villanueva,Chris Wilcox,Richard Hamilton,Rodney Stuckey,Tayshaun Prince,Dirk Nowitzki,Drew Gooden,Jason Kidd,Jason Terry,Shawn Marion,3,4:48,DET,free throw,,,,,,,1,,2,Richard Hamilton,,,foul,made,,,,
Charlie Villanueva,Chris Wilcox,Richard Hamilton,Rodney Stuckey,Tayshaun Prince,Dirk Nowitzki,Drew Gooden,Jason Kidd,Jason Terry,Shawn Marion,3,4:48,DET,free throw,,,,,,,2,,2,Richard Hamilton,,,foul,missed,,,,
Charlie Villanueva,Chris Wilcox,Richard Hamilton,Rodney Stuckey,Tayshaun Prince,Dirk Nowitzki,Drew Gooden,Jason Kidd,Jason Terry,Shawn Marion,3,4:47,DAL,rebound,,,,,,,,,,Drew Gooden,,,,,,def,,
Charlie Villanueva,Chris Wilcox,Richard Hamilton,Rodney Stuckey,Tayshaun Prince,Dirk Nowitzki,Drew Gooden,Jason Kidd,Jason Terry,Shawn Marion,3,4:35,DAL,shot,,,,,,,,,,Jason Terry,,,,missed,,driving layup,25,6
Charlie Villanueva,Chris Wilcox,Richard Hamilton,Rodney Stuckey,Tayshaun Prince,Dirk Nowitzki,Drew Gooden,Jason Kidd,Jason Terry,Shawn Marion,3,4:33,DAL,rebound,,,,,,,,,,Shawn Marion,,,,,,off,,
Charlie Villanueva,Chris Wilcox,Richard Hamilton,Rodney Stuckey,Tayshaun Prince,Dirk Nowitzki,Drew Gooden,Jason Kidd,Jason Terry,Shawn Marion,3,4:33,DAL,shot,,,,,,,,,,Shawn Marion,2,,,made,,tip,25,6
Charlie Villanueva,Chris Wilcox,Richard Hamilton,Rodney Stuckey,Tayshaun Prince,Dirk Nowitzki,Drew Gooden,Jason Kidd,Jason Terry,Shawn Marion,3,4:06,DET,shot,,,,,,,,,,Richard Hamilton,2,,,made,,turnaround jump,21,15
Charlie Villanueva,Chris Wilcox,Richard Hamilton,Rodney Stuckey,Tayshaun Prince,Dirk Nowitzki,Drew Gooden,Jason Kidd,Jason Terry,Shawn Marion,3,3:57,DAL,turnover,,,,,,,,,,Dirk Nowitzki,,,bad pass,,,,,
Charlie Villanueva,Chris Wilcox,Richard Hamilton,Rodney Stuckey,Tayshaun Prince,Dirk Nowitzki,Drew Gooden,Jason Kidd,Jason Terry,Shawn Marion,3,3:48,DET,foul,,,,,,,,Jason Kidd,,Chris Wilcox,,,,,,offensive,,
Charlie Villanueva,Chris Wilcox,Richard Hamilton,Rodney Stuckey,Tayshaun Prince,Dirk Nowitzki,Drew Gooden,Jason Kidd,Jason Terry,Shawn Marion,3,3:48,DET,turnover,,,,,,,,,,Chris Wilcox,,,foul,,,,,
Charlie Villanueva,Chris Wilcox,Richard Hamilton,Rodney Stuckey,Tayshaun Prince,Dirk Nowitzki,Drew Gooden,Jason Kidd,Jason Terry,Shawn Marion,3,3:37,DAL,shot,Jason Terry,,,,,,,,,Dirk Nowitzki,2,,,made,,jump,12,17
Charlie Villanueva,Chris Wilcox,Richard Hamilton,Rodney Stuckey,Tayshaun Prince,Dirk Nowitzki,Drew Gooden,Jason Kidd,Jason Terry,Shawn Marion,3,3:16,DET,shot,Rodney Stuckey,,,,,,,,,Charlie Villanueva,2,,,made,,turnaround jump,20,15
Charlie Villanueva,Chris Wilcox,Richard Hamilton,Rodney Stuckey,Tayshaun Prince,Dirk Nowitzki,Drew Gooden,Jason Kidd,Jason Terry,Shawn Marion,3,2:57,DAL,shot,Jason Kidd,,,,,,,,,Dirk Nowitzki,2,,,made,,jump,28,25
Charlie Villanueva,Chris Wilcox,Richard Hamilton,Rodney Stuckey,Tayshaun Prince,Dirk Nowitzki,Drew Gooden,Jason Kidd,Jason Terry,Shawn Marion,3,2:33,DET,shot,,,,,,,,,,Chris Wilcox,,,,missed,,jump,37,21
Charlie Villanueva,Chris Wilcox,Richard Hamilton,Rodney Stuckey,Tayshaun Prince,Dirk Nowitzki,Drew Gooden,Jason Kidd,Jason Terry,Shawn Marion,3,2:31,DAL,rebound,,,,,,,,,,Shawn Marion,,,,,,def,,
Charlie Villanueva,Chris Wilcox,Richard Hamilton,Rodney Stuckey,Tayshaun Prince,Dirk Nowitzki,Drew Gooden,Jason Kidd,Jason Terry,Shawn Marion,3,2:26,DAL,shot,Shawn Marion,,,,,,,,,Jason Terry,2,,,made,,pullup jump,37,18
Charlie Villanueva,Chris Wilcox,Richard Hamilton,Rodney Stuckey,Tayshaun Prince,Dirk Nowitzki,Drew Gooden,Jason Kidd,Jason Terry,Shawn Marion,3,2:01,DET,shot,,,,,,,,,,Tayshaun Prince,,,,missed,,3pt,49,14
Charlie Villanueva,Chris Wilcox,Richard Hamilton,Rodney Stuckey,Tayshaun Prince,Dirk Nowitzki,Drew Gooden,Jason Kidd,Jason Terry,Shawn Marion,3,1:59,DAL,rebound,,,,,,,,,,Jason Kidd,,,,,,def,,
Charlie Villanueva,Chris Wilcox,Richard Hamilton,Rodney Stuckey,Tayshaun Prince,Dirk Nowitzki,Drew Gooden,Jason Kidd,Jason Terry,Shawn Marion,3,1:55,DET,foul,,,,,,,,Shawn Marion,,Tayshaun Prince,,,,,,shooting,,
Charlie Villanueva,Chris Wilcox,Richard Hamilton,Rodney Stuckey,Tayshaun Prince,Dirk Nowitzki,Drew Gooden,Jason Kidd,Jason Terry,Shawn Marion,3,1:55,DAL,timeout,,,,,,,,,,,,,,,,regular,,
Charlie Villanueva,Chris Wilcox,Richard Hamilton,Rodney Stuckey,Tayshaun Prince,Dirk Nowitzki,Jason Kidd,Jason Terry,Josh Howard,Shawn Marion,3,1:55,DAL,sub,,,,Josh Howard,,Drew Gooden,,,,,,,,,,,,
Ben Gordon,Charlie Villanueva,Chris Wilcox,Rodney Stuckey,Tayshaun Prince,Dirk Nowitzki,Jason Kidd,Jason Terry,Josh Howard,Shawn Marion,3,1:55,DET,sub,,,,Ben Gordon,,Richard Hamilton,,,,,,,,,,,,
Ben Gordon,Charlie Villanueva,Chris Wilcox,Rodney Stuckey,Tayshaun Prince,Dirk Nowitzki,Jason Kidd,Jason Terry,Josh Howard,Shawn Marion,3,1:55,DAL,free throw,,,,,,,1,,2,Shawn Marion,,,foul,made,,,,
Ben Gordon,Charlie Villanueva,Chris Wilcox,Rodney Stuckey,Tayshaun Prince,Dirk Nowitzki,Jason Kidd,Jason Terry,Josh Howard,Shawn Marion,3,1:55,DAL,free throw,,,,,,,2,,2,Shawn Marion,,,foul,made,,,,
Ben Gordon,Charlie Villanueva,Chris Wilcox,Rodney Stuckey,Tayshaun Prince,Dirk Nowitzki,Jason Kidd,Jason Terry,Josh Howard,Shawn Marion,3,1:37,DET,shot,,,,,,,,,,Charlie Villanueva,,,,missed,,3pt,2,15
Ben Gordon,Charlie Villanueva,Chris Wilcox,Rodney Stuckey,Tayshaun Prince,Dirk Nowitzki,Jason Kidd,Jason Terry,Josh Howard,Shawn Marion,3,1:35,DAL,rebound,,,,,,,,,,Shawn Marion,,,,,,def,,
Ben Gordon,Charlie Villanueva,Chris Wilcox,Rodney Stuckey,Tayshaun Prince,Dirk Nowitzki,Jason Kidd,Jason Terry,Josh Howard,Shawn Marion,3,1:20,DAL,shot,,,,,,,,,,Dirk Nowitzki,,,,missed,,jump,26,24
Ben Gordon,Charlie Villanueva,Chris Wilcox,Rodney Stuckey,Tayshaun Prince,Dirk Nowitzki,Jason Kidd,Jason Terry,Josh Howard,Shawn Marion,3,1:18,DET,rebound,,,,,,,,,,Rodney Stuckey,,,,,,def,,
Ben Gordon,Charlie Villanueva,Chris Wilcox,Rodney Stuckey,Tayshaun Prince,Dirk Nowitzki,Jason Kidd,Jason Terry,Josh Howard,Shawn Marion,3,1:10,DET,shot,Chris Wilcox,,,,,,,,,Charlie Villanueva,2,,,made,,layup,25,6
Ben Gordon,Charlie Villanueva,Chris Wilcox,Rodney Stuckey,Tayshaun Prince,Dirk Nowitzki,Jason Kidd,Jason Terry,Josh Howard,Shawn Marion,3,0:51,DET,foul,,,,,,,,Dirk Nowitzki,,Charlie Villanueva,,,,,,shooting,,
Ben Gordon,Charlie Villanueva,Chris Wilcox,Rodney Stuckey,Tayshaun Prince,Dirk Nowitzki,Jason Kidd,Jason Terry,Josh Howard,Shawn Marion,3,0:51,DAL,free throw,,,,,,,1,,2,Dirk Nowitzki,,,foul,made,,,,
Ben Gordon,Charlie Villanueva,Chris Wilcox,Rodney Stuckey,Tayshaun Prince,Dirk Nowitzki,Jason Kidd,Jose Juan Barea,Josh Howard,Shawn Marion,3,0:51,DAL,sub,,,,Jose Juan Barea,,Jason Terry,,,,,,,,,,,,
Ben Gordon,Charlie Villanueva,Chris Wilcox,Rodney Stuckey,Tayshaun Prince,Dirk Nowitzki,Jason Kidd,Jose Juan Barea,Josh Howard,Shawn Marion,3,0:51,DAL,free throw,,,,,,,2,,2,Dirk Nowitzki,,,foul,made,,,,
Ben Gordon,Charlie Villanueva,Chris Wilcox,Rodney Stuckey,Tayshaun Prince,Dirk Nowitzki,Jason Kidd,Jose Juan Barea,Josh Howard,Shawn Marion,3,0:39,DET,shot,,,,,,,,,,Rodney Stuckey,2,,,made,,pullup jump,16,18
Ben Gordon,Charlie Villanueva,Chris Wilcox,Rodney Stuckey,Tayshaun Prince,Dirk Nowitzki,Jason Kidd,Jose Juan Barea,Josh Howard,Shawn Marion,3,0:39,DAL,foul,,,,,,,,Rodney Stuckey,,Jose Juan Barea,,,,,,shooting,,
Ben Gordon,Charlie Villanueva,Chris Wilcox,Rodney Stuckey,Tayshaun Prince,Dirk Nowitzki,Jason Kidd,Jose Juan Barea,Josh Howard,Shawn Marion,3,0:39,DET,free throw,,,,,,,1,,1,Rodney Stuckey,,,foul,made,,,,
Ben Gordon,Charlie Villanueva,Chris Wilcox,Rodney Stuckey,Tayshaun Prince,Dirk Nowitzki,Jason Kidd,Jose Juan Barea,Josh Howard,Shawn Marion,3,0:30,DAL,shot,Jason Kidd,,,,,,,,,Dirk Nowitzki,2,,,made,,jump,23,25
Ben Gordon,Charlie Villanueva,Chris Wilcox,Rodney Stuckey,Tayshaun Prince,Dirk Nowitzki,Jason Kidd,Jose Juan Barea,Josh Howard,Shawn Marion,3,0:09,DET,turnover,,,,,,,,,,Ben Gordon,,,bad pass,,,,,
Ben Gordon,Charlie Villanueva,Chris Wilcox,Rodney Stuckey,Tayshaun Prince,Dirk Nowitzki,Jason Kidd,Jason Terry,Jose Juan Barea,Josh Howard,3,0:09,DAL,sub,,,,Jason Terry,,Shawn Marion,,,,,,,,,,,,
Ben Gordon,Chris Wilcox,Richard Hamilton,Rodney Stuckey,Tayshaun Prince,Dirk Nowitzki,Jason Kidd,Jason Terry,Jose Juan Barea,Josh Howard,3,0:09,DET,sub,,,,Richard Hamilton,,Charlie Villanueva,,,,,,,,,,,,
Ben Gordon,Chris Wilcox,Richard Hamilton,Rodney Stuckey,Tayshaun Prince,Dirk Nowitzki,Jason Kidd,Jason Terry,Jose Juan Barea,Josh Howard,3,0:06,DET,foul,,,,,,,,Jason Terry,,Chris Wilcox,,,,,,personal,,
Ben Gordon,Chris Wilcox,Richard Hamilton,Rodney Stuckey,Tayshaun Prince,Dirk Nowitzki,Jason Kidd,Jason Terry,Jose Juan Barea,Josh Howard,3,0:06,DAL,free throw,,,,,,,1,,2,Jason Terry,,,foul,made,,,,
Ben Gordon,Chris Wilcox,Richard Hamilton,Rodney Stuckey,Tayshaun Prince,Dirk Nowitzki,Jason Kidd,Jason Terry,Josh Howard,Quinton Ross,3,0:06,DAL,sub,,,,Quinton Ross,,Jose Juan Barea,,,,,,,,,,,,
Ben Gordon,Chris Wilcox,Richard Hamilton,Rodney Stuckey,Tayshaun Prince,Dirk Nowitzki,Jason Kidd,Jason Terry,Josh Howard,Quinton Ross,3,0:06,DAL,free throw,,,,,,,2,,2,Jason Terry,,,foul,made,,,,
Ben Gordon,Chris Wilcox,Richard Hamilton,Rodney Stuckey,Tayshaun Prince,Dirk Nowitzki,Jason Kidd,Jason Terry,Josh Howard,Quinton Ross,3,0:01,DET,shot,Rodney Stuckey,,,,,,,,,Chris Wilcox,2,,,made,,slam dunk,25,6
Ben Gordon,Chris Wilcox,Richard Hamilton,Rodney Stuckey,Tayshaun Prince,Dirk Nowitzki,Jason Kidd,Jason Terry,Josh Howard,Quinton Ross,3,0:00,DAL,shot,,,,,,,,,,Jason Kidd,,,,missed,,3pt,42,40
Ben Gordon,Chris Wilcox,Richard Hamilton,Rodney Stuckey,Tayshaun Prince,Dirk Nowitzki,Jason Kidd,Jason Terry,Josh Howard,Quinton Ross,3,0:00,DAL,rebound,,,,,,,,,,,,,,,,,,
Ben Gordon,Charlie Villanueva,Chris Wilcox,Chucky Atkins,Richard Hamilton,Dirk Nowitzki,Drew Gooden,Jason Terry,Jose Juan Barea,Josh Howard,4,11:42,DET,shot,,,,,,,,,,Charlie Villanueva,,,,missed,,jump,24,24
Ben Gordon,Charlie Villanueva,Chris Wilcox,Chucky Atkins,Richard Hamilton,Dirk Nowitzki,Drew Gooden,Jason Terry,Jose Juan Barea,Josh Howard,4,11:40,DAL,rebound,,,,,,,,,,Josh Howard,,,,,,def,,
Ben Gordon,Charlie Villanueva,Chris Wilcox,Chucky Atkins,Richard Hamilton,Dirk Nowitzki,Drew Gooden,Jason Terry,Jose Juan Barea,Josh Howard,4,11:24,DAL,shot,Jason Terry,,,,,,,,,Drew Gooden,2,,,made,,layup,25,6
Ben Gordon,Charlie Villanueva,Chris Wilcox,Chucky Atkins,Richard Hamilton,Dirk Nowitzki,Drew Gooden,Jason Terry,Jose Juan Barea,Josh Howard,4,11:10,DET,turnover,,,,,,,,,,Chris Wilcox,,,bad pass,,Dirk Nowitzki,,,
Ben Gordon,Charlie Villanueva,Chris Wilcox,Chucky Atkins,Richard Hamilton,Dirk Nowitzki,Drew Gooden,Jason Terry,Jose Juan Barea,Josh Howard,4,11:05,DAL,shot,Jose Juan Barea,,,,,,,,,Jason Terry,2,,,made,,pullup jump,37,16
Ben Gordon,Charlie Villanueva,Chris Wilcox,Chucky Atkins,Richard Hamilton,Dirk Nowitzki,Drew Gooden,Jason Terry,Jose Juan Barea,Josh Howard,4,10:37,DET,shot,,,,,,,,,,Ben Gordon,,,,missed,,3pt,16,31
Ben Gordon,Charlie Villanueva,Chris Wilcox,Chucky Atkins,Richard Hamilton,Dirk Nowitzki,Drew Gooden,Jason Terry,Jose Juan Barea,Josh Howard,4,10:34,DAL,rebound,,,,,,,,,,Drew Gooden,,,,,,def,,
Ben Gordon,Charlie Villanueva,Chris Wilcox,Chucky Atkins,Richard Hamilton,Dirk Nowitzki,Drew Gooden,Jason Terry,Jose Juan Barea,Josh Howard,4,10:25,DET,foul,,,,,,,,Drew Gooden,,Ben Gordon,,,,,,shooting,,
Ben Gordon,Charlie Villanueva,Chris Wilcox,Chucky Atkins,Richard Hamilton,Dirk Nowitzki,Drew Gooden,Jason Terry,Jose Juan Barea,Josh Howard,4,10:25,DAL,free throw,,,,,,,1,,2,Drew Gooden,,,foul,made,,,,
Ben Gordon,Charlie Villanueva,Chris Wilcox,Chucky Atkins,Richard Hamilton,Dirk Nowitzki,Drew Gooden,Jason Terry,Jose Juan Barea,Josh Howard,4,10:25,DAL,free throw,,,,,,,2,,2,Drew Gooden,,,foul,made,,,,
Ben Gordon,Charlie Villanueva,Chris Wilcox,Chucky Atkins,Richard Hamilton,Dirk Nowitzki,Drew Gooden,Jason Terry,Jose Juan Barea,Josh Howard,4,10:07,DET,shot,Charlie Villanueva,,,,,,,,,Richard Hamilton,2,,,made,,running jump,14,8
Ben Gordon,Charlie Villanueva,Chris Wilcox,Chucky Atkins,Richard Hamilton,Dirk Nowitzki,Drew Gooden,Jason Terry,Jose Juan Barea,Josh Howard,4,9:54,DET,foul,,,,,,,,Dirk Nowitzki,,Ben Gordon,,,,,,personal,,
Ben Gordon,Charlie Villanueva,Chris Wilcox,Chucky Atkins,Richard Hamilton,Dirk Nowitzki,Drew Gooden,Jason Terry,Jose Juan Barea,Josh Howard,4,9:46,DAL,shot,Jose Juan Barea,,,,,,,,,Josh Howard,3,,,made,,3pt,2,9
Ben Gordon,Charlie Villanueva,Chris Wilcox,Chucky Atkins,Richard Hamilton,Dirk Nowitzki,Drew Gooden,Jason Terry,Jose Juan Barea,Josh Howard,4,9:31,DAL,foul,,,,,,,,Chris Wilcox,,Josh Howard,,,,,,personal,,
Ben Gordon,Charlie Villanueva,Chris Wilcox,Chucky Atkins,Richard Hamilton,Dirk Nowitzki,Drew Gooden,Jason Terry,Jose Juan Barea,Josh Howard,4,9:21,DET,shot,,,,,,,,,,Ben Gordon,,,,missed,,jump,8,11
Ben Gordon,Charlie Villanueva,Chris Wilcox,Chucky Atkins,Richard Hamilton,Dirk Nowitzki,Drew Gooden,Jason Terry,Jose Juan Barea,Josh Howard,4,9:19,DET,rebound,,,,,,,,,,Charlie Villanueva,,,,,,off,,
Ben Gordon,Charlie Villanueva,Chris Wilcox,Chucky Atkins,Richard Hamilton,Dirk Nowitzki,Drew Gooden,Jason Terry,Jose Juan Barea,Josh Howard,4,9:19,DAL,foul,,,,,,,,Charlie Villanueva,,Drew Gooden,,,,,,shooting,,
Ben Gordon,Charlie Villanueva,Chris Wilcox,Chucky Atkins,Richard Hamilton,Dirk Nowitzki,Drew Gooden,Jason Terry,Jose Juan Barea,Josh Howard,4,9:19,DET,free throw,,,,,,,1,,2,Charlie Villanueva,,,foul,made,,,,
Ben Gordon,Charlie Villanueva,Chris Wilcox,Chucky Atkins,Richard Hamilton,Dirk Nowitzki,Drew Gooden,Jason Terry,Jose Juan Barea,Josh Howard,4,9:19,DET,free throw,,,,,,,2,,2,Charlie Villanueva,,,foul,missed,,,,
Ben Gordon,Charlie Villanueva,Chris Wilcox,Chucky Atkins,Richard Hamilton,Dirk Nowitzki,Drew Gooden,Jason Terry,Jose Juan Barea,Josh Howard,4,9:17,DET,rebound,,,,,,,,,,Richard Hamilton,,,,,,off,,
Ben Gordon,Charlie Villanueva,Chris Wilcox,Chucky Atkins,Richard Hamilton,Dirk Nowitzki,Drew Gooden,Jason Terry,Jose Juan Barea,Josh Howard,4,9:09,DET,shot,,,,,,,,,,Richard Hamilton,,,,missed,,3pt,49,12
Ben Gordon,Charlie Villanueva,Chris Wilcox,Chucky Atkins,Richard Hamilton,Dirk Nowitzki,Drew Gooden,Jason Terry,Jose Juan Barea,Josh Howard,4,9:07,DAL,rebound,,,,,,,,,,Josh Howard,,,,,,def,,
Ben Gordon,Charlie Villanueva,Chris Wilcox,Chucky Atkins,Richard Hamilton,Dirk Nowitzki,Drew Gooden,Jason Terry,Jose Juan Barea,Josh Howard,4,9:00,DAL,shot,,,,,,,,,,Jason Terry,,,,missed,,3pt,45,20
Ben Gordon,Charlie Villanueva,Chris Wilcox,Chucky Atkins,Richard Hamilton,Dirk Nowitzki,Drew Gooden,Jason Terry,Jose Juan Barea,Josh Howard,4,8:59,DAL,rebound,,,,,,,,,,,,,,,,,,
Ben Gordon,Charlie Villanueva,Chris Wilcox,Chucky Atkins,Richard Hamilton,Dirk Nowitzki,Drew Gooden,Jason Terry,Jose Juan Barea,Josh Howard,4,8:59,DAL,timeout,,,,,,,,,,,,,,,,official,,
Ben Gordon,Charlie Villanueva,Chris Wilcox,Richard Hamilton,Rodney Stuckey,Dirk Nowitzki,Drew Gooden,Jason Terry,Jose Juan Barea,Josh Howard,4,8:59,DET,sub,,,,Rodney Stuckey,,Chucky Atkins,,,,,,,,,,,,
Ben Gordon,Charlie Villanueva,Chris Wilcox,Richard Hamilton,Rodney Stuckey,Dirk Nowitzki,Drew Gooden,Jason Terry,Jose Juan Barea,Josh Howard,4,8:53,DAL,turnover,,,,,,,,,,Jose Juan Barea,,,bad pass,,,,,
Ben Gordon,Charlie Villanueva,Chris Wilcox,Richard Hamilton,Rodney Stuckey,Dirk Nowitzki,Drew Gooden,Jason Terry,Jose Juan Barea,Josh Howard,4,8:40,DET,shot,,,,,,,,,,Ben Gordon,,,,missed,,3pt,1,10
Ben Gordon,Charlie Villanueva,Chris Wilcox,Richard Hamilton,Rodney Stuckey,Dirk Nowitzki,Drew Gooden,Jason Terry,Jose Juan Barea,Josh Howard,4,8:39,DAL,rebound,,,,,,,,,,Jason Terry,,,,,,def,,
Ben Gordon,Charlie Villanueva,Chris Wilcox,Richard Hamilton,Rodney Stuckey,Dirk Nowitzki,Drew Gooden,Jason Terry,Jose Juan Barea,Josh Howard,4,8:34,DAL,shot,Jose Juan Barea,,,,,,,,,Jason Terry,2,,,made,,pullup jump,12,19
Ben Gordon,Charlie Villanueva,Chris Wilcox,Richard Hamilton,Rodney Stuckey,Dirk Nowitzki,Drew Gooden,Jason Terry,Jose Juan Barea,Josh Howard,4,8:17,DET,shot,Ben Gordon,,,,,,,,,Richard Hamilton,3,,,made,,3pt,16,30
Ben Gordon,Charlie Villanueva,Chris Wilcox,Richard Hamilton,Rodney Stuckey,Dirk Nowitzki,Drew Gooden,Jason Terry,Jose Juan Barea,Josh Howard,4,8:02,DET,foul,,,,,,,,Jason Terry,,Charlie Villanueva,,,,,,shooting,,
Ben Gordon,Ben Wallace,Charlie Villanueva,Richard Hamilton,Rodney Stuckey,Dirk Nowitzki,Drew Gooden,Jason Terry,Jose Juan Barea,Josh Howard,4,8:02,DET,sub,,,,Ben Wallace,,Chris Wilcox,,,,,,,,,,,,
Ben Gordon,Ben Wallace,Charlie Villanueva,Richard Hamilton,Rodney Stuckey,Dirk Nowitzki,Drew Gooden,Jason Terry,Jose Juan Barea,Josh Howard,4,8:02,DAL,free throw,,,,,,,1,,2,Jason Terry,,,foul,missed,,,,
Ben Gordon,Ben Wallace,Charlie Villanueva,Richard Hamilton,Rodney Stuckey,Dirk Nowitzki,Drew Gooden,Jason Terry,Jose Juan Barea,Josh Howard,4,8:02,DAL,rebound,,,,,,,,,,,,,,,,,,
Ben Gordon,Ben Wallace,Charlie Villanueva,Richard Hamilton,Rodney Stuckey,Dirk Nowitzki,Drew Gooden,Jason Terry,Jose Juan Barea,Josh Howard,4,8:02,DAL,free throw,,,,,,,2,,2,Jason Terry,,,foul,made,,,,
Ben Gordon,Ben Wallace,Charlie Villanueva,Richard Hamilton,Rodney Stuckey,Dirk Nowitzki,Drew Gooden,Jason Terry,Jose Juan Barea,Josh Howard,4,7:50,DET,shot,,,Jason Terry,,,,,,,Rodney Stuckey,,,,missed,,driving layup,25,6
Ben Gordon,Ben Wallace,Charlie Villanueva,Richard Hamilton,Rodney Stuckey,Dirk Nowitzki,Drew Gooden,Jason Terry,Jose Juan Barea,Josh Howard,4,7:50,DAL,rebound,,,,,,,,,,,,,,,,,,
Ben Gordon,Ben Wallace,Charlie Villanueva,Richard Hamilton,Rodney Stuckey,Dirk Nowitzki,Drew Gooden,Jason Terry,Jose Juan Barea,Josh Howard,4,7:38,DAL,turnover,,,,,,,,,,Josh Howard,,,traveling,,,,,
Ben Gordon,Ben Wallace,Charlie Villanueva,Richard Hamilton,Rodney Stuckey,Dirk Nowitzki,Drew Gooden,Jason Terry,Jose Juan Barea,Josh Howard,4,7:26,DAL,foul,,,,,,,,Ben Wallace,,Drew Gooden,,,,,,personal,,
Ben Gordon,Ben Wallace,Charlie Villanueva,Richard Hamilton,Rodney Stuckey,Dirk Nowitzki,Drew Gooden,Jason Terry,Jose Juan Barea,Josh Howard,4,7:13,DET,shot,,,,,,,,,,Rodney Stuckey,2,,,made,,jump,32,18
Ben Gordon,Ben Wallace,Charlie Villanueva,Richard Hamilton,Rodney Stuckey,Dirk Nowitzki,Drew Gooden,Jason Terry,Jose Juan Barea,Josh Howard,4,7:13,DAL,foul,,,,,,,,Rodney Stuckey,,Jason Terry,,,,,,shooting,,
Ben Gordon,Ben Wallace,Charlie Villanueva,Richard Hamilton,Rodney Stuckey,Dirk Nowitzki,Drew Gooden,Jason Kidd,Jason Terry,Josh Howard,4,7:13,DAL,sub,,,,Jason Kidd,,Jose Juan Barea,,,,,,,,,,,,
Ben Gordon,Ben Wallace,Charlie Villanueva,Richard Hamilton,Rodney Stuckey,Dirk Nowitzki,Drew Gooden,Jason Kidd,Jason Terry,Josh Howard,4,7:13,DET,free throw,,,,,,,1,,1,Rodney Stuckey,,,foul,missed,,,,
Ben Gordon,Ben Wallace,Charlie Villanueva,Richard Hamilton,Rodney Stuckey,Dirk Nowitzki,Drew Gooden,Jason Kidd,Jason Terry,Josh Howard,4,7:12,DAL,rebound,,,,,,,,,,Dirk Nowitzki,,,,,,def,,
Ben Gordon,Ben Wallace,Charlie Villanueva,Richard Hamilton,Rodney Stuckey,Dirk Nowitzki,Drew Gooden,Jason Kidd,Jason Terry,Josh Howard,4,7:09,DAL,turnover,,,,,,,,,,Dirk Nowitzki,,,bad pass,,Charlie Villanueva,,,
Ben Gordon,Ben Wallace,Charlie Villanueva,Richard Hamilton,Rodney Stuckey,Dirk Nowitzki,Drew Gooden,Jason Kidd,Jason Terry,Josh Howard,4,7:06,DET,shot,Charlie Villanueva,,,,,,,,,Rodney Stuckey,2,,,made,,running layup,25,6
Ben Gordon,Ben Wallace,Charlie Villanueva,Richard Hamilton,Rodney Stuckey,Dirk Nowitzki,Drew Gooden,Jason Kidd,Jason Terry,Josh Howard,4,6:37,DAL,shot,,,,,,,,,,Dirk Nowitzki,,,,missed,,jump,39,9
Ben Gordon,Ben Wallace,Charlie Villanueva,Richard Hamilton,Rodney Stuckey,Dirk Nowitzki,Drew Gooden,Jason Kidd,Jason Terry,Josh Howard,4,6:36,DET,rebound,,,,,,,,,,Charlie Villanueva,,,,,,def,,
Ben Gordon,Ben Wallace,Charlie Villanueva,Richard Hamilton,Rodney Stuckey,Dirk Nowitzki,Drew Gooden,Jason Kidd,Jason Terry,Josh Howard,4,6:17,DET,foul,,,,,,,,Drew Gooden,,Charlie Villanueva,,,,,,offensive,,
Ben Gordon,Ben Wallace,Charlie Villanueva,Richard Hamilton,Rodney Stuckey,Dirk Nowitzki,Drew Gooden,Jason Kidd,Jason Terry,Josh Howard,4,6:17,DET,turnover,,,,,,,,,,Charlie Villanueva,,,foul,,,,,
Ben Gordon,Ben Wallace,Charlie Villanueva,Richard Hamilton,Rodney Stuckey,Dirk Nowitzki,Drew Gooden,Jason Kidd,Jason Terry,Josh Howard,4,6:17,DAL,timeout,,,,,,,,,,,,,,,,regular,,
Ben Gordon,Ben Wallace,Richard Hamilton,Rodney Stuckey,Tayshaun Prince,Dirk Nowitzki,Drew Gooden,Jason Kidd,Jason Terry,Josh Howard,4,6:17,DET,sub,,,,Tayshaun Prince,,Charlie Villanueva,,,,,,,,,,,,
Ben Gordon,Ben Wallace,Richard Hamilton,Rodney Stuckey,Tayshaun Prince,Dirk Nowitzki,Drew Gooden,Jason Kidd,Jason Terry,Josh Howard,4,6:00,DAL,shot,Josh Howard,,,,,,,,,Jason Kidd,3,,,made,,3pt,23,31
Ben Gordon,Ben Wallace,Richard Hamilton,Rodney Stuckey,Tayshaun Prince,Dirk Nowitzki,Drew Gooden,Jason Kidd,Jason Terry,Josh Howard,4,5:36,DET,shot,,,,,,,,,,Richard Hamilton,,,,missed,,3pt,48,10
Ben Gordon,Ben Wallace,Richard Hamilton,Rodney Stuckey,Tayshaun Prince,Dirk Nowitzki,Drew Gooden,Jason Kidd,Jason Terry,Josh Howard,4,5:34,DAL,rebound,,,,,,,,,,Jason Kidd,,,,,,def,,
Ben Gordon,Ben Wallace,Richard Hamilton,Rodney Stuckey,Tayshaun Prince,Dirk Nowitzki,Drew Gooden,Jason Kidd,Jason Terry,Josh Howard,4,5:30,DAL,shot,Jason Kidd,,,,,,,,,Drew Gooden,2,,,made,,running slam dunk,25,6
Ben Gordon,Ben Wallace,Richard Hamilton,Rodney Stuckey,Tayshaun Prince,Dirk Nowitzki,Drew Gooden,Jason Kidd,Jason Terry,Josh Howard,4,5:13,DET,shot,,,Drew Gooden,,,,,,,Richard Hamilton,,,,missed,,driving layup,25,6
Ben Gordon,Ben Wallace,Richard Hamilton,Rodney Stuckey,Tayshaun Prince,Dirk Nowitzki,Drew Gooden,Jason Kidd,Jason Terry,Josh Howard,4,5:13,DET,rebound,,,,,,,,,,,,,,,,,,
Ben Gordon,Ben Wallace,Richard Hamilton,Rodney Stuckey,Tayshaun Prince,Dirk Nowitzki,Drew Gooden,Jason Kidd,Jason Terry,Josh Howard,4,5:01,DET,shot,,,,,,,,,,Rodney Stuckey,2,,,made,,jump,21,26
Ben Gordon,Ben Wallace,Richard Hamilton,Rodney Stuckey,Tayshaun Prince,Dirk Nowitzki,Drew Gooden,Jason Kidd,Jason Terry,Josh Howard,4,4:39,DAL,shot,,,,,,,,,,Jason Terry,,,,missed,,3pt,16,30
Ben Gordon,Ben Wallace,Richard Hamilton,Rodney Stuckey,Tayshaun Prince,Dirk Nowitzki,Drew Gooden,Jason Kidd,Jason Terry,Josh Howard,4,4:37,DET,rebound,,,,,,,,,,Ben Wallace,,,,,,def,,
Ben Gordon,Ben Wallace,Richard Hamilton,Rodney Stuckey,Tayshaun Prince,Dirk Nowitzki,Drew Gooden,Jason Kidd,Jason Terry,Josh Howard,4,4:33,DET,shot,,,,,,,,,,Rodney Stuckey,2,,,made,,driving layup,25,6
Ben Gordon,Ben Wallace,Richard Hamilton,Rodney Stuckey,Tayshaun Prince,Dirk Nowitzki,Drew Gooden,Jason Kidd,Jason Terry,Josh Howard,4,4:33,DAL,foul,,,,,,,,Rodney Stuckey,,Jason Terry,,,,,,shooting,,
Ben Gordon,Ben Wallace,Richard Hamilton,Rodney Stuckey,Tayshaun Prince,Dirk Nowitzki,Drew Gooden,Jason Kidd,Jason Terry,Josh Howard,4,4:33,DET,free throw,,,,,,,1,,1,Rodney Stuckey,,,foul,missed,,,,
Ben Gordon,Ben Wallace,Richard Hamilton,Rodney Stuckey,Tayshaun Prince,Dirk Nowitzki,Drew Gooden,Jason Kidd,Jason Terry,Josh Howard,4,4:32,DAL,rebound,,,,,,,,,,Drew Gooden,,,,,,def,,
Ben Gordon,Ben Wallace,Richard Hamilton,Rodney Stuckey,Tayshaun Prince,Dirk Nowitzki,Drew Gooden,Jason Kidd,Jason Terry,Josh Howard,4,4:14,DAL,shot,Dirk Nowitzki,,,,,,,,,Josh Howard,2,,,made,,jump,10,18
Ben Gordon,Ben Wallace,Richard Hamilton,Rodney Stuckey,Tayshaun Prince,Dirk Nowitzki,Drew Gooden,Jason Kidd,Jason Terry,Josh Howard,4,3:52,DET,shot,,,,,,,,,,Tayshaun Prince,,,,missed,,jump,6,9
Ben Gordon,Ben Wallace,Richard Hamilton,Rodney Stuckey,Tayshaun Prince,Dirk Nowitzki,Drew Gooden,Jason Kidd,Jason Terry,Josh Howard,4,3:51,DAL,rebound,,,,,,,,,,Drew Gooden,,,,,,def,,
Ben Gordon,Ben Wallace,Richard Hamilton,Rodney Stuckey,Tayshaun Prince,Dirk Nowitzki,Drew Gooden,Jason Kidd,Jason Terry,Josh Howard,4,3:43,DAL,shot,Jason Kidd,,,,,,,,,Josh Howard,3,,,made,,3pt,40,27
Ben Gordon,Ben Wallace,Richard Hamilton,Rodney Stuckey,Tayshaun Prince,Dirk Nowitzki,Drew Gooden,Jason Kidd,Jason Terry,Josh Howard,4,3:42,DET,timeout,,,,,,,,,,,,,,,,regular,,
Ben Gordon,Ben Wallace,Richard Hamilton,Rodney Stuckey,Tayshaun Prince,Dirk Nowitzki,Drew Gooden,Jason Kidd,Jason Terry,Josh Howard,4,3:29,DET,shot,,,,,,,,,,Ben Gordon,2,,,made,,running jump,21,12
Ben Gordon,Ben Wallace,Richard Hamilton,Rodney Stuckey,Tayshaun Prince,Dirk Nowitzki,Drew Gooden,Jason Kidd,Jason Terry,Josh Howard,4,3:09,DAL,shot,,,,,,,,,,Jason Terry,2,,,made,,jump,40,8
Ben Gordon,Ben Wallace,Richard Hamilton,Rodney Stuckey,Tayshaun Prince,Dirk Nowitzki,Drew Gooden,Jason Kidd,Jason Terry,Josh Howard,4,2:47,DET,shot,Rodney Stuckey,,,,,,,,,Ben Gordon,2,,,made,,pullup jump,35,23
Ben Gordon,Ben Wallace,Richard Hamilton,Rodney Stuckey,Tayshaun Prince,Dirk Nowitzki,Drew Gooden,Jason Kidd,Jason Terry,Josh Howard,4,2:24,DAL,shot,,,,,,,,,,Josh Howard,,,,missed,,3pt,2,11
Ben Gordon,Ben Wallace,Richard Hamilton,Rodney Stuckey,Tayshaun Prince,Dirk Nowitzki,Drew Gooden,Jason Kidd,Jason Terry,Josh Howard,4,2:22,DAL,rebound,,,,,,,,,,,,,,,,,,
Ben Gordon,Ben Wallace,Richard Hamilton,Rodney Stuckey,Tayshaun Prince,Dirk Nowitzki,Drew Gooden,Jason Kidd,Jason Terry,Josh Howard,4,2:15,DAL,shot,,,,,,,,,,Josh Howard,,,,missed,,jump,20,14
Ben Gordon,Ben Wallace,Richard Hamilton,Rodney Stuckey,Tayshaun Prince,Dirk Nowitzki,Drew Gooden,Jason Kidd,Jason Terry,Josh Howard,4,2:12,DET,rebound,,,,,,,,,,Ben Wallace,,,,,,def,,
Ben Gordon,Ben Wallace,Richard Hamilton,Rodney Stuckey,Tayshaun Prince,Dirk Nowitzki,Drew Gooden,Jason Kidd,Jason Terry,Josh Howard,4,1:59,DET,turnover,,,,,,,,,,Ben Gordon,,,traveling,,,,,
Ben Gordon,Ben Wallace,Richard Hamilton,Rodney Stuckey,Tayshaun Prince,Dirk Nowitzki,Drew Gooden,Jason Kidd,Jason Terry,Josh Howard,4,1:45,DAL,shot,,,,,,,,,,Jason Terry,2,,,made,,pullup jump,14,22
Ben Gordon,Ben Wallace,Richard Hamilton,Rodney Stuckey,Tayshaun Prince,Dirk Nowitzki,Drew Gooden,Jason Kidd,Jason Terry,Josh Howard,4,1:33,DET,shot,,,,,,,,,,Richard Hamilton,2,,,made,,driving layup,25,6
Ben Gordon,Ben Wallace,Richard Hamilton,Rodney Stuckey,Tayshaun Prince,Dirk Nowitzki,Drew Gooden,Jason Kidd,Jason Terry,Josh Howard,4,1:11,DAL,shot,,,,,,,,,,Dirk Nowitzki,,,,missed,,turnaround fade away,28,19
Ben Gordon,Ben Wallace,Richard Hamilton,Rodney Stuckey,Tayshaun Prince,Dirk Nowitzki,Drew Gooden,Jason Kidd,Jason Terry,Josh Howard,4,1:10,DET,rebound,,,,,,,,,,Ben Wallace,,,,,,def,,
Ben Gordon,Ben Wallace,Richard Hamilton,Rodney Stuckey,Tayshaun Prince,Dirk Nowitzki,Drew Gooden,Jason Kidd,Jason Terry,Josh Howard,4,1:10,DAL,foul,,,,,,,,Ben Wallace,,Drew Gooden,,,,,,loose ball,,
Ben Gordon,Ben Wallace,Richard Hamilton,Rodney Stuckey,Tayshaun Prince,Dirk Nowitzki,Drew Gooden,Jason Kidd,Jason Terry,Josh Howard,4,1:10,DET,free throw,,,,,,,1,,2,Ben Wallace,,,foul,made,,,,
Ben Gordon,Ben Wallace,Richard Hamilton,Rodney Stuckey,Tayshaun Prince,Dirk Nowitzki,Drew Gooden,Jason Kidd,Jason Terry,Josh Howard,4,1:10,DET,free throw,,,,,,,2,,2,Ben Wallace,,,foul,missed,,,,
Ben Gordon,Ben Wallace,Richard Hamilton,Rodney Stuckey,Tayshaun Prince,Dirk Nowitzki,Drew Gooden,Jason Kidd,Jason Terry,Josh Howard,4,1:10,DAL,rebound,,,,,,,,,,,,,,,,,,
Ben Gordon,Ben Wallace,Richard Hamilton,Rodney Stuckey,Tayshaun Prince,Dirk Nowitzki,Drew Gooden,Jason Kidd,Jason Terry,Josh Howard,4,0:50,DAL,shot,,,,,,,,,,Jason Kidd,,,,missed,,3pt,19,30
Ben Gordon,Ben Wallace,Richard Hamilton,Rodney Stuckey,Tayshaun Prince,Dirk Nowitzki,Drew Gooden,Jason Kidd,Jason Terry,Josh Howard,4,0:49,DET,rebound,,,,,,,,,,Tayshaun Prince,,,,,,def,,
Ben Gordon,Ben Wallace,Richard Hamilton,Rodney Stuckey,Tayshaun Prince,Dirk Nowitzki,Drew Gooden,Jason Kidd,Jason Terry,Josh Howard,4,0:44,DET,shot,,,,,,,,,,Rodney Stuckey,2,,,made,,driving layup,25,6
Ben Gordon,Ben Wallace,Richard Hamilton,Rodney Stuckey,Tayshaun Prince,Dirk Nowitzki,Drew Gooden,Jason Kidd,Jason Terry,Josh Howard,4,0:44,DAL,timeout,,,,,,,,,,,,,,,,regular,,
Ben Gordon,Ben Wallace,Richard Hamilton,Rodney Stuckey,Tayshaun Prince,Dirk Nowitzki,Drew Gooden,Jason Kidd,Jason Terry,Josh Howard,4,0:22,DAL,shot,,,,,,,,,,Dirk Nowitzki,,,,missed,,turnaround fade away,19,17
Ben Gordon,Ben Wallace,Richard Hamilton,Rodney Stuckey,Tayshaun Prince,Dirk Nowitzki,Drew Gooden,Jason Kidd,Jason Terry,Josh Howard,4,0:21,DET,rebound,,,,,,,,,,Ben Wallace,,,,,,def,,
Ben Gordon,Ben Wallace,Richard Hamilton,Rodney Stuckey,Tayshaun Prince,Dirk Nowitzki,Drew Gooden,Jason Kidd,Jason Terry,Josh Howard,4,0:14,DET,shot,,,,,,,,,,Ben Gordon,2,,,made,,pullup jump,18,22
Ben Gordon,Ben Wallace,Richard Hamilton,Rodney Stuckey,Tayshaun Prince,Dirk Nowitzki,Drew Gooden,Jason Kidd,Jason Terry,Josh Howard,4,0:10,DET,foul,,,,,,,,Jason Terry,,Rodney Stuckey,,,,,,personal,,
Ben Gordon,Ben Wallace,Richard Hamilton,Rodney Stuckey,Tayshaun Prince,Dirk Nowitzki,Drew Gooden,Jason Kidd,Jason Terry,Josh Howard,4,0:10,DAL,timeout,,,,,,,,,,,,,,,,short,,
Ben Gordon,Ben Wallace,Richard Hamilton,Rodney Stuckey,Tayshaun Prince,Dirk Nowitzki,Jason Kidd,Jason Terry,Josh Howard,Shawn Marion,4,0:10,DAL,sub,,,,Shawn Marion,,Drew Gooden,,,,,,,,,,,,
Ben Gordon,Ben Wallace,Richard Hamilton,Rodney Stuckey,Tayshaun Prince,Dirk Nowitzki,Jason Kidd,Jason Terry,Josh Howard,Shawn Marion,4,0:10,DET,foul,,,,,,,,Dirk Nowitzki,,Tayshaun Prince,,,,,,personal,,
Ben Gordon,Ben Wallace,Richard Hamilton,Rodney Stuckey,Tayshaun Prince,Dirk Nowitzki,Jason Kidd,Jason Terry,Josh Howard,Shawn Marion,4,0:10,DAL,free throw,,,,,,,1,,2,Dirk Nowitzki,,,foul,made,,,,
Ben Gordon,Ben Wallace,Richard Hamilton,Rodney Stuckey,Tayshaun Prince,Dirk Nowitzki,Jason Kidd,Jason Terry,Josh Howard,Shawn Marion,4,0:10,DAL,free throw,,,,,,,2,,2,Dirk Nowitzki,,,foul,made,,,,
Ben Gordon,Ben Wallace,Richard Hamilton,Rodney Stuckey,Tayshaun Prince,Dirk Nowitzki,Jason Kidd,Jason Terry,Josh Howard,Shawn Marion,4,0:10,DET,timeout,,,,,,,,,,,,,,,,regular,,
Ben Gordon,Ben Wallace,Richard Hamilton,Rodney Stuckey,Tayshaun Prince,Dirk Nowitzki,Jason Kidd,Josh Howard,Quinton Ross,Shawn Marion,4,0:10,DAL,sub,,,,Quinton Ross,,Jason Terry,,,,,,,,,,,,
Ben Gordon,Ben Wallace,Richard Hamilton,Rodney Stuckey,Tayshaun Prince,Dirk Nowitzki,Jason Kidd,Josh Howard,Quinton Ross,Shawn Marion,4,0:07,DET,shot,,,,,,,,,,Rodney Stuckey,,,,missed,,3pt,48,11
Ben Gordon,Ben Wallace,Richard Hamilton,Rodney Stuckey,Tayshaun Prince,Dirk Nowitzki,Jason Kidd,Josh Howard,Quinton Ross,Shawn Marion,4,0:06,DAL,rebound,,,,,,,,,,Shawn Marion,,,,,,def,,
Ben Gordon,Ben Wallace,Richard Hamilton,Rodney Stuckey,Tayshaun Prince,Dirk Nowitzki,Jason Kidd,Josh Howard,Quinton Ross,Shawn Marion,4,0:06,DET,foul,,,,,,,,Shawn Marion,,Ben Wallace,,,,,,personal,,
Ben Gordon,Ben Wallace,Richard Hamilton,Rodney Stuckey,Tayshaun Prince,Dirk Nowitzki,Jason Kidd,Josh Howard,Quinton Ross,Shawn Marion,4,0:06,DAL,free throw,,,,,,,1,,2,Shawn Marion,,,foul,made,,,,
Ben Gordon,Ben Wallace,Richard Hamilton,Rodney Stuckey,Tayshaun Prince,Dirk Nowitzki,Jason Kidd,Josh Howard,Quinton Ross,Shawn Marion,4,0:06,DAL,free throw,,,,,,,2,,2,Shawn Marion,,,foul,made,,,,
Ben Gordon,Ben Wallace,Richard Hamilton,Rodney Stuckey,Tayshaun Prince,Dirk Nowitzki,Jason Kidd,Josh Howard,Quinton Ross,Shawn Marion,4,0:06,DET,timeout,,,,,,,,,,,,,,,,short,,
Ben Gordon,Ben Wallace,Richard Hamilton,Rodney Stuckey,Tayshaun Prince,Dirk Nowitzki,Jason Kidd,Josh Howard,Quinton Ross,Shawn Marion,4,0:02,DET,shot,,,,,,,,,,Rodney Stuckey,,,,missed,,3pt,23,32
Ben Gordon,Ben Wallace,Richard Hamilton,Rodney Stuckey,Tayshaun Prince,Dirk Nowitzki,Jason Kidd,Josh Howard,Quinton Ross,Shawn Marion,4,0:01,DAL,rebound,,,,,,,,,,Dirk Nowitzki,,,,,,def,,
