a1,a2,a3,a4,a5,h1,h2,h3,h4,h5,period,time,team,etype,assist,away,block,entered,home,left,num,opponent,outof,player,points,possession,reason,result,steal,type,x,y
Aaron Brooks,Chuck Hayes,Luis Scola,Shane Battier,Trevor Ariza,Andrew Bynum,Derek Fisher,Kobe Bryant,Lamar Odom,Ron Artest,1,12:00,OFF,jump ball,,Luis Scola,,,Andrew Bynum,,,,,,,Ron Artest,,,,,,
Aaron Brooks,Chuck Hayes,Luis Scola,Shane Battier,Trevor Ariza,Andrew Bynum,Derek Fisher,Kobe Bryant,Lamar Odom,Ron Artest,1,11:44,LAL,turnover,,,,,,,,,,Ron Artest,,,bad pass,,Aaron Brooks,,,
Aaron Brooks,Chuck Hayes,Luis Scola,Shane Battier,Trevor Ariza,Andrew Bynum,Derek Fisher,Kobe Bryant,Lamar Odom,Ron Artest,1,11:29,HOU,turnover,,,,,,,,,,Aaron Brooks,,,bad pass,,,,,
Aaron Brooks,Chuck Hayes,Luis Scola,Shane Battier,Trevor Ariza,Andrew Bynum,Derek Fisher,Kobe Bryant,Lamar Odom,Ron Artest,1,11:16,LAL,shot,,,,,,,,,,Lamar Odom,,,,missed,,hook,25,14
Aaron Brooks,Chuck Hayes,Luis Scola,Shane Battier,Trevor Ariza,Andrew Bynum,Derek Fisher,Kobe Bryant,Lamar Odom,Ron Artest,1,11:14,HOU,rebound,,,,,,,,,,Trevor Ariza,,,,,,def,,
Aaron Brooks,Chuck Hayes,Luis Scola,Shane Battier,Trevor Ariza,Andrew Bynum,Derek Fisher,Kobe Bryant,Lamar Odom,Ron Artest,1,11:01,HOU,turnover,,,,,,,,,,Luis Scola,,,lost ball,,Ron Artest,,,
Aaron Brooks,Chuck Hayes,Luis Scola,Shane Battier,Trevor Ariza,Andrew Bynum,Derek Fisher,Kobe Bryant,Lamar Odom,Ron Artest,1,10:50,LAL,shot,Derek Fisher,,,,,,,,,Lamar Odom,2,,,made,,layup,25,6
Aaron Brooks,Chuck Hayes,Luis Scola,Shane Battier,Trevor Ariza,Andrew Bynum,Derek Fisher,Kobe Bryant,Lamar Odom,Ron Artest,1,10:43,HOU,shot,Aaron Brooks,,,,,,,,,Trevor Ariza,2,,,made,,driving layup,25,6
Aaron Brooks,Chuck Hayes,Luis Scola,Shane Battier,Trevor Ariza,Andrew Bynum,Derek Fisher,Kobe Bryant,Lamar Odom,Ron Artest,1,10:27,LAL,shot,,,,,,,,,,Ron Artest,,,,missed,,layup,25,6
Aaron Brooks,Chuck Hayes,Luis Scola,Shane Battier,Trevor Ariza,Andrew Bynum,Derek Fisher,Kobe Bryant,Lamar Odom,Ron Artest,1,10:26,LAL,rebound,,,,,,,,,,Lamar Odom,,,,,,off,,
Aaron Brooks,Chuck Hayes,Luis Scola,Shane Battier,Trevor Ariza,Andrew Bynum,Derek Fisher,Kobe Bryant,Lamar Odom,Ron Artest,1,10:24,LAL,shot,,,,,,,,,,Lamar Odom,2,,,made,,putback layup,25,6
Aaron Brooks,Chuck Hayes,Luis Scola,Shane Battier,Trevor Ariza,Andrew Bynum,Derek Fisher,Kobe Bryant,Lamar Odom,Ron Artest,1,10:00,HOU,turnover,,,,,,,,,,,,,shot clock turnover,,,,,
Aaron Brooks,Chuck Hayes,Luis Scola,Shane Battier,Trevor Ariza,Andrew Bynum,Derek Fisher,Kobe Bryant,Lamar Odom,Ron Artest,1,9:48,LAL,shot,,,,,,,,,,Andrew Bynum,2,,,made,,hook,25,10
Aaron Brooks,Chuck Hayes,Luis Scola,Shane Battier,Trevor Ariza,Andrew Bynum,Derek Fisher,Kobe Bryant,Lamar Odom,Ron Artest,1,9:34,HOU,shot,Shane Battier,,,,,,,,,Aaron Brooks,2,,,made,,floating jump,25,10
Aaron Brooks,Chuck Hayes,Luis Scola,Shane Battier,Trevor Ariza,Andrew Bynum,Derek Fisher,Kobe Bryant,Lamar Odom,Ron Artest,1,9:20,LAL,shot,Kobe Bryant,,,,,,,,,Ron Artest,2,,,made,,layup,25,6
Aaron Brooks,Chuck Hayes,Luis Scola,Shane Battier,Trevor Ariza,Andrew Bynum,Derek Fisher,Kobe Bryant,Lamar Odom,Ron Artest,1,9:04,HOU,turnover,,,,,,,,,,Trevor Ariza,,,bad pass,,,,,
Aaron Brooks,Chuck Hayes,Luis Scola,Shane Battier,Trevor Ariza,Andrew Bynum,Derek Fisher,Kobe Bryant,Lamar Odom,Ron Artest,1,8:43,LAL,shot,,,,,,,,,,Andrew Bynum,2,,,made,,jump,32,8
Aaron Brooks,Chuck Hayes,Luis Scola,Shane Battier,Trevor Ariza,Andrew Bynum,Derek Fisher,Kobe Bryant,Lamar Odom,Ron Artest,1,8:27,HOU,turnover,,,,,,,,,,Aaron Brooks,,,bad pass,,,,,
Aaron Brooks,Chuck Hayes,Luis Scola,Shane Battier,Trevor Ariza,Andrew Bynum,Derek Fisher,Kobe Bryant,Lamar Odom,Ron Artest,1,8:17,LAL,shot,,,,,,,,,,Ron Artest,,,,missed,,jump,14,26
Aaron Brooks,Chuck Hayes,Luis Scola,Shane Battier,Trevor Ariza,Andrew Bynum,Derek Fisher,Kobe Bryant,Lamar Odom,Ron Artest,1,8:17,HOU,rebound,,,,,,,,,,Shane Battier,,,,,,def,,
Aaron Brooks,Chuck Hayes,Luis Scola,Shane Battier,Trevor Ariza,Andrew Bynum,Derek Fisher,Kobe Bryant,Lamar Odom,Ron Artest,1,8:08,HOU,shot,,,,,,,,,,Aaron Brooks,,,,missed,,jump,37,18
Aaron Brooks,Chuck Hayes,Luis Scola,Shane Battier,Trevor Ariza,Andrew Bynum,Derek Fisher,Kobe Bryant,Lamar Odom,Ron Artest,1,8:07,HOU,rebound,,,,,,,,,,Chuck Hayes,,,,,,off,,
Aaron Brooks,Chuck Hayes,Luis Scola,Shane Battier,Trevor Ariza,Andrew Bynum,Derek Fisher,Kobe Bryant,Lamar Odom,Ron Artest,1,8:04,HOU,shot,,,,,,,,,,Shane Battier,,,,missed,,3pt,47,18
Aaron Brooks,Chuck Hayes,Luis Scola,Shane Battier,Trevor Ariza,Andrew Bynum,Derek Fisher,Kobe Bryant,Lamar Odom,Ron Artest,1,8:03,HOU,rebound,,,,,,,,,,Shane Battier,,,,,,off,,
Aaron Brooks,Chuck Hayes,Luis Scola,Shane Battier,Trevor Ariza,Andrew Bynum,Derek Fisher,Kobe Bryant,Lamar Odom,Ron Artest,1,7:58,HOU,shot,,,,,,,,,,Trevor Ariza,,,,missed,,3pt,24,32
Aaron Brooks,Chuck Hayes,Luis Scola,Shane Battier,Trevor Ariza,Andrew Bynum,Derek Fisher,Kobe Bryant,Lamar Odom,Ron Artest,1,7:57,LAL,rebound,,,,,,,,,,Lamar Odom,,,,,,def,,
Aaron Brooks,Chuck Hayes,Luis Scola,Shane Battier,Trevor Ariza,Andrew Bynum,Derek Fisher,Kobe Bryant,Lamar Odom,Ron Artest,1,7:43,LAL,shot,,,,,,,,,,Kobe Bryant,2,,,made,,jump,11,13
Aaron Brooks,Chuck Hayes,Luis Scola,Shane Battier,Trevor Ariza,Andrew Bynum,Derek Fisher,Kobe Bryant,Lamar Odom,Ron Artest,1,7:21,HOU,shot,,,,,,,,,,Aaron Brooks,2,,,made,,jump,20,26
Aaron Brooks,Chuck Hayes,Luis Scola,Shane Battier,Trevor Ariza,Andrew Bynum,Derek Fisher,Kobe Bryant,Lamar Odom,Ron Artest,1,7:05,HOU,foul,,,,,,,,Andrew Bynum,,Chuck Hayes,,,,,,shooting,,
Aaron Brooks,Chuck Hayes,Luis Scola,Shane Battier,Trevor Ariza,Andrew Bynum,Derek Fisher,Kobe Bryant,Lamar Odom,Ron Artest,1,7:05,LAL,free throw,,,,,,,1,,2,Andrew Bynum,,,foul,made,,,,
Aaron Brooks,Chuck Hayes,Luis Scola,Shane Battier,Trevor Ariza,Andrew Bynum,Derek Fisher,Kobe Bryant,Lamar Odom,Ron Artest,1,7:05,LAL,free throw,,,,,,,2,,2,Andrew Bynum,,,foul,made,,,,
Aaron Brooks,Chuck Hayes,Luis Scola,Shane Battier,Trevor Ariza,Andrew Bynum,Derek Fisher,Kobe Bryant,Lamar Odom,Ron Artest,1,6:48,HOU,shot,Trevor Ariza,,,,,,,,,Chuck Hayes,2,,,made,,hook,25,11
Aaron Brooks,Chuck Hayes,Luis Scola,Shane Battier,Trevor Ariza,Andrew Bynum,Derek Fisher,Kobe Bryant,Lamar Odom,Ron Artest,1,6:40,LAL,timeout,,,,,,,,,,,,,,,,regular,,
Aaron Brooks,Chuck Hayes,Luis Scola,Shane Battier,Trevor Ariza,Andrew Bynum,Derek Fisher,Kobe Bryant,Lamar Odom,Ron Artest,1,6:31,LAL,shot,,,,,,,,,,Derek Fisher,,,,missed,,jump,46,8
Aaron Brooks,Chuck Hayes,Luis Scola,Shane Battier,Trevor Ariza,Andrew Bynum,Derek Fisher,Kobe Bryant,Lamar Odom,Ron Artest,1,6:30,HOU,rebound,,,,,,,,,,Aaron Brooks,,,,,,def,,
Aaron Brooks,Chuck Hayes,Luis Scola,Shane Battier,Trevor Ariza,Andrew Bynum,Derek Fisher,Kobe Bryant,Lamar Odom,Ron Artest,1,6:10,HOU,shot,,,,,,,,,,Luis Scola,,,,missed,,jump,14,18
Aaron Brooks,Chuck Hayes,Luis Scola,Shane Battier,Trevor Ariza,Andrew Bynum,Derek Fisher,Kobe Bryant,Lamar Odom,Ron Artest,1,6:09,LAL,rebound,,,,,,,,,,Lamar Odom,,,,,,def,,
Aaron Brooks,Chuck Hayes,Luis Scola,Shane Battier,Trevor Ariza,Andrew Bynum,Derek Fisher,Kobe Bryant,Lamar Odom,Ron Artest,1,6:01,LAL,shot,Kobe Bryant,,,,,,,,,Derek Fisher,2,,,made,,jump,41,9
Aaron Brooks,Chuck Hayes,Luis Scola,Shane Battier,Trevor Ariza,Andrew Bynum,Derek Fisher,Kobe Bryant,Lamar Odom,Ron Artest,1,5:40,HOU,shot,,,Andrew Bynum,,,,,,,Trevor Ariza,,,,missed,,layup,25,6
Aaron Brooks,Chuck Hayes,Luis Scola,Shane Battier,Trevor Ariza,Andrew Bynum,Derek Fisher,Kobe Bryant,Lamar Odom,Ron Artest,1,5:39,LAL,rebound,,,,,,,,,,Derek Fisher,,,,,,def,,
Aaron Brooks,Chuck Hayes,Luis Scola,Shane Battier,Trevor Ariza,Andrew Bynum,Derek Fisher,Kobe Bryant,Lamar Odom,Ron Artest,1,5:24,LAL,shot,,,,,,,,,,Kobe Bryant,,,,missed,,jump,29,25
Aaron Brooks,Chuck Hayes,Luis Scola,Shane Battier,Trevor Ariza,Andrew Bynum,Derek Fisher,Kobe Bryant,Lamar Odom,Ron Artest,1,5:23,HOU,rebound,,,,,,,,,,Aaron Brooks,,,,,,def,,
Aaron Brooks,Chuck Hayes,Luis Scola,Shane Battier,Trevor Ariza,Andrew Bynum,Derek Fisher,Kobe Bryant,Lamar Odom,Ron Artest,1,5:16,HOU,shot,,,,,,,,,,Shane Battier,,,,missed,,3pt,2,5
Aaron Brooks,Chuck Hayes,Luis Scola,Shane Battier,Trevor Ariza,Andrew Bynum,Derek Fisher,Kobe Bryant,Lamar Odom,Ron Artest,1,5:14,LAL,rebound,,,,,,,,,,Lamar Odom,,,,,,def,,
Aaron Brooks,Chuck Hayes,Luis Scola,Shane Battier,Trevor Ariza,Andrew Bynum,Derek Fisher,Kobe Bryant,Lamar Odom,Ron Artest,1,5:06,LAL,shot,,,,,,,,,,Lamar Odom,,,,missed,,3pt,13,29
Aaron Brooks,Chuck Hayes,Luis Scola,Shane Battier,Trevor Ariza,Andrew Bynum,Derek Fisher,Kobe Bryant,Lamar Odom,Ron Artest,1,5:05,LAL,rebound,,,,,,,,,,Andrew Bynum,,,,,,off,,
Aaron Brooks,Chuck Hayes,Luis Scola,Shane Battier,Trevor Ariza,Andrew Bynum,Derek Fisher,Kobe Bryant,Lamar Odom,Ron Artest,1,5:01,LAL,shot,,,,,,,,,,Andrew Bynum,,,,missed,,layup,25,6
Aaron Brooks,Chuck Hayes,Luis Scola,Shane Battier,Trevor Ariza,Andrew Bynum,Derek Fisher,Kobe Bryant,Lamar Odom,Ron Artest,1,5:01,HOU,rebound,,,,,,,,,,Luis Scola,,,,,,def,,
Aaron Brooks,Chuck Hayes,Luis Scola,Shane Battier,Trevor Ariza,Andrew Bynum,Derek Fisher,Kobe Bryant,Lamar Odom,Ron Artest,1,4:57,HOU,turnover,,,,,,,,,,Aaron Brooks,,,bad pass,,,,,
Aaron Brooks,Chuck Hayes,Luis Scola,Shane Battier,Trevor Ariza,Andrew Bynum,Derek Fisher,Kobe Bryant,Lamar Odom,Ron Artest,1,4:49,LAL,turnover,,,,,,,,,,Kobe Bryant,,,bad pass,,Trevor Ariza,,,
Aaron Brooks,Chuck Hayes,Luis Scola,Shane Battier,Trevor Ariza,Andrew Bynum,Derek Fisher,Kobe Bryant,Lamar Odom,Ron Artest,1,4:43,HOU,shot,,,,,,,,,,Trevor Ariza,,,,missed,,layup,25,6
Aaron Brooks,Chuck Hayes,Luis Scola,Shane Battier,Trevor Ariza,Andrew Bynum,Derek Fisher,Kobe Bryant,Lamar Odom,Ron Artest,1,4:41,LAL,rebound,,,,,,,,,,,,,,,,,,
Aaron Brooks,Chuck Hayes,Luis Scola,Shane Battier,Trevor Ariza,Andrew Bynum,Derek Fisher,Kobe Bryant,Lamar Odom,Ron Artest,1,4:26,LAL,turnover,,,,,,,,,,Andrew Bynum,,,bad pass,,Chuck Hayes,,,
Aaron Brooks,Chuck Hayes,Luis Scola,Shane Battier,Trevor Ariza,Andrew Bynum,Derek Fisher,Kobe Bryant,Lamar Odom,Ron Artest,1,4:07,HOU,shot,,,,,,,,,,Trevor Ariza,,,,missed,,jump,37,26
Aaron Brooks,Chuck Hayes,Luis Scola,Shane Battier,Trevor Ariza,Andrew Bynum,Derek Fisher,Kobe Bryant,Lamar Odom,Ron Artest,1,4:07,LAL,rebound,,,,,,,,,,Lamar Odom,,,,,,def,,
Aaron Brooks,Chuck Hayes,Luis Scola,Shane Battier,Trevor Ariza,Andrew Bynum,Derek Fisher,Kobe Bryant,Lamar Odom,Ron Artest,1,4:01,HOU,violation,,,,,,,,,,Shane Battier,,,,,,kicked ball,,
Aaron Brooks,Chuck Hayes,Luis Scola,Shane Battier,Trevor Ariza,Andrew Bynum,Derek Fisher,Kobe Bryant,Lamar Odom,Ron Artest,1,4:01,LAL,foul,,,,,,,,Luis Scola,,Andrew Bynum,,,,,,offensive,,
Aaron Brooks,Chuck Hayes,Luis Scola,Shane Battier,Trevor Ariza,Andrew Bynum,Derek Fisher,Kobe Bryant,Lamar Odom,Ron Artest,1,4:01,LAL,turnover,,,,,,,,,,Andrew Bynum,,,foul,,,,,
Aaron Brooks,Chuck Hayes,Luis Scola,Shane Battier,Trevor Ariza,Andrew Bynum,Derek Fisher,Kobe Bryant,Lamar Odom,Ron Artest,1,3:41,HOU,shot,,,,,,,,,,Aaron Brooks,,,,missed,,3pt,45,27
Aaron Brooks,Chuck Hayes,Luis Scola,Shane Battier,Trevor Ariza,Andrew Bynum,Derek Fisher,Kobe Bryant,Lamar Odom,Ron Artest,1,3:40,LAL,rebound,,,,,,,,,,Ron Artest,,,,,,def,,
Aaron Brooks,Chuck Hayes,Luis Scola,Shane Battier,Trevor Ariza,Andrew Bynum,Derek Fisher,Kobe Bryant,Lamar Odom,Ron Artest,1,3:29,HOU,foul,,,,,,,,Kobe Bryant,,Trevor Ariza,,,,,,shooting,,
Aaron Brooks,Chuck Hayes,Luis Scola,Shane Battier,Trevor Ariza,Andrew Bynum,Derek Fisher,Kobe Bryant,Lamar Odom,Ron Artest,1,3:29,LAL,free throw,,,,,,,1,,2,Kobe Bryant,,,foul,made,,,,
Aaron Brooks,Chuck Hayes,Luis Scola,Shane Battier,Trevor Ariza,Andrew Bynum,Derek Fisher,Kobe Bryant,Lamar Odom,Ron Artest,1,3:29,LAL,free throw,,,,,,,2,,2,Kobe Bryant,,,foul,made,,,,
Aaron Brooks,Chuck Hayes,Luis Scola,Shane Battier,Trevor Ariza,Andrew Bynum,Derek Fisher,Kobe Bryant,Lamar Odom,Ron Artest,1,3:14,HOU,shot,,,,,,,,,,Luis Scola,,,,missed,,jump,6,8
Aaron Brooks,Chuck Hayes,Luis Scola,Shane Battier,Trevor Ariza,Andrew Bynum,Derek Fisher,Kobe Bryant,Lamar Odom,Ron Artest,1,3:12,LAL,rebound,,,,,,,,,,Ron Artest,,,,,,def,,
Aaron Brooks,Chuck Hayes,Luis Scola,Shane Battier,Trevor Ariza,Andrew Bynum,Derek Fisher,Kobe Bryant,Lamar Odom,Ron Artest,1,3:01,HOU,foul,,,,,,,,Kobe Bryant,,Shane Battier,,,,,,personal,,
Aaron Brooks,Chuck Hayes,David Andersen,Shane Battier,Trevor Ariza,Andrew Bynum,Derek Fisher,Kobe Bryant,Lamar Odom,Ron Artest,1,3:01,HOU,sub,,,,David Andersen,,Luis Scola,,,,,,,,,,,,
Aaron Brooks,Carl Landry,David Andersen,Shane Battier,Trevor Ariza,Andrew Bynum,Derek Fisher,Kobe Bryant,Lamar Odom,Ron Artest,1,3:01,HOU,sub,,,,Carl Landry,,Chuck Hayes,,,,,,,,,,,,
Aaron Brooks,Carl Landry,David Andersen,Shane Battier,Trevor Ariza,Andrew Bynum,Derek Fisher,Kobe Bryant,Lamar Odom,Ron Artest,1,2:45,LAL,shot,,,,,,,,,,Kobe Bryant,2,,,made,,fade away jumper,44,16
Aaron Brooks,Carl Landry,David Andersen,Shane Battier,Trevor Ariza,Andrew Bynum,Derek Fisher,Kobe Bryant,Lamar Odom,Ron Artest,1,2:39,HOU,timeout,,,,,,,,,,,,,,,,regular,,
Aaron Brooks,Carl Landry,Chase Budinger,David Andersen,Trevor Ariza,Andrew Bynum,Derek Fisher,Kobe Bryant,Lamar Odom,Ron Artest,1,2:39,HOU,sub,,,,Chase Budinger,,Shane Battier,,,,,,,,,,,,
Carl Landry,Chase Budinger,David Andersen,Kyle Lowry,Trevor Ariza,Andrew Bynum,Derek Fisher,Kobe Bryant,Lamar Odom,Ron Artest,1,2:39,HOU,sub,,,,Kyle Lowry,,Aaron Brooks,,,,,,,,,,,,
Carl Landry,Chase Budinger,David Andersen,Kyle Lowry,Trevor Ariza,Andrew Bynum,Jordan Farmar,Kobe Bryant,Lamar Odom,Ron Artest,1,2:39,LAL,sub,,,,Jordan Farmar,,Derek Fisher,,,,,,,,,,,,
Carl Landry,Chase Budinger,David Andersen,Kyle Lowry,Trevor Ariza,Andrew Bynum,Jordan Farmar,Kobe Bryant,Lamar Odom,Ron Artest,1,2:26,HOU,shot,,,,,,,,,,Kyle Lowry,,,,missed,,3pt,15,28
Carl Landry,Chase Budinger,David Andersen,Kyle Lowry,Trevor Ariza,Andrew Bynum,Jordan Farmar,Kobe Bryant,Lamar Odom,Ron Artest,1,2:25,LAL,rebound,,,,,,,,,,Andrew Bynum,,,,,,def,,
Carl Landry,Chase Budinger,David Andersen,Kyle Lowry,Trevor Ariza,Andrew Bynum,Jordan Farmar,Kobe Bryant,Lamar Odom,Ron Artest,1,2:07,LAL,shot,,,,,,,,,,Andrew Bynum,,,,missed,,layup,25,6
Carl Landry,Chase Budinger,David Andersen,Kyle Lowry,Trevor Ariza,Andrew Bynum,Jordan Farmar,Kobe Bryant,Lamar Odom,Ron Artest,1,2:06,HOU,rebound,,,,,,,,,,Carl Landry,,,,,,def,,
Carl Landry,Chase Budinger,David Andersen,Kyle Lowry,Trevor Ariza,Andrew Bynum,Jordan Farmar,Kobe Bryant,Lamar Odom,Ron Artest,1,2:01,HOU,shot,,,,,,,,,,Chase Budinger,,,,missed,,3pt,12,29
Carl Landry,Chase Budinger,David Andersen,Kyle Lowry,Trevor Ariza,Andrew Bynum,Jordan Farmar,Kobe Bryant,Lamar Odom,Ron Artest,1,2:00,HOU,rebound,,,,,,,,,,Trevor Ariza,,,,,,off,,
Carl Landry,Chase Budinger,David Andersen,Kyle Lowry,Trevor Ariza,Andrew Bynum,Jordan Farmar,Kobe Bryant,Lamar Odom,Ron Artest,1,1:50,HOU,shot,,,,,,,,,,David Andersen,,,,missed,,jump,38,13
Carl Landry,Chase Budinger,David Andersen,Kyle Lowry,Trevor Ariza,Andrew Bynum,Jordan Farmar,Kobe Bryant,Lamar Odom,Ron Artest,1,1:49,HOU,rebound,,,,,,,,,,Kyle Lowry,,,,,,off,,
Carl Landry,Chase Budinger,David Andersen,Kyle Lowry,Trevor Ariza,Andrew Bynum,Jordan Farmar,Kobe Bryant,Lamar Odom,Ron Artest,1,1:42,HOU,shot,Kyle Lowry,,,,,,,,,Trevor Ariza,3,,,made,,3pt,48,6
Carl Landry,Chase Budinger,David Andersen,Kyle Lowry,Trevor Ariza,Andrew Bynum,Jordan Farmar,Kobe Bryant,Lamar Odom,Ron Artest,1,1:28,HOU,foul,,,,,,,,Ron Artest,,Carl Landry,,,,,,personal,,
Carl Landry,Chase Budinger,David Andersen,Kyle Lowry,Trevor Ariza,Andrew Bynum,Jordan Farmar,Kobe Bryant,Lamar Odom,Ron Artest,1,1:19,LAL,foul,,,,,,,,Kyle Lowry,,Jordan Farmar,,,,,,offensive,,
Carl Landry,Chase Budinger,David Andersen,Kyle Lowry,Trevor Ariza,Andrew Bynum,Jordan Farmar,Kobe Bryant,Lamar Odom,Ron Artest,1,1:19,LAL,turnover,,,,,,,,,,Jordan Farmar,,,foul,,,,,
Carl Landry,Chase Budinger,David Andersen,Kyle Lowry,Trevor Ariza,Andrew Bynum,Jordan Farmar,Kobe Bryant,Lamar Odom,Ron Artest,1,1:00,HOU,shot,Trevor Ariza,,,,,,,,,Carl Landry,2,,,made,,jump,35,18
Carl Landry,Chase Budinger,David Andersen,Kyle Lowry,Trevor Ariza,Andrew Bynum,Jordan Farmar,Kobe Bryant,Lamar Odom,Ron Artest,1,0:48,LAL,shot,Andrew Bynum,,,,,,,,,Lamar Odom,2,,,made,,layup,25,6
Carl Landry,Chase Budinger,David Andersen,Kyle Lowry,Trevor Ariza,Andrew Bynum,Jordan Farmar,Kobe Bryant,Lamar Odom,Ron Artest,1,0:33,HOU,shot,,,,,,,,,,Carl Landry,,,,missed,,jump,11,9
Carl Landry,Chase Budinger,David Andersen,Kyle Lowry,Trevor Ariza,Andrew Bynum,Jordan Farmar,Kobe Bryant,Lamar Odom,Ron Artest,1,0:32,LAL,rebound,,,,,,,,,,Lamar Odom,,,,,,def,,
Carl Landry,Chase Budinger,David Andersen,Kyle Lowry,Trevor Ariza,Andrew Bynum,Jordan Farmar,Kobe Bryant,Lamar Odom,Ron Artest,1,0:19,LAL,shot,,,,,,,,,,Ron Artest,,,,missed,,jump,27,13
Carl Landry,Chase Budinger,David Andersen,Kyle Lowry,Trevor Ariza,Andrew Bynum,Jordan Farmar,Kobe Bryant,Lamar Odom,Ron Artest,1,0:17,HOU,rebound,,,,,,,,,,Kyle Lowry,,,,,,def,,
Carl Landry,Chase Budinger,David Andersen,Kyle Lowry,Trevor Ariza,Andrew Bynum,Jordan Farmar,Kobe Bryant,Lamar Odom,Ron Artest,1,0:09,LAL,foul,,,,,,,,Kyle Lowry,,Jordan Farmar,,,,,,personal,,
Carl Landry,Chase Budinger,David Andersen,Kyle Lowry,Trevor Ariza,Andrew Bynum,Jordan Farmar,Kobe Bryant,Lamar Odom,Ron Artest,1,0:01,HOU,shot,,,,,,,,,,Kyle Lowry,2,,,made,,floating jump,23,13
Carl Landry,Chase Budinger,David Andersen,Kyle Lowry,Trevor Ariza,Josh Powell,Kobe Bryant,Lamar Odom,Sasha Vujacic,Shannon Brown,2,11:46,HOU,shot,,,,,,,,,,Chase Budinger,,,,missed,,jump,24,24
Carl Landry,Chase Budinger,David Andersen,Kyle Lowry,Trevor Ariza,Josh Powell,Kobe Bryant,Lamar Odom,Sasha Vujacic,Shannon Brown,2,11:45,LAL,rebound,,,,,,,,,,Josh Powell,,,,,,def,,
Carl Landry,Chase Budinger,David Andersen,Kyle Lowry,Trevor Ariza,Josh Powell,Kobe Bryant,Lamar Odom,Sasha Vujacic,Shannon Brown,2,11:34,LAL,shot,,,,,,,,,,Kobe Bryant,,,,missed,,layup,26,9
Carl Landry,Chase Budinger,David Andersen,Kyle Lowry,Trevor Ariza,Josh Powell,Kobe Bryant,Lamar Odom,Sasha Vujacic,Shannon Brown,2,11:33,HOU,rebound,,,,,,,,,,David Andersen,,,,,,def,,
Carl Landry,Chase Budinger,David Andersen,Kyle Lowry,Trevor Ariza,Josh Powell,Kobe Bryant,Lamar Odom,Sasha Vujacic,Shannon Brown,2,11:27,HOU,shot,,,,,,,,,,Trevor Ariza,,,,missed,,3pt,24,34
Carl Landry,Chase Budinger,David Andersen,Kyle Lowry,Trevor Ariza,Josh Powell,Kobe Bryant,Lamar Odom,Sasha Vujacic,Shannon Brown,2,11:26,LAL,rebound,,,,,,,,,,Sasha Vujacic,,,,,,def,,
Carl Landry,Chase Budinger,David Andersen,Kyle Lowry,Trevor Ariza,Josh Powell,Kobe Bryant,Lamar Odom,Sasha Vujacic,Shannon Brown,2,11:19,LAL,shot,,,,,,,,,,Shannon Brown,,,,missed,,jump,15,22
Carl Landry,Chase Budinger,David Andersen,Kyle Lowry,Trevor Ariza,Josh Powell,Kobe Bryant,Lamar Odom,Sasha Vujacic,Shannon Brown,2,11:17,HOU,rebound,,,,,,,,,,Kyle Lowry,,,,,,def,,
Carl Landry,Chase Budinger,David Andersen,Kyle Lowry,Trevor Ariza,Josh Powell,Kobe Bryant,Lamar Odom,Sasha Vujacic,Shannon Brown,2,10:57,HOU,shot,,,,,,,,,,David Andersen,,,,missed,,3pt,42,23
Carl Landry,Chase Budinger,David Andersen,Kyle Lowry,Trevor Ariza,Josh Powell,Kobe Bryant,Lamar Odom,Sasha Vujacic,Shannon Brown,2,10:56,LAL,rebound,,,,,,,,,,Lamar Odom,,,,,,def,,
Carl Landry,Chase Budinger,David Andersen,Kyle Lowry,Trevor Ariza,Josh Powell,Kobe Bryant,Lamar Odom,Sasha Vujacic,Shannon Brown,2,10:46,LAL,shot,Josh Powell,,,,,,,,,Shannon Brown,2,,,made,,jump,9,7
Carl Landry,Chase Budinger,David Andersen,Kyle Lowry,Trevor Ariza,Josh Powell,Kobe Bryant,Lamar Odom,Sasha Vujacic,Shannon Brown,2,10:25,HOU,shot,,,,,,,,,,Trevor Ariza,,,,missed,,3pt,50,7
Carl Landry,Chase Budinger,David Andersen,Kyle Lowry,Trevor Ariza,Josh Powell,Kobe Bryant,Lamar Odom,Sasha Vujacic,Shannon Brown,2,10:24,LAL,rebound,,,,,,,,,,Sasha Vujacic,,,,,,def,,
Carl Landry,Chase Budinger,David Andersen,Kyle Lowry,Trevor Ariza,Josh Powell,Kobe Bryant,Lamar Odom,Sasha Vujacic,Shannon Brown,2,10:07,LAL,shot,,,,,,,,,,Lamar Odom,,,,missed,,jump,12,13
Carl Landry,Chase Budinger,David Andersen,Kyle Lowry,Trevor Ariza,Josh Powell,Kobe Bryant,Lamar Odom,Sasha Vujacic,Shannon Brown,2,10:06,LAL,rebound,,,,,,,,,,Sasha Vujacic,,,,,,off,,
Carl Landry,Chase Budinger,David Andersen,Kyle Lowry,Trevor Ariza,Josh Powell,Kobe Bryant,Lamar Odom,Sasha Vujacic,Shannon Brown,2,9:48,LAL,shot,,,,,,,,,,Sasha Vujacic,,,,missed,,3pt,48,11
Carl Landry,Chase Budinger,David Andersen,Kyle Lowry,Trevor Ariza,Josh Powell,Kobe Bryant,Lamar Odom,Sasha Vujacic,Shannon Brown,2,9:47,HOU,rebound,,,,,,,,,,Carl Landry,,,,,,def,,
Carl Landry,Chase Budinger,David Andersen,Kyle Lowry,Trevor Ariza,Josh Powell,Kobe Bryant,Lamar Odom,Sasha Vujacic,Shannon Brown,2,9:42,LAL,foul,,,,,,,,Kyle Lowry,,Shannon Brown,,,,,,shooting,,
Carl Landry,Chase Budinger,David Andersen,Kyle Lowry,Shane Battier,Josh Powell,Kobe Bryant,Lamar Odom,Sasha Vujacic,Shannon Brown,2,9:42,HOU,sub,,,,Shane Battier,,Trevor Ariza,,,,,,,,,,,,
Aaron Brooks,Carl Landry,David Andersen,Kyle Lowry,Shane Battier,Josh Powell,Kobe Bryant,Lamar Odom,Sasha Vujacic,Shannon Brown,2,9:42,HOU,sub,,,,Aaron Brooks,,Chase Budinger,,,,,,,,,,,,
Aaron Brooks,Carl Landry,David Andersen,Kyle Lowry,Shane Battier,Josh Powell,Kobe Bryant,Lamar Odom,Sasha Vujacic,Shannon Brown,2,9:42,HOU,timeout,,,,,,,,,,,,,,,,regular,,
Aaron Brooks,Carl Landry,David Andersen,Kyle Lowry,Shane Battier,Jordan Farmar,Josh Powell,Kobe Bryant,Lamar Odom,Shannon Brown,2,9:42,LAL,sub,,,,Jordan Farmar,,Sasha Vujacic,,,,,,,,,,,,
Aaron Brooks,Carl Landry,David Andersen,Kyle Lowry,Shane Battier,Jordan Farmar,Josh Powell,Kobe Bryant,Lamar Odom,Shannon Brown,2,9:42,HOU,free throw,,,,,,,1,,2,Kyle Lowry,,,foul,missed,,,,
Aaron Brooks,Carl Landry,David Andersen,Kyle Lowry,Shane Battier,Jordan Farmar,Josh Powell,Kobe Bryant,Lamar Odom,Shannon Brown,2,9:42,HOU,rebound,,,,,,,,,,,,,,,,,,
Aaron Brooks,Carl Landry,David Andersen,Kyle Lowry,Shane Battier,Jordan Farmar,Josh Powell,Kobe Bryant,Lamar Odom,Shannon Brown,2,9:42,HOU,free throw,,,,,,,2,,2,Kyle Lowry,,,foul,missed,,,,
Aaron Brooks,Carl Landry,David Andersen,Kyle Lowry,Shane Battier,Jordan Farmar,Josh Powell,Kobe Bryant,Lamar Odom,Shannon Brown,2,9:41,LAL,rebound,,,,,,,,,,Lamar Odom,,,,,,def,,
Aaron Brooks,Carl Landry,David Andersen,Kyle Lowry,Shane Battier,Jordan Farmar,Josh Powell,Kobe Bryant,Lamar Odom,Shannon Brown,2,9:29,LAL,turnover,,,,,,,,,,Josh Powell,,,traveling,,,,,
Aaron Brooks,Carl Landry,David Andersen,Kyle Lowry,Shane Battier,Jordan Farmar,Josh Powell,Kobe Bryant,Lamar Odom,Shannon Brown,2,9:13,HOU,shot,Aaron Brooks,,,,,,,,,Carl Landry,2,,,made,,hook,25,10
Aaron Brooks,Carl Landry,David Andersen,Kyle Lowry,Shane Battier,Jordan Farmar,Josh Powell,Kobe Bryant,Lamar Odom,Shannon Brown,2,8:58,LAL,shot,,,,,,,,,,Kobe Bryant,,,,missed,,jump,12,23
Aaron Brooks,Carl Landry,David Andersen,Kyle Lowry,Shane Battier,Jordan Farmar,Josh Powell,Kobe Bryant,Lamar Odom,Shannon Brown,2,8:57,HOU,rebound,,,,,,,,,,Carl Landry,,,,,,def,,
Aaron Brooks,Carl Landry,David Andersen,Kyle Lowry,Shane Battier,Jordan Farmar,Josh Powell,Kobe Bryant,Lamar Odom,Shannon Brown,2,8:50,LAL,foul,,,,,,,,Shane Battier,,Lamar Odom,,,,,,shooting,,
Aaron Brooks,Carl Landry,David Andersen,Kyle Lowry,Shane Battier,Jordan Farmar,Josh Powell,Kobe Bryant,Lamar Odom,Shannon Brown,2,8:50,HOU,free throw,,,,,,,1,,2,Shane Battier,,,foul,missed,,,,
Aaron Brooks,Carl Landry,David Andersen,Kyle Lowry,Shane Battier,Jordan Farmar,Josh Powell,Kobe Bryant,Lamar Odom,Shannon Brown,2,8:50,HOU,rebound,,,,,,,,,,,,,,,,,,
Aaron Brooks,Carl Landry,David Andersen,Kyle Lowry,Shane Battier,Jordan Farmar,Josh Powell,Lamar Odom,Ron Artest,Shannon Brown,2,8:50,LAL,sub,,,,Ron Artest,,Kobe Bryant,,,,,,,,,,,,
Aaron Brooks,Carl Landry,David Andersen,Kyle Lowry,Shane Battier,Jordan Farmar,Josh Powell,Lamar Odom,Ron Artest,Shannon Brown,2,8:50,HOU,free throw,,,,,,,2,,2,Shane Battier,,,foul,made,,,,
Aaron Brooks,Carl Landry,David Andersen,Kyle Lowry,Shane Battier,Jordan Farmar,Josh Powell,Lamar Odom,Ron Artest,Shannon Brown,2,8:39,HOU,foul,,,,,,,,Josh Powell,,David Andersen,,,,,,personal,,
Aaron Brooks,Carl Landry,David Andersen,Kyle Lowry,Shane Battier,Jordan Farmar,Josh Powell,Lamar Odom,Ron Artest,Shannon Brown,2,8:31,LAL,turnover,,,,,,,,,,Lamar Odom,,,3 second violation,,,,,
Aaron Brooks,Carl Landry,David Andersen,Kyle Lowry,Shane Battier,Jordan Farmar,Josh Powell,Lamar Odom,Ron Artest,Shannon Brown,2,8:20,LAL,foul,,,,,,,,Carl Landry,,Lamar Odom,,,,,,personal,,
Aaron Brooks,Carl Landry,David Andersen,Kyle Lowry,Shane Battier,D.J. Mbenga,Jordan Farmar,Josh Powell,Ron Artest,Shannon Brown,2,8:20,LAL,sub,,,,D.J. Mbenga,,Lamar Odom,,,,,,,,,,,,
Aaron Brooks,Carl Landry,David Andersen,Kyle Lowry,Shane Battier,D.J. Mbenga,Jordan Farmar,Josh Powell,Ron Artest,Shannon Brown,2,8:11,LAL,foul,,,,,,,,Carl Landry,,D.J. Mbenga,,,,,,personal,,
Aaron Brooks,Carl Landry,David Andersen,Kyle Lowry,Shane Battier,D.J. Mbenga,Jordan Farmar,Josh Powell,Ron Artest,Shannon Brown,2,8:00,HOU,shot,,,,,,,,,,Carl Landry,2,,,made,,hook,26,11
Aaron Brooks,Carl Landry,David Andersen,Kyle Lowry,Shane Battier,D.J. Mbenga,Jordan Farmar,Josh Powell,Ron Artest,Shannon Brown,2,7:44,LAL,shot,,,,,,,,,,Jordan Farmar,2,,,made,,jump,8,5
Aaron Brooks,Carl Landry,David Andersen,Kyle Lowry,Shane Battier,D.J. Mbenga,Jordan Farmar,Josh Powell,Ron Artest,Shannon Brown,2,7:25,HOU,shot,,,,,,,,,,David Andersen,,,,missed,,3pt,36,31
Aaron Brooks,Carl Landry,David Andersen,Kyle Lowry,Shane Battier,D.J. Mbenga,Jordan Farmar,Josh Powell,Ron Artest,Shannon Brown,2,7:24,LAL,rebound,,,,,,,,,,Ron Artest,,,,,,def,,
Aaron Brooks,Carl Landry,David Andersen,Kyle Lowry,Shane Battier,D.J. Mbenga,Jordan Farmar,Josh Powell,Ron Artest,Shannon Brown,2,7:14,LAL,turnover,,,,,,,,,,D.J. Mbenga,,,traveling,,,,,
Aaron Brooks,Carl Landry,David Andersen,Kyle Lowry,Shane Battier,D.J. Mbenga,Jordan Farmar,Josh Powell,Ron Artest,Shannon Brown,2,7:03,HOU,shot,,,,,,,,,,Carl Landry,,,,missed,,jump,6,11
Aaron Brooks,Carl Landry,David Andersen,Kyle Lowry,Shane Battier,D.J. Mbenga,Jordan Farmar,Josh Powell,Ron Artest,Shannon Brown,2,7:02,LAL,rebound,,,,,,,,,,Josh Powell,,,,,,def,,
Aaron Brooks,Carl Landry,David Andersen,Kyle Lowry,Shane Battier,D.J. Mbenga,Jordan Farmar,Josh Powell,Ron Artest,Shannon Brown,2,6:48,LAL,shot,,,,,,,,,,Josh Powell,,,,missed,,jump,38,16
Aaron Brooks,Carl Landry,David Andersen,Kyle Lowry,Shane Battier,D.J. Mbenga,Jordan Farmar,Josh Powell,Ron Artest,Shannon Brown,2,6:47,LAL,rebound,,,,,,,,,,,,,,,,,,
Aaron Brooks,Carl Landry,David Andersen,Kyle Lowry,Shane Battier,D.J. Mbenga,Jordan Farmar,Josh Powell,Ron Artest,Shannon Brown,2,6:47,LAL,timeout,,,,,,,,,,,,,,,,regular,,
Aaron Brooks,Carl Landry,David Andersen,Kyle Lowry,Shane Battier,D.J. Mbenga,Jordan Farmar,Josh Powell,Ron Artest,Shannon Brown,2,6:37,LAL,shot,,,,,,,,,,Jordan Farmar,2,,,made,,driving layup,25,6
Aaron Brooks,Carl Landry,David Andersen,Kyle Lowry,Shane Battier,D.J. Mbenga,Jordan Farmar,Josh Powell,Ron Artest,Shannon Brown,2,6:21,HOU,shot,,,,,,,,,,Aaron Brooks,,,,missed,,3pt,11,29
Aaron Brooks,Carl Landry,David Andersen,Kyle Lowry,Shane Battier,D.J. Mbenga,Jordan Farmar,Josh Powell,Ron Artest,Shannon Brown,2,6:20,LAL,rebound,,,,,,,,,,Shannon Brown,,,,,,def,,
Aaron Brooks,Carl Landry,David Andersen,Kyle Lowry,Shane Battier,D.J. Mbenga,Jordan Farmar,Josh Powell,Ron Artest,Shannon Brown,2,6:07,LAL,shot,,,,,,,,,,Josh Powell,,,,missed,,jump,13,19
Aaron Brooks,Carl Landry,David Andersen,Kyle Lowry,Shane Battier,D.J. Mbenga,Jordan Farmar,Josh Powell,Ron Artest,Shannon Brown,2,6:06,HOU,rebound,,,,,,,,,,Kyle Lowry,,,,,,def,,
Aaron Brooks,Carl Landry,David Andersen,Kyle Lowry,Shane Battier,D.J. Mbenga,Jordan Farmar,Josh Powell,Ron Artest,Shannon Brown,2,5:43,HOU,shot,,,,,,,,,,Shane Battier,,,,missed,,3pt,3,19
Aaron Brooks,Carl Landry,David Andersen,Kyle Lowry,Shane Battier,D.J. Mbenga,Jordan Farmar,Josh Powell,Ron Artest,Shannon Brown,2,5:42,HOU,rebound,,,,,,,,,,,,,,,,,,
Aaron Brooks,Carl Landry,David Andersen,Kyle Lowry,Shane Battier,D.J. Mbenga,Jordan Farmar,Josh Powell,Ron Artest,Shannon Brown,2,5:42,HOU,turnover,,,,,,,,,,,,,shot clock turnover,,,,,
Aaron Brooks,Carl Landry,David Andersen,Kyle Lowry,Shane Battier,D.J. Mbenga,Jordan Farmar,Josh Powell,Ron Artest,Shannon Brown,2,5:24,LAL,turnover,,,,,,,,,,D.J. Mbenga,,,lost ball,,Aaron Brooks,,,
Aaron Brooks,Carl Landry,David Andersen,Kyle Lowry,Shane Battier,D.J. Mbenga,Jordan Farmar,Josh Powell,Ron Artest,Shannon Brown,2,5:18,HOU,shot,Kyle Lowry,,,,,,,,,Aaron Brooks,2,,,made,,driving bank,21,9
Aaron Brooks,Carl Landry,David Andersen,Kyle Lowry,Shane Battier,D.J. Mbenga,Jordan Farmar,Josh Powell,Ron Artest,Shannon Brown,2,5:02,LAL,foul,,,,,,,,Kyle Lowry,,Josh Powell,,,,,,offensive,,
Aaron Brooks,Carl Landry,David Andersen,Kyle Lowry,Shane Battier,D.J. Mbenga,Jordan Farmar,Josh Powell,Ron Artest,Shannon Brown,2,5:02,LAL,turnover,,,,,,,,,,Josh Powell,,,foul,,,,,
Aaron Brooks,Carl Landry,Kyle Lowry,Luis Scola,Shane Battier,D.J. Mbenga,Jordan Farmar,Josh Powell,Ron Artest,Shannon Brown,2,5:02,HOU,sub,,,,Luis Scola,,David Andersen,,,,,,,,,,,,
Aaron Brooks,Carl Landry,Kyle Lowry,Luis Scola,Shane Battier,D.J. Mbenga,Jordan Farmar,Josh Powell,Kobe Bryant,Ron Artest,2,5:02,LAL,sub,,,,Kobe Bryant,,Shannon Brown,,,,,,,,,,,,
Aaron Brooks,Carl Landry,Kyle Lowry,Luis Scola,Shane Battier,Andrew Bynum,Jordan Farmar,Josh Powell,Kobe Bryant,Ron Artest,2,5:02,LAL,sub,,,,Andrew Bynum,,D.J. Mbenga,,,,,,,,,,,,
Aaron Brooks,Carl Landry,Kyle Lowry,Luis Scola,Shane Battier,Andrew Bynum,Jordan Farmar,Kobe Bryant,Lamar Odom,Ron Artest,2,5:02,LAL,sub,,,,Lamar Odom,,Josh Powell,,,,,,,,,,,,
Aaron Brooks,Carl Landry,Kyle Lowry,Luis Scola,Shane Battier,Andrew Bynum,Jordan Farmar,Kobe Bryant,Lamar Odom,Ron Artest,2,4:44,HOU,shot,,,,,,,,,,Luis Scola,2,,,made,,turnaround hook,35,8
Aaron Brooks,Carl Landry,Kyle Lowry,Luis Scola,Shane Battier,Andrew Bynum,Jordan Farmar,Kobe Bryant,Lamar Odom,Ron Artest,2,4:29,LAL,shot,Jordan Farmar,,,,,,,,,Andrew Bynum,2,,,made,,layup,25,6
Aaron Brooks,Carl Landry,Kyle Lowry,Luis Scola,Shane Battier,Andrew Bynum,Jordan Farmar,Kobe Bryant,Lamar Odom,Ron Artest,2,4:15,HOU,shot,,,,,,,,,,Luis Scola,,,,missed,,jump,17,22
Aaron Brooks,Carl Landry,Kyle Lowry,Luis Scola,Shane Battier,Andrew Bynum,Jordan Farmar,Kobe Bryant,Lamar Odom,Ron Artest,2,4:14,LAL,rebound,,,,,,,,,,Lamar Odom,,,,,,def,,
Aaron Brooks,Carl Landry,Kyle Lowry,Luis Scola,Shane Battier,Andrew Bynum,Jordan Farmar,Kobe Bryant,Lamar Odom,Ron Artest,2,4:08,LAL,shot,Lamar Odom,,,,,,,,,Kobe Bryant,3,,,made,,3pt,39,29
Aaron Brooks,Carl Landry,Kyle Lowry,Luis Scola,Shane Battier,Andrew Bynum,Jordan Farmar,Kobe Bryant,Lamar Odom,Ron Artest,2,3:53,HOU,shot,,,,,,,,,,Aaron Brooks,,,,missed,,driving layup,25,6
Aaron Brooks,Carl Landry,Kyle Lowry,Luis Scola,Shane Battier,Andrew Bynum,Jordan Farmar,Kobe Bryant,Lamar Odom,Ron Artest,2,3:50,LAL,rebound,,,,,,,,,,Lamar Odom,,,,,,def,,
Aaron Brooks,Carl Landry,Kyle Lowry,Luis Scola,Shane Battier,Andrew Bynum,Jordan Farmar,Kobe Bryant,Lamar Odom,Ron Artest,2,3:45,LAL,shot,,,,,,,,,,Jordan Farmar,2,,,made,,driving layup,25,6
Aaron Brooks,Carl Landry,Kyle Lowry,Luis Scola,Shane Battier,Andrew Bynum,Jordan Farmar,Kobe Bryant,Lamar Odom,Ron Artest,2,3:31,LAL,foul,,,,,,,,Carl Landry,,Jordan Farmar,,,,,,shooting,,
Aaron Brooks,Carl Landry,Luis Scola,Shane Battier,Trevor Ariza,Andrew Bynum,Jordan Farmar,Kobe Bryant,Lamar Odom,Ron Artest,2,3:31,HOU,sub,,,,Trevor Ariza,,Kyle Lowry,,,,,,,,,,,,
Aaron Brooks,Carl Landry,Luis Scola,Shane Battier,Trevor Ariza,Andrew Bynum,Jordan Farmar,Kobe Bryant,Lamar Odom,Ron Artest,2,3:31,HOU,free throw,,,,,,,1,,2,Carl Landry,,,foul,missed,,,,
Aaron Brooks,Carl Landry,Luis Scola,Shane Battier,Trevor Ariza,Andrew Bynum,Jordan Farmar,Kobe Bryant,Lamar Odom,Ron Artest,2,3:31,HOU,rebound,,,,,,,,,,,,,,,,,,
Aaron Brooks,Carl Landry,Luis Scola,Shane Battier,Trevor Ariza,Andrew Bynum,Derek Fisher,Kobe Bryant,Lamar Odom,Ron Artest,2,3:31,LAL,sub,,,,Derek Fisher,,Jordan Farmar,,,,,,,,,,,,
Aaron Brooks,Carl Landry,Luis Scola,Shane Battier,Trevor Ariza,Andrew Bynum,Derek Fisher,Kobe Bryant,Lamar Odom,Ron Artest,2,3:31,HOU,free throw,,,,,,,2,,2,Carl Landry,,,foul,made,,,,
Aaron Brooks,Carl Landry,Luis Scola,Shane Battier,Trevor Ariza,Andrew Bynum,Derek Fisher,Kobe Bryant,Lamar Odom,Ron Artest,2,3:07,LAL,shot,,,,,,,,,,Kobe Bryant,,,,missed,,jump,32,20
Aaron Brooks,Carl Landry,Luis Scola,Shane Battier,Trevor Ariza,Andrew Bynum,Derek Fisher,Kobe Bryant,Lamar Odom,Ron Artest,2,3:06,LAL,rebound,,,,,,,,,,Lamar Odom,,,,,,off,,
Aaron Brooks,Carl Landry,Luis Scola,Shane Battier,Trevor Ariza,Andrew Bynum,Derek Fisher,Kobe Bryant,Lamar Odom,Ron Artest,2,2:58,LAL,shot,Lamar Odom,,,,,,,,,Kobe Bryant,2,,,made,,jump,30,13
Aaron Brooks,Carl Landry,Luis Scola,Shane Battier,Trevor Ariza,Andrew Bynum,Derek Fisher,Kobe Bryant,Lamar Odom,Ron Artest,2,2:39,HOU,shot,,,,,,,,,,Aaron Brooks,,,,missed,,3pt,10,27
Aaron Brooks,Carl Landry,Luis Scola,Shane Battier,Trevor Ariza,Andrew Bynum,Derek Fisher,Kobe Bryant,Lamar Odom,Ron Artest,2,2:38,HOU,rebound,,,,,,,,,,Carl Landry,,,,,,off,,
Aaron Brooks,Carl Landry,Luis Scola,Shane Battier,Trevor Ariza,Andrew Bynum,Derek Fisher,Kobe Bryant,Lamar Odom,Ron Artest,2,2:36,HOU,shot,,,,,,,,,,Carl Landry,2,,,made,,layup,25,6
Aaron Brooks,Carl Landry,Luis Scola,Shane Battier,Trevor Ariza,Andrew Bynum,Derek Fisher,Kobe Bryant,Lamar Odom,Ron Artest,2,2:23,HOU,foul,,,,,,,,Derek Fisher,,Aaron Brooks,,,,,,personal,,
Aaron Brooks,Carl Landry,Luis Scola,Shane Battier,Trevor Ariza,Andrew Bynum,Derek Fisher,Kobe Bryant,Lamar Odom,Ron Artest,2,2:23,LAL,timeout,,,,,,,,,,,,,,,,official,,
Aaron Brooks,Carl Landry,Luis Scola,Shane Battier,Trevor Ariza,Andrew Bynum,Derek Fisher,Kobe Bryant,Lamar Odom,Ron Artest,2,2:13,LAL,shot,Lamar Odom,,,,,,,,,Kobe Bryant,2,,,made,,driving layup,25,6
Aaron Brooks,Carl Landry,Luis Scola,Shane Battier,Trevor Ariza,Andrew Bynum,Derek Fisher,Kobe Bryant,Lamar Odom,Ron Artest,2,1:59,HOU,shot,Aaron Brooks,,,,,,,,,Carl Landry,2,,,made,,jump,17,23
Aaron Brooks,Carl Landry,Luis Scola,Shane Battier,Trevor Ariza,Andrew Bynum,Derek Fisher,Kobe Bryant,Lamar Odom,Ron Artest,2,1:41,LAL,shot,,,,,,,,,,Andrew Bynum,,,,missed,,hook,23,16
Aaron Brooks,Carl Landry,Luis Scola,Shane Battier,Trevor Ariza,Andrew Bynum,Derek Fisher,Kobe Bryant,Lamar Odom,Ron Artest,2,1:39,HOU,rebound,,,,,,,,,,Carl Landry,,,,,,def,,
Aaron Brooks,Carl Landry,Luis Scola,Shane Battier,Trevor Ariza,Andrew Bynum,Derek Fisher,Kobe Bryant,Lamar Odom,Ron Artest,2,1:37,LAL,foul,,,,,,,,Carl Landry,,Ron Artest,,,,,,personal,,
Aaron Brooks,Carl Landry,Luis Scola,Shane Battier,Trevor Ariza,Andrew Bynum,Derek Fisher,Kobe Bryant,Lamar Odom,Ron Artest,2,1:37,HOU,free throw,,,,,,,1,,2,Carl Landry,,,foul,made,,,,
Aaron Brooks,Carl Landry,Luis Scola,Shane Battier,Trevor Ariza,Andrew Bynum,Derek Fisher,Kobe Bryant,Lamar Odom,Ron Artest,2,1:37,HOU,free throw,,,,,,,2,,2,Carl Landry,,,foul,made,,,,
Aaron Brooks,Carl Landry,Luis Scola,Shane Battier,Trevor Ariza,Andrew Bynum,Derek Fisher,Kobe Bryant,Lamar Odom,Ron Artest,2,1:15,LAL,shot,,,,,,,,,,Kobe Bryant,,,,missed,,jump,30,18
Aaron Brooks,Carl Landry,Luis Scola,Shane Battier,Trevor Ariza,Andrew Bynum,Derek Fisher,Kobe Bryant,Lamar Odom,Ron Artest,2,1:13,HOU,rebound,,,,,,,,,,Luis Scola,,,,,,def,,
Aaron Brooks,Carl Landry,Luis Scola,Shane Battier,Trevor Ariza,Andrew Bynum,Derek Fisher,Kobe Bryant,Lamar Odom,Ron Artest,2,1:08,HOU,shot,,,,,,,,,,Aaron Brooks,2,,,made,,driving layup,25,6
Aaron Brooks,Carl Landry,Luis Scola,Shane Battier,Trevor Ariza,Andrew Bynum,Derek Fisher,Kobe Bryant,Lamar Odom,Ron Artest,2,1:08,LAL,foul,,,,,,,,Aaron Brooks,,Derek Fisher,,,,,,shooting,,
Aaron Brooks,Carl Landry,Luis Scola,Shane Battier,Trevor Ariza,Andrew Bynum,Derek Fisher,Kobe Bryant,Lamar Odom,Ron Artest,2,1:08,HOU,free throw,,,,,,,1,,1,Aaron Brooks,,,foul,missed,,,,
Aaron Brooks,Carl Landry,Luis Scola,Shane Battier,Trevor Ariza,Andrew Bynum,Derek Fisher,Kobe Bryant,Lamar Odom,Ron Artest,2,1:07,LAL,rebound,,,,,,,,,,Lamar Odom,,,,,,def,,
Aaron Brooks,Carl Landry,Luis Scola,Shane Battier,Trevor Ariza,Andrew Bynum,Derek Fisher,Kobe Bryant,Lamar Odom,Ron Artest,2,0:56,HOU,foul,,,,,,,,Andrew Bynum,,Carl Landry,,,,,,personal,,
Aaron Brooks,Carl Landry,Luis Scola,Shane Battier,Trevor Ariza,Andrew Bynum,Derek Fisher,Kobe Bryant,Lamar Odom,Ron Artest,2,0:47,LAL,shot,,,,,,,,,,Kobe Bryant,,,,missed,,jump,15,21
Aaron Brooks,Carl Landry,Luis Scola,Shane Battier,Trevor Ariza,Andrew Bynum,Derek Fisher,Kobe Bryant,Lamar Odom,Ron Artest,2,0:47,HOU,rebound,,,,,,,,,,,,,,,,,,
Aaron Brooks,Carl Landry,Luis Scola,Shane Battier,Trevor Ariza,Andrew Bynum,Derek Fisher,Kobe Bryant,Lamar Odom,Ron Artest,2,0:47,LAL,foul,,,,,,,,Luis Scola,,Ron Artest,,,,,,loose ball,,
Aaron Brooks,Carl Landry,Luis Scola,Shane Battier,Trevor Ariza,Andrew Bynum,Derek Fisher,Kobe Bryant,Lamar Odom,Ron Artest,2,0:47,HOU,free throw,,,,,,,1,,2,Luis Scola,,,foul,missed,,,,
Aaron Brooks,Carl Landry,Luis Scola,Shane Battier,Trevor Ariza,Andrew Bynum,Derek Fisher,Kobe Bryant,Lamar Odom,Ron Artest,2,0:47,HOU,rebound,,,,,,,,,,,,,,,,,,
Aaron Brooks,David Andersen,Luis Scola,Shane Battier,Trevor Ariza,Andrew Bynum,Derek Fisher,Kobe Bryant,Lamar Odom,Ron Artest,2,0:47,HOU,sub,,,,David Andersen,,Carl Landry,,,,,,,,,,,,
Aaron Brooks,David Andersen,Luis Scola,Shane Battier,Trevor Ariza,Andrew Bynum,Derek Fisher,Kobe Bryant,Lamar Odom,Ron Artest,2,0:47,HOU,free throw,,,,,,,2,,2,Luis Scola,,,foul,missed,,,,
Aaron Brooks,David Andersen,Luis Scola,Shane Battier,Trevor Ariza,Andrew Bynum,Derek Fisher,Kobe Bryant,Lamar Odom,Ron Artest,2,0:46,LAL,rebound,,,,,,,,,,Lamar Odom,,,,,,def,,
Aaron Brooks,David Andersen,Luis Scola,Shane Battier,Trevor Ariza,Andrew Bynum,Derek Fisher,Kobe Bryant,Lamar Odom,Ron Artest,2,0:36,LAL,shot,,,,,,,,,,Derek Fisher,,,,missed,,3pt,2,17
Aaron Brooks,David Andersen,Luis Scola,Shane Battier,Trevor Ariza,Andrew Bynum,Derek Fisher,Kobe Bryant,Lamar Odom,Ron Artest,2,0:35,LAL,rebound,,,,,,,,,,Ron Artest,,,,,,off,,
Aaron Brooks,David Andersen,Luis Scola,Shane Battier,Trevor Ariza,Andrew Bynum,Derek Fisher,Kobe Bryant,Lamar Odom,Ron Artest,2,0:22,LAL,shot,,,,,,,,,,Kobe Bryant,2,,,made,,driving layup,25,6
Aaron Brooks,David Andersen,Luis Scola,Shane Battier,Trevor Ariza,Andrew Bynum,Derek Fisher,Kobe Bryant,Lamar Odom,Ron Artest,2,0:01,HOU,turnover,,,,,,,,,,Aaron Brooks,,,lost ball,,Andrew Bynum,,,
Aaron Brooks,Chuck Hayes,Luis Scola,Shane Battier,Trevor Ariza,Andrew Bynum,Derek Fisher,Kobe Bryant,Lamar Odom,Ron Artest,3,11:38,HOU,shot,,,,,,,,,,Aaron Brooks,,,,missed,,layup,25,6
Aaron Brooks,Chuck Hayes,Luis Scola,Shane Battier,Trevor Ariza,Andrew Bynum,Derek Fisher,Kobe Bryant,Lamar Odom,Ron Artest,3,11:37,LAL,rebound,,,,,,,,,,Kobe Bryant,,,,,,def,,
Aaron Brooks,Chuck Hayes,Luis Scola,Shane Battier,Trevor Ariza,Andrew Bynum,Derek Fisher,Kobe Bryant,Lamar Odom,Ron Artest,3,11:17,LAL,shot,,,,,,,,,,Kobe Bryant,,,,missed,,jump,15,22
Aaron Brooks,Chuck Hayes,Luis Scola,Shane Battier,Trevor Ariza,Andrew Bynum,Derek Fisher,Kobe Bryant,Lamar Odom,Ron Artest,3,11:15,HOU,rebound,,,,,,,,,,Shane Battier,,,,,,def,,
Aaron Brooks,Chuck Hayes,Luis Scola,Shane Battier,Trevor Ariza,Andrew Bynum,Derek Fisher,Kobe Bryant,Lamar Odom,Ron Artest,3,10:57,HOU,shot,,,,,,,,,,Trevor Ariza,,,,missed,,layup,25,6
Aaron Brooks,Chuck Hayes,Luis Scola,Shane Battier,Trevor Ariza,Andrew Bynum,Derek Fisher,Kobe Bryant,Lamar Odom,Ron Artest,3,10:56,LAL,rebound,,,,,,,,,,Lamar Odom,,,,,,def,,
Aaron Brooks,Chuck Hayes,Luis Scola,Shane Battier,Trevor Ariza,Andrew Bynum,Derek Fisher,Kobe Bryant,Lamar Odom,Ron Artest,3,10:52,HOU,foul,,,,,,,,Kobe Bryant,,Aaron Brooks,,,,,,personal,,
Aaron Brooks,Chuck Hayes,Luis Scola,Shane Battier,Trevor Ariza,Andrew Bynum,Derek Fisher,Kobe Bryant,Lamar Odom,Ron Artest,3,10:36,LAL,shot,,,,,,,,,,Kobe Bryant,,,,missed,,jump,23,13
Aaron Brooks,Chuck Hayes,Luis Scola,Shane Battier,Trevor Ariza,Andrew Bynum,Derek Fisher,Kobe Bryant,Lamar Odom,Ron Artest,3,10:35,HOU,rebound,,,,,,,,,,Chuck Hayes,,,,,,def,,
Aaron Brooks,Chuck Hayes,Luis Scola,Shane Battier,Trevor Ariza,Andrew Bynum,Derek Fisher,Kobe Bryant,Lamar Odom,Ron Artest,3,10:29,HOU,shot,,,,,,,,,,Aaron Brooks,,,,missed,,3pt,3,22
Aaron Brooks,Chuck Hayes,Luis Scola,Shane Battier,Trevor Ariza,Andrew Bynum,Derek Fisher,Kobe Bryant,Lamar Odom,Ron Artest,3,10:29,HOU,rebound,,,,,,,,,,,,,,,,,,
Aaron Brooks,Chuck Hayes,Luis Scola,Shane Battier,Trevor Ariza,Andrew Bynum,Derek Fisher,Kobe Bryant,Lamar Odom,Ron Artest,3,10:18,HOU,shot,Luis Scola,,,,,,,,,Aaron Brooks,3,,,made,,3pt,12,30
Aaron Brooks,Chuck Hayes,Luis Scola,Shane Battier,Trevor Ariza,Andrew Bynum,Derek Fisher,Kobe Bryant,Lamar Odom,Ron Artest,3,10:01,LAL,shot,Derek Fisher,,,,,,,,,Lamar Odom,2,,,made,,layup,25,6
Aaron Brooks,Chuck Hayes,Luis Scola,Shane Battier,Trevor Ariza,Andrew Bynum,Derek Fisher,Kobe Bryant,Lamar Odom,Ron Artest,3,9:43,HOU,shot,,,,,,,,,,Luis Scola,,,,missed,,hook,25,13
Aaron Brooks,Chuck Hayes,Luis Scola,Shane Battier,Trevor Ariza,Andrew Bynum,Derek Fisher,Kobe Bryant,Lamar Odom,Ron Artest,3,9:40,LAL,rebound,,,,,,,,,,Andrew Bynum,,,,,,def,,
Aaron Brooks,Chuck Hayes,Luis Scola,Shane Battier,Trevor Ariza,Andrew Bynum,Derek Fisher,Kobe Bryant,Lamar Odom,Ron Artest,3,9:31,LAL,shot,,,,,,,,,,Ron Artest,,,,missed,,3pt,40,27
Aaron Brooks,Chuck Hayes,Luis Scola,Shane Battier,Trevor Ariza,Andrew Bynum,Derek Fisher,Kobe Bryant,Lamar Odom,Ron Artest,3,9:29,LAL,rebound,,,,,,,,,,Andrew Bynum,,,,,,off,,
Aaron Brooks,Chuck Hayes,Luis Scola,Shane Battier,Trevor Ariza,Andrew Bynum,Derek Fisher,Kobe Bryant,Lamar Odom,Ron Artest,3,9:26,LAL,turnover,,,,,,,,,,Andrew Bynum,,,lost ball,,Chuck Hayes,,,
Aaron Brooks,Chuck Hayes,Luis Scola,Shane Battier,Trevor Ariza,Andrew Bynum,Derek Fisher,Kobe Bryant,Lamar Odom,Ron Artest,3,9:06,HOU,shot,,,,,,,,,,Shane Battier,,,,missed,,layup,25,6
Aaron Brooks,Chuck Hayes,Luis Scola,Shane Battier,Trevor Ariza,Andrew Bynum,Derek Fisher,Kobe Bryant,Lamar Odom,Ron Artest,3,9:05,HOU,rebound,,,,,,,,,,Chuck Hayes,,,,,,off,,
Aaron Brooks,Chuck Hayes,Luis Scola,Shane Battier,Trevor Ariza,Andrew Bynum,Derek Fisher,Kobe Bryant,Lamar Odom,Ron Artest,3,9:04,HOU,shot,,,Ron Artest,,,,,,,Chuck Hayes,,,,missed,,layup,25,6
Aaron Brooks,Chuck Hayes,Luis Scola,Shane Battier,Trevor Ariza,Andrew Bynum,Derek Fisher,Kobe Bryant,Lamar Odom,Ron Artest,3,9:02,LAL,rebound,,,,,,,,,,Ron Artest,,,,,,def,,
Aaron Brooks,Chuck Hayes,Luis Scola,Shane Battier,Trevor Ariza,Andrew Bynum,Derek Fisher,Kobe Bryant,Lamar Odom,Ron Artest,3,8:54,HOU,foul,,,,,,,,Andrew Bynum,,Shane Battier,,,,,,shooting,,
Aaron Brooks,Chuck Hayes,Luis Scola,Shane Battier,Trevor Ariza,Andrew Bynum,Derek Fisher,Kobe Bryant,Lamar Odom,Ron Artest,3,8:54,LAL,free throw,,,,,,,1,,2,Andrew Bynum,,,foul,missed,,,,
Aaron Brooks,Chuck Hayes,Luis Scola,Shane Battier,Trevor Ariza,Andrew Bynum,Derek Fisher,Kobe Bryant,Lamar Odom,Ron Artest,3,8:54,LAL,rebound,,,,,,,,,,,,,,,,,,
Aaron Brooks,Chuck Hayes,Luis Scola,Shane Battier,Trevor Ariza,Andrew Bynum,Derek Fisher,Kobe Bryant,Lamar Odom,Ron Artest,3,8:54,LAL,free throw,,,,,,,2,,2,Andrew Bynum,,,foul,made,,,,
Aaron Brooks,Chuck Hayes,Luis Scola,Shane Battier,Trevor Ariza,Andrew Bynum,Derek Fisher,Kobe Bryant,Lamar Odom,Ron Artest,3,8:34,HOU,shot,Chuck Hayes,,,,,,,,,Luis Scola,2,,,made,,jump,32,18
Aaron Brooks,Chuck Hayes,Luis Scola,Shane Battier,Trevor Ariza,Andrew Bynum,Derek Fisher,Kobe Bryant,Lamar Odom,Ron Artest,3,8:18,LAL,shot,,,,,,,,,,Andrew Bynum,2,,,made,,jump,14,11
Aaron Brooks,Chuck Hayes,Luis Scola,Shane Battier,Trevor Ariza,Andrew Bynum,Derek Fisher,Kobe Bryant,Lamar Odom,Ron Artest,3,8:08,HOU,shot,,,Lamar Odom,,,,,,,Trevor Ariza,,,,missed,,layup,25,6
Aaron Brooks,Chuck Hayes,Luis Scola,Shane Battier,Trevor Ariza,Andrew Bynum,Derek Fisher,Kobe Bryant,Lamar Odom,Ron Artest,3,8:07,HOU,rebound,,,,,,,,,,Luis Scola,,,,,,off,,
Aaron Brooks,Chuck Hayes,Luis Scola,Shane Battier,Trevor Ariza,Andrew Bynum,Derek Fisher,Kobe Bryant,Lamar Odom,Ron Artest,3,8:06,HOU,shot,,,Kobe Bryant,,,,,,,Luis Scola,,,,missed,,layup,25,6
Aaron Brooks,Chuck Hayes,Luis Scola,Shane Battier,Trevor Ariza,Andrew Bynum,Derek Fisher,Kobe Bryant,Lamar Odom,Ron Artest,3,8:04,LAL,rebound,,,,,,,,,,Kobe Bryant,,,,,,def,,
Aaron Brooks,Chuck Hayes,Luis Scola,Shane Battier,Trevor Ariza,Andrew Bynum,Derek Fisher,Kobe Bryant,Lamar Odom,Ron Artest,3,7:51,LAL,foul,,,,,,,,Luis Scola,,Kobe Bryant,,,,,,offensive,,
Aaron Brooks,Chuck Hayes,Luis Scola,Shane Battier,Trevor Ariza,Andrew Bynum,Derek Fisher,Kobe Bryant,Lamar Odom,Ron Artest,3,7:51,LAL,turnover,,,,,,,,,,Kobe Bryant,,,foul,,,,,
Aaron Brooks,Chuck Hayes,Luis Scola,Shane Battier,Trevor Ariza,Andrew Bynum,Derek Fisher,Kobe Bryant,Lamar Odom,Ron Artest,3,7:39,LAL,foul,,,,,,,,Aaron Brooks,,Andrew Bynum,,,,,,personal,,
Aaron Brooks,Chuck Hayes,Luis Scola,Shane Battier,Trevor Ariza,Andrew Bynum,Derek Fisher,Kobe Bryant,Lamar Odom,Ron Artest,3,7:25,HOU,shot,,,,,,,,,,Trevor Ariza,2,,,made,,driving dunk,25,6
Aaron Brooks,Chuck Hayes,Luis Scola,Shane Battier,Trevor Ariza,Andrew Bynum,Derek Fisher,Kobe Bryant,Lamar Odom,Ron Artest,3,7:10,LAL,shot,,,,,,,,,,Ron Artest,,,,missed,,3pt,41,26
Aaron Brooks,Chuck Hayes,Luis Scola,Shane Battier,Trevor Ariza,Andrew Bynum,Derek Fisher,Kobe Bryant,Lamar Odom,Ron Artest,3,7:09,HOU,rebound,,,,,,,,,,Chuck Hayes,,,,,,def,,
Aaron Brooks,Chuck Hayes,Luis Scola,Shane Battier,Trevor Ariza,Andrew Bynum,Derek Fisher,Kobe Bryant,Lamar Odom,Ron Artest,3,7:01,HOU,foul,,,,,,,,Derek Fisher,,Aaron Brooks,,,,,,offensive,,
Aaron Brooks,Chuck Hayes,Luis Scola,Shane Battier,Trevor Ariza,Andrew Bynum,Derek Fisher,Kobe Bryant,Lamar Odom,Ron Artest,3,7:01,HOU,turnover,,,,,,,,,,Aaron Brooks,,,foul,,,,,
Aaron Brooks,Chuck Hayes,Luis Scola,Shane Battier,Trevor Ariza,Andrew Bynum,Derek Fisher,Kobe Bryant,Lamar Odom,Ron Artest,3,7:01,LAL,timeout,,,,,,,,,,,,,,,,regular,,
Aaron Brooks,Chuck Hayes,Luis Scola,Shane Battier,Trevor Ariza,Andrew Bynum,Derek Fisher,Kobe Bryant,Lamar Odom,Ron Artest,3,6:48,LAL,shot,Lamar Odom,,,,,,,,,Andrew Bynum,2,,,made,,hook,25,13
Aaron Brooks,Chuck Hayes,Luis Scola,Shane Battier,Trevor Ariza,Andrew Bynum,Derek Fisher,Kobe Bryant,Lamar Odom,Ron Artest,3,6:29,HOU,shot,,,,,,,,,,Aaron Brooks,,,,missed,,driving jump,25,16
Aaron Brooks,Chuck Hayes,Luis Scola,Shane Battier,Trevor Ariza,Andrew Bynum,Derek Fisher,Kobe Bryant,Lamar Odom,Ron Artest,3,6:27,LAL,rebound,,,,,,,,,,Andrew Bynum,,,,,,def,,
Aaron Brooks,Chuck Hayes,Luis Scola,Shane Battier,Trevor Ariza,Andrew Bynum,Derek Fisher,Kobe Bryant,Lamar Odom,Ron Artest,3,6:18,LAL,shot,,,,,,,,,,Kobe Bryant,,,,missed,,jump,19,11
Aaron Brooks,Chuck Hayes,Luis Scola,Shane Battier,Trevor Ariza,Andrew Bynum,Derek Fisher,Kobe Bryant,Lamar Odom,Ron Artest,3,6:17,LAL,rebound,,,,,,,,,,,,,,,,,,
Aaron Brooks,Chuck Hayes,Luis Scola,Shane Battier,Trevor Ariza,Andrew Bynum,Derek Fisher,Kobe Bryant,Lamar Odom,Ron Artest,3,6:09,LAL,shot,,,,,,,,,,Ron Artest,,,,missed,,layup,25,6
Aaron Brooks,Chuck Hayes,Luis Scola,Shane Battier,Trevor Ariza,Andrew Bynum,Derek Fisher,Kobe Bryant,Lamar Odom,Ron Artest,3,6:07,LAL,rebound,,,,,,,,,,Lamar Odom,,,,,,off,,
Aaron Brooks,Chuck Hayes,Luis Scola,Shane Battier,Trevor Ariza,Andrew Bynum,Derek Fisher,Kobe Bryant,Lamar Odom,Ron Artest,3,6:07,LAL,shot,,,,,,,,,,Lamar Odom,2,,,made,,putback dunk,25,6
Aaron Brooks,Chuck Hayes,Luis Scola,Shane Battier,Trevor Ariza,Andrew Bynum,Derek Fisher,Kobe Bryant,Lamar Odom,Ron Artest,3,5:59,HOU,shot,,,,,,,,,,Trevor Ariza,,,,missed,,3pt,41,25
Aaron Brooks,Chuck Hayes,Luis Scola,Shane Battier,Trevor Ariza,Andrew Bynum,Derek Fisher,Kobe Bryant,Lamar Odom,Ron Artest,3,5:58,LAL,rebound,,,,,,,,,,Lamar Odom,,,,,,def,,
Aaron Brooks,Chuck Hayes,Luis Scola,Shane Battier,Trevor Ariza,Andrew Bynum,Derek Fisher,Kobe Bryant,Lamar Odom,Ron Artest,3,5:44,LAL,foul,,,,,,,,Luis Scola,,Ron Artest,,,,,,offensive,,
Aaron Brooks,Chuck Hayes,Luis Scola,Shane Battier,Trevor Ariza,Andrew Bynum,Derek Fisher,Kobe Bryant,Lamar Odom,Ron Artest,3,5:44,LAL,turnover,,,,,,,,,,Ron Artest,,,foul,,,,,
Aaron Brooks,Chuck Hayes,Luis Scola,Shane Battier,Trevor Ariza,Andrew Bynum,Derek Fisher,Kobe Bryant,Lamar Odom,Ron Artest,3,5:25,LAL,foul,,,,,,,,,,Andrew Bynum,,,,,,defense 3 second,,
Aaron Brooks,Chuck Hayes,Luis Scola,Shane Battier,Trevor Ariza,Andrew Bynum,Derek Fisher,Kobe Bryant,Lamar Odom,Ron Artest,3,5:25,HOU,free throw,,,,,,,1,,1,Aaron Brooks,,,technical,made,,,,
Aaron Brooks,Chuck Hayes,Luis Scola,Shane Battier,Trevor Ariza,Andrew Bynum,Derek Fisher,Kobe Bryant,Lamar Odom,Ron Artest,3,5:15,HOU,turnover,,,,,,,,,,Shane Battier,,,3 second violation,,,,,
Aaron Brooks,Chuck Hayes,Luis Scola,Shane Battier,Trevor Ariza,Andrew Bynum,Derek Fisher,Kobe Bryant,Lamar Odom,Ron Artest,3,4:52,LAL,shot,Lamar Odom,,,,,,,,,Ron Artest,3,,,made,,3pt,41,27
Aaron Brooks,Chuck Hayes,Luis Scola,Shane Battier,Trevor Ariza,Andrew Bynum,Derek Fisher,Kobe Bryant,Lamar Odom,Ron Artest,3,4:40,HOU,shot,,,,,,,,,,Luis Scola,2,,,made,,turnaround hook,15,7
Aaron Brooks,Chuck Hayes,Luis Scola,Shane Battier,Trevor Ariza,Andrew Bynum,Derek Fisher,Kobe Bryant,Lamar Odom,Ron Artest,3,4:19,LAL,foul,,,,,,,,Luis Scola,,Kobe Bryant,,,,,,offensive,,
Aaron Brooks,Chuck Hayes,Luis Scola,Shane Battier,Trevor Ariza,Andrew Bynum,Derek Fisher,Kobe Bryant,Lamar Odom,Ron Artest,3,4:19,LAL,turnover,,,,,,,,,,Kobe Bryant,,,foul,,,,,
Aaron Brooks,Carl Landry,Luis Scola,Shane Battier,Trevor Ariza,Andrew Bynum,Derek Fisher,Kobe Bryant,Lamar Odom,Ron Artest,3,4:19,HOU,sub,,,,Carl Landry,,Chuck Hayes,,,,,,,,,,,,
Aaron Brooks,Carl Landry,Luis Scola,Shane Battier,Trevor Ariza,Andrew Bynum,Derek Fisher,Kobe Bryant,Lamar Odom,Ron Artest,3,4:03,HOU,shot,Trevor Ariza,,,,,,,,,Carl Landry,2,,,made,,hook,29,14
Aaron Brooks,Carl Landry,Luis Scola,Shane Battier,Trevor Ariza,Andrew Bynum,Derek Fisher,Kobe Bryant,Lamar Odom,Ron Artest,3,3:55,HOU,foul,,,,,,,,Andrew Bynum,,Luis Scola,,,,,,personal,,
Aaron Brooks,Carl Landry,Luis Scola,Shane Battier,Trevor Ariza,Andrew Bynum,Derek Fisher,Kobe Bryant,Lamar Odom,Ron Artest,3,3:47,LAL,turnover,,,,,,,,,,Ron Artest,,,lost ball,,Carl Landry,,,
Aaron Brooks,Carl Landry,Luis Scola,Shane Battier,Trevor Ariza,Andrew Bynum,Derek Fisher,Kobe Bryant,Lamar Odom,Ron Artest,3,3:42,HOU,shot,Carl Landry,,,,,,,,,Aaron Brooks,2,,,made,,jump,13,17
Aaron Brooks,Carl Landry,Luis Scola,Shane Battier,Trevor Ariza,Andrew Bynum,Derek Fisher,Kobe Bryant,Lamar Odom,Ron Artest,3,3:31,HOU,foul,,,,,,,,Ron Artest,,Carl Landry,,,,,,personal,,
Aaron Brooks,Carl Landry,Luis Scola,Shane Battier,Trevor Ariza,Andrew Bynum,Derek Fisher,Kobe Bryant,Lamar Odom,Ron Artest,3,3:22,LAL,shot,,,,,,,,,,Kobe Bryant,,,,missed,,jump,29,9
Aaron Brooks,Carl Landry,Luis Scola,Shane Battier,Trevor Ariza,Andrew Bynum,Derek Fisher,Kobe Bryant,Lamar Odom,Ron Artest,3,3:21,LAL,rebound,,,,,,,,,,Andrew Bynum,,,,,,off,,
Aaron Brooks,Carl Landry,Luis Scola,Shane Battier,Trevor Ariza,Andrew Bynum,Derek Fisher,Kobe Bryant,Lamar Odom,Ron Artest,3,3:16,LAL,shot,,,Carl Landry,,,,,,,Andrew Bynum,,,,missed,,layup,25,6
Aaron Brooks,Carl Landry,Luis Scola,Shane Battier,Trevor Ariza,Andrew Bynum,Derek Fisher,Kobe Bryant,Lamar Odom,Ron Artest,3,3:15,LAL,rebound,,,,,,,,,,Ron Artest,,,,,,off,,
Aaron Brooks,Carl Landry,Luis Scola,Shane Battier,Trevor Ariza,Andrew Bynum,Derek Fisher,Kobe Bryant,Lamar Odom,Ron Artest,3,3:13,LAL,shot,,,,,,,,,,Ron Artest,2,,,made,,putback layup,25,6
Aaron Brooks,Carl Landry,Luis Scola,Shane Battier,Trevor Ariza,Andrew Bynum,Derek Fisher,Kobe Bryant,Lamar Odom,Ron Artest,3,3:02,HOU,shot,,,,,,,,,,Carl Landry,,,,missed,,layup,25,6
Aaron Brooks,Carl Landry,Luis Scola,Shane Battier,Trevor Ariza,Andrew Bynum,Derek Fisher,Kobe Bryant,Lamar Odom,Ron Artest,3,3:01,LAL,rebound,,,,,,,,,,Lamar Odom,,,,,,def,,
Aaron Brooks,Carl Landry,Luis Scola,Shane Battier,Trevor Ariza,Andrew Bynum,Derek Fisher,Kobe Bryant,Lamar Odom,Ron Artest,3,2:55,LAL,shot,Lamar Odom,,,,,,,,,Kobe Bryant,2,,,made,,layup,25,6
Aaron Brooks,Carl Landry,Luis Scola,Shane Battier,Trevor Ariza,Andrew Bynum,Derek Fisher,Kobe Bryant,Lamar Odom,Ron Artest,3,2:52,HOU,timeout,,,,,,,,,,,,,,,,regular,,
Aaron Brooks,Carl Landry,Luis Scola,Shane Battier,Trevor Ariza,Andrew Bynum,Jordan Farmar,Kobe Bryant,Lamar Odom,Ron Artest,3,2:52,LAL,sub,,,,Jordan Farmar,,Derek Fisher,,,,,,,,,,,,
Aaron Brooks,Carl Landry,Luis Scola,Shane Battier,Trevor Ariza,Jordan Farmar,Josh Powell,Kobe Bryant,Lamar Odom,Ron Artest,3,2:52,LAL,sub,,,,Josh Powell,,Andrew Bynum,,,,,,,,,,,,
Aaron Brooks,Carl Landry,Luis Scola,Shane Battier,Trevor Ariza,Jordan Farmar,Josh Powell,Kobe Bryant,Lamar Odom,Ron Artest,3,2:37,HOU,shot,Shane Battier,,,,,,,,,Trevor Ariza,2,,,made,,layup,25,6
Aaron Brooks,Carl Landry,Luis Scola,Shane Battier,Trevor Ariza,Jordan Farmar,Josh Powell,Kobe Bryant,Lamar Odom,Ron Artest,3,2:37,LAL,foul,,,,,,,,Trevor Ariza,,Lamar Odom,,,,,,shooting,,
Aaron Brooks,Carl Landry,Luis Scola,Shane Battier,Trevor Ariza,Jordan Farmar,Josh Powell,Kobe Bryant,Lamar Odom,Ron Artest,3,2:37,HOU,free throw,,,,,,,1,,1,Trevor Ariza,,,foul,made,,,,
Aaron Brooks,Carl Landry,Luis Scola,Shane Battier,Trevor Ariza,Jordan Farmar,Josh Powell,Kobe Bryant,Lamar Odom,Ron Artest,3,2:22,LAL,shot,,,,,,,,,,Kobe Bryant,,,,missed,,jump,41,17
Aaron Brooks,Carl Landry,Luis Scola,Shane Battier,Trevor Ariza,Jordan Farmar,Josh Powell,Kobe Bryant,Lamar Odom,Ron Artest,3,2:21,HOU,rebound,,,,,,,,,,Trevor Ariza,,,,,,def,,
Aaron Brooks,Carl Landry,Luis Scola,Shane Battier,Trevor Ariza,Jordan Farmar,Josh Powell,Kobe Bryant,Lamar Odom,Ron Artest,3,2:08,HOU,shot,Trevor Ariza,,,,,,,,,Luis Scola,2,,,made,,jump,21,28
Aaron Brooks,Carl Landry,Luis Scola,Shane Battier,Trevor Ariza,Jordan Farmar,Josh Powell,Kobe Bryant,Lamar Odom,Ron Artest,3,1:46,LAL,shot,,,,,,,,,,Josh Powell,,,,missed,,jump,33,8
Aaron Brooks,Carl Landry,Luis Scola,Shane Battier,Trevor Ariza,Jordan Farmar,Josh Powell,Kobe Bryant,Lamar Odom,Ron Artest,3,1:45,LAL,rebound,,,,,,,,,,Lamar Odom,,,,,,off,,
Carl Landry,Kyle Lowry,Luis Scola,Shane Battier,Trevor Ariza,Jordan Farmar,Josh Powell,Kobe Bryant,Lamar Odom,Ron Artest,3,1:45,HOU,sub,,,,Kyle Lowry,,Aaron Brooks,,,,,,,,,,,,
Carl Landry,Kyle Lowry,Luis Scola,Shane Battier,Trevor Ariza,Jordan Farmar,Josh Powell,Kobe Bryant,Lamar Odom,Ron Artest,3,1:34,LAL,turnover,,,,,,,,,,Josh Powell,,,3 second violation,,,,,
Carl Landry,Kyle Lowry,Luis Scola,Shane Battier,Trevor Ariza,Jordan Farmar,Josh Powell,Kobe Bryant,Lamar Odom,Ron Artest,3,1:18,HOU,turnover,,,,,,,,,,Shane Battier,,,bad pass,,,,,
Carl Landry,Kyle Lowry,Luis Scola,Shane Battier,Trevor Ariza,Jordan Farmar,Josh Powell,Kobe Bryant,Lamar Odom,Ron Artest,3,1:00,LAL,shot,,,,,,,,,,Lamar Odom,2,,,made,,layup,25,6
Carl Landry,Kyle Lowry,Luis Scola,Shane Battier,Trevor Ariza,Jordan Farmar,Josh Powell,Kobe Bryant,Lamar Odom,Ron Artest,3,0:53,LAL,foul,,,,,,,,Trevor Ariza,,Kobe Bryant,,,,,,personal,,
Carl Landry,Chase Budinger,Kyle Lowry,Luis Scola,Trevor Ariza,Jordan Farmar,Josh Powell,Kobe Bryant,Lamar Odom,Ron Artest,3,0:53,HOU,sub,,,,Chase Budinger,,Shane Battier,,,,,,,,,,,,
Carl Landry,Chase Budinger,Kyle Lowry,Luis Scola,Trevor Ariza,Jordan Farmar,Josh Powell,Lamar Odom,Ron Artest,Sasha Vujacic,3,0:53,LAL,sub,,,,Sasha Vujacic,,Kobe Bryant,,,,,,,,,,,,
Carl Landry,Chase Budinger,Kyle Lowry,Luis Scola,Trevor Ariza,Jordan Farmar,Josh Powell,Lamar Odom,Ron Artest,Sasha Vujacic,3,0:47,HOU,shot,,,,,,,,,,Luis Scola,,,,missed,,jump,18,24
Carl Landry,Chase Budinger,Kyle Lowry,Luis Scola,Trevor Ariza,Jordan Farmar,Josh Powell,Lamar Odom,Ron Artest,Sasha Vujacic,3,0:46,LAL,rebound,,,,,,,,,,Jordan Farmar,,,,,,def,,
Carl Landry,Chase Budinger,Kyle Lowry,Luis Scola,Trevor Ariza,Jordan Farmar,Josh Powell,Lamar Odom,Ron Artest,Sasha Vujacic,3,0:33,LAL,shot,,,Luis Scola,,,,,,,Ron Artest,,,,missed,,jump,21,8
Carl Landry,Chase Budinger,Kyle Lowry,Luis Scola,Trevor Ariza,Jordan Farmar,Josh Powell,Lamar Odom,Ron Artest,Sasha Vujacic,3,0:31,HOU,rebound,,,,,,,,,,Kyle Lowry,,,,,,def,,
Carl Landry,Chase Budinger,Kyle Lowry,Luis Scola,Trevor Ariza,Jordan Farmar,Josh Powell,Lamar Odom,Ron Artest,Sasha Vujacic,3,0:28,HOU,shot,Kyle Lowry,,,,,,,,,Luis Scola,2,,,made,,layup,25,6
Carl Landry,Chase Budinger,Kyle Lowry,Luis Scola,Trevor Ariza,Jordan Farmar,Josh Powell,Lamar Odom,Ron Artest,Sasha Vujacic,3,0:28,LAL,foul,,,,,,,,Luis Scola,,Sasha Vujacic,,,,,,shooting,,
Carl Landry,Chase Budinger,Kyle Lowry,Luis Scola,Trevor Ariza,Jordan Farmar,Josh Powell,Lamar Odom,Ron Artest,Sasha Vujacic,3,0:28,HOU,free throw,,,,,,,1,,1,Luis Scola,,,foul,made,,,,
Carl Landry,Chase Budinger,Kyle Lowry,Luis Scola,Trevor Ariza,Jordan Farmar,Josh Powell,Lamar Odom,Ron Artest,Sasha Vujacic,3,0:05,LAL,shot,,,,,,,,,,Jordan Farmar,,,,missed,,jump,26,23
Carl Landry,Chase Budinger,Kyle Lowry,Luis Scola,Trevor Ariza,Jordan Farmar,Josh Powell,Lamar Odom,Ron Artest,Sasha Vujacic,3,0:04,LAL,rebound,,,,,,,,,,Ron Artest,,,,,,off,,
Carl Landry,Chase Budinger,Kyle Lowry,Luis Scola,Trevor Ariza,Jordan Farmar,Josh Powell,Lamar Odom,Ron Artest,Sasha Vujacic,3,0:02,LAL,shot,,,,,,,,,,Ron Artest,,,,missed,,layup,25,6
Carl Landry,Chase Budinger,Kyle Lowry,Luis Scola,Trevor Ariza,Jordan Farmar,Josh Powell,Lamar Odom,Ron Artest,Sasha Vujacic,3,0:01,LAL,rebound,,,,,,,,,,,,,,,,,,
Carl Landry,Chase Budinger,Kyle Lowry,Luis Scola,Trevor Ariza,Jordan Farmar,Josh Powell,Lamar Odom,Ron Artest,Sasha Vujacic,3,0:01,LAL,turnover,,,,,,,,,,Ron Artest,,,bad pass,,Trevor Ariza,,,
Carl Landry,Chase Budinger,Kyle Lowry,Luis Scola,Trevor Ariza,Andrew Bynum,Jordan Farmar,Josh Powell,Kobe Bryant,Sasha Vujacic,4,11:44,LAL,shot,,,,,,,,,,Kobe Bryant,,,,missed,,layup,25,6
Carl Landry,Chase Budinger,Kyle Lowry,Luis Scola,Trevor Ariza,Andrew Bynum,Jordan Farmar,Josh Powell,Kobe Bryant,Sasha Vujacic,4,11:43,HOU,rebound,,,,,,,,,,Luis Scola,,,,,,def,,
Carl Landry,Chase Budinger,Kyle Lowry,Luis Scola,Trevor Ariza,Andrew Bynum,Jordan Farmar,Josh Powell,Kobe Bryant,Sasha Vujacic,4,11:37,HOU,shot,Kyle Lowry,,,,,,,,,Trevor Ariza,2,,,made,,running dunk,25,6
Carl Landry,Chase Budinger,Kyle Lowry,Luis Scola,Trevor Ariza,Andrew Bynum,Jordan Farmar,Josh Powell,Kobe Bryant,Sasha Vujacic,4,11:10,LAL,shot,,,,,,,,,,Jordan Farmar,,,,missed,,3pt,36,29
Carl Landry,Chase Budinger,Kyle Lowry,Luis Scola,Trevor Ariza,Andrew Bynum,Jordan Farmar,Josh Powell,Kobe Bryant,Sasha Vujacic,4,11:10,HOU,rebound,,,,,,,,,,Kyle Lowry,,,,,,def,,
Carl Landry,Chase Budinger,Kyle Lowry,Luis Scola,Trevor Ariza,Andrew Bynum,Jordan Farmar,Josh Powell,Kobe Bryant,Sasha Vujacic,4,11:08,HOU,turnover,,,,,,,,,,Kyle Lowry,,,lost ball,,Sasha Vujacic,,,
Carl Landry,Chase Budinger,Kyle Lowry,Luis Scola,Trevor Ariza,Andrew Bynum,Jordan Farmar,Josh Powell,Kobe Bryant,Sasha Vujacic,4,11:04,LAL,shot,,,,,,,,,,Jordan Farmar,,,,missed,,3pt,45,22
Carl Landry,Chase Budinger,Kyle Lowry,Luis Scola,Trevor Ariza,Andrew Bynum,Jordan Farmar,Josh Powell,Kobe Bryant,Sasha Vujacic,4,11:03,LAL,rebound,,,,,,,,,,Sasha Vujacic,,,,,,off,,
Carl Landry,Chase Budinger,Kyle Lowry,Luis Scola,Trevor Ariza,Andrew Bynum,Jordan Farmar,Josh Powell,Kobe Bryant,Sasha Vujacic,4,10:59,LAL,foul,,,,,,,,Trevor Ariza,,Kobe Bryant,,,,,,offensive,,
Carl Landry,Chase Budinger,Kyle Lowry,Luis Scola,Trevor Ariza,Andrew Bynum,Jordan Farmar,Josh Powell,Kobe Bryant,Sasha Vujacic,4,10:59,LAL,turnover,,,,,,,,,,Kobe Bryant,,,foul,,,,,
Carl Landry,Chase Budinger,Kyle Lowry,Luis Scola,Trevor Ariza,Andrew Bynum,Jordan Farmar,Josh Powell,Kobe Bryant,Sasha Vujacic,4,10:41,HOU,shot,,,,,,,,,,Luis Scola,,,,missed,,jump,13,18
Carl Landry,Chase Budinger,Kyle Lowry,Luis Scola,Trevor Ariza,Andrew Bynum,Jordan Farmar,Josh Powell,Kobe Bryant,Sasha Vujacic,4,10:40,LAL,rebound,,,,,,,,,,Andrew Bynum,,,,,,def,,
Carl Landry,Chase Budinger,Kyle Lowry,Luis Scola,Trevor Ariza,Andrew Bynum,Jordan Farmar,Josh Powell,Kobe Bryant,Sasha Vujacic,4,10:33,HOU,foul,,,,,,,,Josh Powell,,Kyle Lowry,,,,,,shooting,,
Carl Landry,Chase Budinger,Kyle Lowry,Luis Scola,Trevor Ariza,Andrew Bynum,Jordan Farmar,Josh Powell,Kobe Bryant,Sasha Vujacic,4,10:33,LAL,free throw,,,,,,,1,,2,Josh Powell,,,foul,made,,,,
Carl Landry,Chase Budinger,Kyle Lowry,Luis Scola,Trevor Ariza,Andrew Bynum,Jordan Farmar,Josh Powell,Kobe Bryant,Sasha Vujacic,4,10:33,LAL,free throw,,,,,,,2,,2,Josh Powell,,,foul,made,,,,
Carl Landry,Chase Budinger,Kyle Lowry,Luis Scola,Trevor Ariza,Andrew Bynum,Jordan Farmar,Josh Powell,Kobe Bryant,Sasha Vujacic,4,10:12,HOU,shot,,,,,,,,,,Chase Budinger,,,,missed,,jump bank,16,9
Carl Landry,Chase Budinger,Kyle Lowry,Luis Scola,Trevor Ariza,Andrew Bynum,Jordan Farmar,Josh Powell,Kobe Bryant,Sasha Vujacic,4,10:11,LAL,rebound,,,,,,,,,,Sasha Vujacic,,,,,,def,,
Carl Landry,Chase Budinger,Kyle Lowry,Luis Scola,Trevor Ariza,Andrew Bynum,Jordan Farmar,Josh Powell,Kobe Bryant,Sasha Vujacic,4,9:54,LAL,shot,,,,,,,,,,Andrew Bynum,2,,,made,,jump,14,9
Carl Landry,Chase Budinger,Kyle Lowry,Luis Scola,Trevor Ariza,Andrew Bynum,Jordan Farmar,Josh Powell,Kobe Bryant,Sasha Vujacic,4,9:50,LAL,foul,,,,,,,,Kyle Lowry,,Jordan Farmar,,,,,,personal,,
Carl Landry,Chase Budinger,Kyle Lowry,Luis Scola,Trevor Ariza,Andrew Bynum,Jordan Farmar,Josh Powell,Kobe Bryant,Sasha Vujacic,4,9:38,HOU,turnover,,,,,,,,,,Trevor Ariza,,,double dribble,,,,,
Carl Landry,Chase Budinger,Kyle Lowry,Luis Scola,Trevor Ariza,Andrew Bynum,Jordan Farmar,Josh Powell,Kobe Bryant,Sasha Vujacic,4,9:23,LAL,shot,,,,,,,,,,Kobe Bryant,,,,missed,,turnaround fade away,29,16
Carl Landry,Chase Budinger,Kyle Lowry,Luis Scola,Trevor Ariza,Andrew Bynum,Jordan Farmar,Josh Powell,Kobe Bryant,Sasha Vujacic,4,9:20,HOU,rebound,,,,,,,,,,Kyle Lowry,,,,,,def,,
Carl Landry,Chase Budinger,Kyle Lowry,Luis Scola,Trevor Ariza,Andrew Bynum,Jordan Farmar,Josh Powell,Kobe Bryant,Sasha Vujacic,4,9:19,LAL,foul,,,,,,,,Chase Budinger,,Sasha Vujacic,,,,,,shooting,,
Carl Landry,Chase Budinger,Kyle Lowry,Luis Scola,Shane Battier,Andrew Bynum,Jordan Farmar,Josh Powell,Kobe Bryant,Sasha Vujacic,4,9:19,HOU,sub,,,,Shane Battier,,Trevor Ariza,,,,,,,,,,,,
Carl Landry,Chase Budinger,Kyle Lowry,Luis Scola,Shane Battier,Andrew Bynum,Jordan Farmar,Josh Powell,Kobe Bryant,Sasha Vujacic,4,9:19,HOU,free throw,,,,,,,1,,2,Chase Budinger,,,foul,made,,,,
Carl Landry,Chase Budinger,David Andersen,Kyle Lowry,Shane Battier,Andrew Bynum,Jordan Farmar,Josh Powell,Kobe Bryant,Sasha Vujacic,4,9:19,HOU,sub,,,,David Andersen,,Luis Scola,,,,,,,,,,,,
Carl Landry,Chase Budinger,David Andersen,Kyle Lowry,Shane Battier,Andrew Bynum,Jordan Farmar,Josh Powell,Kobe Bryant,Sasha Vujacic,4,9:19,HOU,free throw,,,,,,,2,,2,Chase Budinger,,,foul,made,,,,
Carl Landry,Chase Budinger,David Andersen,Kyle Lowry,Shane Battier,Andrew Bynum,Jordan Farmar,Josh Powell,Kobe Bryant,Sasha Vujacic,4,9:07,LAL,shot,,,,,,,,,,Andrew Bynum,,,,missed,,jump,37,11
Carl Landry,Chase Budinger,David Andersen,Kyle Lowry,Shane Battier,Andrew Bynum,Jordan Farmar,Josh Powell,Kobe Bryant,Sasha Vujacic,4,9:06,HOU,rebound,,,,,,,,,,Chase Budinger,,,,,,def,,
Carl Landry,Chase Budinger,David Andersen,Kyle Lowry,Shane Battier,Andrew Bynum,Jordan Farmar,Josh Powell,Kobe Bryant,Sasha Vujacic,4,8:56,HOU,shot,,,,,,,,,,David Andersen,,,,missed,,jump,28,25
Carl Landry,Chase Budinger,David Andersen,Kyle Lowry,Shane Battier,Andrew Bynum,Jordan Farmar,Josh Powell,Kobe Bryant,Sasha Vujacic,4,8:55,HOU,rebound,,,,,,,,,,Kyle Lowry,,,,,,off,,
Carl Landry,Chase Budinger,David Andersen,Kyle Lowry,Shane Battier,Andrew Bynum,Jordan Farmar,Josh Powell,Kobe Bryant,Sasha Vujacic,4,8:54,HOU,shot,,,Jordan Farmar,,,,,,,Kyle Lowry,,,,missed,,jump,30,9
Carl Landry,Chase Budinger,David Andersen,Kyle Lowry,Shane Battier,Andrew Bynum,Jordan Farmar,Josh Powell,Kobe Bryant,Sasha Vujacic,4,8:54,LAL,rebound,,,,,,,,,,,,,,,,,,
Carl Landry,Chase Budinger,David Andersen,Kyle Lowry,Shane Battier,Andrew Bynum,Jordan Farmar,Josh Powell,Kobe Bryant,Sasha Vujacic,4,8:54,HOU,foul,,,,,,,,Josh Powell,,Kyle Lowry,,,,,,loose ball,,
Carl Landry,Chase Budinger,David Andersen,Kyle Lowry,Shane Battier,Andrew Bynum,Jordan Farmar,Josh Powell,Kobe Bryant,Sasha Vujacic,4,8:54,LAL,timeout,,,,,,,,,,,,,,,,official,,
Aaron Brooks,Carl Landry,David Andersen,Kyle Lowry,Shane Battier,Andrew Bynum,Jordan Farmar,Josh Powell,Kobe Bryant,Sasha Vujacic,4,8:54,HOU,sub,,,,Aaron Brooks,,Chase Budinger,,,,,,,,,,,,
Aaron Brooks,Carl Landry,David Andersen,Kyle Lowry,Shane Battier,Andrew Bynum,Jordan Farmar,Josh Powell,Kobe Bryant,Shannon Brown,4,8:54,LAL,sub,,,,Shannon Brown,,Sasha Vujacic,,,,,,,,,,,,
Aaron Brooks,Carl Landry,David Andersen,Kyle Lowry,Shane Battier,Andrew Bynum,Jordan Farmar,Josh Powell,Kobe Bryant,Shannon Brown,4,8:42,LAL,shot,Jordan Farmar,,,,,,,,,Andrew Bynum,2,,,made,,hook,27,9
Aaron Brooks,Carl Landry,David Andersen,Kyle Lowry,Shane Battier,Andrew Bynum,Jordan Farmar,Josh Powell,Kobe Bryant,Shannon Brown,4,8:29,HOU,shot,Kyle Lowry,,,,,,,,,David Andersen,2,,,made,,jump,14,21
Aaron Brooks,Carl Landry,David Andersen,Kyle Lowry,Shane Battier,Andrew Bynum,Jordan Farmar,Josh Powell,Kobe Bryant,Shannon Brown,4,8:05,LAL,shot,,,,,,,,,,Jordan Farmar,,,,missed,,jump,38,20
Aaron Brooks,Carl Landry,David Andersen,Kyle Lowry,Shane Battier,Andrew Bynum,Jordan Farmar,Josh Powell,Kobe Bryant,Shannon Brown,4,8:04,HOU,rebound,,,,,,,,,,Kyle Lowry,,,,,,def,,
Aaron Brooks,Carl Landry,David Andersen,Kyle Lowry,Shane Battier,Andrew Bynum,Jordan Farmar,Josh Powell,Kobe Bryant,Shannon Brown,4,7:46,HOU,shot,,,,,,,,,,Carl Landry,,,,missed,,jump,31,15
Aaron Brooks,Carl Landry,David Andersen,Kyle Lowry,Shane Battier,Andrew Bynum,Jordan Farmar,Josh Powell,Kobe Bryant,Shannon Brown,4,7:45,LAL,rebound,,,,,,,,,,Shannon Brown,,,,,,def,,
Aaron Brooks,Carl Landry,David Andersen,Kyle Lowry,Shane Battier,Andrew Bynum,Jordan Farmar,Josh Powell,Kobe Bryant,Shannon Brown,4,7:33,LAL,shot,Jordan Farmar,,,,,,,,,Josh Powell,2,,,made,,jump,25,27
Aaron Brooks,Carl Landry,David Andersen,Kyle Lowry,Shane Battier,Andrew Bynum,Jordan Farmar,Josh Powell,Kobe Bryant,Shannon Brown,4,7:22,LAL,foul,,,,,,,,Carl Landry,,Josh Powell,,,,,,shooting,,
Aaron Brooks,Carl Landry,David Andersen,Kyle Lowry,Shane Battier,Andrew Bynum,Jordan Farmar,Josh Powell,Kobe Bryant,Shannon Brown,4,7:22,HOU,free throw,,,,,,,1,,2,Carl Landry,,,foul,made,,,,
Aaron Brooks,Carl Landry,David Andersen,Kyle Lowry,Shane Battier,Andrew Bynum,Jordan Farmar,Josh Powell,Kobe Bryant,Shannon Brown,4,7:22,HOU,free throw,,,,,,,2,,2,Carl Landry,,,foul,made,,,,
Aaron Brooks,Carl Landry,David Andersen,Kyle Lowry,Shane Battier,Andrew Bynum,Jordan Farmar,Josh Powell,Kobe Bryant,Shannon Brown,4,7:02,LAL,shot,Josh Powell,,,,,,,,,Jordan Farmar,2,,,made,,jump,10,8
Aaron Brooks,Carl Landry,David Andersen,Kyle Lowry,Shane Battier,Andrew Bynum,Jordan Farmar,Josh Powell,Kobe Bryant,Shannon Brown,4,6:46,HOU,shot,,,,,,,,,,David Andersen,,,,missed,,3pt,7,26
Aaron Brooks,Carl Landry,David Andersen,Kyle Lowry,Shane Battier,Andrew Bynum,Jordan Farmar,Josh Powell,Kobe Bryant,Shannon Brown,4,6:45,LAL,rebound,,,,,,,,,,Josh Powell,,,,,,def,,
Aaron Brooks,Carl Landry,David Andersen,Kyle Lowry,Shane Battier,Andrew Bynum,Jordan Farmar,Josh Powell,Kobe Bryant,Shannon Brown,4,6:23,LAL,shot,,,,,,,,,,Andrew Bynum,2,,,made,,hook,21,9
Aaron Brooks,Carl Landry,David Andersen,Kyle Lowry,Shane Battier,Andrew Bynum,Jordan Farmar,Josh Powell,Kobe Bryant,Shannon Brown,4,6:22,HOU,timeout,,,,,,,,,,,,,,,,regular,,
Aaron Brooks,Carl Landry,David Andersen,Kyle Lowry,Shane Battier,Andrew Bynum,Jordan Farmar,Kobe Bryant,Lamar Odom,Shannon Brown,4,6:22,LAL,sub,,,,Lamar Odom,,Josh Powell,,,,,,,,,,,,
Aaron Brooks,Carl Landry,David Andersen,Kyle Lowry,Shane Battier,Andrew Bynum,Jordan Farmar,Kobe Bryant,Lamar Odom,Shannon Brown,4,6:05,LAL,foul,,,,,,,,Carl Landry,,Andrew Bynum,,,,,,personal,,
Aaron Brooks,Carl Landry,David Andersen,Kyle Lowry,Shane Battier,Andrew Bynum,Jordan Farmar,Kobe Bryant,Lamar Odom,Shannon Brown,4,5:54,HOU,shot,,,,,,,,,,Shane Battier,,,,missed,,3pt,48,8
Aaron Brooks,Carl Landry,David Andersen,Kyle Lowry,Shane Battier,Andrew Bynum,Jordan Farmar,Kobe Bryant,Lamar Odom,Shannon Brown,4,5:52,LAL,rebound,,,,,,,,,,Andrew Bynum,,,,,,def,,
Aaron Brooks,Carl Landry,David Andersen,Kyle Lowry,Shane Battier,Andrew Bynum,Jordan Farmar,Kobe Bryant,Lamar Odom,Shannon Brown,4,5:33,LAL,shot,,,David Andersen,,,,,,,Kobe Bryant,,,,missed,,driving layup,25,6
Aaron Brooks,Carl Landry,David Andersen,Kyle Lowry,Shane Battier,Andrew Bynum,Jordan Farmar,Kobe Bryant,Lamar Odom,Shannon Brown,4,5:32,HOU,rebound,,,,,,,,,,David Andersen,,,,,,def,,
Aaron Brooks,Carl Landry,David Andersen,Kyle Lowry,Shane Battier,Andrew Bynum,Jordan Farmar,Kobe Bryant,Lamar Odom,Shannon Brown,4,5:27,HOU,turnover,,,,,,,,,,Kyle Lowry,,,bad pass,,Kobe Bryant,,,
Aaron Brooks,Carl Landry,David Andersen,Kyle Lowry,Shane Battier,Andrew Bynum,Jordan Farmar,Kobe Bryant,Lamar Odom,Shannon Brown,4,5:17,LAL,shot,Lamar Odom,,,,,,,,,Andrew Bynum,2,,,made,,layup,25,6
Aaron Brooks,Carl Landry,David Andersen,Kyle Lowry,Shane Battier,Andrew Bynum,Jordan Farmar,Kobe Bryant,Lamar Odom,Shannon Brown,4,5:17,HOU,foul,,,,,,,,Andrew Bynum,,Shane Battier,,,,,,shooting,,
Aaron Brooks,Carl Landry,Kyle Lowry,Luis Scola,Shane Battier,Andrew Bynum,Jordan Farmar,Kobe Bryant,Lamar Odom,Shannon Brown,4,5:17,HOU,sub,,,,Luis Scola,,David Andersen,,,,,,,,,,,,
Aaron Brooks,Carl Landry,Luis Scola,Shane Battier,Trevor Ariza,Andrew Bynum,Jordan Farmar,Kobe Bryant,Lamar Odom,Shannon Brown,4,5:17,HOU,sub,,,,Trevor Ariza,,Kyle Lowry,,,,,,,,,,,,
Aaron Brooks,Carl Landry,Luis Scola,Shane Battier,Trevor Ariza,Andrew Bynum,Jordan Farmar,Kobe Bryant,Lamar Odom,Shannon Brown,4,5:17,LAL,free throw,,,,,,,1,,1,Andrew Bynum,,,foul,missed,,,,
Aaron Brooks,Carl Landry,Luis Scola,Shane Battier,Trevor Ariza,Andrew Bynum,Jordan Farmar,Kobe Bryant,Lamar Odom,Shannon Brown,4,5:16,HOU,rebound,,,,,,,,,,Carl Landry,,,,,,def,,
Aaron Brooks,Carl Landry,Luis Scola,Shane Battier,Trevor Ariza,Andrew Bynum,Jordan Farmar,Kobe Bryant,Lamar Odom,Shannon Brown,4,4:58,HOU,shot,Luis Scola,,,,,,,,,Shane Battier,3,,,made,,3pt,1,7
Aaron Brooks,Carl Landry,Luis Scola,Shane Battier,Trevor Ariza,Andrew Bynum,Jordan Farmar,Kobe Bryant,Lamar Odom,Shannon Brown,4,4:40,LAL,turnover,,,,,,,,,,Jordan Farmar,,,bad pass,,Shane Battier,,,
Aaron Brooks,Carl Landry,Luis Scola,Shane Battier,Trevor Ariza,Andrew Bynum,Jordan Farmar,Kobe Bryant,Lamar Odom,Shannon Brown,4,4:33,HOU,shot,Trevor Ariza,,,,,,,,,Luis Scola,2,,,made,,layup,25,6
Aaron Brooks,Carl Landry,Luis Scola,Shane Battier,Trevor Ariza,Andrew Bynum,Jordan Farmar,Kobe Bryant,Lamar Odom,Shannon Brown,4,4:06,LAL,shot,,,,,,,,,,Andrew Bynum,,,,missed,,jump,14,15
Aaron Brooks,Carl Landry,Luis Scola,Shane Battier,Trevor Ariza,Andrew Bynum,Jordan Farmar,Kobe Bryant,Lamar Odom,Shannon Brown,4,4:05,HOU,rebound,,,,,,,,,,Aaron Brooks,,,,,,def,,
Aaron Brooks,Carl Landry,Luis Scola,Shane Battier,Trevor Ariza,Andrew Bynum,Jordan Farmar,Kobe Bryant,Lamar Odom,Shannon Brown,4,3:55,HOU,shot,Trevor Ariza,,,,,,,,,Shane Battier,3,,,made,,3pt,15,29
Aaron Brooks,Carl Landry,Luis Scola,Shane Battier,Trevor Ariza,Andrew Bynum,Jordan Farmar,Kobe Bryant,Lamar Odom,Shannon Brown,4,3:40,HOU,foul,,,,,,,,Jordan Farmar,,Aaron Brooks,,,,,,personal,,
Aaron Brooks,Carl Landry,Luis Scola,Shane Battier,Trevor Ariza,Andrew Bynum,Derek Fisher,Kobe Bryant,Lamar Odom,Shannon Brown,4,3:40,LAL,sub,,,,Derek Fisher,,Jordan Farmar,,,,,,,,,,,,
Aaron Brooks,Carl Landry,Luis Scola,Shane Battier,Trevor Ariza,Andrew Bynum,Derek Fisher,Kobe Bryant,Lamar Odom,Shannon Brown,4,3:29,LAL,shot,Kobe Bryant,,,,,,,,,Lamar Odom,2,,,made,,layup,25,6
Aaron Brooks,Carl Landry,Luis Scola,Shane Battier,Trevor Ariza,Andrew Bynum,Derek Fisher,Kobe Bryant,Lamar Odom,Shannon Brown,4,3:29,HOU,foul,,,,,,,,Lamar Odom,,Shane Battier,,,,,,shooting,,
Aaron Brooks,Carl Landry,Luis Scola,Shane Battier,Trevor Ariza,Andrew Bynum,Derek Fisher,Kobe Bryant,Lamar Odom,Shannon Brown,4,3:29,LAL,free throw,,,,,,,1,,1,Lamar Odom,,,foul,made,,,,
Aaron Brooks,Carl Landry,Luis Scola,Shane Battier,Trevor Ariza,Andrew Bynum,Derek Fisher,Kobe Bryant,Lamar Odom,Shannon Brown,4,3:10,HOU,shot,Trevor Ariza,,,,,,,,,Luis Scola,2,,,made,,jump,16,22
Aaron Brooks,Carl Landry,Luis Scola,Shane Battier,Trevor Ariza,Andrew Bynum,Derek Fisher,Kobe Bryant,Lamar Odom,Shannon Brown,4,2:54,LAL,shot,Lamar Odom,,,,,,,,,Kobe Bryant,2,,,made,,fade away jumper,35,15
Aaron Brooks,Carl Landry,Luis Scola,Shane Battier,Trevor Ariza,Andrew Bynum,Derek Fisher,Kobe Bryant,Lamar Odom,Shannon Brown,4,2:38,HOU,turnover,,,,,,,,,,Luis Scola,,,lost ball,,Shannon Brown,,,
Aaron Brooks,Carl Landry,Luis Scola,Shane Battier,Trevor Ariza,Andrew Bynum,Derek Fisher,Kobe Bryant,Lamar Odom,Shannon Brown,4,2:34,LAL,turnover,,,,,,,,,,Shannon Brown,,,lost ball,,Aaron Brooks,,,
Aaron Brooks,Carl Landry,Luis Scola,Shane Battier,Trevor Ariza,Andrew Bynum,Derek Fisher,Kobe Bryant,Lamar Odom,Shannon Brown,4,2:26,HOU,shot,,,,,,,,,,Shane Battier,,,,missed,,3pt,12,29
Aaron Brooks,Carl Landry,Luis Scola,Shane Battier,Trevor Ariza,Andrew Bynum,Derek Fisher,Kobe Bryant,Lamar Odom,Shannon Brown,4,2:25,LAL,rebound,,,,,,,,,,Derek Fisher,,,,,,def,,
Aaron Brooks,Carl Landry,Luis Scola,Shane Battier,Trevor Ariza,Andrew Bynum,Derek Fisher,Kobe Bryant,Lamar Odom,Shannon Brown,4,2:11,LAL,shot,Lamar Odom,,,,,,,,,Andrew Bynum,2,,,made,,hook,26,13
Aaron Brooks,Carl Landry,Luis Scola,Shane Battier,Trevor Ariza,Andrew Bynum,Derek Fisher,Kobe Bryant,Lamar Odom,Shannon Brown,4,1:50,LAL,foul,,,,,,,,Aaron Brooks,,Andrew Bynum,,,,,,personal,,
Aaron Brooks,Carl Landry,Luis Scola,Shane Battier,Trevor Ariza,Andrew Bynum,Derek Fisher,Kobe Bryant,Lamar Odom,Shannon Brown,4,1:50,LAL,timeout,,,,,,,,,,,,,,,,regular,,
Aaron Brooks,Carl Landry,Luis Scola,Shane Battier,Trevor Ariza,Andrew Bynum,Derek Fisher,Kobe Bryant,Lamar Odom,Shannon Brown,4,1:50,HOU,free throw,,,,,,,1,,2,Aaron Brooks,,,foul,made,,,,
Aaron Brooks,Carl Landry,Luis Scola,Shane Battier,Trevor Ariza,Andrew Bynum,Derek Fisher,Kobe Bryant,Lamar Odom,Shannon Brown,4,1:50,HOU,free throw,,,,,,,2,,2,Aaron Brooks,,,foul,made,,,,
Aaron Brooks,Carl Landry,Luis Scola,Shane Battier,Trevor Ariza,Andrew Bynum,Derek Fisher,Kobe Bryant,Lamar Odom,Shannon Brown,4,1:28,LAL,shot,,,,,,,,,,Derek Fisher,,,,missed,,3pt,37,31
Aaron Brooks,Carl Landry,Luis Scola,Shane Battier,Trevor Ariza,Andrew Bynum,Derek Fisher,Kobe Bryant,Lamar Odom,Shannon Brown,4,1:27,HOU,rebound,,,,,,,,,,Shane Battier,,,,,,def,,
Aaron Brooks,Carl Landry,Luis Scola,Shane Battier,Trevor Ariza,Andrew Bynum,Derek Fisher,Kobe Bryant,Lamar Odom,Shannon Brown,4,1:17,HOU,turnover,,,,,,,,,,Luis Scola,,,bad pass,,Andrew Bynum,,,
Aaron Brooks,Carl Landry,Luis Scola,Shane Battier,Trevor Ariza,Andrew Bynum,Derek Fisher,Kobe Bryant,Lamar Odom,Shannon Brown,4,1:17,HOU,foul,,,,,,,,Andrew Bynum,,Luis Scola,,,,,,personal,,
Aaron Brooks,Carl Landry,Luis Scola,Shane Battier,Trevor Ariza,Andrew Bynum,Derek Fisher,Kobe Bryant,Lamar Odom,Shannon Brown,4,1:17,LAL,free throw,,,,,,,1,,2,Andrew Bynum,,,foul,missed,,,,
Aaron Brooks,Carl Landry,Luis Scola,Shane Battier,Trevor Ariza,Andrew Bynum,Derek Fisher,Kobe Bryant,Lamar Odom,Shannon Brown,4,1:17,LAL,rebound,,,,,,,,,,,,,,,,,,
Aaron Brooks,Carl Landry,Luis Scola,Shane Battier,Trevor Ariza,Andrew Bynum,Derek Fisher,Kobe Bryant,Lamar Odom,Shannon Brown,4,1:17,LAL,free throw,,,,,,,2,,2,Andrew Bynum,,,foul,made,,,,
Aaron Brooks,Carl Landry,Luis Scola,Shane Battier,Trevor Ariza,Andrew Bynum,Derek Fisher,Kobe Bryant,Lamar Odom,Shannon Brown,4,1:17,HOU,timeout,,,,,,,,,,,,,,,,short,,
Aaron Brooks,Carl Landry,Luis Scola,Shane Battier,Trevor Ariza,Andrew Bynum,Derek Fisher,Kobe Bryant,Lamar Odom,Shannon Brown,4,1:06,HOU,shot,,,,,,,,,,Aaron Brooks,2,,,made,,running jump,17,10
Aaron Brooks,Carl Landry,Luis Scola,Shane Battier,Trevor Ariza,Andrew Bynum,Derek Fisher,Kobe Bryant,Lamar Odom,Shannon Brown,4,0:48,LAL,shot,,,,,,,,,,Kobe Bryant,2,,,made,,running jump,25,12
Aaron Brooks,Carl Landry,Luis Scola,Shane Battier,Trevor Ariza,Andrew Bynum,Derek Fisher,Kobe Bryant,Lamar Odom,Shannon Brown,4,0:35,HOU,shot,,,,,,,,,,Aaron Brooks,,,,missed,,3pt,20,32
Aaron Brooks,Carl Landry,Luis Scola,Shane Battier,Trevor Ariza,Andrew Bynum,Derek Fisher,Kobe Bryant,Lamar Odom,Shannon Brown,4,0:34,LAL,rebound,,,,,,,,,,Kobe Bryant,,,,,,def,,
Aaron Brooks,Carl Landry,Luis Scola,Shane Battier,Trevor Ariza,Andrew Bynum,Derek Fisher,Kobe Bryant,Lamar Odom,Shannon Brown,4,0:33,HOU,foul,,,,,,,,Kobe Bryant,,Shane Battier,,,,,,personal,,
Aaron Brooks,Carl Landry,Luis Scola,Shane Battier,Trevor Ariza,Andrew Bynum,Derek Fisher,Kobe Bryant,Lamar Odom,Shannon Brown,4,0:33,LAL,free throw,,,,,,,1,,2,Kobe Bryant,,,foul,made,,,,
Aaron Brooks,Carl Landry,Luis Scola,Shane Battier,Trevor Ariza,Andrew Bynum,Derek Fisher,Kobe Bryant,Lamar Odom,Shannon Brown,4,0:33,LAL,free throw,,,,,,,2,,2,Kobe Bryant,,,foul,missed,,,,
Aaron Brooks,Carl Landry,Luis Scola,Shane Battier,Trevor Ariza,Andrew Bynum,Derek Fisher,Kobe Bryant,Lamar Odom,Shannon Brown,4,0:32,LAL,rebound,,,,,,,,,,Lamar Odom,,,,,,off,,
Aaron Brooks,Carl Landry,Luis Scola,Shane Battier,Trevor Ariza,Andrew Bynum,Derek Fisher,Kobe Bryant,Lamar Odom,Shannon Brown,4,0:30,HOU,foul,,,,,,,,Lamar Odom,,Luis Scola,,,,,,personal,,
Aaron Brooks,Carl Landry,Luis Scola,Shane Battier,Trevor Ariza,Andrew Bynum,Derek Fisher,Kobe Bryant,Lamar Odom,Shannon Brown,4,0:30,LAL,free throw,,,,,,,1,,2,Lamar Odom,,,foul,made,,,,
Aaron Brooks,Carl Landry,Luis Scola,Shane Battier,Trevor Ariza,Andrew Bynum,Derek Fisher,Kobe Bryant,Lamar Odom,Shannon Brown,4,0:30,LAL,free throw,,,,,,,2,,2,Lamar Odom,,,foul,made,,,,
Aaron Brooks,Carl Landry,Luis Scola,Shane Battier,Trevor Ariza,Andrew Bynum,Derek Fisher,Kobe Bryant,Lamar Odom,Shannon Brown,4,0:30,HOU,timeout,,,,,,,,,,,,,,,,short,,
Aaron Brooks,Carl Landry,Luis Scola,Shane Battier,Trevor Ariza,Andrew Bynum,Derek Fisher,Kobe Bryant,Lamar Odom,Shannon Brown,4,0:28,HOU,turnover,,,,,,,,,,Carl Landry,,,traveling,,,,,
Aaron Brooks,Carl Landry,Luis Scola,Shane Battier,Trevor Ariza,Andrew Bynum,Derek Fisher,Kobe Bryant,Lamar Odom,Shannon Brown,4,0:23,HOU,foul,,,,,,,,Derek Fisher,,Aaron Brooks,,,,,,personal,,
Aaron Brooks,Carl Landry,Luis Scola,Shane Battier,Trevor Ariza,Andrew Bynum,Derek Fisher,Kobe Bryant,Lamar Odom,Shannon Brown,4,0:23,LAL,free throw,,,,,,,1,,2,Derek Fisher,,,foul,made,,,,
Aaron Brooks,Carl Landry,Luis Scola,Shane Battier,Trevor Ariza,Andrew Bynum,Derek Fisher,Lamar Odom,Sasha Vujacic,Shannon Brown,4,0:23,LAL,sub,,,,Sasha Vujacic,,Kobe Bryant,,,,,,,,,,,,
Aaron Brooks,Carl Landry,Chase Budinger,Luis Scola,Trevor Ariza,Andrew Bynum,Derek Fisher,Lamar Odom,Sasha Vujacic,Shannon Brown,4,0:23,HOU,sub,,,,Chase Budinger,,Shane Battier,,,,,,,,,,,,
Aaron Brooks,Carl Landry,Chase Budinger,Luis Scola,Trevor Ariza,Andrew Bynum,Derek Fisher,Lamar Odom,Sasha Vujacic,Shannon Brown,4,0:23,LAL,free throw,,,,,,,2,,2,Derek Fisher,,,foul,made,,,,
Aaron Brooks,Carl Landry,Chase Budinger,Luis Scola,Trevor Ariza,Andrew Bynum,Derek Fisher,Lamar Odom,Sasha Vujacic,Shannon Brown,4,0:18,HOU,shot,Trevor Ariza,,,,,,,,,Carl Landry,2,,,made,,slam dunk,25,6
