a1,a2,a3,a4,a5,h1,h2,h3,h4,h5,period,time,team,etype,assist,away,block,entered,home,left,num,opponent,outof,player,points,possession,reason,result,steal,type,x,y
Ben Wallace,Jonas Jerebko,Richard Hamilton,Rodney Stuckey,Tayshaun Prince,Dwight Howard,Jameer Nelson,Matt Barnes,Rashard Lewis,Vince Carter,1,12:00,OFF,jump ball,,Ben Wallace,,,Dwight Howard,,,,,,,Rodney Stuckey,,,,,,
Ben Wallace,Jonas Jerebko,Richard Hamilton,Rodney Stuckey,Tayshaun Prince,Dwight Howard,Jameer Nelson,Matt Barnes,Rashard Lewis,Vince Carter,1,11:42,DET,shot,,,Matt Barnes,,,,,,,Rodney Stuckey,,,,missed,,jump,21,10
Ben Wallace,Jonas Jerebko,Richard Hamilton,Rodney Stuckey,Tayshaun Prince,Dwight Howard,Jameer Nelson,Matt Barnes,Rashard Lewis,Vince Carter,1,11:39,DET,rebound,,,,,,,,,,Richard Hamilton,,,,,,off,,
Ben Wallace,Jonas Jerebko,Richard Hamilton,Rodney Stuckey,Tayshaun Prince,Dwight Howard,Jameer Nelson,Matt Barnes,Rashard Lewis,Vince Carter,1,11:37,DET,shot,Richard Hamilton,,,,,,,,,Rodney Stuckey,2,,,made,,jump,12,15
Ben Wallace,Jonas Jerebko,Richard Hamilton,Rodney Stuckey,Tayshaun Prince,Dwight Howard,Jameer Nelson,Matt Barnes,Rashard Lewis,Vince Carter,1,11:21,ORL,shot,,,,,,,,,,Vince Carter,2,,,made,,driving slam dunk,25,6
Ben Wallace,Jonas Jerebko,Richard Hamilton,Rodney Stuckey,Tayshaun Prince,Dwight Howard,Jameer Nelson,Matt Barnes,Rashard Lewis,Vince Carter,1,10:55,DET,shot,,,Dwight Howard,,,,,,,Tayshaun Prince,,,,missed,,hook,31,10
Ben Wallace,Jonas Jerebko,Richard Hamilton,Rodney Stuckey,Tayshaun Prince,Dwight Howard,Jameer Nelson,Matt Barnes,Rashard Lewis,Vince Carter,1,10:52,ORL,rebound,,,,,,,,,,Matt Barnes,,,,,,def,,
Ben Wallace,Jonas Jerebko,Richard Hamilton,Rodney Stuckey,Tayshaun Prince,Dwight Howard,Jameer Nelson,Matt Barnes,Rashard Lewis,Vince Carter,1,10:52,ORL,turnover,,,,,,,,,,Matt Barnes,,,traveling,,,,,
Ben Wallace,Jonas Jerebko,Richard Hamilton,Rodney Stuckey,Tayshaun Prince,Dwight Howard,Jameer Nelson,Matt Barnes,Rashard Lewis,Vince Carter,1,10:38,DET,shot,,,,,,,,,,Rodney Stuckey,2,,,made,,running jump,25,12
Ben Wallace,Jonas Jerebko,Richard Hamilton,Rodney Stuckey,Tayshaun Prince,Dwight Howard,Jameer Nelson,Matt Barnes,Rashard Lewis,Vince Carter,1,10:31,ORL,turnover,,,,,,,,,,Jameer Nelson,,,out of bounds lost ball turnover,,,,,
Ben Wallace,Jonas Jerebko,Richard Hamilton,Rodney Stuckey,Tayshaun Prince,Dwight Howard,Jameer Nelson,Matt Barnes,Rashard Lewis,Vince Carter,1,10:20,DET,shot,Rodney Stuckey,,,,,,,,,Richard Hamilton,3,,,made,,3pt,2,5
Ben Wallace,Jonas Jerebko,Richard Hamilton,Rodney Stuckey,Tayshaun Prince,Dwight Howard,Jameer Nelson,Matt Barnes,Rashard Lewis,Vince Carter,1,10:00,ORL,shot,,,,,,,,,,Rashard Lewis,2,,,made,,layup,25,6
Ben Wallace,Jonas Jerebko,Richard Hamilton,Rodney Stuckey,Tayshaun Prince,Dwight Howard,Jameer Nelson,Matt Barnes,Rashard Lewis,Vince Carter,1,9:34,DET,turnover,,,,,,,,,,Ben Wallace,,,lost ball,,Rashard Lewis,,,
Ben Wallace,Jonas Jerebko,Richard Hamilton,Rodney Stuckey,Tayshaun Prince,Dwight Howard,Jameer Nelson,Matt Barnes,Rashard Lewis,Vince Carter,1,9:26,ORL,shot,Vince Carter,,,,,,,,,Matt Barnes,3,,,made,,3pt,48,5
Ben Wallace,Jonas Jerebko,Richard Hamilton,Rodney Stuckey,Tayshaun Prince,Dwight Howard,Jameer Nelson,Matt Barnes,Rashard Lewis,Vince Carter,1,9:05,DET,shot,,,Dwight Howard,,,,,,,Jonas Jerebko,,,,missed,,jump hook,32,12
Ben Wallace,Jonas Jerebko,Richard Hamilton,Rodney Stuckey,Tayshaun Prince,Dwight Howard,Jameer Nelson,Matt Barnes,Rashard Lewis,Vince Carter,1,9:02,DET,rebound,,,,,,,,,,Richard Hamilton,,,,,,off,,
Ben Wallace,Jonas Jerebko,Richard Hamilton,Rodney Stuckey,Tayshaun Prince,Dwight Howard,Jameer Nelson,Matt Barnes,Rashard Lewis,Vince Carter,1,8:58,DET,shot,,,,,,,,,,Rodney Stuckey,,,,missed,,jump,11,24
Ben Wallace,Jonas Jerebko,Richard Hamilton,Rodney Stuckey,Tayshaun Prince,Dwight Howard,Jameer Nelson,Matt Barnes,Rashard Lewis,Vince Carter,1,8:56,ORL,rebound,,,,,,,,,,Dwight Howard,,,,,,def,,
Ben Wallace,Jonas Jerebko,Richard Hamilton,Rodney Stuckey,Tayshaun Prince,Dwight Howard,Jameer Nelson,Matt Barnes,Rashard Lewis,Vince Carter,1,8:42,ORL,shot,,,,,,,,,,Rashard Lewis,,,,missed,,jump,32,16
Ben Wallace,Jonas Jerebko,Richard Hamilton,Rodney Stuckey,Tayshaun Prince,Dwight Howard,Jameer Nelson,Matt Barnes,Rashard Lewis,Vince Carter,1,8:41,DET,rebound,,,,,,,,,,Ben Wallace,,,,,,def,,
Ben Wallace,Jonas Jerebko,Richard Hamilton,Rodney Stuckey,Tayshaun Prince,Dwight Howard,Jameer Nelson,Matt Barnes,Rashard Lewis,Vince Carter,1,8:38,DET,shot,,,,,,,,,,Richard Hamilton,2,,,made,,layup,25,6
Ben Wallace,Jonas Jerebko,Richard Hamilton,Rodney Stuckey,Tayshaun Prince,Dwight Howard,Jameer Nelson,Matt Barnes,Rashard Lewis,Vince Carter,1,8:38,ORL,foul,,,,,,,,Richard Hamilton,,Vince Carter,,,,,,shooting,,
Ben Wallace,Jonas Jerebko,Richard Hamilton,Rodney Stuckey,Tayshaun Prince,Dwight Howard,Jameer Nelson,Matt Barnes,Rashard Lewis,Vince Carter,1,8:38,DET,free throw,,,,,,,1,,1,Richard Hamilton,,,foul,made,,,,
Ben Wallace,Jonas Jerebko,Richard Hamilton,Rodney Stuckey,Tayshaun Prince,Dwight Howard,Jameer Nelson,Matt Barnes,Rashard Lewis,Vince Carter,1,8:21,ORL,shot,,,,,,,,,,Dwight Howard,,,,missed,,hook,31,5
Ben Wallace,Jonas Jerebko,Richard Hamilton,Rodney Stuckey,Tayshaun Prince,Dwight Howard,Jameer Nelson,Matt Barnes,Rashard Lewis,Vince Carter,1,8:19,DET,rebound,,,,,,,,,,Tayshaun Prince,,,,,,def,,
Ben Wallace,Jonas Jerebko,Richard Hamilton,Rodney Stuckey,Tayshaun Prince,Dwight Howard,Jameer Nelson,Matt Barnes,Rashard Lewis,Vince Carter,1,8:05,DET,turnover,,,,,,,,,,Rodney Stuckey,,,bad pass,,Rashard Lewis,,,
Ben Wallace,Jonas Jerebko,Richard Hamilton,Rodney Stuckey,Tayshaun Prince,Dwight Howard,Jameer Nelson,Matt Barnes,Rashard Lewis,Vince Carter,1,7:57,ORL,jump ball,,Ben Wallace,,,Dwight Howard,,,,,,,Vince Carter,,,,,,
Ben Wallace,Jonas Jerebko,Richard Hamilton,Rodney Stuckey,Tayshaun Prince,Dwight Howard,Jameer Nelson,Matt Barnes,Rashard Lewis,Vince Carter,1,7:46,ORL,shot,,,,,,,,,,Vince Carter,2,,,made,,jump,11,6
Ben Wallace,Jonas Jerebko,Richard Hamilton,Rodney Stuckey,Tayshaun Prince,Dwight Howard,Jameer Nelson,Matt Barnes,Rashard Lewis,Vince Carter,1,7:24,DET,shot,,,,,,,,,,Richard Hamilton,2,,,made,,jump,8,6
Ben Wallace,Jonas Jerebko,Richard Hamilton,Rodney Stuckey,Tayshaun Prince,Dwight Howard,Jameer Nelson,Matt Barnes,Rashard Lewis,Vince Carter,1,7:17,DET,foul,,,,,,,,Dwight Howard,,Tayshaun Prince,,,,,,personal,,
Ben Wallace,Jonas Jerebko,Richard Hamilton,Rodney Stuckey,Tayshaun Prince,Dwight Howard,Jameer Nelson,Matt Barnes,Rashard Lewis,Vince Carter,1,7:07,ORL,shot,Jameer Nelson,,,,,,,,,Dwight Howard,2,,,made,,alley oop dunk,25,6
Ben Wallace,Jonas Jerebko,Richard Hamilton,Rodney Stuckey,Tayshaun Prince,Dwight Howard,Jameer Nelson,Matt Barnes,Rashard Lewis,Vince Carter,1,6:52,DET,shot,,,,,,,,,,Jonas Jerebko,,,,missed,,jump,12,14
Ben Wallace,Jonas Jerebko,Richard Hamilton,Rodney Stuckey,Tayshaun Prince,Dwight Howard,Jameer Nelson,Matt Barnes,Rashard Lewis,Vince Carter,1,6:50,ORL,rebound,,,,,,,,,,Dwight Howard,,,,,,def,,
Ben Wallace,Jonas Jerebko,Richard Hamilton,Rodney Stuckey,Tayshaun Prince,Dwight Howard,Jameer Nelson,Matt Barnes,Rashard Lewis,Vince Carter,1,6:45,ORL,shot,Jameer Nelson,,,,,,,,,Dwight Howard,2,,,made,,alley oop dunk,25,6
Ben Wallace,Jonas Jerebko,Richard Hamilton,Rodney Stuckey,Tayshaun Prince,Dwight Howard,Jameer Nelson,Matt Barnes,Rashard Lewis,Vince Carter,1,6:35,DET,timeout,,,,,,,,,,,,,,,,regular,,
Ben Wallace,Jonas Jerebko,Richard Hamilton,Rodney Stuckey,Tayshaun Prince,Dwight Howard,Jameer Nelson,Matt Barnes,Rashard Lewis,Vince Carter,1,6:21,DET,turnover,,,,,,,,,,Ben Wallace,,,bad pass,,,,,
Ben Wallace,Jonas Jerebko,Richard Hamilton,Rodney Stuckey,Tayshaun Prince,Dwight Howard,Jameer Nelson,Matt Barnes,Rashard Lewis,Vince Carter,1,6:01,ORL,shot,,,,,,,,,,Matt Barnes,,,,missed,,3pt,39,29
Ben Wallace,Jonas Jerebko,Richard Hamilton,Rodney Stuckey,Tayshaun Prince,Dwight Howard,Jameer Nelson,Matt Barnes,Rashard Lewis,Vince Carter,1,6:00,DET,rebound,,,,,,,,,,Tayshaun Prince,,,,,,def,,
Ben Wallace,Jonas Jerebko,Richard Hamilton,Rodney Stuckey,Tayshaun Prince,Dwight Howard,Jameer Nelson,Matt Barnes,Rashard Lewis,Vince Carter,1,5:44,DET,shot,Tayshaun Prince,,,,,,,,,Jonas Jerebko,2,,,made,,layup,25,6
Ben Wallace,Jonas Jerebko,Richard Hamilton,Rodney Stuckey,Tayshaun Prince,Dwight Howard,Jameer Nelson,Matt Barnes,Rashard Lewis,Vince Carter,1,5:32,ORL,shot,,,,,,,,,,Vince Carter,,,,missed,,layup,25,6
Ben Wallace,Jonas Jerebko,Richard Hamilton,Rodney Stuckey,Tayshaun Prince,Dwight Howard,Jameer Nelson,Matt Barnes,Rashard Lewis,Vince Carter,1,5:31,DET,rebound,,,,,,,,,,Ben Wallace,,,,,,def,,
Ben Wallace,Jonas Jerebko,Richard Hamilton,Rodney Stuckey,Tayshaun Prince,Dwight Howard,Jameer Nelson,Matt Barnes,Rashard Lewis,Vince Carter,1,5:24,DET,shot,,,,,,,,,,Rodney Stuckey,,,,missed,,jump,19,29
Ben Wallace,Jonas Jerebko,Richard Hamilton,Rodney Stuckey,Tayshaun Prince,Dwight Howard,Jameer Nelson,Matt Barnes,Rashard Lewis,Vince Carter,1,5:22,ORL,rebound,,,,,,,,,,Dwight Howard,,,,,,def,,
Ben Wallace,Jonas Jerebko,Richard Hamilton,Rodney Stuckey,Tayshaun Prince,Dwight Howard,Jameer Nelson,Matt Barnes,Rashard Lewis,Vince Carter,1,5:13,ORL,shot,,,,,,,,,,Matt Barnes,,,,missed,,layup,25,6
Ben Wallace,Jonas Jerebko,Richard Hamilton,Rodney Stuckey,Tayshaun Prince,Dwight Howard,Jameer Nelson,Matt Barnes,Rashard Lewis,Vince Carter,1,5:10,DET,rebound,,,,,,,,,,Richard Hamilton,,,,,,def,,
Ben Wallace,Jonas Jerebko,Richard Hamilton,Rodney Stuckey,Tayshaun Prince,Dwight Howard,Jameer Nelson,Matt Barnes,Rashard Lewis,Vince Carter,1,5:04,DET,shot,,,,,,,,,,Tayshaun Prince,,,,missed,,layup,25,6
Ben Wallace,Jonas Jerebko,Richard Hamilton,Rodney Stuckey,Tayshaun Prince,Dwight Howard,Jameer Nelson,Matt Barnes,Rashard Lewis,Vince Carter,1,5:04,DET,rebound,,,,,,,,,,,,,,,,,,
Ben Wallace,Jonas Jerebko,Richard Hamilton,Rodney Stuckey,Tayshaun Prince,Dwight Howard,Jameer Nelson,Matt Barnes,Rashard Lewis,Vince Carter,1,5:04,ORL,foul,,,,,,,,Tayshaun Prince,,Dwight Howard,,,,,,loose ball,,
Ben Wallace,Jonas Jerebko,Richard Hamilton,Rodney Stuckey,Tayshaun Prince,Dwight Howard,Jameer Nelson,Matt Barnes,Rashard Lewis,Vince Carter,1,4:48,DET,foul,,,,,,,,Jameer Nelson,,Rodney Stuckey,,,,,,offensive,,
Ben Wallace,Jonas Jerebko,Richard Hamilton,Rodney Stuckey,Tayshaun Prince,Dwight Howard,Jameer Nelson,Matt Barnes,Rashard Lewis,Vince Carter,1,4:48,DET,turnover,,,,,,,,,,Rodney Stuckey,,,foul,,,,,
Ben Wallace,Jonas Jerebko,Richard Hamilton,Rodney Stuckey,Tayshaun Prince,Dwight Howard,Jameer Nelson,Matt Barnes,Rashard Lewis,Vince Carter,1,4:30,ORL,shot,,,,,,,,,,Rashard Lewis,,,,missed,,3pt,39,27
Ben Wallace,Jonas Jerebko,Richard Hamilton,Rodney Stuckey,Tayshaun Prince,Dwight Howard,Jameer Nelson,Matt Barnes,Rashard Lewis,Vince Carter,1,4:28,DET,rebound,,,,,,,,,,Rodney Stuckey,,,,,,def,,
Ben Wallace,Jonas Jerebko,Richard Hamilton,Rodney Stuckey,Tayshaun Prince,Dwight Howard,Jameer Nelson,Matt Barnes,Rashard Lewis,Vince Carter,1,4:14,DET,turnover,,,,,,,,,,Richard Hamilton,,,bad pass,,Matt Barnes,,,
Ben Wallace,Jonas Jerebko,Richard Hamilton,Rodney Stuckey,Tayshaun Prince,Dwight Howard,Jameer Nelson,Matt Barnes,Rashard Lewis,Vince Carter,1,4:09,ORL,shot,Matt Barnes,,,,,,,,,Jameer Nelson,2,,,made,,layup,25,6
Ben Wallace,Jonas Jerebko,Richard Hamilton,Rodney Stuckey,Tayshaun Prince,Dwight Howard,Jameer Nelson,Matt Barnes,Rashard Lewis,Vince Carter,1,3:58,DET,shot,,,,,,,,,,Richard Hamilton,,,,missed,,jump,8,5
Ben Wallace,Jonas Jerebko,Richard Hamilton,Rodney Stuckey,Tayshaun Prince,Dwight Howard,Jameer Nelson,Matt Barnes,Rashard Lewis,Vince Carter,1,3:57,ORL,rebound,,,,,,,,,,Rashard Lewis,,,,,,def,,
Ben Wallace,Jonas Jerebko,Richard Hamilton,Rodney Stuckey,Tayshaun Prince,Dwight Howard,Jameer Nelson,Matt Barnes,Rashard Lewis,Vince Carter,1,3:51,ORL,shot,,,,,,,,,,Jameer Nelson,2,,,made,,jump,10,16
Ben Wallace,Jonas Jerebko,Richard Hamilton,Rodney Stuckey,Tayshaun Prince,Dwight Howard,Jameer Nelson,Matt Barnes,Rashard Lewis,Vince Carter,1,3:29,DET,shot,Jonas Jerebko,,,,,,,,,Richard Hamilton,3,,,made,,3pt,48,8
Ben Wallace,Jonas Jerebko,Richard Hamilton,Rodney Stuckey,Tayshaun Prince,Dwight Howard,Jameer Nelson,Matt Barnes,Rashard Lewis,Vince Carter,1,3:14,ORL,shot,,,,,,,,,,Jameer Nelson,2,,,made,,jump,25,14
Ben Wallace,Jonas Jerebko,Richard Hamilton,Rodney Stuckey,Tayshaun Prince,Dwight Howard,Jameer Nelson,Matt Barnes,Rashard Lewis,Vince Carter,1,3:04,DET,shot,Rodney Stuckey,,,,,,,,,Jonas Jerebko,2,,,made,,layup,25,6
Ben Wallace,Jonas Jerebko,Richard Hamilton,Rodney Stuckey,Tayshaun Prince,Dwight Howard,Jameer Nelson,Matt Barnes,Rashard Lewis,Vince Carter,1,2:46,DET,foul,,,,,,,,Dwight Howard,,Ben Wallace,,,,,,personal,,
Ben Wallace,Jonas Jerebko,Richard Hamilton,Rodney Stuckey,Tayshaun Prince,Dwight Howard,Jameer Nelson,Matt Barnes,Rashard Lewis,Vince Carter,1,2:46,ORL,timeout,,,,,,,,,,,,,,,,regular,,
Ben Wallace,Jonas Jerebko,Richard Hamilton,Rodney Stuckey,Tayshaun Prince,Dwight Howard,Jameer Nelson,Mickael Pietrus,Rashard Lewis,Vince Carter,1,2:46,ORL,sub,,,,Mickael Pietrus,,Matt Barnes,,,,,,,,,,,,
Ben Wallace,Jonas Jerebko,Richard Hamilton,Rodney Stuckey,Tayshaun Prince,Dwight Howard,Jason Williams,Mickael Pietrus,Rashard Lewis,Vince Carter,1,2:46,ORL,sub,,,,Jason Williams,,Jameer Nelson,,,,,,,,,,,,
Jonas Jerebko,Richard Hamilton,Rodney Stuckey,Tayshaun Prince,Will Bynum,Dwight Howard,Jason Williams,Mickael Pietrus,Rashard Lewis,Vince Carter,1,2:46,DET,sub,,,,Will Bynum,,Ben Wallace,,,,,,,,,,,,
Jason Maxiell,Jonas Jerebko,Richard Hamilton,Tayshaun Prince,Will Bynum,Dwight Howard,Jason Williams,Mickael Pietrus,Rashard Lewis,Vince Carter,1,2:46,DET,sub,,,,Jason Maxiell,,Rodney Stuckey,,,,,,,,,,,,
Jason Maxiell,Jonas Jerebko,Richard Hamilton,Tayshaun Prince,Will Bynum,Dwight Howard,Jason Williams,Mickael Pietrus,Rashard Lewis,Vince Carter,1,2:39,ORL,shot,,,Jason Maxiell,,,,,,,Vince Carter,,,,missed,,layup,25,6
Jason Maxiell,Jonas Jerebko,Richard Hamilton,Tayshaun Prince,Will Bynum,Dwight Howard,Jason Williams,Mickael Pietrus,Rashard Lewis,Vince Carter,1,2:36,DET,rebound,,,,,,,,,,Will Bynum,,,,,,def,,
Jason Maxiell,Jonas Jerebko,Richard Hamilton,Tayshaun Prince,Will Bynum,Dwight Howard,Jason Williams,Mickael Pietrus,Rashard Lewis,Vince Carter,1,2:33,DET,shot,Will Bynum,,,,,,,,,Richard Hamilton,2,,,made,,jump,9,15
Jason Maxiell,Jonas Jerebko,Richard Hamilton,Tayshaun Prince,Will Bynum,Dwight Howard,Jason Williams,Mickael Pietrus,Rashard Lewis,Vince Carter,1,2:18,ORL,shot,Vince Carter,,,,,,,,,Mickael Pietrus,3,,,made,,3pt,2,5
Jason Maxiell,Jonas Jerebko,Richard Hamilton,Tayshaun Prince,Will Bynum,Dwight Howard,Jason Williams,Mickael Pietrus,Rashard Lewis,Vince Carter,1,1:57,DET,shot,Richard Hamilton,,,,,,,,,Jonas Jerebko,2,,,made,,layup,25,6
Jason Maxiell,Jonas Jerebko,Richard Hamilton,Tayshaun Prince,Will Bynum,Dwight Howard,Jason Williams,Mickael Pietrus,Rashard Lewis,Vince Carter,1,1:34,ORL,shot,Jason Williams,,,,,,,,,Vince Carter,2,,,made,,jump,24,28
Jason Maxiell,Jonas Jerebko,Richard Hamilton,Tayshaun Prince,Will Bynum,Dwight Howard,Jason Williams,Mickael Pietrus,Rashard Lewis,Vince Carter,1,1:18,DET,foul,,,,,,,,Mickael Pietrus,,Jason Maxiell,,,,,,offensive,,
Jason Maxiell,Jonas Jerebko,Richard Hamilton,Tayshaun Prince,Will Bynum,Dwight Howard,Jason Williams,Mickael Pietrus,Rashard Lewis,Vince Carter,1,1:18,DET,turnover,,,,,,,,,,Jason Maxiell,,,foul,,,,,
Ben Gordon,Jason Maxiell,Jonas Jerebko,Richard Hamilton,Will Bynum,Dwight Howard,Jason Williams,Mickael Pietrus,Rashard Lewis,Vince Carter,1,1:18,DET,sub,,,,Ben Gordon,,Tayshaun Prince,,,,,,,,,,,,
Ben Gordon,Jason Maxiell,Jonas Jerebko,Richard Hamilton,Will Bynum,Dwight Howard,Jason Williams,Mickael Pietrus,Rashard Lewis,Vince Carter,1,1:02,ORL,shot,,,,,,,,,,Dwight Howard,2,,,made,,hook,25,11
Ben Gordon,Jason Maxiell,Jonas Jerebko,Richard Hamilton,Will Bynum,Dwight Howard,Jason Williams,Mickael Pietrus,Rashard Lewis,Vince Carter,1,0:41,DET,shot,,,,,,,,,,Jonas Jerebko,,,,missed,,jump,11,12
Ben Gordon,Jason Maxiell,Jonas Jerebko,Richard Hamilton,Will Bynum,Dwight Howard,Jason Williams,Mickael Pietrus,Rashard Lewis,Vince Carter,1,0:39,DET,rebound,,,,,,,,,,Jonas Jerebko,,,,,,off,,
Ben Gordon,Jason Maxiell,Jonas Jerebko,Richard Hamilton,Will Bynum,Dwight Howard,Jason Williams,Mickael Pietrus,Rashard Lewis,Vince Carter,1,0:36,DET,shot,,,,,,,,,,Jonas Jerebko,,,,missed,,fade away jumper,26,13
Ben Gordon,Jason Maxiell,Jonas Jerebko,Richard Hamilton,Will Bynum,Dwight Howard,Jason Williams,Mickael Pietrus,Rashard Lewis,Vince Carter,1,0:34,ORL,rebound,,,,,,,,,,Rashard Lewis,,,,,,def,,
Ben Gordon,Jason Maxiell,Jonas Jerebko,Richard Hamilton,Will Bynum,Dwight Howard,Jason Williams,Mickael Pietrus,Rashard Lewis,Vince Carter,1,0:32,ORL,shot,Jason Williams,,,,,,,,,Dwight Howard,2,,,made,,slam dunk,25,6
Ben Gordon,Jason Maxiell,Jonas Jerebko,Richard Hamilton,Will Bynum,Dwight Howard,Jason Williams,Mickael Pietrus,Rashard Lewis,Vince Carter,1,0:28,ORL,foul,,,,,,,,Richard Hamilton,,Vince Carter,,,,,,shooting,,
Ben Gordon,Jason Maxiell,Jonas Jerebko,Richard Hamilton,Will Bynum,Dwight Howard,J.J. Redick,Jason Williams,Mickael Pietrus,Rashard Lewis,1,0:28,ORL,sub,,,,J.J. Redick,,Vince Carter,,,,,,,,,,,,
Ben Gordon,Jason Maxiell,Jonas Jerebko,Richard Hamilton,Will Bynum,Dwight Howard,J.J. Redick,Jason Williams,Mickael Pietrus,Rashard Lewis,1,0:28,DET,free throw,,,,,,,1,,2,Richard Hamilton,,,foul,made,,,,
Ben Gordon,Jason Maxiell,Jonas Jerebko,Richard Hamilton,Will Bynum,Dwight Howard,J.J. Redick,Jason Williams,Mickael Pietrus,Rashard Lewis,1,0:28,DET,free throw,,,,,,,2,,2,Richard Hamilton,,,foul,made,,,,
Ben Gordon,Jason Maxiell,Jonas Jerebko,Richard Hamilton,Will Bynum,Dwight Howard,J.J. Redick,Jason Williams,Mickael Pietrus,Rashard Lewis,1,0:08,DET,foul,,,,,,,,Jason Williams,,Will Bynum,,,,,,personal,,
Ben Gordon,Jason Maxiell,Jonas Jerebko,Richard Hamilton,Will Bynum,Dwight Howard,J.J. Redick,Jason Williams,Mickael Pietrus,Rashard Lewis,1,0:00,ORL,shot,,,,,,,,,,Mickael Pietrus,,,,missed,,jump,25,24
Ben Gordon,Jason Maxiell,Jonas Jerebko,Richard Hamilton,Will Bynum,Dwight Howard,J.J. Redick,Jason Williams,Mickael Pietrus,Rashard Lewis,1,0:00,ORL,rebound,,,,,,,,,,Dwight Howard,,,,,,off,,
Ben Gordon,Jason Maxiell,Jonas Jerebko,Richard Hamilton,Will Bynum,Dwight Howard,J.J. Redick,Jason Williams,Mickael Pietrus,Rashard Lewis,1,0:00,ORL,shot,,,,,,,,,,Dwight Howard,2,,,made,,tip,25,6
Ben Gordon,Charlie Villanueva,Jason Maxiell,Tayshaun Prince,Will Bynum,Dwight Howard,J.J. Redick,Jason Williams,Mickael Pietrus,Ryan Anderson,2,11:40,DET,foul,,,,,,,,Ryan Anderson,,Charlie Villanueva,,,,,,personal,,
Ben Gordon,Charlie Villanueva,Jason Maxiell,Tayshaun Prince,Will Bynum,Dwight Howard,J.J. Redick,Jason Williams,Mickael Pietrus,Ryan Anderson,2,11:32,ORL,shot,Jason Williams,,,,,,,,,Ryan Anderson,2,,,made,,driving dunk,25,6
Ben Gordon,Charlie Villanueva,Jason Maxiell,Tayshaun Prince,Will Bynum,Dwight Howard,J.J. Redick,Jason Williams,Mickael Pietrus,Ryan Anderson,2,11:15,DET,shot,,,,,,,,,,Will Bynum,,,,missed,,jump,11,11
Ben Gordon,Charlie Villanueva,Jason Maxiell,Tayshaun Prince,Will Bynum,Dwight Howard,J.J. Redick,Jason Williams,Mickael Pietrus,Ryan Anderson,2,11:14,DET,rebound,,,,,,,,,,,,,,,,,,
Ben Gordon,Charlie Villanueva,Jason Maxiell,Tayshaun Prince,Will Bynum,Dwight Howard,J.J. Redick,Jason Williams,Mickael Pietrus,Ryan Anderson,2,11:03,DET,shot,,,,,,,,,,Ben Gordon,,,,missed,,jump,10,21
Ben Gordon,Charlie Villanueva,Jason Maxiell,Tayshaun Prince,Will Bynum,Dwight Howard,J.J. Redick,Jason Williams,Mickael Pietrus,Ryan Anderson,2,11:02,ORL,rebound,,,,,,,,,,Mickael Pietrus,,,,,,def,,
Ben Gordon,Charlie Villanueva,Jason Maxiell,Tayshaun Prince,Will Bynum,Dwight Howard,J.J. Redick,Jason Williams,Mickael Pietrus,Ryan Anderson,2,10:53,ORL,shot,Dwight Howard,,,,,,,,,Jason Williams,2,,,made,,jump,11,18
Ben Gordon,Charlie Villanueva,Jason Maxiell,Tayshaun Prince,Will Bynum,Dwight Howard,J.J. Redick,Jason Williams,Mickael Pietrus,Ryan Anderson,2,10:35,ORL,foul,,,,,,,,Jason Maxiell,,Mickael Pietrus,,,,,,shooting,,
Ben Gordon,Charlie Villanueva,Jason Maxiell,Tayshaun Prince,Will Bynum,Dwight Howard,J.J. Redick,Jason Williams,Mickael Pietrus,Ryan Anderson,2,10:35,DET,free throw,,,,,,,1,,2,Jason Maxiell,,,foul,missed,,,,
Ben Gordon,Charlie Villanueva,Jason Maxiell,Tayshaun Prince,Will Bynum,Dwight Howard,J.J. Redick,Jason Williams,Mickael Pietrus,Ryan Anderson,2,10:35,DET,rebound,,,,,,,,,,,,,,,,,,
Ben Gordon,Charlie Villanueva,Jason Maxiell,Tayshaun Prince,Will Bynum,Dwight Howard,J.J. Redick,Jason Williams,Mickael Pietrus,Ryan Anderson,2,10:35,DET,free throw,,,,,,,2,,2,Jason Maxiell,,,foul,made,,,,
Ben Gordon,Charlie Villanueva,Jason Maxiell,Tayshaun Prince,Will Bynum,Dwight Howard,J.J. Redick,Jason Williams,Mickael Pietrus,Ryan Anderson,2,10:20,DET,foul,,,,,,,,Dwight Howard,,Ben Gordon,,,,,,shooting,,
Ben Gordon,Charlie Villanueva,Jason Maxiell,Tayshaun Prince,Will Bynum,Dwight Howard,J.J. Redick,Jason Williams,Mickael Pietrus,Ryan Anderson,2,10:20,ORL,free throw,,,,,,,1,,2,Dwight Howard,,,foul,made,,,,
Ben Gordon,Charlie Villanueva,Jason Maxiell,Tayshaun Prince,Will Bynum,Dwight Howard,J.J. Redick,Jason Williams,Mickael Pietrus,Ryan Anderson,2,10:20,ORL,free throw,,,,,,,2,,2,Dwight Howard,,,foul,made,,,,
Ben Gordon,Charlie Villanueva,Jason Maxiell,Tayshaun Prince,Will Bynum,Dwight Howard,J.J. Redick,Jason Williams,Mickael Pietrus,Ryan Anderson,2,10:00,DET,shot,,,,,,,,,,Jason Maxiell,2,,,made,,jump,25,12
Ben Gordon,Charlie Villanueva,Jason Maxiell,Tayshaun Prince,Will Bynum,Dwight Howard,J.J. Redick,Jason Williams,Mickael Pietrus,Ryan Anderson,2,9:49,ORL,shot,,,,,,,,,,Jason Williams,2,,,made,,driving layup,25,6
Ben Gordon,Charlie Villanueva,Jason Maxiell,Tayshaun Prince,Will Bynum,Dwight Howard,J.J. Redick,Jason Williams,Mickael Pietrus,Ryan Anderson,2,9:36,DET,foul,,,,,,,,J.J. Redick,,Ben Gordon,,,,,,offensive,,
Ben Gordon,Charlie Villanueva,Jason Maxiell,Tayshaun Prince,Will Bynum,Dwight Howard,J.J. Redick,Jason Williams,Mickael Pietrus,Ryan Anderson,2,9:36,DET,turnover,,,,,,,,,,Ben Gordon,,,foul,,,,,
Ben Gordon,Charlie Villanueva,Jason Maxiell,Tayshaun Prince,Will Bynum,Dwight Howard,J.J. Redick,Jason Williams,Mickael Pietrus,Ryan Anderson,2,9:27,ORL,shot,,,,,,,,,,J.J. Redick,,,,missed,,3pt,44,24
Ben Gordon,Charlie Villanueva,Jason Maxiell,Tayshaun Prince,Will Bynum,Dwight Howard,J.J. Redick,Jason Williams,Mickael Pietrus,Ryan Anderson,2,9:25,DET,rebound,,,,,,,,,,Tayshaun Prince,,,,,,def,,
Ben Gordon,Charlie Villanueva,Jason Maxiell,Tayshaun Prince,Will Bynum,Dwight Howard,J.J. Redick,Jason Williams,Mickael Pietrus,Ryan Anderson,2,9:14,DET,shot,,,,,,,,,,Charlie Villanueva,,,,missed,,hook,27,12
Ben Gordon,Charlie Villanueva,Jason Maxiell,Tayshaun Prince,Will Bynum,Dwight Howard,J.J. Redick,Jason Williams,Mickael Pietrus,Ryan Anderson,2,9:12,ORL,rebound,,,,,,,,,,Dwight Howard,,,,,,def,,
Ben Gordon,Charlie Villanueva,Jason Maxiell,Tayshaun Prince,Will Bynum,Dwight Howard,J.J. Redick,Jason Williams,Mickael Pietrus,Ryan Anderson,2,9:07,ORL,shot,Jason Williams,,,,,,,,,Dwight Howard,2,,,made,,driving dunk,25,6
Ben Gordon,Charlie Villanueva,Jason Maxiell,Tayshaun Prince,Will Bynum,Dwight Howard,J.J. Redick,Jason Williams,Mickael Pietrus,Ryan Anderson,2,8:55,ORL,violation,,,,,,,,,,Dwight Howard,,,,,,defensive goaltending,,
Ben Gordon,Charlie Villanueva,Jason Maxiell,Tayshaun Prince,Will Bynum,Dwight Howard,J.J. Redick,Jason Williams,Mickael Pietrus,Ryan Anderson,2,8:55,DET,shot,,,,,,,,,,Tayshaun Prince,2,,,made,,jump hook,21,11
Ben Gordon,Charlie Villanueva,Jason Maxiell,Tayshaun Prince,Will Bynum,Dwight Howard,J.J. Redick,Jason Williams,Mickael Pietrus,Ryan Anderson,2,8:44,ORL,timeout,,,,,,,,,,,,,,,,official,,
Ben Gordon,Charlie Villanueva,Jason Maxiell,Tayshaun Prince,Will Bynum,J.J. Redick,Jason Williams,Marcin Gortat,Mickael Pietrus,Ryan Anderson,2,8:44,ORL,sub,,,,Marcin Gortat,,Dwight Howard,,,,,,,,,,,,
Ben Gordon,Jason Maxiell,Jonas Jerebko,Tayshaun Prince,Will Bynum,J.J. Redick,Jason Williams,Marcin Gortat,Mickael Pietrus,Ryan Anderson,2,8:44,DET,sub,,,,Jonas Jerebko,,Charlie Villanueva,,,,,,,,,,,,
Ben Gordon,Jason Maxiell,Jonas Jerebko,Tayshaun Prince,Will Bynum,J.J. Redick,Jason Williams,Marcin Gortat,Mickael Pietrus,Ryan Anderson,2,8:37,ORL,turnover,,,,,,,,,,Ryan Anderson,,,out of bounds lost ball turnover,,,,,
Ben Gordon,Jason Maxiell,Jonas Jerebko,Tayshaun Prince,Will Bynum,J.J. Redick,Jason Williams,Marcin Gortat,Mickael Pietrus,Ryan Anderson,2,8:20,DET,shot,,,,,,,,,,Tayshaun Prince,,,,missed,,layup,25,6
Ben Gordon,Jason Maxiell,Jonas Jerebko,Tayshaun Prince,Will Bynum,J.J. Redick,Jason Williams,Marcin Gortat,Mickael Pietrus,Ryan Anderson,2,8:18,DET,rebound,,,,,,,,,,Jason Maxiell,,,,,,off,,
Ben Gordon,Jason Maxiell,Jonas Jerebko,Tayshaun Prince,Will Bynum,J.J. Redick,Jason Williams,Marcin Gortat,Mickael Pietrus,Ryan Anderson,2,8:16,DET,shot,,,,,,,,,,Jason Maxiell,,,,missed,,jump,28,9
Ben Gordon,Jason Maxiell,Jonas Jerebko,Tayshaun Prince,Will Bynum,J.J. Redick,Jason Williams,Marcin Gortat,Mickael Pietrus,Ryan Anderson,2,8:16,DET,rebound,,,,,,,,,,Tayshaun Prince,,,,,,off,,
Ben Gordon,Jason Maxiell,Jonas Jerebko,Tayshaun Prince,Will Bynum,J.J. Redick,Jason Williams,Marcin Gortat,Mickael Pietrus,Ryan Anderson,2,8:16,DET,shot,,,,,,,,,,Tayshaun Prince,,,,missed,,tip,25,6
Ben Gordon,Jason Maxiell,Jonas Jerebko,Tayshaun Prince,Will Bynum,J.J. Redick,Jason Williams,Marcin Gortat,Mickael Pietrus,Ryan Anderson,2,8:16,DET,rebound,,,,,,,,,,,,,,,,,,
Ben Gordon,Jason Maxiell,Jonas Jerebko,Tayshaun Prince,Will Bynum,J.J. Redick,Jason Williams,Marcin Gortat,Mickael Pietrus,Ryan Anderson,2,8:01,DET,shot,,,,,,,,,,Jonas Jerebko,,,,missed,,hook,26,12
Ben Gordon,Jason Maxiell,Jonas Jerebko,Tayshaun Prince,Will Bynum,J.J. Redick,Jason Williams,Marcin Gortat,Mickael Pietrus,Ryan Anderson,2,8:00,DET,rebound,,,,,,,,,,Jonas Jerebko,,,,,,off,,
Ben Gordon,Jason Maxiell,Jonas Jerebko,Tayshaun Prince,Will Bynum,J.J. Redick,Jason Williams,Marcin Gortat,Mickael Pietrus,Ryan Anderson,2,7:59,DET,shot,,,,,,,,,,Jonas Jerebko,,,,missed,,layup,25,6
Ben Gordon,Jason Maxiell,Jonas Jerebko,Tayshaun Prince,Will Bynum,J.J. Redick,Jason Williams,Marcin Gortat,Mickael Pietrus,Ryan Anderson,2,7:59,ORL,rebound,,,,,,,,,,,,,,,,,,
Ben Gordon,Jason Maxiell,Jonas Jerebko,Tayshaun Prince,Will Bynum,J.J. Redick,Jason Williams,Marcin Gortat,Mickael Pietrus,Ryan Anderson,2,7:46,ORL,shot,,,,,,,,,,Ryan Anderson,,,,missed,,3pt,49,4
Ben Gordon,Jason Maxiell,Jonas Jerebko,Tayshaun Prince,Will Bynum,J.J. Redick,Jason Williams,Marcin Gortat,Mickael Pietrus,Ryan Anderson,2,7:45,DET,rebound,,,,,,,,,,Ben Gordon,,,,,,def,,
Ben Gordon,Jason Maxiell,Jonas Jerebko,Tayshaun Prince,Will Bynum,J.J. Redick,Jason Williams,Marcin Gortat,Mickael Pietrus,Ryan Anderson,2,7:37,ORL,foul,,,,,,,,Tayshaun Prince,,Ryan Anderson,,,,,,shooting,,
Ben Gordon,Jason Maxiell,Jonas Jerebko,Tayshaun Prince,Will Bynum,J.J. Redick,Jason Williams,Marcin Gortat,Mickael Pietrus,Ryan Anderson,2,7:37,DET,free throw,,,,,,,1,,2,Tayshaun Prince,,,foul,made,,,,
Ben Gordon,Jason Maxiell,Jonas Jerebko,Tayshaun Prince,Will Bynum,J.J. Redick,Jason Williams,Marcin Gortat,Mickael Pietrus,Ryan Anderson,2,7:37,DET,free throw,,,,,,,2,,2,Tayshaun Prince,,,foul,made,,,,
Ben Gordon,Jason Maxiell,Jonas Jerebko,Tayshaun Prince,Will Bynum,J.J. Redick,Jason Williams,Marcin Gortat,Mickael Pietrus,Ryan Anderson,2,7:26,ORL,turnover,,,,,,,,,,Jason Williams,,,bad pass,,Will Bynum,,,
Ben Gordon,Jason Maxiell,Jonas Jerebko,Tayshaun Prince,Will Bynum,J.J. Redick,Jason Williams,Marcin Gortat,Mickael Pietrus,Ryan Anderson,2,7:22,DET,shot,Will Bynum,,,,,,,,,Tayshaun Prince,2,,,made,,layup,25,6
Ben Gordon,Jason Maxiell,Jonas Jerebko,Tayshaun Prince,Will Bynum,J.J. Redick,Jason Williams,Marcin Gortat,Mickael Pietrus,Ryan Anderson,2,7:06,ORL,shot,Marcin Gortat,,,,,,,,,Mickael Pietrus,2,,,made,,jump,12,18
Ben Gordon,Jason Maxiell,Jonas Jerebko,Tayshaun Prince,Will Bynum,J.J. Redick,Jason Williams,Marcin Gortat,Mickael Pietrus,Ryan Anderson,2,6:48,DET,shot,,,Marcin Gortat,,,,,,,Jason Maxiell,,,,missed,,dunk,25,6
Ben Gordon,Jason Maxiell,Jonas Jerebko,Tayshaun Prince,Will Bynum,J.J. Redick,Jason Williams,Marcin Gortat,Mickael Pietrus,Ryan Anderson,2,6:46,DET,rebound,,,,,,,,,,Jason Maxiell,,,,,,off,,
Ben Gordon,Jason Maxiell,Jonas Jerebko,Tayshaun Prince,Will Bynum,J.J. Redick,Jason Williams,Marcin Gortat,Mickael Pietrus,Ryan Anderson,2,6:43,DET,shot,,,,,,,,,,Tayshaun Prince,,,,missed,,3pt,3,7
Ben Gordon,Jason Maxiell,Jonas Jerebko,Tayshaun Prince,Will Bynum,J.J. Redick,Jason Williams,Marcin Gortat,Mickael Pietrus,Ryan Anderson,2,6:42,ORL,rebound,,,,,,,,,,J.J. Redick,,,,,,def,,
Ben Gordon,Jason Maxiell,Jonas Jerebko,Tayshaun Prince,Will Bynum,J.J. Redick,Jason Williams,Marcin Gortat,Mickael Pietrus,Ryan Anderson,2,6:37,ORL,shot,,,,,,,,,,J.J. Redick,,,,missed,,3pt,15,29
Ben Gordon,Jason Maxiell,Jonas Jerebko,Tayshaun Prince,Will Bynum,J.J. Redick,Jason Williams,Marcin Gortat,Mickael Pietrus,Ryan Anderson,2,6:33,DET,rebound,,,,,,,,,,Ben Gordon,,,,,,def,,
Ben Gordon,Jason Maxiell,Jonas Jerebko,Tayshaun Prince,Will Bynum,J.J. Redick,Jameer Nelson,Marcin Gortat,Mickael Pietrus,Ryan Anderson,2,6:32,ORL,sub,,,,Jameer Nelson,,Jason Williams,,,,,,,,,,,,
Ben Gordon,Jason Maxiell,Jonas Jerebko,Tayshaun Prince,Will Bynum,J.J. Redick,Jameer Nelson,Marcin Gortat,Mickael Pietrus,Ryan Anderson,2,6:28,DET,shot,,,,,,,,,,Will Bynum,,,,missed,,jump,40,11
Ben Gordon,Jason Maxiell,Jonas Jerebko,Tayshaun Prince,Will Bynum,J.J. Redick,Jameer Nelson,Marcin Gortat,Mickael Pietrus,Ryan Anderson,2,6:26,ORL,rebound,,,,,,,,,,Ryan Anderson,,,,,,def,,
Ben Gordon,Jason Maxiell,Jonas Jerebko,Tayshaun Prince,Will Bynum,J.J. Redick,Jameer Nelson,Marcin Gortat,Mickael Pietrus,Ryan Anderson,2,6:20,ORL,shot,,,,,,,,,,J.J. Redick,2,,,made,,layup,25,6
Ben Gordon,Jason Maxiell,Jonas Jerebko,Tayshaun Prince,Will Bynum,J.J. Redick,Jameer Nelson,Marcin Gortat,Mickael Pietrus,Ryan Anderson,2,6:20,DET,foul,,,,,,,,J.J. Redick,,Jason Maxiell,,,,,,shooting,,
Ben Gordon,Jason Maxiell,Jonas Jerebko,Tayshaun Prince,Will Bynum,J.J. Redick,Jameer Nelson,Marcin Gortat,Mickael Pietrus,Ryan Anderson,2,6:20,ORL,free throw,,,,,,,1,,1,J.J. Redick,,,foul,made,,,,
Ben Gordon,Jason Maxiell,Jonas Jerebko,Tayshaun Prince,Will Bynum,J.J. Redick,Jameer Nelson,Marcin Gortat,Mickael Pietrus,Ryan Anderson,2,6:05,DET,shot,,,,,,,,,,Ben Gordon,2,,,made,,jump,11,19
Ben Gordon,Jason Maxiell,Jonas Jerebko,Tayshaun Prince,Will Bynum,J.J. Redick,Jameer Nelson,Marcin Gortat,Mickael Pietrus,Ryan Anderson,2,5:49,ORL,turnover,,,,,,,,,,J.J. Redick,,,bad pass,,Will Bynum,,,
Ben Gordon,Jason Maxiell,Jonas Jerebko,Tayshaun Prince,Will Bynum,J.J. Redick,Jameer Nelson,Marcin Gortat,Mickael Pietrus,Ryan Anderson,2,5:45,ORL,timeout,,,,,,,,,,,,,,,,regular,,
Ben Gordon,Ben Wallace,Jason Maxiell,Jonas Jerebko,Tayshaun Prince,J.J. Redick,Jameer Nelson,Marcin Gortat,Mickael Pietrus,Ryan Anderson,2,5:45,DET,sub,,,,Ben Wallace,,Will Bynum,,,,,,,,,,,,
Ben Gordon,Ben Wallace,Jonas Jerebko,Rodney Stuckey,Tayshaun Prince,J.J. Redick,Jameer Nelson,Marcin Gortat,Mickael Pietrus,Ryan Anderson,2,5:45,DET,sub,,,,Rodney Stuckey,,Jason Maxiell,,,,,,,,,,,,
Ben Gordon,Ben Wallace,Jonas Jerebko,Rodney Stuckey,Tayshaun Prince,Jameer Nelson,Marcin Gortat,Mickael Pietrus,Ryan Anderson,Vince Carter,2,5:45,ORL,sub,,,,Vince Carter,,J.J. Redick,,,,,,,,,,,,
Ben Gordon,Ben Wallace,Jonas Jerebko,Rodney Stuckey,Tayshaun Prince,Jameer Nelson,Marcin Gortat,Mickael Pietrus,Ryan Anderson,Vince Carter,2,5:33,DET,turnover,,,,,,,,,,Ben Wallace,,,poss lost ball turnover,,,,,
Ben Gordon,Ben Wallace,Jonas Jerebko,Rodney Stuckey,Tayshaun Prince,Jameer Nelson,Marcin Gortat,Mickael Pietrus,Ryan Anderson,Vince Carter,2,5:33,DET,foul,,,,,,,,Ryan Anderson,,Ben Wallace,,,,,,loose ball,,
Ben Gordon,Ben Wallace,Jonas Jerebko,Rodney Stuckey,Tayshaun Prince,Jameer Nelson,Marcin Gortat,Mickael Pietrus,Ryan Anderson,Vince Carter,2,5:19,ORL,shot,Vince Carter,,,,,,,,,Ryan Anderson,3,,,made,,3pt,48,6
Ben Gordon,Ben Wallace,Jonas Jerebko,Rodney Stuckey,Tayshaun Prince,Jameer Nelson,Marcin Gortat,Mickael Pietrus,Ryan Anderson,Vince Carter,2,5:05,ORL,foul,,,,,,,,Tayshaun Prince,,Ryan Anderson,,,,,,personal,,
Ben Gordon,Ben Wallace,Jonas Jerebko,Rodney Stuckey,Tayshaun Prince,Jameer Nelson,Marcin Gortat,Mickael Pietrus,Ryan Anderson,Vince Carter,2,5:05,DET,free throw,,,,,,,1,,2,Tayshaun Prince,,,foul,made,,,,
Ben Gordon,Ben Wallace,Jonas Jerebko,Rodney Stuckey,Tayshaun Prince,Jameer Nelson,Marcin Gortat,Mickael Pietrus,Ryan Anderson,Vince Carter,2,5:05,DET,free throw,,,,,,,2,,2,Tayshaun Prince,,,foul,missed,,,,
Ben Gordon,Ben Wallace,Jonas Jerebko,Rodney Stuckey,Tayshaun Prince,Jameer Nelson,Marcin Gortat,Mickael Pietrus,Ryan Anderson,Vince Carter,2,5:03,ORL,rebound,,,,,,,,,,Jameer Nelson,,,,,,def,,
Ben Gordon,Ben Wallace,Jonas Jerebko,Rodney Stuckey,Tayshaun Prince,Jameer Nelson,Marcin Gortat,Mickael Pietrus,Ryan Anderson,Vince Carter,2,4:46,ORL,shot,,,,,,,,,,Ryan Anderson,,,,missed,,3pt,48,5
Ben Gordon,Ben Wallace,Jonas Jerebko,Rodney Stuckey,Tayshaun Prince,Jameer Nelson,Marcin Gortat,Mickael Pietrus,Ryan Anderson,Vince Carter,2,4:45,DET,rebound,,,,,,,,,,Tayshaun Prince,,,,,,def,,
Ben Gordon,Ben Wallace,Jonas Jerebko,Rodney Stuckey,Tayshaun Prince,Jameer Nelson,Marcin Gortat,Mickael Pietrus,Ryan Anderson,Vince Carter,2,4:31,DET,shot,Ben Gordon,,,,,,,,,Rodney Stuckey,2,,,made,,jump,24,22
Ben Gordon,Ben Wallace,Jonas Jerebko,Rodney Stuckey,Tayshaun Prince,Jameer Nelson,Marcin Gortat,Mickael Pietrus,Ryan Anderson,Vince Carter,2,4:10,ORL,shot,,,,,,,,,,Vince Carter,2,,,made,,layup,25,6
Ben Gordon,Ben Wallace,Jonas Jerebko,Rodney Stuckey,Tayshaun Prince,Jameer Nelson,Marcin Gortat,Mickael Pietrus,Ryan Anderson,Vince Carter,2,3:59,DET,shot,,,,,,,,,,Rodney Stuckey,2,,,made,,layup,25,6
Ben Gordon,Ben Wallace,Jonas Jerebko,Rodney Stuckey,Tayshaun Prince,Jameer Nelson,Marcin Gortat,Mickael Pietrus,Ryan Anderson,Vince Carter,2,3:59,ORL,foul,,,,,,,,Rodney Stuckey,,Marcin Gortat,,,,,,shooting,,
Ben Gordon,Ben Wallace,Jonas Jerebko,Rodney Stuckey,Tayshaun Prince,Jameer Nelson,Marcin Gortat,Mickael Pietrus,Rashard Lewis,Vince Carter,2,3:59,ORL,sub,,,,Rashard Lewis,,Ryan Anderson,,,,,,,,,,,,
Ben Gordon,Ben Wallace,Jonas Jerebko,Rodney Stuckey,Tayshaun Prince,Dwight Howard,Jameer Nelson,Mickael Pietrus,Rashard Lewis,Vince Carter,2,3:59,ORL,sub,,,,Dwight Howard,,Marcin Gortat,,,,,,,,,,,,
Ben Gordon,Ben Wallace,Richard Hamilton,Rodney Stuckey,Tayshaun Prince,Dwight Howard,Jameer Nelson,Mickael Pietrus,Rashard Lewis,Vince Carter,2,3:59,DET,sub,,,,Richard Hamilton,,Jonas Jerebko,,,,,,,,,,,,
Ben Gordon,Ben Wallace,Richard Hamilton,Rodney Stuckey,Tayshaun Prince,Dwight Howard,Jameer Nelson,Mickael Pietrus,Rashard Lewis,Vince Carter,2,3:59,DET,free throw,,,,,,,1,,1,Rodney Stuckey,,,foul,missed,,,,
Ben Gordon,Ben Wallace,Richard Hamilton,Rodney Stuckey,Tayshaun Prince,Dwight Howard,Jameer Nelson,Mickael Pietrus,Rashard Lewis,Vince Carter,2,3:55,DET,rebound,,,,,,,,,,Tayshaun Prince,,,,,,off,,
Ben Gordon,Ben Wallace,Richard Hamilton,Rodney Stuckey,Tayshaun Prince,Dwight Howard,Jameer Nelson,Mickael Pietrus,Rashard Lewis,Vince Carter,2,3:50,DET,shot,Rodney Stuckey,,,,,,,,,Richard Hamilton,3,,,made,,3pt,42,25
Ben Gordon,Ben Wallace,Richard Hamilton,Rodney Stuckey,Tayshaun Prince,Dwight Howard,Jameer Nelson,Mickael Pietrus,Rashard Lewis,Vince Carter,2,3:47,ORL,timeout,,,,,,,,,,,,,,,,short,,
Ben Gordon,Ben Wallace,Richard Hamilton,Rodney Stuckey,Tayshaun Prince,Dwight Howard,Jameer Nelson,Mickael Pietrus,Rashard Lewis,Vince Carter,2,3:38,ORL,shot,,,,,,,,,,Mickael Pietrus,,,,missed,,3pt,2,8
Ben Gordon,Ben Wallace,Richard Hamilton,Rodney Stuckey,Tayshaun Prince,Dwight Howard,Jameer Nelson,Mickael Pietrus,Rashard Lewis,Vince Carter,2,3:37,DET,rebound,,,,,,,,,,Rodney Stuckey,,,,,,def,,
Ben Gordon,Ben Wallace,Richard Hamilton,Rodney Stuckey,Tayshaun Prince,Dwight Howard,Jameer Nelson,Mickael Pietrus,Rashard Lewis,Vince Carter,2,3:17,DET,shot,,,,,,,,,,Ben Gordon,,,,missed,,fade away jumper,42,6
Ben Gordon,Ben Wallace,Richard Hamilton,Rodney Stuckey,Tayshaun Prince,Dwight Howard,Jameer Nelson,Mickael Pietrus,Rashard Lewis,Vince Carter,2,3:15,ORL,rebound,,,,,,,,,,Dwight Howard,,,,,,def,,
Ben Gordon,Ben Wallace,Richard Hamilton,Rodney Stuckey,Tayshaun Prince,Dwight Howard,Jameer Nelson,Mickael Pietrus,Rashard Lewis,Vince Carter,2,3:09,ORL,shot,,,,,,,,,,Mickael Pietrus,,,,missed,,3pt,2,6
Ben Gordon,Ben Wallace,Richard Hamilton,Rodney Stuckey,Tayshaun Prince,Dwight Howard,Jameer Nelson,Mickael Pietrus,Rashard Lewis,Vince Carter,2,3:06,DET,rebound,,,,,,,,,,Rodney Stuckey,,,,,,def,,
Ben Gordon,Ben Wallace,Richard Hamilton,Rodney Stuckey,Tayshaun Prince,Dwight Howard,Jameer Nelson,Mickael Pietrus,Rashard Lewis,Vince Carter,2,2:52,DET,shot,Richard Hamilton,,,,,,,,,Ben Wallace,2,,,made,,layup,25,6
Ben Gordon,Ben Wallace,Richard Hamilton,Rodney Stuckey,Tayshaun Prince,Dwight Howard,Jameer Nelson,Mickael Pietrus,Rashard Lewis,Vince Carter,2,2:52,ORL,foul,,,,,,,,Ben Wallace,,Vince Carter,,,,,,shooting,,
Ben Gordon,Ben Wallace,Richard Hamilton,Rodney Stuckey,Tayshaun Prince,Dwight Howard,Jameer Nelson,Mickael Pietrus,Rashard Lewis,Vince Carter,2,2:52,DET,timeout,,,,,,,,,,,,,,,,regular,,
Ben Gordon,Ben Wallace,Richard Hamilton,Rodney Stuckey,Tayshaun Prince,Dwight Howard,Jameer Nelson,Matt Barnes,Mickael Pietrus,Rashard Lewis,2,2:52,ORL,sub,,,,Matt Barnes,,Vince Carter,,,,,,,,,,,,
Ben Gordon,Ben Wallace,Richard Hamilton,Rodney Stuckey,Tayshaun Prince,Dwight Howard,J.J. Redick,Jameer Nelson,Matt Barnes,Rashard Lewis,2,2:52,ORL,sub,,,,J.J. Redick,,Mickael Pietrus,,,,,,,,,,,,
Ben Gordon,Ben Wallace,Richard Hamilton,Rodney Stuckey,Tayshaun Prince,Dwight Howard,J.J. Redick,Jameer Nelson,Matt Barnes,Rashard Lewis,2,2:52,DET,free throw,,,,,,,1,,1,Ben Wallace,,,foul,missed,,,,
Ben Gordon,Ben Wallace,Richard Hamilton,Rodney Stuckey,Tayshaun Prince,Dwight Howard,J.J. Redick,Jameer Nelson,Matt Barnes,Rashard Lewis,2,2:52,ORL,rebound,,,,,,,,,,,,,,,,,,
Ben Gordon,Ben Wallace,Richard Hamilton,Rodney Stuckey,Tayshaun Prince,Dwight Howard,J.J. Redick,Jameer Nelson,Matt Barnes,Rashard Lewis,2,2:39,ORL,shot,,,,,,,,,,Jameer Nelson,,,,missed,,layup,25,6
Ben Gordon,Ben Wallace,Richard Hamilton,Rodney Stuckey,Tayshaun Prince,Dwight Howard,J.J. Redick,Jameer Nelson,Matt Barnes,Rashard Lewis,2,2:37,ORL,rebound,,,,,,,,,,Matt Barnes,,,,,,off,,
Ben Gordon,Ben Wallace,Richard Hamilton,Rodney Stuckey,Tayshaun Prince,Dwight Howard,J.J. Redick,Jameer Nelson,Matt Barnes,Rashard Lewis,2,2:37,ORL,shot,,,,,,,,,,Matt Barnes,,,,missed,,tip,25,6
Ben Gordon,Ben Wallace,Richard Hamilton,Rodney Stuckey,Tayshaun Prince,Dwight Howard,J.J. Redick,Jameer Nelson,Matt Barnes,Rashard Lewis,2,2:36,DET,rebound,,,,,,,,,,Ben Wallace,,,,,,def,,
Ben Gordon,Ben Wallace,Richard Hamilton,Rodney Stuckey,Tayshaun Prince,Dwight Howard,J.J. Redick,Jameer Nelson,Matt Barnes,Rashard Lewis,2,2:31,DET,shot,Rodney Stuckey,,,,,,,,,Tayshaun Prince,2,,,made,,dunk,25,6
Ben Gordon,Ben Wallace,Richard Hamilton,Rodney Stuckey,Tayshaun Prince,Dwight Howard,J.J. Redick,Jameer Nelson,Matt Barnes,Rashard Lewis,2,2:16,DET,foul,,,,,,,,,,Richard Hamilton,,,,,,defense 3 second,,
Ben Gordon,Ben Wallace,Richard Hamilton,Rodney Stuckey,Tayshaun Prince,Dwight Howard,J.J. Redick,Jameer Nelson,Matt Barnes,Rashard Lewis,2,2:16,ORL,free throw,,,,,,,1,,1,J.J. Redick,,,technical,made,,,,
Ben Gordon,Ben Wallace,Richard Hamilton,Rodney Stuckey,Tayshaun Prince,Dwight Howard,J.J. Redick,Jameer Nelson,Matt Barnes,Rashard Lewis,2,2:03,ORL,turnover,,,,,,,,,,Dwight Howard,,,bad pass,,Ben Wallace,,,
Ben Gordon,Ben Wallace,Richard Hamilton,Rodney Stuckey,Tayshaun Prince,Dwight Howard,J.J. Redick,Jameer Nelson,Matt Barnes,Rashard Lewis,2,1:58,DET,shot,Tayshaun Prince,,,,,,,,,Ben Gordon,2,,,made,,jump,14,5
Ben Gordon,Ben Wallace,Richard Hamilton,Rodney Stuckey,Tayshaun Prince,Dwight Howard,J.J. Redick,Jameer Nelson,Matt Barnes,Rashard Lewis,2,1:42,ORL,turnover,,,,,,,,,,Matt Barnes,,,bad pass,,,,,
Ben Gordon,Ben Wallace,Richard Hamilton,Rodney Stuckey,Tayshaun Prince,Dwight Howard,J.J. Redick,Jameer Nelson,Matt Barnes,Rashard Lewis,2,1:32,ORL,foul,,,,,,,,Richard Hamilton,,Matt Barnes,,,,,,personal,,
Ben Gordon,Ben Wallace,Richard Hamilton,Rodney Stuckey,Tayshaun Prince,Dwight Howard,J.J. Redick,Jameer Nelson,Matt Barnes,Rashard Lewis,2,1:32,DET,free throw,,,,,,,1,,2,Richard Hamilton,,,foul,made,,,,
Ben Gordon,Ben Wallace,Richard Hamilton,Rodney Stuckey,Tayshaun Prince,Dwight Howard,J.J. Redick,Jameer Nelson,Matt Barnes,Rashard Lewis,2,1:32,DET,free throw,,,,,,,2,,2,Richard Hamilton,,,foul,made,,,,
Ben Gordon,Ben Wallace,Richard Hamilton,Rodney Stuckey,Tayshaun Prince,Dwight Howard,J.J. Redick,Jameer Nelson,Matt Barnes,Rashard Lewis,2,1:09,ORL,shot,,,,,,,,,,Jameer Nelson,2,,,made,,jump,38,16
Ben Gordon,Ben Wallace,Richard Hamilton,Rodney Stuckey,Tayshaun Prince,Dwight Howard,J.J. Redick,Jameer Nelson,Matt Barnes,Rashard Lewis,2,0:49,ORL,foul,,,,,,,,Richard Hamilton,,Matt Barnes,,,,,,personal,,
Ben Gordon,Ben Wallace,Richard Hamilton,Rodney Stuckey,Tayshaun Prince,Dwight Howard,J.J. Redick,Jameer Nelson,Matt Barnes,Rashard Lewis,2,0:49,DET,free throw,,,,,,,1,,2,Richard Hamilton,,,foul,made,,,,
Ben Gordon,Ben Wallace,Richard Hamilton,Rodney Stuckey,Tayshaun Prince,Dwight Howard,J.J. Redick,Jameer Nelson,Matt Barnes,Rashard Lewis,2,0:49,DET,free throw,,,,,,,2,,2,Richard Hamilton,,,foul,made,,,,
Ben Gordon,Ben Wallace,Richard Hamilton,Rodney Stuckey,Tayshaun Prince,Dwight Howard,J.J. Redick,Jameer Nelson,Matt Barnes,Rashard Lewis,2,0:40,DET,foul,,,,,,,,J.J. Redick,,Richard Hamilton,,,,,,personal,,
Ben Gordon,Ben Wallace,Richard Hamilton,Rodney Stuckey,Tayshaun Prince,Dwight Howard,J.J. Redick,Jameer Nelson,Matt Barnes,Rashard Lewis,2,0:40,ORL,free throw,,,,,,,1,,2,J.J. Redick,,,foul,made,,,,
Ben Gordon,Ben Wallace,Richard Hamilton,Rodney Stuckey,Tayshaun Prince,Dwight Howard,J.J. Redick,Jameer Nelson,Matt Barnes,Rashard Lewis,2,0:40,ORL,free throw,,,,,,,2,,2,J.J. Redick,,,foul,made,,,,
Ben Gordon,Ben Wallace,Richard Hamilton,Rodney Stuckey,Tayshaun Prince,Dwight Howard,J.J. Redick,Jameer Nelson,Matt Barnes,Rashard Lewis,2,0:29,DET,shot,,,,,,,,,,Richard Hamilton,,,,missed,,3pt,47,6
Ben Gordon,Ben Wallace,Richard Hamilton,Rodney Stuckey,Tayshaun Prince,Dwight Howard,J.J. Redick,Jameer Nelson,Matt Barnes,Rashard Lewis,2,0:29,DET,rebound,,,,,,,,,,,,,,,,,,
Ben Gordon,Ben Wallace,Richard Hamilton,Rodney Stuckey,Tayshaun Prince,Dwight Howard,J.J. Redick,Jameer Nelson,Matt Barnes,Rashard Lewis,2,0:29,ORL,foul,,,,,,,,Ben Wallace,,Rashard Lewis,,,,,,loose ball,,
Ben Gordon,Ben Wallace,Richard Hamilton,Rodney Stuckey,Tayshaun Prince,Dwight Howard,J.J. Redick,Jameer Nelson,Matt Barnes,Rashard Lewis,2,0:29,DET,free throw,,,,,,,1,,2,Ben Wallace,,,foul,made,,,,
Ben Wallace,Jonas Jerebko,Richard Hamilton,Rodney Stuckey,Tayshaun Prince,Dwight Howard,J.J. Redick,Jameer Nelson,Matt Barnes,Rashard Lewis,2,0:29,DET,sub,,,,Jonas Jerebko,,Ben Gordon,,,,,,,,,,,,
Ben Wallace,Jonas Jerebko,Richard Hamilton,Rodney Stuckey,Tayshaun Prince,Dwight Howard,J.J. Redick,Jameer Nelson,Matt Barnes,Rashard Lewis,2,0:29,DET,free throw,,,,,,,2,,2,Ben Wallace,,,foul,missed,,,,
Ben Wallace,Jonas Jerebko,Richard Hamilton,Rodney Stuckey,Tayshaun Prince,Dwight Howard,J.J. Redick,Jameer Nelson,Matt Barnes,Rashard Lewis,2,0:28,ORL,rebound,,,,,,,,,,Matt Barnes,,,,,,def,,
Ben Wallace,Jonas Jerebko,Richard Hamilton,Rodney Stuckey,Tayshaun Prince,Dwight Howard,J.J. Redick,Jameer Nelson,Matt Barnes,Rashard Lewis,2,0:06,ORL,shot,,,,,,,,,,Jameer Nelson,,,,missed,,3pt,41,26
Ben Wallace,Jonas Jerebko,Richard Hamilton,Rodney Stuckey,Tayshaun Prince,Dwight Howard,J.J. Redick,Jameer Nelson,Matt Barnes,Rashard Lewis,2,0:06,ORL,rebound,,,,,,,,,,,,,,,,,,
Ben Wallace,Jonas Jerebko,Richard Hamilton,Rodney Stuckey,Tayshaun Prince,Dwight Howard,J.J. Redick,Jameer Nelson,Matt Barnes,Rashard Lewis,2,0:06,DET,foul,,,,,,,,Dwight Howard,,Rodney Stuckey,,,,,,loose ball,,
Ben Wallace,Jonas Jerebko,Richard Hamilton,Rodney Stuckey,Tayshaun Prince,Dwight Howard,J.J. Redick,Jameer Nelson,Matt Barnes,Rashard Lewis,2,0:06,ORL,free throw,,,,,,,1,,2,Dwight Howard,,,foul,missed,,,,
Ben Wallace,Jonas Jerebko,Richard Hamilton,Rodney Stuckey,Tayshaun Prince,Dwight Howard,J.J. Redick,Jameer Nelson,Matt Barnes,Rashard Lewis,2,0:06,ORL,rebound,,,,,,,,,,,,,,,,,,
Ben Wallace,Jonas Jerebko,Richard Hamilton,Rodney Stuckey,Tayshaun Prince,Dwight Howard,J.J. Redick,Jameer Nelson,Mickael Pietrus,Rashard Lewis,2,0:06,ORL,sub,,,,Mickael Pietrus,,Matt Barnes,,,,,,,,,,,,
Ben Wallace,Jonas Jerebko,Richard Hamilton,Rodney Stuckey,Tayshaun Prince,Dwight Howard,J.J. Redick,Jameer Nelson,Mickael Pietrus,Rashard Lewis,2,0:06,DET,timeout,,,,,,,,,,,,,,,,short,,
Ben Gordon,Ben Wallace,Richard Hamilton,Rodney Stuckey,Tayshaun Prince,Dwight Howard,J.J. Redick,Jameer Nelson,Mickael Pietrus,Rashard Lewis,2,0:06,DET,sub,,,,Ben Gordon,,Jonas Jerebko,,,,,,,,,,,,
Ben Gordon,Ben Wallace,Richard Hamilton,Rodney Stuckey,Tayshaun Prince,Dwight Howard,J.J. Redick,Jameer Nelson,Mickael Pietrus,Rashard Lewis,2,0:06,ORL,free throw,,,,,,,2,,2,Dwight Howard,,,foul,made,,,,
Ben Gordon,Ben Wallace,Richard Hamilton,Rodney Stuckey,Tayshaun Prince,Dwight Howard,J.J. Redick,Jameer Nelson,Mickael Pietrus,Rashard Lewis,2,0:00,DET,shot,,,,,,,,,,Tayshaun Prince,,,,missed,,3pt,10,26
Ben Gordon,Ben Wallace,Richard Hamilton,Rodney Stuckey,Tayshaun Prince,Dwight Howard,J.J. Redick,Jameer Nelson,Mickael Pietrus,Rashard Lewis,2,0:00,DET,rebound,,,,,,,,,,,,,,,,,,
Ben Wallace,Jonas Jerebko,Richard Hamilton,Rodney Stuckey,Tayshaun Prince,Dwight Howard,Jameer Nelson,Matt Barnes,Rashard Lewis,Vince Carter,3,11:49,DET,foul,,,,,,,,Rashard Lewis,,Jonas Jerebko,,,,,,personal,,
Ben Wallace,Jonas Jerebko,Richard Hamilton,Rodney Stuckey,Tayshaun Prince,Dwight Howard,Jameer Nelson,Matt Barnes,Rashard Lewis,Vince Carter,3,11:39,ORL,shot,,,,,,,,,,Rashard Lewis,2,,,made,,hook,32,11
Ben Wallace,Jonas Jerebko,Richard Hamilton,Rodney Stuckey,Tayshaun Prince,Dwight Howard,Jameer Nelson,Matt Barnes,Rashard Lewis,Vince Carter,3,11:39,DET,foul,,,,,,,,Rashard Lewis,,Jonas Jerebko,,,,,,shooting,,
Ben Wallace,Jonas Jerebko,Richard Hamilton,Rodney Stuckey,Tayshaun Prince,Dwight Howard,Jameer Nelson,Matt Barnes,Rashard Lewis,Vince Carter,3,11:39,ORL,free throw,,,,,,,1,,1,Rashard Lewis,,,foul,made,,,,
Ben Wallace,Jonas Jerebko,Richard Hamilton,Rodney Stuckey,Tayshaun Prince,Dwight Howard,Jameer Nelson,Matt Barnes,Rashard Lewis,Vince Carter,3,11:32,ORL,foul,,,,,,,,Jonas Jerebko,,Rashard Lewis,,,,,,personal,,
Ben Wallace,Jonas Jerebko,Richard Hamilton,Rodney Stuckey,Tayshaun Prince,Dwight Howard,Jameer Nelson,Matt Barnes,Rashard Lewis,Vince Carter,3,11:20,DET,shot,,,,,,,,,,Richard Hamilton,,,,missed,,running jump,24,12
Ben Wallace,Jonas Jerebko,Richard Hamilton,Rodney Stuckey,Tayshaun Prince,Dwight Howard,Jameer Nelson,Matt Barnes,Rashard Lewis,Vince Carter,3,11:18,ORL,rebound,,,,,,,,,,Rashard Lewis,,,,,,def,,
Ben Wallace,Jonas Jerebko,Richard Hamilton,Rodney Stuckey,Tayshaun Prince,Dwight Howard,Jameer Nelson,Matt Barnes,Rashard Lewis,Vince Carter,3,11:10,ORL,shot,Jameer Nelson,,,,,,,,,Dwight Howard,2,,,made,,jump hook,24,12
Ben Wallace,Jonas Jerebko,Richard Hamilton,Rodney Stuckey,Tayshaun Prince,Dwight Howard,Jameer Nelson,Matt Barnes,Rashard Lewis,Vince Carter,3,10:45,DET,shot,Rodney Stuckey,,,,,,,,,Richard Hamilton,2,,,made,,jump,40,10
Ben Wallace,Jonas Jerebko,Richard Hamilton,Rodney Stuckey,Tayshaun Prince,Dwight Howard,Jameer Nelson,Matt Barnes,Rashard Lewis,Vince Carter,3,10:32,ORL,shot,,,,,,,,,,Dwight Howard,,,,missed,,layup,25,6
Ben Wallace,Jonas Jerebko,Richard Hamilton,Rodney Stuckey,Tayshaun Prince,Dwight Howard,Jameer Nelson,Matt Barnes,Rashard Lewis,Vince Carter,3,10:29,DET,rebound,,,,,,,,,,Rodney Stuckey,,,,,,def,,
Ben Wallace,Jonas Jerebko,Richard Hamilton,Rodney Stuckey,Tayshaun Prince,Dwight Howard,Jameer Nelson,Matt Barnes,Rashard Lewis,Vince Carter,3,10:27,ORL,foul,,,,,,,,Rodney Stuckey,,Rashard Lewis,,,,,,shooting,,
Ben Wallace,Jonas Jerebko,Richard Hamilton,Rodney Stuckey,Tayshaun Prince,Dwight Howard,Jameer Nelson,Matt Barnes,Rashard Lewis,Vince Carter,3,10:27,DET,free throw,,,,,,,1,,2,Rodney Stuckey,,,foul,missed,,,,
Ben Wallace,Jonas Jerebko,Richard Hamilton,Rodney Stuckey,Tayshaun Prince,Dwight Howard,Jameer Nelson,Matt Barnes,Rashard Lewis,Vince Carter,3,10:27,DET,rebound,,,,,,,,,,,,,,,,,,
Ben Wallace,Jonas Jerebko,Richard Hamilton,Rodney Stuckey,Tayshaun Prince,Dwight Howard,Jameer Nelson,Matt Barnes,Rashard Lewis,Vince Carter,3,10:27,DET,free throw,,,,,,,2,,2,Rodney Stuckey,,,foul,made,,,,
Ben Wallace,Jonas Jerebko,Richard Hamilton,Rodney Stuckey,Tayshaun Prince,Dwight Howard,Jameer Nelson,Matt Barnes,Rashard Lewis,Vince Carter,3,10:07,ORL,shot,,,,,,,,,,Rashard Lewis,,,,missed,,layup,25,6
Ben Wallace,Jonas Jerebko,Richard Hamilton,Rodney Stuckey,Tayshaun Prince,Dwight Howard,Jameer Nelson,Matt Barnes,Rashard Lewis,Vince Carter,3,10:06,DET,rebound,,,,,,,,,,Ben Wallace,,,,,,def,,
Ben Wallace,Jonas Jerebko,Richard Hamilton,Rodney Stuckey,Tayshaun Prince,Dwight Howard,Jameer Nelson,Matt Barnes,Rashard Lewis,Vince Carter,3,10:03,DET,turnover,,,,,,,,,,Rodney Stuckey,,,bad pass,,,,,
Ben Wallace,Jonas Jerebko,Richard Hamilton,Rodney Stuckey,Tayshaun Prince,Dwight Howard,Jameer Nelson,Matt Barnes,Rashard Lewis,Vince Carter,3,9:49,ORL,shot,Vince Carter,,,,,,,,,Dwight Howard,2,,,made,,slam dunk,25,6
Ben Wallace,Jonas Jerebko,Richard Hamilton,Rodney Stuckey,Tayshaun Prince,Dwight Howard,Jameer Nelson,Matt Barnes,Rashard Lewis,Vince Carter,3,9:32,DET,shot,,,Dwight Howard,,,,,,,Rodney Stuckey,,,,missed,,jump,24,10
Ben Wallace,Jonas Jerebko,Richard Hamilton,Rodney Stuckey,Tayshaun Prince,Dwight Howard,Jameer Nelson,Matt Barnes,Rashard Lewis,Vince Carter,3,9:29,DET,rebound,,,,,,,,,,Richard Hamilton,,,,,,off,,
Ben Wallace,Jonas Jerebko,Richard Hamilton,Rodney Stuckey,Tayshaun Prince,Dwight Howard,Jameer Nelson,Matt Barnes,Rashard Lewis,Vince Carter,3,9:22,DET,turnover,,,,,,,,,,,,,shot clock turnover,,,,,
Ben Wallace,Jonas Jerebko,Richard Hamilton,Rodney Stuckey,Tayshaun Prince,Dwight Howard,Jameer Nelson,Matt Barnes,Rashard Lewis,Vince Carter,3,9:04,ORL,shot,,,,,,,,,,Matt Barnes,,,,missed,,driving layup,25,6
Ben Wallace,Jonas Jerebko,Richard Hamilton,Rodney Stuckey,Tayshaun Prince,Dwight Howard,Jameer Nelson,Matt Barnes,Rashard Lewis,Vince Carter,3,9:01,DET,rebound,,,,,,,,,,Rodney Stuckey,,,,,,def,,
Ben Wallace,Jonas Jerebko,Richard Hamilton,Rodney Stuckey,Tayshaun Prince,Dwight Howard,Jameer Nelson,Matt Barnes,Rashard Lewis,Vince Carter,3,8:52,DET,foul,,,,,,,,Matt Barnes,,Richard Hamilton,,,,,,offensive,,
Ben Wallace,Jonas Jerebko,Richard Hamilton,Rodney Stuckey,Tayshaun Prince,Dwight Howard,Jameer Nelson,Matt Barnes,Rashard Lewis,Vince Carter,3,8:52,DET,turnover,,,,,,,,,,Richard Hamilton,,,foul,,,,,
Ben Wallace,Jonas Jerebko,Richard Hamilton,Rodney Stuckey,Tayshaun Prince,Dwight Howard,Jameer Nelson,Matt Barnes,Rashard Lewis,Vince Carter,3,8:36,ORL,shot,Matt Barnes,,,,,,,,,Rashard Lewis,3,,,made,,3pt,1,5
Ben Wallace,Jonas Jerebko,Richard Hamilton,Rodney Stuckey,Tayshaun Prince,Dwight Howard,Jameer Nelson,Matt Barnes,Rashard Lewis,Vince Carter,3,8:10,DET,shot,,,,,,,,,,Tayshaun Prince,,,,missed,,jump,5,6
Ben Wallace,Jonas Jerebko,Richard Hamilton,Rodney Stuckey,Tayshaun Prince,Dwight Howard,Jameer Nelson,Matt Barnes,Rashard Lewis,Vince Carter,3,8:08,ORL,rebound,,,,,,,,,,Dwight Howard,,,,,,def,,
Ben Wallace,Jonas Jerebko,Richard Hamilton,Rodney Stuckey,Tayshaun Prince,Dwight Howard,Jameer Nelson,Matt Barnes,Rashard Lewis,Vince Carter,3,8:01,ORL,shot,,,,,,,,,,Rashard Lewis,,,,missed,,3pt,11,28
Ben Wallace,Jonas Jerebko,Richard Hamilton,Rodney Stuckey,Tayshaun Prince,Dwight Howard,Jameer Nelson,Matt Barnes,Rashard Lewis,Vince Carter,3,7:59,DET,rebound,,,,,,,,,,Tayshaun Prince,,,,,,def,,
Ben Wallace,Jonas Jerebko,Richard Hamilton,Rodney Stuckey,Tayshaun Prince,Dwight Howard,Jameer Nelson,Matt Barnes,Rashard Lewis,Vince Carter,3,7:48,DET,shot,,,Dwight Howard,,,,,,,Rodney Stuckey,,,,missed,,driving layup,25,6
Ben Wallace,Jonas Jerebko,Richard Hamilton,Rodney Stuckey,Tayshaun Prince,Dwight Howard,Jameer Nelson,Matt Barnes,Rashard Lewis,Vince Carter,3,7:48,DET,rebound,,,,,,,,,,,,,,,,,,
Ben Wallace,Jonas Jerebko,Richard Hamilton,Rodney Stuckey,Tayshaun Prince,Dwight Howard,Jameer Nelson,Matt Barnes,Rashard Lewis,Vince Carter,3,7:42,DET,shot,Rodney Stuckey,,,,,,,,,Richard Hamilton,2,,,made,,jump,24,23
Ben Wallace,Jonas Jerebko,Richard Hamilton,Rodney Stuckey,Tayshaun Prince,Dwight Howard,Jameer Nelson,Matt Barnes,Rashard Lewis,Vince Carter,3,7:24,ORL,shot,Rashard Lewis,,,,,,,,,Vince Carter,3,,,made,,3pt,43,24
Ben Wallace,Jonas Jerebko,Richard Hamilton,Rodney Stuckey,Tayshaun Prince,Dwight Howard,Jameer Nelson,Matt Barnes,Rashard Lewis,Vince Carter,3,7:07,ORL,foul,,,,,,,,Jonas Jerebko,,Matt Barnes,,,,,,flagrant type 1,,
Ben Wallace,Jonas Jerebko,Richard Hamilton,Rodney Stuckey,Tayshaun Prince,Dwight Howard,Jameer Nelson,Matt Barnes,Rashard Lewis,Vince Carter,3,7:07,DET,free throw,,,,,,,2,,2,Jonas Jerebko,,,flagrant,made,,,,
Ben Wallace,Jonas Jerebko,Richard Hamilton,Rodney Stuckey,Tayshaun Prince,Dwight Howard,Jameer Nelson,Matt Barnes,Rashard Lewis,Vince Carter,3,7:07,DET,free throw,,,,,,,1,,1,Jonas Jerebko,,,flagrant,made,,,,
Ben Wallace,Jonas Jerebko,Richard Hamilton,Rodney Stuckey,Tayshaun Prince,Dwight Howard,Jameer Nelson,Matt Barnes,Rashard Lewis,Vince Carter,3,6:53,DET,shot,,,Dwight Howard,,,,,,,Tayshaun Prince,,,,missed,,layup,25,6
Ben Wallace,Jonas Jerebko,Richard Hamilton,Rodney Stuckey,Tayshaun Prince,Dwight Howard,Jameer Nelson,Matt Barnes,Rashard Lewis,Vince Carter,3,6:51,ORL,rebound,,,,,,,,,,Jameer Nelson,,,,,,def,,
Ben Wallace,Jonas Jerebko,Richard Hamilton,Rodney Stuckey,Tayshaun Prince,Dwight Howard,Jameer Nelson,Matt Barnes,Rashard Lewis,Vince Carter,3,6:45,ORL,shot,,,,,,,,,,Rashard Lewis,,,,missed,,layup,25,6
Ben Wallace,Jonas Jerebko,Richard Hamilton,Rodney Stuckey,Tayshaun Prince,Dwight Howard,Jameer Nelson,Matt Barnes,Rashard Lewis,Vince Carter,3,6:44,ORL,rebound,,,,,,,,,,Rashard Lewis,,,,,,off,,
Ben Wallace,Jonas Jerebko,Richard Hamilton,Rodney Stuckey,Tayshaun Prince,Dwight Howard,Jameer Nelson,Matt Barnes,Rashard Lewis,Vince Carter,3,6:44,ORL,shot,,,,,,,,,,Rashard Lewis,,,,missed,,tip,25,6
Ben Wallace,Jonas Jerebko,Richard Hamilton,Rodney Stuckey,Tayshaun Prince,Dwight Howard,Jameer Nelson,Matt Barnes,Rashard Lewis,Vince Carter,3,6:42,ORL,rebound,,,,,,,,,,Dwight Howard,,,,,,off,,
Ben Wallace,Jonas Jerebko,Richard Hamilton,Rodney Stuckey,Tayshaun Prince,Dwight Howard,Jameer Nelson,Matt Barnes,Rashard Lewis,Vince Carter,3,6:41,ORL,shot,,,,,,,,,,Dwight Howard,2,,,made,,putback layup,25,6
Ben Wallace,Jonas Jerebko,Richard Hamilton,Rodney Stuckey,Tayshaun Prince,Dwight Howard,Jameer Nelson,Matt Barnes,Rashard Lewis,Vince Carter,3,6:22,DET,shot,,,,,,,,,,Rodney Stuckey,,,,missed,,jump,8,14
Ben Wallace,Jonas Jerebko,Richard Hamilton,Rodney Stuckey,Tayshaun Prince,Dwight Howard,Jameer Nelson,Matt Barnes,Rashard Lewis,Vince Carter,3,6:20,ORL,rebound,,,,,,,,,,Dwight Howard,,,,,,def,,
Ben Wallace,Jonas Jerebko,Richard Hamilton,Rodney Stuckey,Tayshaun Prince,Dwight Howard,Jameer Nelson,Matt Barnes,Rashard Lewis,Vince Carter,3,6:09,ORL,shot,Jameer Nelson,,,,,,,,,Vince Carter,3,,,made,,3pt,45,24
Ben Wallace,Jonas Jerebko,Richard Hamilton,Rodney Stuckey,Tayshaun Prince,Dwight Howard,Jameer Nelson,Matt Barnes,Rashard Lewis,Vince Carter,3,6:08,DET,timeout,,,,,,,,,,,,,,,,regular,,
Ben Wallace,Jonas Jerebko,Richard Hamilton,Rodney Stuckey,Tayshaun Prince,Dwight Howard,Jameer Nelson,Matt Barnes,Rashard Lewis,Vince Carter,3,5:42,DET,shot,Rodney Stuckey,,,,,,,,,Tayshaun Prince,2,,,made,,jump bank,7,6
Ben Wallace,Jonas Jerebko,Richard Hamilton,Rodney Stuckey,Tayshaun Prince,Dwight Howard,Jameer Nelson,Matt Barnes,Rashard Lewis,Vince Carter,3,5:21,ORL,shot,,,Jonas Jerebko,,,,,,,Jameer Nelson,,,,missed,,3pt,49,5
Ben Wallace,Jonas Jerebko,Richard Hamilton,Rodney Stuckey,Tayshaun Prince,Dwight Howard,Jameer Nelson,Matt Barnes,Rashard Lewis,Vince Carter,3,5:19,DET,rebound,,,,,,,,,,Richard Hamilton,,,,,,def,,
Ben Wallace,Jonas Jerebko,Richard Hamilton,Rodney Stuckey,Tayshaun Prince,Dwight Howard,Jameer Nelson,Matt Barnes,Rashard Lewis,Vince Carter,3,5:02,DET,shot,,,,,,,,,,Tayshaun Prince,,,,missed,,jump,44,10
Ben Wallace,Jonas Jerebko,Richard Hamilton,Rodney Stuckey,Tayshaun Prince,Dwight Howard,Jameer Nelson,Matt Barnes,Rashard Lewis,Vince Carter,3,5:00,ORL,rebound,,,,,,,,,,Dwight Howard,,,,,,def,,
Ben Wallace,Jonas Jerebko,Richard Hamilton,Rodney Stuckey,Tayshaun Prince,Dwight Howard,Jameer Nelson,Matt Barnes,Rashard Lewis,Vince Carter,3,4:40,DET,foul,,,,,,,,Jameer Nelson,,Ben Wallace,,,,,,shooting,,
Ben Wallace,Jonas Jerebko,Richard Hamilton,Rodney Stuckey,Tayshaun Prince,Dwight Howard,Jameer Nelson,Matt Barnes,Rashard Lewis,Vince Carter,3,4:40,ORL,free throw,,,,,,,1,,2,Jameer Nelson,,,foul,missed,,,,
Ben Wallace,Jonas Jerebko,Richard Hamilton,Rodney Stuckey,Tayshaun Prince,Dwight Howard,Jameer Nelson,Matt Barnes,Rashard Lewis,Vince Carter,3,4:40,ORL,rebound,,,,,,,,,,,,,,,,,,
Ben Wallace,Jonas Jerebko,Richard Hamilton,Rodney Stuckey,Tayshaun Prince,Dwight Howard,Jameer Nelson,Matt Barnes,Rashard Lewis,Vince Carter,3,4:40,ORL,free throw,,,,,,,2,,2,Jameer Nelson,,,foul,made,,,,
Ben Wallace,Jonas Jerebko,Richard Hamilton,Rodney Stuckey,Tayshaun Prince,Dwight Howard,Jameer Nelson,Matt Barnes,Rashard Lewis,Vince Carter,3,4:23,DET,shot,,,,,,,,,,Tayshaun Prince,2,,,made,,dunk,25,6
Ben Wallace,Jonas Jerebko,Richard Hamilton,Rodney Stuckey,Tayshaun Prince,Dwight Howard,Jameer Nelson,Matt Barnes,Rashard Lewis,Vince Carter,3,3:59,ORL,shot,,,,,,,,,,Rashard Lewis,,,,missed,,turnaround jump,37,5
Ben Wallace,Jonas Jerebko,Richard Hamilton,Rodney Stuckey,Tayshaun Prince,Dwight Howard,Jameer Nelson,Matt Barnes,Rashard Lewis,Vince Carter,3,3:57,DET,rebound,,,,,,,,,,Ben Wallace,,,,,,def,,
Ben Wallace,Jonas Jerebko,Richard Hamilton,Rodney Stuckey,Tayshaun Prince,Dwight Howard,Jameer Nelson,Matt Barnes,Rashard Lewis,Vince Carter,3,3:45,DET,shot,,,,,,,,,,Richard Hamilton,,,,missed,,3pt,36,30
Ben Wallace,Jonas Jerebko,Richard Hamilton,Rodney Stuckey,Tayshaun Prince,Dwight Howard,Jameer Nelson,Matt Barnes,Rashard Lewis,Vince Carter,3,3:43,ORL,rebound,,,,,,,,,,Dwight Howard,,,,,,def,,
Ben Wallace,Jonas Jerebko,Richard Hamilton,Rodney Stuckey,Tayshaun Prince,Dwight Howard,Jameer Nelson,Matt Barnes,Rashard Lewis,Vince Carter,3,3:31,ORL,shot,Jameer Nelson,,,,,,,,,Rashard Lewis,3,,,made,,3pt,43,26
Ben Wallace,Jonas Jerebko,Richard Hamilton,Rodney Stuckey,Tayshaun Prince,Dwight Howard,Jameer Nelson,Matt Barnes,Rashard Lewis,Vince Carter,3,3:11,DET,shot,,,,,,,,,,Jonas Jerebko,,,,missed,,layup,25,6
Ben Wallace,Jonas Jerebko,Richard Hamilton,Rodney Stuckey,Tayshaun Prince,Dwight Howard,Jameer Nelson,Matt Barnes,Rashard Lewis,Vince Carter,3,3:07,DET,rebound,,,,,,,,,,Jonas Jerebko,,,,,,off,,
Ben Wallace,Jonas Jerebko,Richard Hamilton,Rodney Stuckey,Tayshaun Prince,Dwight Howard,Jameer Nelson,Matt Barnes,Rashard Lewis,Vince Carter,3,3:07,DET,shot,,,,,,,,,,Jonas Jerebko,2,,,made,,tip,25,6
Ben Wallace,Jonas Jerebko,Richard Hamilton,Rodney Stuckey,Tayshaun Prince,Dwight Howard,Jameer Nelson,Matt Barnes,Rashard Lewis,Vince Carter,3,2:48,ORL,shot,,,,,,,,,,Jameer Nelson,2,,,made,,jump,27,9
Ben Wallace,Jonas Jerebko,Richard Hamilton,Rodney Stuckey,Tayshaun Prince,Dwight Howard,Jameer Nelson,Matt Barnes,Rashard Lewis,Vince Carter,3,2:43,ORL,foul,,,,,,,,Rodney Stuckey,,Jameer Nelson,,,,,,shooting,,
Ben Wallace,Jonas Jerebko,Richard Hamilton,Rodney Stuckey,Tayshaun Prince,Dwight Howard,Jameer Nelson,Matt Barnes,Rashard Lewis,Vince Carter,3,2:43,ORL,timeout,,,,,,,,,,,,,,,,regular,,
Ben Wallace,Jonas Jerebko,Richard Hamilton,Rodney Stuckey,Tayshaun Prince,Dwight Howard,Jason Williams,Matt Barnes,Rashard Lewis,Vince Carter,3,2:43,ORL,sub,,,,Jason Williams,,Jameer Nelson,,,,,,,,,,,,
Ben Gordon,Ben Wallace,Jonas Jerebko,Richard Hamilton,Rodney Stuckey,Dwight Howard,Jason Williams,Matt Barnes,Rashard Lewis,Vince Carter,3,2:43,DET,sub,,,,Ben Gordon,,Tayshaun Prince,,,,,,,,,,,,
Ben Gordon,Ben Wallace,Jonas Jerebko,Richard Hamilton,Rodney Stuckey,Dwight Howard,Jason Williams,Matt Barnes,Rashard Lewis,Vince Carter,3,2:43,DET,free throw,,,,,,,1,,2,Rodney Stuckey,,,foul,made,,,,
Ben Gordon,Ben Wallace,Jonas Jerebko,Richard Hamilton,Rodney Stuckey,Dwight Howard,Jason Williams,Matt Barnes,Rashard Lewis,Vince Carter,3,2:43,DET,free throw,,,,,,,2,,2,Rodney Stuckey,,,foul,made,,,,
Ben Gordon,Ben Wallace,Jonas Jerebko,Richard Hamilton,Rodney Stuckey,Dwight Howard,Jason Williams,Matt Barnes,Rashard Lewis,Vince Carter,3,2:26,ORL,shot,,,,,,,,,,Dwight Howard,,,,missed,,hook,25,12
Ben Gordon,Ben Wallace,Jonas Jerebko,Richard Hamilton,Rodney Stuckey,Dwight Howard,Jason Williams,Matt Barnes,Rashard Lewis,Vince Carter,3,2:24,DET,rebound,,,,,,,,,,Rodney Stuckey,,,,,,def,,
Ben Gordon,Ben Wallace,Jonas Jerebko,Richard Hamilton,Will Bynum,Dwight Howard,Jason Williams,Matt Barnes,Rashard Lewis,Vince Carter,3,2:15,DET,sub,,,,Will Bynum,,Rodney Stuckey,,,,,,,,,,,,
Ben Gordon,Jason Maxiell,Jonas Jerebko,Richard Hamilton,Will Bynum,Dwight Howard,Jason Williams,Matt Barnes,Rashard Lewis,Vince Carter,3,2:15,DET,sub,,,,Jason Maxiell,,Ben Wallace,,,,,,,,,,,,
Ben Gordon,Jason Maxiell,Jonas Jerebko,Richard Hamilton,Will Bynum,Dwight Howard,Jason Williams,Matt Barnes,Rashard Lewis,Vince Carter,3,2:02,DET,shot,,,Dwight Howard,,,,,,,Jason Maxiell,,,,missed,,jump,24,16
Ben Gordon,Jason Maxiell,Jonas Jerebko,Richard Hamilton,Will Bynum,Dwight Howard,Jason Williams,Matt Barnes,Rashard Lewis,Vince Carter,3,2:00,ORL,rebound,,,,,,,,,,Dwight Howard,,,,,,def,,
Ben Gordon,Jason Maxiell,Jonas Jerebko,Richard Hamilton,Will Bynum,Dwight Howard,Jason Williams,Matt Barnes,Rashard Lewis,Vince Carter,3,1:47,ORL,turnover,,,,,,,,,,Matt Barnes,,,bad pass,,Jonas Jerebko,,,
Ben Gordon,Jason Maxiell,Jonas Jerebko,Richard Hamilton,Will Bynum,Dwight Howard,Jason Williams,Matt Barnes,Rashard Lewis,Vince Carter,3,1:39,DET,shot,,,,,,,,,,Richard Hamilton,2,,,made,,jump,15,12
Ben Gordon,Jason Maxiell,Jonas Jerebko,Richard Hamilton,Will Bynum,Dwight Howard,Jason Williams,Matt Barnes,Rashard Lewis,Vince Carter,3,1:16,ORL,shot,,,,,,,,,,Vince Carter,,,,missed,,3pt,45,22
Ben Gordon,Jason Maxiell,Jonas Jerebko,Richard Hamilton,Will Bynum,Dwight Howard,Jason Williams,Matt Barnes,Rashard Lewis,Vince Carter,3,1:15,DET,rebound,,,,,,,,,,,,,,,,,,
Ben Gordon,Jason Maxiell,Jonas Jerebko,Richard Hamilton,Will Bynum,Dwight Howard,J.J. Redick,Jason Williams,Matt Barnes,Rashard Lewis,3,1:15,ORL,sub,,,,J.J. Redick,,Vince Carter,,,,,,,,,,,,
Ben Gordon,Jason Maxiell,Jonas Jerebko,Richard Hamilton,Will Bynum,Dwight Howard,J.J. Redick,Jason Williams,Matt Barnes,Rashard Lewis,3,1:01,DET,shot,,,Dwight Howard,,,,,,,Ben Gordon,,,,missed,,jump,22,12
Ben Gordon,Jason Maxiell,Jonas Jerebko,Richard Hamilton,Will Bynum,Dwight Howard,J.J. Redick,Jason Williams,Matt Barnes,Rashard Lewis,3,0:58,ORL,rebound,,,,,,,,,,Jason Williams,,,,,,def,,
Ben Gordon,Jason Maxiell,Jonas Jerebko,Richard Hamilton,Will Bynum,Dwight Howard,J.J. Redick,Jason Williams,Matt Barnes,Rashard Lewis,3,0:53,ORL,shot,,,,,,,,,,J.J. Redick,,,,missed,,3pt,10,28
Ben Gordon,Jason Maxiell,Jonas Jerebko,Richard Hamilton,Will Bynum,Dwight Howard,J.J. Redick,Jason Williams,Matt Barnes,Rashard Lewis,3,0:51,ORL,rebound,,,,,,,,,,Dwight Howard,,,,,,off,,
Ben Gordon,Jason Maxiell,Jonas Jerebko,Richard Hamilton,Will Bynum,Dwight Howard,J.J. Redick,Jason Williams,Matt Barnes,Rashard Lewis,3,0:51,DET,foul,,,,,,,,Dwight Howard,,Richard Hamilton,,,,,,shooting,,
Ben Gordon,Jason Maxiell,Jonas Jerebko,Richard Hamilton,Will Bynum,Dwight Howard,J.J. Redick,Jason Williams,Matt Barnes,Rashard Lewis,3,0:51,ORL,free throw,,,,,,,1,,2,Dwight Howard,,,foul,made,,,,
Ben Gordon,Jason Maxiell,Jonas Jerebko,Richard Hamilton,Will Bynum,Dwight Howard,J.J. Redick,Jason Williams,Matt Barnes,Rashard Lewis,3,0:51,ORL,free throw,,,,,,,2,,2,Dwight Howard,,,foul,made,,,,
Ben Gordon,Jason Maxiell,Jonas Jerebko,Richard Hamilton,Will Bynum,Dwight Howard,J.J. Redick,Jason Williams,Matt Barnes,Rashard Lewis,3,0:40,DET,shot,,,,,,,,,,Richard Hamilton,,,,missed,,jump,11,8
Ben Gordon,Jason Maxiell,Jonas Jerebko,Richard Hamilton,Will Bynum,Dwight Howard,J.J. Redick,Jason Williams,Matt Barnes,Rashard Lewis,3,0:39,ORL,rebound,,,,,,,,,,Jason Williams,,,,,,def,,
Ben Gordon,Jason Maxiell,Jonas Jerebko,Richard Hamilton,Will Bynum,Dwight Howard,J.J. Redick,Jason Williams,Matt Barnes,Rashard Lewis,3,0:38,DET,foul,,,,,,,,Matt Barnes,,Richard Hamilton,,,,,,personal,,
Ben Gordon,Jason Maxiell,Jonas Jerebko,Richard Hamilton,Will Bynum,Dwight Howard,J.J. Redick,Jason Williams,Matt Barnes,Rashard Lewis,3,0:38,ORL,free throw,,,,,,,1,,2,Matt Barnes,,,foul,missed,,,,
Ben Gordon,Jason Maxiell,Jonas Jerebko,Richard Hamilton,Will Bynum,Dwight Howard,J.J. Redick,Jason Williams,Matt Barnes,Rashard Lewis,3,0:38,ORL,rebound,,,,,,,,,,,,,,,,,,
Ben Gordon,Jason Maxiell,Jonas Jerebko,Richard Hamilton,Will Bynum,Dwight Howard,J.J. Redick,Jason Williams,Matt Barnes,Ryan Anderson,3,0:38,ORL,sub,,,,Ryan Anderson,,Rashard Lewis,,,,,,,,,,,,
Ben Gordon,Jason Maxiell,Jonas Jerebko,Richard Hamilton,Will Bynum,Dwight Howard,J.J. Redick,Jason Williams,Matt Barnes,Ryan Anderson,3,0:38,ORL,free throw,,,,,,,2,,2,Matt Barnes,,,foul,made,,,,
Ben Gordon,Jason Maxiell,Jonas Jerebko,Richard Hamilton,Will Bynum,Dwight Howard,J.J. Redick,Jason Williams,Matt Barnes,Ryan Anderson,3,0:27,DET,shot,Ben Gordon,,,,,,,,,Jason Maxiell,2,,,made,,dunk,25,6
Ben Gordon,Jason Maxiell,Jonas Jerebko,Richard Hamilton,Will Bynum,Dwight Howard,J.J. Redick,Jason Williams,Matt Barnes,Ryan Anderson,3,0:06,ORL,turnover,,,,,,,,,,Jason Williams,,,bad pass,,Jonas Jerebko,,,
Ben Gordon,Jason Maxiell,Jonas Jerebko,Richard Hamilton,Will Bynum,Dwight Howard,J.J. Redick,Jason Williams,Matt Barnes,Ryan Anderson,3,0:06,ORL,foul,,,,,,,,Jonas Jerebko,,Ryan Anderson,,,,,,clear path,,
Ben Gordon,Jason Maxiell,Jonas Jerebko,Richard Hamilton,Will Bynum,Dwight Howard,J.J. Redick,Jason Williams,Matt Barnes,Ryan Anderson,3,0:06,DET,free throw,,,,,,,1,,2,Jonas Jerebko,,,foul,missed,,,,
Ben Gordon,Jason Maxiell,Jonas Jerebko,Richard Hamilton,Will Bynum,Dwight Howard,J.J. Redick,Jason Williams,Matt Barnes,Ryan Anderson,3,0:06,DET,rebound,,,,,,,,,,,,,,,,,,
Ben Gordon,Jason Maxiell,Jonas Jerebko,Richard Hamilton,Will Bynum,Dwight Howard,J.J. Redick,Jason Williams,Matt Barnes,Ryan Anderson,3,0:06,DET,free throw,,,,,,,2,,2,Jonas Jerebko,,,foul,made,,,,
Ben Gordon,Jason Maxiell,Richard Hamilton,Tayshaun Prince,Will Bynum,Dwight Howard,J.J. Redick,Jason Williams,Matt Barnes,Ryan Anderson,3,0:06,DET,sub,,,,Tayshaun Prince,,Jonas Jerebko,,,,,,,,,,,,
Ben Gordon,Jason Maxiell,Richard Hamilton,Tayshaun Prince,Will Bynum,Dwight Howard,J.J. Redick,Jason Williams,Matt Barnes,Mickael Pietrus,3,0:06,ORL,sub,,,,Mickael Pietrus,,Ryan Anderson,,,,,,,,,,,,
Ben Gordon,Jason Maxiell,Richard Hamilton,Tayshaun Prince,Will Bynum,Dwight Howard,J.J. Redick,Jason Williams,Matt Barnes,Mickael Pietrus,3,0:02,DET,shot,,,,,,,,,,Jason Maxiell,2,,,made,,jump,43,5
Ben Gordon,Jason Maxiell,Richard Hamilton,Tayshaun Prince,Will Bynum,Dwight Howard,J.J. Redick,Jason Williams,Matt Barnes,Mickael Pietrus,3,0:00,ORL,shot,,,,,,,,,,Mickael Pietrus,,,,missed,,3pt,11,55
Ben Gordon,Jason Maxiell,Richard Hamilton,Tayshaun Prince,Will Bynum,Dwight Howard,J.J. Redick,Jason Williams,Matt Barnes,Mickael Pietrus,3,0:00,ORL,rebound,,,,,,,,,,,,,,,,,,
Ben Gordon,Jason Maxiell,Jonas Jerebko,Rodney Stuckey,Will Bynum,Dwight Howard,J.J. Redick,Jason Williams,Mickael Pietrus,Ryan Anderson,4,11:44,DET,shot,,,,,,,,,,Ben Gordon,2,,,made,,jump,13,11
Ben Gordon,Jason Maxiell,Jonas Jerebko,Rodney Stuckey,Will Bynum,Dwight Howard,J.J. Redick,Jason Williams,Mickael Pietrus,Ryan Anderson,4,11:20,ORL,shot,Mickael Pietrus,,,,,,,,,Ryan Anderson,3,,,made,,3pt,49,5
Ben Gordon,Jason Maxiell,Jonas Jerebko,Rodney Stuckey,Will Bynum,Dwight Howard,J.J. Redick,Jason Williams,Mickael Pietrus,Ryan Anderson,4,10:58,DET,shot,Will Bynum,,,,,,,,,Jonas Jerebko,2,,,made,,jump,8,18
Ben Gordon,Jason Maxiell,Jonas Jerebko,Rodney Stuckey,Will Bynum,Dwight Howard,J.J. Redick,Jason Williams,Mickael Pietrus,Ryan Anderson,4,10:31,ORL,shot,,,,,,,,,,Jason Williams,,,,missed,,3pt,8,25
Ben Gordon,Jason Maxiell,Jonas Jerebko,Rodney Stuckey,Will Bynum,Dwight Howard,J.J. Redick,Jason Williams,Mickael Pietrus,Ryan Anderson,4,10:29,ORL,rebound,,,,,,,,,,Dwight Howard,,,,,,off,,
Ben Gordon,Jason Maxiell,Jonas Jerebko,Rodney Stuckey,Will Bynum,Dwight Howard,J.J. Redick,Jason Williams,Mickael Pietrus,Ryan Anderson,4,10:29,DET,foul,,,,,,,,Dwight Howard,,Jonas Jerebko,,,,,,shooting,,
Ben Gordon,Jason Maxiell,Jonas Jerebko,Rodney Stuckey,Will Bynum,Dwight Howard,J.J. Redick,Jason Williams,Mickael Pietrus,Ryan Anderson,4,10:29,ORL,free throw,,,,,,,1,,2,Dwight Howard,,,foul,made,,,,
Ben Gordon,Jason Maxiell,Jonas Jerebko,Rodney Stuckey,Will Bynum,Dwight Howard,J.J. Redick,Jason Williams,Mickael Pietrus,Ryan Anderson,4,10:29,ORL,free throw,,,,,,,2,,2,Dwight Howard,,,foul,missed,,,,
Ben Gordon,Jason Maxiell,Jonas Jerebko,Rodney Stuckey,Will Bynum,Dwight Howard,J.J. Redick,Jason Williams,Mickael Pietrus,Ryan Anderson,4,10:27,DET,rebound,,,,,,,,,,Jason Maxiell,,,,,,def,,
Ben Gordon,Jason Maxiell,Jonas Jerebko,Rodney Stuckey,Will Bynum,Dwight Howard,J.J. Redick,Jason Williams,Mickael Pietrus,Ryan Anderson,4,10:14,DET,shot,,,,,,,,,,Jason Maxiell,,,,missed,,jump,34,14
Ben Gordon,Jason Maxiell,Jonas Jerebko,Rodney Stuckey,Will Bynum,Dwight Howard,J.J. Redick,Jason Williams,Mickael Pietrus,Ryan Anderson,4,10:12,ORL,rebound,,,,,,,,,,Ryan Anderson,,,,,,def,,
Ben Gordon,Jason Maxiell,Jonas Jerebko,Rodney Stuckey,Will Bynum,Dwight Howard,J.J. Redick,Jason Williams,Mickael Pietrus,Ryan Anderson,4,10:06,ORL,turnover,,,,,,,,,,Mickael Pietrus,,,bad pass,,,,,
Ben Gordon,Jason Maxiell,Jonas Jerebko,Rodney Stuckey,Will Bynum,Dwight Howard,J.J. Redick,Jason Williams,Mickael Pietrus,Ryan Anderson,4,9:50,DET,shot,,,,,,,,,,Ben Gordon,,,,missed,,layup,25,6
Ben Gordon,Jason Maxiell,Jonas Jerebko,Rodney Stuckey,Will Bynum,Dwight Howard,J.J. Redick,Jason Williams,Mickael Pietrus,Ryan Anderson,4,9:48,ORL,rebound,,,,,,,,,,Ryan Anderson,,,,,,def,,
Ben Gordon,Jason Maxiell,Jonas Jerebko,Rodney Stuckey,Will Bynum,Dwight Howard,J.J. Redick,Jason Williams,Mickael Pietrus,Ryan Anderson,4,9:32,DET,foul,,,,,,,,Dwight Howard,,Jason Maxiell,,,,,,shooting,,
Ben Gordon,Jason Maxiell,Jonas Jerebko,Rodney Stuckey,Will Bynum,Dwight Howard,J.J. Redick,Jason Williams,Mickael Pietrus,Ryan Anderson,4,9:32,ORL,free throw,,,,,,,1,,2,Dwight Howard,,,foul,made,,,,
Ben Gordon,Jason Maxiell,Jonas Jerebko,Rodney Stuckey,Will Bynum,Dwight Howard,J.J. Redick,Jason Williams,Mickael Pietrus,Ryan Anderson,4,9:32,ORL,free throw,,,,,,,2,,2,Dwight Howard,,,foul,made,,,,
Ben Gordon,Jason Maxiell,Jonas Jerebko,Rodney Stuckey,Will Bynum,Dwight Howard,J.J. Redick,Jason Williams,Mickael Pietrus,Ryan Anderson,4,9:16,DET,foul,,,,,,,,J.J. Redick,,Ben Gordon,,,,,,offensive,,
Ben Gordon,Jason Maxiell,Jonas Jerebko,Rodney Stuckey,Will Bynum,Dwight Howard,J.J. Redick,Jason Williams,Mickael Pietrus,Ryan Anderson,4,9:16,DET,turnover,,,,,,,,,,Ben Gordon,,,foul,,,,,
Ben Gordon,Jason Maxiell,Jonas Jerebko,Rodney Stuckey,Will Bynum,Dwight Howard,J.J. Redick,Jason Williams,Mickael Pietrus,Ryan Anderson,4,9:08,ORL,shot,Jason Williams,,,,,,,,,Dwight Howard,2,,,made,,alley oop dunk,25,6
Ben Gordon,Jason Maxiell,Jonas Jerebko,Rodney Stuckey,Will Bynum,Dwight Howard,J.J. Redick,Jason Williams,Mickael Pietrus,Ryan Anderson,4,8:41,DET,shot,,,,,,,,,,Ben Gordon,,,,missed,,3pt,2,6
Ben Gordon,Jason Maxiell,Jonas Jerebko,Rodney Stuckey,Will Bynum,Dwight Howard,J.J. Redick,Jason Williams,Mickael Pietrus,Ryan Anderson,4,8:40,ORL,rebound,,,,,,,,,,Dwight Howard,,,,,,def,,
Ben Gordon,Jason Maxiell,Jonas Jerebko,Rodney Stuckey,Will Bynum,Dwight Howard,J.J. Redick,Jason Williams,Mickael Pietrus,Ryan Anderson,4,8:26,DET,foul,,,,,,,,Dwight Howard,,Jason Maxiell,,,,,,shooting,,
Ben Gordon,Jason Maxiell,Jonas Jerebko,Rodney Stuckey,Will Bynum,Dwight Howard,J.J. Redick,Jason Williams,Mickael Pietrus,Ryan Anderson,4,8:26,ORL,timeout,,,,,,,,,,,,,,,,official,,
Ben Gordon,Jason Maxiell,Rodney Stuckey,Tayshaun Prince,Will Bynum,Dwight Howard,J.J. Redick,Jason Williams,Mickael Pietrus,Ryan Anderson,4,8:26,DET,sub,,,,Tayshaun Prince,,Jonas Jerebko,,,,,,,,,,,,
Ben Gordon,Ben Wallace,Jason Maxiell,Rodney Stuckey,Tayshaun Prince,Dwight Howard,J.J. Redick,Jason Williams,Mickael Pietrus,Ryan Anderson,4,8:26,DET,sub,,,,Ben Wallace,,Will Bynum,,,,,,,,,,,,
Ben Gordon,Ben Wallace,Richard Hamilton,Rodney Stuckey,Tayshaun Prince,Dwight Howard,J.J. Redick,Jason Williams,Mickael Pietrus,Ryan Anderson,4,8:26,DET,sub,,,,Richard Hamilton,,Jason Maxiell,,,,,,,,,,,,
Ben Gordon,Ben Wallace,Richard Hamilton,Rodney Stuckey,Tayshaun Prince,Dwight Howard,J.J. Redick,Jason Williams,Mickael Pietrus,Ryan Anderson,4,8:26,ORL,free throw,,,,,,,1,,2,Dwight Howard,,,foul,made,,,,
Ben Gordon,Ben Wallace,Richard Hamilton,Rodney Stuckey,Tayshaun Prince,Dwight Howard,J.J. Redick,Jason Williams,Mickael Pietrus,Rashard Lewis,4,8:26,ORL,sub,,,,Rashard Lewis,,Ryan Anderson,,,,,,,,,,,,
Ben Gordon,Ben Wallace,Richard Hamilton,Rodney Stuckey,Tayshaun Prince,Dwight Howard,J.J. Redick,Jason Williams,Mickael Pietrus,Rashard Lewis,4,8:26,ORL,free throw,,,,,,,2,,2,Dwight Howard,,,foul,made,,,,
Ben Gordon,Ben Wallace,Richard Hamilton,Rodney Stuckey,Tayshaun Prince,Dwight Howard,J.J. Redick,Jason Williams,Mickael Pietrus,Rashard Lewis,4,8:08,DET,turnover,,,,,,,,,,Tayshaun Prince,,,bad pass,,Mickael Pietrus,,,
Ben Gordon,Ben Wallace,Richard Hamilton,Rodney Stuckey,Tayshaun Prince,Dwight Howard,J.J. Redick,Jason Williams,Mickael Pietrus,Rashard Lewis,4,7:51,ORL,shot,,,,,,,,,,Dwight Howard,,,,missed,,hook,31,8
Ben Gordon,Ben Wallace,Richard Hamilton,Rodney Stuckey,Tayshaun Prince,Dwight Howard,J.J. Redick,Jason Williams,Mickael Pietrus,Rashard Lewis,4,7:49,DET,rebound,,,,,,,,,,Ben Gordon,,,,,,def,,
Ben Gordon,Ben Wallace,Richard Hamilton,Rodney Stuckey,Tayshaun Prince,Dwight Howard,J.J. Redick,Jason Williams,Mickael Pietrus,Rashard Lewis,4,7:27,DET,shot,,,,,,,,,,Rodney Stuckey,,,,missed,,jump,24,11
Ben Gordon,Ben Wallace,Richard Hamilton,Rodney Stuckey,Tayshaun Prince,Dwight Howard,J.J. Redick,Jason Williams,Mickael Pietrus,Rashard Lewis,4,7:24,DET,rebound,,,,,,,,,,Ben Wallace,,,,,,off,,
Ben Gordon,Ben Wallace,Richard Hamilton,Rodney Stuckey,Tayshaun Prince,Dwight Howard,J.J. Redick,Jason Williams,Mickael Pietrus,Rashard Lewis,4,7:24,DET,shot,,,,,,,,,,Ben Wallace,2,,,made,,putback dunk,25,6
Ben Gordon,Ben Wallace,Richard Hamilton,Rodney Stuckey,Tayshaun Prince,Dwight Howard,J.J. Redick,Jason Williams,Mickael Pietrus,Rashard Lewis,4,7:11,ORL,turnover,,,,,,,,,,Rashard Lewis,,,bad pass,,Ben Gordon,,,
Ben Gordon,Ben Wallace,Richard Hamilton,Rodney Stuckey,Tayshaun Prince,Dwight Howard,J.J. Redick,Jameer Nelson,Mickael Pietrus,Rashard Lewis,4,7:11,ORL,sub,,,,Jameer Nelson,,Jason Williams,,,,,,,,,,,,
Ben Gordon,Ben Wallace,Richard Hamilton,Rodney Stuckey,Tayshaun Prince,Dwight Howard,J.J. Redick,Jameer Nelson,Mickael Pietrus,Rashard Lewis,4,7:11,DET,jump ball,,Ben Gordon,,,Rashard Lewis,,,,,,,Jameer Nelson,,,,,,
Ben Gordon,Ben Wallace,Richard Hamilton,Rodney Stuckey,Tayshaun Prince,Dwight Howard,J.J. Redick,Jameer Nelson,Mickael Pietrus,Rashard Lewis,4,7:11,DET,turnover,,,,,,,,,,Ben Gordon,,,lost ball,,Rashard Lewis,,,
Ben Gordon,Ben Wallace,Richard Hamilton,Rodney Stuckey,Tayshaun Prince,Dwight Howard,J.J. Redick,Jameer Nelson,Mickael Pietrus,Rashard Lewis,4,6:56,ORL,shot,,,,,,,,,,Mickael Pietrus,,,,missed,,3pt,47,19
Ben Gordon,Ben Wallace,Richard Hamilton,Rodney Stuckey,Tayshaun Prince,Dwight Howard,J.J. Redick,Jameer Nelson,Mickael Pietrus,Rashard Lewis,4,6:55,DET,rebound,,,,,,,,,,Ben Gordon,,,,,,def,,
Ben Gordon,Ben Wallace,Richard Hamilton,Rodney Stuckey,Tayshaun Prince,Dwight Howard,J.J. Redick,Jameer Nelson,Mickael Pietrus,Rashard Lewis,4,6:52,DET,turnover,,,,,,,,,,Ben Gordon,,,bad pass,,,,,
Ben Gordon,Ben Wallace,Richard Hamilton,Rodney Stuckey,Tayshaun Prince,Dwight Howard,J.J. Redick,Jameer Nelson,Mickael Pietrus,Rashard Lewis,4,6:33,ORL,shot,Dwight Howard,,,,,,,,,Mickael Pietrus,2,,,made,,layup,25,6
Ben Gordon,Ben Wallace,Richard Hamilton,Rodney Stuckey,Tayshaun Prince,Dwight Howard,J.J. Redick,Jameer Nelson,Mickael Pietrus,Rashard Lewis,4,6:33,DET,foul,,,,,,,,,,Ben Gordon,,,,,,technical,,
Ben Gordon,Ben Wallace,Richard Hamilton,Rodney Stuckey,Tayshaun Prince,Dwight Howard,J.J. Redick,Jameer Nelson,Mickael Pietrus,Rashard Lewis,4,6:33,DET,ejection,,,,,,,,,,Ben Gordon,,,other,,,,,
Ben Wallace,Richard Hamilton,Rodney Stuckey,Tayshaun Prince,Will Bynum,Dwight Howard,J.J. Redick,Jameer Nelson,Mickael Pietrus,Rashard Lewis,4,6:33,DET,sub,,,,Will Bynum,,Ben Gordon,,,,,,,,,,,,
Ben Wallace,Richard Hamilton,Rodney Stuckey,Tayshaun Prince,Will Bynum,Dwight Howard,J.J. Redick,Jameer Nelson,Mickael Pietrus,Rashard Lewis,4,6:33,ORL,free throw,,,,,,,1,,1,J.J. Redick,,,technical,made,,,,
Ben Wallace,Richard Hamilton,Rodney Stuckey,Tayshaun Prince,Will Bynum,Dwight Howard,J.J. Redick,Jameer Nelson,Mickael Pietrus,Rashard Lewis,4,6:27,ORL,foul,,,,,,,,Tayshaun Prince,,Mickael Pietrus,,,,,,personal,,
Ben Wallace,Richard Hamilton,Rodney Stuckey,Tayshaun Prince,Will Bynum,Dwight Howard,Jameer Nelson,Mickael Pietrus,Rashard Lewis,Vince Carter,4,6:27,ORL,sub,,,,Vince Carter,,J.J. Redick,,,,,,,,,,,,
Ben Wallace,Richard Hamilton,Rodney Stuckey,Tayshaun Prince,Will Bynum,Dwight Howard,Jameer Nelson,Mickael Pietrus,Rashard Lewis,Vince Carter,4,6:17,DET,shot,Will Bynum,,,,,,,,,Richard Hamilton,2,,,made,,jump,14,5
Ben Wallace,Richard Hamilton,Rodney Stuckey,Tayshaun Prince,Will Bynum,Dwight Howard,Jameer Nelson,Mickael Pietrus,Rashard Lewis,Vince Carter,4,5:56,ORL,shot,,,,,,,,,,Vince Carter,,,,missed,,3pt,45,21
Ben Wallace,Richard Hamilton,Rodney Stuckey,Tayshaun Prince,Will Bynum,Dwight Howard,Jameer Nelson,Mickael Pietrus,Rashard Lewis,Vince Carter,4,5:55,ORL,rebound,,,,,,,,,,Rashard Lewis,,,,,,off,,
Ben Wallace,Richard Hamilton,Rodney Stuckey,Tayshaun Prince,Will Bynum,Dwight Howard,Jameer Nelson,Mickael Pietrus,Rashard Lewis,Vince Carter,4,5:54,DET,timeout,,,,,,,,,,,,,,,,regular,,
Ben Wallace,Richard Hamilton,Rodney Stuckey,Tayshaun Prince,Will Bynum,Dwight Howard,Jameer Nelson,Mickael Pietrus,Rashard Lewis,Vince Carter,4,5:51,ORL,shot,,,,,,,,,,Jameer Nelson,,,,missed,,jump,39,9
Ben Wallace,Richard Hamilton,Rodney Stuckey,Tayshaun Prince,Will Bynum,Dwight Howard,Jameer Nelson,Mickael Pietrus,Rashard Lewis,Vince Carter,4,5:50,DET,rebound,,,,,,,,,,Tayshaun Prince,,,,,,def,,
Ben Wallace,Richard Hamilton,Rodney Stuckey,Tayshaun Prince,Will Bynum,Dwight Howard,Jameer Nelson,Mickael Pietrus,Rashard Lewis,Vince Carter,4,5:38,ORL,foul,,,,,,,,Richard Hamilton,,Mickael Pietrus,,,,,,shooting,,
Ben Wallace,Richard Hamilton,Rodney Stuckey,Tayshaun Prince,Will Bynum,Dwight Howard,Jameer Nelson,Mickael Pietrus,Rashard Lewis,Vince Carter,4,5:38,DET,free throw,,,,,,,1,,2,Richard Hamilton,,,foul,made,,,,
Ben Wallace,Richard Hamilton,Rodney Stuckey,Tayshaun Prince,Will Bynum,Dwight Howard,Jameer Nelson,Mickael Pietrus,Rashard Lewis,Vince Carter,4,5:38,DET,free throw,,,,,,,2,,2,Richard Hamilton,,,foul,made,,,,
Ben Wallace,Richard Hamilton,Rodney Stuckey,Tayshaun Prince,Will Bynum,Dwight Howard,Jameer Nelson,Mickael Pietrus,Rashard Lewis,Vince Carter,4,5:17,ORL,shot,Jameer Nelson,,,,,,,,,Vince Carter,3,,,made,,3pt,26,33
Ben Wallace,Richard Hamilton,Rodney Stuckey,Tayshaun Prince,Will Bynum,Dwight Howard,Jameer Nelson,Mickael Pietrus,Rashard Lewis,Vince Carter,4,4:57,DET,shot,Tayshaun Prince,,,,,,,,,Richard Hamilton,2,,,made,,floating jump,32,8
Ben Wallace,Richard Hamilton,Rodney Stuckey,Tayshaun Prince,Will Bynum,Dwight Howard,Jameer Nelson,Mickael Pietrus,Rashard Lewis,Vince Carter,4,4:43,ORL,shot,,,,,,,,,,Vince Carter,2,,,made,,fade away jumper,31,8
Ben Wallace,Richard Hamilton,Rodney Stuckey,Tayshaun Prince,Will Bynum,Dwight Howard,Jameer Nelson,Mickael Pietrus,Rashard Lewis,Vince Carter,4,4:43,DET,foul,,,,,,,,Vince Carter,,Ben Wallace,,,,,,shooting,,
Ben Wallace,Richard Hamilton,Rodney Stuckey,Tayshaun Prince,Will Bynum,Dwight Howard,Jameer Nelson,Mickael Pietrus,Rashard Lewis,Vince Carter,4,4:43,ORL,free throw,,,,,,,1,,1,Vince Carter,,,foul,made,,,,
Ben Wallace,Richard Hamilton,Rodney Stuckey,Tayshaun Prince,Will Bynum,Dwight Howard,Jameer Nelson,Mickael Pietrus,Rashard Lewis,Vince Carter,4,4:23,DET,turnover,,,,,,,,,,Tayshaun Prince,,,lost ball,,Jameer Nelson,,,
Ben Wallace,Richard Hamilton,Rodney Stuckey,Tayshaun Prince,Will Bynum,Dwight Howard,Jameer Nelson,Mickael Pietrus,Rashard Lewis,Vince Carter,4,4:16,ORL,shot,Jameer Nelson,,,,,,,,,Rashard Lewis,2,,,made,,jump,45,5
Ben Wallace,Richard Hamilton,Rodney Stuckey,Tayshaun Prince,Will Bynum,Dwight Howard,Jameer Nelson,Mickael Pietrus,Rashard Lewis,Vince Carter,4,4:10,DET,timeout,,,,,,,,,,,,,,,,regular,,
Ben Wallace,Richard Hamilton,Rodney Stuckey,Tayshaun Prince,Will Bynum,Dwight Howard,Jameer Nelson,Mickael Pietrus,Rashard Lewis,Vince Carter,4,3:49,DET,shot,,,,,,,,,,Rodney Stuckey,,,,missed,,jump,18,22
Ben Wallace,Richard Hamilton,Rodney Stuckey,Tayshaun Prince,Will Bynum,Dwight Howard,Jameer Nelson,Mickael Pietrus,Rashard Lewis,Vince Carter,4,3:48,ORL,rebound,,,,,,,,,,Dwight Howard,,,,,,def,,
Ben Wallace,Richard Hamilton,Rodney Stuckey,Tayshaun Prince,Will Bynum,Dwight Howard,Jameer Nelson,Mickael Pietrus,Rashard Lewis,Vince Carter,4,3:25,ORL,shot,Dwight Howard,,,,,,,,,Jameer Nelson,3,,,made,,3pt,45,20
Ben Wallace,Richard Hamilton,Rodney Stuckey,Tayshaun Prince,Will Bynum,Dwight Howard,Jameer Nelson,Mickael Pietrus,Rashard Lewis,Vince Carter,4,3:15,DET,shot,,,,,,,,,,Rodney Stuckey,,,,missed,,layup,25,6
Ben Wallace,Richard Hamilton,Rodney Stuckey,Tayshaun Prince,Will Bynum,Dwight Howard,Jameer Nelson,Mickael Pietrus,Rashard Lewis,Vince Carter,4,3:12,ORL,rebound,,,,,,,,,,Jameer Nelson,,,,,,def,,
Ben Wallace,Richard Hamilton,Rodney Stuckey,Tayshaun Prince,Will Bynum,Dwight Howard,Jameer Nelson,Mickael Pietrus,Rashard Lewis,Vince Carter,4,3:05,ORL,shot,,,,,,,,,,Rashard Lewis,,,,missed,,3pt,48,5
Ben Wallace,Richard Hamilton,Rodney Stuckey,Tayshaun Prince,Will Bynum,Dwight Howard,Jameer Nelson,Mickael Pietrus,Rashard Lewis,Vince Carter,4,3:02,DET,rebound,,,,,,,,,,Will Bynum,,,,,,def,,
Ben Wallace,Richard Hamilton,Rodney Stuckey,Tayshaun Prince,Will Bynum,Dwight Howard,Jameer Nelson,Mickael Pietrus,Rashard Lewis,Vince Carter,4,2:59,DET,shot,Will Bynum,,,,,,,,,Richard Hamilton,2,,,made,,layup,25,6
Ben Wallace,Richard Hamilton,Rodney Stuckey,Tayshaun Prince,Will Bynum,Dwight Howard,Jameer Nelson,Mickael Pietrus,Rashard Lewis,Vince Carter,4,2:33,ORL,shot,,,,,,,,,,Mickael Pietrus,,,,missed,,jump,4,6
Ben Wallace,Richard Hamilton,Rodney Stuckey,Tayshaun Prince,Will Bynum,Dwight Howard,Jameer Nelson,Mickael Pietrus,Rashard Lewis,Vince Carter,4,2:31,ORL,rebound,,,,,,,,,,Dwight Howard,,,,,,off,,
Ben Wallace,Richard Hamilton,Rodney Stuckey,Tayshaun Prince,Will Bynum,Dwight Howard,Jameer Nelson,Mickael Pietrus,Rashard Lewis,Vince Carter,4,2:28,ORL,shot,,,,,,,,,,Dwight Howard,,,,missed,,jump,29,8
Ben Wallace,Richard Hamilton,Rodney Stuckey,Tayshaun Prince,Will Bynum,Dwight Howard,Jameer Nelson,Mickael Pietrus,Rashard Lewis,Vince Carter,4,2:28,ORL,rebound,,,,,,,,,,,,,,,,,,
Ben Wallace,Richard Hamilton,Rodney Stuckey,Tayshaun Prince,Will Bynum,Dwight Howard,Jameer Nelson,Mickael Pietrus,Rashard Lewis,Vince Carter,4,2:16,ORL,shot,Jameer Nelson,,,,,,,,,Dwight Howard,2,,,made,,dunk,25,6
Ben Wallace,Richard Hamilton,Rodney Stuckey,Tayshaun Prince,Will Bynum,Dwight Howard,Jameer Nelson,Mickael Pietrus,Rashard Lewis,Vince Carter,4,2:16,DET,foul,,,,,,,,Dwight Howard,,Rodney Stuckey,,,,,,shooting,,
Austin Daye,Ben Wallace,Richard Hamilton,Rodney Stuckey,Will Bynum,Dwight Howard,Jameer Nelson,Mickael Pietrus,Rashard Lewis,Vince Carter,4,2:16,DET,sub,,,,Austin Daye,,Tayshaun Prince,,,,,,,,,,,,
Austin Daye,Jason Maxiell,Richard Hamilton,Rodney Stuckey,Will Bynum,Dwight Howard,Jameer Nelson,Mickael Pietrus,Rashard Lewis,Vince Carter,4,2:16,DET,sub,,,,Jason Maxiell,,Ben Wallace,,,,,,,,,,,,
Austin Daye,Jason Maxiell,Jonas Jerebko,Richard Hamilton,Will Bynum,Dwight Howard,Jameer Nelson,Mickael Pietrus,Rashard Lewis,Vince Carter,4,2:16,DET,sub,,,,Jonas Jerebko,,Rodney Stuckey,,,,,,,,,,,,
Austin Daye,Jason Maxiell,Jonas Jerebko,Richard Hamilton,Will Bynum,Dwight Howard,Jameer Nelson,Mickael Pietrus,Rashard Lewis,Vince Carter,4,2:16,ORL,free throw,,,,,,,1,,1,Dwight Howard,,,foul,made,,,,
Austin Daye,Jason Maxiell,Jonas Jerebko,Richard Hamilton,Will Bynum,Dwight Howard,Jameer Nelson,Mickael Pietrus,Rashard Lewis,Vince Carter,4,2:08,DET,shot,,,,,,,,,,Will Bynum,,,,missed,,jump,41,13
Austin Daye,Jason Maxiell,Jonas Jerebko,Richard Hamilton,Will Bynum,Dwight Howard,Jameer Nelson,Mickael Pietrus,Rashard Lewis,Vince Carter,4,2:06,ORL,rebound,,,,,,,,,,Vince Carter,,,,,,def,,
Austin Daye,Jason Maxiell,Jonas Jerebko,Richard Hamilton,Will Bynum,Dwight Howard,Jameer Nelson,Mickael Pietrus,Rashard Lewis,Vince Carter,4,2:00,ORL,timeout,,,,,,,,,,,,,,,,short,,
Austin Daye,Jason Maxiell,Jonas Jerebko,Richard Hamilton,Will Bynum,Dwight Howard,Jameer Nelson,Mickael Pietrus,Ryan Anderson,Vince Carter,4,2:00,ORL,sub,,,,Ryan Anderson,,Rashard Lewis,,,,,,,,,,,,
Austin Daye,Jason Maxiell,Jonas Jerebko,Richard Hamilton,Will Bynum,Jameer Nelson,Marcin Gortat,Mickael Pietrus,Ryan Anderson,Vince Carter,4,2:00,ORL,sub,,,,Marcin Gortat,,Dwight Howard,,,,,,,,,,,,
Austin Daye,Jason Maxiell,Jonas Jerebko,Richard Hamilton,Will Bynum,J.J. Redick,Jameer Nelson,Marcin Gortat,Mickael Pietrus,Ryan Anderson,4,2:00,ORL,sub,,,,J.J. Redick,,Vince Carter,,,,,,,,,,,,
Austin Daye,Jason Maxiell,Jonas Jerebko,Richard Hamilton,Will Bynum,J.J. Redick,Jameer Nelson,Marcin Gortat,Mickael Pietrus,Ryan Anderson,4,1:47,ORL,shot,Jameer Nelson,,,,,,,,,Marcin Gortat,2,,,made,,layup,25,6
Austin Daye,Jason Maxiell,Jonas Jerebko,Richard Hamilton,Will Bynum,J.J. Redick,Jameer Nelson,Marcin Gortat,Mickael Pietrus,Ryan Anderson,4,1:47,DET,foul,,,,,,,,Marcin Gortat,,Austin Daye,,,,,,shooting,,
Austin Daye,Jason Maxiell,Jonas Jerebko,Richard Hamilton,Will Bynum,J.J. Redick,Jameer Nelson,Marcin Gortat,Mickael Pietrus,Ryan Anderson,4,1:47,ORL,free throw,,,,,,,1,,1,Marcin Gortat,,,foul,made,,,,
Austin Daye,Jason Maxiell,Jonas Jerebko,Richard Hamilton,Will Bynum,J.J. Redick,Jameer Nelson,Marcin Gortat,Mickael Pietrus,Ryan Anderson,4,1:32,DET,shot,,,,,,,,,,Austin Daye,,,,missed,,jump,22,27
Austin Daye,Jason Maxiell,Jonas Jerebko,Richard Hamilton,Will Bynum,J.J. Redick,Jameer Nelson,Marcin Gortat,Mickael Pietrus,Ryan Anderson,4,1:30,ORL,rebound,,,,,,,,,,Jameer Nelson,,,,,,def,,
Austin Daye,Jason Maxiell,Jonas Jerebko,Richard Hamilton,Will Bynum,J.J. Redick,Jameer Nelson,Marcin Gortat,Mickael Pietrus,Ryan Anderson,4,1:17,ORL,shot,,,,,,,,,,J.J. Redick,,,,missed,,3pt,2,8
Austin Daye,Jason Maxiell,Jonas Jerebko,Richard Hamilton,Will Bynum,J.J. Redick,Jameer Nelson,Marcin Gortat,Mickael Pietrus,Ryan Anderson,4,1:16,DET,rebound,,,,,,,,,,Austin Daye,,,,,,def,,
Austin Daye,Jason Maxiell,Jonas Jerebko,Richard Hamilton,Will Bynum,J.J. Redick,Jameer Nelson,Marcin Gortat,Mickael Pietrus,Ryan Anderson,4,1:06,DET,shot,,,,,,,,,,Richard Hamilton,,,,missed,,3pt,49,7
Austin Daye,Jason Maxiell,Jonas Jerebko,Richard Hamilton,Will Bynum,J.J. Redick,Jameer Nelson,Marcin Gortat,Mickael Pietrus,Ryan Anderson,4,1:04,ORL,rebound,,,,,,,,,,Ryan Anderson,,,,,,def,,
Austin Daye,Jason Maxiell,Jonas Jerebko,Richard Hamilton,Will Bynum,J.J. Redick,Jameer Nelson,Marcin Gortat,Mickael Pietrus,Ryan Anderson,4,0:49,ORL,shot,,,,,,,,,,Ryan Anderson,,,,missed,,driving layup,25,6
Austin Daye,Jason Maxiell,Jonas Jerebko,Richard Hamilton,Will Bynum,J.J. Redick,Jameer Nelson,Marcin Gortat,Mickael Pietrus,Ryan Anderson,4,0:47,DET,rebound,,,,,,,,,,Jason Maxiell,,,,,,def,,
Austin Daye,Jason Maxiell,Jonas Jerebko,Richard Hamilton,Will Bynum,J.J. Redick,Jameer Nelson,Marcin Gortat,Mickael Pietrus,Ryan Anderson,4,0:36,DET,shot,,,,,,,,,,Austin Daye,,,,missed,,hook,24,10
Austin Daye,Jason Maxiell,Jonas Jerebko,Richard Hamilton,Will Bynum,J.J. Redick,Jameer Nelson,Marcin Gortat,Mickael Pietrus,Ryan Anderson,4,0:33,ORL,rebound,,,,,,,,,,Ryan Anderson,,,,,,def,,
Austin Daye,Jason Maxiell,Jonas Jerebko,Richard Hamilton,Will Bynum,J.J. Redick,Jameer Nelson,Marcin Gortat,Mickael Pietrus,Ryan Anderson,4,0:11,ORL,shot,,,,,,,,,,Mickael Pietrus,,,,missed,,layup,25,6
Austin Daye,Jason Maxiell,Jonas Jerebko,Richard Hamilton,Will Bynum,J.J. Redick,Jameer Nelson,Marcin Gortat,Mickael Pietrus,Ryan Anderson,4,0:10,ORL,rebound,,,,,,,,,,Ryan Anderson,,,,,,off,,
Austin Daye,Jason Maxiell,Jonas Jerebko,Richard Hamilton,Will Bynum,J.J. Redick,Jameer Nelson,Marcin Gortat,Mickael Pietrus,Ryan Anderson,4,0:10,ORL,shot,,,,,,,,,,Ryan Anderson,2,,,made,,tip,25,6
Austin Daye,Jason Maxiell,Jonas Jerebko,Richard Hamilton,Will Bynum,J.J. Redick,Jameer Nelson,Marcin Gortat,Mickael Pietrus,Ryan Anderson,4,0:10,DET,foul,,,,,,,,Ryan Anderson,,Jonas Jerebko,,,,,,shooting,,
Austin Daye,Jason Maxiell,Jonas Jerebko,Richard Hamilton,Will Bynum,J.J. Redick,Jameer Nelson,Marcin Gortat,Mickael Pietrus,Ryan Anderson,4,0:10,ORL,free throw,,,,,,,1,,1,Ryan Anderson,,,foul,made,,,,
