a1,a2,a3,a4,a5,h1,h2,h3,h4,h5,period,time,team,etype,assist,away,block,entered,home,left,num,opponent,outof,player,points,possession,reason,result,steal,type,x,y
Dwyane Wade,Jermaine O'Neal,Michael Beasley,Quentin Richardson,Rafer Alston,Dwight Howard,Jameer Nelson,Matt Barnes,Rashard Lewis,Vince Carter,1,12:00,OFF,jump ball,,Jermaine O'Neal,,,Dwight Howard,,,,,,,Rashard Lewis,,,,,,
Dwyane Wade,Jermaine O'Neal,Michael Beasley,Quentin Richardson,Rafer Alston,Dwight Howard,Jameer Nelson,Matt Barnes,Rashard Lewis,Vince Carter,1,11:42,ORL,shot,Dwight Howard,,,,,,,,,Jameer Nelson,3,,,made,,3pt,11,28
Dwyane Wade,Jermaine O'Neal,Michael Beasley,Quentin Richardson,Rafer Alston,Dwight Howard,Jameer Nelson,Matt Barnes,Rashard Lewis,Vince Carter,1,11:26,MIA,shot,,,,,,,,,,Jermaine O'Neal,,,,missed,,jump,42,15
Dwyane Wade,Jermaine O'Neal,Michael Beasley,Quentin Richardson,Rafer Alston,Dwight Howard,Jameer Nelson,Matt Barnes,Rashard Lewis,Vince Carter,1,11:25,ORL,rebound,,,,,,,,,,Vince Carter,,,,,,def,,
Dwyane Wade,Jermaine O'Neal,Michael Beasley,Quentin Richardson,Rafer Alston,Dwight Howard,Jameer Nelson,Matt Barnes,Rashard Lewis,Vince Carter,1,11:23,MIA,foul,,,,,,,,Dwight Howard,,Jermaine O'Neal,,,,,,personal,,
Dwyane Wade,Jermaine O'Neal,Michael Beasley,Quentin Richardson,Rafer Alston,Dwight Howard,Jameer Nelson,Matt Barnes,Rashard Lewis,Vince Carter,1,11:13,MIA,foul,,,,,,,,Rashard Lewis,,Michael Beasley,,,,,,shooting,,
Dwyane Wade,Jermaine O'Neal,Michael Beasley,Quentin Richardson,Rafer Alston,Dwight Howard,Jameer Nelson,Matt Barnes,Rashard Lewis,Vince Carter,1,11:13,ORL,free throw,,,,,,,1,,2,Rashard Lewis,,,foul,made,,,,
Dwyane Wade,Jermaine O'Neal,Michael Beasley,Quentin Richardson,Rafer Alston,Dwight Howard,Jameer Nelson,Matt Barnes,Rashard Lewis,Vince Carter,1,11:13,ORL,free throw,,,,,,,2,,2,Rashard Lewis,,,foul,made,,,,
Dwyane Wade,Jermaine O'Neal,Michael Beasley,Quentin Richardson,Rafer Alston,Dwight Howard,Jameer Nelson,Matt Barnes,Rashard Lewis,Vince Carter,1,10:54,MIA,shot,Michael Beasley,,,,,,,,,Rafer Alston,3,,,made,,3pt,38,29
Dwyane Wade,Jermaine O'Neal,Michael Beasley,Quentin Richardson,Rafer Alston,Dwight Howard,Jameer Nelson,Matt Barnes,Rashard Lewis,Vince Carter,1,10:46,ORL,shot,,,,,,,,,,Vince Carter,,,,missed,,3pt,39,27
Dwyane Wade,Jermaine O'Neal,Michael Beasley,Quentin Richardson,Rafer Alston,Dwight Howard,Jameer Nelson,Matt Barnes,Rashard Lewis,Vince Carter,1,10:43,MIA,rebound,,,,,,,,,,Quentin Richardson,,,,,,def,,
Dwyane Wade,Jermaine O'Neal,Michael Beasley,Quentin Richardson,Rafer Alston,Dwight Howard,Jameer Nelson,Matt Barnes,Rashard Lewis,Vince Carter,1,10:34,MIA,shot,,,Dwight Howard,,,,,,,Michael Beasley,,,,missed,,layup,25,6
Dwyane Wade,Jermaine O'Neal,Michael Beasley,Quentin Richardson,Rafer Alston,Dwight Howard,Jameer Nelson,Matt Barnes,Rashard Lewis,Vince Carter,1,10:33,MIA,rebound,,,,,,,,,,,,,,,,,,
Dwyane Wade,Jermaine O'Neal,Michael Beasley,Quentin Richardson,Rafer Alston,Dwight Howard,Jameer Nelson,Matt Barnes,Rashard Lewis,Vince Carter,1,10:20,MIA,shot,,,Dwight Howard,,,,,,,Jermaine O'Neal,,,,missed,,jump,41,6
Dwyane Wade,Jermaine O'Neal,Michael Beasley,Quentin Richardson,Rafer Alston,Dwight Howard,Jameer Nelson,Matt Barnes,Rashard Lewis,Vince Carter,1,10:20,MIA,rebound,,,,,,,,,,,,,,,,,,
Dwyane Wade,Jermaine O'Neal,Michael Beasley,Quentin Richardson,Rafer Alston,Dwight Howard,Jameer Nelson,Matt Barnes,Rashard Lewis,Vince Carter,1,10:20,MIA,turnover,,,,,,,,,,,,,shot clock turnover,,,,,
Dwyane Wade,Jermaine O'Neal,Michael Beasley,Quentin Richardson,Rafer Alston,Dwight Howard,Jameer Nelson,Matt Barnes,Rashard Lewis,Vince Carter,1,10:00,ORL,shot,,,,,,,,,,Matt Barnes,,,,missed,,3pt,48,7
Dwyane Wade,Jermaine O'Neal,Michael Beasley,Quentin Richardson,Rafer Alston,Dwight Howard,Jameer Nelson,Matt Barnes,Rashard Lewis,Vince Carter,1,10:00,MIA,rebound,,,,,,,,,,,,,,,,,,
Dwyane Wade,Jermaine O'Neal,Michael Beasley,Quentin Richardson,Rafer Alston,Dwight Howard,Jameer Nelson,Matt Barnes,Rashard Lewis,Vince Carter,1,9:44,MIA,shot,,,,,,,,,,Dwyane Wade,,,,missed,,jump,41,14
Dwyane Wade,Jermaine O'Neal,Michael Beasley,Quentin Richardson,Rafer Alston,Dwight Howard,Jameer Nelson,Matt Barnes,Rashard Lewis,Vince Carter,1,9:43,ORL,rebound,,,,,,,,,,Dwight Howard,,,,,,def,,
Dwyane Wade,Jermaine O'Neal,Michael Beasley,Quentin Richardson,Rafer Alston,Dwight Howard,Jameer Nelson,Matt Barnes,Rashard Lewis,Vince Carter,1,9:35,ORL,shot,,,,,,,,,,Dwight Howard,,,,missed,,alley oop dunk,25,6
Dwyane Wade,Jermaine O'Neal,Michael Beasley,Quentin Richardson,Rafer Alston,Dwight Howard,Jameer Nelson,Matt Barnes,Rashard Lewis,Vince Carter,1,9:33,ORL,rebound,,,,,,,,,,Matt Barnes,,,,,,off,,
Dwyane Wade,Jermaine O'Neal,Michael Beasley,Quentin Richardson,Rafer Alston,Dwight Howard,Jameer Nelson,Matt Barnes,Rashard Lewis,Vince Carter,1,9:30,ORL,shot,,,,,,,,,,Rashard Lewis,,,,missed,,3pt,2,5
Dwyane Wade,Jermaine O'Neal,Michael Beasley,Quentin Richardson,Rafer Alston,Dwight Howard,Jameer Nelson,Matt Barnes,Rashard Lewis,Vince Carter,1,9:27,MIA,rebound,,,,,,,,,,Quentin Richardson,,,,,,def,,
Dwyane Wade,Jermaine O'Neal,Michael Beasley,Quentin Richardson,Rafer Alston,Dwight Howard,Jameer Nelson,Matt Barnes,Rashard Lewis,Vince Carter,1,9:20,MIA,turnover,,,,,,,,,,Dwyane Wade,,,bad pass,,,,,
Dwyane Wade,Jermaine O'Neal,Michael Beasley,Quentin Richardson,Rafer Alston,Dwight Howard,Jameer Nelson,Matt Barnes,Rashard Lewis,Vince Carter,1,9:10,ORL,turnover,,,,,,,,,,Vince Carter,,,traveling,,,,,
Dwyane Wade,Jermaine O'Neal,Michael Beasley,Quentin Richardson,Rafer Alston,Dwight Howard,Jameer Nelson,Matt Barnes,Rashard Lewis,Vince Carter,1,8:59,MIA,shot,,,,,,,,,,Dwyane Wade,2,,,made,,reverse dunk,25,6
Dwyane Wade,Jermaine O'Neal,Michael Beasley,Quentin Richardson,Rafer Alston,Dwight Howard,Jameer Nelson,Matt Barnes,Rashard Lewis,Vince Carter,1,8:46,ORL,shot,,,,,,,,,,Jameer Nelson,,,,missed,,3pt,8,24
Dwyane Wade,Jermaine O'Neal,Michael Beasley,Quentin Richardson,Rafer Alston,Dwight Howard,Jameer Nelson,Matt Barnes,Rashard Lewis,Vince Carter,1,8:43,MIA,rebound,,,,,,,,,,Quentin Richardson,,,,,,def,,
Dwyane Wade,Jermaine O'Neal,Michael Beasley,Quentin Richardson,Rafer Alston,Dwight Howard,Jameer Nelson,Matt Barnes,Rashard Lewis,Vince Carter,1,8:28,MIA,shot,,,,,,,,,,Dwyane Wade,,,,missed,,running bank,36,12
Dwyane Wade,Jermaine O'Neal,Michael Beasley,Quentin Richardson,Rafer Alston,Dwight Howard,Jameer Nelson,Matt Barnes,Rashard Lewis,Vince Carter,1,8:27,ORL,rebound,,,,,,,,,,Matt Barnes,,,,,,def,,
Dwyane Wade,Jermaine O'Neal,Michael Beasley,Quentin Richardson,Rafer Alston,Dwight Howard,Jameer Nelson,Matt Barnes,Rashard Lewis,Vince Carter,1,8:13,ORL,shot,,,,,,,,,,Dwight Howard,,,,missed,,hook,26,12
Dwyane Wade,Jermaine O'Neal,Michael Beasley,Quentin Richardson,Rafer Alston,Dwight Howard,Jameer Nelson,Matt Barnes,Rashard Lewis,Vince Carter,1,8:11,MIA,rebound,,,,,,,,,,Jermaine O'Neal,,,,,,def,,
Dwyane Wade,Jermaine O'Neal,Michael Beasley,Quentin Richardson,Rafer Alston,Dwight Howard,Jameer Nelson,Matt Barnes,Rashard Lewis,Vince Carter,1,8:00,MIA,shot,Michael Beasley,,,,,,,,,Jermaine O'Neal,2,,,made,,jump,11,14
Dwyane Wade,Jermaine O'Neal,Michael Beasley,Quentin Richardson,Rafer Alston,Dwight Howard,Jameer Nelson,Matt Barnes,Rashard Lewis,Vince Carter,1,7:37,MIA,foul,,,,,,,,Dwight Howard,,Quentin Richardson,,,,,,shooting,,
Dwyane Wade,Jermaine O'Neal,Michael Beasley,Quentin Richardson,Rafer Alston,Dwight Howard,Jameer Nelson,Matt Barnes,Rashard Lewis,Vince Carter,1,7:37,ORL,free throw,,,,,,,1,,2,Dwight Howard,,,foul,made,,,,
Dwyane Wade,Jermaine O'Neal,Michael Beasley,Quentin Richardson,Rafer Alston,Dwight Howard,Jameer Nelson,Matt Barnes,Rashard Lewis,Vince Carter,1,7:37,ORL,free throw,,,,,,,2,,2,Dwight Howard,,,foul,made,,,,
Dwyane Wade,Jermaine O'Neal,Michael Beasley,Quentin Richardson,Rafer Alston,Dwight Howard,Jameer Nelson,Matt Barnes,Rashard Lewis,Vince Carter,1,7:20,ORL,foul,,,,,,,,Dwyane Wade,,Matt Barnes,,,,,,shooting,,
Dwyane Wade,Jermaine O'Neal,Michael Beasley,Quentin Richardson,Rafer Alston,Dwight Howard,Jameer Nelson,Matt Barnes,Rashard Lewis,Vince Carter,1,7:20,MIA,free throw,,,,,,,1,,2,Dwyane Wade,,,foul,made,,,,
Dwyane Wade,Jermaine O'Neal,Michael Beasley,Quentin Richardson,Rafer Alston,Dwight Howard,Jameer Nelson,Matt Barnes,Rashard Lewis,Vince Carter,1,7:20,MIA,free throw,,,,,,,2,,2,Dwyane Wade,,,foul,made,,,,
Dwyane Wade,Jermaine O'Neal,Michael Beasley,Quentin Richardson,Rafer Alston,Dwight Howard,Jameer Nelson,Matt Barnes,Rashard Lewis,Vince Carter,1,7:13,ORL,shot,,,Michael Beasley,,,,,,,Dwight Howard,,,,missed,,jump,20,10
Dwyane Wade,Jermaine O'Neal,Michael Beasley,Quentin Richardson,Rafer Alston,Dwight Howard,Jameer Nelson,Matt Barnes,Rashard Lewis,Vince Carter,1,7:12,ORL,rebound,,,,,,,,,,,,,,,,,,
Dwyane Wade,Jermaine O'Neal,Michael Beasley,Quentin Richardson,Rafer Alston,Dwight Howard,Jameer Nelson,Matt Barnes,Rashard Lewis,Vince Carter,1,7:01,MIA,foul,,,,,,,,Dwight Howard,,Jermaine O'Neal,,,,,,shooting,,
Dwyane Wade,Joel Anthony,Michael Beasley,Quentin Richardson,Rafer Alston,Dwight Howard,Jameer Nelson,Matt Barnes,Rashard Lewis,Vince Carter,1,7:01,MIA,sub,,,,Joel Anthony,,Jermaine O'Neal,,,,,,,,,,,,
Dwyane Wade,Joel Anthony,Michael Beasley,Quentin Richardson,Rafer Alston,Dwight Howard,Jameer Nelson,Matt Barnes,Rashard Lewis,Vince Carter,1,7:01,ORL,free throw,,,,,,,1,,2,Dwight Howard,,,foul,missed,,,,
Dwyane Wade,Joel Anthony,Michael Beasley,Quentin Richardson,Rafer Alston,Dwight Howard,Jameer Nelson,Matt Barnes,Rashard Lewis,Vince Carter,1,7:01,ORL,rebound,,,,,,,,,,,,,,,,,,
Dwyane Wade,Joel Anthony,Michael Beasley,Quentin Richardson,Rafer Alston,Dwight Howard,Jameer Nelson,Matt Barnes,Rashard Lewis,Vince Carter,1,7:01,ORL,free throw,,,,,,,2,,2,Dwight Howard,,,foul,made,,,,
Dwyane Wade,Joel Anthony,Michael Beasley,Quentin Richardson,Rafer Alston,Dwight Howard,Jameer Nelson,Matt Barnes,Rashard Lewis,Vince Carter,1,6:49,ORL,foul,,,,,,,,Dwyane Wade,,Dwight Howard,,,,,,shooting,,
Dwyane Wade,Joel Anthony,Michael Beasley,Quentin Richardson,Rafer Alston,Dwight Howard,Jameer Nelson,Matt Barnes,Rashard Lewis,Vince Carter,1,6:49,MIA,free throw,,,,,,,1,,2,Dwyane Wade,,,foul,made,,,,
Dwyane Wade,Joel Anthony,Michael Beasley,Quentin Richardson,Rafer Alston,Dwight Howard,Jameer Nelson,Matt Barnes,Rashard Lewis,Vince Carter,1,6:49,MIA,free throw,,,,,,,2,,2,Dwyane Wade,,,foul,made,,,,
Dwyane Wade,Joel Anthony,Michael Beasley,Quentin Richardson,Rafer Alston,Dwight Howard,Jameer Nelson,Matt Barnes,Rashard Lewis,Vince Carter,1,6:39,ORL,shot,,,,,,,,,,Jameer Nelson,2,,,made,,jump,24,27
Dwyane Wade,Joel Anthony,Michael Beasley,Quentin Richardson,Rafer Alston,Dwight Howard,Jameer Nelson,Matt Barnes,Rashard Lewis,Vince Carter,1,6:12,MIA,shot,Rafer Alston,,,,,,,,,Dwyane Wade,2,,,made,,turnaround jump,40,5
Dwyane Wade,Joel Anthony,Michael Beasley,Quentin Richardson,Rafer Alston,Dwight Howard,Jameer Nelson,Matt Barnes,Rashard Lewis,Vince Carter,1,5:52,ORL,shot,Jameer Nelson,,,,,,,,,Vince Carter,2,,,made,,jump,5,5
Dwyane Wade,Joel Anthony,Michael Beasley,Quentin Richardson,Rafer Alston,Dwight Howard,Jameer Nelson,Matt Barnes,Rashard Lewis,Vince Carter,1,5:32,MIA,shot,Quentin Richardson,,,,,,,,,Rafer Alston,3,,,made,,3pt,34,30
Dwyane Wade,Joel Anthony,Michael Beasley,Quentin Richardson,Rafer Alston,Dwight Howard,Jameer Nelson,Matt Barnes,Rashard Lewis,Vince Carter,1,5:17,MIA,foul,,,,,,,,Jameer Nelson,,Rafer Alston,,,,,,shooting,,
Dwyane Wade,Joel Anthony,Michael Beasley,Quentin Richardson,Rafer Alston,Dwight Howard,Jameer Nelson,Matt Barnes,Rashard Lewis,Vince Carter,1,5:17,ORL,timeout,,,,,,,,,,,,,,,,regular,,
Dwyane Wade,Joel Anthony,Michael Beasley,Quentin Richardson,Rafer Alston,Dwight Howard,Jameer Nelson,Matt Barnes,Rashard Lewis,Vince Carter,1,5:17,ORL,free throw,,,,,,,1,,2,Jameer Nelson,,,foul,made,,,,
Dwyane Wade,Joel Anthony,Michael Beasley,Quentin Richardson,Rafer Alston,Dwight Howard,Jameer Nelson,Matt Barnes,Rashard Lewis,Vince Carter,1,5:17,ORL,free throw,,,,,,,2,,2,Jameer Nelson,,,foul,made,,,,
Dwyane Wade,Joel Anthony,Michael Beasley,Quentin Richardson,Rafer Alston,Dwight Howard,Jameer Nelson,Matt Barnes,Rashard Lewis,Vince Carter,1,5:07,ORL,foul,,,,,,,,Michael Beasley,,Rashard Lewis,,,,,,personal,,
Dwyane Wade,Joel Anthony,Michael Beasley,Quentin Richardson,Rafer Alston,Dwight Howard,Jameer Nelson,Matt Barnes,Rashard Lewis,Vince Carter,1,5:04,MIA,shot,,,,,,,,,,Dwyane Wade,,,,missed,,jump,11,16
Dwyane Wade,Joel Anthony,Michael Beasley,Quentin Richardson,Rafer Alston,Dwight Howard,Jameer Nelson,Matt Barnes,Rashard Lewis,Vince Carter,1,5:01,ORL,rebound,,,,,,,,,,,,,,,,,,
Dwyane Wade,Joel Anthony,Michael Beasley,Quentin Richardson,Rafer Alston,Dwight Howard,Jameer Nelson,Matt Barnes,Rashard Lewis,Vince Carter,1,4:44,ORL,shot,,,,,,,,,,Rashard Lewis,2,,,made,,driving layup,25,6
Dwyane Wade,Joel Anthony,Michael Beasley,Quentin Richardson,Rafer Alston,Dwight Howard,Jameer Nelson,Matt Barnes,Rashard Lewis,Vince Carter,1,4:16,MIA,shot,,,,,,,,,,Dwyane Wade,,,,missed,,3pt,42,26
Dwyane Wade,Joel Anthony,Michael Beasley,Quentin Richardson,Rafer Alston,Dwight Howard,Jameer Nelson,Matt Barnes,Rashard Lewis,Vince Carter,1,4:15,MIA,rebound,,,,,,,,,,Joel Anthony,,,,,,off,,
Dwyane Wade,Joel Anthony,Michael Beasley,Quentin Richardson,Rafer Alston,Dwight Howard,Jameer Nelson,Matt Barnes,Rashard Lewis,Vince Carter,1,4:02,MIA,shot,,,,,,,,,,Joel Anthony,,,,missed,,hook,25,10
Dwyane Wade,Joel Anthony,Michael Beasley,Quentin Richardson,Rafer Alston,Dwight Howard,Jameer Nelson,Matt Barnes,Rashard Lewis,Vince Carter,1,4:00,MIA,rebound,,,,,,,,,,Quentin Richardson,,,,,,off,,
Dwyane Wade,Joel Anthony,Michael Beasley,Quentin Richardson,Rafer Alston,Dwight Howard,Jameer Nelson,Matt Barnes,Rashard Lewis,Vince Carter,1,4:00,MIA,shot,,,,,,,,,,Quentin Richardson,2,,,made,,tip,25,6
Dwyane Wade,Joel Anthony,Michael Beasley,Quentin Richardson,Rafer Alston,Dwight Howard,Jameer Nelson,Matt Barnes,Rashard Lewis,Vince Carter,1,3:45,ORL,shot,,,,,,,,,,Vince Carter,2,,,made,,jump,35,6
Dwyane Wade,Joel Anthony,Michael Beasley,Quentin Richardson,Rafer Alston,Dwight Howard,Jameer Nelson,Matt Barnes,Rashard Lewis,Vince Carter,1,3:36,ORL,foul,,,,,,,,Rafer Alston,,Rashard Lewis,,,,,,personal,,
Dwyane Wade,Joel Anthony,Mario Chalmers,Quentin Richardson,Rafer Alston,Dwight Howard,Jameer Nelson,Matt Barnes,Rashard Lewis,Vince Carter,1,3:36,MIA,sub,,,,Mario Chalmers,,Michael Beasley,,,,,,,,,,,,
Dwyane Wade,Joel Anthony,Mario Chalmers,Quentin Richardson,Udonis Haslem,Dwight Howard,Jameer Nelson,Matt Barnes,Rashard Lewis,Vince Carter,1,3:36,MIA,sub,,,,Udonis Haslem,,Rafer Alston,,,,,,,,,,,,
Dwyane Wade,Joel Anthony,Mario Chalmers,Quentin Richardson,Udonis Haslem,Brandon Bass,Dwight Howard,Jameer Nelson,Matt Barnes,Vince Carter,1,3:36,ORL,sub,,,,Brandon Bass,,Rashard Lewis,,,,,,,,,,,,
Dwyane Wade,Joel Anthony,Mario Chalmers,Quentin Richardson,Udonis Haslem,Brandon Bass,Dwight Howard,Jameer Nelson,Matt Barnes,Vince Carter,1,3:24,MIA,turnover,,,,,,,,,,Udonis Haslem,,,bad pass,,Matt Barnes,,,
Dwyane Wade,Joel Anthony,Mario Chalmers,Quentin Richardson,Udonis Haslem,Brandon Bass,Dwight Howard,Jameer Nelson,Matt Barnes,Vince Carter,1,3:18,ORL,shot,,,,,,,,,,Brandon Bass,,,,missed,,jump,37,12
Dwyane Wade,Joel Anthony,Mario Chalmers,Quentin Richardson,Udonis Haslem,Brandon Bass,Dwight Howard,Jameer Nelson,Matt Barnes,Vince Carter,1,3:15,MIA,rebound,,,,,,,,,,Quentin Richardson,,,,,,def,,
Dwyane Wade,Joel Anthony,Mario Chalmers,Quentin Richardson,Udonis Haslem,Brandon Bass,Dwight Howard,Jameer Nelson,Matt Barnes,Vince Carter,1,3:08,MIA,shot,Dwyane Wade,,,,,,,,,Joel Anthony,2,,,made,,alley oop dunk,25,11
Dwyane Wade,Joel Anthony,Mario Chalmers,Quentin Richardson,Udonis Haslem,Brandon Bass,Dwight Howard,Jameer Nelson,Matt Barnes,Vince Carter,1,2:50,ORL,shot,,,,,,,,,,Dwight Howard,,,,missed,,hook,32,6
Dwyane Wade,Joel Anthony,Mario Chalmers,Quentin Richardson,Udonis Haslem,Brandon Bass,Dwight Howard,Jameer Nelson,Matt Barnes,Vince Carter,1,2:49,MIA,rebound,,,,,,,,,,Mario Chalmers,,,,,,def,,
Dwyane Wade,Joel Anthony,Mario Chalmers,Quentin Richardson,Udonis Haslem,Brandon Bass,Dwight Howard,Jameer Nelson,Matt Barnes,Vince Carter,1,2:45,ORL,foul,,,,,,,,Dwyane Wade,,Vince Carter,,,,,,shooting,,
Dwyane Wade,Joel Anthony,Mario Chalmers,Quentin Richardson,Udonis Haslem,Brandon Bass,Dwight Howard,Jameer Nelson,Matt Barnes,Vince Carter,1,2:45,MIA,timeout,,,,,,,,,,,,,,,,regular,,
Dwyane Wade,Joel Anthony,Mario Chalmers,Quentin Richardson,Udonis Haslem,Brandon Bass,Dwight Howard,Jason Williams,Matt Barnes,Vince Carter,1,2:45,ORL,sub,,,,Jason Williams,,Jameer Nelson,,,,,,,,,,,,
Dwyane Wade,Joel Anthony,Mario Chalmers,Quentin Richardson,Udonis Haslem,Brandon Bass,Dwight Howard,Jason Williams,Matt Barnes,Vince Carter,1,2:45,MIA,free throw,,,,,,,1,,2,Dwyane Wade,,,foul,missed,,,,
Dwyane Wade,Joel Anthony,Mario Chalmers,Quentin Richardson,Udonis Haslem,Brandon Bass,Dwight Howard,Jason Williams,Matt Barnes,Vince Carter,1,2:45,MIA,rebound,,,,,,,,,,,,,,,,,,
Dwyane Wade,Joel Anthony,Mario Chalmers,Quentin Richardson,Udonis Haslem,Brandon Bass,Dwight Howard,Jason Williams,Matt Barnes,Vince Carter,1,2:45,MIA,free throw,,,,,,,2,,2,Dwyane Wade,,,foul,missed,,,,
Dwyane Wade,Joel Anthony,Mario Chalmers,Quentin Richardson,Udonis Haslem,Brandon Bass,Dwight Howard,Jason Williams,Matt Barnes,Vince Carter,1,2:44,ORL,rebound,,,,,,,,,,Dwight Howard,,,,,,def,,
Dwyane Wade,Joel Anthony,Mario Chalmers,Quentin Richardson,Udonis Haslem,Brandon Bass,Dwight Howard,Jason Williams,Matt Barnes,Vince Carter,1,2:25,ORL,shot,,,,,,,,,,Brandon Bass,,,,missed,,jump,11,4
Dwyane Wade,Joel Anthony,Mario Chalmers,Quentin Richardson,Udonis Haslem,Brandon Bass,Dwight Howard,Jason Williams,Matt Barnes,Vince Carter,1,2:23,MIA,rebound,,,,,,,,,,Joel Anthony,,,,,,def,,
Dwyane Wade,Joel Anthony,Mario Chalmers,Quentin Richardson,Udonis Haslem,Brandon Bass,Dwight Howard,Jason Williams,Matt Barnes,Vince Carter,1,2:19,ORL,foul,,,,,,,,Dwyane Wade,,Vince Carter,,,,,,shooting,,
Dwyane Wade,Joel Anthony,Mario Chalmers,Quentin Richardson,Udonis Haslem,Brandon Bass,Dwight Howard,Jason Williams,Matt Barnes,Vince Carter,1,2:19,MIA,free throw,,,,,,,1,,2,Dwyane Wade,,,foul,missed,,,,
Dwyane Wade,Joel Anthony,Mario Chalmers,Quentin Richardson,Udonis Haslem,Brandon Bass,Dwight Howard,Jason Williams,Matt Barnes,Vince Carter,1,2:19,MIA,rebound,,,,,,,,,,,,,,,,,,
Dwyane Wade,Joel Anthony,Mario Chalmers,Quentin Richardson,Udonis Haslem,Brandon Bass,Dwight Howard,Jason Williams,Matt Barnes,Vince Carter,1,2:19,MIA,free throw,,,,,,,2,,2,Dwyane Wade,,,foul,made,,,,
Dwyane Wade,Joel Anthony,Mario Chalmers,Quentin Richardson,Udonis Haslem,Brandon Bass,Dwight Howard,Jason Williams,Matt Barnes,Vince Carter,1,1:58,ORL,shot,,,,,,,,,,Vince Carter,2,,,made,,fade away jumper,37,13
Dwyane Wade,Joel Anthony,Mario Chalmers,Quentin Richardson,Udonis Haslem,Brandon Bass,Dwight Howard,Jason Williams,Matt Barnes,Vince Carter,1,1:36,MIA,shot,,,Dwight Howard,,,,,,,Joel Anthony,,,,missed,,jump,30,9
Dwyane Wade,Joel Anthony,Mario Chalmers,Quentin Richardson,Udonis Haslem,Brandon Bass,Dwight Howard,Jason Williams,Matt Barnes,Vince Carter,1,1:34,ORL,rebound,,,,,,,,,,Matt Barnes,,,,,,def,,
Dwyane Wade,Joel Anthony,Mario Chalmers,Quentin Richardson,Udonis Haslem,Brandon Bass,Dwight Howard,Jason Williams,Matt Barnes,Vince Carter,1,1:18,ORL,shot,,,,,,,,,,Brandon Bass,,,,missed,,jump,34,7
Dwyane Wade,Joel Anthony,Mario Chalmers,Quentin Richardson,Udonis Haslem,Brandon Bass,Dwight Howard,Jason Williams,Matt Barnes,Vince Carter,1,1:17,ORL,rebound,,,,,,,,,,Matt Barnes,,,,,,off,,
Dwyane Wade,Joel Anthony,Mario Chalmers,Quentin Richardson,Udonis Haslem,Brandon Bass,Dwight Howard,Jason Williams,Matt Barnes,Vince Carter,1,1:14,ORL,shot,,,,,,,,,,Matt Barnes,2,,,made,,putback layup,25,6
Dwyane Wade,Joel Anthony,Mario Chalmers,Quentin Richardson,Udonis Haslem,Brandon Bass,Dwight Howard,Jason Williams,Matt Barnes,Vince Carter,1,0:59,MIA,shot,Udonis Haslem,,,,,,,,,Joel Anthony,2,,,made,,layup,25,6
Dwyane Wade,Joel Anthony,Mario Chalmers,Quentin Richardson,Udonis Haslem,Brandon Bass,Dwight Howard,Jason Williams,Matt Barnes,Vince Carter,1,0:59,ORL,foul,,,,,,,,Joel Anthony,,Dwight Howard,,,,,,shooting,,
Dwyane Wade,Joel Anthony,Mario Chalmers,Quentin Richardson,Udonis Haslem,Brandon Bass,Dwight Howard,J.J. Redick,Jason Williams,Matt Barnes,1,0:59,ORL,sub,,,,J.J. Redick,,Vince Carter,,,,,,,,,,,,
Dorell Wright,Dwyane Wade,Joel Anthony,Mario Chalmers,Udonis Haslem,Brandon Bass,Dwight Howard,J.J. Redick,Jason Williams,Matt Barnes,1,0:59,MIA,sub,,,,Dorell Wright,,Quentin Richardson,,,,,,,,,,,,
Dorell Wright,Dwyane Wade,Joel Anthony,Mario Chalmers,Udonis Haslem,Brandon Bass,J.J. Redick,Jason Williams,Marcin Gortat,Matt Barnes,1,0:59,ORL,sub,,,,Marcin Gortat,,Dwight Howard,,,,,,,,,,,,
Dorell Wright,Dwyane Wade,Joel Anthony,Mario Chalmers,Udonis Haslem,Brandon Bass,J.J. Redick,Jason Williams,Marcin Gortat,Matt Barnes,1,0:59,MIA,free throw,,,,,,,1,,1,Joel Anthony,,,foul,made,,,,
Dorell Wright,Dwyane Wade,Joel Anthony,Mario Chalmers,Udonis Haslem,Brandon Bass,J.J. Redick,Jason Williams,Marcin Gortat,Matt Barnes,1,0:44,ORL,shot,,,,,,,,,,Jason Williams,2,,,made,,jump,36,14
Dorell Wright,Dwyane Wade,Joel Anthony,Mario Chalmers,Udonis Haslem,Brandon Bass,J.J. Redick,Jason Williams,Marcin Gortat,Matt Barnes,1,0:31,MIA,shot,,,,,,,,,,Dwyane Wade,,,,missed,,floating jump,15,17
Dorell Wright,Dwyane Wade,Joel Anthony,Mario Chalmers,Udonis Haslem,Brandon Bass,J.J. Redick,Jason Williams,Marcin Gortat,Matt Barnes,1,0:30,MIA,rebound,,,,,,,,,,Dorell Wright,,,,,,off,,
Dorell Wright,Dwyane Wade,Joel Anthony,Mario Chalmers,Udonis Haslem,Brandon Bass,J.J. Redick,Jason Williams,Marcin Gortat,Matt Barnes,1,0:12,MIA,turnover,,,,,,,,,,Dwyane Wade,,,lost ball,,Jason Williams,,,
Dorell Wright,Dwyane Wade,Joel Anthony,Mario Chalmers,Udonis Haslem,Brandon Bass,J.J. Redick,Jason Williams,Marcin Gortat,Matt Barnes,1,0:04,ORL,shot,,,,,,,,,,Matt Barnes,,,,missed,,jump,36,12
Dorell Wright,Dwyane Wade,Joel Anthony,Mario Chalmers,Udonis Haslem,Brandon Bass,J.J. Redick,Jason Williams,Marcin Gortat,Matt Barnes,1,0:03,ORL,rebound,,,,,,,,,,Marcin Gortat,,,,,,off,,
Dorell Wright,Dwyane Wade,Joel Anthony,Mario Chalmers,Udonis Haslem,Brandon Bass,J.J. Redick,Jason Williams,Marcin Gortat,Matt Barnes,1,0:03,ORL,shot,,,,,,,,,,Marcin Gortat,2,,,made,,tip,25,6
Dorell Wright,Dwyane Wade,Joel Anthony,Mario Chalmers,Udonis Haslem,Brandon Bass,J.J. Redick,Jason Williams,Marcin Gortat,Matt Barnes,1,0:00,MIA,shot,,,,,,,,,,Mario Chalmers,,,,missed,,3pt,35,46
Dorell Wright,Dwyane Wade,Joel Anthony,Mario Chalmers,Udonis Haslem,Brandon Bass,J.J. Redick,Jason Williams,Marcin Gortat,Matt Barnes,1,0:00,MIA,rebound,,,,,,,,,,,,,,,,,,
Daequan Cook,Dorell Wright,Jermaine O'Neal,Mario Chalmers,Udonis Haslem,Brandon Bass,J.J. Redick,Jason Williams,Marcin Gortat,Mickael Pietrus,2,11:44,MIA,shot,,,,,,,,,,Dorell Wright,,,,missed,,3pt,2,7
Daequan Cook,Dorell Wright,Jermaine O'Neal,Mario Chalmers,Udonis Haslem,Brandon Bass,J.J. Redick,Jason Williams,Marcin Gortat,Mickael Pietrus,2,11:43,ORL,rebound,,,,,,,,,,Marcin Gortat,,,,,,def,,
Daequan Cook,Dorell Wright,Jermaine O'Neal,Mario Chalmers,Udonis Haslem,Brandon Bass,J.J. Redick,Jason Williams,Marcin Gortat,Mickael Pietrus,2,11:24,MIA,foul,,,,,,,,J.J. Redick,,Daequan Cook,,,,,,personal,,
Daequan Cook,Dorell Wright,Jermaine O'Neal,Mario Chalmers,Udonis Haslem,Brandon Bass,J.J. Redick,Jason Williams,Marcin Gortat,Mickael Pietrus,2,11:12,ORL,shot,,,,,,,,,,Mickael Pietrus,2,,,made,,driving layup,25,6
Daequan Cook,Dorell Wright,Jermaine O'Neal,Mario Chalmers,Udonis Haslem,Brandon Bass,J.J. Redick,Jason Williams,Marcin Gortat,Mickael Pietrus,2,11:01,ORL,foul,,,,,,,,Mario Chalmers,,Brandon Bass,,,,,,personal,,
Daequan Cook,Dorell Wright,Jermaine O'Neal,Mario Chalmers,Udonis Haslem,Brandon Bass,J.J. Redick,Jason Williams,Marcin Gortat,Mickael Pietrus,2,10:52,MIA,shot,,,,,,,,,,Jermaine O'Neal,,,,missed,,jump,10,8
Daequan Cook,Dorell Wright,Jermaine O'Neal,Mario Chalmers,Udonis Haslem,Brandon Bass,J.J. Redick,Jason Williams,Marcin Gortat,Mickael Pietrus,2,10:51,ORL,rebound,,,,,,,,,,Jason Williams,,,,,,def,,
Daequan Cook,Dorell Wright,Jermaine O'Neal,Mario Chalmers,Udonis Haslem,Brandon Bass,J.J. Redick,Jason Williams,Marcin Gortat,Mickael Pietrus,2,10:44,ORL,shot,,,,,,,,,,Jason Williams,,,,missed,,turnaround fade away,36,6
Daequan Cook,Dorell Wright,Jermaine O'Neal,Mario Chalmers,Udonis Haslem,Brandon Bass,J.J. Redick,Jason Williams,Marcin Gortat,Mickael Pietrus,2,10:42,MIA,rebound,,,,,,,,,,Jermaine O'Neal,,,,,,def,,
Daequan Cook,Dorell Wright,Jermaine O'Neal,Mario Chalmers,Udonis Haslem,Brandon Bass,J.J. Redick,Jason Williams,Marcin Gortat,Mickael Pietrus,2,10:36,MIA,turnover,,,,,,,,,,Dorell Wright,,,traveling,,,,,
Daequan Cook,Dorell Wright,Jermaine O'Neal,Mario Chalmers,Udonis Haslem,Brandon Bass,J.J. Redick,Jason Williams,Marcin Gortat,Mickael Pietrus,2,10:24,MIA,foul,,,,,,,,J.J. Redick,,Daequan Cook,,,,,,shooting,,
Daequan Cook,Dorell Wright,Jermaine O'Neal,Mario Chalmers,Udonis Haslem,Brandon Bass,J.J. Redick,Jason Williams,Marcin Gortat,Mickael Pietrus,2,10:24,ORL,free throw,,,,,,,1,,2,J.J. Redick,,,foul,made,,,,
Daequan Cook,Dorell Wright,Jermaine O'Neal,Mario Chalmers,Udonis Haslem,Brandon Bass,J.J. Redick,Jason Williams,Marcin Gortat,Mickael Pietrus,2,10:24,ORL,free throw,,,,,,,2,,2,J.J. Redick,,,foul,made,,,,
Daequan Cook,Dorell Wright,Jermaine O'Neal,Mario Chalmers,Udonis Haslem,Brandon Bass,J.J. Redick,Jason Williams,Marcin Gortat,Mickael Pietrus,2,10:15,MIA,shot,Mario Chalmers,,,,,,,,,Jermaine O'Neal,2,,,made,,slam dunk,25,6
Daequan Cook,Dorell Wright,Jermaine O'Neal,Mario Chalmers,Udonis Haslem,Brandon Bass,J.J. Redick,Jason Williams,Marcin Gortat,Mickael Pietrus,2,9:58,ORL,shot,,,,,,,,,,J.J. Redick,2,,,made,,driving layup,25,6
Daequan Cook,Dorell Wright,Jermaine O'Neal,Mario Chalmers,Udonis Haslem,Brandon Bass,J.J. Redick,Jason Williams,Marcin Gortat,Mickael Pietrus,2,9:58,MIA,foul,,,,,,,,J.J. Redick,,Jermaine O'Neal,,,,,,shooting,,
Daequan Cook,Dorell Wright,Joel Anthony,Mario Chalmers,Udonis Haslem,Brandon Bass,J.J. Redick,Jason Williams,Marcin Gortat,Mickael Pietrus,2,9:58,MIA,sub,,,,Joel Anthony,,Jermaine O'Neal,,,,,,,,,,,,
Daequan Cook,Dorell Wright,Joel Anthony,Mario Chalmers,Udonis Haslem,Brandon Bass,J.J. Redick,Jason Williams,Marcin Gortat,Mickael Pietrus,2,9:58,ORL,free throw,,,,,,,1,,1,J.J. Redick,,,foul,made,,,,
Daequan Cook,Dorell Wright,Joel Anthony,Mario Chalmers,Udonis Haslem,Brandon Bass,J.J. Redick,Jason Williams,Marcin Gortat,Mickael Pietrus,2,9:36,MIA,shot,,,,,,,,,,Dorell Wright,,,,missed,,3pt,48,6
Daequan Cook,Dorell Wright,Joel Anthony,Mario Chalmers,Udonis Haslem,Brandon Bass,J.J. Redick,Jason Williams,Marcin Gortat,Mickael Pietrus,2,9:34,MIA,rebound,,,,,,,,,,Udonis Haslem,,,,,,off,,
Daequan Cook,Dorell Wright,Joel Anthony,Mario Chalmers,Udonis Haslem,Brandon Bass,J.J. Redick,Jason Williams,Marcin Gortat,Mickael Pietrus,2,9:34,MIA,shot,,,,,,,,,,Udonis Haslem,2,,,made,,putback layup,25,6
Daequan Cook,Dorell Wright,Joel Anthony,Mario Chalmers,Udonis Haslem,Brandon Bass,J.J. Redick,Jason Williams,Marcin Gortat,Mickael Pietrus,2,9:15,ORL,shot,,,,,,,,,,Mickael Pietrus,,,,missed,,3pt,24,32
Daequan Cook,Dorell Wright,Joel Anthony,Mario Chalmers,Udonis Haslem,Brandon Bass,J.J. Redick,Jason Williams,Marcin Gortat,Mickael Pietrus,2,9:13,MIA,rebound,,,,,,,,,,Joel Anthony,,,,,,def,,
Daequan Cook,Dorell Wright,Joel Anthony,Mario Chalmers,Udonis Haslem,Brandon Bass,J.J. Redick,Jason Williams,Marcin Gortat,Mickael Pietrus,2,8:55,MIA,shot,Daequan Cook,,,,,,,,,Mario Chalmers,3,,,made,,3pt,47,18
Daequan Cook,Dorell Wright,Joel Anthony,Mario Chalmers,Udonis Haslem,Brandon Bass,J.J. Redick,Jason Williams,Marcin Gortat,Mickael Pietrus,2,8:34,ORL,shot,,,,,,,,,,Jason Williams,,,,missed,,3pt,40,28
Daequan Cook,Dorell Wright,Joel Anthony,Mario Chalmers,Udonis Haslem,Brandon Bass,J.J. Redick,Jason Williams,Marcin Gortat,Mickael Pietrus,2,8:32,MIA,rebound,,,,,,,,,,Joel Anthony,,,,,,def,,
Daequan Cook,Dorell Wright,Joel Anthony,Mario Chalmers,Udonis Haslem,Brandon Bass,J.J. Redick,Jason Williams,Marcin Gortat,Mickael Pietrus,2,8:16,MIA,shot,,,,,,,,,,Udonis Haslem,,,,missed,,jump,14,19
Daequan Cook,Dorell Wright,Joel Anthony,Mario Chalmers,Udonis Haslem,Brandon Bass,J.J. Redick,Jason Williams,Marcin Gortat,Mickael Pietrus,2,8:15,ORL,rebound,,,,,,,,,,Marcin Gortat,,,,,,def,,
Daequan Cook,Dorell Wright,Joel Anthony,Mario Chalmers,Udonis Haslem,Brandon Bass,J.J. Redick,Jason Williams,Marcin Gortat,Mickael Pietrus,2,8:07,ORL,turnover,,,,,,,,,,Marcin Gortat,,,bad pass,,,,,
Daequan Cook,Dorell Wright,Joel Anthony,Mario Chalmers,Udonis Haslem,Brandon Bass,J.J. Redick,Jason Williams,Marcin Gortat,Mickael Pietrus,2,8:07,MIA,timeout,,,,,,,,,,,,,,,,official,,
Dorell Wright,Joel Anthony,Mario Chalmers,Quentin Richardson,Udonis Haslem,Brandon Bass,J.J. Redick,Jason Williams,Marcin Gortat,Mickael Pietrus,2,8:07,MIA,sub,,,,Quentin Richardson,,Daequan Cook,,,,,,,,,,,,
Dorell Wright,Joel Anthony,Mario Chalmers,Quentin Richardson,Udonis Haslem,Brandon Bass,J.J. Redick,Jason Williams,Marcin Gortat,Mickael Pietrus,2,7:46,MIA,shot,,,,,,,,,,Dorell Wright,,,,missed,,running jump,35,6
Dorell Wright,Joel Anthony,Mario Chalmers,Quentin Richardson,Udonis Haslem,Brandon Bass,J.J. Redick,Jason Williams,Marcin Gortat,Mickael Pietrus,2,7:45,ORL,rebound,,,,,,,,,,Mickael Pietrus,,,,,,def,,
Dorell Wright,Joel Anthony,Mario Chalmers,Quentin Richardson,Udonis Haslem,Brandon Bass,J.J. Redick,Jason Williams,Marcin Gortat,Mickael Pietrus,2,7:32,ORL,shot,,,,,,,,,,J.J. Redick,,,,missed,,jump,9,15
Dorell Wright,Joel Anthony,Mario Chalmers,Quentin Richardson,Udonis Haslem,Brandon Bass,J.J. Redick,Jason Williams,Marcin Gortat,Mickael Pietrus,2,7:31,MIA,rebound,,,,,,,,,,Quentin Richardson,,,,,,def,,
Dorell Wright,Joel Anthony,Mario Chalmers,Quentin Richardson,Udonis Haslem,Brandon Bass,J.J. Redick,Jason Williams,Marcin Gortat,Mickael Pietrus,2,7:18,ORL,foul,,,,,,,,Quentin Richardson,,J.J. Redick,,,,,,personal,,
Dorell Wright,Joel Anthony,Mario Chalmers,Quentin Richardson,Udonis Haslem,J.J. Redick,Jason Williams,Marcin Gortat,Mickael Pietrus,Rashard Lewis,2,7:18,ORL,sub,,,,Rashard Lewis,,Brandon Bass,,,,,,,,,,,,
Dorell Wright,Joel Anthony,Mario Chalmers,Quentin Richardson,Udonis Haslem,J.J. Redick,Jason Williams,Marcin Gortat,Mickael Pietrus,Rashard Lewis,2,7:04,MIA,shot,,,,,,,,,,Mario Chalmers,,,,missed,,jump,36,14
Dorell Wright,Joel Anthony,Mario Chalmers,Quentin Richardson,Udonis Haslem,J.J. Redick,Jason Williams,Marcin Gortat,Mickael Pietrus,Rashard Lewis,2,7:04,MIA,rebound,,,,,,,,,,,,,,,,,,
Dorell Wright,Joel Anthony,Mario Chalmers,Quentin Richardson,Udonis Haslem,J.J. Redick,Jason Williams,Marcin Gortat,Mickael Pietrus,Rashard Lewis,2,7:04,MIA,turnover,,,,,,,,,,,,,shot clock turnover,,,,,
Dorell Wright,Joel Anthony,Mario Chalmers,Quentin Richardson,Udonis Haslem,J.J. Redick,Jason Williams,Marcin Gortat,Mickael Pietrus,Rashard Lewis,2,6:48,ORL,shot,,,,,,,,,,Rashard Lewis,,,,missed,,3pt,7,26
Dorell Wright,Joel Anthony,Mario Chalmers,Quentin Richardson,Udonis Haslem,J.J. Redick,Jason Williams,Marcin Gortat,Mickael Pietrus,Rashard Lewis,2,6:47,MIA,rebound,,,,,,,,,,,,,,,,,,
Dorell Wright,Joel Anthony,Mario Chalmers,Quentin Richardson,Udonis Haslem,J.J. Redick,Jason Williams,Marcin Gortat,Mickael Pietrus,Rashard Lewis,2,6:47,ORL,foul,,,,,,,,Joel Anthony,,Mickael Pietrus,,,,,,loose ball,,
Dorell Wright,Joel Anthony,Mario Chalmers,Quentin Richardson,Udonis Haslem,J.J. Redick,Jason Williams,Marcin Gortat,Mickael Pietrus,Rashard Lewis,2,6:28,MIA,shot,,,,,,,,,,Udonis Haslem,,,,missed,,hook,27,12
Dorell Wright,Joel Anthony,Mario Chalmers,Quentin Richardson,Udonis Haslem,J.J. Redick,Jason Williams,Marcin Gortat,Mickael Pietrus,Rashard Lewis,2,6:25,ORL,rebound,,,,,,,,,,J.J. Redick,,,,,,def,,
Dorell Wright,Joel Anthony,Mario Chalmers,Quentin Richardson,Udonis Haslem,J.J. Redick,Jason Williams,Marcin Gortat,Mickael Pietrus,Rashard Lewis,2,6:09,ORL,shot,Jason Williams,,,,,,,,,Rashard Lewis,2,,,made,,driving layup,25,6
Dorell Wright,Joel Anthony,Mario Chalmers,Quentin Richardson,Udonis Haslem,J.J. Redick,Jason Williams,Marcin Gortat,Mickael Pietrus,Rashard Lewis,2,5:57,MIA,turnover,,,,,,,,,,Mario Chalmers,,,bad pass,,,,,
Dorell Wright,Joel Anthony,Mario Chalmers,Quentin Richardson,Udonis Haslem,J.J. Redick,Jason Williams,Marcin Gortat,Mickael Pietrus,Rashard Lewis,2,5:57,ORL,timeout,,,,,,,,,,,,,,,,regular,,
Dorell Wright,Joel Anthony,Mario Chalmers,Michael Beasley,Quentin Richardson,J.J. Redick,Jason Williams,Marcin Gortat,Mickael Pietrus,Rashard Lewis,2,5:57,MIA,sub,,,,Michael Beasley,,Udonis Haslem,,,,,,,,,,,,
Dwyane Wade,Joel Anthony,Mario Chalmers,Michael Beasley,Quentin Richardson,J.J. Redick,Jason Williams,Marcin Gortat,Mickael Pietrus,Rashard Lewis,2,5:57,MIA,sub,,,,Dwyane Wade,,Dorell Wright,,,,,,,,,,,,
Dwyane Wade,Joel Anthony,Mario Chalmers,Michael Beasley,Quentin Richardson,J.J. Redick,Jameer Nelson,Marcin Gortat,Mickael Pietrus,Rashard Lewis,2,5:57,ORL,sub,,,,Jameer Nelson,,Jason Williams,,,,,,,,,,,,
Dwyane Wade,Joel Anthony,Mario Chalmers,Michael Beasley,Quentin Richardson,Dwight Howard,J.J. Redick,Jameer Nelson,Mickael Pietrus,Rashard Lewis,2,5:57,ORL,sub,,,,Dwight Howard,,Marcin Gortat,,,,,,,,,,,,
Dwyane Wade,Joel Anthony,Mario Chalmers,Michael Beasley,Quentin Richardson,Dwight Howard,J.J. Redick,Jameer Nelson,Mickael Pietrus,Rashard Lewis,2,5:44,MIA,violation,,,,,,,,,,Joel Anthony,,,,,,kicked ball,,
Dwyane Wade,Joel Anthony,Mario Chalmers,Michael Beasley,Quentin Richardson,Dwight Howard,J.J. Redick,Jameer Nelson,Mickael Pietrus,Rashard Lewis,2,5:35,ORL,shot,Jameer Nelson,,,,,,,,,Rashard Lewis,2,,,made,,floating jump,18,10
Dwyane Wade,Joel Anthony,Mario Chalmers,Michael Beasley,Quentin Richardson,Dwight Howard,J.J. Redick,Jameer Nelson,Mickael Pietrus,Rashard Lewis,2,5:20,ORL,foul,,,,,,,,,,Dwight Howard,,,,,,defense 3 second,,
Dwyane Wade,Joel Anthony,Mario Chalmers,Michael Beasley,Quentin Richardson,Dwight Howard,J.J. Redick,Jameer Nelson,Mickael Pietrus,Rashard Lewis,2,5:20,MIA,free throw,,,,,,,1,,1,Michael Beasley,,,technical,made,,,,
Dwyane Wade,Joel Anthony,Mario Chalmers,Michael Beasley,Quentin Richardson,Dwight Howard,Jameer Nelson,Mickael Pietrus,Rashard Lewis,Vince Carter,2,5:20,ORL,sub,,,,Vince Carter,,J.J. Redick,,,,,,,,,,,,
Dwyane Wade,Joel Anthony,Mario Chalmers,Michael Beasley,Quentin Richardson,Dwight Howard,Jameer Nelson,Mickael Pietrus,Rashard Lewis,Vince Carter,2,5:05,MIA,shot,,,,,,,,,,Quentin Richardson,,,,missed,,jump,44,8
Dwyane Wade,Joel Anthony,Mario Chalmers,Michael Beasley,Quentin Richardson,Dwight Howard,Jameer Nelson,Mickael Pietrus,Rashard Lewis,Vince Carter,2,5:03,MIA,rebound,,,,,,,,,,Dwyane Wade,,,,,,off,,
Dwyane Wade,Joel Anthony,Mario Chalmers,Michael Beasley,Quentin Richardson,Dwight Howard,Jameer Nelson,Mickael Pietrus,Rashard Lewis,Vince Carter,2,5:03,MIA,shot,,,,,,,,,,Dwyane Wade,,,,missed,,layup,25,6
Dwyane Wade,Joel Anthony,Mario Chalmers,Michael Beasley,Quentin Richardson,Dwight Howard,Jameer Nelson,Mickael Pietrus,Rashard Lewis,Vince Carter,2,5:02,MIA,rebound,,,,,,,,,,Dwyane Wade,,,,,,off,,
Dwyane Wade,Joel Anthony,Mario Chalmers,Michael Beasley,Quentin Richardson,Dwight Howard,Jameer Nelson,Mickael Pietrus,Rashard Lewis,Vince Carter,2,5:01,MIA,shot,,,,,,,,,,Dwyane Wade,2,,,made,,layup,25,6
Dwyane Wade,Joel Anthony,Mario Chalmers,Michael Beasley,Quentin Richardson,Dwight Howard,Jameer Nelson,Mickael Pietrus,Rashard Lewis,Vince Carter,2,4:52,MIA,foul,,,,,,,,Jameer Nelson,,Quentin Richardson,,,,,,shooting,,
Dwyane Wade,Joel Anthony,Michael Beasley,Quentin Richardson,Rafer Alston,Dwight Howard,Jameer Nelson,Mickael Pietrus,Rashard Lewis,Vince Carter,2,4:52,MIA,sub,,,,Rafer Alston,,Mario Chalmers,,,,,,,,,,,,
Dwyane Wade,Joel Anthony,Michael Beasley,Quentin Richardson,Rafer Alston,Dwight Howard,Jameer Nelson,Mickael Pietrus,Rashard Lewis,Vince Carter,2,4:52,ORL,free throw,,,,,,,1,,2,Jameer Nelson,,,foul,missed,,,,
Dwyane Wade,Joel Anthony,Michael Beasley,Quentin Richardson,Rafer Alston,Dwight Howard,Jameer Nelson,Mickael Pietrus,Rashard Lewis,Vince Carter,2,4:52,ORL,rebound,,,,,,,,,,,,,,,,,,
Dwyane Wade,Joel Anthony,Michael Beasley,Quentin Richardson,Rafer Alston,Dwight Howard,Jameer Nelson,Mickael Pietrus,Rashard Lewis,Vince Carter,2,4:52,ORL,free throw,,,,,,,2,,2,Jameer Nelson,,,foul,made,,,,
Dwyane Wade,Joel Anthony,Michael Beasley,Quentin Richardson,Rafer Alston,Dwight Howard,Jameer Nelson,Mickael Pietrus,Rashard Lewis,Vince Carter,2,4:41,MIA,shot,,,,,,,,,,Dwyane Wade,2,,,made,,jump,19,9
Dwyane Wade,Joel Anthony,Michael Beasley,Quentin Richardson,Rafer Alston,Dwight Howard,Jameer Nelson,Mickael Pietrus,Rashard Lewis,Vince Carter,2,4:41,ORL,foul,,,,,,,,Dwyane Wade,,Dwight Howard,,,,,,shooting,,
Dwyane Wade,Joel Anthony,Michael Beasley,Quentin Richardson,Rafer Alston,Jameer Nelson,Marcin Gortat,Mickael Pietrus,Rashard Lewis,Vince Carter,2,4:41,ORL,sub,,,,Marcin Gortat,,Dwight Howard,,,,,,,,,,,,
Dwyane Wade,Joel Anthony,Michael Beasley,Quentin Richardson,Rafer Alston,Jameer Nelson,Marcin Gortat,Mickael Pietrus,Rashard Lewis,Vince Carter,2,4:41,MIA,free throw,,,,,,,1,,1,Dwyane Wade,,,foul,made,,,,
Dwyane Wade,Joel Anthony,Michael Beasley,Quentin Richardson,Rafer Alston,Jameer Nelson,Marcin Gortat,Mickael Pietrus,Rashard Lewis,Vince Carter,2,4:22,ORL,turnover,,,,,,,,,,Rashard Lewis,,,bad pass,,Dwyane Wade,,,
Dwyane Wade,Joel Anthony,Michael Beasley,Quentin Richardson,Rafer Alston,Jameer Nelson,Marcin Gortat,Mickael Pietrus,Rashard Lewis,Vince Carter,2,4:16,MIA,shot,,,Mickael Pietrus,,,,,,,Quentin Richardson,,,,missed,,layup,25,6
Dwyane Wade,Joel Anthony,Michael Beasley,Quentin Richardson,Rafer Alston,Jameer Nelson,Marcin Gortat,Mickael Pietrus,Rashard Lewis,Vince Carter,2,4:16,MIA,rebound,,,,,,,,,,Joel Anthony,,,,,,off,,
Dwyane Wade,Joel Anthony,Michael Beasley,Quentin Richardson,Rafer Alston,Jameer Nelson,Marcin Gortat,Mickael Pietrus,Rashard Lewis,Vince Carter,2,4:16,ORL,foul,,,,,,,,Joel Anthony,,Jameer Nelson,,,,,,shooting,,
Dwyane Wade,Joel Anthony,Michael Beasley,Quentin Richardson,Rafer Alston,Jameer Nelson,Marcin Gortat,Mickael Pietrus,Rashard Lewis,Vince Carter,2,4:16,MIA,free throw,,,,,,,1,,2,Joel Anthony,,,foul,made,,,,
Dwyane Wade,Joel Anthony,Michael Beasley,Quentin Richardson,Rafer Alston,Jameer Nelson,Marcin Gortat,Mickael Pietrus,Rashard Lewis,Vince Carter,2,4:16,MIA,free throw,,,,,,,2,,2,Joel Anthony,,,foul,missed,,,,
Dwyane Wade,Joel Anthony,Michael Beasley,Quentin Richardson,Rafer Alston,Jameer Nelson,Marcin Gortat,Mickael Pietrus,Rashard Lewis,Vince Carter,2,4:14,MIA,rebound,,,,,,,,,,Quentin Richardson,,,,,,off,,
Dwyane Wade,Joel Anthony,Michael Beasley,Quentin Richardson,Rafer Alston,Jameer Nelson,Marcin Gortat,Mickael Pietrus,Rashard Lewis,Vince Carter,2,4:14,MIA,shot,,,,,,,,,,Quentin Richardson,2,,,made,,tip,25,6
Dwyane Wade,Joel Anthony,Michael Beasley,Quentin Richardson,Rafer Alston,Jameer Nelson,Marcin Gortat,Mickael Pietrus,Rashard Lewis,Vince Carter,2,4:11,MIA,foul,,,,,,,,Rashard Lewis,,Michael Beasley,,,,,,personal,,
Dwyane Wade,Joel Anthony,Michael Beasley,Quentin Richardson,Rafer Alston,Jameer Nelson,Marcin Gortat,Mickael Pietrus,Rashard Lewis,Vince Carter,2,4:11,ORL,free throw,,,,,,,1,,2,Rashard Lewis,,,foul,made,,,,
Dwyane Wade,Joel Anthony,Michael Beasley,Quentin Richardson,Rafer Alston,Jameer Nelson,Marcin Gortat,Mickael Pietrus,Rashard Lewis,Vince Carter,2,4:11,ORL,free throw,,,,,,,2,,2,Rashard Lewis,,,foul,made,,,,
Dwyane Wade,Joel Anthony,Michael Beasley,Quentin Richardson,Rafer Alston,Jameer Nelson,Marcin Gortat,Mickael Pietrus,Rashard Lewis,Vince Carter,2,3:57,MIA,turnover,,,,,,,,,,Joel Anthony,,,out of bounds lost ball turnover,,,,,
Dwyane Wade,Joel Anthony,Michael Beasley,Quentin Richardson,Rafer Alston,Jameer Nelson,Marcin Gortat,Mickael Pietrus,Rashard Lewis,Vince Carter,2,3:43,ORL,shot,,,,,,,,,,Vince Carter,2,,,made,,jump,8,17
Dwyane Wade,Joel Anthony,Michael Beasley,Quentin Richardson,Rafer Alston,Jameer Nelson,Marcin Gortat,Mickael Pietrus,Rashard Lewis,Vince Carter,2,3:30,MIA,shot,,,,,,,,,,Dwyane Wade,2,,,made,,jump bank,34,9
Dwyane Wade,Joel Anthony,Michael Beasley,Quentin Richardson,Rafer Alston,Jameer Nelson,Marcin Gortat,Mickael Pietrus,Rashard Lewis,Vince Carter,2,3:30,ORL,foul,,,,,,,,Dwyane Wade,,Mickael Pietrus,,,,,,shooting,,
Dwyane Wade,Joel Anthony,Michael Beasley,Quentin Richardson,Rafer Alston,Jameer Nelson,Marcin Gortat,Mickael Pietrus,Rashard Lewis,Vince Carter,2,3:30,MIA,free throw,,,,,,,1,,1,Dwyane Wade,,,foul,made,,,,
Dwyane Wade,Joel Anthony,Michael Beasley,Quentin Richardson,Rafer Alston,Jameer Nelson,Marcin Gortat,Mickael Pietrus,Rashard Lewis,Vince Carter,2,3:13,ORL,shot,Vince Carter,,,,,,,,,Rashard Lewis,2,,,made,,jump,39,13
Dwyane Wade,Joel Anthony,Michael Beasley,Quentin Richardson,Rafer Alston,Jameer Nelson,Marcin Gortat,Mickael Pietrus,Rashard Lewis,Vince Carter,2,2:47,MIA,shot,,,,,,,,,,Joel Anthony,2,,,made,,hook,29,11
Dwyane Wade,Joel Anthony,Michael Beasley,Quentin Richardson,Rafer Alston,Jameer Nelson,Marcin Gortat,Mickael Pietrus,Rashard Lewis,Vince Carter,2,2:27,ORL,shot,,,,,,,,,,Vince Carter,2,,,made,,driving layup,25,6
Dwyane Wade,Joel Anthony,Michael Beasley,Quentin Richardson,Rafer Alston,Jameer Nelson,Marcin Gortat,Mickael Pietrus,Rashard Lewis,Vince Carter,2,2:07,MIA,shot,,,,,,,,,,Michael Beasley,,,,missed,,jump,10,15
Dwyane Wade,Joel Anthony,Michael Beasley,Quentin Richardson,Rafer Alston,Jameer Nelson,Marcin Gortat,Mickael Pietrus,Rashard Lewis,Vince Carter,2,2:05,ORL,rebound,,,,,,,,,,Jameer Nelson,,,,,,def,,
Dwyane Wade,Joel Anthony,Michael Beasley,Quentin Richardson,Rafer Alston,Jameer Nelson,Marcin Gortat,Mickael Pietrus,Rashard Lewis,Vince Carter,2,1:57,ORL,shot,,,,,,,,,,Mickael Pietrus,,,,missed,,3pt,4,20
Dwyane Wade,Joel Anthony,Michael Beasley,Quentin Richardson,Rafer Alston,Jameer Nelson,Marcin Gortat,Mickael Pietrus,Rashard Lewis,Vince Carter,2,1:55,MIA,rebound,,,,,,,,,,Quentin Richardson,,,,,,def,,
Dwyane Wade,Joel Anthony,Michael Beasley,Quentin Richardson,Rafer Alston,Jameer Nelson,Marcin Gortat,Mickael Pietrus,Rashard Lewis,Vince Carter,2,1:44,MIA,shot,,,Marcin Gortat,,,,,,,Michael Beasley,,,,missed,,jump,27,10
Dwyane Wade,Joel Anthony,Michael Beasley,Quentin Richardson,Rafer Alston,Jameer Nelson,Marcin Gortat,Mickael Pietrus,Rashard Lewis,Vince Carter,2,1:42,MIA,rebound,,,,,,,,,,Michael Beasley,,,,,,off,,
Dwyane Wade,Joel Anthony,Michael Beasley,Quentin Richardson,Rafer Alston,Jameer Nelson,Marcin Gortat,Mickael Pietrus,Rashard Lewis,Vince Carter,2,1:36,MIA,shot,,,,,,,,,,Joel Anthony,,,,missed,,jump,19,12
Dwyane Wade,Joel Anthony,Michael Beasley,Quentin Richardson,Rafer Alston,Jameer Nelson,Marcin Gortat,Mickael Pietrus,Rashard Lewis,Vince Carter,2,1:36,ORL,rebound,,,,,,,,,,Marcin Gortat,,,,,,def,,
Dwyane Wade,Joel Anthony,Michael Beasley,Quentin Richardson,Rafer Alston,Jameer Nelson,Marcin Gortat,Mickael Pietrus,Rashard Lewis,Vince Carter,2,1:36,MIA,foul,,,,,,,,Marcin Gortat,,Dwyane Wade,,,,,,loose ball,,
Dwyane Wade,Joel Anthony,Michael Beasley,Quentin Richardson,Rafer Alston,Jameer Nelson,Marcin Gortat,Mickael Pietrus,Rashard Lewis,Vince Carter,2,1:36,MIA,timeout,,,,,,,,,,,,,,,,regular,,
Dwyane Wade,Joel Anthony,Quentin Richardson,Rafer Alston,Udonis Haslem,Jameer Nelson,Marcin Gortat,Mickael Pietrus,Rashard Lewis,Vince Carter,2,1:36,MIA,sub,,,,Udonis Haslem,,Michael Beasley,,,,,,,,,,,,
Dwyane Wade,Joel Anthony,Quentin Richardson,Rafer Alston,Udonis Haslem,Jameer Nelson,Marcin Gortat,Mickael Pietrus,Rashard Lewis,Vince Carter,2,1:36,ORL,free throw,,,,,,,1,,2,Marcin Gortat,,,foul,made,,,,
Dwyane Wade,Joel Anthony,Quentin Richardson,Rafer Alston,Udonis Haslem,Brandon Bass,Jameer Nelson,Marcin Gortat,Mickael Pietrus,Vince Carter,2,1:36,ORL,sub,,,,Brandon Bass,,Rashard Lewis,,,,,,,,,,,,
Dwyane Wade,Joel Anthony,Quentin Richardson,Rafer Alston,Udonis Haslem,Brandon Bass,Jameer Nelson,Marcin Gortat,Mickael Pietrus,Vince Carter,2,1:36,ORL,free throw,,,,,,,2,,2,Marcin Gortat,,,foul,made,,,,
Dwyane Wade,Joel Anthony,Quentin Richardson,Rafer Alston,Udonis Haslem,Brandon Bass,Jameer Nelson,Marcin Gortat,Mickael Pietrus,Vince Carter,2,1:25,MIA,turnover,,,,,,,,,,Dwyane Wade,,,bad pass,,Vince Carter,,,
Dwyane Wade,Joel Anthony,Quentin Richardson,Rafer Alston,Udonis Haslem,Brandon Bass,Jameer Nelson,Marcin Gortat,Mickael Pietrus,Vince Carter,2,1:14,ORL,shot,,,,,,,,,,Vince Carter,,,,missed,,jump,5,9
Dwyane Wade,Joel Anthony,Quentin Richardson,Rafer Alston,Udonis Haslem,Brandon Bass,Jameer Nelson,Marcin Gortat,Mickael Pietrus,Vince Carter,2,1:12,MIA,rebound,,,,,,,,,,Dwyane Wade,,,,,,def,,
Dwyane Wade,Joel Anthony,Quentin Richardson,Rafer Alston,Udonis Haslem,Brandon Bass,Jameer Nelson,Marcin Gortat,Mickael Pietrus,Vince Carter,2,1:03,MIA,turnover,,,,,,,,,,Quentin Richardson,,,traveling,,,,,
Dwyane Wade,Joel Anthony,Quentin Richardson,Rafer Alston,Udonis Haslem,Brandon Bass,J.J. Redick,Jameer Nelson,Marcin Gortat,Mickael Pietrus,2,1:03,ORL,sub,,,,J.J. Redick,,Vince Carter,,,,,,,,,,,,
Dwyane Wade,Joel Anthony,Quentin Richardson,Rafer Alston,Udonis Haslem,Brandon Bass,J.J. Redick,Jameer Nelson,Marcin Gortat,Mickael Pietrus,2,0:47,ORL,shot,J.J. Redick,,,,,,,,,Marcin Gortat,2,,,made,,layup,25,6
Dwyane Wade,Joel Anthony,Quentin Richardson,Rafer Alston,Udonis Haslem,Brandon Bass,J.J. Redick,Jameer Nelson,Marcin Gortat,Mickael Pietrus,2,0:34,MIA,shot,,,,,,,,,,Dwyane Wade,,,,missed,,running hook,16,9
Dwyane Wade,Joel Anthony,Quentin Richardson,Rafer Alston,Udonis Haslem,Brandon Bass,J.J. Redick,Jameer Nelson,Marcin Gortat,Mickael Pietrus,2,0:34,ORL,rebound,,,,,,,,,,,,,,,,,,
Dwyane Wade,Joel Anthony,Quentin Richardson,Rafer Alston,Udonis Haslem,Brandon Bass,J.J. Redick,Jameer Nelson,Marcin Gortat,Mickael Pietrus,2,0:34,MIA,foul,,,,,,,,Jameer Nelson,,Udonis Haslem,,,,,,personal,,
Dwyane Wade,Joel Anthony,Quentin Richardson,Rafer Alston,Udonis Haslem,Brandon Bass,J.J. Redick,Jameer Nelson,Marcin Gortat,Mickael Pietrus,2,0:34,ORL,free throw,,,,,,,1,,2,Jameer Nelson,,,foul,made,,,,
Dwyane Wade,Joel Anthony,Quentin Richardson,Rafer Alston,Udonis Haslem,Brandon Bass,J.J. Redick,Jameer Nelson,Marcin Gortat,Mickael Pietrus,2,0:34,ORL,free throw,,,,,,,2,,2,Jameer Nelson,,,foul,made,,,,
Dwyane Wade,Joel Anthony,Quentin Richardson,Rafer Alston,Udonis Haslem,Brandon Bass,J.J. Redick,Jameer Nelson,Marcin Gortat,Mickael Pietrus,2,0:26,MIA,shot,,,,,,,,,,Rafer Alston,2,,,made,,driving layup,25,6
Dwyane Wade,Joel Anthony,Quentin Richardson,Rafer Alston,Udonis Haslem,Brandon Bass,J.J. Redick,Jameer Nelson,Marcin Gortat,Mickael Pietrus,2,0:26,ORL,foul,,,,,,,,Rafer Alston,,Marcin Gortat,,,,,,shooting,,
Dwyane Wade,Joel Anthony,Quentin Richardson,Rafer Alston,Udonis Haslem,Brandon Bass,J.J. Redick,Jameer Nelson,Marcin Gortat,Mickael Pietrus,2,0:26,MIA,free throw,,,,,,,1,,1,Rafer Alston,,,foul,made,,,,
Dwyane Wade,Joel Anthony,Quentin Richardson,Rafer Alston,Udonis Haslem,Brandon Bass,J.J. Redick,Jameer Nelson,Marcin Gortat,Mickael Pietrus,2,0:02,ORL,turnover,,,,,,,,,,,,,shot clock turnover,,,,,
Dwyane Wade,Joel Anthony,Quentin Richardson,Rafer Alston,Udonis Haslem,Brandon Bass,J.J. Redick,Jameer Nelson,Marcin Gortat,Mickael Pietrus,2,0:02,MIA,timeout,,,,,,,,,,,,,,,,short,,
Dorell Wright,Dwyane Wade,Joel Anthony,Rafer Alston,Udonis Haslem,Brandon Bass,J.J. Redick,Jameer Nelson,Marcin Gortat,Mickael Pietrus,2,0:02,MIA,sub,,,,Dorell Wright,,Quentin Richardson,,,,,,,,,,,,
Dorell Wright,Dwyane Wade,Michael Beasley,Rafer Alston,Udonis Haslem,Brandon Bass,J.J. Redick,Jameer Nelson,Marcin Gortat,Mickael Pietrus,2,0:02,MIA,sub,,,,Michael Beasley,,Joel Anthony,,,,,,,,,,,,
Dorell Wright,Dwyane Wade,Michael Beasley,Rafer Alston,Udonis Haslem,Brandon Bass,J.J. Redick,Jameer Nelson,Marcin Gortat,Mickael Pietrus,2,0:00,MIA,shot,,,,,,,,,,Rafer Alston,,,,missed,,3pt,5,31
Dorell Wright,Dwyane Wade,Michael Beasley,Rafer Alston,Udonis Haslem,Brandon Bass,J.J. Redick,Jameer Nelson,Marcin Gortat,Mickael Pietrus,2,0:00,MIA,rebound,,,,,,,,,,,,,,,,,,
Dwyane Wade,Jermaine O'Neal,Michael Beasley,Quentin Richardson,Rafer Alston,Dwight Howard,Jameer Nelson,Matt Barnes,Rashard Lewis,Vince Carter,3,11:37,MIA,shot,,,,,,,,,,Rafer Alston,,,,missed,,3pt,36,29
Dwyane Wade,Jermaine O'Neal,Michael Beasley,Quentin Richardson,Rafer Alston,Dwight Howard,Jameer Nelson,Matt Barnes,Rashard Lewis,Vince Carter,3,11:35,ORL,rebound,,,,,,,,,,Dwight Howard,,,,,,def,,
Dwyane Wade,Jermaine O'Neal,Michael Beasley,Quentin Richardson,Rafer Alston,Dwight Howard,Jameer Nelson,Matt Barnes,Rashard Lewis,Vince Carter,3,11:15,ORL,shot,,,,,,,,,,Vince Carter,,,,missed,,3pt,43,25
Dwyane Wade,Jermaine O'Neal,Michael Beasley,Quentin Richardson,Rafer Alston,Dwight Howard,Jameer Nelson,Matt Barnes,Rashard Lewis,Vince Carter,3,11:13,MIA,rebound,,,,,,,,,,Dwyane Wade,,,,,,def,,
Dwyane Wade,Jermaine O'Neal,Michael Beasley,Quentin Richardson,Rafer Alston,Dwight Howard,Jameer Nelson,Matt Barnes,Rashard Lewis,Vince Carter,3,11:03,MIA,shot,,,,,,,,,,Michael Beasley,,,,missed,,jump bank,38,14
Dwyane Wade,Jermaine O'Neal,Michael Beasley,Quentin Richardson,Rafer Alston,Dwight Howard,Jameer Nelson,Matt Barnes,Rashard Lewis,Vince Carter,3,11:01,ORL,rebound,,,,,,,,,,Matt Barnes,,,,,,def,,
Dwyane Wade,Jermaine O'Neal,Michael Beasley,Quentin Richardson,Rafer Alston,Dwight Howard,Jameer Nelson,Matt Barnes,Rashard Lewis,Vince Carter,3,10:53,ORL,shot,Jameer Nelson,,,,,,,,,Dwight Howard,2,,,made,,slam dunk,25,6
Dwyane Wade,Jermaine O'Neal,Michael Beasley,Quentin Richardson,Rafer Alston,Dwight Howard,Jameer Nelson,Matt Barnes,Rashard Lewis,Vince Carter,3,10:36,MIA,turnover,,,,,,,,,,Rafer Alston,,,bad pass,,Vince Carter,,,
Dwyane Wade,Jermaine O'Neal,Michael Beasley,Quentin Richardson,Rafer Alston,Dwight Howard,Jameer Nelson,Matt Barnes,Rashard Lewis,Vince Carter,3,10:25,MIA,foul,,,,,,,,Jameer Nelson,,Michael Beasley,,,,,,personal,,
Dwyane Wade,Jermaine O'Neal,Michael Beasley,Quentin Richardson,Rafer Alston,Dwight Howard,Jameer Nelson,Matt Barnes,Rashard Lewis,Vince Carter,3,10:12,ORL,shot,Rashard Lewis,,,,,,,,,Vince Carter,3,,,made,,3pt,41,27
Dwyane Wade,Jermaine O'Neal,Michael Beasley,Quentin Richardson,Rafer Alston,Dwight Howard,Jameer Nelson,Matt Barnes,Rashard Lewis,Vince Carter,3,9:53,MIA,turnover,,,,,,,,,,Michael Beasley,,,traveling,,,,,
Dwyane Wade,Jermaine O'Neal,Michael Beasley,Quentin Richardson,Rafer Alston,Dwight Howard,Jameer Nelson,Matt Barnes,Rashard Lewis,Vince Carter,3,9:34,ORL,shot,,,,,,,,,,Rashard Lewis,,,,missed,,3pt,8,25
Dwyane Wade,Jermaine O'Neal,Michael Beasley,Quentin Richardson,Rafer Alston,Dwight Howard,Jameer Nelson,Matt Barnes,Rashard Lewis,Vince Carter,3,9:33,MIA,rebound,,,,,,,,,,Quentin Richardson,,,,,,def,,
Dwyane Wade,Jermaine O'Neal,Michael Beasley,Quentin Richardson,Rafer Alston,Dwight Howard,Jameer Nelson,Matt Barnes,Rashard Lewis,Vince Carter,3,9:23,MIA,shot,Rafer Alston,,,,,,,,,Dwyane Wade,2,,,made,,driving dunk,25,6
Dwyane Wade,Jermaine O'Neal,Michael Beasley,Quentin Richardson,Rafer Alston,Dwight Howard,Jameer Nelson,Matt Barnes,Rashard Lewis,Vince Carter,3,9:01,ORL,shot,,,,,,,,,,Jameer Nelson,,,,missed,,jump,25,28
Dwyane Wade,Jermaine O'Neal,Michael Beasley,Quentin Richardson,Rafer Alston,Dwight Howard,Jameer Nelson,Matt Barnes,Rashard Lewis,Vince Carter,3,9:00,MIA,rebound,,,,,,,,,,Jermaine O'Neal,,,,,,def,,
Dwyane Wade,Jermaine O'Neal,Michael Beasley,Quentin Richardson,Rafer Alston,Dwight Howard,Jameer Nelson,Matt Barnes,Rashard Lewis,Vince Carter,3,8:53,ORL,foul,,,,,,,,Dwyane Wade,,Dwight Howard,,,,,,shooting,,
Dwyane Wade,Jermaine O'Neal,Michael Beasley,Quentin Richardson,Rafer Alston,Dwight Howard,Jameer Nelson,Matt Barnes,Rashard Lewis,Vince Carter,3,8:53,MIA,free throw,,,,,,,1,,2,Dwyane Wade,,,foul,made,,,,
Dwyane Wade,Jermaine O'Neal,Michael Beasley,Quentin Richardson,Rafer Alston,Dwight Howard,Jameer Nelson,Matt Barnes,Rashard Lewis,Vince Carter,3,8:53,MIA,free throw,,,,,,,2,,2,Dwyane Wade,,,foul,made,,,,
Dwyane Wade,Jermaine O'Neal,Michael Beasley,Quentin Richardson,Rafer Alston,Dwight Howard,Jameer Nelson,Matt Barnes,Rashard Lewis,Vince Carter,3,8:34,ORL,shot,,,,,,,,,,Rashard Lewis,,,,missed,,3pt,23,33
Dwyane Wade,Jermaine O'Neal,Michael Beasley,Quentin Richardson,Rafer Alston,Dwight Howard,Jameer Nelson,Matt Barnes,Rashard Lewis,Vince Carter,3,8:33,ORL,rebound,,,,,,,,,,Matt Barnes,,,,,,off,,
Dwyane Wade,Jermaine O'Neal,Michael Beasley,Quentin Richardson,Rafer Alston,Dwight Howard,Jameer Nelson,Matt Barnes,Rashard Lewis,Vince Carter,3,8:24,ORL,shot,,,Rafer Alston,,,,,,,Jameer Nelson,,,,missed,,layup,25,6
Dwyane Wade,Jermaine O'Neal,Michael Beasley,Quentin Richardson,Rafer Alston,Dwight Howard,Jameer Nelson,Matt Barnes,Rashard Lewis,Vince Carter,3,8:24,ORL,rebound,,,,,,,,,,,,,,,,,,
Dwyane Wade,Jermaine O'Neal,Michael Beasley,Quentin Richardson,Rafer Alston,Dwight Howard,Jameer Nelson,Matt Barnes,Rashard Lewis,Vince Carter,3,8:15,ORL,shot,,,,,,,,,,Dwight Howard,,,,missed,,hook,21,11
Dwyane Wade,Jermaine O'Neal,Michael Beasley,Quentin Richardson,Rafer Alston,Dwight Howard,Jameer Nelson,Matt Barnes,Rashard Lewis,Vince Carter,3,8:13,MIA,rebound,,,,,,,,,,Rafer Alston,,,,,,def,,
Dwyane Wade,Jermaine O'Neal,Michael Beasley,Quentin Richardson,Rafer Alston,Dwight Howard,Jameer Nelson,Matt Barnes,Rashard Lewis,Vince Carter,3,8:05,MIA,shot,,,,,,,,,,Jermaine O'Neal,,,,missed,,jump,27,22
Dwyane Wade,Jermaine O'Neal,Michael Beasley,Quentin Richardson,Rafer Alston,Dwight Howard,Jameer Nelson,Matt Barnes,Rashard Lewis,Vince Carter,3,8:02,MIA,rebound,,,,,,,,,,Quentin Richardson,,,,,,off,,
Dwyane Wade,Jermaine O'Neal,Michael Beasley,Quentin Richardson,Rafer Alston,Dwight Howard,Jameer Nelson,Matt Barnes,Rashard Lewis,Vince Carter,3,7:40,MIA,shot,,,,,,,,,,Dwyane Wade,,,,missed,,3pt,21,31
Dwyane Wade,Jermaine O'Neal,Michael Beasley,Quentin Richardson,Rafer Alston,Dwight Howard,Jameer Nelson,Matt Barnes,Rashard Lewis,Vince Carter,3,7:38,ORL,rebound,,,,,,,,,,Dwight Howard,,,,,,def,,
Dwyane Wade,Jermaine O'Neal,Michael Beasley,Quentin Richardson,Rafer Alston,Dwight Howard,Jameer Nelson,Matt Barnes,Rashard Lewis,Vince Carter,3,7:12,ORL,shot,,,,,,,,,,Jameer Nelson,2,,,made,,turnaround fade away,33,11
Dwyane Wade,Jermaine O'Neal,Michael Beasley,Quentin Richardson,Rafer Alston,Dwight Howard,Jameer Nelson,Matt Barnes,Rashard Lewis,Vince Carter,3,6:55,MIA,shot,,,,,,,,,,Jermaine O'Neal,2,,,made,,jump,33,7
Dwyane Wade,Jermaine O'Neal,Michael Beasley,Quentin Richardson,Rafer Alston,Dwight Howard,Jameer Nelson,Matt Barnes,Rashard Lewis,Vince Carter,3,6:32,MIA,foul,,,,,,,,Dwight Howard,,Michael Beasley,,,,,,shooting,,
Dwyane Wade,Jermaine O'Neal,Michael Beasley,Quentin Richardson,Rafer Alston,Dwight Howard,Jameer Nelson,Matt Barnes,Rashard Lewis,Vince Carter,3,6:32,ORL,free throw,,,,,,,1,,2,Dwight Howard,,,foul,missed,,,,
Dwyane Wade,Jermaine O'Neal,Michael Beasley,Quentin Richardson,Rafer Alston,Dwight Howard,Jameer Nelson,Matt Barnes,Rashard Lewis,Vince Carter,3,6:32,ORL,rebound,,,,,,,,,,,,,,,,,,
Dwyane Wade,Jermaine O'Neal,Quentin Richardson,Rafer Alston,Udonis Haslem,Dwight Howard,Jameer Nelson,Matt Barnes,Rashard Lewis,Vince Carter,3,6:32,MIA,sub,,,,Udonis Haslem,,Michael Beasley,,,,,,,,,,,,
Dwyane Wade,Jermaine O'Neal,Quentin Richardson,Rafer Alston,Udonis Haslem,Dwight Howard,Jameer Nelson,Matt Barnes,Rashard Lewis,Vince Carter,3,6:32,ORL,free throw,,,,,,,2,,2,Dwight Howard,,,foul,missed,,,,
Dwyane Wade,Jermaine O'Neal,Quentin Richardson,Rafer Alston,Udonis Haslem,Dwight Howard,Jameer Nelson,Matt Barnes,Rashard Lewis,Vince Carter,3,6:30,MIA,rebound,,,,,,,,,,Jermaine O'Neal,,,,,,def,,
Dwyane Wade,Jermaine O'Neal,Quentin Richardson,Rafer Alston,Udonis Haslem,Dwight Howard,Jameer Nelson,Matt Barnes,Rashard Lewis,Vince Carter,3,6:10,MIA,shot,,,,,,,,,,Jermaine O'Neal,2,,,made,,jump,40,15
Dwyane Wade,Jermaine O'Neal,Quentin Richardson,Rafer Alston,Udonis Haslem,Dwight Howard,Jameer Nelson,Matt Barnes,Rashard Lewis,Vince Carter,3,5:46,ORL,shot,,,,,,,,,,Jameer Nelson,,,,missed,,3pt,44,25
Dwyane Wade,Jermaine O'Neal,Quentin Richardson,Rafer Alston,Udonis Haslem,Dwight Howard,Jameer Nelson,Matt Barnes,Rashard Lewis,Vince Carter,3,5:44,MIA,rebound,,,,,,,,,,Udonis Haslem,,,,,,def,,
Dwyane Wade,Jermaine O'Neal,Quentin Richardson,Rafer Alston,Udonis Haslem,Dwight Howard,Jameer Nelson,Matt Barnes,Rashard Lewis,Vince Carter,3,5:34,ORL,violation,,,,,,,,,,Dwight Howard,,,,,,defensive goaltending,,
Dwyane Wade,Jermaine O'Neal,Quentin Richardson,Rafer Alston,Udonis Haslem,Dwight Howard,Jameer Nelson,Matt Barnes,Rashard Lewis,Vince Carter,3,5:34,MIA,shot,Dwyane Wade,,,,,,,,,Jermaine O'Neal,2,,,made,,jump,36,7
Dwyane Wade,Jermaine O'Neal,Quentin Richardson,Rafer Alston,Udonis Haslem,Dwight Howard,Jameer Nelson,Matt Barnes,Rashard Lewis,Vince Carter,3,5:19,ORL,shot,Rashard Lewis,,,,,,,,,Matt Barnes,2,,,made,,jump,19,28
Dwyane Wade,Jermaine O'Neal,Quentin Richardson,Rafer Alston,Udonis Haslem,Dwight Howard,Jameer Nelson,Matt Barnes,Rashard Lewis,Vince Carter,3,4:53,ORL,foul,,,,,,,,,,Dwight Howard,,,,,,defense 3 second,,
Dwyane Wade,Jermaine O'Neal,Quentin Richardson,Rafer Alston,Udonis Haslem,Dwight Howard,Jameer Nelson,Matt Barnes,Rashard Lewis,Vince Carter,3,4:53,ORL,timeout,,,,,,,,,,,,,,,,regular,,
Dorell Wright,Jermaine O'Neal,Quentin Richardson,Rafer Alston,Udonis Haslem,Dwight Howard,Jameer Nelson,Matt Barnes,Rashard Lewis,Vince Carter,3,4:53,MIA,sub,,,,Dorell Wright,,Dwyane Wade,,,,,,,,,,,,
Dorell Wright,Jermaine O'Neal,Quentin Richardson,Rafer Alston,Udonis Haslem,Jameer Nelson,Marcin Gortat,Matt Barnes,Rashard Lewis,Vince Carter,3,4:53,ORL,sub,,,,Marcin Gortat,,Dwight Howard,,,,,,,,,,,,
Dorell Wright,Jermaine O'Neal,Quentin Richardson,Rafer Alston,Udonis Haslem,Jameer Nelson,Marcin Gortat,Matt Barnes,Rashard Lewis,Vince Carter,3,4:53,MIA,free throw,,,,,,,1,,1,Udonis Haslem,,,technical,made,,,,
Dorell Wright,Jermaine O'Neal,Quentin Richardson,Rafer Alston,Udonis Haslem,Jameer Nelson,Marcin Gortat,Matt Barnes,Rashard Lewis,Vince Carter,3,4:50,MIA,shot,,,,,,,,,,Quentin Richardson,,,,missed,,3pt,26,31
Dorell Wright,Jermaine O'Neal,Quentin Richardson,Rafer Alston,Udonis Haslem,Jameer Nelson,Marcin Gortat,Matt Barnes,Rashard Lewis,Vince Carter,3,4:49,ORL,rebound,,,,,,,,,,Rashard Lewis,,,,,,def,,
Dorell Wright,Jermaine O'Neal,Quentin Richardson,Rafer Alston,Udonis Haslem,Jameer Nelson,Marcin Gortat,Matt Barnes,Rashard Lewis,Vince Carter,3,4:27,ORL,shot,Jameer Nelson,,,,,,,,,Vince Carter,3,,,made,,3pt,44,23
Dorell Wright,Jermaine O'Neal,Quentin Richardson,Rafer Alston,Udonis Haslem,Jameer Nelson,Marcin Gortat,Matt Barnes,Rashard Lewis,Vince Carter,3,3:59,MIA,shot,Dorell Wright,,,,,,,,,Jermaine O'Neal,2,,,made,,jump,8,14
Dorell Wright,Jermaine O'Neal,Quentin Richardson,Rafer Alston,Udonis Haslem,Jameer Nelson,Marcin Gortat,Matt Barnes,Rashard Lewis,Vince Carter,3,3:46,ORL,shot,,,Jermaine O'Neal,,,,,,,Jameer Nelson,,,,missed,,driving layup,25,6
Dorell Wright,Jermaine O'Neal,Quentin Richardson,Rafer Alston,Udonis Haslem,Jameer Nelson,Marcin Gortat,Matt Barnes,Rashard Lewis,Vince Carter,3,3:42,MIA,rebound,,,,,,,,,,Jermaine O'Neal,,,,,,def,,
Dorell Wright,Jermaine O'Neal,Quentin Richardson,Rafer Alston,Udonis Haslem,Jameer Nelson,Marcin Gortat,Matt Barnes,Rashard Lewis,Vince Carter,3,3:23,MIA,shot,,,,,,,,,,Rafer Alston,,,,missed,,layup,25,6
Dorell Wright,Jermaine O'Neal,Quentin Richardson,Rafer Alston,Udonis Haslem,Jameer Nelson,Marcin Gortat,Matt Barnes,Rashard Lewis,Vince Carter,3,3:23,ORL,rebound,,,,,,,,,,,,,,,,,,
Dorell Wright,Jermaine O'Neal,Quentin Richardson,Rafer Alston,Udonis Haslem,Jameer Nelson,Marcin Gortat,Matt Barnes,Rashard Lewis,Vince Carter,3,3:23,MIA,foul,,,,,,,,Matt Barnes,,Jermaine O'Neal,,,,,,loose ball,,
Dorell Wright,Jermaine O'Neal,Quentin Richardson,Rafer Alston,Udonis Haslem,Jameer Nelson,Marcin Gortat,Matt Barnes,Rashard Lewis,Vince Carter,3,3:23,MIA,foul,,,,,,,,Matt Barnes,,Jermaine O'Neal,,,,,,technical,,
Dorell Wright,Joel Anthony,Quentin Richardson,Rafer Alston,Udonis Haslem,Jameer Nelson,Marcin Gortat,Matt Barnes,Rashard Lewis,Vince Carter,3,3:23,MIA,sub,,,,Joel Anthony,,Jermaine O'Neal,,,,,,,,,,,,
Dorell Wright,Joel Anthony,Quentin Richardson,Rafer Alston,Udonis Haslem,J.J. Redick,Jameer Nelson,Marcin Gortat,Rashard Lewis,Vince Carter,3,3:23,ORL,sub,,,,J.J. Redick,,Matt Barnes,,,,,,,,,,,,
Dorell Wright,Joel Anthony,Quentin Richardson,Rafer Alston,Udonis Haslem,J.J. Redick,Jameer Nelson,Marcin Gortat,Rashard Lewis,Vince Carter,3,3:23,ORL,free throw,,,,,,,1,,1,Vince Carter,,,technical,made,,,,
Dorell Wright,Joel Anthony,Mario Chalmers,Quentin Richardson,Udonis Haslem,J.J. Redick,Jameer Nelson,Marcin Gortat,Rashard Lewis,Vince Carter,3,3:23,MIA,sub,,,,Mario Chalmers,,Rafer Alston,,,,,,,,,,,,
Dorell Wright,Joel Anthony,Mario Chalmers,Quentin Richardson,Udonis Haslem,J.J. Redick,Jameer Nelson,Marcin Gortat,Rashard Lewis,Vince Carter,3,3:08,ORL,shot,,,,,,,,,,Rashard Lewis,2,,,made,,pullup jump,30,10
Dorell Wright,Joel Anthony,Mario Chalmers,Quentin Richardson,Udonis Haslem,J.J. Redick,Jameer Nelson,Marcin Gortat,Rashard Lewis,Vince Carter,3,2:47,MIA,shot,Mario Chalmers,,,,,,,,,Dorell Wright,3,,,made,,3pt,48,5
Dorell Wright,Joel Anthony,Mario Chalmers,Quentin Richardson,Udonis Haslem,J.J. Redick,Jameer Nelson,Marcin Gortat,Rashard Lewis,Vince Carter,3,2:24,ORL,shot,J.J. Redick,,,,,,,,,Rashard Lewis,3,,,made,,3pt,2,6
Dorell Wright,Joel Anthony,Mario Chalmers,Quentin Richardson,Udonis Haslem,J.J. Redick,Jameer Nelson,Marcin Gortat,Rashard Lewis,Vince Carter,3,1:55,MIA,shot,,,,,,,,,,Quentin Richardson,,,,missed,,3pt,7,25
Dorell Wright,Joel Anthony,Mario Chalmers,Quentin Richardson,Udonis Haslem,J.J. Redick,Jameer Nelson,Marcin Gortat,Rashard Lewis,Vince Carter,3,1:54,ORL,rebound,,,,,,,,,,Marcin Gortat,,,,,,def,,
Dorell Wright,Joel Anthony,Mario Chalmers,Quentin Richardson,Udonis Haslem,J.J. Redick,Jameer Nelson,Marcin Gortat,Rashard Lewis,Vince Carter,3,1:44,MIA,foul,,,,,,,,J.J. Redick,,Quentin Richardson,,,,,,shooting,,
Dorell Wright,Joel Anthony,Mario Chalmers,Quentin Richardson,Udonis Haslem,J.J. Redick,Jameer Nelson,Marcin Gortat,Rashard Lewis,Vince Carter,3,1:44,MIA,timeout,,,,,,,,,,,,,,,,regular,,
Dorell Wright,Dwyane Wade,Joel Anthony,Mario Chalmers,Udonis Haslem,J.J. Redick,Jameer Nelson,Marcin Gortat,Rashard Lewis,Vince Carter,3,1:44,MIA,sub,,,,Dwyane Wade,,Quentin Richardson,,,,,,,,,,,,
Dorell Wright,Dwyane Wade,Joel Anthony,Mario Chalmers,Udonis Haslem,J.J. Redick,Jason Williams,Marcin Gortat,Rashard Lewis,Vince Carter,3,1:44,ORL,sub,,,,Jason Williams,,Jameer Nelson,,,,,,,,,,,,
Dorell Wright,Dwyane Wade,Joel Anthony,Mario Chalmers,Udonis Haslem,J.J. Redick,Jason Williams,Marcin Gortat,Rashard Lewis,Vince Carter,3,1:44,ORL,free throw,,,,,,,1,,2,J.J. Redick,,,foul,made,,,,
Dorell Wright,Dwyane Wade,Joel Anthony,Mario Chalmers,Udonis Haslem,J.J. Redick,Jason Williams,Marcin Gortat,Rashard Lewis,Vince Carter,3,1:44,ORL,free throw,,,,,,,2,,2,J.J. Redick,,,foul,made,,,,
Dorell Wright,Dwyane Wade,Joel Anthony,Mario Chalmers,Udonis Haslem,J.J. Redick,Jason Williams,Marcin Gortat,Rashard Lewis,Vince Carter,3,1:30,MIA,shot,,,,,,,,,,Dwyane Wade,,,,missed,,jump,14,18
Dorell Wright,Dwyane Wade,Joel Anthony,Mario Chalmers,Udonis Haslem,J.J. Redick,Jason Williams,Marcin Gortat,Rashard Lewis,Vince Carter,3,1:27,ORL,rebound,,,,,,,,,,Vince Carter,,,,,,def,,
Dorell Wright,Dwyane Wade,Joel Anthony,Mario Chalmers,Udonis Haslem,J.J. Redick,Jason Williams,Marcin Gortat,Rashard Lewis,Vince Carter,3,1:12,ORL,shot,,,,,,,,,,Jason Williams,2,,,made,,jump,38,13
Dorell Wright,Dwyane Wade,Joel Anthony,Mario Chalmers,Udonis Haslem,J.J. Redick,Jason Williams,Marcin Gortat,Rashard Lewis,Vince Carter,3,0:50,MIA,shot,,,Marcin Gortat,,,,,,,Mario Chalmers,,,,missed,,layup,25,6
Dorell Wright,Dwyane Wade,Joel Anthony,Mario Chalmers,Udonis Haslem,J.J. Redick,Jason Williams,Marcin Gortat,Rashard Lewis,Vince Carter,3,0:48,ORL,rebound,,,,,,,,,,Marcin Gortat,,,,,,def,,
Dorell Wright,Dwyane Wade,Joel Anthony,Mario Chalmers,Udonis Haslem,J.J. Redick,Jason Williams,Marcin Gortat,Rashard Lewis,Vince Carter,3,0:44,ORL,shot,,,,,,,,,,Jason Williams,,,,missed,,3pt,7,27
Dorell Wright,Dwyane Wade,Joel Anthony,Mario Chalmers,Udonis Haslem,J.J. Redick,Jason Williams,Marcin Gortat,Rashard Lewis,Vince Carter,3,0:42,MIA,rebound,,,,,,,,,,Udonis Haslem,,,,,,def,,
Dorell Wright,Dwyane Wade,Joel Anthony,Mario Chalmers,Udonis Haslem,J.J. Redick,Jason Williams,Marcin Gortat,Rashard Lewis,Vince Carter,3,0:23,MIA,shot,,,Marcin Gortat,,,,,,,Dwyane Wade,,,,missed,,layup,25,6
Dorell Wright,Dwyane Wade,Joel Anthony,Mario Chalmers,Udonis Haslem,J.J. Redick,Jason Williams,Marcin Gortat,Rashard Lewis,Vince Carter,3,0:21,ORL,rebound,,,,,,,,,,,,,,,,,,
Dorell Wright,Dwyane Wade,Joel Anthony,Mario Chalmers,Udonis Haslem,J.J. Redick,Jason Williams,Marcin Gortat,Rashard Lewis,Vince Carter,3,0:21,MIA,foul,,,,,,,,J.J. Redick,,Udonis Haslem,,,,,,personal,,
Dorell Wright,Dwyane Wade,Joel Anthony,Mario Chalmers,Udonis Haslem,J.J. Redick,Jason Williams,Marcin Gortat,Mickael Pietrus,Rashard Lewis,3,0:21,ORL,sub,,,,Mickael Pietrus,,Vince Carter,,,,,,,,,,,,
Dorell Wright,Dwyane Wade,Joel Anthony,Mario Chalmers,Udonis Haslem,J.J. Redick,Jason Williams,Marcin Gortat,Mickael Pietrus,Rashard Lewis,3,0:21,ORL,free throw,,,,,,,1,,2,J.J. Redick,,,foul,made,,,,
Dorell Wright,Dwyane Wade,Joel Anthony,Mario Chalmers,Udonis Haslem,J.J. Redick,Jason Williams,Marcin Gortat,Mickael Pietrus,Rashard Lewis,3,0:21,ORL,free throw,,,,,,,2,,2,J.J. Redick,,,foul,made,,,,
Dorell Wright,Dwyane Wade,Joel Anthony,Mario Chalmers,Udonis Haslem,J.J. Redick,Jason Williams,Marcin Gortat,Mickael Pietrus,Rashard Lewis,3,0:14,ORL,foul,,,,,,,,Dwyane Wade,,Mickael Pietrus,,,,,,personal,,
Dorell Wright,Dwyane Wade,Joel Anthony,Mario Chalmers,Udonis Haslem,J.J. Redick,Jason Williams,Marcin Gortat,Mickael Pietrus,Rashard Lewis,3,0:02,MIA,shot,,,,,,,,,,Dorell Wright,,,,missed,,3pt,43,27
Dorell Wright,Dwyane Wade,Joel Anthony,Mario Chalmers,Udonis Haslem,J.J. Redick,Jason Williams,Marcin Gortat,Mickael Pietrus,Rashard Lewis,3,0:01,ORL,rebound,,,,,,,,,,Jason Williams,,,,,,def,,
Dorell Wright,Dwyane Wade,Jermaine O'Neal,Mario Chalmers,Udonis Haslem,J.J. Redick,Jason Williams,Marcin Gortat,Mickael Pietrus,Rashard Lewis,4,11:40,ORL,shot,J.J. Redick,,,,,,,,,Marcin Gortat,2,,,made,,layup,25,6
Dorell Wright,Dwyane Wade,Jermaine O'Neal,Mario Chalmers,Udonis Haslem,J.J. Redick,Jason Williams,Marcin Gortat,Mickael Pietrus,Rashard Lewis,4,11:14,MIA,foul,,,,,,,,Mickael Pietrus,,Dwyane Wade,,,,,,offensive,,
Dorell Wright,Dwyane Wade,Jermaine O'Neal,Mario Chalmers,Udonis Haslem,J.J. Redick,Jason Williams,Marcin Gortat,Mickael Pietrus,Rashard Lewis,4,11:14,MIA,turnover,,,,,,,,,,Dwyane Wade,,,foul,,,,,
Dorell Wright,Dwyane Wade,Jermaine O'Neal,Mario Chalmers,Udonis Haslem,J.J. Redick,Jason Williams,Marcin Gortat,Mickael Pietrus,Rashard Lewis,4,10:50,ORL,shot,,,,,,,,,,Marcin Gortat,,,,missed,,jump,25,21
Dorell Wright,Dwyane Wade,Jermaine O'Neal,Mario Chalmers,Udonis Haslem,J.J. Redick,Jason Williams,Marcin Gortat,Mickael Pietrus,Rashard Lewis,4,10:49,ORL,rebound,,,,,,,,,,Mickael Pietrus,,,,,,off,,
Dorell Wright,Dwyane Wade,Jermaine O'Neal,Mario Chalmers,Udonis Haslem,J.J. Redick,Jason Williams,Marcin Gortat,Mickael Pietrus,Rashard Lewis,4,10:49,ORL,shot,,,,,,,,,,Mickael Pietrus,,,,missed,,tip,25,6
Dorell Wright,Dwyane Wade,Jermaine O'Neal,Mario Chalmers,Udonis Haslem,J.J. Redick,Jason Williams,Marcin Gortat,Mickael Pietrus,Rashard Lewis,4,10:48,MIA,rebound,,,,,,,,,,Dorell Wright,,,,,,def,,
Dorell Wright,Dwyane Wade,Jermaine O'Neal,Mario Chalmers,Udonis Haslem,J.J. Redick,Jason Williams,Marcin Gortat,Mickael Pietrus,Rashard Lewis,4,10:33,MIA,shot,Mario Chalmers,,,,,,,,,Udonis Haslem,2,,,made,,jump,30,21
Dorell Wright,Dwyane Wade,Jermaine O'Neal,Mario Chalmers,Udonis Haslem,J.J. Redick,Jason Williams,Marcin Gortat,Mickael Pietrus,Rashard Lewis,4,10:15,ORL,turnover,,,,,,,,,,Jason Williams,,,bad pass,,,,,
Dorell Wright,Dwyane Wade,Jermaine O'Neal,Mario Chalmers,Udonis Haslem,J.J. Redick,Jason Williams,Marcin Gortat,Mickael Pietrus,Rashard Lewis,4,10:01,MIA,shot,,,,,,,,,,Udonis Haslem,,,,missed,,jump,7,15
Dorell Wright,Dwyane Wade,Jermaine O'Neal,Mario Chalmers,Udonis Haslem,J.J. Redick,Jason Williams,Marcin Gortat,Mickael Pietrus,Rashard Lewis,4,10:00,ORL,rebound,,,,,,,,,,Marcin Gortat,,,,,,def,,
Dorell Wright,Dwyane Wade,Jermaine O'Neal,Mario Chalmers,Udonis Haslem,J.J. Redick,Jason Williams,Marcin Gortat,Mickael Pietrus,Rashard Lewis,4,9:50,ORL,shot,,,,,,,,,,Rashard Lewis,2,,,made,,jump,35,5
Dorell Wright,Dwyane Wade,Jermaine O'Neal,Mario Chalmers,Udonis Haslem,J.J. Redick,Jason Williams,Marcin Gortat,Mickael Pietrus,Rashard Lewis,4,9:30,MIA,shot,,,,,,,,,,Dorell Wright,2,,,made,,jump,31,21
Dorell Wright,Dwyane Wade,Jermaine O'Neal,Mario Chalmers,Udonis Haslem,J.J. Redick,Jason Williams,Marcin Gortat,Mickael Pietrus,Rashard Lewis,4,9:16,ORL,shot,,,,,,,,,,Rashard Lewis,,,,missed,,jump,43,10
Dorell Wright,Dwyane Wade,Jermaine O'Neal,Mario Chalmers,Udonis Haslem,J.J. Redick,Jason Williams,Marcin Gortat,Mickael Pietrus,Rashard Lewis,4,9:15,MIA,rebound,,,,,,,,,,Udonis Haslem,,,,,,def,,
Dorell Wright,Dwyane Wade,Jermaine O'Neal,Mario Chalmers,Udonis Haslem,J.J. Redick,Jason Williams,Marcin Gortat,Mickael Pietrus,Rashard Lewis,4,9:09,ORL,foul,,,,,,,,Dwyane Wade,,Mickael Pietrus,,,,,,personal,,
Dorell Wright,Dwyane Wade,Jermaine O'Neal,Mario Chalmers,Udonis Haslem,Dwight Howard,J.J. Redick,Jason Williams,Mickael Pietrus,Rashard Lewis,4,9:09,ORL,sub,,,,Dwight Howard,,Marcin Gortat,,,,,,,,,,,,
Dorell Wright,Dwyane Wade,Jermaine O'Neal,Mario Chalmers,Udonis Haslem,Brandon Bass,Dwight Howard,J.J. Redick,Jason Williams,Mickael Pietrus,4,9:09,ORL,sub,,,,Brandon Bass,,Rashard Lewis,,,,,,,,,,,,
Dorell Wright,Dwyane Wade,Jermaine O'Neal,Mario Chalmers,Udonis Haslem,Brandon Bass,Dwight Howard,J.J. Redick,Jason Williams,Mickael Pietrus,4,8:59,MIA,turnover,,,,,,,,,,Dwyane Wade,,,traveling,,,,,
Dorell Wright,Dwyane Wade,Jermaine O'Neal,Mario Chalmers,Udonis Haslem,Brandon Bass,Dwight Howard,J.J. Redick,Jason Williams,Mickael Pietrus,4,8:59,ORL,timeout,,,,,,,,,,,,,,,,official,,
Dorell Wright,Dwyane Wade,Jermaine O'Neal,Mario Chalmers,Udonis Haslem,Brandon Bass,Dwight Howard,J.J. Redick,Jason Williams,Mickael Pietrus,4,8:41,ORL,shot,,,,,,,,,,Mickael Pietrus,,,,missed,,jump,33,22
Dorell Wright,Dwyane Wade,Jermaine O'Neal,Mario Chalmers,Udonis Haslem,Brandon Bass,Dwight Howard,J.J. Redick,Jason Williams,Mickael Pietrus,4,8:40,MIA,rebound,,,,,,,,,,Dwyane Wade,,,,,,def,,
Dorell Wright,Dwyane Wade,Jermaine O'Neal,Mario Chalmers,Udonis Haslem,Brandon Bass,Dwight Howard,J.J. Redick,Jason Williams,Mickael Pietrus,4,8:30,MIA,shot,,,,,,,,,,Jermaine O'Neal,,,,missed,,jump,16,19
Dorell Wright,Dwyane Wade,Jermaine O'Neal,Mario Chalmers,Udonis Haslem,Brandon Bass,Dwight Howard,J.J. Redick,Jason Williams,Mickael Pietrus,4,8:29,ORL,rebound,,,,,,,,,,Mickael Pietrus,,,,,,def,,
Dorell Wright,Dwyane Wade,Jermaine O'Neal,Mario Chalmers,Udonis Haslem,Brandon Bass,Dwight Howard,J.J. Redick,Jason Williams,Mickael Pietrus,4,8:10,ORL,shot,,,,,,,,,,J.J. Redick,,,,missed,,3pt,15,31
Dorell Wright,Dwyane Wade,Jermaine O'Neal,Mario Chalmers,Udonis Haslem,Brandon Bass,Dwight Howard,J.J. Redick,Jason Williams,Mickael Pietrus,4,8:09,MIA,rebound,,,,,,,,,,Udonis Haslem,,,,,,def,,
Dorell Wright,Dwyane Wade,Jermaine O'Neal,Mario Chalmers,Udonis Haslem,Brandon Bass,Dwight Howard,J.J. Redick,Jason Williams,Mickael Pietrus,4,7:46,MIA,shot,,,,,,,,,,Jermaine O'Neal,2,,,made,,turnaround fade away,39,10
Dorell Wright,Dwyane Wade,Jermaine O'Neal,Mario Chalmers,Udonis Haslem,Brandon Bass,Dwight Howard,J.J. Redick,Jason Williams,Mickael Pietrus,4,7:28,ORL,shot,,,,,,,,,,Jason Williams,,,,missed,,3pt,40,26
Dorell Wright,Dwyane Wade,Jermaine O'Neal,Mario Chalmers,Udonis Haslem,Brandon Bass,Dwight Howard,J.J. Redick,Jason Williams,Mickael Pietrus,4,7:26,ORL,rebound,,,,,,,,,,Brandon Bass,,,,,,off,,
Dorell Wright,Dwyane Wade,Jermaine O'Neal,Mario Chalmers,Udonis Haslem,Brandon Bass,Dwight Howard,J.J. Redick,Jason Williams,Mickael Pietrus,4,7:22,ORL,shot,,,Udonis Haslem,,,,,,,Dwight Howard,,,,missed,,dunk,25,6
Dorell Wright,Dwyane Wade,Jermaine O'Neal,Mario Chalmers,Udonis Haslem,Brandon Bass,Dwight Howard,J.J. Redick,Jason Williams,Mickael Pietrus,4,7:19,ORL,rebound,,,,,,,,,,Brandon Bass,,,,,,off,,
Dorell Wright,Dwyane Wade,Jermaine O'Neal,Mario Chalmers,Udonis Haslem,Brandon Bass,Dwight Howard,J.J. Redick,Jason Williams,Mickael Pietrus,4,7:07,ORL,foul,,,,,,,,Jermaine O'Neal,,Dwight Howard,,,,,,offensive,,
Dorell Wright,Dwyane Wade,Jermaine O'Neal,Mario Chalmers,Udonis Haslem,Brandon Bass,Dwight Howard,J.J. Redick,Jason Williams,Mickael Pietrus,4,7:07,ORL,turnover,,,,,,,,,,Dwight Howard,,,foul,,,,,
Dorell Wright,Dwyane Wade,Jermaine O'Neal,Mario Chalmers,Udonis Haslem,Brandon Bass,Dwight Howard,J.J. Redick,Jason Williams,Mickael Pietrus,4,7:07,ORL,violation,,,,,,,,,,,,,,,,delay of game,,
Dorell Wright,Dwyane Wade,Jermaine O'Neal,Mario Chalmers,Udonis Haslem,Brandon Bass,J.J. Redick,Jason Williams,Marcin Gortat,Mickael Pietrus,4,7:07,ORL,sub,,,,Marcin Gortat,,Dwight Howard,,,,,,,,,,,,
Dorell Wright,Dwyane Wade,Jermaine O'Neal,Mario Chalmers,Udonis Haslem,Brandon Bass,J.J. Redick,Jason Williams,Marcin Gortat,Mickael Pietrus,4,6:44,MIA,shot,,,,,,,,,,Dorell Wright,,,,missed,,jump,9,16
Dorell Wright,Dwyane Wade,Jermaine O'Neal,Mario Chalmers,Udonis Haslem,Brandon Bass,J.J. Redick,Jason Williams,Marcin Gortat,Mickael Pietrus,4,6:43,ORL,rebound,,,,,,,,,,Mickael Pietrus,,,,,,def,,
Dorell Wright,Dwyane Wade,Jermaine O'Neal,Mario Chalmers,Udonis Haslem,Brandon Bass,J.J. Redick,Jason Williams,Marcin Gortat,Mickael Pietrus,4,6:36,ORL,shot,Jason Williams,,,,,,,,,J.J. Redick,3,,,made,,3pt,43,23
Dorell Wright,Dwyane Wade,Jermaine O'Neal,Mario Chalmers,Udonis Haslem,Brandon Bass,J.J. Redick,Jason Williams,Marcin Gortat,Mickael Pietrus,4,6:35,MIA,timeout,,,,,,,,,,,,,,,,regular,,
Dorell Wright,Dwyane Wade,Jermaine O'Neal,Mario Chalmers,Udonis Haslem,Brandon Bass,J.J. Redick,Jason Williams,Marcin Gortat,Mickael Pietrus,4,6:29,ORL,foul,,,,,,,,Dwyane Wade,,Mickael Pietrus,,,,,,personal,,
Dorell Wright,Dwyane Wade,Jermaine O'Neal,Mario Chalmers,Udonis Haslem,Brandon Bass,J.J. Redick,Jason Williams,Marcin Gortat,Matt Barnes,4,6:29,ORL,sub,,,,Matt Barnes,,Mickael Pietrus,,,,,,,,,,,,
Dorell Wright,Dwyane Wade,Jermaine O'Neal,Mario Chalmers,Udonis Haslem,Brandon Bass,J.J. Redick,Jason Williams,Marcin Gortat,Matt Barnes,4,6:23,MIA,shot,,,,,,,,,,Jermaine O'Neal,,,,missed,,hook,27,13
Dorell Wright,Dwyane Wade,Jermaine O'Neal,Mario Chalmers,Udonis Haslem,Brandon Bass,J.J. Redick,Jason Williams,Marcin Gortat,Matt Barnes,4,6:20,ORL,rebound,,,,,,,,,,J.J. Redick,,,,,,def,,
Dorell Wright,Dwyane Wade,Jermaine O'Neal,Mario Chalmers,Udonis Haslem,Brandon Bass,J.J. Redick,Jason Williams,Marcin Gortat,Matt Barnes,4,5:56,ORL,shot,,,,,,,,,,Jason Williams,2,,,made,,jump,18,27
Dorell Wright,Dwyane Wade,Jermaine O'Neal,Mario Chalmers,Udonis Haslem,Brandon Bass,J.J. Redick,Jason Williams,Marcin Gortat,Matt Barnes,4,5:41,MIA,shot,,,,,,,,,,Dwyane Wade,,,,missed,,layup,25,6
Dorell Wright,Dwyane Wade,Jermaine O'Neal,Mario Chalmers,Udonis Haslem,Brandon Bass,J.J. Redick,Jason Williams,Marcin Gortat,Matt Barnes,4,5:39,MIA,rebound,,,,,,,,,,Udonis Haslem,,,,,,off,,
Dorell Wright,Dwyane Wade,Jermaine O'Neal,Mario Chalmers,Udonis Haslem,Brandon Bass,J.J. Redick,Jason Williams,Marcin Gortat,Matt Barnes,4,5:37,MIA,shot,Udonis Haslem,,,,,,,,,Jermaine O'Neal,2,,,made,,jump,25,19
Dorell Wright,Dwyane Wade,Jermaine O'Neal,Mario Chalmers,Udonis Haslem,Brandon Bass,J.J. Redick,Jason Williams,Marcin Gortat,Matt Barnes,4,5:08,ORL,shot,,,,,,,,,,J.J. Redick,,,,missed,,3pt,12,30
Dorell Wright,Dwyane Wade,Jermaine O'Neal,Mario Chalmers,Udonis Haslem,Brandon Bass,J.J. Redick,Jason Williams,Marcin Gortat,Matt Barnes,4,5:06,MIA,rebound,,,,,,,,,,Dorell Wright,,,,,,def,,
Dorell Wright,Dwyane Wade,Jermaine O'Neal,Mario Chalmers,Udonis Haslem,Brandon Bass,J.J. Redick,Jason Williams,Marcin Gortat,Matt Barnes,4,4:55,MIA,shot,Dwyane Wade,,,,,,,,,Udonis Haslem,2,,,made,,jump,5,5
Dorell Wright,Dwyane Wade,Jermaine O'Neal,Mario Chalmers,Udonis Haslem,Brandon Bass,J.J. Redick,Jason Williams,Marcin Gortat,Matt Barnes,4,4:32,ORL,shot,,,,,,,,,,Brandon Bass,2,,,made,,jump,26,12
Dorell Wright,Dwyane Wade,Jermaine O'Neal,Mario Chalmers,Udonis Haslem,Brandon Bass,J.J. Redick,Jason Williams,Marcin Gortat,Matt Barnes,4,4:08,MIA,shot,,,,,,,,,,Jermaine O'Neal,,,,missed,,fade away jumper,39,8
Dorell Wright,Dwyane Wade,Jermaine O'Neal,Mario Chalmers,Udonis Haslem,Brandon Bass,J.J. Redick,Jason Williams,Marcin Gortat,Matt Barnes,4,4:06,ORL,rebound,,,,,,,,,,J.J. Redick,,,,,,def,,
Dorell Wright,Dwyane Wade,Jermaine O'Neal,Mario Chalmers,Udonis Haslem,Brandon Bass,J.J. Redick,Jason Williams,Marcin Gortat,Matt Barnes,4,3:51,MIA,foul,,,,,,,,Marcin Gortat,,Dwyane Wade,,,,,,shooting,,
Dorell Wright,Dwyane Wade,Jermaine O'Neal,Mario Chalmers,Udonis Haslem,J.J. Redick,Jameer Nelson,Jason Williams,Marcin Gortat,Matt Barnes,4,3:51,ORL,sub,,,,Jameer Nelson,,Brandon Bass,,,,,,,,,,,,
Dorell Wright,Dwyane Wade,Jermaine O'Neal,Mario Chalmers,Udonis Haslem,J.J. Redick,Jameer Nelson,Marcin Gortat,Matt Barnes,Rashard Lewis,4,3:51,ORL,sub,,,,Rashard Lewis,,Jason Williams,,,,,,,,,,,,
Dorell Wright,Dwyane Wade,Jermaine O'Neal,Mario Chalmers,Udonis Haslem,J.J. Redick,Jameer Nelson,Marcin Gortat,Matt Barnes,Rashard Lewis,4,3:51,ORL,free throw,,,,,,,1,,2,Marcin Gortat,,,foul,missed,,,,
Dorell Wright,Dwyane Wade,Jermaine O'Neal,Mario Chalmers,Udonis Haslem,J.J. Redick,Jameer Nelson,Marcin Gortat,Matt Barnes,Rashard Lewis,4,3:51,ORL,rebound,,,,,,,,,,,,,,,,,,
Dorell Wright,Dwyane Wade,Jermaine O'Neal,Rafer Alston,Udonis Haslem,J.J. Redick,Jameer Nelson,Marcin Gortat,Matt Barnes,Rashard Lewis,4,3:51,MIA,sub,,,,Rafer Alston,,Mario Chalmers,,,,,,,,,,,,
Dorell Wright,Dwyane Wade,Jermaine O'Neal,Rafer Alston,Udonis Haslem,J.J. Redick,Jameer Nelson,Marcin Gortat,Matt Barnes,Rashard Lewis,4,3:51,ORL,free throw,,,,,,,2,,2,Marcin Gortat,,,foul,made,,,,
Dorell Wright,Dwyane Wade,Jermaine O'Neal,Rafer Alston,Udonis Haslem,J.J. Redick,Jameer Nelson,Marcin Gortat,Matt Barnes,Rashard Lewis,4,3:38,MIA,shot,,,,,,,,,,Udonis Haslem,,,,missed,,jump,8,7
Dorell Wright,Dwyane Wade,Jermaine O'Neal,Rafer Alston,Udonis Haslem,J.J. Redick,Jameer Nelson,Marcin Gortat,Matt Barnes,Rashard Lewis,4,3:37,ORL,rebound,,,,,,,,,,Matt Barnes,,,,,,def,,
Dorell Wright,Dwyane Wade,Jermaine O'Neal,Rafer Alston,Udonis Haslem,J.J. Redick,Jameer Nelson,Marcin Gortat,Matt Barnes,Rashard Lewis,4,3:27,ORL,turnover,,,,,,,,,,Jameer Nelson,,,bad pass,,,,,
Dorell Wright,Dwyane Wade,Jermaine O'Neal,Rafer Alston,Udonis Haslem,Dwight Howard,J.J. Redick,Jameer Nelson,Matt Barnes,Rashard Lewis,4,3:27,ORL,sub,,,,Dwight Howard,,Marcin Gortat,,,,,,,,,,,,
Dorell Wright,Dwyane Wade,Jermaine O'Neal,Rafer Alston,Udonis Haslem,Dwight Howard,J.J. Redick,Jameer Nelson,Matt Barnes,Rashard Lewis,4,3:18,MIA,shot,Dwyane Wade,,,,,,,,,Rafer Alston,3,,,made,,3pt,43,27
Dorell Wright,Dwyane Wade,Jermaine O'Neal,Rafer Alston,Udonis Haslem,Dwight Howard,J.J. Redick,Jameer Nelson,Matt Barnes,Rashard Lewis,4,2:56,ORL,shot,,,,,,,,,,J.J. Redick,,,,missed,,jump,38,10
Dorell Wright,Dwyane Wade,Jermaine O'Neal,Rafer Alston,Udonis Haslem,Dwight Howard,J.J. Redick,Jameer Nelson,Matt Barnes,Rashard Lewis,4,2:55,MIA,rebound,,,,,,,,,,Jermaine O'Neal,,,,,,def,,
Dorell Wright,Dwyane Wade,Jermaine O'Neal,Rafer Alston,Udonis Haslem,Dwight Howard,J.J. Redick,Jameer Nelson,Matt Barnes,Rashard Lewis,4,2:43,MIA,shot,,,,,,,,,,Jermaine O'Neal,,,,missed,,jump,15,15
Dorell Wright,Dwyane Wade,Jermaine O'Neal,Rafer Alston,Udonis Haslem,Dwight Howard,J.J. Redick,Jameer Nelson,Matt Barnes,Rashard Lewis,4,2:42,ORL,rebound,,,,,,,,,,Rashard Lewis,,,,,,def,,
Dorell Wright,Dwyane Wade,Jermaine O'Neal,Rafer Alston,Udonis Haslem,Dwight Howard,J.J. Redick,Jameer Nelson,Matt Barnes,Rashard Lewis,4,2:35,MIA,foul,,,,,,,,Jameer Nelson,,Udonis Haslem,,,,,,personal,,
Dorell Wright,Dwyane Wade,Jermaine O'Neal,Rafer Alston,Udonis Haslem,Dwight Howard,J.J. Redick,Jameer Nelson,Matt Barnes,Rashard Lewis,4,2:35,ORL,timeout,,,,,,,,,,,,,,,,regular,,
Dorell Wright,Dwyane Wade,Jermaine O'Neal,Rafer Alston,Udonis Haslem,Dwight Howard,J.J. Redick,Jameer Nelson,Matt Barnes,Rashard Lewis,4,2:22,ORL,turnover,,,,,,,,,,Dwight Howard,,,bad pass,,,,,
Dorell Wright,Dwyane Wade,Jermaine O'Neal,Rafer Alston,Udonis Haslem,Dwight Howard,J.J. Redick,Jameer Nelson,Matt Barnes,Rashard Lewis,4,2:08,MIA,shot,Dwyane Wade,,,,,,,,,Rafer Alston,3,,,made,,3pt,28,33
Dorell Wright,Dwyane Wade,Jermaine O'Neal,Rafer Alston,Udonis Haslem,Dwight Howard,J.J. Redick,Jameer Nelson,Matt Barnes,Rashard Lewis,4,1:53,ORL,shot,Matt Barnes,,,,,,,,,J.J. Redick,3,,,made,,3pt,48,6
Dorell Wright,Dwyane Wade,Jermaine O'Neal,Rafer Alston,Udonis Haslem,Dwight Howard,J.J. Redick,Jameer Nelson,Matt Barnes,Rashard Lewis,4,1:34,MIA,turnover,,,,,,,,,,Jermaine O'Neal,,,bad pass,,Rashard Lewis,,,
Dorell Wright,Dwyane Wade,Jermaine O'Neal,Rafer Alston,Udonis Haslem,Dwight Howard,J.J. Redick,Jameer Nelson,Matt Barnes,Rashard Lewis,4,1:25,MIA,foul,,,,,,,,Jameer Nelson,,Rafer Alston,,,,,,personal,,
Dorell Wright,Jermaine O'Neal,Quentin Richardson,Rafer Alston,Udonis Haslem,Dwight Howard,J.J. Redick,Jameer Nelson,Matt Barnes,Rashard Lewis,4,1:25,MIA,sub,,,,Quentin Richardson,,Dwyane Wade,,,,,,,,,,,,
Dorell Wright,Jermaine O'Neal,Quentin Richardson,Rafer Alston,Udonis Haslem,Dwight Howard,J.J. Redick,Jameer Nelson,Matt Barnes,Rashard Lewis,4,1:13,ORL,shot,Matt Barnes,,,,,,,,,Rashard Lewis,3,,,made,,3pt,7,24
Dorell Wright,Jermaine O'Neal,Quentin Richardson,Rafer Alston,Udonis Haslem,Dwight Howard,J.J. Redick,Jameer Nelson,Matt Barnes,Rashard Lewis,4,0:54,MIA,shot,,,,,,,,,,Jermaine O'Neal,,,,missed,,jump,9,8
Dorell Wright,Jermaine O'Neal,Quentin Richardson,Rafer Alston,Udonis Haslem,Dwight Howard,J.J. Redick,Jameer Nelson,Matt Barnes,Rashard Lewis,4,0:52,ORL,rebound,,,,,,,,,,Matt Barnes,,,,,,def,,
Dorell Wright,Jermaine O'Neal,Quentin Richardson,Rafer Alston,Udonis Haslem,Dwight Howard,J.J. Redick,Jameer Nelson,Matt Barnes,Rashard Lewis,4,0:33,ORL,shot,,,,,,,,,,Rashard Lewis,,,,missed,,3pt,8,25
Dorell Wright,Jermaine O'Neal,Quentin Richardson,Rafer Alston,Udonis Haslem,Dwight Howard,J.J. Redick,Jameer Nelson,Matt Barnes,Rashard Lewis,4,0:32,ORL,rebound,,,,,,,,,,Dwight Howard,,,,,,off,,
Dorell Wright,Jermaine O'Neal,Quentin Richardson,Rafer Alston,Udonis Haslem,Dwight Howard,J.J. Redick,Jameer Nelson,Matt Barnes,Rashard Lewis,4,0:31,MIA,foul,,,,,,,,Dwight Howard,,Quentin Richardson,,,,,,personal,,
Dorell Wright,Joel Anthony,Quentin Richardson,Rafer Alston,Udonis Haslem,Dwight Howard,J.J. Redick,Jameer Nelson,Matt Barnes,Rashard Lewis,4,0:31,MIA,sub,,,,Joel Anthony,,Jermaine O'Neal,,,,,,,,,,,,
Dorell Wright,Joel Anthony,Quentin Richardson,Rafer Alston,Udonis Haslem,Brandon Bass,Dwight Howard,J.J. Redick,Jameer Nelson,Matt Barnes,4,0:31,ORL,sub,,,,Brandon Bass,,Rashard Lewis,,,,,,,,,,,,
Dorell Wright,Joel Anthony,Quentin Richardson,Rafer Alston,Udonis Haslem,Brandon Bass,Dwight Howard,J.J. Redick,Jameer Nelson,Matt Barnes,4,0:31,ORL,free throw,,,,,,,1,,2,Dwight Howard,,,foul,made,,,,
Dorell Wright,Joel Anthony,Quentin Richardson,Rafer Alston,Udonis Haslem,Brandon Bass,Dwight Howard,J.J. Redick,Jameer Nelson,Matt Barnes,4,0:31,ORL,free throw,,,,,,,2,,2,Dwight Howard,,,foul,made,,,,
Dorell Wright,Joel Anthony,Quentin Richardson,Rafer Alston,Udonis Haslem,Brandon Bass,Dwight Howard,J.J. Redick,Jameer Nelson,Matt Barnes,4,0:21,MIA,shot,,,,,,,,,,Udonis Haslem,,,,missed,,jump,39,13
Dorell Wright,Joel Anthony,Quentin Richardson,Rafer Alston,Udonis Haslem,Brandon Bass,Dwight Howard,J.J. Redick,Jameer Nelson,Matt Barnes,4,0:19,ORL,rebound,,,,,,,,,,Brandon Bass,,,,,,def,,
