a1,a2,a3,a4,a5,h1,h2,h3,h4,h5,period,time,team,etype,assist,away,block,entered,home,left,num,opponent,outof,player,points,possession,reason,result,steal,type,x,y
Anthony Parker,J.J. Hickson,LeBron James,Mo Williams,Shaquille O'Neal,Dwight Howard,Jameer Nelson,Matt Barnes,Rashard Lewis,Vince Carter,1,12:00,OFF,jump ball,,Shaquille O'Neal,,,Dwight Howard,,,,,,,Rashard Lewis,,,,,,
Anthony Parker,J.J. Hickson,LeBron James,Mo Williams,Shaquille O'Neal,Dwight Howard,Jameer Nelson,Matt Barnes,Rashard Lewis,Vince Carter,1,11:41,ORL,shot,,,,,,,,,,Jameer Nelson,2,,,made,,jump bank,36,13
Anthony Parker,J.J. Hickson,LeBron James,Mo Williams,Shaquille O'Neal,Dwight Howard,Jameer Nelson,Matt Barnes,Rashard Lewis,Vince Carter,1,11:19,CLE,shot,,,,,,,,,,Anthony Parker,,,,missed,,3pt,2,5
Anthony Parker,J.J. Hickson,LeBron James,Mo Williams,Shaquille O'Neal,Dwight Howard,Jameer Nelson,Matt Barnes,Rashard Lewis,Vince Carter,1,11:18,CLE,rebound,,,,,,,,,,Shaquille O'Neal,,,,,,off,,
Anthony Parker,J.J. Hickson,LeBron James,Mo Williams,Shaquille O'Neal,Dwight Howard,Jameer Nelson,Matt Barnes,Rashard Lewis,Vince Carter,1,11:17,CLE,shot,,,,,,,,,,Shaquille O'Neal,2,,,made,,slam dunk,25,6
Anthony Parker,J.J. Hickson,LeBron James,Mo Williams,Shaquille O'Neal,Dwight Howard,Jameer Nelson,Matt Barnes,Rashard Lewis,Vince Carter,1,11:00,ORL,shot,,,,,,,,,,Dwight Howard,2,,,made,,jump hook,24,12
Anthony Parker,J.J. Hickson,LeBron James,Mo Williams,Shaquille O'Neal,Dwight Howard,Jameer Nelson,Matt Barnes,Rashard Lewis,Vince Carter,1,10:43,CLE,shot,,,,,,,,,,LeBron James,,,,missed,,fade away jumper,25,14
Anthony Parker,J.J. Hickson,LeBron James,Mo Williams,Shaquille O'Neal,Dwight Howard,Jameer Nelson,Matt Barnes,Rashard Lewis,Vince Carter,1,10:41,ORL,rebound,,,,,,,,,,Matt Barnes,,,,,,def,,
Anthony Parker,J.J. Hickson,LeBron James,Mo Williams,Shaquille O'Neal,Dwight Howard,Jameer Nelson,Matt Barnes,Rashard Lewis,Vince Carter,1,10:35,ORL,shot,,,,,,,,,,Vince Carter,,,,missed,,3pt,5,21
Anthony Parker,J.J. Hickson,LeBron James,Mo Williams,Shaquille O'Neal,Dwight Howard,Jameer Nelson,Matt Barnes,Rashard Lewis,Vince Carter,1,10:34,CLE,rebound,,,,,,,,,,Mo Williams,,,,,,def,,
Anthony Parker,J.J. Hickson,LeBron James,Mo Williams,Shaquille O'Neal,Dwight Howard,Jameer Nelson,Matt Barnes,Rashard Lewis,Vince Carter,1,10:26,CLE,shot,,,,,,,,,,Mo Williams,,,,missed,,3pt,43,22
Anthony Parker,J.J. Hickson,LeBron James,Mo Williams,Shaquille O'Neal,Dwight Howard,Jameer Nelson,Matt Barnes,Rashard Lewis,Vince Carter,1,10:25,ORL,rebound,,,,,,,,,,Dwight Howard,,,,,,def,,
Anthony Parker,J.J. Hickson,LeBron James,Mo Williams,Shaquille O'Neal,Dwight Howard,Jameer Nelson,Matt Barnes,Rashard Lewis,Vince Carter,1,10:19,ORL,shot,,,,,,,,,,Jameer Nelson,2,,,made,,driving layup,25,6
Anthony Parker,J.J. Hickson,LeBron James,Mo Williams,Shaquille O'Neal,Dwight Howard,Jameer Nelson,Matt Barnes,Rashard Lewis,Vince Carter,1,10:07,CLE,turnover,,,,,,,,,,Anthony Parker,,,bad pass,,Rashard Lewis,,,
Anthony Parker,J.J. Hickson,LeBron James,Mo Williams,Shaquille O'Neal,Dwight Howard,Jameer Nelson,Matt Barnes,Rashard Lewis,Vince Carter,1,10:01,ORL,shot,Jameer Nelson,,,,,,,,,Rashard Lewis,2,,,made,,layup,25,6
Anthony Parker,J.J. Hickson,LeBron James,Mo Williams,Shaquille O'Neal,Dwight Howard,Jameer Nelson,Matt Barnes,Rashard Lewis,Vince Carter,1,9:43,CLE,shot,,,,,,,,,,J.J. Hickson,2,,,made,,turnaround fade away,41,11
Anthony Parker,J.J. Hickson,LeBron James,Mo Williams,Shaquille O'Neal,Dwight Howard,Jameer Nelson,Matt Barnes,Rashard Lewis,Vince Carter,1,9:28,ORL,shot,,,,,,,,,,Jameer Nelson,,,,missed,,running jump,30,10
Anthony Parker,J.J. Hickson,LeBron James,Mo Williams,Shaquille O'Neal,Dwight Howard,Jameer Nelson,Matt Barnes,Rashard Lewis,Vince Carter,1,9:27,CLE,rebound,,,,,,,,,,J.J. Hickson,,,,,,def,,
Anthony Parker,J.J. Hickson,LeBron James,Mo Williams,Shaquille O'Neal,Dwight Howard,Jameer Nelson,Matt Barnes,Rashard Lewis,Vince Carter,1,9:05,ORL,foul,,,,,,,,Anthony Parker,,Matt Barnes,,,,,,shooting,,
Anthony Parker,J.J. Hickson,LeBron James,Mo Williams,Shaquille O'Neal,Dwight Howard,Jameer Nelson,Matt Barnes,Rashard Lewis,Vince Carter,1,9:05,CLE,free throw,,,,,,,1,,2,Anthony Parker,,,foul,missed,,,,
Anthony Parker,J.J. Hickson,LeBron James,Mo Williams,Shaquille O'Neal,Dwight Howard,Jameer Nelson,Matt Barnes,Rashard Lewis,Vince Carter,1,9:05,CLE,rebound,,,,,,,,,,,,,,,,,,
Anthony Parker,J.J. Hickson,LeBron James,Mo Williams,Shaquille O'Neal,Dwight Howard,Jameer Nelson,Matt Barnes,Rashard Lewis,Vince Carter,1,9:05,CLE,free throw,,,,,,,2,,2,Anthony Parker,,,foul,made,,,,
Anthony Parker,J.J. Hickson,LeBron James,Mo Williams,Shaquille O'Neal,Dwight Howard,Jameer Nelson,Matt Barnes,Rashard Lewis,Vince Carter,1,8:48,ORL,shot,,,,,,,,,,Rashard Lewis,2,,,made,,layup,25,6
Anthony Parker,J.J. Hickson,LeBron James,Mo Williams,Shaquille O'Neal,Dwight Howard,Jameer Nelson,Matt Barnes,Rashard Lewis,Vince Carter,1,8:33,CLE,shot,,,,,,,,,,J.J. Hickson,,,,missed,,jump,31,23
Anthony Parker,J.J. Hickson,LeBron James,Mo Williams,Shaquille O'Neal,Dwight Howard,Jameer Nelson,Matt Barnes,Rashard Lewis,Vince Carter,1,8:32,ORL,rebound,,,,,,,,,,Jameer Nelson,,,,,,def,,
Anthony Parker,J.J. Hickson,LeBron James,Mo Williams,Shaquille O'Neal,Dwight Howard,Jameer Nelson,Matt Barnes,Rashard Lewis,Vince Carter,1,8:24,ORL,shot,,,,,,,,,,Matt Barnes,2,,,made,,jump hook,28,11
Anthony Parker,J.J. Hickson,LeBron James,Mo Williams,Shaquille O'Neal,Dwight Howard,Jameer Nelson,Matt Barnes,Rashard Lewis,Vince Carter,1,8:12,ORL,foul,,,,,,,,J.J. Hickson,,Rashard Lewis,,,,,,shooting,,
Anthony Parker,J.J. Hickson,LeBron James,Mo Williams,Shaquille O'Neal,Dwight Howard,Jameer Nelson,Matt Barnes,Rashard Lewis,Vince Carter,1,8:12,CLE,free throw,,,,,,,1,,2,J.J. Hickson,,,foul,missed,,,,
Anthony Parker,J.J. Hickson,LeBron James,Mo Williams,Shaquille O'Neal,Dwight Howard,Jameer Nelson,Matt Barnes,Rashard Lewis,Vince Carter,1,8:12,CLE,rebound,,,,,,,,,,,,,,,,,,
Anthony Parker,J.J. Hickson,LeBron James,Mo Williams,Shaquille O'Neal,Dwight Howard,Jameer Nelson,Matt Barnes,Rashard Lewis,Vince Carter,1,8:12,CLE,free throw,,,,,,,2,,2,J.J. Hickson,,,foul,missed,,,,
Anthony Parker,J.J. Hickson,LeBron James,Mo Williams,Shaquille O'Neal,Dwight Howard,Jameer Nelson,Matt Barnes,Rashard Lewis,Vince Carter,1,8:12,ORL,rebound,,,,,,,,,,Matt Barnes,,,,,,def,,
Anthony Parker,J.J. Hickson,LeBron James,Mo Williams,Shaquille O'Neal,Dwight Howard,Jameer Nelson,Matt Barnes,Rashard Lewis,Vince Carter,1,7:56,ORL,shot,,,,,,,,,,Rashard Lewis,,,,missed,,3pt,30,30
Anthony Parker,J.J. Hickson,LeBron James,Mo Williams,Shaquille O'Neal,Dwight Howard,Jameer Nelson,Matt Barnes,Rashard Lewis,Vince Carter,1,7:55,CLE,rebound,,,,,,,,,,LeBron James,,,,,,def,,
Antawn Jamison,Anthony Parker,LeBron James,Mo Williams,Shaquille O'Neal,Dwight Howard,Jameer Nelson,Matt Barnes,Rashard Lewis,Vince Carter,1,7:38,CLE,sub,,,,Antawn Jamison,,J.J. Hickson,,,,,,,,,,,,
Antawn Jamison,Anthony Parker,LeBron James,Mo Williams,Shaquille O'Neal,Dwight Howard,Jameer Nelson,Matt Barnes,Rashard Lewis,Vince Carter,1,7:38,ORL,violation,,,,,,,,,,Vince Carter,,,,,,kicked ball,,
Antawn Jamison,Anthony Parker,LeBron James,Mo Williams,Shaquille O'Neal,Dwight Howard,Jameer Nelson,Matt Barnes,Rashard Lewis,Vince Carter,1,7:29,CLE,shot,LeBron James,,,,,,,,,Antawn Jamison,2,,,made,,layup,25,6
Antawn Jamison,Anthony Parker,LeBron James,Mo Williams,Shaquille O'Neal,Dwight Howard,Jameer Nelson,Matt Barnes,Rashard Lewis,Vince Carter,1,7:18,ORL,shot,,,Shaquille O'Neal,,,,,,,Dwight Howard,,,,missed,,hook,31,9
Antawn Jamison,Anthony Parker,LeBron James,Mo Williams,Shaquille O'Neal,Dwight Howard,Jameer Nelson,Matt Barnes,Rashard Lewis,Vince Carter,1,7:16,CLE,rebound,,,,,,,,,,Antawn Jamison,,,,,,def,,
Antawn Jamison,Anthony Parker,LeBron James,Mo Williams,Shaquille O'Neal,Dwight Howard,Jameer Nelson,Matt Barnes,Rashard Lewis,Vince Carter,1,7:10,CLE,shot,,,,,,,,,,LeBron James,2,,,made,,layup,25,6
Antawn Jamison,Anthony Parker,LeBron James,Mo Williams,Shaquille O'Neal,Dwight Howard,Jameer Nelson,Matt Barnes,Rashard Lewis,Vince Carter,1,6:57,ORL,shot,,,,,,,,,,Vince Carter,2,,,made,,jump,17,16
Antawn Jamison,Anthony Parker,LeBron James,Mo Williams,Shaquille O'Neal,Dwight Howard,Jameer Nelson,Matt Barnes,Rashard Lewis,Vince Carter,1,6:41,CLE,shot,,,,,,,,,,LeBron James,2,,,made,,driving reverse layup,25,6
Antawn Jamison,Anthony Parker,LeBron James,Mo Williams,Shaquille O'Neal,Dwight Howard,Jameer Nelson,Matt Barnes,Rashard Lewis,Vince Carter,1,6:31,ORL,turnover,,,,,,,,,,Jameer Nelson,,,lost ball,,Antawn Jamison,,,
Antawn Jamison,Anthony Parker,LeBron James,Mo Williams,Shaquille O'Neal,Dwight Howard,Jameer Nelson,Matt Barnes,Rashard Lewis,Vince Carter,1,6:25,CLE,shot,Mo Williams,,,,,,,,,LeBron James,2,,,made,,layup,25,6
Antawn Jamison,Anthony Parker,LeBron James,Mo Williams,Shaquille O'Neal,Dwight Howard,Jameer Nelson,Matt Barnes,Rashard Lewis,Vince Carter,1,6:09,ORL,shot,,,,,,,,,,Dwight Howard,2,,,made,,jump bank,36,13
Antawn Jamison,Anthony Parker,LeBron James,Mo Williams,Shaquille O'Neal,Dwight Howard,Jameer Nelson,Matt Barnes,Rashard Lewis,Vince Carter,1,5:46,CLE,shot,,,,,,,,,,Mo Williams,,,,missed,,3pt,36,31
Antawn Jamison,Anthony Parker,LeBron James,Mo Williams,Shaquille O'Neal,Dwight Howard,Jameer Nelson,Matt Barnes,Rashard Lewis,Vince Carter,1,5:45,ORL,rebound,,,,,,,,,,Matt Barnes,,,,,,def,,
Antawn Jamison,Anthony Parker,LeBron James,Mo Williams,Shaquille O'Neal,Dwight Howard,Jameer Nelson,Matt Barnes,Rashard Lewis,Vince Carter,1,5:36,CLE,foul,,,,,,,,Dwight Howard,,Shaquille O'Neal,,,,,,shooting,,
Antawn Jamison,Anthony Parker,LeBron James,Mo Williams,Shaquille O'Neal,Dwight Howard,Jameer Nelson,Matt Barnes,Rashard Lewis,Vince Carter,1,5:36,ORL,timeout,,,,,,,,,,,,,,,,regular,,
Antawn Jamison,Anthony Parker,LeBron James,Mo Williams,Shaquille O'Neal,Dwight Howard,Jameer Nelson,Matt Barnes,Rashard Lewis,Vince Carter,1,5:36,ORL,free throw,,,,,,,1,,2,Dwight Howard,,,foul,made,,,,
Antawn Jamison,Anthony Parker,LeBron James,Mo Williams,Shaquille O'Neal,Dwight Howard,Jameer Nelson,Matt Barnes,Rashard Lewis,Vince Carter,1,5:36,ORL,free throw,,,,,,,2,,2,Dwight Howard,,,foul,missed,,,,
Antawn Jamison,Anthony Parker,LeBron James,Mo Williams,Shaquille O'Neal,Dwight Howard,Jameer Nelson,Matt Barnes,Rashard Lewis,Vince Carter,1,5:35,CLE,rebound,,,,,,,,,,Antawn Jamison,,,,,,def,,
Antawn Jamison,Anthony Parker,LeBron James,Mo Williams,Shaquille O'Neal,Dwight Howard,Jameer Nelson,Matt Barnes,Rashard Lewis,Vince Carter,1,5:19,CLE,shot,,,,,,,,,,Antawn Jamison,,,,missed,,hook,13,7
Antawn Jamison,Anthony Parker,LeBron James,Mo Williams,Shaquille O'Neal,Dwight Howard,Jameer Nelson,Matt Barnes,Rashard Lewis,Vince Carter,1,5:19,ORL,rebound,,,,,,,,,,Dwight Howard,,,,,,def,,
Antawn Jamison,Anthony Parker,LeBron James,Mo Williams,Shaquille O'Neal,Dwight Howard,Jameer Nelson,Matt Barnes,Rashard Lewis,Vince Carter,1,5:05,ORL,turnover,,,,,,,,,,Jameer Nelson,,,bad pass,,Mo Williams,,,
Antawn Jamison,Anthony Parker,LeBron James,Mo Williams,Shaquille O'Neal,Dwight Howard,Jameer Nelson,Matt Barnes,Rashard Lewis,Vince Carter,1,4:48,CLE,turnover,,,,,,,,,,Antawn Jamison,,,poss lost ball turnover,,Matt Barnes,,,
Antawn Jamison,Anthony Parker,LeBron James,Mo Williams,Shaquille O'Neal,Dwight Howard,Jameer Nelson,Matt Barnes,Rashard Lewis,Vince Carter,1,4:36,ORL,shot,,,,,,,,,,Dwight Howard,,,,missed,,jump,35,14
Antawn Jamison,Anthony Parker,LeBron James,Mo Williams,Shaquille O'Neal,Dwight Howard,Jameer Nelson,Matt Barnes,Rashard Lewis,Vince Carter,1,4:35,CLE,rebound,,,,,,,,,,LeBron James,,,,,,def,,
Antawn Jamison,Anthony Parker,LeBron James,Mo Williams,Shaquille O'Neal,Dwight Howard,Jameer Nelson,Matt Barnes,Rashard Lewis,Vince Carter,1,4:14,CLE,shot,,,,,,,,,,Anthony Parker,,,,missed,,3pt,48,7
Antawn Jamison,Anthony Parker,LeBron James,Mo Williams,Shaquille O'Neal,Dwight Howard,Jameer Nelson,Matt Barnes,Rashard Lewis,Vince Carter,1,4:12,CLE,rebound,,,,,,,,,,Mo Williams,,,,,,off,,
Antawn Jamison,Anthony Parker,LeBron James,Mo Williams,Shaquille O'Neal,Dwight Howard,Jameer Nelson,Matt Barnes,Rashard Lewis,Vince Carter,1,4:00,CLE,shot,,,,,,,,,,LeBron James,3,,,made,,3pt,2,6
Antawn Jamison,Anthony Parker,LeBron James,Mo Williams,Shaquille O'Neal,Dwight Howard,Jameer Nelson,Matt Barnes,Rashard Lewis,Vince Carter,1,3:39,ORL,shot,,,,,,,,,,Rashard Lewis,,,,missed,,jump,34,7
Antawn Jamison,Anthony Parker,LeBron James,Mo Williams,Shaquille O'Neal,Dwight Howard,Jameer Nelson,Matt Barnes,Rashard Lewis,Vince Carter,1,3:37,CLE,rebound,,,,,,,,,,Shaquille O'Neal,,,,,,def,,
Antawn Jamison,Anthony Parker,LeBron James,Mo Williams,Shaquille O'Neal,Dwight Howard,Jameer Nelson,Matt Barnes,Rashard Lewis,Vince Carter,1,3:32,CLE,shot,,,,,,,,,,LeBron James,,,,missed,,3pt,11,27
Antawn Jamison,Anthony Parker,LeBron James,Mo Williams,Shaquille O'Neal,Dwight Howard,Jameer Nelson,Matt Barnes,Rashard Lewis,Vince Carter,1,3:31,CLE,rebound,,,,,,,,,,,,,,,,,,
Antawn Jamison,Delonte West,LeBron James,Mo Williams,Shaquille O'Neal,Dwight Howard,Jameer Nelson,Matt Barnes,Rashard Lewis,Vince Carter,1,3:31,CLE,sub,,,,Delonte West,,Anthony Parker,,,,,,,,,,,,
Anderson Varejao,Antawn Jamison,Delonte West,LeBron James,Mo Williams,Dwight Howard,Jameer Nelson,Matt Barnes,Rashard Lewis,Vince Carter,1,3:31,CLE,sub,,,,Anderson Varejao,,Shaquille O'Neal,,,,,,,,,,,,
Anderson Varejao,Antawn Jamison,Delonte West,LeBron James,Mo Williams,Dwight Howard,Jameer Nelson,Matt Barnes,Rashard Lewis,Vince Carter,1,3:18,CLE,shot,,,Dwight Howard,,,,,,,Antawn Jamison,,,,missed,,jump hook,15,9
Anderson Varejao,Antawn Jamison,Delonte West,LeBron James,Mo Williams,Dwight Howard,Jameer Nelson,Matt Barnes,Rashard Lewis,Vince Carter,1,3:17,ORL,rebound,,,,,,,,,,Dwight Howard,,,,,,def,,
Anderson Varejao,Antawn Jamison,Delonte West,LeBron James,Mo Williams,Dwight Howard,Jameer Nelson,Matt Barnes,Rashard Lewis,Vince Carter,1,3:09,CLE,foul,,,,,,,,Dwight Howard,,Antawn Jamison,,,,,,personal,,
Anderson Varejao,Antawn Jamison,Delonte West,LeBron James,Mo Williams,Dwight Howard,Jameer Nelson,Matt Barnes,Rashard Lewis,Vince Carter,1,2:56,ORL,shot,,,,,,,,,,Dwight Howard,2,,,made,,jump hook,20,10
Anderson Varejao,Antawn Jamison,Delonte West,LeBron James,Mo Williams,Dwight Howard,Jameer Nelson,Matt Barnes,Rashard Lewis,Vince Carter,1,2:38,CLE,shot,,,,,,,,,,Mo Williams,,,,missed,,jump,14,27
Anderson Varejao,Antawn Jamison,Delonte West,LeBron James,Mo Williams,Dwight Howard,Jameer Nelson,Matt Barnes,Rashard Lewis,Vince Carter,1,2:36,ORL,rebound,,,,,,,,,,,,,,,,,,
Anderson Varejao,Antawn Jamison,Delonte West,LeBron James,Mo Williams,Dwight Howard,Jameer Nelson,Matt Barnes,Rashard Lewis,Vince Carter,1,2:36,CLE,timeout,,,,,,,,,,,,,,,,regular,,
Anderson Varejao,Antawn Jamison,Delonte West,J.J. Hickson,LeBron James,Dwight Howard,Jameer Nelson,Matt Barnes,Rashard Lewis,Vince Carter,1,2:36,CLE,sub,,,,J.J. Hickson,,Mo Williams,,,,,,,,,,,,
Anderson Varejao,Antawn Jamison,Delonte West,J.J. Hickson,LeBron James,Dwight Howard,Jameer Nelson,Jason Williams,Matt Barnes,Vince Carter,1,2:36,ORL,sub,,,,Jason Williams,,Rashard Lewis,,,,,,,,,,,,
Anderson Varejao,Antawn Jamison,Delonte West,J.J. Hickson,LeBron James,Brandon Bass,Dwight Howard,Jason Williams,Matt Barnes,Vince Carter,1,2:36,ORL,sub,,,,Brandon Bass,,Jameer Nelson,,,,,,,,,,,,
Anderson Varejao,Antawn Jamison,Delonte West,J.J. Hickson,LeBron James,Brandon Bass,Dwight Howard,Jason Williams,Matt Barnes,Vince Carter,1,2:18,ORL,shot,,,LeBron James,,,,,,,Dwight Howard,,,,missed,,layup,25,6
Anderson Varejao,Antawn Jamison,Delonte West,J.J. Hickson,LeBron James,Brandon Bass,Dwight Howard,Jason Williams,Matt Barnes,Vince Carter,1,2:14,CLE,rebound,,,,,,,,,,LeBron James,,,,,,def,,
Anderson Varejao,Antawn Jamison,Delonte West,J.J. Hickson,LeBron James,Brandon Bass,Dwight Howard,Jason Williams,Matt Barnes,Vince Carter,1,2:13,CLE,shot,,,,,,,,,,LeBron James,2,,,made,,driving layup,25,6
Anderson Varejao,Antawn Jamison,Delonte West,J.J. Hickson,LeBron James,Brandon Bass,Dwight Howard,Jason Williams,Matt Barnes,Vince Carter,1,1:59,ORL,shot,,,,,,,,,,Dwight Howard,2,,,made,,jump hook,25,6
Anderson Varejao,Antawn Jamison,Delonte West,J.J. Hickson,LeBron James,Brandon Bass,Dwight Howard,Jason Williams,Matt Barnes,Vince Carter,1,1:36,ORL,foul,,,,,,,,LeBron James,,Dwight Howard,,,,,,shooting,,
Anderson Varejao,Antawn Jamison,Delonte West,J.J. Hickson,LeBron James,Brandon Bass,Dwight Howard,Jason Williams,Matt Barnes,Vince Carter,1,1:36,CLE,free throw,,,,,,,1,,2,LeBron James,,,foul,missed,,,,
Anderson Varejao,Antawn Jamison,Delonte West,J.J. Hickson,LeBron James,Brandon Bass,Dwight Howard,Jason Williams,Matt Barnes,Vince Carter,1,1:36,CLE,rebound,,,,,,,,,,,,,,,,,,
Anderson Varejao,Antawn Jamison,Delonte West,J.J. Hickson,LeBron James,Brandon Bass,Dwight Howard,Jason Williams,Matt Barnes,Vince Carter,1,1:36,CLE,free throw,,,,,,,2,,2,LeBron James,,,foul,missed,,,,
Anderson Varejao,Antawn Jamison,Delonte West,J.J. Hickson,LeBron James,Brandon Bass,Dwight Howard,Jason Williams,Matt Barnes,Vince Carter,1,1:35,ORL,rebound,,,,,,,,,,Matt Barnes,,,,,,def,,
Anderson Varejao,Antawn Jamison,Delonte West,J.J. Hickson,LeBron James,Brandon Bass,Dwight Howard,Jason Williams,Matt Barnes,Vince Carter,1,1:19,ORL,shot,,,,,,,,,,Brandon Bass,,,,missed,,jump,26,22
Anderson Varejao,Antawn Jamison,Delonte West,J.J. Hickson,LeBron James,Brandon Bass,Dwight Howard,Jason Williams,Matt Barnes,Vince Carter,1,1:18,CLE,rebound,,,,,,,,,,Delonte West,,,,,,def,,
Anderson Varejao,Antawn Jamison,Delonte West,J.J. Hickson,LeBron James,Brandon Bass,Dwight Howard,Jason Williams,Matt Barnes,Vince Carter,1,1:06,CLE,shot,,,,,,,,,,Antawn Jamison,,,,missed,,jump,45,8
Anderson Varejao,Antawn Jamison,Delonte West,J.J. Hickson,LeBron James,Brandon Bass,Dwight Howard,Jason Williams,Matt Barnes,Vince Carter,1,1:05,ORL,rebound,,,,,,,,,,,,,,,,,,
Anderson Varejao,Antawn Jamison,Delonte West,J.J. Hickson,LeBron James,Brandon Bass,Dwight Howard,Jason Williams,Matt Barnes,Vince Carter,1,0:44,ORL,shot,,,,,,,,,,Brandon Bass,2,,,made,,jump,20,11
Anderson Varejao,Antawn Jamison,Delonte West,J.J. Hickson,LeBron James,Brandon Bass,Dwight Howard,Jason Williams,Matt Barnes,Vince Carter,1,0:20,CLE,shot,,,Dwight Howard,,,,,,,Delonte West,,,,missed,,driving layup,25,6
Anderson Varejao,Antawn Jamison,Delonte West,J.J. Hickson,LeBron James,Brandon Bass,Dwight Howard,Jason Williams,Matt Barnes,Vince Carter,1,0:20,CLE,rebound,,,,,,,,,,,,,,,,,,
Anderson Varejao,Antawn Jamison,Delonte West,J.J. Hickson,LeBron James,Brandon Bass,Dwight Howard,Jason Williams,Matt Barnes,Vince Carter,1,0:20,CLE,turnover,,,,,,,,,,,,,shot clock turnover,,,,,
Anderson Varejao,Antawn Jamison,Delonte West,J.J. Hickson,LeBron James,Brandon Bass,Dwight Howard,Jason Williams,Matt Barnes,Vince Carter,1,0:04,ORL,shot,,,,,,,,,,Dwight Howard,2,,,made,,layup,25,6
Anderson Varejao,Antawn Jamison,Delonte West,J.J. Hickson,LeBron James,Brandon Bass,Dwight Howard,Jason Williams,Matt Barnes,Vince Carter,1,0:00,CLE,shot,,,,,,,,,,LeBron James,,,,missed,,3pt,2,15
Anderson Varejao,Antawn Jamison,Delonte West,J.J. Hickson,LeBron James,Brandon Bass,Dwight Howard,Jason Williams,Matt Barnes,Vince Carter,1,0:00,CLE,rebound,,,,,,,,,,,,,,,,,,
Anderson Varejao,Antawn Jamison,Daniel Gibson,Delonte West,Shaquille O'Neal,Brandon Bass,Dwight Howard,Jason Williams,Mickael Pietrus,Vince Carter,2,11:41,CLE,shot,,,,,,,,,,Delonte West,,,,missed,,running jump,34,9
Anderson Varejao,Antawn Jamison,Daniel Gibson,Delonte West,Shaquille O'Neal,Brandon Bass,Dwight Howard,Jason Williams,Mickael Pietrus,Vince Carter,2,11:40,CLE,rebound,,,,,,,,,,Shaquille O'Neal,,,,,,off,,
Anderson Varejao,Antawn Jamison,Daniel Gibson,Delonte West,Shaquille O'Neal,Brandon Bass,Dwight Howard,Jason Williams,Mickael Pietrus,Vince Carter,2,11:40,CLE,shot,,,,,,,,,,Shaquille O'Neal,2,,,made,,putback dunk,25,6
Anderson Varejao,Antawn Jamison,Daniel Gibson,Delonte West,Shaquille O'Neal,Brandon Bass,Dwight Howard,Jason Williams,Mickael Pietrus,Vince Carter,2,11:14,ORL,shot,,,,,,,,,,Jason Williams,,,,missed,,jump,17,24
Anderson Varejao,Antawn Jamison,Daniel Gibson,Delonte West,Shaquille O'Neal,Brandon Bass,Dwight Howard,Jason Williams,Mickael Pietrus,Vince Carter,2,11:14,ORL,rebound,,,,,,,,,,,,,,,,,,
Anderson Varejao,Antawn Jamison,Daniel Gibson,Delonte West,Shaquille O'Neal,Brandon Bass,Dwight Howard,Jason Williams,Mickael Pietrus,Vince Carter,2,11:14,CLE,foul,,,,,,,,Brandon Bass,,Daniel Gibson,,,,,,loose ball,,
Anderson Varejao,Antawn Jamison,Daniel Gibson,Delonte West,Shaquille O'Neal,Brandon Bass,Dwight Howard,Jason Williams,Mickael Pietrus,Vince Carter,2,11:05,ORL,shot,,,,,,,,,,Brandon Bass,,,,missed,,jump,41,6
Anderson Varejao,Antawn Jamison,Daniel Gibson,Delonte West,Shaquille O'Neal,Brandon Bass,Dwight Howard,Jason Williams,Mickael Pietrus,Vince Carter,2,11:04,CLE,rebound,,,,,,,,,,Delonte West,,,,,,def,,
Anderson Varejao,Antawn Jamison,Daniel Gibson,Delonte West,Shaquille O'Neal,Brandon Bass,Dwight Howard,Jason Williams,Mickael Pietrus,Vince Carter,2,10:48,CLE,shot,Anderson Varejao,,,,,,,,,Shaquille O'Neal,2,,,made,,tip,25,6
Anderson Varejao,Antawn Jamison,Daniel Gibson,Delonte West,Shaquille O'Neal,Brandon Bass,Dwight Howard,Jason Williams,Mickael Pietrus,Vince Carter,2,10:33,ORL,shot,,,,,,,,,,Dwight Howard,2,,,made,,layup,25,6
Anderson Varejao,Antawn Jamison,Daniel Gibson,Delonte West,Shaquille O'Neal,Brandon Bass,Dwight Howard,Jason Williams,Mickael Pietrus,Vince Carter,2,10:21,CLE,shot,,,,,,,,,,Anderson Varejao,,,,missed,,jump,20,24
Anderson Varejao,Antawn Jamison,Daniel Gibson,Delonte West,Shaquille O'Neal,Brandon Bass,Dwight Howard,Jason Williams,Mickael Pietrus,Vince Carter,2,10:20,ORL,rebound,,,,,,,,,,,,,,,,,,
Anderson Varejao,Antawn Jamison,Daniel Gibson,Delonte West,Shaquille O'Neal,Brandon Bass,Dwight Howard,Jason Williams,Mickael Pietrus,Vince Carter,2,10:20,CLE,foul,,,,,,,,Mickael Pietrus,,Shaquille O'Neal,,,,,,loose ball,,
Anderson Varejao,Antawn Jamison,Daniel Gibson,Delonte West,Shaquille O'Neal,Brandon Bass,Dwight Howard,Jason Williams,Mickael Pietrus,Vince Carter,2,9:56,ORL,turnover,,,,,,,,,,,,,shot clock turnover,,,,,
Anderson Varejao,Antawn Jamison,Daniel Gibson,Delonte West,Shaquille O'Neal,Brandon Bass,Dwight Howard,Jason Williams,Mickael Pietrus,Vince Carter,2,9:42,CLE,turnover,,,,,,,,,,Daniel Gibson,,,bad pass,,Vince Carter,,,
Anderson Varejao,Antawn Jamison,Daniel Gibson,Delonte West,Shaquille O'Neal,Brandon Bass,Dwight Howard,Jason Williams,Mickael Pietrus,Vince Carter,2,9:34,ORL,shot,,,,,,,,,,Jason Williams,,,,missed,,3pt,32,30
Anderson Varejao,Antawn Jamison,Daniel Gibson,Delonte West,Shaquille O'Neal,Brandon Bass,Dwight Howard,Jason Williams,Mickael Pietrus,Vince Carter,2,9:33,CLE,rebound,,,,,,,,,,Delonte West,,,,,,def,,
Anderson Varejao,Antawn Jamison,Daniel Gibson,Delonte West,Shaquille O'Neal,Brandon Bass,Dwight Howard,Jason Williams,Mickael Pietrus,Vince Carter,2,9:20,CLE,shot,Delonte West,,,,,,,,,Anderson Varejao,2,,,made,,jump,32,23
Anderson Varejao,Antawn Jamison,Daniel Gibson,Delonte West,Shaquille O'Neal,Brandon Bass,Dwight Howard,Jason Williams,Mickael Pietrus,Vince Carter,2,9:05,ORL,shot,Vince Carter,,,,,,,,,Brandon Bass,2,,,made,,jump,40,6
Anderson Varejao,Antawn Jamison,Daniel Gibson,Delonte West,Shaquille O'Neal,Brandon Bass,Dwight Howard,Jason Williams,Mickael Pietrus,Vince Carter,2,8:52,CLE,turnover,,,,,,,,,,Delonte West,,,lost ball,,Mickael Pietrus,,,
Anderson Varejao,Antawn Jamison,Daniel Gibson,Delonte West,Shaquille O'Neal,Brandon Bass,Dwight Howard,Jason Williams,Mickael Pietrus,Vince Carter,2,8:47,ORL,shot,Vince Carter,,,,,,,,,Mickael Pietrus,2,,,made,,dunk,25,6
Anderson Varejao,Antawn Jamison,Daniel Gibson,Delonte West,Shaquille O'Neal,Brandon Bass,Dwight Howard,Jason Williams,Mickael Pietrus,Vince Carter,2,8:47,CLE,timeout,,,,,,,,,,,,,,,,regular,,
Anderson Varejao,Antawn Jamison,Daniel Gibson,Delonte West,Shaquille O'Neal,Brandon Bass,Dwight Howard,J.J. Redick,Jason Williams,Mickael Pietrus,2,8:47,ORL,sub,,,,J.J. Redick,,Vince Carter,,,,,,,,,,,,
Antawn Jamison,Daniel Gibson,Delonte West,Jawad Williams,Shaquille O'Neal,Brandon Bass,Dwight Howard,J.J. Redick,Jason Williams,Mickael Pietrus,2,8:47,CLE,sub,,,,Jawad Williams,,Anderson Varejao,,,,,,,,,,,,
Antawn Jamison,Daniel Gibson,Delonte West,Jawad Williams,Shaquille O'Neal,Brandon Bass,Dwight Howard,J.J. Redick,Jason Williams,Mickael Pietrus,2,8:34,CLE,shot,,,,,,,,,,Shaquille O'Neal,2,,,made,,layup,25,6
Antawn Jamison,Daniel Gibson,Delonte West,Jawad Williams,Shaquille O'Neal,Brandon Bass,Dwight Howard,J.J. Redick,Jason Williams,Mickael Pietrus,2,8:34,ORL,foul,,,,,,,,Shaquille O'Neal,,Dwight Howard,,,,,,shooting,,
Antawn Jamison,Daniel Gibson,Delonte West,Jawad Williams,Shaquille O'Neal,Dwight Howard,J.J. Redick,Jason Williams,Mickael Pietrus,Rashard Lewis,2,8:34,ORL,sub,,,,Rashard Lewis,,Brandon Bass,,,,,,,,,,,,
Antawn Jamison,Daniel Gibson,Delonte West,Jawad Williams,Shaquille O'Neal,J.J. Redick,Jason Williams,Marcin Gortat,Mickael Pietrus,Rashard Lewis,2,8:34,ORL,sub,,,,Marcin Gortat,,Dwight Howard,,,,,,,,,,,,
Antawn Jamison,Daniel Gibson,Delonte West,Jawad Williams,Shaquille O'Neal,J.J. Redick,Jason Williams,Marcin Gortat,Mickael Pietrus,Rashard Lewis,2,8:34,CLE,free throw,,,,,,,1,,1,Shaquille O'Neal,,,foul,made,,,,
Antawn Jamison,Daniel Gibson,Delonte West,Jawad Williams,Shaquille O'Neal,J.J. Redick,Jason Williams,Marcin Gortat,Mickael Pietrus,Rashard Lewis,2,8:14,ORL,shot,Rashard Lewis,,,,,,,,,Mickael Pietrus,3,,,made,,3pt,7,22
Antawn Jamison,Daniel Gibson,Delonte West,Jawad Williams,Shaquille O'Neal,J.J. Redick,Jason Williams,Marcin Gortat,Mickael Pietrus,Rashard Lewis,2,7:56,CLE,shot,,,Mickael Pietrus,,,,,,,Delonte West,,,,missed,,layup,25,6
Antawn Jamison,Daniel Gibson,Delonte West,Jawad Williams,Shaquille O'Neal,J.J. Redick,Jason Williams,Marcin Gortat,Mickael Pietrus,Rashard Lewis,2,7:56,CLE,rebound,,,,,,,,,,,,,,,,,,
Antawn Jamison,Daniel Gibson,Delonte West,Jawad Williams,Shaquille O'Neal,J.J. Redick,Jason Williams,Marcin Gortat,Mickael Pietrus,Rashard Lewis,2,7:53,CLE,shot,Daniel Gibson,,,,,,,,,Antawn Jamison,2,,,made,,layup,25,6
Antawn Jamison,Daniel Gibson,Delonte West,Jawad Williams,Shaquille O'Neal,J.J. Redick,Jason Williams,Marcin Gortat,Mickael Pietrus,Rashard Lewis,2,7:40,ORL,turnover,,,,,,,,,,Mickael Pietrus,,,out of bounds lost ball turnover,,,,,
Antawn Jamison,Daniel Gibson,Delonte West,Jawad Williams,Shaquille O'Neal,J.J. Redick,Jason Williams,Marcin Gortat,Mickael Pietrus,Rashard Lewis,2,7:21,CLE,shot,,,,,,,,,,Shaquille O'Neal,2,,,made,,jump,35,11
Antawn Jamison,Daniel Gibson,Delonte West,Jawad Williams,Shaquille O'Neal,J.J. Redick,Jason Williams,Marcin Gortat,Mickael Pietrus,Rashard Lewis,2,7:09,ORL,shot,,,,,,,,,,J.J. Redick,2,,,made,,driving layup,25,6
Antawn Jamison,Daniel Gibson,Delonte West,Jawad Williams,Shaquille O'Neal,J.J. Redick,Jason Williams,Marcin Gortat,Mickael Pietrus,Rashard Lewis,2,6:51,CLE,shot,,,,,,,,,,Shaquille O'Neal,2,,,made,,jump bank,18,9
Antawn Jamison,Daniel Gibson,Delonte West,Jawad Williams,Shaquille O'Neal,J.J. Redick,Jason Williams,Marcin Gortat,Mickael Pietrus,Rashard Lewis,2,6:37,CLE,foul,,,,,,,,Rashard Lewis,,Antawn Jamison,,,,,,shooting,,
Antawn Jamison,Daniel Gibson,Delonte West,Jawad Williams,Shaquille O'Neal,Dwight Howard,J.J. Redick,Jason Williams,Mickael Pietrus,Rashard Lewis,2,6:37,ORL,sub,,,,Dwight Howard,,Marcin Gortat,,,,,,,,,,,,
Antawn Jamison,Delonte West,Jawad Williams,Mo Williams,Shaquille O'Neal,Dwight Howard,J.J. Redick,Jason Williams,Mickael Pietrus,Rashard Lewis,2,6:37,CLE,sub,,,,Mo Williams,,Daniel Gibson,,,,,,,,,,,,
Antawn Jamison,Delonte West,LeBron James,Mo Williams,Shaquille O'Neal,Dwight Howard,J.J. Redick,Jason Williams,Mickael Pietrus,Rashard Lewis,2,6:37,CLE,sub,,,,LeBron James,,Jawad Williams,,,,,,,,,,,,
Antawn Jamison,Delonte West,LeBron James,Mo Williams,Shaquille O'Neal,Dwight Howard,J.J. Redick,Jason Williams,Mickael Pietrus,Rashard Lewis,2,6:37,ORL,free throw,,,,,,,1,,2,Rashard Lewis,,,foul,made,,,,
Antawn Jamison,Delonte West,LeBron James,Mo Williams,Shaquille O'Neal,Dwight Howard,J.J. Redick,Jameer Nelson,Mickael Pietrus,Rashard Lewis,2,6:37,ORL,sub,,,,Jameer Nelson,,Jason Williams,,,,,,,,,,,,
Antawn Jamison,Delonte West,LeBron James,Mo Williams,Shaquille O'Neal,Dwight Howard,J.J. Redick,Jameer Nelson,Mickael Pietrus,Rashard Lewis,2,6:37,ORL,free throw,,,,,,,2,,2,Rashard Lewis,,,foul,made,,,,
Antawn Jamison,Delonte West,LeBron James,Mo Williams,Shaquille O'Neal,Dwight Howard,J.J. Redick,Jameer Nelson,Mickael Pietrus,Rashard Lewis,2,6:23,CLE,turnover,,,,,,,,,,Shaquille O'Neal,,,3 second violation,,,,,
Antawn Jamison,Delonte West,LeBron James,Mo Williams,Shaquille O'Neal,Dwight Howard,J.J. Redick,Jameer Nelson,Mickael Pietrus,Rashard Lewis,2,6:12,ORL,shot,,,,,,,,,,Jameer Nelson,2,,,made,,jump,12,20
Antawn Jamison,Delonte West,LeBron James,Mo Williams,Shaquille O'Neal,Dwight Howard,J.J. Redick,Jameer Nelson,Mickael Pietrus,Rashard Lewis,2,5:42,CLE,shot,,,,,,,,,,LeBron James,,,,missed,,fade away jumper,34,21
Antawn Jamison,Delonte West,LeBron James,Mo Williams,Shaquille O'Neal,Dwight Howard,J.J. Redick,Jameer Nelson,Mickael Pietrus,Rashard Lewis,2,5:40,ORL,rebound,,,,,,,,,,Jameer Nelson,,,,,,def,,
Antawn Jamison,Delonte West,LeBron James,Mo Williams,Shaquille O'Neal,Dwight Howard,J.J. Redick,Jameer Nelson,Mickael Pietrus,Rashard Lewis,2,5:40,CLE,foul,,,,,,,,Jameer Nelson,,Mo Williams,,,,,,personal,,
Antawn Jamison,Delonte West,LeBron James,Mo Williams,Shaquille O'Neal,Dwight Howard,J.J. Redick,Jameer Nelson,Mickael Pietrus,Rashard Lewis,2,5:40,ORL,timeout,,,,,,,,,,,,,,,,official,,
Antawn Jamison,Anthony Parker,LeBron James,Mo Williams,Shaquille O'Neal,Dwight Howard,J.J. Redick,Jameer Nelson,Mickael Pietrus,Rashard Lewis,2,5:40,CLE,sub,,,,Anthony Parker,,Delonte West,,,,,,,,,,,,
Antawn Jamison,Anthony Parker,LeBron James,Mo Williams,Shaquille O'Neal,Dwight Howard,J.J. Redick,Jameer Nelson,Mickael Pietrus,Rashard Lewis,2,5:26,CLE,foul,,,,,,,,Dwight Howard,,Shaquille O'Neal,,,,,,personal,,
Anderson Varejao,Antawn Jamison,Anthony Parker,LeBron James,Mo Williams,Dwight Howard,J.J. Redick,Jameer Nelson,Mickael Pietrus,Rashard Lewis,2,5:26,CLE,sub,,,,Anderson Varejao,,Shaquille O'Neal,,,,,,,,,,,,
Anderson Varejao,Antawn Jamison,Anthony Parker,LeBron James,Mo Williams,Dwight Howard,J.J. Redick,Jameer Nelson,Mickael Pietrus,Rashard Lewis,2,5:26,ORL,free throw,,,,,,,1,,2,Dwight Howard,,,foul,missed,,,,
Anderson Varejao,Antawn Jamison,Anthony Parker,LeBron James,Mo Williams,Dwight Howard,J.J. Redick,Jameer Nelson,Mickael Pietrus,Rashard Lewis,2,5:26,ORL,rebound,,,,,,,,,,,,,,,,,,
Anderson Varejao,Antawn Jamison,Anthony Parker,LeBron James,Mo Williams,Dwight Howard,J.J. Redick,Jameer Nelson,Mickael Pietrus,Rashard Lewis,2,5:26,ORL,free throw,,,,,,,2,,2,Dwight Howard,,,foul,missed,,,,
Anderson Varejao,Antawn Jamison,Anthony Parker,LeBron James,Mo Williams,Dwight Howard,J.J. Redick,Jameer Nelson,Mickael Pietrus,Rashard Lewis,2,5:25,CLE,rebound,,,,,,,,,,Antawn Jamison,,,,,,def,,
Anderson Varejao,Antawn Jamison,Anthony Parker,LeBron James,Mo Williams,Dwight Howard,J.J. Redick,Jameer Nelson,Mickael Pietrus,Rashard Lewis,2,5:13,CLE,shot,,,,,,,,,,LeBron James,,,,missed,,driving layup,25,6
Anderson Varejao,Antawn Jamison,Anthony Parker,LeBron James,Mo Williams,Dwight Howard,J.J. Redick,Jameer Nelson,Mickael Pietrus,Rashard Lewis,2,5:12,ORL,rebound,,,,,,,,,,Dwight Howard,,,,,,def,,
Anderson Varejao,Antawn Jamison,Anthony Parker,LeBron James,Mo Williams,Dwight Howard,J.J. Redick,Jameer Nelson,Mickael Pietrus,Rashard Lewis,2,5:04,ORL,shot,Rashard Lewis,,,,,,,,,J.J. Redick,3,,,made,,3pt,48,4
Anderson Varejao,Antawn Jamison,Anthony Parker,LeBron James,Mo Williams,Dwight Howard,J.J. Redick,Jameer Nelson,Mickael Pietrus,Rashard Lewis,2,4:44,CLE,shot,,,,,,,,,,Anderson Varejao,,,,missed,,jump,44,8
Anderson Varejao,Antawn Jamison,Anthony Parker,LeBron James,Mo Williams,Dwight Howard,J.J. Redick,Jameer Nelson,Mickael Pietrus,Rashard Lewis,2,4:43,ORL,rebound,,,,,,,,,,Dwight Howard,,,,,,def,,
Anderson Varejao,Antawn Jamison,Anthony Parker,LeBron James,Mo Williams,Dwight Howard,J.J. Redick,Jameer Nelson,Mickael Pietrus,Rashard Lewis,2,4:32,ORL,shot,,,,,,,,,,Mickael Pietrus,,,,missed,,3pt,2,6
Anderson Varejao,Antawn Jamison,Anthony Parker,LeBron James,Mo Williams,Dwight Howard,J.J. Redick,Jameer Nelson,Mickael Pietrus,Rashard Lewis,2,4:31,CLE,rebound,,,,,,,,,,Anthony Parker,,,,,,def,,
Anderson Varejao,Antawn Jamison,Anthony Parker,LeBron James,Mo Williams,Dwight Howard,J.J. Redick,Jameer Nelson,Mickael Pietrus,Rashard Lewis,2,4:18,CLE,shot,,,,,,,,,,LeBron James,2,,,made,,jump,13,24
Anderson Varejao,Antawn Jamison,Anthony Parker,LeBron James,Mo Williams,Dwight Howard,J.J. Redick,Jameer Nelson,Mickael Pietrus,Rashard Lewis,2,3:49,ORL,turnover,,,,,,,,,,Jameer Nelson,,,lost ball,,Anderson Varejao,,,
Anderson Varejao,Antawn Jamison,Anthony Parker,LeBron James,Mo Williams,Dwight Howard,J.J. Redick,Jameer Nelson,Mickael Pietrus,Rashard Lewis,2,3:43,CLE,shot,,,,,,,,,,Mo Williams,,,,missed,,jump,35,14
Anderson Varejao,Antawn Jamison,Anthony Parker,LeBron James,Mo Williams,Dwight Howard,J.J. Redick,Jameer Nelson,Mickael Pietrus,Rashard Lewis,2,3:42,ORL,rebound,,,,,,,,,,Rashard Lewis,,,,,,def,,
Anderson Varejao,Antawn Jamison,Anthony Parker,LeBron James,Mo Williams,Dwight Howard,J.J. Redick,Jameer Nelson,Mickael Pietrus,Rashard Lewis,2,3:37,ORL,shot,Jameer Nelson,,,,,,,,,Mickael Pietrus,2,,,made,,pullup jump,22,13
Anderson Varejao,Antawn Jamison,Anthony Parker,LeBron James,Mo Williams,Dwight Howard,J.J. Redick,Jameer Nelson,Mickael Pietrus,Rashard Lewis,2,3:37,CLE,foul,,,,,,,,Mickael Pietrus,,Anthony Parker,,,,,,shooting,,
Anderson Varejao,Antawn Jamison,Anthony Parker,LeBron James,Mo Williams,Dwight Howard,J.J. Redick,Jameer Nelson,Mickael Pietrus,Rashard Lewis,2,3:37,ORL,free throw,,,,,,,1,,1,Mickael Pietrus,,,foul,made,,,,
Anderson Varejao,Antawn Jamison,Anthony Parker,LeBron James,Mo Williams,Dwight Howard,J.J. Redick,Jameer Nelson,Mickael Pietrus,Rashard Lewis,2,3:22,ORL,foul,,,,,,,,LeBron James,,Mickael Pietrus,,,,,,personal,,
Anderson Varejao,Antawn Jamison,Anthony Parker,LeBron James,Mo Williams,Dwight Howard,J.J. Redick,Jameer Nelson,Mickael Pietrus,Rashard Lewis,2,3:05,CLE,shot,,,,,,,,,,Anderson Varejao,,,,missed,,fade away jumper,41,14
Anderson Varejao,Antawn Jamison,Anthony Parker,LeBron James,Mo Williams,Dwight Howard,J.J. Redick,Jameer Nelson,Mickael Pietrus,Rashard Lewis,2,3:04,ORL,rebound,,,,,,,,,,Dwight Howard,,,,,,def,,
Anderson Varejao,Antawn Jamison,Anthony Parker,LeBron James,Mo Williams,Dwight Howard,J.J. Redick,Jameer Nelson,Mickael Pietrus,Rashard Lewis,2,2:55,ORL,shot,,,,,,,,,,J.J. Redick,,,,missed,,3pt,23,31
Anderson Varejao,Antawn Jamison,Anthony Parker,LeBron James,Mo Williams,Dwight Howard,J.J. Redick,Jameer Nelson,Mickael Pietrus,Rashard Lewis,2,2:53,CLE,rebound,,,,,,,,,,Anderson Varejao,,,,,,def,,
Anderson Varejao,Antawn Jamison,Anthony Parker,LeBron James,Mo Williams,Dwight Howard,J.J. Redick,Jameer Nelson,Mickael Pietrus,Rashard Lewis,2,2:47,CLE,turnover,,,,,,,,,,LeBron James,,,bad pass,,Rashard Lewis,,,
Anderson Varejao,Antawn Jamison,Anthony Parker,LeBron James,Mo Williams,Dwight Howard,J.J. Redick,Jameer Nelson,Mickael Pietrus,Rashard Lewis,2,2:38,ORL,shot,,,,,,,,,,Rashard Lewis,,,,missed,,driving layup,25,6
Anderson Varejao,Antawn Jamison,Anthony Parker,LeBron James,Mo Williams,Dwight Howard,J.J. Redick,Jameer Nelson,Mickael Pietrus,Rashard Lewis,2,2:37,CLE,rebound,,,,,,,,,,Antawn Jamison,,,,,,def,,
Anderson Varejao,Antawn Jamison,Anthony Parker,LeBron James,Mo Williams,Dwight Howard,J.J. Redick,Jameer Nelson,Mickael Pietrus,Rashard Lewis,2,2:34,ORL,foul,,,,,,,,LeBron James,,Jameer Nelson,,,,,,shooting,,
Anderson Varejao,Antawn Jamison,Anthony Parker,LeBron James,Mo Williams,Dwight Howard,J.J. Redick,Jameer Nelson,Mickael Pietrus,Rashard Lewis,2,2:34,ORL,timeout,,,,,,,,,,,,,,,,regular,,
Anderson Varejao,Antawn Jamison,Anthony Parker,LeBron James,Mo Williams,J.J. Redick,Jameer Nelson,Marcin Gortat,Mickael Pietrus,Rashard Lewis,2,2:34,ORL,sub,,,,Marcin Gortat,,Dwight Howard,,,,,,,,,,,,
Anderson Varejao,Antawn Jamison,Anthony Parker,LeBron James,Mo Williams,Jameer Nelson,Marcin Gortat,Mickael Pietrus,Rashard Lewis,Vince Carter,2,2:34,ORL,sub,,,,Vince Carter,,J.J. Redick,,,,,,,,,,,,
Anderson Varejao,Antawn Jamison,Anthony Parker,LeBron James,Mo Williams,Jameer Nelson,Marcin Gortat,Mickael Pietrus,Rashard Lewis,Vince Carter,2,2:34,CLE,free throw,,,,,,,1,,2,LeBron James,,,foul,made,,,,
Anderson Varejao,Antawn Jamison,Anthony Parker,LeBron James,Mo Williams,Jameer Nelson,Marcin Gortat,Mickael Pietrus,Rashard Lewis,Vince Carter,2,2:34,CLE,free throw,,,,,,,2,,2,LeBron James,,,foul,missed,,,,
Anderson Varejao,Antawn Jamison,Anthony Parker,LeBron James,Mo Williams,Jameer Nelson,Marcin Gortat,Mickael Pietrus,Rashard Lewis,Vince Carter,2,2:33,ORL,rebound,,,,,,,,,,Rashard Lewis,,,,,,def,,
Anderson Varejao,Antawn Jamison,Anthony Parker,LeBron James,Mo Williams,Jameer Nelson,Marcin Gortat,Mickael Pietrus,Rashard Lewis,Vince Carter,2,2:09,ORL,shot,,,,,,,,,,Vince Carter,,,,missed,,jump,13,19
Anderson Varejao,Antawn Jamison,Anthony Parker,LeBron James,Mo Williams,Jameer Nelson,Marcin Gortat,Mickael Pietrus,Rashard Lewis,Vince Carter,2,2:08,CLE,rebound,,,,,,,,,,Mo Williams,,,,,,def,,
Anderson Varejao,Antawn Jamison,Anthony Parker,LeBron James,Mo Williams,Jameer Nelson,Marcin Gortat,Mickael Pietrus,Rashard Lewis,Vince Carter,2,1:57,CLE,shot,,,,,,,,,,LeBron James,2,,,made,,driving layup,25,6
Anderson Varejao,Antawn Jamison,Anthony Parker,LeBron James,Mo Williams,Jameer Nelson,Marcin Gortat,Mickael Pietrus,Rashard Lewis,Vince Carter,2,1:41,ORL,turnover,,,,,,,,,,Vince Carter,,,traveling,,,,,
Anderson Varejao,Antawn Jamison,Anthony Parker,LeBron James,Mo Williams,Jameer Nelson,Marcin Gortat,Mickael Pietrus,Rashard Lewis,Vince Carter,2,1:26,CLE,shot,,,,,,,,,,LeBron James,2,,,made,,jump hook,22,12
Anderson Varejao,Antawn Jamison,Anthony Parker,LeBron James,Mo Williams,Jameer Nelson,Marcin Gortat,Mickael Pietrus,Rashard Lewis,Vince Carter,2,1:09,ORL,turnover,,,,,,,,,,Jameer Nelson,,,bad pass,,LeBron James,,,
Anderson Varejao,Antawn Jamison,Anthony Parker,LeBron James,Mo Williams,Jameer Nelson,Marcin Gortat,Mickael Pietrus,Rashard Lewis,Vince Carter,2,1:09,ORL,foul,,,,,,,,LeBron James,,Vince Carter,,,,,,personal,,
Anderson Varejao,Antawn Jamison,Anthony Parker,LeBron James,Mo Williams,Jameer Nelson,Marcin Gortat,Matt Barnes,Rashard Lewis,Vince Carter,2,1:09,ORL,sub,,,,Matt Barnes,,Mickael Pietrus,,,,,,,,,,,,
Anderson Varejao,Antawn Jamison,Anthony Parker,LeBron James,Mo Williams,Jameer Nelson,Marcin Gortat,Matt Barnes,Rashard Lewis,Vince Carter,2,0:59,CLE,turnover,,,,,,,,,,LeBron James,,,bad pass,,,,,
Anderson Varejao,Anthony Parker,Jawad Williams,LeBron James,Mo Williams,Jameer Nelson,Marcin Gortat,Matt Barnes,Rashard Lewis,Vince Carter,2,0:59,CLE,sub,,,,Jawad Williams,,Antawn Jamison,,,,,,,,,,,,
Anderson Varejao,Anthony Parker,Jawad Williams,LeBron James,Mo Williams,Jameer Nelson,Marcin Gortat,Matt Barnes,Rashard Lewis,Vince Carter,2,0:43,CLE,foul,,,,,,,,Rashard Lewis,,Anthony Parker,,,,,,shooting,,
Anderson Varejao,Anthony Parker,Jawad Williams,LeBron James,Mo Williams,Jameer Nelson,Marcin Gortat,Matt Barnes,Rashard Lewis,Vince Carter,2,0:43,ORL,free throw,,,,,,,1,,2,Rashard Lewis,,,foul,missed,,,,
Anderson Varejao,Anthony Parker,Jawad Williams,LeBron James,Mo Williams,Jameer Nelson,Marcin Gortat,Matt Barnes,Rashard Lewis,Vince Carter,2,0:43,ORL,rebound,,,,,,,,,,,,,,,,,,
Anderson Varejao,Antawn Jamison,Anthony Parker,LeBron James,Mo Williams,Jameer Nelson,Marcin Gortat,Matt Barnes,Rashard Lewis,Vince Carter,2,0:43,CLE,sub,,,,Antawn Jamison,,Jawad Williams,,,,,,,,,,,,
Anderson Varejao,Antawn Jamison,Anthony Parker,LeBron James,Mo Williams,Jameer Nelson,Marcin Gortat,Matt Barnes,Rashard Lewis,Vince Carter,2,0:43,ORL,free throw,,,,,,,2,,2,Rashard Lewis,,,foul,made,,,,
Anderson Varejao,Antawn Jamison,Anthony Parker,LeBron James,Mo Williams,Jameer Nelson,Marcin Gortat,Matt Barnes,Rashard Lewis,Vince Carter,2,0:29,CLE,shot,,,,,,,,,,LeBron James,,,,missed,,jump,12,23
Anderson Varejao,Antawn Jamison,Anthony Parker,LeBron James,Mo Williams,Jameer Nelson,Marcin Gortat,Matt Barnes,Rashard Lewis,Vince Carter,2,0:28,ORL,rebound,,,,,,,,,,,,,,,,,,
Anderson Varejao,Anthony Parker,Jawad Williams,LeBron James,Mo Williams,Jameer Nelson,Marcin Gortat,Matt Barnes,Rashard Lewis,Vince Carter,2,0:28,CLE,sub,,,,Jawad Williams,,Antawn Jamison,,,,,,,,,,,,
Anderson Varejao,Anthony Parker,Jawad Williams,LeBron James,Mo Williams,Jameer Nelson,Marcin Gortat,Matt Barnes,Rashard Lewis,Vince Carter,2,0:06,ORL,shot,,,,,,,,,,Jameer Nelson,2,,,made,,jump,17,27
Anderson Varejao,Anthony Parker,Jawad Williams,LeBron James,Mo Williams,Jameer Nelson,Marcin Gortat,Matt Barnes,Rashard Lewis,Vince Carter,2,0:01,CLE,shot,,,,,,,,,,LeBron James,2,,,made,,driving layup,25,6
Anderson Varejao,Anthony Parker,Jawad Williams,LeBron James,Mo Williams,Jameer Nelson,Marcin Gortat,Matt Barnes,Rashard Lewis,Vince Carter,2,0:01,ORL,foul,,,,,,,,LeBron James,,Matt Barnes,,,,,,shooting,,
Anderson Varejao,Anthony Parker,Jawad Williams,LeBron James,Mo Williams,Jameer Nelson,Marcin Gortat,Matt Barnes,Rashard Lewis,Vince Carter,2,0:01,CLE,free throw,,,,,,,1,,1,LeBron James,,,foul,made,,,,
Antawn Jamison,Anthony Parker,LeBron James,Mo Williams,Shaquille O'Neal,Dwight Howard,Jameer Nelson,Matt Barnes,Rashard Lewis,Vince Carter,3,11:47,ORL,violation,,,,,,,,,,Dwight Howard,,,,,,defensive goaltending,,
Antawn Jamison,Anthony Parker,LeBron James,Mo Williams,Shaquille O'Neal,Dwight Howard,Jameer Nelson,Matt Barnes,Rashard Lewis,Vince Carter,3,11:47,CLE,shot,,,,,,,,,,Antawn Jamison,2,,,made,,hook,25,12
Antawn Jamison,Anthony Parker,LeBron James,Mo Williams,Shaquille O'Neal,Dwight Howard,Jameer Nelson,Matt Barnes,Rashard Lewis,Vince Carter,3,11:28,ORL,shot,,,,,,,,,,Vince Carter,,,,missed,,fade away jumper,33,11
Antawn Jamison,Anthony Parker,LeBron James,Mo Williams,Shaquille O'Neal,Dwight Howard,Jameer Nelson,Matt Barnes,Rashard Lewis,Vince Carter,3,11:28,CLE,rebound,,,,,,,,,,Antawn Jamison,,,,,,def,,
Antawn Jamison,Anthony Parker,LeBron James,Mo Williams,Shaquille O'Neal,Dwight Howard,Jameer Nelson,Matt Barnes,Rashard Lewis,Vince Carter,3,11:15,CLE,shot,Shaquille O'Neal,,,,,,,,,Antawn Jamison,2,,,made,,layup,25,6
Antawn Jamison,Anthony Parker,LeBron James,Mo Williams,Shaquille O'Neal,Dwight Howard,Jameer Nelson,Matt Barnes,Rashard Lewis,Vince Carter,3,11:05,ORL,shot,,,,,,,,,,Rashard Lewis,,,,missed,,3pt,34,29
Antawn Jamison,Anthony Parker,LeBron James,Mo Williams,Shaquille O'Neal,Dwight Howard,Jameer Nelson,Matt Barnes,Rashard Lewis,Vince Carter,3,11:04,CLE,rebound,,,,,,,,,,LeBron James,,,,,,def,,
Antawn Jamison,Anthony Parker,LeBron James,Mo Williams,Shaquille O'Neal,Dwight Howard,Jameer Nelson,Matt Barnes,Rashard Lewis,Vince Carter,3,10:48,CLE,shot,,,,,,,,,,Antawn Jamison,2,,,made,,hook,23,12
Antawn Jamison,Anthony Parker,LeBron James,Mo Williams,Shaquille O'Neal,Dwight Howard,Jameer Nelson,Matt Barnes,Rashard Lewis,Vince Carter,3,10:30,ORL,shot,,,Antawn Jamison,,,,,,,Dwight Howard,,,,missed,,layup,25,6
Antawn Jamison,Anthony Parker,LeBron James,Mo Williams,Shaquille O'Neal,Dwight Howard,Jameer Nelson,Matt Barnes,Rashard Lewis,Vince Carter,3,10:29,CLE,rebound,,,,,,,,,,Antawn Jamison,,,,,,def,,
Antawn Jamison,Anthony Parker,LeBron James,Mo Williams,Shaquille O'Neal,Dwight Howard,Jameer Nelson,Matt Barnes,Rashard Lewis,Vince Carter,3,10:21,CLE,shot,Mo Williams,,,,,,,,,Antawn Jamison,2,,,made,,jump,45,4
Antawn Jamison,Anthony Parker,LeBron James,Mo Williams,Shaquille O'Neal,Dwight Howard,Jameer Nelson,Matt Barnes,Rashard Lewis,Vince Carter,3,10:21,ORL,timeout,,,,,,,,,,,,,,,,regular,,
Antawn Jamison,Anthony Parker,LeBron James,Mo Williams,Shaquille O'Neal,Dwight Howard,Jameer Nelson,Matt Barnes,Rashard Lewis,Vince Carter,3,10:06,ORL,shot,,,,,,,,,,Jameer Nelson,,,,missed,,jump,28,25
Antawn Jamison,Anthony Parker,LeBron James,Mo Williams,Shaquille O'Neal,Dwight Howard,Jameer Nelson,Matt Barnes,Rashard Lewis,Vince Carter,3,10:05,CLE,rebound,,,,,,,,,,Mo Williams,,,,,,def,,
Antawn Jamison,Anthony Parker,LeBron James,Mo Williams,Shaquille O'Neal,Dwight Howard,Jameer Nelson,Matt Barnes,Rashard Lewis,Vince Carter,3,9:56,ORL,foul,,,,,,,,Antawn Jamison,,Matt Barnes,,,,,,personal,,
Antawn Jamison,Anthony Parker,LeBron James,Mo Williams,Shaquille O'Neal,Dwight Howard,Jameer Nelson,Matt Barnes,Rashard Lewis,Vince Carter,3,9:46,CLE,shot,,,,,,,,,,Antawn Jamison,,,,missed,,jump,28,16
Antawn Jamison,Anthony Parker,LeBron James,Mo Williams,Shaquille O'Neal,Dwight Howard,Jameer Nelson,Matt Barnes,Rashard Lewis,Vince Carter,3,9:45,ORL,rebound,,,,,,,,,,Dwight Howard,,,,,,def,,
Antawn Jamison,Anthony Parker,LeBron James,Mo Williams,Shaquille O'Neal,Dwight Howard,Jameer Nelson,Matt Barnes,Rashard Lewis,Vince Carter,3,9:37,ORL,turnover,,,,,,,,,,Jameer Nelson,,,lost ball,,LeBron James,,,
Antawn Jamison,Anthony Parker,LeBron James,Mo Williams,Shaquille O'Neal,Dwight Howard,Jameer Nelson,Matt Barnes,Rashard Lewis,Vince Carter,3,9:34,CLE,shot,Mo Williams,,,,,,,,,LeBron James,2,,,made,,layup,25,6
Antawn Jamison,Anthony Parker,LeBron James,Mo Williams,Shaquille O'Neal,Dwight Howard,Jameer Nelson,Matt Barnes,Rashard Lewis,Vince Carter,3,9:34,ORL,foul,,,,,,,,LeBron James,,Vince Carter,,,,,,shooting,,
Antawn Jamison,Anthony Parker,LeBron James,Mo Williams,Shaquille O'Neal,Dwight Howard,Jameer Nelson,Matt Barnes,Rashard Lewis,Vince Carter,3,9:34,CLE,free throw,,,,,,,1,,1,LeBron James,,,foul,made,,,,
Antawn Jamison,Anthony Parker,LeBron James,Mo Williams,Shaquille O'Neal,Dwight Howard,Jameer Nelson,Matt Barnes,Rashard Lewis,Vince Carter,3,9:21,CLE,foul,,,,,,,,,,Antawn Jamison,,,,,,defense 3 second,,
Antawn Jamison,Anthony Parker,LeBron James,Mo Williams,Shaquille O'Neal,Dwight Howard,Jameer Nelson,Matt Barnes,Rashard Lewis,Vince Carter,3,9:21,ORL,free throw,,,,,,,1,,1,Vince Carter,,,technical,made,,,,
Antawn Jamison,Anthony Parker,LeBron James,Mo Williams,Shaquille O'Neal,Dwight Howard,Jameer Nelson,Matt Barnes,Rashard Lewis,Vince Carter,3,9:10,ORL,shot,,,,,,,,,,Matt Barnes,,,,missed,,3pt,2,7
Antawn Jamison,Anthony Parker,LeBron James,Mo Williams,Shaquille O'Neal,Dwight Howard,Jameer Nelson,Matt Barnes,Rashard Lewis,Vince Carter,3,9:09,CLE,rebound,,,,,,,,,,Antawn Jamison,,,,,,def,,
Antawn Jamison,Anthony Parker,LeBron James,Mo Williams,Shaquille O'Neal,Dwight Howard,Jameer Nelson,Matt Barnes,Rashard Lewis,Vince Carter,3,8:53,CLE,turnover,,,,,,,,,,Antawn Jamison,,,bad pass,,Dwight Howard,,,
Antawn Jamison,Anthony Parker,LeBron James,Mo Williams,Shaquille O'Neal,Dwight Howard,Jameer Nelson,Matt Barnes,Rashard Lewis,Vince Carter,3,8:38,ORL,shot,,,Shaquille O'Neal,,,,,,,Dwight Howard,,,,missed,,layup,25,6
Antawn Jamison,Anthony Parker,LeBron James,Mo Williams,Shaquille O'Neal,Dwight Howard,Jameer Nelson,Matt Barnes,Rashard Lewis,Vince Carter,3,8:37,ORL,rebound,,,,,,,,,,Dwight Howard,,,,,,off,,
Antawn Jamison,Anthony Parker,LeBron James,Mo Williams,Shaquille O'Neal,Dwight Howard,Jameer Nelson,Matt Barnes,Rashard Lewis,Vince Carter,3,8:34,ORL,shot,,,,,,,,,,Matt Barnes,,,,missed,,layup,25,6
Antawn Jamison,Anthony Parker,LeBron James,Mo Williams,Shaquille O'Neal,Dwight Howard,Jameer Nelson,Matt Barnes,Rashard Lewis,Vince Carter,3,8:34,ORL,rebound,,,,,,,,,,Dwight Howard,,,,,,off,,
Antawn Jamison,Anthony Parker,LeBron James,Mo Williams,Shaquille O'Neal,Dwight Howard,Jameer Nelson,Matt Barnes,Rashard Lewis,Vince Carter,3,8:34,ORL,shot,,,,,,,,,,Dwight Howard,2,,,made,,layup,25,6
Antawn Jamison,Anthony Parker,LeBron James,Mo Williams,Shaquille O'Neal,Dwight Howard,Jameer Nelson,Matt Barnes,Rashard Lewis,Vince Carter,3,8:34,CLE,foul,,,,,,,,Dwight Howard,,Anthony Parker,,,,,,shooting,,
Antawn Jamison,Anthony Parker,LeBron James,Mo Williams,Shaquille O'Neal,Dwight Howard,Jameer Nelson,Matt Barnes,Rashard Lewis,Vince Carter,3,8:34,ORL,free throw,,,,,,,1,,1,Dwight Howard,,,foul,made,,,,
Antawn Jamison,Anthony Parker,LeBron James,Mo Williams,Shaquille O'Neal,Dwight Howard,Jameer Nelson,Matt Barnes,Rashard Lewis,Vince Carter,3,8:15,CLE,shot,,,,,,,,,,Shaquille O'Neal,2,,,made,,dunk,25,6
Antawn Jamison,Anthony Parker,LeBron James,Mo Williams,Shaquille O'Neal,Dwight Howard,Jameer Nelson,Matt Barnes,Rashard Lewis,Vince Carter,3,8:15,ORL,foul,,,,,,,,Shaquille O'Neal,,Dwight Howard,,,,,,shooting,,
Antawn Jamison,Anthony Parker,LeBron James,Mo Williams,Shaquille O'Neal,Dwight Howard,Jameer Nelson,Matt Barnes,Rashard Lewis,Vince Carter,3,8:15,ORL,violation,,,,,,,,,,Jameer Nelson,,,,,,lane,,
Antawn Jamison,Anthony Parker,LeBron James,Mo Williams,Shaquille O'Neal,Dwight Howard,Jameer Nelson,Matt Barnes,Rashard Lewis,Vince Carter,3,8:15,CLE,free throw,,,,,,,1,,1,Shaquille O'Neal,,,foul,made,,,,
Antawn Jamison,Anthony Parker,LeBron James,Mo Williams,Shaquille O'Neal,Dwight Howard,Jameer Nelson,Matt Barnes,Rashard Lewis,Vince Carter,3,8:03,ORL,shot,,,,,,,,,,Vince Carter,,,,missed,,jump,27,25
Antawn Jamison,Anthony Parker,LeBron James,Mo Williams,Shaquille O'Neal,Dwight Howard,Jameer Nelson,Matt Barnes,Rashard Lewis,Vince Carter,3,8:01,CLE,rebound,,,,,,,,,,Mo Williams,,,,,,def,,
Antawn Jamison,Anthony Parker,LeBron James,Mo Williams,Shaquille O'Neal,Dwight Howard,Jameer Nelson,Matt Barnes,Rashard Lewis,Vince Carter,3,7:54,CLE,shot,,,,,,,,,,LeBron James,2,,,made,,jump,7,17
Antawn Jamison,Anthony Parker,LeBron James,Mo Williams,Shaquille O'Neal,Dwight Howard,Jameer Nelson,Matt Barnes,Rashard Lewis,Vince Carter,3,7:53,ORL,timeout,,,,,,,,,,,,,,,,short,,
Antawn Jamison,Anthony Parker,LeBron James,Mo Williams,Shaquille O'Neal,Dwight Howard,Jameer Nelson,Matt Barnes,Rashard Lewis,Vince Carter,3,7:43,CLE,foul,,,,,,,,Rashard Lewis,,Antawn Jamison,,,,,,personal,,
Antawn Jamison,Anthony Parker,LeBron James,Mo Williams,Shaquille O'Neal,Dwight Howard,Jameer Nelson,Matt Barnes,Rashard Lewis,Vince Carter,3,7:34,ORL,shot,,,,,,,,,,Jameer Nelson,2,,,made,,driving bank,35,9
Antawn Jamison,Anthony Parker,LeBron James,Mo Williams,Shaquille O'Neal,Dwight Howard,Jameer Nelson,Matt Barnes,Rashard Lewis,Vince Carter,3,7:21,ORL,foul,,,,,,,,,,Vince Carter,,,,,,defense 3 second,,
Antawn Jamison,Anthony Parker,LeBron James,Mo Williams,Shaquille O'Neal,Dwight Howard,Jameer Nelson,Matt Barnes,Rashard Lewis,Vince Carter,3,7:21,CLE,free throw,,,,,,,1,,1,Mo Williams,,,technical,made,,,,
Antawn Jamison,Anthony Parker,LeBron James,Mo Williams,Shaquille O'Neal,Dwight Howard,Jameer Nelson,Matt Barnes,Rashard Lewis,Vince Carter,3,7:12,CLE,shot,Anthony Parker,,,,,,,,,Antawn Jamison,2,,,made,,jump,6,5
Antawn Jamison,Anthony Parker,LeBron James,Mo Williams,Shaquille O'Neal,Dwight Howard,Jameer Nelson,Matt Barnes,Rashard Lewis,Vince Carter,3,6:57,ORL,shot,Jameer Nelson,,,,,,,,,Matt Barnes,2,,,made,,floating jump,23,11
Antawn Jamison,Anthony Parker,LeBron James,Mo Williams,Shaquille O'Neal,Dwight Howard,Jameer Nelson,Matt Barnes,Rashard Lewis,Vince Carter,3,6:39,CLE,shot,,,,,,,,,,LeBron James,,,,missed,,3pt,4,18
Antawn Jamison,Anthony Parker,LeBron James,Mo Williams,Shaquille O'Neal,Dwight Howard,Jameer Nelson,Matt Barnes,Rashard Lewis,Vince Carter,3,6:38,ORL,rebound,,,,,,,,,,Jameer Nelson,,,,,,def,,
Antawn Jamison,Anthony Parker,LeBron James,Mo Williams,Shaquille O'Neal,Dwight Howard,Jameer Nelson,Matt Barnes,Rashard Lewis,Vince Carter,3,6:33,CLE,foul,,,,,,,,Rashard Lewis,,Antawn Jamison,,,,,,personal,,
Anthony Parker,Delonte West,LeBron James,Mo Williams,Shaquille O'Neal,Dwight Howard,Jameer Nelson,Matt Barnes,Rashard Lewis,Vince Carter,3,6:33,CLE,sub,,,,Delonte West,,Antawn Jamison,,,,,,,,,,,,
Anthony Parker,Delonte West,LeBron James,Mo Williams,Shaquille O'Neal,Dwight Howard,Jameer Nelson,Matt Barnes,Rashard Lewis,Vince Carter,3,6:16,ORL,shot,Dwight Howard,,,,,,,,,Rashard Lewis,3,,,made,,3pt,7,24
Anthony Parker,Delonte West,LeBron James,Mo Williams,Shaquille O'Neal,Dwight Howard,Jameer Nelson,Matt Barnes,Rashard Lewis,Vince Carter,3,5:49,CLE,shot,,,,,,,,,,LeBron James,,,,missed,,fade away jumper,11,16
Anthony Parker,Delonte West,LeBron James,Mo Williams,Shaquille O'Neal,Dwight Howard,Jameer Nelson,Matt Barnes,Rashard Lewis,Vince Carter,3,5:48,ORL,rebound,,,,,,,,,,Dwight Howard,,,,,,def,,
Anthony Parker,Delonte West,LeBron James,Mo Williams,Shaquille O'Neal,Dwight Howard,Jameer Nelson,Matt Barnes,Rashard Lewis,Vince Carter,3,5:40,CLE,foul,,,,,,,,Dwight Howard,,Shaquille O'Neal,,,,,,shooting,,
Anthony Parker,Delonte West,LeBron James,Mo Williams,Shaquille O'Neal,Dwight Howard,Jameer Nelson,Matt Barnes,Rashard Lewis,Vince Carter,3,5:40,ORL,free throw,,,,,,,1,,2,Dwight Howard,,,foul,made,,,,
Anthony Parker,Delonte West,J.J. Hickson,LeBron James,Mo Williams,Dwight Howard,Jameer Nelson,Matt Barnes,Rashard Lewis,Vince Carter,3,5:40,CLE,sub,,,,J.J. Hickson,,Shaquille O'Neal,,,,,,,,,,,,
Anthony Parker,Delonte West,J.J. Hickson,LeBron James,Mo Williams,Dwight Howard,Jameer Nelson,Matt Barnes,Rashard Lewis,Vince Carter,3,5:40,ORL,free throw,,,,,,,2,,2,Dwight Howard,,,foul,missed,,,,
Anthony Parker,Delonte West,J.J. Hickson,LeBron James,Mo Williams,Dwight Howard,Jameer Nelson,Matt Barnes,Rashard Lewis,Vince Carter,3,5:39,CLE,rebound,,,,,,,,,,LeBron James,,,,,,def,,
Anthony Parker,Delonte West,J.J. Hickson,LeBron James,Mo Williams,Dwight Howard,Jameer Nelson,Matt Barnes,Rashard Lewis,Vince Carter,3,5:28,ORL,foul,,,,,,,,,,Dwight Howard,,,,,,defense 3 second,,
Anthony Parker,Delonte West,J.J. Hickson,LeBron James,Mo Williams,Dwight Howard,Jameer Nelson,Matt Barnes,Rashard Lewis,Vince Carter,3,5:28,CLE,free throw,,,,,,,1,,1,Mo Williams,,,technical,made,,,,
Anthony Parker,Delonte West,J.J. Hickson,LeBron James,Mo Williams,Dwight Howard,Jameer Nelson,Matt Barnes,Rashard Lewis,Vince Carter,3,5:15,CLE,shot,,,,,,,,,,Delonte West,,,,missed,,driving layup,25,6
Anthony Parker,Delonte West,J.J. Hickson,LeBron James,Mo Williams,Dwight Howard,Jameer Nelson,Matt Barnes,Rashard Lewis,Vince Carter,3,5:14,CLE,rebound,,,,,,,,,,,,,,,,,,
Anthony Parker,Delonte West,J.J. Hickson,LeBron James,Mo Williams,Dwight Howard,Jameer Nelson,Matt Barnes,Rashard Lewis,Vince Carter,3,5:13,CLE,turnover,,,,,,,,,,,,,shot clock turnover,,,,,
Anthony Parker,Delonte West,J.J. Hickson,LeBron James,Mo Williams,Dwight Howard,Jameer Nelson,Matt Barnes,Rashard Lewis,Vince Carter,3,4:57,CLE,foul,,,,,,,,Dwight Howard,,Anthony Parker,,,,,,shooting,,
Anthony Parker,Delonte West,J.J. Hickson,LeBron James,Mo Williams,Dwight Howard,Jameer Nelson,Matt Barnes,Rashard Lewis,Vince Carter,3,4:57,ORL,free throw,,,,,,,1,,2,Dwight Howard,,,foul,made,,,,
Anderson Varejao,Delonte West,J.J. Hickson,LeBron James,Mo Williams,Dwight Howard,Jameer Nelson,Matt Barnes,Rashard Lewis,Vince Carter,3,4:57,CLE,sub,,,,Anderson Varejao,,Anthony Parker,,,,,,,,,,,,
Anderson Varejao,Delonte West,J.J. Hickson,LeBron James,Mo Williams,Dwight Howard,Jameer Nelson,Matt Barnes,Rashard Lewis,Vince Carter,3,4:57,ORL,free throw,,,,,,,2,,2,Dwight Howard,,,foul,made,,,,
Anderson Varejao,Delonte West,J.J. Hickson,LeBron James,Mo Williams,Dwight Howard,Jameer Nelson,Matt Barnes,Rashard Lewis,Vince Carter,3,4:45,CLE,shot,,,,,,,,,,Mo Williams,,,,missed,,floating jump,29,11
Anderson Varejao,Delonte West,J.J. Hickson,LeBron James,Mo Williams,Dwight Howard,Jameer Nelson,Matt Barnes,Rashard Lewis,Vince Carter,3,4:43,ORL,rebound,,,,,,,,,,Dwight Howard,,,,,,def,,
Anderson Varejao,Delonte West,J.J. Hickson,LeBron James,Mo Williams,Dwight Howard,Jameer Nelson,Matt Barnes,Rashard Lewis,Vince Carter,3,4:25,ORL,shot,,,Anderson Varejao,,,,,,,Dwight Howard,,,,missed,,layup,25,6
Anderson Varejao,Delonte West,J.J. Hickson,LeBron James,Mo Williams,Dwight Howard,Jameer Nelson,Matt Barnes,Rashard Lewis,Vince Carter,3,4:24,ORL,rebound,,,,,,,,,,Dwight Howard,,,,,,off,,
Anderson Varejao,Delonte West,J.J. Hickson,LeBron James,Mo Williams,Dwight Howard,Jameer Nelson,Matt Barnes,Rashard Lewis,Vince Carter,3,4:22,ORL,shot,,,,,,,,,,Dwight Howard,,,,missed,,layup,25,6
Anderson Varejao,Delonte West,J.J. Hickson,LeBron James,Mo Williams,Dwight Howard,Jameer Nelson,Matt Barnes,Rashard Lewis,Vince Carter,3,4:21,ORL,rebound,,,,,,,,,,Vince Carter,,,,,,off,,
Anderson Varejao,Delonte West,J.J. Hickson,LeBron James,Mo Williams,Dwight Howard,Jameer Nelson,Matt Barnes,Rashard Lewis,Vince Carter,3,4:21,ORL,shot,,,,,,,,,,Vince Carter,,,,missed,,tip,25,6
Anderson Varejao,Delonte West,J.J. Hickson,LeBron James,Mo Williams,Dwight Howard,Jameer Nelson,Matt Barnes,Rashard Lewis,Vince Carter,3,4:21,CLE,rebound,,,,,,,,,,Anderson Varejao,,,,,,def,,
Anderson Varejao,Delonte West,J.J. Hickson,LeBron James,Mo Williams,Dwight Howard,Jameer Nelson,Matt Barnes,Rashard Lewis,Vince Carter,3,4:21,ORL,foul,,,,,,,,Anderson Varejao,,Vince Carter,,,,,,personal,,
Anderson Varejao,Delonte West,J.J. Hickson,LeBron James,Mo Williams,Dwight Howard,J.J. Redick,Jameer Nelson,Matt Barnes,Rashard Lewis,3,4:21,ORL,sub,,,,J.J. Redick,,Vince Carter,,,,,,,,,,,,
Anderson Varejao,Delonte West,J.J. Hickson,LeBron James,Mo Williams,Dwight Howard,J.J. Redick,Jameer Nelson,Matt Barnes,Rashard Lewis,3,4:07,CLE,shot,,,,,,,,,,Delonte West,2,,,made,,jump,37,20
Anderson Varejao,Delonte West,J.J. Hickson,LeBron James,Mo Williams,Dwight Howard,J.J. Redick,Jameer Nelson,Matt Barnes,Rashard Lewis,3,3:54,ORL,shot,,,,,,,,,,Rashard Lewis,2,,,made,,driving layup,25,6
Anderson Varejao,Delonte West,J.J. Hickson,LeBron James,Mo Williams,Dwight Howard,J.J. Redick,Jameer Nelson,Matt Barnes,Rashard Lewis,3,3:15,CLE,shot,LeBron James,,,,,,,,,Mo Williams,2,,,made,,jump,46,5
Anderson Varejao,Delonte West,J.J. Hickson,LeBron James,Mo Williams,Dwight Howard,J.J. Redick,Jameer Nelson,Matt Barnes,Rashard Lewis,3,2:57,CLE,foul,,,,,,,,Dwight Howard,,Anderson Varejao,,,,,,shooting,,
Anderson Varejao,Delonte West,J.J. Hickson,LeBron James,Mo Williams,Dwight Howard,J.J. Redick,Jameer Nelson,Matt Barnes,Rashard Lewis,3,2:57,CLE,timeout,,,,,,,,,,,,,,,,regular,,
Anderson Varejao,Delonte West,J.J. Hickson,LeBron James,Mo Williams,Dwight Howard,J.J. Redick,Jason Williams,Matt Barnes,Rashard Lewis,3,2:57,ORL,sub,,,,Jason Williams,,Jameer Nelson,,,,,,,,,,,,
Anderson Varejao,Daniel Gibson,Delonte West,J.J. Hickson,LeBron James,Dwight Howard,J.J. Redick,Jason Williams,Matt Barnes,Rashard Lewis,3,2:57,CLE,sub,,,,Daniel Gibson,,Mo Williams,,,,,,,,,,,,
Anderson Varejao,Daniel Gibson,Delonte West,J.J. Hickson,LeBron James,Dwight Howard,J.J. Redick,Jason Williams,Matt Barnes,Rashard Lewis,3,2:57,ORL,free throw,,,,,,,1,,2,Dwight Howard,,,foul,made,,,,
Anderson Varejao,Daniel Gibson,Delonte West,J.J. Hickson,LeBron James,Dwight Howard,J.J. Redick,Jason Williams,Matt Barnes,Rashard Lewis,3,2:57,ORL,free throw,,,,,,,2,,2,Dwight Howard,,,foul,made,,,,
Anderson Varejao,Daniel Gibson,Delonte West,J.J. Hickson,LeBron James,Dwight Howard,J.J. Redick,Jason Williams,Matt Barnes,Rashard Lewis,3,2:33,CLE,shot,,,,,,,,,,LeBron James,,,,missed,,fade away bank,33,10
Anderson Varejao,Daniel Gibson,Delonte West,J.J. Hickson,LeBron James,Dwight Howard,J.J. Redick,Jason Williams,Matt Barnes,Rashard Lewis,3,2:31,CLE,rebound,,,,,,,,,,J.J. Hickson,,,,,,off,,
Anderson Varejao,Daniel Gibson,Delonte West,J.J. Hickson,LeBron James,Dwight Howard,J.J. Redick,Jason Williams,Matt Barnes,Rashard Lewis,3,2:25,ORL,foul,,,,,,,,LeBron James,,J.J. Redick,,,,,,personal,,
Anderson Varejao,Daniel Gibson,Delonte West,J.J. Hickson,LeBron James,Dwight Howard,J.J. Redick,Jason Williams,Matt Barnes,Rashard Lewis,3,2:25,CLE,free throw,,,,,,,1,,2,LeBron James,,,foul,made,,,,
Anderson Varejao,Daniel Gibson,Delonte West,J.J. Hickson,LeBron James,Dwight Howard,J.J. Redick,Jason Williams,Matt Barnes,Rashard Lewis,3,2:25,CLE,free throw,,,,,,,2,,2,LeBron James,,,foul,made,,,,
Anderson Varejao,Daniel Gibson,Delonte West,J.J. Hickson,LeBron James,Dwight Howard,J.J. Redick,Jason Williams,Matt Barnes,Rashard Lewis,3,2:12,ORL,shot,,,,,,,,,,Rashard Lewis,,,,missed,,3pt,24,31
Anderson Varejao,Daniel Gibson,Delonte West,J.J. Hickson,LeBron James,Dwight Howard,J.J. Redick,Jason Williams,Matt Barnes,Rashard Lewis,3,2:11,CLE,rebound,,,,,,,,,,Anderson Varejao,,,,,,def,,
Anderson Varejao,Daniel Gibson,Delonte West,J.J. Hickson,LeBron James,Dwight Howard,J.J. Redick,Jason Williams,Matt Barnes,Rashard Lewis,3,2:04,CLE,turnover,,,,,,,,,,LeBron James,,,step out of bounds turnover,,,,,
Anderson Varejao,Daniel Gibson,Delonte West,J.J. Hickson,LeBron James,Dwight Howard,J.J. Redick,Jason Williams,Matt Barnes,Rashard Lewis,3,1:47,ORL,shot,J.J. Redick,,,,,,,,,Matt Barnes,2,,,made,,driving layup,25,6
Anderson Varejao,Daniel Gibson,Delonte West,J.J. Hickson,LeBron James,Dwight Howard,J.J. Redick,Jason Williams,Matt Barnes,Rashard Lewis,3,1:28,ORL,foul,,,,,,,,Delonte West,,Matt Barnes,,,,,,shooting,,
Anderson Varejao,Daniel Gibson,Delonte West,J.J. Hickson,LeBron James,Brandon Bass,Dwight Howard,J.J. Redick,Jason Williams,Matt Barnes,3,1:28,ORL,sub,,,,Brandon Bass,,Rashard Lewis,,,,,,,,,,,,
Anderson Varejao,Daniel Gibson,Delonte West,J.J. Hickson,LeBron James,Brandon Bass,Dwight Howard,J.J. Redick,Jason Williams,Matt Barnes,3,1:28,CLE,free throw,,,,,,,1,,2,Delonte West,,,foul,made,,,,
Anderson Varejao,Daniel Gibson,Delonte West,J.J. Hickson,LeBron James,Brandon Bass,Dwight Howard,J.J. Redick,Jason Williams,Mickael Pietrus,3,1:28,ORL,sub,,,,Mickael Pietrus,,Matt Barnes,,,,,,,,,,,,
Anderson Varejao,Daniel Gibson,Delonte West,J.J. Hickson,LeBron James,Brandon Bass,Dwight Howard,J.J. Redick,Jason Williams,Mickael Pietrus,3,1:28,CLE,free throw,,,,,,,2,,2,Delonte West,,,foul,made,,,,
Anderson Varejao,Daniel Gibson,Delonte West,J.J. Hickson,LeBron James,Brandon Bass,Dwight Howard,J.J. Redick,Jason Williams,Mickael Pietrus,3,1:05,ORL,shot,,,,,,,,,,Mickael Pietrus,3,,,made,,3pt,13,27
Anderson Varejao,Daniel Gibson,Delonte West,J.J. Hickson,LeBron James,Brandon Bass,Dwight Howard,J.J. Redick,Jason Williams,Mickael Pietrus,3,0:50,CLE,shot,,,,,,,,,,Delonte West,,,,missed,,layup,25,6
Anderson Varejao,Daniel Gibson,Delonte West,J.J. Hickson,LeBron James,Brandon Bass,Dwight Howard,J.J. Redick,Jason Williams,Mickael Pietrus,3,0:49,ORL,rebound,,,,,,,,,,Dwight Howard,,,,,,def,,
Anderson Varejao,Daniel Gibson,Delonte West,J.J. Hickson,LeBron James,Brandon Bass,Dwight Howard,J.J. Redick,Jason Williams,Mickael Pietrus,3,0:43,ORL,shot,,,,,,,,,,J.J. Redick,,,,missed,,3pt,43,26
Anderson Varejao,Daniel Gibson,Delonte West,J.J. Hickson,LeBron James,Brandon Bass,Dwight Howard,J.J. Redick,Jason Williams,Mickael Pietrus,3,0:41,CLE,rebound,,,,,,,,,,LeBron James,,,,,,def,,
Anderson Varejao,Daniel Gibson,Delonte West,J.J. Hickson,LeBron James,Brandon Bass,Dwight Howard,J.J. Redick,Jason Williams,Mickael Pietrus,3,0:37,ORL,foul,,,,,,,,LeBron James,,Jason Williams,,,,,,shooting,,
Anderson Varejao,Daniel Gibson,Delonte West,J.J. Hickson,LeBron James,Brandon Bass,Dwight Howard,J.J. Redick,Jason Williams,Mickael Pietrus,3,0:37,CLE,free throw,,,,,,,1,,2,LeBron James,,,foul,made,,,,
Anderson Varejao,Daniel Gibson,Delonte West,J.J. Hickson,LeBron James,Brandon Bass,Dwight Howard,J.J. Redick,Jason Williams,Mickael Pietrus,3,0:37,CLE,free throw,,,,,,,2,,2,LeBron James,,,foul,made,,,,
Anderson Varejao,Daniel Gibson,Delonte West,J.J. Hickson,LeBron James,Brandon Bass,Dwight Howard,J.J. Redick,Jason Williams,Mickael Pietrus,3,0:26,ORL,turnover,,,,,,,,,,Jason Williams,,,bad pass,,Anderson Varejao,,,
Anderson Varejao,Daniel Gibson,Delonte West,J.J. Hickson,LeBron James,Brandon Bass,Dwight Howard,J.J. Redick,Jason Williams,Mickael Pietrus,3,0:21,CLE,shot,LeBron James,,,,,,,,,J.J. Hickson,2,,,made,,layup,25,6
Anderson Varejao,Daniel Gibson,Delonte West,J.J. Hickson,LeBron James,Brandon Bass,Dwight Howard,J.J. Redick,Jason Williams,Mickael Pietrus,3,0:00,ORL,shot,,,,,,,,,,Brandon Bass,,,,missed,,jump,42,13
Anderson Varejao,Daniel Gibson,Delonte West,J.J. Hickson,LeBron James,Brandon Bass,Dwight Howard,J.J. Redick,Jason Williams,Mickael Pietrus,3,0:00,ORL,rebound,,,,,,,,,,Mickael Pietrus,,,,,,off,,
Anderson Varejao,Daniel Gibson,Delonte West,J.J. Hickson,LeBron James,Brandon Bass,Dwight Howard,J.J. Redick,Jason Williams,Mickael Pietrus,3,0:00,ORL,shot,,,,,,,,,,Mickael Pietrus,2,,,made,,tip,25,6
Antawn Jamison,Daniel Gibson,Delonte West,Jawad Williams,Shaquille O'Neal,Brandon Bass,Dwight Howard,J.J. Redick,Jason Williams,Mickael Pietrus,4,11:44,ORL,shot,,,,,,,,,,Jason Williams,,,,missed,,3pt,49,6
Antawn Jamison,Daniel Gibson,Delonte West,Jawad Williams,Shaquille O'Neal,Brandon Bass,Dwight Howard,J.J. Redick,Jason Williams,Mickael Pietrus,4,11:43,CLE,rebound,,,,,,,,,,Daniel Gibson,,,,,,def,,
Antawn Jamison,Daniel Gibson,Delonte West,Jawad Williams,Shaquille O'Neal,Brandon Bass,Dwight Howard,J.J. Redick,Jason Williams,Mickael Pietrus,4,11:28,CLE,shot,,,,,,,,,,Daniel Gibson,,,,missed,,3pt,5,21
Antawn Jamison,Daniel Gibson,Delonte West,Jawad Williams,Shaquille O'Neal,Brandon Bass,Dwight Howard,J.J. Redick,Jason Williams,Mickael Pietrus,4,11:26,CLE,rebound,,,,,,,,,,Jawad Williams,,,,,,off,,
Antawn Jamison,Daniel Gibson,Delonte West,Jawad Williams,Shaquille O'Neal,Brandon Bass,Dwight Howard,J.J. Redick,Jason Williams,Mickael Pietrus,4,11:26,CLE,shot,,,,,,,,,,Jawad Williams,,,,missed,,layup,25,6
Antawn Jamison,Daniel Gibson,Delonte West,Jawad Williams,Shaquille O'Neal,Brandon Bass,Dwight Howard,J.J. Redick,Jason Williams,Mickael Pietrus,4,11:24,CLE,rebound,,,,,,,,,,Jawad Williams,,,,,,off,,
Antawn Jamison,Daniel Gibson,Delonte West,Jawad Williams,Shaquille O'Neal,Brandon Bass,Dwight Howard,J.J. Redick,Jason Williams,Mickael Pietrus,4,11:23,CLE,shot,,,Dwight Howard,,,,,,,Jawad Williams,,,,missed,,layup,25,6
Antawn Jamison,Daniel Gibson,Delonte West,Jawad Williams,Shaquille O'Neal,Brandon Bass,Dwight Howard,J.J. Redick,Jason Williams,Mickael Pietrus,4,11:22,CLE,rebound,,,,,,,,,,Delonte West,,,,,,off,,
Antawn Jamison,Daniel Gibson,Delonte West,Jawad Williams,Shaquille O'Neal,Brandon Bass,Dwight Howard,J.J. Redick,Jason Williams,Mickael Pietrus,4,11:22,CLE,jump ball,,Delonte West,,,J.J. Redick,,,,,,,Shaquille O'Neal,,,,,,
Antawn Jamison,Daniel Gibson,Delonte West,Jawad Williams,Shaquille O'Neal,Brandon Bass,Dwight Howard,J.J. Redick,Jason Williams,Mickael Pietrus,4,11:08,CLE,turnover,,,,,,,,,,Shaquille O'Neal,,,traveling,,,,,
Antawn Jamison,Daniel Gibson,Delonte West,Jawad Williams,Shaquille O'Neal,Brandon Bass,Dwight Howard,J.J. Redick,Jason Williams,Mickael Pietrus,4,10:51,ORL,shot,Dwight Howard,,,,,,,,,J.J. Redick,3,,,made,,3pt,22,32
Antawn Jamison,Daniel Gibson,Delonte West,Jawad Williams,Shaquille O'Neal,Brandon Bass,Dwight Howard,J.J. Redick,Jason Williams,Mickael Pietrus,4,10:28,CLE,shot,,,,,,,,,,Delonte West,,,,missed,,driving layup,25,6
Antawn Jamison,Daniel Gibson,Delonte West,Jawad Williams,Shaquille O'Neal,Brandon Bass,Dwight Howard,J.J. Redick,Jason Williams,Mickael Pietrus,4,10:26,ORL,rebound,,,,,,,,,,Mickael Pietrus,,,,,,def,,
Antawn Jamison,Daniel Gibson,Delonte West,Jawad Williams,Shaquille O'Neal,Brandon Bass,Dwight Howard,J.J. Redick,Jason Williams,Mickael Pietrus,4,10:14,CLE,foul,,,,,,,,Brandon Bass,,Delonte West,,,,,,shooting,,
Antawn Jamison,Daniel Gibson,Delonte West,Jawad Williams,Shaquille O'Neal,Brandon Bass,Dwight Howard,J.J. Redick,Jason Williams,Mickael Pietrus,4,10:14,ORL,free throw,,,,,,,1,,2,Brandon Bass,,,foul,made,,,,
Antawn Jamison,Daniel Gibson,Delonte West,Jawad Williams,Shaquille O'Neal,Brandon Bass,Dwight Howard,J.J. Redick,Jason Williams,Mickael Pietrus,4,10:14,ORL,free throw,,,,,,,2,,2,Brandon Bass,,,foul,made,,,,
Antawn Jamison,Daniel Gibson,Delonte West,Jawad Williams,Shaquille O'Neal,Brandon Bass,Dwight Howard,J.J. Redick,Jason Williams,Mickael Pietrus,4,9:58,CLE,shot,Delonte West,,,,,,,,,Antawn Jamison,3,,,made,,3pt,2,8
Antawn Jamison,Daniel Gibson,Delonte West,Jawad Williams,Shaquille O'Neal,Brandon Bass,Dwight Howard,J.J. Redick,Jason Williams,Mickael Pietrus,4,9:40,ORL,shot,,,,,,,,,,Dwight Howard,,,,missed,,layup,25,6
Antawn Jamison,Daniel Gibson,Delonte West,Jawad Williams,Shaquille O'Neal,Brandon Bass,Dwight Howard,J.J. Redick,Jason Williams,Mickael Pietrus,4,9:39,CLE,rebound,,,,,,,,,,Antawn Jamison,,,,,,def,,
Antawn Jamison,Daniel Gibson,Delonte West,Jawad Williams,Shaquille O'Neal,Brandon Bass,Dwight Howard,J.J. Redick,Jason Williams,Mickael Pietrus,4,9:28,ORL,foul,,,,,,,,Daniel Gibson,,J.J. Redick,,,,,,shooting,,
Antawn Jamison,Daniel Gibson,Delonte West,Jawad Williams,Shaquille O'Neal,Brandon Bass,Dwight Howard,J.J. Redick,Jason Williams,Mickael Pietrus,4,9:28,CLE,free throw,,,,,,,1,,2,Daniel Gibson,,,foul,missed,,,,
Antawn Jamison,Daniel Gibson,Delonte West,Jawad Williams,Shaquille O'Neal,Brandon Bass,Dwight Howard,J.J. Redick,Jason Williams,Mickael Pietrus,4,9:28,CLE,rebound,,,,,,,,,,,,,,,,,,
Antawn Jamison,Daniel Gibson,Delonte West,Jawad Williams,Shaquille O'Neal,Brandon Bass,Dwight Howard,J.J. Redick,Jason Williams,Mickael Pietrus,4,9:28,CLE,free throw,,,,,,,2,,2,Daniel Gibson,,,foul,made,,,,
Antawn Jamison,Daniel Gibson,Delonte West,Jawad Williams,Shaquille O'Neal,Brandon Bass,Dwight Howard,J.J. Redick,Jason Williams,Mickael Pietrus,4,9:18,ORL,turnover,,,,,,,,,,Jason Williams,,,lost ball,,Delonte West,,,
Antawn Jamison,Daniel Gibson,Delonte West,Jawad Williams,Shaquille O'Neal,Brandon Bass,Dwight Howard,J.J. Redick,Jason Williams,Mickael Pietrus,4,9:04,CLE,shot,,,,,,,,,,Delonte West,,,,missed,,jump,31,13
Antawn Jamison,Daniel Gibson,Delonte West,Jawad Williams,Shaquille O'Neal,Brandon Bass,Dwight Howard,J.J. Redick,Jason Williams,Mickael Pietrus,4,9:03,CLE,rebound,,,,,,,,,,Delonte West,,,,,,off,,
Antawn Jamison,Daniel Gibson,Delonte West,Jawad Williams,Shaquille O'Neal,Brandon Bass,Dwight Howard,J.J. Redick,Jason Williams,Mickael Pietrus,4,9:03,CLE,shot,,,,,,,,,,Delonte West,2,,,made,,tip,25,6
Antawn Jamison,Daniel Gibson,Delonte West,Jawad Williams,Shaquille O'Neal,Brandon Bass,Dwight Howard,J.J. Redick,Jason Williams,Mickael Pietrus,4,8:46,CLE,foul,,,,,,,,Dwight Howard,,Antawn Jamison,,,,,,personal,,
Antawn Jamison,Daniel Gibson,Delonte West,Jawad Williams,Shaquille O'Neal,Brandon Bass,Dwight Howard,J.J. Redick,Jason Williams,Mickael Pietrus,4,8:46,ORL,timeout,,,,,,,,,,,,,,,,official,,
Daniel Gibson,Delonte West,Jawad Williams,LeBron James,Shaquille O'Neal,Brandon Bass,Dwight Howard,J.J. Redick,Jason Williams,Mickael Pietrus,4,8:46,CLE,sub,,,,LeBron James,,Antawn Jamison,,,,,,,,,,,,
Daniel Gibson,Delonte West,Jawad Williams,LeBron James,Shaquille O'Neal,Dwight Howard,J.J. Redick,Jason Williams,Mickael Pietrus,Rashard Lewis,4,8:46,ORL,sub,,,,Rashard Lewis,,Brandon Bass,,,,,,,,,,,,
Daniel Gibson,Delonte West,Jawad Williams,LeBron James,Shaquille O'Neal,Dwight Howard,J.J. Redick,Jameer Nelson,Mickael Pietrus,Rashard Lewis,4,8:46,ORL,sub,,,,Jameer Nelson,,Jason Williams,,,,,,,,,,,,
Daniel Gibson,Delonte West,Jawad Williams,LeBron James,Shaquille O'Neal,Dwight Howard,J.J. Redick,Jameer Nelson,Mickael Pietrus,Rashard Lewis,4,8:34,ORL,shot,,,,,,,,,,Rashard Lewis,,,,missed,,jump,16,24
Daniel Gibson,Delonte West,Jawad Williams,LeBron James,Shaquille O'Neal,Dwight Howard,J.J. Redick,Jameer Nelson,Mickael Pietrus,Rashard Lewis,4,8:33,ORL,rebound,,,,,,,,,,J.J. Redick,,,,,,off,,
Daniel Gibson,Delonte West,Jawad Williams,LeBron James,Shaquille O'Neal,Dwight Howard,J.J. Redick,Jameer Nelson,Mickael Pietrus,Rashard Lewis,4,8:28,ORL,shot,,,,,,,,,,Rashard Lewis,,,,missed,,3pt,46,20
Daniel Gibson,Delonte West,Jawad Williams,LeBron James,Shaquille O'Neal,Dwight Howard,J.J. Redick,Jameer Nelson,Mickael Pietrus,Rashard Lewis,4,8:27,CLE,rebound,,,,,,,,,,LeBron James,,,,,,def,,
Daniel Gibson,Delonte West,Jawad Williams,LeBron James,Shaquille O'Neal,Dwight Howard,J.J. Redick,Jameer Nelson,Mickael Pietrus,Rashard Lewis,4,8:16,CLE,turnover,,,,,,,,,,LeBron James,,,lost ball,,Mickael Pietrus,,,
Daniel Gibson,Delonte West,Jawad Williams,LeBron James,Shaquille O'Neal,Dwight Howard,J.J. Redick,Jameer Nelson,Mickael Pietrus,Rashard Lewis,4,8:08,ORL,shot,,,,,,,,,,Jameer Nelson,,,,missed,,floating jump,27,13
Daniel Gibson,Delonte West,Jawad Williams,LeBron James,Shaquille O'Neal,Dwight Howard,J.J. Redick,Jameer Nelson,Mickael Pietrus,Rashard Lewis,4,8:05,CLE,rebound,,,,,,,,,,Daniel Gibson,,,,,,def,,
Daniel Gibson,Delonte West,Jawad Williams,LeBron James,Shaquille O'Neal,Dwight Howard,J.J. Redick,Jameer Nelson,Mickael Pietrus,Rashard Lewis,4,7:46,CLE,shot,LeBron James,,,,,,,,,Shaquille O'Neal,2,,,made,,layup,25,6
Daniel Gibson,Delonte West,Jawad Williams,LeBron James,Shaquille O'Neal,Dwight Howard,J.J. Redick,Jameer Nelson,Mickael Pietrus,Rashard Lewis,4,7:32,CLE,foul,,,,,,,,J.J. Redick,,Shaquille O'Neal,,,,,,shooting,,
Daniel Gibson,Delonte West,Jawad Williams,LeBron James,Shaquille O'Neal,Dwight Howard,J.J. Redick,Jameer Nelson,Matt Barnes,Rashard Lewis,4,7:32,ORL,sub,,,,Matt Barnes,,Mickael Pietrus,,,,,,,,,,,,
Daniel Gibson,Delonte West,Jawad Williams,LeBron James,Shaquille O'Neal,Dwight Howard,J.J. Redick,Jameer Nelson,Matt Barnes,Rashard Lewis,4,7:32,ORL,free throw,,,,,,,1,,2,J.J. Redick,,,foul,missed,,,,
Daniel Gibson,Delonte West,Jawad Williams,LeBron James,Shaquille O'Neal,Dwight Howard,J.J. Redick,Jameer Nelson,Matt Barnes,Rashard Lewis,4,7:32,ORL,rebound,,,,,,,,,,,,,,,,,,
Anderson Varejao,Daniel Gibson,Delonte West,Jawad Williams,LeBron James,Dwight Howard,J.J. Redick,Jameer Nelson,Matt Barnes,Rashard Lewis,4,7:32,CLE,sub,,,,Anderson Varejao,,Shaquille O'Neal,,,,,,,,,,,,
Anderson Varejao,Delonte West,Jawad Williams,LeBron James,Mo Williams,Dwight Howard,J.J. Redick,Jameer Nelson,Matt Barnes,Rashard Lewis,4,7:32,CLE,sub,,,,Mo Williams,,Daniel Gibson,,,,,,,,,,,,
Anderson Varejao,Delonte West,Jawad Williams,LeBron James,Mo Williams,Dwight Howard,J.J. Redick,Jameer Nelson,Matt Barnes,Rashard Lewis,4,7:32,ORL,free throw,,,,,,,2,,2,J.J. Redick,,,foul,made,,,,
Anderson Varejao,Delonte West,Jawad Williams,LeBron James,Mo Williams,Dwight Howard,J.J. Redick,Jameer Nelson,Matt Barnes,Rashard Lewis,4,7:13,CLE,shot,,,,,,,,,,Mo Williams,,,,missed,,3pt,48,7
Anderson Varejao,Delonte West,Jawad Williams,LeBron James,Mo Williams,Dwight Howard,J.J. Redick,Jameer Nelson,Matt Barnes,Rashard Lewis,4,7:12,ORL,rebound,,,,,,,,,,Jameer Nelson,,,,,,def,,
Anderson Varejao,Delonte West,Jawad Williams,LeBron James,Mo Williams,Dwight Howard,J.J. Redick,Jameer Nelson,Matt Barnes,Rashard Lewis,4,7:03,ORL,shot,,,Jawad Williams,,,,,,,Jameer Nelson,,,,missed,,jump,44,7
Anderson Varejao,Delonte West,Jawad Williams,LeBron James,Mo Williams,Dwight Howard,J.J. Redick,Jameer Nelson,Matt Barnes,Rashard Lewis,4,7:01,CLE,rebound,,,,,,,,,,LeBron James,,,,,,def,,
Anderson Varejao,Delonte West,Jawad Williams,LeBron James,Mo Williams,Dwight Howard,J.J. Redick,Jameer Nelson,Matt Barnes,Rashard Lewis,4,6:56,CLE,shot,LeBron James,,,,,,,,,Jawad Williams,2,,,made,,jump,10,6
Anderson Varejao,Delonte West,Jawad Williams,LeBron James,Mo Williams,Dwight Howard,J.J. Redick,Jameer Nelson,Matt Barnes,Rashard Lewis,4,6:55,ORL,timeout,,,,,,,,,,,,,,,,regular,,
Anderson Varejao,Delonte West,Jawad Williams,LeBron James,Mo Williams,Dwight Howard,Jameer Nelson,Matt Barnes,Rashard Lewis,Vince Carter,4,6:55,ORL,sub,,,,Vince Carter,,J.J. Redick,,,,,,,,,,,,
Anderson Varejao,Delonte West,Jawad Williams,LeBron James,Mo Williams,Dwight Howard,Jameer Nelson,Matt Barnes,Rashard Lewis,Vince Carter,4,6:33,ORL,shot,,,,,,,,,,Jameer Nelson,,,,missed,,3pt,23,30
Anderson Varejao,Delonte West,Jawad Williams,LeBron James,Mo Williams,Dwight Howard,Jameer Nelson,Matt Barnes,Rashard Lewis,Vince Carter,4,6:32,CLE,rebound,,,,,,,,,,Jawad Williams,,,,,,def,,
Anderson Varejao,Delonte West,Jawad Williams,LeBron James,Mo Williams,Dwight Howard,Jameer Nelson,Matt Barnes,Rashard Lewis,Vince Carter,4,6:08,CLE,shot,,,,,,,,,,LeBron James,,,,missed,,jump,34,26
Anderson Varejao,Delonte West,Jawad Williams,LeBron James,Mo Williams,Dwight Howard,Jameer Nelson,Matt Barnes,Rashard Lewis,Vince Carter,4,6:07,ORL,rebound,,,,,,,,,,Dwight Howard,,,,,,def,,
Anderson Varejao,Delonte West,Jawad Williams,LeBron James,Mo Williams,Dwight Howard,Jameer Nelson,Matt Barnes,Rashard Lewis,Vince Carter,4,5:57,CLE,foul,,,,,,,,Vince Carter,,Delonte West,,,,,,shooting,,
Anderson Varejao,Delonte West,Jawad Williams,LeBron James,Mo Williams,Dwight Howard,Jameer Nelson,Matt Barnes,Rashard Lewis,Vince Carter,4,5:57,ORL,free throw,,,,,,,1,,2,Vince Carter,,,foul,made,,,,
Anderson Varejao,Delonte West,Jawad Williams,LeBron James,Mo Williams,Dwight Howard,Jameer Nelson,Matt Barnes,Rashard Lewis,Vince Carter,4,5:57,ORL,free throw,,,,,,,2,,2,Vince Carter,,,foul,made,,,,
Anderson Varejao,Delonte West,Jawad Williams,LeBron James,Mo Williams,Dwight Howard,Jameer Nelson,Matt Barnes,Rashard Lewis,Vince Carter,4,5:42,CLE,turnover,,,,,,,,,,LeBron James,,,traveling,,,,,
Anderson Varejao,Delonte West,Jawad Williams,LeBron James,Mo Williams,Dwight Howard,Jameer Nelson,Matt Barnes,Rashard Lewis,Vince Carter,4,5:30,ORL,shot,Jameer Nelson,,,,,,,,,Vince Carter,2,,,made,,slam dunk,25,6
Anderson Varejao,Delonte West,Jawad Williams,LeBron James,Mo Williams,Dwight Howard,Jameer Nelson,Matt Barnes,Rashard Lewis,Vince Carter,4,5:15,CLE,shot,,,Dwight Howard,,,,,,,LeBron James,,,,missed,,layup,25,6
Anderson Varejao,Delonte West,Jawad Williams,LeBron James,Mo Williams,Dwight Howard,Jameer Nelson,Matt Barnes,Rashard Lewis,Vince Carter,4,5:15,CLE,rebound,,,,,,,,,,,,,,,,,,
Delonte West,Jawad Williams,LeBron James,Mo Williams,Shaquille O'Neal,Dwight Howard,Jameer Nelson,Matt Barnes,Rashard Lewis,Vince Carter,4,5:15,CLE,sub,,,,Shaquille O'Neal,,Anderson Varejao,,,,,,,,,,,,
Anthony Parker,Jawad Williams,LeBron James,Mo Williams,Shaquille O'Neal,Dwight Howard,Jameer Nelson,Matt Barnes,Rashard Lewis,Vince Carter,4,5:15,CLE,sub,,,,Anthony Parker,,Delonte West,,,,,,,,,,,,
Anthony Parker,Jawad Williams,LeBron James,Mo Williams,Shaquille O'Neal,Dwight Howard,Jameer Nelson,Matt Barnes,Rashard Lewis,Vince Carter,4,5:05,CLE,shot,,,,,,,,,,LeBron James,,,,missed,,3pt,31,30
Anthony Parker,Jawad Williams,LeBron James,Mo Williams,Shaquille O'Neal,Dwight Howard,Jameer Nelson,Matt Barnes,Rashard Lewis,Vince Carter,4,5:04,ORL,rebound,,,,,,,,,,Rashard Lewis,,,,,,def,,
Anthony Parker,Jawad Williams,LeBron James,Mo Williams,Shaquille O'Neal,Dwight Howard,Jameer Nelson,Matt Barnes,Rashard Lewis,Vince Carter,4,4:47,ORL,shot,,,,,,,,,,Jameer Nelson,2,,,made,,jump,36,22
Anthony Parker,Jawad Williams,LeBron James,Mo Williams,Shaquille O'Neal,Dwight Howard,Jameer Nelson,Matt Barnes,Rashard Lewis,Vince Carter,4,4:23,CLE,shot,,,,,,,,,,Mo Williams,,,,missed,,jump,12,20
Anthony Parker,Jawad Williams,LeBron James,Mo Williams,Shaquille O'Neal,Dwight Howard,Jameer Nelson,Matt Barnes,Rashard Lewis,Vince Carter,4,4:22,CLE,rebound,,,,,,,,,,,,,,,,,,
Antawn Jamison,Anthony Parker,LeBron James,Mo Williams,Shaquille O'Neal,Dwight Howard,Jameer Nelson,Matt Barnes,Rashard Lewis,Vince Carter,4,4:22,CLE,sub,,,,Antawn Jamison,,Jawad Williams,,,,,,,,,,,,
Antawn Jamison,Anthony Parker,LeBron James,Mo Williams,Shaquille O'Neal,Dwight Howard,Jameer Nelson,Matt Barnes,Rashard Lewis,Vince Carter,4,4:06,CLE,shot,,,,,,,,,,Shaquille O'Neal,,,,missed,,hook,22,13
Antawn Jamison,Anthony Parker,LeBron James,Mo Williams,Shaquille O'Neal,Dwight Howard,Jameer Nelson,Matt Barnes,Rashard Lewis,Vince Carter,4,4:05,ORL,rebound,,,,,,,,,,Dwight Howard,,,,,,def,,
Antawn Jamison,Anthony Parker,LeBron James,Mo Williams,Shaquille O'Neal,Dwight Howard,Jameer Nelson,Matt Barnes,Rashard Lewis,Vince Carter,4,3:56,ORL,shot,,,,,,,,,,Jameer Nelson,3,,,made,,3pt,27,30
Antawn Jamison,Anthony Parker,LeBron James,Mo Williams,Shaquille O'Neal,Dwight Howard,Jameer Nelson,Matt Barnes,Rashard Lewis,Vince Carter,4,3:38,ORL,foul,,,,,,,,LeBron James,,Dwight Howard,,,,,,shooting,,
Antawn Jamison,Anthony Parker,LeBron James,Mo Williams,Shaquille O'Neal,Dwight Howard,Jameer Nelson,Matt Barnes,Rashard Lewis,Vince Carter,4,3:38,CLE,free throw,,,,,,,1,,2,LeBron James,,,foul,missed,,,,
Antawn Jamison,Anthony Parker,LeBron James,Mo Williams,Shaquille O'Neal,Dwight Howard,Jameer Nelson,Matt Barnes,Rashard Lewis,Vince Carter,4,3:38,CLE,rebound,,,,,,,,,,,,,,,,,,
Antawn Jamison,Anthony Parker,LeBron James,Mo Williams,Shaquille O'Neal,Dwight Howard,Jameer Nelson,Matt Barnes,Rashard Lewis,Vince Carter,4,3:38,CLE,free throw,,,,,,,2,,2,LeBron James,,,foul,made,,,,
Antawn Jamison,Anthony Parker,LeBron James,Mo Williams,Shaquille O'Neal,Dwight Howard,Jameer Nelson,Matt Barnes,Rashard Lewis,Vince Carter,4,3:16,ORL,shot,Jameer Nelson,,,,,,,,,Vince Carter,2,,,made,,jump,39,9
Antawn Jamison,Anthony Parker,LeBron James,Mo Williams,Shaquille O'Neal,Dwight Howard,Jameer Nelson,Matt Barnes,Rashard Lewis,Vince Carter,4,3:01,ORL,violation,,,,,,,,,,Dwight Howard,,,,,,defensive goaltending,,
Antawn Jamison,Anthony Parker,LeBron James,Mo Williams,Shaquille O'Neal,Dwight Howard,Jameer Nelson,Matt Barnes,Rashard Lewis,Vince Carter,4,3:01,CLE,shot,,,,,,,,,,Antawn Jamison,2,,,made,,driving layup,25,6
Antawn Jamison,Anthony Parker,LeBron James,Mo Williams,Shaquille O'Neal,Dwight Howard,Jameer Nelson,Matt Barnes,Rashard Lewis,Vince Carter,4,3:01,ORL,foul,,,,,,,,Antawn Jamison,,Rashard Lewis,,,,,,shooting,,
Antawn Jamison,Anthony Parker,LeBron James,Mo Williams,Shaquille O'Neal,Dwight Howard,Jameer Nelson,Matt Barnes,Rashard Lewis,Vince Carter,4,3:01,CLE,free throw,,,,,,,1,,1,Antawn Jamison,,,foul,missed,,,,
Antawn Jamison,Anthony Parker,LeBron James,Mo Williams,Shaquille O'Neal,Dwight Howard,Jameer Nelson,Matt Barnes,Rashard Lewis,Vince Carter,4,3:00,ORL,rebound,,,,,,,,,,Matt Barnes,,,,,,def,,
Antawn Jamison,Anthony Parker,LeBron James,Mo Williams,Shaquille O'Neal,Dwight Howard,Jameer Nelson,Matt Barnes,Rashard Lewis,Vince Carter,4,2:40,ORL,shot,,,,,,,,,,Vince Carter,2,,,made,,layup,25,6
Antawn Jamison,Anthony Parker,LeBron James,Mo Williams,Shaquille O'Neal,Dwight Howard,Jameer Nelson,Matt Barnes,Rashard Lewis,Vince Carter,4,2:37,CLE,timeout,,,,,,,,,,,,,,,,regular,,
Antawn Jamison,Anthony Parker,LeBron James,Mo Williams,Shaquille O'Neal,Dwight Howard,Jameer Nelson,Matt Barnes,Rashard Lewis,Vince Carter,4,2:19,CLE,shot,,,,,,,,,,Antawn Jamison,,,,missed,,layup,25,6
Antawn Jamison,Anthony Parker,LeBron James,Mo Williams,Shaquille O'Neal,Dwight Howard,Jameer Nelson,Matt Barnes,Rashard Lewis,Vince Carter,4,2:18,ORL,rebound,,,,,,,,,,Rashard Lewis,,,,,,def,,
Antawn Jamison,Anthony Parker,LeBron James,Mo Williams,Shaquille O'Neal,Dwight Howard,Jameer Nelson,Matt Barnes,Rashard Lewis,Vince Carter,4,2:00,ORL,shot,,,,,,,,,,Jameer Nelson,3,,,made,,3pt,35,28
Antawn Jamison,Anthony Parker,LeBron James,Mo Williams,Shaquille O'Neal,Dwight Howard,Jameer Nelson,Matt Barnes,Rashard Lewis,Vince Carter,4,1:46,CLE,shot,,,,,,,,,,Mo Williams,,,,missed,,3pt,37,28
Antawn Jamison,Anthony Parker,LeBron James,Mo Williams,Shaquille O'Neal,Dwight Howard,Jameer Nelson,Matt Barnes,Rashard Lewis,Vince Carter,4,1:46,CLE,rebound,,,,,,,,,,Shaquille O'Neal,,,,,,off,,
Antawn Jamison,Anthony Parker,LeBron James,Mo Williams,Shaquille O'Neal,Dwight Howard,Jameer Nelson,Matt Barnes,Rashard Lewis,Vince Carter,4,1:46,CLE,shot,,,,,,,,,,Shaquille O'Neal,2,,,made,,tip,25,6
Antawn Jamison,Anthony Parker,LeBron James,Mo Williams,Shaquille O'Neal,Dwight Howard,Jameer Nelson,Matt Barnes,Rashard Lewis,Vince Carter,4,1:32,ORL,turnover,,,,,,,,,,Vince Carter,,,out of bounds lost ball turnover,,,,,
Antawn Jamison,Anthony Parker,LeBron James,Mo Williams,Shaquille O'Neal,Dwight Howard,Jameer Nelson,Matt Barnes,Rashard Lewis,Vince Carter,4,1:16,CLE,shot,LeBron James,,,,,,,,,Anthony Parker,3,,,made,,3pt,48,9
Antawn Jamison,Anthony Parker,LeBron James,Mo Williams,Shaquille O'Neal,Dwight Howard,Jameer Nelson,Matt Barnes,Rashard Lewis,Vince Carter,4,0:58,CLE,foul,,,,,,,,Dwight Howard,,Antawn Jamison,,,,,,shooting,,
Anthony Parker,Jawad Williams,LeBron James,Mo Williams,Shaquille O'Neal,Dwight Howard,Jameer Nelson,Matt Barnes,Rashard Lewis,Vince Carter,4,0:58,CLE,sub,,,,Jawad Williams,,Antawn Jamison,,,,,,,,,,,,
Anthony Parker,Jawad Williams,LeBron James,Mo Williams,Shaquille O'Neal,Dwight Howard,Jameer Nelson,Matt Barnes,Rashard Lewis,Vince Carter,4,0:58,ORL,free throw,,,,,,,1,,2,Dwight Howard,,,foul,made,,,,
Anthony Parker,Jawad Williams,LeBron James,Mo Williams,Shaquille O'Neal,Dwight Howard,Jameer Nelson,Matt Barnes,Rashard Lewis,Vince Carter,4,0:58,ORL,free throw,,,,,,,2,,2,Dwight Howard,,,foul,missed,,,,
Anthony Parker,Jawad Williams,LeBron James,Mo Williams,Shaquille O'Neal,Dwight Howard,Jameer Nelson,Matt Barnes,Rashard Lewis,Vince Carter,4,0:57,CLE,rebound,,,,,,,,,,Shaquille O'Neal,,,,,,def,,
Anthony Parker,Jawad Williams,LeBron James,Mo Williams,Shaquille O'Neal,Dwight Howard,Jameer Nelson,Matt Barnes,Rashard Lewis,Vince Carter,4,0:45,ORL,foul,,,,,,,,LeBron James,,Matt Barnes,,,,,,personal,,
Anthony Parker,Jawad Williams,LeBron James,Mo Williams,Shaquille O'Neal,Dwight Howard,Jameer Nelson,Matt Barnes,Rashard Lewis,Vince Carter,4,0:40,CLE,shot,,,,,,,,,,LeBron James,,,,missed,,3pt,31,32
Anthony Parker,Jawad Williams,LeBron James,Mo Williams,Shaquille O'Neal,Dwight Howard,Jameer Nelson,Matt Barnes,Rashard Lewis,Vince Carter,4,0:39,ORL,rebound,,,,,,,,,,Dwight Howard,,,,,,def,,
Anthony Parker,Jawad Williams,LeBron James,Mo Williams,Shaquille O'Neal,Dwight Howard,Jameer Nelson,Matt Barnes,Rashard Lewis,Vince Carter,4,0:20,ORL,shot,Vince Carter,,,,,,,,,Rashard Lewis,3,,,made,,3pt,47,6
Anthony Parker,Jawad Williams,LeBron James,Mo Williams,Shaquille O'Neal,Dwight Howard,Jameer Nelson,Matt Barnes,Rashard Lewis,Vince Carter,4,0:20,CLE,timeout,,,,,,,,,,,,,,,,regular,,
Anthony Parker,Jawad Williams,LeBron James,Mo Williams,Shaquille O'Neal,Dwight Howard,Jameer Nelson,Matt Barnes,Rashard Lewis,Vince Carter,4,0:16,CLE,shot,,,,,,,,,,LeBron James,2,,,made,,driving layup,25,6
Anthony Parker,Jawad Williams,LeBron James,Mo Williams,Shaquille O'Neal,Dwight Howard,Jameer Nelson,Matt Barnes,Rashard Lewis,Vince Carter,4,0:13,CLE,foul,,,,,,,,Matt Barnes,,Anthony Parker,,,,,,personal,,
Anthony Parker,Jawad Williams,LeBron James,Mo Williams,Shaquille O'Neal,Dwight Howard,Jameer Nelson,Matt Barnes,Rashard Lewis,Vince Carter,4,0:13,ORL,free throw,,,,,,,1,,2,Matt Barnes,,,foul,made,,,,
Anthony Parker,Jawad Williams,LeBron James,Mo Williams,Shaquille O'Neal,Dwight Howard,Jameer Nelson,Matt Barnes,Rashard Lewis,Vince Carter,4,0:13,ORL,free throw,,,,,,,2,,2,Matt Barnes,,,foul,missed,,,,
Anthony Parker,Jawad Williams,LeBron James,Mo Williams,Shaquille O'Neal,Dwight Howard,Jameer Nelson,Matt Barnes,Rashard Lewis,Vince Carter,4,0:11,CLE,rebound,,,,,,,,,,LeBron James,,,,,,def,,
Anthony Parker,Jawad Williams,LeBron James,Mo Williams,Shaquille O'Neal,Dwight Howard,Jameer Nelson,Matt Barnes,Rashard Lewis,Vince Carter,4,0:04,CLE,shot,,,,,,,,,,Anthony Parker,,,,missed,,3pt,39,28
Anthony Parker,Jawad Williams,LeBron James,Mo Williams,Shaquille O'Neal,Dwight Howard,Jameer Nelson,Matt Barnes,Rashard Lewis,Vince Carter,4,0:03,ORL,rebound,,,,,,,,,,Matt Barnes,,,,,,def,,
