a1,a2,a3,a4,a5,h1,h2,h3,h4,h5,period,time,team,etype,assist,away,block,entered,home,left,num,opponent,outof,player,points,possession,reason,result,steal,type,x,y
Dirk Nowitzki,Erick Dampier,Jason Kidd,Josh Howard,Shawn Marion,Kendrick Perkins,Paul Pierce,Rajon Rondo,Rasheed Wallace,Ray Allen,1,12:00,OFF,jump ball,,Erick Dampier,,,Kendrick Perkins,,,,,,,Jason Kidd,,,,,,
Dirk Nowitzki,Erick Dampier,Jason Kidd,Josh Howard,Shawn Marion,Kendrick Perkins,Paul Pierce,Rajon Rondo,Rasheed Wallace,Ray Allen,1,11:42,DAL,shot,,,,,,,,,,Josh Howard,,,,missed,,jump,32,11
Dirk Nowitzki,Erick Dampier,Jason Kidd,Josh Howard,Shawn Marion,Kendrick Perkins,Paul Pierce,Rajon Rondo,Rasheed Wallace,Ray Allen,1,11:41,BOS,rebound,,,,,,,,,,Rajon Rondo,,,,,,def,,
Dirk Nowitzki,Erick Dampier,Jason Kidd,Josh Howard,Shawn Marion,Kendrick Perkins,Paul Pierce,Rajon Rondo,Rasheed Wallace,Ray Allen,1,11:22,BOS,shot,,,,,,,,,,Rasheed Wallace,,,,missed,,dunk,26,7
Dirk Nowitzki,Erick Dampier,Jason Kidd,Josh Howard,Shawn Marion,Kendrick Perkins,Paul Pierce,Rajon Rondo,Rasheed Wallace,Ray Allen,1,11:21,DAL,rebound,,,,,,,,,,Josh Howard,,,,,,def,,
Dirk Nowitzki,Erick Dampier,Jason Kidd,Josh Howard,Shawn Marion,Kendrick Perkins,Paul Pierce,Rajon Rondo,Rasheed Wallace,Ray Allen,1,11:05,DAL,shot,,,,,,,,,,Dirk Nowitzki,,,,missed,,jump,7,8
Dirk Nowitzki,Erick Dampier,Jason Kidd,Josh Howard,Shawn Marion,Kendrick Perkins,Paul Pierce,Rajon Rondo,Rasheed Wallace,Ray Allen,1,11:04,BOS,rebound,,,,,,,,,,Kendrick Perkins,,,,,,def,,
Dirk Nowitzki,Erick Dampier,Jason Kidd,Josh Howard,Shawn Marion,Kendrick Perkins,Paul Pierce,Rajon Rondo,Rasheed Wallace,Ray Allen,1,10:52,BOS,shot,,,Erick Dampier,,,,,,,Kendrick Perkins,,,,missed,,jump,22,6
Dirk Nowitzki,Erick Dampier,Jason Kidd,Josh Howard,Shawn Marion,Kendrick Perkins,Paul Pierce,Rajon Rondo,Rasheed Wallace,Ray Allen,1,10:51,BOS,rebound,,,,,,,,,,Kendrick Perkins,,,,,,off,,
Dirk Nowitzki,Erick Dampier,Jason Kidd,Josh Howard,Shawn Marion,Kendrick Perkins,Paul Pierce,Rajon Rondo,Rasheed Wallace,Ray Allen,1,10:50,BOS,shot,,,,,,,,,,Kendrick Perkins,2,,,made,,putback layup,24,6
Dirk Nowitzki,Erick Dampier,Jason Kidd,Josh Howard,Shawn Marion,Kendrick Perkins,Paul Pierce,Rajon Rondo,Rasheed Wallace,Ray Allen,1,10:37,BOS,violation,,,,,,,,,,Kendrick Perkins,,,,,,defensive goaltending,,
Dirk Nowitzki,Erick Dampier,Jason Kidd,Josh Howard,Shawn Marion,Kendrick Perkins,Paul Pierce,Rajon Rondo,Rasheed Wallace,Ray Allen,1,10:37,DAL,shot,,,,,,,,,,Dirk Nowitzki,2,,,made,,running layup,26,8
Dirk Nowitzki,Erick Dampier,Jason Kidd,Josh Howard,Shawn Marion,Kendrick Perkins,Paul Pierce,Rajon Rondo,Rasheed Wallace,Ray Allen,1,10:20,BOS,shot,,,,,,,,,,Paul Pierce,,,,missed,,3pt,47,19
Dirk Nowitzki,Erick Dampier,Jason Kidd,Josh Howard,Shawn Marion,Kendrick Perkins,Paul Pierce,Rajon Rondo,Rasheed Wallace,Ray Allen,1,10:18,DAL,rebound,,,,,,,,,,Erick Dampier,,,,,,def,,
Dirk Nowitzki,Erick Dampier,Jason Kidd,Josh Howard,Shawn Marion,Kendrick Perkins,Paul Pierce,Rajon Rondo,Rasheed Wallace,Ray Allen,1,10:06,DAL,turnover,,,,,,,,,,Erick Dampier,,,bad pass,,Paul Pierce,,,
Dirk Nowitzki,Erick Dampier,Jason Kidd,Josh Howard,Shawn Marion,Kendrick Perkins,Paul Pierce,Rajon Rondo,Rasheed Wallace,Ray Allen,1,10:02,BOS,shot,,,,,,,,,,Paul Pierce,2,,,made,,driving layup,26,7
Dirk Nowitzki,Erick Dampier,Jason Kidd,Josh Howard,Shawn Marion,Kendrick Perkins,Paul Pierce,Rajon Rondo,Rasheed Wallace,Ray Allen,1,9:45,DAL,shot,,,,,,,,,,Josh Howard,,,,missed,,jump,18,14
Dirk Nowitzki,Erick Dampier,Jason Kidd,Josh Howard,Shawn Marion,Kendrick Perkins,Paul Pierce,Rajon Rondo,Rasheed Wallace,Ray Allen,1,9:43,BOS,rebound,,,,,,,,,,Kendrick Perkins,,,,,,def,,
Dirk Nowitzki,Erick Dampier,Jason Kidd,Josh Howard,Shawn Marion,Kendrick Perkins,Paul Pierce,Rajon Rondo,Rasheed Wallace,Ray Allen,1,9:35,BOS,shot,,,,,,,,,,Rajon Rondo,,,,missed,,floating jump,26,12
Dirk Nowitzki,Erick Dampier,Jason Kidd,Josh Howard,Shawn Marion,Kendrick Perkins,Paul Pierce,Rajon Rondo,Rasheed Wallace,Ray Allen,1,9:32,BOS,rebound,,,,,,,,,,Ray Allen,,,,,,off,,
Dirk Nowitzki,Erick Dampier,Jason Kidd,Josh Howard,Shawn Marion,Kendrick Perkins,Paul Pierce,Rajon Rondo,Rasheed Wallace,Ray Allen,1,9:09,BOS,shot,Rajon Rondo,,,,,,,,,Paul Pierce,2,,,made,,running jump,33,14
Dirk Nowitzki,Erick Dampier,Jason Kidd,Josh Howard,Shawn Marion,Kendrick Perkins,Paul Pierce,Rajon Rondo,Rasheed Wallace,Ray Allen,1,8:50,DAL,turnover,,,,,,,,,,Dirk Nowitzki,,,lost ball,,Rasheed Wallace,,,
Dirk Nowitzki,Erick Dampier,Jason Kidd,Josh Howard,Shawn Marion,Kendrick Perkins,Paul Pierce,Rajon Rondo,Rasheed Wallace,Ray Allen,1,8:44,BOS,shot,Rajon Rondo,,,,,,,,,Ray Allen,3,,,made,,3pt,46,18
Dirk Nowitzki,Erick Dampier,Jason Kidd,Josh Howard,Shawn Marion,Kendrick Perkins,Paul Pierce,Rajon Rondo,Rasheed Wallace,Ray Allen,1,8:41,DAL,timeout,,,,,,,,,,,,,,,,short,,
Dirk Nowitzki,Erick Dampier,Jason Kidd,Josh Howard,Shawn Marion,Kendrick Perkins,Paul Pierce,Rajon Rondo,Rasheed Wallace,Ray Allen,1,8:24,DAL,shot,Jason Kidd,,,,,,,,,Shawn Marion,2,,,made,,hook,25,16
Dirk Nowitzki,Erick Dampier,Jason Kidd,Josh Howard,Shawn Marion,Kendrick Perkins,Paul Pierce,Rajon Rondo,Rasheed Wallace,Ray Allen,1,8:00,BOS,shot,,,,,,,,,,Rajon Rondo,2,,,made,,pullup jump,37,21
Dirk Nowitzki,Erick Dampier,Jason Kidd,Josh Howard,Shawn Marion,Kendrick Perkins,Paul Pierce,Rajon Rondo,Rasheed Wallace,Ray Allen,1,7:50,DAL,shot,,,,,,,,,,Erick Dampier,,,,missed,,jump,22,5
Dirk Nowitzki,Erick Dampier,Jason Kidd,Josh Howard,Shawn Marion,Kendrick Perkins,Paul Pierce,Rajon Rondo,Rasheed Wallace,Ray Allen,1,7:50,BOS,rebound,,,,,,,,,,Paul Pierce,,,,,,def,,
Dirk Nowitzki,Erick Dampier,Jason Kidd,Josh Howard,Shawn Marion,Kendrick Perkins,Paul Pierce,Rajon Rondo,Rasheed Wallace,Ray Allen,1,7:48,BOS,foul,,,,,,,,Josh Howard,,Rasheed Wallace,,,,,,offensive,,
Dirk Nowitzki,Erick Dampier,Jason Kidd,Josh Howard,Shawn Marion,Kendrick Perkins,Paul Pierce,Rajon Rondo,Rasheed Wallace,Ray Allen,1,7:48,BOS,turnover,,,,,,,,,,Rasheed Wallace,,,foul,,,,,
Dirk Nowitzki,Erick Dampier,Jason Kidd,Josh Howard,Shawn Marion,Kendrick Perkins,Paul Pierce,Rajon Rondo,Rasheed Wallace,Ray Allen,1,7:48,BOS,violation,,,,,,,,,,,,,,,,delay of game,,
Dirk Nowitzki,Erick Dampier,Jason Kidd,Josh Howard,Shawn Marion,Kendrick Perkins,Paul Pierce,Rajon Rondo,Rasheed Wallace,Ray Allen,1,7:32,DAL,turnover,,,,,,,,,,Dirk Nowitzki,,,out of bounds lost ball turnover,,,,,
Dirk Nowitzki,Erick Dampier,Jason Kidd,Josh Howard,Shawn Marion,Kendrick Perkins,Paul Pierce,Rajon Rondo,Rasheed Wallace,Ray Allen,1,7:18,BOS,shot,,,,,,,,,,Paul Pierce,,,,missed,,jump,13,6
Dirk Nowitzki,Erick Dampier,Jason Kidd,Josh Howard,Shawn Marion,Kendrick Perkins,Paul Pierce,Rajon Rondo,Rasheed Wallace,Ray Allen,1,7:18,BOS,rebound,,,,,,,,,,,,,,,,,,
Dirk Nowitzki,Erick Dampier,Jason Kidd,Josh Howard,Shawn Marion,Kendrick Perkins,Paul Pierce,Rajon Rondo,Rasheed Wallace,Ray Allen,1,7:18,DAL,foul,,,,,,,,Kendrick Perkins,,Erick Dampier,,,,,,loose ball,,
Dirk Nowitzki,Erick Dampier,Jason Kidd,Josh Howard,Shawn Marion,Kendrick Perkins,Paul Pierce,Rajon Rondo,Rasheed Wallace,Ray Allen,1,7:12,BOS,shot,,,,,,,,,,Ray Allen,,,,missed,,3pt,47,17
Dirk Nowitzki,Erick Dampier,Jason Kidd,Josh Howard,Shawn Marion,Kendrick Perkins,Paul Pierce,Rajon Rondo,Rasheed Wallace,Ray Allen,1,7:09,DAL,rebound,,,,,,,,,,Erick Dampier,,,,,,def,,
Dirk Nowitzki,Erick Dampier,Jason Kidd,Josh Howard,Shawn Marion,Kendrick Perkins,Paul Pierce,Rajon Rondo,Rasheed Wallace,Ray Allen,1,6:57,DAL,shot,,,Rajon Rondo,,,,,,,Josh Howard,,,,missed,,layup,26,6
Dirk Nowitzki,Erick Dampier,Jason Kidd,Josh Howard,Shawn Marion,Kendrick Perkins,Paul Pierce,Rajon Rondo,Rasheed Wallace,Ray Allen,1,6:55,DAL,rebound,,,,,,,,,,Josh Howard,,,,,,off,,
Dirk Nowitzki,Erick Dampier,Jason Kidd,Josh Howard,Shawn Marion,Kendrick Perkins,Paul Pierce,Rajon Rondo,Rasheed Wallace,Ray Allen,1,6:52,DAL,shot,,,,,,,,,,Josh Howard,,,,missed,,putback layup,26,6
Dirk Nowitzki,Erick Dampier,Jason Kidd,Josh Howard,Shawn Marion,Kendrick Perkins,Paul Pierce,Rajon Rondo,Rasheed Wallace,Ray Allen,1,6:51,BOS,rebound,,,,,,,,,,Kendrick Perkins,,,,,,def,,
Dirk Nowitzki,Erick Dampier,Jason Kidd,Josh Howard,Shawn Marion,Kendrick Perkins,Paul Pierce,Rajon Rondo,Rasheed Wallace,Ray Allen,1,6:41,BOS,shot,,,,,,,,,,Rasheed Wallace,,,,missed,,3pt,8,23
Dirk Nowitzki,Erick Dampier,Jason Kidd,Josh Howard,Shawn Marion,Kendrick Perkins,Paul Pierce,Rajon Rondo,Rasheed Wallace,Ray Allen,1,6:39,DAL,rebound,,,,,,,,,,Shawn Marion,,,,,,def,,
Dirk Nowitzki,Erick Dampier,Jason Kidd,Josh Howard,Shawn Marion,Kendrick Perkins,Paul Pierce,Rajon Rondo,Rasheed Wallace,Ray Allen,1,6:30,DAL,shot,,,,,,,,,,Jason Kidd,3,,,made,,3pt,48,6
Dirk Nowitzki,Erick Dampier,Jason Kidd,Josh Howard,Shawn Marion,Kendrick Perkins,Paul Pierce,Rajon Rondo,Rasheed Wallace,Ray Allen,1,6:13,BOS,shot,,,,,,,,,,Rajon Rondo,,,,missed,,jump,22,7
Dirk Nowitzki,Erick Dampier,Jason Kidd,Josh Howard,Shawn Marion,Kendrick Perkins,Paul Pierce,Rajon Rondo,Rasheed Wallace,Ray Allen,1,6:12,DAL,rebound,,,,,,,,,,Erick Dampier,,,,,,def,,
Dirk Nowitzki,Erick Dampier,Jason Kidd,Josh Howard,Shawn Marion,Kendrick Perkins,Paul Pierce,Rajon Rondo,Rasheed Wallace,Ray Allen,1,6:08,DAL,turnover,,,,,,,,,,Jason Kidd,,,bad pass,,,,,
Dirk Nowitzki,Erick Dampier,Jason Kidd,Josh Howard,Shawn Marion,Kendrick Perkins,Paul Pierce,Rajon Rondo,Rasheed Wallace,Ray Allen,1,5:55,BOS,shot,Rajon Rondo,,,,,,,,,Ray Allen,2,,,made,,jump,41,5
Dirk Nowitzki,Erick Dampier,Jason Kidd,Josh Howard,Shawn Marion,Kendrick Perkins,Paul Pierce,Rajon Rondo,Rasheed Wallace,Ray Allen,1,5:31,DAL,shot,Josh Howard,,,,,,,,,Jason Kidd,3,,,made,,3pt,2,18
Dirk Nowitzki,Erick Dampier,Jason Kidd,Josh Howard,Shawn Marion,Kendrick Perkins,Paul Pierce,Rajon Rondo,Rasheed Wallace,Ray Allen,1,5:20,DAL,foul,,,,,,,,Paul Pierce,,Shawn Marion,,,,,,personal,,
Dirk Nowitzki,Erick Dampier,Jason Kidd,Josh Howard,Shawn Marion,Kendrick Perkins,Paul Pierce,Rajon Rondo,Rasheed Wallace,Ray Allen,1,5:20,BOS,timeout,,,,,,,,,,,,,,,,regular,,
Dirk Nowitzki,Erick Dampier,Jason Kidd,Josh Howard,Shawn Marion,Kendrick Perkins,Paul Pierce,Rajon Rondo,Rasheed Wallace,Ray Allen,1,5:10,BOS,shot,,,,,,,,,,Rasheed Wallace,,,,missed,,3pt,24,30
Dirk Nowitzki,Erick Dampier,Jason Kidd,Josh Howard,Shawn Marion,Kendrick Perkins,Paul Pierce,Rajon Rondo,Rasheed Wallace,Ray Allen,1,5:09,DAL,rebound,,,,,,,,,,Shawn Marion,,,,,,def,,
Dirk Nowitzki,Erick Dampier,Jason Kidd,Josh Howard,Shawn Marion,Kendrick Perkins,Paul Pierce,Rajon Rondo,Rasheed Wallace,Ray Allen,1,4:59,DAL,shot,,,,,,,,,,Dirk Nowitzki,,,,missed,,jump,7,7
Dirk Nowitzki,Erick Dampier,Jason Kidd,Josh Howard,Shawn Marion,Kendrick Perkins,Paul Pierce,Rajon Rondo,Rasheed Wallace,Ray Allen,1,4:58,BOS,rebound,,,,,,,,,,Kendrick Perkins,,,,,,def,,
Dirk Nowitzki,Erick Dampier,Jason Kidd,Josh Howard,Shawn Marion,Kendrick Perkins,Paul Pierce,Rajon Rondo,Rasheed Wallace,Ray Allen,1,4:40,BOS,shot,,,,,,,,,,Kendrick Perkins,2,,,made,,turnaround bank,31,10
Dirk Nowitzki,Erick Dampier,Jason Kidd,Josh Howard,Shawn Marion,Kendrick Perkins,Paul Pierce,Rajon Rondo,Rasheed Wallace,Ray Allen,1,4:23,DAL,shot,Jason Kidd,,,,,,,,,Dirk Nowitzki,2,,,made,,jump,11,16
Dirk Nowitzki,Erick Dampier,Jason Kidd,Josh Howard,Shawn Marion,Kendrick Perkins,Paul Pierce,Rajon Rondo,Rasheed Wallace,Ray Allen,1,4:09,BOS,shot,,,,,,,,,,Ray Allen,,,,missed,,jump,21,23
Dirk Nowitzki,Erick Dampier,Jason Kidd,Josh Howard,Shawn Marion,Kendrick Perkins,Paul Pierce,Rajon Rondo,Rasheed Wallace,Ray Allen,1,4:08,DAL,rebound,,,,,,,,,,Dirk Nowitzki,,,,,,def,,
Dirk Nowitzki,Erick Dampier,Jason Kidd,Jason Terry,Shawn Marion,Kendrick Perkins,Paul Pierce,Rajon Rondo,Rasheed Wallace,Ray Allen,1,4:01,DAL,sub,,,,Jason Terry,,Josh Howard,,,,,,,,,,,,
Dirk Nowitzki,Erick Dampier,Jason Kidd,Jason Terry,Shawn Marion,Kendrick Perkins,Paul Pierce,Rajon Rondo,Rasheed Wallace,Ray Allen,1,3:52,DAL,shot,,,,,,,,,,Jason Terry,,,,missed,,jump,4,14
Dirk Nowitzki,Erick Dampier,Jason Kidd,Jason Terry,Shawn Marion,Kendrick Perkins,Paul Pierce,Rajon Rondo,Rasheed Wallace,Ray Allen,1,3:50,BOS,rebound,,,,,,,,,,Kendrick Perkins,,,,,,def,,
Dirk Nowitzki,Erick Dampier,Jason Kidd,Jason Terry,Shawn Marion,Kendrick Perkins,Paul Pierce,Rajon Rondo,Rasheed Wallace,Ray Allen,1,3:41,BOS,shot,,,,,,,,,,Ray Allen,,,,missed,,jump,25,11
Dirk Nowitzki,Erick Dampier,Jason Kidd,Jason Terry,Shawn Marion,Kendrick Perkins,Paul Pierce,Rajon Rondo,Rasheed Wallace,Ray Allen,1,3:40,DAL,rebound,,,,,,,,,,Jason Terry,,,,,,def,,
Dirk Nowitzki,Erick Dampier,Jason Kidd,Jason Terry,Shawn Marion,Kendrick Perkins,Paul Pierce,Rajon Rondo,Rasheed Wallace,Ray Allen,1,3:32,BOS,foul,,,,,,,,Dirk Nowitzki,,Kendrick Perkins,,,,,,shooting,,
Dirk Nowitzki,Erick Dampier,Jason Kidd,Jason Terry,Shawn Marion,Kendrick Perkins,Paul Pierce,Rajon Rondo,Rasheed Wallace,Ray Allen,1,3:32,DAL,free throw,,,,,,,1,,2,Dirk Nowitzki,,,foul,made,,,,
Dirk Nowitzki,Erick Dampier,Jason Kidd,Jason Terry,Shawn Marion,Kendrick Perkins,Paul Pierce,Rajon Rondo,Rasheed Wallace,Ray Allen,1,3:32,DAL,free throw,,,,,,,2,,2,Dirk Nowitzki,,,foul,made,,,,
Dirk Nowitzki,Erick Dampier,Jason Kidd,Jason Terry,Shawn Marion,Kendrick Perkins,Paul Pierce,Rajon Rondo,Rasheed Wallace,Ray Allen,1,3:20,BOS,shot,,,,,,,,,,Paul Pierce,2,,,made,,jump,17,15
Dirk Nowitzki,Erick Dampier,Jason Kidd,Jason Terry,Shawn Marion,Kendrick Perkins,Paul Pierce,Rajon Rondo,Rasheed Wallace,Ray Allen,1,3:10,DAL,timeout,,,,,,,,,,,,,,,,regular,,
Dirk Nowitzki,Drew Gooden,Jason Kidd,Jason Terry,Shawn Marion,Kendrick Perkins,Paul Pierce,Rajon Rondo,Rasheed Wallace,Ray Allen,1,3:10,DAL,sub,,,,Drew Gooden,,Erick Dampier,,,,,,,,,,,,
Dirk Nowitzki,Drew Gooden,Jason Kidd,Jason Terry,Shawn Marion,Glen Davis,Paul Pierce,Rajon Rondo,Rasheed Wallace,Ray Allen,1,3:10,BOS,sub,,,,Glen Davis,,Kendrick Perkins,,,,,,,,,,,,
Dirk Nowitzki,Drew Gooden,Jason Kidd,Jason Terry,Shawn Marion,Glen Davis,Paul Pierce,Rajon Rondo,Rasheed Wallace,Ray Allen,1,2:58,DAL,shot,,,,,,,,,,Jason Kidd,2,,,made,,jump,29,6
Dirk Nowitzki,Drew Gooden,Jason Kidd,Jason Terry,Shawn Marion,Glen Davis,Paul Pierce,Rajon Rondo,Rasheed Wallace,Ray Allen,1,2:42,BOS,turnover,,,,,,,,,,Paul Pierce,,,traveling,,,,,
Dirk Nowitzki,Drew Gooden,Jason Kidd,Jason Terry,Shawn Marion,Glen Davis,Paul Pierce,Rajon Rondo,Rasheed Wallace,Ray Allen,1,2:27,DAL,shot,Jason Kidd,,,,,,,,,Drew Gooden,2,,,made,,hook,25,10
Dirk Nowitzki,Drew Gooden,Jason Kidd,Jason Terry,Shawn Marion,Glen Davis,Paul Pierce,Rajon Rondo,Rasheed Wallace,Ray Allen,1,2:01,BOS,shot,,,,,,,,,,Paul Pierce,,,,missed,,jump,22,10
Dirk Nowitzki,Drew Gooden,Jason Kidd,Jason Terry,Shawn Marion,Glen Davis,Paul Pierce,Rajon Rondo,Rasheed Wallace,Ray Allen,1,1:59,DAL,rebound,,,,,,,,,,Drew Gooden,,,,,,def,,
Dirk Nowitzki,Drew Gooden,Jason Kidd,Jason Terry,Shawn Marion,Glen Davis,Paul Pierce,Rajon Rondo,Rasheed Wallace,Ray Allen,1,1:53,DAL,shot,Drew Gooden,,,,,,,,,Dirk Nowitzki,2,,,made,,layup,25,8
Dirk Nowitzki,Drew Gooden,Jason Kidd,Jason Terry,Shawn Marion,Glen Davis,Paul Pierce,Rajon Rondo,Rasheed Wallace,Ray Allen,1,1:38,BOS,shot,,,,,,,,,,Rajon Rondo,2,,,made,,jump,21,26
Dirk Nowitzki,Drew Gooden,Jason Kidd,Jason Terry,Shawn Marion,Glen Davis,Paul Pierce,Rajon Rondo,Rasheed Wallace,Ray Allen,1,1:17,DAL,shot,,,,,,,,,,Jason Kidd,,,,missed,,jump,36,9
Dirk Nowitzki,Drew Gooden,Jason Kidd,Jason Terry,Shawn Marion,Glen Davis,Paul Pierce,Rajon Rondo,Rasheed Wallace,Ray Allen,1,1:16,BOS,rebound,,,,,,,,,,Glen Davis,,,,,,def,,
Dirk Nowitzki,Drew Gooden,Jason Kidd,Jason Terry,Shawn Marion,Glen Davis,Paul Pierce,Rajon Rondo,Rasheed Wallace,Ray Allen,1,1:10,BOS,shot,Rajon Rondo,,,,,,,,,Paul Pierce,2,,,made,,running dunk,25,7
Dirk Nowitzki,Drew Gooden,Jason Kidd,Jason Terry,Shawn Marion,Glen Davis,Paul Pierce,Rajon Rondo,Rasheed Wallace,Ray Allen,1,0:57,DAL,turnover,,,,,,,,,,Drew Gooden,,,bad pass,,Paul Pierce,,,
Dirk Nowitzki,Drew Gooden,Jason Kidd,Jason Terry,Shawn Marion,Glen Davis,Paul Pierce,Rajon Rondo,Rasheed Wallace,Ray Allen,1,0:53,DAL,foul,,,,,,,,Paul Pierce,,Drew Gooden,,,,,,shooting,,
Dirk Nowitzki,Drew Gooden,Jason Kidd,Jason Terry,Shawn Marion,Eddie House,Glen Davis,Paul Pierce,Rajon Rondo,Rasheed Wallace,1,0:53,BOS,sub,,,,Eddie House,,Ray Allen,,,,,,,,,,,,
Dirk Nowitzki,Drew Gooden,Jason Terry,Jose Juan Barea,Shawn Marion,Eddie House,Glen Davis,Paul Pierce,Rajon Rondo,Rasheed Wallace,1,0:53,DAL,sub,,,,Jose Juan Barea,,Jason Kidd,,,,,,,,,,,,
Dirk Nowitzki,Drew Gooden,Jason Terry,Jose Juan Barea,Shawn Marion,Eddie House,Glen Davis,Paul Pierce,Rajon Rondo,Rasheed Wallace,1,0:53,BOS,free throw,,,,,,,1,,2,Paul Pierce,,,foul,missed,,,,
Dirk Nowitzki,Drew Gooden,Jason Terry,Jose Juan Barea,Shawn Marion,Eddie House,Glen Davis,Paul Pierce,Rajon Rondo,Rasheed Wallace,1,0:53,BOS,rebound,,,,,,,,,,,,,,,,,,
Dirk Nowitzki,Drew Gooden,Jason Terry,Jose Juan Barea,Shawn Marion,Eddie House,Glen Davis,Paul Pierce,Rasheed Wallace,Tony Allen,1,0:53,BOS,sub,,,,Tony Allen,,Rajon Rondo,,,,,,,,,,,,
Dirk Nowitzki,Drew Gooden,Jason Terry,Jose Juan Barea,Josh Howard,Eddie House,Glen Davis,Paul Pierce,Rasheed Wallace,Tony Allen,1,0:53,DAL,sub,,,,Josh Howard,,Shawn Marion,,,,,,,,,,,,
Dirk Nowitzki,Drew Gooden,Jason Terry,Jose Juan Barea,Josh Howard,Eddie House,Glen Davis,Paul Pierce,Rasheed Wallace,Tony Allen,1,0:53,BOS,free throw,,,,,,,2,,2,Paul Pierce,,,foul,missed,,,,
Dirk Nowitzki,Drew Gooden,Jason Terry,Jose Juan Barea,Josh Howard,Eddie House,Glen Davis,Paul Pierce,Rasheed Wallace,Tony Allen,1,0:52,BOS,rebound,,,,,,,,,,Glen Davis,,,,,,off,,
Dirk Nowitzki,Drew Gooden,Jason Terry,Jose Juan Barea,Josh Howard,Eddie House,Glen Davis,Paul Pierce,Rasheed Wallace,Tony Allen,1,0:52,DAL,foul,,,,,,,,Glen Davis,,Josh Howard,,,,,,personal,,
Dirk Nowitzki,Drew Gooden,Jason Terry,Jose Juan Barea,Josh Howard,Eddie House,Glen Davis,Paul Pierce,Rasheed Wallace,Tony Allen,1,0:52,BOS,free throw,,,,,,,1,,2,Glen Davis,,,foul,missed,,,,
Dirk Nowitzki,Drew Gooden,Jason Terry,Jose Juan Barea,Josh Howard,Eddie House,Glen Davis,Paul Pierce,Rasheed Wallace,Tony Allen,1,0:52,BOS,rebound,,,,,,,,,,,,,,,,,,
Dirk Nowitzki,Drew Gooden,Jason Terry,Jose Juan Barea,Josh Howard,Eddie House,Glen Davis,Paul Pierce,Rasheed Wallace,Tony Allen,1,0:52,BOS,free throw,,,,,,,2,,2,Glen Davis,,,foul,made,,,,
Dirk Nowitzki,Drew Gooden,Jason Terry,Jose Juan Barea,Josh Howard,Eddie House,Glen Davis,Paul Pierce,Rasheed Wallace,Tony Allen,1,0:31,DAL,shot,,,Paul Pierce,,,,,,,Drew Gooden,,,,missed,,layup,24,7
Dirk Nowitzki,Drew Gooden,Jason Terry,Jose Juan Barea,Josh Howard,Eddie House,Glen Davis,Paul Pierce,Rasheed Wallace,Tony Allen,1,0:30,BOS,rebound,,,,,,,,,,Rasheed Wallace,,,,,,def,,
Dirk Nowitzki,Drew Gooden,Jason Terry,Jose Juan Barea,Josh Howard,Eddie House,Glen Davis,Paul Pierce,Rasheed Wallace,Tony Allen,1,0:23,BOS,shot,Tony Allen,,,,,,,,,Paul Pierce,2,,,made,,layup,26,7
Dirk Nowitzki,Drew Gooden,Jason Terry,Jose Juan Barea,Josh Howard,Eddie House,Glen Davis,Paul Pierce,Rasheed Wallace,Tony Allen,1,0:23,DAL,foul,,,,,,,,Paul Pierce,,Josh Howard,,,,,,shooting,,
Dirk Nowitzki,Drew Gooden,Jason Terry,Jose Juan Barea,Josh Howard,Eddie House,Glen Davis,Paul Pierce,Rasheed Wallace,Tony Allen,1,0:23,BOS,free throw,,,,,,,1,,1,Paul Pierce,,,foul,made,,,,
Dirk Nowitzki,Drew Gooden,Jason Terry,Jose Juan Barea,Josh Howard,Eddie House,Glen Davis,Paul Pierce,Rasheed Wallace,Tony Allen,1,0:06,BOS,foul,,,,,,,,Jason Terry,,Tony Allen,,,,,,personal,,
Dirk Nowitzki,Drew Gooden,Jason Terry,Jose Juan Barea,Josh Howard,Eddie House,Glen Davis,Paul Pierce,Rasheed Wallace,Tony Allen,1,0:00,DAL,shot,,,,,,,,,,Jason Terry,,,,missed,,jump,8,16
Dirk Nowitzki,Drew Gooden,Jason Terry,Jose Juan Barea,Josh Howard,Eddie House,Glen Davis,Paul Pierce,Rasheed Wallace,Tony Allen,1,0:00,BOS,rebound,,,,,,,,,,Glen Davis,,,,,,def,,
Dirk Nowitzki,Drew Gooden,Jason Terry,Jose Juan Barea,Josh Howard,Eddie House,Glen Davis,Paul Pierce,Rasheed Wallace,Tony Allen,2,11:45,BOS,turnover,,,,,,,,,,Paul Pierce,,,bad pass,,,,,
Dirk Nowitzki,Drew Gooden,Jason Terry,Jose Juan Barea,Josh Howard,Eddie House,Glen Davis,Paul Pierce,Rasheed Wallace,Tony Allen,2,11:31,BOS,foul,,,,,,,,Dirk Nowitzki,,Paul Pierce,,,,,,shooting,,
Dirk Nowitzki,Drew Gooden,Jason Terry,Jose Juan Barea,Josh Howard,Eddie House,Glen Davis,Paul Pierce,Rasheed Wallace,Tony Allen,2,11:31,DAL,free throw,,,,,,,1,,2,Dirk Nowitzki,,,foul,made,,,,
Dirk Nowitzki,Drew Gooden,Jason Terry,Jose Juan Barea,Josh Howard,Eddie House,Glen Davis,Rasheed Wallace,Ray Allen,Tony Allen,2,11:31,BOS,sub,,,,Ray Allen,,Paul Pierce,,,,,,,,,,,,
Dirk Nowitzki,Drew Gooden,Jason Terry,Jose Juan Barea,Josh Howard,Eddie House,Glen Davis,Rasheed Wallace,Ray Allen,Tony Allen,2,11:31,DAL,free throw,,,,,,,2,,2,Dirk Nowitzki,,,foul,missed,,,,
Dirk Nowitzki,Drew Gooden,Jason Terry,Jose Juan Barea,Josh Howard,Eddie House,Glen Davis,Rasheed Wallace,Ray Allen,Tony Allen,2,11:30,BOS,rebound,,,,,,,,,,Glen Davis,,,,,,def,,
Dirk Nowitzki,Drew Gooden,Jason Terry,Jose Juan Barea,Josh Howard,Eddie House,Glen Davis,Rasheed Wallace,Ray Allen,Tony Allen,2,11:14,BOS,shot,,,,,,,,,,Rasheed Wallace,2,,,made,,layup,28,6
Dirk Nowitzki,Drew Gooden,Jason Terry,Jose Juan Barea,Josh Howard,Eddie House,Glen Davis,Rasheed Wallace,Ray Allen,Tony Allen,2,10:53,DAL,shot,,,,,,,,,,Drew Gooden,2,,,made,,jump,27,9
Dirk Nowitzki,Drew Gooden,Jason Terry,Jose Juan Barea,Josh Howard,Eddie House,Glen Davis,Rasheed Wallace,Ray Allen,Tony Allen,2,10:40,DAL,foul,,,,,,,,Rasheed Wallace,,Dirk Nowitzki,,,,,,personal,,
Drew Gooden,Jason Terry,Jose Juan Barea,Josh Howard,Shawn Marion,Eddie House,Glen Davis,Rasheed Wallace,Ray Allen,Tony Allen,2,10:40,DAL,sub,,,,Shawn Marion,,Dirk Nowitzki,,,,,,,,,,,,
Drew Gooden,Jason Terry,Jose Juan Barea,Josh Howard,Shawn Marion,Eddie House,Glen Davis,Rasheed Wallace,Ray Allen,Tony Allen,2,10:33,BOS,shot,,,Drew Gooden,,,,,,,Rasheed Wallace,,,,missed,,layup,26,7
Drew Gooden,Jason Terry,Jose Juan Barea,Josh Howard,Shawn Marion,Eddie House,Glen Davis,Rasheed Wallace,Ray Allen,Tony Allen,2,10:32,DAL,rebound,,,,,,,,,,Jose Juan Barea,,,,,,def,,
Drew Gooden,Jason Terry,Jose Juan Barea,Josh Howard,Shawn Marion,Eddie House,Glen Davis,Rasheed Wallace,Ray Allen,Tony Allen,2,10:28,BOS,foul,,,,,,,,Jose Juan Barea,,Eddie House,,,,,,shooting,,
Drew Gooden,Jason Terry,Jose Juan Barea,Josh Howard,Shawn Marion,Eddie House,Glen Davis,Rasheed Wallace,Ray Allen,Tony Allen,2,10:28,DAL,free throw,,,,,,,1,,2,Jose Juan Barea,,,foul,missed,,,,
Drew Gooden,Jason Terry,Jose Juan Barea,Josh Howard,Shawn Marion,Eddie House,Glen Davis,Rasheed Wallace,Ray Allen,Tony Allen,2,10:28,DAL,rebound,,,,,,,,,,,,,,,,,,
Drew Gooden,Jason Terry,Jose Juan Barea,Josh Howard,Shawn Marion,Eddie House,Glen Davis,Rasheed Wallace,Ray Allen,Tony Allen,2,10:28,DAL,free throw,,,,,,,2,,2,Jose Juan Barea,,,foul,made,,,,
Drew Gooden,Jason Terry,Jose Juan Barea,Josh Howard,Shawn Marion,Eddie House,Glen Davis,Rasheed Wallace,Ray Allen,Tony Allen,2,10:10,BOS,shot,,,,,,,,,,Ray Allen,,,,missed,,jump,24,13
Drew Gooden,Jason Terry,Jose Juan Barea,Josh Howard,Shawn Marion,Eddie House,Glen Davis,Rasheed Wallace,Ray Allen,Tony Allen,2,10:09,DAL,rebound,,,,,,,,,,Drew Gooden,,,,,,def,,
Drew Gooden,Jason Terry,Jose Juan Barea,Josh Howard,Shawn Marion,Eddie House,Glen Davis,Rasheed Wallace,Ray Allen,Tony Allen,2,10:01,BOS,foul,,,,,,,,Josh Howard,,Tony Allen,,,,,,personal,,
Drew Gooden,Jason Terry,Jose Juan Barea,Josh Howard,Shawn Marion,Brian Scalabrine,Eddie House,Glen Davis,Ray Allen,Tony Allen,2,10:01,BOS,sub,,,,Brian Scalabrine,,Rasheed Wallace,,,,,,,,,,,,
Drew Gooden,Jason Terry,Jose Juan Barea,Josh Howard,Shawn Marion,Brian Scalabrine,Eddie House,Glen Davis,Ray Allen,Tony Allen,2,9:50,DAL,shot,,,,,,,,,,Jason Terry,,,,missed,,finger roll layup,23,7
Drew Gooden,Jason Terry,Jose Juan Barea,Josh Howard,Shawn Marion,Brian Scalabrine,Eddie House,Glen Davis,Ray Allen,Tony Allen,2,9:49,BOS,rebound,,,,,,,,,,Brian Scalabrine,,,,,,def,,
Drew Gooden,Jason Terry,Jose Juan Barea,Josh Howard,Shawn Marion,Brian Scalabrine,Eddie House,Glen Davis,Ray Allen,Tony Allen,2,9:38,BOS,shot,,,,,,,,,,Glen Davis,,,,missed,,alley oop layup,22,7
Drew Gooden,Jason Terry,Jose Juan Barea,Josh Howard,Shawn Marion,Brian Scalabrine,Eddie House,Glen Davis,Ray Allen,Tony Allen,2,9:37,DAL,rebound,,,,,,,,,,Josh Howard,,,,,,def,,
Drew Gooden,Jason Terry,Jose Juan Barea,Josh Howard,Shawn Marion,Brian Scalabrine,Eddie House,Glen Davis,Ray Allen,Tony Allen,2,9:14,DAL,turnover,,,,,,,,,,,,,shot clock turnover,,,,,
Drew Gooden,Jason Terry,Jose Juan Barea,Josh Howard,Shawn Marion,Brian Scalabrine,Eddie House,Glen Davis,Ray Allen,Tony Allen,2,8:59,BOS,shot,,,,,,,,,,Eddie House,,,,missed,,jump,43,15
Drew Gooden,Jason Terry,Jose Juan Barea,Josh Howard,Shawn Marion,Brian Scalabrine,Eddie House,Glen Davis,Ray Allen,Tony Allen,2,8:56,DAL,rebound,,,,,,,,,,,,,,,,,,
Drew Gooden,Jason Terry,Jose Juan Barea,Josh Howard,Shawn Marion,Brian Scalabrine,Eddie House,Glen Davis,Ray Allen,Tony Allen,2,8:56,DAL,timeout,,,,,,,,,,,,,,,,official,,
Drew Gooden,Jason Terry,Jose Juan Barea,Josh Howard,Shawn Marion,Brian Scalabrine,Eddie House,Glen Davis,Ray Allen,Tony Allen,2,8:36,DAL,shot,Drew Gooden,,,,,,,,,Josh Howard,2,,,made,,reverse layup,25,6
Drew Gooden,Jason Terry,Jose Juan Barea,Josh Howard,Shawn Marion,Brian Scalabrine,Eddie House,Glen Davis,Ray Allen,Tony Allen,2,8:22,DAL,foul,,,,,,,,Glen Davis,,Drew Gooden,,,,,,personal,,
Drew Gooden,Jason Terry,Jose Juan Barea,Josh Howard,Shawn Marion,Brian Scalabrine,Eddie House,Glen Davis,Ray Allen,Tony Allen,2,8:10,BOS,shot,Tony Allen,,,,,,,,,Eddie House,2,,,made,,jump,44,17
Drew Gooden,Jason Terry,Jose Juan Barea,Josh Howard,Shawn Marion,Brian Scalabrine,Eddie House,Glen Davis,Ray Allen,Tony Allen,2,7:49,DAL,turnover,,,,,,,,,,Jason Terry,,,bad pass,,,,,
Drew Gooden,Jason Terry,Jose Juan Barea,Josh Howard,Shawn Marion,Brian Scalabrine,Eddie House,Glen Davis,Ray Allen,Tony Allen,2,7:37,BOS,shot,Brian Scalabrine,,,,,,,,,Eddie House,2,,,made,,jump,14,26
Drew Gooden,Jason Terry,Jose Juan Barea,Josh Howard,Shawn Marion,Brian Scalabrine,Eddie House,Glen Davis,Ray Allen,Tony Allen,2,7:31,DAL,timeout,,,,,,,,,,,,,,,,regular,,
Dirk Nowitzki,Drew Gooden,Jason Terry,Jose Juan Barea,Shawn Marion,Brian Scalabrine,Eddie House,Glen Davis,Ray Allen,Tony Allen,2,7:31,DAL,sub,,,,Dirk Nowitzki,,Josh Howard,,,,,,,,,,,,
Dirk Nowitzki,Drew Gooden,Jason Kidd,Jason Terry,Shawn Marion,Brian Scalabrine,Eddie House,Glen Davis,Ray Allen,Tony Allen,2,7:31,DAL,sub,,,,Jason Kidd,,Jose Juan Barea,,,,,,,,,,,,
Dirk Nowitzki,Drew Gooden,Jason Kidd,Jason Terry,Shawn Marion,Brian Scalabrine,Eddie House,Glen Davis,Ray Allen,Tony Allen,2,7:22,BOS,foul,,,,,,,,Dirk Nowitzki,,Brian Scalabrine,,,,,,personal,,
Dirk Nowitzki,Drew Gooden,Jason Kidd,Jason Terry,Shawn Marion,Brian Scalabrine,Eddie House,Glen Davis,Ray Allen,Tony Allen,2,7:11,DAL,shot,Jason Kidd,,,,,,,,,Drew Gooden,2,,,made,,jump,45,10
Dirk Nowitzki,Drew Gooden,Jason Kidd,Jason Terry,Shawn Marion,Brian Scalabrine,Eddie House,Glen Davis,Ray Allen,Tony Allen,2,6:52,BOS,shot,Tony Allen,,,,,,,,,Glen Davis,2,,,made,,layup,26,7
Dirk Nowitzki,Drew Gooden,Jason Kidd,Jason Terry,Shawn Marion,Brian Scalabrine,Eddie House,Glen Davis,Ray Allen,Tony Allen,2,6:28,DAL,shot,Jason Kidd,,,,,,,,,Dirk Nowitzki,2,,,made,,finger roll layup,23,9
Dirk Nowitzki,Drew Gooden,Jason Kidd,Jason Terry,Shawn Marion,Brian Scalabrine,Eddie House,Glen Davis,Ray Allen,Tony Allen,2,6:10,BOS,shot,Ray Allen,,,,,,,,,Brian Scalabrine,2,,,made,,jump,5,16
Dirk Nowitzki,Drew Gooden,Jason Kidd,Jason Terry,Shawn Marion,Brian Scalabrine,Eddie House,Glen Davis,Ray Allen,Tony Allen,2,5:54,DAL,shot,,,,,,,,,,Dirk Nowitzki,,,,missed,,turnaround fade away,35,7
Dirk Nowitzki,Drew Gooden,Jason Kidd,Jason Terry,Shawn Marion,Brian Scalabrine,Eddie House,Glen Davis,Ray Allen,Tony Allen,2,5:53,BOS,rebound,,,,,,,,,,Tony Allen,,,,,,def,,
Dirk Nowitzki,Drew Gooden,Jason Kidd,Jason Terry,Shawn Marion,Brian Scalabrine,Eddie House,Glen Davis,Ray Allen,Tony Allen,2,5:49,DAL,foul,,,,,,,,,,Carlisle,,,,,,technical,,
Dirk Nowitzki,Drew Gooden,Jason Kidd,Jason Terry,Shawn Marion,Brian Scalabrine,Eddie House,Glen Davis,Ray Allen,Tony Allen,2,5:49,BOS,free throw,,,,,,,1,,1,Ray Allen,,,technical,made,,,,
Dirk Nowitzki,Drew Gooden,Jason Kidd,Jason Terry,Shawn Marion,Brian Scalabrine,Eddie House,Rajon Rondo,Ray Allen,Tony Allen,2,5:49,BOS,sub,,,,Rajon Rondo,,Glen Davis,,,,,,,,,,,,
Dirk Nowitzki,Drew Gooden,Jason Kidd,Jason Terry,Shawn Marion,Brian Scalabrine,Rajon Rondo,Rasheed Wallace,Ray Allen,Tony Allen,2,5:49,BOS,sub,,,,Rasheed Wallace,,Eddie House,,,,,,,,,,,,
Dirk Nowitzki,Drew Gooden,Jason Kidd,Jason Terry,Shawn Marion,Kendrick Perkins,Rajon Rondo,Rasheed Wallace,Ray Allen,Tony Allen,2,5:49,BOS,sub,,,,Kendrick Perkins,,Brian Scalabrine,,,,,,,,,,,,
Dirk Nowitzki,Drew Gooden,Jason Kidd,Jason Terry,Shawn Marion,Kendrick Perkins,Rajon Rondo,Rasheed Wallace,Ray Allen,Tony Allen,2,5:38,BOS,shot,Ray Allen,,,,,,,,,Rasheed Wallace,2,,,made,,fade away jumper,25,10
Dirk Nowitzki,Drew Gooden,Jason Kidd,Jason Terry,Shawn Marion,Kendrick Perkins,Rajon Rondo,Rasheed Wallace,Ray Allen,Tony Allen,2,5:38,DAL,foul,,,,,,,,Rasheed Wallace,,Dirk Nowitzki,,,,,,shooting,,
Dirk Nowitzki,Drew Gooden,Jason Kidd,Jason Terry,Shawn Marion,Kendrick Perkins,Rajon Rondo,Rasheed Wallace,Ray Allen,Tony Allen,2,5:38,BOS,free throw,,,,,,,1,,1,Rasheed Wallace,,,foul,missed,,,,
Dirk Nowitzki,Drew Gooden,Jason Kidd,Jason Terry,Shawn Marion,Kendrick Perkins,Rajon Rondo,Rasheed Wallace,Ray Allen,Tony Allen,2,5:37,DAL,rebound,,,,,,,,,,Dirk Nowitzki,,,,,,def,,
Dirk Nowitzki,Drew Gooden,Jason Kidd,Jason Terry,Shawn Marion,Kendrick Perkins,Rajon Rondo,Rasheed Wallace,Ray Allen,Tony Allen,2,5:24,BOS,foul,,,,,,,,Drew Gooden,,Rajon Rondo,,,,,,shooting,,
Dirk Nowitzki,Drew Gooden,Jason Kidd,Jason Terry,Shawn Marion,Kendrick Perkins,Rajon Rondo,Rasheed Wallace,Ray Allen,Tony Allen,2,5:24,DAL,free throw,,,,,,,1,,2,Drew Gooden,,,foul,made,,,,
Dirk Nowitzki,Drew Gooden,Jason Kidd,Jason Terry,Shawn Marion,Kendrick Perkins,Rajon Rondo,Rasheed Wallace,Ray Allen,Tony Allen,2,5:24,DAL,free throw,,,,,,,2,,2,Drew Gooden,,,foul,made,,,,
Dirk Nowitzki,Drew Gooden,Jason Kidd,Jason Terry,Shawn Marion,Kendrick Perkins,Rajon Rondo,Rasheed Wallace,Ray Allen,Tony Allen,2,5:08,DAL,foul,,,,,,,,Rajon Rondo,,Jason Kidd,,,,,,shooting,,
Dirk Nowitzki,Drew Gooden,Jason Kidd,Jason Terry,Shawn Marion,Kendrick Perkins,Rajon Rondo,Rasheed Wallace,Ray Allen,Tony Allen,2,5:08,BOS,free throw,,,,,,,1,,2,Rajon Rondo,,,foul,missed,,,,
Dirk Nowitzki,Drew Gooden,Jason Kidd,Jason Terry,Shawn Marion,Kendrick Perkins,Rajon Rondo,Rasheed Wallace,Ray Allen,Tony Allen,2,5:08,BOS,rebound,,,,,,,,,,,,,,,,,,
Dirk Nowitzki,Drew Gooden,Jason Kidd,Jason Terry,Shawn Marion,Kendrick Perkins,Rajon Rondo,Rasheed Wallace,Ray Allen,Tony Allen,2,5:08,BOS,free throw,,,,,,,2,,2,Rajon Rondo,,,foul,made,,,,
Dirk Nowitzki,Drew Gooden,Jason Kidd,Jason Terry,Shawn Marion,Kendrick Perkins,Rajon Rondo,Rasheed Wallace,Ray Allen,Tony Allen,2,4:55,DAL,shot,,,,,,,,,,Dirk Nowitzki,,,,missed,,jump,13,22
Dirk Nowitzki,Drew Gooden,Jason Kidd,Jason Terry,Shawn Marion,Kendrick Perkins,Rajon Rondo,Rasheed Wallace,Ray Allen,Tony Allen,2,4:54,BOS,rebound,,,,,,,,,,Kendrick Perkins,,,,,,def,,
Dirk Nowitzki,Drew Gooden,Jason Kidd,Jason Terry,Shawn Marion,Kendrick Perkins,Rajon Rondo,Rasheed Wallace,Ray Allen,Tony Allen,2,4:40,BOS,turnover,,,,,,,,,,Kendrick Perkins,,,bad pass,,,,,
Dirk Nowitzki,Drew Gooden,Jason Kidd,Jason Terry,Shawn Marion,Kendrick Perkins,Rajon Rondo,Rasheed Wallace,Ray Allen,Tony Allen,2,4:31,DAL,shot,Jason Kidd,,,,,,,,,Shawn Marion,2,,,made,,layup,23,7
Dirk Nowitzki,Drew Gooden,Jason Kidd,Jason Terry,Shawn Marion,Kendrick Perkins,Rajon Rondo,Rasheed Wallace,Ray Allen,Tony Allen,2,4:22,BOS,timeout,,,,,,,,,,,,,,,,regular,,
Dirk Nowitzki,Drew Gooden,Jason Kidd,Jason Terry,Shawn Marion,Kendrick Perkins,Paul Pierce,Rajon Rondo,Rasheed Wallace,Ray Allen,2,4:22,BOS,sub,,,,Paul Pierce,,Tony Allen,,,,,,,,,,,,
Dirk Nowitzki,Drew Gooden,Jason Kidd,Jason Terry,Shawn Marion,Kendrick Perkins,Paul Pierce,Rajon Rondo,Rasheed Wallace,Ray Allen,2,4:14,BOS,shot,Rajon Rondo,,,,,,,,,Ray Allen,3,,,made,,3pt,2,14
Dirk Nowitzki,Drew Gooden,Jason Kidd,Jason Terry,Shawn Marion,Kendrick Perkins,Paul Pierce,Rajon Rondo,Rasheed Wallace,Ray Allen,2,3:56,DAL,shot,,,,,,,,,,Jason Terry,,,,missed,,3pt,5,19
Dirk Nowitzki,Drew Gooden,Jason Kidd,Jason Terry,Shawn Marion,Kendrick Perkins,Paul Pierce,Rajon Rondo,Rasheed Wallace,Ray Allen,2,3:55,BOS,rebound,,,,,,,,,,Kendrick Perkins,,,,,,def,,
Dirk Nowitzki,Drew Gooden,Jason Kidd,Jason Terry,Shawn Marion,Kendrick Perkins,Paul Pierce,Rajon Rondo,Rasheed Wallace,Ray Allen,2,3:39,BOS,shot,Rajon Rondo,,,,,,,,,Kendrick Perkins,2,,,made,,layup,23,7
Dirk Nowitzki,Drew Gooden,Jason Kidd,Jason Terry,Shawn Marion,Kendrick Perkins,Paul Pierce,Rajon Rondo,Rasheed Wallace,Ray Allen,2,3:19,BOS,foul,,,,,,,,Dirk Nowitzki,,Rasheed Wallace,,,,,,personal,,
Dirk Nowitzki,Drew Gooden,Jason Kidd,Jason Terry,Shawn Marion,Kendrick Perkins,Paul Pierce,Rajon Rondo,Rasheed Wallace,Ray Allen,2,3:19,DAL,free throw,,,,,,,1,,2,Dirk Nowitzki,,,foul,made,,,,
Dirk Nowitzki,Drew Gooden,Jason Kidd,Jason Terry,Shawn Marion,Kendrick Perkins,Paul Pierce,Rajon Rondo,Rasheed Wallace,Ray Allen,2,3:19,DAL,free throw,,,,,,,2,,2,Dirk Nowitzki,,,foul,made,,,,
Dirk Nowitzki,Drew Gooden,Jason Kidd,Jason Terry,Shawn Marion,Kendrick Perkins,Paul Pierce,Rajon Rondo,Rasheed Wallace,Ray Allen,2,2:56,BOS,shot,,,,,,,,,,Rasheed Wallace,,,,missed,,jump,24,11
Dirk Nowitzki,Drew Gooden,Jason Kidd,Jason Terry,Shawn Marion,Kendrick Perkins,Paul Pierce,Rajon Rondo,Rasheed Wallace,Ray Allen,2,2:55,DAL,rebound,,,,,,,,,,Jason Kidd,,,,,,def,,
Dirk Nowitzki,Drew Gooden,Jason Kidd,Jason Terry,Shawn Marion,Kendrick Perkins,Paul Pierce,Rajon Rondo,Rasheed Wallace,Ray Allen,2,2:29,DAL,shot,,,,,,,,,,Jason Terry,,,,missed,,3pt,23,31
Dirk Nowitzki,Drew Gooden,Jason Kidd,Jason Terry,Shawn Marion,Kendrick Perkins,Paul Pierce,Rajon Rondo,Rasheed Wallace,Ray Allen,2,2:28,BOS,rebound,,,,,,,,,,Rasheed Wallace,,,,,,def,,
Dirk Nowitzki,Drew Gooden,Jason Kidd,Jason Terry,Shawn Marion,Kendrick Perkins,Paul Pierce,Rajon Rondo,Rasheed Wallace,Ray Allen,2,2:12,BOS,turnover,,,,,,,,,,Rajon Rondo,,,bad pass,,,,,
Dirk Nowitzki,Drew Gooden,Jason Kidd,Jason Terry,Shawn Marion,Kendrick Perkins,Paul Pierce,Rajon Rondo,Rasheed Wallace,Ray Allen,2,1:55,DAL,shot,Dirk Nowitzki,,,,,,,,,Drew Gooden,2,,,made,,layup,27,7
Dirk Nowitzki,Drew Gooden,Jason Kidd,Jason Terry,Shawn Marion,Kendrick Perkins,Paul Pierce,Rajon Rondo,Rasheed Wallace,Ray Allen,2,1:32,BOS,shot,Ray Allen,,,,,,,,,Kendrick Perkins,2,,,made,,layup,23,6
Dirk Nowitzki,Drew Gooden,Jason Kidd,Jason Terry,Shawn Marion,Kendrick Perkins,Paul Pierce,Rajon Rondo,Rasheed Wallace,Ray Allen,2,1:21,DAL,turnover,,,,,,,,,,Shawn Marion,,,bad pass,,Kendrick Perkins,,,
Dirk Nowitzki,Drew Gooden,Jason Kidd,Jason Terry,Shawn Marion,Kendrick Perkins,Paul Pierce,Rajon Rondo,Rasheed Wallace,Ray Allen,2,1:16,BOS,shot,Rajon Rondo,,,,,,,,,Ray Allen,2,,,made,,layup,25,6
Dirk Nowitzki,Drew Gooden,Jason Kidd,Jason Terry,Shawn Marion,Kendrick Perkins,Paul Pierce,Rajon Rondo,Rasheed Wallace,Ray Allen,2,0:58,BOS,foul,,,,,,,,Jason Terry,,Rasheed Wallace,,,,,,personal,,
Dirk Nowitzki,Drew Gooden,Jason Kidd,Jason Terry,Shawn Marion,Brian Scalabrine,Kendrick Perkins,Paul Pierce,Rajon Rondo,Ray Allen,2,0:58,BOS,sub,,,,Brian Scalabrine,,Rasheed Wallace,,,,,,,,,,,,
Dirk Nowitzki,Drew Gooden,Jason Kidd,Jason Terry,Shawn Marion,Brian Scalabrine,Kendrick Perkins,Paul Pierce,Rajon Rondo,Ray Allen,2,0:58,DAL,free throw,,,,,,,1,,2,Jason Terry,,,foul,missed,,,,
Dirk Nowitzki,Drew Gooden,Jason Kidd,Jason Terry,Shawn Marion,Brian Scalabrine,Kendrick Perkins,Paul Pierce,Rajon Rondo,Ray Allen,2,0:58,DAL,rebound,,,,,,,,,,,,,,,,,,
Dirk Nowitzki,Drew Gooden,Jason Kidd,Jason Terry,Shawn Marion,Brian Scalabrine,Kendrick Perkins,Paul Pierce,Rajon Rondo,Ray Allen,2,0:58,DAL,free throw,,,,,,,2,,2,Jason Terry,,,foul,made,,,,
Dirk Nowitzki,Drew Gooden,Jason Kidd,Jason Terry,Shawn Marion,Brian Scalabrine,Kendrick Perkins,Paul Pierce,Rajon Rondo,Ray Allen,2,0:47,BOS,shot,Rajon Rondo,,,,,,,,,Ray Allen,2,,,made,,jump,14,25
Dirk Nowitzki,Drew Gooden,Jason Kidd,Jason Terry,Shawn Marion,Brian Scalabrine,Kendrick Perkins,Paul Pierce,Rajon Rondo,Ray Allen,2,0:31,DAL,shot,,,,,,,,,,Jason Terry,,,,missed,,jump,40,5
Dirk Nowitzki,Drew Gooden,Jason Kidd,Jason Terry,Shawn Marion,Brian Scalabrine,Kendrick Perkins,Paul Pierce,Rajon Rondo,Ray Allen,2,0:31,BOS,rebound,,,,,,,,,,Paul Pierce,,,,,,def,,
Dirk Nowitzki,Drew Gooden,Jason Kidd,Jason Terry,Shawn Marion,Brian Scalabrine,Kendrick Perkins,Paul Pierce,Rajon Rondo,Ray Allen,2,0:22,BOS,shot,,,,,,,,,,Brian Scalabrine,,,,missed,,3pt,11,26
Dirk Nowitzki,Drew Gooden,Jason Kidd,Jason Terry,Shawn Marion,Brian Scalabrine,Kendrick Perkins,Paul Pierce,Rajon Rondo,Ray Allen,2,0:22,BOS,rebound,,,,,,,,,,,,,,,,,,
Dirk Nowitzki,Drew Gooden,Jason Kidd,Jason Terry,Shawn Marion,Brian Scalabrine,Kendrick Perkins,Paul Pierce,Rajon Rondo,Ray Allen,2,0:22,DAL,foul,,,,,,,,Kendrick Perkins,,Drew Gooden,,,,,,loose ball,,
Dirk Nowitzki,Drew Gooden,Jason Kidd,Jason Terry,Shawn Marion,Brian Scalabrine,Kendrick Perkins,Paul Pierce,Rajon Rondo,Ray Allen,2,0:22,BOS,free throw,,,,,,,1,,2,Kendrick Perkins,,,foul,missed,,,,
Dirk Nowitzki,Drew Gooden,Jason Kidd,Jason Terry,Shawn Marion,Brian Scalabrine,Kendrick Perkins,Paul Pierce,Rajon Rondo,Ray Allen,2,0:22,BOS,rebound,,,,,,,,,,,,,,,,,,
Dirk Nowitzki,Erick Dampier,Jason Kidd,Jason Terry,Shawn Marion,Brian Scalabrine,Kendrick Perkins,Paul Pierce,Rajon Rondo,Ray Allen,2,0:22,DAL,sub,,,,Erick Dampier,,Drew Gooden,,,,,,,,,,,,
Dirk Nowitzki,Erick Dampier,Jason Kidd,Jason Terry,Shawn Marion,Brian Scalabrine,Kendrick Perkins,Paul Pierce,Rajon Rondo,Ray Allen,2,0:22,BOS,free throw,,,,,,,2,,2,Kendrick Perkins,,,foul,missed,,,,
Dirk Nowitzki,Erick Dampier,Jason Kidd,Jason Terry,Shawn Marion,Brian Scalabrine,Kendrick Perkins,Paul Pierce,Rajon Rondo,Ray Allen,2,0:21,DAL,rebound,,,,,,,,,,Shawn Marion,,,,,,def,,
Dirk Nowitzki,Erick Dampier,Jason Kidd,Jason Terry,Shawn Marion,Brian Scalabrine,Kendrick Perkins,Paul Pierce,Rajon Rondo,Ray Allen,2,0:04,DAL,shot,Jason Kidd,,,,,,,,,Dirk Nowitzki,2,,,made,,running layup,24,8
Dirk Nowitzki,Erick Dampier,Jason Kidd,Josh Howard,Shawn Marion,Kendrick Perkins,Paul Pierce,Rajon Rondo,Rasheed Wallace,Ray Allen,3,11:36,BOS,shot,,,,,,,,,,Paul Pierce,3,,,made,,3pt,38,30
Dirk Nowitzki,Erick Dampier,Jason Kidd,Josh Howard,Shawn Marion,Kendrick Perkins,Paul Pierce,Rajon Rondo,Rasheed Wallace,Ray Allen,3,11:16,DAL,shot,Dirk Nowitzki,,,,,,,,,Erick Dampier,2,,,made,,layup,25,9
Dirk Nowitzki,Erick Dampier,Jason Kidd,Josh Howard,Shawn Marion,Kendrick Perkins,Paul Pierce,Rajon Rondo,Rasheed Wallace,Ray Allen,3,11:16,BOS,foul,,,,,,,,Erick Dampier,,Ray Allen,,,,,,shooting,,
Dirk Nowitzki,Erick Dampier,Jason Kidd,Josh Howard,Shawn Marion,Kendrick Perkins,Paul Pierce,Rajon Rondo,Rasheed Wallace,Ray Allen,3,11:16,DAL,free throw,,,,,,,1,,1,Erick Dampier,,,foul,made,,,,
Dirk Nowitzki,Erick Dampier,Jason Kidd,Josh Howard,Shawn Marion,Kendrick Perkins,Paul Pierce,Rajon Rondo,Rasheed Wallace,Ray Allen,3,11:03,BOS,shot,,,,,,,,,,Paul Pierce,,,,missed,,layup,25,7
Dirk Nowitzki,Erick Dampier,Jason Kidd,Josh Howard,Shawn Marion,Kendrick Perkins,Paul Pierce,Rajon Rondo,Rasheed Wallace,Ray Allen,3,11:02,DAL,rebound,,,,,,,,,,Shawn Marion,,,,,,def,,
Dirk Nowitzki,Erick Dampier,Jason Kidd,Josh Howard,Shawn Marion,Kendrick Perkins,Paul Pierce,Rajon Rondo,Rasheed Wallace,Ray Allen,3,10:57,DAL,shot,,,,,,,,,,Shawn Marion,2,,,made,,running jump,24,16
Dirk Nowitzki,Erick Dampier,Jason Kidd,Josh Howard,Shawn Marion,Kendrick Perkins,Paul Pierce,Rajon Rondo,Rasheed Wallace,Ray Allen,3,10:46,BOS,shot,Rajon Rondo,,,,,,,,,Ray Allen,2,,,made,,jump,29,24
Dirk Nowitzki,Erick Dampier,Jason Kidd,Josh Howard,Shawn Marion,Kendrick Perkins,Paul Pierce,Rajon Rondo,Rasheed Wallace,Ray Allen,3,10:25,DAL,shot,,,,,,,,,,Jason Kidd,,,,missed,,jump,41,21
Dirk Nowitzki,Erick Dampier,Jason Kidd,Josh Howard,Shawn Marion,Kendrick Perkins,Paul Pierce,Rajon Rondo,Rasheed Wallace,Ray Allen,3,10:22,DAL,rebound,,,,,,,,,,Jason Kidd,,,,,,off,,
Dirk Nowitzki,Erick Dampier,Jason Kidd,Josh Howard,Shawn Marion,Kendrick Perkins,Paul Pierce,Rajon Rondo,Rasheed Wallace,Ray Allen,3,10:14,DAL,turnover,,,,,,,,,,Josh Howard,,,bad pass,,Rajon Rondo,,,
Dirk Nowitzki,Erick Dampier,Jason Kidd,Josh Howard,Shawn Marion,Kendrick Perkins,Paul Pierce,Rajon Rondo,Rasheed Wallace,Ray Allen,3,9:50,BOS,shot,,,Erick Dampier,,,,,,,Kendrick Perkins,,,,missed,,jump,36,6
Dirk Nowitzki,Erick Dampier,Jason Kidd,Josh Howard,Shawn Marion,Kendrick Perkins,Paul Pierce,Rajon Rondo,Rasheed Wallace,Ray Allen,3,9:49,BOS,rebound,,,,,,,,,,,,,,,,,,
Dirk Nowitzki,Erick Dampier,Jason Kidd,Josh Howard,Shawn Marion,Kendrick Perkins,Paul Pierce,Rajon Rondo,Rasheed Wallace,Ray Allen,3,9:49,BOS,turnover,,,,,,,,,,,,,shot clock turnover,,,,,
Dirk Nowitzki,Erick Dampier,Jason Kidd,Josh Howard,Shawn Marion,Kendrick Perkins,Paul Pierce,Rajon Rondo,Rasheed Wallace,Ray Allen,3,9:42,DAL,shot,Jason Kidd,,,,,,,,,Dirk Nowitzki,2,,,made,,jump,44,14
Dirk Nowitzki,Erick Dampier,Jason Kidd,Josh Howard,Shawn Marion,Kendrick Perkins,Paul Pierce,Rajon Rondo,Rasheed Wallace,Ray Allen,3,9:26,BOS,shot,,,,,,,,,,Rasheed Wallace,,,,missed,,jump,29,9
Dirk Nowitzki,Erick Dampier,Jason Kidd,Josh Howard,Shawn Marion,Kendrick Perkins,Paul Pierce,Rajon Rondo,Rasheed Wallace,Ray Allen,3,9:25,DAL,rebound,,,,,,,,,,Shawn Marion,,,,,,def,,
Dirk Nowitzki,Erick Dampier,Jason Kidd,Josh Howard,Shawn Marion,Kendrick Perkins,Paul Pierce,Rajon Rondo,Rasheed Wallace,Ray Allen,3,9:12,DAL,shot,,,,,,,,,,Erick Dampier,2,,,made,,jump,26,20
Dirk Nowitzki,Erick Dampier,Jason Kidd,Josh Howard,Shawn Marion,Kendrick Perkins,Paul Pierce,Rajon Rondo,Rasheed Wallace,Ray Allen,3,8:49,BOS,shot,Rajon Rondo,,,,,,,,,Paul Pierce,2,,,made,,reverse layup,27,8
Dirk Nowitzki,Erick Dampier,Jason Kidd,Josh Howard,Shawn Marion,Kendrick Perkins,Paul Pierce,Rajon Rondo,Rasheed Wallace,Ray Allen,3,8:31,DAL,shot,Josh Howard,,,,,,,,,Shawn Marion,2,,,made,,running jump,24,10
Dirk Nowitzki,Erick Dampier,Jason Kidd,Josh Howard,Shawn Marion,Kendrick Perkins,Paul Pierce,Rajon Rondo,Rasheed Wallace,Ray Allen,3,8:08,BOS,shot,Paul Pierce,,,,,,,,,Kendrick Perkins,2,,,made,,turnaround fade away,25,10
Dirk Nowitzki,Erick Dampier,Jason Kidd,Josh Howard,Shawn Marion,Kendrick Perkins,Paul Pierce,Rajon Rondo,Rasheed Wallace,Ray Allen,3,7:59,DAL,shot,Jason Kidd,,,,,,,,,Erick Dampier,2,,,made,,turnaround jump,26,13
Dirk Nowitzki,Erick Dampier,Jason Kidd,Josh Howard,Shawn Marion,Kendrick Perkins,Paul Pierce,Rajon Rondo,Rasheed Wallace,Ray Allen,3,7:34,BOS,shot,,,,,,,,,,Rajon Rondo,2,,,made,,pullup jump,30,22
Dirk Nowitzki,Erick Dampier,Jason Kidd,Josh Howard,Shawn Marion,Kendrick Perkins,Paul Pierce,Rajon Rondo,Rasheed Wallace,Ray Allen,3,7:22,DAL,shot,,,,,,,,,,Jason Kidd,2,,,made,,layup,25,5
Dirk Nowitzki,Erick Dampier,Jason Kidd,Josh Howard,Shawn Marion,Kendrick Perkins,Paul Pierce,Rajon Rondo,Rasheed Wallace,Ray Allen,3,7:08,DAL,foul,,,,,,,,Kendrick Perkins,,Josh Howard,,,,,,personal,,
Dirk Nowitzki,Erick Dampier,Jason Kidd,Josh Howard,Shawn Marion,Kendrick Perkins,Paul Pierce,Rajon Rondo,Rasheed Wallace,Ray Allen,3,7:02,DAL,foul,,,,,,,,Paul Pierce,,Jason Kidd,,,,,,shooting,,
Dirk Nowitzki,Erick Dampier,Jason Kidd,Josh Howard,Shawn Marion,Kendrick Perkins,Paul Pierce,Rajon Rondo,Rasheed Wallace,Ray Allen,3,7:02,BOS,free throw,,,,,,,1,,2,Paul Pierce,,,foul,made,,,,
Dirk Nowitzki,Erick Dampier,Jason Kidd,Josh Howard,Shawn Marion,Kendrick Perkins,Paul Pierce,Rajon Rondo,Rasheed Wallace,Ray Allen,3,7:02,BOS,free throw,,,,,,,2,,2,Paul Pierce,,,foul,made,,,,
Dirk Nowitzki,Erick Dampier,Jason Kidd,Josh Howard,Shawn Marion,Kendrick Perkins,Paul Pierce,Rajon Rondo,Rasheed Wallace,Ray Allen,3,6:50,DAL,shot,Josh Howard,,,,,,,,,Erick Dampier,2,,,made,,layup,25,6
Dirk Nowitzki,Erick Dampier,Jason Kidd,Josh Howard,Shawn Marion,Kendrick Perkins,Paul Pierce,Rajon Rondo,Rasheed Wallace,Ray Allen,3,6:50,BOS,foul,,,,,,,,Erick Dampier,,Rajon Rondo,,,,,,shooting,,
Dirk Nowitzki,Erick Dampier,Jason Kidd,Josh Howard,Shawn Marion,Kendrick Perkins,Paul Pierce,Rajon Rondo,Rasheed Wallace,Ray Allen,3,6:50,DAL,free throw,,,,,,,1,,1,Erick Dampier,,,foul,missed,,,,
Dirk Nowitzki,Erick Dampier,Jason Kidd,Josh Howard,Shawn Marion,Kendrick Perkins,Paul Pierce,Rajon Rondo,Rasheed Wallace,Ray Allen,3,6:49,BOS,rebound,,,,,,,,,,Kendrick Perkins,,,,,,def,,
Dirk Nowitzki,Erick Dampier,Jason Kidd,Josh Howard,Shawn Marion,Kendrick Perkins,Paul Pierce,Rajon Rondo,Rasheed Wallace,Ray Allen,3,6:40,BOS,shot,,,,,,,,,,Ray Allen,,,,missed,,3pt,25,30
Dirk Nowitzki,Erick Dampier,Jason Kidd,Josh Howard,Shawn Marion,Kendrick Perkins,Paul Pierce,Rajon Rondo,Rasheed Wallace,Ray Allen,3,6:39,DAL,rebound,,,,,,,,,,Erick Dampier,,,,,,def,,
Dirk Nowitzki,Erick Dampier,Jason Kidd,Josh Howard,Shawn Marion,Kendrick Perkins,Paul Pierce,Rajon Rondo,Rasheed Wallace,Ray Allen,3,6:33,DAL,shot,,,,,,,,,,Shawn Marion,,,,missed,,layup,27,6
Dirk Nowitzki,Erick Dampier,Jason Kidd,Josh Howard,Shawn Marion,Kendrick Perkins,Paul Pierce,Rajon Rondo,Rasheed Wallace,Ray Allen,3,6:32,BOS,rebound,,,,,,,,,,Ray Allen,,,,,,def,,
Dirk Nowitzki,Erick Dampier,Jason Kidd,Josh Howard,Shawn Marion,Kendrick Perkins,Paul Pierce,Rajon Rondo,Rasheed Wallace,Ray Allen,3,6:26,BOS,shot,,,,,,,,,,Paul Pierce,,,,missed,,3pt,8,25
Dirk Nowitzki,Erick Dampier,Jason Kidd,Josh Howard,Shawn Marion,Kendrick Perkins,Paul Pierce,Rajon Rondo,Rasheed Wallace,Ray Allen,3,6:25,DAL,rebound,,,,,,,,,,Jason Kidd,,,,,,def,,
Dirk Nowitzki,Erick Dampier,Jason Kidd,Josh Howard,Shawn Marion,Kendrick Perkins,Paul Pierce,Rajon Rondo,Rasheed Wallace,Ray Allen,3,6:22,DAL,foul,,,,,,,,Ray Allen,,Erick Dampier,,,,,,offensive,,
Dirk Nowitzki,Erick Dampier,Jason Kidd,Josh Howard,Shawn Marion,Kendrick Perkins,Paul Pierce,Rajon Rondo,Rasheed Wallace,Ray Allen,3,6:22,DAL,turnover,,,,,,,,,,Erick Dampier,,,foul,,,,,
Dirk Nowitzki,Erick Dampier,Jason Kidd,Josh Howard,Shawn Marion,Kendrick Perkins,Paul Pierce,Rajon Rondo,Rasheed Wallace,Ray Allen,3,6:05,BOS,turnover,,,,,,,,,,Kendrick Perkins,,,bad pass,,,,,
Dirk Nowitzki,Erick Dampier,Jason Kidd,Josh Howard,Shawn Marion,Kendrick Perkins,Paul Pierce,Rajon Rondo,Rasheed Wallace,Ray Allen,3,5:57,BOS,foul,,,,,,,,Erick Dampier,,Kendrick Perkins,,,,,,personal,,
Dirk Nowitzki,Erick Dampier,Jason Kidd,Josh Howard,Shawn Marion,Kendrick Perkins,Paul Pierce,Rajon Rondo,Rasheed Wallace,Ray Allen,3,5:57,BOS,timeout,,,,,,,,,,,,,,,,regular,,
Dirk Nowitzki,Erick Dampier,Jason Kidd,Josh Howard,Shawn Marion,Kendrick Perkins,Paul Pierce,Rajon Rondo,Rasheed Wallace,Ray Allen,3,5:49,DAL,turnover,,,,,,,,,,Jason Kidd,,,bad pass,,Kendrick Perkins,,,
Dirk Nowitzki,Erick Dampier,Jason Kidd,Josh Howard,Shawn Marion,Kendrick Perkins,Paul Pierce,Rajon Rondo,Rasheed Wallace,Ray Allen,3,5:47,BOS,turnover,,,,,,,,,,Rajon Rondo,,,discontinue dribble,,,,,
Dirk Nowitzki,Erick Dampier,Jason Kidd,Josh Howard,Shawn Marion,Kendrick Perkins,Paul Pierce,Rajon Rondo,Rasheed Wallace,Ray Allen,3,5:32,DAL,shot,,,,,,,,,,Shawn Marion,,,,missed,,3pt,40,25
Dirk Nowitzki,Erick Dampier,Jason Kidd,Josh Howard,Shawn Marion,Kendrick Perkins,Paul Pierce,Rajon Rondo,Rasheed Wallace,Ray Allen,3,5:31,DAL,rebound,,,,,,,,,,Erick Dampier,,,,,,off,,
Dirk Nowitzki,Erick Dampier,Jason Kidd,Josh Howard,Shawn Marion,Kendrick Perkins,Paul Pierce,Rajon Rondo,Rasheed Wallace,Ray Allen,3,5:26,DAL,shot,Jason Kidd,,,,,,,,,Dirk Nowitzki,2,,,made,,jump,39,18
Dirk Nowitzki,Erick Dampier,Jason Kidd,Josh Howard,Shawn Marion,Kendrick Perkins,Paul Pierce,Rajon Rondo,Rasheed Wallace,Ray Allen,3,5:16,BOS,foul,,,,,,,,Dirk Nowitzki,,Rasheed Wallace,,,,,,offensive,,
Dirk Nowitzki,Erick Dampier,Jason Kidd,Josh Howard,Shawn Marion,Kendrick Perkins,Paul Pierce,Rajon Rondo,Rasheed Wallace,Ray Allen,3,5:16,BOS,turnover,,,,,,,,,,Rasheed Wallace,,,foul,,,,,
Dirk Nowitzki,Erick Dampier,Jason Kidd,Josh Howard,Shawn Marion,Kendrick Perkins,Paul Pierce,Rajon Rondo,Rasheed Wallace,Ray Allen,3,5:02,DAL,shot,,,,,,,,,,Dirk Nowitzki,,,,missed,,jump,25,26
Dirk Nowitzki,Erick Dampier,Jason Kidd,Josh Howard,Shawn Marion,Kendrick Perkins,Paul Pierce,Rajon Rondo,Rasheed Wallace,Ray Allen,3,5:01,BOS,rebound,,,,,,,,,,Rasheed Wallace,,,,,,def,,
Dirk Nowitzki,Erick Dampier,Jason Kidd,Josh Howard,Shawn Marion,Kendrick Perkins,Paul Pierce,Rajon Rondo,Rasheed Wallace,Ray Allen,3,4:48,BOS,shot,,,,,,,,,,Kendrick Perkins,2,,,made,,turnaround fade away,32,9
Dirk Nowitzki,Erick Dampier,Jason Kidd,Josh Howard,Shawn Marion,Kendrick Perkins,Paul Pierce,Rajon Rondo,Rasheed Wallace,Ray Allen,3,4:31,DAL,shot,,,,,,,,,,Erick Dampier,2,,,made,,driving layup,27,7
Dirk Nowitzki,Erick Dampier,Jason Kidd,Josh Howard,Shawn Marion,Kendrick Perkins,Paul Pierce,Rajon Rondo,Rasheed Wallace,Ray Allen,3,4:10,BOS,shot,,,,,,,,,,Rasheed Wallace,,,,missed,,3pt,25,31
Dirk Nowitzki,Erick Dampier,Jason Kidd,Josh Howard,Shawn Marion,Kendrick Perkins,Paul Pierce,Rajon Rondo,Rasheed Wallace,Ray Allen,3,4:09,DAL,rebound,,,,,,,,,,Dirk Nowitzki,,,,,,def,,
Dirk Nowitzki,Erick Dampier,Jason Kidd,Josh Howard,Shawn Marion,Kendrick Perkins,Paul Pierce,Rajon Rondo,Rasheed Wallace,Ray Allen,3,3:56,DAL,turnover,,,,,,,,,,Erick Dampier,,,offensive goaltending,,,,,
Dirk Nowitzki,Erick Dampier,Jason Kidd,Josh Howard,Shawn Marion,Brian Scalabrine,Kendrick Perkins,Paul Pierce,Rajon Rondo,Ray Allen,3,3:56,BOS,sub,,,,Brian Scalabrine,,Rasheed Wallace,,,,,,,,,,,,
Dirk Nowitzki,Erick Dampier,Jason Kidd,Josh Howard,Shawn Marion,Brian Scalabrine,Kendrick Perkins,Paul Pierce,Rajon Rondo,Ray Allen,3,3:43,BOS,shot,,,,,,,,,,Rajon Rondo,,,,missed,,jump,34,22
Dirk Nowitzki,Erick Dampier,Jason Kidd,Josh Howard,Shawn Marion,Brian Scalabrine,Kendrick Perkins,Paul Pierce,Rajon Rondo,Ray Allen,3,3:42,DAL,rebound,,,,,,,,,,Shawn Marion,,,,,,def,,
Dirk Nowitzki,Erick Dampier,Jason Kidd,Josh Howard,Shawn Marion,Brian Scalabrine,Kendrick Perkins,Paul Pierce,Rajon Rondo,Ray Allen,3,3:33,DAL,turnover,,,,,,,,,,Erick Dampier,,,lost ball,,Rajon Rondo,,,
Dirk Nowitzki,Erick Dampier,Jason Kidd,Josh Howard,Shawn Marion,Brian Scalabrine,Kendrick Perkins,Paul Pierce,Rajon Rondo,Ray Allen,3,3:20,BOS,shot,,,,,,,,,,Kendrick Perkins,,,,missed,,jump,21,10
Dirk Nowitzki,Erick Dampier,Jason Kidd,Josh Howard,Shawn Marion,Brian Scalabrine,Kendrick Perkins,Paul Pierce,Rajon Rondo,Ray Allen,3,3:16,DAL,rebound,,,,,,,,,,Dirk Nowitzki,,,,,,def,,
Dirk Nowitzki,Erick Dampier,Jason Kidd,Josh Howard,Shawn Marion,Brian Scalabrine,Kendrick Perkins,Paul Pierce,Rajon Rondo,Ray Allen,3,3:16,BOS,foul,,,,,,,,Dirk Nowitzki,,Rajon Rondo,,,,,,personal,,
Dirk Nowitzki,Erick Dampier,Jason Kidd,Josh Howard,Shawn Marion,Brian Scalabrine,Kendrick Perkins,Paul Pierce,Rajon Rondo,Ray Allen,3,2:56,BOS,foul,,,,,,,,,,Kendrick Perkins,,,,,,defense 3 second,,
Dirk Nowitzki,Erick Dampier,Jason Kidd,Josh Howard,Shawn Marion,Brian Scalabrine,Kendrick Perkins,Paul Pierce,Rajon Rondo,Ray Allen,3,2:56,DAL,timeout,,,,,,,,,,,,,,,,regular,,
Dirk Nowitzki,Erick Dampier,Jason Kidd,Josh Howard,Shawn Marion,Brian Scalabrine,Kendrick Perkins,Paul Pierce,Rajon Rondo,Ray Allen,3,2:56,DAL,free throw,,,,,,,1,,1,Dirk Nowitzki,,,technical,made,,,,
Dirk Nowitzki,Erick Dampier,Jason Kidd,Josh Howard,Shawn Marion,Brian Scalabrine,Kendrick Perkins,Paul Pierce,Rajon Rondo,Ray Allen,3,2:49,DAL,shot,Jason Kidd,,,,,,,,,Dirk Nowitzki,2,,,made,,jump,14,6
Dirk Nowitzki,Erick Dampier,Jason Kidd,Josh Howard,Shawn Marion,Brian Scalabrine,Kendrick Perkins,Paul Pierce,Rajon Rondo,Ray Allen,3,2:29,BOS,shot,Brian Scalabrine,,,,,,,,,Paul Pierce,3,,,made,,3pt,44,21
Dirk Nowitzki,Erick Dampier,Jason Kidd,Josh Howard,Shawn Marion,Brian Scalabrine,Kendrick Perkins,Paul Pierce,Rajon Rondo,Ray Allen,3,2:08,DAL,shot,,,,,,,,,,Dirk Nowitzki,2,,,made,,finger roll layup,23,6
Dirk Nowitzki,Erick Dampier,Jason Kidd,Josh Howard,Shawn Marion,Brian Scalabrine,Kendrick Perkins,Paul Pierce,Rajon Rondo,Ray Allen,3,1:54,BOS,shot,,,Josh Howard,,,,,,,Ray Allen,,,,missed,,jump,14,21
Dirk Nowitzki,Erick Dampier,Jason Kidd,Josh Howard,Shawn Marion,Brian Scalabrine,Kendrick Perkins,Paul Pierce,Rajon Rondo,Ray Allen,3,1:53,DAL,rebound,,,,,,,,,,Jason Kidd,,,,,,def,,
Dirk Nowitzki,Erick Dampier,Jason Kidd,Josh Howard,Shawn Marion,Brian Scalabrine,Kendrick Perkins,Paul Pierce,Rajon Rondo,Ray Allen,3,1:42,DAL,shot,,,,,,,,,,Dirk Nowitzki,2,,,made,,jump,36,19
Dirk Nowitzki,Erick Dampier,Jason Kidd,Josh Howard,Shawn Marion,Brian Scalabrine,Kendrick Perkins,Paul Pierce,Rajon Rondo,Ray Allen,3,1:19,BOS,shot,,,,,,,,,,Paul Pierce,,,,missed,,jump,15,19
Dirk Nowitzki,Erick Dampier,Jason Kidd,Josh Howard,Shawn Marion,Brian Scalabrine,Kendrick Perkins,Paul Pierce,Rajon Rondo,Ray Allen,3,1:18,DAL,rebound,,,,,,,,,,Dirk Nowitzki,,,,,,def,,
Dirk Nowitzki,Erick Dampier,Jason Kidd,Josh Howard,Shawn Marion,Brian Scalabrine,Kendrick Perkins,Paul Pierce,Rajon Rondo,Ray Allen,3,1:03,DAL,shot,Jason Kidd,,,,,,,,,Dirk Nowitzki,2,,,made,,jump,34,26
Dirk Nowitzki,Erick Dampier,Jason Kidd,Josh Howard,Shawn Marion,Brian Scalabrine,Kendrick Perkins,Paul Pierce,Rajon Rondo,Ray Allen,3,1:02,BOS,timeout,,,,,,,,,,,,,,,,short,,
Dirk Nowitzki,Erick Dampier,Jason Kidd,Josh Howard,Shawn Marion,Glen Davis,Kendrick Perkins,Paul Pierce,Rajon Rondo,Ray Allen,3,1:02,BOS,sub,,,,Glen Davis,,Brian Scalabrine,,,,,,,,,,,,
Dirk Nowitzki,Erick Dampier,Jason Kidd,Josh Howard,Shawn Marion,Glen Davis,Kendrick Perkins,Paul Pierce,Rajon Rondo,Ray Allen,3,0:52,DAL,foul,,,,,,,,Paul Pierce,,Shawn Marion,,,,,,personal,,
Dirk Nowitzki,Erick Dampier,Jason Kidd,Josh Howard,Shawn Marion,Glen Davis,Kendrick Perkins,Paul Pierce,Rajon Rondo,Ray Allen,3,0:46,BOS,shot,,,,,,,,,,Glen Davis,,,,missed,,layup,26,7
Dirk Nowitzki,Erick Dampier,Jason Kidd,Josh Howard,Shawn Marion,Glen Davis,Kendrick Perkins,Paul Pierce,Rajon Rondo,Ray Allen,3,0:45,DAL,rebound,,,,,,,,,,Erick Dampier,,,,,,def,,
Dirk Nowitzki,Erick Dampier,Jason Kidd,Josh Howard,Shawn Marion,Glen Davis,Kendrick Perkins,Paul Pierce,Rajon Rondo,Ray Allen,3,0:40,DAL,shot,Jason Kidd,,,,,,,,,Shawn Marion,2,,,made,,layup,26,7
Dirk Nowitzki,Erick Dampier,Jason Kidd,Josh Howard,Shawn Marion,Glen Davis,Kendrick Perkins,Paul Pierce,Rajon Rondo,Ray Allen,3,0:21,BOS,shot,,,,,,,,,,Paul Pierce,,,,missed,,layup,23,6
Dirk Nowitzki,Erick Dampier,Jason Kidd,Josh Howard,Shawn Marion,Glen Davis,Kendrick Perkins,Paul Pierce,Rajon Rondo,Ray Allen,3,0:20,DAL,rebound,,,,,,,,,,Erick Dampier,,,,,,def,,
Dirk Nowitzki,Erick Dampier,Jason Kidd,Josh Howard,Shawn Marion,Glen Davis,Kendrick Perkins,Paul Pierce,Rajon Rondo,Ray Allen,3,0:14,DAL,shot,Josh Howard,,,,,,,,,Shawn Marion,2,,,made,,running dunk,25,6
Dirk Nowitzki,Erick Dampier,Jason Kidd,Jason Terry,Shawn Marion,Eddie House,Glen Davis,Kendrick Perkins,Paul Pierce,Tony Allen,4,11:46,DAL,shot,,,,,,,,,,Dirk Nowitzki,,,,missed,,jump,20,25
Dirk Nowitzki,Erick Dampier,Jason Kidd,Jason Terry,Shawn Marion,Eddie House,Glen Davis,Kendrick Perkins,Paul Pierce,Tony Allen,4,11:45,BOS,rebound,,,,,,,,,,Paul Pierce,,,,,,def,,
Dirk Nowitzki,Erick Dampier,Jason Kidd,Jason Terry,Shawn Marion,Eddie House,Glen Davis,Kendrick Perkins,Paul Pierce,Tony Allen,4,11:26,BOS,shot,Paul Pierce,,,,,,,,,Tony Allen,2,,,made,,running jump,22,19
Dirk Nowitzki,Erick Dampier,Jason Kidd,Jason Terry,Shawn Marion,Eddie House,Glen Davis,Kendrick Perkins,Paul Pierce,Tony Allen,4,11:00,BOS,foul,,,,,,,,Dirk Nowitzki,,Glen Davis,,,,,,shooting,,
Dirk Nowitzki,Erick Dampier,Jason Kidd,Jason Terry,Shawn Marion,Eddie House,Glen Davis,Kendrick Perkins,Paul Pierce,Tony Allen,4,11:00,DAL,free throw,,,,,,,1,,2,Dirk Nowitzki,,,foul,made,,,,
Dirk Nowitzki,Drew Gooden,Jason Kidd,Jason Terry,Shawn Marion,Eddie House,Glen Davis,Kendrick Perkins,Paul Pierce,Tony Allen,4,11:00,DAL,sub,,,,Drew Gooden,,Erick Dampier,,,,,,,,,,,,
Dirk Nowitzki,Drew Gooden,Jason Kidd,Jason Terry,Shawn Marion,Eddie House,Glen Davis,Kendrick Perkins,Paul Pierce,Tony Allen,4,11:00,DAL,free throw,,,,,,,2,,2,Dirk Nowitzki,,,foul,made,,,,
Dirk Nowitzki,Drew Gooden,Jason Kidd,Jason Terry,Shawn Marion,Eddie House,Glen Davis,Kendrick Perkins,Paul Pierce,Tony Allen,4,10:47,BOS,shot,,,,,,,,,,Paul Pierce,2,,,made,,driving layup,26,7
Dirk Nowitzki,Drew Gooden,Jason Kidd,Jason Terry,Shawn Marion,Eddie House,Glen Davis,Kendrick Perkins,Paul Pierce,Tony Allen,4,10:47,DAL,foul,,,,,,,,Paul Pierce,,Drew Gooden,,,,,,shooting,,
Dirk Nowitzki,Drew Gooden,Jason Kidd,Jason Terry,Shawn Marion,Eddie House,Glen Davis,Kendrick Perkins,Paul Pierce,Tony Allen,4,10:47,BOS,free throw,,,,,,,1,,1,Paul Pierce,,,foul,made,,,,
Dirk Nowitzki,Drew Gooden,Jason Kidd,Jason Terry,Shawn Marion,Eddie House,Glen Davis,Kendrick Perkins,Paul Pierce,Tony Allen,4,10:35,BOS,foul,,,,,,,,,,Kendrick Perkins,,,,,,defense 3 second,,
Dirk Nowitzki,Drew Gooden,Jason Kidd,Jason Terry,Shawn Marion,Eddie House,Glen Davis,Kendrick Perkins,Paul Pierce,Tony Allen,4,10:35,DAL,free throw,,,,,,,1,,1,Dirk Nowitzki,,,technical,missed,,,,
Dirk Nowitzki,Drew Gooden,Jason Kidd,Jason Terry,Shawn Marion,Eddie House,Glen Davis,Kendrick Perkins,Paul Pierce,Tony Allen,4,10:35,DAL,rebound,,,,,,,,,,,,,,,,,,
Dirk Nowitzki,Drew Gooden,Jason Kidd,Jason Terry,Shawn Marion,Eddie House,Glen Davis,Kendrick Perkins,Paul Pierce,Tony Allen,4,10:23,DAL,shot,,,,,,,,,,Dirk Nowitzki,2,,,made,,jump,45,6
Dirk Nowitzki,Drew Gooden,Jason Kidd,Jason Terry,Shawn Marion,Eddie House,Glen Davis,Kendrick Perkins,Paul Pierce,Tony Allen,4,10:10,BOS,shot,Glen Davis,,,,,,,,,Kendrick Perkins,2,,,made,,reverse layup,24,6
Dirk Nowitzki,Drew Gooden,Jason Kidd,Jason Terry,Shawn Marion,Eddie House,Glen Davis,Kendrick Perkins,Paul Pierce,Tony Allen,4,9:48,DAL,shot,Shawn Marion,,,,,,,,,Dirk Nowitzki,2,,,made,,jump,24,26
Dirk Nowitzki,Drew Gooden,Jason Kidd,Jason Terry,Shawn Marion,Eddie House,Glen Davis,Kendrick Perkins,Paul Pierce,Tony Allen,4,9:30,BOS,turnover,,,,,,,,,,Paul Pierce,,,bad pass,,Drew Gooden,,,
Dirk Nowitzki,Drew Gooden,Jason Kidd,Jason Terry,Shawn Marion,Eddie House,Glen Davis,Kendrick Perkins,Paul Pierce,Tony Allen,4,9:19,DAL,shot,Jason Kidd,,,,,,,,,Shawn Marion,2,,,made,,layup,23,7
Dirk Nowitzki,Drew Gooden,Jason Kidd,Jason Terry,Shawn Marion,Eddie House,Glen Davis,Kendrick Perkins,Paul Pierce,Tony Allen,4,8:54,BOS,turnover,,,,,,,,,,Tony Allen,,,bad pass,,,,,
Dirk Nowitzki,Drew Gooden,Jason Kidd,Jason Terry,Shawn Marion,Eddie House,Glen Davis,Kendrick Perkins,Paul Pierce,Tony Allen,4,8:54,DAL,timeout,,,,,,,,,,,,,,,,official,,
Dirk Nowitzki,Drew Gooden,Jason Kidd,Jason Terry,Shawn Marion,Eddie House,Glen Davis,Paul Pierce,Rasheed Wallace,Tony Allen,4,8:54,BOS,sub,,,,Rasheed Wallace,,Kendrick Perkins,,,,,,,,,,,,
Dirk Nowitzki,Drew Gooden,Jason Kidd,Jason Terry,Shawn Marion,Eddie House,Glen Davis,Paul Pierce,Rajon Rondo,Rasheed Wallace,4,8:54,BOS,sub,,,,Rajon Rondo,,Tony Allen,,,,,,,,,,,,
Dirk Nowitzki,Drew Gooden,Jason Kidd,Jason Terry,Shawn Marion,Eddie House,Glen Davis,Paul Pierce,Rajon Rondo,Rasheed Wallace,4,8:33,DAL,shot,Jason Terry,,,,,,,,,Jason Kidd,3,,,made,,3pt,2,13
Dirk Nowitzki,Drew Gooden,Jason Kidd,Jason Terry,Shawn Marion,Eddie House,Glen Davis,Paul Pierce,Rajon Rondo,Rasheed Wallace,4,8:08,BOS,shot,,,Drew Gooden,,,,,,,Paul Pierce,,,,missed,,jump,24,9
Dirk Nowitzki,Drew Gooden,Jason Kidd,Jason Terry,Shawn Marion,Eddie House,Glen Davis,Paul Pierce,Rajon Rondo,Rasheed Wallace,4,8:07,DAL,rebound,,,,,,,,,,Dirk Nowitzki,,,,,,def,,
Dirk Nowitzki,Drew Gooden,Jason Kidd,Jason Terry,Shawn Marion,Eddie House,Glen Davis,Paul Pierce,Rajon Rondo,Rasheed Wallace,4,8:02,DAL,shot,Jason Kidd,,,,,,,,,Jason Terry,3,,,made,,3pt,48,17
Dirk Nowitzki,Drew Gooden,Jason Kidd,Jason Terry,Shawn Marion,Eddie House,Glen Davis,Paul Pierce,Rajon Rondo,Rasheed Wallace,4,8:01,BOS,timeout,,,,,,,,,,,,,,,,regular,,
Dirk Nowitzki,Drew Gooden,Jason Kidd,Jason Terry,Shawn Marion,Eddie House,Glen Davis,Rajon Rondo,Rasheed Wallace,Ray Allen,4,8:01,BOS,sub,,,,Ray Allen,,Paul Pierce,,,,,,,,,,,,
Dirk Nowitzki,Drew Gooden,Jason Kidd,Jason Terry,Shawn Marion,Eddie House,Kendrick Perkins,Rajon Rondo,Rasheed Wallace,Ray Allen,4,8:01,BOS,sub,,,,Kendrick Perkins,,Glen Davis,,,,,,,,,,,,
Dirk Nowitzki,Drew Gooden,Jason Kidd,Jason Terry,Shawn Marion,Eddie House,Kendrick Perkins,Rajon Rondo,Rasheed Wallace,Ray Allen,4,7:53,BOS,shot,,,,,,,,,,Rajon Rondo,,,,missed,,jump,29,21
Dirk Nowitzki,Drew Gooden,Jason Kidd,Jason Terry,Shawn Marion,Eddie House,Kendrick Perkins,Rajon Rondo,Rasheed Wallace,Ray Allen,4,7:52,BOS,rebound,,,,,,,,,,Kendrick Perkins,,,,,,off,,
Dirk Nowitzki,Drew Gooden,Jason Kidd,Jason Terry,Shawn Marion,Eddie House,Kendrick Perkins,Rajon Rondo,Rasheed Wallace,Ray Allen,4,7:49,BOS,turnover,,,,,,,,,,Kendrick Perkins,,,bad pass,,Jason Kidd,,,
Dirk Nowitzki,Drew Gooden,Jason Kidd,Jason Terry,Shawn Marion,Eddie House,Kendrick Perkins,Rajon Rondo,Rasheed Wallace,Ray Allen,4,7:28,DAL,shot,Jason Kidd,,,,,,,,,Jason Terry,2,,,made,,jump,44,15
Dirk Nowitzki,Drew Gooden,Jason Kidd,Jason Terry,Shawn Marion,Eddie House,Kendrick Perkins,Rajon Rondo,Rasheed Wallace,Ray Allen,4,7:10,BOS,turnover,,,,,,,,,,Rasheed Wallace,,,bad pass,,Drew Gooden,,,
Dirk Nowitzki,Drew Gooden,Jason Kidd,Jason Terry,Shawn Marion,Eddie House,Kendrick Perkins,Rajon Rondo,Rasheed Wallace,Ray Allen,4,6:56,BOS,foul,,,,,,,,Shawn Marion,,Eddie House,,,,,,shooting,,
Dirk Nowitzki,Drew Gooden,Jason Kidd,Jason Terry,Shawn Marion,Eddie House,Kendrick Perkins,Rajon Rondo,Rasheed Wallace,Ray Allen,4,6:56,DAL,free throw,,,,,,,1,,2,Shawn Marion,,,foul,made,,,,
Dirk Nowitzki,Drew Gooden,Jason Kidd,Jason Terry,Shawn Marion,Eddie House,Kendrick Perkins,Rajon Rondo,Rasheed Wallace,Ray Allen,4,6:56,DAL,free throw,,,,,,,2,,2,Shawn Marion,,,foul,made,,,,
Dirk Nowitzki,Drew Gooden,Jason Kidd,Jason Terry,Shawn Marion,Eddie House,Kendrick Perkins,Rajon Rondo,Rasheed Wallace,Ray Allen,4,6:44,BOS,shot,Rajon Rondo,,,,,,,,,Ray Allen,2,,,made,,jump,40,18
Dirk Nowitzki,Drew Gooden,Jason Kidd,Jason Terry,Shawn Marion,Eddie House,Kendrick Perkins,Rajon Rondo,Rasheed Wallace,Ray Allen,4,6:22,DAL,shot,,,Kendrick Perkins,,,,,,,Drew Gooden,,,,missed,,layup,25,7
Dirk Nowitzki,Drew Gooden,Jason Kidd,Jason Terry,Shawn Marion,Eddie House,Kendrick Perkins,Rajon Rondo,Rasheed Wallace,Ray Allen,4,6:21,BOS,rebound,,,,,,,,,,Eddie House,,,,,,def,,
Dirk Nowitzki,Drew Gooden,Jason Kidd,Jason Terry,Shawn Marion,Eddie House,Kendrick Perkins,Rajon Rondo,Rasheed Wallace,Ray Allen,4,6:15,BOS,shot,,,,,,,,,,Eddie House,,,,missed,,jump,27,29
Dirk Nowitzki,Drew Gooden,Jason Kidd,Jason Terry,Shawn Marion,Eddie House,Kendrick Perkins,Rajon Rondo,Rasheed Wallace,Ray Allen,4,6:11,DAL,rebound,,,,,,,,,,Shawn Marion,,,,,,def,,
Dirk Nowitzki,Drew Gooden,Jason Kidd,Jason Terry,Shawn Marion,Eddie House,Kendrick Perkins,Rajon Rondo,Rasheed Wallace,Ray Allen,4,5:53,DAL,shot,,,,,,,,,,Dirk Nowitzki,,,,missed,,jump,12,6
Dirk Nowitzki,Drew Gooden,Jason Kidd,Jason Terry,Shawn Marion,Eddie House,Kendrick Perkins,Rajon Rondo,Rasheed Wallace,Ray Allen,4,5:52,BOS,rebound,,,,,,,,,,Kendrick Perkins,,,,,,def,,
Dirk Nowitzki,Drew Gooden,Jason Kidd,Jason Terry,Shawn Marion,Eddie House,Kendrick Perkins,Rajon Rondo,Rasheed Wallace,Ray Allen,4,5:37,DAL,foul,,,,,,,,Rasheed Wallace,,Dirk Nowitzki,,,,,,shooting,,
Dirk Nowitzki,Drew Gooden,Jason Kidd,Jason Terry,Shawn Marion,Eddie House,Kendrick Perkins,Rajon Rondo,Rasheed Wallace,Ray Allen,4,5:37,BOS,free throw,,,,,,,1,,2,Rasheed Wallace,,,foul,missed,,,,
Dirk Nowitzki,Drew Gooden,Jason Kidd,Jason Terry,Shawn Marion,Eddie House,Kendrick Perkins,Rajon Rondo,Rasheed Wallace,Ray Allen,4,5:37,BOS,rebound,,,,,,,,,,,,,,,,,,
Dirk Nowitzki,Drew Gooden,Jason Kidd,Jason Terry,Josh Howard,Eddie House,Kendrick Perkins,Rajon Rondo,Rasheed Wallace,Ray Allen,4,5:37,DAL,sub,,,,Josh Howard,,Shawn Marion,,,,,,,,,,,,
Dirk Nowitzki,Drew Gooden,Jason Kidd,Jason Terry,Josh Howard,Eddie House,Kendrick Perkins,Rajon Rondo,Rasheed Wallace,Ray Allen,4,5:37,BOS,free throw,,,,,,,2,,2,Rasheed Wallace,,,foul,made,,,,
Dirk Nowitzki,Drew Gooden,Jason Kidd,Jason Terry,Josh Howard,Eddie House,Kendrick Perkins,Rajon Rondo,Rasheed Wallace,Ray Allen,4,5:17,DAL,shot,,,,,,,,,,Jason Terry,,,,missed,,jump,40,17
Dirk Nowitzki,Drew Gooden,Jason Kidd,Jason Terry,Josh Howard,Eddie House,Kendrick Perkins,Rajon Rondo,Rasheed Wallace,Ray Allen,4,5:15,BOS,rebound,,,,,,,,,,Kendrick Perkins,,,,,,def,,
Dirk Nowitzki,Drew Gooden,Jason Kidd,Jason Terry,Josh Howard,Eddie House,Kendrick Perkins,Rajon Rondo,Rasheed Wallace,Ray Allen,4,5:04,BOS,shot,Rajon Rondo,,,,,,,,,Ray Allen,2,,,made,,jump,46,13
Dirk Nowitzki,Drew Gooden,Jason Kidd,Jason Terry,Josh Howard,Eddie House,Kendrick Perkins,Rajon Rondo,Rasheed Wallace,Ray Allen,4,4:55,DAL,timeout,,,,,,,,,,,,,,,,regular,,
Dirk Nowitzki,Drew Gooden,Jason Kidd,Jason Terry,Josh Howard,Eddie House,Kendrick Perkins,Rajon Rondo,Rasheed Wallace,Ray Allen,4,4:48,DAL,shot,,,Kendrick Perkins,,,,,,,Jason Terry,,,,missed,,layup,25,7
Dirk Nowitzki,Drew Gooden,Jason Kidd,Jason Terry,Josh Howard,Eddie House,Kendrick Perkins,Rajon Rondo,Rasheed Wallace,Ray Allen,4,4:45,BOS,rebound,,,,,,,,,,Rajon Rondo,,,,,,def,,
Dirk Nowitzki,Drew Gooden,Jason Kidd,Jason Terry,Josh Howard,Eddie House,Kendrick Perkins,Rajon Rondo,Rasheed Wallace,Ray Allen,4,4:42,BOS,shot,,,,,,,,,,Eddie House,,,,missed,,jump,8,21
Dirk Nowitzki,Drew Gooden,Jason Kidd,Jason Terry,Josh Howard,Eddie House,Kendrick Perkins,Rajon Rondo,Rasheed Wallace,Ray Allen,4,4:39,BOS,rebound,,,,,,,,,,Rajon Rondo,,,,,,off,,
Dirk Nowitzki,Drew Gooden,Jason Kidd,Jason Terry,Josh Howard,Eddie House,Kendrick Perkins,Rajon Rondo,Rasheed Wallace,Ray Allen,4,4:36,BOS,shot,,,,,,,,,,Eddie House,,,,missed,,jump,45,9
Dirk Nowitzki,Drew Gooden,Jason Kidd,Jason Terry,Josh Howard,Eddie House,Kendrick Perkins,Rajon Rondo,Rasheed Wallace,Ray Allen,4,4:34,DAL,rebound,,,,,,,,,,Drew Gooden,,,,,,def,,
Dirk Nowitzki,Drew Gooden,Jason Kidd,Jason Terry,Josh Howard,Eddie House,Kendrick Perkins,Rajon Rondo,Rasheed Wallace,Ray Allen,4,4:21,DAL,shot,,,,,,,,,,Drew Gooden,,,,missed,,jump,26,15
Dirk Nowitzki,Drew Gooden,Jason Kidd,Jason Terry,Josh Howard,Eddie House,Kendrick Perkins,Rajon Rondo,Rasheed Wallace,Ray Allen,4,4:20,BOS,rebound,,,,,,,,,,Rajon Rondo,,,,,,def,,
Dirk Nowitzki,Drew Gooden,Jason Kidd,Jason Terry,Josh Howard,Eddie House,Kendrick Perkins,Rajon Rondo,Rasheed Wallace,Ray Allen,4,4:07,BOS,shot,,,,,,,,,,Rasheed Wallace,2,,,made,,fade away jumper,37,9
Dirk Nowitzki,Drew Gooden,Jason Kidd,Jason Terry,Josh Howard,Eddie House,Kendrick Perkins,Rajon Rondo,Rasheed Wallace,Ray Allen,4,3:43,DAL,shot,,,,,,,,,,Dirk Nowitzki,,,,missed,,jump,25,18
Dirk Nowitzki,Drew Gooden,Jason Kidd,Jason Terry,Josh Howard,Eddie House,Kendrick Perkins,Rajon Rondo,Rasheed Wallace,Ray Allen,4,3:42,DAL,rebound,,,,,,,,,,Drew Gooden,,,,,,off,,
Dirk Nowitzki,Drew Gooden,Jason Kidd,Jason Terry,Josh Howard,Eddie House,Kendrick Perkins,Rajon Rondo,Rasheed Wallace,Ray Allen,4,3:27,DAL,shot,Jason Kidd,,,,,,,,,Dirk Nowitzki,2,,,made,,jump,11,15
Dirk Nowitzki,Drew Gooden,Jason Kidd,Jason Terry,Josh Howard,Eddie House,Kendrick Perkins,Rajon Rondo,Rasheed Wallace,Ray Allen,4,3:10,BOS,shot,,,,,,,,,,Ray Allen,2,,,made,,driving layup,25,6
Dirk Nowitzki,Drew Gooden,Jason Kidd,Jason Terry,Josh Howard,Eddie House,Kendrick Perkins,Rajon Rondo,Rasheed Wallace,Ray Allen,4,2:45,BOS,foul,,,,,,,,Josh Howard,,Kendrick Perkins,,,,,,shooting,,
Dirk Nowitzki,Drew Gooden,Jason Kidd,Jason Terry,Josh Howard,Eddie House,Kendrick Perkins,Rajon Rondo,Rasheed Wallace,Ray Allen,4,2:45,BOS,timeout,,,,,,,,,,,,,,,,regular,,
Dirk Nowitzki,Drew Gooden,Jason Kidd,Jason Terry,Josh Howard,Eddie House,Paul Pierce,Rajon Rondo,Rasheed Wallace,Ray Allen,4,2:45,BOS,sub,,,,Paul Pierce,,Kendrick Perkins,,,,,,,,,,,,
Dirk Nowitzki,Jason Kidd,Jason Terry,Josh Howard,Shawn Marion,Eddie House,Paul Pierce,Rajon Rondo,Rasheed Wallace,Ray Allen,4,2:45,DAL,sub,,,,Shawn Marion,,Drew Gooden,,,,,,,,,,,,
Dirk Nowitzki,Jason Kidd,Jason Terry,Josh Howard,Shawn Marion,Eddie House,Paul Pierce,Rajon Rondo,Rasheed Wallace,Ray Allen,4,2:45,DAL,free throw,,,,,,,1,,2,Josh Howard,,,foul,missed,,,,
Dirk Nowitzki,Jason Kidd,Jason Terry,Josh Howard,Shawn Marion,Eddie House,Paul Pierce,Rajon Rondo,Rasheed Wallace,Ray Allen,4,2:45,DAL,rebound,,,,,,,,,,,,,,,,,,
Dirk Nowitzki,Jason Kidd,Jason Terry,Josh Howard,Shawn Marion,Eddie House,Paul Pierce,Rajon Rondo,Rasheed Wallace,Ray Allen,4,2:45,DAL,free throw,,,,,,,2,,2,Josh Howard,,,foul,made,,,,
Dirk Nowitzki,Jason Kidd,Jason Terry,Josh Howard,Shawn Marion,Eddie House,Paul Pierce,Rajon Rondo,Rasheed Wallace,Ray Allen,4,2:39,BOS,shot,,,Shawn Marion,,,,,,,Rajon Rondo,,,,missed,,layup,24,7
Dirk Nowitzki,Jason Kidd,Jason Terry,Josh Howard,Shawn Marion,Eddie House,Paul Pierce,Rajon Rondo,Rasheed Wallace,Ray Allen,4,2:36,DAL,rebound,,,,,,,,,,Dirk Nowitzki,,,,,,def,,
Dirk Nowitzki,Jason Kidd,Jason Terry,Josh Howard,Shawn Marion,Eddie House,Paul Pierce,Rajon Rondo,Rasheed Wallace,Ray Allen,4,2:22,DAL,shot,Dirk Nowitzki,,,,,,,,,Jason Terry,2,,,made,,jump,8,8
Dirk Nowitzki,Jason Kidd,Jason Terry,Josh Howard,Shawn Marion,Eddie House,Paul Pierce,Rajon Rondo,Rasheed Wallace,Ray Allen,4,2:02,BOS,shot,Paul Pierce,,,,,,,,,Rasheed Wallace,2,,,made,,dunk,25,7
Dirk Nowitzki,Jason Kidd,Jason Terry,Josh Howard,Shawn Marion,Eddie House,Paul Pierce,Rajon Rondo,Rasheed Wallace,Ray Allen,4,1:37,DAL,shot,,,,,,,,,,Jason Terry,,,,missed,,jump,11,8
Dirk Nowitzki,Jason Kidd,Jason Terry,Josh Howard,Shawn Marion,Eddie House,Paul Pierce,Rajon Rondo,Rasheed Wallace,Ray Allen,4,1:36,BOS,rebound,,,,,,,,,,Ray Allen,,,,,,def,,
Dirk Nowitzki,Jason Kidd,Jason Terry,Josh Howard,Shawn Marion,Eddie House,Paul Pierce,Rajon Rondo,Rasheed Wallace,Ray Allen,4,1:27,BOS,shot,,,,,,,,,,Rasheed Wallace,,,,missed,,3pt,5,21
Dirk Nowitzki,Jason Kidd,Jason Terry,Josh Howard,Shawn Marion,Eddie House,Paul Pierce,Rajon Rondo,Rasheed Wallace,Ray Allen,4,1:26,DAL,rebound,,,,,,,,,,Shawn Marion,,,,,,def,,
Dirk Nowitzki,Jason Kidd,Jason Terry,Josh Howard,Shawn Marion,Eddie House,Paul Pierce,Rajon Rondo,Rasheed Wallace,Ray Allen,4,1:05,DAL,turnover,,,,,,,,,,Jason Kidd,,,bad pass,,Eddie House,,,
Dirk Nowitzki,Jason Kidd,Jason Terry,Josh Howard,Shawn Marion,Eddie House,Paul Pierce,Rajon Rondo,Rasheed Wallace,Ray Allen,4,1:00,BOS,shot,Ray Allen,,,,,,,,,Rasheed Wallace,2,,,made,,alley oop layup,24,7
Dirk Nowitzki,Jason Kidd,Jason Terry,Josh Howard,Shawn Marion,Eddie House,Paul Pierce,Rajon Rondo,Rasheed Wallace,Ray Allen,4,0:41,BOS,foul,,,,,,,,Dirk Nowitzki,,Rasheed Wallace,,,,,,shooting,,
Dirk Nowitzki,Jason Kidd,Jason Terry,Josh Howard,Shawn Marion,Eddie House,Paul Pierce,Rajon Rondo,Rasheed Wallace,Ray Allen,4,0:41,DAL,free throw,,,,,,,1,,2,Dirk Nowitzki,,,foul,made,,,,
Dirk Nowitzki,Jason Kidd,Jason Terry,Josh Howard,Shawn Marion,Bill Walker,Eddie House,Rajon Rondo,Rasheed Wallace,Ray Allen,4,0:41,BOS,sub,,,,Bill Walker,,Paul Pierce,,,,,,,,,,,,
Dirk Nowitzki,Jason Kidd,Jason Terry,Josh Howard,Shawn Marion,Bill Walker,Eddie House,Glen Davis,Rajon Rondo,Ray Allen,4,0:41,BOS,sub,,,,Glen Davis,,Rasheed Wallace,,,,,,,,,,,,
Dirk Nowitzki,Jason Kidd,Jason Terry,Josh Howard,Shawn Marion,Bill Walker,Eddie House,Glen Davis,Rajon Rondo,Tony Allen,4,0:41,BOS,sub,,,,Tony Allen,,Ray Allen,,,,,,,,,,,,
Dirk Nowitzki,Jason Kidd,Jason Terry,Josh Howard,Shawn Marion,Bill Walker,Eddie House,Glen Davis,J.R. Giddens,Tony Allen,4,0:41,BOS,sub,,,,J.R. Giddens,,Rajon Rondo,,,,,,,,,,,,
Dirk Nowitzki,Jason Terry,Jose Juan Barea,Josh Howard,Shawn Marion,Bill Walker,Eddie House,Glen Davis,J.R. Giddens,Tony Allen,4,0:41,DAL,sub,,,,Jose Juan Barea,,Jason Kidd,,,,,,,,,,,,
Dirk Nowitzki,Jason Terry,Jose Juan Barea,Josh Howard,Shawn Marion,Bill Walker,Eddie House,Glen Davis,J.R. Giddens,Tony Allen,4,0:41,DAL,free throw,,,,,,,2,,2,Dirk Nowitzki,,,foul,missed,,,,
Dirk Nowitzki,Jason Terry,Jose Juan Barea,Josh Howard,Shawn Marion,Bill Walker,Eddie House,Glen Davis,J.R. Giddens,Tony Allen,4,0:41,DAL,rebound,,,,,,,,,,,,,,,,,,
James Singleton,Jason Terry,Jose Juan Barea,Josh Howard,Shawn Marion,Bill Walker,Eddie House,Glen Davis,J.R. Giddens,Tony Allen,4,0:41,DAL,sub,,,,James Singleton,,Dirk Nowitzki,,,,,,,,,,,,
James Singleton,Jason Terry,Jose Juan Barea,Josh Howard,Shawn Marion,Bill Walker,Eddie House,Glen Davis,J.R. Giddens,Tony Allen,4,0:22,DAL,turnover,,,,,,,,,,James Singleton,,,traveling,,,,,
James Singleton,Jason Terry,Jose Juan Barea,Josh Howard,Shawn Marion,Bill Walker,Eddie House,Glen Davis,J.R. Giddens,Tony Allen,4,0:09,BOS,shot,,,Shawn Marion,,,,,,,J.R. Giddens,,,,missed,,layup,26,7
James Singleton,Jason Terry,Jose Juan Barea,Josh Howard,Shawn Marion,Bill Walker,Eddie House,Glen Davis,J.R. Giddens,Tony Allen,4,0:09,BOS,rebound,,,,,,,,,,,,,,,,,,
James Singleton,Jason Terry,Jose Juan Barea,Josh Howard,Shawn Marion,Bill Walker,Eddie House,Glen Davis,J.R. Giddens,Tony Allen,4,0:03,BOS,shot,Tony Allen,,,,,,,,,Glen Davis,2,,,made,,reverse layup,26,7
