a1,a2,a3,a4,a5,h1,h2,h3,h4,h5,period,time,team,etype,assist,away,block,entered,home,left,num,opponent,outof,player,points,possession,reason,result,steal,type,x,y
Kendrick Perkins,Kevin Garnett,Paul Pierce,Rajon Rondo,Tony Allen,Darren Collison,David West,Emeka Okafor,Morris Peterson,Peja Stojakovic,1,12:00,OFF,jump ball,,Kendrick Perkins,,,Emeka Okafor,,,,,,,Kevin Garnett,,,,,,
Kendrick Perkins,Kevin Garnett,Paul Pierce,Rajon Rondo,Tony Allen,Darren Collison,David West,Emeka Okafor,Morris Peterson,Peja Stojakovic,1,11:46,BOS,shot,Paul Pierce,,,,,,,,,Kendrick Perkins,2,,,made,,layup,25,6
Kendrick Perkins,Kevin Garnett,Paul Pierce,Rajon Rondo,Tony Allen,Darren Collison,David West,Emeka Okafor,Morris Peterson,Peja Stojakovic,1,11:30,NOH,turnover,,,,,,,,,,Emeka Okafor,,,traveling,,,,,
Kendrick Perkins,Kevin Garnett,Paul Pierce,Rajon Rondo,Tony Allen,Darren Collison,David West,Emeka Okafor,Morris Peterson,Peja Stojakovic,1,11:13,BOS,shot,Rajon Rondo,,,,,,,,,Paul Pierce,2,,,made,,driving layup,25,6
Kendrick Perkins,Kevin Garnett,Paul Pierce,Rajon Rondo,Tony Allen,Darren Collison,David West,Emeka Okafor,Morris Peterson,Peja Stojakovic,1,10:55,NOH,shot,,,,,,,,,,Morris Peterson,,,,missed,,jump,28,26
Kendrick Perkins,Kevin Garnett,Paul Pierce,Rajon Rondo,Tony Allen,Darren Collison,David West,Emeka Okafor,Morris Peterson,Peja Stojakovic,1,10:54,BOS,rebound,,,,,,,,,,Kendrick Perkins,,,,,,def,,
Kendrick Perkins,Kevin Garnett,Paul Pierce,Rajon Rondo,Tony Allen,Darren Collison,David West,Emeka Okafor,Morris Peterson,Peja Stojakovic,1,10:42,NOH,foul,,,,,,,,Kevin Garnett,,David West,,,,,,shooting,,
Kendrick Perkins,Kevin Garnett,Paul Pierce,Rajon Rondo,Tony Allen,Darren Collison,David West,Emeka Okafor,Morris Peterson,Peja Stojakovic,1,10:42,BOS,free throw,,,,,,,1,,2,Kevin Garnett,,,foul,made,,,,
Kendrick Perkins,Kevin Garnett,Paul Pierce,Rajon Rondo,Tony Allen,Darren Collison,David West,Emeka Okafor,Morris Peterson,Peja Stojakovic,1,10:42,BOS,free throw,,,,,,,2,,2,Kevin Garnett,,,foul,made,,,,
Kendrick Perkins,Kevin Garnett,Paul Pierce,Rajon Rondo,Tony Allen,Darren Collison,David West,Emeka Okafor,Morris Peterson,Peja Stojakovic,1,10:19,NOH,shot,,,,,,,,,,David West,2,,,made,,turnaround fade away,23,18
Kendrick Perkins,Kevin Garnett,Paul Pierce,Rajon Rondo,Tony Allen,Darren Collison,David West,Emeka Okafor,Morris Peterson,Peja Stojakovic,1,10:04,BOS,shot,,,,,,,,,,Paul Pierce,,,,missed,,3pt,26,30
Kendrick Perkins,Kevin Garnett,Paul Pierce,Rajon Rondo,Tony Allen,Darren Collison,David West,Emeka Okafor,Morris Peterson,Peja Stojakovic,1,10:03,NOH,rebound,,,,,,,,,,Morris Peterson,,,,,,def,,
Kendrick Perkins,Kevin Garnett,Paul Pierce,Rajon Rondo,Tony Allen,Darren Collison,David West,Emeka Okafor,Morris Peterson,Peja Stojakovic,1,9:48,NOH,shot,,,,,,,,,,Emeka Okafor,,,,missed,,jump,33,9
Kendrick Perkins,Kevin Garnett,Paul Pierce,Rajon Rondo,Tony Allen,Darren Collison,David West,Emeka Okafor,Morris Peterson,Peja Stojakovic,1,9:47,BOS,rebound,,,,,,,,,,Rajon Rondo,,,,,,def,,
Kendrick Perkins,Kevin Garnett,Paul Pierce,Rajon Rondo,Tony Allen,Darren Collison,David West,Emeka Okafor,Morris Peterson,Peja Stojakovic,1,9:44,BOS,turnover,,,,,,,,,,Rajon Rondo,,,lost ball,,Darren Collison,,,
Kendrick Perkins,Kevin Garnett,Paul Pierce,Rajon Rondo,Tony Allen,Darren Collison,David West,Emeka Okafor,Morris Peterson,Peja Stojakovic,1,9:41,NOH,turnover,,,,,,,,,,Darren Collison,,,out of bounds lost ball turnover,,,,,
Kendrick Perkins,Kevin Garnett,Paul Pierce,Rajon Rondo,Tony Allen,Darren Collison,David West,Emeka Okafor,Morris Peterson,Peja Stojakovic,1,9:41,NOH,foul,,,,,,,,,,Bower,,,,,,technical,,
Kendrick Perkins,Kevin Garnett,Paul Pierce,Rajon Rondo,Tony Allen,Darren Collison,David West,Emeka Okafor,Morris Peterson,Peja Stojakovic,1,9:41,BOS,free throw,,,,,,,1,,1,Paul Pierce,,,technical,missed,,,,
Kendrick Perkins,Kevin Garnett,Paul Pierce,Rajon Rondo,Tony Allen,Darren Collison,David West,Emeka Okafor,Morris Peterson,Peja Stojakovic,1,9:41,BOS,rebound,,,,,,,,,,,,,,,,,,
Kendrick Perkins,Kevin Garnett,Paul Pierce,Rajon Rondo,Tony Allen,Darren Collison,David West,Emeka Okafor,Morris Peterson,Peja Stojakovic,1,9:32,BOS,foul,,,,,,,,Peja Stojakovic,,Paul Pierce,,,,,,offensive,,
Kendrick Perkins,Kevin Garnett,Paul Pierce,Rajon Rondo,Tony Allen,Darren Collison,David West,Emeka Okafor,Morris Peterson,Peja Stojakovic,1,9:32,BOS,turnover,,,,,,,,,,Paul Pierce,,,foul,,,,,
Kendrick Perkins,Kevin Garnett,Paul Pierce,Rajon Rondo,Tony Allen,Darren Collison,David West,Emeka Okafor,Morris Peterson,Peja Stojakovic,1,9:17,NOH,shot,Darren Collison,,,,,,,,,Morris Peterson,3,,,made,,3pt,48,7
Kendrick Perkins,Kevin Garnett,Paul Pierce,Rajon Rondo,Tony Allen,Darren Collison,David West,Emeka Okafor,Morris Peterson,Peja Stojakovic,1,8:58,BOS,shot,,,,,,,,,,Kevin Garnett,2,,,made,,jump,24,15
Kendrick Perkins,Kevin Garnett,Paul Pierce,Rajon Rondo,Tony Allen,Darren Collison,David West,Emeka Okafor,Morris Peterson,Peja Stojakovic,1,8:44,NOH,shot,Morris Peterson,,,,,,,,,Peja Stojakovic,2,,,made,,jump,21,15
Kendrick Perkins,Kevin Garnett,Paul Pierce,Rajon Rondo,Tony Allen,Darren Collison,David West,Emeka Okafor,Morris Peterson,Peja Stojakovic,1,8:21,BOS,shot,,,,,,,,,,Kevin Garnett,,,,missed,,jump,18,13
Kendrick Perkins,Kevin Garnett,Paul Pierce,Rajon Rondo,Tony Allen,Darren Collison,David West,Emeka Okafor,Morris Peterson,Peja Stojakovic,1,8:20,NOH,rebound,,,,,,,,,,Morris Peterson,,,,,,def,,
Kendrick Perkins,Kevin Garnett,Paul Pierce,Rajon Rondo,Tony Allen,Darren Collison,David West,Emeka Okafor,Morris Peterson,Peja Stojakovic,1,8:01,NOH,turnover,,,,,,,,,,Darren Collison,,,lost ball,,Rajon Rondo,,,
Kendrick Perkins,Kevin Garnett,Paul Pierce,Rajon Rondo,Tony Allen,Darren Collison,David West,Emeka Okafor,Morris Peterson,Peja Stojakovic,1,7:57,BOS,shot,Kevin Garnett,,,,,,,,,Rajon Rondo,2,,,made,,layup,25,6
Kendrick Perkins,Kevin Garnett,Paul Pierce,Rajon Rondo,Tony Allen,Darren Collison,David West,Emeka Okafor,Morris Peterson,Peja Stojakovic,1,7:49,NOH,shot,Emeka Okafor,,,,,,,,,Darren Collison,2,,,made,,layup,25,6
Kendrick Perkins,Kevin Garnett,Paul Pierce,Rajon Rondo,Tony Allen,Darren Collison,David West,Emeka Okafor,Morris Peterson,Peja Stojakovic,1,7:22,BOS,shot,,,,,,,,,,Rajon Rondo,,,,missed,,3pt,48,6
Kendrick Perkins,Kevin Garnett,Paul Pierce,Rajon Rondo,Tony Allen,Darren Collison,David West,Emeka Okafor,Morris Peterson,Peja Stojakovic,1,7:21,NOH,rebound,,,,,,,,,,David West,,,,,,def,,
Kendrick Perkins,Kevin Garnett,Paul Pierce,Rajon Rondo,Tony Allen,Darren Collison,David West,Emeka Okafor,Morris Peterson,Peja Stojakovic,1,7:16,NOH,shot,David West,,,,,,,,,Darren Collison,2,,,made,,pullup jump,26,22
Kendrick Perkins,Kevin Garnett,Paul Pierce,Rajon Rondo,Tony Allen,Darren Collison,David West,Emeka Okafor,Morris Peterson,Peja Stojakovic,1,7:02,BOS,shot,,,,,,,,,,Kevin Garnett,,,,missed,,jump,44,16
Kendrick Perkins,Kevin Garnett,Paul Pierce,Rajon Rondo,Tony Allen,Darren Collison,David West,Emeka Okafor,Morris Peterson,Peja Stojakovic,1,7:01,NOH,rebound,,,,,,,,,,Morris Peterson,,,,,,def,,
Kendrick Perkins,Kevin Garnett,Paul Pierce,Rajon Rondo,Tony Allen,Darren Collison,David West,Emeka Okafor,Morris Peterson,Peja Stojakovic,1,6:54,NOH,shot,,,,,,,,,,Peja Stojakovic,3,,,made,,3pt,12,26
Kendrick Perkins,Kevin Garnett,Paul Pierce,Rajon Rondo,Tony Allen,Darren Collison,David West,Emeka Okafor,Morris Peterson,Peja Stojakovic,1,6:37,NOH,foul,,,,,,,,Paul Pierce,,David West,,,,,,shooting,,
Kendrick Perkins,Kevin Garnett,Paul Pierce,Rajon Rondo,Tony Allen,Darren Collison,David West,Emeka Okafor,Morris Peterson,Peja Stojakovic,1,6:37,BOS,free throw,,,,,,,1,,2,Paul Pierce,,,foul,made,,,,
Kendrick Perkins,Kevin Garnett,Paul Pierce,Rajon Rondo,Tony Allen,Darren Collison,David West,Emeka Okafor,Morris Peterson,Peja Stojakovic,1,6:37,BOS,free throw,,,,,,,2,,2,Paul Pierce,,,foul,made,,,,
Kendrick Perkins,Kevin Garnett,Paul Pierce,Rajon Rondo,Tony Allen,Darren Collison,David West,Emeka Okafor,Morris Peterson,Peja Stojakovic,1,6:20,NOH,shot,Darren Collison,,,,,,,,,David West,2,,,made,,reverse layup,25,6
Kendrick Perkins,Kevin Garnett,Paul Pierce,Rajon Rondo,Tony Allen,Darren Collison,David West,Emeka Okafor,Morris Peterson,Peja Stojakovic,1,6:10,BOS,shot,,,,,,,,,,Rajon Rondo,,,,missed,,layup,25,6
Kendrick Perkins,Kevin Garnett,Paul Pierce,Rajon Rondo,Tony Allen,Darren Collison,David West,Emeka Okafor,Morris Peterson,Peja Stojakovic,1,6:09,NOH,rebound,,,,,,,,,,David West,,,,,,def,,
Kendrick Perkins,Kevin Garnett,Paul Pierce,Rajon Rondo,Tony Allen,Darren Collison,David West,Emeka Okafor,Morris Peterson,Peja Stojakovic,1,5:52,NOH,shot,,,,,,,,,,David West,2,,,made,,jump,24,14
Kendrick Perkins,Kevin Garnett,Paul Pierce,Rajon Rondo,Tony Allen,Darren Collison,David West,Emeka Okafor,Morris Peterson,Peja Stojakovic,1,5:36,BOS,shot,Rajon Rondo,,,,,,,,,Paul Pierce,2,,,made,,driving layup,25,6
Kendrick Perkins,Kevin Garnett,Paul Pierce,Rajon Rondo,Tony Allen,Darren Collison,David West,Emeka Okafor,Morris Peterson,Peja Stojakovic,1,5:25,NOH,turnover,,,,,,,,,,David West,,,lost ball,,Tony Allen,,,
Kendrick Perkins,Kevin Garnett,Paul Pierce,Rajon Rondo,Tony Allen,Darren Collison,David West,Emeka Okafor,Morris Peterson,Peja Stojakovic,1,5:21,BOS,shot,,,,,,,,,,Tony Allen,2,,,made,,layup,25,6
Kendrick Perkins,Kevin Garnett,Paul Pierce,Rajon Rondo,Tony Allen,Darren Collison,David West,Emeka Okafor,Morris Peterson,Peja Stojakovic,1,5:12,NOH,shot,,,,,,,,,,Peja Stojakovic,,,,missed,,3pt,44,27
Kendrick Perkins,Kevin Garnett,Paul Pierce,Rajon Rondo,Tony Allen,Darren Collison,David West,Emeka Okafor,Morris Peterson,Peja Stojakovic,1,5:11,BOS,rebound,,,,,,,,,,Kendrick Perkins,,,,,,def,,
Kendrick Perkins,Kevin Garnett,Paul Pierce,Rajon Rondo,Tony Allen,Darren Collison,David West,Emeka Okafor,Morris Peterson,Peja Stojakovic,1,5:06,BOS,shot,Rajon Rondo,,,,,,,,,Paul Pierce,2,,,made,,finger roll layup,25,6
Kendrick Perkins,Kevin Garnett,Paul Pierce,Rajon Rondo,Tony Allen,Darren Collison,David West,Emeka Okafor,Morris Peterson,Peja Stojakovic,1,5:06,NOH,foul,,,,,,,,Paul Pierce,,Peja Stojakovic,,,,,,shooting,,
Kendrick Perkins,Kevin Garnett,Paul Pierce,Rajon Rondo,Tony Allen,Darren Collison,David West,Emeka Okafor,Morris Peterson,Peja Stojakovic,1,5:06,NOH,timeout,,,,,,,,,,,,,,,,regular,,
Kendrick Perkins,Kevin Garnett,Paul Pierce,Rajon Rondo,Tony Allen,Darren Collison,David West,Emeka Okafor,Morris Peterson,Peja Stojakovic,1,5:06,BOS,free throw,,,,,,,1,,1,Paul Pierce,,,foul,made,,,,
Kendrick Perkins,Kevin Garnett,Paul Pierce,Rajon Rondo,Tony Allen,Darren Collison,David West,Emeka Okafor,Morris Peterson,Peja Stojakovic,1,4:47,BOS,foul,,,,,,,,David West,,Kevin Garnett,,,,,,shooting,,
Kendrick Perkins,Kevin Garnett,Paul Pierce,Rajon Rondo,Tony Allen,Darren Collison,David West,Emeka Okafor,Morris Peterson,Peja Stojakovic,1,4:47,NOH,free throw,,,,,,,1,,2,David West,,,foul,made,,,,
Kendrick Perkins,Kevin Garnett,Paul Pierce,Rajon Rondo,Tony Allen,Darren Collison,David West,Emeka Okafor,Morris Peterson,Peja Stojakovic,1,4:47,NOH,free throw,,,,,,,2,,2,David West,,,foul,made,,,,
Kendrick Perkins,Kevin Garnett,Paul Pierce,Rajon Rondo,Tony Allen,Darren Collison,David West,Emeka Okafor,Morris Peterson,Peja Stojakovic,1,4:36,NOH,foul,,,,,,,,Rajon Rondo,,Darren Collison,,,,,,shooting,,
Kendrick Perkins,Kevin Garnett,Paul Pierce,Rajon Rondo,Tony Allen,Darren Collison,David West,Emeka Okafor,Morris Peterson,Peja Stojakovic,1,4:36,BOS,free throw,,,,,,,1,,2,Rajon Rondo,,,foul,made,,,,
Kendrick Perkins,Kevin Garnett,Paul Pierce,Rajon Rondo,Tony Allen,Darren Collison,David West,Emeka Okafor,Morris Peterson,Peja Stojakovic,1,4:36,BOS,free throw,,,,,,,2,,2,Rajon Rondo,,,foul,made,,,,
Kendrick Perkins,Kevin Garnett,Paul Pierce,Rajon Rondo,Tony Allen,Darren Collison,David West,Emeka Okafor,Morris Peterson,Peja Stojakovic,1,4:24,NOH,shot,,,,,,,,,,Peja Stojakovic,,,,missed,,jump,8,16
Kendrick Perkins,Kevin Garnett,Paul Pierce,Rajon Rondo,Tony Allen,Darren Collison,David West,Emeka Okafor,Morris Peterson,Peja Stojakovic,1,4:23,BOS,rebound,,,,,,,,,,Kevin Garnett,,,,,,def,,
Kendrick Perkins,Kevin Garnett,Paul Pierce,Rajon Rondo,Tony Allen,Darren Collison,David West,Emeka Okafor,Morris Peterson,Peja Stojakovic,1,4:18,BOS,turnover,,,,,,,,,,Tony Allen,,,bad pass,,Morris Peterson,,,
Kendrick Perkins,Kevin Garnett,Paul Pierce,Rajon Rondo,Tony Allen,Darren Collison,David West,Emeka Okafor,Morris Peterson,Peja Stojakovic,1,4:11,BOS,foul,,,,,,,,Emeka Okafor,,Rajon Rondo,,,,,,shooting,,
Kendrick Perkins,Paul Pierce,Rajon Rondo,Rasheed Wallace,Tony Allen,Darren Collison,David West,Emeka Okafor,Morris Peterson,Peja Stojakovic,1,4:11,BOS,sub,,,,Rasheed Wallace,,Kevin Garnett,,,,,,,,,,,,
Kendrick Perkins,Paul Pierce,Rajon Rondo,Rasheed Wallace,Tony Allen,Darren Collison,David West,Emeka Okafor,Morris Peterson,Peja Stojakovic,1,4:11,NOH,free throw,,,,,,,1,,2,Emeka Okafor,,,foul,missed,,,,
Kendrick Perkins,Paul Pierce,Rajon Rondo,Rasheed Wallace,Tony Allen,Darren Collison,David West,Emeka Okafor,Morris Peterson,Peja Stojakovic,1,4:11,NOH,rebound,,,,,,,,,,,,,,,,,,
Kendrick Perkins,Paul Pierce,Rajon Rondo,Rasheed Wallace,Tony Allen,Darren Collison,David West,Emeka Okafor,Morris Peterson,Peja Stojakovic,1,4:11,NOH,free throw,,,,,,,2,,2,Emeka Okafor,,,foul,made,,,,
Kendrick Perkins,Paul Pierce,Rajon Rondo,Rasheed Wallace,Tony Allen,Darren Collison,David West,Emeka Okafor,Morris Peterson,Peja Stojakovic,1,4:05,BOS,shot,,,Emeka Okafor,,,,,,,Rajon Rondo,,,,missed,,layup,25,6
Kendrick Perkins,Paul Pierce,Rajon Rondo,Rasheed Wallace,Tony Allen,Darren Collison,David West,Emeka Okafor,Morris Peterson,Peja Stojakovic,1,4:04,BOS,rebound,,,,,,,,,,Tony Allen,,,,,,off,,
Kendrick Perkins,Paul Pierce,Rajon Rondo,Rasheed Wallace,Tony Allen,Darren Collison,David West,Emeka Okafor,Morris Peterson,Peja Stojakovic,1,3:50,BOS,shot,,,,,,,,,,Paul Pierce,,,,missed,,layup,25,6
Kendrick Perkins,Paul Pierce,Rajon Rondo,Rasheed Wallace,Tony Allen,Darren Collison,David West,Emeka Okafor,Morris Peterson,Peja Stojakovic,1,3:49,NOH,rebound,,,,,,,,,,Morris Peterson,,,,,,def,,
Kendrick Perkins,Paul Pierce,Rajon Rondo,Rasheed Wallace,Tony Allen,Darren Collison,David West,Emeka Okafor,Morris Peterson,Peja Stojakovic,1,3:40,NOH,turnover,,,,,,,,,,Darren Collison,,,bad pass,,,,,
Kendrick Perkins,Paul Pierce,Rajon Rondo,Rasheed Wallace,Tony Allen,Darren Collison,David West,Emeka Okafor,Morris Peterson,Peja Stojakovic,1,3:26,BOS,turnover,,,,,,,,,,Paul Pierce,,,bad pass,,,,,
Glen Davis,Paul Pierce,Rajon Rondo,Rasheed Wallace,Tony Allen,Darren Collison,David West,Emeka Okafor,Morris Peterson,Peja Stojakovic,1,3:26,BOS,sub,,,,Glen Davis,,Kendrick Perkins,,,,,,,,,,,,
Glen Davis,Paul Pierce,Rajon Rondo,Rasheed Wallace,Tony Allen,Darren Collison,David West,Emeka Okafor,Morris Peterson,Peja Stojakovic,1,3:11,NOH,shot,,,Rasheed Wallace,,,,,,,Darren Collison,,,,missed,,layup,25,6
Glen Davis,Paul Pierce,Rajon Rondo,Rasheed Wallace,Tony Allen,Darren Collison,David West,Emeka Okafor,Morris Peterson,Peja Stojakovic,1,3:09,BOS,rebound,,,,,,,,,,Rasheed Wallace,,,,,,def,,
Glen Davis,Paul Pierce,Rajon Rondo,Rasheed Wallace,Tony Allen,Darren Collison,David West,Emeka Okafor,Morris Peterson,Peja Stojakovic,1,3:07,BOS,foul,,,,,,,,Morris Peterson,,Rajon Rondo,,,,,,offensive,,
Glen Davis,Paul Pierce,Rajon Rondo,Rasheed Wallace,Tony Allen,Darren Collison,David West,Emeka Okafor,Morris Peterson,Peja Stojakovic,1,3:07,BOS,turnover,,,,,,,,,,Rajon Rondo,,,foul,,,,,
Eddie House,Glen Davis,Paul Pierce,Rasheed Wallace,Tony Allen,Darren Collison,David West,Emeka Okafor,Morris Peterson,Peja Stojakovic,1,3:07,BOS,sub,,,,Eddie House,,Rajon Rondo,,,,,,,,,,,,
Eddie House,Glen Davis,Paul Pierce,Rasheed Wallace,Tony Allen,Darius Songaila,Darren Collison,Emeka Okafor,Morris Peterson,Peja Stojakovic,1,3:07,NOH,sub,,,,Darius Songaila,,David West,,,,,,,,,,,,
Eddie House,Glen Davis,Paul Pierce,Rasheed Wallace,Tony Allen,Darius Songaila,Darren Collison,Emeka Okafor,Morris Peterson,Peja Stojakovic,1,2:56,NOH,shot,Peja Stojakovic,,,,,,,,,Emeka Okafor,2,,,made,,layup,25,6
Eddie House,Glen Davis,Paul Pierce,Rasheed Wallace,Tony Allen,Darius Songaila,Darren Collison,Emeka Okafor,Morris Peterson,Peja Stojakovic,1,2:37,BOS,shot,Rasheed Wallace,,,,,,,,,Tony Allen,2,,,made,,layup,25,6
Eddie House,Glen Davis,Paul Pierce,Rasheed Wallace,Tony Allen,Darius Songaila,Darren Collison,Emeka Okafor,Morris Peterson,Peja Stojakovic,1,2:20,NOH,shot,,,,,,,,,,Morris Peterson,,,,missed,,3pt,14,27
Eddie House,Glen Davis,Paul Pierce,Rasheed Wallace,Tony Allen,Darius Songaila,Darren Collison,Emeka Okafor,Morris Peterson,Peja Stojakovic,1,2:19,BOS,rebound,,,,,,,,,,Glen Davis,,,,,,def,,
Eddie House,Glen Davis,Paul Pierce,Rasheed Wallace,Tony Allen,Darius Songaila,Darren Collison,Emeka Okafor,Morris Peterson,Peja Stojakovic,1,2:07,BOS,shot,Tony Allen,,,,,,,,,Rasheed Wallace,2,,,made,,jump,8,14
Eddie House,Glen Davis,Paul Pierce,Rasheed Wallace,Tony Allen,Darius Songaila,Darren Collison,Emeka Okafor,Morris Peterson,Peja Stojakovic,1,1:55,NOH,turnover,,,,,,,,,,Darren Collison,,,bad pass,,Glen Davis,,,
Eddie House,Glen Davis,Paul Pierce,Rasheed Wallace,Tony Allen,Darius Songaila,Darren Collison,Emeka Okafor,Morris Peterson,Peja Stojakovic,1,1:51,BOS,turnover,,,,,,,,,,Eddie House,,,out of bounds lost ball turnover,,,,,
Eddie House,Glen Davis,Paul Pierce,Rasheed Wallace,Tony Allen,Darius Songaila,Darren Collison,Emeka Okafor,Morris Peterson,Peja Stojakovic,1,1:51,BOS,timeout,,,,,,,,,,,,,,,,regular,,
Eddie House,Glen Davis,Paul Pierce,Rasheed Wallace,Tony Allen,Darius Songaila,Darren Collison,Emeka Okafor,Morris Peterson,Peja Stojakovic,1,1:34,NOH,shot,,,,,,,,,,Darren Collison,2,,,made,,jump,32,17
Eddie House,Glen Davis,Paul Pierce,Rasheed Wallace,Tony Allen,Darius Songaila,Darren Collison,Emeka Okafor,Morris Peterson,Peja Stojakovic,1,1:22,BOS,foul,,,,,,,,Morris Peterson,,Glen Davis,,,,,,offensive,,
Eddie House,Glen Davis,Paul Pierce,Rasheed Wallace,Tony Allen,Darius Songaila,Darren Collison,Emeka Okafor,Morris Peterson,Peja Stojakovic,1,1:22,BOS,turnover,,,,,,,,,,Glen Davis,,,foul,,,,,
Eddie House,Glen Davis,Marquis Daniels,Rasheed Wallace,Tony Allen,Darius Songaila,Darren Collison,Emeka Okafor,Morris Peterson,Peja Stojakovic,1,1:22,BOS,sub,,,,Marquis Daniels,,Paul Pierce,,,,,,,,,,,,
Eddie House,Glen Davis,Marquis Daniels,Rasheed Wallace,Tony Allen,Darius Songaila,Darren Collison,Emeka Okafor,Marcus Thornton,Peja Stojakovic,1,1:22,NOH,sub,,,,Marcus Thornton,,Morris Peterson,,,,,,,,,,,,
Eddie House,Glen Davis,Marquis Daniels,Rasheed Wallace,Tony Allen,Darius Songaila,Darren Collison,Emeka Okafor,Marcus Thornton,Peja Stojakovic,1,1:06,NOH,shot,,,,,,,,,,Peja Stojakovic,,,,missed,,jump,18,21
Eddie House,Glen Davis,Marquis Daniels,Rasheed Wallace,Tony Allen,Darius Songaila,Darren Collison,Emeka Okafor,Marcus Thornton,Peja Stojakovic,1,1:05,BOS,rebound,,,,,,,,,,Glen Davis,,,,,,def,,
Eddie House,Glen Davis,Marquis Daniels,Rasheed Wallace,Tony Allen,Darius Songaila,Darren Collison,Emeka Okafor,Marcus Thornton,Peja Stojakovic,1,0:56,BOS,turnover,,,,,,,,,,Rasheed Wallace,,,bad pass,,Emeka Okafor,,,
Eddie House,Glen Davis,Marquis Daniels,Rasheed Wallace,Tony Allen,Darius Songaila,Darren Collison,Emeka Okafor,Marcus Thornton,Peja Stojakovic,1,0:47,NOH,shot,,,,,,,,,,Darren Collison,,,,missed,,jump,22,20
Eddie House,Glen Davis,Marquis Daniels,Rasheed Wallace,Tony Allen,Darius Songaila,Darren Collison,Emeka Okafor,Marcus Thornton,Peja Stojakovic,1,0:45,NOH,rebound,,,,,,,,,,Darius Songaila,,,,,,off,,
Eddie House,Glen Davis,Marquis Daniels,Rasheed Wallace,Tony Allen,Darius Songaila,Darren Collison,Emeka Okafor,Marcus Thornton,Peja Stojakovic,1,0:44,NOH,shot,,,Marquis Daniels,,,,,,,Darius Songaila,,,,missed,,jump,20,14
Eddie House,Glen Davis,Marquis Daniels,Rasheed Wallace,Tony Allen,Darius Songaila,Darren Collison,Emeka Okafor,Marcus Thornton,Peja Stojakovic,1,0:43,BOS,rebound,,,,,,,,,,Eddie House,,,,,,def,,
Eddie House,Glen Davis,Marquis Daniels,Rasheed Wallace,Tony Allen,Darius Songaila,Darren Collison,Emeka Okafor,Marcus Thornton,Peja Stojakovic,1,0:31,BOS,turnover,,,,,,,,,,Eddie House,,,bad pass,,Darren Collison,,,
Eddie House,Glen Davis,Marquis Daniels,Rasheed Wallace,Tony Allen,Darius Songaila,Darren Collison,Emeka Okafor,Marcus Thornton,Peja Stojakovic,1,0:27,NOH,shot,Darren Collison,,,,,,,,,Marcus Thornton,2,,,made,,layup,25,6
Eddie House,Glen Davis,Marquis Daniels,Rasheed Wallace,Tony Allen,Darius Songaila,Darren Collison,Emeka Okafor,Marcus Thornton,Peja Stojakovic,1,0:04,BOS,shot,,,,,,,,,,Rasheed Wallace,2,,,made,,layup,25,6
Eddie House,Glen Davis,Marquis Daniels,Rasheed Wallace,Tony Allen,Darius Songaila,Darren Collison,Emeka Okafor,Marcus Thornton,Peja Stojakovic,1,0:00,NOH,shot,,,,,,,,,,Darren Collison,2,,,made,,jump,13,16
Brian Scalabrine,Eddie House,Glen Davis,Marquis Daniels,Rasheed Wallace,Aaron Gray,Darius Songaila,James Posey,Marcus Thornton,Peja Stojakovic,2,11:41,NOH,shot,,,,,,,,,,Marcus Thornton,,,,missed,,jump,11,12
Brian Scalabrine,Eddie House,Glen Davis,Marquis Daniels,Rasheed Wallace,Aaron Gray,Darius Songaila,James Posey,Marcus Thornton,Peja Stojakovic,2,11:40,BOS,rebound,,,,,,,,,,Brian Scalabrine,,,,,,def,,
Brian Scalabrine,Eddie House,Glen Davis,Marquis Daniels,Rasheed Wallace,Aaron Gray,Darius Songaila,James Posey,Marcus Thornton,Peja Stojakovic,2,11:22,BOS,shot,Brian Scalabrine,,,,,,,,,Rasheed Wallace,2,,,made,,jump bank,10,11
Brian Scalabrine,Eddie House,Glen Davis,Marquis Daniels,Rasheed Wallace,Aaron Gray,Darius Songaila,James Posey,Marcus Thornton,Peja Stojakovic,2,11:00,NOH,shot,,,,,,,,,,Peja Stojakovic,,,,missed,,3pt,16,29
Brian Scalabrine,Eddie House,Glen Davis,Marquis Daniels,Rasheed Wallace,Aaron Gray,Darius Songaila,James Posey,Marcus Thornton,Peja Stojakovic,2,10:59,BOS,rebound,,,,,,,,,,Rasheed Wallace,,,,,,def,,
Brian Scalabrine,Eddie House,Glen Davis,Marquis Daniels,Rasheed Wallace,Aaron Gray,Darius Songaila,James Posey,Marcus Thornton,Peja Stojakovic,2,10:39,BOS,shot,,,,,,,,,,Rasheed Wallace,2,,,made,,turnaround jump,10,8
Brian Scalabrine,Eddie House,Glen Davis,Marquis Daniels,Rasheed Wallace,Aaron Gray,Darius Songaila,James Posey,Marcus Thornton,Peja Stojakovic,2,10:19,NOH,turnover,,,,,,,,,,Aaron Gray,,,bad pass,,,,,
Brian Scalabrine,Eddie House,Glen Davis,Marquis Daniels,Rasheed Wallace,Aaron Gray,Darius Songaila,James Posey,Marcus Thornton,Peja Stojakovic,2,9:55,BOS,shot,,,,,,,,,,Rasheed Wallace,,,,missed,,jump,15,14
Brian Scalabrine,Eddie House,Glen Davis,Marquis Daniels,Rasheed Wallace,Aaron Gray,Darius Songaila,James Posey,Marcus Thornton,Peja Stojakovic,2,9:54,NOH,rebound,,,,,,,,,,James Posey,,,,,,def,,
Brian Scalabrine,Eddie House,Glen Davis,Marquis Daniels,Rasheed Wallace,Aaron Gray,Darius Songaila,James Posey,Marcus Thornton,Peja Stojakovic,2,9:35,NOH,shot,,,,,,,,,,James Posey,,,,missed,,3pt,33,31
Brian Scalabrine,Eddie House,Glen Davis,Marquis Daniels,Rasheed Wallace,Aaron Gray,Darius Songaila,James Posey,Marcus Thornton,Peja Stojakovic,2,9:34,NOH,rebound,,,,,,,,,,Aaron Gray,,,,,,off,,
Brian Scalabrine,Eddie House,Glen Davis,Marquis Daniels,Rasheed Wallace,Aaron Gray,Darius Songaila,James Posey,Marcus Thornton,Peja Stojakovic,2,9:19,NOH,shot,Marcus Thornton,,,,,,,,,Darius Songaila,2,,,made,,jump,18,27
Brian Scalabrine,Eddie House,Glen Davis,Marquis Daniels,Rasheed Wallace,Aaron Gray,Darius Songaila,James Posey,Marcus Thornton,Peja Stojakovic,2,9:01,BOS,shot,Eddie House,,,,,,,,,Glen Davis,2,,,made,,layup,25,6
Brian Scalabrine,Eddie House,Glen Davis,Marquis Daniels,Rasheed Wallace,Aaron Gray,Darius Songaila,James Posey,Marcus Thornton,Peja Stojakovic,2,9:01,NOH,foul,,,,,,,,Glen Davis,,Darius Songaila,,,,,,shooting,,
Brian Scalabrine,Eddie House,Glen Davis,Marquis Daniels,Rasheed Wallace,Aaron Gray,Darius Songaila,James Posey,Marcus Thornton,Peja Stojakovic,2,9:01,BOS,free throw,,,,,,,1,,1,Glen Davis,,,foul,made,,,,
Brian Scalabrine,Eddie House,Glen Davis,Marquis Daniels,Rasheed Wallace,Aaron Gray,Darius Songaila,James Posey,Marcus Thornton,Peja Stojakovic,2,8:50,NOH,timeout,,,,,,,,,,,,,,,,official,,
Brian Scalabrine,Eddie House,Glen Davis,Marquis Daniels,Rasheed Wallace,Darius Songaila,David West,James Posey,Marcus Thornton,Peja Stojakovic,2,8:50,NOH,sub,,,,David West,,Aaron Gray,,,,,,,,,,,,
Brian Scalabrine,Eddie House,Glen Davis,Marquis Daniels,Rasheed Wallace,Darius Songaila,Darren Collison,David West,James Posey,Marcus Thornton,2,8:50,NOH,sub,,,,Darren Collison,,Peja Stojakovic,,,,,,,,,,,,
Brian Scalabrine,Eddie House,Glen Davis,Marquis Daniels,Rasheed Wallace,Darius Songaila,Darren Collison,David West,James Posey,Marcus Thornton,2,8:50,NOH,turnover,,,,,,,,,,,,,,,,,,
Brian Scalabrine,Eddie House,Glen Davis,Marquis Daniels,Rasheed Wallace,Darius Songaila,Darren Collison,David West,James Posey,Marcus Thornton,2,8:39,BOS,shot,,,,,,,,,,Glen Davis,,,,missed,,layup,25,6
Brian Scalabrine,Eddie House,Glen Davis,Marquis Daniels,Rasheed Wallace,Darius Songaila,Darren Collison,David West,James Posey,Marcus Thornton,2,8:38,NOH,rebound,,,,,,,,,,Darius Songaila,,,,,,def,,
Brian Scalabrine,Eddie House,Glen Davis,Marquis Daniels,Rasheed Wallace,Darius Songaila,Darren Collison,David West,James Posey,Marcus Thornton,2,8:36,NOH,turnover,,,,,,,,,,Darius Songaila,,,bad pass,,Rasheed Wallace,,,
Brian Scalabrine,Eddie House,Glen Davis,Marquis Daniels,Rasheed Wallace,Darius Songaila,Darren Collison,David West,James Posey,Marcus Thornton,2,8:32,BOS,shot,Marquis Daniels,,,,,,,,,Glen Davis,2,,,made,,layup,25,6
Brian Scalabrine,Eddie House,Glen Davis,Marquis Daniels,Rasheed Wallace,Darius Songaila,Darren Collison,David West,James Posey,Marcus Thornton,2,8:08,NOH,turnover,,,,,,,,,,James Posey,,,bad pass,,Marquis Daniels,,,
Brian Scalabrine,Eddie House,Glen Davis,Marquis Daniels,Rasheed Wallace,Darius Songaila,Darren Collison,David West,James Posey,Marcus Thornton,2,8:03,BOS,turnover,,,,,,,,,,Eddie House,,,bad pass,,Darren Collison,,,
Brian Scalabrine,Eddie House,Glen Davis,Marquis Daniels,Rasheed Wallace,Darius Songaila,Darren Collison,David West,James Posey,Marcus Thornton,2,7:59,BOS,foul,,,,,,,,Darren Collison,,Brian Scalabrine,,,,,,personal,,
Brian Scalabrine,Eddie House,Glen Davis,Marquis Daniels,Rasheed Wallace,Darius Songaila,Darren Collison,David West,James Posey,Marcus Thornton,2,7:51,NOH,shot,David West,,,,,,,,,Darius Songaila,2,,,made,,jump,7,16
Brian Scalabrine,Eddie House,Glen Davis,Marquis Daniels,Rasheed Wallace,Darius Songaila,Darren Collison,David West,James Posey,Marcus Thornton,2,7:32,BOS,shot,,,,,,,,,,Marquis Daniels,,,,missed,,jump,24,14
Brian Scalabrine,Eddie House,Glen Davis,Marquis Daniels,Rasheed Wallace,Darius Songaila,Darren Collison,David West,James Posey,Marcus Thornton,2,7:31,NOH,rebound,,,,,,,,,,Marcus Thornton,,,,,,def,,
Brian Scalabrine,Eddie House,Glen Davis,Marquis Daniels,Rasheed Wallace,Darius Songaila,Darren Collison,David West,James Posey,Marcus Thornton,2,7:25,NOH,shot,,,,,,,,,,Marcus Thornton,,,,missed,,jump,17,28
Brian Scalabrine,Eddie House,Glen Davis,Marquis Daniels,Rasheed Wallace,Darius Songaila,Darren Collison,David West,James Posey,Marcus Thornton,2,7:24,BOS,rebound,,,,,,,,,,Rasheed Wallace,,,,,,def,,
Brian Scalabrine,Eddie House,Glen Davis,Marquis Daniels,Rasheed Wallace,Darius Songaila,Darren Collison,David West,James Posey,Marcus Thornton,2,7:12,BOS,shot,Marquis Daniels,,,,,,,,,Eddie House,2,,,made,,layup,25,6
Brian Scalabrine,Eddie House,Glen Davis,Marquis Daniels,Rasheed Wallace,Darius Songaila,Darren Collison,David West,James Posey,Marcus Thornton,2,7:03,NOH,timeout,,,,,,,,,,,,,,,,short,,
Brian Scalabrine,Eddie House,Glen Davis,Marquis Daniels,Rasheed Wallace,Darius Songaila,Darren Collison,David West,James Posey,Marcus Thornton,2,6:56,NOH,turnover,,,,,,,,,,Marcus Thornton,,,bad pass,,,,,
Brian Scalabrine,Eddie House,Glen Davis,Marquis Daniels,Rasheed Wallace,Darius Songaila,Darren Collison,David West,James Posey,Marcus Thornton,2,6:41,BOS,shot,Marquis Daniels,,,,,,,,,Glen Davis,2,,,made,,turnaround jump,31,16
Brian Scalabrine,Eddie House,Glen Davis,Marquis Daniels,Rasheed Wallace,Darius Songaila,Darren Collison,David West,James Posey,Marcus Thornton,2,6:30,NOH,shot,Darren Collison,,,,,,,,,Darius Songaila,2,,,made,,jump,43,18
Brian Scalabrine,Eddie House,Glen Davis,Marquis Daniels,Rasheed Wallace,Darius Songaila,Darren Collison,David West,James Posey,Marcus Thornton,2,6:12,BOS,shot,Brian Scalabrine,,,,,,,,,Eddie House,2,,,made,,jump,40,19
Brian Scalabrine,Eddie House,Glen Davis,Marquis Daniels,Rasheed Wallace,Darius Songaila,Darren Collison,David West,James Posey,Marcus Thornton,2,5:57,NOH,shot,,,Rasheed Wallace,,,,,,,David West,,,,missed,,layup,25,6
Brian Scalabrine,Eddie House,Glen Davis,Marquis Daniels,Rasheed Wallace,Darius Songaila,Darren Collison,David West,James Posey,Marcus Thornton,2,5:56,BOS,rebound,,,,,,,,,,Marquis Daniels,,,,,,def,,
Brian Scalabrine,Eddie House,Glen Davis,Marquis Daniels,Rasheed Wallace,Darius Songaila,Darren Collison,David West,James Posey,Marcus Thornton,2,5:48,BOS,shot,,,,,,,,,,Eddie House,,,,missed,,jump,46,7
Brian Scalabrine,Eddie House,Glen Davis,Marquis Daniels,Rasheed Wallace,Darius Songaila,Darren Collison,David West,James Posey,Marcus Thornton,2,5:47,NOH,rebound,,,,,,,,,,James Posey,,,,,,def,,
Brian Scalabrine,Eddie House,Glen Davis,Marquis Daniels,Rasheed Wallace,Darius Songaila,Darren Collison,David West,James Posey,Marcus Thornton,2,5:39,NOH,shot,Darren Collison,,,,,,,,,Darius Songaila,2,,,made,,jump,44,8
Brian Scalabrine,Eddie House,Glen Davis,Marquis Daniels,Rasheed Wallace,Darius Songaila,Darren Collison,David West,James Posey,Marcus Thornton,2,5:14,BOS,shot,,,,,,,,,,Glen Davis,2,,,made,,turnaround fade away,37,13
Brian Scalabrine,Eddie House,Glen Davis,Marquis Daniels,Rasheed Wallace,Darius Songaila,Darren Collison,David West,James Posey,Marcus Thornton,2,4:53,NOH,turnover,,,,,,,,,,Darius Songaila,,,bad pass,,Marquis Daniels,,,
Brian Scalabrine,Eddie House,Glen Davis,Marquis Daniels,Rasheed Wallace,Darius Songaila,Darren Collison,David West,James Posey,Marcus Thornton,2,4:37,BOS,shot,Rasheed Wallace,,,,,,,,,Marquis Daniels,2,,,made,,layup,25,6
Brian Scalabrine,Eddie House,Glen Davis,Marquis Daniels,Rasheed Wallace,Darius Songaila,Darren Collison,David West,James Posey,Marcus Thornton,2,4:19,NOH,shot,,,,,,,,,,David West,,,,missed,,layup,25,6
Brian Scalabrine,Eddie House,Glen Davis,Marquis Daniels,Rasheed Wallace,Darius Songaila,Darren Collison,David West,James Posey,Marcus Thornton,2,4:19,NOH,rebound,,,,,,,,,,David West,,,,,,off,,
Brian Scalabrine,Eddie House,Glen Davis,Marquis Daniels,Rasheed Wallace,Darius Songaila,Darren Collison,David West,James Posey,Marcus Thornton,2,4:19,BOS,foul,,,,,,,,David West,,Glen Davis,,,,,,shooting,,
Brian Scalabrine,Eddie House,Glen Davis,Marquis Daniels,Rasheed Wallace,Darius Songaila,Darren Collison,David West,James Posey,Marcus Thornton,2,4:19,NOH,timeout,,,,,,,,,,,,,,,,regular,,
Brian Scalabrine,Eddie House,Glen Davis,Kevin Garnett,Marquis Daniels,Darius Songaila,Darren Collison,David West,James Posey,Marcus Thornton,2,4:19,BOS,sub,,,,Kevin Garnett,,Rasheed Wallace,,,,,,,,,,,,
Brian Scalabrine,Eddie House,Glen Davis,Kevin Garnett,Marquis Daniels,Darius Songaila,Darren Collison,David West,James Posey,Morris Peterson,2,4:19,NOH,sub,,,,Morris Peterson,,Marcus Thornton,,,,,,,,,,,,
Brian Scalabrine,Eddie House,Glen Davis,Kevin Garnett,Marquis Daniels,Darius Songaila,Darren Collison,David West,James Posey,Morris Peterson,2,4:19,NOH,free throw,,,,,,,1,,2,David West,,,foul,missed,,,,
Brian Scalabrine,Eddie House,Glen Davis,Kevin Garnett,Marquis Daniels,Darius Songaila,Darren Collison,David West,James Posey,Morris Peterson,2,4:19,NOH,rebound,,,,,,,,,,,,,,,,,,
Brian Scalabrine,Eddie House,Glen Davis,Kevin Garnett,Marquis Daniels,Darius Songaila,Darren Collison,David West,James Posey,Morris Peterson,2,4:19,NOH,free throw,,,,,,,2,,2,David West,,,foul,made,,,,
Brian Scalabrine,Eddie House,Glen Davis,Kevin Garnett,Marquis Daniels,Darius Songaila,Darren Collison,David West,James Posey,Morris Peterson,2,4:06,BOS,shot,,,,,,,,,,Glen Davis,,,,missed,,jump,34,14
Brian Scalabrine,Eddie House,Glen Davis,Kevin Garnett,Marquis Daniels,Darius Songaila,Darren Collison,David West,James Posey,Morris Peterson,2,4:05,NOH,rebound,,,,,,,,,,James Posey,,,,,,def,,
Brian Scalabrine,Eddie House,Glen Davis,Kevin Garnett,Marquis Daniels,Darius Songaila,Darren Collison,David West,James Posey,Morris Peterson,2,3:52,NOH,shot,,,,,,,,,,David West,,,,missed,,layup,25,6
Brian Scalabrine,Eddie House,Glen Davis,Kevin Garnett,Marquis Daniels,Darius Songaila,Darren Collison,David West,James Posey,Morris Peterson,2,3:51,BOS,rebound,,,,,,,,,,Glen Davis,,,,,,def,,
Brian Scalabrine,Eddie House,Glen Davis,Kevin Garnett,Marquis Daniels,Darius Songaila,Darren Collison,David West,James Posey,Morris Peterson,2,3:40,BOS,shot,,,,,,,,,,Marquis Daniels,2,,,made,,driving layup,25,6
Brian Scalabrine,Eddie House,Glen Davis,Kevin Garnett,Marquis Daniels,Darius Songaila,Darren Collison,David West,James Posey,Morris Peterson,2,3:36,NOH,turnover,,,,,,,,,,Darren Collison,,,bad pass,,,,,
Eddie House,Glen Davis,Kevin Garnett,Marquis Daniels,Paul Pierce,Darius Songaila,Darren Collison,David West,James Posey,Morris Peterson,2,3:36,BOS,sub,,,,Paul Pierce,,Brian Scalabrine,,,,,,,,,,,,
Eddie House,Kendrick Perkins,Kevin Garnett,Marquis Daniels,Paul Pierce,Darius Songaila,Darren Collison,David West,James Posey,Morris Peterson,2,3:36,BOS,sub,,,,Kendrick Perkins,,Glen Davis,,,,,,,,,,,,
Eddie House,Kendrick Perkins,Kevin Garnett,Marquis Daniels,Paul Pierce,Darius Songaila,Darren Collison,David West,James Posey,Morris Peterson,2,3:26,NOH,foul,,,,,,,,Paul Pierce,,James Posey,,,,,,shooting,,
Eddie House,Kendrick Perkins,Kevin Garnett,Marquis Daniels,Paul Pierce,Darius Songaila,Darren Collison,David West,James Posey,Morris Peterson,2,3:26,BOS,free throw,,,,,,,1,,2,Paul Pierce,,,foul,made,,,,
Eddie House,Kendrick Perkins,Kevin Garnett,Marquis Daniels,Paul Pierce,Darius Songaila,Darren Collison,David West,James Posey,Morris Peterson,2,3:26,BOS,free throw,,,,,,,2,,2,Paul Pierce,,,foul,made,,,,
Eddie House,Kendrick Perkins,Kevin Garnett,Marquis Daniels,Paul Pierce,Darius Songaila,Darren Collison,David West,James Posey,Morris Peterson,2,3:15,NOH,shot,Darren Collison,,,,,,,,,Darius Songaila,2,,,made,,jump,19,26
Eddie House,Kendrick Perkins,Kevin Garnett,Marquis Daniels,Paul Pierce,Darius Songaila,Darren Collison,David West,James Posey,Morris Peterson,2,2:56,BOS,turnover,,,,,,,,,,Kendrick Perkins,,,3 second violation,,,,,
Eddie House,Kendrick Perkins,Kevin Garnett,Marquis Daniels,Paul Pierce,Darius Songaila,Darren Collison,David West,James Posey,Morris Peterson,2,2:56,BOS,timeout,,,,,,,,,,,,,,,,regular,,
Eddie House,Kendrick Perkins,Kevin Garnett,Marquis Daniels,Paul Pierce,Darius Songaila,Darren Collison,David West,James Posey,Morris Peterson,2,2:41,NOH,shot,,,,,,,,,,Darren Collison,,,,missed,,jump,20,21
Eddie House,Kendrick Perkins,Kevin Garnett,Marquis Daniels,Paul Pierce,Darius Songaila,Darren Collison,David West,James Posey,Morris Peterson,2,2:40,BOS,rebound,,,,,,,,,,Kendrick Perkins,,,,,,def,,
Eddie House,Kendrick Perkins,Kevin Garnett,Marquis Daniels,Paul Pierce,Darius Songaila,Darren Collison,David West,James Posey,Morris Peterson,2,2:24,BOS,shot,,,,,,,,,,Eddie House,,,,missed,,3pt,19,31
Eddie House,Kendrick Perkins,Kevin Garnett,Marquis Daniels,Paul Pierce,Darius Songaila,Darren Collison,David West,James Posey,Morris Peterson,2,2:23,NOH,rebound,,,,,,,,,,Morris Peterson,,,,,,def,,
Eddie House,Kendrick Perkins,Kevin Garnett,Marquis Daniels,Paul Pierce,Darius Songaila,Darren Collison,David West,James Posey,Morris Peterson,2,2:18,NOH,shot,,,,,,,,,,Morris Peterson,,,,missed,,pullup jump,46,15
Eddie House,Kendrick Perkins,Kevin Garnett,Marquis Daniels,Paul Pierce,Darius Songaila,Darren Collison,David West,James Posey,Morris Peterson,2,2:17,BOS,rebound,,,,,,,,,,Paul Pierce,,,,,,def,,
Eddie House,Kendrick Perkins,Kevin Garnett,Marquis Daniels,Paul Pierce,Darius Songaila,Darren Collison,David West,James Posey,Morris Peterson,2,2:09,NOH,foul,,,,,,,,Paul Pierce,,Morris Peterson,,,,,,shooting,,
Eddie House,Kendrick Perkins,Kevin Garnett,Marquis Daniels,Paul Pierce,Darius Songaila,Darren Collison,David West,James Posey,Morris Peterson,2,2:09,BOS,free throw,,,,,,,1,,2,Paul Pierce,,,foul,made,,,,
Eddie House,Kendrick Perkins,Kevin Garnett,Marquis Daniels,Paul Pierce,Darius Songaila,Darren Collison,David West,James Posey,Morris Peterson,2,2:09,BOS,free throw,,,,,,,2,,2,Paul Pierce,,,foul,made,,,,
Eddie House,Kendrick Perkins,Kevin Garnett,Marquis Daniels,Paul Pierce,Darius Songaila,Darren Collison,David West,James Posey,Morris Peterson,2,1:57,NOH,shot,,,,,,,,,,David West,,,,missed,,layup,25,6
Eddie House,Kendrick Perkins,Kevin Garnett,Marquis Daniels,Paul Pierce,Darius Songaila,Darren Collison,David West,James Posey,Morris Peterson,2,1:56,NOH,rebound,,,,,,,,,,James Posey,,,,,,off,,
Eddie House,Kendrick Perkins,Kevin Garnett,Marquis Daniels,Paul Pierce,Darius Songaila,Darren Collison,David West,James Posey,Morris Peterson,2,1:56,NOH,shot,,,,,,,,,,James Posey,,,,missed,,tip,25,6
Eddie House,Kendrick Perkins,Kevin Garnett,Marquis Daniels,Paul Pierce,Darius Songaila,Darren Collison,David West,James Posey,Morris Peterson,2,1:55,BOS,rebound,,,,,,,,,,Paul Pierce,,,,,,def,,
Eddie House,Kendrick Perkins,Kevin Garnett,Marquis Daniels,Paul Pierce,Darius Songaila,Darren Collison,David West,James Posey,Morris Peterson,2,1:32,BOS,shot,,,,,,,,,,Marquis Daniels,,,,missed,,layup,25,6
Eddie House,Kendrick Perkins,Kevin Garnett,Marquis Daniels,Paul Pierce,Darius Songaila,Darren Collison,David West,James Posey,Morris Peterson,2,1:31,NOH,rebound,,,,,,,,,,Darius Songaila,,,,,,def,,
Eddie House,Kendrick Perkins,Kevin Garnett,Marquis Daniels,Paul Pierce,Darius Songaila,Darren Collison,David West,James Posey,Morris Peterson,2,1:17,BOS,foul,,,,,,,,David West,,Paul Pierce,,,,,,shooting,,
Eddie House,Kendrick Perkins,Kevin Garnett,Marquis Daniels,Paul Pierce,Darius Songaila,Darren Collison,David West,James Posey,Morris Peterson,2,1:17,NOH,free throw,,,,,,,1,,2,David West,,,foul,made,,,,
Eddie House,Kendrick Perkins,Kevin Garnett,Marquis Daniels,Paul Pierce,Darius Songaila,Darren Collison,David West,James Posey,Morris Peterson,2,1:17,NOH,free throw,,,,,,,2,,2,David West,,,foul,made,,,,
Eddie House,Kendrick Perkins,Kevin Garnett,Marquis Daniels,Paul Pierce,Darius Songaila,Darren Collison,David West,James Posey,Morris Peterson,2,1:07,BOS,turnover,,,,,,,,,,Marquis Daniels,,,bad pass,,,,,
Eddie House,Kendrick Perkins,Kevin Garnett,Marquis Daniels,Paul Pierce,Darius Songaila,Darren Collison,David West,James Posey,Morris Peterson,2,0:53,NOH,shot,,,,,,,,,,Darius Songaila,,,,missed,,jump,43,7
Eddie House,Kendrick Perkins,Kevin Garnett,Marquis Daniels,Paul Pierce,Darius Songaila,Darren Collison,David West,James Posey,Morris Peterson,2,0:52,BOS,rebound,,,,,,,,,,Kevin Garnett,,,,,,def,,
Eddie House,Kendrick Perkins,Kevin Garnett,Marquis Daniels,Paul Pierce,Darius Songaila,Darren Collison,David West,James Posey,Morris Peterson,2,0:45,BOS,turnover,,,,,,,,,,Paul Pierce,,,lost ball,,Darius Songaila,,,
Eddie House,Kendrick Perkins,Kevin Garnett,Marquis Daniels,Paul Pierce,Darius Songaila,Darren Collison,David West,James Posey,Morris Peterson,2,0:42,BOS,foul,,,,,,,,Darren Collison,,Kevin Garnett,,,,,,shooting,,
Eddie House,Kendrick Perkins,Kevin Garnett,Marquis Daniels,Paul Pierce,Darius Songaila,Darren Collison,David West,James Posey,Morris Peterson,2,0:42,NOH,free throw,,,,,,,1,,2,Darren Collison,,,foul,made,,,,
Eddie House,Kendrick Perkins,Kevin Garnett,Marquis Daniels,Paul Pierce,Darius Songaila,Darren Collison,David West,James Posey,Morris Peterson,2,0:42,BOS,timeout,,,,,,,,,,,,,,,,short,,
Eddie House,Kendrick Perkins,Kevin Garnett,Marquis Daniels,Paul Pierce,Darius Songaila,Darren Collison,James Posey,Julian Wright,Morris Peterson,2,0:42,NOH,sub,,,,Julian Wright,,David West,,,,,,,,,,,,
Eddie House,Kendrick Perkins,Kevin Garnett,Marquis Daniels,Paul Pierce,Darius Songaila,Darren Collison,James Posey,Julian Wright,Morris Peterson,2,0:42,NOH,free throw,,,,,,,2,,2,Darren Collison,,,foul,missed,,,,
Eddie House,Kendrick Perkins,Kevin Garnett,Marquis Daniels,Paul Pierce,Darius Songaila,Darren Collison,James Posey,Julian Wright,Morris Peterson,2,0:41,BOS,rebound,,,,,,,,,,Kendrick Perkins,,,,,,def,,
Eddie House,Kendrick Perkins,Kevin Garnett,Marquis Daniels,Paul Pierce,Darius Songaila,Darren Collison,James Posey,Julian Wright,Morris Peterson,2,0:27,BOS,shot,,,,,,,,,,Kevin Garnett,2,,,made,,jump,38,7
Eddie House,Kendrick Perkins,Kevin Garnett,Marquis Daniels,Paul Pierce,Darius Songaila,Darren Collison,James Posey,Julian Wright,Morris Peterson,2,0:27,NOH,foul,,,,,,,,Kevin Garnett,,Julian Wright,,,,,,shooting,,
Eddie House,Kendrick Perkins,Kevin Garnett,Marquis Daniels,Paul Pierce,Darius Songaila,Darren Collison,James Posey,Julian Wright,Morris Peterson,2,0:27,BOS,free throw,,,,,,,1,,1,Kevin Garnett,,,foul,made,,,,
Eddie House,Kendrick Perkins,Kevin Garnett,Marquis Daniels,Paul Pierce,Darius Songaila,Darren Collison,James Posey,Julian Wright,Morris Peterson,2,0:06,NOH,shot,,,,,,,,,,Darius Songaila,,,,missed,,jump,33,27
Eddie House,Kendrick Perkins,Kevin Garnett,Marquis Daniels,Paul Pierce,Darius Songaila,Darren Collison,James Posey,Julian Wright,Morris Peterson,2,0:05,BOS,rebound,,,,,,,,,,Kevin Garnett,,,,,,def,,
Kendrick Perkins,Kevin Garnett,Paul Pierce,Rajon Rondo,Tony Allen,Darren Collison,David West,Emeka Okafor,Morris Peterson,Peja Stojakovic,3,11:46,BOS,foul,,,,,,,,David West,,Kevin Garnett,,,,,,personal,,
Kendrick Perkins,Kevin Garnett,Paul Pierce,Rajon Rondo,Tony Allen,Darren Collison,David West,Emeka Okafor,Morris Peterson,Peja Stojakovic,3,11:39,BOS,foul,,,,,,,,Morris Peterson,,Rajon Rondo,,,,,,shooting,,
Kendrick Perkins,Kevin Garnett,Paul Pierce,Rajon Rondo,Tony Allen,Darren Collison,David West,Emeka Okafor,Morris Peterson,Peja Stojakovic,3,11:39,NOH,free throw,,,,,,,1,,3,Morris Peterson,,,foul,made,,,,
Kendrick Perkins,Kevin Garnett,Paul Pierce,Rajon Rondo,Tony Allen,Darren Collison,David West,Emeka Okafor,Morris Peterson,Peja Stojakovic,3,11:39,NOH,free throw,,,,,,,2,,3,Morris Peterson,,,foul,missed,,,,
Kendrick Perkins,Kevin Garnett,Paul Pierce,Rajon Rondo,Tony Allen,Darren Collison,David West,Emeka Okafor,Morris Peterson,Peja Stojakovic,3,11:39,NOH,rebound,,,,,,,,,,,,,,,,,,
Kendrick Perkins,Kevin Garnett,Paul Pierce,Rajon Rondo,Tony Allen,Darren Collison,David West,Emeka Okafor,Morris Peterson,Peja Stojakovic,3,11:39,NOH,free throw,,,,,,,3,,3,Morris Peterson,,,foul,made,,,,
Kendrick Perkins,Kevin Garnett,Paul Pierce,Rajon Rondo,Tony Allen,Darren Collison,David West,Emeka Okafor,Morris Peterson,Peja Stojakovic,3,11:21,BOS,shot,,,Emeka Okafor,,,,,,,Kevin Garnett,,,,missed,,reverse layup,25,6
Kendrick Perkins,Kevin Garnett,Paul Pierce,Rajon Rondo,Tony Allen,Darren Collison,David West,Emeka Okafor,Morris Peterson,Peja Stojakovic,3,11:20,NOH,rebound,,,,,,,,,,Morris Peterson,,,,,,def,,
Kendrick Perkins,Kevin Garnett,Paul Pierce,Rajon Rondo,Tony Allen,Darren Collison,David West,Emeka Okafor,Morris Peterson,Peja Stojakovic,3,11:08,NOH,shot,,,Kendrick Perkins,,,,,,,David West,,,,missed,,jump,26,16
Kendrick Perkins,Kevin Garnett,Paul Pierce,Rajon Rondo,Tony Allen,Darren Collison,David West,Emeka Okafor,Morris Peterson,Peja Stojakovic,3,11:07,NOH,rebound,,,,,,,,,,David West,,,,,,off,,
Kendrick Perkins,Kevin Garnett,Paul Pierce,Rajon Rondo,Tony Allen,Darren Collison,David West,Emeka Okafor,Morris Peterson,Peja Stojakovic,3,11:03,NOH,shot,David West,,,,,,,,,Morris Peterson,3,,,made,,3pt,2,6
Kendrick Perkins,Kevin Garnett,Paul Pierce,Rajon Rondo,Tony Allen,Darren Collison,David West,Emeka Okafor,Morris Peterson,Peja Stojakovic,3,10:41,BOS,shot,,,,,,,,,,Kevin Garnett,,,,missed,,jump,8,9
Kendrick Perkins,Kevin Garnett,Paul Pierce,Rajon Rondo,Tony Allen,Darren Collison,David West,Emeka Okafor,Morris Peterson,Peja Stojakovic,3,10:40,NOH,rebound,,,,,,,,,,Emeka Okafor,,,,,,def,,
Kendrick Perkins,Kevin Garnett,Paul Pierce,Rajon Rondo,Tony Allen,Darren Collison,David West,Emeka Okafor,Morris Peterson,Peja Stojakovic,3,10:27,NOH,shot,,,,,,,,,,Darren Collison,,,,missed,,layup,25,6
Kendrick Perkins,Kevin Garnett,Paul Pierce,Rajon Rondo,Tony Allen,Darren Collison,David West,Emeka Okafor,Morris Peterson,Peja Stojakovic,3,10:26,BOS,rebound,,,,,,,,,,Kendrick Perkins,,,,,,def,,
Kendrick Perkins,Kevin Garnett,Paul Pierce,Rajon Rondo,Tony Allen,Darren Collison,David West,Emeka Okafor,Morris Peterson,Peja Stojakovic,3,10:22,BOS,shot,Kendrick Perkins,,,,,,,,,Tony Allen,2,,,made,,layup,25,6
Kendrick Perkins,Kevin Garnett,Paul Pierce,Rajon Rondo,Tony Allen,Darren Collison,David West,Emeka Okafor,Morris Peterson,Peja Stojakovic,3,9:50,NOH,shot,,,,,,,,,,Peja Stojakovic,,,,missed,,jump bank,36,13
Kendrick Perkins,Kevin Garnett,Paul Pierce,Rajon Rondo,Tony Allen,Darren Collison,David West,Emeka Okafor,Morris Peterson,Peja Stojakovic,3,9:48,BOS,rebound,,,,,,,,,,Kevin Garnett,,,,,,def,,
Kendrick Perkins,Kevin Garnett,Paul Pierce,Rajon Rondo,Tony Allen,Darren Collison,David West,Emeka Okafor,Morris Peterson,Peja Stojakovic,3,9:30,BOS,shot,,,,,,,,,,Tony Allen,,,,missed,,layup,25,6
Kendrick Perkins,Kevin Garnett,Paul Pierce,Rajon Rondo,Tony Allen,Darren Collison,David West,Emeka Okafor,Morris Peterson,Peja Stojakovic,3,9:27,BOS,rebound,,,,,,,,,,Rajon Rondo,,,,,,off,,
Kendrick Perkins,Kevin Garnett,Paul Pierce,Rajon Rondo,Tony Allen,Darren Collison,David West,Emeka Okafor,Morris Peterson,Peja Stojakovic,3,9:25,BOS,shot,Rajon Rondo,,,,,,,,,Tony Allen,2,,,made,,layup,25,6
Kendrick Perkins,Kevin Garnett,Paul Pierce,Rajon Rondo,Tony Allen,Darren Collison,David West,Emeka Okafor,Morris Peterson,Peja Stojakovic,3,9:23,NOH,timeout,,,,,,,,,,,,,,,,short,,
Kendrick Perkins,Kevin Garnett,Paul Pierce,Rajon Rondo,Tony Allen,Darren Collison,David West,Emeka Okafor,Morris Peterson,Peja Stojakovic,3,9:16,NOH,turnover,,,,,,,,,,Darren Collison,,,out of bounds lost ball turnover,,,,,
Kendrick Perkins,Kevin Garnett,Paul Pierce,Rajon Rondo,Tony Allen,Darren Collison,David West,Emeka Okafor,Morris Peterson,Peja Stojakovic,3,9:05,NOH,foul,,,,,,,,Kendrick Perkins,,Morris Peterson,,,,,,shooting,,
Kendrick Perkins,Kevin Garnett,Paul Pierce,Rajon Rondo,Tony Allen,Darren Collison,David West,Emeka Okafor,Morris Peterson,Peja Stojakovic,3,9:05,BOS,free throw,,,,,,,1,,2,Kendrick Perkins,,,foul,missed,,,,
Kendrick Perkins,Kevin Garnett,Paul Pierce,Rajon Rondo,Tony Allen,Darren Collison,David West,Emeka Okafor,Morris Peterson,Peja Stojakovic,3,9:05,BOS,rebound,,,,,,,,,,,,,,,,,,
Kendrick Perkins,Kevin Garnett,Paul Pierce,Rajon Rondo,Tony Allen,Darren Collison,David West,Emeka Okafor,Morris Peterson,Peja Stojakovic,3,9:05,BOS,free throw,,,,,,,2,,2,Kendrick Perkins,,,foul,made,,,,
Kendrick Perkins,Kevin Garnett,Paul Pierce,Rajon Rondo,Tony Allen,Darren Collison,David West,Emeka Okafor,Morris Peterson,Peja Stojakovic,3,8:57,BOS,foul,,,,,,,,Peja Stojakovic,,Tony Allen,,,,,,personal,,
Kendrick Perkins,Kevin Garnett,Paul Pierce,Rajon Rondo,Tony Allen,Darren Collison,David West,Emeka Okafor,Morris Peterson,Peja Stojakovic,3,8:48,NOH,shot,,,,,,,,,,David West,,,,missed,,jump,19,20
Kendrick Perkins,Kevin Garnett,Paul Pierce,Rajon Rondo,Tony Allen,Darren Collison,David West,Emeka Okafor,Morris Peterson,Peja Stojakovic,3,8:47,BOS,rebound,,,,,,,,,,Paul Pierce,,,,,,def,,
Kendrick Perkins,Kevin Garnett,Paul Pierce,Rajon Rondo,Tony Allen,Darren Collison,David West,Emeka Okafor,Morris Peterson,Peja Stojakovic,3,8:35,BOS,shot,,,,,,,,,,Tony Allen,,,,missed,,jump,12,13
Kendrick Perkins,Kevin Garnett,Paul Pierce,Rajon Rondo,Tony Allen,Darren Collison,David West,Emeka Okafor,Morris Peterson,Peja Stojakovic,3,8:34,NOH,rebound,,,,,,,,,,Emeka Okafor,,,,,,def,,
Kendrick Perkins,Kevin Garnett,Paul Pierce,Rajon Rondo,Tony Allen,Darren Collison,David West,Emeka Okafor,Morris Peterson,Peja Stojakovic,3,8:23,NOH,shot,,,,,,,,,,Peja Stojakovic,,,,missed,,3pt,10,26
Kendrick Perkins,Kevin Garnett,Paul Pierce,Rajon Rondo,Tony Allen,Darren Collison,David West,Emeka Okafor,Morris Peterson,Peja Stojakovic,3,8:22,NOH,rebound,,,,,,,,,,Morris Peterson,,,,,,off,,
Kendrick Perkins,Kevin Garnett,Paul Pierce,Rajon Rondo,Tony Allen,Darren Collison,David West,Emeka Okafor,Morris Peterson,Peja Stojakovic,3,8:18,NOH,shot,,,,,,,,,,Morris Peterson,,,,missed,,3pt,2,9
Kendrick Perkins,Kevin Garnett,Paul Pierce,Rajon Rondo,Tony Allen,Darren Collison,David West,Emeka Okafor,Morris Peterson,Peja Stojakovic,3,8:17,NOH,rebound,,,,,,,,,,Emeka Okafor,,,,,,off,,
Kendrick Perkins,Kevin Garnett,Paul Pierce,Rajon Rondo,Tony Allen,Darren Collison,David West,Emeka Okafor,Morris Peterson,Peja Stojakovic,3,8:14,NOH,shot,,,,,,,,,,Darren Collison,,,,missed,,3pt,48,8
Kendrick Perkins,Kevin Garnett,Paul Pierce,Rajon Rondo,Tony Allen,Darren Collison,David West,Emeka Okafor,Morris Peterson,Peja Stojakovic,3,8:13,BOS,rebound,,,,,,,,,,Kendrick Perkins,,,,,,def,,
Kendrick Perkins,Kevin Garnett,Paul Pierce,Rajon Rondo,Tony Allen,Darren Collison,David West,Emeka Okafor,Morris Peterson,Peja Stojakovic,3,7:52,BOS,shot,,,,,,,,,,Paul Pierce,,,,missed,,jump,24,18
Kendrick Perkins,Kevin Garnett,Paul Pierce,Rajon Rondo,Tony Allen,Darren Collison,David West,Emeka Okafor,Morris Peterson,Peja Stojakovic,3,7:51,NOH,rebound,,,,,,,,,,Emeka Okafor,,,,,,def,,
Kendrick Perkins,Kevin Garnett,Paul Pierce,Rajon Rondo,Tony Allen,Darren Collison,David West,Emeka Okafor,Morris Peterson,Peja Stojakovic,3,7:46,NOH,shot,Darren Collison,,,,,,,,,Morris Peterson,2,,,made,,layup,25,6
Kendrick Perkins,Kevin Garnett,Paul Pierce,Rajon Rondo,Tony Allen,Darren Collison,David West,Emeka Okafor,Morris Peterson,Peja Stojakovic,3,7:45,BOS,timeout,,,,,,,,,,,,,,,,regular,,
Kendrick Perkins,Kevin Garnett,Paul Pierce,Rajon Rondo,Tony Allen,Darren Collison,David West,Emeka Okafor,Morris Peterson,Peja Stojakovic,3,7:27,BOS,shot,,,,,,,,,,Rajon Rondo,2,,,made,,jump,41,11
Kendrick Perkins,Kevin Garnett,Paul Pierce,Rajon Rondo,Tony Allen,Darren Collison,David West,Emeka Okafor,Morris Peterson,Peja Stojakovic,3,7:09,NOH,shot,David West,,,,,,,,,Morris Peterson,3,,,made,,3pt,2,8
Kendrick Perkins,Kevin Garnett,Paul Pierce,Rajon Rondo,Tony Allen,Darren Collison,David West,Emeka Okafor,Morris Peterson,Peja Stojakovic,3,6:51,BOS,shot,,,,,,,,,,Kendrick Perkins,,,,missed,,jump,31,13
Kendrick Perkins,Kevin Garnett,Paul Pierce,Rajon Rondo,Tony Allen,Darren Collison,David West,Emeka Okafor,Morris Peterson,Peja Stojakovic,3,6:50,NOH,rebound,,,,,,,,,,Peja Stojakovic,,,,,,def,,
Kendrick Perkins,Kevin Garnett,Paul Pierce,Rajon Rondo,Tony Allen,Darren Collison,David West,Emeka Okafor,Morris Peterson,Peja Stojakovic,3,6:49,NOH,turnover,,,,,,,,,,David West,,,bad pass,,,,,
Kendrick Perkins,Kevin Garnett,Paul Pierce,Rajon Rondo,Tony Allen,Darren Collison,David West,Emeka Okafor,Morris Peterson,Peja Stojakovic,3,6:36,BOS,shot,,,,,,,,,,Kendrick Perkins,,,,missed,,jump,24,12
Kendrick Perkins,Kevin Garnett,Paul Pierce,Rajon Rondo,Tony Allen,Darren Collison,David West,Emeka Okafor,Morris Peterson,Peja Stojakovic,3,6:35,NOH,rebound,,,,,,,,,,David West,,,,,,def,,
Kendrick Perkins,Kevin Garnett,Paul Pierce,Rajon Rondo,Tony Allen,Darren Collison,David West,Emeka Okafor,Morris Peterson,Peja Stojakovic,3,6:18,NOH,shot,,,,,,,,,,Peja Stojakovic,3,,,made,,3pt,22,31
Kendrick Perkins,Kevin Garnett,Paul Pierce,Rajon Rondo,Tony Allen,Darren Collison,David West,Emeka Okafor,Morris Peterson,Peja Stojakovic,3,6:02,NOH,foul,,,,,,,,Paul Pierce,,Morris Peterson,,,,,,personal,,
Kendrick Perkins,Kevin Garnett,Paul Pierce,Rajon Rondo,Tony Allen,Darren Collison,David West,Emeka Okafor,Morris Peterson,Peja Stojakovic,3,5:56,NOH,foul,,,,,,,,Rajon Rondo,,Darren Collison,,,,,,shooting,,
Kendrick Perkins,Kevin Garnett,Paul Pierce,Rajon Rondo,Tony Allen,Darren Collison,David West,Emeka Okafor,Morris Peterson,Peja Stojakovic,3,5:56,BOS,free throw,,,,,,,1,,2,Rajon Rondo,,,foul,made,,,,
Kendrick Perkins,Kevin Garnett,Paul Pierce,Rajon Rondo,Tony Allen,Darren Collison,David West,Emeka Okafor,Morris Peterson,Peja Stojakovic,3,5:56,BOS,free throw,,,,,,,2,,2,Rajon Rondo,,,foul,missed,,,,
Kendrick Perkins,Kevin Garnett,Paul Pierce,Rajon Rondo,Tony Allen,Darren Collison,David West,Emeka Okafor,Morris Peterson,Peja Stojakovic,3,5:55,NOH,rebound,,,,,,,,,,Morris Peterson,,,,,,def,,
Kendrick Perkins,Kevin Garnett,Paul Pierce,Rajon Rondo,Tony Allen,Darren Collison,David West,Emeka Okafor,Morris Peterson,Peja Stojakovic,3,5:41,NOH,shot,Darren Collison,,,,,,,,,Peja Stojakovic,3,,,made,,3pt,2,16
Kendrick Perkins,Kevin Garnett,Paul Pierce,Rajon Rondo,Tony Allen,Darren Collison,David West,Emeka Okafor,Morris Peterson,Peja Stojakovic,3,5:24,BOS,shot,,,,,,,,,,Kevin Garnett,,,,missed,,jump,27,20
Kendrick Perkins,Kevin Garnett,Paul Pierce,Rajon Rondo,Tony Allen,Darren Collison,David West,Emeka Okafor,Morris Peterson,Peja Stojakovic,3,5:23,NOH,rebound,,,,,,,,,,David West,,,,,,def,,
Kendrick Perkins,Kevin Garnett,Paul Pierce,Rajon Rondo,Tony Allen,Darren Collison,David West,Emeka Okafor,Morris Peterson,Peja Stojakovic,3,5:10,NOH,shot,,,,,,,,,,Peja Stojakovic,,,,missed,,jump,42,14
Kendrick Perkins,Kevin Garnett,Paul Pierce,Rajon Rondo,Tony Allen,Darren Collison,David West,Emeka Okafor,Morris Peterson,Peja Stojakovic,3,5:09,BOS,rebound,,,,,,,,,,Tony Allen,,,,,,def,,
Kendrick Perkins,Kevin Garnett,Paul Pierce,Rajon Rondo,Tony Allen,Darren Collison,David West,Emeka Okafor,Morris Peterson,Peja Stojakovic,3,5:00,BOS,shot,,,Emeka Okafor,,,,,,,Kendrick Perkins,,,,missed,,layup,25,6
Kendrick Perkins,Kevin Garnett,Paul Pierce,Rajon Rondo,Tony Allen,Darren Collison,David West,Emeka Okafor,Morris Peterson,Peja Stojakovic,3,4:59,NOH,rebound,,,,,,,,,,Morris Peterson,,,,,,def,,
Kendrick Perkins,Kevin Garnett,Paul Pierce,Rajon Rondo,Tony Allen,Darren Collison,David West,Emeka Okafor,Morris Peterson,Peja Stojakovic,3,4:54,NOH,shot,,,,,,,,,,Morris Peterson,,,,missed,,3pt,4,17
Kendrick Perkins,Kevin Garnett,Paul Pierce,Rajon Rondo,Tony Allen,Darren Collison,David West,Emeka Okafor,Morris Peterson,Peja Stojakovic,3,4:51,NOH,rebound,,,,,,,,,,Darren Collison,,,,,,off,,
Kevin Garnett,Marquis Daniels,Paul Pierce,Rajon Rondo,Tony Allen,Darren Collison,David West,Emeka Okafor,Morris Peterson,Peja Stojakovic,3,4:51,BOS,sub,,,,Marquis Daniels,,Kendrick Perkins,,,,,,,,,,,,
Kevin Garnett,Marquis Daniels,Paul Pierce,Rajon Rondo,Rasheed Wallace,Darren Collison,David West,Emeka Okafor,Morris Peterson,Peja Stojakovic,3,4:51,BOS,sub,,,,Rasheed Wallace,,Tony Allen,,,,,,,,,,,,
Kevin Garnett,Marquis Daniels,Paul Pierce,Rajon Rondo,Rasheed Wallace,Darren Collison,David West,Emeka Okafor,Morris Peterson,Peja Stojakovic,3,4:39,NOH,shot,,,,,,,,,,David West,2,,,made,,hook,24,12
Kevin Garnett,Marquis Daniels,Paul Pierce,Rajon Rondo,Rasheed Wallace,Darren Collison,David West,Emeka Okafor,Morris Peterson,Peja Stojakovic,3,4:26,BOS,turnover,,,,,,,,,,Paul Pierce,,,lost ball,,Darren Collison,,,
Kevin Garnett,Marquis Daniels,Paul Pierce,Rajon Rondo,Rasheed Wallace,Darren Collison,David West,Emeka Okafor,Morris Peterson,Peja Stojakovic,3,4:21,NOH,turnover,,,,,,,,,,Darren Collison,,,bad pass,,Kevin Garnett,,,
Kevin Garnett,Marquis Daniels,Paul Pierce,Rajon Rondo,Rasheed Wallace,Darren Collison,David West,Emeka Okafor,Morris Peterson,Peja Stojakovic,3,4:16,BOS,shot,Paul Pierce,,,,,,,,,Marquis Daniels,2,,,made,,layup,25,6
Kevin Garnett,Marquis Daniels,Paul Pierce,Rajon Rondo,Rasheed Wallace,Darren Collison,David West,Emeka Okafor,Morris Peterson,Peja Stojakovic,3,3:58,NOH,turnover,,,,,,,,,,Darren Collison,,,lost ball,,Rajon Rondo,,,
Kevin Garnett,Marquis Daniels,Paul Pierce,Rajon Rondo,Rasheed Wallace,Darren Collison,David West,Emeka Okafor,Morris Peterson,Peja Stojakovic,3,3:54,NOH,foul,,,,,,,,Kevin Garnett,,David West,,,,,,shooting,,
Kevin Garnett,Marquis Daniels,Paul Pierce,Rajon Rondo,Rasheed Wallace,Darren Collison,David West,Emeka Okafor,Morris Peterson,Peja Stojakovic,3,3:54,BOS,free throw,,,,,,,1,,2,Kevin Garnett,,,foul,missed,,,,
Kevin Garnett,Marquis Daniels,Paul Pierce,Rajon Rondo,Rasheed Wallace,Darren Collison,David West,Emeka Okafor,Morris Peterson,Peja Stojakovic,3,3:54,BOS,rebound,,,,,,,,,,,,,,,,,,
Kevin Garnett,Marquis Daniels,Paul Pierce,Rajon Rondo,Rasheed Wallace,Darren Collison,David West,Emeka Okafor,Morris Peterson,Peja Stojakovic,3,3:54,BOS,free throw,,,,,,,2,,2,Kevin Garnett,,,foul,missed,,,,
Kevin Garnett,Marquis Daniels,Paul Pierce,Rajon Rondo,Rasheed Wallace,Darren Collison,David West,Emeka Okafor,Morris Peterson,Peja Stojakovic,3,3:53,NOH,rebound,,,,,,,,,,Emeka Okafor,,,,,,def,,
Kevin Garnett,Marquis Daniels,Paul Pierce,Rajon Rondo,Rasheed Wallace,Darren Collison,David West,Emeka Okafor,Morris Peterson,Peja Stojakovic,3,3:38,NOH,shot,,,Kevin Garnett,,,,,,,Emeka Okafor,,,,missed,,layup,25,6
Kevin Garnett,Marquis Daniels,Paul Pierce,Rajon Rondo,Rasheed Wallace,Darren Collison,David West,Emeka Okafor,Morris Peterson,Peja Stojakovic,3,3:38,NOH,rebound,,,,,,,,,,,,,,,,,,
Glen Davis,Marquis Daniels,Paul Pierce,Rajon Rondo,Rasheed Wallace,Darren Collison,David West,Emeka Okafor,Morris Peterson,Peja Stojakovic,3,3:38,BOS,sub,,,,Glen Davis,,Kevin Garnett,,,,,,,,,,,,
Glen Davis,Marquis Daniels,Paul Pierce,Rajon Rondo,Rasheed Wallace,Darren Collison,David West,Emeka Okafor,Morris Peterson,Peja Stojakovic,3,3:28,NOH,shot,,,,,,,,,,Darren Collison,,,,missed,,jump,32,18
Glen Davis,Marquis Daniels,Paul Pierce,Rajon Rondo,Rasheed Wallace,Darren Collison,David West,Emeka Okafor,Morris Peterson,Peja Stojakovic,3,3:27,NOH,rebound,,,,,,,,,,Emeka Okafor,,,,,,off,,
Glen Davis,Marquis Daniels,Paul Pierce,Rajon Rondo,Rasheed Wallace,Darren Collison,David West,Emeka Okafor,Morris Peterson,Peja Stojakovic,3,3:24,NOH,shot,Emeka Okafor,,,,,,,,,Peja Stojakovic,3,,,made,,3pt,12,27
Glen Davis,Marquis Daniels,Paul Pierce,Rajon Rondo,Rasheed Wallace,Darren Collison,David West,Emeka Okafor,Morris Peterson,Peja Stojakovic,3,3:07,BOS,shot,,,,,,,,,,Rajon Rondo,,,,missed,,layup,25,6
Glen Davis,Marquis Daniels,Paul Pierce,Rajon Rondo,Rasheed Wallace,Darren Collison,David West,Emeka Okafor,Morris Peterson,Peja Stojakovic,3,3:06,NOH,rebound,,,,,,,,,,Emeka Okafor,,,,,,def,,
Glen Davis,Marquis Daniels,Paul Pierce,Rajon Rondo,Rasheed Wallace,Darren Collison,David West,Emeka Okafor,Morris Peterson,Peja Stojakovic,3,3:04,NOH,shot,Darren Collison,,,,,,,,,Morris Peterson,2,,,made,,layup,25,6
Glen Davis,Marquis Daniels,Paul Pierce,Rajon Rondo,Rasheed Wallace,Darren Collison,David West,Emeka Okafor,Morris Peterson,Peja Stojakovic,3,3:04,BOS,foul,,,,,,,,Morris Peterson,,Paul Pierce,,,,,,shooting,,
Glen Davis,Marquis Daniels,Paul Pierce,Rajon Rondo,Rasheed Wallace,Darren Collison,David West,Emeka Okafor,Morris Peterson,Peja Stojakovic,3,3:04,NOH,free throw,,,,,,,1,,1,Morris Peterson,,,foul,made,,,,
Glen Davis,Marquis Daniels,Paul Pierce,Rajon Rondo,Rasheed Wallace,Darren Collison,David West,Emeka Okafor,Morris Peterson,Peja Stojakovic,3,2:40,BOS,shot,,,,,,,,,,Paul Pierce,,,,missed,,jump,22,21
Glen Davis,Marquis Daniels,Paul Pierce,Rajon Rondo,Rasheed Wallace,Darren Collison,David West,Emeka Okafor,Morris Peterson,Peja Stojakovic,3,2:38,NOH,rebound,,,,,,,,,,Emeka Okafor,,,,,,def,,
Glen Davis,Marquis Daniels,Paul Pierce,Rajon Rondo,Rasheed Wallace,Darren Collison,David West,Emeka Okafor,Morris Peterson,Peja Stojakovic,3,2:23,NOH,shot,David West,,,,,,,,,Darren Collison,3,,,made,,3pt,12,27
Glen Davis,Marquis Daniels,Paul Pierce,Rajon Rondo,Rasheed Wallace,Darren Collison,David West,Emeka Okafor,Morris Peterson,Peja Stojakovic,3,2:01,NOH,foul,,,,,,,,Rajon Rondo,,Emeka Okafor,,,,,,shooting,,
Glen Davis,Marquis Daniels,Paul Pierce,Rajon Rondo,Rasheed Wallace,Darren Collison,David West,Emeka Okafor,Morris Peterson,Peja Stojakovic,3,2:01,NOH,timeout,,,,,,,,,,,,,,,,regular,,
Glen Davis,Marquis Daniels,Paul Pierce,Rajon Rondo,Rasheed Wallace,Darren Collison,David West,Emeka Okafor,Morris Peterson,Peja Stojakovic,3,2:01,BOS,free throw,,,,,,,1,,2,Rajon Rondo,,,foul,missed,,,,
Glen Davis,Marquis Daniels,Paul Pierce,Rajon Rondo,Rasheed Wallace,Darren Collison,David West,Emeka Okafor,Morris Peterson,Peja Stojakovic,3,2:01,BOS,rebound,,,,,,,,,,,,,,,,,,
Glen Davis,Marquis Daniels,Paul Pierce,Rajon Rondo,Rasheed Wallace,Darren Collison,David West,Emeka Okafor,Morris Peterson,Peja Stojakovic,3,2:01,BOS,free throw,,,,,,,2,,2,Rajon Rondo,,,foul,missed,,,,
Glen Davis,Marquis Daniels,Paul Pierce,Rajon Rondo,Rasheed Wallace,Darren Collison,David West,Emeka Okafor,Morris Peterson,Peja Stojakovic,3,2:00,BOS,rebound,,,,,,,,,,Glen Davis,,,,,,off,,
Glen Davis,Marquis Daniels,Paul Pierce,Rajon Rondo,Rasheed Wallace,Darren Collison,David West,Emeka Okafor,Morris Peterson,Peja Stojakovic,3,1:58,BOS,shot,,,Peja Stojakovic,,,,,,,Glen Davis,,,,missed,,layup,25,6
Glen Davis,Marquis Daniels,Paul Pierce,Rajon Rondo,Rasheed Wallace,Darren Collison,David West,Emeka Okafor,Morris Peterson,Peja Stojakovic,3,1:58,BOS,rebound,,,,,,,,,,,,,,,,,,
Eddie House,Glen Davis,Marquis Daniels,Paul Pierce,Rasheed Wallace,Darren Collison,David West,Emeka Okafor,Morris Peterson,Peja Stojakovic,3,1:58,BOS,sub,,,,Eddie House,,Rajon Rondo,,,,,,,,,,,,
Eddie House,Glen Davis,Marquis Daniels,Paul Pierce,Rasheed Wallace,David West,Emeka Okafor,Jason Hart,Morris Peterson,Peja Stojakovic,3,1:58,NOH,sub,,,,Jason Hart,,Darren Collison,,,,,,,,,,,,
Eddie House,Glen Davis,Marquis Daniels,Paul Pierce,Rasheed Wallace,David West,Emeka Okafor,Jason Hart,Morris Peterson,Peja Stojakovic,3,1:51,BOS,turnover,,,,,,,,,,Paul Pierce,,,lost ball,,Peja Stojakovic,,,
Eddie House,Glen Davis,Marquis Daniels,Paul Pierce,Rasheed Wallace,David West,Emeka Okafor,Jason Hart,Morris Peterson,Peja Stojakovic,3,1:45,NOH,shot,Jason Hart,,,,,,,,,Peja Stojakovic,2,,,made,,turnaround jump,41,6
Eddie House,Glen Davis,Marquis Daniels,Paul Pierce,Rasheed Wallace,David West,Emeka Okafor,Jason Hart,Morris Peterson,Peja Stojakovic,3,1:27,BOS,shot,,,,,,,,,,Rasheed Wallace,,,,missed,,jump,10,9
Eddie House,Glen Davis,Marquis Daniels,Paul Pierce,Rasheed Wallace,David West,Emeka Okafor,Jason Hart,Morris Peterson,Peja Stojakovic,3,1:26,NOH,rebound,,,,,,,,,,Morris Peterson,,,,,,def,,
Eddie House,Glen Davis,Marquis Daniels,Paul Pierce,Rasheed Wallace,David West,Emeka Okafor,Jason Hart,Morris Peterson,Peja Stojakovic,3,1:14,NOH,shot,,,,,,,,,,Peja Stojakovic,,,,missed,,3pt,2,15
Eddie House,Glen Davis,Marquis Daniels,Paul Pierce,Rasheed Wallace,David West,Emeka Okafor,Jason Hart,Morris Peterson,Peja Stojakovic,3,1:13,BOS,rebound,,,,,,,,,,Rasheed Wallace,,,,,,def,,
Eddie House,Glen Davis,Marquis Daniels,Paul Pierce,Rasheed Wallace,David West,Emeka Okafor,Jason Hart,Morris Peterson,Peja Stojakovic,3,1:10,BOS,shot,Rasheed Wallace,,,,,,,,,Marquis Daniels,2,,,made,,layup,25,6
Eddie House,Glen Davis,Marquis Daniels,Paul Pierce,Rasheed Wallace,David West,Emeka Okafor,Jason Hart,Morris Peterson,Peja Stojakovic,3,1:10,NOH,foul,,,,,,,,Marquis Daniels,,Morris Peterson,,,,,,shooting,,
Eddie House,Glen Davis,Marquis Daniels,Paul Pierce,Rasheed Wallace,David West,Emeka Okafor,Jason Hart,Morris Peterson,Peja Stojakovic,3,1:10,BOS,free throw,,,,,,,1,,1,Marquis Daniels,,,foul,missed,,,,
Eddie House,Glen Davis,Marquis Daniels,Paul Pierce,Rasheed Wallace,David West,Emeka Okafor,Jason Hart,Morris Peterson,Peja Stojakovic,3,1:09,NOH,rebound,,,,,,,,,,Peja Stojakovic,,,,,,def,,
Eddie House,Glen Davis,Marquis Daniels,Paul Pierce,Rasheed Wallace,David West,Emeka Okafor,Jason Hart,Morris Peterson,Peja Stojakovic,3,0:44,NOH,shot,,,,,,,,,,David West,,,,missed,,jump,10,21
Eddie House,Glen Davis,Marquis Daniels,Paul Pierce,Rasheed Wallace,David West,Emeka Okafor,Jason Hart,Morris Peterson,Peja Stojakovic,3,0:44,BOS,rebound,,,,,,,,,,Marquis Daniels,,,,,,def,,
Eddie House,Glen Davis,Marquis Daniels,Paul Pierce,Rasheed Wallace,David West,Emeka Okafor,Jason Hart,Morris Peterson,Peja Stojakovic,3,0:23,BOS,shot,,,,,,,,,,Eddie House,,,,missed,,jump,35,15
Eddie House,Glen Davis,Marquis Daniels,Paul Pierce,Rasheed Wallace,David West,Emeka Okafor,Jason Hart,Morris Peterson,Peja Stojakovic,3,0:22,NOH,rebound,,,,,,,,,,Emeka Okafor,,,,,,def,,
Brian Scalabrine,Eddie House,Glen Davis,Marquis Daniels,Rasheed Wallace,Darius Songaila,David West,Jason Hart,Morris Peterson,Peja Stojakovic,4,11:43,BOS,turnover,,,,,,,,,,Rasheed Wallace,,,out of bounds lost ball turnover,,,,,
Brian Scalabrine,Eddie House,Glen Davis,Marquis Daniels,Rasheed Wallace,Darius Songaila,David West,Jason Hart,Morris Peterson,Peja Stojakovic,4,11:29,NOH,shot,Jason Hart,,,,,,,,,Darius Songaila,2,,,made,,jump,9,14
Brian Scalabrine,Eddie House,Glen Davis,Marquis Daniels,Rasheed Wallace,Darius Songaila,David West,Jason Hart,Morris Peterson,Peja Stojakovic,4,11:09,BOS,shot,,,,,,,,,,Rasheed Wallace,2,,,made,,turnaround jump,24,13
Brian Scalabrine,Eddie House,Glen Davis,Marquis Daniels,Rasheed Wallace,Darius Songaila,David West,Jason Hart,Morris Peterson,Peja Stojakovic,4,11:09,NOH,foul,,,,,,,,Rasheed Wallace,,David West,,,,,,shooting,,
Brian Scalabrine,Eddie House,Glen Davis,Marquis Daniels,Rasheed Wallace,Darius Songaila,David West,Jason Hart,Morris Peterson,Peja Stojakovic,4,11:09,BOS,free throw,,,,,,,1,,1,Rasheed Wallace,,,foul,missed,,,,
Brian Scalabrine,Eddie House,Glen Davis,Marquis Daniels,Rasheed Wallace,Darius Songaila,David West,Jason Hart,Morris Peterson,Peja Stojakovic,4,11:08,NOH,rebound,,,,,,,,,,Jason Hart,,,,,,def,,
Brian Scalabrine,Eddie House,Glen Davis,Marquis Daniels,Rasheed Wallace,Darius Songaila,David West,Jason Hart,Morris Peterson,Peja Stojakovic,4,10:52,NOH,shot,,,,,,,,,,Peja Stojakovic,,,,missed,,jump bank,36,12
Brian Scalabrine,Eddie House,Glen Davis,Marquis Daniels,Rasheed Wallace,Darius Songaila,David West,Jason Hart,Morris Peterson,Peja Stojakovic,4,10:51,BOS,rebound,,,,,,,,,,Rasheed Wallace,,,,,,def,,
Brian Scalabrine,Eddie House,Glen Davis,Marquis Daniels,Rasheed Wallace,Darius Songaila,David West,Jason Hart,Morris Peterson,Peja Stojakovic,4,10:41,BOS,foul,,,,,,,,David West,,Rasheed Wallace,,,,,,offensive,,
Brian Scalabrine,Eddie House,Glen Davis,Marquis Daniels,Rasheed Wallace,Darius Songaila,David West,Jason Hart,Morris Peterson,Peja Stojakovic,4,10:41,BOS,turnover,,,,,,,,,,Rasheed Wallace,,,foul,,,,,
Brian Scalabrine,Eddie House,Glen Davis,Marquis Daniels,Rasheed Wallace,Darius Songaila,Darren Collison,David West,Morris Peterson,Peja Stojakovic,4,10:41,NOH,sub,,,,Darren Collison,,Jason Hart,,,,,,,,,,,,
Brian Scalabrine,Eddie House,Glen Davis,Marquis Daniels,Rasheed Wallace,Darius Songaila,Darren Collison,David West,Morris Peterson,Peja Stojakovic,4,10:22,NOH,foul,,,,,,,,Brian Scalabrine,,Morris Peterson,,,,,,offensive,,
Brian Scalabrine,Eddie House,Glen Davis,Marquis Daniels,Rasheed Wallace,Darius Songaila,Darren Collison,David West,Morris Peterson,Peja Stojakovic,4,10:22,NOH,turnover,,,,,,,,,,Morris Peterson,,,foul,,,,,
Brian Scalabrine,Eddie House,Glen Davis,Marquis Daniels,Rasheed Wallace,Darius Songaila,Darren Collison,David West,James Posey,Peja Stojakovic,4,10:22,NOH,sub,,,,James Posey,,Morris Peterson,,,,,,,,,,,,
Brian Scalabrine,Eddie House,Glen Davis,Marquis Daniels,Rasheed Wallace,Darius Songaila,Darren Collison,David West,James Posey,Peja Stojakovic,4,10:11,BOS,shot,,,,,,,,,,Marquis Daniels,2,,,made,,jump,26,14
Brian Scalabrine,Eddie House,Glen Davis,Marquis Daniels,Rasheed Wallace,Darius Songaila,Darren Collison,David West,James Posey,Peja Stojakovic,4,9:55,NOH,turnover,,,,,,,,,,Peja Stojakovic,,,bad pass,,Rasheed Wallace,,,
Brian Scalabrine,Eddie House,Glen Davis,Marquis Daniels,Rasheed Wallace,Darius Songaila,Darren Collison,David West,James Posey,Peja Stojakovic,4,9:49,BOS,shot,,,,,,,,,,Marquis Daniels,2,,,made,,layup,25,6
Brian Scalabrine,Eddie House,Glen Davis,Marquis Daniels,Rasheed Wallace,Darius Songaila,Darren Collison,David West,James Posey,Peja Stojakovic,4,9:47,NOH,timeout,,,,,,,,,,,,,,,,regular,,
Brian Scalabrine,Eddie House,Glen Davis,Marquis Daniels,Rasheed Wallace,Darius Songaila,Darren Collison,David West,James Posey,Peja Stojakovic,4,9:24,NOH,shot,,,,,,,,,,Peja Stojakovic,2,,,made,,layup,25,6
Brian Scalabrine,Eddie House,Glen Davis,Marquis Daniels,Rasheed Wallace,Darius Songaila,Darren Collison,David West,James Posey,Peja Stojakovic,4,9:02,BOS,shot,,,,,,,,,,Marquis Daniels,2,,,made,,jump,10,19
Brian Scalabrine,Eddie House,Glen Davis,Marquis Daniels,Rasheed Wallace,Darius Songaila,Darren Collison,David West,James Posey,Peja Stojakovic,4,8:41,NOH,shot,,,,,,,,,,Darren Collison,2,,,made,,jump,30,19
Brian Scalabrine,Eddie House,Glen Davis,Marquis Daniels,Rasheed Wallace,Darius Songaila,Darren Collison,David West,James Posey,Peja Stojakovic,4,8:22,BOS,shot,,,,,,,,,,Eddie House,,,,missed,,jump,14,25
Brian Scalabrine,Eddie House,Glen Davis,Marquis Daniels,Rasheed Wallace,Darius Songaila,Darren Collison,David West,James Posey,Peja Stojakovic,4,8:21,NOH,rebound,,,,,,,,,,James Posey,,,,,,def,,
Brian Scalabrine,Eddie House,Glen Davis,Marquis Daniels,Rasheed Wallace,Darius Songaila,Darren Collison,David West,James Posey,Peja Stojakovic,4,8:06,NOH,shot,,,,,,,,,,David West,,,,missed,,jump,42,7
Brian Scalabrine,Eddie House,Glen Davis,Marquis Daniels,Rasheed Wallace,Darius Songaila,Darren Collison,David West,James Posey,Peja Stojakovic,4,8:03,BOS,rebound,,,,,,,,,,Eddie House,,,,,,def,,
Brian Scalabrine,Eddie House,Glen Davis,Marquis Daniels,Rasheed Wallace,Darius Songaila,Darren Collison,David West,James Posey,Peja Stojakovic,4,7:43,BOS,shot,,,,,,,,,,Brian Scalabrine,,,,missed,,jump,8,10
Brian Scalabrine,Eddie House,Glen Davis,Marquis Daniels,Rasheed Wallace,Darius Songaila,Darren Collison,David West,James Posey,Peja Stojakovic,4,7:42,NOH,rebound,,,,,,,,,,James Posey,,,,,,def,,
Brian Scalabrine,Eddie House,Glen Davis,Marquis Daniels,Rasheed Wallace,Darius Songaila,Darren Collison,David West,James Posey,Peja Stojakovic,4,7:23,NOH,shot,,,,,,,,,,Darren Collison,2,,,made,,driving layup,25,6
Brian Scalabrine,Eddie House,Glen Davis,Marquis Daniels,Rasheed Wallace,Darius Songaila,Darren Collison,David West,James Posey,Peja Stojakovic,4,7:23,BOS,foul,,,,,,,,Darren Collison,,Rasheed Wallace,,,,,,shooting,,
Eddie House,Glen Davis,Marquis Daniels,Paul Pierce,Rasheed Wallace,Darius Songaila,Darren Collison,David West,James Posey,Peja Stojakovic,4,7:23,BOS,sub,,,,Paul Pierce,,Brian Scalabrine,,,,,,,,,,,,
Eddie House,Glen Davis,Marquis Daniels,Paul Pierce,Rasheed Wallace,Darius Songaila,Darren Collison,David West,James Posey,Peja Stojakovic,4,7:23,NOH,free throw,,,,,,,1,,1,Darren Collison,,,foul,made,,,,
Eddie House,Glen Davis,Marquis Daniels,Paul Pierce,Rasheed Wallace,Darius Songaila,Darren Collison,David West,James Posey,Peja Stojakovic,4,7:05,BOS,shot,Paul Pierce,,,,,,,,,Rasheed Wallace,3,,,made,,3pt,31,31
Eddie House,Glen Davis,Marquis Daniels,Paul Pierce,Rasheed Wallace,Darius Songaila,Darren Collison,David West,James Posey,Peja Stojakovic,4,6:36,NOH,shot,,,,,,,,,,Darren Collison,2,,,made,,jump,36,21
Eddie House,Glen Davis,Marquis Daniels,Paul Pierce,Rasheed Wallace,Darius Songaila,Darren Collison,David West,James Posey,Peja Stojakovic,4,6:17,BOS,shot,,,,,,,,,,Rasheed Wallace,,,,missed,,3pt,27,30
Eddie House,Glen Davis,Marquis Daniels,Paul Pierce,Rasheed Wallace,Darius Songaila,Darren Collison,David West,James Posey,Peja Stojakovic,4,6:15,NOH,rebound,,,,,,,,,,Peja Stojakovic,,,,,,def,,
Eddie House,Glen Davis,Marquis Daniels,Paul Pierce,Rasheed Wallace,Darius Songaila,Darren Collison,David West,James Posey,Peja Stojakovic,4,6:01,NOH,shot,,,,,,,,,,Darren Collison,2,,,made,,driving layup,25,6
Eddie House,Glen Davis,Marquis Daniels,Paul Pierce,Rasheed Wallace,Darius Songaila,Darren Collison,David West,James Posey,Peja Stojakovic,4,5:59,BOS,timeout,,,,,,,,,,,,,,,,regular,,
Eddie House,Kevin Garnett,Marquis Daniels,Paul Pierce,Rasheed Wallace,Darius Songaila,Darren Collison,David West,James Posey,Peja Stojakovic,4,5:59,BOS,sub,,,,Kevin Garnett,,Glen Davis,,,,,,,,,,,,
Kevin Garnett,Marquis Daniels,Paul Pierce,Rajon Rondo,Rasheed Wallace,Darius Songaila,Darren Collison,David West,James Posey,Peja Stojakovic,4,5:59,BOS,sub,,,,Rajon Rondo,,Eddie House,,,,,,,,,,,,
Kevin Garnett,Paul Pierce,Rajon Rondo,Rasheed Wallace,Tony Allen,Darius Songaila,Darren Collison,David West,James Posey,Peja Stojakovic,4,5:59,BOS,sub,,,,Tony Allen,,Marquis Daniels,,,,,,,,,,,,
Kevin Garnett,Paul Pierce,Rajon Rondo,Rasheed Wallace,Tony Allen,Darius Songaila,Darren Collison,David West,James Posey,Peja Stojakovic,4,5:50,BOS,turnover,,,,,,,,,,Paul Pierce,,,bad pass,,,,,
Kevin Garnett,Paul Pierce,Rajon Rondo,Rasheed Wallace,Tony Allen,Darius Songaila,Darren Collison,David West,James Posey,Peja Stojakovic,4,5:31,NOH,turnover,,,,,,,,,,Darren Collison,,,bad pass,,Rajon Rondo,,,
Kevin Garnett,Paul Pierce,Rajon Rondo,Rasheed Wallace,Tony Allen,Darius Songaila,Darren Collison,David West,James Posey,Peja Stojakovic,4,5:28,BOS,foul,,,,,,,,James Posey,,Paul Pierce,,,,,,offensive,,
Kevin Garnett,Paul Pierce,Rajon Rondo,Rasheed Wallace,Tony Allen,Darius Songaila,Darren Collison,David West,James Posey,Peja Stojakovic,4,5:28,BOS,turnover,,,,,,,,,,Paul Pierce,,,foul,,,,,
Kendrick Perkins,Kevin Garnett,Paul Pierce,Rajon Rondo,Tony Allen,Darius Songaila,Darren Collison,David West,James Posey,Peja Stojakovic,4,5:28,BOS,sub,,,,Kendrick Perkins,,Rasheed Wallace,,,,,,,,,,,,
Kendrick Perkins,Kevin Garnett,Paul Pierce,Rajon Rondo,Tony Allen,Darius Songaila,Darren Collison,David West,James Posey,Peja Stojakovic,4,5:16,NOH,shot,,,,,,,,,,Darius Songaila,,,,missed,,jump,28,27
Kendrick Perkins,Kevin Garnett,Paul Pierce,Rajon Rondo,Tony Allen,Darius Songaila,Darren Collison,David West,James Posey,Peja Stojakovic,4,5:15,BOS,rebound,,,,,,,,,,Kevin Garnett,,,,,,def,,
Kendrick Perkins,Kevin Garnett,Paul Pierce,Rajon Rondo,Tony Allen,Darius Songaila,Darren Collison,David West,James Posey,Peja Stojakovic,4,4:58,BOS,shot,,,,,,,,,,Paul Pierce,,,,missed,,jump,33,16
Kendrick Perkins,Kevin Garnett,Paul Pierce,Rajon Rondo,Tony Allen,Darius Songaila,Darren Collison,David West,James Posey,Peja Stojakovic,4,4:57,NOH,rebound,,,,,,,,,,Darius Songaila,,,,,,def,,
Kendrick Perkins,Kevin Garnett,Paul Pierce,Rajon Rondo,Tony Allen,Darius Songaila,Darren Collison,David West,James Posey,Peja Stojakovic,4,4:41,NOH,turnover,,,,,,,,,,Peja Stojakovic,,,lost ball,,Tony Allen,,,
Kendrick Perkins,Kevin Garnett,Paul Pierce,Rajon Rondo,Tony Allen,Darius Songaila,Darren Collison,David West,James Posey,Peja Stojakovic,4,4:17,BOS,shot,,,,,,,,,,Kevin Garnett,,,,missed,,3pt,40,27
Kendrick Perkins,Kevin Garnett,Paul Pierce,Rajon Rondo,Tony Allen,Darius Songaila,Darren Collison,David West,James Posey,Peja Stojakovic,4,4:17,BOS,rebound,,,,,,,,,,,,,,,,,,
Kendrick Perkins,Kevin Garnett,Paul Pierce,Rajon Rondo,Tony Allen,Darius Songaila,Darren Collison,David West,James Posey,Peja Stojakovic,4,4:17,BOS,turnover,,,,,,,,,,,,,shot clock turnover,,,,,
Kendrick Perkins,Kevin Garnett,Paul Pierce,Rajon Rondo,Tony Allen,Darius Songaila,Darren Collison,David West,James Posey,Peja Stojakovic,4,4:01,NOH,turnover,,,,,,,,,,Darren Collison,,,lost ball,,Tony Allen,,,
Kendrick Perkins,Kevin Garnett,Paul Pierce,Rajon Rondo,Tony Allen,Darius Songaila,Darren Collison,David West,James Posey,Peja Stojakovic,4,4:00,BOS,turnover,,,,,,,,,,Tony Allen,,,bad pass,,,,,
Kendrick Perkins,Kevin Garnett,Paul Pierce,Rajon Rondo,Tony Allen,Darius Songaila,Darren Collison,David West,James Posey,Peja Stojakovic,4,3:53,NOH,shot,,,,,,,,,,James Posey,,,,missed,,layup,25,6
Kendrick Perkins,Kevin Garnett,Paul Pierce,Rajon Rondo,Tony Allen,Darius Songaila,Darren Collison,David West,James Posey,Peja Stojakovic,4,3:52,BOS,rebound,,,,,,,,,,Kendrick Perkins,,,,,,def,,
Kendrick Perkins,Kevin Garnett,Paul Pierce,Rajon Rondo,Tony Allen,Darius Songaila,Darren Collison,David West,James Posey,Peja Stojakovic,4,3:39,BOS,jump ball,,Kevin Garnett,,,James Posey,,,,,,,Paul Pierce,,,,,,
Kendrick Perkins,Kevin Garnett,Paul Pierce,Rajon Rondo,Tony Allen,Darius Songaila,Darren Collison,David West,James Posey,Peja Stojakovic,4,3:33,BOS,shot,,,,,,,,,,Tony Allen,,,,missed,,layup,25,6
Kendrick Perkins,Kevin Garnett,Paul Pierce,Rajon Rondo,Tony Allen,Darius Songaila,Darren Collison,David West,James Posey,Peja Stojakovic,4,3:32,BOS,rebound,,,,,,,,,,Tony Allen,,,,,,off,,
Kendrick Perkins,Kevin Garnett,Paul Pierce,Rajon Rondo,Tony Allen,Darius Songaila,Darren Collison,David West,James Posey,Peja Stojakovic,4,3:31,BOS,shot,,,,,,,,,,Tony Allen,2,,,made,,layup,25,6
Kendrick Perkins,Kevin Garnett,Paul Pierce,Rajon Rondo,Tony Allen,Darius Songaila,Darren Collison,David West,James Posey,Peja Stojakovic,4,3:31,NOH,foul,,,,,,,,Tony Allen,,Darius Songaila,,,,,,shooting,,
Kendrick Perkins,Kevin Garnett,Paul Pierce,Rajon Rondo,Tony Allen,Darius Songaila,Darren Collison,David West,James Posey,Peja Stojakovic,4,3:31,BOS,free throw,,,,,,,1,,1,Tony Allen,,,foul,missed,,,,
Kendrick Perkins,Kevin Garnett,Paul Pierce,Rajon Rondo,Tony Allen,Darius Songaila,Darren Collison,David West,James Posey,Peja Stojakovic,4,3:30,NOH,rebound,,,,,,,,,,Peja Stojakovic,,,,,,def,,
Kendrick Perkins,Kevin Garnett,Paul Pierce,Rajon Rondo,Tony Allen,Darius Songaila,Darren Collison,David West,James Posey,Peja Stojakovic,4,3:19,BOS,foul,,,,,,,,David West,,Tony Allen,,,,,,personal,,
Kendrick Perkins,Kevin Garnett,Paul Pierce,Rajon Rondo,Tony Allen,Darius Songaila,Darren Collison,David West,James Posey,Peja Stojakovic,4,3:04,NOH,shot,,,,,,,,,,James Posey,,,,missed,,3pt,35,29
Kendrick Perkins,Kevin Garnett,Paul Pierce,Rajon Rondo,Tony Allen,Darius Songaila,Darren Collison,David West,James Posey,Peja Stojakovic,4,3:03,BOS,rebound,,,,,,,,,,Kevin Garnett,,,,,,def,,
Kendrick Perkins,Kevin Garnett,Paul Pierce,Rajon Rondo,Tony Allen,Darius Songaila,Darren Collison,David West,James Posey,Peja Stojakovic,4,2:51,BOS,shot,,,,,,,,,,Paul Pierce,,,,missed,,3pt,35,30
Kendrick Perkins,Kevin Garnett,Paul Pierce,Rajon Rondo,Tony Allen,Darius Songaila,Darren Collison,David West,James Posey,Peja Stojakovic,4,2:49,BOS,rebound,,,,,,,,,,Rajon Rondo,,,,,,off,,
Kendrick Perkins,Kevin Garnett,Paul Pierce,Rajon Rondo,Tony Allen,Darius Songaila,Darren Collison,David West,James Posey,Peja Stojakovic,4,2:45,BOS,timeout,,,,,,,,,,,,,,,,official,,
Kendrick Perkins,Kevin Garnett,Paul Pierce,Rajon Rondo,Tony Allen,Darius Songaila,Darren Collison,David West,James Posey,Peja Stojakovic,4,2:33,BOS,turnover,,,,,,,,,,Kendrick Perkins,,,bad pass,,David West,,,
Kendrick Perkins,Kevin Garnett,Paul Pierce,Rajon Rondo,Tony Allen,Darius Songaila,Darren Collison,David West,James Posey,Peja Stojakovic,4,2:29,NOH,shot,David West,,,,,,,,,Darren Collison,2,,,made,,layup,25,6
Kendrick Perkins,Kevin Garnett,Paul Pierce,Rajon Rondo,Tony Allen,Darius Songaila,Darren Collison,David West,James Posey,Peja Stojakovic,4,2:07,NOH,foul,,,,,,,,Tony Allen,,James Posey,,,,,,shooting,,
Kevin Garnett,Paul Pierce,Rajon Rondo,Rasheed Wallace,Tony Allen,Darius Songaila,Darren Collison,David West,James Posey,Peja Stojakovic,4,2:07,BOS,sub,,,,Rasheed Wallace,,Kendrick Perkins,,,,,,,,,,,,
Kevin Garnett,Paul Pierce,Rajon Rondo,Rasheed Wallace,Tony Allen,Darius Songaila,Darren Collison,David West,James Posey,Peja Stojakovic,4,2:07,BOS,free throw,,,,,,,1,,2,Tony Allen,,,foul,made,,,,
Kevin Garnett,Paul Pierce,Rajon Rondo,Rasheed Wallace,Tony Allen,Darius Songaila,Darren Collison,David West,James Posey,Peja Stojakovic,4,2:07,BOS,free throw,,,,,,,2,,2,Tony Allen,,,foul,missed,,,,
Kevin Garnett,Paul Pierce,Rajon Rondo,Rasheed Wallace,Tony Allen,Darius Songaila,Darren Collison,David West,James Posey,Peja Stojakovic,4,2:06,NOH,rebound,,,,,,,,,,Darren Collison,,,,,,def,,
Kevin Garnett,Paul Pierce,Rajon Rondo,Rasheed Wallace,Tony Allen,Darius Songaila,Darren Collison,David West,James Posey,Peja Stojakovic,4,1:49,NOH,turnover,,,,,,,,,,David West,,,traveling,,,,,
Kevin Garnett,Paul Pierce,Rajon Rondo,Rasheed Wallace,Tony Allen,Darius Songaila,Darren Collison,David West,James Posey,Peja Stojakovic,4,1:49,BOS,timeout,,,,,,,,,,,,,,,,regular,,
Kevin Garnett,Paul Pierce,Rajon Rondo,Rasheed Wallace,Tony Allen,Darius Songaila,Darren Collison,David West,James Posey,Peja Stojakovic,4,1:42,BOS,shot,,,,,,,,,,Rajon Rondo,,,,missed,,jump,9,15
Kevin Garnett,Paul Pierce,Rajon Rondo,Rasheed Wallace,Tony Allen,Darius Songaila,Darren Collison,David West,James Posey,Peja Stojakovic,4,1:41,NOH,rebound,,,,,,,,,,James Posey,,,,,,def,,
Kevin Garnett,Paul Pierce,Rajon Rondo,Rasheed Wallace,Tony Allen,Darius Songaila,Darren Collison,David West,James Posey,Peja Stojakovic,4,1:22,NOH,shot,,,,,,,,,,David West,,,,missed,,layup,25,6
Kevin Garnett,Paul Pierce,Rajon Rondo,Rasheed Wallace,Tony Allen,Darius Songaila,Darren Collison,David West,James Posey,Peja Stojakovic,4,1:21,BOS,rebound,,,,,,,,,,Kevin Garnett,,,,,,def,,
Kevin Garnett,Paul Pierce,Rajon Rondo,Rasheed Wallace,Tony Allen,Darius Songaila,Darren Collison,David West,James Posey,Peja Stojakovic,4,1:12,BOS,shot,Paul Pierce,,,,,,,,,Tony Allen,2,,,made,,dunk,25,6
Kevin Garnett,Paul Pierce,Rajon Rondo,Rasheed Wallace,Tony Allen,Darius Songaila,Darren Collison,David West,James Posey,Peja Stojakovic,4,0:59,BOS,foul,,,,,,,,Peja Stojakovic,,Tony Allen,,,,,,shooting,,
Kevin Garnett,Paul Pierce,Rajon Rondo,Rasheed Wallace,Tony Allen,Darius Songaila,Darren Collison,David West,James Posey,Peja Stojakovic,4,0:59,NOH,free throw,,,,,,,1,,2,Peja Stojakovic,,,foul,made,,,,
Kevin Garnett,Paul Pierce,Rajon Rondo,Rasheed Wallace,Tony Allen,Darius Songaila,Darren Collison,David West,James Posey,Peja Stojakovic,4,0:59,NOH,free throw,,,,,,,2,,2,Peja Stojakovic,,,foul,made,,,,
Kevin Garnett,Paul Pierce,Rajon Rondo,Rasheed Wallace,Tony Allen,Darius Songaila,Darren Collison,David West,James Posey,Peja Stojakovic,4,0:51,BOS,turnover,,,,,,,,,,Paul Pierce,,,bad pass,,Peja Stojakovic,,,
Kevin Garnett,Paul Pierce,Rajon Rondo,Rasheed Wallace,Tony Allen,Darius Songaila,Darren Collison,David West,James Posey,Peja Stojakovic,4,0:43,NOH,turnover,,,,,,,,,,David West,,,out of bounds lost ball turnover,,,,,
Eddie House,Kevin Garnett,Paul Pierce,Rajon Rondo,Rasheed Wallace,Darius Songaila,Darren Collison,David West,James Posey,Peja Stojakovic,4,0:43,BOS,sub,,,,Eddie House,,Tony Allen,,,,,,,,,,,,
Eddie House,Kevin Garnett,Paul Pierce,Rajon Rondo,Rasheed Wallace,Darius Songaila,Darren Collison,David West,James Posey,Peja Stojakovic,4,0:37,BOS,shot,,,David West,,,,,,,Kevin Garnett,,,,missed,,layup,25,6
Eddie House,Kevin Garnett,Paul Pierce,Rajon Rondo,Rasheed Wallace,Darius Songaila,Darren Collison,David West,James Posey,Peja Stojakovic,4,0:36,NOH,rebound,,,,,,,,,,David West,,,,,,def,,
Eddie House,Kevin Garnett,Paul Pierce,Rajon Rondo,Rasheed Wallace,Darius Songaila,Darren Collison,David West,James Posey,Peja Stojakovic,4,0:25,BOS,foul,,,,,,,,David West,,Rajon Rondo,,,,,,personal,,
Eddie House,Kevin Garnett,Paul Pierce,Rajon Rondo,Rasheed Wallace,Darius Songaila,Darren Collison,David West,James Posey,Peja Stojakovic,4,0:25,NOH,free throw,,,,,,,1,,2,David West,,,foul,made,,,,
Eddie House,Kevin Garnett,Paul Pierce,Rajon Rondo,Rasheed Wallace,Darius Songaila,Darren Collison,David West,James Posey,Peja Stojakovic,4,0:25,NOH,free throw,,,,,,,2,,2,David West,,,foul,made,,,,
Eddie House,Kevin Garnett,Paul Pierce,Rajon Rondo,Rasheed Wallace,Darius Songaila,Darren Collison,David West,James Posey,Peja Stojakovic,4,0:21,BOS,shot,,,,,,,,,,Paul Pierce,2,,,made,,layup,25,6
Eddie House,Kevin Garnett,Paul Pierce,Rajon Rondo,Rasheed Wallace,Darius Songaila,Darren Collison,David West,James Posey,Peja Stojakovic,4,0:16,BOS,foul,,,,,,,,Darren Collison,,Eddie House,,,,,,personal,,
Eddie House,Kevin Garnett,Paul Pierce,Rajon Rondo,Rasheed Wallace,Darius Songaila,Darren Collison,David West,James Posey,Peja Stojakovic,4,0:16,NOH,free throw,,,,,,,1,,2,Darren Collison,,,foul,made,,,,
Eddie House,Kevin Garnett,Paul Pierce,Rajon Rondo,Rasheed Wallace,Darius Songaila,Darren Collison,David West,James Posey,Peja Stojakovic,4,0:16,NOH,free throw,,,,,,,2,,2,Darren Collison,,,foul,made,,,,
Eddie House,Kevin Garnett,Paul Pierce,Rajon Rondo,Rasheed Wallace,Darius Songaila,Darren Collison,David West,James Posey,Peja Stojakovic,4,0:05,BOS,shot,,,,,,,,,,Paul Pierce,,,,missed,,3pt,42,26
Eddie House,Kevin Garnett,Paul Pierce,Rajon Rondo,Rasheed Wallace,Darius Songaila,Darren Collison,David West,James Posey,Peja Stojakovic,4,0:04,NOH,rebound,,,,,,,,,,Darren Collison,,,,,,def,,
