a1,a2,a3,a4,a5,h1,h2,h3,h4,h5,period,time,team,etype,assist,away,block,entered,home,left,num,opponent,outof,player,points,possession,reason,result,steal,type,x,y
Dwyane Wade,Jermaine O'Neal,Michael Beasley,Quentin Richardson,Rafer Alston,Jeff Green,Kevin Durant,Nenad Krstic,Russell Westbrook,Thabo Sefolosha,1,12:00,OFF,jump ball,,Jermaine O'Neal,,,Jeff Green,,,,,,,Rafer Alston,,,,,,
Dwyane Wade,Jermaine O'Neal,Michael Beasley,Quentin Richardson,Rafer Alston,Jeff Green,Kevin Durant,Nenad Krstic,Russell Westbrook,Thabo Sefolosha,1,11:40,MIA,shot,,,,,,,,,,Quentin Richardson,,,,missed,,jump,42,13
Dwyane Wade,Jermaine O'Neal,Michael Beasley,Quentin Richardson,Rafer Alston,Jeff Green,Kevin Durant,Nenad Krstic,Russell Westbrook,Thabo Sefolosha,1,11:39,OKC,rebound,,,,,,,,,,Thabo Sefolosha,,,,,,def,,
Dwyane Wade,Jermaine O'Neal,Michael Beasley,Quentin Richardson,Rafer Alston,Jeff Green,Kevin Durant,Nenad Krstic,Russell Westbrook,Thabo Sefolosha,1,11:23,MIA,foul,,,,,,,,Jeff Green,,Jermaine O'Neal,,,,,,shooting,,
Dwyane Wade,Jermaine O'Neal,Michael Beasley,Quentin Richardson,Rafer Alston,Jeff Green,Kevin Durant,Nenad Krstic,Russell Westbrook,Thabo Sefolosha,1,11:23,OKC,free throw,,,,,,,1,,2,Jeff Green,,,foul,missed,,,,
Dwyane Wade,Jermaine O'Neal,Michael Beasley,Quentin Richardson,Rafer Alston,Jeff Green,Kevin Durant,Nenad Krstic,Russell Westbrook,Thabo Sefolosha,1,11:23,OKC,rebound,,,,,,,,,,,,,,,,,,
Dwyane Wade,Jermaine O'Neal,Michael Beasley,Quentin Richardson,Rafer Alston,Jeff Green,Kevin Durant,Nenad Krstic,Russell Westbrook,Thabo Sefolosha,1,11:23,OKC,free throw,,,,,,,2,,2,Jeff Green,,,foul,made,,,,
Dwyane Wade,Jermaine O'Neal,Michael Beasley,Quentin Richardson,Rafer Alston,Jeff Green,Kevin Durant,Nenad Krstic,Russell Westbrook,Thabo Sefolosha,1,11:07,OKC,foul,,,,,,,,Jermaine O'Neal,,Kevin Durant,,,,,,shooting,,
Dwyane Wade,Jermaine O'Neal,Michael Beasley,Quentin Richardson,Rafer Alston,Jeff Green,Kevin Durant,Nenad Krstic,Russell Westbrook,Thabo Sefolosha,1,11:07,MIA,free throw,,,,,,,1,,2,Jermaine O'Neal,,,foul,made,,,,
Dwyane Wade,Jermaine O'Neal,Michael Beasley,Quentin Richardson,Rafer Alston,Jeff Green,Kevin Durant,Nenad Krstic,Russell Westbrook,Thabo Sefolosha,1,11:07,MIA,free throw,,,,,,,2,,2,Jermaine O'Neal,,,foul,made,,,,
Dwyane Wade,Jermaine O'Neal,Michael Beasley,Quentin Richardson,Rafer Alston,Jeff Green,Kevin Durant,Nenad Krstic,Russell Westbrook,Thabo Sefolosha,1,10:42,OKC,shot,,,,,,,,,,Thabo Sefolosha,,,,missed,,jump,8,6
Dwyane Wade,Jermaine O'Neal,Michael Beasley,Quentin Richardson,Rafer Alston,Jeff Green,Kevin Durant,Nenad Krstic,Russell Westbrook,Thabo Sefolosha,1,10:40,OKC,rebound,,,,,,,,,,Nenad Krstic,,,,,,off,,
Dwyane Wade,Jermaine O'Neal,Michael Beasley,Quentin Richardson,Rafer Alston,Jeff Green,Kevin Durant,Nenad Krstic,Russell Westbrook,Thabo Sefolosha,1,10:40,OKC,shot,,,,,,,,,,Nenad Krstic,,,,missed,,putback layup,25,6
Dwyane Wade,Jermaine O'Neal,Michael Beasley,Quentin Richardson,Rafer Alston,Jeff Green,Kevin Durant,Nenad Krstic,Russell Westbrook,Thabo Sefolosha,1,10:39,MIA,rebound,,,,,,,,,,Jermaine O'Neal,,,,,,def,,
Dwyane Wade,Jermaine O'Neal,Michael Beasley,Quentin Richardson,Rafer Alston,Jeff Green,Kevin Durant,Nenad Krstic,Russell Westbrook,Thabo Sefolosha,1,10:28,MIA,shot,,,,,,,,,,Michael Beasley,2,,,made,,jump,17,16
Dwyane Wade,Jermaine O'Neal,Michael Beasley,Quentin Richardson,Rafer Alston,Jeff Green,Kevin Durant,Nenad Krstic,Russell Westbrook,Thabo Sefolosha,1,10:19,OKC,shot,Russell Westbrook,,,,,,,,,Nenad Krstic,2,,,made,,jump,26,26
Dwyane Wade,Jermaine O'Neal,Michael Beasley,Quentin Richardson,Rafer Alston,Jeff Green,Kevin Durant,Nenad Krstic,Russell Westbrook,Thabo Sefolosha,1,10:04,MIA,shot,,,,,,,,,,Dwyane Wade,,,,missed,,jump,41,7
Dwyane Wade,Jermaine O'Neal,Michael Beasley,Quentin Richardson,Rafer Alston,Jeff Green,Kevin Durant,Nenad Krstic,Russell Westbrook,Thabo Sefolosha,1,10:02,MIA,rebound,,,,,,,,,,Jermaine O'Neal,,,,,,off,,
Dwyane Wade,Jermaine O'Neal,Michael Beasley,Quentin Richardson,Rafer Alston,Jeff Green,Kevin Durant,Nenad Krstic,Russell Westbrook,Thabo Sefolosha,1,9:54,MIA,shot,,,Jeff Green,,,,,,,Michael Beasley,,,,missed,,layup,25,6
Dwyane Wade,Jermaine O'Neal,Michael Beasley,Quentin Richardson,Rafer Alston,Jeff Green,Kevin Durant,Nenad Krstic,Russell Westbrook,Thabo Sefolosha,1,9:51,MIA,rebound,,,,,,,,,,Jermaine O'Neal,,,,,,off,,
Dwyane Wade,Jermaine O'Neal,Michael Beasley,Quentin Richardson,Rafer Alston,Jeff Green,Kevin Durant,Nenad Krstic,Russell Westbrook,Thabo Sefolosha,1,9:49,MIA,turnover,,,,,,,,,,Jermaine O'Neal,,,lost ball,,Thabo Sefolosha,,,
Dwyane Wade,Jermaine O'Neal,Michael Beasley,Quentin Richardson,Rafer Alston,Jeff Green,Kevin Durant,Nenad Krstic,Russell Westbrook,Thabo Sefolosha,1,9:31,OKC,shot,,,,,,,,,,Nenad Krstic,,,,missed,,jump,13,19
Dwyane Wade,Jermaine O'Neal,Michael Beasley,Quentin Richardson,Rafer Alston,Jeff Green,Kevin Durant,Nenad Krstic,Russell Westbrook,Thabo Sefolosha,1,9:27,OKC,rebound,,,,,,,,,,Jeff Green,,,,,,off,,
Dwyane Wade,Jermaine O'Neal,Michael Beasley,Quentin Richardson,Rafer Alston,Jeff Green,Kevin Durant,Nenad Krstic,Russell Westbrook,Thabo Sefolosha,1,9:27,OKC,turnover,,,,,,,,,,,,,shot clock turnover,,,,,
Dwyane Wade,Jermaine O'Neal,Michael Beasley,Quentin Richardson,Rafer Alston,Jeff Green,Kevin Durant,Nenad Krstic,Russell Westbrook,Thabo Sefolosha,1,9:19,MIA,shot,,,,,,,,,,Dwyane Wade,2,,,made,,driving layup,25,6
Dwyane Wade,Jermaine O'Neal,Michael Beasley,Quentin Richardson,Rafer Alston,Jeff Green,Kevin Durant,Nenad Krstic,Russell Westbrook,Thabo Sefolosha,1,9:05,OKC,turnover,,,,,,,,,,Kevin Durant,,,bad pass,,Dwyane Wade,,,
Dwyane Wade,Jermaine O'Neal,Michael Beasley,Quentin Richardson,Rafer Alston,Jeff Green,Kevin Durant,Nenad Krstic,Russell Westbrook,Thabo Sefolosha,1,8:56,MIA,shot,,,,,,,,,,Dwyane Wade,,,,missed,,floating jump,25,12
Dwyane Wade,Jermaine O'Neal,Michael Beasley,Quentin Richardson,Rafer Alston,Jeff Green,Kevin Durant,Nenad Krstic,Russell Westbrook,Thabo Sefolosha,1,8:54,MIA,rebound,,,,,,,,,,Michael Beasley,,,,,,off,,
Dwyane Wade,Jermaine O'Neal,Michael Beasley,Quentin Richardson,Rafer Alston,Jeff Green,Kevin Durant,Nenad Krstic,Russell Westbrook,Thabo Sefolosha,1,8:54,MIA,shot,,,,,,,,,,Michael Beasley,2,,,made,,tip,25,6
Dwyane Wade,Jermaine O'Neal,Michael Beasley,Quentin Richardson,Rafer Alston,Jeff Green,Kevin Durant,Nenad Krstic,Russell Westbrook,Thabo Sefolosha,1,8:38,OKC,shot,Russell Westbrook,,,,,,,,,Kevin Durant,2,,,made,,jump,15,16
Dwyane Wade,Jermaine O'Neal,Michael Beasley,Quentin Richardson,Rafer Alston,Jeff Green,Kevin Durant,Nenad Krstic,Russell Westbrook,Thabo Sefolosha,1,8:28,MIA,shot,,,,,,,,,,Rafer Alston,,,,missed,,driving layup,25,6
Dwyane Wade,Jermaine O'Neal,Michael Beasley,Quentin Richardson,Rafer Alston,Jeff Green,Kevin Durant,Nenad Krstic,Russell Westbrook,Thabo Sefolosha,1,8:26,OKC,rebound,,,,,,,,,,Jeff Green,,,,,,def,,
Dwyane Wade,Jermaine O'Neal,Michael Beasley,Quentin Richardson,Rafer Alston,Jeff Green,Kevin Durant,Nenad Krstic,Russell Westbrook,Thabo Sefolosha,1,8:20,OKC,shot,,,,,,,,,,Kevin Durant,2,,,made,,driving layup,25,6
Dwyane Wade,Jermaine O'Neal,Michael Beasley,Quentin Richardson,Rafer Alston,Jeff Green,Kevin Durant,Nenad Krstic,Russell Westbrook,Thabo Sefolosha,1,7:58,MIA,shot,,,Jeff Green,,,,,,,Quentin Richardson,,,,missed,,jump bank,17,8
Dwyane Wade,Jermaine O'Neal,Michael Beasley,Quentin Richardson,Rafer Alston,Jeff Green,Kevin Durant,Nenad Krstic,Russell Westbrook,Thabo Sefolosha,1,7:56,OKC,rebound,,,,,,,,,,Russell Westbrook,,,,,,def,,
Dwyane Wade,Jermaine O'Neal,Michael Beasley,Quentin Richardson,Rafer Alston,Jeff Green,Kevin Durant,Nenad Krstic,Russell Westbrook,Thabo Sefolosha,1,7:47,OKC,shot,Russell Westbrook,,,,,,,,,Nenad Krstic,2,,,made,,layup,25,6
Dwyane Wade,Jermaine O'Neal,Michael Beasley,Quentin Richardson,Rafer Alston,Jeff Green,Kevin Durant,Nenad Krstic,Russell Westbrook,Thabo Sefolosha,1,7:23,MIA,shot,,,,,,,,,,Michael Beasley,,,,missed,,3pt,48,6
Dwyane Wade,Jermaine O'Neal,Michael Beasley,Quentin Richardson,Rafer Alston,Jeff Green,Kevin Durant,Nenad Krstic,Russell Westbrook,Thabo Sefolosha,1,7:22,OKC,rebound,,,,,,,,,,Kevin Durant,,,,,,def,,
Dwyane Wade,Jermaine O'Neal,Michael Beasley,Quentin Richardson,Rafer Alston,Jeff Green,Kevin Durant,Nenad Krstic,Russell Westbrook,Thabo Sefolosha,1,7:05,OKC,turnover,,,,,,,,,,Russell Westbrook,,,bad pass,,Rafer Alston,,,
Dwyane Wade,Jermaine O'Neal,Michael Beasley,Quentin Richardson,Rafer Alston,Jeff Green,Kevin Durant,Nenad Krstic,Russell Westbrook,Thabo Sefolosha,1,7:02,MIA,shot,,,,,,,,,,Dwyane Wade,2,,,made,,dunk,25,6
Dwyane Wade,Jermaine O'Neal,Michael Beasley,Quentin Richardson,Rafer Alston,Jeff Green,Kevin Durant,Nenad Krstic,Russell Westbrook,Thabo Sefolosha,1,6:39,OKC,shot,Nenad Krstic,,,,,,,,,Thabo Sefolosha,2,,,made,,jump,12,20
Dwyane Wade,Jermaine O'Neal,Michael Beasley,Quentin Richardson,Rafer Alston,Jeff Green,Kevin Durant,Nenad Krstic,Russell Westbrook,Thabo Sefolosha,1,6:21,MIA,shot,Dwyane Wade,,,,,,,,,Michael Beasley,2,,,made,,alley oop dunk,25,6
Dwyane Wade,Jermaine O'Neal,Michael Beasley,Quentin Richardson,Rafer Alston,Jeff Green,Kevin Durant,Nenad Krstic,Russell Westbrook,Thabo Sefolosha,1,6:12,OKC,timeout,,,,,,,,,,,,,,,,regular,,
Dwyane Wade,Jermaine O'Neal,Michael Beasley,Quentin Richardson,Rafer Alston,Jeff Green,Kevin Durant,Nenad Krstic,Russell Westbrook,Thabo Sefolosha,1,6:05,OKC,shot,Russell Westbrook,,,,,,,,,Nenad Krstic,2,,,made,,jump,41,15
Dwyane Wade,Jermaine O'Neal,Michael Beasley,Quentin Richardson,Rafer Alston,Jeff Green,Kevin Durant,Nenad Krstic,Russell Westbrook,Thabo Sefolosha,1,5:45,MIA,shot,,,,,,,,,,Jermaine O'Neal,,,,missed,,jump,39,13
Dwyane Wade,Jermaine O'Neal,Michael Beasley,Quentin Richardson,Rafer Alston,Jeff Green,Kevin Durant,Nenad Krstic,Russell Westbrook,Thabo Sefolosha,1,5:44,OKC,rebound,,,,,,,,,,Jeff Green,,,,,,def,,
Dwyane Wade,Jermaine O'Neal,Michael Beasley,Quentin Richardson,Rafer Alston,Jeff Green,Kevin Durant,Nenad Krstic,Russell Westbrook,Thabo Sefolosha,1,5:35,OKC,shot,Russell Westbrook,,,,,,,,,Jeff Green,2,,,made,,jump,13,7
Dwyane Wade,Jermaine O'Neal,Michael Beasley,Quentin Richardson,Rafer Alston,Jeff Green,Kevin Durant,Nenad Krstic,Russell Westbrook,Thabo Sefolosha,1,5:21,MIA,shot,,,,,,,,,,Dwyane Wade,,,,missed,,fade away jumper,39,10
Dwyane Wade,Jermaine O'Neal,Michael Beasley,Quentin Richardson,Rafer Alston,Jeff Green,Kevin Durant,Nenad Krstic,Russell Westbrook,Thabo Sefolosha,1,5:20,OKC,rebound,,,,,,,,,,Kevin Durant,,,,,,def,,
Dwyane Wade,Jermaine O'Neal,Michael Beasley,Quentin Richardson,Rafer Alston,Jeff Green,Kevin Durant,Nenad Krstic,Russell Westbrook,Thabo Sefolosha,1,5:12,MIA,foul,,,,,,,,Kevin Durant,,Quentin Richardson,,,,,,shooting,,
Dwyane Wade,Jermaine O'Neal,Michael Beasley,Quentin Richardson,Rafer Alston,Jeff Green,Kevin Durant,Nenad Krstic,Russell Westbrook,Thabo Sefolosha,1,5:12,OKC,free throw,,,,,,,1,,2,Kevin Durant,,,foul,made,,,,
Dwyane Wade,Jermaine O'Neal,Michael Beasley,Quentin Richardson,Rafer Alston,Jeff Green,Kevin Durant,Nenad Krstic,Russell Westbrook,Thabo Sefolosha,1,5:12,OKC,free throw,,,,,,,2,,2,Kevin Durant,,,foul,made,,,,
Dwyane Wade,Jermaine O'Neal,Michael Beasley,Quentin Richardson,Rafer Alston,Jeff Green,Kevin Durant,Nenad Krstic,Russell Westbrook,Thabo Sefolosha,1,4:51,MIA,shot,,,,,,,,,,Michael Beasley,,,,missed,,jump,47,6
Dwyane Wade,Jermaine O'Neal,Michael Beasley,Quentin Richardson,Rafer Alston,Jeff Green,Kevin Durant,Nenad Krstic,Russell Westbrook,Thabo Sefolosha,1,4:50,MIA,rebound,,,,,,,,,,Jermaine O'Neal,,,,,,off,,
Dwyane Wade,Jermaine O'Neal,Michael Beasley,Quentin Richardson,Rafer Alston,Jeff Green,Kevin Durant,Nenad Krstic,Russell Westbrook,Thabo Sefolosha,1,4:49,MIA,shot,,,,,,,,,,Jermaine O'Neal,2,,,made,,putback dunk,25,6
Dwyane Wade,Jermaine O'Neal,Michael Beasley,Quentin Richardson,Rafer Alston,Jeff Green,Kevin Durant,Nenad Krstic,Russell Westbrook,Thabo Sefolosha,1,4:23,OKC,shot,,,,,,,,,,Kevin Durant,,,,missed,,jump,41,13
Dwyane Wade,Jermaine O'Neal,Michael Beasley,Quentin Richardson,Rafer Alston,Jeff Green,Kevin Durant,Nenad Krstic,Russell Westbrook,Thabo Sefolosha,1,4:23,OKC,rebound,,,,,,,,,,,,,,,,,,
Dwyane Wade,Jermaine O'Neal,Michael Beasley,Quentin Richardson,Rafer Alston,Jeff Green,Kevin Durant,Nenad Krstic,Russell Westbrook,Thabo Sefolosha,1,4:23,OKC,turnover,,,,,,,,,,,,,shot clock turnover,,,,,
Dwyane Wade,Jermaine O'Neal,Michael Beasley,Quentin Richardson,Rafer Alston,Jeff Green,Kevin Durant,Nick Collison,Russell Westbrook,Thabo Sefolosha,1,4:23,OKC,sub,,,,Nick Collison,,Nenad Krstic,,,,,,,,,,,,
Dwyane Wade,Michael Beasley,Quentin Richardson,Rafer Alston,Udonis Haslem,Jeff Green,Kevin Durant,Nick Collison,Russell Westbrook,Thabo Sefolosha,1,4:23,MIA,sub,,,,Udonis Haslem,,Jermaine O'Neal,,,,,,,,,,,,
Dwyane Wade,Joel Anthony,Quentin Richardson,Rafer Alston,Udonis Haslem,Jeff Green,Kevin Durant,Nick Collison,Russell Westbrook,Thabo Sefolosha,1,4:23,MIA,sub,,,,Joel Anthony,,Michael Beasley,,,,,,,,,,,,
Dwyane Wade,Joel Anthony,Quentin Richardson,Rafer Alston,Udonis Haslem,Jeff Green,Kevin Durant,Nick Collison,Russell Westbrook,Thabo Sefolosha,1,4:08,MIA,shot,,,,,,,,,,Quentin Richardson,,,,missed,,driving layup,25,6
Dwyane Wade,Joel Anthony,Quentin Richardson,Rafer Alston,Udonis Haslem,Jeff Green,Kevin Durant,Nick Collison,Russell Westbrook,Thabo Sefolosha,1,4:06,OKC,rebound,,,,,,,,,,Kevin Durant,,,,,,def,,
Dwyane Wade,Joel Anthony,Quentin Richardson,Rafer Alston,Udonis Haslem,Jeff Green,Kevin Durant,Nick Collison,Russell Westbrook,Thabo Sefolosha,1,3:55,OKC,shot,Kevin Durant,,,,,,,,,Jeff Green,3,,,made,,3pt,48,8
Dwyane Wade,Joel Anthony,Quentin Richardson,Rafer Alston,Udonis Haslem,Jeff Green,Kevin Durant,Nick Collison,Russell Westbrook,Thabo Sefolosha,1,3:38,MIA,turnover,,,,,,,,,,Dwyane Wade,,,out of bounds lost ball turnover,,,,,
Dwyane Wade,Joel Anthony,Quentin Richardson,Rafer Alston,Udonis Haslem,James Harden,Jeff Green,Kevin Durant,Nick Collison,Russell Westbrook,1,3:38,OKC,sub,,,,James Harden,,Thabo Sefolosha,,,,,,,,,,,,
Dwyane Wade,Joel Anthony,Quentin Richardson,Rafer Alston,Udonis Haslem,James Harden,Jeff Green,Kevin Durant,Nick Collison,Russell Westbrook,1,3:27,OKC,shot,Jeff Green,,,,,,,,,Kevin Durant,2,,,made,,jump bank,19,7
Dwyane Wade,Joel Anthony,Quentin Richardson,Rafer Alston,Udonis Haslem,James Harden,Jeff Green,Kevin Durant,Nick Collison,Russell Westbrook,1,3:27,MIA,foul,,,,,,,,Kevin Durant,,Quentin Richardson,,,,,,shooting,,
Dwyane Wade,Joel Anthony,Quentin Richardson,Rafer Alston,Udonis Haslem,James Harden,Jeff Green,Kevin Durant,Nick Collison,Russell Westbrook,1,3:27,OKC,free throw,,,,,,,1,,1,Kevin Durant,,,foul,made,,,,
Dwyane Wade,Joel Anthony,Quentin Richardson,Rafer Alston,Udonis Haslem,James Harden,Jeff Green,Kevin Durant,Nick Collison,Russell Westbrook,1,3:23,MIA,timeout,,,,,,,,,,,,,,,,regular,,
Dorell Wright,Dwyane Wade,Joel Anthony,Rafer Alston,Udonis Haslem,James Harden,Jeff Green,Kevin Durant,Nick Collison,Russell Westbrook,1,3:23,MIA,sub,,,,Dorell Wright,,Quentin Richardson,,,,,,,,,,,,
Dorell Wright,Dwyane Wade,Joel Anthony,Rafer Alston,Udonis Haslem,James Harden,Jeff Green,Kevin Durant,Nick Collison,Russell Westbrook,1,3:12,MIA,shot,Dwyane Wade,,,,,,,,,Udonis Haslem,2,,,made,,alley oop dunk,25,6
Dorell Wright,Dwyane Wade,Joel Anthony,Rafer Alston,Udonis Haslem,James Harden,Jeff Green,Kevin Durant,Nick Collison,Russell Westbrook,1,2:56,OKC,shot,Jeff Green,,,,,,,,,James Harden,3,,,made,,3pt,47,8
Dorell Wright,Dwyane Wade,Joel Anthony,Rafer Alston,Udonis Haslem,James Harden,Jeff Green,Kevin Durant,Nick Collison,Russell Westbrook,1,2:33,MIA,shot,,,,,,,,,,Rafer Alston,,,,missed,,3pt,47,8
Dorell Wright,Dwyane Wade,Joel Anthony,Rafer Alston,Udonis Haslem,James Harden,Jeff Green,Kevin Durant,Nick Collison,Russell Westbrook,1,2:31,OKC,rebound,,,,,,,,,,James Harden,,,,,,def,,
Dorell Wright,Dwyane Wade,Joel Anthony,Rafer Alston,Udonis Haslem,James Harden,Jeff Green,Kevin Durant,Nick Collison,Russell Westbrook,1,2:21,OKC,turnover,,,,,,,,,,Russell Westbrook,,,bad pass,,Rafer Alston,,,
Dorell Wright,Dwyane Wade,Joel Anthony,Rafer Alston,Udonis Haslem,James Harden,Jeff Green,Kevin Durant,Nick Collison,Russell Westbrook,1,2:20,MIA,shot,Rafer Alston,,,,,,,,,Dwyane Wade,2,,,made,,layup,25,6
Dorell Wright,Dwyane Wade,Joel Anthony,Rafer Alston,Udonis Haslem,James Harden,Jeff Green,Kevin Durant,Nick Collison,Russell Westbrook,1,2:20,OKC,foul,,,,,,,,Dwyane Wade,,James Harden,,,,,,shooting,,
Dorell Wright,Dwyane Wade,Joel Anthony,Rafer Alston,Udonis Haslem,James Harden,Jeff Green,Kevin Durant,Nick Collison,Russell Westbrook,1,2:20,MIA,free throw,,,,,,,1,,1,Dwyane Wade,,,foul,missed,,,,
Dorell Wright,Dwyane Wade,Joel Anthony,Rafer Alston,Udonis Haslem,James Harden,Jeff Green,Kevin Durant,Nick Collison,Russell Westbrook,1,2:19,OKC,rebound,,,,,,,,,,Nick Collison,,,,,,def,,
Dorell Wright,Dwyane Wade,Joel Anthony,Rafer Alston,Udonis Haslem,James Harden,Jeff Green,Kevin Durant,Nick Collison,Russell Westbrook,1,1:58,OKC,shot,,,,,,,,,,Jeff Green,,,,missed,,3pt,14,28
Dorell Wright,Dwyane Wade,Joel Anthony,Rafer Alston,Udonis Haslem,James Harden,Jeff Green,Kevin Durant,Nick Collison,Russell Westbrook,1,1:57,MIA,rebound,,,,,,,,,,Dorell Wright,,,,,,def,,
Dorell Wright,Dwyane Wade,Joel Anthony,Rafer Alston,Udonis Haslem,James Harden,Jeff Green,Kevin Durant,Nick Collison,Russell Westbrook,1,1:39,MIA,shot,,,,,,,,,,Joel Anthony,,,,missed,,layup,25,6
Dorell Wright,Dwyane Wade,Joel Anthony,Rafer Alston,Udonis Haslem,James Harden,Jeff Green,Kevin Durant,Nick Collison,Russell Westbrook,1,1:38,OKC,rebound,,,,,,,,,,Nick Collison,,,,,,def,,
Dorell Wright,Dwyane Wade,Joel Anthony,Rafer Alston,Udonis Haslem,James Harden,Jeff Green,Kevin Durant,Nick Collison,Russell Westbrook,1,1:27,OKC,turnover,,,,,,,,,,Kevin Durant,,,bad pass,,Dorell Wright,,,
Dorell Wright,Dwyane Wade,Joel Anthony,Rafer Alston,Udonis Haslem,James Harden,Jeff Green,Kevin Durant,Nick Collison,Russell Westbrook,1,1:23,MIA,shot,,,,,,,,,,Dorell Wright,,,,missed,,jump,38,11
Dorell Wright,Dwyane Wade,Joel Anthony,Rafer Alston,Udonis Haslem,James Harden,Jeff Green,Kevin Durant,Nick Collison,Russell Westbrook,1,1:22,MIA,rebound,,,,,,,,,,,,,,,,,,
Dorell Wright,Dwyane Wade,Joel Anthony,Rafer Alston,Udonis Haslem,Eric Maynor,James Harden,Jeff Green,Kevin Durant,Nick Collison,1,1:22,OKC,sub,,,,Eric Maynor,,Russell Westbrook,,,,,,,,,,,,
Dorell Wright,Dwyane Wade,Joel Anthony,Mario Chalmers,Udonis Haslem,Eric Maynor,James Harden,Jeff Green,Kevin Durant,Nick Collison,1,1:22,MIA,sub,,,,Mario Chalmers,,Rafer Alston,,,,,,,,,,,,
Dorell Wright,Dwyane Wade,Joel Anthony,Mario Chalmers,Udonis Haslem,Eric Maynor,James Harden,Jeff Green,Kevin Durant,Nick Collison,1,1:11,OKC,foul,,,,,,,,Dwyane Wade,,Nick Collison,,,,,,shooting,,
Dorell Wright,Dwyane Wade,Joel Anthony,Mario Chalmers,Udonis Haslem,Eric Maynor,James Harden,Jeff Green,Kevin Durant,Nick Collison,1,1:11,MIA,free throw,,,,,,,1,,2,Dwyane Wade,,,foul,made,,,,
Dorell Wright,Dwyane Wade,Joel Anthony,Mario Chalmers,Udonis Haslem,Eric Maynor,James Harden,Kevin Durant,Nick Collison,Serge Ibaka,1,1:11,OKC,sub,,,,Serge Ibaka,,Jeff Green,,,,,,,,,,,,
Dorell Wright,Dwyane Wade,Joel Anthony,Mario Chalmers,Udonis Haslem,Eric Maynor,James Harden,Kevin Durant,Nick Collison,Serge Ibaka,1,1:11,MIA,free throw,,,,,,,2,,2,Dwyane Wade,,,foul,missed,,,,
Dorell Wright,Dwyane Wade,Joel Anthony,Mario Chalmers,Udonis Haslem,Eric Maynor,James Harden,Kevin Durant,Nick Collison,Serge Ibaka,1,1:10,OKC,rebound,,,,,,,,,,Kevin Durant,,,,,,def,,
Dorell Wright,Dwyane Wade,Joel Anthony,Mario Chalmers,Udonis Haslem,Eric Maynor,James Harden,Kevin Durant,Nick Collison,Serge Ibaka,1,0:54,OKC,shot,,,,,,,,,,Nick Collison,,,,missed,,layup,25,6
Dorell Wright,Dwyane Wade,Joel Anthony,Mario Chalmers,Udonis Haslem,Eric Maynor,James Harden,Kevin Durant,Nick Collison,Serge Ibaka,1,0:54,MIA,rebound,,,,,,,,,,Mario Chalmers,,,,,,def,,
Dorell Wright,Dwyane Wade,Joel Anthony,Mario Chalmers,Udonis Haslem,Eric Maynor,James Harden,Kevin Durant,Nick Collison,Serge Ibaka,1,0:48,MIA,shot,,,,,,,,,,Dwyane Wade,,,,missed,,slam dunk,25,6
Dorell Wright,Dwyane Wade,Joel Anthony,Mario Chalmers,Udonis Haslem,Eric Maynor,James Harden,Kevin Durant,Nick Collison,Serge Ibaka,1,0:47,MIA,rebound,,,,,,,,,,Mario Chalmers,,,,,,off,,
Dorell Wright,Dwyane Wade,Joel Anthony,Mario Chalmers,Udonis Haslem,Eric Maynor,James Harden,Kevin Durant,Nick Collison,Serge Ibaka,1,0:44,MIA,shot,,,,,,,,,,Udonis Haslem,,,,missed,,jump,10,7
Dorell Wright,Dwyane Wade,Joel Anthony,Mario Chalmers,Udonis Haslem,Eric Maynor,James Harden,Kevin Durant,Nick Collison,Serge Ibaka,1,0:43,OKC,rebound,,,,,,,,,,,,,,,,,,
Dorell Wright,Dwyane Wade,Joel Anthony,Mario Chalmers,Udonis Haslem,Eric Maynor,James Harden,Kevin Durant,Nick Collison,Serge Ibaka,1,0:30,OKC,shot,Serge Ibaka,,,,,,,,,James Harden,3,,,made,,3pt,47,8
Dorell Wright,Dwyane Wade,Joel Anthony,Mario Chalmers,Udonis Haslem,Eric Maynor,James Harden,Kevin Durant,Nick Collison,Serge Ibaka,1,0:12,OKC,foul,,,,,,,,Dwyane Wade,,Serge Ibaka,,,,,,shooting,,
Dorell Wright,Dwyane Wade,Joel Anthony,Mario Chalmers,Udonis Haslem,Eric Maynor,James Harden,Kevin Durant,Nick Collison,Serge Ibaka,1,0:12,MIA,free throw,,,,,,,1,,2,Dwyane Wade,,,foul,missed,,,,
Dorell Wright,Dwyane Wade,Joel Anthony,Mario Chalmers,Udonis Haslem,Eric Maynor,James Harden,Kevin Durant,Nick Collison,Serge Ibaka,1,0:12,MIA,rebound,,,,,,,,,,,,,,,,,,
Dorell Wright,Dwyane Wade,Joel Anthony,Mario Chalmers,Udonis Haslem,Eric Maynor,James Harden,Kevin Durant,Nick Collison,Serge Ibaka,1,0:12,MIA,free throw,,,,,,,2,,2,Dwyane Wade,,,foul,missed,,,,
Dorell Wright,Dwyane Wade,Joel Anthony,Mario Chalmers,Udonis Haslem,Eric Maynor,James Harden,Kevin Durant,Nick Collison,Serge Ibaka,1,0:11,OKC,rebound,,,,,,,,,,Nick Collison,,,,,,def,,
Dorell Wright,Dwyane Wade,Joel Anthony,Mario Chalmers,Udonis Haslem,Eric Maynor,James Harden,Kevin Durant,Nick Collison,Serge Ibaka,1,0:00,OKC,shot,,,,,,,,,,Nick Collison,,,,missed,,jump,37,20
Dorell Wright,Dwyane Wade,Joel Anthony,Mario Chalmers,Udonis Haslem,Eric Maynor,James Harden,Kevin Durant,Nick Collison,Serge Ibaka,1,0:00,OKC,rebound,,,,,,,,,,,,,,,,,,
Dorell Wright,Joel Anthony,Mario Chalmers,Michael Beasley,Udonis Haslem,Eric Maynor,James Harden,Jeff Green,Nick Collison,Serge Ibaka,2,11:43,OKC,shot,,,,,,,,,,James Harden,,,,missed,,3pt,12,26
Dorell Wright,Joel Anthony,Mario Chalmers,Michael Beasley,Udonis Haslem,Eric Maynor,James Harden,Jeff Green,Nick Collison,Serge Ibaka,2,11:42,OKC,rebound,,,,,,,,,,Serge Ibaka,,,,,,off,,
Dorell Wright,Joel Anthony,Mario Chalmers,Michael Beasley,Udonis Haslem,Eric Maynor,James Harden,Jeff Green,Nick Collison,Serge Ibaka,2,11:41,MIA,foul,,,,,,,,Serge Ibaka,,Joel Anthony,,,,,,shooting,,
Dorell Wright,Joel Anthony,Mario Chalmers,Michael Beasley,Udonis Haslem,Eric Maynor,James Harden,Jeff Green,Nick Collison,Serge Ibaka,2,11:41,OKC,free throw,,,,,,,1,,2,Serge Ibaka,,,foul,missed,,,,
Dorell Wright,Joel Anthony,Mario Chalmers,Michael Beasley,Udonis Haslem,Eric Maynor,James Harden,Jeff Green,Nick Collison,Serge Ibaka,2,11:41,OKC,rebound,,,,,,,,,,,,,,,,,,
Dorell Wright,Joel Anthony,Mario Chalmers,Michael Beasley,Udonis Haslem,Eric Maynor,James Harden,Jeff Green,Nick Collison,Serge Ibaka,2,11:41,OKC,free throw,,,,,,,2,,2,Serge Ibaka,,,foul,made,,,,
Dorell Wright,Joel Anthony,Mario Chalmers,Michael Beasley,Udonis Haslem,Eric Maynor,James Harden,Jeff Green,Nick Collison,Serge Ibaka,2,11:24,MIA,turnover,,,,,,,,,,Udonis Haslem,,,out of bounds lost ball turnover,,,,,
Dorell Wright,Jamaal Magloire,Mario Chalmers,Michael Beasley,Udonis Haslem,Eric Maynor,James Harden,Jeff Green,Nick Collison,Serge Ibaka,2,11:24,MIA,sub,,,,Jamaal Magloire,,Joel Anthony,,,,,,,,,,,,
Dorell Wright,Jamaal Magloire,Mario Chalmers,Michael Beasley,Udonis Haslem,Eric Maynor,James Harden,Jeff Green,Nick Collison,Serge Ibaka,2,11:12,OKC,shot,,,,,,,,,,James Harden,2,,,made,,driving layup,25,6
Dorell Wright,Jamaal Magloire,Mario Chalmers,Michael Beasley,Udonis Haslem,Eric Maynor,James Harden,Jeff Green,Nick Collison,Serge Ibaka,2,10:53,OKC,foul,,,,,,,,Michael Beasley,,Jeff Green,,,,,,shooting,,
Dorell Wright,Jamaal Magloire,Mario Chalmers,Michael Beasley,Udonis Haslem,Eric Maynor,James Harden,Jeff Green,Nick Collison,Serge Ibaka,2,10:53,MIA,free throw,,,,,,,1,,2,Michael Beasley,,,foul,missed,,,,
Dorell Wright,Jamaal Magloire,Mario Chalmers,Michael Beasley,Udonis Haslem,Eric Maynor,James Harden,Jeff Green,Nick Collison,Serge Ibaka,2,10:53,MIA,rebound,,,,,,,,,,,,,,,,,,
Dorell Wright,Jamaal Magloire,Mario Chalmers,Michael Beasley,Udonis Haslem,Eric Maynor,James Harden,Jeff Green,Nick Collison,Serge Ibaka,2,10:53,MIA,free throw,,,,,,,2,,2,Michael Beasley,,,foul,made,,,,
Dorell Wright,Jamaal Magloire,Mario Chalmers,Michael Beasley,Udonis Haslem,Eric Maynor,James Harden,Jeff Green,Nick Collison,Serge Ibaka,2,10:35,OKC,shot,,,,,,,,,,Jeff Green,,,,missed,,jump,39,8
Dorell Wright,Jamaal Magloire,Mario Chalmers,Michael Beasley,Udonis Haslem,Eric Maynor,James Harden,Jeff Green,Nick Collison,Serge Ibaka,2,10:34,OKC,rebound,,,,,,,,,,Serge Ibaka,,,,,,off,,
Dorell Wright,Jamaal Magloire,Mario Chalmers,Michael Beasley,Udonis Haslem,Eric Maynor,James Harden,Jeff Green,Nick Collison,Serge Ibaka,2,10:34,OKC,shot,,,,,,,,,,Serge Ibaka,2,,,made,,tip,25,6
Dorell Wright,Jamaal Magloire,Mario Chalmers,Michael Beasley,Udonis Haslem,Eric Maynor,James Harden,Jeff Green,Nick Collison,Serge Ibaka,2,10:10,MIA,turnover,,,,,,,,,,,,,shot clock turnover,,,,,
Dorell Wright,Jamaal Magloire,Mario Chalmers,Michael Beasley,Udonis Haslem,Eric Maynor,James Harden,Jeff Green,Nick Collison,Serge Ibaka,2,9:45,OKC,shot,Jeff Green,,,,,,,,,Eric Maynor,2,,,made,,jump,25,29
Dorell Wright,Jamaal Magloire,Mario Chalmers,Michael Beasley,Udonis Haslem,Eric Maynor,James Harden,Jeff Green,Nick Collison,Serge Ibaka,2,9:37,MIA,timeout,,,,,,,,,,,,,,,,regular,,
Dorell Wright,Jamaal Magloire,Mario Chalmers,Michael Beasley,Udonis Haslem,Eric Maynor,James Harden,Jeff Green,Nick Collison,Serge Ibaka,2,9:25,MIA,shot,,,,,,,,,,Dorell Wright,,,,missed,,3pt,2,8
Dorell Wright,Jamaal Magloire,Mario Chalmers,Michael Beasley,Udonis Haslem,Eric Maynor,James Harden,Jeff Green,Nick Collison,Serge Ibaka,2,9:24,OKC,rebound,,,,,,,,,,James Harden,,,,,,def,,
Dorell Wright,Jamaal Magloire,Mario Chalmers,Michael Beasley,Udonis Haslem,Eric Maynor,James Harden,Jeff Green,Nick Collison,Serge Ibaka,2,9:00,OKC,shot,,,,,,,,,,Eric Maynor,,,,missed,,fade away jumper,11,9
Dorell Wright,Jamaal Magloire,Mario Chalmers,Michael Beasley,Udonis Haslem,Eric Maynor,James Harden,Jeff Green,Nick Collison,Serge Ibaka,2,8:58,MIA,rebound,,,,,,,,,,Jamaal Magloire,,,,,,def,,
Dorell Wright,Jamaal Magloire,Mario Chalmers,Michael Beasley,Udonis Haslem,Eric Maynor,James Harden,Jeff Green,Nick Collison,Serge Ibaka,2,8:40,MIA,shot,,,,,,,,,,Udonis Haslem,,,,missed,,jump,40,8
Dorell Wright,Jamaal Magloire,Mario Chalmers,Michael Beasley,Udonis Haslem,Eric Maynor,James Harden,Jeff Green,Nick Collison,Serge Ibaka,2,8:36,MIA,rebound,,,,,,,,,,Dorell Wright,,,,,,off,,
Dorell Wright,Jamaal Magloire,Mario Chalmers,Michael Beasley,Udonis Haslem,Eric Maynor,James Harden,Jeff Green,Nick Collison,Serge Ibaka,2,8:35,MIA,turnover,,,,,,,,,,Dorell Wright,,,bad pass,,Nick Collison,,,
Dorell Wright,Jamaal Magloire,Mario Chalmers,Michael Beasley,Udonis Haslem,Eric Maynor,James Harden,Jeff Green,Nick Collison,Serge Ibaka,2,8:26,OKC,foul,,,,,,,,Michael Beasley,,Nick Collison,,,,,,offensive,,
Dorell Wright,Jamaal Magloire,Mario Chalmers,Michael Beasley,Udonis Haslem,Eric Maynor,James Harden,Jeff Green,Nick Collison,Serge Ibaka,2,8:26,OKC,turnover,,,,,,,,,,Nick Collison,,,foul,,,,,
Dorell Wright,Jamaal Magloire,Mario Chalmers,Michael Beasley,Udonis Haslem,Eric Maynor,James Harden,Jeff Green,Nick Collison,Serge Ibaka,2,8:11,MIA,shot,,,,,,,,,,Michael Beasley,2,,,made,,running bank,16,8
Dorell Wright,Jamaal Magloire,Mario Chalmers,Michael Beasley,Udonis Haslem,Eric Maynor,James Harden,Jeff Green,Nick Collison,Serge Ibaka,2,8:01,OKC,turnover,,,,,,,,,,Eric Maynor,,,bad pass,,Jamaal Magloire,,,
Dorell Wright,Jamaal Magloire,Mario Chalmers,Michael Beasley,Udonis Haslem,Eric Maynor,James Harden,Jeff Green,Nick Collison,Serge Ibaka,2,7:53,MIA,turnover,,,,,,,,,,Jamaal Magloire,,,bad pass,,,,,
Dorell Wright,Jamaal Magloire,Mario Chalmers,Michael Beasley,Udonis Haslem,Eric Maynor,James Harden,Jeff Green,Kevin Durant,Serge Ibaka,2,7:53,OKC,sub,,,,Kevin Durant,,Nick Collison,,,,,,,,,,,,
Dorell Wright,Jamaal Magloire,Mario Chalmers,Michael Beasley,Udonis Haslem,Eric Maynor,James Harden,Jeff Green,Kevin Durant,Serge Ibaka,2,7:41,OKC,shot,Kevin Durant,,,,,,,,,Serge Ibaka,2,,,made,,dunk,25,6
Dorell Wright,Jamaal Magloire,Mario Chalmers,Michael Beasley,Udonis Haslem,Eric Maynor,James Harden,Jeff Green,Kevin Durant,Serge Ibaka,2,7:32,MIA,timeout,,,,,,,,,,,,,,,,short,,
Dorell Wright,Jamaal Magloire,Jermaine O'Neal,Mario Chalmers,Michael Beasley,Eric Maynor,James Harden,Jeff Green,Kevin Durant,Serge Ibaka,2,7:32,MIA,sub,,,,Jermaine O'Neal,,Udonis Haslem,,,,,,,,,,,,
Dorell Wright,Dwyane Wade,Jermaine O'Neal,Mario Chalmers,Michael Beasley,Eric Maynor,James Harden,Jeff Green,Kevin Durant,Serge Ibaka,2,7:32,MIA,sub,,,,Dwyane Wade,,Jamaal Magloire,,,,,,,,,,,,
Dorell Wright,Dwyane Wade,Jermaine O'Neal,Mario Chalmers,Michael Beasley,James Harden,Jeff Green,Kevin Durant,Russell Westbrook,Serge Ibaka,2,7:32,OKC,sub,,,,Russell Westbrook,,Eric Maynor,,,,,,,,,,,,
Dorell Wright,Dwyane Wade,Jermaine O'Neal,Mario Chalmers,Michael Beasley,James Harden,Jeff Green,Kevin Durant,Russell Westbrook,Serge Ibaka,2,7:20,MIA,shot,,,,,,,,,,Michael Beasley,2,,,made,,fade away jumper,17,6
Dorell Wright,Dwyane Wade,Jermaine O'Neal,Mario Chalmers,Michael Beasley,James Harden,Jeff Green,Kevin Durant,Russell Westbrook,Serge Ibaka,2,6:59,OKC,shot,,,,,,,,,,Kevin Durant,2,,,made,,driving layup,25,6
Dorell Wright,Dwyane Wade,Jermaine O'Neal,Mario Chalmers,Michael Beasley,James Harden,Jeff Green,Kevin Durant,Russell Westbrook,Serge Ibaka,2,6:32,MIA,shot,,,,,,,,,,Dorell Wright,2,,,made,,layup,25,6
Dorell Wright,Dwyane Wade,Jermaine O'Neal,Mario Chalmers,Michael Beasley,James Harden,Jeff Green,Kevin Durant,Russell Westbrook,Serge Ibaka,2,6:13,OKC,shot,Russell Westbrook,,,,,,,,,James Harden,2,,,made,,layup,25,6
Dorell Wright,Dwyane Wade,Jermaine O'Neal,Mario Chalmers,Michael Beasley,James Harden,Jeff Green,Kevin Durant,Russell Westbrook,Serge Ibaka,2,5:55,MIA,shot,,,,,,,,,,Dwyane Wade,2,,,made,,hook,26,11
Dorell Wright,Dwyane Wade,Jermaine O'Neal,Mario Chalmers,Michael Beasley,James Harden,Jeff Green,Kevin Durant,Russell Westbrook,Serge Ibaka,2,5:42,OKC,turnover,,,,,,,,,,Russell Westbrook,,,bad pass,,Mario Chalmers,,,
Dorell Wright,Dwyane Wade,Jermaine O'Neal,Mario Chalmers,Michael Beasley,James Harden,Jeff Green,Kevin Durant,Russell Westbrook,Serge Ibaka,2,5:40,MIA,shot,Mario Chalmers,,,,,,,,,Michael Beasley,2,,,made,,layup,25,6
Dorell Wright,Dwyane Wade,Jermaine O'Neal,Mario Chalmers,Michael Beasley,James Harden,Jeff Green,Kevin Durant,Russell Westbrook,Serge Ibaka,2,5:40,OKC,foul,,,,,,,,Michael Beasley,,Russell Westbrook,,,,,,shooting,,
Dorell Wright,Dwyane Wade,Jermaine O'Neal,Mario Chalmers,Michael Beasley,James Harden,Jeff Green,Kevin Durant,Russell Westbrook,Serge Ibaka,2,5:40,MIA,timeout,,,,,,,,,,,,,,,,official,,
Dwyane Wade,Jermaine O'Neal,Mario Chalmers,Michael Beasley,Quentin Richardson,James Harden,Jeff Green,Kevin Durant,Russell Westbrook,Serge Ibaka,2,5:40,MIA,sub,,,,Quentin Richardson,,Dorell Wright,,,,,,,,,,,,
Dwyane Wade,Jermaine O'Neal,Michael Beasley,Quentin Richardson,Rafer Alston,James Harden,Jeff Green,Kevin Durant,Russell Westbrook,Serge Ibaka,2,5:40,MIA,sub,,,,Rafer Alston,,Mario Chalmers,,,,,,,,,,,,
Dwyane Wade,Jermaine O'Neal,Michael Beasley,Quentin Richardson,Rafer Alston,James Harden,Jeff Green,Kevin Durant,Russell Westbrook,Serge Ibaka,2,5:40,MIA,free throw,,,,,,,1,,1,Michael Beasley,,,foul,made,,,,
Dwyane Wade,Jermaine O'Neal,Michael Beasley,Quentin Richardson,Rafer Alston,James Harden,Jeff Green,Kevin Durant,Russell Westbrook,Serge Ibaka,2,5:24,MIA,violation,,,,,,,,,,Jermaine O'Neal,,,,,,defensive goaltending,,
Dwyane Wade,Jermaine O'Neal,Michael Beasley,Quentin Richardson,Rafer Alston,James Harden,Jeff Green,Kevin Durant,Russell Westbrook,Serge Ibaka,2,5:24,OKC,shot,,,,,,,,,,Jeff Green,2,,,made,,driving layup,25,6
Dwyane Wade,Jermaine O'Neal,Michael Beasley,Quentin Richardson,Rafer Alston,James Harden,Jeff Green,Kevin Durant,Russell Westbrook,Serge Ibaka,2,5:14,MIA,turnover,,,,,,,,,,Rafer Alston,,,lost ball,,Russell Westbrook,,,
Dwyane Wade,Jermaine O'Neal,Michael Beasley,Quentin Richardson,Rafer Alston,James Harden,Jeff Green,Kevin Durant,Russell Westbrook,Serge Ibaka,2,5:08,OKC,shot,Russell Westbrook,,,,,,,,,Kevin Durant,2,,,made,,finger roll layup,25,6
Dwyane Wade,Jermaine O'Neal,Michael Beasley,Quentin Richardson,Rafer Alston,James Harden,Jeff Green,Kevin Durant,Russell Westbrook,Serge Ibaka,2,4:50,MIA,shot,,,,,,,,,,Michael Beasley,,,,missed,,reverse layup,25,6
Dwyane Wade,Jermaine O'Neal,Michael Beasley,Quentin Richardson,Rafer Alston,James Harden,Jeff Green,Kevin Durant,Russell Westbrook,Serge Ibaka,2,4:49,OKC,rebound,,,,,,,,,,Kevin Durant,,,,,,def,,
Dwyane Wade,Jermaine O'Neal,Michael Beasley,Quentin Richardson,Rafer Alston,James Harden,Jeff Green,Kevin Durant,Russell Westbrook,Serge Ibaka,2,4:43,OKC,shot,,,Jermaine O'Neal,,,,,,,Serge Ibaka,,,,missed,,layup,25,6
Dwyane Wade,Jermaine O'Neal,Michael Beasley,Quentin Richardson,Rafer Alston,James Harden,Jeff Green,Kevin Durant,Russell Westbrook,Serge Ibaka,2,4:41,MIA,rebound,,,,,,,,,,Jermaine O'Neal,,,,,,def,,
Dwyane Wade,Jermaine O'Neal,Michael Beasley,Quentin Richardson,Rafer Alston,James Harden,Jeff Green,Kevin Durant,Russell Westbrook,Serge Ibaka,2,4:35,OKC,foul,,,,,,,,Rafer Alston,,Serge Ibaka,,,,,,shooting,,
Dwyane Wade,Jermaine O'Neal,Michael Beasley,Quentin Richardson,Rafer Alston,James Harden,Jeff Green,Kevin Durant,Nenad Krstic,Russell Westbrook,2,4:35,OKC,sub,,,,Nenad Krstic,,Serge Ibaka,,,,,,,,,,,,
Dwyane Wade,Jermaine O'Neal,Michael Beasley,Quentin Richardson,Rafer Alston,Jeff Green,Kevin Durant,Nenad Krstic,Russell Westbrook,Thabo Sefolosha,2,4:35,OKC,sub,,,,Thabo Sefolosha,,James Harden,,,,,,,,,,,,
Dwyane Wade,Jermaine O'Neal,Michael Beasley,Quentin Richardson,Rafer Alston,Jeff Green,Kevin Durant,Nenad Krstic,Russell Westbrook,Thabo Sefolosha,2,4:35,MIA,free throw,,,,,,,1,,2,Rafer Alston,,,foul,made,,,,
Dwyane Wade,Jermaine O'Neal,Michael Beasley,Quentin Richardson,Rafer Alston,Jeff Green,Kevin Durant,Nenad Krstic,Russell Westbrook,Thabo Sefolosha,2,4:35,MIA,free throw,,,,,,,2,,2,Rafer Alston,,,foul,made,,,,
Dwyane Wade,Jermaine O'Neal,Michael Beasley,Quentin Richardson,Rafer Alston,Jeff Green,Kevin Durant,Nenad Krstic,Russell Westbrook,Thabo Sefolosha,2,4:14,OKC,shot,,,,,,,,,,Nenad Krstic,,,,missed,,jump,40,15
Dwyane Wade,Jermaine O'Neal,Michael Beasley,Quentin Richardson,Rafer Alston,Jeff Green,Kevin Durant,Nenad Krstic,Russell Westbrook,Thabo Sefolosha,2,4:13,MIA,rebound,,,,,,,,,,Quentin Richardson,,,,,,def,,
Dwyane Wade,Jermaine O'Neal,Michael Beasley,Quentin Richardson,Rafer Alston,Jeff Green,Kevin Durant,Nenad Krstic,Russell Westbrook,Thabo Sefolosha,2,4:00,MIA,shot,Rafer Alston,,,,,,,,,Michael Beasley,2,,,made,,jump,25,24
Dwyane Wade,Jermaine O'Neal,Michael Beasley,Quentin Richardson,Rafer Alston,Jeff Green,Kevin Durant,Nenad Krstic,Russell Westbrook,Thabo Sefolosha,2,3:46,OKC,shot,,,,,,,,,,Russell Westbrook,,,,missed,,jump,33,14
Dwyane Wade,Jermaine O'Neal,Michael Beasley,Quentin Richardson,Rafer Alston,Jeff Green,Kevin Durant,Nenad Krstic,Russell Westbrook,Thabo Sefolosha,2,3:45,MIA,rebound,,,,,,,,,,Quentin Richardson,,,,,,def,,
Dwyane Wade,Jermaine O'Neal,Michael Beasley,Quentin Richardson,Rafer Alston,Jeff Green,Kevin Durant,Nenad Krstic,Russell Westbrook,Thabo Sefolosha,2,3:37,MIA,shot,,,,,,,,,,Jermaine O'Neal,,,,missed,,jump,25,17
Dwyane Wade,Jermaine O'Neal,Michael Beasley,Quentin Richardson,Rafer Alston,Jeff Green,Kevin Durant,Nenad Krstic,Russell Westbrook,Thabo Sefolosha,2,3:36,OKC,rebound,,,,,,,,,,Kevin Durant,,,,,,def,,
Dwyane Wade,Jermaine O'Neal,Michael Beasley,Quentin Richardson,Rafer Alston,Jeff Green,Kevin Durant,Nenad Krstic,Russell Westbrook,Thabo Sefolosha,2,3:28,OKC,shot,,,,,,,,,,Kevin Durant,3,,,made,,3pt,12,27
Dwyane Wade,Jermaine O'Neal,Michael Beasley,Quentin Richardson,Rafer Alston,Jeff Green,Kevin Durant,Nenad Krstic,Russell Westbrook,Thabo Sefolosha,2,3:11,MIA,shot,,,,,,,,,,Dwyane Wade,,,,missed,,driving reverse layup,25,6
Dwyane Wade,Jermaine O'Neal,Michael Beasley,Quentin Richardson,Rafer Alston,Jeff Green,Kevin Durant,Nenad Krstic,Russell Westbrook,Thabo Sefolosha,2,3:09,OKC,rebound,,,,,,,,,,Kevin Durant,,,,,,def,,
Dwyane Wade,Jermaine O'Neal,Michael Beasley,Quentin Richardson,Rafer Alston,Jeff Green,Kevin Durant,Nenad Krstic,Russell Westbrook,Thabo Sefolosha,2,3:04,OKC,turnover,,,,,,,,,,Jeff Green,,,out of bounds lost ball turnover,,,,,
Dwyane Wade,Jermaine O'Neal,Michael Beasley,Quentin Richardson,Rafer Alston,Jeff Green,Kevin Durant,Nenad Krstic,Russell Westbrook,Thabo Sefolosha,2,2:51,MIA,shot,,,,,,,,,,Michael Beasley,,,,missed,,layup,25,6
Dwyane Wade,Jermaine O'Neal,Michael Beasley,Quentin Richardson,Rafer Alston,Jeff Green,Kevin Durant,Nenad Krstic,Russell Westbrook,Thabo Sefolosha,2,2:49,MIA,rebound,,,,,,,,,,Jermaine O'Neal,,,,,,off,,
Dwyane Wade,Jermaine O'Neal,Michael Beasley,Quentin Richardson,Rafer Alston,Jeff Green,Kevin Durant,Nenad Krstic,Russell Westbrook,Thabo Sefolosha,2,2:48,MIA,shot,,,,,,,,,,Jermaine O'Neal,2,,,made,,putback layup,25,6
Dwyane Wade,Jermaine O'Neal,Michael Beasley,Quentin Richardson,Rafer Alston,Jeff Green,Kevin Durant,Nenad Krstic,Russell Westbrook,Thabo Sefolosha,2,2:39,OKC,timeout,,,,,,,,,,,,,,,,regular,,
Dwyane Wade,Jermaine O'Neal,Michael Beasley,Quentin Richardson,Rafer Alston,Jeff Green,Kevin Durant,Nenad Krstic,Russell Westbrook,Thabo Sefolosha,2,2:32,OKC,shot,,,Dwyane Wade,,,,,,,Russell Westbrook,,,,missed,,jump,24,17
Dwyane Wade,Jermaine O'Neal,Michael Beasley,Quentin Richardson,Rafer Alston,Jeff Green,Kevin Durant,Nenad Krstic,Russell Westbrook,Thabo Sefolosha,2,2:30,MIA,rebound,,,,,,,,,,Quentin Richardson,,,,,,def,,
Dwyane Wade,Jermaine O'Neal,Michael Beasley,Quentin Richardson,Rafer Alston,Jeff Green,Kevin Durant,Nenad Krstic,Russell Westbrook,Thabo Sefolosha,2,2:27,MIA,shot,Rafer Alston,,,,,,,,,Michael Beasley,2,,,made,,reverse layup,25,6
Dwyane Wade,Jermaine O'Neal,Michael Beasley,Quentin Richardson,Rafer Alston,Jeff Green,Kevin Durant,Nenad Krstic,Russell Westbrook,Thabo Sefolosha,2,2:09,MIA,foul,,,,,,,,Russell Westbrook,,Rafer Alston,,,,,,shooting,,
Dwyane Wade,Jermaine O'Neal,Michael Beasley,Quentin Richardson,Rafer Alston,Jeff Green,Kevin Durant,Nenad Krstic,Russell Westbrook,Thabo Sefolosha,2,2:09,OKC,free throw,,,,,,,1,,2,Russell Westbrook,,,foul,made,,,,
Dwyane Wade,Jermaine O'Neal,Michael Beasley,Quentin Richardson,Rafer Alston,Jeff Green,Kevin Durant,Nenad Krstic,Russell Westbrook,Thabo Sefolosha,2,2:09,OKC,free throw,,,,,,,2,,2,Russell Westbrook,,,foul,made,,,,
Dwyane Wade,Jermaine O'Neal,Michael Beasley,Quentin Richardson,Rafer Alston,Jeff Green,Kevin Durant,Nenad Krstic,Russell Westbrook,Thabo Sefolosha,2,1:51,MIA,turnover,,,,,,,,,,Quentin Richardson,,,3 second violation,,,,,
Dwyane Wade,Jermaine O'Neal,Quentin Richardson,Rafer Alston,Udonis Haslem,Jeff Green,Kevin Durant,Nenad Krstic,Russell Westbrook,Thabo Sefolosha,2,1:51,MIA,sub,,,,Udonis Haslem,,Michael Beasley,,,,,,,,,,,,
Dwyane Wade,Jermaine O'Neal,Quentin Richardson,Rafer Alston,Udonis Haslem,Jeff Green,Kevin Durant,Nenad Krstic,Russell Westbrook,Thabo Sefolosha,2,1:30,OKC,shot,,,,,,,,,,Thabo Sefolosha,,,,missed,,3pt,11,25
Dwyane Wade,Jermaine O'Neal,Quentin Richardson,Rafer Alston,Udonis Haslem,Jeff Green,Kevin Durant,Nenad Krstic,Russell Westbrook,Thabo Sefolosha,2,1:29,MIA,rebound,,,,,,,,,,Dwyane Wade,,,,,,def,,
Dwyane Wade,Jermaine O'Neal,Quentin Richardson,Rafer Alston,Udonis Haslem,Jeff Green,Kevin Durant,Nenad Krstic,Russell Westbrook,Thabo Sefolosha,2,1:24,MIA,shot,,,,,,,,,,Dwyane Wade,2,,,made,,finger roll layup,25,6
Dwyane Wade,Jermaine O'Neal,Quentin Richardson,Rafer Alston,Udonis Haslem,Jeff Green,Kevin Durant,Nenad Krstic,Russell Westbrook,Thabo Sefolosha,2,1:03,OKC,turnover,,,,,,,,,,Russell Westbrook,,,bad pass,,Dwyane Wade,,,
Dwyane Wade,Jermaine O'Neal,Quentin Richardson,Rafer Alston,Udonis Haslem,Jeff Green,Kevin Durant,Nenad Krstic,Russell Westbrook,Thabo Sefolosha,2,1:00,OKC,foul,,,,,,,,Dwyane Wade,,Thabo Sefolosha,,,,,,shooting,,
Dwyane Wade,Jermaine O'Neal,Quentin Richardson,Rafer Alston,Udonis Haslem,Jeff Green,Kevin Durant,Nenad Krstic,Russell Westbrook,Thabo Sefolosha,2,1:00,MIA,free throw,,,,,,,1,,2,Dwyane Wade,,,foul,made,,,,
Dwyane Wade,Jermaine O'Neal,Quentin Richardson,Rafer Alston,Udonis Haslem,Eric Maynor,Jeff Green,Kevin Durant,Nenad Krstic,Thabo Sefolosha,2,1:00,OKC,sub,,,,Eric Maynor,,Russell Westbrook,,,,,,,,,,,,
Dwyane Wade,Joel Anthony,Quentin Richardson,Rafer Alston,Udonis Haslem,Eric Maynor,Jeff Green,Kevin Durant,Nenad Krstic,Thabo Sefolosha,2,1:00,MIA,sub,,,,Joel Anthony,,Jermaine O'Neal,,,,,,,,,,,,
Dwyane Wade,Joel Anthony,Quentin Richardson,Rafer Alston,Udonis Haslem,Eric Maynor,Jeff Green,Kevin Durant,Nenad Krstic,Thabo Sefolosha,2,1:00,MIA,free throw,,,,,,,2,,2,Dwyane Wade,,,foul,made,,,,
Dwyane Wade,Joel Anthony,Quentin Richardson,Rafer Alston,Udonis Haslem,Eric Maynor,Jeff Green,Kevin Durant,Nenad Krstic,Thabo Sefolosha,2,0:46,OKC,shot,Eric Maynor,,,,,,,,,Kevin Durant,2,,,made,,jump,27,11
Dwyane Wade,Joel Anthony,Quentin Richardson,Rafer Alston,Udonis Haslem,Eric Maynor,Jeff Green,Kevin Durant,Nenad Krstic,Thabo Sefolosha,2,0:37,MIA,shot,,,,,,,,,,Dwyane Wade,2,,,made,,driving layup,25,6
Dwyane Wade,Joel Anthony,Quentin Richardson,Rafer Alston,Udonis Haslem,Eric Maynor,Jeff Green,Kevin Durant,Nenad Krstic,Thabo Sefolosha,2,0:27,OKC,shot,Eric Maynor,,,,,,,,,Nenad Krstic,2,,,made,,jump,30,23
Dwyane Wade,Joel Anthony,Quentin Richardson,Rafer Alston,Udonis Haslem,Eric Maynor,Jeff Green,Kevin Durant,Nenad Krstic,Thabo Sefolosha,2,0:04,MIA,turnover,,,,,,,,,,Joel Anthony,,,offensive goaltending,,,,,
Dwyane Wade,Joel Anthony,Quentin Richardson,Rafer Alston,Udonis Haslem,Eric Maynor,Jeff Green,Kevin Durant,Nenad Krstic,Thabo Sefolosha,2,0:04,OKC,timeout,,,,,,,,,,,,,,,,short,,
Dwyane Wade,Joel Anthony,Quentin Richardson,Rafer Alston,Udonis Haslem,Eric Maynor,Jeff Green,Kevin Durant,Nenad Krstic,Thabo Sefolosha,2,0:01,MIA,foul,,,,,,,,Kevin Durant,,Quentin Richardson,,,,,,personal,,
Dwyane Wade,Joel Anthony,Quentin Richardson,Rafer Alston,Udonis Haslem,Eric Maynor,Jeff Green,Kevin Durant,Nenad Krstic,Thabo Sefolosha,2,0:00,OKC,shot,,,,,,,,,,Jeff Green,,,,missed,,3pt,17,31
Dwyane Wade,Joel Anthony,Quentin Richardson,Rafer Alston,Udonis Haslem,Eric Maynor,Jeff Green,Kevin Durant,Nenad Krstic,Thabo Sefolosha,2,0:00,OKC,rebound,,,,,,,,,,,,,,,,,,
Dwyane Wade,Jermaine O'Neal,Michael Beasley,Quentin Richardson,Rafer Alston,Jeff Green,Kevin Durant,Nenad Krstic,Russell Westbrook,Thabo Sefolosha,3,11:39,OKC,shot,,,,,,,,,,Nenad Krstic,,,,missed,,jump,42,7
Dwyane Wade,Jermaine O'Neal,Michael Beasley,Quentin Richardson,Rafer Alston,Jeff Green,Kevin Durant,Nenad Krstic,Russell Westbrook,Thabo Sefolosha,3,11:37,MIA,rebound,,,,,,,,,,Michael Beasley,,,,,,def,,
Dwyane Wade,Jermaine O'Neal,Michael Beasley,Quentin Richardson,Rafer Alston,Jeff Green,Kevin Durant,Nenad Krstic,Russell Westbrook,Thabo Sefolosha,3,11:20,MIA,shot,,,,,,,,,,Dwyane Wade,,,,missed,,fade away jumper,28,21
Dwyane Wade,Jermaine O'Neal,Michael Beasley,Quentin Richardson,Rafer Alston,Jeff Green,Kevin Durant,Nenad Krstic,Russell Westbrook,Thabo Sefolosha,3,11:19,OKC,rebound,,,,,,,,,,Nenad Krstic,,,,,,def,,
Dwyane Wade,Jermaine O'Neal,Michael Beasley,Quentin Richardson,Rafer Alston,Jeff Green,Kevin Durant,Nenad Krstic,Russell Westbrook,Thabo Sefolosha,3,11:10,OKC,shot,,,,,,,,,,Jeff Green,2,,,made,,finger roll layup,25,6
Dwyane Wade,Jermaine O'Neal,Michael Beasley,Quentin Richardson,Rafer Alston,Jeff Green,Kevin Durant,Nenad Krstic,Russell Westbrook,Thabo Sefolosha,3,10:46,MIA,shot,,,,,,,,,,Jermaine O'Neal,,,,missed,,jump,10,8
Dwyane Wade,Jermaine O'Neal,Michael Beasley,Quentin Richardson,Rafer Alston,Jeff Green,Kevin Durant,Nenad Krstic,Russell Westbrook,Thabo Sefolosha,3,10:45,OKC,rebound,,,,,,,,,,,,,,,,,,
Dwyane Wade,Jermaine O'Neal,Michael Beasley,Quentin Richardson,Rafer Alston,Jeff Green,Kevin Durant,Nenad Krstic,Russell Westbrook,Thabo Sefolosha,3,10:45,MIA,foul,,,,,,,,Kevin Durant,,Quentin Richardson,,,,,,loose ball,,
Dorell Wright,Dwyane Wade,Jermaine O'Neal,Michael Beasley,Rafer Alston,Jeff Green,Kevin Durant,Nenad Krstic,Russell Westbrook,Thabo Sefolosha,3,10:45,MIA,sub,,,,Dorell Wright,,Quentin Richardson,,,,,,,,,,,,
Dorell Wright,Dwyane Wade,Jermaine O'Neal,Michael Beasley,Rafer Alston,Jeff Green,Kevin Durant,Nenad Krstic,Russell Westbrook,Thabo Sefolosha,3,10:35,OKC,shot,Russell Westbrook,,,,,,,,,Thabo Sefolosha,2,,,made,,jump,40,13
Dorell Wright,Dwyane Wade,Jermaine O'Neal,Michael Beasley,Rafer Alston,Jeff Green,Kevin Durant,Nenad Krstic,Russell Westbrook,Thabo Sefolosha,3,10:15,MIA,shot,Dorell Wright,,,,,,,,,Jermaine O'Neal,2,,,made,,jump,28,21
Dorell Wright,Dwyane Wade,Jermaine O'Neal,Michael Beasley,Rafer Alston,Jeff Green,Kevin Durant,Nenad Krstic,Russell Westbrook,Thabo Sefolosha,3,10:02,OKC,shot,Russell Westbrook,,,,,,,,,Kevin Durant,2,,,made,,jump,15,17
Dorell Wright,Dwyane Wade,Jermaine O'Neal,Michael Beasley,Rafer Alston,Jeff Green,Kevin Durant,Nenad Krstic,Russell Westbrook,Thabo Sefolosha,3,9:47,MIA,shot,,,,,,,,,,Rafer Alston,,,,missed,,jump,45,14
Dorell Wright,Dwyane Wade,Jermaine O'Neal,Michael Beasley,Rafer Alston,Jeff Green,Kevin Durant,Nenad Krstic,Russell Westbrook,Thabo Sefolosha,3,9:46,OKC,rebound,,,,,,,,,,Thabo Sefolosha,,,,,,def,,
Dorell Wright,Dwyane Wade,Jermaine O'Neal,Michael Beasley,Rafer Alston,Jeff Green,Kevin Durant,Nenad Krstic,Russell Westbrook,Thabo Sefolosha,3,9:38,OKC,turnover,,,,,,,,,,Russell Westbrook,,,bad pass,,Dorell Wright,,,
Dorell Wright,Dwyane Wade,Jermaine O'Neal,Michael Beasley,Rafer Alston,Jeff Green,Kevin Durant,Nenad Krstic,Russell Westbrook,Thabo Sefolosha,3,9:34,OKC,foul,,,,,,,,Dwyane Wade,,Nenad Krstic,,,,,,shooting,,
Dorell Wright,Dwyane Wade,Jermaine O'Neal,Michael Beasley,Rafer Alston,Jeff Green,Kevin Durant,Nenad Krstic,Russell Westbrook,Thabo Sefolosha,3,9:34,MIA,free throw,,,,,,,1,,2,Dwyane Wade,,,foul,missed,,,,
Dorell Wright,Dwyane Wade,Jermaine O'Neal,Michael Beasley,Rafer Alston,Jeff Green,Kevin Durant,Nenad Krstic,Russell Westbrook,Thabo Sefolosha,3,9:34,MIA,rebound,,,,,,,,,,,,,,,,,,
Dorell Wright,Dwyane Wade,Jermaine O'Neal,Michael Beasley,Rafer Alston,Jeff Green,Kevin Durant,Nenad Krstic,Russell Westbrook,Thabo Sefolosha,3,9:34,MIA,free throw,,,,,,,2,,2,Dwyane Wade,,,foul,made,,,,
Dorell Wright,Dwyane Wade,Jermaine O'Neal,Michael Beasley,Rafer Alston,Jeff Green,Kevin Durant,Nenad Krstic,Russell Westbrook,Thabo Sefolosha,3,9:15,OKC,shot,,,,,,,,,,Russell Westbrook,,,,missed,,turnaround fade away,15,8
Dorell Wright,Dwyane Wade,Jermaine O'Neal,Michael Beasley,Rafer Alston,Jeff Green,Kevin Durant,Nenad Krstic,Russell Westbrook,Thabo Sefolosha,3,9:14,MIA,rebound,,,,,,,,,,Jermaine O'Neal,,,,,,def,,
Dorell Wright,Dwyane Wade,Jermaine O'Neal,Michael Beasley,Rafer Alston,Jeff Green,Kevin Durant,Nenad Krstic,Russell Westbrook,Thabo Sefolosha,3,8:56,MIA,shot,,,,,,,,,,Michael Beasley,,,,missed,,jump,47,10
Dorell Wright,Dwyane Wade,Jermaine O'Neal,Michael Beasley,Rafer Alston,Jeff Green,Kevin Durant,Nenad Krstic,Russell Westbrook,Thabo Sefolosha,3,8:55,MIA,rebound,,,,,,,,,,Dwyane Wade,,,,,,off,,
Dorell Wright,Dwyane Wade,Jermaine O'Neal,Michael Beasley,Rafer Alston,Jeff Green,Kevin Durant,Nenad Krstic,Russell Westbrook,Thabo Sefolosha,3,8:53,MIA,shot,,,,,,,,,,Dwyane Wade,2,,,made,,putback layup,25,6
Dorell Wright,Dwyane Wade,Jermaine O'Neal,Michael Beasley,Rafer Alston,Jeff Green,Kevin Durant,Nenad Krstic,Russell Westbrook,Thabo Sefolosha,3,8:35,OKC,shot,,,,,,,,,,Kevin Durant,3,,,made,,3pt,44,23
Dorell Wright,Dwyane Wade,Jermaine O'Neal,Michael Beasley,Rafer Alston,Jeff Green,Kevin Durant,Nenad Krstic,Russell Westbrook,Thabo Sefolosha,3,8:19,MIA,shot,,,,,,,,,,Michael Beasley,,,,missed,,running jump,32,9
Dorell Wright,Dwyane Wade,Jermaine O'Neal,Michael Beasley,Rafer Alston,Jeff Green,Kevin Durant,Nenad Krstic,Russell Westbrook,Thabo Sefolosha,3,8:18,OKC,rebound,,,,,,,,,,Nenad Krstic,,,,,,def,,
Dorell Wright,Dwyane Wade,Jermaine O'Neal,Michael Beasley,Rafer Alston,Jeff Green,Kevin Durant,Nenad Krstic,Russell Westbrook,Thabo Sefolosha,3,8:14,OKC,turnover,,,,,,,,,,Russell Westbrook,,,bad pass,,Rafer Alston,,,
Dorell Wright,Dwyane Wade,Jermaine O'Neal,Michael Beasley,Rafer Alston,Jeff Green,Kevin Durant,Nenad Krstic,Russell Westbrook,Thabo Sefolosha,3,8:09,MIA,shot,Dwyane Wade,,,,,,,,,Michael Beasley,2,,,made,,alley oop dunk,25,6
Dorell Wright,Dwyane Wade,Jermaine O'Neal,Michael Beasley,Rafer Alston,Jeff Green,Kevin Durant,Nenad Krstic,Russell Westbrook,Thabo Sefolosha,3,7:49,OKC,shot,,,,,,,,,,Jeff Green,2,,,made,,jump,16,25
Dorell Wright,Dwyane Wade,Jermaine O'Neal,Michael Beasley,Rafer Alston,Jeff Green,Kevin Durant,Nenad Krstic,Russell Westbrook,Thabo Sefolosha,3,7:34,MIA,turnover,,,,,,,,,,Dwyane Wade,,,lost ball,,Thabo Sefolosha,,,
Dorell Wright,Dwyane Wade,Jermaine O'Neal,Michael Beasley,Rafer Alston,Jeff Green,Kevin Durant,Nenad Krstic,Russell Westbrook,Thabo Sefolosha,3,7:30,OKC,shot,Russell Westbrook,,,,,,,,,Kevin Durant,2,,,made,,alley oop layup,25,6
Dorell Wright,Dwyane Wade,Jermaine O'Neal,Michael Beasley,Rafer Alston,Jeff Green,Kevin Durant,Nenad Krstic,Russell Westbrook,Thabo Sefolosha,3,7:29,MIA,timeout,,,,,,,,,,,,,,,,regular,,
Dorell Wright,Dwyane Wade,Jermaine O'Neal,Michael Beasley,Rafer Alston,Jeff Green,Kevin Durant,Nenad Krstic,Russell Westbrook,Thabo Sefolosha,3,7:07,MIA,shot,,,,,,,,,,Rafer Alston,,,,missed,,jump,18,7
Dorell Wright,Dwyane Wade,Jermaine O'Neal,Michael Beasley,Rafer Alston,Jeff Green,Kevin Durant,Nenad Krstic,Russell Westbrook,Thabo Sefolosha,3,7:07,OKC,rebound,,,,,,,,,,,,,,,,,,
Dorell Wright,Dwyane Wade,Jermaine O'Neal,Michael Beasley,Rafer Alston,Jeff Green,Kevin Durant,Nenad Krstic,Russell Westbrook,Thabo Sefolosha,3,7:07,MIA,foul,,,,,,,,Nenad Krstic,,Rafer Alston,,,,,,loose ball,,
Dorell Wright,Dwyane Wade,Jermaine O'Neal,Michael Beasley,Rafer Alston,Jeff Green,Kevin Durant,Nenad Krstic,Russell Westbrook,Thabo Sefolosha,3,6:49,OKC,shot,,,,,,,,,,Thabo Sefolosha,,,,missed,,layup,25,6
Dorell Wright,Dwyane Wade,Jermaine O'Neal,Michael Beasley,Rafer Alston,Jeff Green,Kevin Durant,Nenad Krstic,Russell Westbrook,Thabo Sefolosha,3,6:48,MIA,rebound,,,,,,,,,,Jermaine O'Neal,,,,,,def,,
Dorell Wright,Dwyane Wade,Jermaine O'Neal,Michael Beasley,Rafer Alston,Jeff Green,Kevin Durant,Nenad Krstic,Russell Westbrook,Thabo Sefolosha,3,6:37,MIA,shot,,,,,,,,,,Michael Beasley,2,,,made,,driving layup,25,6
Dorell Wright,Dwyane Wade,Jermaine O'Neal,Michael Beasley,Rafer Alston,Jeff Green,Kevin Durant,Nenad Krstic,Russell Westbrook,Thabo Sefolosha,3,6:37,OKC,foul,,,,,,,,Michael Beasley,,Nenad Krstic,,,,,,shooting,,
Dorell Wright,Dwyane Wade,Jermaine O'Neal,Michael Beasley,Rafer Alston,Jeff Green,Kevin Durant,Nenad Krstic,Russell Westbrook,Thabo Sefolosha,3,6:37,MIA,free throw,,,,,,,1,,1,Michael Beasley,,,foul,missed,,,,
Dorell Wright,Dwyane Wade,Jermaine O'Neal,Michael Beasley,Rafer Alston,Jeff Green,Kevin Durant,Nenad Krstic,Russell Westbrook,Thabo Sefolosha,3,6:35,MIA,rebound,,,,,,,,,,Michael Beasley,,,,,,off,,
Dorell Wright,Dwyane Wade,Jermaine O'Neal,Michael Beasley,Rafer Alston,Jeff Green,Kevin Durant,Nenad Krstic,Russell Westbrook,Thabo Sefolosha,3,6:25,MIA,shot,Dwyane Wade,,,,,,,,,Jermaine O'Neal,2,,,made,,dunk,25,6
Dorell Wright,Dwyane Wade,Jermaine O'Neal,Michael Beasley,Rafer Alston,Jeff Green,Kevin Durant,Nenad Krstic,Russell Westbrook,Thabo Sefolosha,3,6:12,MIA,foul,,,,,,,,Russell Westbrook,,Dwyane Wade,,,,,,shooting,,
Dorell Wright,Dwyane Wade,Jermaine O'Neal,Michael Beasley,Rafer Alston,Jeff Green,Kevin Durant,Nick Collison,Russell Westbrook,Thabo Sefolosha,3,6:12,OKC,sub,,,,Nick Collison,,Nenad Krstic,,,,,,,,,,,,
Dorell Wright,Dwyane Wade,Jermaine O'Neal,Michael Beasley,Rafer Alston,Jeff Green,Kevin Durant,Nick Collison,Russell Westbrook,Thabo Sefolosha,3,6:12,OKC,free throw,,,,,,,1,,2,Russell Westbrook,,,foul,made,,,,
Dorell Wright,Dwyane Wade,Jermaine O'Neal,Michael Beasley,Rafer Alston,Jeff Green,Kevin Durant,Nick Collison,Russell Westbrook,Thabo Sefolosha,3,6:12,OKC,free throw,,,,,,,2,,2,Russell Westbrook,,,foul,made,,,,
Dorell Wright,Dwyane Wade,Jermaine O'Neal,Michael Beasley,Rafer Alston,Jeff Green,Kevin Durant,Nick Collison,Russell Westbrook,Thabo Sefolosha,3,5:55,MIA,shot,Jermaine O'Neal,,,,,,,,,Rafer Alston,3,,,made,,3pt,48,9
Dorell Wright,Dwyane Wade,Jermaine O'Neal,Michael Beasley,Rafer Alston,Jeff Green,Kevin Durant,Nick Collison,Russell Westbrook,Thabo Sefolosha,3,5:45,OKC,shot,Russell Westbrook,,,,,,,,,Kevin Durant,3,,,made,,3pt,12,27
Dorell Wright,Dwyane Wade,Jermaine O'Neal,Michael Beasley,Rafer Alston,Jeff Green,Kevin Durant,Nick Collison,Russell Westbrook,Thabo Sefolosha,3,5:27,MIA,shot,Dwyane Wade,,,,,,,,,Michael Beasley,2,,,made,,alley oop dunk,25,6
Dorell Wright,Dwyane Wade,Jermaine O'Neal,Michael Beasley,Rafer Alston,Jeff Green,Kevin Durant,Nick Collison,Russell Westbrook,Thabo Sefolosha,3,5:13,OKC,shot,,,,,,,,,,Russell Westbrook,2,,,made,,jump,16,15
Dorell Wright,Dwyane Wade,Jermaine O'Neal,Michael Beasley,Rafer Alston,Jeff Green,Kevin Durant,Nick Collison,Russell Westbrook,Thabo Sefolosha,3,4:56,MIA,shot,,,,,,,,,,Dwyane Wade,,,,missed,,jump,32,21
Dorell Wright,Dwyane Wade,Jermaine O'Neal,Michael Beasley,Rafer Alston,Jeff Green,Kevin Durant,Nick Collison,Russell Westbrook,Thabo Sefolosha,3,4:56,OKC,rebound,,,,,,,,,,Jeff Green,,,,,,def,,
Dorell Wright,Dwyane Wade,Jermaine O'Neal,Michael Beasley,Rafer Alston,Jeff Green,Kevin Durant,Nick Collison,Russell Westbrook,Thabo Sefolosha,3,4:38,OKC,shot,,,,,,,,,,Kevin Durant,2,,,made,,jump,40,12
Dorell Wright,Dwyane Wade,Jermaine O'Neal,Michael Beasley,Rafer Alston,Jeff Green,Kevin Durant,Nick Collison,Russell Westbrook,Thabo Sefolosha,3,4:15,MIA,shot,Michael Beasley,,,,,,,,,Dwyane Wade,2,,,made,,reverse dunk,25,6
Dorell Wright,Dwyane Wade,Jermaine O'Neal,Michael Beasley,Rafer Alston,Jeff Green,Kevin Durant,Nick Collison,Russell Westbrook,Thabo Sefolosha,3,3:59,OKC,turnover,,,,,,,,,,Russell Westbrook,,,bad pass,,Dwyane Wade,,,
Dorell Wright,Dwyane Wade,Jermaine O'Neal,Michael Beasley,Rafer Alston,Jeff Green,Kevin Durant,Nick Collison,Russell Westbrook,Thabo Sefolosha,3,3:50,MIA,shot,,,,,,,,,,Dorell Wright,,,,missed,,3pt,47,7
Dorell Wright,Dwyane Wade,Jermaine O'Neal,Michael Beasley,Rafer Alston,Jeff Green,Kevin Durant,Nick Collison,Russell Westbrook,Thabo Sefolosha,3,3:49,MIA,rebound,,,,,,,,,,Michael Beasley,,,,,,off,,
Dorell Wright,Dwyane Wade,Jermaine O'Neal,Michael Beasley,Rafer Alston,Jeff Green,Kevin Durant,Nick Collison,Russell Westbrook,Thabo Sefolosha,3,3:45,MIA,shot,,,,,,,,,,Dwyane Wade,,,,missed,,jump,20,29
Dorell Wright,Dwyane Wade,Jermaine O'Neal,Michael Beasley,Rafer Alston,Jeff Green,Kevin Durant,Nick Collison,Russell Westbrook,Thabo Sefolosha,3,3:43,OKC,rebound,,,,,,,,,,Kevin Durant,,,,,,def,,
Dorell Wright,Dwyane Wade,Jermaine O'Neal,Michael Beasley,Rafer Alston,Jeff Green,Kevin Durant,Nick Collison,Russell Westbrook,Thabo Sefolosha,3,3:41,OKC,timeout,,,,,,,,,,,,,,,,regular,,
Dorell Wright,Dwyane Wade,Jermaine O'Neal,Michael Beasley,Rafer Alston,Kevin Durant,Nick Collison,Russell Westbrook,Serge Ibaka,Thabo Sefolosha,3,3:41,OKC,sub,,,,Serge Ibaka,,Jeff Green,,,,,,,,,,,,
Dorell Wright,Dwyane Wade,Jermaine O'Neal,Michael Beasley,Rafer Alston,James Harden,Kevin Durant,Nick Collison,Russell Westbrook,Serge Ibaka,3,3:41,OKC,sub,,,,James Harden,,Thabo Sefolosha,,,,,,,,,,,,
Dorell Wright,Dwyane Wade,Michael Beasley,Rafer Alston,Udonis Haslem,James Harden,Kevin Durant,Nick Collison,Russell Westbrook,Serge Ibaka,3,3:41,MIA,sub,,,,Udonis Haslem,,Jermaine O'Neal,,,,,,,,,,,,
Dorell Wright,Dwyane Wade,Michael Beasley,Rafer Alston,Udonis Haslem,James Harden,Kevin Durant,Nick Collison,Russell Westbrook,Serge Ibaka,3,3:27,OKC,shot,Kevin Durant,,,,,,,,,Serge Ibaka,2,,,made,,jump bank,30,8
Dorell Wright,Dwyane Wade,Michael Beasley,Rafer Alston,Udonis Haslem,James Harden,Kevin Durant,Nick Collison,Russell Westbrook,Serge Ibaka,3,3:05,OKC,foul,,,,,,,,Udonis Haslem,,Serge Ibaka,,,,,,personal,,
Dorell Wright,Dwyane Wade,Michael Beasley,Rafer Alston,Udonis Haslem,James Harden,Kevin Durant,Nick Collison,Russell Westbrook,Serge Ibaka,3,2:58,MIA,shot,Dwyane Wade,,,,,,,,,Michael Beasley,2,,,made,,jump,14,8
Dorell Wright,Dwyane Wade,Michael Beasley,Rafer Alston,Udonis Haslem,James Harden,Kevin Durant,Nick Collison,Russell Westbrook,Serge Ibaka,3,2:37,OKC,shot,,,,,,,,,,Russell Westbrook,,,,missed,,jump,11,10
Dorell Wright,Dwyane Wade,Michael Beasley,Rafer Alston,Udonis Haslem,James Harden,Kevin Durant,Nick Collison,Russell Westbrook,Serge Ibaka,3,2:35,OKC,rebound,,,,,,,,,,Nick Collison,,,,,,off,,
Dorell Wright,Dwyane Wade,Michael Beasley,Rafer Alston,Udonis Haslem,James Harden,Kevin Durant,Nick Collison,Russell Westbrook,Serge Ibaka,3,2:27,OKC,shot,,,,,,,,,,Russell Westbrook,,,,missed,,reverse layup,25,6
Dorell Wright,Dwyane Wade,Michael Beasley,Rafer Alston,Udonis Haslem,James Harden,Kevin Durant,Nick Collison,Russell Westbrook,Serge Ibaka,3,2:26,OKC,rebound,,,,,,,,,,,,,,,,,,
Dorell Wright,Dwyane Wade,Jamaal Magloire,Rafer Alston,Udonis Haslem,James Harden,Kevin Durant,Nick Collison,Russell Westbrook,Serge Ibaka,3,2:26,MIA,sub,,,,Jamaal Magloire,,Michael Beasley,,,,,,,,,,,,
Dorell Wright,Dwyane Wade,Jamaal Magloire,Rafer Alston,Udonis Haslem,Eric Maynor,James Harden,Kevin Durant,Nick Collison,Serge Ibaka,3,2:26,OKC,sub,,,,Eric Maynor,,Russell Westbrook,,,,,,,,,,,,
Dorell Wright,Dwyane Wade,Jamaal Magloire,Rafer Alston,Udonis Haslem,Eric Maynor,James Harden,Kevin Durant,Nick Collison,Serge Ibaka,3,2:07,MIA,foul,,,,,,,,James Harden,,Rafer Alston,,,,,,shooting,,
Dorell Wright,Dwyane Wade,Jamaal Magloire,Rafer Alston,Udonis Haslem,Eric Maynor,James Harden,Kevin Durant,Nick Collison,Serge Ibaka,3,2:07,OKC,free throw,,,,,,,1,,2,James Harden,,,foul,made,,,,
Dorell Wright,Dwyane Wade,Jamaal Magloire,Mario Chalmers,Udonis Haslem,Eric Maynor,James Harden,Kevin Durant,Nick Collison,Serge Ibaka,3,2:07,MIA,sub,,,,Mario Chalmers,,Rafer Alston,,,,,,,,,,,,
Dorell Wright,Dwyane Wade,Jamaal Magloire,Mario Chalmers,Udonis Haslem,Eric Maynor,James Harden,Kevin Durant,Nick Collison,Serge Ibaka,3,2:07,OKC,free throw,,,,,,,2,,2,James Harden,,,foul,made,,,,
Dorell Wright,Dwyane Wade,Jamaal Magloire,Mario Chalmers,Udonis Haslem,Eric Maynor,James Harden,Kevin Durant,Nick Collison,Serge Ibaka,3,1:46,MIA,shot,,,,,,,,,,Dorell Wright,,,,missed,,3pt,7,23
Dorell Wright,Dwyane Wade,Jamaal Magloire,Mario Chalmers,Udonis Haslem,Eric Maynor,James Harden,Kevin Durant,Nick Collison,Serge Ibaka,3,1:45,MIA,rebound,,,,,,,,,,Udonis Haslem,,,,,,off,,
Dorell Wright,Dwyane Wade,Jamaal Magloire,Mario Chalmers,Udonis Haslem,Eric Maynor,James Harden,Kevin Durant,Nick Collison,Serge Ibaka,3,1:43,MIA,shot,,,,,,,,,,Udonis Haslem,2,,,made,,putback layup,25,6
Dorell Wright,Dwyane Wade,Jamaal Magloire,Mario Chalmers,Udonis Haslem,Eric Maynor,James Harden,Kevin Durant,Nick Collison,Serge Ibaka,3,1:19,MIA,foul,,,,,,,,Serge Ibaka,,Dorell Wright,,,,,,shooting,,
Dorell Wright,Dwyane Wade,Jamaal Magloire,Mario Chalmers,Udonis Haslem,Eric Maynor,James Harden,Kevin Durant,Nick Collison,Serge Ibaka,3,1:19,OKC,free throw,,,,,,,1,,2,Serge Ibaka,,,foul,missed,,,,
Dorell Wright,Dwyane Wade,Jamaal Magloire,Mario Chalmers,Udonis Haslem,Eric Maynor,James Harden,Kevin Durant,Nick Collison,Serge Ibaka,3,1:19,OKC,rebound,,,,,,,,,,,,,,,,,,
Dorell Wright,Dwyane Wade,Jamaal Magloire,Mario Chalmers,Udonis Haslem,Eric Maynor,James Harden,Kevin Durant,Nick Collison,Serge Ibaka,3,1:19,OKC,free throw,,,,,,,2,,2,Serge Ibaka,,,foul,made,,,,
Dorell Wright,Dwyane Wade,Jamaal Magloire,Mario Chalmers,Udonis Haslem,Eric Maynor,James Harden,Kevin Durant,Nick Collison,Serge Ibaka,3,1:09,MIA,timeout,,,,,,,,,,,,,,,,short,,
Dorell Wright,Dwyane Wade,Jamaal Magloire,Mario Chalmers,Udonis Haslem,Eric Maynor,James Harden,Kevin Durant,Nick Collison,Serge Ibaka,3,1:02,MIA,shot,,,,,,,,,,Udonis Haslem,,,,missed,,jump,30,22
Dorell Wright,Dwyane Wade,Jamaal Magloire,Mario Chalmers,Udonis Haslem,Eric Maynor,James Harden,Kevin Durant,Nick Collison,Serge Ibaka,3,1:01,OKC,rebound,,,,,,,,,,Serge Ibaka,,,,,,def,,
Dorell Wright,Dwyane Wade,Jamaal Magloire,Mario Chalmers,Udonis Haslem,Eric Maynor,James Harden,Kevin Durant,Nick Collison,Serge Ibaka,3,0:46,OKC,shot,,,,,,,,,,Serge Ibaka,,,,missed,,jump,43,7
Dorell Wright,Dwyane Wade,Jamaal Magloire,Mario Chalmers,Udonis Haslem,Eric Maynor,James Harden,Kevin Durant,Nick Collison,Serge Ibaka,3,0:45,OKC,rebound,,,,,,,,,,Kevin Durant,,,,,,off,,
Dorell Wright,Dwyane Wade,Jamaal Magloire,Mario Chalmers,Udonis Haslem,Eric Maynor,James Harden,Kevin Durant,Nick Collison,Serge Ibaka,3,0:43,OKC,shot,,,,,,,,,,Kevin Durant,2,,,made,,jump,20,9
Dorell Wright,Dwyane Wade,Jamaal Magloire,Mario Chalmers,Udonis Haslem,Eric Maynor,James Harden,Kevin Durant,Nick Collison,Serge Ibaka,3,0:21,MIA,turnover,,,,,,,,,,Dwyane Wade,,,lost ball,,Nick Collison,,,
Dorell Wright,Dwyane Wade,Jamaal Magloire,Mario Chalmers,Udonis Haslem,Eric Maynor,James Harden,Kevin Durant,Nick Collison,Serge Ibaka,3,0:02,OKC,shot,,,,,,,,,,Kevin Durant,,,,missed,,jump,30,28
Dorell Wright,Dwyane Wade,Jamaal Magloire,Mario Chalmers,Udonis Haslem,Eric Maynor,James Harden,Kevin Durant,Nick Collison,Serge Ibaka,3,0:01,MIA,rebound,,,,,,,,,,Jamaal Magloire,,,,,,def,,
Dorell Wright,Jamaal Magloire,Mario Chalmers,Michael Beasley,Udonis Haslem,Eric Maynor,James Harden,Jeff Green,Nick Collison,Serge Ibaka,4,11:51,MIA,foul,,,,,,,,Nick Collison,,Jamaal Magloire,,,,,,offensive,,
Dorell Wright,Jamaal Magloire,Mario Chalmers,Michael Beasley,Udonis Haslem,Eric Maynor,James Harden,Jeff Green,Nick Collison,Serge Ibaka,4,11:51,MIA,turnover,,,,,,,,,,Jamaal Magloire,,,foul,,,,,
Dorell Wright,Jamaal Magloire,Mario Chalmers,Michael Beasley,Udonis Haslem,Eric Maynor,James Harden,Jeff Green,Nick Collison,Serge Ibaka,4,11:39,OKC,shot,,,,,,,,,,James Harden,,,,missed,,layup,25,6
Dorell Wright,Jamaal Magloire,Mario Chalmers,Michael Beasley,Udonis Haslem,Eric Maynor,James Harden,Jeff Green,Nick Collison,Serge Ibaka,4,11:37,OKC,rebound,,,,,,,,,,,,,,,,,,
Dorell Wright,Jamaal Magloire,Mario Chalmers,Michael Beasley,Udonis Haslem,Eric Maynor,James Harden,Jeff Green,Nick Collison,Serge Ibaka,4,11:25,OKC,shot,,,,,,,,,,Jeff Green,,,,missed,,jump,41,15
Dorell Wright,Jamaal Magloire,Mario Chalmers,Michael Beasley,Udonis Haslem,Eric Maynor,James Harden,Jeff Green,Nick Collison,Serge Ibaka,4,11:24,OKC,rebound,,,,,,,,,,Serge Ibaka,,,,,,off,,
Dorell Wright,Jamaal Magloire,Mario Chalmers,Michael Beasley,Udonis Haslem,Eric Maynor,James Harden,Jeff Green,Nick Collison,Serge Ibaka,4,11:13,OKC,shot,,,,,,,,,,Nick Collison,,,,missed,,running jump,27,13
Dorell Wright,Jamaal Magloire,Mario Chalmers,Michael Beasley,Udonis Haslem,Eric Maynor,James Harden,Jeff Green,Nick Collison,Serge Ibaka,4,11:12,MIA,rebound,,,,,,,,,,Michael Beasley,,,,,,def,,
Dorell Wright,Jamaal Magloire,Mario Chalmers,Michael Beasley,Udonis Haslem,Eric Maynor,James Harden,Jeff Green,Nick Collison,Serge Ibaka,4,11:02,OKC,foul,,,,,,,,Jamaal Magloire,,Nick Collison,,,,,,shooting,,
Dorell Wright,Jamaal Magloire,Mario Chalmers,Michael Beasley,Udonis Haslem,Eric Maynor,James Harden,Jeff Green,Nick Collison,Serge Ibaka,4,11:02,MIA,free throw,,,,,,,1,,2,Jamaal Magloire,,,foul,missed,,,,
Dorell Wright,Jamaal Magloire,Mario Chalmers,Michael Beasley,Udonis Haslem,Eric Maynor,James Harden,Jeff Green,Nick Collison,Serge Ibaka,4,11:02,MIA,rebound,,,,,,,,,,,,,,,,,,
Dorell Wright,Jamaal Magloire,Mario Chalmers,Michael Beasley,Udonis Haslem,Eric Maynor,James Harden,Jeff Green,Nick Collison,Serge Ibaka,4,11:02,MIA,free throw,,,,,,,2,,2,Jamaal Magloire,,,foul,made,,,,
Dorell Wright,Jamaal Magloire,Mario Chalmers,Michael Beasley,Udonis Haslem,Eric Maynor,James Harden,Jeff Green,Nick Collison,Serge Ibaka,4,10:40,OKC,shot,,,Mario Chalmers,,,,,,,James Harden,,,,missed,,jump,40,12
Dorell Wright,Jamaal Magloire,Mario Chalmers,Michael Beasley,Udonis Haslem,Eric Maynor,James Harden,Jeff Green,Nick Collison,Serge Ibaka,4,10:37,OKC,rebound,,,,,,,,,,,,,,,,,,
Dorell Wright,Jamaal Magloire,Mario Chalmers,Michael Beasley,Udonis Haslem,Eric Maynor,James Harden,Jeff Green,Nick Collison,Serge Ibaka,4,10:37,OKC,turnover,,,,,,,,,,,,,shot clock turnover,,,,,
Dorell Wright,Jamaal Magloire,Mario Chalmers,Michael Beasley,Udonis Haslem,Eric Maynor,James Harden,Jeff Green,Nick Collison,Serge Ibaka,4,10:23,MIA,shot,,,Nick Collison,,,,,,,Jamaal Magloire,,,,missed,,layup,25,6
Dorell Wright,Jamaal Magloire,Mario Chalmers,Michael Beasley,Udonis Haslem,Eric Maynor,James Harden,Jeff Green,Nick Collison,Serge Ibaka,4,10:22,OKC,rebound,,,,,,,,,,Nick Collison,,,,,,def,,
Dorell Wright,Jamaal Magloire,Mario Chalmers,Michael Beasley,Udonis Haslem,Eric Maynor,James Harden,Jeff Green,Nick Collison,Serge Ibaka,4,10:18,MIA,foul,,,,,,,,Serge Ibaka,,Mario Chalmers,,,,,,personal,,
Dorell Wright,Jermaine O'Neal,Mario Chalmers,Michael Beasley,Udonis Haslem,Eric Maynor,James Harden,Jeff Green,Nick Collison,Serge Ibaka,4,10:18,MIA,sub,,,,Jermaine O'Neal,,Jamaal Magloire,,,,,,,,,,,,
Dwyane Wade,Jermaine O'Neal,Mario Chalmers,Michael Beasley,Udonis Haslem,Eric Maynor,James Harden,Jeff Green,Nick Collison,Serge Ibaka,4,10:18,MIA,sub,,,,Dwyane Wade,,Dorell Wright,,,,,,,,,,,,
Dwyane Wade,Jermaine O'Neal,Mario Chalmers,Michael Beasley,Udonis Haslem,Eric Maynor,James Harden,Jeff Green,Nick Collison,Serge Ibaka,4,10:10,OKC,turnover,,,,,,,,,,Eric Maynor,,,bad pass,,Udonis Haslem,,,
Dwyane Wade,Jermaine O'Neal,Mario Chalmers,Michael Beasley,Udonis Haslem,Eric Maynor,James Harden,Jeff Green,Nick Collison,Serge Ibaka,4,10:03,MIA,turnover,,,,,,,,,,Michael Beasley,,,lost ball,,Jeff Green,,,
Dwyane Wade,Jermaine O'Neal,Mario Chalmers,Michael Beasley,Udonis Haslem,Eric Maynor,James Harden,Jeff Green,Nick Collison,Serge Ibaka,4,9:58,OKC,shot,,,Dwyane Wade,,,,,,,James Harden,,,,missed,,layup,25,6
Dwyane Wade,Jermaine O'Neal,Mario Chalmers,Michael Beasley,Udonis Haslem,Eric Maynor,James Harden,Jeff Green,Nick Collison,Serge Ibaka,4,9:57,OKC,rebound,,,,,,,,,,,,,,,,,,
Dwyane Wade,Jermaine O'Neal,Mario Chalmers,Michael Beasley,Udonis Haslem,Eric Maynor,James Harden,Jeff Green,Nick Collison,Serge Ibaka,4,9:42,OKC,shot,,,Jermaine O'Neal,,,,,,,James Harden,,,,missed,,driving layup,25,6
Dwyane Wade,Jermaine O'Neal,Mario Chalmers,Michael Beasley,Udonis Haslem,Eric Maynor,James Harden,Jeff Green,Nick Collison,Serge Ibaka,4,9:40,MIA,rebound,,,,,,,,,,Udonis Haslem,,,,,,def,,
Dwyane Wade,Jermaine O'Neal,Mario Chalmers,Michael Beasley,Udonis Haslem,Eric Maynor,James Harden,Jeff Green,Nick Collison,Serge Ibaka,4,9:31,MIA,shot,,,,,,,,,,Dwyane Wade,,,,missed,,jump,10,16
Dwyane Wade,Jermaine O'Neal,Mario Chalmers,Michael Beasley,Udonis Haslem,Eric Maynor,James Harden,Jeff Green,Nick Collison,Serge Ibaka,4,9:30,OKC,rebound,,,,,,,,,,Jeff Green,,,,,,def,,
Dwyane Wade,Jermaine O'Neal,Mario Chalmers,Michael Beasley,Udonis Haslem,Eric Maynor,James Harden,Jeff Green,Nick Collison,Serge Ibaka,4,9:25,OKC,turnover,,,,,,,,,,James Harden,,,lost ball,,Mario Chalmers,,,
Dwyane Wade,Jermaine O'Neal,Mario Chalmers,Michael Beasley,Udonis Haslem,Eric Maynor,James Harden,Jeff Green,Nick Collison,Serge Ibaka,4,9:22,MIA,shot,Mario Chalmers,,,,,,,,,Dwyane Wade,2,,,made,,dunk,25,6
Dwyane Wade,Jermaine O'Neal,Mario Chalmers,Michael Beasley,Udonis Haslem,Eric Maynor,James Harden,Jeff Green,Nick Collison,Serge Ibaka,4,9:20,OKC,timeout,,,,,,,,,,,,,,,,regular,,
Dwyane Wade,Jermaine O'Neal,Mario Chalmers,Michael Beasley,Udonis Haslem,Eric Maynor,Jeff Green,Kevin Durant,Nick Collison,Serge Ibaka,4,9:20,OKC,sub,,,,Kevin Durant,,James Harden,,,,,,,,,,,,
Dwyane Wade,Jermaine O'Neal,Mario Chalmers,Michael Beasley,Udonis Haslem,Eric Maynor,Jeff Green,Kevin Durant,Nick Collison,Serge Ibaka,4,9:07,OKC,shot,,,,,,,,,,Eric Maynor,2,,,made,,jump,40,16
Dwyane Wade,Jermaine O'Neal,Mario Chalmers,Michael Beasley,Udonis Haslem,Eric Maynor,Jeff Green,Kevin Durant,Nick Collison,Serge Ibaka,4,8:46,MIA,shot,,,,,,,,,,Jermaine O'Neal,,,,missed,,jump,21,23
Dwyane Wade,Jermaine O'Neal,Mario Chalmers,Michael Beasley,Udonis Haslem,Eric Maynor,Jeff Green,Kevin Durant,Nick Collison,Serge Ibaka,4,8:45,OKC,rebound,,,,,,,,,,Kevin Durant,,,,,,def,,
Dwyane Wade,Jermaine O'Neal,Mario Chalmers,Michael Beasley,Udonis Haslem,Eric Maynor,Jeff Green,Kevin Durant,Nick Collison,Serge Ibaka,4,8:26,OKC,turnover,,,,,,,,,,Kevin Durant,,,bad pass,,Mario Chalmers,,,
Dwyane Wade,Jermaine O'Neal,Mario Chalmers,Michael Beasley,Udonis Haslem,Eric Maynor,Jeff Green,Kevin Durant,Nick Collison,Serge Ibaka,4,8:20,MIA,turnover,,,,,,,,,,Mario Chalmers,,,bad pass,,Jeff Green,,,
Dwyane Wade,Jermaine O'Neal,Mario Chalmers,Michael Beasley,Udonis Haslem,Eric Maynor,Jeff Green,Kevin Durant,Nick Collison,Serge Ibaka,4,8:15,OKC,shot,Jeff Green,,,,,,,,,Eric Maynor,2,,,made,,layup,25,6
Dwyane Wade,Jermaine O'Neal,Mario Chalmers,Michael Beasley,Udonis Haslem,Eric Maynor,Jeff Green,Kevin Durant,Nick Collison,Serge Ibaka,4,8:13,MIA,timeout,,,,,,,,,,,,,,,,regular,,
Dwyane Wade,Jermaine O'Neal,Mario Chalmers,Michael Beasley,Udonis Haslem,Eric Maynor,Jeff Green,Kevin Durant,Nenad Krstic,Serge Ibaka,4,8:13,OKC,sub,,,,Nenad Krstic,,Nick Collison,,,,,,,,,,,,
Dwyane Wade,Jermaine O'Neal,Mario Chalmers,Michael Beasley,Rafer Alston,Eric Maynor,Jeff Green,Kevin Durant,Nenad Krstic,Serge Ibaka,4,8:13,MIA,sub,,,,Rafer Alston,,Udonis Haslem,,,,,,,,,,,,
Dwyane Wade,Jermaine O'Neal,Mario Chalmers,Michael Beasley,Rafer Alston,Eric Maynor,Jeff Green,Kevin Durant,Nenad Krstic,Serge Ibaka,4,7:56,MIA,shot,,,,,,,,,,Michael Beasley,,,,missed,,jump,46,8
Dwyane Wade,Jermaine O'Neal,Mario Chalmers,Michael Beasley,Rafer Alston,Eric Maynor,Jeff Green,Kevin Durant,Nenad Krstic,Serge Ibaka,4,7:56,OKC,rebound,,,,,,,,,,Serge Ibaka,,,,,,def,,
Dwyane Wade,Jermaine O'Neal,Mario Chalmers,Michael Beasley,Rafer Alston,Eric Maynor,Jeff Green,Kevin Durant,Nenad Krstic,Serge Ibaka,4,7:35,OKC,shot,,,,,,,,,,Jeff Green,,,,missed,,3pt,44,21
Dwyane Wade,Jermaine O'Neal,Mario Chalmers,Michael Beasley,Rafer Alston,Eric Maynor,Jeff Green,Kevin Durant,Nenad Krstic,Serge Ibaka,4,7:33,OKC,rebound,,,,,,,,,,,,,,,,,,
Dwyane Wade,Jermaine O'Neal,Mario Chalmers,Michael Beasley,Rafer Alston,Eric Maynor,Jeff Green,Kevin Durant,Nenad Krstic,Serge Ibaka,4,7:22,OKC,shot,,,Dwyane Wade,,,,,,,Kevin Durant,,,,missed,,jump,39,9
Dwyane Wade,Jermaine O'Neal,Mario Chalmers,Michael Beasley,Rafer Alston,Eric Maynor,Jeff Green,Kevin Durant,Nenad Krstic,Serge Ibaka,4,7:20,MIA,rebound,,,,,,,,,,Dwyane Wade,,,,,,def,,
Dwyane Wade,Jermaine O'Neal,Mario Chalmers,Michael Beasley,Rafer Alston,Eric Maynor,Jeff Green,Kevin Durant,Nenad Krstic,Serge Ibaka,4,7:14,MIA,foul,,,,,,,,Kevin Durant,,Jermaine O'Neal,,,,,,offensive,,
Dwyane Wade,Jermaine O'Neal,Mario Chalmers,Michael Beasley,Rafer Alston,Eric Maynor,Jeff Green,Kevin Durant,Nenad Krstic,Serge Ibaka,4,7:14,MIA,turnover,,,,,,,,,,Jermaine O'Neal,,,foul,,,,,
Dwyane Wade,Jermaine O'Neal,Mario Chalmers,Michael Beasley,Rafer Alston,Eric Maynor,Jeff Green,Kevin Durant,Nenad Krstic,Serge Ibaka,4,7:14,OKC,foul,,,,,,,,,,Double,,,,,,technical,,
Dwyane Wade,Jermaine O'Neal,Mario Chalmers,Michael Beasley,Rafer Alston,Eric Maynor,Jeff Green,Kevin Durant,Nenad Krstic,Serge Ibaka,4,6:54,OKC,shot,Nenad Krstic,,,,,,,,,Kevin Durant,2,,,made,,layup,25,6
Dwyane Wade,Jermaine O'Neal,Mario Chalmers,Michael Beasley,Rafer Alston,Eric Maynor,Jeff Green,Kevin Durant,Nenad Krstic,Serge Ibaka,4,6:54,MIA,foul,,,,,,,,Kevin Durant,,Mario Chalmers,,,,,,shooting,,
Dwyane Wade,Jermaine O'Neal,Mario Chalmers,Michael Beasley,Rafer Alston,Eric Maynor,Jeff Green,Kevin Durant,Nenad Krstic,Serge Ibaka,4,6:54,OKC,free throw,,,,,,,1,,1,Kevin Durant,,,foul,missed,,,,
Dwyane Wade,Jermaine O'Neal,Mario Chalmers,Michael Beasley,Rafer Alston,Eric Maynor,Jeff Green,Kevin Durant,Nenad Krstic,Serge Ibaka,4,6:53,MIA,rebound,,,,,,,,,,Dwyane Wade,,,,,,def,,
Dwyane Wade,Jermaine O'Neal,Mario Chalmers,Michael Beasley,Rafer Alston,Eric Maynor,Jeff Green,Kevin Durant,Nenad Krstic,Serge Ibaka,4,6:45,MIA,shot,,,,,,,,,,Dwyane Wade,,,,missed,,driving layup,25,6
Dwyane Wade,Jermaine O'Neal,Mario Chalmers,Michael Beasley,Rafer Alston,Eric Maynor,Jeff Green,Kevin Durant,Nenad Krstic,Serge Ibaka,4,6:44,OKC,rebound,,,,,,,,,,Serge Ibaka,,,,,,def,,
Dwyane Wade,Jermaine O'Neal,Mario Chalmers,Michael Beasley,Rafer Alston,Eric Maynor,Jeff Green,Kevin Durant,Nenad Krstic,Serge Ibaka,4,6:38,MIA,foul,,,,,,,,Kevin Durant,,Rafer Alston,,,,,,personal,,
Dwyane Wade,Jermaine O'Neal,Mario Chalmers,Michael Beasley,Rafer Alston,Eric Maynor,Jeff Green,Kevin Durant,Nenad Krstic,Serge Ibaka,4,6:22,OKC,shot,,,,,,,,,,Nenad Krstic,,,,missed,,jump,31,25
Dwyane Wade,Jermaine O'Neal,Mario Chalmers,Michael Beasley,Rafer Alston,Eric Maynor,Jeff Green,Kevin Durant,Nenad Krstic,Serge Ibaka,4,6:21,MIA,rebound,,,,,,,,,,Michael Beasley,,,,,,def,,
Dwyane Wade,Jermaine O'Neal,Mario Chalmers,Michael Beasley,Rafer Alston,Eric Maynor,Jeff Green,Kevin Durant,Nenad Krstic,Serge Ibaka,4,6:11,MIA,shot,,,,,,,,,,Mario Chalmers,2,,,made,,jump,41,13
Dwyane Wade,Jermaine O'Neal,Mario Chalmers,Michael Beasley,Rafer Alston,Eric Maynor,Jeff Green,Kevin Durant,Nenad Krstic,Serge Ibaka,4,5:55,MIA,foul,,,,,,,,Kevin Durant,,Dwyane Wade,,,,,,shooting,,
Dorell Wright,Dwyane Wade,Jermaine O'Neal,Mario Chalmers,Michael Beasley,Eric Maynor,Jeff Green,Kevin Durant,Nenad Krstic,Serge Ibaka,4,5:55,MIA,sub,,,,Dorell Wright,,Rafer Alston,,,,,,,,,,,,
Dorell Wright,Dwyane Wade,Jermaine O'Neal,Mario Chalmers,Michael Beasley,Eric Maynor,Jeff Green,Kevin Durant,Nenad Krstic,Serge Ibaka,4,5:55,OKC,free throw,,,,,,,1,,2,Kevin Durant,,,foul,made,,,,
Dorell Wright,Dwyane Wade,Jermaine O'Neal,Mario Chalmers,Michael Beasley,Eric Maynor,Jeff Green,Kevin Durant,Nenad Krstic,Serge Ibaka,4,5:55,OKC,free throw,,,,,,,2,,2,Kevin Durant,,,foul,made,,,,
Dorell Wright,Dwyane Wade,Jermaine O'Neal,Mario Chalmers,Michael Beasley,Eric Maynor,Jeff Green,Kevin Durant,Nenad Krstic,Serge Ibaka,4,5:44,OKC,violation,,,,,,,,,,Jeff Green,,,,,,kicked ball,,
Dorell Wright,Dwyane Wade,Jermaine O'Neal,Mario Chalmers,Michael Beasley,Eric Maynor,Jeff Green,Kevin Durant,Nenad Krstic,Serge Ibaka,4,5:35,MIA,shot,,,,,,,,,,Michael Beasley,,,,missed,,driving layup,25,6
Dorell Wright,Dwyane Wade,Jermaine O'Neal,Mario Chalmers,Michael Beasley,Eric Maynor,Jeff Green,Kevin Durant,Nenad Krstic,Serge Ibaka,4,5:35,OKC,rebound,,,,,,,,,,Nenad Krstic,,,,,,def,,
Dorell Wright,Dwyane Wade,Jermaine O'Neal,Mario Chalmers,Michael Beasley,Eric Maynor,Jeff Green,Kevin Durant,Nenad Krstic,Serge Ibaka,4,5:35,OKC,turnover,,,,,,,,,,Nenad Krstic,,,step out of bounds turnover,,,,,
Dorell Wright,Dwyane Wade,Jermaine O'Neal,Mario Chalmers,Michael Beasley,Eric Maynor,Jeff Green,Kevin Durant,Nenad Krstic,Serge Ibaka,4,5:31,MIA,shot,,,,,,,,,,Michael Beasley,,,,missed,,3pt,21,30
Dorell Wright,Dwyane Wade,Jermaine O'Neal,Mario Chalmers,Michael Beasley,Eric Maynor,Jeff Green,Kevin Durant,Nenad Krstic,Serge Ibaka,4,5:31,MIA,rebound,,,,,,,,,,,,,,,,,,
Dorell Wright,Dwyane Wade,Jermaine O'Neal,Mario Chalmers,Michael Beasley,Eric Maynor,Jeff Green,Kevin Durant,Nenad Krstic,Serge Ibaka,4,5:31,OKC,foul,,,,,,,,Dwyane Wade,,Kevin Durant,,,,,,loose ball,,
Dorell Wright,Dwyane Wade,Jermaine O'Neal,Mario Chalmers,Michael Beasley,Eric Maynor,Jeff Green,Kevin Durant,Nenad Krstic,Serge Ibaka,4,5:28,MIA,shot,,,,,,,,,,Dwyane Wade,,,,missed,,fade away jumper,39,16
Dorell Wright,Dwyane Wade,Jermaine O'Neal,Mario Chalmers,Michael Beasley,Eric Maynor,Jeff Green,Kevin Durant,Nenad Krstic,Serge Ibaka,4,5:27,OKC,rebound,,,,,,,,,,Serge Ibaka,,,,,,def,,
Dorell Wright,Dwyane Wade,Jermaine O'Neal,Mario Chalmers,Michael Beasley,Eric Maynor,Jeff Green,Kevin Durant,Nenad Krstic,Serge Ibaka,4,5:13,OKC,turnover,,,,,,,,,,Serge Ibaka,,,bad pass,,Dwyane Wade,,,
Dorell Wright,Dwyane Wade,Jermaine O'Neal,Mario Chalmers,Michael Beasley,Eric Maynor,Jeff Green,Kevin Durant,Nenad Krstic,Serge Ibaka,4,5:10,MIA,shot,,,,,,,,,,Dwyane Wade,2,,,made,,dunk,25,6
Dorell Wright,Dwyane Wade,Jermaine O'Neal,Mario Chalmers,Michael Beasley,Eric Maynor,Jeff Green,Kevin Durant,Nenad Krstic,Serge Ibaka,4,4:43,OKC,shot,,,,,,,,,,Kevin Durant,,,,missed,,jump,37,26
Dorell Wright,Dwyane Wade,Jermaine O'Neal,Mario Chalmers,Michael Beasley,Eric Maynor,Jeff Green,Kevin Durant,Nenad Krstic,Serge Ibaka,4,4:41,OKC,rebound,,,,,,,,,,Serge Ibaka,,,,,,off,,
Dorell Wright,Dwyane Wade,Jermaine O'Neal,Mario Chalmers,Michael Beasley,Eric Maynor,Jeff Green,Kevin Durant,Nenad Krstic,Serge Ibaka,4,4:40,OKC,turnover,,,,,,,,,,Serge Ibaka,,,bad pass,,,,,
Dorell Wright,Dwyane Wade,Jermaine O'Neal,Mario Chalmers,Michael Beasley,Eric Maynor,Jeff Green,Kevin Durant,Nenad Krstic,Serge Ibaka,4,4:30,MIA,shot,,,,,,,,,,Mario Chalmers,,,,missed,,jump,34,13
Dorell Wright,Dwyane Wade,Jermaine O'Neal,Mario Chalmers,Michael Beasley,Eric Maynor,Jeff Green,Kevin Durant,Nenad Krstic,Serge Ibaka,4,4:27,MIA,rebound,,,,,,,,,,Jermaine O'Neal,,,,,,off,,
Dorell Wright,Dwyane Wade,Jermaine O'Neal,Mario Chalmers,Michael Beasley,Eric Maynor,Jeff Green,Kevin Durant,Nenad Krstic,Serge Ibaka,4,4:27,MIA,shot,,,,,,,,,,Jermaine O'Neal,,,,missed,,putback dunk,25,6
Dorell Wright,Dwyane Wade,Jermaine O'Neal,Mario Chalmers,Michael Beasley,Eric Maynor,Jeff Green,Kevin Durant,Nenad Krstic,Serge Ibaka,4,4:26,OKC,rebound,,,,,,,,,,Serge Ibaka,,,,,,def,,
Dorell Wright,Dwyane Wade,Jermaine O'Neal,Mario Chalmers,Michael Beasley,Eric Maynor,Jeff Green,Kevin Durant,Nenad Krstic,Serge Ibaka,4,4:04,OKC,shot,,,,,,,,,,Eric Maynor,,,,missed,,3pt,25,30
Dorell Wright,Dwyane Wade,Jermaine O'Neal,Mario Chalmers,Michael Beasley,Eric Maynor,Jeff Green,Kevin Durant,Nenad Krstic,Serge Ibaka,4,4:01,OKC,rebound,,,,,,,,,,Jeff Green,,,,,,off,,
Dorell Wright,Dwyane Wade,Jermaine O'Neal,Mario Chalmers,Michael Beasley,Eric Maynor,Jeff Green,Kevin Durant,Nenad Krstic,Serge Ibaka,4,4:01,OKC,shot,,,,,,,,,,Jeff Green,2,,,made,,tip,25,6
Dorell Wright,Dwyane Wade,Jermaine O'Neal,Mario Chalmers,Michael Beasley,Eric Maynor,Jeff Green,Kevin Durant,Nenad Krstic,Serge Ibaka,4,3:59,MIA,timeout,,,,,,,,,,,,,,,,regular,,
Daequan Cook,Dorell Wright,Dwyane Wade,Mario Chalmers,Michael Beasley,Eric Maynor,Jeff Green,Kevin Durant,Nenad Krstic,Serge Ibaka,4,3:59,MIA,sub,,,,Daequan Cook,,Jermaine O'Neal,,,,,,,,,,,,
Daequan Cook,Dorell Wright,Joel Anthony,Mario Chalmers,Michael Beasley,Eric Maynor,Jeff Green,Kevin Durant,Nenad Krstic,Serge Ibaka,4,3:59,MIA,sub,,,,Joel Anthony,,Dwyane Wade,,,,,,,,,,,,
Daequan Cook,Dorell Wright,Joel Anthony,Mario Chalmers,Michael Beasley,Eric Maynor,James Harden,Jeff Green,Nenad Krstic,Serge Ibaka,4,3:59,OKC,sub,,,,James Harden,,Kevin Durant,,,,,,,,,,,,
Daequan Cook,Dorell Wright,Joel Anthony,Mario Chalmers,Michael Beasley,Eric Maynor,James Harden,Jeff Green,Nenad Krstic,Serge Ibaka,4,3:44,MIA,shot,Mario Chalmers,,,,,,,,,Daequan Cook,2,,,made,,floating jump,26,11
Daequan Cook,Dorell Wright,Joel Anthony,Mario Chalmers,Michael Beasley,Eric Maynor,James Harden,Jeff Green,Nenad Krstic,Serge Ibaka,4,3:44,OKC,foul,,,,,,,,Daequan Cook,,James Harden,,,,,,shooting,,
Daequan Cook,Dorell Wright,Joel Anthony,Mario Chalmers,Michael Beasley,Eric Maynor,James Harden,Jeff Green,Nenad Krstic,Serge Ibaka,4,3:44,MIA,free throw,,,,,,,1,,1,Daequan Cook,,,foul,missed,,,,
Daequan Cook,Dorell Wright,Joel Anthony,Mario Chalmers,Michael Beasley,Eric Maynor,James Harden,Jeff Green,Nenad Krstic,Serge Ibaka,4,3:43,OKC,rebound,,,,,,,,,,Nenad Krstic,,,,,,def,,
Daequan Cook,Dorell Wright,Joel Anthony,Mario Chalmers,Michael Beasley,Eric Maynor,James Harden,Jeff Green,Nenad Krstic,Serge Ibaka,4,3:30,OKC,turnover,,,,,,,,,,Jeff Green,,,traveling,,,,,
Daequan Cook,Dorell Wright,Joel Anthony,Mario Chalmers,Michael Beasley,Eric Maynor,James Harden,Jeff Green,Nenad Krstic,Serge Ibaka,4,3:17,MIA,shot,Michael Beasley,,,,,,,,,Dorell Wright,2,,,made,,jump,25,21
Daequan Cook,Dorell Wright,Joel Anthony,Mario Chalmers,Michael Beasley,Eric Maynor,James Harden,Jeff Green,Nenad Krstic,Serge Ibaka,4,2:58,OKC,turnover,,,,,,,,,,Serge Ibaka,,,lost ball,,Michael Beasley,,,
Daequan Cook,Dorell Wright,Joel Anthony,Mario Chalmers,Michael Beasley,Eric Maynor,James Harden,Jeff Green,Nenad Krstic,Serge Ibaka,4,2:46,MIA,shot,,,,,,,,,,Dorell Wright,,,,missed,,3pt,2,8
Daequan Cook,Dorell Wright,Joel Anthony,Mario Chalmers,Michael Beasley,Eric Maynor,James Harden,Jeff Green,Nenad Krstic,Serge Ibaka,4,2:44,OKC,rebound,,,,,,,,,,Serge Ibaka,,,,,,def,,
Daequan Cook,Dorell Wright,Joel Anthony,Mario Chalmers,Michael Beasley,Eric Maynor,James Harden,Jeff Green,Nenad Krstic,Serge Ibaka,4,2:30,OKC,shot,,,,,,,,,,Nenad Krstic,,,,missed,,jump,32,24
Daequan Cook,Dorell Wright,Joel Anthony,Mario Chalmers,Michael Beasley,Eric Maynor,James Harden,Jeff Green,Nenad Krstic,Serge Ibaka,4,2:27,MIA,rebound,,,,,,,,,,Daequan Cook,,,,,,def,,
Daequan Cook,Dorell Wright,Joel Anthony,Mario Chalmers,Michael Beasley,Eric Maynor,James Harden,Jeff Green,Nenad Krstic,Serge Ibaka,4,2:19,MIA,shot,Mario Chalmers,,,,,,,,,Michael Beasley,2,,,made,,dunk,25,6
Daequan Cook,Dorell Wright,Joel Anthony,Mario Chalmers,Michael Beasley,Eric Maynor,James Harden,Jeff Green,Nenad Krstic,Serge Ibaka,4,2:00,OKC,shot,,,Mario Chalmers,,,,,,,Nenad Krstic,,,,missed,,layup,25,6
Daequan Cook,Dorell Wright,Joel Anthony,Mario Chalmers,Michael Beasley,Eric Maynor,James Harden,Jeff Green,Nenad Krstic,Serge Ibaka,4,1:58,MIA,rebound,,,,,,,,,,Dorell Wright,,,,,,def,,
Daequan Cook,Dorell Wright,Joel Anthony,Mario Chalmers,Michael Beasley,B.J. Mullens,Eric Maynor,James Harden,Jeff Green,Serge Ibaka,4,1:56,OKC,sub,,,,B.J. Mullens,,Nenad Krstic,,,,,,,,,,,,
Daequan Cook,Dorell Wright,Joel Anthony,Mario Chalmers,Michael Beasley,B.J. Mullens,Eric Maynor,James Harden,Jeff Green,Serge Ibaka,4,1:48,MIA,shot,,,,,,,,,,Daequan Cook,,,,missed,,jump,27,21
Daequan Cook,Dorell Wright,Joel Anthony,Mario Chalmers,Michael Beasley,B.J. Mullens,Eric Maynor,James Harden,Jeff Green,Serge Ibaka,4,1:45,OKC,rebound,,,,,,,,,,B.J. Mullens,,,,,,def,,
Daequan Cook,Dorell Wright,Joel Anthony,Mario Chalmers,Michael Beasley,B.J. Mullens,Eric Maynor,James Harden,Jeff Green,Serge Ibaka,4,1:27,MIA,foul,,,,,,,,James Harden,,Daequan Cook,,,,,,shooting,,
Daequan Cook,Dorell Wright,Joel Anthony,Mario Chalmers,Michael Beasley,B.J. Mullens,Eric Maynor,James Harden,Jeff Green,Serge Ibaka,4,1:27,OKC,free throw,,,,,,,1,,2,James Harden,,,foul,made,,,,
Daequan Cook,Dorell Wright,Joel Anthony,Mario Chalmers,Michael Beasley,B.J. Mullens,Eric Maynor,James Harden,Jeff Green,Serge Ibaka,4,1:27,OKC,free throw,,,,,,,2,,2,James Harden,,,foul,made,,,,
Daequan Cook,Dorell Wright,Joel Anthony,Mario Chalmers,Michael Beasley,B.J. Mullens,Eric Maynor,James Harden,Jeff Green,Serge Ibaka,4,1:14,MIA,shot,,,,,,,,,,Daequan Cook,,,,missed,,jump,40,10
Daequan Cook,Dorell Wright,Joel Anthony,Mario Chalmers,Michael Beasley,B.J. Mullens,Eric Maynor,James Harden,Jeff Green,Serge Ibaka,4,1:13,OKC,rebound,,,,,,,,,,B.J. Mullens,,,,,,def,,
Daequan Cook,Dorell Wright,Joel Anthony,Mario Chalmers,Michael Beasley,B.J. Mullens,Eric Maynor,James Harden,Jeff Green,Serge Ibaka,4,1:01,OKC,shot,,,,,,,,,,Eric Maynor,2,,,made,,floating jump,20,11
Daequan Cook,Dorell Wright,Joel Anthony,Mario Chalmers,Michael Beasley,B.J. Mullens,Eric Maynor,James Harden,Jeff Green,Serge Ibaka,4,0:44,MIA,shot,,,,,,,,,,Michael Beasley,,,,missed,,running jump,24,11
Daequan Cook,Dorell Wright,Joel Anthony,Mario Chalmers,Michael Beasley,B.J. Mullens,Eric Maynor,James Harden,Jeff Green,Serge Ibaka,4,0:40,OKC,rebound,,,,,,,,,,Jeff Green,,,,,,def,,
Daequan Cook,Dorell Wright,Joel Anthony,Mario Chalmers,Michael Beasley,B.J. Mullens,Eric Maynor,James Harden,Jeff Green,Serge Ibaka,4,0:25,OKC,shot,,,,,,,,,,B.J. Mullens,,,,missed,,jump,37,21
Daequan Cook,Dorell Wright,Joel Anthony,Mario Chalmers,Michael Beasley,B.J. Mullens,Eric Maynor,James Harden,Jeff Green,Serge Ibaka,4,0:24,MIA,rebound,,,,,,,,,,Daequan Cook,,,,,,def,,
Daequan Cook,Dorell Wright,Joel Anthony,Mario Chalmers,Michael Beasley,B.J. Mullens,Eric Maynor,James Harden,Jeff Green,Serge Ibaka,4,0:03,MIA,shot,,,,,,,,,,Mario Chalmers,,,,missed,,jump,11,17
Daequan Cook,Dorell Wright,Joel Anthony,Mario Chalmers,Michael Beasley,B.J. Mullens,Eric Maynor,James Harden,Jeff Green,Serge Ibaka,4,0:01,OKC,rebound,,,,,,,,,,James Harden,,,,,,def,,
