a1,a2,a3,a4,a5,h1,h2,h3,h4,h5,period,time,team,etype,assist,away,block,entered,home,left,num,opponent,outof,player,points,possession,reason,result,steal,type,x,y
Brandon Rush,Danny Granger,Earl Watson,T.J. Ford,Troy Murphy,Andre Miller,Brandon Roy,LaMarcus Aldridge,Marcus Camby,Nicolas Batum,1,12:00,OFF,jump ball,,Danny Granger,,,Marcus Camby,,,,,,,Nicolas Batum,,,,,,
Brandon Rush,Danny Granger,Earl Watson,T.J. Ford,Troy Murphy,Andre Miller,Brandon Roy,LaMarcus Aldridge,Marcus Camby,Nicolas Batum,1,11:37,POR,shot,Marcus Camby,,,,,,,,,LaMarcus Aldridge,2,,,made,,jump,8,11
Brandon Rush,Danny Granger,Earl Watson,T.J. Ford,Troy Murphy,Andre Miller,Brandon Roy,LaMarcus Aldridge,Marcus Camby,Nicolas Batum,1,11:16,IND,shot,,,,,,,,,,Brandon Rush,,,,missed,,fade away jumper,18,18
Brandon Rush,Danny Granger,Earl Watson,T.J. Ford,Troy Murphy,Andre Miller,Brandon Roy,LaMarcus Aldridge,Marcus Camby,Nicolas Batum,1,11:15,POR,rebound,,,,,,,,,,Marcus Camby,,,,,,def,,
Brandon Rush,Danny Granger,Earl Watson,T.J. Ford,Troy Murphy,Andre Miller,Brandon Roy,LaMarcus Aldridge,Marcus Camby,Nicolas Batum,1,10:57,POR,shot,,,,,,,,,,Brandon Roy,,,,missed,,layup,25,6
Brandon Rush,Danny Granger,Earl Watson,T.J. Ford,Troy Murphy,Andre Miller,Brandon Roy,LaMarcus Aldridge,Marcus Camby,Nicolas Batum,1,10:56,IND,rebound,,,,,,,,,,Brandon Rush,,,,,,def,,
Brandon Rush,Danny Granger,Earl Watson,T.J. Ford,Troy Murphy,Andre Miller,Brandon Roy,LaMarcus Aldridge,Marcus Camby,Nicolas Batum,1,10:46,IND,shot,Brandon Rush,,,,,,,,,Troy Murphy,3,,,made,,3pt,12,27
Brandon Rush,Danny Granger,Earl Watson,T.J. Ford,Troy Murphy,Andre Miller,Brandon Roy,LaMarcus Aldridge,Marcus Camby,Nicolas Batum,1,10:24,POR,shot,Andre Miller,,,,,,,,,LaMarcus Aldridge,2,,,made,,turnaround jump,11,16
Brandon Rush,Danny Granger,Earl Watson,T.J. Ford,Troy Murphy,Andre Miller,Brandon Roy,LaMarcus Aldridge,Marcus Camby,Nicolas Batum,1,10:07,IND,shot,,,,,,,,,,Danny Granger,2,,,made,,driving layup,25,6
Brandon Rush,Danny Granger,Earl Watson,T.J. Ford,Troy Murphy,Andre Miller,Brandon Roy,LaMarcus Aldridge,Marcus Camby,Nicolas Batum,1,10:07,POR,foul,,,,,,,,Danny Granger,,Andre Miller,,,,,,shooting,,
Brandon Rush,Danny Granger,Earl Watson,T.J. Ford,Troy Murphy,Andre Miller,Brandon Roy,LaMarcus Aldridge,Marcus Camby,Nicolas Batum,1,10:07,IND,free throw,,,,,,,1,,1,Danny Granger,,,foul,made,,,,
Brandon Rush,Danny Granger,Earl Watson,T.J. Ford,Troy Murphy,Andre Miller,Brandon Roy,LaMarcus Aldridge,Marcus Camby,Nicolas Batum,1,9:55,IND,foul,,,,,,,,Nicolas Batum,,Earl Watson,,,,,,personal,,
Brandon Rush,Danny Granger,Earl Watson,T.J. Ford,Troy Murphy,Andre Miller,Brandon Roy,LaMarcus Aldridge,Marcus Camby,Nicolas Batum,1,9:47,POR,shot,,,,,,,,,,Andre Miller,,,,missed,,pullup jump,17,25
Brandon Rush,Danny Granger,Earl Watson,T.J. Ford,Troy Murphy,Andre Miller,Brandon Roy,LaMarcus Aldridge,Marcus Camby,Nicolas Batum,1,9:46,IND,rebound,,,,,,,,,,Brandon Rush,,,,,,def,,
Brandon Rush,Danny Granger,Earl Watson,T.J. Ford,Troy Murphy,Andre Miller,Brandon Roy,LaMarcus Aldridge,Marcus Camby,Nicolas Batum,1,9:35,IND,turnover,,,,,,,,,,Troy Murphy,,,bad pass,,,,,
Brandon Rush,Danny Granger,Earl Watson,T.J. Ford,Troy Murphy,Andre Miller,Brandon Roy,LaMarcus Aldridge,Marcus Camby,Nicolas Batum,1,9:24,POR,turnover,,,,,,,,,,Marcus Camby,,,bad pass,,T.J. Ford,,,
Brandon Rush,Danny Granger,Earl Watson,T.J. Ford,Troy Murphy,Andre Miller,Brandon Roy,LaMarcus Aldridge,Marcus Camby,Nicolas Batum,1,9:18,IND,shot,,,,,,,,,,Troy Murphy,,,,missed,,3pt,16,29
Brandon Rush,Danny Granger,Earl Watson,T.J. Ford,Troy Murphy,Andre Miller,Brandon Roy,LaMarcus Aldridge,Marcus Camby,Nicolas Batum,1,9:17,IND,rebound,,,,,,,,,,Danny Granger,,,,,,off,,
Brandon Rush,Danny Granger,Earl Watson,T.J. Ford,Troy Murphy,Andre Miller,Brandon Roy,LaMarcus Aldridge,Marcus Camby,Nicolas Batum,1,9:15,IND,shot,,,,,,,,,,Danny Granger,2,,,made,,layup,25,6
Brandon Rush,Danny Granger,Earl Watson,T.J. Ford,Troy Murphy,Andre Miller,Brandon Roy,LaMarcus Aldridge,Marcus Camby,Nicolas Batum,1,9:12,POR,turnover,,,,,,,,,,Marcus Camby,,,bad pass,,,,,
Brandon Rush,Danny Granger,Earl Watson,T.J. Ford,Troy Murphy,Andre Miller,Brandon Roy,LaMarcus Aldridge,Marcus Camby,Nicolas Batum,1,8:59,IND,turnover,,,,,,,,,,T.J. Ford,,,bad pass,,,,,
Brandon Rush,Danny Granger,Earl Watson,T.J. Ford,Troy Murphy,Andre Miller,Brandon Roy,LaMarcus Aldridge,Marcus Camby,Nicolas Batum,1,8:44,POR,shot,,,,,,,,,,Nicolas Batum,,,,missed,,3pt,18,30
Brandon Rush,Danny Granger,Earl Watson,T.J. Ford,Troy Murphy,Andre Miller,Brandon Roy,LaMarcus Aldridge,Marcus Camby,Nicolas Batum,1,8:43,IND,rebound,,,,,,,,,,Troy Murphy,,,,,,def,,
Brandon Rush,Danny Granger,Earl Watson,T.J. Ford,Troy Murphy,Andre Miller,Brandon Roy,LaMarcus Aldridge,Marcus Camby,Nicolas Batum,1,8:36,IND,shot,,,,,,,,,,Danny Granger,3,,,made,,3pt,23,31
Brandon Rush,Danny Granger,Earl Watson,T.J. Ford,Troy Murphy,Andre Miller,Brandon Roy,LaMarcus Aldridge,Marcus Camby,Nicolas Batum,1,8:26,POR,shot,,,,,,,,,,Brandon Roy,,,,missed,,3pt,42,22
Brandon Rush,Danny Granger,Earl Watson,T.J. Ford,Troy Murphy,Andre Miller,Brandon Roy,LaMarcus Aldridge,Marcus Camby,Nicolas Batum,1,8:24,POR,rebound,,,,,,,,,,Nicolas Batum,,,,,,off,,
Brandon Rush,Danny Granger,Earl Watson,T.J. Ford,Troy Murphy,Andre Miller,Brandon Roy,LaMarcus Aldridge,Marcus Camby,Nicolas Batum,1,8:21,POR,shot,Nicolas Batum,,,,,,,,,LaMarcus Aldridge,2,,,made,,jump,43,7
Brandon Rush,Danny Granger,Earl Watson,T.J. Ford,Troy Murphy,Andre Miller,Brandon Roy,LaMarcus Aldridge,Marcus Camby,Nicolas Batum,1,7:57,IND,shot,Troy Murphy,,,,,,,,,Brandon Rush,3,,,made,,3pt,6,21
Brandon Rush,Danny Granger,Earl Watson,T.J. Ford,Troy Murphy,Andre Miller,Brandon Roy,LaMarcus Aldridge,Marcus Camby,Nicolas Batum,1,7:32,POR,shot,Andre Miller,,,,,,,,,Brandon Roy,2,,,made,,layup,25,6
Brandon Rush,Danny Granger,Earl Watson,T.J. Ford,Troy Murphy,Andre Miller,Brandon Roy,LaMarcus Aldridge,Marcus Camby,Nicolas Batum,1,7:32,IND,foul,,,,,,,,Brandon Roy,,Earl Watson,,,,,,shooting,,
Brandon Rush,Danny Granger,Earl Watson,T.J. Ford,Troy Murphy,Andre Miller,Brandon Roy,LaMarcus Aldridge,Marcus Camby,Nicolas Batum,1,7:32,POR,free throw,,,,,,,1,,1,Brandon Roy,,,foul,made,,,,
Brandon Rush,Danny Granger,Earl Watson,T.J. Ford,Troy Murphy,Andre Miller,Brandon Roy,LaMarcus Aldridge,Marcus Camby,Nicolas Batum,1,7:14,IND,shot,,,,,,,,,,Danny Granger,2,,,made,,driving layup,25,6
Brandon Rush,Danny Granger,Earl Watson,T.J. Ford,Troy Murphy,Andre Miller,Brandon Roy,LaMarcus Aldridge,Marcus Camby,Nicolas Batum,1,6:59,POR,shot,,,,,,,,,,Nicolas Batum,,,,missed,,jump,44,18
Brandon Rush,Danny Granger,Earl Watson,T.J. Ford,Troy Murphy,Andre Miller,Brandon Roy,LaMarcus Aldridge,Marcus Camby,Nicolas Batum,1,6:58,IND,rebound,,,,,,,,,,Earl Watson,,,,,,def,,
Brandon Rush,Danny Granger,Earl Watson,T.J. Ford,Troy Murphy,Andre Miller,Brandon Roy,LaMarcus Aldridge,Marcus Camby,Nicolas Batum,1,6:58,POR,foul,,,,,,,,Earl Watson,,Nicolas Batum,,,,,,personal,,
Brandon Rush,Danny Granger,Earl Watson,T.J. Ford,Troy Murphy,Andre Miller,Brandon Roy,LaMarcus Aldridge,Marcus Camby,Nicolas Batum,1,6:46,IND,shot,,,,,,,,,,Danny Granger,,,,missed,,3pt,27,32
Brandon Rush,Danny Granger,Earl Watson,T.J. Ford,Troy Murphy,Andre Miller,Brandon Roy,LaMarcus Aldridge,Marcus Camby,Nicolas Batum,1,6:45,POR,rebound,,,,,,,,,,Marcus Camby,,,,,,def,,
Brandon Rush,Danny Granger,Earl Watson,T.J. Ford,Troy Murphy,Andre Miller,Brandon Roy,LaMarcus Aldridge,Marcus Camby,Nicolas Batum,1,6:38,POR,shot,,,,,,,,,,Andre Miller,2,,,made,,driving layup,25,6
Brandon Rush,Danny Granger,Earl Watson,T.J. Ford,Troy Murphy,Andre Miller,Brandon Roy,LaMarcus Aldridge,Marcus Camby,Nicolas Batum,1,6:21,IND,shot,,,,,,,,,,Brandon Rush,,,,missed,,3pt,48,15
Brandon Rush,Danny Granger,Earl Watson,T.J. Ford,Troy Murphy,Andre Miller,Brandon Roy,LaMarcus Aldridge,Marcus Camby,Nicolas Batum,1,6:21,POR,rebound,,,,,,,,,,LaMarcus Aldridge,,,,,,def,,
Brandon Rush,Danny Granger,Earl Watson,T.J. Ford,Troy Murphy,Andre Miller,Brandon Roy,LaMarcus Aldridge,Marcus Camby,Nicolas Batum,1,6:09,POR,turnover,,,,,,,,,,Andre Miller,,,lost ball,,T.J. Ford,,,
Brandon Rush,Danny Granger,Earl Watson,T.J. Ford,Troy Murphy,Andre Miller,Brandon Roy,LaMarcus Aldridge,Marcus Camby,Nicolas Batum,1,5:52,IND,shot,,,,,,,,,,T.J. Ford,2,,,made,,driving reverse layup,25,6
Brandon Rush,Danny Granger,Earl Watson,T.J. Ford,Troy Murphy,Andre Miller,Brandon Roy,LaMarcus Aldridge,Marcus Camby,Nicolas Batum,1,5:45,POR,timeout,,,,,,,,,,,,,,,,regular,,
Brandon Rush,Danny Granger,Earl Watson,T.J. Ford,Troy Murphy,Andre Miller,Brandon Roy,LaMarcus Aldridge,Marcus Camby,Nicolas Batum,1,5:33,POR,shot,,,,,,,,,,Nicolas Batum,,,,missed,,3pt,12,28
Brandon Rush,Danny Granger,Earl Watson,T.J. Ford,Troy Murphy,Andre Miller,Brandon Roy,LaMarcus Aldridge,Marcus Camby,Nicolas Batum,1,5:32,IND,rebound,,,,,,,,,,Brandon Rush,,,,,,def,,
Brandon Rush,Danny Granger,Earl Watson,T.J. Ford,Troy Murphy,Andre Miller,Brandon Roy,LaMarcus Aldridge,Marcus Camby,Nicolas Batum,1,5:29,IND,turnover,,,,,,,,,,Brandon Rush,,,bad pass,,Andre Miller,,,
Brandon Rush,Danny Granger,Earl Watson,T.J. Ford,Troy Murphy,Andre Miller,Brandon Roy,LaMarcus Aldridge,Marcus Camby,Nicolas Batum,1,5:28,IND,foul,,,,,,,,Andre Miller,,Brandon Rush,,,,,,shooting,,
Brandon Rush,Danny Granger,Earl Watson,T.J. Ford,Troy Murphy,Andre Miller,Brandon Roy,LaMarcus Aldridge,Marcus Camby,Nicolas Batum,1,5:28,POR,free throw,,,,,,,1,,2,Andre Miller,,,foul,made,,,,
Brandon Rush,Danny Granger,Earl Watson,T.J. Ford,Troy Murphy,Andre Miller,Brandon Roy,LaMarcus Aldridge,Marcus Camby,Rudy Fernandez,1,5:28,POR,sub,,,,Rudy Fernandez,,Nicolas Batum,,,,,,,,,,,,
Brandon Rush,Danny Granger,Earl Watson,T.J. Ford,Troy Murphy,Andre Miller,Brandon Roy,LaMarcus Aldridge,Marcus Camby,Rudy Fernandez,1,5:28,POR,free throw,,,,,,,2,,2,Andre Miller,,,foul,made,,,,
Brandon Rush,Danny Granger,Earl Watson,T.J. Ford,Troy Murphy,Andre Miller,Brandon Roy,LaMarcus Aldridge,Marcus Camby,Rudy Fernandez,1,5:12,IND,shot,,,,,,,,,,Danny Granger,,,,missed,,jump,38,8
Brandon Rush,Danny Granger,Earl Watson,T.J. Ford,Troy Murphy,Andre Miller,Brandon Roy,LaMarcus Aldridge,Marcus Camby,Rudy Fernandez,1,5:11,POR,rebound,,,,,,,,,,Andre Miller,,,,,,def,,
Brandon Rush,Danny Granger,Earl Watson,T.J. Ford,Troy Murphy,Andre Miller,Brandon Roy,LaMarcus Aldridge,Marcus Camby,Rudy Fernandez,1,5:05,POR,shot,,,,,,,,,,Andre Miller,2,,,made,,driving layup,25,6
Brandon Rush,Danny Granger,Earl Watson,T.J. Ford,Troy Murphy,Andre Miller,Brandon Roy,LaMarcus Aldridge,Marcus Camby,Rudy Fernandez,1,4:44,IND,shot,,,,,,,,,,Troy Murphy,,,,missed,,jump,4,6
Brandon Rush,Danny Granger,Earl Watson,T.J. Ford,Troy Murphy,Andre Miller,Brandon Roy,LaMarcus Aldridge,Marcus Camby,Rudy Fernandez,1,4:43,POR,rebound,,,,,,,,,,LaMarcus Aldridge,,,,,,def,,
Brandon Rush,Danny Granger,Earl Watson,T.J. Ford,Troy Murphy,Andre Miller,Brandon Roy,LaMarcus Aldridge,Marcus Camby,Rudy Fernandez,1,4:33,IND,foul,,,,,,,,Andre Miller,,Brandon Rush,,,,,,shooting,,
Brandon Rush,Danny Granger,Earl Watson,T.J. Ford,Troy Murphy,Andre Miller,Brandon Roy,LaMarcus Aldridge,Marcus Camby,Rudy Fernandez,1,4:33,POR,free throw,,,,,,,1,,2,Andre Miller,,,foul,made,,,,
Brandon Rush,Danny Granger,Earl Watson,Roy Hibbert,T.J. Ford,Andre Miller,Brandon Roy,LaMarcus Aldridge,Marcus Camby,Rudy Fernandez,1,4:33,IND,sub,,,,Roy Hibbert,,Troy Murphy,,,,,,,,,,,,
Dahntay Jones,Danny Granger,Earl Watson,Roy Hibbert,T.J. Ford,Andre Miller,Brandon Roy,LaMarcus Aldridge,Marcus Camby,Rudy Fernandez,1,4:33,IND,sub,,,,Dahntay Jones,,Brandon Rush,,,,,,,,,,,,
Dahntay Jones,Danny Granger,Earl Watson,Roy Hibbert,T.J. Ford,Andre Miller,Brandon Roy,LaMarcus Aldridge,Marcus Camby,Rudy Fernandez,1,4:33,POR,free throw,,,,,,,2,,2,Andre Miller,,,foul,made,,,,
Dahntay Jones,Danny Granger,Earl Watson,Roy Hibbert,T.J. Ford,Andre Miller,Brandon Roy,LaMarcus Aldridge,Marcus Camby,Rudy Fernandez,1,4:14,IND,turnover,,,,,,,,,,Roy Hibbert,,,lost ball,,Marcus Camby,,,
Dahntay Jones,Danny Granger,Earl Watson,Roy Hibbert,T.J. Ford,Andre Miller,Brandon Roy,LaMarcus Aldridge,Marcus Camby,Rudy Fernandez,1,4:07,POR,shot,,,,,,,,,,Rudy Fernandez,,,,missed,,3pt,18,30
Dahntay Jones,Danny Granger,Earl Watson,Roy Hibbert,T.J. Ford,Andre Miller,Brandon Roy,LaMarcus Aldridge,Marcus Camby,Rudy Fernandez,1,4:06,IND,rebound,,,,,,,,,,T.J. Ford,,,,,,def,,
Dahntay Jones,Danny Granger,Earl Watson,Roy Hibbert,T.J. Ford,Andre Miller,Brandon Roy,LaMarcus Aldridge,Marcus Camby,Rudy Fernandez,1,4:01,IND,shot,T.J. Ford,,,,,,,,,Danny Granger,2,,,made,,layup,25,6
Dahntay Jones,Danny Granger,Earl Watson,Roy Hibbert,T.J. Ford,Andre Miller,Brandon Roy,LaMarcus Aldridge,Marcus Camby,Rudy Fernandez,1,3:35,POR,shot,Rudy Fernandez,,,,,,,,,LaMarcus Aldridge,2,,,made,,jump,21,28
Dahntay Jones,Danny Granger,Earl Watson,Roy Hibbert,T.J. Ford,Andre Miller,Brandon Roy,LaMarcus Aldridge,Marcus Camby,Rudy Fernandez,1,3:20,IND,shot,,,,,,,,,,Danny Granger,,,,missed,,step back jump,9,13
Dahntay Jones,Danny Granger,Earl Watson,Roy Hibbert,T.J. Ford,Andre Miller,Brandon Roy,LaMarcus Aldridge,Marcus Camby,Rudy Fernandez,1,3:20,POR,rebound,,,,,,,,,,Andre Miller,,,,,,def,,
Dahntay Jones,Danny Granger,Earl Watson,Roy Hibbert,T.J. Ford,Andre Miller,Brandon Roy,LaMarcus Aldridge,Marcus Camby,Rudy Fernandez,1,3:16,IND,foul,,,,,,,,LaMarcus Aldridge,,T.J. Ford,,,,,,shooting,,
Dahntay Jones,Danny Granger,Earl Watson,Roy Hibbert,T.J. Ford,Brandon Roy,Jerryd Bayless,LaMarcus Aldridge,Marcus Camby,Rudy Fernandez,1,3:16,POR,sub,,,,Jerryd Bayless,,Andre Miller,,,,,,,,,,,,
Dahntay Jones,Danny Granger,Earl Watson,Roy Hibbert,T.J. Ford,Brandon Roy,Jerryd Bayless,LaMarcus Aldridge,Marcus Camby,Rudy Fernandez,1,3:16,POR,free throw,,,,,,,1,,2,LaMarcus Aldridge,,,foul,made,,,,
Dahntay Jones,Danny Granger,Luther Head,Roy Hibbert,T.J. Ford,Brandon Roy,Jerryd Bayless,LaMarcus Aldridge,Marcus Camby,Rudy Fernandez,1,3:16,IND,sub,,,,Luther Head,,Earl Watson,,,,,,,,,,,,
Dahntay Jones,Luther Head,Mike Dunleavy,Roy Hibbert,T.J. Ford,Brandon Roy,Jerryd Bayless,LaMarcus Aldridge,Marcus Camby,Rudy Fernandez,1,3:16,IND,sub,,,,Mike Dunleavy,,Danny Granger,,,,,,,,,,,,
Dahntay Jones,Luther Head,Mike Dunleavy,Roy Hibbert,T.J. Ford,Brandon Roy,Jerryd Bayless,LaMarcus Aldridge,Marcus Camby,Rudy Fernandez,1,3:16,POR,free throw,,,,,,,2,,2,LaMarcus Aldridge,,,foul,made,,,,
Dahntay Jones,Luther Head,Mike Dunleavy,Roy Hibbert,T.J. Ford,Brandon Roy,Jerryd Bayless,LaMarcus Aldridge,Marcus Camby,Rudy Fernandez,1,2:55,IND,shot,,,,,,,,,,Roy Hibbert,2,,,made,,turnaround bank hook,28,10
Dahntay Jones,Luther Head,Mike Dunleavy,Roy Hibbert,T.J. Ford,Brandon Roy,Jerryd Bayless,LaMarcus Aldridge,Marcus Camby,Rudy Fernandez,1,2:43,POR,shot,,,,,,,,,,Brandon Roy,,,,missed,,driving finger roll layup,25,6
Dahntay Jones,Luther Head,Mike Dunleavy,Roy Hibbert,T.J. Ford,Brandon Roy,Jerryd Bayless,LaMarcus Aldridge,Marcus Camby,Rudy Fernandez,1,2:42,IND,rebound,,,,,,,,,,Mike Dunleavy,,,,,,def,,
Dahntay Jones,Luther Head,Mike Dunleavy,Roy Hibbert,T.J. Ford,Brandon Roy,Jerryd Bayless,LaMarcus Aldridge,Marcus Camby,Rudy Fernandez,1,2:32,IND,turnover,,,,,,,,,,T.J. Ford,,,bad pass,,LaMarcus Aldridge,,,
Dahntay Jones,Luther Head,Mike Dunleavy,Roy Hibbert,T.J. Ford,Brandon Roy,Jerryd Bayless,LaMarcus Aldridge,Marcus Camby,Rudy Fernandez,1,2:28,POR,shot,Rudy Fernandez,,,,,,,,,Jerryd Bayless,2,,,made,,driving layup,25,6
Dahntay Jones,Luther Head,Mike Dunleavy,Roy Hibbert,T.J. Ford,Brandon Roy,Jerryd Bayless,LaMarcus Aldridge,Marcus Camby,Rudy Fernandez,1,2:19,IND,timeout,,,,,,,,,,,,,,,,regular,,
Dahntay Jones,Luther Head,Mike Dunleavy,Roy Hibbert,T.J. Ford,Brandon Roy,Dante Cunningham,Jerryd Bayless,Marcus Camby,Rudy Fernandez,1,2:19,POR,sub,,,,Dante Cunningham,,LaMarcus Aldridge,,,,,,,,,,,,
Dahntay Jones,Earl Watson,Luther Head,Mike Dunleavy,Roy Hibbert,Brandon Roy,Dante Cunningham,Jerryd Bayless,Marcus Camby,Rudy Fernandez,1,2:19,IND,sub,,,,Earl Watson,,T.J. Ford,,,,,,,,,,,,
Dahntay Jones,Earl Watson,Luther Head,Mike Dunleavy,Roy Hibbert,Brandon Roy,Dante Cunningham,Jerryd Bayless,Marcus Camby,Rudy Fernandez,1,2:14,IND,shot,,,,,,,,,,Mike Dunleavy,2,,,made,,driving layup,25,6
Dahntay Jones,Earl Watson,Luther Head,Mike Dunleavy,Roy Hibbert,Brandon Roy,Dante Cunningham,Jerryd Bayless,Marcus Camby,Rudy Fernandez,1,1:57,IND,foul,,,,,,,,Brandon Roy,,Dahntay Jones,,,,,,shooting,,
Dahntay Jones,Earl Watson,Luther Head,Mike Dunleavy,Roy Hibbert,Brandon Roy,Dante Cunningham,Jerryd Bayless,Marcus Camby,Rudy Fernandez,1,1:57,POR,free throw,,,,,,,1,,2,Brandon Roy,,,foul,made,,,,
Dahntay Jones,Earl Watson,Luther Head,Mike Dunleavy,Roy Hibbert,Brandon Roy,Dante Cunningham,Jerryd Bayless,Marcus Camby,Rudy Fernandez,1,1:57,POR,free throw,,,,,,,2,,2,Brandon Roy,,,foul,made,,,,
Dahntay Jones,Earl Watson,Luther Head,Mike Dunleavy,Roy Hibbert,Brandon Roy,Dante Cunningham,Jerryd Bayless,Marcus Camby,Rudy Fernandez,1,1:39,IND,shot,,,,,,,,,,Roy Hibbert,,,,missed,,hook,14,8
Dahntay Jones,Earl Watson,Luther Head,Mike Dunleavy,Roy Hibbert,Brandon Roy,Dante Cunningham,Jerryd Bayless,Marcus Camby,Rudy Fernandez,1,1:38,POR,rebound,,,,,,,,,,Dante Cunningham,,,,,,def,,
Dahntay Jones,Earl Watson,Luther Head,Mike Dunleavy,Roy Hibbert,Brandon Roy,Dante Cunningham,Jerryd Bayless,Marcus Camby,Rudy Fernandez,1,1:26,IND,foul,,,,,,,,Brandon Roy,,Mike Dunleavy,,,,,,personal,,
Dahntay Jones,Earl Watson,Luther Head,Mike Dunleavy,Roy Hibbert,Brandon Roy,Dante Cunningham,Jerryd Bayless,Marcus Camby,Rudy Fernandez,1,1:26,POR,free throw,,,,,,,1,,2,Brandon Roy,,,foul,made,,,,
Dahntay Jones,Earl Watson,Luther Head,Mike Dunleavy,Roy Hibbert,Brandon Roy,Dante Cunningham,Jerryd Bayless,Marcus Camby,Rudy Fernandez,1,1:26,POR,free throw,,,,,,,2,,2,Brandon Roy,,,foul,made,,,,
Dahntay Jones,Earl Watson,Luther Head,Mike Dunleavy,Roy Hibbert,Brandon Roy,Dante Cunningham,Jerryd Bayless,Marcus Camby,Rudy Fernandez,1,1:07,IND,shot,,,,,,,,,,Dahntay Jones,2,,,made,,jump,36,24
Dahntay Jones,Earl Watson,Luther Head,Mike Dunleavy,Roy Hibbert,Brandon Roy,Dante Cunningham,Jerryd Bayless,Marcus Camby,Rudy Fernandez,1,1:07,POR,foul,,,,,,,,Dahntay Jones,,Brandon Roy,,,,,,shooting,,
Dahntay Jones,Earl Watson,Luther Head,Mike Dunleavy,Roy Hibbert,Brandon Roy,Dante Cunningham,Jerryd Bayless,Marcus Camby,Rudy Fernandez,1,1:07,IND,free throw,,,,,,,1,,1,Dahntay Jones,,,foul,missed,,,,
Dahntay Jones,Earl Watson,Luther Head,Mike Dunleavy,Roy Hibbert,Brandon Roy,Dante Cunningham,Jerryd Bayless,Marcus Camby,Rudy Fernandez,1,1:06,POR,rebound,,,,,,,,,,Marcus Camby,,,,,,def,,
Dahntay Jones,Earl Watson,Luther Head,Mike Dunleavy,Roy Hibbert,Brandon Roy,Dante Cunningham,Jerryd Bayless,Marcus Camby,Rudy Fernandez,1,0:46,POR,shot,,,,,,,,,,Jerryd Bayless,2,,,made,,jump,24,28
Dahntay Jones,Earl Watson,Luther Head,Mike Dunleavy,Roy Hibbert,Brandon Roy,Dante Cunningham,Jerryd Bayless,Marcus Camby,Rudy Fernandez,1,0:33,IND,shot,,,,,,,,,,Mike Dunleavy,,,,missed,,jump,11,22
Dahntay Jones,Earl Watson,Luther Head,Mike Dunleavy,Roy Hibbert,Brandon Roy,Dante Cunningham,Jerryd Bayless,Marcus Camby,Rudy Fernandez,1,0:32,POR,rebound,,,,,,,,,,Brandon Roy,,,,,,def,,
Dahntay Jones,Earl Watson,Luther Head,Mike Dunleavy,Roy Hibbert,Brandon Roy,Dante Cunningham,Jerryd Bayless,Marcus Camby,Rudy Fernandez,1,0:17,POR,shot,,,,,,,,,,Rudy Fernandez,3,,,made,,3pt,21,31
Danny Granger,Earl Watson,Luther Head,Mike Dunleavy,Troy Murphy,Brandon Roy,Dante Cunningham,Jerryd Bayless,Juwan Howard,Rudy Fernandez,2,11:40,IND,shot,,,,,,,,,,Luther Head,,,,missed,,jump,6,16
Danny Granger,Earl Watson,Luther Head,Mike Dunleavy,Troy Murphy,Brandon Roy,Dante Cunningham,Jerryd Bayless,Juwan Howard,Rudy Fernandez,2,11:40,IND,rebound,,,,,,,,,,,,,,,,,,
Danny Granger,Earl Watson,Luther Head,Mike Dunleavy,Troy Murphy,Brandon Roy,Dante Cunningham,Jerryd Bayless,Juwan Howard,Rudy Fernandez,2,11:40,POR,foul,,,,,,,,Mike Dunleavy,,Brandon Roy,,,,,,loose ball,,
Danny Granger,Earl Watson,Luther Head,Mike Dunleavy,Troy Murphy,Dante Cunningham,Jerryd Bayless,Juwan Howard,Martell Webster,Rudy Fernandez,2,11:40,POR,sub,,,,Martell Webster,,Brandon Roy,,,,,,,,,,,,
Danny Granger,Earl Watson,Luther Head,Mike Dunleavy,Troy Murphy,Dante Cunningham,Jerryd Bayless,Juwan Howard,Martell Webster,Rudy Fernandez,2,11:29,IND,turnover,,,,,,,,,,Mike Dunleavy,,,bad pass,,Dante Cunningham,,,
Danny Granger,Earl Watson,Luther Head,Mike Dunleavy,Troy Murphy,Dante Cunningham,Jerryd Bayless,Juwan Howard,Martell Webster,Rudy Fernandez,2,11:22,POR,shot,Jerryd Bayless,,,,,,,,,Rudy Fernandez,3,,,made,,3pt,48,7
Danny Granger,Earl Watson,Luther Head,Mike Dunleavy,Troy Murphy,Dante Cunningham,Jerryd Bayless,Juwan Howard,Martell Webster,Rudy Fernandez,2,11:08,IND,turnover,,,,,,,,,,Earl Watson,,,traveling,,,,,
Danny Granger,Earl Watson,Luther Head,Mike Dunleavy,Troy Murphy,Dante Cunningham,Jerryd Bayless,Juwan Howard,Martell Webster,Rudy Fernandez,2,10:43,POR,shot,,,,,,,,,,Rudy Fernandez,,,,missed,,3pt,2,6
Danny Granger,Earl Watson,Luther Head,Mike Dunleavy,Troy Murphy,Dante Cunningham,Jerryd Bayless,Juwan Howard,Martell Webster,Rudy Fernandez,2,10:43,POR,rebound,,,,,,,,,,,,,,,,,,
Danny Granger,Earl Watson,Luther Head,Mike Dunleavy,Troy Murphy,Dante Cunningham,Jerryd Bayless,Juwan Howard,Martell Webster,Rudy Fernandez,2,10:43,POR,turnover,,,,,,,,,,,,,shot clock turnover,,,,,
Dahntay Jones,Danny Granger,Earl Watson,Luther Head,Troy Murphy,Dante Cunningham,Jerryd Bayless,Juwan Howard,Martell Webster,Rudy Fernandez,2,10:43,IND,sub,,,,Dahntay Jones,,Mike Dunleavy,,,,,,,,,,,,
Dahntay Jones,Danny Granger,Luther Head,T.J. Ford,Troy Murphy,Dante Cunningham,Jerryd Bayless,Juwan Howard,Martell Webster,Rudy Fernandez,2,10:43,IND,sub,,,,T.J. Ford,,Earl Watson,,,,,,,,,,,,
Dahntay Jones,Danny Granger,Luther Head,T.J. Ford,Troy Murphy,Dante Cunningham,Jerryd Bayless,Juwan Howard,Martell Webster,Rudy Fernandez,2,10:23,POR,foul,,,,,,,,Troy Murphy,,Dante Cunningham,,,,,,shooting,,
Dahntay Jones,Danny Granger,Luther Head,T.J. Ford,Troy Murphy,Dante Cunningham,Jerryd Bayless,Juwan Howard,Martell Webster,Rudy Fernandez,2,10:23,IND,free throw,,,,,,,1,,2,Troy Murphy,,,foul,missed,,,,
Dahntay Jones,Danny Granger,Luther Head,T.J. Ford,Troy Murphy,Dante Cunningham,Jerryd Bayless,Juwan Howard,Martell Webster,Rudy Fernandez,2,10:23,IND,rebound,,,,,,,,,,,,,,,,,,
Dahntay Jones,Danny Granger,Luther Head,T.J. Ford,Troy Murphy,Dante Cunningham,Jerryd Bayless,Juwan Howard,Martell Webster,Rudy Fernandez,2,10:23,IND,free throw,,,,,,,2,,2,Troy Murphy,,,foul,made,,,,
Dahntay Jones,Danny Granger,Luther Head,T.J. Ford,Troy Murphy,Dante Cunningham,Jerryd Bayless,Juwan Howard,Martell Webster,Rudy Fernandez,2,10:09,POR,shot,,,,,,,,,,Martell Webster,,,,missed,,jump,20,28
Dahntay Jones,Danny Granger,Luther Head,T.J. Ford,Troy Murphy,Dante Cunningham,Jerryd Bayless,Juwan Howard,Martell Webster,Rudy Fernandez,2,10:07,IND,rebound,,,,,,,,,,Danny Granger,,,,,,def,,
Dahntay Jones,Danny Granger,Luther Head,T.J. Ford,Troy Murphy,Dante Cunningham,Jerryd Bayless,Juwan Howard,Martell Webster,Rudy Fernandez,2,10:00,IND,turnover,,,,,,,,,,Dahntay Jones,,,bad pass,,Juwan Howard,,,
Dahntay Jones,Danny Granger,Luther Head,T.J. Ford,Troy Murphy,Dante Cunningham,Jerryd Bayless,Juwan Howard,Martell Webster,Rudy Fernandez,2,9:55,POR,shot,Martell Webster,,,,,,,,,Jerryd Bayless,2,,,made,,driving layup,25,6
Dahntay Jones,Danny Granger,Luther Head,T.J. Ford,Troy Murphy,Dante Cunningham,Jerryd Bayless,Juwan Howard,Martell Webster,Rudy Fernandez,2,9:44,IND,turnover,,,,,,,,,,Dahntay Jones,,,lost ball,,Dante Cunningham,,,
Dahntay Jones,Danny Granger,Luther Head,T.J. Ford,Troy Murphy,Dante Cunningham,Jerryd Bayless,Juwan Howard,Martell Webster,Rudy Fernandez,2,9:36,POR,shot,Jerryd Bayless,,,,,,,,,Juwan Howard,2,,,made,,turnaround jump,33,16
Dahntay Jones,Danny Granger,Luther Head,T.J. Ford,Troy Murphy,Dante Cunningham,Jerryd Bayless,Juwan Howard,Martell Webster,Rudy Fernandez,2,9:29,IND,timeout,,,,,,,,,,,,,,,,regular,,
Brandon Rush,Dahntay Jones,Danny Granger,T.J. Ford,Troy Murphy,Dante Cunningham,Jerryd Bayless,Juwan Howard,Martell Webster,Rudy Fernandez,2,9:29,IND,sub,,,,Brandon Rush,,Luther Head,,,,,,,,,,,,
Brandon Rush,Danny Granger,Earl Watson,T.J. Ford,Troy Murphy,Dante Cunningham,Jerryd Bayless,Juwan Howard,Martell Webster,Rudy Fernandez,2,9:29,IND,sub,,,,Earl Watson,,Dahntay Jones,,,,,,,,,,,,
Brandon Rush,Danny Granger,Earl Watson,T.J. Ford,Troy Murphy,Dante Cunningham,Jerryd Bayless,Juwan Howard,Martell Webster,Rudy Fernandez,2,9:28,POR,foul,,,,,,,,Danny Granger,,Juwan Howard,,,,,,personal,,
Brandon Rush,Danny Granger,Earl Watson,T.J. Ford,Troy Murphy,Dante Cunningham,Jerryd Bayless,Juwan Howard,Martell Webster,Rudy Fernandez,2,9:13,IND,shot,,,,,,,,,,T.J. Ford,,,,missed,,driving layup,25,6
Brandon Rush,Danny Granger,Earl Watson,T.J. Ford,Troy Murphy,Dante Cunningham,Jerryd Bayless,Juwan Howard,Martell Webster,Rudy Fernandez,2,9:13,IND,jump ball,,Danny Granger,,,Dante Cunningham,,,,,,,Troy Murphy,,,,,,
Brandon Rush,Danny Granger,Earl Watson,T.J. Ford,Troy Murphy,Dante Cunningham,Jerryd Bayless,Juwan Howard,Martell Webster,Rudy Fernandez,2,9:13,IND,rebound,,,,,,,,,,,,,,,,,,
Brandon Rush,Danny Granger,Earl Watson,T.J. Ford,Troy Murphy,Dante Cunningham,Jerryd Bayless,Juwan Howard,Martell Webster,Rudy Fernandez,2,9:04,IND,shot,,,,,,,,,,Troy Murphy,,,,missed,,3pt,15,29
Brandon Rush,Danny Granger,Earl Watson,T.J. Ford,Troy Murphy,Dante Cunningham,Jerryd Bayless,Juwan Howard,Martell Webster,Rudy Fernandez,2,9:04,POR,rebound,,,,,,,,,,Jerryd Bayless,,,,,,def,,
Brandon Rush,Danny Granger,Earl Watson,T.J. Ford,Troy Murphy,Dante Cunningham,Jerryd Bayless,Juwan Howard,Martell Webster,Rudy Fernandez,2,8:53,POR,shot,,,,,,,,,,Jerryd Bayless,2,,,made,,driving layup,25,6
Brandon Rush,Danny Granger,Earl Watson,T.J. Ford,Troy Murphy,Dante Cunningham,Jerryd Bayless,Juwan Howard,Martell Webster,Rudy Fernandez,2,8:35,IND,shot,Earl Watson,,,,,,,,,T.J. Ford,2,,,made,,layup,25,6
Brandon Rush,Danny Granger,Earl Watson,T.J. Ford,Troy Murphy,Dante Cunningham,Jerryd Bayless,Juwan Howard,Martell Webster,Rudy Fernandez,2,8:18,POR,shot,,,,,,,,,,Dante Cunningham,,,,missed,,jump,40,18
Brandon Rush,Danny Granger,Earl Watson,T.J. Ford,Troy Murphy,Dante Cunningham,Jerryd Bayless,Juwan Howard,Martell Webster,Rudy Fernandez,2,8:17,IND,rebound,,,,,,,,,,Troy Murphy,,,,,,def,,
Brandon Rush,Danny Granger,Earl Watson,T.J. Ford,Troy Murphy,Dante Cunningham,Jerryd Bayless,Juwan Howard,Martell Webster,Rudy Fernandez,2,8:09,IND,shot,,,,,,,,,,Earl Watson,,,,missed,,running jump,23,11
Brandon Rush,Danny Granger,Earl Watson,T.J. Ford,Troy Murphy,Dante Cunningham,Jerryd Bayless,Juwan Howard,Martell Webster,Rudy Fernandez,2,8:09,POR,rebound,,,,,,,,,,Rudy Fernandez,,,,,,def,,
Brandon Rush,Danny Granger,Earl Watson,T.J. Ford,Troy Murphy,Dante Cunningham,Jerryd Bayless,Juwan Howard,Martell Webster,Rudy Fernandez,2,8:04,IND,foul,,,,,,,,Juwan Howard,,Troy Murphy,,,,,,shooting,,
Brandon Rush,Danny Granger,Earl Watson,T.J. Ford,Troy Murphy,Dante Cunningham,Jerryd Bayless,Juwan Howard,Martell Webster,Rudy Fernandez,2,8:04,POR,free throw,,,,,,,1,,2,Juwan Howard,,,foul,made,,,,
Brandon Rush,Danny Granger,Earl Watson,Roy Hibbert,T.J. Ford,Dante Cunningham,Jerryd Bayless,Juwan Howard,Martell Webster,Rudy Fernandez,2,8:04,IND,sub,,,,Roy Hibbert,,Troy Murphy,,,,,,,,,,,,
Brandon Rush,Danny Granger,Earl Watson,Roy Hibbert,T.J. Ford,Dante Cunningham,Jerryd Bayless,Juwan Howard,Martell Webster,Rudy Fernandez,2,8:04,POR,free throw,,,,,,,2,,2,Juwan Howard,,,foul,made,,,,
Brandon Rush,Danny Granger,Earl Watson,Roy Hibbert,T.J. Ford,Dante Cunningham,Jerryd Bayless,Juwan Howard,Martell Webster,Rudy Fernandez,2,7:44,IND,shot,,,,,,,,,,Earl Watson,,,,missed,,step back jump,41,9
Brandon Rush,Danny Granger,Earl Watson,Roy Hibbert,T.J. Ford,Dante Cunningham,Jerryd Bayless,Juwan Howard,Martell Webster,Rudy Fernandez,2,7:43,POR,rebound,,,,,,,,,,Jerryd Bayless,,,,,,def,,
Brandon Rush,Danny Granger,Earl Watson,Roy Hibbert,T.J. Ford,Dante Cunningham,Jerryd Bayless,Juwan Howard,Martell Webster,Rudy Fernandez,2,7:24,POR,shot,Rudy Fernandez,,,,,,,,,Juwan Howard,2,,,made,,jump,11,9
Brandon Rush,Danny Granger,Earl Watson,Roy Hibbert,T.J. Ford,Dante Cunningham,Jerryd Bayless,Juwan Howard,Martell Webster,Rudy Fernandez,2,7:12,POR,foul,,,,,,,,T.J. Ford,,Jerryd Bayless,,,,,,personal,,
Brandon Rush,Danny Granger,Earl Watson,Roy Hibbert,T.J. Ford,Dante Cunningham,Jerryd Bayless,Juwan Howard,Martell Webster,Rudy Fernandez,2,7:03,IND,shot,,,,,,,,,,Brandon Rush,,,,missed,,layup,25,6
Brandon Rush,Danny Granger,Earl Watson,Roy Hibbert,T.J. Ford,Dante Cunningham,Jerryd Bayless,Juwan Howard,Martell Webster,Rudy Fernandez,2,7:02,IND,rebound,,,,,,,,,,Roy Hibbert,,,,,,off,,
Brandon Rush,Danny Granger,Earl Watson,Roy Hibbert,T.J. Ford,Dante Cunningham,Jerryd Bayless,Juwan Howard,Martell Webster,Rudy Fernandez,2,7:00,IND,turnover,,,,,,,,,,Roy Hibbert,,,traveling,,,,,
Brandon Rush,Danny Granger,Earl Watson,Roy Hibbert,T.J. Ford,Dante Cunningham,Jerryd Bayless,Juwan Howard,Martell Webster,Rudy Fernandez,2,6:48,POR,shot,,,Roy Hibbert,,,,,,,Juwan Howard,,,,missed,,driving dunk,25,6
Brandon Rush,Danny Granger,Earl Watson,Roy Hibbert,T.J. Ford,Dante Cunningham,Jerryd Bayless,Juwan Howard,Martell Webster,Rudy Fernandez,2,6:46,POR,rebound,,,,,,,,,,Dante Cunningham,,,,,,off,,
Brandon Rush,Danny Granger,Earl Watson,Roy Hibbert,T.J. Ford,Dante Cunningham,Jerryd Bayless,Juwan Howard,Martell Webster,Rudy Fernandez,2,6:45,POR,shot,,,,,,,,,,Dante Cunningham,,,,missed,,layup,25,6
Brandon Rush,Danny Granger,Earl Watson,Roy Hibbert,T.J. Ford,Dante Cunningham,Jerryd Bayless,Juwan Howard,Martell Webster,Rudy Fernandez,2,6:43,IND,rebound,,,,,,,,,,,,,,,,,,
Brandon Rush,Danny Granger,Earl Watson,Roy Hibbert,T.J. Ford,Dante Cunningham,Jerryd Bayless,Juwan Howard,Martell Webster,Rudy Fernandez,2,6:22,POR,foul,,,,,,,,T.J. Ford,,Jerryd Bayless,,,,,,shooting,,
Brandon Rush,Danny Granger,Earl Watson,Roy Hibbert,T.J. Ford,Dante Cunningham,Jerryd Bayless,Juwan Howard,Martell Webster,Rudy Fernandez,2,6:22,IND,free throw,,,,,,,1,,2,T.J. Ford,,,foul,missed,,,,
Brandon Rush,Danny Granger,Earl Watson,Roy Hibbert,T.J. Ford,Dante Cunningham,Jerryd Bayless,Juwan Howard,Martell Webster,Rudy Fernandez,2,6:22,IND,rebound,,,,,,,,,,,,,,,,,,
Brandon Rush,Danny Granger,Earl Watson,Roy Hibbert,T.J. Ford,Andre Miller,Dante Cunningham,Juwan Howard,Martell Webster,Rudy Fernandez,2,6:22,POR,sub,,,,Andre Miller,,Jerryd Bayless,,,,,,,,,,,,
Brandon Rush,Danny Granger,Earl Watson,Roy Hibbert,T.J. Ford,Andre Miller,Dante Cunningham,Juwan Howard,Martell Webster,Rudy Fernandez,2,6:22,IND,free throw,,,,,,,2,,2,T.J. Ford,,,foul,made,,,,
Brandon Rush,Danny Granger,Earl Watson,Roy Hibbert,T.J. Ford,Andre Miller,Dante Cunningham,Juwan Howard,Martell Webster,Rudy Fernandez,2,6:10,POR,shot,,,,,,,,,,Rudy Fernandez,,,,missed,,3pt,25,31
Brandon Rush,Danny Granger,Earl Watson,Roy Hibbert,T.J. Ford,Andre Miller,Dante Cunningham,Juwan Howard,Martell Webster,Rudy Fernandez,2,6:09,IND,rebound,,,,,,,,,,,,,,,,,,
Brandon Rush,Danny Granger,Earl Watson,Roy Hibbert,T.J. Ford,Andre Miller,Dante Cunningham,Juwan Howard,Martell Webster,Rudy Fernandez,2,5:55,IND,turnover,,,,,,,,,,Earl Watson,,,traveling,,,,,
Brandon Rush,Danny Granger,Earl Watson,Roy Hibbert,T.J. Ford,Andre Miller,Dante Cunningham,Juwan Howard,Martell Webster,Rudy Fernandez,2,5:55,POR,timeout,,,,,,,,,,,,,,,,official,,
Brandon Rush,Danny Granger,Earl Watson,Roy Hibbert,T.J. Ford,Andre Miller,Juwan Howard,LaMarcus Aldridge,Martell Webster,Rudy Fernandez,2,5:55,POR,sub,,,,LaMarcus Aldridge,,Dante Cunningham,,,,,,,,,,,,
Brandon Rush,Danny Granger,Luther Head,Roy Hibbert,T.J. Ford,Andre Miller,Juwan Howard,LaMarcus Aldridge,Martell Webster,Rudy Fernandez,2,5:55,IND,sub,,,,Luther Head,,Earl Watson,,,,,,,,,,,,
Brandon Rush,Danny Granger,Luther Head,Roy Hibbert,T.J. Ford,Andre Miller,Juwan Howard,LaMarcus Aldridge,Martell Webster,Rudy Fernandez,2,5:41,POR,shot,,,,,,,,,,Martell Webster,,,,missed,,jump,45,9
Brandon Rush,Danny Granger,Luther Head,Roy Hibbert,T.J. Ford,Andre Miller,Juwan Howard,LaMarcus Aldridge,Martell Webster,Rudy Fernandez,2,5:40,POR,rebound,,,,,,,,,,,,,,,,,,
Brandon Rush,Danny Granger,Luther Head,Roy Hibbert,T.J. Ford,Andre Miller,Juwan Howard,LaMarcus Aldridge,Martell Webster,Rudy Fernandez,2,5:30,POR,shot,,,,,,,,,,Martell Webster,,,,missed,,finger roll layup,25,6
Brandon Rush,Danny Granger,Luther Head,Roy Hibbert,T.J. Ford,Andre Miller,Juwan Howard,LaMarcus Aldridge,Martell Webster,Rudy Fernandez,2,5:29,IND,rebound,,,,,,,,,,Brandon Rush,,,,,,def,,
Brandon Rush,Danny Granger,Luther Head,Roy Hibbert,T.J. Ford,Andre Miller,Juwan Howard,LaMarcus Aldridge,Martell Webster,Rudy Fernandez,2,5:22,IND,shot,,,,,,,,,,Danny Granger,2,,,made,,driving layup,25,6
Brandon Rush,Danny Granger,Luther Head,Roy Hibbert,T.J. Ford,Andre Miller,Juwan Howard,LaMarcus Aldridge,Martell Webster,Rudy Fernandez,2,5:16,IND,foul,,,,,,,,LaMarcus Aldridge,,Roy Hibbert,,,,,,shooting,,
Brandon Rush,Danny Granger,Luther Head,Roy Hibbert,T.J. Ford,Andre Miller,Juwan Howard,LaMarcus Aldridge,Martell Webster,Rudy Fernandez,2,5:16,POR,free throw,,,,,,,1,,2,LaMarcus Aldridge,,,foul,missed,,,,
Brandon Rush,Danny Granger,Luther Head,Roy Hibbert,T.J. Ford,Andre Miller,Juwan Howard,LaMarcus Aldridge,Martell Webster,Rudy Fernandez,2,5:16,POR,rebound,,,,,,,,,,,,,,,,,,
Brandon Rush,Danny Granger,Luther Head,Roy Hibbert,T.J. Ford,Andre Miller,Juwan Howard,LaMarcus Aldridge,Martell Webster,Rudy Fernandez,2,5:16,POR,free throw,,,,,,,2,,2,LaMarcus Aldridge,,,foul,missed,,,,
Brandon Rush,Danny Granger,Luther Head,Roy Hibbert,T.J. Ford,Andre Miller,Juwan Howard,LaMarcus Aldridge,Martell Webster,Rudy Fernandez,2,5:14,IND,rebound,,,,,,,,,,Luther Head,,,,,,def,,
Brandon Rush,Danny Granger,Luther Head,Roy Hibbert,T.J. Ford,Andre Miller,Juwan Howard,LaMarcus Aldridge,Martell Webster,Rudy Fernandez,2,4:51,IND,shot,,,,,,,,,,Roy Hibbert,,,,missed,,hook,28,11
Brandon Rush,Danny Granger,Luther Head,Roy Hibbert,T.J. Ford,Andre Miller,Juwan Howard,LaMarcus Aldridge,Martell Webster,Rudy Fernandez,2,4:50,POR,rebound,,,,,,,,,,Martell Webster,,,,,,def,,
Brandon Rush,Danny Granger,Luther Head,Roy Hibbert,T.J. Ford,Andre Miller,Juwan Howard,LaMarcus Aldridge,Martell Webster,Rudy Fernandez,2,4:32,POR,shot,Andre Miller,,,,,,,,,Martell Webster,2,,,made,,reverse layup,25,6
Brandon Rush,Danny Granger,Luther Head,Roy Hibbert,T.J. Ford,Andre Miller,Juwan Howard,LaMarcus Aldridge,Martell Webster,Rudy Fernandez,2,4:22,POR,foul,,,,,,,,,,Andre Miller,,,,,,defense 3 second,,
Brandon Rush,Danny Granger,Luther Head,Roy Hibbert,T.J. Ford,Andre Miller,Juwan Howard,LaMarcus Aldridge,Martell Webster,Rudy Fernandez,2,4:22,IND,free throw,,,,,,,1,,1,Danny Granger,,,technical,made,,,,
Brandon Rush,Danny Granger,Luther Head,Roy Hibbert,T.J. Ford,Andre Miller,Juwan Howard,LaMarcus Aldridge,Martell Webster,Rudy Fernandez,2,4:13,IND,shot,,,,,,,,,,Danny Granger,2,,,made,,driving layup,25,6
Brandon Rush,Danny Granger,Luther Head,Roy Hibbert,T.J. Ford,Andre Miller,Juwan Howard,LaMarcus Aldridge,Martell Webster,Rudy Fernandez,2,4:03,IND,foul,,,,,,,,LaMarcus Aldridge,,Roy Hibbert,,,,,,personal,,
Brandon Rush,Danny Granger,Luther Head,Roy Hibbert,T.J. Ford,Andre Miller,Juwan Howard,LaMarcus Aldridge,Martell Webster,Rudy Fernandez,2,3:51,POR,shot,,,,,,,,,,Rudy Fernandez,,,,missed,,jump,43,14
Brandon Rush,Danny Granger,Luther Head,Roy Hibbert,T.J. Ford,Andre Miller,Juwan Howard,LaMarcus Aldridge,Martell Webster,Rudy Fernandez,2,3:50,IND,rebound,,,,,,,,,,,,,,,,,,
Brandon Rush,Danny Granger,Luther Head,Roy Hibbert,T.J. Ford,Andre Miller,Juwan Howard,LaMarcus Aldridge,Martell Webster,Rudy Fernandez,2,3:50,POR,foul,,,,,,,,Danny Granger,,Rudy Fernandez,,,,,,personal,,
Brandon Rush,Danny Granger,Luther Head,Roy Hibbert,T.J. Ford,Andre Miller,Juwan Howard,LaMarcus Aldridge,Martell Webster,Rudy Fernandez,2,3:50,IND,free throw,,,,,,,1,,2,Danny Granger,,,foul,made,,,,
Brandon Rush,Danny Granger,Luther Head,Roy Hibbert,T.J. Ford,Andre Miller,Dante Cunningham,LaMarcus Aldridge,Martell Webster,Rudy Fernandez,2,3:50,POR,sub,,,,Dante Cunningham,,Juwan Howard,,,,,,,,,,,,
Brandon Rush,Danny Granger,Luther Head,Roy Hibbert,T.J. Ford,Andre Miller,Dante Cunningham,LaMarcus Aldridge,Martell Webster,Rudy Fernandez,2,3:50,IND,free throw,,,,,,,2,,2,Danny Granger,,,foul,made,,,,
Brandon Rush,Danny Granger,Luther Head,Roy Hibbert,T.J. Ford,Andre Miller,Dante Cunningham,LaMarcus Aldridge,Martell Webster,Rudy Fernandez,2,3:32,POR,shot,,,,,,,,,,Dante Cunningham,,,,missed,,jump,35,23
Brandon Rush,Danny Granger,Luther Head,Roy Hibbert,T.J. Ford,Andre Miller,Dante Cunningham,LaMarcus Aldridge,Martell Webster,Rudy Fernandez,2,3:31,IND,rebound,,,,,,,,,,T.J. Ford,,,,,,def,,
Brandon Rush,Danny Granger,Luther Head,Roy Hibbert,T.J. Ford,Andre Miller,Dante Cunningham,LaMarcus Aldridge,Martell Webster,Rudy Fernandez,2,3:23,IND,shot,,,,,,,,,,T.J. Ford,,,,missed,,3pt,29,31
Brandon Rush,Danny Granger,Luther Head,Roy Hibbert,T.J. Ford,Andre Miller,Dante Cunningham,LaMarcus Aldridge,Martell Webster,Rudy Fernandez,2,3:21,POR,rebound,,,,,,,,,,Dante Cunningham,,,,,,def,,
Brandon Rush,Danny Granger,Luther Head,Roy Hibbert,T.J. Ford,Andre Miller,Dante Cunningham,LaMarcus Aldridge,Martell Webster,Rudy Fernandez,2,2:59,POR,shot,,,,,,,,,,Rudy Fernandez,,,,missed,,running jump,34,19
Brandon Rush,Danny Granger,Luther Head,Roy Hibbert,T.J. Ford,Andre Miller,Dante Cunningham,LaMarcus Aldridge,Martell Webster,Rudy Fernandez,2,2:57,POR,rebound,,,,,,,,,,Andre Miller,,,,,,off,,
Brandon Rush,Danny Granger,Luther Head,Roy Hibbert,T.J. Ford,Andre Miller,Dante Cunningham,LaMarcus Aldridge,Martell Webster,Rudy Fernandez,2,2:57,POR,shot,,,,,,,,,,Andre Miller,,,,missed,,tip,25,6
Brandon Rush,Danny Granger,Luther Head,Roy Hibbert,T.J. Ford,Andre Miller,Dante Cunningham,LaMarcus Aldridge,Martell Webster,Rudy Fernandez,2,2:56,POR,rebound,,,,,,,,,,Dante Cunningham,,,,,,off,,
Brandon Rush,Danny Granger,Luther Head,Roy Hibbert,T.J. Ford,Andre Miller,Dante Cunningham,LaMarcus Aldridge,Martell Webster,Rudy Fernandez,2,2:49,POR,shot,,,,,,,,,,Dante Cunningham,,,,missed,,jump,17,13
Brandon Rush,Danny Granger,Luther Head,Roy Hibbert,T.J. Ford,Andre Miller,Dante Cunningham,LaMarcus Aldridge,Martell Webster,Rudy Fernandez,2,2:48,IND,rebound,,,,,,,,,,Brandon Rush,,,,,,def,,
Brandon Rush,Danny Granger,Luther Head,Roy Hibbert,T.J. Ford,Andre Miller,Dante Cunningham,LaMarcus Aldridge,Martell Webster,Rudy Fernandez,2,2:40,IND,turnover,,,,,,,,,,Luther Head,,,bad pass,,Dante Cunningham,,,
Brandon Rush,Danny Granger,Luther Head,Roy Hibbert,T.J. Ford,Andre Miller,Dante Cunningham,LaMarcus Aldridge,Martell Webster,Rudy Fernandez,2,2:36,IND,foul,,,,,,,,Rudy Fernandez,,Brandon Rush,,,,,,shooting,,
Brandon Rush,Danny Granger,Luther Head,Roy Hibbert,T.J. Ford,Andre Miller,Dante Cunningham,LaMarcus Aldridge,Martell Webster,Rudy Fernandez,2,2:36,POR,timeout,,,,,,,,,,,,,,,,regular,,
Brandon Rush,Danny Granger,Roy Hibbert,T.J. Ford,Troy Murphy,Andre Miller,Dante Cunningham,LaMarcus Aldridge,Martell Webster,Rudy Fernandez,2,2:36,IND,sub,,,,Troy Murphy,,Luther Head,,,,,,,,,,,,
Danny Granger,Earl Watson,Roy Hibbert,T.J. Ford,Troy Murphy,Andre Miller,Dante Cunningham,LaMarcus Aldridge,Martell Webster,Rudy Fernandez,2,2:36,IND,sub,,,,Earl Watson,,Brandon Rush,,,,,,,,,,,,
Danny Granger,Earl Watson,Roy Hibbert,T.J. Ford,Troy Murphy,Andre Miller,Dante Cunningham,LaMarcus Aldridge,Nicolas Batum,Rudy Fernandez,2,2:36,POR,sub,,,,Nicolas Batum,,Martell Webster,,,,,,,,,,,,
Danny Granger,Earl Watson,Roy Hibbert,T.J. Ford,Troy Murphy,Andre Miller,Dante Cunningham,LaMarcus Aldridge,Nicolas Batum,Rudy Fernandez,2,2:36,POR,free throw,,,,,,,1,,2,Rudy Fernandez,,,foul,made,,,,
Danny Granger,Earl Watson,Roy Hibbert,T.J. Ford,Troy Murphy,Andre Miller,Dante Cunningham,LaMarcus Aldridge,Nicolas Batum,Rudy Fernandez,2,2:36,POR,free throw,,,,,,,2,,2,Rudy Fernandez,,,foul,missed,,,,
Danny Granger,Earl Watson,Roy Hibbert,T.J. Ford,Troy Murphy,Andre Miller,Dante Cunningham,LaMarcus Aldridge,Nicolas Batum,Rudy Fernandez,2,2:34,IND,rebound,,,,,,,,,,Roy Hibbert,,,,,,def,,
Danny Granger,Earl Watson,Roy Hibbert,T.J. Ford,Troy Murphy,Andre Miller,Dante Cunningham,LaMarcus Aldridge,Nicolas Batum,Rudy Fernandez,2,2:09,IND,shot,,,,,,,,,,Troy Murphy,,,,missed,,jump,15,24
Danny Granger,Earl Watson,Roy Hibbert,T.J. Ford,Troy Murphy,Andre Miller,Dante Cunningham,LaMarcus Aldridge,Nicolas Batum,Rudy Fernandez,2,2:09,POR,rebound,,,,,,,,,,Andre Miller,,,,,,def,,
Danny Granger,Earl Watson,Roy Hibbert,T.J. Ford,Troy Murphy,Andre Miller,Dante Cunningham,LaMarcus Aldridge,Nicolas Batum,Rudy Fernandez,2,1:57,POR,turnover,,,,,,,,,,Nicolas Batum,,,step out of bounds turnover,,,,,
Danny Granger,Earl Watson,Roy Hibbert,T.J. Ford,Troy Murphy,Andre Miller,LaMarcus Aldridge,Marcus Camby,Nicolas Batum,Rudy Fernandez,2,1:57,POR,sub,,,,Marcus Camby,,Dante Cunningham,,,,,,,,,,,,
Danny Granger,Earl Watson,Roy Hibbert,T.J. Ford,Troy Murphy,Andre Miller,LaMarcus Aldridge,Marcus Camby,Nicolas Batum,Rudy Fernandez,2,1:40,IND,shot,,,,,,,,,,Danny Granger,2,,,made,,jump,30,9
Danny Granger,Earl Watson,Roy Hibbert,T.J. Ford,Troy Murphy,Andre Miller,LaMarcus Aldridge,Marcus Camby,Nicolas Batum,Rudy Fernandez,2,1:24,POR,shot,,,,,,,,,,Rudy Fernandez,,,,missed,,3pt,21,30
Danny Granger,Earl Watson,Roy Hibbert,T.J. Ford,Troy Murphy,Andre Miller,LaMarcus Aldridge,Marcus Camby,Nicolas Batum,Rudy Fernandez,2,1:23,IND,rebound,,,,,,,,,,T.J. Ford,,,,,,def,,
Danny Granger,Earl Watson,Roy Hibbert,T.J. Ford,Troy Murphy,Andre Miller,LaMarcus Aldridge,Marcus Camby,Nicolas Batum,Rudy Fernandez,2,1:17,IND,shot,,,,,,,,,,T.J. Ford,2,,,made,,pullup jump,21,14
Danny Granger,Earl Watson,Roy Hibbert,T.J. Ford,Troy Murphy,Andre Miller,LaMarcus Aldridge,Marcus Camby,Nicolas Batum,Rudy Fernandez,2,0:51,POR,shot,,,,,,,,,,Andre Miller,,,,missed,,turnaround fade away,12,7
Danny Granger,Earl Watson,Roy Hibbert,T.J. Ford,Troy Murphy,Andre Miller,LaMarcus Aldridge,Marcus Camby,Nicolas Batum,Rudy Fernandez,2,0:49,POR,rebound,,,,,,,,,,Rudy Fernandez,,,,,,off,,
Danny Granger,Earl Watson,Roy Hibbert,T.J. Ford,Troy Murphy,Andre Miller,LaMarcus Aldridge,Marcus Camby,Nicolas Batum,Rudy Fernandez,2,0:37,POR,shot,,,,,,,,,,LaMarcus Aldridge,2,,,made,,turnaround fade away,16,8
Danny Granger,Earl Watson,Roy Hibbert,T.J. Ford,Troy Murphy,Andre Miller,LaMarcus Aldridge,Marcus Camby,Nicolas Batum,Rudy Fernandez,2,0:23,IND,turnover,,,,,,,,,,Danny Granger,,,lost ball,,Marcus Camby,,,
Danny Granger,Earl Watson,Roy Hibbert,T.J. Ford,Troy Murphy,Andre Miller,LaMarcus Aldridge,Marcus Camby,Nicolas Batum,Rudy Fernandez,2,0:01,POR,shot,,,,,,,,,,Andre Miller,3,,,made,,3pt,41,25
Danny Granger,Earl Watson,Roy Hibbert,T.J. Ford,Troy Murphy,Andre Miller,LaMarcus Aldridge,Marcus Camby,Nicolas Batum,Rudy Fernandez,2,0:00,IND,shot,,,,,,,,,,T.J. Ford,,,,missed,,3pt,14,50
Danny Granger,Earl Watson,Roy Hibbert,T.J. Ford,Troy Murphy,Andre Miller,LaMarcus Aldridge,Marcus Camby,Nicolas Batum,Rudy Fernandez,2,0:00,IND,rebound,,,,,,,,,,,,,,,,,,
Brandon Rush,Danny Granger,Earl Watson,T.J. Ford,Troy Murphy,Andre Miller,Brandon Roy,LaMarcus Aldridge,Marcus Camby,Nicolas Batum,3,11:39,IND,shot,,,,,,,,,,Troy Murphy,,,,missed,,jump,39,18
Brandon Rush,Danny Granger,Earl Watson,T.J. Ford,Troy Murphy,Andre Miller,Brandon Roy,LaMarcus Aldridge,Marcus Camby,Nicolas Batum,3,11:39,POR,rebound,,,,,,,,,,Marcus Camby,,,,,,def,,
Brandon Rush,Danny Granger,Earl Watson,T.J. Ford,Troy Murphy,Andre Miller,Brandon Roy,LaMarcus Aldridge,Marcus Camby,Nicolas Batum,3,11:14,POR,shot,,,,,,,,,,Nicolas Batum,,,,missed,,3pt,12,28
Brandon Rush,Danny Granger,Earl Watson,T.J. Ford,Troy Murphy,Andre Miller,Brandon Roy,LaMarcus Aldridge,Marcus Camby,Nicolas Batum,3,11:14,POR,rebound,,,,,,,,,,,,,,,,,,
Brandon Rush,Danny Granger,Earl Watson,T.J. Ford,Troy Murphy,Andre Miller,Brandon Roy,LaMarcus Aldridge,Marcus Camby,Nicolas Batum,3,11:14,POR,turnover,,,,,,,,,,,,,shot clock turnover,,,,,
Brandon Rush,Danny Granger,Earl Watson,T.J. Ford,Troy Murphy,Andre Miller,Brandon Roy,LaMarcus Aldridge,Marcus Camby,Nicolas Batum,3,11:03,IND,shot,Troy Murphy,,,,,,,,,T.J. Ford,2,,,made,,reverse layup,25,6
Brandon Rush,Danny Granger,Earl Watson,T.J. Ford,Troy Murphy,Andre Miller,Brandon Roy,LaMarcus Aldridge,Marcus Camby,Nicolas Batum,3,10:43,POR,shot,,,,,,,,,,LaMarcus Aldridge,2,,,made,,turnaround jump,6,6
Brandon Rush,Danny Granger,Earl Watson,T.J. Ford,Troy Murphy,Andre Miller,Brandon Roy,LaMarcus Aldridge,Marcus Camby,Nicolas Batum,3,10:24,IND,shot,,,,,,,,,,T.J. Ford,,,,missed,,turnaround jump,18,7
Brandon Rush,Danny Granger,Earl Watson,T.J. Ford,Troy Murphy,Andre Miller,Brandon Roy,LaMarcus Aldridge,Marcus Camby,Nicolas Batum,3,10:24,POR,rebound,,,,,,,,,,,,,,,,,,
Brandon Rush,Danny Granger,Earl Watson,T.J. Ford,Troy Murphy,Andre Miller,Brandon Roy,LaMarcus Aldridge,Marcus Camby,Nicolas Batum,3,9:59,POR,shot,,,,,,,,,,LaMarcus Aldridge,,,,missed,,jump,11,20
Brandon Rush,Danny Granger,Earl Watson,T.J. Ford,Troy Murphy,Andre Miller,Brandon Roy,LaMarcus Aldridge,Marcus Camby,Nicolas Batum,3,9:58,POR,rebound,,,,,,,,,,Nicolas Batum,,,,,,off,,
Brandon Rush,Danny Granger,Earl Watson,T.J. Ford,Troy Murphy,Andre Miller,Brandon Roy,LaMarcus Aldridge,Marcus Camby,Nicolas Batum,3,9:58,POR,shot,,,,,,,,,,Nicolas Batum,,,,missed,,tip,25,6
Brandon Rush,Danny Granger,Earl Watson,T.J. Ford,Troy Murphy,Andre Miller,Brandon Roy,LaMarcus Aldridge,Marcus Camby,Nicolas Batum,3,9:57,POR,rebound,,,,,,,,,,,,,,,,,,
Brandon Rush,Danny Granger,Earl Watson,T.J. Ford,Troy Murphy,Andre Miller,Brandon Roy,LaMarcus Aldridge,Marcus Camby,Nicolas Batum,3,9:37,POR,shot,,,,,,,,,,Brandon Roy,,,,missed,,jump,41,19
Brandon Rush,Danny Granger,Earl Watson,T.J. Ford,Troy Murphy,Andre Miller,Brandon Roy,LaMarcus Aldridge,Marcus Camby,Nicolas Batum,3,9:37,POR,rebound,,,,,,,,,,LaMarcus Aldridge,,,,,,off,,
Brandon Rush,Danny Granger,Earl Watson,T.J. Ford,Troy Murphy,Andre Miller,Brandon Roy,LaMarcus Aldridge,Marcus Camby,Nicolas Batum,3,9:24,POR,turnover,,,,,,,,,,Andre Miller,,,lost ball,,Earl Watson,,,
Brandon Rush,Danny Granger,Earl Watson,T.J. Ford,Troy Murphy,Andre Miller,Brandon Roy,LaMarcus Aldridge,Marcus Camby,Nicolas Batum,3,9:18,IND,shot,,,Marcus Camby,,,,,,,Danny Granger,,,,missed,,jump,32,6
Brandon Rush,Danny Granger,Earl Watson,T.J. Ford,Troy Murphy,Andre Miller,Brandon Roy,LaMarcus Aldridge,Marcus Camby,Nicolas Batum,3,9:17,POR,rebound,,,,,,,,,,LaMarcus Aldridge,,,,,,def,,
Brandon Rush,Danny Granger,Earl Watson,T.J. Ford,Troy Murphy,Andre Miller,Brandon Roy,LaMarcus Aldridge,Marcus Camby,Nicolas Batum,3,9:13,IND,foul,,,,,,,,LaMarcus Aldridge,,T.J. Ford,,,,,,shooting,,
Brandon Rush,Danny Granger,Earl Watson,T.J. Ford,Troy Murphy,Andre Miller,Brandon Roy,LaMarcus Aldridge,Marcus Camby,Nicolas Batum,3,9:13,POR,free throw,,,,,,,1,,2,LaMarcus Aldridge,,,foul,made,,,,
Brandon Rush,Danny Granger,Earl Watson,T.J. Ford,Troy Murphy,Andre Miller,Brandon Roy,LaMarcus Aldridge,Marcus Camby,Nicolas Batum,3,9:13,POR,free throw,,,,,,,2,,2,LaMarcus Aldridge,,,foul,missed,,,,
Brandon Rush,Danny Granger,Earl Watson,T.J. Ford,Troy Murphy,Andre Miller,Brandon Roy,LaMarcus Aldridge,Marcus Camby,Nicolas Batum,3,9:12,POR,rebound,,,,,,,,,,Marcus Camby,,,,,,off,,
Brandon Rush,Danny Granger,Earl Watson,T.J. Ford,Troy Murphy,Andre Miller,Brandon Roy,LaMarcus Aldridge,Marcus Camby,Nicolas Batum,3,8:58,IND,foul,,,,,,,,,,Troy Murphy,,,,,,defense 3 second,,
Brandon Rush,Danny Granger,Earl Watson,T.J. Ford,Troy Murphy,Andre Miller,Brandon Roy,LaMarcus Aldridge,Marcus Camby,Nicolas Batum,3,8:58,POR,free throw,,,,,,,1,,1,Andre Miller,,,technical,made,,,,
Brandon Rush,Danny Granger,Earl Watson,T.J. Ford,Troy Murphy,Andre Miller,Brandon Roy,LaMarcus Aldridge,Marcus Camby,Nicolas Batum,3,8:47,POR,shot,,,,,,,,,,LaMarcus Aldridge,,,,missed,,jump,12,21
Brandon Rush,Danny Granger,Earl Watson,T.J. Ford,Troy Murphy,Andre Miller,Brandon Roy,LaMarcus Aldridge,Marcus Camby,Nicolas Batum,3,8:45,IND,rebound,,,,,,,,,,Brandon Rush,,,,,,def,,
Brandon Rush,Danny Granger,Earl Watson,T.J. Ford,Troy Murphy,Andre Miller,Brandon Roy,LaMarcus Aldridge,Marcus Camby,Nicolas Batum,3,8:37,IND,shot,T.J. Ford,,,,,,,,,Danny Granger,3,,,made,,3pt,22,31
Brandon Rush,Danny Granger,Earl Watson,T.J. Ford,Troy Murphy,Andre Miller,Brandon Roy,LaMarcus Aldridge,Marcus Camby,Nicolas Batum,3,8:22,POR,shot,LaMarcus Aldridge,,,,,,,,,Nicolas Batum,2,,,made,,driving dunk,25,6
Brandon Rush,Danny Granger,Earl Watson,T.J. Ford,Troy Murphy,Andre Miller,Brandon Roy,LaMarcus Aldridge,Marcus Camby,Nicolas Batum,3,7:59,IND,shot,T.J. Ford,,,,,,,,,Earl Watson,3,,,made,,3pt,47,6
Brandon Rush,Danny Granger,Earl Watson,T.J. Ford,Troy Murphy,Andre Miller,Brandon Roy,LaMarcus Aldridge,Marcus Camby,Nicolas Batum,3,7:35,POR,turnover,,,,,,,,,,Andre Miller,,,bad pass,,Earl Watson,,,
Brandon Rush,Danny Granger,Earl Watson,T.J. Ford,Troy Murphy,Andre Miller,Brandon Roy,LaMarcus Aldridge,Marcus Camby,Nicolas Batum,3,7:23,IND,turnover,,,,,,,,,,Troy Murphy,,,out of bounds lost ball turnover,,,,,
Brandon Rush,Danny Granger,Earl Watson,T.J. Ford,Troy Murphy,Andre Miller,Brandon Roy,LaMarcus Aldridge,Marcus Camby,Nicolas Batum,3,7:08,POR,shot,,,,,,,,,,Brandon Roy,,,,missed,,driving reverse layup,25,6
Brandon Rush,Danny Granger,Earl Watson,T.J. Ford,Troy Murphy,Andre Miller,Brandon Roy,LaMarcus Aldridge,Marcus Camby,Nicolas Batum,3,7:07,POR,rebound,,,,,,,,,,Brandon Roy,,,,,,off,,
Brandon Rush,Danny Granger,Earl Watson,T.J. Ford,Troy Murphy,Andre Miller,Brandon Roy,LaMarcus Aldridge,Marcus Camby,Nicolas Batum,3,7:07,POR,shot,,,,,,,,,,Brandon Roy,2,,,made,,layup,25,6
Brandon Rush,Danny Granger,Earl Watson,T.J. Ford,Troy Murphy,Andre Miller,Brandon Roy,LaMarcus Aldridge,Marcus Camby,Nicolas Batum,3,6:50,IND,shot,,,,,,,,,,Danny Granger,,,,missed,,3pt,46,17
Brandon Rush,Danny Granger,Earl Watson,T.J. Ford,Troy Murphy,Andre Miller,Brandon Roy,LaMarcus Aldridge,Marcus Camby,Nicolas Batum,3,6:49,IND,rebound,,,,,,,,,,Brandon Rush,,,,,,off,,
Brandon Rush,Danny Granger,Earl Watson,T.J. Ford,Troy Murphy,Andre Miller,Brandon Roy,LaMarcus Aldridge,Marcus Camby,Nicolas Batum,3,6:49,IND,shot,,,,,,,,,,Brandon Rush,,,,missed,,tip,25,6
Brandon Rush,Danny Granger,Earl Watson,T.J. Ford,Troy Murphy,Andre Miller,Brandon Roy,LaMarcus Aldridge,Marcus Camby,Nicolas Batum,3,6:48,POR,rebound,,,,,,,,,,Marcus Camby,,,,,,def,,
Brandon Rush,Danny Granger,Earl Watson,T.J. Ford,Troy Murphy,Andre Miller,Brandon Roy,LaMarcus Aldridge,Marcus Camby,Nicolas Batum,3,6:34,POR,shot,,,,,,,,,,Brandon Roy,2,,,made,,driving layup,25,6
Brandon Rush,Danny Granger,Earl Watson,T.J. Ford,Troy Murphy,Andre Miller,Brandon Roy,LaMarcus Aldridge,Marcus Camby,Nicolas Batum,3,6:16,IND,shot,,,,,,,,,,Danny Granger,,,,missed,,jump,34,8
Brandon Rush,Danny Granger,Earl Watson,T.J. Ford,Troy Murphy,Andre Miller,Brandon Roy,LaMarcus Aldridge,Marcus Camby,Nicolas Batum,3,6:15,POR,rebound,,,,,,,,,,Brandon Roy,,,,,,def,,
Brandon Rush,Danny Granger,Earl Watson,T.J. Ford,Troy Murphy,Andre Miller,Brandon Roy,LaMarcus Aldridge,Marcus Camby,Nicolas Batum,3,6:09,IND,foul,,,,,,,,Brandon Roy,,T.J. Ford,,,,,,personal,,
Brandon Rush,Danny Granger,Earl Watson,Roy Hibbert,T.J. Ford,Andre Miller,Brandon Roy,LaMarcus Aldridge,Marcus Camby,Nicolas Batum,3,6:09,IND,sub,,,,Roy Hibbert,,Troy Murphy,,,,,,,,,,,,
Brandon Rush,Danny Granger,Earl Watson,Roy Hibbert,T.J. Ford,Andre Miller,Brandon Roy,LaMarcus Aldridge,Marcus Camby,Nicolas Batum,3,6:01,POR,shot,,,,,,,,,,LaMarcus Aldridge,,,,missed,,jump,44,7
Brandon Rush,Danny Granger,Earl Watson,Roy Hibbert,T.J. Ford,Andre Miller,Brandon Roy,LaMarcus Aldridge,Marcus Camby,Nicolas Batum,3,6:01,IND,rebound,,,,,,,,,,,,,,,,,,
Brandon Rush,Danny Granger,Earl Watson,Roy Hibbert,T.J. Ford,Andre Miller,Brandon Roy,LaMarcus Aldridge,Marcus Camby,Nicolas Batum,3,6:01,POR,foul,,,,,,,,Earl Watson,,Nicolas Batum,,,,,,loose ball,,
Brandon Rush,Danny Granger,Earl Watson,Roy Hibbert,T.J. Ford,Andre Miller,Brandon Roy,LaMarcus Aldridge,Marcus Camby,Nicolas Batum,3,5:48,IND,foul,,,,,,,,Marcus Camby,,Roy Hibbert,,,,,,offensive,,
Brandon Rush,Danny Granger,Earl Watson,Roy Hibbert,T.J. Ford,Andre Miller,Brandon Roy,LaMarcus Aldridge,Marcus Camby,Nicolas Batum,3,5:48,IND,turnover,,,,,,,,,,Roy Hibbert,,,foul,,,,,
Brandon Rush,Danny Granger,Earl Watson,Roy Hibbert,T.J. Ford,Andre Miller,Brandon Roy,LaMarcus Aldridge,Marcus Camby,Nicolas Batum,3,5:48,POR,timeout,,,,,,,,,,,,,,,,regular,,
Brandon Rush,Danny Granger,Earl Watson,Mike Dunleavy,Roy Hibbert,Andre Miller,Brandon Roy,LaMarcus Aldridge,Marcus Camby,Nicolas Batum,3,5:48,IND,sub,,,,Mike Dunleavy,,T.J. Ford,,,,,,,,,,,,
Brandon Rush,Danny Granger,Earl Watson,Mike Dunleavy,Roy Hibbert,Andre Miller,Brandon Roy,LaMarcus Aldridge,Marcus Camby,Nicolas Batum,3,5:23,POR,shot,,,,,,,,,,Nicolas Batum,,,,missed,,jump,18,26
Brandon Rush,Danny Granger,Earl Watson,Mike Dunleavy,Roy Hibbert,Andre Miller,Brandon Roy,LaMarcus Aldridge,Marcus Camby,Nicolas Batum,3,5:21,IND,rebound,,,,,,,,,,Mike Dunleavy,,,,,,def,,
Brandon Rush,Danny Granger,Earl Watson,Mike Dunleavy,Roy Hibbert,Andre Miller,Brandon Roy,LaMarcus Aldridge,Marcus Camby,Nicolas Batum,3,5:00,IND,shot,Earl Watson,,,,,,,,,Roy Hibbert,2,,,made,,layup,25,6
Brandon Rush,Danny Granger,Earl Watson,Mike Dunleavy,Roy Hibbert,Andre Miller,Brandon Roy,LaMarcus Aldridge,Marcus Camby,Nicolas Batum,3,4:41,POR,shot,,,,,,,,,,Brandon Roy,,,,missed,,running jump,17,7
Brandon Rush,Danny Granger,Earl Watson,Mike Dunleavy,Roy Hibbert,Andre Miller,Brandon Roy,LaMarcus Aldridge,Marcus Camby,Nicolas Batum,3,4:40,POR,rebound,,,,,,,,,,LaMarcus Aldridge,,,,,,off,,
Brandon Rush,Danny Granger,Earl Watson,Mike Dunleavy,Roy Hibbert,Andre Miller,Brandon Roy,LaMarcus Aldridge,Marcus Camby,Nicolas Batum,3,4:38,POR,shot,,,,,,,,,,LaMarcus Aldridge,2,,,made,,layup,25,6
Brandon Rush,Danny Granger,Earl Watson,Mike Dunleavy,Roy Hibbert,Andre Miller,Brandon Roy,LaMarcus Aldridge,Marcus Camby,Nicolas Batum,3,4:16,IND,shot,Roy Hibbert,,,,,,,,,Danny Granger,2,,,made,,jump,37,24
Brandon Rush,Danny Granger,Earl Watson,Mike Dunleavy,Roy Hibbert,Andre Miller,Brandon Roy,LaMarcus Aldridge,Marcus Camby,Nicolas Batum,3,3:58,POR,shot,,,,,,,,,,Brandon Roy,2,,,made,,driving reverse layup,25,6
Brandon Rush,Danny Granger,Earl Watson,Mike Dunleavy,Roy Hibbert,Andre Miller,Brandon Roy,LaMarcus Aldridge,Marcus Camby,Nicolas Batum,3,3:50,IND,shot,,,,,,,,,,Mike Dunleavy,,,,missed,,3pt,9,25
Brandon Rush,Danny Granger,Earl Watson,Mike Dunleavy,Roy Hibbert,Andre Miller,Brandon Roy,LaMarcus Aldridge,Marcus Camby,Nicolas Batum,3,3:50,POR,rebound,,,,,,,,,,LaMarcus Aldridge,,,,,,def,,
Brandon Rush,Danny Granger,Earl Watson,Mike Dunleavy,Roy Hibbert,Andre Miller,Brandon Roy,LaMarcus Aldridge,Marcus Camby,Nicolas Batum,3,3:35,POR,shot,,,,,,,,,,Brandon Roy,2,,,made,,pullup jump,17,20
Brandon Rush,Danny Granger,Earl Watson,Mike Dunleavy,Roy Hibbert,Andre Miller,Brandon Roy,LaMarcus Aldridge,Marcus Camby,Nicolas Batum,3,3:25,IND,shot,,,,,,,,,,Danny Granger,2,,,made,,pullup jump,11,21
Brandon Rush,Danny Granger,Earl Watson,Mike Dunleavy,Roy Hibbert,Andre Miller,Brandon Roy,LaMarcus Aldridge,Marcus Camby,Nicolas Batum,3,3:09,POR,shot,,,,,,,,,,Brandon Roy,,,,missed,,3pt,9,25
Brandon Rush,Danny Granger,Earl Watson,Mike Dunleavy,Roy Hibbert,Andre Miller,Brandon Roy,LaMarcus Aldridge,Marcus Camby,Nicolas Batum,3,3:08,IND,rebound,,,,,,,,,,Mike Dunleavy,,,,,,def,,
Brandon Rush,Danny Granger,Earl Watson,Mike Dunleavy,Roy Hibbert,Andre Miller,Brandon Roy,LaMarcus Aldridge,Marcus Camby,Nicolas Batum,3,3:01,IND,shot,,,,,,,,,,Danny Granger,,,,missed,,jump,39,21
Brandon Rush,Danny Granger,Earl Watson,Mike Dunleavy,Roy Hibbert,Andre Miller,Brandon Roy,LaMarcus Aldridge,Marcus Camby,Nicolas Batum,3,3:00,POR,rebound,,,,,,,,,,Marcus Camby,,,,,,def,,
Brandon Rush,Danny Granger,Earl Watson,Mike Dunleavy,Roy Hibbert,Andre Miller,Brandon Roy,LaMarcus Aldridge,Marcus Camby,Nicolas Batum,3,2:57,POR,turnover,,,,,,,,,,Marcus Camby,,,bad pass,,Danny Granger,,,
Brandon Rush,Danny Granger,Earl Watson,Mike Dunleavy,Roy Hibbert,Andre Miller,Brandon Roy,LaMarcus Aldridge,Marcus Camby,Nicolas Batum,3,2:50,IND,shot,,,,,,,,,,Earl Watson,,,,missed,,3pt,28,30
Brandon Rush,Danny Granger,Earl Watson,Mike Dunleavy,Roy Hibbert,Andre Miller,Brandon Roy,LaMarcus Aldridge,Marcus Camby,Nicolas Batum,3,2:49,IND,rebound,,,,,,,,,,Danny Granger,,,,,,off,,
Brandon Rush,Danny Granger,Earl Watson,Mike Dunleavy,Roy Hibbert,Andre Miller,Brandon Roy,LaMarcus Aldridge,Marcus Camby,Nicolas Batum,3,2:49,IND,shot,,,,,,,,,,Danny Granger,2,,,made,,tip,25,6
Brandon Rush,Danny Granger,Earl Watson,Mike Dunleavy,Roy Hibbert,Andre Miller,Brandon Roy,LaMarcus Aldridge,Marcus Camby,Nicolas Batum,3,2:23,POR,shot,Brandon Roy,,,,,,,,,LaMarcus Aldridge,2,,,made,,jump,25,28
Brandon Rush,Danny Granger,Earl Watson,Mike Dunleavy,Roy Hibbert,Andre Miller,Brandon Roy,LaMarcus Aldridge,Marcus Camby,Nicolas Batum,3,2:09,IND,shot,,,,,,,,,,Mike Dunleavy,,,,missed,,jump,14,20
Brandon Rush,Danny Granger,Earl Watson,Mike Dunleavy,Roy Hibbert,Andre Miller,Brandon Roy,LaMarcus Aldridge,Marcus Camby,Nicolas Batum,3,2:08,POR,rebound,,,,,,,,,,LaMarcus Aldridge,,,,,,def,,
Brandon Rush,Danny Granger,Earl Watson,Mike Dunleavy,Roy Hibbert,Andre Miller,Brandon Roy,LaMarcus Aldridge,Marcus Camby,Nicolas Batum,3,2:02,POR,shot,Andre Miller,,,,,,,,,Nicolas Batum,3,,,made,,3pt,2,7
Brandon Rush,Danny Granger,Earl Watson,Mike Dunleavy,Roy Hibbert,Andre Miller,Brandon Roy,LaMarcus Aldridge,Marcus Camby,Nicolas Batum,3,2:00,IND,timeout,,,,,,,,,,,,,,,,regular,,
Brandon Rush,Danny Granger,Earl Watson,Mike Dunleavy,Troy Murphy,Andre Miller,Brandon Roy,LaMarcus Aldridge,Marcus Camby,Nicolas Batum,3,2:00,IND,sub,,,,Troy Murphy,,Roy Hibbert,,,,,,,,,,,,
Brandon Rush,Danny Granger,Mike Dunleavy,T.J. Ford,Troy Murphy,Andre Miller,Brandon Roy,LaMarcus Aldridge,Marcus Camby,Nicolas Batum,3,2:00,IND,sub,,,,T.J. Ford,,Earl Watson,,,,,,,,,,,,
Brandon Rush,Dahntay Jones,Mike Dunleavy,T.J. Ford,Troy Murphy,Andre Miller,Brandon Roy,LaMarcus Aldridge,Marcus Camby,Nicolas Batum,3,2:00,IND,sub,,,,Dahntay Jones,,Danny Granger,,,,,,,,,,,,
A.J. Price,Dahntay Jones,Mike Dunleavy,T.J. Ford,Troy Murphy,Andre Miller,Brandon Roy,LaMarcus Aldridge,Marcus Camby,Nicolas Batum,3,2:00,IND,sub,,,,A.J. Price,,Brandon Rush,,,,,,,,,,,,
A.J. Price,Dahntay Jones,Mike Dunleavy,T.J. Ford,Troy Murphy,Andre Miller,Brandon Roy,Dante Cunningham,Marcus Camby,Nicolas Batum,3,2:00,POR,sub,,,,Dante Cunningham,,LaMarcus Aldridge,,,,,,,,,,,,
A.J. Price,Dahntay Jones,Mike Dunleavy,T.J. Ford,Troy Murphy,Brandon Roy,Dante Cunningham,Jerryd Bayless,Marcus Camby,Nicolas Batum,3,2:00,POR,sub,,,,Jerryd Bayless,,Andre Miller,,,,,,,,,,,,
A.J. Price,Dahntay Jones,Mike Dunleavy,T.J. Ford,Troy Murphy,Brandon Roy,Dante Cunningham,Jerryd Bayless,Marcus Camby,Nicolas Batum,3,1:48,IND,shot,T.J. Ford,,,,,,,,,Mike Dunleavy,2,,,made,,jump,22,29
A.J. Price,Dahntay Jones,Mike Dunleavy,T.J. Ford,Troy Murphy,Brandon Roy,Dante Cunningham,Jerryd Bayless,Marcus Camby,Nicolas Batum,3,1:31,IND,foul,,,,,,,,Brandon Roy,,Dahntay Jones,,,,,,shooting,,
A.J. Price,Dahntay Jones,Mike Dunleavy,T.J. Ford,Troy Murphy,Brandon Roy,Dante Cunningham,Jerryd Bayless,Marcus Camby,Rudy Fernandez,3,1:31,POR,sub,,,,Rudy Fernandez,,Nicolas Batum,,,,,,,,,,,,
A.J. Price,Dahntay Jones,Mike Dunleavy,T.J. Ford,Troy Murphy,Brandon Roy,Dante Cunningham,Jerryd Bayless,Marcus Camby,Rudy Fernandez,3,1:31,POR,free throw,,,,,,,1,,2,Brandon Roy,,,foul,made,,,,
A.J. Price,Dahntay Jones,Mike Dunleavy,T.J. Ford,Troy Murphy,Brandon Roy,Dante Cunningham,Jerryd Bayless,Marcus Camby,Rudy Fernandez,3,1:31,POR,free throw,,,,,,,2,,2,Brandon Roy,,,foul,made,,,,
A.J. Price,Dahntay Jones,Mike Dunleavy,T.J. Ford,Troy Murphy,Brandon Roy,Dante Cunningham,Jerryd Bayless,Marcus Camby,Rudy Fernandez,3,1:12,IND,timeout,,,,,,,,,,,,,,,,short,,
A.J. Price,Dahntay Jones,Mike Dunleavy,T.J. Ford,Troy Murphy,Brandon Roy,Dante Cunningham,Jerryd Bayless,Marcus Camby,Rudy Fernandez,3,1:12,POR,violation,,,,,,,,,,,,,,,,delay of game,,
A.J. Price,Dahntay Jones,Mike Dunleavy,T.J. Ford,Troy Murphy,Brandon Roy,Dante Cunningham,Jerryd Bayless,Marcus Camby,Rudy Fernandez,3,1:07,IND,shot,,,Brandon Roy,,,,,,,A.J. Price,,,,missed,,pullup jump,35,10
A.J. Price,Dahntay Jones,Mike Dunleavy,T.J. Ford,Troy Murphy,Brandon Roy,Dante Cunningham,Jerryd Bayless,Marcus Camby,Rudy Fernandez,3,1:06,POR,rebound,,,,,,,,,,Jerryd Bayless,,,,,,def,,
A.J. Price,Dahntay Jones,Mike Dunleavy,T.J. Ford,Troy Murphy,Brandon Roy,Dante Cunningham,Jerryd Bayless,Marcus Camby,Rudy Fernandez,3,0:45,POR,shot,,,,,,,,,,Rudy Fernandez,3,,,made,,3pt,7,24
A.J. Price,Dahntay Jones,Mike Dunleavy,T.J. Ford,Troy Murphy,Brandon Roy,Dante Cunningham,Jerryd Bayless,Marcus Camby,Rudy Fernandez,3,0:32,IND,shot,,,Brandon Roy,,,,,,,A.J. Price,,,,missed,,3pt,20,30
A.J. Price,Dahntay Jones,Mike Dunleavy,T.J. Ford,Troy Murphy,Brandon Roy,Dante Cunningham,Jerryd Bayless,Marcus Camby,Rudy Fernandez,3,0:31,IND,rebound,,,,,,,,,,T.J. Ford,,,,,,off,,
A.J. Price,Dahntay Jones,Mike Dunleavy,T.J. Ford,Troy Murphy,Brandon Roy,Dante Cunningham,Jerryd Bayless,Marcus Camby,Rudy Fernandez,3,0:26,IND,shot,,,,,,,,,,Mike Dunleavy,,,,missed,,3pt,48,8
A.J. Price,Dahntay Jones,Mike Dunleavy,T.J. Ford,Troy Murphy,Brandon Roy,Dante Cunningham,Jerryd Bayless,Marcus Camby,Rudy Fernandez,3,0:25,IND,rebound,,,,,,,,,,,,,,,,,,
A.J. Price,Dahntay Jones,Mike Dunleavy,T.J. Ford,Troy Murphy,Brandon Roy,Dante Cunningham,Jerryd Bayless,Marcus Camby,Rudy Fernandez,3,0:05,IND,shot,T.J. Ford,,,,,,,,,A.J. Price,3,,,made,,3pt,48,15
A.J. Price,Dahntay Jones,Mike Dunleavy,T.J. Ford,Troy Murphy,Brandon Roy,Dante Cunningham,Jerryd Bayless,Marcus Camby,Rudy Fernandez,3,0:00,POR,shot,,,,,,,,,,Brandon Roy,,,,missed,,3pt,33,30
A.J. Price,Dahntay Jones,Mike Dunleavy,T.J. Ford,Troy Murphy,Brandon Roy,Dante Cunningham,Jerryd Bayless,Marcus Camby,Rudy Fernandez,3,0:00,POR,rebound,,,,,,,,,,Dante Cunningham,,,,,,off,,
A.J. Price,Dahntay Jones,Mike Dunleavy,T.J. Ford,Troy Murphy,Brandon Roy,Dante Cunningham,Jerryd Bayless,Marcus Camby,Rudy Fernandez,3,0:00,POR,shot,,,,,,,,,,Dante Cunningham,,,,missed,,tip,25,6
A.J. Price,Dahntay Jones,Mike Dunleavy,T.J. Ford,Troy Murphy,Brandon Roy,Dante Cunningham,Jerryd Bayless,Marcus Camby,Rudy Fernandez,3,0:00,POR,rebound,,,,,,,,,,,,,,,,,,
A.J. Price,Dahntay Jones,Mike Dunleavy,T.J. Ford,Troy Murphy,Brandon Roy,Dante Cunningham,Jerryd Bayless,Juwan Howard,Rudy Fernandez,4,11:42,POR,shot,,,,,,,,,,Brandon Roy,2,,,made,,driving hook,22,11
A.J. Price,Dahntay Jones,Mike Dunleavy,T.J. Ford,Troy Murphy,Brandon Roy,Dante Cunningham,Jerryd Bayless,Juwan Howard,Rudy Fernandez,4,11:41,IND,turnover,,,,,,,,,,Dahntay Jones,,,inbound turnover,,,,,
A.J. Price,Dahntay Jones,Mike Dunleavy,T.J. Ford,Troy Murphy,Brandon Roy,Dante Cunningham,Jerryd Bayless,Juwan Howard,Rudy Fernandez,4,11:23,POR,shot,,,,,,,,,,Brandon Roy,,,,missed,,jump,26,21
A.J. Price,Dahntay Jones,Mike Dunleavy,T.J. Ford,Troy Murphy,Brandon Roy,Dante Cunningham,Jerryd Bayless,Juwan Howard,Rudy Fernandez,4,11:23,IND,rebound,,,,,,,,,,A.J. Price,,,,,,def,,
A.J. Price,Dahntay Jones,Mike Dunleavy,T.J. Ford,Troy Murphy,Brandon Roy,Dante Cunningham,Jerryd Bayless,Juwan Howard,Rudy Fernandez,4,11:16,POR,violation,,,,,,,,,,Dante Cunningham,,,,,,defensive goaltending,,
A.J. Price,Dahntay Jones,Mike Dunleavy,T.J. Ford,Troy Murphy,Brandon Roy,Dante Cunningham,Jerryd Bayless,Juwan Howard,Rudy Fernandez,4,11:16,IND,shot,A.J. Price,,,,,,,,,Mike Dunleavy,2,,,made,,layup,25,6
A.J. Price,Dahntay Jones,Mike Dunleavy,T.J. Ford,Troy Murphy,Brandon Roy,Dante Cunningham,Jerryd Bayless,Juwan Howard,Rudy Fernandez,4,11:01,POR,shot,Rudy Fernandez,,,,,,,,,Jerryd Bayless,2,,,made,,jump,18,28
A.J. Price,Dahntay Jones,Mike Dunleavy,T.J. Ford,Troy Murphy,Brandon Roy,Dante Cunningham,Jerryd Bayless,Juwan Howard,Rudy Fernandez,4,10:40,IND,shot,,,,,,,,,,T.J. Ford,,,,missed,,jump,26,11
A.J. Price,Dahntay Jones,Mike Dunleavy,T.J. Ford,Troy Murphy,Brandon Roy,Dante Cunningham,Jerryd Bayless,Juwan Howard,Rudy Fernandez,4,10:39,POR,rebound,,,,,,,,,,Dante Cunningham,,,,,,def,,
A.J. Price,Dahntay Jones,Mike Dunleavy,T.J. Ford,Troy Murphy,Brandon Roy,Dante Cunningham,Jerryd Bayless,Juwan Howard,Rudy Fernandez,4,10:26,IND,violation,,,,,,,,,,Troy Murphy,,,,,,kicked ball,,
A.J. Price,Dahntay Jones,Mike Dunleavy,T.J. Ford,Troy Murphy,Brandon Roy,Dante Cunningham,Jerryd Bayless,Juwan Howard,Rudy Fernandez,4,10:21,POR,shot,,,,,,,,,,Jerryd Bayless,,,,missed,,3pt,20,30
A.J. Price,Dahntay Jones,Mike Dunleavy,T.J. Ford,Troy Murphy,Brandon Roy,Dante Cunningham,Jerryd Bayless,Juwan Howard,Rudy Fernandez,4,10:20,IND,rebound,,,,,,,,,,A.J. Price,,,,,,def,,
A.J. Price,Dahntay Jones,Mike Dunleavy,T.J. Ford,Troy Murphy,Brandon Roy,Dante Cunningham,Jerryd Bayless,Juwan Howard,Rudy Fernandez,4,10:11,IND,shot,,,,,,,,,,Troy Murphy,2,,,made,,step back jump,10,17
A.J. Price,Dahntay Jones,Mike Dunleavy,T.J. Ford,Troy Murphy,Brandon Roy,Dante Cunningham,Jerryd Bayless,Juwan Howard,Rudy Fernandez,4,9:58,IND,foul,,,,,,,,Jerryd Bayless,,T.J. Ford,,,,,,personal,,
A.J. Price,Dahntay Jones,Mike Dunleavy,T.J. Ford,Troy Murphy,Brandon Roy,Dante Cunningham,Jerryd Bayless,Juwan Howard,Rudy Fernandez,4,9:51,POR,shot,,,,,,,,,,Dante Cunningham,,,,missed,,jump,28,25
A.J. Price,Dahntay Jones,Mike Dunleavy,T.J. Ford,Troy Murphy,Brandon Roy,Dante Cunningham,Jerryd Bayless,Juwan Howard,Rudy Fernandez,4,9:50,IND,rebound,,,,,,,,,,Troy Murphy,,,,,,def,,
A.J. Price,Dahntay Jones,Mike Dunleavy,T.J. Ford,Troy Murphy,Brandon Roy,Dante Cunningham,Jerryd Bayless,Juwan Howard,Rudy Fernandez,4,9:35,IND,shot,,,,,,,,,,Mike Dunleavy,,,,missed,,3pt,40,26
A.J. Price,Dahntay Jones,Mike Dunleavy,T.J. Ford,Troy Murphy,Brandon Roy,Dante Cunningham,Jerryd Bayless,Juwan Howard,Rudy Fernandez,4,9:34,POR,rebound,,,,,,,,,,Dante Cunningham,,,,,,def,,
A.J. Price,Dahntay Jones,Mike Dunleavy,T.J. Ford,Troy Murphy,Brandon Roy,Dante Cunningham,Jerryd Bayless,Juwan Howard,Rudy Fernandez,4,9:21,POR,shot,,,,,,,,,,Brandon Roy,,,,missed,,driving layup,25,6
A.J. Price,Dahntay Jones,Mike Dunleavy,T.J. Ford,Troy Murphy,Brandon Roy,Dante Cunningham,Jerryd Bayless,Juwan Howard,Rudy Fernandez,4,9:19,IND,rebound,,,,,,,,,,Troy Murphy,,,,,,def,,
A.J. Price,Dahntay Jones,Mike Dunleavy,T.J. Ford,Troy Murphy,Brandon Roy,Dante Cunningham,Jerryd Bayless,Juwan Howard,Rudy Fernandez,4,9:10,IND,turnover,,,,,,,,,,Mike Dunleavy,,,lost ball,,Juwan Howard,,,
A.J. Price,Dahntay Jones,Mike Dunleavy,T.J. Ford,Troy Murphy,Brandon Roy,Dante Cunningham,Jerryd Bayless,Juwan Howard,Rudy Fernandez,4,8:54,IND,foul,,,,,,,,Brandon Roy,,T.J. Ford,,,,,,shooting,,
A.J. Price,Dahntay Jones,Mike Dunleavy,T.J. Ford,Troy Murphy,Brandon Roy,Dante Cunningham,Jerryd Bayless,Juwan Howard,Rudy Fernandez,4,8:54,POR,timeout,,,,,,,,,,,,,,,,official,,
A.J. Price,Brandon Rush,Dahntay Jones,T.J. Ford,Troy Murphy,Brandon Roy,Dante Cunningham,Jerryd Bayless,Juwan Howard,Rudy Fernandez,4,8:54,IND,sub,,,,Brandon Rush,,Mike Dunleavy,,,,,,,,,,,,
A.J. Price,Brandon Rush,Dahntay Jones,Danny Granger,Troy Murphy,Brandon Roy,Dante Cunningham,Jerryd Bayless,Juwan Howard,Rudy Fernandez,4,8:54,IND,sub,,,,Danny Granger,,T.J. Ford,,,,,,,,,,,,
A.J. Price,Brandon Rush,Dahntay Jones,Danny Granger,Troy Murphy,Brandon Roy,Dante Cunningham,Jerryd Bayless,Juwan Howard,Rudy Fernandez,4,8:54,POR,free throw,,,,,,,1,,2,Brandon Roy,,,foul,missed,,,,
A.J. Price,Brandon Rush,Dahntay Jones,Danny Granger,Troy Murphy,Brandon Roy,Dante Cunningham,Jerryd Bayless,Juwan Howard,Rudy Fernandez,4,8:54,POR,rebound,,,,,,,,,,,,,,,,,,
A.J. Price,Brandon Rush,Dahntay Jones,Danny Granger,Troy Murphy,Brandon Roy,Dante Cunningham,Jerryd Bayless,Juwan Howard,Rudy Fernandez,4,8:54,POR,free throw,,,,,,,2,,2,Brandon Roy,,,foul,made,,,,
A.J. Price,Brandon Rush,Dahntay Jones,Danny Granger,Troy Murphy,Brandon Roy,Dante Cunningham,Jerryd Bayless,Juwan Howard,Rudy Fernandez,4,8:35,IND,shot,,,,,,,,,,Dahntay Jones,,,,missed,,jump,37,19
A.J. Price,Brandon Rush,Dahntay Jones,Danny Granger,Troy Murphy,Brandon Roy,Dante Cunningham,Jerryd Bayless,Juwan Howard,Rudy Fernandez,4,8:34,POR,rebound,,,,,,,,,,Jerryd Bayless,,,,,,def,,
A.J. Price,Brandon Rush,Dahntay Jones,Danny Granger,Troy Murphy,Brandon Roy,Dante Cunningham,Jerryd Bayless,Juwan Howard,Rudy Fernandez,4,8:13,POR,shot,Brandon Roy,,,,,,,,,Rudy Fernandez,3,,,made,,3pt,39,26
A.J. Price,Brandon Rush,Dahntay Jones,Danny Granger,Troy Murphy,Brandon Roy,Dante Cunningham,Jerryd Bayless,Juwan Howard,Rudy Fernandez,4,7:48,IND,shot,,,,,,,,,,Brandon Rush,,,,missed,,3pt,37,29
A.J. Price,Brandon Rush,Dahntay Jones,Danny Granger,Troy Murphy,Brandon Roy,Dante Cunningham,Jerryd Bayless,Juwan Howard,Rudy Fernandez,4,7:47,POR,rebound,,,,,,,,,,Juwan Howard,,,,,,def,,
A.J. Price,Brandon Rush,Dahntay Jones,Danny Granger,Troy Murphy,Brandon Roy,Dante Cunningham,Jerryd Bayless,Juwan Howard,Rudy Fernandez,4,7:29,POR,shot,,,,,,,,,,Juwan Howard,,,,missed,,jump,21,27
A.J. Price,Brandon Rush,Dahntay Jones,Danny Granger,Troy Murphy,Brandon Roy,Dante Cunningham,Jerryd Bayless,Juwan Howard,Rudy Fernandez,4,7:27,IND,rebound,,,,,,,,,,A.J. Price,,,,,,def,,
A.J. Price,Brandon Rush,Dahntay Jones,Danny Granger,Troy Murphy,Brandon Roy,Dante Cunningham,Jerryd Bayless,Juwan Howard,Rudy Fernandez,4,7:20,IND,shot,,,,,,,,,,Danny Granger,,,,missed,,3pt,41,25
A.J. Price,Brandon Rush,Dahntay Jones,Danny Granger,Troy Murphy,Brandon Roy,Dante Cunningham,Jerryd Bayless,Juwan Howard,Rudy Fernandez,4,7:20,POR,rebound,,,,,,,,,,Jerryd Bayless,,,,,,def,,
A.J. Price,Brandon Rush,Dahntay Jones,Danny Granger,Troy Murphy,Brandon Roy,Dante Cunningham,Jerryd Bayless,Juwan Howard,Rudy Fernandez,4,7:05,POR,shot,,,,,,,,,,Juwan Howard,,,,missed,,turnaround hook,32,7
A.J. Price,Brandon Rush,Dahntay Jones,Danny Granger,Troy Murphy,Brandon Roy,Dante Cunningham,Jerryd Bayless,Juwan Howard,Rudy Fernandez,4,7:04,IND,rebound,,,,,,,,,,Danny Granger,,,,,,def,,
A.J. Price,Brandon Rush,Dahntay Jones,Danny Granger,Troy Murphy,Brandon Roy,Dante Cunningham,Jerryd Bayless,Juwan Howard,Rudy Fernandez,4,6:52,IND,shot,,,,,,,,,,Brandon Rush,,,,missed,,3pt,4,18
A.J. Price,Brandon Rush,Dahntay Jones,Danny Granger,Troy Murphy,Brandon Roy,Dante Cunningham,Jerryd Bayless,Juwan Howard,Rudy Fernandez,4,6:51,POR,rebound,,,,,,,,,,Jerryd Bayless,,,,,,def,,
A.J. Price,Brandon Rush,Dahntay Jones,Danny Granger,Troy Murphy,Brandon Roy,Dante Cunningham,Jerryd Bayless,Juwan Howard,Rudy Fernandez,4,6:35,POR,shot,Rudy Fernandez,,,,,,,,,Juwan Howard,2,,,made,,layup,25,6
A.J. Price,Brandon Rush,Dahntay Jones,Danny Granger,Troy Murphy,Brandon Roy,Dante Cunningham,Jerryd Bayless,Juwan Howard,Rudy Fernandez,4,6:16,IND,shot,,,,,,,,,,Danny Granger,,,,missed,,running hook,19,6
A.J. Price,Brandon Rush,Dahntay Jones,Danny Granger,Troy Murphy,Brandon Roy,Dante Cunningham,Jerryd Bayless,Juwan Howard,Rudy Fernandez,4,6:15,POR,rebound,,,,,,,,,,Brandon Roy,,,,,,def,,
A.J. Price,Brandon Rush,Dahntay Jones,Danny Granger,Troy Murphy,Brandon Roy,Dante Cunningham,Jerryd Bayless,Juwan Howard,Rudy Fernandez,4,6:09,POR,turnover,,,,,,,,,,Jerryd Bayless,,,lost ball,,A.J. Price,,,
A.J. Price,Brandon Rush,Dahntay Jones,Danny Granger,Troy Murphy,Brandon Roy,Dante Cunningham,Jerryd Bayless,Juwan Howard,Rudy Fernandez,4,6:03,IND,shot,,,,,,,,,,Brandon Rush,,,,missed,,3pt,8,24
A.J. Price,Brandon Rush,Dahntay Jones,Danny Granger,Troy Murphy,Brandon Roy,Dante Cunningham,Jerryd Bayless,Juwan Howard,Rudy Fernandez,4,6:01,POR,rebound,,,,,,,,,,Juwan Howard,,,,,,def,,
A.J. Price,Brandon Rush,Dahntay Jones,Danny Granger,Troy Murphy,Brandon Roy,Dante Cunningham,Jerryd Bayless,Juwan Howard,Rudy Fernandez,4,5:51,IND,foul,,,,,,,,Brandon Roy,,Dahntay Jones,,,,,,shooting,,
A.J. Price,Brandon Rush,Dahntay Jones,Danny Granger,Troy Murphy,Brandon Roy,Dante Cunningham,Jerryd Bayless,Juwan Howard,Rudy Fernandez,4,5:51,POR,timeout,,,,,,,,,,,,,,,,regular,,
A.J. Price,Brandon Rush,Dahntay Jones,Danny Granger,Roy Hibbert,Brandon Roy,Dante Cunningham,Jerryd Bayless,Juwan Howard,Rudy Fernandez,4,5:51,IND,sub,,,,Roy Hibbert,,Troy Murphy,,,,,,,,,,,,
A.J. Price,Brandon Rush,Dahntay Jones,Danny Granger,Roy Hibbert,Brandon Roy,Dante Cunningham,Jerryd Bayless,Juwan Howard,Rudy Fernandez,4,5:51,POR,free throw,,,,,,,1,,2,Brandon Roy,,,foul,made,,,,
A.J. Price,Brandon Rush,Dahntay Jones,Danny Granger,Roy Hibbert,Brandon Roy,Dante Cunningham,Jerryd Bayless,Juwan Howard,Rudy Fernandez,4,5:51,POR,free throw,,,,,,,2,,2,Brandon Roy,,,foul,made,,,,
A.J. Price,Brandon Rush,Dahntay Jones,Danny Granger,Roy Hibbert,Brandon Roy,Dante Cunningham,Jerryd Bayless,Juwan Howard,Rudy Fernandez,4,5:38,IND,shot,,,Brandon Roy,,,,,,,Roy Hibbert,,,,missed,,layup,25,6
A.J. Price,Brandon Rush,Dahntay Jones,Danny Granger,Roy Hibbert,Brandon Roy,Dante Cunningham,Jerryd Bayless,Juwan Howard,Rudy Fernandez,4,5:38,IND,rebound,,,,,,,,,,,,,,,,,,
A.J. Price,Brandon Rush,Dahntay Jones,Danny Granger,Roy Hibbert,Brandon Roy,Dante Cunningham,Juwan Howard,Patrick Mills,Rudy Fernandez,4,5:38,POR,sub,,,,Patrick Mills,,Jerryd Bayless,,,,,,,,,,,,
A.J. Price,Brandon Rush,Dahntay Jones,Danny Granger,Roy Hibbert,Brandon Roy,Dante Cunningham,Juwan Howard,Patrick Mills,Rudy Fernandez,4,5:38,IND,jump ball,,Roy Hibbert,,,Brandon Roy,,,,,,,Dahntay Jones,,,,,,
A.J. Price,Brandon Rush,Dahntay Jones,Danny Granger,Roy Hibbert,Brandon Roy,Dante Cunningham,Juwan Howard,Patrick Mills,Rudy Fernandez,4,5:27,IND,shot,,,,,,,,,,A.J. Price,,,,missed,,3pt,44,21
A.J. Price,Brandon Rush,Dahntay Jones,Danny Granger,Roy Hibbert,Brandon Roy,Dante Cunningham,Juwan Howard,Patrick Mills,Rudy Fernandez,4,5:26,POR,rebound,,,,,,,,,,Rudy Fernandez,,,,,,def,,
A.J. Price,Brandon Rush,Dahntay Jones,Danny Granger,Roy Hibbert,Brandon Roy,Dante Cunningham,Juwan Howard,Patrick Mills,Rudy Fernandez,4,5:12,POR,shot,Brandon Roy,,,,,,,,,Dante Cunningham,2,,,made,,dunk,25,6
A.J. Price,Brandon Rush,Dahntay Jones,Danny Granger,Roy Hibbert,Brandon Roy,Dante Cunningham,Juwan Howard,Patrick Mills,Rudy Fernandez,4,4:59,IND,shot,,,,,,,,,,Danny Granger,,,,missed,,layup,25,6
A.J. Price,Brandon Rush,Dahntay Jones,Danny Granger,Roy Hibbert,Brandon Roy,Dante Cunningham,Juwan Howard,Patrick Mills,Rudy Fernandez,4,4:58,POR,rebound,,,,,,,,,,Brandon Roy,,,,,,def,,
A.J. Price,Brandon Rush,Dahntay Jones,Danny Granger,Roy Hibbert,Brandon Roy,Dante Cunningham,Juwan Howard,Patrick Mills,Rudy Fernandez,4,4:49,POR,turnover,,,,,,,,,,Brandon Roy,,,backcourt turnover,,,,,
A.J. Price,Brandon Rush,Dahntay Jones,Danny Granger,Roy Hibbert,Dante Cunningham,Juwan Howard,Martell Webster,Patrick Mills,Rudy Fernandez,4,4:49,POR,sub,,,,Martell Webster,,Brandon Roy,,,,,,,,,,,,
A.J. Price,Brandon Rush,Dahntay Jones,Josh McRoberts,Roy Hibbert,Dante Cunningham,Juwan Howard,Martell Webster,Patrick Mills,Rudy Fernandez,4,4:49,IND,sub,,,,Josh McRoberts,,Danny Granger,,,,,,,,,,,,
A.J. Price,Brandon Rush,Dahntay Jones,Josh McRoberts,Roy Hibbert,Dante Cunningham,Juwan Howard,Martell Webster,Patrick Mills,Rudy Fernandez,4,4:35,POR,foul,,,,,,,,Roy Hibbert,,Juwan Howard,,,,,,personal,,
A.J. Price,Brandon Rush,Dahntay Jones,Josh McRoberts,Roy Hibbert,Dante Cunningham,Juwan Howard,Martell Webster,Patrick Mills,Rudy Fernandez,4,4:25,IND,shot,Josh McRoberts,,,,,,,,,Dahntay Jones,2,,,made,,jump,38,23
A.J. Price,Brandon Rush,Dahntay Jones,Josh McRoberts,Roy Hibbert,Dante Cunningham,Juwan Howard,Martell Webster,Patrick Mills,Rudy Fernandez,4,4:06,POR,shot,,,,,,,,,,Patrick Mills,,,,missed,,driving layup,25,6
A.J. Price,Brandon Rush,Dahntay Jones,Josh McRoberts,Roy Hibbert,Dante Cunningham,Juwan Howard,Martell Webster,Patrick Mills,Rudy Fernandez,4,4:05,POR,rebound,,,,,,,,,,,,,,,,,,
A.J. Price,Brandon Rush,Dahntay Jones,Josh McRoberts,Roy Hibbert,Dante Cunningham,Jeff Pendergraph,Martell Webster,Patrick Mills,Rudy Fernandez,4,4:05,POR,sub,,,,Jeff Pendergraph,,Juwan Howard,,,,,,,,,,,,
A.J. Price,Brandon Rush,Dahntay Jones,Josh McRoberts,Roy Hibbert,Dante Cunningham,Jeff Pendergraph,Martell Webster,Patrick Mills,Rudy Fernandez,4,3:55,IND,foul,,,,,,,,Martell Webster,,Dahntay Jones,,,,,,shooting,,
A.J. Price,Brandon Rush,Dahntay Jones,Josh McRoberts,Roy Hibbert,Dante Cunningham,Jeff Pendergraph,Martell Webster,Patrick Mills,Rudy Fernandez,4,3:55,POR,free throw,,,,,,,1,,2,Martell Webster,,,foul,made,,,,
A.J. Price,Brandon Rush,Dahntay Jones,Josh McRoberts,Roy Hibbert,Dante Cunningham,Jeff Pendergraph,Martell Webster,Patrick Mills,Rudy Fernandez,4,3:55,POR,free throw,,,,,,,2,,2,Martell Webster,,,foul,made,,,,
A.J. Price,Brandon Rush,Dahntay Jones,Josh McRoberts,Roy Hibbert,Dante Cunningham,Jeff Pendergraph,Martell Webster,Patrick Mills,Rudy Fernandez,4,3:31,IND,shot,,,,,,,,,,A.J. Price,2,,,made,,running jump,16,20
A.J. Price,Brandon Rush,Dahntay Jones,Josh McRoberts,Roy Hibbert,Dante Cunningham,Jeff Pendergraph,Martell Webster,Patrick Mills,Rudy Fernandez,4,3:14,POR,shot,,,,,,,,,,Patrick Mills,,,,missed,,jump,10,6
A.J. Price,Brandon Rush,Dahntay Jones,Josh McRoberts,Roy Hibbert,Dante Cunningham,Jeff Pendergraph,Martell Webster,Patrick Mills,Rudy Fernandez,4,3:13,IND,rebound,,,,,,,,,,Brandon Rush,,,,,,def,,
A.J. Price,Brandon Rush,Dahntay Jones,Josh McRoberts,Roy Hibbert,Dante Cunningham,Jeff Pendergraph,Martell Webster,Patrick Mills,Rudy Fernandez,4,3:09,IND,shot,Brandon Rush,,,,,,,,,Dahntay Jones,2,,,made,,layup,25,6
A.J. Price,Brandon Rush,Dahntay Jones,Josh McRoberts,Roy Hibbert,Dante Cunningham,Jeff Pendergraph,Martell Webster,Patrick Mills,Rudy Fernandez,4,2:48,POR,shot,,,,,,,,,,Rudy Fernandez,3,,,made,,3pt,11,26
A.J. Price,Brandon Rush,Dahntay Jones,Josh McRoberts,Roy Hibbert,Dante Cunningham,Jeff Pendergraph,Martell Webster,Patrick Mills,Rudy Fernandez,4,2:37,POR,foul,,,,,,,,,,Double,,,,,,technical,,
A.J. Price,Brandon Rush,Dahntay Jones,Josh McRoberts,Roy Hibbert,Dante Cunningham,Jeff Pendergraph,Martell Webster,Patrick Mills,Rudy Fernandez,4,2:37,IND,timeout,,,,,,,,,,,,,,,,regular,,
A.J. Price,Brandon Rush,Dahntay Jones,Josh McRoberts,Roy Hibbert,Dante Cunningham,Jeff Pendergraph,Martell Webster,Patrick Mills,Rudy Fernandez,4,2:17,IND,shot,,,,,,,,,,Brandon Rush,2,,,made,,pullup jump,15,23
A.J. Price,Brandon Rush,Dahntay Jones,Josh McRoberts,Roy Hibbert,Dante Cunningham,Jeff Pendergraph,Martell Webster,Patrick Mills,Rudy Fernandez,4,2:01,POR,shot,,,,,,,,,,Rudy Fernandez,,,,missed,,3pt,6,21
A.J. Price,Brandon Rush,Dahntay Jones,Josh McRoberts,Roy Hibbert,Dante Cunningham,Jeff Pendergraph,Martell Webster,Patrick Mills,Rudy Fernandez,4,2:00,IND,rebound,,,,,,,,,,Roy Hibbert,,,,,,def,,
A.J. Price,Brandon Rush,Dahntay Jones,Josh McRoberts,Roy Hibbert,Dante Cunningham,Jeff Pendergraph,Martell Webster,Patrick Mills,Rudy Fernandez,4,1:47,POR,foul,,,,,,,,Josh McRoberts,,Patrick Mills,,,,,,personal,,
A.J. Price,Brandon Rush,Dahntay Jones,Josh McRoberts,Roy Hibbert,Dante Cunningham,Jeff Pendergraph,Martell Webster,Patrick Mills,Rudy Fernandez,4,1:38,IND,shot,,,,,,,,,,Dahntay Jones,2,,,made,,pullup jump,12,21
A.J. Price,Brandon Rush,Dahntay Jones,Josh McRoberts,Roy Hibbert,Dante Cunningham,Jeff Pendergraph,Martell Webster,Patrick Mills,Rudy Fernandez,4,1:27,IND,foul,,,,,,,,Dante Cunningham,,Josh McRoberts,,,,,,personal,,
A.J. Price,Brandon Rush,Dahntay Jones,Josh McRoberts,Roy Hibbert,Dante Cunningham,Jeff Pendergraph,Martell Webster,Patrick Mills,Rudy Fernandez,4,1:27,POR,free throw,,,,,,,1,,2,Dante Cunningham,,,foul,made,,,,
A.J. Price,Brandon Rush,Dahntay Jones,Josh McRoberts,Roy Hibbert,Dante Cunningham,Jeff Pendergraph,Martell Webster,Patrick Mills,Rudy Fernandez,4,1:27,POR,free throw,,,,,,,2,,2,Dante Cunningham,,,foul,made,,,,
A.J. Price,Brandon Rush,Dahntay Jones,Josh McRoberts,Roy Hibbert,Dante Cunningham,Jeff Pendergraph,Martell Webster,Patrick Mills,Rudy Fernandez,4,1:15,IND,turnover,,,,,,,,,,Josh McRoberts,,,lost ball,,Dante Cunningham,,,
A.J. Price,Brandon Rush,Dahntay Jones,Josh McRoberts,Roy Hibbert,Dante Cunningham,Jeff Pendergraph,Martell Webster,Patrick Mills,Rudy Fernandez,4,1:12,IND,violation,,,,,,,,,,Josh McRoberts,,,,,,defensive goaltending,,
A.J. Price,Brandon Rush,Dahntay Jones,Josh McRoberts,Roy Hibbert,Dante Cunningham,Jeff Pendergraph,Martell Webster,Patrick Mills,Rudy Fernandez,4,1:12,POR,shot,Dante Cunningham,,,,,,,,,Martell Webster,2,,,made,,layup,25,6
A.J. Price,Brandon Rush,Dahntay Jones,Josh McRoberts,Roy Hibbert,Dante Cunningham,Jeff Pendergraph,Martell Webster,Patrick Mills,Rudy Fernandez,4,1:00,IND,shot,A.J. Price,,,,,,,,,Josh McRoberts,2,,,made,,dunk,25,6
A.J. Price,Brandon Rush,Dahntay Jones,Josh McRoberts,Roy Hibbert,Dante Cunningham,Jeff Pendergraph,Martell Webster,Patrick Mills,Rudy Fernandez,4,0:40,POR,shot,,,,,,,,,,Martell Webster,,,,missed,,layup,25,6
A.J. Price,Brandon Rush,Dahntay Jones,Josh McRoberts,Roy Hibbert,Dante Cunningham,Jeff Pendergraph,Martell Webster,Patrick Mills,Rudy Fernandez,4,0:39,IND,rebound,,,,,,,,,,Josh McRoberts,,,,,,def,,
A.J. Price,Brandon Rush,Dahntay Jones,Josh McRoberts,Roy Hibbert,Dante Cunningham,Jeff Pendergraph,Martell Webster,Patrick Mills,Rudy Fernandez,4,0:39,POR,foul,,,,,,,,Josh McRoberts,,Martell Webster,,,,,,personal,,
A.J. Price,Brandon Rush,Dahntay Jones,Josh McRoberts,Roy Hibbert,Dante Cunningham,Jeff Pendergraph,Martell Webster,Patrick Mills,Rudy Fernandez,4,0:39,IND,free throw,,,,,,,1,,2,Josh McRoberts,,,foul,missed,,,,
A.J. Price,Brandon Rush,Dahntay Jones,Josh McRoberts,Roy Hibbert,Dante Cunningham,Jeff Pendergraph,Martell Webster,Patrick Mills,Rudy Fernandez,4,0:39,IND,rebound,,,,,,,,,,,,,,,,,,
A.J. Price,Brandon Rush,Dahntay Jones,Josh McRoberts,Roy Hibbert,Dante Cunningham,Jeff Pendergraph,Martell Webster,Patrick Mills,Rudy Fernandez,4,0:39,IND,free throw,,,,,,,2,,2,Josh McRoberts,,,foul,made,,,,
A.J. Price,Brandon Rush,Dahntay Jones,Josh McRoberts,Roy Hibbert,Dante Cunningham,Jeff Pendergraph,Martell Webster,Patrick Mills,Rudy Fernandez,4,0:20,POR,shot,,,,,,,,,,Patrick Mills,,,,missed,,driving layup,25,6
A.J. Price,Brandon Rush,Dahntay Jones,Josh McRoberts,Roy Hibbert,Dante Cunningham,Jeff Pendergraph,Martell Webster,Patrick Mills,Rudy Fernandez,4,0:18,POR,rebound,,,,,,,,,,Dante Cunningham,,,,,,off,,
