a1,a2,a3,a4,a5,h1,h2,h3,h4,h5,period,time,team,etype,assist,away,block,entered,home,left,num,opponent,outof,player,points,possession,reason,result,steal,type,x,y
Carlos Boozer,Deron Williams,Mehmet Okur,Ronnie Brewer,Wesley Matthews,Al Horford,Joe Johnson,Josh Smith,Marvin Williams,Mike Bibby,1,12:00,OFF,jump ball,,Mehmet Okur,,,Josh Smith,,,,,,,Deron Williams,,,,,,
Carlos Boozer,Deron Williams,Mehmet Okur,Ronnie Brewer,Wesley Matthews,Al Horford,Joe Johnson,Josh Smith,Marvin Williams,Mike Bibby,1,11:44,UTA,shot,,,,,,,,,,Mehmet Okur,,,,missed,,driving layup,27,6
Carlos Boozer,Deron Williams,Mehmet Okur,Ronnie Brewer,Wesley Matthews,Al Horford,Joe Johnson,Josh Smith,Marvin Williams,Mike Bibby,1,11:43,ATL,rebound,,,,,,,,,,Josh Smith,,,,,,def,,
Carlos Boozer,Deron Williams,Mehmet Okur,Ronnie Brewer,Wesley Matthews,Al Horford,Joe Johnson,Josh Smith,Marvin Williams,Mike Bibby,1,11:37,ATL,turnover,,,,,,,,,,Josh Smith,,,lost ball,,Wesley Matthews,,,
Carlos Boozer,Deron Williams,Mehmet Okur,Ronnie Brewer,Wesley Matthews,Al Horford,Joe Johnson,Josh Smith,Marvin Williams,Mike Bibby,1,11:32,UTA,shot,Wesley Matthews,,,,,,,,,Ronnie Brewer,2,,,made,,running layup,26,5
Carlos Boozer,Deron Williams,Mehmet Okur,Ronnie Brewer,Wesley Matthews,Al Horford,Joe Johnson,Josh Smith,Marvin Williams,Mike Bibby,1,11:13,ATL,shot,,,,,,,,,,Joe Johnson,,,,missed,,jump,30,24
Carlos Boozer,Deron Williams,Mehmet Okur,Ronnie Brewer,Wesley Matthews,Al Horford,Joe Johnson,Josh Smith,Marvin Williams,Mike Bibby,1,11:12,UTA,rebound,,,,,,,,,,Carlos Boozer,,,,,,def,,
Carlos Boozer,Deron Williams,Mehmet Okur,Ronnie Brewer,Wesley Matthews,Al Horford,Joe Johnson,Josh Smith,Marvin Williams,Mike Bibby,1,10:50,UTA,shot,,,,,,,,,,Mehmet Okur,2,,,made,,layup,26,6
Carlos Boozer,Deron Williams,Mehmet Okur,Ronnie Brewer,Wesley Matthews,Al Horford,Joe Johnson,Josh Smith,Marvin Williams,Mike Bibby,1,10:32,ATL,shot,,,,,,,,,,Mike Bibby,,,,missed,,jump,40,7
Carlos Boozer,Deron Williams,Mehmet Okur,Ronnie Brewer,Wesley Matthews,Al Horford,Joe Johnson,Josh Smith,Marvin Williams,Mike Bibby,1,10:31,UTA,rebound,,,,,,,,,,Deron Williams,,,,,,def,,
Carlos Boozer,Deron Williams,Mehmet Okur,Ronnie Brewer,Wesley Matthews,Al Horford,Joe Johnson,Josh Smith,Marvin Williams,Mike Bibby,1,10:25,UTA,shot,,,,,,,,,,Deron Williams,,,,missed,,running layup,23,5
Carlos Boozer,Deron Williams,Mehmet Okur,Ronnie Brewer,Wesley Matthews,Al Horford,Joe Johnson,Josh Smith,Marvin Williams,Mike Bibby,1,10:23,ATL,rebound,,,,,,,,,,Joe Johnson,,,,,,def,,
Carlos Boozer,Deron Williams,Mehmet Okur,Ronnie Brewer,Wesley Matthews,Al Horford,Joe Johnson,Josh Smith,Marvin Williams,Mike Bibby,1,10:14,ATL,shot,Joe Johnson,,,,,,,,,Al Horford,2,,,made,,jump,14,19
Carlos Boozer,Deron Williams,Mehmet Okur,Ronnie Brewer,Wesley Matthews,Al Horford,Joe Johnson,Josh Smith,Marvin Williams,Mike Bibby,1,9:56,UTA,shot,,,,,,,,,,Carlos Boozer,,,,missed,,jump,19,23
Carlos Boozer,Deron Williams,Mehmet Okur,Ronnie Brewer,Wesley Matthews,Al Horford,Joe Johnson,Josh Smith,Marvin Williams,Mike Bibby,1,9:54,ATL,rebound,,,,,,,,,,Marvin Williams,,,,,,def,,
Carlos Boozer,Deron Williams,Mehmet Okur,Ronnie Brewer,Wesley Matthews,Al Horford,Joe Johnson,Josh Smith,Marvin Williams,Mike Bibby,1,9:40,ATL,shot,,,,,,,,,,Josh Smith,,,,missed,,jump,9,22
Carlos Boozer,Deron Williams,Mehmet Okur,Ronnie Brewer,Wesley Matthews,Al Horford,Joe Johnson,Josh Smith,Marvin Williams,Mike Bibby,1,9:38,ATL,rebound,,,,,,,,,,Joe Johnson,,,,,,off,,
Carlos Boozer,Deron Williams,Mehmet Okur,Ronnie Brewer,Wesley Matthews,Al Horford,Joe Johnson,Josh Smith,Marvin Williams,Mike Bibby,1,9:35,ATL,shot,,,,,,,,,,Joe Johnson,2,,,made,,turnaround jump,35,10
Carlos Boozer,Deron Williams,Mehmet Okur,Ronnie Brewer,Wesley Matthews,Al Horford,Joe Johnson,Josh Smith,Marvin Williams,Mike Bibby,1,9:13,UTA,shot,,,,,,,,,,Deron Williams,,,,missed,,turnaround jump,17,24
Carlos Boozer,Deron Williams,Mehmet Okur,Ronnie Brewer,Wesley Matthews,Al Horford,Joe Johnson,Josh Smith,Marvin Williams,Mike Bibby,1,9:11,ATL,rebound,,,,,,,,,,Joe Johnson,,,,,,def,,
Carlos Boozer,Deron Williams,Mehmet Okur,Ronnie Brewer,Wesley Matthews,Al Horford,Joe Johnson,Josh Smith,Marvin Williams,Mike Bibby,1,9:06,ATL,shot,Marvin Williams,,,,,,,,,Josh Smith,2,,,made,,dunk,25,6
Carlos Boozer,Deron Williams,Mehmet Okur,Ronnie Brewer,Wesley Matthews,Al Horford,Joe Johnson,Josh Smith,Marvin Williams,Mike Bibby,1,8:54,UTA,shot,Deron Williams,,,,,,,,,Carlos Boozer,2,,,made,,jump,30,8
Carlos Boozer,Deron Williams,Mehmet Okur,Ronnie Brewer,Wesley Matthews,Al Horford,Joe Johnson,Josh Smith,Marvin Williams,Mike Bibby,1,8:33,ATL,shot,,,,,,,,,,Joe Johnson,,,,missed,,turnaround jump,29,18
Carlos Boozer,Deron Williams,Mehmet Okur,Ronnie Brewer,Wesley Matthews,Al Horford,Joe Johnson,Josh Smith,Marvin Williams,Mike Bibby,1,8:31,UTA,rebound,,,,,,,,,,Mehmet Okur,,,,,,def,,
Carlos Boozer,Deron Williams,Mehmet Okur,Ronnie Brewer,Wesley Matthews,Al Horford,Joe Johnson,Josh Smith,Marvin Williams,Mike Bibby,1,8:14,UTA,turnover,,,,,,,,,,Mehmet Okur,,,traveling,,,,,
Carlos Boozer,Deron Williams,Mehmet Okur,Ronnie Brewer,Wesley Matthews,Al Horford,Joe Johnson,Josh Smith,Marvin Williams,Mike Bibby,1,7:57,ATL,shot,Mike Bibby,,,,,,,,,Marvin Williams,3,,,made,,3pt,1,10
Carlos Boozer,Deron Williams,Mehmet Okur,Ronnie Brewer,Wesley Matthews,Al Horford,Joe Johnson,Josh Smith,Marvin Williams,Mike Bibby,1,7:36,UTA,shot,,,,,,,,,,Deron Williams,,,,missed,,3pt,11,27
Carlos Boozer,Deron Williams,Mehmet Okur,Ronnie Brewer,Wesley Matthews,Al Horford,Joe Johnson,Josh Smith,Marvin Williams,Mike Bibby,1,7:35,ATL,rebound,,,,,,,,,,Al Horford,,,,,,def,,
Carlos Boozer,Deron Williams,Mehmet Okur,Ronnie Brewer,Wesley Matthews,Al Horford,Joe Johnson,Josh Smith,Marvin Williams,Mike Bibby,1,7:26,ATL,shot,Joe Johnson,,,,,,,,,Josh Smith,2,,,made,,dunk,25,6
Carlos Boozer,Deron Williams,Mehmet Okur,Ronnie Brewer,Wesley Matthews,Al Horford,Joe Johnson,Josh Smith,Marvin Williams,Mike Bibby,1,7:04,UTA,shot,Deron Williams,,,,,,,,,Wesley Matthews,2,,,made,,layup,27,7
Carlos Boozer,Deron Williams,Mehmet Okur,Ronnie Brewer,Wesley Matthews,Al Horford,Joe Johnson,Josh Smith,Marvin Williams,Mike Bibby,1,6:57,ATL,turnover,,,,,,,,,,Mike Bibby,,,lost ball,,Deron Williams,,,
Carlos Boozer,Deron Williams,Mehmet Okur,Ronnie Brewer,Wesley Matthews,Al Horford,Joe Johnson,Josh Smith,Marvin Williams,Mike Bibby,1,6:57,ATL,foul,,,,,,,,Deron Williams,,Mike Bibby,,,,,,clear path,,
Carlos Boozer,Deron Williams,Mehmet Okur,Ronnie Brewer,Wesley Matthews,Al Horford,Joe Johnson,Josh Smith,Marvin Williams,Mike Bibby,1,6:57,UTA,free throw,,,,,,,1,,2,Deron Williams,,,foul,missed,,,,
Carlos Boozer,Deron Williams,Mehmet Okur,Ronnie Brewer,Wesley Matthews,Al Horford,Joe Johnson,Josh Smith,Marvin Williams,Mike Bibby,1,6:57,UTA,rebound,,,,,,,,,,,,,,,,,,
Carlos Boozer,Deron Williams,Mehmet Okur,Ronnie Brewer,Wesley Matthews,Al Horford,Joe Johnson,Josh Smith,Marvin Williams,Mike Bibby,1,6:57,UTA,free throw,,,,,,,2,,2,Deron Williams,,,foul,missed,,,,
Carlos Boozer,Deron Williams,Mehmet Okur,Ronnie Brewer,Wesley Matthews,Al Horford,Joe Johnson,Josh Smith,Marvin Williams,Mike Bibby,1,6:57,UTA,rebound,,,,,,,,,,,,,,,,,,
Carlos Boozer,Deron Williams,Mehmet Okur,Ronnie Brewer,Wesley Matthews,Al Horford,Joe Johnson,Josh Smith,Marvin Williams,Mike Bibby,1,6:41,UTA,shot,,,,,,,,,,Ronnie Brewer,,,,missed,,3pt,21,31
Carlos Boozer,Deron Williams,Mehmet Okur,Ronnie Brewer,Wesley Matthews,Al Horford,Joe Johnson,Josh Smith,Marvin Williams,Mike Bibby,1,6:39,ATL,rebound,,,,,,,,,,Josh Smith,,,,,,def,,
Carlos Boozer,Deron Williams,Mehmet Okur,Ronnie Brewer,Wesley Matthews,Al Horford,Joe Johnson,Josh Smith,Marvin Williams,Mike Bibby,1,6:27,ATL,shot,,,,,,,,,,Joe Johnson,,,,missed,,3pt,43,23
Carlos Boozer,Deron Williams,Mehmet Okur,Ronnie Brewer,Wesley Matthews,Al Horford,Joe Johnson,Josh Smith,Marvin Williams,Mike Bibby,1,6:26,UTA,rebound,,,,,,,,,,Deron Williams,,,,,,def,,
Carlos Boozer,Deron Williams,Mehmet Okur,Ronnie Brewer,Wesley Matthews,Al Horford,Joe Johnson,Josh Smith,Marvin Williams,Mike Bibby,1,6:10,UTA,shot,,,,,,,,,,Wesley Matthews,,,,missed,,3pt,43,24
Carlos Boozer,Deron Williams,Mehmet Okur,Ronnie Brewer,Wesley Matthews,Al Horford,Joe Johnson,Josh Smith,Marvin Williams,Mike Bibby,1,6:09,ATL,rebound,,,,,,,,,,Al Horford,,,,,,def,,
Carlos Boozer,Deron Williams,Mehmet Okur,Ronnie Brewer,Wesley Matthews,Al Horford,Joe Johnson,Josh Smith,Marvin Williams,Mike Bibby,1,6:00,UTA,foul,,,,,,,,Joe Johnson,,Wesley Matthews,,,,,,personal,,
Carlos Boozer,Deron Williams,Mehmet Okur,Ronnie Brewer,Wesley Matthews,Al Horford,Joe Johnson,Josh Smith,Marvin Williams,Mike Bibby,1,5:46,ATL,shot,Joe Johnson,,,,,,,,,Mike Bibby,3,,,made,,3pt,48,8
Carlos Boozer,Deron Williams,Mehmet Okur,Ronnie Brewer,Wesley Matthews,Al Horford,Joe Johnson,Josh Smith,Marvin Williams,Mike Bibby,1,5:28,ATL,timeout,,,,,,,,,,,,,,,,regular,,
Carlos Boozer,Deron Williams,Mehmet Okur,Ronnie Brewer,Wesley Matthews,Al Horford,Jamal Crawford,Joe Johnson,Josh Smith,Mike Bibby,1,5:28,ATL,sub,,,,Jamal Crawford,,Marvin Williams,,,,,,,,,,,,
Carlos Boozer,Deron Williams,Mehmet Okur,Ronnie Brewer,Wesley Matthews,Al Horford,Jamal Crawford,Joe Johnson,Josh Smith,Mike Bibby,1,5:24,UTA,shot,,,,,,,,,,Mehmet Okur,,,,missed,,jump,32,26
Carlos Boozer,Deron Williams,Mehmet Okur,Ronnie Brewer,Wesley Matthews,Al Horford,Jamal Crawford,Joe Johnson,Josh Smith,Mike Bibby,1,5:23,ATL,rebound,,,,,,,,,,Mike Bibby,,,,,,def,,
Carlos Boozer,Deron Williams,Mehmet Okur,Ronnie Brewer,Wesley Matthews,Al Horford,Jamal Crawford,Joe Johnson,Josh Smith,Mike Bibby,1,5:21,ATL,shot,Mike Bibby,,,,,,,,,Josh Smith,2,,,made,,running layup,26,5
Carlos Boozer,Deron Williams,Mehmet Okur,Ronnie Brewer,Wesley Matthews,Al Horford,Jamal Crawford,Joe Johnson,Josh Smith,Mike Bibby,1,5:21,UTA,foul,,,,,,,,Josh Smith,,Mehmet Okur,,,,,,shooting,,
Carlos Boozer,Deron Williams,Mehmet Okur,Ronnie Brewer,Wesley Matthews,Al Horford,Jamal Crawford,Joe Johnson,Josh Smith,Mike Bibby,1,5:21,ATL,free throw,,,,,,,1,,1,Josh Smith,,,foul,missed,,,,
Carlos Boozer,Deron Williams,Mehmet Okur,Ronnie Brewer,Wesley Matthews,Al Horford,Jamal Crawford,Joe Johnson,Josh Smith,Mike Bibby,1,5:20,UTA,rebound,,,,,,,,,,Carlos Boozer,,,,,,def,,
Carlos Boozer,Deron Williams,Mehmet Okur,Ronnie Brewer,Wesley Matthews,Al Horford,Jamal Crawford,Joe Johnson,Josh Smith,Mike Bibby,1,5:07,UTA,turnover,,,,,,,,,,Carlos Boozer,,,bad pass,,Josh Smith,,,
Carlos Boozer,Deron Williams,Mehmet Okur,Ronnie Brewer,Wesley Matthews,Al Horford,Jamal Crawford,Joe Johnson,Josh Smith,Mike Bibby,1,4:58,ATL,shot,Josh Smith,,,,,,,,,Jamal Crawford,3,,,made,,3pt,48,13
Carlos Boozer,Deron Williams,Mehmet Okur,Ronnie Brewer,Wesley Matthews,Al Horford,Jamal Crawford,Joe Johnson,Josh Smith,Mike Bibby,1,4:43,ATL,foul,,,,,,,,Mehmet Okur,,Al Horford,,,,,,shooting,,
Carlos Boozer,Deron Williams,Mehmet Okur,Ronnie Brewer,Wesley Matthews,Al Horford,Jamal Crawford,Joe Johnson,Josh Smith,Mike Bibby,1,4:43,UTA,free throw,,,,,,,1,,2,Mehmet Okur,,,foul,made,,,,
Carlos Boozer,Deron Williams,Mehmet Okur,Ronnie Brewer,Wesley Matthews,Al Horford,Jamal Crawford,Joe Johnson,Josh Smith,Mike Bibby,1,4:43,UTA,free throw,,,,,,,2,,2,Mehmet Okur,,,foul,made,,,,
Carlos Boozer,Deron Williams,Mehmet Okur,Ronnie Brewer,Wesley Matthews,Al Horford,Jamal Crawford,Joe Johnson,Josh Smith,Mike Bibby,1,4:26,ATL,shot,,,,,,,,,,Joe Johnson,2,,,made,,running jump,33,12
Carlos Boozer,Deron Williams,Mehmet Okur,Ronnie Brewer,Wesley Matthews,Al Horford,Jamal Crawford,Joe Johnson,Josh Smith,Mike Bibby,1,4:00,UTA,shot,,,Josh Smith,,,,,,,Ronnie Brewer,,,,missed,,dunk,26,6
Carlos Boozer,Deron Williams,Mehmet Okur,Ronnie Brewer,Wesley Matthews,Al Horford,Jamal Crawford,Joe Johnson,Josh Smith,Mike Bibby,1,3:57,UTA,rebound,,,,,,,,,,Ronnie Brewer,,,,,,off,,
Carlos Boozer,Deron Williams,Paul Millsap,Ronnie Brewer,Wesley Matthews,Al Horford,Jamal Crawford,Joe Johnson,Josh Smith,Mike Bibby,1,3:57,UTA,sub,,,,Paul Millsap,,Mehmet Okur,,,,,,,,,,,,
Carlos Boozer,Deron Williams,Paul Millsap,Ronnie Brewer,Wesley Matthews,Al Horford,Jamal Crawford,Joe Johnson,Josh Smith,Mike Bibby,1,3:53,UTA,foul,,,,,,,,Joe Johnson,,Carlos Boozer,,,,,,offensive,,
Carlos Boozer,Deron Williams,Paul Millsap,Ronnie Brewer,Wesley Matthews,Al Horford,Jamal Crawford,Joe Johnson,Josh Smith,Mike Bibby,1,3:53,UTA,turnover,,,,,,,,,,Carlos Boozer,,,foul,,,,,
Carlos Boozer,Deron Williams,Paul Millsap,Ronnie Brewer,Wesley Matthews,Al Horford,Jamal Crawford,Joe Johnson,Josh Smith,Mike Bibby,1,3:41,ATL,shot,,,,,,,,,,Al Horford,,,,missed,,turnaround jump,28,9
Carlos Boozer,Deron Williams,Paul Millsap,Ronnie Brewer,Wesley Matthews,Al Horford,Jamal Crawford,Joe Johnson,Josh Smith,Mike Bibby,1,3:38,UTA,rebound,,,,,,,,,,Carlos Boozer,,,,,,def,,
Carlos Boozer,Deron Williams,Paul Millsap,Ronnie Brewer,Wesley Matthews,Al Horford,Jamal Crawford,Joe Johnson,Josh Smith,Mike Bibby,1,3:28,UTA,turnover,,,,,,,,,,Deron Williams,,,bad pass,,Josh Smith,,,
Carlos Boozer,Deron Williams,Paul Millsap,Ronnie Brewer,Wesley Matthews,Al Horford,Jamal Crawford,Joe Johnson,Josh Smith,Mike Bibby,1,3:25,ATL,turnover,,,,,,,,,,Al Horford,,,bad pass,,Deron Williams,,,
Carlos Boozer,Deron Williams,Paul Millsap,Ronnie Brewer,Wesley Matthews,Al Horford,Jamal Crawford,Joe Johnson,Josh Smith,Mike Bibby,1,3:17,UTA,shot,,,,,,,,,,Ronnie Brewer,,,,missed,,jump,8,16
Carlos Boozer,Deron Williams,Paul Millsap,Ronnie Brewer,Wesley Matthews,Al Horford,Jamal Crawford,Joe Johnson,Josh Smith,Mike Bibby,1,3:16,ATL,rebound,,,,,,,,,,Josh Smith,,,,,,def,,
Carlos Boozer,Deron Williams,Paul Millsap,Ronnie Brewer,Wesley Matthews,Al Horford,Jamal Crawford,Joe Johnson,Josh Smith,Mike Bibby,1,3:15,UTA,foul,,,,,,,,Josh Smith,,Paul Millsap,,,,,,personal,,
Carlos Boozer,Deron Williams,Paul Millsap,Ronnie Brewer,Wesley Matthews,Al Horford,Jamal Crawford,Joe Johnson,Josh Smith,Maurice Evans,1,3:15,ATL,sub,,,,Maurice Evans,,Mike Bibby,,,,,,,,,,,,
Carlos Boozer,Deron Williams,Paul Millsap,Ronnie Brewer,Wesley Matthews,Jamal Crawford,Joe Johnson,Josh Smith,Maurice Evans,Zaza Pachulia,1,3:15,ATL,sub,,,,Zaza Pachulia,,Al Horford,,,,,,,,,,,,
Andrei Kirilenko,Carlos Boozer,Deron Williams,Paul Millsap,Wesley Matthews,Jamal Crawford,Joe Johnson,Josh Smith,Maurice Evans,Zaza Pachulia,1,3:15,UTA,sub,,,,Andrei Kirilenko,,Ronnie Brewer,,,,,,,,,,,,
Andrei Kirilenko,C.J. Miles,Carlos Boozer,Deron Williams,Paul Millsap,Jamal Crawford,Joe Johnson,Josh Smith,Maurice Evans,Zaza Pachulia,1,3:15,UTA,sub,,,,C.J. Miles,,Wesley Matthews,,,,,,,,,,,,
Andrei Kirilenko,C.J. Miles,Carlos Boozer,Deron Williams,Paul Millsap,Jamal Crawford,Joe Johnson,Josh Smith,Maurice Evans,Zaza Pachulia,1,3:04,ATL,shot,,,,,,,,,,Joe Johnson,,,,missed,,jump,38,19
Andrei Kirilenko,C.J. Miles,Carlos Boozer,Deron Williams,Paul Millsap,Jamal Crawford,Joe Johnson,Josh Smith,Maurice Evans,Zaza Pachulia,1,3:02,UTA,rebound,,,,,,,,,,C.J. Miles,,,,,,def,,
Andrei Kirilenko,C.J. Miles,Carlos Boozer,Deron Williams,Paul Millsap,Jamal Crawford,Joe Johnson,Josh Smith,Maurice Evans,Zaza Pachulia,1,2:48,UTA,shot,,,Josh Smith,,,,,,,Carlos Boozer,,,,missed,,layup,27,6
Andrei Kirilenko,C.J. Miles,Carlos Boozer,Deron Williams,Paul Millsap,Jamal Crawford,Joe Johnson,Josh Smith,Maurice Evans,Zaza Pachulia,1,2:46,ATL,rebound,,,,,,,,,,Jamal Crawford,,,,,,def,,
Andrei Kirilenko,C.J. Miles,Carlos Boozer,Deron Williams,Paul Millsap,Jamal Crawford,Joe Johnson,Josh Smith,Maurice Evans,Zaza Pachulia,1,2:42,ATL,shot,,,,,,,,,,Jamal Crawford,,,,missed,,jump,31,25
Andrei Kirilenko,C.J. Miles,Carlos Boozer,Deron Williams,Paul Millsap,Jamal Crawford,Joe Johnson,Josh Smith,Maurice Evans,Zaza Pachulia,1,2:42,ATL,rebound,,,,,,,,,,Josh Smith,,,,,,off,,
Andrei Kirilenko,C.J. Miles,Carlos Boozer,Deron Williams,Paul Millsap,Jamal Crawford,Joe Johnson,Josh Smith,Maurice Evans,Zaza Pachulia,1,2:42,UTA,foul,,,,,,,,Josh Smith,,Paul Millsap,,,,,,loose ball,,
Andrei Kirilenko,C.J. Miles,Carlos Boozer,Deron Williams,Paul Millsap,Jamal Crawford,Joe Johnson,Josh Smith,Maurice Evans,Zaza Pachulia,1,2:42,UTA,timeout,,,,,,,,,,,,,,,,regular,,
Andrei Kirilenko,C.J. Miles,Carlos Boozer,Eric Maynor,Paul Millsap,Jamal Crawford,Joe Johnson,Josh Smith,Maurice Evans,Zaza Pachulia,1,2:42,UTA,sub,,,,Eric Maynor,,Deron Williams,,,,,,,,,,,,
Andrei Kirilenko,C.J. Miles,Carlos Boozer,Eric Maynor,Kyle Korver,Jamal Crawford,Joe Johnson,Josh Smith,Maurice Evans,Zaza Pachulia,1,2:42,UTA,sub,,,,Kyle Korver,,Paul Millsap,,,,,,,,,,,,
Andrei Kirilenko,C.J. Miles,Carlos Boozer,Eric Maynor,Kyle Korver,Jamal Crawford,Joe Johnson,Josh Smith,Maurice Evans,Zaza Pachulia,1,2:30,ATL,shot,,,,,,,,,,Maurice Evans,,,,missed,,3pt,46,18
Andrei Kirilenko,C.J. Miles,Carlos Boozer,Eric Maynor,Kyle Korver,Jamal Crawford,Joe Johnson,Josh Smith,Maurice Evans,Zaza Pachulia,1,2:29,UTA,rebound,,,,,,,,,,Carlos Boozer,,,,,,def,,
Andrei Kirilenko,C.J. Miles,Carlos Boozer,Eric Maynor,Kyle Korver,Jamal Crawford,Joe Johnson,Josh Smith,Maurice Evans,Zaza Pachulia,1,2:08,UTA,shot,,,,,,,,,,C.J. Miles,2,,,made,,jump,24,24
Andrei Kirilenko,C.J. Miles,Carlos Boozer,Eric Maynor,Kyle Korver,Jamal Crawford,Joe Johnson,Josh Smith,Maurice Evans,Zaza Pachulia,1,1:55,UTA,foul,,,,,,,,Joe Johnson,,C.J. Miles,,,,,,personal,,
Andrei Kirilenko,C.J. Miles,Carlos Boozer,Eric Maynor,Kyle Korver,Jamal Crawford,Joe Johnson,Josh Smith,Maurice Evans,Zaza Pachulia,1,1:55,ATL,free throw,,,,,,,1,,2,Joe Johnson,,,foul,missed,,,,
Andrei Kirilenko,C.J. Miles,Carlos Boozer,Eric Maynor,Kyle Korver,Jamal Crawford,Joe Johnson,Josh Smith,Maurice Evans,Zaza Pachulia,1,1:55,ATL,rebound,,,,,,,,,,,,,,,,,,
Andrei Kirilenko,C.J. Miles,Carlos Boozer,Eric Maynor,Kyle Korver,Jamal Crawford,Jeff Teague,Joe Johnson,Maurice Evans,Zaza Pachulia,1,1:55,ATL,sub,,,,Jeff Teague,,Josh Smith,,,,,,,,,,,,
Andrei Kirilenko,C.J. Miles,Carlos Boozer,Eric Maynor,Kyle Korver,Jamal Crawford,Jeff Teague,Joe Johnson,Maurice Evans,Zaza Pachulia,1,1:55,ATL,free throw,,,,,,,2,,2,Joe Johnson,,,foul,made,,,,
Andrei Kirilenko,C.J. Miles,Carlos Boozer,Eric Maynor,Kyle Korver,Jamal Crawford,Jeff Teague,Joe Johnson,Maurice Evans,Zaza Pachulia,1,1:41,UTA,turnover,,,,,,,,,,Kyle Korver,,,bad pass,,,,,
Andrei Kirilenko,C.J. Miles,Carlos Boozer,Eric Maynor,Kyle Korver,Jamal Crawford,Jeff Teague,Joe Johnson,Maurice Evans,Zaza Pachulia,1,1:31,ATL,shot,,,,,,,,,,Zaza Pachulia,,,,missed,,jump,32,24
Andrei Kirilenko,C.J. Miles,Carlos Boozer,Eric Maynor,Kyle Korver,Jamal Crawford,Jeff Teague,Joe Johnson,Maurice Evans,Zaza Pachulia,1,1:29,UTA,rebound,,,,,,,,,,Carlos Boozer,,,,,,def,,
Andrei Kirilenko,C.J. Miles,Carlos Boozer,Eric Maynor,Kyle Korver,Jamal Crawford,Jeff Teague,Joe Johnson,Maurice Evans,Zaza Pachulia,1,1:20,ATL,foul,,,,,,,,C.J. Miles,,Zaza Pachulia,,,,,,personal,,
Andrei Kirilenko,C.J. Miles,Carlos Boozer,Eric Maynor,Kyle Korver,Jamal Crawford,Jeff Teague,Joe Johnson,Maurice Evans,Zaza Pachulia,1,1:12,UTA,shot,,,,,,,,,,C.J. Miles,,,,missed,,jump,5,7
Andrei Kirilenko,C.J. Miles,Carlos Boozer,Eric Maynor,Kyle Korver,Jamal Crawford,Jeff Teague,Joe Johnson,Maurice Evans,Zaza Pachulia,1,1:10,ATL,rebound,,,,,,,,,,Jeff Teague,,,,,,def,,
Andrei Kirilenko,C.J. Miles,Carlos Boozer,Eric Maynor,Kyle Korver,Jamal Crawford,Jeff Teague,Joe Johnson,Maurice Evans,Zaza Pachulia,1,1:05,ATL,shot,,,,,,,,,,Jeff Teague,,,,missed,,running jump,30,13
Andrei Kirilenko,C.J. Miles,Carlos Boozer,Eric Maynor,Kyle Korver,Jamal Crawford,Jeff Teague,Joe Johnson,Maurice Evans,Zaza Pachulia,1,1:02,UTA,rebound,,,,,,,,,,Andrei Kirilenko,,,,,,def,,
Andrei Kirilenko,C.J. Miles,Carlos Boozer,Eric Maynor,Kyle Korver,Jamal Crawford,Jeff Teague,Joe Johnson,Maurice Evans,Zaza Pachulia,1,0:56,ATL,foul,,,,,,,,Andrei Kirilenko,,Maurice Evans,,,,,,personal,,
Andrei Kirilenko,C.J. Miles,Carlos Boozer,Eric Maynor,Kyle Korver,Jamal Crawford,Jeff Teague,Joe Johnson,Maurice Evans,Zaza Pachulia,1,0:56,UTA,free throw,,,,,,,1,,2,Andrei Kirilenko,,,foul,made,,,,
Andrei Kirilenko,C.J. Miles,Carlos Boozer,Eric Maynor,Kyle Korver,Jamal Crawford,Jeff Teague,Joe Johnson,Maurice Evans,Zaza Pachulia,1,0:56,UTA,free throw,,,,,,,2,,2,Andrei Kirilenko,,,foul,made,,,,
Andrei Kirilenko,C.J. Miles,Carlos Boozer,Eric Maynor,Kyle Korver,Jamal Crawford,Jeff Teague,Joe Johnson,Maurice Evans,Zaza Pachulia,1,0:34,ATL,shot,,,C.J. Miles,,,,,,,Joe Johnson,,,,missed,,driving layup,25,6
Andrei Kirilenko,C.J. Miles,Carlos Boozer,Eric Maynor,Kyle Korver,Jamal Crawford,Jeff Teague,Joe Johnson,Maurice Evans,Zaza Pachulia,1,0:32,UTA,rebound,,,,,,,,,,Andrei Kirilenko,,,,,,def,,
Andrei Kirilenko,C.J. Miles,Carlos Boozer,Eric Maynor,Kyle Korver,Jamal Crawford,Jeff Teague,Joe Johnson,Maurice Evans,Zaza Pachulia,1,0:29,ATL,foul,,,,,,,,Carlos Boozer,,Jeff Teague,,,,,,personal,,
Andrei Kirilenko,C.J. Miles,Carlos Boozer,Eric Maynor,Kyle Korver,Jamal Crawford,Jeff Teague,Joe Johnson,Maurice Evans,Zaza Pachulia,1,0:29,UTA,free throw,,,,,,,1,,2,Carlos Boozer,,,foul,made,,,,
Andrei Kirilenko,C.J. Miles,Carlos Boozer,Eric Maynor,Kyle Korver,Jamal Crawford,Jeff Teague,Marvin Williams,Maurice Evans,Zaza Pachulia,1,0:29,ATL,sub,,,,Marvin Williams,,Joe Johnson,,,,,,,,,,,,
Andrei Kirilenko,C.J. Miles,Carlos Boozer,Eric Maynor,Kyle Korver,Jamal Crawford,Jeff Teague,Marvin Williams,Maurice Evans,Zaza Pachulia,1,0:29,UTA,free throw,,,,,,,2,,2,Carlos Boozer,,,foul,made,,,,
Andrei Kirilenko,C.J. Miles,Carlos Boozer,Eric Maynor,Kyle Korver,Jamal Crawford,Jeff Teague,Marvin Williams,Maurice Evans,Zaza Pachulia,1,0:04,ATL,shot,,,,,,,,,,Jamal Crawford,,,,missed,,3pt,15,31
Andrei Kirilenko,C.J. Miles,Carlos Boozer,Eric Maynor,Kyle Korver,Jamal Crawford,Jeff Teague,Marvin Williams,Maurice Evans,Zaza Pachulia,1,0:03,UTA,rebound,,,,,,,,,,Eric Maynor,,,,,,def,,
Andrei Kirilenko,C.J. Miles,Carlos Boozer,Eric Maynor,Kyle Korver,Jamal Crawford,Jeff Teague,Marvin Williams,Maurice Evans,Zaza Pachulia,1,0:00,ATL,foul,,,,,,,,Eric Maynor,,Jeff Teague,,,,,,shooting,,
Andrei Kirilenko,C.J. Miles,Carlos Boozer,Eric Maynor,Kyle Korver,Jamal Crawford,Jeff Teague,Marvin Williams,Maurice Evans,Zaza Pachulia,1,0:00,UTA,free throw,,,,,,,1,,3,Eric Maynor,,,foul,made,,,,
Andrei Kirilenko,C.J. Miles,Carlos Boozer,Eric Maynor,Kyle Korver,Jamal Crawford,Jeff Teague,Marvin Williams,Maurice Evans,Zaza Pachulia,1,0:00,UTA,free throw,,,,,,,2,,3,Eric Maynor,,,foul,missed,,,,
Andrei Kirilenko,C.J. Miles,Carlos Boozer,Eric Maynor,Kyle Korver,Jamal Crawford,Jeff Teague,Marvin Williams,Maurice Evans,Zaza Pachulia,1,0:00,UTA,rebound,,,,,,,,,,,,,,,,,,
Andrei Kirilenko,C.J. Miles,Carlos Boozer,Eric Maynor,Kyle Korver,Jamal Crawford,Jeff Teague,Marvin Williams,Maurice Evans,Zaza Pachulia,1,0:00,UTA,free throw,,,,,,,3,,3,Eric Maynor,,,foul,made,,,,
Andrei Kirilenko,C.J. Miles,Eric Maynor,Kyle Korver,Mehmet Okur,Jamal Crawford,Jeff Teague,Marvin Williams,Maurice Evans,Zaza Pachulia,2,11:36,ATL,shot,,,,,,,,,,Marvin Williams,2,,,made,,driving jump,27,14
Andrei Kirilenko,C.J. Miles,Eric Maynor,Kyle Korver,Mehmet Okur,Jamal Crawford,Jeff Teague,Marvin Williams,Maurice Evans,Zaza Pachulia,2,11:16,UTA,shot,Mehmet Okur,,,,,,,,,Eric Maynor,2,,,made,,running jump,22,15
Andrei Kirilenko,C.J. Miles,Eric Maynor,Kyle Korver,Mehmet Okur,Jamal Crawford,Jeff Teague,Marvin Williams,Maurice Evans,Zaza Pachulia,2,10:58,ATL,shot,Jeff Teague,,,,,,,,,Jamal Crawford,2,,,made,,driving layup,23,6
Andrei Kirilenko,C.J. Miles,Eric Maynor,Kyle Korver,Mehmet Okur,Jamal Crawford,Jeff Teague,Marvin Williams,Maurice Evans,Zaza Pachulia,2,10:45,UTA,shot,Andrei Kirilenko,,,,,,,,,C.J. Miles,2,,,made,,layup,23,6
Andrei Kirilenko,C.J. Miles,Eric Maynor,Kyle Korver,Mehmet Okur,Jamal Crawford,Jeff Teague,Marvin Williams,Maurice Evans,Zaza Pachulia,2,10:21,ATL,shot,,,,,,,,,,Jamal Crawford,,,,missed,,3pt,47,12
Andrei Kirilenko,C.J. Miles,Eric Maynor,Kyle Korver,Mehmet Okur,Jamal Crawford,Jeff Teague,Marvin Williams,Maurice Evans,Zaza Pachulia,2,10:20,UTA,rebound,,,,,,,,,,Kyle Korver,,,,,,def,,
Andrei Kirilenko,C.J. Miles,Eric Maynor,Kyle Korver,Mehmet Okur,Jamal Crawford,Jeff Teague,Marvin Williams,Maurice Evans,Zaza Pachulia,2,10:16,ATL,foul,,,,,,,,Andrei Kirilenko,,Jamal Crawford,,,,,,shooting,,
Andrei Kirilenko,C.J. Miles,Eric Maynor,Kyle Korver,Mehmet Okur,Jamal Crawford,Jeff Teague,Marvin Williams,Maurice Evans,Zaza Pachulia,2,10:16,UTA,free throw,,,,,,,1,,2,Andrei Kirilenko,,,foul,missed,,,,
Andrei Kirilenko,C.J. Miles,Eric Maynor,Kyle Korver,Mehmet Okur,Jamal Crawford,Jeff Teague,Marvin Williams,Maurice Evans,Zaza Pachulia,2,10:16,UTA,rebound,,,,,,,,,,,,,,,,,,
Andrei Kirilenko,C.J. Miles,Eric Maynor,Kyle Korver,Mehmet Okur,Al Horford,Jamal Crawford,Jeff Teague,Marvin Williams,Maurice Evans,2,10:16,ATL,sub,,,,Al Horford,,Zaza Pachulia,,,,,,,,,,,,
Andrei Kirilenko,C.J. Miles,Eric Maynor,Kyle Korver,Mehmet Okur,Al Horford,Jamal Crawford,Jeff Teague,Marvin Williams,Maurice Evans,2,10:16,UTA,free throw,,,,,,,2,,2,Andrei Kirilenko,,,foul,missed,,,,
Andrei Kirilenko,C.J. Miles,Eric Maynor,Kyle Korver,Mehmet Okur,Al Horford,Jamal Crawford,Jeff Teague,Marvin Williams,Maurice Evans,2,10:15,ATL,rebound,,,,,,,,,,Marvin Williams,,,,,,def,,
Andrei Kirilenko,C.J. Miles,Eric Maynor,Kyle Korver,Mehmet Okur,Al Horford,Jamal Crawford,Jeff Teague,Marvin Williams,Maurice Evans,2,9:52,ATL,turnover,,,,,,,,,,,,,shot clock turnover,,,,,
Andrei Kirilenko,C.J. Miles,Eric Maynor,Kyle Korver,Mehmet Okur,Al Horford,Jamal Crawford,Jeff Teague,Marvin Williams,Maurice Evans,2,9:37,UTA,turnover,,,,,,,,,,C.J. Miles,,,bad pass,,Maurice Evans,,,
Andrei Kirilenko,C.J. Miles,Eric Maynor,Kyle Korver,Mehmet Okur,Al Horford,Jamal Crawford,Jeff Teague,Marvin Williams,Maurice Evans,2,9:33,ATL,shot,Al Horford,,,,,,,,,Maurice Evans,2,,,made,,running dunk,25,6
Andrei Kirilenko,C.J. Miles,Eric Maynor,Kyle Korver,Mehmet Okur,Al Horford,Jamal Crawford,Jeff Teague,Marvin Williams,Maurice Evans,2,9:11,UTA,shot,,,,,,,,,,C.J. Miles,,,,missed,,jump,33,24
Andrei Kirilenko,C.J. Miles,Eric Maynor,Kyle Korver,Mehmet Okur,Al Horford,Jamal Crawford,Jeff Teague,Marvin Williams,Maurice Evans,2,9:09,UTA,rebound,,,,,,,,,,Mehmet Okur,,,,,,off,,
Andrei Kirilenko,C.J. Miles,Eric Maynor,Kyle Korver,Mehmet Okur,Al Horford,Jamal Crawford,Jeff Teague,Marvin Williams,Maurice Evans,2,9:08,UTA,shot,,,,,,,,,,Mehmet Okur,2,,,made,,putback layup,25,6
Andrei Kirilenko,C.J. Miles,Eric Maynor,Kyle Korver,Mehmet Okur,Al Horford,Jamal Crawford,Jeff Teague,Marvin Williams,Maurice Evans,2,8:55,ATL,shot,,,,,,,,,,Maurice Evans,,,,missed,,3pt,3,19
Andrei Kirilenko,C.J. Miles,Eric Maynor,Kyle Korver,Mehmet Okur,Al Horford,Jamal Crawford,Jeff Teague,Marvin Williams,Maurice Evans,2,8:53,UTA,rebound,,,,,,,,,,Andrei Kirilenko,,,,,,def,,
Andrei Kirilenko,C.J. Miles,Eric Maynor,Kyle Korver,Mehmet Okur,Al Horford,Jamal Crawford,Jeff Teague,Marvin Williams,Maurice Evans,2,8:40,UTA,shot,,,,,,,,,,Kyle Korver,,,,missed,,3pt,47,17
Andrei Kirilenko,C.J. Miles,Eric Maynor,Kyle Korver,Mehmet Okur,Al Horford,Jamal Crawford,Jeff Teague,Marvin Williams,Maurice Evans,2,8:39,ATL,rebound,,,,,,,,,,Marvin Williams,,,,,,def,,
Andrei Kirilenko,C.J. Miles,Eric Maynor,Kyle Korver,Mehmet Okur,Al Horford,Jamal Crawford,Jeff Teague,Marvin Williams,Maurice Evans,2,8:31,ATL,shot,,,,,,,,,,Jamal Crawford,,,,missed,,jump,38,19
Andrei Kirilenko,C.J. Miles,Eric Maynor,Kyle Korver,Mehmet Okur,Al Horford,Jamal Crawford,Jeff Teague,Marvin Williams,Maurice Evans,2,8:29,ATL,rebound,,,,,,,,,,Marvin Williams,,,,,,off,,
Andrei Kirilenko,C.J. Miles,Eric Maynor,Kyle Korver,Mehmet Okur,Al Horford,Jamal Crawford,Jeff Teague,Marvin Williams,Maurice Evans,2,8:29,ATL,timeout,,,,,,,,,,,,,,,,regular,,
Andrei Kirilenko,C.J. Miles,Eric Maynor,Kyle Korver,Mehmet Okur,Al Horford,Jamal Crawford,Jeff Teague,Josh Smith,Marvin Williams,2,8:29,ATL,sub,,,,Josh Smith,,Maurice Evans,,,,,,,,,,,,
Andrei Kirilenko,C.J. Miles,Eric Maynor,Kyle Korver,Mehmet Okur,Al Horford,Jamal Crawford,Josh Smith,Marvin Williams,Mike Bibby,2,8:29,ATL,sub,,,,Mike Bibby,,Jeff Teague,,,,,,,,,,,,
Andrei Kirilenko,C.J. Miles,Eric Maynor,Kyle Korver,Mehmet Okur,Al Horford,Jamal Crawford,Josh Smith,Marvin Williams,Mike Bibby,2,8:20,ATL,shot,,,Andrei Kirilenko,,,,,,,Marvin Williams,,,,missed,,dunk,23,6
Andrei Kirilenko,C.J. Miles,Eric Maynor,Kyle Korver,Mehmet Okur,Al Horford,Jamal Crawford,Josh Smith,Marvin Williams,Mike Bibby,2,8:18,UTA,rebound,,,,,,,,,,Mehmet Okur,,,,,,def,,
Andrei Kirilenko,C.J. Miles,Eric Maynor,Kyle Korver,Mehmet Okur,Al Horford,Jamal Crawford,Josh Smith,Marvin Williams,Mike Bibby,2,8:12,UTA,shot,,,,,,,,,,Mehmet Okur,,,,missed,,jump,35,23
Andrei Kirilenko,C.J. Miles,Eric Maynor,Kyle Korver,Mehmet Okur,Al Horford,Jamal Crawford,Josh Smith,Marvin Williams,Mike Bibby,2,8:09,UTA,rebound,,,,,,,,,,Andrei Kirilenko,,,,,,off,,
Andrei Kirilenko,C.J. Miles,Eric Maynor,Kyle Korver,Mehmet Okur,Al Horford,Jamal Crawford,Josh Smith,Marvin Williams,Mike Bibby,2,8:07,UTA,shot,,,,,,,,,,Andrei Kirilenko,,,,missed,,tip,25,6
Andrei Kirilenko,C.J. Miles,Eric Maynor,Kyle Korver,Mehmet Okur,Al Horford,Jamal Crawford,Josh Smith,Marvin Williams,Mike Bibby,2,8:05,ATL,rebound,,,,,,,,,,Al Horford,,,,,,def,,
Andrei Kirilenko,C.J. Miles,Eric Maynor,Kyle Korver,Mehmet Okur,Al Horford,Jamal Crawford,Josh Smith,Marvin Williams,Mike Bibby,2,8:03,ATL,turnover,,,,,,,,,,Josh Smith,,,bad pass,,Eric Maynor,,,
Andrei Kirilenko,C.J. Miles,Eric Maynor,Kyle Korver,Mehmet Okur,Al Horford,Jamal Crawford,Josh Smith,Marvin Williams,Mike Bibby,2,7:58,UTA,shot,Eric Maynor,,,,,,,,,C.J. Miles,2,,,made,,running layup,25,5
Andrei Kirilenko,C.J. Miles,Eric Maynor,Kyle Korver,Mehmet Okur,Al Horford,Jamal Crawford,Josh Smith,Marvin Williams,Mike Bibby,2,7:41,ATL,shot,,,,,,,,,,Mike Bibby,,,,missed,,3pt,48,13
Andrei Kirilenko,C.J. Miles,Eric Maynor,Kyle Korver,Mehmet Okur,Al Horford,Jamal Crawford,Josh Smith,Marvin Williams,Mike Bibby,2,7:40,UTA,rebound,,,,,,,,,,C.J. Miles,,,,,,def,,
Andrei Kirilenko,C.J. Miles,Eric Maynor,Kyle Korver,Mehmet Okur,Al Horford,Jamal Crawford,Josh Smith,Marvin Williams,Mike Bibby,2,7:21,UTA,shot,,,,,,,,,,Kyle Korver,,,,missed,,jump,6,17
Andrei Kirilenko,C.J. Miles,Eric Maynor,Kyle Korver,Mehmet Okur,Al Horford,Jamal Crawford,Josh Smith,Marvin Williams,Mike Bibby,2,7:19,ATL,rebound,,,,,,,,,,Jamal Crawford,,,,,,def,,
Andrei Kirilenko,C.J. Miles,Eric Maynor,Kyle Korver,Mehmet Okur,Al Horford,Jamal Crawford,Josh Smith,Marvin Williams,Mike Bibby,2,7:10,UTA,foul,,,,,,,,Mike Bibby,,Kyle Korver,,,,,,personal,,
Andrei Kirilenko,C.J. Miles,Eric Maynor,Kyle Korver,Mehmet Okur,Al Horford,Jamal Crawford,Joe Johnson,Josh Smith,Mike Bibby,2,7:10,ATL,sub,,,,Joe Johnson,,Marvin Williams,,,,,,,,,,,,
Andrei Kirilenko,C.J. Miles,Eric Maynor,Kyle Korver,Mehmet Okur,Al Horford,Jamal Crawford,Joe Johnson,Josh Smith,Mike Bibby,2,6:56,ATL,shot,,,,,,,,,,Josh Smith,,,,missed,,fade away jumper,38,7
Andrei Kirilenko,C.J. Miles,Eric Maynor,Kyle Korver,Mehmet Okur,Al Horford,Jamal Crawford,Joe Johnson,Josh Smith,Mike Bibby,2,6:55,UTA,rebound,,,,,,,,,,Mehmet Okur,,,,,,def,,
Andrei Kirilenko,C.J. Miles,Eric Maynor,Kyle Korver,Mehmet Okur,Al Horford,Jamal Crawford,Joe Johnson,Josh Smith,Mike Bibby,2,6:47,UTA,shot,,,,,,,,,,C.J. Miles,,,,missed,,3pt,38,28
Andrei Kirilenko,C.J. Miles,Eric Maynor,Kyle Korver,Mehmet Okur,Al Horford,Jamal Crawford,Joe Johnson,Josh Smith,Mike Bibby,2,6:46,ATL,rebound,,,,,,,,,,Al Horford,,,,,,def,,
Andrei Kirilenko,C.J. Miles,Eric Maynor,Kyle Korver,Mehmet Okur,Al Horford,Jamal Crawford,Joe Johnson,Josh Smith,Mike Bibby,2,6:38,ATL,shot,,,,,,,,,,Mike Bibby,,,,missed,,jump,43,16
Andrei Kirilenko,C.J. Miles,Eric Maynor,Kyle Korver,Mehmet Okur,Al Horford,Jamal Crawford,Joe Johnson,Josh Smith,Mike Bibby,2,6:36,ATL,rebound,,,,,,,,,,Josh Smith,,,,,,off,,
Andrei Kirilenko,C.J. Miles,Eric Maynor,Kyle Korver,Mehmet Okur,Al Horford,Jamal Crawford,Joe Johnson,Josh Smith,Mike Bibby,2,6:33,ATL,shot,,,,,,,,,,Joe Johnson,,,,missed,,3pt,3,20
Andrei Kirilenko,C.J. Miles,Eric Maynor,Kyle Korver,Mehmet Okur,Al Horford,Jamal Crawford,Joe Johnson,Josh Smith,Mike Bibby,2,6:32,UTA,rebound,,,,,,,,,,Kyle Korver,,,,,,def,,
Andrei Kirilenko,C.J. Miles,Eric Maynor,Kyle Korver,Mehmet Okur,Al Horford,Jamal Crawford,Joe Johnson,Josh Smith,Mike Bibby,2,6:18,UTA,shot,,,,,,,,,,Andrei Kirilenko,,,,missed,,jump,7,14
Andrei Kirilenko,C.J. Miles,Eric Maynor,Kyle Korver,Mehmet Okur,Al Horford,Jamal Crawford,Joe Johnson,Josh Smith,Mike Bibby,2,6:16,UTA,rebound,,,,,,,,,,Eric Maynor,,,,,,off,,
Andrei Kirilenko,C.J. Miles,Eric Maynor,Kyle Korver,Mehmet Okur,Al Horford,Jamal Crawford,Joe Johnson,Josh Smith,Mike Bibby,2,6:09,UTA,turnover,,,,,,,,,,Eric Maynor,,,bad pass,,Josh Smith,,,
Andrei Kirilenko,C.J. Miles,Eric Maynor,Kyle Korver,Mehmet Okur,Al Horford,Jamal Crawford,Joe Johnson,Josh Smith,Mike Bibby,2,6:01,UTA,foul,,,,,,,,Josh Smith,,C.J. Miles,,,,,,shooting,,
Andrei Kirilenko,C.J. Miles,Eric Maynor,Kyle Korver,Paul Millsap,Al Horford,Jamal Crawford,Joe Johnson,Josh Smith,Mike Bibby,2,6:01,UTA,sub,,,,Paul Millsap,,Mehmet Okur,,,,,,,,,,,,
C.J. Miles,Carlos Boozer,Eric Maynor,Kyle Korver,Paul Millsap,Al Horford,Jamal Crawford,Joe Johnson,Josh Smith,Mike Bibby,2,6:01,UTA,sub,,,,Carlos Boozer,,Andrei Kirilenko,,,,,,,,,,,,
C.J. Miles,Carlos Boozer,Deron Williams,Kyle Korver,Paul Millsap,Al Horford,Jamal Crawford,Joe Johnson,Josh Smith,Mike Bibby,2,6:01,UTA,sub,,,,Deron Williams,,Eric Maynor,,,,,,,,,,,,
C.J. Miles,Carlos Boozer,Deron Williams,Kyle Korver,Paul Millsap,Al Horford,Jamal Crawford,Joe Johnson,Josh Smith,Mike Bibby,2,6:01,ATL,free throw,,,,,,,1,,2,Josh Smith,,,foul,missed,,,,
C.J. Miles,Carlos Boozer,Deron Williams,Kyle Korver,Paul Millsap,Al Horford,Jamal Crawford,Joe Johnson,Josh Smith,Mike Bibby,2,6:01,ATL,rebound,,,,,,,,,,,,,,,,,,
C.J. Miles,Carlos Boozer,Deron Williams,Kyle Korver,Paul Millsap,Al Horford,Joe Johnson,Josh Smith,Marvin Williams,Mike Bibby,2,6:01,ATL,sub,,,,Marvin Williams,,Jamal Crawford,,,,,,,,,,,,
C.J. Miles,Carlos Boozer,Deron Williams,Kyle Korver,Paul Millsap,Al Horford,Joe Johnson,Josh Smith,Marvin Williams,Mike Bibby,2,6:01,ATL,free throw,,,,,,,2,,2,Josh Smith,,,foul,missed,,,,
C.J. Miles,Carlos Boozer,Deron Williams,Kyle Korver,Paul Millsap,Al Horford,Joe Johnson,Josh Smith,Marvin Williams,Mike Bibby,2,6:00,ATL,rebound,,,,,,,,,,Joe Johnson,,,,,,off,,
C.J. Miles,Carlos Boozer,Deron Williams,Kyle Korver,Paul Millsap,Al Horford,Joe Johnson,Josh Smith,Marvin Williams,Mike Bibby,2,5:50,ATL,shot,Mike Bibby,,,,,,,,,Joe Johnson,2,,,made,,fade away jumper,40,17
C.J. Miles,Carlos Boozer,Deron Williams,Kyle Korver,Paul Millsap,Al Horford,Joe Johnson,Josh Smith,Marvin Williams,Mike Bibby,2,5:30,UTA,turnover,,,,,,,,,,C.J. Miles,,,bad pass,,Mike Bibby,,,
C.J. Miles,Carlos Boozer,Deron Williams,Kyle Korver,Paul Millsap,Al Horford,Joe Johnson,Josh Smith,Marvin Williams,Mike Bibby,2,5:26,ATL,shot,,,,,,,,,,Mike Bibby,,,,missed,,running layup,23,6
C.J. Miles,Carlos Boozer,Deron Williams,Kyle Korver,Paul Millsap,Al Horford,Joe Johnson,Josh Smith,Marvin Williams,Mike Bibby,2,5:23,ATL,rebound,,,,,,,,,,Joe Johnson,,,,,,off,,
C.J. Miles,Carlos Boozer,Deron Williams,Kyle Korver,Paul Millsap,Al Horford,Joe Johnson,Josh Smith,Marvin Williams,Mike Bibby,2,5:23,ATL,shot,,,,,,,,,,Joe Johnson,2,,,made,,putback layup,25,6
C.J. Miles,Carlos Boozer,Deron Williams,Kyle Korver,Paul Millsap,Al Horford,Joe Johnson,Josh Smith,Marvin Williams,Mike Bibby,2,5:02,ATL,violation,,,,,,,,,,Al Horford,,,,,,kicked ball,,
C.J. Miles,Carlos Boozer,Deron Williams,Kyle Korver,Paul Millsap,Al Horford,Joe Johnson,Josh Smith,Marvin Williams,Mike Bibby,2,5:02,UTA,timeout,,,,,,,,,,,,,,,,official,,
Carlos Boozer,Deron Williams,Kyle Korver,Paul Millsap,Ronnie Brewer,Al Horford,Joe Johnson,Josh Smith,Marvin Williams,Mike Bibby,2,5:02,UTA,sub,,,,Ronnie Brewer,,C.J. Miles,,,,,,,,,,,,
Carlos Boozer,Deron Williams,Kyle Korver,Paul Millsap,Ronnie Brewer,Al Horford,Joe Johnson,Josh Smith,Marvin Williams,Mike Bibby,2,4:56,UTA,shot,,,,,,,,,,Carlos Boozer,,,,missed,,layup,26,7
Carlos Boozer,Deron Williams,Kyle Korver,Paul Millsap,Ronnie Brewer,Al Horford,Joe Johnson,Josh Smith,Marvin Williams,Mike Bibby,2,4:55,ATL,rebound,,,,,,,,,,Josh Smith,,,,,,def,,
Carlos Boozer,Deron Williams,Kyle Korver,Paul Millsap,Ronnie Brewer,Al Horford,Joe Johnson,Josh Smith,Marvin Williams,Mike Bibby,2,4:40,ATL,shot,Josh Smith,,,,,,,,,Al Horford,2,,,made,,dunk,25,6
Carlos Boozer,Deron Williams,Kyle Korver,Paul Millsap,Ronnie Brewer,Al Horford,Joe Johnson,Josh Smith,Marvin Williams,Mike Bibby,2,4:25,UTA,shot,,,,,,,,,,Deron Williams,,,,missed,,jump,14,18
Carlos Boozer,Deron Williams,Kyle Korver,Paul Millsap,Ronnie Brewer,Al Horford,Joe Johnson,Josh Smith,Marvin Williams,Mike Bibby,2,4:24,UTA,rebound,,,,,,,,,,,,,,,,,,
Carlos Boozer,Deron Williams,Kyle Korver,Paul Millsap,Ronnie Brewer,Al Horford,Joe Johnson,Josh Smith,Marvin Williams,Mike Bibby,2,4:17,UTA,foul,,,,,,,,Josh Smith,,Carlos Boozer,,,,,,offensive,,
Carlos Boozer,Deron Williams,Kyle Korver,Paul Millsap,Ronnie Brewer,Al Horford,Joe Johnson,Josh Smith,Marvin Williams,Mike Bibby,2,4:17,UTA,turnover,,,,,,,,,,Carlos Boozer,,,foul,,,,,
Carlos Boozer,Deron Williams,Kyle Korver,Paul Millsap,Ronnie Brewer,Al Horford,Joe Johnson,Josh Smith,Marvin Williams,Mike Bibby,2,4:05,ATL,shot,,,,,,,,,,Mike Bibby,,,,missed,,3pt,27,32
Carlos Boozer,Deron Williams,Kyle Korver,Paul Millsap,Ronnie Brewer,Al Horford,Joe Johnson,Josh Smith,Marvin Williams,Mike Bibby,2,4:04,UTA,rebound,,,,,,,,,,Carlos Boozer,,,,,,def,,
Carlos Boozer,Deron Williams,Kyle Korver,Paul Millsap,Ronnie Brewer,Al Horford,Joe Johnson,Josh Smith,Marvin Williams,Mike Bibby,2,3:58,UTA,turnover,,,,,,,,,,Deron Williams,,,bad pass,,Mike Bibby,,,
Carlos Boozer,Deron Williams,Kyle Korver,Paul Millsap,Ronnie Brewer,Al Horford,Joe Johnson,Josh Smith,Marvin Williams,Mike Bibby,2,3:52,ATL,turnover,,,,,,,,,,Josh Smith,,,bad pass,,Ronnie Brewer,,,
Carlos Boozer,Deron Williams,Kyle Korver,Paul Millsap,Ronnie Brewer,Al Horford,Joe Johnson,Josh Smith,Marvin Williams,Mike Bibby,2,3:48,ATL,violation,,,,,,,,,,Al Horford,,,,,,kicked ball,,
Carlos Boozer,Deron Williams,Kyle Korver,Paul Millsap,Ronnie Brewer,Al Horford,Joe Johnson,Josh Smith,Marvin Williams,Mike Bibby,2,3:36,UTA,turnover,,,,,,,,,,Carlos Boozer,,,bad pass,,Josh Smith,,,
Carlos Boozer,Deron Williams,Kyle Korver,Paul Millsap,Ronnie Brewer,Al Horford,Joe Johnson,Josh Smith,Marvin Williams,Mike Bibby,2,3:30,ATL,shot,,,,,,,,,,Marvin Williams,,,,missed,,running layup,22,6
Carlos Boozer,Deron Williams,Kyle Korver,Paul Millsap,Ronnie Brewer,Al Horford,Joe Johnson,Josh Smith,Marvin Williams,Mike Bibby,2,3:30,UTA,rebound,,,,,,,,,,,,,,,,,,
Carlos Boozer,Deron Williams,Kyle Korver,Paul Millsap,Ronnie Brewer,Al Horford,Joe Johnson,Josh Smith,Marvin Williams,Mike Bibby,2,3:20,UTA,shot,Deron Williams,,,,,,,,,Kyle Korver,2,,,made,,jump,7,17
Carlos Boozer,Deron Williams,Kyle Korver,Paul Millsap,Ronnie Brewer,Al Horford,Joe Johnson,Josh Smith,Marvin Williams,Mike Bibby,2,3:09,UTA,foul,,,,,,,,Joe Johnson,,Kyle Korver,,,,,,shooting,,
Carlos Boozer,Deron Williams,Kyle Korver,Paul Millsap,Ronnie Brewer,Al Horford,Jamal Crawford,Joe Johnson,Josh Smith,Marvin Williams,2,3:09,ATL,sub,,,,Jamal Crawford,,Mike Bibby,,,,,,,,,,,,
C.J. Miles,Carlos Boozer,Deron Williams,Paul Millsap,Ronnie Brewer,Al Horford,Jamal Crawford,Joe Johnson,Josh Smith,Marvin Williams,2,3:09,UTA,sub,,,,C.J. Miles,,Kyle Korver,,,,,,,,,,,,
C.J. Miles,Carlos Boozer,Deron Williams,Paul Millsap,Ronnie Brewer,Al Horford,Jamal Crawford,Joe Johnson,Josh Smith,Marvin Williams,2,3:09,ATL,free throw,,,,,,,1,,2,Joe Johnson,,,foul,missed,,,,
C.J. Miles,Carlos Boozer,Deron Williams,Paul Millsap,Ronnie Brewer,Al Horford,Jamal Crawford,Joe Johnson,Josh Smith,Marvin Williams,2,3:09,ATL,rebound,,,,,,,,,,,,,,,,,,
C.J. Miles,Carlos Boozer,Deron Williams,Paul Millsap,Ronnie Brewer,Al Horford,Jamal Crawford,Joe Johnson,Josh Smith,Marvin Williams,2,3:09,ATL,free throw,,,,,,,2,,2,Joe Johnson,,,foul,made,,,,
C.J. Miles,Carlos Boozer,Deron Williams,Paul Millsap,Ronnie Brewer,Al Horford,Jamal Crawford,Joe Johnson,Josh Smith,Marvin Williams,2,2:53,UTA,turnover,,,,,,,,,,Ronnie Brewer,,,bad pass,,Josh Smith,,,
C.J. Miles,Carlos Boozer,Deron Williams,Paul Millsap,Ronnie Brewer,Al Horford,Jamal Crawford,Joe Johnson,Josh Smith,Marvin Williams,2,2:50,ATL,shot,,,,,,,,,,Josh Smith,2,,,made,,running dunk,25,6
C.J. Miles,Carlos Boozer,Deron Williams,Paul Millsap,Ronnie Brewer,Al Horford,Jamal Crawford,Joe Johnson,Josh Smith,Marvin Williams,2,2:50,UTA,foul,,,,,,,,Josh Smith,,Deron Williams,,,,,,shooting,,
C.J. Miles,Carlos Boozer,Deron Williams,Paul Millsap,Ronnie Brewer,Al Horford,Jamal Crawford,Joe Johnson,Josh Smith,Marvin Williams,2,2:50,UTA,timeout,,,,,,,,,,,,,,,,regular,,
C.J. Miles,Carlos Boozer,Deron Williams,Paul Millsap,Ronnie Brewer,Al Horford,Jamal Crawford,Joe Johnson,Josh Smith,Marvin Williams,2,2:50,ATL,free throw,,,,,,,1,,1,Josh Smith,,,foul,made,,,,
C.J. Miles,Carlos Boozer,Deron Williams,Paul Millsap,Ronnie Brewer,Al Horford,Jamal Crawford,Joe Johnson,Josh Smith,Marvin Williams,2,2:35,UTA,shot,Carlos Boozer,,,,,,,,,Deron Williams,2,,,made,,jump,36,22
C.J. Miles,Carlos Boozer,Deron Williams,Paul Millsap,Ronnie Brewer,Al Horford,Jamal Crawford,Joe Johnson,Josh Smith,Marvin Williams,2,2:33,ATL,timeout,,,,,,,,,,,,,,,,short,,
C.J. Miles,Carlos Boozer,Deron Williams,Paul Millsap,Ronnie Brewer,Al Horford,Jamal Crawford,Joe Johnson,Josh Smith,Marvin Williams,2,2:22,UTA,foul,,,,,,,,Marvin Williams,,C.J. Miles,,,,,,shooting,,
C.J. Miles,Carlos Boozer,Deron Williams,Paul Millsap,Ronnie Brewer,Al Horford,Jamal Crawford,Joe Johnson,Josh Smith,Marvin Williams,2,2:22,ATL,free throw,,,,,,,1,,2,Marvin Williams,,,foul,made,,,,
Andrei Kirilenko,Carlos Boozer,Deron Williams,Paul Millsap,Ronnie Brewer,Al Horford,Jamal Crawford,Joe Johnson,Josh Smith,Marvin Williams,2,2:22,UTA,sub,,,,Andrei Kirilenko,,C.J. Miles,,,,,,,,,,,,
Andrei Kirilenko,Carlos Boozer,Deron Williams,Paul Millsap,Ronnie Brewer,Al Horford,Jamal Crawford,Joe Johnson,Josh Smith,Marvin Williams,2,2:22,ATL,free throw,,,,,,,2,,2,Marvin Williams,,,foul,made,,,,
Andrei Kirilenko,Carlos Boozer,Deron Williams,Paul Millsap,Ronnie Brewer,Al Horford,Jamal Crawford,Joe Johnson,Josh Smith,Marvin Williams,2,2:10,UTA,shot,,,,,,,,,,Carlos Boozer,,,,missed,,fade away jumper,34,9
Andrei Kirilenko,Carlos Boozer,Deron Williams,Paul Millsap,Ronnie Brewer,Al Horford,Jamal Crawford,Joe Johnson,Josh Smith,Marvin Williams,2,2:07,ATL,rebound,,,,,,,,,,Joe Johnson,,,,,,def,,
Andrei Kirilenko,Carlos Boozer,Deron Williams,Paul Millsap,Ronnie Brewer,Al Horford,Jamal Crawford,Joe Johnson,Josh Smith,Marvin Williams,2,1:50,ATL,shot,Joe Johnson,,,,,,,,,Al Horford,2,,,made,,turnaround hook,26,11
Andrei Kirilenko,Carlos Boozer,Deron Williams,Paul Millsap,Ronnie Brewer,Al Horford,Jamal Crawford,Joe Johnson,Josh Smith,Marvin Williams,2,1:22,UTA,shot,,,,,,,,,,Paul Millsap,2,,,made,,jump,24,17
Andrei Kirilenko,Carlos Boozer,Deron Williams,Paul Millsap,Ronnie Brewer,Al Horford,Jamal Crawford,Joe Johnson,Josh Smith,Marvin Williams,2,0:58,UTA,foul,,,,,,,,Joe Johnson,,Ronnie Brewer,,,,,,shooting,,
Andrei Kirilenko,Carlos Boozer,Deron Williams,Paul Millsap,Ronnie Brewer,Al Horford,Jamal Crawford,Joe Johnson,Josh Smith,Marvin Williams,2,0:58,ATL,free throw,,,,,,,1,,2,Joe Johnson,,,foul,made,,,,
Andrei Kirilenko,Carlos Boozer,Deron Williams,Paul Millsap,Ronnie Brewer,Al Horford,Jamal Crawford,Joe Johnson,Josh Smith,Marvin Williams,2,0:58,ATL,free throw,,,,,,,2,,2,Joe Johnson,,,foul,made,,,,
Andrei Kirilenko,Carlos Boozer,Deron Williams,Paul Millsap,Ronnie Brewer,Al Horford,Jamal Crawford,Joe Johnson,Josh Smith,Marvin Williams,2,0:39,UTA,shot,,,,,,,,,,Andrei Kirilenko,2,,,made,,turnaround jump,25,15
Andrei Kirilenko,Carlos Boozer,Deron Williams,Paul Millsap,Ronnie Brewer,Al Horford,Jamal Crawford,Joe Johnson,Josh Smith,Marvin Williams,2,0:31,ATL,shot,,,,,,,,,,Jamal Crawford,,,,missed,,jump,27,23
Andrei Kirilenko,Carlos Boozer,Deron Williams,Paul Millsap,Ronnie Brewer,Al Horford,Jamal Crawford,Joe Johnson,Josh Smith,Marvin Williams,2,0:30,UTA,rebound,,,,,,,,,,Andrei Kirilenko,,,,,,def,,
Andrei Kirilenko,Carlos Boozer,Deron Williams,Paul Millsap,Ronnie Brewer,Al Horford,Jamal Crawford,Joe Johnson,Josh Smith,Marvin Williams,2,0:07,UTA,turnover,,,,,,,,,,,,,shot clock turnover,,,,,
Andrei Kirilenko,Carlos Boozer,Deron Williams,Paul Millsap,Ronnie Brewer,Al Horford,Jamal Crawford,Joe Johnson,Josh Smith,Marvin Williams,2,0:01,ATL,turnover,,,,,,,,,,Joe Johnson,,,lost ball,,Ronnie Brewer,,,
Andrei Kirilenko,Carlos Boozer,Deron Williams,Paul Millsap,Ronnie Brewer,Al Horford,Jamal Crawford,Joe Johnson,Josh Smith,Marvin Williams,2,0:01,UTA,shot,,,,,,,,,,Ronnie Brewer,,,,missed,,3pt,5,46
Andrei Kirilenko,Carlos Boozer,Deron Williams,Paul Millsap,Ronnie Brewer,Al Horford,Jamal Crawford,Joe Johnson,Josh Smith,Marvin Williams,2,0:00,UTA,rebound,,,,,,,,,,,,,,,,,,
Carlos Boozer,Deron Williams,Mehmet Okur,Ronnie Brewer,Wesley Matthews,Al Horford,Joe Johnson,Josh Smith,Marvin Williams,Mike Bibby,3,11:42,ATL,shot,Joe Johnson,,,,,,,,,Al Horford,2,,,made,,driving reverse layup,23,6
Carlos Boozer,Deron Williams,Mehmet Okur,Ronnie Brewer,Wesley Matthews,Al Horford,Joe Johnson,Josh Smith,Marvin Williams,Mike Bibby,3,11:20,UTA,shot,,,,,,,,,,Ronnie Brewer,,,,missed,,running layup,28,6
Carlos Boozer,Deron Williams,Mehmet Okur,Ronnie Brewer,Wesley Matthews,Al Horford,Joe Johnson,Josh Smith,Marvin Williams,Mike Bibby,3,11:17,ATL,rebound,,,,,,,,,,Al Horford,,,,,,def,,
Carlos Boozer,Deron Williams,Mehmet Okur,Ronnie Brewer,Wesley Matthews,Al Horford,Joe Johnson,Josh Smith,Marvin Williams,Mike Bibby,3,11:14,ATL,shot,Mike Bibby,,,,,,,,,Josh Smith,2,,,made,,running layup,23,6
Carlos Boozer,Deron Williams,Mehmet Okur,Ronnie Brewer,Wesley Matthews,Al Horford,Joe Johnson,Josh Smith,Marvin Williams,Mike Bibby,3,11:14,UTA,foul,,,,,,,,Josh Smith,,Mehmet Okur,,,,,,shooting,,
Carlos Boozer,Deron Williams,Mehmet Okur,Ronnie Brewer,Wesley Matthews,Al Horford,Joe Johnson,Josh Smith,Marvin Williams,Mike Bibby,3,11:14,ATL,free throw,,,,,,,1,,1,Josh Smith,,,foul,made,,,,
Carlos Boozer,Deron Williams,Mehmet Okur,Ronnie Brewer,Wesley Matthews,Al Horford,Joe Johnson,Josh Smith,Marvin Williams,Mike Bibby,3,11:01,UTA,shot,Carlos Boozer,,,,,,,,,Ronnie Brewer,2,,,made,,dunk,25,6
Carlos Boozer,Deron Williams,Mehmet Okur,Ronnie Brewer,Wesley Matthews,Al Horford,Joe Johnson,Josh Smith,Marvin Williams,Mike Bibby,3,10:45,ATL,shot,,,,,,,,,,Mike Bibby,,,,missed,,jump,25,25
Carlos Boozer,Deron Williams,Mehmet Okur,Ronnie Brewer,Wesley Matthews,Al Horford,Joe Johnson,Josh Smith,Marvin Williams,Mike Bibby,3,10:43,UTA,rebound,,,,,,,,,,Mehmet Okur,,,,,,def,,
Carlos Boozer,Deron Williams,Mehmet Okur,Ronnie Brewer,Wesley Matthews,Al Horford,Joe Johnson,Josh Smith,Marvin Williams,Mike Bibby,3,10:28,ATL,foul,,,,,,,,Mehmet Okur,,Josh Smith,,,,,,shooting,,
Carlos Boozer,Deron Williams,Mehmet Okur,Ronnie Brewer,Wesley Matthews,Al Horford,Joe Johnson,Josh Smith,Marvin Williams,Mike Bibby,3,10:28,UTA,free throw,,,,,,,1,,2,Mehmet Okur,,,foul,made,,,,
Carlos Boozer,Deron Williams,Mehmet Okur,Ronnie Brewer,Wesley Matthews,Al Horford,Joe Johnson,Josh Smith,Marvin Williams,Mike Bibby,3,10:28,UTA,free throw,,,,,,,2,,2,Mehmet Okur,,,foul,made,,,,
Carlos Boozer,Deron Williams,Mehmet Okur,Ronnie Brewer,Wesley Matthews,Al Horford,Joe Johnson,Josh Smith,Marvin Williams,Mike Bibby,3,10:18,UTA,foul,,,,,,,,Marvin Williams,,Wesley Matthews,,,,,,personal,,
Carlos Boozer,Deron Williams,Mehmet Okur,Ronnie Brewer,Wesley Matthews,Al Horford,Joe Johnson,Josh Smith,Marvin Williams,Mike Bibby,3,10:12,ATL,shot,Josh Smith,,,,,,,,,Marvin Williams,2,,,made,,turnaround jump,22,9
Carlos Boozer,Deron Williams,Mehmet Okur,Ronnie Brewer,Wesley Matthews,Al Horford,Joe Johnson,Josh Smith,Marvin Williams,Mike Bibby,3,9:53,UTA,turnover,,,,,,,,,,Deron Williams,,,bad pass,,Joe Johnson,,,
Carlos Boozer,Deron Williams,Mehmet Okur,Ronnie Brewer,Wesley Matthews,Al Horford,Joe Johnson,Josh Smith,Marvin Williams,Mike Bibby,3,9:48,ATL,shot,Josh Smith,,,,,,,,,Marvin Williams,2,,,made,,layup,24,6
Carlos Boozer,Deron Williams,Mehmet Okur,Ronnie Brewer,Wesley Matthews,Al Horford,Joe Johnson,Josh Smith,Marvin Williams,Mike Bibby,3,9:35,UTA,shot,,,,,,,,,,Deron Williams,,,,missed,,jump,17,7
Carlos Boozer,Deron Williams,Mehmet Okur,Ronnie Brewer,Wesley Matthews,Al Horford,Joe Johnson,Josh Smith,Marvin Williams,Mike Bibby,3,9:33,ATL,rebound,,,,,,,,,,Josh Smith,,,,,,def,,
Carlos Boozer,Deron Williams,Mehmet Okur,Ronnie Brewer,Wesley Matthews,Al Horford,Joe Johnson,Josh Smith,Marvin Williams,Mike Bibby,3,9:30,ATL,shot,Joe Johnson,,,,,,,,,Marvin Williams,2,,,made,,alley oop layup,23,7
Carlos Boozer,Deron Williams,Mehmet Okur,Ronnie Brewer,Wesley Matthews,Al Horford,Joe Johnson,Josh Smith,Marvin Williams,Mike Bibby,3,9:22,UTA,timeout,,,,,,,,,,,,,,,,short,,
Carlos Boozer,Deron Williams,Mehmet Okur,Ronnie Brewer,Wesley Matthews,Al Horford,Joe Johnson,Josh Smith,Marvin Williams,Mike Bibby,3,9:06,UTA,shot,Deron Williams,,,,,,,,,Carlos Boozer,2,,,made,,jump,40,19
Carlos Boozer,Deron Williams,Mehmet Okur,Ronnie Brewer,Wesley Matthews,Al Horford,Joe Johnson,Josh Smith,Marvin Williams,Mike Bibby,3,8:52,ATL,shot,Mike Bibby,,,,,,,,,Josh Smith,2,,,made,,dunk,25,6
Carlos Boozer,Deron Williams,Mehmet Okur,Ronnie Brewer,Wesley Matthews,Al Horford,Joe Johnson,Josh Smith,Marvin Williams,Mike Bibby,3,8:30,UTA,shot,,,,,,,,,,Carlos Boozer,,,,missed,,jump,7,10
Carlos Boozer,Deron Williams,Mehmet Okur,Ronnie Brewer,Wesley Matthews,Al Horford,Joe Johnson,Josh Smith,Marvin Williams,Mike Bibby,3,8:28,UTA,rebound,,,,,,,,,,Mehmet Okur,,,,,,off,,
Carlos Boozer,Deron Williams,Mehmet Okur,Ronnie Brewer,Wesley Matthews,Al Horford,Joe Johnson,Josh Smith,Marvin Williams,Mike Bibby,3,8:21,UTA,shot,,,,,,,,,,Ronnie Brewer,,,,missed,,layup,26,7
Carlos Boozer,Deron Williams,Mehmet Okur,Ronnie Brewer,Wesley Matthews,Al Horford,Joe Johnson,Josh Smith,Marvin Williams,Mike Bibby,3,8:19,ATL,rebound,,,,,,,,,,Al Horford,,,,,,def,,
Carlos Boozer,Deron Williams,Mehmet Okur,Ronnie Brewer,Wesley Matthews,Al Horford,Joe Johnson,Josh Smith,Marvin Williams,Mike Bibby,3,8:14,ATL,shot,Mike Bibby,,,,,,,,,Al Horford,2,,,made,,jump,7,11
Carlos Boozer,Deron Williams,Mehmet Okur,Ronnie Brewer,Wesley Matthews,Al Horford,Joe Johnson,Josh Smith,Marvin Williams,Mike Bibby,3,7:50,UTA,shot,,,,,,,,,,Ronnie Brewer,,,,missed,,layup,23,6
Carlos Boozer,Deron Williams,Mehmet Okur,Ronnie Brewer,Wesley Matthews,Al Horford,Joe Johnson,Josh Smith,Marvin Williams,Mike Bibby,3,7:48,ATL,rebound,,,,,,,,,,Al Horford,,,,,,def,,
Carlos Boozer,Deron Williams,Mehmet Okur,Ronnie Brewer,Wesley Matthews,Al Horford,Joe Johnson,Josh Smith,Marvin Williams,Mike Bibby,3,7:42,ATL,shot,Joe Johnson,,,,,,,,,Mike Bibby,3,,,made,,3pt,38,27
Carlos Boozer,Deron Williams,Mehmet Okur,Ronnie Brewer,Wesley Matthews,Al Horford,Joe Johnson,Josh Smith,Marvin Williams,Mike Bibby,3,7:18,UTA,shot,,,,,,,,,,Wesley Matthews,,,,missed,,jump,20,18
Carlos Boozer,Deron Williams,Mehmet Okur,Ronnie Brewer,Wesley Matthews,Al Horford,Joe Johnson,Josh Smith,Marvin Williams,Mike Bibby,3,7:17,ATL,rebound,,,,,,,,,,Al Horford,,,,,,def,,
Carlos Boozer,Deron Williams,Mehmet Okur,Ronnie Brewer,Wesley Matthews,Al Horford,Joe Johnson,Josh Smith,Marvin Williams,Mike Bibby,3,7:09,ATL,shot,,,,,,,,,,Mike Bibby,3,,,made,,3pt,1,9
Carlos Boozer,Deron Williams,Mehmet Okur,Ronnie Brewer,Wesley Matthews,Al Horford,Joe Johnson,Josh Smith,Marvin Williams,Mike Bibby,3,6:57,UTA,turnover,,,,,,,,,,Deron Williams,,,bad pass,,,,,
Carlos Boozer,Deron Williams,Mehmet Okur,Ronnie Brewer,Wesley Matthews,Al Horford,Joe Johnson,Josh Smith,Marvin Williams,Mike Bibby,3,6:47,ATL,turnover,,,,,,,,,,Josh Smith,,,out of bounds lost ball turnover,,,,,
Carlos Boozer,Deron Williams,Mehmet Okur,Ronnie Brewer,Wesley Matthews,Al Horford,Joe Johnson,Josh Smith,Marvin Williams,Mike Bibby,3,6:27,UTA,shot,,,,,,,,,,Mehmet Okur,,,,missed,,3pt,13,29
Carlos Boozer,Deron Williams,Mehmet Okur,Ronnie Brewer,Wesley Matthews,Al Horford,Joe Johnson,Josh Smith,Marvin Williams,Mike Bibby,3,6:25,UTA,rebound,,,,,,,,,,Wesley Matthews,,,,,,off,,
Carlos Boozer,Deron Williams,Mehmet Okur,Ronnie Brewer,Wesley Matthews,Al Horford,Joe Johnson,Josh Smith,Marvin Williams,Mike Bibby,3,6:22,UTA,shot,,,,,,,,,,Deron Williams,,,,missed,,3pt,40,26
Carlos Boozer,Deron Williams,Mehmet Okur,Ronnie Brewer,Wesley Matthews,Al Horford,Joe Johnson,Josh Smith,Marvin Williams,Mike Bibby,3,6:20,ATL,rebound,,,,,,,,,,Joe Johnson,,,,,,def,,
Carlos Boozer,Deron Williams,Mehmet Okur,Ronnie Brewer,Wesley Matthews,Al Horford,Joe Johnson,Josh Smith,Marvin Williams,Mike Bibby,3,6:13,ATL,shot,Josh Smith,,,,,,,,,Al Horford,2,,,made,,layup,23,6
Carlos Boozer,Deron Williams,Mehmet Okur,Ronnie Brewer,Wesley Matthews,Al Horford,Joe Johnson,Josh Smith,Marvin Williams,Mike Bibby,3,6:02,UTA,shot,,,,,,,,,,Deron Williams,,,,missed,,layup,24,6
Carlos Boozer,Deron Williams,Mehmet Okur,Ronnie Brewer,Wesley Matthews,Al Horford,Joe Johnson,Josh Smith,Marvin Williams,Mike Bibby,3,6:01,ATL,rebound,,,,,,,,,,Joe Johnson,,,,,,def,,
Carlos Boozer,Deron Williams,Mehmet Okur,Ronnie Brewer,Wesley Matthews,Al Horford,Joe Johnson,Josh Smith,Marvin Williams,Mike Bibby,3,5:56,ATL,shot,,,,,,,,,,Marvin Williams,,,,missed,,jump,4,9
Carlos Boozer,Deron Williams,Mehmet Okur,Ronnie Brewer,Wesley Matthews,Al Horford,Joe Johnson,Josh Smith,Marvin Williams,Mike Bibby,3,5:54,UTA,rebound,,,,,,,,,,Deron Williams,,,,,,def,,
Carlos Boozer,Deron Williams,Mehmet Okur,Ronnie Brewer,Wesley Matthews,Al Horford,Joe Johnson,Josh Smith,Marvin Williams,Mike Bibby,3,5:51,UTA,timeout,,,,,,,,,,,,,,,,regular,,
Carlos Boozer,Deron Williams,Mehmet Okur,Ronnie Brewer,Wesley Matthews,Al Horford,Joe Johnson,Josh Smith,Maurice Evans,Mike Bibby,3,5:51,ATL,sub,,,,Maurice Evans,,Marvin Williams,,,,,,,,,,,,
Carlos Boozer,Deron Williams,Mehmet Okur,Ronnie Brewer,Wesley Matthews,Al Horford,Jamal Crawford,Joe Johnson,Josh Smith,Maurice Evans,3,5:51,ATL,sub,,,,Jamal Crawford,,Mike Bibby,,,,,,,,,,,,
Andrei Kirilenko,Carlos Boozer,Deron Williams,Mehmet Okur,Wesley Matthews,Al Horford,Jamal Crawford,Joe Johnson,Josh Smith,Maurice Evans,3,5:51,UTA,sub,,,,Andrei Kirilenko,,Ronnie Brewer,,,,,,,,,,,,
Andrei Kirilenko,Deron Williams,Kyrylo Fesenko,Mehmet Okur,Wesley Matthews,Al Horford,Jamal Crawford,Joe Johnson,Josh Smith,Maurice Evans,3,5:51,UTA,sub,,,,Kyrylo Fesenko,,Carlos Boozer,,,,,,,,,,,,
Andrei Kirilenko,Deron Williams,Eric Maynor,Kyrylo Fesenko,Wesley Matthews,Al Horford,Jamal Crawford,Joe Johnson,Josh Smith,Maurice Evans,3,5:51,UTA,sub,,,,Eric Maynor,,Mehmet Okur,,,,,,,,,,,,
Andrei Kirilenko,C.J. Miles,Deron Williams,Eric Maynor,Kyrylo Fesenko,Al Horford,Jamal Crawford,Joe Johnson,Josh Smith,Maurice Evans,3,5:51,UTA,sub,,,,C.J. Miles,,Wesley Matthews,,,,,,,,,,,,
Andrei Kirilenko,C.J. Miles,Eric Maynor,Kyrylo Fesenko,Paul Millsap,Al Horford,Jamal Crawford,Joe Johnson,Josh Smith,Maurice Evans,3,5:51,UTA,sub,,,,Paul Millsap,,Deron Williams,,,,,,,,,,,,
Andrei Kirilenko,C.J. Miles,Eric Maynor,Kyrylo Fesenko,Paul Millsap,Al Horford,Jamal Crawford,Joe Johnson,Josh Smith,Maurice Evans,3,5:42,UTA,shot,,,,,,,,,,Andrei Kirilenko,,,,missed,,jump,6,14
Andrei Kirilenko,C.J. Miles,Eric Maynor,Kyrylo Fesenko,Paul Millsap,Al Horford,Jamal Crawford,Joe Johnson,Josh Smith,Maurice Evans,3,5:41,ATL,rebound,,,,,,,,,,Al Horford,,,,,,def,,
Andrei Kirilenko,C.J. Miles,Eric Maynor,Kyrylo Fesenko,Paul Millsap,Al Horford,Jamal Crawford,Joe Johnson,Josh Smith,Maurice Evans,3,5:21,ATL,shot,,,Kyrylo Fesenko,,,,,,,Josh Smith,,,,missed,,layup,26,5
Andrei Kirilenko,C.J. Miles,Eric Maynor,Kyrylo Fesenko,Paul Millsap,Al Horford,Jamal Crawford,Joe Johnson,Josh Smith,Maurice Evans,3,5:20,ATL,rebound,,,,,,,,,,Josh Smith,,,,,,off,,
Andrei Kirilenko,C.J. Miles,Eric Maynor,Kyrylo Fesenko,Paul Millsap,Al Horford,Jamal Crawford,Joe Johnson,Josh Smith,Maurice Evans,3,5:20,UTA,foul,,,,,,,,Josh Smith,,Paul Millsap,,,,,,shooting,,
Andrei Kirilenko,C.J. Miles,Eric Maynor,Kyrylo Fesenko,Paul Millsap,Al Horford,Jamal Crawford,Joe Johnson,Josh Smith,Maurice Evans,3,5:20,ATL,free throw,,,,,,,1,,2,Josh Smith,,,foul,made,,,,
Andrei Kirilenko,C.J. Miles,Eric Maynor,Kyrylo Fesenko,Paul Millsap,Al Horford,Jamal Crawford,Joe Johnson,Josh Smith,Maurice Evans,3,5:20,ATL,free throw,,,,,,,2,,2,Josh Smith,,,foul,made,,,,
Andrei Kirilenko,C.J. Miles,Eric Maynor,Kyrylo Fesenko,Paul Millsap,Al Horford,Jamal Crawford,Joe Johnson,Josh Smith,Maurice Evans,3,5:05,UTA,shot,,,,,,,,,,C.J. Miles,,,,missed,,jump,30,23
Andrei Kirilenko,C.J. Miles,Eric Maynor,Kyrylo Fesenko,Paul Millsap,Al Horford,Jamal Crawford,Joe Johnson,Josh Smith,Maurice Evans,3,5:04,ATL,rebound,,,,,,,,,,Joe Johnson,,,,,,def,,
Andrei Kirilenko,C.J. Miles,Eric Maynor,Kyrylo Fesenko,Paul Millsap,Al Horford,Jamal Crawford,Joe Johnson,Josh Smith,Maurice Evans,3,4:47,ATL,shot,,,,,,,,,,Joe Johnson,,,,missed,,3pt,15,29
Andrei Kirilenko,C.J. Miles,Eric Maynor,Kyrylo Fesenko,Paul Millsap,Al Horford,Jamal Crawford,Joe Johnson,Josh Smith,Maurice Evans,3,4:46,UTA,rebound,,,,,,,,,,C.J. Miles,,,,,,def,,
Andrei Kirilenko,C.J. Miles,Eric Maynor,Kyrylo Fesenko,Paul Millsap,Al Horford,Jamal Crawford,Joe Johnson,Josh Smith,Maurice Evans,3,4:36,UTA,foul,,,,,,,,Joe Johnson,,Andrei Kirilenko,,,,,,offensive,,
Andrei Kirilenko,C.J. Miles,Eric Maynor,Kyrylo Fesenko,Paul Millsap,Al Horford,Jamal Crawford,Joe Johnson,Josh Smith,Maurice Evans,3,4:36,UTA,turnover,,,,,,,,,,Andrei Kirilenko,,,foul,,,,,
Andrei Kirilenko,C.J. Miles,Eric Maynor,Kyrylo Fesenko,Paul Millsap,Jamal Crawford,Joe Johnson,Josh Smith,Maurice Evans,Zaza Pachulia,3,4:36,ATL,sub,,,,Zaza Pachulia,,Al Horford,,,,,,,,,,,,
Andrei Kirilenko,C.J. Miles,Eric Maynor,Kyrylo Fesenko,Paul Millsap,Jamal Crawford,Joe Johnson,Josh Smith,Maurice Evans,Zaza Pachulia,3,4:20,ATL,shot,Maurice Evans,,,,,,,,,Zaza Pachulia,2,,,made,,jump,4,8
Andrei Kirilenko,C.J. Miles,Eric Maynor,Kyrylo Fesenko,Paul Millsap,Jamal Crawford,Joe Johnson,Josh Smith,Maurice Evans,Zaza Pachulia,3,3:53,UTA,shot,Eric Maynor,,,,,,,,,Paul Millsap,2,,,made,,fade away jumper,37,17
Andrei Kirilenko,C.J. Miles,Eric Maynor,Kyrylo Fesenko,Paul Millsap,Jamal Crawford,Joe Johnson,Josh Smith,Maurice Evans,Zaza Pachulia,3,3:32,ATL,shot,Zaza Pachulia,,,,,,,,,Jamal Crawford,3,,,made,,3pt,48,12
Andrei Kirilenko,C.J. Miles,Eric Maynor,Kyrylo Fesenko,Paul Millsap,Jamal Crawford,Joe Johnson,Josh Smith,Maurice Evans,Zaza Pachulia,3,3:17,ATL,foul,,,,,,,,Andrei Kirilenko,,Zaza Pachulia,,,,,,shooting,,
Andrei Kirilenko,C.J. Miles,Eric Maynor,Kyrylo Fesenko,Paul Millsap,Jamal Crawford,Joe Johnson,Josh Smith,Maurice Evans,Zaza Pachulia,3,3:17,UTA,free throw,,,,,,,1,,2,Andrei Kirilenko,,,foul,made,,,,
Andrei Kirilenko,C.J. Miles,Eric Maynor,Kyrylo Fesenko,Paul Millsap,Jamal Crawford,Jeff Teague,Josh Smith,Maurice Evans,Zaza Pachulia,3,3:17,ATL,sub,,,,Jeff Teague,,Joe Johnson,,,,,,,,,,,,
Andrei Kirilenko,C.J. Miles,Eric Maynor,Kyrylo Fesenko,Paul Millsap,Jamal Crawford,Jeff Teague,Josh Smith,Maurice Evans,Zaza Pachulia,3,3:17,UTA,free throw,,,,,,,2,,2,Andrei Kirilenko,,,foul,missed,,,,
Andrei Kirilenko,C.J. Miles,Eric Maynor,Kyrylo Fesenko,Paul Millsap,Jamal Crawford,Jeff Teague,Josh Smith,Maurice Evans,Zaza Pachulia,3,3:15,ATL,rebound,,,,,,,,,,Maurice Evans,,,,,,def,,
Andrei Kirilenko,C.J. Miles,Eric Maynor,Kyrylo Fesenko,Paul Millsap,Jamal Crawford,Jeff Teague,Marvin Williams,Maurice Evans,Zaza Pachulia,3,3:06,ATL,sub,,,,Marvin Williams,,Josh Smith,,,,,,,,,,,,
Andrei Kirilenko,C.J. Miles,Eric Maynor,Kyrylo Fesenko,Paul Millsap,Jamal Crawford,Jeff Teague,Marvin Williams,Maurice Evans,Zaza Pachulia,3,3:03,ATL,shot,,,,,,,,,,Jamal Crawford,,,,missed,,jump,6,10
Andrei Kirilenko,C.J. Miles,Eric Maynor,Kyrylo Fesenko,Paul Millsap,Jamal Crawford,Jeff Teague,Marvin Williams,Maurice Evans,Zaza Pachulia,3,3:02,UTA,rebound,,,,,,,,,,Kyrylo Fesenko,,,,,,def,,
Andrei Kirilenko,C.J. Miles,Eric Maynor,Kyrylo Fesenko,Paul Millsap,Jamal Crawford,Jeff Teague,Marvin Williams,Maurice Evans,Zaza Pachulia,3,2:57,UTA,shot,Eric Maynor,,,,,,,,,Andrei Kirilenko,2,,,made,,running layup,26,5
Andrei Kirilenko,C.J. Miles,Eric Maynor,Kyrylo Fesenko,Paul Millsap,Jamal Crawford,Jeff Teague,Marvin Williams,Maurice Evans,Zaza Pachulia,3,2:37,ATL,shot,,,,,,,,,,Maurice Evans,,,,missed,,3pt,47,9
Andrei Kirilenko,C.J. Miles,Eric Maynor,Kyrylo Fesenko,Paul Millsap,Jamal Crawford,Jeff Teague,Marvin Williams,Maurice Evans,Zaza Pachulia,3,2:35,UTA,rebound,,,,,,,,,,Paul Millsap,,,,,,def,,
Andrei Kirilenko,C.J. Miles,Eric Maynor,Kyrylo Fesenko,Paul Millsap,Jamal Crawford,Jeff Teague,Marvin Williams,Maurice Evans,Zaza Pachulia,3,2:25,UTA,shot,Eric Maynor,,,,,,,,,Paul Millsap,2,,,made,,running layup,23,6
Andrei Kirilenko,C.J. Miles,Eric Maynor,Kyrylo Fesenko,Paul Millsap,Jamal Crawford,Jeff Teague,Marvin Williams,Maurice Evans,Zaza Pachulia,3,2:05,ATL,shot,,,,,,,,,,Marvin Williams,,,,missed,,3pt,4,18
Andrei Kirilenko,C.J. Miles,Eric Maynor,Kyrylo Fesenko,Paul Millsap,Jamal Crawford,Jeff Teague,Marvin Williams,Maurice Evans,Zaza Pachulia,3,2:04,UTA,rebound,,,,,,,,,,Kyrylo Fesenko,,,,,,def,,
Andrei Kirilenko,C.J. Miles,Eric Maynor,Kyrylo Fesenko,Paul Millsap,Jamal Crawford,Jeff Teague,Marvin Williams,Maurice Evans,Zaza Pachulia,3,1:55,UTA,shot,,,,,,,,,,Eric Maynor,,,,missed,,turnaround jump,28,11
Andrei Kirilenko,C.J. Miles,Eric Maynor,Kyrylo Fesenko,Paul Millsap,Jamal Crawford,Jeff Teague,Marvin Williams,Maurice Evans,Zaza Pachulia,3,1:53,ATL,rebound,,,,,,,,,,Jeff Teague,,,,,,def,,
Andrei Kirilenko,C.J. Miles,Eric Maynor,Kyrylo Fesenko,Paul Millsap,Jamal Crawford,Jeff Teague,Marvin Williams,Maurice Evans,Zaza Pachulia,3,1:50,UTA,foul,,,,,,,,Zaza Pachulia,,C.J. Miles,,,,,,shooting,,
Andrei Kirilenko,C.J. Miles,Eric Maynor,Kyrylo Fesenko,Paul Millsap,Jamal Crawford,Jeff Teague,Marvin Williams,Maurice Evans,Zaza Pachulia,3,1:50,ATL,timeout,,,,,,,,,,,,,,,,regular,,
Andrei Kirilenko,C.J. Miles,Eric Maynor,Kyrylo Fesenko,Paul Millsap,Jamal Crawford,Jeff Teague,Marvin Williams,Maurice Evans,Zaza Pachulia,3,1:50,ATL,free throw,,,,,,,1,,2,Zaza Pachulia,,,foul,missed,,,,
Andrei Kirilenko,C.J. Miles,Eric Maynor,Kyrylo Fesenko,Paul Millsap,Jamal Crawford,Jeff Teague,Marvin Williams,Maurice Evans,Zaza Pachulia,3,1:50,ATL,rebound,,,,,,,,,,,,,,,,,,
Andrei Kirilenko,C.J. Miles,Eric Maynor,Kyrylo Fesenko,Paul Millsap,Jamal Crawford,Jeff Teague,Marvin Williams,Maurice Evans,Zaza Pachulia,3,1:50,ATL,free throw,,,,,,,2,,2,Zaza Pachulia,,,foul,made,,,,
Andrei Kirilenko,C.J. Miles,Eric Maynor,Kyrylo Fesenko,Paul Millsap,Jamal Crawford,Jeff Teague,Marvin Williams,Maurice Evans,Zaza Pachulia,3,1:39,UTA,shot,Andrei Kirilenko,,,,,,,,,Paul Millsap,2,,,made,,dunk,25,6
Andrei Kirilenko,C.J. Miles,Eric Maynor,Kyrylo Fesenko,Paul Millsap,Jamal Crawford,Jeff Teague,Marvin Williams,Maurice Evans,Zaza Pachulia,3,1:24,ATL,shot,,,,,,,,,,Jeff Teague,2,,,made,,driving layup,26,5
Andrei Kirilenko,C.J. Miles,Eric Maynor,Kyrylo Fesenko,Paul Millsap,Jamal Crawford,Jeff Teague,Marvin Williams,Maurice Evans,Zaza Pachulia,3,1:08,UTA,turnover,,,,,,,,,,C.J. Miles,,,traveling,,,,,
Andrei Kirilenko,C.J. Miles,Eric Maynor,Kyrylo Fesenko,Paul Millsap,Jamal Crawford,Jeff Teague,Marvin Williams,Maurice Evans,Zaza Pachulia,3,0:45,ATL,shot,Jamal Crawford,,,,,,,,,Marvin Williams,2,,,made,,running hook,23,9
Andrei Kirilenko,C.J. Miles,Eric Maynor,Kyrylo Fesenko,Paul Millsap,Jamal Crawford,Jeff Teague,Marvin Williams,Maurice Evans,Zaza Pachulia,3,0:34,UTA,turnover,,,,,,,,,,Eric Maynor,,,bad pass,,Marvin Williams,,,
Andrei Kirilenko,C.J. Miles,Eric Maynor,Kyrylo Fesenko,Paul Millsap,Jamal Crawford,Jeff Teague,Marvin Williams,Maurice Evans,Zaza Pachulia,3,0:26,ATL,shot,,,,,,,,,,Jamal Crawford,,,,missed,,3pt,49,11
Andrei Kirilenko,C.J. Miles,Eric Maynor,Kyrylo Fesenko,Paul Millsap,Jamal Crawford,Jeff Teague,Marvin Williams,Maurice Evans,Zaza Pachulia,3,0:24,UTA,rebound,,,,,,,,,,Eric Maynor,,,,,,def,,
Andrei Kirilenko,C.J. Miles,Eric Maynor,Kyrylo Fesenko,Paul Millsap,Jamal Crawford,Jeff Teague,Marvin Williams,Maurice Evans,Zaza Pachulia,3,0:21,UTA,shot,Eric Maynor,,,,,,,,,Andrei Kirilenko,2,,,made,,running dunk,25,6
Andrei Kirilenko,C.J. Miles,Eric Maynor,Kyrylo Fesenko,Paul Millsap,Jamal Crawford,Jeff Teague,Marvin Williams,Maurice Evans,Zaza Pachulia,3,0:01,ATL,shot,,,,,,,,,,Jeff Teague,2,,,made,,running jump,27,14
Eric Maynor,Kyle Korver,Kyrylo Fesenko,Paul Millsap,Ronnie Price,Jamal Crawford,Jeff Teague,Marvin Williams,Maurice Evans,Zaza Pachulia,4,11:39,UTA,shot,,,,,,,,,,Ronnie Price,2,,,made,,driving layup,27,7
Eric Maynor,Kyle Korver,Kyrylo Fesenko,Paul Millsap,Ronnie Price,Jamal Crawford,Jeff Teague,Marvin Williams,Maurice Evans,Zaza Pachulia,4,11:22,ATL,jump ball,,Paul Millsap,,,Zaza Pachulia,,,,,,,Jamal Crawford,,,,,,
Eric Maynor,Kyle Korver,Kyrylo Fesenko,Paul Millsap,Ronnie Price,Jamal Crawford,Jeff Teague,Marvin Williams,Maurice Evans,Zaza Pachulia,4,11:12,ATL,shot,,,Eric Maynor,,,,,,,Jeff Teague,,,,missed,,jump,38,21
Eric Maynor,Kyle Korver,Kyrylo Fesenko,Paul Millsap,Ronnie Price,Jamal Crawford,Jeff Teague,Marvin Williams,Maurice Evans,Zaza Pachulia,4,11:12,ATL,rebound,,,,,,,,,,Maurice Evans,,,,,,off,,
Eric Maynor,Kyle Korver,Kyrylo Fesenko,Paul Millsap,Ronnie Price,Jamal Crawford,Jeff Teague,Marvin Williams,Maurice Evans,Zaza Pachulia,4,11:12,ATL,turnover,,,,,,,,,,,,,shot clock turnover,,,,,
Eric Maynor,Kyle Korver,Kyrylo Fesenko,Paul Millsap,Ronnie Price,Jamal Crawford,Jeff Teague,Marvin Williams,Maurice Evans,Zaza Pachulia,4,10:54,ATL,foul,,,,,,,,Kyrylo Fesenko,,Marvin Williams,,,,,,shooting,,
Eric Maynor,Kyle Korver,Kyrylo Fesenko,Paul Millsap,Ronnie Price,Jamal Crawford,Jeff Teague,Marvin Williams,Maurice Evans,Zaza Pachulia,4,10:54,UTA,free throw,,,,,,,1,,2,Kyrylo Fesenko,,,foul,missed,,,,
Eric Maynor,Kyle Korver,Kyrylo Fesenko,Paul Millsap,Ronnie Price,Jamal Crawford,Jeff Teague,Marvin Williams,Maurice Evans,Zaza Pachulia,4,10:54,UTA,rebound,,,,,,,,,,,,,,,,,,
Eric Maynor,Kyle Korver,Kyrylo Fesenko,Paul Millsap,Ronnie Price,Jamal Crawford,Jeff Teague,Marvin Williams,Maurice Evans,Zaza Pachulia,4,10:54,UTA,free throw,,,,,,,2,,2,Kyrylo Fesenko,,,foul,made,,,,
Eric Maynor,Kyle Korver,Kyrylo Fesenko,Paul Millsap,Ronnie Price,Jamal Crawford,Jeff Teague,Marvin Williams,Maurice Evans,Zaza Pachulia,4,10:38,ATL,shot,,,,,,,,,,Jamal Crawford,,,,missed,,jump,19,14
Eric Maynor,Kyle Korver,Kyrylo Fesenko,Paul Millsap,Ronnie Price,Jamal Crawford,Jeff Teague,Marvin Williams,Maurice Evans,Zaza Pachulia,4,10:35,UTA,rebound,,,,,,,,,,Ronnie Price,,,,,,def,,
Eric Maynor,Kyle Korver,Kyrylo Fesenko,Paul Millsap,Ronnie Price,Jamal Crawford,Jeff Teague,Marvin Williams,Maurice Evans,Zaza Pachulia,4,10:32,UTA,shot,,,Jeff Teague,,,,,,,Ronnie Price,,,,missed,,running layup,25,5
Eric Maynor,Kyle Korver,Kyrylo Fesenko,Paul Millsap,Ronnie Price,Jamal Crawford,Jeff Teague,Marvin Williams,Maurice Evans,Zaza Pachulia,4,10:30,UTA,rebound,,,,,,,,,,Eric Maynor,,,,,,off,,
Eric Maynor,Kyle Korver,Kyrylo Fesenko,Paul Millsap,Ronnie Price,Jamal Crawford,Jeff Teague,Marvin Williams,Maurice Evans,Zaza Pachulia,4,10:15,UTA,shot,Ronnie Price,,,,,,,,,Eric Maynor,3,,,made,,3pt,40,26
Eric Maynor,Kyle Korver,Kyrylo Fesenko,Paul Millsap,Ronnie Price,Jamal Crawford,Jeff Teague,Marvin Williams,Maurice Evans,Zaza Pachulia,4,9:59,UTA,foul,,,,,,,,Jeff Teague,,Ronnie Price,,,,,,shooting,,
Eric Maynor,Kyle Korver,Kyrylo Fesenko,Paul Millsap,Ronnie Price,Jamal Crawford,Jeff Teague,Marvin Williams,Maurice Evans,Zaza Pachulia,4,9:59,ATL,free throw,,,,,,,1,,2,Jeff Teague,,,foul,made,,,,
Eric Maynor,Kyle Korver,Kyrylo Fesenko,Paul Millsap,Ronnie Price,Jamal Crawford,Jeff Teague,Marvin Williams,Maurice Evans,Zaza Pachulia,4,9:59,ATL,free throw,,,,,,,2,,2,Jeff Teague,,,foul,made,,,,
Eric Maynor,Kyle Korver,Kyrylo Fesenko,Paul Millsap,Ronnie Price,Jamal Crawford,Jeff Teague,Marvin Williams,Maurice Evans,Zaza Pachulia,4,9:48,ATL,foul,,,,,,,,Ronnie Price,,Jamal Crawford,,,,,,shooting,,
Eric Maynor,Kyle Korver,Kyrylo Fesenko,Paul Millsap,Ronnie Price,Jamal Crawford,Jeff Teague,Marvin Williams,Maurice Evans,Zaza Pachulia,4,9:48,UTA,free throw,,,,,,,1,,2,Ronnie Price,,,foul,missed,,,,
Eric Maynor,Kyle Korver,Kyrylo Fesenko,Paul Millsap,Ronnie Price,Jamal Crawford,Jeff Teague,Marvin Williams,Maurice Evans,Zaza Pachulia,4,9:48,UTA,rebound,,,,,,,,,,,,,,,,,,
Eric Maynor,Kyle Korver,Kyrylo Fesenko,Paul Millsap,Ronnie Price,Jamal Crawford,Jeff Teague,Marvin Williams,Maurice Evans,Zaza Pachulia,4,9:48,UTA,free throw,,,,,,,2,,2,Ronnie Price,,,foul,made,,,,
Eric Maynor,Kyle Korver,Kyrylo Fesenko,Paul Millsap,Ronnie Price,Jamal Crawford,Jeff Teague,Marvin Williams,Maurice Evans,Zaza Pachulia,4,9:31,ATL,turnover,,,,,,,,,,Marvin Williams,,,lost ball,,Ronnie Price,,,
Eric Maynor,Kyle Korver,Kyrylo Fesenko,Paul Millsap,Ronnie Price,Jamal Crawford,Jeff Teague,Marvin Williams,Maurice Evans,Zaza Pachulia,4,9:31,ATL,foul,,,,,,,,Ronnie Price,,Marvin Williams,,,,,,personal,,
Eric Maynor,Kyle Korver,Kyrylo Fesenko,Paul Millsap,Ronnie Price,Jamal Crawford,Jeff Teague,Marvin Williams,Maurice Evans,Zaza Pachulia,4,9:21,UTA,foul,,,,,,,,Marvin Williams,,Kyrylo Fesenko,,,,,,offensive,,
Eric Maynor,Kyle Korver,Kyrylo Fesenko,Paul Millsap,Ronnie Price,Jamal Crawford,Jeff Teague,Marvin Williams,Maurice Evans,Zaza Pachulia,4,9:21,UTA,turnover,,,,,,,,,,Kyrylo Fesenko,,,foul,,,,,
Eric Maynor,Kyle Korver,Kyrylo Fesenko,Paul Millsap,Ronnie Price,Jamal Crawford,Jeff Teague,Maurice Evans,Randolph Morris,Zaza Pachulia,4,9:21,ATL,sub,,,,Randolph Morris,,Marvin Williams,,,,,,,,,,,,
Eric Maynor,Kyle Korver,Kyrylo Fesenko,Paul Millsap,Ronnie Price,Jamal Crawford,Jeff Teague,Maurice Evans,Randolph Morris,Zaza Pachulia,4,8:56,ATL,shot,,,,,,,,,,Jeff Teague,,,,missed,,driving layup,24,10
Eric Maynor,Kyle Korver,Kyrylo Fesenko,Paul Millsap,Ronnie Price,Jamal Crawford,Jeff Teague,Maurice Evans,Randolph Morris,Zaza Pachulia,4,8:54,ATL,rebound,,,,,,,,,,Randolph Morris,,,,,,off,,
Eric Maynor,Kyle Korver,Kyrylo Fesenko,Paul Millsap,Ronnie Price,Jamal Crawford,Jeff Teague,Maurice Evans,Randolph Morris,Zaza Pachulia,4,8:54,ATL,shot,,,,,,,,,,Randolph Morris,2,,,made,,tip,25,6
Eric Maynor,Kyle Korver,Kyrylo Fesenko,Paul Millsap,Ronnie Price,Jamal Crawford,Jeff Teague,Maurice Evans,Randolph Morris,Zaza Pachulia,4,8:34,UTA,turnover,,,,,,,,,,Kyrylo Fesenko,,,bad pass,,Maurice Evans,,,
Eric Maynor,Kyle Korver,Kyrylo Fesenko,Paul Millsap,Ronnie Price,Jamal Crawford,Jeff Teague,Maurice Evans,Randolph Morris,Zaza Pachulia,4,8:30,UTA,foul,,,,,,,,Jeff Teague,,Eric Maynor,,,,,,shooting,,
Eric Maynor,Kyle Korver,Kyrylo Fesenko,Paul Millsap,Ronnie Price,Jamal Crawford,Jeff Teague,Maurice Evans,Randolph Morris,Zaza Pachulia,4,8:30,ATL,timeout,,,,,,,,,,,,,,,,official,,
Andrei Kirilenko,Eric Maynor,Kyle Korver,Kyrylo Fesenko,Ronnie Price,Jamal Crawford,Jeff Teague,Maurice Evans,Randolph Morris,Zaza Pachulia,4,8:30,UTA,sub,,,,Andrei Kirilenko,,Paul Millsap,,,,,,,,,,,,
Andrei Kirilenko,Eric Maynor,Kyrylo Fesenko,Ronnie Price,Wesley Matthews,Jamal Crawford,Jeff Teague,Maurice Evans,Randolph Morris,Zaza Pachulia,4,8:30,UTA,sub,,,,Wesley Matthews,,Kyle Korver,,,,,,,,,,,,
Andrei Kirilenko,Eric Maynor,Kyrylo Fesenko,Ronnie Price,Wesley Matthews,Jamal Crawford,Jeff Teague,Maurice Evans,Randolph Morris,Zaza Pachulia,4,8:30,ATL,free throw,,,,,,,1,,2,Jeff Teague,,,foul,missed,,,,
Andrei Kirilenko,Eric Maynor,Kyrylo Fesenko,Ronnie Price,Wesley Matthews,Jamal Crawford,Jeff Teague,Maurice Evans,Randolph Morris,Zaza Pachulia,4,8:30,ATL,rebound,,,,,,,,,,,,,,,,,,
Andrei Kirilenko,Eric Maynor,Kyrylo Fesenko,Ronnie Price,Wesley Matthews,Jamal Crawford,Jeff Teague,Maurice Evans,Randolph Morris,Zaza Pachulia,4,8:30,ATL,free throw,,,,,,,2,,2,Jeff Teague,,,foul,made,,,,
Andrei Kirilenko,Eric Maynor,Kyrylo Fesenko,Ronnie Price,Wesley Matthews,Jamal Crawford,Jeff Teague,Maurice Evans,Randolph Morris,Zaza Pachulia,4,8:16,UTA,turnover,,,,,,,,,,Wesley Matthews,,,lost ball,,Jeff Teague,,,
Andrei Kirilenko,Eric Maynor,Kyrylo Fesenko,Ronnie Price,Wesley Matthews,Jamal Crawford,Jeff Teague,Maurice Evans,Randolph Morris,Zaza Pachulia,4,8:08,UTA,foul,,,,,,,,Jeff Teague,,Ronnie Price,,,,,,personal,,
Andrei Kirilenko,Eric Maynor,Kyrylo Fesenko,Ronnie Price,Wesley Matthews,Jamal Crawford,Jeff Teague,Maurice Evans,Randolph Morris,Zaza Pachulia,4,7:52,ATL,shot,,,,,,,,,,Jamal Crawford,,,,missed,,3pt,44,24
Andrei Kirilenko,Eric Maynor,Kyrylo Fesenko,Ronnie Price,Wesley Matthews,Jamal Crawford,Jeff Teague,Maurice Evans,Randolph Morris,Zaza Pachulia,4,7:51,UTA,rebound,,,,,,,,,,Kyrylo Fesenko,,,,,,def,,
Andrei Kirilenko,Eric Maynor,Kyrylo Fesenko,Ronnie Price,Wesley Matthews,Jamal Crawford,Jeff Teague,Maurice Evans,Randolph Morris,Zaza Pachulia,4,7:43,UTA,turnover,,,,,,,,,,Andrei Kirilenko,,,traveling,,,,,
Andrei Kirilenko,Eric Maynor,Kyrylo Fesenko,Ronnie Price,Wesley Matthews,Jamal Crawford,Jeff Teague,Maurice Evans,Randolph Morris,Zaza Pachulia,4,7:34,ATL,foul,,,,,,,,Ronnie Price,,Randolph Morris,,,,,,offensive,,
Andrei Kirilenko,Eric Maynor,Kyrylo Fesenko,Ronnie Price,Wesley Matthews,Jamal Crawford,Jeff Teague,Maurice Evans,Randolph Morris,Zaza Pachulia,4,7:34,ATL,turnover,,,,,,,,,,Randolph Morris,,,foul,,,,,
Andrei Kirilenko,Eric Maynor,Kyrylo Fesenko,Ronnie Price,Wesley Matthews,Jamal Crawford,Jeff Teague,Maurice Evans,Randolph Morris,Zaza Pachulia,4,7:23,ATL,foul,,,,,,,,Wesley Matthews,,Maurice Evans,,,,,,shooting,,
Andrei Kirilenko,Eric Maynor,Kyrylo Fesenko,Ronnie Price,Wesley Matthews,Jamal Crawford,Jeff Teague,Maurice Evans,Randolph Morris,Zaza Pachulia,4,7:23,UTA,free throw,,,,,,,1,,2,Wesley Matthews,,,foul,made,,,,
Andrei Kirilenko,Eric Maynor,Kyrylo Fesenko,Ronnie Price,Wesley Matthews,Jamal Crawford,Jeff Teague,Maurice Evans,Randolph Morris,Zaza Pachulia,4,7:23,UTA,free throw,,,,,,,2,,2,Wesley Matthews,,,foul,made,,,,
Andrei Kirilenko,Eric Maynor,Kyrylo Fesenko,Ronnie Price,Wesley Matthews,Jamal Crawford,Jeff Teague,Maurice Evans,Randolph Morris,Zaza Pachulia,4,7:11,ATL,shot,,,,,,,,,,Maurice Evans,,,,missed,,jump,36,23
Andrei Kirilenko,Eric Maynor,Kyrylo Fesenko,Ronnie Price,Wesley Matthews,Jamal Crawford,Jeff Teague,Maurice Evans,Randolph Morris,Zaza Pachulia,4,7:10,UTA,rebound,,,,,,,,,,Eric Maynor,,,,,,def,,
Andrei Kirilenko,Eric Maynor,Kyrylo Fesenko,Ronnie Price,Wesley Matthews,Jamal Crawford,Jeff Teague,Maurice Evans,Randolph Morris,Zaza Pachulia,4,7:06,ATL,foul,,,,,,,,Wesley Matthews,,Jeff Teague,,,,,,shooting,,
Andrei Kirilenko,Eric Maynor,Kyrylo Fesenko,Ronnie Price,Wesley Matthews,Jamal Crawford,Jeff Teague,Maurice Evans,Randolph Morris,Zaza Pachulia,4,7:06,UTA,free throw,,,,,,,1,,2,Wesley Matthews,,,foul,made,,,,
Andrei Kirilenko,Eric Maynor,Kyrylo Fesenko,Ronnie Price,Wesley Matthews,Jamal Crawford,Jeff Teague,Maurice Evans,Randolph Morris,Zaza Pachulia,4,7:06,UTA,free throw,,,,,,,2,,2,Wesley Matthews,,,foul,made,,,,
Andrei Kirilenko,Eric Maynor,Kyrylo Fesenko,Ronnie Price,Wesley Matthews,Jamal Crawford,Jeff Teague,Maurice Evans,Randolph Morris,Zaza Pachulia,4,6:50,ATL,turnover,,,,,,,,,,Jeff Teague,,,bad pass,,Eric Maynor,,,
Andrei Kirilenko,Eric Maynor,Kyrylo Fesenko,Ronnie Price,Wesley Matthews,Jamal Crawford,Jeff Teague,Maurice Evans,Randolph Morris,Zaza Pachulia,4,6:46,UTA,turnover,,,,,,,,,,Ronnie Price,,,lost ball,,Maurice Evans,,,
Andrei Kirilenko,Eric Maynor,Kyrylo Fesenko,Ronnie Price,Wesley Matthews,Jamal Crawford,Jeff Teague,Maurice Evans,Randolph Morris,Zaza Pachulia,4,6:39,ATL,shot,,,,,,,,,,Zaza Pachulia,,,,missed,,dunk,25,6
Andrei Kirilenko,Eric Maynor,Kyrylo Fesenko,Ronnie Price,Wesley Matthews,Jamal Crawford,Jeff Teague,Maurice Evans,Randolph Morris,Zaza Pachulia,4,6:38,UTA,rebound,,,,,,,,,,,,,,,,,,
Andrei Kirilenko,Eric Maynor,Kyrylo Fesenko,Ronnie Price,Wesley Matthews,Jamal Crawford,Jeff Teague,Maurice Evans,Randolph Morris,Zaza Pachulia,4,6:38,ATL,foul,,,,,,,,Andrei Kirilenko,,Randolph Morris,,,,,,loose ball,,
Andrei Kirilenko,Eric Maynor,Kyrylo Fesenko,Ronnie Price,Wesley Matthews,Jamal Crawford,Jeff Teague,Maurice Evans,Randolph Morris,Zaza Pachulia,4,6:38,UTA,free throw,,,,,,,1,,2,Andrei Kirilenko,,,foul,missed,,,,
Andrei Kirilenko,Eric Maynor,Kyrylo Fesenko,Ronnie Price,Wesley Matthews,Jamal Crawford,Jeff Teague,Maurice Evans,Randolph Morris,Zaza Pachulia,4,6:38,UTA,rebound,,,,,,,,,,,,,,,,,,
Andrei Kirilenko,Eric Maynor,Kyrylo Fesenko,Ronnie Price,Wesley Matthews,Jamal Crawford,Jeff Teague,Maurice Evans,Othello Hunter,Randolph Morris,4,6:38,ATL,sub,,,,Othello Hunter,,Zaza Pachulia,,,,,,,,,,,,
Andrei Kirilenko,Eric Maynor,Kyrylo Fesenko,Ronnie Price,Wesley Matthews,Jamal Crawford,Jeff Teague,Maurice Evans,Othello Hunter,Randolph Morris,4,6:38,UTA,free throw,,,,,,,2,,2,Andrei Kirilenko,,,foul,made,,,,
Andrei Kirilenko,Eric Maynor,Kyrylo Fesenko,Ronnie Price,Wesley Matthews,Jamal Crawford,Jeff Teague,Maurice Evans,Othello Hunter,Randolph Morris,4,6:16,ATL,shot,,,,,,,,,,Jamal Crawford,2,,,made,,jump,36,9
Andrei Kirilenko,Eric Maynor,Kyrylo Fesenko,Ronnie Price,Wesley Matthews,Jamal Crawford,Jeff Teague,Maurice Evans,Othello Hunter,Randolph Morris,4,6:02,UTA,shot,Andrei Kirilenko,,,,,,,,,Eric Maynor,2,,,made,,layup,23,6
Andrei Kirilenko,Eric Maynor,Kyrylo Fesenko,Ronnie Price,Wesley Matthews,Jamal Crawford,Jeff Teague,Maurice Evans,Othello Hunter,Randolph Morris,4,5:47,UTA,foul,,,,,,,,Othello Hunter,,Kyrylo Fesenko,,,,,,shooting,,
Andrei Kirilenko,Eric Maynor,Kyrylo Fesenko,Ronnie Price,Wesley Matthews,Jamal Crawford,Jeff Teague,Maurice Evans,Othello Hunter,Randolph Morris,4,5:47,ATL,timeout,,,,,,,,,,,,,,,,regular,,
Andrei Kirilenko,Eric Maynor,Kyrylo Fesenko,Ronnie Price,Wesley Matthews,Jamal Crawford,Jeff Teague,Maurice Evans,Othello Hunter,Randolph Morris,4,5:47,ATL,free throw,,,,,,,1,,2,Othello Hunter,,,foul,missed,,,,
Andrei Kirilenko,Eric Maynor,Kyrylo Fesenko,Ronnie Price,Wesley Matthews,Jamal Crawford,Jeff Teague,Maurice Evans,Othello Hunter,Randolph Morris,4,5:47,ATL,rebound,,,,,,,,,,,,,,,,,,
Andrei Kirilenko,Eric Maynor,Kyrylo Fesenko,Ronnie Price,Wesley Matthews,Jamal Crawford,Jeff Teague,Maurice Evans,Othello Hunter,Randolph Morris,4,5:47,ATL,free throw,,,,,,,2,,2,Othello Hunter,,,foul,made,,,,
Andrei Kirilenko,Eric Maynor,Kyrylo Fesenko,Ronnie Price,Wesley Matthews,Jamal Crawford,Jeff Teague,Maurice Evans,Othello Hunter,Randolph Morris,4,5:32,UTA,shot,Andrei Kirilenko,,,,,,,,,Ronnie Price,2,,,made,,layup,23,6
Andrei Kirilenko,Eric Maynor,Kyrylo Fesenko,Ronnie Price,Wesley Matthews,Jamal Crawford,Jeff Teague,Maurice Evans,Othello Hunter,Randolph Morris,4,5:05,ATL,shot,,,,,,,,,,Jamal Crawford,,,,missed,,running jump,21,10
Andrei Kirilenko,Eric Maynor,Kyrylo Fesenko,Ronnie Price,Wesley Matthews,Jamal Crawford,Jeff Teague,Maurice Evans,Othello Hunter,Randolph Morris,4,5:03,UTA,rebound,,,,,,,,,,Eric Maynor,,,,,,def,,
Andrei Kirilenko,Eric Maynor,Kyrylo Fesenko,Ronnie Price,Wesley Matthews,Jamal Crawford,Jeff Teague,Maurice Evans,Othello Hunter,Randolph Morris,4,5:00,UTA,shot,,,Jeff Teague,,,,,,,Wesley Matthews,,,,missed,,running dunk,26,6
Andrei Kirilenko,Eric Maynor,Kyrylo Fesenko,Ronnie Price,Wesley Matthews,Jamal Crawford,Jeff Teague,Maurice Evans,Othello Hunter,Randolph Morris,4,5:00,UTA,rebound,,,,,,,,,,,,,,,,,,
Andrei Kirilenko,Eric Maynor,Kyrylo Fesenko,Ronnie Price,Wesley Matthews,Jamal Crawford,Jeff Teague,Maurice Evans,Othello Hunter,Randolph Morris,4,4:54,UTA,shot,Andrei Kirilenko,,,,,,,,,Eric Maynor,2,,,made,,layup,22,6
Andrei Kirilenko,Eric Maynor,Kyrylo Fesenko,Ronnie Price,Wesley Matthews,Jamal Crawford,Jeff Teague,Maurice Evans,Othello Hunter,Randolph Morris,4,4:33,ATL,shot,,,,,,,,,,Randolph Morris,,,,missed,,turnaround jump,11,9
Andrei Kirilenko,Eric Maynor,Kyrylo Fesenko,Ronnie Price,Wesley Matthews,Jamal Crawford,Jeff Teague,Maurice Evans,Othello Hunter,Randolph Morris,4,4:31,UTA,rebound,,,,,,,,,,Eric Maynor,,,,,,def,,
Andrei Kirilenko,Eric Maynor,Kyrylo Fesenko,Ronnie Price,Wesley Matthews,Jamal Crawford,Jeff Teague,Maurice Evans,Othello Hunter,Randolph Morris,4,4:22,UTA,shot,,,,,,,,,,Andrei Kirilenko,,,,missed,,jump,18,24
Andrei Kirilenko,Eric Maynor,Kyrylo Fesenko,Ronnie Price,Wesley Matthews,Jamal Crawford,Jeff Teague,Maurice Evans,Othello Hunter,Randolph Morris,4,4:19,UTA,rebound,,,,,,,,,,Kyrylo Fesenko,,,,,,off,,
Andrei Kirilenko,Eric Maynor,Kyrylo Fesenko,Ronnie Price,Wesley Matthews,Jamal Crawford,Jeff Teague,Maurice Evans,Othello Hunter,Randolph Morris,4,4:19,UTA,shot,,,,,,,,,,Kyrylo Fesenko,,,,missed,,tip,25,6
Andrei Kirilenko,Eric Maynor,Kyrylo Fesenko,Ronnie Price,Wesley Matthews,Jamal Crawford,Jeff Teague,Maurice Evans,Othello Hunter,Randolph Morris,4,4:19,ATL,rebound,,,,,,,,,,,,,,,,,,
Andrei Kirilenko,Eric Maynor,Kyrylo Fesenko,Ronnie Price,Wesley Matthews,Jamal Crawford,Jeff Teague,Maurice Evans,Othello Hunter,Randolph Morris,4,4:04,ATL,shot,Jeff Teague,,,,,,,,,Jamal Crawford,2,,,made,,driving layup,23,6
Andrei Kirilenko,Eric Maynor,Kyrylo Fesenko,Ronnie Price,Wesley Matthews,Jamal Crawford,Jeff Teague,Maurice Evans,Othello Hunter,Randolph Morris,4,3:50,ATL,foul,,,,,,,,Andrei Kirilenko,,Othello Hunter,,,,,,shooting,,
Andrei Kirilenko,Eric Maynor,Kyrylo Fesenko,Ronnie Price,Wesley Matthews,Jamal Crawford,Jeff Teague,Maurice Evans,Othello Hunter,Randolph Morris,4,3:50,UTA,free throw,,,,,,,1,,2,Andrei Kirilenko,,,foul,missed,,,,
Andrei Kirilenko,Eric Maynor,Kyrylo Fesenko,Ronnie Price,Wesley Matthews,Jamal Crawford,Jeff Teague,Maurice Evans,Othello Hunter,Randolph Morris,4,3:50,UTA,rebound,,,,,,,,,,,,,,,,,,
Andrei Kirilenko,Eric Maynor,Kyrylo Fesenko,Ronnie Price,Wesley Matthews,Jamal Crawford,Jeff Teague,Maurice Evans,Othello Hunter,Randolph Morris,4,3:50,UTA,free throw,,,,,,,2,,2,Andrei Kirilenko,,,foul,made,,,,
Andrei Kirilenko,Eric Maynor,Kyrylo Fesenko,Ronnie Price,Wesley Matthews,Jamal Crawford,Jeff Teague,Maurice Evans,Othello Hunter,Randolph Morris,4,3:42,ATL,foul,,,,,,,,Eric Maynor,,Randolph Morris,,,,,,offensive,,
Andrei Kirilenko,Eric Maynor,Kyrylo Fesenko,Ronnie Price,Wesley Matthews,Jamal Crawford,Jeff Teague,Maurice Evans,Othello Hunter,Randolph Morris,4,3:42,ATL,turnover,,,,,,,,,,Randolph Morris,,,foul,,,,,
Andrei Kirilenko,Eric Maynor,Kyrylo Fesenko,Ronnie Price,Wesley Matthews,Jamal Crawford,Jeff Teague,Maurice Evans,Othello Hunter,Randolph Morris,4,3:36,UTA,shot,Ronnie Price,,,,,,,,,Wesley Matthews,3,,,made,,3pt,49,8
Andrei Kirilenko,Eric Maynor,Kyrylo Fesenko,Ronnie Price,Wesley Matthews,Jamal Crawford,Jeff Teague,Maurice Evans,Othello Hunter,Randolph Morris,4,3:17,ATL,shot,,,Andrei Kirilenko,,,,,,,Othello Hunter,,,,missed,,jump,22,8
Andrei Kirilenko,Eric Maynor,Kyrylo Fesenko,Ronnie Price,Wesley Matthews,Jamal Crawford,Jeff Teague,Maurice Evans,Othello Hunter,Randolph Morris,4,3:14,UTA,rebound,,,,,,,,,,Andrei Kirilenko,,,,,,def,,
Andrei Kirilenko,Eric Maynor,Kyrylo Fesenko,Ronnie Price,Wesley Matthews,Jamal Crawford,Jeff Teague,Maurice Evans,Othello Hunter,Randolph Morris,4,3:07,UTA,turnover,,,,,,,,,,Andrei Kirilenko,,,offensive goaltending,,,,,
Andrei Kirilenko,Eric Maynor,Kyrylo Fesenko,Ronnie Price,Wesley Matthews,Jamal Crawford,Jeff Teague,Maurice Evans,Othello Hunter,Randolph Morris,4,2:46,ATL,shot,,,,,,,,,,Maurice Evans,,,,missed,,jump,33,19
Andrei Kirilenko,Eric Maynor,Kyrylo Fesenko,Ronnie Price,Wesley Matthews,Jamal Crawford,Jeff Teague,Maurice Evans,Othello Hunter,Randolph Morris,4,2:44,UTA,rebound,,,,,,,,,,,,,,,,,,
Andrei Kirilenko,Eric Maynor,Kyrylo Fesenko,Ronnie Price,Wesley Matthews,Jamal Crawford,Jeff Teague,Maurice Evans,Othello Hunter,Randolph Morris,4,2:44,UTA,timeout,,,,,,,,,,,,,,,,regular,,
Andrei Kirilenko,Eric Maynor,Kyrylo Fesenko,Ronnie Price,Wesley Matthews,Jamal Crawford,Jeff Teague,Maurice Evans,Othello Hunter,Randolph Morris,4,2:32,ATL,foul,,,,,,,,Andrei Kirilenko,,Othello Hunter,,,,,,personal,,
Andrei Kirilenko,Eric Maynor,Kyrylo Fesenko,Ronnie Price,Wesley Matthews,Jamal Crawford,Jeff Teague,Maurice Evans,Othello Hunter,Randolph Morris,4,2:32,UTA,free throw,,,,,,,1,,2,Andrei Kirilenko,,,foul,missed,,,,
Andrei Kirilenko,Eric Maynor,Kyrylo Fesenko,Ronnie Price,Wesley Matthews,Jamal Crawford,Jeff Teague,Maurice Evans,Othello Hunter,Randolph Morris,4,2:32,UTA,rebound,,,,,,,,,,,,,,,,,,
Andrei Kirilenko,Eric Maynor,Kyrylo Fesenko,Ronnie Price,Wesley Matthews,Jamal Crawford,Jeff Teague,Maurice Evans,Othello Hunter,Randolph Morris,4,2:32,UTA,free throw,,,,,,,2,,2,Andrei Kirilenko,,,foul,made,,,,
Andrei Kirilenko,Eric Maynor,Kyrylo Fesenko,Ronnie Price,Wesley Matthews,Jamal Crawford,Jeff Teague,Maurice Evans,Othello Hunter,Randolph Morris,4,2:19,UTA,foul,,,,,,,,Randolph Morris,,Kyrylo Fesenko,,,,,,shooting,,
Andrei Kirilenko,Eric Maynor,Kyrylo Fesenko,Ronnie Price,Wesley Matthews,Jamal Crawford,Jeff Teague,Maurice Evans,Othello Hunter,Randolph Morris,4,2:19,ATL,free throw,,,,,,,1,,2,Randolph Morris,,,foul,missed,,,,
Andrei Kirilenko,Eric Maynor,Kyrylo Fesenko,Ronnie Price,Wesley Matthews,Jamal Crawford,Jeff Teague,Maurice Evans,Othello Hunter,Randolph Morris,4,2:19,ATL,rebound,,,,,,,,,,,,,,,,,,
Andrei Kirilenko,Eric Maynor,Kyrylo Fesenko,Ronnie Price,Wesley Matthews,Jamal Crawford,Jeff Teague,Maurice Evans,Othello Hunter,Randolph Morris,4,2:19,ATL,free throw,,,,,,,2,,2,Randolph Morris,,,foul,made,,,,
Andrei Kirilenko,Eric Maynor,Kyrylo Fesenko,Ronnie Price,Wesley Matthews,Jamal Crawford,Jeff Teague,Maurice Evans,Othello Hunter,Randolph Morris,4,2:10,UTA,shot,,,,,,,,,,Andrei Kirilenko,,,,missed,,running layup,24,6
Andrei Kirilenko,Eric Maynor,Kyrylo Fesenko,Ronnie Price,Wesley Matthews,Jamal Crawford,Jeff Teague,Maurice Evans,Othello Hunter,Randolph Morris,4,2:09,ATL,rebound,,,,,,,,,,Othello Hunter,,,,,,def,,
Andrei Kirilenko,Eric Maynor,Kyrylo Fesenko,Ronnie Price,Wesley Matthews,Jamal Crawford,Jeff Teague,Maurice Evans,Othello Hunter,Randolph Morris,4,2:04,ATL,shot,,,,,,,,,,Jeff Teague,,,,missed,,running jump,20,11
Andrei Kirilenko,Eric Maynor,Kyrylo Fesenko,Ronnie Price,Wesley Matthews,Jamal Crawford,Jeff Teague,Maurice Evans,Othello Hunter,Randolph Morris,4,2:02,UTA,rebound,,,,,,,,,,Ronnie Price,,,,,,def,,
Andrei Kirilenko,Eric Maynor,Kyrylo Fesenko,Ronnie Price,Wesley Matthews,Jamal Crawford,Jeff Teague,Maurice Evans,Othello Hunter,Randolph Morris,4,1:59,UTA,shot,Eric Maynor,,,,,,,,,Wesley Matthews,2,,,made,,running dunk,25,6
Andrei Kirilenko,Eric Maynor,Kyrylo Fesenko,Ronnie Price,Wesley Matthews,Jamal Crawford,Jeff Teague,Maurice Evans,Othello Hunter,Randolph Morris,4,1:36,ATL,shot,,,,,,,,,,Jeff Teague,,,,missed,,driving jump,20,8
Andrei Kirilenko,Eric Maynor,Kyrylo Fesenko,Ronnie Price,Wesley Matthews,Jamal Crawford,Jeff Teague,Maurice Evans,Othello Hunter,Randolph Morris,4,1:34,UTA,rebound,,,,,,,,,,Wesley Matthews,,,,,,def,,
Andrei Kirilenko,Eric Maynor,Kyrylo Fesenko,Ronnie Price,Wesley Matthews,Jamal Crawford,Jeff Teague,Maurice Evans,Othello Hunter,Randolph Morris,4,1:30,UTA,shot,Andrei Kirilenko,,,,,,,,,Ronnie Price,2,,,made,,dunk,25,6
Andrei Kirilenko,Eric Maynor,Kyrylo Fesenko,Ronnie Price,Wesley Matthews,Jamal Crawford,Jeff Teague,Maurice Evans,Othello Hunter,Randolph Morris,4,1:15,ATL,shot,Jamal Crawford,,,,,,,,,Othello Hunter,2,,,made,,layup,27,6
Andrei Kirilenko,Eric Maynor,Kyrylo Fesenko,Ronnie Price,Wesley Matthews,Jamal Crawford,Jeff Teague,Maurice Evans,Othello Hunter,Randolph Morris,4,0:59,ATL,foul,,,,,,,,Andrei Kirilenko,,Jeff Teague,,,,,,shooting,,
Andrei Kirilenko,Eric Maynor,Kyrylo Fesenko,Ronnie Price,Wesley Matthews,Jamal Crawford,Jeff Teague,Maurice Evans,Othello Hunter,Randolph Morris,4,0:59,UTA,free throw,,,,,,,1,,2,Andrei Kirilenko,,,foul,missed,,,,
Andrei Kirilenko,Eric Maynor,Kyrylo Fesenko,Ronnie Price,Wesley Matthews,Jamal Crawford,Jeff Teague,Maurice Evans,Othello Hunter,Randolph Morris,4,0:59,UTA,rebound,,,,,,,,,,,,,,,,,,
Andrei Kirilenko,Eric Maynor,Kyrylo Fesenko,Ronnie Price,Wesley Matthews,Jamal Crawford,Jeff Teague,Maurice Evans,Othello Hunter,Randolph Morris,4,0:59,UTA,free throw,,,,,,,2,,2,Andrei Kirilenko,,,foul,made,,,,
Andrei Kirilenko,Eric Maynor,Kyrylo Fesenko,Ronnie Price,Wesley Matthews,Jamal Crawford,Jeff Teague,Maurice Evans,Othello Hunter,Randolph Morris,4,0:44,ATL,shot,,,,,,,,,,Jamal Crawford,2,,,made,,jump,20,24
Andrei Kirilenko,Eric Maynor,Kyrylo Fesenko,Ronnie Price,Wesley Matthews,Jamal Crawford,Jeff Teague,Maurice Evans,Othello Hunter,Randolph Morris,4,0:34,UTA,shot,Ronnie Price,,,,,,,,,Kyrylo Fesenko,2,,,made,,layup,26,7
Andrei Kirilenko,Eric Maynor,Kyrylo Fesenko,Ronnie Price,Wesley Matthews,Jamal Crawford,Jeff Teague,Maurice Evans,Othello Hunter,Randolph Morris,4,0:10,ATL,shot,,,,,,,,,,Jamal Crawford,,,,missed,,3pt,37,29
Andrei Kirilenko,Eric Maynor,Kyrylo Fesenko,Ronnie Price,Wesley Matthews,Jamal Crawford,Jeff Teague,Maurice Evans,Othello Hunter,Randolph Morris,4,0:09,UTA,rebound,,,,,,,,,,Kyrylo Fesenko,,,,,,def,,
Andrei Kirilenko,Eric Maynor,Kyrylo Fesenko,Ronnie Price,Wesley Matthews,Jamal Crawford,Jeff Teague,Maurice Evans,Othello Hunter,Randolph Morris,4,0:05,UTA,shot,Eric Maynor,,,,,,,,,Ronnie Price,2,,,made,,running dunk,25,6
