a1,a2,a3,a4,a5,h1,h2,h3,h4,h5,period,time,team,etype,assist,away,block,entered,home,left,num,opponent,outof,player,points,possession,reason,result,steal,type,x,y
Chris Bosh,DeMar DeRozan,Hedo Turkoglu,Jarrett Jack,Rasho Nesterovic,Andrew Bogut,Brandon Jennings,Carlos Delfino,Ersan Ilyasova,Luc Richard Mbah a Moute,1,12:00,OFF,jump ball,,Chris Bosh,,,Andrew Bogut,,,,,,,Brandon Jennings,,,,,,
Chris Bosh,DeMar DeRozan,Hedo Turkoglu,Jarrett Jack,Rasho Nesterovic,Andrew Bogut,Brandon Jennings,Carlos Delfino,Ersan Ilyasova,Luc Richard Mbah a Moute,1,11:46,TOR,foul,,,,,,,,Andrew Bogut,,DeMar DeRozan,,,,,,personal,,
Chris Bosh,DeMar DeRozan,Hedo Turkoglu,Jarrett Jack,Rasho Nesterovic,Andrew Bogut,Brandon Jennings,Carlos Delfino,Ersan Ilyasova,Luc Richard Mbah a Moute,1,11:30,MIL,shot,,,,,,,,,,Ersan Ilyasova,,,,missed,,3pt,46,23
Chris Bosh,DeMar DeRozan,Hedo Turkoglu,Jarrett Jack,Rasho Nesterovic,Andrew Bogut,Brandon Jennings,Carlos Delfino,Ersan Ilyasova,Luc Richard Mbah a Moute,1,11:29,TOR,rebound,,,,,,,,,,Chris Bosh,,,,,,def,,
Chris Bosh,DeMar DeRozan,Hedo Turkoglu,Jarrett Jack,Rasho Nesterovic,Andrew Bogut,Brandon Jennings,Carlos Delfino,Ersan Ilyasova,Luc Richard Mbah a Moute,1,11:21,TOR,shot,Hedo Turkoglu,,,,,,,,,Chris Bosh,2,,,made,,jump,26,25
Chris Bosh,DeMar DeRozan,Hedo Turkoglu,Jarrett Jack,Rasho Nesterovic,Andrew Bogut,Brandon Jennings,Carlos Delfino,Ersan Ilyasova,Luc Richard Mbah a Moute,1,11:03,MIL,shot,,,,,,,,,,Luc Richard Mbah a Moute,,,,missed,,a moute 3pt,50,7
Chris Bosh,DeMar DeRozan,Hedo Turkoglu,Jarrett Jack,Rasho Nesterovic,Andrew Bogut,Brandon Jennings,Carlos Delfino,Ersan Ilyasova,Luc Richard Mbah a Moute,1,11:02,TOR,rebound,,,,,,,,,,DeMar DeRozan,,,,,,def,,
Chris Bosh,DeMar DeRozan,Hedo Turkoglu,Jarrett Jack,Rasho Nesterovic,Andrew Bogut,Brandon Jennings,Carlos Delfino,Ersan Ilyasova,Luc Richard Mbah a Moute,1,11:00,MIL,foul,,,,,,,,DeMar DeRozan,,Brandon Jennings,,,,,,personal,,
Chris Bosh,DeMar DeRozan,Hedo Turkoglu,Jarrett Jack,Rasho Nesterovic,Andrew Bogut,Brandon Jennings,Carlos Delfino,Ersan Ilyasova,Luc Richard Mbah a Moute,1,10:44,TOR,shot,,,,,,,,,,Hedo Turkoglu,,,,missed,,3pt,9,27
Chris Bosh,DeMar DeRozan,Hedo Turkoglu,Jarrett Jack,Rasho Nesterovic,Andrew Bogut,Brandon Jennings,Carlos Delfino,Ersan Ilyasova,Luc Richard Mbah a Moute,1,10:43,MIL,rebound,,,,,,,,,,Ersan Ilyasova,,,,,,def,,
Chris Bosh,DeMar DeRozan,Hedo Turkoglu,Jarrett Jack,Rasho Nesterovic,Andrew Bogut,Brandon Jennings,Carlos Delfino,Ersan Ilyasova,Luc Richard Mbah a Moute,1,10:25,MIL,shot,Andrew Bogut,,,,,,,,,Brandon Jennings,3,,,made,,3pt,45,21
Chris Bosh,DeMar DeRozan,Hedo Turkoglu,Jarrett Jack,Rasho Nesterovic,Andrew Bogut,Brandon Jennings,Carlos Delfino,Ersan Ilyasova,Luc Richard Mbah a Moute,1,10:04,TOR,shot,,,,,,,,,,DeMar DeRozan,,,,missed,,jump,9,16
Chris Bosh,DeMar DeRozan,Hedo Turkoglu,Jarrett Jack,Rasho Nesterovic,Andrew Bogut,Brandon Jennings,Carlos Delfino,Ersan Ilyasova,Luc Richard Mbah a Moute,1,10:03,MIL,rebound,,,,,,,,,,Ersan Ilyasova,,,,,,def,,
Chris Bosh,DeMar DeRozan,Hedo Turkoglu,Jarrett Jack,Rasho Nesterovic,Andrew Bogut,Brandon Jennings,Carlos Delfino,Ersan Ilyasova,Luc Richard Mbah a Moute,1,9:57,MIL,shot,,,Rasho Nesterovic,,,,,,,Ersan Ilyasova,,,,missed,,layup,25,6
Chris Bosh,DeMar DeRozan,Hedo Turkoglu,Jarrett Jack,Rasho Nesterovic,Andrew Bogut,Brandon Jennings,Carlos Delfino,Ersan Ilyasova,Luc Richard Mbah a Moute,1,9:57,MIL,rebound,,,,,,,,,,,,,,,,,,
Chris Bosh,DeMar DeRozan,Hedo Turkoglu,Jarrett Jack,Rasho Nesterovic,Andrew Bogut,Brandon Jennings,Carlos Delfino,Ersan Ilyasova,Luc Richard Mbah a Moute,1,9:48,MIL,shot,,,,,,,,,,Carlos Delfino,,,,missed,,3pt,4,21
Chris Bosh,DeMar DeRozan,Hedo Turkoglu,Jarrett Jack,Rasho Nesterovic,Andrew Bogut,Brandon Jennings,Carlos Delfino,Ersan Ilyasova,Luc Richard Mbah a Moute,1,9:47,TOR,rebound,,,,,,,,,,Jarrett Jack,,,,,,def,,
Chris Bosh,DeMar DeRozan,Hedo Turkoglu,Jarrett Jack,Rasho Nesterovic,Andrew Bogut,Brandon Jennings,Carlos Delfino,Ersan Ilyasova,Luc Richard Mbah a Moute,1,9:41,TOR,shot,Jarrett Jack,,,,,,,,,Chris Bosh,2,,,made,,dunk,25,6
Chris Bosh,DeMar DeRozan,Hedo Turkoglu,Jarrett Jack,Rasho Nesterovic,Andrew Bogut,Brandon Jennings,Carlos Delfino,Ersan Ilyasova,Luc Richard Mbah a Moute,1,9:23,MIL,shot,,,,,,,,,,Carlos Delfino,,,,missed,,jump,41,19
Chris Bosh,DeMar DeRozan,Hedo Turkoglu,Jarrett Jack,Rasho Nesterovic,Andrew Bogut,Brandon Jennings,Carlos Delfino,Ersan Ilyasova,Luc Richard Mbah a Moute,1,9:22,TOR,rebound,,,,,,,,,,Chris Bosh,,,,,,def,,
Chris Bosh,DeMar DeRozan,Hedo Turkoglu,Jarrett Jack,Rasho Nesterovic,Andrew Bogut,Brandon Jennings,Carlos Delfino,Ersan Ilyasova,Luc Richard Mbah a Moute,1,9:05,TOR,shot,,,,,,,,,,Rasho Nesterovic,,,,missed,,jump,37,6
Chris Bosh,DeMar DeRozan,Hedo Turkoglu,Jarrett Jack,Rasho Nesterovic,Andrew Bogut,Brandon Jennings,Carlos Delfino,Ersan Ilyasova,Luc Richard Mbah a Moute,1,9:04,MIL,rebound,,,,,,,,,,Carlos Delfino,,,,,,def,,
Chris Bosh,DeMar DeRozan,Hedo Turkoglu,Jarrett Jack,Rasho Nesterovic,Andrew Bogut,Brandon Jennings,Carlos Delfino,Ersan Ilyasova,Luc Richard Mbah a Moute,1,8:45,MIL,shot,,,,,,,,,,Andrew Bogut,,,,missed,,layup,25,6
Chris Bosh,DeMar DeRozan,Hedo Turkoglu,Jarrett Jack,Rasho Nesterovic,Andrew Bogut,Brandon Jennings,Carlos Delfino,Ersan Ilyasova,Luc Richard Mbah a Moute,1,8:44,MIL,rebound,,,,,,,,,,Ersan Ilyasova,,,,,,off,,
Chris Bosh,DeMar DeRozan,Hedo Turkoglu,Jarrett Jack,Rasho Nesterovic,Andrew Bogut,Brandon Jennings,Carlos Delfino,Ersan Ilyasova,Luc Richard Mbah a Moute,1,8:44,MIL,shot,,,,,,,,,,Ersan Ilyasova,,,,missed,,tip,25,6
Chris Bosh,DeMar DeRozan,Hedo Turkoglu,Jarrett Jack,Rasho Nesterovic,Andrew Bogut,Brandon Jennings,Carlos Delfino,Ersan Ilyasova,Luc Richard Mbah a Moute,1,8:43,TOR,rebound,,,,,,,,,,Chris Bosh,,,,,,def,,
Chris Bosh,DeMar DeRozan,Hedo Turkoglu,Jarrett Jack,Rasho Nesterovic,Andrew Bogut,Brandon Jennings,Carlos Delfino,Ersan Ilyasova,Luc Richard Mbah a Moute,1,8:37,TOR,turnover,,,,,,,,,,Hedo Turkoglu,,,lost ball,,Luc Richard Mbah a Moute,,,
Chris Bosh,DeMar DeRozan,Hedo Turkoglu,Jarrett Jack,Rasho Nesterovic,Andrew Bogut,Brandon Jennings,Carlos Delfino,Ersan Ilyasova,Luc Richard Mbah a Moute,1,8:37,TOR,foul,,,,,,,,Luc Richard Mbah a Moute,,Hedo Turkoglu,,,,,,personal,,
Chris Bosh,DeMar DeRozan,Hedo Turkoglu,Jarrett Jack,Rasho Nesterovic,Andrew Bogut,Brandon Jennings,Carlos Delfino,Ersan Ilyasova,Luc Richard Mbah a Moute,1,8:24,MIL,shot,Carlos Delfino,,,,,,,,,Ersan Ilyasova,2,,,made,,jump,10,5
Chris Bosh,DeMar DeRozan,Hedo Turkoglu,Jarrett Jack,Rasho Nesterovic,Andrew Bogut,Brandon Jennings,Carlos Delfino,Ersan Ilyasova,Luc Richard Mbah a Moute,1,8:09,TOR,shot,,,,,,,,,,Rasho Nesterovic,,,,missed,,jump,20,23
Chris Bosh,DeMar DeRozan,Hedo Turkoglu,Jarrett Jack,Rasho Nesterovic,Andrew Bogut,Brandon Jennings,Carlos Delfino,Ersan Ilyasova,Luc Richard Mbah a Moute,1,8:07,MIL,rebound,,,,,,,,,,Luc Richard Mbah a Moute,,,,,,def,,
Chris Bosh,DeMar DeRozan,Hedo Turkoglu,Jarrett Jack,Rasho Nesterovic,Andrew Bogut,Brandon Jennings,Carlos Delfino,Ersan Ilyasova,Luc Richard Mbah a Moute,1,8:02,MIL,shot,,,,,,,,,,Carlos Delfino,,,,missed,,layup,25,6
Chris Bosh,DeMar DeRozan,Hedo Turkoglu,Jarrett Jack,Rasho Nesterovic,Andrew Bogut,Brandon Jennings,Carlos Delfino,Ersan Ilyasova,Luc Richard Mbah a Moute,1,8:01,TOR,rebound,,,,,,,,,,Hedo Turkoglu,,,,,,def,,
Chris Bosh,DeMar DeRozan,Hedo Turkoglu,Jarrett Jack,Rasho Nesterovic,Andrew Bogut,Brandon Jennings,Carlos Delfino,Ersan Ilyasova,Luc Richard Mbah a Moute,1,7:53,TOR,shot,Hedo Turkoglu,,,,,,,,,DeMar DeRozan,2,,,made,,layup,25,6
Chris Bosh,DeMar DeRozan,Hedo Turkoglu,Jarrett Jack,Rasho Nesterovic,Andrew Bogut,Brandon Jennings,Carlos Delfino,Ersan Ilyasova,Luc Richard Mbah a Moute,1,7:37,MIL,shot,,,,,,,,,,Carlos Delfino,,,,missed,,layup,25,6
Chris Bosh,DeMar DeRozan,Hedo Turkoglu,Jarrett Jack,Rasho Nesterovic,Andrew Bogut,Brandon Jennings,Carlos Delfino,Ersan Ilyasova,Luc Richard Mbah a Moute,1,7:36,MIL,rebound,,,,,,,,,,Andrew Bogut,,,,,,off,,
Chris Bosh,DeMar DeRozan,Hedo Turkoglu,Jarrett Jack,Rasho Nesterovic,Andrew Bogut,Brandon Jennings,Carlos Delfino,Ersan Ilyasova,Luc Richard Mbah a Moute,1,7:35,MIL,shot,,,,,,,,,,Andrew Bogut,2,,,made,,layup,25,6
Chris Bosh,DeMar DeRozan,Hedo Turkoglu,Jarrett Jack,Rasho Nesterovic,Andrew Bogut,Brandon Jennings,Carlos Delfino,Ersan Ilyasova,Luc Richard Mbah a Moute,1,7:29,TOR,shot,,,Andrew Bogut,,,,,,,Chris Bosh,,,,missed,,layup,25,6
Chris Bosh,DeMar DeRozan,Hedo Turkoglu,Jarrett Jack,Rasho Nesterovic,Andrew Bogut,Brandon Jennings,Carlos Delfino,Ersan Ilyasova,Luc Richard Mbah a Moute,1,7:27,MIL,rebound,,,,,,,,,,Carlos Delfino,,,,,,def,,
Chris Bosh,DeMar DeRozan,Hedo Turkoglu,Jarrett Jack,Rasho Nesterovic,Andrew Bogut,Brandon Jennings,Carlos Delfino,Ersan Ilyasova,Luc Richard Mbah a Moute,1,7:21,MIL,shot,,,,,,,,,,Ersan Ilyasova,,,,missed,,jump,12,13
Chris Bosh,DeMar DeRozan,Hedo Turkoglu,Jarrett Jack,Rasho Nesterovic,Andrew Bogut,Brandon Jennings,Carlos Delfino,Ersan Ilyasova,Luc Richard Mbah a Moute,1,7:20,TOR,rebound,,,,,,,,,,Chris Bosh,,,,,,def,,
Chris Bosh,DeMar DeRozan,Hedo Turkoglu,Jarrett Jack,Rasho Nesterovic,Andrew Bogut,Brandon Jennings,Carlos Delfino,Ersan Ilyasova,Luc Richard Mbah a Moute,1,7:13,MIL,foul,,,,,,,,Rasho Nesterovic,,Ersan Ilyasova,,,,,,personal,,
Chris Bosh,DeMar DeRozan,Hedo Turkoglu,Jarrett Jack,Rasho Nesterovic,Andrew Bogut,Brandon Jennings,Carlos Delfino,Ersan Ilyasova,Luc Richard Mbah a Moute,1,7:08,TOR,shot,,,,,,,,,,Jarrett Jack,2,,,made,,jump,15,18
Chris Bosh,DeMar DeRozan,Hedo Turkoglu,Jarrett Jack,Rasho Nesterovic,Andrew Bogut,Brandon Jennings,Carlos Delfino,Ersan Ilyasova,Luc Richard Mbah a Moute,1,6:52,MIL,shot,,,,,,,,,,Brandon Jennings,,,,missed,,3pt,5,20
Chris Bosh,DeMar DeRozan,Hedo Turkoglu,Jarrett Jack,Rasho Nesterovic,Andrew Bogut,Brandon Jennings,Carlos Delfino,Ersan Ilyasova,Luc Richard Mbah a Moute,1,6:51,MIL,rebound,,,,,,,,,,Andrew Bogut,,,,,,off,,
Chris Bosh,DeMar DeRozan,Hedo Turkoglu,Jarrett Jack,Rasho Nesterovic,Andrew Bogut,Brandon Jennings,Carlos Delfino,Ersan Ilyasova,Luc Richard Mbah a Moute,1,6:43,TOR,violation,,,,,,,,,,Rasho Nesterovic,,,,,,kicked ball,,
Antoine Wright,Chris Bosh,DeMar DeRozan,Jarrett Jack,Rasho Nesterovic,Andrew Bogut,Brandon Jennings,Carlos Delfino,Ersan Ilyasova,Luc Richard Mbah a Moute,1,6:43,TOR,sub,,,,Antoine Wright,,Hedo Turkoglu,,,,,,,,,,,,
Antoine Wright,Chris Bosh,DeMar DeRozan,Jarrett Jack,Rasho Nesterovic,Andrew Bogut,Brandon Jennings,Carlos Delfino,Ersan Ilyasova,Luc Richard Mbah a Moute,1,6:37,MIL,shot,Brandon Jennings,,,,,,,,,Ersan Ilyasova,3,,,made,,3pt,9,27
Antoine Wright,Chris Bosh,DeMar DeRozan,Jarrett Jack,Rasho Nesterovic,Andrew Bogut,Brandon Jennings,Carlos Delfino,Ersan Ilyasova,Luc Richard Mbah a Moute,1,6:20,TOR,shot,,,Luc Richard Mbah a Moute,,,,,,,Antoine Wright,,,,missed,,layup,25,6
Antoine Wright,Chris Bosh,DeMar DeRozan,Jarrett Jack,Rasho Nesterovic,Andrew Bogut,Brandon Jennings,Carlos Delfino,Ersan Ilyasova,Luc Richard Mbah a Moute,1,6:20,TOR,rebound,,,,,,,,,,,,,,,,,,
Antoine Wright,Chris Bosh,DeMar DeRozan,Jarrett Jack,Rasho Nesterovic,Andrew Bogut,Brandon Jennings,Carlos Delfino,Ersan Ilyasova,Luc Richard Mbah a Moute,1,6:10,TOR,shot,,,,,,,,,,DeMar DeRozan,2,,,made,,driving layup,25,6
Antoine Wright,Chris Bosh,DeMar DeRozan,Jarrett Jack,Rasho Nesterovic,Andrew Bogut,Brandon Jennings,Carlos Delfino,Ersan Ilyasova,Luc Richard Mbah a Moute,1,5:52,MIL,shot,Brandon Jennings,,,,,,,,,Andrew Bogut,2,,,made,,alley oop layup,25,6
Antoine Wright,Chris Bosh,DeMar DeRozan,Jarrett Jack,Rasho Nesterovic,Andrew Bogut,Brandon Jennings,Carlos Delfino,Ersan Ilyasova,Luc Richard Mbah a Moute,1,5:38,TOR,shot,Jarrett Jack,,,,,,,,,Chris Bosh,2,,,made,,jump,19,21
Antoine Wright,Chris Bosh,DeMar DeRozan,Jarrett Jack,Rasho Nesterovic,Andrew Bogut,Brandon Jennings,Carlos Delfino,Ersan Ilyasova,Luc Richard Mbah a Moute,1,5:26,MIL,shot,,,,,,,,,,Brandon Jennings,,,,missed,,jump,34,25
Antoine Wright,Chris Bosh,DeMar DeRozan,Jarrett Jack,Rasho Nesterovic,Andrew Bogut,Brandon Jennings,Carlos Delfino,Ersan Ilyasova,Luc Richard Mbah a Moute,1,5:24,TOR,rebound,,,,,,,,,,DeMar DeRozan,,,,,,def,,
Antoine Wright,Chris Bosh,DeMar DeRozan,Jarrett Jack,Rasho Nesterovic,Andrew Bogut,Brandon Jennings,Carlos Delfino,Ersan Ilyasova,Luc Richard Mbah a Moute,1,5:06,MIL,foul,,,,,,,,DeMar DeRozan,,Carlos Delfino,,,,,,shooting,,
Antoine Wright,Chris Bosh,DeMar DeRozan,Jarrett Jack,Rasho Nesterovic,Andrew Bogut,Brandon Jennings,Carlos Delfino,Ersan Ilyasova,Luc Richard Mbah a Moute,1,5:06,MIL,timeout,,,,,,,,,,,,,,,,regular,,
Amir Johnson,Antoine Wright,Chris Bosh,DeMar DeRozan,Jarrett Jack,Andrew Bogut,Brandon Jennings,Carlos Delfino,Ersan Ilyasova,Luc Richard Mbah a Moute,1,5:06,TOR,sub,,,,Amir Johnson,,Rasho Nesterovic,,,,,,,,,,,,
Amir Johnson,Antoine Wright,Chris Bosh,DeMar DeRozan,Jarrett Jack,Andrew Bogut,Brandon Jennings,Carlos Delfino,Ersan Ilyasova,Luc Richard Mbah a Moute,1,5:06,TOR,free throw,,,,,,,1,,2,DeMar DeRozan,,,foul,made,,,,
Amir Johnson,Antoine Wright,Chris Bosh,DeMar DeRozan,Jarrett Jack,Andrew Bogut,Brandon Jennings,Carlos Delfino,Ersan Ilyasova,Luc Richard Mbah a Moute,1,5:06,TOR,free throw,,,,,,,2,,2,DeMar DeRozan,,,foul,made,,,,
Amir Johnson,Antoine Wright,Chris Bosh,DeMar DeRozan,Jarrett Jack,Andrew Bogut,Brandon Jennings,Carlos Delfino,Ersan Ilyasova,Luc Richard Mbah a Moute,1,4:55,MIL,shot,,,,,,,,,,Brandon Jennings,,,,missed,,3pt,40,26
Amir Johnson,Antoine Wright,Chris Bosh,DeMar DeRozan,Jarrett Jack,Andrew Bogut,Brandon Jennings,Carlos Delfino,Ersan Ilyasova,Luc Richard Mbah a Moute,1,4:54,TOR,rebound,,,,,,,,,,DeMar DeRozan,,,,,,def,,
Amir Johnson,Antoine Wright,Chris Bosh,DeMar DeRozan,Jarrett Jack,Andrew Bogut,Brandon Jennings,Carlos Delfino,Ersan Ilyasova,Luc Richard Mbah a Moute,1,4:38,TOR,turnover,,,,,,,,,,Amir Johnson,,,3 second violation,,,,,
Amir Johnson,Antoine Wright,Chris Bosh,DeMar DeRozan,Jarrett Jack,Andrew Bogut,Brandon Jennings,Carlos Delfino,Ersan Ilyasova,Luc Richard Mbah a Moute,1,4:15,TOR,foul,,,,,,,,Ersan Ilyasova,,Amir Johnson,,,,,,shooting,,
Amir Johnson,Antoine Wright,Chris Bosh,DeMar DeRozan,Jarrett Jack,Andrew Bogut,Brandon Jennings,Carlos Delfino,Ersan Ilyasova,Luc Richard Mbah a Moute,1,4:15,MIL,free throw,,,,,,,1,,2,Ersan Ilyasova,,,foul,made,,,,
Amir Johnson,Antoine Wright,Chris Bosh,DeMar DeRozan,Jarrett Jack,Andrew Bogut,Brandon Jennings,Ersan Ilyasova,Luc Richard Mbah a Moute,Roko Ukic,1,4:15,MIL,sub,,,,Roko Ukic,,Carlos Delfino,,,,,,,,,,,,
Amir Johnson,Antoine Wright,Chris Bosh,DeMar DeRozan,Jarrett Jack,Andrew Bogut,Brandon Jennings,Ersan Ilyasova,Luc Richard Mbah a Moute,Roko Ukic,1,4:15,MIL,free throw,,,,,,,2,,2,Ersan Ilyasova,,,foul,made,,,,
Amir Johnson,Antoine Wright,Chris Bosh,DeMar DeRozan,Jarrett Jack,Andrew Bogut,Brandon Jennings,Ersan Ilyasova,Luc Richard Mbah a Moute,Roko Ukic,1,4:01,TOR,shot,,,,,,,,,,Chris Bosh,,,,missed,,jump,30,24
Amir Johnson,Antoine Wright,Chris Bosh,DeMar DeRozan,Jarrett Jack,Andrew Bogut,Brandon Jennings,Ersan Ilyasova,Luc Richard Mbah a Moute,Roko Ukic,1,4:00,MIL,rebound,,,,,,,,,,Ersan Ilyasova,,,,,,def,,
Amir Johnson,Antoine Wright,Chris Bosh,DeMar DeRozan,Jarrett Jack,Andrew Bogut,Brandon Jennings,Ersan Ilyasova,Luc Richard Mbah a Moute,Roko Ukic,1,3:49,MIL,shot,,,,,,,,,,Andrew Bogut,2,,,made,,hook,35,4
Amir Johnson,Antoine Wright,Chris Bosh,DeMar DeRozan,Jarrett Jack,Andrew Bogut,Brandon Jennings,Ersan Ilyasova,Luc Richard Mbah a Moute,Roko Ukic,1,3:38,TOR,shot,,,,,,,,,,Antoine Wright,2,,,made,,jump,41,18
Amir Johnson,Antoine Wright,Chris Bosh,DeMar DeRozan,Jarrett Jack,Andrew Bogut,Brandon Jennings,Ersan Ilyasova,Luc Richard Mbah a Moute,Roko Ukic,1,3:13,MIL,shot,Brandon Jennings,,,,,,,,,Luc Richard Mbah a Moute,2,,,made,,a moute layup,25,6
Amir Johnson,Antoine Wright,Chris Bosh,DeMar DeRozan,Jarrett Jack,Andrew Bogut,Brandon Jennings,Ersan Ilyasova,Luc Richard Mbah a Moute,Roko Ukic,1,2:58,TOR,shot,,,,,,,,,,Chris Bosh,,,,missed,,jump,36,16
Amir Johnson,Antoine Wright,Chris Bosh,DeMar DeRozan,Jarrett Jack,Andrew Bogut,Brandon Jennings,Ersan Ilyasova,Luc Richard Mbah a Moute,Roko Ukic,1,2:57,MIL,rebound,,,,,,,,,,Brandon Jennings,,,,,,def,,
Amir Johnson,Antoine Wright,Chris Bosh,DeMar DeRozan,Jarrett Jack,Andrew Bogut,Brandon Jennings,Ersan Ilyasova,Luc Richard Mbah a Moute,Roko Ukic,1,2:42,MIL,shot,,,,,,,,,,Andrew Bogut,,,,missed,,hook,18,8
Amir Johnson,Antoine Wright,Chris Bosh,DeMar DeRozan,Jarrett Jack,Andrew Bogut,Brandon Jennings,Ersan Ilyasova,Luc Richard Mbah a Moute,Roko Ukic,1,2:41,TOR,rebound,,,,,,,,,,Chris Bosh,,,,,,def,,
Amir Johnson,Antoine Wright,Chris Bosh,DeMar DeRozan,Jarrett Jack,Andrew Bogut,Brandon Jennings,Ersan Ilyasova,Luc Richard Mbah a Moute,Roko Ukic,1,2:36,MIL,foul,,,,,,,,Antoine Wright,,Roko Ukic,,,,,,shooting,,
Amir Johnson,Antoine Wright,Chris Bosh,DeMar DeRozan,Jarrett Jack,Andrew Bogut,Brandon Jennings,Ersan Ilyasova,Luc Richard Mbah a Moute,Roko Ukic,1,2:36,TOR,timeout,,,,,,,,,,,,,,,,regular,,
Amir Johnson,Antoine Wright,DeMar DeRozan,Jarrett Jack,Marco Belinelli,Andrew Bogut,Brandon Jennings,Ersan Ilyasova,Luc Richard Mbah a Moute,Roko Ukic,1,2:36,TOR,sub,,,,Marco Belinelli,,Chris Bosh,,,,,,,,,,,,
Amir Johnson,Antoine Wright,Hedo Turkoglu,Jarrett Jack,Marco Belinelli,Andrew Bogut,Brandon Jennings,Ersan Ilyasova,Luc Richard Mbah a Moute,Roko Ukic,1,2:36,TOR,sub,,,,Hedo Turkoglu,,DeMar DeRozan,,,,,,,,,,,,
Amir Johnson,Antoine Wright,Hedo Turkoglu,Jarrett Jack,Marco Belinelli,Andrew Bogut,Brandon Jennings,Hakim Warrick,Luc Richard Mbah a Moute,Roko Ukic,1,2:36,MIL,sub,,,,Hakim Warrick,,Ersan Ilyasova,,,,,,,,,,,,
Amir Johnson,Antoine Wright,Hedo Turkoglu,Jarrett Jack,Marco Belinelli,Andrew Bogut,Brandon Jennings,Hakim Warrick,Jodie Meeks,Roko Ukic,1,2:36,MIL,sub,,,,Jodie Meeks,,Luc Richard Mbah a Moute,,,,,,,,,,,,
Amir Johnson,Antoine Wright,Hedo Turkoglu,Jarrett Jack,Marco Belinelli,Andrew Bogut,Brandon Jennings,Hakim Warrick,Jodie Meeks,Roko Ukic,1,2:36,TOR,free throw,,,,,,,1,,2,Antoine Wright,,,foul,made,,,,
Amir Johnson,Antoine Wright,Hedo Turkoglu,Jarrett Jack,Marco Belinelli,Andrew Bogut,Brandon Jennings,Hakim Warrick,Jodie Meeks,Roko Ukic,1,2:36,TOR,free throw,,,,,,,2,,2,Antoine Wright,,,foul,missed,,,,
Amir Johnson,Antoine Wright,Hedo Turkoglu,Jarrett Jack,Marco Belinelli,Andrew Bogut,Brandon Jennings,Hakim Warrick,Jodie Meeks,Roko Ukic,1,2:33,MIL,rebound,,,,,,,,,,Jodie Meeks,,,,,,def,,
Amir Johnson,Antoine Wright,Hedo Turkoglu,Jarrett Jack,Marco Belinelli,Andrew Bogut,Brandon Jennings,Hakim Warrick,Jodie Meeks,Roko Ukic,1,2:08,MIL,shot,,,,,,,,,,Roko Ukic,,,,missed,,3pt,35,30
Amir Johnson,Antoine Wright,Hedo Turkoglu,Jarrett Jack,Marco Belinelli,Andrew Bogut,Brandon Jennings,Hakim Warrick,Jodie Meeks,Roko Ukic,1,2:07,TOR,rebound,,,,,,,,,,Marco Belinelli,,,,,,def,,
Amir Johnson,Antoine Wright,Hedo Turkoglu,Jarrett Jack,Marco Belinelli,Andrew Bogut,Brandon Jennings,Hakim Warrick,Jodie Meeks,Roko Ukic,1,1:55,TOR,shot,Hedo Turkoglu,,,,,,,,,Antoine Wright,3,,,made,,3pt,49,9
Amir Johnson,Antoine Wright,Hedo Turkoglu,Jarrett Jack,Marco Belinelli,Andrew Bogut,Brandon Jennings,Hakim Warrick,Jodie Meeks,Roko Ukic,1,1:36,MIL,shot,Hakim Warrick,,,,,,,,,Brandon Jennings,3,,,made,,3pt,26,31
Amir Johnson,Antoine Wright,Hedo Turkoglu,Jarrett Jack,Marco Belinelli,Andrew Bogut,Brandon Jennings,Hakim Warrick,Jodie Meeks,Roko Ukic,1,1:20,TOR,shot,,,,,,,,,,Hedo Turkoglu,,,,missed,,jump,40,16
Amir Johnson,Antoine Wright,Hedo Turkoglu,Jarrett Jack,Marco Belinelli,Andrew Bogut,Brandon Jennings,Hakim Warrick,Jodie Meeks,Roko Ukic,1,1:19,MIL,rebound,,,,,,,,,,Brandon Jennings,,,,,,def,,
Amir Johnson,Antoine Wright,Hedo Turkoglu,Jarrett Jack,Marco Belinelli,Andrew Bogut,Brandon Jennings,Hakim Warrick,Jodie Meeks,Roko Ukic,1,1:10,MIL,shot,,,,,,,,,,Brandon Jennings,2,,,made,,layup,25,6
Amir Johnson,Antoine Wright,Hedo Turkoglu,Jarrett Jack,Marco Belinelli,Andrew Bogut,Brandon Jennings,Hakim Warrick,Jodie Meeks,Roko Ukic,1,1:10,TOR,foul,,,,,,,,Brandon Jennings,,Jarrett Jack,,,,,,shooting,,
Amir Johnson,Antoine Wright,Hedo Turkoglu,Marco Belinelli,Marcus Banks,Andrew Bogut,Brandon Jennings,Hakim Warrick,Jodie Meeks,Roko Ukic,1,1:10,TOR,sub,,,,Marcus Banks,,Jarrett Jack,,,,,,,,,,,,
Amir Johnson,Antoine Wright,Hedo Turkoglu,Marco Belinelli,Marcus Banks,Andrew Bogut,Brandon Jennings,Hakim Warrick,Jodie Meeks,Roko Ukic,1,1:10,MIL,free throw,,,,,,,1,,1,Brandon Jennings,,,foul,made,,,,
Amir Johnson,Antoine Wright,Hedo Turkoglu,Marco Belinelli,Marcus Banks,Andrew Bogut,Brandon Jennings,Hakim Warrick,Jodie Meeks,Roko Ukic,1,0:58,TOR,shot,,,,,,,,,,Hedo Turkoglu,2,,,made,,running layup,25,6
Amir Johnson,Antoine Wright,Hedo Turkoglu,Marco Belinelli,Marcus Banks,Andrew Bogut,Brandon Jennings,Hakim Warrick,Jodie Meeks,Roko Ukic,1,0:39,MIL,shot,,,,,,,,,,Brandon Jennings,2,,,made,,running jump,36,8
Amir Johnson,Antoine Wright,Hedo Turkoglu,Marco Belinelli,Marcus Banks,Andrew Bogut,Brandon Jennings,Hakim Warrick,Jodie Meeks,Roko Ukic,1,0:31,TOR,shot,,,,,,,,,,Marcus Banks,,,,missed,,jump,20,22
Amir Johnson,Antoine Wright,Hedo Turkoglu,Marco Belinelli,Marcus Banks,Andrew Bogut,Brandon Jennings,Hakim Warrick,Jodie Meeks,Roko Ukic,1,0:29,MIL,rebound,,,,,,,,,,Andrew Bogut,,,,,,def,,
Amir Johnson,Antoine Wright,Hedo Turkoglu,Marco Belinelli,Marcus Banks,Andrew Bogut,Brandon Jennings,Hakim Warrick,Jodie Meeks,Roko Ukic,1,0:11,MIL,shot,,,,,,,,,,Brandon Jennings,3,,,made,,3pt,45,22
Amir Johnson,Antoine Wright,Hedo Turkoglu,Marco Belinelli,Marcus Banks,Andrew Bogut,Brandon Jennings,Hakim Warrick,Jodie Meeks,Roko Ukic,1,0:02,TOR,shot,,,,,,,,,,Marco Belinelli,,,,missed,,jump,19,25
Amir Johnson,Antoine Wright,Hedo Turkoglu,Marco Belinelli,Marcus Banks,Andrew Bogut,Brandon Jennings,Hakim Warrick,Jodie Meeks,Roko Ukic,1,0:01,TOR,rebound,,,,,,,,,,Amir Johnson,,,,,,off,,
Amir Johnson,Antoine Wright,Hedo Turkoglu,Marco Belinelli,Marcus Banks,Andrew Bogut,Brandon Jennings,Hakim Warrick,Jodie Meeks,Roko Ukic,1,0:00,TOR,shot,,,,,,,,,,Amir Johnson,,,,missed,,jump,34,7
Amir Johnson,Antoine Wright,Hedo Turkoglu,Marco Belinelli,Marcus Banks,Andrew Bogut,Brandon Jennings,Hakim Warrick,Jodie Meeks,Roko Ukic,1,0:00,TOR,rebound,,,,,,,,,,,,,,,,,,
Amir Johnson,Antoine Wright,Hedo Turkoglu,Marco Belinelli,Marcus Banks,Brandon Jennings,Ersan Ilyasova,Hakim Warrick,Jodie Meeks,Roko Ukic,2,11:43,TOR,turnover,,,,,,,,,,Hedo Turkoglu,,,out of bounds lost ball turnover,,,,,
Amir Johnson,Antoine Wright,Hedo Turkoglu,Marco Belinelli,Marcus Banks,Brandon Jennings,Ersan Ilyasova,Hakim Warrick,Jodie Meeks,Roko Ukic,2,11:28,MIL,shot,Brandon Jennings,,,,,,,,,Roko Ukic,2,,,made,,layup,25,6
Amir Johnson,Antoine Wright,Hedo Turkoglu,Marco Belinelli,Marcus Banks,Brandon Jennings,Ersan Ilyasova,Hakim Warrick,Jodie Meeks,Roko Ukic,2,11:28,TOR,foul,,,,,,,,Roko Ukic,,Marco Belinelli,,,,,,shooting,,
Amir Johnson,Antoine Wright,Hedo Turkoglu,Marco Belinelli,Marcus Banks,Brandon Jennings,Ersan Ilyasova,Hakim Warrick,Jodie Meeks,Roko Ukic,2,11:28,MIL,free throw,,,,,,,1,,1,Roko Ukic,,,foul,missed,,,,
Amir Johnson,Antoine Wright,Hedo Turkoglu,Marco Belinelli,Marcus Banks,Brandon Jennings,Ersan Ilyasova,Hakim Warrick,Jodie Meeks,Roko Ukic,2,11:27,TOR,rebound,,,,,,,,,,Amir Johnson,,,,,,def,,
Amir Johnson,Antoine Wright,Hedo Turkoglu,Marco Belinelli,Marcus Banks,Brandon Jennings,Ersan Ilyasova,Hakim Warrick,Jodie Meeks,Roko Ukic,2,11:07,TOR,turnover,,,,,,,,,,Marco Belinelli,,,bad pass,,Hakim Warrick,,,
Amir Johnson,Antoine Wright,Hedo Turkoglu,Marco Belinelli,Marcus Banks,Brandon Jennings,Ersan Ilyasova,Hakim Warrick,Jodie Meeks,Roko Ukic,2,11:01,MIL,shot,,,,,,,,,,Brandon Jennings,2,,,made,,jump,26,19
Amir Johnson,Antoine Wright,Hedo Turkoglu,Marco Belinelli,Marcus Banks,Brandon Jennings,Ersan Ilyasova,Hakim Warrick,Jodie Meeks,Roko Ukic,2,10:43,MIL,foul,,,,,,,,Marcus Banks,,Hakim Warrick,,,,,,shooting,,
Amir Johnson,Antoine Wright,Hedo Turkoglu,Marco Belinelli,Marcus Banks,Ersan Ilyasova,Hakim Warrick,Jodie Meeks,Luke Ridnour,Roko Ukic,2,10:43,MIL,sub,,,,Luke Ridnour,,Brandon Jennings,,,,,,,,,,,,
Antoine Wright,Chris Bosh,Hedo Turkoglu,Marco Belinelli,Marcus Banks,Ersan Ilyasova,Hakim Warrick,Jodie Meeks,Luke Ridnour,Roko Ukic,2,10:43,TOR,sub,,,,Chris Bosh,,Amir Johnson,,,,,,,,,,,,
Antoine Wright,Chris Bosh,Hedo Turkoglu,Marco Belinelli,Marcus Banks,Ersan Ilyasova,Hakim Warrick,Jodie Meeks,Luke Ridnour,Roko Ukic,2,10:43,TOR,free throw,,,,,,,1,,2,Marcus Banks,,,foul,made,,,,
Antoine Wright,Chris Bosh,Hedo Turkoglu,Marco Belinelli,Marcus Banks,Ersan Ilyasova,Hakim Warrick,Jodie Meeks,Luke Ridnour,Roko Ukic,2,10:43,TOR,free throw,,,,,,,2,,2,Marcus Banks,,,foul,made,,,,
Antoine Wright,Chris Bosh,Hedo Turkoglu,Marco Belinelli,Marcus Banks,Ersan Ilyasova,Hakim Warrick,Jodie Meeks,Luke Ridnour,Roko Ukic,2,10:32,MIL,shot,Hakim Warrick,,,,,,,,,Ersan Ilyasova,3,,,made,,3pt,42,27
Antoine Wright,Chris Bosh,Hedo Turkoglu,Marco Belinelli,Marcus Banks,Ersan Ilyasova,Hakim Warrick,Jodie Meeks,Luke Ridnour,Roko Ukic,2,10:09,MIL,foul,,,,,,,,Chris Bosh,,Hakim Warrick,,,,,,shooting,,
Antoine Wright,Chris Bosh,Hedo Turkoglu,Marco Belinelli,Marcus Banks,Ersan Ilyasova,Hakim Warrick,Jodie Meeks,Luke Ridnour,Roko Ukic,2,10:09,TOR,free throw,,,,,,,1,,2,Chris Bosh,,,foul,made,,,,
Antoine Wright,Chris Bosh,Hedo Turkoglu,Marco Belinelli,Marcus Banks,Ersan Ilyasova,Hakim Warrick,Jodie Meeks,Luke Ridnour,Roko Ukic,2,10:09,TOR,free throw,,,,,,,2,,2,Chris Bosh,,,foul,missed,,,,
Antoine Wright,Chris Bosh,Hedo Turkoglu,Marco Belinelli,Marcus Banks,Ersan Ilyasova,Hakim Warrick,Jodie Meeks,Luke Ridnour,Roko Ukic,2,10:08,MIL,rebound,,,,,,,,,,Hakim Warrick,,,,,,def,,
Antoine Wright,Chris Bosh,Hedo Turkoglu,Marco Belinelli,Marcus Banks,Ersan Ilyasova,Hakim Warrick,Jodie Meeks,Luke Ridnour,Roko Ukic,2,9:50,MIL,shot,,,,,,,,,,Roko Ukic,,,,missed,,layup,25,6
Antoine Wright,Chris Bosh,Hedo Turkoglu,Marco Belinelli,Marcus Banks,Ersan Ilyasova,Hakim Warrick,Jodie Meeks,Luke Ridnour,Roko Ukic,2,9:49,TOR,rebound,,,,,,,,,,Marcus Banks,,,,,,def,,
Antoine Wright,Chris Bosh,Hedo Turkoglu,Marco Belinelli,Marcus Banks,Ersan Ilyasova,Hakim Warrick,Jodie Meeks,Luke Ridnour,Roko Ukic,2,9:40,TOR,shot,Marcus Banks,,,,,,,,,Chris Bosh,2,,,made,,running dunk,25,6
Antoine Wright,Chris Bosh,Hedo Turkoglu,Marco Belinelli,Marcus Banks,Ersan Ilyasova,Hakim Warrick,Jodie Meeks,Luke Ridnour,Roko Ukic,2,9:27,MIL,shot,,,,,,,,,,Luke Ridnour,,,,missed,,jump,33,26
Antoine Wright,Chris Bosh,Hedo Turkoglu,Marco Belinelli,Marcus Banks,Ersan Ilyasova,Hakim Warrick,Jodie Meeks,Luke Ridnour,Roko Ukic,2,9:25,TOR,rebound,,,,,,,,,,Chris Bosh,,,,,,def,,
Antoine Wright,Chris Bosh,Hedo Turkoglu,Marco Belinelli,Marcus Banks,Ersan Ilyasova,Hakim Warrick,Jodie Meeks,Luke Ridnour,Roko Ukic,2,9:11,TOR,shot,,,,,,,,,,Chris Bosh,2,,,made,,hook,29,10
Antoine Wright,Chris Bosh,Hedo Turkoglu,Marco Belinelli,Marcus Banks,Ersan Ilyasova,Hakim Warrick,Jodie Meeks,Luke Ridnour,Roko Ukic,2,8:52,MIL,shot,,,,,,,,,,Ersan Ilyasova,,,,missed,,3pt,12,28
Antoine Wright,Chris Bosh,Hedo Turkoglu,Marco Belinelli,Marcus Banks,Ersan Ilyasova,Hakim Warrick,Jodie Meeks,Luke Ridnour,Roko Ukic,2,8:51,TOR,rebound,,,,,,,,,,Antoine Wright,,,,,,def,,
Antoine Wright,Chris Bosh,Hedo Turkoglu,Marco Belinelli,Marcus Banks,Ersan Ilyasova,Hakim Warrick,Jodie Meeks,Luke Ridnour,Roko Ukic,2,8:35,TOR,shot,,,,,,,,,,Marco Belinelli,,,,missed,,3pt,42,27
Antoine Wright,Chris Bosh,Hedo Turkoglu,Marco Belinelli,Marcus Banks,Ersan Ilyasova,Hakim Warrick,Jodie Meeks,Luke Ridnour,Roko Ukic,2,8:34,MIL,rebound,,,,,,,,,,Roko Ukic,,,,,,def,,
Antoine Wright,Chris Bosh,Hedo Turkoglu,Marco Belinelli,Marcus Banks,Ersan Ilyasova,Hakim Warrick,Jodie Meeks,Luke Ridnour,Roko Ukic,2,8:24,MIL,shot,Roko Ukic,,,,,,,,,Luke Ridnour,2,,,made,,jump,41,6
Antoine Wright,Chris Bosh,Hedo Turkoglu,Marco Belinelli,Marcus Banks,Ersan Ilyasova,Hakim Warrick,Jodie Meeks,Luke Ridnour,Roko Ukic,2,8:06,MIL,foul,,,,,,,,Marco Belinelli,,Jodie Meeks,,,,,,personal,,
Antoine Wright,Chris Bosh,Hedo Turkoglu,Marco Belinelli,Marcus Banks,Ersan Ilyasova,Hakim Warrick,Jodie Meeks,Luke Ridnour,Roko Ukic,2,8:06,TOR,timeout,,,,,,,,,,,,,,,,official,,
Antoine Wright,Chris Bosh,Hedo Turkoglu,Marco Belinelli,Marcus Banks,Andrew Bogut,Ersan Ilyasova,Jodie Meeks,Luke Ridnour,Roko Ukic,2,8:06,MIL,sub,,,,Andrew Bogut,,Hakim Warrick,,,,,,,,,,,,
Chris Bosh,Hedo Turkoglu,Marco Belinelli,Marcus Banks,Rasho Nesterovic,Andrew Bogut,Ersan Ilyasova,Jodie Meeks,Luke Ridnour,Roko Ukic,2,8:06,TOR,sub,,,,Rasho Nesterovic,,Antoine Wright,,,,,,,,,,,,
Chris Bosh,Hedo Turkoglu,Jarrett Jack,Marco Belinelli,Rasho Nesterovic,Andrew Bogut,Ersan Ilyasova,Jodie Meeks,Luke Ridnour,Roko Ukic,2,8:06,TOR,sub,,,,Jarrett Jack,,Marcus Banks,,,,,,,,,,,,
Chris Bosh,Hedo Turkoglu,Jarrett Jack,Marco Belinelli,Rasho Nesterovic,Andrew Bogut,Ersan Ilyasova,Jodie Meeks,Luke Ridnour,Roko Ukic,2,7:54,TOR,shot,,,,,,,,,,Hedo Turkoglu,,,,missed,,jump,39,8
Chris Bosh,Hedo Turkoglu,Jarrett Jack,Marco Belinelli,Rasho Nesterovic,Andrew Bogut,Ersan Ilyasova,Jodie Meeks,Luke Ridnour,Roko Ukic,2,7:54,MIL,rebound,,,,,,,,,,,,,,,,,,
Chris Bosh,Hedo Turkoglu,Jarrett Jack,Marco Belinelli,Rasho Nesterovic,Andrew Bogut,Ersan Ilyasova,Jodie Meeks,Luke Ridnour,Roko Ukic,2,7:54,TOR,foul,,,,,,,,Andrew Bogut,,Rasho Nesterovic,,,,,,loose ball,,
Chris Bosh,Hedo Turkoglu,Jarrett Jack,Marco Belinelli,Rasho Nesterovic,Andrew Bogut,Ersan Ilyasova,Jodie Meeks,Luke Ridnour,Roko Ukic,2,7:45,TOR,foul,,,,,,,,Luke Ridnour,,Jarrett Jack,,,,,,shooting,,
Chris Bosh,Hedo Turkoglu,Jarrett Jack,Marco Belinelli,Rasho Nesterovic,Andrew Bogut,Ersan Ilyasova,Jodie Meeks,Luke Ridnour,Roko Ukic,2,7:45,MIL,free throw,,,,,,,1,,2,Luke Ridnour,,,foul,made,,,,
Chris Bosh,Hedo Turkoglu,Jarrett Jack,Marco Belinelli,Rasho Nesterovic,Andrew Bogut,Ersan Ilyasova,Jodie Meeks,Luke Ridnour,Roko Ukic,2,7:45,MIL,free throw,,,,,,,2,,2,Luke Ridnour,,,foul,made,,,,
Chris Bosh,Hedo Turkoglu,Jarrett Jack,Marco Belinelli,Rasho Nesterovic,Andrew Bogut,Ersan Ilyasova,Jodie Meeks,Luke Ridnour,Roko Ukic,2,7:26,TOR,shot,,,,,,,,,,Rasho Nesterovic,2,,,made,,layup,25,6
Chris Bosh,Hedo Turkoglu,Jarrett Jack,Marco Belinelli,Rasho Nesterovic,Andrew Bogut,Ersan Ilyasova,Jodie Meeks,Luke Ridnour,Roko Ukic,2,7:14,MIL,shot,,,,,,,,,,Jodie Meeks,,,,missed,,3pt,36,30
Chris Bosh,Hedo Turkoglu,Jarrett Jack,Marco Belinelli,Rasho Nesterovic,Andrew Bogut,Ersan Ilyasova,Jodie Meeks,Luke Ridnour,Roko Ukic,2,7:13,TOR,rebound,,,,,,,,,,Chris Bosh,,,,,,def,,
Chris Bosh,Hedo Turkoglu,Jarrett Jack,Marco Belinelli,Rasho Nesterovic,Andrew Bogut,Ersan Ilyasova,Jodie Meeks,Luke Ridnour,Roko Ukic,2,7:06,MIL,foul,,,,,,,,Hedo Turkoglu,,Jodie Meeks,,,,,,personal,,
Chris Bosh,Hedo Turkoglu,Jarrett Jack,Marco Belinelli,Rasho Nesterovic,Andrew Bogut,Ersan Ilyasova,Luc Richard Mbah a Moute,Luke Ridnour,Roko Ukic,2,7:06,MIL,sub,,,,Luc Richard Mbah a Moute,,Jodie Meeks,,,,,,,,,,,,
Chris Bosh,Hedo Turkoglu,Jarrett Jack,Marco Belinelli,Rasho Nesterovic,Andrew Bogut,Ersan Ilyasova,Luc Richard Mbah a Moute,Luke Ridnour,Roko Ukic,2,6:55,TOR,shot,,,,,,,,,,Jarrett Jack,,,,missed,,3pt,48,8
Chris Bosh,Hedo Turkoglu,Jarrett Jack,Marco Belinelli,Rasho Nesterovic,Andrew Bogut,Ersan Ilyasova,Luc Richard Mbah a Moute,Luke Ridnour,Roko Ukic,2,6:54,MIL,rebound,,,,,,,,,,Andrew Bogut,,,,,,def,,
Chris Bosh,Hedo Turkoglu,Jarrett Jack,Marco Belinelli,Rasho Nesterovic,Andrew Bogut,Ersan Ilyasova,Luc Richard Mbah a Moute,Luke Ridnour,Roko Ukic,2,6:51,MIL,turnover,,,,,,,,,,Roko Ukic,,,bad pass,,,,,
Chris Bosh,Hedo Turkoglu,Jarrett Jack,Marco Belinelli,Rasho Nesterovic,Andrew Bogut,Ersan Ilyasova,Luc Richard Mbah a Moute,Luke Ridnour,Roko Ukic,2,6:30,MIL,foul,,,,,,,,Chris Bosh,,Ersan Ilyasova,,,,,,shooting,,
Chris Bosh,Hedo Turkoglu,Jarrett Jack,Marco Belinelli,Rasho Nesterovic,Andrew Bogut,Ersan Ilyasova,Luc Richard Mbah a Moute,Luke Ridnour,Roko Ukic,2,6:30,TOR,free throw,,,,,,,1,,2,Chris Bosh,,,foul,missed,,,,
Chris Bosh,Hedo Turkoglu,Jarrett Jack,Marco Belinelli,Rasho Nesterovic,Andrew Bogut,Ersan Ilyasova,Luc Richard Mbah a Moute,Luke Ridnour,Roko Ukic,2,6:30,TOR,rebound,,,,,,,,,,,,,,,,,,
Chris Bosh,Hedo Turkoglu,Jarrett Jack,Marco Belinelli,Rasho Nesterovic,Andrew Bogut,Carlos Delfino,Luc Richard Mbah a Moute,Luke Ridnour,Roko Ukic,2,6:30,MIL,sub,,,,Carlos Delfino,,Ersan Ilyasova,,,,,,,,,,,,
Chris Bosh,Hedo Turkoglu,Jarrett Jack,Marco Belinelli,Rasho Nesterovic,Andrew Bogut,Carlos Delfino,Luc Richard Mbah a Moute,Luke Ridnour,Roko Ukic,2,6:30,TOR,free throw,,,,,,,2,,2,Chris Bosh,,,foul,made,,,,
Chris Bosh,Hedo Turkoglu,Jarrett Jack,Marco Belinelli,Rasho Nesterovic,Andrew Bogut,Carlos Delfino,Luc Richard Mbah a Moute,Luke Ridnour,Roko Ukic,2,6:20,MIL,shot,Roko Ukic,,,,,,,,,Luke Ridnour,2,,,made,,jump,15,21
Chris Bosh,Hedo Turkoglu,Jarrett Jack,Marco Belinelli,Rasho Nesterovic,Andrew Bogut,Carlos Delfino,Luc Richard Mbah a Moute,Luke Ridnour,Roko Ukic,2,6:06,TOR,shot,,,,,,,,,,Rasho Nesterovic,,,,missed,,jump,22,23
Chris Bosh,Hedo Turkoglu,Jarrett Jack,Marco Belinelli,Rasho Nesterovic,Andrew Bogut,Carlos Delfino,Luc Richard Mbah a Moute,Luke Ridnour,Roko Ukic,2,6:05,MIL,rebound,,,,,,,,,,Andrew Bogut,,,,,,def,,
Chris Bosh,Hedo Turkoglu,Jarrett Jack,Marco Belinelli,Rasho Nesterovic,Andrew Bogut,Carlos Delfino,Luc Richard Mbah a Moute,Luke Ridnour,Roko Ukic,2,5:59,TOR,foul,,,,,,,,Luc Richard Mbah a Moute,,Rasho Nesterovic,,,,,,personal,,
Chris Bosh,Hedo Turkoglu,Jarrett Jack,Marco Belinelli,Rasho Nesterovic,Andrew Bogut,Carlos Delfino,Luc Richard Mbah a Moute,Luke Ridnour,Roko Ukic,2,5:59,MIL,timeout,,,,,,,,,,,,,,,,regular,,
Chris Bosh,DeMar DeRozan,Hedo Turkoglu,Jarrett Jack,Rasho Nesterovic,Andrew Bogut,Carlos Delfino,Luc Richard Mbah a Moute,Luke Ridnour,Roko Ukic,2,5:59,TOR,sub,,,,DeMar DeRozan,,Marco Belinelli,,,,,,,,,,,,
Chris Bosh,DeMar DeRozan,Hedo Turkoglu,Jarrett Jack,Sonny Weems,Andrew Bogut,Carlos Delfino,Luc Richard Mbah a Moute,Luke Ridnour,Roko Ukic,2,5:59,TOR,sub,,,,Sonny Weems,,Rasho Nesterovic,,,,,,,,,,,,
Chris Bosh,DeMar DeRozan,Hedo Turkoglu,Jarrett Jack,Sonny Weems,Andrew Bogut,Carlos Delfino,Luc Richard Mbah a Moute,Luke Ridnour,Roko Ukic,2,5:44,TOR,foul,,,,,,,,Luc Richard Mbah a Moute,,Chris Bosh,,,,,,shooting,,
Chris Bosh,DeMar DeRozan,Hedo Turkoglu,Jarrett Jack,Sonny Weems,Andrew Bogut,Carlos Delfino,Luc Richard Mbah a Moute,Luke Ridnour,Roko Ukic,2,5:44,MIL,free throw,,,,,,,1,,2,Luc Richard Mbah a Moute,,,foul,made,,,,
Chris Bosh,DeMar DeRozan,Hedo Turkoglu,Jarrett Jack,Sonny Weems,Andrew Bogut,Carlos Delfino,Luc Richard Mbah a Moute,Luke Ridnour,Roko Ukic,2,5:44,MIL,free throw,,,,,,,2,,2,Luc Richard Mbah a Moute,,,foul,made,,,,
Chris Bosh,DeMar DeRozan,Hedo Turkoglu,Jarrett Jack,Sonny Weems,Andrew Bogut,Carlos Delfino,Luc Richard Mbah a Moute,Luke Ridnour,Roko Ukic,2,5:28,TOR,shot,,,,,,,,,,Jarrett Jack,2,,,made,,jump,37,15
Chris Bosh,DeMar DeRozan,Hedo Turkoglu,Jarrett Jack,Sonny Weems,Andrew Bogut,Carlos Delfino,Luc Richard Mbah a Moute,Luke Ridnour,Roko Ukic,2,5:19,MIL,shot,,,,,,,,,,Luke Ridnour,,,,missed,,jump,24,24
Chris Bosh,DeMar DeRozan,Hedo Turkoglu,Jarrett Jack,Sonny Weems,Andrew Bogut,Carlos Delfino,Luc Richard Mbah a Moute,Luke Ridnour,Roko Ukic,2,5:18,TOR,rebound,,,,,,,,,,DeMar DeRozan,,,,,,def,,
Chris Bosh,DeMar DeRozan,Hedo Turkoglu,Jarrett Jack,Sonny Weems,Andrew Bogut,Carlos Delfino,Luc Richard Mbah a Moute,Luke Ridnour,Roko Ukic,2,5:14,MIL,foul,,,,,,,,DeMar DeRozan,,Andrew Bogut,,,,,,shooting,,
Chris Bosh,DeMar DeRozan,Hedo Turkoglu,Jarrett Jack,Sonny Weems,Andrew Bogut,Carlos Delfino,Luc Richard Mbah a Moute,Luke Ridnour,Roko Ukic,2,5:14,TOR,free throw,,,,,,,1,,2,DeMar DeRozan,,,foul,made,,,,
Chris Bosh,DeMar DeRozan,Hedo Turkoglu,Jarrett Jack,Sonny Weems,Andrew Bogut,Carlos Delfino,Luc Richard Mbah a Moute,Luke Ridnour,Roko Ukic,2,5:14,TOR,free throw,,,,,,,2,,2,DeMar DeRozan,,,foul,missed,,,,
Chris Bosh,DeMar DeRozan,Hedo Turkoglu,Jarrett Jack,Sonny Weems,Andrew Bogut,Carlos Delfino,Luc Richard Mbah a Moute,Luke Ridnour,Roko Ukic,2,5:13,MIL,rebound,,,,,,,,,,Carlos Delfino,,,,,,def,,
Chris Bosh,DeMar DeRozan,Hedo Turkoglu,Jarrett Jack,Sonny Weems,Andrew Bogut,Carlos Delfino,Luc Richard Mbah a Moute,Luke Ridnour,Roko Ukic,2,4:58,MIL,shot,,,,,,,,,,Andrew Bogut,,,,missed,,layup,25,6
Chris Bosh,DeMar DeRozan,Hedo Turkoglu,Jarrett Jack,Sonny Weems,Andrew Bogut,Carlos Delfino,Luc Richard Mbah a Moute,Luke Ridnour,Roko Ukic,2,4:58,MIL,rebound,,,,,,,,,,,,,,,,,,
Chris Bosh,DeMar DeRozan,Hedo Turkoglu,Jarrett Jack,Sonny Weems,Andrew Bogut,Carlos Delfino,Luc Richard Mbah a Moute,Luke Ridnour,Roko Ukic,2,4:58,MIL,turnover,,,,,,,,,,Andrew Bogut,,,traveling,,,,,
Chris Bosh,DeMar DeRozan,Hedo Turkoglu,Jarrett Jack,Sonny Weems,Andrew Bogut,Brandon Jennings,Carlos Delfino,Luc Richard Mbah a Moute,Roko Ukic,2,4:58,MIL,sub,,,,Brandon Jennings,,Luke Ridnour,,,,,,,,,,,,
Chris Bosh,DeMar DeRozan,Hedo Turkoglu,Jarrett Jack,Sonny Weems,Andrew Bogut,Brandon Jennings,Carlos Delfino,Luc Richard Mbah a Moute,Roko Ukic,2,4:31,TOR,shot,,,,,,,,,,Hedo Turkoglu,2,,,made,,layup,25,6
Chris Bosh,DeMar DeRozan,Hedo Turkoglu,Jarrett Jack,Sonny Weems,Andrew Bogut,Brandon Jennings,Carlos Delfino,Luc Richard Mbah a Moute,Roko Ukic,2,4:11,TOR,foul,,,,,,,,Roko Ukic,,DeMar DeRozan,,,,,,shooting,,
Chris Bosh,DeMar DeRozan,Hedo Turkoglu,Jarrett Jack,Sonny Weems,Andrew Bogut,Brandon Jennings,Carlos Delfino,Luc Richard Mbah a Moute,Roko Ukic,2,4:11,MIL,free throw,,,,,,,1,,2,Roko Ukic,,,foul,made,,,,
Chris Bosh,DeMar DeRozan,Hedo Turkoglu,Jarrett Jack,Sonny Weems,Andrew Bogut,Brandon Jennings,Carlos Delfino,Luc Richard Mbah a Moute,Roko Ukic,2,4:11,MIL,free throw,,,,,,,2,,2,Roko Ukic,,,foul,made,,,,
Chris Bosh,DeMar DeRozan,Hedo Turkoglu,Jarrett Jack,Sonny Weems,Andrew Bogut,Brandon Jennings,Carlos Delfino,Luc Richard Mbah a Moute,Roko Ukic,2,3:47,TOR,shot,Chris Bosh,,,,,,,,,Sonny Weems,2,,,made,,jump,25,12
Chris Bosh,DeMar DeRozan,Hedo Turkoglu,Jarrett Jack,Sonny Weems,Andrew Bogut,Brandon Jennings,Carlos Delfino,Luc Richard Mbah a Moute,Roko Ukic,2,3:22,MIL,shot,,,,,,,,,,Roko Ukic,,,,missed,,3pt,16,31
Chris Bosh,DeMar DeRozan,Hedo Turkoglu,Jarrett Jack,Sonny Weems,Andrew Bogut,Brandon Jennings,Carlos Delfino,Luc Richard Mbah a Moute,Roko Ukic,2,3:20,TOR,rebound,,,,,,,,,,Jarrett Jack,,,,,,def,,
Chris Bosh,DeMar DeRozan,Hedo Turkoglu,Jarrett Jack,Sonny Weems,Andrew Bogut,Brandon Jennings,Carlos Delfino,Luc Richard Mbah a Moute,Roko Ukic,2,3:11,TOR,shot,Jarrett Jack,,,,,,,,,Chris Bosh,2,,,made,,jump,14,13
Chris Bosh,DeMar DeRozan,Hedo Turkoglu,Jarrett Jack,Sonny Weems,Andrew Bogut,Brandon Jennings,Carlos Delfino,Luc Richard Mbah a Moute,Roko Ukic,2,2:49,MIL,shot,,,,,,,,,,Luc Richard Mbah a Moute,2,,,made,,a moute jump,41,18
Chris Bosh,DeMar DeRozan,Hedo Turkoglu,Jarrett Jack,Sonny Weems,Andrew Bogut,Brandon Jennings,Carlos Delfino,Luc Richard Mbah a Moute,Roko Ukic,2,2:28,TOR,shot,Jarrett Jack,,,,,,,,,Chris Bosh,2,,,made,,dunk,25,6
Chris Bosh,DeMar DeRozan,Hedo Turkoglu,Jarrett Jack,Sonny Weems,Andrew Bogut,Brandon Jennings,Carlos Delfino,Luc Richard Mbah a Moute,Roko Ukic,2,2:09,MIL,shot,,,,,,,,,,Andrew Bogut,,,,missed,,hook,20,7
Chris Bosh,DeMar DeRozan,Hedo Turkoglu,Jarrett Jack,Sonny Weems,Andrew Bogut,Brandon Jennings,Carlos Delfino,Luc Richard Mbah a Moute,Roko Ukic,2,2:08,MIL,rebound,,,,,,,,,,Carlos Delfino,,,,,,off,,
Chris Bosh,DeMar DeRozan,Hedo Turkoglu,Jarrett Jack,Sonny Weems,Andrew Bogut,Brandon Jennings,Carlos Delfino,Luc Richard Mbah a Moute,Roko Ukic,2,2:08,MIL,shot,,,,,,,,,,Carlos Delfino,,,,missed,,tip,25,6
Chris Bosh,DeMar DeRozan,Hedo Turkoglu,Jarrett Jack,Sonny Weems,Andrew Bogut,Brandon Jennings,Carlos Delfino,Luc Richard Mbah a Moute,Roko Ukic,2,2:05,MIL,rebound,,,,,,,,,,Andrew Bogut,,,,,,off,,
Chris Bosh,DeMar DeRozan,Hedo Turkoglu,Jarrett Jack,Sonny Weems,Andrew Bogut,Brandon Jennings,Carlos Delfino,Luc Richard Mbah a Moute,Roko Ukic,2,1:48,MIL,shot,Roko Ukic,,,,,,,,,Carlos Delfino,2,,,made,,dunk,25,6
Chris Bosh,DeMar DeRozan,Hedo Turkoglu,Jarrett Jack,Sonny Weems,Andrew Bogut,Brandon Jennings,Carlos Delfino,Luc Richard Mbah a Moute,Roko Ukic,2,1:42,TOR,timeout,,,,,,,,,,,,,,,,regular,,
Chris Bosh,DeMar DeRozan,Jarrett Jack,Pops Mensah-Bonsu,Sonny Weems,Andrew Bogut,Brandon Jennings,Carlos Delfino,Luc Richard Mbah a Moute,Roko Ukic,2,1:42,TOR,sub,,,,Pops Mensah-Bonsu,,Hedo Turkoglu,,,,,,,,,,,,
Chris Bosh,DeMar DeRozan,Jarrett Jack,Pops Mensah-Bonsu,Sonny Weems,Andrew Bogut,Brandon Jennings,Carlos Delfino,Luc Richard Mbah a Moute,Roko Ukic,2,1:31,TOR,shot,,,,,,,,,,Chris Bosh,,,,missed,,jump,40,15
Chris Bosh,DeMar DeRozan,Jarrett Jack,Pops Mensah-Bonsu,Sonny Weems,Andrew Bogut,Brandon Jennings,Carlos Delfino,Luc Richard Mbah a Moute,Roko Ukic,2,1:31,MIL,rebound,,,,,,,,,,,,,,,,,,
Chris Bosh,DeMar DeRozan,Jarrett Jack,Pops Mensah-Bonsu,Sonny Weems,Andrew Bogut,Brandon Jennings,Carlos Delfino,Luc Richard Mbah a Moute,Roko Ukic,2,1:31,TOR,foul,,,,,,,,Carlos Delfino,,Sonny Weems,,,,,,loose ball,,
Chris Bosh,DeMar DeRozan,Jarrett Jack,Pops Mensah-Bonsu,Sonny Weems,Andrew Bogut,Brandon Jennings,Carlos Delfino,Luc Richard Mbah a Moute,Roko Ukic,2,1:31,MIL,free throw,,,,,,,1,,2,Carlos Delfino,,,foul,made,,,,
Chris Bosh,DeMar DeRozan,Jarrett Jack,Pops Mensah-Bonsu,Sonny Weems,Andrew Bogut,Brandon Jennings,Carlos Delfino,Luc Richard Mbah a Moute,Roko Ukic,2,1:31,MIL,free throw,,,,,,,2,,2,Carlos Delfino,,,foul,made,,,,
Chris Bosh,DeMar DeRozan,Jarrett Jack,Pops Mensah-Bonsu,Sonny Weems,Andrew Bogut,Brandon Jennings,Carlos Delfino,Luc Richard Mbah a Moute,Roko Ukic,2,1:15,TOR,shot,,,,,,,,,,Jarrett Jack,,,,missed,,jump,13,15
Chris Bosh,DeMar DeRozan,Jarrett Jack,Pops Mensah-Bonsu,Sonny Weems,Andrew Bogut,Brandon Jennings,Carlos Delfino,Luc Richard Mbah a Moute,Roko Ukic,2,1:14,MIL,rebound,,,,,,,,,,Roko Ukic,,,,,,def,,
Chris Bosh,DeMar DeRozan,Jarrett Jack,Pops Mensah-Bonsu,Sonny Weems,Andrew Bogut,Brandon Jennings,Carlos Delfino,Luc Richard Mbah a Moute,Roko Ukic,2,1:00,MIL,shot,Brandon Jennings,,,,,,,,,Andrew Bogut,2,,,made,,hook,21,6
Chris Bosh,DeMar DeRozan,Jarrett Jack,Pops Mensah-Bonsu,Sonny Weems,Andrew Bogut,Brandon Jennings,Carlos Delfino,Luc Richard Mbah a Moute,Roko Ukic,2,0:40,MIL,foul,,,,,,,,Chris Bosh,,Luc Richard Mbah a Moute,,,,,,shooting,,
Chris Bosh,DeMar DeRozan,Jarrett Jack,Pops Mensah-Bonsu,Sonny Weems,Andrew Bogut,Brandon Jennings,Carlos Delfino,Luc Richard Mbah a Moute,Roko Ukic,2,0:40,TOR,free throw,,,,,,,1,,2,Chris Bosh,,,foul,made,,,,
Chris Bosh,DeMar DeRozan,Jarrett Jack,Rasho Nesterovic,Sonny Weems,Andrew Bogut,Brandon Jennings,Carlos Delfino,Luc Richard Mbah a Moute,Roko Ukic,2,0:40,TOR,sub,,,,Rasho Nesterovic,,Pops Mensah-Bonsu,,,,,,,,,,,,
Chris Bosh,DeMar DeRozan,Jarrett Jack,Rasho Nesterovic,Sonny Weems,Andrew Bogut,Brandon Jennings,Carlos Delfino,Luc Richard Mbah a Moute,Roko Ukic,2,0:40,TOR,free throw,,,,,,,2,,2,Chris Bosh,,,foul,made,,,,
Chris Bosh,DeMar DeRozan,Jarrett Jack,Rasho Nesterovic,Sonny Weems,Andrew Bogut,Brandon Jennings,Carlos Delfino,Luc Richard Mbah a Moute,Roko Ukic,2,0:22,MIL,shot,,,,,,,,,,Andrew Bogut,,,,missed,,hook,32,7
Chris Bosh,DeMar DeRozan,Jarrett Jack,Rasho Nesterovic,Sonny Weems,Andrew Bogut,Brandon Jennings,Carlos Delfino,Luc Richard Mbah a Moute,Roko Ukic,2,0:21,MIL,rebound,,,,,,,,,,Andrew Bogut,,,,,,off,,
Chris Bosh,DeMar DeRozan,Jarrett Jack,Rasho Nesterovic,Sonny Weems,Andrew Bogut,Brandon Jennings,Carlos Delfino,Luc Richard Mbah a Moute,Roko Ukic,2,0:21,TOR,foul,,,,,,,,Andrew Bogut,,Rasho Nesterovic,,,,,,shooting,,
Chris Bosh,DeMar DeRozan,Jarrett Jack,Rasho Nesterovic,Sonny Weems,Andrew Bogut,Brandon Jennings,Carlos Delfino,Luc Richard Mbah a Moute,Roko Ukic,2,0:21,TOR,foul,,,,,,,,Andrew Bogut,,Rasho Nesterovic,,,,,,technical,,
Chris Bosh,DeMar DeRozan,Jarrett Jack,Rasho Nesterovic,Sonny Weems,Andrew Bogut,Brandon Jennings,Carlos Delfino,Luc Richard Mbah a Moute,Roko Ukic,2,0:21,MIL,free throw,,,,,,,1,,1,Brandon Jennings,,,technical,made,,,,
Antoine Wright,Chris Bosh,DeMar DeRozan,Jarrett Jack,Sonny Weems,Andrew Bogut,Brandon Jennings,Carlos Delfino,Luc Richard Mbah a Moute,Roko Ukic,2,0:21,TOR,sub,,,,Antoine Wright,,Rasho Nesterovic,,,,,,,,,,,,
Antoine Wright,Chris Bosh,DeMar DeRozan,Jarrett Jack,Marco Belinelli,Andrew Bogut,Brandon Jennings,Carlos Delfino,Luc Richard Mbah a Moute,Roko Ukic,2,0:21,TOR,sub,,,,Marco Belinelli,,Sonny Weems,,,,,,,,,,,,
Antoine Wright,Chris Bosh,DeMar DeRozan,Jarrett Jack,Marco Belinelli,Andrew Bogut,Brandon Jennings,Carlos Delfino,Luc Richard Mbah a Moute,Roko Ukic,2,0:21,MIL,free throw,,,,,,,1,,2,Andrew Bogut,,,foul,made,,,,
Antoine Wright,Chris Bosh,DeMar DeRozan,Jarrett Jack,Marco Belinelli,Andrew Bogut,Brandon Jennings,Carlos Delfino,Luc Richard Mbah a Moute,Roko Ukic,2,0:21,MIL,free throw,,,,,,,2,,2,Andrew Bogut,,,foul,made,,,,
Antoine Wright,Chris Bosh,DeMar DeRozan,Jarrett Jack,Marco Belinelli,Andrew Bogut,Brandon Jennings,Carlos Delfino,Luc Richard Mbah a Moute,Roko Ukic,2,0:00,TOR,shot,,,,,,,,,,Jarrett Jack,,,,missed,,jump,35,11
Antoine Wright,Chris Bosh,DeMar DeRozan,Jarrett Jack,Marco Belinelli,Andrew Bogut,Brandon Jennings,Carlos Delfino,Luc Richard Mbah a Moute,Roko Ukic,2,0:00,TOR,rebound,,,,,,,,,,DeMar DeRozan,,,,,,off,,
Chris Bosh,DeMar DeRozan,Hedo Turkoglu,Jarrett Jack,Rasho Nesterovic,Andrew Bogut,Brandon Jennings,Carlos Delfino,Ersan Ilyasova,Luc Richard Mbah a Moute,3,11:35,TOR,shot,,,Brandon Jennings,,,,,,,Jarrett Jack,,,,missed,,3pt,45,22
Chris Bosh,DeMar DeRozan,Hedo Turkoglu,Jarrett Jack,Rasho Nesterovic,Andrew Bogut,Brandon Jennings,Carlos Delfino,Ersan Ilyasova,Luc Richard Mbah a Moute,3,11:33,MIL,rebound,,,,,,,,,,Carlos Delfino,,,,,,def,,
Chris Bosh,DeMar DeRozan,Hedo Turkoglu,Jarrett Jack,Rasho Nesterovic,Andrew Bogut,Brandon Jennings,Carlos Delfino,Ersan Ilyasova,Luc Richard Mbah a Moute,3,11:15,MIL,shot,,,,,,,,,,Andrew Bogut,,,,missed,,hook,33,8
Chris Bosh,DeMar DeRozan,Hedo Turkoglu,Jarrett Jack,Rasho Nesterovic,Andrew Bogut,Brandon Jennings,Carlos Delfino,Ersan Ilyasova,Luc Richard Mbah a Moute,3,11:14,TOR,rebound,,,,,,,,,,Jarrett Jack,,,,,,def,,
Chris Bosh,DeMar DeRozan,Hedo Turkoglu,Jarrett Jack,Rasho Nesterovic,Andrew Bogut,Brandon Jennings,Carlos Delfino,Ersan Ilyasova,Luc Richard Mbah a Moute,3,11:08,TOR,turnover,,,,,,,,,,Jarrett Jack,,,lost ball,,Brandon Jennings,,,
Chris Bosh,DeMar DeRozan,Hedo Turkoglu,Jarrett Jack,Rasho Nesterovic,Andrew Bogut,Brandon Jennings,Carlos Delfino,Ersan Ilyasova,Luc Richard Mbah a Moute,3,11:05,MIL,shot,,,,,,,,,,Brandon Jennings,2,,,made,,layup,25,6
Chris Bosh,DeMar DeRozan,Hedo Turkoglu,Jarrett Jack,Rasho Nesterovic,Andrew Bogut,Brandon Jennings,Carlos Delfino,Ersan Ilyasova,Luc Richard Mbah a Moute,3,10:55,MIL,foul,,,,,,,,Jarrett Jack,,Brandon Jennings,,,,,,personal,,
Chris Bosh,DeMar DeRozan,Hedo Turkoglu,Jarrett Jack,Rasho Nesterovic,Andrew Bogut,Brandon Jennings,Carlos Delfino,Ersan Ilyasova,Luc Richard Mbah a Moute,3,10:42,MIL,foul,,,,,,,,Chris Bosh,,Andrew Bogut,,,,,,shooting,,
Chris Bosh,DeMar DeRozan,Hedo Turkoglu,Jarrett Jack,Rasho Nesterovic,Andrew Bogut,Brandon Jennings,Carlos Delfino,Ersan Ilyasova,Luc Richard Mbah a Moute,3,10:42,TOR,free throw,,,,,,,1,,2,Chris Bosh,,,foul,made,,,,
Chris Bosh,DeMar DeRozan,Hedo Turkoglu,Jarrett Jack,Rasho Nesterovic,Andrew Bogut,Brandon Jennings,Carlos Delfino,Ersan Ilyasova,Luc Richard Mbah a Moute,3,10:42,TOR,free throw,,,,,,,2,,2,Chris Bosh,,,foul,made,,,,
Chris Bosh,DeMar DeRozan,Hedo Turkoglu,Jarrett Jack,Rasho Nesterovic,Andrew Bogut,Brandon Jennings,Carlos Delfino,Ersan Ilyasova,Luc Richard Mbah a Moute,3,10:28,MIL,shot,,,,,,,,,,Carlos Delfino,2,,,made,,jump,41,6
Chris Bosh,DeMar DeRozan,Hedo Turkoglu,Jarrett Jack,Rasho Nesterovic,Andrew Bogut,Brandon Jennings,Carlos Delfino,Ersan Ilyasova,Luc Richard Mbah a Moute,3,10:15,TOR,shot,Chris Bosh,,,,,,,,,Hedo Turkoglu,2,,,made,,jump,45,9
Chris Bosh,DeMar DeRozan,Hedo Turkoglu,Jarrett Jack,Rasho Nesterovic,Andrew Bogut,Brandon Jennings,Carlos Delfino,Ersan Ilyasova,Luc Richard Mbah a Moute,3,9:56,MIL,turnover,,,,,,,,,,Luc Richard Mbah a Moute,,,lost ball,,Jarrett Jack,,,
Chris Bosh,DeMar DeRozan,Hedo Turkoglu,Jarrett Jack,Rasho Nesterovic,Andrew Bogut,Brandon Jennings,Carlos Delfino,Ersan Ilyasova,Luc Richard Mbah a Moute,3,9:52,TOR,shot,,,,,,,,,,Jarrett Jack,2,,,made,,layup,25,6
Chris Bosh,DeMar DeRozan,Hedo Turkoglu,Jarrett Jack,Rasho Nesterovic,Andrew Bogut,Brandon Jennings,Carlos Delfino,Ersan Ilyasova,Luc Richard Mbah a Moute,3,9:30,MIL,shot,,,,,,,,,,Andrew Bogut,2,,,made,,hook,32,5
Chris Bosh,DeMar DeRozan,Hedo Turkoglu,Jarrett Jack,Rasho Nesterovic,Andrew Bogut,Brandon Jennings,Carlos Delfino,Ersan Ilyasova,Luc Richard Mbah a Moute,3,9:11,TOR,shot,,,,,,,,,,Chris Bosh,,,,missed,,jump,31,20
Chris Bosh,DeMar DeRozan,Hedo Turkoglu,Jarrett Jack,Rasho Nesterovic,Andrew Bogut,Brandon Jennings,Carlos Delfino,Ersan Ilyasova,Luc Richard Mbah a Moute,3,9:09,MIL,rebound,,,,,,,,,,Carlos Delfino,,,,,,def,,
Chris Bosh,DeMar DeRozan,Hedo Turkoglu,Jarrett Jack,Rasho Nesterovic,Andrew Bogut,Brandon Jennings,Carlos Delfino,Ersan Ilyasova,Luc Richard Mbah a Moute,3,9:01,MIL,shot,,,,,,,,,,Carlos Delfino,2,,,made,,driving dunk,25,6
Chris Bosh,DeMar DeRozan,Hedo Turkoglu,Jarrett Jack,Rasho Nesterovic,Andrew Bogut,Brandon Jennings,Carlos Delfino,Ersan Ilyasova,Luc Richard Mbah a Moute,3,8:43,TOR,turnover,,,,,,,,,,Jarrett Jack,,,bad pass,,Brandon Jennings,,,
Chris Bosh,DeMar DeRozan,Hedo Turkoglu,Jarrett Jack,Rasho Nesterovic,Andrew Bogut,Brandon Jennings,Carlos Delfino,Ersan Ilyasova,Luc Richard Mbah a Moute,3,8:40,MIL,shot,,,,,,,,,,Luc Richard Mbah a Moute,2,,,made,,a moute layup,25,6
Chris Bosh,DeMar DeRozan,Hedo Turkoglu,Jarrett Jack,Rasho Nesterovic,Andrew Bogut,Brandon Jennings,Carlos Delfino,Ersan Ilyasova,Luc Richard Mbah a Moute,3,8:40,TOR,foul,,,,,,,,Luc Richard Mbah a Moute,,Jarrett Jack,,,,,,shooting,,
Chris Bosh,DeMar DeRozan,Hedo Turkoglu,Jarrett Jack,Rasho Nesterovic,Andrew Bogut,Brandon Jennings,Carlos Delfino,Ersan Ilyasova,Luc Richard Mbah a Moute,3,8:40,MIL,free throw,,,,,,,1,,1,Luc Richard Mbah a Moute,,,foul,made,,,,
Chris Bosh,DeMar DeRozan,Hedo Turkoglu,Jarrett Jack,Rasho Nesterovic,Andrew Bogut,Brandon Jennings,Carlos Delfino,Ersan Ilyasova,Luc Richard Mbah a Moute,3,8:20,TOR,foul,,,,,,,,Andrew Bogut,,Hedo Turkoglu,,,,,,offensive,,
Chris Bosh,DeMar DeRozan,Hedo Turkoglu,Jarrett Jack,Rasho Nesterovic,Andrew Bogut,Brandon Jennings,Carlos Delfino,Ersan Ilyasova,Luc Richard Mbah a Moute,3,8:20,TOR,turnover,,,,,,,,,,Hedo Turkoglu,,,foul,,,,,
Amir Johnson,Chris Bosh,DeMar DeRozan,Hedo Turkoglu,Jarrett Jack,Andrew Bogut,Brandon Jennings,Carlos Delfino,Ersan Ilyasova,Luc Richard Mbah a Moute,3,8:20,TOR,sub,,,,Amir Johnson,,Rasho Nesterovic,,,,,,,,,,,,
Amir Johnson,Chris Bosh,DeMar DeRozan,Hedo Turkoglu,Jarrett Jack,Andrew Bogut,Brandon Jennings,Carlos Delfino,Ersan Ilyasova,Luc Richard Mbah a Moute,3,8:11,MIL,shot,,,,,,,,,,Brandon Jennings,,,,missed,,jump,28,27
Amir Johnson,Chris Bosh,DeMar DeRozan,Hedo Turkoglu,Jarrett Jack,Andrew Bogut,Brandon Jennings,Carlos Delfino,Ersan Ilyasova,Luc Richard Mbah a Moute,3,8:10,TOR,rebound,,,,,,,,,,DeMar DeRozan,,,,,,def,,
Amir Johnson,Chris Bosh,DeMar DeRozan,Hedo Turkoglu,Jarrett Jack,Andrew Bogut,Brandon Jennings,Carlos Delfino,Ersan Ilyasova,Luc Richard Mbah a Moute,3,8:04,MIL,foul,,,,,,,,DeMar DeRozan,,Ersan Ilyasova,,,,,,shooting,,
Amir Johnson,Chris Bosh,DeMar DeRozan,Hedo Turkoglu,Jarrett Jack,Andrew Bogut,Brandon Jennings,Carlos Delfino,Ersan Ilyasova,Luc Richard Mbah a Moute,3,8:04,TOR,free throw,,,,,,,1,,2,DeMar DeRozan,,,foul,made,,,,
Amir Johnson,Chris Bosh,DeMar DeRozan,Hedo Turkoglu,Jarrett Jack,Andrew Bogut,Brandon Jennings,Carlos Delfino,Ersan Ilyasova,Luc Richard Mbah a Moute,3,8:04,TOR,free throw,,,,,,,2,,2,DeMar DeRozan,,,foul,missed,,,,
Amir Johnson,Chris Bosh,DeMar DeRozan,Hedo Turkoglu,Jarrett Jack,Andrew Bogut,Brandon Jennings,Carlos Delfino,Ersan Ilyasova,Luc Richard Mbah a Moute,3,8:03,MIL,rebound,,,,,,,,,,Andrew Bogut,,,,,,def,,
Amir Johnson,Chris Bosh,DeMar DeRozan,Hedo Turkoglu,Jarrett Jack,Andrew Bogut,Brandon Jennings,Carlos Delfino,Ersan Ilyasova,Luc Richard Mbah a Moute,3,7:43,MIL,shot,,,,,,,,,,Ersan Ilyasova,,,,missed,,jump,19,22
Amir Johnson,Chris Bosh,DeMar DeRozan,Hedo Turkoglu,Jarrett Jack,Andrew Bogut,Brandon Jennings,Carlos Delfino,Ersan Ilyasova,Luc Richard Mbah a Moute,3,7:41,TOR,rebound,,,,,,,,,,Amir Johnson,,,,,,def,,
Amir Johnson,Chris Bosh,DeMar DeRozan,Hedo Turkoglu,Jarrett Jack,Andrew Bogut,Brandon Jennings,Carlos Delfino,Ersan Ilyasova,Luc Richard Mbah a Moute,3,7:27,TOR,turnover,,,,,,,,,,DeMar DeRozan,,,out of bounds lost ball turnover,,,,,
Amir Johnson,Chris Bosh,DeMar DeRozan,Hedo Turkoglu,Jarrett Jack,Andrew Bogut,Brandon Jennings,Carlos Delfino,Ersan Ilyasova,Luc Richard Mbah a Moute,3,7:12,MIL,shot,Carlos Delfino,,,,,,,,,Ersan Ilyasova,2,,,made,,layup,25,6
Amir Johnson,Chris Bosh,DeMar DeRozan,Hedo Turkoglu,Jarrett Jack,Andrew Bogut,Brandon Jennings,Carlos Delfino,Ersan Ilyasova,Luc Richard Mbah a Moute,3,7:09,TOR,timeout,,,,,,,,,,,,,,,,regular,,
Amir Johnson,Chris Bosh,DeMar DeRozan,Hedo Turkoglu,Jarrett Jack,Andrew Bogut,Brandon Jennings,Carlos Delfino,Ersan Ilyasova,Luc Richard Mbah a Moute,3,6:54,MIL,foul,,,,,,,,Chris Bosh,,Andrew Bogut,,,,,,shooting,,
Amir Johnson,Chris Bosh,DeMar DeRozan,Hedo Turkoglu,Jarrett Jack,Andrew Bogut,Brandon Jennings,Carlos Delfino,Ersan Ilyasova,Luc Richard Mbah a Moute,3,6:54,TOR,free throw,,,,,,,1,,2,Chris Bosh,,,foul,made,,,,
Amir Johnson,Chris Bosh,DeMar DeRozan,Hedo Turkoglu,Jarrett Jack,Andrew Bogut,Brandon Jennings,Carlos Delfino,Ersan Ilyasova,Luc Richard Mbah a Moute,3,6:54,TOR,free throw,,,,,,,2,,2,Chris Bosh,,,foul,made,,,,
Amir Johnson,Chris Bosh,DeMar DeRozan,Hedo Turkoglu,Jarrett Jack,Andrew Bogut,Brandon Jennings,Carlos Delfino,Ersan Ilyasova,Luc Richard Mbah a Moute,3,6:39,TOR,foul,,,,,,,,Carlos Delfino,,DeMar DeRozan,,,,,,shooting,,
Amir Johnson,Chris Bosh,DeMar DeRozan,Hedo Turkoglu,Jarrett Jack,Andrew Bogut,Brandon Jennings,Carlos Delfino,Ersan Ilyasova,Luc Richard Mbah a Moute,3,6:39,MIL,free throw,,,,,,,1,,2,Carlos Delfino,,,foul,made,,,,
Amir Johnson,Chris Bosh,DeMar DeRozan,Hedo Turkoglu,Jarrett Jack,Andrew Bogut,Brandon Jennings,Carlos Delfino,Ersan Ilyasova,Luc Richard Mbah a Moute,3,6:39,MIL,free throw,,,,,,,2,,2,Carlos Delfino,,,foul,made,,,,
Amir Johnson,Chris Bosh,DeMar DeRozan,Hedo Turkoglu,Jarrett Jack,Andrew Bogut,Brandon Jennings,Carlos Delfino,Ersan Ilyasova,Luc Richard Mbah a Moute,3,6:26,TOR,shot,,,,,,,,,,Jarrett Jack,2,,,made,,jump,40,19
Amir Johnson,Chris Bosh,DeMar DeRozan,Hedo Turkoglu,Jarrett Jack,Andrew Bogut,Brandon Jennings,Carlos Delfino,Ersan Ilyasova,Luc Richard Mbah a Moute,3,6:13,TOR,violation,,,,,,,,,,DeMar DeRozan,,,,,,defensive goaltending,,
Amir Johnson,Chris Bosh,DeMar DeRozan,Hedo Turkoglu,Jarrett Jack,Andrew Bogut,Brandon Jennings,Carlos Delfino,Ersan Ilyasova,Luc Richard Mbah a Moute,3,6:13,MIL,shot,Brandon Jennings,,,,,,,,,Carlos Delfino,2,,,made,,layup,25,6
Amir Johnson,Chris Bosh,DeMar DeRozan,Hedo Turkoglu,Jarrett Jack,Andrew Bogut,Brandon Jennings,Carlos Delfino,Ersan Ilyasova,Luc Richard Mbah a Moute,3,5:58,TOR,shot,,,,,,,,,,Chris Bosh,,,,missed,,jump,33,22
Amir Johnson,Chris Bosh,DeMar DeRozan,Hedo Turkoglu,Jarrett Jack,Andrew Bogut,Brandon Jennings,Carlos Delfino,Ersan Ilyasova,Luc Richard Mbah a Moute,3,5:56,TOR,rebound,,,,,,,,,,,,,,,,,,
Amir Johnson,Antoine Wright,Chris Bosh,DeMar DeRozan,Jarrett Jack,Andrew Bogut,Brandon Jennings,Carlos Delfino,Ersan Ilyasova,Luc Richard Mbah a Moute,3,5:56,TOR,sub,,,,Antoine Wright,,Hedo Turkoglu,,,,,,,,,,,,
Amir Johnson,Antoine Wright,Chris Bosh,DeMar DeRozan,Jarrett Jack,Andrew Bogut,Brandon Jennings,Carlos Delfino,Ersan Ilyasova,Luc Richard Mbah a Moute,3,5:48,TOR,foul,,,,,,,,Luc Richard Mbah a Moute,,Jarrett Jack,,,,,,offensive,,
Amir Johnson,Antoine Wright,Chris Bosh,DeMar DeRozan,Jarrett Jack,Andrew Bogut,Brandon Jennings,Carlos Delfino,Ersan Ilyasova,Luc Richard Mbah a Moute,3,5:48,TOR,turnover,,,,,,,,,,Jarrett Jack,,,foul,,,,,
Amir Johnson,Antoine Wright,Chris Bosh,DeMar DeRozan,Jarrett Jack,Andrew Bogut,Brandon Jennings,Carlos Delfino,Ersan Ilyasova,Luc Richard Mbah a Moute,3,5:36,TOR,foul,,,,,,,,Ersan Ilyasova,,Amir Johnson,,,,,,shooting,,
Amir Johnson,Antoine Wright,Chris Bosh,DeMar DeRozan,Jarrett Jack,Andrew Bogut,Brandon Jennings,Carlos Delfino,Ersan Ilyasova,Luc Richard Mbah a Moute,3,5:36,MIL,free throw,,,,,,,1,,2,Ersan Ilyasova,,,foul,made,,,,
Amir Johnson,Antoine Wright,Chris Bosh,DeMar DeRozan,Jarrett Jack,Andrew Bogut,Brandon Jennings,Carlos Delfino,Ersan Ilyasova,Jodie Meeks,3,5:36,MIL,sub,,,,Jodie Meeks,,Luc Richard Mbah a Moute,,,,,,,,,,,,
Amir Johnson,Antoine Wright,Chris Bosh,DeMar DeRozan,Jarrett Jack,Andrew Bogut,Brandon Jennings,Carlos Delfino,Ersan Ilyasova,Jodie Meeks,3,5:36,MIL,free throw,,,,,,,2,,2,Ersan Ilyasova,,,foul,made,,,,
Amir Johnson,Antoine Wright,Chris Bosh,DeMar DeRozan,Jarrett Jack,Andrew Bogut,Brandon Jennings,Carlos Delfino,Ersan Ilyasova,Jodie Meeks,3,5:19,TOR,shot,,,,,,,,,,Chris Bosh,,,,missed,,hook,30,10
Amir Johnson,Antoine Wright,Chris Bosh,DeMar DeRozan,Jarrett Jack,Andrew Bogut,Brandon Jennings,Carlos Delfino,Ersan Ilyasova,Jodie Meeks,3,5:19,TOR,rebound,,,,,,,,,,Amir Johnson,,,,,,off,,
Amir Johnson,Antoine Wright,Chris Bosh,DeMar DeRozan,Jarrett Jack,Andrew Bogut,Brandon Jennings,Carlos Delfino,Ersan Ilyasova,Jodie Meeks,3,5:19,MIL,foul,,,,,,,,Amir Johnson,,Andrew Bogut,,,,,,shooting,,
Amir Johnson,Antoine Wright,Chris Bosh,DeMar DeRozan,Marcus Banks,Andrew Bogut,Brandon Jennings,Carlos Delfino,Ersan Ilyasova,Jodie Meeks,3,5:19,TOR,sub,,,,Marcus Banks,,Jarrett Jack,,,,,,,,,,,,
Amir Johnson,Antoine Wright,Chris Bosh,DeMar DeRozan,Marcus Banks,Brandon Jennings,Carlos Delfino,Ersan Ilyasova,Hakim Warrick,Jodie Meeks,3,5:19,MIL,sub,,,,Hakim Warrick,,Andrew Bogut,,,,,,,,,,,,
Amir Johnson,Antoine Wright,Chris Bosh,DeMar DeRozan,Marcus Banks,Brandon Jennings,Carlos Delfino,Ersan Ilyasova,Hakim Warrick,Jodie Meeks,3,5:19,TOR,free throw,,,,,,,1,,2,Amir Johnson,,,foul,made,,,,
Amir Johnson,Antoine Wright,Chris Bosh,DeMar DeRozan,Marcus Banks,Brandon Jennings,Carlos Delfino,Ersan Ilyasova,Hakim Warrick,Jodie Meeks,3,5:19,TOR,free throw,,,,,,,2,,2,Amir Johnson,,,foul,made,,,,
Amir Johnson,Antoine Wright,Chris Bosh,DeMar DeRozan,Marcus Banks,Brandon Jennings,Carlos Delfino,Ersan Ilyasova,Hakim Warrick,Jodie Meeks,3,4:57,MIL,shot,,,,,,,,,,Carlos Delfino,,,,missed,,jump,40,17
Amir Johnson,Antoine Wright,Chris Bosh,DeMar DeRozan,Marcus Banks,Brandon Jennings,Carlos Delfino,Ersan Ilyasova,Hakim Warrick,Jodie Meeks,3,4:56,TOR,rebound,,,,,,,,,,Amir Johnson,,,,,,def,,
Amir Johnson,Antoine Wright,Chris Bosh,DeMar DeRozan,Marcus Banks,Brandon Jennings,Carlos Delfino,Ersan Ilyasova,Hakim Warrick,Jodie Meeks,3,4:52,TOR,shot,,,Carlos Delfino,,,,,,,DeMar DeRozan,,,,missed,,layup,25,6
Amir Johnson,Antoine Wright,Chris Bosh,DeMar DeRozan,Marcus Banks,Brandon Jennings,Carlos Delfino,Ersan Ilyasova,Hakim Warrick,Jodie Meeks,3,4:52,TOR,rebound,,,,,,,,,,,,,,,,,,
Amir Johnson,Antoine Wright,Chris Bosh,DeMar DeRozan,Marcus Banks,Brandon Jennings,Carlos Delfino,Ersan Ilyasova,Hakim Warrick,Jodie Meeks,3,4:47,MIL,foul,,,,,,,,Chris Bosh,,Ersan Ilyasova,,,,,,shooting,,
Amir Johnson,Antoine Wright,Chris Bosh,DeMar DeRozan,Marcus Banks,Brandon Jennings,Carlos Delfino,Ersan Ilyasova,Hakim Warrick,Jodie Meeks,3,4:47,TOR,free throw,,,,,,,1,,2,Chris Bosh,,,foul,made,,,,
Amir Johnson,Antoine Wright,Chris Bosh,DeMar DeRozan,Marcus Banks,Brandon Jennings,Carlos Delfino,Hakim Warrick,Jodie Meeks,Luc Richard Mbah a Moute,3,4:47,MIL,sub,,,,Luc Richard Mbah a Moute,,Ersan Ilyasova,,,,,,,,,,,,
Amir Johnson,Antoine Wright,Chris Bosh,DeMar DeRozan,Marcus Banks,Brandon Jennings,Carlos Delfino,Hakim Warrick,Jodie Meeks,Luc Richard Mbah a Moute,3,4:47,TOR,free throw,,,,,,,2,,2,Chris Bosh,,,foul,made,,,,
Amir Johnson,Antoine Wright,Chris Bosh,DeMar DeRozan,Marcus Banks,Brandon Jennings,Carlos Delfino,Hakim Warrick,Jodie Meeks,Luc Richard Mbah a Moute,3,4:26,MIL,shot,Jodie Meeks,,,,,,,,,Brandon Jennings,3,,,made,,3pt,49,6
Amir Johnson,Antoine Wright,Chris Bosh,DeMar DeRozan,Marcus Banks,Brandon Jennings,Carlos Delfino,Hakim Warrick,Jodie Meeks,Luc Richard Mbah a Moute,3,4:01,TOR,shot,,,Brandon Jennings,,,,,,,Marcus Banks,,,,missed,,3pt,11,28
Amir Johnson,Antoine Wright,Chris Bosh,DeMar DeRozan,Marcus Banks,Brandon Jennings,Carlos Delfino,Hakim Warrick,Jodie Meeks,Luc Richard Mbah a Moute,3,4:00,TOR,rebound,,,,,,,,,,,,,,,,,,
Amir Johnson,Antoine Wright,Chris Bosh,DeMar DeRozan,Marcus Banks,Brandon Jennings,Carlos Delfino,Hakim Warrick,Jodie Meeks,Luc Richard Mbah a Moute,3,4:00,TOR,turnover,,,,,,,,,,,,,shot clock turnover,,,,,
Amir Johnson,Antoine Wright,Chris Bosh,DeMar DeRozan,Marcus Banks,Brandon Jennings,Carlos Delfino,Hakim Warrick,Jodie Meeks,Luc Richard Mbah a Moute,3,3:47,MIL,shot,,,,,,,,,,Brandon Jennings,,,,missed,,3pt,12,28
Amir Johnson,Antoine Wright,Chris Bosh,DeMar DeRozan,Marcus Banks,Brandon Jennings,Carlos Delfino,Hakim Warrick,Jodie Meeks,Luc Richard Mbah a Moute,3,3:46,TOR,rebound,,,,,,,,,,Amir Johnson,,,,,,def,,
Amir Johnson,Antoine Wright,Chris Bosh,DeMar DeRozan,Marcus Banks,Brandon Jennings,Carlos Delfino,Hakim Warrick,Jodie Meeks,Luc Richard Mbah a Moute,3,3:33,TOR,shot,,,,,,,,,,Antoine Wright,2,,,made,,layup,25,6
Amir Johnson,Antoine Wright,Chris Bosh,DeMar DeRozan,Marcus Banks,Brandon Jennings,Carlos Delfino,Hakim Warrick,Jodie Meeks,Luc Richard Mbah a Moute,3,3:18,MIL,shot,,,,,,,,,,Carlos Delfino,,,,missed,,3pt,46,22
Amir Johnson,Antoine Wright,Chris Bosh,DeMar DeRozan,Marcus Banks,Brandon Jennings,Carlos Delfino,Hakim Warrick,Jodie Meeks,Luc Richard Mbah a Moute,3,3:17,TOR,rebound,,,,,,,,,,Chris Bosh,,,,,,def,,
Amir Johnson,Antoine Wright,Chris Bosh,DeMar DeRozan,Marcus Banks,Brandon Jennings,Carlos Delfino,Hakim Warrick,Jodie Meeks,Luc Richard Mbah a Moute,3,3:10,TOR,foul,,,,,,,,Luc Richard Mbah a Moute,,Chris Bosh,,,,,,offensive,,
Amir Johnson,Antoine Wright,Chris Bosh,Marco Belinelli,Marcus Banks,Brandon Jennings,Carlos Delfino,Hakim Warrick,Jodie Meeks,Luc Richard Mbah a Moute,3,3:10,TOR,sub,,,,Marco Belinelli,,DeMar DeRozan,,,,,,,,,,,,
Amir Johnson,Antoine Wright,Chris Bosh,Marco Belinelli,Marcus Banks,Brandon Jennings,Carlos Delfino,Hakim Warrick,Jodie Meeks,Luc Richard Mbah a Moute,3,2:46,MIL,shot,,,,,,,,,,Hakim Warrick,,,,missed,,jump,17,22
Amir Johnson,Antoine Wright,Chris Bosh,Marco Belinelli,Marcus Banks,Brandon Jennings,Carlos Delfino,Hakim Warrick,Jodie Meeks,Luc Richard Mbah a Moute,3,2:46,TOR,rebound,,,,,,,,,,Antoine Wright,,,,,,def,,
Amir Johnson,Antoine Wright,Chris Bosh,Marco Belinelli,Marcus Banks,Brandon Jennings,Carlos Delfino,Hakim Warrick,Jodie Meeks,Luc Richard Mbah a Moute,3,2:31,TOR,shot,,,,,,,,,,Antoine Wright,,,,missed,,jump,40,12
Amir Johnson,Antoine Wright,Chris Bosh,Marco Belinelli,Marcus Banks,Brandon Jennings,Carlos Delfino,Hakim Warrick,Jodie Meeks,Luc Richard Mbah a Moute,3,2:24,MIL,rebound,,,,,,,,,,Luc Richard Mbah a Moute,,,,,,def,,
Amir Johnson,Antoine Wright,Chris Bosh,Marco Belinelli,Marcus Banks,Brandon Jennings,Carlos Delfino,Hakim Warrick,Jodie Meeks,Luc Richard Mbah a Moute,3,2:23,MIL,turnover,,,,,,,,,,Brandon Jennings,,,bad pass,,Marcus Banks,,,
Amir Johnson,Antoine Wright,Chris Bosh,Marco Belinelli,Marcus Banks,Brandon Jennings,Carlos Delfino,Hakim Warrick,Jodie Meeks,Luc Richard Mbah a Moute,3,2:19,TOR,shot,Marcus Banks,,,,,,,,,Marco Belinelli,3,,,made,,3pt,6,24
Amir Johnson,Antoine Wright,Chris Bosh,Marco Belinelli,Marcus Banks,Brandon Jennings,Carlos Delfino,Hakim Warrick,Jodie Meeks,Luc Richard Mbah a Moute,3,2:17,MIL,timeout,,,,,,,,,,,,,,,,regular,,
Amir Johnson,Antoine Wright,Chris Bosh,Marco Belinelli,Marcus Banks,Brandon Jennings,Carlos Delfino,Hakim Warrick,Jodie Meeks,Luc Richard Mbah a Moute,3,2:17,TOR,foul,,,,,,,,Brandon Jennings,,Marcus Banks,,,,,,personal,,
Amir Johnson,Antoine Wright,Chris Bosh,Marco Belinelli,Marcus Banks,Brandon Jennings,Carlos Delfino,Hakim Warrick,Jodie Meeks,Luc Richard Mbah a Moute,3,2:17,MIL,turnover,,,,,,,,,,Carlos Delfino,,,bad pass,,,,,
Amir Johnson,Antoine Wright,Chris Bosh,Marco Belinelli,Marcus Banks,Brandon Jennings,Carlos Delfino,Hakim Warrick,Jodie Meeks,Luc Richard Mbah a Moute,3,2:07,TOR,shot,Marcus Banks,,,,,,,,,Amir Johnson,2,,,made,,running dunk,25,6
Amir Johnson,Antoine Wright,Chris Bosh,Marco Belinelli,Marcus Banks,Brandon Jennings,Carlos Delfino,Hakim Warrick,Jodie Meeks,Luc Richard Mbah a Moute,3,2:06,TOR,violation,,,,,,,,,,,,,,,,delay of game,,
Amir Johnson,Antoine Wright,Chris Bosh,Marco Belinelli,Marcus Banks,Brandon Jennings,Carlos Delfino,Hakim Warrick,Jodie Meeks,Luc Richard Mbah a Moute,3,1:48,MIL,shot,Carlos Delfino,,,,,,,,,Hakim Warrick,2,,,made,,jump,11,11
Amir Johnson,Antoine Wright,Chris Bosh,Marco Belinelli,Marcus Banks,Brandon Jennings,Carlos Delfino,Hakim Warrick,Jodie Meeks,Luc Richard Mbah a Moute,3,1:34,TOR,jump ball,,Chris Bosh,,,Luc Richard Mbah a Moute,,,,,,,Marcus Banks,,,,,,
Amir Johnson,Antoine Wright,Chris Bosh,Marco Belinelli,Marcus Banks,Brandon Jennings,Carlos Delfino,Hakim Warrick,Jodie Meeks,Luc Richard Mbah a Moute,3,1:27,TOR,shot,,,,,,,,,,Marco Belinelli,,,,missed,,3pt,2,9
Amir Johnson,Antoine Wright,Chris Bosh,Marco Belinelli,Marcus Banks,Brandon Jennings,Carlos Delfino,Hakim Warrick,Jodie Meeks,Luc Richard Mbah a Moute,3,1:25,TOR,rebound,,,,,,,,,,Chris Bosh,,,,,,off,,
Amir Johnson,Antoine Wright,Chris Bosh,Marco Belinelli,Marcus Banks,Brandon Jennings,Carlos Delfino,Hakim Warrick,Jodie Meeks,Luc Richard Mbah a Moute,3,1:20,TOR,shot,,,,,,,,,,Chris Bosh,,,,missed,,hook,31,8
Amir Johnson,Antoine Wright,Chris Bosh,Marco Belinelli,Marcus Banks,Brandon Jennings,Carlos Delfino,Hakim Warrick,Jodie Meeks,Luc Richard Mbah a Moute,3,1:18,MIL,rebound,,,,,,,,,,Hakim Warrick,,,,,,def,,
Amir Johnson,Antoine Wright,Chris Bosh,Marco Belinelli,Marcus Banks,Brandon Jennings,Carlos Delfino,Hakim Warrick,Jodie Meeks,Luc Richard Mbah a Moute,3,1:11,MIL,foul,,,,,,,,Marcus Banks,,Luc Richard Mbah a Moute,,,,,,offensive,,
Amir Johnson,Antoine Wright,Chris Bosh,Marco Belinelli,Marcus Banks,Brandon Jennings,Carlos Delfino,Hakim Warrick,Jodie Meeks,Luc Richard Mbah a Moute,3,1:11,MIL,turnover,,,,,,,,,,Luc Richard Mbah a Moute,,,foul,,,,,
Amir Johnson,Antoine Wright,Hedo Turkoglu,Marco Belinelli,Marcus Banks,Brandon Jennings,Carlos Delfino,Hakim Warrick,Jodie Meeks,Luc Richard Mbah a Moute,3,1:11,TOR,sub,,,,Hedo Turkoglu,,Chris Bosh,,,,,,,,,,,,
Antoine Wright,Hedo Turkoglu,Marco Belinelli,Marcus Banks,Sonny Weems,Brandon Jennings,Carlos Delfino,Hakim Warrick,Jodie Meeks,Luc Richard Mbah a Moute,3,1:11,TOR,sub,,,,Sonny Weems,,Amir Johnson,,,,,,,,,,,,
Antoine Wright,Hedo Turkoglu,Marco Belinelli,Marcus Banks,Sonny Weems,Brandon Jennings,Carlos Delfino,Hakim Warrick,Jodie Meeks,Luc Richard Mbah a Moute,3,0:56,MIL,foul,,,,,,,,Marco Belinelli,,Carlos Delfino,,,,,,personal,,
Antoine Wright,Hedo Turkoglu,Marco Belinelli,Marcus Banks,Sonny Weems,Brandon Jennings,Carlos Delfino,Hakim Warrick,Jodie Meeks,Luc Richard Mbah a Moute,3,0:56,TOR,free throw,,,,,,,1,,2,Marco Belinelli,,,foul,made,,,,
Antoine Wright,Hedo Turkoglu,Marco Belinelli,Marcus Banks,Sonny Weems,Brandon Jennings,Hakim Warrick,Jodie Meeks,Luc Richard Mbah a Moute,Roko Ukic,3,0:56,MIL,sub,,,,Roko Ukic,,Carlos Delfino,,,,,,,,,,,,
Antoine Wright,Hedo Turkoglu,Marco Belinelli,Marcus Banks,Sonny Weems,Brandon Jennings,Hakim Warrick,Jodie Meeks,Luc Richard Mbah a Moute,Roko Ukic,3,0:56,TOR,free throw,,,,,,,2,,2,Marco Belinelli,,,foul,missed,,,,
Antoine Wright,Hedo Turkoglu,Marco Belinelli,Marcus Banks,Sonny Weems,Brandon Jennings,Hakim Warrick,Jodie Meeks,Luc Richard Mbah a Moute,Roko Ukic,3,0:55,MIL,rebound,,,,,,,,,,Jodie Meeks,,,,,,def,,
Antoine Wright,Hedo Turkoglu,Marco Belinelli,Marcus Banks,Sonny Weems,Brandon Jennings,Hakim Warrick,Jodie Meeks,Luc Richard Mbah a Moute,Roko Ukic,3,0:42,MIL,shot,,,,,,,,,,Roko Ukic,2,,,made,,jump,35,10
Antoine Wright,Hedo Turkoglu,Marco Belinelli,Marcus Banks,Sonny Weems,Brandon Jennings,Hakim Warrick,Jodie Meeks,Luc Richard Mbah a Moute,Roko Ukic,3,0:28,TOR,shot,Sonny Weems,,,,,,,,,Hedo Turkoglu,3,,,made,,3pt,16,31
Antoine Wright,Hedo Turkoglu,Marco Belinelli,Marcus Banks,Sonny Weems,Brandon Jennings,Hakim Warrick,Jodie Meeks,Luc Richard Mbah a Moute,Roko Ukic,3,0:10,MIL,shot,,,,,,,,,,Brandon Jennings,,,,missed,,layup,25,6
Antoine Wright,Hedo Turkoglu,Marco Belinelli,Marcus Banks,Sonny Weems,Brandon Jennings,Hakim Warrick,Jodie Meeks,Luc Richard Mbah a Moute,Roko Ukic,3,0:09,TOR,rebound,,,,,,,,,,Hedo Turkoglu,,,,,,def,,
Antoine Wright,Hedo Turkoglu,Marco Belinelli,Marcus Banks,Sonny Weems,Brandon Jennings,Hakim Warrick,Jodie Meeks,Luc Richard Mbah a Moute,Roko Ukic,3,0:02,TOR,shot,Sonny Weems,,,,,,,,,Marco Belinelli,3,,,made,,3pt,2,15
Antoine Wright,Hedo Turkoglu,Marco Belinelli,Marcus Banks,Sonny Weems,Brandon Jennings,Hakim Warrick,Jodie Meeks,Luc Richard Mbah a Moute,Roko Ukic,3,0:00,MIL,shot,,,,,,,,,,Roko Ukic,,,,missed,,3pt,13,30
Antoine Wright,Hedo Turkoglu,Marco Belinelli,Marcus Banks,Sonny Weems,Brandon Jennings,Hakim Warrick,Jodie Meeks,Luc Richard Mbah a Moute,Roko Ukic,3,0:00,MIL,rebound,,,,,,,,,,,,,,,,,,
Antoine Wright,Hedo Turkoglu,Marco Belinelli,Marcus Banks,Sonny Weems,Andrew Bogut,Ersan Ilyasova,Luc Richard Mbah a Moute,Luke Ridnour,Roko Ukic,4,11:46,TOR,foul,,,,,,,,Roko Ukic,,Marcus Banks,,,,,,personal,,
Antoine Wright,Hedo Turkoglu,Marco Belinelli,Marcus Banks,Sonny Weems,Andrew Bogut,Ersan Ilyasova,Luc Richard Mbah a Moute,Luke Ridnour,Roko Ukic,4,11:34,TOR,foul,,,,,,,,Roko Ukic,,Marco Belinelli,,,,,,shooting,,
Antoine Wright,Hedo Turkoglu,Marco Belinelli,Marcus Banks,Sonny Weems,Andrew Bogut,Ersan Ilyasova,Luc Richard Mbah a Moute,Luke Ridnour,Roko Ukic,4,11:34,MIL,free throw,,,,,,,1,,2,Roko Ukic,,,foul,made,,,,
Antoine Wright,Hedo Turkoglu,Marco Belinelli,Marcus Banks,Sonny Weems,Andrew Bogut,Ersan Ilyasova,Luc Richard Mbah a Moute,Luke Ridnour,Roko Ukic,4,11:34,MIL,free throw,,,,,,,2,,2,Roko Ukic,,,foul,made,,,,
Antoine Wright,Hedo Turkoglu,Marco Belinelli,Marcus Banks,Sonny Weems,Andrew Bogut,Ersan Ilyasova,Luc Richard Mbah a Moute,Luke Ridnour,Roko Ukic,4,11:14,MIL,foul,,,,,,,,Sonny Weems,,Andrew Bogut,,,,,,shooting,,
Antoine Wright,Hedo Turkoglu,Marco Belinelli,Marcus Banks,Sonny Weems,Andrew Bogut,Ersan Ilyasova,Luc Richard Mbah a Moute,Luke Ridnour,Roko Ukic,4,11:14,TOR,free throw,,,,,,,1,,2,Sonny Weems,,,foul,made,,,,
Antoine Wright,Hedo Turkoglu,Marco Belinelli,Marcus Banks,Sonny Weems,Carlos Delfino,Ersan Ilyasova,Luc Richard Mbah a Moute,Luke Ridnour,Roko Ukic,4,11:14,MIL,sub,,,,Carlos Delfino,,Andrew Bogut,,,,,,,,,,,,
Antoine Wright,Hedo Turkoglu,Marco Belinelli,Marcus Banks,Sonny Weems,Carlos Delfino,Ersan Ilyasova,Luc Richard Mbah a Moute,Luke Ridnour,Roko Ukic,4,11:14,TOR,free throw,,,,,,,2,,2,Sonny Weems,,,foul,made,,,,
Antoine Wright,Hedo Turkoglu,Marco Belinelli,Marcus Banks,Sonny Weems,Carlos Delfino,Ersan Ilyasova,Luc Richard Mbah a Moute,Luke Ridnour,Roko Ukic,4,10:59,MIL,shot,Luke Ridnour,,,,,,,,,Luc Richard Mbah a Moute,2,,,made,,a moute layup,25,6
Antoine Wright,Hedo Turkoglu,Marco Belinelli,Marcus Banks,Sonny Weems,Carlos Delfino,Ersan Ilyasova,Luc Richard Mbah a Moute,Luke Ridnour,Roko Ukic,4,10:50,TOR,timeout,,,,,,,,,,,,,,,,regular,,
Antoine Wright,Chris Bosh,Marco Belinelli,Marcus Banks,Sonny Weems,Carlos Delfino,Ersan Ilyasova,Luc Richard Mbah a Moute,Luke Ridnour,Roko Ukic,4,10:50,TOR,sub,,,,Chris Bosh,,Hedo Turkoglu,,,,,,,,,,,,
Antoine Wright,Chris Bosh,Marco Belinelli,Marcus Banks,Sonny Weems,Carlos Delfino,Ersan Ilyasova,Luc Richard Mbah a Moute,Luke Ridnour,Roko Ukic,4,10:32,TOR,turnover,,,,,,,,,,Antoine Wright,,,bad pass,,Roko Ukic,,,
Antoine Wright,Chris Bosh,Marco Belinelli,Marcus Banks,Sonny Weems,Carlos Delfino,Ersan Ilyasova,Luc Richard Mbah a Moute,Luke Ridnour,Roko Ukic,4,10:18,MIL,turnover,,,,,,,,,,Ersan Ilyasova,,,bad pass,,Marco Belinelli,,,
Antoine Wright,Chris Bosh,Marco Belinelli,Marcus Banks,Sonny Weems,Carlos Delfino,Ersan Ilyasova,Luc Richard Mbah a Moute,Luke Ridnour,Roko Ukic,4,10:18,MIL,foul,,,,,,,,Marco Belinelli,,Roko Ukic,,,,,,personal,,
Antoine Wright,Chris Bosh,Jarrett Jack,Marco Belinelli,Sonny Weems,Carlos Delfino,Ersan Ilyasova,Luc Richard Mbah a Moute,Luke Ridnour,Roko Ukic,4,10:18,TOR,sub,,,,Jarrett Jack,,Marcus Banks,,,,,,,,,,,,
Antoine Wright,Chris Bosh,Jarrett Jack,Marco Belinelli,Sonny Weems,Carlos Delfino,Ersan Ilyasova,Luc Richard Mbah a Moute,Luke Ridnour,Roko Ukic,4,10:03,TOR,shot,,,,,,,,,,Chris Bosh,,,,missed,,jump,25,12
Antoine Wright,Chris Bosh,Jarrett Jack,Marco Belinelli,Sonny Weems,Carlos Delfino,Ersan Ilyasova,Luc Richard Mbah a Moute,Luke Ridnour,Roko Ukic,4,10:02,MIL,rebound,,,,,,,,,,Ersan Ilyasova,,,,,,def,,
Antoine Wright,Chris Bosh,Jarrett Jack,Marco Belinelli,Sonny Weems,Carlos Delfino,Ersan Ilyasova,Luc Richard Mbah a Moute,Luke Ridnour,Roko Ukic,4,9:50,MIL,shot,,,,,,,,,,Luke Ridnour,2,,,made,,jump,44,6
Antoine Wright,Chris Bosh,Jarrett Jack,Marco Belinelli,Sonny Weems,Carlos Delfino,Ersan Ilyasova,Luc Richard Mbah a Moute,Luke Ridnour,Roko Ukic,4,9:45,TOR,shot,,,,,,,,,,Antoine Wright,2,,,made,,layup,25,6
Antoine Wright,Chris Bosh,Jarrett Jack,Marco Belinelli,Sonny Weems,Carlos Delfino,Ersan Ilyasova,Luc Richard Mbah a Moute,Luke Ridnour,Roko Ukic,4,9:29,MIL,shot,Luke Ridnour,,,,,,,,,Roko Ukic,3,,,made,,3pt,46,23
Antoine Wright,Chris Bosh,Jarrett Jack,Marco Belinelli,Sonny Weems,Carlos Delfino,Ersan Ilyasova,Luc Richard Mbah a Moute,Luke Ridnour,Roko Ukic,4,9:10,TOR,turnover,,,,,,,,,,Antoine Wright,,,traveling,,,,,
Antoine Wright,Chris Bosh,Jarrett Jack,Marco Belinelli,Sonny Weems,Carlos Delfino,Ersan Ilyasova,Luc Richard Mbah a Moute,Luke Ridnour,Roko Ukic,4,8:59,MIL,jump ball,,Antoine Wright,,,Ersan Ilyasova,,,,,,,Luc Richard Mbah a Moute,,,,,,
Antoine Wright,Chris Bosh,Jarrett Jack,Marco Belinelli,Sonny Weems,Carlos Delfino,Ersan Ilyasova,Luc Richard Mbah a Moute,Luke Ridnour,Roko Ukic,4,8:45,MIL,shot,,,,,,,,,,Luke Ridnour,3,,,made,,3pt,40,28
Antoine Wright,Chris Bosh,Jarrett Jack,Marco Belinelli,Sonny Weems,Carlos Delfino,Ersan Ilyasova,Luc Richard Mbah a Moute,Luke Ridnour,Roko Ukic,4,8:37,TOR,shot,,,,,,,,,,Marco Belinelli,,,,missed,,3pt,11,28
Antoine Wright,Chris Bosh,Jarrett Jack,Marco Belinelli,Sonny Weems,Carlos Delfino,Ersan Ilyasova,Luc Richard Mbah a Moute,Luke Ridnour,Roko Ukic,4,8:36,MIL,rebound,,,,,,,,,,Ersan Ilyasova,,,,,,def,,
Antoine Wright,Chris Bosh,Jarrett Jack,Marco Belinelli,Sonny Weems,Carlos Delfino,Ersan Ilyasova,Luc Richard Mbah a Moute,Luke Ridnour,Roko Ukic,4,8:16,MIL,shot,,,,,,,,,,Luc Richard Mbah a Moute,,,,missed,,a moute jump,41,6
Antoine Wright,Chris Bosh,Jarrett Jack,Marco Belinelli,Sonny Weems,Carlos Delfino,Ersan Ilyasova,Luc Richard Mbah a Moute,Luke Ridnour,Roko Ukic,4,8:15,MIL,rebound,,,,,,,,,,Ersan Ilyasova,,,,,,off,,
Antoine Wright,Chris Bosh,Jarrett Jack,Marco Belinelli,Sonny Weems,Carlos Delfino,Ersan Ilyasova,Luc Richard Mbah a Moute,Luke Ridnour,Roko Ukic,4,8:12,MIL,turnover,,,,,,,,,,Ersan Ilyasova,,,lost ball,,Jarrett Jack,,,
Antoine Wright,Chris Bosh,Jarrett Jack,Marco Belinelli,Sonny Weems,Carlos Delfino,Ersan Ilyasova,Luc Richard Mbah a Moute,Luke Ridnour,Roko Ukic,4,8:07,TOR,shot,Jarrett Jack,,,,,,,,,Sonny Weems,2,,,made,,layup,25,6
Antoine Wright,Chris Bosh,Jarrett Jack,Marco Belinelli,Sonny Weems,Carlos Delfino,Ersan Ilyasova,Luc Richard Mbah a Moute,Luke Ridnour,Roko Ukic,4,7:45,MIL,shot,Luke Ridnour,,,,,,,,,Luc Richard Mbah a Moute,2,,,made,,a moute jump,41,6
Antoine Wright,Chris Bosh,Jarrett Jack,Marco Belinelli,Sonny Weems,Carlos Delfino,Ersan Ilyasova,Luc Richard Mbah a Moute,Luke Ridnour,Roko Ukic,4,7:36,TOR,shot,,,,,,,,,,Jarrett Jack,2,,,made,,layup,25,6
Antoine Wright,Chris Bosh,Jarrett Jack,Marco Belinelli,Sonny Weems,Carlos Delfino,Ersan Ilyasova,Luc Richard Mbah a Moute,Luke Ridnour,Roko Ukic,4,7:16,MIL,shot,,,,,,,,,,Luke Ridnour,,,,missed,,jump,42,5
Antoine Wright,Chris Bosh,Jarrett Jack,Marco Belinelli,Sonny Weems,Carlos Delfino,Ersan Ilyasova,Luc Richard Mbah a Moute,Luke Ridnour,Roko Ukic,4,7:15,MIL,rebound,,,,,,,,,,Ersan Ilyasova,,,,,,off,,
Antoine Wright,Chris Bosh,Jarrett Jack,Marco Belinelli,Sonny Weems,Carlos Delfino,Ersan Ilyasova,Luc Richard Mbah a Moute,Luke Ridnour,Roko Ukic,4,7:15,TOR,foul,,,,,,,,Ersan Ilyasova,,Sonny Weems,,,,,,shooting,,
Chris Bosh,Hedo Turkoglu,Jarrett Jack,Marco Belinelli,Sonny Weems,Carlos Delfino,Ersan Ilyasova,Luc Richard Mbah a Moute,Luke Ridnour,Roko Ukic,4,7:15,TOR,sub,,,,Hedo Turkoglu,,Antoine Wright,,,,,,,,,,,,
Chris Bosh,Hedo Turkoglu,Jarrett Jack,Marco Belinelli,Sonny Weems,Brandon Jennings,Carlos Delfino,Ersan Ilyasova,Luc Richard Mbah a Moute,Luke Ridnour,4,7:15,MIL,sub,,,,Brandon Jennings,,Roko Ukic,,,,,,,,,,,,
Chris Bosh,Hedo Turkoglu,Jarrett Jack,Marco Belinelli,Sonny Weems,Brandon Jennings,Carlos Delfino,Ersan Ilyasova,Luc Richard Mbah a Moute,Luke Ridnour,4,7:15,MIL,free throw,,,,,,,1,,2,Ersan Ilyasova,,,foul,made,,,,
Chris Bosh,Hedo Turkoglu,Jarrett Jack,Marco Belinelli,Sonny Weems,Brandon Jennings,Carlos Delfino,Ersan Ilyasova,Luc Richard Mbah a Moute,Luke Ridnour,4,7:15,MIL,free throw,,,,,,,2,,2,Ersan Ilyasova,,,foul,missed,,,,
Chris Bosh,Hedo Turkoglu,Jarrett Jack,Marco Belinelli,Sonny Weems,Brandon Jennings,Carlos Delfino,Ersan Ilyasova,Luc Richard Mbah a Moute,Luke Ridnour,4,7:13,TOR,rebound,,,,,,,,,,Chris Bosh,,,,,,def,,
Chris Bosh,Hedo Turkoglu,Jarrett Jack,Marco Belinelli,Sonny Weems,Brandon Jennings,Carlos Delfino,Ersan Ilyasova,Luc Richard Mbah a Moute,Luke Ridnour,4,7:09,TOR,shot,Jarrett Jack,,,,,,,,,Sonny Weems,2,,,made,,layup,25,6
Chris Bosh,Hedo Turkoglu,Jarrett Jack,Marco Belinelli,Sonny Weems,Brandon Jennings,Carlos Delfino,Ersan Ilyasova,Luc Richard Mbah a Moute,Luke Ridnour,4,6:46,MIL,shot,Luke Ridnour,,,,,,,,,Ersan Ilyasova,2,,,made,,jump,22,11
Chris Bosh,Hedo Turkoglu,Jarrett Jack,Marco Belinelli,Sonny Weems,Brandon Jennings,Carlos Delfino,Ersan Ilyasova,Luc Richard Mbah a Moute,Luke Ridnour,4,6:33,MIL,foul,,,,,,,,Chris Bosh,,Luc Richard Mbah a Moute,,,,,,shooting,,
Chris Bosh,Hedo Turkoglu,Jarrett Jack,Marco Belinelli,Sonny Weems,Brandon Jennings,Carlos Delfino,Ersan Ilyasova,Luc Richard Mbah a Moute,Luke Ridnour,4,6:33,TOR,free throw,,,,,,,1,,2,Chris Bosh,,,foul,made,,,,
Chris Bosh,Hedo Turkoglu,Jarrett Jack,Marco Belinelli,Sonny Weems,Brandon Jennings,Carlos Delfino,Ersan Ilyasova,Luc Richard Mbah a Moute,Luke Ridnour,4,6:33,TOR,free throw,,,,,,,2,,2,Chris Bosh,,,foul,made,,,,
Chris Bosh,Hedo Turkoglu,Jarrett Jack,Marco Belinelli,Sonny Weems,Brandon Jennings,Carlos Delfino,Ersan Ilyasova,Luc Richard Mbah a Moute,Luke Ridnour,4,6:09,TOR,foul,,,,,,,,Luc Richard Mbah a Moute,,Hedo Turkoglu,,,,,,shooting,,
Chris Bosh,Hedo Turkoglu,Jarrett Jack,Marco Belinelli,Sonny Weems,Brandon Jennings,Carlos Delfino,Ersan Ilyasova,Luc Richard Mbah a Moute,Luke Ridnour,4,6:09,MIL,free throw,,,,,,,1,,2,Luc Richard Mbah a Moute,,,foul,missed,,,,
Chris Bosh,Hedo Turkoglu,Jarrett Jack,Marco Belinelli,Sonny Weems,Brandon Jennings,Carlos Delfino,Ersan Ilyasova,Luc Richard Mbah a Moute,Luke Ridnour,4,6:09,MIL,rebound,,,,,,,,,,,,,,,,,,
Chris Bosh,Hedo Turkoglu,Jarrett Jack,Marco Belinelli,Sonny Weems,Brandon Jennings,Carlos Delfino,Ersan Ilyasova,Luc Richard Mbah a Moute,Luke Ridnour,4,6:09,MIL,free throw,,,,,,,2,,2,Luc Richard Mbah a Moute,,,foul,made,,,,
Chris Bosh,Hedo Turkoglu,Jarrett Jack,Marco Belinelli,Sonny Weems,Brandon Jennings,Carlos Delfino,Ersan Ilyasova,Luc Richard Mbah a Moute,Luke Ridnour,4,6:01,TOR,shot,,,,,,,,,,Jarrett Jack,2,,,made,,layup,25,6
Chris Bosh,Hedo Turkoglu,Jarrett Jack,Marco Belinelli,Sonny Weems,Brandon Jennings,Carlos Delfino,Ersan Ilyasova,Luc Richard Mbah a Moute,Luke Ridnour,4,6:01,MIL,foul,,,,,,,,Jarrett Jack,,Luc Richard Mbah a Moute,,,,,,shooting,,
Chris Bosh,Hedo Turkoglu,Jarrett Jack,Marco Belinelli,Sonny Weems,Brandon Jennings,Carlos Delfino,Ersan Ilyasova,Luc Richard Mbah a Moute,Luke Ridnour,4,6:01,TOR,free throw,,,,,,,1,,1,Jarrett Jack,,,foul,missed,,,,
Chris Bosh,Hedo Turkoglu,Jarrett Jack,Marco Belinelli,Sonny Weems,Brandon Jennings,Carlos Delfino,Ersan Ilyasova,Luc Richard Mbah a Moute,Luke Ridnour,4,6:00,MIL,rebound,,,,,,,,,,Carlos Delfino,,,,,,def,,
Chris Bosh,Hedo Turkoglu,Jarrett Jack,Marco Belinelli,Sonny Weems,Brandon Jennings,Carlos Delfino,Ersan Ilyasova,Luc Richard Mbah a Moute,Luke Ridnour,4,5:42,MIL,turnover,,,,,,,,,,Ersan Ilyasova,,,lost ball,,Jarrett Jack,,,
Chris Bosh,Hedo Turkoglu,Jarrett Jack,Marco Belinelli,Sonny Weems,Brandon Jennings,Carlos Delfino,Ersan Ilyasova,Luc Richard Mbah a Moute,Luke Ridnour,4,5:38,TOR,shot,Jarrett Jack,,,,,,,,,Sonny Weems,2,,,made,,dunk,25,6
Chris Bosh,Hedo Turkoglu,Jarrett Jack,Marco Belinelli,Sonny Weems,Brandon Jennings,Carlos Delfino,Ersan Ilyasova,Luc Richard Mbah a Moute,Luke Ridnour,4,5:17,MIL,shot,,,,,,,,,,Luke Ridnour,2,,,made,,layup,25,6
Chris Bosh,Hedo Turkoglu,Jarrett Jack,Marco Belinelli,Sonny Weems,Brandon Jennings,Carlos Delfino,Ersan Ilyasova,Luc Richard Mbah a Moute,Luke Ridnour,4,4:59,TOR,shot,,,,,,,,,,Sonny Weems,2,,,made,,running layup,25,6
Chris Bosh,Hedo Turkoglu,Jarrett Jack,Marco Belinelli,Sonny Weems,Brandon Jennings,Carlos Delfino,Ersan Ilyasova,Luc Richard Mbah a Moute,Luke Ridnour,4,4:34,MIL,shot,Luke Ridnour,,,,,,,,,Carlos Delfino,2,,,made,,jump,42,6
Chris Bosh,Hedo Turkoglu,Jarrett Jack,Marco Belinelli,Sonny Weems,Brandon Jennings,Carlos Delfino,Ersan Ilyasova,Luc Richard Mbah a Moute,Luke Ridnour,4,4:24,TOR,shot,,,,,,,,,,Hedo Turkoglu,,,,missed,,jump,44,18
Chris Bosh,Hedo Turkoglu,Jarrett Jack,Marco Belinelli,Sonny Weems,Brandon Jennings,Carlos Delfino,Ersan Ilyasova,Luc Richard Mbah a Moute,Luke Ridnour,4,4:23,MIL,rebound,,,,,,,,,,Luke Ridnour,,,,,,def,,
Chris Bosh,Hedo Turkoglu,Jarrett Jack,Marco Belinelli,Sonny Weems,Brandon Jennings,Carlos Delfino,Ersan Ilyasova,Luc Richard Mbah a Moute,Luke Ridnour,4,4:05,MIL,shot,Luke Ridnour,,,,,,,,,Luc Richard Mbah a Moute,2,,,made,,a moute jump,12,6
Chris Bosh,Hedo Turkoglu,Jarrett Jack,Marco Belinelli,Sonny Weems,Brandon Jennings,Carlos Delfino,Ersan Ilyasova,Luc Richard Mbah a Moute,Luke Ridnour,4,3:52,TOR,shot,,,,,,,,,,Jarrett Jack,,,,missed,,3pt,42,27
Chris Bosh,Hedo Turkoglu,Jarrett Jack,Marco Belinelli,Sonny Weems,Brandon Jennings,Carlos Delfino,Ersan Ilyasova,Luc Richard Mbah a Moute,Luke Ridnour,4,3:51,MIL,rebound,,,,,,,,,,Ersan Ilyasova,,,,,,def,,
Chris Bosh,Hedo Turkoglu,Jarrett Jack,Marco Belinelli,Sonny Weems,Brandon Jennings,Carlos Delfino,Ersan Ilyasova,Luc Richard Mbah a Moute,Luke Ridnour,4,3:25,MIL,shot,,,,,,,,,,Luke Ridnour,2,,,made,,jump,21,24
Chris Bosh,Hedo Turkoglu,Jarrett Jack,Marco Belinelli,Sonny Weems,Brandon Jennings,Carlos Delfino,Ersan Ilyasova,Luc Richard Mbah a Moute,Luke Ridnour,4,3:12,TOR,turnover,,,,,,,,,,Jarrett Jack,,,lost ball,,Luc Richard Mbah a Moute,,,
Chris Bosh,Hedo Turkoglu,Jarrett Jack,Marco Belinelli,Sonny Weems,Brandon Jennings,Carlos Delfino,Ersan Ilyasova,Luc Richard Mbah a Moute,Luke Ridnour,4,3:08,MIL,timeout,,,,,,,,,,,,,,,,regular,,
Chris Bosh,Hedo Turkoglu,Jarrett Jack,Marco Belinelli,Sonny Weems,Carlos Delfino,Ersan Ilyasova,Luc Richard Mbah a Moute,Luke Ridnour,Roko Ukic,4,3:08,MIL,sub,,,,Roko Ukic,,Brandon Jennings,,,,,,,,,,,,
Chris Bosh,Hedo Turkoglu,Jarrett Jack,Marco Belinelli,Sonny Weems,Carlos Delfino,Ersan Ilyasova,Jodie Meeks,Luc Richard Mbah a Moute,Roko Ukic,4,3:08,MIL,sub,,,,Jodie Meeks,,Luke Ridnour,,,,,,,,,,,,
Chris Bosh,Hedo Turkoglu,Marco Belinelli,Marcus Banks,Sonny Weems,Carlos Delfino,Ersan Ilyasova,Jodie Meeks,Luc Richard Mbah a Moute,Roko Ukic,4,3:08,TOR,sub,,,,Marcus Banks,,Jarrett Jack,,,,,,,,,,,,
DeMar DeRozan,Hedo Turkoglu,Marco Belinelli,Marcus Banks,Sonny Weems,Carlos Delfino,Ersan Ilyasova,Jodie Meeks,Luc Richard Mbah a Moute,Roko Ukic,4,3:08,TOR,sub,,,,DeMar DeRozan,,Chris Bosh,,,,,,,,,,,,
DeMar DeRozan,Marco Belinelli,Marcus Banks,Patrick O'Bryant,Sonny Weems,Carlos Delfino,Ersan Ilyasova,Jodie Meeks,Luc Richard Mbah a Moute,Roko Ukic,4,3:08,TOR,sub,,,,Patrick O'Bryant,,Hedo Turkoglu,,,,,,,,,,,,
DeMar DeRozan,Marco Belinelli,Marcus Banks,Patrick O'Bryant,Sonny Weems,Carlos Delfino,Ersan Ilyasova,Jodie Meeks,Luc Richard Mbah a Moute,Roko Ukic,4,2:52,MIL,shot,,,,,,,,,,Roko Ukic,2,,,made,,jump,36,6
DeMar DeRozan,Marco Belinelli,Marcus Banks,Patrick O'Bryant,Sonny Weems,Carlos Delfino,Ersan Ilyasova,Jodie Meeks,Luc Richard Mbah a Moute,Roko Ukic,4,2:52,TOR,foul,,,,,,,,Roko Ukic,,Marcus Banks,,,,,,shooting,,
DeMar DeRozan,Marco Belinelli,Marcus Banks,Patrick O'Bryant,Sonny Weems,Carlos Delfino,Ersan Ilyasova,Jodie Meeks,Luc Richard Mbah a Moute,Roko Ukic,4,2:52,MIL,timeout,,,,,,,,,,,,,,,,official,,
Marco Belinelli,Marcus Banks,Patrick O'Bryant,Pops Mensah-Bonsu,Sonny Weems,Carlos Delfino,Ersan Ilyasova,Jodie Meeks,Luc Richard Mbah a Moute,Roko Ukic,4,2:52,TOR,sub,,,,Pops Mensah-Bonsu,,DeMar DeRozan,,,,,,,,,,,,
Marco Belinelli,Marcus Banks,Patrick O'Bryant,Pops Mensah-Bonsu,Sonny Weems,Carlos Delfino,Ersan Ilyasova,Jodie Meeks,Luc Richard Mbah a Moute,Roko Ukic,4,2:52,MIL,free throw,,,,,,,1,,1,Roko Ukic,,,foul,made,,,,
Marco Belinelli,Marcus Banks,Patrick O'Bryant,Pops Mensah-Bonsu,Sonny Weems,Carlos Delfino,Ersan Ilyasova,Jodie Meeks,Luc Richard Mbah a Moute,Roko Ukic,4,2:32,TOR,shot,,,,,,,,,,Patrick O'Bryant,2,,,made,,hook,31,9
Marco Belinelli,Marcus Banks,Patrick O'Bryant,Pops Mensah-Bonsu,Sonny Weems,Carlos Delfino,Ersan Ilyasova,Jodie Meeks,Luc Richard Mbah a Moute,Roko Ukic,4,2:15,MIL,shot,,,Sonny Weems,,,,,,,Jodie Meeks,,,,missed,,jump,34,14
Marco Belinelli,Marcus Banks,Patrick O'Bryant,Pops Mensah-Bonsu,Sonny Weems,Carlos Delfino,Ersan Ilyasova,Jodie Meeks,Luc Richard Mbah a Moute,Roko Ukic,4,2:13,TOR,rebound,,,,,,,,,,Patrick O'Bryant,,,,,,def,,
Marco Belinelli,Marcus Banks,Patrick O'Bryant,Pops Mensah-Bonsu,Sonny Weems,Carlos Delfino,Ersan Ilyasova,Jodie Meeks,Luc Richard Mbah a Moute,Roko Ukic,4,1:58,TOR,shot,,,,,,,,,,Sonny Weems,,,,missed,,3pt,10,27
Marco Belinelli,Marcus Banks,Patrick O'Bryant,Pops Mensah-Bonsu,Sonny Weems,Carlos Delfino,Ersan Ilyasova,Jodie Meeks,Luc Richard Mbah a Moute,Roko Ukic,4,1:57,MIL,rebound,,,,,,,,,,Luc Richard Mbah a Moute,,,,,,def,,
Marco Belinelli,Marcus Banks,Patrick O'Bryant,Pops Mensah-Bonsu,Sonny Weems,Carlos Delfino,Ersan Ilyasova,Jodie Meeks,Luc Richard Mbah a Moute,Roko Ukic,4,1:40,MIL,shot,Jodie Meeks,,,,,,,,,Roko Ukic,3,,,made,,3pt,42,26
Marco Belinelli,Marcus Banks,Patrick O'Bryant,Pops Mensah-Bonsu,Sonny Weems,Carlos Delfino,Ersan Ilyasova,Jodie Meeks,Luc Richard Mbah a Moute,Roko Ukic,4,1:24,MIL,foul,,,,,,,,Patrick O'Bryant,,Ersan Ilyasova,,,,,,shooting,,
Marco Belinelli,Marcus Banks,Patrick O'Bryant,Pops Mensah-Bonsu,Sonny Weems,Carlos Delfino,Ersan Ilyasova,Jodie Meeks,Luc Richard Mbah a Moute,Roko Ukic,4,1:24,TOR,free throw,,,,,,,1,,2,Patrick O'Bryant,,,foul,missed,,,,
Marco Belinelli,Marcus Banks,Patrick O'Bryant,Pops Mensah-Bonsu,Sonny Weems,Carlos Delfino,Ersan Ilyasova,Jodie Meeks,Luc Richard Mbah a Moute,Roko Ukic,4,1:24,TOR,rebound,,,,,,,,,,,,,,,,,,
Marco Belinelli,Marcus Banks,Patrick O'Bryant,Pops Mensah-Bonsu,Sonny Weems,Carlos Delfino,Hakim Warrick,Jodie Meeks,Luc Richard Mbah a Moute,Roko Ukic,4,1:24,MIL,sub,,,,Hakim Warrick,,Ersan Ilyasova,,,,,,,,,,,,
Marco Belinelli,Marcus Banks,Patrick O'Bryant,Pops Mensah-Bonsu,Sonny Weems,Carlos Delfino,Hakim Warrick,Jodie Meeks,Luc Richard Mbah a Moute,Roko Ukic,4,1:24,TOR,free throw,,,,,,,2,,2,Patrick O'Bryant,,,foul,made,,,,
Marco Belinelli,Marcus Banks,Patrick O'Bryant,Pops Mensah-Bonsu,Sonny Weems,Carlos Delfino,Hakim Warrick,Jodie Meeks,Luc Richard Mbah a Moute,Roko Ukic,4,1:07,MIL,shot,,,,,,,,,,Hakim Warrick,,,,missed,,jump,17,18
Marco Belinelli,Marcus Banks,Patrick O'Bryant,Pops Mensah-Bonsu,Sonny Weems,Carlos Delfino,Hakim Warrick,Jodie Meeks,Luc Richard Mbah a Moute,Roko Ukic,4,1:06,TOR,rebound,,,,,,,,,,Pops Mensah-Bonsu,,,,,,def,,
Marco Belinelli,Marcus Banks,Patrick O'Bryant,Pops Mensah-Bonsu,Sonny Weems,Carlos Delfino,Hakim Warrick,Jodie Meeks,Luc Richard Mbah a Moute,Roko Ukic,4,0:49,TOR,shot,,,,,,,,,,Patrick O'Bryant,,,,missed,,jump,40,5
Marco Belinelli,Marcus Banks,Patrick O'Bryant,Pops Mensah-Bonsu,Sonny Weems,Carlos Delfino,Hakim Warrick,Jodie Meeks,Luc Richard Mbah a Moute,Roko Ukic,4,0:47,MIL,rebound,,,,,,,,,,Luc Richard Mbah a Moute,,,,,,def,,
Marco Belinelli,Marcus Banks,Patrick O'Bryant,Pops Mensah-Bonsu,Sonny Weems,Carlos Delfino,Hakim Warrick,Jodie Meeks,Luc Richard Mbah a Moute,Roko Ukic,4,0:29,MIL,shot,Roko Ukic,,,,,,,,,Hakim Warrick,2,,,made,,hook,28,10
Marco Belinelli,Marcus Banks,Patrick O'Bryant,Pops Mensah-Bonsu,Sonny Weems,Carlos Delfino,Hakim Warrick,Jodie Meeks,Luc Richard Mbah a Moute,Roko Ukic,4,0:29,TOR,foul,,,,,,,,Hakim Warrick,,Patrick O'Bryant,,,,,,shooting,,
Marco Belinelli,Marcus Banks,Patrick O'Bryant,Pops Mensah-Bonsu,Sonny Weems,Carlos Delfino,Hakim Warrick,Jodie Meeks,Luc Richard Mbah a Moute,Roko Ukic,4,0:29,MIL,free throw,,,,,,,1,,1,Hakim Warrick,,,foul,missed,,,,
Marco Belinelli,Marcus Banks,Patrick O'Bryant,Pops Mensah-Bonsu,Sonny Weems,Carlos Delfino,Hakim Warrick,Jodie Meeks,Luc Richard Mbah a Moute,Roko Ukic,4,0:27,TOR,rebound,,,,,,,,,,Pops Mensah-Bonsu,,,,,,def,,
Marco Belinelli,Marcus Banks,Patrick O'Bryant,Pops Mensah-Bonsu,Sonny Weems,Carlos Delfino,Hakim Warrick,Jodie Meeks,Luc Richard Mbah a Moute,Roko Ukic,4,0:14,TOR,shot,,,,,,,,,,Marcus Banks,,,,missed,,3pt,44,26
Marco Belinelli,Marcus Banks,Patrick O'Bryant,Pops Mensah-Bonsu,Sonny Weems,Carlos Delfino,Hakim Warrick,Jodie Meeks,Luc Richard Mbah a Moute,Roko Ukic,4,0:12,MIL,rebound,,,,,,,,,,Carlos Delfino,,,,,,def,,
