a1,a2,a3,a4,a5,h1,h2,h3,h4,h5,period,time,team,etype,assist,away,block,entered,home,left,num,opponent,outof,player,points,possession,reason,result,steal,type,x,y
Amare Stoudemire,Channing Frye,Goran Dragic,Grant Hill,Steve Nash,Andre Miller,Brandon Roy,Joel Przybilla,LaMarcus Aldridge,Martell Webster,1,12:00,OFF,jump ball,,Amare Stoudemire,,,Joel Przybilla,,,,,,,Steve Nash,,,,,,
Amare Stoudemire,Channing Frye,Goran Dragic,Grant Hill,Steve Nash,Andre Miller,Brandon Roy,Joel Przybilla,LaMarcus Aldridge,Martell Webster,1,11:46,PHX,turnover,,,,,,,,,,Steve Nash,,,bad pass,,,,,
Amare Stoudemire,Channing Frye,Goran Dragic,Grant Hill,Steve Nash,Andre Miller,Brandon Roy,Joel Przybilla,LaMarcus Aldridge,Martell Webster,1,11:34,POR,shot,Andre Miller,,,,,,,,,LaMarcus Aldridge,2,,,made,,alley oop dunk,25,6
Amare Stoudemire,Channing Frye,Goran Dragic,Grant Hill,Steve Nash,Andre Miller,Brandon Roy,Joel Przybilla,LaMarcus Aldridge,Martell Webster,1,11:07,PHX,shot,,,,,,,,,,Grant Hill,,,,missed,,jump,18,26
Amare Stoudemire,Channing Frye,Goran Dragic,Grant Hill,Steve Nash,Andre Miller,Brandon Roy,Joel Przybilla,LaMarcus Aldridge,Martell Webster,1,11:06,POR,rebound,,,,,,,,,,LaMarcus Aldridge,,,,,,def,,
Amare Stoudemire,Channing Frye,Goran Dragic,Grant Hill,Steve Nash,Andre Miller,Brandon Roy,Joel Przybilla,LaMarcus Aldridge,Martell Webster,1,10:45,POR,shot,,,,,,,,,,Brandon Roy,2,,,made,,step back jump,19,23
Amare Stoudemire,Channing Frye,Goran Dragic,Grant Hill,Steve Nash,Andre Miller,Brandon Roy,Joel Przybilla,LaMarcus Aldridge,Martell Webster,1,10:32,POR,foul,,,,,,,,Amare Stoudemire,,Joel Przybilla,,,,,,personal,,
Amare Stoudemire,Channing Frye,Goran Dragic,Grant Hill,Steve Nash,Andre Miller,Brandon Roy,Joel Przybilla,LaMarcus Aldridge,Martell Webster,1,10:26,PHX,shot,,,,,,,,,,Amare Stoudemire,,,,missed,,jump,38,19
Amare Stoudemire,Channing Frye,Goran Dragic,Grant Hill,Steve Nash,Andre Miller,Brandon Roy,Joel Przybilla,LaMarcus Aldridge,Martell Webster,1,10:26,POR,rebound,,,,,,,,,,Brandon Roy,,,,,,def,,
Amare Stoudemire,Channing Frye,Goran Dragic,Grant Hill,Steve Nash,Andre Miller,Brandon Roy,Joel Przybilla,LaMarcus Aldridge,Martell Webster,1,10:09,POR,shot,,,,,,,,,,LaMarcus Aldridge,,,,missed,,turnaround fade away,36,17
Amare Stoudemire,Channing Frye,Goran Dragic,Grant Hill,Steve Nash,Andre Miller,Brandon Roy,Joel Przybilla,LaMarcus Aldridge,Martell Webster,1,10:08,PHX,rebound,,,,,,,,,,Amare Stoudemire,,,,,,def,,
Amare Stoudemire,Channing Frye,Goran Dragic,Grant Hill,Steve Nash,Andre Miller,Brandon Roy,Joel Przybilla,LaMarcus Aldridge,Martell Webster,1,9:56,PHX,shot,,,,,,,,,,Channing Frye,,,,missed,,layup,25,6
Amare Stoudemire,Channing Frye,Goran Dragic,Grant Hill,Steve Nash,Andre Miller,Brandon Roy,Joel Przybilla,LaMarcus Aldridge,Martell Webster,1,9:56,POR,rebound,,,,,,,,,,Joel Przybilla,,,,,,def,,
Amare Stoudemire,Channing Frye,Goran Dragic,Grant Hill,Steve Nash,Andre Miller,Brandon Roy,Joel Przybilla,LaMarcus Aldridge,Martell Webster,1,9:49,POR,shot,Andre Miller,,,,,,,,,LaMarcus Aldridge,2,,,made,,layup,25,6
Amare Stoudemire,Channing Frye,Goran Dragic,Grant Hill,Steve Nash,Andre Miller,Brandon Roy,Joel Przybilla,LaMarcus Aldridge,Martell Webster,1,9:37,PHX,shot,,,,,,,,,,Channing Frye,,,,missed,,3pt,34,29
Amare Stoudemire,Channing Frye,Goran Dragic,Grant Hill,Steve Nash,Andre Miller,Brandon Roy,Joel Przybilla,LaMarcus Aldridge,Martell Webster,1,9:36,POR,rebound,,,,,,,,,,Joel Przybilla,,,,,,def,,
Amare Stoudemire,Channing Frye,Goran Dragic,Grant Hill,Steve Nash,Andre Miller,Brandon Roy,Joel Przybilla,LaMarcus Aldridge,Martell Webster,1,9:18,POR,shot,,,,,,,,,,LaMarcus Aldridge,,,,missed,,turnaround jump,34,10
Amare Stoudemire,Channing Frye,Goran Dragic,Grant Hill,Steve Nash,Andre Miller,Brandon Roy,Joel Przybilla,LaMarcus Aldridge,Martell Webster,1,9:17,PHX,rebound,,,,,,,,,,Channing Frye,,,,,,def,,
Amare Stoudemire,Channing Frye,Goran Dragic,Grant Hill,Steve Nash,Andre Miller,Brandon Roy,Joel Przybilla,LaMarcus Aldridge,Martell Webster,1,9:10,PHX,shot,,,,,,,,,,Goran Dragic,,,,missed,,3pt,48,5
Amare Stoudemire,Channing Frye,Goran Dragic,Grant Hill,Steve Nash,Andre Miller,Brandon Roy,Joel Przybilla,LaMarcus Aldridge,Martell Webster,1,9:07,PHX,rebound,,,,,,,,,,Steve Nash,,,,,,off,,
Amare Stoudemire,Channing Frye,Goran Dragic,Grant Hill,Steve Nash,Andre Miller,Brandon Roy,Joel Przybilla,LaMarcus Aldridge,Martell Webster,1,9:01,PHX,shot,,,,,,,,,,Steve Nash,,,,missed,,3pt,11,26
Amare Stoudemire,Channing Frye,Goran Dragic,Grant Hill,Steve Nash,Andre Miller,Brandon Roy,Joel Przybilla,LaMarcus Aldridge,Martell Webster,1,9:00,POR,rebound,,,,,,,,,,Joel Przybilla,,,,,,def,,
Amare Stoudemire,Channing Frye,Goran Dragic,Grant Hill,Steve Nash,Andre Miller,Brandon Roy,Joel Przybilla,LaMarcus Aldridge,Martell Webster,1,8:52,POR,shot,,,,,,,,,,Andre Miller,,,,missed,,jump,16,21
Amare Stoudemire,Channing Frye,Goran Dragic,Grant Hill,Steve Nash,Andre Miller,Brandon Roy,Joel Przybilla,LaMarcus Aldridge,Martell Webster,1,8:52,PHX,rebound,,,,,,,,,,Steve Nash,,,,,,def,,
Amare Stoudemire,Channing Frye,Goran Dragic,Grant Hill,Steve Nash,Andre Miller,Brandon Roy,Joel Przybilla,LaMarcus Aldridge,Martell Webster,1,8:45,PHX,shot,Steve Nash,,,,,,,,,Grant Hill,2,,,made,,layup,25,6
Amare Stoudemire,Channing Frye,Goran Dragic,Grant Hill,Steve Nash,Andre Miller,Brandon Roy,Joel Przybilla,LaMarcus Aldridge,Martell Webster,1,8:28,PHX,foul,,,,,,,,Andre Miller,,Steve Nash,,,,,,shooting,,
Amare Stoudemire,Channing Frye,Goran Dragic,Grant Hill,Steve Nash,Andre Miller,Brandon Roy,Joel Przybilla,LaMarcus Aldridge,Steve Blake,1,8:28,POR,sub,,,,Steve Blake,,Martell Webster,,,,,,,,,,,,
Amare Stoudemire,Channing Frye,Goran Dragic,Grant Hill,Steve Nash,Andre Miller,Brandon Roy,Joel Przybilla,LaMarcus Aldridge,Steve Blake,1,8:28,POR,free throw,,,,,,,1,,2,Andre Miller,,,foul,missed,,,,
Amare Stoudemire,Channing Frye,Goran Dragic,Grant Hill,Steve Nash,Andre Miller,Brandon Roy,Joel Przybilla,LaMarcus Aldridge,Steve Blake,1,8:28,POR,rebound,,,,,,,,,,,,,,,,,,
Amare Stoudemire,Channing Frye,Goran Dragic,Grant Hill,Steve Nash,Andre Miller,Brandon Roy,Joel Przybilla,LaMarcus Aldridge,Steve Blake,1,8:28,POR,free throw,,,,,,,2,,2,Andre Miller,,,foul,made,,,,
Amare Stoudemire,Channing Frye,Goran Dragic,Grant Hill,Steve Nash,Andre Miller,Brandon Roy,Joel Przybilla,LaMarcus Aldridge,Steve Blake,1,8:14,PHX,shot,,,,,,,,,,Steve Nash,2,,,made,,driving reverse layup,25,6
Amare Stoudemire,Channing Frye,Goran Dragic,Grant Hill,Steve Nash,Andre Miller,Brandon Roy,Joel Przybilla,LaMarcus Aldridge,Steve Blake,1,8:00,POR,shot,,,,,,,,,,Andre Miller,2,,,made,,jump,17,15
Amare Stoudemire,Channing Frye,Goran Dragic,Grant Hill,Steve Nash,Andre Miller,Brandon Roy,Joel Przybilla,LaMarcus Aldridge,Steve Blake,1,8:00,PHX,foul,,,,,,,,Andre Miller,,Goran Dragic,,,,,,shooting,,
Amare Stoudemire,Channing Frye,Goran Dragic,Grant Hill,Steve Nash,Andre Miller,Brandon Roy,Joel Przybilla,LaMarcus Aldridge,Steve Blake,1,8:00,POR,free throw,,,,,,,1,,1,Andre Miller,,,foul,made,,,,
Amare Stoudemire,Channing Frye,Goran Dragic,Grant Hill,Steve Nash,Andre Miller,Brandon Roy,Joel Przybilla,LaMarcus Aldridge,Steve Blake,1,7:43,POR,foul,,,,,,,,Grant Hill,,Brandon Roy,,,,,,personal,,
Amare Stoudemire,Channing Frye,Goran Dragic,Grant Hill,Steve Nash,Andre Miller,Brandon Roy,Joel Przybilla,LaMarcus Aldridge,Steve Blake,1,7:37,PHX,shot,Steve Nash,,,,,,,,,Grant Hill,2,,,made,,jump,7,8
Amare Stoudemire,Channing Frye,Goran Dragic,Grant Hill,Steve Nash,Andre Miller,Brandon Roy,Joel Przybilla,LaMarcus Aldridge,Steve Blake,1,7:18,POR,shot,,,,,,,,,,Brandon Roy,,,,missed,,jump,22,26
Amare Stoudemire,Channing Frye,Goran Dragic,Grant Hill,Steve Nash,Andre Miller,Brandon Roy,Joel Przybilla,LaMarcus Aldridge,Steve Blake,1,7:18,PHX,rebound,,,,,,,,,,Goran Dragic,,,,,,def,,
Amare Stoudemire,Channing Frye,Goran Dragic,Grant Hill,Steve Nash,Andre Miller,Brandon Roy,Joel Przybilla,LaMarcus Aldridge,Steve Blake,1,7:12,PHX,shot,,,,,,,,,,Grant Hill,,,,missed,,layup,25,6
Amare Stoudemire,Channing Frye,Goran Dragic,Grant Hill,Steve Nash,Andre Miller,Brandon Roy,Joel Przybilla,LaMarcus Aldridge,Steve Blake,1,7:11,PHX,rebound,,,,,,,,,,Grant Hill,,,,,,off,,
Amare Stoudemire,Channing Frye,Goran Dragic,Grant Hill,Steve Nash,Andre Miller,Brandon Roy,Joel Przybilla,LaMarcus Aldridge,Steve Blake,1,7:11,PHX,shot,,,,,,,,,,Grant Hill,2,,,made,,tip,25,6
Amare Stoudemire,Channing Frye,Goran Dragic,Grant Hill,Steve Nash,Andre Miller,Brandon Roy,Joel Przybilla,LaMarcus Aldridge,Steve Blake,1,6:46,POR,turnover,,,,,,,,,,Steve Blake,,,lost ball,,Grant Hill,,,
Amare Stoudemire,Channing Frye,Goran Dragic,Grant Hill,Steve Nash,Andre Miller,Brandon Roy,Joel Przybilla,LaMarcus Aldridge,Steve Blake,1,6:30,PHX,shot,Steve Nash,,,,,,,,,Goran Dragic,3,,,made,,3pt,48,5
Amare Stoudemire,Channing Frye,Goran Dragic,Grant Hill,Steve Nash,Andre Miller,Brandon Roy,Joel Przybilla,LaMarcus Aldridge,Steve Blake,1,6:19,PHX,foul,,,,,,,,LaMarcus Aldridge,,Goran Dragic,,,,,,personal,,
Amare Stoudemire,Channing Frye,Grant Hill,Jared Dudley,Steve Nash,Andre Miller,Brandon Roy,Joel Przybilla,LaMarcus Aldridge,Steve Blake,1,6:19,PHX,sub,,,,Jared Dudley,,Goran Dragic,,,,,,,,,,,,
Amare Stoudemire,Channing Frye,Grant Hill,Jared Dudley,Steve Nash,Andre Miller,Brandon Roy,Joel Przybilla,LaMarcus Aldridge,Steve Blake,1,6:08,POR,shot,,,Amare Stoudemire,,,,,,,Brandon Roy,,,,missed,,layup,25,6
Amare Stoudemire,Channing Frye,Grant Hill,Jared Dudley,Steve Nash,Andre Miller,Brandon Roy,Joel Przybilla,LaMarcus Aldridge,Steve Blake,1,6:05,PHX,rebound,,,,,,,,,,Amare Stoudemire,,,,,,def,,
Amare Stoudemire,Channing Frye,Grant Hill,Jared Dudley,Steve Nash,Andre Miller,Brandon Roy,Joel Przybilla,LaMarcus Aldridge,Steve Blake,1,6:03,PHX,shot,,,,,,,,,,Grant Hill,2,,,made,,driving layup,25,6
Amare Stoudemire,Channing Frye,Grant Hill,Jared Dudley,Steve Nash,Andre Miller,Brandon Roy,Joel Przybilla,LaMarcus Aldridge,Steve Blake,1,6:03,POR,foul,,,,,,,,Grant Hill,,Andre Miller,,,,,,shooting,,
Amare Stoudemire,Channing Frye,Grant Hill,Jared Dudley,Steve Nash,Andre Miller,Brandon Roy,Joel Przybilla,LaMarcus Aldridge,Steve Blake,1,6:03,PHX,free throw,,,,,,,1,,1,Grant Hill,,,foul,missed,,,,
Amare Stoudemire,Channing Frye,Grant Hill,Jared Dudley,Steve Nash,Andre Miller,Brandon Roy,Joel Przybilla,LaMarcus Aldridge,Steve Blake,1,5:56,POR,rebound,,,,,,,,,,Joel Przybilla,,,,,,def,,
Amare Stoudemire,Channing Frye,Grant Hill,Jared Dudley,Steve Nash,Andre Miller,Brandon Roy,Joel Przybilla,LaMarcus Aldridge,Steve Blake,1,5:49,POR,shot,Andre Miller,,,,,,,,,Steve Blake,3,,,made,,3pt,47,10
Amare Stoudemire,Channing Frye,Grant Hill,Jared Dudley,Steve Nash,Andre Miller,Brandon Roy,Joel Przybilla,LaMarcus Aldridge,Steve Blake,1,5:37,PHX,shot,,,,,,,,,,Steve Nash,2,,,made,,reverse layup,25,6
Amare Stoudemire,Channing Frye,Grant Hill,Jared Dudley,Steve Nash,Andre Miller,Brandon Roy,Joel Przybilla,LaMarcus Aldridge,Steve Blake,1,5:16,POR,shot,,,,,,,,,,Steve Blake,,,,missed,,3pt,41,24
Amare Stoudemire,Channing Frye,Grant Hill,Jared Dudley,Steve Nash,Andre Miller,Brandon Roy,Joel Przybilla,LaMarcus Aldridge,Steve Blake,1,5:14,PHX,rebound,,,,,,,,,,Jared Dudley,,,,,,def,,
Amare Stoudemire,Channing Frye,Grant Hill,Jared Dudley,Steve Nash,Andre Miller,Brandon Roy,Joel Przybilla,LaMarcus Aldridge,Steve Blake,1,5:10,PHX,shot,Steve Nash,,,,,,,,,Grant Hill,2,,,made,,driving layup,25,6
Amare Stoudemire,Channing Frye,Grant Hill,Jared Dudley,Steve Nash,Andre Miller,Brandon Roy,Joel Przybilla,LaMarcus Aldridge,Steve Blake,1,5:07,POR,timeout,,,,,,,,,,,,,,,,regular,,
Amare Stoudemire,Channing Frye,Grant Hill,Jared Dudley,Steve Nash,Andre Miller,Brandon Roy,Joel Przybilla,LaMarcus Aldridge,Steve Blake,1,4:45,POR,shot,Andre Miller,,,,,,,,,Joel Przybilla,2,,,made,,layup,25,6
Amare Stoudemire,Channing Frye,Grant Hill,Jared Dudley,Steve Nash,Andre Miller,Brandon Roy,Joel Przybilla,LaMarcus Aldridge,Steve Blake,1,4:27,PHX,shot,,,,,,,,,,Amare Stoudemire,2,,,made,,driving layup,25,6
Amare Stoudemire,Channing Frye,Grant Hill,Jared Dudley,Steve Nash,Andre Miller,Brandon Roy,Joel Przybilla,LaMarcus Aldridge,Steve Blake,1,4:05,POR,shot,,,,,,,,,,LaMarcus Aldridge,,,,missed,,turnaround bank,31,9
Amare Stoudemire,Channing Frye,Grant Hill,Jared Dudley,Steve Nash,Andre Miller,Brandon Roy,Joel Przybilla,LaMarcus Aldridge,Steve Blake,1,4:04,PHX,rebound,,,,,,,,,,Jared Dudley,,,,,,def,,
Amare Stoudemire,Channing Frye,Grant Hill,Jared Dudley,Steve Nash,Andre Miller,Brandon Roy,Joel Przybilla,LaMarcus Aldridge,Steve Blake,1,3:55,PHX,shot,,,,,,,,,,Grant Hill,,,,missed,,jump,45,6
Amare Stoudemire,Channing Frye,Grant Hill,Jared Dudley,Steve Nash,Andre Miller,Brandon Roy,Joel Przybilla,LaMarcus Aldridge,Steve Blake,1,3:55,POR,rebound,,,,,,,,,,LaMarcus Aldridge,,,,,,def,,
Amare Stoudemire,Channing Frye,Grant Hill,Jared Dudley,Steve Nash,Andre Miller,Brandon Roy,Joel Przybilla,LaMarcus Aldridge,Steve Blake,1,3:52,POR,turnover,,,,,,,,,,LaMarcus Aldridge,,,bad pass,,Steve Nash,,,
Amare Stoudemire,Channing Frye,Grant Hill,Jared Dudley,Steve Nash,Andre Miller,Brandon Roy,Joel Przybilla,LaMarcus Aldridge,Steve Blake,1,3:46,POR,foul,,,,,,,,Amare Stoudemire,,LaMarcus Aldridge,,,,,,shooting,,
Amare Stoudemire,Channing Frye,Grant Hill,Jared Dudley,Steve Nash,Andre Miller,Brandon Roy,Joel Przybilla,LaMarcus Aldridge,Steve Blake,1,3:46,PHX,free throw,,,,,,,1,,2,Amare Stoudemire,,,foul,made,,,,
Amare Stoudemire,Channing Frye,Grant Hill,Jared Dudley,Steve Nash,Brandon Roy,Joel Przybilla,LaMarcus Aldridge,Martell Webster,Steve Blake,1,3:46,POR,sub,,,,Martell Webster,,Andre Miller,,,,,,,,,,,,
Amare Stoudemire,Channing Frye,Grant Hill,Jared Dudley,Steve Nash,Brandon Roy,Dante Cunningham,LaMarcus Aldridge,Martell Webster,Steve Blake,1,3:46,POR,sub,,,,Dante Cunningham,,Joel Przybilla,,,,,,,,,,,,
Amare Stoudemire,Channing Frye,Grant Hill,Jared Dudley,Steve Nash,Brandon Roy,Dante Cunningham,LaMarcus Aldridge,Martell Webster,Steve Blake,1,3:46,PHX,free throw,,,,,,,2,,2,Amare Stoudemire,,,foul,missed,,,,
Amare Stoudemire,Channing Frye,Grant Hill,Jared Dudley,Steve Nash,Brandon Roy,Dante Cunningham,LaMarcus Aldridge,Martell Webster,Steve Blake,1,3:45,PHX,rebound,,,,,,,,,,Channing Frye,,,,,,off,,
Amare Stoudemire,Channing Frye,Grant Hill,Jared Dudley,Steve Nash,Brandon Roy,Dante Cunningham,LaMarcus Aldridge,Martell Webster,Steve Blake,1,3:38,PHX,turnover,,,,,,,,,,Jared Dudley,,,traveling,,,,,
Amare Stoudemire,Channing Frye,Grant Hill,Jared Dudley,Steve Nash,Brandon Roy,Dante Cunningham,LaMarcus Aldridge,Martell Webster,Steve Blake,1,3:27,POR,shot,,,,,,,,,,Dante Cunningham,,,,missed,,jump,38,10
Amare Stoudemire,Channing Frye,Grant Hill,Jared Dudley,Steve Nash,Brandon Roy,Dante Cunningham,LaMarcus Aldridge,Martell Webster,Steve Blake,1,3:27,PHX,rebound,,,,,,,,,,Steve Nash,,,,,,def,,
Amare Stoudemire,Channing Frye,Grant Hill,Jared Dudley,Steve Nash,Brandon Roy,Dante Cunningham,LaMarcus Aldridge,Martell Webster,Steve Blake,1,3:19,PHX,shot,,,,,,,,,,Jared Dudley,,,,missed,,3pt,23,31
Amare Stoudemire,Channing Frye,Grant Hill,Jared Dudley,Steve Nash,Brandon Roy,Dante Cunningham,LaMarcus Aldridge,Martell Webster,Steve Blake,1,3:18,PHX,rebound,,,,,,,,,,Grant Hill,,,,,,off,,
Amare Stoudemire,Channing Frye,Grant Hill,Jared Dudley,Steve Nash,Brandon Roy,Dante Cunningham,LaMarcus Aldridge,Martell Webster,Steve Blake,1,3:08,PHX,turnover,,,,,,,,,,Steve Nash,,,bad pass,,Dante Cunningham,,,
Amare Stoudemire,Channing Frye,Grant Hill,Jared Dudley,Steve Nash,Brandon Roy,Dante Cunningham,LaMarcus Aldridge,Martell Webster,Steve Blake,1,2:55,POR,shot,,,,,,,,,,LaMarcus Aldridge,2,,,made,,turnaround jump,33,11
Amare Stoudemire,Channing Frye,Grant Hill,Jared Dudley,Steve Nash,Brandon Roy,Dante Cunningham,LaMarcus Aldridge,Martell Webster,Steve Blake,1,2:35,PHX,shot,Steve Nash,,,,,,,,,Channing Frye,3,,,made,,3pt,24,30
Amare Stoudemire,Channing Frye,Grant Hill,Jared Dudley,Steve Nash,Brandon Roy,Dante Cunningham,LaMarcus Aldridge,Martell Webster,Steve Blake,1,2:10,POR,shot,,,,,,,,,,Dante Cunningham,,,,missed,,jump bank,17,9
Amare Stoudemire,Channing Frye,Grant Hill,Jared Dudley,Steve Nash,Brandon Roy,Dante Cunningham,LaMarcus Aldridge,Martell Webster,Steve Blake,1,2:10,PHX,rebound,,,,,,,,,,Amare Stoudemire,,,,,,def,,
Amare Stoudemire,Channing Frye,Grant Hill,Jared Dudley,Steve Nash,Brandon Roy,Dante Cunningham,LaMarcus Aldridge,Martell Webster,Steve Blake,1,2:06,POR,foul,,,,,,,,Grant Hill,,Dante Cunningham,,,,,,personal,,
Amare Stoudemire,Channing Frye,Grant Hill,Jared Dudley,Steve Nash,Brandon Roy,Dante Cunningham,LaMarcus Aldridge,Martell Webster,Steve Blake,1,2:06,PHX,timeout,,,,,,,,,,,,,,,,regular,,
Amare Stoudemire,Channing Frye,Grant Hill,Jared Dudley,Steve Nash,Dante Cunningham,Jerryd Bayless,LaMarcus Aldridge,Martell Webster,Steve Blake,1,2:06,POR,sub,,,,Jerryd Bayless,,Brandon Roy,,,,,,,,,,,,
Amare Stoudemire,Channing Frye,Grant Hill,Jared Dudley,Steve Nash,Dante Cunningham,Jerryd Bayless,LaMarcus Aldridge,Martell Webster,Steve Blake,1,2:06,PHX,free throw,,,,,,,1,,2,Grant Hill,,,foul,missed,,,,
Amare Stoudemire,Channing Frye,Grant Hill,Jared Dudley,Steve Nash,Dante Cunningham,Jerryd Bayless,LaMarcus Aldridge,Martell Webster,Steve Blake,1,2:06,PHX,rebound,,,,,,,,,,,,,,,,,,
Amare Stoudemire,Channing Frye,Grant Hill,Jared Dudley,Steve Nash,Dante Cunningham,Jerryd Bayless,LaMarcus Aldridge,Martell Webster,Steve Blake,1,2:06,PHX,free throw,,,,,,,2,,2,Grant Hill,,,foul,made,,,,
Amare Stoudemire,Channing Frye,Grant Hill,Jared Dudley,Steve Nash,Dante Cunningham,Jerryd Bayless,LaMarcus Aldridge,Martell Webster,Steve Blake,1,1:46,POR,shot,,,,,,,,,,Jerryd Bayless,2,,,made,,jump,26,25
Amare Stoudemire,Channing Frye,Grant Hill,Jared Dudley,Steve Nash,Dante Cunningham,Jerryd Bayless,LaMarcus Aldridge,Martell Webster,Steve Blake,1,1:25,PHX,shot,,,,,,,,,,Amare Stoudemire,,,,missed,,driving hook,25,9
Amare Stoudemire,Channing Frye,Grant Hill,Jared Dudley,Steve Nash,Dante Cunningham,Jerryd Bayless,LaMarcus Aldridge,Martell Webster,Steve Blake,1,1:23,PHX,rebound,,,,,,,,,,Amare Stoudemire,,,,,,off,,
Amare Stoudemire,Channing Frye,Grant Hill,Jared Dudley,Steve Nash,Dante Cunningham,Jerryd Bayless,LaMarcus Aldridge,Martell Webster,Steve Blake,1,1:11,PHX,shot,,,,,,,,,,Grant Hill,2,,,made,,turnaround jump,17,10
Amare Stoudemire,Channing Frye,Grant Hill,Jared Dudley,Steve Nash,Dante Cunningham,Jerryd Bayless,LaMarcus Aldridge,Martell Webster,Steve Blake,1,0:55,PHX,foul,,,,,,,,LaMarcus Aldridge,,Jared Dudley,,,,,,shooting,,
Amare Stoudemire,Channing Frye,Goran Dragic,Jared Dudley,Steve Nash,Dante Cunningham,Jerryd Bayless,LaMarcus Aldridge,Martell Webster,Steve Blake,1,0:55,PHX,sub,,,,Goran Dragic,,Grant Hill,,,,,,,,,,,,
Channing Frye,Goran Dragic,Jared Dudley,Louis Amundson,Steve Nash,Dante Cunningham,Jerryd Bayless,LaMarcus Aldridge,Martell Webster,Steve Blake,1,0:55,PHX,sub,,,,Louis Amundson,,Amare Stoudemire,,,,,,,,,,,,
Channing Frye,Earl Clark,Goran Dragic,Jared Dudley,Louis Amundson,Dante Cunningham,Jerryd Bayless,LaMarcus Aldridge,Martell Webster,Steve Blake,1,0:55,PHX,sub,,,,Earl Clark,,Steve Nash,,,,,,,,,,,,
Channing Frye,Earl Clark,Goran Dragic,Jared Dudley,Louis Amundson,Dante Cunningham,Jerryd Bayless,LaMarcus Aldridge,Martell Webster,Steve Blake,1,0:55,POR,free throw,,,,,,,1,,2,LaMarcus Aldridge,,,foul,made,,,,
Channing Frye,Earl Clark,Goran Dragic,Jared Dudley,Louis Amundson,Dante Cunningham,Jerryd Bayless,LaMarcus Aldridge,Martell Webster,Steve Blake,1,0:55,POR,free throw,,,,,,,2,,2,LaMarcus Aldridge,,,foul,made,,,,
Channing Frye,Earl Clark,Goran Dragic,Jared Dudley,Louis Amundson,Dante Cunningham,Jerryd Bayless,LaMarcus Aldridge,Martell Webster,Steve Blake,1,0:43,POR,foul,,,,,,,,Channing Frye,,Dante Cunningham,,,,,,shooting,,
Channing Frye,Earl Clark,Goran Dragic,Jared Dudley,Louis Amundson,Dante Cunningham,Jerryd Bayless,LaMarcus Aldridge,Martell Webster,Steve Blake,1,0:43,PHX,free throw,,,,,,,1,,2,Channing Frye,,,foul,made,,,,
Channing Frye,Earl Clark,Goran Dragic,Jared Dudley,Louis Amundson,Dante Cunningham,Jerryd Bayless,LaMarcus Aldridge,Martell Webster,Steve Blake,1,0:43,PHX,free throw,,,,,,,2,,2,Channing Frye,,,foul,made,,,,
Channing Frye,Earl Clark,Goran Dragic,Jared Dudley,Louis Amundson,Dante Cunningham,Jerryd Bayless,LaMarcus Aldridge,Martell Webster,Steve Blake,1,0:29,POR,shot,,,,,,,,,,Martell Webster,,,,missed,,pullup jump,11,17
Channing Frye,Earl Clark,Goran Dragic,Jared Dudley,Louis Amundson,Dante Cunningham,Jerryd Bayless,LaMarcus Aldridge,Martell Webster,Steve Blake,1,0:29,POR,rebound,,,,,,,,,,,,,,,,,,
Channing Frye,Earl Clark,Goran Dragic,Jared Dudley,Louis Amundson,Dante Cunningham,Jerryd Bayless,LaMarcus Aldridge,Martell Webster,Steve Blake,1,0:21,PHX,foul,,,,,,,,Jerryd Bayless,,Channing Frye,,,,,,personal,,
Channing Frye,Earl Clark,Goran Dragic,Jared Dudley,Louis Amundson,Dante Cunningham,Jerryd Bayless,LaMarcus Aldridge,Martell Webster,Steve Blake,1,0:21,POR,free throw,,,,,,,1,,2,Jerryd Bayless,,,foul,made,,,,
Channing Frye,Earl Clark,Goran Dragic,Jared Dudley,Louis Amundson,Dante Cunningham,Jerryd Bayless,LaMarcus Aldridge,Martell Webster,Steve Blake,1,0:21,POR,free throw,,,,,,,2,,2,Jerryd Bayless,,,foul,made,,,,
Channing Frye,Earl Clark,Goran Dragic,Jared Dudley,Louis Amundson,Dante Cunningham,Jerryd Bayless,LaMarcus Aldridge,Martell Webster,Steve Blake,1,0:05,PHX,turnover,,,,,,,,,,Goran Dragic,,,bad pass,,LaMarcus Aldridge,,,
Channing Frye,Earl Clark,Goran Dragic,Jared Dudley,Louis Amundson,Dante Cunningham,Jerryd Bayless,LaMarcus Aldridge,Martell Webster,Steve Blake,1,0:01,POR,shot,,,,,,,,,,Jerryd Bayless,2,,,made,,driving layup,25,6
Channing Frye,Earl Clark,Goran Dragic,Jared Dudley,Louis Amundson,Jerryd Bayless,Juwan Howard,LaMarcus Aldridge,Martell Webster,Steve Blake,2,11:46,POR,shot,,,,,,,,,,Jerryd Bayless,2,,,made,,pullup jump,18,26
Channing Frye,Earl Clark,Goran Dragic,Jared Dudley,Louis Amundson,Jerryd Bayless,Juwan Howard,LaMarcus Aldridge,Martell Webster,Steve Blake,2,11:32,PHX,shot,Channing Frye,,,,,,,,,Goran Dragic,2,,,made,,driving layup,25,6
Channing Frye,Earl Clark,Goran Dragic,Jared Dudley,Louis Amundson,Jerryd Bayless,Juwan Howard,LaMarcus Aldridge,Martell Webster,Steve Blake,2,11:16,POR,shot,,,,,,,,,,LaMarcus Aldridge,,,,missed,,jump,37,19
Channing Frye,Earl Clark,Goran Dragic,Jared Dudley,Louis Amundson,Jerryd Bayless,Juwan Howard,LaMarcus Aldridge,Martell Webster,Steve Blake,2,11:14,PHX,rebound,,,,,,,,,,Louis Amundson,,,,,,def,,
Channing Frye,Earl Clark,Goran Dragic,Jared Dudley,Louis Amundson,Jerryd Bayless,Juwan Howard,LaMarcus Aldridge,Martell Webster,Steve Blake,2,10:57,PHX,shot,,,,,,,,,,Goran Dragic,,,,missed,,3pt,16,29
Channing Frye,Earl Clark,Goran Dragic,Jared Dudley,Louis Amundson,Jerryd Bayless,Juwan Howard,LaMarcus Aldridge,Martell Webster,Steve Blake,2,10:55,POR,rebound,,,,,,,,,,Martell Webster,,,,,,def,,
Channing Frye,Earl Clark,Goran Dragic,Jared Dudley,Louis Amundson,Jerryd Bayless,Juwan Howard,LaMarcus Aldridge,Martell Webster,Steve Blake,2,10:51,POR,shot,Jerryd Bayless,,,,,,,,,LaMarcus Aldridge,2,,,made,,dunk,25,6
Channing Frye,Earl Clark,Goran Dragic,Jared Dudley,Louis Amundson,Jerryd Bayless,Juwan Howard,LaMarcus Aldridge,Martell Webster,Steve Blake,2,10:28,PHX,shot,,,,,,,,,,Earl Clark,,,,missed,,running layup,23,8
Channing Frye,Earl Clark,Goran Dragic,Jared Dudley,Louis Amundson,Jerryd Bayless,Juwan Howard,LaMarcus Aldridge,Martell Webster,Steve Blake,2,10:25,PHX,rebound,,,,,,,,,,Jared Dudley,,,,,,off,,
Channing Frye,Earl Clark,Goran Dragic,Jared Dudley,Louis Amundson,Jerryd Bayless,Juwan Howard,LaMarcus Aldridge,Martell Webster,Steve Blake,2,10:21,POR,foul,,,,,,,,Jared Dudley,,Juwan Howard,,,,,,personal,,
Amare Stoudemire,Earl Clark,Goran Dragic,Jared Dudley,Louis Amundson,Jerryd Bayless,Juwan Howard,LaMarcus Aldridge,Martell Webster,Steve Blake,2,10:21,PHX,sub,,,,Amare Stoudemire,,Channing Frye,,,,,,,,,,,,
Amare Stoudemire,Earl Clark,Goran Dragic,Jared Dudley,Louis Amundson,Jerryd Bayless,Joel Przybilla,Juwan Howard,Martell Webster,Steve Blake,2,10:21,POR,sub,,,,Joel Przybilla,,LaMarcus Aldridge,,,,,,,,,,,,
Amare Stoudemire,Earl Clark,Goran Dragic,Jared Dudley,Louis Amundson,Brandon Roy,Jerryd Bayless,Joel Przybilla,Juwan Howard,Steve Blake,2,10:21,POR,sub,,,,Brandon Roy,,Martell Webster,,,,,,,,,,,,
Amare Stoudemire,Earl Clark,Goran Dragic,Jared Dudley,Louis Amundson,Brandon Roy,Jerryd Bayless,Joel Przybilla,Juwan Howard,Steve Blake,2,10:15,PHX,shot,,,Joel Przybilla,,,,,,,Jared Dudley,,,,missed,,driving layup,25,6
Amare Stoudemire,Earl Clark,Goran Dragic,Jared Dudley,Louis Amundson,Brandon Roy,Jerryd Bayless,Joel Przybilla,Juwan Howard,Steve Blake,2,10:14,PHX,rebound,,,,,,,,,,,,,,,,,,
Amare Stoudemire,Earl Clark,Goran Dragic,Jared Dudley,Louis Amundson,Brandon Roy,Jerryd Bayless,Joel Przybilla,Juwan Howard,Steve Blake,2,10:10,POR,foul,,,,,,,,Jared Dudley,,Jerryd Bayless,,,,,,personal,,
Amare Stoudemire,Earl Clark,Goran Dragic,Jared Dudley,Louis Amundson,Brandon Roy,Jerryd Bayless,Joel Przybilla,Juwan Howard,Steve Blake,2,10:02,PHX,shot,Goran Dragic,,,,,,,,,Amare Stoudemire,2,,,made,,jump,29,27
Amare Stoudemire,Earl Clark,Goran Dragic,Jared Dudley,Louis Amundson,Brandon Roy,Jerryd Bayless,Joel Przybilla,Juwan Howard,Steve Blake,2,9:56,PHX,foul,,,,,,,,Jerryd Bayless,,Louis Amundson,,,,,,shooting,,
Amare Stoudemire,Earl Clark,Goran Dragic,Jared Dudley,Louis Amundson,Brandon Roy,Jerryd Bayless,Joel Przybilla,Juwan Howard,Steve Blake,2,9:56,POR,free throw,,,,,,,1,,2,Jerryd Bayless,,,foul,missed,,,,
Amare Stoudemire,Earl Clark,Goran Dragic,Jared Dudley,Louis Amundson,Brandon Roy,Jerryd Bayless,Joel Przybilla,Juwan Howard,Steve Blake,2,9:56,POR,rebound,,,,,,,,,,,,,,,,,,
Amare Stoudemire,Earl Clark,Goran Dragic,Jared Dudley,Louis Amundson,Brandon Roy,Jerryd Bayless,Joel Przybilla,Juwan Howard,Steve Blake,2,9:56,POR,free throw,,,,,,,2,,2,Jerryd Bayless,,,foul,made,,,,
Amare Stoudemire,Earl Clark,Goran Dragic,Jared Dudley,Louis Amundson,Brandon Roy,Jerryd Bayless,Joel Przybilla,Juwan Howard,Steve Blake,2,9:38,PHX,shot,,,,,,,,,,Earl Clark,,,,missed,,jump,43,12
Amare Stoudemire,Earl Clark,Goran Dragic,Jared Dudley,Louis Amundson,Brandon Roy,Jerryd Bayless,Joel Przybilla,Juwan Howard,Steve Blake,2,9:37,POR,rebound,,,,,,,,,,Joel Przybilla,,,,,,def,,
Amare Stoudemire,Earl Clark,Goran Dragic,Jared Dudley,Louis Amundson,Brandon Roy,Jerryd Bayless,Joel Przybilla,Juwan Howard,Steve Blake,2,9:29,POR,shot,Jerryd Bayless,,,,,,,,,Steve Blake,3,,,made,,3pt,48,6
Amare Stoudemire,Earl Clark,Goran Dragic,Jared Dudley,Louis Amundson,Brandon Roy,Jerryd Bayless,Joel Przybilla,Juwan Howard,Steve Blake,2,9:15,PHX,shot,,,Steve Blake,,,,,,,Louis Amundson,,,,missed,,layup,25,6
Amare Stoudemire,Earl Clark,Goran Dragic,Jared Dudley,Louis Amundson,Brandon Roy,Jerryd Bayless,Joel Przybilla,Juwan Howard,Steve Blake,2,9:15,PHX,rebound,,,,,,,,,,,,,,,,,,
Amare Stoudemire,Earl Clark,Goran Dragic,Jared Dudley,Louis Amundson,Brandon Roy,Jerryd Bayless,Joel Przybilla,Juwan Howard,Steve Blake,2,9:13,PHX,shot,,,,,,,,,,Goran Dragic,,,,missed,,jump,8,7
Amare Stoudemire,Earl Clark,Goran Dragic,Jared Dudley,Louis Amundson,Brandon Roy,Jerryd Bayless,Joel Przybilla,Juwan Howard,Steve Blake,2,9:12,PHX,rebound,,,,,,,,,,,,,,,,,,
Amare Stoudemire,Earl Clark,Goran Dragic,Jared Dudley,Louis Amundson,Brandon Roy,Jerryd Bayless,Joel Przybilla,Juwan Howard,Steve Blake,2,9:12,POR,foul,,,,,,,,Earl Clark,,Brandon Roy,,,,,,loose ball,,
Amare Stoudemire,Earl Clark,Goran Dragic,Jared Dudley,Louis Amundson,Brandon Roy,Jerryd Bayless,Joel Przybilla,Juwan Howard,Steve Blake,2,9:06,PHX,shot,,,,,,,,,,Amare Stoudemire,,,,missed,,jump bank,18,14
Amare Stoudemire,Earl Clark,Goran Dragic,Jared Dudley,Louis Amundson,Brandon Roy,Jerryd Bayless,Joel Przybilla,Juwan Howard,Steve Blake,2,9:05,PHX,rebound,,,,,,,,,,Louis Amundson,,,,,,off,,
Amare Stoudemire,Earl Clark,Goran Dragic,Jared Dudley,Louis Amundson,Brandon Roy,Jerryd Bayless,Joel Przybilla,Juwan Howard,Steve Blake,2,9:05,PHX,shot,,,,,,,,,,Louis Amundson,,,,missed,,tip,25,6
Amare Stoudemire,Earl Clark,Goran Dragic,Jared Dudley,Louis Amundson,Brandon Roy,Jerryd Bayless,Joel Przybilla,Juwan Howard,Steve Blake,2,9:04,POR,rebound,,,,,,,,,,Joel Przybilla,,,,,,def,,
Amare Stoudemire,Earl Clark,Goran Dragic,Jared Dudley,Louis Amundson,Brandon Roy,Jerryd Bayless,Joel Przybilla,Juwan Howard,Steve Blake,2,8:53,POR,shot,,,,,,,,,,Jerryd Bayless,,,,missed,,jump,34,25
Amare Stoudemire,Earl Clark,Goran Dragic,Jared Dudley,Louis Amundson,Brandon Roy,Jerryd Bayless,Joel Przybilla,Juwan Howard,Steve Blake,2,8:52,PHX,rebound,,,,,,,,,,Jared Dudley,,,,,,def,,
Amare Stoudemire,Earl Clark,Goran Dragic,Jared Dudley,Louis Amundson,Brandon Roy,Jerryd Bayless,Joel Przybilla,Juwan Howard,Steve Blake,2,8:40,PHX,shot,,,,,,,,,,Amare Stoudemire,2,,,made,,jump,31,24
Amare Stoudemire,Earl Clark,Goran Dragic,Jared Dudley,Louis Amundson,Brandon Roy,Jerryd Bayless,Joel Przybilla,Juwan Howard,Steve Blake,2,8:20,POR,shot,,,,,,,,,,Brandon Roy,,,,missed,,jump,37,21
Amare Stoudemire,Earl Clark,Goran Dragic,Jared Dudley,Louis Amundson,Brandon Roy,Jerryd Bayless,Joel Przybilla,Juwan Howard,Steve Blake,2,8:19,PHX,rebound,,,,,,,,,,Louis Amundson,,,,,,def,,
Amare Stoudemire,Earl Clark,Goran Dragic,Jared Dudley,Louis Amundson,Brandon Roy,Jerryd Bayless,Joel Przybilla,Juwan Howard,Steve Blake,2,8:10,PHX,shot,,,,,,,,,,Goran Dragic,2,,,made,,running bank,30,8
Amare Stoudemire,Earl Clark,Goran Dragic,Jared Dudley,Louis Amundson,Brandon Roy,Jerryd Bayless,Joel Przybilla,Juwan Howard,Steve Blake,2,8:10,POR,foul,,,,,,,,,,Joel Przybilla,,,,,,technical,,
Amare Stoudemire,Earl Clark,Goran Dragic,Jared Dudley,Louis Amundson,Brandon Roy,Jerryd Bayless,Joel Przybilla,Juwan Howard,Steve Blake,2,8:10,POR,timeout,,,,,,,,,,,,,,,,official,,
Amare Stoudemire,Goran Dragic,Grant Hill,Jared Dudley,Louis Amundson,Brandon Roy,Jerryd Bayless,Joel Przybilla,Juwan Howard,Steve Blake,2,8:10,PHX,sub,,,,Grant Hill,,Earl Clark,,,,,,,,,,,,
Amare Stoudemire,Goran Dragic,Grant Hill,Jared Dudley,Louis Amundson,Brandon Roy,Jerryd Bayless,Joel Przybilla,Juwan Howard,Steve Blake,2,8:10,PHX,free throw,,,,,,,1,,1,Amare Stoudemire,,,technical,made,,,,
Amare Stoudemire,Goran Dragic,Grant Hill,Jared Dudley,Louis Amundson,Brandon Roy,Jerryd Bayless,Joel Przybilla,Juwan Howard,Steve Blake,2,7:55,POR,shot,,,,,,,,,,Juwan Howard,,,,missed,,jump,27,25
Amare Stoudemire,Goran Dragic,Grant Hill,Jared Dudley,Louis Amundson,Brandon Roy,Jerryd Bayless,Joel Przybilla,Juwan Howard,Steve Blake,2,7:54,POR,rebound,,,,,,,,,,,,,,,,,,
Amare Stoudemire,Goran Dragic,Grant Hill,Jared Dudley,Louis Amundson,Brandon Roy,Jerryd Bayless,Joel Przybilla,Juwan Howard,Steve Blake,2,7:54,PHX,foul,,,,,,,,Joel Przybilla,,Amare Stoudemire,,,,,,loose ball,,
Amare Stoudemire,Goran Dragic,Grant Hill,Jared Dudley,Louis Amundson,Andre Miller,Brandon Roy,Jerryd Bayless,Joel Przybilla,Juwan Howard,2,7:54,POR,sub,,,,Andre Miller,,Steve Blake,,,,,,,,,,,,
Amare Stoudemire,Goran Dragic,Grant Hill,Jared Dudley,Louis Amundson,Andre Miller,Brandon Roy,Jerryd Bayless,Joel Przybilla,Juwan Howard,2,7:44,PHX,foul,,,,,,,,Brandon Roy,,Goran Dragic,,,,,,shooting,,
Amare Stoudemire,Goran Dragic,Grant Hill,Jared Dudley,Louis Amundson,Andre Miller,Brandon Roy,Jerryd Bayless,Joel Przybilla,Juwan Howard,2,7:44,POR,free throw,,,,,,,1,,2,Brandon Roy,,,foul,made,,,,
Amare Stoudemire,Grant Hill,Jared Dudley,Louis Amundson,Steve Nash,Andre Miller,Brandon Roy,Jerryd Bayless,Joel Przybilla,Juwan Howard,2,7:44,PHX,sub,,,,Steve Nash,,Goran Dragic,,,,,,,,,,,,
Amare Stoudemire,Grant Hill,Jared Dudley,Louis Amundson,Steve Nash,Andre Miller,Brandon Roy,Jerryd Bayless,Joel Przybilla,Juwan Howard,2,7:44,POR,free throw,,,,,,,2,,2,Brandon Roy,,,foul,made,,,,
Amare Stoudemire,Grant Hill,Jared Dudley,Louis Amundson,Steve Nash,Andre Miller,Brandon Roy,Jerryd Bayless,Joel Przybilla,Juwan Howard,2,7:27,PHX,shot,,,,,,,,,,Steve Nash,,,,missed,,jump,29,16
Amare Stoudemire,Grant Hill,Jared Dudley,Louis Amundson,Steve Nash,Andre Miller,Brandon Roy,Jerryd Bayless,Joel Przybilla,Juwan Howard,2,7:26,PHX,rebound,,,,,,,,,,Steve Nash,,,,,,off,,
Amare Stoudemire,Grant Hill,Jared Dudley,Louis Amundson,Steve Nash,Andre Miller,Brandon Roy,Jerryd Bayless,Joel Przybilla,Juwan Howard,2,7:17,PHX,shot,,,,,,,,,,Grant Hill,,,,missed,,layup,25,6
Amare Stoudemire,Grant Hill,Jared Dudley,Louis Amundson,Steve Nash,Andre Miller,Brandon Roy,Jerryd Bayless,Joel Przybilla,Juwan Howard,2,7:16,POR,rebound,,,,,,,,,,Brandon Roy,,,,,,def,,
Amare Stoudemire,Grant Hill,Jared Dudley,Louis Amundson,Steve Nash,Andre Miller,Brandon Roy,Jerryd Bayless,Joel Przybilla,Juwan Howard,2,7:09,POR,turnover,,,,,,,,,,Jerryd Bayless,,,bad pass,,Jared Dudley,,,
Amare Stoudemire,Grant Hill,Jared Dudley,Louis Amundson,Steve Nash,Andre Miller,Brandon Roy,Jerryd Bayless,Joel Przybilla,Juwan Howard,2,7:06,POR,foul,,,,,,,,Grant Hill,,Joel Przybilla,,,,,,shooting,,
Amare Stoudemire,Grant Hill,Jared Dudley,Louis Amundson,Steve Nash,Andre Miller,Brandon Roy,Jerryd Bayless,Joel Przybilla,Juwan Howard,2,7:06,PHX,free throw,,,,,,,1,,2,Grant Hill,,,foul,missed,,,,
Amare Stoudemire,Grant Hill,Jared Dudley,Louis Amundson,Steve Nash,Andre Miller,Brandon Roy,Jerryd Bayless,Joel Przybilla,Juwan Howard,2,7:06,PHX,rebound,,,,,,,,,,,,,,,,,,
Amare Stoudemire,Grant Hill,Jared Dudley,Louis Amundson,Steve Nash,Andre Miller,Brandon Roy,Jerryd Bayless,Juwan Howard,LaMarcus Aldridge,2,7:06,POR,sub,,,,LaMarcus Aldridge,,Joel Przybilla,,,,,,,,,,,,
Amare Stoudemire,Grant Hill,Jared Dudley,Louis Amundson,Steve Nash,Andre Miller,Brandon Roy,Jerryd Bayless,Juwan Howard,LaMarcus Aldridge,2,7:06,PHX,free throw,,,,,,,2,,2,Grant Hill,,,foul,made,,,,
Amare Stoudemire,Grant Hill,Jared Dudley,Louis Amundson,Steve Nash,Andre Miller,Brandon Roy,Jerryd Bayless,Juwan Howard,LaMarcus Aldridge,2,6:44,POR,shot,,,,,,,,,,Brandon Roy,2,,,made,,jump,22,24
Amare Stoudemire,Grant Hill,Jared Dudley,Louis Amundson,Steve Nash,Andre Miller,Brandon Roy,Jerryd Bayless,Juwan Howard,LaMarcus Aldridge,2,6:28,POR,foul,,,,,,,,Louis Amundson,,Juwan Howard,,,,,,personal,,
Amare Stoudemire,Grant Hill,Jared Dudley,Louis Amundson,Steve Nash,Andre Miller,Brandon Roy,Jerryd Bayless,Juwan Howard,LaMarcus Aldridge,2,6:28,PHX,free throw,,,,,,,1,,2,Louis Amundson,,,foul,made,,,,
Amare Stoudemire,Grant Hill,Jared Dudley,Louis Amundson,Steve Nash,Andre Miller,Brandon Roy,Jerryd Bayless,Juwan Howard,LaMarcus Aldridge,2,6:28,PHX,free throw,,,,,,,2,,2,Louis Amundson,,,foul,missed,,,,
Amare Stoudemire,Grant Hill,Jared Dudley,Louis Amundson,Steve Nash,Andre Miller,Brandon Roy,Jerryd Bayless,Juwan Howard,LaMarcus Aldridge,2,6:24,POR,rebound,,,,,,,,,,LaMarcus Aldridge,,,,,,def,,
Amare Stoudemire,Grant Hill,Jared Dudley,Louis Amundson,Steve Nash,Andre Miller,Brandon Roy,Jerryd Bayless,Juwan Howard,LaMarcus Aldridge,2,6:15,PHX,foul,,,,,,,,Brandon Roy,,Jared Dudley,,,,,,shooting,,
Amare Stoudemire,Grant Hill,Jared Dudley,Louis Amundson,Steve Nash,Andre Miller,Brandon Roy,Jerryd Bayless,Juwan Howard,LaMarcus Aldridge,2,6:15,POR,free throw,,,,,,,1,,2,Brandon Roy,,,foul,made,,,,
Amare Stoudemire,Channing Frye,Grant Hill,Jared Dudley,Steve Nash,Andre Miller,Brandon Roy,Jerryd Bayless,Juwan Howard,LaMarcus Aldridge,2,6:15,PHX,sub,,,,Channing Frye,,Louis Amundson,,,,,,,,,,,,
Amare Stoudemire,Channing Frye,Grant Hill,Jared Dudley,Steve Nash,Andre Miller,Brandon Roy,Jerryd Bayless,Juwan Howard,LaMarcus Aldridge,2,6:15,POR,free throw,,,,,,,2,,2,Brandon Roy,,,foul,made,,,,
Amare Stoudemire,Channing Frye,Grant Hill,Jared Dudley,Steve Nash,Andre Miller,Brandon Roy,Jerryd Bayless,Juwan Howard,LaMarcus Aldridge,2,6:04,POR,foul,,,,,,,,Amare Stoudemire,,Jerryd Bayless,,,,,,shooting,,
Amare Stoudemire,Channing Frye,Grant Hill,Jared Dudley,Steve Nash,Andre Miller,Brandon Roy,Jerryd Bayless,Juwan Howard,LaMarcus Aldridge,2,6:04,PHX,free throw,,,,,,,1,,2,Amare Stoudemire,,,foul,made,,,,
Amare Stoudemire,Channing Frye,Grant Hill,Jared Dudley,Steve Nash,Andre Miller,Brandon Roy,Jerryd Bayless,Juwan Howard,LaMarcus Aldridge,2,6:04,PHX,free throw,,,,,,,2,,2,Amare Stoudemire,,,foul,missed,,,,
Amare Stoudemire,Channing Frye,Grant Hill,Jared Dudley,Steve Nash,Andre Miller,Brandon Roy,Jerryd Bayless,Juwan Howard,LaMarcus Aldridge,2,6:03,POR,rebound,,,,,,,,,,Juwan Howard,,,,,,def,,
Amare Stoudemire,Channing Frye,Grant Hill,Jared Dudley,Steve Nash,Andre Miller,Brandon Roy,Jerryd Bayless,Juwan Howard,LaMarcus Aldridge,2,5:41,POR,turnover,,,,,,,,,,Jerryd Bayless,,,step out of bounds turnover,,,,,
Amare Stoudemire,Channing Frye,Grant Hill,Jared Dudley,Steve Nash,Andre Miller,Brandon Roy,Jerryd Bayless,Juwan Howard,LaMarcus Aldridge,2,5:41,POR,timeout,,,,,,,,,,,,,,,,regular,,
Amare Stoudemire,Channing Frye,Grant Hill,Jared Dudley,Steve Nash,Andre Miller,Brandon Roy,Jerryd Bayless,Juwan Howard,LaMarcus Aldridge,2,5:28,PHX,shot,,,,,,,,,,Grant Hill,,,,missed,,layup,25,6
Amare Stoudemire,Channing Frye,Grant Hill,Jared Dudley,Steve Nash,Andre Miller,Brandon Roy,Jerryd Bayless,Juwan Howard,LaMarcus Aldridge,2,5:26,PHX,rebound,,,,,,,,,,,,,,,,,,
Amare Stoudemire,Channing Frye,Grant Hill,Jared Dudley,Steve Nash,Andre Miller,Brandon Roy,Jerryd Bayless,Juwan Howard,LaMarcus Aldridge,2,5:15,PHX,shot,Grant Hill,,,,,,,,,Amare Stoudemire,2,,,made,,dunk,25,6
Amare Stoudemire,Channing Frye,Grant Hill,Jared Dudley,Steve Nash,Andre Miller,Brandon Roy,Jerryd Bayless,Juwan Howard,LaMarcus Aldridge,2,5:10,POR,timeout,,,,,,,,,,,,,,,,short,,
Amare Stoudemire,Channing Frye,Grant Hill,Jared Dudley,Steve Nash,Brandon Roy,Jerryd Bayless,Juwan Howard,LaMarcus Aldridge,Steve Blake,2,5:10,POR,sub,,,,Steve Blake,,Andre Miller,,,,,,,,,,,,
Amare Stoudemire,Channing Frye,Grant Hill,Jared Dudley,Steve Nash,Brandon Roy,Jerryd Bayless,Juwan Howard,LaMarcus Aldridge,Steve Blake,2,4:54,POR,turnover,,,,,,,,,,LaMarcus Aldridge,,,bad pass,,Steve Nash,,,
Amare Stoudemire,Channing Frye,Grant Hill,Jared Dudley,Steve Nash,Brandon Roy,Jerryd Bayless,Juwan Howard,LaMarcus Aldridge,Steve Blake,2,4:47,PHX,shot,Steve Nash,,,,,,,,,Channing Frye,3,,,made,,3pt,21,30
Amare Stoudemire,Channing Frye,Grant Hill,Jared Dudley,Steve Nash,Brandon Roy,Jerryd Bayless,Juwan Howard,LaMarcus Aldridge,Steve Blake,2,4:22,POR,shot,,,,,,,,,,Jerryd Bayless,,,,missed,,pullup jump,8,9
Amare Stoudemire,Channing Frye,Grant Hill,Jared Dudley,Steve Nash,Brandon Roy,Jerryd Bayless,Juwan Howard,LaMarcus Aldridge,Steve Blake,2,4:20,PHX,rebound,,,,,,,,,,Amare Stoudemire,,,,,,def,,
Amare Stoudemire,Channing Frye,Grant Hill,Jared Dudley,Steve Nash,Brandon Roy,Jerryd Bayless,Juwan Howard,LaMarcus Aldridge,Steve Blake,2,4:15,POR,foul,,,,,,,,Amare Stoudemire,,Juwan Howard,,,,,,shooting,,
Amare Stoudemire,Channing Frye,Grant Hill,Jared Dudley,Steve Nash,Brandon Roy,Jerryd Bayless,Juwan Howard,LaMarcus Aldridge,Steve Blake,2,4:15,PHX,free throw,,,,,,,1,,2,Amare Stoudemire,,,foul,made,,,,
Amare Stoudemire,Channing Frye,Grant Hill,Jared Dudley,Steve Nash,Brandon Roy,Juwan Howard,LaMarcus Aldridge,Martell Webster,Steve Blake,2,4:15,POR,sub,,,,Martell Webster,,Jerryd Bayless,,,,,,,,,,,,
Amare Stoudemire,Channing Frye,Grant Hill,Jared Dudley,Steve Nash,Brandon Roy,Juwan Howard,LaMarcus Aldridge,Martell Webster,Steve Blake,2,4:15,PHX,free throw,,,,,,,2,,2,Amare Stoudemire,,,foul,made,,,,
Amare Stoudemire,Channing Frye,Grant Hill,Jared Dudley,Steve Nash,Brandon Roy,Juwan Howard,LaMarcus Aldridge,Martell Webster,Steve Blake,2,4:02,PHX,foul,,,,,,,,,,Amare Stoudemire,,,,,,defense 3 second,,
Amare Stoudemire,Channing Frye,Grant Hill,Jared Dudley,Steve Nash,Brandon Roy,Juwan Howard,LaMarcus Aldridge,Martell Webster,Steve Blake,2,4:02,POR,free throw,,,,,,,1,,1,Brandon Roy,,,technical,missed,,,,
Amare Stoudemire,Channing Frye,Grant Hill,Jared Dudley,Steve Nash,Brandon Roy,Juwan Howard,LaMarcus Aldridge,Martell Webster,Steve Blake,2,4:02,POR,rebound,,,,,,,,,,,,,,,,,,
Amare Stoudemire,Channing Frye,Grant Hill,Jared Dudley,Steve Nash,Brandon Roy,Juwan Howard,LaMarcus Aldridge,Martell Webster,Steve Blake,2,3:53,PHX,foul,,,,,,,,LaMarcus Aldridge,,Grant Hill,,,,,,personal,,
Amare Stoudemire,Channing Frye,Grant Hill,Jared Dudley,Steve Nash,Brandon Roy,Juwan Howard,LaMarcus Aldridge,Martell Webster,Steve Blake,2,3:53,POR,free throw,,,,,,,1,,2,LaMarcus Aldridge,,,foul,missed,,,,
Amare Stoudemire,Channing Frye,Grant Hill,Jared Dudley,Steve Nash,Brandon Roy,Juwan Howard,LaMarcus Aldridge,Martell Webster,Steve Blake,2,3:53,POR,rebound,,,,,,,,,,,,,,,,,,
Amare Stoudemire,Channing Frye,Grant Hill,Jared Dudley,Steve Nash,Brandon Roy,Juwan Howard,LaMarcus Aldridge,Martell Webster,Steve Blake,2,3:53,POR,free throw,,,,,,,2,,2,LaMarcus Aldridge,,,foul,made,,,,
Amare Stoudemire,Channing Frye,Grant Hill,Jared Dudley,Steve Nash,Brandon Roy,Juwan Howard,LaMarcus Aldridge,Martell Webster,Steve Blake,2,3:38,PHX,turnover,,,,,,,,,,Grant Hill,,,lost ball,,Martell Webster,,,
Amare Stoudemire,Channing Frye,Grant Hill,Jared Dudley,Steve Nash,Brandon Roy,Juwan Howard,LaMarcus Aldridge,Martell Webster,Steve Blake,2,3:25,POR,shot,,,,,,,,,,Martell Webster,,,,missed,,3pt,3,17
Amare Stoudemire,Channing Frye,Grant Hill,Jared Dudley,Steve Nash,Brandon Roy,Juwan Howard,LaMarcus Aldridge,Martell Webster,Steve Blake,2,3:24,PHX,rebound,,,,,,,,,,Steve Nash,,,,,,def,,
Amare Stoudemire,Channing Frye,Grant Hill,Jared Dudley,Steve Nash,Brandon Roy,Juwan Howard,LaMarcus Aldridge,Martell Webster,Steve Blake,2,3:04,PHX,turnover,,,,,,,,,,Amare Stoudemire,,,lost ball,,Martell Webster,,,
Amare Stoudemire,Channing Frye,Grant Hill,Jared Dudley,Steve Nash,Brandon Roy,Juwan Howard,LaMarcus Aldridge,Martell Webster,Steve Blake,2,3:00,POR,shot,,,,,,,,,,Brandon Roy,,,,missed,,layup,25,6
Amare Stoudemire,Channing Frye,Grant Hill,Jared Dudley,Steve Nash,Brandon Roy,Juwan Howard,LaMarcus Aldridge,Martell Webster,Steve Blake,2,2:55,PHX,rebound,,,,,,,,,,Amare Stoudemire,,,,,,def,,
Amare Stoudemire,Channing Frye,Grant Hill,Jared Dudley,Steve Nash,Brandon Roy,Juwan Howard,LaMarcus Aldridge,Martell Webster,Steve Blake,2,2:51,PHX,shot,Grant Hill,,,,,,,,,Amare Stoudemire,2,,,made,,slam dunk,25,6
Amare Stoudemire,Channing Frye,Grant Hill,Jared Dudley,Steve Nash,Brandon Roy,Juwan Howard,LaMarcus Aldridge,Martell Webster,Steve Blake,2,2:28,POR,shot,Juwan Howard,,,,,,,,,LaMarcus Aldridge,2,,,made,,dunk,25,6
Amare Stoudemire,Channing Frye,Grant Hill,Jared Dudley,Steve Nash,Brandon Roy,Juwan Howard,LaMarcus Aldridge,Martell Webster,Steve Blake,2,2:14,PHX,foul,,,,,,,,Steve Blake,,Channing Frye,,,,,,offensive,,
Amare Stoudemire,Channing Frye,Grant Hill,Jared Dudley,Steve Nash,Brandon Roy,Juwan Howard,LaMarcus Aldridge,Martell Webster,Steve Blake,2,2:14,PHX,turnover,,,,,,,,,,Channing Frye,,,foul,,,,,
Amare Stoudemire,Channing Frye,Grant Hill,Jared Dudley,Steve Nash,Brandon Roy,Juwan Howard,LaMarcus Aldridge,Martell Webster,Steve Blake,2,2:14,PHX,timeout,,,,,,,,,,,,,,,,regular,,
Alando Tucker,Amare Stoudemire,Channing Frye,Jared Dudley,Steve Nash,Brandon Roy,Juwan Howard,LaMarcus Aldridge,Martell Webster,Steve Blake,2,2:14,PHX,sub,,,,Alando Tucker,,Grant Hill,,,,,,,,,,,,
Alando Tucker,Amare Stoudemire,Channing Frye,Jared Dudley,Steve Nash,Brandon Roy,Juwan Howard,LaMarcus Aldridge,Martell Webster,Steve Blake,2,1:59,POR,turnover,,,,,,,,,,Martell Webster,,,traveling,,,,,
Alando Tucker,Amare Stoudemire,Channing Frye,Jared Dudley,Steve Nash,Jerryd Bayless,Juwan Howard,LaMarcus Aldridge,Martell Webster,Steve Blake,2,1:59,POR,sub,,,,Jerryd Bayless,,Brandon Roy,,,,,,,,,,,,
Alando Tucker,Amare Stoudemire,Channing Frye,Jared Dudley,Steve Nash,Jerryd Bayless,Juwan Howard,LaMarcus Aldridge,Martell Webster,Steve Blake,2,1:49,PHX,shot,Steve Nash,,,,,,,,,Channing Frye,3,,,made,,3pt,13,28
Alando Tucker,Amare Stoudemire,Channing Frye,Jared Dudley,Steve Nash,Jerryd Bayless,Juwan Howard,LaMarcus Aldridge,Martell Webster,Steve Blake,2,1:30,POR,shot,,,,,,,,,,LaMarcus Aldridge,,,,missed,,turnaround jump,33,13
Alando Tucker,Amare Stoudemire,Channing Frye,Jared Dudley,Steve Nash,Jerryd Bayless,Juwan Howard,LaMarcus Aldridge,Martell Webster,Steve Blake,2,1:29,POR,rebound,,,,,,,,,,Martell Webster,,,,,,off,,
Alando Tucker,Amare Stoudemire,Channing Frye,Jared Dudley,Steve Nash,Jerryd Bayless,Juwan Howard,LaMarcus Aldridge,Martell Webster,Steve Blake,2,1:29,POR,shot,,,,,,,,,,Martell Webster,2,,,made,,putback dunk,25,6
Alando Tucker,Amare Stoudemire,Channing Frye,Jared Dudley,Steve Nash,Jerryd Bayless,Juwan Howard,LaMarcus Aldridge,Martell Webster,Steve Blake,2,1:17,PHX,shot,Steve Nash,,,,,,,,,Channing Frye,3,,,made,,3pt,7,23
Alando Tucker,Amare Stoudemire,Channing Frye,Jared Dudley,Steve Nash,Jerryd Bayless,Juwan Howard,LaMarcus Aldridge,Martell Webster,Steve Blake,2,1:01,POR,shot,LaMarcus Aldridge,,,,,,,,,Martell Webster,2,,,made,,reverse layup,25,6
Alando Tucker,Amare Stoudemire,Channing Frye,Jared Dudley,Steve Nash,Jerryd Bayless,Juwan Howard,LaMarcus Aldridge,Martell Webster,Steve Blake,2,0:48,PHX,shot,,,,,,,,,,Jared Dudley,,,,missed,,3pt,2,8
Alando Tucker,Amare Stoudemire,Channing Frye,Jared Dudley,Steve Nash,Jerryd Bayless,Juwan Howard,LaMarcus Aldridge,Martell Webster,Steve Blake,2,0:46,POR,rebound,,,,,,,,,,Juwan Howard,,,,,,def,,
Alando Tucker,Amare Stoudemire,Channing Frye,Jared Dudley,Steve Nash,Jerryd Bayless,Juwan Howard,LaMarcus Aldridge,Martell Webster,Steve Blake,2,0:34,POR,foul,,,,,,,,Channing Frye,,LaMarcus Aldridge,,,,,,offensive,,
Alando Tucker,Amare Stoudemire,Channing Frye,Jared Dudley,Steve Nash,Jerryd Bayless,Juwan Howard,LaMarcus Aldridge,Martell Webster,Steve Blake,2,0:34,POR,turnover,,,,,,,,,,LaMarcus Aldridge,,,foul,,,,,
Alando Tucker,Amare Stoudemire,Jared Dudley,Louis Amundson,Steve Nash,Jerryd Bayless,Juwan Howard,LaMarcus Aldridge,Martell Webster,Steve Blake,2,0:34,PHX,sub,,,,Louis Amundson,,Channing Frye,,,,,,,,,,,,
Alando Tucker,Amare Stoudemire,Jared Dudley,Louis Amundson,Steve Nash,Dante Cunningham,Jerryd Bayless,Juwan Howard,Martell Webster,Steve Blake,2,0:34,POR,sub,,,,Dante Cunningham,,LaMarcus Aldridge,,,,,,,,,,,,
Alando Tucker,Amare Stoudemire,Jared Dudley,Louis Amundson,Steve Nash,Dante Cunningham,Jerryd Bayless,Juwan Howard,Martell Webster,Steve Blake,2,0:25,PHX,shot,,,,,,,,,,Amare Stoudemire,,,,missed,,jump,20,16
Alando Tucker,Amare Stoudemire,Jared Dudley,Louis Amundson,Steve Nash,Dante Cunningham,Jerryd Bayless,Juwan Howard,Martell Webster,Steve Blake,2,0:24,POR,rebound,,,,,,,,,,Dante Cunningham,,,,,,def,,
Alando Tucker,Amare Stoudemire,Jared Dudley,Louis Amundson,Steve Nash,Dante Cunningham,Jerryd Bayless,Juwan Howard,Martell Webster,Steve Blake,2,0:04,PHX,foul,,,,,,,,Jerryd Bayless,,Louis Amundson,,,,,,shooting,,
Alando Tucker,Amare Stoudemire,Jared Dudley,Louis Amundson,Steve Nash,Dante Cunningham,Jerryd Bayless,Juwan Howard,Martell Webster,Steve Blake,2,0:04,POR,free throw,,,,,,,1,,2,Jerryd Bayless,,,foul,made,,,,
Alando Tucker,Amare Stoudemire,Channing Frye,Jared Dudley,Steve Nash,Dante Cunningham,Jerryd Bayless,Juwan Howard,Martell Webster,Steve Blake,2,0:04,PHX,sub,,,,Channing Frye,,Louis Amundson,,,,,,,,,,,,
Alando Tucker,Amare Stoudemire,Channing Frye,Jared Dudley,Steve Nash,Dante Cunningham,Jerryd Bayless,Juwan Howard,Martell Webster,Steve Blake,2,0:04,PHX,timeout,,,,,,,,,,,,,,,,short,,
Alando Tucker,Amare Stoudemire,Channing Frye,Grant Hill,Steve Nash,Dante Cunningham,Jerryd Bayless,Juwan Howard,Martell Webster,Steve Blake,2,0:04,PHX,sub,,,,Grant Hill,,Jared Dudley,,,,,,,,,,,,
Alando Tucker,Amare Stoudemire,Channing Frye,Grant Hill,Steve Nash,Andre Miller,Dante Cunningham,Jerryd Bayless,Juwan Howard,Steve Blake,2,0:04,POR,sub,,,,Andre Miller,,Martell Webster,,,,,,,,,,,,
Alando Tucker,Amare Stoudemire,Channing Frye,Grant Hill,Steve Nash,Andre Miller,Dante Cunningham,Jerryd Bayless,Juwan Howard,Steve Blake,2,0:04,POR,free throw,,,,,,,2,,2,Jerryd Bayless,,,foul,made,,,,
Amare Stoudemire,Channing Frye,Goran Dragic,Grant Hill,Steve Nash,Andre Miller,Brandon Roy,Joel Przybilla,LaMarcus Aldridge,Martell Webster,3,11:40,POR,shot,,,,,,,,,,LaMarcus Aldridge,,,,missed,,turnaround fade away,36,12
Amare Stoudemire,Channing Frye,Goran Dragic,Grant Hill,Steve Nash,Andre Miller,Brandon Roy,Joel Przybilla,LaMarcus Aldridge,Martell Webster,3,11:39,PHX,rebound,,,,,,,,,,Goran Dragic,,,,,,def,,
Amare Stoudemire,Channing Frye,Goran Dragic,Grant Hill,Steve Nash,Andre Miller,Brandon Roy,Joel Przybilla,LaMarcus Aldridge,Martell Webster,3,11:24,PHX,shot,Grant Hill,,,,,,,,,Amare Stoudemire,2,,,made,,jump bank,20,9
Amare Stoudemire,Channing Frye,Goran Dragic,Grant Hill,Steve Nash,Andre Miller,Brandon Roy,Joel Przybilla,LaMarcus Aldridge,Martell Webster,3,11:02,POR,shot,Andre Miller,,,,,,,,,Brandon Roy,3,,,made,,3pt,13,27
Amare Stoudemire,Channing Frye,Goran Dragic,Grant Hill,Steve Nash,Andre Miller,Brandon Roy,Joel Przybilla,LaMarcus Aldridge,Martell Webster,3,10:52,PHX,turnover,,,,,,,,,,Amare Stoudemire,,,lost ball,,Brandon Roy,,,
Amare Stoudemire,Channing Frye,Goran Dragic,Grant Hill,Steve Nash,Andre Miller,Brandon Roy,Joel Przybilla,LaMarcus Aldridge,Martell Webster,3,10:47,POR,shot,,,,,,,,,,Andre Miller,,,,missed,,driving layup,25,6
Amare Stoudemire,Channing Frye,Goran Dragic,Grant Hill,Steve Nash,Andre Miller,Brandon Roy,Joel Przybilla,LaMarcus Aldridge,Martell Webster,3,10:47,PHX,rebound,,,,,,,,,,,,,,,,,,
Amare Stoudemire,Channing Frye,Goran Dragic,Grant Hill,Steve Nash,Andre Miller,Brandon Roy,Joel Przybilla,LaMarcus Aldridge,Martell Webster,3,10:47,POR,foul,,,,,,,,Channing Frye,,LaMarcus Aldridge,,,,,,loose ball,,
Amare Stoudemire,Channing Frye,Goran Dragic,Grant Hill,Steve Nash,Andre Miller,Brandon Roy,Joel Przybilla,LaMarcus Aldridge,Martell Webster,3,10:26,PHX,shot,,,,,,,,,,Amare Stoudemire,2,,,made,,pullup jump,12,15
Amare Stoudemire,Channing Frye,Goran Dragic,Grant Hill,Steve Nash,Andre Miller,Brandon Roy,Joel Przybilla,LaMarcus Aldridge,Martell Webster,3,10:14,POR,shot,,,,,,,,,,Brandon Roy,,,,missed,,3pt,31,30
Amare Stoudemire,Channing Frye,Goran Dragic,Grant Hill,Steve Nash,Andre Miller,Brandon Roy,Joel Przybilla,LaMarcus Aldridge,Martell Webster,3,10:12,POR,rebound,,,,,,,,,,Brandon Roy,,,,,,off,,
Amare Stoudemire,Channing Frye,Goran Dragic,Grant Hill,Steve Nash,Andre Miller,Brandon Roy,Joel Przybilla,LaMarcus Aldridge,Martell Webster,3,10:12,PHX,foul,,,,,,,,Brandon Roy,,Steve Nash,,,,,,personal,,
Amare Stoudemire,Channing Frye,Goran Dragic,Grant Hill,Steve Nash,Andre Miller,Brandon Roy,Joel Przybilla,LaMarcus Aldridge,Martell Webster,3,10:07,POR,turnover,,,,,,,,,,Andre Miller,,,bad pass,,Grant Hill,,,
Amare Stoudemire,Channing Frye,Goran Dragic,Grant Hill,Steve Nash,Andre Miller,Brandon Roy,Joel Przybilla,LaMarcus Aldridge,Martell Webster,3,10:03,PHX,shot,,,,,,,,,,Grant Hill,2,,,made,,driving layup,25,6
Amare Stoudemire,Channing Frye,Goran Dragic,Grant Hill,Steve Nash,Andre Miller,Brandon Roy,Joel Przybilla,LaMarcus Aldridge,Martell Webster,3,9:50,POR,turnover,,,,,,,,,,Andre Miller,,,bad pass,,,,,
Amare Stoudemire,Channing Frye,Goran Dragic,Grant Hill,Steve Nash,Andre Miller,Brandon Roy,Joel Przybilla,LaMarcus Aldridge,Martell Webster,3,9:46,PHX,shot,Steve Nash,,,,,,,,,Grant Hill,2,,,made,,driving layup,25,6
Amare Stoudemire,Channing Frye,Goran Dragic,Grant Hill,Steve Nash,Andre Miller,Brandon Roy,Joel Przybilla,LaMarcus Aldridge,Martell Webster,3,9:45,POR,timeout,,,,,,,,,,,,,,,,regular,,
Amare Stoudemire,Channing Frye,Goran Dragic,Grant Hill,Steve Nash,Andre Miller,Brandon Roy,Joel Przybilla,LaMarcus Aldridge,Martell Webster,3,9:25,POR,shot,,,,,,,,,,LaMarcus Aldridge,,,,missed,,jump,25,10
Amare Stoudemire,Channing Frye,Goran Dragic,Grant Hill,Steve Nash,Andre Miller,Brandon Roy,Joel Przybilla,LaMarcus Aldridge,Martell Webster,3,9:23,POR,rebound,,,,,,,,,,Joel Przybilla,,,,,,off,,
Amare Stoudemire,Channing Frye,Goran Dragic,Grant Hill,Steve Nash,Andre Miller,Brandon Roy,Joel Przybilla,LaMarcus Aldridge,Martell Webster,3,9:22,POR,shot,,,Channing Frye,,,,,,,Joel Przybilla,,,,missed,,layup,25,6
Amare Stoudemire,Channing Frye,Goran Dragic,Grant Hill,Steve Nash,Andre Miller,Brandon Roy,Joel Przybilla,LaMarcus Aldridge,Martell Webster,3,9:21,POR,jump ball,,Channing Frye,,,Joel Przybilla,,,,,,,Goran Dragic,,,,,,
Amare Stoudemire,Channing Frye,Goran Dragic,Grant Hill,Steve Nash,Andre Miller,Brandon Roy,Joel Przybilla,LaMarcus Aldridge,Martell Webster,3,9:21,PHX,rebound,,,,,,,,,,,,,,,,,,
Amare Stoudemire,Channing Frye,Goran Dragic,Grant Hill,Steve Nash,Andre Miller,Brandon Roy,Joel Przybilla,LaMarcus Aldridge,Martell Webster,3,8:55,PHX,shot,,,,,,,,,,Channing Frye,,,,missed,,jump,4,8
Amare Stoudemire,Channing Frye,Goran Dragic,Grant Hill,Steve Nash,Andre Miller,Brandon Roy,Joel Przybilla,LaMarcus Aldridge,Martell Webster,3,8:54,POR,rebound,,,,,,,,,,Brandon Roy,,,,,,def,,
Amare Stoudemire,Channing Frye,Goran Dragic,Grant Hill,Steve Nash,Andre Miller,Brandon Roy,Joel Przybilla,LaMarcus Aldridge,Martell Webster,3,8:39,POR,shot,LaMarcus Aldridge,,,,,,,,,Martell Webster,2,,,made,,layup,25,6
Amare Stoudemire,Channing Frye,Goran Dragic,Grant Hill,Steve Nash,Andre Miller,Brandon Roy,Joel Przybilla,LaMarcus Aldridge,Martell Webster,3,8:39,PHX,foul,,,,,,,,Martell Webster,,Grant Hill,,,,,,shooting,,
Amare Stoudemire,Channing Frye,Goran Dragic,Grant Hill,Steve Nash,Andre Miller,Brandon Roy,Joel Przybilla,LaMarcus Aldridge,Martell Webster,3,8:39,POR,free throw,,,,,,,1,,1,Martell Webster,,,foul,made,,,,
Amare Stoudemire,Channing Frye,Goran Dragic,Grant Hill,Steve Nash,Andre Miller,Brandon Roy,Joel Przybilla,LaMarcus Aldridge,Martell Webster,3,8:16,POR,foul,,,,,,,,Goran Dragic,,Joel Przybilla,,,,,,shooting,,
Amare Stoudemire,Channing Frye,Goran Dragic,Grant Hill,Steve Nash,Andre Miller,Brandon Roy,Joel Przybilla,LaMarcus Aldridge,Steve Blake,3,8:16,POR,sub,,,,Steve Blake,,Martell Webster,,,,,,,,,,,,
Amare Stoudemire,Channing Frye,Goran Dragic,Grant Hill,Steve Nash,Andre Miller,Brandon Roy,Joel Przybilla,LaMarcus Aldridge,Steve Blake,3,8:16,PHX,free throw,,,,,,,1,,2,Goran Dragic,,,foul,made,,,,
Amare Stoudemire,Channing Frye,Goran Dragic,Grant Hill,Steve Nash,Andre Miller,Brandon Roy,Joel Przybilla,LaMarcus Aldridge,Steve Blake,3,8:16,PHX,free throw,,,,,,,2,,2,Goran Dragic,,,foul,made,,,,
Amare Stoudemire,Channing Frye,Goran Dragic,Grant Hill,Steve Nash,Andre Miller,Brandon Roy,Joel Przybilla,LaMarcus Aldridge,Steve Blake,3,7:59,POR,shot,,,,,,,,,,Brandon Roy,,,,missed,,jump,35,24
Amare Stoudemire,Channing Frye,Goran Dragic,Grant Hill,Steve Nash,Andre Miller,Brandon Roy,Joel Przybilla,LaMarcus Aldridge,Steve Blake,3,7:58,POR,rebound,,,,,,,,,,Joel Przybilla,,,,,,off,,
Amare Stoudemire,Channing Frye,Goran Dragic,Grant Hill,Steve Nash,Andre Miller,Brandon Roy,Joel Przybilla,LaMarcus Aldridge,Steve Blake,3,7:53,POR,turnover,,,,,,,,,,Brandon Roy,,,lost ball,,Grant Hill,,,
Amare Stoudemire,Channing Frye,Goran Dragic,Grant Hill,Steve Nash,Andre Miller,Brandon Roy,Joel Przybilla,LaMarcus Aldridge,Steve Blake,3,7:33,PHX,shot,,,,,,,,,,Grant Hill,,,,missed,,3pt,3,7
Amare Stoudemire,Channing Frye,Goran Dragic,Grant Hill,Steve Nash,Andre Miller,Brandon Roy,Joel Przybilla,LaMarcus Aldridge,Steve Blake,3,7:33,POR,rebound,,,,,,,,,,Joel Przybilla,,,,,,def,,
Amare Stoudemire,Channing Frye,Goran Dragic,Grant Hill,Steve Nash,Andre Miller,Brandon Roy,Joel Przybilla,LaMarcus Aldridge,Steve Blake,3,7:22,PHX,foul,,,,,,,,LaMarcus Aldridge,,Amare Stoudemire,,,,,,shooting,,
Amare Stoudemire,Channing Frye,Goran Dragic,Grant Hill,Steve Nash,Andre Miller,Brandon Roy,Joel Przybilla,LaMarcus Aldridge,Steve Blake,3,7:22,POR,free throw,,,,,,,1,,2,LaMarcus Aldridge,,,foul,made,,,,
Amare Stoudemire,Channing Frye,Goran Dragic,Grant Hill,Steve Nash,Andre Miller,Brandon Roy,Joel Przybilla,LaMarcus Aldridge,Steve Blake,3,7:22,POR,free throw,,,,,,,2,,2,LaMarcus Aldridge,,,foul,made,,,,
Amare Stoudemire,Channing Frye,Goran Dragic,Grant Hill,Steve Nash,Andre Miller,Brandon Roy,Joel Przybilla,LaMarcus Aldridge,Steve Blake,3,7:00,PHX,shot,,,,,,,,,,Steve Nash,2,,,made,,pullup jump,33,20
Amare Stoudemire,Channing Frye,Goran Dragic,Grant Hill,Steve Nash,Andre Miller,Brandon Roy,Joel Przybilla,LaMarcus Aldridge,Steve Blake,3,6:48,POR,shot,,,,,,,,,,LaMarcus Aldridge,,,,missed,,jump,42,12
Amare Stoudemire,Channing Frye,Goran Dragic,Grant Hill,Steve Nash,Andre Miller,Brandon Roy,Joel Przybilla,LaMarcus Aldridge,Steve Blake,3,6:46,PHX,rebound,,,,,,,,,,Amare Stoudemire,,,,,,def,,
Amare Stoudemire,Channing Frye,Goran Dragic,Grant Hill,Steve Nash,Andre Miller,Brandon Roy,Joel Przybilla,LaMarcus Aldridge,Steve Blake,3,6:33,PHX,shot,,,Joel Przybilla,,,,,,,Channing Frye,,,,missed,,driving layup,25,6
Amare Stoudemire,Channing Frye,Goran Dragic,Grant Hill,Steve Nash,Andre Miller,Brandon Roy,Joel Przybilla,LaMarcus Aldridge,Steve Blake,3,6:32,PHX,rebound,,,,,,,,,,Channing Frye,,,,,,off,,
Amare Stoudemire,Channing Frye,Grant Hill,Jared Dudley,Steve Nash,Andre Miller,Brandon Roy,Joel Przybilla,LaMarcus Aldridge,Steve Blake,3,6:31,PHX,sub,,,,Jared Dudley,,Goran Dragic,,,,,,,,,,,,
Amare Stoudemire,Channing Frye,Grant Hill,Jared Dudley,Steve Nash,Andre Miller,Brandon Roy,Joel Przybilla,LaMarcus Aldridge,Steve Blake,3,6:31,PHX,jump ball,,Channing Frye,,,Brandon Roy,,,,,,,Portland,,,,,,
Amare Stoudemire,Channing Frye,Grant Hill,Jared Dudley,Steve Nash,Andre Miller,Brandon Roy,Joel Przybilla,LaMarcus Aldridge,Steve Blake,3,6:31,PHX,turnover,,,,,,,,,,Channing Frye,,,lost ball,,Brandon Roy,,,
Amare Stoudemire,Channing Frye,Grant Hill,Jared Dudley,Steve Nash,Andre Miller,Brandon Roy,Joel Przybilla,LaMarcus Aldridge,Steve Blake,3,6:30,PHX,foul,,,,,,,,Steve Blake,,Steve Nash,,,,,,loose ball,,
Amare Stoudemire,Channing Frye,Grant Hill,Jared Dudley,Steve Nash,Andre Miller,Brandon Roy,Joel Przybilla,LaMarcus Aldridge,Steve Blake,3,6:18,PHX,foul,,,,,,,,Brandon Roy,,Grant Hill,,,,,,shooting,,
Amare Stoudemire,Channing Frye,Grant Hill,Jared Dudley,Steve Nash,Andre Miller,Brandon Roy,Joel Przybilla,LaMarcus Aldridge,Steve Blake,3,6:18,POR,free throw,,,,,,,1,,2,Brandon Roy,,,foul,made,,,,
Amare Stoudemire,Channing Frye,Grant Hill,Jared Dudley,Steve Nash,Andre Miller,Brandon Roy,Joel Przybilla,LaMarcus Aldridge,Steve Blake,3,6:18,POR,free throw,,,,,,,2,,2,Brandon Roy,,,foul,missed,,,,
Amare Stoudemire,Channing Frye,Grant Hill,Jared Dudley,Steve Nash,Andre Miller,Brandon Roy,Joel Przybilla,LaMarcus Aldridge,Steve Blake,3,6:17,PHX,rebound,,,,,,,,,,Channing Frye,,,,,,def,,
Amare Stoudemire,Channing Frye,Grant Hill,Jared Dudley,Steve Nash,Andre Miller,Brandon Roy,Joel Przybilla,LaMarcus Aldridge,Steve Blake,3,6:01,PHX,shot,,,,,,,,,,Grant Hill,,,,missed,,layup,25,6
Amare Stoudemire,Channing Frye,Grant Hill,Jared Dudley,Steve Nash,Andre Miller,Brandon Roy,Joel Przybilla,LaMarcus Aldridge,Steve Blake,3,5:59,POR,rebound,,,,,,,,,,Steve Blake,,,,,,def,,
Amare Stoudemire,Channing Frye,Grant Hill,Jared Dudley,Steve Nash,Andre Miller,Brandon Roy,Joel Przybilla,LaMarcus Aldridge,Steve Blake,3,5:52,PHX,violation,,,,,,,,,,Amare Stoudemire,,,,,,defensive goaltending,,
Amare Stoudemire,Channing Frye,Grant Hill,Jared Dudley,Steve Nash,Andre Miller,Brandon Roy,Joel Przybilla,LaMarcus Aldridge,Steve Blake,3,5:52,POR,shot,Steve Blake,,,,,,,,,Brandon Roy,2,,,made,,reverse layup,25,6
Amare Stoudemire,Channing Frye,Grant Hill,Jared Dudley,Steve Nash,Andre Miller,Brandon Roy,Joel Przybilla,LaMarcus Aldridge,Steve Blake,3,5:36,PHX,shot,Steve Nash,,,,,,,,,Channing Frye,3,,,made,,3pt,2,6
Amare Stoudemire,Channing Frye,Grant Hill,Jared Dudley,Steve Nash,Andre Miller,Brandon Roy,Joel Przybilla,LaMarcus Aldridge,Steve Blake,3,5:19,POR,shot,,,,,,,,,,Brandon Roy,,,,missed,,3pt,47,6
Amare Stoudemire,Channing Frye,Grant Hill,Jared Dudley,Steve Nash,Andre Miller,Brandon Roy,Joel Przybilla,LaMarcus Aldridge,Steve Blake,3,5:18,PHX,rebound,,,,,,,,,,Jared Dudley,,,,,,def,,
Amare Stoudemire,Channing Frye,Grant Hill,Jared Dudley,Steve Nash,Andre Miller,Brandon Roy,Joel Przybilla,LaMarcus Aldridge,Steve Blake,3,5:14,PHX,foul,,,,,,,,Andre Miller,,Grant Hill,,,,,,offensive,,
Amare Stoudemire,Channing Frye,Grant Hill,Jared Dudley,Steve Nash,Andre Miller,Brandon Roy,Joel Przybilla,LaMarcus Aldridge,Steve Blake,3,5:14,PHX,turnover,,,,,,,,,,Grant Hill,,,foul,,,,,
Amare Stoudemire,Channing Frye,Grant Hill,Jared Dudley,Steve Nash,Brandon Roy,Jerryd Bayless,Joel Przybilla,LaMarcus Aldridge,Steve Blake,3,5:14,POR,sub,,,,Jerryd Bayless,,Andre Miller,,,,,,,,,,,,
Alando Tucker,Amare Stoudemire,Channing Frye,Jared Dudley,Steve Nash,Brandon Roy,Jerryd Bayless,Joel Przybilla,LaMarcus Aldridge,Steve Blake,3,5:14,PHX,sub,,,,Alando Tucker,,Grant Hill,,,,,,,,,,,,
Alando Tucker,Amare Stoudemire,Channing Frye,Jared Dudley,Steve Nash,Brandon Roy,Jerryd Bayless,Joel Przybilla,LaMarcus Aldridge,Steve Blake,3,4:54,POR,shot,,,,,,,,,,Joel Przybilla,,,,missed,,layup,25,6
Alando Tucker,Amare Stoudemire,Channing Frye,Jared Dudley,Steve Nash,Brandon Roy,Jerryd Bayless,Joel Przybilla,LaMarcus Aldridge,Steve Blake,3,4:53,POR,rebound,,,,,,,,,,Joel Przybilla,,,,,,off,,
Alando Tucker,Amare Stoudemire,Channing Frye,Jared Dudley,Steve Nash,Brandon Roy,Jerryd Bayless,Joel Przybilla,LaMarcus Aldridge,Steve Blake,3,4:53,PHX,foul,,,,,,,,Joel Przybilla,,Jared Dudley,,,,,,personal,,
Alando Tucker,Amare Stoudemire,Channing Frye,Jared Dudley,Steve Nash,Brandon Roy,Jerryd Bayless,Joel Przybilla,LaMarcus Aldridge,Steve Blake,3,4:53,POR,free throw,,,,,,,1,,2,Joel Przybilla,,,foul,missed,,,,
Alando Tucker,Amare Stoudemire,Channing Frye,Jared Dudley,Steve Nash,Brandon Roy,Jerryd Bayless,Joel Przybilla,LaMarcus Aldridge,Steve Blake,3,4:53,POR,rebound,,,,,,,,,,,,,,,,,,
Alando Tucker,Amare Stoudemire,Channing Frye,Jared Dudley,Steve Nash,Brandon Roy,Jerryd Bayless,Joel Przybilla,LaMarcus Aldridge,Steve Blake,3,4:53,POR,free throw,,,,,,,2,,2,Joel Przybilla,,,foul,made,,,,
Alando Tucker,Amare Stoudemire,Channing Frye,Jared Dudley,Steve Nash,Brandon Roy,Jerryd Bayless,Joel Przybilla,LaMarcus Aldridge,Steve Blake,3,4:32,PHX,shot,Channing Frye,,,,,,,,,Amare Stoudemire,2,,,made,,dunk,25,6
Alando Tucker,Amare Stoudemire,Channing Frye,Jared Dudley,Steve Nash,Brandon Roy,Jerryd Bayless,Joel Przybilla,LaMarcus Aldridge,Steve Blake,3,4:08,POR,shot,,,,,,,,,,Brandon Roy,2,,,made,,driving layup,25,6
Alando Tucker,Amare Stoudemire,Channing Frye,Jared Dudley,Steve Nash,Brandon Roy,Jerryd Bayless,LaMarcus Aldridge,Martell Webster,Steve Blake,3,4:02,POR,sub,,,,Martell Webster,,Joel Przybilla,,,,,,,,,,,,
Alando Tucker,Amare Stoudemire,Channing Frye,Jared Dudley,Steve Nash,Brandon Roy,Jerryd Bayless,LaMarcus Aldridge,Martell Webster,Steve Blake,3,4:02,PHX,timeout,,,,,,,,,,,,,,,,regular,,
Alando Tucker,Amare Stoudemire,Channing Frye,Jared Dudley,Steve Nash,Brandon Roy,Jerryd Bayless,LaMarcus Aldridge,Martell Webster,Steve Blake,3,3:49,PHX,shot,Steve Nash,,,,,,,,,Jared Dudley,3,,,made,,3pt,2,9
Alando Tucker,Amare Stoudemire,Channing Frye,Jared Dudley,Steve Nash,Brandon Roy,Jerryd Bayless,LaMarcus Aldridge,Martell Webster,Steve Blake,3,3:25,POR,shot,,,,,,,,,,Jerryd Bayless,2,,,made,,driving finger roll layup,25,6
Alando Tucker,Amare Stoudemire,Channing Frye,Jared Dudley,Steve Nash,Brandon Roy,Jerryd Bayless,LaMarcus Aldridge,Martell Webster,Steve Blake,3,3:12,PHX,shot,,,,,,,,,,Steve Nash,2,,,made,,pullup jump,41,17
Alando Tucker,Amare Stoudemire,Channing Frye,Jared Dudley,Steve Nash,Brandon Roy,Jerryd Bayless,LaMarcus Aldridge,Martell Webster,Steve Blake,3,2:56,POR,shot,,,,,,,,,,Jerryd Bayless,,,,missed,,jump,18,8
Alando Tucker,Amare Stoudemire,Channing Frye,Jared Dudley,Steve Nash,Brandon Roy,Jerryd Bayless,LaMarcus Aldridge,Martell Webster,Steve Blake,3,2:56,PHX,rebound,,,,,,,,,,,,,,,,,,
Alando Tucker,Amare Stoudemire,Channing Frye,Jared Dudley,Steve Nash,Brandon Roy,Jerryd Bayless,LaMarcus Aldridge,Martell Webster,Steve Blake,3,2:56,POR,foul,,,,,,,,Channing Frye,,LaMarcus Aldridge,,,,,,loose ball,,
Alando Tucker,Amare Stoudemire,Channing Frye,Jared Dudley,Steve Nash,Brandon Roy,Jerryd Bayless,LaMarcus Aldridge,Martell Webster,Steve Blake,3,2:40,PHX,shot,Jared Dudley,,,,,,,,,Alando Tucker,2,,,made,,driving layup,25,6
Alando Tucker,Amare Stoudemire,Channing Frye,Jared Dudley,Steve Nash,Brandon Roy,Jerryd Bayless,LaMarcus Aldridge,Martell Webster,Steve Blake,3,2:17,POR,shot,,,,,,,,,,Jerryd Bayless,,,,missed,,jump,37,21
Alando Tucker,Amare Stoudemire,Channing Frye,Jared Dudley,Steve Nash,Brandon Roy,Jerryd Bayless,LaMarcus Aldridge,Martell Webster,Steve Blake,3,2:16,POR,rebound,,,,,,,,,,LaMarcus Aldridge,,,,,,off,,
Alando Tucker,Amare Stoudemire,Channing Frye,Jared Dudley,Steve Nash,Brandon Roy,Jerryd Bayless,LaMarcus Aldridge,Martell Webster,Steve Blake,3,2:16,POR,shot,,,,,,,,,,LaMarcus Aldridge,,,,missed,,tip,25,6
Alando Tucker,Amare Stoudemire,Channing Frye,Jared Dudley,Steve Nash,Brandon Roy,Jerryd Bayless,LaMarcus Aldridge,Martell Webster,Steve Blake,3,2:15,PHX,rebound,,,,,,,,,,Channing Frye,,,,,,def,,
Alando Tucker,Amare Stoudemire,Channing Frye,Jared Dudley,Steve Nash,Brandon Roy,Jerryd Bayless,LaMarcus Aldridge,Martell Webster,Steve Blake,3,2:08,PHX,shot,,,,,,,,,,Jared Dudley,,,,missed,,alley oop layup,25,6
Alando Tucker,Amare Stoudemire,Channing Frye,Jared Dudley,Steve Nash,Brandon Roy,Jerryd Bayless,LaMarcus Aldridge,Martell Webster,Steve Blake,3,2:06,POR,rebound,,,,,,,,,,Martell Webster,,,,,,def,,
Alando Tucker,Amare Stoudemire,Channing Frye,Jared Dudley,Steve Nash,Brandon Roy,Jerryd Bayless,LaMarcus Aldridge,Martell Webster,Steve Blake,3,1:48,POR,shot,Brandon Roy,,,,,,,,,Steve Blake,3,,,made,,3pt,36,28
Alando Tucker,Amare Stoudemire,Channing Frye,Jared Dudley,Steve Nash,Brandon Roy,Jerryd Bayless,LaMarcus Aldridge,Martell Webster,Steve Blake,3,1:33,PHX,turnover,,,,,,,,,,Jared Dudley,,,lost ball,,Brandon Roy,,,
Alando Tucker,Amare Stoudemire,Channing Frye,Jared Dudley,Steve Nash,Brandon Roy,Jerryd Bayless,LaMarcus Aldridge,Martell Webster,Steve Blake,3,1:26,POR,shot,,,,,,,,,,Martell Webster,,,,missed,,3pt,2,6
Alando Tucker,Amare Stoudemire,Channing Frye,Jared Dudley,Steve Nash,Brandon Roy,Jerryd Bayless,LaMarcus Aldridge,Martell Webster,Steve Blake,3,1:26,PHX,rebound,,,,,,,,,,Amare Stoudemire,,,,,,def,,
Alando Tucker,Amare Stoudemire,Channing Frye,Jared Dudley,Steve Nash,Brandon Roy,Jerryd Bayless,LaMarcus Aldridge,Martell Webster,Steve Blake,3,1:06,PHX,shot,,,,,,,,,,Channing Frye,,,,missed,,3pt,47,6
Alando Tucker,Amare Stoudemire,Channing Frye,Jared Dudley,Steve Nash,Brandon Roy,Jerryd Bayless,LaMarcus Aldridge,Martell Webster,Steve Blake,3,1:05,POR,rebound,,,,,,,,,,LaMarcus Aldridge,,,,,,def,,
Alando Tucker,Amare Stoudemire,Channing Frye,Jared Dudley,Steve Nash,Brandon Roy,Jerryd Bayless,LaMarcus Aldridge,Martell Webster,Steve Blake,3,0:56,POR,shot,,,,,,,,,,Steve Blake,,,,missed,,3pt,34,29
Alando Tucker,Amare Stoudemire,Channing Frye,Jared Dudley,Steve Nash,Brandon Roy,Jerryd Bayless,LaMarcus Aldridge,Martell Webster,Steve Blake,3,0:54,POR,rebound,,,,,,,,,,Steve Blake,,,,,,off,,
Alando Tucker,Amare Stoudemire,Channing Frye,Jared Dudley,Steve Nash,Brandon Roy,Jerryd Bayless,LaMarcus Aldridge,Martell Webster,Steve Blake,3,0:51,POR,shot,Jerryd Bayless,,,,,,,,,Martell Webster,3,,,made,,3pt,2,6
Alando Tucker,Amare Stoudemire,Channing Frye,Jared Dudley,Steve Nash,Brandon Roy,Jerryd Bayless,LaMarcus Aldridge,Martell Webster,Steve Blake,3,0:35,POR,foul,,,,,,,,Amare Stoudemire,,Steve Blake,,,,,,shooting,,
Alando Tucker,Amare Stoudemire,Channing Frye,Jared Dudley,Steve Nash,Brandon Roy,Jerryd Bayless,Joel Przybilla,Martell Webster,Steve Blake,3,0:35,POR,sub,,,,Joel Przybilla,,LaMarcus Aldridge,,,,,,,,,,,,
Alando Tucker,Amare Stoudemire,Channing Frye,Goran Dragic,Jared Dudley,Brandon Roy,Jerryd Bayless,Joel Przybilla,Martell Webster,Steve Blake,3,0:35,PHX,sub,,,,Goran Dragic,,Steve Nash,,,,,,,,,,,,
Alando Tucker,Amare Stoudemire,Channing Frye,Goran Dragic,Jared Dudley,Brandon Roy,Jerryd Bayless,Joel Przybilla,Martell Webster,Steve Blake,3,0:35,PHX,free throw,,,,,,,1,,2,Amare Stoudemire,,,foul,made,,,,
Alando Tucker,Amare Stoudemire,Goran Dragic,Jared Dudley,Louis Amundson,Brandon Roy,Jerryd Bayless,Joel Przybilla,Martell Webster,Steve Blake,3,0:35,PHX,sub,,,,Louis Amundson,,Channing Frye,,,,,,,,,,,,
Alando Tucker,Amare Stoudemire,Goran Dragic,Jared Dudley,Louis Amundson,Brandon Roy,Jerryd Bayless,Joel Przybilla,Martell Webster,Steve Blake,3,0:35,PHX,free throw,,,,,,,2,,2,Amare Stoudemire,,,foul,made,,,,
Alando Tucker,Amare Stoudemire,Goran Dragic,Jared Dudley,Louis Amundson,Brandon Roy,Jerryd Bayless,Joel Przybilla,Martell Webster,Steve Blake,3,0:26,POR,shot,,,,,,,,,,Brandon Roy,,,,missed,,driving layup,25,6
Alando Tucker,Amare Stoudemire,Goran Dragic,Jared Dudley,Louis Amundson,Brandon Roy,Jerryd Bayless,Joel Przybilla,Martell Webster,Steve Blake,3,0:25,PHX,rebound,,,,,,,,,,Amare Stoudemire,,,,,,def,,
Alando Tucker,Amare Stoudemire,Goran Dragic,Jared Dudley,Louis Amundson,Brandon Roy,Jerryd Bayless,Joel Przybilla,Martell Webster,Steve Blake,3,0:03,PHX,foul,,,,,,,,Jerryd Bayless,,Alando Tucker,,,,,,offensive,,
Alando Tucker,Amare Stoudemire,Goran Dragic,Jared Dudley,Louis Amundson,Brandon Roy,Jerryd Bayless,Joel Przybilla,Martell Webster,Steve Blake,3,0:03,PHX,turnover,,,,,,,,,,Alando Tucker,,,foul,,,,,
Alando Tucker,Amare Stoudemire,Goran Dragic,Jared Dudley,Louis Amundson,Brandon Roy,Jerryd Bayless,Joel Przybilla,Martell Webster,Steve Blake,3,0:00,POR,shot,,,,,,,,,,Martell Webster,,,,missed,,3pt,8,43
Alando Tucker,Amare Stoudemire,Goran Dragic,Jared Dudley,Louis Amundson,Brandon Roy,Jerryd Bayless,Joel Przybilla,Martell Webster,Steve Blake,3,0:00,POR,rebound,,,,,,,,,,,,,,,,,,
Alando Tucker,Amare Stoudemire,Goran Dragic,Jared Dudley,Louis Amundson,Brandon Roy,Jerryd Bayless,Joel Przybilla,Martell Webster,Steve Blake,4,11:41,PHX,shot,Goran Dragic,,,,,,,,,Jared Dudley,2,,,made,,jump,41,11
Alando Tucker,Amare Stoudemire,Goran Dragic,Jared Dudley,Louis Amundson,Brandon Roy,Jerryd Bayless,Joel Przybilla,Martell Webster,Steve Blake,4,11:23,POR,shot,Martell Webster,,,,,,,,,Brandon Roy,3,,,made,,3pt,33,29
Alando Tucker,Amare Stoudemire,Goran Dragic,Jared Dudley,Louis Amundson,Brandon Roy,Jerryd Bayless,Joel Przybilla,Martell Webster,Steve Blake,4,10:57,PHX,shot,,,,,,,,,,Amare Stoudemire,,,,missed,,jump,35,24
Alando Tucker,Amare Stoudemire,Goran Dragic,Jared Dudley,Louis Amundson,Brandon Roy,Jerryd Bayless,Joel Przybilla,Martell Webster,Steve Blake,4,10:56,POR,rebound,,,,,,,,,,Jerryd Bayless,,,,,,def,,
Alando Tucker,Amare Stoudemire,Goran Dragic,Jared Dudley,Louis Amundson,Brandon Roy,Jerryd Bayless,Joel Przybilla,Martell Webster,Steve Blake,4,10:56,PHX,foul,,,,,,,,Jerryd Bayless,,Alando Tucker,,,,,,personal,,
Alando Tucker,Amare Stoudemire,Goran Dragic,Jared Dudley,Louis Amundson,Brandon Roy,Jerryd Bayless,Joel Przybilla,Martell Webster,Steve Blake,4,10:35,POR,shot,,,,,,,,,,Brandon Roy,,,,missed,,pullup jump,32,10
Alando Tucker,Amare Stoudemire,Goran Dragic,Jared Dudley,Louis Amundson,Brandon Roy,Jerryd Bayless,Joel Przybilla,Martell Webster,Steve Blake,4,10:32,POR,rebound,,,,,,,,,,,,,,,,,,
Alando Tucker,Amare Stoudemire,Goran Dragic,Jared Dudley,Louis Amundson,Brandon Roy,Jerryd Bayless,Joel Przybilla,Martell Webster,Steve Blake,4,10:23,PHX,foul,,,,,,,,Martell Webster,,Alando Tucker,,,,,,personal,,
Alando Tucker,Amare Stoudemire,Goran Dragic,Jared Dudley,Louis Amundson,Brandon Roy,Jerryd Bayless,Joel Przybilla,Martell Webster,Steve Blake,4,10:17,POR,shot,Jerryd Bayless,,,,,,,,,Martell Webster,3,,,made,,3pt,36,28
Alando Tucker,Amare Stoudemire,Goran Dragic,Jared Dudley,Louis Amundson,Brandon Roy,Jerryd Bayless,Joel Przybilla,Martell Webster,Steve Blake,4,10:08,PHX,timeout,,,,,,,,,,,,,,,,regular,,
Amare Stoudemire,Goran Dragic,Jared Dudley,Louis Amundson,Steve Nash,Brandon Roy,Jerryd Bayless,Joel Przybilla,Martell Webster,Steve Blake,4,10:08,PHX,sub,,,,Steve Nash,,Alando Tucker,,,,,,,,,,,,
Amare Stoudemire,Grant Hill,Jared Dudley,Louis Amundson,Steve Nash,Brandon Roy,Jerryd Bayless,Joel Przybilla,Martell Webster,Steve Blake,4,10:08,PHX,sub,,,,Grant Hill,,Goran Dragic,,,,,,,,,,,,
Amare Stoudemire,Grant Hill,Jared Dudley,Louis Amundson,Steve Nash,Brandon Roy,Jerryd Bayless,Joel Przybilla,Martell Webster,Steve Blake,4,9:54,PHX,turnover,,,,,,,,,,Amare Stoudemire,,,step out of bounds turnover,,,,,
Amare Stoudemire,Grant Hill,Jared Dudley,Louis Amundson,Steve Nash,Brandon Roy,Jerryd Bayless,Joel Przybilla,Martell Webster,Steve Blake,4,9:35,POR,shot,,,,,,,,,,Brandon Roy,2,,,made,,turnaround jump,21,19
Amare Stoudemire,Grant Hill,Jared Dudley,Louis Amundson,Steve Nash,Brandon Roy,Jerryd Bayless,Joel Przybilla,Martell Webster,Steve Blake,4,9:20,PHX,shot,Steve Nash,,,,,,,,,Jared Dudley,3,,,made,,3pt,20,30
Amare Stoudemire,Grant Hill,Jared Dudley,Louis Amundson,Steve Nash,Brandon Roy,Jerryd Bayless,Joel Przybilla,Martell Webster,Steve Blake,4,8:56,POR,shot,,,,,,,,,,Brandon Roy,,,,missed,,running jump,20,9
Amare Stoudemire,Grant Hill,Jared Dudley,Louis Amundson,Steve Nash,Brandon Roy,Jerryd Bayless,Joel Przybilla,Martell Webster,Steve Blake,4,8:55,POR,rebound,,,,,,,,,,Brandon Roy,,,,,,off,,
Amare Stoudemire,Grant Hill,Jared Dudley,Louis Amundson,Steve Nash,Brandon Roy,Jerryd Bayless,Joel Przybilla,Martell Webster,Steve Blake,4,8:55,POR,shot,,,,,,,,,,Brandon Roy,,,,missed,,tip,25,6
Amare Stoudemire,Grant Hill,Jared Dudley,Louis Amundson,Steve Nash,Brandon Roy,Jerryd Bayless,Joel Przybilla,Martell Webster,Steve Blake,4,8:54,POR,rebound,,,,,,,,,,Brandon Roy,,,,,,off,,
Amare Stoudemire,Grant Hill,Jared Dudley,Louis Amundson,Steve Nash,Brandon Roy,Jerryd Bayless,Joel Przybilla,Martell Webster,Steve Blake,4,8:47,POR,shot,Brandon Roy,,,,,,,,,Steve Blake,3,,,made,,3pt,48,7
Amare Stoudemire,Grant Hill,Jared Dudley,Louis Amundson,Steve Nash,Brandon Roy,Jerryd Bayless,Joel Przybilla,Martell Webster,Steve Blake,4,8:29,POR,foul,,,,,,,,Steve Nash,,Steve Blake,,,,,,personal,,
Amare Stoudemire,Channing Frye,Grant Hill,Jared Dudley,Steve Nash,Brandon Roy,Jerryd Bayless,Joel Przybilla,Martell Webster,Steve Blake,4,8:29,PHX,sub,,,,Channing Frye,,Louis Amundson,,,,,,,,,,,,
Amare Stoudemire,Channing Frye,Grant Hill,Jared Dudley,Steve Nash,Brandon Roy,Jerryd Bayless,Joel Przybilla,Martell Webster,Steve Blake,4,8:18,PHX,shot,,,,,,,,,,Amare Stoudemire,2,,,made,,driving slam dunk,25,6
Amare Stoudemire,Channing Frye,Grant Hill,Jared Dudley,Steve Nash,Brandon Roy,Jerryd Bayless,Joel Przybilla,Martell Webster,Steve Blake,4,7:58,POR,shot,,,,,,,,,,Steve Blake,,,,missed,,3pt,2,6
Amare Stoudemire,Channing Frye,Grant Hill,Jared Dudley,Steve Nash,Brandon Roy,Jerryd Bayless,Joel Przybilla,Martell Webster,Steve Blake,4,7:56,PHX,rebound,,,,,,,,,,Channing Frye,,,,,,def,,
Amare Stoudemire,Channing Frye,Grant Hill,Jared Dudley,Steve Nash,Brandon Roy,Jerryd Bayless,Joel Przybilla,Martell Webster,Steve Blake,4,7:40,PHX,shot,,,,,,,,,,Jared Dudley,,,,missed,,turnaround jump,22,10
Amare Stoudemire,Channing Frye,Grant Hill,Jared Dudley,Steve Nash,Brandon Roy,Jerryd Bayless,Joel Przybilla,Martell Webster,Steve Blake,4,7:39,POR,rebound,,,,,,,,,,Jerryd Bayless,,,,,,def,,
Amare Stoudemire,Channing Frye,Grant Hill,Jared Dudley,Steve Nash,Brandon Roy,Jerryd Bayless,Joel Przybilla,Martell Webster,Steve Blake,4,7:28,PHX,foul,,,,,,,,Jerryd Bayless,,Jared Dudley,,,,,,shooting,,
Amare Stoudemire,Channing Frye,Grant Hill,Jared Dudley,Steve Nash,Brandon Roy,Jerryd Bayless,LaMarcus Aldridge,Martell Webster,Steve Blake,4,7:28,POR,sub,,,,LaMarcus Aldridge,,Joel Przybilla,,,,,,,,,,,,
Amare Stoudemire,Channing Frye,Grant Hill,Jared Dudley,Steve Nash,Brandon Roy,Jerryd Bayless,LaMarcus Aldridge,Martell Webster,Steve Blake,4,7:28,POR,free throw,,,,,,,1,,2,Jerryd Bayless,,,foul,missed,,,,
Amare Stoudemire,Channing Frye,Grant Hill,Jared Dudley,Steve Nash,Brandon Roy,Jerryd Bayless,LaMarcus Aldridge,Martell Webster,Steve Blake,4,7:28,POR,rebound,,,,,,,,,,,,,,,,,,
Amare Stoudemire,Channing Frye,Grant Hill,Jared Dudley,Steve Nash,Brandon Roy,Jerryd Bayless,LaMarcus Aldridge,Martell Webster,Steve Blake,4,7:28,POR,free throw,,,,,,,2,,2,Jerryd Bayless,,,foul,made,,,,
Amare Stoudemire,Channing Frye,Grant Hill,Jared Dudley,Steve Nash,Brandon Roy,Jerryd Bayless,LaMarcus Aldridge,Martell Webster,Steve Blake,4,7:11,PHX,foul,,,,,,,,Jerryd Bayless,,Grant Hill,,,,,,offensive,,
Amare Stoudemire,Channing Frye,Grant Hill,Jared Dudley,Steve Nash,Brandon Roy,Jerryd Bayless,LaMarcus Aldridge,Martell Webster,Steve Blake,4,7:11,PHX,turnover,,,,,,,,,,Grant Hill,,,foul,,,,,
Amare Stoudemire,Channing Frye,Grant Hill,Jared Dudley,Steve Nash,Brandon Roy,Jerryd Bayless,LaMarcus Aldridge,Martell Webster,Steve Blake,4,7:01,POR,shot,,,,,,,,,,Jerryd Bayless,2,,,made,,pullup jump,28,26
Amare Stoudemire,Channing Frye,Grant Hill,Jared Dudley,Steve Nash,Brandon Roy,Jerryd Bayless,LaMarcus Aldridge,Martell Webster,Steve Blake,4,6:42,PHX,shot,,,,,,,,,,Amare Stoudemire,,,,missed,,driving jump,26,9
Amare Stoudemire,Channing Frye,Grant Hill,Jared Dudley,Steve Nash,Brandon Roy,Jerryd Bayless,LaMarcus Aldridge,Martell Webster,Steve Blake,4,6:41,PHX,rebound,,,,,,,,,,Amare Stoudemire,,,,,,off,,
Amare Stoudemire,Channing Frye,Grant Hill,Jared Dudley,Steve Nash,Brandon Roy,Jerryd Bayless,LaMarcus Aldridge,Martell Webster,Steve Blake,4,6:41,POR,foul,,,,,,,,Amare Stoudemire,,Martell Webster,,,,,,shooting,,
Amare Stoudemire,Channing Frye,Grant Hill,Jared Dudley,Steve Nash,Brandon Roy,Jerryd Bayless,LaMarcus Aldridge,Martell Webster,Steve Blake,4,6:41,PHX,free throw,,,,,,,1,,2,Amare Stoudemire,,,foul,made,,,,
Amare Stoudemire,Channing Frye,Grant Hill,Jared Dudley,Steve Nash,Brandon Roy,Jerryd Bayless,LaMarcus Aldridge,Martell Webster,Steve Blake,4,6:41,PHX,free throw,,,,,,,2,,2,Amare Stoudemire,,,foul,made,,,,
Amare Stoudemire,Channing Frye,Grant Hill,Jared Dudley,Steve Nash,Brandon Roy,Jerryd Bayless,LaMarcus Aldridge,Martell Webster,Steve Blake,4,6:30,POR,shot,,,,,,,,,,Jerryd Bayless,2,,,made,,driving layup,25,6
Amare Stoudemire,Channing Frye,Grant Hill,Jared Dudley,Steve Nash,Brandon Roy,Jerryd Bayless,LaMarcus Aldridge,Martell Webster,Steve Blake,4,6:14,PHX,shot,,,,,,,,,,Grant Hill,,,,missed,,turnaround fade away,37,7
Amare Stoudemire,Channing Frye,Grant Hill,Jared Dudley,Steve Nash,Brandon Roy,Jerryd Bayless,LaMarcus Aldridge,Martell Webster,Steve Blake,4,6:13,POR,rebound,,,,,,,,,,Brandon Roy,,,,,,def,,
Amare Stoudemire,Channing Frye,Grant Hill,Jared Dudley,Steve Nash,Brandon Roy,Jerryd Bayless,LaMarcus Aldridge,Martell Webster,Steve Blake,4,6:05,POR,shot,,,,,,,,,,Jerryd Bayless,,,,missed,,3pt,2,7
Amare Stoudemire,Channing Frye,Grant Hill,Jared Dudley,Steve Nash,Brandon Roy,Jerryd Bayless,LaMarcus Aldridge,Martell Webster,Steve Blake,4,6:04,PHX,rebound,,,,,,,,,,Jared Dudley,,,,,,def,,
Amare Stoudemire,Channing Frye,Grant Hill,Jared Dudley,Steve Nash,Brandon Roy,Jerryd Bayless,LaMarcus Aldridge,Martell Webster,Steve Blake,4,6:04,POR,foul,,,,,,,,Jared Dudley,,Brandon Roy,,,,,,personal,,
Amare Stoudemire,Channing Frye,Grant Hill,Jared Dudley,Steve Nash,Brandon Roy,Jerryd Bayless,LaMarcus Aldridge,Martell Webster,Steve Blake,4,5:47,PHX,shot,,,,,,,,,,Channing Frye,,,,missed,,3pt,20,30
Amare Stoudemire,Channing Frye,Grant Hill,Jared Dudley,Steve Nash,Brandon Roy,Jerryd Bayless,LaMarcus Aldridge,Martell Webster,Steve Blake,4,5:47,PHX,rebound,,,,,,,,,,,,,,,,,,
Amare Stoudemire,Channing Frye,Grant Hill,Jared Dudley,Steve Nash,Brandon Roy,Jerryd Bayless,LaMarcus Aldridge,Martell Webster,Steve Blake,4,5:47,POR,foul,,,,,,,,Amare Stoudemire,,Steve Blake,,,,,,loose ball,,
Amare Stoudemire,Channing Frye,Grant Hill,Jared Dudley,Steve Nash,Brandon Roy,Jerryd Bayless,LaMarcus Aldridge,Martell Webster,Steve Blake,4,5:47,PHX,timeout,,,,,,,,,,,,,,,,official,,
Amare Stoudemire,Channing Frye,Grant Hill,Jared Dudley,Steve Nash,Brandon Roy,Jerryd Bayless,LaMarcus Aldridge,Martell Webster,Steve Blake,4,5:27,PHX,shot,Steve Nash,,,,,,,,,Jared Dudley,2,,,made,,pullup jump,21,28
Amare Stoudemire,Channing Frye,Grant Hill,Jared Dudley,Steve Nash,Brandon Roy,Jerryd Bayless,LaMarcus Aldridge,Martell Webster,Steve Blake,4,5:07,POR,shot,Steve Blake,,,,,,,,,Jerryd Bayless,3,,,made,,3pt,48,5
Amare Stoudemire,Channing Frye,Grant Hill,Jared Dudley,Steve Nash,Brandon Roy,Jerryd Bayless,LaMarcus Aldridge,Martell Webster,Steve Blake,4,4:55,PHX,shot,,,,,,,,,,Steve Nash,,,,missed,,3pt,18,29
Amare Stoudemire,Channing Frye,Grant Hill,Jared Dudley,Steve Nash,Brandon Roy,Jerryd Bayless,LaMarcus Aldridge,Martell Webster,Steve Blake,4,4:55,POR,rebound,,,,,,,,,,Brandon Roy,,,,,,def,,
Amare Stoudemire,Channing Frye,Grant Hill,Jared Dudley,Steve Nash,Brandon Roy,Jerryd Bayless,LaMarcus Aldridge,Martell Webster,Steve Blake,4,4:46,POR,shot,,,,,,,,,,Brandon Roy,2,,,made,,hook,21,9
Amare Stoudemire,Channing Frye,Grant Hill,Jared Dudley,Steve Nash,Brandon Roy,Jerryd Bayless,LaMarcus Aldridge,Martell Webster,Steve Blake,4,4:25,PHX,shot,,,,,,,,,,Amare Stoudemire,,,,missed,,turnaround hook,15,7
Amare Stoudemire,Channing Frye,Grant Hill,Jared Dudley,Steve Nash,Brandon Roy,Jerryd Bayless,LaMarcus Aldridge,Martell Webster,Steve Blake,4,4:24,POR,rebound,,,,,,,,,,LaMarcus Aldridge,,,,,,def,,
Amare Stoudemire,Channing Frye,Grant Hill,Jared Dudley,Steve Nash,Brandon Roy,Jerryd Bayless,LaMarcus Aldridge,Martell Webster,Steve Blake,4,4:17,PHX,foul,,,,,,,,Brandon Roy,,Jared Dudley,,,,,,shooting,,
Amare Stoudemire,Channing Frye,Grant Hill,Jared Dudley,Steve Nash,Brandon Roy,Jerryd Bayless,LaMarcus Aldridge,Martell Webster,Steve Blake,4,4:17,POR,free throw,,,,,,,1,,2,Brandon Roy,,,foul,missed,,,,
Amare Stoudemire,Channing Frye,Grant Hill,Jared Dudley,Steve Nash,Brandon Roy,Jerryd Bayless,LaMarcus Aldridge,Martell Webster,Steve Blake,4,4:17,POR,rebound,,,,,,,,,,,,,,,,,,
Amare Stoudemire,Channing Frye,Grant Hill,Jared Dudley,Steve Nash,Brandon Roy,Jerryd Bayless,LaMarcus Aldridge,Martell Webster,Steve Blake,4,4:17,POR,free throw,,,,,,,2,,2,Brandon Roy,,,foul,made,,,,
Amare Stoudemire,Channing Frye,Grant Hill,Jared Dudley,Steve Nash,Brandon Roy,Jerryd Bayless,LaMarcus Aldridge,Martell Webster,Steve Blake,4,3:59,PHX,shot,,,,,,,,,,Amare Stoudemire,,,,missed,,jump,37,21
Amare Stoudemire,Channing Frye,Grant Hill,Jared Dudley,Steve Nash,Brandon Roy,Jerryd Bayless,LaMarcus Aldridge,Martell Webster,Steve Blake,4,3:58,POR,rebound,,,,,,,,,,Martell Webster,,,,,,def,,
Amare Stoudemire,Channing Frye,Grant Hill,Jared Dudley,Steve Nash,Brandon Roy,Jerryd Bayless,LaMarcus Aldridge,Martell Webster,Steve Blake,4,3:50,POR,shot,Brandon Roy,,,,,,,,,Jerryd Bayless,2,,,made,,reverse layup,25,6
Amare Stoudemire,Channing Frye,Grant Hill,Jared Dudley,Steve Nash,Brandon Roy,Jerryd Bayless,LaMarcus Aldridge,Martell Webster,Steve Blake,4,3:43,PHX,timeout,,,,,,,,,,,,,,,,regular,,
Amare Stoudemire,Goran Dragic,Grant Hill,Jared Dudley,Steve Nash,Brandon Roy,Jerryd Bayless,LaMarcus Aldridge,Martell Webster,Steve Blake,4,3:43,PHX,sub,,,,Goran Dragic,,Channing Frye,,,,,,,,,,,,
Amare Stoudemire,Goran Dragic,Grant Hill,Jared Dudley,Steve Nash,Brandon Roy,Jerryd Bayless,LaMarcus Aldridge,Martell Webster,Steve Blake,4,3:23,PHX,shot,,,,,,,,,,Amare Stoudemire,,,,missed,,fade away jumper,36,8
Amare Stoudemire,Goran Dragic,Grant Hill,Jared Dudley,Steve Nash,Brandon Roy,Jerryd Bayless,LaMarcus Aldridge,Martell Webster,Steve Blake,4,3:22,POR,rebound,,,,,,,,,,Steve Blake,,,,,,def,,
Amare Stoudemire,Goran Dragic,Grant Hill,Jared Dudley,Steve Nash,Brandon Roy,Jerryd Bayless,LaMarcus Aldridge,Martell Webster,Steve Blake,4,3:02,POR,shot,,,,,,,,,,Brandon Roy,2,,,made,,pullup jump,17,25
Amare Stoudemire,Goran Dragic,Grant Hill,Jared Dudley,Steve Nash,Brandon Roy,Jerryd Bayless,LaMarcus Aldridge,Martell Webster,Steve Blake,4,2:46,PHX,shot,Jared Dudley,,,,,,,,,Grant Hill,2,,,made,,jump,25,21
Amare Stoudemire,Goran Dragic,Grant Hill,Jared Dudley,Steve Nash,Brandon Roy,Jerryd Bayless,LaMarcus Aldridge,Martell Webster,Steve Blake,4,2:24,POR,shot,Brandon Roy,,,,,,,,,Jerryd Bayless,3,,,made,,3pt,47,6
Amare Stoudemire,Goran Dragic,Grant Hill,Jared Dudley,Steve Nash,Brandon Roy,Jerryd Bayless,LaMarcus Aldridge,Martell Webster,Steve Blake,4,2:07,PHX,shot,,,Martell Webster,,,,,,,Amare Stoudemire,,,,missed,,jump,24,20
Amare Stoudemire,Goran Dragic,Grant Hill,Jared Dudley,Steve Nash,Brandon Roy,Jerryd Bayless,LaMarcus Aldridge,Martell Webster,Steve Blake,4,2:06,POR,rebound,,,,,,,,,,Jerryd Bayless,,,,,,def,,
Amare Stoudemire,Goran Dragic,Grant Hill,Jared Dudley,Steve Nash,Brandon Roy,Jerryd Bayless,LaMarcus Aldridge,Martell Webster,Steve Blake,4,1:48,PHX,foul,,,,,,,,Brandon Roy,,Amare Stoudemire,,,,,,personal,,
Amare Stoudemire,Goran Dragic,Grant Hill,Jared Dudley,Steve Nash,Brandon Roy,Jerryd Bayless,LaMarcus Aldridge,Martell Webster,Steve Blake,4,1:48,POR,free throw,,,,,,,1,,2,Brandon Roy,,,foul,made,,,,
Amare Stoudemire,Goran Dragic,Grant Hill,Jared Dudley,Steve Nash,Brandon Roy,Jerryd Bayless,LaMarcus Aldridge,Martell Webster,Steve Blake,4,1:48,POR,free throw,,,,,,,2,,2,Brandon Roy,,,foul,missed,,,,
Amare Stoudemire,Goran Dragic,Grant Hill,Jared Dudley,Steve Nash,Brandon Roy,Jerryd Bayless,LaMarcus Aldridge,Martell Webster,Steve Blake,4,1:47,POR,rebound,,,,,,,,,,Martell Webster,,,,,,off,,
Amare Stoudemire,Goran Dragic,Grant Hill,Jared Dudley,Steve Nash,Brandon Roy,Jerryd Bayless,LaMarcus Aldridge,Martell Webster,Steve Blake,4,1:47,POR,shot,,,,,,,,,,Martell Webster,2,,,made,,tip,25,6
Amare Stoudemire,Goran Dragic,Grant Hill,Jared Dudley,Steve Nash,Brandon Roy,Jerryd Bayless,LaMarcus Aldridge,Martell Webster,Steve Blake,4,1:39,PHX,shot,,,,,,,,,,Steve Nash,3,,,made,,3pt,41,24
Amare Stoudemire,Goran Dragic,Grant Hill,Jared Dudley,Steve Nash,Brandon Roy,Jerryd Bayless,LaMarcus Aldridge,Martell Webster,Steve Blake,4,1:16,POR,shot,,,,,,,,,,Brandon Roy,,,,missed,,jump,45,9
Amare Stoudemire,Goran Dragic,Grant Hill,Jared Dudley,Steve Nash,Brandon Roy,Jerryd Bayless,LaMarcus Aldridge,Martell Webster,Steve Blake,4,1:14,PHX,rebound,,,,,,,,,,Goran Dragic,,,,,,def,,
Amare Stoudemire,Goran Dragic,Grant Hill,Jared Dudley,Steve Nash,Brandon Roy,Jerryd Bayless,LaMarcus Aldridge,Martell Webster,Steve Blake,4,1:09,PHX,shot,,,,,,,,,,Goran Dragic,,,,missed,,layup,25,6
Amare Stoudemire,Goran Dragic,Grant Hill,Jared Dudley,Steve Nash,Brandon Roy,Jerryd Bayless,LaMarcus Aldridge,Martell Webster,Steve Blake,4,1:09,POR,rebound,,,,,,,,,,Martell Webster,,,,,,def,,
Amare Stoudemire,Goran Dragic,Grant Hill,Jared Dudley,Steve Nash,Brandon Roy,Jerryd Bayless,LaMarcus Aldridge,Martell Webster,Steve Blake,4,0:46,POR,shot,,,,,,,,,,Brandon Roy,,,,missed,,3pt,12,26
Amare Stoudemire,Goran Dragic,Grant Hill,Jared Dudley,Steve Nash,Brandon Roy,Jerryd Bayless,LaMarcus Aldridge,Martell Webster,Steve Blake,4,0:44,POR,rebound,,,,,,,,,,LaMarcus Aldridge,,,,,,off,,
Amare Stoudemire,Goran Dragic,Grant Hill,Jared Dudley,Steve Nash,Brandon Roy,Jerryd Bayless,LaMarcus Aldridge,Martell Webster,Steve Blake,4,0:44,POR,shot,,,,,,,,,,LaMarcus Aldridge,,,,missed,,tip,25,6
Amare Stoudemire,Goran Dragic,Grant Hill,Jared Dudley,Steve Nash,Brandon Roy,Jerryd Bayless,LaMarcus Aldridge,Martell Webster,Steve Blake,4,0:43,PHX,rebound,,,,,,,,,,Amare Stoudemire,,,,,,def,,
Amare Stoudemire,Goran Dragic,Grant Hill,Jared Dudley,Steve Nash,Brandon Roy,Jerryd Bayless,LaMarcus Aldridge,Martell Webster,Steve Blake,4,0:33,PHX,shot,Jared Dudley,,,,,,,,,Steve Nash,3,,,made,,3pt,47,7
Amare Stoudemire,Goran Dragic,Grant Hill,Jared Dudley,Steve Nash,Brandon Roy,Jerryd Bayless,LaMarcus Aldridge,Martell Webster,Steve Blake,4,0:33,POR,timeout,,,,,,,,,,,,,,,,regular,,
Goran Dragic,Grant Hill,Jared Dudley,Louis Amundson,Steve Nash,Brandon Roy,Jerryd Bayless,LaMarcus Aldridge,Martell Webster,Steve Blake,4,0:33,PHX,sub,,,,Louis Amundson,,Amare Stoudemire,,,,,,,,,,,,
Goran Dragic,Grant Hill,Jared Dudley,Louis Amundson,Steve Nash,Brandon Roy,Jerryd Bayless,LaMarcus Aldridge,Martell Webster,Steve Blake,4,0:12,POR,shot,,,,,,,,,,Jerryd Bayless,,,,missed,,jump,45,5
Goran Dragic,Grant Hill,Jared Dudley,Louis Amundson,Steve Nash,Brandon Roy,Jerryd Bayless,LaMarcus Aldridge,Martell Webster,Steve Blake,4,0:11,POR,rebound,,,,,,,,,,Martell Webster,,,,,,off,,
Goran Dragic,Grant Hill,Jared Dudley,Louis Amundson,Steve Nash,Brandon Roy,Jerryd Bayless,LaMarcus Aldridge,Martell Webster,Steve Blake,4,0:08,PHX,foul,,,,,,,,Jerryd Bayless,,Steve Nash,,,,,,personal,,
Amare Stoudemire,Goran Dragic,Grant Hill,Jared Dudley,Steve Nash,Brandon Roy,Jerryd Bayless,LaMarcus Aldridge,Martell Webster,Steve Blake,4,0:08,PHX,sub,,,,Amare Stoudemire,,Louis Amundson,,,,,,,,,,,,
Amare Stoudemire,Goran Dragic,Grant Hill,Jared Dudley,Steve Nash,Brandon Roy,Jerryd Bayless,LaMarcus Aldridge,Martell Webster,Steve Blake,4,0:08,POR,free throw,,,,,,,1,,2,Jerryd Bayless,,,foul,made,,,,
Amare Stoudemire,Channing Frye,Grant Hill,Jared Dudley,Steve Nash,Brandon Roy,Jerryd Bayless,LaMarcus Aldridge,Martell Webster,Steve Blake,4,0:08,PHX,sub,,,,Channing Frye,,Goran Dragic,,,,,,,,,,,,
Amare Stoudemire,Channing Frye,Grant Hill,Jared Dudley,Steve Nash,Brandon Roy,Jerryd Bayless,LaMarcus Aldridge,Martell Webster,Steve Blake,4,0:08,POR,free throw,,,,,,,2,,2,Jerryd Bayless,,,foul,made,,,,
Amare Stoudemire,Channing Frye,Grant Hill,Jared Dudley,Steve Nash,Brandon Roy,Jerryd Bayless,LaMarcus Aldridge,Martell Webster,Steve Blake,4,0:08,PHX,timeout,,,,,,,,,,,,,,,,regular,,
Amare Stoudemire,Channing Frye,Grant Hill,Jared Dudley,Steve Nash,Brandon Roy,Jerryd Bayless,LaMarcus Aldridge,Martell Webster,Steve Blake,4,0:04,PHX,shot,Amare Stoudemire,,,,,,,,,Steve Nash,2,,,made,,driving layup,25,6
Amare Stoudemire,Channing Frye,Grant Hill,Jared Dudley,Steve Nash,Brandon Roy,Jerryd Bayless,LaMarcus Aldridge,Martell Webster,Steve Blake,4,0:04,POR,timeout,,,,,,,,,,,,,,,,short,,
Channing Frye,Grant Hill,Jared Dudley,Louis Amundson,Steve Nash,Brandon Roy,Jerryd Bayless,LaMarcus Aldridge,Martell Webster,Steve Blake,4,0:04,PHX,sub,,,,Louis Amundson,,Amare Stoudemire,,,,,,,,,,,,
Channing Frye,Grant Hill,Jared Dudley,Louis Amundson,Steve Nash,Andre Miller,Brandon Roy,Jerryd Bayless,LaMarcus Aldridge,Steve Blake,4,0:04,POR,sub,,,,Andre Miller,,Martell Webster,,,,,,,,,,,,
Channing Frye,Grant Hill,Jared Dudley,Louis Amundson,Steve Nash,Andre Miller,Brandon Roy,Jerryd Bayless,LaMarcus Aldridge,Steve Blake,4,0:04,POR,timeout,,,,,,,,,,,,,,,,short,,
Goran Dragic,Grant Hill,Jared Dudley,Louis Amundson,Steve Nash,Andre Miller,Brandon Roy,Jerryd Bayless,LaMarcus Aldridge,Steve Blake,4,0:04,PHX,sub,,,,Goran Dragic,,Channing Frye,,,,,,,,,,,,
Goran Dragic,Grant Hill,Jared Dudley,Louis Amundson,Steve Nash,Andre Miller,Brandon Roy,Jerryd Bayless,LaMarcus Aldridge,Steve Blake,4,0:04,PHX,foul,,,,,,,,Jerryd Bayless,,Jared Dudley,,,,,,personal,,
Channing Frye,Goran Dragic,Grant Hill,Jared Dudley,Steve Nash,Andre Miller,Brandon Roy,Jerryd Bayless,LaMarcus Aldridge,Steve Blake,4,0:04,PHX,sub,,,,Channing Frye,,Louis Amundson,,,,,,,,,,,,
Amare Stoudemire,Channing Frye,Goran Dragic,Grant Hill,Steve Nash,Andre Miller,Brandon Roy,Jerryd Bayless,LaMarcus Aldridge,Steve Blake,4,0:04,PHX,sub,,,,Amare Stoudemire,,Jared Dudley,,,,,,,,,,,,
Amare Stoudemire,Channing Frye,Goran Dragic,Grant Hill,Steve Nash,Brandon Roy,Jerryd Bayless,LaMarcus Aldridge,Martell Webster,Steve Blake,4,0:04,POR,sub,,,,Martell Webster,,Andre Miller,,,,,,,,,,,,
Amare Stoudemire,Channing Frye,Goran Dragic,Grant Hill,Steve Nash,Brandon Roy,Jerryd Bayless,LaMarcus Aldridge,Martell Webster,Steve Blake,4,0:04,POR,free throw,,,,,,,1,,2,Jerryd Bayless,,,foul,missed,,,,
Amare Stoudemire,Channing Frye,Goran Dragic,Grant Hill,Steve Nash,Brandon Roy,Jerryd Bayless,LaMarcus Aldridge,Martell Webster,Steve Blake,4,0:04,POR,rebound,,,,,,,,,,,,,,,,,,
Amare Stoudemire,Channing Frye,Goran Dragic,Grant Hill,Steve Nash,Brandon Roy,Jerryd Bayless,LaMarcus Aldridge,Martell Webster,Steve Blake,4,0:04,POR,free throw,,,,,,,2,,2,Jerryd Bayless,,,foul,made,,,,
Amare Stoudemire,Channing Frye,Goran Dragic,Grant Hill,Steve Nash,Brandon Roy,Jerryd Bayless,LaMarcus Aldridge,Martell Webster,Steve Blake,4,0:04,PHX,timeout,,,,,,,,,,,,,,,,short,,
Amare Stoudemire,Channing Frye,Goran Dragic,Grant Hill,Steve Nash,Brandon Roy,Jerryd Bayless,LaMarcus Aldridge,Martell Webster,Steve Blake,4,0:00,PHX,shot,,,,,,,,,,Steve Nash,,,,missed,,3pt,20,30
Amare Stoudemire,Channing Frye,Goran Dragic,Grant Hill,Steve Nash,Brandon Roy,Jerryd Bayless,LaMarcus Aldridge,Martell Webster,Steve Blake,4,0:00,PHX,rebound,,,,,,,,,,,,,,,,,,
