a1,a2,a3,a4,a5,h1,h2,h3,h4,h5,period,time,team,etype,assist,away,block,entered,home,left,num,opponent,outof,player,points,possession,reason,result,steal,type,x,y
Al Jefferson,Corey Brewer,Jonny Flynn,Kevin Love,Ryan Gomes,Andrew Bynum,Derek Fisher,Kobe Bryant,Pau Gasol,Ron Artest,1,12:00,OFF,jump ball,,Al Jefferson,,,Andrew Bynum,,,,,,,Derek Fisher,,,,,,
Al Jefferson,Corey Brewer,Jonny Flynn,Kevin Love,Ryan Gomes,Andrew Bynum,Derek Fisher,Kobe Bryant,Pau Gasol,Ron Artest,1,11:43,LAL,shot,,,,,,,,,,Ron Artest,,,,missed,,jump,46,11
Al Jefferson,Corey Brewer,Jonny Flynn,Kevin Love,Ryan Gomes,Andrew Bynum,Derek Fisher,Kobe Bryant,Pau Gasol,Ron Artest,1,11:42,MIN,rebound,,,,,,,,,,Kevin Love,,,,,,def,,
Al Jefferson,Corey Brewer,Jonny Flynn,Kevin Love,Ryan Gomes,Andrew Bynum,Derek Fisher,Kobe Bryant,Pau Gasol,Ron Artest,1,11:30,MIN,shot,,,,,,,,,,Al Jefferson,,,,missed,,hook,32,9
Al Jefferson,Corey Brewer,Jonny Flynn,Kevin Love,Ryan Gomes,Andrew Bynum,Derek Fisher,Kobe Bryant,Pau Gasol,Ron Artest,1,11:28,LAL,rebound,,,,,,,,,,Pau Gasol,,,,,,def,,
Al Jefferson,Corey Brewer,Jonny Flynn,Kevin Love,Ryan Gomes,Andrew Bynum,Derek Fisher,Kobe Bryant,Pau Gasol,Ron Artest,1,11:21,LAL,shot,,,,,,,,,,Derek Fisher,,,,missed,,jump,34,22
Al Jefferson,Corey Brewer,Jonny Flynn,Kevin Love,Ryan Gomes,Andrew Bynum,Derek Fisher,Kobe Bryant,Pau Gasol,Ron Artest,1,11:20,LAL,rebound,,,,,,,,,,Pau Gasol,,,,,,off,,
Al Jefferson,Corey Brewer,Jonny Flynn,Kevin Love,Ryan Gomes,Andrew Bynum,Derek Fisher,Kobe Bryant,Pau Gasol,Ron Artest,1,11:17,LAL,shot,,,,,,,,,,Andrew Bynum,2,,,made,,layup,25,6
Al Jefferson,Corey Brewer,Jonny Flynn,Kevin Love,Ryan Gomes,Andrew Bynum,Derek Fisher,Kobe Bryant,Pau Gasol,Ron Artest,1,11:02,MIN,turnover,,,,,,,,,,Jonny Flynn,,,bad pass,,Ron Artest,,,
Al Jefferson,Corey Brewer,Jonny Flynn,Kevin Love,Ryan Gomes,Andrew Bynum,Derek Fisher,Kobe Bryant,Pau Gasol,Ron Artest,1,10:54,LAL,turnover,,,,,,,,,,Kobe Bryant,,,out of bounds lost ball turnover,,,,,
Al Jefferson,Corey Brewer,Jonny Flynn,Kevin Love,Ryan Gomes,Andrew Bynum,Derek Fisher,Kobe Bryant,Pau Gasol,Ron Artest,1,10:41,MIN,shot,Kevin Love,,,,,,,,,Jonny Flynn,2,,,made,,jump,13,23
Al Jefferson,Corey Brewer,Jonny Flynn,Kevin Love,Ryan Gomes,Andrew Bynum,Derek Fisher,Kobe Bryant,Pau Gasol,Ron Artest,1,10:26,LAL,shot,,,,,,,,,,Kobe Bryant,,,,missed,,3pt,27,31
Al Jefferson,Corey Brewer,Jonny Flynn,Kevin Love,Ryan Gomes,Andrew Bynum,Derek Fisher,Kobe Bryant,Pau Gasol,Ron Artest,1,10:24,LAL,rebound,,,,,,,,,,Pau Gasol,,,,,,off,,
Al Jefferson,Corey Brewer,Jonny Flynn,Kevin Love,Ryan Gomes,Andrew Bynum,Derek Fisher,Kobe Bryant,Pau Gasol,Ron Artest,1,10:24,LAL,shot,,,,,,,,,,Pau Gasol,2,,,made,,jump bank,16,11
Al Jefferson,Corey Brewer,Jonny Flynn,Kevin Love,Ryan Gomes,Andrew Bynum,Derek Fisher,Kobe Bryant,Pau Gasol,Ron Artest,1,10:10,MIN,shot,,,,,,,,,,Al Jefferson,2,,,made,,turnaround jump,39,12
Al Jefferson,Corey Brewer,Jonny Flynn,Kevin Love,Ryan Gomes,Andrew Bynum,Derek Fisher,Kobe Bryant,Pau Gasol,Ron Artest,1,9:49,LAL,shot,,,,,,,,,,Derek Fisher,,,,missed,,jump,39,23
Al Jefferson,Corey Brewer,Jonny Flynn,Kevin Love,Ryan Gomes,Andrew Bynum,Derek Fisher,Kobe Bryant,Pau Gasol,Ron Artest,1,9:47,MIN,rebound,,,,,,,,,,Al Jefferson,,,,,,def,,
Al Jefferson,Corey Brewer,Jonny Flynn,Kevin Love,Ryan Gomes,Andrew Bynum,Derek Fisher,Kobe Bryant,Pau Gasol,Ron Artest,1,9:39,MIN,shot,,,,,,,,,,Jonny Flynn,,,,missed,,floating jump,25,18
Al Jefferson,Corey Brewer,Jonny Flynn,Kevin Love,Ryan Gomes,Andrew Bynum,Derek Fisher,Kobe Bryant,Pau Gasol,Ron Artest,1,9:38,LAL,rebound,,,,,,,,,,Kobe Bryant,,,,,,def,,
Al Jefferson,Corey Brewer,Jonny Flynn,Kevin Love,Ryan Gomes,Andrew Bynum,Derek Fisher,Kobe Bryant,Pau Gasol,Ron Artest,1,9:33,LAL,shot,Kobe Bryant,,,,,,,,,Andrew Bynum,2,,,made,,layup,25,6
Al Jefferson,Corey Brewer,Jonny Flynn,Kevin Love,Ryan Gomes,Andrew Bynum,Derek Fisher,Kobe Bryant,Pau Gasol,Ron Artest,1,9:15,LAL,foul,,,,,,,,Al Jefferson,,Andrew Bynum,,,,,,shooting,,
Al Jefferson,Corey Brewer,Jonny Flynn,Kevin Love,Ryan Gomes,Andrew Bynum,Derek Fisher,Kobe Bryant,Pau Gasol,Ron Artest,1,9:15,MIN,free throw,,,,,,,1,,2,Al Jefferson,,,foul,made,,,,
Al Jefferson,Corey Brewer,Jonny Flynn,Kevin Love,Ryan Gomes,Andrew Bynum,Derek Fisher,Kobe Bryant,Pau Gasol,Ron Artest,1,9:15,MIN,free throw,,,,,,,2,,2,Al Jefferson,,,foul,made,,,,
Al Jefferson,Corey Brewer,Jonny Flynn,Kevin Love,Ryan Gomes,Andrew Bynum,Derek Fisher,Kobe Bryant,Pau Gasol,Ron Artest,1,9:02,LAL,shot,Derek Fisher,,,,,,,,,Andrew Bynum,2,,,made,,layup,25,6
Al Jefferson,Corey Brewer,Jonny Flynn,Kevin Love,Ryan Gomes,Andrew Bynum,Derek Fisher,Kobe Bryant,Pau Gasol,Ron Artest,1,8:55,MIN,shot,Jonny Flynn,,,,,,,,,Ryan Gomes,2,,,made,,jump,8,12
Al Jefferson,Corey Brewer,Jonny Flynn,Kevin Love,Ryan Gomes,Andrew Bynum,Derek Fisher,Kobe Bryant,Pau Gasol,Ron Artest,1,8:28,LAL,shot,,,,,,,,,,Pau Gasol,,,,missed,,layup,25,6
Al Jefferson,Corey Brewer,Jonny Flynn,Kevin Love,Ryan Gomes,Andrew Bynum,Derek Fisher,Kobe Bryant,Pau Gasol,Ron Artest,1,8:28,LAL,rebound,,,,,,,,,,,,,,,,,,
Al Jefferson,Corey Brewer,Jonny Flynn,Kevin Love,Ryan Gomes,Andrew Bynum,Derek Fisher,Kobe Bryant,Pau Gasol,Ron Artest,1,8:24,LAL,shot,,,,,,,,,,Kobe Bryant,,,,missed,,jump,10,7
Al Jefferson,Corey Brewer,Jonny Flynn,Kevin Love,Ryan Gomes,Andrew Bynum,Derek Fisher,Kobe Bryant,Pau Gasol,Ron Artest,1,8:23,MIN,rebound,,,,,,,,,,Kevin Love,,,,,,def,,
Al Jefferson,Corey Brewer,Jonny Flynn,Kevin Love,Ryan Gomes,Andrew Bynum,Derek Fisher,Kobe Bryant,Pau Gasol,Ron Artest,1,7:58,MIN,shot,,,,,,,,,,Corey Brewer,,,,missed,,jump,10,21
Al Jefferson,Corey Brewer,Jonny Flynn,Kevin Love,Ryan Gomes,Andrew Bynum,Derek Fisher,Kobe Bryant,Pau Gasol,Ron Artest,1,7:56,MIN,rebound,,,,,,,,,,Kevin Love,,,,,,off,,
Al Jefferson,Corey Brewer,Jonny Flynn,Kevin Love,Ryan Gomes,Andrew Bynum,Derek Fisher,Kobe Bryant,Pau Gasol,Ron Artest,1,7:56,MIN,shot,,,,,,,,,,Kevin Love,,,,missed,,tip,25,6
Al Jefferson,Corey Brewer,Jonny Flynn,Kevin Love,Ryan Gomes,Andrew Bynum,Derek Fisher,Kobe Bryant,Pau Gasol,Ron Artest,1,7:54,LAL,rebound,,,,,,,,,,Derek Fisher,,,,,,def,,
Al Jefferson,Corey Brewer,Jonny Flynn,Kevin Love,Ryan Gomes,Andrew Bynum,Derek Fisher,Kobe Bryant,Pau Gasol,Ron Artest,1,7:48,LAL,turnover,,,,,,,,,,Kobe Bryant,,,out of bounds lost ball turnover,,,,,
Al Jefferson,Corey Brewer,Jonny Flynn,Kevin Love,Ryan Gomes,Andrew Bynum,Derek Fisher,Kobe Bryant,Pau Gasol,Ron Artest,1,7:30,MIN,shot,Corey Brewer,,,,,,,,,Ryan Gomes,2,,,made,,jump,10,4
Al Jefferson,Corey Brewer,Jonny Flynn,Kevin Love,Ryan Gomes,Andrew Bynum,Derek Fisher,Kobe Bryant,Pau Gasol,Ron Artest,1,7:18,LAL,shot,Derek Fisher,,,,,,,,,Pau Gasol,2,,,made,,driving layup,25,6
Al Jefferson,Corey Brewer,Jonny Flynn,Kevin Love,Ryan Gomes,Andrew Bynum,Derek Fisher,Kobe Bryant,Pau Gasol,Ron Artest,1,7:08,MIN,shot,,,,,,,,,,Kevin Love,,,,missed,,layup,25,6
Al Jefferson,Corey Brewer,Jonny Flynn,Kevin Love,Ryan Gomes,Andrew Bynum,Derek Fisher,Kobe Bryant,Pau Gasol,Ron Artest,1,7:06,MIN,rebound,,,,,,,,,,Kevin Love,,,,,,off,,
Al Jefferson,Corey Brewer,Jonny Flynn,Kevin Love,Ryan Gomes,Andrew Bynum,Derek Fisher,Kobe Bryant,Pau Gasol,Ron Artest,1,7:06,MIN,shot,,,Pau Gasol,,,,,,,Kevin Love,,,,missed,,layup,25,6
Al Jefferson,Corey Brewer,Jonny Flynn,Kevin Love,Ryan Gomes,Andrew Bynum,Derek Fisher,Kobe Bryant,Pau Gasol,Ron Artest,1,7:04,LAL,rebound,,,,,,,,,,Derek Fisher,,,,,,def,,
Al Jefferson,Corey Brewer,Jonny Flynn,Kevin Love,Ryan Gomes,Andrew Bynum,Derek Fisher,Kobe Bryant,Pau Gasol,Ron Artest,1,6:59,LAL,shot,Derek Fisher,,,,,,,,,Kobe Bryant,2,,,made,,jump,9,16
Al Jefferson,Corey Brewer,Jonny Flynn,Kevin Love,Ryan Gomes,Andrew Bynum,Derek Fisher,Kobe Bryant,Pau Gasol,Ron Artest,1,6:34,MIN,shot,,,,,,,,,,Jonny Flynn,,,,missed,,jump,40,9
Al Jefferson,Corey Brewer,Jonny Flynn,Kevin Love,Ryan Gomes,Andrew Bynum,Derek Fisher,Kobe Bryant,Pau Gasol,Ron Artest,1,6:30,MIN,rebound,,,,,,,,,,Al Jefferson,,,,,,off,,
Al Jefferson,Corey Brewer,Jonny Flynn,Kevin Love,Ryan Gomes,Andrew Bynum,Derek Fisher,Kobe Bryant,Pau Gasol,Ron Artest,1,6:30,MIN,shot,,,,,,,,,,Al Jefferson,2,,,made,,layup,25,6
Al Jefferson,Corey Brewer,Jonny Flynn,Kevin Love,Ryan Gomes,Andrew Bynum,Derek Fisher,Kobe Bryant,Pau Gasol,Ron Artest,1,6:17,LAL,shot,,,,,,,,,,Ron Artest,,,,missed,,3pt,9,25
Al Jefferson,Corey Brewer,Jonny Flynn,Kevin Love,Ryan Gomes,Andrew Bynum,Derek Fisher,Kobe Bryant,Pau Gasol,Ron Artest,1,6:16,MIN,rebound,,,,,,,,,,Al Jefferson,,,,,,def,,
Al Jefferson,Corey Brewer,Jonny Flynn,Kevin Love,Ryan Gomes,Andrew Bynum,Derek Fisher,Kobe Bryant,Pau Gasol,Ron Artest,1,6:10,MIN,shot,,,,,,,,,,Jonny Flynn,,,,missed,,jump,28,21
Al Jefferson,Corey Brewer,Jonny Flynn,Kevin Love,Ryan Gomes,Andrew Bynum,Derek Fisher,Kobe Bryant,Pau Gasol,Ron Artest,1,6:08,MIN,rebound,,,,,,,,,,Kevin Love,,,,,,off,,
Al Jefferson,Corey Brewer,Jonny Flynn,Kevin Love,Ryan Gomes,Andrew Bynum,Derek Fisher,Kobe Bryant,Pau Gasol,Ron Artest,1,6:08,MIN,shot,,,,,,,,,,Kevin Love,2,,,made,,putback dunk,25,6
Al Jefferson,Corey Brewer,Jonny Flynn,Kevin Love,Ryan Gomes,Andrew Bynum,Derek Fisher,Kobe Bryant,Pau Gasol,Ron Artest,1,5:51,LAL,shot,Kobe Bryant,,,,,,,,,Ron Artest,2,,,made,,jump,4,7
Al Jefferson,Corey Brewer,Jonny Flynn,Kevin Love,Ryan Gomes,Andrew Bynum,Derek Fisher,Kobe Bryant,Pau Gasol,Ron Artest,1,5:36,MIN,shot,,,Kobe Bryant,,,,,,,Al Jefferson,,,,missed,,jump,28,14
Al Jefferson,Corey Brewer,Jonny Flynn,Kevin Love,Ryan Gomes,Andrew Bynum,Derek Fisher,Kobe Bryant,Pau Gasol,Ron Artest,1,5:35,LAL,rebound,,,,,,,,,,Pau Gasol,,,,,,def,,
Al Jefferson,Corey Brewer,Jonny Flynn,Kevin Love,Ryan Gomes,Andrew Bynum,Derek Fisher,Kobe Bryant,Pau Gasol,Ron Artest,1,5:28,MIN,foul,,,,,,,,Kobe Bryant,,Corey Brewer,,,,,,personal,,
Al Jefferson,Corey Brewer,Jonny Flynn,Kevin Love,Ryan Gomes,Andrew Bynum,Derek Fisher,Kobe Bryant,Pau Gasol,Ron Artest,1,5:28,LAL,timeout,,,,,,,,,,,,,,,,regular,,
Corey Brewer,Jonny Flynn,Kevin Love,Ryan Gomes,Ryan Hollins,Andrew Bynum,Derek Fisher,Kobe Bryant,Pau Gasol,Ron Artest,1,5:28,MIN,sub,,,,Ryan Hollins,,Al Jefferson,,,,,,,,,,,,
Damien Wilkins,Jonny Flynn,Kevin Love,Ryan Gomes,Ryan Hollins,Andrew Bynum,Derek Fisher,Kobe Bryant,Pau Gasol,Ron Artest,1,5:28,MIN,sub,,,,Damien Wilkins,,Corey Brewer,,,,,,,,,,,,
Damien Wilkins,Jonny Flynn,Kevin Love,Ryan Gomes,Ryan Hollins,Derek Fisher,Kobe Bryant,Lamar Odom,Pau Gasol,Ron Artest,1,5:28,LAL,sub,,,,Lamar Odom,,Andrew Bynum,,,,,,,,,,,,
Damien Wilkins,Jonny Flynn,Kevin Love,Ryan Gomes,Ryan Hollins,Derek Fisher,Kobe Bryant,Lamar Odom,Pau Gasol,Ron Artest,1,5:18,LAL,shot,Derek Fisher,,,,,,,,,Pau Gasol,2,,,made,,hook,21,12
Damien Wilkins,Jonny Flynn,Kevin Love,Ryan Gomes,Ryan Hollins,Derek Fisher,Kobe Bryant,Lamar Odom,Pau Gasol,Ron Artest,1,5:04,MIN,shot,,,,,,,,,,Damien Wilkins,,,,missed,,3pt,42,24
Damien Wilkins,Jonny Flynn,Kevin Love,Ryan Gomes,Ryan Hollins,Derek Fisher,Kobe Bryant,Lamar Odom,Pau Gasol,Ron Artest,1,5:03,LAL,rebound,,,,,,,,,,Pau Gasol,,,,,,def,,
Damien Wilkins,Jonny Flynn,Kevin Love,Ryan Gomes,Ryan Hollins,Derek Fisher,Kobe Bryant,Lamar Odom,Pau Gasol,Ron Artest,1,4:57,LAL,shot,Derek Fisher,,,,,,,,,Kobe Bryant,2,,,made,,jump,40,9
Damien Wilkins,Jonny Flynn,Kevin Love,Ryan Gomes,Ryan Hollins,Derek Fisher,Kobe Bryant,Lamar Odom,Pau Gasol,Ron Artest,1,4:31,MIN,shot,,,,,,,,,,Ryan Gomes,,,,missed,,jump,41,7
Damien Wilkins,Jonny Flynn,Kevin Love,Ryan Gomes,Ryan Hollins,Derek Fisher,Kobe Bryant,Lamar Odom,Pau Gasol,Ron Artest,1,4:30,MIN,rebound,,,,,,,,,,Kevin Love,,,,,,off,,
Damien Wilkins,Jonny Flynn,Kevin Love,Ryan Gomes,Ryan Hollins,Derek Fisher,Kobe Bryant,Lamar Odom,Pau Gasol,Ron Artest,1,4:30,MIN,shot,,,,,,,,,,Kevin Love,,,,missed,,tip,25,6
Damien Wilkins,Jonny Flynn,Kevin Love,Ryan Gomes,Ryan Hollins,Derek Fisher,Kobe Bryant,Lamar Odom,Pau Gasol,Ron Artest,1,4:30,MIN,rebound,,,,,,,,,,,,,,,,,,
Damien Wilkins,Jonny Flynn,Kevin Love,Ryan Gomes,Ryan Hollins,Derek Fisher,Kobe Bryant,Lamar Odom,Pau Gasol,Ron Artest,1,4:24,MIN,shot,,,,,,,,,,Ryan Hollins,,,,missed,,jump,17,12
Damien Wilkins,Jonny Flynn,Kevin Love,Ryan Gomes,Ryan Hollins,Derek Fisher,Kobe Bryant,Lamar Odom,Pau Gasol,Ron Artest,1,4:22,LAL,rebound,,,,,,,,,,Lamar Odom,,,,,,def,,
Damien Wilkins,Jonny Flynn,Kevin Love,Ryan Gomes,Ryan Hollins,Derek Fisher,Kobe Bryant,Lamar Odom,Pau Gasol,Ron Artest,1,4:12,LAL,shot,,,,,,,,,,Kobe Bryant,,,,missed,,jump,36,7
Damien Wilkins,Jonny Flynn,Kevin Love,Ryan Gomes,Ryan Hollins,Derek Fisher,Kobe Bryant,Lamar Odom,Pau Gasol,Ron Artest,1,4:11,MIN,rebound,,,,,,,,,,Kevin Love,,,,,,def,,
Damien Wilkins,Jonny Flynn,Kevin Love,Ryan Gomes,Ryan Hollins,Derek Fisher,Kobe Bryant,Lamar Odom,Pau Gasol,Ron Artest,1,4:06,MIN,shot,Jonny Flynn,,,,,,,,,Ryan Hollins,2,,,made,,alley oop dunk,25,6
Damien Wilkins,Jonny Flynn,Kevin Love,Ryan Gomes,Ryan Hollins,Derek Fisher,Kobe Bryant,Lamar Odom,Pau Gasol,Ron Artest,1,3:45,LAL,shot,,,,,,,,,,Pau Gasol,2,,,made,,hook bank,18,8
Damien Wilkins,Jonny Flynn,Kevin Love,Ryan Gomes,Ryan Hollins,Derek Fisher,Kobe Bryant,Lamar Odom,Pau Gasol,Ron Artest,1,3:32,LAL,foul,,,,,,,,Kevin Love,,Ron Artest,,,,,,personal,,
Damien Wilkins,Jonny Flynn,Kevin Love,Ryan Gomes,Ryan Hollins,Derek Fisher,Kobe Bryant,Lamar Odom,Pau Gasol,Ron Artest,1,3:31,MIN,turnover,,,,,,,,,,Ryan Gomes,,,bad pass,,Ron Artest,,,
Damien Wilkins,Jonny Flynn,Kevin Love,Ryan Gomes,Ryan Hollins,Derek Fisher,Kobe Bryant,Lamar Odom,Pau Gasol,Ron Artest,1,3:28,LAL,shot,,,,,,,,,,Ron Artest,2,,,made,,driving layup,25,6
Damien Wilkins,Jonny Flynn,Kevin Love,Ryan Gomes,Ryan Hollins,Derek Fisher,Kobe Bryant,Lamar Odom,Pau Gasol,Ron Artest,1,3:13,MIN,turnover,,,,,,,,,,Damien Wilkins,,,bad pass,,Pau Gasol,,,
Damien Wilkins,Jonny Flynn,Kevin Love,Ryan Gomes,Ryan Hollins,Derek Fisher,Kobe Bryant,Lamar Odom,Pau Gasol,Ron Artest,1,3:09,LAL,shot,Pau Gasol,,,,,,,,,Kobe Bryant,2,,,made,,slam dunk,25,6
Damien Wilkins,Jonny Flynn,Kevin Love,Ryan Gomes,Ryan Hollins,Derek Fisher,Kobe Bryant,Lamar Odom,Pau Gasol,Ron Artest,1,3:01,MIN,timeout,,,,,,,,,,,,,,,,regular,,
Damien Wilkins,Jonny Flynn,Kevin Love,Ryan Gomes,Ryan Hollins,Jordan Farmar,Kobe Bryant,Lamar Odom,Pau Gasol,Ron Artest,1,3:01,LAL,sub,,,,Jordan Farmar,,Derek Fisher,,,,,,,,,,,,
Corey Brewer,Damien Wilkins,Jonny Flynn,Ryan Gomes,Ryan Hollins,Jordan Farmar,Kobe Bryant,Lamar Odom,Pau Gasol,Ron Artest,1,3:01,MIN,sub,,,,Corey Brewer,,Kevin Love,,,,,,,,,,,,
Corey Brewer,Damien Wilkins,Jonny Flynn,Ryan Gomes,Ryan Hollins,Jordan Farmar,Kobe Bryant,Lamar Odom,Pau Gasol,Ron Artest,1,2:55,MIN,shot,,,Lamar Odom,,,,,,,Ryan Hollins,,,,missed,,jump,31,10
Corey Brewer,Damien Wilkins,Jonny Flynn,Ryan Gomes,Ryan Hollins,Jordan Farmar,Kobe Bryant,Lamar Odom,Pau Gasol,Ron Artest,1,2:53,LAL,rebound,,,,,,,,,,Pau Gasol,,,,,,def,,
Corey Brewer,Damien Wilkins,Jonny Flynn,Ryan Gomes,Ryan Hollins,Jordan Farmar,Kobe Bryant,Lamar Odom,Pau Gasol,Ron Artest,1,2:46,LAL,shot,Kobe Bryant,,,,,,,,,Pau Gasol,2,,,made,,slam dunk,25,6
Al Jefferson,Corey Brewer,Damien Wilkins,Jonny Flynn,Ryan Hollins,Jordan Farmar,Kobe Bryant,Lamar Odom,Pau Gasol,Ron Artest,1,2:38,MIN,sub,,,,Al Jefferson,,Ryan Gomes,,,,,,,,,,,,
Al Jefferson,Corey Brewer,Damien Wilkins,Jonny Flynn,Ryan Hollins,Jordan Farmar,Kobe Bryant,Lamar Odom,Pau Gasol,Ron Artest,1,2:33,LAL,foul,,,,,,,,Al Jefferson,,Lamar Odom,,,,,,personal,,
Al Jefferson,Corey Brewer,Damien Wilkins,Jonny Flynn,Ryan Hollins,Andrew Bynum,Jordan Farmar,Kobe Bryant,Lamar Odom,Ron Artest,1,2:33,LAL,sub,,,,Andrew Bynum,,Pau Gasol,,,,,,,,,,,,
Al Jefferson,Corey Brewer,Damien Wilkins,Jonny Flynn,Ryan Hollins,Andrew Bynum,Jordan Farmar,Kobe Bryant,Lamar Odom,Ron Artest,1,2:19,MIN,shot,,,,,,,,,,Corey Brewer,,,,missed,,jump,15,20
Al Jefferson,Corey Brewer,Damien Wilkins,Jonny Flynn,Ryan Hollins,Andrew Bynum,Jordan Farmar,Kobe Bryant,Lamar Odom,Ron Artest,1,2:18,MIN,rebound,,,,,,,,,,,,,,,,,,
Al Jefferson,Corey Brewer,Damien Wilkins,Jonny Flynn,Ryan Hollins,Andrew Bynum,Jordan Farmar,Kobe Bryant,Lamar Odom,Ron Artest,1,2:18,LAL,foul,,,,,,,,Ryan Hollins,,Kobe Bryant,,,,,,loose ball,,
Al Jefferson,Corey Brewer,Damien Wilkins,Jonny Flynn,Ryan Hollins,Andrew Bynum,Jordan Farmar,Kobe Bryant,Lamar Odom,Ron Artest,1,2:07,MIN,shot,Jonny Flynn,,,,,,,,,Ryan Hollins,2,,,made,,jump,15,13
Al Jefferson,Corey Brewer,Damien Wilkins,Jonny Flynn,Ryan Hollins,Andrew Bynum,Jordan Farmar,Kobe Bryant,Lamar Odom,Ron Artest,1,1:52,LAL,turnover,,,,,,,,,,Lamar Odom,,,bad pass,,Corey Brewer,,,
Al Jefferson,Corey Brewer,Damien Wilkins,Jonny Flynn,Ryan Hollins,Andrew Bynum,Jordan Farmar,Kobe Bryant,Lamar Odom,Ron Artest,1,1:46,MIN,shot,Jonny Flynn,,,,,,,,,Corey Brewer,2,,,made,,slam dunk,25,6
Al Jefferson,Corey Brewer,Damien Wilkins,Ramon Sessions,Ryan Hollins,Andrew Bynum,Jordan Farmar,Kobe Bryant,Lamar Odom,Ron Artest,1,1:40,MIN,sub,,,,Ramon Sessions,,Jonny Flynn,,,,,,,,,,,,
Al Jefferson,Corey Brewer,Damien Wilkins,Ramon Sessions,Ryan Hollins,Andrew Bynum,Jordan Farmar,Lamar Odom,Ron Artest,Sasha Vujacic,1,1:40,LAL,sub,,,,Sasha Vujacic,,Kobe Bryant,,,,,,,,,,,,
Al Jefferson,Corey Brewer,Damien Wilkins,Ramon Sessions,Ryan Hollins,Andrew Bynum,Jordan Farmar,Lamar Odom,Ron Artest,Sasha Vujacic,1,1:35,LAL,shot,,,,,,,,,,Lamar Odom,,,,missed,,3pt,12,27
Al Jefferson,Corey Brewer,Damien Wilkins,Ramon Sessions,Ryan Hollins,Andrew Bynum,Jordan Farmar,Lamar Odom,Ron Artest,Sasha Vujacic,1,1:34,MIN,rebound,,,,,,,,,,Al Jefferson,,,,,,def,,
Al Jefferson,Corey Brewer,Damien Wilkins,Ramon Sessions,Ryan Hollins,Andrew Bynum,Jordan Farmar,Lamar Odom,Ron Artest,Sasha Vujacic,1,1:16,LAL,foul,,,,,,,,Corey Brewer,,Andrew Bynum,,,,,,shooting,,
Al Jefferson,Corey Brewer,Damien Wilkins,Ramon Sessions,Ryan Hollins,Andrew Bynum,Jordan Farmar,Lamar Odom,Ron Artest,Sasha Vujacic,1,1:16,MIN,free throw,,,,,,,1,,2,Corey Brewer,,,foul,made,,,,
Al Jefferson,Corey Brewer,Damien Wilkins,Ramon Sessions,Ryan Hollins,Andrew Bynum,Jordan Farmar,Lamar Odom,Ron Artest,Sasha Vujacic,1,1:16,MIN,free throw,,,,,,,2,,2,Corey Brewer,,,foul,made,,,,
Al Jefferson,Corey Brewer,Damien Wilkins,Ramon Sessions,Ryan Hollins,Andrew Bynum,Jordan Farmar,Lamar Odom,Ron Artest,Sasha Vujacic,1,1:03,LAL,shot,Ron Artest,,,,,,,,,Sasha Vujacic,3,,,made,,3pt,2,5
Al Jefferson,Corey Brewer,Damien Wilkins,Ramon Sessions,Ryan Hollins,Andrew Bynum,Jordan Farmar,Lamar Odom,Ron Artest,Sasha Vujacic,1,0:48,MIN,shot,,,,,,,,,,Ryan Hollins,,,,missed,,jump,36,7
Al Jefferson,Corey Brewer,Damien Wilkins,Ramon Sessions,Ryan Hollins,Andrew Bynum,Jordan Farmar,Lamar Odom,Ron Artest,Sasha Vujacic,1,0:46,MIN,rebound,,,,,,,,,,Al Jefferson,,,,,,off,,
Al Jefferson,Corey Brewer,Damien Wilkins,Ramon Sessions,Ryan Hollins,Andrew Bynum,Jordan Farmar,Lamar Odom,Ron Artest,Sasha Vujacic,1,0:41,MIN,shot,,,,,,,,,,Al Jefferson,,,,missed,,jump,15,19
Al Jefferson,Corey Brewer,Damien Wilkins,Ramon Sessions,Ryan Hollins,Andrew Bynum,Jordan Farmar,Lamar Odom,Ron Artest,Sasha Vujacic,1,0:39,LAL,rebound,,,,,,,,,,Lamar Odom,,,,,,def,,
Al Jefferson,Corey Brewer,Damien Wilkins,Ramon Sessions,Ryan Hollins,Andrew Bynum,Jordan Farmar,Lamar Odom,Ron Artest,Sasha Vujacic,1,0:33,LAL,shot,Ron Artest,,,,,,,,,Lamar Odom,2,,,made,,driving layup,25,6
Al Jefferson,Corey Brewer,Damien Wilkins,Ramon Sessions,Ryan Hollins,Andrew Bynum,Jordan Farmar,Lamar Odom,Ron Artest,Sasha Vujacic,1,0:21,MIN,shot,Ryan Hollins,,,,,,,,,Damien Wilkins,2,,,made,,layup,25,6
Al Jefferson,Corey Brewer,Damien Wilkins,Ramon Sessions,Ryan Hollins,Andrew Bynum,Jordan Farmar,Lamar Odom,Ron Artest,Sasha Vujacic,1,0:05,MIN,foul,,,,,,,,Jordan Farmar,,Ramon Sessions,,,,,,personal,,
Al Jefferson,Corey Brewer,Damien Wilkins,Ramon Sessions,Ryan Hollins,Andrew Bynum,Jordan Farmar,Lamar Odom,Ron Artest,Sasha Vujacic,1,0:02,LAL,shot,,,,,,,,,,Lamar Odom,,,,missed,,3pt,47,19
Al Jefferson,Corey Brewer,Damien Wilkins,Ramon Sessions,Ryan Hollins,Andrew Bynum,Jordan Farmar,Lamar Odom,Ron Artest,Sasha Vujacic,1,0:01,LAL,rebound,,,,,,,,,,Andrew Bynum,,,,,,off,,
Al Jefferson,Corey Brewer,Damien Wilkins,Ramon Sessions,Ryan Hollins,Andrew Bynum,Jordan Farmar,Lamar Odom,Ron Artest,Sasha Vujacic,1,0:01,LAL,shot,,,,,,,,,,Andrew Bynum,2,,,made,,jump,33,18
Al Jefferson,Kevin Love,Ramon Sessions,Sasha Pavlovic,Wayne Ellington,Jordan Farmar,Kobe Bryant,Lamar Odom,Pau Gasol,Shannon Brown,2,11:44,MIN,shot,,,,,,,,,,Sasha Pavlovic,,,,missed,,3pt,40,25
Al Jefferson,Kevin Love,Ramon Sessions,Sasha Pavlovic,Wayne Ellington,Jordan Farmar,Kobe Bryant,Lamar Odom,Pau Gasol,Shannon Brown,2,11:42,LAL,rebound,,,,,,,,,,Lamar Odom,,,,,,def,,
Al Jefferson,Kevin Love,Ramon Sessions,Sasha Pavlovic,Wayne Ellington,Jordan Farmar,Kobe Bryant,Lamar Odom,Pau Gasol,Shannon Brown,2,11:37,MIN,foul,,,,,,,,Kobe Bryant,,Sasha Pavlovic,,,,,,shooting,,
Al Jefferson,Kevin Love,Ramon Sessions,Sasha Pavlovic,Wayne Ellington,Jordan Farmar,Kobe Bryant,Lamar Odom,Pau Gasol,Shannon Brown,2,11:37,LAL,free throw,,,,,,,1,,2,Kobe Bryant,,,foul,made,,,,
Al Jefferson,Kevin Love,Ramon Sessions,Sasha Pavlovic,Wayne Ellington,Jordan Farmar,Kobe Bryant,Lamar Odom,Pau Gasol,Shannon Brown,2,11:37,LAL,free throw,,,,,,,2,,2,Kobe Bryant,,,foul,made,,,,
Al Jefferson,Kevin Love,Ramon Sessions,Sasha Pavlovic,Wayne Ellington,Jordan Farmar,Kobe Bryant,Lamar Odom,Pau Gasol,Shannon Brown,2,11:17,MIN,turnover,,,,,,,,,,Ramon Sessions,,,bad pass,,Lamar Odom,,,
Al Jefferson,Kevin Love,Ramon Sessions,Sasha Pavlovic,Wayne Ellington,Jordan Farmar,Kobe Bryant,Lamar Odom,Pau Gasol,Shannon Brown,2,11:14,LAL,turnover,,,,,,,,,,Kobe Bryant,,,bad pass,,,,,
Al Jefferson,Kevin Love,Ramon Sessions,Sasha Pavlovic,Wayne Ellington,Jordan Farmar,Kobe Bryant,Lamar Odom,Pau Gasol,Shannon Brown,2,11:09,MIN,turnover,,,,,,,,,,Kevin Love,,,lost ball,,Lamar Odom,,,
Al Jefferson,Kevin Love,Ramon Sessions,Sasha Pavlovic,Wayne Ellington,Jordan Farmar,Kobe Bryant,Lamar Odom,Pau Gasol,Shannon Brown,2,11:09,MIN,foul,,,,,,,,Lamar Odom,,Kevin Love,,,,,,loose ball,,
Al Jefferson,Kevin Love,Ramon Sessions,Sasha Pavlovic,Wayne Ellington,Jordan Farmar,Kobe Bryant,Lamar Odom,Pau Gasol,Shannon Brown,2,10:53,LAL,shot,,,,,,,,,,Jordan Farmar,,,,missed,,3pt,42,24
Al Jefferson,Kevin Love,Ramon Sessions,Sasha Pavlovic,Wayne Ellington,Jordan Farmar,Kobe Bryant,Lamar Odom,Pau Gasol,Shannon Brown,2,10:52,MIN,rebound,,,,,,,,,,Al Jefferson,,,,,,def,,
Al Jefferson,Kevin Love,Ramon Sessions,Sasha Pavlovic,Wayne Ellington,Jordan Farmar,Kobe Bryant,Lamar Odom,Pau Gasol,Shannon Brown,2,10:41,MIN,shot,,,,,,,,,,Sasha Pavlovic,2,,,made,,driving layup,25,6
Al Jefferson,Kevin Love,Ramon Sessions,Sasha Pavlovic,Wayne Ellington,Jordan Farmar,Kobe Bryant,Lamar Odom,Pau Gasol,Shannon Brown,2,10:23,LAL,shot,,,,,,,,,,Jordan Farmar,,,,missed,,3pt,42,25
Al Jefferson,Kevin Love,Ramon Sessions,Sasha Pavlovic,Wayne Ellington,Jordan Farmar,Kobe Bryant,Lamar Odom,Pau Gasol,Shannon Brown,2,10:22,MIN,rebound,,,,,,,,,,Kevin Love,,,,,,def,,
Al Jefferson,Kevin Love,Ramon Sessions,Sasha Pavlovic,Wayne Ellington,Jordan Farmar,Kobe Bryant,Lamar Odom,Pau Gasol,Shannon Brown,2,10:16,MIN,shot,,,,,,,,,,Ramon Sessions,2,,,made,,driving layup,25,6
Al Jefferson,Kevin Love,Ramon Sessions,Sasha Pavlovic,Wayne Ellington,Jordan Farmar,Kobe Bryant,Lamar Odom,Pau Gasol,Shannon Brown,2,9:51,LAL,shot,,,,,,,,,,Kobe Bryant,2,,,made,,jump hook,26,12
Al Jefferson,Kevin Love,Ramon Sessions,Sasha Pavlovic,Wayne Ellington,Jordan Farmar,Kobe Bryant,Lamar Odom,Pau Gasol,Shannon Brown,2,9:39,MIN,turnover,,,,,,,,,,Ramon Sessions,,,traveling,,,,,
Al Jefferson,Kevin Love,Ramon Sessions,Sasha Pavlovic,Wayne Ellington,Jordan Farmar,Kobe Bryant,Lamar Odom,Pau Gasol,Shannon Brown,2,9:30,MIN,foul,,,,,,,,Shannon Brown,,Ramon Sessions,,,,,,personal,,
Al Jefferson,Kevin Love,Ramon Sessions,Sasha Pavlovic,Wayne Ellington,Jordan Farmar,Kobe Bryant,Lamar Odom,Pau Gasol,Shannon Brown,2,9:21,LAL,shot,,,,,,,,,,Lamar Odom,,,,missed,,jump,4,9
Al Jefferson,Kevin Love,Ramon Sessions,Sasha Pavlovic,Wayne Ellington,Jordan Farmar,Kobe Bryant,Lamar Odom,Pau Gasol,Shannon Brown,2,9:20,MIN,rebound,,,,,,,,,,Wayne Ellington,,,,,,def,,
Al Jefferson,Kevin Love,Ramon Sessions,Sasha Pavlovic,Wayne Ellington,Jordan Farmar,Kobe Bryant,Lamar Odom,Pau Gasol,Shannon Brown,2,8:55,MIN,shot,Ramon Sessions,,,,,,,,,Wayne Ellington,3,,,made,,3pt,3,7
Al Jefferson,Kevin Love,Ramon Sessions,Sasha Pavlovic,Wayne Ellington,Jordan Farmar,Kobe Bryant,Lamar Odom,Pau Gasol,Shannon Brown,2,8:36,LAL,shot,,,,,,,,,,Shannon Brown,,,,missed,,floating jump,40,4
Al Jefferson,Kevin Love,Ramon Sessions,Sasha Pavlovic,Wayne Ellington,Jordan Farmar,Kobe Bryant,Lamar Odom,Pau Gasol,Shannon Brown,2,8:34,MIN,rebound,,,,,,,,,,Kevin Love,,,,,,def,,
Al Jefferson,Kevin Love,Ramon Sessions,Sasha Pavlovic,Wayne Ellington,Jordan Farmar,Kobe Bryant,Lamar Odom,Pau Gasol,Shannon Brown,2,8:22,MIN,shot,,,,,,,,,,Al Jefferson,2,,,made,,jump hook,33,11
Al Jefferson,Kevin Love,Ramon Sessions,Sasha Pavlovic,Wayne Ellington,Jordan Farmar,Kobe Bryant,Lamar Odom,Pau Gasol,Shannon Brown,2,8:10,LAL,shot,,,Kevin Love,,,,,,,Lamar Odom,,,,missed,,driving layup,25,6
Al Jefferson,Kevin Love,Ramon Sessions,Sasha Pavlovic,Wayne Ellington,Jordan Farmar,Kobe Bryant,Lamar Odom,Pau Gasol,Shannon Brown,2,8:08,MIN,rebound,,,,,,,,,,Sasha Pavlovic,,,,,,def,,
Al Jefferson,Kevin Love,Ramon Sessions,Sasha Pavlovic,Wayne Ellington,Jordan Farmar,Kobe Bryant,Lamar Odom,Pau Gasol,Shannon Brown,2,7:56,MIN,shot,,,,,,,,,,Al Jefferson,2,,,made,,jump hook,36,8
Al Jefferson,Kevin Love,Ramon Sessions,Sasha Pavlovic,Wayne Ellington,Jordan Farmar,Kobe Bryant,Lamar Odom,Pau Gasol,Shannon Brown,2,7:41,LAL,shot,Lamar Odom,,,,,,,,,Jordan Farmar,3,,,made,,3pt,8,24
Al Jefferson,Kevin Love,Ramon Sessions,Sasha Pavlovic,Wayne Ellington,Jordan Farmar,Kobe Bryant,Lamar Odom,Pau Gasol,Shannon Brown,2,7:30,MIN,shot,,,,,,,,,,Al Jefferson,,,,missed,,jump hook,34,10
Al Jefferson,Kevin Love,Ramon Sessions,Sasha Pavlovic,Wayne Ellington,Jordan Farmar,Kobe Bryant,Lamar Odom,Pau Gasol,Shannon Brown,2,7:29,LAL,rebound,,,,,,,,,,Jordan Farmar,,,,,,def,,
Al Jefferson,Kevin Love,Ramon Sessions,Sasha Pavlovic,Wayne Ellington,Jordan Farmar,Kobe Bryant,Lamar Odom,Pau Gasol,Shannon Brown,2,7:22,MIN,foul,,,,,,,,Pau Gasol,,Al Jefferson,,,,,,personal,,
Al Jefferson,Kevin Love,Ramon Sessions,Sasha Pavlovic,Wayne Ellington,Jordan Farmar,Kobe Bryant,Lamar Odom,Pau Gasol,Shannon Brown,2,7:22,LAL,timeout,,,,,,,,,,,,,,,,official,,
Kevin Love,Nathan Jawai,Ramon Sessions,Sasha Pavlovic,Wayne Ellington,Jordan Farmar,Kobe Bryant,Lamar Odom,Pau Gasol,Shannon Brown,2,7:22,MIN,sub,,,,Nathan Jawai,,Al Jefferson,,,,,,,,,,,,
Kevin Love,Nathan Jawai,Ramon Sessions,Sasha Pavlovic,Wayne Ellington,Jordan Farmar,Josh Powell,Kobe Bryant,Pau Gasol,Shannon Brown,2,7:22,LAL,sub,,,,Josh Powell,,Lamar Odom,,,,,,,,,,,,
Kevin Love,Nathan Jawai,Ramon Sessions,Sasha Pavlovic,Wayne Ellington,Jordan Farmar,Josh Powell,Kobe Bryant,Pau Gasol,Shannon Brown,2,7:17,LAL,shot,Kobe Bryant,,,,,,,,,Shannon Brown,2,,,made,,alley oop dunk,25,6
Kevin Love,Nathan Jawai,Ramon Sessions,Sasha Pavlovic,Wayne Ellington,Jordan Farmar,Josh Powell,Kobe Bryant,Pau Gasol,Shannon Brown,2,7:05,MIN,shot,,,,,,,,,,Wayne Ellington,,,,missed,,jump,17,26
Kevin Love,Nathan Jawai,Ramon Sessions,Sasha Pavlovic,Wayne Ellington,Jordan Farmar,Josh Powell,Kobe Bryant,Pau Gasol,Shannon Brown,2,7:04,LAL,rebound,,,,,,,,,,Kobe Bryant,,,,,,def,,
Kevin Love,Nathan Jawai,Ramon Sessions,Sasha Pavlovic,Wayne Ellington,Jordan Farmar,Josh Powell,Kobe Bryant,Pau Gasol,Shannon Brown,2,6:58,LAL,turnover,,,,,,,,,,Pau Gasol,,,3 second violation,,,,,
Corey Brewer,Kevin Love,Nathan Jawai,Ramon Sessions,Sasha Pavlovic,Jordan Farmar,Josh Powell,Kobe Bryant,Pau Gasol,Shannon Brown,2,6:58,MIN,sub,,,,Corey Brewer,,Wayne Ellington,,,,,,,,,,,,
Corey Brewer,Kevin Love,Nathan Jawai,Ramon Sessions,Sasha Pavlovic,Jordan Farmar,Josh Powell,Kobe Bryant,Pau Gasol,Shannon Brown,2,6:44,MIN,shot,,,,,,,,,,Ramon Sessions,2,,,made,,jump,11,16
Corey Brewer,Kevin Love,Nathan Jawai,Ramon Sessions,Sasha Pavlovic,Jordan Farmar,Josh Powell,Kobe Bryant,Pau Gasol,Shannon Brown,2,6:26,LAL,shot,,,,,,,,,,Josh Powell,,,,missed,,jump,12,17
Corey Brewer,Kevin Love,Nathan Jawai,Ramon Sessions,Sasha Pavlovic,Jordan Farmar,Josh Powell,Kobe Bryant,Pau Gasol,Shannon Brown,2,6:24,MIN,rebound,,,,,,,,,,Sasha Pavlovic,,,,,,def,,
Corey Brewer,Kevin Love,Nathan Jawai,Ramon Sessions,Sasha Pavlovic,Jordan Farmar,Josh Powell,Kobe Bryant,Pau Gasol,Shannon Brown,2,6:11,MIN,shot,Nathan Jawai,,,,,,,,,Sasha Pavlovic,3,,,made,,3pt,2,6
Corey Brewer,Kevin Love,Nathan Jawai,Ramon Sessions,Sasha Pavlovic,Jordan Farmar,Josh Powell,Kobe Bryant,Pau Gasol,Shannon Brown,2,6:00,LAL,shot,,,,,,,,,,Shannon Brown,,,,missed,,jump,13,24
Corey Brewer,Kevin Love,Nathan Jawai,Ramon Sessions,Sasha Pavlovic,Jordan Farmar,Josh Powell,Kobe Bryant,Pau Gasol,Shannon Brown,2,5:56,MIN,rebound,,,,,,,,,,Nathan Jawai,,,,,,def,,
Corey Brewer,Kevin Love,Nathan Jawai,Ramon Sessions,Sasha Pavlovic,Jordan Farmar,Josh Powell,Kobe Bryant,Pau Gasol,Shannon Brown,2,5:50,MIN,shot,,,,,,,,,,Ramon Sessions,2,,,made,,floating jump,20,11
Corey Brewer,Kevin Love,Nathan Jawai,Ramon Sessions,Sasha Pavlovic,Jordan Farmar,Josh Powell,Kobe Bryant,Pau Gasol,Shannon Brown,2,5:45,LAL,timeout,,,,,,,,,,,,,,,,regular,,
Corey Brewer,Nathan Jawai,Ramon Sessions,Ryan Gomes,Sasha Pavlovic,Jordan Farmar,Josh Powell,Kobe Bryant,Pau Gasol,Shannon Brown,2,5:45,MIN,sub,,,,Ryan Gomes,,Kevin Love,,,,,,,,,,,,
Corey Brewer,Nathan Jawai,Ramon Sessions,Ryan Gomes,Sasha Pavlovic,Jordan Farmar,Josh Powell,Kobe Bryant,Ron Artest,Shannon Brown,2,5:45,LAL,sub,,,,Ron Artest,,Pau Gasol,,,,,,,,,,,,
Corey Brewer,Nathan Jawai,Ramon Sessions,Ryan Gomes,Sasha Pavlovic,Derek Fisher,Jordan Farmar,Josh Powell,Ron Artest,Shannon Brown,2,5:45,LAL,sub,,,,Derek Fisher,,Kobe Bryant,,,,,,,,,,,,
Corey Brewer,Nathan Jawai,Ramon Sessions,Ryan Gomes,Sasha Pavlovic,Andrew Bynum,Derek Fisher,Josh Powell,Ron Artest,Shannon Brown,2,5:45,LAL,sub,,,,Andrew Bynum,,Jordan Farmar,,,,,,,,,,,,
Corey Brewer,Nathan Jawai,Ramon Sessions,Ryan Gomes,Sasha Pavlovic,Andrew Bynum,Derek Fisher,Josh Powell,Ron Artest,Shannon Brown,2,5:35,LAL,shot,,,Nathan Jawai,,,,,,,Andrew Bynum,,,,missed,,jump,33,9
Corey Brewer,Nathan Jawai,Ramon Sessions,Ryan Gomes,Sasha Pavlovic,Andrew Bynum,Derek Fisher,Josh Powell,Ron Artest,Shannon Brown,2,5:33,LAL,rebound,,,,,,,,,,Andrew Bynum,,,,,,off,,
Corey Brewer,Nathan Jawai,Ramon Sessions,Ryan Gomes,Sasha Pavlovic,Andrew Bynum,Derek Fisher,Josh Powell,Ron Artest,Shannon Brown,2,5:27,LAL,shot,,,,,,,,,,Derek Fisher,,,,missed,,jump,43,19
Corey Brewer,Nathan Jawai,Ramon Sessions,Ryan Gomes,Sasha Pavlovic,Andrew Bynum,Derek Fisher,Josh Powell,Ron Artest,Shannon Brown,2,5:25,MIN,rebound,,,,,,,,,,Nathan Jawai,,,,,,def,,
Corey Brewer,Nathan Jawai,Ramon Sessions,Ryan Gomes,Sasha Pavlovic,Andrew Bynum,Derek Fisher,Josh Powell,Ron Artest,Shannon Brown,2,5:08,MIN,shot,Nathan Jawai,,,,,,,,,Ramon Sessions,2,,,made,,jump,35,24
Corey Brewer,Nathan Jawai,Ramon Sessions,Ryan Gomes,Sasha Pavlovic,Andrew Bynum,Derek Fisher,Josh Powell,Ron Artest,Shannon Brown,2,4:44,LAL,shot,,,,,,,,,,Josh Powell,,,,missed,,jump,21,25
Corey Brewer,Nathan Jawai,Ramon Sessions,Ryan Gomes,Sasha Pavlovic,Andrew Bynum,Derek Fisher,Josh Powell,Ron Artest,Shannon Brown,2,4:43,LAL,rebound,,,,,,,,,,Ron Artest,,,,,,off,,
Corey Brewer,Nathan Jawai,Ramon Sessions,Ryan Gomes,Sasha Pavlovic,Andrew Bynum,Derek Fisher,Josh Powell,Ron Artest,Shannon Brown,2,4:37,LAL,shot,,,,,,,,,,Andrew Bynum,,,,missed,,jump,21,18
Corey Brewer,Nathan Jawai,Ramon Sessions,Ryan Gomes,Sasha Pavlovic,Andrew Bynum,Derek Fisher,Josh Powell,Ron Artest,Shannon Brown,2,4:36,LAL,rebound,,,,,,,,,,Shannon Brown,,,,,,off,,
Corey Brewer,Nathan Jawai,Ramon Sessions,Ryan Gomes,Sasha Pavlovic,Andrew Bynum,Derek Fisher,Josh Powell,Ron Artest,Shannon Brown,2,4:34,LAL,shot,,,,,,,,,,Shannon Brown,,,,missed,,3pt,9,26
Corey Brewer,Nathan Jawai,Ramon Sessions,Ryan Gomes,Sasha Pavlovic,Andrew Bynum,Derek Fisher,Josh Powell,Ron Artest,Shannon Brown,2,4:31,LAL,rebound,,,,,,,,,,Ron Artest,,,,,,off,,
Corey Brewer,Nathan Jawai,Ramon Sessions,Ryan Gomes,Sasha Pavlovic,Andrew Bynum,Derek Fisher,Josh Powell,Ron Artest,Shannon Brown,2,4:28,LAL,shot,Ron Artest,,,,,,,,,Andrew Bynum,2,,,made,,slam dunk,25,6
Corey Brewer,Nathan Jawai,Ramon Sessions,Ryan Gomes,Sasha Pavlovic,Andrew Bynum,Derek Fisher,Josh Powell,Ron Artest,Shannon Brown,2,4:11,MIN,shot,,,,,,,,,,Nathan Jawai,,,,missed,,jump,24,18
Corey Brewer,Nathan Jawai,Ramon Sessions,Ryan Gomes,Sasha Pavlovic,Andrew Bynum,Derek Fisher,Josh Powell,Ron Artest,Shannon Brown,2,4:09,LAL,rebound,,,,,,,,,,Josh Powell,,,,,,def,,
Corey Brewer,Nathan Jawai,Ramon Sessions,Ryan Gomes,Sasha Pavlovic,Andrew Bynum,Derek Fisher,Josh Powell,Ron Artest,Shannon Brown,2,3:56,LAL,shot,Josh Powell,,,,,,,,,Ron Artest,3,,,made,,3pt,39,27
Corey Brewer,Nathan Jawai,Ramon Sessions,Ryan Gomes,Sasha Pavlovic,Andrew Bynum,Derek Fisher,Josh Powell,Ron Artest,Shannon Brown,2,3:38,MIN,shot,,,,,,,,,,Ramon Sessions,2,,,made,,running jump,17,16
Corey Brewer,Nathan Jawai,Ramon Sessions,Ryan Gomes,Sasha Pavlovic,Andrew Bynum,Derek Fisher,Josh Powell,Ron Artest,Shannon Brown,2,3:23,LAL,shot,,,,,,,,,,Shannon Brown,3,,,made,,3pt,22,30
Corey Brewer,Nathan Jawai,Ramon Sessions,Ryan Gomes,Sasha Pavlovic,Andrew Bynum,Derek Fisher,Josh Powell,Ron Artest,Shannon Brown,2,3:06,MIN,shot,,,,,,,,,,Corey Brewer,2,,,made,,turnaround bank,36,10
Corey Brewer,Nathan Jawai,Ramon Sessions,Ryan Gomes,Sasha Pavlovic,Andrew Bynum,Derek Fisher,Josh Powell,Ron Artest,Shannon Brown,2,2:51,LAL,shot,,,,,,,,,,Ron Artest,,,,missed,,3pt,36,28
Corey Brewer,Nathan Jawai,Ramon Sessions,Ryan Gomes,Sasha Pavlovic,Andrew Bynum,Derek Fisher,Josh Powell,Ron Artest,Shannon Brown,2,2:49,MIN,rebound,,,,,,,,,,Sasha Pavlovic,,,,,,def,,
Corey Brewer,Nathan Jawai,Ramon Sessions,Ryan Gomes,Sasha Pavlovic,Andrew Bynum,Derek Fisher,Josh Powell,Ron Artest,Shannon Brown,2,2:44,MIN,shot,Ryan Gomes,,,,,,,,,Corey Brewer,2,,,made,,slam dunk,25,6
Corey Brewer,Nathan Jawai,Ramon Sessions,Ryan Gomes,Sasha Pavlovic,Andrew Bynum,Derek Fisher,Josh Powell,Ron Artest,Shannon Brown,2,2:29,LAL,shot,,,,,,,,,,Shannon Brown,2,,,made,,pullup jump,28,14
Corey Brewer,Nathan Jawai,Ramon Sessions,Ryan Gomes,Sasha Pavlovic,Andrew Bynum,Derek Fisher,Josh Powell,Ron Artest,Shannon Brown,2,2:12,MIN,shot,,,,,,,,,,Ryan Gomes,,,,missed,,3pt,34,30
Corey Brewer,Nathan Jawai,Ramon Sessions,Ryan Gomes,Sasha Pavlovic,Andrew Bynum,Derek Fisher,Josh Powell,Ron Artest,Shannon Brown,2,2:11,LAL,rebound,,,,,,,,,,Shannon Brown,,,,,,def,,
Corey Brewer,Nathan Jawai,Ramon Sessions,Ryan Gomes,Sasha Pavlovic,Andrew Bynum,Derek Fisher,Josh Powell,Ron Artest,Shannon Brown,2,1:56,LAL,shot,,,,,,,,,,Ron Artest,,,,missed,,jump,33,25
Corey Brewer,Nathan Jawai,Ramon Sessions,Ryan Gomes,Sasha Pavlovic,Andrew Bynum,Derek Fisher,Josh Powell,Ron Artest,Shannon Brown,2,1:55,MIN,rebound,,,,,,,,,,Sasha Pavlovic,,,,,,def,,
Corey Brewer,Nathan Jawai,Ramon Sessions,Ryan Gomes,Sasha Pavlovic,Andrew Bynum,Derek Fisher,Josh Powell,Ron Artest,Shannon Brown,2,1:48,MIN,timeout,,,,,,,,,,,,,,,,regular,,
Al Jefferson,Corey Brewer,Ramon Sessions,Ryan Gomes,Sasha Pavlovic,Andrew Bynum,Derek Fisher,Josh Powell,Ron Artest,Shannon Brown,2,1:48,MIN,sub,,,,Al Jefferson,,Nathan Jawai,,,,,,,,,,,,
Al Jefferson,Corey Brewer,Ramon Sessions,Ryan Gomes,Sasha Pavlovic,Derek Fisher,Josh Powell,Lamar Odom,Ron Artest,Shannon Brown,2,1:48,LAL,sub,,,,Lamar Odom,,Andrew Bynum,,,,,,,,,,,,
Al Jefferson,Corey Brewer,Ramon Sessions,Ryan Gomes,Sasha Pavlovic,Derek Fisher,Josh Powell,Lamar Odom,Ron Artest,Sasha Vujacic,2,1:48,LAL,sub,,,,Sasha Vujacic,,Shannon Brown,,,,,,,,,,,,
Al Jefferson,Corey Brewer,Ramon Sessions,Ryan Gomes,Sasha Pavlovic,Derek Fisher,Lamar Odom,Pau Gasol,Ron Artest,Sasha Vujacic,2,1:48,LAL,sub,,,,Pau Gasol,,Josh Powell,,,,,,,,,,,,
Al Jefferson,Corey Brewer,Ramon Sessions,Ryan Gomes,Sasha Pavlovic,Derek Fisher,Lamar Odom,Pau Gasol,Ron Artest,Sasha Vujacic,2,1:31,MIN,shot,Corey Brewer,,,,,,,,,Al Jefferson,2,,,made,,jump,36,10
Al Jefferson,Corey Brewer,Ramon Sessions,Ryan Gomes,Sasha Pavlovic,Derek Fisher,Lamar Odom,Pau Gasol,Ron Artest,Sasha Vujacic,2,1:14,LAL,shot,,,,,,,,,,Sasha Vujacic,2,,,made,,jump,39,20
Al Jefferson,Corey Brewer,Ramon Sessions,Ryan Gomes,Sasha Pavlovic,Derek Fisher,Lamar Odom,Pau Gasol,Ron Artest,Sasha Vujacic,2,0:55,MIN,shot,,,,,,,,,,Corey Brewer,,,,missed,,layup,25,6
Al Jefferson,Corey Brewer,Ramon Sessions,Ryan Gomes,Sasha Pavlovic,Derek Fisher,Lamar Odom,Pau Gasol,Ron Artest,Sasha Vujacic,2,0:55,LAL,rebound,,,,,,,,,,,,,,,,,,
Al Jefferson,Corey Brewer,Ramon Sessions,Ryan Gomes,Sasha Pavlovic,Derek Fisher,Lamar Odom,Pau Gasol,Ron Artest,Sasha Vujacic,2,0:44,LAL,shot,Pau Gasol,,,,,,,,,Sasha Vujacic,2,,,made,,jump,14,24
Al Jefferson,Corey Brewer,Ramon Sessions,Ryan Gomes,Sasha Pavlovic,Derek Fisher,Lamar Odom,Pau Gasol,Ron Artest,Sasha Vujacic,2,0:35,LAL,foul,,,,,,,,Ramon Sessions,,Derek Fisher,,,,,,personal,,
Al Jefferson,Corey Brewer,Ramon Sessions,Ryan Gomes,Sasha Pavlovic,Derek Fisher,Lamar Odom,Pau Gasol,Ron Artest,Sasha Vujacic,2,0:28,MIN,turnover,,,,,,,,,,Ryan Gomes,,,traveling,,,,,
Al Jefferson,Corey Brewer,Ramon Sessions,Ryan Gomes,Sasha Pavlovic,Derek Fisher,Lamar Odom,Pau Gasol,Ron Artest,Sasha Vujacic,2,0:28,MIN,violation,,,,,,,,,,,,,,,,delay of game,,
Al Jefferson,Corey Brewer,Ramon Sessions,Ryan Gomes,Sasha Pavlovic,Derek Fisher,Lamar Odom,Pau Gasol,Ron Artest,Sasha Vujacic,2,0:08,LAL,turnover,,,,,,,,,,Pau Gasol,,,bad pass,,Ramon Sessions,,,
Al Jefferson,Corey Brewer,Ramon Sessions,Ryan Gomes,Sasha Pavlovic,Derek Fisher,Lamar Odom,Pau Gasol,Ron Artest,Sasha Vujacic,2,0:06,MIN,shot,,,,,,,,,,Ramon Sessions,2,,,made,,slam dunk,25,6
Al Jefferson,Corey Brewer,Ramon Sessions,Ryan Gomes,Sasha Pavlovic,Derek Fisher,Lamar Odom,Pau Gasol,Ron Artest,Sasha Vujacic,2,0:02,LAL,turnover,,,,,,,,,,Sasha Vujacic,,,out of bounds lost ball turnover,,,,,
Al Jefferson,Corey Brewer,Ramon Sessions,Ryan Gomes,Sasha Pavlovic,Derek Fisher,Lamar Odom,Pau Gasol,Ron Artest,Sasha Vujacic,2,0:02,MIN,timeout,,,,,,,,,,,,,,,,short,,
Al Jefferson,Corey Brewer,Jonny Flynn,Kevin Love,Ryan Gomes,Andrew Bynum,Derek Fisher,Kobe Bryant,Pau Gasol,Ron Artest,3,11:45,MIN,shot,,,,,,,,,,Kevin Love,,,,missed,,jump,12,23
Al Jefferson,Corey Brewer,Jonny Flynn,Kevin Love,Ryan Gomes,Andrew Bynum,Derek Fisher,Kobe Bryant,Pau Gasol,Ron Artest,3,11:44,LAL,rebound,,,,,,,,,,Andrew Bynum,,,,,,def,,
Al Jefferson,Corey Brewer,Jonny Flynn,Kevin Love,Ryan Gomes,Andrew Bynum,Derek Fisher,Kobe Bryant,Pau Gasol,Ron Artest,3,11:32,LAL,shot,,,,,,,,,,Derek Fisher,,,,missed,,jump,40,21
Al Jefferson,Corey Brewer,Jonny Flynn,Kevin Love,Ryan Gomes,Andrew Bynum,Derek Fisher,Kobe Bryant,Pau Gasol,Ron Artest,3,11:31,MIN,rebound,,,,,,,,,,Kevin Love,,,,,,def,,
Al Jefferson,Corey Brewer,Jonny Flynn,Kevin Love,Ryan Gomes,Andrew Bynum,Derek Fisher,Kobe Bryant,Pau Gasol,Ron Artest,3,11:21,MIN,shot,,,Andrew Bynum,,,,,,,Corey Brewer,,,,missed,,jump,23,13
Al Jefferson,Corey Brewer,Jonny Flynn,Kevin Love,Ryan Gomes,Andrew Bynum,Derek Fisher,Kobe Bryant,Pau Gasol,Ron Artest,3,11:19,MIN,rebound,,,,,,,,,,Kevin Love,,,,,,off,,
Al Jefferson,Corey Brewer,Jonny Flynn,Kevin Love,Ryan Gomes,Andrew Bynum,Derek Fisher,Kobe Bryant,Pau Gasol,Ron Artest,3,11:17,MIN,shot,,,Andrew Bynum,,,,,,,Kevin Love,,,,missed,,layup,25,6
Al Jefferson,Corey Brewer,Jonny Flynn,Kevin Love,Ryan Gomes,Andrew Bynum,Derek Fisher,Kobe Bryant,Pau Gasol,Ron Artest,3,11:16,LAL,rebound,,,,,,,,,,Andrew Bynum,,,,,,def,,
Al Jefferson,Corey Brewer,Jonny Flynn,Kevin Love,Ryan Gomes,Andrew Bynum,Derek Fisher,Kobe Bryant,Pau Gasol,Ron Artest,3,11:04,LAL,shot,,,,,,,,,,Kobe Bryant,,,,missed,,jump,28,29
Al Jefferson,Corey Brewer,Jonny Flynn,Kevin Love,Ryan Gomes,Andrew Bynum,Derek Fisher,Kobe Bryant,Pau Gasol,Ron Artest,3,11:03,LAL,rebound,,,,,,,,,,Andrew Bynum,,,,,,off,,
Al Jefferson,Corey Brewer,Jonny Flynn,Kevin Love,Ryan Gomes,Andrew Bynum,Derek Fisher,Kobe Bryant,Pau Gasol,Ron Artest,3,10:58,LAL,shot,Andrew Bynum,,,,,,,,,Derek Fisher,2,,,made,,jump,8,9
Al Jefferson,Corey Brewer,Jonny Flynn,Kevin Love,Ryan Gomes,Andrew Bynum,Derek Fisher,Kobe Bryant,Pau Gasol,Ron Artest,3,10:30,MIN,shot,,,,,,,,,,Kevin Love,,,,missed,,reverse layup,25,6
Al Jefferson,Corey Brewer,Jonny Flynn,Kevin Love,Ryan Gomes,Andrew Bynum,Derek Fisher,Kobe Bryant,Pau Gasol,Ron Artest,3,10:29,LAL,rebound,,,,,,,,,,Pau Gasol,,,,,,def,,
Al Jefferson,Corey Brewer,Jonny Flynn,Kevin Love,Ryan Gomes,Andrew Bynum,Derek Fisher,Kobe Bryant,Pau Gasol,Ron Artest,3,10:19,LAL,shot,,,,,,,,,,Ron Artest,,,,missed,,3pt,48,6
Al Jefferson,Corey Brewer,Jonny Flynn,Kevin Love,Ryan Gomes,Andrew Bynum,Derek Fisher,Kobe Bryant,Pau Gasol,Ron Artest,3,10:17,MIN,rebound,,,,,,,,,,Corey Brewer,,,,,,def,,
Al Jefferson,Corey Brewer,Jonny Flynn,Kevin Love,Ryan Gomes,Andrew Bynum,Derek Fisher,Kobe Bryant,Pau Gasol,Ron Artest,3,10:13,MIN,foul,,,,,,,,Kobe Bryant,,Corey Brewer,,,,,,offensive,,
Al Jefferson,Corey Brewer,Jonny Flynn,Kevin Love,Ryan Gomes,Andrew Bynum,Derek Fisher,Kobe Bryant,Pau Gasol,Ron Artest,3,10:13,MIN,turnover,,,,,,,,,,Corey Brewer,,,foul,,,,,
Al Jefferson,Corey Brewer,Jonny Flynn,Kevin Love,Ryan Gomes,Andrew Bynum,Derek Fisher,Kobe Bryant,Pau Gasol,Ron Artest,3,9:56,LAL,shot,,,,,,,,,,Derek Fisher,,,,missed,,jump,42,19
Al Jefferson,Corey Brewer,Jonny Flynn,Kevin Love,Ryan Gomes,Andrew Bynum,Derek Fisher,Kobe Bryant,Pau Gasol,Ron Artest,3,9:54,LAL,rebound,,,,,,,,,,Pau Gasol,,,,,,off,,
Al Jefferson,Corey Brewer,Jonny Flynn,Kevin Love,Ryan Gomes,Andrew Bynum,Derek Fisher,Kobe Bryant,Pau Gasol,Ron Artest,3,9:54,LAL,shot,,,,,,,,,,Pau Gasol,2,,,made,,tip,25,6
Al Jefferson,Corey Brewer,Jonny Flynn,Kevin Love,Ryan Gomes,Andrew Bynum,Derek Fisher,Kobe Bryant,Pau Gasol,Ron Artest,3,9:31,MIN,shot,,,,,,,,,,Al Jefferson,2,,,made,,driving layup,25,6
Al Jefferson,Corey Brewer,Jonny Flynn,Kevin Love,Ryan Gomes,Andrew Bynum,Derek Fisher,Kobe Bryant,Pau Gasol,Ron Artest,3,9:15,LAL,shot,Pau Gasol,,,,,,,,,Kobe Bryant,3,,,made,,3pt,25,31
Al Jefferson,Corey Brewer,Jonny Flynn,Kevin Love,Ryan Gomes,Andrew Bynum,Derek Fisher,Kobe Bryant,Pau Gasol,Ron Artest,3,8:58,MIN,shot,,,,,,,,,,Jonny Flynn,,,,missed,,3pt,43,23
Al Jefferson,Corey Brewer,Jonny Flynn,Kevin Love,Ryan Gomes,Andrew Bynum,Derek Fisher,Kobe Bryant,Pau Gasol,Ron Artest,3,8:57,LAL,rebound,,,,,,,,,,Derek Fisher,,,,,,def,,
Al Jefferson,Corey Brewer,Jonny Flynn,Kevin Love,Ryan Gomes,Andrew Bynum,Derek Fisher,Kobe Bryant,Pau Gasol,Ron Artest,3,8:41,LAL,shot,,,,,,,,,,Pau Gasol,,,,missed,,jump,37,20
Al Jefferson,Corey Brewer,Jonny Flynn,Kevin Love,Ryan Gomes,Andrew Bynum,Derek Fisher,Kobe Bryant,Pau Gasol,Ron Artest,3,8:40,MIN,rebound,,,,,,,,,,Kevin Love,,,,,,def,,
Al Jefferson,Corey Brewer,Jonny Flynn,Kevin Love,Ryan Gomes,Andrew Bynum,Derek Fisher,Kobe Bryant,Pau Gasol,Ron Artest,3,8:24,MIN,shot,,,,,,,,,,Al Jefferson,,,,missed,,jump,36,16
Al Jefferson,Corey Brewer,Jonny Flynn,Kevin Love,Ryan Gomes,Andrew Bynum,Derek Fisher,Kobe Bryant,Pau Gasol,Ron Artest,3,8:23,LAL,rebound,,,,,,,,,,Pau Gasol,,,,,,def,,
Al Jefferson,Corey Brewer,Jonny Flynn,Kevin Love,Ryan Gomes,Andrew Bynum,Derek Fisher,Kobe Bryant,Pau Gasol,Ron Artest,3,8:15,LAL,shot,,,,,,,,,,Kobe Bryant,,,,missed,,jump,13,9
Al Jefferson,Corey Brewer,Jonny Flynn,Kevin Love,Ryan Gomes,Andrew Bynum,Derek Fisher,Kobe Bryant,Pau Gasol,Ron Artest,3,8:13,LAL,rebound,,,,,,,,,,Andrew Bynum,,,,,,off,,
Al Jefferson,Corey Brewer,Jonny Flynn,Kevin Love,Ryan Gomes,Andrew Bynum,Derek Fisher,Kobe Bryant,Pau Gasol,Ron Artest,3,8:11,LAL,shot,,,,,,,,,,Andrew Bynum,2,,,made,,jump,30,11
Al Jefferson,Corey Brewer,Jonny Flynn,Kevin Love,Ryan Gomes,Andrew Bynum,Derek Fisher,Kobe Bryant,Pau Gasol,Ron Artest,3,7:49,MIN,turnover,,,,,,,,,,Jonny Flynn,,,step out of bounds turnover,,,,,
Al Jefferson,Corey Brewer,Jonny Flynn,Kevin Love,Ryan Gomes,Andrew Bynum,Derek Fisher,Kobe Bryant,Pau Gasol,Ron Artest,3,7:32,LAL,shot,,,,,,,,,,Kobe Bryant,,,,missed,,turnaround jump,31,13
Al Jefferson,Corey Brewer,Jonny Flynn,Kevin Love,Ryan Gomes,Andrew Bynum,Derek Fisher,Kobe Bryant,Pau Gasol,Ron Artest,3,7:28,MIN,rebound,,,,,,,,,,Al Jefferson,,,,,,def,,
Al Jefferson,Corey Brewer,Jonny Flynn,Kevin Love,Ryan Gomes,Andrew Bynum,Derek Fisher,Kobe Bryant,Pau Gasol,Ron Artest,3,7:20,LAL,foul,,,,,,,,Jonny Flynn,,Derek Fisher,,,,,,shooting,,
Al Jefferson,Corey Brewer,Jonny Flynn,Ryan Gomes,Ryan Hollins,Andrew Bynum,Derek Fisher,Kobe Bryant,Pau Gasol,Ron Artest,3,7:20,MIN,sub,,,,Ryan Hollins,,Kevin Love,,,,,,,,,,,,
Al Jefferson,Corey Brewer,Jonny Flynn,Ryan Gomes,Ryan Hollins,Andrew Bynum,Derek Fisher,Kobe Bryant,Pau Gasol,Ron Artest,3,7:20,MIN,free throw,,,,,,,1,,2,Jonny Flynn,,,foul,missed,,,,
Al Jefferson,Corey Brewer,Jonny Flynn,Ryan Gomes,Ryan Hollins,Andrew Bynum,Derek Fisher,Kobe Bryant,Pau Gasol,Ron Artest,3,7:20,MIN,rebound,,,,,,,,,,,,,,,,,,
Al Jefferson,Corey Brewer,Jonny Flynn,Ryan Gomes,Ryan Hollins,Andrew Bynum,Derek Fisher,Kobe Bryant,Pau Gasol,Ron Artest,3,7:20,MIN,free throw,,,,,,,2,,2,Jonny Flynn,,,foul,made,,,,
Al Jefferson,Corey Brewer,Jonny Flynn,Ryan Gomes,Ryan Hollins,Andrew Bynum,Derek Fisher,Kobe Bryant,Pau Gasol,Ron Artest,3,7:01,LAL,shot,Pau Gasol,,,,,,,,,Kobe Bryant,2,,,made,,reverse layup,25,6
Al Jefferson,Corey Brewer,Jonny Flynn,Ryan Gomes,Ryan Hollins,Andrew Bynum,Derek Fisher,Kobe Bryant,Pau Gasol,Ron Artest,3,6:47,MIN,shot,,,,,,,,,,Al Jefferson,,,,missed,,jump,30,12
Al Jefferson,Corey Brewer,Jonny Flynn,Ryan Gomes,Ryan Hollins,Andrew Bynum,Derek Fisher,Kobe Bryant,Pau Gasol,Ron Artest,3,6:46,MIN,rebound,,,,,,,,,,Al Jefferson,,,,,,off,,
Al Jefferson,Corey Brewer,Jonny Flynn,Ryan Gomes,Ryan Hollins,Andrew Bynum,Derek Fisher,Kobe Bryant,Pau Gasol,Ron Artest,3,6:44,MIN,shot,,,,,,,,,,Al Jefferson,2,,,made,,layup,25,6
Al Jefferson,Corey Brewer,Jonny Flynn,Ryan Gomes,Ryan Hollins,Andrew Bynum,Derek Fisher,Kobe Bryant,Pau Gasol,Ron Artest,3,6:30,MIN,foul,,,,,,,,Pau Gasol,,Ryan Hollins,,,,,,personal,,
Al Jefferson,Corey Brewer,Jonny Flynn,Ryan Gomes,Ryan Hollins,Andrew Bynum,Derek Fisher,Kobe Bryant,Pau Gasol,Ron Artest,3,6:23,LAL,shot,Pau Gasol,,,,,,,,,Kobe Bryant,2,,,made,,jump,18,27
Al Jefferson,Corey Brewer,Jonny Flynn,Ryan Gomes,Ryan Hollins,Andrew Bynum,Derek Fisher,Kobe Bryant,Pau Gasol,Ron Artest,3,6:13,MIN,shot,,,,,,,,,,Jonny Flynn,,,,missed,,layup,25,6
Al Jefferson,Corey Brewer,Jonny Flynn,Ryan Gomes,Ryan Hollins,Andrew Bynum,Derek Fisher,Kobe Bryant,Pau Gasol,Ron Artest,3,6:11,MIN,rebound,,,,,,,,,,Ryan Hollins,,,,,,off,,
Al Jefferson,Corey Brewer,Jonny Flynn,Ryan Gomes,Ryan Hollins,Andrew Bynum,Derek Fisher,Kobe Bryant,Pau Gasol,Ron Artest,3,6:11,MIN,shot,,,,,,,,,,Ryan Hollins,,,,missed,,layup,25,6
Al Jefferson,Corey Brewer,Jonny Flynn,Ryan Gomes,Ryan Hollins,Andrew Bynum,Derek Fisher,Kobe Bryant,Pau Gasol,Ron Artest,3,6:09,LAL,rebound,,,,,,,,,,Kobe Bryant,,,,,,def,,
Al Jefferson,Corey Brewer,Jonny Flynn,Ryan Gomes,Ryan Hollins,Andrew Bynum,Derek Fisher,Kobe Bryant,Pau Gasol,Ron Artest,3,6:04,LAL,shot,,,,,,,,,,Kobe Bryant,,,,missed,,3pt,15,29
Al Jefferson,Corey Brewer,Jonny Flynn,Ryan Gomes,Ryan Hollins,Andrew Bynum,Derek Fisher,Kobe Bryant,Pau Gasol,Ron Artest,3,6:02,LAL,rebound,,,,,,,,,,Pau Gasol,,,,,,off,,
Al Jefferson,Corey Brewer,Jonny Flynn,Ryan Gomes,Ryan Hollins,Andrew Bynum,Derek Fisher,Kobe Bryant,Pau Gasol,Ron Artest,3,6:02,LAL,shot,,,,,,,,,,Andrew Bynum,,,,missed,,hook,25,15
Al Jefferson,Corey Brewer,Jonny Flynn,Ryan Gomes,Ryan Hollins,Andrew Bynum,Derek Fisher,Kobe Bryant,Pau Gasol,Ron Artest,3,6:00,LAL,rebound,,,,,,,,,,Pau Gasol,,,,,,off,,
Al Jefferson,Corey Brewer,Jonny Flynn,Ryan Gomes,Ryan Hollins,Andrew Bynum,Derek Fisher,Kobe Bryant,Pau Gasol,Ron Artest,3,6:00,LAL,shot,,,Al Jefferson,,,,,,,Pau Gasol,,,,missed,,layup,25,6
Al Jefferson,Corey Brewer,Jonny Flynn,Ryan Gomes,Ryan Hollins,Andrew Bynum,Derek Fisher,Kobe Bryant,Pau Gasol,Ron Artest,3,5:57,MIN,rebound,,,,,,,,,,Al Jefferson,,,,,,def,,
Al Jefferson,Corey Brewer,Jonny Flynn,Ryan Gomes,Ryan Hollins,Andrew Bynum,Derek Fisher,Kobe Bryant,Pau Gasol,Ron Artest,3,5:55,MIN,shot,,,,,,,,,,Corey Brewer,2,,,made,,slam dunk,25,6
Al Jefferson,Corey Brewer,Jonny Flynn,Ryan Gomes,Ryan Hollins,Andrew Bynum,Derek Fisher,Kobe Bryant,Pau Gasol,Ron Artest,3,5:29,LAL,shot,,,,,,,,,,Derek Fisher,,,,missed,,jump,43,16
Al Jefferson,Corey Brewer,Jonny Flynn,Ryan Gomes,Ryan Hollins,Andrew Bynum,Derek Fisher,Kobe Bryant,Pau Gasol,Ron Artest,3,5:28,LAL,timeout,,,,,,,,,,,,,,,,regular,,
Corey Brewer,Jonny Flynn,Nathan Jawai,Ryan Gomes,Ryan Hollins,Andrew Bynum,Derek Fisher,Kobe Bryant,Pau Gasol,Ron Artest,3,5:28,MIN,sub,,,,Nathan Jawai,,Al Jefferson,,,,,,,,,,,,
Corey Brewer,Jonny Flynn,Nathan Jawai,Ryan Gomes,Ryan Hollins,Andrew Bynum,Derek Fisher,Kobe Bryant,Pau Gasol,Ron Artest,3,5:28,LAL,jump ball,,Ryan Hollins,,,Andrew Bynum,,,,,,,Jonny Flynn,,,,,,
Corey Brewer,Jonny Flynn,Nathan Jawai,Ryan Gomes,Ryan Hollins,Andrew Bynum,Derek Fisher,Kobe Bryant,Pau Gasol,Ron Artest,3,5:28,MIN,rebound,,,,,,,,,,,,,,,,,,
Corey Brewer,Jonny Flynn,Nathan Jawai,Ryan Gomes,Ryan Hollins,Andrew Bynum,Derek Fisher,Kobe Bryant,Pau Gasol,Ron Artest,3,5:06,MIN,shot,,,,,,,,,,Ryan Gomes,,,,missed,,jump,13,7
Corey Brewer,Jonny Flynn,Nathan Jawai,Ryan Gomes,Ryan Hollins,Andrew Bynum,Derek Fisher,Kobe Bryant,Pau Gasol,Ron Artest,3,5:05,LAL,rebound,,,,,,,,,,Andrew Bynum,,,,,,def,,
Corey Brewer,Jonny Flynn,Nathan Jawai,Ryan Gomes,Ryan Hollins,Andrew Bynum,Derek Fisher,Kobe Bryant,Pau Gasol,Ron Artest,3,5:01,LAL,foul,,,,,,,,Ryan Hollins,,Pau Gasol,,,,,,offensive,,
Corey Brewer,Jonny Flynn,Nathan Jawai,Ryan Gomes,Ryan Hollins,Andrew Bynum,Derek Fisher,Kobe Bryant,Pau Gasol,Ron Artest,3,5:01,LAL,turnover,,,,,,,,,,Pau Gasol,,,foul,,,,,
Corey Brewer,Jonny Flynn,Nathan Jawai,Ryan Gomes,Ryan Hollins,Andrew Bynum,Derek Fisher,Kobe Bryant,Pau Gasol,Ron Artest,3,4:48,MIN,shot,,,,,,,,,,Jonny Flynn,2,,,made,,running jump,31,11
Corey Brewer,Jonny Flynn,Nathan Jawai,Ryan Gomes,Ryan Hollins,Andrew Bynum,Derek Fisher,Kobe Bryant,Pau Gasol,Ron Artest,3,4:32,LAL,shot,Kobe Bryant,,,,,,,,,Derek Fisher,2,,,made,,jump,44,13
Corey Brewer,Jonny Flynn,Nathan Jawai,Ryan Gomes,Ryan Hollins,Andrew Bynum,Derek Fisher,Kobe Bryant,Pau Gasol,Ron Artest,3,4:13,MIN,shot,,,,,,,,,,Ryan Gomes,,,,missed,,jump,12,18
Corey Brewer,Jonny Flynn,Nathan Jawai,Ryan Gomes,Ryan Hollins,Andrew Bynum,Derek Fisher,Kobe Bryant,Pau Gasol,Ron Artest,3,4:12,LAL,rebound,,,,,,,,,,Andrew Bynum,,,,,,def,,
Corey Brewer,Jonny Flynn,Nathan Jawai,Ryan Gomes,Ryan Hollins,Andrew Bynum,Derek Fisher,Kobe Bryant,Pau Gasol,Ron Artest,3,4:05,MIN,foul,,,,,,,,Kobe Bryant,,Ryan Gomes,,,,,,shooting,,
Corey Brewer,Jonny Flynn,Nathan Jawai,Ryan Gomes,Ryan Hollins,Andrew Bynum,Derek Fisher,Kobe Bryant,Lamar Odom,Ron Artest,3,4:05,LAL,sub,,,,Lamar Odom,,Pau Gasol,,,,,,,,,,,,
Corey Brewer,Jonny Flynn,Nathan Jawai,Ryan Gomes,Ryan Hollins,Andrew Bynum,Derek Fisher,Kobe Bryant,Lamar Odom,Ron Artest,3,4:05,LAL,free throw,,,,,,,1,,2,Kobe Bryant,,,foul,missed,,,,
Corey Brewer,Jonny Flynn,Nathan Jawai,Ryan Gomes,Ryan Hollins,Andrew Bynum,Derek Fisher,Kobe Bryant,Lamar Odom,Ron Artest,3,4:05,LAL,rebound,,,,,,,,,,,,,,,,,,
Corey Brewer,Jonny Flynn,Nathan Jawai,Ryan Gomes,Ryan Hollins,Andrew Bynum,Derek Fisher,Kobe Bryant,Lamar Odom,Ron Artest,3,4:05,LAL,free throw,,,,,,,2,,2,Kobe Bryant,,,foul,made,,,,
Corey Brewer,Jonny Flynn,Nathan Jawai,Ryan Gomes,Ryan Hollins,Andrew Bynum,Derek Fisher,Kobe Bryant,Lamar Odom,Ron Artest,3,4:00,MIN,shot,,,Andrew Bynum,,,,,,,Nathan Jawai,,,,missed,,layup,25,6
Corey Brewer,Jonny Flynn,Nathan Jawai,Ryan Gomes,Ryan Hollins,Andrew Bynum,Derek Fisher,Kobe Bryant,Lamar Odom,Ron Artest,3,3:58,LAL,rebound,,,,,,,,,,Kobe Bryant,,,,,,def,,
Corey Brewer,Jonny Flynn,Nathan Jawai,Ryan Gomes,Ryan Hollins,Andrew Bynum,Derek Fisher,Kobe Bryant,Lamar Odom,Ron Artest,3,3:58,LAL,turnover,,,,,,,,,,Kobe Bryant,,,step out of bounds turnover,,,,,
Corey Brewer,Jonny Flynn,Nathan Jawai,Ryan Hollins,Sasha Pavlovic,Andrew Bynum,Derek Fisher,Kobe Bryant,Lamar Odom,Ron Artest,3,3:58,MIN,sub,,,,Sasha Pavlovic,,Ryan Gomes,,,,,,,,,,,,
Corey Brewer,Jonny Flynn,Nathan Jawai,Ryan Hollins,Sasha Pavlovic,Andrew Bynum,Derek Fisher,Kobe Bryant,Lamar Odom,Ron Artest,3,3:57,MIN,turnover,,,,,,,,,,Sasha Pavlovic,,,bad pass,,Derek Fisher,,,
Corey Brewer,Jonny Flynn,Nathan Jawai,Ryan Hollins,Sasha Pavlovic,Andrew Bynum,Derek Fisher,Kobe Bryant,Lamar Odom,Ron Artest,3,3:52,LAL,turnover,,,,,,,,,,Derek Fisher,,,bad pass,,Jonny Flynn,,,
Corey Brewer,Jonny Flynn,Nathan Jawai,Ryan Hollins,Sasha Pavlovic,Andrew Bynum,Derek Fisher,Kobe Bryant,Lamar Odom,Ron Artest,3,3:47,LAL,foul,,,,,,,,Jonny Flynn,,Andrew Bynum,,,,,,shooting,,
Corey Brewer,Jonny Flynn,Nathan Jawai,Ryan Hollins,Sasha Pavlovic,Andrew Bynum,Derek Fisher,Kobe Bryant,Lamar Odom,Ron Artest,3,3:47,MIN,free throw,,,,,,,1,,2,Jonny Flynn,,,foul,made,,,,
Corey Brewer,Jonny Flynn,Kevin Love,Nathan Jawai,Sasha Pavlovic,Andrew Bynum,Derek Fisher,Kobe Bryant,Lamar Odom,Ron Artest,3,3:47,MIN,sub,,,,Kevin Love,,Ryan Hollins,,,,,,,,,,,,
Al Jefferson,Corey Brewer,Jonny Flynn,Kevin Love,Sasha Pavlovic,Andrew Bynum,Derek Fisher,Kobe Bryant,Lamar Odom,Ron Artest,3,3:47,MIN,sub,,,,Al Jefferson,,Nathan Jawai,,,,,,,,,,,,
Al Jefferson,Corey Brewer,Jonny Flynn,Kevin Love,Sasha Pavlovic,Andrew Bynum,Derek Fisher,Kobe Bryant,Lamar Odom,Ron Artest,3,3:47,MIN,free throw,,,,,,,2,,2,Jonny Flynn,,,foul,made,,,,
Al Jefferson,Corey Brewer,Jonny Flynn,Kevin Love,Sasha Pavlovic,Andrew Bynum,Derek Fisher,Kobe Bryant,Lamar Odom,Ron Artest,3,3:30,LAL,shot,,,,,,,,,,Ron Artest,,,,missed,,3pt,16,29
Al Jefferson,Corey Brewer,Jonny Flynn,Kevin Love,Sasha Pavlovic,Andrew Bynum,Derek Fisher,Kobe Bryant,Lamar Odom,Ron Artest,3,3:28,MIN,rebound,,,,,,,,,,Kevin Love,,,,,,def,,
Al Jefferson,Corey Brewer,Jonny Flynn,Kevin Love,Sasha Pavlovic,Andrew Bynum,Derek Fisher,Kobe Bryant,Lamar Odom,Ron Artest,3,3:25,MIN,turnover,,,,,,,,,,Jonny Flynn,,,bad pass,,Ron Artest,,,
Al Jefferson,Corey Brewer,Jonny Flynn,Kevin Love,Sasha Pavlovic,Andrew Bynum,Derek Fisher,Kobe Bryant,Lamar Odom,Ron Artest,3,3:21,LAL,shot,,,,,,,,,,Ron Artest,,,,missed,,layup,25,6
Al Jefferson,Corey Brewer,Jonny Flynn,Kevin Love,Sasha Pavlovic,Andrew Bynum,Derek Fisher,Kobe Bryant,Lamar Odom,Ron Artest,3,3:21,MIN,rebound,,,,,,,,,,,,,,,,,,
Al Jefferson,Corey Brewer,Jonny Flynn,Kevin Love,Sasha Pavlovic,Andrew Bynum,Derek Fisher,Kobe Bryant,Lamar Odom,Ron Artest,3,3:21,LAL,foul,,,,,,,,Kevin Love,,Lamar Odom,,,,,,loose ball,,
Al Jefferson,Damien Wilkins,Jonny Flynn,Kevin Love,Sasha Pavlovic,Andrew Bynum,Derek Fisher,Kobe Bryant,Lamar Odom,Ron Artest,3,3:21,MIN,sub,,,,Damien Wilkins,,Corey Brewer,,,,,,,,,,,,
Al Jefferson,Damien Wilkins,Jonny Flynn,Kevin Love,Sasha Pavlovic,Andrew Bynum,Derek Fisher,Kobe Bryant,Lamar Odom,Ron Artest,3,3:11,MIN,turnover,,,,,,,,,,Jonny Flynn,,,lost ball,,Derek Fisher,,,
Al Jefferson,Damien Wilkins,Jonny Flynn,Kevin Love,Sasha Pavlovic,Andrew Bynum,Derek Fisher,Kobe Bryant,Lamar Odom,Ron Artest,3,3:06,LAL,shot,Derek Fisher,,,,,,,,,Ron Artest,2,,,made,,layup,25,6
Al Jefferson,Damien Wilkins,Jonny Flynn,Kevin Love,Sasha Pavlovic,Andrew Bynum,Derek Fisher,Kobe Bryant,Lamar Odom,Ron Artest,3,2:47,MIN,shot,,,,,,,,,,Sasha Pavlovic,,,,missed,,jump,22,15
Al Jefferson,Damien Wilkins,Jonny Flynn,Kevin Love,Sasha Pavlovic,Andrew Bynum,Derek Fisher,Kobe Bryant,Lamar Odom,Ron Artest,3,2:46,MIN,rebound,,,,,,,,,,Kevin Love,,,,,,off,,
Al Jefferson,Damien Wilkins,Jonny Flynn,Kevin Love,Sasha Pavlovic,Andrew Bynum,Derek Fisher,Kobe Bryant,Lamar Odom,Ron Artest,3,2:40,MIN,shot,,,,,,,,,,Kevin Love,3,,,made,,3pt,48,7
Al Jefferson,Damien Wilkins,Jonny Flynn,Kevin Love,Sasha Pavlovic,Andrew Bynum,Derek Fisher,Kobe Bryant,Lamar Odom,Ron Artest,3,2:26,LAL,shot,,,,,,,,,,Kobe Bryant,,,,missed,,jump,43,17
Al Jefferson,Damien Wilkins,Jonny Flynn,Kevin Love,Sasha Pavlovic,Andrew Bynum,Derek Fisher,Kobe Bryant,Lamar Odom,Ron Artest,3,2:25,MIN,rebound,,,,,,,,,,Jonny Flynn,,,,,,def,,
Al Jefferson,Damien Wilkins,Jonny Flynn,Kevin Love,Sasha Pavlovic,Andrew Bynum,Derek Fisher,Kobe Bryant,Lamar Odom,Ron Artest,3,2:16,MIN,shot,,,Ron Artest,,,,,,,Kevin Love,,,,missed,,layup,25,6
Al Jefferson,Damien Wilkins,Jonny Flynn,Kevin Love,Sasha Pavlovic,Andrew Bynum,Derek Fisher,Kobe Bryant,Lamar Odom,Ron Artest,3,2:14,LAL,rebound,,,,,,,,,,Derek Fisher,,,,,,def,,
Al Jefferson,Damien Wilkins,Jonny Flynn,Kevin Love,Sasha Pavlovic,Andrew Bynum,Derek Fisher,Kobe Bryant,Lamar Odom,Ron Artest,3,2:09,MIN,foul,,,,,,,,Lamar Odom,,Al Jefferson,,,,,,shooting,,
Al Jefferson,Damien Wilkins,Jonny Flynn,Kevin Love,Sasha Pavlovic,Andrew Bynum,Derek Fisher,Kobe Bryant,Lamar Odom,Ron Artest,3,2:09,MIN,timeout,,,,,,,,,,,,,,,,regular,,
Al Jefferson,Damien Wilkins,Jonny Flynn,Kevin Love,Sasha Pavlovic,Derek Fisher,Jordan Farmar,Kobe Bryant,Lamar Odom,Ron Artest,3,2:09,LAL,sub,,,,Jordan Farmar,,Andrew Bynum,,,,,,,,,,,,
Al Jefferson,Damien Wilkins,Jonny Flynn,Kevin Love,Sasha Pavlovic,Jordan Farmar,Kobe Bryant,Lamar Odom,Pau Gasol,Ron Artest,3,2:09,LAL,sub,,,,Pau Gasol,,Derek Fisher,,,,,,,,,,,,
Al Jefferson,Damien Wilkins,Kevin Love,Ramon Sessions,Sasha Pavlovic,Jordan Farmar,Kobe Bryant,Lamar Odom,Pau Gasol,Ron Artest,3,2:09,MIN,sub,,,,Ramon Sessions,,Jonny Flynn,,,,,,,,,,,,
Al Jefferson,Damien Wilkins,Kevin Love,Ramon Sessions,Sasha Pavlovic,Jordan Farmar,Kobe Bryant,Lamar Odom,Pau Gasol,Ron Artest,3,2:09,LAL,free throw,,,,,,,1,,2,Lamar Odom,,,foul,made,,,,
Al Jefferson,Damien Wilkins,Kevin Love,Ramon Sessions,Sasha Pavlovic,Jordan Farmar,Kobe Bryant,Lamar Odom,Pau Gasol,Ron Artest,3,2:09,LAL,free throw,,,,,,,2,,2,Lamar Odom,,,foul,missed,,,,
Al Jefferson,Damien Wilkins,Kevin Love,Ramon Sessions,Sasha Pavlovic,Jordan Farmar,Kobe Bryant,Lamar Odom,Pau Gasol,Ron Artest,3,2:07,LAL,rebound,,,,,,,,,,Ron Artest,,,,,,off,,
Al Jefferson,Damien Wilkins,Kevin Love,Ramon Sessions,Sasha Pavlovic,Jordan Farmar,Kobe Bryant,Lamar Odom,Pau Gasol,Ron Artest,3,1:58,LAL,shot,Pau Gasol,,,,,,,,,Ron Artest,2,,,made,,layup,25,6
Al Jefferson,Damien Wilkins,Kevin Love,Ramon Sessions,Sasha Pavlovic,Jordan Farmar,Kobe Bryant,Lamar Odom,Pau Gasol,Ron Artest,3,1:43,MIN,shot,,,,,,,,,,Sasha Pavlovic,,,,missed,,jump,11,6
Al Jefferson,Damien Wilkins,Kevin Love,Ramon Sessions,Sasha Pavlovic,Jordan Farmar,Kobe Bryant,Lamar Odom,Pau Gasol,Ron Artest,3,1:42,LAL,rebound,,,,,,,,,,Pau Gasol,,,,,,def,,
Al Jefferson,Damien Wilkins,Kevin Love,Ramon Sessions,Sasha Pavlovic,Jordan Farmar,Kobe Bryant,Lamar Odom,Pau Gasol,Ron Artest,3,1:33,MIN,foul,,,,,,,,Lamar Odom,,Kevin Love,,,,,,shooting,,
Al Jefferson,Damien Wilkins,Kevin Love,Ramon Sessions,Sasha Pavlovic,Jordan Farmar,Kobe Bryant,Lamar Odom,Pau Gasol,Ron Artest,3,1:33,LAL,free throw,,,,,,,1,,2,Lamar Odom,,,foul,made,,,,
Al Jefferson,Damien Wilkins,Kevin Love,Ramon Sessions,Sasha Pavlovic,Jordan Farmar,Kobe Bryant,Lamar Odom,Pau Gasol,Ron Artest,3,1:33,LAL,free throw,,,,,,,2,,2,Lamar Odom,,,foul,missed,,,,
Al Jefferson,Damien Wilkins,Kevin Love,Ramon Sessions,Sasha Pavlovic,Jordan Farmar,Kobe Bryant,Lamar Odom,Pau Gasol,Ron Artest,3,1:32,MIN,rebound,,,,,,,,,,Sasha Pavlovic,,,,,,def,,
Al Jefferson,Damien Wilkins,Kevin Love,Ramon Sessions,Sasha Pavlovic,Jordan Farmar,Kobe Bryant,Lamar Odom,Pau Gasol,Ron Artest,3,1:16,MIN,turnover,,,,,,,,,,Damien Wilkins,,,step out of bounds turnover,,,,,
Al Jefferson,Damien Wilkins,Kevin Love,Ramon Sessions,Sasha Pavlovic,Jordan Farmar,Kobe Bryant,Lamar Odom,Pau Gasol,Ron Artest,3,1:05,LAL,shot,Ron Artest,,,,,,,,,Jordan Farmar,3,,,made,,3pt,46,20
Al Jefferson,Damien Wilkins,Kevin Love,Ramon Sessions,Sasha Pavlovic,Jordan Farmar,Kobe Bryant,Lamar Odom,Pau Gasol,Ron Artest,3,0:46,MIN,shot,,,,,,,,,,Sasha Pavlovic,,,,missed,,reverse layup,25,6
Al Jefferson,Damien Wilkins,Kevin Love,Ramon Sessions,Sasha Pavlovic,Jordan Farmar,Kobe Bryant,Lamar Odom,Pau Gasol,Ron Artest,3,0:45,MIN,rebound,,,,,,,,,,Kevin Love,,,,,,off,,
Al Jefferson,Damien Wilkins,Kevin Love,Ramon Sessions,Sasha Pavlovic,Jordan Farmar,Kobe Bryant,Lamar Odom,Pau Gasol,Ron Artest,3,0:45,MIN,shot,,,,,,,,,,Kevin Love,,,,missed,,tip,25,6
Al Jefferson,Damien Wilkins,Kevin Love,Ramon Sessions,Sasha Pavlovic,Jordan Farmar,Kobe Bryant,Lamar Odom,Pau Gasol,Ron Artest,3,0:43,LAL,rebound,,,,,,,,,,Pau Gasol,,,,,,def,,
Al Jefferson,Damien Wilkins,Kevin Love,Ramon Sessions,Sasha Pavlovic,Jordan Farmar,Kobe Bryant,Lamar Odom,Pau Gasol,Ron Artest,3,0:35,MIN,foul,,,,,,,,Ron Artest,,Ramon Sessions,,,,,,shooting,,
Al Jefferson,Damien Wilkins,Kevin Love,Ramon Sessions,Sasha Pavlovic,Jordan Farmar,Kobe Bryant,Lamar Odom,Pau Gasol,Ron Artest,3,0:35,LAL,free throw,,,,,,,1,,2,Ron Artest,,,foul,made,,,,
Al Jefferson,Damien Wilkins,Kevin Love,Ramon Sessions,Sasha Pavlovic,Jordan Farmar,Lamar Odom,Pau Gasol,Ron Artest,Shannon Brown,3,0:35,LAL,sub,,,,Shannon Brown,,Kobe Bryant,,,,,,,,,,,,
Al Jefferson,Damien Wilkins,Kevin Love,Ramon Sessions,Sasha Pavlovic,Jordan Farmar,Lamar Odom,Pau Gasol,Ron Artest,Shannon Brown,3,0:35,LAL,free throw,,,,,,,2,,2,Ron Artest,,,foul,made,,,,
Al Jefferson,Damien Wilkins,Kevin Love,Ramon Sessions,Sasha Pavlovic,Jordan Farmar,Lamar Odom,Pau Gasol,Ron Artest,Shannon Brown,3,0:16,MIN,shot,,,,,,,,,,Kevin Love,,,,missed,,3pt,10,26
Al Jefferson,Damien Wilkins,Kevin Love,Ramon Sessions,Sasha Pavlovic,Jordan Farmar,Lamar Odom,Pau Gasol,Ron Artest,Shannon Brown,3,0:15,LAL,rebound,,,,,,,,,,Pau Gasol,,,,,,def,,
Al Jefferson,Damien Wilkins,Kevin Love,Ramon Sessions,Sasha Pavlovic,Jordan Farmar,Lamar Odom,Pau Gasol,Ron Artest,Shannon Brown,3,0:02,LAL,shot,Jordan Farmar,,,,,,,,,Lamar Odom,3,,,made,,3pt,47,19
Al Jefferson,Damien Wilkins,Kevin Love,Ramon Sessions,Sasha Pavlovic,Jordan Farmar,Lamar Odom,Pau Gasol,Ron Artest,Shannon Brown,3,0:00,MIN,shot,,,,,,,,,,Ramon Sessions,,,,missed,,3pt,11,44
Al Jefferson,Damien Wilkins,Kevin Love,Ramon Sessions,Sasha Pavlovic,Jordan Farmar,Lamar Odom,Pau Gasol,Ron Artest,Shannon Brown,3,0:00,MIN,rebound,,,,,,,,,,,,,,,,,,
Al Jefferson,Kevin Love,Ramon Sessions,Ryan Gomes,Wayne Ellington,Jordan Farmar,Kobe Bryant,Lamar Odom,Pau Gasol,Shannon Brown,4,11:44,LAL,shot,,,,,,,,,,Shannon Brown,,,,missed,,jump,25,21
Al Jefferson,Kevin Love,Ramon Sessions,Ryan Gomes,Wayne Ellington,Jordan Farmar,Kobe Bryant,Lamar Odom,Pau Gasol,Shannon Brown,4,11:42,MIN,rebound,,,,,,,,,,Kevin Love,,,,,,def,,
Al Jefferson,Kevin Love,Ramon Sessions,Ryan Gomes,Wayne Ellington,Jordan Farmar,Kobe Bryant,Lamar Odom,Pau Gasol,Shannon Brown,4,11:38,LAL,foul,,,,,,,,Al Jefferson,,Jordan Farmar,,,,,,personal,,
Al Jefferson,Kevin Love,Ramon Sessions,Ryan Gomes,Wayne Ellington,Jordan Farmar,Kobe Bryant,Lamar Odom,Pau Gasol,Shannon Brown,4,11:31,MIN,shot,Ramon Sessions,,,,,,,,,Al Jefferson,2,,,made,,slam dunk,25,6
Al Jefferson,Kevin Love,Ramon Sessions,Ryan Gomes,Wayne Ellington,Jordan Farmar,Kobe Bryant,Lamar Odom,Pau Gasol,Shannon Brown,4,11:18,LAL,shot,,,,,,,,,,Pau Gasol,,,,missed,,jump,36,17
Al Jefferson,Kevin Love,Ramon Sessions,Ryan Gomes,Wayne Ellington,Jordan Farmar,Kobe Bryant,Lamar Odom,Pau Gasol,Shannon Brown,4,11:17,MIN,rebound,,,,,,,,,,Wayne Ellington,,,,,,def,,
Al Jefferson,Kevin Love,Ramon Sessions,Ryan Gomes,Wayne Ellington,Jordan Farmar,Kobe Bryant,Lamar Odom,Pau Gasol,Shannon Brown,4,11:10,MIN,shot,Ramon Sessions,,,,,,,,,Al Jefferson,2,,,made,,reverse layup,25,6
Al Jefferson,Kevin Love,Ramon Sessions,Ryan Gomes,Wayne Ellington,Jordan Farmar,Kobe Bryant,Lamar Odom,Pau Gasol,Shannon Brown,4,10:49,LAL,shot,,,,,,,,,,Kobe Bryant,,,,missed,,jump,46,12
Al Jefferson,Kevin Love,Ramon Sessions,Ryan Gomes,Wayne Ellington,Jordan Farmar,Kobe Bryant,Lamar Odom,Pau Gasol,Shannon Brown,4,10:48,MIN,rebound,,,,,,,,,,Kevin Love,,,,,,def,,
Al Jefferson,Kevin Love,Ramon Sessions,Ryan Gomes,Wayne Ellington,Jordan Farmar,Kobe Bryant,Lamar Odom,Pau Gasol,Shannon Brown,4,10:35,MIN,shot,,,,,,,,,,Wayne Ellington,,,,missed,,jump,33,23
Al Jefferson,Kevin Love,Ramon Sessions,Ryan Gomes,Wayne Ellington,Jordan Farmar,Kobe Bryant,Lamar Odom,Pau Gasol,Shannon Brown,4,10:34,MIN,rebound,,,,,,,,,,Al Jefferson,,,,,,off,,
Al Jefferson,Kevin Love,Ramon Sessions,Ryan Gomes,Wayne Ellington,Jordan Farmar,Kobe Bryant,Lamar Odom,Pau Gasol,Shannon Brown,4,10:24,LAL,foul,,,,,,,,Ryan Gomes,,Kobe Bryant,,,,,,personal,,
Al Jefferson,Kevin Love,Ramon Sessions,Ryan Gomes,Wayne Ellington,Jordan Farmar,Kobe Bryant,Lamar Odom,Pau Gasol,Shannon Brown,4,10:13,LAL,foul,,,,,,,,Al Jefferson,,Pau Gasol,,,,,,shooting,,
Al Jefferson,Kevin Love,Ramon Sessions,Ryan Gomes,Wayne Ellington,Jordan Farmar,Kobe Bryant,Lamar Odom,Pau Gasol,Shannon Brown,4,10:13,MIN,free throw,,,,,,,1,,2,Al Jefferson,,,foul,made,,,,
Al Jefferson,Kevin Love,Ramon Sessions,Ryan Gomes,Wayne Ellington,Jordan Farmar,Kobe Bryant,Lamar Odom,Pau Gasol,Shannon Brown,4,10:13,MIN,free throw,,,,,,,2,,2,Al Jefferson,,,foul,made,,,,
Al Jefferson,Kevin Love,Ramon Sessions,Ryan Gomes,Wayne Ellington,Jordan Farmar,Kobe Bryant,Lamar Odom,Pau Gasol,Shannon Brown,4,9:52,LAL,shot,Pau Gasol,,,,,,,,,Jordan Farmar,2,,,made,,jump,27,26
Al Jefferson,Kevin Love,Ramon Sessions,Ryan Gomes,Wayne Ellington,Jordan Farmar,Kobe Bryant,Lamar Odom,Pau Gasol,Shannon Brown,4,9:25,MIN,shot,Al Jefferson,,,,,,,,,Ramon Sessions,3,,,made,,3pt,14,27
Al Jefferson,Kevin Love,Ramon Sessions,Ryan Gomes,Wayne Ellington,Jordan Farmar,Kobe Bryant,Lamar Odom,Pau Gasol,Shannon Brown,4,9:07,LAL,shot,,,,,,,,,,Kobe Bryant,,,,missed,,jump,11,15
Al Jefferson,Kevin Love,Ramon Sessions,Ryan Gomes,Wayne Ellington,Jordan Farmar,Kobe Bryant,Lamar Odom,Pau Gasol,Shannon Brown,4,9:06,MIN,rebound,,,,,,,,,,Al Jefferson,,,,,,def,,
Al Jefferson,Kevin Love,Ramon Sessions,Ryan Gomes,Wayne Ellington,Jordan Farmar,Kobe Bryant,Lamar Odom,Pau Gasol,Shannon Brown,4,8:59,MIN,shot,,,,,,,,,,Ramon Sessions,,,,missed,,reverse layup,25,6
Al Jefferson,Kevin Love,Ramon Sessions,Ryan Gomes,Wayne Ellington,Jordan Farmar,Kobe Bryant,Lamar Odom,Pau Gasol,Shannon Brown,4,8:55,LAL,rebound,,,,,,,,,,Pau Gasol,,,,,,def,,
Al Jefferson,Kevin Love,Ramon Sessions,Ryan Gomes,Wayne Ellington,Jordan Farmar,Kobe Bryant,Lamar Odom,Pau Gasol,Shannon Brown,4,8:50,LAL,shot,,,,,,,,,,Jordan Farmar,,,,missed,,jump,37,10
Al Jefferson,Kevin Love,Ramon Sessions,Ryan Gomes,Wayne Ellington,Jordan Farmar,Kobe Bryant,Lamar Odom,Pau Gasol,Shannon Brown,4,8:48,MIN,rebound,,,,,,,,,,Wayne Ellington,,,,,,def,,
Al Jefferson,Kevin Love,Ramon Sessions,Ryan Gomes,Wayne Ellington,Jordan Farmar,Kobe Bryant,Lamar Odom,Pau Gasol,Shannon Brown,4,8:38,MIN,turnover,,,,,,,,,,Ramon Sessions,,,step out of bounds turnover,,,,,
Al Jefferson,Kevin Love,Ramon Sessions,Ryan Gomes,Wayne Ellington,Jordan Farmar,Kobe Bryant,Lamar Odom,Pau Gasol,Shannon Brown,4,8:38,LAL,timeout,,,,,,,,,,,,,,,,official,,
Kevin Love,Ramon Sessions,Ryan Gomes,Ryan Hollins,Wayne Ellington,Jordan Farmar,Kobe Bryant,Lamar Odom,Pau Gasol,Shannon Brown,4,8:38,MIN,sub,,,,Ryan Hollins,,Al Jefferson,,,,,,,,,,,,
Kevin Love,Ramon Sessions,Ryan Gomes,Ryan Hollins,Wayne Ellington,Jordan Farmar,Kobe Bryant,Lamar Odom,Pau Gasol,Shannon Brown,4,8:14,LAL,shot,,,,,,,,,,Kobe Bryant,2,,,made,,jump hook,23,12
Kevin Love,Ramon Sessions,Ryan Gomes,Ryan Hollins,Wayne Ellington,Jordan Farmar,Kobe Bryant,Lamar Odom,Pau Gasol,Shannon Brown,4,7:58,MIN,shot,Ramon Sessions,,,,,,,,,Wayne Ellington,2,,,made,,slam dunk,25,6
Kevin Love,Ramon Sessions,Ryan Gomes,Ryan Hollins,Wayne Ellington,Jordan Farmar,Kobe Bryant,Lamar Odom,Pau Gasol,Shannon Brown,4,7:24,LAL,shot,,,,,,,,,,Pau Gasol,2,,,made,,fade away jumper,16,9
Kevin Love,Ramon Sessions,Ryan Gomes,Ryan Hollins,Wayne Ellington,Jordan Farmar,Kobe Bryant,Lamar Odom,Pau Gasol,Shannon Brown,4,7:20,MIN,shot,Ramon Sessions,,,,,,,,,Ryan Hollins,2,,,made,,alley oop dunk,25,6
Kevin Love,Ramon Sessions,Ryan Gomes,Ryan Hollins,Wayne Ellington,Jordan Farmar,Kobe Bryant,Lamar Odom,Pau Gasol,Shannon Brown,4,7:07,LAL,shot,,,,,,,,,,Pau Gasol,,,,missed,,jump,39,8
Kevin Love,Ramon Sessions,Ryan Gomes,Ryan Hollins,Wayne Ellington,Jordan Farmar,Kobe Bryant,Lamar Odom,Pau Gasol,Shannon Brown,4,7:06,MIN,rebound,,,,,,,,,,Ryan Gomes,,,,,,def,,
Kevin Love,Ramon Sessions,Ryan Gomes,Ryan Hollins,Wayne Ellington,Jordan Farmar,Kobe Bryant,Lamar Odom,Pau Gasol,Shannon Brown,4,7:02,MIN,turnover,,,,,,,,,,Ramon Sessions,,,bad pass,,,,,
Kevin Love,Ramon Sessions,Ryan Gomes,Ryan Hollins,Wayne Ellington,Jordan Farmar,Kobe Bryant,Lamar Odom,Pau Gasol,Shannon Brown,4,6:40,LAL,shot,,,,,,,,,,Shannon Brown,,,,missed,,3pt,48,5
Kevin Love,Ramon Sessions,Ryan Gomes,Ryan Hollins,Wayne Ellington,Jordan Farmar,Kobe Bryant,Lamar Odom,Pau Gasol,Shannon Brown,4,6:38,MIN,rebound,,,,,,,,,,Kevin Love,,,,,,def,,
Kevin Love,Ramon Sessions,Ryan Gomes,Ryan Hollins,Wayne Ellington,Jordan Farmar,Kobe Bryant,Lamar Odom,Pau Gasol,Shannon Brown,4,6:22,MIN,shot,,,,,,,,,,Ryan Hollins,,,,missed,,layup,25,6
Kevin Love,Ramon Sessions,Ryan Gomes,Ryan Hollins,Wayne Ellington,Jordan Farmar,Kobe Bryant,Lamar Odom,Pau Gasol,Shannon Brown,4,6:21,LAL,rebound,,,,,,,,,,Kobe Bryant,,,,,,def,,
Kevin Love,Ramon Sessions,Ryan Gomes,Ryan Hollins,Wayne Ellington,Jordan Farmar,Kobe Bryant,Lamar Odom,Pau Gasol,Shannon Brown,4,6:08,LAL,shot,,,,,,,,,,Shannon Brown,,,,missed,,3pt,12,27
Kevin Love,Ramon Sessions,Ryan Gomes,Ryan Hollins,Wayne Ellington,Jordan Farmar,Kobe Bryant,Lamar Odom,Pau Gasol,Shannon Brown,4,6:07,MIN,rebound,,,,,,,,,,Ryan Hollins,,,,,,def,,
Kevin Love,Ramon Sessions,Ryan Gomes,Ryan Hollins,Wayne Ellington,Jordan Farmar,Kobe Bryant,Lamar Odom,Pau Gasol,Shannon Brown,4,6:03,MIN,turnover,,,,,,,,,,Wayne Ellington,,,bad pass,,Kobe Bryant,,,
Kevin Love,Ramon Sessions,Ryan Gomes,Ryan Hollins,Wayne Ellington,Jordan Farmar,Kobe Bryant,Lamar Odom,Pau Gasol,Shannon Brown,4,5:59,MIN,foul,,,,,,,,Lamar Odom,,Ramon Sessions,,,,,,personal,,
Kevin Love,Ramon Sessions,Ryan Gomes,Ryan Hollins,Wayne Ellington,Jordan Farmar,Kobe Bryant,Lamar Odom,Pau Gasol,Shannon Brown,4,5:59,LAL,timeout,,,,,,,,,,,,,,,,regular,,
Kevin Love,Ramon Sessions,Ryan Hollins,Sasha Pavlovic,Wayne Ellington,Jordan Farmar,Kobe Bryant,Lamar Odom,Pau Gasol,Shannon Brown,4,5:59,MIN,sub,,,,Sasha Pavlovic,,Ryan Gomes,,,,,,,,,,,,
Al Jefferson,Ramon Sessions,Ryan Hollins,Sasha Pavlovic,Wayne Ellington,Jordan Farmar,Kobe Bryant,Lamar Odom,Pau Gasol,Shannon Brown,4,5:59,MIN,sub,,,,Al Jefferson,,Kevin Love,,,,,,,,,,,,
Al Jefferson,Ramon Sessions,Ryan Hollins,Sasha Pavlovic,Wayne Ellington,Jordan Farmar,Kobe Bryant,Lamar Odom,Sasha Vujacic,Shannon Brown,4,5:59,LAL,sub,,,,Sasha Vujacic,,Pau Gasol,,,,,,,,,,,,
Al Jefferson,Ramon Sessions,Ryan Hollins,Sasha Pavlovic,Wayne Ellington,Jordan Farmar,Lamar Odom,Ron Artest,Sasha Vujacic,Shannon Brown,4,5:59,LAL,sub,,,,Ron Artest,,Kobe Bryant,,,,,,,,,,,,
Al Jefferson,Ramon Sessions,Ryan Hollins,Sasha Pavlovic,Wayne Ellington,Andrew Bynum,Lamar Odom,Ron Artest,Sasha Vujacic,Shannon Brown,4,5:59,LAL,sub,,,,Andrew Bynum,,Jordan Farmar,,,,,,,,,,,,
Al Jefferson,Ramon Sessions,Ryan Hollins,Sasha Pavlovic,Wayne Ellington,Andrew Bynum,Derek Fisher,Lamar Odom,Ron Artest,Sasha Vujacic,4,5:59,LAL,sub,,,,Derek Fisher,,Shannon Brown,,,,,,,,,,,,
Al Jefferson,Ramon Sessions,Ryan Hollins,Sasha Pavlovic,Wayne Ellington,Andrew Bynum,Derek Fisher,Lamar Odom,Ron Artest,Sasha Vujacic,4,5:46,LAL,shot,Ron Artest,,,,,,,,,Lamar Odom,2,,,made,,finger roll layup,25,6
Al Jefferson,Ramon Sessions,Ryan Hollins,Sasha Pavlovic,Wayne Ellington,Andrew Bynum,Derek Fisher,Lamar Odom,Ron Artest,Sasha Vujacic,4,5:29,LAL,foul,,,,,,,,Sasha Pavlovic,,Ron Artest,,,,,,personal,,
Al Jefferson,Ramon Sessions,Ryan Hollins,Sasha Pavlovic,Wayne Ellington,Andrew Bynum,Derek Fisher,Lamar Odom,Ron Artest,Sasha Vujacic,4,5:22,MIN,shot,,,,,,,,,,Al Jefferson,,,,missed,,jump hook,16,6
Al Jefferson,Ramon Sessions,Ryan Hollins,Sasha Pavlovic,Wayne Ellington,Andrew Bynum,Derek Fisher,Lamar Odom,Ron Artest,Sasha Vujacic,4,5:20,LAL,rebound,,,,,,,,,,Lamar Odom,,,,,,def,,
Al Jefferson,Ramon Sessions,Ryan Hollins,Sasha Pavlovic,Wayne Ellington,Andrew Bynum,Derek Fisher,Lamar Odom,Ron Artest,Sasha Vujacic,4,5:11,LAL,foul,,,,,,,,Ramon Sessions,,Andrew Bynum,,,,,,offensive,,
Al Jefferson,Ramon Sessions,Ryan Hollins,Sasha Pavlovic,Wayne Ellington,Andrew Bynum,Derek Fisher,Lamar Odom,Ron Artest,Sasha Vujacic,4,5:11,LAL,turnover,,,,,,,,,,Andrew Bynum,,,foul,,,,,
Al Jefferson,Kevin Love,Ramon Sessions,Sasha Pavlovic,Wayne Ellington,Andrew Bynum,Derek Fisher,Lamar Odom,Ron Artest,Sasha Vujacic,4,5:11,MIN,sub,,,,Kevin Love,,Ryan Hollins,,,,,,,,,,,,
Al Jefferson,Jonny Flynn,Kevin Love,Sasha Pavlovic,Wayne Ellington,Andrew Bynum,Derek Fisher,Lamar Odom,Ron Artest,Sasha Vujacic,4,5:11,MIN,sub,,,,Jonny Flynn,,Ramon Sessions,,,,,,,,,,,,
Al Jefferson,Jonny Flynn,Kevin Love,Sasha Pavlovic,Wayne Ellington,Andrew Bynum,Derek Fisher,Lamar Odom,Ron Artest,Sasha Vujacic,4,4:56,MIN,shot,Sasha Pavlovic,,,,,,,,,Al Jefferson,2,,,made,,jump bank,20,10
Al Jefferson,Jonny Flynn,Kevin Love,Sasha Pavlovic,Wayne Ellington,Andrew Bynum,Derek Fisher,Lamar Odom,Ron Artest,Sasha Vujacic,4,4:43,LAL,shot,Sasha Vujacic,,,,,,,,,Ron Artest,3,,,made,,3pt,43,23
Al Jefferson,Jonny Flynn,Kevin Love,Sasha Pavlovic,Wayne Ellington,Andrew Bynum,Derek Fisher,Lamar Odom,Ron Artest,Sasha Vujacic,4,4:27,MIN,shot,,,,,,,,,,Al Jefferson,,,,missed,,jump,18,17
Al Jefferson,Jonny Flynn,Kevin Love,Sasha Pavlovic,Wayne Ellington,Andrew Bynum,Derek Fisher,Lamar Odom,Ron Artest,Sasha Vujacic,4,4:25,LAL,rebound,,,,,,,,,,Lamar Odom,,,,,,def,,
Al Jefferson,Jonny Flynn,Kevin Love,Sasha Pavlovic,Wayne Ellington,Andrew Bynum,Derek Fisher,Lamar Odom,Ron Artest,Sasha Vujacic,4,4:22,LAL,shot,,,,,,,,,,Lamar Odom,2,,,made,,driving layup,25,6
Al Jefferson,Jonny Flynn,Kevin Love,Sasha Pavlovic,Wayne Ellington,Andrew Bynum,Derek Fisher,Lamar Odom,Ron Artest,Sasha Vujacic,4,4:22,MIN,timeout,,,,,,,,,,,,,,,,regular,,
Al Jefferson,Jonny Flynn,Kevin Love,Sasha Pavlovic,Wayne Ellington,Derek Fisher,Lamar Odom,Pau Gasol,Ron Artest,Sasha Vujacic,4,4:22,LAL,sub,,,,Pau Gasol,,Andrew Bynum,,,,,,,,,,,,
Al Jefferson,Jonny Flynn,Kevin Love,Sasha Pavlovic,Wayne Ellington,Derek Fisher,Lamar Odom,Pau Gasol,Ron Artest,Sasha Vujacic,4,4:01,MIN,shot,,,,,,,,,,Sasha Pavlovic,,,,missed,,pullup jump,12,19
Al Jefferson,Jonny Flynn,Kevin Love,Sasha Pavlovic,Wayne Ellington,Derek Fisher,Lamar Odom,Pau Gasol,Ron Artest,Sasha Vujacic,4,3:57,LAL,rebound,,,,,,,,,,Sasha Vujacic,,,,,,def,,
Al Jefferson,Jonny Flynn,Kevin Love,Sasha Pavlovic,Wayne Ellington,Derek Fisher,Lamar Odom,Pau Gasol,Ron Artest,Sasha Vujacic,4,3:46,LAL,shot,,,,,,,,,,Pau Gasol,,,,missed,,hook,28,12
Al Jefferson,Jonny Flynn,Kevin Love,Sasha Pavlovic,Wayne Ellington,Derek Fisher,Lamar Odom,Pau Gasol,Ron Artest,Sasha Vujacic,4,3:43,MIN,rebound,,,,,,,,,,Al Jefferson,,,,,,def,,
Al Jefferson,Jonny Flynn,Kevin Love,Sasha Pavlovic,Wayne Ellington,Derek Fisher,Lamar Odom,Pau Gasol,Ron Artest,Sasha Vujacic,4,3:36,LAL,foul,,,,,,,,Jonny Flynn,,Sasha Vujacic,,,,,,personal,,
Al Jefferson,Jonny Flynn,Kevin Love,Sasha Pavlovic,Wayne Ellington,Derek Fisher,Lamar Odom,Pau Gasol,Ron Artest,Sasha Vujacic,4,3:36,MIN,free throw,,,,,,,1,,2,Jonny Flynn,,,foul,missed,,,,
Al Jefferson,Jonny Flynn,Kevin Love,Sasha Pavlovic,Wayne Ellington,Derek Fisher,Lamar Odom,Pau Gasol,Ron Artest,Sasha Vujacic,4,3:36,MIN,rebound,,,,,,,,,,,,,,,,,,
Al Jefferson,Jonny Flynn,Kevin Love,Sasha Pavlovic,Wayne Ellington,Derek Fisher,Lamar Odom,Pau Gasol,Ron Artest,Sasha Vujacic,4,3:36,MIN,free throw,,,,,,,2,,2,Jonny Flynn,,,foul,made,,,,
Al Jefferson,Jonny Flynn,Kevin Love,Sasha Pavlovic,Wayne Ellington,Derek Fisher,Lamar Odom,Pau Gasol,Ron Artest,Sasha Vujacic,4,3:18,LAL,shot,,,,,,,,,,Lamar Odom,,,,missed,,3pt,44,22
Al Jefferson,Jonny Flynn,Kevin Love,Sasha Pavlovic,Wayne Ellington,Derek Fisher,Lamar Odom,Pau Gasol,Ron Artest,Sasha Vujacic,4,3:16,LAL,rebound,,,,,,,,,,Pau Gasol,,,,,,off,,
Al Jefferson,Jonny Flynn,Kevin Love,Sasha Pavlovic,Wayne Ellington,Derek Fisher,Lamar Odom,Pau Gasol,Ron Artest,Sasha Vujacic,4,3:12,LAL,turnover,,,,,,,,,,Pau Gasol,,,bad pass,,Jonny Flynn,,,
Al Jefferson,Jonny Flynn,Kevin Love,Sasha Pavlovic,Wayne Ellington,Derek Fisher,Lamar Odom,Pau Gasol,Ron Artest,Sasha Vujacic,4,3:08,MIN,shot,,,,,,,,,,Jonny Flynn,2,,,made,,layup,25,6
Al Jefferson,Jonny Flynn,Kevin Love,Sasha Pavlovic,Wayne Ellington,Derek Fisher,Lamar Odom,Pau Gasol,Ron Artest,Sasha Vujacic,4,3:06,LAL,timeout,,,,,,,,,,,,,,,,short,,
Al Jefferson,Jonny Flynn,Kevin Love,Sasha Pavlovic,Wayne Ellington,Derek Fisher,Lamar Odom,Pau Gasol,Ron Artest,Sasha Vujacic,4,2:48,MIN,foul,,,,,,,,Lamar Odom,,Jonny Flynn,,,,,,shooting,,
Al Jefferson,Jonny Flynn,Kevin Love,Sasha Pavlovic,Wayne Ellington,Derek Fisher,Lamar Odom,Pau Gasol,Ron Artest,Sasha Vujacic,4,2:48,LAL,free throw,,,,,,,1,,2,Lamar Odom,,,foul,made,,,,
Al Jefferson,Jonny Flynn,Kevin Love,Sasha Pavlovic,Wayne Ellington,Derek Fisher,Lamar Odom,Pau Gasol,Ron Artest,Sasha Vujacic,4,2:48,LAL,free throw,,,,,,,2,,2,Lamar Odom,,,foul,made,,,,
Al Jefferson,Jonny Flynn,Kevin Love,Sasha Pavlovic,Wayne Ellington,Derek Fisher,Lamar Odom,Pau Gasol,Ron Artest,Sasha Vujacic,4,2:31,MIN,turnover,,,,,,,,,,Sasha Pavlovic,,,bad pass,,,,,
Al Jefferson,Jonny Flynn,Kevin Love,Sasha Pavlovic,Wayne Ellington,Derek Fisher,Lamar Odom,Pau Gasol,Ron Artest,Sasha Vujacic,4,2:19,LAL,shot,,,,,,,,,,Lamar Odom,,,,missed,,layup,25,6
Al Jefferson,Jonny Flynn,Kevin Love,Sasha Pavlovic,Wayne Ellington,Derek Fisher,Lamar Odom,Pau Gasol,Ron Artest,Sasha Vujacic,4,2:17,MIN,rebound,,,,,,,,,,Al Jefferson,,,,,,def,,
Al Jefferson,Jonny Flynn,Kevin Love,Sasha Pavlovic,Wayne Ellington,Derek Fisher,Lamar Odom,Pau Gasol,Ron Artest,Sasha Vujacic,4,2:12,MIN,shot,,,,,,,,,,Kevin Love,,,,missed,,finger roll layup,25,6
Al Jefferson,Jonny Flynn,Kevin Love,Sasha Pavlovic,Wayne Ellington,Derek Fisher,Lamar Odom,Pau Gasol,Ron Artest,Sasha Vujacic,4,2:10,MIN,rebound,,,,,,,,,,Kevin Love,,,,,,off,,
Al Jefferson,Jonny Flynn,Kevin Love,Sasha Pavlovic,Wayne Ellington,Derek Fisher,Lamar Odom,Pau Gasol,Ron Artest,Sasha Vujacic,4,2:10,MIN,shot,,,,,,,,,,Kevin Love,2,,,made,,putback layup,25,6
Al Jefferson,Jonny Flynn,Kevin Love,Sasha Pavlovic,Wayne Ellington,Derek Fisher,Lamar Odom,Pau Gasol,Ron Artest,Sasha Vujacic,4,1:46,LAL,shot,,,,,,,,,,Ron Artest,,,,missed,,3pt,15,29
Al Jefferson,Jonny Flynn,Kevin Love,Sasha Pavlovic,Wayne Ellington,Derek Fisher,Lamar Odom,Pau Gasol,Ron Artest,Sasha Vujacic,4,1:44,MIN,rebound,,,,,,,,,,Jonny Flynn,,,,,,def,,
Al Jefferson,Jonny Flynn,Kevin Love,Sasha Pavlovic,Wayne Ellington,Derek Fisher,Lamar Odom,Pau Gasol,Ron Artest,Sasha Vujacic,4,1:39,LAL,foul,,,,,,,,Sasha Pavlovic,,Sasha Vujacic,,,,,,shooting,,
Jonny Flynn,Kevin Love,Ryan Hollins,Sasha Pavlovic,Wayne Ellington,Derek Fisher,Lamar Odom,Pau Gasol,Ron Artest,Sasha Vujacic,4,1:39,MIN,sub,,,,Ryan Hollins,,Al Jefferson,,,,,,,,,,,,
Jonny Flynn,Kevin Love,Ryan Hollins,Sasha Pavlovic,Wayne Ellington,Derek Fisher,Lamar Odom,Pau Gasol,Ron Artest,Sasha Vujacic,4,1:39,MIN,free throw,,,,,,,1,,2,Sasha Pavlovic,,,foul,missed,,,,
Jonny Flynn,Kevin Love,Ryan Hollins,Sasha Pavlovic,Wayne Ellington,Derek Fisher,Lamar Odom,Pau Gasol,Ron Artest,Sasha Vujacic,4,1:39,MIN,rebound,,,,,,,,,,,,,,,,,,
Jonny Flynn,Oleksiy Pecherov,Ryan Hollins,Sasha Pavlovic,Wayne Ellington,Derek Fisher,Lamar Odom,Pau Gasol,Ron Artest,Sasha Vujacic,4,1:39,MIN,sub,,,,Oleksiy Pecherov,,Kevin Love,,,,,,,,,,,,
Jonny Flynn,Oleksiy Pecherov,Ryan Hollins,Sasha Pavlovic,Wayne Ellington,Derek Fisher,Lamar Odom,Pau Gasol,Ron Artest,Sasha Vujacic,4,1:39,MIN,free throw,,,,,,,2,,2,Sasha Pavlovic,,,foul,made,,,,
Jonny Flynn,Oleksiy Pecherov,Ryan Hollins,Sasha Pavlovic,Wayne Ellington,Derek Fisher,Lamar Odom,Pau Gasol,Ron Artest,Sasha Vujacic,4,1:16,LAL,shot,,,,,,,,,,Derek Fisher,,,,missed,,3pt,2,14
Jonny Flynn,Oleksiy Pecherov,Ryan Hollins,Sasha Pavlovic,Wayne Ellington,Derek Fisher,Lamar Odom,Pau Gasol,Ron Artest,Sasha Vujacic,4,1:15,LAL,rebound,,,,,,,,,,Pau Gasol,,,,,,off,,
Jonny Flynn,Oleksiy Pecherov,Ryan Hollins,Sasha Pavlovic,Wayne Ellington,Derek Fisher,Lamar Odom,Pau Gasol,Ron Artest,Sasha Vujacic,4,1:15,LAL,shot,,,,,,,,,,Pau Gasol,2,,,made,,layup,25,6
Jonny Flynn,Oleksiy Pecherov,Ryan Hollins,Sasha Pavlovic,Wayne Ellington,Derek Fisher,Lamar Odom,Pau Gasol,Ron Artest,Sasha Vujacic,4,1:15,MIN,foul,,,,,,,,Pau Gasol,,Wayne Ellington,,,,,,shooting,,
Jonny Flynn,Oleksiy Pecherov,Ryan Hollins,Sasha Pavlovic,Wayne Ellington,Derek Fisher,Josh Powell,Pau Gasol,Ron Artest,Sasha Vujacic,4,1:15,LAL,sub,,,,Josh Powell,,Lamar Odom,,,,,,,,,,,,
Jonny Flynn,Oleksiy Pecherov,Ryan Hollins,Sasha Pavlovic,Wayne Ellington,Derek Fisher,Josh Powell,Pau Gasol,Ron Artest,Sasha Vujacic,4,1:15,LAL,free throw,,,,,,,1,,1,Pau Gasol,,,foul,made,,,,
Jonny Flynn,Oleksiy Pecherov,Ryan Hollins,Sasha Pavlovic,Wayne Ellington,Derek Fisher,Josh Powell,Pau Gasol,Ron Artest,Sasha Vujacic,4,1:02,MIN,shot,,,,,,,,,,Sasha Pavlovic,,,,missed,,fade away jumper,40,7
Jonny Flynn,Oleksiy Pecherov,Ryan Hollins,Sasha Pavlovic,Wayne Ellington,Derek Fisher,Josh Powell,Pau Gasol,Ron Artest,Sasha Vujacic,4,0:59,LAL,rebound,,,,,,,,,,Pau Gasol,,,,,,def,,
Jonny Flynn,Oleksiy Pecherov,Ryan Hollins,Sasha Pavlovic,Wayne Ellington,Derek Fisher,Josh Powell,Pau Gasol,Ron Artest,Sasha Vujacic,4,0:46,LAL,turnover,,,,,,,,,,Ron Artest,,,bad pass,,Oleksiy Pecherov,,,
Jonny Flynn,Oleksiy Pecherov,Ryan Hollins,Sasha Pavlovic,Wayne Ellington,Derek Fisher,Josh Powell,Pau Gasol,Ron Artest,Sasha Vujacic,4,0:35,LAL,foul,,,,,,,,Ryan Hollins,,Derek Fisher,,,,,,shooting,,
Jonny Flynn,Oleksiy Pecherov,Ryan Hollins,Sasha Pavlovic,Wayne Ellington,Derek Fisher,Josh Powell,Pau Gasol,Ron Artest,Sasha Vujacic,4,0:35,MIN,free throw,,,,,,,1,,2,Ryan Hollins,,,foul,made,,,,
Jonny Flynn,Oleksiy Pecherov,Ryan Hollins,Sasha Pavlovic,Wayne Ellington,Derek Fisher,Josh Powell,Pau Gasol,Ron Artest,Sasha Vujacic,4,0:35,MIN,free throw,,,,,,,2,,2,Ryan Hollins,,,foul,missed,,,,
Jonny Flynn,Oleksiy Pecherov,Ryan Hollins,Sasha Pavlovic,Wayne Ellington,Derek Fisher,Josh Powell,Pau Gasol,Ron Artest,Sasha Vujacic,4,0:31,LAL,rebound,,,,,,,,,,Pau Gasol,,,,,,def,,
Jonny Flynn,Oleksiy Pecherov,Ryan Hollins,Sasha Pavlovic,Wayne Ellington,Derek Fisher,Josh Powell,Pau Gasol,Ron Artest,Sasha Vujacic,4,0:14,LAL,shot,,,,,,,,,,Derek Fisher,,,,missed,,3pt,48,8
Jonny Flynn,Oleksiy Pecherov,Ryan Hollins,Sasha Pavlovic,Wayne Ellington,Derek Fisher,Josh Powell,Pau Gasol,Ron Artest,Sasha Vujacic,4,0:12,LAL,rebound,,,,,,,,,,Pau Gasol,,,,,,off,,
Jonny Flynn,Oleksiy Pecherov,Ryan Hollins,Sasha Pavlovic,Wayne Ellington,Derek Fisher,Josh Powell,Pau Gasol,Ron Artest,Sasha Vujacic,4,0:10,LAL,turnover,,,,,,,,,,Pau Gasol,,,poss lost ball turnover,,Jonny Flynn,,,
Jonny Flynn,Oleksiy Pecherov,Ryan Hollins,Sasha Pavlovic,Wayne Ellington,Derek Fisher,Josh Powell,Pau Gasol,Ron Artest,Sasha Vujacic,4,0:07,MIN,shot,Sasha Pavlovic,,,,,,,,,Wayne Ellington,2,,,made,,slam dunk,25,6
