a1,a2,a3,a4,a5,h1,h2,h3,h4,h5,period,time,team,etype,assist,away,block,entered,home,left,num,opponent,outof,player,points,possession,reason,result,steal,type,x,y
Andrei Kirilenko,Carlos Boozer,Deron Williams,Mehmet Okur,Ronnie Brewer,Chris Duhon,Danilo Gallinari,David Lee,Larry Hughes,Wilson Chandler,1,12:00,OFF,jump ball,,Mehmet Okur,,,David Lee,,,,,,,Ronnie Brewer,,,,,,
Andrei Kirilenko,Carlos Boozer,Deron Williams,Mehmet Okur,Ronnie Brewer,Chris Duhon,Danilo Gallinari,David Lee,Larry Hughes,Wilson Chandler,1,11:53,UTA,shot,,,Danilo Gallinari,,,,,,,Ronnie Brewer,,,,missed,,layup,25,6
Andrei Kirilenko,Carlos Boozer,Deron Williams,Mehmet Okur,Ronnie Brewer,Chris Duhon,Danilo Gallinari,David Lee,Larry Hughes,Wilson Chandler,1,11:51,NYK,rebound,,,,,,,,,,David Lee,,,,,,def,,
Andrei Kirilenko,Carlos Boozer,Deron Williams,Mehmet Okur,Ronnie Brewer,Chris Duhon,Danilo Gallinari,David Lee,Larry Hughes,Wilson Chandler,1,11:35,NYK,foul,,,,,,,,Andrei Kirilenko,,David Lee,,,,,,offensive,,
Andrei Kirilenko,Carlos Boozer,Deron Williams,Mehmet Okur,Ronnie Brewer,Chris Duhon,Danilo Gallinari,David Lee,Larry Hughes,Wilson Chandler,1,11:35,NYK,turnover,,,,,,,,,,David Lee,,,foul,,,,,
Andrei Kirilenko,Carlos Boozer,Deron Williams,Mehmet Okur,Ronnie Brewer,Chris Duhon,Danilo Gallinari,David Lee,Larry Hughes,Wilson Chandler,1,11:26,UTA,turnover,,,,,,,,,,Andrei Kirilenko,,,bad pass,,David Lee,,,
Andrei Kirilenko,Carlos Boozer,Deron Williams,Mehmet Okur,Ronnie Brewer,Chris Duhon,Danilo Gallinari,David Lee,Larry Hughes,Wilson Chandler,1,11:19,NYK,shot,,,,,,,,,,Wilson Chandler,,,,missed,,jump,44,13
Andrei Kirilenko,Carlos Boozer,Deron Williams,Mehmet Okur,Ronnie Brewer,Chris Duhon,Danilo Gallinari,David Lee,Larry Hughes,Wilson Chandler,1,11:18,UTA,rebound,,,,,,,,,,Mehmet Okur,,,,,,def,,
Andrei Kirilenko,Carlos Boozer,Deron Williams,Mehmet Okur,Ronnie Brewer,Chris Duhon,Danilo Gallinari,David Lee,Larry Hughes,Wilson Chandler,1,11:04,UTA,shot,,,,,,,,,,Andrei Kirilenko,2,,,made,,jump,39,5
Andrei Kirilenko,Carlos Boozer,Deron Williams,Mehmet Okur,Ronnie Brewer,Chris Duhon,Danilo Gallinari,David Lee,Larry Hughes,Wilson Chandler,1,10:53,NYK,shot,,,,,,,,,,Larry Hughes,2,,,made,,driving layup,25,6
Andrei Kirilenko,Carlos Boozer,Deron Williams,Mehmet Okur,Ronnie Brewer,Chris Duhon,Danilo Gallinari,David Lee,Larry Hughes,Wilson Chandler,1,10:32,UTA,shot,Mehmet Okur,,,,,,,,,Deron Williams,2,,,made,,jump,16,25
Andrei Kirilenko,Carlos Boozer,Deron Williams,Mehmet Okur,Ronnie Brewer,Chris Duhon,Danilo Gallinari,David Lee,Larry Hughes,Wilson Chandler,1,10:20,UTA,foul,,,,,,,,Chris Duhon,,Carlos Boozer,,,,,,shooting,,
Andrei Kirilenko,Carlos Boozer,Deron Williams,Mehmet Okur,Ronnie Brewer,Chris Duhon,Danilo Gallinari,David Lee,Larry Hughes,Wilson Chandler,1,10:20,NYK,free throw,,,,,,,1,,2,Chris Duhon,,,foul,made,,,,
Andrei Kirilenko,Carlos Boozer,Deron Williams,Mehmet Okur,Ronnie Brewer,Chris Duhon,Danilo Gallinari,David Lee,Larry Hughes,Wilson Chandler,1,10:20,NYK,free throw,,,,,,,2,,2,Chris Duhon,,,foul,made,,,,
Andrei Kirilenko,Carlos Boozer,Deron Williams,Mehmet Okur,Ronnie Brewer,Chris Duhon,Danilo Gallinari,David Lee,Larry Hughes,Wilson Chandler,1,10:10,UTA,shot,Deron Williams,,,,,,,,,Carlos Boozer,2,,,made,,driving layup,25,6
Andrei Kirilenko,Carlos Boozer,Deron Williams,Mehmet Okur,Ronnie Brewer,Chris Duhon,Danilo Gallinari,David Lee,Larry Hughes,Wilson Chandler,1,10:03,UTA,foul,,,,,,,,Chris Duhon,,Ronnie Brewer,,,,,,shooting,,
Andrei Kirilenko,Carlos Boozer,Deron Williams,Mehmet Okur,Ronnie Brewer,Chris Duhon,Danilo Gallinari,David Lee,Larry Hughes,Wilson Chandler,1,10:03,NYK,free throw,,,,,,,1,,2,Chris Duhon,,,foul,missed,,,,
Andrei Kirilenko,Carlos Boozer,Deron Williams,Mehmet Okur,Ronnie Brewer,Chris Duhon,Danilo Gallinari,David Lee,Larry Hughes,Wilson Chandler,1,10:03,NYK,rebound,,,,,,,,,,,,,,,,,,
Andrei Kirilenko,Carlos Boozer,Deron Williams,Mehmet Okur,Ronnie Brewer,Chris Duhon,Danilo Gallinari,David Lee,Larry Hughes,Wilson Chandler,1,10:03,NYK,free throw,,,,,,,2,,2,Chris Duhon,,,foul,missed,,,,
Andrei Kirilenko,Carlos Boozer,Deron Williams,Mehmet Okur,Ronnie Brewer,Chris Duhon,Danilo Gallinari,David Lee,Larry Hughes,Wilson Chandler,1,10:01,UTA,rebound,,,,,,,,,,Carlos Boozer,,,,,,def,,
Andrei Kirilenko,Carlos Boozer,Deron Williams,Mehmet Okur,Ronnie Brewer,Chris Duhon,Danilo Gallinari,David Lee,Larry Hughes,Wilson Chandler,1,9:44,UTA,shot,Deron Williams,,,,,,,,,Andrei Kirilenko,2,,,made,,driving slam dunk,25,6
Andrei Kirilenko,Carlos Boozer,Deron Williams,Mehmet Okur,Ronnie Brewer,Chris Duhon,Danilo Gallinari,David Lee,Larry Hughes,Wilson Chandler,1,9:28,NYK,shot,Larry Hughes,,,,,,,,,Danilo Gallinari,2,,,made,,layup,25,6
Andrei Kirilenko,Carlos Boozer,Deron Williams,Mehmet Okur,Ronnie Brewer,Chris Duhon,Danilo Gallinari,David Lee,Larry Hughes,Wilson Chandler,1,9:11,UTA,shot,,,Larry Hughes,,,,,,,Mehmet Okur,,,,missed,,layup,25,6
Andrei Kirilenko,Carlos Boozer,Deron Williams,Mehmet Okur,Ronnie Brewer,Chris Duhon,Danilo Gallinari,David Lee,Larry Hughes,Wilson Chandler,1,9:10,NYK,rebound,,,,,,,,,,Chris Duhon,,,,,,def,,
Andrei Kirilenko,Carlos Boozer,Deron Williams,Mehmet Okur,Ronnie Brewer,Chris Duhon,Danilo Gallinari,David Lee,Larry Hughes,Wilson Chandler,1,9:06,NYK,shot,,,,,,,,,,Wilson Chandler,2,,,made,,driving layup,25,6
Andrei Kirilenko,Carlos Boozer,Deron Williams,Mehmet Okur,Ronnie Brewer,Chris Duhon,Danilo Gallinari,David Lee,Larry Hughes,Wilson Chandler,1,8:51,UTA,shot,,,,,,,,,,Andrei Kirilenko,,,,missed,,jump,44,6
Andrei Kirilenko,Carlos Boozer,Deron Williams,Mehmet Okur,Ronnie Brewer,Chris Duhon,Danilo Gallinari,David Lee,Larry Hughes,Wilson Chandler,1,8:50,NYK,rebound,,,,,,,,,,David Lee,,,,,,def,,
Andrei Kirilenko,Carlos Boozer,Deron Williams,Mehmet Okur,Ronnie Brewer,Chris Duhon,Danilo Gallinari,David Lee,Larry Hughes,Wilson Chandler,1,8:43,NYK,foul,,,,,,,,Ronnie Brewer,,Chris Duhon,,,,,,offensive,,
Andrei Kirilenko,Carlos Boozer,Deron Williams,Mehmet Okur,Ronnie Brewer,Chris Duhon,Danilo Gallinari,David Lee,Larry Hughes,Wilson Chandler,1,8:43,NYK,turnover,,,,,,,,,,Chris Duhon,,,foul,,,,,
Andrei Kirilenko,Carlos Boozer,Deron Williams,Mehmet Okur,Ronnie Brewer,Chris Duhon,Danilo Gallinari,David Lee,Larry Hughes,Wilson Chandler,1,8:25,UTA,shot,,,,,,,,,,Carlos Boozer,2,,,made,,jump,14,11
Andrei Kirilenko,Carlos Boozer,Deron Williams,Mehmet Okur,Ronnie Brewer,Chris Duhon,Danilo Gallinari,David Lee,Larry Hughes,Wilson Chandler,1,7:58,NYK,turnover,,,,,,,,,,,,,shot clock turnover,,,,,
Andrei Kirilenko,Carlos Boozer,Deron Williams,Mehmet Okur,Ronnie Brewer,Chris Duhon,Danilo Gallinari,David Lee,Larry Hughes,Wilson Chandler,1,7:42,UTA,shot,Deron Williams,,,,,,,,,Mehmet Okur,2,,,made,,jump,38,8
Andrei Kirilenko,Carlos Boozer,Deron Williams,Mehmet Okur,Ronnie Brewer,Chris Duhon,Danilo Gallinari,David Lee,Larry Hughes,Wilson Chandler,1,7:23,NYK,shot,,,,,,,,,,Wilson Chandler,2,,,made,,jump bank,31,8
Andrei Kirilenko,Carlos Boozer,Deron Williams,Mehmet Okur,Ronnie Brewer,Chris Duhon,Danilo Gallinari,David Lee,Larry Hughes,Wilson Chandler,1,7:06,UTA,shot,,,,,,,,,,Carlos Boozer,,,,missed,,jump,21,25
Andrei Kirilenko,Carlos Boozer,Deron Williams,Mehmet Okur,Ronnie Brewer,Chris Duhon,Danilo Gallinari,David Lee,Larry Hughes,Wilson Chandler,1,7:02,NYK,rebound,,,,,,,,,,Chris Duhon,,,,,,def,,
Andrei Kirilenko,Carlos Boozer,Deron Williams,Mehmet Okur,Ronnie Brewer,Chris Duhon,Danilo Gallinari,David Lee,Larry Hughes,Wilson Chandler,1,6:55,NYK,shot,,,,,,,,,,Chris Duhon,,,,missed,,3pt,43,26
Andrei Kirilenko,Carlos Boozer,Deron Williams,Mehmet Okur,Ronnie Brewer,Chris Duhon,Danilo Gallinari,David Lee,Larry Hughes,Wilson Chandler,1,6:55,UTA,rebound,,,,,,,,,,Deron Williams,,,,,,def,,
Andrei Kirilenko,Carlos Boozer,Deron Williams,Mehmet Okur,Ronnie Brewer,Chris Duhon,Danilo Gallinari,David Lee,Larry Hughes,Wilson Chandler,1,6:43,UTA,shot,Ronnie Brewer,,,,,,,,,Mehmet Okur,3,,,made,,3pt,37,28
Andrei Kirilenko,Carlos Boozer,Deron Williams,Mehmet Okur,Ronnie Brewer,Chris Duhon,Danilo Gallinari,David Lee,Larry Hughes,Wilson Chandler,1,6:24,NYK,shot,,,,,,,,,,Larry Hughes,,,,missed,,3pt,16,30
Andrei Kirilenko,Carlos Boozer,Deron Williams,Mehmet Okur,Ronnie Brewer,Chris Duhon,Danilo Gallinari,David Lee,Larry Hughes,Wilson Chandler,1,6:24,UTA,rebound,,,,,,,,,,Mehmet Okur,,,,,,def,,
Andrei Kirilenko,Carlos Boozer,Deron Williams,Mehmet Okur,Ronnie Brewer,Chris Duhon,Danilo Gallinari,David Lee,Larry Hughes,Wilson Chandler,1,6:16,UTA,shot,,,,,,,,,,Ronnie Brewer,,,,missed,,jump,37,16
Andrei Kirilenko,Carlos Boozer,Deron Williams,Mehmet Okur,Ronnie Brewer,Chris Duhon,Danilo Gallinari,David Lee,Larry Hughes,Wilson Chandler,1,6:16,NYK,rebound,,,,,,,,,,David Lee,,,,,,def,,
Andrei Kirilenko,Carlos Boozer,Deron Williams,Mehmet Okur,Ronnie Brewer,Chris Duhon,Danilo Gallinari,David Lee,Larry Hughes,Wilson Chandler,1,6:07,NYK,turnover,,,,,,,,,,Chris Duhon,,,lost ball,,Deron Williams,,,
Andrei Kirilenko,Carlos Boozer,Deron Williams,Mehmet Okur,Ronnie Brewer,Chris Duhon,Danilo Gallinari,David Lee,Larry Hughes,Wilson Chandler,1,6:01,UTA,shot,Ronnie Brewer,,,,,,,,,Carlos Boozer,2,,,made,,layup,25,6
Andrei Kirilenko,Carlos Boozer,Deron Williams,Mehmet Okur,Ronnie Brewer,Chris Duhon,Danilo Gallinari,David Lee,Larry Hughes,Wilson Chandler,1,6:01,NYK,timeout,,,,,,,,,,,,,,,,regular,,
Andrei Kirilenko,Carlos Boozer,Deron Williams,Mehmet Okur,Ronnie Brewer,Chris Duhon,David Lee,Jared Jeffries,Larry Hughes,Wilson Chandler,1,6:01,NYK,sub,,,,Jared Jeffries,,Danilo Gallinari,,,,,,,,,,,,
Andrei Kirilenko,Carlos Boozer,Deron Williams,Mehmet Okur,Ronnie Brewer,Al Harrington,Chris Duhon,David Lee,Jared Jeffries,Wilson Chandler,1,6:01,NYK,sub,,,,Al Harrington,,Larry Hughes,,,,,,,,,,,,
Andrei Kirilenko,Carlos Boozer,Deron Williams,Mehmet Okur,Ronnie Brewer,Al Harrington,Chris Duhon,David Lee,Jared Jeffries,Wilson Chandler,1,5:46,NYK,shot,,,,,,,,,,David Lee,,,,missed,,layup,25,6
Andrei Kirilenko,Carlos Boozer,Deron Williams,Mehmet Okur,Ronnie Brewer,Al Harrington,Chris Duhon,David Lee,Jared Jeffries,Wilson Chandler,1,5:45,UTA,rebound,,,,,,,,,,Mehmet Okur,,,,,,def,,
Andrei Kirilenko,Carlos Boozer,Deron Williams,Mehmet Okur,Ronnie Brewer,Al Harrington,Chris Duhon,David Lee,Jared Jeffries,Wilson Chandler,1,5:25,UTA,shot,,,,,,,,,,Andrei Kirilenko,,,,missed,,jump,42,7
Andrei Kirilenko,Carlos Boozer,Deron Williams,Mehmet Okur,Ronnie Brewer,Al Harrington,Chris Duhon,David Lee,Jared Jeffries,Wilson Chandler,1,5:25,UTA,rebound,,,,,,,,,,Mehmet Okur,,,,,,off,,
Andrei Kirilenko,Carlos Boozer,Deron Williams,Mehmet Okur,Ronnie Brewer,Al Harrington,Chris Duhon,David Lee,Jared Jeffries,Wilson Chandler,1,5:18,UTA,shot,,,,,,,,,,Mehmet Okur,2,,,made,,fade away jumper,25,14
Andrei Kirilenko,Carlos Boozer,Deron Williams,Mehmet Okur,Ronnie Brewer,Al Harrington,Chris Duhon,David Lee,Jared Jeffries,Wilson Chandler,1,5:12,NYK,turnover,,,,,,,,,,Al Harrington,,,traveling,,,,,
Andrei Kirilenko,Deron Williams,Mehmet Okur,Paul Millsap,Ronnie Brewer,Al Harrington,Chris Duhon,David Lee,Jared Jeffries,Wilson Chandler,1,5:12,UTA,sub,,,,Paul Millsap,,Carlos Boozer,,,,,,,,,,,,
Andrei Kirilenko,Deron Williams,Mehmet Okur,Paul Millsap,Ronnie Brewer,Al Harrington,Chris Duhon,David Lee,Jared Jeffries,Wilson Chandler,1,5:04,UTA,shot,Deron Williams,,,,,,,,,Ronnie Brewer,3,,,made,,3pt,38,28
Andrei Kirilenko,Deron Williams,Mehmet Okur,Paul Millsap,Ronnie Brewer,Al Harrington,Chris Duhon,David Lee,Jared Jeffries,Wilson Chandler,1,4:46,NYK,shot,,,,,,,,,,Wilson Chandler,,,,missed,,3pt,41,24
Andrei Kirilenko,Deron Williams,Mehmet Okur,Paul Millsap,Ronnie Brewer,Al Harrington,Chris Duhon,David Lee,Jared Jeffries,Wilson Chandler,1,4:45,NYK,rebound,,,,,,,,,,David Lee,,,,,,off,,
Andrei Kirilenko,Deron Williams,Mehmet Okur,Paul Millsap,Ronnie Brewer,Al Harrington,Chris Duhon,David Lee,Jared Jeffries,Wilson Chandler,1,4:43,NYK,shot,,,,,,,,,,David Lee,2,,,made,,layup,25,6
Andrei Kirilenko,Deron Williams,Mehmet Okur,Paul Millsap,Ronnie Brewer,Al Harrington,Chris Duhon,David Lee,Jared Jeffries,Wilson Chandler,1,4:19,UTA,shot,,,Jared Jeffries,,,,,,,Ronnie Brewer,,,,missed,,jump,29,10
Andrei Kirilenko,Deron Williams,Mehmet Okur,Paul Millsap,Ronnie Brewer,Al Harrington,Chris Duhon,David Lee,Jared Jeffries,Wilson Chandler,1,4:18,NYK,rebound,,,,,,,,,,Wilson Chandler,,,,,,def,,
Andrei Kirilenko,Deron Williams,Mehmet Okur,Paul Millsap,Ronnie Brewer,Al Harrington,Chris Duhon,David Lee,Jared Jeffries,Wilson Chandler,1,4:01,NYK,shot,,,,,,,,,,David Lee,,,,missed,,jump,33,8
Andrei Kirilenko,Deron Williams,Mehmet Okur,Paul Millsap,Ronnie Brewer,Al Harrington,Chris Duhon,David Lee,Jared Jeffries,Wilson Chandler,1,4:01,UTA,rebound,,,,,,,,,,Ronnie Brewer,,,,,,def,,
Andrei Kirilenko,Deron Williams,Mehmet Okur,Paul Millsap,Ronnie Brewer,Al Harrington,Chris Duhon,David Lee,Jared Jeffries,Wilson Chandler,1,3:53,UTA,shot,,,,,,,,,,Mehmet Okur,,,,missed,,jump,38,23
Andrei Kirilenko,Deron Williams,Mehmet Okur,Paul Millsap,Ronnie Brewer,Al Harrington,Chris Duhon,David Lee,Jared Jeffries,Wilson Chandler,1,3:52,NYK,rebound,,,,,,,,,,Jared Jeffries,,,,,,def,,
Andrei Kirilenko,Deron Williams,Mehmet Okur,Paul Millsap,Ronnie Brewer,Al Harrington,Chris Duhon,David Lee,Jared Jeffries,Wilson Chandler,1,3:43,NYK,shot,,,,,,,,,,Al Harrington,,,,missed,,layup,25,6
Andrei Kirilenko,Deron Williams,Mehmet Okur,Paul Millsap,Ronnie Brewer,Al Harrington,Chris Duhon,David Lee,Jared Jeffries,Wilson Chandler,1,3:42,UTA,rebound,,,,,,,,,,Paul Millsap,,,,,,def,,
Andrei Kirilenko,Deron Williams,Mehmet Okur,Paul Millsap,Ronnie Brewer,Al Harrington,Chris Duhon,David Lee,Jared Jeffries,Wilson Chandler,1,3:35,UTA,shot,,,,,,,,,,Andrei Kirilenko,,,,missed,,layup,25,6
Andrei Kirilenko,Deron Williams,Mehmet Okur,Paul Millsap,Ronnie Brewer,Al Harrington,Chris Duhon,David Lee,Jared Jeffries,Wilson Chandler,1,3:34,NYK,rebound,,,,,,,,,,Wilson Chandler,,,,,,def,,
Andrei Kirilenko,Deron Williams,Mehmet Okur,Paul Millsap,Ronnie Brewer,Al Harrington,Chris Duhon,David Lee,Jared Jeffries,Wilson Chandler,1,3:24,NYK,shot,,,,,,,,,,Wilson Chandler,2,,,made,,jump,43,15
Andrei Kirilenko,Deron Williams,Mehmet Okur,Paul Millsap,Ronnie Brewer,Al Harrington,Chris Duhon,David Lee,Jared Jeffries,Wilson Chandler,1,3:00,UTA,shot,,,,,,,,,,Deron Williams,,,,missed,,3pt,24,31
Andrei Kirilenko,Deron Williams,Mehmet Okur,Paul Millsap,Ronnie Brewer,Al Harrington,Chris Duhon,David Lee,Jared Jeffries,Wilson Chandler,1,2:59,UTA,rebound,,,,,,,,,,Mehmet Okur,,,,,,off,,
Andrei Kirilenko,Deron Williams,Mehmet Okur,Paul Millsap,Ronnie Brewer,Al Harrington,Chris Duhon,David Lee,Jared Jeffries,Wilson Chandler,1,2:55,NYK,foul,,,,,,,,Paul Millsap,,David Lee,,,,,,shooting,,
Andrei Kirilenko,Deron Williams,Mehmet Okur,Paul Millsap,Ronnie Brewer,Al Harrington,Chris Duhon,David Lee,Jared Jeffries,Wilson Chandler,1,2:55,UTA,timeout,,,,,,,,,,,,,,,,regular,,
Andrei Kirilenko,Deron Williams,Mehmet Okur,Paul Millsap,Ronnie Brewer,Al Harrington,Chris Duhon,David Lee,Jared Jeffries,Toney Douglas,1,2:55,NYK,sub,,,,Toney Douglas,,Wilson Chandler,,,,,,,,,,,,
Andrei Kirilenko,Deron Williams,Mehmet Okur,Paul Millsap,Ronnie Brewer,Al Harrington,Chris Duhon,Jared Jeffries,Larry Hughes,Toney Douglas,1,2:55,NYK,sub,,,,Larry Hughes,,David Lee,,,,,,,,,,,,
Andrei Kirilenko,Deron Williams,Mehmet Okur,Paul Millsap,Ronnie Brewer,Al Harrington,Danilo Gallinari,Jared Jeffries,Larry Hughes,Toney Douglas,1,2:55,NYK,sub,,,,Danilo Gallinari,,Chris Duhon,,,,,,,,,,,,
Deron Williams,Mehmet Okur,Paul Millsap,Ronnie Brewer,Wes Matthews,Al Harrington,Danilo Gallinari,Jared Jeffries,Larry Hughes,Toney Douglas,1,2:55,UTA,sub,,,,Wes Matthews,,Andrei Kirilenko,,,,,,,,,,,,
Deron Williams,Mehmet Okur,Paul Millsap,Ronnie Brewer,Wes Matthews,Al Harrington,Danilo Gallinari,Jared Jeffries,Larry Hughes,Toney Douglas,1,2:55,UTA,free throw,,,,,,,1,,2,Paul Millsap,,,foul,made,,,,
Deron Williams,Mehmet Okur,Paul Millsap,Ronnie Brewer,Wes Matthews,Al Harrington,Danilo Gallinari,Jared Jeffries,Larry Hughes,Toney Douglas,1,2:55,UTA,free throw,,,,,,,2,,2,Paul Millsap,,,foul,missed,,,,
Deron Williams,Mehmet Okur,Paul Millsap,Ronnie Brewer,Wes Matthews,Al Harrington,Danilo Gallinari,Jared Jeffries,Larry Hughes,Toney Douglas,1,2:54,NYK,rebound,,,,,,,,,,Jared Jeffries,,,,,,def,,
Deron Williams,Mehmet Okur,Paul Millsap,Ronnie Brewer,Wes Matthews,Al Harrington,Danilo Gallinari,Jared Jeffries,Larry Hughes,Toney Douglas,1,2:42,NYK,shot,,,,,,,,,,Al Harrington,2,,,made,,layup,25,6
Deron Williams,Mehmet Okur,Paul Millsap,Ronnie Brewer,Wes Matthews,Al Harrington,Danilo Gallinari,Jared Jeffries,Larry Hughes,Toney Douglas,1,2:31,UTA,turnover,,,,,,,,,,Mehmet Okur,,,bad pass,,,,,
Deron Williams,Mehmet Okur,Paul Millsap,Ronnie Brewer,Wes Matthews,Al Harrington,Danilo Gallinari,Jared Jeffries,Larry Hughes,Toney Douglas,1,2:21,NYK,shot,,,,,,,,,,Al Harrington,,,,missed,,layup,25,6
Deron Williams,Mehmet Okur,Paul Millsap,Ronnie Brewer,Wes Matthews,Al Harrington,Danilo Gallinari,Jared Jeffries,Larry Hughes,Toney Douglas,1,2:20,UTA,rebound,,,,,,,,,,Paul Millsap,,,,,,def,,
Deron Williams,Mehmet Okur,Paul Millsap,Ronnie Brewer,Wes Matthews,Al Harrington,Danilo Gallinari,Jared Jeffries,Larry Hughes,Toney Douglas,1,2:09,UTA,foul,,,,,,,,Jared Jeffries,,Wes Matthews,,,,,,offensive,,
Deron Williams,Mehmet Okur,Paul Millsap,Ronnie Brewer,Wes Matthews,Al Harrington,Danilo Gallinari,Jared Jeffries,Larry Hughes,Toney Douglas,1,2:09,UTA,turnover,,,,,,,,,,Wes Matthews,,,foul,,,,,
Deron Williams,Mehmet Okur,Paul Millsap,Ronnie Brewer,Wes Matthews,Al Harrington,Danilo Gallinari,Jared Jeffries,Larry Hughes,Toney Douglas,1,1:53,NYK,shot,,,,,,,,,,Larry Hughes,,,,missed,,jump,35,20
Deron Williams,Mehmet Okur,Paul Millsap,Ronnie Brewer,Wes Matthews,Al Harrington,Danilo Gallinari,Jared Jeffries,Larry Hughes,Toney Douglas,1,1:53,UTA,rebound,,,,,,,,,,Mehmet Okur,,,,,,def,,
Deron Williams,Mehmet Okur,Paul Millsap,Ronnie Brewer,Wes Matthews,Al Harrington,Danilo Gallinari,Jared Jeffries,Larry Hughes,Toney Douglas,1,1:31,UTA,shot,Deron Williams,,,,,,,,,Wes Matthews,2,,,made,,jump,45,15
Deron Williams,Mehmet Okur,Paul Millsap,Ronnie Brewer,Wes Matthews,Al Harrington,Danilo Gallinari,Jared Jeffries,Larry Hughes,Toney Douglas,1,1:15,NYK,shot,,,,,,,,,,Al Harrington,,,,missed,,3pt,33,29
Deron Williams,Mehmet Okur,Paul Millsap,Ronnie Brewer,Wes Matthews,Al Harrington,Danilo Gallinari,Jared Jeffries,Larry Hughes,Toney Douglas,1,1:15,UTA,rebound,,,,,,,,,,Deron Williams,,,,,,def,,
Deron Williams,Mehmet Okur,Paul Millsap,Ronnie Brewer,Wes Matthews,Al Harrington,Danilo Gallinari,Jared Jeffries,Larry Hughes,Toney Douglas,1,1:09,UTA,shot,,,Jared Jeffries,,,,,,,Ronnie Brewer,,,,missed,,layup,25,6
Deron Williams,Mehmet Okur,Paul Millsap,Ronnie Brewer,Wes Matthews,Al Harrington,Danilo Gallinari,Jared Jeffries,Larry Hughes,Toney Douglas,1,1:08,UTA,rebound,,,,,,,,,,Ronnie Brewer,,,,,,off,,
Deron Williams,Mehmet Okur,Paul Millsap,Ronnie Brewer,Wes Matthews,Al Harrington,Danilo Gallinari,Jared Jeffries,Larry Hughes,Toney Douglas,1,1:08,UTA,shot,,,Danilo Gallinari,,,,,,,Ronnie Brewer,,,,missed,,layup,25,6
Deron Williams,Mehmet Okur,Paul Millsap,Ronnie Brewer,Wes Matthews,Al Harrington,Danilo Gallinari,Jared Jeffries,Larry Hughes,Toney Douglas,1,1:05,NYK,rebound,,,,,,,,,,Larry Hughes,,,,,,def,,
Deron Williams,Mehmet Okur,Paul Millsap,Ronnie Brewer,Wes Matthews,Al Harrington,Danilo Gallinari,Jared Jeffries,Larry Hughes,Toney Douglas,1,1:05,NYK,shot,Larry Hughes,,,,,,,,,Toney Douglas,2,,,made,,jump,16,20
Deron Williams,Mehmet Okur,Paul Millsap,Ronnie Brewer,Wes Matthews,Al Harrington,Danilo Gallinari,Jared Jeffries,Larry Hughes,Toney Douglas,1,0:37,UTA,turnover,,,,,,,,,,Wes Matthews,,,traveling,,,,,
Deron Williams,Mehmet Okur,Paul Millsap,Ronnie Brewer,Wes Matthews,Al Harrington,Danilo Gallinari,Jared Jeffries,Larry Hughes,Toney Douglas,1,0:28,NYK,turnover,,,,,,,,,,Larry Hughes,,,lost ball,,Ronnie Brewer,,,
Deron Williams,Mehmet Okur,Paul Millsap,Ronnie Brewer,Wes Matthews,Al Harrington,Danilo Gallinari,Jared Jeffries,Larry Hughes,Toney Douglas,1,0:04,UTA,shot,,,,,,,,,,Mehmet Okur,,,,missed,,jump,40,19
Deron Williams,Mehmet Okur,Paul Millsap,Ronnie Brewer,Wes Matthews,Al Harrington,Danilo Gallinari,Jared Jeffries,Larry Hughes,Toney Douglas,1,0:01,NYK,rebound,,,,,,,,,,Toney Douglas,,,,,,def,,
Deron Williams,Mehmet Okur,Paul Millsap,Ronnie Brewer,Wes Matthews,Al Harrington,Danilo Gallinari,Jared Jeffries,Larry Hughes,Toney Douglas,1,0:00,NYK,shot,,,,,,,,,,Toney Douglas,,,,missed,,3pt,42,53
Deron Williams,Mehmet Okur,Paul Millsap,Ronnie Brewer,Wes Matthews,Al Harrington,Danilo Gallinari,Jared Jeffries,Larry Hughes,Toney Douglas,1,0:00,NYK,rebound,,,,,,,,,,,,,,,,,,
Andrei Kirilenko,Carlos Boozer,Paul Millsap,Ronnie Price,Wes Matthews,Al Harrington,Danilo Gallinari,Jared Jeffries,Larry Hughes,Toney Douglas,2,11:45,NYK,shot,,,,,,,,,,Toney Douglas,2,,,made,,jump,13,13
Andrei Kirilenko,Carlos Boozer,Paul Millsap,Ronnie Price,Wes Matthews,Al Harrington,Danilo Gallinari,Jared Jeffries,Larry Hughes,Toney Douglas,2,11:24,UTA,shot,,,,,,,,,,Ronnie Price,2,,,made,,running jump,26,11
Andrei Kirilenko,Carlos Boozer,Paul Millsap,Ronnie Price,Wes Matthews,Al Harrington,Danilo Gallinari,Jared Jeffries,Larry Hughes,Toney Douglas,2,11:09,NYK,shot,,,,,,,,,,Toney Douglas,2,,,made,,turnaround jump,7,11
Andrei Kirilenko,Carlos Boozer,Paul Millsap,Ronnie Price,Wes Matthews,Al Harrington,Danilo Gallinari,Jared Jeffries,Larry Hughes,Toney Douglas,2,10:52,NYK,foul,,,,,,,,Ronnie Price,,Larry Hughes,,,,,,personal,,
Andrei Kirilenko,Carlos Boozer,Paul Millsap,Ronnie Price,Wes Matthews,Al Harrington,Danilo Gallinari,Jared Jeffries,Larry Hughes,Toney Douglas,2,10:45,UTA,shot,,,,,,,,,,Paul Millsap,,,,missed,,jump,28,15
Andrei Kirilenko,Carlos Boozer,Paul Millsap,Ronnie Price,Wes Matthews,Al Harrington,Danilo Gallinari,Jared Jeffries,Larry Hughes,Toney Douglas,2,10:43,NYK,rebound,,,,,,,,,,Larry Hughes,,,,,,def,,
Andrei Kirilenko,Carlos Boozer,Paul Millsap,Ronnie Price,Wes Matthews,Al Harrington,Danilo Gallinari,Jared Jeffries,Larry Hughes,Toney Douglas,2,10:31,NYK,shot,,,,,,,,,,Al Harrington,,,,missed,,3pt,8,25
Andrei Kirilenko,Carlos Boozer,Paul Millsap,Ronnie Price,Wes Matthews,Al Harrington,Danilo Gallinari,Jared Jeffries,Larry Hughes,Toney Douglas,2,10:31,UTA,rebound,,,,,,,,,,Ronnie Price,,,,,,def,,
Andrei Kirilenko,Carlos Boozer,Paul Millsap,Ronnie Price,Wes Matthews,Al Harrington,Danilo Gallinari,Jared Jeffries,Larry Hughes,Toney Douglas,2,10:23,UTA,shot,Andrei Kirilenko,,,,,,,,,Carlos Boozer,2,,,made,,hook,22,9
Andrei Kirilenko,Carlos Boozer,Paul Millsap,Ronnie Price,Wes Matthews,Al Harrington,Danilo Gallinari,Jared Jeffries,Larry Hughes,Toney Douglas,2,10:10,NYK,turnover,,,,,,,,,,Toney Douglas,,,bad pass,,Carlos Boozer,,,
Andrei Kirilenko,Carlos Boozer,Paul Millsap,Ronnie Price,Wes Matthews,Al Harrington,Danilo Gallinari,Jared Jeffries,Larry Hughes,Toney Douglas,2,10:05,UTA,shot,,,,,,,,,,Wes Matthews,,,,missed,,layup,25,6
Andrei Kirilenko,Carlos Boozer,Paul Millsap,Ronnie Price,Wes Matthews,Al Harrington,Danilo Gallinari,Jared Jeffries,Larry Hughes,Toney Douglas,2,10:04,UTA,rebound,,,,,,,,,,Andrei Kirilenko,,,,,,off,,
Andrei Kirilenko,Carlos Boozer,Paul Millsap,Ronnie Price,Wes Matthews,Al Harrington,Danilo Gallinari,Jared Jeffries,Larry Hughes,Toney Douglas,2,10:02,UTA,shot,Andrei Kirilenko,,,,,,,,,Paul Millsap,2,,,made,,finger roll layup,25,6
Andrei Kirilenko,Carlos Boozer,Paul Millsap,Ronnie Price,Wes Matthews,Al Harrington,Danilo Gallinari,Jared Jeffries,Larry Hughes,Toney Douglas,2,9:35,NYK,shot,,,,,,,,,,Al Harrington,2,,,made,,jump,37,15
Andrei Kirilenko,Carlos Boozer,Paul Millsap,Ronnie Price,Wes Matthews,Al Harrington,Danilo Gallinari,Jared Jeffries,Larry Hughes,Toney Douglas,2,9:12,UTA,shot,,,,,,,,,,Ronnie Price,,,,missed,,jump,31,18
Andrei Kirilenko,Carlos Boozer,Paul Millsap,Ronnie Price,Wes Matthews,Al Harrington,Danilo Gallinari,Jared Jeffries,Larry Hughes,Toney Douglas,2,9:11,NYK,rebound,,,,,,,,,,Danilo Gallinari,,,,,,def,,
Andrei Kirilenko,Carlos Boozer,Paul Millsap,Ronnie Price,Wes Matthews,Al Harrington,Danilo Gallinari,Jared Jeffries,Larry Hughes,Toney Douglas,2,9:03,NYK,shot,,,,,,,,,,Danilo Gallinari,,,,missed,,3pt,9,27
Andrei Kirilenko,Carlos Boozer,Paul Millsap,Ronnie Price,Wes Matthews,Al Harrington,Danilo Gallinari,Jared Jeffries,Larry Hughes,Toney Douglas,2,9:03,UTA,rebound,,,,,,,,,,Wes Matthews,,,,,,def,,
Andrei Kirilenko,Carlos Boozer,Paul Millsap,Ronnie Price,Wes Matthews,Al Harrington,Danilo Gallinari,Jared Jeffries,Larry Hughes,Toney Douglas,2,8:50,UTA,shot,,,Jared Jeffries,,,,,,,Carlos Boozer,,,,missed,,layup,25,6
Andrei Kirilenko,Carlos Boozer,Paul Millsap,Ronnie Price,Wes Matthews,Al Harrington,Danilo Gallinari,Jared Jeffries,Larry Hughes,Toney Douglas,2,8:50,UTA,rebound,,,,,,,,,,,,,,,,,,
Andrei Kirilenko,Carlos Boozer,Paul Millsap,Ronnie Price,Wes Matthews,Al Harrington,Danilo Gallinari,Jared Jeffries,Larry Hughes,Toney Douglas,2,8:50,UTA,timeout,,,,,,,,,,,,,,,,official,,
Andrei Kirilenko,Carlos Boozer,Paul Millsap,Ronnie Price,Wes Matthews,Al Harrington,David Lee,Jared Jeffries,Larry Hughes,Toney Douglas,2,8:50,NYK,sub,,,,David Lee,,Danilo Gallinari,,,,,,,,,,,,
Andrei Kirilenko,Carlos Boozer,Paul Millsap,Ronnie Price,Wes Matthews,Al Harrington,Chris Duhon,David Lee,Jared Jeffries,Toney Douglas,2,8:50,NYK,sub,,,,Chris Duhon,,Larry Hughes,,,,,,,,,,,,
Andrei Kirilenko,Carlos Boozer,Paul Millsap,Ronnie Price,Wes Matthews,Al Harrington,Chris Duhon,David Lee,Jared Jeffries,Toney Douglas,2,8:49,UTA,turnover,,,,,,,,,,Paul Millsap,,,bad pass,,Toney Douglas,,,
Andrei Kirilenko,Carlos Boozer,Paul Millsap,Ronnie Price,Wes Matthews,Al Harrington,Chris Duhon,David Lee,Jared Jeffries,Toney Douglas,2,8:49,UTA,foul,,,,,,,,Toney Douglas,,Ronnie Price,,,,,,personal,,
Andrei Kirilenko,Carlos Boozer,Paul Millsap,Ronnie Price,Wes Matthews,Al Harrington,Chris Duhon,David Lee,Jared Jeffries,Toney Douglas,2,8:34,NYK,shot,,,,,,,,,,Al Harrington,,,,missed,,3pt,49,9
Andrei Kirilenko,Carlos Boozer,Paul Millsap,Ronnie Price,Wes Matthews,Al Harrington,Chris Duhon,David Lee,Jared Jeffries,Toney Douglas,2,8:33,UTA,rebound,,,,,,,,,,Ronnie Price,,,,,,def,,
Andrei Kirilenko,Carlos Boozer,Paul Millsap,Ronnie Price,Wes Matthews,Al Harrington,Chris Duhon,David Lee,Jared Jeffries,Toney Douglas,2,8:21,UTA,shot,Ronnie Price,,,,,,,,,Andrei Kirilenko,3,,,made,,3pt,7,24
Andrei Kirilenko,Carlos Boozer,Paul Millsap,Ronnie Price,Wes Matthews,Al Harrington,Chris Duhon,David Lee,Jared Jeffries,Toney Douglas,2,8:05,NYK,turnover,,,,,,,,,,Toney Douglas,,,bad pass,,Ronnie Price,,,
Andrei Kirilenko,Carlos Boozer,Paul Millsap,Ronnie Price,Wes Matthews,Al Harrington,Chris Duhon,David Lee,Jared Jeffries,Toney Douglas,2,8:01,UTA,shot,Ronnie Price,,,,,,,,,Wes Matthews,2,,,made,,driving layup,25,6
Andrei Kirilenko,Carlos Boozer,Paul Millsap,Ronnie Price,Wes Matthews,Al Harrington,Chris Duhon,David Lee,Jared Jeffries,Toney Douglas,2,7:33,NYK,shot,,,,,,,,,,Toney Douglas,,,,missed,,3pt,12,28
Andrei Kirilenko,Carlos Boozer,Paul Millsap,Ronnie Price,Wes Matthews,Al Harrington,Chris Duhon,David Lee,Jared Jeffries,Toney Douglas,2,7:33,UTA,rebound,,,,,,,,,,Carlos Boozer,,,,,,def,,
Andrei Kirilenko,Carlos Boozer,Paul Millsap,Ronnie Price,Wes Matthews,Al Harrington,Chris Duhon,David Lee,Jared Jeffries,Toney Douglas,2,7:23,NYK,foul,,,,,,,,Paul Millsap,,Chris Duhon,,,,,,shooting,,
Andrei Kirilenko,Carlos Boozer,Paul Millsap,Ronnie Price,Wes Matthews,Chris Duhon,David Lee,Jared Jeffries,Toney Douglas,Wilson Chandler,2,7:23,NYK,sub,,,,Wilson Chandler,,Al Harrington,,,,,,,,,,,,
Andrei Kirilenko,Carlos Boozer,Paul Millsap,Ronnie Price,Wes Matthews,Chris Duhon,David Lee,Jared Jeffries,Larry Hughes,Wilson Chandler,2,7:23,NYK,sub,,,,Larry Hughes,,Toney Douglas,,,,,,,,,,,,
Andrei Kirilenko,Carlos Boozer,Paul Millsap,Ronnie Price,Wes Matthews,Chris Duhon,David Lee,Jared Jeffries,Larry Hughes,Wilson Chandler,2,7:23,UTA,free throw,,,,,,,1,,2,Paul Millsap,,,foul,made,,,,
Andrei Kirilenko,Carlos Boozer,Paul Millsap,Ronnie Price,Wes Matthews,Chris Duhon,David Lee,Jared Jeffries,Larry Hughes,Wilson Chandler,2,7:23,UTA,free throw,,,,,,,2,,2,Paul Millsap,,,foul,missed,,,,
Andrei Kirilenko,Carlos Boozer,Paul Millsap,Ronnie Price,Wes Matthews,Chris Duhon,David Lee,Jared Jeffries,Larry Hughes,Wilson Chandler,2,7:22,UTA,rebound,,,,,,,,,,Carlos Boozer,,,,,,off,,
Andrei Kirilenko,Carlos Boozer,Paul Millsap,Ronnie Price,Wes Matthews,Chris Duhon,David Lee,Jared Jeffries,Larry Hughes,Wilson Chandler,2,7:13,UTA,turnover,,,,,,,,,,Ronnie Price,,,bad pass,,,,,
Andrei Kirilenko,Carlos Boozer,Paul Millsap,Ronnie Price,Wes Matthews,Chris Duhon,David Lee,Jared Jeffries,Larry Hughes,Wilson Chandler,2,6:59,NYK,shot,,,,,,,,,,Larry Hughes,,,,missed,,jump,13,24
Andrei Kirilenko,Carlos Boozer,Paul Millsap,Ronnie Price,Wes Matthews,Chris Duhon,David Lee,Jared Jeffries,Larry Hughes,Wilson Chandler,2,6:58,UTA,rebound,,,,,,,,,,Ronnie Price,,,,,,def,,
Andrei Kirilenko,Carlos Boozer,Paul Millsap,Ronnie Price,Wes Matthews,Chris Duhon,David Lee,Jared Jeffries,Larry Hughes,Wilson Chandler,2,6:47,UTA,shot,,,,,,,,,,Ronnie Price,,,,missed,,layup,25,6
Andrei Kirilenko,Carlos Boozer,Paul Millsap,Ronnie Price,Wes Matthews,Chris Duhon,David Lee,Jared Jeffries,Larry Hughes,Wilson Chandler,2,6:46,NYK,rebound,,,,,,,,,,Jared Jeffries,,,,,,def,,
Andrei Kirilenko,Carlos Boozer,Paul Millsap,Ronnie Price,Wes Matthews,Chris Duhon,David Lee,Jared Jeffries,Larry Hughes,Wilson Chandler,2,6:41,NYK,shot,Jared Jeffries,,,,,,,,,David Lee,2,,,made,,slam dunk,25,6
Andrei Kirilenko,Carlos Boozer,Deron Williams,Paul Millsap,Wes Matthews,Chris Duhon,David Lee,Jared Jeffries,Larry Hughes,Wilson Chandler,2,6:20,UTA,sub,,,,Deron Williams,,Ronnie Price,,,,,,,,,,,,
Andrei Kirilenko,Carlos Boozer,Deron Williams,Paul Millsap,Wes Matthews,Chris Duhon,David Lee,Jared Jeffries,Larry Hughes,Wilson Chandler,2,6:12,UTA,foul,,,,,,,,Jared Jeffries,,Deron Williams,,,,,,offensive,,
Andrei Kirilenko,Carlos Boozer,Deron Williams,Paul Millsap,Wes Matthews,Chris Duhon,David Lee,Jared Jeffries,Larry Hughes,Wilson Chandler,2,6:12,UTA,turnover,,,,,,,,,,Deron Williams,,,foul,,,,,
Andrei Kirilenko,Carlos Boozer,Deron Williams,Paul Millsap,Wes Matthews,Chris Duhon,David Lee,Jared Jeffries,Larry Hughes,Wilson Chandler,2,5:59,NYK,shot,,,,,,,,,,Chris Duhon,,,,missed,,jump,19,28
Andrei Kirilenko,Carlos Boozer,Deron Williams,Paul Millsap,Wes Matthews,Chris Duhon,David Lee,Jared Jeffries,Larry Hughes,Wilson Chandler,2,5:59,UTA,rebound,,,,,,,,,,Andrei Kirilenko,,,,,,def,,
Andrei Kirilenko,Carlos Boozer,Deron Williams,Paul Millsap,Wes Matthews,Chris Duhon,David Lee,Jared Jeffries,Larry Hughes,Wilson Chandler,2,5:44,UTA,turnover,,,,,,,,,,Carlos Boozer,,,3 second violation,,,,,
Andrei Kirilenko,Carlos Boozer,Deron Williams,Paul Millsap,Wes Matthews,Chris Duhon,David Lee,Jared Jeffries,Larry Hughes,Wilson Chandler,2,5:44,NYK,timeout,,,,,,,,,,,,,,,,regular,,
Andrei Kirilenko,Carlos Boozer,Deron Williams,Paul Millsap,Wes Matthews,Chris Duhon,David Lee,Jared Jeffries,Larry Hughes,Wilson Chandler,2,5:26,NYK,shot,,,,,,,,,,David Lee,2,,,made,,driving layup,25,6
Andrei Kirilenko,Carlos Boozer,Deron Williams,Paul Millsap,Wes Matthews,Chris Duhon,David Lee,Jared Jeffries,Larry Hughes,Wilson Chandler,2,5:05,UTA,shot,Paul Millsap,,,,,,,,,Carlos Boozer,2,,,made,,layup,25,6
Andrei Kirilenko,Carlos Boozer,Deron Williams,Paul Millsap,Wes Matthews,Chris Duhon,David Lee,Jared Jeffries,Larry Hughes,Wilson Chandler,2,4:52,NYK,shot,,,,,,,,,,Chris Duhon,,,,missed,,3pt,9,26
Andrei Kirilenko,Carlos Boozer,Deron Williams,Paul Millsap,Wes Matthews,Chris Duhon,David Lee,Jared Jeffries,Larry Hughes,Wilson Chandler,2,4:52,UTA,rebound,,,,,,,,,,Carlos Boozer,,,,,,def,,
Andrei Kirilenko,Carlos Boozer,Deron Williams,Paul Millsap,Wes Matthews,Chris Duhon,David Lee,Jared Jeffries,Larry Hughes,Wilson Chandler,2,4:40,UTA,shot,,,,,,,,,,Andrei Kirilenko,,,,missed,,3pt,48,15
Andrei Kirilenko,Carlos Boozer,Deron Williams,Paul Millsap,Wes Matthews,Chris Duhon,David Lee,Jared Jeffries,Larry Hughes,Wilson Chandler,2,4:39,NYK,rebound,,,,,,,,,,Wilson Chandler,,,,,,def,,
Andrei Kirilenko,Carlos Boozer,Deron Williams,Paul Millsap,Wes Matthews,Chris Duhon,David Lee,Jared Jeffries,Larry Hughes,Wilson Chandler,2,4:28,NYK,shot,,,,,,,,,,David Lee,,,,missed,,jump,38,22
Andrei Kirilenko,Carlos Boozer,Deron Williams,Paul Millsap,Wes Matthews,Chris Duhon,David Lee,Jared Jeffries,Larry Hughes,Wilson Chandler,2,4:28,UTA,rebound,,,,,,,,,,Paul Millsap,,,,,,def,,
Andrei Kirilenko,Carlos Boozer,Deron Williams,Paul Millsap,Wes Matthews,Chris Duhon,David Lee,Jared Jeffries,Larry Hughes,Wilson Chandler,2,4:16,UTA,shot,,,,,,,,,,Carlos Boozer,,,,missed,,jump,42,6
Andrei Kirilenko,Carlos Boozer,Deron Williams,Paul Millsap,Wes Matthews,Chris Duhon,David Lee,Jared Jeffries,Larry Hughes,Wilson Chandler,2,4:15,NYK,rebound,,,,,,,,,,Larry Hughes,,,,,,def,,
Andrei Kirilenko,Carlos Boozer,Deron Williams,Paul Millsap,Wes Matthews,Chris Duhon,David Lee,Jared Jeffries,Larry Hughes,Wilson Chandler,2,4:06,UTA,foul,,,,,,,,David Lee,,Paul Millsap,,,,,,shooting,,
Andrei Kirilenko,Carlos Boozer,Deron Williams,Paul Millsap,Wes Matthews,Chris Duhon,Danilo Gallinari,David Lee,Larry Hughes,Wilson Chandler,2,4:06,NYK,sub,,,,Danilo Gallinari,,Jared Jeffries,,,,,,,,,,,,
Andrei Kirilenko,Carlos Boozer,Deron Williams,Paul Millsap,Wes Matthews,Chris Duhon,Danilo Gallinari,David Lee,Larry Hughes,Wilson Chandler,2,4:06,NYK,free throw,,,,,,,1,,2,David Lee,,,foul,missed,,,,
Andrei Kirilenko,Carlos Boozer,Deron Williams,Paul Millsap,Wes Matthews,Chris Duhon,Danilo Gallinari,David Lee,Larry Hughes,Wilson Chandler,2,4:06,NYK,rebound,,,,,,,,,,,,,,,,,,
Andrei Kirilenko,Carlos Boozer,Deron Williams,Paul Millsap,Wes Matthews,Chris Duhon,Danilo Gallinari,David Lee,Larry Hughes,Wilson Chandler,2,4:06,NYK,free throw,,,,,,,2,,2,David Lee,,,foul,made,,,,
Andrei Kirilenko,Carlos Boozer,Deron Williams,Paul Millsap,Wes Matthews,Chris Duhon,Danilo Gallinari,David Lee,Larry Hughes,Wilson Chandler,2,3:52,UTA,shot,,,,,,,,,,Deron Williams,,,,missed,,3pt,25,31
Andrei Kirilenko,Carlos Boozer,Deron Williams,Paul Millsap,Wes Matthews,Chris Duhon,Danilo Gallinari,David Lee,Larry Hughes,Wilson Chandler,2,3:52,NYK,rebound,,,,,,,,,,David Lee,,,,,,def,,
Andrei Kirilenko,Carlos Boozer,Deron Williams,Paul Millsap,Wes Matthews,Chris Duhon,Danilo Gallinari,David Lee,Larry Hughes,Wilson Chandler,2,3:39,NYK,shot,,,,,,,,,,Danilo Gallinari,,,,missed,,jump,21,11
Andrei Kirilenko,Carlos Boozer,Deron Williams,Paul Millsap,Wes Matthews,Chris Duhon,Danilo Gallinari,David Lee,Larry Hughes,Wilson Chandler,2,3:38,UTA,rebound,,,,,,,,,,Carlos Boozer,,,,,,def,,
Andrei Kirilenko,Carlos Boozer,Deron Williams,Paul Millsap,Wes Matthews,Chris Duhon,Danilo Gallinari,David Lee,Larry Hughes,Wilson Chandler,2,3:26,UTA,shot,Andrei Kirilenko,,,,,,,,,Carlos Boozer,2,,,made,,layup,25,6
Andrei Kirilenko,Carlos Boozer,Deron Williams,Paul Millsap,Wes Matthews,Chris Duhon,Danilo Gallinari,David Lee,Larry Hughes,Wilson Chandler,2,3:08,NYK,shot,,,,,,,,,,Wilson Chandler,,,,missed,,layup,25,6
Andrei Kirilenko,Carlos Boozer,Deron Williams,Paul Millsap,Wes Matthews,Chris Duhon,Danilo Gallinari,David Lee,Larry Hughes,Wilson Chandler,2,3:07,UTA,rebound,,,,,,,,,,Carlos Boozer,,,,,,def,,
Andrei Kirilenko,Carlos Boozer,Deron Williams,Paul Millsap,Wes Matthews,Chris Duhon,Danilo Gallinari,David Lee,Larry Hughes,Wilson Chandler,2,3:02,UTA,shot,,,,,,,,,,Wes Matthews,,,,missed,,layup,25,6
Andrei Kirilenko,Carlos Boozer,Deron Williams,Paul Millsap,Wes Matthews,Chris Duhon,Danilo Gallinari,David Lee,Larry Hughes,Wilson Chandler,2,3:00,NYK,rebound,,,,,,,,,,Larry Hughes,,,,,,def,,
Andrei Kirilenko,Carlos Boozer,Deron Williams,Paul Millsap,Wes Matthews,Chris Duhon,Danilo Gallinari,David Lee,Larry Hughes,Wilson Chandler,2,2:50,NYK,shot,,,,,,,,,,Danilo Gallinari,,,,missed,,jump,46,12
Andrei Kirilenko,Carlos Boozer,Deron Williams,Paul Millsap,Wes Matthews,Chris Duhon,Danilo Gallinari,David Lee,Larry Hughes,Wilson Chandler,2,2:50,UTA,rebound,,,,,,,,,,Carlos Boozer,,,,,,def,,
Andrei Kirilenko,Carlos Boozer,Deron Williams,Paul Millsap,Wes Matthews,Chris Duhon,Danilo Gallinari,David Lee,Larry Hughes,Wilson Chandler,2,2:35,UTA,shot,,,,,,,,,,Andrei Kirilenko,2,,,made,,layup,25,6
Andrei Kirilenko,Carlos Boozer,Deron Williams,Paul Millsap,Wes Matthews,Chris Duhon,Danilo Gallinari,David Lee,Larry Hughes,Wilson Chandler,2,2:20,NYK,shot,,,,,,,,,,Wilson Chandler,2,,,made,,jump,30,27
Andrei Kirilenko,Carlos Boozer,Deron Williams,Paul Millsap,Wes Matthews,Chris Duhon,Danilo Gallinari,David Lee,Larry Hughes,Wilson Chandler,2,2:01,UTA,turnover,,,,,,,,,,Wes Matthews,,,traveling,,,,,
Andrei Kirilenko,Carlos Boozer,Deron Williams,Paul Millsap,Wes Matthews,Chris Duhon,Danilo Gallinari,David Lee,Larry Hughes,Wilson Chandler,2,2:01,UTA,timeout,,,,,,,,,,,,,,,,regular,,
Andrei Kirilenko,Carlos Boozer,Deron Williams,Mehmet Okur,Wes Matthews,Chris Duhon,Danilo Gallinari,David Lee,Larry Hughes,Wilson Chandler,2,2:01,UTA,sub,,,,Mehmet Okur,,Paul Millsap,,,,,,,,,,,,
Andrei Kirilenko,Carlos Boozer,Deron Williams,Mehmet Okur,Ronnie Brewer,Chris Duhon,Danilo Gallinari,David Lee,Larry Hughes,Wilson Chandler,2,2:01,UTA,sub,,,,Ronnie Brewer,,Wes Matthews,,,,,,,,,,,,
Andrei Kirilenko,Carlos Boozer,Deron Williams,Mehmet Okur,Ronnie Brewer,Chris Duhon,Danilo Gallinari,David Lee,Larry Hughes,Wilson Chandler,2,1:44,NYK,shot,,,,,,,,,,Danilo Gallinari,,,,missed,,jump,5,14
Andrei Kirilenko,Carlos Boozer,Deron Williams,Mehmet Okur,Ronnie Brewer,Chris Duhon,Danilo Gallinari,David Lee,Larry Hughes,Wilson Chandler,2,1:43,UTA,rebound,,,,,,,,,,Carlos Boozer,,,,,,def,,
Andrei Kirilenko,Carlos Boozer,Deron Williams,Mehmet Okur,Ronnie Brewer,Chris Duhon,Danilo Gallinari,David Lee,Larry Hughes,Wilson Chandler,2,1:25,UTA,shot,Andrei Kirilenko,,,,,,,,,Ronnie Brewer,2,,,made,,jump,4,4
Andrei Kirilenko,Carlos Boozer,Deron Williams,Mehmet Okur,Ronnie Brewer,Chris Duhon,Danilo Gallinari,David Lee,Larry Hughes,Wilson Chandler,2,1:17,UTA,foul,,,,,,,,Larry Hughes,,Mehmet Okur,,,,,,shooting,,
Andrei Kirilenko,Carlos Boozer,Deron Williams,Mehmet Okur,Ronnie Brewer,Chris Duhon,Danilo Gallinari,David Lee,Larry Hughes,Wilson Chandler,2,1:17,NYK,free throw,,,,,,,1,,2,Larry Hughes,,,foul,missed,,,,
Andrei Kirilenko,Carlos Boozer,Deron Williams,Mehmet Okur,Ronnie Brewer,Chris Duhon,Danilo Gallinari,David Lee,Larry Hughes,Wilson Chandler,2,1:17,NYK,rebound,,,,,,,,,,,,,,,,,,
Andrei Kirilenko,Carlos Boozer,Deron Williams,Mehmet Okur,Ronnie Brewer,Al Harrington,Chris Duhon,David Lee,Larry Hughes,Wilson Chandler,2,1:17,NYK,sub,,,,Al Harrington,,Danilo Gallinari,,,,,,,,,,,,
Andrei Kirilenko,Carlos Boozer,Deron Williams,Mehmet Okur,Ronnie Brewer,Al Harrington,Chris Duhon,David Lee,Larry Hughes,Wilson Chandler,2,1:17,NYK,free throw,,,,,,,2,,2,Larry Hughes,,,foul,missed,,,,
Andrei Kirilenko,Carlos Boozer,Deron Williams,Mehmet Okur,Ronnie Brewer,Al Harrington,Chris Duhon,David Lee,Larry Hughes,Wilson Chandler,2,1:16,UTA,rebound,,,,,,,,,,Carlos Boozer,,,,,,def,,
Andrei Kirilenko,Carlos Boozer,Deron Williams,Mehmet Okur,Ronnie Brewer,Al Harrington,Chris Duhon,David Lee,Larry Hughes,Wilson Chandler,2,1:01,UTA,shot,,,,,,,,,,Carlos Boozer,2,,,made,,layup,25,6
Andrei Kirilenko,Carlos Boozer,Deron Williams,Mehmet Okur,Ronnie Brewer,Al Harrington,Chris Duhon,David Lee,Larry Hughes,Wilson Chandler,2,0:48,NYK,shot,,,,,,,,,,Wilson Chandler,,,,missed,,jump,18,28
Andrei Kirilenko,Carlos Boozer,Deron Williams,Mehmet Okur,Ronnie Brewer,Al Harrington,Chris Duhon,David Lee,Larry Hughes,Wilson Chandler,2,0:48,UTA,rebound,,,,,,,,,,Mehmet Okur,,,,,,def,,
Andrei Kirilenko,Carlos Boozer,Deron Williams,Mehmet Okur,Ronnie Brewer,Al Harrington,Chris Duhon,David Lee,Larry Hughes,Wilson Chandler,2,0:36,UTA,shot,,,,,,,,,,Mehmet Okur,,,,missed,,3pt,42,23
Andrei Kirilenko,Carlos Boozer,Deron Williams,Mehmet Okur,Ronnie Brewer,Al Harrington,Chris Duhon,David Lee,Larry Hughes,Wilson Chandler,2,0:36,NYK,rebound,,,,,,,,,,Wilson Chandler,,,,,,def,,
Andrei Kirilenko,Carlos Boozer,Deron Williams,Mehmet Okur,Ronnie Brewer,Al Harrington,Chris Duhon,David Lee,Larry Hughes,Wilson Chandler,2,0:28,NYK,shot,,,,,,,,,,Al Harrington,,,,missed,,jump,36,7
Andrei Kirilenko,Carlos Boozer,Deron Williams,Mehmet Okur,Ronnie Brewer,Al Harrington,Chris Duhon,David Lee,Larry Hughes,Wilson Chandler,2,0:28,UTA,rebound,,,,,,,,,,Ronnie Brewer,,,,,,def,,
Andrei Kirilenko,Carlos Boozer,Deron Williams,Mehmet Okur,Ronnie Brewer,Al Harrington,Chris Duhon,David Lee,Larry Hughes,Wilson Chandler,2,0:21,UTA,turnover,,,,,,,,,,Deron Williams,,,bad pass,,David Lee,,,
Andrei Kirilenko,Carlos Boozer,Deron Williams,Mehmet Okur,Ronnie Brewer,Al Harrington,Chris Duhon,David Lee,Larry Hughes,Wilson Chandler,2,0:14,NYK,shot,,,,,,,,,,Larry Hughes,,,,missed,,jump,5,14
Andrei Kirilenko,Carlos Boozer,Deron Williams,Mehmet Okur,Ronnie Brewer,Al Harrington,Chris Duhon,David Lee,Larry Hughes,Wilson Chandler,2,0:13,UTA,rebound,,,,,,,,,,Deron Williams,,,,,,def,,
Andrei Kirilenko,Carlos Boozer,Deron Williams,Mehmet Okur,Ronnie Brewer,Al Harrington,Chris Duhon,David Lee,Larry Hughes,Wilson Chandler,2,0:04,NYK,foul,,,,,,,,Deron Williams,,Chris Duhon,,,,,,shooting,,
Andrei Kirilenko,Carlos Boozer,Deron Williams,Mehmet Okur,Ronnie Brewer,Al Harrington,Chris Duhon,David Lee,Larry Hughes,Wilson Chandler,2,0:04,UTA,free throw,,,,,,,1,,2,Deron Williams,,,foul,missed,,,,
Andrei Kirilenko,Carlos Boozer,Deron Williams,Mehmet Okur,Ronnie Brewer,Al Harrington,Chris Duhon,David Lee,Larry Hughes,Wilson Chandler,2,0:04,UTA,rebound,,,,,,,,,,,,,,,,,,
Andrei Kirilenko,Carlos Boozer,Deron Williams,Mehmet Okur,Ronnie Brewer,Al Harrington,Chris Duhon,David Lee,Larry Hughes,Wilson Chandler,2,0:04,UTA,free throw,,,,,,,2,,2,Deron Williams,,,foul,made,,,,
Andrei Kirilenko,Carlos Boozer,Deron Williams,Mehmet Okur,Ronnie Brewer,Chris Duhon,Danilo Gallinari,David Lee,Larry Hughes,Wilson Chandler,3,11:51,UTA,foul,,,,,,,,Danilo Gallinari,,Deron Williams,,,,,,personal,,
Andrei Kirilenko,Carlos Boozer,Deron Williams,Mehmet Okur,Ronnie Brewer,Chris Duhon,Danilo Gallinari,David Lee,Larry Hughes,Wilson Chandler,3,11:35,NYK,shot,,,Mehmet Okur,,,,,,,David Lee,,,,missed,,3pt,7,23
Andrei Kirilenko,Carlos Boozer,Deron Williams,Mehmet Okur,Ronnie Brewer,Chris Duhon,Danilo Gallinari,David Lee,Larry Hughes,Wilson Chandler,3,11:34,UTA,rebound,,,,,,,,,,Mehmet Okur,,,,,,def,,
Andrei Kirilenko,Carlos Boozer,Deron Williams,Mehmet Okur,Ronnie Brewer,Chris Duhon,Danilo Gallinari,David Lee,Larry Hughes,Wilson Chandler,3,11:28,NYK,foul,,,,,,,,Ronnie Brewer,,Wilson Chandler,,,,,,shooting,,
Andrei Kirilenko,Carlos Boozer,Deron Williams,Mehmet Okur,Ronnie Brewer,Chris Duhon,Danilo Gallinari,David Lee,Larry Hughes,Wilson Chandler,3,11:28,UTA,free throw,,,,,,,1,,2,Ronnie Brewer,,,foul,missed,,,,
Andrei Kirilenko,Carlos Boozer,Deron Williams,Mehmet Okur,Ronnie Brewer,Chris Duhon,Danilo Gallinari,David Lee,Larry Hughes,Wilson Chandler,3,11:28,UTA,rebound,,,,,,,,,,,,,,,,,,
Andrei Kirilenko,Carlos Boozer,Deron Williams,Mehmet Okur,Ronnie Brewer,Chris Duhon,Danilo Gallinari,David Lee,Larry Hughes,Wilson Chandler,3,11:28,UTA,free throw,,,,,,,2,,2,Ronnie Brewer,,,foul,made,,,,
Andrei Kirilenko,Carlos Boozer,Deron Williams,Mehmet Okur,Ronnie Brewer,Chris Duhon,Danilo Gallinari,David Lee,Larry Hughes,Wilson Chandler,3,11:13,NYK,shot,,,,,,,,,,Wilson Chandler,,,,missed,,3pt,5,21
Andrei Kirilenko,Carlos Boozer,Deron Williams,Mehmet Okur,Ronnie Brewer,Chris Duhon,Danilo Gallinari,David Lee,Larry Hughes,Wilson Chandler,3,11:11,UTA,rebound,,,,,,,,,,Andrei Kirilenko,,,,,,def,,
Andrei Kirilenko,Carlos Boozer,Deron Williams,Mehmet Okur,Ronnie Brewer,Chris Duhon,Danilo Gallinari,David Lee,Larry Hughes,Wilson Chandler,3,10:50,UTA,shot,Deron Williams,,,,,,,,,Andrei Kirilenko,3,,,made,,3pt,9,26
Andrei Kirilenko,Carlos Boozer,Deron Williams,Mehmet Okur,Ronnie Brewer,Chris Duhon,Danilo Gallinari,David Lee,Larry Hughes,Wilson Chandler,3,10:37,NYK,shot,,,,,,,,,,David Lee,,,,missed,,jump,37,21
Andrei Kirilenko,Carlos Boozer,Deron Williams,Mehmet Okur,Ronnie Brewer,Chris Duhon,Danilo Gallinari,David Lee,Larry Hughes,Wilson Chandler,3,10:37,UTA,rebound,,,,,,,,,,Deron Williams,,,,,,def,,
Andrei Kirilenko,Carlos Boozer,Deron Williams,Mehmet Okur,Ronnie Brewer,Chris Duhon,Danilo Gallinari,David Lee,Larry Hughes,Wilson Chandler,3,10:29,UTA,turnover,,,,,,,,,,Deron Williams,,,bad pass,,Larry Hughes,,,
Andrei Kirilenko,Carlos Boozer,Deron Williams,Mehmet Okur,Ronnie Brewer,Chris Duhon,Danilo Gallinari,David Lee,Larry Hughes,Wilson Chandler,3,10:21,NYK,shot,Wilson Chandler,,,,,,,,,Chris Duhon,3,,,made,,3pt,49,8
Andrei Kirilenko,Carlos Boozer,Deron Williams,Mehmet Okur,Ronnie Brewer,Chris Duhon,Danilo Gallinari,David Lee,Larry Hughes,Wilson Chandler,3,10:01,NYK,foul,,,,,,,,Andrei Kirilenko,,Larry Hughes,,,,,,personal,,
Andrei Kirilenko,Carlos Boozer,Deron Williams,Mehmet Okur,Ronnie Brewer,Chris Duhon,Danilo Gallinari,David Lee,Larry Hughes,Wilson Chandler,3,9:47,UTA,shot,,,,,,,,,,Deron Williams,,,,missed,,3pt,25,31
Andrei Kirilenko,Carlos Boozer,Deron Williams,Mehmet Okur,Ronnie Brewer,Chris Duhon,Danilo Gallinari,David Lee,Larry Hughes,Wilson Chandler,3,9:47,NYK,rebound,,,,,,,,,,Wilson Chandler,,,,,,def,,
Andrei Kirilenko,Carlos Boozer,Deron Williams,Mehmet Okur,Ronnie Brewer,Chris Duhon,Danilo Gallinari,David Lee,Larry Hughes,Wilson Chandler,3,9:35,NYK,shot,Chris Duhon,,,,,,,,,Wilson Chandler,3,,,made,,3pt,41,25
Andrei Kirilenko,Carlos Boozer,Deron Williams,Mehmet Okur,Ronnie Brewer,Chris Duhon,Danilo Gallinari,David Lee,Larry Hughes,Wilson Chandler,3,9:13,UTA,shot,Deron Williams,,,,,,,,,Mehmet Okur,2,,,made,,jump,18,27
Andrei Kirilenko,Carlos Boozer,Deron Williams,Mehmet Okur,Ronnie Brewer,Chris Duhon,Danilo Gallinari,David Lee,Larry Hughes,Wilson Chandler,3,8:54,NYK,shot,,,,,,,,,,Wilson Chandler,2,,,made,,step back jump,13,22
Andrei Kirilenko,Carlos Boozer,Deron Williams,Mehmet Okur,Ronnie Brewer,Chris Duhon,Danilo Gallinari,David Lee,Larry Hughes,Wilson Chandler,3,8:35,UTA,shot,,,,,,,,,,Mehmet Okur,,,,missed,,3pt,9,26
Andrei Kirilenko,Carlos Boozer,Deron Williams,Mehmet Okur,Ronnie Brewer,Chris Duhon,Danilo Gallinari,David Lee,Larry Hughes,Wilson Chandler,3,8:34,NYK,rebound,,,,,,,,,,Danilo Gallinari,,,,,,def,,
Andrei Kirilenko,Carlos Boozer,Deron Williams,Mehmet Okur,Ronnie Brewer,Chris Duhon,Danilo Gallinari,David Lee,Larry Hughes,Wilson Chandler,3,8:21,NYK,shot,David Lee,,,,,,,,,Chris Duhon,3,,,made,,3pt,44,22
Andrei Kirilenko,Carlos Boozer,Deron Williams,Mehmet Okur,Ronnie Brewer,Chris Duhon,Danilo Gallinari,David Lee,Larry Hughes,Wilson Chandler,3,7:54,UTA,shot,,,,,,,,,,Ronnie Brewer,,,,missed,,jump,40,18
Andrei Kirilenko,Carlos Boozer,Deron Williams,Mehmet Okur,Ronnie Brewer,Chris Duhon,Danilo Gallinari,David Lee,Larry Hughes,Wilson Chandler,3,7:53,NYK,rebound,,,,,,,,,,David Lee,,,,,,def,,
Andrei Kirilenko,Carlos Boozer,Deron Williams,Mehmet Okur,Ronnie Brewer,Chris Duhon,Danilo Gallinari,David Lee,Larry Hughes,Wilson Chandler,3,7:46,NYK,shot,,,,,,,,,,Chris Duhon,,,,missed,,3pt,15,31
Andrei Kirilenko,Carlos Boozer,Deron Williams,Mehmet Okur,Ronnie Brewer,Chris Duhon,Danilo Gallinari,David Lee,Larry Hughes,Wilson Chandler,3,7:45,UTA,rebound,,,,,,,,,,Carlos Boozer,,,,,,def,,
Andrei Kirilenko,Carlos Boozer,Deron Williams,Mehmet Okur,Ronnie Brewer,Chris Duhon,Danilo Gallinari,David Lee,Larry Hughes,Wilson Chandler,3,7:38,UTA,shot,Deron Williams,,,,,,,,,Ronnie Brewer,2,,,made,,dunk,25,6
Andrei Kirilenko,Carlos Boozer,Deron Williams,Mehmet Okur,Ronnie Brewer,Chris Duhon,Danilo Gallinari,David Lee,Larry Hughes,Wilson Chandler,3,7:25,NYK,shot,Chris Duhon,,,,,,,,,David Lee,2,,,made,,dunk,25,6
Andrei Kirilenko,Carlos Boozer,Deron Williams,Mehmet Okur,Ronnie Brewer,Chris Duhon,Danilo Gallinari,David Lee,Larry Hughes,Wilson Chandler,3,7:03,UTA,shot,Deron Williams,,,,,,,,,Carlos Boozer,2,,,made,,hook,30,11
Andrei Kirilenko,Carlos Boozer,Deron Williams,Mehmet Okur,Ronnie Brewer,Chris Duhon,Danilo Gallinari,David Lee,Larry Hughes,Wilson Chandler,3,6:56,UTA,foul,,,,,,,,Larry Hughes,,Ronnie Brewer,,,,,,shooting,,
Andrei Kirilenko,Carlos Boozer,Deron Williams,Mehmet Okur,Ronnie Brewer,Chris Duhon,Danilo Gallinari,David Lee,Larry Hughes,Wilson Chandler,3,6:56,NYK,free throw,,,,,,,1,,2,Larry Hughes,,,foul,made,,,,
Andrei Kirilenko,Carlos Boozer,Deron Williams,Mehmet Okur,Ronnie Brewer,Chris Duhon,David Lee,Jared Jeffries,Larry Hughes,Wilson Chandler,3,6:56,NYK,sub,,,,Jared Jeffries,,Danilo Gallinari,,,,,,,,,,,,
Andrei Kirilenko,Carlos Boozer,Deron Williams,Mehmet Okur,Ronnie Brewer,Chris Duhon,David Lee,Jared Jeffries,Larry Hughes,Wilson Chandler,3,6:56,NYK,free throw,,,,,,,2,,2,Larry Hughes,,,foul,made,,,,
Andrei Kirilenko,Carlos Boozer,Deron Williams,Mehmet Okur,Ronnie Brewer,Chris Duhon,David Lee,Jared Jeffries,Larry Hughes,Wilson Chandler,3,6:36,UTA,shot,,,,,,,,,,Deron Williams,,,,missed,,3pt,25,32
Andrei Kirilenko,Carlos Boozer,Deron Williams,Mehmet Okur,Ronnie Brewer,Chris Duhon,David Lee,Jared Jeffries,Larry Hughes,Wilson Chandler,3,6:36,NYK,rebound,,,,,,,,,,David Lee,,,,,,def,,
Andrei Kirilenko,Carlos Boozer,Deron Williams,Mehmet Okur,Ronnie Brewer,Chris Duhon,David Lee,Jared Jeffries,Larry Hughes,Wilson Chandler,3,6:27,NYK,shot,,,,,,,,,,Larry Hughes,2,,,made,,driving layup,25,6
Andrei Kirilenko,Carlos Boozer,Deron Williams,Mehmet Okur,Ronnie Brewer,Chris Duhon,David Lee,Jared Jeffries,Larry Hughes,Wilson Chandler,3,6:19,UTA,timeout,,,,,,,,,,,,,,,,regular,,
Andrei Kirilenko,Carlos Boozer,Deron Williams,Mehmet Okur,Ronnie Brewer,Chris Duhon,David Lee,Jared Jeffries,Larry Hughes,Wilson Chandler,3,6:01,UTA,shot,,,,,,,,,,Carlos Boozer,,,,missed,,jump,41,16
Andrei Kirilenko,Carlos Boozer,Deron Williams,Mehmet Okur,Ronnie Brewer,Chris Duhon,David Lee,Jared Jeffries,Larry Hughes,Wilson Chandler,3,6:00,UTA,rebound,,,,,,,,,,,,,,,,,,
Andrei Kirilenko,Carlos Boozer,Deron Williams,Mehmet Okur,Ronnie Brewer,Chris Duhon,David Lee,Jared Jeffries,Larry Hughes,Wilson Chandler,3,6:00,NYK,foul,,,,,,,,Carlos Boozer,,Wilson Chandler,,,,,,loose ball,,
Andrei Kirilenko,Carlos Boozer,Deron Williams,Mehmet Okur,Ronnie Brewer,Chris Duhon,David Lee,Jared Jeffries,Larry Hughes,Wilson Chandler,3,5:47,UTA,shot,Andrei Kirilenko,,,,,,,,,Carlos Boozer,2,,,made,,dunk,25,6
Andrei Kirilenko,Carlos Boozer,Deron Williams,Mehmet Okur,Ronnie Brewer,Chris Duhon,David Lee,Jared Jeffries,Larry Hughes,Wilson Chandler,3,5:27,NYK,shot,,,,,,,,,,Larry Hughes,,,,missed,,3pt,35,29
Andrei Kirilenko,Carlos Boozer,Deron Williams,Mehmet Okur,Ronnie Brewer,Chris Duhon,David Lee,Jared Jeffries,Larry Hughes,Wilson Chandler,3,5:27,UTA,rebound,,,,,,,,,,Mehmet Okur,,,,,,def,,
Andrei Kirilenko,Carlos Boozer,Deron Williams,Mehmet Okur,Ronnie Brewer,Chris Duhon,David Lee,Jared Jeffries,Larry Hughes,Wilson Chandler,3,5:15,UTA,shot,Deron Williams,,,,,,,,,Andrei Kirilenko,3,,,made,,3pt,45,20
Andrei Kirilenko,Carlos Boozer,Deron Williams,Mehmet Okur,Ronnie Brewer,Chris Duhon,David Lee,Jared Jeffries,Larry Hughes,Wilson Chandler,3,5:01,NYK,shot,David Lee,,,,,,,,,Wilson Chandler,2,,,made,,jump,20,27
Andrei Kirilenko,Carlos Boozer,Deron Williams,Mehmet Okur,Ronnie Brewer,Chris Duhon,David Lee,Jared Jeffries,Larry Hughes,Wilson Chandler,3,4:49,UTA,turnover,,,,,,,,,,Ronnie Brewer,,,bad pass,,Larry Hughes,,,
Andrei Kirilenko,Carlos Boozer,Deron Williams,Mehmet Okur,Ronnie Brewer,Chris Duhon,David Lee,Jared Jeffries,Larry Hughes,Wilson Chandler,3,4:39,NYK,shot,Larry Hughes,,,,,,,,,Jared Jeffries,2,,,made,,jump,42,8
Andrei Kirilenko,Carlos Boozer,Deron Williams,Mehmet Okur,Ronnie Brewer,Chris Duhon,David Lee,Jared Jeffries,Larry Hughes,Wilson Chandler,3,4:21,UTA,turnover,,,,,,,,,,Deron Williams,,,lost ball,,Larry Hughes,,,
Andrei Kirilenko,Carlos Boozer,Deron Williams,Mehmet Okur,Ronnie Brewer,Chris Duhon,David Lee,Jared Jeffries,Larry Hughes,Wilson Chandler,3,4:17,NYK,shot,Chris Duhon,,,,,,,,,Wilson Chandler,2,,,made,,layup,25,6
Andrei Kirilenko,Carlos Boozer,Deron Williams,Mehmet Okur,Ronnie Brewer,Chris Duhon,David Lee,Jared Jeffries,Larry Hughes,Wilson Chandler,3,3:59,UTA,shot,Deron Williams,,,,,,,,,Andrei Kirilenko,3,,,made,,3pt,44,20
Andrei Kirilenko,Carlos Boozer,Deron Williams,Mehmet Okur,Ronnie Brewer,Chris Duhon,David Lee,Jared Jeffries,Larry Hughes,Wilson Chandler,3,3:49,NYK,shot,,,,,,,,,,Chris Duhon,,,,missed,,jump,23,11
Andrei Kirilenko,Carlos Boozer,Deron Williams,Mehmet Okur,Ronnie Brewer,Chris Duhon,David Lee,Jared Jeffries,Larry Hughes,Wilson Chandler,3,3:47,NYK,rebound,,,,,,,,,,Jared Jeffries,,,,,,off,,
Andrei Kirilenko,Carlos Boozer,Deron Williams,Mehmet Okur,Ronnie Brewer,Chris Duhon,David Lee,Jared Jeffries,Larry Hughes,Wilson Chandler,3,3:47,UTA,foul,,,,,,,,Jared Jeffries,,Carlos Boozer,,,,,,shooting,,
Andrei Kirilenko,Deron Williams,Mehmet Okur,Paul Millsap,Ronnie Brewer,Chris Duhon,David Lee,Jared Jeffries,Larry Hughes,Wilson Chandler,3,3:47,UTA,sub,,,,Paul Millsap,,Carlos Boozer,,,,,,,,,,,,
Andrei Kirilenko,Deron Williams,Mehmet Okur,Paul Millsap,Ronnie Brewer,Al Harrington,Chris Duhon,David Lee,Jared Jeffries,Larry Hughes,3,3:47,NYK,sub,,,,Al Harrington,,Wilson Chandler,,,,,,,,,,,,
Andrei Kirilenko,Deron Williams,Mehmet Okur,Paul Millsap,Ronnie Brewer,Al Harrington,Chris Duhon,David Lee,Jared Jeffries,Toney Douglas,3,3:47,NYK,sub,,,,Toney Douglas,,Larry Hughes,,,,,,,,,,,,
Andrei Kirilenko,Deron Williams,Mehmet Okur,Paul Millsap,Ronnie Brewer,Al Harrington,Chris Duhon,David Lee,Jared Jeffries,Toney Douglas,3,3:47,NYK,free throw,,,,,,,1,,2,Jared Jeffries,,,foul,missed,,,,
Andrei Kirilenko,Deron Williams,Mehmet Okur,Paul Millsap,Ronnie Brewer,Al Harrington,Chris Duhon,David Lee,Jared Jeffries,Toney Douglas,3,3:47,NYK,rebound,,,,,,,,,,,,,,,,,,
Andrei Kirilenko,Deron Williams,Mehmet Okur,Paul Millsap,Wes Matthews,Al Harrington,Chris Duhon,David Lee,Jared Jeffries,Toney Douglas,3,3:47,UTA,sub,,,,Wes Matthews,,Ronnie Brewer,,,,,,,,,,,,
Andrei Kirilenko,Deron Williams,Mehmet Okur,Paul Millsap,Wes Matthews,Al Harrington,Chris Duhon,David Lee,Jared Jeffries,Toney Douglas,3,3:47,NYK,free throw,,,,,,,2,,2,Jared Jeffries,,,foul,made,,,,
Andrei Kirilenko,Deron Williams,Mehmet Okur,Paul Millsap,Wes Matthews,Al Harrington,Chris Duhon,David Lee,Jared Jeffries,Toney Douglas,3,3:26,UTA,shot,,,,,,,,,,Wes Matthews,,,,missed,,3pt,48,7
Andrei Kirilenko,Deron Williams,Mehmet Okur,Paul Millsap,Wes Matthews,Al Harrington,Chris Duhon,David Lee,Jared Jeffries,Toney Douglas,3,3:25,NYK,rebound,,,,,,,,,,Chris Duhon,,,,,,def,,
Andrei Kirilenko,Deron Williams,Mehmet Okur,Paul Millsap,Wes Matthews,Al Harrington,Chris Duhon,David Lee,Jared Jeffries,Toney Douglas,3,3:19,NYK,shot,Chris Duhon,,,,,,,,,Toney Douglas,3,,,made,,3pt,49,10
Andrei Kirilenko,Deron Williams,Mehmet Okur,Paul Millsap,Wes Matthews,Al Harrington,Chris Duhon,David Lee,Jared Jeffries,Toney Douglas,3,3:05,UTA,shot,,,,,,,,,,Mehmet Okur,,,,missed,,layup,25,6
Andrei Kirilenko,Deron Williams,Mehmet Okur,Paul Millsap,Wes Matthews,Al Harrington,Chris Duhon,David Lee,Jared Jeffries,Toney Douglas,3,3:04,UTA,rebound,,,,,,,,,,Andrei Kirilenko,,,,,,off,,
Andrei Kirilenko,Deron Williams,Mehmet Okur,Paul Millsap,Wes Matthews,Al Harrington,Chris Duhon,David Lee,Jared Jeffries,Toney Douglas,3,3:04,UTA,shot,,,,,,,,,,Andrei Kirilenko,,,,missed,,tip,25,6
Andrei Kirilenko,Deron Williams,Mehmet Okur,Paul Millsap,Wes Matthews,Al Harrington,Chris Duhon,David Lee,Jared Jeffries,Toney Douglas,3,3:02,UTA,rebound,,,,,,,,,,Andrei Kirilenko,,,,,,off,,
Andrei Kirilenko,Deron Williams,Mehmet Okur,Paul Millsap,Wes Matthews,Al Harrington,Chris Duhon,David Lee,Jared Jeffries,Toney Douglas,3,3:02,UTA,shot,,,,,,,,,,Andrei Kirilenko,2,,,made,,tip,25,6
Andrei Kirilenko,Deron Williams,Mehmet Okur,Paul Millsap,Wes Matthews,Al Harrington,Chris Duhon,David Lee,Jared Jeffries,Toney Douglas,3,2:57,UTA,foul,,,,,,,,Chris Duhon,,Andrei Kirilenko,,,,,,personal,,
Andrei Kirilenko,Deron Williams,Mehmet Okur,Paul Millsap,Wes Matthews,Al Harrington,Chris Duhon,David Lee,Jared Jeffries,Toney Douglas,3,2:57,NYK,timeout,,,,,,,,,,,,,,,,regular,,
Andrei Kirilenko,Deron Williams,Mehmet Okur,Paul Millsap,Wes Matthews,Al Harrington,Chris Duhon,David Lee,Jared Jeffries,Toney Douglas,3,2:48,NYK,shot,,,Andrei Kirilenko,,,,,,,Al Harrington,,,,missed,,jump,27,9
Andrei Kirilenko,Deron Williams,Mehmet Okur,Paul Millsap,Wes Matthews,Al Harrington,Chris Duhon,David Lee,Jared Jeffries,Toney Douglas,3,2:46,UTA,rebound,,,,,,,,,,Wes Matthews,,,,,,def,,
Andrei Kirilenko,Deron Williams,Mehmet Okur,Paul Millsap,Wes Matthews,Al Harrington,Chris Duhon,David Lee,Jared Jeffries,Toney Douglas,3,2:27,UTA,shot,Deron Williams,,,,,,,,,Andrei Kirilenko,3,,,made,,3pt,4,20
Andrei Kirilenko,Deron Williams,Mehmet Okur,Paul Millsap,Wes Matthews,Al Harrington,Chris Duhon,David Lee,Jared Jeffries,Toney Douglas,3,2:16,NYK,shot,,,,,,,,,,Toney Douglas,,,,missed,,3pt,6,24
Andrei Kirilenko,Deron Williams,Mehmet Okur,Paul Millsap,Wes Matthews,Al Harrington,Chris Duhon,David Lee,Jared Jeffries,Toney Douglas,3,2:16,UTA,rebound,,,,,,,,,,Mehmet Okur,,,,,,def,,
Andrei Kirilenko,Deron Williams,Mehmet Okur,Paul Millsap,Wes Matthews,Al Harrington,Chris Duhon,David Lee,Jared Jeffries,Toney Douglas,3,1:59,UTA,shot,Deron Williams,,,,,,,,,Mehmet Okur,3,,,made,,3pt,48,7
Andrei Kirilenko,Deron Williams,Mehmet Okur,Paul Millsap,Wes Matthews,Al Harrington,Chris Duhon,David Lee,Jared Jeffries,Toney Douglas,3,1:44,NYK,shot,,,,,,,,,,David Lee,2,,,made,,driving layup,25,6
Andrei Kirilenko,Deron Williams,Mehmet Okur,Paul Millsap,Wes Matthews,Al Harrington,Chris Duhon,David Lee,Jared Jeffries,Toney Douglas,3,1:44,UTA,foul,,,,,,,,David Lee,,Mehmet Okur,,,,,,shooting,,
Deron Williams,Mehmet Okur,Paul Millsap,Ronnie Brewer,Wes Matthews,Al Harrington,Chris Duhon,David Lee,Jared Jeffries,Toney Douglas,3,1:44,UTA,sub,,,,Ronnie Brewer,,Andrei Kirilenko,,,,,,,,,,,,
Deron Williams,Mehmet Okur,Paul Millsap,Ronnie Brewer,Wes Matthews,Al Harrington,David Lee,Jared Jeffries,Larry Hughes,Toney Douglas,3,1:44,NYK,sub,,,,Larry Hughes,,Chris Duhon,,,,,,,,,,,,
Deron Williams,Mehmet Okur,Paul Millsap,Ronnie Brewer,Wes Matthews,Al Harrington,David Lee,Jared Jeffries,Larry Hughes,Toney Douglas,3,1:44,NYK,free throw,,,,,,,1,,1,David Lee,,,foul,made,,,,
Deron Williams,Mehmet Okur,Paul Millsap,Ronnie Brewer,Wes Matthews,Al Harrington,David Lee,Jared Jeffries,Larry Hughes,Toney Douglas,3,1:27,NYK,foul,,,,,,,,Mehmet Okur,,David Lee,,,,,,shooting,,
Deron Williams,Mehmet Okur,Paul Millsap,Ronnie Brewer,Wes Matthews,Al Harrington,Jared Jeffries,Larry Hughes,Toney Douglas,Wilson Chandler,3,1:27,NYK,sub,,,,Wilson Chandler,,David Lee,,,,,,,,,,,,
Deron Williams,Mehmet Okur,Paul Millsap,Ronnie Brewer,Wes Matthews,Al Harrington,Jared Jeffries,Larry Hughes,Toney Douglas,Wilson Chandler,3,1:27,UTA,free throw,,,,,,,1,,2,Mehmet Okur,,,foul,made,,,,
Eric Maynor,Mehmet Okur,Paul Millsap,Ronnie Brewer,Wes Matthews,Al Harrington,Jared Jeffries,Larry Hughes,Toney Douglas,Wilson Chandler,3,1:27,UTA,sub,,,,Eric Maynor,,Deron Williams,,,,,,,,,,,,
Eric Maynor,Mehmet Okur,Paul Millsap,Ronnie Brewer,Wes Matthews,Al Harrington,Jared Jeffries,Larry Hughes,Toney Douglas,Wilson Chandler,3,1:27,UTA,free throw,,,,,,,2,,2,Mehmet Okur,,,foul,made,,,,
Eric Maynor,Mehmet Okur,Paul Millsap,Ronnie Brewer,Wes Matthews,Al Harrington,Jared Jeffries,Larry Hughes,Toney Douglas,Wilson Chandler,3,1:08,NYK,shot,,,,,,,,,,Wilson Chandler,,,,missed,,3pt,37,29
Eric Maynor,Mehmet Okur,Paul Millsap,Ronnie Brewer,Wes Matthews,Al Harrington,Jared Jeffries,Larry Hughes,Toney Douglas,Wilson Chandler,3,1:07,NYK,rebound,,,,,,,,,,Jared Jeffries,,,,,,off,,
Eric Maynor,Mehmet Okur,Paul Millsap,Ronnie Brewer,Wes Matthews,Al Harrington,Jared Jeffries,Larry Hughes,Toney Douglas,Wilson Chandler,3,0:56,NYK,shot,Jared Jeffries,,,,,,,,,Toney Douglas,3,,,made,,3pt,4,19
Eric Maynor,Mehmet Okur,Paul Millsap,Ronnie Brewer,Wes Matthews,Al Harrington,Jared Jeffries,Larry Hughes,Toney Douglas,Wilson Chandler,3,0:32,UTA,shot,,,,,,,,,,Ronnie Brewer,,,,missed,,3pt,4,21
Eric Maynor,Mehmet Okur,Paul Millsap,Ronnie Brewer,Wes Matthews,Al Harrington,Jared Jeffries,Larry Hughes,Toney Douglas,Wilson Chandler,3,0:32,NYK,rebound,,,,,,,,,,Al Harrington,,,,,,def,,
Eric Maynor,Mehmet Okur,Paul Millsap,Ronnie Brewer,Wes Matthews,Al Harrington,Jared Jeffries,Larry Hughes,Toney Douglas,Wilson Chandler,3,0:22,NYK,shot,,,,,,,,,,Al Harrington,,,,missed,,3pt,8,24
Eric Maynor,Mehmet Okur,Paul Millsap,Ronnie Brewer,Wes Matthews,Al Harrington,Jared Jeffries,Larry Hughes,Toney Douglas,Wilson Chandler,3,0:21,UTA,rebound,,,,,,,,,,Mehmet Okur,,,,,,def,,
Eric Maynor,Mehmet Okur,Paul Millsap,Ronnie Brewer,Wes Matthews,Al Harrington,Jared Jeffries,Larry Hughes,Toney Douglas,Wilson Chandler,3,0:03,NYK,foul,,,,,,,,Eric Maynor,,Wilson Chandler,,,,,,personal,,
Eric Maynor,Mehmet Okur,Paul Millsap,Ronnie Brewer,Wes Matthews,Al Harrington,Jared Jeffries,Larry Hughes,Toney Douglas,Wilson Chandler,3,0:03,UTA,free throw,,,,,,,1,,2,Eric Maynor,,,foul,made,,,,
Eric Maynor,Mehmet Okur,Paul Millsap,Ronnie Brewer,Wes Matthews,Al Harrington,Jared Jeffries,Larry Hughes,Toney Douglas,Wilson Chandler,3,0:03,UTA,free throw,,,,,,,2,,2,Eric Maynor,,,foul,made,,,,
Carlos Boozer,Deron Williams,Paul Millsap,Ronnie Brewer,Wes Matthews,Al Harrington,Jared Jeffries,Larry Hughes,Toney Douglas,Wilson Chandler,4,11:35,UTA,shot,,,,,,,,,,Deron Williams,,,,missed,,jump,18,26
Carlos Boozer,Deron Williams,Paul Millsap,Ronnie Brewer,Wes Matthews,Al Harrington,Jared Jeffries,Larry Hughes,Toney Douglas,Wilson Chandler,4,11:34,UTA,rebound,,,,,,,,,,Paul Millsap,,,,,,off,,
Carlos Boozer,Deron Williams,Paul Millsap,Ronnie Brewer,Wes Matthews,Al Harrington,Jared Jeffries,Larry Hughes,Toney Douglas,Wilson Chandler,4,11:34,UTA,shot,,,,,,,,,,Paul Millsap,,,,missed,,tip,25,6
Carlos Boozer,Deron Williams,Paul Millsap,Ronnie Brewer,Wes Matthews,Al Harrington,Jared Jeffries,Larry Hughes,Toney Douglas,Wilson Chandler,4,11:33,UTA,rebound,,,,,,,,,,Ronnie Brewer,,,,,,off,,
Carlos Boozer,Deron Williams,Paul Millsap,Ronnie Brewer,Wes Matthews,Al Harrington,Jared Jeffries,Larry Hughes,Toney Douglas,Wilson Chandler,4,11:32,NYK,foul,,,,,,,,Ronnie Brewer,,Al Harrington,,,,,,shooting,,
Carlos Boozer,Deron Williams,Paul Millsap,Ronnie Brewer,Wes Matthews,Al Harrington,Jared Jeffries,Larry Hughes,Toney Douglas,Wilson Chandler,4,11:32,UTA,free throw,,,,,,,1,,2,Ronnie Brewer,,,foul,missed,,,,
Carlos Boozer,Deron Williams,Paul Millsap,Ronnie Brewer,Wes Matthews,Al Harrington,Jared Jeffries,Larry Hughes,Toney Douglas,Wilson Chandler,4,11:32,UTA,rebound,,,,,,,,,,,,,,,,,,
Carlos Boozer,Deron Williams,Paul Millsap,Ronnie Brewer,Wes Matthews,Al Harrington,Jared Jeffries,Larry Hughes,Toney Douglas,Wilson Chandler,4,11:32,UTA,free throw,,,,,,,2,,2,Ronnie Brewer,,,foul,missed,,,,
Carlos Boozer,Deron Williams,Paul Millsap,Ronnie Brewer,Wes Matthews,Al Harrington,Jared Jeffries,Larry Hughes,Toney Douglas,Wilson Chandler,4,11:31,NYK,rebound,,,,,,,,,,Jared Jeffries,,,,,,def,,
Carlos Boozer,Deron Williams,Paul Millsap,Ronnie Brewer,Wes Matthews,Al Harrington,Jared Jeffries,Larry Hughes,Toney Douglas,Wilson Chandler,4,11:17,NYK,shot,,,,,,,,,,Toney Douglas,2,,,made,,jump,41,10
Carlos Boozer,Deron Williams,Paul Millsap,Ronnie Brewer,Wes Matthews,Al Harrington,Jared Jeffries,Larry Hughes,Toney Douglas,Wilson Chandler,4,11:10,NYK,foul,,,,,,,,Deron Williams,,Larry Hughes,,,,,,personal,,
Carlos Boozer,Deron Williams,Paul Millsap,Ronnie Brewer,Wes Matthews,Al Harrington,Jared Jeffries,Larry Hughes,Toney Douglas,Wilson Chandler,4,10:49,UTA,shot,,,,,,,,,,Deron Williams,,,,missed,,3pt,21,33
Carlos Boozer,Deron Williams,Paul Millsap,Ronnie Brewer,Wes Matthews,Al Harrington,Jared Jeffries,Larry Hughes,Toney Douglas,Wilson Chandler,4,10:48,NYK,rebound,,,,,,,,,,Wilson Chandler,,,,,,def,,
Carlos Boozer,Deron Williams,Paul Millsap,Ronnie Brewer,Wes Matthews,Al Harrington,Jared Jeffries,Larry Hughes,Toney Douglas,Wilson Chandler,4,10:44,NYK,shot,Wilson Chandler,,,,,,,,,Larry Hughes,2,,,made,,layup,25,6
Carlos Boozer,Deron Williams,Paul Millsap,Ronnie Brewer,Wes Matthews,Al Harrington,Jared Jeffries,Larry Hughes,Toney Douglas,Wilson Chandler,4,10:23,NYK,foul,,,,,,,,Wes Matthews,,Wilson Chandler,,,,,,shooting,,
Carlos Boozer,Deron Williams,Paul Millsap,Ronnie Brewer,Wes Matthews,Al Harrington,Jared Jeffries,Larry Hughes,Toney Douglas,Wilson Chandler,4,10:23,UTA,free throw,,,,,,,1,,2,Wes Matthews,,,foul,made,,,,
Carlos Boozer,Deron Williams,Paul Millsap,Ronnie Brewer,Wes Matthews,Al Harrington,Jared Jeffries,Larry Hughes,Toney Douglas,Wilson Chandler,4,10:23,UTA,free throw,,,,,,,2,,2,Wes Matthews,,,foul,made,,,,
Carlos Boozer,Deron Williams,Paul Millsap,Ronnie Brewer,Wes Matthews,Al Harrington,Jared Jeffries,Larry Hughes,Toney Douglas,Wilson Chandler,4,10:14,NYK,shot,,,,,,,,,,Larry Hughes,,,,missed,,jump,36,25
Carlos Boozer,Deron Williams,Paul Millsap,Ronnie Brewer,Wes Matthews,Al Harrington,Jared Jeffries,Larry Hughes,Toney Douglas,Wilson Chandler,4,10:14,UTA,rebound,,,,,,,,,,Deron Williams,,,,,,def,,
Carlos Boozer,Deron Williams,Paul Millsap,Ronnie Brewer,Wes Matthews,Al Harrington,Jared Jeffries,Larry Hughes,Toney Douglas,Wilson Chandler,4,10:01,UTA,foul,,,,,,,,Al Harrington,,Paul Millsap,,,,,,offensive,,
Carlos Boozer,Deron Williams,Paul Millsap,Ronnie Brewer,Wes Matthews,Al Harrington,Jared Jeffries,Larry Hughes,Toney Douglas,Wilson Chandler,4,10:01,UTA,turnover,,,,,,,,,,Paul Millsap,,,foul,,,,,
Andrei Kirilenko,Carlos Boozer,Deron Williams,Paul Millsap,Ronnie Brewer,Al Harrington,Jared Jeffries,Larry Hughes,Toney Douglas,Wilson Chandler,4,10:01,UTA,sub,,,,Andrei Kirilenko,,Wes Matthews,,,,,,,,,,,,
Andrei Kirilenko,Carlos Boozer,Deron Williams,Paul Millsap,Ronnie Brewer,Al Harrington,Danilo Gallinari,Jared Jeffries,Larry Hughes,Toney Douglas,4,10:01,NYK,sub,,,,Danilo Gallinari,,Wilson Chandler,,,,,,,,,,,,
Andrei Kirilenko,Carlos Boozer,Deron Williams,Paul Millsap,Ronnie Brewer,Al Harrington,Danilo Gallinari,Jared Jeffries,Larry Hughes,Toney Douglas,4,9:45,NYK,shot,,,,,,,,,,Toney Douglas,3,,,made,,3pt,21,31
Andrei Kirilenko,Carlos Boozer,Deron Williams,Paul Millsap,Ronnie Brewer,Al Harrington,Danilo Gallinari,Jared Jeffries,Larry Hughes,Toney Douglas,4,9:30,UTA,turnover,,,,,,,,,,Carlos Boozer,,,out of bounds lost ball turnover,,,,,
Andrei Kirilenko,Carlos Boozer,Deron Williams,Paul Millsap,Ronnie Brewer,Al Harrington,Danilo Gallinari,Jared Jeffries,Larry Hughes,Toney Douglas,4,9:17,NYK,shot,,,,,,,,,,Danilo Gallinari,,,,missed,,3pt,8,25
Andrei Kirilenko,Carlos Boozer,Deron Williams,Paul Millsap,Ronnie Brewer,Al Harrington,Danilo Gallinari,Jared Jeffries,Larry Hughes,Toney Douglas,4,9:15,UTA,rebound,,,,,,,,,,Paul Millsap,,,,,,def,,
Andrei Kirilenko,Carlos Boozer,Deron Williams,Paul Millsap,Ronnie Brewer,Al Harrington,Danilo Gallinari,Jared Jeffries,Larry Hughes,Toney Douglas,4,9:08,NYK,foul,,,,,,,,Ronnie Brewer,,Toney Douglas,,,,,,personal,,
Andrei Kirilenko,Carlos Boozer,Deron Williams,Paul Millsap,Ronnie Brewer,Al Harrington,Danilo Gallinari,Jared Jeffries,Larry Hughes,Toney Douglas,4,9:03,UTA,shot,,,,,,,,,,Deron Williams,2,,,made,,running jump,23,12
Andrei Kirilenko,Carlos Boozer,Deron Williams,Paul Millsap,Ronnie Brewer,Al Harrington,Danilo Gallinari,Jared Jeffries,Larry Hughes,Toney Douglas,4,8:53,UTA,foul,,,,,,,,Larry Hughes,,Paul Millsap,,,,,,shooting,,
Andrei Kirilenko,Carlos Boozer,Deron Williams,Paul Millsap,Ronnie Brewer,Al Harrington,Danilo Gallinari,Jared Jeffries,Larry Hughes,Toney Douglas,4,8:53,NYK,timeout,,,,,,,,,,,,,,,,official,,
Andrei Kirilenko,Carlos Boozer,Deron Williams,Paul Millsap,Ronnie Brewer,Al Harrington,Danilo Gallinari,Jared Jeffries,Larry Hughes,Toney Douglas,4,8:53,NYK,free throw,,,,,,,1,,2,Larry Hughes,,,foul,made,,,,
Andrei Kirilenko,Carlos Boozer,Deron Williams,Paul Millsap,Ronnie Brewer,Al Harrington,Danilo Gallinari,Jared Jeffries,Larry Hughes,Toney Douglas,4,8:53,NYK,free throw,,,,,,,2,,2,Larry Hughes,,,foul,made,,,,
Andrei Kirilenko,Carlos Boozer,Deron Williams,Paul Millsap,Ronnie Brewer,Al Harrington,Danilo Gallinari,Jared Jeffries,Larry Hughes,Toney Douglas,4,8:30,UTA,shot,,,Al Harrington,,,,,,,Paul Millsap,,,,missed,,jump,45,9
Andrei Kirilenko,Carlos Boozer,Deron Williams,Paul Millsap,Ronnie Brewer,Al Harrington,Danilo Gallinari,Jared Jeffries,Larry Hughes,Toney Douglas,4,8:29,UTA,rebound,,,,,,,,,,,,,,,,,,
Andrei Kirilenko,Carlos Boozer,Deron Williams,Paul Millsap,Ronnie Brewer,Al Harrington,Danilo Gallinari,Jared Jeffries,Larry Hughes,Toney Douglas,4,8:29,UTA,turnover,,,,,,,,,,,,,shot clock turnover,,,,,
Andrei Kirilenko,Carlos Boozer,Deron Williams,Paul Millsap,Ronnie Brewer,Al Harrington,Danilo Gallinari,Jared Jeffries,Larry Hughes,Toney Douglas,4,8:12,NYK,turnover,,,,,,,,,,Jared Jeffries,,,out of bounds lost ball turnover,,,,,
Andrei Kirilenko,Carlos Boozer,Deron Williams,Paul Millsap,Ronnie Brewer,Al Harrington,Danilo Gallinari,Jared Jeffries,Larry Hughes,Toney Douglas,4,7:55,UTA,shot,Deron Williams,,,,,,,,,Ronnie Brewer,2,,,made,,jump,10,17
Andrei Kirilenko,Carlos Boozer,Deron Williams,Paul Millsap,Ronnie Brewer,Al Harrington,Danilo Gallinari,Jared Jeffries,Larry Hughes,Toney Douglas,4,7:44,NYK,shot,Larry Hughes,,,,,,,,,Al Harrington,3,,,made,,3pt,48,11
Andrei Kirilenko,Carlos Boozer,Deron Williams,Paul Millsap,Ronnie Brewer,Al Harrington,Danilo Gallinari,Jared Jeffries,Larry Hughes,Toney Douglas,4,7:33,UTA,shot,,,,,,,,,,Deron Williams,,,,missed,,layup,25,6
Andrei Kirilenko,Carlos Boozer,Deron Williams,Paul Millsap,Ronnie Brewer,Al Harrington,Danilo Gallinari,Jared Jeffries,Larry Hughes,Toney Douglas,4,7:32,NYK,rebound,,,,,,,,,,Danilo Gallinari,,,,,,def,,
Andrei Kirilenko,Carlos Boozer,Deron Williams,Paul Millsap,Ronnie Brewer,Al Harrington,Danilo Gallinari,Jared Jeffries,Larry Hughes,Toney Douglas,4,7:22,NYK,shot,Larry Hughes,,,,,,,,,Danilo Gallinari,3,,,made,,3pt,24,32
Andrei Kirilenko,Carlos Boozer,Deron Williams,Paul Millsap,Ronnie Brewer,Al Harrington,Danilo Gallinari,Jared Jeffries,Larry Hughes,Toney Douglas,4,7:09,UTA,shot,,,,,,,,,,Paul Millsap,,,,missed,,jump,23,10
Andrei Kirilenko,Carlos Boozer,Deron Williams,Paul Millsap,Ronnie Brewer,Al Harrington,Danilo Gallinari,Jared Jeffries,Larry Hughes,Toney Douglas,4,7:08,NYK,rebound,,,,,,,,,,Jared Jeffries,,,,,,def,,
Andrei Kirilenko,Carlos Boozer,Deron Williams,Paul Millsap,Ronnie Brewer,Al Harrington,Danilo Gallinari,Jared Jeffries,Larry Hughes,Toney Douglas,4,6:57,UTA,foul,,,,,,,,Danilo Gallinari,,Paul Millsap,,,,,,shooting,,
Andrei Kirilenko,Carlos Boozer,Deron Williams,Paul Millsap,Ronnie Brewer,Al Harrington,Danilo Gallinari,David Lee,Larry Hughes,Toney Douglas,4,6:57,NYK,sub,,,,David Lee,,Jared Jeffries,,,,,,,,,,,,
Andrei Kirilenko,Carlos Boozer,Deron Williams,Mehmet Okur,Ronnie Brewer,Al Harrington,Danilo Gallinari,David Lee,Larry Hughes,Toney Douglas,4,6:57,UTA,sub,,,,Mehmet Okur,,Paul Millsap,,,,,,,,,,,,
Andrei Kirilenko,Carlos Boozer,Deron Williams,Mehmet Okur,Ronnie Brewer,Al Harrington,Danilo Gallinari,David Lee,Larry Hughes,Toney Douglas,4,6:57,NYK,free throw,,,,,,,1,,2,Danilo Gallinari,,,foul,made,,,,
Andrei Kirilenko,Carlos Boozer,Deron Williams,Mehmet Okur,Ronnie Brewer,Al Harrington,Danilo Gallinari,David Lee,Larry Hughes,Toney Douglas,4,6:57,NYK,free throw,,,,,,,2,,2,Danilo Gallinari,,,foul,made,,,,
Andrei Kirilenko,Carlos Boozer,Deron Williams,Mehmet Okur,Ronnie Brewer,Al Harrington,Danilo Gallinari,David Lee,Larry Hughes,Toney Douglas,4,6:37,UTA,shot,,,Larry Hughes,,,,,,,Mehmet Okur,,,,missed,,jump,23,16
Andrei Kirilenko,Carlos Boozer,Deron Williams,Mehmet Okur,Ronnie Brewer,Al Harrington,Danilo Gallinari,David Lee,Larry Hughes,Toney Douglas,4,6:34,UTA,rebound,,,,,,,,,,Ronnie Brewer,,,,,,off,,
Andrei Kirilenko,Carlos Boozer,Deron Williams,Mehmet Okur,Ronnie Brewer,Al Harrington,Danilo Gallinari,David Lee,Larry Hughes,Toney Douglas,4,6:32,UTA,shot,,,,,,,,,,Andrei Kirilenko,,,,missed,,3pt,1,7
Andrei Kirilenko,Carlos Boozer,Deron Williams,Mehmet Okur,Ronnie Brewer,Al Harrington,Danilo Gallinari,David Lee,Larry Hughes,Toney Douglas,4,6:30,UTA,rebound,,,,,,,,,,Deron Williams,,,,,,off,,
Andrei Kirilenko,Carlos Boozer,Deron Williams,Mehmet Okur,Ronnie Brewer,Al Harrington,Danilo Gallinari,David Lee,Larry Hughes,Toney Douglas,4,6:24,UTA,turnover,,,,,,,,,,Deron Williams,,,bad pass,,Toney Douglas,,,
Andrei Kirilenko,Carlos Boozer,Deron Williams,Mehmet Okur,Ronnie Brewer,Al Harrington,Danilo Gallinari,David Lee,Larry Hughes,Toney Douglas,4,6:20,NYK,shot,Toney Douglas,,,,,,,,,Al Harrington,2,,,made,,driving dunk,25,6
Andrei Kirilenko,Carlos Boozer,Deron Williams,Mehmet Okur,Ronnie Brewer,Al Harrington,Danilo Gallinari,David Lee,Larry Hughes,Toney Douglas,4,6:12,UTA,timeout,,,,,,,,,,,,,,,,regular,,
Andrei Kirilenko,Carlos Boozer,Deron Williams,Mehmet Okur,Ronnie Brewer,Al Harrington,Danilo Gallinari,David Lee,Larry Hughes,Toney Douglas,4,6:01,UTA,shot,Deron Williams,,,,,,,,,Mehmet Okur,2,,,made,,jump,20,12
Andrei Kirilenko,Carlos Boozer,Deron Williams,Mehmet Okur,Ronnie Brewer,Al Harrington,Danilo Gallinari,David Lee,Larry Hughes,Toney Douglas,4,5:39,UTA,foul,,,,,,,,Al Harrington,,Carlos Boozer,,,,,,shooting,,
Andrei Kirilenko,Carlos Boozer,Deron Williams,Mehmet Okur,Ronnie Brewer,Al Harrington,Danilo Gallinari,David Lee,Larry Hughes,Toney Douglas,4,5:39,NYK,free throw,,,,,,,1,,2,Al Harrington,,,foul,made,,,,
Andrei Kirilenko,Carlos Boozer,Deron Williams,Mehmet Okur,Ronnie Brewer,Al Harrington,Danilo Gallinari,David Lee,Larry Hughes,Toney Douglas,4,5:39,NYK,free throw,,,,,,,2,,2,Al Harrington,,,foul,made,,,,
Andrei Kirilenko,Carlos Boozer,Deron Williams,Mehmet Okur,Ronnie Brewer,Al Harrington,Danilo Gallinari,David Lee,Larry Hughes,Toney Douglas,4,5:21,UTA,shot,Andrei Kirilenko,,,,,,,,,Carlos Boozer,2,,,made,,hook,25,10
Andrei Kirilenko,Carlos Boozer,Deron Williams,Mehmet Okur,Ronnie Brewer,Al Harrington,Danilo Gallinari,David Lee,Larry Hughes,Toney Douglas,4,5:13,NYK,shot,,,,,,,,,,Al Harrington,,,,missed,,3pt,43,23
Andrei Kirilenko,Carlos Boozer,Deron Williams,Mehmet Okur,Ronnie Brewer,Al Harrington,Danilo Gallinari,David Lee,Larry Hughes,Toney Douglas,4,5:12,UTA,rebound,,,,,,,,,,Andrei Kirilenko,,,,,,def,,
Andrei Kirilenko,Carlos Boozer,Deron Williams,Mehmet Okur,Ronnie Brewer,Al Harrington,Danilo Gallinari,David Lee,Larry Hughes,Toney Douglas,4,5:05,NYK,foul,,,,,,,,Carlos Boozer,,Danilo Gallinari,,,,,,shooting,,
Andrei Kirilenko,Carlos Boozer,Deron Williams,Mehmet Okur,Ronnie Brewer,Al Harrington,Danilo Gallinari,David Lee,Larry Hughes,Toney Douglas,4,5:05,UTA,free throw,,,,,,,1,,2,Carlos Boozer,,,foul,made,,,,
Andrei Kirilenko,Carlos Boozer,Deron Williams,Mehmet Okur,Ronnie Brewer,Al Harrington,Danilo Gallinari,Larry Hughes,Toney Douglas,Wilson Chandler,4,5:05,NYK,sub,,,,Wilson Chandler,,David Lee,,,,,,,,,,,,
Andrei Kirilenko,Carlos Boozer,Deron Williams,Mehmet Okur,Ronnie Brewer,Al Harrington,Jared Jeffries,Larry Hughes,Toney Douglas,Wilson Chandler,4,5:05,NYK,sub,,,,Jared Jeffries,,Danilo Gallinari,,,,,,,,,,,,
Andrei Kirilenko,Carlos Boozer,Deron Williams,Mehmet Okur,Ronnie Brewer,Al Harrington,Jared Jeffries,Larry Hughes,Toney Douglas,Wilson Chandler,4,5:05,UTA,free throw,,,,,,,2,,2,Carlos Boozer,,,foul,made,,,,
Andrei Kirilenko,Carlos Boozer,Deron Williams,Mehmet Okur,Ronnie Brewer,Al Harrington,Jared Jeffries,Larry Hughes,Toney Douglas,Wilson Chandler,4,4:47,NYK,turnover,,,,,,,,,,Al Harrington,,,bad pass,,Ronnie Brewer,,,
Andrei Kirilenko,Carlos Boozer,Deron Williams,Mehmet Okur,Ronnie Brewer,Al Harrington,Jared Jeffries,Larry Hughes,Toney Douglas,Wilson Chandler,4,4:28,UTA,turnover,,,,,,,,,,Carlos Boozer,,,bad pass,,Al Harrington,,,
Andrei Kirilenko,Carlos Boozer,Deron Williams,Mehmet Okur,Ronnie Brewer,Al Harrington,Jared Jeffries,Larry Hughes,Toney Douglas,Wilson Chandler,4,4:16,NYK,shot,,,,,,,,,,Toney Douglas,,,,missed,,3pt,49,7
Andrei Kirilenko,Carlos Boozer,Deron Williams,Mehmet Okur,Ronnie Brewer,Al Harrington,Jared Jeffries,Larry Hughes,Toney Douglas,Wilson Chandler,4,4:15,NYK,rebound,,,,,,,,,,Al Harrington,,,,,,off,,
Andrei Kirilenko,Carlos Boozer,Deron Williams,Mehmet Okur,Ronnie Brewer,Al Harrington,Jared Jeffries,Larry Hughes,Toney Douglas,Wilson Chandler,4,4:11,UTA,foul,,,,,,,,Al Harrington,,Carlos Boozer,,,,,,personal,,
Andrei Kirilenko,Carlos Boozer,Deron Williams,Mehmet Okur,Ronnie Brewer,Al Harrington,Jared Jeffries,Larry Hughes,Toney Douglas,Wilson Chandler,4,4:03,NYK,shot,,,,,,,,,,Larry Hughes,,,,missed,,jump,18,8
Andrei Kirilenko,Carlos Boozer,Deron Williams,Mehmet Okur,Ronnie Brewer,Al Harrington,Jared Jeffries,Larry Hughes,Toney Douglas,Wilson Chandler,4,4:00,UTA,rebound,,,,,,,,,,Carlos Boozer,,,,,,def,,
Andrei Kirilenko,Carlos Boozer,Deron Williams,Mehmet Okur,Ronnie Brewer,Al Harrington,Jared Jeffries,Larry Hughes,Toney Douglas,Wilson Chandler,4,3:42,UTA,turnover,,,,,,,,,,Deron Williams,,,lost ball,,Larry Hughes,,,
Andrei Kirilenko,Carlos Boozer,Deron Williams,Mehmet Okur,Ronnie Brewer,Al Harrington,Jared Jeffries,Larry Hughes,Toney Douglas,Wilson Chandler,4,3:37,NYK,shot,,,,,,,,,,Larry Hughes,,,,missed,,layup,25,6
Andrei Kirilenko,Carlos Boozer,Deron Williams,Mehmet Okur,Ronnie Brewer,Al Harrington,Jared Jeffries,Larry Hughes,Toney Douglas,Wilson Chandler,4,3:34,NYK,rebound,,,,,,,,,,Wilson Chandler,,,,,,off,,
Andrei Kirilenko,Carlos Boozer,Deron Williams,Mehmet Okur,Ronnie Brewer,Al Harrington,Jared Jeffries,Larry Hughes,Toney Douglas,Wilson Chandler,4,3:34,NYK,shot,,,,,,,,,,Wilson Chandler,,,,missed,,tip,25,6
Andrei Kirilenko,Carlos Boozer,Deron Williams,Mehmet Okur,Ronnie Brewer,Al Harrington,Jared Jeffries,Larry Hughes,Toney Douglas,Wilson Chandler,4,3:33,NYK,rebound,,,,,,,,,,Jared Jeffries,,,,,,off,,
Andrei Kirilenko,Carlos Boozer,Deron Williams,Mehmet Okur,Ronnie Brewer,Al Harrington,Jared Jeffries,Larry Hughes,Toney Douglas,Wilson Chandler,4,3:33,NYK,shot,,,,,,,,,,Jared Jeffries,2,,,made,,tip,25,6
Andrei Kirilenko,Carlos Boozer,Deron Williams,Mehmet Okur,Ronnie Brewer,Al Harrington,Jared Jeffries,Larry Hughes,Toney Douglas,Wilson Chandler,4,3:13,UTA,shot,Deron Williams,,,,,,,,,Ronnie Brewer,2,,,made,,jump,13,22
Andrei Kirilenko,Carlos Boozer,Deron Williams,Mehmet Okur,Ronnie Brewer,Al Harrington,Jared Jeffries,Larry Hughes,Toney Douglas,Wilson Chandler,4,3:05,UTA,foul,,,,,,,,Larry Hughes,,Ronnie Brewer,,,,,,personal,,
Andrei Kirilenko,Carlos Boozer,Deron Williams,Mehmet Okur,Ronnie Brewer,Al Harrington,Jared Jeffries,Larry Hughes,Toney Douglas,Wilson Chandler,4,3:05,NYK,free throw,,,,,,,1,,2,Larry Hughes,,,foul,made,,,,
Andrei Kirilenko,Carlos Boozer,Deron Williams,Mehmet Okur,Ronnie Brewer,Al Harrington,Jared Jeffries,Larry Hughes,Toney Douglas,Wilson Chandler,4,3:05,NYK,free throw,,,,,,,2,,2,Larry Hughes,,,foul,made,,,,
Andrei Kirilenko,Carlos Boozer,Deron Williams,Mehmet Okur,Ronnie Brewer,Al Harrington,Jared Jeffries,Larry Hughes,Toney Douglas,Wilson Chandler,4,2:58,UTA,foul,,,,,,,,Jared Jeffries,,Deron Williams,,,,,,offensive,,
Andrei Kirilenko,Carlos Boozer,Deron Williams,Mehmet Okur,Ronnie Brewer,Al Harrington,Jared Jeffries,Larry Hughes,Toney Douglas,Wilson Chandler,4,2:58,UTA,turnover,,,,,,,,,,Deron Williams,,,foul,,,,,
Andrei Kirilenko,Carlos Boozer,Deron Williams,Mehmet Okur,Ronnie Brewer,Al Harrington,Jared Jeffries,Larry Hughes,Toney Douglas,Wilson Chandler,4,2:58,NYK,timeout,,,,,,,,,,,,,,,,regular,,
Andrei Kirilenko,Carlos Boozer,Deron Williams,Mehmet Okur,Ronnie Brewer,Al Harrington,Jared Jeffries,Larry Hughes,Toney Douglas,Wilson Chandler,4,2:44,NYK,turnover,,,,,,,,,,Larry Hughes,,,lost ball,,Deron Williams,,,
Andrei Kirilenko,Carlos Boozer,Deron Williams,Mehmet Okur,Ronnie Brewer,Al Harrington,Jared Jeffries,Larry Hughes,Toney Douglas,Wilson Chandler,4,2:40,NYK,foul,,,,,,,,Carlos Boozer,,Toney Douglas,,,,,,shooting,,
Andrei Kirilenko,Carlos Boozer,Deron Williams,Mehmet Okur,Ronnie Brewer,Al Harrington,Jared Jeffries,Larry Hughes,Toney Douglas,Wilson Chandler,4,2:40,UTA,free throw,,,,,,,1,,2,Carlos Boozer,,,foul,made,,,,
Andrei Kirilenko,Carlos Boozer,Deron Williams,Mehmet Okur,Ronnie Brewer,Al Harrington,Jared Jeffries,Larry Hughes,Toney Douglas,Wilson Chandler,4,2:40,UTA,free throw,,,,,,,2,,2,Carlos Boozer,,,foul,missed,,,,
Andrei Kirilenko,Carlos Boozer,Deron Williams,Mehmet Okur,Ronnie Brewer,Al Harrington,Jared Jeffries,Larry Hughes,Toney Douglas,Wilson Chandler,4,2:39,NYK,rebound,,,,,,,,,,Wilson Chandler,,,,,,def,,
Andrei Kirilenko,Carlos Boozer,Deron Williams,Mehmet Okur,Ronnie Brewer,Al Harrington,Jared Jeffries,Larry Hughes,Toney Douglas,Wilson Chandler,4,2:24,UTA,foul,,,,,,,,Jared Jeffries,,Carlos Boozer,,,,,,shooting,,
Andrei Kirilenko,Carlos Boozer,Deron Williams,Mehmet Okur,Ronnie Brewer,Al Harrington,Jared Jeffries,Larry Hughes,Toney Douglas,Wilson Chandler,4,2:24,NYK,free throw,,,,,,,1,,2,Jared Jeffries,,,foul,missed,,,,
Andrei Kirilenko,Carlos Boozer,Deron Williams,Mehmet Okur,Ronnie Brewer,Al Harrington,Jared Jeffries,Larry Hughes,Toney Douglas,Wilson Chandler,4,2:24,NYK,rebound,,,,,,,,,,,,,,,,,,
Andrei Kirilenko,Carlos Boozer,Deron Williams,Mehmet Okur,Ronnie Brewer,Al Harrington,Jared Jeffries,Larry Hughes,Toney Douglas,Wilson Chandler,4,2:24,NYK,free throw,,,,,,,2,,2,Jared Jeffries,,,foul,missed,,,,
Andrei Kirilenko,Carlos Boozer,Deron Williams,Mehmet Okur,Ronnie Brewer,Al Harrington,Jared Jeffries,Larry Hughes,Toney Douglas,Wilson Chandler,4,2:23,NYK,rebound,,,,,,,,,,Toney Douglas,,,,,,off,,
Andrei Kirilenko,Carlos Boozer,Deron Williams,Mehmet Okur,Ronnie Brewer,Al Harrington,Jared Jeffries,Larry Hughes,Toney Douglas,Wilson Chandler,4,2:15,NYK,shot,,,,,,,,,,Toney Douglas,2,,,made,,driving finger roll layup,25,6
Andrei Kirilenko,Carlos Boozer,Deron Williams,Mehmet Okur,Ronnie Brewer,Al Harrington,Jared Jeffries,Larry Hughes,Toney Douglas,Wilson Chandler,4,1:50,UTA,shot,,,,,,,,,,Mehmet Okur,,,,missed,,3pt,1,9
Andrei Kirilenko,Carlos Boozer,Deron Williams,Mehmet Okur,Ronnie Brewer,Al Harrington,Jared Jeffries,Larry Hughes,Toney Douglas,Wilson Chandler,4,1:49,NYK,rebound,,,,,,,,,,Wilson Chandler,,,,,,def,,
Andrei Kirilenko,Carlos Boozer,Deron Williams,Mehmet Okur,Ronnie Brewer,Al Harrington,Jared Jeffries,Larry Hughes,Toney Douglas,Wilson Chandler,4,1:36,NYK,shot,,,,,,,,,,Toney Douglas,2,,,made,,driving layup,25,6
Andrei Kirilenko,Carlos Boozer,Deron Williams,Mehmet Okur,Ronnie Brewer,Al Harrington,Jared Jeffries,Larry Hughes,Toney Douglas,Wilson Chandler,4,1:17,UTA,shot,,,,,,,,,,Deron Williams,,,,missed,,jump,15,24
Andrei Kirilenko,Carlos Boozer,Deron Williams,Mehmet Okur,Ronnie Brewer,Al Harrington,Jared Jeffries,Larry Hughes,Toney Douglas,Wilson Chandler,4,1:16,UTA,rebound,,,,,,,,,,Mehmet Okur,,,,,,off,,
Andrei Kirilenko,Carlos Boozer,Deron Williams,Mehmet Okur,Ronnie Brewer,Al Harrington,Jared Jeffries,Larry Hughes,Toney Douglas,Wilson Chandler,4,1:16,UTA,shot,,,,,,,,,,Mehmet Okur,2,,,made,,layup,25,6
Andrei Kirilenko,Carlos Boozer,Deron Williams,Mehmet Okur,Ronnie Brewer,Al Harrington,Jared Jeffries,Larry Hughes,Toney Douglas,Wilson Chandler,4,1:03,NYK,shot,,,,,,,,,,Al Harrington,,,,missed,,3pt,49,8
Andrei Kirilenko,Carlos Boozer,Deron Williams,Mehmet Okur,Ronnie Brewer,Al Harrington,Jared Jeffries,Larry Hughes,Toney Douglas,Wilson Chandler,4,1:02,UTA,rebound,,,,,,,,,,Carlos Boozer,,,,,,def,,
Andrei Kirilenko,Carlos Boozer,Deron Williams,Mehmet Okur,Ronnie Brewer,Al Harrington,Jared Jeffries,Larry Hughes,Toney Douglas,Wilson Chandler,4,0:39,UTA,shot,,,,,,,,,,Andrei Kirilenko,,,,missed,,3pt,1,7
Andrei Kirilenko,Carlos Boozer,Deron Williams,Mehmet Okur,Ronnie Brewer,Al Harrington,Jared Jeffries,Larry Hughes,Toney Douglas,Wilson Chandler,4,0:39,NYK,rebound,,,,,,,,,,Larry Hughes,,,,,,def,,
Andrei Kirilenko,Carlos Boozer,Deron Williams,Mehmet Okur,Ronnie Brewer,Al Harrington,Jared Jeffries,Larry Hughes,Toney Douglas,Wilson Chandler,4,0:30,NYK,shot,,,Ronnie Brewer,,,,,,,Larry Hughes,,,,missed,,jump,25,19
Andrei Kirilenko,Carlos Boozer,Deron Williams,Mehmet Okur,Ronnie Brewer,Al Harrington,Jared Jeffries,Larry Hughes,Toney Douglas,Wilson Chandler,4,0:29,UTA,rebound,,,,,,,,,,Carlos Boozer,,,,,,def,,
Andrei Kirilenko,Carlos Boozer,Deron Williams,Mehmet Okur,Ronnie Brewer,Al Harrington,Jared Jeffries,Larry Hughes,Toney Douglas,Wilson Chandler,4,0:07,UTA,shot,,,,,,,,,,Ronnie Brewer,,,,missed,,jump,44,16
Andrei Kirilenko,Carlos Boozer,Deron Williams,Mehmet Okur,Ronnie Brewer,Al Harrington,Jared Jeffries,Larry Hughes,Toney Douglas,Wilson Chandler,4,0:06,NYK,rebound,,,,,,,,,,Wilson Chandler,,,,,,def,,
Andrei Kirilenko,Carlos Boozer,Deron Williams,Mehmet Okur,Ronnie Brewer,Al Harrington,Jared Jeffries,Larry Hughes,Toney Douglas,Wilson Chandler,4,0:06,NYK,timeout,,,,,,,,,,,,,,,,regular,,
Andrei Kirilenko,Carlos Boozer,Deron Williams,Paul Millsap,Ronnie Brewer,Al Harrington,Jared Jeffries,Larry Hughes,Toney Douglas,Wilson Chandler,4,0:06,UTA,sub,,,,Paul Millsap,,Mehmet Okur,,,,,,,,,,,,
Andrei Kirilenko,Carlos Boozer,Deron Williams,Paul Millsap,Ronnie Brewer,Al Harrington,Danilo Gallinari,Jared Jeffries,Larry Hughes,Toney Douglas,4,0:06,NYK,sub,,,,Danilo Gallinari,,Wilson Chandler,,,,,,,,,,,,
Andrei Kirilenko,Carlos Boozer,Deron Williams,Paul Millsap,Ronnie Brewer,Al Harrington,Danilo Gallinari,David Lee,Larry Hughes,Toney Douglas,4,0:06,NYK,sub,,,,David Lee,,Jared Jeffries,,,,,,,,,,,,
Andrei Kirilenko,Carlos Boozer,Deron Williams,Paul Millsap,Ronnie Brewer,Al Harrington,Danilo Gallinari,David Lee,Larry Hughes,Toney Douglas,4,0:06,NYK,timeout,,,,,,,,,,,,,,,,short,,
Andrei Kirilenko,Carlos Boozer,Deron Williams,Paul Millsap,Ronnie Brewer,Al Harrington,Danilo Gallinari,David Lee,Larry Hughes,Toney Douglas,4,0:02,NYK,shot,,,,,,,,,,Toney Douglas,,,,missed,,jump,18,12
Andrei Kirilenko,Carlos Boozer,Deron Williams,Paul Millsap,Ronnie Brewer,Al Harrington,Danilo Gallinari,David Lee,Larry Hughes,Toney Douglas,4,0:00,UTA,rebound,,,,,,,,,,Carlos Boozer,,,,,,def,,
