a1,a2,a3,a4,a5,h1,h2,h3,h4,h5,period,time,team,etype,assist,away,block,entered,home,left,num,opponent,outof,player,points,possession,reason,result,steal,type,x,y
Ben Gordon,Ben Wallace,Charlie Villanueva,Jonas Jerebko,Rodney Stuckey,Andrea Bargnani,Chris Bosh,DeMar DeRozan,Hedo Turkoglu,Jose Calderon,1,12:00,OFF,jump ball,,Ben Wallace,,,Chris Bosh,,,,,,,Charlie Villanueva,,,,,,
Ben Gordon,Ben Wallace,Charlie Villanueva,Jonas Jerebko,Rodney Stuckey,Andrea Bargnani,Chris Bosh,DeMar DeRozan,Hedo Turkoglu,Jose Calderon,1,11:38,DET,shot,,,,,,,,,,Charlie Villanueva,,,,missed,,3pt,9,24
Ben Gordon,Ben Wallace,Charlie Villanueva,Jonas Jerebko,Rodney Stuckey,Andrea Bargnani,Chris Bosh,DeMar DeRozan,Hedo Turkoglu,Jose Calderon,1,11:37,TOR,rebound,,,,,,,,,,Andrea Bargnani,,,,,,def,,
Ben Gordon,Ben Wallace,Charlie Villanueva,Jonas Jerebko,Rodney Stuckey,Andrea Bargnani,Chris Bosh,DeMar DeRozan,Hedo Turkoglu,Jose Calderon,1,11:17,TOR,shot,,,,,,,,,,Chris Bosh,,,,missed,,turnaround bank,15,9
Ben Gordon,Ben Wallace,Charlie Villanueva,Jonas Jerebko,Rodney Stuckey,Andrea Bargnani,Chris Bosh,DeMar DeRozan,Hedo Turkoglu,Jose Calderon,1,11:15,DET,rebound,,,,,,,,,,Jonas Jerebko,,,,,,def,,
Ben Gordon,Ben Wallace,Charlie Villanueva,Jonas Jerebko,Rodney Stuckey,Andrea Bargnani,Chris Bosh,DeMar DeRozan,Hedo Turkoglu,Jose Calderon,1,11:13,DET,turnover,,,,,,,,,,Jonas Jerebko,,,lost ball,,Andrea Bargnani,,,
Ben Gordon,Ben Wallace,Charlie Villanueva,Jonas Jerebko,Rodney Stuckey,Andrea Bargnani,Chris Bosh,DeMar DeRozan,Hedo Turkoglu,Jose Calderon,1,11:11,TOR,shot,,,,,,,,,,Andrea Bargnani,2,,,made,,jump,24,13
Ben Gordon,Ben Wallace,Charlie Villanueva,Jonas Jerebko,Rodney Stuckey,Andrea Bargnani,Chris Bosh,DeMar DeRozan,Hedo Turkoglu,Jose Calderon,1,10:55,DET,shot,,,,,,,,,,Rodney Stuckey,2,,,made,,pullup jump,11,11
Ben Gordon,Ben Wallace,Charlie Villanueva,Jonas Jerebko,Rodney Stuckey,Andrea Bargnani,Chris Bosh,DeMar DeRozan,Hedo Turkoglu,Jose Calderon,1,10:30,TOR,shot,,,,,,,,,,Jose Calderon,,,,missed,,3pt,48,9
Ben Gordon,Ben Wallace,Charlie Villanueva,Jonas Jerebko,Rodney Stuckey,Andrea Bargnani,Chris Bosh,DeMar DeRozan,Hedo Turkoglu,Jose Calderon,1,10:29,DET,rebound,,,,,,,,,,Jonas Jerebko,,,,,,def,,
Ben Gordon,Ben Wallace,Charlie Villanueva,Jonas Jerebko,Rodney Stuckey,Andrea Bargnani,Chris Bosh,DeMar DeRozan,Hedo Turkoglu,Jose Calderon,1,10:11,DET,shot,,,,,,,,,,Rodney Stuckey,2,,,made,,pullup jump,7,16
Ben Gordon,Ben Wallace,Charlie Villanueva,Jonas Jerebko,Rodney Stuckey,Andrea Bargnani,Chris Bosh,DeMar DeRozan,Hedo Turkoglu,Jose Calderon,1,9:58,DET,foul,,,,,,,,Chris Bosh,,Ben Wallace,,,,,,personal,,
Ben Gordon,Ben Wallace,Charlie Villanueva,Jonas Jerebko,Rodney Stuckey,Andrea Bargnani,Chris Bosh,DeMar DeRozan,Hedo Turkoglu,Jose Calderon,1,9:53,TOR,shot,,,,,,,,,,Jose Calderon,2,,,made,,jump,16,13
Ben Gordon,Ben Wallace,Charlie Villanueva,Jonas Jerebko,Rodney Stuckey,Andrea Bargnani,Chris Bosh,DeMar DeRozan,Hedo Turkoglu,Jose Calderon,1,9:31,DET,shot,,,,,,,,,,Charlie Villanueva,,,,missed,,driving layup,25,6
Ben Gordon,Ben Wallace,Charlie Villanueva,Jonas Jerebko,Rodney Stuckey,Andrea Bargnani,Chris Bosh,DeMar DeRozan,Hedo Turkoglu,Jose Calderon,1,9:29,TOR,rebound,,,,,,,,,,Hedo Turkoglu,,,,,,def,,
Ben Gordon,Ben Wallace,Charlie Villanueva,Jonas Jerebko,Rodney Stuckey,Andrea Bargnani,Chris Bosh,DeMar DeRozan,Hedo Turkoglu,Jose Calderon,1,9:23,TOR,shot,,,Charlie Villanueva,,,,,,,Andrea Bargnani,,,,missed,,3pt,42,26
Ben Gordon,Ben Wallace,Charlie Villanueva,Jonas Jerebko,Rodney Stuckey,Andrea Bargnani,Chris Bosh,DeMar DeRozan,Hedo Turkoglu,Jose Calderon,1,9:22,DET,rebound,,,,,,,,,,Rodney Stuckey,,,,,,def,,
Ben Gordon,Ben Wallace,Charlie Villanueva,Jonas Jerebko,Rodney Stuckey,Andrea Bargnani,Chris Bosh,DeMar DeRozan,Hedo Turkoglu,Jose Calderon,1,9:02,TOR,foul,,,,,,,,Ben Gordon,,DeMar DeRozan,,,,,,shooting,,
Ben Gordon,Ben Wallace,Charlie Villanueva,Jonas Jerebko,Rodney Stuckey,Andrea Bargnani,Chris Bosh,DeMar DeRozan,Hedo Turkoglu,Jose Calderon,1,9:02,DET,free throw,,,,,,,1,,2,Ben Gordon,,,foul,made,,,,
Ben Gordon,Ben Wallace,Charlie Villanueva,Jonas Jerebko,Rodney Stuckey,Andrea Bargnani,Chris Bosh,DeMar DeRozan,Hedo Turkoglu,Jose Calderon,1,9:02,DET,free throw,,,,,,,2,,2,Ben Gordon,,,foul,made,,,,
Ben Gordon,Ben Wallace,Charlie Villanueva,Jonas Jerebko,Rodney Stuckey,Andrea Bargnani,Chris Bosh,DeMar DeRozan,Hedo Turkoglu,Jose Calderon,1,8:48,TOR,shot,Hedo Turkoglu,,,,,,,,,DeMar DeRozan,2,,,made,,running slam dunk,25,6
Ben Gordon,Ben Wallace,Charlie Villanueva,Jonas Jerebko,Rodney Stuckey,Andrea Bargnani,Chris Bosh,DeMar DeRozan,Hedo Turkoglu,Jose Calderon,1,8:27,DET,shot,,,,,,,,,,Ben Gordon,2,,,made,,pullup bank,16,11
Ben Gordon,Ben Wallace,Charlie Villanueva,Jonas Jerebko,Rodney Stuckey,Andrea Bargnani,Chris Bosh,DeMar DeRozan,Hedo Turkoglu,Jose Calderon,1,8:27,TOR,foul,,,,,,,,Ben Gordon,,Andrea Bargnani,,,,,,shooting,,
Ben Gordon,Ben Wallace,Charlie Villanueva,Jonas Jerebko,Rodney Stuckey,Andrea Bargnani,Chris Bosh,DeMar DeRozan,Hedo Turkoglu,Jose Calderon,1,8:27,DET,free throw,,,,,,,1,,1,Ben Gordon,,,foul,made,,,,
Ben Gordon,Ben Wallace,Charlie Villanueva,Jonas Jerebko,Rodney Stuckey,Andrea Bargnani,Chris Bosh,DeMar DeRozan,Hedo Turkoglu,Jose Calderon,1,8:17,TOR,shot,Andrea Bargnani,,,,,,,,,Chris Bosh,2,,,made,,running slam dunk,25,6
Ben Gordon,Ben Wallace,Charlie Villanueva,Jonas Jerebko,Rodney Stuckey,Andrea Bargnani,Chris Bosh,DeMar DeRozan,Hedo Turkoglu,Jose Calderon,1,7:55,DET,shot,,,,,,,,,,Rodney Stuckey,,,,missed,,step back jump,25,22
Ben Gordon,Ben Wallace,Charlie Villanueva,Jonas Jerebko,Rodney Stuckey,Andrea Bargnani,Chris Bosh,DeMar DeRozan,Hedo Turkoglu,Jose Calderon,1,7:53,TOR,rebound,,,,,,,,,,Andrea Bargnani,,,,,,def,,
Ben Gordon,Ben Wallace,Charlie Villanueva,Jonas Jerebko,Rodney Stuckey,Andrea Bargnani,Chris Bosh,DeMar DeRozan,Hedo Turkoglu,Jose Calderon,1,7:47,TOR,shot,Andrea Bargnani,,,,,,,,,Jose Calderon,2,,,made,,jump,11,24
Ben Gordon,Ben Wallace,Charlie Villanueva,Jonas Jerebko,Rodney Stuckey,Andrea Bargnani,Chris Bosh,DeMar DeRozan,Hedo Turkoglu,Jose Calderon,1,7:27,DET,shot,,,,,,,,,,Ben Gordon,,,,missed,,driving layup,25,6
Ben Gordon,Ben Wallace,Charlie Villanueva,Jonas Jerebko,Rodney Stuckey,Andrea Bargnani,Chris Bosh,DeMar DeRozan,Hedo Turkoglu,Jose Calderon,1,7:25,DET,rebound,,,,,,,,,,Ben Wallace,,,,,,off,,
Ben Gordon,Ben Wallace,Charlie Villanueva,Jonas Jerebko,Rodney Stuckey,Andrea Bargnani,Chris Bosh,DeMar DeRozan,Hedo Turkoglu,Jose Calderon,1,7:24,DET,shot,,,,,,,,,,Ben Wallace,,,,missed,,tip,25,6
Ben Gordon,Ben Wallace,Charlie Villanueva,Jonas Jerebko,Rodney Stuckey,Andrea Bargnani,Chris Bosh,DeMar DeRozan,Hedo Turkoglu,Jose Calderon,1,7:23,TOR,rebound,,,,,,,,,,Chris Bosh,,,,,,def,,
Ben Gordon,Ben Wallace,Charlie Villanueva,Jonas Jerebko,Rodney Stuckey,Andrea Bargnani,Chris Bosh,DeMar DeRozan,Hedo Turkoglu,Jose Calderon,1,7:19,TOR,shot,,,,,,,,,,Hedo Turkoglu,,,,missed,,alley oop layup,25,6
Ben Gordon,Ben Wallace,Charlie Villanueva,Jonas Jerebko,Rodney Stuckey,Andrea Bargnani,Chris Bosh,DeMar DeRozan,Hedo Turkoglu,Jose Calderon,1,7:17,DET,rebound,,,,,,,,,,Ben Gordon,,,,,,def,,
Ben Gordon,Ben Wallace,Charlie Villanueva,Jonas Jerebko,Rodney Stuckey,Andrea Bargnani,Chris Bosh,DeMar DeRozan,Hedo Turkoglu,Jose Calderon,1,7:12,DET,shot,Ben Gordon,,,,,,,,,Charlie Villanueva,2,,,made,,running layup,25,6
Ben Gordon,Ben Wallace,Charlie Villanueva,Jonas Jerebko,Rodney Stuckey,Andrea Bargnani,Chris Bosh,DeMar DeRozan,Hedo Turkoglu,Jose Calderon,1,6:59,TOR,shot,,,,,,,,,,DeMar DeRozan,,,,missed,,jump,3,6
Ben Gordon,Ben Wallace,Charlie Villanueva,Jonas Jerebko,Rodney Stuckey,Andrea Bargnani,Chris Bosh,DeMar DeRozan,Hedo Turkoglu,Jose Calderon,1,6:57,DET,rebound,,,,,,,,,,Ben Wallace,,,,,,def,,
Ben Gordon,Ben Wallace,Charlie Villanueva,Jonas Jerebko,Rodney Stuckey,Andrea Bargnani,Chris Bosh,DeMar DeRozan,Hedo Turkoglu,Jose Calderon,1,6:37,DET,turnover,,,,,,,,,,Jonas Jerebko,,,bad pass,,DeMar DeRozan,,,
Ben Gordon,Ben Wallace,Charlie Villanueva,Jonas Jerebko,Rodney Stuckey,Andrea Bargnani,Chris Bosh,DeMar DeRozan,Hedo Turkoglu,Jose Calderon,1,6:32,TOR,shot,,,,,,,,,,Chris Bosh,,,,missed,,alley oop layup,25,6
Ben Gordon,Ben Wallace,Charlie Villanueva,Jonas Jerebko,Rodney Stuckey,Andrea Bargnani,Chris Bosh,DeMar DeRozan,Hedo Turkoglu,Jose Calderon,1,6:29,TOR,rebound,,,,,,,,,,Jose Calderon,,,,,,off,,
Ben Gordon,Ben Wallace,Charlie Villanueva,Jonas Jerebko,Rodney Stuckey,Andrea Bargnani,Chris Bosh,DeMar DeRozan,Hedo Turkoglu,Jose Calderon,1,6:28,TOR,shot,,,,,,,,,,Jose Calderon,,,,missed,,tip,25,6
Ben Gordon,Ben Wallace,Charlie Villanueva,Jonas Jerebko,Rodney Stuckey,Andrea Bargnani,Chris Bosh,DeMar DeRozan,Hedo Turkoglu,Jose Calderon,1,6:27,DET,rebound,,,,,,,,,,Rodney Stuckey,,,,,,def,,
Ben Gordon,Ben Wallace,Charlie Villanueva,Jonas Jerebko,Rodney Stuckey,Andrea Bargnani,Chris Bosh,DeMar DeRozan,Hedo Turkoglu,Jose Calderon,1,6:23,DET,shot,Ben Gordon,,,,,,,,,Rodney Stuckey,2,,,made,,jump,39,6
Ben Gordon,Ben Wallace,Charlie Villanueva,Jonas Jerebko,Rodney Stuckey,Andrea Bargnani,Chris Bosh,DeMar DeRozan,Hedo Turkoglu,Jose Calderon,1,6:03,TOR,turnover,,,,,,,,,,Andrea Bargnani,,,bad pass,,,,,
Ben Gordon,Ben Wallace,Charlie Villanueva,Jonas Jerebko,Rodney Stuckey,Andrea Bargnani,Chris Bosh,DeMar DeRozan,Hedo Turkoglu,Jose Calderon,1,5:45,TOR,foul,,,,,,,,,,Chris Bosh,,,,,,defense 3 second,,
Ben Gordon,Ben Wallace,Charlie Villanueva,Jonas Jerebko,Rodney Stuckey,Andrea Bargnani,Chris Bosh,DeMar DeRozan,Hedo Turkoglu,Jose Calderon,1,5:45,TOR,timeout,,,,,,,,,,,,,,,,regular,,
Ben Gordon,Ben Wallace,Charlie Villanueva,Jonas Jerebko,Rodney Stuckey,Amir Johnson,Chris Bosh,DeMar DeRozan,Hedo Turkoglu,Jose Calderon,1,5:45,TOR,sub,,,,Amir Johnson,,Andrea Bargnani,,,,,,,,,,,,
Ben Gordon,Ben Wallace,Charlie Villanueva,Jonas Jerebko,Rodney Stuckey,Amir Johnson,Chris Bosh,Hedo Turkoglu,Jose Calderon,Marco Belinelli,1,5:45,TOR,sub,,,,Marco Belinelli,,DeMar DeRozan,,,,,,,,,,,,
Ben Gordon,Ben Wallace,Charlie Villanueva,Jonas Jerebko,Rodney Stuckey,Amir Johnson,Chris Bosh,Hedo Turkoglu,Jose Calderon,Marco Belinelli,1,5:45,DET,free throw,,,,,,,1,,1,Ben Gordon,,,technical,made,,,,
Ben Gordon,Ben Wallace,Charlie Villanueva,Jonas Jerebko,Rodney Stuckey,Amir Johnson,Chris Bosh,Hedo Turkoglu,Jose Calderon,Marco Belinelli,1,5:33,DET,shot,Rodney Stuckey,,,,,,,,,Ben Gordon,2,,,made,,running bank,37,10
Ben Gordon,Ben Wallace,Charlie Villanueva,Jonas Jerebko,Rodney Stuckey,Amir Johnson,Chris Bosh,Hedo Turkoglu,Jose Calderon,Marco Belinelli,1,5:09,DET,foul,,,,,,,,Amir Johnson,,Jonas Jerebko,,,,,,shooting,,
Ben Gordon,Ben Wallace,Charlie Villanueva,Jonas Jerebko,Rodney Stuckey,Amir Johnson,Chris Bosh,Hedo Turkoglu,Jose Calderon,Marco Belinelli,1,5:09,TOR,free throw,,,,,,,1,,2,Amir Johnson,,,foul,made,,,,
Ben Gordon,Ben Wallace,Charlie Villanueva,Jonas Jerebko,Rodney Stuckey,Amir Johnson,Chris Bosh,Hedo Turkoglu,Jose Calderon,Marco Belinelli,1,5:09,TOR,free throw,,,,,,,2,,2,Amir Johnson,,,foul,made,,,,
Ben Gordon,Ben Wallace,Charlie Villanueva,Jonas Jerebko,Rodney Stuckey,Amir Johnson,Chris Bosh,Hedo Turkoglu,Jose Calderon,Marco Belinelli,1,4:46,DET,shot,,,Chris Bosh,,,,,,,Rodney Stuckey,,,,missed,,layup,25,6
Ben Gordon,Ben Wallace,Charlie Villanueva,Jonas Jerebko,Rodney Stuckey,Amir Johnson,Chris Bosh,Hedo Turkoglu,Jose Calderon,Marco Belinelli,1,4:45,DET,rebound,,,,,,,,,,Rodney Stuckey,,,,,,off,,
Ben Gordon,Ben Wallace,Charlie Villanueva,Jonas Jerebko,Rodney Stuckey,Amir Johnson,Chris Bosh,Hedo Turkoglu,Jose Calderon,Marco Belinelli,1,4:43,DET,shot,,,,,,,,,,Rodney Stuckey,,,,missed,,turnaround fade away,20,8
Ben Gordon,Ben Wallace,Charlie Villanueva,Jonas Jerebko,Rodney Stuckey,Amir Johnson,Chris Bosh,Hedo Turkoglu,Jose Calderon,Marco Belinelli,1,4:42,DET,rebound,,,,,,,,,,Jonas Jerebko,,,,,,off,,
Ben Gordon,Ben Wallace,Charlie Villanueva,Jonas Jerebko,Rodney Stuckey,Amir Johnson,Chris Bosh,Hedo Turkoglu,Jose Calderon,Marco Belinelli,1,4:39,DET,shot,,,,,,,,,,Jonas Jerebko,2,,,made,,tip,25,6
Ben Gordon,Ben Wallace,Charlie Villanueva,Jonas Jerebko,Rodney Stuckey,Amir Johnson,Chris Bosh,Hedo Turkoglu,Jose Calderon,Marco Belinelli,1,4:29,TOR,shot,,,,,,,,,,Chris Bosh,2,,,made,,jump,23,16
Ben Gordon,Ben Wallace,Charlie Villanueva,Jonas Jerebko,Rodney Stuckey,Amir Johnson,Chris Bosh,Hedo Turkoglu,Jose Calderon,Marco Belinelli,1,4:08,DET,shot,Rodney Stuckey,,,,,,,,,Charlie Villanueva,3,,,made,,3pt,15,30
Ben Gordon,Ben Wallace,Charlie Villanueva,Jonas Jerebko,Rodney Stuckey,Amir Johnson,Chris Bosh,Hedo Turkoglu,Jose Calderon,Marco Belinelli,1,3:58,TOR,shot,,,,,,,,,,Jose Calderon,,,,missed,,driving layup,25,6
Ben Gordon,Ben Wallace,Charlie Villanueva,Jonas Jerebko,Rodney Stuckey,Amir Johnson,Chris Bosh,Hedo Turkoglu,Jose Calderon,Marco Belinelli,1,3:57,TOR,rebound,,,,,,,,,,Jose Calderon,,,,,,off,,
Ben Gordon,Ben Wallace,Charlie Villanueva,Jonas Jerebko,Rodney Stuckey,Amir Johnson,Chris Bosh,Hedo Turkoglu,Jose Calderon,Marco Belinelli,1,3:50,TOR,shot,Hedo Turkoglu,,,,,,,,,Chris Bosh,2,,,made,,reverse layup,25,6
Ben Gordon,Ben Wallace,Charlie Villanueva,Jonas Jerebko,Rodney Stuckey,Amir Johnson,Chris Bosh,Hedo Turkoglu,Jose Calderon,Marco Belinelli,1,3:36,DET,shot,,,,,,,,,,Ben Gordon,2,,,made,,running jump,24,15
Ben Gordon,Ben Wallace,Charlie Villanueva,Jonas Jerebko,Rodney Stuckey,Amir Johnson,Chris Bosh,Hedo Turkoglu,Jose Calderon,Marco Belinelli,1,3:19,TOR,shot,,,,,,,,,,Jose Calderon,,,,missed,,jump,9,20
Ben Gordon,Ben Wallace,Charlie Villanueva,Jonas Jerebko,Rodney Stuckey,Amir Johnson,Chris Bosh,Hedo Turkoglu,Jose Calderon,Marco Belinelli,1,3:18,DET,rebound,,,,,,,,,,Ben Wallace,,,,,,def,,
Ben Gordon,Ben Wallace,Charlie Villanueva,Jonas Jerebko,Rodney Stuckey,Amir Johnson,Chris Bosh,Hedo Turkoglu,Jose Calderon,Marco Belinelli,1,3:08,DET,shot,,,,,,,,,,Ben Gordon,2,,,made,,running jump,14,7
Ben Gordon,Ben Wallace,Charlie Villanueva,Jonas Jerebko,Rodney Stuckey,Amir Johnson,Chris Bosh,Hedo Turkoglu,Jose Calderon,Marco Belinelli,1,2:50,TOR,shot,Hedo Turkoglu,,,,,,,,,Marco Belinelli,3,,,made,,3pt,43,23
Ben Gordon,Ben Wallace,Charlie Villanueva,Jonas Jerebko,Rodney Stuckey,Amir Johnson,Chris Bosh,Hedo Turkoglu,Jose Calderon,Marco Belinelli,1,2:40,DET,timeout,,,,,,,,,,,,,,,,regular,,
Ben Gordon,Ben Wallace,Charlie Villanueva,Jonas Jerebko,Rodney Stuckey,Amir Johnson,Andrea Bargnani,Chris Bosh,Jose Calderon,Marco Belinelli,1,2:40,TOR,sub,,,,Andrea Bargnani,,Hedo Turkoglu,,,,,,,,,,,,
Ben Gordon,Ben Wallace,Charlie Villanueva,Jonas Jerebko,Rodney Stuckey,Amir Johnson,Andrea Bargnani,Antoine Wright,Jose Calderon,Marco Belinelli,1,2:40,TOR,sub,,,,Antoine Wright,,Chris Bosh,,,,,,,,,,,,
Ben Gordon,Ben Wallace,Charlie Villanueva,Jonas Jerebko,Rodney Stuckey,Amir Johnson,Andrea Bargnani,Antoine Wright,Jarrett Jack,Marco Belinelli,1,2:40,TOR,sub,,,,Jarrett Jack,,Jose Calderon,,,,,,,,,,,,
Ben Gordon,Charlie Villanueva,Jonas Jerebko,Kwame Brown,Rodney Stuckey,Amir Johnson,Andrea Bargnani,Antoine Wright,Jarrett Jack,Marco Belinelli,1,2:40,DET,sub,,,,Kwame Brown,,Ben Wallace,,,,,,,,,,,,
Ben Gordon,Charlie Villanueva,Jonas Jerebko,Kwame Brown,Will Bynum,Amir Johnson,Andrea Bargnani,Antoine Wright,Jarrett Jack,Marco Belinelli,1,2:40,DET,sub,,,,Will Bynum,,Rodney Stuckey,,,,,,,,,,,,
Ben Gordon,Charlie Villanueva,Jonas Jerebko,Kwame Brown,Will Bynum,Amir Johnson,Andrea Bargnani,Antoine Wright,Jarrett Jack,Marco Belinelli,1,2:32,DET,shot,Will Bynum,,,,,,,,,Charlie Villanueva,3,,,made,,3pt,37,28
Ben Gordon,Charlie Villanueva,Jonas Jerebko,Kwame Brown,Will Bynum,Amir Johnson,Andrea Bargnani,Antoine Wright,Jarrett Jack,Marco Belinelli,1,2:13,TOR,shot,,,,,,,,,,Andrea Bargnani,,,,missed,,driving layup,25,6
Ben Gordon,Charlie Villanueva,Jonas Jerebko,Kwame Brown,Will Bynum,Amir Johnson,Andrea Bargnani,Antoine Wright,Jarrett Jack,Marco Belinelli,1,2:11,DET,rebound,,,,,,,,,,Charlie Villanueva,,,,,,def,,
Ben Gordon,Charlie Villanueva,Jonas Jerebko,Kwame Brown,Will Bynum,Amir Johnson,Andrea Bargnani,Antoine Wright,Jarrett Jack,Marco Belinelli,1,2:06,DET,turnover,,,,,,,,,,Will Bynum,,,lost ball,,Marco Belinelli,,,
Ben Gordon,Charlie Villanueva,Jonas Jerebko,Kwame Brown,Will Bynum,Amir Johnson,Andrea Bargnani,Antoine Wright,Jarrett Jack,Marco Belinelli,1,1:58,TOR,shot,,,,,,,,,,Marco Belinelli,,,,missed,,3pt,5,22
Ben Gordon,Charlie Villanueva,Jonas Jerebko,Kwame Brown,Will Bynum,Amir Johnson,Andrea Bargnani,Antoine Wright,Jarrett Jack,Marco Belinelli,1,1:57,TOR,rebound,,,,,,,,,,Andrea Bargnani,,,,,,off,,
Ben Gordon,Charlie Villanueva,Jonas Jerebko,Kwame Brown,Will Bynum,Amir Johnson,Andrea Bargnani,Antoine Wright,Jarrett Jack,Marco Belinelli,1,1:46,TOR,shot,,,,,,,,,,Jarrett Jack,2,,,made,,driving layup,25,6
Ben Gordon,Charlie Villanueva,Jonas Jerebko,Kwame Brown,Will Bynum,Amir Johnson,Andrea Bargnani,Antoine Wright,Jarrett Jack,Marco Belinelli,1,1:27,DET,shot,,,,,,,,,,Ben Gordon,,,,missed,,jump,4,5
Ben Gordon,Charlie Villanueva,Jonas Jerebko,Kwame Brown,Will Bynum,Amir Johnson,Andrea Bargnani,Antoine Wright,Jarrett Jack,Marco Belinelli,1,1:26,TOR,rebound,,,,,,,,,,Andrea Bargnani,,,,,,def,,
Ben Gordon,Charlie Villanueva,Jonas Jerebko,Kwame Brown,Will Bynum,Amir Johnson,Andrea Bargnani,Antoine Wright,Jarrett Jack,Marco Belinelli,1,1:16,TOR,shot,Marco Belinelli,,,,,,,,,Andrea Bargnani,3,,,made,,3pt,6,21
Ben Gordon,Charlie Villanueva,Jonas Jerebko,Kwame Brown,Will Bynum,Amir Johnson,Andrea Bargnani,Antoine Wright,Jarrett Jack,Marco Belinelli,1,0:54,DET,shot,,,,,,,,,,Will Bynum,,,,missed,,driving layup,25,6
Ben Gordon,Charlie Villanueva,Jonas Jerebko,Kwame Brown,Will Bynum,Amir Johnson,Andrea Bargnani,Antoine Wright,Jarrett Jack,Marco Belinelli,1,0:53,TOR,rebound,,,,,,,,,,Andrea Bargnani,,,,,,def,,
Ben Gordon,Charlie Villanueva,Jonas Jerebko,Kwame Brown,Will Bynum,Amir Johnson,Andrea Bargnani,Antoine Wright,Jarrett Jack,Marco Belinelli,1,0:43,TOR,shot,,,,,,,,,,Andrea Bargnani,,,,missed,,3pt,15,28
Ben Gordon,Charlie Villanueva,Jonas Jerebko,Kwame Brown,Will Bynum,Amir Johnson,Andrea Bargnani,Antoine Wright,Jarrett Jack,Marco Belinelli,1,0:42,TOR,rebound,,,,,,,,,,Amir Johnson,,,,,,off,,
Ben Gordon,Charlie Villanueva,Jonas Jerebko,Kwame Brown,Will Bynum,Amir Johnson,Andrea Bargnani,Antoine Wright,Jarrett Jack,Marco Belinelli,1,0:37,TOR,shot,,,,,,,,,,Jarrett Jack,,,,missed,,3pt,48,7
Ben Gordon,Charlie Villanueva,Jonas Jerebko,Kwame Brown,Will Bynum,Amir Johnson,Andrea Bargnani,Antoine Wright,Jarrett Jack,Marco Belinelli,1,0:36,DET,rebound,,,,,,,,,,Ben Gordon,,,,,,def,,
Ben Gordon,Charlie Villanueva,Jonas Jerebko,Kwame Brown,Will Bynum,Amir Johnson,Andrea Bargnani,Antoine Wright,Jarrett Jack,Marco Belinelli,1,0:12,DET,shot,,,,,,,,,,Kwame Brown,,,,missed,,hook,25,14
Ben Gordon,Charlie Villanueva,Jonas Jerebko,Kwame Brown,Will Bynum,Amir Johnson,Andrea Bargnani,Antoine Wright,Jarrett Jack,Marco Belinelli,1,0:10,TOR,rebound,,,,,,,,,,Antoine Wright,,,,,,def,,
Ben Gordon,Charlie Villanueva,Jonas Jerebko,Kwame Brown,Will Bynum,Amir Johnson,Andrea Bargnani,Antoine Wright,Jarrett Jack,Marco Belinelli,1,0:01,TOR,shot,,,,,,,,,,Marco Belinelli,,,,missed,,3pt,17,31
Ben Gordon,Charlie Villanueva,Jonas Jerebko,Kwame Brown,Will Bynum,Amir Johnson,Andrea Bargnani,Antoine Wright,Jarrett Jack,Marco Belinelli,1,0:00,TOR,rebound,,,,,,,,,,,,,,,,,,
Austin Daye,Chris Wilcox,Kwame Brown,Rodney Stuckey,Will Bynum,Amir Johnson,Andrea Bargnani,Antoine Wright,Jarrett Jack,Marco Belinelli,2,11:43,DET,foul,,,,,,,,Amir Johnson,,Rodney Stuckey,,,,,,loose ball,,
Austin Daye,Chris Wilcox,Kwame Brown,Rodney Stuckey,Will Bynum,Amir Johnson,Andrea Bargnani,Antoine Wright,Jarrett Jack,Marco Belinelli,2,11:39,TOR,shot,,,,,,,,,,Jarrett Jack,2,,,made,,driving layup,25,6
Austin Daye,Chris Wilcox,Kwame Brown,Rodney Stuckey,Will Bynum,Amir Johnson,Andrea Bargnani,Antoine Wright,Jarrett Jack,Marco Belinelli,2,11:24,TOR,foul,,,,,,,,Chris Wilcox,,Amir Johnson,,,,,,personal,,
Austin Daye,Chris Wilcox,Kwame Brown,Rodney Stuckey,Will Bynum,Amir Johnson,Andrea Bargnani,Antoine Wright,Jarrett Jack,Marco Belinelli,2,11:18,DET,shot,,,,,,,,,,Will Bynum,,,,missed,,pullup jump,29,27
Austin Daye,Chris Wilcox,Kwame Brown,Rodney Stuckey,Will Bynum,Amir Johnson,Andrea Bargnani,Antoine Wright,Jarrett Jack,Marco Belinelli,2,11:17,DET,rebound,,,,,,,,,,,,,,,,,,
Austin Daye,Chris Wilcox,Kwame Brown,Rodney Stuckey,Will Bynum,Amir Johnson,Andrea Bargnani,Antoine Wright,Jarrett Jack,Marco Belinelli,2,11:11,DET,shot,,,,,,,,,,Rodney Stuckey,,,,missed,,pullup bank,32,13
Austin Daye,Chris Wilcox,Kwame Brown,Rodney Stuckey,Will Bynum,Amir Johnson,Andrea Bargnani,Antoine Wright,Jarrett Jack,Marco Belinelli,2,11:10,DET,rebound,,,,,,,,,,Chris Wilcox,,,,,,off,,
Austin Daye,Chris Wilcox,Kwame Brown,Rodney Stuckey,Will Bynum,Amir Johnson,Andrea Bargnani,Antoine Wright,Jarrett Jack,Marco Belinelli,2,11:10,TOR,foul,,,,,,,,Chris Wilcox,,Amir Johnson,,,,,,shooting,,
Austin Daye,Chris Wilcox,Kwame Brown,Rodney Stuckey,Will Bynum,Amir Johnson,Andrea Bargnani,Antoine Wright,Jarrett Jack,Marco Belinelli,2,11:10,DET,free throw,,,,,,,1,,2,Chris Wilcox,,,foul,missed,,,,
Austin Daye,Chris Wilcox,Kwame Brown,Rodney Stuckey,Will Bynum,Amir Johnson,Andrea Bargnani,Antoine Wright,Jarrett Jack,Marco Belinelli,2,11:10,DET,rebound,,,,,,,,,,,,,,,,,,
Austin Daye,Chris Wilcox,Kwame Brown,Rodney Stuckey,Will Bynum,Amir Johnson,Andrea Bargnani,Antoine Wright,Jarrett Jack,Marco Belinelli,2,11:10,DET,free throw,,,,,,,2,,2,Chris Wilcox,,,foul,made,,,,
Austin Daye,Chris Wilcox,Kwame Brown,Rodney Stuckey,Will Bynum,Amir Johnson,Andrea Bargnani,Antoine Wright,Jarrett Jack,Marco Belinelli,2,10:46,TOR,shot,Jarrett Jack,,,,,,,,,Antoine Wright,3,,,made,,3pt,2,10
Austin Daye,Chris Wilcox,Kwame Brown,Rodney Stuckey,Will Bynum,Amir Johnson,Andrea Bargnani,Antoine Wright,Jarrett Jack,Marco Belinelli,2,10:30,DET,shot,,,Antoine Wright,,,,,,,Rodney Stuckey,,,,missed,,jump,41,12
Austin Daye,Chris Wilcox,Kwame Brown,Rodney Stuckey,Will Bynum,Amir Johnson,Andrea Bargnani,Antoine Wright,Jarrett Jack,Marco Belinelli,2,10:28,TOR,rebound,,,,,,,,,,Amir Johnson,,,,,,def,,
Austin Daye,Chris Wilcox,Kwame Brown,Rodney Stuckey,Will Bynum,Amir Johnson,Andrea Bargnani,Antoine Wright,Jarrett Jack,Marco Belinelli,2,10:21,TOR,shot,Antoine Wright,,,,,,,,,Andrea Bargnani,2,,,made,,driving layup,25,6
Austin Daye,Chris Wilcox,Kwame Brown,Rodney Stuckey,Will Bynum,Amir Johnson,Andrea Bargnani,Antoine Wright,Jarrett Jack,Marco Belinelli,2,10:21,DET,foul,,,,,,,,Andrea Bargnani,,Chris Wilcox,,,,,,shooting,,
Austin Daye,Chris Wilcox,Kwame Brown,Rodney Stuckey,Will Bynum,Amir Johnson,Andrea Bargnani,Antoine Wright,Jarrett Jack,Marco Belinelli,2,10:21,TOR,free throw,,,,,,,1,,1,Andrea Bargnani,,,foul,missed,,,,
Austin Daye,Chris Wilcox,Kwame Brown,Rodney Stuckey,Will Bynum,Amir Johnson,Andrea Bargnani,Antoine Wright,Jarrett Jack,Marco Belinelli,2,10:21,DET,rebound,,,,,,,,,,Kwame Brown,,,,,,def,,
Austin Daye,Chris Wilcox,Kwame Brown,Rodney Stuckey,Will Bynum,Amir Johnson,Andrea Bargnani,Antoine Wright,Jarrett Jack,Marco Belinelli,2,10:04,DET,shot,Kwame Brown,,,,,,,,,Austin Daye,2,,,made,,layup,25,6
Austin Daye,Chris Wilcox,Kwame Brown,Rodney Stuckey,Will Bynum,Amir Johnson,Andrea Bargnani,Antoine Wright,Jarrett Jack,Marco Belinelli,2,9:59,TOR,shot,Jarrett Jack,,,,,,,,,Marco Belinelli,2,,,made,,driving layup,25,6
Austin Daye,Chris Wilcox,Kwame Brown,Rodney Stuckey,Will Bynum,Amir Johnson,Andrea Bargnani,Antoine Wright,Jarrett Jack,Marco Belinelli,2,9:59,DET,foul,,,,,,,,Marco Belinelli,,Rodney Stuckey,,,,,,shooting,,
Austin Daye,Chris Wilcox,Kwame Brown,Rodney Stuckey,Will Bynum,Amir Johnson,Andrea Bargnani,Antoine Wright,Jarrett Jack,Marco Belinelli,2,9:59,TOR,free throw,,,,,,,1,,1,Marco Belinelli,,,foul,missed,,,,
Austin Daye,Chris Wilcox,Kwame Brown,Rodney Stuckey,Will Bynum,Amir Johnson,Andrea Bargnani,Antoine Wright,Jarrett Jack,Marco Belinelli,2,9:58,DET,rebound,,,,,,,,,,Austin Daye,,,,,,def,,
Austin Daye,Chris Wilcox,Kwame Brown,Rodney Stuckey,Will Bynum,Amir Johnson,Andrea Bargnani,Antoine Wright,Jarrett Jack,Marco Belinelli,2,9:37,DET,shot,,,,,,,,,,Kwame Brown,,,,missed,,driving layup,25,6
Austin Daye,Chris Wilcox,Kwame Brown,Rodney Stuckey,Will Bynum,Amir Johnson,Andrea Bargnani,Antoine Wright,Jarrett Jack,Marco Belinelli,2,9:36,TOR,rebound,,,,,,,,,,Amir Johnson,,,,,,def,,
Austin Daye,Chris Wilcox,Kwame Brown,Rodney Stuckey,Will Bynum,Amir Johnson,Andrea Bargnani,Antoine Wright,Jarrett Jack,Marco Belinelli,2,9:30,DET,foul,,,,,,,,Amir Johnson,,Rodney Stuckey,,,,,,shooting,,
Austin Daye,Ben Gordon,Chris Wilcox,Kwame Brown,Will Bynum,Amir Johnson,Andrea Bargnani,Antoine Wright,Jarrett Jack,Marco Belinelli,2,9:30,DET,sub,,,,Ben Gordon,,Rodney Stuckey,,,,,,,,,,,,
Austin Daye,Ben Gordon,Chris Wilcox,Kwame Brown,Will Bynum,Amir Johnson,Andrea Bargnani,Antoine Wright,Jarrett Jack,Marco Belinelli,2,9:30,TOR,free throw,,,,,,,1,,2,Amir Johnson,,,foul,made,,,,
Austin Daye,Ben Gordon,Charlie Villanueva,Kwame Brown,Will Bynum,Amir Johnson,Andrea Bargnani,Antoine Wright,Jarrett Jack,Marco Belinelli,2,9:30,DET,sub,,,,Charlie Villanueva,,Chris Wilcox,,,,,,,,,,,,
Austin Daye,Ben Gordon,Ben Wallace,Charlie Villanueva,Will Bynum,Amir Johnson,Andrea Bargnani,Antoine Wright,Jarrett Jack,Marco Belinelli,2,9:30,DET,sub,,,,Ben Wallace,,Kwame Brown,,,,,,,,,,,,
Austin Daye,Ben Gordon,Ben Wallace,Charlie Villanueva,Will Bynum,Amir Johnson,Andrea Bargnani,Antoine Wright,Jarrett Jack,Marco Belinelli,2,9:30,TOR,free throw,,,,,,,2,,2,Amir Johnson,,,foul,made,,,,
Austin Daye,Ben Gordon,Ben Wallace,Charlie Villanueva,Will Bynum,Amir Johnson,Andrea Bargnani,Antoine Wright,Jarrett Jack,Marco Belinelli,2,9:22,DET,turnover,,,,,,,,,,Austin Daye,,,traveling,,,,,
Austin Daye,Ben Gordon,Ben Wallace,Charlie Villanueva,Will Bynum,Amir Johnson,Andrea Bargnani,Antoine Wright,Jarrett Jack,Marco Belinelli,2,9:14,DET,foul,,,,,,,,,,Austin Daye,,,,,,defense 3 second,,
Austin Daye,Ben Gordon,Ben Wallace,Charlie Villanueva,Will Bynum,Amir Johnson,Andrea Bargnani,Antoine Wright,Jarrett Jack,Marco Belinelli,2,9:14,TOR,free throw,,,,,,,1,,1,Marco Belinelli,,,technical,made,,,,
Austin Daye,Ben Gordon,Ben Wallace,Charlie Villanueva,Will Bynum,Amir Johnson,Andrea Bargnani,Antoine Wright,Jarrett Jack,Marco Belinelli,2,9:03,TOR,shot,,,,,,,,,,Antoine Wright,,,,missed,,pullup jump,40,8
Austin Daye,Ben Gordon,Ben Wallace,Charlie Villanueva,Will Bynum,Amir Johnson,Andrea Bargnani,Antoine Wright,Jarrett Jack,Marco Belinelli,2,9:02,TOR,rebound,,,,,,,,,,Amir Johnson,,,,,,off,,
Austin Daye,Ben Gordon,Ben Wallace,Charlie Villanueva,Will Bynum,Amir Johnson,Andrea Bargnani,Antoine Wright,Jarrett Jack,Marco Belinelli,2,9:00,TOR,shot,,,,,,,,,,Amir Johnson,2,,,made,,layup,25,6
Austin Daye,Ben Gordon,Ben Wallace,Charlie Villanueva,Will Bynum,Amir Johnson,Andrea Bargnani,Antoine Wright,Jarrett Jack,Marco Belinelli,2,8:52,DET,shot,,,,,,,,,,Ben Gordon,2,,,made,,pullup bank,38,9
Austin Daye,Ben Gordon,Ben Wallace,Charlie Villanueva,Will Bynum,Amir Johnson,Andrea Bargnani,Antoine Wright,Jarrett Jack,Marco Belinelli,2,8:41,TOR,shot,,,,,,,,,,Jarrett Jack,3,,,made,,3pt,25,32
Austin Daye,Ben Gordon,Ben Wallace,Charlie Villanueva,Will Bynum,Amir Johnson,Andrea Bargnani,Antoine Wright,Jarrett Jack,Marco Belinelli,2,8:20,DET,shot,,,,,,,,,,Charlie Villanueva,,,,missed,,3pt,26,32
Austin Daye,Ben Gordon,Ben Wallace,Charlie Villanueva,Will Bynum,Amir Johnson,Andrea Bargnani,Antoine Wright,Jarrett Jack,Marco Belinelli,2,8:19,TOR,rebound,,,,,,,,,,Andrea Bargnani,,,,,,def,,
Austin Daye,Ben Gordon,Ben Wallace,Charlie Villanueva,Will Bynum,Amir Johnson,Andrea Bargnani,Antoine Wright,Jarrett Jack,Marco Belinelli,2,8:13,TOR,shot,Jarrett Jack,,,,,,,,,Andrea Bargnani,2,,,made,,running slam dunk,25,6
Austin Daye,Ben Gordon,Ben Wallace,Charlie Villanueva,Will Bynum,Amir Johnson,Andrea Bargnani,Antoine Wright,Jarrett Jack,Marco Belinelli,2,8:05,DET,timeout,,,,,,,,,,,,,,,,regular,,
Austin Daye,Ben Gordon,Ben Wallace,Charlie Villanueva,Will Bynum,Amir Johnson,Andrea Bargnani,Antoine Wright,Jarrett Jack,Marco Belinelli,2,7:56,DET,shot,,,,,,,,,,Will Bynum,,,,missed,,running jump,26,15
Austin Daye,Ben Gordon,Ben Wallace,Charlie Villanueva,Will Bynum,Amir Johnson,Andrea Bargnani,Antoine Wright,Jarrett Jack,Marco Belinelli,2,7:55,DET,rebound,,,,,,,,,,Ben Wallace,,,,,,off,,
Austin Daye,Ben Gordon,Ben Wallace,Charlie Villanueva,Will Bynum,Amir Johnson,Andrea Bargnani,Antoine Wright,Jarrett Jack,Marco Belinelli,2,7:54,DET,shot,,,,,,,,,,Ben Wallace,2,,,made,,putback layup,25,6
Austin Daye,Ben Gordon,Ben Wallace,Charlie Villanueva,Will Bynum,Amir Johnson,Andrea Bargnani,Antoine Wright,Jarrett Jack,Marco Belinelli,2,7:41,TOR,turnover,,,,,,,,,,Marco Belinelli,,,out of bounds lost ball turnover,,,,,
Austin Daye,Ben Gordon,Ben Wallace,Charlie Villanueva,Will Bynum,Amir Johnson,Andrea Bargnani,Antoine Wright,Hedo Turkoglu,Jarrett Jack,2,7:41,TOR,sub,,,,Hedo Turkoglu,,Marco Belinelli,,,,,,,,,,,,
Austin Daye,Ben Gordon,Ben Wallace,Charlie Villanueva,Will Bynum,Amir Johnson,Andrea Bargnani,Antoine Wright,Hedo Turkoglu,Jarrett Jack,2,7:21,DET,shot,Will Bynum,,,,,,,,,Ben Gordon,3,,,made,,3pt,2,7
Austin Daye,Ben Gordon,Ben Wallace,Charlie Villanueva,Will Bynum,Amir Johnson,Andrea Bargnani,Antoine Wright,Hedo Turkoglu,Jarrett Jack,2,7:07,DET,foul,,,,,,,,Antoine Wright,,Austin Daye,,,,,,shooting,,
Austin Daye,Ben Gordon,Ben Wallace,Charlie Villanueva,Will Bynum,Amir Johnson,Andrea Bargnani,Antoine Wright,Hedo Turkoglu,Jarrett Jack,2,7:07,TOR,free throw,,,,,,,1,,2,Antoine Wright,,,foul,made,,,,
Austin Daye,Ben Gordon,Ben Wallace,Charlie Villanueva,Will Bynum,Andrea Bargnani,Antoine Wright,Chris Bosh,Hedo Turkoglu,Jarrett Jack,2,7:07,TOR,sub,,,,Chris Bosh,,Amir Johnson,,,,,,,,,,,,
Austin Daye,Ben Gordon,Ben Wallace,Charlie Villanueva,Will Bynum,Andrea Bargnani,Antoine Wright,Chris Bosh,Hedo Turkoglu,Jarrett Jack,2,7:07,TOR,free throw,,,,,,,2,,2,Antoine Wright,,,foul,made,,,,
Austin Daye,Ben Gordon,Ben Wallace,Charlie Villanueva,Will Bynum,Andrea Bargnani,Antoine Wright,Chris Bosh,Hedo Turkoglu,Jarrett Jack,2,6:49,DET,shot,,,,,,,,,,Austin Daye,,,,missed,,3pt,2,6
Austin Daye,Ben Gordon,Ben Wallace,Charlie Villanueva,Will Bynum,Andrea Bargnani,Antoine Wright,Chris Bosh,Hedo Turkoglu,Jarrett Jack,2,6:48,TOR,rebound,,,,,,,,,,Jarrett Jack,,,,,,def,,
Austin Daye,Ben Gordon,Ben Wallace,Charlie Villanueva,Will Bynum,Andrea Bargnani,Antoine Wright,Chris Bosh,Hedo Turkoglu,Jarrett Jack,2,6:45,TOR,turnover,,,,,,,,,,Jarrett Jack,,,lost ball,,Austin Daye,,,
Austin Daye,Ben Gordon,Ben Wallace,Charlie Villanueva,Will Bynum,Andrea Bargnani,Antoine Wright,Chris Bosh,Hedo Turkoglu,Jarrett Jack,2,6:42,DET,timeout,,,,,,,,,,,,,,,,short,,
Ben Gordon,Ben Wallace,Charlie Villanueva,Jonas Jerebko,Will Bynum,Andrea Bargnani,Antoine Wright,Chris Bosh,Hedo Turkoglu,Jarrett Jack,2,6:42,DET,sub,,,,Jonas Jerebko,,Austin Daye,,,,,,,,,,,,
Ben Gordon,Ben Wallace,Charlie Villanueva,Jonas Jerebko,Will Bynum,Andrea Bargnani,Antoine Wright,Chris Bosh,Hedo Turkoglu,Jarrett Jack,2,6:30,DET,shot,,,,,,,,,,Charlie Villanueva,,,,missed,,pullup jump,12,17
Ben Gordon,Ben Wallace,Charlie Villanueva,Jonas Jerebko,Will Bynum,Andrea Bargnani,Antoine Wright,Chris Bosh,Hedo Turkoglu,Jarrett Jack,2,6:29,DET,rebound,,,,,,,,,,,,,,,,,,
Ben Gordon,Ben Wallace,Charlie Villanueva,Jonas Jerebko,Will Bynum,Andrea Bargnani,Antoine Wright,Chris Bosh,Hedo Turkoglu,Jarrett Jack,2,6:29,TOR,foul,,,,,,,,Ben Wallace,,Hedo Turkoglu,,,,,,loose ball,,
Ben Gordon,Ben Wallace,Charlie Villanueva,Jonas Jerebko,Will Bynum,Andrea Bargnani,Antoine Wright,Chris Bosh,Hedo Turkoglu,Jarrett Jack,2,6:22,DET,shot,,,,,,,,,,Ben Gordon,,,,missed,,jump,42,18
Ben Gordon,Ben Wallace,Charlie Villanueva,Jonas Jerebko,Will Bynum,Andrea Bargnani,Antoine Wright,Chris Bosh,Hedo Turkoglu,Jarrett Jack,2,6:21,TOR,rebound,,,,,,,,,,Chris Bosh,,,,,,def,,
Ben Gordon,Ben Wallace,Charlie Villanueva,Jonas Jerebko,Will Bynum,Andrea Bargnani,Antoine Wright,Chris Bosh,Hedo Turkoglu,Jarrett Jack,2,6:15,TOR,turnover,,,,,,,,,,Chris Bosh,,,bad pass,,Will Bynum,,,
Ben Gordon,Ben Wallace,Charlie Villanueva,Jonas Jerebko,Will Bynum,Andrea Bargnani,Antoine Wright,Chris Bosh,Hedo Turkoglu,Jarrett Jack,2,6:13,DET,foul,,,,,,,,Jarrett Jack,,Will Bynum,,,,,,offensive,,
Ben Gordon,Ben Wallace,Charlie Villanueva,Jonas Jerebko,Will Bynum,Andrea Bargnani,Antoine Wright,Chris Bosh,Hedo Turkoglu,Jarrett Jack,2,6:13,DET,turnover,,,,,,,,,,Will Bynum,,,foul,,,,,
Ben Gordon,Ben Wallace,Charlie Villanueva,Jonas Jerebko,Will Bynum,Andrea Bargnani,Antoine Wright,Chris Bosh,Hedo Turkoglu,Jarrett Jack,2,5:53,TOR,shot,,,,,,,,,,Andrea Bargnani,2,,,made,,driving hook,26,12
Ben Gordon,Ben Wallace,Charlie Villanueva,Jonas Jerebko,Will Bynum,Andrea Bargnani,Antoine Wright,Chris Bosh,Hedo Turkoglu,Jarrett Jack,2,5:27,TOR,foul,,,,,,,,Ben Gordon,,Antoine Wright,,,,,,shooting,,
Ben Gordon,Ben Wallace,Charlie Villanueva,Jonas Jerebko,Will Bynum,Andrea Bargnani,Antoine Wright,Chris Bosh,Hedo Turkoglu,Jarrett Jack,2,5:27,DET,timeout,,,,,,,,,,,,,,,,official,,
Ben Gordon,Ben Wallace,Charlie Villanueva,Jonas Jerebko,Will Bynum,Andrea Bargnani,Chris Bosh,Hedo Turkoglu,Jarrett Jack,Jose Calderon,2,5:27,TOR,sub,,,,Jose Calderon,,Antoine Wright,,,,,,,,,,,,
Ben Gordon,Ben Wallace,Charlie Villanueva,Jonas Jerebko,Will Bynum,Andrea Bargnani,Chris Bosh,Hedo Turkoglu,Jarrett Jack,Jose Calderon,2,5:27,DET,free throw,,,,,,,1,,2,Ben Gordon,,,foul,made,,,,
Ben Gordon,Ben Wallace,Charlie Villanueva,Jonas Jerebko,Will Bynum,Andrea Bargnani,Chris Bosh,Hedo Turkoglu,Jarrett Jack,Jose Calderon,2,5:27,DET,free throw,,,,,,,2,,2,Ben Gordon,,,foul,made,,,,
Ben Gordon,Ben Wallace,Charlie Villanueva,Jonas Jerebko,Will Bynum,Andrea Bargnani,Chris Bosh,Hedo Turkoglu,Jarrett Jack,Jose Calderon,2,5:07,TOR,shot,,,,,,,,,,Jose Calderon,,,,missed,,3pt,2,8
Ben Gordon,Ben Wallace,Charlie Villanueva,Jonas Jerebko,Will Bynum,Andrea Bargnani,Chris Bosh,Hedo Turkoglu,Jarrett Jack,Jose Calderon,2,5:06,TOR,rebound,,,,,,,,,,,,,,,,,,
Ben Gordon,Ben Wallace,Charlie Villanueva,Jonas Jerebko,Will Bynum,Andrea Bargnani,Chris Bosh,Hedo Turkoglu,Jarrett Jack,Jose Calderon,2,5:06,DET,foul,,,,,,,,Chris Bosh,,Ben Wallace,,,,,,loose ball,,
Ben Gordon,Ben Wallace,Charlie Villanueva,Jonas Jerebko,Will Bynum,Andrea Bargnani,Chris Bosh,Hedo Turkoglu,Jarrett Jack,Jose Calderon,2,5:06,TOR,free throw,,,,,,,1,,2,Chris Bosh,,,foul,made,,,,
Ben Gordon,Ben Wallace,Charlie Villanueva,Jonas Jerebko,Will Bynum,Andrea Bargnani,Chris Bosh,Hedo Turkoglu,Jarrett Jack,Jose Calderon,2,5:06,TOR,free throw,,,,,,,2,,2,Chris Bosh,,,foul,missed,,,,
Ben Gordon,Ben Wallace,Charlie Villanueva,Jonas Jerebko,Will Bynum,Andrea Bargnani,Chris Bosh,Hedo Turkoglu,Jarrett Jack,Jose Calderon,2,5:05,DET,rebound,,,,,,,,,,Charlie Villanueva,,,,,,def,,
Ben Gordon,Ben Wallace,Charlie Villanueva,Jonas Jerebko,Will Bynum,Andrea Bargnani,Chris Bosh,Hedo Turkoglu,Jarrett Jack,Jose Calderon,2,4:47,DET,shot,Ben Gordon,,,,,,,,,Will Bynum,3,,,made,,3pt,48,7
Ben Gordon,Ben Wallace,Charlie Villanueva,Jonas Jerebko,Will Bynum,Andrea Bargnani,Chris Bosh,Hedo Turkoglu,Jarrett Jack,Jose Calderon,2,4:33,TOR,shot,,,,,,,,,,Hedo Turkoglu,2,,,made,,pullup jump,20,25
Ben Gordon,Ben Wallace,Charlie Villanueva,Jonas Jerebko,Will Bynum,Andrea Bargnani,Chris Bosh,Hedo Turkoglu,Jarrett Jack,Jose Calderon,2,4:07,DET,shot,,,,,,,,,,Charlie Villanueva,2,,,made,,turnaround bank hook,18,10
Ben Gordon,Ben Wallace,Charlie Villanueva,Jonas Jerebko,Will Bynum,Andrea Bargnani,Chris Bosh,Hedo Turkoglu,Jarrett Jack,Jose Calderon,2,3:59,DET,foul,,,,,,,,Chris Bosh,,Charlie Villanueva,,,,,,shooting,,
Ben Gordon,Ben Wallace,Charlie Villanueva,Jonas Jerebko,Will Bynum,Andrea Bargnani,Chris Bosh,Hedo Turkoglu,Jarrett Jack,Jose Calderon,2,3:59,TOR,free throw,,,,,,,1,,2,Chris Bosh,,,foul,made,,,,
Ben Gordon,Charlie Villanueva,Chris Wilcox,Jonas Jerebko,Will Bynum,Andrea Bargnani,Chris Bosh,Hedo Turkoglu,Jarrett Jack,Jose Calderon,2,3:59,DET,sub,,,,Chris Wilcox,,Ben Wallace,,,,,,,,,,,,
Ben Gordon,Charlie Villanueva,Chris Wilcox,Jonas Jerebko,Will Bynum,Andrea Bargnani,Chris Bosh,Hedo Turkoglu,Jarrett Jack,Jose Calderon,2,3:59,TOR,free throw,,,,,,,2,,2,Chris Bosh,,,foul,made,,,,
Ben Gordon,Charlie Villanueva,Chris Wilcox,Jonas Jerebko,Will Bynum,Andrea Bargnani,Chris Bosh,Hedo Turkoglu,Jarrett Jack,Jose Calderon,2,3:39,DET,turnover,,,,,,,,,,Jonas Jerebko,,,bad pass,,,,,
Ben Gordon,Charlie Villanueva,Chris Wilcox,Jonas Jerebko,Will Bynum,Andrea Bargnani,Chris Bosh,Hedo Turkoglu,Jarrett Jack,Jose Calderon,2,3:24,DET,foul,,,,,,,,Hedo Turkoglu,,Chris Wilcox,,,,,,shooting,,
Ben Gordon,Charlie Villanueva,Chris Wilcox,Jonas Jerebko,Will Bynum,Andrea Bargnani,Chris Bosh,Hedo Turkoglu,Jarrett Jack,Jose Calderon,2,3:24,TOR,free throw,,,,,,,1,,2,Hedo Turkoglu,,,foul,made,,,,
Ben Gordon,Charlie Villanueva,Chris Wilcox,Jonas Jerebko,Will Bynum,Andrea Bargnani,Chris Bosh,Hedo Turkoglu,Jarrett Jack,Jose Calderon,2,3:24,TOR,free throw,,,,,,,2,,2,Hedo Turkoglu,,,foul,made,,,,
Ben Gordon,Charlie Villanueva,Chris Wilcox,Jonas Jerebko,Will Bynum,Andrea Bargnani,Chris Bosh,Hedo Turkoglu,Jarrett Jack,Jose Calderon,2,3:16,TOR,foul,,,,,,,,Will Bynum,,Hedo Turkoglu,,,,,,shooting,,
Ben Gordon,Charlie Villanueva,Chris Wilcox,Jonas Jerebko,Will Bynum,Andrea Bargnani,Chris Bosh,Hedo Turkoglu,Jarrett Jack,Jose Calderon,2,3:16,DET,free throw,,,,,,,1,,2,Will Bynum,,,foul,made,,,,
Ben Gordon,Charlie Villanueva,Chris Wilcox,Jonas Jerebko,Will Bynum,Andrea Bargnani,Chris Bosh,Hedo Turkoglu,Jarrett Jack,Jose Calderon,2,3:16,DET,free throw,,,,,,,2,,2,Will Bynum,,,foul,made,,,,
Ben Gordon,Charlie Villanueva,Chris Wilcox,Jonas Jerebko,Will Bynum,Andrea Bargnani,Chris Bosh,Hedo Turkoglu,Jarrett Jack,Jose Calderon,2,3:01,DET,foul,,,,,,,,Chris Bosh,,Chris Wilcox,,,,,,shooting,,
Ben Gordon,Charlie Villanueva,Chris Wilcox,Jonas Jerebko,Will Bynum,Andrea Bargnani,Chris Bosh,Hedo Turkoglu,Jarrett Jack,Jose Calderon,2,3:01,TOR,free throw,,,,,,,1,,2,Chris Bosh,,,foul,made,,,,
Ben Gordon,Charlie Villanueva,Chris Wilcox,Jonas Jerebko,Will Bynum,Andrea Bargnani,Antoine Wright,Chris Bosh,Hedo Turkoglu,Jarrett Jack,2,3:01,TOR,sub,,,,Antoine Wright,,Jose Calderon,,,,,,,,,,,,
Ben Gordon,Charlie Villanueva,Chris Wilcox,Jonas Jerebko,Will Bynum,Andrea Bargnani,Antoine Wright,Chris Bosh,Hedo Turkoglu,Jarrett Jack,2,3:01,TOR,free throw,,,,,,,2,,2,Chris Bosh,,,foul,made,,,,
Ben Gordon,Charlie Villanueva,Chris Wilcox,Jonas Jerebko,Will Bynum,Andrea Bargnani,Antoine Wright,Chris Bosh,Hedo Turkoglu,Jarrett Jack,2,2:50,DET,shot,,,,,,,,,,Charlie Villanueva,,,,missed,,3pt,12,28
Ben Gordon,Charlie Villanueva,Chris Wilcox,Jonas Jerebko,Will Bynum,Andrea Bargnani,Antoine Wright,Chris Bosh,Hedo Turkoglu,Jarrett Jack,2,2:49,TOR,rebound,,,,,,,,,,Jarrett Jack,,,,,,def,,
Ben Gordon,Charlie Villanueva,Chris Wilcox,Jonas Jerebko,Will Bynum,Andrea Bargnani,Antoine Wright,Chris Bosh,Hedo Turkoglu,Jarrett Jack,2,2:43,TOR,shot,Jarrett Jack,,,,,,,,,Hedo Turkoglu,3,,,made,,3pt,44,22
Ben Gordon,Charlie Villanueva,Chris Wilcox,Jonas Jerebko,Will Bynum,Andrea Bargnani,Antoine Wright,Chris Bosh,Hedo Turkoglu,Jarrett Jack,2,2:17,DET,shot,,,,,,,,,,Ben Gordon,2,,,made,,driving reverse layup,25,6
Ben Gordon,Charlie Villanueva,Chris Wilcox,Jonas Jerebko,Will Bynum,Andrea Bargnani,Antoine Wright,Chris Bosh,Hedo Turkoglu,Jarrett Jack,2,2:05,TOR,shot,,,,,,,,,,Chris Bosh,,,,missed,,jump,29,24
Ben Gordon,Charlie Villanueva,Chris Wilcox,Jonas Jerebko,Will Bynum,Andrea Bargnani,Antoine Wright,Chris Bosh,Hedo Turkoglu,Jarrett Jack,2,2:04,TOR,rebound,,,,,,,,,,Hedo Turkoglu,,,,,,off,,
Ben Gordon,Charlie Villanueva,Chris Wilcox,Jonas Jerebko,Will Bynum,Andrea Bargnani,Antoine Wright,Chris Bosh,Hedo Turkoglu,Jarrett Jack,2,2:02,TOR,shot,,,,,,,,,,Hedo Turkoglu,,,,missed,,tip,25,6
Ben Gordon,Charlie Villanueva,Chris Wilcox,Jonas Jerebko,Will Bynum,Andrea Bargnani,Antoine Wright,Chris Bosh,Hedo Turkoglu,Jarrett Jack,2,2:01,DET,rebound,,,,,,,,,,Chris Wilcox,,,,,,def,,
Ben Gordon,Charlie Villanueva,Chris Wilcox,Jonas Jerebko,Will Bynum,Andrea Bargnani,Antoine Wright,Chris Bosh,Hedo Turkoglu,Jarrett Jack,2,1:53,DET,shot,Will Bynum,,,,,,,,,Charlie Villanueva,2,,,made,,driving layup,25,6
Ben Gordon,Charlie Villanueva,Chris Wilcox,Jonas Jerebko,Will Bynum,Andrea Bargnani,Antoine Wright,Chris Bosh,Hedo Turkoglu,Jarrett Jack,2,1:53,TOR,foul,,,,,,,,Charlie Villanueva,,Andrea Bargnani,,,,,,shooting,,
Ben Gordon,Charlie Villanueva,Chris Wilcox,Jonas Jerebko,Will Bynum,Andrea Bargnani,Antoine Wright,Chris Bosh,Hedo Turkoglu,Jarrett Jack,2,1:53,TOR,timeout,,,,,,,,,,,,,,,,regular,,
Ben Gordon,Charlie Villanueva,Chris Wilcox,Jonas Jerebko,Will Bynum,Antoine Wright,Chris Bosh,Hedo Turkoglu,Jarrett Jack,Jose Calderon,2,1:53,TOR,sub,,,,Jose Calderon,,Andrea Bargnani,,,,,,,,,,,,
Ben Gordon,Charlie Villanueva,Chris Wilcox,Jonas Jerebko,Will Bynum,Antoine Wright,Chris Bosh,Hedo Turkoglu,Jarrett Jack,Jose Calderon,2,1:53,DET,free throw,,,,,,,1,,1,Charlie Villanueva,,,foul,missed,,,,
Ben Gordon,Charlie Villanueva,Chris Wilcox,Jonas Jerebko,Will Bynum,Antoine Wright,Chris Bosh,Hedo Turkoglu,Jarrett Jack,Jose Calderon,2,1:53,TOR,rebound,,,,,,,,,,Antoine Wright,,,,,,def,,
Ben Gordon,Charlie Villanueva,Chris Wilcox,Jonas Jerebko,Will Bynum,Antoine Wright,Chris Bosh,Hedo Turkoglu,Jarrett Jack,Jose Calderon,2,1:41,TOR,shot,Hedo Turkoglu,,,,,,,,,Chris Bosh,2,,,made,,running slam dunk,25,6
Ben Gordon,Charlie Villanueva,Chris Wilcox,Jonas Jerebko,Will Bynum,Antoine Wright,Chris Bosh,Hedo Turkoglu,Jarrett Jack,Jose Calderon,2,1:20,TOR,foul,,,,,,,,Jonas Jerebko,,Antoine Wright,,,,,,personal,,
Ben Gordon,Charlie Villanueva,Chris Wilcox,Jonas Jerebko,Will Bynum,Antoine Wright,Chris Bosh,Hedo Turkoglu,Jarrett Jack,Jose Calderon,2,1:20,DET,free throw,,,,,,,1,,2,Jonas Jerebko,,,foul,made,,,,
Ben Gordon,Charlie Villanueva,Chris Wilcox,Jonas Jerebko,Will Bynum,Antoine Wright,Chris Bosh,Hedo Turkoglu,Jarrett Jack,Jose Calderon,2,1:20,DET,free throw,,,,,,,2,,2,Jonas Jerebko,,,foul,missed,,,,
Ben Gordon,Charlie Villanueva,Chris Wilcox,Jonas Jerebko,Will Bynum,Antoine Wright,Chris Bosh,Hedo Turkoglu,Jarrett Jack,Jose Calderon,2,1:19,TOR,rebound,,,,,,,,,,Chris Bosh,,,,,,def,,
Ben Gordon,Charlie Villanueva,Chris Wilcox,Jonas Jerebko,Will Bynum,Antoine Wright,Chris Bosh,Hedo Turkoglu,Jarrett Jack,Jose Calderon,2,1:19,DET,foul,,,,,,,,Chris Bosh,,Chris Wilcox,,,,,,personal,,
Ben Gordon,Charlie Villanueva,Chris Wilcox,Jonas Jerebko,Will Bynum,Antoine Wright,Chris Bosh,Hedo Turkoglu,Jarrett Jack,Jose Calderon,2,1:19,TOR,free throw,,,,,,,1,,2,Chris Bosh,,,foul,made,,,,
Ben Gordon,Charlie Villanueva,Jason Maxiell,Jonas Jerebko,Will Bynum,Antoine Wright,Chris Bosh,Hedo Turkoglu,Jarrett Jack,Jose Calderon,2,1:19,DET,sub,,,,Jason Maxiell,,Chris Wilcox,,,,,,,,,,,,
Ben Gordon,Charlie Villanueva,Jason Maxiell,Jonas Jerebko,Will Bynum,Antoine Wright,Chris Bosh,Hedo Turkoglu,Jarrett Jack,Jose Calderon,2,1:19,TOR,free throw,,,,,,,2,,2,Chris Bosh,,,foul,missed,,,,
Ben Gordon,Charlie Villanueva,Jason Maxiell,Jonas Jerebko,Will Bynum,Antoine Wright,Chris Bosh,Hedo Turkoglu,Jarrett Jack,Jose Calderon,2,1:18,DET,rebound,,,,,,,,,,Charlie Villanueva,,,,,,def,,
Ben Gordon,Charlie Villanueva,Jason Maxiell,Jonas Jerebko,Will Bynum,Antoine Wright,Chris Bosh,Hedo Turkoglu,Jarrett Jack,Jose Calderon,2,1:02,TOR,foul,,,,,,,,Will Bynum,,Jarrett Jack,,,,,,personal,,
Ben Gordon,Charlie Villanueva,Jason Maxiell,Jonas Jerebko,Will Bynum,Antoine Wright,Chris Bosh,Hedo Turkoglu,Jarrett Jack,Jose Calderon,2,1:02,DET,free throw,,,,,,,1,,2,Will Bynum,,,foul,missed,,,,
Ben Gordon,Charlie Villanueva,Jason Maxiell,Jonas Jerebko,Will Bynum,Antoine Wright,Chris Bosh,Hedo Turkoglu,Jarrett Jack,Jose Calderon,2,1:02,DET,rebound,,,,,,,,,,,,,,,,,,
Ben Gordon,Charlie Villanueva,Jason Maxiell,Jonas Jerebko,Will Bynum,Antoine Wright,Chris Bosh,Hedo Turkoglu,Jarrett Jack,Jose Calderon,2,1:02,DET,free throw,,,,,,,2,,2,Will Bynum,,,foul,made,,,,
Ben Gordon,Charlie Villanueva,Jason Maxiell,Jonas Jerebko,Will Bynum,Antoine Wright,Chris Bosh,Hedo Turkoglu,Jarrett Jack,Jose Calderon,2,0:50,DET,foul,,,,,,,,Chris Bosh,,Charlie Villanueva,,,,,,shooting,,
Ben Gordon,Charlie Villanueva,Jason Maxiell,Jonas Jerebko,Will Bynum,Antoine Wright,Chris Bosh,Hedo Turkoglu,Jarrett Jack,Jose Calderon,2,0:50,TOR,free throw,,,,,,,1,,2,Chris Bosh,,,foul,made,,,,
Ben Gordon,Charlie Villanueva,Jason Maxiell,Jonas Jerebko,Will Bynum,Antoine Wright,Chris Bosh,Hedo Turkoglu,Jarrett Jack,Jose Calderon,2,0:50,TOR,free throw,,,,,,,2,,2,Chris Bosh,,,foul,missed,,,,
Ben Gordon,Charlie Villanueva,Jason Maxiell,Jonas Jerebko,Will Bynum,Antoine Wright,Chris Bosh,Hedo Turkoglu,Jarrett Jack,Jose Calderon,2,0:49,DET,rebound,,,,,,,,,,Charlie Villanueva,,,,,,def,,
Ben Gordon,Charlie Villanueva,Jason Maxiell,Jonas Jerebko,Will Bynum,Antoine Wright,Chris Bosh,Hedo Turkoglu,Jarrett Jack,Jose Calderon,2,0:32,DET,shot,Will Bynum,,,,,,,,,Jonas Jerebko,3,,,made,,3pt,1,7
Ben Gordon,Charlie Villanueva,Jason Maxiell,Jonas Jerebko,Will Bynum,Antoine Wright,Chris Bosh,Hedo Turkoglu,Jarrett Jack,Jose Calderon,2,0:21,TOR,shot,Hedo Turkoglu,,,,,,,,,Antoine Wright,3,,,made,,3pt,48,6
Ben Gordon,Charlie Villanueva,Jason Maxiell,Jonas Jerebko,Will Bynum,Antoine Wright,Chris Bosh,Hedo Turkoglu,Jarrett Jack,Jose Calderon,2,0:04,DET,turnover,,,,,,,,,,Will Bynum,,,lost ball,,Jose Calderon,,,
Ben Gordon,Charlie Villanueva,Jason Maxiell,Jonas Jerebko,Will Bynum,Antoine Wright,Chris Bosh,Hedo Turkoglu,Jarrett Jack,Jose Calderon,2,0:00,DET,foul,,,,,,,,Jarrett Jack,,Jonas Jerebko,,,,,,shooting,,
Ben Gordon,Charlie Villanueva,Jason Maxiell,Jonas Jerebko,Will Bynum,Antoine Wright,Chris Bosh,Hedo Turkoglu,Jarrett Jack,Jose Calderon,2,0:00,TOR,free throw,,,,,,,1,,2,Jarrett Jack,,,foul,made,,,,
Ben Gordon,Charlie Villanueva,Jason Maxiell,Jonas Jerebko,Will Bynum,Antoine Wright,Chris Bosh,Hedo Turkoglu,Jarrett Jack,Jose Calderon,2,0:00,TOR,free throw,,,,,,,2,,2,Jarrett Jack,,,foul,made,,,,
Ben Gordon,Ben Wallace,Charlie Villanueva,Jonas Jerebko,Rodney Stuckey,Andrea Bargnani,Chris Bosh,DeMar DeRozan,Hedo Turkoglu,Jose Calderon,3,11:50,DET,foul,,,,,,,,Chris Bosh,,Charlie Villanueva,,,,,,shooting,,
Ben Gordon,Ben Wallace,Charlie Villanueva,Jonas Jerebko,Rodney Stuckey,Andrea Bargnani,Chris Bosh,DeMar DeRozan,Hedo Turkoglu,Jose Calderon,3,11:50,TOR,free throw,,,,,,,1,,2,Chris Bosh,,,foul,made,,,,
Ben Gordon,Ben Wallace,Charlie Villanueva,Jonas Jerebko,Rodney Stuckey,Andrea Bargnani,Chris Bosh,DeMar DeRozan,Hedo Turkoglu,Jose Calderon,3,11:50,TOR,free throw,,,,,,,2,,2,Chris Bosh,,,foul,made,,,,
Ben Gordon,Ben Wallace,Charlie Villanueva,Jonas Jerebko,Rodney Stuckey,Andrea Bargnani,Chris Bosh,DeMar DeRozan,Hedo Turkoglu,Jose Calderon,3,11:30,DET,shot,,,,,,,,,,Charlie Villanueva,,,,missed,,3pt,2,7
Ben Gordon,Ben Wallace,Charlie Villanueva,Jonas Jerebko,Rodney Stuckey,Andrea Bargnani,Chris Bosh,DeMar DeRozan,Hedo Turkoglu,Jose Calderon,3,11:29,TOR,rebound,,,,,,,,,,Hedo Turkoglu,,,,,,def,,
Ben Gordon,Ben Wallace,Charlie Villanueva,Jonas Jerebko,Rodney Stuckey,Andrea Bargnani,Chris Bosh,DeMar DeRozan,Hedo Turkoglu,Jose Calderon,3,11:13,TOR,shot,DeMar DeRozan,,,,,,,,,Hedo Turkoglu,2,,,made,,fade away jumper,39,8
Ben Gordon,Ben Wallace,Charlie Villanueva,Jonas Jerebko,Rodney Stuckey,Andrea Bargnani,Chris Bosh,DeMar DeRozan,Hedo Turkoglu,Jose Calderon,3,10:48,DET,shot,,,,,,,,,,Charlie Villanueva,2,,,made,,jump hook,36,10
Ben Gordon,Ben Wallace,Charlie Villanueva,Jonas Jerebko,Rodney Stuckey,Andrea Bargnani,Chris Bosh,DeMar DeRozan,Hedo Turkoglu,Jose Calderon,3,10:29,TOR,shot,,,Jonas Jerebko,,,,,,,DeMar DeRozan,,,,missed,,driving layup,25,6
Ben Gordon,Ben Wallace,Charlie Villanueva,Jonas Jerebko,Rodney Stuckey,Andrea Bargnani,Chris Bosh,DeMar DeRozan,Hedo Turkoglu,Jose Calderon,3,10:27,TOR,rebound,,,,,,,,,,DeMar DeRozan,,,,,,off,,
Ben Gordon,Ben Wallace,Charlie Villanueva,Jonas Jerebko,Rodney Stuckey,Andrea Bargnani,Chris Bosh,DeMar DeRozan,Hedo Turkoglu,Jose Calderon,3,10:26,TOR,shot,,,Jonas Jerebko,,,,,,,DeMar DeRozan,,,,missed,,reverse layup,25,6
Ben Gordon,Ben Wallace,Charlie Villanueva,Jonas Jerebko,Rodney Stuckey,Andrea Bargnani,Chris Bosh,DeMar DeRozan,Hedo Turkoglu,Jose Calderon,3,10:24,DET,rebound,,,,,,,,,,Charlie Villanueva,,,,,,def,,
Ben Gordon,Ben Wallace,Charlie Villanueva,Jonas Jerebko,Rodney Stuckey,Andrea Bargnani,Chris Bosh,DeMar DeRozan,Hedo Turkoglu,Jose Calderon,3,10:09,DET,shot,Ben Wallace,,,,,,,,,Jonas Jerebko,2,,,made,,layup,25,6
Ben Gordon,Ben Wallace,Charlie Villanueva,Jonas Jerebko,Rodney Stuckey,Andrea Bargnani,Chris Bosh,DeMar DeRozan,Hedo Turkoglu,Jose Calderon,3,9:51,TOR,shot,,,,,,,,,,Andrea Bargnani,,,,missed,,jump,12,24
Ben Gordon,Ben Wallace,Charlie Villanueva,Jonas Jerebko,Rodney Stuckey,Andrea Bargnani,Chris Bosh,DeMar DeRozan,Hedo Turkoglu,Jose Calderon,3,9:49,DET,rebound,,,,,,,,,,Charlie Villanueva,,,,,,def,,
Ben Gordon,Ben Wallace,Charlie Villanueva,Jonas Jerebko,Rodney Stuckey,Andrea Bargnani,Chris Bosh,DeMar DeRozan,Hedo Turkoglu,Jose Calderon,3,9:26,DET,shot,,,Jose Calderon,,,,,,,Rodney Stuckey,,,,missed,,running jump,17,11
Ben Gordon,Ben Wallace,Charlie Villanueva,Jonas Jerebko,Rodney Stuckey,Andrea Bargnani,Chris Bosh,DeMar DeRozan,Hedo Turkoglu,Jose Calderon,3,9:25,TOR,rebound,,,,,,,,,,Andrea Bargnani,,,,,,def,,
Ben Gordon,Ben Wallace,Charlie Villanueva,Jonas Jerebko,Rodney Stuckey,Andrea Bargnani,Chris Bosh,DeMar DeRozan,Hedo Turkoglu,Jose Calderon,3,9:16,TOR,turnover,,,,,,,,,,Jose Calderon,,,bad pass,,Charlie Villanueva,,,
Ben Gordon,Ben Wallace,Charlie Villanueva,Jonas Jerebko,Rodney Stuckey,Andrea Bargnani,Chris Bosh,DeMar DeRozan,Hedo Turkoglu,Jose Calderon,3,9:12,TOR,foul,,,,,,,,Rodney Stuckey,,Jose Calderon,,,,,,personal,,
Ben Gordon,Ben Wallace,Charlie Villanueva,Jonas Jerebko,Rodney Stuckey,Andrea Bargnani,Chris Bosh,DeMar DeRozan,Hedo Turkoglu,Jose Calderon,3,9:01,DET,shot,,,,,,,,,,Ben Gordon,2,,,made,,running jump,19,10
Ben Gordon,Ben Wallace,Charlie Villanueva,Jonas Jerebko,Rodney Stuckey,Andrea Bargnani,Chris Bosh,DeMar DeRozan,Hedo Turkoglu,Jose Calderon,3,8:45,DET,foul,,,,,,,,Chris Bosh,,Jonas Jerebko,,,,,,shooting,,
Ben Gordon,Ben Wallace,Charlie Villanueva,Jonas Jerebko,Rodney Stuckey,Andrea Bargnani,Chris Bosh,DeMar DeRozan,Hedo Turkoglu,Jose Calderon,3,8:45,TOR,free throw,,,,,,,1,,2,Chris Bosh,,,foul,made,,,,
Ben Gordon,Ben Wallace,Charlie Villanueva,Jonas Jerebko,Rodney Stuckey,Andrea Bargnani,Chris Bosh,DeMar DeRozan,Hedo Turkoglu,Jose Calderon,3,8:45,TOR,free throw,,,,,,,2,,2,Chris Bosh,,,foul,made,,,,
Ben Gordon,Ben Wallace,Charlie Villanueva,Jonas Jerebko,Rodney Stuckey,Andrea Bargnani,Chris Bosh,DeMar DeRozan,Hedo Turkoglu,Jose Calderon,3,8:28,TOR,foul,,,,,,,,Ben Gordon,,DeMar DeRozan,,,,,,personal,,
Ben Gordon,Ben Wallace,Charlie Villanueva,Jonas Jerebko,Rodney Stuckey,Andrea Bargnani,Chris Bosh,DeMar DeRozan,Hedo Turkoglu,Jose Calderon,3,8:16,DET,shot,,,,,,,,,,Ben Gordon,,,,missed,,jump,42,19
Ben Gordon,Ben Wallace,Charlie Villanueva,Jonas Jerebko,Rodney Stuckey,Andrea Bargnani,Chris Bosh,DeMar DeRozan,Hedo Turkoglu,Jose Calderon,3,8:16,TOR,rebound,,,,,,,,,,Chris Bosh,,,,,,def,,
Ben Gordon,Ben Wallace,Charlie Villanueva,Jonas Jerebko,Rodney Stuckey,Andrea Bargnani,Chris Bosh,DeMar DeRozan,Hedo Turkoglu,Jose Calderon,3,8:04,TOR,shot,,,,,,,,,,Jose Calderon,2,,,made,,driving layup,25,6
Ben Gordon,Ben Wallace,Charlie Villanueva,Jonas Jerebko,Rodney Stuckey,Andrea Bargnani,Chris Bosh,DeMar DeRozan,Hedo Turkoglu,Jose Calderon,3,7:44,DET,turnover,,,,,,,,,,Charlie Villanueva,,,lost ball,,Jose Calderon,,,
Ben Gordon,Ben Wallace,Charlie Villanueva,Jonas Jerebko,Rodney Stuckey,Andrea Bargnani,Chris Bosh,DeMar DeRozan,Hedo Turkoglu,Jose Calderon,3,7:31,TOR,shot,,,,,,,,,,Andrea Bargnani,,,,missed,,3pt,37,27
Ben Gordon,Ben Wallace,Charlie Villanueva,Jonas Jerebko,Rodney Stuckey,Andrea Bargnani,Chris Bosh,DeMar DeRozan,Hedo Turkoglu,Jose Calderon,3,7:30,TOR,rebound,,,,,,,,,,DeMar DeRozan,,,,,,off,,
Ben Gordon,Ben Wallace,Charlie Villanueva,Jonas Jerebko,Rodney Stuckey,Andrea Bargnani,Chris Bosh,DeMar DeRozan,Hedo Turkoglu,Jose Calderon,3,7:15,TOR,shot,,,,,,,,,,Hedo Turkoglu,,,,missed,,3pt,28,33
Ben Gordon,Ben Wallace,Charlie Villanueva,Jonas Jerebko,Rodney Stuckey,Andrea Bargnani,Chris Bosh,DeMar DeRozan,Hedo Turkoglu,Jose Calderon,3,7:14,TOR,rebound,,,,,,,,,,Chris Bosh,,,,,,off,,
Ben Gordon,Ben Wallace,Charlie Villanueva,Jonas Jerebko,Rodney Stuckey,Andrea Bargnani,Chris Bosh,DeMar DeRozan,Hedo Turkoglu,Jose Calderon,3,7:12,TOR,shot,,,,,,,,,,Chris Bosh,,,,missed,,tip,25,6
Ben Gordon,Ben Wallace,Charlie Villanueva,Jonas Jerebko,Rodney Stuckey,Andrea Bargnani,Chris Bosh,DeMar DeRozan,Hedo Turkoglu,Jose Calderon,3,7:11,DET,rebound,,,,,,,,,,Charlie Villanueva,,,,,,def,,
Ben Gordon,Ben Wallace,Charlie Villanueva,Jonas Jerebko,Rodney Stuckey,Andrea Bargnani,Chris Bosh,DeMar DeRozan,Hedo Turkoglu,Jose Calderon,3,7:01,DET,timeout,,,,,,,,,,,,,,,,regular,,
Ben Gordon,Ben Wallace,Chris Wilcox,Jonas Jerebko,Rodney Stuckey,Andrea Bargnani,Chris Bosh,DeMar DeRozan,Hedo Turkoglu,Jose Calderon,3,7:01,DET,sub,,,,Chris Wilcox,,Charlie Villanueva,,,,,,,,,,,,
Ben Gordon,Ben Wallace,Chris Wilcox,Jonas Jerebko,Rodney Stuckey,Andrea Bargnani,Chris Bosh,DeMar DeRozan,Hedo Turkoglu,Jose Calderon,3,6:52,DET,shot,,,,,,,,,,Chris Wilcox,,,,missed,,jump,41,9
Ben Gordon,Ben Wallace,Chris Wilcox,Jonas Jerebko,Rodney Stuckey,Andrea Bargnani,Chris Bosh,DeMar DeRozan,Hedo Turkoglu,Jose Calderon,3,6:51,TOR,rebound,,,,,,,,,,Andrea Bargnani,,,,,,def,,
Ben Gordon,Ben Wallace,Chris Wilcox,Jonas Jerebko,Rodney Stuckey,Andrea Bargnani,Chris Bosh,DeMar DeRozan,Hedo Turkoglu,Jose Calderon,3,6:27,DET,foul,,,,,,,,Chris Bosh,,Jonas Jerebko,,,,,,shooting,,
Ben Gordon,Ben Wallace,Chris Wilcox,Jonas Jerebko,Rodney Stuckey,Andrea Bargnani,Chris Bosh,DeMar DeRozan,Hedo Turkoglu,Jose Calderon,3,6:27,TOR,free throw,,,,,,,1,,2,Chris Bosh,,,foul,made,,,,
Ben Gordon,Ben Wallace,Chris Wilcox,Rodney Stuckey,Will Bynum,Andrea Bargnani,Chris Bosh,DeMar DeRozan,Hedo Turkoglu,Jose Calderon,3,6:27,DET,sub,,,,Will Bynum,,Jonas Jerebko,,,,,,,,,,,,
Ben Gordon,Ben Wallace,Chris Wilcox,Rodney Stuckey,Will Bynum,Andrea Bargnani,Chris Bosh,DeMar DeRozan,Hedo Turkoglu,Jose Calderon,3,6:27,TOR,free throw,,,,,,,2,,2,Chris Bosh,,,foul,missed,,,,
Ben Gordon,Ben Wallace,Chris Wilcox,Rodney Stuckey,Will Bynum,Andrea Bargnani,Chris Bosh,DeMar DeRozan,Hedo Turkoglu,Jose Calderon,3,6:26,DET,rebound,,,,,,,,,,Ben Wallace,,,,,,def,,
Ben Gordon,Ben Wallace,Chris Wilcox,Rodney Stuckey,Will Bynum,Andrea Bargnani,Chris Bosh,DeMar DeRozan,Hedo Turkoglu,Jose Calderon,3,6:08,DET,turnover,,,,,,,,,,Chris Wilcox,,,lost ball,,Chris Bosh,,,
Ben Gordon,Ben Wallace,Chris Wilcox,Rodney Stuckey,Will Bynum,Andrea Bargnani,Chris Bosh,DeMar DeRozan,Hedo Turkoglu,Jose Calderon,3,5:59,TOR,shot,Hedo Turkoglu,,,,,,,,,Andrea Bargnani,2,,,made,,pullup jump,24,21
Ben Gordon,Ben Wallace,Chris Wilcox,Rodney Stuckey,Will Bynum,Andrea Bargnani,Chris Bosh,DeMar DeRozan,Hedo Turkoglu,Jose Calderon,3,5:38,DET,shot,,,,,,,,,,Rodney Stuckey,,,,missed,,driving layup,25,6
Ben Gordon,Ben Wallace,Chris Wilcox,Rodney Stuckey,Will Bynum,Andrea Bargnani,Chris Bosh,DeMar DeRozan,Hedo Turkoglu,Jose Calderon,3,5:36,TOR,rebound,,,,,,,,,,Andrea Bargnani,,,,,,def,,
Ben Gordon,Ben Wallace,Chris Wilcox,Rodney Stuckey,Will Bynum,Andrea Bargnani,Chris Bosh,DeMar DeRozan,Hedo Turkoglu,Jose Calderon,3,5:18,TOR,shot,,,,,,,,,,Andrea Bargnani,,,,missed,,pullup jump,28,26
Ben Gordon,Ben Wallace,Chris Wilcox,Rodney Stuckey,Will Bynum,Andrea Bargnani,Chris Bosh,DeMar DeRozan,Hedo Turkoglu,Jose Calderon,3,5:16,DET,rebound,,,,,,,,,,Chris Wilcox,,,,,,def,,
Ben Gordon,Ben Wallace,Chris Wilcox,Rodney Stuckey,Will Bynum,Andrea Bargnani,Chris Bosh,DeMar DeRozan,Hedo Turkoglu,Jose Calderon,3,4:55,DET,shot,Will Bynum,,,,,,,,,Ben Wallace,2,,,made,,slam dunk,25,6
Ben Gordon,Ben Wallace,Chris Wilcox,Rodney Stuckey,Will Bynum,Andrea Bargnani,Chris Bosh,DeMar DeRozan,Hedo Turkoglu,Jose Calderon,3,4:44,TOR,shot,,,,,,,,,,DeMar DeRozan,,,,missed,,pullup jump,14,20
Ben Gordon,Ben Wallace,Chris Wilcox,Rodney Stuckey,Will Bynum,Andrea Bargnani,Chris Bosh,DeMar DeRozan,Hedo Turkoglu,Jose Calderon,3,4:43,DET,rebound,,,,,,,,,,Chris Wilcox,,,,,,def,,
Ben Gordon,Ben Wallace,Chris Wilcox,Rodney Stuckey,Will Bynum,Andrea Bargnani,Chris Bosh,DeMar DeRozan,Hedo Turkoglu,Jose Calderon,3,4:36,DET,shot,Rodney Stuckey,,,,,,,,,Ben Gordon,3,,,made,,3pt,2,5
Ben Gordon,Ben Wallace,Chris Wilcox,Rodney Stuckey,Will Bynum,Andrea Bargnani,Chris Bosh,DeMar DeRozan,Hedo Turkoglu,Jose Calderon,3,4:36,TOR,timeout,,,,,,,,,,,,,,,,regular,,
Ben Gordon,Ben Wallace,Chris Wilcox,Rodney Stuckey,Will Bynum,Antoine Wright,Chris Bosh,DeMar DeRozan,Hedo Turkoglu,Jose Calderon,3,4:36,TOR,sub,,,,Antoine Wright,,Andrea Bargnani,,,,,,,,,,,,
Ben Gordon,Ben Wallace,Chris Wilcox,Rodney Stuckey,Will Bynum,Antoine Wright,Chris Bosh,Hedo Turkoglu,Jarrett Jack,Jose Calderon,3,4:36,TOR,sub,,,,Jarrett Jack,,DeMar DeRozan,,,,,,,,,,,,
Ben Gordon,Ben Wallace,Chris Wilcox,Rodney Stuckey,Will Bynum,Antoine Wright,Chris Bosh,Hedo Turkoglu,Jarrett Jack,Jose Calderon,3,4:21,TOR,shot,,,,,,,,,,Jose Calderon,,,,missed,,jump,5,15
Ben Gordon,Ben Wallace,Chris Wilcox,Rodney Stuckey,Will Bynum,Antoine Wright,Chris Bosh,Hedo Turkoglu,Jarrett Jack,Jose Calderon,3,4:20,DET,rebound,,,,,,,,,,Ben Wallace,,,,,,def,,
Ben Gordon,Ben Wallace,Chris Wilcox,Rodney Stuckey,Will Bynum,Antoine Wright,Chris Bosh,Hedo Turkoglu,Jarrett Jack,Jose Calderon,3,4:11,DET,shot,,,,,,,,,,Chris Wilcox,,,,missed,,jump,24,14
Ben Gordon,Ben Wallace,Chris Wilcox,Rodney Stuckey,Will Bynum,Antoine Wright,Chris Bosh,Hedo Turkoglu,Jarrett Jack,Jose Calderon,3,4:09,DET,rebound,,,,,,,,,,Ben Wallace,,,,,,off,,
Ben Gordon,Ben Wallace,Chris Wilcox,Rodney Stuckey,Will Bynum,Antoine Wright,Chris Bosh,Hedo Turkoglu,Jarrett Jack,Jose Calderon,3,4:07,DET,shot,,,,,,,,,,Ben Wallace,2,,,made,,putback dunk,25,6
Ben Gordon,Ben Wallace,Chris Wilcox,Rodney Stuckey,Will Bynum,Antoine Wright,Chris Bosh,Hedo Turkoglu,Jarrett Jack,Jose Calderon,3,3:57,TOR,shot,,,,,,,,,,Chris Bosh,,,,missed,,jump,25,24
Ben Gordon,Ben Wallace,Chris Wilcox,Rodney Stuckey,Will Bynum,Antoine Wright,Chris Bosh,Hedo Turkoglu,Jarrett Jack,Jose Calderon,3,3:56,DET,rebound,,,,,,,,,,Rodney Stuckey,,,,,,def,,
Ben Gordon,Ben Wallace,Chris Wilcox,Rodney Stuckey,Will Bynum,Antoine Wright,Chris Bosh,Hedo Turkoglu,Jarrett Jack,Jose Calderon,3,3:35,DET,shot,,,,,,,,,,Chris Wilcox,,,,missed,,driving hook,24,15
Ben Gordon,Ben Wallace,Chris Wilcox,Rodney Stuckey,Will Bynum,Antoine Wright,Chris Bosh,Hedo Turkoglu,Jarrett Jack,Jose Calderon,3,3:34,TOR,rebound,,,,,,,,,,Antoine Wright,,,,,,def,,
Ben Gordon,Ben Wallace,Chris Wilcox,Rodney Stuckey,Will Bynum,Antoine Wright,Chris Bosh,Hedo Turkoglu,Jarrett Jack,Jose Calderon,3,3:20,TOR,shot,,,,,,,,,,Hedo Turkoglu,2,,,made,,step back jump,45,8
Ben Gordon,Ben Wallace,Chris Wilcox,Rodney Stuckey,Will Bynum,Antoine Wright,Chris Bosh,Hedo Turkoglu,Jarrett Jack,Jose Calderon,3,2:58,DET,shot,,,,,,,,,,Ben Gordon,,,,missed,,3pt,2,7
Ben Gordon,Ben Wallace,Chris Wilcox,Rodney Stuckey,Will Bynum,Antoine Wright,Chris Bosh,Hedo Turkoglu,Jarrett Jack,Jose Calderon,3,2:57,TOR,rebound,,,,,,,,,,,,,,,,,,
Ben Gordon,Ben Wallace,Chris Wilcox,Rodney Stuckey,Will Bynum,Antoine Wright,Chris Bosh,Hedo Turkoglu,Jarrett Jack,Jose Calderon,3,2:40,TOR,shot,,,,,,,,,,Hedo Turkoglu,,,,missed,,3pt,7,24
Ben Gordon,Ben Wallace,Chris Wilcox,Rodney Stuckey,Will Bynum,Antoine Wright,Chris Bosh,Hedo Turkoglu,Jarrett Jack,Jose Calderon,3,2:39,DET,rebound,,,,,,,,,,Rodney Stuckey,,,,,,def,,
Ben Gordon,Ben Wallace,Chris Wilcox,Rodney Stuckey,Will Bynum,Antoine Wright,Chris Bosh,Hedo Turkoglu,Jarrett Jack,Jose Calderon,3,2:34,DET,shot,,,,,,,,,,Rodney Stuckey,2,,,made,,pullup jump,23,12
Ben Gordon,Ben Wallace,Chris Wilcox,Rodney Stuckey,Will Bynum,Antoine Wright,Chris Bosh,Hedo Turkoglu,Jarrett Jack,Jose Calderon,3,2:34,TOR,foul,,,,,,,,Rodney Stuckey,,Antoine Wright,,,,,,shooting,,
Ben Gordon,Ben Wallace,Chris Wilcox,Rodney Stuckey,Will Bynum,Amir Johnson,Antoine Wright,Chris Bosh,Hedo Turkoglu,Jarrett Jack,3,2:34,TOR,sub,,,,Amir Johnson,,Jose Calderon,,,,,,,,,,,,
Austin Daye,Ben Gordon,Chris Wilcox,Rodney Stuckey,Will Bynum,Amir Johnson,Antoine Wright,Chris Bosh,Hedo Turkoglu,Jarrett Jack,3,2:34,DET,sub,,,,Austin Daye,,Ben Wallace,,,,,,,,,,,,
Austin Daye,Ben Gordon,Chris Wilcox,Rodney Stuckey,Will Bynum,Amir Johnson,Antoine Wright,Chris Bosh,Hedo Turkoglu,Jarrett Jack,3,2:34,DET,free throw,,,,,,,1,,1,Rodney Stuckey,,,foul,made,,,,
Austin Daye,Ben Gordon,Chris Wilcox,Rodney Stuckey,Will Bynum,Amir Johnson,Antoine Wright,Chris Bosh,Hedo Turkoglu,Jarrett Jack,3,2:22,TOR,shot,,,,,,,,,,Antoine Wright,,,,missed,,3pt,46,18
Austin Daye,Ben Gordon,Chris Wilcox,Rodney Stuckey,Will Bynum,Amir Johnson,Antoine Wright,Chris Bosh,Hedo Turkoglu,Jarrett Jack,3,2:21,DET,rebound,,,,,,,,,,Rodney Stuckey,,,,,,def,,
Austin Daye,Ben Gordon,Chris Wilcox,Rodney Stuckey,Will Bynum,Amir Johnson,Antoine Wright,Chris Bosh,Hedo Turkoglu,Jarrett Jack,3,2:07,TOR,foul,,,,,,,,Rodney Stuckey,,Amir Johnson,,,,,,shooting,,
Austin Daye,Ben Gordon,Chris Wilcox,Rodney Stuckey,Will Bynum,Amir Johnson,Antoine Wright,Chris Bosh,Hedo Turkoglu,Jarrett Jack,3,2:07,DET,free throw,,,,,,,1,,2,Rodney Stuckey,,,foul,made,,,,
Austin Daye,Ben Gordon,Chris Wilcox,Rodney Stuckey,Will Bynum,Amir Johnson,Antoine Wright,Chris Bosh,Hedo Turkoglu,Jarrett Jack,3,2:07,DET,free throw,,,,,,,2,,2,Rodney Stuckey,,,foul,made,,,,
Austin Daye,Ben Gordon,Chris Wilcox,Rodney Stuckey,Will Bynum,Amir Johnson,Antoine Wright,Chris Bosh,Hedo Turkoglu,Jarrett Jack,3,1:49,DET,foul,,,,,,,,Chris Bosh,,Chris Wilcox,,,,,,personal,,
Austin Daye,Ben Gordon,Chris Wilcox,Rodney Stuckey,Will Bynum,Amir Johnson,Andrea Bargnani,Antoine Wright,Hedo Turkoglu,Jarrett Jack,3,1:49,TOR,sub,,,,Andrea Bargnani,,Chris Bosh,,,,,,,,,,,,
Austin Daye,Ben Gordon,Jason Maxiell,Rodney Stuckey,Will Bynum,Amir Johnson,Andrea Bargnani,Antoine Wright,Hedo Turkoglu,Jarrett Jack,3,1:49,DET,sub,,,,Jason Maxiell,,Chris Wilcox,,,,,,,,,,,,
Austin Daye,Ben Gordon,Jason Maxiell,Rodney Stuckey,Will Bynum,Amir Johnson,Andrea Bargnani,Antoine Wright,Hedo Turkoglu,Jarrett Jack,3,1:41,TOR,foul,,,,,,,,Will Bynum,,Andrea Bargnani,,,,,,offensive,,
Austin Daye,Ben Gordon,Jason Maxiell,Rodney Stuckey,Will Bynum,Amir Johnson,Andrea Bargnani,Antoine Wright,Hedo Turkoglu,Jarrett Jack,3,1:41,TOR,turnover,,,,,,,,,,Andrea Bargnani,,,foul,,,,,
Austin Daye,Ben Gordon,Jason Maxiell,Rodney Stuckey,Will Bynum,Amir Johnson,Andrea Bargnani,Antoine Wright,Hedo Turkoglu,Jarrett Jack,3,1:22,TOR,foul,,,,,,,,Ben Gordon,,Antoine Wright,,,,,,personal,,
Austin Daye,Ben Gordon,Jason Maxiell,Rodney Stuckey,Will Bynum,Amir Johnson,Andrea Bargnani,Antoine Wright,Hedo Turkoglu,Jarrett Jack,3,1:22,DET,free throw,,,,,,,1,,2,Ben Gordon,,,foul,missed,,,,
Austin Daye,Ben Gordon,Jason Maxiell,Rodney Stuckey,Will Bynum,Amir Johnson,Andrea Bargnani,Antoine Wright,Hedo Turkoglu,Jarrett Jack,3,1:22,DET,rebound,,,,,,,,,,,,,,,,,,
Austin Daye,Ben Gordon,Jason Maxiell,Rodney Stuckey,Will Bynum,Amir Johnson,Andrea Bargnani,Antoine Wright,Hedo Turkoglu,Jarrett Jack,3,1:22,DET,free throw,,,,,,,2,,2,Ben Gordon,,,foul,made,,,,
Austin Daye,Ben Gordon,Jason Maxiell,Rodney Stuckey,Will Bynum,Amir Johnson,Andrea Bargnani,Antoine Wright,Hedo Turkoglu,Jarrett Jack,3,1:03,TOR,shot,,,,,,,,,,Antoine Wright,,,,missed,,driving hook,25,14
Austin Daye,Ben Gordon,Jason Maxiell,Rodney Stuckey,Will Bynum,Amir Johnson,Andrea Bargnani,Antoine Wright,Hedo Turkoglu,Jarrett Jack,3,1:02,TOR,rebound,,,,,,,,,,Antoine Wright,,,,,,off,,
Austin Daye,Ben Gordon,Jason Maxiell,Rodney Stuckey,Will Bynum,Amir Johnson,Andrea Bargnani,Antoine Wright,Hedo Turkoglu,Jarrett Jack,3,1:00,TOR,shot,,,,,,,,,,Antoine Wright,2,,,made,,turnaround jump,24,12
Austin Daye,Ben Gordon,Jason Maxiell,Rodney Stuckey,Will Bynum,Amir Johnson,Andrea Bargnani,Antoine Wright,Hedo Turkoglu,Jarrett Jack,3,0:42,DET,shot,,,,,,,,,,Rodney Stuckey,2,,,made,,driving layup,25,6
Austin Daye,Ben Gordon,Jason Maxiell,Rodney Stuckey,Will Bynum,Amir Johnson,Andrea Bargnani,Antoine Wright,Hedo Turkoglu,Jarrett Jack,3,0:32,DET,foul,,,,,,,,Antoine Wright,,Rodney Stuckey,,,,,,shooting,,
Austin Daye,Ben Gordon,Jason Maxiell,Rodney Stuckey,Will Bynum,Amir Johnson,Andrea Bargnani,Antoine Wright,Hedo Turkoglu,Jarrett Jack,3,0:32,TOR,free throw,,,,,,,1,,2,Antoine Wright,,,foul,made,,,,
Austin Daye,Ben Gordon,Jason Maxiell,Rodney Stuckey,Will Bynum,Amir Johnson,Andrea Bargnani,Antoine Wright,DeMar DeRozan,Jarrett Jack,3,0:32,TOR,sub,,,,DeMar DeRozan,,Hedo Turkoglu,,,,,,,,,,,,
Austin Daye,Ben Gordon,Jason Maxiell,Rodney Stuckey,Will Bynum,Amir Johnson,Andrea Bargnani,Antoine Wright,DeMar DeRozan,Jarrett Jack,3,0:32,TOR,free throw,,,,,,,2,,2,Antoine Wright,,,foul,missed,,,,
Austin Daye,Ben Gordon,Jason Maxiell,Rodney Stuckey,Will Bynum,Amir Johnson,Andrea Bargnani,Antoine Wright,DeMar DeRozan,Jarrett Jack,3,0:32,DET,rebound,,,,,,,,,,Will Bynum,,,,,,def,,
Austin Daye,Ben Gordon,Jason Maxiell,Rodney Stuckey,Will Bynum,Amir Johnson,Andrea Bargnani,Antoine Wright,DeMar DeRozan,Jarrett Jack,3,0:12,DET,shot,,,,,,,,,,Austin Daye,,,,missed,,jump,7,6
Austin Daye,Ben Gordon,Jason Maxiell,Rodney Stuckey,Will Bynum,Amir Johnson,Andrea Bargnani,Antoine Wright,DeMar DeRozan,Jarrett Jack,3,0:11,TOR,rebound,,,,,,,,,,Antoine Wright,,,,,,def,,
Austin Daye,Ben Gordon,Jason Maxiell,Rodney Stuckey,Will Bynum,Amir Johnson,Andrea Bargnani,Antoine Wright,DeMar DeRozan,Jarrett Jack,3,0:11,DET,foul,,,,,,,,Antoine Wright,,Jason Maxiell,,,,,,loose ball,,
Austin Daye,Ben Gordon,Jason Maxiell,Rodney Stuckey,Will Bynum,Amir Johnson,Andrea Bargnani,Antoine Wright,DeMar DeRozan,Jarrett Jack,3,0:11,TOR,free throw,,,,,,,1,,2,Antoine Wright,,,foul,missed,,,,
Austin Daye,Ben Gordon,Jason Maxiell,Rodney Stuckey,Will Bynum,Amir Johnson,Andrea Bargnani,Antoine Wright,DeMar DeRozan,Jarrett Jack,3,0:11,TOR,rebound,,,,,,,,,,,,,,,,,,
Austin Daye,Ben Gordon,Jason Maxiell,Rodney Stuckey,Will Bynum,Amir Johnson,Antoine Wright,DeMar DeRozan,Jarrett Jack,Marco Belinelli,3,0:11,TOR,sub,,,,Marco Belinelli,,Andrea Bargnani,,,,,,,,,,,,
Austin Daye,Ben Gordon,Jason Maxiell,Rodney Stuckey,Will Bynum,Amir Johnson,Antoine Wright,DeMar DeRozan,Jarrett Jack,Marco Belinelli,3,0:11,TOR,free throw,,,,,,,2,,2,Antoine Wright,,,foul,made,,,,
Austin Daye,Ben Gordon,Jason Maxiell,Rodney Stuckey,Will Bynum,Amir Johnson,Antoine Wright,DeMar DeRozan,Jarrett Jack,Marco Belinelli,3,0:00,DET,shot,,,DeMar DeRozan,,,,,,,Rodney Stuckey,,,,missed,,driving layup,25,6
Austin Daye,Ben Gordon,Jason Maxiell,Rodney Stuckey,Will Bynum,Amir Johnson,Antoine Wright,DeMar DeRozan,Jarrett Jack,Marco Belinelli,3,0:00,DET,rebound,,,,,,,,,,,,,,,,,,
Austin Daye,Ben Gordon,Jason Maxiell,Rodney Stuckey,Will Bynum,Amir Johnson,Andrea Bargnani,DeMar DeRozan,Jarrett Jack,Marco Belinelli,4,11:48,DET,shot,,,,,,,,,,Will Bynum,,,,missed,,driving layup,25,6
Austin Daye,Ben Gordon,Jason Maxiell,Rodney Stuckey,Will Bynum,Amir Johnson,Andrea Bargnani,DeMar DeRozan,Jarrett Jack,Marco Belinelli,4,11:46,DET,rebound,,,,,,,,,,Jason Maxiell,,,,,,off,,
Austin Daye,Ben Gordon,Jason Maxiell,Rodney Stuckey,Will Bynum,Amir Johnson,Andrea Bargnani,DeMar DeRozan,Jarrett Jack,Marco Belinelli,4,11:45,DET,shot,,,,,,,,,,Jason Maxiell,,,,missed,,putback dunk,25,6
Austin Daye,Ben Gordon,Jason Maxiell,Rodney Stuckey,Will Bynum,Amir Johnson,Andrea Bargnani,DeMar DeRozan,Jarrett Jack,Marco Belinelli,4,11:44,DET,rebound,,,,,,,,,,,,,,,,,,
Austin Daye,Ben Gordon,Jason Maxiell,Rodney Stuckey,Will Bynum,Amir Johnson,Andrea Bargnani,DeMar DeRozan,Jarrett Jack,Marco Belinelli,4,11:28,DET,shot,Rodney Stuckey,,,,,,,,,Austin Daye,3,,,made,,3pt,12,27
Austin Daye,Ben Gordon,Jason Maxiell,Rodney Stuckey,Will Bynum,Amir Johnson,Andrea Bargnani,DeMar DeRozan,Jarrett Jack,Marco Belinelli,4,11:04,DET,foul,,,,,,,,DeMar DeRozan,,Austin Daye,,,,,,shooting,,
Austin Daye,Ben Gordon,Jason Maxiell,Rodney Stuckey,Will Bynum,Amir Johnson,Andrea Bargnani,DeMar DeRozan,Jarrett Jack,Marco Belinelli,4,11:04,TOR,free throw,,,,,,,1,,2,DeMar DeRozan,,,foul,made,,,,
Austin Daye,Ben Gordon,Jason Maxiell,Rodney Stuckey,Will Bynum,Amir Johnson,Andrea Bargnani,DeMar DeRozan,Jarrett Jack,Marco Belinelli,4,11:04,TOR,free throw,,,,,,,2,,2,DeMar DeRozan,,,foul,missed,,,,
Austin Daye,Ben Gordon,Jason Maxiell,Rodney Stuckey,Will Bynum,Amir Johnson,Andrea Bargnani,DeMar DeRozan,Jarrett Jack,Marco Belinelli,4,11:03,DET,rebound,,,,,,,,,,Jason Maxiell,,,,,,def,,
Austin Daye,Ben Gordon,Jason Maxiell,Rodney Stuckey,Will Bynum,Amir Johnson,Andrea Bargnani,DeMar DeRozan,Jarrett Jack,Marco Belinelli,4,10:51,DET,shot,,,,,,,,,,Will Bynum,,,,missed,,driving layup,25,6
Austin Daye,Ben Gordon,Jason Maxiell,Rodney Stuckey,Will Bynum,Amir Johnson,Andrea Bargnani,DeMar DeRozan,Jarrett Jack,Marco Belinelli,4,10:50,DET,rebound,,,,,,,,,,Jason Maxiell,,,,,,off,,
Austin Daye,Ben Gordon,Jason Maxiell,Rodney Stuckey,Will Bynum,Amir Johnson,Andrea Bargnani,DeMar DeRozan,Jarrett Jack,Marco Belinelli,4,10:49,DET,shot,,,,,,,,,,Jason Maxiell,2,,,made,,putback dunk,25,6
Austin Daye,Ben Gordon,Jason Maxiell,Rodney Stuckey,Will Bynum,Amir Johnson,Andrea Bargnani,DeMar DeRozan,Jarrett Jack,Marco Belinelli,4,10:38,TOR,shot,Jarrett Jack,,,,,,,,,Andrea Bargnani,3,,,made,,3pt,22,31
Austin Daye,Ben Gordon,Jason Maxiell,Rodney Stuckey,Will Bynum,Amir Johnson,Andrea Bargnani,DeMar DeRozan,Jarrett Jack,Marco Belinelli,4,10:24,TOR,foul,,,,,,,,Rodney Stuckey,,Marco Belinelli,,,,,,personal,,
Austin Daye,Ben Gordon,Jason Maxiell,Rodney Stuckey,Will Bynum,Amir Johnson,Andrea Bargnani,DeMar DeRozan,Jarrett Jack,Marco Belinelli,4,10:17,DET,shot,,,Andrea Bargnani,,,,,,,Ben Gordon,,,,missed,,driving layup,25,6
Austin Daye,Ben Gordon,Jason Maxiell,Rodney Stuckey,Will Bynum,Amir Johnson,Andrea Bargnani,DeMar DeRozan,Jarrett Jack,Marco Belinelli,4,10:15,TOR,rebound,,,,,,,,,,Jarrett Jack,,,,,,def,,
Austin Daye,Ben Gordon,Jason Maxiell,Rodney Stuckey,Will Bynum,Amir Johnson,Andrea Bargnani,DeMar DeRozan,Jarrett Jack,Marco Belinelli,4,10:10,TOR,shot,,,,,,,,,,Marco Belinelli,,,,missed,,3pt,48,6
Austin Daye,Ben Gordon,Jason Maxiell,Rodney Stuckey,Will Bynum,Amir Johnson,Andrea Bargnani,DeMar DeRozan,Jarrett Jack,Marco Belinelli,4,10:09,TOR,rebound,,,,,,,,,,DeMar DeRozan,,,,,,off,,
Austin Daye,Ben Gordon,Jason Maxiell,Rodney Stuckey,Will Bynum,Amir Johnson,Andrea Bargnani,DeMar DeRozan,Jarrett Jack,Marco Belinelli,4,9:57,TOR,shot,,,,,,,,,,Marco Belinelli,,,,missed,,3pt,2,6
Austin Daye,Ben Gordon,Jason Maxiell,Rodney Stuckey,Will Bynum,Amir Johnson,Andrea Bargnani,DeMar DeRozan,Jarrett Jack,Marco Belinelli,4,9:56,DET,rebound,,,,,,,,,,Rodney Stuckey,,,,,,def,,
Austin Daye,Ben Gordon,Jason Maxiell,Rodney Stuckey,Will Bynum,Amir Johnson,Andrea Bargnani,DeMar DeRozan,Jarrett Jack,Marco Belinelli,4,9:40,DET,shot,,,,,,,,,,Ben Gordon,,,,missed,,3pt,13,28
Austin Daye,Ben Gordon,Jason Maxiell,Rodney Stuckey,Will Bynum,Amir Johnson,Andrea Bargnani,DeMar DeRozan,Jarrett Jack,Marco Belinelli,4,9:39,TOR,rebound,,,,,,,,,,Andrea Bargnani,,,,,,def,,
Austin Daye,Ben Gordon,Jason Maxiell,Rodney Stuckey,Will Bynum,Amir Johnson,Andrea Bargnani,DeMar DeRozan,Jarrett Jack,Marco Belinelli,4,9:32,TOR,shot,,,,,,,,,,Jarrett Jack,,,,missed,,driving layup,25,6
Austin Daye,Ben Gordon,Jason Maxiell,Rodney Stuckey,Will Bynum,Amir Johnson,Andrea Bargnani,DeMar DeRozan,Jarrett Jack,Marco Belinelli,4,9:31,TOR,rebound,,,,,,,,,,Amir Johnson,,,,,,off,,
Austin Daye,Ben Gordon,Jason Maxiell,Rodney Stuckey,Will Bynum,Amir Johnson,Andrea Bargnani,DeMar DeRozan,Jarrett Jack,Marco Belinelli,4,9:26,TOR,shot,,,,,,,,,,Andrea Bargnani,,,,missed,,3pt,24,30
Austin Daye,Ben Gordon,Jason Maxiell,Rodney Stuckey,Will Bynum,Amir Johnson,Andrea Bargnani,DeMar DeRozan,Jarrett Jack,Marco Belinelli,4,9:25,DET,rebound,,,,,,,,,,Rodney Stuckey,,,,,,def,,
Austin Daye,Ben Gordon,Jason Maxiell,Rodney Stuckey,Will Bynum,Amir Johnson,Andrea Bargnani,DeMar DeRozan,Jarrett Jack,Marco Belinelli,4,9:18,DET,shot,,,Andrea Bargnani,,,,,,,Rodney Stuckey,,,,missed,,running jump,17,9
Austin Daye,Ben Gordon,Jason Maxiell,Rodney Stuckey,Will Bynum,Amir Johnson,Andrea Bargnani,DeMar DeRozan,Jarrett Jack,Marco Belinelli,4,9:18,DET,rebound,,,,,,,,,,,,,,,,,,
Austin Daye,Ben Gordon,Jason Maxiell,Rodney Stuckey,Will Bynum,Amir Johnson,Andrea Bargnani,DeMar DeRozan,Jarrett Jack,Marco Belinelli,4,9:01,DET,shot,,,,,,,,,,Will Bynum,2,,,made,,pullup jump,30,26
Austin Daye,Ben Gordon,Jason Maxiell,Rodney Stuckey,Will Bynum,Amir Johnson,Andrea Bargnani,DeMar DeRozan,Jarrett Jack,Marco Belinelli,4,8:49,TOR,shot,,,Austin Daye,,,,,,,Marco Belinelli,,,,missed,,running jump,33,9
Austin Daye,Ben Gordon,Jason Maxiell,Rodney Stuckey,Will Bynum,Amir Johnson,Andrea Bargnani,DeMar DeRozan,Jarrett Jack,Marco Belinelli,4,8:47,DET,rebound,,,,,,,,,,Austin Daye,,,,,,def,,
Austin Daye,Ben Gordon,Jason Maxiell,Rodney Stuckey,Will Bynum,Amir Johnson,Andrea Bargnani,DeMar DeRozan,Jarrett Jack,Marco Belinelli,4,8:44,DET,shot,Ben Gordon,,,,,,,,,Jason Maxiell,2,,,made,,running slam dunk,25,6
Austin Daye,Ben Gordon,Jason Maxiell,Rodney Stuckey,Will Bynum,Amir Johnson,Andrea Bargnani,DeMar DeRozan,Jarrett Jack,Marco Belinelli,4,8:42,TOR,timeout,,,,,,,,,,,,,,,,regular,,
Austin Daye,Ben Gordon,Jason Maxiell,Rodney Stuckey,Will Bynum,Amir Johnson,Andrea Bargnani,Chris Bosh,Jarrett Jack,Marco Belinelli,4,8:42,TOR,sub,,,,Chris Bosh,,DeMar DeRozan,,,,,,,,,,,,
Austin Daye,Ben Gordon,Jason Maxiell,Rodney Stuckey,Will Bynum,Amir Johnson,Andrea Bargnani,Chris Bosh,Hedo Turkoglu,Jarrett Jack,4,8:42,TOR,sub,,,,Hedo Turkoglu,,Marco Belinelli,,,,,,,,,,,,
Austin Daye,Ben Gordon,Jason Maxiell,Rodney Stuckey,Will Bynum,Andrea Bargnani,Chris Bosh,Hedo Turkoglu,Jarrett Jack,Jose Calderon,4,8:42,TOR,sub,,,,Jose Calderon,,Amir Johnson,,,,,,,,,,,,
Austin Daye,Ben Gordon,Jason Maxiell,Rodney Stuckey,Will Bynum,Andrea Bargnani,Chris Bosh,Hedo Turkoglu,Jarrett Jack,Jose Calderon,4,8:32,DET,foul,,,,,,,,Hedo Turkoglu,,Jason Maxiell,,,,,,shooting,,
Austin Daye,Ben Gordon,Jason Maxiell,Rodney Stuckey,Will Bynum,Andrea Bargnani,Chris Bosh,Hedo Turkoglu,Jarrett Jack,Jose Calderon,4,8:32,TOR,free throw,,,,,,,1,,2,Hedo Turkoglu,,,foul,missed,,,,
Austin Daye,Ben Gordon,Jason Maxiell,Rodney Stuckey,Will Bynum,Andrea Bargnani,Chris Bosh,Hedo Turkoglu,Jarrett Jack,Jose Calderon,4,8:32,TOR,rebound,,,,,,,,,,,,,,,,,,
Austin Daye,Ben Gordon,Jason Maxiell,Rodney Stuckey,Will Bynum,Andrea Bargnani,Chris Bosh,Hedo Turkoglu,Jarrett Jack,Jose Calderon,4,8:32,TOR,free throw,,,,,,,2,,2,Hedo Turkoglu,,,foul,made,,,,
Austin Daye,Ben Gordon,Jason Maxiell,Rodney Stuckey,Will Bynum,Andrea Bargnani,Chris Bosh,Hedo Turkoglu,Jarrett Jack,Jose Calderon,4,8:12,DET,shot,Austin Daye,,,,,,,,,Will Bynum,3,,,made,,3pt,2,5
Austin Daye,Ben Gordon,Jason Maxiell,Rodney Stuckey,Will Bynum,Andrea Bargnani,Chris Bosh,Hedo Turkoglu,Jarrett Jack,Jose Calderon,4,7:54,TOR,shot,,,,,,,,,,Hedo Turkoglu,,,,missed,,pullup jump,24,15
Austin Daye,Ben Gordon,Jason Maxiell,Rodney Stuckey,Will Bynum,Andrea Bargnani,Chris Bosh,Hedo Turkoglu,Jarrett Jack,Jose Calderon,4,7:52,DET,rebound,,,,,,,,,,Will Bynum,,,,,,def,,
Austin Daye,Ben Gordon,Jason Maxiell,Rodney Stuckey,Will Bynum,Andrea Bargnani,Chris Bosh,Hedo Turkoglu,Jarrett Jack,Jose Calderon,4,7:46,DET,shot,,,,,,,,,,Will Bynum,2,,,made,,driving reverse layup,25,6
Austin Daye,Ben Gordon,Jason Maxiell,Rodney Stuckey,Will Bynum,Andrea Bargnani,Chris Bosh,Hedo Turkoglu,Jarrett Jack,Jose Calderon,4,7:22,DET,foul,,,,,,,,Chris Bosh,,Jason Maxiell,,,,,,personal,,
Austin Daye,Ben Gordon,Jason Maxiell,Rodney Stuckey,Will Bynum,Andrea Bargnani,Chris Bosh,Hedo Turkoglu,Jarrett Jack,Jose Calderon,4,7:13,TOR,shot,,,Austin Daye,,,,,,,Hedo Turkoglu,,,,missed,,layup,25,6
Austin Daye,Ben Gordon,Jason Maxiell,Rodney Stuckey,Will Bynum,Andrea Bargnani,Chris Bosh,Hedo Turkoglu,Jarrett Jack,Jose Calderon,4,7:11,DET,rebound,,,,,,,,,,Austin Daye,,,,,,def,,
Austin Daye,Ben Gordon,Jason Maxiell,Rodney Stuckey,Will Bynum,Andrea Bargnani,Chris Bosh,Hedo Turkoglu,Jarrett Jack,Jose Calderon,4,7:07,TOR,foul,,,,,,,,Jason Maxiell,,Chris Bosh,,,,,,shooting,,
Austin Daye,Ben Gordon,Jason Maxiell,Rodney Stuckey,Will Bynum,Andrea Bargnani,Chris Bosh,Hedo Turkoglu,Jarrett Jack,Jose Calderon,4,7:07,DET,free throw,,,,,,,1,,2,Jason Maxiell,,,foul,missed,,,,
Austin Daye,Ben Gordon,Jason Maxiell,Rodney Stuckey,Will Bynum,Andrea Bargnani,Chris Bosh,Hedo Turkoglu,Jarrett Jack,Jose Calderon,4,7:07,DET,rebound,,,,,,,,,,,,,,,,,,
Austin Daye,Ben Gordon,Jason Maxiell,Rodney Stuckey,Will Bynum,Andrea Bargnani,Chris Bosh,Hedo Turkoglu,Jarrett Jack,Jose Calderon,4,7:07,DET,free throw,,,,,,,2,,2,Jason Maxiell,,,foul,missed,,,,
Austin Daye,Ben Gordon,Jason Maxiell,Rodney Stuckey,Will Bynum,Andrea Bargnani,Chris Bosh,Hedo Turkoglu,Jarrett Jack,Jose Calderon,4,7:07,TOR,rebound,,,,,,,,,,Hedo Turkoglu,,,,,,def,,
Austin Daye,Ben Gordon,Jason Maxiell,Rodney Stuckey,Will Bynum,Andrea Bargnani,Chris Bosh,Hedo Turkoglu,Jarrett Jack,Jose Calderon,4,6:52,DET,foul,,,,,,,,Andrea Bargnani,,Austin Daye,,,,,,personal,,
Austin Daye,Ben Gordon,Jason Maxiell,Rodney Stuckey,Will Bynum,Andrea Bargnani,Chris Bosh,Hedo Turkoglu,Jarrett Jack,Jose Calderon,4,6:40,TOR,shot,Chris Bosh,,,,,,,,,Jose Calderon,3,,,made,,3pt,24,31
Austin Daye,Ben Gordon,Jason Maxiell,Rodney Stuckey,Will Bynum,Andrea Bargnani,Chris Bosh,Hedo Turkoglu,Jarrett Jack,Jose Calderon,4,6:18,DET,shot,,,,,,,,,,Austin Daye,,,,missed,,3pt,1,5
Austin Daye,Ben Gordon,Jason Maxiell,Rodney Stuckey,Will Bynum,Andrea Bargnani,Chris Bosh,Hedo Turkoglu,Jarrett Jack,Jose Calderon,4,6:17,TOR,rebound,,,,,,,,,,Chris Bosh,,,,,,def,,
Austin Daye,Ben Gordon,Jason Maxiell,Rodney Stuckey,Will Bynum,Andrea Bargnani,Chris Bosh,Hedo Turkoglu,Jarrett Jack,Jose Calderon,4,6:08,TOR,shot,,,,,,,,,,Jose Calderon,,,,missed,,pullup jump,24,27
Austin Daye,Ben Gordon,Jason Maxiell,Rodney Stuckey,Will Bynum,Andrea Bargnani,Chris Bosh,Hedo Turkoglu,Jarrett Jack,Jose Calderon,4,6:06,DET,rebound,,,,,,,,,,Will Bynum,,,,,,def,,
Austin Daye,Ben Gordon,Jason Maxiell,Rodney Stuckey,Will Bynum,Andrea Bargnani,Chris Bosh,Hedo Turkoglu,Jarrett Jack,Jose Calderon,4,5:58,DET,shot,,,,,,,,,,Will Bynum,2,,,made,,driving layup,25,6
Austin Daye,Ben Gordon,Jason Maxiell,Rodney Stuckey,Will Bynum,Andrea Bargnani,Chris Bosh,Hedo Turkoglu,Jarrett Jack,Jose Calderon,4,5:41,TOR,shot,Jose Calderon,,,,,,,,,Chris Bosh,2,,,made,,jump hook,19,13
Austin Daye,Ben Gordon,Jason Maxiell,Rodney Stuckey,Will Bynum,Andrea Bargnani,Chris Bosh,Hedo Turkoglu,Jarrett Jack,Jose Calderon,4,5:22,DET,timeout,,,,,,,,,,,,,,,,official,,
Austin Daye,Ben Gordon,Ben Wallace,Rodney Stuckey,Will Bynum,Andrea Bargnani,Chris Bosh,Hedo Turkoglu,Jarrett Jack,Jose Calderon,4,5:22,DET,sub,,,,Ben Wallace,,Jason Maxiell,,,,,,,,,,,,
Austin Daye,Ben Gordon,Ben Wallace,Rodney Stuckey,Will Bynum,Andrea Bargnani,Chris Bosh,Hedo Turkoglu,Jarrett Jack,Jose Calderon,4,5:16,DET,shot,,,,,,,,,,Rodney Stuckey,,,,missed,,jump,23,28
Austin Daye,Ben Gordon,Ben Wallace,Rodney Stuckey,Will Bynum,Andrea Bargnani,Chris Bosh,Hedo Turkoglu,Jarrett Jack,Jose Calderon,4,5:15,TOR,rebound,,,,,,,,,,Chris Bosh,,,,,,def,,
Austin Daye,Ben Gordon,Ben Wallace,Rodney Stuckey,Will Bynum,Andrea Bargnani,Chris Bosh,Hedo Turkoglu,Jarrett Jack,Jose Calderon,4,5:01,DET,foul,,,,,,,,Andrea Bargnani,,Austin Daye,,,,,,shooting,,
Austin Daye,Ben Gordon,Ben Wallace,Rodney Stuckey,Will Bynum,Andrea Bargnani,Chris Bosh,Hedo Turkoglu,Jarrett Jack,Jose Calderon,4,5:01,TOR,free throw,,,,,,,1,,2,Andrea Bargnani,,,foul,made,,,,
Austin Daye,Ben Gordon,Ben Wallace,Rodney Stuckey,Will Bynum,Andrea Bargnani,Chris Bosh,Hedo Turkoglu,Jarrett Jack,Jose Calderon,4,5:01,TOR,free throw,,,,,,,2,,2,Andrea Bargnani,,,foul,made,,,,
Austin Daye,Ben Gordon,Ben Wallace,Rodney Stuckey,Will Bynum,Andrea Bargnani,Chris Bosh,Hedo Turkoglu,Jarrett Jack,Jose Calderon,4,4:41,DET,shot,,,,,,,,,,Austin Daye,,,,missed,,running bank,16,10
Austin Daye,Ben Gordon,Ben Wallace,Rodney Stuckey,Will Bynum,Andrea Bargnani,Chris Bosh,Hedo Turkoglu,Jarrett Jack,Jose Calderon,4,4:39,TOR,rebound,,,,,,,,,,Hedo Turkoglu,,,,,,def,,
Austin Daye,Ben Gordon,Ben Wallace,Rodney Stuckey,Will Bynum,Andrea Bargnani,Chris Bosh,Hedo Turkoglu,Jarrett Jack,Jose Calderon,4,4:33,DET,foul,,,,,,,,Andrea Bargnani,,Austin Daye,,,,,,personal,,
Austin Daye,Ben Gordon,Ben Wallace,Rodney Stuckey,Will Bynum,Andrea Bargnani,Chris Bosh,Hedo Turkoglu,Jarrett Jack,Jose Calderon,4,4:33,TOR,free throw,,,,,,,1,,2,Andrea Bargnani,,,foul,made,,,,
Austin Daye,Ben Gordon,Ben Wallace,Rodney Stuckey,Will Bynum,Andrea Bargnani,Chris Bosh,Hedo Turkoglu,Jarrett Jack,Jose Calderon,4,4:33,TOR,free throw,,,,,,,2,,2,Andrea Bargnani,,,foul,made,,,,
Austin Daye,Ben Gordon,Ben Wallace,Rodney Stuckey,Will Bynum,Andrea Bargnani,Chris Bosh,Hedo Turkoglu,Jarrett Jack,Jose Calderon,4,4:09,DET,shot,,,,,,,,,,Rodney Stuckey,,,,missed,,driving layup,25,6
Austin Daye,Ben Gordon,Ben Wallace,Rodney Stuckey,Will Bynum,Andrea Bargnani,Chris Bosh,Hedo Turkoglu,Jarrett Jack,Jose Calderon,4,4:08,DET,rebound,,,,,,,,,,Rodney Stuckey,,,,,,off,,
Austin Daye,Ben Gordon,Ben Wallace,Rodney Stuckey,Will Bynum,Andrea Bargnani,Chris Bosh,Hedo Turkoglu,Jarrett Jack,Jose Calderon,4,4:06,DET,shot,,,,,,,,,,Rodney Stuckey,,,,missed,,tip,25,6
Austin Daye,Ben Gordon,Ben Wallace,Rodney Stuckey,Will Bynum,Andrea Bargnani,Chris Bosh,Hedo Turkoglu,Jarrett Jack,Jose Calderon,4,4:05,DET,rebound,,,,,,,,,,Ben Wallace,,,,,,off,,
Austin Daye,Ben Gordon,Ben Wallace,Rodney Stuckey,Will Bynum,Andrea Bargnani,Chris Bosh,Hedo Turkoglu,Jarrett Jack,Jose Calderon,4,4:04,DET,shot,,,,,,,,,,Ben Wallace,,,,missed,,layup,25,6
Austin Daye,Ben Gordon,Ben Wallace,Rodney Stuckey,Will Bynum,Andrea Bargnani,Chris Bosh,Hedo Turkoglu,Jarrett Jack,Jose Calderon,4,4:04,DET,rebound,,,,,,,,,,Rodney Stuckey,,,,,,off,,
Ben Gordon,Ben Wallace,Charlie Villanueva,Rodney Stuckey,Will Bynum,Andrea Bargnani,Chris Bosh,Hedo Turkoglu,Jarrett Jack,Jose Calderon,4,4:04,DET,sub,,,,Charlie Villanueva,,Austin Daye,,,,,,,,,,,,
Ben Gordon,Ben Wallace,Charlie Villanueva,Rodney Stuckey,Will Bynum,Andrea Bargnani,Chris Bosh,Hedo Turkoglu,Jarrett Jack,Jose Calderon,4,4:04,DET,jump ball,,Rodney Stuckey,,,Chris Bosh,,,,,,,Andrea Bargnani,,,,,,
Ben Gordon,Ben Wallace,Charlie Villanueva,Rodney Stuckey,Will Bynum,Andrea Bargnani,Chris Bosh,Hedo Turkoglu,Jarrett Jack,Jose Calderon,4,4:04,DET,turnover,,,,,,,,,,Rodney Stuckey,,,lost ball,,Chris Bosh,,,
Ben Gordon,Ben Wallace,Charlie Villanueva,Rodney Stuckey,Will Bynum,Andrea Bargnani,Chris Bosh,Hedo Turkoglu,Jarrett Jack,Jose Calderon,4,3:47,TOR,shot,,,,,,,,,,Hedo Turkoglu,2,,,made,,pullup jump,25,23
Ben Gordon,Ben Wallace,Charlie Villanueva,Rodney Stuckey,Will Bynum,Andrea Bargnani,Chris Bosh,Hedo Turkoglu,Jarrett Jack,Jose Calderon,4,3:45,DET,timeout,,,,,,,,,,,,,,,,regular,,
Ben Gordon,Ben Wallace,Charlie Villanueva,Rodney Stuckey,Will Bynum,Andrea Bargnani,Chris Bosh,Hedo Turkoglu,Jarrett Jack,Jose Calderon,4,3:27,DET,shot,,,,,,,,,,Charlie Villanueva,2,,,made,,running jump,33,10
Ben Gordon,Ben Wallace,Charlie Villanueva,Rodney Stuckey,Will Bynum,Andrea Bargnani,Chris Bosh,Hedo Turkoglu,Jarrett Jack,Jose Calderon,4,3:06,TOR,shot,Jarrett Jack,,,,,,,,,Andrea Bargnani,2,,,made,,pullup jump,25,24
Ben Gordon,Ben Wallace,Charlie Villanueva,Rodney Stuckey,Will Bynum,Andrea Bargnani,Chris Bosh,Hedo Turkoglu,Jarrett Jack,Jose Calderon,4,2:46,DET,turnover,,,,,,,,,,Charlie Villanueva,,,bad pass,,,,,
Ben Gordon,Ben Wallace,Charlie Villanueva,Rodney Stuckey,Will Bynum,Andrea Bargnani,Chris Bosh,Hedo Turkoglu,Jarrett Jack,Jose Calderon,4,2:32,TOR,shot,,,,,,,,,,Jarrett Jack,,,,missed,,driving layup,25,6
Ben Gordon,Ben Wallace,Charlie Villanueva,Rodney Stuckey,Will Bynum,Andrea Bargnani,Chris Bosh,Hedo Turkoglu,Jarrett Jack,Jose Calderon,4,2:31,TOR,rebound,,,,,,,,,,Chris Bosh,,,,,,off,,
Ben Gordon,Ben Wallace,Charlie Villanueva,Rodney Stuckey,Will Bynum,Andrea Bargnani,Chris Bosh,Hedo Turkoglu,Jarrett Jack,Jose Calderon,4,2:31,DET,foul,,,,,,,,Chris Bosh,,Ben Gordon,,,,,,shooting,,
Ben Gordon,Ben Wallace,Charlie Villanueva,Rodney Stuckey,Will Bynum,Andrea Bargnani,Chris Bosh,Hedo Turkoglu,Jarrett Jack,Jose Calderon,4,2:31,TOR,free throw,,,,,,,1,,2,Chris Bosh,,,foul,made,,,,
Ben Gordon,Ben Wallace,Charlie Villanueva,Rodney Stuckey,Will Bynum,Andrea Bargnani,Chris Bosh,Hedo Turkoglu,Jarrett Jack,Jose Calderon,4,2:31,TOR,free throw,,,,,,,2,,2,Chris Bosh,,,foul,missed,,,,
Ben Gordon,Ben Wallace,Charlie Villanueva,Rodney Stuckey,Will Bynum,Andrea Bargnani,Chris Bosh,Hedo Turkoglu,Jarrett Jack,Jose Calderon,4,2:30,TOR,rebound,,,,,,,,,,Andrea Bargnani,,,,,,off,,
Ben Gordon,Ben Wallace,Charlie Villanueva,Rodney Stuckey,Will Bynum,Andrea Bargnani,Chris Bosh,Hedo Turkoglu,Jarrett Jack,Jose Calderon,4,2:12,TOR,shot,,,,,,,,,,Jarrett Jack,,,,missed,,3pt,48,5
Ben Gordon,Ben Wallace,Charlie Villanueva,Rodney Stuckey,Will Bynum,Andrea Bargnani,Chris Bosh,Hedo Turkoglu,Jarrett Jack,Jose Calderon,4,2:12,DET,rebound,,,,,,,,,,,,,,,,,,
Ben Gordon,Ben Wallace,Jonas Jerebko,Rodney Stuckey,Will Bynum,Andrea Bargnani,Chris Bosh,Hedo Turkoglu,Jarrett Jack,Jose Calderon,4,2:12,DET,sub,,,,Jonas Jerebko,,Charlie Villanueva,,,,,,,,,,,,
Ben Gordon,Ben Wallace,Jonas Jerebko,Rodney Stuckey,Will Bynum,Andrea Bargnani,Chris Bosh,Hedo Turkoglu,Jarrett Jack,Jose Calderon,4,1:57,DET,shot,,,,,,,,,,Ben Gordon,,,,missed,,3pt,8,26
Ben Gordon,Ben Wallace,Jonas Jerebko,Rodney Stuckey,Will Bynum,Andrea Bargnani,Chris Bosh,Hedo Turkoglu,Jarrett Jack,Jose Calderon,4,1:56,TOR,rebound,,,,,,,,,,Andrea Bargnani,,,,,,def,,
Ben Gordon,Ben Wallace,Jonas Jerebko,Rodney Stuckey,Will Bynum,Andrea Bargnani,Chris Bosh,Hedo Turkoglu,Jarrett Jack,Jose Calderon,4,1:32,TOR,shot,,,,,,,,,,Andrea Bargnani,,,,missed,,jump,8,7
Ben Gordon,Ben Wallace,Jonas Jerebko,Rodney Stuckey,Will Bynum,Andrea Bargnani,Chris Bosh,Hedo Turkoglu,Jarrett Jack,Jose Calderon,4,1:32,DET,rebound,,,,,,,,,,Ben Wallace,,,,,,def,,
Ben Gordon,Ben Wallace,Jonas Jerebko,Rodney Stuckey,Will Bynum,Andrea Bargnani,Chris Bosh,Hedo Turkoglu,Jarrett Jack,Jose Calderon,4,1:21,DET,shot,,,,,,,,,,Rodney Stuckey,,,,missed,,fade away jumper,13,7
Ben Gordon,Ben Wallace,Jonas Jerebko,Rodney Stuckey,Will Bynum,Andrea Bargnani,Chris Bosh,Hedo Turkoglu,Jarrett Jack,Jose Calderon,4,1:20,TOR,rebound,,,,,,,,,,Hedo Turkoglu,,,,,,def,,
Ben Gordon,Ben Wallace,Jonas Jerebko,Rodney Stuckey,Will Bynum,Andrea Bargnani,Chris Bosh,Hedo Turkoglu,Jarrett Jack,Jose Calderon,4,0:59,TOR,shot,,,,,,,,,,Jarrett Jack,,,,missed,,3pt,8,25
Ben Gordon,Ben Wallace,Jonas Jerebko,Rodney Stuckey,Will Bynum,Andrea Bargnani,Chris Bosh,Hedo Turkoglu,Jarrett Jack,Jose Calderon,4,0:58,TOR,rebound,,,,,,,,,,,,,,,,,,
Ben Gordon,Ben Wallace,Jonas Jerebko,Rodney Stuckey,Will Bynum,Andrea Bargnani,Chris Bosh,Hedo Turkoglu,Jarrett Jack,Jose Calderon,4,0:58,DET,foul,,,,,,,,Chris Bosh,,Jonas Jerebko,,,,,,loose ball,,
Ben Gordon,Ben Wallace,Jonas Jerebko,Rodney Stuckey,Will Bynum,Andrea Bargnani,Chris Bosh,Hedo Turkoglu,Jarrett Jack,Jose Calderon,4,0:58,TOR,free throw,,,,,,,1,,2,Chris Bosh,,,foul,made,,,,
Austin Daye,Ben Gordon,Ben Wallace,Rodney Stuckey,Will Bynum,Andrea Bargnani,Chris Bosh,Hedo Turkoglu,Jarrett Jack,Jose Calderon,4,0:58,DET,sub,,,,Austin Daye,,Jonas Jerebko,,,,,,,,,,,,
Austin Daye,Ben Gordon,Ben Wallace,Rodney Stuckey,Will Bynum,Andrea Bargnani,Chris Bosh,Hedo Turkoglu,Jarrett Jack,Jose Calderon,4,0:58,TOR,free throw,,,,,,,2,,2,Chris Bosh,,,foul,made,,,,
Austin Daye,Ben Gordon,Ben Wallace,Rodney Stuckey,Will Bynum,Andrea Bargnani,Chris Bosh,Hedo Turkoglu,Jarrett Jack,Jose Calderon,4,0:47,DET,shot,,,,,,,,,,Ben Gordon,,,,missed,,driving layup,25,6
Austin Daye,Ben Gordon,Ben Wallace,Rodney Stuckey,Will Bynum,Andrea Bargnani,Chris Bosh,Hedo Turkoglu,Jarrett Jack,Jose Calderon,4,0:46,TOR,rebound,,,,,,,,,,Hedo Turkoglu,,,,,,def,,
Austin Daye,Ben Gordon,Ben Wallace,Rodney Stuckey,Will Bynum,Andrea Bargnani,Chris Bosh,Hedo Turkoglu,Jarrett Jack,Jose Calderon,4,0:46,DET,foul,,,,,,,,Hedo Turkoglu,,Ben Wallace,,,,,,personal,,
Austin Daye,Ben Gordon,Ben Wallace,Rodney Stuckey,Will Bynum,Andrea Bargnani,Chris Bosh,Hedo Turkoglu,Jarrett Jack,Jose Calderon,4,0:46,TOR,free throw,,,,,,,1,,2,Hedo Turkoglu,,,foul,made,,,,
Austin Daye,Ben Gordon,Ben Wallace,Rodney Stuckey,Will Bynum,Andrea Bargnani,Hedo Turkoglu,Jarrett Jack,Jose Calderon,Marco Belinelli,4,0:46,TOR,sub,,,,Marco Belinelli,,Chris Bosh,,,,,,,,,,,,
Austin Daye,Ben Gordon,Ben Wallace,Rodney Stuckey,Will Bynum,Amir Johnson,Hedo Turkoglu,Jarrett Jack,Jose Calderon,Marco Belinelli,4,0:46,TOR,sub,,,,Amir Johnson,,Andrea Bargnani,,,,,,,,,,,,
Austin Daye,Ben Gordon,Ben Wallace,Rodney Stuckey,Will Bynum,Amir Johnson,Hedo Turkoglu,Jarrett Jack,Jose Calderon,Marco Belinelli,4,0:46,TOR,free throw,,,,,,,2,,2,Hedo Turkoglu,,,foul,made,,,,
Austin Daye,Ben Gordon,Ben Wallace,Rodney Stuckey,Will Bynum,Amir Johnson,Hedo Turkoglu,Jarrett Jack,Jose Calderon,Marco Belinelli,4,0:40,DET,shot,,,Marco Belinelli,,,,,,,Will Bynum,,,,missed,,driving layup,25,6
Austin Daye,Ben Gordon,Ben Wallace,Rodney Stuckey,Will Bynum,Amir Johnson,Hedo Turkoglu,Jarrett Jack,Jose Calderon,Marco Belinelli,4,0:40,DET,rebound,,,,,,,,,,,,,,,,,,
Austin Daye,Ben Gordon,DaJuan Summers,Rodney Stuckey,Will Bynum,Amir Johnson,Hedo Turkoglu,Jarrett Jack,Jose Calderon,Marco Belinelli,4,0:40,DET,sub,,,,DaJuan Summers,,Ben Wallace,,,,,,,,,,,,
Austin Daye,Ben Gordon,DaJuan Summers,Rodney Stuckey,Will Bynum,Amir Johnson,DeMar DeRozan,Jarrett Jack,Jose Calderon,Marco Belinelli,4,0:40,TOR,sub,,,,DeMar DeRozan,,Hedo Turkoglu,,,,,,,,,,,,
Austin Daye,Ben Gordon,DaJuan Summers,Rodney Stuckey,Will Bynum,Amir Johnson,DeMar DeRozan,Jarrett Jack,Jose Calderon,Marco Belinelli,4,0:38,DET,shot,Will Bynum,,,,,,,,,Ben Gordon,2,,,made,,running jump,11,7
Austin Daye,Ben Gordon,DaJuan Summers,Rodney Stuckey,Will Bynum,Amir Johnson,DeMar DeRozan,Jarrett Jack,Jose Calderon,Marco Belinelli,4,0:38,TOR,foul,,,,,,,,Ben Gordon,,Jarrett Jack,,,,,,shooting,,
Austin Daye,Ben Gordon,DaJuan Summers,Rodney Stuckey,Will Bynum,Amir Johnson,DeMar DeRozan,Jarrett Jack,Jose Calderon,Marco Belinelli,4,0:38,DET,free throw,,,,,,,1,,1,Ben Gordon,,,foul,made,,,,
Austin Daye,Ben Gordon,DaJuan Summers,Rodney Stuckey,Will Bynum,Amir Johnson,DeMar DeRozan,Jarrett Jack,Jose Calderon,Marco Belinelli,4,0:21,TOR,shot,DeMar DeRozan,,,,,,,,,Marco Belinelli,2,,,made,,driving reverse layup,25,6
Austin Daye,Ben Gordon,DaJuan Summers,Rodney Stuckey,Will Bynum,Amir Johnson,DeMar DeRozan,Jarrett Jack,Jose Calderon,Marco Belinelli,4,0:14,TOR,foul,,,,,,,,Will Bynum,,Amir Johnson,,,,,,shooting,,
Austin Daye,Ben Gordon,DaJuan Summers,Rodney Stuckey,Will Bynum,Amir Johnson,DeMar DeRozan,Jarrett Jack,Jose Calderon,Marco Belinelli,4,0:14,DET,free throw,,,,,,,1,,2,Will Bynum,,,foul,missed,,,,
Austin Daye,Ben Gordon,DaJuan Summers,Rodney Stuckey,Will Bynum,Amir Johnson,DeMar DeRozan,Jarrett Jack,Jose Calderon,Marco Belinelli,4,0:14,DET,rebound,,,,,,,,,,,,,,,,,,
Austin Daye,Ben Gordon,DaJuan Summers,Rodney Stuckey,Will Bynum,Amir Johnson,DeMar DeRozan,Jarrett Jack,Jose Calderon,Marco Belinelli,4,0:14,DET,free throw,,,,,,,2,,2,Will Bynum,,,foul,made,,,,
