a1,a2,a3,a4,a5,h1,h2,h3,h4,h5,period,time,team,etype,assist,away,block,entered,home,left,num,opponent,outof,player,points,possession,reason,result,steal,type,x,y
Anthony Morrow,Mikki Moore,Monta Ellis,Stephen Curry,Vladimir Radmanovic,Brad Miller,Derrick Rose,Joakim Noah,John Salmons,Luol Deng,1,12:00,OFF,jump ball,,Mikki Moore,,,Joakim Noah,,,,,,,Derrick Rose,,,,,,
Anthony Morrow,Mikki Moore,Monta Ellis,Stephen Curry,Vladimir Radmanovic,Brad Miller,Derrick Rose,Joakim Noah,John Salmons,Luol Deng,1,11:39,CHI,shot,,,,,,,,,,Derrick Rose,2,,,made,,driving layup,25,6
Anthony Morrow,Mikki Moore,Monta Ellis,Stephen Curry,Vladimir Radmanovic,Brad Miller,Derrick Rose,Joakim Noah,John Salmons,Luol Deng,1,11:22,GSW,shot,,,,,,,,,,Mikki Moore,2,,,made,,jump,17,21
Anthony Morrow,Mikki Moore,Monta Ellis,Stephen Curry,Vladimir Radmanovic,Brad Miller,Derrick Rose,Joakim Noah,John Salmons,Luol Deng,1,11:12,CHI,shot,,,,,,,,,,Joakim Noah,,,,missed,,layup,25,6
Anthony Morrow,Mikki Moore,Monta Ellis,Stephen Curry,Vladimir Radmanovic,Brad Miller,Derrick Rose,Joakim Noah,John Salmons,Luol Deng,1,11:11,CHI,rebound,,,,,,,,,,Brad Miller,,,,,,off,,
Anthony Morrow,Mikki Moore,Monta Ellis,Stephen Curry,Vladimir Radmanovic,Brad Miller,Derrick Rose,Joakim Noah,John Salmons,Luol Deng,1,11:11,CHI,shot,,,,,,,,,,Brad Miller,2,,,made,,layup,25,6
Anthony Morrow,Mikki Moore,Monta Ellis,Stephen Curry,Vladimir Radmanovic,Brad Miller,Derrick Rose,Joakim Noah,John Salmons,Luol Deng,1,11:02,GSW,shot,,,,,,,,,,Vladimir Radmanovic,2,,,made,,running layup,25,6
Anthony Morrow,Mikki Moore,Monta Ellis,Stephen Curry,Vladimir Radmanovic,Brad Miller,Derrick Rose,Joakim Noah,John Salmons,Luol Deng,1,10:47,CHI,turnover,,,,,,,,,,Brad Miller,,,bad pass,,Stephen Curry,,,
Anthony Morrow,Mikki Moore,Monta Ellis,Stephen Curry,Vladimir Radmanovic,Brad Miller,Derrick Rose,Joakim Noah,John Salmons,Luol Deng,1,10:37,GSW,shot,,,,,,,,,,Anthony Morrow,,,,missed,,jump,18,27
Anthony Morrow,Mikki Moore,Monta Ellis,Stephen Curry,Vladimir Radmanovic,Brad Miller,Derrick Rose,Joakim Noah,John Salmons,Luol Deng,1,10:34,CHI,rebound,,,,,,,,,,Brad Miller,,,,,,def,,
Anthony Morrow,Mikki Moore,Monta Ellis,Stephen Curry,Vladimir Radmanovic,Brad Miller,Derrick Rose,Joakim Noah,John Salmons,Luol Deng,1,10:14,CHI,shot,,,,,,,,,,Luol Deng,,,,missed,,jump,39,16
Anthony Morrow,Mikki Moore,Monta Ellis,Stephen Curry,Vladimir Radmanovic,Brad Miller,Derrick Rose,Joakim Noah,John Salmons,Luol Deng,1,10:13,GSW,rebound,,,,,,,,,,Anthony Morrow,,,,,,def,,
Anthony Morrow,Mikki Moore,Monta Ellis,Stephen Curry,Vladimir Radmanovic,Brad Miller,Derrick Rose,Joakim Noah,John Salmons,Luol Deng,1,10:01,GSW,shot,Mikki Moore,,,,,,,,,Vladimir Radmanovic,3,,,made,,3pt,49,6
Anthony Morrow,Mikki Moore,Monta Ellis,Stephen Curry,Vladimir Radmanovic,Brad Miller,Derrick Rose,Joakim Noah,John Salmons,Luol Deng,1,9:52,GSW,foul,,,,,,,,Derrick Rose,,Monta Ellis,,,,,,personal,,
Anthony Morrow,Mikki Moore,Monta Ellis,Stephen Curry,Vladimir Radmanovic,Brad Miller,Derrick Rose,Joakim Noah,John Salmons,Luol Deng,1,9:44,CHI,shot,Brad Miller,,,,,,,,,Derrick Rose,2,,,made,,layup,25,6
Anthony Morrow,Mikki Moore,Monta Ellis,Stephen Curry,Vladimir Radmanovic,Brad Miller,Derrick Rose,Joakim Noah,John Salmons,Luol Deng,1,9:25,GSW,shot,,,,,,,,,,Vladimir Radmanovic,,,,missed,,fade away jumper,16,6
Anthony Morrow,Mikki Moore,Monta Ellis,Stephen Curry,Vladimir Radmanovic,Brad Miller,Derrick Rose,Joakim Noah,John Salmons,Luol Deng,1,9:24,CHI,rebound,,,,,,,,,,Brad Miller,,,,,,def,,
Anthony Morrow,Mikki Moore,Monta Ellis,Stephen Curry,Vladimir Radmanovic,Brad Miller,Derrick Rose,Joakim Noah,John Salmons,Luol Deng,1,9:14,CHI,shot,Derrick Rose,,,,,,,,,Brad Miller,2,,,made,,dunk,25,6
Anthony Morrow,Mikki Moore,Monta Ellis,Stephen Curry,Vladimir Radmanovic,Brad Miller,Derrick Rose,Joakim Noah,John Salmons,Luol Deng,1,8:55,GSW,shot,,,,,,,,,,Anthony Morrow,,,,missed,,3pt,8,26
Anthony Morrow,Mikki Moore,Monta Ellis,Stephen Curry,Vladimir Radmanovic,Brad Miller,Derrick Rose,Joakim Noah,John Salmons,Luol Deng,1,8:55,CHI,rebound,,,,,,,,,,,,,,,,,,
Anthony Morrow,Mikki Moore,Monta Ellis,Stephen Curry,Vladimir Radmanovic,Brad Miller,Derrick Rose,Joakim Noah,John Salmons,Luol Deng,1,8:41,CHI,shot,,,Vladimir Radmanovic,,,,,,,John Salmons,,,,missed,,reverse layup,25,6
Anthony Morrow,Mikki Moore,Monta Ellis,Stephen Curry,Vladimir Radmanovic,Brad Miller,Derrick Rose,Joakim Noah,John Salmons,Luol Deng,1,8:39,GSW,rebound,,,,,,,,,,Monta Ellis,,,,,,def,,
Anthony Morrow,Mikki Moore,Monta Ellis,Stephen Curry,Vladimir Radmanovic,Brad Miller,Derrick Rose,Joakim Noah,John Salmons,Luol Deng,1,8:36,GSW,shot,,,Luol Deng,,,,,,,Monta Ellis,,,,missed,,layup,25,6
Anthony Morrow,Mikki Moore,Monta Ellis,Stephen Curry,Vladimir Radmanovic,Brad Miller,Derrick Rose,Joakim Noah,John Salmons,Luol Deng,1,8:34,GSW,rebound,,,,,,,,,,,,,,,,,,
Anthony Morrow,Mikki Moore,Monta Ellis,Stephen Curry,Vladimir Radmanovic,Brad Miller,Derrick Rose,Joakim Noah,John Salmons,Luol Deng,1,8:26,GSW,shot,,,,,,,,,,Anthony Morrow,,,,missed,,3pt,47,17
Anthony Morrow,Mikki Moore,Monta Ellis,Stephen Curry,Vladimir Radmanovic,Brad Miller,Derrick Rose,Joakim Noah,John Salmons,Luol Deng,1,8:25,CHI,rebound,,,,,,,,,,Brad Miller,,,,,,def,,
Anthony Morrow,Mikki Moore,Monta Ellis,Stephen Curry,Vladimir Radmanovic,Brad Miller,Derrick Rose,Joakim Noah,John Salmons,Luol Deng,1,8:16,CHI,shot,,,,,,,,,,Derrick Rose,2,,,made,,pullup jump,28,14
Anthony Morrow,Mikki Moore,Monta Ellis,Stephen Curry,Vladimir Radmanovic,Brad Miller,Derrick Rose,Joakim Noah,John Salmons,Luol Deng,1,8:06,CHI,foul,,,,,,,,Mikki Moore,,Joakim Noah,,,,,,shooting,,
Anthony Morrow,Mikki Moore,Monta Ellis,Stephen Curry,Vladimir Radmanovic,Brad Miller,Derrick Rose,Joakim Noah,John Salmons,Luol Deng,1,8:06,GSW,free throw,,,,,,,1,,2,Mikki Moore,,,foul,made,,,,
Anthony Morrow,Mikki Moore,Monta Ellis,Stephen Curry,Vladimir Radmanovic,Brad Miller,Derrick Rose,Joakim Noah,John Salmons,Luol Deng,1,8:06,GSW,free throw,,,,,,,2,,2,Mikki Moore,,,foul,made,,,,
Anthony Morrow,Mikki Moore,Monta Ellis,Stephen Curry,Vladimir Radmanovic,Brad Miller,Derrick Rose,Joakim Noah,John Salmons,Luol Deng,1,7:55,CHI,shot,Derrick Rose,,,,,,,,,Brad Miller,2,,,made,,jump,35,24
Anthony Morrow,Mikki Moore,Monta Ellis,Stephen Curry,Vladimir Radmanovic,Brad Miller,Derrick Rose,Joakim Noah,John Salmons,Luol Deng,1,7:32,GSW,shot,,,Luol Deng,,,,,,,Anthony Morrow,,,,missed,,jump,12,7
Anthony Morrow,Mikki Moore,Monta Ellis,Stephen Curry,Vladimir Radmanovic,Brad Miller,Derrick Rose,Joakim Noah,John Salmons,Luol Deng,1,7:31,CHI,rebound,,,,,,,,,,,,,,,,,,
Anthony Morrow,Mikki Moore,Monta Ellis,Stephen Curry,Vladimir Radmanovic,Brad Miller,Derrick Rose,Joakim Noah,John Salmons,Luol Deng,1,7:19,CHI,shot,,,,,,,,,,Brad Miller,2,,,made,,running finger roll layup,25,6
Anthony Morrow,Mikki Moore,Monta Ellis,Stephen Curry,Vladimir Radmanovic,Brad Miller,Derrick Rose,Joakim Noah,John Salmons,Luol Deng,1,7:10,GSW,timeout,,,,,,,,,,,,,,,,regular,,
Anthony Morrow,Mikki Moore,Monta Ellis,Stephen Curry,Vladimir Radmanovic,Brad Miller,Derrick Rose,Joakim Noah,John Salmons,Luol Deng,1,6:59,GSW,shot,,,,,,,,,,Monta Ellis,2,,,made,,jump,42,9
Anthony Morrow,Mikki Moore,Monta Ellis,Stephen Curry,Vladimir Radmanovic,Brad Miller,Derrick Rose,Joakim Noah,John Salmons,Luol Deng,1,6:42,CHI,shot,,,,,,,,,,Derrick Rose,,,,missed,,jump,20,16
Anthony Morrow,Mikki Moore,Monta Ellis,Stephen Curry,Vladimir Radmanovic,Brad Miller,Derrick Rose,Joakim Noah,John Salmons,Luol Deng,1,6:41,GSW,rebound,,,,,,,,,,Vladimir Radmanovic,,,,,,def,,
Anthony Morrow,Mikki Moore,Monta Ellis,Stephen Curry,Vladimir Radmanovic,Brad Miller,Derrick Rose,Joakim Noah,John Salmons,Luol Deng,1,6:34,GSW,shot,,,,,,,,,,Stephen Curry,,,,missed,,3pt,12,27
Anthony Morrow,Mikki Moore,Monta Ellis,Stephen Curry,Vladimir Radmanovic,Brad Miller,Derrick Rose,Joakim Noah,John Salmons,Luol Deng,1,6:33,CHI,rebound,,,,,,,,,,Joakim Noah,,,,,,def,,
Anthony Morrow,Mikki Moore,Monta Ellis,Stephen Curry,Vladimir Radmanovic,Brad Miller,Derrick Rose,Joakim Noah,John Salmons,Luol Deng,1,6:24,CHI,turnover,,,,,,,,,,Brad Miller,,,bad pass,,,,,
Anthony Morrow,Mikki Moore,Monta Ellis,Stephen Curry,Vladimir Radmanovic,Brad Miller,Derrick Rose,Joakim Noah,John Salmons,Luol Deng,1,6:12,GSW,shot,,,Joakim Noah,,,,,,,Stephen Curry,,,,missed,,layup,25,6
Anthony Morrow,Mikki Moore,Monta Ellis,Stephen Curry,Vladimir Radmanovic,Brad Miller,Derrick Rose,Joakim Noah,John Salmons,Luol Deng,1,6:10,GSW,rebound,,,,,,,,,,Mikki Moore,,,,,,off,,
Anthony Morrow,Mikki Moore,Monta Ellis,Stephen Curry,Vladimir Radmanovic,Brad Miller,Derrick Rose,Joakim Noah,John Salmons,Luol Deng,1,6:10,GSW,shot,,,,,,,,,,Mikki Moore,2,,,made,,tip,25,6
Anthony Morrow,Mikki Moore,Monta Ellis,Stephen Curry,Vladimir Radmanovic,Brad Miller,Derrick Rose,Joakim Noah,John Salmons,Luol Deng,1,5:53,GSW,foul,,,,,,,,Joakim Noah,,Anthony Morrow,,,,,,personal,,
Anthony Morrow,Mikki Moore,Monta Ellis,Stephen Curry,Vladimir Radmanovic,Brad Miller,Derrick Rose,Joakim Noah,John Salmons,Luol Deng,1,5:46,CHI,shot,Luol Deng,,,,,,,,,Joakim Noah,2,,,made,,dunk,25,6
Anthony Morrow,Mikki Moore,Monta Ellis,Stephen Curry,Vladimir Radmanovic,Brad Miller,Derrick Rose,Joakim Noah,John Salmons,Luol Deng,1,5:27,GSW,shot,Mikki Moore,,,,,,,,,Anthony Morrow,3,,,made,,3pt,6,23
Anthony Morrow,Mikki Moore,Monta Ellis,Stephen Curry,Vladimir Radmanovic,Brad Miller,Derrick Rose,Joakim Noah,John Salmons,Luol Deng,1,5:15,CHI,shot,,,,,,,,,,Luol Deng,,,,missed,,3pt,48,6
Anthony Morrow,Mikki Moore,Monta Ellis,Stephen Curry,Vladimir Radmanovic,Brad Miller,Derrick Rose,Joakim Noah,John Salmons,Luol Deng,1,5:14,CHI,rebound,,,,,,,,,,Brad Miller,,,,,,off,,
Anthony Morrow,Mikki Moore,Monta Ellis,Stephen Curry,Vladimir Radmanovic,Brad Miller,Derrick Rose,Joakim Noah,John Salmons,Luol Deng,1,5:14,GSW,foul,,,,,,,,Brad Miller,,Vladimir Radmanovic,,,,,,shooting,,
Anthony Morrow,Mikki Moore,Monta Ellis,Stephen Curry,Vladimir Radmanovic,Brad Miller,Derrick Rose,Joakim Noah,Kirk Hinrich,Luol Deng,1,5:14,CHI,sub,,,,Kirk Hinrich,,John Salmons,,,,,,,,,,,,
Anthony Morrow,Mikki Moore,Monta Ellis,Stephen Curry,Vladimir Radmanovic,Brad Miller,Derrick Rose,Joakim Noah,Kirk Hinrich,Luol Deng,1,5:14,CHI,free throw,,,,,,,1,,2,Brad Miller,,,foul,made,,,,
Anthony Morrow,Mikki Moore,Monta Ellis,Stephen Curry,Vladimir Radmanovic,Brad Miller,Derrick Rose,Joakim Noah,Kirk Hinrich,Luol Deng,1,5:14,CHI,free throw,,,,,,,2,,2,Brad Miller,,,foul,made,,,,
Anthony Morrow,Mikki Moore,Monta Ellis,Stephen Curry,Vladimir Radmanovic,Brad Miller,Derrick Rose,Joakim Noah,Kirk Hinrich,Luol Deng,1,4:55,GSW,shot,,,,,,,,,,Vladimir Radmanovic,,,,missed,,jump,41,17
Anthony Morrow,Mikki Moore,Monta Ellis,Stephen Curry,Vladimir Radmanovic,Brad Miller,Derrick Rose,Joakim Noah,Kirk Hinrich,Luol Deng,1,4:53,CHI,rebound,,,,,,,,,,Luol Deng,,,,,,def,,
Anthony Morrow,Mikki Moore,Monta Ellis,Stephen Curry,Vladimir Radmanovic,Brad Miller,Derrick Rose,Joakim Noah,Kirk Hinrich,Luol Deng,1,4:40,CHI,shot,,,,,,,,,,Kirk Hinrich,,,,missed,,jump,41,11
Anthony Morrow,Mikki Moore,Monta Ellis,Stephen Curry,Vladimir Radmanovic,Brad Miller,Derrick Rose,Joakim Noah,Kirk Hinrich,Luol Deng,1,4:39,GSW,rebound,,,,,,,,,,Vladimir Radmanovic,,,,,,def,,
Anthony Morrow,Mikki Moore,Monta Ellis,Stephen Curry,Vladimir Radmanovic,Brad Miller,Derrick Rose,Joakim Noah,Kirk Hinrich,Luol Deng,1,4:33,GSW,shot,,,,,,,,,,Monta Ellis,2,,,made,,jump,21,25
Anthony Morrow,Mikki Moore,Monta Ellis,Stephen Curry,Vladimir Radmanovic,Brad Miller,Derrick Rose,Joakim Noah,Kirk Hinrich,Luol Deng,1,4:20,CHI,shot,,,,,,,,,,Derrick Rose,,,,missed,,jump,25,13
Anthony Morrow,Mikki Moore,Monta Ellis,Stephen Curry,Vladimir Radmanovic,Brad Miller,Derrick Rose,Joakim Noah,Kirk Hinrich,Luol Deng,1,4:17,GSW,rebound,,,,,,,,,,Anthony Morrow,,,,,,def,,
Anthony Morrow,Mikki Moore,Monta Ellis,Stephen Curry,Vladimir Radmanovic,Brad Miller,Derrick Rose,Joakim Noah,Kirk Hinrich,Luol Deng,1,4:12,GSW,shot,Anthony Morrow,,,,,,,,,Monta Ellis,3,,,made,,3pt,46,23
Anthony Morrow,Mikki Moore,Monta Ellis,Stephen Curry,Vladimir Radmanovic,Brad Miller,Derrick Rose,Joakim Noah,Kirk Hinrich,Luol Deng,1,3:48,CHI,shot,,,,,,,,,,Brad Miller,,,,missed,,jump,13,8
Anthony Morrow,Mikki Moore,Monta Ellis,Stephen Curry,Vladimir Radmanovic,Brad Miller,Derrick Rose,Joakim Noah,Kirk Hinrich,Luol Deng,1,3:48,GSW,rebound,,,,,,,,,,,,,,,,,,
Anthony Morrow,Mikki Moore,Monta Ellis,Stephen Curry,Vladimir Radmanovic,Brad Miller,Derrick Rose,Joakim Noah,Kirk Hinrich,Luol Deng,1,3:48,CHI,foul,,,,,,,,Anthony Morrow,,Joakim Noah,,,,,,loose ball,,
Anthony Morrow,Mikki Moore,Monta Ellis,Stephen Curry,Vladimir Radmanovic,Brad Miller,Derrick Rose,Kirk Hinrich,Luol Deng,Taj Gibson,1,3:48,CHI,sub,,,,Taj Gibson,,Joakim Noah,,,,,,,,,,,,
Anthony Morrow,Mikki Moore,Monta Ellis,Stephen Curry,Vladimir Radmanovic,Brad Miller,Derrick Rose,Kirk Hinrich,Luol Deng,Taj Gibson,1,3:26,GSW,shot,,,,,,,,,,Monta Ellis,,,,missed,,jump,36,25
Anthony Morrow,Mikki Moore,Monta Ellis,Stephen Curry,Vladimir Radmanovic,Brad Miller,Derrick Rose,Kirk Hinrich,Luol Deng,Taj Gibson,1,3:25,CHI,rebound,,,,,,,,,,Brad Miller,,,,,,def,,
Anthony Morrow,Mikki Moore,Monta Ellis,Stephen Curry,Vladimir Radmanovic,Brad Miller,Derrick Rose,Kirk Hinrich,Luol Deng,Taj Gibson,1,3:02,CHI,shot,,,,,,,,,,Luol Deng,,,,missed,,jump,25,25
Anthony Morrow,Mikki Moore,Monta Ellis,Stephen Curry,Vladimir Radmanovic,Brad Miller,Derrick Rose,Kirk Hinrich,Luol Deng,Taj Gibson,1,3:01,CHI,rebound,,,,,,,,,,Taj Gibson,,,,,,off,,
Anthony Morrow,Mikki Moore,Monta Ellis,Stephen Curry,Vladimir Radmanovic,Brad Miller,Derrick Rose,Kirk Hinrich,Luol Deng,Taj Gibson,1,3:00,CHI,shot,,,,,,,,,,Taj Gibson,2,,,made,,layup,25,6
Anthony Morrow,Mikki Moore,Monta Ellis,Stephen Curry,Vladimir Radmanovic,Brad Miller,Derrick Rose,Kirk Hinrich,Luol Deng,Taj Gibson,1,2:42,GSW,shot,Monta Ellis,,,,,,,,,Mikki Moore,2,,,made,,jump,30,24
Anthony Morrow,Mikki Moore,Monta Ellis,Stephen Curry,Vladimir Radmanovic,Brad Miller,Derrick Rose,Kirk Hinrich,Luol Deng,Taj Gibson,1,2:35,CHI,timeout,,,,,,,,,,,,,,,,regular,,
Anthony Morrow,Mikki Moore,Monta Ellis,Stephen Curry,Vladimir Radmanovic,Brad Miller,Derrick Rose,Kirk Hinrich,Luol Deng,Taj Gibson,1,2:22,CHI,shot,,,,,,,,,,Luol Deng,2,,,made,,jump,23,12
Anthony Morrow,Mikki Moore,Monta Ellis,Stephen Curry,Vladimir Radmanovic,Brad Miller,Derrick Rose,Kirk Hinrich,Luol Deng,Taj Gibson,1,2:08,GSW,foul,,,,,,,,Brad Miller,,Mikki Moore,,,,,,offensive,,
Anthony Morrow,Mikki Moore,Monta Ellis,Stephen Curry,Vladimir Radmanovic,Brad Miller,Derrick Rose,Kirk Hinrich,Luol Deng,Taj Gibson,1,2:08,GSW,turnover,,,,,,,,,,Mikki Moore,,,foul,,,,,
Anthony Morrow,Mikki Moore,Monta Ellis,Stephen Curry,Vladimir Radmanovic,Brad Miller,Derrick Rose,Kirk Hinrich,Luol Deng,Taj Gibson,1,1:54,CHI,shot,,,,,,,,,,Luol Deng,,,,missed,,reverse layup,25,6
Anthony Morrow,Mikki Moore,Monta Ellis,Stephen Curry,Vladimir Radmanovic,Brad Miller,Derrick Rose,Kirk Hinrich,Luol Deng,Taj Gibson,1,1:53,GSW,rebound,,,,,,,,,,Mikki Moore,,,,,,def,,
Anthony Morrow,Mikki Moore,Monta Ellis,Stephen Curry,Vladimir Radmanovic,Brad Miller,Derrick Rose,Kirk Hinrich,Luol Deng,Taj Gibson,1,1:36,GSW,shot,Monta Ellis,,,,,,,,,Stephen Curry,2,,,made,,jump,42,21
Anthony Morrow,Mikki Moore,Monta Ellis,Stephen Curry,Vladimir Radmanovic,Brad Miller,Derrick Rose,Kirk Hinrich,Luol Deng,Taj Gibson,1,1:21,CHI,shot,,,,,,,,,,Brad Miller,,,,missed,,jump,16,20
Anthony Morrow,Mikki Moore,Monta Ellis,Stephen Curry,Vladimir Radmanovic,Brad Miller,Derrick Rose,Kirk Hinrich,Luol Deng,Taj Gibson,1,1:20,CHI,rebound,,,,,,,,,,Taj Gibson,,,,,,off,,
Anthony Morrow,Mikki Moore,Monta Ellis,Stephen Curry,Vladimir Radmanovic,Brad Miller,Derrick Rose,Kirk Hinrich,Luol Deng,Taj Gibson,1,1:20,CHI,shot,,,,,,,,,,Taj Gibson,2,,,made,,layup,25,6
Anthony Morrow,Mikki Moore,Monta Ellis,Stephen Curry,Vladimir Radmanovic,Brad Miller,Derrick Rose,Kirk Hinrich,Luol Deng,Taj Gibson,1,1:07,GSW,shot,,,,,,,,,,Stephen Curry,,,,missed,,3pt,32,31
Anthony Morrow,Mikki Moore,Monta Ellis,Stephen Curry,Vladimir Radmanovic,Brad Miller,Derrick Rose,Kirk Hinrich,Luol Deng,Taj Gibson,1,1:06,CHI,rebound,,,,,,,,,,Brad Miller,,,,,,def,,
Anthony Morrow,Mikki Moore,Monta Ellis,Stephen Curry,Vladimir Radmanovic,Brad Miller,Derrick Rose,Kirk Hinrich,Luol Deng,Taj Gibson,1,1:00,CHI,shot,,,Mikki Moore,,,,,,,Derrick Rose,,,,missed,,driving layup,25,6
Anthony Morrow,Mikki Moore,Monta Ellis,Stephen Curry,Vladimir Radmanovic,Brad Miller,Derrick Rose,Kirk Hinrich,Luol Deng,Taj Gibson,1,0:59,CHI,rebound,,,,,,,,,,,,,,,,,,
Anthony Morrow,Mikki Moore,Monta Ellis,Stephen Curry,Vladimir Radmanovic,Brad Miller,Derrick Rose,Kirk Hinrich,Luol Deng,Taj Gibson,1,0:48,CHI,shot,Luol Deng,,,,,,,,,Brad Miller,2,,,made,,jump,42,6
Anthony Morrow,Mikki Moore,Monta Ellis,Stephen Curry,Vladimir Radmanovic,Brad Miller,Derrick Rose,Kirk Hinrich,Luol Deng,Taj Gibson,1,0:40,GSW,foul,,,,,,,,Brad Miller,,Mikki Moore,,,,,,offensive,,
Anthony Morrow,Mikki Moore,Monta Ellis,Stephen Curry,Vladimir Radmanovic,Brad Miller,Derrick Rose,Kirk Hinrich,Luol Deng,Taj Gibson,1,0:40,GSW,turnover,,,,,,,,,,Mikki Moore,,,foul,,,,,
Anthony Morrow,Anthony Randolph,Monta Ellis,Stephen Curry,Vladimir Radmanovic,Brad Miller,Derrick Rose,Kirk Hinrich,Luol Deng,Taj Gibson,1,0:40,GSW,sub,,,,Anthony Randolph,,Mikki Moore,,,,,,,,,,,,
Anthony Morrow,Anthony Randolph,Monta Ellis,Stephen Curry,Vladimir Radmanovic,Brad Miller,Derrick Rose,Kirk Hinrich,Luol Deng,Taj Gibson,1,0:30,CHI,shot,,,,,,,,,,Brad Miller,,,,missed,,3pt,41,25
Anthony Morrow,Anthony Randolph,Monta Ellis,Stephen Curry,Vladimir Radmanovic,Brad Miller,Derrick Rose,Kirk Hinrich,Luol Deng,Taj Gibson,1,0:29,GSW,rebound,,,,,,,,,,Anthony Randolph,,,,,,def,,
Anthony Morrow,Anthony Randolph,Monta Ellis,Stephen Curry,Vladimir Radmanovic,Brad Miller,Derrick Rose,Kirk Hinrich,Luol Deng,Taj Gibson,1,0:09,CHI,foul,,,,,,,,Monta Ellis,,Kirk Hinrich,,,,,,personal,,
Anthony Morrow,Anthony Randolph,Monta Ellis,Stephen Curry,Vladimir Radmanovic,Brad Miller,Derrick Rose,Kirk Hinrich,Luol Deng,Taj Gibson,1,0:01,GSW,shot,Vladimir Radmanovic,,,,,,,,,Anthony Morrow,3,,,made,,3pt,37,28
Anthony Morrow,Anthony Randolph,Monta Ellis,Stephen Curry,Vladimir Radmanovic,Brad Miller,Derrick Rose,Kirk Hinrich,Luol Deng,Taj Gibson,1,0:00,CHI,shot,,,,,,,,,,Derrick Rose,,,,missed,,3pt,24,31
Anthony Morrow,Anthony Randolph,Monta Ellis,Stephen Curry,Vladimir Radmanovic,Brad Miller,Derrick Rose,Kirk Hinrich,Luol Deng,Taj Gibson,1,0:00,CHI,rebound,,,,,,,,,,,,,,,,,,
Anthony Morrow,Anthony Randolph,C.J. Watson,Monta Ellis,Vladimir Radmanovic,James Johnson,Joakim Noah,John Salmons,Kirk Hinrich,Taj Gibson,2,12:00,GSW,timeout,,,,,,,,,,,,,,,,short,,
Anthony Morrow,Anthony Randolph,C.J. Watson,Monta Ellis,Vladimir Radmanovic,James Johnson,Joakim Noah,John Salmons,Kirk Hinrich,Taj Gibson,2,11:46,GSW,shot,,,,,,,,,,Vladimir Radmanovic,,,,missed,,3pt,33,30
Anthony Morrow,Anthony Randolph,C.J. Watson,Monta Ellis,Vladimir Radmanovic,James Johnson,Joakim Noah,John Salmons,Kirk Hinrich,Taj Gibson,2,11:44,CHI,rebound,,,,,,,,,,James Johnson,,,,,,def,,
Anthony Morrow,Anthony Randolph,C.J. Watson,Monta Ellis,Vladimir Radmanovic,James Johnson,Joakim Noah,John Salmons,Kirk Hinrich,Taj Gibson,2,11:39,CHI,shot,,,Anthony Randolph,,,,,,,Taj Gibson,,,,missed,,layup,25,6
Anthony Morrow,Anthony Randolph,C.J. Watson,Monta Ellis,Vladimir Radmanovic,James Johnson,Joakim Noah,John Salmons,Kirk Hinrich,Taj Gibson,2,11:39,CHI,rebound,,,,,,,,,,,,,,,,,,
Anthony Morrow,Anthony Randolph,C.J. Watson,Monta Ellis,Vladimir Radmanovic,James Johnson,Joakim Noah,John Salmons,Kirk Hinrich,Taj Gibson,2,11:35,CHI,shot,,,,,,,,,,John Salmons,,,,missed,,3pt,48,5
Anthony Morrow,Anthony Randolph,C.J. Watson,Monta Ellis,Vladimir Radmanovic,James Johnson,Joakim Noah,John Salmons,Kirk Hinrich,Taj Gibson,2,11:34,GSW,rebound,,,,,,,,,,Anthony Randolph,,,,,,def,,
Anthony Morrow,Anthony Randolph,C.J. Watson,Monta Ellis,Vladimir Radmanovic,James Johnson,Joakim Noah,John Salmons,Kirk Hinrich,Taj Gibson,2,11:32,CHI,foul,,,,,,,,Anthony Morrow,,James Johnson,,,,,,personal,,
Anthony Morrow,Anthony Randolph,C.J. Watson,Corey Maggette,Monta Ellis,James Johnson,Joakim Noah,John Salmons,Kirk Hinrich,Taj Gibson,2,11:32,GSW,sub,,,,Corey Maggette,,Vladimir Radmanovic,,,,,,,,,,,,
Anthony Morrow,Anthony Randolph,C.J. Watson,Corey Maggette,Monta Ellis,James Johnson,John Salmons,Kirk Hinrich,Luol Deng,Taj Gibson,2,11:17,CHI,sub,,,,Luol Deng,,Joakim Noah,,,,,,,,,,,,
Anthony Morrow,Anthony Randolph,C.J. Watson,Corey Maggette,Monta Ellis,James Johnson,John Salmons,Kirk Hinrich,Luol Deng,Taj Gibson,2,11:17,GSW,jump ball,,Anthony Morrow,,,James Johnson,,,,,,,Luol Deng,,,,,,
Anthony Morrow,Anthony Randolph,C.J. Watson,Corey Maggette,Monta Ellis,James Johnson,John Salmons,Kirk Hinrich,Luol Deng,Taj Gibson,2,11:17,GSW,turnover,,,,,,,,,,Anthony Morrow,,,lost ball,,James Johnson,,,
Anthony Morrow,Anthony Randolph,C.J. Watson,Corey Maggette,Monta Ellis,James Johnson,John Salmons,Kirk Hinrich,Luol Deng,Taj Gibson,2,11:03,CHI,shot,Kirk Hinrich,,,,,,,,,James Johnson,2,,,made,,jump,16,26
Anthony Morrow,Anthony Randolph,C.J. Watson,Corey Maggette,Monta Ellis,James Johnson,John Salmons,Kirk Hinrich,Luol Deng,Taj Gibson,2,10:50,CHI,foul,,,,,,,,Monta Ellis,,James Johnson,,,,,,shooting,,
Anthony Morrow,Anthony Randolph,C.J. Watson,Corey Maggette,Monta Ellis,James Johnson,John Salmons,Kirk Hinrich,Luol Deng,Taj Gibson,2,10:50,GSW,free throw,,,,,,,1,,2,Monta Ellis,,,foul,missed,,,,
Anthony Morrow,Anthony Randolph,C.J. Watson,Corey Maggette,Monta Ellis,James Johnson,John Salmons,Kirk Hinrich,Luol Deng,Taj Gibson,2,10:50,GSW,rebound,,,,,,,,,,,,,,,,,,
Anthony Morrow,Anthony Randolph,C.J. Watson,Corey Maggette,Monta Ellis,James Johnson,John Salmons,Kirk Hinrich,Luol Deng,Taj Gibson,2,10:50,GSW,free throw,,,,,,,2,,2,Monta Ellis,,,foul,made,,,,
Anthony Morrow,Anthony Randolph,C.J. Watson,Corey Maggette,Monta Ellis,James Johnson,John Salmons,Kirk Hinrich,Luol Deng,Taj Gibson,2,10:40,CHI,shot,,,,,,,,,,Kirk Hinrich,,,,missed,,driving layup,25,6
Anthony Morrow,Anthony Randolph,C.J. Watson,Corey Maggette,Monta Ellis,James Johnson,John Salmons,Kirk Hinrich,Luol Deng,Taj Gibson,2,10:39,GSW,rebound,,,,,,,,,,Corey Maggette,,,,,,def,,
Anthony Morrow,Anthony Randolph,C.J. Watson,Corey Maggette,Monta Ellis,James Johnson,John Salmons,Kirk Hinrich,Luol Deng,Taj Gibson,2,10:27,GSW,shot,,,,,,,,,,Monta Ellis,,,,missed,,3pt,34,30
Anthony Morrow,Anthony Randolph,C.J. Watson,Corey Maggette,Monta Ellis,James Johnson,John Salmons,Kirk Hinrich,Luol Deng,Taj Gibson,2,10:26,GSW,rebound,,,,,,,,,,,,,,,,,,
Anthony Morrow,Anthony Randolph,C.J. Watson,Corey Maggette,Monta Ellis,James Johnson,John Salmons,Kirk Hinrich,Luol Deng,Taj Gibson,2,10:09,GSW,shot,,,,,,,,,,Corey Maggette,,,,missed,,turnaround fade away,10,7
Anthony Morrow,Anthony Randolph,C.J. Watson,Corey Maggette,Monta Ellis,James Johnson,John Salmons,Kirk Hinrich,Luol Deng,Taj Gibson,2,10:07,CHI,rebound,,,,,,,,,,James Johnson,,,,,,def,,
Anthony Morrow,Anthony Randolph,C.J. Watson,Corey Maggette,Monta Ellis,James Johnson,John Salmons,Kirk Hinrich,Luol Deng,Taj Gibson,2,10:05,CHI,turnover,,,,,,,,,,James Johnson,,,discontinue dribble,,,,,
Anthony Morrow,Anthony Randolph,C.J. Watson,Corey Maggette,Monta Ellis,James Johnson,John Salmons,Kirk Hinrich,Luol Deng,Taj Gibson,2,9:53,CHI,foul,,,,,,,,Anthony Morrow,,James Johnson,,,,,,personal,,
Anthony Morrow,Anthony Randolph,C.J. Watson,Corey Maggette,Monta Ellis,James Johnson,John Salmons,Kirk Hinrich,Luol Deng,Taj Gibson,2,9:45,GSW,shot,,,,,,,,,,Corey Maggette,2,,,made,,jump,9,15
Anthony Morrow,Anthony Randolph,C.J. Watson,Corey Maggette,Monta Ellis,James Johnson,John Salmons,Kirk Hinrich,Luol Deng,Taj Gibson,2,9:27,CHI,shot,,,,,,,,,,Luol Deng,,,,missed,,layup,25,6
Anthony Morrow,Anthony Randolph,C.J. Watson,Corey Maggette,Monta Ellis,James Johnson,John Salmons,Kirk Hinrich,Luol Deng,Taj Gibson,2,9:25,CHI,rebound,,,,,,,,,,Taj Gibson,,,,,,off,,
Anthony Morrow,Anthony Randolph,C.J. Watson,Corey Maggette,Monta Ellis,James Johnson,John Salmons,Kirk Hinrich,Luol Deng,Taj Gibson,2,9:25,CHI,shot,,,,,,,,,,Taj Gibson,,,,missed,,tip,25,6
Anthony Morrow,Anthony Randolph,C.J. Watson,Corey Maggette,Monta Ellis,James Johnson,John Salmons,Kirk Hinrich,Luol Deng,Taj Gibson,2,9:24,CHI,rebound,,,,,,,,,,Luol Deng,,,,,,off,,
Anthony Morrow,Anthony Randolph,C.J. Watson,Corey Maggette,Monta Ellis,James Johnson,John Salmons,Kirk Hinrich,Luol Deng,Taj Gibson,2,9:24,CHI,shot,,,,,,,,,,Luol Deng,,,,missed,,tip,25,6
Anthony Morrow,Anthony Randolph,C.J. Watson,Corey Maggette,Monta Ellis,James Johnson,John Salmons,Kirk Hinrich,Luol Deng,Taj Gibson,2,9:23,GSW,rebound,,,,,,,,,,Anthony Randolph,,,,,,def,,
Anthony Morrow,Anthony Randolph,C.J. Watson,Corey Maggette,Monta Ellis,James Johnson,John Salmons,Kirk Hinrich,Luol Deng,Taj Gibson,2,9:13,GSW,shot,,,,,,,,,,Anthony Morrow,,,,missed,,3pt,15,29
Anthony Morrow,Anthony Randolph,C.J. Watson,Corey Maggette,Monta Ellis,James Johnson,John Salmons,Kirk Hinrich,Luol Deng,Taj Gibson,2,9:11,CHI,rebound,,,,,,,,,,Taj Gibson,,,,,,def,,
Anthony Morrow,Anthony Randolph,C.J. Watson,Corey Maggette,Monta Ellis,James Johnson,John Salmons,Kirk Hinrich,Luol Deng,Taj Gibson,2,9:05,CHI,turnover,,,,,,,,,,Kirk Hinrich,,,bad pass,,Anthony Morrow,,,
Anthony Morrow,Anthony Randolph,C.J. Watson,Corey Maggette,Monta Ellis,James Johnson,John Salmons,Kirk Hinrich,Luol Deng,Taj Gibson,2,8:54,GSW,shot,,,,,,,,,,C.J. Watson,2,,,made,,jump,28,27
Anthony Morrow,Anthony Randolph,C.J. Watson,Corey Maggette,Monta Ellis,James Johnson,John Salmons,Kirk Hinrich,Luol Deng,Taj Gibson,2,8:40,CHI,turnover,,,,,,,,,,Kirk Hinrich,,,bad pass,,Monta Ellis,,,
Anthony Morrow,Anthony Randolph,C.J. Watson,Corey Maggette,Monta Ellis,James Johnson,John Salmons,Kirk Hinrich,Luol Deng,Taj Gibson,2,8:37,GSW,turnover,,,,,,,,,,Corey Maggette,,,bad pass,,Luol Deng,,,
Anthony Morrow,Anthony Randolph,C.J. Watson,Corey Maggette,Monta Ellis,James Johnson,John Salmons,Kirk Hinrich,Luol Deng,Taj Gibson,2,8:31,CHI,shot,,,,,,,,,,John Salmons,,,,missed,,3pt,2,5
Anthony Morrow,Anthony Randolph,C.J. Watson,Corey Maggette,Monta Ellis,James Johnson,John Salmons,Kirk Hinrich,Luol Deng,Taj Gibson,2,8:30,CHI,rebound,,,,,,,,,,Taj Gibson,,,,,,off,,
Anthony Morrow,Anthony Randolph,C.J. Watson,Corey Maggette,Monta Ellis,James Johnson,John Salmons,Kirk Hinrich,Luol Deng,Taj Gibson,2,8:30,GSW,foul,,,,,,,,Taj Gibson,,Anthony Morrow,,,,,,shooting,,
Anthony Morrow,Anthony Randolph,C.J. Watson,Corey Maggette,Monta Ellis,James Johnson,John Salmons,Kirk Hinrich,Luol Deng,Taj Gibson,2,8:30,CHI,timeout,,,,,,,,,,,,,,,,,,
Anthony Morrow,Anthony Randolph,C.J. Watson,Corey Maggette,Monta Ellis,Joakim Noah,John Salmons,Kirk Hinrich,Luol Deng,Taj Gibson,2,8:30,CHI,sub,,,,Joakim Noah,,James Johnson,,,,,,,,,,,,
Anthony Morrow,Anthony Randolph,C.J. Watson,Corey Maggette,Monta Ellis,Joakim Noah,John Salmons,Kirk Hinrich,Luol Deng,Taj Gibson,2,8:30,CHI,free throw,,,,,,,1,,2,Taj Gibson,,,foul,missed,,,,
Anthony Morrow,Anthony Randolph,C.J. Watson,Corey Maggette,Monta Ellis,Joakim Noah,John Salmons,Kirk Hinrich,Luol Deng,Taj Gibson,2,8:30,CHI,rebound,,,,,,,,,,,,,,,,,,
Anthony Morrow,Anthony Randolph,C.J. Watson,Corey Maggette,Monta Ellis,Joakim Noah,John Salmons,Kirk Hinrich,Luol Deng,Taj Gibson,2,8:30,CHI,free throw,,,,,,,2,,2,Taj Gibson,,,foul,made,,,,
Anthony Morrow,Anthony Randolph,C.J. Watson,Corey Maggette,Monta Ellis,Joakim Noah,John Salmons,Kirk Hinrich,Luol Deng,Taj Gibson,2,8:12,GSW,shot,,,,,,,,,,Corey Maggette,,,,missed,,jump,6,5
Anthony Morrow,Anthony Randolph,C.J. Watson,Corey Maggette,Monta Ellis,Joakim Noah,John Salmons,Kirk Hinrich,Luol Deng,Taj Gibson,2,8:11,CHI,rebound,,,,,,,,,,Taj Gibson,,,,,,def,,
Anthony Morrow,Anthony Randolph,C.J. Watson,Corey Maggette,Monta Ellis,Joakim Noah,John Salmons,Kirk Hinrich,Luol Deng,Taj Gibson,2,7:58,CHI,shot,,,,,,,,,,John Salmons,,,,missed,,fade away jumper,22,23
Anthony Morrow,Anthony Randolph,C.J. Watson,Corey Maggette,Monta Ellis,Joakim Noah,John Salmons,Kirk Hinrich,Luol Deng,Taj Gibson,2,7:57,CHI,rebound,,,,,,,,,,Joakim Noah,,,,,,off,,
Anthony Morrow,Anthony Randolph,C.J. Watson,Corey Maggette,Monta Ellis,Joakim Noah,John Salmons,Kirk Hinrich,Luol Deng,Taj Gibson,2,7:57,CHI,shot,,,,,,,,,,Joakim Noah,2,,,made,,tip,25,6
Anthony Morrow,Anthony Randolph,C.J. Watson,Corey Maggette,Monta Ellis,Joakim Noah,John Salmons,Kirk Hinrich,Luol Deng,Taj Gibson,2,7:38,GSW,shot,,,,,,,,,,Anthony Morrow,,,,missed,,3pt,41,24
Anthony Morrow,Anthony Randolph,C.J. Watson,Corey Maggette,Monta Ellis,Joakim Noah,John Salmons,Kirk Hinrich,Luol Deng,Taj Gibson,2,7:37,CHI,rebound,,,,,,,,,,Taj Gibson,,,,,,def,,
Anthony Morrow,Anthony Randolph,C.J. Watson,Corey Maggette,Monta Ellis,Joakim Noah,John Salmons,Kirk Hinrich,Luol Deng,Taj Gibson,2,7:28,CHI,shot,,,,,,,,,,Kirk Hinrich,,,,missed,,running layup,25,6
Anthony Morrow,Anthony Randolph,C.J. Watson,Corey Maggette,Monta Ellis,Joakim Noah,John Salmons,Kirk Hinrich,Luol Deng,Taj Gibson,2,7:27,GSW,rebound,,,,,,,,,,Anthony Randolph,,,,,,def,,
Anthony Morrow,Anthony Randolph,C.J. Watson,Corey Maggette,Monta Ellis,Joakim Noah,John Salmons,Kirk Hinrich,Luol Deng,Taj Gibson,2,7:14,GSW,shot,,,,,,,,,,Corey Maggette,,,,missed,,jump,38,22
Anthony Morrow,Anthony Randolph,C.J. Watson,Corey Maggette,Monta Ellis,Joakim Noah,John Salmons,Kirk Hinrich,Luol Deng,Taj Gibson,2,7:12,CHI,rebound,,,,,,,,,,Luol Deng,,,,,,def,,
Anthony Morrow,Anthony Randolph,C.J. Watson,Corey Maggette,Monta Ellis,Joakim Noah,John Salmons,Kirk Hinrich,Luol Deng,Taj Gibson,2,6:57,CHI,shot,Kirk Hinrich,,,,,,,,,Luol Deng,2,,,made,,jump,43,17
Anthony Morrow,Anthony Randolph,C.J. Watson,Corey Maggette,Monta Ellis,Joakim Noah,John Salmons,Kirk Hinrich,Luol Deng,Taj Gibson,2,6:46,GSW,foul,,,,,,,,Taj Gibson,,Anthony Randolph,,,,,,offensive,,
Anthony Morrow,Anthony Randolph,C.J. Watson,Corey Maggette,Monta Ellis,Joakim Noah,John Salmons,Kirk Hinrich,Luol Deng,Taj Gibson,2,6:46,GSW,turnover,,,,,,,,,,Anthony Randolph,,,foul,,,,,
Anthony Morrow,Anthony Randolph,C.J. Watson,Corey Maggette,Monta Ellis,Derrick Rose,Joakim Noah,John Salmons,Luol Deng,Taj Gibson,2,6:46,CHI,sub,,,,Derrick Rose,,Kirk Hinrich,,,,,,,,,,,,
Anthony Randolph,C.J. Watson,Corey Maggette,Monta Ellis,Vladimir Radmanovic,Derrick Rose,Joakim Noah,John Salmons,Luol Deng,Taj Gibson,2,6:46,GSW,sub,,,,Vladimir Radmanovic,,Anthony Morrow,,,,,,,,,,,,
Anthony Randolph,C.J. Watson,Corey Maggette,Monta Ellis,Vladimir Radmanovic,Derrick Rose,Joakim Noah,John Salmons,Luol Deng,Taj Gibson,2,6:37,CHI,turnover,,,,,,,,,,Derrick Rose,,,bad pass,,Anthony Randolph,,,
Anthony Randolph,C.J. Watson,Corey Maggette,Monta Ellis,Vladimir Radmanovic,Derrick Rose,Joakim Noah,John Salmons,Luol Deng,Taj Gibson,2,6:34,GSW,shot,,,,,,,,,,Anthony Randolph,2,,,made,,dunk,25,6
Anthony Randolph,C.J. Watson,Corey Maggette,Monta Ellis,Vladimir Radmanovic,Derrick Rose,Joakim Noah,John Salmons,Luol Deng,Taj Gibson,2,6:18,CHI,shot,,,,,,,,,,Derrick Rose,,,,missed,,layup,25,6
Anthony Randolph,C.J. Watson,Corey Maggette,Monta Ellis,Vladimir Radmanovic,Derrick Rose,Joakim Noah,John Salmons,Luol Deng,Taj Gibson,2,6:17,GSW,rebound,,,,,,,,,,Corey Maggette,,,,,,def,,
Anthony Randolph,C.J. Watson,Corey Maggette,Monta Ellis,Vladimir Radmanovic,Derrick Rose,Joakim Noah,John Salmons,Luol Deng,Taj Gibson,2,6:14,GSW,shot,C.J. Watson,,,,,,,,,Corey Maggette,2,,,made,,layup,25,6
Anthony Randolph,C.J. Watson,Corey Maggette,Monta Ellis,Vladimir Radmanovic,Derrick Rose,Joakim Noah,John Salmons,Luol Deng,Taj Gibson,2,5:55,CHI,shot,Derrick Rose,,,,,,,,,John Salmons,3,,,made,,3pt,48,10
Anthony Randolph,C.J. Watson,Corey Maggette,Monta Ellis,Vladimir Radmanovic,Derrick Rose,Joakim Noah,John Salmons,Luol Deng,Taj Gibson,2,5:37,GSW,shot,Monta Ellis,,,,,,,,,Anthony Randolph,2,,,made,,jump,15,24
Anthony Randolph,C.J. Watson,Corey Maggette,Monta Ellis,Vladimir Radmanovic,Derrick Rose,Joakim Noah,John Salmons,Luol Deng,Taj Gibson,2,5:27,CHI,turnover,,,,,,,,,,Derrick Rose,,,bad pass,,C.J. Watson,,,
Anthony Randolph,C.J. Watson,Corey Maggette,Monta Ellis,Vladimir Radmanovic,Derrick Rose,Joakim Noah,John Salmons,Luol Deng,Taj Gibson,2,5:23,GSW,shot,C.J. Watson,,,,,,,,,Monta Ellis,2,,,made,,layup,25,6
Anthony Randolph,C.J. Watson,Corey Maggette,Monta Ellis,Vladimir Radmanovic,Derrick Rose,Joakim Noah,John Salmons,Luol Deng,Taj Gibson,2,5:14,CHI,timeout,,,,,,,,,,,,,,,,regular,,
Anthony Randolph,C.J. Watson,Corey Maggette,Monta Ellis,Vladimir Radmanovic,Derrick Rose,Joakim Noah,John Salmons,Luol Deng,Taj Gibson,2,5:01,CHI,shot,,,,,,,,,,John Salmons,2,,,made,,layup,25,6
Anthony Randolph,C.J. Watson,Corey Maggette,Monta Ellis,Vladimir Radmanovic,Derrick Rose,Joakim Noah,John Salmons,Luol Deng,Taj Gibson,2,4:46,GSW,shot,,,,,,,,,,Anthony Randolph,,,,missed,,jump,4,7
Anthony Randolph,C.J. Watson,Corey Maggette,Monta Ellis,Vladimir Radmanovic,Derrick Rose,Joakim Noah,John Salmons,Luol Deng,Taj Gibson,2,4:44,GSW,rebound,,,,,,,,,,Corey Maggette,,,,,,off,,
Anthony Randolph,C.J. Watson,Corey Maggette,Monta Ellis,Vladimir Radmanovic,Derrick Rose,Joakim Noah,John Salmons,Luol Deng,Taj Gibson,2,4:43,GSW,shot,,,,,,,,,,Corey Maggette,,,,missed,,layup,25,6
Anthony Randolph,C.J. Watson,Corey Maggette,Monta Ellis,Vladimir Radmanovic,Derrick Rose,Joakim Noah,John Salmons,Luol Deng,Taj Gibson,2,4:41,GSW,rebound,,,,,,,,,,Vladimir Radmanovic,,,,,,off,,
Anthony Randolph,C.J. Watson,Corey Maggette,Monta Ellis,Vladimir Radmanovic,Derrick Rose,Joakim Noah,John Salmons,Luol Deng,Taj Gibson,2,4:41,GSW,shot,,,,,,,,,,Vladimir Radmanovic,,,,missed,,layup,25,6
Anthony Randolph,C.J. Watson,Corey Maggette,Monta Ellis,Vladimir Radmanovic,Derrick Rose,Joakim Noah,John Salmons,Luol Deng,Taj Gibson,2,4:39,GSW,rebound,,,,,,,,,,Corey Maggette,,,,,,off,,
Anthony Randolph,C.J. Watson,Corey Maggette,Monta Ellis,Vladimir Radmanovic,Derrick Rose,Joakim Noah,John Salmons,Luol Deng,Taj Gibson,2,4:23,GSW,shot,,,,,,,,,,Monta Ellis,,,,missed,,jump,19,24
Anthony Randolph,C.J. Watson,Corey Maggette,Monta Ellis,Vladimir Radmanovic,Derrick Rose,Joakim Noah,John Salmons,Luol Deng,Taj Gibson,2,4:21,CHI,rebound,,,,,,,,,,Taj Gibson,,,,,,def,,
Anthony Randolph,C.J. Watson,Corey Maggette,Monta Ellis,Vladimir Radmanovic,Derrick Rose,Joakim Noah,John Salmons,Luol Deng,Taj Gibson,2,4:04,CHI,shot,,,,,,,,,,John Salmons,2,,,made,,driving reverse layup,25,6
Anthony Randolph,C.J. Watson,Corey Maggette,Monta Ellis,Vladimir Radmanovic,Derrick Rose,Joakim Noah,John Salmons,Luol Deng,Taj Gibson,2,3:52,GSW,shot,,,,,,,,,,Vladimir Radmanovic,,,,missed,,3pt,44,23
Anthony Randolph,C.J. Watson,Corey Maggette,Monta Ellis,Vladimir Radmanovic,Derrick Rose,Joakim Noah,John Salmons,Luol Deng,Taj Gibson,2,3:51,GSW,rebound,,,,,,,,,,Corey Maggette,,,,,,off,,
Anthony Randolph,C.J. Watson,Corey Maggette,Monta Ellis,Vladimir Radmanovic,Derrick Rose,Joakim Noah,John Salmons,Luol Deng,Taj Gibson,2,3:46,GSW,shot,,,,,,,,,,Monta Ellis,2,,,made,,driving layup,25,6
Anthony Randolph,C.J. Watson,Corey Maggette,Monta Ellis,Vladimir Radmanovic,Derrick Rose,Joakim Noah,John Salmons,Luol Deng,Taj Gibson,2,3:31,CHI,shot,,,,,,,,,,Taj Gibson,,,,missed,,jump,19,24
Anthony Randolph,C.J. Watson,Corey Maggette,Monta Ellis,Vladimir Radmanovic,Derrick Rose,Joakim Noah,John Salmons,Luol Deng,Taj Gibson,2,3:30,GSW,rebound,,,,,,,,,,C.J. Watson,,,,,,def,,
Anthony Randolph,C.J. Watson,Corey Maggette,Monta Ellis,Vladimir Radmanovic,Derrick Rose,Joakim Noah,John Salmons,Luol Deng,Taj Gibson,2,3:21,GSW,shot,Corey Maggette,,,,,,,,,C.J. Watson,2,,,made,,jump,14,7
Anthony Randolph,C.J. Watson,Corey Maggette,Monta Ellis,Vladimir Radmanovic,Derrick Rose,Joakim Noah,John Salmons,Luol Deng,Taj Gibson,2,3:09,CHI,shot,,,,,,,,,,Luol Deng,,,,missed,,3pt,48,5
Anthony Randolph,C.J. Watson,Corey Maggette,Monta Ellis,Vladimir Radmanovic,Derrick Rose,Joakim Noah,John Salmons,Luol Deng,Taj Gibson,2,3:08,GSW,rebound,,,,,,,,,,Corey Maggette,,,,,,def,,
Anthony Randolph,C.J. Watson,Corey Maggette,Monta Ellis,Vladimir Radmanovic,Derrick Rose,Joakim Noah,John Salmons,Luol Deng,Taj Gibson,2,3:01,CHI,foul,,,,,,,,Monta Ellis,,Taj Gibson,,,,,,shooting,,
C.J. Watson,Corey Maggette,Mikki Moore,Monta Ellis,Vladimir Radmanovic,Derrick Rose,Joakim Noah,John Salmons,Luol Deng,Taj Gibson,2,3:01,GSW,sub,,,,Mikki Moore,,Anthony Randolph,,,,,,,,,,,,
C.J. Watson,Corey Maggette,Mikki Moore,Monta Ellis,Vladimir Radmanovic,Derrick Rose,Joakim Noah,John Salmons,Luol Deng,Taj Gibson,2,3:01,GSW,free throw,,,,,,,1,,2,Monta Ellis,,,foul,made,,,,
C.J. Watson,Corey Maggette,Mikki Moore,Monta Ellis,Vladimir Radmanovic,Brad Miller,Derrick Rose,Joakim Noah,John Salmons,Luol Deng,2,3:01,CHI,sub,,,,Brad Miller,,Taj Gibson,,,,,,,,,,,,
C.J. Watson,Corey Maggette,Mikki Moore,Monta Ellis,Vladimir Radmanovic,Brad Miller,Derrick Rose,Joakim Noah,John Salmons,Luol Deng,2,3:01,GSW,free throw,,,,,,,2,,2,Monta Ellis,,,foul,made,,,,
C.J. Watson,Corey Maggette,Mikki Moore,Monta Ellis,Vladimir Radmanovic,Brad Miller,Derrick Rose,Joakim Noah,John Salmons,Luol Deng,2,2:49,GSW,foul,,,,,,,,John Salmons,,Vladimir Radmanovic,,,,,,shooting,,
C.J. Watson,Corey Maggette,Mikki Moore,Monta Ellis,Vladimir Radmanovic,Brad Miller,Derrick Rose,Joakim Noah,John Salmons,Luol Deng,2,2:49,GSW,timeout,,,,,,,,,,,,,,,,regular,,
C.J. Watson,Corey Maggette,Mikki Moore,Monta Ellis,Vladimir Radmanovic,Brad Miller,Derrick Rose,John Salmons,Kirk Hinrich,Luol Deng,2,2:49,CHI,sub,,,,Kirk Hinrich,,Joakim Noah,,,,,,,,,,,,
Anthony Morrow,C.J. Watson,Corey Maggette,Monta Ellis,Vladimir Radmanovic,Brad Miller,Derrick Rose,John Salmons,Kirk Hinrich,Luol Deng,2,2:49,GSW,sub,,,,Anthony Morrow,,Mikki Moore,,,,,,,,,,,,
Anthony Morrow,C.J. Watson,Corey Maggette,Monta Ellis,Vladimir Radmanovic,Brad Miller,Derrick Rose,John Salmons,Kirk Hinrich,Luol Deng,2,2:49,CHI,free throw,,,,,,,1,,2,John Salmons,,,foul,made,,,,
Anthony Morrow,C.J. Watson,Corey Maggette,Monta Ellis,Vladimir Radmanovic,Brad Miller,Derrick Rose,John Salmons,Kirk Hinrich,Luol Deng,2,2:49,CHI,free throw,,,,,,,2,,2,John Salmons,,,foul,made,,,,
Anthony Morrow,C.J. Watson,Corey Maggette,Monta Ellis,Vladimir Radmanovic,Brad Miller,Derrick Rose,John Salmons,Kirk Hinrich,Luol Deng,2,2:37,GSW,shot,,,,,,,,,,Monta Ellis,,,,missed,,driving layup,25,6
Anthony Morrow,C.J. Watson,Corey Maggette,Monta Ellis,Vladimir Radmanovic,Brad Miller,Derrick Rose,John Salmons,Kirk Hinrich,Luol Deng,2,2:36,CHI,rebound,,,,,,,,,,Kirk Hinrich,,,,,,def,,
Anthony Morrow,C.J. Watson,Corey Maggette,Monta Ellis,Vladimir Radmanovic,Brad Miller,Derrick Rose,John Salmons,Kirk Hinrich,Luol Deng,2,2:36,GSW,foul,,,,,,,,Kirk Hinrich,,Monta Ellis,,,,,,personal,,
Anthony Morrow,C.J. Watson,Corey Maggette,Monta Ellis,Vladimir Radmanovic,Brad Miller,Derrick Rose,John Salmons,Kirk Hinrich,Luol Deng,2,2:21,CHI,turnover,,,,,,,,,,Luol Deng,,,traveling,,,,,
Anthony Morrow,C.J. Watson,Corey Maggette,Monta Ellis,Vladimir Radmanovic,Brad Miller,Derrick Rose,John Salmons,Kirk Hinrich,Luol Deng,2,2:04,GSW,shot,,,,,,,,,,Corey Maggette,,,,missed,,jump,40,21
Anthony Morrow,C.J. Watson,Corey Maggette,Monta Ellis,Vladimir Radmanovic,Brad Miller,Derrick Rose,John Salmons,Kirk Hinrich,Luol Deng,2,2:02,CHI,rebound,,,,,,,,,,Brad Miller,,,,,,def,,
Anthony Morrow,C.J. Watson,Corey Maggette,Monta Ellis,Vladimir Radmanovic,Brad Miller,Derrick Rose,John Salmons,Kirk Hinrich,Luol Deng,2,1:51,CHI,shot,,,,,,,,,,John Salmons,2,,,made,,layup,25,6
Anthony Morrow,C.J. Watson,Corey Maggette,Monta Ellis,Vladimir Radmanovic,Brad Miller,Derrick Rose,John Salmons,Kirk Hinrich,Luol Deng,2,1:28,GSW,shot,,,,,,,,,,Monta Ellis,,,,missed,,jump,15,17
Anthony Morrow,C.J. Watson,Corey Maggette,Monta Ellis,Vladimir Radmanovic,Brad Miller,Derrick Rose,John Salmons,Kirk Hinrich,Luol Deng,2,1:27,CHI,rebound,,,,,,,,,,Brad Miller,,,,,,def,,
Anthony Morrow,C.J. Watson,Corey Maggette,Monta Ellis,Vladimir Radmanovic,Brad Miller,Derrick Rose,John Salmons,Kirk Hinrich,Luol Deng,2,1:21,CHI,shot,,,,,,,,,,Derrick Rose,,,,missed,,layup,25,6
Anthony Morrow,C.J. Watson,Corey Maggette,Monta Ellis,Vladimir Radmanovic,Brad Miller,Derrick Rose,John Salmons,Kirk Hinrich,Luol Deng,2,1:20,GSW,rebound,,,,,,,,,,Monta Ellis,,,,,,def,,
Anthony Morrow,C.J. Watson,Corey Maggette,Monta Ellis,Vladimir Radmanovic,Brad Miller,Derrick Rose,John Salmons,Kirk Hinrich,Luol Deng,2,1:16,CHI,foul,,,,,,,,Monta Ellis,,John Salmons,,,,,,shooting,,
Anthony Morrow,C.J. Watson,Corey Maggette,Monta Ellis,Vladimir Radmanovic,Brad Miller,Derrick Rose,John Salmons,Kirk Hinrich,Luol Deng,2,1:16,GSW,free throw,,,,,,,1,,2,Monta Ellis,,,foul,made,,,,
Anthony Morrow,C.J. Watson,Corey Maggette,Monta Ellis,Vladimir Radmanovic,Brad Miller,Derrick Rose,John Salmons,Kirk Hinrich,Luol Deng,2,1:16,GSW,free throw,,,,,,,2,,2,Monta Ellis,,,foul,made,,,,
Anthony Morrow,C.J. Watson,Corey Maggette,Monta Ellis,Vladimir Radmanovic,Brad Miller,Derrick Rose,John Salmons,Kirk Hinrich,Luol Deng,2,0:52,CHI,shot,,,,,,,,,,John Salmons,,,,missed,,3pt,48,12
Anthony Morrow,C.J. Watson,Corey Maggette,Monta Ellis,Vladimir Radmanovic,Brad Miller,Derrick Rose,John Salmons,Kirk Hinrich,Luol Deng,2,0:49,CHI,rebound,,,,,,,,,,Derrick Rose,,,,,,off,,
Anthony Morrow,C.J. Watson,Corey Maggette,Monta Ellis,Vladimir Radmanovic,Brad Miller,Derrick Rose,John Salmons,Kirk Hinrich,Luol Deng,2,0:49,CHI,shot,,,,,,,,,,Derrick Rose,,,,missed,,tip,25,6
Anthony Morrow,C.J. Watson,Corey Maggette,Monta Ellis,Vladimir Radmanovic,Brad Miller,Derrick Rose,John Salmons,Kirk Hinrich,Luol Deng,2,0:47,GSW,rebound,,,,,,,,,,Corey Maggette,,,,,,def,,
Anthony Morrow,C.J. Watson,Corey Maggette,Monta Ellis,Vladimir Radmanovic,Brad Miller,Derrick Rose,John Salmons,Kirk Hinrich,Luol Deng,2,0:33,GSW,shot,,,,,,,,,,Monta Ellis,2,,,made,,fade away jumper,30,23
Anthony Morrow,C.J. Watson,Corey Maggette,Monta Ellis,Vladimir Radmanovic,Brad Miller,Derrick Rose,John Salmons,Kirk Hinrich,Luol Deng,2,0:10,CHI,shot,,,,,,,,,,John Salmons,,,,missed,,jump,22,15
Anthony Morrow,C.J. Watson,Corey Maggette,Monta Ellis,Vladimir Radmanovic,Brad Miller,Derrick Rose,John Salmons,Kirk Hinrich,Luol Deng,2,0:10,GSW,rebound,,,,,,,,,,,,,,,,,,
Anthony Morrow,C.J. Watson,Corey Maggette,Monta Ellis,Vladimir Radmanovic,Brad Miller,Derrick Rose,John Salmons,Kirk Hinrich,Luol Deng,2,0:01,GSW,shot,,,,,,,,,,Monta Ellis,,,,missed,,jump,17,26
Anthony Morrow,C.J. Watson,Corey Maggette,Monta Ellis,Vladimir Radmanovic,Brad Miller,Derrick Rose,John Salmons,Kirk Hinrich,Luol Deng,2,0:00,GSW,rebound,,,,,,,,,,Anthony Morrow,,,,,,off,,
Anthony Morrow,Mikki Moore,Monta Ellis,Stephen Curry,Vladimir Radmanovic,Brad Miller,Derrick Rose,Joakim Noah,John Salmons,Luol Deng,3,11:43,GSW,shot,Monta Ellis,,,,,,,,,Stephen Curry,2,,,made,,running jump,14,6
Anthony Morrow,Mikki Moore,Monta Ellis,Stephen Curry,Vladimir Radmanovic,Brad Miller,Derrick Rose,Joakim Noah,John Salmons,Luol Deng,3,11:22,CHI,shot,,,,,,,,,,Derrick Rose,,,,missed,,layup,25,6
Anthony Morrow,Mikki Moore,Monta Ellis,Stephen Curry,Vladimir Radmanovic,Brad Miller,Derrick Rose,Joakim Noah,John Salmons,Luol Deng,3,11:19,CHI,rebound,,,,,,,,,,Joakim Noah,,,,,,off,,
Anthony Morrow,Mikki Moore,Monta Ellis,Stephen Curry,Vladimir Radmanovic,Brad Miller,Derrick Rose,Joakim Noah,John Salmons,Luol Deng,3,11:19,CHI,shot,,,,,,,,,,Joakim Noah,2,,,made,,tip,25,6
Anthony Morrow,Mikki Moore,Monta Ellis,Stephen Curry,Vladimir Radmanovic,Brad Miller,Derrick Rose,Joakim Noah,John Salmons,Luol Deng,3,11:04,GSW,shot,,,,,,,,,,Anthony Morrow,,,,missed,,3pt,48,5
Anthony Morrow,Mikki Moore,Monta Ellis,Stephen Curry,Vladimir Radmanovic,Brad Miller,Derrick Rose,Joakim Noah,John Salmons,Luol Deng,3,11:02,CHI,rebound,,,,,,,,,,John Salmons,,,,,,def,,
Anthony Morrow,Mikki Moore,Monta Ellis,Stephen Curry,Vladimir Radmanovic,Brad Miller,Derrick Rose,Joakim Noah,John Salmons,Luol Deng,3,10:54,CHI,turnover,,,,,,,,,,John Salmons,,,traveling,,,,,
Anthony Morrow,Mikki Moore,Monta Ellis,Stephen Curry,Vladimir Radmanovic,Brad Miller,Derrick Rose,Joakim Noah,John Salmons,Luol Deng,3,10:37,GSW,turnover,,,,,,,,,,Anthony Morrow,,,out of bounds lost ball turnover,,,,,
Anthony Morrow,Mikki Moore,Monta Ellis,Stephen Curry,Vladimir Radmanovic,Brad Miller,Derrick Rose,Joakim Noah,John Salmons,Luol Deng,3,10:22,CHI,shot,Brad Miller,,,,,,,,,Derrick Rose,2,,,made,,jump,21,11
Anthony Morrow,Mikki Moore,Monta Ellis,Stephen Curry,Vladimir Radmanovic,Brad Miller,Derrick Rose,Joakim Noah,John Salmons,Luol Deng,3,10:07,GSW,shot,Mikki Moore,,,,,,,,,Anthony Morrow,3,,,made,,3pt,2,5
Anthony Morrow,Mikki Moore,Monta Ellis,Stephen Curry,Vladimir Radmanovic,Brad Miller,Derrick Rose,Joakim Noah,John Salmons,Luol Deng,3,9:51,CHI,shot,,,,,,,,,,Joakim Noah,,,,missed,,turnaround jump,35,8
Anthony Morrow,Mikki Moore,Monta Ellis,Stephen Curry,Vladimir Radmanovic,Brad Miller,Derrick Rose,Joakim Noah,John Salmons,Luol Deng,3,9:50,GSW,rebound,,,,,,,,,,Vladimir Radmanovic,,,,,,def,,
Anthony Morrow,Mikki Moore,Monta Ellis,Stephen Curry,Vladimir Radmanovic,Brad Miller,Derrick Rose,Joakim Noah,John Salmons,Luol Deng,3,9:44,GSW,shot,,,,,,,,,,Vladimir Radmanovic,,,,missed,,jump,17,13
Anthony Morrow,Mikki Moore,Monta Ellis,Stephen Curry,Vladimir Radmanovic,Brad Miller,Derrick Rose,Joakim Noah,John Salmons,Luol Deng,3,9:42,GSW,rebound,,,,,,,,,,Vladimir Radmanovic,,,,,,off,,
Anthony Morrow,Mikki Moore,Monta Ellis,Stephen Curry,Vladimir Radmanovic,Brad Miller,Derrick Rose,Joakim Noah,John Salmons,Luol Deng,3,9:40,GSW,shot,,,,,,,,,,Vladimir Radmanovic,,,,missed,,layup,25,6
Anthony Morrow,Mikki Moore,Monta Ellis,Stephen Curry,Vladimir Radmanovic,Brad Miller,Derrick Rose,Joakim Noah,John Salmons,Luol Deng,3,9:39,CHI,rebound,,,,,,,,,,Joakim Noah,,,,,,def,,
Anthony Morrow,Mikki Moore,Monta Ellis,Stephen Curry,Vladimir Radmanovic,Brad Miller,Derrick Rose,Joakim Noah,John Salmons,Luol Deng,3,9:26,CHI,shot,,,,,,,,,,Joakim Noah,,,,missed,,jump,34,17
Anthony Morrow,Mikki Moore,Monta Ellis,Stephen Curry,Vladimir Radmanovic,Brad Miller,Derrick Rose,Joakim Noah,John Salmons,Luol Deng,3,9:25,GSW,rebound,,,,,,,,,,Anthony Morrow,,,,,,def,,
Anthony Morrow,Mikki Moore,Monta Ellis,Stephen Curry,Vladimir Radmanovic,Brad Miller,Derrick Rose,Joakim Noah,John Salmons,Luol Deng,3,9:19,GSW,turnover,,,,,,,,,,Monta Ellis,,,lost ball,,Joakim Noah,,,
Anthony Morrow,Mikki Moore,Monta Ellis,Stephen Curry,Vladimir Radmanovic,Brad Miller,Derrick Rose,Joakim Noah,John Salmons,Luol Deng,3,9:15,CHI,shot,Luol Deng,,,,,,,,,Joakim Noah,2,,,made,,dunk,25,6
Anthony Morrow,Mikki Moore,Monta Ellis,Stephen Curry,Vladimir Radmanovic,Brad Miller,Derrick Rose,Joakim Noah,John Salmons,Luol Deng,3,8:59,GSW,turnover,,,,,,,,,,Monta Ellis,,,bad pass,,John Salmons,,,
Anthony Morrow,Mikki Moore,Monta Ellis,Stephen Curry,Vladimir Radmanovic,Brad Miller,Derrick Rose,Joakim Noah,John Salmons,Luol Deng,3,8:50,CHI,shot,Joakim Noah,,,,,,,,,Luol Deng,2,,,made,,running slam dunk,25,6
Anthony Morrow,Mikki Moore,Monta Ellis,Stephen Curry,Vladimir Radmanovic,Brad Miller,Derrick Rose,Joakim Noah,John Salmons,Luol Deng,3,8:49,GSW,timeout,,,,,,,,,,,,,,,,regular,,
Anthony Morrow,Mikki Moore,Monta Ellis,Stephen Curry,Vladimir Radmanovic,Brad Miller,Derrick Rose,Joakim Noah,John Salmons,Luol Deng,3,8:32,GSW,shot,,,,,,,,,,Anthony Morrow,,,,missed,,3pt,17,29
Anthony Morrow,Mikki Moore,Monta Ellis,Stephen Curry,Vladimir Radmanovic,Brad Miller,Derrick Rose,Joakim Noah,John Salmons,Luol Deng,3,8:31,CHI,rebound,,,,,,,,,,Joakim Noah,,,,,,def,,
Anthony Morrow,Mikki Moore,Monta Ellis,Stephen Curry,Vladimir Radmanovic,Brad Miller,Derrick Rose,Joakim Noah,John Salmons,Luol Deng,3,8:17,CHI,turnover,,,,,,,,,,John Salmons,,,traveling,,,,,
Anthony Morrow,Mikki Moore,Monta Ellis,Stephen Curry,Vladimir Radmanovic,Brad Miller,Derrick Rose,Joakim Noah,John Salmons,Luol Deng,3,8:04,GSW,shot,,,,,,,,,,Vladimir Radmanovic,,,,missed,,layup,25,6
Anthony Morrow,Mikki Moore,Monta Ellis,Stephen Curry,Vladimir Radmanovic,Brad Miller,Derrick Rose,Joakim Noah,John Salmons,Luol Deng,3,8:04,CHI,rebound,,,,,,,,,,,,,,,,,,
Anthony Morrow,Mikki Moore,Monta Ellis,Stephen Curry,Vladimir Radmanovic,Brad Miller,Derrick Rose,Joakim Noah,John Salmons,Luol Deng,3,8:04,GSW,foul,,,,,,,,Brad Miller,,Vladimir Radmanovic,,,,,,loose ball,,
Anthony Morrow,Mikki Moore,Monta Ellis,Stephen Curry,Vladimir Radmanovic,Brad Miller,Derrick Rose,Joakim Noah,John Salmons,Luol Deng,3,7:45,CHI,shot,,,,,,,,,,John Salmons,,,,missed,,3pt,10,26
Anthony Morrow,Mikki Moore,Monta Ellis,Stephen Curry,Vladimir Radmanovic,Brad Miller,Derrick Rose,Joakim Noah,John Salmons,Luol Deng,3,7:44,GSW,rebound,,,,,,,,,,Monta Ellis,,,,,,def,,
Anthony Morrow,Mikki Moore,Monta Ellis,Stephen Curry,Vladimir Radmanovic,Brad Miller,Derrick Rose,Joakim Noah,John Salmons,Luol Deng,3,7:38,GSW,shot,Monta Ellis,,,,,,,,,Vladimir Radmanovic,2,,,made,,jump,11,6
Anthony Morrow,Mikki Moore,Monta Ellis,Stephen Curry,Vladimir Radmanovic,Brad Miller,Derrick Rose,Joakim Noah,John Salmons,Luol Deng,3,7:19,CHI,shot,,,,,,,,,,Brad Miller,,,,missed,,jump,28,25
Anthony Morrow,Mikki Moore,Monta Ellis,Stephen Curry,Vladimir Radmanovic,Brad Miller,Derrick Rose,Joakim Noah,John Salmons,Luol Deng,3,7:17,GSW,rebound,,,,,,,,,,Stephen Curry,,,,,,def,,
Anthony Morrow,Mikki Moore,Monta Ellis,Stephen Curry,Vladimir Radmanovic,Brad Miller,Derrick Rose,Joakim Noah,John Salmons,Luol Deng,3,7:06,GSW,shot,,,,,,,,,,Monta Ellis,,,,missed,,layup,25,6
Anthony Morrow,Mikki Moore,Monta Ellis,Stephen Curry,Vladimir Radmanovic,Brad Miller,Derrick Rose,Joakim Noah,John Salmons,Luol Deng,3,7:05,CHI,rebound,,,,,,,,,,Joakim Noah,,,,,,def,,
Anthony Morrow,Mikki Moore,Monta Ellis,Stephen Curry,Vladimir Radmanovic,Brad Miller,Derrick Rose,Joakim Noah,John Salmons,Luol Deng,3,6:55,CHI,shot,,,,,,,,,,Derrick Rose,,,,missed,,jump,29,25
Anthony Morrow,Mikki Moore,Monta Ellis,Stephen Curry,Vladimir Radmanovic,Brad Miller,Derrick Rose,Joakim Noah,John Salmons,Luol Deng,3,6:54,GSW,rebound,,,,,,,,,,Monta Ellis,,,,,,def,,
Anthony Morrow,Mikki Moore,Monta Ellis,Stephen Curry,Vladimir Radmanovic,Brad Miller,Derrick Rose,Joakim Noah,John Salmons,Luol Deng,3,6:48,GSW,shot,,,,,,,,,,Monta Ellis,,,,missed,,jump,34,5
Anthony Morrow,Mikki Moore,Monta Ellis,Stephen Curry,Vladimir Radmanovic,Brad Miller,Derrick Rose,Joakim Noah,John Salmons,Luol Deng,3,6:45,CHI,rebound,,,,,,,,,,Joakim Noah,,,,,,def,,
Anthony Morrow,Mikki Moore,Monta Ellis,Stephen Curry,Vladimir Radmanovic,Brad Miller,Derrick Rose,Joakim Noah,John Salmons,Luol Deng,3,6:34,CHI,shot,Luol Deng,,,,,,,,,Joakim Noah,2,,,made,,dunk,25,6
Anthony Morrow,Mikki Moore,Monta Ellis,Stephen Curry,Vladimir Radmanovic,Brad Miller,Derrick Rose,Joakim Noah,John Salmons,Luol Deng,3,6:14,GSW,shot,,,,,,,,,,Stephen Curry,,,,missed,,3pt,14,28
Anthony Morrow,Mikki Moore,Monta Ellis,Stephen Curry,Vladimir Radmanovic,Brad Miller,Derrick Rose,Joakim Noah,John Salmons,Luol Deng,3,6:13,GSW,rebound,,,,,,,,,,Vladimir Radmanovic,,,,,,off,,
Anthony Morrow,Mikki Moore,Monta Ellis,Stephen Curry,Vladimir Radmanovic,Brad Miller,Derrick Rose,Joakim Noah,John Salmons,Luol Deng,3,5:57,GSW,shot,,,,,,,,,,Monta Ellis,,,,missed,,3pt,11,27
Anthony Morrow,Mikki Moore,Monta Ellis,Stephen Curry,Vladimir Radmanovic,Brad Miller,Derrick Rose,Joakim Noah,John Salmons,Luol Deng,3,5:56,CHI,rebound,,,,,,,,,,Brad Miller,,,,,,def,,
Anthony Morrow,Mikki Moore,Monta Ellis,Stephen Curry,Vladimir Radmanovic,Brad Miller,Derrick Rose,Joakim Noah,John Salmons,Luol Deng,3,5:51,CHI,timeout,,,,,,,,,,,,,,,,regular,,
Anthony Morrow,Anthony Randolph,Mikki Moore,Monta Ellis,Stephen Curry,Brad Miller,Derrick Rose,Joakim Noah,John Salmons,Luol Deng,3,5:51,GSW,sub,,,,Anthony Randolph,,Vladimir Radmanovic,,,,,,,,,,,,
Anthony Morrow,Anthony Randolph,Mikki Moore,Monta Ellis,Stephen Curry,Brad Miller,Derrick Rose,Joakim Noah,John Salmons,Luol Deng,3,5:44,CHI,shot,,,,,,,,,,Luol Deng,2,,,made,,layup,25,6
Anthony Morrow,Anthony Randolph,Mikki Moore,Monta Ellis,Stephen Curry,Brad Miller,Derrick Rose,Joakim Noah,John Salmons,Luol Deng,3,5:44,GSW,foul,,,,,,,,Luol Deng,,Mikki Moore,,,,,,shooting,,
Anthony Morrow,Anthony Randolph,Mikki Moore,Monta Ellis,Stephen Curry,Brad Miller,Derrick Rose,Joakim Noah,John Salmons,Luol Deng,3,5:44,CHI,free throw,,,,,,,1,,1,Luol Deng,,,foul,made,,,,
Anthony Morrow,Anthony Randolph,Mikki Moore,Monta Ellis,Stephen Curry,Brad Miller,Derrick Rose,Joakim Noah,John Salmons,Luol Deng,3,5:23,GSW,turnover,,,,,,,,,,Mikki Moore,,,bad pass,,,,,
Anthony Morrow,Anthony Randolph,Mikki Moore,Monta Ellis,Stephen Curry,Brad Miller,Derrick Rose,Joakim Noah,John Salmons,Luol Deng,3,5:10,CHI,shot,Derrick Rose,,,,,,,,,Luol Deng,2,,,made,,jump,15,22
Anthony Morrow,Anthony Randolph,Mikki Moore,Monta Ellis,Stephen Curry,Brad Miller,Derrick Rose,Joakim Noah,John Salmons,Luol Deng,3,4:48,GSW,turnover,,,,,,,,,,Monta Ellis,,,lost ball,,John Salmons,,,
Anthony Morrow,Anthony Randolph,Mikki Moore,Monta Ellis,Stephen Curry,Brad Miller,Derrick Rose,Joakim Noah,John Salmons,Luol Deng,3,4:23,CHI,shot,,,,,,,,,,John Salmons,,,,missed,,jump,41,10
Anthony Morrow,Anthony Randolph,Mikki Moore,Monta Ellis,Stephen Curry,Brad Miller,Derrick Rose,Joakim Noah,John Salmons,Luol Deng,3,4:21,GSW,rebound,,,,,,,,,,Stephen Curry,,,,,,def,,
Anthony Morrow,Anthony Randolph,Mikki Moore,Monta Ellis,Stephen Curry,Brad Miller,Derrick Rose,Joakim Noah,John Salmons,Luol Deng,3,4:12,GSW,shot,,,,,,,,,,Stephen Curry,,,,missed,,jump,25,29
Anthony Morrow,Anthony Randolph,Mikki Moore,Monta Ellis,Stephen Curry,Brad Miller,Derrick Rose,Joakim Noah,John Salmons,Luol Deng,3,4:11,CHI,rebound,,,,,,,,,,Brad Miller,,,,,,def,,
Anthony Morrow,Anthony Randolph,Mikki Moore,Monta Ellis,Stephen Curry,Brad Miller,Derrick Rose,Joakim Noah,John Salmons,Luol Deng,3,4:02,CHI,shot,John Salmons,,,,,,,,,Luol Deng,2,,,made,,jump,13,25
Anthony Morrow,Anthony Randolph,Mikki Moore,Monta Ellis,Stephen Curry,Brad Miller,Derrick Rose,Joakim Noah,John Salmons,Luol Deng,3,3:48,CHI,foul,,,,,,,,Anthony Randolph,,John Salmons,,,,,,shooting,,
Anthony Morrow,Anthony Randolph,Corey Maggette,Monta Ellis,Stephen Curry,Brad Miller,Derrick Rose,Joakim Noah,John Salmons,Luol Deng,3,3:48,GSW,sub,,,,Corey Maggette,,Mikki Moore,,,,,,,,,,,,
Anthony Morrow,Anthony Randolph,Corey Maggette,Monta Ellis,Stephen Curry,Brad Miller,Derrick Rose,Joakim Noah,John Salmons,Luol Deng,3,3:48,GSW,free throw,,,,,,,1,,2,Anthony Randolph,,,foul,missed,,,,
Anthony Morrow,Anthony Randolph,Corey Maggette,Monta Ellis,Stephen Curry,Brad Miller,Derrick Rose,Joakim Noah,John Salmons,Luol Deng,3,3:48,GSW,rebound,,,,,,,,,,,,,,,,,,
Anthony Morrow,Anthony Randolph,C.J. Watson,Corey Maggette,Stephen Curry,Brad Miller,Derrick Rose,Joakim Noah,John Salmons,Luol Deng,3,3:48,GSW,sub,,,,C.J. Watson,,Monta Ellis,,,,,,,,,,,,
Anthony Morrow,Anthony Randolph,C.J. Watson,Corey Maggette,Stephen Curry,Brad Miller,Derrick Rose,Joakim Noah,Kirk Hinrich,Luol Deng,3,3:48,CHI,sub,,,,Kirk Hinrich,,John Salmons,,,,,,,,,,,,
Anthony Morrow,Anthony Randolph,C.J. Watson,Corey Maggette,Stephen Curry,Brad Miller,Derrick Rose,Joakim Noah,Kirk Hinrich,Luol Deng,3,3:48,GSW,free throw,,,,,,,2,,2,Anthony Randolph,,,foul,missed,,,,
Anthony Morrow,Anthony Randolph,C.J. Watson,Corey Maggette,Stephen Curry,Brad Miller,Derrick Rose,Joakim Noah,Kirk Hinrich,Luol Deng,3,3:47,CHI,rebound,,,,,,,,,,Brad Miller,,,,,,def,,
Anthony Morrow,Anthony Randolph,C.J. Watson,Corey Maggette,Stephen Curry,Brad Miller,Derrick Rose,Joakim Noah,Kirk Hinrich,Luol Deng,3,3:35,CHI,shot,Luol Deng,,,,,,,,,Derrick Rose,2,,,made,,jump,34,17
Anthony Morrow,Anthony Randolph,C.J. Watson,Corey Maggette,Stephen Curry,Brad Miller,Derrick Rose,Joakim Noah,Kirk Hinrich,Luol Deng,3,3:22,GSW,shot,,,,,,,,,,Stephen Curry,,,,missed,,jump,19,27
Anthony Morrow,Anthony Randolph,C.J. Watson,Corey Maggette,Stephen Curry,Brad Miller,Derrick Rose,Joakim Noah,Kirk Hinrich,Luol Deng,3,3:21,CHI,rebound,,,,,,,,,,,,,,,,,,
Anthony Morrow,Anthony Randolph,C.J. Watson,Corey Maggette,Stephen Curry,Brad Miller,Derrick Rose,Joakim Noah,Kirk Hinrich,Luol Deng,3,3:08,CHI,shot,Kirk Hinrich,,,,,,,,,Derrick Rose,2,,,made,,jump,18,23
Anthony Morrow,Anthony Randolph,C.J. Watson,Corey Maggette,Stephen Curry,Brad Miller,Derrick Rose,Joakim Noah,Kirk Hinrich,Luol Deng,3,2:52,GSW,shot,,,,,,,,,,Corey Maggette,,,,missed,,jump,17,24
Anthony Morrow,Anthony Randolph,C.J. Watson,Corey Maggette,Stephen Curry,Brad Miller,Derrick Rose,Joakim Noah,Kirk Hinrich,Luol Deng,3,2:50,CHI,rebound,,,,,,,,,,Brad Miller,,,,,,def,,
Anthony Morrow,Anthony Randolph,C.J. Watson,Corey Maggette,Stephen Curry,Brad Miller,Derrick Rose,Joakim Noah,Kirk Hinrich,Luol Deng,3,2:39,CHI,shot,Derrick Rose,,,,,,,,,Luol Deng,2,,,made,,jump,19,13
Anthony Morrow,Anthony Randolph,C.J. Watson,Corey Maggette,Stephen Curry,Brad Miller,Derrick Rose,Joakim Noah,Kirk Hinrich,Luol Deng,3,2:38,GSW,timeout,,,,,,,,,,,,,,,,short,,
Anthony Morrow,Anthony Randolph,C.J. Watson,Corey Maggette,Stephen Curry,Brad Miller,Derrick Rose,Joakim Noah,Kirk Hinrich,Luol Deng,3,2:24,GSW,shot,Stephen Curry,,,,,,,,,Anthony Morrow,3,,,made,,3pt,14,29
Anthony Morrow,Anthony Randolph,C.J. Watson,Corey Maggette,Stephen Curry,Brad Miller,Derrick Rose,Joakim Noah,Kirk Hinrich,Luol Deng,3,2:06,CHI,shot,,,,,,,,,,Joakim Noah,2,,,made,,hook,12,7
Anthony Morrow,Anthony Randolph,C.J. Watson,Corey Maggette,Stephen Curry,Brad Miller,Derrick Rose,Joakim Noah,Kirk Hinrich,Luol Deng,3,1:57,CHI,foul,,,,,,,,Anthony Morrow,,Luol Deng,,,,,,personal,,
Anthony Morrow,Anthony Randolph,C.J. Watson,Corey Maggette,Stephen Curry,Brad Miller,Derrick Rose,Joakim Noah,Kirk Hinrich,Luol Deng,3,1:45,GSW,shot,,,,,,,,,,Anthony Randolph,2,,,made,,jump,13,20
Anthony Morrow,Anthony Randolph,C.J. Watson,Corey Maggette,Stephen Curry,Brad Miller,Derrick Rose,Joakim Noah,Kirk Hinrich,Luol Deng,3,1:29,CHI,shot,,,,,,,,,,Kirk Hinrich,,,,missed,,jump,13,17
Anthony Morrow,Anthony Randolph,C.J. Watson,Corey Maggette,Stephen Curry,Brad Miller,Derrick Rose,Joakim Noah,Kirk Hinrich,Luol Deng,3,1:26,CHI,rebound,,,,,,,,,,Joakim Noah,,,,,,off,,
Anthony Morrow,Anthony Randolph,C.J. Watson,Corey Maggette,Stephen Curry,Brad Miller,Derrick Rose,Joakim Noah,Kirk Hinrich,Luol Deng,3,1:25,CHI,shot,,,Anthony Randolph,,,,,,,Brad Miller,,,,missed,,layup,25,6
Anthony Morrow,Anthony Randolph,C.J. Watson,Corey Maggette,Stephen Curry,Brad Miller,Derrick Rose,Joakim Noah,Kirk Hinrich,Luol Deng,3,1:23,GSW,rebound,,,,,,,,,,C.J. Watson,,,,,,def,,
Anthony Morrow,Anthony Randolph,C.J. Watson,Corey Maggette,Stephen Curry,Brad Miller,Derrick Rose,Joakim Noah,Kirk Hinrich,Luol Deng,3,1:16,GSW,shot,,,Joakim Noah,,,,,,,Corey Maggette,,,,missed,,jump,16,9
Anthony Morrow,Anthony Randolph,C.J. Watson,Corey Maggette,Stephen Curry,Brad Miller,Derrick Rose,Joakim Noah,Kirk Hinrich,Luol Deng,3,1:16,GSW,rebound,,,,,,,,,,,,,,,,,,
Anthony Morrow,Anthony Randolph,C.J. Watson,Corey Maggette,Stephen Curry,Brad Miller,Derrick Rose,Joakim Noah,Kirk Hinrich,Luol Deng,3,1:11,GSW,shot,Anthony Randolph,,,,,,,,,Corey Maggette,2,,,made,,jump,9,20
Anthony Morrow,Anthony Randolph,C.J. Watson,Corey Maggette,Stephen Curry,Brad Miller,Derrick Rose,Joakim Noah,Kirk Hinrich,Luol Deng,3,0:49,CHI,shot,,,,,,,,,,Joakim Noah,,,,missed,,layup,25,6
Anthony Morrow,Anthony Randolph,C.J. Watson,Corey Maggette,Stephen Curry,Brad Miller,Derrick Rose,Joakim Noah,Kirk Hinrich,Luol Deng,3,0:47,GSW,rebound,,,,,,,,,,C.J. Watson,,,,,,def,,
Anthony Morrow,Anthony Randolph,C.J. Watson,Corey Maggette,Stephen Curry,Brad Miller,Derrick Rose,Joakim Noah,Kirk Hinrich,Luol Deng,3,0:32,GSW,shot,Anthony Morrow,,,,,,,,,C.J. Watson,3,,,made,,3pt,3,17
Anthony Morrow,Anthony Randolph,C.J. Watson,Corey Maggette,Stephen Curry,Brad Miller,Derrick Rose,Joakim Noah,Kirk Hinrich,Luol Deng,3,0:10,CHI,shot,,,,,,,,,,Brad Miller,,,,missed,,jump,40,11
Anthony Morrow,Anthony Randolph,C.J. Watson,Corey Maggette,Stephen Curry,Brad Miller,Derrick Rose,Joakim Noah,Kirk Hinrich,Luol Deng,3,0:08,GSW,rebound,,,,,,,,,,Stephen Curry,,,,,,def,,
Anthony Morrow,Anthony Randolph,C.J. Watson,Corey Maggette,Stephen Curry,Brad Miller,Derrick Rose,Joakim Noah,Kirk Hinrich,Luol Deng,3,0:01,GSW,shot,,,,,,,,,,Stephen Curry,2,,,made,,layup,25,6
Anthony Morrow,Anthony Randolph,C.J. Watson,Corey Maggette,Stephen Curry,Brad Miller,Derrick Rose,Joakim Noah,Kirk Hinrich,Luol Deng,3,0:00,CHI,shot,,,,,,,,,,Kirk Hinrich,,,,missed,,3pt,5,44
Anthony Morrow,Anthony Randolph,C.J. Watson,Corey Maggette,Stephen Curry,Brad Miller,Derrick Rose,Joakim Noah,Kirk Hinrich,Luol Deng,3,0:00,CHI,rebound,,,,,,,,,,,,,,,,,,
Anthony Morrow,Anthony Randolph,C.J. Watson,Corey Maggette,Stephen Curry,Joakim Noah,John Salmons,Kirk Hinrich,Luol Deng,Taj Gibson,4,11:40,CHI,shot,,,,,,,,,,John Salmons,,,,missed,,jump,20,20
Anthony Morrow,Anthony Randolph,C.J. Watson,Corey Maggette,Stephen Curry,Joakim Noah,John Salmons,Kirk Hinrich,Luol Deng,Taj Gibson,4,11:39,CHI,rebound,,,,,,,,,,Taj Gibson,,,,,,off,,
Anthony Morrow,Anthony Randolph,C.J. Watson,Corey Maggette,Stephen Curry,Joakim Noah,John Salmons,Kirk Hinrich,Luol Deng,Taj Gibson,4,11:39,CHI,shot,,,,,,,,,,Taj Gibson,2,,,made,,tip,25,6
Anthony Morrow,Anthony Randolph,C.J. Watson,Corey Maggette,Stephen Curry,Joakim Noah,John Salmons,Kirk Hinrich,Luol Deng,Taj Gibson,4,11:22,GSW,shot,,,,,,,,,,Corey Maggette,2,,,made,,jump,35,26
Anthony Morrow,Anthony Randolph,C.J. Watson,Corey Maggette,Stephen Curry,Joakim Noah,John Salmons,Kirk Hinrich,Luol Deng,Taj Gibson,4,11:05,CHI,shot,,,,,,,,,,Luol Deng,,,,missed,,jump,17,21
Anthony Morrow,Anthony Randolph,C.J. Watson,Corey Maggette,Stephen Curry,Joakim Noah,John Salmons,Kirk Hinrich,Luol Deng,Taj Gibson,4,11:03,CHI,rebound,,,,,,,,,,Taj Gibson,,,,,,off,,
Anthony Morrow,Anthony Randolph,C.J. Watson,Corey Maggette,Stephen Curry,Joakim Noah,John Salmons,Kirk Hinrich,Luol Deng,Taj Gibson,4,11:03,CHI,foul,,,,,,,,Anthony Morrow,,Taj Gibson,,,,,,offensive,,
Anthony Morrow,Anthony Randolph,C.J. Watson,Corey Maggette,Stephen Curry,Joakim Noah,John Salmons,Kirk Hinrich,Luol Deng,Taj Gibson,4,11:03,CHI,turnover,,,,,,,,,,Taj Gibson,,,foul,,,,,
Anthony Morrow,Anthony Randolph,C.J. Watson,Corey Maggette,Stephen Curry,Joakim Noah,John Salmons,Kirk Hinrich,Luol Deng,Taj Gibson,4,10:52,GSW,shot,,,,,,,,,,Corey Maggette,,,,missed,,layup,25,6
Anthony Morrow,Anthony Randolph,C.J. Watson,Corey Maggette,Stephen Curry,Joakim Noah,John Salmons,Kirk Hinrich,Luol Deng,Taj Gibson,4,10:51,CHI,rebound,,,,,,,,,,Joakim Noah,,,,,,def,,
Anthony Morrow,Anthony Randolph,C.J. Watson,Corey Maggette,Stephen Curry,Joakim Noah,John Salmons,Kirk Hinrich,Luol Deng,Taj Gibson,4,10:39,CHI,shot,,,,,,,,,,Kirk Hinrich,,,,missed,,jump,20,28
Anthony Morrow,Anthony Randolph,C.J. Watson,Corey Maggette,Stephen Curry,Joakim Noah,John Salmons,Kirk Hinrich,Luol Deng,Taj Gibson,4,10:39,GSW,rebound,,,,,,,,,,,,,,,,,,
Anthony Morrow,Anthony Randolph,C.J. Watson,Corey Maggette,Stephen Curry,Joakim Noah,John Salmons,Kirk Hinrich,Luol Deng,Taj Gibson,4,10:39,CHI,foul,,,,,,,,Anthony Randolph,,Joakim Noah,,,,,,loose ball,,
Anthony Morrow,Anthony Randolph,C.J. Watson,Corey Maggette,Stephen Curry,Joakim Noah,John Salmons,Kirk Hinrich,Luol Deng,Taj Gibson,4,10:20,GSW,shot,,,,,,,,,,Anthony Randolph,,,,missed,,jump,11,9
Anthony Morrow,Anthony Randolph,C.J. Watson,Corey Maggette,Stephen Curry,Joakim Noah,John Salmons,Kirk Hinrich,Luol Deng,Taj Gibson,4,10:19,CHI,rebound,,,,,,,,,,Joakim Noah,,,,,,def,,
Anthony Morrow,Anthony Randolph,C.J. Watson,Corey Maggette,Stephen Curry,Joakim Noah,John Salmons,Kirk Hinrich,Luol Deng,Taj Gibson,4,10:15,CHI,shot,Joakim Noah,,,,,,,,,Taj Gibson,2,,,made,,slam dunk,25,6
Anthony Morrow,Anthony Randolph,C.J. Watson,Corey Maggette,Stephen Curry,Joakim Noah,John Salmons,Kirk Hinrich,Luol Deng,Taj Gibson,4,9:52,GSW,shot,,,,,,,,,,Corey Maggette,2,,,made,,driving finger roll layup,25,6
Anthony Morrow,Anthony Randolph,C.J. Watson,Corey Maggette,Stephen Curry,Joakim Noah,John Salmons,Kirk Hinrich,Luol Deng,Taj Gibson,4,9:34,GSW,violation,,,,,,,,,,Corey Maggette,,,,,,defensive goaltending,,
Anthony Morrow,Anthony Randolph,C.J. Watson,Corey Maggette,Stephen Curry,Joakim Noah,John Salmons,Kirk Hinrich,Luol Deng,Taj Gibson,4,9:34,CHI,shot,Kirk Hinrich,,,,,,,,,Joakim Noah,2,,,made,,layup,25,6
Anthony Morrow,Anthony Randolph,C.J. Watson,Corey Maggette,Stephen Curry,Joakim Noah,John Salmons,Kirk Hinrich,Luol Deng,Taj Gibson,4,9:20,GSW,shot,,,,,,,,,,C.J. Watson,,,,missed,,jump,35,27
Anthony Morrow,Anthony Randolph,C.J. Watson,Corey Maggette,Stephen Curry,Joakim Noah,John Salmons,Kirk Hinrich,Luol Deng,Taj Gibson,4,9:18,CHI,rebound,,,,,,,,,,John Salmons,,,,,,def,,
Anthony Morrow,Anthony Randolph,C.J. Watson,Corey Maggette,Stephen Curry,Joakim Noah,John Salmons,Kirk Hinrich,Luol Deng,Taj Gibson,4,9:15,GSW,violation,,,,,,,,,,C.J. Watson,,,,,,kicked ball,,
Anthony Morrow,Anthony Randolph,C.J. Watson,Corey Maggette,Stephen Curry,Joakim Noah,John Salmons,Kirk Hinrich,Luol Deng,Taj Gibson,4,9:09,CHI,shot,Joakim Noah,,,,,,,,,Kirk Hinrich,2,,,made,,jump,43,13
Anthony Morrow,Anthony Randolph,C.J. Watson,Corey Maggette,Stephen Curry,Joakim Noah,John Salmons,Kirk Hinrich,Luol Deng,Taj Gibson,4,8:52,GSW,shot,,,,,,,,,,Anthony Randolph,,,,missed,,jump,47,10
Anthony Morrow,Anthony Randolph,C.J. Watson,Corey Maggette,Stephen Curry,Joakim Noah,John Salmons,Kirk Hinrich,Luol Deng,Taj Gibson,4,8:51,CHI,rebound,,,,,,,,,,Kirk Hinrich,,,,,,def,,
Anthony Morrow,Anthony Randolph,C.J. Watson,Corey Maggette,Stephen Curry,Joakim Noah,John Salmons,Kirk Hinrich,Luol Deng,Taj Gibson,4,8:46,CHI,shot,,,,,,,,,,John Salmons,,,,missed,,3pt,8,25
Anthony Morrow,Anthony Randolph,C.J. Watson,Corey Maggette,Stephen Curry,Joakim Noah,John Salmons,Kirk Hinrich,Luol Deng,Taj Gibson,4,8:45,GSW,rebound,,,,,,,,,,,,,,,,,,
Anthony Morrow,Anthony Randolph,C.J. Watson,Corey Maggette,Stephen Curry,Joakim Noah,John Salmons,Kirk Hinrich,Luol Deng,Taj Gibson,4,8:45,GSW,timeout,,,,,,,,,,,,,,,,,,
Anthony Morrow,Anthony Randolph,C.J. Watson,Corey Maggette,Vladimir Radmanovic,Joakim Noah,John Salmons,Kirk Hinrich,Luol Deng,Taj Gibson,4,8:45,GSW,sub,,,,Vladimir Radmanovic,,Stephen Curry,,,,,,,,,,,,
Anthony Morrow,C.J. Watson,Corey Maggette,Monta Ellis,Vladimir Radmanovic,Joakim Noah,John Salmons,Kirk Hinrich,Luol Deng,Taj Gibson,4,8:45,GSW,sub,,,,Monta Ellis,,Anthony Randolph,,,,,,,,,,,,
Anthony Morrow,C.J. Watson,Corey Maggette,Monta Ellis,Vladimir Radmanovic,Joakim Noah,John Salmons,Kirk Hinrich,Luol Deng,Taj Gibson,4,8:30,GSW,shot,Anthony Morrow,,,,,,,,,Corey Maggette,2,,,made,,jump,44,9
Anthony Morrow,C.J. Watson,Corey Maggette,Monta Ellis,Vladimir Radmanovic,Joakim Noah,John Salmons,Kirk Hinrich,Luol Deng,Taj Gibson,4,8:18,CHI,foul,,,,,,,,Anthony Morrow,,Taj Gibson,,,,,,offensive,,
Anthony Morrow,C.J. Watson,Corey Maggette,Monta Ellis,Vladimir Radmanovic,Joakim Noah,John Salmons,Kirk Hinrich,Luol Deng,Taj Gibson,4,8:18,CHI,turnover,,,,,,,,,,Taj Gibson,,,foul,,,,,
Anthony Morrow,C.J. Watson,Corey Maggette,Monta Ellis,Vladimir Radmanovic,Joakim Noah,John Salmons,Kirk Hinrich,Luol Deng,Taj Gibson,4,8:01,GSW,shot,,,,,,,,,,Anthony Morrow,,,,missed,,3pt,39,26
Anthony Morrow,C.J. Watson,Corey Maggette,Monta Ellis,Vladimir Radmanovic,Joakim Noah,John Salmons,Kirk Hinrich,Luol Deng,Taj Gibson,4,7:59,GSW,rebound,,,,,,,,,,Corey Maggette,,,,,,off,,
Anthony Morrow,C.J. Watson,Corey Maggette,Monta Ellis,Vladimir Radmanovic,Joakim Noah,John Salmons,Kirk Hinrich,Luol Deng,Taj Gibson,4,7:53,GSW,shot,,,,,,,,,,Anthony Morrow,,,,missed,,3pt,43,22
Anthony Morrow,C.J. Watson,Corey Maggette,Monta Ellis,Vladimir Radmanovic,Joakim Noah,John Salmons,Kirk Hinrich,Luol Deng,Taj Gibson,4,7:50,CHI,rebound,,,,,,,,,,Taj Gibson,,,,,,def,,
Anthony Morrow,C.J. Watson,Corey Maggette,Monta Ellis,Vladimir Radmanovic,Joakim Noah,John Salmons,Kirk Hinrich,Luol Deng,Taj Gibson,4,7:43,CHI,foul,,,,,,,,Corey Maggette,,Taj Gibson,,,,,,offensive,,
Anthony Morrow,C.J. Watson,Corey Maggette,Monta Ellis,Vladimir Radmanovic,Joakim Noah,John Salmons,Kirk Hinrich,Luol Deng,Taj Gibson,4,7:43,CHI,turnover,,,,,,,,,,Taj Gibson,,,foul,,,,,
Anthony Morrow,C.J. Watson,Corey Maggette,Monta Ellis,Vladimir Radmanovic,Derrick Rose,Joakim Noah,John Salmons,Kirk Hinrich,Luol Deng,4,7:43,CHI,sub,,,,Derrick Rose,,Taj Gibson,,,,,,,,,,,,
Anthony Morrow,C.J. Watson,Corey Maggette,Monta Ellis,Vladimir Radmanovic,Derrick Rose,Joakim Noah,John Salmons,Kirk Hinrich,Luol Deng,4,7:33,GSW,shot,,,,,,,,,,Corey Maggette,,,,missed,,3pt,48,6
Anthony Morrow,C.J. Watson,Corey Maggette,Monta Ellis,Vladimir Radmanovic,Derrick Rose,Joakim Noah,John Salmons,Kirk Hinrich,Luol Deng,4,7:31,CHI,rebound,,,,,,,,,,John Salmons,,,,,,def,,
Anthony Morrow,C.J. Watson,Corey Maggette,Monta Ellis,Vladimir Radmanovic,Derrick Rose,Joakim Noah,John Salmons,Kirk Hinrich,Luol Deng,4,7:18,CHI,shot,Luol Deng,,,,,,,,,Joakim Noah,2,,,made,,layup,25,6
Anthony Morrow,C.J. Watson,Corey Maggette,Monta Ellis,Vladimir Radmanovic,Derrick Rose,Joakim Noah,John Salmons,Kirk Hinrich,Luol Deng,4,7:07,GSW,shot,Vladimir Radmanovic,,,,,,,,,Monta Ellis,3,,,made,,3pt,2,5
Anthony Morrow,C.J. Watson,Corey Maggette,Monta Ellis,Vladimir Radmanovic,Derrick Rose,Joakim Noah,John Salmons,Kirk Hinrich,Luol Deng,4,6:49,CHI,shot,,,,,,,,,,Luol Deng,,,,missed,,jump,12,9
Anthony Morrow,C.J. Watson,Corey Maggette,Monta Ellis,Vladimir Radmanovic,Derrick Rose,Joakim Noah,John Salmons,Kirk Hinrich,Luol Deng,4,6:47,GSW,rebound,,,,,,,,,,Anthony Morrow,,,,,,def,,
Anthony Morrow,C.J. Watson,Corey Maggette,Monta Ellis,Vladimir Radmanovic,Derrick Rose,Joakim Noah,John Salmons,Kirk Hinrich,Luol Deng,4,6:41,GSW,shot,,,,,,,,,,Monta Ellis,,,,missed,,driving layup,25,6
Anthony Morrow,C.J. Watson,Corey Maggette,Monta Ellis,Vladimir Radmanovic,Derrick Rose,Joakim Noah,John Salmons,Kirk Hinrich,Luol Deng,4,6:40,CHI,rebound,,,,,,,,,,Derrick Rose,,,,,,def,,
Anthony Morrow,C.J. Watson,Corey Maggette,Monta Ellis,Vladimir Radmanovic,Derrick Rose,Joakim Noah,John Salmons,Kirk Hinrich,Luol Deng,4,6:28,CHI,shot,,,,,,,,,,Derrick Rose,,,,missed,,jump,21,12
Anthony Morrow,C.J. Watson,Corey Maggette,Monta Ellis,Vladimir Radmanovic,Derrick Rose,Joakim Noah,John Salmons,Kirk Hinrich,Luol Deng,4,6:27,GSW,rebound,,,,,,,,,,Vladimir Radmanovic,,,,,,def,,
Anthony Morrow,C.J. Watson,Corey Maggette,Monta Ellis,Vladimir Radmanovic,Derrick Rose,Joakim Noah,John Salmons,Kirk Hinrich,Luol Deng,4,6:18,GSW,shot,,,,,,,,,,Vladimir Radmanovic,,,,missed,,3pt,43,24
Anthony Morrow,C.J. Watson,Corey Maggette,Monta Ellis,Vladimir Radmanovic,Derrick Rose,Joakim Noah,John Salmons,Kirk Hinrich,Luol Deng,4,6:17,CHI,rebound,,,,,,,,,,John Salmons,,,,,,def,,
Anthony Morrow,C.J. Watson,Corey Maggette,Monta Ellis,Vladimir Radmanovic,Derrick Rose,Joakim Noah,John Salmons,Kirk Hinrich,Luol Deng,4,5:59,CHI,turnover,,,,,,,,,,John Salmons,,,bad pass,,C.J. Watson,,,
Anthony Morrow,C.J. Watson,Corey Maggette,Monta Ellis,Vladimir Radmanovic,Derrick Rose,Joakim Noah,John Salmons,Kirk Hinrich,Luol Deng,4,5:56,CHI,foul,,,,,,,,C.J. Watson,,Derrick Rose,,,,,,personal,,
Anthony Morrow,C.J. Watson,Corey Maggette,Monta Ellis,Vladimir Radmanovic,Derrick Rose,Joakim Noah,John Salmons,Kirk Hinrich,Luol Deng,4,5:56,CHI,timeout,,,,,,,,,,,,,,,,regular,,
Anthony Morrow,C.J. Watson,Corey Maggette,Monta Ellis,Vladimir Radmanovic,Derrick Rose,Joakim Noah,John Salmons,Kirk Hinrich,Luol Deng,4,5:56,GSW,free throw,,,,,,,1,,2,C.J. Watson,,,foul,made,,,,
Anthony Morrow,C.J. Watson,Corey Maggette,Monta Ellis,Vladimir Radmanovic,Derrick Rose,Joakim Noah,John Salmons,Kirk Hinrich,Luol Deng,4,5:56,GSW,free throw,,,,,,,2,,2,C.J. Watson,,,foul,made,,,,
Anthony Morrow,C.J. Watson,Corey Maggette,Monta Ellis,Vladimir Radmanovic,Derrick Rose,Joakim Noah,John Salmons,Kirk Hinrich,Luol Deng,4,5:32,CHI,shot,,,,,,,,,,John Salmons,,,,missed,,3pt,41,26
Anthony Morrow,C.J. Watson,Corey Maggette,Monta Ellis,Vladimir Radmanovic,Derrick Rose,Joakim Noah,John Salmons,Kirk Hinrich,Luol Deng,4,5:30,GSW,rebound,,,,,,,,,,C.J. Watson,,,,,,def,,
Anthony Morrow,C.J. Watson,Corey Maggette,Monta Ellis,Vladimir Radmanovic,Derrick Rose,Joakim Noah,John Salmons,Kirk Hinrich,Luol Deng,4,5:19,GSW,turnover,,,,,,,,,,Vladimir Radmanovic,,,bad pass,,John Salmons,,,
Anthony Morrow,C.J. Watson,Corey Maggette,Monta Ellis,Vladimir Radmanovic,Derrick Rose,Joakim Noah,John Salmons,Kirk Hinrich,Luol Deng,4,5:15,CHI,shot,John Salmons,,,,,,,,,Kirk Hinrich,2,,,made,,layup,25,6
Anthony Morrow,C.J. Watson,Corey Maggette,Monta Ellis,Vladimir Radmanovic,Derrick Rose,Joakim Noah,John Salmons,Kirk Hinrich,Luol Deng,4,4:53,GSW,shot,,,,,,,,,,Vladimir Radmanovic,2,,,made,,running layup,25,6
Anthony Morrow,C.J. Watson,Corey Maggette,Monta Ellis,Vladimir Radmanovic,Derrick Rose,Joakim Noah,John Salmons,Kirk Hinrich,Luol Deng,4,4:29,CHI,shot,,,,,,,,,,Kirk Hinrich,2,,,made,,driving layup,25,6
Anthony Morrow,C.J. Watson,Corey Maggette,Monta Ellis,Vladimir Radmanovic,Derrick Rose,Joakim Noah,John Salmons,Kirk Hinrich,Luol Deng,4,4:02,GSW,turnover,,,,,,,,,,,,,shot clock turnover,,,,,
Anthony Morrow,C.J. Watson,Corey Maggette,Monta Ellis,Vladimir Radmanovic,Derrick Rose,Joakim Noah,John Salmons,Kirk Hinrich,Luol Deng,4,3:40,CHI,shot,,,,,,,,,,Kirk Hinrich,,,,missed,,3pt,48,9
Anthony Morrow,C.J. Watson,Corey Maggette,Monta Ellis,Vladimir Radmanovic,Derrick Rose,Joakim Noah,John Salmons,Kirk Hinrich,Luol Deng,4,3:38,CHI,rebound,,,,,,,,,,Luol Deng,,,,,,off,,
Anthony Morrow,C.J. Watson,Corey Maggette,Monta Ellis,Vladimir Radmanovic,Derrick Rose,Joakim Noah,John Salmons,Kirk Hinrich,Luol Deng,4,3:21,GSW,foul,,,,,,,,Luol Deng,,Vladimir Radmanovic,,,,,,shooting,,
Anthony Morrow,C.J. Watson,Corey Maggette,Monta Ellis,Vladimir Radmanovic,Derrick Rose,Joakim Noah,John Salmons,Kirk Hinrich,Luol Deng,4,3:21,CHI,free throw,,,,,,,1,,2,Luol Deng,,,foul,made,,,,
Anthony Morrow,C.J. Watson,Corey Maggette,Monta Ellis,Vladimir Radmanovic,Derrick Rose,Joakim Noah,John Salmons,Kirk Hinrich,Luol Deng,4,3:21,CHI,free throw,,,,,,,2,,2,Luol Deng,,,foul,made,,,,
Anthony Morrow,C.J. Watson,Corey Maggette,Monta Ellis,Vladimir Radmanovic,Derrick Rose,Joakim Noah,John Salmons,Kirk Hinrich,Luol Deng,4,3:02,GSW,shot,,,,,,,,,,Monta Ellis,2,,,made,,jump,12,22
Anthony Morrow,C.J. Watson,Corey Maggette,Monta Ellis,Vladimir Radmanovic,Derrick Rose,Joakim Noah,John Salmons,Kirk Hinrich,Luol Deng,4,2:46,CHI,shot,John Salmons,,,,,,,,,Joakim Noah,2,,,made,,hook,13,6
Anthony Morrow,C.J. Watson,Corey Maggette,Monta Ellis,Vladimir Radmanovic,Derrick Rose,Joakim Noah,John Salmons,Kirk Hinrich,Luol Deng,4,2:32,GSW,shot,,,Joakim Noah,,,,,,,Monta Ellis,,,,missed,,layup,25,6
Anthony Morrow,C.J. Watson,Corey Maggette,Monta Ellis,Vladimir Radmanovic,Derrick Rose,Joakim Noah,John Salmons,Kirk Hinrich,Luol Deng,4,2:30,CHI,rebound,,,,,,,,,,Luol Deng,,,,,,def,,
Anthony Morrow,C.J. Watson,Corey Maggette,Monta Ellis,Vladimir Radmanovic,Derrick Rose,Joakim Noah,John Salmons,Kirk Hinrich,Luol Deng,4,2:13,GSW,foul,,,,,,,,Joakim Noah,,Corey Maggette,,,,,,personal,,
Anthony Morrow,C.J. Watson,Corey Maggette,Monta Ellis,Vladimir Radmanovic,Derrick Rose,Joakim Noah,John Salmons,Kirk Hinrich,Luol Deng,4,2:13,GSW,timeout,,,,,,,,,,,,,,,,regular,,
Anthony Morrow,C.J. Watson,Corey Maggette,Mikki Moore,Monta Ellis,Derrick Rose,Joakim Noah,John Salmons,Kirk Hinrich,Luol Deng,4,2:13,GSW,sub,,,,Mikki Moore,,Vladimir Radmanovic,,,,,,,,,,,,
Anthony Morrow,C.J. Watson,Corey Maggette,Mikki Moore,Monta Ellis,Derrick Rose,Joakim Noah,John Salmons,Kirk Hinrich,Luol Deng,4,2:09,CHI,shot,,,C.J. Watson,,,,,,,Derrick Rose,,,,missed,,layup,25,6
Anthony Morrow,C.J. Watson,Corey Maggette,Mikki Moore,Monta Ellis,Derrick Rose,Joakim Noah,John Salmons,Kirk Hinrich,Luol Deng,4,2:07,GSW,rebound,,,,,,,,,,Anthony Morrow,,,,,,def,,
Anthony Morrow,C.J. Watson,Corey Maggette,Mikki Moore,Monta Ellis,Derrick Rose,Joakim Noah,John Salmons,Kirk Hinrich,Luol Deng,4,2:01,GSW,foul,,,,,,,,Kirk Hinrich,,Mikki Moore,,,,,,offensive,,
Anthony Morrow,C.J. Watson,Corey Maggette,Mikki Moore,Monta Ellis,Derrick Rose,Joakim Noah,John Salmons,Kirk Hinrich,Luol Deng,4,2:01,GSW,turnover,,,,,,,,,,Mikki Moore,,,foul,,,,,
Anthony Morrow,C.J. Watson,Corey Maggette,Mikki Moore,Monta Ellis,Derrick Rose,Joakim Noah,John Salmons,Kirk Hinrich,Luol Deng,4,1:39,CHI,shot,,,,,,,,,,Derrick Rose,,,,missed,,jump,12,14
Anthony Morrow,C.J. Watson,Corey Maggette,Mikki Moore,Monta Ellis,Derrick Rose,Joakim Noah,John Salmons,Kirk Hinrich,Luol Deng,4,1:37,CHI,rebound,,,,,,,,,,Joakim Noah,,,,,,off,,
Anthony Morrow,C.J. Watson,Corey Maggette,Mikki Moore,Monta Ellis,Derrick Rose,Joakim Noah,John Salmons,Kirk Hinrich,Luol Deng,4,1:37,CHI,jump ball,,Anthony Morrow,,,Joakim Noah,,,,,,,Luol Deng,,,,,,
Anthony Morrow,C.J. Watson,Corey Maggette,Mikki Moore,Monta Ellis,Derrick Rose,Joakim Noah,John Salmons,Kirk Hinrich,Luol Deng,4,1:34,CHI,shot,,,Corey Maggette,,,,,,,Luol Deng,,,,missed,,layup,25,6
Anthony Morrow,C.J. Watson,Corey Maggette,Mikki Moore,Monta Ellis,Derrick Rose,Joakim Noah,John Salmons,Kirk Hinrich,Luol Deng,4,1:34,CHI,rebound,,,,,,,,,,,,,,,,,,
Anthony Morrow,C.J. Watson,Corey Maggette,Mikki Moore,Monta Ellis,Derrick Rose,Joakim Noah,John Salmons,Kirk Hinrich,Luol Deng,4,1:21,CHI,shot,,,Monta Ellis,,,,,,,Kirk Hinrich,,,,missed,,jump,14,24
Anthony Morrow,C.J. Watson,Corey Maggette,Mikki Moore,Monta Ellis,Derrick Rose,Joakim Noah,John Salmons,Kirk Hinrich,Luol Deng,4,1:19,GSW,rebound,,,,,,,,,,Monta Ellis,,,,,,def,,
Anthony Morrow,C.J. Watson,Corey Maggette,Mikki Moore,Monta Ellis,Derrick Rose,Joakim Noah,John Salmons,Kirk Hinrich,Luol Deng,4,1:18,GSW,shot,,,,,,,,,,Monta Ellis,2,,,made,,driving layup,25,6
Anthony Morrow,C.J. Watson,Corey Maggette,Mikki Moore,Monta Ellis,Derrick Rose,Joakim Noah,John Salmons,Kirk Hinrich,Luol Deng,4,0:54,CHI,shot,,,,,,,,,,Joakim Noah,,,,missed,,layup,25,6
Anthony Morrow,C.J. Watson,Corey Maggette,Mikki Moore,Monta Ellis,Derrick Rose,Joakim Noah,John Salmons,Kirk Hinrich,Luol Deng,4,0:53,GSW,rebound,,,,,,,,,,Corey Maggette,,,,,,def,,
Anthony Morrow,C.J. Watson,Corey Maggette,Mikki Moore,Monta Ellis,Derrick Rose,Joakim Noah,John Salmons,Kirk Hinrich,Luol Deng,4,0:32,GSW,shot,,,,,,,,,,Monta Ellis,,,,missed,,jump,22,27
Anthony Morrow,C.J. Watson,Corey Maggette,Mikki Moore,Monta Ellis,Derrick Rose,Joakim Noah,John Salmons,Kirk Hinrich,Luol Deng,4,0:31,CHI,rebound,,,,,,,,,,Luol Deng,,,,,,def,,
Anthony Morrow,C.J. Watson,Corey Maggette,Mikki Moore,Monta Ellis,Derrick Rose,Joakim Noah,John Salmons,Kirk Hinrich,Luol Deng,4,0:31,CHI,timeout,,,,,,,,,,,,,,,,regular,,
Anthony Morrow,C.J. Watson,Corey Maggette,Mikki Moore,Monta Ellis,Derrick Rose,Joakim Noah,John Salmons,Kirk Hinrich,Luol Deng,4,0:29,CHI,turnover,,,,,,,,,,Derrick Rose,,,lost ball,,Anthony Morrow,,,
Anthony Morrow,C.J. Watson,Corey Maggette,Mikki Moore,Monta Ellis,Derrick Rose,Joakim Noah,John Salmons,Kirk Hinrich,Luol Deng,4,0:24,GSW,timeout,,,,,,,,,,,,,,,,short,,
Anthony Morrow,C.J. Watson,Corey Maggette,Monta Ellis,Vladimir Radmanovic,Derrick Rose,Joakim Noah,John Salmons,Kirk Hinrich,Luol Deng,4,0:24,GSW,sub,,,,Vladimir Radmanovic,,Mikki Moore,,,,,,,,,,,,
Anthony Morrow,C.J. Watson,Corey Maggette,Monta Ellis,Vladimir Radmanovic,Derrick Rose,Joakim Noah,John Salmons,Kirk Hinrich,Luol Deng,4,0:09,GSW,shot,,,,,,,,,,Monta Ellis,,,,missed,,driving layup,25,6
Anthony Morrow,C.J. Watson,Corey Maggette,Monta Ellis,Vladimir Radmanovic,Derrick Rose,Joakim Noah,John Salmons,Kirk Hinrich,Luol Deng,4,0:09,CHI,rebound,,,,,,,,,,,,,,,,,,
Anthony Morrow,C.J. Watson,Corey Maggette,Monta Ellis,Vladimir Radmanovic,Derrick Rose,Joakim Noah,John Salmons,Kirk Hinrich,Luol Deng,4,0:09,CHI,timeout,,,,,,,,,,,,,,,,short,,
Anthony Morrow,C.J. Watson,Corey Maggette,Mikki Moore,Monta Ellis,Derrick Rose,Joakim Noah,John Salmons,Kirk Hinrich,Luol Deng,4,0:09,GSW,sub,,,,Mikki Moore,,Vladimir Radmanovic,,,,,,,,,,,,
Anthony Morrow,C.J. Watson,Corey Maggette,Mikki Moore,Monta Ellis,Brad Miller,Derrick Rose,John Salmons,Kirk Hinrich,Luol Deng,4,0:09,CHI,sub,,,,Brad Miller,,Joakim Noah,,,,,,,,,,,,
Anthony Morrow,C.J. Watson,Corey Maggette,Mikki Moore,Monta Ellis,Brad Miller,Derrick Rose,John Salmons,Kirk Hinrich,Luol Deng,4,0:05,GSW,foul,,,,,,,,Derrick Rose,,C.J. Watson,,,,,,personal,,
Anthony Morrow,C.J. Watson,Corey Maggette,Mikki Moore,Monta Ellis,Brad Miller,Derrick Rose,John Salmons,Kirk Hinrich,Luol Deng,4,0:05,CHI,timeout,,,,,,,,,,,,,,,,short,,
Anthony Morrow,C.J. Watson,Corey Maggette,Monta Ellis,Vladimir Radmanovic,Brad Miller,Derrick Rose,John Salmons,Kirk Hinrich,Luol Deng,4,0:05,GSW,sub,,,,Vladimir Radmanovic,,Mikki Moore,,,,,,,,,,,,
Anthony Morrow,C.J. Watson,Corey Maggette,Monta Ellis,Vladimir Radmanovic,Brad Miller,Derrick Rose,John Salmons,Kirk Hinrich,Luol Deng,4,0:00,CHI,shot,,,,,,,,,,Derrick Rose,,,,missed,,jump,13,13
Anthony Morrow,C.J. Watson,Corey Maggette,Monta Ellis,Vladimir Radmanovic,Brad Miller,Derrick Rose,John Salmons,Kirk Hinrich,Luol Deng,4,0:00,CHI,rebound,,,,,,,,,,,,,,,,,,
Anthony Morrow,C.J. Watson,Corey Maggette,Mikki Moore,Monta Ellis,Derrick Rose,Joakim Noah,John Salmons,Kirk Hinrich,Luol Deng,5,5:00,OFF,jump ball,,Mikki Moore,,,Joakim Noah,,,,,,,Luol Deng,,,,,,
Anthony Morrow,C.J. Watson,Corey Maggette,Mikki Moore,Monta Ellis,Derrick Rose,Joakim Noah,John Salmons,Kirk Hinrich,Luol Deng,5,4:42,CHI,shot,,,,,,,,,,Kirk Hinrich,2,,,made,,jump,32,25
Anthony Morrow,C.J. Watson,Corey Maggette,Mikki Moore,Monta Ellis,Derrick Rose,Joakim Noah,John Salmons,Kirk Hinrich,Luol Deng,5,4:14,GSW,shot,,,,,,,,,,Monta Ellis,2,,,made,,turnaround fade away,14,23
Anthony Morrow,C.J. Watson,Corey Maggette,Mikki Moore,Monta Ellis,Derrick Rose,Joakim Noah,John Salmons,Kirk Hinrich,Luol Deng,5,3:56,CHI,shot,,,,,,,,,,John Salmons,,,,missed,,jump,19,9
Anthony Morrow,C.J. Watson,Corey Maggette,Mikki Moore,Monta Ellis,Derrick Rose,Joakim Noah,John Salmons,Kirk Hinrich,Luol Deng,5,3:54,GSW,rebound,,,,,,,,,,Mikki Moore,,,,,,def,,
Anthony Morrow,C.J. Watson,Corey Maggette,Mikki Moore,Monta Ellis,Derrick Rose,Joakim Noah,John Salmons,Kirk Hinrich,Luol Deng,5,3:45,GSW,shot,,,,,,,,,,C.J. Watson,,,,missed,,layup,25,6
Anthony Morrow,C.J. Watson,Corey Maggette,Mikki Moore,Monta Ellis,Derrick Rose,Joakim Noah,John Salmons,Kirk Hinrich,Luol Deng,5,3:45,CHI,rebound,,,,,,,,,,Kirk Hinrich,,,,,,def,,
Anthony Morrow,C.J. Watson,Corey Maggette,Mikki Moore,Monta Ellis,Derrick Rose,Joakim Noah,John Salmons,Kirk Hinrich,Luol Deng,5,3:45,CHI,turnover,,,,,,,,,,Kirk Hinrich,,,double dribble,,,,,
Anthony Morrow,C.J. Watson,Corey Maggette,Mikki Moore,Monta Ellis,Derrick Rose,Joakim Noah,John Salmons,Kirk Hinrich,Luol Deng,5,3:35,GSW,shot,,,,,,,,,,Corey Maggette,,,,missed,,jump,30,28
Anthony Morrow,C.J. Watson,Corey Maggette,Mikki Moore,Monta Ellis,Derrick Rose,Joakim Noah,John Salmons,Kirk Hinrich,Luol Deng,5,3:35,CHI,rebound,,,,,,,,,,,,,,,,,,
Anthony Morrow,C.J. Watson,Corey Maggette,Mikki Moore,Monta Ellis,Derrick Rose,Joakim Noah,John Salmons,Kirk Hinrich,Luol Deng,5,3:24,GSW,foul,,,,,,,,Luol Deng,,Anthony Morrow,,,,,,personal,,
Anthony Morrow,C.J. Watson,Corey Maggette,Mikki Moore,Monta Ellis,Derrick Rose,Joakim Noah,John Salmons,Kirk Hinrich,Luol Deng,5,3:17,CHI,shot,,,,,,,,,,Luol Deng,2,,,made,,driving layup,25,6
Anthony Morrow,C.J. Watson,Corey Maggette,Mikki Moore,Monta Ellis,Derrick Rose,Joakim Noah,John Salmons,Kirk Hinrich,Luol Deng,5,3:04,GSW,shot,,,,,,,,,,Monta Ellis,,,,missed,,3pt,17,30
Anthony Morrow,C.J. Watson,Corey Maggette,Mikki Moore,Monta Ellis,Derrick Rose,Joakim Noah,John Salmons,Kirk Hinrich,Luol Deng,5,3:03,CHI,rebound,,,,,,,,,,John Salmons,,,,,,def,,
Anthony Morrow,C.J. Watson,Corey Maggette,Mikki Moore,Monta Ellis,Derrick Rose,Joakim Noah,John Salmons,Kirk Hinrich,Luol Deng,5,2:54,CHI,shot,Kirk Hinrich,,,,,,,,,Derrick Rose,2,,,made,,jump,11,6
Anthony Morrow,C.J. Watson,Corey Maggette,Mikki Moore,Monta Ellis,Derrick Rose,Joakim Noah,John Salmons,Kirk Hinrich,Luol Deng,5,2:33,GSW,shot,,,,,,,,,,Corey Maggette,,,,missed,,layup,25,6
Anthony Morrow,C.J. Watson,Corey Maggette,Mikki Moore,Monta Ellis,Derrick Rose,Joakim Noah,John Salmons,Kirk Hinrich,Luol Deng,5,2:31,CHI,rebound,,,,,,,,,,John Salmons,,,,,,def,,
Anthony Morrow,C.J. Watson,Corey Maggette,Mikki Moore,Monta Ellis,Derrick Rose,Joakim Noah,John Salmons,Kirk Hinrich,Luol Deng,5,2:07,CHI,shot,,,,,,,,,,Derrick Rose,,,,missed,,jump,42,10
Anthony Morrow,C.J. Watson,Corey Maggette,Mikki Moore,Monta Ellis,Derrick Rose,Joakim Noah,John Salmons,Kirk Hinrich,Luol Deng,5,2:06,GSW,rebound,,,,,,,,,,Monta Ellis,,,,,,def,,
Anthony Morrow,C.J. Watson,Corey Maggette,Mikki Moore,Monta Ellis,Derrick Rose,Joakim Noah,John Salmons,Kirk Hinrich,Luol Deng,5,1:56,GSW,shot,,,,,,,,,,Anthony Morrow,,,,missed,,3pt,22,31
Anthony Morrow,C.J. Watson,Corey Maggette,Mikki Moore,Monta Ellis,Derrick Rose,Joakim Noah,John Salmons,Kirk Hinrich,Luol Deng,5,1:55,CHI,rebound,,,,,,,,,,John Salmons,,,,,,def,,
Anthony Morrow,C.J. Watson,Corey Maggette,Mikki Moore,Monta Ellis,Derrick Rose,Joakim Noah,John Salmons,Kirk Hinrich,Luol Deng,5,1:46,CHI,timeout,,,,,,,,,,,,,,,,short,,
Anthony Morrow,C.J. Watson,Corey Maggette,Mikki Moore,Monta Ellis,Derrick Rose,Joakim Noah,John Salmons,Kirk Hinrich,Luol Deng,5,1:35,CHI,shot,,,,,,,,,,Luol Deng,2,,,made,,fade away jumper,12,11
Anthony Morrow,C.J. Watson,Corey Maggette,Mikki Moore,Monta Ellis,Derrick Rose,Joakim Noah,John Salmons,Kirk Hinrich,Luol Deng,5,1:22,GSW,shot,,,,,,,,,,Corey Maggette,2,,,made,,driving layup,25,6
Anthony Morrow,C.J. Watson,Corey Maggette,Mikki Moore,Monta Ellis,Derrick Rose,Joakim Noah,John Salmons,Kirk Hinrich,Luol Deng,5,0:57,CHI,shot,,,,,,,,,,Derrick Rose,,,,missed,,jump,30,29
Anthony Morrow,C.J. Watson,Corey Maggette,Mikki Moore,Monta Ellis,Derrick Rose,Joakim Noah,John Salmons,Kirk Hinrich,Luol Deng,5,0:56,GSW,rebound,,,,,,,,,,Corey Maggette,,,,,,def,,
Anthony Morrow,C.J. Watson,Corey Maggette,Mikki Moore,Monta Ellis,Derrick Rose,Joakim Noah,John Salmons,Kirk Hinrich,Luol Deng,5,0:50,GSW,shot,,,,,,,,,,Monta Ellis,,,,missed,,jump,16,10
Anthony Morrow,C.J. Watson,Corey Maggette,Mikki Moore,Monta Ellis,Derrick Rose,Joakim Noah,John Salmons,Kirk Hinrich,Luol Deng,5,0:49,CHI,rebound,,,,,,,,,,Joakim Noah,,,,,,def,,
Anthony Morrow,C.J. Watson,Corey Maggette,Mikki Moore,Monta Ellis,Derrick Rose,Joakim Noah,John Salmons,Kirk Hinrich,Luol Deng,5,0:26,CHI,shot,,,,,,,,,,Luol Deng,,,,missed,,jump,14,21
Anthony Morrow,C.J. Watson,Corey Maggette,Mikki Moore,Monta Ellis,Derrick Rose,Joakim Noah,John Salmons,Kirk Hinrich,Luol Deng,5,0:25,GSW,rebound,,,,,,,,,,C.J. Watson,,,,,,def,,
Anthony Morrow,C.J. Watson,Corey Maggette,Mikki Moore,Monta Ellis,Derrick Rose,Joakim Noah,John Salmons,Kirk Hinrich,Luol Deng,5,0:17,GSW,shot,,,,,,,,,,C.J. Watson,,,,missed,,3pt,24,31
Anthony Morrow,C.J. Watson,Corey Maggette,Mikki Moore,Monta Ellis,Derrick Rose,Joakim Noah,John Salmons,Kirk Hinrich,Luol Deng,5,0:16,CHI,rebound,,,,,,,,,,Joakim Noah,,,,,,def,,
Anthony Morrow,C.J. Watson,Corey Maggette,Mikki Moore,Monta Ellis,Derrick Rose,Joakim Noah,John Salmons,Kirk Hinrich,Luol Deng,5,0:12,GSW,foul,,,,,,,,Derrick Rose,,C.J. Watson,,,,,,personal,,
Anthony Morrow,C.J. Watson,Corey Maggette,Mikki Moore,Monta Ellis,Derrick Rose,Joakim Noah,John Salmons,Kirk Hinrich,Luol Deng,5,0:12,CHI,timeout,,,,,,,,,,,,,,,,short,,
Anthony Morrow,C.J. Watson,Corey Maggette,Mikki Moore,Monta Ellis,Brad Miller,Derrick Rose,John Salmons,Kirk Hinrich,Luol Deng,5,0:12,CHI,sub,,,,Brad Miller,,Joakim Noah,,,,,,,,,,,,
Anthony Morrow,C.J. Watson,Corey Maggette,Mikki Moore,Monta Ellis,Brad Miller,Derrick Rose,John Salmons,Kirk Hinrich,Luol Deng,5,0:11,GSW,foul,,,,,,,,Derrick Rose,,C.J. Watson,,,,,,personal,,
Anthony Morrow,C.J. Watson,Corey Maggette,Mikki Moore,Monta Ellis,Brad Miller,Derrick Rose,John Salmons,Kirk Hinrich,Luol Deng,5,0:11,CHI,free throw,,,,,,,1,,2,Derrick Rose,,,foul,missed,,,,
Anthony Morrow,C.J. Watson,Corey Maggette,Mikki Moore,Monta Ellis,Brad Miller,Derrick Rose,John Salmons,Kirk Hinrich,Luol Deng,5,0:11,CHI,rebound,,,,,,,,,,,,,,,,,,
Anthony Morrow,C.J. Watson,Corey Maggette,Mikki Moore,Monta Ellis,Derrick Rose,Joakim Noah,John Salmons,Kirk Hinrich,Luol Deng,5,0:11,CHI,sub,,,,Joakim Noah,,Brad Miller,,,,,,,,,,,,
Anthony Morrow,C.J. Watson,Corey Maggette,Mikki Moore,Monta Ellis,Derrick Rose,Joakim Noah,John Salmons,Kirk Hinrich,Luol Deng,5,0:11,CHI,free throw,,,,,,,2,,2,Derrick Rose,,,foul,made,,,,
Anthony Morrow,C.J. Watson,Corey Maggette,Mikki Moore,Monta Ellis,Derrick Rose,Joakim Noah,John Salmons,Kirk Hinrich,Luol Deng,5,0:11,GSW,timeout,,,,,,,,,,,,,,,,short,,
Anthony Morrow,C.J. Watson,Corey Maggette,Monta Ellis,Vladimir Radmanovic,Derrick Rose,Joakim Noah,John Salmons,Kirk Hinrich,Luol Deng,5,0:11,GSW,sub,,,,Vladimir Radmanovic,,Mikki Moore,,,,,,,,,,,,
Anthony Morrow,C.J. Watson,Corey Maggette,Monta Ellis,Vladimir Radmanovic,Derrick Rose,Joakim Noah,John Salmons,Kirk Hinrich,Luol Deng,5,0:06,GSW,shot,,,,,,,,,,Corey Maggette,,,,missed,,jump,25,13
Anthony Morrow,C.J. Watson,Corey Maggette,Monta Ellis,Vladimir Radmanovic,Derrick Rose,Joakim Noah,John Salmons,Kirk Hinrich,Luol Deng,5,0:05,CHI,rebound,,,,,,,,,,Joakim Noah,,,,,,def,,
