a1,a2,a3,a4,a5,h1,h2,h3,h4,h5,period,time,team,etype,assist,away,block,entered,home,left,num,opponent,outof,player,points,possession,reason,result,steal,type,x,y
Jamaal Tinsley,Marc Gasol,O.J. Mayo,Sam Young,Zach Randolph,Carlos Boozer,Deron Williams,Mehmet Okur,Ronnie Brewer,Wes Matthews,1,12:00,OFF,jump ball,,Marc Gasol,,,Mehmet Okur,,,,,,,Zach Randolph,,,,,,
Jamaal Tinsley,Marc Gasol,O.J. Mayo,Sam Young,Zach Randolph,Carlos Boozer,Deron Williams,Mehmet Okur,Ronnie Brewer,Wes Matthews,1,11:51,UTA,violation,,,,,,,,,,Ronnie Brewer,,,,,,kicked ball,,
Jamaal Tinsley,Marc Gasol,O.J. Mayo,Sam Young,Zach Randolph,Carlos Boozer,Deron Williams,Mehmet Okur,Ronnie Brewer,Wes Matthews,1,11:44,MEM,shot,Zach Randolph,,,,,,,,,Marc Gasol,2,,,made,,jump,25,10
Jamaal Tinsley,Marc Gasol,O.J. Mayo,Sam Young,Zach Randolph,Carlos Boozer,Deron Williams,Mehmet Okur,Ronnie Brewer,Wes Matthews,1,11:25,UTA,shot,,,,,,,,,,Carlos Boozer,2,,,made,,fade away jumper,31,17
Jamaal Tinsley,Marc Gasol,O.J. Mayo,Sam Young,Zach Randolph,Carlos Boozer,Deron Williams,Mehmet Okur,Ronnie Brewer,Wes Matthews,1,11:00,MEM,turnover,,,,,,,,,,Sam Young,,,lost ball,,Wes Matthews,,,
Jamaal Tinsley,Marc Gasol,O.J. Mayo,Sam Young,Zach Randolph,Carlos Boozer,Deron Williams,Mehmet Okur,Ronnie Brewer,Wes Matthews,1,11:00,UTA,timeout,,,,,,,,,,,,,,,,short,,
Jamaal Tinsley,Marc Gasol,O.J. Mayo,Sam Young,Zach Randolph,Carlos Boozer,Deron Williams,Mehmet Okur,Ronnie Brewer,Wes Matthews,1,10:52,UTA,turnover,,,,,,,,,,Deron Williams,,,bad pass,,Sam Young,,,
Jamaal Tinsley,Marc Gasol,O.J. Mayo,Sam Young,Zach Randolph,Carlos Boozer,Deron Williams,Mehmet Okur,Ronnie Brewer,Wes Matthews,1,10:36,MEM,shot,,,,,,,,,,Jamaal Tinsley,,,,missed,,3pt,13,29
Jamaal Tinsley,Marc Gasol,O.J. Mayo,Sam Young,Zach Randolph,Carlos Boozer,Deron Williams,Mehmet Okur,Ronnie Brewer,Wes Matthews,1,10:35,UTA,rebound,,,,,,,,,,Carlos Boozer,,,,,,def,,
Jamaal Tinsley,Marc Gasol,O.J. Mayo,Sam Young,Zach Randolph,Carlos Boozer,Deron Williams,Mehmet Okur,Ronnie Brewer,Wes Matthews,1,10:14,UTA,shot,Deron Williams,,,,,,,,,Wes Matthews,3,,,made,,3pt,48,6
Jamaal Tinsley,Marc Gasol,O.J. Mayo,Sam Young,Zach Randolph,Carlos Boozer,Deron Williams,Mehmet Okur,Ronnie Brewer,Wes Matthews,1,9:56,MEM,shot,,,,,,,,,,O.J. Mayo,,,,missed,,jump,10,23
Jamaal Tinsley,Marc Gasol,O.J. Mayo,Sam Young,Zach Randolph,Carlos Boozer,Deron Williams,Mehmet Okur,Ronnie Brewer,Wes Matthews,1,9:54,MEM,rebound,,,,,,,,,,Sam Young,,,,,,off,,
Jamaal Tinsley,Marc Gasol,O.J. Mayo,Sam Young,Zach Randolph,Carlos Boozer,Deron Williams,Mehmet Okur,Ronnie Brewer,Wes Matthews,1,9:54,MEM,shot,,,,,,,,,,Sam Young,2,,,made,,putback slam dunk,25,6
Jamaal Tinsley,Marc Gasol,O.J. Mayo,Sam Young,Zach Randolph,Carlos Boozer,Deron Williams,Mehmet Okur,Ronnie Brewer,Wes Matthews,1,9:42,UTA,shot,,,,,,,,,,Deron Williams,,,,missed,,jump,25,25
Jamaal Tinsley,Marc Gasol,O.J. Mayo,Sam Young,Zach Randolph,Carlos Boozer,Deron Williams,Mehmet Okur,Ronnie Brewer,Wes Matthews,1,9:42,MEM,rebound,,,,,,,,,,,,,,,,,,
Jamaal Tinsley,Marc Gasol,O.J. Mayo,Sam Young,Zach Randolph,Carlos Boozer,Deron Williams,Mehmet Okur,Ronnie Brewer,Wes Matthews,1,9:26,MEM,shot,,,,,,,,,,Sam Young,,,,missed,,jump,46,4
Jamaal Tinsley,Marc Gasol,O.J. Mayo,Sam Young,Zach Randolph,Carlos Boozer,Deron Williams,Mehmet Okur,Ronnie Brewer,Wes Matthews,1,9:24,UTA,rebound,,,,,,,,,,Carlos Boozer,,,,,,def,,
Jamaal Tinsley,Marc Gasol,O.J. Mayo,Sam Young,Zach Randolph,Carlos Boozer,Deron Williams,Mehmet Okur,Ronnie Brewer,Wes Matthews,1,9:12,UTA,shot,Deron Williams,,,,,,,,,Carlos Boozer,2,,,made,,running layup,25,6
Jamaal Tinsley,Marc Gasol,O.J. Mayo,Sam Young,Zach Randolph,Carlos Boozer,Deron Williams,Mehmet Okur,Ronnie Brewer,Wes Matthews,1,8:52,MEM,turnover,,,,,,,,,,O.J. Mayo,,,bad pass,,Wes Matthews,,,
Jamaal Tinsley,Marc Gasol,O.J. Mayo,Sam Young,Zach Randolph,Carlos Boozer,Deron Williams,Mehmet Okur,Ronnie Brewer,Wes Matthews,1,8:35,UTA,shot,Carlos Boozer,,,,,,,,,Ronnie Brewer,2,,,made,,jump,32,23
Jamaal Tinsley,Marc Gasol,O.J. Mayo,Sam Young,Zach Randolph,Carlos Boozer,Deron Williams,Mehmet Okur,Ronnie Brewer,Wes Matthews,1,8:18,MEM,shot,,,,,,,,,,O.J. Mayo,2,,,made,,jump,30,22
Jamaal Tinsley,Marc Gasol,O.J. Mayo,Sam Young,Zach Randolph,Carlos Boozer,Deron Williams,Mehmet Okur,Ronnie Brewer,Wes Matthews,1,7:59,UTA,shot,,,,,,,,,,Deron Williams,2,,,made,,driving layup,25,6
Jamaal Tinsley,Marc Gasol,O.J. Mayo,Sam Young,Zach Randolph,Carlos Boozer,Deron Williams,Mehmet Okur,Ronnie Brewer,Wes Matthews,1,7:42,MEM,turnover,,,,,,,,,,O.J. Mayo,,,bad pass,,Mehmet Okur,,,
Jamaal Tinsley,Marc Gasol,O.J. Mayo,Sam Young,Zach Randolph,Carlos Boozer,Deron Williams,Mehmet Okur,Ronnie Brewer,Wes Matthews,1,7:36,UTA,turnover,,,,,,,,,,Deron Williams,,,lost ball,,O.J. Mayo,,,
Jamaal Tinsley,Marc Gasol,O.J. Mayo,Sam Young,Zach Randolph,Carlos Boozer,Deron Williams,Mehmet Okur,Ronnie Brewer,Wes Matthews,1,7:33,UTA,foul,,,,,,,,Marc Gasol,,Mehmet Okur,,,,,,shooting,,
Jamaal Tinsley,Marc Gasol,O.J. Mayo,Sam Young,Zach Randolph,Carlos Boozer,Deron Williams,Mehmet Okur,Ronnie Brewer,Wes Matthews,1,7:33,MEM,free throw,,,,,,,1,,2,Marc Gasol,,,foul,missed,,,,
Jamaal Tinsley,Marc Gasol,O.J. Mayo,Sam Young,Zach Randolph,Carlos Boozer,Deron Williams,Mehmet Okur,Ronnie Brewer,Wes Matthews,1,7:33,MEM,rebound,,,,,,,,,,,,,,,,,,
Jamaal Tinsley,Marc Gasol,O.J. Mayo,Sam Young,Zach Randolph,Carlos Boozer,Deron Williams,Mehmet Okur,Ronnie Brewer,Wes Matthews,1,7:33,MEM,free throw,,,,,,,2,,2,Marc Gasol,,,foul,missed,,,,
Jamaal Tinsley,Marc Gasol,O.J. Mayo,Sam Young,Zach Randolph,Carlos Boozer,Deron Williams,Mehmet Okur,Ronnie Brewer,Wes Matthews,1,7:31,MEM,rebound,,,,,,,,,,Zach Randolph,,,,,,off,,
Jamaal Tinsley,Marc Gasol,O.J. Mayo,Sam Young,Zach Randolph,Carlos Boozer,Deron Williams,Mehmet Okur,Ronnie Brewer,Wes Matthews,1,7:28,MEM,shot,,,,,,,,,,Zach Randolph,,,,missed,,jump,29,18
Jamaal Tinsley,Marc Gasol,O.J. Mayo,Sam Young,Zach Randolph,Carlos Boozer,Deron Williams,Mehmet Okur,Ronnie Brewer,Wes Matthews,1,7:27,UTA,rebound,,,,,,,,,,Mehmet Okur,,,,,,def,,
Jamaal Tinsley,Marc Gasol,O.J. Mayo,Sam Young,Zach Randolph,Carlos Boozer,Deron Williams,Mehmet Okur,Ronnie Brewer,Wes Matthews,1,7:15,MEM,foul,,,,,,,,Mehmet Okur,,Marc Gasol,,,,,,shooting,,
Jamaal Tinsley,Marc Gasol,O.J. Mayo,Sam Young,Zach Randolph,Carlos Boozer,Deron Williams,Mehmet Okur,Ronnie Brewer,Wes Matthews,1,7:15,UTA,free throw,,,,,,,1,,2,Mehmet Okur,,,foul,made,,,,
Jamaal Tinsley,Marc Gasol,O.J. Mayo,Sam Young,Zach Randolph,Carlos Boozer,Deron Williams,Mehmet Okur,Ronnie Brewer,Wes Matthews,1,7:15,UTA,free throw,,,,,,,2,,2,Mehmet Okur,,,foul,made,,,,
Jamaal Tinsley,Marc Gasol,O.J. Mayo,Sam Young,Zach Randolph,Carlos Boozer,Deron Williams,Mehmet Okur,Ronnie Brewer,Wes Matthews,1,7:08,MEM,turnover,,,,,,,,,,Jamaal Tinsley,,,bad pass,,Carlos Boozer,,,
Jamaal Tinsley,Marc Gasol,O.J. Mayo,Sam Young,Zach Randolph,Carlos Boozer,Deron Williams,Mehmet Okur,Ronnie Brewer,Wes Matthews,1,7:03,UTA,shot,Wes Matthews,,,,,,,,,Ronnie Brewer,2,,,made,,slam dunk,25,6
Jamaal Tinsley,Marc Gasol,O.J. Mayo,Sam Young,Zach Randolph,Carlos Boozer,Deron Williams,Mehmet Okur,Ronnie Brewer,Wes Matthews,1,7:00,MEM,timeout,,,,,,,,,,,,,,,,regular,,
Jamaal Tinsley,Marc Gasol,O.J. Mayo,Sam Young,Zach Randolph,Carlos Boozer,Deron Williams,Mehmet Okur,Ronnie Brewer,Wes Matthews,1,6:44,UTA,foul,,,,,,,,Jamaal Tinsley,,Deron Williams,,,,,,shooting,,
Jamaal Tinsley,Marc Gasol,O.J. Mayo,Sam Young,Zach Randolph,Carlos Boozer,Deron Williams,Mehmet Okur,Ronnie Brewer,Wes Matthews,1,6:44,MEM,free throw,,,,,,,1,,2,Jamaal Tinsley,,,foul,missed,,,,
Jamaal Tinsley,Marc Gasol,O.J. Mayo,Sam Young,Zach Randolph,Carlos Boozer,Deron Williams,Mehmet Okur,Ronnie Brewer,Wes Matthews,1,6:44,MEM,rebound,,,,,,,,,,,,,,,,,,
Jamaal Tinsley,Marc Gasol,O.J. Mayo,Sam Young,Zach Randolph,Carlos Boozer,Deron Williams,Mehmet Okur,Ronnie Brewer,Wes Matthews,1,6:44,MEM,free throw,,,,,,,2,,2,Jamaal Tinsley,,,foul,made,,,,
Jamaal Tinsley,Marc Gasol,O.J. Mayo,Sam Young,Zach Randolph,Carlos Boozer,Deron Williams,Mehmet Okur,Ronnie Brewer,Wes Matthews,1,6:30,UTA,shot,Wes Matthews,,,,,,,,,Carlos Boozer,2,,,made,,jump,42,12
Jamaal Tinsley,Marc Gasol,O.J. Mayo,Sam Young,Zach Randolph,Carlos Boozer,Deron Williams,Mehmet Okur,Ronnie Brewer,Wes Matthews,1,6:14,MEM,shot,,,,,,,,,,Sam Young,2,,,made,,driving dunk,25,6
Jamaal Tinsley,Marc Gasol,O.J. Mayo,Sam Young,Zach Randolph,Carlos Boozer,Deron Williams,Mehmet Okur,Ronnie Brewer,Wes Matthews,1,5:55,UTA,shot,Carlos Boozer,,,,,,,,,Ronnie Brewer,2,,,made,,layup,25,6
Jamaal Tinsley,Marc Gasol,O.J. Mayo,Sam Young,Zach Randolph,Carlos Boozer,Deron Williams,Mehmet Okur,Ronnie Brewer,Wes Matthews,1,5:55,MEM,foul,,,,,,,,Ronnie Brewer,,Marc Gasol,,,,,,shooting,,
Jamaal Tinsley,Marc Gasol,O.J. Mayo,Sam Young,Zach Randolph,Carlos Boozer,Deron Williams,Mehmet Okur,Ronnie Brewer,Wes Matthews,1,5:55,UTA,free throw,,,,,,,1,,1,Ronnie Brewer,,,foul,made,,,,
Jamaal Tinsley,Marc Gasol,O.J. Mayo,Sam Young,Zach Randolph,Carlos Boozer,Deron Williams,Mehmet Okur,Ronnie Brewer,Wes Matthews,1,5:45,MEM,shot,,,,,,,,,,Jamaal Tinsley,,,,missed,,running jump,19,13
Jamaal Tinsley,Marc Gasol,O.J. Mayo,Sam Young,Zach Randolph,Carlos Boozer,Deron Williams,Mehmet Okur,Ronnie Brewer,Wes Matthews,1,5:43,MEM,rebound,,,,,,,,,,Zach Randolph,,,,,,off,,
Jamaal Tinsley,Marc Gasol,O.J. Mayo,Sam Young,Zach Randolph,Carlos Boozer,Deron Williams,Mehmet Okur,Ronnie Brewer,Wes Matthews,1,5:43,MEM,shot,,,,,,,,,,Zach Randolph,2,,,made,,tip,25,6
Jamaal Tinsley,Marc Gasol,O.J. Mayo,Sam Young,Zach Randolph,Carlos Boozer,Deron Williams,Mehmet Okur,Ronnie Brewer,Wes Matthews,1,5:22,UTA,turnover,,,,,,,,,,Wes Matthews,,,lost ball,,O.J. Mayo,,,
Jamaal Tinsley,Marc Gasol,O.J. Mayo,Sam Young,Zach Randolph,Carlos Boozer,Deron Williams,Mehmet Okur,Ronnie Brewer,Wes Matthews,1,5:16,MEM,shot,Jamaal Tinsley,,,,,,,,,Sam Young,2,,,made,,driving dunk,25,6
Jamaal Tinsley,Marc Gasol,O.J. Mayo,Sam Young,Zach Randolph,Carlos Boozer,Deron Williams,Mehmet Okur,Ronnie Brewer,Wes Matthews,1,4:51,UTA,shot,,,,,,,,,,Deron Williams,,,,missed,,3pt,12,27
Jamaal Tinsley,Marc Gasol,O.J. Mayo,Sam Young,Zach Randolph,Carlos Boozer,Deron Williams,Mehmet Okur,Ronnie Brewer,Wes Matthews,1,4:48,MEM,rebound,,,,,,,,,,O.J. Mayo,,,,,,def,,
Jamaal Tinsley,Marc Gasol,O.J. Mayo,Sam Young,Zach Randolph,Carlos Boozer,Deron Williams,Mehmet Okur,Ronnie Brewer,Wes Matthews,1,4:43,UTA,foul,,,,,,,,Marc Gasol,,Carlos Boozer,,,,,,shooting,,
Jamaal Tinsley,Marc Gasol,O.J. Mayo,Sam Young,Zach Randolph,Carlos Boozer,Deron Williams,Mehmet Okur,Ronnie Brewer,Wes Matthews,1,4:43,MEM,free throw,,,,,,,1,,2,Marc Gasol,,,foul,made,,,,
Jamaal Tinsley,Marc Gasol,O.J. Mayo,Sam Young,Zach Randolph,Carlos Boozer,Deron Williams,Mehmet Okur,Ronnie Brewer,Wes Matthews,1,4:43,MEM,free throw,,,,,,,2,,2,Marc Gasol,,,foul,missed,,,,
Jamaal Tinsley,Marc Gasol,O.J. Mayo,Sam Young,Zach Randolph,Carlos Boozer,Deron Williams,Mehmet Okur,Ronnie Brewer,Wes Matthews,1,4:42,UTA,rebound,,,,,,,,,,Carlos Boozer,,,,,,def,,
Jamaal Tinsley,Marc Gasol,O.J. Mayo,Sam Young,Zach Randolph,Carlos Boozer,Deron Williams,Mehmet Okur,Ronnie Brewer,Wes Matthews,1,4:23,UTA,shot,,,,,,,,,,Carlos Boozer,2,,,made,,fade away jumper,44,2
Jamaal Tinsley,Marc Gasol,O.J. Mayo,Sam Young,Zach Randolph,Carlos Boozer,Deron Williams,Mehmet Okur,Ronnie Brewer,Wes Matthews,1,4:11,MEM,turnover,,,,,,,,,,Zach Randolph,,,lost ball,,Deron Williams,,,
Jamaal Tinsley,Marc Gasol,O.J. Mayo,Sam Young,Zach Randolph,Carlos Boozer,Deron Williams,Mehmet Okur,Ronnie Brewer,Wes Matthews,1,4:07,MEM,foul,,,,,,,,Deron Williams,,Sam Young,,,,,,personal,,
Jamaal Tinsley,Marc Gasol,O.J. Mayo,Sam Young,Zach Randolph,Carlos Boozer,Deron Williams,Mehmet Okur,Ronnie Brewer,Wes Matthews,1,3:59,UTA,shot,Ronnie Brewer,,,,,,,,,Carlos Boozer,2,,,made,,jump,39,17
Jamaal Tinsley,Marc Gasol,O.J. Mayo,Sam Young,Zach Randolph,Carlos Boozer,Deron Williams,Mehmet Okur,Ronnie Brewer,Wes Matthews,1,3:48,MEM,shot,,,,,,,,,,Jamaal Tinsley,2,,,made,,running bank,36,12
Jamaal Tinsley,Marc Gasol,O.J. Mayo,Sam Young,Zach Randolph,Carlos Boozer,Deron Williams,Mehmet Okur,Ronnie Brewer,Wes Matthews,1,3:32,UTA,shot,,,,,,,,,,Deron Williams,,,,missed,,jump,15,22
Jamaal Tinsley,Marc Gasol,O.J. Mayo,Sam Young,Zach Randolph,Carlos Boozer,Deron Williams,Mehmet Okur,Ronnie Brewer,Wes Matthews,1,3:30,MEM,rebound,,,,,,,,,,Marc Gasol,,,,,,def,,
Jamaal Tinsley,Marc Gasol,O.J. Mayo,Sam Young,Zach Randolph,Carlos Boozer,Deron Williams,Mehmet Okur,Ronnie Brewer,Wes Matthews,1,3:23,MEM,shot,Jamaal Tinsley,,,,,,,,,O.J. Mayo,2,,,made,,jump,43,20
Jamaal Tinsley,Marc Gasol,O.J. Mayo,Sam Young,Zach Randolph,Carlos Boozer,Deron Williams,Mehmet Okur,Ronnie Brewer,Wes Matthews,1,3:06,UTA,shot,,,,,,,,,,Deron Williams,,,,missed,,running jump,16,8
Jamaal Tinsley,Marc Gasol,O.J. Mayo,Sam Young,Zach Randolph,Carlos Boozer,Deron Williams,Mehmet Okur,Ronnie Brewer,Wes Matthews,1,3:05,MEM,rebound,,,,,,,,,,Sam Young,,,,,,def,,
Jamaal Tinsley,Marc Gasol,O.J. Mayo,Sam Young,Zach Randolph,Carlos Boozer,Deron Williams,Mehmet Okur,Ronnie Brewer,Wes Matthews,1,2:52,UTA,foul,,,,,,,,O.J. Mayo,,Wes Matthews,,,,,,personal,,
Jamaal Tinsley,Marc Gasol,O.J. Mayo,Sam Young,Zach Randolph,Carlos Boozer,Deron Williams,Mehmet Okur,Ronnie Brewer,Wes Matthews,1,2:52,UTA,timeout,,,,,,,,,,,,,,,,regular,,
Hasheem Thabeet,Jamaal Tinsley,O.J. Mayo,Sam Young,Zach Randolph,Carlos Boozer,Deron Williams,Mehmet Okur,Ronnie Brewer,Wes Matthews,1,2:52,MEM,sub,,,,Hasheem Thabeet,,Marc Gasol,,,,,,,,,,,,
Hasheem Thabeet,Jamaal Tinsley,O.J. Mayo,Sam Young,Zach Randolph,Carlos Boozer,Deron Williams,Eric Maynor,Mehmet Okur,Ronnie Brewer,1,2:52,UTA,sub,,,,Eric Maynor,,Wes Matthews,,,,,,,,,,,,
Hasheem Thabeet,Jamaal Tinsley,O.J. Mayo,Sam Young,Zach Randolph,Carlos Boozer,Deron Williams,Eric Maynor,Paul Millsap,Ronnie Brewer,1,2:52,UTA,sub,,,,Paul Millsap,,Mehmet Okur,,,,,,,,,,,,
Hasheem Thabeet,Jamaal Tinsley,O.J. Mayo,Sam Young,Zach Randolph,Carlos Boozer,Deron Williams,Eric Maynor,Paul Millsap,Ronnie Brewer,1,2:44,MEM,shot,,,,,,,,,,Sam Young,,,,missed,,jump,21,25
Hasheem Thabeet,Jamaal Tinsley,O.J. Mayo,Sam Young,Zach Randolph,Carlos Boozer,Deron Williams,Eric Maynor,Paul Millsap,Ronnie Brewer,1,2:42,UTA,rebound,,,,,,,,,,Carlos Boozer,,,,,,def,,
Hasheem Thabeet,Jamaal Tinsley,O.J. Mayo,Sam Young,Zach Randolph,Carlos Boozer,Deron Williams,Eric Maynor,Paul Millsap,Ronnie Brewer,1,2:17,UTA,shot,Paul Millsap,,,,,,,,,Ronnie Brewer,3,,,made,,3pt,45,21
Hasheem Thabeet,Jamaal Tinsley,O.J. Mayo,Sam Young,Zach Randolph,Carlos Boozer,Deron Williams,Eric Maynor,Paul Millsap,Ronnie Brewer,1,2:02,MEM,shot,,,,,,,,,,Jamaal Tinsley,2,,,made,,turnaround jump,18,10
Hasheem Thabeet,Jamaal Tinsley,O.J. Mayo,Sam Young,Zach Randolph,Carlos Boozer,Deron Williams,Eric Maynor,Paul Millsap,Ronnie Brewer,1,1:47,MEM,foul,,,,,,,,Carlos Boozer,,Jamaal Tinsley,,,,,,shooting,,
Hasheem Thabeet,Jamaal Tinsley,O.J. Mayo,Sam Young,Zach Randolph,Carlos Boozer,Deron Williams,Eric Maynor,Paul Millsap,Ronnie Brewer,1,1:47,UTA,free throw,,,,,,,1,,2,Carlos Boozer,,,foul,made,,,,
Hasheem Thabeet,Jamaal Tinsley,O.J. Mayo,Sam Young,Zach Randolph,Carlos Boozer,Deron Williams,Eric Maynor,Paul Millsap,Ronnie Brewer,1,1:47,UTA,free throw,,,,,,,2,,2,Carlos Boozer,,,foul,made,,,,
Hasheem Thabeet,Jamaal Tinsley,O.J. Mayo,Sam Young,Zach Randolph,Carlos Boozer,Deron Williams,Eric Maynor,Paul Millsap,Ronnie Brewer,1,1:35,MEM,shot,,,Carlos Boozer,,,,,,,Hasheem Thabeet,,,,missed,,jump,20,7
Hasheem Thabeet,Jamaal Tinsley,O.J. Mayo,Sam Young,Zach Randolph,Carlos Boozer,Deron Williams,Eric Maynor,Paul Millsap,Ronnie Brewer,1,1:32,MEM,rebound,,,,,,,,,,Hasheem Thabeet,,,,,,off,,
Hasheem Thabeet,Jamaal Tinsley,O.J. Mayo,Sam Young,Zach Randolph,Carlos Boozer,Deron Williams,Eric Maynor,Paul Millsap,Ronnie Brewer,1,1:28,MEM,shot,,,,,,,,,,Hasheem Thabeet,,,,missed,,jump,20,8
Hasheem Thabeet,Jamaal Tinsley,O.J. Mayo,Sam Young,Zach Randolph,Carlos Boozer,Deron Williams,Eric Maynor,Paul Millsap,Ronnie Brewer,1,1:27,UTA,rebound,,,,,,,,,,Paul Millsap,,,,,,def,,
Hasheem Thabeet,Jamaal Tinsley,O.J. Mayo,Sam Young,Zach Randolph,Carlos Boozer,Deron Williams,Eric Maynor,Paul Millsap,Ronnie Brewer,1,1:15,UTA,turnover,,,,,,,,,,Carlos Boozer,,,bad pass,,Zach Randolph,,,
Hasheem Thabeet,Jamaal Tinsley,O.J. Mayo,Sam Young,Zach Randolph,Carlos Boozer,Deron Williams,Eric Maynor,Paul Millsap,Ronnie Brewer,1,1:11,MEM,turnover,,,,,,,,,,Zach Randolph,,,lost ball,,Deron Williams,,,
Hasheem Thabeet,Jamaal Tinsley,O.J. Mayo,Sam Young,Zach Randolph,Carlos Boozer,Deron Williams,Eric Maynor,Paul Millsap,Ronnie Brewer,1,1:03,UTA,turnover,,,,,,,,,,Deron Williams,,,traveling,,,,,
Hasheem Thabeet,Jamaal Tinsley,O.J. Mayo,Sam Young,Zach Randolph,Carlos Boozer,Deron Williams,Eric Maynor,Paul Millsap,Ronnie Brewer,1,0:53,MEM,shot,,,Paul Millsap,,,,,,,Zach Randolph,,,,missed,,layup,25,6
Hasheem Thabeet,Jamaal Tinsley,O.J. Mayo,Sam Young,Zach Randolph,Carlos Boozer,Deron Williams,Eric Maynor,Paul Millsap,Ronnie Brewer,1,0:52,UTA,rebound,,,,,,,,,,Carlos Boozer,,,,,,def,,
Hasheem Thabeet,Jamaal Tinsley,O.J. Mayo,Sam Young,Zach Randolph,Carlos Boozer,Deron Williams,Eric Maynor,Paul Millsap,Ronnie Brewer,1,0:37,UTA,turnover,,,,,,,,,,Eric Maynor,,,bad pass,,Hasheem Thabeet,,,
Hasheem Thabeet,Jamaal Tinsley,O.J. Mayo,Sam Young,Zach Randolph,Carlos Boozer,Deron Williams,Eric Maynor,Paul Millsap,Ronnie Brewer,1,0:33,MEM,shot,Jamaal Tinsley,,,,,,,,,Sam Young,2,,,made,,slam dunk,25,6
Hasheem Thabeet,Jamaal Tinsley,O.J. Mayo,Sam Young,Zach Randolph,Carlos Boozer,Deron Williams,Eric Maynor,Paul Millsap,Ronnie Brewer,1,0:12,UTA,shot,,,,,,,,,,Eric Maynor,,,,missed,,jump,24,15
Hasheem Thabeet,Jamaal Tinsley,O.J. Mayo,Sam Young,Zach Randolph,Carlos Boozer,Deron Williams,Eric Maynor,Paul Millsap,Ronnie Brewer,1,0:11,UTA,rebound,,,,,,,,,,Eric Maynor,,,,,,off,,
Hasheem Thabeet,Jamaal Tinsley,O.J. Mayo,Sam Young,Zach Randolph,Carlos Boozer,Deron Williams,Eric Maynor,Paul Millsap,Ronnie Brewer,1,0:08,UTA,shot,Eric Maynor,,,,,,,,,Carlos Boozer,2,,,made,,slam dunk,25,6
Hasheem Thabeet,Jamaal Tinsley,O.J. Mayo,Sam Young,Zach Randolph,Carlos Boozer,Deron Williams,Eric Maynor,Paul Millsap,Ronnie Brewer,1,0:00,MEM,shot,,,,,,,,,,Jamaal Tinsley,,,,missed,,running jump,31,16
Hasheem Thabeet,Jamaal Tinsley,O.J. Mayo,Sam Young,Zach Randolph,Carlos Boozer,Deron Williams,Eric Maynor,Paul Millsap,Ronnie Brewer,1,0:00,MEM,rebound,,,,,,,,,,,,,,,,,,
DeMarre Carroll,Hasheem Thabeet,Marcus Williams,O.J. Mayo,Steven Hunter,Eric Maynor,Mehmet Okur,Paul Millsap,Ronnie Brewer,Wes Matthews,2,11:45,MEM,violation,,,,,,,,,,Hasheem Thabeet,,,,,,defensive goaltending,,
DeMarre Carroll,Hasheem Thabeet,Marcus Williams,O.J. Mayo,Steven Hunter,Eric Maynor,Mehmet Okur,Paul Millsap,Ronnie Brewer,Wes Matthews,2,11:45,UTA,shot,,,,,,,,,,Eric Maynor,2,,,made,,floating jump,30,13
DeMarre Carroll,Hasheem Thabeet,Marcus Williams,O.J. Mayo,Steven Hunter,Eric Maynor,Mehmet Okur,Paul Millsap,Ronnie Brewer,Wes Matthews,2,11:30,MEM,shot,,,,,,,,,,O.J. Mayo,2,,,made,,jump,43,18
DeMarre Carroll,Hasheem Thabeet,Marcus Williams,O.J. Mayo,Steven Hunter,Eric Maynor,Mehmet Okur,Paul Millsap,Ronnie Brewer,Wes Matthews,2,11:07,UTA,shot,,,,,,,,,,Mehmet Okur,,,,missed,,jump,34,16
DeMarre Carroll,Hasheem Thabeet,Marcus Williams,O.J. Mayo,Steven Hunter,Eric Maynor,Mehmet Okur,Paul Millsap,Ronnie Brewer,Wes Matthews,2,11:06,MEM,rebound,,,,,,,,,,Hasheem Thabeet,,,,,,def,,
DeMarre Carroll,Hasheem Thabeet,Marcus Williams,O.J. Mayo,Steven Hunter,Eric Maynor,Mehmet Okur,Paul Millsap,Ronnie Brewer,Wes Matthews,2,10:56,UTA,foul,,,,,,,,O.J. Mayo,,Paul Millsap,,,,,,shooting,,
DeMarre Carroll,Hasheem Thabeet,Marcus Williams,O.J. Mayo,Steven Hunter,Eric Maynor,Mehmet Okur,Paul Millsap,Ronnie Brewer,Wes Matthews,2,10:56,MEM,free throw,,,,,,,1,,2,O.J. Mayo,,,foul,missed,,,,
DeMarre Carroll,Hasheem Thabeet,Marcus Williams,O.J. Mayo,Steven Hunter,Eric Maynor,Mehmet Okur,Paul Millsap,Ronnie Brewer,Wes Matthews,2,10:56,MEM,rebound,,,,,,,,,,,,,,,,,,
DeMarre Carroll,Hasheem Thabeet,Marcus Williams,O.J. Mayo,Steven Hunter,Eric Maynor,Mehmet Okur,Paul Millsap,Ronnie Brewer,Wes Matthews,2,10:56,MEM,free throw,,,,,,,2,,2,O.J. Mayo,,,foul,made,,,,
DeMarre Carroll,Hasheem Thabeet,Marcus Williams,O.J. Mayo,Steven Hunter,Eric Maynor,Mehmet Okur,Paul Millsap,Ronnie Brewer,Wes Matthews,2,10:41,MEM,foul,,,,,,,,Wes Matthews,,Hasheem Thabeet,,,,,,shooting,,
DeMarre Carroll,Hasheem Thabeet,Marcus Williams,O.J. Mayo,Steven Hunter,Eric Maynor,Mehmet Okur,Paul Millsap,Ronnie Brewer,Wes Matthews,2,10:41,UTA,free throw,,,,,,,1,,2,Wes Matthews,,,foul,made,,,,
DeMarre Carroll,Hasheem Thabeet,Marcus Williams,O.J. Mayo,Steven Hunter,Deron Williams,Eric Maynor,Mehmet Okur,Paul Millsap,Wes Matthews,2,10:41,UTA,sub,,,,Deron Williams,,Ronnie Brewer,,,,,,,,,,,,
DeMarre Carroll,Hasheem Thabeet,Marcus Williams,O.J. Mayo,Steven Hunter,Deron Williams,Eric Maynor,Mehmet Okur,Paul Millsap,Wes Matthews,2,10:41,UTA,free throw,,,,,,,2,,2,Wes Matthews,,,foul,made,,,,
DeMarre Carroll,Hasheem Thabeet,Marcus Williams,O.J. Mayo,Steven Hunter,Deron Williams,Eric Maynor,Mehmet Okur,Paul Millsap,Wes Matthews,2,10:24,MEM,shot,,,,,,,,,,Marcus Williams,2,,,made,,driving layup,25,6
DeMarre Carroll,Hasheem Thabeet,Marcus Williams,O.J. Mayo,Steven Hunter,Deron Williams,Eric Maynor,Mehmet Okur,Paul Millsap,Wes Matthews,2,10:00,UTA,shot,,,,,,,,,,Eric Maynor,2,,,made,,running bank,19,12
DeMarre Carroll,Hasheem Thabeet,Marcus Williams,O.J. Mayo,Steven Hunter,Deron Williams,Eric Maynor,Mehmet Okur,Paul Millsap,Wes Matthews,2,9:50,MEM,shot,,,,,,,,,,Marcus Williams,,,,missed,,jump,26,19
DeMarre Carroll,Hasheem Thabeet,Marcus Williams,O.J. Mayo,Steven Hunter,Deron Williams,Eric Maynor,Mehmet Okur,Paul Millsap,Wes Matthews,2,9:50,MEM,rebound,,,,,,,,,,Hasheem Thabeet,,,,,,off,,
DeMarre Carroll,Hasheem Thabeet,Marcus Williams,O.J. Mayo,Steven Hunter,Deron Williams,Eric Maynor,Mehmet Okur,Paul Millsap,Wes Matthews,2,9:50,UTA,foul,,,,,,,,Hasheem Thabeet,,Mehmet Okur,,,,,,loose ball,,
DeMarre Carroll,Hasheem Thabeet,Marcus Williams,O.J. Mayo,Steven Hunter,Deron Williams,Eric Maynor,Mehmet Okur,Paul Millsap,Wes Matthews,2,9:36,MEM,shot,,,,,,,,,,O.J. Mayo,,,,missed,,jump,10,22
DeMarre Carroll,Hasheem Thabeet,Marcus Williams,O.J. Mayo,Steven Hunter,Deron Williams,Eric Maynor,Mehmet Okur,Paul Millsap,Wes Matthews,2,9:35,MEM,rebound,,,,,,,,,,Steven Hunter,,,,,,off,,
DeMarre Carroll,Hasheem Thabeet,Marcus Williams,O.J. Mayo,Steven Hunter,Deron Williams,Eric Maynor,Mehmet Okur,Paul Millsap,Wes Matthews,2,9:23,UTA,foul,,,,,,,,Steven Hunter,,Mehmet Okur,,,,,,shooting,,
DeMarre Carroll,Hasheem Thabeet,Marcus Williams,O.J. Mayo,Steven Hunter,Carlos Boozer,Deron Williams,Eric Maynor,Paul Millsap,Wes Matthews,2,9:23,UTA,sub,,,,Carlos Boozer,,Mehmet Okur,,,,,,,,,,,,
DeMarre Carroll,Hasheem Thabeet,Marcus Williams,O.J. Mayo,Steven Hunter,Carlos Boozer,Deron Williams,Eric Maynor,Paul Millsap,Wes Matthews,2,9:23,MEM,free throw,,,,,,,1,,2,Steven Hunter,,,foul,missed,,,,
DeMarre Carroll,Hasheem Thabeet,Marcus Williams,O.J. Mayo,Steven Hunter,Carlos Boozer,Deron Williams,Eric Maynor,Paul Millsap,Wes Matthews,2,9:23,MEM,rebound,,,,,,,,,,,,,,,,,,
DeMarre Carroll,Hasheem Thabeet,Marcus Williams,Sam Young,Steven Hunter,Carlos Boozer,Deron Williams,Eric Maynor,Paul Millsap,Wes Matthews,2,9:23,MEM,sub,,,,Sam Young,,O.J. Mayo,,,,,,,,,,,,
DeMarre Carroll,Hasheem Thabeet,Marcus Williams,Sam Young,Steven Hunter,Carlos Boozer,Deron Williams,Eric Maynor,Paul Millsap,Wes Matthews,2,9:23,MEM,free throw,,,,,,,2,,2,Steven Hunter,,,foul,missed,,,,
DeMarre Carroll,Hasheem Thabeet,Marcus Williams,Sam Young,Steven Hunter,Carlos Boozer,Deron Williams,Eric Maynor,Paul Millsap,Wes Matthews,2,9:22,UTA,rebound,,,,,,,,,,Carlos Boozer,,,,,,def,,
DeMarre Carroll,Hasheem Thabeet,Marcus Williams,Sam Young,Steven Hunter,Carlos Boozer,Deron Williams,Eric Maynor,Paul Millsap,Wes Matthews,2,9:05,UTA,shot,,,,,,,,,,Carlos Boozer,,,,missed,,fade away jumper,15,12
DeMarre Carroll,Hasheem Thabeet,Marcus Williams,Sam Young,Steven Hunter,Carlos Boozer,Deron Williams,Eric Maynor,Paul Millsap,Wes Matthews,2,9:04,MEM,rebound,,,,,,,,,,Marcus Williams,,,,,,def,,
DeMarre Carroll,Hasheem Thabeet,Marcus Williams,Sam Young,Steven Hunter,Carlos Boozer,Deron Williams,Eric Maynor,Paul Millsap,Wes Matthews,2,8:54,MEM,shot,Marcus Williams,,,,,,,,,Hasheem Thabeet,2,,,made,,alley oop dunk,25,6
DeMarre Carroll,Hasheem Thabeet,Marcus Williams,Sam Young,Steven Hunter,Carlos Boozer,Deron Williams,Eric Maynor,Paul Millsap,Wes Matthews,2,8:35,UTA,shot,,,,,,,,,,Eric Maynor,,,,missed,,floating jump,24,19
DeMarre Carroll,Hasheem Thabeet,Marcus Williams,Sam Young,Steven Hunter,Carlos Boozer,Deron Williams,Eric Maynor,Paul Millsap,Wes Matthews,2,8:33,MEM,rebound,,,,,,,,,,Hasheem Thabeet,,,,,,def,,
DeMarre Carroll,Hasheem Thabeet,Marcus Williams,Sam Young,Steven Hunter,Carlos Boozer,Deron Williams,Eric Maynor,Paul Millsap,Wes Matthews,2,8:27,MEM,shot,,,,,,,,,,Sam Young,,,,missed,,jump,5,4
DeMarre Carroll,Hasheem Thabeet,Marcus Williams,Sam Young,Steven Hunter,Carlos Boozer,Deron Williams,Eric Maynor,Paul Millsap,Wes Matthews,2,8:26,UTA,rebound,,,,,,,,,,Carlos Boozer,,,,,,def,,
DeMarre Carroll,Hasheem Thabeet,Marcus Williams,Sam Young,Steven Hunter,Carlos Boozer,Deron Williams,Eric Maynor,Paul Millsap,Wes Matthews,2,8:16,UTA,shot,Carlos Boozer,,,,,,,,,Wes Matthews,2,,,made,,running reverse layup,25,6
DeMarre Carroll,Hasheem Thabeet,Marcus Williams,Sam Young,Steven Hunter,Carlos Boozer,Deron Williams,Eric Maynor,Paul Millsap,Wes Matthews,2,7:58,MEM,shot,,,,,,,,,,Sam Young,,,,missed,,layup,25,6
DeMarre Carroll,Hasheem Thabeet,Marcus Williams,Sam Young,Steven Hunter,Carlos Boozer,Deron Williams,Eric Maynor,Paul Millsap,Wes Matthews,2,7:57,MEM,rebound,,,,,,,,,,,,,,,,,,
DeMarre Carroll,Hasheem Thabeet,Marcus Williams,Sam Young,Steven Hunter,Carlos Boozer,Deron Williams,Eric Maynor,Paul Millsap,Wes Matthews,2,7:57,UTA,foul,,,,,,,,Hasheem Thabeet,,Paul Millsap,,,,,,personal,,
DeMarre Carroll,Hasheem Thabeet,Marcus Williams,Sam Young,Steven Hunter,Carlos Boozer,Deron Williams,Eric Maynor,Paul Millsap,Wes Matthews,2,7:57,MEM,timeout,,,,,,,,,,,,,,,,official,,
DeMarre Carroll,Hasheem Thabeet,Marcus Williams,Sam Young,Steven Hunter,Carlos Boozer,Deron Williams,Eric Maynor,Paul Millsap,Wes Matthews,2,7:45,MEM,shot,,,,,,,,,,Marcus Williams,2,,,made,,jump,38,23
DeMarre Carroll,Hasheem Thabeet,Marcus Williams,Sam Young,Steven Hunter,Carlos Boozer,Deron Williams,Eric Maynor,Paul Millsap,Wes Matthews,2,7:20,UTA,shot,Deron Williams,,,,,,,,,Wes Matthews,3,,,made,,3pt,48,5
DeMarre Carroll,Hasheem Thabeet,Marcus Williams,Sam Young,Steven Hunter,Carlos Boozer,Deron Williams,Eric Maynor,Paul Millsap,Wes Matthews,2,7:12,MEM,turnover,,,,,,,,,,Sam Young,,,bad pass,,Eric Maynor,,,
DeMarre Carroll,Hasheem Thabeet,Marcus Williams,Sam Young,Zach Randolph,Carlos Boozer,Deron Williams,Eric Maynor,Paul Millsap,Wes Matthews,2,7:11,MEM,sub,,,,Zach Randolph,,Steven Hunter,,,,,,,,,,,,
DeMarre Carroll,Marc Gasol,Marcus Williams,Sam Young,Zach Randolph,Carlos Boozer,Deron Williams,Eric Maynor,Paul Millsap,Wes Matthews,2,7:11,MEM,sub,,,,Marc Gasol,,Hasheem Thabeet,,,,,,,,,,,,
Jamaal Tinsley,Marc Gasol,Marcus Williams,Sam Young,Zach Randolph,Carlos Boozer,Deron Williams,Eric Maynor,Paul Millsap,Wes Matthews,2,7:11,MEM,sub,,,,Jamaal Tinsley,,DeMarre Carroll,,,,,,,,,,,,
Jamaal Tinsley,Marc Gasol,Marcus Williams,Sam Young,Zach Randolph,Carlos Boozer,Deron Williams,Eric Maynor,Paul Millsap,Wes Matthews,2,6:57,UTA,shot,Wes Matthews,,,,,,,,,Deron Williams,2,,,made,,jump,33,22
Jamaal Tinsley,Marc Gasol,Marcus Williams,Sam Young,Zach Randolph,Carlos Boozer,Deron Williams,Eric Maynor,Paul Millsap,Wes Matthews,2,6:37,MEM,shot,,,,,,,,,,Zach Randolph,,,,missed,,jump,10,11
Jamaal Tinsley,Marc Gasol,Marcus Williams,Sam Young,Zach Randolph,Carlos Boozer,Deron Williams,Eric Maynor,Paul Millsap,Wes Matthews,2,6:36,UTA,rebound,,,,,,,,,,Carlos Boozer,,,,,,def,,
Jamaal Tinsley,Marc Gasol,Marcus Williams,Sam Young,Zach Randolph,Carlos Boozer,Deron Williams,Eric Maynor,Paul Millsap,Wes Matthews,2,6:21,UTA,shot,,,,,,,,,,Eric Maynor,,,,missed,,3pt,43,23
Jamaal Tinsley,Marc Gasol,Marcus Williams,Sam Young,Zach Randolph,Carlos Boozer,Deron Williams,Eric Maynor,Paul Millsap,Wes Matthews,2,6:20,MEM,rebound,,,,,,,,,,Marc Gasol,,,,,,def,,
Jamaal Tinsley,Marc Gasol,Marcus Williams,Sam Young,Zach Randolph,Carlos Boozer,Deron Williams,Eric Maynor,Paul Millsap,Wes Matthews,2,6:14,MEM,shot,,,,,,,,,,Zach Randolph,,,,missed,,layup,25,6
Jamaal Tinsley,Marc Gasol,Marcus Williams,Sam Young,Zach Randolph,Carlos Boozer,Deron Williams,Eric Maynor,Paul Millsap,Wes Matthews,2,6:13,UTA,rebound,,,,,,,,,,Carlos Boozer,,,,,,def,,
Jamaal Tinsley,Marc Gasol,Marcus Williams,Sam Young,Zach Randolph,Carlos Boozer,Deron Williams,Eric Maynor,Paul Millsap,Wes Matthews,2,5:58,UTA,shot,,,,,,,,,,Carlos Boozer,,,,missed,,jump,26,15
Jamaal Tinsley,Marc Gasol,Marcus Williams,Sam Young,Zach Randolph,Carlos Boozer,Deron Williams,Eric Maynor,Paul Millsap,Wes Matthews,2,5:57,MEM,rebound,,,,,,,,,,,,,,,,,,
Jamaal Tinsley,Marc Gasol,Marcus Williams,Sam Young,Zach Randolph,Carlos Boozer,Deron Williams,Eric Maynor,Paul Millsap,Wes Matthews,2,5:57,UTA,timeout,,,,,,,,,,,,,,,,regular,,
Jamaal Tinsley,Marc Gasol,Marcus Williams,Sam Young,Zach Randolph,Carlos Boozer,Deron Williams,Paul Millsap,Ronnie Brewer,Wes Matthews,2,5:57,UTA,sub,,,,Ronnie Brewer,,Eric Maynor,,,,,,,,,,,,
Jamaal Tinsley,Marc Gasol,Marcus Williams,Sam Young,Zach Randolph,Carlos Boozer,Deron Williams,Paul Millsap,Ronnie Brewer,Wes Matthews,2,5:45,MEM,shot,Jamaal Tinsley,,,,,,,,,Marcus Williams,3,,,made,,3pt,40,27
Jamaal Tinsley,Marc Gasol,Marcus Williams,Sam Young,Zach Randolph,Carlos Boozer,Deron Williams,Paul Millsap,Ronnie Brewer,Wes Matthews,2,5:25,UTA,shot,,,,,,,,,,Ronnie Brewer,,,,missed,,layup,25,6
Jamaal Tinsley,Marc Gasol,Marcus Williams,Sam Young,Zach Randolph,Carlos Boozer,Deron Williams,Paul Millsap,Ronnie Brewer,Wes Matthews,2,5:25,MEM,rebound,,,,,,,,,,,,,,,,,,
Jamaal Tinsley,Marc Gasol,Marcus Williams,Sam Young,Zach Randolph,Carlos Boozer,Deron Williams,Paul Millsap,Ronnie Brewer,Wes Matthews,2,5:12,MEM,shot,Marcus Williams,,,,,,,,,Zach Randolph,2,,,made,,jump,28,11
Jamaal Tinsley,Marc Gasol,Marcus Williams,Sam Young,Zach Randolph,Carlos Boozer,Deron Williams,Paul Millsap,Ronnie Brewer,Wes Matthews,2,5:00,UTA,shot,,,,,,,,,,Deron Williams,2,,,made,,jump,25,22
Jamaal Tinsley,Marc Gasol,Marcus Williams,Sam Young,Zach Randolph,Carlos Boozer,Deron Williams,Paul Millsap,Ronnie Brewer,Wes Matthews,2,4:43,MEM,shot,Jamaal Tinsley,,,,,,,,,Zach Randolph,2,,,made,,jump hook,21,12
Jamaal Tinsley,Marc Gasol,Marcus Williams,Sam Young,Zach Randolph,Carlos Boozer,Deron Williams,Paul Millsap,Ronnie Brewer,Wes Matthews,2,4:22,UTA,shot,,,,,,,,,,Ronnie Brewer,,,,missed,,3pt,8,24
Jamaal Tinsley,Marc Gasol,Marcus Williams,Sam Young,Zach Randolph,Carlos Boozer,Deron Williams,Paul Millsap,Ronnie Brewer,Wes Matthews,2,4:21,MEM,rebound,,,,,,,,,,Marcus Williams,,,,,,def,,
Jamaal Tinsley,Marc Gasol,Marcus Williams,Sam Young,Zach Randolph,Carlos Boozer,Deron Williams,Paul Millsap,Ronnie Brewer,Wes Matthews,2,4:05,MEM,shot,,,,,,,,,,Sam Young,2,,,made,,driving layup,25,6
Jamaal Tinsley,Marc Gasol,Marcus Williams,Sam Young,Zach Randolph,Carlos Boozer,Deron Williams,Paul Millsap,Ronnie Brewer,Wes Matthews,2,3:46,UTA,turnover,,,,,,,,,,Ronnie Brewer,,,lost ball,,Marcus Williams,,,
Jamaal Tinsley,Marc Gasol,Marcus Williams,Sam Young,Zach Randolph,Carlos Boozer,Deron Williams,Paul Millsap,Ronnie Brewer,Wes Matthews,2,3:33,MEM,shot,,,,,,,,,,Marc Gasol,,,,missed,,jump hook,32,8
Jamaal Tinsley,Marc Gasol,Marcus Williams,Sam Young,Zach Randolph,Carlos Boozer,Deron Williams,Paul Millsap,Ronnie Brewer,Wes Matthews,2,3:31,MEM,rebound,,,,,,,,,,Zach Randolph,,,,,,off,,
Jamaal Tinsley,Marc Gasol,Marcus Williams,Sam Young,Zach Randolph,Carlos Boozer,Deron Williams,Paul Millsap,Ronnie Brewer,Wes Matthews,2,3:31,MEM,shot,,,,,,,,,,Zach Randolph,2,,,made,,tip,25,6
Jamaal Tinsley,Marc Gasol,Marcus Williams,Sam Young,Zach Randolph,Carlos Boozer,Deron Williams,Paul Millsap,Ronnie Brewer,Wes Matthews,2,3:05,UTA,shot,,,,,,,,,,Carlos Boozer,2,,,made,,jump hook,28,11
Jamaal Tinsley,Marc Gasol,Marcus Williams,Sam Young,Zach Randolph,Carlos Boozer,Deron Williams,Paul Millsap,Ronnie Brewer,Wes Matthews,2,2:46,MEM,shot,,,Paul Millsap,,,,,,,Jamaal Tinsley,,,,missed,,layup,25,6
Jamaal Tinsley,Marc Gasol,Marcus Williams,Sam Young,Zach Randolph,Carlos Boozer,Deron Williams,Paul Millsap,Ronnie Brewer,Wes Matthews,2,2:45,MEM,rebound,,,,,,,,,,,,,,,,,,
Jamaal Tinsley,Marc Gasol,Marcus Williams,Sam Young,Zach Randolph,Carlos Boozer,Deron Williams,Paul Millsap,Ronnie Brewer,Wes Matthews,2,2:45,MEM,timeout,,,,,,,,,,,,,,,,regular,,
Jamaal Tinsley,Marc Gasol,Marcus Williams,O.J. Mayo,Zach Randolph,Carlos Boozer,Deron Williams,Paul Millsap,Ronnie Brewer,Wes Matthews,2,2:45,MEM,sub,,,,O.J. Mayo,,Sam Young,,,,,,,,,,,,
Jamaal Tinsley,Marc Gasol,Marcus Williams,O.J. Mayo,Zach Randolph,Carlos Boozer,Deron Williams,Kyrylo Fesenko,Ronnie Brewer,Wes Matthews,2,2:45,UTA,sub,,,,Kyrylo Fesenko,,Paul Millsap,,,,,,,,,,,,
Jamaal Tinsley,Marc Gasol,Marcus Williams,O.J. Mayo,Zach Randolph,Carlos Boozer,Deron Williams,Kyrylo Fesenko,Ronnie Brewer,Wes Matthews,2,2:36,MEM,shot,,,,,,,,,,Marcus Williams,,,,missed,,3pt,20,31
Jamaal Tinsley,Marc Gasol,Marcus Williams,O.J. Mayo,Zach Randolph,Carlos Boozer,Deron Williams,Kyrylo Fesenko,Ronnie Brewer,Wes Matthews,2,2:34,UTA,rebound,,,,,,,,,,Kyrylo Fesenko,,,,,,def,,
Jamaal Tinsley,Marc Gasol,Marcus Williams,O.J. Mayo,Zach Randolph,Carlos Boozer,Deron Williams,Kyrylo Fesenko,Ronnie Brewer,Wes Matthews,2,2:34,MEM,foul,,,,,,,,Kyrylo Fesenko,,Zach Randolph,,,,,,personal,,
Jamaal Tinsley,Marc Gasol,Marcus Williams,O.J. Mayo,Zach Randolph,Carlos Boozer,Deron Williams,Kyrylo Fesenko,Ronnie Brewer,Wes Matthews,2,2:21,UTA,shot,Carlos Boozer,,,,,,,,,Deron Williams,2,,,made,,jump,34,21
Jamaal Tinsley,Marc Gasol,Marcus Williams,O.J. Mayo,Zach Randolph,Carlos Boozer,Deron Williams,Kyrylo Fesenko,Ronnie Brewer,Wes Matthews,2,2:00,MEM,shot,,,,,,,,,,O.J. Mayo,2,,,made,,driving layup,25,6
Jamaal Tinsley,Marc Gasol,Marcus Williams,O.J. Mayo,Zach Randolph,Carlos Boozer,Deron Williams,Kyrylo Fesenko,Ronnie Brewer,Wes Matthews,2,1:42,UTA,shot,,,,,,,,,,Deron Williams,,,,missed,,turnaround jump,34,13
Jamaal Tinsley,Marc Gasol,Marcus Williams,O.J. Mayo,Zach Randolph,Carlos Boozer,Deron Williams,Kyrylo Fesenko,Ronnie Brewer,Wes Matthews,2,1:41,MEM,rebound,,,,,,,,,,Zach Randolph,,,,,,def,,
Jamaal Tinsley,Marc Gasol,Marcus Williams,O.J. Mayo,Zach Randolph,Carlos Boozer,Deron Williams,Kyrylo Fesenko,Ronnie Brewer,Wes Matthews,2,1:33,MEM,turnover,,,,,,,,,,Jamaal Tinsley,,,lost ball,,Carlos Boozer,,,
Jamaal Tinsley,Marc Gasol,Marcus Williams,O.J. Mayo,Zach Randolph,Carlos Boozer,Deron Williams,Kyrylo Fesenko,Ronnie Brewer,Wes Matthews,2,1:29,UTA,shot,Deron Williams,,,,,,,,,Ronnie Brewer,2,,,made,,driving layup,25,6
Jamaal Tinsley,Marc Gasol,Marcus Williams,O.J. Mayo,Zach Randolph,Carlos Boozer,Deron Williams,Kyrylo Fesenko,Ronnie Brewer,Wes Matthews,2,1:29,MEM,foul,,,,,,,,Ronnie Brewer,,O.J. Mayo,,,,,,shooting,,
Jamaal Tinsley,Marc Gasol,Marcus Williams,O.J. Mayo,Zach Randolph,Carlos Boozer,Deron Williams,Kyrylo Fesenko,Ronnie Brewer,Wes Matthews,2,1:29,UTA,free throw,,,,,,,1,,1,Ronnie Brewer,,,foul,made,,,,
Hasheem Thabeet,Jamaal Tinsley,Marcus Williams,O.J. Mayo,Zach Randolph,Carlos Boozer,Deron Williams,Kyrylo Fesenko,Ronnie Brewer,Wes Matthews,2,1:29,MEM,sub,,,,Hasheem Thabeet,,Marc Gasol,,,,,,,,,,,,
Hasheem Thabeet,Jamaal Tinsley,Marcus Williams,O.J. Mayo,Zach Randolph,Carlos Boozer,Deron Williams,Kyrylo Fesenko,Ronnie Brewer,Wes Matthews,2,1:15,MEM,shot,,,,,,,,,,O.J. Mayo,2,,,made,,running jump,21,11
Hasheem Thabeet,Jamaal Tinsley,Marcus Williams,O.J. Mayo,Zach Randolph,Carlos Boozer,Deron Williams,Kyrylo Fesenko,Ronnie Brewer,Wes Matthews,2,1:00,UTA,shot,Carlos Boozer,,,,,,,,,Deron Williams,3,,,made,,3pt,43,22
Hasheem Thabeet,Jamaal Tinsley,Marcus Williams,O.J. Mayo,Zach Randolph,Carlos Boozer,Deron Williams,Kyrylo Fesenko,Ronnie Brewer,Wes Matthews,2,0:50,MEM,shot,,,,,,,,,,Marcus Williams,2,,,made,,jump,32,18
Hasheem Thabeet,Jamaal Tinsley,Marcus Williams,O.J. Mayo,Zach Randolph,Carlos Boozer,Deron Williams,Kyrylo Fesenko,Ronnie Brewer,Wes Matthews,2,0:38,MEM,foul,,,,,,,,Carlos Boozer,,Hasheem Thabeet,,,,,,shooting,,
Hasheem Thabeet,Jamaal Tinsley,Marcus Williams,O.J. Mayo,Zach Randolph,Carlos Boozer,Deron Williams,Kyrylo Fesenko,Ronnie Brewer,Wes Matthews,2,0:38,UTA,free throw,,,,,,,1,,2,Carlos Boozer,,,foul,made,,,,
Hasheem Thabeet,Jamaal Tinsley,Marcus Williams,O.J. Mayo,Zach Randolph,Carlos Boozer,Deron Williams,Kyrylo Fesenko,Ronnie Brewer,Wes Matthews,2,0:38,UTA,free throw,,,,,,,2,,2,Carlos Boozer,,,foul,made,,,,
Hasheem Thabeet,Jamaal Tinsley,Marcus Williams,O.J. Mayo,Zach Randolph,Carlos Boozer,Deron Williams,Kyrylo Fesenko,Ronnie Brewer,Wes Matthews,2,0:38,MEM,timeout,,,,,,,,,,,,,,,,short,,
Hasheem Thabeet,Jamaal Tinsley,Marcus Williams,O.J. Mayo,Zach Randolph,Carlos Boozer,Deron Williams,Kyrylo Fesenko,Ronnie Brewer,Wes Matthews,2,0:30,MEM,turnover,,,,,,,,,,Marcus Williams,,,bad pass,,Carlos Boozer,,,
Hasheem Thabeet,Jamaal Tinsley,Marcus Williams,O.J. Mayo,Zach Randolph,Carlos Boozer,Deron Williams,Kyrylo Fesenko,Ronnie Brewer,Wes Matthews,2,0:27,UTA,shot,Deron Williams,,,,,,,,,Wes Matthews,2,,,made,,layup,25,6
Hasheem Thabeet,Jamaal Tinsley,Marcus Williams,O.J. Mayo,Zach Randolph,Carlos Boozer,Deron Williams,Kyrylo Fesenko,Ronnie Brewer,Wes Matthews,2,0:27,MEM,foul,,,,,,,,Wes Matthews,,Jamaal Tinsley,,,,,,shooting,,
Hasheem Thabeet,Jamaal Tinsley,Marcus Williams,O.J. Mayo,Zach Randolph,Carlos Boozer,Deron Williams,Kyrylo Fesenko,Ronnie Brewer,Wes Matthews,2,0:27,UTA,free throw,,,,,,,1,,1,Wes Matthews,,,foul,made,,,,
Hasheem Thabeet,Jamaal Tinsley,Marcus Williams,O.J. Mayo,Zach Randolph,Carlos Boozer,Deron Williams,Kyrylo Fesenko,Ronnie Brewer,Wes Matthews,2,0:02,MEM,shot,,,,,,,,,,Marcus Williams,,,,missed,,jump,14,25
Hasheem Thabeet,Jamaal Tinsley,Marcus Williams,O.J. Mayo,Zach Randolph,Carlos Boozer,Deron Williams,Kyrylo Fesenko,Ronnie Brewer,Wes Matthews,2,0:00,UTA,rebound,,,,,,,,,,Ronnie Brewer,,,,,,def,,
Hasheem Thabeet,Jamaal Tinsley,Marcus Williams,O.J. Mayo,Zach Randolph,Carlos Boozer,Deron Williams,Kyrylo Fesenko,Ronnie Brewer,Wes Matthews,2,0:00,UTA,shot,,,,,,,,,,Ronnie Brewer,,,,missed,,3pt,25,62
Hasheem Thabeet,Jamaal Tinsley,Marcus Williams,O.J. Mayo,Zach Randolph,Carlos Boozer,Deron Williams,Kyrylo Fesenko,Ronnie Brewer,Wes Matthews,2,0:00,UTA,rebound,,,,,,,,,,,,,,,,,,
Jamaal Tinsley,Marc Gasol,O.J. Mayo,Sam Young,Zach Randolph,Carlos Boozer,Deron Williams,Kyrylo Fesenko,Ronnie Brewer,Wes Matthews,3,11:42,UTA,shot,Wes Matthews,,,,,,,,,Kyrylo Fesenko,2,,,made,,jump hook,31,8
Jamaal Tinsley,Marc Gasol,O.J. Mayo,Sam Young,Zach Randolph,Carlos Boozer,Deron Williams,Kyrylo Fesenko,Ronnie Brewer,Wes Matthews,3,11:26,MEM,shot,,,,,,,,,,O.J. Mayo,,,,missed,,3pt,14,27
Jamaal Tinsley,Marc Gasol,O.J. Mayo,Sam Young,Zach Randolph,Carlos Boozer,Deron Williams,Kyrylo Fesenko,Ronnie Brewer,Wes Matthews,3,11:26,UTA,rebound,,,,,,,,,,,,,,,,,,
Jamaal Tinsley,Marc Gasol,O.J. Mayo,Sam Young,Zach Randolph,Carlos Boozer,Deron Williams,Kyrylo Fesenko,Ronnie Brewer,Wes Matthews,3,11:07,UTA,shot,,,,,,,,,,Carlos Boozer,,,,missed,,jump,33,22
Jamaal Tinsley,Marc Gasol,O.J. Mayo,Sam Young,Zach Randolph,Carlos Boozer,Deron Williams,Kyrylo Fesenko,Ronnie Brewer,Wes Matthews,3,11:05,MEM,rebound,,,,,,,,,,O.J. Mayo,,,,,,def,,
Jamaal Tinsley,Marc Gasol,O.J. Mayo,Sam Young,Zach Randolph,Carlos Boozer,Deron Williams,Kyrylo Fesenko,Ronnie Brewer,Wes Matthews,3,11:03,UTA,foul,,,,,,,,Sam Young,,Carlos Boozer,,,,,,shooting,,
Jamaal Tinsley,Marc Gasol,O.J. Mayo,Sam Young,Zach Randolph,Carlos Boozer,Deron Williams,Kyrylo Fesenko,Ronnie Brewer,Wes Matthews,3,11:03,MEM,free throw,,,,,,,1,,2,Sam Young,,,foul,made,,,,
Jamaal Tinsley,Marc Gasol,O.J. Mayo,Sam Young,Zach Randolph,Carlos Boozer,Deron Williams,Kyrylo Fesenko,Ronnie Brewer,Wes Matthews,3,11:03,MEM,free throw,,,,,,,2,,2,Sam Young,,,foul,missed,,,,
Jamaal Tinsley,Marc Gasol,O.J. Mayo,Sam Young,Zach Randolph,Carlos Boozer,Deron Williams,Kyrylo Fesenko,Ronnie Brewer,Wes Matthews,3,11:02,UTA,rebound,,,,,,,,,,Carlos Boozer,,,,,,def,,
Jamaal Tinsley,Marc Gasol,O.J. Mayo,Sam Young,Zach Randolph,Carlos Boozer,Deron Williams,Kyrylo Fesenko,Ronnie Brewer,Wes Matthews,3,10:49,UTA,shot,,,,,,,,,,Kyrylo Fesenko,,,,missed,,hook bank,21,12
Jamaal Tinsley,Marc Gasol,O.J. Mayo,Sam Young,Zach Randolph,Carlos Boozer,Deron Williams,Kyrylo Fesenko,Ronnie Brewer,Wes Matthews,3,10:48,MEM,rebound,,,,,,,,,,Zach Randolph,,,,,,def,,
Jamaal Tinsley,Marc Gasol,O.J. Mayo,Sam Young,Zach Randolph,Carlos Boozer,Deron Williams,Kyrylo Fesenko,Ronnie Brewer,Wes Matthews,3,10:40,MEM,turnover,,,,,,,,,,Jamaal Tinsley,,,lost ball,,Kyrylo Fesenko,,,
Jamaal Tinsley,Marc Gasol,O.J. Mayo,Sam Young,Zach Randolph,Carlos Boozer,Deron Williams,Kyrylo Fesenko,Ronnie Brewer,Wes Matthews,3,10:32,UTA,shot,Deron Williams,,,,,,,,,Wes Matthews,2,,,made,,layup,25,6
Jamaal Tinsley,Marc Gasol,O.J. Mayo,Sam Young,Zach Randolph,Carlos Boozer,Deron Williams,Kyrylo Fesenko,Ronnie Brewer,Wes Matthews,3,10:16,UTA,foul,,,,,,,,Sam Young,,Wes Matthews,,,,,,personal,,
Jamaal Tinsley,Marc Gasol,O.J. Mayo,Sam Young,Zach Randolph,Carlos Boozer,Deron Williams,Kyrylo Fesenko,Ronnie Brewer,Wes Matthews,3,10:05,UTA,foul,,,,,,,,Marc Gasol,,Kyrylo Fesenko,,,,,,shooting,,
Jamaal Tinsley,Marc Gasol,O.J. Mayo,Sam Young,Zach Randolph,Carlos Boozer,Deron Williams,Kyrylo Fesenko,Ronnie Brewer,Wes Matthews,3,10:05,MEM,free throw,,,,,,,1,,2,Marc Gasol,,,foul,made,,,,
Jamaal Tinsley,Marc Gasol,O.J. Mayo,Sam Young,Zach Randolph,Carlos Boozer,Deron Williams,Kyrylo Fesenko,Ronnie Brewer,Wes Matthews,3,10:05,MEM,free throw,,,,,,,2,,2,Marc Gasol,,,foul,missed,,,,
Jamaal Tinsley,Marc Gasol,O.J. Mayo,Sam Young,Zach Randolph,Carlos Boozer,Deron Williams,Kyrylo Fesenko,Ronnie Brewer,Wes Matthews,3,10:04,UTA,rebound,,,,,,,,,,Carlos Boozer,,,,,,def,,
Jamaal Tinsley,Marc Gasol,O.J. Mayo,Sam Young,Zach Randolph,Carlos Boozer,Deron Williams,Kyrylo Fesenko,Ronnie Brewer,Wes Matthews,3,9:50,UTA,shot,Kyrylo Fesenko,,,,,,,,,Deron Williams,2,,,made,,jump,18,23
Jamaal Tinsley,Marc Gasol,O.J. Mayo,Sam Young,Zach Randolph,Carlos Boozer,Deron Williams,Kyrylo Fesenko,Ronnie Brewer,Wes Matthews,3,9:24,MEM,shot,,,,,,,,,,Marc Gasol,,,,missed,,fade away jumper,27,13
Jamaal Tinsley,Marc Gasol,O.J. Mayo,Sam Young,Zach Randolph,Carlos Boozer,Deron Williams,Kyrylo Fesenko,Ronnie Brewer,Wes Matthews,3,9:22,UTA,rebound,,,,,,,,,,Carlos Boozer,,,,,,def,,
Jamaal Tinsley,Marc Gasol,O.J. Mayo,Sam Young,Zach Randolph,Carlos Boozer,Deron Williams,Kyrylo Fesenko,Ronnie Brewer,Wes Matthews,3,9:16,MEM,foul,,,,,,,,Deron Williams,,Jamaal Tinsley,,,,,,shooting,,
Jamaal Tinsley,Marc Gasol,O.J. Mayo,Sam Young,Zach Randolph,Carlos Boozer,Deron Williams,Kyrylo Fesenko,Ronnie Brewer,Wes Matthews,3,9:16,UTA,free throw,,,,,,,1,,2,Deron Williams,,,foul,missed,,,,
Jamaal Tinsley,Marc Gasol,O.J. Mayo,Sam Young,Zach Randolph,Carlos Boozer,Deron Williams,Kyrylo Fesenko,Ronnie Brewer,Wes Matthews,3,9:16,UTA,rebound,,,,,,,,,,,,,,,,,,
Jamaal Tinsley,Marc Gasol,O.J. Mayo,Sam Young,Zach Randolph,Carlos Boozer,Deron Williams,Kyrylo Fesenko,Ronnie Brewer,Wes Matthews,3,9:16,UTA,free throw,,,,,,,2,,2,Deron Williams,,,foul,made,,,,
Jamaal Tinsley,Marc Gasol,O.J. Mayo,Sam Young,Zach Randolph,Carlos Boozer,Deron Williams,Kyrylo Fesenko,Ronnie Brewer,Wes Matthews,3,9:05,MEM,shot,,,Kyrylo Fesenko,,,,,,,O.J. Mayo,,,,missed,,layup,25,6
Jamaal Tinsley,Marc Gasol,O.J. Mayo,Sam Young,Zach Randolph,Carlos Boozer,Deron Williams,Kyrylo Fesenko,Ronnie Brewer,Wes Matthews,3,9:05,MEM,rebound,,,,,,,,,,,,,,,,,,
Jamaal Tinsley,Marc Gasol,O.J. Mayo,Sam Young,Zach Randolph,Carlos Boozer,Deron Williams,Kyrylo Fesenko,Ronnie Brewer,Wes Matthews,3,8:58,MEM,shot,,,,,,,,,,Jamaal Tinsley,,,,missed,,3pt,15,28
Jamaal Tinsley,Marc Gasol,O.J. Mayo,Sam Young,Zach Randolph,Carlos Boozer,Deron Williams,Kyrylo Fesenko,Ronnie Brewer,Wes Matthews,3,8:56,UTA,rebound,,,,,,,,,,Kyrylo Fesenko,,,,,,def,,
Jamaal Tinsley,Marc Gasol,O.J. Mayo,Sam Young,Zach Randolph,Carlos Boozer,Deron Williams,Kyrylo Fesenko,Ronnie Brewer,Wes Matthews,3,8:34,UTA,shot,,,Marc Gasol,,,,,,,Carlos Boozer,,,,missed,,layup,25,6
Jamaal Tinsley,Marc Gasol,O.J. Mayo,Sam Young,Zach Randolph,Carlos Boozer,Deron Williams,Kyrylo Fesenko,Ronnie Brewer,Wes Matthews,3,8:31,MEM,rebound,,,,,,,,,,Zach Randolph,,,,,,def,,
Jamaal Tinsley,Marc Gasol,O.J. Mayo,Sam Young,Zach Randolph,Carlos Boozer,Deron Williams,Kyrylo Fesenko,Ronnie Brewer,Wes Matthews,3,8:21,MEM,shot,,,,,,,,,,Jamaal Tinsley,,,,missed,,jump,24,20
Jamaal Tinsley,Marc Gasol,O.J. Mayo,Sam Young,Zach Randolph,Carlos Boozer,Deron Williams,Kyrylo Fesenko,Ronnie Brewer,Wes Matthews,3,8:20,MEM,rebound,,,,,,,,,,Jamaal Tinsley,,,,,,off,,
Jamaal Tinsley,Marc Gasol,O.J. Mayo,Sam Young,Zach Randolph,Carlos Boozer,Deron Williams,Kyrylo Fesenko,Ronnie Brewer,Wes Matthews,3,8:15,UTA,foul,,,,,,,,Zach Randolph,,Ronnie Brewer,,,,,,shooting,,
Marc Gasol,Marcus Williams,O.J. Mayo,Sam Young,Zach Randolph,Carlos Boozer,Deron Williams,Kyrylo Fesenko,Ronnie Brewer,Wes Matthews,3,8:15,MEM,sub,,,,Marcus Williams,,Jamaal Tinsley,,,,,,,,,,,,
Marc Gasol,Marcus Williams,O.J. Mayo,Sam Young,Zach Randolph,Carlos Boozer,Deron Williams,Kyrylo Fesenko,Ronnie Brewer,Wes Matthews,3,8:15,MEM,free throw,,,,,,,1,,2,Zach Randolph,,,foul,missed,,,,
Marc Gasol,Marcus Williams,O.J. Mayo,Sam Young,Zach Randolph,Carlos Boozer,Deron Williams,Kyrylo Fesenko,Ronnie Brewer,Wes Matthews,3,8:15,MEM,rebound,,,,,,,,,,,,,,,,,,
Marc Gasol,Marcus Williams,O.J. Mayo,Sam Young,Zach Randolph,Carlos Boozer,Deron Williams,Kyrylo Fesenko,Ronnie Brewer,Wes Matthews,3,8:15,MEM,free throw,,,,,,,2,,2,Zach Randolph,,,foul,made,,,,
Marc Gasol,Marcus Williams,O.J. Mayo,Sam Young,Zach Randolph,Carlos Boozer,Deron Williams,Kyrylo Fesenko,Ronnie Brewer,Wes Matthews,3,7:51,UTA,shot,,,,,,,,,,Kyrylo Fesenko,2,,,made,,driving layup,25,6
Marc Gasol,Marcus Williams,O.J. Mayo,Sam Young,Zach Randolph,Carlos Boozer,Deron Williams,Kyrylo Fesenko,Ronnie Brewer,Wes Matthews,3,7:35,MEM,shot,Marcus Williams,,,,,,,,,O.J. Mayo,2,,,made,,running jump,30,11
Marc Gasol,Marcus Williams,O.J. Mayo,Sam Young,Zach Randolph,Carlos Boozer,Deron Williams,Kyrylo Fesenko,Ronnie Brewer,Wes Matthews,3,7:17,UTA,shot,Carlos Boozer,,,,,,,,,Deron Williams,3,,,made,,3pt,14,28
Marc Gasol,Marcus Williams,O.J. Mayo,Sam Young,Zach Randolph,Carlos Boozer,Deron Williams,Kyrylo Fesenko,Ronnie Brewer,Wes Matthews,3,6:49,MEM,shot,Marcus Williams,,,,,,,,,O.J. Mayo,3,,,made,,3pt,2,15
Marc Gasol,Marcus Williams,O.J. Mayo,Sam Young,Zach Randolph,Carlos Boozer,Deron Williams,Kyrylo Fesenko,Ronnie Brewer,Wes Matthews,3,6:19,UTA,shot,,,,,,,,,,Deron Williams,,,,missed,,3pt,9,25
Marc Gasol,Marcus Williams,O.J. Mayo,Sam Young,Zach Randolph,Carlos Boozer,Deron Williams,Kyrylo Fesenko,Ronnie Brewer,Wes Matthews,3,6:18,MEM,rebound,,,,,,,,,,Marc Gasol,,,,,,def,,
Marc Gasol,Marcus Williams,O.J. Mayo,Sam Young,Zach Randolph,Carlos Boozer,Deron Williams,Kyrylo Fesenko,Ronnie Brewer,Wes Matthews,3,6:11,MEM,shot,,,,,,,,,,Sam Young,,,,missed,,3pt,13,27
Marc Gasol,Marcus Williams,O.J. Mayo,Sam Young,Zach Randolph,Carlos Boozer,Deron Williams,Kyrylo Fesenko,Ronnie Brewer,Wes Matthews,3,6:10,UTA,rebound,,,,,,,,,,Deron Williams,,,,,,def,,
Marc Gasol,Marcus Williams,O.J. Mayo,Sam Young,Zach Randolph,Carlos Boozer,Deron Williams,Kyrylo Fesenko,Ronnie Brewer,Wes Matthews,3,6:02,MEM,foul,,,,,,,,Carlos Boozer,,Zach Randolph,,,,,,shooting,,
Marc Gasol,Marcus Williams,O.J. Mayo,Sam Young,Zach Randolph,Carlos Boozer,Deron Williams,Kyrylo Fesenko,Ronnie Brewer,Wes Matthews,3,6:02,UTA,free throw,,,,,,,1,,2,Carlos Boozer,,,foul,made,,,,
Marc Gasol,Marcus Williams,O.J. Mayo,Sam Young,Zach Randolph,Carlos Boozer,Deron Williams,Kyrylo Fesenko,Ronnie Brewer,Wes Matthews,3,6:02,UTA,free throw,,,,,,,2,,2,Carlos Boozer,,,foul,made,,,,
Marc Gasol,Marcus Williams,O.J. Mayo,Sam Young,Zach Randolph,Carlos Boozer,Deron Williams,Kyrylo Fesenko,Ronnie Brewer,Wes Matthews,3,5:44,UTA,foul,,,,,,,,Zach Randolph,,Deron Williams,,,,,,shooting,,
Marc Gasol,Marcus Williams,O.J. Mayo,Sam Young,Zach Randolph,Carlos Boozer,Deron Williams,Kyrylo Fesenko,Ronnie Brewer,Wes Matthews,3,5:44,UTA,timeout,,,,,,,,,,,,,,,,regular,,
Marc Gasol,Marcus Williams,O.J. Mayo,Sam Young,Zach Randolph,Carlos Boozer,Deron Williams,Mehmet Okur,Ronnie Brewer,Wes Matthews,3,5:44,UTA,sub,,,,Mehmet Okur,,Kyrylo Fesenko,,,,,,,,,,,,
Marc Gasol,Marcus Williams,O.J. Mayo,Sam Young,Zach Randolph,Carlos Boozer,Deron Williams,Mehmet Okur,Ronnie Brewer,Wes Matthews,3,5:44,MEM,free throw,,,,,,,1,,2,Zach Randolph,,,foul,made,,,,
Marc Gasol,Marcus Williams,O.J. Mayo,Sam Young,Zach Randolph,Carlos Boozer,Deron Williams,Mehmet Okur,Ronnie Brewer,Wes Matthews,3,5:44,MEM,free throw,,,,,,,2,,2,Zach Randolph,,,foul,made,,,,
Marc Gasol,Marcus Williams,O.J. Mayo,Sam Young,Zach Randolph,Carlos Boozer,Deron Williams,Mehmet Okur,Ronnie Brewer,Wes Matthews,3,5:24,UTA,shot,Wes Matthews,,,,,,,,,Ronnie Brewer,2,,,made,,jump,5,12
Marc Gasol,Marcus Williams,O.J. Mayo,Sam Young,Zach Randolph,Carlos Boozer,Deron Williams,Mehmet Okur,Ronnie Brewer,Wes Matthews,3,4:55,MEM,shot,,,,,,,,,,Marc Gasol,,,,missed,,jump,24,18
Marc Gasol,Marcus Williams,O.J. Mayo,Sam Young,Zach Randolph,Carlos Boozer,Deron Williams,Mehmet Okur,Ronnie Brewer,Wes Matthews,3,4:53,UTA,rebound,,,,,,,,,,Ronnie Brewer,,,,,,def,,
Marc Gasol,Marcus Williams,O.J. Mayo,Sam Young,Zach Randolph,Carlos Boozer,Deron Williams,Mehmet Okur,Ronnie Brewer,Wes Matthews,3,4:39,UTA,shot,,,Sam Young,,,,,,,Carlos Boozer,,,,missed,,layup,25,6
Marc Gasol,Marcus Williams,O.J. Mayo,Sam Young,Zach Randolph,Carlos Boozer,Deron Williams,Mehmet Okur,Ronnie Brewer,Wes Matthews,3,4:36,UTA,rebound,,,,,,,,,,Carlos Boozer,,,,,,off,,
Marc Gasol,Marcus Williams,O.J. Mayo,Sam Young,Zach Randolph,Carlos Boozer,Deron Williams,Mehmet Okur,Ronnie Brewer,Wes Matthews,3,4:36,UTA,shot,,,,,,,,,,Carlos Boozer,2,,,made,,layup,25,6
Marc Gasol,Marcus Williams,O.J. Mayo,Sam Young,Zach Randolph,Carlos Boozer,Deron Williams,Mehmet Okur,Ronnie Brewer,Wes Matthews,3,4:13,MEM,shot,,,,,,,,,,Marcus Williams,2,,,made,,jump,38,22
Marc Gasol,Marcus Williams,O.J. Mayo,Sam Young,Zach Randolph,Carlos Boozer,Deron Williams,Mehmet Okur,Ronnie Brewer,Wes Matthews,3,3:58,UTA,shot,,,O.J. Mayo,,,,,,,Wes Matthews,,,,missed,,layup,25,6
Marc Gasol,Marcus Williams,O.J. Mayo,Sam Young,Zach Randolph,Carlos Boozer,Deron Williams,Mehmet Okur,Ronnie Brewer,Wes Matthews,3,3:58,UTA,rebound,,,,,,,,,,,,,,,,,,
DeMarre Carroll,Marc Gasol,Marcus Williams,O.J. Mayo,Zach Randolph,Carlos Boozer,Deron Williams,Mehmet Okur,Ronnie Brewer,Wes Matthews,3,3:58,MEM,sub,,,,DeMarre Carroll,,Sam Young,,,,,,,,,,,,
DeMarre Carroll,Marc Gasol,Marcus Williams,O.J. Mayo,Zach Randolph,Carlos Boozer,Deron Williams,Eric Maynor,Mehmet Okur,Ronnie Brewer,3,3:58,UTA,sub,,,,Eric Maynor,,Wes Matthews,,,,,,,,,,,,
DeMarre Carroll,Marc Gasol,Marcus Williams,O.J. Mayo,Zach Randolph,Deron Williams,Eric Maynor,Mehmet Okur,Paul Millsap,Ronnie Brewer,3,3:58,UTA,sub,,,,Paul Millsap,,Carlos Boozer,,,,,,,,,,,,
DeMarre Carroll,Marc Gasol,Marcus Williams,O.J. Mayo,Zach Randolph,Deron Williams,Eric Maynor,Mehmet Okur,Paul Millsap,Ronnie Brewer,3,3:56,UTA,shot,Paul Millsap,,,,,,,,,Deron Williams,2,,,made,,jump,40,17
DeMarre Carroll,Marc Gasol,Marcus Williams,O.J. Mayo,Zach Randolph,Deron Williams,Eric Maynor,Mehmet Okur,Paul Millsap,Ronnie Brewer,3,3:31,MEM,turnover,,,,,,,,,,Zach Randolph,,,lost ball,,Ronnie Brewer,,,
DeMarre Carroll,Marc Gasol,Marcus Williams,O.J. Mayo,Zach Randolph,Deron Williams,Eric Maynor,Mehmet Okur,Paul Millsap,Ronnie Brewer,3,3:25,UTA,shot,,,,,,,,,,Eric Maynor,,,,missed,,running layup,25,6
DeMarre Carroll,Marc Gasol,Marcus Williams,O.J. Mayo,Zach Randolph,Deron Williams,Eric Maynor,Mehmet Okur,Paul Millsap,Ronnie Brewer,3,3:23,UTA,rebound,,,,,,,,,,Ronnie Brewer,,,,,,off,,
DeMarre Carroll,Marc Gasol,Marcus Williams,O.J. Mayo,Zach Randolph,Deron Williams,Eric Maynor,Mehmet Okur,Paul Millsap,Ronnie Brewer,3,3:23,UTA,shot,,,,,,,,,,Ronnie Brewer,2,,,made,,putback slam dunk,25,6
DeMarre Carroll,Marc Gasol,Marcus Williams,O.J. Mayo,Zach Randolph,Deron Williams,Eric Maynor,Mehmet Okur,Paul Millsap,Ronnie Brewer,3,3:20,MEM,timeout,,,,,,,,,,,,,,,,regular,,
DeMarre Carroll,Hamed Haddadi,Marcus Williams,O.J. Mayo,Zach Randolph,Deron Williams,Eric Maynor,Mehmet Okur,Paul Millsap,Ronnie Brewer,3,3:20,MEM,sub,,,,Hamed Haddadi,,Marc Gasol,,,,,,,,,,,,
DeMarre Carroll,Hamed Haddadi,Marcus Williams,O.J. Mayo,Zach Randolph,Deron Williams,Eric Maynor,Mehmet Okur,Paul Millsap,Ronnie Brewer,3,3:10,MEM,shot,,,,,,,,,,Zach Randolph,2,,,made,,jump,25,14
DeMarre Carroll,Hamed Haddadi,Marcus Williams,O.J. Mayo,Zach Randolph,Deron Williams,Eric Maynor,Mehmet Okur,Paul Millsap,Ronnie Brewer,3,2:54,UTA,shot,Eric Maynor,,,,,,,,,Mehmet Okur,3,,,made,,3pt,14,28
DeMarre Carroll,Hamed Haddadi,Marcus Williams,O.J. Mayo,Zach Randolph,Deron Williams,Eric Maynor,Mehmet Okur,Paul Millsap,Ronnie Brewer,3,2:37,MEM,shot,Marcus Williams,,,,,,,,,O.J. Mayo,2,,,made,,jump,36,24
DeMarre Carroll,Hamed Haddadi,Marcus Williams,O.J. Mayo,Zach Randolph,Deron Williams,Eric Maynor,Mehmet Okur,Paul Millsap,Ronnie Brewer,3,2:15,UTA,shot,,,,,,,,,,Paul Millsap,,,,missed,,fade away jumper,26,21
DeMarre Carroll,Hamed Haddadi,Marcus Williams,O.J. Mayo,Zach Randolph,Deron Williams,Eric Maynor,Mehmet Okur,Paul Millsap,Ronnie Brewer,3,2:14,MEM,rebound,,,,,,,,,,Hamed Haddadi,,,,,,def,,
DeMarre Carroll,Hamed Haddadi,Marcus Williams,O.J. Mayo,Zach Randolph,Deron Williams,Eric Maynor,Mehmet Okur,Paul Millsap,Ronnie Brewer,3,2:08,UTA,foul,,,,,,,,Marcus Williams,,Mehmet Okur,,,,,,personal,,
DeMarre Carroll,Hamed Haddadi,Marcus Williams,O.J. Mayo,Zach Randolph,Deron Williams,Eric Maynor,Mehmet Okur,Paul Millsap,Ronnie Brewer,3,2:08,MEM,free throw,,,,,,,1,,2,Marcus Williams,,,foul,made,,,,
DeMarre Carroll,Hamed Haddadi,Marcus Williams,O.J. Mayo,Zach Randolph,Deron Williams,Eric Maynor,Kyrylo Fesenko,Paul Millsap,Ronnie Brewer,3,2:08,UTA,sub,,,,Kyrylo Fesenko,,Mehmet Okur,,,,,,,,,,,,
DeMarre Carroll,Hamed Haddadi,Marcus Williams,O.J. Mayo,Zach Randolph,Deron Williams,Eric Maynor,Kyrylo Fesenko,Paul Millsap,Ronnie Brewer,3,2:08,MEM,free throw,,,,,,,2,,2,Marcus Williams,,,foul,made,,,,
DeMarre Carroll,Hamed Haddadi,Marcus Williams,O.J. Mayo,Zach Randolph,Deron Williams,Eric Maynor,Kyrylo Fesenko,Paul Millsap,Ronnie Brewer,3,2:00,UTA,turnover,,,,,,,,,,Deron Williams,,,bad pass,,Marcus Williams,,,
DeMarre Carroll,Hamed Haddadi,Marcus Williams,O.J. Mayo,Zach Randolph,Deron Williams,Eric Maynor,Kyrylo Fesenko,Paul Millsap,Ronnie Brewer,3,1:57,MEM,shot,,,,,,,,,,Marcus Williams,2,,,made,,layup,25,6
DeMarre Carroll,Hamed Haddadi,Marcus Williams,O.J. Mayo,Zach Randolph,Deron Williams,Eric Maynor,Kyrylo Fesenko,Paul Millsap,Ronnie Brewer,3,1:38,UTA,shot,Eric Maynor,,,,,,,,,Kyrylo Fesenko,2,,,made,,driving layup,25,6
DeMarre Carroll,Hamed Haddadi,Marcus Williams,O.J. Mayo,Zach Randolph,Deron Williams,Eric Maynor,Kyrylo Fesenko,Paul Millsap,Ronnie Brewer,3,1:23,MEM,shot,,,,,,,,,,Zach Randolph,,,,missed,,fade away jumper,41,13
DeMarre Carroll,Hamed Haddadi,Marcus Williams,O.J. Mayo,Zach Randolph,Deron Williams,Eric Maynor,Kyrylo Fesenko,Paul Millsap,Ronnie Brewer,3,1:22,UTA,rebound,,,,,,,,,,Deron Williams,,,,,,def,,
DeMarre Carroll,Hamed Haddadi,Marcus Williams,O.J. Mayo,Zach Randolph,Deron Williams,Eric Maynor,Kyrylo Fesenko,Paul Millsap,Ronnie Brewer,3,1:13,UTA,shot,,,,,,,,,,Deron Williams,3,,,made,,3pt,34,28
DeMarre Carroll,Hamed Haddadi,Marcus Williams,O.J. Mayo,Zach Randolph,Deron Williams,Eric Maynor,Kyrylo Fesenko,Paul Millsap,Ronnie Brewer,3,0:56,MEM,turnover,,,,,,,,,,Marcus Williams,,,bad pass,,Ronnie Brewer,,,
DeMarre Carroll,Hamed Haddadi,Marcus Williams,O.J. Mayo,Zach Randolph,Deron Williams,Eric Maynor,Kyrylo Fesenko,Paul Millsap,Ronnie Brewer,3,0:54,UTA,shot,,,,,,,,,,Ronnie Brewer,2,,,made,,slam dunk,25,6
DeMarre Carroll,Hamed Haddadi,Marcus Williams,O.J. Mayo,Zach Randolph,Deron Williams,Eric Maynor,Kyrylo Fesenko,Paul Millsap,Ronnie Brewer,3,0:39,MEM,shot,,,Paul Millsap,,,,,,,Marcus Williams,,,,missed,,jump,16,8
DeMarre Carroll,Hamed Haddadi,Marcus Williams,O.J. Mayo,Zach Randolph,Deron Williams,Eric Maynor,Kyrylo Fesenko,Paul Millsap,Ronnie Brewer,3,0:37,UTA,rebound,,,,,,,,,,Eric Maynor,,,,,,def,,
DeMarre Carroll,Hamed Haddadi,Marcus Williams,O.J. Mayo,Zach Randolph,Deron Williams,Eric Maynor,Kyrylo Fesenko,Paul Millsap,Ronnie Brewer,3,0:33,UTA,shot,Eric Maynor,,,,,,,,,Ronnie Brewer,2,,,made,,layup,25,6
DeMarre Carroll,Hamed Haddadi,Marcus Williams,O.J. Mayo,Zach Randolph,Deron Williams,Eric Maynor,Kyrylo Fesenko,Paul Millsap,Ronnie Brewer,3,0:10,UTA,foul,,,,,,,,Hamed Haddadi,,Ronnie Brewer,,,,,,shooting,,
DeMarre Carroll,Hamed Haddadi,Marcus Williams,O.J. Mayo,Zach Randolph,Deron Williams,Eric Maynor,Kyrylo Fesenko,Paul Millsap,Ronnie Brewer,3,0:10,MEM,free throw,,,,,,,1,,2,Hamed Haddadi,,,foul,made,,,,
DeMarre Carroll,Hamed Haddadi,Marcus Williams,O.J. Mayo,Zach Randolph,Deron Williams,Eric Maynor,Kyrylo Fesenko,Paul Millsap,Ronnie Brewer,3,0:10,MEM,free throw,,,,,,,2,,2,Hamed Haddadi,,,foul,made,,,,
DeMarre Carroll,Hamed Haddadi,Marcus Williams,O.J. Mayo,Zach Randolph,Deron Williams,Eric Maynor,Kyrylo Fesenko,Paul Millsap,Ronnie Brewer,3,0:01,UTA,shot,,,,,,,,,,Paul Millsap,,,,missed,,jump,7,4
DeMarre Carroll,Hamed Haddadi,Marcus Williams,O.J. Mayo,Zach Randolph,Deron Williams,Eric Maynor,Kyrylo Fesenko,Paul Millsap,Ronnie Brewer,3,0:00,MEM,rebound,,,,,,,,,,O.J. Mayo,,,,,,def,,
DeMarre Carroll,Jamaal Tinsley,Marc Gasol,O.J. Mayo,Sam Young,Eric Maynor,Kyrylo Fesenko,Paul Millsap,Ronnie Brewer,Wes Matthews,4,11:41,MEM,shot,,,,,,,,,,Sam Young,2,,,made,,running bank,21,11
DeMarre Carroll,Jamaal Tinsley,Marc Gasol,O.J. Mayo,Sam Young,Eric Maynor,Kyrylo Fesenko,Paul Millsap,Ronnie Brewer,Wes Matthews,4,11:18,MEM,foul,,,,,,,,Paul Millsap,,DeMarre Carroll,,,,,,shooting,,
DeMarre Carroll,Jamaal Tinsley,Marc Gasol,O.J. Mayo,Sam Young,Eric Maynor,Kyrylo Fesenko,Paul Millsap,Ronnie Brewer,Wes Matthews,4,11:18,UTA,free throw,,,,,,,1,,2,Paul Millsap,,,foul,made,,,,
DeMarre Carroll,Jamaal Tinsley,Marc Gasol,O.J. Mayo,Sam Young,Eric Maynor,Kyrylo Fesenko,Paul Millsap,Ronnie Brewer,Wes Matthews,4,11:18,UTA,free throw,,,,,,,2,,2,Paul Millsap,,,foul,made,,,,
DeMarre Carroll,Jamaal Tinsley,Marc Gasol,O.J. Mayo,Sam Young,Eric Maynor,Kyrylo Fesenko,Paul Millsap,Ronnie Brewer,Wes Matthews,4,10:59,MEM,shot,,,,,,,,,,Jamaal Tinsley,,,,missed,,3pt,27,32
DeMarre Carroll,Jamaal Tinsley,Marc Gasol,O.J. Mayo,Sam Young,Eric Maynor,Kyrylo Fesenko,Paul Millsap,Ronnie Brewer,Wes Matthews,4,10:58,UTA,rebound,,,,,,,,,,Wes Matthews,,,,,,def,,
DeMarre Carroll,Jamaal Tinsley,Marc Gasol,O.J. Mayo,Sam Young,Eric Maynor,Kyrylo Fesenko,Paul Millsap,Ronnie Brewer,Wes Matthews,4,10:52,UTA,shot,,,,,,,,,,Paul Millsap,,,,missed,,layup,25,6
DeMarre Carroll,Jamaal Tinsley,Marc Gasol,O.J. Mayo,Sam Young,Eric Maynor,Kyrylo Fesenko,Paul Millsap,Ronnie Brewer,Wes Matthews,4,10:51,MEM,rebound,,,,,,,,,,Jamaal Tinsley,,,,,,def,,
DeMarre Carroll,Jamaal Tinsley,Marc Gasol,O.J. Mayo,Sam Young,Eric Maynor,Kyrylo Fesenko,Paul Millsap,Ronnie Brewer,Wes Matthews,4,10:45,MEM,shot,Jamaal Tinsley,,,,,,,,,DeMarre Carroll,2,,,made,,jump,39,18
DeMarre Carroll,Jamaal Tinsley,Marc Gasol,O.J. Mayo,Sam Young,Eric Maynor,Kyrylo Fesenko,Paul Millsap,Ronnie Brewer,Wes Matthews,4,10:33,MEM,foul,,,,,,,,Kyrylo Fesenko,,DeMarre Carroll,,,,,,personal,,
DeMarre Carroll,Jamaal Tinsley,Marc Gasol,O.J. Mayo,Sam Young,Eric Maynor,Kyrylo Fesenko,Paul Millsap,Ronnie Brewer,Wes Matthews,4,10:23,UTA,shot,Eric Maynor,,,,,,,,,Kyrylo Fesenko,2,,,made,,slam dunk,25,6
DeMarre Carroll,Jamaal Tinsley,Marc Gasol,O.J. Mayo,Sam Young,Eric Maynor,Kyrylo Fesenko,Paul Millsap,Ronnie Brewer,Wes Matthews,4,10:08,MEM,shot,,,,,,,,,,O.J. Mayo,,,,missed,,jump,21,25
DeMarre Carroll,Jamaal Tinsley,Marc Gasol,O.J. Mayo,Sam Young,Eric Maynor,Kyrylo Fesenko,Paul Millsap,Ronnie Brewer,Wes Matthews,4,10:05,UTA,rebound,,,,,,,,,,Eric Maynor,,,,,,def,,
DeMarre Carroll,Jamaal Tinsley,Marc Gasol,O.J. Mayo,Sam Young,Eric Maynor,Kyrylo Fesenko,Paul Millsap,Ronnie Brewer,Wes Matthews,4,9:59,MEM,foul,,,,,,,,Eric Maynor,,Jamaal Tinsley,,,,,,shooting,,
DeMarre Carroll,Jamaal Tinsley,Marc Gasol,O.J. Mayo,Sam Young,Deron Williams,Eric Maynor,Kyrylo Fesenko,Paul Millsap,Wes Matthews,4,9:59,UTA,sub,,,,Deron Williams,,Ronnie Brewer,,,,,,,,,,,,
DeMarre Carroll,Jamaal Tinsley,Marc Gasol,O.J. Mayo,Sam Young,Deron Williams,Eric Maynor,Kyrylo Fesenko,Paul Millsap,Wes Matthews,4,9:59,UTA,free throw,,,,,,,1,,2,Eric Maynor,,,foul,made,,,,
DeMarre Carroll,Jamaal Tinsley,Marc Gasol,O.J. Mayo,Sam Young,Deron Williams,Eric Maynor,Kyrylo Fesenko,Paul Millsap,Wes Matthews,4,9:59,UTA,free throw,,,,,,,2,,2,Eric Maynor,,,foul,made,,,,
DeMarre Carroll,Jamaal Tinsley,Marc Gasol,O.J. Mayo,Sam Young,Deron Williams,Eric Maynor,Kyrylo Fesenko,Paul Millsap,Wes Matthews,4,9:45,UTA,foul,,,,,,,,Marc Gasol,,Eric Maynor,,,,,,shooting,,
DeMarre Carroll,Jamaal Tinsley,Marc Gasol,O.J. Mayo,Sam Young,Deron Williams,Eric Maynor,Kyrylo Fesenko,Paul Millsap,Wes Matthews,4,9:45,MEM,free throw,,,,,,,1,,2,Marc Gasol,,,foul,missed,,,,
DeMarre Carroll,Jamaal Tinsley,Marc Gasol,O.J. Mayo,Sam Young,Deron Williams,Eric Maynor,Kyrylo Fesenko,Paul Millsap,Wes Matthews,4,9:45,MEM,rebound,,,,,,,,,,,,,,,,,,
DeMarre Carroll,Jamaal Tinsley,Marc Gasol,O.J. Mayo,Sam Young,Deron Williams,Eric Maynor,Kyrylo Fesenko,Paul Millsap,Wes Matthews,4,9:45,MEM,free throw,,,,,,,2,,2,Marc Gasol,,,foul,made,,,,
DeMarre Carroll,Jamaal Tinsley,Marc Gasol,O.J. Mayo,Sam Young,Deron Williams,Eric Maynor,Kyrylo Fesenko,Paul Millsap,Wes Matthews,4,9:30,UTA,shot,,,,,,,,,,Wes Matthews,2,,,made,,driving reverse layup,25,6
DeMarre Carroll,Jamaal Tinsley,Marc Gasol,O.J. Mayo,Sam Young,Deron Williams,Eric Maynor,Kyrylo Fesenko,Paul Millsap,Wes Matthews,4,9:13,MEM,shot,,,,,,,,,,Jamaal Tinsley,2,,,made,,running jump,34,12
DeMarre Carroll,Jamaal Tinsley,Marc Gasol,O.J. Mayo,Sam Young,Deron Williams,Eric Maynor,Kyrylo Fesenko,Paul Millsap,Wes Matthews,4,9:13,UTA,foul,,,,,,,,Jamaal Tinsley,,Eric Maynor,,,,,,shooting,,
DeMarre Carroll,Jamaal Tinsley,Marc Gasol,O.J. Mayo,Sam Young,Deron Williams,Eric Maynor,Kyrylo Fesenko,Paul Millsap,Wes Matthews,4,9:13,MEM,free throw,,,,,,,1,,1,Jamaal Tinsley,,,foul,made,,,,
DeMarre Carroll,Jamaal Tinsley,Marc Gasol,O.J. Mayo,Sam Young,Deron Williams,Eric Maynor,Kyrylo Fesenko,Paul Millsap,Wes Matthews,4,8:59,UTA,timeout,,,,,,,,,,,,,,,,official,,
DeMarre Carroll,Jamaal Tinsley,Marc Gasol,O.J. Mayo,Sam Young,Deron Williams,Eric Maynor,Kyrylo Fesenko,Paul Millsap,Wes Matthews,4,8:56,MEM,foul,,,,,,,,Kyrylo Fesenko,,Jamaal Tinsley,,,,,,shooting,,
DeMarre Carroll,Jamaal Tinsley,Marc Gasol,O.J. Mayo,Sam Young,Deron Williams,Eric Maynor,Kyrylo Fesenko,Paul Millsap,Wes Matthews,4,8:56,UTA,free throw,,,,,,,1,,2,Kyrylo Fesenko,,,foul,missed,,,,
DeMarre Carroll,Jamaal Tinsley,Marc Gasol,O.J. Mayo,Sam Young,Deron Williams,Eric Maynor,Kyrylo Fesenko,Paul Millsap,Wes Matthews,4,8:56,UTA,rebound,,,,,,,,,,,,,,,,,,
DeMarre Carroll,Jamaal Tinsley,Marc Gasol,O.J. Mayo,Sam Young,Deron Williams,Eric Maynor,Kyrylo Fesenko,Paul Millsap,Wes Matthews,4,8:56,UTA,free throw,,,,,,,2,,2,Kyrylo Fesenko,,,foul,made,,,,
DeMarre Carroll,Jamaal Tinsley,Marc Gasol,O.J. Mayo,Sam Young,Deron Williams,Eric Maynor,Kyrylo Fesenko,Paul Millsap,Wes Matthews,4,8:44,MEM,shot,Jamaal Tinsley,,,,,,,,,DeMarre Carroll,2,,,made,,jump,33,23
DeMarre Carroll,Jamaal Tinsley,Marc Gasol,O.J. Mayo,Sam Young,Deron Williams,Eric Maynor,Kyrylo Fesenko,Paul Millsap,Wes Matthews,4,8:37,UTA,turnover,,,,,,,,,,Deron Williams,,,bad pass,,DeMarre Carroll,,,
DeMarre Carroll,Jamaal Tinsley,Marc Gasol,O.J. Mayo,Sam Young,Deron Williams,Eric Maynor,Kyrylo Fesenko,Paul Millsap,Wes Matthews,4,8:36,UTA,foul,,,,,,,,O.J. Mayo,,Deron Williams,,,,,,shooting,,
DeMarre Carroll,Jamaal Tinsley,Marc Gasol,O.J. Mayo,Sam Young,Deron Williams,Eric Maynor,Kyrylo Fesenko,Paul Millsap,Wes Matthews,4,8:36,MEM,free throw,,,,,,,1,,2,O.J. Mayo,,,foul,made,,,,
DeMarre Carroll,Jamaal Tinsley,Marc Gasol,O.J. Mayo,Sam Young,Deron Williams,Eric Maynor,Kyrylo Fesenko,Paul Millsap,Ronnie Brewer,4,8:36,UTA,sub,,,,Ronnie Brewer,,Wes Matthews,,,,,,,,,,,,
DeMarre Carroll,Jamaal Tinsley,Marc Gasol,O.J. Mayo,Sam Young,Carlos Boozer,Deron Williams,Eric Maynor,Paul Millsap,Ronnie Brewer,4,8:36,UTA,sub,,,,Carlos Boozer,,Kyrylo Fesenko,,,,,,,,,,,,
DeMarre Carroll,Jamaal Tinsley,Marc Gasol,O.J. Mayo,Sam Young,Carlos Boozer,Deron Williams,Eric Maynor,Paul Millsap,Ronnie Brewer,4,8:36,MEM,free throw,,,,,,,2,,2,O.J. Mayo,,,foul,made,,,,
DeMarre Carroll,Jamaal Tinsley,Marc Gasol,O.J. Mayo,Sam Young,Carlos Boozer,Deron Williams,Eric Maynor,Paul Millsap,Ronnie Brewer,4,8:20,UTA,turnover,,,,,,,,,,Carlos Boozer,,,bad pass,,,,,
DeMarre Carroll,Jamaal Tinsley,Marc Gasol,O.J. Mayo,Sam Young,Carlos Boozer,Deron Williams,Eric Maynor,Paul Millsap,Ronnie Brewer,4,8:07,MEM,shot,,,,,,,,,,DeMarre Carroll,,,,missed,,running jump,23,11
DeMarre Carroll,Jamaal Tinsley,Marc Gasol,O.J. Mayo,Sam Young,Carlos Boozer,Deron Williams,Eric Maynor,Paul Millsap,Ronnie Brewer,4,8:06,UTA,rebound,,,,,,,,,,,,,,,,,,
DeMarre Carroll,Jamaal Tinsley,Marc Gasol,O.J. Mayo,Sam Young,Carlos Boozer,Deron Williams,Eric Maynor,Paul Millsap,Ronnie Brewer,4,8:06,MEM,foul,,,,,,,,Paul Millsap,,DeMarre Carroll,,,,,,loose ball,,
DeMarre Carroll,Jamaal Tinsley,Marc Gasol,O.J. Mayo,Sam Young,Carlos Boozer,Deron Williams,Eric Maynor,Paul Millsap,Ronnie Brewer,4,8:06,UTA,free throw,,,,,,,1,,2,Paul Millsap,,,foul,made,,,,
DeMarre Carroll,Jamaal Tinsley,Marc Gasol,O.J. Mayo,Sam Young,Carlos Boozer,Deron Williams,Eric Maynor,Paul Millsap,Ronnie Brewer,4,8:06,UTA,free throw,,,,,,,2,,2,Paul Millsap,,,foul,made,,,,
DeMarre Carroll,Jamaal Tinsley,Marc Gasol,O.J. Mayo,Sam Young,Carlos Boozer,Deron Williams,Eric Maynor,Paul Millsap,Ronnie Brewer,4,7:54,MEM,turnover,,,,,,,,,,Sam Young,,,lost ball,,Ronnie Brewer,,,
DeMarre Carroll,Jamaal Tinsley,Marc Gasol,O.J. Mayo,Sam Young,Carlos Boozer,Deron Williams,Eric Maynor,Paul Millsap,Ronnie Brewer,4,7:50,UTA,shot,,,,,,,,,,Eric Maynor,2,,,made,,driving layup,25,6
DeMarre Carroll,Jamaal Tinsley,Marc Gasol,O.J. Mayo,Sam Young,Carlos Boozer,Deron Williams,Eric Maynor,Paul Millsap,Ronnie Brewer,4,7:38,UTA,foul,,,,,,,,Jamaal Tinsley,,Eric Maynor,,,,,,personal,,
Jamaal Tinsley,Marc Gasol,O.J. Mayo,Sam Young,Zach Randolph,Carlos Boozer,Deron Williams,Eric Maynor,Paul Millsap,Ronnie Brewer,4,7:38,MEM,sub,,,,Zach Randolph,,DeMarre Carroll,,,,,,,,,,,,
Jamaal Tinsley,Marc Gasol,O.J. Mayo,Sam Young,Zach Randolph,Carlos Boozer,Deron Williams,Eric Maynor,Paul Millsap,Ronnie Brewer,4,7:33,MEM,shot,,,,,,,,,,Jamaal Tinsley,,,,missed,,jump,23,29
Jamaal Tinsley,Marc Gasol,O.J. Mayo,Sam Young,Zach Randolph,Carlos Boozer,Deron Williams,Eric Maynor,Paul Millsap,Ronnie Brewer,4,7:32,UTA,rebound,,,,,,,,,,Carlos Boozer,,,,,,def,,
Jamaal Tinsley,Marc Gasol,O.J. Mayo,Sam Young,Zach Randolph,Carlos Boozer,Deron Williams,Eric Maynor,Paul Millsap,Ronnie Brewer,4,7:10,UTA,shot,,,,,,,,,,Ronnie Brewer,,,,missed,,jump,41,13
Jamaal Tinsley,Marc Gasol,O.J. Mayo,Sam Young,Zach Randolph,Carlos Boozer,Deron Williams,Eric Maynor,Paul Millsap,Ronnie Brewer,4,7:07,UTA,rebound,,,,,,,,,,Paul Millsap,,,,,,off,,
Jamaal Tinsley,Marc Gasol,O.J. Mayo,Sam Young,Zach Randolph,Carlos Boozer,Deron Williams,Eric Maynor,Paul Millsap,Ronnie Brewer,4,7:07,UTA,shot,,,,,,,,,,Paul Millsap,,,,missed,,layup,25,6
Jamaal Tinsley,Marc Gasol,O.J. Mayo,Sam Young,Zach Randolph,Carlos Boozer,Deron Williams,Eric Maynor,Paul Millsap,Ronnie Brewer,4,7:06,MEM,rebound,,,,,,,,,,Sam Young,,,,,,def,,
Jamaal Tinsley,Marc Gasol,O.J. Mayo,Sam Young,Zach Randolph,Carlos Boozer,Deron Williams,Eric Maynor,Paul Millsap,Ronnie Brewer,4,6:51,MEM,shot,,,,,,,,,,Marc Gasol,,,,missed,,turnaround jump,25,15
Jamaal Tinsley,Marc Gasol,O.J. Mayo,Sam Young,Zach Randolph,Carlos Boozer,Deron Williams,Eric Maynor,Paul Millsap,Ronnie Brewer,4,6:49,UTA,rebound,,,,,,,,,,Carlos Boozer,,,,,,def,,
Jamaal Tinsley,Marc Gasol,O.J. Mayo,Sam Young,Zach Randolph,Carlos Boozer,Deron Williams,Eric Maynor,Paul Millsap,Ronnie Brewer,4,6:39,UTA,shot,,,,,,,,,,Carlos Boozer,2,,,made,,fade away jumper,31,6
Jamaal Tinsley,Marc Gasol,O.J. Mayo,Sam Young,Zach Randolph,Carlos Boozer,Deron Williams,Eric Maynor,Paul Millsap,Ronnie Brewer,4,6:27,MEM,shot,,,,,,,,,,Jamaal Tinsley,,,,missed,,jump,31,17
Jamaal Tinsley,Marc Gasol,O.J. Mayo,Sam Young,Zach Randolph,Carlos Boozer,Deron Williams,Eric Maynor,Paul Millsap,Ronnie Brewer,4,6:24,UTA,rebound,,,,,,,,,,Paul Millsap,,,,,,def,,
Jamaal Tinsley,Marc Gasol,O.J. Mayo,Sam Young,Zach Randolph,Carlos Boozer,Deron Williams,Eric Maynor,Paul Millsap,Ronnie Brewer,4,6:02,UTA,shot,Carlos Boozer,,,,,,,,,Ronnie Brewer,2,,,made,,hook,25,9
Jamaal Tinsley,Marc Gasol,O.J. Mayo,Sam Young,Zach Randolph,Carlos Boozer,Deron Williams,Eric Maynor,Paul Millsap,Ronnie Brewer,4,5:50,MEM,shot,O.J. Mayo,,,,,,,,,Zach Randolph,2,,,made,,jump,12,16
Jamaal Tinsley,Marc Gasol,O.J. Mayo,Sam Young,Zach Randolph,Carlos Boozer,Deron Williams,Eric Maynor,Paul Millsap,Ronnie Brewer,4,5:38,MEM,violation,,,,,,,,,,Marc Gasol,,,,,,kicked ball,,
Jamaal Tinsley,Marc Gasol,O.J. Mayo,Sam Young,Zach Randolph,Carlos Boozer,Deron Williams,Eric Maynor,Paul Millsap,Ronnie Brewer,4,5:38,UTA,timeout,,,,,,,,,,,,,,,,regular,,
Jamaal Tinsley,Marc Gasol,O.J. Mayo,Sam Young,Zach Randolph,Deron Williams,Eric Maynor,Kyrylo Fesenko,Paul Millsap,Ronnie Brewer,4,5:38,UTA,sub,,,,Kyrylo Fesenko,,Carlos Boozer,,,,,,,,,,,,
Jamaal Tinsley,Marc Gasol,O.J. Mayo,Sam Young,Zach Randolph,Eric Maynor,Kyrylo Fesenko,Paul Millsap,Ronnie Brewer,Wes Matthews,4,5:38,UTA,sub,,,,Wes Matthews,,Deron Williams,,,,,,,,,,,,
Jamaal Tinsley,Marc Gasol,O.J. Mayo,Sam Young,Zach Randolph,Eric Maynor,Kyrylo Fesenko,Paul Millsap,Ronnie Brewer,Wes Matthews,4,5:29,UTA,shot,Paul Millsap,,,,,,,,,Ronnie Brewer,2,,,made,,slam dunk,25,6
Jamaal Tinsley,Marc Gasol,O.J. Mayo,Sam Young,Zach Randolph,Eric Maynor,Kyrylo Fesenko,Paul Millsap,Ronnie Brewer,Wes Matthews,4,5:08,MEM,shot,,,,,,,,,,Zach Randolph,,,,missed,,jump,25,10
Jamaal Tinsley,Marc Gasol,O.J. Mayo,Sam Young,Zach Randolph,Eric Maynor,Kyrylo Fesenko,Paul Millsap,Ronnie Brewer,Wes Matthews,4,5:07,MEM,rebound,,,,,,,,,,Zach Randolph,,,,,,off,,
Jamaal Tinsley,Marc Gasol,O.J. Mayo,Sam Young,Zach Randolph,Eric Maynor,Kyrylo Fesenko,Paul Millsap,Ronnie Brewer,Wes Matthews,4,5:06,MEM,shot,,,,,,,,,,Zach Randolph,,,,missed,,jump,25,10
Jamaal Tinsley,Marc Gasol,O.J. Mayo,Sam Young,Zach Randolph,Eric Maynor,Kyrylo Fesenko,Paul Millsap,Ronnie Brewer,Wes Matthews,4,5:03,UTA,rebound,,,,,,,,,,Eric Maynor,,,,,,def,,
Jamaal Tinsley,Marc Gasol,O.J. Mayo,Sam Young,Zach Randolph,Eric Maynor,Kyrylo Fesenko,Paul Millsap,Ronnie Brewer,Wes Matthews,4,4:48,UTA,shot,,,,,,,,,,Paul Millsap,,,,missed,,jump,9,15
Jamaal Tinsley,Marc Gasol,O.J. Mayo,Sam Young,Zach Randolph,Eric Maynor,Kyrylo Fesenko,Paul Millsap,Ronnie Brewer,Wes Matthews,4,4:47,MEM,rebound,,,,,,,,,,Zach Randolph,,,,,,def,,
Jamaal Tinsley,Marc Gasol,O.J. Mayo,Sam Young,Zach Randolph,Eric Maynor,Kyrylo Fesenko,Paul Millsap,Ronnie Brewer,Wes Matthews,4,4:36,MEM,shot,,,,,,,,,,Jamaal Tinsley,,,,missed,,jump,15,12
Jamaal Tinsley,Marc Gasol,O.J. Mayo,Sam Young,Zach Randolph,Eric Maynor,Kyrylo Fesenko,Paul Millsap,Ronnie Brewer,Wes Matthews,4,4:34,UTA,rebound,,,,,,,,,,Kyrylo Fesenko,,,,,,def,,
Jamaal Tinsley,Marc Gasol,O.J. Mayo,Sam Young,Zach Randolph,Eric Maynor,Kyrylo Fesenko,Paul Millsap,Ronnie Brewer,Wes Matthews,4,4:28,UTA,shot,,,,,,,,,,Eric Maynor,,,,missed,,running jump,20,9
Jamaal Tinsley,Marc Gasol,O.J. Mayo,Sam Young,Zach Randolph,Eric Maynor,Kyrylo Fesenko,Paul Millsap,Ronnie Brewer,Wes Matthews,4,4:26,MEM,rebound,,,,,,,,,,Zach Randolph,,,,,,def,,
Jamaal Tinsley,Marc Gasol,O.J. Mayo,Sam Young,Zach Randolph,Eric Maynor,Kyrylo Fesenko,Paul Millsap,Ronnie Brewer,Wes Matthews,4,4:22,MEM,timeout,,,,,,,,,,,,,,,,regular,,
Jamaal Tinsley,Marc Gasol,O.J. Mayo,Sam Young,Zach Randolph,Eric Maynor,Kosta Koufos,Kyrylo Fesenko,Ronnie Brewer,Wes Matthews,4,4:22,UTA,sub,,,,Kosta Koufos,,Paul Millsap,,,,,,,,,,,,
DeMarre Carroll,Jamaal Tinsley,Marc Gasol,O.J. Mayo,Sam Young,Eric Maynor,Kosta Koufos,Kyrylo Fesenko,Ronnie Brewer,Wes Matthews,4,4:17,MEM,sub,,,,DeMarre Carroll,,Zach Randolph,,,,,,,,,,,,
DeMarre Carroll,Hasheem Thabeet,Jamaal Tinsley,O.J. Mayo,Sam Young,Eric Maynor,Kosta Koufos,Kyrylo Fesenko,Ronnie Brewer,Wes Matthews,4,4:17,MEM,sub,,,,Hasheem Thabeet,,Marc Gasol,,,,,,,,,,,,
DeMarre Carroll,Hasheem Thabeet,Jamaal Tinsley,Sam Young,Steven Hunter,Eric Maynor,Kosta Koufos,Kyrylo Fesenko,Ronnie Brewer,Wes Matthews,4,4:17,MEM,sub,,,,Steven Hunter,,O.J. Mayo,,,,,,,,,,,,
DeMarre Carroll,Hasheem Thabeet,Marcus Williams,Sam Young,Steven Hunter,Eric Maynor,Kosta Koufos,Kyrylo Fesenko,Ronnie Brewer,Wes Matthews,4,4:17,MEM,sub,,,,Marcus Williams,,Jamaal Tinsley,,,,,,,,,,,,
DeMarre Carroll,Hasheem Thabeet,Marcus Williams,Sam Young,Steven Hunter,Eric Maynor,Kosta Koufos,Kyrylo Fesenko,Ronnie Brewer,Wes Matthews,4,4:13,MEM,turnover,,,,,,,,,,DeMarre Carroll,,,lost ball,,Eric Maynor,,,
DeMarre Carroll,Hasheem Thabeet,Marcus Williams,Sam Young,Steven Hunter,Eric Maynor,Kosta Koufos,Kyrylo Fesenko,Ronnie Brewer,Wes Matthews,4,4:09,UTA,shot,,,,,,,,,,Eric Maynor,2,,,made,,layup,25,6
DeMarre Carroll,Hasheem Thabeet,Marcus Williams,Sam Young,Steven Hunter,Eric Maynor,Kosta Koufos,Kyrylo Fesenko,Ronnie Brewer,Wes Matthews,4,4:03,UTA,foul,,,,,,,,Sam Young,,Kyrylo Fesenko,,,,,,shooting,,
DeMarre Carroll,Hasheem Thabeet,Marcus Williams,Sam Young,Steven Hunter,Eric Maynor,Kosta Koufos,Kyrylo Fesenko,Ronnie Brewer,Wes Matthews,4,4:03,MEM,free throw,,,,,,,1,,2,Sam Young,,,foul,made,,,,
DeMarre Carroll,Hasheem Thabeet,Marcus Williams,Sam Young,Steven Hunter,Eric Maynor,Kosta Koufos,Kyrylo Fesenko,Ronnie Brewer,Wes Matthews,4,4:03,MEM,free throw,,,,,,,2,,2,Sam Young,,,foul,made,,,,
DeMarre Carroll,Hasheem Thabeet,Marcus Williams,Sam Young,Steven Hunter,Eric Maynor,Kosta Koufos,Kyrylo Fesenko,Ronnie Brewer,Wes Matthews,4,3:47,UTA,turnover,,,,,,,,,,Eric Maynor,,,bad pass,,,,,
DeMarre Carroll,Hasheem Thabeet,Marcus Williams,Sam Young,Steven Hunter,Eric Maynor,Kosta Koufos,Kyrylo Fesenko,Ronnie Brewer,Wes Matthews,4,3:42,MEM,shot,,,,,,,,,,Sam Young,2,,,made,,driving layup,25,6
DeMarre Carroll,Hasheem Thabeet,Marcus Williams,Sam Young,Steven Hunter,Eric Maynor,Kosta Koufos,Kyrylo Fesenko,Ronnie Brewer,Wes Matthews,4,3:42,UTA,foul,,,,,,,,Sam Young,,Ronnie Brewer,,,,,,shooting,,
DeMarre Carroll,Hasheem Thabeet,Marcus Williams,Sam Young,Steven Hunter,Eric Maynor,Kosta Koufos,Kyrylo Fesenko,Ronnie Brewer,Wes Matthews,4,3:42,MEM,free throw,,,,,,,1,,1,Sam Young,,,foul,missed,,,,
DeMarre Carroll,Hasheem Thabeet,Marcus Williams,Sam Young,Steven Hunter,Eric Maynor,Kosta Koufos,Kyrylo Fesenko,Ronnie Brewer,Wes Matthews,4,3:41,UTA,rebound,,,,,,,,,,Kosta Koufos,,,,,,def,,
DeMarre Carroll,Hasheem Thabeet,Marcus Williams,Sam Young,Steven Hunter,Eric Maynor,Kosta Koufos,Kyrylo Fesenko,Ronnie Brewer,Wes Matthews,4,3:18,UTA,shot,,,,,,,,,,Eric Maynor,,,,missed,,3pt,42,23
DeMarre Carroll,Hasheem Thabeet,Marcus Williams,Sam Young,Steven Hunter,Eric Maynor,Kosta Koufos,Kyrylo Fesenko,Ronnie Brewer,Wes Matthews,4,3:17,MEM,rebound,,,,,,,,,,Steven Hunter,,,,,,def,,
DeMarre Carroll,Hasheem Thabeet,Marcus Williams,Sam Young,Steven Hunter,Eric Maynor,Kosta Koufos,Kyrylo Fesenko,Ronnie Brewer,Wes Matthews,4,3:12,MEM,foul,,,,,,,,Wes Matthews,,Sam Young,,,,,,offensive,,
DeMarre Carroll,Hasheem Thabeet,Marcus Williams,Sam Young,Steven Hunter,Eric Maynor,Kosta Koufos,Kyrylo Fesenko,Ronnie Brewer,Wes Matthews,4,3:12,MEM,turnover,,,,,,,,,,Sam Young,,,foul,,,,,
DeMarre Carroll,Hasheem Thabeet,Marcus Williams,Sam Young,Steven Hunter,Eric Maynor,Kosta Koufos,Kyrylo Fesenko,Ronnie Brewer,Wes Matthews,4,2:59,UTA,shot,,,,,,,,,,Ronnie Brewer,,,,missed,,jump,32,24
DeMarre Carroll,Hasheem Thabeet,Marcus Williams,Sam Young,Steven Hunter,Eric Maynor,Kosta Koufos,Kyrylo Fesenko,Ronnie Brewer,Wes Matthews,4,2:59,MEM,rebound,,,,,,,,,,,,,,,,,,
DeMarre Carroll,Hasheem Thabeet,Marcus Williams,Sam Young,Steven Hunter,Eric Maynor,Kosta Koufos,Kyrylo Fesenko,Ronnie Brewer,Wes Matthews,4,2:59,UTA,foul,,,,,,,,Steven Hunter,,Kosta Koufos,,,,,,loose ball,,
DeMarre Carroll,Hasheem Thabeet,Marcus Williams,Sam Young,Steven Hunter,Eric Maynor,Kosta Koufos,Kyrylo Fesenko,Ronnie Brewer,Wes Matthews,4,2:59,MEM,free throw,,,,,,,1,,2,Steven Hunter,,,foul,missed,,,,
DeMarre Carroll,Hasheem Thabeet,Marcus Williams,Sam Young,Steven Hunter,Eric Maynor,Kosta Koufos,Kyrylo Fesenko,Ronnie Brewer,Wes Matthews,4,2:59,MEM,rebound,,,,,,,,,,,,,,,,,,
DeMarre Carroll,Hasheem Thabeet,Marcus Williams,Sam Young,Steven Hunter,Eric Maynor,Kosta Koufos,Kyrylo Fesenko,Ronnie Brewer,Wes Matthews,4,2:59,MEM,free throw,,,,,,,2,,2,Steven Hunter,,,foul,made,,,,
DeMarre Carroll,Hasheem Thabeet,Marcus Williams,Sam Young,Steven Hunter,Eric Maynor,Kosta Koufos,Kyrylo Fesenko,Ronnie Brewer,Wes Matthews,4,2:36,UTA,shot,,,,,,,,,,Eric Maynor,,,,missed,,3pt,41,24
DeMarre Carroll,Hasheem Thabeet,Marcus Williams,Sam Young,Steven Hunter,Eric Maynor,Kosta Koufos,Kyrylo Fesenko,Ronnie Brewer,Wes Matthews,4,2:35,MEM,rebound,,,,,,,,,,Sam Young,,,,,,def,,
DeMarre Carroll,Hasheem Thabeet,Marcus Williams,Sam Young,Steven Hunter,Eric Maynor,Kosta Koufos,Kyrylo Fesenko,Ronnie Brewer,Wes Matthews,4,2:17,MEM,shot,,,,,,,,,,Marcus Williams,2,,,made,,jump,43,11
DeMarre Carroll,Hasheem Thabeet,Marcus Williams,Sam Young,Steven Hunter,Eric Maynor,Kosta Koufos,Kyrylo Fesenko,Ronnie Brewer,Wes Matthews,4,1:55,MEM,foul,,,,,,,,Kosta Koufos,,Hasheem Thabeet,,,,,,personal,,
DeMarre Carroll,Hasheem Thabeet,Marcus Williams,Sam Young,Steven Hunter,Eric Maynor,Kosta Koufos,Kyrylo Fesenko,Ronnie Brewer,Wes Matthews,4,1:55,UTA,free throw,,,,,,,1,,2,Kosta Koufos,,,foul,made,,,,
DeMarre Carroll,Hasheem Thabeet,Marcus Williams,Sam Young,Steven Hunter,Eric Maynor,Kosta Koufos,Kyrylo Fesenko,Ronnie Brewer,Wes Matthews,4,1:55,UTA,free throw,,,,,,,2,,2,Kosta Koufos,,,foul,made,,,,
DeMarre Carroll,Hasheem Thabeet,Marcus Williams,Sam Young,Steven Hunter,Eric Maynor,Kosta Koufos,Kyrylo Fesenko,Ronnie Brewer,Wes Matthews,4,1:34,MEM,shot,Marcus Williams,,,,,,,,,DeMarre Carroll,2,,,made,,layup,25,6
DeMarre Carroll,Hasheem Thabeet,Marcus Williams,Sam Young,Steven Hunter,Eric Maynor,Kosta Koufos,Kyrylo Fesenko,Ronnie Brewer,Wes Matthews,4,1:12,UTA,turnover,,,,,,,,,,Wes Matthews,,,traveling,,,,,
DeMarre Carroll,Hasheem Thabeet,Marcus Williams,Sam Young,Steven Hunter,Eric Maynor,Kosta Koufos,Kyrylo Fesenko,Ronnie Brewer,Wes Matthews,4,0:58,MEM,shot,,,,,,,,,,Steven Hunter,,,,missed,,jump hook,21,12
DeMarre Carroll,Hasheem Thabeet,Marcus Williams,Sam Young,Steven Hunter,Eric Maynor,Kosta Koufos,Kyrylo Fesenko,Ronnie Brewer,Wes Matthews,4,0:57,UTA,rebound,,,,,,,,,,Kyrylo Fesenko,,,,,,def,,
DeMarre Carroll,Hasheem Thabeet,Marcus Williams,Sam Young,Steven Hunter,Eric Maynor,Kosta Koufos,Kyrylo Fesenko,Ronnie Brewer,Wes Matthews,4,0:49,UTA,shot,,,,,,,,,,Eric Maynor,,,,missed,,running layup,25,6
DeMarre Carroll,Hasheem Thabeet,Marcus Williams,Sam Young,Steven Hunter,Eric Maynor,Kosta Koufos,Kyrylo Fesenko,Ronnie Brewer,Wes Matthews,4,0:48,UTA,rebound,,,,,,,,,,Kyrylo Fesenko,,,,,,off,,
DeMarre Carroll,Hasheem Thabeet,Marcus Williams,Sam Young,Steven Hunter,Eric Maynor,Kosta Koufos,Kyrylo Fesenko,Ronnie Brewer,Wes Matthews,4,0:48,UTA,shot,,,,,,,,,,Kyrylo Fesenko,2,,,made,,jump hook,27,10
DeMarre Carroll,Hasheem Thabeet,Marcus Williams,Sam Young,Steven Hunter,Eric Maynor,Kosta Koufos,Kyrylo Fesenko,Ronnie Brewer,Wes Matthews,4,0:25,MEM,shot,,,,,,,,,,Marcus Williams,,,,missed,,3pt,43,23
DeMarre Carroll,Hasheem Thabeet,Marcus Williams,Sam Young,Steven Hunter,Eric Maynor,Kosta Koufos,Kyrylo Fesenko,Ronnie Brewer,Wes Matthews,4,0:24,MEM,rebound,,,,,,,,,,,,,,,,,,
DeMarre Carroll,Hasheem Thabeet,Marcus Williams,Sam Young,Steven Hunter,Eric Maynor,Kosta Koufos,Kyrylo Fesenko,Ronnie Brewer,Wes Matthews,4,0:24,MEM,turnover,,,,,,,,,,,,,shot clock turnover,,,,,
DeMarre Carroll,Hasheem Thabeet,Marcus Williams,Sam Young,Steven Hunter,Eric Maynor,Kosta Koufos,Kyrylo Fesenko,Ronnie Brewer,Wes Matthews,4,0:00,UTA,turnover,,,,,,,,,,,,,shot clock turnover,,,,,
