a1,a2,a3,a4,a5,h1,h2,h3,h4,h5,period,time,team,etype,assist,away,block,entered,home,left,num,opponent,outof,player,points,possession,reason,result,steal,type,x,y
Al Thornton,Baron Davis,Chris Kaman,Marcus Camby,Rasual Butler,Darren Collison,David West,Devin Brown,Emeka Okafor,Peja Stojakovic,1,12:00,OFF,jump ball,,Marcus Camby,,,Emeka Okafor,,,,,,,Chris Kaman,,,,,,
Al Thornton,Baron Davis,Chris Kaman,Marcus Camby,Rasual Butler,Darren Collison,David West,Devin Brown,Emeka Okafor,Peja Stojakovic,1,11:47,LAC,turnover,,,,,,,,,,Marcus Camby,,,bad pass,,Darren Collison,,,
Al Thornton,Baron Davis,Chris Kaman,Marcus Camby,Rasual Butler,Darren Collison,David West,Devin Brown,Emeka Okafor,Peja Stojakovic,1,11:37,NOH,shot,,,,,,,,,,David West,,,,missed,,jump,11,13
Al Thornton,Baron Davis,Chris Kaman,Marcus Camby,Rasual Butler,Darren Collison,David West,Devin Brown,Emeka Okafor,Peja Stojakovic,1,11:35,LAC,rebound,,,,,,,,,,Rasual Butler,,,,,,def,,
Al Thornton,Baron Davis,Chris Kaman,Marcus Camby,Rasual Butler,Darren Collison,David West,Devin Brown,Emeka Okafor,Peja Stojakovic,1,11:23,LAC,shot,,,,,,,,,,Marcus Camby,,,,missed,,jump,30,25
Al Thornton,Baron Davis,Chris Kaman,Marcus Camby,Rasual Butler,Darren Collison,David West,Devin Brown,Emeka Okafor,Peja Stojakovic,1,11:22,LAC,rebound,,,,,,,,,,Rasual Butler,,,,,,off,,
Al Thornton,Baron Davis,Chris Kaman,Marcus Camby,Rasual Butler,Darren Collison,David West,Devin Brown,Emeka Okafor,Peja Stojakovic,1,11:18,LAC,shot,,,,,,,,,,Rasual Butler,,,,missed,,jump,16,17
Al Thornton,Baron Davis,Chris Kaman,Marcus Camby,Rasual Butler,Darren Collison,David West,Devin Brown,Emeka Okafor,Peja Stojakovic,1,11:17,NOH,rebound,,,,,,,,,,Peja Stojakovic,,,,,,def,,
Al Thornton,Baron Davis,Chris Kaman,Marcus Camby,Rasual Butler,Darren Collison,David West,Devin Brown,Emeka Okafor,Peja Stojakovic,1,11:03,NOH,shot,,,,,,,,,,Devin Brown,3,,,made,,3pt,32,31
Al Thornton,Baron Davis,Chris Kaman,Marcus Camby,Rasual Butler,Darren Collison,David West,Devin Brown,Emeka Okafor,Peja Stojakovic,1,10:48,LAC,shot,,,,,,,,,,Baron Davis,,,,missed,,3pt,38,29
Al Thornton,Baron Davis,Chris Kaman,Marcus Camby,Rasual Butler,Darren Collison,David West,Devin Brown,Emeka Okafor,Peja Stojakovic,1,10:47,NOH,rebound,,,,,,,,,,Peja Stojakovic,,,,,,def,,
Al Thornton,Baron Davis,Chris Kaman,Marcus Camby,Rasual Butler,Darren Collison,David West,Devin Brown,Emeka Okafor,Peja Stojakovic,1,10:35,NOH,shot,,,,,,,,,,Emeka Okafor,,,,missed,,hook,25,14
Al Thornton,Baron Davis,Chris Kaman,Marcus Camby,Rasual Butler,Darren Collison,David West,Devin Brown,Emeka Okafor,Peja Stojakovic,1,10:33,NOH,rebound,,,,,,,,,,David West,,,,,,off,,
Al Thornton,Baron Davis,Chris Kaman,Marcus Camby,Rasual Butler,Darren Collison,David West,Devin Brown,Emeka Okafor,Peja Stojakovic,1,10:32,NOH,shot,,,,,,,,,,David West,2,,,made,,layup,25,6
Al Thornton,Baron Davis,Chris Kaman,Marcus Camby,Rasual Butler,Darren Collison,David West,Devin Brown,Emeka Okafor,Peja Stojakovic,1,10:20,LAC,shot,,,Emeka Okafor,,,,,,,Marcus Camby,,,,missed,,layup,25,6
Al Thornton,Baron Davis,Chris Kaman,Marcus Camby,Rasual Butler,Darren Collison,David West,Devin Brown,Emeka Okafor,Peja Stojakovic,1,10:17,NOH,rebound,,,,,,,,,,Darren Collison,,,,,,def,,
Al Thornton,Baron Davis,Chris Kaman,Marcus Camby,Rasual Butler,Darren Collison,David West,Devin Brown,Emeka Okafor,Peja Stojakovic,1,10:15,NOH,turnover,,,,,,,,,,Devin Brown,,,out of bounds lost ball turnover,,,,,
Al Thornton,Baron Davis,Chris Kaman,Marcus Camby,Rasual Butler,Darren Collison,David West,Devin Brown,Emeka Okafor,Peja Stojakovic,1,10:04,LAC,turnover,,,,,,,,,,Baron Davis,,,bad pass,,David West,,,
Al Thornton,Baron Davis,Chris Kaman,Marcus Camby,Rasual Butler,Darren Collison,David West,Devin Brown,Emeka Okafor,Peja Stojakovic,1,9:59,NOH,shot,David West,,,,,,,,,Darren Collison,2,,,made,,layup,25,6
Al Thornton,Baron Davis,Chris Kaman,Marcus Camby,Rasual Butler,Darren Collison,David West,Devin Brown,Emeka Okafor,Peja Stojakovic,1,9:50,LAC,timeout,,,,,,,,,,,,,,,,regular,,
Al Thornton,Baron Davis,Chris Kaman,Marcus Camby,Rasual Butler,Darren Collison,David West,Devin Brown,Emeka Okafor,Peja Stojakovic,1,9:43,LAC,shot,Marcus Camby,,,,,,,,,Baron Davis,2,,,made,,jump,17,23
Al Thornton,Baron Davis,Chris Kaman,Marcus Camby,Rasual Butler,Darren Collison,David West,Devin Brown,Emeka Okafor,Peja Stojakovic,1,9:23,NOH,shot,Darren Collison,,,,,,,,,Peja Stojakovic,3,,,made,,3pt,27,32
Al Thornton,Baron Davis,Chris Kaman,Marcus Camby,Rasual Butler,Darren Collison,David West,Devin Brown,Emeka Okafor,Peja Stojakovic,1,9:04,LAC,shot,,,,,,,,,,Chris Kaman,2,,,made,,hook,15,8
Al Thornton,Baron Davis,Chris Kaman,Marcus Camby,Rasual Butler,Darren Collison,David West,Devin Brown,Emeka Okafor,Peja Stojakovic,1,8:46,NOH,shot,,,,,,,,,,Emeka Okafor,,,,missed,,fade away jumper,33,9
Al Thornton,Baron Davis,Chris Kaman,Marcus Camby,Rasual Butler,Darren Collison,David West,Devin Brown,Emeka Okafor,Peja Stojakovic,1,8:45,LAC,rebound,,,,,,,,,,Marcus Camby,,,,,,def,,
Al Thornton,Baron Davis,Chris Kaman,Marcus Camby,Rasual Butler,Darren Collison,David West,Devin Brown,Emeka Okafor,Peja Stojakovic,1,8:40,NOH,foul,,,,,,,,Baron Davis,,Devin Brown,,,,,,shooting,,
Al Thornton,Baron Davis,Chris Kaman,Marcus Camby,Rasual Butler,Darren Collison,David West,Devin Brown,Emeka Okafor,Peja Stojakovic,1,8:40,LAC,free throw,,,,,,,1,,2,Baron Davis,,,foul,made,,,,
Al Thornton,Baron Davis,Chris Kaman,Marcus Camby,Rasual Butler,Darren Collison,David West,Devin Brown,Emeka Okafor,Peja Stojakovic,1,8:40,LAC,free throw,,,,,,,2,,2,Baron Davis,,,foul,made,,,,
Al Thornton,Baron Davis,Chris Kaman,Marcus Camby,Rasual Butler,Darren Collison,David West,Devin Brown,Emeka Okafor,Peja Stojakovic,1,8:20,NOH,shot,,,Rasual Butler,,,,,,,Devin Brown,,,,missed,,layup,25,6
Al Thornton,Baron Davis,Chris Kaman,Marcus Camby,Rasual Butler,Darren Collison,David West,Devin Brown,Emeka Okafor,Peja Stojakovic,1,8:19,LAC,rebound,,,,,,,,,,Chris Kaman,,,,,,def,,
Al Thornton,Baron Davis,Chris Kaman,Marcus Camby,Rasual Butler,Darren Collison,David West,Devin Brown,Emeka Okafor,Peja Stojakovic,1,8:14,LAC,shot,Al Thornton,,,,,,,,,Rasual Butler,2,,,made,,layup,25,6
Al Thornton,Baron Davis,Chris Kaman,Marcus Camby,Rasual Butler,Darren Collison,David West,Devin Brown,Emeka Okafor,Peja Stojakovic,1,7:52,NOH,shot,,,,,,,,,,Peja Stojakovic,,,,missed,,jump,13,14
Al Thornton,Baron Davis,Chris Kaman,Marcus Camby,Rasual Butler,Darren Collison,David West,Devin Brown,Emeka Okafor,Peja Stojakovic,1,7:51,LAC,rebound,,,,,,,,,,Marcus Camby,,,,,,def,,
Al Thornton,Baron Davis,Chris Kaman,Marcus Camby,Rasual Butler,Darren Collison,David West,Devin Brown,Emeka Okafor,Peja Stojakovic,1,7:38,LAC,shot,,,,,,,,,,Al Thornton,2,,,made,,turnaround jump,12,11
Al Thornton,Baron Davis,Chris Kaman,Marcus Camby,Rasual Butler,Darren Collison,David West,Devin Brown,Emeka Okafor,Peja Stojakovic,1,7:28,NOH,shot,,,,,,,,,,Darren Collison,2,,,made,,jump,42,19
Al Thornton,Baron Davis,Chris Kaman,Marcus Camby,Rasual Butler,Darren Collison,David West,Devin Brown,Emeka Okafor,Peja Stojakovic,1,7:14,LAC,shot,Marcus Camby,,,,,,,,,Rasual Butler,2,,,made,,jump,41,9
Al Thornton,Baron Davis,Chris Kaman,Marcus Camby,Rasual Butler,Darren Collison,David West,Devin Brown,Emeka Okafor,Peja Stojakovic,1,6:55,NOH,turnover,,,,,,,,,,David West,,,bad pass,,Baron Davis,,,
Al Thornton,Baron Davis,Chris Kaman,Marcus Camby,Rasual Butler,Darren Collison,David West,Devin Brown,Emeka Okafor,Peja Stojakovic,1,6:49,LAC,shot,Marcus Camby,,,,,,,,,Baron Davis,2,,,made,,layup,25,6
Al Thornton,Baron Davis,Chris Kaman,Marcus Camby,Rasual Butler,Darren Collison,David West,Devin Brown,Emeka Okafor,Peja Stojakovic,1,6:32,NOH,shot,,,,,,,,,,Darren Collison,,,,missed,,jump,14,24
Al Thornton,Baron Davis,Chris Kaman,Marcus Camby,Rasual Butler,Darren Collison,David West,Devin Brown,Emeka Okafor,Peja Stojakovic,1,6:31,NOH,rebound,,,,,,,,,,Darren Collison,,,,,,off,,
Al Thornton,Baron Davis,Chris Kaman,Marcus Camby,Rasual Butler,Darren Collison,David West,Devin Brown,Emeka Okafor,Peja Stojakovic,1,6:29,NOH,shot,,,,,,,,,,Darren Collison,2,,,made,,jump,18,21
Al Thornton,Baron Davis,Chris Kaman,Marcus Camby,Rasual Butler,Darren Collison,David West,Devin Brown,Emeka Okafor,Peja Stojakovic,1,6:08,LAC,shot,,,,,,,,,,Chris Kaman,,,,missed,,jump,38,9
Al Thornton,Baron Davis,Chris Kaman,Marcus Camby,Rasual Butler,Darren Collison,David West,Devin Brown,Emeka Okafor,Peja Stojakovic,1,6:07,NOH,rebound,,,,,,,,,,Emeka Okafor,,,,,,def,,
Al Thornton,Baron Davis,Chris Kaman,Marcus Camby,Rasual Butler,Darren Collison,David West,Devin Brown,Emeka Okafor,Peja Stojakovic,1,5:57,NOH,shot,,,,,,,,,,Darren Collison,,,,missed,,layup,25,6
Al Thornton,Baron Davis,Chris Kaman,Marcus Camby,Rasual Butler,Darren Collison,David West,Devin Brown,Emeka Okafor,Peja Stojakovic,1,5:56,NOH,rebound,,,,,,,,,,Peja Stojakovic,,,,,,off,,
Al Thornton,Baron Davis,Chris Kaman,Marcus Camby,Rasual Butler,Darren Collison,David West,Devin Brown,Emeka Okafor,Peja Stojakovic,1,5:56,LAC,foul,,,,,,,,Peja Stojakovic,,Al Thornton,,,,,,loose ball,,
Al Thornton,Baron Davis,Chris Kaman,Marcus Camby,Rasual Butler,Darren Collison,David West,Devin Brown,Emeka Okafor,Peja Stojakovic,1,5:46,NOH,shot,Darren Collison,,,,,,,,,David West,2,,,made,,jump,10,10
Al Thornton,Baron Davis,Chris Kaman,Marcus Camby,Rasual Butler,David West,Devin Brown,Emeka Okafor,Marcus Thornton,Peja Stojakovic,1,5:31,NOH,sub,,,,Marcus Thornton,,Darren Collison,,,,,,,,,,,,
Al Thornton,Baron Davis,Chris Kaman,Marcus Camby,Rasual Butler,David West,Devin Brown,Emeka Okafor,Marcus Thornton,Peja Stojakovic,1,5:19,LAC,shot,,,,,,,,,,Chris Kaman,,,,missed,,jump,11,9
Al Thornton,Baron Davis,Chris Kaman,Marcus Camby,Rasual Butler,David West,Devin Brown,Emeka Okafor,Marcus Thornton,Peja Stojakovic,1,5:18,NOH,rebound,,,,,,,,,,Marcus Thornton,,,,,,def,,
Al Thornton,Baron Davis,Chris Kaman,Marcus Camby,Rasual Butler,David West,Devin Brown,Emeka Okafor,Marcus Thornton,Peja Stojakovic,1,5:08,NOH,shot,,,,,,,,,,Peja Stojakovic,,,,missed,,3pt,14,30
Al Thornton,Baron Davis,Chris Kaman,Marcus Camby,Rasual Butler,David West,Devin Brown,Emeka Okafor,Marcus Thornton,Peja Stojakovic,1,5:06,NOH,rebound,,,,,,,,,,Emeka Okafor,,,,,,off,,
Al Thornton,Baron Davis,Chris Kaman,Marcus Camby,Rasual Butler,David West,Devin Brown,Emeka Okafor,Marcus Thornton,Peja Stojakovic,1,4:58,LAC,foul,,,,,,,,Peja Stojakovic,,Baron Davis,,,,,,personal,,
Al Thornton,Baron Davis,Chris Kaman,Marcus Camby,Rasual Butler,David West,Devin Brown,Emeka Okafor,Marcus Thornton,Peja Stojakovic,1,4:58,LAC,foul,,,,,,,,Peja Stojakovic,,Baron Davis,,,,,,technical,,
Al Thornton,Baron Davis,Chris Kaman,Marcus Camby,Rasual Butler,David West,Devin Brown,Emeka Okafor,Marcus Thornton,Peja Stojakovic,1,4:58,NOH,free throw,,,,,,,1,,1,Peja Stojakovic,,,technical,made,,,,
Al Thornton,Baron Davis,Chris Kaman,Marcus Camby,Rasual Butler,David West,Devin Brown,Emeka Okafor,Marcus Thornton,Peja Stojakovic,1,4:51,NOH,turnover,,,,,,,,,,Devin Brown,,,out of bounds lost ball turnover,,,,,
Al Thornton,Baron Davis,Chris Kaman,Marcus Camby,Rasual Butler,David West,Devin Brown,Emeka Okafor,Marcus Thornton,Peja Stojakovic,1,4:36,LAC,shot,,,,,,,,,,Marcus Camby,,,,missed,,running jump,16,14
Al Thornton,Baron Davis,Chris Kaman,Marcus Camby,Rasual Butler,David West,Devin Brown,Emeka Okafor,Marcus Thornton,Peja Stojakovic,1,4:35,NOH,rebound,,,,,,,,,,David West,,,,,,def,,
Al Thornton,Baron Davis,Chris Kaman,Marcus Camby,Rasual Butler,David West,Devin Brown,Emeka Okafor,Marcus Thornton,Peja Stojakovic,1,4:29,NOH,shot,,,,,,,,,,Devin Brown,,,,missed,,layup,25,6
Al Thornton,Baron Davis,Chris Kaman,Marcus Camby,Rasual Butler,David West,Devin Brown,Emeka Okafor,Marcus Thornton,Peja Stojakovic,1,4:26,NOH,rebound,,,,,,,,,,David West,,,,,,off,,
Al Thornton,Baron Davis,Chris Kaman,Marcus Camby,Rasual Butler,David West,Devin Brown,Emeka Okafor,Marcus Thornton,Peja Stojakovic,1,4:25,LAC,foul,,,,,,,,David West,,Al Thornton,,,,,,shooting,,
Al Thornton,Baron Davis,Chris Kaman,Marcus Camby,Rasual Butler,David West,Devin Brown,Emeka Okafor,Marcus Thornton,Peja Stojakovic,1,4:25,NOH,free throw,,,,,,,1,,2,David West,,,foul,made,,,,
Baron Davis,Chris Kaman,Kareem Rush,Marcus Camby,Rasual Butler,David West,Devin Brown,Emeka Okafor,Marcus Thornton,Peja Stojakovic,1,4:25,LAC,sub,,,,Kareem Rush,,Al Thornton,,,,,,,,,,,,
Baron Davis,Chris Kaman,Kareem Rush,Marcus Camby,Rasual Butler,David West,Devin Brown,Emeka Okafor,Marcus Thornton,Peja Stojakovic,1,4:25,NOH,free throw,,,,,,,2,,2,David West,,,foul,made,,,,
Baron Davis,Chris Kaman,Kareem Rush,Marcus Camby,Rasual Butler,David West,Devin Brown,Emeka Okafor,Marcus Thornton,Peja Stojakovic,1,4:12,LAC,turnover,,,,,,,,,,Chris Kaman,,,bad pass,,Peja Stojakovic,,,
Baron Davis,Chris Kaman,Kareem Rush,Marcus Camby,Rasual Butler,David West,Devin Brown,Emeka Okafor,Marcus Thornton,Peja Stojakovic,1,4:07,NOH,foul,,,,,,,,Chris Kaman,,Emeka Okafor,,,,,,offensive,,
Baron Davis,Chris Kaman,Kareem Rush,Marcus Camby,Rasual Butler,David West,Devin Brown,Emeka Okafor,Marcus Thornton,Peja Stojakovic,1,4:07,NOH,turnover,,,,,,,,,,Emeka Okafor,,,foul,,,,,
Baron Davis,Chris Kaman,Kareem Rush,Marcus Camby,Rasual Butler,David West,Devin Brown,Emeka Okafor,Marcus Thornton,Peja Stojakovic,1,3:53,LAC,shot,,,,,,,,,,Chris Kaman,,,,missed,,jump,12,10
Baron Davis,Chris Kaman,Kareem Rush,Marcus Camby,Rasual Butler,David West,Devin Brown,Emeka Okafor,Marcus Thornton,Peja Stojakovic,1,3:52,NOH,rebound,,,,,,,,,,David West,,,,,,def,,
Baron Davis,Chris Kaman,Kareem Rush,Marcus Camby,Rasual Butler,David West,Devin Brown,Emeka Okafor,Marcus Thornton,Peja Stojakovic,1,3:43,NOH,turnover,,,,,,,,,,David West,,,bad pass,,,,,
Baron Davis,Chris Kaman,Kareem Rush,Marcus Camby,Rasual Butler,David West,Devin Brown,Emeka Okafor,Marcus Thornton,Peja Stojakovic,1,3:35,LAC,shot,,,,,,,,,,Baron Davis,,,,missed,,layup,25,6
Baron Davis,Chris Kaman,Kareem Rush,Marcus Camby,Rasual Butler,David West,Devin Brown,Emeka Okafor,Marcus Thornton,Peja Stojakovic,1,3:33,LAC,rebound,,,,,,,,,,Chris Kaman,,,,,,off,,
Baron Davis,Chris Kaman,Kareem Rush,Marcus Camby,Rasual Butler,David West,Devin Brown,Emeka Okafor,Marcus Thornton,Peja Stojakovic,1,3:31,LAC,shot,,,,,,,,,,Chris Kaman,2,,,made,,layup,25,6
Baron Davis,Chris Kaman,Kareem Rush,Marcus Camby,Rasual Butler,David West,Devin Brown,Emeka Okafor,Marcus Thornton,Peja Stojakovic,1,3:10,NOH,shot,,,,,,,,,,Devin Brown,,,,missed,,3pt,37,28
Baron Davis,Chris Kaman,Kareem Rush,Marcus Camby,Rasual Butler,David West,Devin Brown,Emeka Okafor,Marcus Thornton,Peja Stojakovic,1,3:09,NOH,rebound,,,,,,,,,,Emeka Okafor,,,,,,off,,
Chris Kaman,Kareem Rush,Marcus Camby,Rasual Butler,Sebastian Telfair,David West,Devin Brown,Emeka Okafor,Marcus Thornton,Peja Stojakovic,1,3:05,LAC,sub,,,,Sebastian Telfair,,Baron Davis,,,,,,,,,,,,
Chris Kaman,Kareem Rush,Marcus Camby,Rasual Butler,Sebastian Telfair,Bobby Brown,David West,Emeka Okafor,Marcus Thornton,Peja Stojakovic,1,3:05,NOH,sub,,,,Bobby Brown,,Devin Brown,,,,,,,,,,,,
Chris Kaman,Kareem Rush,Marcus Camby,Rasual Butler,Sebastian Telfair,Bobby Brown,David West,Emeka Okafor,Marcus Thornton,Peja Stojakovic,1,2:49,NOH,shot,Bobby Brown,,,,,,,,,Marcus Thornton,2,,,made,,jump,44,18
Chris Kaman,Kareem Rush,Marcus Camby,Rasual Butler,Sebastian Telfair,Bobby Brown,David West,Emeka Okafor,Marcus Thornton,Peja Stojakovic,1,2:31,NOH,foul,,,,,,,,Kareem Rush,,Marcus Thornton,,,,,,shooting,,
Chris Kaman,Kareem Rush,Marcus Camby,Rasual Butler,Sebastian Telfair,Bobby Brown,David West,Emeka Okafor,Marcus Thornton,Peja Stojakovic,1,2:31,NOH,timeout,,,,,,,,,,,,,,,,regular,,
Chris Kaman,Marcus Camby,Rasual Butler,Ricky Davis,Sebastian Telfair,Bobby Brown,David West,Emeka Okafor,Marcus Thornton,Peja Stojakovic,1,2:31,LAC,sub,,,,Ricky Davis,,Kareem Rush,,,,,,,,,,,,
Chris Kaman,Marcus Camby,Rasual Butler,Ricky Davis,Sebastian Telfair,Bobby Brown,David West,Emeka Okafor,James Posey,Marcus Thornton,1,2:31,NOH,sub,,,,James Posey,,Peja Stojakovic,,,,,,,,,,,,
Chris Kaman,DeAndre Jordan,Rasual Butler,Ricky Davis,Sebastian Telfair,Bobby Brown,David West,Emeka Okafor,James Posey,Marcus Thornton,1,2:31,LAC,sub,,,,DeAndre Jordan,,Marcus Camby,,,,,,,,,,,,
Chris Kaman,DeAndre Jordan,Rasual Butler,Ricky Davis,Sebastian Telfair,Bobby Brown,David West,Emeka Okafor,James Posey,Marcus Thornton,1,2:31,LAC,free throw,,,,,,,1,,2,DeAndre Jordan,,,foul,made,,,,
Chris Kaman,DeAndre Jordan,Rasual Butler,Ricky Davis,Sebastian Telfair,Bobby Brown,David West,Emeka Okafor,James Posey,Marcus Thornton,1,2:31,LAC,free throw,,,,,,,2,,2,DeAndre Jordan,,,foul,made,,,,
Chris Kaman,DeAndre Jordan,Rasual Butler,Ricky Davis,Sebastian Telfair,Bobby Brown,David West,Emeka Okafor,James Posey,Marcus Thornton,1,2:16,NOH,shot,Bobby Brown,,,,,,,,,David West,2,,,made,,jump,28,23
Chris Kaman,DeAndre Jordan,Rasual Butler,Ricky Davis,Sebastian Telfair,Bobby Brown,David West,Emeka Okafor,James Posey,Marcus Thornton,1,2:03,LAC,foul,,,,,,,,Emeka Okafor,,DeAndre Jordan,,,,,,offensive,,
Chris Kaman,DeAndre Jordan,Rasual Butler,Ricky Davis,Sebastian Telfair,Bobby Brown,David West,Emeka Okafor,James Posey,Marcus Thornton,1,2:03,LAC,turnover,,,,,,,,,,DeAndre Jordan,,,foul,,,,,
Chris Kaman,DeAndre Jordan,Rasual Butler,Ricky Davis,Sebastian Telfair,Bobby Brown,David West,Emeka Okafor,James Posey,Marcus Thornton,1,1:55,NOH,shot,,,,,,,,,,Bobby Brown,2,,,made,,jump,26,23
Chris Kaman,DeAndre Jordan,Rasual Butler,Ricky Davis,Sebastian Telfair,Bobby Brown,David West,Emeka Okafor,James Posey,Marcus Thornton,1,1:38,LAC,shot,Sebastian Telfair,,,,,,,,,DeAndre Jordan,2,,,made,,dunk,25,6
Chris Kaman,DeAndre Jordan,Rasual Butler,Ricky Davis,Sebastian Telfair,Bobby Brown,David West,Emeka Okafor,James Posey,Marcus Thornton,1,1:25,LAC,foul,,,,,,,,David West,,DeAndre Jordan,,,,,,personal,,
Chris Kaman,DeAndre Jordan,Rasual Butler,Ricky Davis,Sebastian Telfair,Bobby Brown,David West,Emeka Okafor,James Posey,Marcus Thornton,1,1:17,NOH,shot,David West,,,,,,,,,Emeka Okafor,2,,,made,,layup,25,6
Chris Kaman,DeAndre Jordan,Rasual Butler,Ricky Davis,Sebastian Telfair,Bobby Brown,David West,Emeka Okafor,James Posey,Marcus Thornton,1,1:03,LAC,shot,,,,,,,,,,Chris Kaman,,,,missed,,jump,25,24
Chris Kaman,DeAndre Jordan,Rasual Butler,Ricky Davis,Sebastian Telfair,Bobby Brown,David West,Emeka Okafor,James Posey,Marcus Thornton,1,1:02,LAC,rebound,,,,,,,,,,,,,,,,,,
Chris Kaman,DeAndre Jordan,Rasual Butler,Ricky Davis,Sebastian Telfair,Bobby Brown,David West,Emeka Okafor,James Posey,Marcus Thornton,1,1:00,LAC,shot,,,,,,,,,,Ricky Davis,,,,missed,,jump,41,12
Chris Kaman,DeAndre Jordan,Rasual Butler,Ricky Davis,Sebastian Telfair,Bobby Brown,David West,Emeka Okafor,James Posey,Marcus Thornton,1,0:59,NOH,rebound,,,,,,,,,,Emeka Okafor,,,,,,def,,
Chris Kaman,DeAndre Jordan,Rasual Butler,Ricky Davis,Sebastian Telfair,Bobby Brown,David West,Emeka Okafor,James Posey,Marcus Thornton,1,0:43,NOH,shot,,,,,,,,,,Emeka Okafor,,,,missed,,hook,24,12
Chris Kaman,DeAndre Jordan,Rasual Butler,Ricky Davis,Sebastian Telfair,Bobby Brown,David West,Emeka Okafor,James Posey,Marcus Thornton,1,0:41,LAC,rebound,,,,,,,,,,Rasual Butler,,,,,,def,,
Chris Kaman,DeAndre Jordan,Rasual Butler,Ricky Davis,Sebastian Telfair,Bobby Brown,David West,Emeka Okafor,James Posey,Marcus Thornton,1,0:37,LAC,turnover,,,,,,,,,,Ricky Davis,,,bad pass,,Bobby Brown,,,
Chris Kaman,DeAndre Jordan,Rasual Butler,Ricky Davis,Sebastian Telfair,Bobby Brown,David West,Emeka Okafor,James Posey,Marcus Thornton,1,0:32,LAC,foul,,,,,,,,Bobby Brown,,Sebastian Telfair,,,,,,shooting,,
Chris Kaman,DeAndre Jordan,Rasual Butler,Ricky Davis,Sebastian Telfair,Bobby Brown,David West,Emeka Okafor,James Posey,Marcus Thornton,1,0:32,NOH,free throw,,,,,,,1,,2,Bobby Brown,,,foul,made,,,,
Chris Kaman,DeAndre Jordan,Ricky Davis,Sebastian Telfair,Steve Novak,Bobby Brown,David West,Emeka Okafor,James Posey,Marcus Thornton,1,0:32,LAC,sub,,,,Steve Novak,,Rasual Butler,,,,,,,,,,,,
Chris Kaman,DeAndre Jordan,Ricky Davis,Sebastian Telfair,Steve Novak,Bobby Brown,David West,Emeka Okafor,James Posey,Marcus Thornton,1,0:32,NOH,free throw,,,,,,,2,,2,Bobby Brown,,,foul,made,,,,
Chris Kaman,DeAndre Jordan,Ricky Davis,Sebastian Telfair,Steve Novak,Bobby Brown,David West,Emeka Okafor,James Posey,Marcus Thornton,1,0:20,LAC,shot,Ricky Davis,,,,,,,,,Steve Novak,2,,,made,,jump,43,11
Chris Kaman,DeAndre Jordan,Ricky Davis,Sebastian Telfair,Steve Novak,Bobby Brown,David West,Emeka Okafor,James Posey,Marcus Thornton,1,0:02,NOH,shot,,,,,,,,,,Bobby Brown,,,,missed,,3pt,2,7
Chris Kaman,DeAndre Jordan,Ricky Davis,Sebastian Telfair,Steve Novak,Bobby Brown,David West,Emeka Okafor,James Posey,Marcus Thornton,1,0:01,LAC,rebound,,,,,,,,,,Sebastian Telfair,,,,,,def,,
Chris Kaman,DeAndre Jordan,Ricky Davis,Sebastian Telfair,Steve Novak,Bobby Brown,David West,Emeka Okafor,James Posey,Marcus Thornton,1,0:00,NOH,foul,,,,,,,,Sebastian Telfair,,David West,,,,,,personal,,
Chris Kaman,DeAndre Jordan,Ricky Davis,Sebastian Telfair,Steve Novak,Bobby Brown,David West,Emeka Okafor,James Posey,Marcus Thornton,1,0:00,LAC,turnover,,,,,,,,,,DeAndre Jordan,,,bad pass,,James Posey,,,
Craig Smith,DeAndre Jordan,Ricky Davis,Sebastian Telfair,Steve Novak,Bobby Brown,Darius Songaila,James Posey,Julian Wright,Marcus Thornton,2,11:36,NOH,shot,Marcus Thornton,,,,,,,,,James Posey,2,,,made,,fade away jumper,22,16
Craig Smith,DeAndre Jordan,Ricky Davis,Sebastian Telfair,Steve Novak,Bobby Brown,Darius Songaila,James Posey,Julian Wright,Marcus Thornton,2,11:20,NOH,foul,,,,,,,,DeAndre Jordan,,Julian Wright,,,,,,personal,,
Craig Smith,DeAndre Jordan,Ricky Davis,Sebastian Telfair,Steve Novak,Bobby Brown,Darius Songaila,James Posey,Julian Wright,Marcus Thornton,2,11:04,LAC,shot,Steve Novak,,,,,,,,,Craig Smith,2,,,made,,driving layup,25,6
Craig Smith,DeAndre Jordan,Ricky Davis,Sebastian Telfair,Steve Novak,Bobby Brown,Darius Songaila,James Posey,Julian Wright,Marcus Thornton,2,10:50,LAC,foul,,,,,,,,Marcus Thornton,,DeAndre Jordan,,,,,,shooting,,
Craig Smith,DeAndre Jordan,Ricky Davis,Sebastian Telfair,Steve Novak,Bobby Brown,Darius Songaila,James Posey,Julian Wright,Marcus Thornton,2,10:50,NOH,free throw,,,,,,,1,,2,Marcus Thornton,,,foul,made,,,,
Al Thornton,Craig Smith,Ricky Davis,Sebastian Telfair,Steve Novak,Bobby Brown,Darius Songaila,James Posey,Julian Wright,Marcus Thornton,2,10:50,LAC,sub,,,,Al Thornton,,DeAndre Jordan,,,,,,,,,,,,
Al Thornton,Craig Smith,Ricky Davis,Sebastian Telfair,Steve Novak,Bobby Brown,Darius Songaila,James Posey,Julian Wright,Marcus Thornton,2,10:50,NOH,free throw,,,,,,,2,,2,Marcus Thornton,,,foul,made,,,,
Al Thornton,Craig Smith,Ricky Davis,Sebastian Telfair,Steve Novak,Bobby Brown,Darius Songaila,James Posey,Julian Wright,Marcus Thornton,2,10:37,LAC,shot,,,,,,,,,,Al Thornton,,,,missed,,jump,10,22
Al Thornton,Craig Smith,Ricky Davis,Sebastian Telfair,Steve Novak,Bobby Brown,Darius Songaila,James Posey,Julian Wright,Marcus Thornton,2,10:34,NOH,rebound,,,,,,,,,,Bobby Brown,,,,,,def,,
Al Thornton,Craig Smith,Ricky Davis,Sebastian Telfair,Steve Novak,Bobby Brown,Darius Songaila,James Posey,Julian Wright,Marcus Thornton,2,10:20,LAC,foul,,,,,,,,Julian Wright,,Craig Smith,,,,,,shooting,,
Al Thornton,Craig Smith,Ricky Davis,Sebastian Telfair,Steve Novak,Bobby Brown,Darius Songaila,James Posey,Julian Wright,Marcus Thornton,2,10:20,NOH,free throw,,,,,,,1,,2,Julian Wright,,,foul,made,,,,
Al Thornton,Baron Davis,Craig Smith,Ricky Davis,Steve Novak,Bobby Brown,Darius Songaila,James Posey,Julian Wright,Marcus Thornton,2,10:20,LAC,sub,,,,Baron Davis,,Sebastian Telfair,,,,,,,,,,,,
Al Thornton,Baron Davis,Craig Smith,Ricky Davis,Steve Novak,Bobby Brown,Darius Songaila,James Posey,Julian Wright,Marcus Thornton,2,10:20,NOH,free throw,,,,,,,2,,2,Julian Wright,,,foul,made,,,,
Al Thornton,Baron Davis,Craig Smith,Ricky Davis,Steve Novak,Bobby Brown,Darius Songaila,James Posey,Julian Wright,Marcus Thornton,2,10:00,NOH,foul,,,,,,,,Al Thornton,,James Posey,,,,,,loose ball,,
Al Thornton,Baron Davis,Craig Smith,Ricky Davis,Steve Novak,Bobby Brown,Darius Songaila,James Posey,Julian Wright,Marcus Thornton,2,9:55,LAC,turnover,,,,,,,,,,Ricky Davis,,,bad pass,,Darius Songaila,,,
Al Thornton,Baron Davis,Craig Smith,Ricky Davis,Steve Novak,Bobby Brown,Darius Songaila,James Posey,Julian Wright,Marcus Thornton,2,9:50,NOH,shot,,,,,,,,,,Marcus Thornton,,,,missed,,3pt,11,27
Al Thornton,Baron Davis,Craig Smith,Ricky Davis,Steve Novak,Bobby Brown,Darius Songaila,James Posey,Julian Wright,Marcus Thornton,2,9:48,LAC,rebound,,,,,,,,,,Baron Davis,,,,,,def,,
Al Thornton,Baron Davis,Craig Smith,Ricky Davis,Steve Novak,Bobby Brown,Darius Songaila,James Posey,Julian Wright,Marcus Thornton,2,9:39,LAC,shot,Baron Davis,,,,,,,,,Steve Novak,2,,,made,,jump,41,20
Al Thornton,Baron Davis,Craig Smith,Ricky Davis,Steve Novak,Bobby Brown,Darius Songaila,James Posey,Julian Wright,Marcus Thornton,2,9:24,NOH,shot,,,,,,,,,,Julian Wright,,,,missed,,jump,40,19
Al Thornton,Baron Davis,Craig Smith,Ricky Davis,Steve Novak,Bobby Brown,Darius Songaila,James Posey,Julian Wright,Marcus Thornton,2,9:22,LAC,rebound,,,,,,,,,,Ricky Davis,,,,,,def,,
Al Thornton,Baron Davis,Craig Smith,Ricky Davis,Steve Novak,Bobby Brown,Darius Songaila,James Posey,Julian Wright,Marcus Thornton,2,9:18,LAC,shot,Ricky Davis,,,,,,,,,Al Thornton,2,,,made,,layup,25,6
Al Thornton,Baron Davis,Craig Smith,Ricky Davis,Steve Novak,Bobby Brown,Darius Songaila,James Posey,Julian Wright,Marcus Thornton,2,8:55,NOH,shot,James Posey,,,,,,,,,Bobby Brown,3,,,made,,3pt,38,30
Al Thornton,Baron Davis,Craig Smith,Ricky Davis,Steve Novak,Bobby Brown,Darius Songaila,James Posey,Julian Wright,Marcus Thornton,2,8:39,NOH,foul,,,,,,,,Al Thornton,,Bobby Brown,,,,,,personal,,
Al Thornton,Baron Davis,Craig Smith,Ricky Davis,Steve Novak,Bobby Brown,Darius Songaila,James Posey,Julian Wright,Marcus Thornton,2,8:39,LAC,timeout,,,,,,,,,,,,,,,,official,,
Al Thornton,Baron Davis,Craig Smith,Ricky Davis,Steve Novak,Bobby Brown,Darius Songaila,James Posey,Julian Wright,Marcus Thornton,2,8:29,LAC,shot,,,,,,,,,,Al Thornton,2,,,made,,step back jump,42,8
Al Thornton,Baron Davis,Craig Smith,Ricky Davis,Steve Novak,Bobby Brown,Darius Songaila,James Posey,Julian Wright,Marcus Thornton,2,8:17,NOH,turnover,,,,,,,,,,Julian Wright,,,traveling,,,,,
Al Thornton,Baron Davis,Craig Smith,Ricky Davis,Steve Novak,Bobby Brown,Darius Songaila,James Posey,Julian Wright,Marcus Thornton,2,8:10,LAC,shot,,,,,,,,,,Baron Davis,,,,missed,,layup,25,6
Al Thornton,Baron Davis,Craig Smith,Ricky Davis,Steve Novak,Bobby Brown,Darius Songaila,James Posey,Julian Wright,Marcus Thornton,2,8:09,NOH,rebound,,,,,,,,,,Darius Songaila,,,,,,def,,
Al Thornton,Baron Davis,Craig Smith,Ricky Davis,Steve Novak,Bobby Brown,Darius Songaila,James Posey,Julian Wright,Marcus Thornton,2,8:05,LAC,foul,,,,,,,,Bobby Brown,,Ricky Davis,,,,,,personal,,
Al Thornton,Baron Davis,Craig Smith,Ricky Davis,Steve Novak,Bobby Brown,Darius Songaila,James Posey,Julian Wright,Marcus Thornton,2,7:56,NOH,shot,,,,,,,,,,Bobby Brown,2,,,made,,jump,37,24
Al Thornton,Baron Davis,Craig Smith,Ricky Davis,Steve Novak,Bobby Brown,Darius Songaila,James Posey,Julian Wright,Marcus Thornton,2,7:37,LAC,turnover,,,,,,,,,,Al Thornton,,,bad pass,,Darius Songaila,,,
Al Thornton,Baron Davis,Craig Smith,Ricky Davis,Steve Novak,Bobby Brown,Darius Songaila,James Posey,Julian Wright,Marcus Thornton,2,7:33,NOH,shot,,,,,,,,,,Marcus Thornton,,,,missed,,layup,25,6
Al Thornton,Baron Davis,Craig Smith,Ricky Davis,Steve Novak,Bobby Brown,Darius Songaila,James Posey,Julian Wright,Marcus Thornton,2,7:32,NOH,rebound,,,,,,,,,,Julian Wright,,,,,,off,,
Al Thornton,Baron Davis,Craig Smith,Ricky Davis,Steve Novak,Bobby Brown,Darius Songaila,James Posey,Julian Wright,Marcus Thornton,2,7:32,NOH,shot,,,,,,,,,,Julian Wright,,,,missed,,putback layup,25,6
Al Thornton,Baron Davis,Craig Smith,Ricky Davis,Steve Novak,Bobby Brown,Darius Songaila,James Posey,Julian Wright,Marcus Thornton,2,7:31,NOH,rebound,,,,,,,,,,Darius Songaila,,,,,,off,,
Al Thornton,Baron Davis,Craig Smith,Ricky Davis,Steve Novak,Bobby Brown,Darius Songaila,James Posey,Julian Wright,Marcus Thornton,2,7:31,NOH,shot,,,,,,,,,,Darius Songaila,2,,,made,,tip,25,6
Al Thornton,Baron Davis,Craig Smith,Ricky Davis,Steve Novak,Bobby Brown,Darius Songaila,James Posey,Julian Wright,Marcus Thornton,2,7:14,LAC,shot,,,,,,,,,,Baron Davis,,,,missed,,jump,13,11
Al Thornton,Baron Davis,Craig Smith,Ricky Davis,Steve Novak,Bobby Brown,Darius Songaila,James Posey,Julian Wright,Marcus Thornton,2,7:13,LAC,rebound,,,,,,,,,,Craig Smith,,,,,,off,,
Al Thornton,Baron Davis,Craig Smith,Ricky Davis,Steve Novak,Bobby Brown,Darius Songaila,James Posey,Julian Wright,Marcus Thornton,2,7:13,NOH,foul,,,,,,,,Craig Smith,,Darius Songaila,,,,,,shooting,,
Al Thornton,Baron Davis,Chris Kaman,Craig Smith,Ricky Davis,Bobby Brown,Darius Songaila,James Posey,Julian Wright,Marcus Thornton,2,7:13,LAC,sub,,,,Chris Kaman,,Steve Novak,,,,,,,,,,,,
Al Thornton,Baron Davis,Chris Kaman,Craig Smith,Ricky Davis,Bobby Brown,Darius Songaila,James Posey,Marcus Thornton,Peja Stojakovic,2,7:13,NOH,sub,,,,Peja Stojakovic,,Julian Wright,,,,,,,,,,,,
Al Thornton,Baron Davis,Chris Kaman,Craig Smith,Ricky Davis,Bobby Brown,Darius Songaila,James Posey,Marcus Thornton,Peja Stojakovic,2,7:13,LAC,free throw,,,,,,,1,,2,Craig Smith,,,foul,missed,,,,
Al Thornton,Baron Davis,Chris Kaman,Craig Smith,Ricky Davis,Bobby Brown,Darius Songaila,James Posey,Marcus Thornton,Peja Stojakovic,2,7:13,LAC,rebound,,,,,,,,,,,,,,,,,,
Al Thornton,Baron Davis,Chris Kaman,Craig Smith,Ricky Davis,Bobby Brown,Darius Songaila,James Posey,Marcus Thornton,Peja Stojakovic,2,7:13,LAC,free throw,,,,,,,2,,2,Craig Smith,,,foul,missed,,,,
Al Thornton,Baron Davis,Chris Kaman,Craig Smith,Ricky Davis,Bobby Brown,Darius Songaila,James Posey,Marcus Thornton,Peja Stojakovic,2,7:11,LAC,rebound,,,,,,,,,,Chris Kaman,,,,,,off,,
Al Thornton,Baron Davis,Chris Kaman,Craig Smith,Ricky Davis,Bobby Brown,Darius Songaila,James Posey,Marcus Thornton,Peja Stojakovic,2,7:08,LAC,shot,,,,,,,,,,Chris Kaman,,,,missed,,jump,23,16
Al Thornton,Baron Davis,Chris Kaman,Craig Smith,Ricky Davis,Bobby Brown,Darius Songaila,James Posey,Marcus Thornton,Peja Stojakovic,2,7:07,LAC,rebound,,,,,,,,,,Al Thornton,,,,,,off,,
Al Thornton,Baron Davis,Chris Kaman,Craig Smith,Ricky Davis,Bobby Brown,Darius Songaila,James Posey,Marcus Thornton,Peja Stojakovic,2,7:05,LAC,shot,,,,,,,,,,Al Thornton,2,,,made,,layup,25,6
Al Thornton,Baron Davis,Chris Kaman,Craig Smith,Ricky Davis,Bobby Brown,Darius Songaila,James Posey,Marcus Thornton,Peja Stojakovic,2,6:50,NOH,shot,,,,,,,,,,Darius Songaila,2,,,made,,jump,12,10
Al Thornton,Baron Davis,Chris Kaman,Craig Smith,Ricky Davis,Bobby Brown,Darius Songaila,James Posey,Marcus Thornton,Peja Stojakovic,2,6:38,LAC,shot,,,,,,,,,,Al Thornton,,,,missed,,jump,46,15
Al Thornton,Baron Davis,Chris Kaman,Craig Smith,Ricky Davis,Bobby Brown,Darius Songaila,James Posey,Marcus Thornton,Peja Stojakovic,2,6:37,NOH,rebound,,,,,,,,,,Marcus Thornton,,,,,,def,,
Al Thornton,Baron Davis,Chris Kaman,Craig Smith,Ricky Davis,Bobby Brown,Darius Songaila,James Posey,Marcus Thornton,Peja Stojakovic,2,6:34,LAC,foul,,,,,,,,Peja Stojakovic,,Ricky Davis,,,,,,shooting,,
Al Thornton,Baron Davis,Chris Kaman,Craig Smith,Ricky Davis,Bobby Brown,Darius Songaila,James Posey,Marcus Thornton,Peja Stojakovic,2,6:34,NOH,free throw,,,,,,,1,,2,Peja Stojakovic,,,foul,missed,,,,
Al Thornton,Baron Davis,Chris Kaman,Craig Smith,Ricky Davis,Bobby Brown,Darius Songaila,James Posey,Marcus Thornton,Peja Stojakovic,2,6:34,NOH,rebound,,,,,,,,,,,,,,,,,,
Al Thornton,Baron Davis,Chris Kaman,Craig Smith,Ricky Davis,Bobby Brown,Darius Songaila,Emeka Okafor,James Posey,Peja Stojakovic,2,6:34,NOH,sub,,,,Emeka Okafor,,Marcus Thornton,,,,,,,,,,,,
Al Thornton,Baron Davis,Chris Kaman,Craig Smith,Ricky Davis,Bobby Brown,Darius Songaila,Emeka Okafor,James Posey,Peja Stojakovic,2,6:34,NOH,free throw,,,,,,,2,,2,Peja Stojakovic,,,foul,made,,,,
Al Thornton,Baron Davis,Chris Kaman,Craig Smith,Ricky Davis,Bobby Brown,Darius Songaila,Emeka Okafor,James Posey,Peja Stojakovic,2,6:18,LAC,shot,Craig Smith,,,,,,,,,Chris Kaman,2,,,made,,jump,24,14
Al Thornton,Baron Davis,Chris Kaman,Craig Smith,Ricky Davis,Bobby Brown,Darius Songaila,Emeka Okafor,James Posey,Peja Stojakovic,2,6:08,NOH,shot,,,,,,,,,,Bobby Brown,3,,,made,,3pt,32,30
Al Thornton,Baron Davis,Chris Kaman,Craig Smith,Ricky Davis,Bobby Brown,Darius Songaila,Emeka Okafor,James Posey,Peja Stojakovic,2,5:50,LAC,shot,,,,,,,,,,Chris Kaman,,,,missed,,layup,25,6
Al Thornton,Baron Davis,Chris Kaman,Craig Smith,Ricky Davis,Bobby Brown,Darius Songaila,Emeka Okafor,James Posey,Peja Stojakovic,2,5:49,NOH,rebound,,,,,,,,,,Emeka Okafor,,,,,,def,,
Al Thornton,Baron Davis,Chris Kaman,Craig Smith,Ricky Davis,Bobby Brown,Darius Songaila,Emeka Okafor,James Posey,Peja Stojakovic,2,5:45,NOH,turnover,,,,,,,,,,Bobby Brown,,,bad pass,,,,,
Al Thornton,Baron Davis,Chris Kaman,Craig Smith,Ricky Davis,Bobby Brown,Darius Songaila,Emeka Okafor,James Posey,Peja Stojakovic,2,5:45,NOH,timeout,,,,,,,,,,,,,,,,regular,,
Al Thornton,Baron Davis,Chris Kaman,Craig Smith,Marcus Camby,Bobby Brown,Darius Songaila,Emeka Okafor,James Posey,Peja Stojakovic,2,5:45,LAC,sub,,,,Marcus Camby,,Ricky Davis,,,,,,,,,,,,
Al Thornton,Baron Davis,Chris Kaman,Marcus Camby,Rasual Butler,Bobby Brown,Darius Songaila,Emeka Okafor,James Posey,Peja Stojakovic,2,5:45,LAC,sub,,,,Rasual Butler,,Craig Smith,,,,,,,,,,,,
Al Thornton,Baron Davis,Chris Kaman,Marcus Camby,Rasual Butler,Bobby Brown,David West,Emeka Okafor,James Posey,Peja Stojakovic,2,5:45,NOH,sub,,,,David West,,Darius Songaila,,,,,,,,,,,,
Al Thornton,Baron Davis,Chris Kaman,Marcus Camby,Rasual Butler,Bobby Brown,David West,Emeka Okafor,James Posey,Peja Stojakovic,2,5:34,NOH,foul,,,,,,,,Al Thornton,,Peja Stojakovic,,,,,,personal,,
Al Thornton,Baron Davis,Chris Kaman,Marcus Camby,Rasual Butler,Bobby Brown,David West,Emeka Okafor,James Posey,Peja Stojakovic,2,5:34,LAC,free throw,,,,,,,1,,2,Al Thornton,,,foul,made,,,,
Al Thornton,Baron Davis,Chris Kaman,Marcus Camby,Rasual Butler,Bobby Brown,David West,Emeka Okafor,James Posey,Peja Stojakovic,2,5:34,LAC,free throw,,,,,,,2,,2,Al Thornton,,,foul,made,,,,
Al Thornton,Baron Davis,Chris Kaman,Marcus Camby,Rasual Butler,Bobby Brown,David West,Emeka Okafor,James Posey,Peja Stojakovic,2,5:22,NOH,shot,,,,,,,,,,Peja Stojakovic,,,,missed,,3pt,36,30
Al Thornton,Baron Davis,Chris Kaman,Marcus Camby,Rasual Butler,Bobby Brown,David West,Emeka Okafor,James Posey,Peja Stojakovic,2,5:21,LAC,rebound,,,,,,,,,,Chris Kaman,,,,,,def,,
Al Thornton,Baron Davis,Chris Kaman,Marcus Camby,Rasual Butler,Bobby Brown,David West,Emeka Okafor,James Posey,Peja Stojakovic,2,5:09,LAC,shot,Rasual Butler,,,,,,,,,Chris Kaman,2,,,made,,jump,7,8
Al Thornton,Baron Davis,Chris Kaman,Marcus Camby,Rasual Butler,Bobby Brown,David West,Emeka Okafor,James Posey,Peja Stojakovic,2,4:43,NOH,shot,,,,,,,,,,Bobby Brown,,,,missed,,3pt,3,17
Al Thornton,Baron Davis,Chris Kaman,Marcus Camby,Rasual Butler,Bobby Brown,David West,Emeka Okafor,James Posey,Peja Stojakovic,2,4:42,LAC,rebound,,,,,,,,,,Marcus Camby,,,,,,def,,
Al Thornton,Baron Davis,Chris Kaman,Marcus Camby,Rasual Butler,Bobby Brown,David West,Emeka Okafor,James Posey,Peja Stojakovic,2,4:35,LAC,shot,,,,,,,,,,Baron Davis,2,,,made,,layup,25,6
Al Thornton,Baron Davis,Chris Kaman,Marcus Camby,Rasual Butler,Bobby Brown,David West,Emeka Okafor,James Posey,Peja Stojakovic,2,4:35,NOH,foul,,,,,,,,Baron Davis,,Bobby Brown,,,,,,shooting,,
Al Thornton,Baron Davis,Chris Kaman,Marcus Camby,Rasual Butler,Darren Collison,David West,Emeka Okafor,James Posey,Peja Stojakovic,2,4:35,NOH,sub,,,,Darren Collison,,Bobby Brown,,,,,,,,,,,,
Al Thornton,Baron Davis,Chris Kaman,Marcus Camby,Rasual Butler,Darren Collison,David West,Emeka Okafor,James Posey,Peja Stojakovic,2,4:35,LAC,free throw,,,,,,,1,,1,Baron Davis,,,foul,made,,,,
Al Thornton,Baron Davis,Chris Kaman,Marcus Camby,Rasual Butler,Darren Collison,David West,Emeka Okafor,James Posey,Peja Stojakovic,2,4:16,NOH,shot,,,,,,,,,,David West,,,,missed,,layup,25,6
Al Thornton,Baron Davis,Chris Kaman,Marcus Camby,Rasual Butler,Darren Collison,David West,Emeka Okafor,James Posey,Peja Stojakovic,2,4:15,LAC,rebound,,,,,,,,,,Marcus Camby,,,,,,def,,
Al Thornton,Baron Davis,Chris Kaman,Marcus Camby,Rasual Butler,Darren Collison,David West,Emeka Okafor,James Posey,Peja Stojakovic,2,4:07,LAC,turnover,,,,,,,,,,Rasual Butler,,,bad pass,,Emeka Okafor,,,
Al Thornton,Baron Davis,Chris Kaman,Marcus Camby,Rasual Butler,Darren Collison,David West,Emeka Okafor,James Posey,Peja Stojakovic,2,3:59,LAC,foul,,,,,,,,David West,,Marcus Camby,,,,,,personal,,
Al Thornton,Baron Davis,Chris Kaman,Marcus Camby,Rasual Butler,Darren Collison,David West,Emeka Okafor,James Posey,Peja Stojakovic,2,3:59,NOH,free throw,,,,,,,1,,2,David West,,,foul,made,,,,
Al Thornton,Baron Davis,Chris Kaman,Marcus Camby,Rasual Butler,Darren Collison,David West,Devin Brown,Emeka Okafor,Peja Stojakovic,2,3:59,NOH,sub,,,,Devin Brown,,James Posey,,,,,,,,,,,,
Al Thornton,Baron Davis,Chris Kaman,Marcus Camby,Rasual Butler,Darren Collison,David West,Devin Brown,Emeka Okafor,Peja Stojakovic,2,3:59,NOH,free throw,,,,,,,2,,2,David West,,,foul,made,,,,
Al Thornton,Baron Davis,Chris Kaman,Marcus Camby,Rasual Butler,Darren Collison,David West,Devin Brown,Emeka Okafor,Peja Stojakovic,2,3:39,LAC,shot,,,,,,,,,,Al Thornton,,,,missed,,fade away jumper,22,14
Al Thornton,Baron Davis,Chris Kaman,Marcus Camby,Rasual Butler,Darren Collison,David West,Devin Brown,Emeka Okafor,Peja Stojakovic,2,3:38,LAC,rebound,,,,,,,,,,Marcus Camby,,,,,,off,,
Al Thornton,Baron Davis,Chris Kaman,Marcus Camby,Rasual Butler,Darren Collison,David West,Devin Brown,Emeka Okafor,Peja Stojakovic,2,3:38,LAC,shot,,,,,,,,,,Marcus Camby,2,,,made,,tip,25,6
Al Thornton,Baron Davis,Chris Kaman,Marcus Camby,Rasual Butler,Darren Collison,David West,Devin Brown,Emeka Okafor,Peja Stojakovic,2,3:25,NOH,shot,David West,,,,,,,,,Peja Stojakovic,2,,,made,,layup,25,6
Al Thornton,Baron Davis,Chris Kaman,Marcus Camby,Rasual Butler,Darren Collison,David West,Devin Brown,Emeka Okafor,Peja Stojakovic,2,3:04,LAC,shot,,,,,,,,,,Baron Davis,,,,missed,,3pt,3,16
Al Thornton,Baron Davis,Chris Kaman,Marcus Camby,Rasual Butler,Darren Collison,David West,Devin Brown,Emeka Okafor,Peja Stojakovic,2,3:02,NOH,rebound,,,,,,,,,,David West,,,,,,def,,
Al Thornton,Baron Davis,Chris Kaman,Marcus Camby,Rasual Butler,Darren Collison,David West,Devin Brown,Emeka Okafor,Peja Stojakovic,2,2:52,NOH,shot,,,,,,,,,,Devin Brown,,,,missed,,3pt,2,11
Al Thornton,Baron Davis,Chris Kaman,Marcus Camby,Rasual Butler,Darren Collison,David West,Devin Brown,Emeka Okafor,Peja Stojakovic,2,2:50,LAC,rebound,,,,,,,,,,Al Thornton,,,,,,def,,
Al Thornton,Baron Davis,Chris Kaman,Marcus Camby,Rasual Butler,Darren Collison,David West,Devin Brown,Emeka Okafor,Peja Stojakovic,2,2:47,LAC,timeout,,,,,,,,,,,,,,,,regular,,
Al Thornton,Baron Davis,Chris Kaman,Marcus Camby,Rasual Butler,Darren Collison,David West,Devin Brown,Emeka Okafor,Peja Stojakovic,2,2:30,LAC,shot,,,,,,,,,,Chris Kaman,2,,,made,,fade away jumper,10,9
Al Thornton,Baron Davis,Chris Kaman,Marcus Camby,Rasual Butler,Darren Collison,David West,Devin Brown,Emeka Okafor,Peja Stojakovic,2,2:30,NOH,foul,,,,,,,,Chris Kaman,,Emeka Okafor,,,,,,shooting,,
Al Thornton,Baron Davis,Chris Kaman,Marcus Camby,Rasual Butler,Darren Collison,David West,Devin Brown,Emeka Okafor,Peja Stojakovic,2,2:30,LAC,free throw,,,,,,,1,,1,Chris Kaman,,,foul,made,,,,
Al Thornton,Baron Davis,Chris Kaman,Marcus Camby,Rasual Butler,Darren Collison,David West,Devin Brown,Emeka Okafor,Peja Stojakovic,2,2:17,NOH,shot,,,,,,,,,,Peja Stojakovic,,,,missed,,3pt,46,20
Al Thornton,Baron Davis,Chris Kaman,Marcus Camby,Rasual Butler,Darren Collison,David West,Devin Brown,Emeka Okafor,Peja Stojakovic,2,2:16,LAC,rebound,,,,,,,,,,Rasual Butler,,,,,,def,,
Al Thornton,Baron Davis,Chris Kaman,Marcus Camby,Rasual Butler,Darren Collison,David West,Devin Brown,Emeka Okafor,Peja Stojakovic,2,2:10,LAC,shot,Baron Davis,,,,,,,,,Al Thornton,2,,,made,,layup,25,6
Al Thornton,Baron Davis,Chris Kaman,Marcus Camby,Rasual Butler,Darren Collison,David West,Devin Brown,Emeka Okafor,Peja Stojakovic,2,1:55,NOH,shot,,,,,,,,,,Devin Brown,2,,,made,,driving layup,25,6
Al Thornton,Baron Davis,Chris Kaman,Marcus Camby,Rasual Butler,Darren Collison,David West,Devin Brown,Emeka Okafor,Peja Stojakovic,2,1:47,LAC,shot,,,,,,,,,,Rasual Butler,,,,missed,,jump,7,11
Al Thornton,Baron Davis,Chris Kaman,Marcus Camby,Rasual Butler,Darren Collison,David West,Devin Brown,Emeka Okafor,Peja Stojakovic,2,1:46,NOH,rebound,,,,,,,,,,Peja Stojakovic,,,,,,def,,
Al Thornton,Baron Davis,Chris Kaman,Marcus Camby,Rasual Butler,Darren Collison,David West,Devin Brown,Emeka Okafor,Peja Stojakovic,2,1:37,NOH,shot,Devin Brown,,,,,,,,,Darren Collison,2,,,made,,running jump,35,7
Al Thornton,Baron Davis,Chris Kaman,Marcus Camby,Rasual Butler,Darren Collison,David West,Devin Brown,Emeka Okafor,Peja Stojakovic,2,1:12,LAC,turnover,,,,,,,,,,,,,shot clock turnover,,,,,
Al Thornton,Baron Davis,Chris Kaman,Marcus Camby,Rasual Butler,Darren Collison,David West,Devin Brown,Emeka Okafor,Peja Stojakovic,2,0:50,NOH,shot,Devin Brown,,,,,,,,,David West,2,,,made,,layup,25,6
Al Thornton,Baron Davis,Chris Kaman,Marcus Camby,Rasual Butler,Darren Collison,David West,Devin Brown,Emeka Okafor,Peja Stojakovic,2,0:34,LAC,shot,,,Emeka Okafor,,,,,,,Chris Kaman,,,,missed,,layup,25,6
Al Thornton,Baron Davis,Chris Kaman,Marcus Camby,Rasual Butler,Darren Collison,David West,Devin Brown,Emeka Okafor,Peja Stojakovic,2,0:33,LAC,rebound,,,,,,,,,,Al Thornton,,,,,,off,,
Al Thornton,Baron Davis,Chris Kaman,Marcus Camby,Rasual Butler,Darren Collison,David West,Devin Brown,Emeka Okafor,Peja Stojakovic,2,0:32,LAC,shot,,,,,,,,,,Al Thornton,2,,,made,,layup,25,6
Al Thornton,Baron Davis,Chris Kaman,Marcus Camby,Rasual Butler,Darren Collison,David West,Devin Brown,Emeka Okafor,Peja Stojakovic,2,0:26,NOH,shot,,,,,,,,,,Darren Collison,,,,missed,,layup,25,6
Al Thornton,Baron Davis,Chris Kaman,Marcus Camby,Rasual Butler,Darren Collison,David West,Devin Brown,Emeka Okafor,Peja Stojakovic,2,0:25,LAC,rebound,,,,,,,,,,Marcus Camby,,,,,,def,,
Al Thornton,Baron Davis,Chris Kaman,Marcus Camby,Rasual Butler,Darren Collison,David West,Devin Brown,Emeka Okafor,Peja Stojakovic,2,0:02,LAC,shot,Baron Davis,,,,,,,,,Rasual Butler,3,,,made,,3pt,44,22
Al Thornton,Baron Davis,Chris Kaman,Marcus Camby,Rasual Butler,Darren Collison,David West,Devin Brown,Emeka Okafor,Peja Stojakovic,2,0:00,NOH,shot,,,,,,,,,,Darren Collison,,,,missed,,3pt,24,33
Al Thornton,Baron Davis,Chris Kaman,Marcus Camby,Rasual Butler,Darren Collison,David West,Devin Brown,Emeka Okafor,Peja Stojakovic,2,0:00,NOH,rebound,,,,,,,,,,,,,,,,,,
Al Thornton,Baron Davis,Chris Kaman,Marcus Camby,Rasual Butler,Darren Collison,David West,Devin Brown,Emeka Okafor,Peja Stojakovic,3,11:42,NOH,shot,,,Baron Davis,,,,,,,Darren Collison,,,,missed,,floating jump,29,14
Al Thornton,Baron Davis,Chris Kaman,Marcus Camby,Rasual Butler,Darren Collison,David West,Devin Brown,Emeka Okafor,Peja Stojakovic,3,11:40,LAC,rebound,,,,,,,,,,Marcus Camby,,,,,,def,,
Al Thornton,Baron Davis,Chris Kaman,Marcus Camby,Rasual Butler,Darren Collison,David West,Devin Brown,Emeka Okafor,Peja Stojakovic,3,11:27,LAC,shot,,,,,,,,,,Al Thornton,,,,missed,,jump,25,18
Al Thornton,Baron Davis,Chris Kaman,Marcus Camby,Rasual Butler,Darren Collison,David West,Devin Brown,Emeka Okafor,Peja Stojakovic,3,11:26,NOH,rebound,,,,,,,,,,Peja Stojakovic,,,,,,def,,
Al Thornton,Baron Davis,Chris Kaman,Marcus Camby,Rasual Butler,Darren Collison,David West,Devin Brown,Emeka Okafor,Peja Stojakovic,3,11:10,NOH,turnover,,,,,,,,,,Darren Collison,,,traveling,,,,,
Al Thornton,Baron Davis,Chris Kaman,Marcus Camby,Rasual Butler,Darren Collison,David West,Devin Brown,Emeka Okafor,Peja Stojakovic,3,10:53,LAC,shot,Marcus Camby,,,,,,,,,Chris Kaman,2,,,made,,jump,16,20
Al Thornton,Baron Davis,Chris Kaman,Marcus Camby,Rasual Butler,Darren Collison,David West,Devin Brown,Emeka Okafor,Peja Stojakovic,3,10:46,NOH,timeout,,,,,,,,,,,,,,,,regular,,
Al Thornton,Baron Davis,Chris Kaman,Marcus Camby,Rasual Butler,Darren Collison,David West,Devin Brown,Emeka Okafor,Peja Stojakovic,3,10:33,LAC,foul,,,,,,,,David West,,Rasual Butler,,,,,,personal,,
Al Thornton,Baron Davis,Chris Kaman,Marcus Camby,Rasual Butler,Darren Collison,David West,Devin Brown,Emeka Okafor,Peja Stojakovic,3,10:27,NOH,shot,,,,,,,,,,Darren Collison,2,,,made,,pullup jump,32,21
Al Thornton,Baron Davis,Chris Kaman,Marcus Camby,Rasual Butler,Darren Collison,David West,Devin Brown,Emeka Okafor,Peja Stojakovic,3,10:09,NOH,foul,,,,,,,,Al Thornton,,Peja Stojakovic,,,,,,personal,,
Al Thornton,Baron Davis,Chris Kaman,Marcus Camby,Rasual Butler,Darren Collison,David West,Devin Brown,Emeka Okafor,Peja Stojakovic,3,9:56,LAC,shot,,,,,,,,,,Baron Davis,,,,missed,,3pt,18,29
Al Thornton,Baron Davis,Chris Kaman,Marcus Camby,Rasual Butler,Darren Collison,David West,Devin Brown,Emeka Okafor,Peja Stojakovic,3,9:55,NOH,rebound,,,,,,,,,,Emeka Okafor,,,,,,def,,
Al Thornton,Baron Davis,Chris Kaman,Marcus Camby,Rasual Butler,Darren Collison,David West,Devin Brown,Emeka Okafor,Peja Stojakovic,3,9:47,NOH,shot,Darren Collison,,,,,,,,,Devin Brown,3,,,made,,3pt,3,16
Al Thornton,Baron Davis,Chris Kaman,Marcus Camby,Rasual Butler,Darren Collison,David West,Devin Brown,Emeka Okafor,Peja Stojakovic,3,9:24,LAC,turnover,,,,,,,,,,Al Thornton,,,lost ball,,Peja Stojakovic,,,
Al Thornton,Baron Davis,Chris Kaman,Marcus Camby,Rasual Butler,Darren Collison,David West,Devin Brown,Emeka Okafor,Peja Stojakovic,3,9:19,NOH,shot,,,,,,,,,,Darren Collison,2,,,made,,pullup jump,24,19
Al Thornton,Baron Davis,Chris Kaman,Marcus Camby,Rasual Butler,Darren Collison,David West,Devin Brown,Emeka Okafor,Peja Stojakovic,3,9:10,LAC,timeout,,,,,,,,,,,,,,,,regular,,
Al Thornton,Baron Davis,Chris Kaman,Marcus Camby,Rasual Butler,Darren Collison,David West,Devin Brown,Emeka Okafor,Peja Stojakovic,3,9:03,LAC,foul,,,,,,,,Emeka Okafor,,Chris Kaman,,,,,,offensive,,
Al Thornton,Baron Davis,Chris Kaman,Marcus Camby,Rasual Butler,Darren Collison,David West,Devin Brown,Emeka Okafor,Peja Stojakovic,3,9:03,LAC,turnover,,,,,,,,,,Chris Kaman,,,foul,,,,,
Al Thornton,Baron Davis,Chris Kaman,Marcus Camby,Rasual Butler,Darren Collison,David West,Devin Brown,Emeka Okafor,Peja Stojakovic,3,8:52,NOH,shot,Darren Collison,,,,,,,,,David West,2,,,made,,jump,41,10
Al Thornton,Baron Davis,Chris Kaman,Marcus Camby,Rasual Butler,Darren Collison,David West,Devin Brown,Emeka Okafor,Peja Stojakovic,3,8:40,NOH,foul,,,,,,,,Baron Davis,,Darren Collison,,,,,,personal,,
Al Thornton,Baron Davis,Chris Kaman,Marcus Camby,Rasual Butler,Darren Collison,David West,Devin Brown,Emeka Okafor,Peja Stojakovic,3,8:27,LAC,shot,,,,,,,,,,Chris Kaman,,,,missed,,jump,42,9
Al Thornton,Baron Davis,Chris Kaman,Marcus Camby,Rasual Butler,Darren Collison,David West,Devin Brown,Emeka Okafor,Peja Stojakovic,3,8:25,LAC,rebound,,,,,,,,,,Marcus Camby,,,,,,off,,
Al Thornton,Baron Davis,Chris Kaman,Marcus Camby,Rasual Butler,Darren Collison,David West,Devin Brown,Emeka Okafor,Peja Stojakovic,3,8:14,NOH,foul,,,,,,,,Al Thornton,,Peja Stojakovic,,,,,,shooting,,
Al Thornton,Baron Davis,Chris Kaman,Marcus Camby,Rasual Butler,Darren Collison,David West,Devin Brown,Emeka Okafor,Peja Stojakovic,3,8:14,LAC,free throw,,,,,,,1,,2,Al Thornton,,,foul,missed,,,,
Al Thornton,Baron Davis,Chris Kaman,Marcus Camby,Rasual Butler,Darren Collison,David West,Devin Brown,Emeka Okafor,Peja Stojakovic,3,8:14,LAC,rebound,,,,,,,,,,,,,,,,,,
Al Thornton,Baron Davis,Chris Kaman,Marcus Camby,Rasual Butler,Darren Collison,David West,Devin Brown,Emeka Okafor,Peja Stojakovic,3,8:14,LAC,free throw,,,,,,,2,,2,Al Thornton,,,foul,made,,,,
Al Thornton,Baron Davis,Chris Kaman,Marcus Camby,Rasual Butler,Darren Collison,David West,Devin Brown,Emeka Okafor,Peja Stojakovic,3,8:00,NOH,shot,Darren Collison,,,,,,,,,Devin Brown,3,,,made,,3pt,37,28
Al Thornton,Baron Davis,Chris Kaman,Marcus Camby,Rasual Butler,Darren Collison,David West,Devin Brown,Emeka Okafor,Peja Stojakovic,3,7:48,NOH,foul,,,,,,,,Baron Davis,,Emeka Okafor,,,,,,shooting,,
Al Thornton,Baron Davis,Chris Kaman,Marcus Camby,Rasual Butler,Darren Collison,David West,Devin Brown,Emeka Okafor,Peja Stojakovic,3,7:48,LAC,free throw,,,,,,,1,,2,Baron Davis,,,foul,made,,,,
Al Thornton,Baron Davis,Chris Kaman,Marcus Camby,Rasual Butler,Darren Collison,David West,Devin Brown,Emeka Okafor,Peja Stojakovic,3,7:48,LAC,turnover,,,,,,,,,,Marcus Camby,,,offensive goaltending,,,,,
Al Thornton,Baron Davis,Chris Kaman,Marcus Camby,Rasual Butler,Darren Collison,David West,Devin Brown,Emeka Okafor,Peja Stojakovic,3,7:33,NOH,shot,,,,,,,,,,Peja Stojakovic,,,,missed,,3pt,9,25
Al Thornton,Baron Davis,Chris Kaman,Marcus Camby,Rasual Butler,Darren Collison,David West,Devin Brown,Emeka Okafor,Peja Stojakovic,3,7:32,LAC,rebound,,,,,,,,,,Baron Davis,,,,,,def,,
Al Thornton,Baron Davis,Chris Kaman,Marcus Camby,Rasual Butler,Darren Collison,David West,Devin Brown,Emeka Okafor,Peja Stojakovic,3,7:22,LAC,shot,,,,,,,,,,Baron Davis,,,,missed,,3pt,21,31
Al Thornton,Baron Davis,Chris Kaman,Marcus Camby,Rasual Butler,Darren Collison,David West,Devin Brown,Emeka Okafor,Peja Stojakovic,3,7:21,NOH,rebound,,,,,,,,,,Emeka Okafor,,,,,,def,,
Al Thornton,Baron Davis,Chris Kaman,Marcus Camby,Rasual Butler,Darren Collison,David West,Devin Brown,Emeka Okafor,Peja Stojakovic,3,7:08,LAC,foul,,,,,,,,Emeka Okafor,,Baron Davis,,,,,,shooting,,
Al Thornton,Baron Davis,Chris Kaman,Marcus Camby,Rasual Butler,Darren Collison,David West,Devin Brown,Emeka Okafor,Peja Stojakovic,3,7:08,NOH,free throw,,,,,,,1,,2,Emeka Okafor,,,foul,missed,,,,
Al Thornton,Baron Davis,Chris Kaman,Marcus Camby,Rasual Butler,Darren Collison,David West,Devin Brown,Emeka Okafor,Peja Stojakovic,3,7:08,NOH,rebound,,,,,,,,,,,,,,,,,,
Al Thornton,Baron Davis,Chris Kaman,Marcus Camby,Rasual Butler,Darren Collison,David West,Devin Brown,Emeka Okafor,Peja Stojakovic,3,7:08,NOH,free throw,,,,,,,2,,2,Emeka Okafor,,,foul,missed,,,,
Al Thornton,Baron Davis,Chris Kaman,Marcus Camby,Rasual Butler,Darren Collison,David West,Devin Brown,Emeka Okafor,Peja Stojakovic,3,7:07,LAC,rebound,,,,,,,,,,Marcus Camby,,,,,,def,,
Al Thornton,Baron Davis,Chris Kaman,Marcus Camby,Rasual Butler,Darren Collison,David West,Devin Brown,Emeka Okafor,Peja Stojakovic,3,6:54,NOH,foul,,,,,,,,Marcus Camby,,Darren Collison,,,,,,shooting,,
Al Thornton,Baron Davis,Chris Kaman,Marcus Camby,Rasual Butler,Darren Collison,David West,Devin Brown,Emeka Okafor,Peja Stojakovic,3,6:54,LAC,free throw,,,,,,,1,,2,Marcus Camby,,,foul,made,,,,
Al Thornton,Baron Davis,Chris Kaman,Marcus Camby,Rasual Butler,Darren Collison,David West,Devin Brown,Emeka Okafor,Peja Stojakovic,3,6:54,LAC,free throw,,,,,,,2,,2,Marcus Camby,,,foul,made,,,,
Al Thornton,Baron Davis,Chris Kaman,Marcus Camby,Rasual Butler,Darren Collison,David West,Devin Brown,Emeka Okafor,Peja Stojakovic,3,6:38,NOH,shot,,,,,,,,,,Devin Brown,,,,missed,,running jump,10,15
Al Thornton,Baron Davis,Chris Kaman,Marcus Camby,Rasual Butler,Darren Collison,David West,Devin Brown,Emeka Okafor,Peja Stojakovic,3,6:36,LAC,rebound,,,,,,,,,,Marcus Camby,,,,,,def,,
Al Thornton,Baron Davis,Chris Kaman,Marcus Camby,Rasual Butler,Darren Collison,David West,Devin Brown,Emeka Okafor,Peja Stojakovic,3,6:29,LAC,shot,Baron Davis,,,,,,,,,Al Thornton,2,,,made,,layup,25,6
Al Thornton,Baron Davis,Chris Kaman,Marcus Camby,Rasual Butler,Darren Collison,David West,Devin Brown,Emeka Okafor,Peja Stojakovic,3,6:12,NOH,shot,David West,,,,,,,,,Peja Stojakovic,2,,,made,,layup,25,6
Al Thornton,Baron Davis,Chris Kaman,Marcus Camby,Rasual Butler,Darren Collison,David West,Devin Brown,Emeka Okafor,Peja Stojakovic,3,5:51,LAC,shot,,,,,,,,,,Chris Kaman,2,,,made,,driving layup,25,6
Al Thornton,Baron Davis,Chris Kaman,Marcus Camby,Rasual Butler,Darren Collison,David West,Devin Brown,Emeka Okafor,Peja Stojakovic,3,5:33,NOH,shot,Darren Collison,,,,,,,,,David West,2,,,made,,jump,22,21
Al Thornton,Baron Davis,Chris Kaman,Marcus Camby,Rasual Butler,Darren Collison,David West,Devin Brown,Emeka Okafor,Peja Stojakovic,3,5:14,LAC,shot,,,,,,,,,,Chris Kaman,,,,missed,,jump,13,14
Al Thornton,Baron Davis,Chris Kaman,Marcus Camby,Rasual Butler,Darren Collison,David West,Devin Brown,Emeka Okafor,Peja Stojakovic,3,5:12,NOH,rebound,,,,,,,,,,David West,,,,,,def,,
Al Thornton,Baron Davis,Chris Kaman,Marcus Camby,Rasual Butler,Darren Collison,David West,Devin Brown,Emeka Okafor,Peja Stojakovic,3,5:06,NOH,shot,,,,,,,,,,Peja Stojakovic,,,,missed,,3pt,45,21
Al Thornton,Baron Davis,Chris Kaman,Marcus Camby,Rasual Butler,Darren Collison,David West,Devin Brown,Emeka Okafor,Peja Stojakovic,3,5:05,NOH,rebound,,,,,,,,,,Emeka Okafor,,,,,,off,,
Al Thornton,Baron Davis,Chris Kaman,Marcus Camby,Rasual Butler,Darren Collison,David West,Devin Brown,Emeka Okafor,Peja Stojakovic,3,5:02,NOH,shot,,,,,,,,,,Peja Stojakovic,,,,missed,,3pt,35,29
Al Thornton,Baron Davis,Chris Kaman,Marcus Camby,Rasual Butler,Darren Collison,David West,Devin Brown,Emeka Okafor,Peja Stojakovic,3,5:01,LAC,rebound,,,,,,,,,,Marcus Camby,,,,,,def,,
Al Thornton,Baron Davis,Chris Kaman,Marcus Camby,Rasual Butler,Darren Collison,David West,Devin Brown,Emeka Okafor,Peja Stojakovic,3,4:54,LAC,shot,,,,,,,,,,Rasual Butler,,,,missed,,jump,42,12
Al Thornton,Baron Davis,Chris Kaman,Marcus Camby,Rasual Butler,Darren Collison,David West,Devin Brown,Emeka Okafor,Peja Stojakovic,3,4:52,LAC,rebound,,,,,,,,,,Chris Kaman,,,,,,off,,
Al Thornton,Baron Davis,Chris Kaman,Marcus Camby,Rasual Butler,Darren Collison,David West,Devin Brown,Emeka Okafor,Peja Stojakovic,3,4:52,LAC,shot,,,,,,,,,,Chris Kaman,2,,,made,,layup,25,6
Al Thornton,Baron Davis,Chris Kaman,Marcus Camby,Rasual Butler,Darren Collison,David West,Devin Brown,Emeka Okafor,Peja Stojakovic,3,4:36,NOH,shot,,,,,,,,,,David West,,,,missed,,jump,30,25
Al Thornton,Baron Davis,Chris Kaman,Marcus Camby,Rasual Butler,Darren Collison,David West,Devin Brown,Emeka Okafor,Peja Stojakovic,3,4:35,LAC,rebound,,,,,,,,,,Marcus Camby,,,,,,def,,
Al Thornton,Baron Davis,Chris Kaman,Marcus Camby,Rasual Butler,Darren Collison,David West,Devin Brown,Emeka Okafor,Peja Stojakovic,3,4:14,LAC,shot,,,,,,,,,,Baron Davis,,,,missed,,jump,40,6
Al Thornton,Baron Davis,Chris Kaman,Marcus Camby,Rasual Butler,Darren Collison,David West,Devin Brown,Emeka Okafor,Peja Stojakovic,3,4:11,LAC,rebound,,,,,,,,,,Marcus Camby,,,,,,off,,
Al Thornton,Baron Davis,Chris Kaman,Marcus Camby,Rasual Butler,Darren Collison,David West,Devin Brown,Emeka Okafor,Peja Stojakovic,3,4:07,LAC,shot,,,,,,,,,,Marcus Camby,,,,missed,,jump,15,10
Al Thornton,Baron Davis,Chris Kaman,Marcus Camby,Rasual Butler,Darren Collison,David West,Devin Brown,Emeka Okafor,Peja Stojakovic,3,4:07,NOH,rebound,,,,,,,,,,Devin Brown,,,,,,def,,
Al Thornton,Baron Davis,Chris Kaman,Marcus Camby,Rasual Butler,Darren Collison,David West,Devin Brown,Emeka Okafor,Peja Stojakovic,3,4:04,LAC,foul,,,,,,,,Devin Brown,,Baron Davis,,,,,,shooting,,
Al Thornton,Baron Davis,Chris Kaman,Marcus Camby,Rasual Butler,Darren Collison,David West,Devin Brown,Emeka Okafor,Peja Stojakovic,3,4:04,NOH,free throw,,,,,,,1,,2,Devin Brown,,,foul,made,,,,
Al Thornton,Baron Davis,Chris Kaman,Marcus Camby,Rasual Butler,David West,Devin Brown,Emeka Okafor,Marcus Thornton,Peja Stojakovic,3,4:04,NOH,sub,,,,Marcus Thornton,,Darren Collison,,,,,,,,,,,,
Al Thornton,Baron Davis,Chris Kaman,Marcus Camby,Rasual Butler,David West,Devin Brown,Marcus Thornton,Peja Stojakovic,Sean Marks,3,4:04,NOH,sub,,,,Sean Marks,,Emeka Okafor,,,,,,,,,,,,
Al Thornton,Baron Davis,Chris Kaman,Marcus Camby,Rasual Butler,David West,Devin Brown,Marcus Thornton,Peja Stojakovic,Sean Marks,3,4:04,NOH,free throw,,,,,,,2,,2,Devin Brown,,,foul,made,,,,
Al Thornton,Baron Davis,Chris Kaman,Marcus Camby,Rasual Butler,David West,Devin Brown,Marcus Thornton,Peja Stojakovic,Sean Marks,3,3:54,LAC,foul,,,,,,,,Peja Stojakovic,,Al Thornton,,,,,,offensive,,
Al Thornton,Baron Davis,Chris Kaman,Marcus Camby,Rasual Butler,David West,Devin Brown,Marcus Thornton,Peja Stojakovic,Sean Marks,3,3:54,LAC,turnover,,,,,,,,,,Al Thornton,,,foul,,,,,
Al Thornton,Baron Davis,Chris Kaman,Marcus Camby,Rasual Butler,David West,Devin Brown,Marcus Thornton,Peja Stojakovic,Sean Marks,3,3:34,NOH,shot,,,,,,,,,,David West,,,,missed,,jump,37,11
Al Thornton,Baron Davis,Chris Kaman,Marcus Camby,Rasual Butler,David West,Devin Brown,Marcus Thornton,Peja Stojakovic,Sean Marks,3,3:33,NOH,rebound,,,,,,,,,,Sean Marks,,,,,,off,,
Al Thornton,Baron Davis,Chris Kaman,Marcus Camby,Rasual Butler,David West,Devin Brown,Marcus Thornton,Peja Stojakovic,Sean Marks,3,3:29,NOH,shot,,,,,,,,,,Marcus Thornton,,,,missed,,jump,43,9
Al Thornton,Baron Davis,Chris Kaman,Marcus Camby,Rasual Butler,David West,Devin Brown,Marcus Thornton,Peja Stojakovic,Sean Marks,3,3:28,LAC,rebound,,,,,,,,,,Chris Kaman,,,,,,def,,
Al Thornton,Baron Davis,Chris Kaman,Marcus Camby,Rasual Butler,David West,Devin Brown,Marcus Thornton,Peja Stojakovic,Sean Marks,3,3:21,LAC,shot,Rasual Butler,,,,,,,,,Al Thornton,2,,,made,,layup,25,6
Al Thornton,Baron Davis,Chris Kaman,Marcus Camby,Rasual Butler,David West,Devin Brown,Marcus Thornton,Peja Stojakovic,Sean Marks,3,3:04,LAC,foul,,,,,,,,Devin Brown,,Marcus Camby,,,,,,shooting,,
Al Thornton,Baron Davis,Chris Kaman,Marcus Camby,Rasual Butler,David West,Devin Brown,Marcus Thornton,Peja Stojakovic,Sean Marks,3,3:04,NOH,free throw,,,,,,,1,,2,Devin Brown,,,foul,made,,,,
Al Thornton,Baron Davis,Chris Kaman,Marcus Camby,Rasual Butler,David West,Devin Brown,James Posey,Marcus Thornton,Sean Marks,3,3:04,NOH,sub,,,,James Posey,,Peja Stojakovic,,,,,,,,,,,,
Al Thornton,Baron Davis,Chris Kaman,Marcus Camby,Rasual Butler,David West,Devin Brown,James Posey,Marcus Thornton,Sean Marks,3,3:04,NOH,free throw,,,,,,,2,,2,Devin Brown,,,foul,made,,,,
Al Thornton,Baron Davis,Chris Kaman,Marcus Camby,Rasual Butler,David West,Devin Brown,James Posey,Marcus Thornton,Sean Marks,3,2:52,LAC,turnover,,,,,,,,,,Al Thornton,,,step out of bounds turnover,,,,,
Al Thornton,Baron Davis,Chris Kaman,Marcus Camby,Rasual Butler,David West,Devin Brown,James Posey,Marcus Thornton,Sean Marks,3,2:40,NOH,shot,Devin Brown,,,,,,,,,David West,2,,,made,,layup,25,6
Al Thornton,Baron Davis,Chris Kaman,Marcus Camby,Rasual Butler,David West,Devin Brown,James Posey,Marcus Thornton,Sean Marks,3,2:25,NOH,foul,,,,,,,,Baron Davis,,Sean Marks,,,,,,shooting,,
Al Thornton,Baron Davis,Chris Kaman,Marcus Camby,Rasual Butler,David West,Devin Brown,James Posey,Marcus Thornton,Sean Marks,3,2:25,LAC,free throw,,,,,,,1,,2,Baron Davis,,,foul,made,,,,
Baron Davis,Chris Kaman,Marcus Camby,Rasual Butler,Steve Novak,David West,Devin Brown,James Posey,Marcus Thornton,Sean Marks,3,2:25,LAC,sub,,,,Steve Novak,,Al Thornton,,,,,,,,,,,,
Baron Davis,Chris Kaman,Marcus Camby,Rasual Butler,Steve Novak,David West,Devin Brown,James Posey,Marcus Thornton,Sean Marks,3,2:25,LAC,free throw,,,,,,,2,,2,Baron Davis,,,foul,made,,,,
Baron Davis,Chris Kaman,Marcus Camby,Rasual Butler,Steve Novak,David West,Devin Brown,James Posey,Marcus Thornton,Sean Marks,3,2:10,NOH,shot,,,,,,,,,,Marcus Thornton,,,,missed,,3pt,2,7
Baron Davis,Chris Kaman,Marcus Camby,Rasual Butler,Steve Novak,David West,Devin Brown,James Posey,Marcus Thornton,Sean Marks,3,2:07,NOH,rebound,,,,,,,,,,David West,,,,,,off,,
Baron Davis,Chris Kaman,Marcus Camby,Rasual Butler,Steve Novak,David West,Devin Brown,James Posey,Marcus Thornton,Sean Marks,3,2:07,NOH,shot,,,,,,,,,,David West,,,,missed,,layup,25,6
Baron Davis,Chris Kaman,Marcus Camby,Rasual Butler,Steve Novak,David West,Devin Brown,James Posey,Marcus Thornton,Sean Marks,3,2:06,NOH,rebound,,,,,,,,,,Sean Marks,,,,,,off,,
Baron Davis,Chris Kaman,Marcus Camby,Rasual Butler,Steve Novak,David West,Devin Brown,James Posey,Marcus Thornton,Sean Marks,3,2:02,NOH,shot,,,,,,,,,,James Posey,,,,missed,,3pt,2,17
Baron Davis,Chris Kaman,Marcus Camby,Rasual Butler,Steve Novak,David West,Devin Brown,James Posey,Marcus Thornton,Sean Marks,3,2:01,NOH,rebound,,,,,,,,,,David West,,,,,,off,,
Baron Davis,Chris Kaman,Marcus Camby,Rasual Butler,Steve Novak,David West,Devin Brown,James Posey,Marcus Thornton,Sean Marks,3,1:51,NOH,turnover,,,,,,,,,,David West,,,bad pass,,,,,
Baron Davis,Chris Kaman,Marcus Camby,Rasual Butler,Steve Novak,David West,Devin Brown,James Posey,Marcus Thornton,Sean Marks,3,1:33,LAC,shot,Baron Davis,,,,,,,,,Steve Novak,3,,,made,,3pt,47,7
Baron Davis,Chris Kaman,Marcus Camby,Rasual Butler,Steve Novak,David West,Devin Brown,James Posey,Marcus Thornton,Sean Marks,3,1:16,NOH,shot,,,,,,,,,,Marcus Thornton,2,,,made,,driving finger roll layup,25,6
Baron Davis,Chris Kaman,Marcus Camby,Rasual Butler,Steve Novak,David West,Devin Brown,James Posey,Marcus Thornton,Sean Marks,3,0:59,LAC,shot,Baron Davis,,,,,,,,,Steve Novak,3,,,made,,3pt,47,8
Baron Davis,Chris Kaman,Marcus Camby,Rasual Butler,Steve Novak,David West,Devin Brown,James Posey,Marcus Thornton,Sean Marks,3,0:41,NOH,shot,,,Marcus Camby,,,,,,,Marcus Thornton,,,,missed,,layup,25,6
Baron Davis,Chris Kaman,Marcus Camby,Rasual Butler,Steve Novak,David West,Devin Brown,James Posey,Marcus Thornton,Sean Marks,3,0:39,LAC,rebound,,,,,,,,,,Steve Novak,,,,,,def,,
Baron Davis,Chris Kaman,Marcus Camby,Rasual Butler,Steve Novak,David West,Devin Brown,James Posey,Marcus Thornton,Sean Marks,3,0:33,LAC,shot,,,,,,,,,,Baron Davis,,,,missed,,layup,25,6
Baron Davis,Chris Kaman,Marcus Camby,Rasual Butler,Steve Novak,David West,Devin Brown,James Posey,Marcus Thornton,Sean Marks,3,0:32,NOH,rebound,,,,,,,,,,Sean Marks,,,,,,def,,
Baron Davis,Chris Kaman,Marcus Camby,Rasual Butler,Steve Novak,David West,Devin Brown,James Posey,Marcus Thornton,Sean Marks,3,0:16,NOH,shot,David West,,,,,,,,,Sean Marks,2,,,made,,jump,5,9
Baron Davis,Chris Kaman,Marcus Camby,Rasual Butler,Steve Novak,David West,Devin Brown,James Posey,Marcus Thornton,Sean Marks,3,0:01,LAC,shot,,,,,,,,,,Baron Davis,,,,missed,,3pt,29,32
Baron Davis,Chris Kaman,Marcus Camby,Rasual Butler,Steve Novak,David West,Devin Brown,James Posey,Marcus Thornton,Sean Marks,3,0:00,NOH,rebound,,,,,,,,,,Devin Brown,,,,,,def,,
Al Thornton,Craig Smith,Rasual Butler,Sebastian Telfair,Steve Novak,Bobby Brown,Darius Songaila,Emeka Okafor,James Posey,Marcus Thornton,4,11:45,LAC,shot,,,,,,,,,,Steve Novak,,,,missed,,3pt,43,22
Al Thornton,Craig Smith,Rasual Butler,Sebastian Telfair,Steve Novak,Bobby Brown,Darius Songaila,Emeka Okafor,James Posey,Marcus Thornton,4,11:44,NOH,rebound,,,,,,,,,,Marcus Thornton,,,,,,def,,
Al Thornton,Craig Smith,Rasual Butler,Sebastian Telfair,Steve Novak,Bobby Brown,Darius Songaila,Emeka Okafor,James Posey,Marcus Thornton,4,11:32,NOH,shot,Bobby Brown,,,,,,,,,Darius Songaila,2,,,made,,jump,41,18
Al Thornton,Craig Smith,Rasual Butler,Sebastian Telfair,Steve Novak,Bobby Brown,Darius Songaila,Emeka Okafor,James Posey,Marcus Thornton,4,11:20,LAC,shot,,,,,,,,,,Craig Smith,,,,missed,,layup,25,6
Al Thornton,Craig Smith,Rasual Butler,Sebastian Telfair,Steve Novak,Bobby Brown,Darius Songaila,Emeka Okafor,James Posey,Marcus Thornton,4,11:19,NOH,rebound,,,,,,,,,,James Posey,,,,,,def,,
Al Thornton,Craig Smith,Rasual Butler,Sebastian Telfair,Steve Novak,Bobby Brown,Darius Songaila,Emeka Okafor,James Posey,Marcus Thornton,4,11:07,NOH,turnover,,,,,,,,,,Emeka Okafor,,,3 second violation,,,,,
Al Thornton,Craig Smith,Rasual Butler,Sebastian Telfair,Steve Novak,Bobby Brown,Darius Songaila,Emeka Okafor,James Posey,Marcus Thornton,4,10:44,LAC,shot,,,,,,,,,,Rasual Butler,2,,,made,,jump,36,25
Al Thornton,Craig Smith,Rasual Butler,Sebastian Telfair,Steve Novak,Bobby Brown,Darius Songaila,Emeka Okafor,James Posey,Marcus Thornton,4,10:31,NOH,shot,,,,,,,,,,Bobby Brown,,,,missed,,3pt,6,24
Al Thornton,Craig Smith,Rasual Butler,Sebastian Telfair,Steve Novak,Bobby Brown,Darius Songaila,Emeka Okafor,James Posey,Marcus Thornton,4,10:29,LAC,rebound,,,,,,,,,,Al Thornton,,,,,,def,,
Al Thornton,Craig Smith,Rasual Butler,Sebastian Telfair,Steve Novak,Bobby Brown,Darius Songaila,Emeka Okafor,James Posey,Marcus Thornton,4,10:20,LAC,shot,,,,,,,,,,Steve Novak,,,,missed,,3pt,2,9
Al Thornton,Craig Smith,Rasual Butler,Sebastian Telfair,Steve Novak,Bobby Brown,Darius Songaila,Emeka Okafor,James Posey,Marcus Thornton,4,10:19,NOH,rebound,,,,,,,,,,Emeka Okafor,,,,,,def,,
Al Thornton,Craig Smith,Rasual Butler,Sebastian Telfair,Steve Novak,Bobby Brown,Darius Songaila,Emeka Okafor,James Posey,Marcus Thornton,4,9:56,NOH,shot,,,Rasual Butler,,,,,,,Bobby Brown,,,,missed,,3pt,7,24
Al Thornton,Craig Smith,Rasual Butler,Sebastian Telfair,Steve Novak,Bobby Brown,Darius Songaila,Emeka Okafor,James Posey,Marcus Thornton,4,9:55,NOH,rebound,,,,,,,,,,Emeka Okafor,,,,,,off,,
Al Thornton,Craig Smith,Rasual Butler,Sebastian Telfair,Steve Novak,Bobby Brown,Darius Songaila,Emeka Okafor,James Posey,Marcus Thornton,4,9:55,LAC,foul,,,,,,,,Emeka Okafor,,Craig Smith,,,,,,shooting,,
Al Thornton,Craig Smith,Rasual Butler,Sebastian Telfair,Steve Novak,Bobby Brown,Darius Songaila,Emeka Okafor,James Posey,Marcus Thornton,4,9:55,NOH,free throw,,,,,,,1,,2,Emeka Okafor,,,foul,made,,,,
Al Thornton,Craig Smith,Rasual Butler,Sebastian Telfair,Steve Novak,Bobby Brown,Darius Songaila,Emeka Okafor,James Posey,Marcus Thornton,4,9:55,NOH,free throw,,,,,,,2,,2,Emeka Okafor,,,foul,missed,,,,
Al Thornton,Craig Smith,Rasual Butler,Sebastian Telfair,Steve Novak,Bobby Brown,Darius Songaila,Emeka Okafor,James Posey,Marcus Thornton,4,9:54,LAC,rebound,,,,,,,,,,Craig Smith,,,,,,def,,
Al Thornton,Craig Smith,Rasual Butler,Sebastian Telfair,Steve Novak,Bobby Brown,Darius Songaila,Emeka Okafor,James Posey,Marcus Thornton,4,9:37,LAC,shot,Sebastian Telfair,,,,,,,,,Al Thornton,2,,,made,,layup,25,6
Al Thornton,Craig Smith,Rasual Butler,Sebastian Telfair,Steve Novak,Bobby Brown,Darius Songaila,Emeka Okafor,James Posey,Marcus Thornton,4,9:23,NOH,shot,Bobby Brown,,,,,,,,,Marcus Thornton,3,,,made,,3pt,3,18
Al Thornton,Craig Smith,Rasual Butler,Sebastian Telfair,Steve Novak,Bobby Brown,Darius Songaila,Emeka Okafor,James Posey,Marcus Thornton,4,9:12,NOH,foul,,,,,,,,Steve Novak,,Darius Songaila,,,,,,personal,,
Al Thornton,Chris Kaman,Craig Smith,Sebastian Telfair,Steve Novak,Bobby Brown,Darius Songaila,Emeka Okafor,James Posey,Marcus Thornton,4,9:12,LAC,sub,,,,Chris Kaman,,Rasual Butler,,,,,,,,,,,,
Al Thornton,Chris Kaman,Craig Smith,Sebastian Telfair,Steve Novak,Bobby Brown,Darius Songaila,Emeka Okafor,James Posey,Marcus Thornton,4,9:09,LAC,foul,,,,,,,,James Posey,,Al Thornton,,,,,,offensive,,
Al Thornton,Chris Kaman,Craig Smith,Sebastian Telfair,Steve Novak,Bobby Brown,Darius Songaila,Emeka Okafor,James Posey,Marcus Thornton,4,9:09,LAC,turnover,,,,,,,,,,Al Thornton,,,foul,,,,,
Al Thornton,Chris Kaman,Craig Smith,Sebastian Telfair,Steve Novak,Bobby Brown,Darius Songaila,Emeka Okafor,James Posey,Marcus Thornton,4,8:48,NOH,shot,Bobby Brown,,,,,,,,,Emeka Okafor,2,,,made,,dunk,25,6
Al Thornton,Chris Kaman,Craig Smith,Sebastian Telfair,Steve Novak,Bobby Brown,Darius Songaila,Emeka Okafor,James Posey,Marcus Thornton,4,8:25,LAC,shot,,,,,,,,,,Sebastian Telfair,,,,missed,,jump,35,16
Al Thornton,Chris Kaman,Craig Smith,Sebastian Telfair,Steve Novak,Bobby Brown,Darius Songaila,Emeka Okafor,James Posey,Marcus Thornton,4,8:24,NOH,rebound,,,,,,,,,,James Posey,,,,,,def,,
Al Thornton,Chris Kaman,Craig Smith,Sebastian Telfair,Steve Novak,Bobby Brown,Darius Songaila,Emeka Okafor,James Posey,Marcus Thornton,4,8:11,NOH,shot,James Posey,,,,,,,,,Marcus Thornton,3,,,made,,3pt,3,14
Al Thornton,Chris Kaman,Craig Smith,Sebastian Telfair,Steve Novak,Bobby Brown,Darius Songaila,Emeka Okafor,James Posey,Marcus Thornton,4,8:11,LAC,timeout,,,,,,,,,,,,,,,,regular,,
Al Thornton,Baron Davis,Chris Kaman,Craig Smith,Steve Novak,Bobby Brown,Darius Songaila,Emeka Okafor,James Posey,Marcus Thornton,4,8:11,LAC,sub,,,,Baron Davis,,Sebastian Telfair,,,,,,,,,,,,
Al Thornton,Baron Davis,Chris Kaman,Marcus Camby,Steve Novak,Bobby Brown,Darius Songaila,Emeka Okafor,James Posey,Marcus Thornton,4,8:11,LAC,sub,,,,Marcus Camby,,Craig Smith,,,,,,,,,,,,
Al Thornton,Baron Davis,Chris Kaman,Marcus Camby,Steve Novak,Bobby Brown,Darius Songaila,Emeka Okafor,James Posey,Marcus Thornton,4,7:51,NOH,foul,,,,,,,,,,Bobby Brown,,,,,,defense 3 second,,
Al Thornton,Baron Davis,Chris Kaman,Marcus Camby,Steve Novak,Bobby Brown,Darius Songaila,Emeka Okafor,James Posey,Marcus Thornton,4,7:51,LAC,free throw,,,,,,,1,,1,Baron Davis,,,technical,missed,,,,
Al Thornton,Baron Davis,Chris Kaman,Marcus Camby,Steve Novak,Bobby Brown,Darius Songaila,Emeka Okafor,James Posey,Marcus Thornton,4,7:51,LAC,rebound,,,,,,,,,,,,,,,,,,
Al Thornton,Baron Davis,Chris Kaman,Marcus Camby,Steve Novak,Bobby Brown,Darius Songaila,Emeka Okafor,James Posey,Marcus Thornton,4,7:47,NOH,foul,,,,,,,,Al Thornton,,Bobby Brown,,,,,,personal,,
Al Thornton,Baron Davis,Chris Kaman,Marcus Camby,Steve Novak,Bobby Brown,Darius Songaila,Emeka Okafor,James Posey,Marcus Thornton,4,7:42,LAC,shot,Marcus Camby,,,,,,,,,Al Thornton,2,,,made,,layup,25,6
Al Thornton,Baron Davis,Chris Kaman,Marcus Camby,Steve Novak,Bobby Brown,Darius Songaila,Emeka Okafor,James Posey,Marcus Thornton,4,7:26,NOH,shot,,,,,,,,,,James Posey,,,,missed,,3pt,47,9
Al Thornton,Baron Davis,Chris Kaman,Marcus Camby,Steve Novak,Bobby Brown,Darius Songaila,Emeka Okafor,James Posey,Marcus Thornton,4,7:25,LAC,rebound,,,,,,,,,,Marcus Camby,,,,,,def,,
Al Thornton,Baron Davis,Chris Kaman,Marcus Camby,Steve Novak,Bobby Brown,Darius Songaila,Emeka Okafor,James Posey,Marcus Thornton,4,7:21,LAC,shot,Baron Davis,,,,,,,,,Al Thornton,2,,,made,,layup,25,6
Al Thornton,Baron Davis,Chris Kaman,Marcus Camby,Steve Novak,Bobby Brown,Darius Songaila,Emeka Okafor,James Posey,Marcus Thornton,4,7:21,NOH,foul,,,,,,,,Al Thornton,,Darius Songaila,,,,,,shooting,,
Al Thornton,Baron Davis,Chris Kaman,Marcus Camby,Steve Novak,Bobby Brown,Darius Songaila,Emeka Okafor,James Posey,Marcus Thornton,4,7:21,LAC,free throw,,,,,,,1,,1,Al Thornton,,,foul,made,,,,
Al Thornton,Baron Davis,Chris Kaman,Marcus Camby,Steve Novak,Bobby Brown,Darius Songaila,Emeka Okafor,James Posey,Marcus Thornton,4,7:13,NOH,turnover,,,,,,,,,,Bobby Brown,,,bad pass,,Steve Novak,,,
Al Thornton,Baron Davis,Chris Kaman,Marcus Camby,Steve Novak,Bobby Brown,Darius Songaila,Emeka Okafor,James Posey,Marcus Thornton,4,7:04,NOH,foul,,,,,,,,Al Thornton,,Darius Songaila,,,,,,personal,,
Al Thornton,Baron Davis,Chris Kaman,Marcus Camby,Steve Novak,Bobby Brown,Darius Songaila,Emeka Okafor,James Posey,Marcus Thornton,4,6:57,LAC,shot,,,,,,,,,,Baron Davis,,,,missed,,3pt,42,26
Al Thornton,Baron Davis,Chris Kaman,Marcus Camby,Steve Novak,Bobby Brown,Darius Songaila,Emeka Okafor,James Posey,Marcus Thornton,4,6:56,NOH,rebound,,,,,,,,,,Darius Songaila,,,,,,def,,
Al Thornton,Baron Davis,Chris Kaman,Marcus Camby,Steve Novak,Bobby Brown,Darius Songaila,Emeka Okafor,James Posey,Marcus Thornton,4,6:47,NOH,shot,,,,,,,,,,Marcus Thornton,,,,missed,,3pt,7,23
Al Thornton,Baron Davis,Chris Kaman,Marcus Camby,Steve Novak,Bobby Brown,Darius Songaila,Emeka Okafor,James Posey,Marcus Thornton,4,6:45,NOH,rebound,,,,,,,,,,Emeka Okafor,,,,,,off,,
Al Thornton,Baron Davis,Chris Kaman,Marcus Camby,Steve Novak,Bobby Brown,Darius Songaila,Emeka Okafor,James Posey,Marcus Thornton,4,6:33,LAC,foul,,,,,,,,Emeka Okafor,,Chris Kaman,,,,,,shooting,,
Al Thornton,Baron Davis,Chris Kaman,Marcus Camby,Steve Novak,Bobby Brown,Darius Songaila,Emeka Okafor,James Posey,Marcus Thornton,4,6:33,NOH,free throw,,,,,,,1,,2,Emeka Okafor,,,foul,made,,,,
Al Thornton,Baron Davis,Chris Kaman,Marcus Camby,Steve Novak,Bobby Brown,David West,Emeka Okafor,James Posey,Marcus Thornton,4,6:33,NOH,sub,,,,David West,,Darius Songaila,,,,,,,,,,,,
Al Thornton,Baron Davis,Chris Kaman,Marcus Camby,Steve Novak,Bobby Brown,David West,Emeka Okafor,James Posey,Marcus Thornton,4,6:33,NOH,free throw,,,,,,,2,,2,Emeka Okafor,,,foul,made,,,,
Al Thornton,Baron Davis,Chris Kaman,Marcus Camby,Steve Novak,Bobby Brown,David West,Emeka Okafor,James Posey,Marcus Thornton,4,6:11,LAC,shot,,,,,,,,,,Chris Kaman,,,,missed,,hook,26,13
Al Thornton,Baron Davis,Chris Kaman,Marcus Camby,Steve Novak,Bobby Brown,David West,Emeka Okafor,James Posey,Marcus Thornton,4,6:08,LAC,rebound,,,,,,,,,,Baron Davis,,,,,,off,,
Al Thornton,Baron Davis,Chris Kaman,Marcus Camby,Steve Novak,Bobby Brown,David West,Emeka Okafor,James Posey,Marcus Thornton,4,6:03,LAC,shot,Baron Davis,,,,,,,,,Al Thornton,2,,,made,,layup,25,6
Al Thornton,Baron Davis,Chris Kaman,Marcus Camby,Steve Novak,Bobby Brown,David West,Emeka Okafor,James Posey,Marcus Thornton,4,5:47,NOH,turnover,,,,,,,,,,James Posey,,,bad pass,,Marcus Camby,,,
Al Thornton,Baron Davis,Chris Kaman,Marcus Camby,Steve Novak,Bobby Brown,David West,Emeka Okafor,James Posey,Marcus Thornton,4,5:42,LAC,shot,Steve Novak,,,,,,,,,Baron Davis,2,,,made,,layup,25,6
Al Thornton,Baron Davis,Chris Kaman,Marcus Camby,Steve Novak,Bobby Brown,David West,Emeka Okafor,James Posey,Marcus Thornton,4,5:38,NOH,timeout,,,,,,,,,,,,,,,,regular,,
Al Thornton,Baron Davis,Chris Kaman,Marcus Camby,Steve Novak,Bobby Brown,David West,Devin Brown,Emeka Okafor,James Posey,4,5:38,NOH,sub,,,,Devin Brown,,Marcus Thornton,,,,,,,,,,,,
Al Thornton,Baron Davis,Chris Kaman,Marcus Camby,Steve Novak,Bobby Brown,David West,Devin Brown,Emeka Okafor,James Posey,4,5:26,NOH,foul,,,,,,,,Marcus Camby,,Bobby Brown,,,,,,offensive,,
Al Thornton,Baron Davis,Chris Kaman,Marcus Camby,Steve Novak,Bobby Brown,David West,Devin Brown,Emeka Okafor,James Posey,4,5:26,NOH,turnover,,,,,,,,,,Bobby Brown,,,foul,,,,,
Al Thornton,Baron Davis,Chris Kaman,Marcus Camby,Steve Novak,Bobby Brown,David West,Devin Brown,Emeka Okafor,James Posey,4,5:13,LAC,turnover,,,,,,,,,,Marcus Camby,,,bad pass,,,,,
Al Thornton,Baron Davis,Chris Kaman,Marcus Camby,Steve Novak,Bobby Brown,David West,Devin Brown,Emeka Okafor,James Posey,4,5:00,LAC,foul,,,,,,,,David West,,Marcus Camby,,,,,,personal,,
Al Thornton,Baron Davis,Chris Kaman,Marcus Camby,Steve Novak,Bobby Brown,David West,Devin Brown,Emeka Okafor,James Posey,4,5:00,NOH,turnover,,,,,,,,,,,,,,,,,,
Al Thornton,Baron Davis,Chris Kaman,Marcus Camby,Steve Novak,Bobby Brown,David West,Devin Brown,Emeka Okafor,James Posey,4,4:39,LAC,shot,,,,,,,,,,Baron Davis,,,,missed,,3pt,8,24
Al Thornton,Baron Davis,Chris Kaman,Marcus Camby,Steve Novak,Bobby Brown,David West,Devin Brown,Emeka Okafor,James Posey,4,4:38,NOH,rebound,,,,,,,,,,James Posey,,,,,,def,,
Al Thornton,Baron Davis,Chris Kaman,Marcus Camby,Steve Novak,Bobby Brown,David West,Devin Brown,Emeka Okafor,James Posey,4,4:38,LAC,foul,,,,,,,,James Posey,,Marcus Camby,,,,,,loose ball,,
Al Thornton,Baron Davis,Chris Kaman,Marcus Camby,Steve Novak,Bobby Brown,David West,Devin Brown,Emeka Okafor,James Posey,4,4:20,NOH,shot,,,,,,,,,,James Posey,,,,missed,,jump,30,26
Al Thornton,Baron Davis,Chris Kaman,Marcus Camby,Steve Novak,Bobby Brown,David West,Devin Brown,Emeka Okafor,James Posey,4,4:19,NOH,rebound,,,,,,,,,,Devin Brown,,,,,,off,,
Al Thornton,Baron Davis,Chris Kaman,Marcus Camby,Steve Novak,Bobby Brown,David West,Devin Brown,Emeka Okafor,James Posey,4,4:16,NOH,shot,,,Marcus Camby,,,,,,,James Posey,,,,missed,,layup,25,6
Al Thornton,Baron Davis,Chris Kaman,Marcus Camby,Steve Novak,Bobby Brown,David West,Devin Brown,Emeka Okafor,James Posey,4,4:15,NOH,rebound,,,,,,,,,,Devin Brown,,,,,,off,,
Al Thornton,Baron Davis,Chris Kaman,Marcus Camby,Steve Novak,Bobby Brown,David West,Devin Brown,Emeka Okafor,James Posey,4,4:10,NOH,shot,,,,,,,,,,James Posey,,,,missed,,3pt,8,24
Al Thornton,Baron Davis,Chris Kaman,Marcus Camby,Steve Novak,Bobby Brown,David West,Devin Brown,Emeka Okafor,James Posey,4,4:09,NOH,rebound,,,,,,,,,,David West,,,,,,off,,
Al Thornton,Baron Davis,Chris Kaman,Marcus Camby,Steve Novak,Bobby Brown,David West,Devin Brown,Emeka Okafor,James Posey,4,4:01,NOH,foul,,,,,,,,Baron Davis,,Bobby Brown,,,,,,offensive,,
Al Thornton,Baron Davis,Chris Kaman,Marcus Camby,Steve Novak,Bobby Brown,David West,Devin Brown,Emeka Okafor,James Posey,4,4:01,NOH,turnover,,,,,,,,,,Bobby Brown,,,foul,,,,,
Al Thornton,Baron Davis,Chris Kaman,Marcus Camby,Steve Novak,Darren Collison,David West,Devin Brown,Emeka Okafor,James Posey,4,4:01,NOH,sub,,,,Darren Collison,,Bobby Brown,,,,,,,,,,,,
Al Thornton,Baron Davis,Chris Kaman,Marcus Camby,Steve Novak,Darren Collison,David West,Devin Brown,Emeka Okafor,James Posey,4,3:47,LAC,shot,,,,,,,,,,Al Thornton,,,,missed,,jump,42,11
Al Thornton,Baron Davis,Chris Kaman,Marcus Camby,Steve Novak,Darren Collison,David West,Devin Brown,Emeka Okafor,James Posey,4,3:46,NOH,rebound,,,,,,,,,,Emeka Okafor,,,,,,def,,
Al Thornton,Baron Davis,Chris Kaman,Marcus Camby,Steve Novak,Darren Collison,David West,Devin Brown,Emeka Okafor,James Posey,4,3:39,LAC,foul,,,,,,,,Emeka Okafor,,Marcus Camby,,,,,,shooting,,
Al Thornton,Baron Davis,Chris Kaman,Marcus Camby,Steve Novak,Darren Collison,David West,Devin Brown,Emeka Okafor,James Posey,4,3:39,NOH,free throw,,,,,,,1,,2,David West,,,foul,made,,,,
Al Thornton,Baron Davis,Chris Kaman,Marcus Camby,Steve Novak,Darren Collison,David West,Devin Brown,Emeka Okafor,James Posey,4,3:39,NOH,free throw,,,,,,,2,,2,David West,,,foul,made,,,,
Al Thornton,Baron Davis,Chris Kaman,Marcus Camby,Steve Novak,Darren Collison,David West,Devin Brown,Emeka Okafor,James Posey,4,3:18,LAC,shot,,,,,,,,,,Baron Davis,3,,,made,,3pt,8,28
Al Thornton,Baron Davis,Chris Kaman,Marcus Camby,Steve Novak,Darren Collison,David West,Devin Brown,Emeka Okafor,James Posey,4,2:53,NOH,turnover,,,,,,,,,,Devin Brown,,,bad pass,,Al Thornton,,,
Al Thornton,Baron Davis,Chris Kaman,Marcus Camby,Steve Novak,Darren Collison,David West,Devin Brown,Emeka Okafor,James Posey,4,2:35,LAC,shot,,,,,,,,,,Steve Novak,,,,missed,,3pt,1,9
Al Thornton,Baron Davis,Chris Kaman,Marcus Camby,Steve Novak,Darren Collison,David West,Devin Brown,Emeka Okafor,James Posey,4,2:34,NOH,rebound,,,,,,,,,,Emeka Okafor,,,,,,def,,
Al Thornton,Baron Davis,Chris Kaman,Marcus Camby,Steve Novak,Darren Collison,David West,Devin Brown,Emeka Okafor,James Posey,4,2:18,NOH,shot,,,,,,,,,,James Posey,,,,missed,,dunk,25,6
Al Thornton,Baron Davis,Chris Kaman,Marcus Camby,Steve Novak,Darren Collison,David West,Devin Brown,Emeka Okafor,James Posey,4,2:17,NOH,rebound,,,,,,,,,,David West,,,,,,off,,
Al Thornton,Baron Davis,Chris Kaman,Marcus Camby,Steve Novak,Darren Collison,David West,Devin Brown,Emeka Okafor,James Posey,4,2:17,NOH,shot,,,,,,,,,,David West,2,,,made,,tip,25,6
Al Thornton,Baron Davis,Chris Kaman,Marcus Camby,Steve Novak,Darren Collison,David West,Devin Brown,Emeka Okafor,James Posey,4,2:15,LAC,timeout,,,,,,,,,,,,,,,,regular,,
Al Thornton,Baron Davis,Chris Kaman,Marcus Camby,Steve Novak,Darren Collison,David West,Devin Brown,Emeka Okafor,James Posey,4,1:57,LAC,shot,,,,,,,,,,Steve Novak,,,,missed,,3pt,34,29
Al Thornton,Baron Davis,Chris Kaman,Marcus Camby,Steve Novak,Darren Collison,David West,Devin Brown,Emeka Okafor,James Posey,4,1:56,NOH,rebound,,,,,,,,,,Emeka Okafor,,,,,,def,,
Al Thornton,Baron Davis,Chris Kaman,Marcus Camby,Steve Novak,Darren Collison,David West,Devin Brown,Emeka Okafor,James Posey,4,1:45,NOH,turnover,,,,,,,,,,Darren Collison,,,step out of bounds turnover,,,,,
Al Thornton,Baron Davis,Chris Kaman,Marcus Camby,Rasual Butler,Darren Collison,David West,Devin Brown,Emeka Okafor,James Posey,4,1:45,LAC,sub,,,,Rasual Butler,,Steve Novak,,,,,,,,,,,,
Al Thornton,Baron Davis,Chris Kaman,Marcus Camby,Rasual Butler,Darren Collison,David West,Devin Brown,Emeka Okafor,James Posey,4,1:35,LAC,turnover,,,,,,,,,,Chris Kaman,,,traveling,,,,,
Al Thornton,Baron Davis,Chris Kaman,Marcus Camby,Rasual Butler,Darren Collison,David West,Devin Brown,Emeka Okafor,James Posey,4,1:16,NOH,shot,James Posey,,,,,,,,,David West,2,,,made,,jump,30,25
Al Thornton,Baron Davis,Chris Kaman,Marcus Camby,Rasual Butler,Darren Collison,David West,Devin Brown,Emeka Okafor,James Posey,4,1:05,LAC,shot,,,,,,,,,,Baron Davis,3,,,made,,3pt,41,24
Al Thornton,Baron Davis,Chris Kaman,Marcus Camby,Rasual Butler,Darren Collison,David West,Devin Brown,Emeka Okafor,James Posey,4,1:01,LAC,foul,,,,,,,,Devin Brown,,Rasual Butler,,,,,,personal,,
Al Thornton,Baron Davis,Chris Kaman,Marcus Camby,Rasual Butler,Darren Collison,David West,Devin Brown,Emeka Okafor,James Posey,4,1:01,NOH,free throw,,,,,,,1,,2,Devin Brown,,,foul,missed,,,,
Al Thornton,Baron Davis,Chris Kaman,Marcus Camby,Rasual Butler,Darren Collison,David West,Devin Brown,Emeka Okafor,James Posey,4,1:01,NOH,rebound,,,,,,,,,,,,,,,,,,
Al Thornton,Baron Davis,Chris Kaman,Rasual Butler,Steve Novak,Darren Collison,David West,Devin Brown,Emeka Okafor,James Posey,4,1:01,LAC,sub,,,,Steve Novak,,Marcus Camby,,,,,,,,,,,,
Al Thornton,Baron Davis,Chris Kaman,Rasual Butler,Steve Novak,Darren Collison,David West,Devin Brown,Emeka Okafor,James Posey,4,1:01,NOH,free throw,,,,,,,2,,2,Devin Brown,,,foul,made,,,,
Al Thornton,Baron Davis,Chris Kaman,Rasual Butler,Steve Novak,Darren Collison,David West,Devin Brown,Emeka Okafor,James Posey,4,0:53,LAC,shot,Baron Davis,,,,,,,,,Rasual Butler,3,,,made,,3pt,1,9
Al Thornton,Baron Davis,Chris Kaman,Rasual Butler,Steve Novak,Darren Collison,David West,Devin Brown,Emeka Okafor,James Posey,4,0:53,NOH,timeout,,,,,,,,,,,,,,,,short,,
Al Thornton,Baron Davis,Chris Kaman,Rasual Butler,Steve Novak,Darren Collison,David West,Devin Brown,Emeka Okafor,James Posey,4,0:38,NOH,shot,,,,,,,,,,Devin Brown,,,,missed,,3pt,44,22
Al Thornton,Baron Davis,Chris Kaman,Rasual Butler,Steve Novak,Darren Collison,David West,Devin Brown,Emeka Okafor,James Posey,4,0:38,LAC,rebound,,,,,,,,,,,,,,,,,,
Al Thornton,Baron Davis,Chris Kaman,Rasual Butler,Steve Novak,Darren Collison,David West,Devin Brown,Emeka Okafor,James Posey,4,0:38,NOH,foul,,,,,,,,Al Thornton,,Emeka Okafor,,,,,,loose ball,,
Al Thornton,Baron Davis,Chris Kaman,Rasual Butler,Steve Novak,Darren Collison,David West,Devin Brown,James Posey,Peja Stojakovic,4,0:38,NOH,sub,,,,Peja Stojakovic,,Emeka Okafor,,,,,,,,,,,,
Al Thornton,Baron Davis,Chris Kaman,Rasual Butler,Steve Novak,Darren Collison,David West,Devin Brown,James Posey,Peja Stojakovic,4,0:38,LAC,free throw,,,,,,,1,,2,Al Thornton,,,foul,made,,,,
Al Thornton,Baron Davis,Chris Kaman,Rasual Butler,Sebastian Telfair,Darren Collison,David West,Devin Brown,James Posey,Peja Stojakovic,4,0:38,LAC,sub,,,,Sebastian Telfair,,Steve Novak,,,,,,,,,,,,
Al Thornton,Baron Davis,Marcus Camby,Rasual Butler,Sebastian Telfair,Darren Collison,David West,Devin Brown,James Posey,Peja Stojakovic,4,0:38,LAC,sub,,,,Marcus Camby,,Chris Kaman,,,,,,,,,,,,
Al Thornton,Baron Davis,Marcus Camby,Rasual Butler,Sebastian Telfair,Darren Collison,David West,Devin Brown,James Posey,Peja Stojakovic,4,0:38,LAC,free throw,,,,,,,2,,2,Al Thornton,,,foul,made,,,,
Al Thornton,Baron Davis,Marcus Camby,Rasual Butler,Sebastian Telfair,Darren Collison,David West,Devin Brown,James Posey,Peja Stojakovic,4,0:30,LAC,foul,,,,,,,,Peja Stojakovic,,Baron Davis,,,,,,personal,,
Al Thornton,Baron Davis,Marcus Camby,Rasual Butler,Sebastian Telfair,Darren Collison,David West,Devin Brown,James Posey,Peja Stojakovic,4,0:30,NOH,free throw,,,,,,,1,,2,Peja Stojakovic,,,foul,made,,,,
Al Thornton,Baron Davis,Marcus Camby,Rasual Butler,Steve Novak,Darren Collison,David West,Devin Brown,James Posey,Peja Stojakovic,4,0:30,LAC,sub,,,,Steve Novak,,Sebastian Telfair,,,,,,,,,,,,
Al Thornton,Baron Davis,Chris Kaman,Rasual Butler,Steve Novak,Darren Collison,David West,Devin Brown,James Posey,Peja Stojakovic,4,0:30,LAC,sub,,,,Chris Kaman,,Marcus Camby,,,,,,,,,,,,
Al Thornton,Baron Davis,Chris Kaman,Rasual Butler,Steve Novak,Darren Collison,David West,Devin Brown,James Posey,Peja Stojakovic,4,0:30,NOH,free throw,,,,,,,2,,2,Peja Stojakovic,,,foul,made,,,,
Al Thornton,Baron Davis,Chris Kaman,Rasual Butler,Steve Novak,Darren Collison,David West,Devin Brown,James Posey,Peja Stojakovic,4,0:30,LAC,timeout,,,,,,,,,,,,,,,,short,,
Al Thornton,Baron Davis,Chris Kaman,Rasual Butler,Steve Novak,Darren Collison,David West,Devin Brown,James Posey,Peja Stojakovic,4,0:20,LAC,shot,,,,,,,,,,Baron Davis,,,,missed,,3pt,19,29
Al Thornton,Baron Davis,Chris Kaman,Rasual Butler,Steve Novak,Darren Collison,David West,Devin Brown,James Posey,Peja Stojakovic,4,0:18,NOH,rebound,,,,,,,,,,Darren Collison,,,,,,def,,
Al Thornton,Baron Davis,Chris Kaman,Rasual Butler,Steve Novak,Darren Collison,David West,Devin Brown,James Posey,Peja Stojakovic,4,0:13,LAC,foul,,,,,,,,Peja Stojakovic,,Rasual Butler,,,,,,personal,,
Al Thornton,Baron Davis,Chris Kaman,Rasual Butler,Steve Novak,Darren Collison,David West,Devin Brown,James Posey,Peja Stojakovic,4,0:13,NOH,free throw,,,,,,,1,,2,Peja Stojakovic,,,foul,made,,,,
Al Thornton,Baron Davis,Chris Kaman,Rasual Butler,Steve Novak,Darren Collison,David West,Devin Brown,James Posey,Peja Stojakovic,4,0:13,NOH,free throw,,,,,,,2,,2,Peja Stojakovic,,,foul,made,,,,
Al Thornton,Baron Davis,Chris Kaman,Rasual Butler,Steve Novak,Darren Collison,David West,Devin Brown,James Posey,Peja Stojakovic,4,0:07,LAC,shot,Steve Novak,,,,,,,,,Baron Davis,3,,,made,,3pt,7,24
Al Thornton,Baron Davis,Chris Kaman,Rasual Butler,Steve Novak,Darren Collison,David West,Devin Brown,James Posey,Peja Stojakovic,4,0:06,LAC,foul,,,,,,,,Peja Stojakovic,,Rasual Butler,,,,,,personal,,
Al Thornton,Baron Davis,Chris Kaman,Rasual Butler,Steve Novak,Darren Collison,David West,Devin Brown,James Posey,Peja Stojakovic,4,0:06,NOH,free throw,,,,,,,1,,2,Peja Stojakovic,,,foul,made,,,,
Al Thornton,Baron Davis,Chris Kaman,Rasual Butler,Steve Novak,Darren Collison,David West,Devin Brown,James Posey,Peja Stojakovic,4,0:06,NOH,free throw,,,,,,,2,,2,Peja Stojakovic,,,foul,made,,,,
Al Thornton,Baron Davis,Chris Kaman,Rasual Butler,Steve Novak,Darren Collison,David West,Devin Brown,James Posey,Peja Stojakovic,4,0:06,LAC,timeout,,,,,,,,,,,,,,,,regular,,
Al Thornton,Baron Davis,Chris Kaman,Rasual Butler,Steve Novak,Darren Collison,David West,Devin Brown,James Posey,Peja Stojakovic,4,0:00,LAC,shot,,,,,,,,,,Baron Davis,,,,missed,,3pt,14,31
Al Thornton,Baron Davis,Chris Kaman,Rasual Butler,Steve Novak,Darren Collison,David West,Devin Brown,James Posey,Peja Stojakovic,4,0:00,NOH,rebound,,,,,,,,,,James Posey,,,,,,def,,
