a1,a2,a3,a4,a5,h1,h2,h3,h4,h5,period,time,team,etype,assist,away,block,entered,home,left,num,opponent,outof,player,points,possession,reason,result,steal,type,x,y
Andrea Bargnani,Chris Bosh,DeMar DeRozan,Hedo Turkoglu,Jose Calderon,Dirk Nowitzki,Erick Dampier,Jason Kidd,Josh Howard,Shawn Marion,1,12:00,OFF,jump ball,,Chris Bosh,,,Erick Dampier,,,,,,,Shawn Marion,,,,,,
Andrea Bargnani,Chris Bosh,DeMar DeRozan,Hedo Turkoglu,Jose Calderon,Dirk Nowitzki,Erick Dampier,Jason Kidd,Josh Howard,Shawn Marion,1,11:44,DAL,turnover,,,,,,,,,,Jason Kidd,,,bad pass,,,,,
Andrea Bargnani,Chris Bosh,DeMar DeRozan,Hedo Turkoglu,Jose Calderon,Dirk Nowitzki,Erick Dampier,Jason Kidd,Josh Howard,Shawn Marion,1,11:28,TOR,turnover,,,,,,,,,,Chris Bosh,,,bad pass,,Dirk Nowitzki,,,
Andrea Bargnani,Chris Bosh,DeMar DeRozan,Hedo Turkoglu,Jose Calderon,Dirk Nowitzki,Erick Dampier,Jason Kidd,Josh Howard,Shawn Marion,1,11:16,DAL,shot,,,,,,,,,,Josh Howard,,,,missed,,3pt,32,31
Andrea Bargnani,Chris Bosh,DeMar DeRozan,Hedo Turkoglu,Jose Calderon,Dirk Nowitzki,Erick Dampier,Jason Kidd,Josh Howard,Shawn Marion,1,11:14,DAL,rebound,,,,,,,,,,Erick Dampier,,,,,,off,,
Andrea Bargnani,Chris Bosh,DeMar DeRozan,Hedo Turkoglu,Jose Calderon,Dirk Nowitzki,Erick Dampier,Jason Kidd,Josh Howard,Shawn Marion,1,11:12,DAL,shot,,,DeMar DeRozan,,,,,,,Dirk Nowitzki,,,,missed,,jump,26,23
Andrea Bargnani,Chris Bosh,DeMar DeRozan,Hedo Turkoglu,Jose Calderon,Dirk Nowitzki,Erick Dampier,Jason Kidd,Josh Howard,Shawn Marion,1,11:10,TOR,rebound,,,,,,,,,,Chris Bosh,,,,,,def,,
Andrea Bargnani,Chris Bosh,DeMar DeRozan,Hedo Turkoglu,Jose Calderon,Dirk Nowitzki,Erick Dampier,Jason Kidd,Josh Howard,Shawn Marion,1,11:03,TOR,shot,,,,,,,,,,Jose Calderon,2,,,made,,jump,29,24
Andrea Bargnani,Chris Bosh,DeMar DeRozan,Hedo Turkoglu,Jose Calderon,Dirk Nowitzki,Erick Dampier,Jason Kidd,Josh Howard,Shawn Marion,1,10:51,DAL,shot,Erick Dampier,,,,,,,,,Dirk Nowitzki,2,,,made,,jump,22,24
Andrea Bargnani,Chris Bosh,DeMar DeRozan,Hedo Turkoglu,Jose Calderon,Dirk Nowitzki,Erick Dampier,Jason Kidd,Josh Howard,Shawn Marion,1,10:33,TOR,shot,,,,,,,,,,Andrea Bargnani,,,,missed,,3pt,15,30
Andrea Bargnani,Chris Bosh,DeMar DeRozan,Hedo Turkoglu,Jose Calderon,Dirk Nowitzki,Erick Dampier,Jason Kidd,Josh Howard,Shawn Marion,1,10:31,DAL,rebound,,,,,,,,,,Josh Howard,,,,,,def,,
Andrea Bargnani,Chris Bosh,DeMar DeRozan,Hedo Turkoglu,Jose Calderon,Dirk Nowitzki,Erick Dampier,Jason Kidd,Josh Howard,Shawn Marion,1,10:23,TOR,foul,,,,,,,,Josh Howard,,DeMar DeRozan,,,,,,shooting,,
Andrea Bargnani,Chris Bosh,DeMar DeRozan,Hedo Turkoglu,Jose Calderon,Dirk Nowitzki,Erick Dampier,Jason Kidd,Josh Howard,Shawn Marion,1,10:23,DAL,free throw,,,,,,,1,,2,Josh Howard,,,foul,made,,,,
Andrea Bargnani,Chris Bosh,DeMar DeRozan,Hedo Turkoglu,Jose Calderon,Dirk Nowitzki,Erick Dampier,Jason Kidd,Josh Howard,Shawn Marion,1,10:23,DAL,free throw,,,,,,,2,,2,Josh Howard,,,foul,missed,,,,
Andrea Bargnani,Chris Bosh,DeMar DeRozan,Hedo Turkoglu,Jose Calderon,Dirk Nowitzki,Erick Dampier,Jason Kidd,Josh Howard,Shawn Marion,1,10:22,TOR,rebound,,,,,,,,,,Hedo Turkoglu,,,,,,def,,
Andrea Bargnani,Chris Bosh,DeMar DeRozan,Hedo Turkoglu,Jose Calderon,Dirk Nowitzki,Erick Dampier,Jason Kidd,Josh Howard,Shawn Marion,1,10:14,TOR,shot,,,,,,,,,,Hedo Turkoglu,2,,,made,,running bank,17,8
Andrea Bargnani,Chris Bosh,DeMar DeRozan,Hedo Turkoglu,Jose Calderon,Dirk Nowitzki,Erick Dampier,Jason Kidd,Josh Howard,Shawn Marion,1,10:14,DAL,foul,,,,,,,,Hedo Turkoglu,,Jason Kidd,,,,,,shooting,,
Andrea Bargnani,Chris Bosh,DeMar DeRozan,Hedo Turkoglu,Jose Calderon,Dirk Nowitzki,Erick Dampier,Jason Kidd,Josh Howard,Shawn Marion,1,10:14,TOR,free throw,,,,,,,1,,1,Hedo Turkoglu,,,foul,made,,,,
Andrea Bargnani,Chris Bosh,DeMar DeRozan,Hedo Turkoglu,Jose Calderon,Dirk Nowitzki,Erick Dampier,Jason Kidd,Josh Howard,Shawn Marion,1,9:54,DAL,shot,,,,,,,,,,Josh Howard,,,,missed,,jump,5,7
Andrea Bargnani,Chris Bosh,DeMar DeRozan,Hedo Turkoglu,Jose Calderon,Dirk Nowitzki,Erick Dampier,Jason Kidd,Josh Howard,Shawn Marion,1,9:52,TOR,rebound,,,,,,,,,,Chris Bosh,,,,,,def,,
Andrea Bargnani,Chris Bosh,DeMar DeRozan,Hedo Turkoglu,Jose Calderon,Dirk Nowitzki,Erick Dampier,Jason Kidd,Josh Howard,Shawn Marion,1,9:46,TOR,shot,,,,,,,,,,Hedo Turkoglu,,,,missed,,3pt,11,27
Andrea Bargnani,Chris Bosh,DeMar DeRozan,Hedo Turkoglu,Jose Calderon,Dirk Nowitzki,Erick Dampier,Jason Kidd,Josh Howard,Shawn Marion,1,9:44,DAL,rebound,,,,,,,,,,,,,,,,,,
Andrea Bargnani,Chris Bosh,DeMar DeRozan,Hedo Turkoglu,Jose Calderon,Dirk Nowitzki,Erick Dampier,Jason Kidd,Josh Howard,Shawn Marion,1,9:33,TOR,foul,,,,,,,,Josh Howard,,Andrea Bargnani,,,,,,shooting,,
Andrea Bargnani,Chris Bosh,DeMar DeRozan,Hedo Turkoglu,Jose Calderon,Dirk Nowitzki,Erick Dampier,Jason Kidd,Josh Howard,Shawn Marion,1,9:33,DAL,free throw,,,,,,,1,,2,Josh Howard,,,foul,made,,,,
Andrea Bargnani,Chris Bosh,DeMar DeRozan,Hedo Turkoglu,Jose Calderon,Dirk Nowitzki,Erick Dampier,Jason Kidd,Josh Howard,Shawn Marion,1,9:33,DAL,free throw,,,,,,,2,,2,Josh Howard,,,foul,made,,,,
Andrea Bargnani,Chris Bosh,DeMar DeRozan,Hedo Turkoglu,Jose Calderon,Dirk Nowitzki,Erick Dampier,Jason Kidd,Josh Howard,Shawn Marion,1,9:21,TOR,shot,,,,,,,,,,Chris Bosh,2,,,made,,driving layup,25,6
Andrea Bargnani,Chris Bosh,DeMar DeRozan,Hedo Turkoglu,Jose Calderon,Dirk Nowitzki,Erick Dampier,Jason Kidd,Josh Howard,Shawn Marion,1,9:21,DAL,foul,,,,,,,,Chris Bosh,,Erick Dampier,,,,,,shooting,,
Andrea Bargnani,Chris Bosh,DeMar DeRozan,Hedo Turkoglu,Jose Calderon,Dirk Nowitzki,Erick Dampier,Jason Kidd,Josh Howard,Shawn Marion,1,9:21,TOR,free throw,,,,,,,1,,1,Chris Bosh,,,foul,made,,,,
Andrea Bargnani,Chris Bosh,DeMar DeRozan,Hedo Turkoglu,Jose Calderon,Dirk Nowitzki,Erick Dampier,Jason Kidd,Josh Howard,Shawn Marion,1,9:02,DAL,shot,,,,,,,,,,Dirk Nowitzki,,,,missed,,turnaround fade away,35,9
Andrea Bargnani,Chris Bosh,DeMar DeRozan,Hedo Turkoglu,Jose Calderon,Dirk Nowitzki,Erick Dampier,Jason Kidd,Josh Howard,Shawn Marion,1,9:00,TOR,rebound,,,,,,,,,,DeMar DeRozan,,,,,,def,,
Andrea Bargnani,Chris Bosh,DeMar DeRozan,Hedo Turkoglu,Jose Calderon,Dirk Nowitzki,Erick Dampier,Jason Kidd,Josh Howard,Shawn Marion,1,8:45,TOR,shot,,,,,,,,,,Chris Bosh,,,,missed,,running jump,23,11
Andrea Bargnani,Chris Bosh,DeMar DeRozan,Hedo Turkoglu,Jose Calderon,Dirk Nowitzki,Erick Dampier,Jason Kidd,Josh Howard,Shawn Marion,1,8:44,TOR,rebound,,,,,,,,,,Chris Bosh,,,,,,off,,
Andrea Bargnani,Chris Bosh,DeMar DeRozan,Hedo Turkoglu,Jose Calderon,Dirk Nowitzki,Erick Dampier,Jason Kidd,Josh Howard,Shawn Marion,1,8:44,TOR,shot,,,,,,,,,,Chris Bosh,,,,missed,,layup,25,6
Andrea Bargnani,Chris Bosh,DeMar DeRozan,Hedo Turkoglu,Jose Calderon,Dirk Nowitzki,Erick Dampier,Jason Kidd,Josh Howard,Shawn Marion,1,8:43,TOR,rebound,,,,,,,,,,Chris Bosh,,,,,,off,,
Andrea Bargnani,Chris Bosh,DeMar DeRozan,Hedo Turkoglu,Jose Calderon,Dirk Nowitzki,Erick Dampier,Jason Kidd,Josh Howard,Shawn Marion,1,8:41,TOR,shot,,,,,,,,,,Chris Bosh,2,,,made,,layup,25,6
Andrea Bargnani,Chris Bosh,DeMar DeRozan,Hedo Turkoglu,Jose Calderon,Dirk Nowitzki,Erick Dampier,Jason Kidd,Josh Howard,Shawn Marion,1,8:35,TOR,foul,,,,,,,,Josh Howard,,DeMar DeRozan,,,,,,shooting,,
Andrea Bargnani,Chris Bosh,DeMar DeRozan,Hedo Turkoglu,Jose Calderon,Dirk Nowitzki,Erick Dampier,Jason Kidd,Josh Howard,Shawn Marion,1,8:35,DAL,free throw,,,,,,,1,,2,Josh Howard,,,foul,made,,,,
Andrea Bargnani,Chris Bosh,DeMar DeRozan,Hedo Turkoglu,Jose Calderon,Dirk Nowitzki,Erick Dampier,Jason Kidd,Josh Howard,Shawn Marion,1,8:35,DAL,free throw,,,,,,,2,,2,Josh Howard,,,foul,made,,,,
Andrea Bargnani,Chris Bosh,DeMar DeRozan,Hedo Turkoglu,Jose Calderon,Dirk Nowitzki,Erick Dampier,Jason Kidd,Josh Howard,Shawn Marion,1,8:31,TOR,turnover,,,,,,,,,,DeMar DeRozan,,,jump ball violation,,Josh Howard,,,
Andrea Bargnani,Chris Bosh,DeMar DeRozan,Hedo Turkoglu,Jose Calderon,Dirk Nowitzki,Erick Dampier,Jason Kidd,Josh Howard,Shawn Marion,1,8:19,DAL,shot,,,,,,,,,,Shawn Marion,,,,missed,,layup,25,6
Andrea Bargnani,Chris Bosh,DeMar DeRozan,Hedo Turkoglu,Jose Calderon,Dirk Nowitzki,Erick Dampier,Jason Kidd,Josh Howard,Shawn Marion,1,8:18,TOR,rebound,,,,,,,,,,Chris Bosh,,,,,,def,,
Andrea Bargnani,Chris Bosh,DeMar DeRozan,Hedo Turkoglu,Jose Calderon,Dirk Nowitzki,Erick Dampier,Jason Kidd,Josh Howard,Shawn Marion,1,8:05,TOR,shot,,,,,,,,,,Andrea Bargnani,,,,missed,,jump,26,20
Andrea Bargnani,Chris Bosh,DeMar DeRozan,Hedo Turkoglu,Jose Calderon,Dirk Nowitzki,Erick Dampier,Jason Kidd,Josh Howard,Shawn Marion,1,8:03,DAL,rebound,,,,,,,,,,Shawn Marion,,,,,,def,,
Andrea Bargnani,Chris Bosh,DeMar DeRozan,Hedo Turkoglu,Jose Calderon,Dirk Nowitzki,Erick Dampier,Jason Kidd,Josh Howard,Shawn Marion,1,7:55,DAL,shot,,,,,,,,,,Shawn Marion,,,,missed,,jump,24,18
Andrea Bargnani,Chris Bosh,DeMar DeRozan,Hedo Turkoglu,Jose Calderon,Dirk Nowitzki,Erick Dampier,Jason Kidd,Josh Howard,Shawn Marion,1,7:54,DAL,rebound,,,,,,,,,,Erick Dampier,,,,,,off,,
Andrea Bargnani,Chris Bosh,DeMar DeRozan,Hedo Turkoglu,Jose Calderon,Dirk Nowitzki,Erick Dampier,Jason Kidd,Josh Howard,Shawn Marion,1,7:53,DAL,shot,,,,,,,,,,Erick Dampier,,,,missed,,layup,25,6
Andrea Bargnani,Chris Bosh,DeMar DeRozan,Hedo Turkoglu,Jose Calderon,Dirk Nowitzki,Erick Dampier,Jason Kidd,Josh Howard,Shawn Marion,1,7:52,TOR,rebound,,,,,,,,,,Hedo Turkoglu,,,,,,def,,
Andrea Bargnani,Chris Bosh,DeMar DeRozan,Hedo Turkoglu,Jose Calderon,Dirk Nowitzki,Erick Dampier,Jason Kidd,Josh Howard,Shawn Marion,1,7:46,TOR,shot,,,,,,,,,,Jose Calderon,,,,missed,,3pt,44,22
Andrea Bargnani,Chris Bosh,DeMar DeRozan,Hedo Turkoglu,Jose Calderon,Dirk Nowitzki,Erick Dampier,Jason Kidd,Josh Howard,Shawn Marion,1,7:44,DAL,rebound,,,,,,,,,,Dirk Nowitzki,,,,,,def,,
Andrea Bargnani,Chris Bosh,DeMar DeRozan,Hedo Turkoglu,Jose Calderon,Dirk Nowitzki,Erick Dampier,Jason Kidd,Josh Howard,Shawn Marion,1,7:29,DAL,shot,Dirk Nowitzki,,,,,,,,,Erick Dampier,2,,,made,,slam dunk,25,6
Andrea Bargnani,Chris Bosh,DeMar DeRozan,Hedo Turkoglu,Jose Calderon,Dirk Nowitzki,Erick Dampier,Jason Kidd,Josh Howard,Shawn Marion,1,7:14,TOR,shot,,,,,,,,,,Hedo Turkoglu,,,,missed,,running jump,36,11
Andrea Bargnani,Chris Bosh,DeMar DeRozan,Hedo Turkoglu,Jose Calderon,Dirk Nowitzki,Erick Dampier,Jason Kidd,Josh Howard,Shawn Marion,1,7:09,DAL,rebound,,,,,,,,,,Dirk Nowitzki,,,,,,def,,
Andrea Bargnani,Chris Bosh,DeMar DeRozan,Hedo Turkoglu,Jose Calderon,Dirk Nowitzki,Erick Dampier,Jason Kidd,Josh Howard,Shawn Marion,1,6:59,DAL,shot,,,Andrea Bargnani,,,,,,,Erick Dampier,,,,missed,,layup,25,6
Andrea Bargnani,Chris Bosh,DeMar DeRozan,Hedo Turkoglu,Jose Calderon,Dirk Nowitzki,Erick Dampier,Jason Kidd,Josh Howard,Shawn Marion,1,6:57,TOR,rebound,,,,,,,,,,Andrea Bargnani,,,,,,def,,
Andrea Bargnani,Chris Bosh,DeMar DeRozan,Hedo Turkoglu,Jose Calderon,Dirk Nowitzki,Erick Dampier,Jason Kidd,Josh Howard,Shawn Marion,1,6:44,DAL,violation,,,,,,,,,,Erick Dampier,,,,,,defensive goaltending,,
Andrea Bargnani,Chris Bosh,DeMar DeRozan,Hedo Turkoglu,Jose Calderon,Dirk Nowitzki,Erick Dampier,Jason Kidd,Josh Howard,Shawn Marion,1,6:44,TOR,shot,,,,,,,,,,Jose Calderon,2,,,made,,driving layup,25,6
Andrea Bargnani,Chris Bosh,DeMar DeRozan,Hedo Turkoglu,Jose Calderon,Dirk Nowitzki,Erick Dampier,Jason Kidd,Josh Howard,Shawn Marion,1,6:32,DAL,shot,Jason Kidd,,,,,,,,,Dirk Nowitzki,2,,,made,,driving layup,25,6
Andrea Bargnani,Chris Bosh,DeMar DeRozan,Hedo Turkoglu,Jose Calderon,Dirk Nowitzki,Erick Dampier,Jason Kidd,Josh Howard,Shawn Marion,1,6:22,TOR,shot,Jose Calderon,,,,,,,,,Chris Bosh,3,,,made,,3pt,32,30
Andrea Bargnani,Chris Bosh,DeMar DeRozan,Hedo Turkoglu,Jose Calderon,Dirk Nowitzki,Erick Dampier,Jason Kidd,Josh Howard,Shawn Marion,1,6:02,DAL,shot,,,,,,,,,,Shawn Marion,2,,,made,,layup,25,6
Andrea Bargnani,Chris Bosh,DeMar DeRozan,Hedo Turkoglu,Jose Calderon,Dirk Nowitzki,Erick Dampier,Jason Kidd,Josh Howard,Shawn Marion,1,5:40,TOR,shot,,,,,,,,,,Jose Calderon,,,,missed,,jump,33,21
Andrea Bargnani,Chris Bosh,DeMar DeRozan,Hedo Turkoglu,Jose Calderon,Dirk Nowitzki,Erick Dampier,Jason Kidd,Josh Howard,Shawn Marion,1,5:38,TOR,rebound,,,,,,,,,,Chris Bosh,,,,,,off,,
Andrea Bargnani,Chris Bosh,DeMar DeRozan,Hedo Turkoglu,Jose Calderon,Dirk Nowitzki,Erick Dampier,Jason Kidd,Josh Howard,Shawn Marion,1,5:27,TOR,shot,,,,,,,,,,Chris Bosh,2,,,made,,layup,25,6
Andrea Bargnani,Chris Bosh,DeMar DeRozan,Hedo Turkoglu,Jose Calderon,Dirk Nowitzki,Erick Dampier,Jason Kidd,Josh Howard,Shawn Marion,1,5:20,DAL,timeout,,,,,,,,,,,,,,,,regular,,
Andrea Bargnani,Chris Bosh,DeMar DeRozan,Hedo Turkoglu,Jose Calderon,Dirk Nowitzki,Jason Kidd,Jason Terry,Josh Howard,Shawn Marion,1,5:20,DAL,sub,,,,Jason Terry,,Erick Dampier,,,,,,,,,,,,
Andrea Bargnani,Antoine Wright,DeMar DeRozan,Hedo Turkoglu,Jose Calderon,Dirk Nowitzki,Jason Kidd,Jason Terry,Josh Howard,Shawn Marion,1,5:20,TOR,sub,,,,Antoine Wright,,Chris Bosh,,,,,,,,,,,,
Andrea Bargnani,Antoine Wright,Hedo Turkoglu,Jarrett Jack,Jose Calderon,Dirk Nowitzki,Jason Kidd,Jason Terry,Josh Howard,Shawn Marion,1,5:20,TOR,sub,,,,Jarrett Jack,,DeMar DeRozan,,,,,,,,,,,,
Amir Johnson,Andrea Bargnani,Antoine Wright,Hedo Turkoglu,Jarrett Jack,Dirk Nowitzki,Jason Kidd,Jason Terry,Josh Howard,Shawn Marion,1,5:20,TOR,sub,,,,Amir Johnson,,Jose Calderon,,,,,,,,,,,,
Amir Johnson,Andrea Bargnani,Antoine Wright,Hedo Turkoglu,Jarrett Jack,Dirk Nowitzki,Jason Kidd,Jason Terry,Josh Howard,Shawn Marion,1,5:02,DAL,shot,,,,,,,,,,Dirk Nowitzki,2,,,made,,turnaround jump,19,19
Amir Johnson,Andrea Bargnani,Antoine Wright,Hedo Turkoglu,Jarrett Jack,Dirk Nowitzki,Jason Kidd,Jason Terry,Josh Howard,Shawn Marion,1,4:42,TOR,turnover,,,,,,,,,,Jarrett Jack,,,bad pass,,Jason Terry,,,
Amir Johnson,Andrea Bargnani,Antoine Wright,Hedo Turkoglu,Jarrett Jack,Dirk Nowitzki,Jason Kidd,Jason Terry,Josh Howard,Shawn Marion,1,4:38,DAL,shot,Jason Terry,,,,,,,,,Shawn Marion,2,,,made,,slam dunk,25,6
Amir Johnson,Andrea Bargnani,Antoine Wright,Hedo Turkoglu,Jarrett Jack,Dirk Nowitzki,Jason Kidd,Jason Terry,Josh Howard,Shawn Marion,1,4:23,TOR,shot,,,,,,,,,,Antoine Wright,,,,missed,,3pt,9,25
Amir Johnson,Andrea Bargnani,Antoine Wright,Hedo Turkoglu,Jarrett Jack,Dirk Nowitzki,Jason Kidd,Jason Terry,Josh Howard,Shawn Marion,1,4:20,DAL,rebound,,,,,,,,,,Shawn Marion,,,,,,def,,
Amir Johnson,Andrea Bargnani,Antoine Wright,Hedo Turkoglu,Jarrett Jack,Dirk Nowitzki,Jason Kidd,Jason Terry,Josh Howard,Shawn Marion,1,4:11,DAL,shot,,,,,,,,,,Dirk Nowitzki,,,,missed,,jump,10,10
Amir Johnson,Andrea Bargnani,Antoine Wright,Hedo Turkoglu,Jarrett Jack,Dirk Nowitzki,Jason Kidd,Jason Terry,Josh Howard,Shawn Marion,1,4:09,TOR,rebound,,,,,,,,,,Hedo Turkoglu,,,,,,def,,
Amir Johnson,Andrea Bargnani,Antoine Wright,Hedo Turkoglu,Jarrett Jack,Dirk Nowitzki,Jason Kidd,Jason Terry,Josh Howard,Shawn Marion,1,3:59,TOR,shot,Hedo Turkoglu,,,,,,,,,Andrea Bargnani,2,,,made,,jump,12,22
Amir Johnson,Andrea Bargnani,Antoine Wright,Hedo Turkoglu,Jarrett Jack,Dirk Nowitzki,Jason Kidd,Jason Terry,Josh Howard,Shawn Marion,1,3:42,DAL,shot,Jason Kidd,,,,,,,,,Jason Terry,3,,,made,,3pt,35,28
Amir Johnson,Andrea Bargnani,Antoine Wright,Hedo Turkoglu,Jarrett Jack,Dirk Nowitzki,Jason Kidd,Jason Terry,Josh Howard,Shawn Marion,1,3:16,TOR,shot,,,,,,,,,,Andrea Bargnani,3,,,made,,3pt,12,29
Amir Johnson,Andrea Bargnani,Antoine Wright,Hedo Turkoglu,Jarrett Jack,Dirk Nowitzki,Jason Kidd,Jason Terry,Josh Howard,Shawn Marion,1,2:58,DAL,shot,,,,,,,,,,Jason Terry,,,,missed,,driving layup,25,6
Amir Johnson,Andrea Bargnani,Antoine Wright,Hedo Turkoglu,Jarrett Jack,Dirk Nowitzki,Jason Kidd,Jason Terry,Josh Howard,Shawn Marion,1,2:56,TOR,rebound,,,,,,,,,,Andrea Bargnani,,,,,,def,,
Amir Johnson,Andrea Bargnani,Antoine Wright,Hedo Turkoglu,Jarrett Jack,Dirk Nowitzki,Jason Kidd,Jason Terry,Josh Howard,Shawn Marion,1,2:49,TOR,shot,,,,,,,,,,Andrea Bargnani,,,,missed,,3pt,19,30
Amir Johnson,Andrea Bargnani,Antoine Wright,Hedo Turkoglu,Jarrett Jack,Dirk Nowitzki,Jason Kidd,Jason Terry,Josh Howard,Shawn Marion,1,2:48,TOR,rebound,,,,,,,,,,Amir Johnson,,,,,,off,,
Amir Johnson,Andrea Bargnani,Antoine Wright,Hedo Turkoglu,Jarrett Jack,Dirk Nowitzki,Jason Kidd,Jason Terry,Josh Howard,Shawn Marion,1,2:33,TOR,shot,Hedo Turkoglu,,,,,,,,,Jarrett Jack,3,,,made,,3pt,38,27
Amir Johnson,Andrea Bargnani,Antoine Wright,Hedo Turkoglu,Jarrett Jack,Dirk Nowitzki,Jason Kidd,Jason Terry,Josh Howard,Shawn Marion,1,2:10,DAL,shot,Josh Howard,,,,,,,,,Jason Terry,2,,,made,,jump,41,6
Amir Johnson,Andrea Bargnani,Antoine Wright,Hedo Turkoglu,Jarrett Jack,Dirk Nowitzki,Jason Kidd,Jason Terry,Josh Howard,Shawn Marion,1,2:02,TOR,timeout,,,,,,,,,,,,,,,,regular,,
Amir Johnson,Andrea Bargnani,Antoine Wright,Hedo Turkoglu,Jarrett Jack,Dirk Nowitzki,Jason Terry,Jose Juan Barea,Josh Howard,Shawn Marion,1,2:02,DAL,sub,,,,Jose Juan Barea,,Jason Kidd,,,,,,,,,,,,
Amir Johnson,Andrea Bargnani,Antoine Wright,Hedo Turkoglu,Jarrett Jack,Dirk Nowitzki,James Singleton,Jason Terry,Jose Juan Barea,Josh Howard,1,2:02,DAL,sub,,,,James Singleton,,Shawn Marion,,,,,,,,,,,,
Amir Johnson,Andrea Bargnani,Antoine Wright,Chris Bosh,Jarrett Jack,Dirk Nowitzki,James Singleton,Jason Terry,Jose Juan Barea,Josh Howard,1,2:02,TOR,sub,,,,Chris Bosh,,Hedo Turkoglu,,,,,,,,,,,,
Amir Johnson,Antoine Wright,Chris Bosh,Jarrett Jack,Marco Belinelli,Dirk Nowitzki,James Singleton,Jason Terry,Jose Juan Barea,Josh Howard,1,2:02,TOR,sub,,,,Marco Belinelli,,Andrea Bargnani,,,,,,,,,,,,
Amir Johnson,Antoine Wright,Chris Bosh,Jarrett Jack,Marco Belinelli,Dirk Nowitzki,James Singleton,Jason Terry,Jose Juan Barea,Josh Howard,1,1:54,TOR,shot,,,,,,,,,,Jarrett Jack,,,,missed,,jump,21,12
Amir Johnson,Antoine Wright,Chris Bosh,Jarrett Jack,Marco Belinelli,Dirk Nowitzki,James Singleton,Jason Terry,Jose Juan Barea,Josh Howard,1,1:48,TOR,rebound,,,,,,,,,,Amir Johnson,,,,,,off,,
Amir Johnson,Antoine Wright,Chris Bosh,Jarrett Jack,Marco Belinelli,Dirk Nowitzki,James Singleton,Jason Terry,Jose Juan Barea,Josh Howard,1,1:48,TOR,shot,,,,,,,,,,Amir Johnson,,,,missed,,layup,25,6
Amir Johnson,Antoine Wright,Chris Bosh,Jarrett Jack,Marco Belinelli,Dirk Nowitzki,James Singleton,Jason Terry,Jose Juan Barea,Josh Howard,1,1:47,DAL,rebound,,,,,,,,,,James Singleton,,,,,,def,,
Amir Johnson,Antoine Wright,Chris Bosh,Jarrett Jack,Marco Belinelli,Dirk Nowitzki,James Singleton,Jason Terry,Jose Juan Barea,Josh Howard,1,1:38,TOR,foul,,,,,,,,James Singleton,,Amir Johnson,,,,,,personal,,
Amir Johnson,Antoine Wright,Chris Bosh,Jarrett Jack,Marco Belinelli,Dirk Nowitzki,James Singleton,Jason Terry,Jose Juan Barea,Josh Howard,1,1:25,DAL,shot,,,,,,,,,,Jose Juan Barea,,,,missed,,3pt,14,29
Amir Johnson,Antoine Wright,Chris Bosh,Jarrett Jack,Marco Belinelli,Dirk Nowitzki,James Singleton,Jason Terry,Jose Juan Barea,Josh Howard,1,1:23,TOR,rebound,,,,,,,,,,Chris Bosh,,,,,,def,,
Amir Johnson,Antoine Wright,Chris Bosh,Jarrett Jack,Marco Belinelli,Dirk Nowitzki,James Singleton,Jason Terry,Jose Juan Barea,Josh Howard,1,1:11,TOR,turnover,,,,,,,,,,Antoine Wright,,,bad pass,,Josh Howard,,,
Amir Johnson,Antoine Wright,Chris Bosh,Jarrett Jack,Marco Belinelli,Dirk Nowitzki,James Singleton,Jason Terry,Jose Juan Barea,Josh Howard,1,1:07,DAL,shot,Jason Terry,,,,,,,,,Josh Howard,2,,,made,,jump,39,12
Amir Johnson,Antoine Wright,Chris Bosh,Jarrett Jack,Marco Belinelli,Dirk Nowitzki,James Singleton,Jason Terry,Jose Juan Barea,Josh Howard,1,0:45,TOR,turnover,,,,,,,,,,Marco Belinelli,,,bad pass,,,,,
Amir Johnson,Antoine Wright,Chris Bosh,Jarrett Jack,Marco Belinelli,Dirk Nowitzki,James Singleton,Jason Terry,Jose Juan Barea,Josh Howard,1,0:28,DAL,shot,,,,,,,,,,Dirk Nowitzki,2,,,made,,driving finger roll layup,25,6
Amir Johnson,Antoine Wright,Chris Bosh,Jarrett Jack,Marco Belinelli,Dirk Nowitzki,James Singleton,Jason Terry,Jose Juan Barea,Josh Howard,1,0:06,TOR,shot,,,,,,,,,,Jarrett Jack,,,,missed,,running jump,15,14
Amir Johnson,Antoine Wright,Chris Bosh,Jarrett Jack,Marco Belinelli,Dirk Nowitzki,James Singleton,Jason Terry,Jose Juan Barea,Josh Howard,1,0:03,DAL,rebound,,,,,,,,,,Josh Howard,,,,,,def,,
Amir Johnson,Antoine Wright,Chris Bosh,Jarrett Jack,Marco Belinelli,Dirk Nowitzki,James Singleton,Jason Terry,Jose Juan Barea,Josh Howard,1,0:00,DAL,shot,,,,,,,,,,Josh Howard,,,,missed,,3pt,15,29
Amir Johnson,Antoine Wright,Chris Bosh,Jarrett Jack,Marco Belinelli,Dirk Nowitzki,James Singleton,Jason Terry,Jose Juan Barea,Josh Howard,1,0:00,TOR,rebound,,,,,,,,,,Jarrett Jack,,,,,,def,,
Amir Johnson,Chris Bosh,Hedo Turkoglu,Jarrett Jack,Marco Belinelli,Erick Dampier,James Singleton,Jason Terry,Jose Juan Barea,Shawn Marion,2,11:53,TOR,turnover,,,,,,,,,,Jarrett Jack,,,bad pass,,James Singleton,,,
Amir Johnson,Chris Bosh,Hedo Turkoglu,Jarrett Jack,Marco Belinelli,Erick Dampier,James Singleton,Jason Terry,Jose Juan Barea,Shawn Marion,2,11:51,DAL,shot,,,,,,,,,,James Singleton,2,,,made,,layup,25,6
Amir Johnson,Chris Bosh,Hedo Turkoglu,Jarrett Jack,Marco Belinelli,Erick Dampier,James Singleton,Jason Terry,Jose Juan Barea,Shawn Marion,2,11:36,DAL,foul,,,,,,,,Chris Bosh,,James Singleton,,,,,,shooting,,
Amir Johnson,Chris Bosh,Hedo Turkoglu,Jarrett Jack,Marco Belinelli,Erick Dampier,James Singleton,Jason Terry,Jose Juan Barea,Shawn Marion,2,11:36,TOR,free throw,,,,,,,1,,2,Chris Bosh,,,foul,made,,,,
Amir Johnson,Chris Bosh,Hedo Turkoglu,Jarrett Jack,Marco Belinelli,Erick Dampier,James Singleton,Jason Terry,Jose Juan Barea,Shawn Marion,2,11:36,TOR,free throw,,,,,,,2,,2,Chris Bosh,,,foul,missed,,,,
Amir Johnson,Chris Bosh,Hedo Turkoglu,Jarrett Jack,Marco Belinelli,Erick Dampier,James Singleton,Jason Terry,Jose Juan Barea,Shawn Marion,2,11:35,DAL,rebound,,,,,,,,,,Shawn Marion,,,,,,def,,
Amir Johnson,Chris Bosh,Hedo Turkoglu,Jarrett Jack,Marco Belinelli,Erick Dampier,James Singleton,Jason Terry,Jose Juan Barea,Shawn Marion,2,11:20,DAL,shot,,,,,,,,,,Shawn Marion,2,,,made,,jump,21,12
Amir Johnson,Chris Bosh,Hedo Turkoglu,Jarrett Jack,Marco Belinelli,Erick Dampier,James Singleton,Jason Terry,Jose Juan Barea,Shawn Marion,2,10:58,TOR,shot,,,Erick Dampier,,,,,,,Amir Johnson,,,,missed,,driving layup,25,6
Amir Johnson,Chris Bosh,Hedo Turkoglu,Jarrett Jack,Marco Belinelli,Erick Dampier,James Singleton,Jason Terry,Jose Juan Barea,Shawn Marion,2,10:58,TOR,rebound,,,,,,,,,,,,,,,,,,
Amir Johnson,Chris Bosh,Hedo Turkoglu,Jarrett Jack,Marco Belinelli,Erick Dampier,James Singleton,Jason Terry,Jose Juan Barea,Shawn Marion,2,10:56,TOR,shot,,,,,,,,,,Chris Bosh,,,,missed,,alley oop layup,25,6
Amir Johnson,Chris Bosh,Hedo Turkoglu,Jarrett Jack,Marco Belinelli,Erick Dampier,James Singleton,Jason Terry,Jose Juan Barea,Shawn Marion,2,10:55,TOR,rebound,,,,,,,,,,Chris Bosh,,,,,,off,,
Amir Johnson,Chris Bosh,Hedo Turkoglu,Jarrett Jack,Marco Belinelli,Erick Dampier,James Singleton,Jason Terry,Jose Juan Barea,Shawn Marion,2,10:55,TOR,shot,,,,,,,,,,Chris Bosh,,,,missed,,layup,25,6
Amir Johnson,Chris Bosh,Hedo Turkoglu,Jarrett Jack,Marco Belinelli,Erick Dampier,James Singleton,Jason Terry,Jose Juan Barea,Shawn Marion,2,10:54,TOR,rebound,,,,,,,,,,Chris Bosh,,,,,,off,,
Amir Johnson,Chris Bosh,Hedo Turkoglu,Jarrett Jack,Marco Belinelli,Erick Dampier,James Singleton,Jason Terry,Jose Juan Barea,Shawn Marion,2,10:52,TOR,shot,,,,,,,,,,Chris Bosh,,,,missed,,layup,25,6
Amir Johnson,Chris Bosh,Hedo Turkoglu,Jarrett Jack,Marco Belinelli,Erick Dampier,James Singleton,Jason Terry,Jose Juan Barea,Shawn Marion,2,10:52,TOR,rebound,,,,,,,,,,Amir Johnson,,,,,,off,,
Amir Johnson,Chris Bosh,Hedo Turkoglu,Jarrett Jack,Marco Belinelli,Erick Dampier,James Singleton,Jason Terry,Jose Juan Barea,Shawn Marion,2,10:52,DAL,foul,,,,,,,,Amir Johnson,,James Singleton,,,,,,shooting,,
Amir Johnson,Chris Bosh,Hedo Turkoglu,Jarrett Jack,Marco Belinelli,Erick Dampier,James Singleton,Jason Terry,Jose Juan Barea,Shawn Marion,2,10:52,TOR,free throw,,,,,,,1,,2,Amir Johnson,,,foul,made,,,,
Amir Johnson,Chris Bosh,Hedo Turkoglu,Jose Calderon,Marco Belinelli,Erick Dampier,James Singleton,Jason Terry,Jose Juan Barea,Shawn Marion,2,10:52,TOR,sub,,,,Jose Calderon,,Jarrett Jack,,,,,,,,,,,,
Amir Johnson,Chris Bosh,Hedo Turkoglu,Jose Calderon,Marco Belinelli,Erick Dampier,James Singleton,Jason Terry,Jose Juan Barea,Shawn Marion,2,10:52,TOR,free throw,,,,,,,2,,2,Amir Johnson,,,foul,made,,,,
Amir Johnson,Chris Bosh,Hedo Turkoglu,Jose Calderon,Marco Belinelli,Erick Dampier,James Singleton,Jason Terry,Jose Juan Barea,Shawn Marion,2,10:41,TOR,foul,,,,,,,,,,Chris Bosh,,,,,,defense 3 second,,
Amir Johnson,Chris Bosh,Hedo Turkoglu,Jose Calderon,Marco Belinelli,Erick Dampier,James Singleton,Jason Terry,Jose Juan Barea,Shawn Marion,2,10:41,DAL,free throw,,,,,,,1,,1,Jason Terry,,,technical,missed,,,,
Amir Johnson,Chris Bosh,Hedo Turkoglu,Jose Calderon,Marco Belinelli,Erick Dampier,James Singleton,Jason Terry,Jose Juan Barea,Shawn Marion,2,10:41,DAL,rebound,,,,,,,,,,,,,,,,,,
Amir Johnson,Chris Bosh,Hedo Turkoglu,Jose Calderon,Marco Belinelli,Erick Dampier,James Singleton,Jason Terry,Jose Juan Barea,Shawn Marion,2,10:32,DAL,shot,,,,,,,,,,Jose Juan Barea,,,,missed,,running jump,25,12
Amir Johnson,Chris Bosh,Hedo Turkoglu,Jose Calderon,Marco Belinelli,Erick Dampier,James Singleton,Jason Terry,Jose Juan Barea,Shawn Marion,2,10:29,TOR,rebound,,,,,,,,,,Jose Calderon,,,,,,def,,
Amir Johnson,Chris Bosh,Hedo Turkoglu,Jose Calderon,Marco Belinelli,Erick Dampier,James Singleton,Jason Terry,Jose Juan Barea,Shawn Marion,2,10:19,TOR,shot,,,,,,,,,,Jose Calderon,,,,missed,,3pt,46,18
Amir Johnson,Chris Bosh,Hedo Turkoglu,Jose Calderon,Marco Belinelli,Erick Dampier,James Singleton,Jason Terry,Jose Juan Barea,Shawn Marion,2,10:17,DAL,rebound,,,,,,,,,,Erick Dampier,,,,,,def,,
Amir Johnson,Chris Bosh,Hedo Turkoglu,Jose Calderon,Marco Belinelli,Erick Dampier,James Singleton,Jason Terry,Jose Juan Barea,Shawn Marion,2,10:15,DAL,turnover,,,,,,,,,,Erick Dampier,,,bad pass,,Jose Calderon,,,
Amir Johnson,Chris Bosh,Hedo Turkoglu,Jose Calderon,Marco Belinelli,Erick Dampier,James Singleton,Jason Terry,Jose Juan Barea,Shawn Marion,2,10:06,DAL,foul,,,,,,,,Chris Bosh,,Shawn Marion,,,,,,shooting,,
Amir Johnson,Chris Bosh,Hedo Turkoglu,Jose Calderon,Marco Belinelli,Erick Dampier,James Singleton,Jason Terry,Jose Juan Barea,Shawn Marion,2,10:06,TOR,free throw,,,,,,,1,,2,Chris Bosh,,,foul,made,,,,
Amir Johnson,Chris Bosh,Hedo Turkoglu,Jose Calderon,Marco Belinelli,Erick Dampier,James Singleton,Jason Terry,Jose Juan Barea,Shawn Marion,2,10:06,TOR,free throw,,,,,,,2,,2,Chris Bosh,,,foul,made,,,,
Amir Johnson,Chris Bosh,Hedo Turkoglu,Jose Calderon,Marco Belinelli,Erick Dampier,James Singleton,Jason Terry,Jose Juan Barea,Shawn Marion,2,9:45,DAL,shot,Jose Juan Barea,,,,,,,,,Erick Dampier,2,,,made,,jump,39,10
Amir Johnson,Chris Bosh,Hedo Turkoglu,Jose Calderon,Marco Belinelli,Erick Dampier,James Singleton,Jason Terry,Jose Juan Barea,Shawn Marion,2,9:22,TOR,shot,,,,,,,,,,Chris Bosh,,,,missed,,slam dunk,25,6
Amir Johnson,Chris Bosh,Hedo Turkoglu,Jose Calderon,Marco Belinelli,Erick Dampier,James Singleton,Jason Terry,Jose Juan Barea,Shawn Marion,2,9:19,DAL,rebound,,,,,,,,,,Shawn Marion,,,,,,def,,
Amir Johnson,Chris Bosh,Hedo Turkoglu,Jose Calderon,Marco Belinelli,Erick Dampier,James Singleton,Jason Terry,Jose Juan Barea,Shawn Marion,2,9:15,DAL,turnover,,,,,,,,,,James Singleton,,,bad pass,,Marco Belinelli,,,
Amir Johnson,Chris Bosh,Hedo Turkoglu,Jose Calderon,Marco Belinelli,Erick Dampier,James Singleton,Jason Terry,Jose Juan Barea,Shawn Marion,2,9:11,TOR,shot,Marco Belinelli,,,,,,,,,Jose Calderon,2,,,made,,driving layup,25,6
Amir Johnson,Chris Bosh,Hedo Turkoglu,Jose Calderon,Marco Belinelli,Erick Dampier,James Singleton,Jason Terry,Jose Juan Barea,Shawn Marion,2,8:56,TOR,foul,,,,,,,,Erick Dampier,,Amir Johnson,,,,,,personal,,
Amir Johnson,Chris Bosh,Hedo Turkoglu,Jose Calderon,Marco Belinelli,Erick Dampier,James Singleton,Jason Terry,Jose Juan Barea,Shawn Marion,2,8:56,DAL,timeout,,,,,,,,,,,,,,,,official,,
Andrea Bargnani,Chris Bosh,Hedo Turkoglu,Jose Calderon,Marco Belinelli,Erick Dampier,James Singleton,Jason Terry,Jose Juan Barea,Shawn Marion,2,8:56,TOR,sub,,,,Andrea Bargnani,,Amir Johnson,,,,,,,,,,,,
Andrea Bargnani,Chris Bosh,Hedo Turkoglu,Jose Calderon,Marco Belinelli,Dirk Nowitzki,James Singleton,Jason Terry,Jose Juan Barea,Shawn Marion,2,8:56,DAL,sub,,,,Dirk Nowitzki,,Erick Dampier,,,,,,,,,,,,
Andrea Bargnani,Chris Bosh,Hedo Turkoglu,Jose Calderon,Marco Belinelli,Dirk Nowitzki,James Singleton,Jason Terry,Jose Juan Barea,Shawn Marion,2,8:48,DAL,shot,Shawn Marion,,,,,,,,,James Singleton,3,,,made,,3pt,2,6
Andrea Bargnani,Chris Bosh,Hedo Turkoglu,Jose Calderon,Marco Belinelli,Dirk Nowitzki,James Singleton,Jason Terry,Jose Juan Barea,Shawn Marion,2,8:30,TOR,shot,,,,,,,,,,Hedo Turkoglu,,,,missed,,fade away jumper,41,11
Andrea Bargnani,Chris Bosh,Hedo Turkoglu,Jose Calderon,Marco Belinelli,Dirk Nowitzki,James Singleton,Jason Terry,Jose Juan Barea,Shawn Marion,2,8:27,DAL,rebound,,,,,,,,,,Dirk Nowitzki,,,,,,def,,
Andrea Bargnani,Chris Bosh,Hedo Turkoglu,Jose Calderon,Marco Belinelli,Dirk Nowitzki,James Singleton,Jason Terry,Jose Juan Barea,Shawn Marion,2,8:11,DAL,shot,Jose Juan Barea,,,,,,,,,Dirk Nowitzki,2,,,made,,jump,17,22
Andrea Bargnani,Chris Bosh,Hedo Turkoglu,Jose Calderon,Marco Belinelli,Dirk Nowitzki,James Singleton,Jason Terry,Jose Juan Barea,Shawn Marion,2,7:56,TOR,shot,,,,,,,,,,Hedo Turkoglu,,,,missed,,3pt,5,20
Andrea Bargnani,Chris Bosh,Hedo Turkoglu,Jose Calderon,Marco Belinelli,Dirk Nowitzki,James Singleton,Jason Terry,Jose Juan Barea,Shawn Marion,2,7:54,TOR,rebound,,,,,,,,,,Andrea Bargnani,,,,,,off,,
Andrea Bargnani,Chris Bosh,Hedo Turkoglu,Jose Calderon,Marco Belinelli,Dirk Nowitzki,James Singleton,Jason Terry,Jose Juan Barea,Shawn Marion,2,7:54,TOR,shot,,,,,,,,,,Andrea Bargnani,2,,,made,,reverse layup,25,6
Andrea Bargnani,Chris Bosh,Hedo Turkoglu,Jose Calderon,Marco Belinelli,Dirk Nowitzki,James Singleton,Jason Terry,Jose Juan Barea,Shawn Marion,2,7:54,DAL,foul,,,,,,,,Andrea Bargnani,,James Singleton,,,,,,shooting,,
Andrea Bargnani,Chris Bosh,Hedo Turkoglu,Jose Calderon,Marco Belinelli,Dirk Nowitzki,Jason Terry,Jose Juan Barea,Kris Humphries,Shawn Marion,2,7:54,DAL,sub,,,,Kris Humphries,,James Singleton,,,,,,,,,,,,
Andrea Bargnani,Chris Bosh,Hedo Turkoglu,Jose Calderon,Marco Belinelli,Dirk Nowitzki,Jason Terry,Jose Juan Barea,Kris Humphries,Shawn Marion,2,7:54,TOR,free throw,,,,,,,1,,1,Andrea Bargnani,,,foul,made,,,,
Andrea Bargnani,Chris Bosh,Hedo Turkoglu,Jose Calderon,Marco Belinelli,Dirk Nowitzki,Jason Terry,Jose Juan Barea,Kris Humphries,Shawn Marion,2,7:40,DAL,shot,,,,,,,,,,Dirk Nowitzki,2,,,made,,driving layup,25,6
Andrea Bargnani,Chris Bosh,Hedo Turkoglu,Jose Calderon,Marco Belinelli,Dirk Nowitzki,Jason Terry,Jose Juan Barea,Kris Humphries,Shawn Marion,2,7:26,DAL,foul,,,,,,,,Chris Bosh,,Kris Humphries,,,,,,shooting,,
Andrea Bargnani,Chris Bosh,Hedo Turkoglu,Jose Calderon,Marco Belinelli,Dirk Nowitzki,Jason Terry,Jose Juan Barea,Josh Howard,Kris Humphries,2,7:26,DAL,sub,,,,Josh Howard,,Shawn Marion,,,,,,,,,,,,
Andrea Bargnani,Chris Bosh,Hedo Turkoglu,Jose Calderon,Marco Belinelli,Dirk Nowitzki,Jason Terry,Jose Juan Barea,Josh Howard,Kris Humphries,2,7:26,TOR,free throw,,,,,,,1,,2,Chris Bosh,,,foul,made,,,,
Andrea Bargnani,Chris Bosh,Hedo Turkoglu,Jarrett Jack,Jose Calderon,Dirk Nowitzki,Jason Terry,Jose Juan Barea,Josh Howard,Kris Humphries,2,7:26,TOR,sub,,,,Jarrett Jack,,Marco Belinelli,,,,,,,,,,,,
Andrea Bargnani,Chris Bosh,Hedo Turkoglu,Jarrett Jack,Jose Calderon,Dirk Nowitzki,Jason Terry,Jose Juan Barea,Josh Howard,Kris Humphries,2,7:26,TOR,free throw,,,,,,,2,,2,Chris Bosh,,,foul,made,,,,
Andrea Bargnani,Chris Bosh,Hedo Turkoglu,Jarrett Jack,Jose Calderon,Dirk Nowitzki,Jason Terry,Jose Juan Barea,Josh Howard,Kris Humphries,2,7:12,DAL,shot,Jose Juan Barea,,,,,,,,,Dirk Nowitzki,2,,,made,,jump,36,21
Andrea Bargnani,Chris Bosh,Hedo Turkoglu,Jarrett Jack,Jose Calderon,Dirk Nowitzki,Jason Terry,Jose Juan Barea,Josh Howard,Kris Humphries,2,6:55,TOR,shot,Chris Bosh,,,,,,,,,Andrea Bargnani,2,,,made,,slam dunk,25,6
Andrea Bargnani,Chris Bosh,Hedo Turkoglu,Jarrett Jack,Jose Calderon,Dirk Nowitzki,Jason Terry,Jose Juan Barea,Josh Howard,Kris Humphries,2,6:34,DAL,shot,,,,,,,,,,Kris Humphries,2,,,made,,jump,14,20
Andrea Bargnani,Chris Bosh,Hedo Turkoglu,Jarrett Jack,Jose Calderon,Dirk Nowitzki,Jason Terry,Jose Juan Barea,Josh Howard,Kris Humphries,2,6:17,TOR,shot,,,,,,,,,,Andrea Bargnani,,,,missed,,turnaround jump,13,10
Andrea Bargnani,Chris Bosh,Hedo Turkoglu,Jarrett Jack,Jose Calderon,Dirk Nowitzki,Jason Terry,Jose Juan Barea,Josh Howard,Kris Humphries,2,6:14,DAL,rebound,,,,,,,,,,Jose Juan Barea,,,,,,def,,
Andrea Bargnani,Chris Bosh,Hedo Turkoglu,Jarrett Jack,Jose Calderon,Dirk Nowitzki,Jason Terry,Jose Juan Barea,Josh Howard,Kris Humphries,2,6:11,DAL,shot,,,,,,,,,,Jason Terry,,,,missed,,3pt,8,24
Andrea Bargnani,Chris Bosh,Hedo Turkoglu,Jarrett Jack,Jose Calderon,Dirk Nowitzki,Jason Terry,Jose Juan Barea,Josh Howard,Kris Humphries,2,6:09,DAL,rebound,,,,,,,,,,Jose Juan Barea,,,,,,off,,
Andrea Bargnani,Chris Bosh,Hedo Turkoglu,Jarrett Jack,Jose Calderon,Dirk Nowitzki,Jason Terry,Jose Juan Barea,Josh Howard,Kris Humphries,2,6:00,DAL,shot,,,Chris Bosh,,,,,,,Kris Humphries,,,,missed,,driving layup,25,6
Andrea Bargnani,Chris Bosh,Hedo Turkoglu,Jarrett Jack,Jose Calderon,Dirk Nowitzki,Jason Terry,Jose Juan Barea,Josh Howard,Kris Humphries,2,6:00,DAL,rebound,,,,,,,,,,,,,,,,,,
Andrea Bargnani,Chris Bosh,Hedo Turkoglu,Jarrett Jack,Jose Calderon,Dirk Nowitzki,Jason Terry,Jose Juan Barea,Josh Howard,Kris Humphries,2,6:00,DAL,timeout,,,,,,,,,,,,,,,,regular,,
Amir Johnson,Andrea Bargnani,Hedo Turkoglu,Jarrett Jack,Jose Calderon,Dirk Nowitzki,Jason Terry,Jose Juan Barea,Josh Howard,Kris Humphries,2,6:00,TOR,sub,,,,Amir Johnson,,Chris Bosh,,,,,,,,,,,,
Amir Johnson,Andrea Bargnani,Hedo Turkoglu,Jarrett Jack,Jose Calderon,Dirk Nowitzki,Jason Terry,Jose Juan Barea,Josh Howard,Kris Humphries,2,5:50,DAL,shot,,,,,,,,,,Josh Howard,2,,,made,,turnaround jump,18,15
Amir Johnson,Andrea Bargnani,Hedo Turkoglu,Jarrett Jack,Jose Calderon,Dirk Nowitzki,Jason Terry,Jose Juan Barea,Josh Howard,Kris Humphries,2,5:23,TOR,shot,,,,,,,,,,Jarrett Jack,,,,missed,,3pt,34,31
Amir Johnson,Andrea Bargnani,Hedo Turkoglu,Jarrett Jack,Jose Calderon,Dirk Nowitzki,Jason Terry,Jose Juan Barea,Josh Howard,Kris Humphries,2,5:22,DAL,rebound,,,,,,,,,,Dirk Nowitzki,,,,,,def,,
Amir Johnson,Andrea Bargnani,Hedo Turkoglu,Jarrett Jack,Jose Calderon,Dirk Nowitzki,Jason Terry,Jose Juan Barea,Josh Howard,Kris Humphries,2,5:15,TOR,foul,,,,,,,,Josh Howard,,Hedo Turkoglu,,,,,,shooting,,
Amir Johnson,Andrea Bargnani,Hedo Turkoglu,Jarrett Jack,Jose Calderon,Dirk Nowitzki,Jason Kidd,Jason Terry,Josh Howard,Kris Humphries,2,5:15,DAL,sub,,,,Jason Kidd,,Jose Juan Barea,,,,,,,,,,,,
Amir Johnson,Andrea Bargnani,Hedo Turkoglu,Jarrett Jack,Jose Calderon,Dirk Nowitzki,Jason Kidd,Jason Terry,Josh Howard,Kris Humphries,2,5:15,DAL,free throw,,,,,,,1,,2,Josh Howard,,,foul,missed,,,,
Amir Johnson,Andrea Bargnani,Hedo Turkoglu,Jarrett Jack,Jose Calderon,Dirk Nowitzki,Jason Kidd,Jason Terry,Josh Howard,Kris Humphries,2,5:15,DAL,rebound,,,,,,,,,,,,,,,,,,
Amir Johnson,Andrea Bargnani,Antoine Wright,Jarrett Jack,Jose Calderon,Dirk Nowitzki,Jason Kidd,Jason Terry,Josh Howard,Kris Humphries,2,5:15,TOR,sub,,,,Antoine Wright,,Hedo Turkoglu,,,,,,,,,,,,
Amir Johnson,Andrea Bargnani,Antoine Wright,Jarrett Jack,Jose Calderon,Dirk Nowitzki,Jason Kidd,Jason Terry,Josh Howard,Kris Humphries,2,5:15,DAL,free throw,,,,,,,2,,2,Josh Howard,,,foul,missed,,,,
Amir Johnson,Andrea Bargnani,Antoine Wright,Jarrett Jack,Jose Calderon,Dirk Nowitzki,Jason Kidd,Jason Terry,Josh Howard,Kris Humphries,2,5:15,TOR,rebound,,,,,,,,,,Jose Calderon,,,,,,def,,
Amir Johnson,Andrea Bargnani,Antoine Wright,Jarrett Jack,Jose Calderon,Dirk Nowitzki,Jason Kidd,Jason Terry,Josh Howard,Kris Humphries,2,5:00,TOR,shot,,,,,,,,,,Jarrett Jack,,,,missed,,pullup jump,16,21
Amir Johnson,Andrea Bargnani,Antoine Wright,Jarrett Jack,Jose Calderon,Dirk Nowitzki,Jason Kidd,Jason Terry,Josh Howard,Kris Humphries,2,4:56,DAL,rebound,,,,,,,,,,Josh Howard,,,,,,def,,
Amir Johnson,Andrea Bargnani,Antoine Wright,Jarrett Jack,Jose Calderon,Dirk Nowitzki,Jason Kidd,Jason Terry,Josh Howard,Kris Humphries,2,4:48,DAL,shot,,,,,,,,,,Kris Humphries,,,,missed,,jump hook,25,13
Amir Johnson,Andrea Bargnani,Antoine Wright,Jarrett Jack,Jose Calderon,Dirk Nowitzki,Jason Kidd,Jason Terry,Josh Howard,Kris Humphries,2,4:45,TOR,rebound,,,,,,,,,,Amir Johnson,,,,,,def,,
Amir Johnson,Andrea Bargnani,Antoine Wright,Jarrett Jack,Jose Calderon,Dirk Nowitzki,Jason Kidd,Jason Terry,Josh Howard,Kris Humphries,2,4:40,TOR,shot,Jose Calderon,,,,,,,,,Antoine Wright,3,,,made,,3pt,6,23
Amir Johnson,Andrea Bargnani,Antoine Wright,Jarrett Jack,Jose Calderon,Dirk Nowitzki,Jason Kidd,Jason Terry,Josh Howard,Kris Humphries,2,4:14,DAL,shot,,,,,,,,,,Dirk Nowitzki,,,,missed,,turnaround fade away,12,7
Amir Johnson,Andrea Bargnani,Antoine Wright,Jarrett Jack,Jose Calderon,Dirk Nowitzki,Jason Kidd,Jason Terry,Josh Howard,Kris Humphries,2,4:12,TOR,rebound,,,,,,,,,,Amir Johnson,,,,,,def,,
Amir Johnson,Andrea Bargnani,Antoine Wright,Jarrett Jack,Jose Calderon,Dirk Nowitzki,Jason Kidd,Jason Terry,Josh Howard,Kris Humphries,2,4:12,TOR,turnover,,,,,,,,,,Amir Johnson,,,step out of bounds turnover,,,,,
Amir Johnson,Andrea Bargnani,Antoine Wright,Jarrett Jack,Jose Calderon,Dirk Nowitzki,Jason Kidd,Jason Terry,Josh Howard,Kris Humphries,2,3:56,DAL,shot,,,,,,,,,,Jason Terry,,,,missed,,3pt,2,5
Amir Johnson,Andrea Bargnani,Antoine Wright,Jarrett Jack,Jose Calderon,Dirk Nowitzki,Jason Kidd,Jason Terry,Josh Howard,Kris Humphries,2,3:56,DAL,rebound,,,,,,,,,,,,,,,,,,
Amir Johnson,Andrea Bargnani,Antoine Wright,Jarrett Jack,Jose Calderon,Dirk Nowitzki,Jason Kidd,Jason Terry,Josh Howard,Kris Humphries,2,3:56,DAL,foul,,,,,,,,Jose Calderon,,Jason Terry,,,,,,offensive,,
Amir Johnson,Andrea Bargnani,Antoine Wright,Jarrett Jack,Jose Calderon,Dirk Nowitzki,Jason Kidd,Jason Terry,Josh Howard,Kris Humphries,2,3:56,DAL,turnover,,,,,,,,,,Jason Terry,,,foul,,,,,
Amir Johnson,Andrea Bargnani,Antoine Wright,Jarrett Jack,Jose Calderon,Dirk Nowitzki,Jason Kidd,Jason Terry,Josh Howard,Kris Humphries,2,3:47,TOR,shot,,,,,,,,,,Jose Calderon,,,,missed,,jump,35,21
Amir Johnson,Andrea Bargnani,Antoine Wright,Jarrett Jack,Jose Calderon,Dirk Nowitzki,Jason Kidd,Jason Terry,Josh Howard,Kris Humphries,2,3:45,DAL,rebound,,,,,,,,,,Kris Humphries,,,,,,def,,
Amir Johnson,Andrea Bargnani,Antoine Wright,Jarrett Jack,Jose Calderon,Dirk Nowitzki,Jason Kidd,Jason Terry,Josh Howard,Kris Humphries,2,3:35,DAL,shot,,,,,,,,,,Dirk Nowitzki,,,,missed,,jump,10,10
Amir Johnson,Andrea Bargnani,Antoine Wright,Jarrett Jack,Jose Calderon,Dirk Nowitzki,Jason Kidd,Jason Terry,Josh Howard,Kris Humphries,2,3:33,TOR,rebound,,,,,,,,,,Antoine Wright,,,,,,def,,
Amir Johnson,Andrea Bargnani,Antoine Wright,Jarrett Jack,Jose Calderon,Dirk Nowitzki,Jason Kidd,Jason Terry,Josh Howard,Kris Humphries,2,3:24,TOR,shot,,,,,,,,,,Andrea Bargnani,,,,missed,,running hook,24,13
Amir Johnson,Andrea Bargnani,Antoine Wright,Jarrett Jack,Jose Calderon,Dirk Nowitzki,Jason Kidd,Jason Terry,Josh Howard,Kris Humphries,2,3:20,DAL,rebound,,,,,,,,,,Kris Humphries,,,,,,def,,
Amir Johnson,Andrea Bargnani,Antoine Wright,Jarrett Jack,Jose Calderon,Dirk Nowitzki,Jason Kidd,Jason Terry,Josh Howard,Kris Humphries,2,3:13,DAL,shot,,,,,,,,,,Josh Howard,2,,,made,,driving finger roll layup,25,6
Amir Johnson,Andrea Bargnani,Antoine Wright,Jarrett Jack,Jose Calderon,Dirk Nowitzki,Jason Kidd,Jason Terry,Josh Howard,Kris Humphries,2,2:57,TOR,shot,,,,,,,,,,Jose Calderon,2,,,made,,jump,29,24
Amir Johnson,Andrea Bargnani,Antoine Wright,Jarrett Jack,Jose Calderon,Dirk Nowitzki,Jason Kidd,Jason Terry,Josh Howard,Kris Humphries,2,2:47,TOR,foul,,,,,,,,Jason Kidd,,Jose Calderon,,,,,,personal,,
Amir Johnson,Andrea Bargnani,Antoine Wright,Jarrett Jack,Jose Calderon,Dirk Nowitzki,Jason Kidd,Jason Terry,Josh Howard,Kris Humphries,2,2:47,TOR,timeout,,,,,,,,,,,,,,,,regular,,
Amir Johnson,Andrea Bargnani,Antoine Wright,Jarrett Jack,Jose Calderon,Dirk Nowitzki,Jason Kidd,Jason Terry,Josh Howard,Shawn Marion,2,2:47,DAL,sub,,,,Shawn Marion,,Kris Humphries,,,,,,,,,,,,
Andrea Bargnani,Antoine Wright,Chris Bosh,Jarrett Jack,Jose Calderon,Dirk Nowitzki,Jason Kidd,Jason Terry,Josh Howard,Shawn Marion,2,2:47,TOR,sub,,,,Chris Bosh,,Amir Johnson,,,,,,,,,,,,
Andrea Bargnani,Antoine Wright,Chris Bosh,Jarrett Jack,Jose Calderon,Dirk Nowitzki,Jason Kidd,Jason Terry,Josh Howard,Shawn Marion,2,2:33,DAL,shot,,,,,,,,,,Josh Howard,,,,missed,,3pt,48,12
Andrea Bargnani,Antoine Wright,Chris Bosh,Jarrett Jack,Jose Calderon,Dirk Nowitzki,Jason Kidd,Jason Terry,Josh Howard,Shawn Marion,2,2:31,TOR,rebound,,,,,,,,,,Chris Bosh,,,,,,def,,
Andrea Bargnani,Antoine Wright,Chris Bosh,Jarrett Jack,Jose Calderon,Dirk Nowitzki,Jason Kidd,Jason Terry,Josh Howard,Shawn Marion,2,2:10,TOR,shot,,,,,,,,,,Antoine Wright,,,,missed,,3pt,48,7
Andrea Bargnani,Antoine Wright,Chris Bosh,Jarrett Jack,Jose Calderon,Dirk Nowitzki,Jason Kidd,Jason Terry,Josh Howard,Shawn Marion,2,2:08,DAL,rebound,,,,,,,,,,Jason Kidd,,,,,,def,,
Andrea Bargnani,Antoine Wright,Chris Bosh,Jarrett Jack,Jose Calderon,Dirk Nowitzki,Jason Kidd,Jason Terry,Josh Howard,Shawn Marion,2,2:03,DAL,shot,,,,,,,,,,Josh Howard,,,,missed,,jump,39,19
Andrea Bargnani,Antoine Wright,Chris Bosh,Jarrett Jack,Jose Calderon,Dirk Nowitzki,Jason Kidd,Jason Terry,Josh Howard,Shawn Marion,2,2:02,DAL,rebound,,,,,,,,,,Shawn Marion,,,,,,off,,
Andrea Bargnani,Antoine Wright,Chris Bosh,Jarrett Jack,Jose Calderon,Dirk Nowitzki,Jason Kidd,Jason Terry,Josh Howard,Shawn Marion,2,2:02,DAL,shot,,,,,,,,,,Shawn Marion,2,,,made,,tip,25,6
Andrea Bargnani,Antoine Wright,Chris Bosh,Jarrett Jack,Jose Calderon,Dirk Nowitzki,Jason Kidd,Jason Terry,Josh Howard,Shawn Marion,2,1:35,TOR,shot,,,,,,,,,,Antoine Wright,,,,missed,,driving layup,25,6
Andrea Bargnani,Antoine Wright,Chris Bosh,Jarrett Jack,Jose Calderon,Dirk Nowitzki,Jason Kidd,Jason Terry,Josh Howard,Shawn Marion,2,1:33,DAL,rebound,,,,,,,,,,Dirk Nowitzki,,,,,,def,,
Andrea Bargnani,Antoine Wright,Chris Bosh,Jarrett Jack,Jose Calderon,Dirk Nowitzki,Jason Kidd,Jason Terry,Josh Howard,Shawn Marion,2,1:28,DAL,shot,Josh Howard,,,,,,,,,Jason Terry,2,,,made,,jump,41,7
Andrea Bargnani,Antoine Wright,Chris Bosh,Jarrett Jack,Jose Calderon,Dirk Nowitzki,Jason Kidd,Jason Terry,Josh Howard,Shawn Marion,2,1:12,TOR,shot,,,,,,,,,,Jose Calderon,2,,,made,,jump,16,25
Andrea Bargnani,Antoine Wright,Chris Bosh,Jarrett Jack,Jose Calderon,Dirk Nowitzki,Jason Kidd,Jason Terry,Josh Howard,Shawn Marion,2,0:55,DAL,shot,Jason Kidd,,,,,,,,,Dirk Nowitzki,2,,,made,,jump,36,17
Andrea Bargnani,Antoine Wright,Chris Bosh,Jarrett Jack,Jose Calderon,Dirk Nowitzki,Jason Kidd,Jason Terry,Josh Howard,Shawn Marion,2,0:37,TOR,turnover,,,,,,,,,,Jarrett Jack,,,bad pass,,Josh Howard,,,
Andrea Bargnani,Antoine Wright,Chris Bosh,Jarrett Jack,Jose Calderon,Dirk Nowitzki,Jason Kidd,Jason Terry,Josh Howard,Shawn Marion,2,0:32,DAL,shot,,,,,,,,,,Josh Howard,2,,,made,,driving layup,25,6
Andrea Bargnani,Antoine Wright,Chris Bosh,Jarrett Jack,Jose Calderon,Dirk Nowitzki,Jason Kidd,Jason Terry,Josh Howard,Shawn Marion,2,0:11,TOR,shot,,,,,,,,,,Jose Calderon,2,,,made,,driving layup,25,6
Andrea Bargnani,Antoine Wright,Chris Bosh,Jarrett Jack,Jose Calderon,Dirk Nowitzki,Jason Kidd,Jason Terry,Josh Howard,Shawn Marion,2,0:00,DAL,shot,,,,,,,,,,Jason Terry,,,,missed,,driving layup,25,6
Andrea Bargnani,Antoine Wright,Chris Bosh,Jarrett Jack,Jose Calderon,Dirk Nowitzki,Jason Kidd,Jason Terry,Josh Howard,Shawn Marion,2,0:00,TOR,rebound,,,,,,,,,,Andrea Bargnani,,,,,,def,,
Andrea Bargnani,Chris Bosh,DeMar DeRozan,Hedo Turkoglu,Jose Calderon,Dirk Nowitzki,Erick Dampier,Jason Kidd,Josh Howard,Shawn Marion,3,11:37,TOR,turnover,,,,,,,,,,Jose Calderon,,,bad pass,,Dirk Nowitzki,,,
Andrea Bargnani,Chris Bosh,DeMar DeRozan,Hedo Turkoglu,Jose Calderon,Dirk Nowitzki,Erick Dampier,Jason Kidd,Josh Howard,Shawn Marion,3,11:32,DAL,shot,Dirk Nowitzki,,,,,,,,,Josh Howard,2,,,made,,jump,40,17
Andrea Bargnani,Chris Bosh,DeMar DeRozan,Hedo Turkoglu,Jose Calderon,Dirk Nowitzki,Erick Dampier,Jason Kidd,Josh Howard,Shawn Marion,3,11:17,TOR,shot,,,,,,,,,,Jose Calderon,,,,missed,,jump,38,20
Andrea Bargnani,Chris Bosh,DeMar DeRozan,Hedo Turkoglu,Jose Calderon,Dirk Nowitzki,Erick Dampier,Jason Kidd,Josh Howard,Shawn Marion,3,11:15,DAL,rebound,,,,,,,,,,Josh Howard,,,,,,def,,
Andrea Bargnani,Chris Bosh,DeMar DeRozan,Hedo Turkoglu,Jose Calderon,Dirk Nowitzki,Erick Dampier,Jason Kidd,Josh Howard,Shawn Marion,3,11:01,DAL,shot,,,Hedo Turkoglu,,,,,,,Josh Howard,,,,missed,,driving layup,25,6
Andrea Bargnani,Chris Bosh,DeMar DeRozan,Hedo Turkoglu,Jose Calderon,Dirk Nowitzki,Erick Dampier,Jason Kidd,Josh Howard,Shawn Marion,3,10:59,TOR,rebound,,,,,,,,,,Jose Calderon,,,,,,def,,
Andrea Bargnani,Chris Bosh,DeMar DeRozan,Hedo Turkoglu,Jose Calderon,Dirk Nowitzki,Erick Dampier,Jason Kidd,Josh Howard,Shawn Marion,3,10:47,TOR,shot,,,,,,,,,,Andrea Bargnani,,,,missed,,3pt,33,30
Andrea Bargnani,Chris Bosh,DeMar DeRozan,Hedo Turkoglu,Jose Calderon,Dirk Nowitzki,Erick Dampier,Jason Kidd,Josh Howard,Shawn Marion,3,10:45,DAL,rebound,,,,,,,,,,Jason Kidd,,,,,,def,,
Andrea Bargnani,Chris Bosh,DeMar DeRozan,Hedo Turkoglu,Jose Calderon,Dirk Nowitzki,Erick Dampier,Jason Kidd,Josh Howard,Shawn Marion,3,10:32,TOR,foul,,,,,,,,Erick Dampier,,Hedo Turkoglu,,,,,,shooting,,
Andrea Bargnani,Chris Bosh,DeMar DeRozan,Hedo Turkoglu,Jose Calderon,Dirk Nowitzki,Erick Dampier,Jason Kidd,Josh Howard,Shawn Marion,3,10:32,DAL,free throw,,,,,,,1,,2,Erick Dampier,,,foul,missed,,,,
Andrea Bargnani,Chris Bosh,DeMar DeRozan,Hedo Turkoglu,Jose Calderon,Dirk Nowitzki,Erick Dampier,Jason Kidd,Josh Howard,Shawn Marion,3,10:32,DAL,rebound,,,,,,,,,,,,,,,,,,
Andrea Bargnani,Chris Bosh,DeMar DeRozan,Hedo Turkoglu,Jose Calderon,Dirk Nowitzki,Erick Dampier,Jason Kidd,Josh Howard,Shawn Marion,3,10:32,DAL,free throw,,,,,,,2,,2,Erick Dampier,,,foul,missed,,,,
Andrea Bargnani,Chris Bosh,DeMar DeRozan,Hedo Turkoglu,Jose Calderon,Dirk Nowitzki,Erick Dampier,Jason Kidd,Josh Howard,Shawn Marion,3,10:32,TOR,rebound,,,,,,,,,,Andrea Bargnani,,,,,,def,,
Andrea Bargnani,Chris Bosh,DeMar DeRozan,Hedo Turkoglu,Jose Calderon,Dirk Nowitzki,Erick Dampier,Jason Kidd,Josh Howard,Shawn Marion,3,10:18,TOR,shot,,,,,,,,,,Hedo Turkoglu,2,,,made,,driving layup,25,6
Andrea Bargnani,Chris Bosh,DeMar DeRozan,Hedo Turkoglu,Jose Calderon,Dirk Nowitzki,Erick Dampier,Jason Kidd,Josh Howard,Shawn Marion,3,10:06,DAL,shot,,,,,,,,,,Jason Kidd,3,,,made,,3pt,16,28
Andrea Bargnani,Chris Bosh,DeMar DeRozan,Hedo Turkoglu,Jose Calderon,Dirk Nowitzki,Erick Dampier,Jason Kidd,Josh Howard,Shawn Marion,3,9:35,TOR,shot,,,,,,,,,,Chris Bosh,,,,missed,,jump,15,26
Andrea Bargnani,Chris Bosh,DeMar DeRozan,Hedo Turkoglu,Jose Calderon,Dirk Nowitzki,Erick Dampier,Jason Kidd,Josh Howard,Shawn Marion,3,9:33,DAL,rebound,,,,,,,,,,Erick Dampier,,,,,,def,,
Andrea Bargnani,Chris Bosh,DeMar DeRozan,Hedo Turkoglu,Jose Calderon,Dirk Nowitzki,Erick Dampier,Jason Kidd,Josh Howard,Shawn Marion,3,9:24,TOR,foul,,,,,,,,Erick Dampier,,Hedo Turkoglu,,,,,,personal,,
Andrea Bargnani,Chris Bosh,DeMar DeRozan,Hedo Turkoglu,Jose Calderon,Dirk Nowitzki,Erick Dampier,Jason Kidd,Josh Howard,Shawn Marion,3,9:14,DAL,turnover,,,,,,,,,,Dirk Nowitzki,,,bad pass,,DeMar DeRozan,,,
Andrea Bargnani,Chris Bosh,DeMar DeRozan,Hedo Turkoglu,Jose Calderon,Dirk Nowitzki,Erick Dampier,Jason Kidd,Josh Howard,Shawn Marion,3,9:02,TOR,shot,,,,,,,,,,Hedo Turkoglu,2,,,made,,running jump,33,17
Andrea Bargnani,Chris Bosh,DeMar DeRozan,Hedo Turkoglu,Jose Calderon,Dirk Nowitzki,Erick Dampier,Jason Kidd,Josh Howard,Shawn Marion,3,8:51,DAL,shot,Jason Kidd,,,,,,,,,Dirk Nowitzki,3,,,made,,3pt,35,28
Andrea Bargnani,Chris Bosh,DeMar DeRozan,Hedo Turkoglu,Jose Calderon,Dirk Nowitzki,Erick Dampier,Jason Kidd,Josh Howard,Shawn Marion,3,8:39,DAL,foul,,,,,,,,DeMar DeRozan,,Josh Howard,,,,,,shooting,,
Andrea Bargnani,Chris Bosh,DeMar DeRozan,Hedo Turkoglu,Jose Calderon,Dirk Nowitzki,Erick Dampier,Jason Kidd,Josh Howard,Shawn Marion,3,8:39,TOR,free throw,,,,,,,1,,2,DeMar DeRozan,,,foul,missed,,,,
Andrea Bargnani,Chris Bosh,DeMar DeRozan,Hedo Turkoglu,Jose Calderon,Dirk Nowitzki,Erick Dampier,Jason Kidd,Josh Howard,Shawn Marion,3,8:39,TOR,rebound,,,,,,,,,,,,,,,,,,
Andrea Bargnani,Chris Bosh,DeMar DeRozan,Hedo Turkoglu,Jose Calderon,Dirk Nowitzki,Erick Dampier,Jason Kidd,Josh Howard,Shawn Marion,3,8:39,TOR,free throw,,,,,,,2,,2,DeMar DeRozan,,,foul,missed,,,,
Andrea Bargnani,Chris Bosh,DeMar DeRozan,Hedo Turkoglu,Jose Calderon,Dirk Nowitzki,Erick Dampier,Jason Kidd,Josh Howard,Shawn Marion,3,8:38,DAL,rebound,,,,,,,,,,Erick Dampier,,,,,,def,,
Andrea Bargnani,Chris Bosh,DeMar DeRozan,Hedo Turkoglu,Jose Calderon,Dirk Nowitzki,Erick Dampier,Jason Kidd,Josh Howard,Shawn Marion,3,8:25,TOR,foul,,,,,,,,Josh Howard,,DeMar DeRozan,,,,,,personal,,
Andrea Bargnani,Chris Bosh,DeMar DeRozan,Hedo Turkoglu,Jose Calderon,Dirk Nowitzki,Erick Dampier,Jason Kidd,Josh Howard,Shawn Marion,3,8:19,DAL,shot,,,,,,,,,,Josh Howard,,,,missed,,3pt,48,7
Andrea Bargnani,Chris Bosh,DeMar DeRozan,Hedo Turkoglu,Jose Calderon,Dirk Nowitzki,Erick Dampier,Jason Kidd,Josh Howard,Shawn Marion,3,8:17,DAL,rebound,,,,,,,,,,Shawn Marion,,,,,,off,,
Andrea Bargnani,Chris Bosh,DeMar DeRozan,Hedo Turkoglu,Jose Calderon,Dirk Nowitzki,Erick Dampier,Jason Kidd,Josh Howard,Shawn Marion,3,8:16,DAL,shot,,,,,,,,,,Shawn Marion,2,,,made,,layup,25,6
Andrea Bargnani,Chris Bosh,DeMar DeRozan,Hedo Turkoglu,Jose Calderon,Dirk Nowitzki,Erick Dampier,Jason Kidd,Josh Howard,Shawn Marion,3,7:59,TOR,shot,,,,,,,,,,Andrea Bargnani,,,,missed,,jump,37,7
Andrea Bargnani,Chris Bosh,DeMar DeRozan,Hedo Turkoglu,Jose Calderon,Dirk Nowitzki,Erick Dampier,Jason Kidd,Josh Howard,Shawn Marion,3,7:59,DAL,rebound,,,,,,,,,,Dirk Nowitzki,,,,,,def,,
Andrea Bargnani,Chris Bosh,DeMar DeRozan,Hedo Turkoglu,Jose Calderon,Dirk Nowitzki,Erick Dampier,Jason Kidd,Josh Howard,Shawn Marion,3,7:59,TOR,foul,,,,,,,,Dirk Nowitzki,,DeMar DeRozan,,,,,,loose ball,,
Andrea Bargnani,Chris Bosh,DeMar DeRozan,Hedo Turkoglu,Jose Calderon,Dirk Nowitzki,Erick Dampier,Jason Kidd,Josh Howard,Shawn Marion,3,7:49,DAL,shot,Jason Kidd,,,,,,,,,Shawn Marion,2,,,made,,floating jump,20,11
Andrea Bargnani,Chris Bosh,DeMar DeRozan,Hedo Turkoglu,Jose Calderon,Dirk Nowitzki,Erick Dampier,Jason Kidd,Josh Howard,Shawn Marion,3,7:48,TOR,timeout,,,,,,,,,,,,,,,,regular,,
Andrea Bargnani,Antoine Wright,Chris Bosh,Hedo Turkoglu,Jose Calderon,Dirk Nowitzki,Erick Dampier,Jason Kidd,Josh Howard,Shawn Marion,3,7:48,TOR,sub,,,,Antoine Wright,,DeMar DeRozan,,,,,,,,,,,,
Andrea Bargnani,Antoine Wright,Chris Bosh,Hedo Turkoglu,Jose Calderon,Dirk Nowitzki,Erick Dampier,Jason Kidd,Josh Howard,Shawn Marion,3,7:38,TOR,turnover,,,,,,,,,,Chris Bosh,,,bad pass,,Shawn Marion,,,
Andrea Bargnani,Antoine Wright,Chris Bosh,Hedo Turkoglu,Jose Calderon,Dirk Nowitzki,Erick Dampier,Jason Kidd,Josh Howard,Shawn Marion,3,7:38,TOR,foul,,,,,,,,Josh Howard,,Hedo Turkoglu,,,,,,personal,,
Andrea Bargnani,Antoine Wright,Chris Bosh,Hedo Turkoglu,Jose Calderon,Dirk Nowitzki,Erick Dampier,Jason Kidd,Josh Howard,Shawn Marion,3,7:38,DAL,free throw,,,,,,,1,,2,Josh Howard,,,foul,made,,,,
Andrea Bargnani,Antoine Wright,Chris Bosh,Hedo Turkoglu,Jose Calderon,Dirk Nowitzki,Erick Dampier,Jason Kidd,Josh Howard,Shawn Marion,3,7:38,DAL,free throw,,,,,,,2,,2,Josh Howard,,,foul,missed,,,,
Andrea Bargnani,Antoine Wright,Chris Bosh,Hedo Turkoglu,Jose Calderon,Dirk Nowitzki,Erick Dampier,Jason Kidd,Josh Howard,Shawn Marion,3,7:37,TOR,rebound,,,,,,,,,,Chris Bosh,,,,,,def,,
Andrea Bargnani,Antoine Wright,Chris Bosh,Hedo Turkoglu,Jose Calderon,Dirk Nowitzki,Erick Dampier,Jason Kidd,Josh Howard,Shawn Marion,3,7:22,TOR,turnover,,,,,,,,,,Chris Bosh,,,bad pass,,Jason Kidd,,,
Andrea Bargnani,Antoine Wright,Chris Bosh,Hedo Turkoglu,Jose Calderon,Dirk Nowitzki,Erick Dampier,Jason Kidd,Josh Howard,Shawn Marion,3,7:19,DAL,shot,Dirk Nowitzki,,,,,,,,,Shawn Marion,2,,,made,,slam dunk,25,6
Andrea Bargnani,Antoine Wright,Chris Bosh,Hedo Turkoglu,Jose Calderon,Dirk Nowitzki,Erick Dampier,Jason Kidd,Josh Howard,Shawn Marion,3,7:04,DAL,foul,,,,,,,,Andrea Bargnani,,Josh Howard,,,,,,shooting,,
Andrea Bargnani,Antoine Wright,Chris Bosh,Hedo Turkoglu,Jose Calderon,Dirk Nowitzki,Erick Dampier,Jason Kidd,Josh Howard,Shawn Marion,3,7:04,TOR,free throw,,,,,,,1,,2,Andrea Bargnani,,,foul,made,,,,
Andrea Bargnani,Antoine Wright,Chris Bosh,Hedo Turkoglu,Jose Calderon,Dirk Nowitzki,Erick Dampier,Jason Kidd,Jason Terry,Shawn Marion,3,7:04,DAL,sub,,,,Jason Terry,,Josh Howard,,,,,,,,,,,,
Andrea Bargnani,Antoine Wright,Chris Bosh,Hedo Turkoglu,Jose Calderon,Dirk Nowitzki,Erick Dampier,Jason Kidd,Jason Terry,Shawn Marion,3,7:04,TOR,free throw,,,,,,,2,,2,Andrea Bargnani,,,foul,made,,,,
Andrea Bargnani,Antoine Wright,Chris Bosh,Hedo Turkoglu,Jose Calderon,Dirk Nowitzki,Erick Dampier,Jason Kidd,Jason Terry,Shawn Marion,3,6:51,DAL,shot,Erick Dampier,,,,,,,,,Dirk Nowitzki,3,,,made,,3pt,21,30
Andrea Bargnani,Antoine Wright,Chris Bosh,Hedo Turkoglu,Jose Calderon,Dirk Nowitzki,Erick Dampier,Jason Kidd,Jason Terry,Shawn Marion,3,6:38,TOR,shot,Jose Calderon,,,,,,,,,Chris Bosh,2,,,made,,jump,22,19
Andrea Bargnani,Antoine Wright,Chris Bosh,Hedo Turkoglu,Jose Calderon,Dirk Nowitzki,Erick Dampier,Jason Kidd,Jason Terry,Shawn Marion,3,6:27,DAL,turnover,,,,,,,,,,Jason Kidd,,,bad pass,,Chris Bosh,,,
Andrea Bargnani,Antoine Wright,Chris Bosh,Hedo Turkoglu,Jose Calderon,Dirk Nowitzki,Erick Dampier,Jason Kidd,Jason Terry,Shawn Marion,3,6:22,TOR,shot,Jose Calderon,,,,,,,,,Andrea Bargnani,2,,,made,,layup,25,6
Andrea Bargnani,Antoine Wright,Chris Bosh,Hedo Turkoglu,Jose Calderon,Dirk Nowitzki,Erick Dampier,Jason Kidd,Jason Terry,Shawn Marion,3,5:56,DAL,shot,,,,,,,,,,Shawn Marion,2,,,made,,turnaround jump,28,9
Andrea Bargnani,Antoine Wright,Chris Bosh,Hedo Turkoglu,Jose Calderon,Dirk Nowitzki,Erick Dampier,Jason Kidd,Jason Terry,Shawn Marion,3,5:41,TOR,shot,,,,,,,,,,Antoine Wright,,,,missed,,3pt,2,9
Andrea Bargnani,Antoine Wright,Chris Bosh,Hedo Turkoglu,Jose Calderon,Dirk Nowitzki,Erick Dampier,Jason Kidd,Jason Terry,Shawn Marion,3,5:39,DAL,rebound,,,,,,,,,,Dirk Nowitzki,,,,,,def,,
Andrea Bargnani,Antoine Wright,Chris Bosh,Hedo Turkoglu,Jose Calderon,Dirk Nowitzki,Erick Dampier,Jason Kidd,Jason Terry,Shawn Marion,3,5:25,DAL,shot,,,,,,,,,,Dirk Nowitzki,2,,,made,,jump,36,21
Andrea Bargnani,Antoine Wright,Chris Bosh,Hedo Turkoglu,Jose Calderon,Dirk Nowitzki,Erick Dampier,Jason Kidd,Jason Terry,Shawn Marion,3,5:00,TOR,shot,,,,,,,,,,Chris Bosh,2,,,made,,slam dunk,25,6
Andrea Bargnani,Antoine Wright,Chris Bosh,Hedo Turkoglu,Jose Calderon,Dirk Nowitzki,Erick Dampier,Jason Kidd,Jason Terry,Shawn Marion,3,5:00,DAL,foul,,,,,,,,Chris Bosh,,Erick Dampier,,,,,,shooting,,
Andrea Bargnani,Antoine Wright,Chris Bosh,Hedo Turkoglu,Jarrett Jack,Dirk Nowitzki,Erick Dampier,Jason Kidd,Jason Terry,Shawn Marion,3,5:00,TOR,sub,,,,Jarrett Jack,,Jose Calderon,,,,,,,,,,,,
Andrea Bargnani,Antoine Wright,Chris Bosh,Hedo Turkoglu,Jarrett Jack,Dirk Nowitzki,Erick Dampier,Jason Kidd,Jason Terry,Shawn Marion,3,5:00,TOR,free throw,,,,,,,1,,1,Chris Bosh,,,foul,missed,,,,
Andrea Bargnani,Antoine Wright,Chris Bosh,Hedo Turkoglu,Jarrett Jack,Dirk Nowitzki,Erick Dampier,Jason Kidd,Jason Terry,Shawn Marion,3,4:59,DAL,rebound,,,,,,,,,,Dirk Nowitzki,,,,,,def,,
Andrea Bargnani,Antoine Wright,Chris Bosh,Hedo Turkoglu,Jarrett Jack,Dirk Nowitzki,Erick Dampier,Jason Kidd,Jason Terry,Shawn Marion,3,4:50,DAL,shot,Jason Kidd,,,,,,,,,Dirk Nowitzki,3,,,made,,3pt,17,29
Andrea Bargnani,Antoine Wright,Chris Bosh,Hedo Turkoglu,Jarrett Jack,Dirk Nowitzki,Erick Dampier,Jason Kidd,Jason Terry,Shawn Marion,3,4:29,DAL,foul,,,,,,,,Antoine Wright,,Erick Dampier,,,,,,shooting,,
Andrea Bargnani,Antoine Wright,Chris Bosh,Hedo Turkoglu,Jarrett Jack,Dirk Nowitzki,Erick Dampier,Jason Kidd,Jason Terry,Shawn Marion,3,4:29,TOR,free throw,,,,,,,1,,2,Antoine Wright,,,foul,made,,,,
Amir Johnson,Andrea Bargnani,Antoine Wright,Hedo Turkoglu,Jarrett Jack,Dirk Nowitzki,Erick Dampier,Jason Kidd,Jason Terry,Shawn Marion,3,4:29,TOR,sub,,,,Amir Johnson,,Chris Bosh,,,,,,,,,,,,
Amir Johnson,Andrea Bargnani,Antoine Wright,Hedo Turkoglu,Jarrett Jack,Dirk Nowitzki,Erick Dampier,Jason Kidd,Jason Terry,Shawn Marion,3,4:29,TOR,free throw,,,,,,,2,,2,Antoine Wright,,,foul,made,,,,
Amir Johnson,Andrea Bargnani,Antoine Wright,Hedo Turkoglu,Jarrett Jack,Dirk Nowitzki,Erick Dampier,Jason Kidd,Jason Terry,Shawn Marion,3,4:19,DAL,shot,,,,,,,,,,Dirk Nowitzki,,,,missed,,3pt,17,30
Amir Johnson,Andrea Bargnani,Antoine Wright,Hedo Turkoglu,Jarrett Jack,Dirk Nowitzki,Erick Dampier,Jason Kidd,Jason Terry,Shawn Marion,3,4:16,TOR,rebound,,,,,,,,,,Antoine Wright,,,,,,def,,
Amir Johnson,Andrea Bargnani,Antoine Wright,Hedo Turkoglu,Jarrett Jack,Dirk Nowitzki,Erick Dampier,Jason Kidd,Jason Terry,Shawn Marion,3,4:09,TOR,shot,,,,,,,,,,Andrea Bargnani,,,,missed,,jump,18,28
Amir Johnson,Andrea Bargnani,Antoine Wright,Hedo Turkoglu,Jarrett Jack,Dirk Nowitzki,Erick Dampier,Jason Kidd,Jason Terry,Shawn Marion,3,4:09,DAL,rebound,,,,,,,,,,Erick Dampier,,,,,,def,,
Amir Johnson,Andrea Bargnani,Antoine Wright,Hedo Turkoglu,Jarrett Jack,Dirk Nowitzki,Erick Dampier,Jason Kidd,Jason Terry,Shawn Marion,3,4:09,TOR,foul,,,,,,,,Erick Dampier,,Amir Johnson,,,,,,loose ball,,
Amir Johnson,Andrea Bargnani,Antoine Wright,DeMar DeRozan,Jarrett Jack,Dirk Nowitzki,Erick Dampier,Jason Kidd,Jason Terry,Shawn Marion,3,4:09,TOR,sub,,,,DeMar DeRozan,,Hedo Turkoglu,,,,,,,,,,,,
Amir Johnson,Antoine Wright,DeMar DeRozan,Jarrett Jack,Jose Calderon,Dirk Nowitzki,Erick Dampier,Jason Kidd,Jason Terry,Shawn Marion,3,4:09,TOR,sub,,,,Jose Calderon,,Andrea Bargnani,,,,,,,,,,,,
Amir Johnson,Antoine Wright,DeMar DeRozan,Jarrett Jack,Jose Calderon,Dirk Nowitzki,Erick Dampier,Jason Kidd,Jason Terry,Shawn Marion,3,4:09,DAL,free throw,,,,,,,1,,2,Erick Dampier,,,foul,missed,,,,
Amir Johnson,Antoine Wright,DeMar DeRozan,Jarrett Jack,Jose Calderon,Dirk Nowitzki,Erick Dampier,Jason Kidd,Jason Terry,Shawn Marion,3,4:09,DAL,rebound,,,,,,,,,,,,,,,,,,
Amir Johnson,Antoine Wright,DeMar DeRozan,Jarrett Jack,Jose Calderon,Dirk Nowitzki,Erick Dampier,Jason Kidd,Jason Terry,Shawn Marion,3,4:09,DAL,free throw,,,,,,,2,,2,Erick Dampier,,,foul,made,,,,
Amir Johnson,Antoine Wright,DeMar DeRozan,Jarrett Jack,Jose Calderon,Dirk Nowitzki,Erick Dampier,Jason Kidd,Jason Terry,Shawn Marion,3,3:48,TOR,shot,,,,,,,,,,Antoine Wright,,,,missed,,driving layup,25,6
Amir Johnson,Antoine Wright,DeMar DeRozan,Jarrett Jack,Jose Calderon,Dirk Nowitzki,Erick Dampier,Jason Kidd,Jason Terry,Shawn Marion,3,3:46,TOR,rebound,,,,,,,,,,Amir Johnson,,,,,,off,,
Amir Johnson,Antoine Wright,DeMar DeRozan,Jarrett Jack,Jose Calderon,Dirk Nowitzki,Erick Dampier,Jason Kidd,Jason Terry,Shawn Marion,3,3:46,TOR,shot,,,,,,,,,,Amir Johnson,2,,,made,,tip,25,6
Amir Johnson,Antoine Wright,DeMar DeRozan,Jarrett Jack,Jose Calderon,Dirk Nowitzki,Erick Dampier,Jason Kidd,Jason Terry,Shawn Marion,3,3:27,TOR,foul,,,,,,,,Dirk Nowitzki,,Antoine Wright,,,,,,shooting,,
Amir Johnson,Antoine Wright,DeMar DeRozan,Jarrett Jack,Jose Calderon,Dirk Nowitzki,Jason Kidd,Jason Terry,Jose Juan Barea,Shawn Marion,3,3:27,DAL,sub,,,,Jose Juan Barea,,Erick Dampier,,,,,,,,,,,,
Amir Johnson,Antoine Wright,DeMar DeRozan,Jarrett Jack,Jose Calderon,Dirk Nowitzki,Jason Kidd,Jason Terry,Jose Juan Barea,Shawn Marion,3,3:27,DAL,free throw,,,,,,,1,,2,Dirk Nowitzki,,,foul,made,,,,
Amir Johnson,Antoine Wright,DeMar DeRozan,Jarrett Jack,Jose Calderon,Dirk Nowitzki,Jason Kidd,Jason Terry,Jose Juan Barea,Shawn Marion,3,3:27,DAL,free throw,,,,,,,2,,2,Dirk Nowitzki,,,foul,made,,,,
Amir Johnson,Antoine Wright,DeMar DeRozan,Jarrett Jack,Jose Calderon,Dirk Nowitzki,Jason Kidd,Jason Terry,Jose Juan Barea,Shawn Marion,3,3:19,DAL,foul,,,,,,,,Jose Calderon,,Jose Juan Barea,,,,,,shooting,,
Amir Johnson,Antoine Wright,DeMar DeRozan,Jarrett Jack,Jose Calderon,Dirk Nowitzki,Jason Kidd,Jason Terry,Jose Juan Barea,Shawn Marion,3,3:19,DAL,timeout,,,,,,,,,,,,,,,,regular,,
Amir Johnson,Antoine Wright,Jarrett Jack,Jose Calderon,Marco Belinelli,Dirk Nowitzki,Jason Kidd,Jason Terry,Jose Juan Barea,Shawn Marion,3,3:19,TOR,sub,,,,Marco Belinelli,,DeMar DeRozan,,,,,,,,,,,,
Amir Johnson,Antoine Wright,Jarrett Jack,Jose Calderon,Marco Belinelli,Dirk Nowitzki,Jason Kidd,Jason Terry,Jose Juan Barea,Shawn Marion,3,3:19,TOR,free throw,,,,,,,1,,2,Jose Calderon,,,foul,made,,,,
Amir Johnson,Antoine Wright,Jarrett Jack,Jose Calderon,Marco Belinelli,Dirk Nowitzki,Jason Kidd,Jason Terry,Jose Juan Barea,Shawn Marion,3,3:19,TOR,free throw,,,,,,,2,,2,Jose Calderon,,,foul,missed,,,,
Amir Johnson,Antoine Wright,Jarrett Jack,Jose Calderon,Marco Belinelli,Dirk Nowitzki,Jason Kidd,Jason Terry,Jose Juan Barea,Shawn Marion,3,3:18,DAL,rebound,,,,,,,,,,Shawn Marion,,,,,,def,,
Amir Johnson,Antoine Wright,Jarrett Jack,Jose Calderon,Marco Belinelli,Dirk Nowitzki,Jason Kidd,Jason Terry,Jose Juan Barea,Shawn Marion,3,3:00,DAL,foul,,,,,,,,Antoine Wright,,Jose Juan Barea,,,,,,offensive,,
Amir Johnson,Antoine Wright,Jarrett Jack,Jose Calderon,Marco Belinelli,Dirk Nowitzki,Jason Kidd,Jason Terry,Jose Juan Barea,Shawn Marion,3,3:00,DAL,turnover,,,,,,,,,,Jose Juan Barea,,,foul,,,,,
Amir Johnson,Antoine Wright,Jarrett Jack,Jose Calderon,Marco Belinelli,Dirk Nowitzki,Jason Kidd,Jason Terry,Jose Juan Barea,Shawn Marion,3,2:42,TOR,shot,Jose Calderon,,,,,,,,,Jarrett Jack,3,,,made,,3pt,47,6
Amir Johnson,Antoine Wright,Jarrett Jack,Jose Calderon,Marco Belinelli,Dirk Nowitzki,Jason Kidd,Jason Terry,Jose Juan Barea,Shawn Marion,3,2:23,DAL,turnover,,,,,,,,,,Dirk Nowitzki,,,lost ball,,Jose Calderon,,,
Amir Johnson,Antoine Wright,Jarrett Jack,Jose Calderon,Marco Belinelli,Dirk Nowitzki,Jason Kidd,Jason Terry,Jose Juan Barea,Shawn Marion,3,2:16,TOR,shot,,,,,,,,,,Antoine Wright,,,,missed,,3pt,36,27
Amir Johnson,Antoine Wright,Jarrett Jack,Jose Calderon,Marco Belinelli,Dirk Nowitzki,Jason Kidd,Jason Terry,Jose Juan Barea,Shawn Marion,3,2:14,DAL,rebound,,,,,,,,,,Jason Terry,,,,,,def,,
Amir Johnson,Antoine Wright,Jarrett Jack,Jose Calderon,Marco Belinelli,Dirk Nowitzki,Jason Kidd,Jason Terry,Jose Juan Barea,Shawn Marion,3,2:08,DAL,shot,,,,,,,,,,Jose Juan Barea,,,,missed,,3pt,48,10
Amir Johnson,Antoine Wright,Jarrett Jack,Jose Calderon,Marco Belinelli,Dirk Nowitzki,Jason Kidd,Jason Terry,Jose Juan Barea,Shawn Marion,3,2:06,TOR,rebound,,,,,,,,,,Jarrett Jack,,,,,,def,,
Amir Johnson,Antoine Wright,Jarrett Jack,Jose Calderon,Marco Belinelli,Dirk Nowitzki,Jason Kidd,Jason Terry,Jose Juan Barea,Shawn Marion,3,1:52,TOR,shot,,,Dirk Nowitzki,,,,,,,Antoine Wright,,,,missed,,driving layup,25,6
Amir Johnson,Antoine Wright,Jarrett Jack,Jose Calderon,Marco Belinelli,Dirk Nowitzki,Jason Kidd,Jason Terry,Jose Juan Barea,Shawn Marion,3,1:50,TOR,rebound,,,,,,,,,,Antoine Wright,,,,,,off,,
Amir Johnson,Antoine Wright,Jarrett Jack,Jose Calderon,Marco Belinelli,Dirk Nowitzki,Jason Kidd,Jason Terry,Jose Juan Barea,Shawn Marion,3,1:49,TOR,shot,,,,,,,,,,Antoine Wright,,,,missed,,jump,42,6
Amir Johnson,Antoine Wright,Jarrett Jack,Jose Calderon,Marco Belinelli,Dirk Nowitzki,Jason Kidd,Jason Terry,Jose Juan Barea,Shawn Marion,3,1:48,DAL,rebound,,,,,,,,,,Jose Juan Barea,,,,,,def,,
Amir Johnson,Antoine Wright,Jarrett Jack,Jose Calderon,Marco Belinelli,Dirk Nowitzki,Jason Kidd,Jason Terry,Jose Juan Barea,Shawn Marion,3,1:33,DAL,shot,Jason Terry,,,,,,,,,Shawn Marion,2,,,made,,jump,27,11
Amir Johnson,Antoine Wright,Jarrett Jack,Jose Calderon,Marco Belinelli,Dirk Nowitzki,Jason Kidd,Jason Terry,Jose Juan Barea,Shawn Marion,3,1:21,TOR,shot,,,,,,,,,,Marco Belinelli,,,,missed,,3pt,14,28
Amir Johnson,Antoine Wright,Jarrett Jack,Jose Calderon,Marco Belinelli,Dirk Nowitzki,Jason Kidd,Jason Terry,Jose Juan Barea,Shawn Marion,3,1:19,DAL,rebound,,,,,,,,,,Dirk Nowitzki,,,,,,def,,
Amir Johnson,Antoine Wright,Jarrett Jack,Jose Calderon,Marco Belinelli,Dirk Nowitzki,Jason Kidd,Jason Terry,Jose Juan Barea,Shawn Marion,3,1:01,DAL,shot,,,,,,,,,,Dirk Nowitzki,,,,missed,,jump,39,10
Amir Johnson,Antoine Wright,Jarrett Jack,Jose Calderon,Marco Belinelli,Dirk Nowitzki,Jason Kidd,Jason Terry,Jose Juan Barea,Shawn Marion,3,0:58,TOR,rebound,,,,,,,,,,Antoine Wright,,,,,,def,,
Amir Johnson,Antoine Wright,Jarrett Jack,Jose Calderon,Marco Belinelli,Dirk Nowitzki,Jason Kidd,Jason Terry,Jose Juan Barea,Shawn Marion,3,0:52,DAL,foul,,,,,,,,Marco Belinelli,,Jose Juan Barea,,,,,,personal,,
Amir Johnson,Antoine Wright,Jarrett Jack,Jose Calderon,Marco Belinelli,Dirk Nowitzki,Jason Kidd,Jason Terry,Jose Juan Barea,Shawn Marion,3,0:52,TOR,free throw,,,,,,,1,,2,Marco Belinelli,,,foul,made,,,,
Amir Johnson,Antoine Wright,Jarrett Jack,Jose Calderon,Marco Belinelli,Dirk Nowitzki,Jason Terry,Jose Juan Barea,Quinton Ross,Shawn Marion,3,0:52,DAL,sub,,,,Quinton Ross,,Jason Kidd,,,,,,,,,,,,
Amir Johnson,Antoine Wright,Jarrett Jack,Jose Calderon,Marco Belinelli,Dirk Nowitzki,Jason Terry,Jose Juan Barea,Quinton Ross,Shawn Marion,3,0:52,TOR,free throw,,,,,,,2,,2,Marco Belinelli,,,foul,made,,,,
Amir Johnson,Antoine Wright,Jarrett Jack,Jose Calderon,Marco Belinelli,Dirk Nowitzki,Jason Terry,Jose Juan Barea,Quinton Ross,Shawn Marion,3,0:38,DAL,turnover,,,,,,,,,,Dirk Nowitzki,,,out of bounds lost ball turnover,,,,,
Amir Johnson,Antoine Wright,Jarrett Jack,Jose Calderon,Marco Belinelli,Dirk Nowitzki,Jason Terry,Jose Juan Barea,Quinton Ross,Shawn Marion,3,0:22,TOR,shot,,,,,,,,,,Marco Belinelli,,,,missed,,driving layup,25,6
Amir Johnson,Antoine Wright,Jarrett Jack,Jose Calderon,Marco Belinelli,Dirk Nowitzki,Jason Terry,Jose Juan Barea,Quinton Ross,Shawn Marion,3,0:21,DAL,rebound,,,,,,,,,,Shawn Marion,,,,,,def,,
Amir Johnson,Antoine Wright,Jarrett Jack,Jose Calderon,Marco Belinelli,Dirk Nowitzki,Jason Terry,Jose Juan Barea,Quinton Ross,Shawn Marion,3,0:00,DAL,shot,,,,,,,,,,Quinton Ross,,,,missed,,jump,40,12
Amir Johnson,Antoine Wright,Jarrett Jack,Jose Calderon,Marco Belinelli,Dirk Nowitzki,Jason Terry,Jose Juan Barea,Quinton Ross,Shawn Marion,3,0:00,DAL,rebound,,,,,,,,,,,,,,,,,,
Andrea Bargnani,Chris Bosh,Hedo Turkoglu,Jarrett Jack,Jose Calderon,Dirk Nowitzki,James Singleton,Jason Terry,Jose Juan Barea,Quinton Ross,4,11:42,DAL,shot,Dirk Nowitzki,,,,,,,,,James Singleton,3,,,made,,3pt,12,30
Andrea Bargnani,Chris Bosh,Hedo Turkoglu,Jarrett Jack,Jose Calderon,Dirk Nowitzki,James Singleton,Jason Terry,Jose Juan Barea,Quinton Ross,4,11:21,TOR,shot,,,,,,,,,,Andrea Bargnani,2,,,made,,jump,37,8
Andrea Bargnani,Chris Bosh,Hedo Turkoglu,Jarrett Jack,Jose Calderon,Dirk Nowitzki,James Singleton,Jason Terry,Jose Juan Barea,Quinton Ross,4,10:59,DAL,shot,,,,,,,,,,Dirk Nowitzki,,,,missed,,jump,10,8
Andrea Bargnani,Chris Bosh,Hedo Turkoglu,Jarrett Jack,Jose Calderon,Dirk Nowitzki,James Singleton,Jason Terry,Jose Juan Barea,Quinton Ross,4,10:56,TOR,rebound,,,,,,,,,,Hedo Turkoglu,,,,,,def,,
Andrea Bargnani,Chris Bosh,Hedo Turkoglu,Jarrett Jack,Jose Calderon,Dirk Nowitzki,James Singleton,Jason Terry,Jose Juan Barea,Quinton Ross,4,10:51,TOR,shot,Hedo Turkoglu,,,,,,,,,Andrea Bargnani,3,,,made,,3pt,36,30
Andrea Bargnani,Chris Bosh,Hedo Turkoglu,Jarrett Jack,Jose Calderon,Dirk Nowitzki,James Singleton,Jason Terry,Jose Juan Barea,Quinton Ross,4,10:33,DAL,shot,Jose Juan Barea,,,,,,,,,Jason Terry,2,,,made,,jump,35,19
Andrea Bargnani,Chris Bosh,Hedo Turkoglu,Jarrett Jack,Jose Calderon,Dirk Nowitzki,James Singleton,Jason Terry,Jose Juan Barea,Quinton Ross,4,10:23,TOR,turnover,,,,,,,,,,Jose Calderon,,,bad pass,,James Singleton,,,
Andrea Bargnani,Chris Bosh,Hedo Turkoglu,Jarrett Jack,Jose Calderon,Dirk Nowitzki,James Singleton,Jason Terry,Jose Juan Barea,Quinton Ross,4,10:14,DAL,shot,,,,,,,,,,Jason Terry,2,,,made,,turnaround jump,6,6
Andrea Bargnani,Chris Bosh,Hedo Turkoglu,Jarrett Jack,Jose Calderon,Dirk Nowitzki,James Singleton,Jason Terry,Jose Juan Barea,Quinton Ross,4,10:02,TOR,shot,,,James Singleton,,,,,,,Jarrett Jack,,,,missed,,driving layup,25,6
Andrea Bargnani,Chris Bosh,Hedo Turkoglu,Jarrett Jack,Jose Calderon,Dirk Nowitzki,James Singleton,Jason Terry,Jose Juan Barea,Quinton Ross,4,10:01,TOR,rebound,,,,,,,,,,Chris Bosh,,,,,,off,,
Andrea Bargnani,Chris Bosh,Hedo Turkoglu,Jarrett Jack,Jose Calderon,Dirk Nowitzki,James Singleton,Jason Terry,Jose Juan Barea,Quinton Ross,4,10:01,TOR,shot,,,,,,,,,,Chris Bosh,2,,,made,,layup,25,6
Andrea Bargnani,Chris Bosh,Hedo Turkoglu,Jarrett Jack,Jose Calderon,Dirk Nowitzki,James Singleton,Jason Terry,Jose Juan Barea,Quinton Ross,4,10:01,DAL,foul,,,,,,,,Chris Bosh,,James Singleton,,,,,,shooting,,
Andrea Bargnani,Chris Bosh,Hedo Turkoglu,Jarrett Jack,Jose Calderon,Dirk Nowitzki,James Singleton,Jason Terry,Jose Juan Barea,Quinton Ross,4,10:01,TOR,free throw,,,,,,,1,,1,Chris Bosh,,,foul,made,,,,
Andrea Bargnani,Chris Bosh,Hedo Turkoglu,Jarrett Jack,Jose Calderon,Dirk Nowitzki,James Singleton,Jason Terry,Jose Juan Barea,Quinton Ross,4,9:40,DAL,shot,Jose Juan Barea,,,,,,,,,Jason Terry,3,,,made,,3pt,34,29
Andrea Bargnani,Chris Bosh,Hedo Turkoglu,Jarrett Jack,Jose Calderon,Dirk Nowitzki,James Singleton,Jason Terry,Jose Juan Barea,Quinton Ross,4,9:22,TOR,shot,,,,,,,,,,Chris Bosh,,,,missed,,turnaround jump,32,6
Andrea Bargnani,Chris Bosh,Hedo Turkoglu,Jarrett Jack,Jose Calderon,Dirk Nowitzki,James Singleton,Jason Terry,Jose Juan Barea,Quinton Ross,4,9:19,DAL,rebound,,,,,,,,,,Quinton Ross,,,,,,def,,
Andrea Bargnani,Chris Bosh,Hedo Turkoglu,Jarrett Jack,Jose Calderon,Dirk Nowitzki,James Singleton,Jason Terry,Jose Juan Barea,Quinton Ross,4,9:01,DAL,shot,,,,,,,,,,James Singleton,,,,missed,,3pt,2,10
Andrea Bargnani,Chris Bosh,Hedo Turkoglu,Jarrett Jack,Jose Calderon,Dirk Nowitzki,James Singleton,Jason Terry,Jose Juan Barea,Quinton Ross,4,8:57,TOR,rebound,,,,,,,,,,Jose Calderon,,,,,,def,,
Andrea Bargnani,Chris Bosh,Hedo Turkoglu,Jarrett Jack,Jose Calderon,Dirk Nowitzki,James Singleton,Jason Terry,Jose Juan Barea,Quinton Ross,4,8:50,TOR,shot,,,,,,,,,,Hedo Turkoglu,,,,missed,,3pt,15,29
Andrea Bargnani,Chris Bosh,Hedo Turkoglu,Jarrett Jack,Jose Calderon,Dirk Nowitzki,James Singleton,Jason Terry,Jose Juan Barea,Quinton Ross,4,8:48,DAL,rebound,,,,,,,,,,Jason Terry,,,,,,def,,
Andrea Bargnani,Chris Bosh,Hedo Turkoglu,Jarrett Jack,Jose Calderon,Dirk Nowitzki,James Singleton,Jason Terry,Jose Juan Barea,Quinton Ross,4,8:45,DAL,shot,Jason Terry,,,,,,,,,Quinton Ross,2,,,made,,driving layup,25,6
Andrea Bargnani,Chris Bosh,Hedo Turkoglu,Jarrett Jack,Jose Calderon,Dirk Nowitzki,James Singleton,Jason Terry,Jose Juan Barea,Quinton Ross,4,8:29,TOR,shot,,,,,,,,,,Jose Calderon,,,,missed,,jump,30,25
Andrea Bargnani,Chris Bosh,Hedo Turkoglu,Jarrett Jack,Jose Calderon,Dirk Nowitzki,James Singleton,Jason Terry,Jose Juan Barea,Quinton Ross,4,8:28,DAL,rebound,,,,,,,,,,James Singleton,,,,,,def,,
Andrea Bargnani,Chris Bosh,Hedo Turkoglu,Jarrett Jack,Jose Calderon,Dirk Nowitzki,James Singleton,Jason Terry,Jose Juan Barea,Quinton Ross,4,8:09,DAL,shot,Jose Juan Barea,,,,,,,,,Jason Terry,3,,,made,,3pt,47,7
Andrea Bargnani,Chris Bosh,Hedo Turkoglu,Jarrett Jack,Jose Calderon,Dirk Nowitzki,James Singleton,Jason Terry,Jose Juan Barea,Quinton Ross,4,8:05,TOR,timeout,,,,,,,,,,,,,,,,regular,,
Andrea Bargnani,Chris Bosh,Hedo Turkoglu,Jarrett Jack,Jose Calderon,James Singleton,Jason Terry,Jose Juan Barea,Kris Humphries,Quinton Ross,4,8:05,DAL,sub,,,,Kris Humphries,,Dirk Nowitzki,,,,,,,,,,,,
Andrea Bargnani,Chris Bosh,Hedo Turkoglu,Jarrett Jack,Jose Calderon,James Singleton,Jason Terry,Jose Juan Barea,Kris Humphries,Quinton Ross,4,7:54,TOR,shot,,,,,,,,,,Chris Bosh,2,,,made,,running jump,25,10
Andrea Bargnani,Chris Bosh,Hedo Turkoglu,Jarrett Jack,Jose Calderon,James Singleton,Jason Terry,Jose Juan Barea,Kris Humphries,Quinton Ross,4,7:33,DAL,shot,,,,,,,,,,Jose Juan Barea,2,,,made,,turnaround jump,27,14
Andrea Bargnani,Chris Bosh,Hedo Turkoglu,Jarrett Jack,Jose Calderon,James Singleton,Jason Terry,Jose Juan Barea,Kris Humphries,Quinton Ross,4,7:21,DAL,foul,,,,,,,,Chris Bosh,,Kris Humphries,,,,,,shooting,,
Andrea Bargnani,Chris Bosh,Hedo Turkoglu,Jarrett Jack,Jose Calderon,James Singleton,Jason Terry,Jose Juan Barea,Kris Humphries,Quinton Ross,4,7:21,TOR,free throw,,,,,,,1,,2,Chris Bosh,,,foul,made,,,,
Andrea Bargnani,Chris Bosh,Hedo Turkoglu,Jarrett Jack,Jose Calderon,James Singleton,Jason Terry,Jose Juan Barea,Kris Humphries,Quinton Ross,4,7:21,TOR,free throw,,,,,,,2,,2,Chris Bosh,,,foul,made,,,,
Andrea Bargnani,Chris Bosh,Hedo Turkoglu,Jarrett Jack,Jose Calderon,James Singleton,Jason Terry,Jose Juan Barea,Kris Humphries,Quinton Ross,4,7:09,DAL,shot,,,,,,,,,,Jason Terry,2,,,made,,driving layup,25,6
Andrea Bargnani,Chris Bosh,Hedo Turkoglu,Jarrett Jack,Jose Calderon,James Singleton,Jason Terry,Jose Juan Barea,Kris Humphries,Quinton Ross,4,6:45,TOR,shot,Jose Calderon,,,,,,,,,Jarrett Jack,3,,,made,,3pt,2,5
Andrea Bargnani,Chris Bosh,Hedo Turkoglu,Jarrett Jack,Jose Calderon,James Singleton,Jason Terry,Jose Juan Barea,Kris Humphries,Quinton Ross,4,6:30,DAL,shot,Jose Juan Barea,,,,,,,,,Quinton Ross,2,,,made,,jump,37,24
Andrea Bargnani,Chris Bosh,Hedo Turkoglu,Jarrett Jack,Jose Calderon,James Singleton,Jason Terry,Jose Juan Barea,Kris Humphries,Quinton Ross,4,6:16,TOR,shot,Jose Calderon,,,,,,,,,Andrea Bargnani,3,,,made,,3pt,19,30
Andrea Bargnani,Chris Bosh,Hedo Turkoglu,Jarrett Jack,Jose Calderon,James Singleton,Jason Terry,Jose Juan Barea,Kris Humphries,Quinton Ross,4,6:02,TOR,foul,,,,,,,,Jason Terry,,Jarrett Jack,,,,,,personal,,
Andrea Bargnani,Chris Bosh,Hedo Turkoglu,Jarrett Jack,Jose Calderon,James Singleton,Jason Terry,Jose Juan Barea,Kris Humphries,Quinton Ross,4,5:56,DAL,shot,Jose Juan Barea,,,,,,,,,Kris Humphries,2,,,made,,layup,25,6
Andrea Bargnani,Chris Bosh,Hedo Turkoglu,Jarrett Jack,Jose Calderon,James Singleton,Jason Terry,Jose Juan Barea,Kris Humphries,Quinton Ross,4,5:44,TOR,shot,,,,,,,,,,Jose Calderon,,,,missed,,jump,34,20
Andrea Bargnani,Chris Bosh,Hedo Turkoglu,Jarrett Jack,Jose Calderon,James Singleton,Jason Terry,Jose Juan Barea,Kris Humphries,Quinton Ross,4,5:41,DAL,rebound,,,,,,,,,,Kris Humphries,,,,,,def,,
Andrea Bargnani,Chris Bosh,Hedo Turkoglu,Jarrett Jack,Jose Calderon,James Singleton,Jason Terry,Jose Juan Barea,Kris Humphries,Quinton Ross,4,5:37,DAL,shot,,,,,,,,,,Jose Juan Barea,2,,,made,,driving layup,25,6
Andrea Bargnani,Chris Bosh,Hedo Turkoglu,Jarrett Jack,Jose Calderon,James Singleton,Jason Terry,Jose Juan Barea,Kris Humphries,Quinton Ross,4,5:20,DAL,foul,,,,,,,,Hedo Turkoglu,,Quinton Ross,,,,,,shooting,,
Andrea Bargnani,Chris Bosh,Hedo Turkoglu,Jarrett Jack,Jose Calderon,James Singleton,Jason Terry,Jose Juan Barea,Kris Humphries,Quinton Ross,4,5:20,TOR,timeout,,,,,,,,,,,,,,,,official,,
Andrea Bargnani,Hedo Turkoglu,Jarrett Jack,Jose Calderon,Marcus Banks,James Singleton,Jason Terry,Jose Juan Barea,Kris Humphries,Quinton Ross,4,5:20,TOR,sub,,,,Marcus Banks,,Chris Bosh,,,,,,,,,,,,
Amir Johnson,Hedo Turkoglu,Jarrett Jack,Jose Calderon,Marcus Banks,James Singleton,Jason Terry,Jose Juan Barea,Kris Humphries,Quinton Ross,4,5:20,TOR,sub,,,,Amir Johnson,,Andrea Bargnani,,,,,,,,,,,,
Amir Johnson,DeMar DeRozan,Hedo Turkoglu,Jarrett Jack,Marcus Banks,James Singleton,Jason Terry,Jose Juan Barea,Kris Humphries,Quinton Ross,4,5:20,TOR,sub,,,,DeMar DeRozan,,Jose Calderon,,,,,,,,,,,,
Amir Johnson,DeMar DeRozan,Hedo Turkoglu,Marcus Banks,Patrick O'Bryant,James Singleton,Jason Terry,Jose Juan Barea,Kris Humphries,Quinton Ross,4,5:20,TOR,sub,,,,Patrick O'Bryant,,Jarrett Jack,,,,,,,,,,,,
Amir Johnson,DeMar DeRozan,Hedo Turkoglu,Marcus Banks,Patrick O'Bryant,James Singleton,Jason Terry,Jose Juan Barea,Kris Humphries,Quinton Ross,4,5:20,TOR,free throw,,,,,,,1,,2,Hedo Turkoglu,,,foul,made,,,,
Amir Johnson,DeMar DeRozan,Hedo Turkoglu,Marcus Banks,Patrick O'Bryant,James Singleton,Jason Terry,Jose Juan Barea,Kris Humphries,Quinton Ross,4,5:20,TOR,free throw,,,,,,,2,,2,Hedo Turkoglu,,,foul,missed,,,,
Amir Johnson,DeMar DeRozan,Hedo Turkoglu,Marcus Banks,Patrick O'Bryant,James Singleton,Jason Terry,Jose Juan Barea,Kris Humphries,Quinton Ross,4,5:20,DAL,rebound,,,,,,,,,,,,,,,,,,
Amir Johnson,DeMar DeRozan,Marco Belinelli,Marcus Banks,Patrick O'Bryant,James Singleton,Jason Terry,Jose Juan Barea,Kris Humphries,Quinton Ross,4,5:20,TOR,sub,,,,Marco Belinelli,,Hedo Turkoglu,,,,,,,,,,,,
Amir Johnson,DeMar DeRozan,Marco Belinelli,Marcus Banks,Patrick O'Bryant,James Singleton,Jason Terry,Jose Juan Barea,Kris Humphries,Quinton Ross,4,5:06,DAL,shot,,,,,,,,,,Jose Juan Barea,,,,missed,,jump,12,20
Amir Johnson,DeMar DeRozan,Marco Belinelli,Marcus Banks,Patrick O'Bryant,James Singleton,Jason Terry,Jose Juan Barea,Kris Humphries,Quinton Ross,4,5:04,TOR,rebound,,,,,,,,,,Amir Johnson,,,,,,def,,
Amir Johnson,DeMar DeRozan,Marco Belinelli,Marcus Banks,Patrick O'Bryant,James Singleton,Jason Terry,Jose Juan Barea,Kris Humphries,Quinton Ross,4,4:45,TOR,shot,,,,,,,,,,Marcus Banks,2,,,made,,fade away jumper,7,6
Amir Johnson,DeMar DeRozan,Marco Belinelli,Marcus Banks,Patrick O'Bryant,James Singleton,Jason Terry,Jose Juan Barea,Kris Humphries,Quinton Ross,4,4:20,DAL,shot,Jose Juan Barea,,,,,,,,,James Singleton,2,,,made,,driving reverse layup,25,6
Amir Johnson,DeMar DeRozan,Marco Belinelli,Marcus Banks,Patrick O'Bryant,James Singleton,Jason Terry,Jose Juan Barea,Kris Humphries,Quinton Ross,4,4:06,TOR,foul,,,,,,,,Quinton Ross,,Patrick O'Bryant,,,,,,offensive,,
Amir Johnson,DeMar DeRozan,Marco Belinelli,Marcus Banks,Patrick O'Bryant,James Singleton,Jason Terry,Jose Juan Barea,Kris Humphries,Quinton Ross,4,4:06,TOR,turnover,,,,,,,,,,Patrick O'Bryant,,,foul,,,,,
Amir Johnson,DeMar DeRozan,Marco Belinelli,Marcus Banks,Patrick O'Bryant,James Singleton,Jose Juan Barea,Kris Humphries,Quinton Ross,Rodrigue Beaubois,4,4:06,DAL,sub,,,,Rodrigue Beaubois,,Jason Terry,,,,,,,,,,,,
Amir Johnson,DeMar DeRozan,Marco Belinelli,Marcus Banks,Patrick O'Bryant,James Singleton,Jose Juan Barea,Kris Humphries,Quinton Ross,Rodrigue Beaubois,4,3:56,TOR,foul,,,,,,,,Rodrigue Beaubois,,Patrick O'Bryant,,,,,,personal,,
Amir Johnson,DeMar DeRozan,Marco Belinelli,Marcus Banks,Patrick O'Bryant,James Singleton,Jose Juan Barea,Kris Humphries,Quinton Ross,Rodrigue Beaubois,4,3:56,DAL,timeout,,,,,,,,,,,,,,,,short,,
Amir Johnson,DeMar DeRozan,Marco Belinelli,Marcus Banks,Patrick O'Bryant,James Singleton,Jose Juan Barea,Kris Humphries,Quinton Ross,Rodrigue Beaubois,4,3:43,DAL,shot,Kris Humphries,,,,,,,,,Quinton Ross,2,,,made,,turnaround fade away,23,12
Amir Johnson,DeMar DeRozan,Marco Belinelli,Marcus Banks,Patrick O'Bryant,James Singleton,Jose Juan Barea,Kris Humphries,Quinton Ross,Rodrigue Beaubois,4,3:30,TOR,shot,Marcus Banks,,,,,,,,,DeMar DeRozan,2,,,made,,floating jump,22,12
Amir Johnson,DeMar DeRozan,Marco Belinelli,Marcus Banks,Patrick O'Bryant,James Singleton,Jose Juan Barea,Kris Humphries,Matt Carroll,Rodrigue Beaubois,4,3:09,DAL,sub,,,,Matt Carroll,,Quinton Ross,,,,,,,,,,,,
Amir Johnson,DeMar DeRozan,Marco Belinelli,Marcus Banks,Patrick O'Bryant,James Singleton,Jose Juan Barea,Kris Humphries,Matt Carroll,Rodrigue Beaubois,4,3:01,DAL,shot,,,,,,,,,,Matt Carroll,2,,,made,,running jump,35,14
Amir Johnson,DeMar DeRozan,Marco Belinelli,Marcus Banks,Patrick O'Bryant,James Singleton,Jose Juan Barea,Kris Humphries,Matt Carroll,Rodrigue Beaubois,4,2:42,TOR,shot,,,,,,,,,,Marcus Banks,2,,,made,,driving layup,25,6
Amir Johnson,DeMar DeRozan,Marco Belinelli,Marcus Banks,Patrick O'Bryant,James Singleton,Jose Juan Barea,Kris Humphries,Matt Carroll,Rodrigue Beaubois,4,2:28,TOR,foul,,,,,,,,Kris Humphries,,Marcus Banks,,,,,,personal,,
Amir Johnson,DeMar DeRozan,Marco Belinelli,Marcus Banks,Patrick O'Bryant,James Singleton,Jose Juan Barea,Kris Humphries,Matt Carroll,Rodrigue Beaubois,4,2:28,DAL,timeout,,,,,,,,,,,,,,,,regular,,
Amir Johnson,DeMar DeRozan,Marco Belinelli,Marcus Banks,Patrick O'Bryant,James Singleton,Jose Juan Barea,Kris Humphries,Matt Carroll,Rodrigue Beaubois,4,2:19,DAL,shot,Jose Juan Barea,,,,,,,,,Rodrigue Beaubois,2,,,made,,alley oop dunk,25,6
Amir Johnson,DeMar DeRozan,Marco Belinelli,Marcus Banks,Patrick O'Bryant,James Singleton,Jose Juan Barea,Kris Humphries,Matt Carroll,Rodrigue Beaubois,4,2:03,TOR,shot,DeMar DeRozan,,,,,,,,,Patrick O'Bryant,2,,,made,,jump,23,20
Amir Johnson,DeMar DeRozan,Marco Belinelli,Marcus Banks,Patrick O'Bryant,James Singleton,Jose Juan Barea,Kris Humphries,Matt Carroll,Rodrigue Beaubois,4,1:43,TOR,foul,,,,,,,,Kris Humphries,,Amir Johnson,,,,,,shooting,,
Amir Johnson,DeMar DeRozan,Marco Belinelli,Marcus Banks,Patrick O'Bryant,James Singleton,Jose Juan Barea,Kris Humphries,Matt Carroll,Rodrigue Beaubois,4,1:43,DAL,free throw,,,,,,,1,,2,Kris Humphries,,,foul,made,,,,
Amir Johnson,DeMar DeRozan,Marco Belinelli,Marcus Banks,Patrick O'Bryant,James Singleton,Jose Juan Barea,Kris Humphries,Matt Carroll,Rodrigue Beaubois,4,1:43,DAL,free throw,,,,,,,2,,2,Kris Humphries,,,foul,made,,,,
Amir Johnson,DeMar DeRozan,Marco Belinelli,Marcus Banks,Patrick O'Bryant,James Singleton,Jose Juan Barea,Kris Humphries,Matt Carroll,Rodrigue Beaubois,4,1:35,DAL,foul,,,,,,,,Patrick O'Bryant,,Kris Humphries,,,,,,personal,,
Amir Johnson,DeMar DeRozan,Marco Belinelli,Marcus Banks,Patrick O'Bryant,James Singleton,Jose Juan Barea,Kris Humphries,Matt Carroll,Rodrigue Beaubois,4,1:30,TOR,turnover,,,,,,,,,,Marcus Banks,,,bad pass,,Kris Humphries,,,
Amir Johnson,DeMar DeRozan,Marco Belinelli,Marcus Banks,Patrick O'Bryant,James Singleton,Jose Juan Barea,Kris Humphries,Matt Carroll,Rodrigue Beaubois,4,1:26,DAL,shot,Jose Juan Barea,,,,,,,,,Rodrigue Beaubois,2,,,made,,layup,25,6
Amir Johnson,DeMar DeRozan,Marco Belinelli,Marcus Banks,Patrick O'Bryant,James Singleton,Jose Juan Barea,Kris Humphries,Matt Carroll,Rodrigue Beaubois,4,1:21,TOR,shot,DeMar DeRozan,,,,,,,,,Patrick O'Bryant,2,,,made,,dunk,25,6
Amir Johnson,DeMar DeRozan,Marco Belinelli,Marcus Banks,Patrick O'Bryant,James Singleton,Jose Juan Barea,Kris Humphries,Matt Carroll,Rodrigue Beaubois,4,1:03,DAL,shot,Jose Juan Barea,,,,,,,,,Matt Carroll,3,,,made,,3pt,49,7
Amir Johnson,DeMar DeRozan,Marco Belinelli,Marcus Banks,Patrick O'Bryant,James Singleton,Jose Juan Barea,Kris Humphries,Matt Carroll,Rodrigue Beaubois,4,0:49,TOR,shot,Marcus Banks,,,,,,,,,Marco Belinelli,2,,,made,,jump,44,7
Amir Johnson,DeMar DeRozan,Marco Belinelli,Marcus Banks,Patrick O'Bryant,James Singleton,Jose Juan Barea,Kris Humphries,Matt Carroll,Rodrigue Beaubois,4,0:37,TOR,foul,,,,,,,,Rodrigue Beaubois,,DeMar DeRozan,,,,,,personal,,
Amir Johnson,DeMar DeRozan,Marco Belinelli,Marcus Banks,Patrick O'Bryant,James Singleton,Jose Juan Barea,Kris Humphries,Matt Carroll,Rodrigue Beaubois,4,0:37,DAL,free throw,,,,,,,1,,2,Rodrigue Beaubois,,,foul,made,,,,
Amir Johnson,DeMar DeRozan,Marco Belinelli,Marcus Banks,Patrick O'Bryant,James Singleton,Jose Juan Barea,Kris Humphries,Matt Carroll,Rodrigue Beaubois,4,0:37,DAL,free throw,,,,,,,2,,2,Rodrigue Beaubois,,,foul,made,,,,
Amir Johnson,DeMar DeRozan,Marco Belinelli,Marcus Banks,Patrick O'Bryant,James Singleton,Jose Juan Barea,Kris Humphries,Matt Carroll,Rodrigue Beaubois,4,0:28,TOR,shot,,,,,,,,,,Marco Belinelli,,,,missed,,turnaround jump,21,25
Amir Johnson,DeMar DeRozan,Marco Belinelli,Marcus Banks,Patrick O'Bryant,James Singleton,Jose Juan Barea,Kris Humphries,Matt Carroll,Rodrigue Beaubois,4,0:25,DAL,rebound,,,,,,,,,,Kris Humphries,,,,,,def,,
Amir Johnson,DeMar DeRozan,Marco Belinelli,Marcus Banks,Patrick O'Bryant,James Singleton,Jose Juan Barea,Kris Humphries,Matt Carroll,Rodrigue Beaubois,4,0:06,DAL,shot,,,,,,,,,,Rodrigue Beaubois,,,,missed,,running jump,21,11
Amir Johnson,DeMar DeRozan,Marco Belinelli,Marcus Banks,Patrick O'Bryant,James Singleton,Jose Juan Barea,Kris Humphries,Matt Carroll,Rodrigue Beaubois,4,0:05,DAL,rebound,,,,,,,,,,Kris Humphries,,,,,,off,,
Amir Johnson,DeMar DeRozan,Marco Belinelli,Marcus Banks,Patrick O'Bryant,James Singleton,Jose Juan Barea,Kris Humphries,Matt Carroll,Rodrigue Beaubois,4,0:05,DAL,shot,,,,,,,,,,Kris Humphries,2,,,made,,tip,25,6
