a1,a2,a3,a4,a5,h1,h2,h3,h4,h5,period,time,team,etype,assist,away,block,entered,home,left,num,opponent,outof,player,points,possession,reason,result,steal,type,x,y
Antawn Jamison,Brendan Haywood,Caron Butler,Gilbert Arenas,Mike Miller,Jeff Green,Kevin Durant,Nenad Krstic,Russell Westbrook,Thabo Sefolosha,1,12:00,OFF,jump ball,,Brendan Haywood,,,Jeff Green,,,,,,,Russell Westbrook,,,,,,
Antawn Jamison,Brendan Haywood,Caron Butler,Gilbert Arenas,Mike Miller,Jeff Green,Kevin Durant,Nenad Krstic,Russell Westbrook,Thabo Sefolosha,1,11:38,OKC,jump ball,,Brendan Haywood,,,Nenad Krstic,,,,,,,Russell Westbrook,,,,,,
Antawn Jamison,Brendan Haywood,Caron Butler,Gilbert Arenas,Mike Miller,Jeff Green,Kevin Durant,Nenad Krstic,Russell Westbrook,Thabo Sefolosha,1,11:32,OKC,shot,,,,,,,,,,Kevin Durant,,,,missed,,3pt,37,27
Antawn Jamison,Brendan Haywood,Caron Butler,Gilbert Arenas,Mike Miller,Jeff Green,Kevin Durant,Nenad Krstic,Russell Westbrook,Thabo Sefolosha,1,11:30,OKC,rebound,,,,,,,,,,Jeff Green,,,,,,off,,
Antawn Jamison,Brendan Haywood,Caron Butler,Gilbert Arenas,Mike Miller,Jeff Green,Kevin Durant,Nenad Krstic,Russell Westbrook,Thabo Sefolosha,1,11:16,OKC,shot,,,,,,,,,,Kevin Durant,,,,missed,,jump,13,7
Antawn Jamison,Brendan Haywood,Caron Butler,Gilbert Arenas,Mike Miller,Jeff Green,Kevin Durant,Nenad Krstic,Russell Westbrook,Thabo Sefolosha,1,11:15,OKC,rebound,,,,,,,,,,Jeff Green,,,,,,off,,
Antawn Jamison,Brendan Haywood,Caron Butler,Gilbert Arenas,Mike Miller,Jeff Green,Kevin Durant,Nenad Krstic,Russell Westbrook,Thabo Sefolosha,1,11:15,OKC,shot,,,,,,,,,,Jeff Green,2,,,made,,putback dunk,25,6
Antawn Jamison,Brendan Haywood,Caron Butler,Gilbert Arenas,Mike Miller,Jeff Green,Kevin Durant,Nenad Krstic,Russell Westbrook,Thabo Sefolosha,1,10:54,WAS,shot,,,,,,,,,,Antawn Jamison,,,,missed,,running hook,25,10
Antawn Jamison,Brendan Haywood,Caron Butler,Gilbert Arenas,Mike Miller,Jeff Green,Kevin Durant,Nenad Krstic,Russell Westbrook,Thabo Sefolosha,1,10:53,OKC,rebound,,,,,,,,,,Nenad Krstic,,,,,,def,,
Antawn Jamison,Brendan Haywood,Caron Butler,Gilbert Arenas,Mike Miller,Jeff Green,Kevin Durant,Nenad Krstic,Russell Westbrook,Thabo Sefolosha,1,10:43,OKC,shot,,,,,,,,,,Jeff Green,,,,missed,,jump,38,10
Antawn Jamison,Brendan Haywood,Caron Butler,Gilbert Arenas,Mike Miller,Jeff Green,Kevin Durant,Nenad Krstic,Russell Westbrook,Thabo Sefolosha,1,10:42,WAS,rebound,,,,,,,,,,Brendan Haywood,,,,,,def,,
Antawn Jamison,Brendan Haywood,Caron Butler,Gilbert Arenas,Mike Miller,Jeff Green,Kevin Durant,Nenad Krstic,Russell Westbrook,Thabo Sefolosha,1,10:34,WAS,turnover,,,,,,,,,,Gilbert Arenas,,,lost ball,,Nenad Krstic,,,
Antawn Jamison,Brendan Haywood,Caron Butler,Gilbert Arenas,Mike Miller,Jeff Green,Kevin Durant,Nenad Krstic,Russell Westbrook,Thabo Sefolosha,1,10:28,OKC,shot,,,,,,,,,,Thabo Sefolosha,,,,missed,,layup,25,6
Antawn Jamison,Brendan Haywood,Caron Butler,Gilbert Arenas,Mike Miller,Jeff Green,Kevin Durant,Nenad Krstic,Russell Westbrook,Thabo Sefolosha,1,10:26,WAS,rebound,,,,,,,,,,Gilbert Arenas,,,,,,def,,
Antawn Jamison,Brendan Haywood,Caron Butler,Gilbert Arenas,Mike Miller,Jeff Green,Kevin Durant,Nenad Krstic,Russell Westbrook,Thabo Sefolosha,1,10:21,WAS,shot,Caron Butler,,,,,,,,,Brendan Haywood,2,,,made,,layup,25,6
Antawn Jamison,Brendan Haywood,Caron Butler,Gilbert Arenas,Mike Miller,Jeff Green,Kevin Durant,Nenad Krstic,Russell Westbrook,Thabo Sefolosha,1,10:02,OKC,shot,,,,,,,,,,Kevin Durant,2,,,made,,driving reverse layup,25,6
Antawn Jamison,Brendan Haywood,Caron Butler,Gilbert Arenas,Mike Miller,Jeff Green,Kevin Durant,Nenad Krstic,Russell Westbrook,Thabo Sefolosha,1,9:49,WAS,shot,,,,,,,,,,Brendan Haywood,,,,missed,,jump,11,8
Antawn Jamison,Brendan Haywood,Caron Butler,Gilbert Arenas,Mike Miller,Jeff Green,Kevin Durant,Nenad Krstic,Russell Westbrook,Thabo Sefolosha,1,9:49,OKC,rebound,,,,,,,,,,Nenad Krstic,,,,,,def,,
Antawn Jamison,Brendan Haywood,Caron Butler,Gilbert Arenas,Mike Miller,Jeff Green,Kevin Durant,Nenad Krstic,Russell Westbrook,Thabo Sefolosha,1,9:41,OKC,shot,,,,,,,,,,Russell Westbrook,3,,,made,,3pt,26,30
Antawn Jamison,Brendan Haywood,Caron Butler,Gilbert Arenas,Mike Miller,Jeff Green,Kevin Durant,Nenad Krstic,Russell Westbrook,Thabo Sefolosha,1,9:20,WAS,shot,,,,,,,,,,Caron Butler,,,,missed,,3pt,3,17
Antawn Jamison,Brendan Haywood,Caron Butler,Gilbert Arenas,Mike Miller,Jeff Green,Kevin Durant,Nenad Krstic,Russell Westbrook,Thabo Sefolosha,1,9:20,WAS,rebound,,,,,,,,,,Antawn Jamison,,,,,,off,,
Antawn Jamison,Brendan Haywood,Caron Butler,Gilbert Arenas,Mike Miller,Jeff Green,Kevin Durant,Nenad Krstic,Russell Westbrook,Thabo Sefolosha,1,9:20,OKC,foul,,,,,,,,Antawn Jamison,,Nenad Krstic,,,,,,shooting,,
Antawn Jamison,Brendan Haywood,Caron Butler,Gilbert Arenas,Mike Miller,Jeff Green,Kevin Durant,Nenad Krstic,Russell Westbrook,Thabo Sefolosha,1,9:20,WAS,free throw,,,,,,,1,,2,Antawn Jamison,,,foul,missed,,,,
Antawn Jamison,Brendan Haywood,Caron Butler,Gilbert Arenas,Mike Miller,Jeff Green,Kevin Durant,Nenad Krstic,Russell Westbrook,Thabo Sefolosha,1,9:20,WAS,rebound,,,,,,,,,,,,,,,,,,
Antawn Jamison,Brendan Haywood,Caron Butler,Gilbert Arenas,Mike Miller,Jeff Green,Kevin Durant,Nenad Krstic,Russell Westbrook,Thabo Sefolosha,1,9:20,WAS,free throw,,,,,,,2,,2,Antawn Jamison,,,foul,missed,,,,
Antawn Jamison,Brendan Haywood,Caron Butler,Gilbert Arenas,Mike Miller,Jeff Green,Kevin Durant,Nenad Krstic,Russell Westbrook,Thabo Sefolosha,1,9:19,OKC,rebound,,,,,,,,,,Nenad Krstic,,,,,,def,,
Antawn Jamison,Brendan Haywood,Caron Butler,Gilbert Arenas,Mike Miller,Jeff Green,Kevin Durant,Nenad Krstic,Russell Westbrook,Thabo Sefolosha,1,9:11,OKC,shot,,,,,,,,,,Kevin Durant,2,,,made,,jump,14,12
Antawn Jamison,Brendan Haywood,Caron Butler,Gilbert Arenas,Mike Miller,Jeff Green,Kevin Durant,Nenad Krstic,Russell Westbrook,Thabo Sefolosha,1,8:53,WAS,shot,Brendan Haywood,,,,,,,,,Gilbert Arenas,2,,,made,,jump,37,26
Antawn Jamison,Brendan Haywood,Caron Butler,Gilbert Arenas,Mike Miller,Jeff Green,Kevin Durant,Nenad Krstic,Russell Westbrook,Thabo Sefolosha,1,8:37,OKC,shot,,,,,,,,,,Nenad Krstic,,,,missed,,jump,11,11
Antawn Jamison,Brendan Haywood,Caron Butler,Gilbert Arenas,Mike Miller,Jeff Green,Kevin Durant,Nenad Krstic,Russell Westbrook,Thabo Sefolosha,1,8:36,OKC,rebound,,,,,,,,,,Thabo Sefolosha,,,,,,off,,
Antawn Jamison,Brendan Haywood,Caron Butler,Gilbert Arenas,Mike Miller,Jeff Green,Kevin Durant,Nenad Krstic,Russell Westbrook,Thabo Sefolosha,1,8:27,OKC,shot,,,,,,,,,,Thabo Sefolosha,2,,,made,,driving layup,25,6
Antawn Jamison,Brendan Haywood,Caron Butler,Gilbert Arenas,Mike Miller,Jeff Green,Kevin Durant,Nenad Krstic,Russell Westbrook,Thabo Sefolosha,1,8:11,WAS,shot,,,,,,,,,,Caron Butler,2,,,made,,jump,41,15
Antawn Jamison,Brendan Haywood,Caron Butler,Gilbert Arenas,Mike Miller,Jeff Green,Kevin Durant,Nenad Krstic,Russell Westbrook,Thabo Sefolosha,1,7:55,OKC,shot,,,,,,,,,,Kevin Durant,2,,,made,,driving layup,25,6
Antawn Jamison,Brendan Haywood,Caron Butler,Gilbert Arenas,Mike Miller,Jeff Green,Kevin Durant,Nenad Krstic,Russell Westbrook,Thabo Sefolosha,1,7:47,OKC,foul,,,,,,,,Caron Butler,,Kevin Durant,,,,,,shooting,,
Antawn Jamison,Brendan Haywood,Caron Butler,Gilbert Arenas,Mike Miller,Jeff Green,Kevin Durant,Nenad Krstic,Russell Westbrook,Thabo Sefolosha,1,7:47,WAS,free throw,,,,,,,1,,2,Caron Butler,,,foul,missed,,,,
Antawn Jamison,Brendan Haywood,Caron Butler,Gilbert Arenas,Mike Miller,Jeff Green,Kevin Durant,Nenad Krstic,Russell Westbrook,Thabo Sefolosha,1,7:47,WAS,rebound,,,,,,,,,,,,,,,,,,
Antawn Jamison,Brendan Haywood,Caron Butler,Gilbert Arenas,Mike Miller,Jeff Green,Kevin Durant,Nenad Krstic,Russell Westbrook,Thabo Sefolosha,1,7:47,WAS,free throw,,,,,,,2,,2,Caron Butler,,,foul,made,,,,
Antawn Jamison,Brendan Haywood,Caron Butler,Gilbert Arenas,Mike Miller,Jeff Green,Kevin Durant,Nenad Krstic,Russell Westbrook,Thabo Sefolosha,1,7:40,OKC,shot,,,,,,,,,,Russell Westbrook,,,,missed,,3pt,19,30
Antawn Jamison,Brendan Haywood,Caron Butler,Gilbert Arenas,Mike Miller,Jeff Green,Kevin Durant,Nenad Krstic,Russell Westbrook,Thabo Sefolosha,1,7:35,OKC,rebound,,,,,,,,,,Russell Westbrook,,,,,,off,,
Antawn Jamison,Brendan Haywood,Caron Butler,Gilbert Arenas,Mike Miller,Jeff Green,Kevin Durant,Nenad Krstic,Russell Westbrook,Thabo Sefolosha,1,7:34,OKC,shot,Russell Westbrook,,,,,,,,,Jeff Green,2,,,made,,layup,25,6
Antawn Jamison,Brendan Haywood,Caron Butler,Gilbert Arenas,Mike Miller,Jeff Green,Kevin Durant,Nenad Krstic,Russell Westbrook,Thabo Sefolosha,1,7:16,WAS,shot,,,,,,,,,,Gilbert Arenas,,,,missed,,driving layup,25,6
Antawn Jamison,Brendan Haywood,Caron Butler,Gilbert Arenas,Mike Miller,Jeff Green,Kevin Durant,Nenad Krstic,Russell Westbrook,Thabo Sefolosha,1,7:15,OKC,rebound,,,,,,,,,,Kevin Durant,,,,,,def,,
Antawn Jamison,Brendan Haywood,Caron Butler,Gilbert Arenas,Mike Miller,Jeff Green,Kevin Durant,Nenad Krstic,Russell Westbrook,Thabo Sefolosha,1,7:05,OKC,shot,,,,,,,,,,Jeff Green,2,,,made,,driving layup,25,6
Antawn Jamison,Brendan Haywood,Caron Butler,Gilbert Arenas,Mike Miller,Jeff Green,Kevin Durant,Nenad Krstic,Russell Westbrook,Thabo Sefolosha,1,7:05,WAS,foul,,,,,,,,Jeff Green,,Brendan Haywood,,,,,,shooting,,
Antawn Jamison,Brendan Haywood,Caron Butler,Gilbert Arenas,Mike Miller,Jeff Green,Kevin Durant,Nenad Krstic,Russell Westbrook,Thabo Sefolosha,1,7:05,WAS,timeout,,,,,,,,,,,,,,,,regular,,
Antawn Jamison,Brendan Haywood,Caron Butler,Gilbert Arenas,Mike Miller,Jeff Green,Kevin Durant,Nenad Krstic,Russell Westbrook,Thabo Sefolosha,1,7:05,OKC,free throw,,,,,,,1,,1,Jeff Green,,,foul,made,,,,
Antawn Jamison,Brendan Haywood,Caron Butler,Gilbert Arenas,Mike Miller,Jeff Green,Kevin Durant,Nenad Krstic,Russell Westbrook,Thabo Sefolosha,1,6:45,WAS,shot,,,,,,,,,,Gilbert Arenas,,,,missed,,jump,18,27
Antawn Jamison,Brendan Haywood,Caron Butler,Gilbert Arenas,Mike Miller,Jeff Green,Kevin Durant,Nenad Krstic,Russell Westbrook,Thabo Sefolosha,1,6:44,OKC,rebound,,,,,,,,,,Jeff Green,,,,,,def,,
Antawn Jamison,Brendan Haywood,Caron Butler,Gilbert Arenas,Mike Miller,Jeff Green,Kevin Durant,Nenad Krstic,Russell Westbrook,Thabo Sefolosha,1,6:25,OKC,shot,,,,,,,,,,Kevin Durant,,,,missed,,driving layup,25,6
Antawn Jamison,Brendan Haywood,Caron Butler,Gilbert Arenas,Mike Miller,Jeff Green,Kevin Durant,Nenad Krstic,Russell Westbrook,Thabo Sefolosha,1,6:24,WAS,rebound,,,,,,,,,,Antawn Jamison,,,,,,def,,
Antawn Jamison,Brendan Haywood,Caron Butler,Gilbert Arenas,Mike Miller,Jeff Green,Kevin Durant,Nenad Krstic,Russell Westbrook,Thabo Sefolosha,1,6:18,OKC,foul,,,,,,,,Caron Butler,,Thabo Sefolosha,,,,,,personal,,
Antawn Jamison,Brendan Haywood,Caron Butler,Gilbert Arenas,Mike Miller,Jeff Green,Kevin Durant,Nenad Krstic,Russell Westbrook,Thabo Sefolosha,1,6:07,WAS,shot,,,,,,,,,,Gilbert Arenas,2,,,made,,driving layup,25,6
Antawn Jamison,Brendan Haywood,Caron Butler,Gilbert Arenas,Mike Miller,Jeff Green,Kevin Durant,Nenad Krstic,Russell Westbrook,Thabo Sefolosha,1,5:58,OKC,shot,,,,,,,,,,Russell Westbrook,,,,missed,,3pt,28,30
Antawn Jamison,Brendan Haywood,Caron Butler,Gilbert Arenas,Mike Miller,Jeff Green,Kevin Durant,Nenad Krstic,Russell Westbrook,Thabo Sefolosha,1,5:57,WAS,rebound,,,,,,,,,,Brendan Haywood,,,,,,def,,
Antawn Jamison,Brendan Haywood,Caron Butler,Gilbert Arenas,Mike Miller,Jeff Green,Kevin Durant,Nenad Krstic,Russell Westbrook,Thabo Sefolosha,1,5:46,WAS,shot,Mike Miller,,,,,,,,,Antawn Jamison,2,,,made,,jump,7,16
Antawn Jamison,Brendan Haywood,Caron Butler,Gilbert Arenas,Mike Miller,Jeff Green,Kevin Durant,Nenad Krstic,Russell Westbrook,Thabo Sefolosha,1,5:31,OKC,shot,,,,,,,,,,Jeff Green,,,,missed,,jump,34,23
Antawn Jamison,Brendan Haywood,Caron Butler,Gilbert Arenas,Mike Miller,Jeff Green,Kevin Durant,Nenad Krstic,Russell Westbrook,Thabo Sefolosha,1,5:30,WAS,rebound,,,,,,,,,,Caron Butler,,,,,,def,,
Antawn Jamison,Brendan Haywood,Caron Butler,Gilbert Arenas,Mike Miller,Jeff Green,Kevin Durant,Nenad Krstic,Russell Westbrook,Thabo Sefolosha,1,5:21,WAS,shot,,,,,,,,,,Antawn Jamison,,,,missed,,jump,42,15
Antawn Jamison,Brendan Haywood,Caron Butler,Gilbert Arenas,Mike Miller,Jeff Green,Kevin Durant,Nenad Krstic,Russell Westbrook,Thabo Sefolosha,1,5:20,OKC,rebound,,,,,,,,,,Thabo Sefolosha,,,,,,def,,
Antawn Jamison,Brendan Haywood,Caron Butler,Gilbert Arenas,Mike Miller,Jeff Green,Kevin Durant,Nenad Krstic,Russell Westbrook,Thabo Sefolosha,1,5:14,OKC,shot,,,,,,,,,,Thabo Sefolosha,,,,missed,,driving layup,25,6
Antawn Jamison,Brendan Haywood,Caron Butler,Gilbert Arenas,Mike Miller,Jeff Green,Kevin Durant,Nenad Krstic,Russell Westbrook,Thabo Sefolosha,1,5:13,WAS,rebound,,,,,,,,,,Antawn Jamison,,,,,,def,,
Antawn Jamison,Brendan Haywood,Caron Butler,Gilbert Arenas,Mike Miller,Jeff Green,Kevin Durant,Nenad Krstic,Russell Westbrook,Thabo Sefolosha,1,5:05,WAS,shot,,,,,,,,,,Caron Butler,2,,,made,,driving layup,25,6
Antawn Jamison,Brendan Haywood,Caron Butler,Gilbert Arenas,Mike Miller,Jeff Green,Kevin Durant,Nenad Krstic,Russell Westbrook,Thabo Sefolosha,1,4:55,OKC,timeout,,,,,,,,,,,,,,,,regular,,
Antawn Jamison,Brendan Haywood,Caron Butler,Gilbert Arenas,Mike Miller,Etan Thomas,Jeff Green,Kevin Durant,Russell Westbrook,Thabo Sefolosha,1,4:55,OKC,sub,,,,Etan Thomas,,Nenad Krstic,,,,,,,,,,,,
Antawn Jamison,Brendan Haywood,Caron Butler,Gilbert Arenas,Mike Miller,Etan Thomas,Jeff Green,Kevin Durant,Russell Westbrook,Thabo Sefolosha,1,4:47,OKC,shot,,,,,,,,,,Kevin Durant,,,,missed,,jump,16,11
Antawn Jamison,Brendan Haywood,Caron Butler,Gilbert Arenas,Mike Miller,Etan Thomas,Jeff Green,Kevin Durant,Russell Westbrook,Thabo Sefolosha,1,4:46,WAS,rebound,,,,,,,,,,Brendan Haywood,,,,,,def,,
Antawn Jamison,Brendan Haywood,Caron Butler,Gilbert Arenas,Mike Miller,Etan Thomas,Jeff Green,Kevin Durant,Russell Westbrook,Thabo Sefolosha,1,4:36,WAS,shot,,,,,,,,,,Antawn Jamison,,,,missed,,jump,15,8
Antawn Jamison,Brendan Haywood,Caron Butler,Gilbert Arenas,Mike Miller,Etan Thomas,Jeff Green,Kevin Durant,Russell Westbrook,Thabo Sefolosha,1,4:34,OKC,rebound,,,,,,,,,,Jeff Green,,,,,,def,,
Antawn Jamison,Brendan Haywood,Caron Butler,Gilbert Arenas,Mike Miller,Etan Thomas,Jeff Green,Kevin Durant,Russell Westbrook,Thabo Sefolosha,1,4:24,OKC,shot,,,Antawn Jamison,,,,,,,Thabo Sefolosha,,,,missed,,layup,25,6
Antawn Jamison,Brendan Haywood,Caron Butler,Gilbert Arenas,Mike Miller,Etan Thomas,Jeff Green,Kevin Durant,Russell Westbrook,Thabo Sefolosha,1,4:22,OKC,rebound,,,,,,,,,,Jeff Green,,,,,,off,,
Antawn Jamison,Brendan Haywood,Caron Butler,Gilbert Arenas,Mike Miller,Etan Thomas,Jeff Green,Kevin Durant,Russell Westbrook,Thabo Sefolosha,1,4:19,OKC,shot,,,,,,,,,,Kevin Durant,2,,,made,,running jump,30,11
Antawn Jamison,Brendan Haywood,Caron Butler,Gilbert Arenas,Mike Miller,Etan Thomas,Jeff Green,Kevin Durant,Russell Westbrook,Thabo Sefolosha,1,4:19,WAS,foul,,,,,,,,Kevin Durant,,Gilbert Arenas,,,,,,shooting,,
Antawn Jamison,Brendan Haywood,Caron Butler,Gilbert Arenas,Mike Miller,Etan Thomas,Jeff Green,Kevin Durant,Russell Westbrook,Thabo Sefolosha,1,4:19,OKC,free throw,,,,,,,1,,1,Kevin Durant,,,foul,made,,,,
Antawn Jamison,Brendan Haywood,Caron Butler,Gilbert Arenas,Mike Miller,Etan Thomas,Jeff Green,Kevin Durant,Russell Westbrook,Thabo Sefolosha,1,4:08,WAS,turnover,,,,,,,,,,Mike Miller,,,bad pass,,Thabo Sefolosha,,,
Antawn Jamison,Brendan Haywood,Caron Butler,Gilbert Arenas,Mike Miller,Etan Thomas,Jeff Green,Kevin Durant,Russell Westbrook,Thabo Sefolosha,1,4:03,OKC,shot,,,,,,,,,,Thabo Sefolosha,,,,missed,,layup,25,6
Antawn Jamison,Brendan Haywood,Caron Butler,Gilbert Arenas,Mike Miller,Etan Thomas,Jeff Green,Kevin Durant,Russell Westbrook,Thabo Sefolosha,1,4:02,OKC,rebound,,,,,,,,,,Jeff Green,,,,,,off,,
Antawn Jamison,Brendan Haywood,Caron Butler,Gilbert Arenas,Mike Miller,Etan Thomas,Jeff Green,Kevin Durant,Russell Westbrook,Thabo Sefolosha,1,4:02,OKC,shot,,,,,,,,,,Jeff Green,2,,,made,,tip,25,6
Antawn Jamison,Brendan Haywood,Caron Butler,Gilbert Arenas,Mike Miller,Etan Thomas,Jeff Green,Kevin Durant,Russell Westbrook,Thabo Sefolosha,1,3:57,WAS,shot,Caron Butler,,,,,,,,,Brendan Haywood,2,,,made,,dunk,25,6
Antawn Jamison,Brendan Haywood,Caron Butler,Gilbert Arenas,Mike Miller,Etan Thomas,Jeff Green,Kevin Durant,Russell Westbrook,Thabo Sefolosha,1,3:34,OKC,shot,,,,,,,,,,Jeff Green,2,,,made,,hook,26,10
Antawn Jamison,Brendan Haywood,Caron Butler,Gilbert Arenas,Mike Miller,Etan Thomas,Jeff Green,Kevin Durant,Russell Westbrook,Thabo Sefolosha,1,3:24,OKC,foul,,,,,,,,Gilbert Arenas,,Etan Thomas,,,,,,shooting,,
Antawn Jamison,Brendan Haywood,Caron Butler,DeShawn Stevenson,Gilbert Arenas,Etan Thomas,Jeff Green,Kevin Durant,Russell Westbrook,Thabo Sefolosha,1,3:24,WAS,sub,,,,DeShawn Stevenson,,Mike Miller,,,,,,,,,,,,
Antawn Jamison,Brendan Haywood,Caron Butler,DeShawn Stevenson,Gilbert Arenas,Etan Thomas,James Harden,Jeff Green,Kevin Durant,Russell Westbrook,1,3:24,OKC,sub,,,,James Harden,,Thabo Sefolosha,,,,,,,,,,,,
Antawn Jamison,Brendan Haywood,Caron Butler,DeShawn Stevenson,Gilbert Arenas,Etan Thomas,James Harden,Jeff Green,Kevin Durant,Russell Westbrook,1,3:24,WAS,free throw,,,,,,,1,,2,Gilbert Arenas,,,foul,missed,,,,
Antawn Jamison,Brendan Haywood,Caron Butler,DeShawn Stevenson,Gilbert Arenas,Etan Thomas,James Harden,Jeff Green,Kevin Durant,Russell Westbrook,1,3:24,WAS,rebound,,,,,,,,,,,,,,,,,,
Antawn Jamison,Brendan Haywood,Caron Butler,DeShawn Stevenson,Gilbert Arenas,Etan Thomas,James Harden,Jeff Green,Kevin Durant,Kevin Ollie,1,3:24,OKC,sub,,,,Kevin Ollie,,Russell Westbrook,,,,,,,,,,,,
Antawn Jamison,Brendan Haywood,Caron Butler,DeShawn Stevenson,Gilbert Arenas,Etan Thomas,James Harden,Jeff Green,Kevin Durant,Kevin Ollie,1,3:24,WAS,free throw,,,,,,,2,,2,Gilbert Arenas,,,foul,made,,,,
Antawn Jamison,Brendan Haywood,Caron Butler,DeShawn Stevenson,Gilbert Arenas,Etan Thomas,James Harden,Jeff Green,Kevin Durant,Kevin Ollie,1,3:11,OKC,shot,,,,,,,,,,James Harden,3,,,made,,3pt,5,20
Antawn Jamison,Brendan Haywood,Caron Butler,DeShawn Stevenson,Gilbert Arenas,Etan Thomas,James Harden,Jeff Green,Kevin Durant,Kevin Ollie,1,2:59,WAS,shot,Gilbert Arenas,,,,,,,,,Antawn Jamison,3,,,made,,3pt,37,27
Antawn Jamison,Brendan Haywood,Caron Butler,DeShawn Stevenson,Gilbert Arenas,Etan Thomas,James Harden,Jeff Green,Kevin Durant,Kevin Ollie,1,2:36,OKC,turnover,,,,,,,,,,Kevin Durant,,,traveling,,,,,
Antawn Jamison,Brendan Haywood,Caron Butler,DeShawn Stevenson,Gilbert Arenas,Etan Thomas,James Harden,Jeff Green,Kevin Durant,Kevin Ollie,1,2:21,OKC,foul,,,,,,,,,,Kevin Ollie,,,,,,defense 3 second,,
Antawn Jamison,Brendan Haywood,Caron Butler,DeShawn Stevenson,Gilbert Arenas,Etan Thomas,James Harden,Jeff Green,Kevin Durant,Kevin Ollie,1,2:21,WAS,free throw,,,,,,,1,,1,Caron Butler,,,technical,made,,,,
Antawn Jamison,Brendan Haywood,Caron Butler,DeShawn Stevenson,Gilbert Arenas,Etan Thomas,James Harden,Kevin Durant,Kevin Ollie,Nick Collison,1,2:21,OKC,sub,,,,Nick Collison,,Jeff Green,,,,,,,,,,,,
Antawn Jamison,Brendan Haywood,Caron Butler,DeShawn Stevenson,Gilbert Arenas,Etan Thomas,James Harden,Kevin Durant,Kevin Ollie,Nick Collison,1,2:14,WAS,turnover,,,,,,,,,,Antawn Jamison,,,lost ball,,James Harden,,,
Antawn Jamison,Brendan Haywood,Caron Butler,DeShawn Stevenson,Gilbert Arenas,Etan Thomas,James Harden,Kevin Durant,Kevin Ollie,Nick Collison,1,2:06,OKC,turnover,,,,,,,,,,Kevin Durant,,,lost ball,,Gilbert Arenas,,,
Antawn Jamison,Brendan Haywood,Caron Butler,DeShawn Stevenson,Gilbert Arenas,Etan Thomas,James Harden,Kevin Durant,Kevin Ollie,Nick Collison,1,2:03,WAS,shot,Gilbert Arenas,,,,,,,,,Antawn Jamison,2,,,made,,jump,25,10
Antawn Jamison,Brendan Haywood,Caron Butler,DeShawn Stevenson,Gilbert Arenas,Etan Thomas,James Harden,Kevin Durant,Kevin Ollie,Nick Collison,1,1:40,OKC,shot,Kevin Durant,,,,,,,,,James Harden,3,,,made,,3pt,19,30
Antawn Jamison,Brendan Haywood,Caron Butler,DeShawn Stevenson,Gilbert Arenas,Etan Thomas,James Harden,Kevin Durant,Kevin Ollie,Nick Collison,1,1:23,WAS,shot,Caron Butler,,,,,,,,,Brendan Haywood,2,,,made,,dunk,25,6
Antawn Jamison,Brendan Haywood,Caron Butler,DeShawn Stevenson,Gilbert Arenas,Etan Thomas,James Harden,Kevin Durant,Kevin Ollie,Nick Collison,1,1:06,WAS,foul,,,,,,,,Kevin Durant,,DeShawn Stevenson,,,,,,shooting,,
Antawn Jamison,Brendan Haywood,Caron Butler,DeShawn Stevenson,Gilbert Arenas,Etan Thomas,James Harden,Kevin Durant,Kevin Ollie,Nick Collison,1,1:06,OKC,free throw,,,,,,,1,,2,Kevin Durant,,,foul,missed,,,,
Antawn Jamison,Brendan Haywood,Caron Butler,DeShawn Stevenson,Gilbert Arenas,Etan Thomas,James Harden,Kevin Durant,Kevin Ollie,Nick Collison,1,1:06,OKC,rebound,,,,,,,,,,,,,,,,,,
Antawn Jamison,Brendan Haywood,Caron Butler,DeShawn Stevenson,Gilbert Arenas,Etan Thomas,James Harden,Kevin Durant,Kevin Ollie,Nick Collison,1,1:06,OKC,free throw,,,,,,,2,,2,Kevin Durant,,,foul,made,,,,
Antawn Jamison,Brendan Haywood,Caron Butler,DeShawn Stevenson,Gilbert Arenas,Etan Thomas,James Harden,Kevin Durant,Kevin Ollie,Nick Collison,1,0:54,WAS,shot,,,,,,,,,,Antawn Jamison,2,,,made,,jump,26,11
Antawn Jamison,Brendan Haywood,Caron Butler,DeShawn Stevenson,Gilbert Arenas,Etan Thomas,James Harden,Kevin Durant,Kevin Ollie,Nick Collison,1,0:54,OKC,foul,,,,,,,,Antawn Jamison,,Nick Collison,,,,,,shooting,,
Antawn Jamison,Brendan Haywood,Caron Butler,DeShawn Stevenson,Gilbert Arenas,Etan Thomas,James Harden,Kevin Durant,Kevin Ollie,Nick Collison,1,0:54,WAS,free throw,,,,,,,1,,1,Antawn Jamison,,,foul,missed,,,,
Antawn Jamison,Brendan Haywood,Caron Butler,DeShawn Stevenson,Gilbert Arenas,Etan Thomas,James Harden,Kevin Durant,Kevin Ollie,Nick Collison,1,0:53,WAS,rebound,,,,,,,,,,Brendan Haywood,,,,,,off,,
Antawn Jamison,Brendan Haywood,Caron Butler,DeShawn Stevenson,Gilbert Arenas,Etan Thomas,James Harden,Kevin Durant,Kevin Ollie,Nick Collison,1,0:40,WAS,shot,,,,,,,,,,Caron Butler,3,,,made,,3pt,10,25
Antawn Jamison,Brendan Haywood,Caron Butler,DeShawn Stevenson,Gilbert Arenas,Etan Thomas,James Harden,Kevin Durant,Kevin Ollie,Nick Collison,1,0:16,OKC,turnover,,,,,,,,,,,,,shot clock turnover,,,,,
Antawn Jamison,Brendan Haywood,Caron Butler,DeShawn Stevenson,Gilbert Arenas,Etan Thomas,James Harden,Kevin Durant,Kevin Ollie,Nick Collison,1,0:00,WAS,shot,,,Etan Thomas,,,,,,,Gilbert Arenas,,,,missed,,jump,22,9
Antawn Jamison,Brendan Haywood,Caron Butler,DeShawn Stevenson,Gilbert Arenas,Etan Thomas,James Harden,Kevin Durant,Kevin Ollie,Nick Collison,1,0:00,WAS,rebound,,,,,,,,,,Brendan Haywood,,,,,,off,,
Andray Blatche,Antawn Jamison,Caron Butler,DeShawn Stevenson,Earl Boykins,Etan Thomas,James Harden,Kevin Durant,Kevin Ollie,Thabo Sefolosha,2,11:45,WAS,shot,,,,,,,,,,Caron Butler,3,,,made,,3pt,5,19
Andray Blatche,Antawn Jamison,Caron Butler,DeShawn Stevenson,Earl Boykins,Etan Thomas,James Harden,Kevin Durant,Kevin Ollie,Thabo Sefolosha,2,11:27,OKC,shot,Kevin Durant,,,,,,,,,James Harden,3,,,made,,3pt,46,19
Andray Blatche,Antawn Jamison,Caron Butler,DeShawn Stevenson,Earl Boykins,Etan Thomas,James Harden,Kevin Durant,Kevin Ollie,Thabo Sefolosha,2,11:19,OKC,foul,,,,,,,,Caron Butler,,James Harden,,,,,,shooting,,
Andray Blatche,Antawn Jamison,Caron Butler,DeShawn Stevenson,Earl Boykins,Etan Thomas,James Harden,Kevin Durant,Kevin Ollie,Thabo Sefolosha,2,11:19,WAS,free throw,,,,,,,1,,2,Caron Butler,,,foul,made,,,,
Andray Blatche,Antawn Jamison,Caron Butler,DeShawn Stevenson,Earl Boykins,Etan Thomas,James Harden,Kevin Durant,Kevin Ollie,Thabo Sefolosha,2,11:19,WAS,free throw,,,,,,,2,,2,Caron Butler,,,foul,made,,,,
Andray Blatche,Antawn Jamison,Caron Butler,DeShawn Stevenson,Earl Boykins,Etan Thomas,James Harden,Kevin Durant,Kevin Ollie,Thabo Sefolosha,2,11:09,OKC,turnover,,,,,,,,,,Kevin Durant,,,lost ball,,Antawn Jamison,,,
Andray Blatche,Antawn Jamison,Caron Butler,DeShawn Stevenson,Earl Boykins,Etan Thomas,James Harden,Kevin Durant,Kevin Ollie,Thabo Sefolosha,2,11:01,WAS,shot,,,,,,,,,,Caron Butler,,,,missed,,3pt,22,30
Andray Blatche,Antawn Jamison,Caron Butler,DeShawn Stevenson,Earl Boykins,Etan Thomas,James Harden,Kevin Durant,Kevin Ollie,Thabo Sefolosha,2,11:00,OKC,rebound,,,,,,,,,,Etan Thomas,,,,,,def,,
Andray Blatche,Antawn Jamison,Caron Butler,DeShawn Stevenson,Earl Boykins,Etan Thomas,James Harden,Kevin Durant,Kevin Ollie,Thabo Sefolosha,2,10:44,OKC,shot,,,,,,,,,,Kevin Durant,2,,,made,,jump,16,13
Andray Blatche,Antawn Jamison,Caron Butler,DeShawn Stevenson,Earl Boykins,Etan Thomas,James Harden,Kevin Durant,Kevin Ollie,Thabo Sefolosha,2,10:21,WAS,shot,,,,,,,,,,Antawn Jamison,2,,,made,,layup,25,6
Andray Blatche,Antawn Jamison,Caron Butler,DeShawn Stevenson,Earl Boykins,Etan Thomas,James Harden,Kevin Durant,Kevin Ollie,Thabo Sefolosha,2,10:12,WAS,foul,,,,,,,,James Harden,,Andray Blatche,,,,,,shooting,,
Andray Blatche,Antawn Jamison,Caron Butler,DeShawn Stevenson,Earl Boykins,Etan Thomas,James Harden,Jeff Green,Kevin Ollie,Thabo Sefolosha,2,10:12,OKC,sub,,,,Jeff Green,,Kevin Durant,,,,,,,,,,,,
Andray Blatche,Antawn Jamison,Caron Butler,DeShawn Stevenson,Earl Boykins,Etan Thomas,James Harden,Jeff Green,Kevin Ollie,Thabo Sefolosha,2,10:12,OKC,free throw,,,,,,,1,,2,James Harden,,,foul,missed,,,,
Andray Blatche,Antawn Jamison,Caron Butler,DeShawn Stevenson,Earl Boykins,Etan Thomas,James Harden,Jeff Green,Kevin Ollie,Thabo Sefolosha,2,10:12,OKC,rebound,,,,,,,,,,,,,,,,,,
Andray Blatche,Antawn Jamison,Caron Butler,DeShawn Stevenson,Earl Boykins,Etan Thomas,James Harden,Jeff Green,Kevin Ollie,Thabo Sefolosha,2,10:12,OKC,free throw,,,,,,,2,,2,James Harden,,,foul,made,,,,
Andray Blatche,Antawn Jamison,Caron Butler,DeShawn Stevenson,Earl Boykins,Etan Thomas,James Harden,Jeff Green,Kevin Ollie,Thabo Sefolosha,2,9:58,WAS,shot,Earl Boykins,,,,,,,,,Antawn Jamison,2,,,made,,jump,11,24
Andray Blatche,Antawn Jamison,Caron Butler,DeShawn Stevenson,Earl Boykins,Etan Thomas,James Harden,Jeff Green,Kevin Ollie,Thabo Sefolosha,2,9:41,WAS,foul,,,,,,,,Thabo Sefolosha,,DeShawn Stevenson,,,,,,personal,,
Andray Blatche,Antawn Jamison,Caron Butler,DeShawn Stevenson,Earl Boykins,Etan Thomas,James Harden,Jeff Green,Kevin Ollie,Thabo Sefolosha,2,9:32,OKC,shot,Jeff Green,,,,,,,,,Thabo Sefolosha,3,,,made,,3pt,33,29
Andray Blatche,Antawn Jamison,Caron Butler,DeShawn Stevenson,Earl Boykins,Etan Thomas,James Harden,Jeff Green,Kevin Ollie,Thabo Sefolosha,2,9:13,WAS,shot,,,,,,,,,,Andray Blatche,,,,missed,,jump,41,9
Andray Blatche,Antawn Jamison,Caron Butler,DeShawn Stevenson,Earl Boykins,Etan Thomas,James Harden,Jeff Green,Kevin Ollie,Thabo Sefolosha,2,9:12,OKC,rebound,,,,,,,,,,Kevin Ollie,,,,,,def,,
Andray Blatche,Antawn Jamison,Caron Butler,DeShawn Stevenson,Earl Boykins,Etan Thomas,James Harden,Jeff Green,Kevin Ollie,Thabo Sefolosha,2,9:09,OKC,turnover,,,,,,,,,,Kevin Ollie,,,bad pass,,Caron Butler,,,
Andray Blatche,Antawn Jamison,Caron Butler,DeShawn Stevenson,Earl Boykins,Etan Thomas,James Harden,Jeff Green,Kevin Ollie,Thabo Sefolosha,2,9:05,WAS,shot,,,,,,,,,,Caron Butler,,,,missed,,layup,25,6
Andray Blatche,Antawn Jamison,Caron Butler,DeShawn Stevenson,Earl Boykins,Etan Thomas,James Harden,Jeff Green,Kevin Ollie,Thabo Sefolosha,2,9:03,OKC,rebound,,,,,,,,,,Kevin Ollie,,,,,,def,,
Andray Blatche,Antawn Jamison,Caron Butler,DeShawn Stevenson,Earl Boykins,Etan Thomas,James Harden,Jeff Green,Kevin Ollie,Thabo Sefolosha,2,8:53,OKC,shot,,,,,,,,,,Kevin Ollie,,,,missed,,layup,25,6
Andray Blatche,Antawn Jamison,Caron Butler,DeShawn Stevenson,Earl Boykins,Etan Thomas,James Harden,Jeff Green,Kevin Ollie,Thabo Sefolosha,2,8:52,WAS,rebound,,,,,,,,,,Caron Butler,,,,,,def,,
Andray Blatche,Antawn Jamison,Caron Butler,DeShawn Stevenson,Earl Boykins,Etan Thomas,James Harden,Jeff Green,Kevin Ollie,Thabo Sefolosha,2,8:45,WAS,turnover,,,,,,,,,,Earl Boykins,,,bad pass,,James Harden,,,
Andray Blatche,Antawn Jamison,Caron Butler,DeShawn Stevenson,Earl Boykins,Etan Thomas,James Harden,Jeff Green,Kevin Ollie,Thabo Sefolosha,2,8:41,OKC,shot,James Harden,,,,,,,,,Thabo Sefolosha,2,,,made,,dunk,25,6
Andray Blatche,Antawn Jamison,Caron Butler,DeShawn Stevenson,Earl Boykins,Etan Thomas,James Harden,Jeff Green,Kevin Ollie,Thabo Sefolosha,2,8:38,WAS,timeout,,,,,,,,,,,,,,,,regular,,
Andray Blatche,Caron Butler,DeShawn Stevenson,Earl Boykins,Randy Foye,Etan Thomas,James Harden,Jeff Green,Kevin Ollie,Thabo Sefolosha,2,8:38,WAS,sub,,,,Randy Foye,,Antawn Jamison,,,,,,,,,,,,
Andray Blatche,Brendan Haywood,Caron Butler,Earl Boykins,Randy Foye,Etan Thomas,James Harden,Jeff Green,Kevin Ollie,Thabo Sefolosha,2,8:38,WAS,sub,,,,Brendan Haywood,,DeShawn Stevenson,,,,,,,,,,,,
Andray Blatche,Brendan Haywood,Caron Butler,Earl Boykins,Randy Foye,Etan Thomas,James Harden,Jeff Green,Kevin Ollie,Thabo Sefolosha,2,8:20,WAS,shot,,,,,,,,,,Andray Blatche,,,,missed,,layup,25,6
Andray Blatche,Brendan Haywood,Caron Butler,Earl Boykins,Randy Foye,Etan Thomas,James Harden,Jeff Green,Kevin Ollie,Thabo Sefolosha,2,8:18,OKC,rebound,,,,,,,,,,Jeff Green,,,,,,def,,
Andray Blatche,Brendan Haywood,Caron Butler,Earl Boykins,Randy Foye,Etan Thomas,James Harden,Jeff Green,Kevin Ollie,Thabo Sefolosha,2,7:59,OKC,shot,,,,,,,,,,Jeff Green,2,,,made,,driving layup,25,6
Andray Blatche,Brendan Haywood,Caron Butler,Earl Boykins,Randy Foye,Etan Thomas,James Harden,Jeff Green,Kevin Ollie,Thabo Sefolosha,2,7:59,WAS,foul,,,,,,,,Jeff Green,,Andray Blatche,,,,,,shooting,,
Andray Blatche,Brendan Haywood,Caron Butler,Earl Boykins,Randy Foye,Etan Thomas,James Harden,Jeff Green,Kevin Ollie,Thabo Sefolosha,2,7:59,OKC,free throw,,,,,,,1,,1,Jeff Green,,,foul,made,,,,
Andray Blatche,Brendan Haywood,Caron Butler,Earl Boykins,Randy Foye,Etan Thomas,James Harden,Jeff Green,Kevin Ollie,Thabo Sefolosha,2,7:44,WAS,shot,,,,,,,,,,Caron Butler,2,,,made,,jump,22,29
Andray Blatche,Brendan Haywood,Caron Butler,Earl Boykins,Randy Foye,Etan Thomas,James Harden,Jeff Green,Kevin Ollie,Thabo Sefolosha,2,7:29,OKC,shot,,,,,,,,,,Jeff Green,,,,missed,,jump,12,9
Andray Blatche,Brendan Haywood,Caron Butler,Earl Boykins,Randy Foye,Etan Thomas,James Harden,Jeff Green,Kevin Ollie,Thabo Sefolosha,2,7:27,WAS,rebound,,,,,,,,,,Brendan Haywood,,,,,,def,,
Andray Blatche,Brendan Haywood,Caron Butler,Earl Boykins,Randy Foye,Etan Thomas,James Harden,Jeff Green,Kevin Ollie,Thabo Sefolosha,2,7:19,WAS,turnover,,,,,,,,,,Caron Butler,,,3 second violation,,,,,
Andray Blatche,Brendan Haywood,Caron Butler,Earl Boykins,Randy Foye,Etan Thomas,James Harden,Jeff Green,Russell Westbrook,Thabo Sefolosha,2,7:19,OKC,sub,,,,Russell Westbrook,,Kevin Ollie,,,,,,,,,,,,
Andray Blatche,Brendan Haywood,Caron Butler,Earl Boykins,Randy Foye,Etan Thomas,James Harden,Jeff Green,Russell Westbrook,Thabo Sefolosha,2,7:00,OKC,turnover,,,,,,,,,,James Harden,,,lost ball,,Caron Butler,,,
Andray Blatche,Brendan Haywood,Caron Butler,Earl Boykins,Randy Foye,Etan Thomas,James Harden,Jeff Green,Russell Westbrook,Thabo Sefolosha,2,6:57,WAS,shot,Earl Boykins,,,,,,,,,Andray Blatche,2,,,made,,dunk,25,6
Andray Blatche,Brendan Haywood,Caron Butler,Earl Boykins,Randy Foye,Etan Thomas,James Harden,Jeff Green,Russell Westbrook,Thabo Sefolosha,2,6:42,OKC,turnover,,,,,,,,,,Russell Westbrook,,,bad pass,,,,,
Andray Blatche,Brendan Haywood,Caron Butler,Gilbert Arenas,Randy Foye,Etan Thomas,James Harden,Jeff Green,Russell Westbrook,Thabo Sefolosha,2,6:42,WAS,sub,,,,Gilbert Arenas,,Earl Boykins,,,,,,,,,,,,
Andray Blatche,Brendan Haywood,Gilbert Arenas,Mike Miller,Randy Foye,Etan Thomas,James Harden,Jeff Green,Russell Westbrook,Thabo Sefolosha,2,6:42,WAS,sub,,,,Mike Miller,,Caron Butler,,,,,,,,,,,,
Andray Blatche,Brendan Haywood,Gilbert Arenas,Mike Miller,Randy Foye,Etan Thomas,James Harden,Jeff Green,Russell Westbrook,Thabo Sefolosha,2,6:28,WAS,shot,Gilbert Arenas,,,,,,,,,Andray Blatche,2,,,made,,jump,14,24
Andray Blatche,Brendan Haywood,Gilbert Arenas,Mike Miller,Randy Foye,Etan Thomas,James Harden,Jeff Green,Russell Westbrook,Thabo Sefolosha,2,6:11,OKC,shot,,,Andray Blatche,,,,,,,Etan Thomas,,,,missed,,jump,23,9
Andray Blatche,Brendan Haywood,Gilbert Arenas,Mike Miller,Randy Foye,Etan Thomas,James Harden,Jeff Green,Russell Westbrook,Thabo Sefolosha,2,6:08,OKC,rebound,,,,,,,,,,James Harden,,,,,,off,,
Andray Blatche,Brendan Haywood,Gilbert Arenas,Mike Miller,Randy Foye,Etan Thomas,James Harden,Jeff Green,Russell Westbrook,Thabo Sefolosha,2,5:58,OKC,shot,,,,,,,,,,Thabo Sefolosha,2,,,made,,turnaround fade away,37,11
Andray Blatche,Brendan Haywood,Gilbert Arenas,Mike Miller,Randy Foye,Etan Thomas,James Harden,Jeff Green,Russell Westbrook,Thabo Sefolosha,2,5:40,WAS,shot,Randy Foye,,,,,,,,,Andray Blatche,2,,,made,,jump,25,26
Andray Blatche,Brendan Haywood,Gilbert Arenas,Mike Miller,Randy Foye,Etan Thomas,James Harden,Jeff Green,Russell Westbrook,Thabo Sefolosha,2,5:29,OKC,timeout,,,,,,,,,,,,,,,,regular,,
Andray Blatche,Brendan Haywood,Gilbert Arenas,Mike Miller,Randy Foye,James Harden,Jeff Green,Kevin Durant,Russell Westbrook,Thabo Sefolosha,2,5:28,OKC,sub,,,,Kevin Durant,,Etan Thomas,,,,,,,,,,,,
Andray Blatche,Brendan Haywood,Gilbert Arenas,Mike Miller,Randy Foye,Jeff Green,Kevin Durant,Nenad Krstic,Russell Westbrook,Thabo Sefolosha,2,5:28,OKC,sub,,,,Nenad Krstic,,James Harden,,,,,,,,,,,,
Andray Blatche,Brendan Haywood,Gilbert Arenas,Mike Miller,Randy Foye,Jeff Green,Kevin Durant,Nenad Krstic,Russell Westbrook,Thabo Sefolosha,2,5:14,OKC,shot,Jeff Green,,,,,,,,,Russell Westbrook,3,,,made,,3pt,25,30
Andray Blatche,Brendan Haywood,Gilbert Arenas,Mike Miller,Randy Foye,Jeff Green,Kevin Durant,Nenad Krstic,Russell Westbrook,Thabo Sefolosha,2,4:58,WAS,shot,,,,,,,,,,Mike Miller,,,,missed,,jump,13,20
Andray Blatche,Brendan Haywood,Gilbert Arenas,Mike Miller,Randy Foye,Jeff Green,Kevin Durant,Nenad Krstic,Russell Westbrook,Thabo Sefolosha,2,4:57,WAS,rebound,,,,,,,,,,Andray Blatche,,,,,,off,,
Andray Blatche,Brendan Haywood,Gilbert Arenas,Mike Miller,Randy Foye,Jeff Green,Kevin Durant,Nenad Krstic,Russell Westbrook,Thabo Sefolosha,2,4:56,WAS,turnover,,,,,,,,,,Gilbert Arenas,,,lost ball,,Kevin Durant,,,
Andray Blatche,Brendan Haywood,Gilbert Arenas,Mike Miller,Randy Foye,Jeff Green,Kevin Durant,Nenad Krstic,Russell Westbrook,Thabo Sefolosha,2,4:51,OKC,shot,Kevin Durant,,,,,,,,,Thabo Sefolosha,2,,,made,,dunk,25,6
Andray Blatche,Brendan Haywood,Gilbert Arenas,Mike Miller,Randy Foye,Jeff Green,Kevin Durant,Nenad Krstic,Russell Westbrook,Thabo Sefolosha,2,4:32,WAS,turnover,,,,,,,,,,Mike Miller,,,out of bounds lost ball turnover,,,,,
Andray Blatche,Brendan Haywood,Gilbert Arenas,Mike Miller,Randy Foye,Jeff Green,Kevin Durant,Nenad Krstic,Russell Westbrook,Thabo Sefolosha,2,4:22,OKC,shot,,,,,,,,,,Kevin Durant,,,,missed,,jump,42,13
Andray Blatche,Brendan Haywood,Gilbert Arenas,Mike Miller,Randy Foye,Jeff Green,Kevin Durant,Nenad Krstic,Russell Westbrook,Thabo Sefolosha,2,4:21,WAS,rebound,,,,,,,,,,Brendan Haywood,,,,,,def,,
Andray Blatche,Brendan Haywood,Gilbert Arenas,Mike Miller,Randy Foye,Jeff Green,Kevin Durant,Nenad Krstic,Russell Westbrook,Thabo Sefolosha,2,4:13,WAS,shot,,,,,,,,,,Gilbert Arenas,,,,missed,,3pt,27,31
Andray Blatche,Brendan Haywood,Gilbert Arenas,Mike Miller,Randy Foye,Jeff Green,Kevin Durant,Nenad Krstic,Russell Westbrook,Thabo Sefolosha,2,4:12,OKC,rebound,,,,,,,,,,Thabo Sefolosha,,,,,,def,,
Andray Blatche,Brendan Haywood,Gilbert Arenas,Mike Miller,Randy Foye,Jeff Green,Kevin Durant,Nenad Krstic,Russell Westbrook,Thabo Sefolosha,2,3:55,OKC,shot,Russell Westbrook,,,,,,,,,Nenad Krstic,2,,,made,,jump,11,11
Andray Blatche,Brendan Haywood,Gilbert Arenas,Mike Miller,Randy Foye,Jeff Green,Kevin Durant,Nenad Krstic,Russell Westbrook,Thabo Sefolosha,2,3:36,WAS,shot,,,,,,,,,,Randy Foye,,,,missed,,jump,26,28
Andray Blatche,Brendan Haywood,Gilbert Arenas,Mike Miller,Randy Foye,Jeff Green,Kevin Durant,Nenad Krstic,Russell Westbrook,Thabo Sefolosha,2,3:35,OKC,rebound,,,,,,,,,,Jeff Green,,,,,,def,,
Andray Blatche,Brendan Haywood,Gilbert Arenas,Mike Miller,Randy Foye,Jeff Green,Kevin Durant,Nenad Krstic,Russell Westbrook,Thabo Sefolosha,2,3:20,WAS,violation,,,,,,,,,,Randy Foye,,,,,,kicked ball,,
Antawn Jamison,Brendan Haywood,Gilbert Arenas,Mike Miller,Randy Foye,Jeff Green,Kevin Durant,Nenad Krstic,Russell Westbrook,Thabo Sefolosha,2,3:20,WAS,sub,,,,Antawn Jamison,,Andray Blatche,,,,,,,,,,,,
Antawn Jamison,Brendan Haywood,Gilbert Arenas,Mike Miller,Randy Foye,Jeff Green,Kevin Durant,Nenad Krstic,Russell Westbrook,Thabo Sefolosha,2,3:16,OKC,violation,,,,,,,,,,Russell Westbrook,,,,,,defensive goaltending,,
Antawn Jamison,Brendan Haywood,Gilbert Arenas,Mike Miller,Randy Foye,Jeff Green,Kevin Durant,Nenad Krstic,Russell Westbrook,Thabo Sefolosha,2,3:16,OKC,shot,,,,,,,,,,Kevin Durant,,,,missed,,jump,25,17
Antawn Jamison,Brendan Haywood,Gilbert Arenas,Mike Miller,Randy Foye,Jeff Green,Kevin Durant,Nenad Krstic,Russell Westbrook,Thabo Sefolosha,2,3:05,WAS,rebound,,,,,,,,,,Gilbert Arenas,,,,,,def,,
Antawn Jamison,Brendan Haywood,Gilbert Arenas,Mike Miller,Randy Foye,Jeff Green,Kevin Durant,Nenad Krstic,Russell Westbrook,Thabo Sefolosha,2,3:05,WAS,shot,,,,,,,,,,Gilbert Arenas,2,,,made,,layup,25,6
Antawn Jamison,Brendan Haywood,Gilbert Arenas,Mike Miller,Randy Foye,Jeff Green,Kevin Durant,Nenad Krstic,Russell Westbrook,Thabo Sefolosha,2,3:05,OKC,foul,,,,,,,,Gilbert Arenas,,Nenad Krstic,,,,,,shooting,,
Antawn Jamison,Brendan Haywood,Gilbert Arenas,Mike Miller,Randy Foye,Jeff Green,Kevin Durant,Nenad Krstic,Russell Westbrook,Thabo Sefolosha,2,3:05,WAS,free throw,,,,,,,1,,1,Gilbert Arenas,,,foul,made,,,,
Antawn Jamison,Brendan Haywood,Gilbert Arenas,Mike Miller,Randy Foye,Jeff Green,Kevin Durant,Nenad Krstic,Russell Westbrook,Thabo Sefolosha,2,2:51,OKC,shot,,,,,,,,,,Russell Westbrook,,,,missed,,jump,30,10
Antawn Jamison,Brendan Haywood,Gilbert Arenas,Mike Miller,Randy Foye,Jeff Green,Kevin Durant,Nenad Krstic,Russell Westbrook,Thabo Sefolosha,2,2:49,WAS,rebound,,,,,,,,,,Brendan Haywood,,,,,,def,,
Antawn Jamison,Brendan Haywood,Gilbert Arenas,Mike Miller,Randy Foye,Jeff Green,Kevin Durant,Nenad Krstic,Russell Westbrook,Thabo Sefolosha,2,2:43,WAS,shot,,,,,,,,,,Gilbert Arenas,,,,missed,,driving layup,25,6
Antawn Jamison,Brendan Haywood,Gilbert Arenas,Mike Miller,Randy Foye,Jeff Green,Kevin Durant,Nenad Krstic,Russell Westbrook,Thabo Sefolosha,2,2:41,WAS,rebound,,,,,,,,,,Antawn Jamison,,,,,,off,,
Antawn Jamison,Brendan Haywood,Gilbert Arenas,Mike Miller,Randy Foye,Jeff Green,Kevin Durant,Nenad Krstic,Russell Westbrook,Thabo Sefolosha,2,2:41,WAS,shot,,,,,,,,,,Antawn Jamison,2,,,made,,tip,25,6
Antawn Jamison,Brendan Haywood,Gilbert Arenas,Mike Miller,Randy Foye,Jeff Green,Kevin Durant,Nenad Krstic,Russell Westbrook,Thabo Sefolosha,2,2:28,OKC,turnover,,,,,,,,,,Kevin Durant,,,out of bounds lost ball turnover,,,,,
Antawn Jamison,Brendan Haywood,Gilbert Arenas,Mike Miller,Randy Foye,Jeff Green,Kevin Durant,Nenad Krstic,Russell Westbrook,Thabo Sefolosha,2,2:28,WAS,timeout,,,,,,,,,,,,,,,,official,,
Antawn Jamison,Brendan Haywood,Gilbert Arenas,Mike Miller,Randy Foye,Jeff Green,Kevin Durant,Nenad Krstic,Russell Westbrook,Thabo Sefolosha,2,2:19,OKC,foul,,,,,,,,Gilbert Arenas,,Russell Westbrook,,,,,,personal,,
Antawn Jamison,Brendan Haywood,Gilbert Arenas,Mike Miller,Randy Foye,Jeff Green,Kevin Durant,Nenad Krstic,Russell Westbrook,Thabo Sefolosha,2,2:09,WAS,shot,,,,,,,,,,Gilbert Arenas,,,,missed,,jump,25,14
Antawn Jamison,Brendan Haywood,Gilbert Arenas,Mike Miller,Randy Foye,Jeff Green,Kevin Durant,Nenad Krstic,Russell Westbrook,Thabo Sefolosha,2,2:08,OKC,rebound,,,,,,,,,,Jeff Green,,,,,,def,,
Antawn Jamison,Brendan Haywood,Gilbert Arenas,Mike Miller,Randy Foye,Jeff Green,Kevin Durant,Nenad Krstic,Russell Westbrook,Thabo Sefolosha,2,1:55,OKC,shot,,,,,,,,,,Jeff Green,,,,missed,,jump,26,11
Antawn Jamison,Brendan Haywood,Gilbert Arenas,Mike Miller,Randy Foye,Jeff Green,Kevin Durant,Nenad Krstic,Russell Westbrook,Thabo Sefolosha,2,1:52,OKC,rebound,,,,,,,,,,Russell Westbrook,,,,,,off,,
Antawn Jamison,Brendan Haywood,Gilbert Arenas,Mike Miller,Randy Foye,Jeff Green,Kevin Durant,Nenad Krstic,Russell Westbrook,Thabo Sefolosha,2,1:51,OKC,shot,,,,,,,,,,Russell Westbrook,2,,,made,,putback layup,25,6
Antawn Jamison,Brendan Haywood,Gilbert Arenas,Mike Miller,Randy Foye,Jeff Green,Kevin Durant,Nenad Krstic,Russell Westbrook,Thabo Sefolosha,2,1:33,WAS,shot,,,,,,,,,,Randy Foye,,,,missed,,jump,25,9
Antawn Jamison,Brendan Haywood,Gilbert Arenas,Mike Miller,Randy Foye,Jeff Green,Kevin Durant,Nenad Krstic,Russell Westbrook,Thabo Sefolosha,2,1:32,WAS,rebound,,,,,,,,,,Brendan Haywood,,,,,,off,,
Antawn Jamison,Brendan Haywood,Gilbert Arenas,Mike Miller,Randy Foye,Jeff Green,Kevin Durant,Nenad Krstic,Russell Westbrook,Thabo Sefolosha,2,1:30,WAS,turnover,,,,,,,,,,Brendan Haywood,,,lost ball,,Russell Westbrook,,,
Antawn Jamison,Brendan Haywood,Gilbert Arenas,Mike Miller,Randy Foye,Jeff Green,Kevin Durant,Nenad Krstic,Russell Westbrook,Thabo Sefolosha,2,1:25,OKC,shot,Thabo Sefolosha,,,,,,,,,Kevin Durant,2,,,made,,dunk,25,6
Antawn Jamison,Brendan Haywood,Gilbert Arenas,Mike Miller,Randy Foye,Jeff Green,Kevin Durant,Nenad Krstic,Russell Westbrook,Thabo Sefolosha,2,1:03,WAS,shot,,,,,,,,,,Antawn Jamison,,,,missed,,layup,25,6
Antawn Jamison,Brendan Haywood,Gilbert Arenas,Mike Miller,Randy Foye,Jeff Green,Kevin Durant,Nenad Krstic,Russell Westbrook,Thabo Sefolosha,2,0:59,WAS,rebound,,,,,,,,,,Brendan Haywood,,,,,,off,,
Antawn Jamison,Brendan Haywood,Gilbert Arenas,Mike Miller,Randy Foye,Jeff Green,Kevin Durant,Nenad Krstic,Russell Westbrook,Thabo Sefolosha,2,0:59,WAS,shot,,,,,,,,,,Brendan Haywood,,,,missed,,tip,25,6
Antawn Jamison,Brendan Haywood,Gilbert Arenas,Mike Miller,Randy Foye,Jeff Green,Kevin Durant,Nenad Krstic,Russell Westbrook,Thabo Sefolosha,2,0:58,WAS,rebound,,,,,,,,,,Brendan Haywood,,,,,,off,,
Antawn Jamison,Brendan Haywood,Gilbert Arenas,Mike Miller,Randy Foye,Jeff Green,Kevin Durant,Nenad Krstic,Russell Westbrook,Thabo Sefolosha,2,0:58,WAS,shot,,,,,,,,,,Brendan Haywood,2,,,made,,tip,25,6
Antawn Jamison,Brendan Haywood,Gilbert Arenas,Mike Miller,Randy Foye,Jeff Green,Kevin Durant,Nenad Krstic,Russell Westbrook,Thabo Sefolosha,2,0:47,OKC,shot,Russell Westbrook,,,,,,,,,Jeff Green,3,,,made,,3pt,39,26
Antawn Jamison,Brendan Haywood,Gilbert Arenas,Mike Miller,Randy Foye,Jeff Green,Kevin Durant,Nenad Krstic,Russell Westbrook,Thabo Sefolosha,2,0:32,WAS,shot,,,,,,,,,,Gilbert Arenas,2,,,made,,driving layup,25,6
Antawn Jamison,Brendan Haywood,Gilbert Arenas,Mike Miller,Randy Foye,Jeff Green,Kevin Durant,Nenad Krstic,Russell Westbrook,Thabo Sefolosha,2,0:27,OKC,shot,,,,,,,,,,Russell Westbrook,,,,missed,,jump,11,18
Antawn Jamison,Brendan Haywood,Gilbert Arenas,Mike Miller,Randy Foye,Jeff Green,Kevin Durant,Nenad Krstic,Russell Westbrook,Thabo Sefolosha,2,0:26,WAS,rebound,,,,,,,,,,Antawn Jamison,,,,,,def,,
Antawn Jamison,Brendan Haywood,Gilbert Arenas,Mike Miller,Randy Foye,Jeff Green,Kevin Durant,Nenad Krstic,Russell Westbrook,Thabo Sefolosha,2,0:07,WAS,shot,,,,,,,,,,Gilbert Arenas,,,,missed,,3pt,25,31
Antawn Jamison,Brendan Haywood,Gilbert Arenas,Mike Miller,Randy Foye,Jeff Green,Kevin Durant,Nenad Krstic,Russell Westbrook,Thabo Sefolosha,2,0:05,WAS,rebound,,,,,,,,,,Antawn Jamison,,,,,,off,,
Antawn Jamison,Brendan Haywood,Gilbert Arenas,Mike Miller,Randy Foye,Jeff Green,Kevin Durant,Nenad Krstic,Russell Westbrook,Thabo Sefolosha,2,0:05,WAS,shot,,,,,,,,,,Antawn Jamison,,,,missed,,tip,28,8
Antawn Jamison,Brendan Haywood,Gilbert Arenas,Mike Miller,Randy Foye,Jeff Green,Kevin Durant,Nenad Krstic,Russell Westbrook,Thabo Sefolosha,2,0:04,WAS,rebound,,,,,,,,,,Antawn Jamison,,,,,,off,,
Antawn Jamison,Brendan Haywood,Gilbert Arenas,Mike Miller,Randy Foye,Jeff Green,Kevin Durant,Nenad Krstic,Russell Westbrook,Thabo Sefolosha,2,0:04,WAS,shot,,,,,,,,,,Antawn Jamison,,,,missed,,tip,28,6
Antawn Jamison,Brendan Haywood,Gilbert Arenas,Mike Miller,Randy Foye,Jeff Green,Kevin Durant,Nenad Krstic,Russell Westbrook,Thabo Sefolosha,2,0:03,OKC,rebound,,,,,,,,,,Jeff Green,,,,,,def,,
Antawn Jamison,Brendan Haywood,Gilbert Arenas,Mike Miller,Randy Foye,Jeff Green,Kevin Durant,Nenad Krstic,Russell Westbrook,Thabo Sefolosha,2,0:01,OKC,shot,,,,,,,,,,Jeff Green,,,,missed,,3pt,14,62
Antawn Jamison,Brendan Haywood,Gilbert Arenas,Mike Miller,Randy Foye,Jeff Green,Kevin Durant,Nenad Krstic,Russell Westbrook,Thabo Sefolosha,2,0:00,OKC,rebound,,,,,,,,,,,,,,,,,,
Antawn Jamison,Brendan Haywood,Caron Butler,Gilbert Arenas,Mike Miller,Jeff Green,Kevin Durant,Nenad Krstic,Russell Westbrook,Thabo Sefolosha,3,11:45,WAS,shot,Gilbert Arenas,,,,,,,,,Mike Miller,3,,,made,,3pt,2,8
Antawn Jamison,Brendan Haywood,Caron Butler,Gilbert Arenas,Mike Miller,Jeff Green,Kevin Durant,Nenad Krstic,Russell Westbrook,Thabo Sefolosha,3,11:32,OKC,shot,,,,,,,,,,Nenad Krstic,2,,,made,,jump,13,10
Antawn Jamison,Brendan Haywood,Caron Butler,Gilbert Arenas,Mike Miller,Jeff Green,Kevin Durant,Nenad Krstic,Russell Westbrook,Thabo Sefolosha,3,11:05,WAS,shot,,,,,,,,,,Brendan Haywood,,,,missed,,jump,25,11
Antawn Jamison,Brendan Haywood,Caron Butler,Gilbert Arenas,Mike Miller,Jeff Green,Kevin Durant,Nenad Krstic,Russell Westbrook,Thabo Sefolosha,3,11:04,OKC,rebound,,,,,,,,,,Kevin Durant,,,,,,def,,
Antawn Jamison,Brendan Haywood,Caron Butler,Gilbert Arenas,Mike Miller,Jeff Green,Kevin Durant,Nenad Krstic,Russell Westbrook,Thabo Sefolosha,3,10:57,WAS,foul,,,,,,,,Kevin Durant,,Brendan Haywood,,,,,,shooting,,
Antawn Jamison,Brendan Haywood,Caron Butler,Gilbert Arenas,Mike Miller,Jeff Green,Kevin Durant,Nenad Krstic,Russell Westbrook,Thabo Sefolosha,3,10:57,OKC,free throw,,,,,,,1,,2,Kevin Durant,,,foul,missed,,,,
Antawn Jamison,Brendan Haywood,Caron Butler,Gilbert Arenas,Mike Miller,Jeff Green,Kevin Durant,Nenad Krstic,Russell Westbrook,Thabo Sefolosha,3,10:57,OKC,rebound,,,,,,,,,,,,,,,,,,
Antawn Jamison,Brendan Haywood,Caron Butler,Gilbert Arenas,Mike Miller,Jeff Green,Kevin Durant,Nenad Krstic,Russell Westbrook,Thabo Sefolosha,3,10:57,OKC,free throw,,,,,,,2,,2,Kevin Durant,,,foul,missed,,,,
Antawn Jamison,Brendan Haywood,Caron Butler,Gilbert Arenas,Mike Miller,Jeff Green,Kevin Durant,Nenad Krstic,Russell Westbrook,Thabo Sefolosha,3,10:55,OKC,rebound,,,,,,,,,,,,,,,,,,
Antawn Jamison,Brendan Haywood,Caron Butler,Gilbert Arenas,Mike Miller,Jeff Green,Kevin Durant,Nenad Krstic,Russell Westbrook,Thabo Sefolosha,3,10:53,OKC,shot,,,,,,,,,,Kevin Durant,,,,missed,,jump,9,6
Antawn Jamison,Brendan Haywood,Caron Butler,Gilbert Arenas,Mike Miller,Jeff Green,Kevin Durant,Nenad Krstic,Russell Westbrook,Thabo Sefolosha,3,10:52,WAS,rebound,,,,,,,,,,Antawn Jamison,,,,,,def,,
Antawn Jamison,Brendan Haywood,Caron Butler,Gilbert Arenas,Mike Miller,Jeff Green,Kevin Durant,Nenad Krstic,Russell Westbrook,Thabo Sefolosha,3,10:42,WAS,shot,Gilbert Arenas,,,,,,,,,Brendan Haywood,2,,,made,,dunk,25,6
Antawn Jamison,Brendan Haywood,Caron Butler,Gilbert Arenas,Mike Miller,Jeff Green,Kevin Durant,Nenad Krstic,Russell Westbrook,Thabo Sefolosha,3,10:19,OKC,shot,,,,,,,,,,Kevin Durant,,,,missed,,jump,24,12
Antawn Jamison,Brendan Haywood,Caron Butler,Gilbert Arenas,Mike Miller,Jeff Green,Kevin Durant,Nenad Krstic,Russell Westbrook,Thabo Sefolosha,3,10:18,WAS,rebound,,,,,,,,,,Mike Miller,,,,,,def,,
Antawn Jamison,Brendan Haywood,Caron Butler,Gilbert Arenas,Mike Miller,Jeff Green,Kevin Durant,Nenad Krstic,Russell Westbrook,Thabo Sefolosha,3,10:06,WAS,shot,,,,,,,,,,Mike Miller,,,,missed,,jump,9,12
Antawn Jamison,Brendan Haywood,Caron Butler,Gilbert Arenas,Mike Miller,Jeff Green,Kevin Durant,Nenad Krstic,Russell Westbrook,Thabo Sefolosha,3,10:04,WAS,rebound,,,,,,,,,,Antawn Jamison,,,,,,off,,
Antawn Jamison,Brendan Haywood,Caron Butler,Gilbert Arenas,Mike Miller,Jeff Green,Kevin Durant,Nenad Krstic,Russell Westbrook,Thabo Sefolosha,3,10:03,WAS,shot,,,,,,,,,,Antawn Jamison,2,,,made,,putback layup,25,6
Antawn Jamison,Brendan Haywood,Caron Butler,Gilbert Arenas,Mike Miller,Jeff Green,Kevin Durant,Nenad Krstic,Russell Westbrook,Thabo Sefolosha,3,9:49,OKC,shot,,,,,,,,,,Jeff Green,,,,missed,,jump,10,18
Antawn Jamison,Brendan Haywood,Caron Butler,Gilbert Arenas,Mike Miller,Jeff Green,Kevin Durant,Nenad Krstic,Russell Westbrook,Thabo Sefolosha,3,9:46,WAS,rebound,,,,,,,,,,Mike Miller,,,,,,def,,
Antawn Jamison,Brendan Haywood,Caron Butler,Gilbert Arenas,Mike Miller,Jeff Green,Kevin Durant,Nenad Krstic,Russell Westbrook,Thabo Sefolosha,3,9:38,WAS,shot,,,Nenad Krstic,,,,,,,Caron Butler,,,,missed,,layup,25,6
Antawn Jamison,Brendan Haywood,Caron Butler,Gilbert Arenas,Mike Miller,Jeff Green,Kevin Durant,Nenad Krstic,Russell Westbrook,Thabo Sefolosha,3,9:36,WAS,rebound,,,,,,,,,,Brendan Haywood,,,,,,off,,
Antawn Jamison,Brendan Haywood,Caron Butler,Gilbert Arenas,Mike Miller,Jeff Green,Kevin Durant,Nenad Krstic,Russell Westbrook,Thabo Sefolosha,3,9:25,WAS,shot,,,,,,,,,,Gilbert Arenas,,,,missed,,layup,25,6
Antawn Jamison,Brendan Haywood,Caron Butler,Gilbert Arenas,Mike Miller,Jeff Green,Kevin Durant,Nenad Krstic,Russell Westbrook,Thabo Sefolosha,3,9:24,OKC,rebound,,,,,,,,,,Russell Westbrook,,,,,,def,,
Antawn Jamison,Brendan Haywood,Caron Butler,Gilbert Arenas,Mike Miller,Jeff Green,Kevin Durant,Nenad Krstic,Russell Westbrook,Thabo Sefolosha,3,9:20,WAS,foul,,,,,,,,Russell Westbrook,,Mike Miller,,,,,,shooting,,
Antawn Jamison,Brendan Haywood,Caron Butler,Gilbert Arenas,Mike Miller,Jeff Green,Kevin Durant,Nenad Krstic,Russell Westbrook,Thabo Sefolosha,3,9:20,OKC,free throw,,,,,,,1,,2,Russell Westbrook,,,foul,made,,,,
Antawn Jamison,Brendan Haywood,Caron Butler,Gilbert Arenas,Mike Miller,Jeff Green,Kevin Durant,Nenad Krstic,Russell Westbrook,Thabo Sefolosha,3,9:20,OKC,free throw,,,,,,,2,,2,Russell Westbrook,,,foul,made,,,,
Antawn Jamison,Brendan Haywood,Caron Butler,Gilbert Arenas,Mike Miller,Jeff Green,Kevin Durant,Nenad Krstic,Russell Westbrook,Thabo Sefolosha,3,9:01,WAS,shot,,,,,,,,,,Caron Butler,,,,missed,,jump,42,9
Antawn Jamison,Brendan Haywood,Caron Butler,Gilbert Arenas,Mike Miller,Jeff Green,Kevin Durant,Nenad Krstic,Russell Westbrook,Thabo Sefolosha,3,9:01,WAS,rebound,,,,,,,,,,,,,,,,,,
Antawn Jamison,Brendan Haywood,Caron Butler,Gilbert Arenas,Mike Miller,Jeff Green,Kevin Durant,Nenad Krstic,Russell Westbrook,Thabo Sefolosha,3,9:01,OKC,foul,,,,,,,,Antawn Jamison,,Jeff Green,,,,,,loose ball,,
Antawn Jamison,Brendan Haywood,Caron Butler,Gilbert Arenas,Mike Miller,Jeff Green,Kevin Durant,Nenad Krstic,Russell Westbrook,Thabo Sefolosha,3,8:53,WAS,turnover,,,,,,,,,,Brendan Haywood,,,bad pass,,Jeff Green,,,
Antawn Jamison,Brendan Haywood,Caron Butler,Gilbert Arenas,Mike Miller,Jeff Green,Kevin Durant,Nenad Krstic,Russell Westbrook,Thabo Sefolosha,3,8:49,OKC,foul,,,,,,,,Mike Miller,,Kevin Durant,,,,,,offensive,,
Antawn Jamison,Brendan Haywood,Caron Butler,Gilbert Arenas,Mike Miller,Jeff Green,Kevin Durant,Nenad Krstic,Russell Westbrook,Thabo Sefolosha,3,8:49,OKC,turnover,,,,,,,,,,Kevin Durant,,,foul,,,,,
Antawn Jamison,Brendan Haywood,Caron Butler,Gilbert Arenas,Mike Miller,Jeff Green,Kevin Durant,Nenad Krstic,Russell Westbrook,Thabo Sefolosha,3,8:33,WAS,shot,,,,,,,,,,Gilbert Arenas,3,,,made,,3pt,9,25
Antawn Jamison,Brendan Haywood,Caron Butler,Gilbert Arenas,Mike Miller,Jeff Green,Kevin Durant,Nenad Krstic,Russell Westbrook,Thabo Sefolosha,3,8:26,OKC,timeout,,,,,,,,,,,,,,,,regular,,
Antawn Jamison,Brendan Haywood,Caron Butler,Gilbert Arenas,Mike Miller,Jeff Green,Kevin Durant,Nenad Krstic,Russell Westbrook,Thabo Sefolosha,3,8:25,WAS,foul,,,,,,,,Kevin Durant,,Caron Butler,,,,,,inbound,,
Antawn Jamison,Brendan Haywood,Caron Butler,Gilbert Arenas,Mike Miller,Jeff Green,Kevin Durant,Nenad Krstic,Russell Westbrook,Thabo Sefolosha,3,8:25,OKC,free throw,,,,,,,1,,2,Kevin Durant,,,foul,made,,,,
Antawn Jamison,Brendan Haywood,Caron Butler,Gilbert Arenas,Mike Miller,Jeff Green,Kevin Durant,Nenad Krstic,Russell Westbrook,Thabo Sefolosha,3,8:25,OKC,free throw,,,,,,,2,,2,Kevin Durant,,,foul,made,,,,
Antawn Jamison,Brendan Haywood,Caron Butler,Gilbert Arenas,Mike Miller,Jeff Green,Kevin Durant,Nenad Krstic,Russell Westbrook,Thabo Sefolosha,3,8:08,WAS,turnover,,,,,,,,,,Caron Butler,,,traveling,,,,,
Antawn Jamison,Brendan Haywood,Caron Butler,Gilbert Arenas,Mike Miller,Jeff Green,Kevin Durant,Nenad Krstic,Russell Westbrook,Thabo Sefolosha,3,7:57,OKC,shot,,,,,,,,,,Kevin Durant,2,,,made,,driving slam dunk,25,6
Antawn Jamison,Brendan Haywood,Caron Butler,Gilbert Arenas,Mike Miller,Jeff Green,Kevin Durant,Nenad Krstic,Russell Westbrook,Thabo Sefolosha,3,7:45,WAS,timeout,,,,,,,,,,,,,,,,short,,
Antawn Jamison,Brendan Haywood,Caron Butler,Gilbert Arenas,Mike Miller,Jeff Green,Kevin Durant,Nenad Krstic,Russell Westbrook,Thabo Sefolosha,3,7:35,WAS,turnover,,,,,,,,,,Gilbert Arenas,,,bad pass,,,,,
Antawn Jamison,Brendan Haywood,Caron Butler,Gilbert Arenas,Mike Miller,Jeff Green,Kevin Durant,Nenad Krstic,Russell Westbrook,Thabo Sefolosha,3,7:23,OKC,shot,Kevin Durant,,,,,,,,,Nenad Krstic,2,,,made,,jump,22,25
Antawn Jamison,Brendan Haywood,Caron Butler,Gilbert Arenas,Mike Miller,Jeff Green,Kevin Durant,Nenad Krstic,Russell Westbrook,Thabo Sefolosha,3,7:04,WAS,shot,,,,,,,,,,Brendan Haywood,,,,missed,,hook,22,11
Antawn Jamison,Brendan Haywood,Caron Butler,Gilbert Arenas,Mike Miller,Jeff Green,Kevin Durant,Nenad Krstic,Russell Westbrook,Thabo Sefolosha,3,7:02,WAS,rebound,,,,,,,,,,Antawn Jamison,,,,,,off,,
Antawn Jamison,Brendan Haywood,Caron Butler,Gilbert Arenas,Mike Miller,Jeff Green,Kevin Durant,Nenad Krstic,Russell Westbrook,Thabo Sefolosha,3,7:01,WAS,shot,,,,,,,,,,Antawn Jamison,2,,,made,,layup,25,6
Antawn Jamison,Brendan Haywood,Caron Butler,Gilbert Arenas,Mike Miller,Jeff Green,Kevin Durant,Nenad Krstic,Russell Westbrook,Thabo Sefolosha,3,6:50,OKC,shot,,,,,,,,,,Russell Westbrook,2,,,made,,driving layup,25,6
Antawn Jamison,Brendan Haywood,Caron Butler,Gilbert Arenas,Mike Miller,Jeff Green,Kevin Durant,Nenad Krstic,Russell Westbrook,Thabo Sefolosha,3,6:38,WAS,shot,Gilbert Arenas,,,,,,,,,Brendan Haywood,2,,,made,,dunk,25,6
Antawn Jamison,Brendan Haywood,Caron Butler,Gilbert Arenas,Mike Miller,Jeff Green,Kevin Durant,Nenad Krstic,Russell Westbrook,Thabo Sefolosha,3,6:26,WAS,foul,,,,,,,,Kevin Durant,,Mike Miller,,,,,,shooting,,
Antawn Jamison,Brendan Haywood,Caron Butler,Gilbert Arenas,Mike Miller,Jeff Green,Kevin Durant,Nenad Krstic,Russell Westbrook,Thabo Sefolosha,3,6:26,OKC,free throw,,,,,,,1,,3,Kevin Durant,,,foul,made,,,,
Antawn Jamison,Brendan Haywood,Caron Butler,Gilbert Arenas,Mike Miller,Jeff Green,Kevin Durant,Nenad Krstic,Russell Westbrook,Thabo Sefolosha,3,6:26,OKC,free throw,,,,,,,2,,3,Kevin Durant,,,foul,made,,,,
Antawn Jamison,Brendan Haywood,Caron Butler,Gilbert Arenas,Mike Miller,Jeff Green,Kevin Durant,Nenad Krstic,Russell Westbrook,Thabo Sefolosha,3,6:26,OKC,free throw,,,,,,,3,,3,Kevin Durant,,,foul,made,,,,
Antawn Jamison,Brendan Haywood,Caron Butler,Gilbert Arenas,Mike Miller,Jeff Green,Kevin Durant,Nenad Krstic,Russell Westbrook,Thabo Sefolosha,3,6:07,WAS,shot,,,,,,,,,,Gilbert Arenas,,,,missed,,jump,41,8
Antawn Jamison,Brendan Haywood,Caron Butler,Gilbert Arenas,Mike Miller,Jeff Green,Kevin Durant,Nenad Krstic,Russell Westbrook,Thabo Sefolosha,3,6:06,WAS,rebound,,,,,,,,,,,,,,,,,,
Antawn Jamison,Brendan Haywood,Caron Butler,Gilbert Arenas,Mike Miller,Jeff Green,Kevin Durant,Nenad Krstic,Russell Westbrook,Thabo Sefolosha,3,6:02,WAS,shot,,,,,,,,,,Mike Miller,2,,,made,,driving layup,25,6
Antawn Jamison,Brendan Haywood,Caron Butler,Gilbert Arenas,Mike Miller,Jeff Green,Kevin Durant,Nenad Krstic,Russell Westbrook,Thabo Sefolosha,3,5:43,WAS,foul,,,,,,,,Russell Westbrook,,Gilbert Arenas,,,,,,personal,,
Antawn Jamison,Brendan Haywood,Caron Butler,Gilbert Arenas,Mike Miller,Jeff Green,Kevin Durant,Nenad Krstic,Russell Westbrook,Thabo Sefolosha,3,5:43,OKC,free throw,,,,,,,1,,2,Russell Westbrook,,,foul,made,,,,
Antawn Jamison,Brendan Haywood,Caron Butler,Gilbert Arenas,Mike Miller,Jeff Green,Kevin Durant,Nenad Krstic,Russell Westbrook,Thabo Sefolosha,3,5:43,OKC,free throw,,,,,,,2,,2,Russell Westbrook,,,foul,made,,,,
Antawn Jamison,Brendan Haywood,Caron Butler,Gilbert Arenas,Mike Miller,Jeff Green,Kevin Durant,Nenad Krstic,Russell Westbrook,Thabo Sefolosha,3,5:22,WAS,shot,,,,,,,,,,Caron Butler,,,,missed,,jump,10,8
Antawn Jamison,Brendan Haywood,Caron Butler,Gilbert Arenas,Mike Miller,Jeff Green,Kevin Durant,Nenad Krstic,Russell Westbrook,Thabo Sefolosha,3,5:21,OKC,rebound,,,,,,,,,,Nenad Krstic,,,,,,def,,
Antawn Jamison,Brendan Haywood,Caron Butler,Gilbert Arenas,Mike Miller,Jeff Green,Kevin Durant,Nenad Krstic,Russell Westbrook,Thabo Sefolosha,3,5:03,OKC,shot,Russell Westbrook,,,,,,,,,Thabo Sefolosha,3,,,made,,3pt,5,21
Antawn Jamison,Brendan Haywood,Caron Butler,Gilbert Arenas,Mike Miller,Jeff Green,Kevin Durant,Nenad Krstic,Russell Westbrook,Thabo Sefolosha,3,4:48,OKC,foul,,,,,,,,Mike Miller,,Jeff Green,,,,,,personal,,
Antawn Jamison,Brendan Haywood,Caron Butler,Gilbert Arenas,Mike Miller,Jeff Green,Kevin Durant,Nenad Krstic,Russell Westbrook,Thabo Sefolosha,3,4:39,WAS,shot,,,Thabo Sefolosha,,,,,,,Gilbert Arenas,,,,missed,,layup,25,6
Antawn Jamison,Brendan Haywood,Caron Butler,Gilbert Arenas,Mike Miller,Jeff Green,Kevin Durant,Nenad Krstic,Russell Westbrook,Thabo Sefolosha,3,4:38,WAS,rebound,,,,,,,,,,Gilbert Arenas,,,,,,off,,
Antawn Jamison,Brendan Haywood,Caron Butler,Gilbert Arenas,Mike Miller,Jeff Green,Kevin Durant,Nenad Krstic,Russell Westbrook,Thabo Sefolosha,3,4:35,WAS,shot,Gilbert Arenas,,,,,,,,,Caron Butler,3,,,made,,3pt,24,30
Antawn Jamison,Brendan Haywood,Caron Butler,Gilbert Arenas,Mike Miller,Jeff Green,Kevin Durant,Nenad Krstic,Russell Westbrook,Thabo Sefolosha,3,4:28,OKC,timeout,,,,,,,,,,,,,,,,short,,
Antawn Jamison,Brendan Haywood,Caron Butler,Gilbert Arenas,Mike Miller,James Harden,Jeff Green,Kevin Durant,Nenad Krstic,Russell Westbrook,3,4:28,OKC,sub,,,,James Harden,,Thabo Sefolosha,,,,,,,,,,,,
Antawn Jamison,Brendan Haywood,Caron Butler,Gilbert Arenas,Mike Miller,James Harden,Jeff Green,Kevin Durant,Nenad Krstic,Russell Westbrook,3,4:13,OKC,shot,,,,,,,,,,James Harden,,,,missed,,3pt,4,18
Antawn Jamison,Brendan Haywood,Caron Butler,Gilbert Arenas,Mike Miller,James Harden,Jeff Green,Kevin Durant,Nenad Krstic,Russell Westbrook,3,4:11,WAS,rebound,,,,,,,,,,Antawn Jamison,,,,,,def,,
Antawn Jamison,Brendan Haywood,Caron Butler,Gilbert Arenas,Mike Miller,James Harden,Jeff Green,Kevin Durant,Nenad Krstic,Russell Westbrook,3,4:02,OKC,foul,,,,,,,,Gilbert Arenas,,James Harden,,,,,,personal,,
Antawn Jamison,Brendan Haywood,Caron Butler,Gilbert Arenas,Mike Miller,James Harden,Jeff Green,Kevin Durant,Nenad Krstic,Russell Westbrook,3,3:56,WAS,shot,,,,,,,,,,Antawn Jamison,,,,missed,,3pt,40,26
Antawn Jamison,Brendan Haywood,Caron Butler,Gilbert Arenas,Mike Miller,James Harden,Jeff Green,Kevin Durant,Nenad Krstic,Russell Westbrook,3,3:52,WAS,rebound,,,,,,,,,,Caron Butler,,,,,,off,,
Antawn Jamison,Brendan Haywood,Caron Butler,Gilbert Arenas,Mike Miller,James Harden,Jeff Green,Kevin Durant,Nenad Krstic,Russell Westbrook,3,3:50,WAS,shot,,,,,,,,,,Caron Butler,2,,,made,,putback layup,25,6
Antawn Jamison,Brendan Haywood,Caron Butler,Gilbert Arenas,Mike Miller,James Harden,Jeff Green,Kevin Durant,Nenad Krstic,Russell Westbrook,3,3:48,OKC,turnover,,,,,,,,,,Russell Westbrook,,,inbound turnover,,,,,
Antawn Jamison,Brendan Haywood,Caron Butler,DeShawn Stevenson,Gilbert Arenas,James Harden,Jeff Green,Kevin Durant,Nenad Krstic,Russell Westbrook,3,3:48,WAS,sub,,,,DeShawn Stevenson,,Mike Miller,,,,,,,,,,,,
Antawn Jamison,Brendan Haywood,Caron Butler,DeShawn Stevenson,Gilbert Arenas,James Harden,Jeff Green,Kevin Durant,Nenad Krstic,Russell Westbrook,3,3:31,OKC,foul,,,,,,,,DeShawn Stevenson,,Nenad Krstic,,,,,,shooting,,
Antawn Jamison,Brendan Haywood,Caron Butler,DeShawn Stevenson,Gilbert Arenas,James Harden,Jeff Green,Kevin Durant,Nenad Krstic,Russell Westbrook,3,3:31,WAS,free throw,,,,,,,1,,2,DeShawn Stevenson,,,foul,made,,,,
Antawn Jamison,Brendan Haywood,Caron Butler,DeShawn Stevenson,Gilbert Arenas,James Harden,Jeff Green,Kevin Durant,Nenad Krstic,Russell Westbrook,3,3:31,WAS,free throw,,,,,,,2,,2,DeShawn Stevenson,,,foul,made,,,,
Antawn Jamison,Brendan Haywood,Caron Butler,DeShawn Stevenson,Gilbert Arenas,James Harden,Jeff Green,Kevin Durant,Nenad Krstic,Russell Westbrook,3,3:22,OKC,foul,,,,,,,,DeShawn Stevenson,,Nenad Krstic,,,,,,offensive,,
Antawn Jamison,Brendan Haywood,Caron Butler,DeShawn Stevenson,Gilbert Arenas,James Harden,Jeff Green,Kevin Durant,Nenad Krstic,Russell Westbrook,3,3:22,OKC,turnover,,,,,,,,,,Nenad Krstic,,,foul,,,,,
Antawn Jamison,Brendan Haywood,Caron Butler,DeShawn Stevenson,Gilbert Arenas,Etan Thomas,James Harden,Jeff Green,Kevin Durant,Russell Westbrook,3,3:22,OKC,sub,,,,Etan Thomas,,Nenad Krstic,,,,,,,,,,,,
Antawn Jamison,Brendan Haywood,Caron Butler,DeShawn Stevenson,Gilbert Arenas,Etan Thomas,James Harden,Jeff Green,Kevin Durant,Russell Westbrook,3,3:08,WAS,shot,,,,,,,,,,Gilbert Arenas,2,,,made,,driving layup,25,6
Antawn Jamison,Brendan Haywood,Caron Butler,DeShawn Stevenson,Gilbert Arenas,Etan Thomas,James Harden,Jeff Green,Kevin Durant,Russell Westbrook,3,3:08,OKC,foul,,,,,,,,Gilbert Arenas,,James Harden,,,,,,shooting,,
Antawn Jamison,Brendan Haywood,Caron Butler,DeShawn Stevenson,Gilbert Arenas,Etan Thomas,James Harden,Jeff Green,Kevin Durant,Russell Westbrook,3,3:08,WAS,free throw,,,,,,,1,,1,Gilbert Arenas,,,foul,made,,,,
Antawn Jamison,Brendan Haywood,Caron Butler,DeShawn Stevenson,Gilbert Arenas,Etan Thomas,James Harden,Jeff Green,Kevin Durant,Russell Westbrook,3,3:01,OKC,shot,,,,,,,,,,Russell Westbrook,,,,missed,,running jump,15,7
Antawn Jamison,Brendan Haywood,Caron Butler,DeShawn Stevenson,Gilbert Arenas,Etan Thomas,James Harden,Jeff Green,Kevin Durant,Russell Westbrook,3,3:00,WAS,rebound,,,,,,,,,,Brendan Haywood,,,,,,def,,
Antawn Jamison,Brendan Haywood,Caron Butler,DeShawn Stevenson,Gilbert Arenas,Etan Thomas,James Harden,Jeff Green,Kevin Durant,Russell Westbrook,3,2:47,WAS,turnover,,,,,,,,,,Caron Butler,,,lost ball,,Kevin Durant,,,
Antawn Jamison,Brendan Haywood,Caron Butler,DeShawn Stevenson,Gilbert Arenas,Etan Thomas,James Harden,Jeff Green,Kevin Durant,Russell Westbrook,3,2:43,WAS,foul,,,,,,,,Russell Westbrook,,Antawn Jamison,,,,,,shooting,,
Antawn Jamison,Brendan Haywood,Caron Butler,DeShawn Stevenson,Gilbert Arenas,Etan Thomas,James Harden,Jeff Green,Kevin Durant,Russell Westbrook,3,2:43,WAS,timeout,,,,,,,,,,,,,,,,regular,,
Andray Blatche,Antawn Jamison,Caron Butler,DeShawn Stevenson,Gilbert Arenas,Etan Thomas,James Harden,Jeff Green,Kevin Durant,Russell Westbrook,3,2:43,WAS,sub,,,,Andray Blatche,,Brendan Haywood,,,,,,,,,,,,
Andray Blatche,Antawn Jamison,Caron Butler,DeShawn Stevenson,Gilbert Arenas,Etan Thomas,James Harden,Kevin Durant,Russell Westbrook,Thabo Sefolosha,3,2:43,OKC,sub,,,,Thabo Sefolosha,,Jeff Green,,,,,,,,,,,,
Andray Blatche,Antawn Jamison,Caron Butler,DeShawn Stevenson,Gilbert Arenas,Etan Thomas,James Harden,Kevin Durant,Russell Westbrook,Thabo Sefolosha,3,2:43,OKC,free throw,,,,,,,1,,2,Russell Westbrook,,,foul,made,,,,
Andray Blatche,Antawn Jamison,Caron Butler,DeShawn Stevenson,Gilbert Arenas,Etan Thomas,James Harden,Kevin Durant,Russell Westbrook,Thabo Sefolosha,3,2:43,OKC,free throw,,,,,,,2,,2,Russell Westbrook,,,foul,made,,,,
Andray Blatche,Antawn Jamison,Caron Butler,DeShawn Stevenson,Gilbert Arenas,Etan Thomas,James Harden,Kevin Durant,Russell Westbrook,Thabo Sefolosha,3,2:31,WAS,shot,,,,,,,,,,Gilbert Arenas,,,,missed,,3pt,16,29
Andray Blatche,Antawn Jamison,Caron Butler,DeShawn Stevenson,Gilbert Arenas,Etan Thomas,James Harden,Kevin Durant,Russell Westbrook,Thabo Sefolosha,3,2:30,OKC,rebound,,,,,,,,,,Russell Westbrook,,,,,,def,,
Andray Blatche,Antawn Jamison,Caron Butler,DeShawn Stevenson,Gilbert Arenas,Etan Thomas,James Harden,Kevin Durant,Russell Westbrook,Thabo Sefolosha,3,2:26,OKC,shot,Russell Westbrook,,,,,,,,,Thabo Sefolosha,2,,,made,,layup,25,6
Andray Blatche,Antawn Jamison,Caron Butler,DeShawn Stevenson,Gilbert Arenas,Etan Thomas,James Harden,Kevin Durant,Russell Westbrook,Thabo Sefolosha,3,2:02,WAS,shot,,,,,,,,,,Andray Blatche,,,,missed,,jump,43,8
Andray Blatche,Antawn Jamison,Caron Butler,DeShawn Stevenson,Gilbert Arenas,Etan Thomas,James Harden,Kevin Durant,Russell Westbrook,Thabo Sefolosha,3,2:01,OKC,rebound,,,,,,,,,,Etan Thomas,,,,,,def,,
Andray Blatche,Antawn Jamison,Caron Butler,DeShawn Stevenson,Gilbert Arenas,Etan Thomas,James Harden,Kevin Durant,Russell Westbrook,Thabo Sefolosha,3,1:57,WAS,foul,,,,,,,,Russell Westbrook,,DeShawn Stevenson,,,,,,personal,,
Andray Blatche,Antawn Jamison,Caron Butler,DeShawn Stevenson,Gilbert Arenas,Etan Thomas,James Harden,Kevin Durant,Russell Westbrook,Thabo Sefolosha,3,1:57,OKC,free throw,,,,,,,1,,2,Russell Westbrook,,,foul,made,,,,
Andray Blatche,Antawn Jamison,Caron Butler,DeShawn Stevenson,Gilbert Arenas,Etan Thomas,James Harden,Kevin Durant,Russell Westbrook,Thabo Sefolosha,3,1:57,OKC,free throw,,,,,,,2,,2,Russell Westbrook,,,foul,made,,,,
Andray Blatche,Antawn Jamison,Caron Butler,DeShawn Stevenson,Gilbert Arenas,Etan Thomas,James Harden,Kevin Durant,Russell Westbrook,Thabo Sefolosha,3,1:43,WAS,turnover,,,,,,,,,,DeShawn Stevenson,,,bad pass,,James Harden,,,
Andray Blatche,Antawn Jamison,Caron Butler,DeShawn Stevenson,Gilbert Arenas,Etan Thomas,James Harden,Kevin Durant,Russell Westbrook,Thabo Sefolosha,3,1:31,OKC,turnover,,,,,,,,,,Russell Westbrook,,,bad pass,,Gilbert Arenas,,,
Andray Blatche,Antawn Jamison,Caron Butler,DeShawn Stevenson,Gilbert Arenas,Etan Thomas,James Harden,Kevin Durant,Russell Westbrook,Thabo Sefolosha,3,1:22,WAS,shot,,,,,,,,,,Andray Blatche,,,,missed,,layup,25,6
Andray Blatche,Antawn Jamison,Caron Butler,DeShawn Stevenson,Gilbert Arenas,Etan Thomas,James Harden,Kevin Durant,Russell Westbrook,Thabo Sefolosha,3,1:20,WAS,rebound,,,,,,,,,,Antawn Jamison,,,,,,off,,
Andray Blatche,Antawn Jamison,Caron Butler,DeShawn Stevenson,Gilbert Arenas,Etan Thomas,James Harden,Kevin Durant,Russell Westbrook,Thabo Sefolosha,3,1:19,WAS,shot,,,Kevin Durant,,,,,,,Antawn Jamison,,,,missed,,layup,25,6
Andray Blatche,Antawn Jamison,Caron Butler,DeShawn Stevenson,Gilbert Arenas,Etan Thomas,James Harden,Kevin Durant,Russell Westbrook,Thabo Sefolosha,3,1:18,OKC,rebound,,,,,,,,,,Kevin Durant,,,,,,def,,
Andray Blatche,Antawn Jamison,Caron Butler,DeShawn Stevenson,Gilbert Arenas,Etan Thomas,James Harden,Kevin Durant,Russell Westbrook,Thabo Sefolosha,3,1:15,OKC,shot,,,,,,,,,,Kevin Durant,2,,,made,,layup,25,6
Andray Blatche,Antawn Jamison,Caron Butler,DeShawn Stevenson,Gilbert Arenas,Etan Thomas,James Harden,Kevin Durant,Russell Westbrook,Thabo Sefolosha,3,1:15,WAS,foul,,,,,,,,Kevin Durant,,Gilbert Arenas,,,,,,shooting,,
Andray Blatche,Antawn Jamison,Caron Butler,DeShawn Stevenson,Gilbert Arenas,Etan Thomas,James Harden,Kevin Durant,Russell Westbrook,Thabo Sefolosha,3,1:15,OKC,free throw,,,,,,,1,,1,Kevin Durant,,,foul,made,,,,
Andray Blatche,Antawn Jamison,Caron Butler,DeShawn Stevenson,Gilbert Arenas,Etan Thomas,James Harden,Kevin Durant,Russell Westbrook,Thabo Sefolosha,3,1:02,OKC,foul,,,,,,,,Gilbert Arenas,,James Harden,,,,,,shooting,,
Andray Blatche,Antawn Jamison,Caron Butler,DeShawn Stevenson,Gilbert Arenas,Etan Thomas,James Harden,Kevin Durant,Russell Westbrook,Thabo Sefolosha,3,1:02,WAS,free throw,,,,,,,1,,2,Gilbert Arenas,,,foul,made,,,,
Andray Blatche,Antawn Jamison,Caron Butler,DeShawn Stevenson,Gilbert Arenas,Etan Thomas,James Harden,Kevin Durant,Russell Westbrook,Thabo Sefolosha,3,1:02,WAS,free throw,,,,,,,2,,2,Gilbert Arenas,,,foul,made,,,,
Andray Blatche,Antawn Jamison,Caron Butler,DeShawn Stevenson,Gilbert Arenas,Etan Thomas,James Harden,Kevin Durant,Russell Westbrook,Thabo Sefolosha,3,0:43,WAS,foul,,,,,,,,James Harden,,Caron Butler,,,,,,personal,,
Andray Blatche,Antawn Jamison,Caron Butler,DeShawn Stevenson,Gilbert Arenas,Etan Thomas,James Harden,Kevin Durant,Russell Westbrook,Thabo Sefolosha,3,0:43,OKC,free throw,,,,,,,1,,2,James Harden,,,foul,made,,,,
Andray Blatche,Antawn Jamison,Caron Butler,DeShawn Stevenson,Gilbert Arenas,Etan Thomas,James Harden,Kevin Durant,Russell Westbrook,Thabo Sefolosha,3,0:43,OKC,free throw,,,,,,,2,,2,James Harden,,,foul,made,,,,
Andray Blatche,Antawn Jamison,Caron Butler,DeShawn Stevenson,Gilbert Arenas,Etan Thomas,James Harden,Kevin Durant,Russell Westbrook,Thabo Sefolosha,3,0:31,OKC,foul,,,,,,,,Antawn Jamison,,Kevin Durant,,,,,,shooting,,
Andray Blatche,Antawn Jamison,Caron Butler,DeShawn Stevenson,Gilbert Arenas,Etan Thomas,James Harden,Kevin Durant,Russell Westbrook,Thabo Sefolosha,3,0:31,WAS,free throw,,,,,,,1,,2,Antawn Jamison,,,foul,missed,,,,
Andray Blatche,Antawn Jamison,Caron Butler,DeShawn Stevenson,Gilbert Arenas,Etan Thomas,James Harden,Kevin Durant,Russell Westbrook,Thabo Sefolosha,3,0:31,WAS,rebound,,,,,,,,,,,,,,,,,,
Andray Blatche,Antawn Jamison,Caron Butler,DeShawn Stevenson,Gilbert Arenas,Etan Thomas,James Harden,Kevin Durant,Russell Westbrook,Thabo Sefolosha,3,0:31,WAS,free throw,,,,,,,2,,2,Antawn Jamison,,,foul,made,,,,
Andray Blatche,Antawn Jamison,Caron Butler,DeShawn Stevenson,Gilbert Arenas,Etan Thomas,James Harden,Kevin Durant,Russell Westbrook,Thabo Sefolosha,3,0:21,OKC,shot,,,,,,,,,,Russell Westbrook,2,,,made,,jump,25,17
Andray Blatche,Antawn Jamison,Caron Butler,DeShawn Stevenson,Gilbert Arenas,Etan Thomas,James Harden,Kevin Durant,Russell Westbrook,Thabo Sefolosha,3,0:02,WAS,shot,,,,,,,,,,Gilbert Arenas,2,,,made,,driving layup,25,6
Andray Blatche,Antawn Jamison,Caron Butler,DeShawn Stevenson,Gilbert Arenas,Etan Thomas,James Harden,Kevin Durant,Russell Westbrook,Thabo Sefolosha,3,0:00,OKC,shot,,,,,,,,,,Russell Westbrook,,,,missed,,3pt,38,40
Andray Blatche,Antawn Jamison,Caron Butler,DeShawn Stevenson,Gilbert Arenas,Etan Thomas,James Harden,Kevin Durant,Russell Westbrook,Thabo Sefolosha,3,0:00,OKC,rebound,,,,,,,,,,,,,,,,,,
Andray Blatche,Antawn Jamison,DeShawn Stevenson,Earl Boykins,Mike Miller,Etan Thomas,James Harden,Kevin Durant,Kevin Ollie,Thabo Sefolosha,4,11:41,OKC,shot,,,Andray Blatche,,,,,,,Etan Thomas,,,,missed,,layup,25,6
Andray Blatche,Antawn Jamison,DeShawn Stevenson,Earl Boykins,Mike Miller,Etan Thomas,James Harden,Kevin Durant,Kevin Ollie,Thabo Sefolosha,4,11:38,OKC,rebound,,,,,,,,,,Thabo Sefolosha,,,,,,off,,
Andray Blatche,Antawn Jamison,DeShawn Stevenson,Earl Boykins,Mike Miller,Etan Thomas,James Harden,Kevin Durant,Kevin Ollie,Thabo Sefolosha,4,11:35,OKC,shot,,,,,,,,,,Thabo Sefolosha,,,,missed,,jump,41,9
Andray Blatche,Antawn Jamison,DeShawn Stevenson,Earl Boykins,Mike Miller,Etan Thomas,James Harden,Kevin Durant,Kevin Ollie,Thabo Sefolosha,4,11:34,WAS,rebound,,,,,,,,,,DeShawn Stevenson,,,,,,def,,
Andray Blatche,Antawn Jamison,DeShawn Stevenson,Earl Boykins,Mike Miller,Etan Thomas,James Harden,Kevin Durant,Kevin Ollie,Thabo Sefolosha,4,11:19,WAS,turnover,,,,,,,,,,Andray Blatche,,,lost ball,,Kevin Ollie,,,
Andray Blatche,Antawn Jamison,DeShawn Stevenson,Earl Boykins,Mike Miller,Etan Thomas,James Harden,Kevin Durant,Kevin Ollie,Thabo Sefolosha,4,11:19,WAS,foul,,,,,,,,Kevin Ollie,,Andray Blatche,,,,,,personal,,
Andray Blatche,Antawn Jamison,DeShawn Stevenson,Earl Boykins,Mike Miller,Etan Thomas,James Harden,Jeff Green,Kevin Ollie,Thabo Sefolosha,4,11:19,OKC,sub,,,,Jeff Green,,Kevin Durant,,,,,,,,,,,,
Andray Blatche,Antawn Jamison,DeShawn Stevenson,Earl Boykins,Mike Miller,Etan Thomas,James Harden,Jeff Green,Kevin Ollie,Thabo Sefolosha,4,11:02,OKC,shot,,,,,,,,,,James Harden,2,,,made,,jump,43,14
Andray Blatche,Antawn Jamison,DeShawn Stevenson,Earl Boykins,Mike Miller,Etan Thomas,James Harden,Jeff Green,Kevin Ollie,Thabo Sefolosha,4,10:48,WAS,shot,,,,,,,,,,Earl Boykins,2,,,made,,floating jump,25,11
Andray Blatche,Antawn Jamison,DeShawn Stevenson,Earl Boykins,Mike Miller,Etan Thomas,James Harden,Jeff Green,Kevin Ollie,Thabo Sefolosha,4,10:20,OKC,shot,,,,,,,,,,Jeff Green,,,,missed,,jump,10,12
Andray Blatche,Antawn Jamison,DeShawn Stevenson,Earl Boykins,Mike Miller,Etan Thomas,James Harden,Jeff Green,Kevin Ollie,Thabo Sefolosha,4,10:18,WAS,rebound,,,,,,,,,,,,,,,,,,
Andray Blatche,Antawn Jamison,Earl Boykins,Mike Miller,Randy Foye,Etan Thomas,James Harden,Jeff Green,Kevin Ollie,Thabo Sefolosha,4,10:18,WAS,sub,,,,Randy Foye,,DeShawn Stevenson,,,,,,,,,,,,
Andray Blatche,Antawn Jamison,Earl Boykins,Mike Miller,Randy Foye,Etan Thomas,James Harden,Jeff Green,Kevin Ollie,Thabo Sefolosha,4,10:12,WAS,foul,,,,,,,,Kevin Ollie,,Antawn Jamison,,,,,,offensive,,
Andray Blatche,Antawn Jamison,Earl Boykins,Mike Miller,Randy Foye,Etan Thomas,James Harden,Jeff Green,Kevin Ollie,Thabo Sefolosha,4,10:12,WAS,turnover,,,,,,,,,,Antawn Jamison,,,foul,,,,,
Andray Blatche,Antawn Jamison,Earl Boykins,Mike Miller,Randy Foye,Etan Thomas,James Harden,Jeff Green,Kevin Ollie,Thabo Sefolosha,4,9:52,OKC,turnover,,,,,,,,,,Jeff Green,,,bad pass,,Antawn Jamison,,,
Andray Blatche,Antawn Jamison,Earl Boykins,Mike Miller,Randy Foye,Etan Thomas,James Harden,Jeff Green,Kevin Ollie,Thabo Sefolosha,4,9:39,OKC,foul,,,,,,,,,,Jeff Green,,,,,,defense 3 second,,
Andray Blatche,Antawn Jamison,Earl Boykins,Mike Miller,Randy Foye,Etan Thomas,James Harden,Jeff Green,Kevin Ollie,Thabo Sefolosha,4,9:39,WAS,free throw,,,,,,,1,,1,Earl Boykins,,,technical,made,,,,
Andray Blatche,Antawn Jamison,Earl Boykins,Mike Miller,Randy Foye,James Harden,Jeff Green,Kevin Durant,Kevin Ollie,Thabo Sefolosha,4,9:39,OKC,sub,,,,Kevin Durant,,Etan Thomas,,,,,,,,,,,,
Andray Blatche,Antawn Jamison,Earl Boykins,Mike Miller,Randy Foye,James Harden,Jeff Green,Kevin Durant,Kevin Ollie,Thabo Sefolosha,4,9:33,WAS,turnover,,,,,,,,,,Randy Foye,,,bad pass,,Kevin Durant,,,
Andray Blatche,Antawn Jamison,Earl Boykins,Mike Miller,Randy Foye,James Harden,Jeff Green,Kevin Durant,Kevin Ollie,Thabo Sefolosha,4,9:27,OKC,shot,,,,,,,,,,Kevin Durant,2,,,made,,driving slam dunk,25,6
Andray Blatche,Antawn Jamison,Earl Boykins,Mike Miller,Randy Foye,James Harden,Jeff Green,Kevin Durant,Kevin Ollie,Thabo Sefolosha,4,9:25,WAS,timeout,,,,,,,,,,,,,,,,regular,,
Andray Blatche,Antawn Jamison,Earl Boykins,Mike Miller,Randy Foye,James Harden,Jeff Green,Kevin Durant,Kevin Ollie,Thabo Sefolosha,4,9:18,OKC,foul,,,,,,,,Antawn Jamison,,Kevin Ollie,,,,,,personal,,
Andray Blatche,Antawn Jamison,Earl Boykins,Mike Miller,Randy Foye,James Harden,Jeff Green,Kevin Durant,Kevin Ollie,Thabo Sefolosha,4,9:07,WAS,turnover,,,,,,,,,,Randy Foye,,,bad pass,,Kevin Ollie,,,
Andray Blatche,Antawn Jamison,Earl Boykins,Mike Miller,Randy Foye,James Harden,Jeff Green,Kevin Durant,Kevin Ollie,Thabo Sefolosha,4,8:56,OKC,shot,,,,,,,,,,Thabo Sefolosha,,,,missed,,jump,42,15
Andray Blatche,Antawn Jamison,Earl Boykins,Mike Miller,Randy Foye,James Harden,Jeff Green,Kevin Durant,Kevin Ollie,Thabo Sefolosha,4,8:56,OKC,rebound,,,,,,,,,,,,,,,,,,
Andray Blatche,Antawn Jamison,Earl Boykins,Mike Miller,Randy Foye,James Harden,Jeff Green,Kevin Durant,Kevin Ollie,Thabo Sefolosha,4,8:56,WAS,foul,,,,,,,,James Harden,,Antawn Jamison,,,,,,loose ball,,
Andray Blatche,Antawn Jamison,Earl Boykins,Mike Miller,Randy Foye,James Harden,Jeff Green,Kevin Durant,Kevin Ollie,Thabo Sefolosha,4,8:47,OKC,shot,Kevin Ollie,,,,,,,,,Kevin Durant,3,,,made,,3pt,39,29
Andray Blatche,Antawn Jamison,Earl Boykins,Mike Miller,Randy Foye,James Harden,Jeff Green,Kevin Durant,Kevin Ollie,Thabo Sefolosha,4,8:30,OKC,foul,,,,,,,,Randy Foye,,Kevin Ollie,,,,,,shooting,,
Andray Blatche,Antawn Jamison,Earl Boykins,Mike Miller,Randy Foye,James Harden,Jeff Green,Kevin Durant,Kevin Ollie,Thabo Sefolosha,4,8:30,WAS,free throw,,,,,,,1,,2,Randy Foye,,,foul,made,,,,
Antawn Jamison,Brendan Haywood,Earl Boykins,Mike Miller,Randy Foye,James Harden,Jeff Green,Kevin Durant,Kevin Ollie,Thabo Sefolosha,4,8:30,WAS,sub,,,,Brendan Haywood,,Andray Blatche,,,,,,,,,,,,
Antawn Jamison,Brendan Haywood,Earl Boykins,Mike Miller,Randy Foye,James Harden,Jeff Green,Kevin Durant,Kevin Ollie,Thabo Sefolosha,4,8:30,WAS,free throw,,,,,,,2,,2,Randy Foye,,,foul,missed,,,,
Antawn Jamison,Brendan Haywood,Earl Boykins,Mike Miller,Randy Foye,James Harden,Jeff Green,Kevin Durant,Kevin Ollie,Thabo Sefolosha,4,8:29,OKC,rebound,,,,,,,,,,Jeff Green,,,,,,def,,
Antawn Jamison,Brendan Haywood,Earl Boykins,Mike Miller,Randy Foye,James Harden,Jeff Green,Kevin Durant,Kevin Ollie,Thabo Sefolosha,4,8:16,WAS,foul,,,,,,,,James Harden,,Brendan Haywood,,,,,,shooting,,
Antawn Jamison,Brendan Haywood,Caron Butler,Earl Boykins,Mike Miller,James Harden,Jeff Green,Kevin Durant,Kevin Ollie,Thabo Sefolosha,4,8:16,WAS,sub,,,,Caron Butler,,Randy Foye,,,,,,,,,,,,
Antawn Jamison,Brendan Haywood,Caron Butler,Earl Boykins,Mike Miller,James Harden,Jeff Green,Kevin Durant,Kevin Ollie,Thabo Sefolosha,4,8:16,OKC,free throw,,,,,,,1,,2,James Harden,,,foul,made,,,,
Antawn Jamison,Brendan Haywood,Caron Butler,Earl Boykins,Mike Miller,James Harden,Jeff Green,Kevin Durant,Kevin Ollie,Thabo Sefolosha,4,8:16,OKC,free throw,,,,,,,2,,2,James Harden,,,foul,made,,,,
Antawn Jamison,Brendan Haywood,Caron Butler,Earl Boykins,Mike Miller,James Harden,Jeff Green,Kevin Durant,Kevin Ollie,Thabo Sefolosha,4,7:59,OKC,foul,,,,,,,,Antawn Jamison,,Kevin Durant,,,,,,shooting,,
Antawn Jamison,Brendan Haywood,Caron Butler,Earl Boykins,Mike Miller,James Harden,Jeff Green,Kevin Durant,Kevin Ollie,Thabo Sefolosha,4,7:59,WAS,free throw,,,,,,,1,,2,Antawn Jamison,,,foul,made,,,,
Antawn Jamison,Brendan Haywood,Caron Butler,Earl Boykins,Mike Miller,James Harden,Jeff Green,Kevin Durant,Kevin Ollie,Thabo Sefolosha,4,7:59,WAS,free throw,,,,,,,2,,2,Antawn Jamison,,,foul,made,,,,
Antawn Jamison,Brendan Haywood,Caron Butler,Earl Boykins,Mike Miller,James Harden,Jeff Green,Kevin Durant,Kevin Ollie,Thabo Sefolosha,4,7:47,OKC,shot,,,,,,,,,,Kevin Durant,2,,,made,,running jump,16,8
Antawn Jamison,Brendan Haywood,Caron Butler,Earl Boykins,Mike Miller,James Harden,Jeff Green,Kevin Durant,Kevin Ollie,Thabo Sefolosha,4,7:34,WAS,shot,,,,,,,,,,Caron Butler,,,,missed,,jump,4,6
Antawn Jamison,Brendan Haywood,Caron Butler,Earl Boykins,Mike Miller,James Harden,Jeff Green,Kevin Durant,Kevin Ollie,Thabo Sefolosha,4,7:32,OKC,rebound,,,,,,,,,,Kevin Ollie,,,,,,def,,
Antawn Jamison,Brendan Haywood,Caron Butler,Earl Boykins,Mike Miller,James Harden,Jeff Green,Kevin Durant,Kevin Ollie,Thabo Sefolosha,4,7:18,OKC,shot,,,,,,,,,,Kevin Ollie,,,,missed,,jump,41,9
Antawn Jamison,Brendan Haywood,Caron Butler,Earl Boykins,Mike Miller,James Harden,Jeff Green,Kevin Durant,Kevin Ollie,Thabo Sefolosha,4,7:16,WAS,rebound,,,,,,,,,,Brendan Haywood,,,,,,def,,
Antawn Jamison,Brendan Haywood,Caron Butler,Earl Boykins,Mike Miller,James Harden,Jeff Green,Kevin Durant,Kevin Ollie,Thabo Sefolosha,4,7:11,WAS,turnover,,,,,,,,,,Mike Miller,,,traveling,,,,,
Brendan Haywood,Caron Butler,Earl Boykins,Gilbert Arenas,Mike Miller,James Harden,Jeff Green,Kevin Durant,Kevin Ollie,Thabo Sefolosha,4,7:11,WAS,sub,,,,Gilbert Arenas,,Antawn Jamison,,,,,,,,,,,,
Brendan Haywood,Caron Butler,Earl Boykins,Gilbert Arenas,Mike Miller,James Harden,Jeff Green,Kevin Durant,Kevin Ollie,Thabo Sefolosha,4,6:47,OKC,shot,,,,,,,,,,Kevin Durant,,,,missed,,3pt,39,26
Brendan Haywood,Caron Butler,Earl Boykins,Gilbert Arenas,Mike Miller,James Harden,Jeff Green,Kevin Durant,Kevin Ollie,Thabo Sefolosha,4,6:45,WAS,rebound,,,,,,,,,,Brendan Haywood,,,,,,def,,
Brendan Haywood,Caron Butler,Earl Boykins,Gilbert Arenas,Mike Miller,James Harden,Jeff Green,Kevin Durant,Kevin Ollie,Thabo Sefolosha,4,6:36,WAS,shot,Gilbert Arenas,,,,,,,,,Brendan Haywood,2,,,made,,layup,25,6
Brendan Haywood,Caron Butler,Earl Boykins,Gilbert Arenas,Mike Miller,James Harden,Jeff Green,Kevin Durant,Kevin Ollie,Thabo Sefolosha,4,6:28,OKC,timeout,,,,,,,,,,,,,,,,regular,,
Brendan Haywood,Caron Butler,Earl Boykins,Gilbert Arenas,Mike Miller,James Harden,Jeff Green,Kevin Durant,Russell Westbrook,Thabo Sefolosha,4,6:27,OKC,sub,,,,Russell Westbrook,,Kevin Ollie,,,,,,,,,,,,
Brendan Haywood,Caron Butler,Earl Boykins,Gilbert Arenas,Mike Miller,James Harden,Jeff Green,Kevin Durant,Russell Westbrook,Thabo Sefolosha,4,6:19,OKC,shot,Kevin Durant,,,,,,,,,James Harden,3,,,made,,3pt,46,20
Brendan Haywood,Caron Butler,Earl Boykins,Gilbert Arenas,Mike Miller,James Harden,Jeff Green,Kevin Durant,Russell Westbrook,Thabo Sefolosha,4,6:02,WAS,turnover,,,,,,,,,,Earl Boykins,,,bad pass,,James Harden,,,
Brendan Haywood,Caron Butler,Earl Boykins,Gilbert Arenas,Mike Miller,James Harden,Jeff Green,Kevin Durant,Russell Westbrook,Thabo Sefolosha,4,6:00,OKC,shot,Russell Westbrook,,,,,,,,,James Harden,2,,,made,,dunk,25,6
Brendan Haywood,Caron Butler,Earl Boykins,Gilbert Arenas,Mike Miller,James Harden,Jeff Green,Kevin Durant,Russell Westbrook,Thabo Sefolosha,4,5:58,WAS,timeout,,,,,,,,,,,,,,,,regular,,
Brendan Haywood,Caron Butler,Earl Boykins,Gilbert Arenas,Mike Miller,James Harden,Jeff Green,Kevin Durant,Russell Westbrook,Thabo Sefolosha,4,5:49,WAS,shot,,,,,,,,,,Earl Boykins,,,,missed,,3pt,10,25
Brendan Haywood,Caron Butler,Earl Boykins,Gilbert Arenas,Mike Miller,James Harden,Jeff Green,Kevin Durant,Russell Westbrook,Thabo Sefolosha,4,5:47,OKC,rebound,,,,,,,,,,Kevin Durant,,,,,,def,,
Brendan Haywood,Caron Butler,Earl Boykins,Gilbert Arenas,Mike Miller,James Harden,Jeff Green,Kevin Durant,Russell Westbrook,Thabo Sefolosha,4,5:30,OKC,shot,,,,,,,,,,James Harden,,,,missed,,3pt,41,25
Brendan Haywood,Caron Butler,Earl Boykins,Gilbert Arenas,Mike Miller,James Harden,Jeff Green,Kevin Durant,Russell Westbrook,Thabo Sefolosha,4,5:29,WAS,rebound,,,,,,,,,,Gilbert Arenas,,,,,,def,,
Brendan Haywood,Caron Butler,Earl Boykins,Gilbert Arenas,Mike Miller,James Harden,Jeff Green,Kevin Durant,Russell Westbrook,Thabo Sefolosha,4,5:24,OKC,foul,,,,,,,,Gilbert Arenas,,James Harden,,,,,,shooting,,
Brendan Haywood,Caron Butler,Earl Boykins,Gilbert Arenas,Mike Miller,James Harden,Jeff Green,Kevin Durant,Russell Westbrook,Thabo Sefolosha,4,5:24,WAS,free throw,,,,,,,1,,2,Gilbert Arenas,,,foul,made,,,,
Brendan Haywood,Caron Butler,Earl Boykins,Gilbert Arenas,Mike Miller,James Harden,Jeff Green,Kevin Durant,Russell Westbrook,Thabo Sefolosha,4,5:24,WAS,free throw,,,,,,,2,,2,Gilbert Arenas,,,foul,made,,,,
Brendan Haywood,Caron Butler,Earl Boykins,Gilbert Arenas,Mike Miller,James Harden,Jeff Green,Kevin Durant,Russell Westbrook,Thabo Sefolosha,4,5:19,OKC,turnover,,,,,,,,,,Russell Westbrook,,,bad pass,,Earl Boykins,,,
Brendan Haywood,Caron Butler,Earl Boykins,Gilbert Arenas,Mike Miller,James Harden,Jeff Green,Kevin Durant,Russell Westbrook,Thabo Sefolosha,4,5:15,WAS,shot,Caron Butler,,,,,,,,,Earl Boykins,2,,,made,,layup,25,6
Brendan Haywood,Caron Butler,Earl Boykins,Gilbert Arenas,Mike Miller,James Harden,Jeff Green,Kevin Durant,Russell Westbrook,Thabo Sefolosha,4,5:05,OKC,foul,,,,,,,,Brendan Haywood,,Russell Westbrook,,,,,,offensive,,
Brendan Haywood,Caron Butler,Earl Boykins,Gilbert Arenas,Mike Miller,James Harden,Jeff Green,Kevin Durant,Russell Westbrook,Thabo Sefolosha,4,5:05,OKC,turnover,,,,,,,,,,Russell Westbrook,,,foul,,,,,
Brendan Haywood,Caron Butler,Earl Boykins,Gilbert Arenas,Mike Miller,James Harden,Jeff Green,Kevin Durant,Russell Westbrook,Thabo Sefolosha,4,4:58,WAS,shot,,,,,,,,,,Earl Boykins,2,,,made,,reverse layup,25,6
Brendan Haywood,Caron Butler,Earl Boykins,Gilbert Arenas,Mike Miller,James Harden,Jeff Green,Kevin Durant,Russell Westbrook,Thabo Sefolosha,4,4:58,OKC,timeout,,,,,,,,,,,,,,,,regular,,
Brendan Haywood,Caron Butler,Earl Boykins,Gilbert Arenas,Mike Miller,James Harden,Jeff Green,Kevin Durant,Russell Westbrook,Thabo Sefolosha,4,4:36,OKC,shot,,,,,,,,,,Thabo Sefolosha,,,,missed,,3pt,45,20
Brendan Haywood,Caron Butler,Earl Boykins,Gilbert Arenas,Mike Miller,James Harden,Jeff Green,Kevin Durant,Russell Westbrook,Thabo Sefolosha,4,4:35,OKC,rebound,,,,,,,,,,James Harden,,,,,,off,,
Brendan Haywood,Caron Butler,Earl Boykins,Gilbert Arenas,Mike Miller,James Harden,Jeff Green,Kevin Durant,Russell Westbrook,Thabo Sefolosha,4,4:33,OKC,shot,,,,,,,,,,James Harden,,,,missed,,layup,25,6
Brendan Haywood,Caron Butler,Earl Boykins,Gilbert Arenas,Mike Miller,James Harden,Jeff Green,Kevin Durant,Russell Westbrook,Thabo Sefolosha,4,4:32,OKC,rebound,,,,,,,,,,Jeff Green,,,,,,off,,
Brendan Haywood,Caron Butler,Earl Boykins,Gilbert Arenas,Mike Miller,James Harden,Jeff Green,Kevin Durant,Russell Westbrook,Thabo Sefolosha,4,4:32,OKC,shot,,,,,,,,,,Jeff Green,2,,,made,,tip,25,6
Brendan Haywood,Caron Butler,Earl Boykins,Gilbert Arenas,Mike Miller,James Harden,Jeff Green,Kevin Durant,Russell Westbrook,Thabo Sefolosha,4,4:17,WAS,shot,,,Thabo Sefolosha,,,,,,,Gilbert Arenas,,,,missed,,jump,24,12
Brendan Haywood,Caron Butler,Earl Boykins,Gilbert Arenas,Mike Miller,James Harden,Jeff Green,Kevin Durant,Russell Westbrook,Thabo Sefolosha,4,4:15,OKC,rebound,,,,,,,,,,James Harden,,,,,,def,,
Brendan Haywood,Caron Butler,Earl Boykins,Gilbert Arenas,Mike Miller,James Harden,Jeff Green,Kevin Durant,Russell Westbrook,Thabo Sefolosha,4,4:12,OKC,shot,Russell Westbrook,,,,,,,,,Kevin Durant,2,,,made,,alley oop dunk,25,6
Brendan Haywood,Caron Butler,Earl Boykins,Gilbert Arenas,Mike Miller,James Harden,Jeff Green,Kevin Durant,Russell Westbrook,Thabo Sefolosha,4,3:57,WAS,shot,,,,,,,,,,Earl Boykins,2,,,made,,jump,35,15
Brendan Haywood,Caron Butler,Earl Boykins,Gilbert Arenas,Mike Miller,James Harden,Jeff Green,Kevin Durant,Russell Westbrook,Thabo Sefolosha,4,3:40,OKC,shot,,,,,,,,,,Kevin Durant,,,,missed,,3pt,4,18
Brendan Haywood,Caron Butler,Earl Boykins,Gilbert Arenas,Mike Miller,James Harden,Jeff Green,Kevin Durant,Russell Westbrook,Thabo Sefolosha,4,3:37,WAS,rebound,,,,,,,,,,Caron Butler,,,,,,def,,
Brendan Haywood,Caron Butler,Earl Boykins,Gilbert Arenas,Mike Miller,James Harden,Jeff Green,Kevin Durant,Russell Westbrook,Thabo Sefolosha,4,3:28,WAS,shot,Mike Miller,,,,,,,,,Caron Butler,3,,,made,,3pt,16,28
Brendan Haywood,Caron Butler,Earl Boykins,Gilbert Arenas,Mike Miller,James Harden,Jeff Green,Kevin Durant,Russell Westbrook,Thabo Sefolosha,4,3:16,OKC,turnover,,,,,,,,,,James Harden,,,bad pass,,Gilbert Arenas,,,
Brendan Haywood,Caron Butler,Earl Boykins,Gilbert Arenas,Mike Miller,James Harden,Jeff Green,Kevin Durant,Russell Westbrook,Thabo Sefolosha,4,3:13,WAS,shot,,,,,,,,,,Gilbert Arenas,,,,missed,,layup,25,6
Brendan Haywood,Caron Butler,Earl Boykins,Gilbert Arenas,Mike Miller,James Harden,Jeff Green,Kevin Durant,Russell Westbrook,Thabo Sefolosha,4,3:12,WAS,rebound,,,,,,,,,,,,,,,,,,
Brendan Haywood,Caron Butler,Earl Boykins,Gilbert Arenas,Mike Miller,James Harden,Jeff Green,Kevin Durant,Russell Westbrook,Thabo Sefolosha,4,3:00,WAS,shot,Brendan Haywood,,,,,,,,,Earl Boykins,2,,,made,,layup,25,6
Brendan Haywood,Caron Butler,Earl Boykins,Gilbert Arenas,Mike Miller,James Harden,Jeff Green,Kevin Durant,Russell Westbrook,Thabo Sefolosha,4,2:36,WAS,foul,,,,,,,,Russell Westbrook,,Earl Boykins,,,,,,shooting,,
Brendan Haywood,Caron Butler,Earl Boykins,Gilbert Arenas,Mike Miller,James Harden,Jeff Green,Kevin Durant,Russell Westbrook,Thabo Sefolosha,4,2:36,OKC,free throw,,,,,,,1,,2,Russell Westbrook,,,foul,made,,,,
Brendan Haywood,Caron Butler,Earl Boykins,Gilbert Arenas,Mike Miller,James Harden,Jeff Green,Kevin Durant,Russell Westbrook,Thabo Sefolosha,4,2:36,OKC,free throw,,,,,,,2,,2,Russell Westbrook,,,foul,missed,,,,
Brendan Haywood,Caron Butler,Earl Boykins,Gilbert Arenas,Mike Miller,James Harden,Jeff Green,Kevin Durant,Russell Westbrook,Thabo Sefolosha,4,2:35,WAS,rebound,,,,,,,,,,Brendan Haywood,,,,,,def,,
Brendan Haywood,Caron Butler,Earl Boykins,Gilbert Arenas,Mike Miller,James Harden,Jeff Green,Kevin Durant,Russell Westbrook,Thabo Sefolosha,4,2:27,WAS,turnover,,,,,,,,,,Earl Boykins,,,bad pass,,Russell Westbrook,,,
Brendan Haywood,Caron Butler,Earl Boykins,Gilbert Arenas,Mike Miller,James Harden,Jeff Green,Kevin Durant,Russell Westbrook,Thabo Sefolosha,4,2:27,WAS,foul,,,,,,,,Russell Westbrook,,Earl Boykins,,,,,,personal,,
Brendan Haywood,Caron Butler,Earl Boykins,Gilbert Arenas,Mike Miller,James Harden,Jeff Green,Kevin Durant,Russell Westbrook,Thabo Sefolosha,4,2:27,OKC,free throw,,,,,,,1,,2,Russell Westbrook,,,foul,made,,,,
Antawn Jamison,Caron Butler,Earl Boykins,Gilbert Arenas,Mike Miller,James Harden,Jeff Green,Kevin Durant,Russell Westbrook,Thabo Sefolosha,4,2:27,WAS,sub,,,,Antawn Jamison,,Brendan Haywood,,,,,,,,,,,,
Antawn Jamison,Caron Butler,Earl Boykins,Gilbert Arenas,Mike Miller,James Harden,Jeff Green,Kevin Durant,Russell Westbrook,Thabo Sefolosha,4,2:27,OKC,free throw,,,,,,,2,,2,Russell Westbrook,,,foul,made,,,,
Antawn Jamison,Caron Butler,Earl Boykins,Gilbert Arenas,Mike Miller,James Harden,Jeff Green,Kevin Durant,Russell Westbrook,Thabo Sefolosha,4,2:10,OKC,foul,,,,,,,,Gilbert Arenas,,Jeff Green,,,,,,shooting,,
Antawn Jamison,Caron Butler,Earl Boykins,Gilbert Arenas,Mike Miller,James Harden,Jeff Green,Kevin Durant,Russell Westbrook,Thabo Sefolosha,4,2:10,WAS,free throw,,,,,,,1,,2,Gilbert Arenas,,,foul,made,,,,
Antawn Jamison,Caron Butler,Earl Boykins,Gilbert Arenas,Mike Miller,James Harden,Jeff Green,Kevin Durant,Russell Westbrook,Thabo Sefolosha,4,2:10,WAS,free throw,,,,,,,2,,2,Gilbert Arenas,,,foul,missed,,,,
Antawn Jamison,Caron Butler,Earl Boykins,Gilbert Arenas,Mike Miller,James Harden,Jeff Green,Kevin Durant,Russell Westbrook,Thabo Sefolosha,4,2:09,OKC,rebound,,,,,,,,,,Jeff Green,,,,,,def,,
Antawn Jamison,Caron Butler,Earl Boykins,Gilbert Arenas,Mike Miller,James Harden,Jeff Green,Kevin Durant,Russell Westbrook,Thabo Sefolosha,4,1:49,OKC,shot,,,,,,,,,,Thabo Sefolosha,,,,missed,,layup,25,6
Antawn Jamison,Caron Butler,Earl Boykins,Gilbert Arenas,Mike Miller,James Harden,Jeff Green,Kevin Durant,Russell Westbrook,Thabo Sefolosha,4,1:47,OKC,rebound,,,,,,,,,,James Harden,,,,,,off,,
Antawn Jamison,Caron Butler,Earl Boykins,Gilbert Arenas,Mike Miller,James Harden,Jeff Green,Kevin Durant,Russell Westbrook,Thabo Sefolosha,4,1:47,OKC,shot,,,,,,,,,,James Harden,2,,,made,,putback layup,25,6
Antawn Jamison,Caron Butler,Earl Boykins,Gilbert Arenas,Mike Miller,James Harden,Jeff Green,Kevin Durant,Russell Westbrook,Thabo Sefolosha,4,1:37,WAS,shot,,,,,,,,,,Caron Butler,,,,missed,,driving layup,25,6
Antawn Jamison,Caron Butler,Earl Boykins,Gilbert Arenas,Mike Miller,James Harden,Jeff Green,Kevin Durant,Russell Westbrook,Thabo Sefolosha,4,1:36,OKC,rebound,,,,,,,,,,Jeff Green,,,,,,def,,
Antawn Jamison,Caron Butler,Earl Boykins,Gilbert Arenas,Mike Miller,James Harden,Jeff Green,Kevin Durant,Russell Westbrook,Thabo Sefolosha,4,1:14,OKC,shot,Kevin Durant,,,,,,,,,Russell Westbrook,3,,,made,,3pt,10,25
Antawn Jamison,Caron Butler,Earl Boykins,Gilbert Arenas,Mike Miller,James Harden,Jeff Green,Kevin Durant,Russell Westbrook,Thabo Sefolosha,4,1:05,WAS,shot,,,,,,,,,,Earl Boykins,,,,missed,,jump,24,26
Antawn Jamison,Caron Butler,Earl Boykins,Gilbert Arenas,Mike Miller,James Harden,Jeff Green,Kevin Durant,Russell Westbrook,Thabo Sefolosha,4,1:03,OKC,rebound,,,,,,,,,,Kevin Durant,,,,,,def,,
Antawn Jamison,Caron Butler,Earl Boykins,Gilbert Arenas,Mike Miller,James Harden,Jeff Green,Kevin Durant,Russell Westbrook,Thabo Sefolosha,4,0:59,WAS,foul,,,,,,,,Kevin Durant,,Gilbert Arenas,,,,,,personal,,
Antawn Jamison,Earl Boykins,Gilbert Arenas,Mike Miller,Nick Young,James Harden,Jeff Green,Kevin Durant,Russell Westbrook,Thabo Sefolosha,4,0:59,WAS,sub,,,,Nick Young,,Caron Butler,,,,,,,,,,,,
Dominic McGuire,Earl Boykins,Gilbert Arenas,Mike Miller,Nick Young,James Harden,Jeff Green,Kevin Durant,Russell Westbrook,Thabo Sefolosha,4,0:59,WAS,sub,,,,Dominic McGuire,,Antawn Jamison,,,,,,,,,,,,
Dominic McGuire,Earl Boykins,JaVale McGee,Mike Miller,Nick Young,James Harden,Jeff Green,Kevin Durant,Russell Westbrook,Thabo Sefolosha,4,0:59,WAS,sub,,,,JaVale McGee,,Gilbert Arenas,,,,,,,,,,,,
Dominic McGuire,Earl Boykins,JaVale McGee,Mike Miller,Nick Young,James Harden,Jeff Green,Kevin Durant,Russell Westbrook,Thabo Sefolosha,4,0:59,OKC,free throw,,,,,,,1,,2,Kevin Durant,,,foul,made,,,,
Dominic McGuire,Earl Boykins,JaVale McGee,Mike Miller,Nick Young,James Harden,Kevin Durant,Kyle Weaver,Russell Westbrook,Thabo Sefolosha,4,0:59,OKC,sub,,,,Kyle Weaver,,Jeff Green,,,,,,,,,,,,
Dominic McGuire,Earl Boykins,JaVale McGee,Nick Young,Randy Foye,James Harden,Kevin Durant,Kyle Weaver,Russell Westbrook,Thabo Sefolosha,4,0:59,WAS,sub,,,,Randy Foye,,Mike Miller,,,,,,,,,,,,
Dominic McGuire,Earl Boykins,JaVale McGee,Nick Young,Randy Foye,James Harden,Kevin Durant,Kyle Weaver,Russell Westbrook,Thabo Sefolosha,4,0:59,OKC,free throw,,,,,,,2,,2,Kevin Durant,,,foul,made,,,,
Dominic McGuire,Earl Boykins,JaVale McGee,Nick Young,Randy Foye,James Harden,Kevin Durant,Kyle Weaver,Russell Westbrook,Thabo Sefolosha,4,0:51,WAS,shot,,,,,,,,,,Nick Young,,,,missed,,3pt,5,20
Dominic McGuire,Earl Boykins,JaVale McGee,Nick Young,Randy Foye,James Harden,Kevin Durant,Kyle Weaver,Russell Westbrook,Thabo Sefolosha,4,0:49,OKC,rebound,,,,,,,,,,Kyle Weaver,,,,,,def,,
Dominic McGuire,Earl Boykins,JaVale McGee,Nick Young,Randy Foye,James Harden,Kevin Durant,Kyle Weaver,Russell Westbrook,Thabo Sefolosha,4,0:26,OKC,shot,,,,,,,,,,James Harden,2,,,made,,jump,8,11
Dominic McGuire,Earl Boykins,JaVale McGee,Nick Young,Randy Foye,James Harden,Kevin Durant,Kyle Weaver,Russell Westbrook,Thabo Sefolosha,4,0:01,WAS,shot,,,,,,,,,,JaVale McGee,,,,missed,,jump,40,9
Dominic McGuire,Earl Boykins,JaVale McGee,Nick Young,Randy Foye,James Harden,Kevin Durant,Kyle Weaver,Russell Westbrook,Thabo Sefolosha,4,0:00,OKC,rebound,,,,,,,,,,Kevin Durant,,,,,,def,,
