a1,a2,a3,a4,a5,h1,h2,h3,h4,h5,period,time,team,etype,assist,away,block,entered,home,left,num,opponent,outof,player,points,possession,reason,result,steal,type,x,y
Brandon Rush,Dahntay Jones,Danny Granger,Roy Hibbert,T.J. Ford,Brook Lopez,Chris Douglas-Roberts,Rafer Alston,Terrence Williams,Trenton Hassell,1,12:00,OFF,jump ball,,Roy Hibbert,,,Brook Lopez,,,,,,,Danny Granger,,,,,,
Brandon Rush,Dahntay Jones,Danny Granger,Roy Hibbert,T.J. Ford,Brook Lopez,Chris Douglas-Roberts,Rafer Alston,Terrence Williams,Trenton Hassell,1,11:44,IND,shot,Dahntay Jones,,,,,,,,,Danny Granger,2,,,made,,layup,25,6
Brandon Rush,Dahntay Jones,Danny Granger,Roy Hibbert,T.J. Ford,Brook Lopez,Chris Douglas-Roberts,Rafer Alston,Terrence Williams,Trenton Hassell,1,11:44,NJN,foul,,,,,,,,Danny Granger,,Trenton Hassell,,,,,,shooting,,
Brandon Rush,Dahntay Jones,Danny Granger,Roy Hibbert,T.J. Ford,Brook Lopez,Chris Douglas-Roberts,Rafer Alston,Terrence Williams,Trenton Hassell,1,11:44,IND,free throw,,,,,,,1,,1,Danny Granger,,,foul,made,,,,
Brandon Rush,Dahntay Jones,Danny Granger,Roy Hibbert,T.J. Ford,Brook Lopez,Chris Douglas-Roberts,Rafer Alston,Terrence Williams,Trenton Hassell,1,11:21,NJN,shot,,,,,,,,,,Brook Lopez,,,,missed,,layup,25,6
Brandon Rush,Dahntay Jones,Danny Granger,Roy Hibbert,T.J. Ford,Brook Lopez,Chris Douglas-Roberts,Rafer Alston,Terrence Williams,Trenton Hassell,1,11:19,NJN,rebound,,,,,,,,,,Brook Lopez,,,,,,off,,
Brandon Rush,Dahntay Jones,Danny Granger,Roy Hibbert,T.J. Ford,Brook Lopez,Chris Douglas-Roberts,Rafer Alston,Terrence Williams,Trenton Hassell,1,11:18,NJN,shot,,,,,,,,,,Brook Lopez,,,,missed,,layup,25,6
Brandon Rush,Dahntay Jones,Danny Granger,Roy Hibbert,T.J. Ford,Brook Lopez,Chris Douglas-Roberts,Rafer Alston,Terrence Williams,Trenton Hassell,1,11:17,IND,rebound,,,,,,,,,,Roy Hibbert,,,,,,def,,
Brandon Rush,Dahntay Jones,Danny Granger,Roy Hibbert,T.J. Ford,Brook Lopez,Chris Douglas-Roberts,Rafer Alston,Terrence Williams,Trenton Hassell,1,11:08,IND,shot,,,,,,,,,,Dahntay Jones,2,,,made,,jump,26,13
Brandon Rush,Dahntay Jones,Danny Granger,Roy Hibbert,T.J. Ford,Brook Lopez,Chris Douglas-Roberts,Rafer Alston,Terrence Williams,Trenton Hassell,1,10:47,NJN,turnover,,,,,,,,,,Rafer Alston,,,lost ball,,T.J. Ford,,,
Brandon Rush,Dahntay Jones,Danny Granger,Roy Hibbert,T.J. Ford,Brook Lopez,Chris Douglas-Roberts,Rafer Alston,Terrence Williams,Trenton Hassell,1,10:43,NJN,foul,,,,,,,,Dahntay Jones,,Terrence Williams,,,,,,shooting,,
Brandon Rush,Dahntay Jones,Danny Granger,Roy Hibbert,T.J. Ford,Brook Lopez,Chris Douglas-Roberts,Rafer Alston,Terrence Williams,Trenton Hassell,1,10:43,IND,free throw,,,,,,,1,,2,Dahntay Jones,,,foul,made,,,,
Brandon Rush,Dahntay Jones,Danny Granger,Roy Hibbert,T.J. Ford,Brook Lopez,Chris Douglas-Roberts,Rafer Alston,Terrence Williams,Trenton Hassell,1,10:43,IND,free throw,,,,,,,2,,2,Dahntay Jones,,,foul,made,,,,
Brandon Rush,Dahntay Jones,Danny Granger,Roy Hibbert,T.J. Ford,Brook Lopez,Chris Douglas-Roberts,Rafer Alston,Terrence Williams,Trenton Hassell,1,10:33,NJN,shot,,,,,,,,,,Trenton Hassell,,,,missed,,jump,10,20
Brandon Rush,Dahntay Jones,Danny Granger,Roy Hibbert,T.J. Ford,Brook Lopez,Chris Douglas-Roberts,Rafer Alston,Terrence Williams,Trenton Hassell,1,10:32,IND,rebound,,,,,,,,,,T.J. Ford,,,,,,def,,
Brandon Rush,Dahntay Jones,Danny Granger,Roy Hibbert,T.J. Ford,Brook Lopez,Chris Douglas-Roberts,Rafer Alston,Terrence Williams,Trenton Hassell,1,10:23,IND,shot,,,,,,,,,,Brandon Rush,,,,missed,,jump,35,23
Brandon Rush,Dahntay Jones,Danny Granger,Roy Hibbert,T.J. Ford,Brook Lopez,Chris Douglas-Roberts,Rafer Alston,Terrence Williams,Trenton Hassell,1,10:22,NJN,rebound,,,,,,,,,,Chris Douglas-Roberts,,,,,,def,,
Brandon Rush,Dahntay Jones,Danny Granger,Roy Hibbert,T.J. Ford,Brook Lopez,Chris Douglas-Roberts,Rafer Alston,Terrence Williams,Trenton Hassell,1,10:12,NJN,shot,,,,,,,,,,Brook Lopez,,,,missed,,jump,39,21
Brandon Rush,Dahntay Jones,Danny Granger,Roy Hibbert,T.J. Ford,Brook Lopez,Chris Douglas-Roberts,Rafer Alston,Terrence Williams,Trenton Hassell,1,10:11,IND,rebound,,,,,,,,,,T.J. Ford,,,,,,def,,
Brandon Rush,Dahntay Jones,Danny Granger,Roy Hibbert,T.J. Ford,Brook Lopez,Chris Douglas-Roberts,Rafer Alston,Terrence Williams,Trenton Hassell,1,10:05,NJN,foul,,,,,,,,T.J. Ford,,Rafer Alston,,,,,,shooting,,
Brandon Rush,Dahntay Jones,Danny Granger,Roy Hibbert,T.J. Ford,Brook Lopez,Chris Douglas-Roberts,Rafer Alston,Terrence Williams,Trenton Hassell,1,10:05,IND,free throw,,,,,,,1,,2,T.J. Ford,,,foul,made,,,,
Brandon Rush,Dahntay Jones,Danny Granger,Roy Hibbert,T.J. Ford,Brook Lopez,Chris Douglas-Roberts,Rafer Alston,Terrence Williams,Trenton Hassell,1,10:05,IND,free throw,,,,,,,2,,2,T.J. Ford,,,foul,made,,,,
Brandon Rush,Dahntay Jones,Danny Granger,Roy Hibbert,T.J. Ford,Brook Lopez,Chris Douglas-Roberts,Rafer Alston,Terrence Williams,Trenton Hassell,1,9:48,NJN,shot,,,,,,,,,,Trenton Hassell,,,,missed,,layup,25,6
Brandon Rush,Dahntay Jones,Danny Granger,Roy Hibbert,T.J. Ford,Brook Lopez,Chris Douglas-Roberts,Rafer Alston,Terrence Williams,Trenton Hassell,1,9:47,IND,rebound,,,,,,,,,,Danny Granger,,,,,,def,,
Brandon Rush,Dahntay Jones,Danny Granger,Roy Hibbert,T.J. Ford,Brook Lopez,Chris Douglas-Roberts,Rafer Alston,Terrence Williams,Trenton Hassell,1,9:37,IND,shot,,,,,,,,,,Danny Granger,,,,missed,,driving layup,25,6
Brandon Rush,Dahntay Jones,Danny Granger,Roy Hibbert,T.J. Ford,Brook Lopez,Chris Douglas-Roberts,Rafer Alston,Terrence Williams,Trenton Hassell,1,9:35,NJN,rebound,,,,,,,,,,Rafer Alston,,,,,,def,,
Brandon Rush,Dahntay Jones,Danny Granger,Roy Hibbert,T.J. Ford,Brook Lopez,Chris Douglas-Roberts,Rafer Alston,Terrence Williams,Trenton Hassell,1,9:29,IND,foul,,,,,,,,Brook Lopez,,Roy Hibbert,,,,,,shooting,,
Brandon Rush,Dahntay Jones,Danny Granger,Roy Hibbert,T.J. Ford,Brook Lopez,Chris Douglas-Roberts,Rafer Alston,Terrence Williams,Trenton Hassell,1,9:29,NJN,free throw,,,,,,,1,,2,Brook Lopez,,,foul,made,,,,
Brandon Rush,Dahntay Jones,Danny Granger,Roy Hibbert,T.J. Ford,Brook Lopez,Chris Douglas-Roberts,Rafer Alston,Terrence Williams,Trenton Hassell,1,9:29,NJN,free throw,,,,,,,2,,2,Brook Lopez,,,foul,made,,,,
Brandon Rush,Dahntay Jones,Danny Granger,Roy Hibbert,T.J. Ford,Brook Lopez,Chris Douglas-Roberts,Rafer Alston,Terrence Williams,Trenton Hassell,1,9:24,IND,turnover,,,,,,,,,,T.J. Ford,,,lost ball,,Brook Lopez,,,
Brandon Rush,Dahntay Jones,Danny Granger,Roy Hibbert,T.J. Ford,Brook Lopez,Chris Douglas-Roberts,Rafer Alston,Terrence Williams,Trenton Hassell,1,9:16,NJN,turnover,,,,,,,,,,Rafer Alston,,,bad pass,,,,,
Brandon Rush,Dahntay Jones,Danny Granger,Roy Hibbert,T.J. Ford,Brook Lopez,Chris Douglas-Roberts,Rafer Alston,Terrence Williams,Trenton Hassell,1,9:00,IND,turnover,,,,,,,,,,Danny Granger,,,bad pass,,Rafer Alston,,,
Brandon Rush,Dahntay Jones,Danny Granger,Roy Hibbert,T.J. Ford,Brook Lopez,Chris Douglas-Roberts,Rafer Alston,Terrence Williams,Trenton Hassell,1,8:49,NJN,turnover,,,,,,,,,,Rafer Alston,,,bad pass,,Dahntay Jones,,,
Brandon Rush,Dahntay Jones,Danny Granger,Roy Hibbert,T.J. Ford,Brook Lopez,Chris Douglas-Roberts,Rafer Alston,Terrence Williams,Trenton Hassell,1,8:44,IND,shot,,,,,,,,,,Dahntay Jones,2,,,made,,driving layup,25,6
Brandon Rush,Dahntay Jones,Danny Granger,Roy Hibbert,T.J. Ford,Brook Lopez,Chris Douglas-Roberts,Rafer Alston,Terrence Williams,Trenton Hassell,1,8:36,NJN,timeout,,,,,,,,,,,,,,,,regular,,
Brandon Rush,Dahntay Jones,Danny Granger,Roy Hibbert,T.J. Ford,Brook Lopez,Chris Douglas-Roberts,Rafer Alston,Terrence Williams,Trenton Hassell,1,8:21,NJN,shot,Rafer Alston,,,,,,,,,Brook Lopez,2,,,made,,layup,25,6
Brandon Rush,Dahntay Jones,Danny Granger,Roy Hibbert,T.J. Ford,Brook Lopez,Chris Douglas-Roberts,Rafer Alston,Terrence Williams,Trenton Hassell,1,8:21,IND,foul,,,,,,,,Brook Lopez,,Roy Hibbert,,,,,,shooting,,
Brandon Rush,Dahntay Jones,Danny Granger,Roy Hibbert,T.J. Ford,Brook Lopez,Chris Douglas-Roberts,Rafer Alston,Terrence Williams,Trenton Hassell,1,8:21,NJN,free throw,,,,,,,1,,1,Brook Lopez,,,foul,made,,,,
Brandon Rush,Dahntay Jones,Danny Granger,Roy Hibbert,T.J. Ford,Brook Lopez,Chris Douglas-Roberts,Rafer Alston,Terrence Williams,Trenton Hassell,1,7:58,IND,shot,T.J. Ford,,,,,,,,,Brandon Rush,3,,,made,,3pt,47,6
Brandon Rush,Dahntay Jones,Danny Granger,Roy Hibbert,T.J. Ford,Brook Lopez,Chris Douglas-Roberts,Rafer Alston,Terrence Williams,Trenton Hassell,1,7:38,NJN,shot,Brook Lopez,,,,,,,,,Terrence Williams,2,,,made,,jump,15,22
Brandon Rush,Dahntay Jones,Danny Granger,Roy Hibbert,T.J. Ford,Brook Lopez,Chris Douglas-Roberts,Rafer Alston,Terrence Williams,Trenton Hassell,1,7:27,IND,shot,T.J. Ford,,,,,,,,,Roy Hibbert,2,,,made,,dunk,25,6
Brandon Rush,Dahntay Jones,Danny Granger,Roy Hibbert,T.J. Ford,Brook Lopez,Chris Douglas-Roberts,Rafer Alston,Terrence Williams,Trenton Hassell,1,7:17,NJN,shot,,,,,,,,,,Chris Douglas-Roberts,2,,,made,,driving finger roll layup,25,6
Brandon Rush,Dahntay Jones,Danny Granger,Roy Hibbert,T.J. Ford,Brook Lopez,Chris Douglas-Roberts,Rafer Alston,Terrence Williams,Trenton Hassell,1,6:54,IND,shot,Roy Hibbert,,,,,,,,,Danny Granger,3,,,made,,3pt,32,31
Brandon Rush,Dahntay Jones,Danny Granger,Roy Hibbert,T.J. Ford,Brook Lopez,Chris Douglas-Roberts,Rafer Alston,Terrence Williams,Trenton Hassell,1,6:38,NJN,turnover,,,,,,,,,,Rafer Alston,,,bad pass,,,,,
Brandon Rush,Dahntay Jones,Danny Granger,Roy Hibbert,T.J. Ford,Brook Lopez,Chris Douglas-Roberts,Rafer Alston,Terrence Williams,Trenton Hassell,1,6:28,IND,shot,,,,,,,,,,T.J. Ford,,,,missed,,jump,23,24
Brandon Rush,Dahntay Jones,Danny Granger,Roy Hibbert,T.J. Ford,Brook Lopez,Chris Douglas-Roberts,Rafer Alston,Terrence Williams,Trenton Hassell,1,6:27,NJN,rebound,,,,,,,,,,Brook Lopez,,,,,,def,,
Brandon Rush,Dahntay Jones,Danny Granger,Roy Hibbert,T.J. Ford,Brook Lopez,Chris Douglas-Roberts,Rafer Alston,Terrence Williams,Trenton Hassell,1,6:16,NJN,shot,,,,,,,,,,Terrence Williams,2,,,made,,jump,39,17
Brandon Rush,Dahntay Jones,Danny Granger,Roy Hibbert,T.J. Ford,Brook Lopez,Chris Douglas-Roberts,Rafer Alston,Terrence Williams,Trenton Hassell,1,5:52,IND,shot,,,,,,,,,,T.J. Ford,,,,missed,,fade away jumper,41,8
Brandon Rush,Dahntay Jones,Danny Granger,Roy Hibbert,T.J. Ford,Brook Lopez,Chris Douglas-Roberts,Rafer Alston,Terrence Williams,Trenton Hassell,1,5:51,NJN,rebound,,,,,,,,,,Rafer Alston,,,,,,def,,
Brandon Rush,Dahntay Jones,Danny Granger,Roy Hibbert,T.J. Ford,Brook Lopez,Chris Douglas-Roberts,Rafer Alston,Terrence Williams,Trenton Hassell,1,5:40,IND,foul,,,,,,,,Trenton Hassell,,Danny Granger,,,,,,personal,,
Brandon Rush,Dahntay Jones,Danny Granger,Solomon Jones,T.J. Ford,Brook Lopez,Chris Douglas-Roberts,Rafer Alston,Terrence Williams,Trenton Hassell,1,5:40,IND,sub,,,,Solomon Jones,,Roy Hibbert,,,,,,,,,,,,
Brandon Rush,Dahntay Jones,Danny Granger,Solomon Jones,T.J. Ford,Brook Lopez,Chris Douglas-Roberts,Rafer Alston,Terrence Williams,Trenton Hassell,1,5:32,NJN,shot,,,,,,,,,,Rafer Alston,,,,missed,,3pt,42,25
Brandon Rush,Dahntay Jones,Danny Granger,Solomon Jones,T.J. Ford,Brook Lopez,Chris Douglas-Roberts,Rafer Alston,Terrence Williams,Trenton Hassell,1,5:31,IND,rebound,,,,,,,,,,Danny Granger,,,,,,def,,
Brandon Rush,Dahntay Jones,Danny Granger,Solomon Jones,T.J. Ford,Brook Lopez,Chris Douglas-Roberts,Rafer Alston,Terrence Williams,Trenton Hassell,1,5:12,IND,shot,Dahntay Jones,,,,,,,,,Solomon Jones,2,,,made,,jump,40,14
Brandon Rush,Dahntay Jones,Danny Granger,Solomon Jones,T.J. Ford,Brook Lopez,Chris Douglas-Roberts,Rafer Alston,Terrence Williams,Trenton Hassell,1,4:50,IND,foul,,,,,,,,Brook Lopez,,Solomon Jones,,,,,,personal,,
Dahntay Jones,Danny Granger,Luther Head,Solomon Jones,T.J. Ford,Brook Lopez,Chris Douglas-Roberts,Rafer Alston,Terrence Williams,Trenton Hassell,1,4:50,IND,sub,,,,Luther Head,,Brandon Rush,,,,,,,,,,,,
Dahntay Jones,Danny Granger,Luther Head,Solomon Jones,T.J. Ford,Brook Lopez,Chris Douglas-Roberts,Rafer Alston,Terrence Williams,Trenton Hassell,1,4:39,NJN,shot,,,,,,,,,,Brook Lopez,,,,missed,,jump,31,11
Dahntay Jones,Danny Granger,Luther Head,Solomon Jones,T.J. Ford,Brook Lopez,Chris Douglas-Roberts,Rafer Alston,Terrence Williams,Trenton Hassell,1,4:38,IND,rebound,,,,,,,,,,Solomon Jones,,,,,,def,,
Dahntay Jones,Danny Granger,Luther Head,Solomon Jones,T.J. Ford,Brook Lopez,Chris Douglas-Roberts,Rafer Alston,Terrence Williams,Trenton Hassell,1,4:30,IND,turnover,,,,,,,,,,Dahntay Jones,,,bad pass,,Chris Douglas-Roberts,,,
Dahntay Jones,Danny Granger,Luther Head,Solomon Jones,T.J. Ford,Brook Lopez,Chris Douglas-Roberts,Rafer Alston,Terrence Williams,Trenton Hassell,1,4:25,IND,foul,,,,,,,,Terrence Williams,,Solomon Jones,,,,,,shooting,,
Dahntay Jones,Danny Granger,Luther Head,Solomon Jones,T.J. Ford,Brook Lopez,Chris Douglas-Roberts,Rafer Alston,Terrence Williams,Trenton Hassell,1,4:25,NJN,free throw,,,,,,,1,,2,Terrence Williams,,,foul,missed,,,,
Dahntay Jones,Danny Granger,Luther Head,Solomon Jones,T.J. Ford,Brook Lopez,Chris Douglas-Roberts,Rafer Alston,Terrence Williams,Trenton Hassell,1,4:25,NJN,rebound,,,,,,,,,,,,,,,,,,
Dahntay Jones,Danny Granger,Luther Head,Solomon Jones,T.J. Ford,Brook Lopez,Chris Douglas-Roberts,Rafer Alston,Terrence Williams,Trenton Hassell,1,4:25,NJN,free throw,,,,,,,2,,2,Terrence Williams,,,foul,made,,,,
Dahntay Jones,Danny Granger,Luther Head,Solomon Jones,T.J. Ford,Brook Lopez,Chris Douglas-Roberts,Rafer Alston,Terrence Williams,Trenton Hassell,1,4:11,IND,shot,Luther Head,,,,,,,,,T.J. Ford,2,,,made,,jump,24,14
Dahntay Jones,Danny Granger,Luther Head,Solomon Jones,T.J. Ford,Brook Lopez,Chris Douglas-Roberts,Rafer Alston,Terrence Williams,Trenton Hassell,1,3:47,NJN,shot,,,Danny Granger,,,,,,,Chris Douglas-Roberts,,,,missed,,jump,29,12
Dahntay Jones,Danny Granger,Luther Head,Solomon Jones,T.J. Ford,Brook Lopez,Chris Douglas-Roberts,Rafer Alston,Terrence Williams,Trenton Hassell,1,3:45,IND,rebound,,,,,,,,,,Luther Head,,,,,,def,,
Dahntay Jones,Danny Granger,Luther Head,Solomon Jones,T.J. Ford,Brook Lopez,Chris Douglas-Roberts,Rafer Alston,Terrence Williams,Trenton Hassell,1,3:39,IND,shot,,,,,,,,,,Luther Head,2,,,made,,jump,9,15
Dahntay Jones,Danny Granger,Luther Head,Solomon Jones,T.J. Ford,Brook Lopez,Chris Douglas-Roberts,Rafer Alston,Terrence Williams,Trenton Hassell,1,3:38,NJN,timeout,,,,,,,,,,,,,,,,short,,
Dahntay Jones,Danny Granger,Earl Watson,Luther Head,Solomon Jones,Brook Lopez,Chris Douglas-Roberts,Rafer Alston,Terrence Williams,Trenton Hassell,1,3:38,IND,sub,,,,Earl Watson,,T.J. Ford,,,,,,,,,,,,
Dahntay Jones,Danny Granger,Earl Watson,Luther Head,Solomon Jones,Brook Lopez,Chris Douglas-Roberts,Rafer Alston,Terrence Williams,Trenton Hassell,1,3:21,NJN,turnover,,,,,,,,,,Trenton Hassell,,,lost ball,,Dahntay Jones,,,
Dahntay Jones,Danny Granger,Earl Watson,Luther Head,Solomon Jones,Brook Lopez,Chris Douglas-Roberts,Rafer Alston,Terrence Williams,Trenton Hassell,1,3:11,IND,shot,Danny Granger,,,,,,,,,Solomon Jones,2,,,made,,layup,25,6
Dahntay Jones,Danny Granger,Earl Watson,Luther Head,Solomon Jones,Brook Lopez,Chris Douglas-Roberts,Rafer Alston,Terrence Williams,Trenton Hassell,1,3:11,NJN,foul,,,,,,,,Solomon Jones,,Brook Lopez,,,,,,shooting,,
Dahntay Jones,Danny Granger,Earl Watson,Luther Head,Solomon Jones,Bobby Simmons,Brook Lopez,Chris Douglas-Roberts,Rafer Alston,Trenton Hassell,1,3:11,NJN,sub,,,,Bobby Simmons,,Terrence Williams,,,,,,,,,,,,
Dahntay Jones,Danny Granger,Earl Watson,Luther Head,Solomon Jones,Bobby Simmons,Brook Lopez,Chris Douglas-Roberts,Rafer Alston,Trenton Hassell,1,3:11,IND,free throw,,,,,,,1,,1,Solomon Jones,,,foul,made,,,,
Dahntay Jones,Danny Granger,Earl Watson,Luther Head,Solomon Jones,Bobby Simmons,Brook Lopez,Chris Douglas-Roberts,Rafer Alston,Trenton Hassell,1,2:54,IND,foul,,,,,,,,Rafer Alston,,Dahntay Jones,,,,,,personal,,
Dahntay Jones,Danny Granger,Earl Watson,Luther Head,Solomon Jones,Bobby Simmons,Brook Lopez,Chris Douglas-Roberts,Rafer Alston,Trenton Hassell,1,2:54,IND,timeout,,,,,,,,,,,,,,,,regular,,
Danny Granger,Earl Watson,Luther Head,Solomon Jones,Tyler Hansbrough,Bobby Simmons,Brook Lopez,Chris Douglas-Roberts,Rafer Alston,Trenton Hassell,1,2:54,IND,sub,,,,Tyler Hansbrough,,Dahntay Jones,,,,,,,,,,,,
Brandon Rush,Earl Watson,Luther Head,Solomon Jones,Tyler Hansbrough,Bobby Simmons,Brook Lopez,Chris Douglas-Roberts,Rafer Alston,Trenton Hassell,1,2:54,IND,sub,,,,Brandon Rush,,Danny Granger,,,,,,,,,,,,
Brandon Rush,Earl Watson,Luther Head,Solomon Jones,Tyler Hansbrough,Bobby Simmons,Brook Lopez,Chris Douglas-Roberts,Rafer Alston,Trenton Hassell,1,2:54,NJN,free throw,,,,,,,1,,2,Rafer Alston,,,foul,made,,,,
Brandon Rush,Earl Watson,Luther Head,Solomon Jones,Tyler Hansbrough,Bobby Simmons,Brook Lopez,Chris Douglas-Roberts,Rafer Alston,Trenton Hassell,1,2:54,NJN,free throw,,,,,,,2,,2,Rafer Alston,,,foul,made,,,,
Brandon Rush,Earl Watson,Luther Head,Solomon Jones,Tyler Hansbrough,Bobby Simmons,Brook Lopez,Chris Douglas-Roberts,Rafer Alston,Trenton Hassell,1,2:44,IND,turnover,,,,,,,,,,Tyler Hansbrough,,,traveling,,,,,
Brandon Rush,Earl Watson,Luther Head,Solomon Jones,Tyler Hansbrough,Bobby Simmons,Brook Lopez,Chris Douglas-Roberts,Rafer Alston,Trenton Hassell,1,2:31,NJN,shot,Brook Lopez,,,,,,,,,Chris Douglas-Roberts,2,,,made,,layup,25,6
Brandon Rush,Earl Watson,Luther Head,Solomon Jones,Tyler Hansbrough,Bobby Simmons,Brook Lopez,Chris Douglas-Roberts,Rafer Alston,Trenton Hassell,1,2:16,IND,shot,,,,,,,,,,Tyler Hansbrough,,,,missed,,jump,37,7
Brandon Rush,Earl Watson,Luther Head,Solomon Jones,Tyler Hansbrough,Bobby Simmons,Brook Lopez,Chris Douglas-Roberts,Rafer Alston,Trenton Hassell,1,2:15,NJN,rebound,,,,,,,,,,Chris Douglas-Roberts,,,,,,def,,
Brandon Rush,Earl Watson,Luther Head,Solomon Jones,Tyler Hansbrough,Bobby Simmons,Brook Lopez,Chris Douglas-Roberts,Rafer Alston,Trenton Hassell,1,1:56,NJN,shot,,,,,,,,,,Chris Douglas-Roberts,,,,missed,,driving layup,25,6
Brandon Rush,Earl Watson,Luther Head,Solomon Jones,Tyler Hansbrough,Bobby Simmons,Brook Lopez,Chris Douglas-Roberts,Rafer Alston,Trenton Hassell,1,1:55,NJN,rebound,,,,,,,,,,Brook Lopez,,,,,,off,,
Brandon Rush,Earl Watson,Luther Head,Solomon Jones,Tyler Hansbrough,Bobby Simmons,Brook Lopez,Chris Douglas-Roberts,Rafer Alston,Trenton Hassell,1,1:53,NJN,shot,,,,,,,,,,Brook Lopez,2,,,made,,tip,25,6
Brandon Rush,Earl Watson,Luther Head,Solomon Jones,Tyler Hansbrough,Bobby Simmons,Brook Lopez,Chris Douglas-Roberts,Rafer Alston,Trenton Hassell,1,1:43,IND,shot,,,Brook Lopez,,,,,,,Luther Head,,,,missed,,driving reverse layup,25,6
Brandon Rush,Earl Watson,Luther Head,Solomon Jones,Tyler Hansbrough,Bobby Simmons,Brook Lopez,Chris Douglas-Roberts,Rafer Alston,Trenton Hassell,1,1:41,NJN,rebound,,,,,,,,,,Chris Douglas-Roberts,,,,,,def,,
Brandon Rush,Earl Watson,Luther Head,Solomon Jones,Tyler Hansbrough,Bobby Simmons,Brook Lopez,Chris Douglas-Roberts,Rafer Alston,Trenton Hassell,1,1:31,NJN,shot,,,,,,,,,,Brook Lopez,,,,missed,,layup,25,6
Brandon Rush,Earl Watson,Luther Head,Solomon Jones,Tyler Hansbrough,Bobby Simmons,Brook Lopez,Chris Douglas-Roberts,Rafer Alston,Trenton Hassell,1,1:30,NJN,rebound,,,,,,,,,,Brook Lopez,,,,,,off,,
Brandon Rush,Earl Watson,Luther Head,Solomon Jones,Tyler Hansbrough,Bobby Simmons,Brook Lopez,Chris Douglas-Roberts,Rafer Alston,Trenton Hassell,1,1:29,IND,foul,,,,,,,,Brook Lopez,,Tyler Hansbrough,,,,,,shooting,,
Brandon Rush,Earl Watson,Luther Head,Solomon Jones,Tyler Hansbrough,Bobby Simmons,Brook Lopez,Chris Douglas-Roberts,Rafer Alston,Trenton Hassell,1,1:29,NJN,free throw,,,,,,,1,,2,Brook Lopez,,,foul,missed,,,,
Brandon Rush,Earl Watson,Luther Head,Solomon Jones,Tyler Hansbrough,Bobby Simmons,Brook Lopez,Chris Douglas-Roberts,Rafer Alston,Trenton Hassell,1,1:29,NJN,rebound,,,,,,,,,,,,,,,,,,
Brandon Rush,Earl Watson,Luther Head,Roy Hibbert,Tyler Hansbrough,Bobby Simmons,Brook Lopez,Chris Douglas-Roberts,Rafer Alston,Trenton Hassell,1,1:29,IND,sub,,,,Roy Hibbert,,Solomon Jones,,,,,,,,,,,,
Brandon Rush,Earl Watson,Luther Head,Roy Hibbert,Tyler Hansbrough,Bobby Simmons,Brook Lopez,Chris Douglas-Roberts,Josh Boone,Rafer Alston,1,1:29,NJN,sub,,,,Josh Boone,,Trenton Hassell,,,,,,,,,,,,
Brandon Rush,Earl Watson,Luther Head,Roy Hibbert,Tyler Hansbrough,Bobby Simmons,Brook Lopez,Chris Douglas-Roberts,Josh Boone,Terrence Williams,1,1:29,NJN,sub,,,,Terrence Williams,,Rafer Alston,,,,,,,,,,,,
Brandon Rush,Earl Watson,Luther Head,Roy Hibbert,Tyler Hansbrough,Bobby Simmons,Brook Lopez,Chris Douglas-Roberts,Josh Boone,Terrence Williams,1,1:29,NJN,free throw,,,,,,,2,,2,Brook Lopez,,,foul,made,,,,
Brandon Rush,Earl Watson,Luther Head,Roy Hibbert,Tyler Hansbrough,Bobby Simmons,Brook Lopez,Chris Douglas-Roberts,Josh Boone,Terrence Williams,1,1:13,IND,shot,,,,,,,,,,Luther Head,,,,missed,,running jump,16,8
Brandon Rush,Earl Watson,Luther Head,Roy Hibbert,Tyler Hansbrough,Bobby Simmons,Brook Lopez,Chris Douglas-Roberts,Josh Boone,Terrence Williams,1,1:13,IND,rebound,,,,,,,,,,Roy Hibbert,,,,,,off,,
Brandon Rush,Earl Watson,Luther Head,Roy Hibbert,Tyler Hansbrough,Bobby Simmons,Brook Lopez,Chris Douglas-Roberts,Josh Boone,Terrence Williams,1,1:13,NJN,foul,,,,,,,,Roy Hibbert,,Josh Boone,,,,,,shooting,,
Brandon Rush,Earl Watson,Luther Head,Roy Hibbert,Tyler Hansbrough,Bobby Simmons,Brook Lopez,Chris Douglas-Roberts,Josh Boone,Terrence Williams,1,1:13,IND,free throw,,,,,,,1,,2,Roy Hibbert,,,foul,made,,,,
Brandon Rush,Earl Watson,Luther Head,Roy Hibbert,Tyler Hansbrough,Bobby Simmons,Brook Lopez,Chris Douglas-Roberts,Josh Boone,Terrence Williams,1,1:13,IND,free throw,,,,,,,2,,2,Roy Hibbert,,,foul,missed,,,,
Brandon Rush,Earl Watson,Luther Head,Roy Hibbert,Tyler Hansbrough,Bobby Simmons,Brook Lopez,Chris Douglas-Roberts,Josh Boone,Terrence Williams,1,1:12,NJN,rebound,,,,,,,,,,Josh Boone,,,,,,def,,
Brandon Rush,Earl Watson,Luther Head,Roy Hibbert,Tyler Hansbrough,Bobby Simmons,Brook Lopez,Chris Douglas-Roberts,Josh Boone,Terrence Williams,1,1:04,NJN,turnover,,,,,,,,,,Terrence Williams,,,out of bounds lost ball turnover,,,,,
Brandon Rush,Earl Watson,Luther Head,Roy Hibbert,Tyler Hansbrough,Bobby Simmons,Brook Lopez,Chris Douglas-Roberts,Josh Boone,Terrence Williams,1,0:52,IND,shot,,,,,,,,,,Brandon Rush,,,,missed,,3pt,43,23
Brandon Rush,Earl Watson,Luther Head,Roy Hibbert,Tyler Hansbrough,Bobby Simmons,Brook Lopez,Chris Douglas-Roberts,Josh Boone,Terrence Williams,1,0:51,NJN,rebound,,,,,,,,,,Chris Douglas-Roberts,,,,,,def,,
Brandon Rush,Earl Watson,Luther Head,Roy Hibbert,Tyler Hansbrough,Bobby Simmons,Brook Lopez,Chris Douglas-Roberts,Josh Boone,Terrence Williams,1,0:46,NJN,shot,,,,,,,,,,Chris Douglas-Roberts,,,,missed,,driving layup,25,6
Brandon Rush,Earl Watson,Luther Head,Roy Hibbert,Tyler Hansbrough,Bobby Simmons,Brook Lopez,Chris Douglas-Roberts,Josh Boone,Terrence Williams,1,0:45,NJN,rebound,,,,,,,,,,Brook Lopez,,,,,,off,,
Brandon Rush,Earl Watson,Luther Head,Roy Hibbert,Tyler Hansbrough,Bobby Simmons,Brook Lopez,Chris Douglas-Roberts,Josh Boone,Terrence Williams,1,0:44,NJN,shot,,,,,,,,,,Brook Lopez,2,,,made,,tip,25,6
Brandon Rush,Earl Watson,Luther Head,Roy Hibbert,Tyler Hansbrough,Bobby Simmons,Brook Lopez,Chris Douglas-Roberts,Josh Boone,Terrence Williams,1,0:30,IND,shot,,,,,,,,,,Earl Watson,,,,missed,,3pt,44,22
Brandon Rush,Earl Watson,Luther Head,Roy Hibbert,Tyler Hansbrough,Bobby Simmons,Brook Lopez,Chris Douglas-Roberts,Josh Boone,Terrence Williams,1,0:29,NJN,rebound,,,,,,,,,,Bobby Simmons,,,,,,def,,
Brandon Rush,Earl Watson,Luther Head,Roy Hibbert,Tyler Hansbrough,Bobby Simmons,Brook Lopez,Chris Douglas-Roberts,Josh Boone,Terrence Williams,1,0:15,NJN,shot,,,,,,,,,,Terrence Williams,,,,missed,,jump bank,39,11
Brandon Rush,Earl Watson,Luther Head,Roy Hibbert,Tyler Hansbrough,Bobby Simmons,Brook Lopez,Chris Douglas-Roberts,Josh Boone,Terrence Williams,1,0:14,IND,rebound,,,,,,,,,,Tyler Hansbrough,,,,,,def,,
Brandon Rush,Earl Watson,Luther Head,Roy Hibbert,Tyler Hansbrough,Bobby Simmons,Brook Lopez,Chris Douglas-Roberts,Josh Boone,Terrence Williams,1,0:01,IND,shot,,,,,,,,,,Earl Watson,2,,,made,,jump,27,12
Brandon Rush,Danny Granger,Earl Watson,Roy Hibbert,Tyler Hansbrough,Bobby Simmons,Brook Lopez,Chris Douglas-Roberts,Josh Boone,Terrence Williams,2,11:51,NJN,turnover,,,,,,,,,,,,,backcourt turnover,,,,,
Brandon Rush,Danny Granger,Earl Watson,Roy Hibbert,Tyler Hansbrough,Bobby Simmons,Brook Lopez,Chris Douglas-Roberts,Josh Boone,Terrence Williams,2,11:40,IND,shot,,,,,,,,,,Tyler Hansbrough,,,,missed,,turnaround jump,43,6
Brandon Rush,Danny Granger,Earl Watson,Roy Hibbert,Tyler Hansbrough,Bobby Simmons,Brook Lopez,Chris Douglas-Roberts,Josh Boone,Terrence Williams,2,11:38,NJN,rebound,,,,,,,,,,,,,,,,,,
Brandon Rush,Danny Granger,Earl Watson,Roy Hibbert,Tyler Hansbrough,Bobby Simmons,Brook Lopez,Chris Douglas-Roberts,Josh Boone,Terrence Williams,2,11:14,NJN,shot,,,,,,,,,,Brook Lopez,,,,missed,,jump,8,6
Brandon Rush,Danny Granger,Earl Watson,Roy Hibbert,Tyler Hansbrough,Bobby Simmons,Brook Lopez,Chris Douglas-Roberts,Josh Boone,Terrence Williams,2,11:13,IND,rebound,,,,,,,,,,Roy Hibbert,,,,,,def,,
Brandon Rush,Danny Granger,Earl Watson,Roy Hibbert,Tyler Hansbrough,Bobby Simmons,Brook Lopez,Chris Douglas-Roberts,Josh Boone,Terrence Williams,2,11:04,IND,shot,,,,,,,,,,Danny Granger,,,,missed,,3pt,37,28
Brandon Rush,Danny Granger,Earl Watson,Roy Hibbert,Tyler Hansbrough,Bobby Simmons,Brook Lopez,Chris Douglas-Roberts,Josh Boone,Terrence Williams,2,11:02,NJN,rebound,,,,,,,,,,Bobby Simmons,,,,,,def,,
Brandon Rush,Danny Granger,Earl Watson,Roy Hibbert,Tyler Hansbrough,Bobby Simmons,Brook Lopez,Chris Douglas-Roberts,Josh Boone,Terrence Williams,2,10:56,NJN,shot,,,,,,,,,,Chris Douglas-Roberts,2,,,made,,floating jump,25,17
Brandon Rush,Danny Granger,Earl Watson,Roy Hibbert,Tyler Hansbrough,Bobby Simmons,Brook Lopez,Chris Douglas-Roberts,Josh Boone,Terrence Williams,2,10:36,IND,shot,Earl Watson,,,,,,,,,Danny Granger,2,,,made,,jump,44,6
Brandon Rush,Danny Granger,Earl Watson,Roy Hibbert,Tyler Hansbrough,Bobby Simmons,Brook Lopez,Chris Douglas-Roberts,Josh Boone,Terrence Williams,2,10:21,NJN,shot,Brook Lopez,,,,,,,,,Chris Douglas-Roberts,2,,,made,,jump,25,19
Brandon Rush,Danny Granger,Earl Watson,Roy Hibbert,Tyler Hansbrough,Bobby Simmons,Brook Lopez,Chris Douglas-Roberts,Josh Boone,Terrence Williams,2,10:01,IND,shot,,,,,,,,,,Brandon Rush,,,,missed,,driving layup,25,6
Brandon Rush,Danny Granger,Earl Watson,Roy Hibbert,Tyler Hansbrough,Bobby Simmons,Brook Lopez,Chris Douglas-Roberts,Josh Boone,Terrence Williams,2,10:00,IND,rebound,,,,,,,,,,Tyler Hansbrough,,,,,,off,,
Brandon Rush,Danny Granger,Earl Watson,Roy Hibbert,Tyler Hansbrough,Bobby Simmons,Brook Lopez,Chris Douglas-Roberts,Josh Boone,Terrence Williams,2,9:58,IND,shot,,,Josh Boone,,,,,,,Tyler Hansbrough,,,,missed,,layup,25,6
Brandon Rush,Danny Granger,Earl Watson,Roy Hibbert,Tyler Hansbrough,Bobby Simmons,Brook Lopez,Chris Douglas-Roberts,Josh Boone,Terrence Williams,2,9:57,IND,rebound,,,,,,,,,,,,,,,,,,
Danny Granger,Earl Watson,Roy Hibbert,T.J. Ford,Tyler Hansbrough,Bobby Simmons,Brook Lopez,Chris Douglas-Roberts,Josh Boone,Terrence Williams,2,9:57,IND,sub,,,,T.J. Ford,,Brandon Rush,,,,,,,,,,,,
Danny Granger,Earl Watson,Roy Hibbert,T.J. Ford,Tyler Hansbrough,Bobby Simmons,Chris Douglas-Roberts,Josh Boone,Sean Williams,Terrence Williams,2,9:57,NJN,sub,,,,Sean Williams,,Brook Lopez,,,,,,,,,,,,
Danny Granger,Earl Watson,Roy Hibbert,T.J. Ford,Tyler Hansbrough,Bobby Simmons,Chris Douglas-Roberts,Josh Boone,Sean Williams,Terrence Williams,2,9:52,IND,shot,,,,,,,,,,Tyler Hansbrough,,,,missed,,jump,9,11
Danny Granger,Earl Watson,Roy Hibbert,T.J. Ford,Tyler Hansbrough,Bobby Simmons,Chris Douglas-Roberts,Josh Boone,Sean Williams,Terrence Williams,2,9:51,NJN,rebound,,,,,,,,,,Chris Douglas-Roberts,,,,,,def,,
Danny Granger,Earl Watson,Roy Hibbert,T.J. Ford,Tyler Hansbrough,Bobby Simmons,Chris Douglas-Roberts,Josh Boone,Sean Williams,Terrence Williams,2,9:37,NJN,foul,,,,,,,,Roy Hibbert,,Chris Douglas-Roberts,,,,,,offensive,,
Danny Granger,Earl Watson,Roy Hibbert,T.J. Ford,Tyler Hansbrough,Bobby Simmons,Chris Douglas-Roberts,Josh Boone,Sean Williams,Terrence Williams,2,9:37,NJN,turnover,,,,,,,,,,Chris Douglas-Roberts,,,foul,,,,,
Danny Granger,Earl Watson,Roy Hibbert,T.J. Ford,Tyler Hansbrough,Bobby Simmons,Chris Douglas-Roberts,Josh Boone,Sean Williams,Terrence Williams,2,9:18,IND,turnover,,,,,,,,,,T.J. Ford,,,bad pass,,,,,
Danny Granger,Earl Watson,Roy Hibbert,T.J. Ford,Tyler Hansbrough,Bobby Simmons,Josh Boone,Rafer Alston,Sean Williams,Terrence Williams,2,9:18,NJN,sub,,,,Rafer Alston,,Chris Douglas-Roberts,,,,,,,,,,,,
Danny Granger,Earl Watson,Roy Hibbert,T.J. Ford,Tyler Hansbrough,Bobby Simmons,Josh Boone,Rafer Alston,Sean Williams,Terrence Williams,2,9:06,NJN,turnover,,,,,,,,,,Bobby Simmons,,,bad pass,,Earl Watson,,,
Danny Granger,Earl Watson,Roy Hibbert,T.J. Ford,Tyler Hansbrough,Bobby Simmons,Josh Boone,Rafer Alston,Sean Williams,Terrence Williams,2,9:01,IND,shot,,,,,,,,,,Earl Watson,2,,,made,,running jump,25,12
Danny Granger,Earl Watson,Roy Hibbert,T.J. Ford,Tyler Hansbrough,Bobby Simmons,Josh Boone,Rafer Alston,Sean Williams,Terrence Williams,2,8:46,NJN,turnover,,,,,,,,,,Sean Williams,,,3 second violation,,,,,
Danny Granger,Earl Watson,Roy Hibbert,T.J. Ford,Tyler Hansbrough,Bobby Simmons,Josh Boone,Rafer Alston,Sean Williams,Terrence Williams,2,8:46,IND,timeout,,,,,,,,,,,,,,,,official,,
Danny Granger,Earl Watson,Roy Hibbert,T.J. Ford,Tyler Hansbrough,Josh Boone,Rafer Alston,Sean Williams,Terrence Williams,Trenton Hassell,2,8:46,NJN,sub,,,,Trenton Hassell,,Bobby Simmons,,,,,,,,,,,,
Danny Granger,Earl Watson,Roy Hibbert,T.J. Ford,Tyler Hansbrough,Josh Boone,Rafer Alston,Sean Williams,Terrence Williams,Trenton Hassell,2,8:36,IND,shot,,,,,,,,,,Danny Granger,,,,missed,,jump,12,16
Danny Granger,Earl Watson,Roy Hibbert,T.J. Ford,Tyler Hansbrough,Josh Boone,Rafer Alston,Sean Williams,Terrence Williams,Trenton Hassell,2,8:35,NJN,rebound,,,,,,,,,,Terrence Williams,,,,,,def,,
Danny Granger,Earl Watson,Roy Hibbert,T.J. Ford,Tyler Hansbrough,Josh Boone,Rafer Alston,Sean Williams,Terrence Williams,Trenton Hassell,2,8:24,NJN,foul,,,,,,,,Earl Watson,,Josh Boone,,,,,,offensive,,
Danny Granger,Earl Watson,Roy Hibbert,T.J. Ford,Tyler Hansbrough,Josh Boone,Rafer Alston,Sean Williams,Terrence Williams,Trenton Hassell,2,8:24,NJN,turnover,,,,,,,,,,Josh Boone,,,foul,,,,,
Danny Granger,Earl Watson,Roy Hibbert,T.J. Ford,Tyler Hansbrough,Brook Lopez,Rafer Alston,Sean Williams,Terrence Williams,Trenton Hassell,2,8:24,NJN,sub,,,,Brook Lopez,,Josh Boone,,,,,,,,,,,,
Danny Granger,Earl Watson,Roy Hibbert,T.J. Ford,Tyler Hansbrough,Brook Lopez,Rafer Alston,Sean Williams,Terrence Williams,Trenton Hassell,2,8:05,IND,shot,,,,,,,,,,Roy Hibbert,2,,,made,,hook,25,12
Danny Granger,Earl Watson,Roy Hibbert,T.J. Ford,Tyler Hansbrough,Brook Lopez,Rafer Alston,Sean Williams,Terrence Williams,Trenton Hassell,2,7:47,NJN,shot,,,,,,,,,,Brook Lopez,,,,missed,,jump,36,18
Danny Granger,Earl Watson,Roy Hibbert,T.J. Ford,Tyler Hansbrough,Brook Lopez,Rafer Alston,Sean Williams,Terrence Williams,Trenton Hassell,2,7:46,IND,rebound,,,,,,,,,,Danny Granger,,,,,,def,,
Danny Granger,Earl Watson,Roy Hibbert,T.J. Ford,Tyler Hansbrough,Brook Lopez,Rafer Alston,Sean Williams,Terrence Williams,Trenton Hassell,2,7:36,IND,shot,T.J. Ford,,,,,,,,,Roy Hibbert,2,,,made,,jump,34,7
Danny Granger,Earl Watson,Roy Hibbert,T.J. Ford,Tyler Hansbrough,Brook Lopez,Rafer Alston,Sean Williams,Terrence Williams,Trenton Hassell,2,7:24,NJN,shot,Rafer Alston,,,,,,,,,Brook Lopez,2,,,made,,jump,13,21
Danny Granger,Earl Watson,Roy Hibbert,T.J. Ford,Tyler Hansbrough,Brook Lopez,Rafer Alston,Sean Williams,Terrence Williams,Trenton Hassell,2,7:01,IND,shot,,,,,,,,,,Roy Hibbert,2,,,made,,jump bank,18,9
Danny Granger,Earl Watson,Roy Hibbert,T.J. Ford,Tyler Hansbrough,Brook Lopez,Rafer Alston,Sean Williams,Terrence Williams,Trenton Hassell,2,6:55,NJN,timeout,,,,,,,,,,,,,,,,regular,,
Danny Granger,Earl Watson,Roy Hibbert,T.J. Ford,Tyler Hansbrough,Brook Lopez,Chris Douglas-Roberts,Rafer Alston,Sean Williams,Trenton Hassell,2,6:55,NJN,sub,,,,Chris Douglas-Roberts,,Terrence Williams,,,,,,,,,,,,
Dahntay Jones,Danny Granger,Earl Watson,Roy Hibbert,T.J. Ford,Brook Lopez,Chris Douglas-Roberts,Rafer Alston,Sean Williams,Trenton Hassell,2,6:55,IND,sub,,,,Dahntay Jones,,Tyler Hansbrough,,,,,,,,,,,,
Brandon Rush,Dahntay Jones,Danny Granger,Roy Hibbert,T.J. Ford,Brook Lopez,Chris Douglas-Roberts,Rafer Alston,Sean Williams,Trenton Hassell,2,6:55,IND,sub,,,,Brandon Rush,,Earl Watson,,,,,,,,,,,,
Brandon Rush,Dahntay Jones,Danny Granger,Roy Hibbert,T.J. Ford,Brook Lopez,Chris Douglas-Roberts,Rafer Alston,Sean Williams,Trenton Hassell,2,6:45,IND,foul,,,,,,,,Rafer Alston,,Roy Hibbert,,,,,,shooting,,
Brandon Rush,Dahntay Jones,Danny Granger,Roy Hibbert,T.J. Ford,Brook Lopez,Chris Douglas-Roberts,Rafer Alston,Sean Williams,Trenton Hassell,2,6:45,NJN,free throw,,,,,,,1,,2,Rafer Alston,,,foul,made,,,,
Brandon Rush,Dahntay Jones,Danny Granger,Josh McRoberts,T.J. Ford,Brook Lopez,Chris Douglas-Roberts,Rafer Alston,Sean Williams,Trenton Hassell,2,6:45,IND,sub,,,,Josh McRoberts,,Roy Hibbert,,,,,,,,,,,,
Brandon Rush,Dahntay Jones,Danny Granger,Josh McRoberts,T.J. Ford,Brook Lopez,Chris Douglas-Roberts,Rafer Alston,Sean Williams,Trenton Hassell,2,6:45,NJN,free throw,,,,,,,2,,2,Rafer Alston,,,foul,made,,,,
Brandon Rush,Dahntay Jones,Danny Granger,Josh McRoberts,T.J. Ford,Brook Lopez,Chris Douglas-Roberts,Rafer Alston,Sean Williams,Trenton Hassell,2,6:35,IND,turnover,,,,,,,,,,Josh McRoberts,,,bad pass,,Sean Williams,,,
Brandon Rush,Dahntay Jones,Danny Granger,Josh McRoberts,T.J. Ford,Brook Lopez,Chris Douglas-Roberts,Rafer Alston,Sean Williams,Trenton Hassell,2,6:18,NJN,shot,Chris Douglas-Roberts,,,,,,,,,Brook Lopez,2,,,made,,jump,24,26
Brandon Rush,Dahntay Jones,Danny Granger,Josh McRoberts,T.J. Ford,Brook Lopez,Chris Douglas-Roberts,Rafer Alston,Sean Williams,Trenton Hassell,2,6:08,IND,shot,,,,,,,,,,T.J. Ford,,,,missed,,jump,41,12
Brandon Rush,Dahntay Jones,Danny Granger,Josh McRoberts,T.J. Ford,Brook Lopez,Chris Douglas-Roberts,Rafer Alston,Sean Williams,Trenton Hassell,2,6:06,NJN,rebound,,,,,,,,,,Chris Douglas-Roberts,,,,,,def,,
Brandon Rush,Dahntay Jones,Danny Granger,Josh McRoberts,T.J. Ford,Brook Lopez,Chris Douglas-Roberts,Rafer Alston,Sean Williams,Trenton Hassell,2,6:00,NJN,shot,,,,,,,,,,Chris Douglas-Roberts,2,,,made,,driving layup,25,6
Brandon Rush,Dahntay Jones,Danny Granger,Josh McRoberts,T.J. Ford,Brook Lopez,Chris Douglas-Roberts,Rafer Alston,Sean Williams,Trenton Hassell,2,5:53,IND,shot,,,,,,,,,,Dahntay Jones,2,,,made,,driving layup,25,6
Brandon Rush,Dahntay Jones,Danny Granger,Josh McRoberts,T.J. Ford,Brook Lopez,Chris Douglas-Roberts,Rafer Alston,Sean Williams,Trenton Hassell,2,5:53,NJN,foul,,,,,,,,Dahntay Jones,,Trenton Hassell,,,,,,shooting,,
Brandon Rush,Dahntay Jones,Danny Granger,Josh McRoberts,T.J. Ford,Brook Lopez,Chris Douglas-Roberts,Rafer Alston,Sean Williams,Trenton Hassell,2,5:53,IND,free throw,,,,,,,1,,1,Dahntay Jones,,,foul,made,,,,
Brandon Rush,Dahntay Jones,Danny Granger,Josh McRoberts,T.J. Ford,Brook Lopez,Chris Douglas-Roberts,Rafer Alston,Sean Williams,Trenton Hassell,2,5:41,NJN,shot,,,,,,,,,,Rafer Alston,,,,missed,,jump,40,16
Brandon Rush,Dahntay Jones,Danny Granger,Josh McRoberts,T.J. Ford,Brook Lopez,Chris Douglas-Roberts,Rafer Alston,Sean Williams,Trenton Hassell,2,5:40,IND,rebound,,,,,,,,,,Brandon Rush,,,,,,def,,
Brandon Rush,Dahntay Jones,Danny Granger,Josh McRoberts,T.J. Ford,Brook Lopez,Chris Douglas-Roberts,Rafer Alston,Sean Williams,Trenton Hassell,2,5:32,IND,shot,,,,,,,,,,Danny Granger,,,,missed,,jump,13,18
Brandon Rush,Dahntay Jones,Danny Granger,Josh McRoberts,T.J. Ford,Brook Lopez,Chris Douglas-Roberts,Rafer Alston,Sean Williams,Trenton Hassell,2,5:32,IND,rebound,,,,,,,,,,Josh McRoberts,,,,,,off,,
Brandon Rush,Dahntay Jones,Danny Granger,Josh McRoberts,T.J. Ford,Brook Lopez,Chris Douglas-Roberts,Rafer Alston,Sean Williams,Trenton Hassell,2,5:27,IND,shot,,,,,,,,,,Josh McRoberts,,,,missed,,layup,25,6
Brandon Rush,Dahntay Jones,Danny Granger,Josh McRoberts,T.J. Ford,Brook Lopez,Chris Douglas-Roberts,Rafer Alston,Sean Williams,Trenton Hassell,2,5:26,NJN,rebound,,,,,,,,,,Chris Douglas-Roberts,,,,,,def,,
Brandon Rush,Dahntay Jones,Danny Granger,Josh McRoberts,T.J. Ford,Brook Lopez,Chris Douglas-Roberts,Rafer Alston,Sean Williams,Trenton Hassell,2,5:22,IND,foul,,,,,,,,Chris Douglas-Roberts,,Josh McRoberts,,,,,,personal,,
Brandon Rush,Dahntay Jones,Danny Granger,Earl Watson,Josh McRoberts,Brook Lopez,Chris Douglas-Roberts,Rafer Alston,Sean Williams,Trenton Hassell,2,5:22,IND,sub,,,,Earl Watson,,T.J. Ford,,,,,,,,,,,,
Brandon Rush,Dahntay Jones,Danny Granger,Earl Watson,Josh McRoberts,Brook Lopez,Chris Douglas-Roberts,Rafer Alston,Sean Williams,Trenton Hassell,2,5:16,NJN,shot,,,,,,,,,,Chris Douglas-Roberts,2,,,made,,driving layup,25,6
Brandon Rush,Dahntay Jones,Danny Granger,Earl Watson,Josh McRoberts,Brook Lopez,Chris Douglas-Roberts,Rafer Alston,Sean Williams,Trenton Hassell,2,5:02,NJN,foul,,,,,,,,Danny Granger,,Sean Williams,,,,,,shooting,,
Brandon Rush,Dahntay Jones,Danny Granger,Earl Watson,Josh McRoberts,Brook Lopez,Chris Douglas-Roberts,Rafer Alston,Sean Williams,Trenton Hassell,2,5:02,IND,free throw,,,,,,,1,,2,Danny Granger,,,foul,made,,,,
Brandon Rush,Dahntay Jones,Danny Granger,Earl Watson,Josh McRoberts,Brook Lopez,Chris Douglas-Roberts,Rafer Alston,Sean Williams,Trenton Hassell,2,5:02,IND,free throw,,,,,,,2,,2,Danny Granger,,,foul,made,,,,
Brandon Rush,Dahntay Jones,Danny Granger,Earl Watson,Josh McRoberts,Brook Lopez,Chris Douglas-Roberts,Rafer Alston,Sean Williams,Trenton Hassell,2,4:45,NJN,shot,,,,,,,,,,Chris Douglas-Roberts,,,,missed,,jump,43,16
Brandon Rush,Dahntay Jones,Danny Granger,Earl Watson,Josh McRoberts,Brook Lopez,Chris Douglas-Roberts,Rafer Alston,Sean Williams,Trenton Hassell,2,4:44,NJN,rebound,,,,,,,,,,Sean Williams,,,,,,off,,
Brandon Rush,Dahntay Jones,Danny Granger,Earl Watson,Josh McRoberts,Brook Lopez,Chris Douglas-Roberts,Rafer Alston,Sean Williams,Trenton Hassell,2,4:43,NJN,shot,,,,,,,,,,Sean Williams,2,,,made,,tip,25,6
Brandon Rush,Dahntay Jones,Danny Granger,Earl Watson,Josh McRoberts,Brook Lopez,Chris Douglas-Roberts,Rafer Alston,Sean Williams,Trenton Hassell,2,4:28,IND,shot,,,Brook Lopez,,,,,,,Danny Granger,,,,missed,,driving layup,25,6
Brandon Rush,Dahntay Jones,Danny Granger,Earl Watson,Josh McRoberts,Brook Lopez,Chris Douglas-Roberts,Rafer Alston,Sean Williams,Trenton Hassell,2,4:27,IND,rebound,,,,,,,,,,Josh McRoberts,,,,,,off,,
Brandon Rush,Dahntay Jones,Danny Granger,Earl Watson,Josh McRoberts,Brook Lopez,Chris Douglas-Roberts,Rafer Alston,Sean Williams,Trenton Hassell,2,4:21,IND,shot,,,,,,,,,,Brandon Rush,,,,missed,,3pt,7,24
Brandon Rush,Dahntay Jones,Danny Granger,Earl Watson,Josh McRoberts,Brook Lopez,Chris Douglas-Roberts,Rafer Alston,Sean Williams,Trenton Hassell,2,4:20,NJN,rebound,,,,,,,,,,Trenton Hassell,,,,,,def,,
Brandon Rush,Dahntay Jones,Danny Granger,Earl Watson,Josh McRoberts,Brook Lopez,Chris Douglas-Roberts,Rafer Alston,Sean Williams,Trenton Hassell,2,4:04,NJN,shot,,,,,,,,,,Rafer Alston,,,,missed,,floating jump,24,15
Brandon Rush,Dahntay Jones,Danny Granger,Earl Watson,Josh McRoberts,Brook Lopez,Chris Douglas-Roberts,Rafer Alston,Sean Williams,Trenton Hassell,2,4:03,IND,rebound,,,,,,,,,,Danny Granger,,,,,,def,,
Brandon Rush,Dahntay Jones,Danny Granger,Earl Watson,Josh McRoberts,Brook Lopez,Chris Douglas-Roberts,Rafer Alston,Sean Williams,Trenton Hassell,2,3:57,NJN,foul,,,,,,,,Earl Watson,,Sean Williams,,,,,,shooting,,
Brandon Rush,Dahntay Jones,Danny Granger,Earl Watson,Josh McRoberts,Brook Lopez,Chris Douglas-Roberts,Rafer Alston,Sean Williams,Trenton Hassell,2,3:57,IND,free throw,,,,,,,1,,2,Earl Watson,,,foul,made,,,,
Brandon Rush,Dahntay Jones,Danny Granger,Earl Watson,Josh McRoberts,Brook Lopez,Chris Douglas-Roberts,Rafer Alston,Sean Williams,Trenton Hassell,2,3:57,IND,free throw,,,,,,,2,,2,Earl Watson,,,foul,made,,,,
Brandon Rush,Dahntay Jones,Danny Granger,Earl Watson,Josh McRoberts,Brook Lopez,Chris Douglas-Roberts,Rafer Alston,Sean Williams,Trenton Hassell,2,3:45,NJN,shot,Rafer Alston,,,,,,,,,Brook Lopez,2,,,made,,hook,31,12
Brandon Rush,Dahntay Jones,Danny Granger,Earl Watson,Josh McRoberts,Brook Lopez,Chris Douglas-Roberts,Rafer Alston,Sean Williams,Trenton Hassell,2,3:45,IND,foul,,,,,,,,Brook Lopez,,Josh McRoberts,,,,,,shooting,,
Brandon Rush,Dahntay Jones,Danny Granger,Earl Watson,Josh McRoberts,Brook Lopez,Chris Douglas-Roberts,Rafer Alston,Sean Williams,Trenton Hassell,2,3:45,NJN,free throw,,,,,,,1,,1,Brook Lopez,,,foul,made,,,,
Brandon Rush,Dahntay Jones,Danny Granger,Earl Watson,Josh McRoberts,Brook Lopez,Chris Douglas-Roberts,Rafer Alston,Sean Williams,Trenton Hassell,2,3:29,IND,shot,,,,,,,,,,Dahntay Jones,,,,missed,,jump,36,10
Brandon Rush,Dahntay Jones,Danny Granger,Earl Watson,Josh McRoberts,Brook Lopez,Chris Douglas-Roberts,Rafer Alston,Sean Williams,Trenton Hassell,2,3:28,NJN,rebound,,,,,,,,,,Sean Williams,,,,,,def,,
Brandon Rush,Dahntay Jones,Danny Granger,Earl Watson,Josh McRoberts,Brook Lopez,Chris Douglas-Roberts,Rafer Alston,Sean Williams,Trenton Hassell,2,3:23,NJN,shot,,,,,,,,,,Rafer Alston,2,,,made,,driving layup,25,6
Brandon Rush,Dahntay Jones,Danny Granger,Earl Watson,Josh McRoberts,Brook Lopez,Chris Douglas-Roberts,Rafer Alston,Sean Williams,Trenton Hassell,2,3:15,IND,timeout,,,,,,,,,,,,,,,,regular,,
Brandon Rush,Dahntay Jones,Danny Granger,Earl Watson,Solomon Jones,Brook Lopez,Chris Douglas-Roberts,Rafer Alston,Sean Williams,Trenton Hassell,2,3:15,IND,sub,,,,Solomon Jones,,Josh McRoberts,,,,,,,,,,,,
Brandon Rush,Dahntay Jones,Danny Granger,Earl Watson,Solomon Jones,Brook Lopez,Chris Douglas-Roberts,Rafer Alston,Sean Williams,Trenton Hassell,2,3:07,IND,turnover,,,,,,,,,,Solomon Jones,,,lost ball,,Rafer Alston,,,
Brandon Rush,Dahntay Jones,Danny Granger,Earl Watson,Solomon Jones,Brook Lopez,Chris Douglas-Roberts,Rafer Alston,Sean Williams,Trenton Hassell,2,3:03,NJN,shot,,,,,,,,,,Rafer Alston,,,,missed,,driving layup,25,6
Brandon Rush,Dahntay Jones,Danny Granger,Earl Watson,Solomon Jones,Brook Lopez,Chris Douglas-Roberts,Rafer Alston,Sean Williams,Trenton Hassell,2,3:02,NJN,rebound,,,,,,,,,,Trenton Hassell,,,,,,off,,
Brandon Rush,Dahntay Jones,Danny Granger,Earl Watson,Solomon Jones,Brook Lopez,Chris Douglas-Roberts,Rafer Alston,Sean Williams,Trenton Hassell,2,2:46,NJN,shot,,,,,,,,,,Chris Douglas-Roberts,,,,missed,,3pt,14,28
Brandon Rush,Dahntay Jones,Danny Granger,Earl Watson,Solomon Jones,Brook Lopez,Chris Douglas-Roberts,Rafer Alston,Sean Williams,Trenton Hassell,2,2:45,IND,rebound,,,,,,,,,,Brandon Rush,,,,,,def,,
Brandon Rush,Dahntay Jones,Danny Granger,Earl Watson,Solomon Jones,Brook Lopez,Chris Douglas-Roberts,Rafer Alston,Sean Williams,Trenton Hassell,2,2:34,IND,turnover,,,,,,,,,,Danny Granger,,,traveling,,,,,
Brandon Rush,Dahntay Jones,Danny Granger,Earl Watson,Solomon Jones,Brook Lopez,Chris Douglas-Roberts,Rafer Alston,Sean Williams,Trenton Hassell,2,2:07,NJN,shot,,,,,,,,,,Chris Douglas-Roberts,,,,missed,,3pt,17,31
Brandon Rush,Dahntay Jones,Danny Granger,Earl Watson,Solomon Jones,Brook Lopez,Chris Douglas-Roberts,Rafer Alston,Sean Williams,Trenton Hassell,2,2:06,IND,rebound,,,,,,,,,,Solomon Jones,,,,,,def,,
Brandon Rush,Dahntay Jones,Danny Granger,Earl Watson,Solomon Jones,Brook Lopez,Chris Douglas-Roberts,Rafer Alston,Sean Williams,Trenton Hassell,2,1:56,NJN,foul,,,,,,,,Dahntay Jones,,Sean Williams,,,,,,shooting,,
Brandon Rush,Dahntay Jones,Danny Granger,Earl Watson,Solomon Jones,Brook Lopez,Chris Douglas-Roberts,Rafer Alston,Sean Williams,Trenton Hassell,2,1:56,IND,free throw,,,,,,,1,,2,Dahntay Jones,,,foul,made,,,,
Dahntay Jones,Danny Granger,Earl Watson,Solomon Jones,T.J. Ford,Brook Lopez,Chris Douglas-Roberts,Rafer Alston,Sean Williams,Trenton Hassell,2,1:56,IND,sub,,,,T.J. Ford,,Brandon Rush,,,,,,,,,,,,
Dahntay Jones,Danny Granger,Earl Watson,Solomon Jones,T.J. Ford,Bobby Simmons,Brook Lopez,Chris Douglas-Roberts,Rafer Alston,Trenton Hassell,2,1:56,NJN,sub,,,,Bobby Simmons,,Sean Williams,,,,,,,,,,,,
Dahntay Jones,Danny Granger,Earl Watson,Solomon Jones,T.J. Ford,Bobby Simmons,Brook Lopez,Chris Douglas-Roberts,Rafer Alston,Trenton Hassell,2,1:56,IND,free throw,,,,,,,2,,2,Dahntay Jones,,,foul,made,,,,
Dahntay Jones,Danny Granger,Earl Watson,Solomon Jones,T.J. Ford,Bobby Simmons,Brook Lopez,Chris Douglas-Roberts,Rafer Alston,Trenton Hassell,2,1:32,NJN,shot,,,,,,,,,,Rafer Alston,2,,,made,,driving layup,25,6
Dahntay Jones,Danny Granger,Earl Watson,Solomon Jones,T.J. Ford,Bobby Simmons,Brook Lopez,Chris Douglas-Roberts,Rafer Alston,Trenton Hassell,2,1:19,IND,shot,,,,,,,,,,T.J. Ford,,,,missed,,driving reverse layup,25,6
Dahntay Jones,Danny Granger,Earl Watson,Solomon Jones,T.J. Ford,Bobby Simmons,Brook Lopez,Chris Douglas-Roberts,Rafer Alston,Trenton Hassell,2,1:17,NJN,rebound,,,,,,,,,,Chris Douglas-Roberts,,,,,,def,,
Dahntay Jones,Danny Granger,Earl Watson,Solomon Jones,T.J. Ford,Bobby Simmons,Brook Lopez,Chris Douglas-Roberts,Rafer Alston,Trenton Hassell,2,1:12,NJN,shot,,,,,,,,,,Chris Douglas-Roberts,,,,missed,,driving layup,25,6
Dahntay Jones,Danny Granger,Earl Watson,Solomon Jones,T.J. Ford,Bobby Simmons,Brook Lopez,Chris Douglas-Roberts,Rafer Alston,Trenton Hassell,2,1:11,NJN,rebound,,,,,,,,,,Trenton Hassell,,,,,,off,,
Dahntay Jones,Danny Granger,Earl Watson,Solomon Jones,T.J. Ford,Bobby Simmons,Brook Lopez,Chris Douglas-Roberts,Rafer Alston,Trenton Hassell,2,1:10,IND,foul,,,,,,,,Trenton Hassell,,Solomon Jones,,,,,,shooting,,
Dahntay Jones,Danny Granger,Earl Watson,Josh McRoberts,T.J. Ford,Bobby Simmons,Brook Lopez,Chris Douglas-Roberts,Rafer Alston,Trenton Hassell,2,1:10,IND,sub,,,,Josh McRoberts,,Solomon Jones,,,,,,,,,,,,
Dahntay Jones,Danny Granger,Earl Watson,Josh McRoberts,T.J. Ford,Bobby Simmons,Brook Lopez,Chris Douglas-Roberts,Rafer Alston,Trenton Hassell,2,1:10,NJN,free throw,,,,,,,1,,2,Trenton Hassell,,,foul,made,,,,
Dahntay Jones,Danny Granger,Earl Watson,Josh McRoberts,T.J. Ford,Bobby Simmons,Brook Lopez,Chris Douglas-Roberts,Rafer Alston,Trenton Hassell,2,1:10,NJN,free throw,,,,,,,2,,2,Trenton Hassell,,,foul,made,,,,
Dahntay Jones,Danny Granger,Earl Watson,Josh McRoberts,T.J. Ford,Bobby Simmons,Brook Lopez,Chris Douglas-Roberts,Rafer Alston,Trenton Hassell,2,1:02,NJN,foul,,,,,,,,Danny Granger,,Trenton Hassell,,,,,,personal,,
Dahntay Jones,Danny Granger,Earl Watson,Josh McRoberts,T.J. Ford,Bobby Simmons,Brook Lopez,Chris Douglas-Roberts,Rafer Alston,Terrence Williams,2,1:02,NJN,sub,,,,Terrence Williams,,Trenton Hassell,,,,,,,,,,,,
Dahntay Jones,Danny Granger,Earl Watson,Josh McRoberts,T.J. Ford,Bobby Simmons,Brook Lopez,Chris Douglas-Roberts,Rafer Alston,Terrence Williams,2,1:02,IND,free throw,,,,,,,1,,2,Danny Granger,,,foul,made,,,,
Dahntay Jones,Danny Granger,Earl Watson,Josh McRoberts,T.J. Ford,Bobby Simmons,Brook Lopez,Chris Douglas-Roberts,Rafer Alston,Terrence Williams,2,1:02,IND,free throw,,,,,,,2,,2,Danny Granger,,,foul,made,,,,
Dahntay Jones,Danny Granger,Earl Watson,Josh McRoberts,T.J. Ford,Bobby Simmons,Brook Lopez,Chris Douglas-Roberts,Rafer Alston,Terrence Williams,2,0:48,NJN,turnover,,,,,,,,,,Chris Douglas-Roberts,,,bad pass,,Danny Granger,,,
Dahntay Jones,Danny Granger,Earl Watson,Josh McRoberts,T.J. Ford,Bobby Simmons,Brook Lopez,Chris Douglas-Roberts,Rafer Alston,Terrence Williams,2,0:43,IND,shot,,,,,,,,,,Danny Granger,,,,missed,,3pt,12,27
Dahntay Jones,Danny Granger,Earl Watson,Josh McRoberts,T.J. Ford,Bobby Simmons,Brook Lopez,Chris Douglas-Roberts,Rafer Alston,Terrence Williams,2,0:42,IND,rebound,,,,,,,,,,,,,,,,,,
Dahntay Jones,Danny Granger,Earl Watson,Josh McRoberts,T.J. Ford,Bobby Simmons,Brook Lopez,Chris Douglas-Roberts,Rafer Alston,Terrence Williams,2,0:41,NJN,violation,,,,,,,,,,Brook Lopez,,,,,,defensive goaltending,,
Dahntay Jones,Danny Granger,Earl Watson,Josh McRoberts,T.J. Ford,Bobby Simmons,Brook Lopez,Chris Douglas-Roberts,Rafer Alston,Terrence Williams,2,0:41,IND,shot,Dahntay Jones,,,,,,,,,Danny Granger,2,,,made,,layup,25,6
Dahntay Jones,Danny Granger,Earl Watson,Josh McRoberts,T.J. Ford,Bobby Simmons,Brook Lopez,Chris Douglas-Roberts,Rafer Alston,Terrence Williams,2,0:28,NJN,shot,,,,,,,,,,Bobby Simmons,,,,missed,,3pt,18,30
Dahntay Jones,Danny Granger,Earl Watson,Josh McRoberts,T.J. Ford,Bobby Simmons,Brook Lopez,Chris Douglas-Roberts,Rafer Alston,Terrence Williams,2,0:28,IND,rebound,,,,,,,,,,Dahntay Jones,,,,,,def,,
Dahntay Jones,Danny Granger,Earl Watson,Josh McRoberts,T.J. Ford,Bobby Simmons,Brook Lopez,Chris Douglas-Roberts,Rafer Alston,Terrence Williams,2,0:04,IND,shot,,,,,,,,,,Earl Watson,,,,missed,,3pt,8,26
Dahntay Jones,Danny Granger,Earl Watson,Josh McRoberts,T.J. Ford,Bobby Simmons,Brook Lopez,Chris Douglas-Roberts,Rafer Alston,Terrence Williams,2,0:03,NJN,rebound,,,,,,,,,,Rafer Alston,,,,,,def,,
Dahntay Jones,Danny Granger,Earl Watson,Josh McRoberts,T.J. Ford,Bobby Simmons,Brook Lopez,Chris Douglas-Roberts,Rafer Alston,Terrence Williams,2,0:01,NJN,shot,,,,,,,,,,Rafer Alston,,,,missed,,3pt,18,35
Dahntay Jones,Danny Granger,Earl Watson,Josh McRoberts,T.J. Ford,Bobby Simmons,Brook Lopez,Chris Douglas-Roberts,Rafer Alston,Terrence Williams,2,0:00,NJN,rebound,,,,,,,,,,,,,,,,,,
Brandon Rush,Dahntay Jones,Danny Granger,Roy Hibbert,T.J. Ford,Brook Lopez,Chris Douglas-Roberts,Rafer Alston,Sean Williams,Trenton Hassell,3,11:40,NJN,shot,,,,,,,,,,Rafer Alston,,,,missed,,jump,32,24
Brandon Rush,Dahntay Jones,Danny Granger,Roy Hibbert,T.J. Ford,Brook Lopez,Chris Douglas-Roberts,Rafer Alston,Sean Williams,Trenton Hassell,3,11:39,IND,rebound,,,,,,,,,,Brandon Rush,,,,,,def,,
Brandon Rush,Dahntay Jones,Danny Granger,Roy Hibbert,T.J. Ford,Brook Lopez,Chris Douglas-Roberts,Rafer Alston,Sean Williams,Trenton Hassell,3,11:34,IND,turnover,,,,,,,,,,Roy Hibbert,,,step out of bounds turnover,,,,,
Brandon Rush,Dahntay Jones,Danny Granger,Roy Hibbert,T.J. Ford,Brook Lopez,Chris Douglas-Roberts,Rafer Alston,Sean Williams,Trenton Hassell,3,11:21,NJN,turnover,,,,,,,,,,Chris Douglas-Roberts,,,lost ball,,Dahntay Jones,,,
Brandon Rush,Dahntay Jones,Danny Granger,Roy Hibbert,T.J. Ford,Brook Lopez,Chris Douglas-Roberts,Rafer Alston,Sean Williams,Trenton Hassell,3,11:15,IND,shot,Dahntay Jones,,,,,,,,,Danny Granger,2,,,made,,dunk,25,6
Brandon Rush,Dahntay Jones,Danny Granger,Roy Hibbert,T.J. Ford,Brook Lopez,Chris Douglas-Roberts,Rafer Alston,Sean Williams,Trenton Hassell,3,10:59,NJN,shot,,,,,,,,,,Brook Lopez,,,,missed,,jump,33,25
Brandon Rush,Dahntay Jones,Danny Granger,Roy Hibbert,T.J. Ford,Brook Lopez,Chris Douglas-Roberts,Rafer Alston,Sean Williams,Trenton Hassell,3,10:58,IND,rebound,,,,,,,,,,Dahntay Jones,,,,,,def,,
Brandon Rush,Dahntay Jones,Danny Granger,Roy Hibbert,T.J. Ford,Brook Lopez,Chris Douglas-Roberts,Rafer Alston,Sean Williams,Trenton Hassell,3,10:44,IND,shot,Danny Granger,,,,,,,,,Brandon Rush,3,,,made,,3pt,24,30
Brandon Rush,Dahntay Jones,Danny Granger,Roy Hibbert,T.J. Ford,Brook Lopez,Chris Douglas-Roberts,Rafer Alston,Sean Williams,Trenton Hassell,3,10:19,NJN,foul,,,,,,,,Roy Hibbert,,Chris Douglas-Roberts,,,,,,offensive,,
Brandon Rush,Dahntay Jones,Danny Granger,Roy Hibbert,T.J. Ford,Brook Lopez,Chris Douglas-Roberts,Rafer Alston,Sean Williams,Trenton Hassell,3,10:19,NJN,turnover,,,,,,,,,,Chris Douglas-Roberts,,,foul,,,,,
Brandon Rush,Dahntay Jones,Danny Granger,Roy Hibbert,T.J. Ford,Brook Lopez,Chris Douglas-Roberts,Rafer Alston,Sean Williams,Trenton Hassell,3,9:59,IND,shot,,,,,,,,,,Dahntay Jones,,,,missed,,running jump,24,10
Brandon Rush,Dahntay Jones,Danny Granger,Roy Hibbert,T.J. Ford,Brook Lopez,Chris Douglas-Roberts,Rafer Alston,Sean Williams,Trenton Hassell,3,9:58,IND,rebound,,,,,,,,,,Roy Hibbert,,,,,,off,,
Brandon Rush,Dahntay Jones,Danny Granger,Roy Hibbert,T.J. Ford,Brook Lopez,Chris Douglas-Roberts,Rafer Alston,Sean Williams,Trenton Hassell,3,9:57,IND,shot,,,,,,,,,,Roy Hibbert,,,,missed,,tip,25,6
Brandon Rush,Dahntay Jones,Danny Granger,Roy Hibbert,T.J. Ford,Brook Lopez,Chris Douglas-Roberts,Rafer Alston,Sean Williams,Trenton Hassell,3,9:56,IND,rebound,,,,,,,,,,Roy Hibbert,,,,,,off,,
Brandon Rush,Dahntay Jones,Danny Granger,Roy Hibbert,T.J. Ford,Brook Lopez,Chris Douglas-Roberts,Rafer Alston,Sean Williams,Trenton Hassell,3,9:55,IND,shot,,,,,,,,,,Roy Hibbert,2,,,made,,layup,25,6
Brandon Rush,Dahntay Jones,Danny Granger,Roy Hibbert,T.J. Ford,Brook Lopez,Chris Douglas-Roberts,Rafer Alston,Sean Williams,Trenton Hassell,3,9:54,NJN,timeout,,,,,,,,,,,,,,,,regular,,
Brandon Rush,Dahntay Jones,Danny Granger,Roy Hibbert,T.J. Ford,Brook Lopez,Chris Douglas-Roberts,Rafer Alston,Sean Williams,Trenton Hassell,3,9:36,NJN,shot,,,,,,,,,,Sean Williams,,,,missed,,jump,39,7
Brandon Rush,Dahntay Jones,Danny Granger,Roy Hibbert,T.J. Ford,Brook Lopez,Chris Douglas-Roberts,Rafer Alston,Sean Williams,Trenton Hassell,3,9:34,IND,rebound,,,,,,,,,,Dahntay Jones,,,,,,def,,
Brandon Rush,Dahntay Jones,Danny Granger,Roy Hibbert,T.J. Ford,Brook Lopez,Chris Douglas-Roberts,Rafer Alston,Sean Williams,Trenton Hassell,3,9:21,IND,shot,,,,,,,,,,Danny Granger,,,,missed,,layup,25,6
Brandon Rush,Dahntay Jones,Danny Granger,Roy Hibbert,T.J. Ford,Brook Lopez,Chris Douglas-Roberts,Rafer Alston,Sean Williams,Trenton Hassell,3,9:20,IND,rebound,,,,,,,,,,Roy Hibbert,,,,,,off,,
Brandon Rush,Dahntay Jones,Danny Granger,Roy Hibbert,T.J. Ford,Brook Lopez,Chris Douglas-Roberts,Rafer Alston,Sean Williams,Trenton Hassell,3,9:18,IND,shot,,,,,,,,,,Roy Hibbert,2,,,made,,putback dunk,25,6
Brandon Rush,Dahntay Jones,Danny Granger,Roy Hibbert,T.J. Ford,Brook Lopez,Chris Douglas-Roberts,Rafer Alston,Sean Williams,Trenton Hassell,3,9:02,NJN,shot,Trenton Hassell,,,,,,,,,Brook Lopez,2,,,made,,slam dunk,25,6
Brandon Rush,Dahntay Jones,Danny Granger,Roy Hibbert,T.J. Ford,Brook Lopez,Chris Douglas-Roberts,Rafer Alston,Sean Williams,Trenton Hassell,3,8:47,IND,shot,,,,,,,,,,T.J. Ford,,,,missed,,jump,23,22
Brandon Rush,Dahntay Jones,Danny Granger,Roy Hibbert,T.J. Ford,Brook Lopez,Chris Douglas-Roberts,Rafer Alston,Sean Williams,Trenton Hassell,3,8:46,NJN,rebound,,,,,,,,,,Rafer Alston,,,,,,def,,
Brandon Rush,Dahntay Jones,Danny Granger,Roy Hibbert,T.J. Ford,Brook Lopez,Chris Douglas-Roberts,Rafer Alston,Sean Williams,Trenton Hassell,3,8:32,NJN,shot,,,,,,,,,,Brook Lopez,,,,missed,,hook,32,9
Brandon Rush,Dahntay Jones,Danny Granger,Roy Hibbert,T.J. Ford,Brook Lopez,Chris Douglas-Roberts,Rafer Alston,Sean Williams,Trenton Hassell,3,8:30,IND,rebound,,,,,,,,,,Dahntay Jones,,,,,,def,,
Brandon Rush,Dahntay Jones,Danny Granger,Roy Hibbert,T.J. Ford,Brook Lopez,Chris Douglas-Roberts,Rafer Alston,Sean Williams,Trenton Hassell,3,8:21,IND,shot,,,,,,,,,,Danny Granger,,,,missed,,3pt,37,28
Brandon Rush,Dahntay Jones,Danny Granger,Roy Hibbert,T.J. Ford,Brook Lopez,Chris Douglas-Roberts,Rafer Alston,Sean Williams,Trenton Hassell,3,8:19,NJN,rebound,,,,,,,,,,Trenton Hassell,,,,,,def,,
Brandon Rush,Dahntay Jones,Danny Granger,Roy Hibbert,T.J. Ford,Brook Lopez,Chris Douglas-Roberts,Rafer Alston,Sean Williams,Trenton Hassell,3,8:14,NJN,shot,,,Roy Hibbert,,,,,,,Rafer Alston,,,,missed,,jump,17,10
Brandon Rush,Dahntay Jones,Danny Granger,Roy Hibbert,T.J. Ford,Brook Lopez,Chris Douglas-Roberts,Rafer Alston,Sean Williams,Trenton Hassell,3,8:13,NJN,rebound,,,,,,,,,,Brook Lopez,,,,,,off,,
Brandon Rush,Dahntay Jones,Danny Granger,Roy Hibbert,T.J. Ford,Brook Lopez,Chris Douglas-Roberts,Rafer Alston,Sean Williams,Trenton Hassell,3,8:12,NJN,shot,,,,,,,,,,Brook Lopez,,,,missed,,layup,25,6
Brandon Rush,Dahntay Jones,Danny Granger,Roy Hibbert,T.J. Ford,Brook Lopez,Chris Douglas-Roberts,Rafer Alston,Sean Williams,Trenton Hassell,3,8:11,IND,rebound,,,,,,,,,,Danny Granger,,,,,,def,,
Brandon Rush,Dahntay Jones,Danny Granger,Roy Hibbert,T.J. Ford,Brook Lopez,Chris Douglas-Roberts,Rafer Alston,Sean Williams,Trenton Hassell,3,8:02,IND,shot,,,,,,,,,,Danny Granger,,,,missed,,driving layup,25,6
Brandon Rush,Dahntay Jones,Danny Granger,Roy Hibbert,T.J. Ford,Brook Lopez,Chris Douglas-Roberts,Rafer Alston,Sean Williams,Trenton Hassell,3,8:00,NJN,rebound,,,,,,,,,,Trenton Hassell,,,,,,def,,
Brandon Rush,Dahntay Jones,Danny Granger,Roy Hibbert,T.J. Ford,Brook Lopez,Chris Douglas-Roberts,Rafer Alston,Sean Williams,Trenton Hassell,3,7:47,NJN,shot,Chris Douglas-Roberts,,,,,,,,,Brook Lopez,2,,,made,,jump,44,16
Brandon Rush,Dahntay Jones,Danny Granger,Roy Hibbert,T.J. Ford,Brook Lopez,Chris Douglas-Roberts,Rafer Alston,Sean Williams,Trenton Hassell,3,7:20,IND,shot,,,Brook Lopez,,,,,,,T.J. Ford,,,,missed,,reverse layup,25,6
Brandon Rush,Dahntay Jones,Danny Granger,Roy Hibbert,T.J. Ford,Brook Lopez,Chris Douglas-Roberts,Rafer Alston,Sean Williams,Trenton Hassell,3,7:18,NJN,rebound,,,,,,,,,,Brook Lopez,,,,,,def,,
Brandon Rush,Dahntay Jones,Danny Granger,Roy Hibbert,T.J. Ford,Brook Lopez,Chris Douglas-Roberts,Rafer Alston,Sean Williams,Trenton Hassell,3,6:54,NJN,shot,,,,,,,,,,Chris Douglas-Roberts,,,,missed,,jump,31,16
Brandon Rush,Dahntay Jones,Danny Granger,Roy Hibbert,T.J. Ford,Brook Lopez,Chris Douglas-Roberts,Rafer Alston,Sean Williams,Trenton Hassell,3,6:53,IND,rebound,,,,,,,,,,,,,,,,,,
Brandon Rush,Dahntay Jones,Danny Granger,Solomon Jones,T.J. Ford,Brook Lopez,Chris Douglas-Roberts,Rafer Alston,Sean Williams,Trenton Hassell,3,6:53,IND,sub,,,,Solomon Jones,,Roy Hibbert,,,,,,,,,,,,
Brandon Rush,Dahntay Jones,Danny Granger,Luther Head,Solomon Jones,Brook Lopez,Chris Douglas-Roberts,Rafer Alston,Sean Williams,Trenton Hassell,3,6:53,IND,sub,,,,Luther Head,,T.J. Ford,,,,,,,,,,,,
Dahntay Jones,Danny Granger,Earl Watson,Luther Head,Solomon Jones,Brook Lopez,Chris Douglas-Roberts,Rafer Alston,Sean Williams,Trenton Hassell,3,6:53,IND,sub,,,,Earl Watson,,Brandon Rush,,,,,,,,,,,,
Dahntay Jones,Danny Granger,Earl Watson,Luther Head,Solomon Jones,Brook Lopez,Chris Douglas-Roberts,Rafer Alston,Terrence Williams,Trenton Hassell,3,6:53,NJN,sub,,,,Terrence Williams,,Sean Williams,,,,,,,,,,,,
Dahntay Jones,Danny Granger,Earl Watson,Luther Head,Solomon Jones,Brook Lopez,Chris Douglas-Roberts,Rafer Alston,Terrence Williams,Trenton Hassell,3,6:39,NJN,foul,,,,,,,,Earl Watson,,Brook Lopez,,,,,,personal,,
Dahntay Jones,Danny Granger,Earl Watson,Luther Head,Solomon Jones,Brook Lopez,Chris Douglas-Roberts,Rafer Alston,Terrence Williams,Trenton Hassell,3,6:25,IND,shot,,,,,,,,,,Solomon Jones,,,,missed,,jump,10,7
Dahntay Jones,Danny Granger,Earl Watson,Luther Head,Solomon Jones,Brook Lopez,Chris Douglas-Roberts,Rafer Alston,Terrence Williams,Trenton Hassell,3,6:24,NJN,rebound,,,,,,,,,,Brook Lopez,,,,,,def,,
Dahntay Jones,Danny Granger,Earl Watson,Luther Head,Solomon Jones,Brook Lopez,Chris Douglas-Roberts,Rafer Alston,Terrence Williams,Trenton Hassell,3,6:06,NJN,turnover,,,,,,,,,,Brook Lopez,,,bad pass,,,,,
Dahntay Jones,Danny Granger,Earl Watson,Luther Head,Solomon Jones,Brook Lopez,Chris Douglas-Roberts,Rafer Alston,Terrence Williams,Trenton Hassell,3,5:50,NJN,foul,,,,,,,,Earl Watson,,Chris Douglas-Roberts,,,,,,personal,,
Dahntay Jones,Earl Watson,Luther Head,Solomon Jones,Tyler Hansbrough,Brook Lopez,Chris Douglas-Roberts,Rafer Alston,Terrence Williams,Trenton Hassell,3,5:50,IND,sub,,,,Tyler Hansbrough,,Danny Granger,,,,,,,,,,,,
Dahntay Jones,Earl Watson,Luther Head,Solomon Jones,Tyler Hansbrough,Brook Lopez,Chris Douglas-Roberts,Rafer Alston,Terrence Williams,Trenton Hassell,3,5:36,IND,turnover,,,,,,,,,,,,,shot clock turnover,,,,,
Dahntay Jones,Earl Watson,Luther Head,Solomon Jones,Tyler Hansbrough,Brook Lopez,Chris Douglas-Roberts,Rafer Alston,Terrence Williams,Trenton Hassell,3,5:24,NJN,shot,,,,,,,,,,Chris Douglas-Roberts,2,,,made,,driving layup,25,6
Dahntay Jones,Earl Watson,Luther Head,Solomon Jones,Tyler Hansbrough,Brook Lopez,Chris Douglas-Roberts,Rafer Alston,Terrence Williams,Trenton Hassell,3,5:24,IND,foul,,,,,,,,Chris Douglas-Roberts,,Luther Head,,,,,,shooting,,
Dahntay Jones,Earl Watson,Luther Head,Solomon Jones,Tyler Hansbrough,Brook Lopez,Chris Douglas-Roberts,Rafer Alston,Terrence Williams,Trenton Hassell,3,5:24,NJN,free throw,,,,,,,1,,1,Chris Douglas-Roberts,,,foul,made,,,,
Dahntay Jones,Earl Watson,Luther Head,Solomon Jones,Tyler Hansbrough,Brook Lopez,Chris Douglas-Roberts,Rafer Alston,Terrence Williams,Trenton Hassell,3,5:07,IND,shot,,,,,,,,,,Tyler Hansbrough,,,,missed,,jump,33,11
Dahntay Jones,Earl Watson,Luther Head,Solomon Jones,Tyler Hansbrough,Brook Lopez,Chris Douglas-Roberts,Rafer Alston,Terrence Williams,Trenton Hassell,3,5:05,NJN,rebound,,,,,,,,,,,,,,,,,,
Dahntay Jones,Earl Watson,Luther Head,Solomon Jones,Tyler Hansbrough,Brook Lopez,Chris Douglas-Roberts,Josh Boone,Rafer Alston,Terrence Williams,3,5:05,NJN,sub,,,,Josh Boone,,Trenton Hassell,,,,,,,,,,,,
Dahntay Jones,Earl Watson,Luther Head,Solomon Jones,Tyler Hansbrough,Brook Lopez,Chris Douglas-Roberts,Josh Boone,Rafer Alston,Terrence Williams,3,4:43,NJN,shot,Chris Douglas-Roberts,,,,,,,,,Terrence Williams,2,,,made,,jump,38,22
Dahntay Jones,Earl Watson,Luther Head,Solomon Jones,Tyler Hansbrough,Brook Lopez,Chris Douglas-Roberts,Josh Boone,Rafer Alston,Terrence Williams,3,4:27,IND,shot,,,,,,,,,,Dahntay Jones,,,,missed,,driving layup,25,6
Dahntay Jones,Earl Watson,Luther Head,Solomon Jones,Tyler Hansbrough,Brook Lopez,Chris Douglas-Roberts,Josh Boone,Rafer Alston,Terrence Williams,3,4:25,IND,rebound,,,,,,,,,,Luther Head,,,,,,off,,
Dahntay Jones,Earl Watson,Luther Head,Solomon Jones,Tyler Hansbrough,Brook Lopez,Chris Douglas-Roberts,Josh Boone,Rafer Alston,Terrence Williams,3,4:23,IND,shot,Luther Head,,,,,,,,,Solomon Jones,2,,,made,,slam dunk,25,6
Dahntay Jones,Earl Watson,Luther Head,Solomon Jones,Tyler Hansbrough,Brook Lopez,Chris Douglas-Roberts,Josh Boone,Rafer Alston,Terrence Williams,3,4:07,NJN,turnover,,,,,,,,,,Rafer Alston,,,bad pass,,,,,
Brandon Rush,Earl Watson,Luther Head,Solomon Jones,Tyler Hansbrough,Brook Lopez,Chris Douglas-Roberts,Josh Boone,Rafer Alston,Terrence Williams,3,4:07,IND,sub,,,,Brandon Rush,,Dahntay Jones,,,,,,,,,,,,
Brandon Rush,Earl Watson,Luther Head,Solomon Jones,Tyler Hansbrough,Brook Lopez,Chris Douglas-Roberts,Josh Boone,Rafer Alston,Terrence Williams,3,3:46,IND,shot,,,,,,,,,,Luther Head,,,,missed,,3pt,2,5
Brandon Rush,Earl Watson,Luther Head,Solomon Jones,Tyler Hansbrough,Brook Lopez,Chris Douglas-Roberts,Josh Boone,Rafer Alston,Terrence Williams,3,3:45,NJN,rebound,,,,,,,,,,Brook Lopez,,,,,,def,,
Brandon Rush,Earl Watson,Luther Head,Solomon Jones,Tyler Hansbrough,Brook Lopez,Chris Douglas-Roberts,Josh Boone,Rafer Alston,Terrence Williams,3,3:39,NJN,shot,,,,,,,,,,Chris Douglas-Roberts,2,,,made,,jump,40,17
Brandon Rush,Earl Watson,Luther Head,Solomon Jones,Tyler Hansbrough,Brook Lopez,Chris Douglas-Roberts,Josh Boone,Rafer Alston,Terrence Williams,3,3:28,IND,shot,,,,,,,,,,Brandon Rush,,,,missed,,driving layup,25,6
Brandon Rush,Earl Watson,Luther Head,Solomon Jones,Tyler Hansbrough,Brook Lopez,Chris Douglas-Roberts,Josh Boone,Rafer Alston,Terrence Williams,3,3:27,NJN,rebound,,,,,,,,,,Josh Boone,,,,,,def,,
Brandon Rush,Earl Watson,Luther Head,Solomon Jones,Tyler Hansbrough,Brook Lopez,Chris Douglas-Roberts,Josh Boone,Rafer Alston,Terrence Williams,3,3:19,NJN,turnover,,,,,,,,,,Terrence Williams,,,lost ball,,Solomon Jones,,,
Brandon Rush,Earl Watson,Luther Head,Solomon Jones,Tyler Hansbrough,Brook Lopez,Chris Douglas-Roberts,Josh Boone,Rafer Alston,Terrence Williams,3,3:12,IND,shot,,,,,,,,,,Earl Watson,,,,missed,,layup,25,6
Brandon Rush,Earl Watson,Luther Head,Solomon Jones,Tyler Hansbrough,Brook Lopez,Chris Douglas-Roberts,Josh Boone,Rafer Alston,Terrence Williams,3,3:10,NJN,rebound,,,,,,,,,,Rafer Alston,,,,,,def,,
Brandon Rush,Earl Watson,Luther Head,Solomon Jones,Tyler Hansbrough,Brook Lopez,Chris Douglas-Roberts,Josh Boone,Rafer Alston,Terrence Williams,3,3:04,NJN,shot,,,Solomon Jones,,,,,,,Brook Lopez,,,,missed,,dunk,25,6
Brandon Rush,Earl Watson,Luther Head,Solomon Jones,Tyler Hansbrough,Brook Lopez,Chris Douglas-Roberts,Josh Boone,Rafer Alston,Terrence Williams,3,3:03,NJN,rebound,,,,,,,,,,Brook Lopez,,,,,,off,,
Brandon Rush,Earl Watson,Luther Head,Solomon Jones,Tyler Hansbrough,Brook Lopez,Chris Douglas-Roberts,Josh Boone,Rafer Alston,Terrence Williams,3,3:02,IND,foul,,,,,,,,Brook Lopez,,Solomon Jones,,,,,,shooting,,
Brandon Rush,Earl Watson,Luther Head,Solomon Jones,Tyler Hansbrough,Brook Lopez,Chris Douglas-Roberts,Josh Boone,Rafer Alston,Terrence Williams,3,3:02,NJN,free throw,,,,,,,1,,2,Brook Lopez,,,foul,made,,,,
Brandon Rush,Earl Watson,Luther Head,Solomon Jones,Tyler Hansbrough,Brook Lopez,Chris Douglas-Roberts,Josh Boone,Rafer Alston,Terrence Williams,3,3:02,NJN,free throw,,,,,,,2,,2,Brook Lopez,,,foul,missed,,,,
Brandon Rush,Earl Watson,Luther Head,Solomon Jones,Tyler Hansbrough,Brook Lopez,Chris Douglas-Roberts,Josh Boone,Rafer Alston,Terrence Williams,3,3:01,IND,rebound,,,,,,,,,,Tyler Hansbrough,,,,,,def,,
Brandon Rush,Earl Watson,Luther Head,Solomon Jones,Tyler Hansbrough,Brook Lopez,Chris Douglas-Roberts,Josh Boone,Rafer Alston,Terrence Williams,3,2:40,IND,turnover,,,,,,,,,,Brandon Rush,,,bad pass,,Rafer Alston,,,
Brandon Rush,Earl Watson,Luther Head,Solomon Jones,Tyler Hansbrough,Brook Lopez,Chris Douglas-Roberts,Josh Boone,Rafer Alston,Terrence Williams,3,2:28,NJN,shot,,,,,,,,,,Rafer Alston,,,,missed,,driving layup,25,6
Brandon Rush,Earl Watson,Luther Head,Solomon Jones,Tyler Hansbrough,Brook Lopez,Chris Douglas-Roberts,Josh Boone,Rafer Alston,Terrence Williams,3,2:27,IND,rebound,,,,,,,,,,Solomon Jones,,,,,,def,,
Brandon Rush,Earl Watson,Luther Head,Solomon Jones,Tyler Hansbrough,Brook Lopez,Chris Douglas-Roberts,Josh Boone,Rafer Alston,Terrence Williams,3,2:21,IND,shot,,,,,,,,,,Brandon Rush,,,,missed,,3pt,44,22
Brandon Rush,Earl Watson,Luther Head,Solomon Jones,Tyler Hansbrough,Brook Lopez,Chris Douglas-Roberts,Josh Boone,Rafer Alston,Terrence Williams,3,2:20,NJN,rebound,,,,,,,,,,Terrence Williams,,,,,,def,,
Brandon Rush,Earl Watson,Luther Head,Solomon Jones,Tyler Hansbrough,Brook Lopez,Chris Douglas-Roberts,Josh Boone,Rafer Alston,Terrence Williams,3,2:13,NJN,shot,,,,,,,,,,Terrence Williams,,,,missed,,3pt,19,31
Brandon Rush,Earl Watson,Luther Head,Solomon Jones,Tyler Hansbrough,Brook Lopez,Chris Douglas-Roberts,Josh Boone,Rafer Alston,Terrence Williams,3,2:11,IND,rebound,,,,,,,,,,Tyler Hansbrough,,,,,,def,,
Brandon Rush,Earl Watson,Luther Head,Solomon Jones,Tyler Hansbrough,Brook Lopez,Chris Douglas-Roberts,Josh Boone,Rafer Alston,Terrence Williams,3,2:06,IND,foul,,,,,,,,Brook Lopez,,Solomon Jones,,,,,,offensive,,
Brandon Rush,Earl Watson,Luther Head,Solomon Jones,Tyler Hansbrough,Brook Lopez,Chris Douglas-Roberts,Josh Boone,Rafer Alston,Terrence Williams,3,2:06,IND,turnover,,,,,,,,,,Solomon Jones,,,foul,,,,,
Brandon Rush,Earl Watson,Luther Head,Solomon Jones,Tyler Hansbrough,Brook Lopez,Chris Douglas-Roberts,Josh Boone,Rafer Alston,Terrence Williams,3,2:06,IND,timeout,,,,,,,,,,,,,,,,regular,,
Brandon Rush,Earl Watson,Luther Head,Roy Hibbert,Tyler Hansbrough,Brook Lopez,Chris Douglas-Roberts,Josh Boone,Rafer Alston,Terrence Williams,3,2:06,IND,sub,,,,Roy Hibbert,,Solomon Jones,,,,,,,,,,,,
Brandon Rush,Earl Watson,Luther Head,Roy Hibbert,Tyler Hansbrough,Bobby Simmons,Brook Lopez,Chris Douglas-Roberts,Josh Boone,Rafer Alston,3,2:06,NJN,sub,,,,Bobby Simmons,,Terrence Williams,,,,,,,,,,,,
Brandon Rush,Earl Watson,Luther Head,Roy Hibbert,Tyler Hansbrough,Bobby Simmons,Brook Lopez,Chris Douglas-Roberts,Josh Boone,Rafer Alston,3,1:47,NJN,turnover,,,,,,,,,,Brook Lopez,,,bad pass,,Brandon Rush,,,
Brandon Rush,Earl Watson,Luther Head,Roy Hibbert,Tyler Hansbrough,Bobby Simmons,Brook Lopez,Chris Douglas-Roberts,Josh Boone,Rafer Alston,3,1:24,IND,shot,,,,,,,,,,Brandon Rush,,,,missed,,jump,41,17
Brandon Rush,Earl Watson,Luther Head,Roy Hibbert,Tyler Hansbrough,Bobby Simmons,Brook Lopez,Chris Douglas-Roberts,Josh Boone,Rafer Alston,3,1:22,NJN,rebound,,,,,,,,,,,,,,,,,,
Brandon Rush,Earl Watson,Luther Head,Roy Hibbert,Tyler Hansbrough,Bobby Simmons,Brook Lopez,Chris Douglas-Roberts,Josh Boone,Rafer Alston,3,1:03,NJN,shot,,,Luther Head,,,,,,,Chris Douglas-Roberts,,,,missed,,layup,25,6
Brandon Rush,Earl Watson,Luther Head,Roy Hibbert,Tyler Hansbrough,Bobby Simmons,Brook Lopez,Chris Douglas-Roberts,Josh Boone,Rafer Alston,3,1:02,NJN,rebound,,,,,,,,,,Chris Douglas-Roberts,,,,,,off,,
Brandon Rush,Earl Watson,Luther Head,Roy Hibbert,Tyler Hansbrough,Bobby Simmons,Brook Lopez,Chris Douglas-Roberts,Josh Boone,Rafer Alston,3,1:00,NJN,shot,,,,,,,,,,Chris Douglas-Roberts,2,,,made,,tip,25,6
Brandon Rush,Earl Watson,Luther Head,Roy Hibbert,Tyler Hansbrough,Bobby Simmons,Brook Lopez,Chris Douglas-Roberts,Josh Boone,Rafer Alston,3,0:45,NJN,foul,,,,,,,,Brandon Rush,,Chris Douglas-Roberts,,,,,,shooting,,
Brandon Rush,Earl Watson,Luther Head,Roy Hibbert,Tyler Hansbrough,Bobby Simmons,Brook Lopez,Chris Douglas-Roberts,Josh Boone,Rafer Alston,3,0:45,IND,free throw,,,,,,,1,,2,Brandon Rush,,,foul,made,,,,
Brandon Rush,Earl Watson,Luther Head,Roy Hibbert,Tyler Hansbrough,Bobby Simmons,Brook Lopez,Josh Boone,Rafer Alston,Trenton Hassell,3,0:45,NJN,sub,,,,Trenton Hassell,,Chris Douglas-Roberts,,,,,,,,,,,,
Brandon Rush,Earl Watson,Luther Head,Roy Hibbert,Tyler Hansbrough,Bobby Simmons,Brook Lopez,Josh Boone,Rafer Alston,Trenton Hassell,3,0:45,IND,free throw,,,,,,,2,,2,Brandon Rush,,,foul,made,,,,
Brandon Rush,Earl Watson,Luther Head,Roy Hibbert,Tyler Hansbrough,Bobby Simmons,Brook Lopez,Josh Boone,Rafer Alston,Trenton Hassell,3,0:28,IND,foul,,,,,,,,Bobby Simmons,,Brandon Rush,,,,,,personal,,
Brandon Rush,Earl Watson,Luther Head,Roy Hibbert,Tyler Hansbrough,Bobby Simmons,Brook Lopez,Josh Boone,Rafer Alston,Trenton Hassell,3,0:13,NJN,shot,,,,,,,,,,Brook Lopez,,,,missed,,jump,11,18
Brandon Rush,Earl Watson,Luther Head,Roy Hibbert,Tyler Hansbrough,Bobby Simmons,Brook Lopez,Josh Boone,Rafer Alston,Trenton Hassell,3,0:11,IND,rebound,,,,,,,,,,Brandon Rush,,,,,,def,,
Brandon Rush,Earl Watson,Luther Head,Roy Hibbert,Tyler Hansbrough,Bobby Simmons,Brook Lopez,Josh Boone,Rafer Alston,Trenton Hassell,3,0:01,IND,turnover,,,,,,,,,,Earl Watson,,,lost ball,,Rafer Alston,,,
Dahntay Jones,Danny Granger,Roy Hibbert,T.J. Ford,Tyler Hansbrough,Bobby Simmons,Brook Lopez,Josh Boone,Rafer Alston,Trenton Hassell,4,11:46,IND,shot,,,Brook Lopez,,,,,,,Dahntay Jones,,,,missed,,running jump,27,15
Dahntay Jones,Danny Granger,Roy Hibbert,T.J. Ford,Tyler Hansbrough,Bobby Simmons,Brook Lopez,Josh Boone,Rafer Alston,Trenton Hassell,4,11:44,NJN,rebound,,,,,,,,,,Rafer Alston,,,,,,def,,
Dahntay Jones,Danny Granger,Roy Hibbert,T.J. Ford,Tyler Hansbrough,Bobby Simmons,Brook Lopez,Josh Boone,Rafer Alston,Trenton Hassell,4,11:29,NJN,shot,,,,,,,,,,Bobby Simmons,,,,missed,,3pt,3,8
Dahntay Jones,Danny Granger,Roy Hibbert,T.J. Ford,Tyler Hansbrough,Bobby Simmons,Brook Lopez,Josh Boone,Rafer Alston,Trenton Hassell,4,11:28,IND,rebound,,,,,,,,,,Danny Granger,,,,,,def,,
Dahntay Jones,Danny Granger,Roy Hibbert,T.J. Ford,Tyler Hansbrough,Bobby Simmons,Brook Lopez,Josh Boone,Rafer Alston,Trenton Hassell,4,11:09,IND,shot,Tyler Hansbrough,,,,,,,,,Roy Hibbert,2,,,made,,layup,25,6
Dahntay Jones,Danny Granger,Roy Hibbert,T.J. Ford,Tyler Hansbrough,Bobby Simmons,Brook Lopez,Josh Boone,Rafer Alston,Trenton Hassell,4,10:56,NJN,shot,Trenton Hassell,,,,,,,,,Bobby Simmons,3,,,made,,3pt,48,7
Dahntay Jones,Danny Granger,Roy Hibbert,T.J. Ford,Tyler Hansbrough,Bobby Simmons,Brook Lopez,Josh Boone,Rafer Alston,Trenton Hassell,4,10:41,NJN,foul,,,,,,,,Dahntay Jones,,Bobby Simmons,,,,,,shooting,,
Dahntay Jones,Danny Granger,Roy Hibbert,T.J. Ford,Tyler Hansbrough,Bobby Simmons,Brook Lopez,Josh Boone,Rafer Alston,Trenton Hassell,4,10:41,IND,free throw,,,,,,,1,,2,Dahntay Jones,,,foul,made,,,,
Dahntay Jones,Danny Granger,Roy Hibbert,T.J. Ford,Tyler Hansbrough,Bobby Simmons,Brook Lopez,Chris Douglas-Roberts,Josh Boone,Trenton Hassell,4,10:41,NJN,sub,,,,Chris Douglas-Roberts,,Rafer Alston,,,,,,,,,,,,
Dahntay Jones,Danny Granger,Roy Hibbert,T.J. Ford,Tyler Hansbrough,Bobby Simmons,Brook Lopez,Chris Douglas-Roberts,Josh Boone,Trenton Hassell,4,10:41,IND,free throw,,,,,,,2,,2,Dahntay Jones,,,foul,made,,,,
Dahntay Jones,Danny Granger,Roy Hibbert,T.J. Ford,Tyler Hansbrough,Bobby Simmons,Brook Lopez,Chris Douglas-Roberts,Josh Boone,Trenton Hassell,4,10:28,NJN,turnover,,,,,,,,,,Josh Boone,,,bad pass,,Roy Hibbert,,,
Dahntay Jones,Danny Granger,Roy Hibbert,T.J. Ford,Tyler Hansbrough,Bobby Simmons,Brook Lopez,Chris Douglas-Roberts,Josh Boone,Trenton Hassell,4,10:08,IND,shot,,,,,,,,,,Dahntay Jones,2,,,made,,jump,13,19
Dahntay Jones,Danny Granger,Roy Hibbert,T.J. Ford,Tyler Hansbrough,Bobby Simmons,Brook Lopez,Chris Douglas-Roberts,Josh Boone,Trenton Hassell,4,9:57,IND,foul,,,,,,,,Josh Boone,,T.J. Ford,,,,,,personal,,
Brandon Rush,Dahntay Jones,Danny Granger,Roy Hibbert,T.J. Ford,Bobby Simmons,Brook Lopez,Chris Douglas-Roberts,Josh Boone,Trenton Hassell,4,9:57,IND,sub,,,,Brandon Rush,,Tyler Hansbrough,,,,,,,,,,,,
Brandon Rush,Dahntay Jones,Danny Granger,Roy Hibbert,T.J. Ford,Bobby Simmons,Brook Lopez,Chris Douglas-Roberts,Josh Boone,Trenton Hassell,4,9:50,NJN,shot,,,Danny Granger,,,,,,,Chris Douglas-Roberts,,,,missed,,layup,25,6
Brandon Rush,Dahntay Jones,Danny Granger,Roy Hibbert,T.J. Ford,Bobby Simmons,Brook Lopez,Chris Douglas-Roberts,Josh Boone,Trenton Hassell,4,9:44,IND,rebound,,,,,,,,,,T.J. Ford,,,,,,def,,
Brandon Rush,Dahntay Jones,Danny Granger,Roy Hibbert,T.J. Ford,Bobby Simmons,Brook Lopez,Chris Douglas-Roberts,Josh Boone,Trenton Hassell,4,9:43,NJN,foul,,,,,,,,T.J. Ford,,Brook Lopez,,,,,,personal,,
Brandon Rush,Dahntay Jones,Danny Granger,Roy Hibbert,T.J. Ford,Bobby Simmons,Brook Lopez,Chris Douglas-Roberts,Josh Boone,Trenton Hassell,4,9:22,IND,shot,,,,,,,,,,Dahntay Jones,,,,missed,,jump,15,21
Brandon Rush,Dahntay Jones,Danny Granger,Roy Hibbert,T.J. Ford,Bobby Simmons,Brook Lopez,Chris Douglas-Roberts,Josh Boone,Trenton Hassell,4,9:21,NJN,rebound,,,,,,,,,,Josh Boone,,,,,,def,,
Brandon Rush,Dahntay Jones,Danny Granger,Roy Hibbert,T.J. Ford,Bobby Simmons,Brook Lopez,Chris Douglas-Roberts,Josh Boone,Trenton Hassell,4,9:13,NJN,shot,,,,,,,,,,Bobby Simmons,,,,missed,,reverse layup,25,6
Brandon Rush,Dahntay Jones,Danny Granger,Roy Hibbert,T.J. Ford,Bobby Simmons,Brook Lopez,Chris Douglas-Roberts,Josh Boone,Trenton Hassell,4,9:12,NJN,rebound,,,,,,,,,,,,,,,,,,
Brandon Rush,Dahntay Jones,Danny Granger,Roy Hibbert,T.J. Ford,Bobby Simmons,Chris Douglas-Roberts,Josh Boone,Terrence Williams,Trenton Hassell,4,9:12,NJN,sub,,,,Terrence Williams,,Brook Lopez,,,,,,,,,,,,
Brandon Rush,Dahntay Jones,Danny Granger,Roy Hibbert,T.J. Ford,Bobby Simmons,Chris Douglas-Roberts,Josh Boone,Terrence Williams,Trenton Hassell,4,9:01,NJN,shot,,,Roy Hibbert,,,,,,,Terrence Williams,,,,missed,,layup,25,6
Brandon Rush,Dahntay Jones,Danny Granger,Roy Hibbert,T.J. Ford,Bobby Simmons,Chris Douglas-Roberts,Josh Boone,Terrence Williams,Trenton Hassell,4,9:00,IND,rebound,,,,,,,,,,T.J. Ford,,,,,,def,,
Brandon Rush,Dahntay Jones,Danny Granger,Roy Hibbert,T.J. Ford,Bobby Simmons,Chris Douglas-Roberts,Josh Boone,Terrence Williams,Trenton Hassell,4,8:58,NJN,foul,,,,,,,,Dahntay Jones,,Bobby Simmons,,,,,,shooting,,
Brandon Rush,Dahntay Jones,Danny Granger,Roy Hibbert,T.J. Ford,Bobby Simmons,Chris Douglas-Roberts,Josh Boone,Terrence Williams,Trenton Hassell,4,8:58,IND,timeout,,,,,,,,,,,,,,,,official,,
Brandon Rush,Dahntay Jones,Danny Granger,Roy Hibbert,T.J. Ford,Chris Douglas-Roberts,Josh Boone,Rafer Alston,Terrence Williams,Trenton Hassell,4,8:58,NJN,sub,,,,Rafer Alston,,Bobby Simmons,,,,,,,,,,,,
Brandon Rush,Dahntay Jones,Danny Granger,Roy Hibbert,T.J. Ford,Brook Lopez,Chris Douglas-Roberts,Rafer Alston,Terrence Williams,Trenton Hassell,4,8:58,NJN,sub,,,,Brook Lopez,,Josh Boone,,,,,,,,,,,,
Brandon Rush,Dahntay Jones,Danny Granger,Roy Hibbert,T.J. Ford,Brook Lopez,Chris Douglas-Roberts,Rafer Alston,Terrence Williams,Trenton Hassell,4,8:58,IND,free throw,,,,,,,1,,2,Dahntay Jones,,,foul,missed,,,,
Brandon Rush,Dahntay Jones,Danny Granger,Roy Hibbert,T.J. Ford,Brook Lopez,Chris Douglas-Roberts,Rafer Alston,Terrence Williams,Trenton Hassell,4,8:58,IND,rebound,,,,,,,,,,,,,,,,,,
Brandon Rush,Dahntay Jones,Danny Granger,Roy Hibbert,T.J. Ford,Brook Lopez,Chris Douglas-Roberts,Rafer Alston,Terrence Williams,Trenton Hassell,4,8:58,IND,free throw,,,,,,,2,,2,Dahntay Jones,,,foul,missed,,,,
Brandon Rush,Dahntay Jones,Danny Granger,Roy Hibbert,T.J. Ford,Brook Lopez,Chris Douglas-Roberts,Rafer Alston,Terrence Williams,Trenton Hassell,4,8:57,NJN,rebound,,,,,,,,,,Brook Lopez,,,,,,def,,
Brandon Rush,Dahntay Jones,Danny Granger,Roy Hibbert,T.J. Ford,Brook Lopez,Chris Douglas-Roberts,Rafer Alston,Terrence Williams,Trenton Hassell,4,8:35,NJN,shot,,,,,,,,,,Terrence Williams,,,,missed,,3pt,12,27
Brandon Rush,Dahntay Jones,Danny Granger,Roy Hibbert,T.J. Ford,Brook Lopez,Chris Douglas-Roberts,Rafer Alston,Terrence Williams,Trenton Hassell,4,8:34,IND,rebound,,,,,,,,,,Roy Hibbert,,,,,,def,,
Brandon Rush,Dahntay Jones,Danny Granger,Roy Hibbert,T.J. Ford,Brook Lopez,Chris Douglas-Roberts,Rafer Alston,Terrence Williams,Trenton Hassell,4,8:28,IND,shot,,,,,,,,,,Dahntay Jones,,,,missed,,driving layup,25,6
Brandon Rush,Dahntay Jones,Danny Granger,Roy Hibbert,T.J. Ford,Brook Lopez,Chris Douglas-Roberts,Rafer Alston,Terrence Williams,Trenton Hassell,4,8:27,NJN,rebound,,,,,,,,,,Brook Lopez,,,,,,def,,
Brandon Rush,Dahntay Jones,Danny Granger,Roy Hibbert,T.J. Ford,Brook Lopez,Chris Douglas-Roberts,Rafer Alston,Terrence Williams,Trenton Hassell,4,8:17,NJN,shot,,,,,,,,,,Brook Lopez,,,,missed,,jump,16,23
Brandon Rush,Dahntay Jones,Danny Granger,Roy Hibbert,T.J. Ford,Brook Lopez,Chris Douglas-Roberts,Rafer Alston,Terrence Williams,Trenton Hassell,4,8:16,IND,rebound,,,,,,,,,,Dahntay Jones,,,,,,def,,
Brandon Rush,Dahntay Jones,Danny Granger,Roy Hibbert,T.J. Ford,Brook Lopez,Chris Douglas-Roberts,Rafer Alston,Terrence Williams,Trenton Hassell,4,7:53,IND,shot,,,,,,,,,,Roy Hibbert,,,,missed,,hook,18,10
Brandon Rush,Dahntay Jones,Danny Granger,Roy Hibbert,T.J. Ford,Brook Lopez,Chris Douglas-Roberts,Rafer Alston,Terrence Williams,Trenton Hassell,4,7:52,NJN,rebound,,,,,,,,,,Chris Douglas-Roberts,,,,,,def,,
Brandon Rush,Dahntay Jones,Danny Granger,Roy Hibbert,T.J. Ford,Brook Lopez,Chris Douglas-Roberts,Rafer Alston,Terrence Williams,Trenton Hassell,4,7:48,IND,foul,,,,,,,,Chris Douglas-Roberts,,Brandon Rush,,,,,,personal,,
Brandon Rush,Dahntay Jones,Danny Granger,Roy Hibbert,T.J. Ford,Bobby Simmons,Brook Lopez,Chris Douglas-Roberts,Rafer Alston,Trenton Hassell,4,7:48,NJN,sub,,,,Bobby Simmons,,Terrence Williams,,,,,,,,,,,,
Brandon Rush,Dahntay Jones,Danny Granger,Roy Hibbert,T.J. Ford,Bobby Simmons,Brook Lopez,Chris Douglas-Roberts,Rafer Alston,Trenton Hassell,4,7:38,NJN,shot,,,,,,,,,,Rafer Alston,,,,missed,,jump,32,21
Brandon Rush,Dahntay Jones,Danny Granger,Roy Hibbert,T.J. Ford,Bobby Simmons,Brook Lopez,Chris Douglas-Roberts,Rafer Alston,Trenton Hassell,4,7:37,IND,rebound,,,,,,,,,,Roy Hibbert,,,,,,def,,
Brandon Rush,Dahntay Jones,Danny Granger,Roy Hibbert,T.J. Ford,Bobby Simmons,Brook Lopez,Chris Douglas-Roberts,Rafer Alston,Trenton Hassell,4,7:22,NJN,foul,,,,,,,,Danny Granger,,Brook Lopez,,,,,,shooting,,
Brandon Rush,Dahntay Jones,Danny Granger,Roy Hibbert,T.J. Ford,Bobby Simmons,Brook Lopez,Chris Douglas-Roberts,Rafer Alston,Trenton Hassell,4,7:22,IND,free throw,,,,,,,1,,2,Danny Granger,,,foul,made,,,,
Brandon Rush,Dahntay Jones,Danny Granger,Roy Hibbert,T.J. Ford,Bobby Simmons,Brook Lopez,Chris Douglas-Roberts,Rafer Alston,Trenton Hassell,4,7:22,IND,free throw,,,,,,,2,,2,Danny Granger,,,foul,made,,,,
Brandon Rush,Dahntay Jones,Danny Granger,Roy Hibbert,T.J. Ford,Bobby Simmons,Brook Lopez,Chris Douglas-Roberts,Rafer Alston,Trenton Hassell,4,7:06,IND,foul,,,,,,,,Rafer Alston,,Danny Granger,,,,,,shooting,,
Brandon Rush,Dahntay Jones,Danny Granger,Roy Hibbert,T.J. Ford,Bobby Simmons,Brook Lopez,Chris Douglas-Roberts,Rafer Alston,Trenton Hassell,4,7:06,NJN,free throw,,,,,,,1,,2,Rafer Alston,,,foul,made,,,,
Brandon Rush,Dahntay Jones,Danny Granger,Roy Hibbert,T.J. Ford,Bobby Simmons,Brook Lopez,Chris Douglas-Roberts,Rafer Alston,Trenton Hassell,4,7:06,NJN,free throw,,,,,,,2,,2,Rafer Alston,,,foul,made,,,,
Brandon Rush,Dahntay Jones,Danny Granger,Roy Hibbert,T.J. Ford,Bobby Simmons,Brook Lopez,Chris Douglas-Roberts,Rafer Alston,Trenton Hassell,4,6:45,IND,shot,T.J. Ford,,,,,,,,,Roy Hibbert,2,,,made,,layup,25,6
Brandon Rush,Dahntay Jones,Danny Granger,Roy Hibbert,T.J. Ford,Bobby Simmons,Brook Lopez,Chris Douglas-Roberts,Rafer Alston,Trenton Hassell,4,6:25,NJN,shot,,,,,,,,,,Chris Douglas-Roberts,,,,missed,,jump,14,17
Brandon Rush,Dahntay Jones,Danny Granger,Roy Hibbert,T.J. Ford,Bobby Simmons,Brook Lopez,Chris Douglas-Roberts,Rafer Alston,Trenton Hassell,4,6:24,IND,rebound,,,,,,,,,,T.J. Ford,,,,,,def,,
Brandon Rush,Dahntay Jones,Danny Granger,Roy Hibbert,T.J. Ford,Bobby Simmons,Brook Lopez,Chris Douglas-Roberts,Rafer Alston,Trenton Hassell,4,6:15,IND,shot,,,,,,,,,,T.J. Ford,,,,missed,,jump,14,21
Brandon Rush,Dahntay Jones,Danny Granger,Roy Hibbert,T.J. Ford,Bobby Simmons,Brook Lopez,Chris Douglas-Roberts,Rafer Alston,Trenton Hassell,4,6:13,NJN,rebound,,,,,,,,,,Bobby Simmons,,,,,,def,,
Brandon Rush,Dahntay Jones,Danny Granger,Roy Hibbert,T.J. Ford,Bobby Simmons,Brook Lopez,Chris Douglas-Roberts,Rafer Alston,Trenton Hassell,4,5:57,NJN,shot,Rafer Alston,,,,,,,,,Brook Lopez,2,,,made,,jump,34,15
Brandon Rush,Dahntay Jones,Danny Granger,Roy Hibbert,T.J. Ford,Bobby Simmons,Brook Lopez,Chris Douglas-Roberts,Rafer Alston,Trenton Hassell,4,5:38,IND,shot,,,,,,,,,,Dahntay Jones,,,,missed,,layup,25,6
Brandon Rush,Dahntay Jones,Danny Granger,Roy Hibbert,T.J. Ford,Bobby Simmons,Brook Lopez,Chris Douglas-Roberts,Rafer Alston,Trenton Hassell,4,5:37,IND,rebound,,,,,,,,,,Roy Hibbert,,,,,,off,,
Brandon Rush,Dahntay Jones,Danny Granger,Roy Hibbert,T.J. Ford,Bobby Simmons,Brook Lopez,Chris Douglas-Roberts,Rafer Alston,Trenton Hassell,4,5:36,IND,shot,,,,,,,,,,Roy Hibbert,2,,,made,,tip,25,6
Brandon Rush,Dahntay Jones,Danny Granger,Roy Hibbert,T.J. Ford,Bobby Simmons,Brook Lopez,Chris Douglas-Roberts,Rafer Alston,Trenton Hassell,4,5:36,NJN,timeout,,,,,,,,,,,,,,,,regular,,
Brandon Rush,Dahntay Jones,Danny Granger,Roy Hibbert,T.J. Ford,Bobby Simmons,Brook Lopez,Chris Douglas-Roberts,Rafer Alston,Trenton Hassell,4,5:18,NJN,shot,,,,,,,,,,Brook Lopez,,,,missed,,jump,24,25
Brandon Rush,Dahntay Jones,Danny Granger,Roy Hibbert,T.J. Ford,Bobby Simmons,Brook Lopez,Chris Douglas-Roberts,Rafer Alston,Trenton Hassell,4,5:17,IND,rebound,,,,,,,,,,T.J. Ford,,,,,,def,,
Brandon Rush,Dahntay Jones,Danny Granger,Roy Hibbert,T.J. Ford,Bobby Simmons,Brook Lopez,Chris Douglas-Roberts,Rafer Alston,Trenton Hassell,4,4:56,IND,shot,,,Brook Lopez,,,,,,,Brandon Rush,,,,missed,,jump,20,13
Brandon Rush,Dahntay Jones,Danny Granger,Roy Hibbert,T.J. Ford,Bobby Simmons,Brook Lopez,Chris Douglas-Roberts,Rafer Alston,Trenton Hassell,4,4:54,NJN,rebound,,,,,,,,,,Brook Lopez,,,,,,def,,
Brandon Rush,Dahntay Jones,Danny Granger,Roy Hibbert,T.J. Ford,Bobby Simmons,Brook Lopez,Chris Douglas-Roberts,Rafer Alston,Trenton Hassell,4,4:51,IND,foul,,,,,,,,Chris Douglas-Roberts,,Dahntay Jones,,,,,,shooting,,
Brandon Rush,Dahntay Jones,Danny Granger,Roy Hibbert,T.J. Ford,Bobby Simmons,Brook Lopez,Chris Douglas-Roberts,Rafer Alston,Trenton Hassell,4,4:51,NJN,free throw,,,,,,,1,,2,Chris Douglas-Roberts,,,foul,made,,,,
Brandon Rush,Dahntay Jones,Danny Granger,Roy Hibbert,T.J. Ford,Bobby Simmons,Brook Lopez,Chris Douglas-Roberts,Rafer Alston,Trenton Hassell,4,4:51,NJN,free throw,,,,,,,2,,2,Chris Douglas-Roberts,,,foul,made,,,,
Brandon Rush,Dahntay Jones,Danny Granger,Roy Hibbert,T.J. Ford,Bobby Simmons,Brook Lopez,Chris Douglas-Roberts,Rafer Alston,Trenton Hassell,4,4:37,IND,turnover,,,,,,,,,,Brandon Rush,,,out of bounds lost ball turnover,,,,,
Brandon Rush,Dahntay Jones,Danny Granger,Roy Hibbert,T.J. Ford,Bobby Simmons,Brook Lopez,Chris Douglas-Roberts,Rafer Alston,Trenton Hassell,4,4:29,IND,foul,,,,,,,,Rafer Alston,,T.J. Ford,,,,,,shooting,,
Brandon Rush,Dahntay Jones,Danny Granger,Roy Hibbert,T.J. Ford,Bobby Simmons,Brook Lopez,Chris Douglas-Roberts,Rafer Alston,Trenton Hassell,4,4:29,NJN,free throw,,,,,,,1,,2,Rafer Alston,,,foul,made,,,,
Dahntay Jones,Danny Granger,Earl Watson,Roy Hibbert,T.J. Ford,Bobby Simmons,Brook Lopez,Chris Douglas-Roberts,Rafer Alston,Trenton Hassell,4,4:29,IND,sub,,,,Earl Watson,,Brandon Rush,,,,,,,,,,,,
Dahntay Jones,Danny Granger,Earl Watson,Roy Hibbert,T.J. Ford,Bobby Simmons,Brook Lopez,Chris Douglas-Roberts,Rafer Alston,Trenton Hassell,4,4:29,NJN,free throw,,,,,,,2,,2,Rafer Alston,,,foul,made,,,,
Dahntay Jones,Danny Granger,Earl Watson,Roy Hibbert,T.J. Ford,Bobby Simmons,Brook Lopez,Chris Douglas-Roberts,Rafer Alston,Trenton Hassell,4,4:15,IND,shot,,,,,,,,,,Danny Granger,2,,,made,,layup,25,6
Dahntay Jones,Danny Granger,Earl Watson,Roy Hibbert,T.J. Ford,Bobby Simmons,Brook Lopez,Chris Douglas-Roberts,Rafer Alston,Trenton Hassell,4,4:02,NJN,shot,,,,,,,,,,Chris Douglas-Roberts,2,,,made,,running jump,34,14
Dahntay Jones,Danny Granger,Earl Watson,Roy Hibbert,T.J. Ford,Bobby Simmons,Brook Lopez,Chris Douglas-Roberts,Rafer Alston,Trenton Hassell,4,3:49,NJN,foul,,,,,,,,Danny Granger,,Trenton Hassell,,,,,,shooting,,
Dahntay Jones,Danny Granger,Earl Watson,Roy Hibbert,T.J. Ford,Bobby Simmons,Brook Lopez,Chris Douglas-Roberts,Rafer Alston,Trenton Hassell,4,3:49,IND,free throw,,,,,,,1,,2,Danny Granger,,,foul,made,,,,
Dahntay Jones,Danny Granger,Earl Watson,Roy Hibbert,T.J. Ford,Bobby Simmons,Brook Lopez,Chris Douglas-Roberts,Rafer Alston,Trenton Hassell,4,3:49,IND,free throw,,,,,,,2,,2,Danny Granger,,,foul,made,,,,
Dahntay Jones,Danny Granger,Earl Watson,Roy Hibbert,T.J. Ford,Bobby Simmons,Brook Lopez,Chris Douglas-Roberts,Rafer Alston,Trenton Hassell,4,3:32,NJN,shot,,,Roy Hibbert,,,,,,,Brook Lopez,,,,missed,,layup,25,6
Dahntay Jones,Danny Granger,Earl Watson,Roy Hibbert,T.J. Ford,Bobby Simmons,Brook Lopez,Chris Douglas-Roberts,Rafer Alston,Trenton Hassell,4,3:31,NJN,rebound,,,,,,,,,,Brook Lopez,,,,,,off,,
Dahntay Jones,Danny Granger,Earl Watson,Roy Hibbert,T.J. Ford,Bobby Simmons,Brook Lopez,Chris Douglas-Roberts,Rafer Alston,Trenton Hassell,4,3:30,NJN,shot,,,,,,,,,,Brook Lopez,2,,,made,,tip,25,6
Dahntay Jones,Danny Granger,Earl Watson,Roy Hibbert,T.J. Ford,Bobby Simmons,Brook Lopez,Chris Douglas-Roberts,Rafer Alston,Trenton Hassell,4,3:17,IND,shot,,,,,,,,,,Danny Granger,,,,missed,,jump,17,22
Dahntay Jones,Danny Granger,Earl Watson,Roy Hibbert,T.J. Ford,Bobby Simmons,Brook Lopez,Chris Douglas-Roberts,Rafer Alston,Trenton Hassell,4,3:16,NJN,rebound,,,,,,,,,,Chris Douglas-Roberts,,,,,,def,,
Dahntay Jones,Danny Granger,Earl Watson,Roy Hibbert,T.J. Ford,Bobby Simmons,Brook Lopez,Chris Douglas-Roberts,Rafer Alston,Trenton Hassell,4,3:06,NJN,shot,,,,,,,,,,Chris Douglas-Roberts,2,,,made,,jump,17,20
Dahntay Jones,Danny Granger,Earl Watson,Roy Hibbert,T.J. Ford,Bobby Simmons,Brook Lopez,Chris Douglas-Roberts,Rafer Alston,Trenton Hassell,4,2:54,IND,timeout,,,,,,,,,,,,,,,,regular,,
Dahntay Jones,Danny Granger,Earl Watson,Roy Hibbert,T.J. Ford,Bobby Simmons,Brook Lopez,Chris Douglas-Roberts,Rafer Alston,Trenton Hassell,4,2:44,IND,shot,,,,,,,,,,T.J. Ford,,,,missed,,jump,30,17
Dahntay Jones,Danny Granger,Earl Watson,Roy Hibbert,T.J. Ford,Bobby Simmons,Brook Lopez,Chris Douglas-Roberts,Rafer Alston,Trenton Hassell,4,2:43,NJN,rebound,,,,,,,,,,Rafer Alston,,,,,,def,,
Dahntay Jones,Danny Granger,Earl Watson,Roy Hibbert,T.J. Ford,Bobby Simmons,Brook Lopez,Chris Douglas-Roberts,Rafer Alston,Trenton Hassell,4,2:20,NJN,shot,,,,,,,,,,Brook Lopez,,,,missed,,jump,29,14
Dahntay Jones,Danny Granger,Earl Watson,Roy Hibbert,T.J. Ford,Bobby Simmons,Brook Lopez,Chris Douglas-Roberts,Rafer Alston,Trenton Hassell,4,2:19,IND,rebound,,,,,,,,,,Earl Watson,,,,,,def,,
Dahntay Jones,Danny Granger,Earl Watson,Roy Hibbert,T.J. Ford,Bobby Simmons,Brook Lopez,Chris Douglas-Roberts,Rafer Alston,Trenton Hassell,4,1:58,IND,shot,Danny Granger,,,,,,,,,Earl Watson,3,,,made,,3pt,49,6
Dahntay Jones,Danny Granger,Earl Watson,Roy Hibbert,T.J. Ford,Bobby Simmons,Brook Lopez,Chris Douglas-Roberts,Rafer Alston,Trenton Hassell,4,1:58,NJN,timeout,,,,,,,,,,,,,,,,short,,
Dahntay Jones,Danny Granger,Earl Watson,Roy Hibbert,T.J. Ford,Bobby Simmons,Brook Lopez,Chris Douglas-Roberts,Rafer Alston,Trenton Hassell,4,1:49,IND,foul,,,,,,,,Chris Douglas-Roberts,,T.J. Ford,,,,,,shooting,,
Dahntay Jones,Danny Granger,Earl Watson,Roy Hibbert,T.J. Ford,Bobby Simmons,Brook Lopez,Chris Douglas-Roberts,Rafer Alston,Trenton Hassell,4,1:49,NJN,free throw,,,,,,,1,,2,Chris Douglas-Roberts,,,foul,made,,,,
Dahntay Jones,Danny Granger,Earl Watson,Roy Hibbert,T.J. Ford,Bobby Simmons,Brook Lopez,Chris Douglas-Roberts,Rafer Alston,Trenton Hassell,4,1:49,NJN,free throw,,,,,,,2,,2,Chris Douglas-Roberts,,,foul,made,,,,
Dahntay Jones,Danny Granger,Earl Watson,Roy Hibbert,T.J. Ford,Bobby Simmons,Brook Lopez,Chris Douglas-Roberts,Rafer Alston,Trenton Hassell,4,1:28,IND,shot,,,,,,,,,,T.J. Ford,2,,,made,,jump,20,24
Dahntay Jones,Danny Granger,Earl Watson,Roy Hibbert,T.J. Ford,Bobby Simmons,Brook Lopez,Chris Douglas-Roberts,Rafer Alston,Trenton Hassell,4,1:23,IND,foul,,,,,,,,Rafer Alston,,Earl Watson,,,,,,personal,,
Dahntay Jones,Danny Granger,Earl Watson,Roy Hibbert,T.J. Ford,Bobby Simmons,Brook Lopez,Chris Douglas-Roberts,Rafer Alston,Trenton Hassell,4,1:23,NJN,free throw,,,,,,,1,,2,Rafer Alston,,,foul,made,,,,
Dahntay Jones,Danny Granger,Earl Watson,Roy Hibbert,T.J. Ford,Bobby Simmons,Brook Lopez,Chris Douglas-Roberts,Rafer Alston,Trenton Hassell,4,1:23,NJN,free throw,,,,,,,2,,2,Rafer Alston,,,foul,made,,,,
Dahntay Jones,Danny Granger,Earl Watson,Roy Hibbert,T.J. Ford,Bobby Simmons,Brook Lopez,Chris Douglas-Roberts,Rafer Alston,Trenton Hassell,4,0:59,IND,shot,Roy Hibbert,,,,,,,,,Dahntay Jones,2,,,made,,jump,18,10
Dahntay Jones,Danny Granger,Earl Watson,Roy Hibbert,T.J. Ford,Bobby Simmons,Brook Lopez,Chris Douglas-Roberts,Rafer Alston,Trenton Hassell,4,0:59,NJN,timeout,,,,,,,,,,,,,,,,regular,,
Dahntay Jones,Danny Granger,Earl Watson,Roy Hibbert,T.J. Ford,Bobby Simmons,Brook Lopez,Chris Douglas-Roberts,Rafer Alston,Trenton Hassell,4,0:53,NJN,shot,,,Dahntay Jones,,,,,,,Chris Douglas-Roberts,,,,missed,,layup,25,6
Dahntay Jones,Danny Granger,Earl Watson,Roy Hibbert,T.J. Ford,Bobby Simmons,Brook Lopez,Chris Douglas-Roberts,Rafer Alston,Trenton Hassell,4,0:53,NJN,rebound,,,,,,,,,,Chris Douglas-Roberts,,,,,,off,,
Dahntay Jones,Danny Granger,Earl Watson,Roy Hibbert,T.J. Ford,Bobby Simmons,Brook Lopez,Chris Douglas-Roberts,Rafer Alston,Trenton Hassell,4,0:52,NJN,shot,,,,,,,,,,Chris Douglas-Roberts,,,,missed,,jump,17,6
Dahntay Jones,Danny Granger,Earl Watson,Roy Hibbert,T.J. Ford,Bobby Simmons,Brook Lopez,Chris Douglas-Roberts,Rafer Alston,Trenton Hassell,4,0:50,NJN,rebound,,,,,,,,,,Brook Lopez,,,,,,off,,
Dahntay Jones,Danny Granger,Earl Watson,Roy Hibbert,T.J. Ford,Bobby Simmons,Brook Lopez,Chris Douglas-Roberts,Rafer Alston,Trenton Hassell,4,0:49,NJN,shot,,,,,,,,,,Brook Lopez,,,,missed,,layup,25,6
Dahntay Jones,Danny Granger,Earl Watson,Roy Hibbert,T.J. Ford,Bobby Simmons,Brook Lopez,Chris Douglas-Roberts,Rafer Alston,Trenton Hassell,4,0:48,IND,rebound,,,,,,,,,,Roy Hibbert,,,,,,def,,
Dahntay Jones,Danny Granger,Earl Watson,Roy Hibbert,T.J. Ford,Bobby Simmons,Brook Lopez,Chris Douglas-Roberts,Rafer Alston,Trenton Hassell,4,0:43,NJN,foul,,,,,,,,T.J. Ford,,Trenton Hassell,,,,,,personal,,
Dahntay Jones,Danny Granger,Earl Watson,Roy Hibbert,T.J. Ford,Bobby Simmons,Brook Lopez,Chris Douglas-Roberts,Rafer Alston,Trenton Hassell,4,0:43,IND,free throw,,,,,,,1,,2,T.J. Ford,,,foul,missed,,,,
Dahntay Jones,Danny Granger,Earl Watson,Roy Hibbert,T.J. Ford,Bobby Simmons,Brook Lopez,Chris Douglas-Roberts,Rafer Alston,Trenton Hassell,4,0:43,IND,rebound,,,,,,,,,,,,,,,,,,
Dahntay Jones,Danny Granger,Earl Watson,Roy Hibbert,T.J. Ford,Bobby Simmons,Brook Lopez,Chris Douglas-Roberts,Rafer Alston,Trenton Hassell,4,0:43,IND,free throw,,,,,,,2,,2,T.J. Ford,,,foul,missed,,,,
Dahntay Jones,Danny Granger,Earl Watson,Roy Hibbert,T.J. Ford,Bobby Simmons,Brook Lopez,Chris Douglas-Roberts,Rafer Alston,Trenton Hassell,4,0:43,NJN,rebound,,,,,,,,,,Bobby Simmons,,,,,,def,,
Dahntay Jones,Danny Granger,Earl Watson,Roy Hibbert,T.J. Ford,Bobby Simmons,Brook Lopez,Chris Douglas-Roberts,Rafer Alston,Trenton Hassell,4,0:43,NJN,timeout,,,,,,,,,,,,,,,,short,,
Dahntay Jones,Danny Granger,Earl Watson,Roy Hibbert,T.J. Ford,Bobby Simmons,Brook Lopez,Chris Douglas-Roberts,Rafer Alston,Trenton Hassell,4,0:40,NJN,shot,,,,,,,,,,Rafer Alston,,,,missed,,3pt,12,28
Dahntay Jones,Danny Granger,Earl Watson,Roy Hibbert,T.J. Ford,Bobby Simmons,Brook Lopez,Chris Douglas-Roberts,Rafer Alston,Trenton Hassell,4,0:39,NJN,rebound,,,,,,,,,,,,,,,,,,
Dahntay Jones,Danny Granger,Earl Watson,Roy Hibbert,T.J. Ford,Bobby Simmons,Brook Lopez,Chris Douglas-Roberts,Rafer Alston,Trenton Hassell,4,0:34,NJN,shot,,,,,,,,,,Trenton Hassell,2,,,made,,layup,25,6
Dahntay Jones,Danny Granger,Earl Watson,Roy Hibbert,T.J. Ford,Bobby Simmons,Brook Lopez,Chris Douglas-Roberts,Rafer Alston,Trenton Hassell,4,0:30,NJN,foul,,,,,,,,T.J. Ford,,Brook Lopez,,,,,,personal,,
Dahntay Jones,Danny Granger,Earl Watson,Roy Hibbert,T.J. Ford,Bobby Simmons,Brook Lopez,Chris Douglas-Roberts,Rafer Alston,Trenton Hassell,4,0:30,IND,free throw,,,,,,,1,,2,T.J. Ford,,,foul,made,,,,
Dahntay Jones,Danny Granger,Earl Watson,Roy Hibbert,T.J. Ford,Bobby Simmons,Brook Lopez,Chris Douglas-Roberts,Rafer Alston,Trenton Hassell,4,0:30,IND,free throw,,,,,,,2,,2,T.J. Ford,,,foul,missed,,,,
Dahntay Jones,Danny Granger,Earl Watson,Roy Hibbert,T.J. Ford,Bobby Simmons,Brook Lopez,Chris Douglas-Roberts,Rafer Alston,Trenton Hassell,4,0:29,NJN,rebound,,,,,,,,,,Brook Lopez,,,,,,def,,
Dahntay Jones,Danny Granger,Earl Watson,Roy Hibbert,T.J. Ford,Bobby Simmons,Brook Lopez,Chris Douglas-Roberts,Rafer Alston,Trenton Hassell,4,0:18,NJN,shot,,,,,,,,,,Chris Douglas-Roberts,,,,missed,,3pt,11,27
Dahntay Jones,Danny Granger,Earl Watson,Roy Hibbert,T.J. Ford,Bobby Simmons,Brook Lopez,Chris Douglas-Roberts,Rafer Alston,Trenton Hassell,4,0:17,IND,rebound,,,,,,,,,,Danny Granger,,,,,,def,,
