a1,a2,a3,a4,a5,h1,h2,h3,h4,h5,period,time,team,etype,assist,away,block,entered,home,left,num,opponent,outof,player,points,possession,reason,result,steal,type,x,y
Dwyane Wade,Jermaine O'Neal,Mario Chalmers,Michael Beasley,Quentin Richardson,Arron Afflalo,Carmelo Anthony,Chauncey Billups,Kenyon Martin,Nene Hilario,1,12:00,OFF,jump ball,,Jermaine O'Neal,,,Nene Hilario,,,,,,,Michael Beasley,,,,,,
Dwyane Wade,Jermaine O'Neal,Mario Chalmers,Michael Beasley,Quentin Richardson,Arron Afflalo,Carmelo Anthony,Chauncey Billups,Kenyon Martin,Nene Hilario,1,11:38,MIA,shot,,,,,,,,,,Jermaine O'Neal,2,,,made,,jump,39,9
Dwyane Wade,Jermaine O'Neal,Mario Chalmers,Michael Beasley,Quentin Richardson,Arron Afflalo,Carmelo Anthony,Chauncey Billups,Kenyon Martin,Nene Hilario,1,11:22,DEN,shot,,,,,,,,,,Kenyon Martin,,,,missed,,running hook,32,10
Dwyane Wade,Jermaine O'Neal,Mario Chalmers,Michael Beasley,Quentin Richardson,Arron Afflalo,Carmelo Anthony,Chauncey Billups,Kenyon Martin,Nene Hilario,1,11:22,MIA,rebound,,,,,,,,,,Michael Beasley,,,,,,def,,
Dwyane Wade,Jermaine O'Neal,Mario Chalmers,Michael Beasley,Quentin Richardson,Arron Afflalo,Carmelo Anthony,Chauncey Billups,Kenyon Martin,Nene Hilario,1,11:11,MIA,shot,,,,,,,,,,Jermaine O'Neal,,,,missed,,turnaround jump,25,14
Dwyane Wade,Jermaine O'Neal,Mario Chalmers,Michael Beasley,Quentin Richardson,Arron Afflalo,Carmelo Anthony,Chauncey Billups,Kenyon Martin,Nene Hilario,1,11:10,DEN,rebound,,,,,,,,,,Arron Afflalo,,,,,,def,,
Dwyane Wade,Jermaine O'Neal,Mario Chalmers,Michael Beasley,Quentin Richardson,Arron Afflalo,Carmelo Anthony,Chauncey Billups,Kenyon Martin,Nene Hilario,1,10:58,DEN,shot,,,,,,,,,,Kenyon Martin,,,,missed,,driving reverse layup,25,6
Dwyane Wade,Jermaine O'Neal,Mario Chalmers,Michael Beasley,Quentin Richardson,Arron Afflalo,Carmelo Anthony,Chauncey Billups,Kenyon Martin,Nene Hilario,1,10:57,MIA,rebound,,,,,,,,,,Michael Beasley,,,,,,def,,
Dwyane Wade,Jermaine O'Neal,Mario Chalmers,Michael Beasley,Quentin Richardson,Arron Afflalo,Carmelo Anthony,Chauncey Billups,Kenyon Martin,Nene Hilario,1,10:47,MIA,shot,,,,,,,,,,Mario Chalmers,,,,missed,,3pt,12,29
Dwyane Wade,Jermaine O'Neal,Mario Chalmers,Michael Beasley,Quentin Richardson,Arron Afflalo,Carmelo Anthony,Chauncey Billups,Kenyon Martin,Nene Hilario,1,10:47,DEN,rebound,,,,,,,,,,Arron Afflalo,,,,,,def,,
Dwyane Wade,Jermaine O'Neal,Mario Chalmers,Michael Beasley,Quentin Richardson,Arron Afflalo,Carmelo Anthony,Chauncey Billups,Kenyon Martin,Nene Hilario,1,10:35,DEN,shot,,,,,,,,,,Carmelo Anthony,,,,missed,,running hook,18,11
Dwyane Wade,Jermaine O'Neal,Mario Chalmers,Michael Beasley,Quentin Richardson,Arron Afflalo,Carmelo Anthony,Chauncey Billups,Kenyon Martin,Nene Hilario,1,10:34,DEN,rebound,,,,,,,,,,Arron Afflalo,,,,,,off,,
Dwyane Wade,Jermaine O'Neal,Mario Chalmers,Michael Beasley,Quentin Richardson,Arron Afflalo,Carmelo Anthony,Chauncey Billups,Kenyon Martin,Nene Hilario,1,10:31,MIA,foul,,,,,,,,,,Jermaine O'Neal,,,,,,defense 3 second,,
Dwyane Wade,Jermaine O'Neal,Mario Chalmers,Michael Beasley,Quentin Richardson,Arron Afflalo,Carmelo Anthony,Chauncey Billups,Kenyon Martin,Nene Hilario,1,10:31,DEN,free throw,,,,,,,1,,1,Chauncey Billups,,,technical,made,,,,
Dwyane Wade,Jermaine O'Neal,Mario Chalmers,Michael Beasley,Quentin Richardson,Arron Afflalo,Carmelo Anthony,Chauncey Billups,Kenyon Martin,Nene Hilario,1,10:24,DEN,shot,,,,,,,,,,Nene Hilario,,,,missed,,turnaround jump,,
Dwyane Wade,Jermaine O'Neal,Mario Chalmers,Michael Beasley,Quentin Richardson,Arron Afflalo,Carmelo Anthony,Chauncey Billups,Kenyon Martin,Nene Hilario,1,10:24,MIA,rebound,,,,,,,,,,Quentin Richardson,,,,,,def,,
Dwyane Wade,Jermaine O'Neal,Mario Chalmers,Michael Beasley,Quentin Richardson,Arron Afflalo,Carmelo Anthony,Chauncey Billups,Kenyon Martin,Nene Hilario,1,10:01,MIA,shot,,,,,,,,,,Michael Beasley,,,,missed,,jump,15,22
Dwyane Wade,Jermaine O'Neal,Mario Chalmers,Michael Beasley,Quentin Richardson,Arron Afflalo,Carmelo Anthony,Chauncey Billups,Kenyon Martin,Nene Hilario,1,10:00,DEN,rebound,,,,,,,,,,Nene Hilario,,,,,,def,,
Dwyane Wade,Jermaine O'Neal,Mario Chalmers,Michael Beasley,Quentin Richardson,Arron Afflalo,Carmelo Anthony,Chauncey Billups,Kenyon Martin,Nene Hilario,1,9:52,DEN,shot,Chauncey Billups,,,,,,,,,Arron Afflalo,2,,,made,,jump,40,12
Dwyane Wade,Jermaine O'Neal,Mario Chalmers,Michael Beasley,Quentin Richardson,Arron Afflalo,Carmelo Anthony,Chauncey Billups,Kenyon Martin,Nene Hilario,1,9:35,MIA,shot,,,,,,,,,,Dwyane Wade,,,,missed,,3pt,46,19
Dwyane Wade,Jermaine O'Neal,Mario Chalmers,Michael Beasley,Quentin Richardson,Arron Afflalo,Carmelo Anthony,Chauncey Billups,Kenyon Martin,Nene Hilario,1,9:34,DEN,rebound,,,,,,,,,,Kenyon Martin,,,,,,def,,
Dwyane Wade,Jermaine O'Neal,Mario Chalmers,Michael Beasley,Quentin Richardson,Arron Afflalo,Carmelo Anthony,Chauncey Billups,Kenyon Martin,Nene Hilario,1,9:33,MIA,foul,,,,,,,,Chauncey Billups,,Mario Chalmers,,,,,,personal,,
Dwyane Wade,Jermaine O'Neal,Mario Chalmers,Michael Beasley,Quentin Richardson,Arron Afflalo,Carmelo Anthony,Chauncey Billups,Kenyon Martin,Nene Hilario,1,9:25,DEN,turnover,,,,,,,,,,Arron Afflalo,,,bad pass,,Quentin Richardson,,,
Dwyane Wade,Jermaine O'Neal,Mario Chalmers,Michael Beasley,Quentin Richardson,Arron Afflalo,Carmelo Anthony,Chauncey Billups,Kenyon Martin,Nene Hilario,1,9:24,DEN,foul,,,,,,,,Mario Chalmers,,Arron Afflalo,,,,,,personal,,
Dwyane Wade,Jermaine O'Neal,Mario Chalmers,Michael Beasley,Quentin Richardson,Arron Afflalo,Carmelo Anthony,Chauncey Billups,Kenyon Martin,Nene Hilario,1,9:08,MIA,shot,,,,,,,,,,Quentin Richardson,,,,missed,,jump,7,12
Dwyane Wade,Jermaine O'Neal,Mario Chalmers,Michael Beasley,Quentin Richardson,Arron Afflalo,Carmelo Anthony,Chauncey Billups,Kenyon Martin,Nene Hilario,1,9:07,DEN,rebound,,,,,,,,,,Arron Afflalo,,,,,,def,,
Dwyane Wade,Jermaine O'Neal,Mario Chalmers,Michael Beasley,Quentin Richardson,Arron Afflalo,Carmelo Anthony,Chauncey Billups,Kenyon Martin,Nene Hilario,1,8:51,DEN,shot,,,,,,,,,,Carmelo Anthony,2,,,made,,running hook,26,12
Dwyane Wade,Jermaine O'Neal,Mario Chalmers,Michael Beasley,Quentin Richardson,Arron Afflalo,Carmelo Anthony,Chauncey Billups,Kenyon Martin,Nene Hilario,1,8:34,DEN,foul,,,,,,,,Dwyane Wade,,Arron Afflalo,,,,,,shooting,,
Dwyane Wade,Jermaine O'Neal,Mario Chalmers,Michael Beasley,Quentin Richardson,Arron Afflalo,Carmelo Anthony,Chauncey Billups,Kenyon Martin,Nene Hilario,1,8:34,MIA,free throw,,,,,,,1,,2,Dwyane Wade,,,foul,missed,,,,
Dwyane Wade,Jermaine O'Neal,Mario Chalmers,Michael Beasley,Quentin Richardson,Arron Afflalo,Carmelo Anthony,Chauncey Billups,Kenyon Martin,Nene Hilario,1,8:34,MIA,rebound,,,,,,,,,,,,,,,,,,
Dwyane Wade,Jermaine O'Neal,Mario Chalmers,Michael Beasley,Quentin Richardson,Arron Afflalo,Carmelo Anthony,Chauncey Billups,Kenyon Martin,Nene Hilario,1,8:34,MIA,free throw,,,,,,,2,,2,Dwyane Wade,,,foul,made,,,,
Dwyane Wade,Jermaine O'Neal,Mario Chalmers,Michael Beasley,Quentin Richardson,Arron Afflalo,Carmelo Anthony,Chauncey Billups,Kenyon Martin,Nene Hilario,1,8:25,DEN,shot,,,,,,,,,,Carmelo Anthony,,,,missed,,jump,13,13
Dwyane Wade,Jermaine O'Neal,Mario Chalmers,Michael Beasley,Quentin Richardson,Arron Afflalo,Carmelo Anthony,Chauncey Billups,Kenyon Martin,Nene Hilario,1,8:24,MIA,rebound,,,,,,,,,,Michael Beasley,,,,,,def,,
Dwyane Wade,Jermaine O'Neal,Mario Chalmers,Michael Beasley,Quentin Richardson,Arron Afflalo,Carmelo Anthony,Chauncey Billups,Kenyon Martin,Nene Hilario,1,8:14,MIA,shot,Dwyane Wade,,,,,,,,,Mario Chalmers,2,,,made,,floating jump,25,14
Dwyane Wade,Jermaine O'Neal,Mario Chalmers,Michael Beasley,Quentin Richardson,Arron Afflalo,Carmelo Anthony,Chauncey Billups,Kenyon Martin,Nene Hilario,1,8:08,DEN,shot,,,,,,,,,,Chauncey Billups,,,,missed,,jump,41,18
Dwyane Wade,Jermaine O'Neal,Mario Chalmers,Michael Beasley,Quentin Richardson,Arron Afflalo,Carmelo Anthony,Chauncey Billups,Kenyon Martin,Nene Hilario,1,8:07,MIA,rebound,,,,,,,,,,Dwyane Wade,,,,,,def,,
Dwyane Wade,Jermaine O'Neal,Mario Chalmers,Michael Beasley,Quentin Richardson,Arron Afflalo,Carmelo Anthony,Chauncey Billups,Kenyon Martin,Nene Hilario,1,7:57,MIA,shot,Quentin Richardson,,,,,,,,,Michael Beasley,2,,,made,,layup,25,6
Dwyane Wade,Jermaine O'Neal,Mario Chalmers,Michael Beasley,Quentin Richardson,Arron Afflalo,Carmelo Anthony,Chauncey Billups,Kenyon Martin,Nene Hilario,1,7:39,MIA,foul,,,,,,,,Chauncey Billups,,Mario Chalmers,,,,,,inbound,,
Dwyane Wade,Jermaine O'Neal,Mario Chalmers,Michael Beasley,Quentin Richardson,Arron Afflalo,Carmelo Anthony,Chauncey Billups,Kenyon Martin,Nene Hilario,1,7:39,DEN,free throw,,,,,,,1,,2,Chauncey Billups,,,foul,made,,,,
Dwyane Wade,James Jones,Jermaine O'Neal,Michael Beasley,Quentin Richardson,Arron Afflalo,Carmelo Anthony,Chauncey Billups,Kenyon Martin,Nene Hilario,1,7:39,MIA,sub,,,,James Jones,,Mario Chalmers,,,,,,,,,,,,
Dwyane Wade,James Jones,Jermaine O'Neal,Michael Beasley,Quentin Richardson,Arron Afflalo,Carmelo Anthony,Chauncey Billups,Kenyon Martin,Nene Hilario,1,7:39,DEN,free throw,,,,,,,2,,2,Chauncey Billups,,,foul,made,,,,
Dwyane Wade,James Jones,Jermaine O'Neal,Michael Beasley,Quentin Richardson,Arron Afflalo,Carmelo Anthony,Chauncey Billups,Kenyon Martin,Nene Hilario,1,7:15,MIA,shot,,,,,,,,,,James Jones,,,,missed,,jump,15,14
Dwyane Wade,James Jones,Jermaine O'Neal,Michael Beasley,Quentin Richardson,Arron Afflalo,Carmelo Anthony,Chauncey Billups,Kenyon Martin,Nene Hilario,1,7:14,DEN,rebound,,,,,,,,,,,,,,,,,,
Dwyane Wade,James Jones,Jermaine O'Neal,Michael Beasley,Quentin Richardson,Arron Afflalo,Carmelo Anthony,Chauncey Billups,Kenyon Martin,Nene Hilario,1,7:02,DEN,shot,Chauncey Billups,,,,,,,,,Arron Afflalo,3,,,made,,3pt,10,26
Dwyane Wade,James Jones,Jermaine O'Neal,Michael Beasley,Quentin Richardson,Arron Afflalo,Carmelo Anthony,Chauncey Billups,Kenyon Martin,Nene Hilario,1,7:02,MIA,foul,,,,,,,,Nene Hilario,,James Jones,,,,,,loose ball,,
Dwyane Wade,James Jones,Jermaine O'Neal,Michael Beasley,Quentin Richardson,Arron Afflalo,Carmelo Anthony,Chauncey Billups,Kenyon Martin,Nene Hilario,1,7:02,DEN,free throw,,,,,,,1,,1,Nene Hilario,,,foul,missed,,,,
Dwyane Wade,James Jones,Jermaine O'Neal,Michael Beasley,Quentin Richardson,Arron Afflalo,Carmelo Anthony,Chauncey Billups,Kenyon Martin,Nene Hilario,1,7:00,MIA,rebound,,,,,,,,,,Quentin Richardson,,,,,,def,,
Dwyane Wade,James Jones,Jermaine O'Neal,Michael Beasley,Quentin Richardson,Arron Afflalo,Carmelo Anthony,Chauncey Billups,Kenyon Martin,Nene Hilario,1,6:45,MIA,shot,,,,,,,,,,Michael Beasley,,,,missed,,layup,25,6
Dwyane Wade,James Jones,Jermaine O'Neal,Michael Beasley,Quentin Richardson,Arron Afflalo,Carmelo Anthony,Chauncey Billups,Kenyon Martin,Nene Hilario,1,6:44,MIA,rebound,,,,,,,,,,,,,,,,,,
Dwyane Wade,James Jones,Jermaine O'Neal,Michael Beasley,Quentin Richardson,Arron Afflalo,Carmelo Anthony,Chauncey Billups,Kenyon Martin,Nene Hilario,1,6:44,MIA,turnover,,,,,,,,,,Michael Beasley,,,traveling,,,,,
Dwyane Wade,James Jones,Jermaine O'Neal,Michael Beasley,Quentin Richardson,Arron Afflalo,Carmelo Anthony,Chauncey Billups,Kenyon Martin,Nene Hilario,1,6:27,DEN,shot,,,,,,,,,,Carmelo Anthony,2,,,made,,layup,25,6
Dwyane Wade,James Jones,Jermaine O'Neal,Michael Beasley,Quentin Richardson,Arron Afflalo,Carmelo Anthony,Chauncey Billups,Kenyon Martin,Nene Hilario,1,6:20,MIA,timeout,,,,,,,,,,,,,,,,regular,,
Dwyane Wade,James Jones,Jermaine O'Neal,Michael Beasley,Quentin Richardson,Arron Afflalo,Carmelo Anthony,Chauncey Billups,Kenyon Martin,Nene Hilario,1,6:10,MIA,turnover,,,,,,,,,,Dwyane Wade,,,bad pass,,Kenyon Martin,,,
Dwyane Wade,James Jones,Jermaine O'Neal,Michael Beasley,Quentin Richardson,Arron Afflalo,Carmelo Anthony,Chauncey Billups,Kenyon Martin,Nene Hilario,1,6:02,MIA,foul,,,,,,,,Chauncey Billups,,James Jones,,,,,,shooting,,
Dwyane Wade,James Jones,Jermaine O'Neal,Michael Beasley,Quentin Richardson,Arron Afflalo,Carmelo Anthony,Chauncey Billups,Kenyon Martin,Nene Hilario,1,6:02,DEN,free throw,,,,,,,1,,2,Chauncey Billups,,,foul,made,,,,
Dwyane Wade,James Jones,Jermaine O'Neal,Michael Beasley,Quentin Richardson,Arron Afflalo,Carmelo Anthony,Chauncey Billups,Kenyon Martin,Nene Hilario,1,6:02,DEN,free throw,,,,,,,2,,2,Chauncey Billups,,,foul,missed,,,,
Dwyane Wade,James Jones,Jermaine O'Neal,Michael Beasley,Quentin Richardson,Arron Afflalo,Carmelo Anthony,Chauncey Billups,Kenyon Martin,Nene Hilario,1,6:00,DEN,rebound,,,,,,,,,,Nene Hilario,,,,,,off,,
Dwyane Wade,James Jones,Jermaine O'Neal,Michael Beasley,Quentin Richardson,Arron Afflalo,Carmelo Anthony,Chauncey Billups,Kenyon Martin,Nene Hilario,1,5:54,DEN,shot,,,,,,,,,,Chauncey Billups,,,,missed,,3pt,43,24
Dwyane Wade,James Jones,Jermaine O'Neal,Michael Beasley,Quentin Richardson,Arron Afflalo,Carmelo Anthony,Chauncey Billups,Kenyon Martin,Nene Hilario,1,5:54,MIA,rebound,,,,,,,,,,Quentin Richardson,,,,,,def,,
Dwyane Wade,James Jones,Jermaine O'Neal,Michael Beasley,Quentin Richardson,Arron Afflalo,Carmelo Anthony,Chauncey Billups,Kenyon Martin,Nene Hilario,1,5:48,DEN,foul,,,,,,,,Dwyane Wade,,Arron Afflalo,,,,,,personal,,
Dwyane Wade,James Jones,Jermaine O'Neal,Michael Beasley,Quentin Richardson,Carmelo Anthony,Chauncey Billups,J.R. Smith,Kenyon Martin,Nene Hilario,1,5:48,DEN,sub,,,,J.R. Smith,,Arron Afflalo,,,,,,,,,,,,
Dwyane Wade,James Jones,Jermaine O'Neal,Michael Beasley,Quentin Richardson,Carmelo Anthony,Chauncey Billups,J.R. Smith,Kenyon Martin,Nene Hilario,1,5:40,MIA,shot,,,,,,,,,,Michael Beasley,,,,missed,,jump,37,14
Dwyane Wade,James Jones,Jermaine O'Neal,Michael Beasley,Quentin Richardson,Carmelo Anthony,Chauncey Billups,J.R. Smith,Kenyon Martin,Nene Hilario,1,5:39,DEN,rebound,,,,,,,,,,Carmelo Anthony,,,,,,def,,
Dwyane Wade,James Jones,Jermaine O'Neal,Michael Beasley,Quentin Richardson,Carmelo Anthony,Chauncey Billups,J.R. Smith,Kenyon Martin,Nene Hilario,1,5:31,DEN,shot,,,,,,,,,,Carmelo Anthony,,,,missed,,driving layup,25,6
Dwyane Wade,James Jones,Jermaine O'Neal,Michael Beasley,Quentin Richardson,Carmelo Anthony,Chauncey Billups,J.R. Smith,Kenyon Martin,Nene Hilario,1,5:29,MIA,rebound,,,,,,,,,,Jermaine O'Neal,,,,,,def,,
Dwyane Wade,James Jones,Jermaine O'Neal,Michael Beasley,Quentin Richardson,Carmelo Anthony,Chauncey Billups,J.R. Smith,Kenyon Martin,Nene Hilario,1,5:23,MIA,shot,Dwyane Wade,,,,,,,,,Michael Beasley,2,,,made,,jump,14,18
Dwyane Wade,James Jones,Jermaine O'Neal,Michael Beasley,Quentin Richardson,Carmelo Anthony,Chauncey Billups,J.R. Smith,Kenyon Martin,Nene Hilario,1,5:06,DEN,shot,,,,,,,,,,Chauncey Billups,,,,missed,,jump,15,8
Dwyane Wade,James Jones,Jermaine O'Neal,Michael Beasley,Quentin Richardson,Carmelo Anthony,Chauncey Billups,J.R. Smith,Kenyon Martin,Nene Hilario,1,5:05,MIA,rebound,,,,,,,,,,Jermaine O'Neal,,,,,,def,,
Dwyane Wade,James Jones,Jermaine O'Neal,Michael Beasley,Quentin Richardson,Carmelo Anthony,Chauncey Billups,J.R. Smith,Kenyon Martin,Nene Hilario,1,5:00,MIA,shot,,,,,,,,,,Dwyane Wade,,,,missed,,jump,20,22
Dwyane Wade,James Jones,Jermaine O'Neal,Michael Beasley,Quentin Richardson,Carmelo Anthony,Chauncey Billups,J.R. Smith,Kenyon Martin,Nene Hilario,1,4:59,MIA,rebound,,,,,,,,,,Jermaine O'Neal,,,,,,off,,
Dwyane Wade,James Jones,Jermaine O'Neal,Michael Beasley,Quentin Richardson,Carmelo Anthony,Chauncey Billups,J.R. Smith,Kenyon Martin,Nene Hilario,1,4:58,MIA,shot,,,,,,,,,,Jermaine O'Neal,2,,,made,,layup,25,6
Dwyane Wade,James Jones,Jermaine O'Neal,Michael Beasley,Quentin Richardson,Carmelo Anthony,Chauncey Billups,J.R. Smith,Kenyon Martin,Nene Hilario,1,4:36,DEN,shot,J.R. Smith,,,,,,,,,Nene Hilario,2,,,made,,driving dunk,,
Dwyane Wade,James Jones,Jermaine O'Neal,Michael Beasley,Quentin Richardson,Carmelo Anthony,Chauncey Billups,J.R. Smith,Kenyon Martin,Nene Hilario,1,4:24,MIA,shot,Dwyane Wade,,,,,,,,,James Jones,3,,,made,,3pt,2,8
Dwyane Wade,James Jones,Jermaine O'Neal,Michael Beasley,Quentin Richardson,Carmelo Anthony,Chauncey Billups,J.R. Smith,Kenyon Martin,Nene Hilario,1,4:24,DEN,foul,,,,,,,,James Jones,,Chauncey Billups,,,,,,shooting,,
Dwyane Wade,James Jones,Jermaine O'Neal,Michael Beasley,Quentin Richardson,Carmelo Anthony,Chauncey Billups,J.R. Smith,Kenyon Martin,Nene Hilario,1,4:24,MIA,free throw,,,,,,,1,,1,James Jones,,,foul,missed,,,,
Dwyane Wade,James Jones,Jermaine O'Neal,Michael Beasley,Quentin Richardson,Carmelo Anthony,Chauncey Billups,J.R. Smith,Kenyon Martin,Nene Hilario,1,4:22,DEN,rebound,,,,,,,,,,Kenyon Martin,,,,,,def,,
Dwyane Wade,James Jones,Jermaine O'Neal,Michael Beasley,Quentin Richardson,Carmelo Anthony,Chauncey Billups,J.R. Smith,Kenyon Martin,Nene Hilario,1,4:10,DEN,shot,,,,,,,,,,Carmelo Anthony,,,,missed,,jump,9,14
Dwyane Wade,James Jones,Jermaine O'Neal,Michael Beasley,Quentin Richardson,Carmelo Anthony,Chauncey Billups,J.R. Smith,Kenyon Martin,Nene Hilario,1,4:09,MIA,rebound,,,,,,,,,,Dwyane Wade,,,,,,def,,
Dwyane Wade,James Jones,Jermaine O'Neal,Michael Beasley,Quentin Richardson,Carmelo Anthony,Chauncey Billups,J.R. Smith,Kenyon Martin,Nene Hilario,1,3:59,MIA,shot,,,,,,,,,,Jermaine O'Neal,,,,missed,,jump,34,12
Dwyane Wade,James Jones,Jermaine O'Neal,Michael Beasley,Quentin Richardson,Carmelo Anthony,Chauncey Billups,J.R. Smith,Kenyon Martin,Nene Hilario,1,3:58,MIA,rebound,,,,,,,,,,Dwyane Wade,,,,,,off,,
Dwyane Wade,James Jones,Jermaine O'Neal,Michael Beasley,Quentin Richardson,Carmelo Anthony,Chauncey Billups,J.R. Smith,Kenyon Martin,Nene Hilario,1,3:58,MIA,shot,,,,,,,,,,Dwyane Wade,,,,missed,,tip,25,6
Dwyane Wade,James Jones,Jermaine O'Neal,Michael Beasley,Quentin Richardson,Carmelo Anthony,Chauncey Billups,J.R. Smith,Kenyon Martin,Nene Hilario,1,3:57,MIA,rebound,,,,,,,,,,Dwyane Wade,,,,,,off,,
Dwyane Wade,James Jones,Jermaine O'Neal,Michael Beasley,Quentin Richardson,Carmelo Anthony,Chauncey Billups,J.R. Smith,Kenyon Martin,Nene Hilario,1,3:57,MIA,shot,,,,,,,,,,Dwyane Wade,2,,,made,,tip,25,6
Dwyane Wade,James Jones,Jermaine O'Neal,Michael Beasley,Quentin Richardson,Carmelo Anthony,Chauncey Billups,J.R. Smith,Kenyon Martin,Nene Hilario,1,3:34,DEN,shot,,,Jermaine O'Neal,,,,,,,Nene Hilario,,,,missed,,running hook,,
Dwyane Wade,James Jones,Jermaine O'Neal,Michael Beasley,Quentin Richardson,Carmelo Anthony,Chauncey Billups,J.R. Smith,Kenyon Martin,Nene Hilario,1,3:33,MIA,rebound,,,,,,,,,,Quentin Richardson,,,,,,def,,
Dwyane Wade,James Jones,Jermaine O'Neal,Michael Beasley,Quentin Richardson,Carmelo Anthony,Chauncey Billups,Chris Andersen,J.R. Smith,Kenyon Martin,1,3:28,DEN,sub,,,,Chris Andersen,,Nene Hilario,,,,,,,,,,,,
Dwyane Wade,James Jones,Jermaine O'Neal,Quentin Richardson,Udonis Haslem,Carmelo Anthony,Chauncey Billups,Chris Andersen,J.R. Smith,Kenyon Martin,1,3:28,MIA,sub,,,,Udonis Haslem,,Michael Beasley,,,,,,,,,,,,
Dwyane Wade,James Jones,Jermaine O'Neal,Quentin Richardson,Udonis Haslem,Carmelo Anthony,Chauncey Billups,Chris Andersen,J.R. Smith,Kenyon Martin,1,3:16,MIA,shot,,,Carmelo Anthony,,,,,,,James Jones,,,,missed,,jump,11,15
Dwyane Wade,James Jones,Jermaine O'Neal,Quentin Richardson,Udonis Haslem,Carmelo Anthony,Chauncey Billups,Chris Andersen,J.R. Smith,Kenyon Martin,1,3:15,MIA,rebound,,,,,,,,,,Jermaine O'Neal,,,,,,off,,
Dwyane Wade,James Jones,Jermaine O'Neal,Quentin Richardson,Udonis Haslem,Carmelo Anthony,Chauncey Billups,Chris Andersen,J.R. Smith,Kenyon Martin,1,3:13,MIA,shot,,,Chris Andersen,,,,,,,Dwyane Wade,,,,missed,,layup,25,6
Dwyane Wade,James Jones,Jermaine O'Neal,Quentin Richardson,Udonis Haslem,Carmelo Anthony,Chauncey Billups,Chris Andersen,J.R. Smith,Kenyon Martin,1,3:11,MIA,rebound,,,,,,,,,,,,,,,,,,
Dwyane Wade,James Jones,Jermaine O'Neal,Quentin Richardson,Udonis Haslem,Carmelo Anthony,Chauncey Billups,Chris Andersen,J.R. Smith,Kenyon Martin,1,3:11,MIA,turnover,,,,,,,,,,,,,shot clock turnover,,,,,
Dwyane Wade,James Jones,Jermaine O'Neal,Quentin Richardson,Udonis Haslem,Carmelo Anthony,Chauncey Billups,Chris Andersen,J.R. Smith,Kenyon Martin,1,3:11,DEN,foul,,,,,,,,,,Karl,,,,,,technical,,
Dwyane Wade,James Jones,Jermaine O'Neal,Quentin Richardson,Udonis Haslem,Carmelo Anthony,Chauncey Billups,Chris Andersen,J.R. Smith,Kenyon Martin,1,3:11,MIA,free throw,,,,,,,1,,1,Quentin Richardson,,,technical,missed,,,,
Dwyane Wade,James Jones,Jermaine O'Neal,Quentin Richardson,Udonis Haslem,Carmelo Anthony,Chauncey Billups,Chris Andersen,J.R. Smith,Kenyon Martin,1,3:11,DEN,rebound,,,,,,,,,,,,,,,,,,
Dwyane Wade,James Jones,Joel Anthony,Quentin Richardson,Udonis Haslem,Carmelo Anthony,Chauncey Billups,Chris Andersen,J.R. Smith,Kenyon Martin,1,3:11,MIA,sub,,,,Joel Anthony,,Jermaine O'Neal,,,,,,,,,,,,
Dwyane Wade,James Jones,Joel Anthony,Quentin Richardson,Udonis Haslem,Carmelo Anthony,Chauncey Billups,Chris Andersen,J.R. Smith,Kenyon Martin,1,2:56,DEN,shot,,,,,,,,,,Carmelo Anthony,,,,missed,,layup,25,6
Dwyane Wade,James Jones,Joel Anthony,Quentin Richardson,Udonis Haslem,Carmelo Anthony,Chauncey Billups,Chris Andersen,J.R. Smith,Kenyon Martin,1,2:55,DEN,rebound,,,,,,,,,,Carmelo Anthony,,,,,,off,,
Dwyane Wade,James Jones,Joel Anthony,Quentin Richardson,Udonis Haslem,Carmelo Anthony,Chauncey Billups,Chris Andersen,J.R. Smith,Kenyon Martin,1,2:55,DEN,shot,,,,,,,,,,Carmelo Anthony,,,,missed,,tip,25,6
Dwyane Wade,James Jones,Joel Anthony,Quentin Richardson,Udonis Haslem,Carmelo Anthony,Chauncey Billups,Chris Andersen,J.R. Smith,Kenyon Martin,1,2:53,DEN,rebound,,,,,,,,,,Chris Andersen,,,,,,off,,
Dwyane Wade,James Jones,Joel Anthony,Quentin Richardson,Udonis Haslem,Carmelo Anthony,Chauncey Billups,Chris Andersen,J.R. Smith,Kenyon Martin,1,2:48,DEN,shot,Chauncey Billups,,,,,,,,,J.R. Smith,3,,,made,,3pt,39,27
Dwyane Wade,James Jones,Joel Anthony,Quentin Richardson,Udonis Haslem,Carmelo Anthony,Chauncey Billups,Chris Andersen,J.R. Smith,Kenyon Martin,1,2:35,DEN,foul,,,,,,,,Dwyane Wade,,Carmelo Anthony,,,,,,shooting,,
Dwyane Wade,James Jones,Joel Anthony,Quentin Richardson,Udonis Haslem,Carmelo Anthony,Chauncey Billups,Chris Andersen,J.R. Smith,Kenyon Martin,1,2:35,DEN,timeout,,,,,,,,,,,,,,,,regular,,
Dwyane Wade,James Jones,Joel Anthony,Quentin Richardson,Udonis Haslem,Carmelo Anthony,Chris Andersen,J.R. Smith,Kenyon Martin,Ty Lawson,1,2:35,DEN,sub,,,,Ty Lawson,,Chauncey Billups,,,,,,,,,,,,
Dwyane Wade,James Jones,Joel Anthony,Quentin Richardson,Udonis Haslem,Carmelo Anthony,Chris Andersen,J.R. Smith,Kenyon Martin,Ty Lawson,1,2:35,MIA,free throw,,,,,,,1,,2,Dwyane Wade,,,foul,made,,,,
Dwyane Wade,James Jones,Joel Anthony,Quentin Richardson,Udonis Haslem,Carmelo Anthony,Chris Andersen,J.R. Smith,Kenyon Martin,Ty Lawson,1,2:35,MIA,free throw,,,,,,,2,,2,Dwyane Wade,,,foul,missed,,,,
Dwyane Wade,James Jones,Joel Anthony,Quentin Richardson,Udonis Haslem,Carmelo Anthony,Chris Andersen,J.R. Smith,Kenyon Martin,Ty Lawson,1,2:32,MIA,rebound,,,,,,,,,,Udonis Haslem,,,,,,off,,
Dwyane Wade,James Jones,Joel Anthony,Quentin Richardson,Udonis Haslem,Carmelo Anthony,Chris Andersen,J.R. Smith,Kenyon Martin,Ty Lawson,1,2:29,MIA,shot,,,,,,,,,,Dwyane Wade,,,,missed,,jump,25,23
Dwyane Wade,James Jones,Joel Anthony,Quentin Richardson,Udonis Haslem,Carmelo Anthony,Chris Andersen,J.R. Smith,Kenyon Martin,Ty Lawson,1,2:26,DEN,rebound,,,,,,,,,,Kenyon Martin,,,,,,def,,
Dwyane Wade,James Jones,Joel Anthony,Quentin Richardson,Udonis Haslem,Carmelo Anthony,Chris Andersen,J.R. Smith,Kenyon Martin,Ty Lawson,1,2:15,DEN,shot,,,,,,,,,,J.R. Smith,2,,,made,,jump,38,26
Dwyane Wade,James Jones,Joel Anthony,Quentin Richardson,Udonis Haslem,Carmelo Anthony,Chris Andersen,J.R. Smith,Kenyon Martin,Ty Lawson,1,2:03,MIA,shot,,,J.R. Smith,,,,,,,Dwyane Wade,,,,missed,,layup,25,6
Dwyane Wade,James Jones,Joel Anthony,Quentin Richardson,Udonis Haslem,Carmelo Anthony,Chris Andersen,J.R. Smith,Kenyon Martin,Ty Lawson,1,2:02,MIA,rebound,,,,,,,,,,,,,,,,,,
Dwyane Wade,James Jones,Joel Anthony,Quentin Richardson,Udonis Haslem,Carmelo Anthony,Chris Andersen,J.R. Smith,Kenyon Martin,Ty Lawson,1,1:53,DEN,foul,,,,,,,,Joel Anthony,,Kenyon Martin,,,,,,personal,,
Dwyane Wade,James Jones,Joel Anthony,Quentin Richardson,Udonis Haslem,Carmelo Anthony,Chris Andersen,J.R. Smith,Kenyon Martin,Ty Lawson,1,1:53,MIA,free throw,,,,,,,1,,2,Joel Anthony,,,foul,missed,,,,
Dwyane Wade,James Jones,Joel Anthony,Quentin Richardson,Udonis Haslem,Carmelo Anthony,Chris Andersen,J.R. Smith,Kenyon Martin,Ty Lawson,1,1:53,MIA,rebound,,,,,,,,,,,,,,,,,,
Dwyane Wade,James Jones,Joel Anthony,Quentin Richardson,Udonis Haslem,Carmelo Anthony,Chris Andersen,J.R. Smith,Kenyon Martin,Ty Lawson,1,1:53,MIA,free throw,,,,,,,2,,2,Joel Anthony,,,foul,made,,,,
Dwyane Wade,James Jones,Joel Anthony,Quentin Richardson,Udonis Haslem,Carmelo Anthony,Chris Andersen,J.R. Smith,Kenyon Martin,Ty Lawson,1,1:39,DEN,shot,,,,,,,,,,Kenyon Martin,,,,missed,,turnaround hook,14,11
Dwyane Wade,James Jones,Joel Anthony,Quentin Richardson,Udonis Haslem,Carmelo Anthony,Chris Andersen,J.R. Smith,Kenyon Martin,Ty Lawson,1,1:37,DEN,rebound,,,,,,,,,,,,,,,,,,
Dwyane Wade,James Jones,Joel Anthony,Quentin Richardson,Udonis Haslem,Carmelo Anthony,Chris Andersen,J.R. Smith,Kenyon Martin,Ty Lawson,1,1:37,MIA,foul,,,,,,,,Carmelo Anthony,,Quentin Richardson,,,,,,loose ball,,
Dwyane Wade,James Jones,Joel Anthony,Quentin Richardson,Udonis Haslem,Carmelo Anthony,Chris Andersen,J.R. Smith,Kenyon Martin,Ty Lawson,1,1:37,DEN,free throw,,,,,,,1,,2,Carmelo Anthony,,,foul,made,,,,
Dwyane Wade,James Jones,Joel Anthony,Quentin Richardson,Udonis Haslem,Carmelo Anthony,Chris Andersen,J.R. Smith,Kenyon Martin,Ty Lawson,1,1:37,DEN,free throw,,,,,,,2,,2,Carmelo Anthony,,,foul,made,,,,
Dwyane Wade,James Jones,Joel Anthony,Quentin Richardson,Udonis Haslem,Carmelo Anthony,Chris Andersen,J.R. Smith,Kenyon Martin,Ty Lawson,1,1:22,MIA,shot,,,,,,,,,,Quentin Richardson,,,,missed,,3pt,48,13
Dwyane Wade,James Jones,Joel Anthony,Quentin Richardson,Udonis Haslem,Carmelo Anthony,Chris Andersen,J.R. Smith,Kenyon Martin,Ty Lawson,1,1:22,DEN,rebound,,,,,,,,,,Chris Andersen,,,,,,def,,
Dwyane Wade,James Jones,Joel Anthony,Quentin Richardson,Udonis Haslem,Carmelo Anthony,Chris Andersen,J.R. Smith,Kenyon Martin,Ty Lawson,1,1:11,DEN,shot,,,,,,,,,,Kenyon Martin,,,,missed,,jump,45,8
Dwyane Wade,James Jones,Joel Anthony,Quentin Richardson,Udonis Haslem,Carmelo Anthony,Chris Andersen,J.R. Smith,Kenyon Martin,Ty Lawson,1,1:10,MIA,rebound,,,,,,,,,,Joel Anthony,,,,,,def,,
Dwyane Wade,James Jones,Joel Anthony,Quentin Richardson,Udonis Haslem,Carmelo Anthony,Chris Andersen,J.R. Smith,Kenyon Martin,Ty Lawson,1,1:10,MIA,foul,,,,,,,,,,Quentin Richardson,,,,,,technical,,
Dwyane Wade,James Jones,Joel Anthony,Quentin Richardson,Udonis Haslem,Carmelo Anthony,Chris Andersen,J.R. Smith,Kenyon Martin,Ty Lawson,1,1:10,DEN,free throw,,,,,,,1,,1,Carmelo Anthony,,,technical,made,,,,
Dwyane Wade,James Jones,Joel Anthony,Michael Beasley,Udonis Haslem,Carmelo Anthony,Chris Andersen,J.R. Smith,Kenyon Martin,Ty Lawson,1,1:10,MIA,sub,,,,Michael Beasley,,Quentin Richardson,,,,,,,,,,,,
Dwyane Wade,James Jones,Joel Anthony,Michael Beasley,Udonis Haslem,Carmelo Anthony,Chris Andersen,J.R. Smith,Kenyon Martin,Ty Lawson,1,0:54,MIA,shot,,,,,,,,,,Michael Beasley,,,,missed,,3pt,2,8
Dwyane Wade,James Jones,Joel Anthony,Michael Beasley,Udonis Haslem,Carmelo Anthony,Chris Andersen,J.R. Smith,Kenyon Martin,Ty Lawson,1,0:54,MIA,rebound,,,,,,,,,,Joel Anthony,,,,,,off,,
Dwyane Wade,James Jones,Joel Anthony,Michael Beasley,Udonis Haslem,Carmelo Anthony,Chris Andersen,J.R. Smith,Kenyon Martin,Ty Lawson,1,0:49,MIA,shot,,,,,,,,,,Dwyane Wade,,,,missed,,jump,44,6
Dwyane Wade,James Jones,Joel Anthony,Michael Beasley,Udonis Haslem,Carmelo Anthony,Chris Andersen,J.R. Smith,Kenyon Martin,Ty Lawson,1,0:48,MIA,rebound,,,,,,,,,,Joel Anthony,,,,,,off,,
Dwyane Wade,James Jones,Joel Anthony,Michael Beasley,Udonis Haslem,Carmelo Anthony,Chris Andersen,J.R. Smith,Kenyon Martin,Ty Lawson,1,0:47,MIA,shot,,,,,,,,,,Joel Anthony,2,,,made,,layup,25,6
Dwyane Wade,James Jones,Joel Anthony,Michael Beasley,Udonis Haslem,Carmelo Anthony,Chris Andersen,J.R. Smith,Kenyon Martin,Ty Lawson,1,0:41,MIA,foul,,,,,,,,Ty Lawson,,Dwyane Wade,,,,,,personal,,
Dwyane Wade,James Jones,Joel Anthony,Michael Beasley,Udonis Haslem,Carmelo Anthony,Chris Andersen,J.R. Smith,Kenyon Martin,Ty Lawson,1,0:41,DEN,free throw,,,,,,,1,,2,Ty Lawson,,,foul,made,,,,
Dwyane Wade,James Jones,Joel Anthony,Michael Beasley,Udonis Haslem,Carmelo Anthony,Chris Andersen,J.R. Smith,Kenyon Martin,Ty Lawson,1,0:41,DEN,free throw,,,,,,,2,,2,Ty Lawson,,,foul,made,,,,
Dwyane Wade,James Jones,Joel Anthony,Michael Beasley,Udonis Haslem,Carmelo Anthony,Chris Andersen,J.R. Smith,Kenyon Martin,Ty Lawson,1,0:21,MIA,shot,,,,,,,,,,Udonis Haslem,2,,,made,,jump,19,20
Dwyane Wade,James Jones,Joel Anthony,Michael Beasley,Udonis Haslem,Carmelo Anthony,Chris Andersen,J.R. Smith,Kenyon Martin,Ty Lawson,1,0:01,DEN,shot,,,,,,,,,,J.R. Smith,,,,missed,,jump,40,21
Dwyane Wade,James Jones,Joel Anthony,Michael Beasley,Udonis Haslem,Carmelo Anthony,Chris Andersen,J.R. Smith,Kenyon Martin,Ty Lawson,1,0:00,MIA,rebound,,,,,,,,,,Dwyane Wade,,,,,,def,,
Carlos Arroyo,James Jones,Joel Anthony,Michael Beasley,Udonis Haslem,Carmelo Anthony,Chris Andersen,J.R. Smith,Nene Hilario,Ty Lawson,2,11:46,MIA,foul,,,,,,,,J.R. Smith,,James Jones,,,,,,shooting,,
Carlos Arroyo,James Jones,Joel Anthony,Michael Beasley,Udonis Haslem,Carmelo Anthony,Chris Andersen,J.R. Smith,Nene Hilario,Ty Lawson,2,11:46,DEN,free throw,,,,,,,1,,2,J.R. Smith,,,foul,missed,,,,
Carlos Arroyo,James Jones,Joel Anthony,Michael Beasley,Udonis Haslem,Carmelo Anthony,Chris Andersen,J.R. Smith,Nene Hilario,Ty Lawson,2,11:46,DEN,rebound,,,,,,,,,,,,,,,,,,
Carlos Arroyo,Dorell Wright,Joel Anthony,Michael Beasley,Udonis Haslem,Carmelo Anthony,Chris Andersen,J.R. Smith,Nene Hilario,Ty Lawson,2,11:46,MIA,sub,,,,Dorell Wright,,James Jones,,,,,,,,,,,,
Carlos Arroyo,Dorell Wright,Joel Anthony,Michael Beasley,Udonis Haslem,Carmelo Anthony,Chris Andersen,J.R. Smith,Nene Hilario,Ty Lawson,2,11:46,DEN,free throw,,,,,,,2,,2,J.R. Smith,,,foul,missed,,,,
Carlos Arroyo,Dorell Wright,Joel Anthony,Michael Beasley,Udonis Haslem,Carmelo Anthony,Chris Andersen,J.R. Smith,Nene Hilario,Ty Lawson,2,11:45,MIA,rebound,,,,,,,,,,Joel Anthony,,,,,,def,,
Carlos Arroyo,Dorell Wright,Joel Anthony,Michael Beasley,Udonis Haslem,Carmelo Anthony,Chris Andersen,J.R. Smith,Nene Hilario,Ty Lawson,2,11:31,MIA,shot,,,,,,,,,,Michael Beasley,2,,,made,,driving layup,25,6
Carlos Arroyo,Dorell Wright,Joel Anthony,Michael Beasley,Udonis Haslem,Carmelo Anthony,Chris Andersen,J.R. Smith,Nene Hilario,Ty Lawson,2,11:08,DEN,shot,,,,,,,,,,Carmelo Anthony,,,,missed,,jump,36,13
Carlos Arroyo,Dorell Wright,Joel Anthony,Michael Beasley,Udonis Haslem,Carmelo Anthony,Chris Andersen,J.R. Smith,Nene Hilario,Ty Lawson,2,11:07,DEN,rebound,,,,,,,,,,Chris Andersen,,,,,,off,,
Carlos Arroyo,Dorell Wright,Joel Anthony,Michael Beasley,Udonis Haslem,Carmelo Anthony,Chris Andersen,J.R. Smith,Nene Hilario,Ty Lawson,2,11:07,DEN,shot,,,,,,,,,,Chris Andersen,2,,,made,,tip,25,6
Carlos Arroyo,Dorell Wright,Joel Anthony,Michael Beasley,Udonis Haslem,Carmelo Anthony,Chris Andersen,J.R. Smith,Nene Hilario,Ty Lawson,2,10:47,MIA,shot,,,,,,,,,,Michael Beasley,2,,,made,,jump,6,11
Carlos Arroyo,Dorell Wright,Joel Anthony,Michael Beasley,Udonis Haslem,Carmelo Anthony,Chris Andersen,J.R. Smith,Nene Hilario,Ty Lawson,2,10:33,DEN,shot,Nene Hilario,,,,,,,,,Carmelo Anthony,2,,,made,,layup,25,6
Carlos Arroyo,Dorell Wright,Joel Anthony,Michael Beasley,Udonis Haslem,Carmelo Anthony,Chris Andersen,J.R. Smith,Nene Hilario,Ty Lawson,2,10:09,DEN,foul,,,,,,,,Michael Beasley,,Carmelo Anthony,,,,,,personal,,
Carlos Arroyo,Dorell Wright,Joel Anthony,Michael Beasley,Udonis Haslem,Chris Andersen,J.R. Smith,Joey Graham,Nene Hilario,Ty Lawson,2,10:09,DEN,sub,,,,Joey Graham,,Carmelo Anthony,,,,,,,,,,,,
Carlos Arroyo,Dorell Wright,Joel Anthony,Michael Beasley,Udonis Haslem,Chris Andersen,J.R. Smith,Joey Graham,Nene Hilario,Ty Lawson,2,10:01,DEN,foul,,,,,,,,Michael Beasley,,Joey Graham,,,,,,shooting,,
Carlos Arroyo,Dorell Wright,Joel Anthony,Michael Beasley,Udonis Haslem,Chris Andersen,J.R. Smith,Joey Graham,Nene Hilario,Ty Lawson,2,10:01,MIA,free throw,,,,,,,1,,2,Michael Beasley,,,foul,made,,,,
Carlos Arroyo,Dorell Wright,Joel Anthony,Michael Beasley,Udonis Haslem,Chris Andersen,J.R. Smith,Joey Graham,Nene Hilario,Ty Lawson,2,10:01,MIA,free throw,,,,,,,2,,2,Michael Beasley,,,foul,made,,,,
Carlos Arroyo,Dorell Wright,Joel Anthony,Michael Beasley,Udonis Haslem,Chris Andersen,J.R. Smith,Joey Graham,Nene Hilario,Ty Lawson,2,9:47,DEN,shot,,,,,,,,,,J.R. Smith,,,,missed,,fade away jumper,10,11
Carlos Arroyo,Dorell Wright,Joel Anthony,Michael Beasley,Udonis Haslem,Chris Andersen,J.R. Smith,Joey Graham,Nene Hilario,Ty Lawson,2,9:46,DEN,rebound,,,,,,,,,,,,,,,,,,
Carlos Arroyo,Dorell Wright,Joel Anthony,Michael Beasley,Udonis Haslem,Chris Andersen,J.R. Smith,Joey Graham,Nene Hilario,Ty Lawson,2,9:40,DEN,shot,J.R. Smith,,,,,,,,,Nene Hilario,2,,,made,,jump,,
Carlos Arroyo,Dorell Wright,Joel Anthony,Michael Beasley,Udonis Haslem,Chris Andersen,J.R. Smith,Joey Graham,Nene Hilario,Ty Lawson,2,9:21,MIA,shot,,,,,,,,,,Michael Beasley,,,,missed,,jump,10,20
Carlos Arroyo,Dorell Wright,Joel Anthony,Michael Beasley,Udonis Haslem,Chris Andersen,J.R. Smith,Joey Graham,Nene Hilario,Ty Lawson,2,9:19,DEN,rebound,,,,,,,,,,J.R. Smith,,,,,,def,,
Carlos Arroyo,Dorell Wright,Joel Anthony,Michael Beasley,Udonis Haslem,Chris Andersen,J.R. Smith,Joey Graham,Nene Hilario,Ty Lawson,2,9:16,DEN,turnover,,,,,,,,,,J.R. Smith,,,bad pass,,Michael Beasley,,,
Carlos Arroyo,Dorell Wright,Joel Anthony,Michael Beasley,Udonis Haslem,Chris Andersen,J.R. Smith,Joey Graham,Nene Hilario,Ty Lawson,2,9:08,MIA,shot,,,,,,,,,,Udonis Haslem,,,,missed,,jump,43,7
Carlos Arroyo,Dorell Wright,Joel Anthony,Michael Beasley,Udonis Haslem,Chris Andersen,J.R. Smith,Joey Graham,Nene Hilario,Ty Lawson,2,9:06,DEN,rebound,,,,,,,,,,Nene Hilario,,,,,,def,,
Carlos Arroyo,Dorell Wright,Joel Anthony,Michael Beasley,Udonis Haslem,Chris Andersen,J.R. Smith,Joey Graham,Nene Hilario,Ty Lawson,2,9:03,DEN,shot,,,,,,,,,,J.R. Smith,2,,,made,,driving layup,25,6
Carlos Arroyo,Dorell Wright,Joel Anthony,Michael Beasley,Udonis Haslem,Chris Andersen,J.R. Smith,Joey Graham,Nene Hilario,Ty Lawson,2,9:03,MIA,foul,,,,,,,,J.R. Smith,,Dorell Wright,,,,,,shooting,,
Carlos Arroyo,Dorell Wright,Joel Anthony,Michael Beasley,Udonis Haslem,Chris Andersen,J.R. Smith,Joey Graham,Nene Hilario,Ty Lawson,2,9:03,DEN,free throw,,,,,,,1,,1,J.R. Smith,,,foul,missed,,,,
Carlos Arroyo,Dorell Wright,Joel Anthony,Michael Beasley,Udonis Haslem,Chris Andersen,J.R. Smith,Joey Graham,Nene Hilario,Ty Lawson,2,9:01,MIA,rebound,,,,,,,,,,Michael Beasley,,,,,,def,,
Carlos Arroyo,Dorell Wright,Joel Anthony,Michael Beasley,Udonis Haslem,Chris Andersen,J.R. Smith,Joey Graham,Nene Hilario,Ty Lawson,2,8:47,MIA,turnover,,,,,,,,,,Joel Anthony,,,lost ball,,Nene Hilario,,,
Carlos Arroyo,Dorell Wright,Joel Anthony,Michael Beasley,Udonis Haslem,Chris Andersen,J.R. Smith,Joey Graham,Nene Hilario,Ty Lawson,2,8:42,DEN,shot,,,,,,,,,,Nene Hilario,2,,,made,,driving finger roll layup,,
Carlos Arroyo,Dorell Wright,Joel Anthony,Michael Beasley,Udonis Haslem,Chris Andersen,J.R. Smith,Joey Graham,Nene Hilario,Ty Lawson,2,8:35,MIA,timeout,,,,,,,,,,,,,,,,regular,,
Carlos Arroyo,Dorell Wright,Jermaine O'Neal,Michael Beasley,Udonis Haslem,Chris Andersen,J.R. Smith,Joey Graham,Nene Hilario,Ty Lawson,2,8:35,MIA,sub,,,,Jermaine O'Neal,,Joel Anthony,,,,,,,,,,,,
Carlos Arroyo,Dorell Wright,Jermaine O'Neal,Michael Beasley,Udonis Haslem,Chris Andersen,J.R. Smith,Joey Graham,Nene Hilario,Ty Lawson,2,8:25,MIA,shot,,,,,,,,,,Michael Beasley,,,,missed,,jump,19,24
Carlos Arroyo,Dorell Wright,Jermaine O'Neal,Michael Beasley,Udonis Haslem,Chris Andersen,J.R. Smith,Joey Graham,Nene Hilario,Ty Lawson,2,8:24,MIA,rebound,,,,,,,,,,Udonis Haslem,,,,,,off,,
Carlos Arroyo,Dorell Wright,Jermaine O'Neal,Michael Beasley,Udonis Haslem,Chris Andersen,J.R. Smith,Joey Graham,Nene Hilario,Ty Lawson,2,8:12,MIA,shot,,,Chris Andersen,,,,,,,Carlos Arroyo,,,,missed,,driving layup,25,6
Carlos Arroyo,Dorell Wright,Jermaine O'Neal,Michael Beasley,Udonis Haslem,Chris Andersen,J.R. Smith,Joey Graham,Nene Hilario,Ty Lawson,2,8:09,DEN,rebound,,,,,,,,,,Chris Andersen,,,,,,def,,
Carlos Arroyo,Dorell Wright,Jermaine O'Neal,Michael Beasley,Udonis Haslem,Chris Andersen,J.R. Smith,Joey Graham,Nene Hilario,Ty Lawson,2,8:03,DEN,shot,J.R. Smith,,,,,,,,,Nene Hilario,2,,,made,,finger roll layup,,
Carlos Arroyo,Dorell Wright,Jermaine O'Neal,Michael Beasley,Udonis Haslem,Chris Andersen,J.R. Smith,Joey Graham,Nene Hilario,Ty Lawson,2,7:35,MIA,turnover,,,,,,,,,,,,,shot clock turnover,,,,,
Dorell Wright,Jermaine O'Neal,Mario Chalmers,Michael Beasley,Udonis Haslem,Chris Andersen,J.R. Smith,Joey Graham,Nene Hilario,Ty Lawson,2,7:35,MIA,sub,,,,Mario Chalmers,,Carlos Arroyo,,,,,,,,,,,,
Dwyane Wade,Jermaine O'Neal,Mario Chalmers,Michael Beasley,Udonis Haslem,Chris Andersen,J.R. Smith,Joey Graham,Nene Hilario,Ty Lawson,2,7:35,MIA,sub,,,,Dwyane Wade,,Dorell Wright,,,,,,,,,,,,
Dwyane Wade,Jermaine O'Neal,Mario Chalmers,Michael Beasley,Udonis Haslem,Chris Andersen,J.R. Smith,Joey Graham,Nene Hilario,Ty Lawson,2,7:24,DEN,shot,,,,,,,,,,Nene Hilario,2,,,made,,driving layup,,
Dwyane Wade,Jermaine O'Neal,Mario Chalmers,Michael Beasley,Udonis Haslem,Chris Andersen,J.R. Smith,Joey Graham,Nene Hilario,Ty Lawson,2,7:24,MIA,foul,,,,,,,,Nene Hilario,,Udonis Haslem,,,,,,shooting,,
Dwyane Wade,Jermaine O'Neal,Mario Chalmers,Michael Beasley,Udonis Haslem,Chris Andersen,J.R. Smith,Joey Graham,Nene Hilario,Ty Lawson,2,7:24,DEN,free throw,,,,,,,1,,1,Nene Hilario,,,foul,made,,,,
Dwyane Wade,Jermaine O'Neal,Mario Chalmers,Michael Beasley,Udonis Haslem,Chris Andersen,J.R. Smith,Joey Graham,Nene Hilario,Ty Lawson,2,7:21,MIA,timeout,,,,,,,,,,,,,,,,short,,
Dwyane Wade,Jermaine O'Neal,Mario Chalmers,Michael Beasley,Quentin Richardson,Chris Andersen,J.R. Smith,Joey Graham,Nene Hilario,Ty Lawson,2,7:21,MIA,sub,,,,Quentin Richardson,,Udonis Haslem,,,,,,,,,,,,
Dwyane Wade,Jermaine O'Neal,Mario Chalmers,Michael Beasley,Quentin Richardson,Chris Andersen,J.R. Smith,Joey Graham,Nene Hilario,Ty Lawson,2,7:10,MIA,turnover,,,,,,,,,,Quentin Richardson,,,lost ball,,Chris Andersen,,,
Dwyane Wade,Jermaine O'Neal,Mario Chalmers,Michael Beasley,Quentin Richardson,Chris Andersen,J.R. Smith,Joey Graham,Nene Hilario,Ty Lawson,2,7:02,DEN,shot,,,,,,,,,,J.R. Smith,,,,missed,,jump,43,18
Dwyane Wade,Jermaine O'Neal,Mario Chalmers,Michael Beasley,Quentin Richardson,Chris Andersen,J.R. Smith,Joey Graham,Nene Hilario,Ty Lawson,2,7:01,DEN,rebound,,,,,,,,,,Nene Hilario,,,,,,off,,
Dwyane Wade,Jermaine O'Neal,Mario Chalmers,Michael Beasley,Quentin Richardson,Chris Andersen,J.R. Smith,Joey Graham,Nene Hilario,Ty Lawson,2,7:01,DEN,shot,,,,,,,,,,Nene Hilario,,,,missed,,tip,,
Dwyane Wade,Jermaine O'Neal,Mario Chalmers,Michael Beasley,Quentin Richardson,Chris Andersen,J.R. Smith,Joey Graham,Nene Hilario,Ty Lawson,2,6:58,MIA,rebound,,,,,,,,,,Dwyane Wade,,,,,,def,,
Dwyane Wade,Jermaine O'Neal,Mario Chalmers,Michael Beasley,Quentin Richardson,Chris Andersen,J.R. Smith,Joey Graham,Nene Hilario,Ty Lawson,2,6:51,MIA,turnover,,,,,,,,,,Dwyane Wade,,,lost ball,,Nene Hilario,,,
Dwyane Wade,Jermaine O'Neal,Mario Chalmers,Michael Beasley,Quentin Richardson,Chris Andersen,J.R. Smith,Joey Graham,Nene Hilario,Ty Lawson,2,6:50,MIA,foul,,,,,,,,J.R. Smith,,Jermaine O'Neal,,,,,,personal,,
Dwyane Wade,Jermaine O'Neal,Mario Chalmers,Michael Beasley,Quentin Richardson,Chris Andersen,J.R. Smith,Joey Graham,Nene Hilario,Ty Lawson,2,6:29,DEN,shot,Ty Lawson,,,,,,,,,Joey Graham,2,,,made,,jump,18,25
Dwyane Wade,Jermaine O'Neal,Mario Chalmers,Michael Beasley,Quentin Richardson,Chris Andersen,J.R. Smith,Joey Graham,Nene Hilario,Ty Lawson,2,6:13,DEN,foul,,,,,,,,Dwyane Wade,,J.R. Smith,,,,,,personal,,
Dwyane Wade,Jermaine O'Neal,Mario Chalmers,Michael Beasley,Quentin Richardson,Chauncey Billups,Chris Andersen,J.R. Smith,Joey Graham,Nene Hilario,2,6:13,DEN,sub,,,,Chauncey Billups,,Ty Lawson,,,,,,,,,,,,
Dwyane Wade,Jermaine O'Neal,Mario Chalmers,Michael Beasley,Quentin Richardson,Chauncey Billups,Chris Andersen,J.R. Smith,Joey Graham,Nene Hilario,2,5:59,MIA,shot,,,,,,,,,,Dwyane Wade,,,,missed,,jump,37,21
Dwyane Wade,Jermaine O'Neal,Mario Chalmers,Michael Beasley,Quentin Richardson,Chauncey Billups,Chris Andersen,J.R. Smith,Joey Graham,Nene Hilario,2,5:59,DEN,rebound,,,,,,,,,,Nene Hilario,,,,,,def,,
Dwyane Wade,Jermaine O'Neal,Mario Chalmers,Michael Beasley,Quentin Richardson,Chauncey Billups,Chris Andersen,J.R. Smith,Joey Graham,Nene Hilario,2,5:39,DEN,timeout,,,,,,,,,,,,,,,,official,,
Dwyane Wade,Jermaine O'Neal,Mario Chalmers,Michael Beasley,Quentin Richardson,Chauncey Billups,Chris Andersen,J.R. Smith,Joey Graham,Nene Hilario,2,5:37,DEN,shot,,,,,,,,,,Nene Hilario,,,,missed,,layup,,
Dwyane Wade,Jermaine O'Neal,Mario Chalmers,Michael Beasley,Quentin Richardson,Chauncey Billups,Chris Andersen,J.R. Smith,Joey Graham,Nene Hilario,2,5:36,DEN,rebound,,,,,,,,,,,,,,,,,,
Dwyane Wade,Jermaine O'Neal,Mario Chalmers,Michael Beasley,Quentin Richardson,Chauncey Billups,Chris Andersen,J.R. Smith,Joey Graham,Nene Hilario,2,5:21,DEN,shot,,,,,,,,,,Joey Graham,,,,missed,,layup,25,6
Dwyane Wade,Jermaine O'Neal,Mario Chalmers,Michael Beasley,Quentin Richardson,Chauncey Billups,Chris Andersen,J.R. Smith,Joey Graham,Nene Hilario,2,5:19,DEN,rebound,,,,,,,,,,Joey Graham,,,,,,off,,
Dwyane Wade,Jermaine O'Neal,Mario Chalmers,Michael Beasley,Quentin Richardson,Chauncey Billups,Chris Andersen,J.R. Smith,Joey Graham,Nene Hilario,2,5:16,DEN,shot,,,,,,,,,,Joey Graham,,,,missed,,hook,24,12
Dwyane Wade,Jermaine O'Neal,Mario Chalmers,Michael Beasley,Quentin Richardson,Chauncey Billups,Chris Andersen,J.R. Smith,Joey Graham,Nene Hilario,2,5:15,MIA,rebound,,,,,,,,,,Michael Beasley,,,,,,def,,
Dwyane Wade,Jermaine O'Neal,Mario Chalmers,Michael Beasley,Quentin Richardson,Chauncey Billups,Chris Andersen,J.R. Smith,Joey Graham,Nene Hilario,2,5:09,MIA,shot,Dwyane Wade,,,,,,,,,Michael Beasley,2,,,made,,jump,22,27
Dwyane Wade,Jermaine O'Neal,Mario Chalmers,Michael Beasley,Quentin Richardson,Chauncey Billups,Chris Andersen,J.R. Smith,Joey Graham,Nene Hilario,2,4:53,DEN,shot,,,Jermaine O'Neal,,,,,,,Nene Hilario,,,,missed,,layup,,
Dwyane Wade,Jermaine O'Neal,Mario Chalmers,Michael Beasley,Quentin Richardson,Chauncey Billups,Chris Andersen,J.R. Smith,Joey Graham,Nene Hilario,2,4:52,DEN,rebound,,,,,,,,,,,,,,,,,,
Dwyane Wade,Jermaine O'Neal,Mario Chalmers,Michael Beasley,Quentin Richardson,Carmelo Anthony,Chauncey Billups,Chris Andersen,J.R. Smith,Nene Hilario,2,4:52,DEN,sub,,,,Carmelo Anthony,,Joey Graham,,,,,,,,,,,,
Dwyane Wade,Jermaine O'Neal,Mario Chalmers,Michael Beasley,Quentin Richardson,Carmelo Anthony,Chauncey Billups,J.R. Smith,Kenyon Martin,Nene Hilario,2,4:52,DEN,sub,,,,Kenyon Martin,,Chris Andersen,,,,,,,,,,,,
Dwyane Wade,Jermaine O'Neal,Mario Chalmers,Michael Beasley,Quentin Richardson,Carmelo Anthony,Chauncey Billups,J.R. Smith,Kenyon Martin,Nene Hilario,2,4:47,MIA,foul,,,,,,,,Chauncey Billups,,Mario Chalmers,,,,,,shooting,,
Dwyane Wade,Jermaine O'Neal,Mario Chalmers,Michael Beasley,Quentin Richardson,Carmelo Anthony,Chauncey Billups,J.R. Smith,Kenyon Martin,Nene Hilario,2,4:47,DEN,free throw,,,,,,,1,,2,Chauncey Billups,,,foul,made,,,,
Dwyane Wade,James Jones,Jermaine O'Neal,Michael Beasley,Quentin Richardson,Carmelo Anthony,Chauncey Billups,J.R. Smith,Kenyon Martin,Nene Hilario,2,4:47,MIA,sub,,,,James Jones,,Mario Chalmers,,,,,,,,,,,,
Dwyane Wade,James Jones,Jermaine O'Neal,Michael Beasley,Quentin Richardson,Carmelo Anthony,Chauncey Billups,Chris Andersen,J.R. Smith,Kenyon Martin,2,4:47,DEN,sub,,,,Chris Andersen,,Nene Hilario,,,,,,,,,,,,
Dwyane Wade,James Jones,Jermaine O'Neal,Michael Beasley,Quentin Richardson,Carmelo Anthony,Chauncey Billups,Chris Andersen,J.R. Smith,Kenyon Martin,2,4:47,DEN,free throw,,,,,,,2,,2,Chauncey Billups,,,foul,made,,,,
Dwyane Wade,James Jones,Jermaine O'Neal,Michael Beasley,Quentin Richardson,Carmelo Anthony,Chauncey Billups,Chris Andersen,J.R. Smith,Kenyon Martin,2,4:32,MIA,shot,,,Chris Andersen,,,,,,,Michael Beasley,,,,missed,,dunk,25,6
Dwyane Wade,James Jones,Jermaine O'Neal,Michael Beasley,Quentin Richardson,Carmelo Anthony,Chauncey Billups,Chris Andersen,J.R. Smith,Kenyon Martin,2,4:29,DEN,rebound,,,,,,,,,,Chris Andersen,,,,,,def,,
Dwyane Wade,James Jones,Jermaine O'Neal,Michael Beasley,Quentin Richardson,Carmelo Anthony,Chauncey Billups,Chris Andersen,J.R. Smith,Kenyon Martin,2,4:23,DEN,shot,,,,,,,,,,Carmelo Anthony,,,,missed,,3pt,44,22
Dwyane Wade,James Jones,Jermaine O'Neal,Michael Beasley,Quentin Richardson,Carmelo Anthony,Chauncey Billups,Chris Andersen,J.R. Smith,Kenyon Martin,2,4:19,DEN,rebound,,,,,,,,,,J.R. Smith,,,,,,off,,
Dwyane Wade,James Jones,Jermaine O'Neal,Michael Beasley,Quentin Richardson,Carmelo Anthony,Chauncey Billups,Chris Andersen,J.R. Smith,Kenyon Martin,2,4:14,DEN,shot,Chauncey Billups,,,,,,,,,J.R. Smith,3,,,made,,3pt,1,10
Dwyane Wade,James Jones,Jermaine O'Neal,Michael Beasley,Quentin Richardson,Carmelo Anthony,Chauncey Billups,Chris Andersen,J.R. Smith,Kenyon Martin,2,4:06,MIA,timeout,,,,,,,,,,,,,,,,regular,,
Dwyane Wade,James Jones,Jermaine O'Neal,Michael Beasley,Quentin Richardson,Carmelo Anthony,Chauncey Billups,Chris Andersen,J.R. Smith,Kenyon Martin,2,4:00,DEN,foul,,,,,,,,Michael Beasley,,Kenyon Martin,,,,,,shooting,,
Dwyane Wade,James Jones,Jermaine O'Neal,Michael Beasley,Quentin Richardson,Carmelo Anthony,Chauncey Billups,Chris Andersen,J.R. Smith,Kenyon Martin,2,4:00,MIA,free throw,,,,,,,1,,2,Michael Beasley,,,foul,missed,,,,
Dwyane Wade,James Jones,Jermaine O'Neal,Michael Beasley,Quentin Richardson,Carmelo Anthony,Chauncey Billups,Chris Andersen,J.R. Smith,Kenyon Martin,2,4:00,MIA,rebound,,,,,,,,,,,,,,,,,,
Dwyane Wade,James Jones,Michael Beasley,Quentin Richardson,Udonis Haslem,Carmelo Anthony,Chauncey Billups,Chris Andersen,J.R. Smith,Kenyon Martin,2,4:00,MIA,sub,,,,Udonis Haslem,,Jermaine O'Neal,,,,,,,,,,,,
Dwyane Wade,James Jones,Michael Beasley,Quentin Richardson,Udonis Haslem,Carmelo Anthony,Chauncey Billups,Chris Andersen,J.R. Smith,Kenyon Martin,2,4:00,MIA,free throw,,,,,,,2,,2,Michael Beasley,,,foul,made,,,,
Dwyane Wade,James Jones,Michael Beasley,Quentin Richardson,Udonis Haslem,Carmelo Anthony,Chauncey Billups,Chris Andersen,J.R. Smith,Kenyon Martin,2,3:48,DEN,turnover,,,,,,,,,,Kenyon Martin,,,offensive goaltending,,,,,
Dwyane Wade,James Jones,Michael Beasley,Quentin Richardson,Udonis Haslem,Carmelo Anthony,Chauncey Billups,Chris Andersen,J.R. Smith,Kenyon Martin,2,3:34,DEN,foul,,,,,,,,Dwyane Wade,,Chris Andersen,,,,,,shooting,,
Dwyane Wade,James Jones,Michael Beasley,Quentin Richardson,Udonis Haslem,Carmelo Anthony,Chauncey Billups,Chris Andersen,J.R. Smith,Kenyon Martin,2,3:34,MIA,free throw,,,,,,,1,,2,Dwyane Wade,,,foul,made,,,,
Dwyane Wade,James Jones,Michael Beasley,Quentin Richardson,Udonis Haslem,Carmelo Anthony,Chauncey Billups,Chris Andersen,J.R. Smith,Kenyon Martin,2,3:34,MIA,free throw,,,,,,,2,,2,Dwyane Wade,,,foul,made,,,,
Dwyane Wade,James Jones,Michael Beasley,Quentin Richardson,Udonis Haslem,Carmelo Anthony,Chauncey Billups,Chris Andersen,J.R. Smith,Kenyon Martin,2,3:19,DEN,shot,Chauncey Billups,,,,,,,,,J.R. Smith,3,,,made,,3pt,18,31
Dwyane Wade,James Jones,Michael Beasley,Quentin Richardson,Udonis Haslem,Carmelo Anthony,Chauncey Billups,Chris Andersen,J.R. Smith,Kenyon Martin,2,3:06,DEN,foul,,,,,,,,Udonis Haslem,,Chauncey Billups,,,,,,shooting,,
Dwyane Wade,James Jones,Michael Beasley,Quentin Richardson,Udonis Haslem,Carmelo Anthony,Chauncey Billups,Chris Andersen,J.R. Smith,Kenyon Martin,2,3:06,MIA,free throw,,,,,,,1,,2,Udonis Haslem,,,foul,made,,,,
Dwyane Wade,James Jones,Michael Beasley,Quentin Richardson,Udonis Haslem,Carmelo Anthony,Chauncey Billups,Chris Andersen,J.R. Smith,Kenyon Martin,2,3:06,MIA,free throw,,,,,,,2,,2,Udonis Haslem,,,foul,missed,,,,
Dwyane Wade,James Jones,Michael Beasley,Quentin Richardson,Udonis Haslem,Carmelo Anthony,Chauncey Billups,Chris Andersen,J.R. Smith,Kenyon Martin,2,3:06,DEN,rebound,,,,,,,,,,Chauncey Billups,,,,,,def,,
Dwyane Wade,James Jones,Michael Beasley,Quentin Richardson,Udonis Haslem,Carmelo Anthony,Chauncey Billups,Chris Andersen,J.R. Smith,Kenyon Martin,2,2:53,MIA,foul,,,,,,,,Carmelo Anthony,,Quentin Richardson,,,,,,shooting,,
Dwyane Wade,James Jones,Michael Beasley,Quentin Richardson,Udonis Haslem,Carmelo Anthony,Chauncey Billups,Chris Andersen,J.R. Smith,Kenyon Martin,2,2:53,DEN,free throw,,,,,,,1,,2,Carmelo Anthony,,,foul,made,,,,
Dwyane Wade,James Jones,Michael Beasley,Quentin Richardson,Udonis Haslem,Carmelo Anthony,Chauncey Billups,Chris Andersen,J.R. Smith,Kenyon Martin,2,2:53,DEN,free throw,,,,,,,2,,2,Carmelo Anthony,,,foul,made,,,,
Dwyane Wade,James Jones,Michael Beasley,Quentin Richardson,Udonis Haslem,Carmelo Anthony,Chauncey Billups,Chris Andersen,J.R. Smith,Kenyon Martin,2,2:38,MIA,shot,,,,,,,,,,Michael Beasley,,,,missed,,jump,26,26
Dwyane Wade,James Jones,Michael Beasley,Quentin Richardson,Udonis Haslem,Carmelo Anthony,Chauncey Billups,Chris Andersen,J.R. Smith,Kenyon Martin,2,2:38,DEN,rebound,,,,,,,,,,Chauncey Billups,,,,,,def,,
Dwyane Wade,James Jones,Michael Beasley,Quentin Richardson,Udonis Haslem,Carmelo Anthony,Chauncey Billups,Chris Andersen,J.R. Smith,Kenyon Martin,2,2:21,MIA,foul,,,,,,,,Chris Andersen,,Michael Beasley,,,,,,shooting,,
Dwyane Wade,James Jones,Michael Beasley,Quentin Richardson,Udonis Haslem,Carmelo Anthony,Chauncey Billups,Chris Andersen,J.R. Smith,Kenyon Martin,2,2:21,DEN,free throw,,,,,,,1,,2,Chris Andersen,,,foul,made,,,,
Dwyane Wade,James Jones,Michael Beasley,Quentin Richardson,Udonis Haslem,Carmelo Anthony,Chauncey Billups,Chris Andersen,J.R. Smith,Kenyon Martin,2,2:21,DEN,free throw,,,,,,,2,,2,Chris Andersen,,,foul,made,,,,
Dwyane Wade,James Jones,Michael Beasley,Quentin Richardson,Udonis Haslem,Carmelo Anthony,Chauncey Billups,Chris Andersen,J.R. Smith,Kenyon Martin,2,2:05,MIA,shot,James Jones,,,,,,,,,Quentin Richardson,3,,,made,,3pt,15,29
Dwyane Wade,James Jones,Michael Beasley,Quentin Richardson,Udonis Haslem,Carmelo Anthony,Chauncey Billups,Chris Andersen,J.R. Smith,Kenyon Martin,2,1:42,MIA,foul,,,,,,,,J.R. Smith,,James Jones,,,,,,shooting,,
Dwyane Wade,James Jones,Michael Beasley,Quentin Richardson,Udonis Haslem,Carmelo Anthony,Chauncey Billups,Chris Andersen,J.R. Smith,Kenyon Martin,2,1:42,DEN,free throw,,,,,,,1,,3,J.R. Smith,,,foul,made,,,,
Dorell Wright,Dwyane Wade,Michael Beasley,Quentin Richardson,Udonis Haslem,Carmelo Anthony,Chauncey Billups,Chris Andersen,J.R. Smith,Kenyon Martin,2,1:42,MIA,sub,,,,Dorell Wright,,James Jones,,,,,,,,,,,,
Dorell Wright,Dwyane Wade,Michael Beasley,Quentin Richardson,Udonis Haslem,Carmelo Anthony,Chauncey Billups,Chris Andersen,J.R. Smith,Kenyon Martin,2,1:42,DEN,free throw,,,,,,,2,,3,J.R. Smith,,,foul,made,,,,
Dorell Wright,Dwyane Wade,Michael Beasley,Quentin Richardson,Udonis Haslem,Carmelo Anthony,Chauncey Billups,Chris Andersen,J.R. Smith,Kenyon Martin,2,1:42,DEN,free throw,,,,,,,3,,3,J.R. Smith,,,foul,made,,,,
Dorell Wright,Dwyane Wade,Michael Beasley,Quentin Richardson,Udonis Haslem,Carmelo Anthony,Chauncey Billups,Chris Andersen,J.R. Smith,Kenyon Martin,2,1:29,MIA,shot,,,,,,,,,,Dwyane Wade,,,,missed,,jump,23,13
Dorell Wright,Dwyane Wade,Michael Beasley,Quentin Richardson,Udonis Haslem,Carmelo Anthony,Chauncey Billups,Chris Andersen,J.R. Smith,Kenyon Martin,2,1:26,MIA,rebound,,,,,,,,,,Udonis Haslem,,,,,,off,,
Dorell Wright,Dwyane Wade,Michael Beasley,Quentin Richardson,Udonis Haslem,Carmelo Anthony,Chauncey Billups,Chris Andersen,J.R. Smith,Kenyon Martin,2,1:26,MIA,shot,,,,,,,,,,Udonis Haslem,,,,missed,,tip,25,6
Dorell Wright,Dwyane Wade,Michael Beasley,Quentin Richardson,Udonis Haslem,Carmelo Anthony,Chauncey Billups,Chris Andersen,J.R. Smith,Kenyon Martin,2,1:24,MIA,rebound,,,,,,,,,,Dwyane Wade,,,,,,off,,
Dorell Wright,Dwyane Wade,Michael Beasley,Quentin Richardson,Udonis Haslem,Carmelo Anthony,Chauncey Billups,Chris Andersen,J.R. Smith,Kenyon Martin,2,1:23,MIA,shot,,,,,,,,,,Dwyane Wade,2,,,made,,layup,25,6
Dorell Wright,Dwyane Wade,Michael Beasley,Quentin Richardson,Udonis Haslem,Carmelo Anthony,Chauncey Billups,Chris Andersen,J.R. Smith,Kenyon Martin,2,1:15,DEN,shot,,,,,,,,,,J.R. Smith,,,,missed,,3pt,48,19
Dorell Wright,Dwyane Wade,Michael Beasley,Quentin Richardson,Udonis Haslem,Carmelo Anthony,Chauncey Billups,Chris Andersen,J.R. Smith,Kenyon Martin,2,1:13,MIA,rebound,,,,,,,,,,Dwyane Wade,,,,,,def,,
Dorell Wright,Dwyane Wade,Michael Beasley,Quentin Richardson,Udonis Haslem,Carmelo Anthony,Chauncey Billups,Chris Andersen,J.R. Smith,Kenyon Martin,2,1:04,MIA,shot,,,,,,,,,,Udonis Haslem,,,,missed,,fade away jumper,24,11
Dorell Wright,Dwyane Wade,Michael Beasley,Quentin Richardson,Udonis Haslem,Carmelo Anthony,Chauncey Billups,Chris Andersen,J.R. Smith,Kenyon Martin,2,1:03,DEN,rebound,,,,,,,,,,J.R. Smith,,,,,,def,,
Dorell Wright,Dwyane Wade,Michael Beasley,Quentin Richardson,Udonis Haslem,Carmelo Anthony,Chauncey Billups,Chris Andersen,J.R. Smith,Kenyon Martin,2,0:55,DEN,turnover,,,,,,,,,,Carmelo Anthony,,,bad pass,,Dwyane Wade,,,
Dorell Wright,Dwyane Wade,Michael Beasley,Quentin Richardson,Udonis Haslem,Carmelo Anthony,Chauncey Billups,Chris Andersen,J.R. Smith,Kenyon Martin,2,0:52,MIA,foul,,,,,,,,Chris Andersen,,Dwyane Wade,,,,,,offensive,,
Dorell Wright,Dwyane Wade,Michael Beasley,Quentin Richardson,Udonis Haslem,Carmelo Anthony,Chauncey Billups,Chris Andersen,J.R. Smith,Kenyon Martin,2,0:52,MIA,turnover,,,,,,,,,,Dwyane Wade,,,foul,,,,,
Dorell Wright,Dwyane Wade,Michael Beasley,Quentin Richardson,Udonis Haslem,Chauncey Billups,Chris Andersen,J.R. Smith,Joey Graham,Kenyon Martin,2,0:52,DEN,sub,,,,Joey Graham,,Carmelo Anthony,,,,,,,,,,,,
Dorell Wright,Dwyane Wade,Michael Beasley,Quentin Richardson,Udonis Haslem,Chris Andersen,J.R. Smith,Joey Graham,Kenyon Martin,Ty Lawson,2,0:52,DEN,sub,,,,Ty Lawson,,Chauncey Billups,,,,,,,,,,,,
Dorell Wright,Dwyane Wade,Michael Beasley,Quentin Richardson,Udonis Haslem,Chris Andersen,J.R. Smith,Joey Graham,Kenyon Martin,Ty Lawson,2,0:41,DEN,turnover,,,,,,,,,,J.R. Smith,,,lost ball,,Udonis Haslem,,,
Dorell Wright,Dwyane Wade,Michael Beasley,Quentin Richardson,Udonis Haslem,Chris Andersen,J.R. Smith,Joey Graham,Kenyon Martin,Ty Lawson,2,0:38,MIA,shot,,,,,,,,,,Dorell Wright,2,,,made,,layup,25,6
Dorell Wright,Dwyane Wade,Michael Beasley,Quentin Richardson,Udonis Haslem,Chris Andersen,J.R. Smith,Joey Graham,Kenyon Martin,Ty Lawson,2,0:20,MIA,foul,,,,,,,,Chris Andersen,,Udonis Haslem,,,,,,shooting,,
Dorell Wright,Dwyane Wade,Michael Beasley,Quentin Richardson,Udonis Haslem,Chris Andersen,J.R. Smith,Joey Graham,Nene Hilario,Ty Lawson,2,0:20,DEN,sub,,,,Nene Hilario,,Kenyon Martin,,,,,,,,,,,,
Dorell Wright,Dwyane Wade,Michael Beasley,Quentin Richardson,Udonis Haslem,Chris Andersen,J.R. Smith,Joey Graham,Nene Hilario,Ty Lawson,2,0:20,DEN,free throw,,,,,,,1,,2,Chris Andersen,,,foul,made,,,,
Dorell Wright,Dwyane Wade,Michael Beasley,Quentin Richardson,Udonis Haslem,Chris Andersen,J.R. Smith,Joey Graham,Nene Hilario,Ty Lawson,2,0:20,DEN,free throw,,,,,,,2,,2,Chris Andersen,,,foul,missed,,,,
Dorell Wright,Dwyane Wade,Michael Beasley,Quentin Richardson,Udonis Haslem,Chris Andersen,J.R. Smith,Joey Graham,Nene Hilario,Ty Lawson,2,0:19,MIA,rebound,,,,,,,,,,Michael Beasley,,,,,,def,,
Dorell Wright,Dwyane Wade,Michael Beasley,Quentin Richardson,Udonis Haslem,Chris Andersen,J.R. Smith,Joey Graham,Nene Hilario,Ty Lawson,2,0:03,DEN,foul,,,,,,,,Dwyane Wade,,J.R. Smith,,,,,,personal,,
Dorell Wright,Dwyane Wade,Michael Beasley,Quentin Richardson,Udonis Haslem,Chris Andersen,J.R. Smith,Joey Graham,Nene Hilario,Ty Lawson,2,0:03,MIA,free throw,,,,,,,1,,2,Dwyane Wade,,,foul,missed,,,,
Dorell Wright,Dwyane Wade,Michael Beasley,Quentin Richardson,Udonis Haslem,Chris Andersen,J.R. Smith,Joey Graham,Nene Hilario,Ty Lawson,2,0:03,MIA,rebound,,,,,,,,,,,,,,,,,,
Dorell Wright,Dwyane Wade,Michael Beasley,Quentin Richardson,Udonis Haslem,Chris Andersen,J.R. Smith,Joey Graham,Nene Hilario,Ty Lawson,2,0:03,DEN,timeout,,,,,,,,,,,,,,,,short,,
Dorell Wright,Dwyane Wade,Michael Beasley,Quentin Richardson,Udonis Haslem,Chris Andersen,J.R. Smith,Joey Graham,Nene Hilario,Ty Lawson,2,0:03,MIA,free throw,,,,,,,2,,2,Dwyane Wade,,,foul,made,,,,
Dorell Wright,Dwyane Wade,Michael Beasley,Quentin Richardson,Udonis Haslem,Chris Andersen,J.R. Smith,Joey Graham,Nene Hilario,Ty Lawson,2,0:00,DEN,shot,,,,,,,,,,Ty Lawson,,,,missed,,jump,13,13
Dorell Wright,Dwyane Wade,Michael Beasley,Quentin Richardson,Udonis Haslem,Chris Andersen,J.R. Smith,Joey Graham,Nene Hilario,Ty Lawson,2,0:00,DEN,rebound,,,,,,,,,,,,,,,,,,
Dwyane Wade,Jermaine O'Neal,Mario Chalmers,Michael Beasley,Quentin Richardson,Arron Afflalo,Carmelo Anthony,Chauncey Billups,Kenyon Martin,Nene Hilario,3,11:46,DEN,shot,,,Quentin Richardson,,,,,,,Nene Hilario,,,,missed,,layup,,
Dwyane Wade,Jermaine O'Neal,Mario Chalmers,Michael Beasley,Quentin Richardson,Arron Afflalo,Carmelo Anthony,Chauncey Billups,Kenyon Martin,Nene Hilario,3,11:45,MIA,rebound,,,,,,,,,,Mario Chalmers,,,,,,def,,
Dwyane Wade,Jermaine O'Neal,Mario Chalmers,Michael Beasley,Quentin Richardson,Arron Afflalo,Carmelo Anthony,Chauncey Billups,Kenyon Martin,Nene Hilario,3,11:40,MIA,shot,Mario Chalmers,,,,,,,,,Dwyane Wade,2,,,made,,dunk,25,6
Dwyane Wade,Jermaine O'Neal,Mario Chalmers,Michael Beasley,Quentin Richardson,Arron Afflalo,Carmelo Anthony,Chauncey Billups,Kenyon Martin,Nene Hilario,3,11:27,MIA,foul,,,,,,,,Nene Hilario,,Jermaine O'Neal,,,,,,personal,,
Dwyane Wade,Jermaine O'Neal,Mario Chalmers,Michael Beasley,Quentin Richardson,Arron Afflalo,Carmelo Anthony,Chauncey Billups,Kenyon Martin,Nene Hilario,3,11:24,MIA,foul,,,,,,,,Carmelo Anthony,,Quentin Richardson,,,,,,personal,,
Dwyane Wade,Jermaine O'Neal,Mario Chalmers,Michael Beasley,Quentin Richardson,Arron Afflalo,Carmelo Anthony,Chauncey Billups,Kenyon Martin,Nene Hilario,3,11:15,DEN,turnover,,,,,,,,,,Carmelo Anthony,,,bad pass,,Mario Chalmers,,,
Dwyane Wade,Jermaine O'Neal,Mario Chalmers,Michael Beasley,Quentin Richardson,Arron Afflalo,Carmelo Anthony,Chauncey Billups,Kenyon Martin,Nene Hilario,3,10:56,MIA,shot,,,,,,,,,,Quentin Richardson,,,,missed,,3pt,3,19
Dwyane Wade,Jermaine O'Neal,Mario Chalmers,Michael Beasley,Quentin Richardson,Arron Afflalo,Carmelo Anthony,Chauncey Billups,Kenyon Martin,Nene Hilario,3,10:55,DEN,rebound,,,,,,,,,,Kenyon Martin,,,,,,def,,
Dwyane Wade,Jermaine O'Neal,Mario Chalmers,Michael Beasley,Quentin Richardson,Arron Afflalo,Carmelo Anthony,Chauncey Billups,Kenyon Martin,Nene Hilario,3,10:43,DEN,shot,Chauncey Billups,,,,,,,,,Carmelo Anthony,3,,,made,,3pt,39,26
Dwyane Wade,Jermaine O'Neal,Mario Chalmers,Michael Beasley,Quentin Richardson,Arron Afflalo,Carmelo Anthony,Chauncey Billups,Kenyon Martin,Nene Hilario,3,10:29,MIA,shot,,,,,,,,,,Mario Chalmers,2,,,made,,jump,9,17
Dwyane Wade,Jermaine O'Neal,Mario Chalmers,Michael Beasley,Quentin Richardson,Arron Afflalo,Carmelo Anthony,Chauncey Billups,Kenyon Martin,Nene Hilario,3,10:13,MIA,foul,,,,,,,,Chauncey Billups,,Mario Chalmers,,,,,,shooting,,
Dwyane Wade,Jermaine O'Neal,Mario Chalmers,Michael Beasley,Quentin Richardson,Arron Afflalo,Carmelo Anthony,Chauncey Billups,Kenyon Martin,Nene Hilario,3,10:13,DEN,free throw,,,,,,,1,,2,Chauncey Billups,,,foul,made,,,,
Dwyane Wade,Jermaine O'Neal,Mario Chalmers,Michael Beasley,Quentin Richardson,Arron Afflalo,Carmelo Anthony,Chauncey Billups,Kenyon Martin,Nene Hilario,3,10:13,DEN,free throw,,,,,,,2,,2,Chauncey Billups,,,foul,made,,,,
Dwyane Wade,Jermaine O'Neal,Mario Chalmers,Michael Beasley,Quentin Richardson,Arron Afflalo,Carmelo Anthony,Chauncey Billups,Kenyon Martin,Nene Hilario,3,9:59,MIA,shot,,,,,,,,,,Mario Chalmers,2,,,made,,floating jump,26,13
Dwyane Wade,Jermaine O'Neal,Mario Chalmers,Michael Beasley,Quentin Richardson,Arron Afflalo,Carmelo Anthony,Chauncey Billups,Kenyon Martin,Nene Hilario,3,9:39,DEN,shot,,,,,,,,,,Kenyon Martin,2,,,made,,running jump,24,13
Dwyane Wade,Jermaine O'Neal,Mario Chalmers,Michael Beasley,Quentin Richardson,Arron Afflalo,Carmelo Anthony,Chauncey Billups,Kenyon Martin,Nene Hilario,3,9:39,MIA,foul,,,,,,,,Kenyon Martin,,Michael Beasley,,,,,,shooting,,
Dwyane Wade,Jermaine O'Neal,Mario Chalmers,Michael Beasley,Quentin Richardson,Arron Afflalo,Carmelo Anthony,Chauncey Billups,Kenyon Martin,Nene Hilario,3,9:39,DEN,free throw,,,,,,,1,,1,Kenyon Martin,,,foul,made,,,,
Dwyane Wade,Jermaine O'Neal,Mario Chalmers,Michael Beasley,Quentin Richardson,Arron Afflalo,Carmelo Anthony,Chauncey Billups,Kenyon Martin,Nene Hilario,3,9:25,MIA,shot,,,Kenyon Martin,,,,,,,Mario Chalmers,,,,missed,,floating jump,30,12
Dwyane Wade,Jermaine O'Neal,Mario Chalmers,Michael Beasley,Quentin Richardson,Arron Afflalo,Carmelo Anthony,Chauncey Billups,Kenyon Martin,Nene Hilario,3,9:24,DEN,rebound,,,,,,,,,,,,,,,,,,
Dwyane Wade,Jermaine O'Neal,Mario Chalmers,Michael Beasley,Quentin Richardson,Arron Afflalo,Carmelo Anthony,Chauncey Billups,Kenyon Martin,Nene Hilario,3,9:03,DEN,shot,,,,,,,,,,Nene Hilario,,,,missed,,running hook,,
Dwyane Wade,Jermaine O'Neal,Mario Chalmers,Michael Beasley,Quentin Richardson,Arron Afflalo,Carmelo Anthony,Chauncey Billups,Kenyon Martin,Nene Hilario,3,9:03,MIA,rebound,,,,,,,,,,Dwyane Wade,,,,,,def,,
Dwyane Wade,Jermaine O'Neal,Mario Chalmers,Michael Beasley,Quentin Richardson,Arron Afflalo,Carmelo Anthony,Chauncey Billups,Kenyon Martin,Nene Hilario,3,8:53,MIA,shot,,,,,,,,,,Michael Beasley,,,,missed,,jump,9,15
Dwyane Wade,Jermaine O'Neal,Mario Chalmers,Michael Beasley,Quentin Richardson,Arron Afflalo,Carmelo Anthony,Chauncey Billups,Kenyon Martin,Nene Hilario,3,8:53,DEN,rebound,,,,,,,,,,Nene Hilario,,,,,,def,,
Dwyane Wade,Jermaine O'Neal,Mario Chalmers,Michael Beasley,Quentin Richardson,Arron Afflalo,Carmelo Anthony,Chauncey Billups,Kenyon Martin,Nene Hilario,3,8:51,MIA,foul,,,,,,,,Kenyon Martin,,Michael Beasley,,,,,,personal,,
Dwyane Wade,Jermaine O'Neal,Mario Chalmers,Michael Beasley,Quentin Richardson,Arron Afflalo,Carmelo Anthony,Chauncey Billups,Kenyon Martin,Nene Hilario,3,8:51,DEN,free throw,,,,,,,1,,2,Kenyon Martin,,,foul,made,,,,
Dwyane Wade,Jermaine O'Neal,Mario Chalmers,Michael Beasley,Quentin Richardson,Arron Afflalo,Carmelo Anthony,Chauncey Billups,Kenyon Martin,Nene Hilario,3,8:51,DEN,free throw,,,,,,,2,,2,Kenyon Martin,,,foul,made,,,,
Dwyane Wade,Jermaine O'Neal,Mario Chalmers,Michael Beasley,Quentin Richardson,Arron Afflalo,Carmelo Anthony,Chauncey Billups,Kenyon Martin,Nene Hilario,3,8:38,MIA,shot,,,,,,,,,,Michael Beasley,2,,,made,,driving layup,25,6
Dwyane Wade,Jermaine O'Neal,Mario Chalmers,Michael Beasley,Quentin Richardson,Arron Afflalo,Carmelo Anthony,Chauncey Billups,Kenyon Martin,Nene Hilario,3,8:21,DEN,shot,,,,,,,,,,Arron Afflalo,,,,missed,,jump,33,9
Dwyane Wade,Jermaine O'Neal,Mario Chalmers,Michael Beasley,Quentin Richardson,Arron Afflalo,Carmelo Anthony,Chauncey Billups,Kenyon Martin,Nene Hilario,3,8:20,DEN,rebound,,,,,,,,,,Arron Afflalo,,,,,,off,,
Dwyane Wade,Jermaine O'Neal,Mario Chalmers,Michael Beasley,Quentin Richardson,Arron Afflalo,Carmelo Anthony,Chauncey Billups,Kenyon Martin,Nene Hilario,3,8:18,DEN,shot,,,,,,,,,,Arron Afflalo,2,,,made,,layup,25,6
Dwyane Wade,Jermaine O'Neal,Mario Chalmers,Michael Beasley,Quentin Richardson,Arron Afflalo,Carmelo Anthony,Chauncey Billups,Chris Andersen,Kenyon Martin,3,8:04,DEN,sub,,,,Chris Andersen,,Nene Hilario,,,,,,,,,,,,
Dwyane Wade,Jermaine O'Neal,Mario Chalmers,Michael Beasley,Quentin Richardson,Arron Afflalo,Carmelo Anthony,Chauncey Billups,Chris Andersen,Kenyon Martin,3,7:50,MIA,shot,,,Kenyon Martin,,,,,,,Michael Beasley,,,,missed,,hook,25,12
Dwyane Wade,Jermaine O'Neal,Mario Chalmers,Michael Beasley,Quentin Richardson,Arron Afflalo,Carmelo Anthony,Chauncey Billups,Chris Andersen,Kenyon Martin,3,7:49,DEN,rebound,,,,,,,,,,Chris Andersen,,,,,,def,,
Dwyane Wade,Jermaine O'Neal,Mario Chalmers,Michael Beasley,Quentin Richardson,Arron Afflalo,Carmelo Anthony,Chauncey Billups,Chris Andersen,Kenyon Martin,3,7:46,MIA,foul,,,,,,,,Chauncey Billups,,Dwyane Wade,,,,,,personal,,
Dwyane Wade,Jermaine O'Neal,Mario Chalmers,Michael Beasley,Quentin Richardson,Arron Afflalo,Carmelo Anthony,Chauncey Billups,Chris Andersen,Kenyon Martin,3,7:46,DEN,free throw,,,,,,,1,,2,Chauncey Billups,,,foul,made,,,,
Dwyane Wade,Jermaine O'Neal,Mario Chalmers,Michael Beasley,Quentin Richardson,Arron Afflalo,Carmelo Anthony,Chauncey Billups,Chris Andersen,Kenyon Martin,3,7:46,DEN,free throw,,,,,,,2,,2,Chauncey Billups,,,foul,made,,,,
Dwyane Wade,Jermaine O'Neal,Mario Chalmers,Michael Beasley,Quentin Richardson,Arron Afflalo,Carmelo Anthony,Chauncey Billups,Chris Andersen,Kenyon Martin,3,7:31,DEN,foul,,,,,,,,Mario Chalmers,,Carmelo Anthony,,,,,,personal,,
Dwyane Wade,Jermaine O'Neal,Mario Chalmers,Michael Beasley,Quentin Richardson,Arron Afflalo,Carmelo Anthony,Chauncey Billups,Chris Andersen,Kenyon Martin,3,7:28,MIA,shot,Quentin Richardson,,,,,,,,,Jermaine O'Neal,2,,,made,,driving dunk,25,6
Dwyane Wade,Jermaine O'Neal,Mario Chalmers,Michael Beasley,Quentin Richardson,Arron Afflalo,Carmelo Anthony,Chauncey Billups,Chris Andersen,Kenyon Martin,3,7:07,DEN,turnover,,,,,,,,,,Arron Afflalo,,,lost ball,,Quentin Richardson,,,
Dwyane Wade,Jermaine O'Neal,Mario Chalmers,Michael Beasley,Quentin Richardson,Arron Afflalo,Carmelo Anthony,Chauncey Billups,Chris Andersen,Kenyon Martin,3,6:57,MIA,shot,,,,,,,,,,Dwyane Wade,2,,,made,,jump,35,26
Dwyane Wade,Jermaine O'Neal,Mario Chalmers,Michael Beasley,Quentin Richardson,Arron Afflalo,Carmelo Anthony,Chauncey Billups,Chris Andersen,Kenyon Martin,3,6:40,DEN,shot,,,,,,,,,,Carmelo Anthony,2,,,made,,jump,8,13
Dwyane Wade,Jermaine O'Neal,Mario Chalmers,Michael Beasley,Quentin Richardson,Arron Afflalo,Carmelo Anthony,Chauncey Billups,Chris Andersen,Kenyon Martin,3,6:21,MIA,turnover,,,,,,,,,,Michael Beasley,,,step out of bounds turnover,,,,,
Dwyane Wade,Jermaine O'Neal,Mario Chalmers,Michael Beasley,Quentin Richardson,Arron Afflalo,Carmelo Anthony,Chauncey Billups,Chris Andersen,Kenyon Martin,3,6:08,DEN,shot,Kenyon Martin,,,,,,,,,Arron Afflalo,3,,,made,,3pt,48,8
Dwyane Wade,Jermaine O'Neal,Mario Chalmers,Michael Beasley,Quentin Richardson,Arron Afflalo,Carmelo Anthony,Chauncey Billups,Chris Andersen,Kenyon Martin,3,6:08,MIA,timeout,,,,,,,,,,,,,,,,regular,,
Dwyane Wade,Jermaine O'Neal,Mario Chalmers,Quentin Richardson,Udonis Haslem,Arron Afflalo,Carmelo Anthony,Chauncey Billups,Chris Andersen,Kenyon Martin,3,6:08,MIA,sub,,,,Udonis Haslem,,Michael Beasley,,,,,,,,,,,,
Dwyane Wade,Jermaine O'Neal,Mario Chalmers,Quentin Richardson,Udonis Haslem,Arron Afflalo,Carmelo Anthony,Chauncey Billups,Chris Andersen,Kenyon Martin,3,5:58,DEN,foul,,,,,,,,Dwyane Wade,,Arron Afflalo,,,,,,shooting,,
Dwyane Wade,Jermaine O'Neal,Mario Chalmers,Quentin Richardson,Udonis Haslem,Arron Afflalo,Carmelo Anthony,Chauncey Billups,Chris Andersen,Kenyon Martin,3,5:58,MIA,free throw,,,,,,,1,,2,Dwyane Wade,,,foul,made,,,,
Dwyane Wade,Jermaine O'Neal,Mario Chalmers,Quentin Richardson,Udonis Haslem,Arron Afflalo,Carmelo Anthony,Chauncey Billups,Chris Andersen,Kenyon Martin,3,5:58,MIA,free throw,,,,,,,2,,2,Dwyane Wade,,,foul,made,,,,
Dwyane Wade,Jermaine O'Neal,Mario Chalmers,Quentin Richardson,Udonis Haslem,Arron Afflalo,Carmelo Anthony,Chauncey Billups,Chris Andersen,Kenyon Martin,3,5:34,DEN,shot,,,,,,,,,,Carmelo Anthony,,,,missed,,3pt,5,22
Dwyane Wade,Jermaine O'Neal,Mario Chalmers,Quentin Richardson,Udonis Haslem,Arron Afflalo,Carmelo Anthony,Chauncey Billups,Chris Andersen,Kenyon Martin,3,5:33,MIA,rebound,,,,,,,,,,Udonis Haslem,,,,,,def,,
Dwyane Wade,Jermaine O'Neal,Mario Chalmers,Quentin Richardson,Udonis Haslem,Arron Afflalo,Carmelo Anthony,Chauncey Billups,Chris Andersen,Kenyon Martin,3,5:14,MIA,shot,,,,,,,,,,Mario Chalmers,,,,missed,,3pt,23,31
Dwyane Wade,Jermaine O'Neal,Mario Chalmers,Quentin Richardson,Udonis Haslem,Arron Afflalo,Carmelo Anthony,Chauncey Billups,Chris Andersen,Kenyon Martin,3,5:13,MIA,rebound,,,,,,,,,,Udonis Haslem,,,,,,off,,
Dwyane Wade,Jermaine O'Neal,Mario Chalmers,Quentin Richardson,Udonis Haslem,Arron Afflalo,Carmelo Anthony,Chauncey Billups,Chris Andersen,Kenyon Martin,3,5:03,MIA,shot,,,,,,,,,,Dwyane Wade,,,,missed,,3pt,48,10
Dwyane Wade,Jermaine O'Neal,Mario Chalmers,Quentin Richardson,Udonis Haslem,Arron Afflalo,Carmelo Anthony,Chauncey Billups,Chris Andersen,Kenyon Martin,3,5:03,DEN,rebound,,,,,,,,,,Chris Andersen,,,,,,def,,
Dwyane Wade,Jermaine O'Neal,Mario Chalmers,Quentin Richardson,Udonis Haslem,Arron Afflalo,Carmelo Anthony,Chauncey Billups,Chris Andersen,Kenyon Martin,3,4:40,DEN,shot,,,,,,,,,,Arron Afflalo,2,,,made,,jump,4,13
Dwyane Wade,Jermaine O'Neal,Mario Chalmers,Quentin Richardson,Udonis Haslem,Arron Afflalo,Carmelo Anthony,Chauncey Billups,Chris Andersen,Kenyon Martin,3,4:26,MIA,shot,Mario Chalmers,,,,,,,,,Dwyane Wade,2,,,made,,jump,31,26
Dwyane Wade,Jermaine O'Neal,Mario Chalmers,Quentin Richardson,Udonis Haslem,Arron Afflalo,Carmelo Anthony,Chauncey Billups,Chris Andersen,Kenyon Martin,3,4:11,DEN,shot,Chauncey Billups,,,,,,,,,Kenyon Martin,2,,,made,,alley oop dunk,25,6
Dwyane Wade,Jermaine O'Neal,Mario Chalmers,Quentin Richardson,Udonis Haslem,Arron Afflalo,Carmelo Anthony,Chauncey Billups,Chris Andersen,Kenyon Martin,3,3:47,DEN,foul,,,,,,,,Mario Chalmers,,Kenyon Martin,,,,,,shooting,,
Dwyane Wade,Jermaine O'Neal,Mario Chalmers,Quentin Richardson,Udonis Haslem,Arron Afflalo,Carmelo Anthony,Chauncey Billups,J.R. Smith,Kenyon Martin,3,3:47,DEN,sub,,,,J.R. Smith,,Chris Andersen,,,,,,,,,,,,
Dwyane Wade,Jermaine O'Neal,Mario Chalmers,Quentin Richardson,Udonis Haslem,Carmelo Anthony,Chauncey Billups,J.R. Smith,Kenyon Martin,Nene Hilario,3,3:47,DEN,sub,,,,Nene Hilario,,Arron Afflalo,,,,,,,,,,,,
Dwyane Wade,Jermaine O'Neal,Mario Chalmers,Quentin Richardson,Udonis Haslem,Carmelo Anthony,Chauncey Billups,J.R. Smith,Kenyon Martin,Nene Hilario,3,3:47,MIA,free throw,,,,,,,1,,2,Mario Chalmers,,,foul,made,,,,
Dwyane Wade,Jermaine O'Neal,Mario Chalmers,Quentin Richardson,Udonis Haslem,Carmelo Anthony,Chauncey Billups,J.R. Smith,Kenyon Martin,Nene Hilario,3,3:47,MIA,free throw,,,,,,,2,,2,Mario Chalmers,,,foul,missed,,,,
Dwyane Wade,Jermaine O'Neal,Mario Chalmers,Quentin Richardson,Udonis Haslem,Carmelo Anthony,Chauncey Billups,J.R. Smith,Kenyon Martin,Nene Hilario,3,3:46,DEN,rebound,,,,,,,,,,J.R. Smith,,,,,,def,,
Dwyane Wade,Jermaine O'Neal,Mario Chalmers,Quentin Richardson,Udonis Haslem,Carmelo Anthony,Chauncey Billups,J.R. Smith,Kenyon Martin,Nene Hilario,3,3:32,MIA,foul,,,,,,,,Kenyon Martin,,Udonis Haslem,,,,,,shooting,,
Dwyane Wade,Jermaine O'Neal,Mario Chalmers,Quentin Richardson,Udonis Haslem,Carmelo Anthony,Chauncey Billups,J.R. Smith,Kenyon Martin,Nene Hilario,3,3:32,DEN,free throw,,,,,,,1,,2,Kenyon Martin,,,foul,made,,,,
Dwyane Wade,Jermaine O'Neal,Mario Chalmers,Quentin Richardson,Udonis Haslem,Carmelo Anthony,Chauncey Billups,J.R. Smith,Kenyon Martin,Nene Hilario,3,3:32,DEN,free throw,,,,,,,2,,2,Kenyon Martin,,,foul,missed,,,,
Dwyane Wade,Jermaine O'Neal,Mario Chalmers,Quentin Richardson,Udonis Haslem,Carmelo Anthony,Chauncey Billups,J.R. Smith,Kenyon Martin,Nene Hilario,3,3:30,DEN,rebound,,,,,,,,,,Nene Hilario,,,,,,off,,
Dwyane Wade,Jermaine O'Neal,Mario Chalmers,Quentin Richardson,Udonis Haslem,Carmelo Anthony,Chauncey Billups,J.R. Smith,Kenyon Martin,Nene Hilario,3,3:24,DEN,shot,Nene Hilario,,,,,,,,,Kenyon Martin,2,,,made,,jump hook,18,13
Dwyane Wade,Jermaine O'Neal,Mario Chalmers,Quentin Richardson,Udonis Haslem,Carmelo Anthony,Chauncey Billups,J.R. Smith,Kenyon Martin,Nene Hilario,3,3:03,MIA,shot,Mario Chalmers,,,,,,,,,Jermaine O'Neal,2,,,made,,jump,39,20
Dwyane Wade,Jermaine O'Neal,Mario Chalmers,Quentin Richardson,Udonis Haslem,Carmelo Anthony,Chauncey Billups,J.R. Smith,Kenyon Martin,Nene Hilario,3,2:44,DEN,turnover,,,,,,,,,,Carmelo Anthony,,,palming turnover,,,,,
Dwyane Wade,Jermaine O'Neal,Mario Chalmers,Quentin Richardson,Udonis Haslem,Carmelo Anthony,Chauncey Billups,J.R. Smith,Kenyon Martin,Nene Hilario,3,2:44,DEN,timeout,,,,,,,,,,,,,,,,regular,,
Dwyane Wade,Jermaine O'Neal,Mario Chalmers,Quentin Richardson,Udonis Haslem,Carmelo Anthony,Chauncey Billups,J.R. Smith,Kenyon Martin,Nene Hilario,3,2:31,MIA,shot,,,,,,,,,,Jermaine O'Neal,,,,missed,,fade away jumper,39,13
Dwyane Wade,Jermaine O'Neal,Mario Chalmers,Quentin Richardson,Udonis Haslem,Carmelo Anthony,Chauncey Billups,J.R. Smith,Kenyon Martin,Nene Hilario,3,2:30,DEN,rebound,,,,,,,,,,Nene Hilario,,,,,,def,,
Dwyane Wade,Jermaine O'Neal,Mario Chalmers,Quentin Richardson,Udonis Haslem,Carmelo Anthony,Chauncey Billups,J.R. Smith,Kenyon Martin,Nene Hilario,3,2:29,MIA,foul,,,,,,,,Nene Hilario,,Udonis Haslem,,,,,,personal,,
Dwyane Wade,Jermaine O'Neal,Mario Chalmers,Quentin Richardson,Udonis Haslem,Carmelo Anthony,Chauncey Billups,J.R. Smith,Kenyon Martin,Nene Hilario,3,2:29,DEN,free throw,,,,,,,1,,2,Nene Hilario,,,foul,made,,,,
Dwyane Wade,Jermaine O'Neal,Mario Chalmers,Quentin Richardson,Udonis Haslem,Carmelo Anthony,Chauncey Billups,J.R. Smith,Kenyon Martin,Nene Hilario,3,2:29,DEN,free throw,,,,,,,2,,2,Nene Hilario,,,foul,made,,,,
Dwyane Wade,Jermaine O'Neal,Mario Chalmers,Quentin Richardson,Udonis Haslem,Carmelo Anthony,Chauncey Billups,J.R. Smith,Kenyon Martin,Nene Hilario,3,2:17,MIA,shot,Udonis Haslem,,,,,,,,,Dwyane Wade,2,,,made,,jump,40,18
Dwyane Wade,Jermaine O'Neal,Mario Chalmers,Quentin Richardson,Udonis Haslem,Carmelo Anthony,Chauncey Billups,J.R. Smith,Kenyon Martin,Nene Hilario,3,2:17,DEN,foul,,,,,,,,Dwyane Wade,,J.R. Smith,,,,,,shooting,,
Dwyane Wade,Jermaine O'Neal,Mario Chalmers,Quentin Richardson,Udonis Haslem,Carmelo Anthony,Chauncey Billups,J.R. Smith,Kenyon Martin,Nene Hilario,3,2:17,MIA,free throw,,,,,,,1,,1,Dwyane Wade,,,foul,made,,,,
Dwyane Wade,Jermaine O'Neal,Mario Chalmers,Quentin Richardson,Udonis Haslem,Carmelo Anthony,Chauncey Billups,J.R. Smith,Kenyon Martin,Nene Hilario,3,1:52,DEN,shot,Nene Hilario,,,,,,,,,Chauncey Billups,3,,,made,,3pt,2,9
Dwyane Wade,Jermaine O'Neal,Mario Chalmers,Quentin Richardson,Udonis Haslem,Carmelo Anthony,Chauncey Billups,J.R. Smith,Kenyon Martin,Nene Hilario,3,1:40,DEN,foul,,,,,,,,Jermaine O'Neal,,Kenyon Martin,,,,,,shooting,,
Dwyane Wade,Jermaine O'Neal,Mario Chalmers,Quentin Richardson,Udonis Haslem,Carmelo Anthony,Chauncey Billups,J.R. Smith,Kenyon Martin,Nene Hilario,3,1:40,MIA,free throw,,,,,,,1,,2,Jermaine O'Neal,,,foul,missed,,,,
Dwyane Wade,Jermaine O'Neal,Mario Chalmers,Quentin Richardson,Udonis Haslem,Carmelo Anthony,Chauncey Billups,J.R. Smith,Kenyon Martin,Nene Hilario,3,1:40,MIA,rebound,,,,,,,,,,,,,,,,,,
Dorell Wright,Dwyane Wade,Jermaine O'Neal,Quentin Richardson,Udonis Haslem,Carmelo Anthony,Chauncey Billups,J.R. Smith,Kenyon Martin,Nene Hilario,3,1:40,MIA,sub,,,,Dorell Wright,,Mario Chalmers,,,,,,,,,,,,
Dorell Wright,Dwyane Wade,Jermaine O'Neal,Quentin Richardson,Udonis Haslem,Carmelo Anthony,Chauncey Billups,J.R. Smith,Kenyon Martin,Nene Hilario,3,1:40,MIA,free throw,,,,,,,2,,2,Jermaine O'Neal,,,foul,made,,,,
Dorell Wright,Dwyane Wade,Jermaine O'Neal,Quentin Richardson,Udonis Haslem,Carmelo Anthony,Chauncey Billups,J.R. Smith,Kenyon Martin,Nene Hilario,3,1:19,DEN,shot,,,,,,,,,,Carmelo Anthony,,,,missed,,jump,7,16
Dorell Wright,Dwyane Wade,Jermaine O'Neal,Quentin Richardson,Udonis Haslem,Carmelo Anthony,Chauncey Billups,J.R. Smith,Kenyon Martin,Nene Hilario,3,1:19,MIA,rebound,,,,,,,,,,Dwyane Wade,,,,,,def,,
Dorell Wright,Dwyane Wade,Jermaine O'Neal,Quentin Richardson,Udonis Haslem,Carmelo Anthony,Chauncey Billups,J.R. Smith,Kenyon Martin,Nene Hilario,3,1:11,MIA,shot,,,J.R. Smith,,,,,,,Dwyane Wade,,,,missed,,3pt,26,30
Dorell Wright,Dwyane Wade,Jermaine O'Neal,Quentin Richardson,Udonis Haslem,Carmelo Anthony,Chauncey Billups,J.R. Smith,Kenyon Martin,Nene Hilario,3,1:10,DEN,rebound,,,,,,,,,,Chauncey Billups,,,,,,def,,
Dorell Wright,Dwyane Wade,Jermaine O'Neal,Quentin Richardson,Udonis Haslem,Carmelo Anthony,Chauncey Billups,J.R. Smith,Kenyon Martin,Nene Hilario,3,1:09,MIA,foul,,,,,,,,,,Spoelstra,,,,,,technical,,
Dorell Wright,Dwyane Wade,Jermaine O'Neal,Quentin Richardson,Udonis Haslem,Carmelo Anthony,Chauncey Billups,J.R. Smith,Kenyon Martin,Nene Hilario,3,1:09,MIA,foul,,,,,,,,,,Dwyane Wade,,,,,,technical,,
Dorell Wright,Dwyane Wade,Jermaine O'Neal,Quentin Richardson,Udonis Haslem,Carmelo Anthony,Chauncey Billups,J.R. Smith,Kenyon Martin,Nene Hilario,3,1:09,DEN,free throw,,,,,,,1,,1,Carmelo Anthony,,,technical,made,,,,
Dorell Wright,Dwyane Wade,Jermaine O'Neal,Quentin Richardson,Udonis Haslem,Carmelo Anthony,Chauncey Billups,J.R. Smith,Kenyon Martin,Nene Hilario,3,1:09,DEN,free throw,,,,,,,1,,1,Carmelo Anthony,,,technical,missed,,,,
Dorell Wright,Dwyane Wade,Jermaine O'Neal,Quentin Richardson,Udonis Haslem,Carmelo Anthony,Chauncey Billups,J.R. Smith,Kenyon Martin,Nene Hilario,3,1:09,DEN,rebound,,,,,,,,,,,,,,,,,,
Dorell Wright,Dwyane Wade,Jermaine O'Neal,Quentin Richardson,Udonis Haslem,Carmelo Anthony,Chauncey Billups,J.R. Smith,Kenyon Martin,Nene Hilario,3,0:59,DEN,shot,,,,,,,,,,Chauncey Billups,,,,missed,,3pt,33,32
Dorell Wright,Dwyane Wade,Jermaine O'Neal,Quentin Richardson,Udonis Haslem,Carmelo Anthony,Chauncey Billups,J.R. Smith,Kenyon Martin,Nene Hilario,3,0:59,MIA,rebound,,,,,,,,,,,,,,,,,,
Dorell Wright,Dwyane Wade,Jermaine O'Neal,Quentin Richardson,Udonis Haslem,Carmelo Anthony,Chauncey Billups,J.R. Smith,Kenyon Martin,Nene Hilario,3,0:49,MIA,shot,,,,,,,,,,Dwyane Wade,2,,,made,,jump,42,19
Dorell Wright,Dwyane Wade,Jermaine O'Neal,Quentin Richardson,Udonis Haslem,Carmelo Anthony,Chauncey Billups,J.R. Smith,Kenyon Martin,Nene Hilario,3,0:39,DEN,shot,J.R. Smith,,,,,,,,,Kenyon Martin,2,,,made,,jump,24,11
Dorell Wright,Dwyane Wade,Jermaine O'Neal,Quentin Richardson,Udonis Haslem,Carmelo Anthony,Chauncey Billups,J.R. Smith,Kenyon Martin,Nene Hilario,3,0:39,DEN,foul,,,,,,,,,,Kenyon Martin,,,,,,technical,,
Dorell Wright,Dwyane Wade,Jermaine O'Neal,Quentin Richardson,Udonis Haslem,Carmelo Anthony,Chauncey Billups,J.R. Smith,Kenyon Martin,Nene Hilario,3,0:39,DEN,foul,,,,,,,,,,Kenyon Martin,,,,,,technical,,
Dorell Wright,Dwyane Wade,Jermaine O'Neal,Quentin Richardson,Udonis Haslem,Carmelo Anthony,Chauncey Billups,J.R. Smith,Kenyon Martin,Nene Hilario,3,0:39,DEN,foul,,,,,,,,,,Kenyon Martin,,,,,,technical,,
Dorell Wright,Dwyane Wade,Jermaine O'Neal,Quentin Richardson,Udonis Haslem,Carmelo Anthony,Chauncey Billups,Chris Andersen,J.R. Smith,Nene Hilario,3,0:39,DEN,sub,,,,Chris Andersen,,Kenyon Martin,,,,,,,,,,,,
Dorell Wright,Dwyane Wade,Jermaine O'Neal,Quentin Richardson,Udonis Haslem,Carmelo Anthony,Chauncey Billups,Chris Andersen,J.R. Smith,Nene Hilario,3,0:39,MIA,free throw,,,,,,,1,,1,Dwyane Wade,,,technical,missed,,,,
Dorell Wright,Dwyane Wade,Jermaine O'Neal,Quentin Richardson,Udonis Haslem,Carmelo Anthony,Chauncey Billups,Chris Andersen,J.R. Smith,Nene Hilario,3,0:39,MIA,rebound,,,,,,,,,,,,,,,,,,
Dorell Wright,Dwyane Wade,Jermaine O'Neal,Quentin Richardson,Udonis Haslem,Carmelo Anthony,Chauncey Billups,Chris Andersen,J.R. Smith,Nene Hilario,3,0:39,MIA,free throw,,,,,,,1,,1,Dwyane Wade,,,technical,made,,,,
Dorell Wright,Dwyane Wade,Jermaine O'Neal,Quentin Richardson,Udonis Haslem,Carmelo Anthony,Chauncey Billups,Chris Andersen,J.R. Smith,Nene Hilario,3,0:24,MIA,shot,,,,,,,,,,Jermaine O'Neal,,,,missed,,jump,42,8
Dorell Wright,Dwyane Wade,Jermaine O'Neal,Quentin Richardson,Udonis Haslem,Carmelo Anthony,Chauncey Billups,Chris Andersen,J.R. Smith,Nene Hilario,3,0:24,DEN,rebound,,,,,,,,,,Carmelo Anthony,,,,,,def,,
Dorell Wright,Dwyane Wade,Jermaine O'Neal,Quentin Richardson,Udonis Haslem,Carmelo Anthony,Chauncey Billups,Chris Andersen,J.R. Smith,Nene Hilario,3,0:00,DEN,turnover,,,,,,,,,,,,,shot clock turnover,,,,,
Carlos Arroyo,Dorell Wright,Dwyane Wade,Michael Beasley,Udonis Haslem,Carmelo Anthony,Chris Andersen,J.R. Smith,Nene Hilario,Ty Lawson,4,11:47,MIA,shot,,,,,,,,,,Dwyane Wade,,,,missed,,jump,18,24
Carlos Arroyo,Dorell Wright,Dwyane Wade,Michael Beasley,Udonis Haslem,Carmelo Anthony,Chris Andersen,J.R. Smith,Nene Hilario,Ty Lawson,4,11:47,DEN,rebound,,,,,,,,,,Chris Andersen,,,,,,def,,
Carlos Arroyo,Dorell Wright,Dwyane Wade,Michael Beasley,Udonis Haslem,Carmelo Anthony,Chris Andersen,J.R. Smith,Nene Hilario,Ty Lawson,4,11:34,DEN,shot,Carmelo Anthony,,,,,,,,,Nene Hilario,2,,,made,,layup,,
Carlos Arroyo,Dorell Wright,Dwyane Wade,Michael Beasley,Udonis Haslem,Carmelo Anthony,Chris Andersen,J.R. Smith,Nene Hilario,Ty Lawson,4,11:15,DEN,foul,,,,,,,,Udonis Haslem,,Nene Hilario,,,,,,shooting,,
Carlos Arroyo,Dorell Wright,Dwyane Wade,Michael Beasley,Udonis Haslem,Carmelo Anthony,Chris Andersen,J.R. Smith,Nene Hilario,Ty Lawson,4,11:15,MIA,free throw,,,,,,,1,,2,Udonis Haslem,,,foul,made,,,,
Carlos Arroyo,Dorell Wright,Dwyane Wade,Michael Beasley,Udonis Haslem,Carmelo Anthony,Chris Andersen,J.R. Smith,Nene Hilario,Ty Lawson,4,11:15,MIA,free throw,,,,,,,2,,2,Udonis Haslem,,,foul,made,,,,
Carlos Arroyo,Dorell Wright,Dwyane Wade,Michael Beasley,Udonis Haslem,Carmelo Anthony,Chris Andersen,J.R. Smith,Nene Hilario,Ty Lawson,4,10:59,DEN,shot,,,,,,,,,,Chris Andersen,2,,,made,,driving layup,25,6
Carlos Arroyo,Dorell Wright,Dwyane Wade,Michael Beasley,Udonis Haslem,Carmelo Anthony,Chris Andersen,J.R. Smith,Nene Hilario,Ty Lawson,4,10:32,MIA,shot,,,,,,,,,,Dwyane Wade,2,,,made,,turnaround jump,41,11
Carlos Arroyo,Dorell Wright,Dwyane Wade,Michael Beasley,Udonis Haslem,Carmelo Anthony,Chris Andersen,J.R. Smith,Nene Hilario,Ty Lawson,4,10:16,DEN,shot,,,,,,,,,,Carmelo Anthony,,,,missed,,jump,40,10
Carlos Arroyo,Dorell Wright,Dwyane Wade,Michael Beasley,Udonis Haslem,Carmelo Anthony,Chris Andersen,J.R. Smith,Nene Hilario,Ty Lawson,4,10:16,MIA,rebound,,,,,,,,,,Carlos Arroyo,,,,,,def,,
Carlos Arroyo,Dorell Wright,Dwyane Wade,Michael Beasley,Udonis Haslem,Carmelo Anthony,Chris Andersen,J.R. Smith,Nene Hilario,Ty Lawson,4,10:08,MIA,turnover,,,,,,,,,,Udonis Haslem,,,out of bounds lost ball turnover,,,,,
Carlos Arroyo,Dorell Wright,Dwyane Wade,Michael Beasley,Udonis Haslem,Carmelo Anthony,Chris Andersen,J.R. Smith,Nene Hilario,Ty Lawson,4,9:51,DEN,shot,Nene Hilario,,,,,,,,,Chris Andersen,2,,,made,,dunk,25,6
Carlos Arroyo,Dorell Wright,Dwyane Wade,Michael Beasley,Udonis Haslem,Carmelo Anthony,Chris Andersen,J.R. Smith,Nene Hilario,Ty Lawson,4,9:34,MIA,turnover,,,,,,,,,,Dwyane Wade,,,bad pass,,Chris Andersen,,,
Carlos Arroyo,Dorell Wright,Dwyane Wade,Michael Beasley,Udonis Haslem,Carmelo Anthony,Chris Andersen,J.R. Smith,Nene Hilario,Ty Lawson,4,9:29,MIA,foul,,,,,,,,Carmelo Anthony,,Dorell Wright,,,,,,shooting,,
Carlos Arroyo,Dorell Wright,Dwyane Wade,Michael Beasley,Udonis Haslem,Carmelo Anthony,Chris Andersen,J.R. Smith,Nene Hilario,Ty Lawson,4,9:29,DEN,free throw,,,,,,,1,,2,Carmelo Anthony,,,foul,made,,,,
Carlos Arroyo,Dorell Wright,Dwyane Wade,Michael Beasley,Udonis Haslem,Carmelo Anthony,Chris Andersen,J.R. Smith,Nene Hilario,Ty Lawson,4,9:29,DEN,free throw,,,,,,,2,,2,Carmelo Anthony,,,foul,made,,,,
Carlos Arroyo,Dorell Wright,Dwyane Wade,Michael Beasley,Udonis Haslem,Carmelo Anthony,Chris Andersen,J.R. Smith,Nene Hilario,Ty Lawson,4,9:22,MIA,shot,,,,,,,,,,Carlos Arroyo,2,,,made,,driving layup,25,6
Carlos Arroyo,Dorell Wright,Dwyane Wade,Michael Beasley,Udonis Haslem,Carmelo Anthony,Chris Andersen,J.R. Smith,Nene Hilario,Ty Lawson,4,9:10,DEN,shot,J.R. Smith,,,,,,,,,Carmelo Anthony,3,,,made,,3pt,24,31
Carlos Arroyo,Dorell Wright,Dwyane Wade,Michael Beasley,Udonis Haslem,Carmelo Anthony,Chris Andersen,J.R. Smith,Nene Hilario,Ty Lawson,4,8:53,MIA,shot,,,,,,,,,,Michael Beasley,,,,missed,,jump,14,22
Carlos Arroyo,Dorell Wright,Dwyane Wade,Michael Beasley,Udonis Haslem,Carmelo Anthony,Chris Andersen,J.R. Smith,Nene Hilario,Ty Lawson,4,8:52,DEN,rebound,,,,,,,,,,Chris Andersen,,,,,,def,,
Carlos Arroyo,Dorell Wright,Dwyane Wade,Michael Beasley,Udonis Haslem,Carmelo Anthony,Chris Andersen,J.R. Smith,Nene Hilario,Ty Lawson,4,8:45,DEN,turnover,,,,,,,,,,Carmelo Anthony,,,palming turnover,,,,,
Carlos Arroyo,Dorell Wright,Dwyane Wade,Michael Beasley,Udonis Haslem,Carmelo Anthony,Chris Andersen,J.R. Smith,Nene Hilario,Ty Lawson,4,8:45,MIA,timeout,,,,,,,,,,,,,,,,official,,
Carlos Arroyo,Dorell Wright,Dwyane Wade,Michael Beasley,Udonis Haslem,Arron Afflalo,Chris Andersen,J.R. Smith,Nene Hilario,Ty Lawson,4,8:45,DEN,sub,,,,Arron Afflalo,,Carmelo Anthony,,,,,,,,,,,,
Carlos Arroyo,Dorell Wright,Dwyane Wade,Michael Beasley,Udonis Haslem,Arron Afflalo,Chris Andersen,J.R. Smith,Malik Allen,Ty Lawson,4,8:45,DEN,sub,,,,Malik Allen,,Nene Hilario,,,,,,,,,,,,
Carlos Arroyo,Dorell Wright,Jamaal Magloire,Michael Beasley,Udonis Haslem,Arron Afflalo,Chris Andersen,J.R. Smith,Malik Allen,Ty Lawson,4,8:45,MIA,sub,,,,Jamaal Magloire,,Dwyane Wade,,,,,,,,,,,,
Carlos Arroyo,Daequan Cook,Dorell Wright,Jamaal Magloire,Michael Beasley,Arron Afflalo,Chris Andersen,J.R. Smith,Malik Allen,Ty Lawson,4,8:45,MIA,sub,,,,Daequan Cook,,Udonis Haslem,,,,,,,,,,,,
Carlos Arroyo,Daequan Cook,Dorell Wright,Jamaal Magloire,Michael Beasley,Arron Afflalo,Chris Andersen,J.R. Smith,Malik Allen,Ty Lawson,4,8:31,MIA,shot,,,,,,,,,,Carlos Arroyo,,,,missed,,jump,43,20
Carlos Arroyo,Daequan Cook,Dorell Wright,Jamaal Magloire,Michael Beasley,Arron Afflalo,Chris Andersen,J.R. Smith,Malik Allen,Ty Lawson,4,8:30,DEN,rebound,,,,,,,,,,Arron Afflalo,,,,,,def,,
Carlos Arroyo,Daequan Cook,Dorell Wright,Jamaal Magloire,Michael Beasley,Arron Afflalo,Chris Andersen,J.R. Smith,Malik Allen,Ty Lawson,4,8:21,DEN,turnover,,,,,,,,,,J.R. Smith,,,bad pass,,Jamaal Magloire,,,
Carlos Arroyo,Daequan Cook,Dorell Wright,Jamaal Magloire,Michael Beasley,Arron Afflalo,Chris Andersen,J.R. Smith,Malik Allen,Ty Lawson,4,8:15,MIA,shot,Carlos Arroyo,,,,,,,,,Daequan Cook,3,,,made,,3pt,1,9
Carlos Arroyo,Daequan Cook,Dorell Wright,Jamaal Magloire,Michael Beasley,Arron Afflalo,Chris Andersen,J.R. Smith,Malik Allen,Ty Lawson,4,7:52,DEN,shot,,,,,,,,,,J.R. Smith,,,,missed,,3pt,40,25
Carlos Arroyo,Daequan Cook,Dorell Wright,Jamaal Magloire,Michael Beasley,Arron Afflalo,Chris Andersen,J.R. Smith,Malik Allen,Ty Lawson,4,7:52,MIA,rebound,,,,,,,,,,Jamaal Magloire,,,,,,def,,
Carlos Arroyo,Daequan Cook,Dorell Wright,Jamaal Magloire,Michael Beasley,Arron Afflalo,Chris Andersen,J.R. Smith,Malik Allen,Ty Lawson,4,7:41,MIA,shot,,,,,,,,,,Michael Beasley,,,,missed,,3pt,45,21
Carlos Arroyo,Daequan Cook,Dorell Wright,Jamaal Magloire,Michael Beasley,Arron Afflalo,Chris Andersen,J.R. Smith,Malik Allen,Ty Lawson,4,7:40,MIA,rebound,,,,,,,,,,Carlos Arroyo,,,,,,off,,
Carlos Arroyo,Daequan Cook,Dorell Wright,Jamaal Magloire,Michael Beasley,Arron Afflalo,Chris Andersen,J.R. Smith,Malik Allen,Ty Lawson,4,7:33,DEN,foul,,,,,,,,Carlos Arroyo,,Malik Allen,,,,,,personal,,
Carlos Arroyo,Daequan Cook,Dorell Wright,Jamaal Magloire,Michael Beasley,Arron Afflalo,Chris Andersen,J.R. Smith,Malik Allen,Ty Lawson,4,7:23,MIA,shot,,,,,,,,,,Daequan Cook,,,,missed,,jump,43,13
Carlos Arroyo,Daequan Cook,Dorell Wright,Jamaal Magloire,Michael Beasley,Arron Afflalo,Chris Andersen,J.R. Smith,Malik Allen,Ty Lawson,4,7:21,MIA,rebound,,,,,,,,,,Michael Beasley,,,,,,off,,
Carlos Arroyo,Daequan Cook,Dorell Wright,Jamaal Magloire,Michael Beasley,Arron Afflalo,Chris Andersen,J.R. Smith,Malik Allen,Ty Lawson,4,7:20,MIA,shot,,,,,,,,,,Michael Beasley,2,,,made,,dunk,25,6
Carlos Arroyo,Daequan Cook,Dorell Wright,Jamaal Magloire,Michael Beasley,Arron Afflalo,Chris Andersen,J.R. Smith,Malik Allen,Ty Lawson,4,6:57,DEN,shot,,,,,,,,,,Ty Lawson,2,,,made,,floating jump,24,12
Carlos Arroyo,Daequan Cook,Dorell Wright,Jamaal Magloire,Michael Beasley,Arron Afflalo,Chris Andersen,J.R. Smith,Malik Allen,Ty Lawson,4,6:42,MIA,shot,,,,,,,,,,Dorell Wright,,,,missed,,jump,9,15
Carlos Arroyo,Daequan Cook,Dorell Wright,Jamaal Magloire,Michael Beasley,Arron Afflalo,Chris Andersen,J.R. Smith,Malik Allen,Ty Lawson,4,6:42,DEN,rebound,,,,,,,,,,Chris Andersen,,,,,,def,,
Carlos Arroyo,Daequan Cook,Dorell Wright,Jamaal Magloire,Michael Beasley,Arron Afflalo,Chris Andersen,J.R. Smith,Malik Allen,Ty Lawson,4,6:19,DEN,shot,,,,,,,,,,J.R. Smith,,,,missed,,3pt,9,27
Carlos Arroyo,Daequan Cook,Dorell Wright,Jamaal Magloire,Michael Beasley,Arron Afflalo,Chris Andersen,J.R. Smith,Malik Allen,Ty Lawson,4,6:17,MIA,rebound,,,,,,,,,,Dorell Wright,,,,,,def,,
Carlos Arroyo,Daequan Cook,Dorell Wright,Jamaal Magloire,Michael Beasley,Arron Afflalo,Chris Andersen,J.R. Smith,Malik Allen,Ty Lawson,4,6:07,MIA,shot,Daequan Cook,,,,,,,,,Dorell Wright,3,,,made,,3pt,48,10
Carlos Arroyo,Daequan Cook,Dorell Wright,Jamaal Magloire,Michael Beasley,Arron Afflalo,Chris Andersen,J.R. Smith,Malik Allen,Ty Lawson,4,5:38,DEN,shot,,,,,,,,,,Arron Afflalo,3,,,made,,3pt,40,26
Carlos Arroyo,Daequan Cook,Dorell Wright,Jamaal Magloire,Michael Beasley,Arron Afflalo,Chris Andersen,J.R. Smith,Malik Allen,Ty Lawson,4,5:14,MIA,shot,,,,,,,,,,Jamaal Magloire,2,,,made,,driving reverse layup,25,6
Carlos Arroyo,Daequan Cook,Dorell Wright,Jamaal Magloire,Michael Beasley,Arron Afflalo,Chris Andersen,J.R. Smith,Malik Allen,Ty Lawson,4,4:52,DEN,shot,J.R. Smith,,,,,,,,,Ty Lawson,2,,,made,,floating jump,20,12
Carlos Arroyo,Daequan Cook,Dorell Wright,Jamaal Magloire,Michael Beasley,Arron Afflalo,Chris Andersen,J.R. Smith,Malik Allen,Ty Lawson,4,4:34,MIA,turnover,,,,,,,,,,Jamaal Magloire,,,traveling,,,,,
Carlos Arroyo,Daequan Cook,Dorell Wright,Jamaal Magloire,Michael Beasley,Arron Afflalo,Chris Andersen,J.R. Smith,Malik Allen,Ty Lawson,4,4:34,DEN,timeout,,,,,,,,,,,,,,,,regular,,
Carlos Arroyo,Daequan Cook,Dorell Wright,Jamaal Magloire,Michael Beasley,Arron Afflalo,Chris Andersen,Johan Petro,Malik Allen,Ty Lawson,4,4:34,DEN,sub,,,,Johan Petro,,J.R. Smith,,,,,,,,,,,,
Carlos Arroyo,Daequan Cook,Dorell Wright,Jamaal Magloire,Michael Beasley,Arron Afflalo,Joey Graham,Johan Petro,Malik Allen,Ty Lawson,4,4:34,DEN,sub,,,,Joey Graham,,Chris Andersen,,,,,,,,,,,,
Carlos Arroyo,Daequan Cook,Dorell Wright,Jamaal Magloire,James Jones,Arron Afflalo,Joey Graham,Johan Petro,Malik Allen,Ty Lawson,4,4:34,MIA,sub,,,,James Jones,,Michael Beasley,,,,,,,,,,,,
Carlos Arroyo,Daequan Cook,Dorell Wright,Jamaal Magloire,James Jones,Arron Afflalo,Joey Graham,Johan Petro,Malik Allen,Ty Lawson,4,4:17,DEN,shot,,,,,,,,,,Johan Petro,2,,,made,,jump,7,11
Carlos Arroyo,Daequan Cook,Dorell Wright,Jamaal Magloire,James Jones,Arron Afflalo,Joey Graham,Johan Petro,Malik Allen,Ty Lawson,4,4:00,MIA,shot,Carlos Arroyo,,,,,,,,,Daequan Cook,3,,,made,,3pt,3,19
Carlos Arroyo,Daequan Cook,Dorell Wright,Jamaal Magloire,James Jones,Arron Afflalo,Joey Graham,Johan Petro,Malik Allen,Ty Lawson,4,3:38,DEN,shot,,,Jamaal Magloire,,,,,,,Ty Lawson,,,,missed,,driving layup,25,6
Carlos Arroyo,Daequan Cook,Dorell Wright,Jamaal Magloire,James Jones,Arron Afflalo,Joey Graham,Johan Petro,Malik Allen,Ty Lawson,4,3:35,MIA,rebound,,,,,,,,,,Dorell Wright,,,,,,def,,
Carlos Arroyo,Daequan Cook,Dorell Wright,Jamaal Magloire,James Jones,Arron Afflalo,Joey Graham,Johan Petro,Malik Allen,Ty Lawson,4,3:27,MIA,shot,,,,,,,,,,James Jones,,,,missed,,3pt,47,8
Carlos Arroyo,Daequan Cook,Dorell Wright,Jamaal Magloire,James Jones,Arron Afflalo,Joey Graham,Johan Petro,Malik Allen,Ty Lawson,4,3:26,MIA,rebound,,,,,,,,,,Dorell Wright,,,,,,off,,
Carlos Arroyo,Daequan Cook,Dorell Wright,Jamaal Magloire,James Jones,Arron Afflalo,Joey Graham,Johan Petro,Malik Allen,Ty Lawson,4,3:25,MIA,shot,,,,,,,,,,Dorell Wright,2,,,made,,dunk,25,6
Carlos Arroyo,Daequan Cook,Dorell Wright,Jamaal Magloire,James Jones,Arron Afflalo,Joey Graham,Johan Petro,Malik Allen,Ty Lawson,4,3:04,MIA,foul,,,,,,,,Johan Petro,,Jamaal Magloire,,,,,,shooting,,
Carlos Arroyo,Daequan Cook,Dorell Wright,Jamaal Magloire,James Jones,Arron Afflalo,Joey Graham,Johan Petro,Malik Allen,Ty Lawson,4,3:04,DEN,free throw,,,,,,,1,,2,Johan Petro,,,foul,missed,,,,
Carlos Arroyo,Daequan Cook,Dorell Wright,Jamaal Magloire,James Jones,Arron Afflalo,Joey Graham,Johan Petro,Malik Allen,Ty Lawson,4,3:04,DEN,rebound,,,,,,,,,,,,,,,,,,
Carlos Arroyo,Daequan Cook,Dorell Wright,Jamaal Magloire,James Jones,Arron Afflalo,Joey Graham,Johan Petro,Malik Allen,Ty Lawson,4,3:04,DEN,free throw,,,,,,,2,,2,Johan Petro,,,foul,missed,,,,
Carlos Arroyo,Daequan Cook,Dorell Wright,Jamaal Magloire,James Jones,Arron Afflalo,Joey Graham,Johan Petro,Malik Allen,Ty Lawson,4,3:03,MIA,rebound,,,,,,,,,,Dorell Wright,,,,,,def,,
Carlos Arroyo,Daequan Cook,Dorell Wright,Jamaal Magloire,James Jones,Arron Afflalo,Joey Graham,Johan Petro,Malik Allen,Ty Lawson,4,3:03,DEN,foul,,,,,,,,Dorell Wright,,Joey Graham,,,,,,personal,,
Carlos Arroyo,Daequan Cook,Dorell Wright,Jamaal Magloire,James Jones,Arron Afflalo,Joey Graham,Johan Petro,Malik Allen,Ty Lawson,4,2:50,MIA,shot,,,,,,,,,,Dorell Wright,,,,missed,,3pt,1,9
Carlos Arroyo,Daequan Cook,Dorell Wright,Jamaal Magloire,James Jones,Arron Afflalo,Joey Graham,Johan Petro,Malik Allen,Ty Lawson,4,2:49,DEN,rebound,,,,,,,,,,Johan Petro,,,,,,def,,
Carlos Arroyo,Daequan Cook,Dorell Wright,Jamaal Magloire,James Jones,Arron Afflalo,Joey Graham,Johan Petro,Malik Allen,Ty Lawson,4,2:32,DEN,shot,,,,,,,,,,Malik Allen,,,,missed,,jump,44,10
Carlos Arroyo,Daequan Cook,Dorell Wright,Jamaal Magloire,James Jones,Arron Afflalo,Joey Graham,Johan Petro,Malik Allen,Ty Lawson,4,2:32,MIA,rebound,,,,,,,,,,Dorell Wright,,,,,,def,,
Carlos Arroyo,Daequan Cook,Dorell Wright,Jamaal Magloire,James Jones,Arron Afflalo,Joey Graham,Johan Petro,Malik Allen,Ty Lawson,4,2:19,MIA,shot,Dorell Wright,,,,,,,,,James Jones,3,,,made,,3pt,5,21
Carlos Arroyo,Daequan Cook,Dorell Wright,Jamaal Magloire,James Jones,Arron Afflalo,Joey Graham,Johan Petro,Malik Allen,Ty Lawson,4,1:57,DEN,shot,,,,,,,,,,Arron Afflalo,2,,,made,,fade away jumper,19,16
Carlos Arroyo,Daequan Cook,Dorell Wright,Jamaal Magloire,James Jones,Arron Afflalo,Joey Graham,Johan Petro,Malik Allen,Ty Lawson,4,1:48,MIA,shot,,,,,,,,,,Jamaal Magloire,2,,,made,,layup,25,6
Carlos Arroyo,Daequan Cook,Dorell Wright,Jamaal Magloire,James Jones,Arron Afflalo,Joey Graham,Johan Petro,Malik Allen,Ty Lawson,4,1:31,DEN,turnover,,,,,,,,,,Ty Lawson,,,bad pass,,James Jones,,,
Carlos Arroyo,Daequan Cook,Dorell Wright,Jamaal Magloire,James Jones,Arron Afflalo,Joey Graham,Johan Petro,Malik Allen,Ty Lawson,4,1:30,DEN,foul,,,,,,,,Carlos Arroyo,,Ty Lawson,,,,,,personal,,
Carlos Arroyo,Daequan Cook,Dorell Wright,Jamaal Magloire,James Jones,Arron Afflalo,Joey Graham,Johan Petro,Malik Allen,Ty Lawson,4,1:30,MIA,timeout,,,,,,,,,,,,,,,,regular,,
Carlos Arroyo,Daequan Cook,Dorell Wright,Jamaal Magloire,James Jones,Arron Afflalo,Joey Graham,Johan Petro,Malik Allen,Ty Lawson,4,1:26,DEN,foul,,,,,,,,Carlos Arroyo,,Johan Petro,,,,,,shooting,,
Carlos Arroyo,Daequan Cook,Dorell Wright,Jamaal Magloire,James Jones,Arron Afflalo,Joey Graham,Johan Petro,Malik Allen,Ty Lawson,4,1:26,MIA,free throw,,,,,,,1,,2,Carlos Arroyo,,,foul,made,,,,
Carlos Arroyo,Daequan Cook,Dorell Wright,Jamaal Magloire,James Jones,Arron Afflalo,Joey Graham,Johan Petro,Malik Allen,Ty Lawson,4,1:26,MIA,free throw,,,,,,,2,,2,Carlos Arroyo,,,foul,made,,,,
Carlos Arroyo,Daequan Cook,Dorell Wright,Jamaal Magloire,James Jones,Arron Afflalo,Joey Graham,Johan Petro,Malik Allen,Ty Lawson,4,1:00,DEN,shot,,,,,,,,,,Arron Afflalo,,,,missed,,jump,12,23
Carlos Arroyo,Daequan Cook,Dorell Wright,Jamaal Magloire,James Jones,Arron Afflalo,Joey Graham,Johan Petro,Malik Allen,Ty Lawson,4,0:59,MIA,rebound,,,,,,,,,,Jamaal Magloire,,,,,,def,,
Carlos Arroyo,Daequan Cook,Dorell Wright,Jamaal Magloire,James Jones,Arron Afflalo,Joey Graham,Johan Petro,Malik Allen,Ty Lawson,4,0:38,MIA,shot,,,,,,,,,,James Jones,,,,missed,,3pt,14,28
Carlos Arroyo,Daequan Cook,Dorell Wright,Jamaal Magloire,James Jones,Arron Afflalo,Joey Graham,Johan Petro,Malik Allen,Ty Lawson,4,0:37,MIA,rebound,,,,,,,,,,,,,,,,,,
Carlos Arroyo,Daequan Cook,Dorell Wright,Jamaal Magloire,James Jones,Arron Afflalo,Joey Graham,Johan Petro,Malik Allen,Ty Lawson,4,0:33,MIA,shot,,,,,,,,,,Daequan Cook,,,,missed,,jump,45,12
Carlos Arroyo,Daequan Cook,Dorell Wright,Jamaal Magloire,James Jones,Arron Afflalo,Joey Graham,Johan Petro,Malik Allen,Ty Lawson,4,0:33,DEN,rebound,,,,,,,,,,Malik Allen,,,,,,def,,
Carlos Arroyo,Daequan Cook,Dorell Wright,Jamaal Magloire,James Jones,Arron Afflalo,Joey Graham,Johan Petro,Malik Allen,Ty Lawson,4,0:08,DEN,shot,,,,,,,,,,Joey Graham,,,,missed,,3pt,49,10
Carlos Arroyo,Daequan Cook,Dorell Wright,Jamaal Magloire,James Jones,Arron Afflalo,Joey Graham,Johan Petro,Malik Allen,Ty Lawson,4,0:07,MIA,rebound,,,,,,,,,,Jamaal Magloire,,,,,,def,,
