a1,a2,a3,a4,a5,h1,h2,h3,h4,h5,period,time,team,etype,assist,away,block,entered,home,left,num,opponent,outof,player,points,possession,reason,result,steal,type,x,y
Amare Stoudemire,Channing Frye,Grant Hill,Jason Richardson,Steve Nash,Dirk Nowitzki,Erick Dampier,Jason Kidd,Jose Juan Barea,Shawn Marion,1,12:00,OFF,jump ball,,Amare Stoudemire,,,Erick Dampier,,,,,,,Jason Kidd,,,,,,
Amare Stoudemire,Channing Frye,Grant Hill,Jason Richardson,Steve Nash,Dirk Nowitzki,Erick Dampier,Jason Kidd,Jose Juan Barea,Shawn Marion,1,11:46,DAL,shot,Jason Kidd,,,,,,,,,Shawn Marion,2,,,made,,layup,25,6
Amare Stoudemire,Channing Frye,Grant Hill,Jason Richardson,Steve Nash,Dirk Nowitzki,Erick Dampier,Jason Kidd,Jose Juan Barea,Shawn Marion,1,11:27,PHX,shot,,,,,,,,,,Channing Frye,,,,missed,,3pt,36,28
Amare Stoudemire,Channing Frye,Grant Hill,Jason Richardson,Steve Nash,Dirk Nowitzki,Erick Dampier,Jason Kidd,Jose Juan Barea,Shawn Marion,1,11:26,DAL,rebound,,,,,,,,,,Shawn Marion,,,,,,def,,
Amare Stoudemire,Channing Frye,Grant Hill,Jason Richardson,Steve Nash,Dirk Nowitzki,Erick Dampier,Jason Kidd,Jose Juan Barea,Shawn Marion,1,11:09,DAL,shot,,,,,,,,,,Dirk Nowitzki,,,,missed,,step back jump,19,17
Amare Stoudemire,Channing Frye,Grant Hill,Jason Richardson,Steve Nash,Dirk Nowitzki,Erick Dampier,Jason Kidd,Jose Juan Barea,Shawn Marion,1,11:08,PHX,rebound,,,,,,,,,,Jason Richardson,,,,,,def,,
Amare Stoudemire,Channing Frye,Grant Hill,Jason Richardson,Steve Nash,Dirk Nowitzki,Erick Dampier,Jason Kidd,Jose Juan Barea,Shawn Marion,1,11:04,PHX,turnover,,,,,,,,,,Amare Stoudemire,,,out of bounds lost ball turnover,,,,,
Amare Stoudemire,Channing Frye,Grant Hill,Jason Richardson,Steve Nash,Dirk Nowitzki,Erick Dampier,Jason Kidd,Jose Juan Barea,Shawn Marion,1,10:50,DAL,shot,,,,,,,,,,Jason Kidd,,,,missed,,3pt,43,22
Amare Stoudemire,Channing Frye,Grant Hill,Jason Richardson,Steve Nash,Dirk Nowitzki,Erick Dampier,Jason Kidd,Jose Juan Barea,Shawn Marion,1,10:48,PHX,rebound,,,,,,,,,,Steve Nash,,,,,,def,,
Amare Stoudemire,Channing Frye,Grant Hill,Jason Richardson,Steve Nash,Dirk Nowitzki,Erick Dampier,Jason Kidd,Jose Juan Barea,Shawn Marion,1,10:36,PHX,shot,Channing Frye,,,,,,,,,Amare Stoudemire,2,,,made,,floating jump,18,15
Amare Stoudemire,Channing Frye,Grant Hill,Jason Richardson,Steve Nash,Dirk Nowitzki,Erick Dampier,Jason Kidd,Jose Juan Barea,Shawn Marion,1,10:16,DAL,shot,,,,,,,,,,Shawn Marion,,,,missed,,jump,18,9
Amare Stoudemire,Channing Frye,Grant Hill,Jason Richardson,Steve Nash,Dirk Nowitzki,Erick Dampier,Jason Kidd,Jose Juan Barea,Shawn Marion,1,10:15,DAL,rebound,,,,,,,,,,Dirk Nowitzki,,,,,,off,,
Amare Stoudemire,Channing Frye,Grant Hill,Jason Richardson,Steve Nash,Dirk Nowitzki,Erick Dampier,Jason Kidd,Jose Juan Barea,Shawn Marion,1,10:03,DAL,turnover,,,,,,,,,,Jose Juan Barea,,,bad pass,,Grant Hill,,,
Amare Stoudemire,Channing Frye,Grant Hill,Jason Richardson,Steve Nash,Dirk Nowitzki,Erick Dampier,Jason Kidd,Jose Juan Barea,Shawn Marion,1,9:57,PHX,turnover,,,,,,,,,,Steve Nash,,,bad pass,,Shawn Marion,,,
Amare Stoudemire,Channing Frye,Grant Hill,Jason Richardson,Steve Nash,Dirk Nowitzki,Erick Dampier,Jason Kidd,Jose Juan Barea,Shawn Marion,1,9:50,DAL,shot,Jason Kidd,,,,,,,,,Jose Juan Barea,3,,,made,,3pt,4,19
Amare Stoudemire,Channing Frye,Grant Hill,Jason Richardson,Steve Nash,Dirk Nowitzki,Erick Dampier,Jason Kidd,Jose Juan Barea,Shawn Marion,1,9:37,PHX,shot,,,,,,,,,,Jason Richardson,2,,,made,,jump,9,22
Amare Stoudemire,Channing Frye,Grant Hill,Jason Richardson,Steve Nash,Dirk Nowitzki,Erick Dampier,Jason Kidd,Jose Juan Barea,Shawn Marion,1,9:27,DAL,shot,,,,,,,,,,Shawn Marion,,,,missed,,3pt,30,31
Amare Stoudemire,Channing Frye,Grant Hill,Jason Richardson,Steve Nash,Dirk Nowitzki,Erick Dampier,Jason Kidd,Jose Juan Barea,Shawn Marion,1,9:26,DAL,rebound,,,,,,,,,,Erick Dampier,,,,,,off,,
Amare Stoudemire,Channing Frye,Grant Hill,Jason Richardson,Steve Nash,Dirk Nowitzki,Erick Dampier,Jason Kidd,Jose Juan Barea,Shawn Marion,1,9:23,DAL,shot,,,,,,,,,,Shawn Marion,,,,missed,,3pt,37,28
Amare Stoudemire,Channing Frye,Grant Hill,Jason Richardson,Steve Nash,Dirk Nowitzki,Erick Dampier,Jason Kidd,Jose Juan Barea,Shawn Marion,1,9:22,PHX,rebound,,,,,,,,,,Channing Frye,,,,,,def,,
Amare Stoudemire,Channing Frye,Grant Hill,Jason Richardson,Steve Nash,Dirk Nowitzki,Erick Dampier,Jason Kidd,Jose Juan Barea,Shawn Marion,1,9:11,PHX,shot,Grant Hill,,,,,,,,,Amare Stoudemire,2,,,made,,jump,26,21
Amare Stoudemire,Channing Frye,Grant Hill,Jason Richardson,Steve Nash,Dirk Nowitzki,Erick Dampier,Jason Kidd,Jose Juan Barea,Shawn Marion,1,8:56,DAL,shot,,,,,,,,,,Jose Juan Barea,3,,,made,,3pt,13,27
Amare Stoudemire,Channing Frye,Grant Hill,Jason Richardson,Steve Nash,Dirk Nowitzki,Erick Dampier,Jason Kidd,Jose Juan Barea,Shawn Marion,1,8:49,PHX,shot,,,,,,,,,,Jason Richardson,,,,missed,,3pt,2,8
Amare Stoudemire,Channing Frye,Grant Hill,Jason Richardson,Steve Nash,Dirk Nowitzki,Erick Dampier,Jason Kidd,Jose Juan Barea,Shawn Marion,1,8:48,PHX,rebound,,,,,,,,,,Amare Stoudemire,,,,,,off,,
Amare Stoudemire,Channing Frye,Grant Hill,Jason Richardson,Steve Nash,Dirk Nowitzki,Erick Dampier,Jason Kidd,Jose Juan Barea,Shawn Marion,1,8:34,PHX,shot,Channing Frye,,,,,,,,,Jason Richardson,2,,,made,,reverse layup,25,6
Amare Stoudemire,Channing Frye,Grant Hill,Jason Richardson,Steve Nash,Dirk Nowitzki,Erick Dampier,Jason Kidd,Jose Juan Barea,Shawn Marion,1,8:26,PHX,foul,,,,,,,,Dirk Nowitzki,,Grant Hill,,,,,,personal,,
Amare Stoudemire,Channing Frye,Grant Hill,Jason Richardson,Steve Nash,Dirk Nowitzki,Erick Dampier,Jason Kidd,Jose Juan Barea,Shawn Marion,1,8:19,DAL,shot,Jason Kidd,,,,,,,,,Jose Juan Barea,2,,,made,,jump,25,14
Amare Stoudemire,Channing Frye,Grant Hill,Jason Richardson,Steve Nash,Dirk Nowitzki,Erick Dampier,Jason Kidd,Jose Juan Barea,Shawn Marion,1,8:18,DAL,violation,,,,,,,,,,,,,,,,delay of game,,
Amare Stoudemire,Channing Frye,Grant Hill,Jason Richardson,Steve Nash,Dirk Nowitzki,Erick Dampier,Jason Kidd,Jose Juan Barea,Shawn Marion,1,8:04,PHX,shot,Steve Nash,,,,,,,,,Amare Stoudemire,2,,,made,,jump,19,19
Amare Stoudemire,Channing Frye,Grant Hill,Jason Richardson,Steve Nash,Dirk Nowitzki,Erick Dampier,Jason Kidd,Jose Juan Barea,Shawn Marion,1,7:49,DAL,shot,,,,,,,,,,Jose Juan Barea,,,,missed,,3pt,47,16
Amare Stoudemire,Channing Frye,Grant Hill,Jason Richardson,Steve Nash,Dirk Nowitzki,Erick Dampier,Jason Kidd,Jose Juan Barea,Shawn Marion,1,7:48,PHX,rebound,,,,,,,,,,Jason Richardson,,,,,,def,,
Amare Stoudemire,Channing Frye,Grant Hill,Jason Richardson,Steve Nash,Dirk Nowitzki,Erick Dampier,Jason Kidd,Jose Juan Barea,Shawn Marion,1,7:42,PHX,shot,Amare Stoudemire,,,,,,,,,Jason Richardson,2,,,made,,slam dunk,25,6
Amare Stoudemire,Channing Frye,Grant Hill,Jason Richardson,Steve Nash,Dirk Nowitzki,Erick Dampier,Jason Kidd,Jose Juan Barea,Shawn Marion,1,7:19,DAL,shot,,,,,,,,,,Shawn Marion,,,,missed,,jump,30,18
Amare Stoudemire,Channing Frye,Grant Hill,Jason Richardson,Steve Nash,Dirk Nowitzki,Erick Dampier,Jason Kidd,Jose Juan Barea,Shawn Marion,1,7:17,PHX,rebound,,,,,,,,,,Channing Frye,,,,,,def,,
Amare Stoudemire,Channing Frye,Grant Hill,Jason Richardson,Steve Nash,Dirk Nowitzki,Erick Dampier,Jason Kidd,Jose Juan Barea,Shawn Marion,1,7:14,DAL,foul,,,,,,,,Grant Hill,,Dirk Nowitzki,,,,,,shooting,,
Amare Stoudemire,Channing Frye,Grant Hill,Jason Richardson,Steve Nash,Dirk Nowitzki,Erick Dampier,Jason Kidd,Jose Juan Barea,Shawn Marion,1,7:14,PHX,free throw,,,,,,,1,,2,Grant Hill,,,foul,made,,,,
Amare Stoudemire,Channing Frye,Grant Hill,Jason Richardson,Steve Nash,Dirk Nowitzki,Erick Dampier,Jason Kidd,Jose Juan Barea,Shawn Marion,1,7:14,PHX,free throw,,,,,,,2,,2,Grant Hill,,,foul,made,,,,
Amare Stoudemire,Channing Frye,Grant Hill,Jason Richardson,Steve Nash,Dirk Nowitzki,Erick Dampier,Jason Kidd,Jose Juan Barea,Shawn Marion,1,7:02,DAL,timeout,,,,,,,,,,,,,,,,regular,,
Amare Stoudemire,Channing Frye,Grant Hill,Jason Richardson,Steve Nash,Dirk Nowitzki,Erick Dampier,Jason Kidd,Jose Juan Barea,Shawn Marion,1,6:52,DAL,shot,,,,,,,,,,Shawn Marion,,,,missed,,layup,25,6
Amare Stoudemire,Channing Frye,Grant Hill,Jason Richardson,Steve Nash,Dirk Nowitzki,Erick Dampier,Jason Kidd,Jose Juan Barea,Shawn Marion,1,6:50,DAL,rebound,,,,,,,,,,Shawn Marion,,,,,,off,,
Amare Stoudemire,Channing Frye,Grant Hill,Jason Richardson,Steve Nash,Dirk Nowitzki,Erick Dampier,Jason Kidd,Jose Juan Barea,Shawn Marion,1,6:48,DAL,shot,,,,,,,,,,Shawn Marion,2,,,made,,putback layup,25,6
Amare Stoudemire,Channing Frye,Grant Hill,Jason Richardson,Steve Nash,Dirk Nowitzki,Erick Dampier,Jason Kidd,Jose Juan Barea,Shawn Marion,1,6:33,PHX,shot,,,,,,,,,,Jason Richardson,,,,missed,,3pt,3,17
Amare Stoudemire,Channing Frye,Grant Hill,Jason Richardson,Steve Nash,Dirk Nowitzki,Erick Dampier,Jason Kidd,Jose Juan Barea,Shawn Marion,1,6:32,DAL,rebound,,,,,,,,,,Shawn Marion,,,,,,def,,
Amare Stoudemire,Channing Frye,Grant Hill,Jason Richardson,Steve Nash,Dirk Nowitzki,Erick Dampier,Jason Kidd,Jose Juan Barea,Shawn Marion,1,6:18,DAL,shot,,,,,,,,,,Jason Kidd,,,,missed,,3pt,48,6
Amare Stoudemire,Channing Frye,Grant Hill,Jason Richardson,Steve Nash,Dirk Nowitzki,Erick Dampier,Jason Kidd,Jose Juan Barea,Shawn Marion,1,6:17,PHX,rebound,,,,,,,,,,Channing Frye,,,,,,def,,
Amare Stoudemire,Channing Frye,Grant Hill,Jason Richardson,Steve Nash,Dirk Nowitzki,Erick Dampier,Jason Kidd,Jose Juan Barea,Shawn Marion,1,5:56,PHX,shot,,,,,,,,,,Steve Nash,2,,,made,,driving layup,25,6
Amare Stoudemire,Channing Frye,Grant Hill,Jason Richardson,Steve Nash,Dirk Nowitzki,Erick Dampier,Jason Kidd,Jose Juan Barea,Shawn Marion,1,5:33,DAL,shot,,,,,,,,,,Dirk Nowitzki,2,,,made,,driving layup,25,6
Amare Stoudemire,Channing Frye,Grant Hill,Jason Richardson,Steve Nash,Dirk Nowitzki,Erick Dampier,Jason Kidd,Jose Juan Barea,Shawn Marion,1,5:21,PHX,shot,,,,,,,,,,Steve Nash,2,,,made,,fade away jumper,18,15
Amare Stoudemire,Channing Frye,Grant Hill,Jason Richardson,Steve Nash,Dirk Nowitzki,Erick Dampier,Jason Kidd,Jose Juan Barea,Shawn Marion,1,5:07,PHX,foul,,,,,,,,Dirk Nowitzki,,Channing Frye,,,,,,shooting,,
Amare Stoudemire,Channing Frye,Grant Hill,Jason Richardson,Steve Nash,Dirk Nowitzki,Erick Dampier,Jason Kidd,Jose Juan Barea,Shawn Marion,1,5:07,DAL,free throw,,,,,,,1,,2,Dirk Nowitzki,,,foul,made,,,,
Amare Stoudemire,Channing Frye,Grant Hill,Jason Richardson,Steve Nash,Dirk Nowitzki,Erick Dampier,Jason Kidd,Jason Terry,Shawn Marion,1,5:07,DAL,sub,,,,Jason Terry,,Jose Juan Barea,,,,,,,,,,,,
Amare Stoudemire,Channing Frye,Grant Hill,Jason Richardson,Steve Nash,Dirk Nowitzki,Jason Kidd,Jason Terry,Josh Howard,Shawn Marion,1,5:07,DAL,sub,,,,Josh Howard,,Erick Dampier,,,,,,,,,,,,
Amare Stoudemire,Channing Frye,Grant Hill,Jason Richardson,Steve Nash,Dirk Nowitzki,Jason Kidd,Jason Terry,Josh Howard,Shawn Marion,1,5:07,DAL,free throw,,,,,,,2,,2,Dirk Nowitzki,,,foul,made,,,,
Amare Stoudemire,Channing Frye,Grant Hill,Jason Richardson,Steve Nash,Dirk Nowitzki,Jason Kidd,Jason Terry,Josh Howard,Shawn Marion,1,4:51,PHX,shot,,,,,,,,,,Channing Frye,,,,missed,,3pt,6,21
Amare Stoudemire,Channing Frye,Grant Hill,Jason Richardson,Steve Nash,Dirk Nowitzki,Jason Kidd,Jason Terry,Josh Howard,Shawn Marion,1,4:50,DAL,rebound,,,,,,,,,,Jason Terry,,,,,,def,,
Amare Stoudemire,Channing Frye,Grant Hill,Jason Richardson,Steve Nash,Dirk Nowitzki,Jason Kidd,Jason Terry,Josh Howard,Shawn Marion,1,4:45,DAL,shot,,,,,,,,,,Josh Howard,,,,missed,,jump,46,15
Amare Stoudemire,Channing Frye,Grant Hill,Jason Richardson,Steve Nash,Dirk Nowitzki,Jason Kidd,Jason Terry,Josh Howard,Shawn Marion,1,4:44,PHX,rebound,,,,,,,,,,Amare Stoudemire,,,,,,def,,
Amare Stoudemire,Channing Frye,Grant Hill,Jason Richardson,Steve Nash,Dirk Nowitzki,Jason Kidd,Jason Terry,Josh Howard,Shawn Marion,1,4:40,PHX,shot,,,Josh Howard,,,,,,,Grant Hill,,,,missed,,driving layup,25,6
Amare Stoudemire,Channing Frye,Grant Hill,Jason Richardson,Steve Nash,Dirk Nowitzki,Jason Kidd,Jason Terry,Josh Howard,Shawn Marion,1,4:36,DAL,rebound,,,,,,,,,,Jason Kidd,,,,,,def,,
Amare Stoudemire,Channing Frye,Grant Hill,Jason Richardson,Steve Nash,Dirk Nowitzki,Jason Kidd,Jason Terry,Josh Howard,Shawn Marion,1,4:21,DAL,shot,,,,,,,,,,Jason Kidd,,,,missed,,3pt,2,15
Amare Stoudemire,Channing Frye,Grant Hill,Jason Richardson,Steve Nash,Dirk Nowitzki,Jason Kidd,Jason Terry,Josh Howard,Shawn Marion,1,4:20,PHX,rebound,,,,,,,,,,Channing Frye,,,,,,def,,
Amare Stoudemire,Channing Frye,Grant Hill,Jason Richardson,Steve Nash,Dirk Nowitzki,Jason Kidd,Jason Terry,Josh Howard,Shawn Marion,1,4:17,PHX,jump ball,,Grant Hill,,,Jason Kidd,,,,,,,Jason Richardson,,,,,,
Amare Stoudemire,Channing Frye,Grant Hill,Jason Richardson,Steve Nash,Dirk Nowitzki,Jason Kidd,Jason Terry,Josh Howard,Shawn Marion,1,4:11,PHX,shot,Grant Hill,,,,,,,,,Jason Richardson,2,,,made,,layup,25,6
Amare Stoudemire,Channing Frye,Grant Hill,Jason Richardson,Steve Nash,Dirk Nowitzki,Jason Kidd,Jason Terry,Josh Howard,Shawn Marion,1,3:52,DAL,shot,,,,,,,,,,Shawn Marion,,,,missed,,jump,24,12
Amare Stoudemire,Channing Frye,Grant Hill,Jason Richardson,Steve Nash,Dirk Nowitzki,Jason Kidd,Jason Terry,Josh Howard,Shawn Marion,1,3:51,DAL,rebound,,,,,,,,,,Dirk Nowitzki,,,,,,off,,
Amare Stoudemire,Channing Frye,Grant Hill,Jason Richardson,Steve Nash,Dirk Nowitzki,Jason Kidd,Jason Terry,Josh Howard,Shawn Marion,1,3:49,DAL,shot,,,Amare Stoudemire,,,,,,,Dirk Nowitzki,,,,missed,,layup,25,6
Amare Stoudemire,Channing Frye,Grant Hill,Jason Richardson,Steve Nash,Dirk Nowitzki,Jason Kidd,Jason Terry,Josh Howard,Shawn Marion,1,3:49,DAL,rebound,,,,,,,,,,Dirk Nowitzki,,,,,,off,,
Amare Stoudemire,Channing Frye,Grant Hill,Jason Richardson,Steve Nash,Dirk Nowitzki,Jason Kidd,Jason Terry,Josh Howard,Shawn Marion,1,3:49,DAL,shot,,,,,,,,,,Dirk Nowitzki,2,,,made,,putback layup,25,6
Amare Stoudemire,Channing Frye,Grant Hill,Jason Richardson,Steve Nash,Dirk Nowitzki,Jason Kidd,Jason Terry,Josh Howard,Shawn Marion,1,3:49,PHX,foul,,,,,,,,Dirk Nowitzki,,Channing Frye,,,,,,shooting,,
Amare Stoudemire,Grant Hill,Jason Richardson,Louis Amundson,Steve Nash,Dirk Nowitzki,Jason Kidd,Jason Terry,Josh Howard,Shawn Marion,1,3:49,PHX,sub,,,,Louis Amundson,,Channing Frye,,,,,,,,,,,,
Amare Stoudemire,Grant Hill,Jason Richardson,Louis Amundson,Steve Nash,Dirk Nowitzki,Jason Kidd,Jason Terry,Josh Howard,Shawn Marion,1,3:49,DAL,free throw,,,,,,,1,,1,Dirk Nowitzki,,,foul,made,,,,
Amare Stoudemire,Grant Hill,Jason Richardson,Louis Amundson,Steve Nash,Dirk Nowitzki,Jason Kidd,Jason Terry,Josh Howard,Shawn Marion,1,3:31,PHX,shot,,,Shawn Marion,,,,,,,Amare Stoudemire,,,,missed,,layup,25,6
Amare Stoudemire,Grant Hill,Jason Richardson,Louis Amundson,Steve Nash,Dirk Nowitzki,Jason Kidd,Jason Terry,Josh Howard,Shawn Marion,1,3:28,DAL,rebound,,,,,,,,,,Jason Kidd,,,,,,def,,
Amare Stoudemire,Grant Hill,Jason Richardson,Louis Amundson,Steve Nash,Dirk Nowitzki,Jason Kidd,Jason Terry,Josh Howard,Shawn Marion,1,3:28,PHX,foul,,,,,,,,Josh Howard,,Amare Stoudemire,,,,,,shooting,,
Amare Stoudemire,Grant Hill,Jason Richardson,Louis Amundson,Steve Nash,Dirk Nowitzki,Jason Kidd,Jason Terry,Josh Howard,Shawn Marion,1,3:28,DAL,free throw,,,,,,,1,,2,Josh Howard,,,foul,made,,,,
Amare Stoudemire,Jared Dudley,Jason Richardson,Louis Amundson,Steve Nash,Dirk Nowitzki,Jason Kidd,Jason Terry,Josh Howard,Shawn Marion,1,3:28,PHX,sub,,,,Jared Dudley,,Grant Hill,,,,,,,,,,,,
Amare Stoudemire,Jared Dudley,Jason Richardson,Louis Amundson,Steve Nash,Dirk Nowitzki,Jason Kidd,Jason Terry,Josh Howard,Shawn Marion,1,3:28,DAL,free throw,,,,,,,2,,2,Josh Howard,,,foul,made,,,,
Amare Stoudemire,Jared Dudley,Jason Richardson,Louis Amundson,Steve Nash,Dirk Nowitzki,Jason Kidd,Jason Terry,Josh Howard,Shawn Marion,1,3:11,PHX,shot,,,,,,,,,,Steve Nash,,,,missed,,jump,23,27
Amare Stoudemire,Jared Dudley,Jason Richardson,Louis Amundson,Steve Nash,Dirk Nowitzki,Jason Kidd,Jason Terry,Josh Howard,Shawn Marion,1,3:10,PHX,rebound,,,,,,,,,,Louis Amundson,,,,,,off,,
Amare Stoudemire,Jared Dudley,Jason Richardson,Louis Amundson,Steve Nash,Dirk Nowitzki,Jason Kidd,Jason Terry,Josh Howard,Shawn Marion,1,2:59,DAL,foul,,,,,,,,Jared Dudley,,Josh Howard,,,,,,shooting,,
Amare Stoudemire,Jared Dudley,Jason Richardson,Louis Amundson,Steve Nash,Dirk Nowitzki,Jason Kidd,Jason Terry,Josh Howard,Shawn Marion,1,2:59,PHX,timeout,,,,,,,,,,,,,,,,regular,,
Amare Stoudemire,Jared Dudley,Jason Richardson,Louis Amundson,Steve Nash,Drew Gooden,Jason Kidd,Jason Terry,Josh Howard,Shawn Marion,1,2:59,DAL,sub,,,,Drew Gooden,,Dirk Nowitzki,,,,,,,,,,,,
Amare Stoudemire,Jared Dudley,Jason Richardson,Louis Amundson,Steve Nash,Drew Gooden,Jason Kidd,Jason Terry,Josh Howard,Shawn Marion,1,2:59,PHX,free throw,,,,,,,1,,2,Jared Dudley,,,foul,made,,,,
Amare Stoudemire,Jared Dudley,Jason Richardson,Louis Amundson,Steve Nash,Drew Gooden,Jason Kidd,Jason Terry,Josh Howard,Shawn Marion,1,2:59,PHX,free throw,,,,,,,2,,2,Jared Dudley,,,foul,made,,,,
Amare Stoudemire,Jared Dudley,Jason Richardson,Louis Amundson,Steve Nash,Drew Gooden,Jason Kidd,Jason Terry,Josh Howard,Shawn Marion,1,2:45,DAL,shot,,,,,,,,,,Jason Terry,,,,missed,,3pt,48,14
Amare Stoudemire,Jared Dudley,Jason Richardson,Louis Amundson,Steve Nash,Drew Gooden,Jason Kidd,Jason Terry,Josh Howard,Shawn Marion,1,2:44,PHX,rebound,,,,,,,,,,Jason Richardson,,,,,,def,,
Amare Stoudemire,Jared Dudley,Jason Richardson,Louis Amundson,Steve Nash,Drew Gooden,Jason Kidd,Jason Terry,Josh Howard,Shawn Marion,1,2:25,PHX,foul,,,,,,,,Jason Terry,,Amare Stoudemire,,,,,,offensive,,
Amare Stoudemire,Jared Dudley,Jason Richardson,Louis Amundson,Steve Nash,Drew Gooden,Jason Kidd,Jason Terry,Josh Howard,Shawn Marion,1,2:25,PHX,turnover,,,,,,,,,,Amare Stoudemire,,,foul,,,,,
Amare Stoudemire,Jared Dudley,Jason Richardson,Louis Amundson,Steve Nash,Drew Gooden,Jason Kidd,Jason Terry,Josh Howard,Shawn Marion,1,2:18,DAL,shot,,,,,,,,,,Josh Howard,,,,missed,,3pt,9,26
Amare Stoudemire,Jared Dudley,Jason Richardson,Louis Amundson,Steve Nash,Drew Gooden,Jason Kidd,Jason Terry,Josh Howard,Shawn Marion,1,2:17,PHX,rebound,,,,,,,,,,Jared Dudley,,,,,,def,,
Amare Stoudemire,Jared Dudley,Jason Richardson,Louis Amundson,Steve Nash,Drew Gooden,Jason Kidd,Jason Terry,Josh Howard,Shawn Marion,1,2:11,DAL,foul,,,,,,,,Steve Nash,,Shawn Marion,,,,,,shooting,,
Amare Stoudemire,Jared Dudley,Jason Richardson,Louis Amundson,Steve Nash,Drew Gooden,Jason Kidd,Jason Terry,Josh Howard,Shawn Marion,1,2:11,PHX,free throw,,,,,,,1,,2,Steve Nash,,,foul,made,,,,
Amare Stoudemire,Jared Dudley,Jason Richardson,Louis Amundson,Steve Nash,Drew Gooden,Jason Terry,Jose Juan Barea,Josh Howard,Shawn Marion,1,2:11,DAL,sub,,,,Jose Juan Barea,,Jason Kidd,,,,,,,,,,,,
Amare Stoudemire,Jared Dudley,Jason Richardson,Louis Amundson,Steve Nash,Dirk Nowitzki,Drew Gooden,Jason Terry,Jose Juan Barea,Josh Howard,1,2:11,DAL,sub,,,,Dirk Nowitzki,,Shawn Marion,,,,,,,,,,,,
Goran Dragic,Jared Dudley,Jason Richardson,Louis Amundson,Steve Nash,Dirk Nowitzki,Drew Gooden,Jason Terry,Jose Juan Barea,Josh Howard,1,2:11,PHX,sub,,,,Goran Dragic,,Amare Stoudemire,,,,,,,,,,,,
Goran Dragic,Jared Dudley,Jason Richardson,Louis Amundson,Steve Nash,Dirk Nowitzki,Drew Gooden,Jason Terry,Jose Juan Barea,Josh Howard,1,2:11,PHX,free throw,,,,,,,2,,2,Steve Nash,,,foul,made,,,,
Goran Dragic,Jared Dudley,Jason Richardson,Louis Amundson,Steve Nash,Dirk Nowitzki,Drew Gooden,Jason Terry,Jose Juan Barea,Josh Howard,1,1:54,DAL,turnover,,,,,,,,,,Drew Gooden,,,out of bounds lost ball turnover,,,,,
Goran Dragic,Jared Dudley,Jason Richardson,Louis Amundson,Steve Nash,Dirk Nowitzki,Drew Gooden,Jason Terry,Jose Juan Barea,Josh Howard,1,1:36,PHX,shot,Steve Nash,,,,,,,,,Jared Dudley,3,,,made,,3pt,24,31
Goran Dragic,Jared Dudley,Jason Richardson,Louis Amundson,Steve Nash,Dirk Nowitzki,Drew Gooden,Jason Terry,Jose Juan Barea,Josh Howard,1,1:18,DAL,turnover,,,,,,,,,,Drew Gooden,,,bad pass,,Louis Amundson,,,
Goran Dragic,Jared Dudley,Jason Richardson,Louis Amundson,Steve Nash,Dirk Nowitzki,Drew Gooden,Jason Terry,Jose Juan Barea,Josh Howard,1,1:11,PHX,shot,,,,,,,,,,Jared Dudley,,,,missed,,3pt,43,23
Goran Dragic,Jared Dudley,Jason Richardson,Louis Amundson,Steve Nash,Dirk Nowitzki,Drew Gooden,Jason Terry,Jose Juan Barea,Josh Howard,1,1:11,PHX,rebound,,,,,,,,,,,,,,,,,,
Goran Dragic,Jared Dudley,Jason Richardson,Louis Amundson,Steve Nash,Dirk Nowitzki,Drew Gooden,Jason Terry,Jose Juan Barea,Josh Howard,1,1:00,PHX,turnover,,,,,,,,,,Steve Nash,,,bad pass,,Josh Howard,,,
Goran Dragic,Jared Dudley,Jason Richardson,Louis Amundson,Steve Nash,Dirk Nowitzki,Drew Gooden,Jason Terry,Jose Juan Barea,Josh Howard,1,0:54,PHX,foul,,,,,,,,Josh Howard,,Goran Dragic,,,,,,shooting,,
Goran Dragic,Jared Dudley,Jason Richardson,Louis Amundson,Steve Nash,Dirk Nowitzki,Drew Gooden,Jason Terry,Jose Juan Barea,Josh Howard,1,0:54,DAL,free throw,,,,,,,1,,2,Josh Howard,,,foul,made,,,,
Goran Dragic,Jared Dudley,Jason Richardson,Louis Amundson,Steve Nash,Dirk Nowitzki,Drew Gooden,Jason Terry,Jose Juan Barea,Josh Howard,1,0:54,DAL,free throw,,,,,,,2,,2,Josh Howard,,,foul,made,,,,
Goran Dragic,Jared Dudley,Jason Richardson,Louis Amundson,Steve Nash,Dirk Nowitzki,Drew Gooden,Jason Terry,Jose Juan Barea,Josh Howard,1,0:43,DAL,foul,,,,,,,,Steve Nash,,Jose Juan Barea,,,,,,personal,,
Goran Dragic,Jared Dudley,Jason Richardson,Louis Amundson,Steve Nash,Dirk Nowitzki,Drew Gooden,Jason Terry,Jose Juan Barea,Josh Howard,1,0:37,PHX,turnover,,,,,,,,,,Steve Nash,,,bad pass,,Josh Howard,,,
Goran Dragic,Jared Dudley,Jason Richardson,Louis Amundson,Steve Nash,Dirk Nowitzki,Drew Gooden,Jason Terry,Jose Juan Barea,Josh Howard,1,0:28,DAL,shot,,,,,,,,,,Dirk Nowitzki,,,,missed,,jump,8,12
Goran Dragic,Jared Dudley,Jason Richardson,Louis Amundson,Steve Nash,Dirk Nowitzki,Drew Gooden,Jason Terry,Jose Juan Barea,Josh Howard,1,0:28,PHX,rebound,,,,,,,,,,Jason Richardson,,,,,,def,,
Goran Dragic,Jared Dudley,Jason Richardson,Louis Amundson,Steve Nash,Dirk Nowitzki,Drew Gooden,Jason Terry,Jose Juan Barea,Josh Howard,1,0:06,PHX,shot,,,,,,,,,,Steve Nash,2,,,made,,pullup jump,8,15
Goran Dragic,Grant Hill,Jared Dudley,Jason Richardson,Louis Amundson,Dirk Nowitzki,Drew Gooden,Jason Terry,Jose Juan Barea,Josh Howard,2,11:48,PHX,shot,,,Drew Gooden,,,,,,,Louis Amundson,,,,missed,,jump hook,25,11
Goran Dragic,Grant Hill,Jared Dudley,Jason Richardson,Louis Amundson,Dirk Nowitzki,Drew Gooden,Jason Terry,Jose Juan Barea,Josh Howard,2,11:46,DAL,rebound,,,,,,,,,,,,,,,,,,
Goran Dragic,Grant Hill,Jared Dudley,Jason Richardson,Louis Amundson,Dirk Nowitzki,Drew Gooden,Jason Terry,Jose Juan Barea,Josh Howard,2,11:31,DAL,turnover,,,,,,,,,,Jose Juan Barea,,,bad pass,,Goran Dragic,,,
Goran Dragic,Grant Hill,Jared Dudley,Jason Richardson,Louis Amundson,Dirk Nowitzki,Drew Gooden,Jason Terry,Jose Juan Barea,Josh Howard,2,11:26,PHX,shot,,,,,,,,,,Jason Richardson,,,,missed,,jump,32,27
Goran Dragic,Grant Hill,Jared Dudley,Jason Richardson,Louis Amundson,Dirk Nowitzki,Drew Gooden,Jason Terry,Jose Juan Barea,Josh Howard,2,11:25,DAL,rebound,,,,,,,,,,Drew Gooden,,,,,,def,,
Goran Dragic,Grant Hill,Jared Dudley,Jason Richardson,Louis Amundson,Dirk Nowitzki,Drew Gooden,Jason Terry,Jose Juan Barea,Josh Howard,2,11:21,DAL,shot,Drew Gooden,,,,,,,,,Dirk Nowitzki,2,,,made,,slam dunk,25,6
Goran Dragic,Grant Hill,Jared Dudley,Jason Richardson,Louis Amundson,Dirk Nowitzki,Drew Gooden,Jason Terry,Jose Juan Barea,Josh Howard,2,11:10,PHX,shot,Grant Hill,,,,,,,,,Goran Dragic,3,,,made,,3pt,31,30
Goran Dragic,Grant Hill,Jared Dudley,Jason Richardson,Louis Amundson,Dirk Nowitzki,Drew Gooden,Jason Terry,Jose Juan Barea,Josh Howard,2,10:45,DAL,shot,,,,,,,,,,Drew Gooden,,,,missed,,layup,25,6
Goran Dragic,Grant Hill,Jared Dudley,Jason Richardson,Louis Amundson,Dirk Nowitzki,Drew Gooden,Jason Terry,Jose Juan Barea,Josh Howard,2,10:44,DAL,rebound,,,,,,,,,,Drew Gooden,,,,,,off,,
Goran Dragic,Grant Hill,Jared Dudley,Jason Richardson,Louis Amundson,Dirk Nowitzki,Drew Gooden,Jason Terry,Jose Juan Barea,Josh Howard,2,10:44,DAL,shot,,,,,,,,,,Drew Gooden,,,,missed,,tip,25,6
Goran Dragic,Grant Hill,Jared Dudley,Jason Richardson,Louis Amundson,Dirk Nowitzki,Drew Gooden,Jason Terry,Jose Juan Barea,Josh Howard,2,10:43,DAL,rebound,,,,,,,,,,,,,,,,,,
Goran Dragic,Grant Hill,Jared Dudley,Jason Richardson,Louis Amundson,Dirk Nowitzki,Drew Gooden,Jason Terry,Jose Juan Barea,Josh Howard,2,10:43,PHX,foul,,,,,,,,Drew Gooden,,Louis Amundson,,,,,,personal,,
Goran Dragic,Grant Hill,Jared Dudley,Jason Richardson,Louis Amundson,Dirk Nowitzki,Drew Gooden,Jason Terry,Jose Juan Barea,Josh Howard,2,10:35,PHX,foul,,,,,,,,Dirk Nowitzki,,Louis Amundson,,,,,,shooting,,
Goran Dragic,Grant Hill,Jared Dudley,Jason Richardson,Louis Amundson,Dirk Nowitzki,Drew Gooden,Jason Terry,Jose Juan Barea,Josh Howard,2,10:35,DAL,free throw,,,,,,,1,,2,Dirk Nowitzki,,,foul,made,,,,
Goran Dragic,Grant Hill,Jared Dudley,Jason Richardson,Louis Amundson,Dirk Nowitzki,Drew Gooden,Jason Terry,Jose Juan Barea,Josh Howard,2,10:35,DAL,free throw,,,,,,,2,,2,Dirk Nowitzki,,,foul,made,,,,
Goran Dragic,Grant Hill,Jared Dudley,Jason Richardson,Louis Amundson,Dirk Nowitzki,Drew Gooden,Jason Terry,Jose Juan Barea,Josh Howard,2,10:23,PHX,turnover,,,,,,,,,,Grant Hill,,,bad pass,,Jason Terry,,,
Goran Dragic,Grant Hill,Jared Dudley,Jason Richardson,Louis Amundson,Dirk Nowitzki,Drew Gooden,Jason Terry,Jose Juan Barea,Josh Howard,2,10:20,DAL,turnover,,,,,,,,,,Jason Terry,,,bad pass,,,,,
Goran Dragic,Grant Hill,Jared Dudley,Jason Richardson,Robin Lopez,Dirk Nowitzki,Drew Gooden,Jason Terry,Jose Juan Barea,Josh Howard,2,10:20,PHX,sub,,,,Robin Lopez,,Louis Amundson,,,,,,,,,,,,
Goran Dragic,Grant Hill,Jared Dudley,Jason Richardson,Robin Lopez,Dirk Nowitzki,Drew Gooden,Jason Terry,Jose Juan Barea,Josh Howard,2,10:05,PHX,shot,,,,,,,,,,Grant Hill,2,,,made,,turnaround jump,18,17
Goran Dragic,Grant Hill,Jared Dudley,Jason Richardson,Robin Lopez,Dirk Nowitzki,Drew Gooden,Jason Terry,Jose Juan Barea,Josh Howard,2,10:05,DAL,foul,,,,,,,,Grant Hill,,Jason Terry,,,,,,shooting,,
Goran Dragic,Grant Hill,Jared Dudley,Jason Richardson,Robin Lopez,Dirk Nowitzki,Drew Gooden,Jason Terry,Jose Juan Barea,Josh Howard,2,10:05,PHX,free throw,,,,,,,1,,1,Grant Hill,,,foul,made,,,,
Goran Dragic,Grant Hill,Jared Dudley,Jason Richardson,Robin Lopez,Dirk Nowitzki,Drew Gooden,Jason Terry,Jose Juan Barea,Josh Howard,2,9:48,DAL,shot,,,,,,,,,,Drew Gooden,,,,missed,,layup,25,6
Goran Dragic,Grant Hill,Jared Dudley,Jason Richardson,Robin Lopez,Dirk Nowitzki,Drew Gooden,Jason Terry,Jose Juan Barea,Josh Howard,2,9:46,DAL,rebound,,,,,,,,,,Drew Gooden,,,,,,off,,
Goran Dragic,Grant Hill,Jared Dudley,Jason Richardson,Robin Lopez,Dirk Nowitzki,Drew Gooden,Jason Terry,Jose Juan Barea,Josh Howard,2,9:45,PHX,foul,,,,,,,,Drew Gooden,,Robin Lopez,,,,,,personal,,
Goran Dragic,Grant Hill,Jared Dudley,Jason Richardson,Robin Lopez,Dirk Nowitzki,Drew Gooden,Jason Terry,Jose Juan Barea,Josh Howard,2,9:42,DAL,shot,Jose Juan Barea,,,,,,,,,Jason Terry,3,,,made,,3pt,11,25
Goran Dragic,Grant Hill,Jared Dudley,Jason Richardson,Robin Lopez,Dirk Nowitzki,Drew Gooden,Jason Terry,Jose Juan Barea,Josh Howard,2,9:24,PHX,shot,,,,,,,,,,Grant Hill,,,,missed,,jump,29,19
Goran Dragic,Grant Hill,Jared Dudley,Jason Richardson,Robin Lopez,Dirk Nowitzki,Drew Gooden,Jason Terry,Jose Juan Barea,Josh Howard,2,9:23,DAL,rebound,,,,,,,,,,Josh Howard,,,,,,def,,
Goran Dragic,Grant Hill,Jared Dudley,Jason Richardson,Robin Lopez,Dirk Nowitzki,Drew Gooden,Jason Terry,Jose Juan Barea,Josh Howard,2,9:08,DAL,shot,,,,,,,,,,Drew Gooden,,,,missed,,driving layup,25,6
Goran Dragic,Grant Hill,Jared Dudley,Jason Richardson,Robin Lopez,Dirk Nowitzki,Drew Gooden,Jason Terry,Jose Juan Barea,Josh Howard,2,9:07,PHX,rebound,,,,,,,,,,Jason Richardson,,,,,,def,,
Goran Dragic,Grant Hill,Jared Dudley,Jason Richardson,Robin Lopez,Dirk Nowitzki,Drew Gooden,Jason Terry,Jose Juan Barea,Josh Howard,2,8:57,PHX,shot,,,,,,,,,,Goran Dragic,,,,missed,,3pt,2,16
Goran Dragic,Grant Hill,Jared Dudley,Jason Richardson,Robin Lopez,Dirk Nowitzki,Drew Gooden,Jason Terry,Jose Juan Barea,Josh Howard,2,8:56,DAL,rebound,,,,,,,,,,Josh Howard,,,,,,def,,
Goran Dragic,Grant Hill,Jared Dudley,Jason Richardson,Robin Lopez,Dirk Nowitzki,Drew Gooden,Jason Terry,Jose Juan Barea,Josh Howard,2,8:49,DAL,shot,,,,,,,,,,Jason Terry,,,,missed,,3pt,2,7
Goran Dragic,Grant Hill,Jared Dudley,Jason Richardson,Robin Lopez,Dirk Nowitzki,Drew Gooden,Jason Terry,Jose Juan Barea,Josh Howard,2,8:49,PHX,rebound,,,,,,,,,,Robin Lopez,,,,,,def,,
Goran Dragic,Grant Hill,Jared Dudley,Jason Richardson,Robin Lopez,Dirk Nowitzki,Drew Gooden,Jason Terry,Jose Juan Barea,Josh Howard,2,8:49,DAL,foul,,,,,,,,Robin Lopez,,Drew Gooden,,,,,,loose ball,,
Goran Dragic,Grant Hill,Jared Dudley,Jason Richardson,Robin Lopez,Dirk Nowitzki,Drew Gooden,Jason Terry,Jose Juan Barea,Josh Howard,2,8:49,PHX,timeout,,,,,,,,,,,,,,,,official,,
Goran Dragic,Grant Hill,Jared Dudley,Jason Richardson,Robin Lopez,Drew Gooden,Jason Terry,Jose Juan Barea,Josh Howard,Shawn Marion,2,8:49,DAL,sub,,,,Shawn Marion,,Dirk Nowitzki,,,,,,,,,,,,
Goran Dragic,Grant Hill,Jared Dudley,Robin Lopez,Steve Nash,Drew Gooden,Jason Terry,Jose Juan Barea,Josh Howard,Shawn Marion,2,8:49,PHX,sub,,,,Steve Nash,,Jason Richardson,,,,,,,,,,,,
Goran Dragic,Grant Hill,Jared Dudley,Robin Lopez,Steve Nash,Drew Gooden,Jason Terry,Jose Juan Barea,Josh Howard,Shawn Marion,2,8:33,PHX,shot,,,,,,,,,,Grant Hill,,,,missed,,fade away jumper,34,10
Goran Dragic,Grant Hill,Jared Dudley,Robin Lopez,Steve Nash,Drew Gooden,Jason Terry,Jose Juan Barea,Josh Howard,Shawn Marion,2,8:32,DAL,rebound,,,,,,,,,,Drew Gooden,,,,,,def,,
Goran Dragic,Grant Hill,Jared Dudley,Robin Lopez,Steve Nash,Drew Gooden,Jason Terry,Jose Juan Barea,Josh Howard,Shawn Marion,2,8:12,DAL,shot,,,,,,,,,,Drew Gooden,,,,missed,,turnaround fade away,27,13
Goran Dragic,Grant Hill,Jared Dudley,Robin Lopez,Steve Nash,Drew Gooden,Jason Terry,Jose Juan Barea,Josh Howard,Shawn Marion,2,8:12,DAL,rebound,,,,,,,,,,Shawn Marion,,,,,,off,,
Goran Dragic,Grant Hill,Jared Dudley,Robin Lopez,Steve Nash,Drew Gooden,Jason Terry,Jose Juan Barea,Josh Howard,Shawn Marion,2,8:00,DAL,shot,,,,,,,,,,Jason Terry,,,,missed,,jump,37,20
Goran Dragic,Grant Hill,Jared Dudley,Robin Lopez,Steve Nash,Drew Gooden,Jason Terry,Jose Juan Barea,Josh Howard,Shawn Marion,2,7:59,PHX,rebound,,,,,,,,,,Robin Lopez,,,,,,def,,
Goran Dragic,Grant Hill,Jared Dudley,Robin Lopez,Steve Nash,Drew Gooden,Jason Terry,Jose Juan Barea,Josh Howard,Shawn Marion,2,7:53,PHX,shot,,,,,,,,,,Grant Hill,,,,missed,,jump,19,18
Goran Dragic,Grant Hill,Jared Dudley,Robin Lopez,Steve Nash,Drew Gooden,Jason Terry,Jose Juan Barea,Josh Howard,Shawn Marion,2,7:52,PHX,jump ball,,Robin Lopez,,,Drew Gooden,,,,,,,Grant Hill,,,,,,
Goran Dragic,Grant Hill,Jared Dudley,Robin Lopez,Steve Nash,Drew Gooden,Jason Terry,Jose Juan Barea,Josh Howard,Shawn Marion,2,7:52,PHX,rebound,,,,,,,,,,Robin Lopez,,,,,,off,,
Goran Dragic,Grant Hill,Jared Dudley,Robin Lopez,Steve Nash,Drew Gooden,Jason Terry,Jose Juan Barea,Josh Howard,Shawn Marion,2,7:47,DAL,foul,,,,,,,,Jared Dudley,,Drew Gooden,,,,,,shooting,,
Amare Stoudemire,Goran Dragic,Grant Hill,Jared Dudley,Steve Nash,Drew Gooden,Jason Terry,Jose Juan Barea,Josh Howard,Shawn Marion,2,7:47,PHX,sub,,,,Amare Stoudemire,,Robin Lopez,,,,,,,,,,,,
Amare Stoudemire,Goran Dragic,Grant Hill,Jared Dudley,Steve Nash,Drew Gooden,Jason Terry,Jose Juan Barea,Josh Howard,Shawn Marion,2,7:47,PHX,free throw,,,,,,,1,,2,Jared Dudley,,,foul,missed,,,,
Amare Stoudemire,Goran Dragic,Grant Hill,Jared Dudley,Steve Nash,Drew Gooden,Jason Terry,Jose Juan Barea,Josh Howard,Shawn Marion,2,7:47,PHX,rebound,,,,,,,,,,,,,,,,,,
Amare Stoudemire,Goran Dragic,Grant Hill,Jared Dudley,Steve Nash,Drew Gooden,Jason Terry,Jose Juan Barea,Josh Howard,Shawn Marion,2,7:47,PHX,free throw,,,,,,,2,,2,Jared Dudley,,,foul,made,,,,
Amare Stoudemire,Goran Dragic,Grant Hill,Jared Dudley,Steve Nash,Drew Gooden,Jason Terry,Jose Juan Barea,Josh Howard,Shawn Marion,2,7:31,DAL,shot,Jason Terry,,,,,,,,,Shawn Marion,2,,,made,,jump hook,36,9
Amare Stoudemire,Goran Dragic,Grant Hill,Jared Dudley,Steve Nash,Drew Gooden,Jason Terry,Jose Juan Barea,Josh Howard,Shawn Marion,2,7:13,DAL,foul,,,,,,,,Amare Stoudemire,,Jason Terry,,,,,,personal,,
Amare Stoudemire,Goran Dragic,Grant Hill,Jared Dudley,Steve Nash,Drew Gooden,Jason Terry,Jose Juan Barea,Josh Howard,Shawn Marion,2,7:05,PHX,shot,,,,,,,,,,Grant Hill,,,,missed,,jump,8,6
Amare Stoudemire,Goran Dragic,Grant Hill,Jared Dudley,Steve Nash,Drew Gooden,Jason Terry,Jose Juan Barea,Josh Howard,Shawn Marion,2,7:04,DAL,rebound,,,,,,,,,,Drew Gooden,,,,,,def,,
Amare Stoudemire,Goran Dragic,Grant Hill,Jared Dudley,Steve Nash,Drew Gooden,Jason Terry,Jose Juan Barea,Josh Howard,Shawn Marion,2,6:53,DAL,shot,,,,,,,,,,Jose Juan Barea,2,,,made,,turnaround bank,18,8
Amare Stoudemire,Goran Dragic,Grant Hill,Jared Dudley,Steve Nash,Drew Gooden,Jason Terry,Jose Juan Barea,Josh Howard,Shawn Marion,2,6:45,DAL,foul,,,,,,,,Jared Dudley,,Jose Juan Barea,,,,,,personal,,
Amare Stoudemire,Goran Dragic,Grant Hill,Jared Dudley,Steve Nash,Drew Gooden,Jason Terry,Jose Juan Barea,Josh Howard,Shawn Marion,2,6:45,PHX,free throw,,,,,,,1,,2,Jared Dudley,,,foul,made,,,,
Amare Stoudemire,Goran Dragic,Grant Hill,Jared Dudley,Steve Nash,Drew Gooden,Jason Terry,Jose Juan Barea,Josh Howard,Shawn Marion,2,6:45,PHX,free throw,,,,,,,2,,2,Jared Dudley,,,foul,made,,,,
Amare Stoudemire,Goran Dragic,Grant Hill,Jared Dudley,Steve Nash,Drew Gooden,Jason Terry,Jose Juan Barea,Josh Howard,Shawn Marion,2,6:37,DAL,timeout,,,,,,,,,,,,,,,,regular,,
Amare Stoudemire,Goran Dragic,Grant Hill,Jared Dudley,Steve Nash,Drew Gooden,Jason Kidd,Jason Terry,Jose Juan Barea,Shawn Marion,2,6:37,DAL,sub,,,,Jason Kidd,,Josh Howard,,,,,,,,,,,,
Amare Stoudemire,Goran Dragic,Grant Hill,Jared Dudley,Steve Nash,Dirk Nowitzki,Jason Kidd,Jason Terry,Jose Juan Barea,Shawn Marion,2,6:37,DAL,sub,,,,Dirk Nowitzki,,Drew Gooden,,,,,,,,,,,,
Amare Stoudemire,Goran Dragic,Grant Hill,Jared Dudley,Steve Nash,Dirk Nowitzki,Jason Kidd,Jason Terry,Jose Juan Barea,Shawn Marion,2,6:24,DAL,shot,Jason Kidd,,,,,,,,,Jose Juan Barea,2,,,made,,step back jump,40,14
Amare Stoudemire,Goran Dragic,Grant Hill,Jared Dudley,Steve Nash,Dirk Nowitzki,Jason Kidd,Jason Terry,Jose Juan Barea,Shawn Marion,2,6:11,PHX,shot,Grant Hill,,,,,,,,,Amare Stoudemire,2,,,made,,layup,25,6
Amare Stoudemire,Goran Dragic,Grant Hill,Jared Dudley,Steve Nash,Dirk Nowitzki,Jason Kidd,Jason Terry,Jose Juan Barea,Shawn Marion,2,5:53,DAL,shot,,,,,,,,,,Dirk Nowitzki,,,,missed,,turnaround bank,34,9
Amare Stoudemire,Goran Dragic,Grant Hill,Jared Dudley,Steve Nash,Dirk Nowitzki,Jason Kidd,Jason Terry,Jose Juan Barea,Shawn Marion,2,5:52,PHX,rebound,,,,,,,,,,Goran Dragic,,,,,,def,,
Amare Stoudemire,Goran Dragic,Grant Hill,Jared Dudley,Steve Nash,Dirk Nowitzki,Jason Kidd,Jason Terry,Jose Juan Barea,Shawn Marion,2,5:37,PHX,shot,,,Dirk Nowitzki,,,,,,,Jared Dudley,,,,missed,,layup,25,6
Amare Stoudemire,Goran Dragic,Grant Hill,Jared Dudley,Steve Nash,Dirk Nowitzki,Jason Kidd,Jason Terry,Jose Juan Barea,Shawn Marion,2,5:35,PHX,rebound,,,,,,,,,,Goran Dragic,,,,,,off,,
Amare Stoudemire,Goran Dragic,Grant Hill,Jared Dudley,Steve Nash,Dirk Nowitzki,Jason Kidd,Jason Terry,Jose Juan Barea,Shawn Marion,2,5:35,PHX,shot,,,,,,,,,,Goran Dragic,2,,,made,,putback layup,25,6
Amare Stoudemire,Goran Dragic,Grant Hill,Jared Dudley,Steve Nash,Dirk Nowitzki,Jason Kidd,Jason Terry,Jose Juan Barea,Shawn Marion,2,5:19,DAL,shot,Jason Terry,,,,,,,,,Dirk Nowitzki,2,,,made,,layup,25,6
Amare Stoudemire,Goran Dragic,Grant Hill,Jared Dudley,Steve Nash,Dirk Nowitzki,Jason Kidd,Jason Terry,Jose Juan Barea,Shawn Marion,2,5:19,PHX,foul,,,,,,,,Dirk Nowitzki,,Grant Hill,,,,,,shooting,,
Amare Stoudemire,Goran Dragic,Grant Hill,Jared Dudley,Steve Nash,Dirk Nowitzki,Jason Kidd,Jason Terry,Jose Juan Barea,Shawn Marion,2,5:19,DAL,free throw,,,,,,,1,,1,Dirk Nowitzki,,,foul,made,,,,
Amare Stoudemire,Goran Dragic,Grant Hill,Jared Dudley,Steve Nash,Dirk Nowitzki,Jason Kidd,Jason Terry,Jose Juan Barea,Shawn Marion,2,4:57,PHX,shot,,,,,,,,,,Steve Nash,,,,missed,,fade away jumper,10,12
Amare Stoudemire,Goran Dragic,Grant Hill,Jared Dudley,Steve Nash,Dirk Nowitzki,Jason Kidd,Jason Terry,Jose Juan Barea,Shawn Marion,2,4:56,DAL,rebound,,,,,,,,,,Shawn Marion,,,,,,def,,
Amare Stoudemire,Goran Dragic,Grant Hill,Jared Dudley,Steve Nash,Dirk Nowitzki,Jason Kidd,Jason Terry,Jose Juan Barea,Shawn Marion,2,4:35,DAL,shot,,,,,,,,,,Dirk Nowitzki,2,,,made,,step back jump,17,15
Amare Stoudemire,Goran Dragic,Grant Hill,Jared Dudley,Steve Nash,Dirk Nowitzki,Jason Kidd,Jason Terry,Jose Juan Barea,Shawn Marion,2,4:26,PHX,shot,,,,,,,,,,Steve Nash,,,,missed,,jump,24,23
Amare Stoudemire,Goran Dragic,Grant Hill,Jared Dudley,Steve Nash,Dirk Nowitzki,Jason Kidd,Jason Terry,Jose Juan Barea,Shawn Marion,2,4:25,DAL,rebound,,,,,,,,,,Jason Kidd,,,,,,def,,
Amare Stoudemire,Goran Dragic,Grant Hill,Jared Dudley,Steve Nash,Dirk Nowitzki,Jason Kidd,Jason Terry,Jose Juan Barea,Shawn Marion,2,4:15,DAL,shot,Jason Kidd,,,,,,,,,Jose Juan Barea,2,,,made,,jump,45,7
Amare Stoudemire,Goran Dragic,Grant Hill,Jared Dudley,Steve Nash,Dirk Nowitzki,Jason Kidd,Jason Terry,Jose Juan Barea,Shawn Marion,2,4:10,PHX,timeout,,,,,,,,,,,,,,,,regular,,
Amare Stoudemire,Goran Dragic,Grant Hill,Jason Richardson,Steve Nash,Dirk Nowitzki,Jason Kidd,Jason Terry,Jose Juan Barea,Shawn Marion,2,4:10,PHX,sub,,,,Jason Richardson,,Jared Dudley,,,,,,,,,,,,
Amare Stoudemire,Channing Frye,Grant Hill,Jason Richardson,Steve Nash,Dirk Nowitzki,Jason Kidd,Jason Terry,Jose Juan Barea,Shawn Marion,2,4:10,PHX,sub,,,,Channing Frye,,Goran Dragic,,,,,,,,,,,,
Amare Stoudemire,Channing Frye,Grant Hill,Jason Richardson,Steve Nash,Dirk Nowitzki,Jason Kidd,Jason Terry,Jose Juan Barea,Shawn Marion,2,3:57,PHX,shot,Steve Nash,,,,,,,,,Channing Frye,2,,,made,,turnaround jump,17,8
Amare Stoudemire,Channing Frye,Grant Hill,Jason Richardson,Steve Nash,Dirk Nowitzki,Jason Kidd,Jason Terry,Jose Juan Barea,Shawn Marion,2,3:41,DAL,shot,,,,,,,,,,Shawn Marion,,,,missed,,alley oop layup,25,6
Amare Stoudemire,Channing Frye,Grant Hill,Jason Richardson,Steve Nash,Dirk Nowitzki,Jason Kidd,Jason Terry,Jose Juan Barea,Shawn Marion,2,3:40,DAL,rebound,,,,,,,,,,Shawn Marion,,,,,,off,,
Amare Stoudemire,Channing Frye,Grant Hill,Jason Richardson,Steve Nash,Dirk Nowitzki,Jason Kidd,Jason Terry,Jose Juan Barea,Shawn Marion,2,3:40,DAL,shot,,,,,,,,,,Shawn Marion,,,,missed,,tip,25,6
Amare Stoudemire,Channing Frye,Grant Hill,Jason Richardson,Steve Nash,Dirk Nowitzki,Jason Kidd,Jason Terry,Jose Juan Barea,Shawn Marion,2,3:39,PHX,rebound,,,,,,,,,,Jason Richardson,,,,,,def,,
Amare Stoudemire,Channing Frye,Grant Hill,Jason Richardson,Steve Nash,Dirk Nowitzki,Jason Kidd,Jason Terry,Jose Juan Barea,Shawn Marion,2,3:26,PHX,shot,,,Shawn Marion,,,,,,,Grant Hill,,,,missed,,driving layup,25,6
Amare Stoudemire,Channing Frye,Grant Hill,Jason Richardson,Steve Nash,Dirk Nowitzki,Jason Kidd,Jason Terry,Jose Juan Barea,Shawn Marion,2,3:24,DAL,rebound,,,,,,,,,,Jose Juan Barea,,,,,,def,,
Amare Stoudemire,Channing Frye,Grant Hill,Jason Richardson,Steve Nash,Dirk Nowitzki,Jason Kidd,Jason Terry,Jose Juan Barea,Shawn Marion,2,3:08,DAL,shot,,,,,,,,,,Dirk Nowitzki,,,,missed,,jump,10,6
Amare Stoudemire,Channing Frye,Grant Hill,Jason Richardson,Steve Nash,Dirk Nowitzki,Jason Kidd,Jason Terry,Jose Juan Barea,Shawn Marion,2,3:07,PHX,rebound,,,,,,,,,,Grant Hill,,,,,,def,,
Amare Stoudemire,Channing Frye,Grant Hill,Jason Richardson,Steve Nash,Dirk Nowitzki,Jason Kidd,Jason Terry,Jose Juan Barea,Shawn Marion,2,2:57,PHX,shot,,,,,,,,,,Amare Stoudemire,,,,missed,,jump hook,21,9
Amare Stoudemire,Channing Frye,Grant Hill,Jason Richardson,Steve Nash,Dirk Nowitzki,Jason Kidd,Jason Terry,Jose Juan Barea,Shawn Marion,2,2:56,DAL,rebound,,,,,,,,,,Dirk Nowitzki,,,,,,def,,
Amare Stoudemire,Channing Frye,Grant Hill,Jason Richardson,Steve Nash,Dirk Nowitzki,Jason Kidd,Jason Terry,Jose Juan Barea,Shawn Marion,2,2:45,PHX,violation,,,,,,,,,,Channing Frye,,,,,,defensive goaltending,,
Amare Stoudemire,Channing Frye,Grant Hill,Jason Richardson,Steve Nash,Dirk Nowitzki,Jason Kidd,Jason Terry,Jose Juan Barea,Shawn Marion,2,2:45,DAL,shot,,,,,,,,,,Jason Terry,2,,,made,,driving layup,25,6
Amare Stoudemire,Channing Frye,Grant Hill,Jason Richardson,Steve Nash,Dirk Nowitzki,Jason Kidd,Jason Terry,Jose Juan Barea,Shawn Marion,2,2:31,PHX,shot,,,,,,,,,,Amare Stoudemire,,,,missed,,jump bank,21,8
Amare Stoudemire,Channing Frye,Grant Hill,Jason Richardson,Steve Nash,Dirk Nowitzki,Jason Kidd,Jason Terry,Jose Juan Barea,Shawn Marion,2,2:30,DAL,rebound,,,,,,,,,,Dirk Nowitzki,,,,,,def,,
Amare Stoudemire,Channing Frye,Grant Hill,Jason Richardson,Steve Nash,Dirk Nowitzki,Jason Kidd,Jason Terry,Jose Juan Barea,Shawn Marion,2,2:17,DAL,shot,,,,,,,,,,Dirk Nowitzki,,,,missed,,jump,40,15
Amare Stoudemire,Channing Frye,Grant Hill,Jason Richardson,Steve Nash,Dirk Nowitzki,Jason Kidd,Jason Terry,Jose Juan Barea,Shawn Marion,2,2:16,PHX,rebound,,,,,,,,,,Jason Richardson,,,,,,def,,
Amare Stoudemire,Channing Frye,Grant Hill,Jason Richardson,Steve Nash,Dirk Nowitzki,Jason Kidd,Jason Terry,Jose Juan Barea,Shawn Marion,2,2:04,PHX,turnover,,,,,,,,,,Grant Hill,,,traveling,,,,,
Amare Stoudemire,Channing Frye,Grant Hill,Jason Richardson,Steve Nash,Dirk Nowitzki,Jason Kidd,Jason Terry,Jose Juan Barea,Shawn Marion,2,1:40,DAL,shot,Jose Juan Barea,,,,,,,,,Jason Kidd,2,,,made,,jump,47,7
Amare Stoudemire,Channing Frye,Grant Hill,Jason Richardson,Steve Nash,Dirk Nowitzki,Jason Kidd,Jason Terry,Jose Juan Barea,Shawn Marion,2,1:21,PHX,shot,Grant Hill,,,,,,,,,Jason Richardson,2,,,made,,layup,25,6
Amare Stoudemire,Channing Frye,Grant Hill,Jason Richardson,Steve Nash,Dirk Nowitzki,Jason Kidd,Jason Terry,Jose Juan Barea,Shawn Marion,2,1:00,DAL,shot,Jason Kidd,,,,,,,,,Shawn Marion,2,,,made,,turnaround fade away,31,12
Amare Stoudemire,Channing Frye,Grant Hill,Jason Richardson,Steve Nash,Dirk Nowitzki,Jason Kidd,Jason Terry,Jose Juan Barea,Shawn Marion,2,0:56,DAL,foul,,,,,,,,Jason Richardson,,Jason Terry,,,,,,shooting,,
Amare Stoudemire,Channing Frye,Jared Dudley,Jason Richardson,Steve Nash,Dirk Nowitzki,Jason Kidd,Jason Terry,Jose Juan Barea,Shawn Marion,2,0:56,PHX,sub,,,,Jared Dudley,,Grant Hill,,,,,,,,,,,,
Channing Frye,Jared Dudley,Jason Richardson,Louis Amundson,Steve Nash,Dirk Nowitzki,Jason Kidd,Jason Terry,Jose Juan Barea,Shawn Marion,2,0:56,PHX,sub,,,,Louis Amundson,,Amare Stoudemire,,,,,,,,,,,,
Channing Frye,Jared Dudley,Jason Richardson,Louis Amundson,Steve Nash,Dirk Nowitzki,Jason Kidd,Jason Terry,Jose Juan Barea,Shawn Marion,2,0:56,PHX,free throw,,,,,,,1,,2,Jason Richardson,,,foul,made,,,,
Channing Frye,Jared Dudley,Jason Richardson,Louis Amundson,Steve Nash,Dirk Nowitzki,Jason Kidd,Jose Juan Barea,Josh Howard,Shawn Marion,2,0:56,DAL,sub,,,,Josh Howard,,Jason Terry,,,,,,,,,,,,
Channing Frye,Jared Dudley,Jason Richardson,Louis Amundson,Steve Nash,Dirk Nowitzki,Jason Kidd,Jose Juan Barea,Josh Howard,Shawn Marion,2,0:56,PHX,free throw,,,,,,,2,,2,Jason Richardson,,,foul,made,,,,
Channing Frye,Jared Dudley,Jason Richardson,Louis Amundson,Steve Nash,Dirk Nowitzki,Jason Kidd,Jose Juan Barea,Josh Howard,Shawn Marion,2,0:32,DAL,shot,,,,,,,,,,Jose Juan Barea,,,,missed,,3pt,44,22
Channing Frye,Jared Dudley,Jason Richardson,Louis Amundson,Steve Nash,Dirk Nowitzki,Jason Kidd,Jose Juan Barea,Josh Howard,Shawn Marion,2,0:32,DAL,rebound,,,,,,,,,,,,,,,,,,
Channing Frye,Jared Dudley,Jason Richardson,Louis Amundson,Steve Nash,Dirk Nowitzki,Jason Kidd,Jose Juan Barea,Josh Howard,Shawn Marion,2,0:32,DAL,turnover,,,,,,,,,,,,,shot clock turnover,,,,,
Channing Frye,Jared Dudley,Jason Richardson,Louis Amundson,Steve Nash,Dirk Nowitzki,Jason Kidd,Jose Juan Barea,Josh Howard,Shawn Marion,2,0:15,DAL,foul,,,,,,,,Jason Richardson,,Jason Kidd,,,,,,shooting,,
Channing Frye,Jared Dudley,Jason Richardson,Louis Amundson,Steve Nash,Dirk Nowitzki,Jason Kidd,Jose Juan Barea,Josh Howard,Shawn Marion,2,0:15,PHX,free throw,,,,,,,1,,2,Jason Richardson,,,foul,made,,,,
Channing Frye,Goran Dragic,Jared Dudley,Jason Richardson,Louis Amundson,Dirk Nowitzki,Jason Kidd,Jose Juan Barea,Josh Howard,Shawn Marion,2,0:15,PHX,sub,,,,Goran Dragic,,Steve Nash,,,,,,,,,,,,
Goran Dragic,Jared Dudley,Jason Richardson,Louis Amundson,Robin Lopez,Dirk Nowitzki,Jason Kidd,Jose Juan Barea,Josh Howard,Shawn Marion,2,0:15,PHX,sub,,,,Robin Lopez,,Channing Frye,,,,,,,,,,,,
Goran Dragic,Jared Dudley,Jason Richardson,Louis Amundson,Robin Lopez,Dirk Nowitzki,Jason Kidd,Jose Juan Barea,Josh Howard,Shawn Marion,2,0:15,PHX,free throw,,,,,,,2,,2,Jason Richardson,,,foul,made,,,,
Goran Dragic,Jared Dudley,Jason Richardson,Louis Amundson,Robin Lopez,Dirk Nowitzki,Jason Kidd,Jose Juan Barea,Josh Howard,Shawn Marion,2,0:15,DAL,timeout,,,,,,,,,,,,,,,,short,,
Goran Dragic,Jared Dudley,Jason Richardson,Louis Amundson,Robin Lopez,Dirk Nowitzki,Jason Kidd,Jason Terry,Jose Juan Barea,Shawn Marion,2,0:15,DAL,sub,,,,Jason Terry,,Josh Howard,,,,,,,,,,,,
Goran Dragic,Jared Dudley,Jason Richardson,Louis Amundson,Robin Lopez,Dirk Nowitzki,Jason Kidd,Jason Terry,Jose Juan Barea,Shawn Marion,2,0:01,DAL,shot,,,,,,,,,,Shawn Marion,,,,missed,,layup,25,6
Goran Dragic,Jared Dudley,Jason Richardson,Louis Amundson,Robin Lopez,Dirk Nowitzki,Jason Kidd,Jason Terry,Jose Juan Barea,Shawn Marion,2,0:00,PHX,rebound,,,,,,,,,,Robin Lopez,,,,,,def,,
Amare Stoudemire,Channing Frye,Grant Hill,Jason Richardson,Steve Nash,Dirk Nowitzki,Drew Gooden,Jason Kidd,Jose Juan Barea,Shawn Marion,3,11:38,PHX,shot,,,,,,,,,,Jason Richardson,,,,missed,,layup,25,6
Amare Stoudemire,Channing Frye,Grant Hill,Jason Richardson,Steve Nash,Dirk Nowitzki,Drew Gooden,Jason Kidd,Jose Juan Barea,Shawn Marion,3,11:37,DAL,rebound,,,,,,,,,,Drew Gooden,,,,,,def,,
Amare Stoudemire,Channing Frye,Grant Hill,Jason Richardson,Steve Nash,Dirk Nowitzki,Drew Gooden,Jason Kidd,Jose Juan Barea,Shawn Marion,3,11:20,DAL,shot,Jason Kidd,,,,,,,,,Drew Gooden,2,,,made,,jump hook,19,9
Amare Stoudemire,Channing Frye,Grant Hill,Jason Richardson,Steve Nash,Dirk Nowitzki,Drew Gooden,Jason Kidd,Jose Juan Barea,Shawn Marion,3,11:10,DAL,foul,,,,,,,,Amare Stoudemire,,Jose Juan Barea,,,,,,personal,,
Amare Stoudemire,Channing Frye,Grant Hill,Jason Richardson,Steve Nash,Dirk Nowitzki,Drew Gooden,Jason Kidd,Jose Juan Barea,Shawn Marion,3,11:05,PHX,turnover,,,,,,,,,,Steve Nash,,,bad pass,,Jose Juan Barea,,,
Amare Stoudemire,Channing Frye,Grant Hill,Jason Richardson,Steve Nash,Dirk Nowitzki,Drew Gooden,Jason Kidd,Jose Juan Barea,Shawn Marion,3,10:58,DAL,shot,Jose Juan Barea,,,,,,,,,Dirk Nowitzki,2,,,made,,pullup jump,8,14
Amare Stoudemire,Channing Frye,Grant Hill,Jason Richardson,Steve Nash,Dirk Nowitzki,Drew Gooden,Jason Kidd,Jose Juan Barea,Shawn Marion,3,10:43,PHX,shot,,,,,,,,,,Jason Richardson,,,,missed,,3pt,36,28
Amare Stoudemire,Channing Frye,Grant Hill,Jason Richardson,Steve Nash,Dirk Nowitzki,Drew Gooden,Jason Kidd,Jose Juan Barea,Shawn Marion,3,10:43,PHX,rebound,,,,,,,,,,Channing Frye,,,,,,off,,
Amare Stoudemire,Channing Frye,Grant Hill,Jason Richardson,Steve Nash,Dirk Nowitzki,Drew Gooden,Jason Kidd,Jose Juan Barea,Shawn Marion,3,10:43,DAL,foul,,,,,,,,Channing Frye,,Jose Juan Barea,,,,,,personal,,
Amare Stoudemire,Channing Frye,Grant Hill,Jason Richardson,Steve Nash,Dirk Nowitzki,Drew Gooden,Jason Kidd,Jason Terry,Shawn Marion,3,10:43,DAL,sub,,,,Jason Terry,,Jose Juan Barea,,,,,,,,,,,,
Amare Stoudemire,Channing Frye,Grant Hill,Jason Richardson,Steve Nash,Dirk Nowitzki,Drew Gooden,Jason Kidd,Jason Terry,Shawn Marion,3,10:34,PHX,shot,Jason Richardson,,,,,,,,,Amare Stoudemire,2,,,made,,jump,24,21
Amare Stoudemire,Channing Frye,Grant Hill,Jason Richardson,Steve Nash,Dirk Nowitzki,Drew Gooden,Jason Kidd,Jason Terry,Shawn Marion,3,10:12,DAL,shot,Dirk Nowitzki,,,,,,,,,Jason Kidd,3,,,made,,3pt,38,27
Amare Stoudemire,Channing Frye,Grant Hill,Jason Richardson,Steve Nash,Dirk Nowitzki,Drew Gooden,Jason Kidd,Jason Terry,Shawn Marion,3,10:06,PHX,shot,Steve Nash,,,,,,,,,Grant Hill,2,,,made,,pullup jump,39,12
Amare Stoudemire,Channing Frye,Grant Hill,Jason Richardson,Steve Nash,Dirk Nowitzki,Drew Gooden,Jason Kidd,Jason Terry,Shawn Marion,3,9:45,DAL,shot,,,,,,,,,,Drew Gooden,,,,missed,,step back jump,36,9
Amare Stoudemire,Channing Frye,Grant Hill,Jason Richardson,Steve Nash,Dirk Nowitzki,Drew Gooden,Jason Kidd,Jason Terry,Shawn Marion,3,9:44,PHX,rebound,,,,,,,,,,Grant Hill,,,,,,def,,
Amare Stoudemire,Channing Frye,Grant Hill,Jason Richardson,Steve Nash,Dirk Nowitzki,Drew Gooden,Jason Kidd,Jason Terry,Shawn Marion,3,9:38,PHX,shot,,,,,,,,,,Steve Nash,3,,,made,,3pt,14,28
Amare Stoudemire,Channing Frye,Grant Hill,Jason Richardson,Steve Nash,Dirk Nowitzki,Drew Gooden,Jason Kidd,Jason Terry,Shawn Marion,3,9:19,DAL,shot,,,,,,,,,,Jason Kidd,,,,missed,,3pt,10,26
Amare Stoudemire,Channing Frye,Grant Hill,Jason Richardson,Steve Nash,Dirk Nowitzki,Drew Gooden,Jason Kidd,Jason Terry,Shawn Marion,3,9:18,PHX,rebound,,,,,,,,,,Channing Frye,,,,,,def,,
Amare Stoudemire,Channing Frye,Grant Hill,Jason Richardson,Steve Nash,Dirk Nowitzki,Drew Gooden,Jason Kidd,Jason Terry,Shawn Marion,3,9:15,PHX,turnover,,,,,,,,,,Steve Nash,,,bad pass,,,,,
Amare Stoudemire,Channing Frye,Grant Hill,Jason Richardson,Steve Nash,Dirk Nowitzki,Drew Gooden,Jason Kidd,Jason Terry,Shawn Marion,3,9:03,DAL,turnover,,,,,,,,,,Jason Terry,,,palming turnover,,,,,
Amare Stoudemire,Channing Frye,Grant Hill,Jason Richardson,Steve Nash,Dirk Nowitzki,Drew Gooden,Jason Kidd,Jason Terry,Shawn Marion,3,8:46,PHX,turnover,,,,,,,,,,Amare Stoudemire,,,traveling,,,,,
Amare Stoudemire,Channing Frye,Grant Hill,Jason Richardson,Steve Nash,Dirk Nowitzki,Drew Gooden,Jason Kidd,Jason Terry,Shawn Marion,3,8:26,DAL,shot,,,Channing Frye,,,,,,,Jason Terry,,,,missed,,jump,21,16
Amare Stoudemire,Channing Frye,Grant Hill,Jason Richardson,Steve Nash,Dirk Nowitzki,Drew Gooden,Jason Kidd,Jason Terry,Shawn Marion,3,8:25,DAL,rebound,,,,,,,,,,Drew Gooden,,,,,,off,,
Amare Stoudemire,Channing Frye,Grant Hill,Jason Richardson,Steve Nash,Dirk Nowitzki,Drew Gooden,Jason Kidd,Jason Terry,Shawn Marion,3,8:22,DAL,turnover,,,,,,,,,,,,,shot clock turnover,,,,,
Amare Stoudemire,Channing Frye,Grant Hill,Jason Richardson,Steve Nash,Dirk Nowitzki,Drew Gooden,Jason Kidd,Jason Terry,Shawn Marion,3,8:02,PHX,shot,Jason Richardson,,,,,,,,,Steve Nash,2,,,made,,fade away jumper,32,8
Amare Stoudemire,Channing Frye,Grant Hill,Jason Richardson,Steve Nash,Dirk Nowitzki,Drew Gooden,Jason Kidd,Jason Terry,Shawn Marion,3,7:42,DAL,shot,,,,,,,,,,Dirk Nowitzki,2,,,made,,jump,10,11
Amare Stoudemire,Channing Frye,Grant Hill,Jason Richardson,Steve Nash,Dirk Nowitzki,Drew Gooden,Jason Kidd,Jason Terry,Shawn Marion,3,7:33,DAL,foul,,,,,,,,Grant Hill,,Jason Kidd,,,,,,personal,,
Amare Stoudemire,Channing Frye,Grant Hill,Jason Richardson,Steve Nash,Dirk Nowitzki,Drew Gooden,Jason Kidd,Jason Terry,Shawn Marion,3,7:21,PHX,shot,,,,,,,,,,Amare Stoudemire,,,,missed,,jump,21,19
Amare Stoudemire,Channing Frye,Grant Hill,Jason Richardson,Steve Nash,Dirk Nowitzki,Drew Gooden,Jason Kidd,Jason Terry,Shawn Marion,3,7:20,DAL,rebound,,,,,,,,,,Shawn Marion,,,,,,def,,
Amare Stoudemire,Channing Frye,Grant Hill,Jason Richardson,Steve Nash,Dirk Nowitzki,Drew Gooden,Jason Kidd,Jason Terry,Shawn Marion,3,7:16,DAL,shot,Jason Terry,,,,,,,,,Dirk Nowitzki,2,,,made,,running dunk,25,6
Amare Stoudemire,Channing Frye,Grant Hill,Jason Richardson,Steve Nash,Dirk Nowitzki,Drew Gooden,Jason Kidd,Jason Terry,Shawn Marion,3,7:07,PHX,shot,,,,,,,,,,Steve Nash,,,,missed,,reverse layup,25,6
Amare Stoudemire,Channing Frye,Grant Hill,Jason Richardson,Steve Nash,Dirk Nowitzki,Drew Gooden,Jason Kidd,Jason Terry,Shawn Marion,3,7:05,DAL,rebound,,,,,,,,,,Dirk Nowitzki,,,,,,def,,
Amare Stoudemire,Channing Frye,Grant Hill,Jason Richardson,Steve Nash,Dirk Nowitzki,Drew Gooden,Jason Kidd,Jason Terry,Shawn Marion,3,6:43,DAL,foul,,,,,,,,Grant Hill,,Drew Gooden,,,,,,offensive,,
Amare Stoudemire,Channing Frye,Grant Hill,Jason Richardson,Steve Nash,Dirk Nowitzki,Drew Gooden,Jason Kidd,Jason Terry,Shawn Marion,3,6:43,DAL,turnover,,,,,,,,,,Drew Gooden,,,foul,,,,,
Amare Stoudemire,Channing Frye,Grant Hill,Jason Richardson,Steve Nash,Dirk Nowitzki,Drew Gooden,Jason Kidd,Jason Terry,Shawn Marion,3,6:26,PHX,shot,,,,,,,,,,Channing Frye,,,,missed,,jump,43,21
Amare Stoudemire,Channing Frye,Grant Hill,Jason Richardson,Steve Nash,Dirk Nowitzki,Drew Gooden,Jason Kidd,Jason Terry,Shawn Marion,3,6:25,DAL,rebound,,,,,,,,,,Jason Kidd,,,,,,def,,
Amare Stoudemire,Channing Frye,Grant Hill,Jason Richardson,Steve Nash,Dirk Nowitzki,Drew Gooden,Jason Kidd,Jason Terry,Shawn Marion,3,6:10,DAL,shot,,,Channing Frye,,,,,,,Shawn Marion,,,,missed,,layup,25,6
Amare Stoudemire,Channing Frye,Grant Hill,Jason Richardson,Steve Nash,Dirk Nowitzki,Drew Gooden,Jason Kidd,Jason Terry,Shawn Marion,3,6:09,PHX,rebound,,,,,,,,,,Amare Stoudemire,,,,,,def,,
Amare Stoudemire,Channing Frye,Grant Hill,Jason Richardson,Steve Nash,Dirk Nowitzki,Drew Gooden,Jason Kidd,Jason Terry,Shawn Marion,3,6:05,PHX,shot,Steve Nash,,,,,,,,,Grant Hill,2,,,made,,driving layup,25,6
Amare Stoudemire,Channing Frye,Grant Hill,Jason Richardson,Steve Nash,Dirk Nowitzki,Drew Gooden,Jason Kidd,Jason Terry,Shawn Marion,3,6:02,DAL,timeout,,,,,,,,,,,,,,,,regular,,
Amare Stoudemire,Channing Frye,Grant Hill,Jason Richardson,Steve Nash,Dirk Nowitzki,Drew Gooden,Jason Kidd,Jason Terry,Shawn Marion,3,5:44,DAL,turnover,,,,,,,,,,Drew Gooden,,,3 second violation,,,,,
Amare Stoudemire,Channing Frye,Grant Hill,Jason Richardson,Steve Nash,Dirk Nowitzki,Drew Gooden,Jason Kidd,Jason Terry,Shawn Marion,3,5:24,PHX,shot,,,,,,,,,,Amare Stoudemire,,,,missed,,jump,41,8
Amare Stoudemire,Channing Frye,Grant Hill,Jason Richardson,Steve Nash,Dirk Nowitzki,Drew Gooden,Jason Kidd,Jason Terry,Shawn Marion,3,5:23,DAL,rebound,,,,,,,,,,Dirk Nowitzki,,,,,,def,,
Amare Stoudemire,Channing Frye,Grant Hill,Jason Richardson,Steve Nash,Dirk Nowitzki,Drew Gooden,Jason Kidd,Jason Terry,Shawn Marion,3,5:09,DAL,shot,,,,,,,,,,Dirk Nowitzki,,,,missed,,jump,8,8
Amare Stoudemire,Channing Frye,Grant Hill,Jason Richardson,Steve Nash,Dirk Nowitzki,Drew Gooden,Jason Kidd,Jason Terry,Shawn Marion,3,5:08,PHX,rebound,,,,,,,,,,Grant Hill,,,,,,def,,
Amare Stoudemire,Channing Frye,Grant Hill,Jason Richardson,Steve Nash,Dirk Nowitzki,Drew Gooden,Jason Kidd,Jason Terry,Shawn Marion,3,4:57,PHX,turnover,,,,,,,,,,Grant Hill,,,bad pass,,Jason Terry,,,
Amare Stoudemire,Channing Frye,Grant Hill,Jason Richardson,Steve Nash,Dirk Nowitzki,Drew Gooden,Jason Kidd,Jason Terry,Shawn Marion,3,4:54,PHX,foul,,,,,,,,Jason Terry,,Grant Hill,,,,,,personal,,
Amare Stoudemire,Channing Frye,Jared Dudley,Jason Richardson,Steve Nash,Dirk Nowitzki,Drew Gooden,Jason Kidd,Jason Terry,Shawn Marion,3,4:54,PHX,sub,,,,Jared Dudley,,Grant Hill,,,,,,,,,,,,
Amare Stoudemire,Channing Frye,Jared Dudley,Jason Richardson,Steve Nash,Dirk Nowitzki,Jason Kidd,Jason Terry,Kris Humphries,Shawn Marion,3,4:54,DAL,sub,,,,Kris Humphries,,Drew Gooden,,,,,,,,,,,,
Amare Stoudemire,Channing Frye,Jared Dudley,Jason Richardson,Steve Nash,Dirk Nowitzki,Jason Kidd,Jason Terry,Kris Humphries,Shawn Marion,3,4:43,PHX,violation,,,,,,,,,,Channing Frye,,,,,,defensive goaltending,,
Amare Stoudemire,Channing Frye,Jared Dudley,Jason Richardson,Steve Nash,Dirk Nowitzki,Jason Kidd,Jason Terry,Kris Humphries,Shawn Marion,3,4:43,DAL,shot,,,,,,,,,,Dirk Nowitzki,2,,,made,,layup,25,6
Amare Stoudemire,Channing Frye,Jared Dudley,Jason Richardson,Steve Nash,Dirk Nowitzki,Jason Kidd,Jason Terry,Kris Humphries,Shawn Marion,3,4:35,PHX,shot,,,,,,,,,,Jason Richardson,,,,missed,,driving layup,25,6
Amare Stoudemire,Channing Frye,Jared Dudley,Jason Richardson,Steve Nash,Dirk Nowitzki,Jason Kidd,Jason Terry,Kris Humphries,Shawn Marion,3,4:34,DAL,rebound,,,,,,,,,,Kris Humphries,,,,,,def,,
Amare Stoudemire,Channing Frye,Jared Dudley,Jason Richardson,Steve Nash,Dirk Nowitzki,Jason Kidd,Jason Terry,Kris Humphries,Shawn Marion,3,4:28,DAL,shot,Jason Kidd,,,,,,,,,Jason Terry,2,,,made,,jump,36,24
Amare Stoudemire,Channing Frye,Jared Dudley,Jason Richardson,Steve Nash,Dirk Nowitzki,Jason Kidd,Jason Terry,Kris Humphries,Shawn Marion,3,4:15,PHX,shot,Steve Nash,,,,,,,,,Amare Stoudemire,2,,,made,,driving layup,25,6
Amare Stoudemire,Channing Frye,Jared Dudley,Jason Richardson,Steve Nash,Dirk Nowitzki,Jason Kidd,Jason Terry,Kris Humphries,Shawn Marion,3,4:15,DAL,foul,,,,,,,,Amare Stoudemire,,Kris Humphries,,,,,,shooting,,
Amare Stoudemire,Channing Frye,Jared Dudley,Jason Richardson,Steve Nash,Dirk Nowitzki,Jason Kidd,Jason Terry,Josh Howard,Kris Humphries,3,4:15,DAL,sub,,,,Josh Howard,,Shawn Marion,,,,,,,,,,,,
Amare Stoudemire,Channing Frye,Jared Dudley,Jason Richardson,Steve Nash,Dirk Nowitzki,Jason Kidd,Jason Terry,Josh Howard,Kris Humphries,3,4:15,PHX,free throw,,,,,,,1,,1,Amare Stoudemire,,,foul,made,,,,
Amare Stoudemire,Channing Frye,Jared Dudley,Jason Richardson,Steve Nash,Dirk Nowitzki,Jason Kidd,Jason Terry,Josh Howard,Kris Humphries,3,4:03,PHX,foul,,,,,,,,Kris Humphries,,Jared Dudley,,,,,,personal,,
Amare Stoudemire,Channing Frye,Goran Dragic,Jared Dudley,Steve Nash,Dirk Nowitzki,Jason Kidd,Jason Terry,Josh Howard,Kris Humphries,3,4:03,PHX,sub,,,,Goran Dragic,,Jason Richardson,,,,,,,,,,,,
Amare Stoudemire,Channing Frye,Goran Dragic,Jared Dudley,Steve Nash,Dirk Nowitzki,Jason Kidd,Jason Terry,Josh Howard,Kris Humphries,3,3:51,PHX,foul,,,,,,,,Dirk Nowitzki,,Jared Dudley,,,,,,shooting,,
Amare Stoudemire,Channing Frye,Goran Dragic,Jared Dudley,Steve Nash,Dirk Nowitzki,Jason Kidd,Jason Terry,Josh Howard,Kris Humphries,3,3:51,DAL,free throw,,,,,,,1,,2,Dirk Nowitzki,,,foul,made,,,,
Amare Stoudemire,Channing Frye,Goran Dragic,Jared Dudley,Steve Nash,Dirk Nowitzki,Jason Kidd,Jason Terry,Josh Howard,Kris Humphries,3,3:51,DAL,free throw,,,,,,,2,,2,Dirk Nowitzki,,,foul,made,,,,
Amare Stoudemire,Channing Frye,Goran Dragic,Jared Dudley,Steve Nash,Dirk Nowitzki,Jason Kidd,Jason Terry,Josh Howard,Kris Humphries,3,3:31,DAL,foul,,,,,,,,Amare Stoudemire,,Josh Howard,,,,,,personal,,
Amare Stoudemire,Channing Frye,Goran Dragic,Jared Dudley,Steve Nash,Dirk Nowitzki,Jason Kidd,Jason Terry,Josh Howard,Kris Humphries,3,3:31,PHX,free throw,,,,,,,1,,2,Amare Stoudemire,,,foul,made,,,,
Amare Stoudemire,Channing Frye,Goran Dragic,Jared Dudley,Steve Nash,Dirk Nowitzki,Jason Kidd,Jason Terry,Josh Howard,Kris Humphries,3,3:31,PHX,free throw,,,,,,,2,,2,Amare Stoudemire,,,foul,made,,,,
Amare Stoudemire,Channing Frye,Goran Dragic,Jared Dudley,Steve Nash,Dirk Nowitzki,Jason Kidd,Jason Terry,Josh Howard,Kris Humphries,3,3:11,DAL,shot,,,,,,,,,,Josh Howard,,,,missed,,3pt,47,11
Amare Stoudemire,Channing Frye,Goran Dragic,Jared Dudley,Steve Nash,Dirk Nowitzki,Jason Kidd,Jason Terry,Josh Howard,Kris Humphries,3,3:10,PHX,rebound,,,,,,,,,,Steve Nash,,,,,,def,,
Amare Stoudemire,Channing Frye,Goran Dragic,Jared Dudley,Steve Nash,Dirk Nowitzki,Jason Kidd,Jason Terry,Josh Howard,Kris Humphries,3,3:02,PHX,turnover,,,,,,,,,,Steve Nash,,,bad pass,,Jason Kidd,,,
Amare Stoudemire,Channing Frye,Goran Dragic,Jared Dudley,Steve Nash,Dirk Nowitzki,Jason Kidd,Jason Terry,Josh Howard,Kris Humphries,3,2:56,DAL,turnover,,,,,,,,,,Josh Howard,,,bad pass,,,,,
Amare Stoudemire,Channing Frye,Goran Dragic,Jared Dudley,Steve Nash,Dirk Nowitzki,Jason Kidd,Jason Terry,Josh Howard,Kris Humphries,3,2:56,PHX,timeout,,,,,,,,,,,,,,,,regular,,
Amare Stoudemire,Channing Frye,Goran Dragic,Jared Dudley,Steve Nash,Dirk Nowitzki,Jason Terry,Jose Juan Barea,Josh Howard,Kris Humphries,3,2:56,DAL,sub,,,,Jose Juan Barea,,Jason Kidd,,,,,,,,,,,,
Amare Stoudemire,Goran Dragic,Jared Dudley,Louis Amundson,Steve Nash,Dirk Nowitzki,Jason Terry,Jose Juan Barea,Josh Howard,Kris Humphries,3,2:56,PHX,sub,,,,Louis Amundson,,Channing Frye,,,,,,,,,,,,
Amare Stoudemire,Goran Dragic,Jared Dudley,Louis Amundson,Steve Nash,Dirk Nowitzki,Jason Terry,Jose Juan Barea,Josh Howard,Kris Humphries,3,2:34,PHX,shot,,,,,,,,,,Jared Dudley,,,,missed,,driving jump,19,8
Amare Stoudemire,Goran Dragic,Jared Dudley,Louis Amundson,Steve Nash,Dirk Nowitzki,Jason Terry,Jose Juan Barea,Josh Howard,Kris Humphries,3,2:32,DAL,rebound,,,,,,,,,,Jose Juan Barea,,,,,,def,,
Amare Stoudemire,Goran Dragic,Jared Dudley,Louis Amundson,Steve Nash,Dirk Nowitzki,Jason Terry,Jose Juan Barea,Josh Howard,Kris Humphries,3,2:26,DAL,shot,Jose Juan Barea,,,,,,,,,Josh Howard,2,,,made,,jump,19,15
Amare Stoudemire,Goran Dragic,Jared Dudley,Louis Amundson,Steve Nash,Dirk Nowitzki,Jason Terry,Jose Juan Barea,Josh Howard,Kris Humphries,3,2:15,DAL,foul,,,,,,,,Steve Nash,,Kris Humphries,,,,,,shooting,,
Amare Stoudemire,Goran Dragic,Jared Dudley,Louis Amundson,Steve Nash,Dirk Nowitzki,Jason Terry,Jose Juan Barea,Josh Howard,Kris Humphries,3,2:15,PHX,free throw,,,,,,,1,,2,Steve Nash,,,foul,made,,,,
Amare Stoudemire,Goran Dragic,Jared Dudley,Louis Amundson,Steve Nash,Dirk Nowitzki,Jason Terry,Jose Juan Barea,Josh Howard,Kris Humphries,3,2:15,PHX,free throw,,,,,,,2,,2,Steve Nash,,,foul,made,,,,
Amare Stoudemire,Goran Dragic,Jared Dudley,Louis Amundson,Steve Nash,Dirk Nowitzki,Jason Terry,Jose Juan Barea,Josh Howard,Kris Humphries,3,1:59,DAL,shot,,,,,,,,,,Josh Howard,,,,missed,,jump,13,7
Amare Stoudemire,Goran Dragic,Jared Dudley,Louis Amundson,Steve Nash,Dirk Nowitzki,Jason Terry,Jose Juan Barea,Josh Howard,Kris Humphries,3,1:58,DAL,rebound,,,,,,,,,,Kris Humphries,,,,,,off,,
Amare Stoudemire,Goran Dragic,Jared Dudley,Louis Amundson,Steve Nash,Dirk Nowitzki,Jason Terry,Jose Juan Barea,Josh Howard,Kris Humphries,3,1:58,DAL,shot,,,,,,,,,,Kris Humphries,,,,missed,,tip,25,6
Amare Stoudemire,Goran Dragic,Jared Dudley,Louis Amundson,Steve Nash,Dirk Nowitzki,Jason Terry,Jose Juan Barea,Josh Howard,Kris Humphries,3,1:56,PHX,rebound,,,,,,,,,,Goran Dragic,,,,,,def,,
Amare Stoudemire,Goran Dragic,Jared Dudley,Louis Amundson,Steve Nash,Dirk Nowitzki,Jason Terry,Jose Juan Barea,Josh Howard,Kris Humphries,3,1:48,PHX,shot,,,,,,,,,,Steve Nash,,,,missed,,jump,43,9
Amare Stoudemire,Goran Dragic,Jared Dudley,Louis Amundson,Steve Nash,Dirk Nowitzki,Jason Terry,Jose Juan Barea,Josh Howard,Kris Humphries,3,1:48,DAL,rebound,,,,,,,,,,,,,,,,,,
Amare Stoudemire,Goran Dragic,Jared Dudley,Louis Amundson,Steve Nash,Dirk Nowitzki,Jason Terry,Jose Juan Barea,Josh Howard,Kris Humphries,3,1:46,PHX,foul,,,,,,,,Kris Humphries,,Amare Stoudemire,,,,,,shooting,,
Amare Stoudemire,Goran Dragic,Jared Dudley,Louis Amundson,Steve Nash,Dirk Nowitzki,Jason Terry,Jose Juan Barea,Josh Howard,Kris Humphries,3,1:46,DAL,free throw,,,,,,,1,,2,Kris Humphries,,,foul,missed,,,,
Amare Stoudemire,Goran Dragic,Jared Dudley,Louis Amundson,Steve Nash,Dirk Nowitzki,Jason Terry,Jose Juan Barea,Josh Howard,Kris Humphries,3,1:46,DAL,rebound,,,,,,,,,,,,,,,,,,
Amare Stoudemire,Goran Dragic,Jared Dudley,Jason Richardson,Louis Amundson,Dirk Nowitzki,Jason Terry,Jose Juan Barea,Josh Howard,Kris Humphries,3,1:46,PHX,sub,,,,Jason Richardson,,Steve Nash,,,,,,,,,,,,
Amare Stoudemire,Goran Dragic,Jared Dudley,Jason Richardson,Louis Amundson,Dirk Nowitzki,Jason Terry,Jose Juan Barea,Josh Howard,Kris Humphries,3,1:46,DAL,free throw,,,,,,,2,,2,Kris Humphries,,,foul,made,,,,
Amare Stoudemire,Goran Dragic,Jared Dudley,Jason Richardson,Louis Amundson,Dirk Nowitzki,Jason Terry,Jose Juan Barea,Josh Howard,Kris Humphries,3,1:33,PHX,turnover,,,,,,,,,,Jared Dudley,,,bad pass,,Josh Howard,,,
Amare Stoudemire,Goran Dragic,Jared Dudley,Jason Richardson,Louis Amundson,Dirk Nowitzki,Jason Terry,Jose Juan Barea,Josh Howard,Kris Humphries,3,1:28,DAL,shot,,,,,,,,,,Josh Howard,2,,,made,,pullup jump,18,18
Amare Stoudemire,Goran Dragic,Jared Dudley,Jason Richardson,Louis Amundson,Dirk Nowitzki,Jason Terry,Jose Juan Barea,Josh Howard,Kris Humphries,3,1:16,PHX,shot,,,,,,,,,,Goran Dragic,,,,missed,,jump,7,7
Amare Stoudemire,Goran Dragic,Jared Dudley,Jason Richardson,Louis Amundson,Dirk Nowitzki,Jason Terry,Jose Juan Barea,Josh Howard,Kris Humphries,3,1:15,DAL,rebound,,,,,,,,,,Josh Howard,,,,,,def,,
Amare Stoudemire,Goran Dragic,Jared Dudley,Jason Richardson,Louis Amundson,Dirk Nowitzki,Jason Terry,Jose Juan Barea,Josh Howard,Kris Humphries,3,1:08,DAL,shot,,,,,,,,,,Josh Howard,,,,missed,,pullup jump,16,21
Amare Stoudemire,Goran Dragic,Jared Dudley,Jason Richardson,Louis Amundson,Dirk Nowitzki,Jason Terry,Jose Juan Barea,Josh Howard,Kris Humphries,3,1:06,PHX,rebound,,,,,,,,,,Jason Richardson,,,,,,def,,
Amare Stoudemire,Goran Dragic,Jared Dudley,Jason Richardson,Louis Amundson,Dirk Nowitzki,Jason Terry,Jose Juan Barea,Josh Howard,Kris Humphries,3,1:02,PHX,shot,Jason Richardson,,,,,,,,,Louis Amundson,2,,,made,,driving layup,25,6
Amare Stoudemire,Goran Dragic,Jared Dudley,Jason Richardson,Louis Amundson,Dirk Nowitzki,Jason Terry,Jose Juan Barea,Josh Howard,Kris Humphries,3,0:40,DAL,shot,Jose Juan Barea,,,,,,,,,Josh Howard,3,,,made,,3pt,2,10
Amare Stoudemire,Goran Dragic,Jared Dudley,Jason Richardson,Louis Amundson,Dirk Nowitzki,Jason Terry,Jose Juan Barea,Josh Howard,Kris Humphries,3,0:24,PHX,timeout,,,,,,,,,,,,,,,,short,,
Amare Stoudemire,Goran Dragic,Jared Dudley,Jason Richardson,Louis Amundson,Dirk Nowitzki,Jason Terry,Jose Juan Barea,Josh Howard,Kris Humphries,3,0:17,PHX,shot,,,,,,,,,,Jason Richardson,,,,missed,,jump,38,13
Amare Stoudemire,Goran Dragic,Jared Dudley,Jason Richardson,Louis Amundson,Dirk Nowitzki,Jason Terry,Jose Juan Barea,Josh Howard,Kris Humphries,3,0:16,DAL,rebound,,,,,,,,,,Kris Humphries,,,,,,def,,
Amare Stoudemire,Goran Dragic,Jared Dudley,Jason Richardson,Louis Amundson,Dirk Nowitzki,Jason Terry,Jose Juan Barea,Josh Howard,Kris Humphries,3,0:04,DAL,shot,Jose Juan Barea,,,,,,,,,Dirk Nowitzki,2,,,made,,jump,14,22
Amare Stoudemire,Goran Dragic,Jared Dudley,Jason Richardson,Louis Amundson,Dirk Nowitzki,Jason Terry,Jose Juan Barea,Josh Howard,Kris Humphries,3,0:04,PHX,foul,,,,,,,,Dirk Nowitzki,,Louis Amundson,,,,,,shooting,,
Amare Stoudemire,Goran Dragic,Jared Dudley,Jason Richardson,Louis Amundson,Dirk Nowitzki,Jason Kidd,Jason Terry,Josh Howard,Kris Humphries,3,0:04,DAL,sub,,,,Jason Kidd,,Jose Juan Barea,,,,,,,,,,,,
Amare Stoudemire,Goran Dragic,Jared Dudley,Jason Richardson,Louis Amundson,Dirk Nowitzki,Jason Kidd,Josh Howard,Kris Humphries,Rodrigue Beaubois,3,0:04,DAL,sub,,,,Rodrigue Beaubois,,Jason Terry,,,,,,,,,,,,
Amare Stoudemire,Goran Dragic,Jared Dudley,Jason Richardson,Louis Amundson,Dirk Nowitzki,Jason Kidd,Josh Howard,Kris Humphries,Rodrigue Beaubois,3,0:04,DAL,free throw,,,,,,,1,,1,Dirk Nowitzki,,,foul,made,,,,
Amare Stoudemire,Goran Dragic,Jared Dudley,Jason Richardson,Louis Amundson,Dirk Nowitzki,Jason Kidd,Josh Howard,Kris Humphries,Rodrigue Beaubois,3,0:00,PHX,shot,,,,,,,,,,Jason Richardson,,,,missed,,driving jump,12,6
Amare Stoudemire,Goran Dragic,Jared Dudley,Jason Richardson,Louis Amundson,Dirk Nowitzki,Jason Kidd,Josh Howard,Kris Humphries,Rodrigue Beaubois,3,0:00,PHX,rebound,,,,,,,,,,,,,,,,,,
Goran Dragic,Grant Hill,Jared Dudley,Jason Richardson,Louis Amundson,Jason Kidd,Jason Terry,Josh Howard,Kris Humphries,Shawn Marion,4,11:47,DAL,shot,,,,,,,,,,Jason Terry,,,,missed,,3pt,46,18
Goran Dragic,Grant Hill,Jared Dudley,Jason Richardson,Louis Amundson,Jason Kidd,Jason Terry,Josh Howard,Kris Humphries,Shawn Marion,4,11:46,PHX,rebound,,,,,,,,,,Louis Amundson,,,,,,def,,
Goran Dragic,Grant Hill,Jared Dudley,Jason Richardson,Louis Amundson,Jason Kidd,Jason Terry,Josh Howard,Kris Humphries,Shawn Marion,4,11:22,PHX,shot,,,,,,,,,,Grant Hill,,,,missed,,jump,42,14
Goran Dragic,Grant Hill,Jared Dudley,Jason Richardson,Louis Amundson,Jason Kidd,Jason Terry,Josh Howard,Kris Humphries,Shawn Marion,4,11:21,DAL,rebound,,,,,,,,,,Kris Humphries,,,,,,def,,
Goran Dragic,Grant Hill,Jared Dudley,Jason Richardson,Louis Amundson,Jason Kidd,Jason Terry,Josh Howard,Kris Humphries,Shawn Marion,4,11:09,DAL,shot,,,,,,,,,,Josh Howard,,,,missed,,step back jump,9,12
Goran Dragic,Grant Hill,Jared Dudley,Jason Richardson,Louis Amundson,Jason Kidd,Jason Terry,Josh Howard,Kris Humphries,Shawn Marion,4,11:08,PHX,rebound,,,,,,,,,,Jared Dudley,,,,,,def,,
Goran Dragic,Grant Hill,Jared Dudley,Jason Richardson,Louis Amundson,Jason Kidd,Jason Terry,Josh Howard,Kris Humphries,Shawn Marion,4,10:58,PHX,shot,,,,,,,,,,Goran Dragic,,,,missed,,jump,34,24
Goran Dragic,Grant Hill,Jared Dudley,Jason Richardson,Louis Amundson,Jason Kidd,Jason Terry,Josh Howard,Kris Humphries,Shawn Marion,4,10:57,DAL,rebound,,,,,,,,,,,,,,,,,,
Goran Dragic,Grant Hill,Jared Dudley,Jason Richardson,Louis Amundson,Jason Kidd,Jose Juan Barea,Josh Howard,Kris Humphries,Shawn Marion,4,10:56,DAL,sub,,,,Jose Juan Barea,,Jason Terry,,,,,,,,,,,,
Goran Dragic,Grant Hill,Jared Dudley,Jason Richardson,Louis Amundson,Jason Kidd,Jose Juan Barea,Josh Howard,Kris Humphries,Shawn Marion,4,10:35,DAL,shot,,,,,,,,,,Jason Kidd,,,,missed,,3pt,39,25
Goran Dragic,Grant Hill,Jared Dudley,Jason Richardson,Louis Amundson,Jason Kidd,Jose Juan Barea,Josh Howard,Kris Humphries,Shawn Marion,4,10:34,PHX,rebound,,,,,,,,,,Grant Hill,,,,,,def,,
Goran Dragic,Grant Hill,Jared Dudley,Jason Richardson,Louis Amundson,Jason Kidd,Jose Juan Barea,Josh Howard,Kris Humphries,Shawn Marion,4,10:20,PHX,shot,,,,,,,,,,Grant Hill,,,,missed,,turnaround jump,30,18
Goran Dragic,Grant Hill,Jared Dudley,Jason Richardson,Louis Amundson,Jason Kidd,Jose Juan Barea,Josh Howard,Kris Humphries,Shawn Marion,4,10:19,DAL,rebound,,,,,,,,,,Josh Howard,,,,,,def,,
Goran Dragic,Grant Hill,Jared Dudley,Jason Richardson,Louis Amundson,Jason Kidd,Jose Juan Barea,Josh Howard,Kris Humphries,Shawn Marion,4,10:07,DAL,shot,Josh Howard,,,,,,,,,Shawn Marion,2,,,made,,fade away jumper,21,10
Goran Dragic,Grant Hill,Jared Dudley,Jason Richardson,Louis Amundson,Jason Kidd,Jose Juan Barea,Josh Howard,Kris Humphries,Shawn Marion,4,9:49,DAL,foul,,,,,,,,Jason Richardson,,Kris Humphries,,,,,,shooting,,
Channing Frye,Grant Hill,Jared Dudley,Jason Richardson,Louis Amundson,Jason Kidd,Jose Juan Barea,Josh Howard,Kris Humphries,Shawn Marion,4,9:49,PHX,sub,,,,Channing Frye,,Goran Dragic,,,,,,,,,,,,
Channing Frye,Grant Hill,Jared Dudley,Jason Richardson,Steve Nash,Jason Kidd,Jose Juan Barea,Josh Howard,Kris Humphries,Shawn Marion,4,9:49,PHX,sub,,,,Steve Nash,,Louis Amundson,,,,,,,,,,,,
Channing Frye,Grant Hill,Jared Dudley,Jason Richardson,Steve Nash,Jason Kidd,Jose Juan Barea,Josh Howard,Kris Humphries,Shawn Marion,4,9:49,PHX,free throw,,,,,,,1,,2,Jason Richardson,,,foul,made,,,,
Channing Frye,Grant Hill,Jared Dudley,Jason Richardson,Steve Nash,Jason Kidd,Jose Juan Barea,Josh Howard,Kris Humphries,Shawn Marion,4,9:49,PHX,free throw,,,,,,,2,,2,Jason Richardson,,,foul,made,,,,
Channing Frye,Grant Hill,Jared Dudley,Jason Richardson,Steve Nash,Jason Kidd,Jose Juan Barea,Josh Howard,Kris Humphries,Shawn Marion,4,9:35,DAL,shot,Shawn Marion,,,,,,,,,Josh Howard,3,,,made,,3pt,2,8
Channing Frye,Grant Hill,Jared Dudley,Jason Richardson,Steve Nash,Jason Kidd,Jose Juan Barea,Josh Howard,Kris Humphries,Shawn Marion,4,9:16,PHX,shot,,,,,,,,,,Jason Richardson,,,,missed,,3pt,8,24
Channing Frye,Grant Hill,Jared Dudley,Jason Richardson,Steve Nash,Jason Kidd,Jose Juan Barea,Josh Howard,Kris Humphries,Shawn Marion,4,9:15,DAL,rebound,,,,,,,,,,Josh Howard,,,,,,def,,
Channing Frye,Grant Hill,Jared Dudley,Jason Richardson,Steve Nash,Jason Kidd,Jose Juan Barea,Josh Howard,Kris Humphries,Shawn Marion,4,8:56,DAL,turnover,,,,,,,,,,Shawn Marion,,,bad pass,,Grant Hill,,,
Channing Frye,Grant Hill,Jared Dudley,Jason Richardson,Steve Nash,Jason Kidd,Jose Juan Barea,Josh Howard,Kris Humphries,Shawn Marion,4,8:49,PHX,shot,Jason Richardson,,,,,,,,,Jared Dudley,3,,,made,,3pt,2,6
Channing Frye,Grant Hill,Jared Dudley,Jason Richardson,Steve Nash,Jason Kidd,Jose Juan Barea,Josh Howard,Kris Humphries,Shawn Marion,4,8:40,DAL,timeout,,,,,,,,,,,,,,,,regular,,
Channing Frye,Grant Hill,Jared Dudley,Jason Richardson,Steve Nash,Jason Kidd,Jose Juan Barea,Josh Howard,Kris Humphries,Shawn Marion,4,8:25,DAL,turnover,,,,,,,,,,Jose Juan Barea,,,lost ball,,Jason Richardson,,,
Channing Frye,Grant Hill,Jared Dudley,Jason Richardson,Steve Nash,Jason Kidd,Jose Juan Barea,Josh Howard,Kris Humphries,Shawn Marion,4,8:20,PHX,shot,Steve Nash,,,,,,,,,Jason Richardson,2,,,made,,driving layup,25,6
Channing Frye,Grant Hill,Jared Dudley,Jason Richardson,Steve Nash,Jason Kidd,Jose Juan Barea,Josh Howard,Kris Humphries,Shawn Marion,4,7:53,DAL,shot,,,,,,,,,,Jason Kidd,,,,missed,,3pt,5,21
Channing Frye,Grant Hill,Jared Dudley,Jason Richardson,Steve Nash,Jason Kidd,Jose Juan Barea,Josh Howard,Kris Humphries,Shawn Marion,4,7:52,DAL,rebound,,,,,,,,,,Jason Kidd,,,,,,off,,
Channing Frye,Grant Hill,Jared Dudley,Jason Richardson,Steve Nash,Jason Kidd,Jose Juan Barea,Josh Howard,Kris Humphries,Shawn Marion,4,7:46,PHX,foul,,,,,,,,Josh Howard,,Jason Richardson,,,,,,shooting,,
Channing Frye,Grant Hill,Jared Dudley,Jason Richardson,Steve Nash,Dirk Nowitzki,Jason Kidd,Jose Juan Barea,Josh Howard,Shawn Marion,4,7:46,DAL,sub,,,,Dirk Nowitzki,,Kris Humphries,,,,,,,,,,,,
Channing Frye,Grant Hill,Jared Dudley,Jason Richardson,Steve Nash,Dirk Nowitzki,Jason Kidd,Jason Terry,Josh Howard,Shawn Marion,4,7:46,DAL,sub,,,,Jason Terry,,Jose Juan Barea,,,,,,,,,,,,
Channing Frye,Grant Hill,Jared Dudley,Jason Richardson,Steve Nash,Dirk Nowitzki,Jason Kidd,Jason Terry,Josh Howard,Shawn Marion,4,7:46,DAL,free throw,,,,,,,1,,2,Josh Howard,,,foul,made,,,,
Channing Frye,Grant Hill,Jared Dudley,Jason Richardson,Steve Nash,Dirk Nowitzki,Jason Kidd,Jason Terry,Josh Howard,Shawn Marion,4,7:46,DAL,free throw,,,,,,,2,,2,Josh Howard,,,foul,made,,,,
Channing Frye,Grant Hill,Jared Dudley,Jason Richardson,Steve Nash,Dirk Nowitzki,Jason Kidd,Jason Terry,Josh Howard,Shawn Marion,4,7:29,PHX,shot,,,,,,,,,,Steve Nash,,,,missed,,turnaround fade away,17,15
Channing Frye,Grant Hill,Jared Dudley,Jason Richardson,Steve Nash,Dirk Nowitzki,Jason Kidd,Jason Terry,Josh Howard,Shawn Marion,4,7:28,DAL,rebound,,,,,,,,,,Jason Kidd,,,,,,def,,
Channing Frye,Grant Hill,Jared Dudley,Jason Richardson,Steve Nash,Dirk Nowitzki,Jason Kidd,Jason Terry,Josh Howard,Shawn Marion,4,7:21,DAL,shot,,,,,,,,,,Josh Howard,,,,missed,,3pt,11,26
Channing Frye,Grant Hill,Jared Dudley,Jason Richardson,Steve Nash,Dirk Nowitzki,Jason Kidd,Jason Terry,Josh Howard,Shawn Marion,4,7:20,PHX,rebound,,,,,,,,,,Channing Frye,,,,,,def,,
Channing Frye,Grant Hill,Jared Dudley,Jason Richardson,Steve Nash,Dirk Nowitzki,Jason Kidd,Jason Terry,Josh Howard,Shawn Marion,4,7:14,PHX,shot,,,,,,,,,,Steve Nash,2,,,made,,driving layup,25,6
Channing Frye,Grant Hill,Jared Dudley,Jason Richardson,Steve Nash,Dirk Nowitzki,Jason Kidd,Jason Terry,Josh Howard,Shawn Marion,4,6:48,DAL,shot,,,,,,,,,,Josh Howard,2,,,made,,driving jump,39,7
Channing Frye,Grant Hill,Jared Dudley,Jason Richardson,Steve Nash,Dirk Nowitzki,Jason Kidd,Jason Terry,Josh Howard,Shawn Marion,4,6:29,PHX,shot,,,,,,,,,,Channing Frye,,,,missed,,3pt,47,8
Channing Frye,Grant Hill,Jared Dudley,Jason Richardson,Steve Nash,Dirk Nowitzki,Jason Kidd,Jason Terry,Josh Howard,Shawn Marion,4,6:28,PHX,rebound,,,,,,,,,,Jared Dudley,,,,,,off,,
Channing Frye,Grant Hill,Jared Dudley,Jason Richardson,Steve Nash,Dirk Nowitzki,Jason Kidd,Jason Terry,Josh Howard,Shawn Marion,4,6:18,PHX,shot,,,,,,,,,,Jason Richardson,,,,missed,,turnaround jump,33,10
Channing Frye,Grant Hill,Jared Dudley,Jason Richardson,Steve Nash,Dirk Nowitzki,Jason Kidd,Jason Terry,Josh Howard,Shawn Marion,4,6:17,DAL,rebound,,,,,,,,,,Dirk Nowitzki,,,,,,def,,
Channing Frye,Grant Hill,Jared Dudley,Jason Richardson,Steve Nash,Dirk Nowitzki,Jason Kidd,Jason Terry,Josh Howard,Shawn Marion,4,5:53,DAL,shot,Dirk Nowitzki,,,,,,,,,Josh Howard,2,,,made,,pullup jump,10,16
Channing Frye,Grant Hill,Jared Dudley,Jason Richardson,Steve Nash,Dirk Nowitzki,Jason Kidd,Jason Terry,Josh Howard,Shawn Marion,4,5:46,PHX,timeout,,,,,,,,,,,,,,,,regular,,
Amare Stoudemire,Channing Frye,Jared Dudley,Jason Richardson,Steve Nash,Dirk Nowitzki,Jason Kidd,Jason Terry,Josh Howard,Shawn Marion,4,5:46,PHX,sub,,,,Amare Stoudemire,,Grant Hill,,,,,,,,,,,,
Amare Stoudemire,Channing Frye,Jared Dudley,Jason Richardson,Steve Nash,Dirk Nowitzki,Jason Kidd,Jason Terry,Josh Howard,Shawn Marion,4,5:37,PHX,shot,Amare Stoudemire,,,,,,,,,Jason Richardson,2,,,made,,turnaround jump,32,10
Amare Stoudemire,Channing Frye,Jared Dudley,Jason Richardson,Steve Nash,Dirk Nowitzki,Jason Kidd,Jason Terry,Josh Howard,Shawn Marion,4,5:14,DAL,turnover,,,,,,,,,,Jason Kidd,,,bad pass,,,,,
Amare Stoudemire,Channing Frye,Jared Dudley,Jason Richardson,Steve Nash,Dirk Nowitzki,Jason Kidd,Jason Terry,Josh Howard,Shawn Marion,4,5:04,PHX,turnover,,,,,,,,,,Channing Frye,,,bad pass,,,,,
Amare Stoudemire,Channing Frye,Jared Dudley,Jason Richardson,Steve Nash,Dirk Nowitzki,Jason Kidd,Jason Terry,Josh Howard,Shawn Marion,4,4:46,DAL,shot,,,,,,,,,,Dirk Nowitzki,,,,missed,,fade away jumper,12,8
Amare Stoudemire,Channing Frye,Jared Dudley,Jason Richardson,Steve Nash,Dirk Nowitzki,Jason Kidd,Jason Terry,Josh Howard,Shawn Marion,4,4:45,PHX,rebound,,,,,,,,,,Channing Frye,,,,,,def,,
Amare Stoudemire,Channing Frye,Jared Dudley,Jason Richardson,Steve Nash,Dirk Nowitzki,Jason Kidd,Jason Terry,Josh Howard,Shawn Marion,4,4:28,PHX,shot,,,,,,,,,,Amare Stoudemire,2,,,made,,driving jump,31,8
Amare Stoudemire,Channing Frye,Jared Dudley,Jason Richardson,Steve Nash,Dirk Nowitzki,Jason Kidd,Jason Terry,Josh Howard,Shawn Marion,4,4:07,DAL,shot,,,,,,,,,,Jason Terry,2,,,made,,pullup jump,24,13
Amare Stoudemire,Channing Frye,Jared Dudley,Jason Richardson,Steve Nash,Dirk Nowitzki,Jason Kidd,Jason Terry,Josh Howard,Shawn Marion,4,4:02,DAL,foul,,,,,,,,Jared Dudley,,Jason Terry,,,,,,personal,,
Amare Stoudemire,Channing Frye,Jared Dudley,Jason Richardson,Steve Nash,Dirk Nowitzki,Jason Kidd,Jason Terry,Josh Howard,Shawn Marion,4,3:49,PHX,shot,,,,,,,,,,Channing Frye,,,,missed,,driving layup,25,6
Amare Stoudemire,Channing Frye,Jared Dudley,Jason Richardson,Steve Nash,Dirk Nowitzki,Jason Kidd,Jason Terry,Josh Howard,Shawn Marion,4,3:49,PHX,rebound,,,,,,,,,,,,,,,,,,
Amare Stoudemire,Channing Frye,Jared Dudley,Jason Richardson,Steve Nash,Dirk Nowitzki,Jason Kidd,Jason Terry,Josh Howard,Shawn Marion,4,3:44,PHX,shot,,,,,,,,,,Jason Richardson,2,,,made,,driving finger roll layup,25,6
Amare Stoudemire,Channing Frye,Jared Dudley,Jason Richardson,Steve Nash,Dirk Nowitzki,Jason Kidd,Jason Terry,Josh Howard,Shawn Marion,4,3:23,DAL,shot,,,,,,,,,,Jason Terry,,,,missed,,pullup jump,15,19
Amare Stoudemire,Channing Frye,Jared Dudley,Jason Richardson,Steve Nash,Dirk Nowitzki,Jason Kidd,Jason Terry,Josh Howard,Shawn Marion,4,3:23,PHX,rebound,,,,,,,,,,Channing Frye,,,,,,def,,
Amare Stoudemire,Channing Frye,Jared Dudley,Jason Richardson,Steve Nash,Dirk Nowitzki,Jason Kidd,Jason Terry,Josh Howard,Shawn Marion,4,3:10,PHX,shot,,,,,,,,,,Channing Frye,,,,missed,,3pt,2,11
Amare Stoudemire,Channing Frye,Jared Dudley,Jason Richardson,Steve Nash,Dirk Nowitzki,Jason Kidd,Jason Terry,Josh Howard,Shawn Marion,4,3:09,DAL,rebound,,,,,,,,,,Josh Howard,,,,,,def,,
Amare Stoudemire,Channing Frye,Jared Dudley,Jason Richardson,Steve Nash,Dirk Nowitzki,Jason Kidd,Jason Terry,Josh Howard,Shawn Marion,4,3:02,DAL,shot,Jason Kidd,,,,,,,,,Dirk Nowitzki,2,,,made,,pullup jump,36,22
Amare Stoudemire,Channing Frye,Jared Dudley,Jason Richardson,Steve Nash,Dirk Nowitzki,Jason Kidd,Jason Terry,Josh Howard,Shawn Marion,4,2:48,PHX,shot,,,,,,,,,,Steve Nash,2,,,made,,pullup jump,37,20
Amare Stoudemire,Channing Frye,Jared Dudley,Jason Richardson,Steve Nash,Dirk Nowitzki,Jason Kidd,Jason Terry,Josh Howard,Shawn Marion,4,2:31,DAL,turnover,,,,,,,,,,Jason Terry,,,bad pass,,Jason Richardson,,,
Amare Stoudemire,Channing Frye,Jared Dudley,Jason Richardson,Steve Nash,Dirk Nowitzki,Jason Kidd,Jason Terry,Josh Howard,Shawn Marion,4,2:28,PHX,foul,,,,,,,,Jason Kidd,,Jason Richardson,,,,,,offensive,,
Amare Stoudemire,Channing Frye,Jared Dudley,Jason Richardson,Steve Nash,Dirk Nowitzki,Jason Kidd,Jason Terry,Josh Howard,Shawn Marion,4,2:28,PHX,turnover,,,,,,,,,,Jason Richardson,,,foul,,,,,
Amare Stoudemire,Channing Frye,Jared Dudley,Jason Richardson,Steve Nash,Dirk Nowitzki,Jason Kidd,Jason Terry,Josh Howard,Shawn Marion,4,2:28,DAL,timeout,,,,,,,,,,,,,,,,official,,
Amare Stoudemire,Channing Frye,Jared Dudley,Jason Richardson,Steve Nash,Dirk Nowitzki,Jason Kidd,Jason Terry,Josh Howard,Shawn Marion,4,2:06,DAL,shot,Jason Kidd,,,,,,,,,Dirk Nowitzki,2,,,made,,turnaround jump,8,7
Amare Stoudemire,Channing Frye,Jared Dudley,Jason Richardson,Steve Nash,Dirk Nowitzki,Jason Kidd,Jason Terry,Josh Howard,Shawn Marion,4,1:40,PHX,shot,,,,,,,,,,Jason Richardson,,,,missed,,3pt,40,27
Amare Stoudemire,Channing Frye,Jared Dudley,Jason Richardson,Steve Nash,Dirk Nowitzki,Jason Kidd,Jason Terry,Josh Howard,Shawn Marion,4,1:40,PHX,rebound,,,,,,,,,,,,,,,,,,
Amare Stoudemire,Channing Frye,Jared Dudley,Jason Richardson,Steve Nash,Dirk Nowitzki,Jason Kidd,Jason Terry,Josh Howard,Shawn Marion,4,1:40,PHX,turnover,,,,,,,,,,,,,shot clock turnover,,,,,
Amare Stoudemire,Channing Frye,Jared Dudley,Jason Richardson,Steve Nash,Dirk Nowitzki,Jason Kidd,Jason Terry,Josh Howard,Shawn Marion,4,1:26,DAL,shot,Jason Kidd,,,,,,,,,Jason Terry,2,,,made,,layup,25,6
Amare Stoudemire,Channing Frye,Jared Dudley,Jason Richardson,Steve Nash,Dirk Nowitzki,Jason Kidd,Jason Terry,Josh Howard,Shawn Marion,4,1:16,PHX,shot,Steve Nash,,,,,,,,,Amare Stoudemire,2,,,made,,driving layup,25,6
Amare Stoudemire,Channing Frye,Jared Dudley,Jason Richardson,Steve Nash,Dirk Nowitzki,Jason Kidd,Jason Terry,Josh Howard,Shawn Marion,4,1:16,DAL,foul,,,,,,,,Amare Stoudemire,,Jason Kidd,,,,,,shooting,,
Amare Stoudemire,Channing Frye,Jared Dudley,Jason Richardson,Steve Nash,Dirk Nowitzki,Jason Kidd,Jason Terry,Jose Juan Barea,Shawn Marion,4,1:16,DAL,sub,,,,Jose Juan Barea,,Josh Howard,,,,,,,,,,,,
Amare Stoudemire,Channing Frye,Jared Dudley,Jason Richardson,Steve Nash,Dirk Nowitzki,Jason Kidd,Jason Terry,Jose Juan Barea,Shawn Marion,4,1:16,PHX,free throw,,,,,,,1,,1,Amare Stoudemire,,,foul,made,,,,
Amare Stoudemire,Channing Frye,Jared Dudley,Jason Richardson,Steve Nash,Dirk Nowitzki,Jason Kidd,Jason Terry,Jose Juan Barea,Shawn Marion,4,0:55,DAL,shot,,,,,,,,,,Jason Terry,,,,missed,,3pt,6,22
Amare Stoudemire,Channing Frye,Jared Dudley,Jason Richardson,Steve Nash,Dirk Nowitzki,Jason Kidd,Jason Terry,Jose Juan Barea,Shawn Marion,4,0:54,PHX,rebound,,,,,,,,,,Amare Stoudemire,,,,,,def,,
Amare Stoudemire,Channing Frye,Jared Dudley,Jason Richardson,Steve Nash,Dirk Nowitzki,Jason Kidd,Jason Terry,Jose Juan Barea,Shawn Marion,4,0:47,PHX,shot,,,,,,,,,,Steve Nash,3,,,made,,3pt,8,24
Amare Stoudemire,Channing Frye,Jared Dudley,Jason Richardson,Steve Nash,Dirk Nowitzki,Jason Kidd,Jason Terry,Jose Juan Barea,Shawn Marion,4,0:47,DAL,timeout,,,,,,,,,,,,,,,,regular,,
Amare Stoudemire,Grant Hill,Jared Dudley,Jason Richardson,Steve Nash,Dirk Nowitzki,Jason Kidd,Jason Terry,Jose Juan Barea,Shawn Marion,4,0:47,PHX,sub,,,,Grant Hill,,Channing Frye,,,,,,,,,,,,
Amare Stoudemire,Grant Hill,Jared Dudley,Jason Richardson,Steve Nash,Dirk Nowitzki,Jason Kidd,Jason Terry,Jose Juan Barea,Shawn Marion,4,0:26,DAL,shot,Dirk Nowitzki,,,,,,,,,Jason Kidd,2,,,made,,jump,6,20
Amare Stoudemire,Grant Hill,Jared Dudley,Jason Richardson,Steve Nash,Dirk Nowitzki,Jason Kidd,Jason Terry,Jose Juan Barea,Shawn Marion,4,0:26,PHX,timeout,,,,,,,,,,,,,,,,regular,,
Amare Stoudemire,Channing Frye,Grant Hill,Jason Richardson,Steve Nash,Dirk Nowitzki,Jason Kidd,Jason Terry,Jose Juan Barea,Shawn Marion,4,0:26,PHX,sub,,,,Channing Frye,,Jared Dudley,,,,,,,,,,,,
Amare Stoudemire,Channing Frye,Grant Hill,Jason Richardson,Steve Nash,Dirk Nowitzki,Jason Kidd,Jason Terry,Jose Juan Barea,Shawn Marion,4,0:21,PHX,shot,Channing Frye,,,,,,,,,Jason Richardson,3,,,made,,3pt,43,22
Amare Stoudemire,Channing Frye,Grant Hill,Jason Richardson,Steve Nash,Dirk Nowitzki,Jason Kidd,Jason Terry,Jose Juan Barea,Shawn Marion,4,0:16,PHX,foul,,,,,,,,Dirk Nowitzki,,Channing Frye,,,,,,personal,,
Amare Stoudemire,Grant Hill,Jason Richardson,Louis Amundson,Steve Nash,Dirk Nowitzki,Jason Kidd,Jason Terry,Jose Juan Barea,Shawn Marion,4,0:16,PHX,sub,,,,Louis Amundson,,Channing Frye,,,,,,,,,,,,
Goran Dragic,Grant Hill,Jason Richardson,Louis Amundson,Steve Nash,Dirk Nowitzki,Jason Kidd,Jason Terry,Jose Juan Barea,Shawn Marion,4,0:16,PHX,sub,,,,Goran Dragic,,Amare Stoudemire,,,,,,,,,,,,
Goran Dragic,Grant Hill,Jason Richardson,Louis Amundson,Steve Nash,Dirk Nowitzki,Jason Kidd,Jason Terry,Jose Juan Barea,Shawn Marion,4,0:16,DAL,timeout,,,,,,,,,,,,,,,,short,,
Goran Dragic,Grant Hill,Jason Richardson,Louis Amundson,Steve Nash,Dirk Nowitzki,Jason Kidd,Jason Terry,Jose Juan Barea,Shawn Marion,4,0:12,PHX,foul,,,,,,,,Jason Terry,,Goran Dragic,,,,,,personal,,
Goran Dragic,Grant Hill,Jason Richardson,Louis Amundson,Steve Nash,Dirk Nowitzki,Jason Kidd,Jason Terry,Jose Juan Barea,Shawn Marion,4,0:12,DAL,free throw,,,,,,,1,,2,Jason Terry,,,foul,made,,,,
Amare Stoudemire,Goran Dragic,Grant Hill,Jason Richardson,Steve Nash,Dirk Nowitzki,Jason Kidd,Jason Terry,Jose Juan Barea,Shawn Marion,4,0:12,PHX,sub,,,,Amare Stoudemire,,Louis Amundson,,,,,,,,,,,,
Amare Stoudemire,Channing Frye,Grant Hill,Jason Richardson,Steve Nash,Dirk Nowitzki,Jason Kidd,Jason Terry,Jose Juan Barea,Shawn Marion,4,0:12,PHX,sub,,,,Channing Frye,,Goran Dragic,,,,,,,,,,,,
Amare Stoudemire,Channing Frye,Grant Hill,Jason Richardson,Steve Nash,Dirk Nowitzki,Jason Kidd,Jason Terry,Jose Juan Barea,Shawn Marion,4,0:12,DAL,free throw,,,,,,,2,,2,Jason Terry,,,foul,made,,,,
Amare Stoudemire,Channing Frye,Grant Hill,Jason Richardson,Steve Nash,Dirk Nowitzki,Jason Kidd,Jason Terry,Jose Juan Barea,Shawn Marion,4,0:12,PHX,timeout,,,,,,,,,,,,,,,,short,,
Amare Stoudemire,Channing Frye,Grant Hill,Jason Richardson,Steve Nash,Dirk Nowitzki,Jason Kidd,Jason Terry,Jose Juan Barea,Shawn Marion,4,0:07,PHX,shot,Amare Stoudemire,,,,,,,,,Steve Nash,3,,,made,,3pt,13,27
Amare Stoudemire,Channing Frye,Grant Hill,Jason Richardson,Steve Nash,Dirk Nowitzki,Jason Kidd,Jason Terry,Jose Juan Barea,Shawn Marion,4,0:06,PHX,foul,,,,,,,,Jason Terry,,Jason Richardson,,,,,,personal,,
Amare Stoudemire,Channing Frye,Grant Hill,Jason Richardson,Steve Nash,Dirk Nowitzki,Jason Kidd,Jason Terry,Jose Juan Barea,Shawn Marion,4,0:06,DAL,free throw,,,,,,,1,,2,Jason Terry,,,foul,made,,,,
Amare Stoudemire,Channing Frye,Grant Hill,Jason Richardson,Steve Nash,Dirk Nowitzki,Jason Kidd,Jason Terry,Jose Juan Barea,Shawn Marion,4,0:06,DAL,free throw,,,,,,,2,,2,Jason Terry,,,foul,made,,,,
Amare Stoudemire,Channing Frye,Grant Hill,Jason Richardson,Steve Nash,Dirk Nowitzki,Jason Kidd,Jason Terry,Jose Juan Barea,Shawn Marion,4,0:03,DAL,foul,,,,,,,,Steve Nash,,Jason Terry,,,,,,personal,,
Amare Stoudemire,Channing Frye,Grant Hill,Jason Richardson,Steve Nash,Dirk Nowitzki,Jason Kidd,Jason Terry,Jose Juan Barea,Shawn Marion,4,0:03,PHX,free throw,,,,,,,1,,2,Steve Nash,,,foul,made,,,,
Amare Stoudemire,Channing Frye,Grant Hill,Jason Richardson,Steve Nash,Dirk Nowitzki,Drew Gooden,Jason Kidd,Jason Terry,Shawn Marion,4,0:03,DAL,sub,,,,Drew Gooden,,Jose Juan Barea,,,,,,,,,,,,
Amare Stoudemire,Channing Frye,Grant Hill,Jason Richardson,Steve Nash,Dirk Nowitzki,Drew Gooden,Jason Kidd,Jason Terry,Shawn Marion,4,0:03,PHX,free throw,,,,,,,2,,2,Steve Nash,,,foul,made,,,,
Amare Stoudemire,Channing Frye,Grant Hill,Jason Richardson,Steve Nash,Dirk Nowitzki,Drew Gooden,Jason Kidd,Jason Terry,Shawn Marion,4,0:02,PHX,foul,,,,,,,,Jason Terry,,Jason Richardson,,,,,,personal,,
Amare Stoudemire,Channing Frye,Grant Hill,Jason Richardson,Steve Nash,Dirk Nowitzki,Drew Gooden,Jason Kidd,Jason Terry,Shawn Marion,4,0:02,DAL,free throw,,,,,,,1,,2,Jason Terry,,,foul,missed,,,,
Amare Stoudemire,Channing Frye,Grant Hill,Jason Richardson,Steve Nash,Dirk Nowitzki,Drew Gooden,Jason Kidd,Jason Terry,Shawn Marion,4,0:02,DAL,rebound,,,,,,,,,,,,,,,,,,
Amare Stoudemire,Channing Frye,Grant Hill,Jason Richardson,Steve Nash,Dirk Nowitzki,Jason Kidd,Jason Terry,Jose Juan Barea,Shawn Marion,4,0:02,DAL,sub,,,,Jose Juan Barea,,Drew Gooden,,,,,,,,,,,,
Amare Stoudemire,Channing Frye,Grant Hill,Jason Richardson,Steve Nash,Dirk Nowitzki,Jason Kidd,Jason Terry,Jose Juan Barea,Shawn Marion,4,0:02,DAL,free throw,,,,,,,2,,2,Jason Terry,,,foul,missed,,,,
Amare Stoudemire,Channing Frye,Grant Hill,Jason Richardson,Steve Nash,Dirk Nowitzki,Jason Kidd,Jason Terry,Jose Juan Barea,Shawn Marion,4,0:01,PHX,rebound,,,,,,,,,,Amare Stoudemire,,,,,,def,,
Amare Stoudemire,Channing Frye,Grant Hill,Jason Richardson,Steve Nash,Dirk Nowitzki,Jason Kidd,Jason Terry,Jose Juan Barea,Shawn Marion,4,0:00,PHX,shot,,,,,,,,,,Amare Stoudemire,,,,missed,,3pt,12,70
Amare Stoudemire,Channing Frye,Grant Hill,Jason Richardson,Steve Nash,Dirk Nowitzki,Jason Kidd,Jason Terry,Jose Juan Barea,Shawn Marion,4,0:00,PHX,rebound,,,,,,,,,,,,,,,,,,
