a1,a2,a3,a4,a5,h1,h2,h3,h4,h5,period,time,team,etype,assist,away,block,entered,home,left,num,opponent,outof,player,points,possession,reason,result,steal,type,x,y
Antonio McDyess,Keith Bogans,Richard Jefferson,Tim Duncan,Tony Parker,Amare Stoudemire,Channing Frye,Grant Hill,Jason Richardson,Steve Nash,1,12:00,OFF,jump ball,,Tim Duncan,,,Amare Stoudemire,,,,,,,Tony Parker,,,,,,
Antonio McDyess,Keith Bogans,Richard Jefferson,Tim Duncan,Tony Parker,Amare Stoudemire,Channing Frye,Grant Hill,Jason Richardson,Steve Nash,1,11:42,SAS,shot,,,,,,,,,,Tim Duncan,2,,,made,,turnaround jump,17,8
Antonio McDyess,Keith Bogans,Richard Jefferson,Tim Duncan,Tony Parker,Amare Stoudemire,Channing Frye,Grant Hill,Jason Richardson,Steve Nash,1,11:23,PHX,shot,Jason Richardson,,,,,,,,,Channing Frye,2,,,made,,jump,16,27
Antonio McDyess,Keith Bogans,Richard Jefferson,Tim Duncan,Tony Parker,Amare Stoudemire,Channing Frye,Grant Hill,Jason Richardson,Steve Nash,1,11:08,SAS,shot,,,,,,,,,,Richard Jefferson,2,,,made,,driving dunk,25,6
Antonio McDyess,Keith Bogans,Richard Jefferson,Tim Duncan,Tony Parker,Amare Stoudemire,Channing Frye,Grant Hill,Jason Richardson,Steve Nash,1,11:01,PHX,shot,,,,,,,,,,Jason Richardson,,,,missed,,3pt,13,27
Antonio McDyess,Keith Bogans,Richard Jefferson,Tim Duncan,Tony Parker,Amare Stoudemire,Channing Frye,Grant Hill,Jason Richardson,Steve Nash,1,11:00,PHX,rebound,,,,,,,,,,Grant Hill,,,,,,off,,
Antonio McDyess,Keith Bogans,Richard Jefferson,Tim Duncan,Tony Parker,Amare Stoudemire,Channing Frye,Grant Hill,Jason Richardson,Steve Nash,1,10:51,PHX,shot,,,,,,,,,,Steve Nash,,,,missed,,running jump,31,12
Antonio McDyess,Keith Bogans,Richard Jefferson,Tim Duncan,Tony Parker,Amare Stoudemire,Channing Frye,Grant Hill,Jason Richardson,Steve Nash,1,10:50,SAS,rebound,,,,,,,,,,Keith Bogans,,,,,,def,,
Antonio McDyess,Keith Bogans,Richard Jefferson,Tim Duncan,Tony Parker,Amare Stoudemire,Channing Frye,Grant Hill,Jason Richardson,Steve Nash,1,10:39,SAS,shot,,,,,,,,,,Antonio McDyess,,,,missed,,jump,44,8
Antonio McDyess,Keith Bogans,Richard Jefferson,Tim Duncan,Tony Parker,Amare Stoudemire,Channing Frye,Grant Hill,Jason Richardson,Steve Nash,1,10:39,PHX,rebound,,,,,,,,,,Grant Hill,,,,,,def,,
Antonio McDyess,Keith Bogans,Richard Jefferson,Tim Duncan,Tony Parker,Amare Stoudemire,Channing Frye,Grant Hill,Jason Richardson,Steve Nash,1,10:32,SAS,foul,,,,,,,,Steve Nash,,Tony Parker,,,,,,personal,,
Antonio McDyess,Keith Bogans,Richard Jefferson,Tim Duncan,Tony Parker,Amare Stoudemire,Channing Frye,Grant Hill,Jason Richardson,Steve Nash,1,10:20,PHX,shot,,,,,,,,,,Channing Frye,,,,missed,,3pt,2,5
Antonio McDyess,Keith Bogans,Richard Jefferson,Tim Duncan,Tony Parker,Amare Stoudemire,Channing Frye,Grant Hill,Jason Richardson,Steve Nash,1,10:19,SAS,rebound,,,,,,,,,,Tim Duncan,,,,,,def,,
Antonio McDyess,Keith Bogans,Richard Jefferson,Tim Duncan,Tony Parker,Amare Stoudemire,Channing Frye,Grant Hill,Jason Richardson,Steve Nash,1,10:05,SAS,shot,,,,,,,,,,Antonio McDyess,,,,missed,,jump,8,7
Antonio McDyess,Keith Bogans,Richard Jefferson,Tim Duncan,Tony Parker,Amare Stoudemire,Channing Frye,Grant Hill,Jason Richardson,Steve Nash,1,10:04,PHX,rebound,,,,,,,,,,Amare Stoudemire,,,,,,def,,
Antonio McDyess,Keith Bogans,Richard Jefferson,Tim Duncan,Tony Parker,Amare Stoudemire,Channing Frye,Grant Hill,Jason Richardson,Steve Nash,1,9:53,PHX,shot,Channing Frye,,,,,,,,,Amare Stoudemire,2,,,made,,layup,25,6
Antonio McDyess,Keith Bogans,Richard Jefferson,Tim Duncan,Tony Parker,Amare Stoudemire,Channing Frye,Grant Hill,Jason Richardson,Steve Nash,1,9:37,SAS,shot,,,,,,,,,,Tony Parker,,,,missed,,layup,25,6
Antonio McDyess,Keith Bogans,Richard Jefferson,Tim Duncan,Tony Parker,Amare Stoudemire,Channing Frye,Grant Hill,Jason Richardson,Steve Nash,1,9:36,PHX,rebound,,,,,,,,,,Amare Stoudemire,,,,,,def,,
Antonio McDyess,Keith Bogans,Richard Jefferson,Tim Duncan,Tony Parker,Amare Stoudemire,Channing Frye,Grant Hill,Jason Richardson,Steve Nash,1,9:24,PHX,shot,,,,,,,,,,Steve Nash,2,,,made,,driving layup,25,6
Antonio McDyess,Keith Bogans,Richard Jefferson,Tim Duncan,Tony Parker,Amare Stoudemire,Channing Frye,Grant Hill,Jason Richardson,Steve Nash,1,9:11,PHX,foul,,,,,,,,,,Channing Frye,,,,,,defense 3 second,,
Antonio McDyess,Keith Bogans,Richard Jefferson,Tim Duncan,Tony Parker,Amare Stoudemire,Channing Frye,Grant Hill,Jason Richardson,Steve Nash,1,9:11,SAS,free throw,,,,,,,1,,1,Tony Parker,,,technical,made,,,,
Antonio McDyess,Keith Bogans,Richard Jefferson,Tim Duncan,Tony Parker,Amare Stoudemire,Channing Frye,Grant Hill,Jason Richardson,Steve Nash,1,9:03,SAS,shot,,,,,,,,,,Tony Parker,,,,missed,,jump,40,17
Antonio McDyess,Keith Bogans,Richard Jefferson,Tim Duncan,Tony Parker,Amare Stoudemire,Channing Frye,Grant Hill,Jason Richardson,Steve Nash,1,9:02,PHX,rebound,,,,,,,,,,Amare Stoudemire,,,,,,def,,
Antonio McDyess,Keith Bogans,Richard Jefferson,Tim Duncan,Tony Parker,Amare Stoudemire,Channing Frye,Grant Hill,Jason Richardson,Steve Nash,1,8:54,PHX,shot,,,,,,,,,,Steve Nash,,,,missed,,jump,41,16
Antonio McDyess,Keith Bogans,Richard Jefferson,Tim Duncan,Tony Parker,Amare Stoudemire,Channing Frye,Grant Hill,Jason Richardson,Steve Nash,1,8:53,SAS,rebound,,,,,,,,,,Tim Duncan,,,,,,def,,
Antonio McDyess,Keith Bogans,Richard Jefferson,Tim Duncan,Tony Parker,Amare Stoudemire,Channing Frye,Grant Hill,Jason Richardson,Steve Nash,1,8:38,SAS,shot,,,,,,,,,,Richard Jefferson,,,,missed,,jump,8,8
Antonio McDyess,Keith Bogans,Richard Jefferson,Tim Duncan,Tony Parker,Amare Stoudemire,Channing Frye,Grant Hill,Jason Richardson,Steve Nash,1,8:37,PHX,rebound,,,,,,,,,,Jason Richardson,,,,,,def,,
Antonio McDyess,Keith Bogans,Richard Jefferson,Tim Duncan,Tony Parker,Amare Stoudemire,Channing Frye,Grant Hill,Jason Richardson,Steve Nash,1,8:28,PHX,shot,,,,,,,,,,Steve Nash,2,,,made,,driving layup,25,6
Antonio McDyess,Keith Bogans,Richard Jefferson,Tim Duncan,Tony Parker,Amare Stoudemire,Channing Frye,Grant Hill,Jason Richardson,Steve Nash,1,8:03,SAS,shot,,,,,,,,,,Tim Duncan,,,,missed,,fade away jumper,34,5
Antonio McDyess,Keith Bogans,Richard Jefferson,Tim Duncan,Tony Parker,Amare Stoudemire,Channing Frye,Grant Hill,Jason Richardson,Steve Nash,1,8:02,PHX,rebound,,,,,,,,,,,,,,,,,,
Antonio McDyess,Keith Bogans,Richard Jefferson,Tim Duncan,Tony Parker,Amare Stoudemire,Channing Frye,Grant Hill,Jason Richardson,Steve Nash,1,7:53,PHX,shot,Steve Nash,,,,,,,,,Amare Stoudemire,2,,,made,,dunk,25,6
Antonio McDyess,Keith Bogans,Richard Jefferson,Tim Duncan,Tony Parker,Amare Stoudemire,Channing Frye,Grant Hill,Jason Richardson,Steve Nash,1,7:52,SAS,timeout,,,,,,,,,,,,,,,,regular,,
Antonio McDyess,Manu Ginobili,Richard Jefferson,Tim Duncan,Tony Parker,Amare Stoudemire,Channing Frye,Grant Hill,Jason Richardson,Steve Nash,1,7:52,SAS,sub,,,,Manu Ginobili,,Keith Bogans,,,,,,,,,,,,
Antonio McDyess,Manu Ginobili,Richard Jefferson,Tim Duncan,Tony Parker,Amare Stoudemire,Channing Frye,Grant Hill,Jason Richardson,Steve Nash,1,7:39,SAS,shot,,,,,,,,,,Richard Jefferson,,,,missed,,layup,25,6
Antonio McDyess,Manu Ginobili,Richard Jefferson,Tim Duncan,Tony Parker,Amare Stoudemire,Channing Frye,Grant Hill,Jason Richardson,Steve Nash,1,7:38,PHX,rebound,,,,,,,,,,Channing Frye,,,,,,def,,
Antonio McDyess,Manu Ginobili,Richard Jefferson,Tim Duncan,Tony Parker,Amare Stoudemire,Channing Frye,Grant Hill,Jason Richardson,Steve Nash,1,7:25,PHX,turnover,,,,,,,,,,Amare Stoudemire,,,3 second violation,,,,,
Antonio McDyess,Manu Ginobili,Richard Jefferson,Tim Duncan,Tony Parker,Amare Stoudemire,Channing Frye,Grant Hill,Jason Richardson,Steve Nash,1,7:07,SAS,shot,,,,,,,,,,Tim Duncan,2,,,made,,turnaround jump,32,7
Antonio McDyess,Manu Ginobili,Richard Jefferson,Tim Duncan,Tony Parker,Amare Stoudemire,Channing Frye,Grant Hill,Jason Richardson,Steve Nash,1,6:56,PHX,shot,,,,,,,,,,Channing Frye,,,,missed,,jump,46,5
Antonio McDyess,Manu Ginobili,Richard Jefferson,Tim Duncan,Tony Parker,Amare Stoudemire,Channing Frye,Grant Hill,Jason Richardson,Steve Nash,1,6:56,SAS,rebound,,,,,,,,,,Richard Jefferson,,,,,,def,,
Antonio McDyess,Manu Ginobili,Richard Jefferson,Tim Duncan,Tony Parker,Amare Stoudemire,Channing Frye,Grant Hill,Jason Richardson,Steve Nash,1,6:46,SAS,shot,,,,,,,,,,Antonio McDyess,,,,missed,,jump,43,6
Antonio McDyess,Manu Ginobili,Richard Jefferson,Tim Duncan,Tony Parker,Amare Stoudemire,Channing Frye,Grant Hill,Jason Richardson,Steve Nash,1,6:45,PHX,rebound,,,,,,,,,,Jason Richardson,,,,,,def,,
Antonio McDyess,Manu Ginobili,Richard Jefferson,Tim Duncan,Tony Parker,Amare Stoudemire,Channing Frye,Grant Hill,Jason Richardson,Steve Nash,1,6:35,PHX,shot,,,,,,,,,,Steve Nash,2,,,made,,jump,40,17
Antonio McDyess,Manu Ginobili,Richard Jefferson,Tim Duncan,Tony Parker,Amare Stoudemire,Channing Frye,Grant Hill,Jason Richardson,Steve Nash,1,6:13,SAS,turnover,,,,,,,,,,Manu Ginobili,,,bad pass,,Channing Frye,,,
Antonio McDyess,Manu Ginobili,Richard Jefferson,Tim Duncan,Tony Parker,Amare Stoudemire,Channing Frye,Grant Hill,Jason Richardson,Steve Nash,1,6:08,PHX,shot,,,,,,,,,,Jason Richardson,,,,missed,,layup,25,6
Antonio McDyess,Manu Ginobili,Richard Jefferson,Tim Duncan,Tony Parker,Amare Stoudemire,Channing Frye,Grant Hill,Jason Richardson,Steve Nash,1,6:07,PHX,rebound,,,,,,,,,,Amare Stoudemire,,,,,,off,,
Antonio McDyess,Manu Ginobili,Richard Jefferson,Tim Duncan,Tony Parker,Amare Stoudemire,Channing Frye,Grant Hill,Jason Richardson,Steve Nash,1,6:07,PHX,shot,,,,,,,,,,Amare Stoudemire,2,,,made,,putback dunk,25,6
Antonio McDyess,Manu Ginobili,Richard Jefferson,Tim Duncan,Tony Parker,Amare Stoudemire,Channing Frye,Grant Hill,Jason Richardson,Steve Nash,1,5:44,SAS,shot,,,,,,,,,,Tim Duncan,,,,missed,,jump,17,6
Antonio McDyess,Manu Ginobili,Richard Jefferson,Tim Duncan,Tony Parker,Amare Stoudemire,Channing Frye,Grant Hill,Jason Richardson,Steve Nash,1,5:43,PHX,rebound,,,,,,,,,,Amare Stoudemire,,,,,,def,,
Antonio McDyess,Manu Ginobili,Richard Jefferson,Tim Duncan,Tony Parker,Amare Stoudemire,Channing Frye,Grant Hill,Jason Richardson,Steve Nash,1,5:35,PHX,shot,Steve Nash,,,,,,,,,Amare Stoudemire,2,,,made,,slam dunk,25,6
Antonio McDyess,Manu Ginobili,Richard Jefferson,Tim Duncan,Tony Parker,Amare Stoudemire,Channing Frye,Grant Hill,Jason Richardson,Steve Nash,1,5:19,SAS,shot,,,,,,,,,,Manu Ginobili,,,,missed,,3pt,3,18
Antonio McDyess,Manu Ginobili,Richard Jefferson,Tim Duncan,Tony Parker,Amare Stoudemire,Channing Frye,Grant Hill,Jason Richardson,Steve Nash,1,5:18,PHX,rebound,,,,,,,,,,Jason Richardson,,,,,,def,,
Antonio McDyess,Manu Ginobili,Richard Jefferson,Tim Duncan,Tony Parker,Amare Stoudemire,Channing Frye,Grant Hill,Jason Richardson,Steve Nash,1,5:02,PHX,shot,Steve Nash,,,,,,,,,Channing Frye,2,,,made,,hook,30,11
Antonio McDyess,Manu Ginobili,Richard Jefferson,Tim Duncan,Tony Parker,Amare Stoudemire,Channing Frye,Grant Hill,Jason Richardson,Steve Nash,1,4:50,SAS,shot,,,,,,,,,,Tim Duncan,2,,,made,,jump,19,9
Antonio McDyess,Manu Ginobili,Richard Jefferson,Tim Duncan,Tony Parker,Amare Stoudemire,Channing Frye,Grant Hill,Jason Richardson,Steve Nash,1,4:50,PHX,foul,,,,,,,,Tim Duncan,,Amare Stoudemire,,,,,,shooting,,
Manu Ginobili,Matt Bonner,Richard Jefferson,Tim Duncan,Tony Parker,Amare Stoudemire,Channing Frye,Grant Hill,Jason Richardson,Steve Nash,1,4:50,SAS,sub,,,,Matt Bonner,,Antonio McDyess,,,,,,,,,,,,
Manu Ginobili,Matt Bonner,Richard Jefferson,Tim Duncan,Tony Parker,Amare Stoudemire,Channing Frye,Jared Dudley,Jason Richardson,Steve Nash,1,4:50,PHX,sub,,,,Jared Dudley,,Grant Hill,,,,,,,,,,,,
Manu Ginobili,Matt Bonner,Richard Jefferson,Tim Duncan,Tony Parker,Amare Stoudemire,Channing Frye,Jared Dudley,Jason Richardson,Steve Nash,1,4:50,SAS,free throw,,,,,,,1,,1,Tim Duncan,,,foul,missed,,,,
Manu Ginobili,Matt Bonner,Richard Jefferson,Tim Duncan,Tony Parker,Amare Stoudemire,Channing Frye,Jared Dudley,Jason Richardson,Steve Nash,1,4:49,PHX,rebound,,,,,,,,,,Channing Frye,,,,,,def,,
Manu Ginobili,Matt Bonner,Richard Jefferson,Tim Duncan,Tony Parker,Amare Stoudemire,Channing Frye,Jared Dudley,Jason Richardson,Steve Nash,1,4:39,PHX,shot,,,,,,,,,,Amare Stoudemire,,,,missed,,jump,10,15
Manu Ginobili,Matt Bonner,Richard Jefferson,Tim Duncan,Tony Parker,Amare Stoudemire,Channing Frye,Jared Dudley,Jason Richardson,Steve Nash,1,4:38,SAS,rebound,,,,,,,,,,Tony Parker,,,,,,def,,
Manu Ginobili,Matt Bonner,Richard Jefferson,Tim Duncan,Tony Parker,Amare Stoudemire,Channing Frye,Jared Dudley,Jason Richardson,Steve Nash,1,4:33,SAS,shot,,,,,,,,,,Tony Parker,2,,,made,,driving layup,25,6
Manu Ginobili,Matt Bonner,Richard Jefferson,Tim Duncan,Tony Parker,Amare Stoudemire,Channing Frye,Jared Dudley,Jason Richardson,Steve Nash,1,4:22,SAS,foul,,,,,,,,,,Matt Bonner,,,,,,defense 3 second,,
Manu Ginobili,Matt Bonner,Richard Jefferson,Tim Duncan,Tony Parker,Amare Stoudemire,Channing Frye,Jared Dudley,Jason Richardson,Steve Nash,1,4:22,PHX,free throw,,,,,,,1,,1,Steve Nash,,,technical,made,,,,
Manu Ginobili,Matt Bonner,Richard Jefferson,Tim Duncan,Tony Parker,Amare Stoudemire,Channing Frye,Jared Dudley,Jason Richardson,Steve Nash,1,4:19,SAS,foul,,,,,,,,Jared Dudley,,Richard Jefferson,,,,,,personal,,
Manu Ginobili,Matt Bonner,Richard Jefferson,Tim Duncan,Tony Parker,Amare Stoudemire,Channing Frye,Jared Dudley,Jason Richardson,Steve Nash,1,4:12,PHX,shot,Steve Nash,,,,,,,,,Channing Frye,3,,,made,,3pt,37,27
Manu Ginobili,Matt Bonner,Richard Jefferson,Tim Duncan,Tony Parker,Amare Stoudemire,Channing Frye,Jared Dudley,Jason Richardson,Steve Nash,1,3:53,SAS,turnover,,,,,,,,,,Tony Parker,,,bad pass,,Channing Frye,,,
Manu Ginobili,Matt Bonner,Richard Jefferson,Tim Duncan,Tony Parker,Amare Stoudemire,Channing Frye,Jared Dudley,Jason Richardson,Steve Nash,1,3:51,PHX,turnover,,,,,,,,,,Channing Frye,,,bad pass,,,,,
Manu Ginobili,Matt Bonner,Richard Jefferson,Tim Duncan,Tony Parker,Amare Stoudemire,Channing Frye,Jared Dudley,Jason Richardson,Steve Nash,1,3:38,SAS,shot,,,,,,,,,,Manu Ginobili,,,,missed,,layup,25,6
Manu Ginobili,Matt Bonner,Richard Jefferson,Tim Duncan,Tony Parker,Amare Stoudemire,Channing Frye,Jared Dudley,Jason Richardson,Steve Nash,1,3:37,PHX,rebound,,,,,,,,,,Amare Stoudemire,,,,,,def,,
Manu Ginobili,Matt Bonner,Richard Jefferson,Tim Duncan,Tony Parker,Amare Stoudemire,Channing Frye,Jared Dudley,Jason Richardson,Steve Nash,1,3:31,PHX,shot,,,,,,,,,,Steve Nash,,,,missed,,3pt,34,29
Manu Ginobili,Matt Bonner,Richard Jefferson,Tim Duncan,Tony Parker,Amare Stoudemire,Channing Frye,Jared Dudley,Jason Richardson,Steve Nash,1,3:30,SAS,rebound,,,,,,,,,,,,,,,,,,
George Hill,Manu Ginobili,Matt Bonner,Richard Jefferson,Tim Duncan,Amare Stoudemire,Channing Frye,Jared Dudley,Jason Richardson,Steve Nash,1,3:30,SAS,sub,,,,George Hill,,Tony Parker,,,,,,,,,,,,
George Hill,Manu Ginobili,Matt Bonner,Richard Jefferson,Tim Duncan,Amare Stoudemire,Channing Frye,Jared Dudley,Jason Richardson,Steve Nash,1,3:17,SAS,foul,,,,,,,,Steve Nash,,Richard Jefferson,,,,,,offensive,,
George Hill,Manu Ginobili,Matt Bonner,Richard Jefferson,Tim Duncan,Amare Stoudemire,Channing Frye,Jared Dudley,Jason Richardson,Steve Nash,1,3:17,SAS,turnover,,,,,,,,,,Richard Jefferson,,,foul,,,,,
George Hill,Manu Ginobili,Matt Bonner,Richard Jefferson,Tim Duncan,Channing Frye,Jared Dudley,Jason Richardson,Louis Amundson,Steve Nash,1,3:17,PHX,sub,,,,Louis Amundson,,Amare Stoudemire,,,,,,,,,,,,
George Hill,Manu Ginobili,Matt Bonner,Roger Mason,Tim Duncan,Channing Frye,Jared Dudley,Jason Richardson,Louis Amundson,Steve Nash,1,3:17,SAS,sub,,,,Roger Mason,,Richard Jefferson,,,,,,,,,,,,
George Hill,Manu Ginobili,Matt Bonner,Roger Mason,Tim Duncan,Channing Frye,Jared Dudley,Jason Richardson,Louis Amundson,Steve Nash,1,3:04,PHX,shot,,,Matt Bonner,,,,,,,Steve Nash,,,,missed,,jump,30,8
George Hill,Manu Ginobili,Matt Bonner,Roger Mason,Tim Duncan,Channing Frye,Jared Dudley,Jason Richardson,Louis Amundson,Steve Nash,1,3:02,PHX,rebound,,,,,,,,,,Steve Nash,,,,,,off,,
George Hill,Manu Ginobili,Matt Bonner,Roger Mason,Tim Duncan,Channing Frye,Jared Dudley,Jason Richardson,Louis Amundson,Steve Nash,1,3:00,PHX,shot,,,,,,,,,,Jared Dudley,,,,missed,,3pt,46,19
George Hill,Manu Ginobili,Matt Bonner,Roger Mason,Tim Duncan,Channing Frye,Jared Dudley,Jason Richardson,Louis Amundson,Steve Nash,1,2:57,SAS,rebound,,,,,,,,,,Tim Duncan,,,,,,def,,
George Hill,Manu Ginobili,Matt Bonner,Roger Mason,Tim Duncan,Channing Frye,Jared Dudley,Jason Richardson,Louis Amundson,Steve Nash,1,2:51,SAS,shot,,,,,,,,,,Roger Mason,3,,,made,,3pt,26,31
George Hill,Manu Ginobili,Matt Bonner,Roger Mason,Tim Duncan,Channing Frye,Jared Dudley,Jason Richardson,Louis Amundson,Steve Nash,1,2:38,PHX,shot,,,,,,,,,,Jason Richardson,,,,missed,,jump,44,7
George Hill,Manu Ginobili,Matt Bonner,Roger Mason,Tim Duncan,Channing Frye,Jared Dudley,Jason Richardson,Louis Amundson,Steve Nash,1,2:37,SAS,rebound,,,,,,,,,,Tim Duncan,,,,,,def,,
George Hill,Manu Ginobili,Matt Bonner,Roger Mason,Tim Duncan,Channing Frye,Jared Dudley,Jason Richardson,Louis Amundson,Steve Nash,1,2:29,SAS,shot,,,,,,,,,,Tim Duncan,,,,missed,,jump,33,6
George Hill,Manu Ginobili,Matt Bonner,Roger Mason,Tim Duncan,Channing Frye,Jared Dudley,Jason Richardson,Louis Amundson,Steve Nash,1,2:28,PHX,rebound,,,,,,,,,,Channing Frye,,,,,,def,,
George Hill,Manu Ginobili,Matt Bonner,Roger Mason,Tim Duncan,Channing Frye,Jared Dudley,Jason Richardson,Louis Amundson,Steve Nash,1,2:21,PHX,shot,,,,,,,,,,Steve Nash,,,,missed,,running bank,29,9
George Hill,Manu Ginobili,Matt Bonner,Roger Mason,Tim Duncan,Channing Frye,Jared Dudley,Jason Richardson,Louis Amundson,Steve Nash,1,2:20,SAS,rebound,,,,,,,,,,Manu Ginobili,,,,,,def,,
George Hill,Manu Ginobili,Matt Bonner,Roger Mason,Tim Duncan,Channing Frye,Jared Dudley,Jason Richardson,Louis Amundson,Steve Nash,1,2:09,PHX,timeout,,,,,,,,,,,,,,,,regular,,
George Hill,Manu Ginobili,Matt Bonner,Roger Mason,Tim Duncan,Channing Frye,Goran Dragic,Jared Dudley,Louis Amundson,Steve Nash,1,2:09,PHX,sub,,,,Goran Dragic,,Jason Richardson,,,,,,,,,,,,
DeJuan Blair,George Hill,Manu Ginobili,Matt Bonner,Roger Mason,Channing Frye,Goran Dragic,Jared Dudley,Louis Amundson,Steve Nash,1,2:09,SAS,sub,,,,DeJuan Blair,,Tim Duncan,,,,,,,,,,,,
DeJuan Blair,George Hill,Manu Ginobili,Matt Bonner,Roger Mason,Channing Frye,Goran Dragic,Jared Dudley,Louis Amundson,Steve Nash,1,2:03,PHX,foul,,,,,,,,DeJuan Blair,,Louis Amundson,,,,,,shooting,,
DeJuan Blair,George Hill,Manu Ginobili,Matt Bonner,Roger Mason,Channing Frye,Goran Dragic,Jared Dudley,Louis Amundson,Steve Nash,1,2:03,SAS,free throw,,,,,,,1,,2,DeJuan Blair,,,foul,missed,,,,
DeJuan Blair,George Hill,Manu Ginobili,Matt Bonner,Roger Mason,Channing Frye,Goran Dragic,Jared Dudley,Louis Amundson,Steve Nash,1,2:03,SAS,rebound,,,,,,,,,,,,,,,,,,
DeJuan Blair,George Hill,Manu Ginobili,Matt Bonner,Roger Mason,Channing Frye,Goran Dragic,Jared Dudley,Louis Amundson,Steve Nash,1,2:03,SAS,free throw,,,,,,,2,,2,DeJuan Blair,,,foul,made,,,,
DeJuan Blair,George Hill,Manu Ginobili,Matt Bonner,Roger Mason,Channing Frye,Goran Dragic,Jared Dudley,Louis Amundson,Steve Nash,1,1:43,PHX,shot,,,,,,,,,,Goran Dragic,2,,,made,,driving layup,25,6
DeJuan Blair,George Hill,Manu Ginobili,Matt Bonner,Roger Mason,Channing Frye,Goran Dragic,Jared Dudley,Louis Amundson,Steve Nash,1,1:29,SAS,shot,,,,,,,,,,Manu Ginobili,,,,missed,,3pt,25,31
DeJuan Blair,George Hill,Manu Ginobili,Matt Bonner,Roger Mason,Channing Frye,Goran Dragic,Jared Dudley,Louis Amundson,Steve Nash,1,1:28,PHX,rebound,,,,,,,,,,,,,,,,,,
DeJuan Blair,George Hill,Manu Ginobili,Matt Bonner,Roger Mason,Channing Frye,Goran Dragic,Jared Dudley,Louis Amundson,Steve Nash,1,1:17,PHX,shot,,,,,,,,,,Steve Nash,,,,missed,,jump,17,20
DeJuan Blair,George Hill,Manu Ginobili,Matt Bonner,Roger Mason,Channing Frye,Goran Dragic,Jared Dudley,Louis Amundson,Steve Nash,1,1:16,PHX,rebound,,,,,,,,,,Louis Amundson,,,,,,off,,
DeJuan Blair,George Hill,Manu Ginobili,Matt Bonner,Roger Mason,Channing Frye,Goran Dragic,Jared Dudley,Louis Amundson,Steve Nash,1,0:57,PHX,shot,,,,,,,,,,Channing Frye,,,,missed,,jump,19,9
DeJuan Blair,George Hill,Manu Ginobili,Matt Bonner,Roger Mason,Channing Frye,Goran Dragic,Jared Dudley,Louis Amundson,Steve Nash,1,0:56,PHX,rebound,,,,,,,,,,Louis Amundson,,,,,,off,,
DeJuan Blair,George Hill,Manu Ginobili,Matt Bonner,Roger Mason,Channing Frye,Goran Dragic,Jared Dudley,Louis Amundson,Steve Nash,1,0:56,PHX,shot,,,,,,,,,,Louis Amundson,,,,missed,,layup,25,6
DeJuan Blair,George Hill,Manu Ginobili,Matt Bonner,Roger Mason,Channing Frye,Goran Dragic,Jared Dudley,Louis Amundson,Steve Nash,1,0:56,PHX,rebound,,,,,,,,,,Louis Amundson,,,,,,off,,
DeJuan Blair,George Hill,Manu Ginobili,Matt Bonner,Roger Mason,Channing Frye,Goran Dragic,Jared Dudley,Louis Amundson,Steve Nash,1,0:56,PHX,shot,,,,,,,,,,Louis Amundson,2,,,made,,layup,25,6
DeJuan Blair,George Hill,Manu Ginobili,Matt Bonner,Roger Mason,Channing Frye,Goran Dragic,Jared Dudley,Louis Amundson,Steve Nash,1,0:56,SAS,foul,,,,,,,,Louis Amundson,,DeJuan Blair,,,,,,shooting,,
DeJuan Blair,George Hill,Manu Ginobili,Matt Bonner,Roger Mason,Channing Frye,Goran Dragic,Jared Dudley,Louis Amundson,Steve Nash,1,0:56,PHX,free throw,,,,,,,1,,1,Louis Amundson,,,foul,missed,,,,
DeJuan Blair,George Hill,Manu Ginobili,Matt Bonner,Roger Mason,Channing Frye,Goran Dragic,Jared Dudley,Louis Amundson,Steve Nash,1,0:55,PHX,rebound,,,,,,,,,,Jared Dudley,,,,,,off,,
DeJuan Blair,George Hill,Manu Ginobili,Matt Bonner,Roger Mason,Channing Frye,Goran Dragic,Jared Dudley,Louis Amundson,Steve Nash,1,0:41,PHX,turnover,,,,,,,,,,Steve Nash,,,bad pass,,DeJuan Blair,,,
DeJuan Blair,George Hill,Manu Ginobili,Matt Bonner,Roger Mason,Channing Frye,Goran Dragic,Jared Dudley,Louis Amundson,Steve Nash,1,0:34,SAS,shot,,,,,,,,,,George Hill,,,,missed,,jump,4,6
DeJuan Blair,George Hill,Manu Ginobili,Matt Bonner,Roger Mason,Channing Frye,Goran Dragic,Jared Dudley,Louis Amundson,Steve Nash,1,0:33,SAS,rebound,,,,,,,,,,Manu Ginobili,,,,,,off,,
DeJuan Blair,George Hill,Manu Ginobili,Matt Bonner,Roger Mason,Channing Frye,Goran Dragic,Jared Dudley,Louis Amundson,Steve Nash,1,0:33,PHX,foul,,,,,,,,Manu Ginobili,,Louis Amundson,,,,,,personal,,
DeJuan Blair,George Hill,Manu Ginobili,Matt Bonner,Roger Mason,Channing Frye,Goran Dragic,Jared Dudley,Louis Amundson,Steve Nash,1,0:19,SAS,shot,,,Louis Amundson,,,,,,,DeJuan Blair,,,,missed,,jump,17,6
DeJuan Blair,George Hill,Manu Ginobili,Matt Bonner,Roger Mason,Channing Frye,Goran Dragic,Jared Dudley,Louis Amundson,Steve Nash,1,0:18,SAS,rebound,,,,,,,,,,DeJuan Blair,,,,,,off,,
DeJuan Blair,George Hill,Manu Ginobili,Matt Bonner,Roger Mason,Channing Frye,Goran Dragic,Jared Dudley,Louis Amundson,Steve Nash,1,0:18,SAS,shot,,,,,,,,,,DeJuan Blair,2,,,made,,tip,25,6
DeJuan Blair,George Hill,Manu Ginobili,Matt Bonner,Roger Mason,Channing Frye,Goran Dragic,Jared Dudley,Louis Amundson,Steve Nash,1,0:03,PHX,shot,,,,,,,,,,Steve Nash,2,,,made,,turnaround fade away,29,13
DeJuan Blair,George Hill,Manu Ginobili,Matt Bonner,Roger Mason,Amare Stoudemire,Goran Dragic,Grant Hill,Jared Dudley,Louis Amundson,2,11:43,PHX,shot,Grant Hill,,,,,,,,,Amare Stoudemire,2,,,made,,hook,25,6
DeJuan Blair,George Hill,Manu Ginobili,Matt Bonner,Roger Mason,Amare Stoudemire,Goran Dragic,Grant Hill,Jared Dudley,Louis Amundson,2,11:25,SAS,shot,George Hill,,,,,,,,,DeJuan Blair,2,,,made,,hook,32,10
DeJuan Blair,George Hill,Manu Ginobili,Matt Bonner,Roger Mason,Amare Stoudemire,Goran Dragic,Grant Hill,Jared Dudley,Louis Amundson,2,11:06,PHX,shot,,,,,,,,,,Amare Stoudemire,2,,,made,,jump,37,21
DeJuan Blair,George Hill,Manu Ginobili,Matt Bonner,Roger Mason,Amare Stoudemire,Goran Dragic,Grant Hill,Jared Dudley,Louis Amundson,2,10:49,SAS,shot,,,,,,,,,,Manu Ginobili,2,,,made,,running jump,34,7
DeJuan Blair,George Hill,Manu Ginobili,Matt Bonner,Roger Mason,Amare Stoudemire,Goran Dragic,Grant Hill,Jared Dudley,Louis Amundson,2,10:39,PHX,shot,,,,,,,,,,Goran Dragic,,,,missed,,jump,24,23
DeJuan Blair,George Hill,Manu Ginobili,Matt Bonner,Roger Mason,Amare Stoudemire,Goran Dragic,Grant Hill,Jared Dudley,Louis Amundson,2,10:38,SAS,rebound,,,,,,,,,,Roger Mason,,,,,,def,,
DeJuan Blair,George Hill,Manu Ginobili,Matt Bonner,Roger Mason,Amare Stoudemire,Goran Dragic,Grant Hill,Jared Dudley,Louis Amundson,2,10:28,SAS,shot,,,,,,,,,,Roger Mason,,,,missed,,jump,16,24
DeJuan Blair,George Hill,Manu Ginobili,Matt Bonner,Roger Mason,Amare Stoudemire,Goran Dragic,Grant Hill,Jared Dudley,Louis Amundson,2,10:27,PHX,rebound,,,,,,,,,,Amare Stoudemire,,,,,,def,,
DeJuan Blair,George Hill,Manu Ginobili,Matt Bonner,Roger Mason,Amare Stoudemire,Goran Dragic,Grant Hill,Jared Dudley,Louis Amundson,2,10:16,PHX,shot,,,,,,,,,,Jared Dudley,,,,missed,,layup,25,6
DeJuan Blair,George Hill,Manu Ginobili,Matt Bonner,Roger Mason,Amare Stoudemire,Goran Dragic,Grant Hill,Jared Dudley,Louis Amundson,2,10:15,PHX,rebound,,,,,,,,,,Louis Amundson,,,,,,off,,
DeJuan Blair,George Hill,Manu Ginobili,Matt Bonner,Roger Mason,Amare Stoudemire,Goran Dragic,Grant Hill,Jared Dudley,Louis Amundson,2,10:15,PHX,shot,,,,,,,,,,Louis Amundson,,,,missed,,tip,25,6
DeJuan Blair,George Hill,Manu Ginobili,Matt Bonner,Roger Mason,Amare Stoudemire,Goran Dragic,Grant Hill,Jared Dudley,Louis Amundson,2,10:14,SAS,rebound,,,,,,,,,,DeJuan Blair,,,,,,def,,
DeJuan Blair,George Hill,Manu Ginobili,Matt Bonner,Roger Mason,Amare Stoudemire,Goran Dragic,Grant Hill,Jared Dudley,Louis Amundson,2,10:08,SAS,shot,,,,,,,,,,Roger Mason,,,,missed,,jump,11,16
DeJuan Blair,George Hill,Manu Ginobili,Matt Bonner,Roger Mason,Amare Stoudemire,Goran Dragic,Grant Hill,Jared Dudley,Louis Amundson,2,10:07,PHX,rebound,,,,,,,,,,Jared Dudley,,,,,,def,,
DeJuan Blair,George Hill,Manu Ginobili,Matt Bonner,Roger Mason,Amare Stoudemire,Goran Dragic,Grant Hill,Jared Dudley,Louis Amundson,2,9:49,PHX,shot,,,,,,,,,,Louis Amundson,,,,missed,,reverse layup,25,6
DeJuan Blair,George Hill,Manu Ginobili,Matt Bonner,Roger Mason,Amare Stoudemire,Goran Dragic,Grant Hill,Jared Dudley,Louis Amundson,2,9:47,SAS,rebound,,,,,,,,,,DeJuan Blair,,,,,,def,,
DeJuan Blair,George Hill,Manu Ginobili,Matt Bonner,Roger Mason,Amare Stoudemire,Goran Dragic,Grant Hill,Jared Dudley,Louis Amundson,2,9:37,SAS,shot,,,,,,,,,,Matt Bonner,,,,missed,,jump,32,7
DeJuan Blair,George Hill,Manu Ginobili,Matt Bonner,Roger Mason,Amare Stoudemire,Goran Dragic,Grant Hill,Jared Dudley,Louis Amundson,2,9:35,PHX,rebound,,,,,,,,,,Amare Stoudemire,,,,,,def,,
DeJuan Blair,George Hill,Manu Ginobili,Matt Bonner,Roger Mason,Amare Stoudemire,Goran Dragic,Grant Hill,Jared Dudley,Louis Amundson,2,9:23,PHX,shot,Grant Hill,,,,,,,,,Louis Amundson,2,,,made,,running bank,30,8
DeJuan Blair,George Hill,Manu Ginobili,Matt Bonner,Roger Mason,Amare Stoudemire,Goran Dragic,Grant Hill,Jared Dudley,Louis Amundson,2,8:57,SAS,shot,,,,,,,,,,Matt Bonner,,,,missed,,jump,31,25
DeJuan Blair,George Hill,Manu Ginobili,Matt Bonner,Roger Mason,Amare Stoudemire,Goran Dragic,Grant Hill,Jared Dudley,Louis Amundson,2,8:56,SAS,rebound,,,,,,,,,,Manu Ginobili,,,,,,off,,
DeJuan Blair,George Hill,Manu Ginobili,Matt Bonner,Roger Mason,Amare Stoudemire,Goran Dragic,Grant Hill,Jared Dudley,Louis Amundson,2,8:54,PHX,foul,,,,,,,,Manu Ginobili,,Amare Stoudemire,,,,,,personal,,
DeJuan Blair,George Hill,Manu Ginobili,Matt Bonner,Roger Mason,Amare Stoudemire,Goran Dragic,Grant Hill,Jared Dudley,Louis Amundson,2,8:54,SAS,timeout,,,,,,,,,,,,,,,,official,,
DeJuan Blair,George Hill,Manu Ginobili,Matt Bonner,Roger Mason,Amare Stoudemire,Earl Clark,Goran Dragic,Grant Hill,Jared Dudley,2,8:54,PHX,sub,,,,Earl Clark,,Louis Amundson,,,,,,,,,,,,
DeJuan Blair,George Hill,Matt Bonner,Roger Mason,Tony Parker,Amare Stoudemire,Earl Clark,Goran Dragic,Grant Hill,Jared Dudley,2,8:54,SAS,sub,,,,Tony Parker,,Manu Ginobili,,,,,,,,,,,,
DeJuan Blair,Matt Bonner,Richard Jefferson,Roger Mason,Tony Parker,Amare Stoudemire,Earl Clark,Goran Dragic,Grant Hill,Jared Dudley,2,8:54,SAS,sub,,,,Richard Jefferson,,George Hill,,,,,,,,,,,,
DeJuan Blair,Matt Bonner,Richard Jefferson,Roger Mason,Tony Parker,Amare Stoudemire,Earl Clark,Goran Dragic,Grant Hill,Jared Dudley,2,8:44,SAS,shot,Tony Parker,,,,,,,,,Matt Bonner,2,,,made,,jump,6,5
DeJuan Blair,Matt Bonner,Richard Jefferson,Roger Mason,Tony Parker,Amare Stoudemire,Earl Clark,Goran Dragic,Grant Hill,Jared Dudley,2,8:26,SAS,foul,,,,,,,,Amare Stoudemire,,DeJuan Blair,,,,,,shooting,,
DeJuan Blair,Matt Bonner,Richard Jefferson,Roger Mason,Tony Parker,Amare Stoudemire,Earl Clark,Goran Dragic,Grant Hill,Jared Dudley,2,8:26,PHX,free throw,,,,,,,1,,2,Amare Stoudemire,,,foul,made,,,,
DeJuan Blair,Matt Bonner,Richard Jefferson,Roger Mason,Tony Parker,Amare Stoudemire,Earl Clark,Goran Dragic,Grant Hill,Jared Dudley,2,8:26,PHX,free throw,,,,,,,2,,2,Amare Stoudemire,,,foul,made,,,,
DeJuan Blair,Matt Bonner,Richard Jefferson,Roger Mason,Tony Parker,Amare Stoudemire,Earl Clark,Goran Dragic,Grant Hill,Jared Dudley,2,8:07,SAS,turnover,,,,,,,,,,Tony Parker,,,bad pass,,Jared Dudley,,,
DeJuan Blair,Matt Bonner,Richard Jefferson,Roger Mason,Tony Parker,Amare Stoudemire,Earl Clark,Goran Dragic,Grant Hill,Jared Dudley,2,8:06,PHX,turnover,,,,,,,,,,Jared Dudley,,,step out of bounds turnover,,,,,
DeJuan Blair,Matt Bonner,Richard Jefferson,Roger Mason,Tony Parker,Amare Stoudemire,Earl Clark,Goran Dragic,Grant Hill,Jared Dudley,2,7:59,SAS,shot,,,,,,,,,,Richard Jefferson,,,,missed,,jump,28,11
DeJuan Blair,Matt Bonner,Richard Jefferson,Roger Mason,Tony Parker,Amare Stoudemire,Earl Clark,Goran Dragic,Grant Hill,Jared Dudley,2,7:58,SAS,rebound,,,,,,,,,,Richard Jefferson,,,,,,off,,
DeJuan Blair,Matt Bonner,Richard Jefferson,Roger Mason,Tony Parker,Amare Stoudemire,Earl Clark,Goran Dragic,Grant Hill,Jared Dudley,2,7:55,SAS,shot,,,,,,,,,,Richard Jefferson,2,,,made,,layup,25,6
DeJuan Blair,Matt Bonner,Richard Jefferson,Roger Mason,Tony Parker,Amare Stoudemire,Earl Clark,Goran Dragic,Grant Hill,Jared Dudley,2,7:50,PHX,shot,Goran Dragic,,,,,,,,,Grant Hill,2,,,made,,jump,38,10
Matt Bonner,Richard Jefferson,Roger Mason,Tim Duncan,Tony Parker,Amare Stoudemire,Earl Clark,Goran Dragic,Grant Hill,Jared Dudley,2,7:32,SAS,sub,,,,Tim Duncan,,DeJuan Blair,,,,,,,,,,,,
Matt Bonner,Richard Jefferson,Roger Mason,Tim Duncan,Tony Parker,Amare Stoudemire,Earl Clark,Goran Dragic,Grant Hill,Jared Dudley,2,7:29,SAS,shot,Richard Jefferson,,,,,,,,,Roger Mason,2,,,made,,jump,8,6
Matt Bonner,Richard Jefferson,Roger Mason,Tim Duncan,Tony Parker,Amare Stoudemire,Earl Clark,Goran Dragic,Grant Hill,Jared Dudley,2,7:17,PHX,shot,,,,,,,,,,Grant Hill,,,,missed,,jump,46,7
Matt Bonner,Richard Jefferson,Roger Mason,Tim Duncan,Tony Parker,Amare Stoudemire,Earl Clark,Goran Dragic,Grant Hill,Jared Dudley,2,7:17,PHX,rebound,,,,,,,,,,,,,,,,,,
Matt Bonner,Richard Jefferson,Roger Mason,Tim Duncan,Tony Parker,Amare Stoudemire,Earl Clark,Goran Dragic,Grant Hill,Jared Dudley,2,7:17,SAS,foul,,,,,,,,Jared Dudley,,Tony Parker,,,,,,loose ball,,
Matt Bonner,Richard Jefferson,Roger Mason,Tim Duncan,Tony Parker,Amare Stoudemire,Goran Dragic,Grant Hill,Jared Dudley,Robin Lopez,2,7:17,PHX,sub,,,,Robin Lopez,,Earl Clark,,,,,,,,,,,,
Matt Bonner,Richard Jefferson,Roger Mason,Tim Duncan,Tony Parker,Amare Stoudemire,Goran Dragic,Grant Hill,Jared Dudley,Robin Lopez,2,7:13,PHX,shot,,,,,,,,,,Goran Dragic,3,,,made,,3pt,8,26
Matt Bonner,Richard Jefferson,Roger Mason,Tim Duncan,Tony Parker,Amare Stoudemire,Goran Dragic,Grant Hill,Jared Dudley,Robin Lopez,2,6:59,PHX,foul,,,,,,,,Tony Parker,,Goran Dragic,,,,,,shooting,,
Antonio McDyess,Richard Jefferson,Roger Mason,Tim Duncan,Tony Parker,Amare Stoudemire,Goran Dragic,Grant Hill,Jared Dudley,Robin Lopez,2,6:59,SAS,sub,,,,Antonio McDyess,,Matt Bonner,,,,,,,,,,,,
Antonio McDyess,Richard Jefferson,Roger Mason,Tim Duncan,Tony Parker,Amare Stoudemire,Goran Dragic,Grant Hill,Jared Dudley,Robin Lopez,2,6:59,SAS,free throw,,,,,,,1,,2,Tony Parker,,,foul,made,,,,
Antonio McDyess,Richard Jefferson,Roger Mason,Tim Duncan,Tony Parker,Amare Stoudemire,Goran Dragic,Grant Hill,Jared Dudley,Robin Lopez,2,6:59,SAS,free throw,,,,,,,2,,2,Tony Parker,,,foul,made,,,,
Antonio McDyess,Richard Jefferson,Roger Mason,Tim Duncan,Tony Parker,Amare Stoudemire,Goran Dragic,Grant Hill,Jared Dudley,Robin Lopez,2,6:42,PHX,shot,Jared Dudley,,,,,,,,,Amare Stoudemire,2,,,made,,jump,22,23
Antonio McDyess,Richard Jefferson,Roger Mason,Tim Duncan,Tony Parker,Amare Stoudemire,Goran Dragic,Grant Hill,Jared Dudley,Robin Lopez,2,6:17,SAS,shot,Tony Parker,,,,,,,,,Roger Mason,3,,,made,,3pt,2,4
Antonio McDyess,Richard Jefferson,Roger Mason,Tim Duncan,Tony Parker,Amare Stoudemire,Goran Dragic,Grant Hill,Jared Dudley,Robin Lopez,2,5:59,PHX,shot,Robin Lopez,,,,,,,,,Goran Dragic,3,,,made,,3pt,13,28
Antonio McDyess,Richard Jefferson,Roger Mason,Tim Duncan,Tony Parker,Amare Stoudemire,Goran Dragic,Grant Hill,Jared Dudley,Robin Lopez,2,5:50,SAS,shot,,,,,,,,,,Tony Parker,2,,,made,,driving layup,25,6
Antonio McDyess,Richard Jefferson,Roger Mason,Tim Duncan,Tony Parker,Amare Stoudemire,Goran Dragic,Grant Hill,Jared Dudley,Robin Lopez,2,5:40,PHX,shot,,,,,,,,,,Grant Hill,,,,missed,,jump,40,11
Antonio McDyess,Richard Jefferson,Roger Mason,Tim Duncan,Tony Parker,Amare Stoudemire,Goran Dragic,Grant Hill,Jared Dudley,Robin Lopez,2,5:39,SAS,rebound,,,,,,,,,,Antonio McDyess,,,,,,def,,
Antonio McDyess,Richard Jefferson,Roger Mason,Tim Duncan,Tony Parker,Amare Stoudemire,Goran Dragic,Grant Hill,Jared Dudley,Robin Lopez,2,5:28,PHX,foul,,,,,,,,Tony Parker,,Goran Dragic,,,,,,shooting,,
Antonio McDyess,Richard Jefferson,Roger Mason,Tim Duncan,Tony Parker,Amare Stoudemire,Goran Dragic,Grant Hill,Jared Dudley,Robin Lopez,2,5:28,PHX,timeout,,,,,,,,,,,,,,,,regular,,
Antonio McDyess,Richard Jefferson,Roger Mason,Tim Duncan,Tony Parker,Amare Stoudemire,Channing Frye,Grant Hill,Jared Dudley,Robin Lopez,2,5:28,PHX,sub,,,,Channing Frye,,Goran Dragic,,,,,,,,,,,,
Antonio McDyess,Richard Jefferson,Roger Mason,Tim Duncan,Tony Parker,Amare Stoudemire,Channing Frye,Grant Hill,Jared Dudley,Steve Nash,2,5:28,PHX,sub,,,,Steve Nash,,Robin Lopez,,,,,,,,,,,,
Antonio McDyess,Richard Jefferson,Roger Mason,Tim Duncan,Tony Parker,Amare Stoudemire,Channing Frye,Grant Hill,Jared Dudley,Steve Nash,2,5:28,SAS,free throw,,,,,,,1,,2,Tony Parker,,,foul,made,,,,
Antonio McDyess,Richard Jefferson,Roger Mason,Tim Duncan,Tony Parker,Amare Stoudemire,Channing Frye,Grant Hill,Jared Dudley,Steve Nash,2,5:28,SAS,free throw,,,,,,,2,,2,Tony Parker,,,foul,made,,,,
Antonio McDyess,Richard Jefferson,Roger Mason,Tim Duncan,Tony Parker,Amare Stoudemire,Channing Frye,Grant Hill,Jared Dudley,Steve Nash,2,5:17,PHX,shot,Steve Nash,,,,,,,,,Amare Stoudemire,2,,,made,,jump bank,24,23
Antonio McDyess,Richard Jefferson,Roger Mason,Tim Duncan,Tony Parker,Amare Stoudemire,Channing Frye,Grant Hill,Jared Dudley,Steve Nash,2,5:02,PHX,foul,,,,,,,,Tim Duncan,,Channing Frye,,,,,,shooting,,
Antonio McDyess,Richard Jefferson,Roger Mason,Tim Duncan,Tony Parker,Amare Stoudemire,Channing Frye,Grant Hill,Jared Dudley,Steve Nash,2,5:02,SAS,free throw,,,,,,,1,,2,Tim Duncan,,,foul,made,,,,
Antonio McDyess,Richard Jefferson,Roger Mason,Tim Duncan,Tony Parker,Amare Stoudemire,Channing Frye,Grant Hill,Jared Dudley,Steve Nash,2,5:02,SAS,free throw,,,,,,,2,,2,Tim Duncan,,,foul,made,,,,
Antonio McDyess,Richard Jefferson,Roger Mason,Tim Duncan,Tony Parker,Amare Stoudemire,Channing Frye,Grant Hill,Jared Dudley,Steve Nash,2,4:45,PHX,shot,,,,,,,,,,Amare Stoudemire,,,,missed,,jump,35,22
Antonio McDyess,Richard Jefferson,Roger Mason,Tim Duncan,Tony Parker,Amare Stoudemire,Channing Frye,Grant Hill,Jared Dudley,Steve Nash,2,4:44,SAS,rebound,,,,,,,,,,Richard Jefferson,,,,,,def,,
Antonio McDyess,Richard Jefferson,Roger Mason,Tim Duncan,Tony Parker,Amare Stoudemire,Channing Frye,Grant Hill,Jared Dudley,Steve Nash,2,4:28,SAS,turnover,,,,,,,,,,Tony Parker,,,bad pass,,Steve Nash,,,
Antonio McDyess,Richard Jefferson,Roger Mason,Tim Duncan,Tony Parker,Amare Stoudemire,Channing Frye,Grant Hill,Jared Dudley,Steve Nash,2,4:17,PHX,shot,,,,,,,,,,Amare Stoudemire,,,,missed,,dunk,25,6
Antonio McDyess,Richard Jefferson,Roger Mason,Tim Duncan,Tony Parker,Amare Stoudemire,Channing Frye,Grant Hill,Jared Dudley,Steve Nash,2,4:16,PHX,rebound,,,,,,,,,,Channing Frye,,,,,,off,,
Antonio McDyess,Richard Jefferson,Roger Mason,Tim Duncan,Tony Parker,Amare Stoudemire,Channing Frye,Grant Hill,Jared Dudley,Steve Nash,2,4:12,PHX,shot,Channing Frye,,,,,,,,,Jared Dudley,2,,,made,,jump,11,11
Antonio McDyess,Richard Jefferson,Roger Mason,Tim Duncan,Tony Parker,Amare Stoudemire,Channing Frye,Grant Hill,Jared Dudley,Steve Nash,2,4:04,SAS,timeout,,,,,,,,,,,,,,,,regular,,
Antonio McDyess,Manu Ginobili,Roger Mason,Tim Duncan,Tony Parker,Amare Stoudemire,Channing Frye,Grant Hill,Jared Dudley,Steve Nash,2,4:04,SAS,sub,,,,Manu Ginobili,,Richard Jefferson,,,,,,,,,,,,
Antonio McDyess,Manu Ginobili,Roger Mason,Tim Duncan,Tony Parker,Amare Stoudemire,Channing Frye,Grant Hill,Jared Dudley,Steve Nash,2,3:55,SAS,shot,Manu Ginobili,,,,,,,,,Roger Mason,3,,,made,,3pt,49,15
Antonio McDyess,Manu Ginobili,Roger Mason,Tim Duncan,Tony Parker,Amare Stoudemire,Channing Frye,Grant Hill,Jared Dudley,Steve Nash,2,3:40,PHX,shot,Channing Frye,,,,,,,,,Grant Hill,2,,,made,,layup,25,6
Antonio McDyess,Manu Ginobili,Roger Mason,Tim Duncan,Tony Parker,Amare Stoudemire,Channing Frye,Grant Hill,Jared Dudley,Steve Nash,2,3:30,SAS,shot,Manu Ginobili,,,,,,,,,Tim Duncan,2,,,made,,jump,21,24
Antonio McDyess,Manu Ginobili,Roger Mason,Tim Duncan,Tony Parker,Amare Stoudemire,Channing Frye,Grant Hill,Jared Dudley,Steve Nash,2,3:18,PHX,shot,,,,,,,,,,Channing Frye,3,,,made,,3pt,47,18
Antonio McDyess,Manu Ginobili,Roger Mason,Tim Duncan,Tony Parker,Amare Stoudemire,Channing Frye,Grant Hill,Jared Dudley,Steve Nash,2,3:14,SAS,timeout,,,,,,,,,,,,,,,,short,,
Antonio McDyess,Manu Ginobili,Roger Mason,Tim Duncan,Tony Parker,Amare Stoudemire,Channing Frye,Goran Dragic,Jared Dudley,Steve Nash,2,3:14,PHX,sub,,,,Goran Dragic,,Grant Hill,,,,,,,,,,,,
Antonio McDyess,Manu Ginobili,Roger Mason,Tim Duncan,Tony Parker,Amare Stoudemire,Channing Frye,Goran Dragic,Jared Dudley,Steve Nash,2,2:50,SAS,shot,,,,,,,,,,Tony Parker,2,,,made,,jump,35,13
Antonio McDyess,Manu Ginobili,Roger Mason,Tim Duncan,Tony Parker,Amare Stoudemire,Channing Frye,Goran Dragic,Jared Dudley,Steve Nash,2,2:38,PHX,shot,Steve Nash,,,,,,,,,Goran Dragic,3,,,made,,3pt,48,7
Antonio McDyess,Manu Ginobili,Roger Mason,Tim Duncan,Tony Parker,Amare Stoudemire,Channing Frye,Goran Dragic,Jared Dudley,Steve Nash,2,2:29,SAS,shot,,,,,,,,,,Roger Mason,,,,missed,,3pt,48,5
Antonio McDyess,Manu Ginobili,Roger Mason,Tim Duncan,Tony Parker,Amare Stoudemire,Channing Frye,Goran Dragic,Jared Dudley,Steve Nash,2,2:28,PHX,rebound,,,,,,,,,,Jared Dudley,,,,,,def,,
Antonio McDyess,Manu Ginobili,Roger Mason,Tim Duncan,Tony Parker,Amare Stoudemire,Channing Frye,Goran Dragic,Jared Dudley,Steve Nash,2,2:19,PHX,shot,Steve Nash,,,,,,,,,Channing Frye,3,,,made,,3pt,35,29
Antonio McDyess,Manu Ginobili,Roger Mason,Tim Duncan,Tony Parker,Channing Frye,Goran Dragic,Jared Dudley,Louis Amundson,Steve Nash,2,2:00,PHX,sub,,,,Louis Amundson,,Amare Stoudemire,,,,,,,,,,,,
Antonio McDyess,George Hill,Manu Ginobili,Tim Duncan,Tony Parker,Channing Frye,Goran Dragic,Jared Dudley,Louis Amundson,Steve Nash,2,2:00,SAS,sub,,,,George Hill,,Roger Mason,,,,,,,,,,,,
Antonio McDyess,George Hill,Manu Ginobili,Tim Duncan,Tony Parker,Channing Frye,Goran Dragic,Jared Dudley,Louis Amundson,Steve Nash,2,1:51,SAS,turnover,,,,,,,,,,,,,shot clock turnover,,,,,
Antonio McDyess,George Hill,Manu Ginobili,Tim Duncan,Tony Parker,Channing Frye,Goran Dragic,Jared Dudley,Louis Amundson,Steve Nash,2,1:38,PHX,shot,,,,,,,,,,Steve Nash,2,,,made,,jump,16,23
Antonio McDyess,George Hill,Manu Ginobili,Tim Duncan,Tony Parker,Channing Frye,Goran Dragic,Jared Dudley,Louis Amundson,Steve Nash,2,1:26,SAS,shot,,,,,,,,,,Manu Ginobili,,,,missed,,3pt,48,6
Antonio McDyess,George Hill,Manu Ginobili,Tim Duncan,Tony Parker,Channing Frye,Goran Dragic,Jared Dudley,Louis Amundson,Steve Nash,2,1:25,SAS,rebound,,,,,,,,,,,,,,,,,,
Antonio McDyess,George Hill,Manu Ginobili,Tim Duncan,Tony Parker,Channing Frye,Goran Dragic,Jared Dudley,Louis Amundson,Steve Nash,2,1:21,SAS,shot,George Hill,,,,,,,,,Tim Duncan,2,,,made,,jump,22,11
Antonio McDyess,George Hill,Manu Ginobili,Tim Duncan,Tony Parker,Channing Frye,Goran Dragic,Jared Dudley,Louis Amundson,Steve Nash,2,1:21,PHX,foul,,,,,,,,Tim Duncan,,Channing Frye,,,,,,shooting,,
Antonio McDyess,George Hill,Manu Ginobili,Roger Mason,Tim Duncan,Channing Frye,Goran Dragic,Jared Dudley,Louis Amundson,Steve Nash,2,1:21,SAS,sub,,,,Roger Mason,,Tony Parker,,,,,,,,,,,,
Antonio McDyess,George Hill,Manu Ginobili,Roger Mason,Tim Duncan,Channing Frye,Goran Dragic,Jared Dudley,Louis Amundson,Steve Nash,2,1:21,SAS,free throw,,,,,,,1,,1,Tim Duncan,,,foul,made,,,,
Antonio McDyess,George Hill,Manu Ginobili,Roger Mason,Tim Duncan,Channing Frye,Goran Dragic,Jared Dudley,Louis Amundson,Steve Nash,2,1:13,PHX,shot,,,,,,,,,,Steve Nash,3,,,made,,3pt,16,29
Antonio McDyess,George Hill,Manu Ginobili,Roger Mason,Tim Duncan,Channing Frye,Goran Dragic,Jared Dudley,Louis Amundson,Steve Nash,2,1:04,SAS,shot,Manu Ginobili,,,,,,,,,Antonio McDyess,2,,,made,,layup,25,6
Antonio McDyess,George Hill,Manu Ginobili,Roger Mason,Tim Duncan,Channing Frye,Goran Dragic,Jared Dudley,Louis Amundson,Steve Nash,2,0:57,PHX,timeout,,,,,,,,,,,,,,,,short,,
Antonio McDyess,George Hill,Manu Ginobili,Roger Mason,Tim Duncan,Channing Frye,Goran Dragic,Jared Dudley,Robin Lopez,Steve Nash,2,0:57,PHX,sub,,,,Robin Lopez,,Louis Amundson,,,,,,,,,,,,
Antonio McDyess,George Hill,Manu Ginobili,Roger Mason,Tim Duncan,Channing Frye,Goran Dragic,Jared Dudley,Robin Lopez,Steve Nash,2,0:46,PHX,shot,,,Tim Duncan,,,,,,,Channing Frye,,,,missed,,layup,25,6
Antonio McDyess,George Hill,Manu Ginobili,Roger Mason,Tim Duncan,Channing Frye,Goran Dragic,Jared Dudley,Robin Lopez,Steve Nash,2,0:45,SAS,rebound,,,,,,,,,,Tim Duncan,,,,,,def,,
Antonio McDyess,George Hill,Manu Ginobili,Roger Mason,Tim Duncan,Channing Frye,Goran Dragic,Jared Dudley,Robin Lopez,Steve Nash,2,0:41,SAS,foul,,,,,,,,Steve Nash,,Antonio McDyess,,,,,,offensive,,
Antonio McDyess,George Hill,Manu Ginobili,Roger Mason,Tim Duncan,Channing Frye,Goran Dragic,Jared Dudley,Robin Lopez,Steve Nash,2,0:41,SAS,turnover,,,,,,,,,,Antonio McDyess,,,foul,,,,,
Antonio McDyess,George Hill,Manu Ginobili,Roger Mason,Tim Duncan,Channing Frye,Goran Dragic,Jared Dudley,Robin Lopez,Steve Nash,2,0:31,SAS,foul,,,,,,,,Channing Frye,,George Hill,,,,,,personal,,
Antonio McDyess,George Hill,Manu Ginobili,Roger Mason,Tim Duncan,Channing Frye,Goran Dragic,Jared Dudley,Robin Lopez,Steve Nash,2,0:24,SAS,foul,,,,,,,,Robin Lopez,,Roger Mason,,,,,,shooting,,
Antonio McDyess,George Hill,Manu Ginobili,Roger Mason,Tim Duncan,Channing Frye,Goran Dragic,Jared Dudley,Robin Lopez,Steve Nash,2,0:24,PHX,free throw,,,,,,,1,,2,Robin Lopez,,,foul,missed,,,,
Antonio McDyess,George Hill,Manu Ginobili,Roger Mason,Tim Duncan,Channing Frye,Goran Dragic,Jared Dudley,Robin Lopez,Steve Nash,2,0:24,PHX,rebound,,,,,,,,,,,,,,,,,,
Antonio McDyess,George Hill,Manu Ginobili,Roger Mason,Tim Duncan,Earl Clark,Goran Dragic,Jared Dudley,Robin Lopez,Steve Nash,2,0:24,PHX,sub,,,,Earl Clark,,Channing Frye,,,,,,,,,,,,
George Hill,Manu Ginobili,Matt Bonner,Roger Mason,Tim Duncan,Earl Clark,Goran Dragic,Jared Dudley,Robin Lopez,Steve Nash,2,0:24,SAS,sub,,,,Matt Bonner,,Antonio McDyess,,,,,,,,,,,,
George Hill,Manu Ginobili,Matt Bonner,Roger Mason,Tim Duncan,Earl Clark,Goran Dragic,Jared Dudley,Robin Lopez,Steve Nash,2,0:24,PHX,free throw,,,,,,,2,,2,Robin Lopez,,,foul,made,,,,
George Hill,Manu Ginobili,Matt Bonner,Roger Mason,Tim Duncan,Earl Clark,Goran Dragic,Jared Dudley,Robin Lopez,Steve Nash,2,0:03,PHX,foul,,,,,,,,Manu Ginobili,,Goran Dragic,,,,,,shooting,,
George Hill,Manu Ginobili,Matt Bonner,Roger Mason,Tim Duncan,Earl Clark,Goran Dragic,Jared Dudley,Robin Lopez,Steve Nash,2,0:03,SAS,free throw,,,,,,,1,,2,Manu Ginobili,,,foul,made,,,,
George Hill,Manu Ginobili,Matt Bonner,Roger Mason,Tim Duncan,Earl Clark,Goran Dragic,Jared Dudley,Robin Lopez,Steve Nash,2,0:03,SAS,free throw,,,,,,,2,,2,Manu Ginobili,,,foul,made,,,,
Antonio McDyess,Keith Bogans,Richard Jefferson,Tim Duncan,Tony Parker,Amare Stoudemire,Channing Frye,Grant Hill,Jason Richardson,Steve Nash,3,11:40,PHX,shot,,,,,,,,,,Amare Stoudemire,,,,missed,,layup,25,6
Antonio McDyess,Keith Bogans,Richard Jefferson,Tim Duncan,Tony Parker,Amare Stoudemire,Channing Frye,Grant Hill,Jason Richardson,Steve Nash,3,11:39,SAS,rebound,,,,,,,,,,Richard Jefferson,,,,,,def,,
Antonio McDyess,Keith Bogans,Richard Jefferson,Tim Duncan,Tony Parker,Amare Stoudemire,Channing Frye,Grant Hill,Jason Richardson,Steve Nash,3,11:20,PHX,foul,,,,,,,,Tony Parker,,Jason Richardson,,,,,,shooting,,
Antonio McDyess,Keith Bogans,Richard Jefferson,Tim Duncan,Tony Parker,Amare Stoudemire,Channing Frye,Grant Hill,Jason Richardson,Steve Nash,3,11:20,SAS,free throw,,,,,,,1,,2,Tony Parker,,,foul,made,,,,
Antonio McDyess,Keith Bogans,Richard Jefferson,Tim Duncan,Tony Parker,Amare Stoudemire,Channing Frye,Grant Hill,Jason Richardson,Steve Nash,3,11:20,SAS,free throw,,,,,,,2,,2,Tony Parker,,,foul,made,,,,
Antonio McDyess,Keith Bogans,Richard Jefferson,Tim Duncan,Tony Parker,Amare Stoudemire,Channing Frye,Grant Hill,Jason Richardson,Steve Nash,3,10:57,PHX,shot,Jason Richardson,,,,,,,,,Steve Nash,2,,,made,,jump,47,5
Antonio McDyess,Keith Bogans,Richard Jefferson,Tim Duncan,Tony Parker,Amare Stoudemire,Channing Frye,Grant Hill,Jason Richardson,Steve Nash,3,10:36,SAS,shot,,,,,,,,,,Tim Duncan,,,,missed,,jump,25,12
Antonio McDyess,Keith Bogans,Richard Jefferson,Tim Duncan,Tony Parker,Amare Stoudemire,Channing Frye,Grant Hill,Jason Richardson,Steve Nash,3,10:35,SAS,rebound,,,,,,,,,,Antonio McDyess,,,,,,off,,
Antonio McDyess,Keith Bogans,Richard Jefferson,Tim Duncan,Tony Parker,Amare Stoudemire,Channing Frye,Grant Hill,Jason Richardson,Steve Nash,3,10:25,SAS,shot,,,,,,,,,,Tony Parker,2,,,made,,running jump,14,7
Antonio McDyess,Keith Bogans,Richard Jefferson,Tim Duncan,Tony Parker,Amare Stoudemire,Channing Frye,Grant Hill,Jason Richardson,Steve Nash,3,10:14,PHX,shot,,,,,,,,,,Grant Hill,2,,,made,,jump,17,20
Antonio McDyess,Keith Bogans,Richard Jefferson,Tim Duncan,Tony Parker,Amare Stoudemire,Channing Frye,Grant Hill,Jason Richardson,Steve Nash,3,10:01,SAS,shot,,,,,,,,,,Richard Jefferson,,,,missed,,jump,42,16
Antonio McDyess,Keith Bogans,Richard Jefferson,Tim Duncan,Tony Parker,Amare Stoudemire,Channing Frye,Grant Hill,Jason Richardson,Steve Nash,3,10:00,PHX,rebound,,,,,,,,,,Jason Richardson,,,,,,def,,
Antonio McDyess,Keith Bogans,Richard Jefferson,Tim Duncan,Tony Parker,Amare Stoudemire,Channing Frye,Grant Hill,Jason Richardson,Steve Nash,3,9:55,PHX,turnover,,,,,,,,,,Steve Nash,,,bad pass,,Richard Jefferson,,,
Antonio McDyess,Keith Bogans,Richard Jefferson,Tim Duncan,Tony Parker,Amare Stoudemire,Channing Frye,Grant Hill,Jason Richardson,Steve Nash,3,9:45,SAS,shot,,,,,,,,,,Tony Parker,,,,missed,,jump,28,15
Antonio McDyess,Keith Bogans,Richard Jefferson,Tim Duncan,Tony Parker,Amare Stoudemire,Channing Frye,Grant Hill,Jason Richardson,Steve Nash,3,9:44,PHX,rebound,,,,,,,,,,Channing Frye,,,,,,def,,
Antonio McDyess,Keith Bogans,Richard Jefferson,Tim Duncan,Tony Parker,Amare Stoudemire,Channing Frye,Grant Hill,Jason Richardson,Steve Nash,3,9:30,PHX,shot,,,,,,,,,,Steve Nash,,,,missed,,turnaround fade away,25,15
Antonio McDyess,Keith Bogans,Richard Jefferson,Tim Duncan,Tony Parker,Amare Stoudemire,Channing Frye,Grant Hill,Jason Richardson,Steve Nash,3,9:29,PHX,rebound,,,,,,,,,,Amare Stoudemire,,,,,,off,,
Antonio McDyess,Keith Bogans,Richard Jefferson,Tim Duncan,Tony Parker,Amare Stoudemire,Channing Frye,Grant Hill,Jason Richardson,Steve Nash,3,9:26,PHX,shot,,,,,,,,,,Amare Stoudemire,,,,missed,,jump,19,8
Antonio McDyess,Keith Bogans,Richard Jefferson,Tim Duncan,Tony Parker,Amare Stoudemire,Channing Frye,Grant Hill,Jason Richardson,Steve Nash,3,9:25,SAS,rebound,,,,,,,,,,Antonio McDyess,,,,,,def,,
Antonio McDyess,Keith Bogans,Richard Jefferson,Tim Duncan,Tony Parker,Amare Stoudemire,Channing Frye,Grant Hill,Jason Richardson,Steve Nash,3,9:11,SAS,shot,,,,,,,,,,Richard Jefferson,,,,missed,,jump,23,15
Antonio McDyess,Keith Bogans,Richard Jefferson,Tim Duncan,Tony Parker,Amare Stoudemire,Channing Frye,Grant Hill,Jason Richardson,Steve Nash,3,9:10,PHX,rebound,,,,,,,,,,Steve Nash,,,,,,def,,
Antonio McDyess,Keith Bogans,Richard Jefferson,Tim Duncan,Tony Parker,Amare Stoudemire,Channing Frye,Grant Hill,Jason Richardson,Steve Nash,3,8:57,PHX,shot,Steve Nash,,,,,,,,,Jason Richardson,3,,,made,,3pt,2,6
Antonio McDyess,Keith Bogans,Richard Jefferson,Tim Duncan,Tony Parker,Amare Stoudemire,Channing Frye,Grant Hill,Jason Richardson,Steve Nash,3,8:38,SAS,shot,,,,,,,,,,Tony Parker,,,,missed,,layup,25,6
Antonio McDyess,Keith Bogans,Richard Jefferson,Tim Duncan,Tony Parker,Amare Stoudemire,Channing Frye,Grant Hill,Jason Richardson,Steve Nash,3,8:37,PHX,rebound,,,,,,,,,,Amare Stoudemire,,,,,,def,,
Antonio McDyess,Keith Bogans,Richard Jefferson,Tim Duncan,Tony Parker,Amare Stoudemire,Channing Frye,Grant Hill,Jason Richardson,Steve Nash,3,8:32,PHX,shot,,,,,,,,,,Grant Hill,2,,,made,,driving layup,25,6
Antonio McDyess,Keith Bogans,Richard Jefferson,Tim Duncan,Tony Parker,Amare Stoudemire,Channing Frye,Grant Hill,Jason Richardson,Steve Nash,3,8:30,SAS,timeout,,,,,,,,,,,,,,,,regular,,
Antonio McDyess,Keith Bogans,Roger Mason,Tim Duncan,Tony Parker,Amare Stoudemire,Channing Frye,Grant Hill,Jason Richardson,Steve Nash,3,8:30,SAS,sub,,,,Roger Mason,,Richard Jefferson,,,,,,,,,,,,
George Hill,Keith Bogans,Roger Mason,Tim Duncan,Tony Parker,Amare Stoudemire,Channing Frye,Grant Hill,Jason Richardson,Steve Nash,3,8:30,SAS,sub,,,,George Hill,,Antonio McDyess,,,,,,,,,,,,
George Hill,Matt Bonner,Roger Mason,Tim Duncan,Tony Parker,Amare Stoudemire,Channing Frye,Grant Hill,Jason Richardson,Steve Nash,3,8:30,SAS,sub,,,,Matt Bonner,,Keith Bogans,,,,,,,,,,,,
George Hill,Manu Ginobili,Matt Bonner,Roger Mason,Tim Duncan,Amare Stoudemire,Channing Frye,Grant Hill,Jason Richardson,Steve Nash,3,8:30,SAS,sub,,,,Manu Ginobili,,Tony Parker,,,,,,,,,,,,
George Hill,Manu Ginobili,Matt Bonner,Roger Mason,Tim Duncan,Amare Stoudemire,Channing Frye,Grant Hill,Jason Richardson,Steve Nash,3,8:13,SAS,shot,Matt Bonner,,,,,,,,,Roger Mason,3,,,made,,3pt,42,25
George Hill,Manu Ginobili,Matt Bonner,Roger Mason,Tim Duncan,Amare Stoudemire,Channing Frye,Grant Hill,Jason Richardson,Steve Nash,3,7:56,PHX,shot,,,,,,,,,,Steve Nash,2,,,made,,layup,25,6
George Hill,Manu Ginobili,Matt Bonner,Roger Mason,Tim Duncan,Amare Stoudemire,Channing Frye,Grant Hill,Jason Richardson,Steve Nash,3,7:35,SAS,shot,,,,,,,,,,Tim Duncan,2,,,made,,hook,33,10
George Hill,Manu Ginobili,Matt Bonner,Roger Mason,Tim Duncan,Amare Stoudemire,Channing Frye,Grant Hill,Jason Richardson,Steve Nash,3,7:26,SAS,foul,,,,,,,,Steve Nash,,George Hill,,,,,,personal,,
George Hill,Manu Ginobili,Matt Bonner,Roger Mason,Tim Duncan,Amare Stoudemire,Channing Frye,Grant Hill,Jason Richardson,Steve Nash,3,7:16,PHX,shot,,,,,,,,,,Grant Hill,,,,missed,,jump,26,11
George Hill,Manu Ginobili,Matt Bonner,Roger Mason,Tim Duncan,Amare Stoudemire,Channing Frye,Grant Hill,Jason Richardson,Steve Nash,3,7:15,SAS,rebound,,,,,,,,,,George Hill,,,,,,def,,
George Hill,Manu Ginobili,Matt Bonner,Roger Mason,Tim Duncan,Amare Stoudemire,Channing Frye,Grant Hill,Jason Richardson,Steve Nash,3,7:08,SAS,shot,George Hill,,,,,,,,,Tim Duncan,2,,,made,,layup,25,6
George Hill,Manu Ginobili,Matt Bonner,Roger Mason,Tim Duncan,Amare Stoudemire,Channing Frye,Grant Hill,Jason Richardson,Steve Nash,3,7:00,SAS,foul,,,,,,,,Amare Stoudemire,,Matt Bonner,,,,,,personal,,
George Hill,Manu Ginobili,Matt Bonner,Roger Mason,Tim Duncan,Amare Stoudemire,Channing Frye,Grant Hill,Jason Richardson,Steve Nash,3,6:49,PHX,shot,,,,,,,,,,Amare Stoudemire,,,,missed,,driving dunk,25,6
George Hill,Manu Ginobili,Matt Bonner,Roger Mason,Tim Duncan,Amare Stoudemire,Channing Frye,Grant Hill,Jason Richardson,Steve Nash,3,6:48,SAS,rebound,,,,,,,,,,Tim Duncan,,,,,,def,,
George Hill,Manu Ginobili,Matt Bonner,Roger Mason,Tim Duncan,Amare Stoudemire,Channing Frye,Grant Hill,Jason Richardson,Steve Nash,3,6:39,SAS,shot,Matt Bonner,,,,,,,,,Tim Duncan,2,,,made,,jump,25,10
George Hill,Manu Ginobili,Matt Bonner,Roger Mason,Tim Duncan,Amare Stoudemire,Channing Frye,Grant Hill,Jason Richardson,Steve Nash,3,6:34,PHX,timeout,,,,,,,,,,,,,,,,regular,,
George Hill,Manu Ginobili,Matt Bonner,Roger Mason,Tim Duncan,Amare Stoudemire,Channing Frye,Grant Hill,Jason Richardson,Steve Nash,3,6:20,PHX,shot,,,,,,,,,,Steve Nash,2,,,made,,jump,13,13
George Hill,Manu Ginobili,Matt Bonner,Roger Mason,Tim Duncan,Amare Stoudemire,Channing Frye,Grant Hill,Jason Richardson,Steve Nash,3,6:01,SAS,shot,Manu Ginobili,,,,,,,,,Matt Bonner,2,,,made,,jump,10,20
George Hill,Manu Ginobili,Matt Bonner,Roger Mason,Tim Duncan,Amare Stoudemire,Channing Frye,Grant Hill,Jason Richardson,Steve Nash,3,5:52,PHX,shot,,,,,,,,,,Steve Nash,2,,,made,,jump,38,17
George Hill,Manu Ginobili,Matt Bonner,Roger Mason,Tim Duncan,Amare Stoudemire,Channing Frye,Grant Hill,Jason Richardson,Steve Nash,3,5:35,SAS,shot,George Hill,,,,,,,,,Manu Ginobili,3,,,made,,3pt,3,16
George Hill,Manu Ginobili,Matt Bonner,Roger Mason,Tim Duncan,Amare Stoudemire,Channing Frye,Grant Hill,Jason Richardson,Steve Nash,3,5:28,PHX,shot,,,,,,,,,,Jason Richardson,,,,missed,,jump bank,20,8
George Hill,Manu Ginobili,Matt Bonner,Roger Mason,Tim Duncan,Amare Stoudemire,Channing Frye,Grant Hill,Jason Richardson,Steve Nash,3,5:27,SAS,rebound,,,,,,,,,,Tim Duncan,,,,,,def,,
George Hill,Manu Ginobili,Matt Bonner,Roger Mason,Tim Duncan,Amare Stoudemire,Channing Frye,Grant Hill,Jason Richardson,Steve Nash,3,5:17,SAS,shot,,,,,,,,,,Matt Bonner,,,,missed,,jump,5,6
George Hill,Manu Ginobili,Matt Bonner,Roger Mason,Tim Duncan,Amare Stoudemire,Channing Frye,Grant Hill,Jason Richardson,Steve Nash,3,5:16,PHX,rebound,,,,,,,,,,Channing Frye,,,,,,def,,
George Hill,Manu Ginobili,Matt Bonner,Roger Mason,Tim Duncan,Amare Stoudemire,Channing Frye,Grant Hill,Jason Richardson,Steve Nash,3,5:11,PHX,shot,,,,,,,,,,Grant Hill,,,,missed,,jump,10,18
George Hill,Manu Ginobili,Matt Bonner,Roger Mason,Tim Duncan,Amare Stoudemire,Channing Frye,Grant Hill,Jason Richardson,Steve Nash,3,5:10,SAS,rebound,,,,,,,,,,Tim Duncan,,,,,,def,,
George Hill,Manu Ginobili,Matt Bonner,Roger Mason,Tim Duncan,Amare Stoudemire,Channing Frye,Grant Hill,Jason Richardson,Steve Nash,3,5:02,SAS,shot,,,,,,,,,,Manu Ginobili,,,,missed,,3pt,3,16
George Hill,Manu Ginobili,Matt Bonner,Roger Mason,Tim Duncan,Amare Stoudemire,Channing Frye,Grant Hill,Jason Richardson,Steve Nash,3,5:01,PHX,rebound,,,,,,,,,,Channing Frye,,,,,,def,,
George Hill,Manu Ginobili,Matt Bonner,Roger Mason,Tim Duncan,Amare Stoudemire,Channing Frye,Grant Hill,Jason Richardson,Steve Nash,3,4:49,PHX,turnover,,,,,,,,,,Steve Nash,,,bad pass,,George Hill,,,
George Hill,Manu Ginobili,Matt Bonner,Roger Mason,Tim Duncan,Amare Stoudemire,Channing Frye,Grant Hill,Jason Richardson,Steve Nash,3,4:45,SAS,shot,George Hill,,,,,,,,,Roger Mason,2,,,made,,running bank,22,9
George Hill,Manu Ginobili,Matt Bonner,Roger Mason,Tim Duncan,Amare Stoudemire,Channing Frye,Grant Hill,Jason Richardson,Steve Nash,3,4:26,PHX,shot,Steve Nash,,,,,,,,,Amare Stoudemire,2,,,made,,dunk,25,6
George Hill,Manu Ginobili,Matt Bonner,Roger Mason,Tim Duncan,Amare Stoudemire,Channing Frye,Grant Hill,Jason Richardson,Steve Nash,3,4:26,SAS,foul,,,,,,,,Amare Stoudemire,,Tim Duncan,,,,,,shooting,,
George Hill,Manu Ginobili,Matt Bonner,Roger Mason,Tim Duncan,Amare Stoudemire,Channing Frye,Grant Hill,Jared Dudley,Steve Nash,3,4:26,PHX,sub,,,,Jared Dudley,,Jason Richardson,,,,,,,,,,,,
George Hill,Manu Ginobili,Matt Bonner,Roger Mason,Tim Duncan,Amare Stoudemire,Channing Frye,Grant Hill,Jared Dudley,Steve Nash,3,4:26,PHX,free throw,,,,,,,1,,1,Amare Stoudemire,,,foul,made,,,,
George Hill,Manu Ginobili,Matt Bonner,Roger Mason,Tim Duncan,Amare Stoudemire,Channing Frye,Grant Hill,Jared Dudley,Steve Nash,3,4:08,SAS,shot,Matt Bonner,,,,,,,,,Roger Mason,3,,,made,,3pt,42,24
George Hill,Manu Ginobili,Matt Bonner,Roger Mason,Tim Duncan,Amare Stoudemire,Channing Frye,Grant Hill,Jared Dudley,Steve Nash,3,3:58,PHX,foul,,,,,,,,Manu Ginobili,,Steve Nash,,,,,,offensive,,
George Hill,Manu Ginobili,Matt Bonner,Roger Mason,Tim Duncan,Amare Stoudemire,Channing Frye,Grant Hill,Jared Dudley,Steve Nash,3,3:58,PHX,turnover,,,,,,,,,,Steve Nash,,,foul,,,,,
George Hill,Manu Ginobili,Matt Bonner,Roger Mason,Tim Duncan,Amare Stoudemire,Channing Frye,Grant Hill,Jared Dudley,Steve Nash,3,3:47,SAS,turnover,,,,,,,,,,Matt Bonner,,,bad pass,,Grant Hill,,,
George Hill,Manu Ginobili,Matt Bonner,Roger Mason,Tim Duncan,Amare Stoudemire,Channing Frye,Grant Hill,Jared Dudley,Steve Nash,3,3:36,PHX,shot,,,,,,,,,,Grant Hill,2,,,made,,jump bank,29,9
George Hill,Manu Ginobili,Matt Bonner,Roger Mason,Tim Duncan,Amare Stoudemire,Channing Frye,Grant Hill,Jared Dudley,Steve Nash,3,3:19,SAS,shot,,,,,,,,,,Matt Bonner,,,,missed,,3pt,46,19
George Hill,Manu Ginobili,Matt Bonner,Roger Mason,Tim Duncan,Amare Stoudemire,Channing Frye,Grant Hill,Jared Dudley,Steve Nash,3,3:18,SAS,rebound,,,,,,,,,,Tim Duncan,,,,,,off,,
George Hill,Manu Ginobili,Matt Bonner,Roger Mason,Tim Duncan,Amare Stoudemire,Channing Frye,Grant Hill,Jared Dudley,Steve Nash,3,3:17,SAS,shot,,,,,,,,,,Tim Duncan,2,,,made,,layup,25,6
George Hill,Manu Ginobili,Matt Bonner,Roger Mason,Tim Duncan,Amare Stoudemire,Channing Frye,Grant Hill,Jared Dudley,Steve Nash,3,3:09,PHX,shot,,,,,,,,,,Steve Nash,,,,missed,,jump,27,27
George Hill,Manu Ginobili,Matt Bonner,Roger Mason,Tim Duncan,Amare Stoudemire,Channing Frye,Grant Hill,Jared Dudley,Steve Nash,3,3:08,SAS,rebound,,,,,,,,,,Matt Bonner,,,,,,def,,
George Hill,Manu Ginobili,Matt Bonner,Roger Mason,Tim Duncan,Amare Stoudemire,Channing Frye,Grant Hill,Jared Dudley,Steve Nash,3,2:53,SAS,shot,Manu Ginobili,,,,,,,,,George Hill,3,,,made,,3pt,2,6
George Hill,Manu Ginobili,Matt Bonner,Roger Mason,Tim Duncan,Amare Stoudemire,Channing Frye,Grant Hill,Jared Dudley,Steve Nash,3,2:34,PHX,turnover,,,,,,,,,,Steve Nash,,,bad pass,,George Hill,,,
George Hill,Manu Ginobili,Matt Bonner,Roger Mason,Tim Duncan,Amare Stoudemire,Channing Frye,Grant Hill,Jared Dudley,Steve Nash,3,2:16,SAS,shot,,,,,,,,,,Matt Bonner,,,,missed,,jump,11,16
George Hill,Manu Ginobili,Matt Bonner,Roger Mason,Tim Duncan,Amare Stoudemire,Channing Frye,Grant Hill,Jared Dudley,Steve Nash,3,2:15,SAS,rebound,,,,,,,,,,Manu Ginobili,,,,,,off,,
George Hill,Manu Ginobili,Matt Bonner,Roger Mason,Tim Duncan,Amare Stoudemire,Channing Frye,Grant Hill,Jared Dudley,Steve Nash,3,2:05,SAS,shot,,,,,,,,,,Roger Mason,,,,missed,,jump,33,16
George Hill,Manu Ginobili,Matt Bonner,Roger Mason,Tim Duncan,Amare Stoudemire,Channing Frye,Grant Hill,Jared Dudley,Steve Nash,3,2:04,PHX,rebound,,,,,,,,,,Channing Frye,,,,,,def,,
George Hill,Manu Ginobili,Matt Bonner,Roger Mason,Tim Duncan,Amare Stoudemire,Channing Frye,Grant Hill,Jared Dudley,Steve Nash,3,1:52,PHX,shot,,,,,,,,,,Grant Hill,,,,missed,,turnaround bank,31,10
George Hill,Manu Ginobili,Matt Bonner,Roger Mason,Tim Duncan,Amare Stoudemire,Channing Frye,Grant Hill,Jared Dudley,Steve Nash,3,1:51,SAS,rebound,,,,,,,,,,Matt Bonner,,,,,,def,,
George Hill,Manu Ginobili,Matt Bonner,Roger Mason,Tim Duncan,Amare Stoudemire,Channing Frye,Grant Hill,Jared Dudley,Steve Nash,3,1:36,SAS,shot,Tim Duncan,,,,,,,,,George Hill,2,,,made,,layup,25,6
George Hill,Manu Ginobili,Matt Bonner,Roger Mason,Tim Duncan,Amare Stoudemire,Channing Frye,Grant Hill,Jared Dudley,Steve Nash,3,1:29,PHX,timeout,,,,,,,,,,,,,,,,short,,
George Hill,Manu Ginobili,Matt Bonner,Roger Mason,Tim Duncan,Amare Stoudemire,Channing Frye,Goran Dragic,Jared Dudley,Steve Nash,3,1:29,PHX,sub,,,,Goran Dragic,,Grant Hill,,,,,,,,,,,,
George Hill,Manu Ginobili,Matt Bonner,Roger Mason,Tim Duncan,Amare Stoudemire,Channing Frye,Goran Dragic,Jared Dudley,Steve Nash,3,1:16,PHX,shot,Steve Nash,,,,,,,,,Amare Stoudemire,2,,,made,,dunk,25,6
George Hill,Manu Ginobili,Matt Bonner,Roger Mason,Tim Duncan,Amare Stoudemire,Channing Frye,Goran Dragic,Jared Dudley,Steve Nash,3,0:57,SAS,shot,,,,,,,,,,Tim Duncan,2,,,made,,turnaround bank,21,9
George Hill,Manu Ginobili,Matt Bonner,Roger Mason,Tim Duncan,Amare Stoudemire,Channing Frye,Goran Dragic,Jared Dudley,Steve Nash,3,0:37,PHX,shot,,,,,,,,,,Jared Dudley,,,,missed,,3pt,48,13
George Hill,Manu Ginobili,Matt Bonner,Roger Mason,Tim Duncan,Amare Stoudemire,Channing Frye,Goran Dragic,Jared Dudley,Steve Nash,3,0:36,PHX,rebound,,,,,,,,,,Goran Dragic,,,,,,off,,
George Hill,Manu Ginobili,Matt Bonner,Roger Mason,Tim Duncan,Amare Stoudemire,Channing Frye,Goran Dragic,Jared Dudley,Steve Nash,3,0:28,PHX,shot,,,Tim Duncan,,,,,,,Jared Dudley,,,,missed,,layup,25,6
George Hill,Manu Ginobili,Matt Bonner,Roger Mason,Tim Duncan,Amare Stoudemire,Channing Frye,Goran Dragic,Jared Dudley,Steve Nash,3,0:26,SAS,rebound,,,,,,,,,,Roger Mason,,,,,,def,,
George Hill,Manu Ginobili,Matt Bonner,Roger Mason,Tim Duncan,Amare Stoudemire,Channing Frye,Goran Dragic,Jared Dudley,Steve Nash,3,0:26,SAS,jump ball,,Roger Mason,,,Amare Stoudemire,,,,,,,Goran Dragic,,,,,,
George Hill,Manu Ginobili,Matt Bonner,Roger Mason,Tim Duncan,Amare Stoudemire,Channing Frye,Goran Dragic,Jared Dudley,Steve Nash,3,0:26,SAS,turnover,,,,,,,,,,Roger Mason,,,lost ball,,Amare Stoudemire,,,
George Hill,Manu Ginobili,Matt Bonner,Roger Mason,Tim Duncan,Amare Stoudemire,Channing Frye,Goran Dragic,Jared Dudley,Steve Nash,3,0:05,PHX,shot,,,,,,,,,,Steve Nash,,,,missed,,3pt,8,26
George Hill,Manu Ginobili,Matt Bonner,Roger Mason,Tim Duncan,Amare Stoudemire,Channing Frye,Goran Dragic,Jared Dudley,Steve Nash,3,0:04,SAS,rebound,,,,,,,,,,Tim Duncan,,,,,,def,,
George Hill,Manu Ginobili,Matt Bonner,Roger Mason,Tim Duncan,Amare Stoudemire,Channing Frye,Goran Dragic,Jared Dudley,Steve Nash,3,0:00,SAS,shot,,,,,,,,,,Roger Mason,,,,missed,,3pt,6,44
George Hill,Manu Ginobili,Matt Bonner,Roger Mason,Tim Duncan,Amare Stoudemire,Channing Frye,Goran Dragic,Jared Dudley,Steve Nash,3,0:00,SAS,rebound,,,,,,,,,,,,,,,,,,
George Hill,Manu Ginobili,Matt Bonner,Roger Mason,Tim Duncan,Amare Stoudemire,Channing Frye,Goran Dragic,Jared Dudley,Jason Richardson,4,11:46,PHX,foul,,,,,,,,Tim Duncan,,Channing Frye,,,,,,shooting,,
George Hill,Manu Ginobili,Matt Bonner,Roger Mason,Tim Duncan,Amare Stoudemire,Channing Frye,Goran Dragic,Jared Dudley,Jason Richardson,4,11:46,SAS,free throw,,,,,,,1,,2,Tim Duncan,,,foul,made,,,,
George Hill,Manu Ginobili,Matt Bonner,Roger Mason,Tim Duncan,Channing Frye,Goran Dragic,Jared Dudley,Jason Richardson,Robin Lopez,4,11:46,PHX,sub,,,,Robin Lopez,,Amare Stoudemire,,,,,,,,,,,,
George Hill,Manu Ginobili,Matt Bonner,Roger Mason,Tim Duncan,Channing Frye,Goran Dragic,Jared Dudley,Jason Richardson,Robin Lopez,4,11:46,SAS,free throw,,,,,,,2,,2,Tim Duncan,,,foul,made,,,,
George Hill,Manu Ginobili,Matt Bonner,Roger Mason,Tim Duncan,Channing Frye,Goran Dragic,Jared Dudley,Jason Richardson,Robin Lopez,4,11:44,PHX,turnover,,,,,,,,,,Channing Frye,,,bad pass,,Roger Mason,,,
George Hill,Manu Ginobili,Matt Bonner,Roger Mason,Tim Duncan,Channing Frye,Goran Dragic,Jared Dudley,Jason Richardson,Robin Lopez,4,11:30,SAS,shot,,,,,,,,,,Tim Duncan,2,,,made,,jump bank,38,11
George Hill,Manu Ginobili,Matt Bonner,Roger Mason,Tim Duncan,Channing Frye,Goran Dragic,Jared Dudley,Jason Richardson,Robin Lopez,4,11:15,PHX,shot,,,,,,,,,,Goran Dragic,2,,,made,,running jump,25,10
George Hill,Manu Ginobili,Matt Bonner,Roger Mason,Tim Duncan,Channing Frye,Goran Dragic,Jared Dudley,Jason Richardson,Robin Lopez,4,10:50,SAS,shot,,,,,,,,,,Tim Duncan,,,,missed,,jump,30,10
George Hill,Manu Ginobili,Matt Bonner,Roger Mason,Tim Duncan,Channing Frye,Goran Dragic,Jared Dudley,Jason Richardson,Robin Lopez,4,10:49,SAS,rebound,,,,,,,,,,Tim Duncan,,,,,,off,,
George Hill,Manu Ginobili,Matt Bonner,Roger Mason,Tim Duncan,Channing Frye,Goran Dragic,Jared Dudley,Jason Richardson,Robin Lopez,4,10:47,SAS,shot,,,,,,,,,,Tim Duncan,,,,missed,,layup,25,6
George Hill,Manu Ginobili,Matt Bonner,Roger Mason,Tim Duncan,Channing Frye,Goran Dragic,Jared Dudley,Jason Richardson,Robin Lopez,4,10:46,SAS,rebound,,,,,,,,,,Tim Duncan,,,,,,off,,
George Hill,Manu Ginobili,Matt Bonner,Roger Mason,Tim Duncan,Channing Frye,Goran Dragic,Jared Dudley,Jason Richardson,Robin Lopez,4,10:44,SAS,shot,,,,,,,,,,Tim Duncan,,,,missed,,layup,25,6
George Hill,Manu Ginobili,Matt Bonner,Roger Mason,Tim Duncan,Channing Frye,Goran Dragic,Jared Dudley,Jason Richardson,Robin Lopez,4,10:43,PHX,rebound,,,,,,,,,,Goran Dragic,,,,,,def,,
George Hill,Manu Ginobili,Matt Bonner,Roger Mason,Tim Duncan,Channing Frye,Goran Dragic,Jared Dudley,Jason Richardson,Robin Lopez,4,10:36,SAS,foul,,,,,,,,Goran Dragic,,George Hill,,,,,,personal,,
Manu Ginobili,Matt Bonner,Roger Mason,Tim Duncan,Tony Parker,Channing Frye,Goran Dragic,Jared Dudley,Jason Richardson,Robin Lopez,4,10:36,SAS,sub,,,,Tony Parker,,George Hill,,,,,,,,,,,,
DeJuan Blair,Manu Ginobili,Matt Bonner,Roger Mason,Tony Parker,Channing Frye,Goran Dragic,Jared Dudley,Jason Richardson,Robin Lopez,4,10:36,SAS,sub,,,,DeJuan Blair,,Tim Duncan,,,,,,,,,,,,
DeJuan Blair,Manu Ginobili,Matt Bonner,Roger Mason,Tony Parker,Channing Frye,Goran Dragic,Jared Dudley,Jason Richardson,Robin Lopez,4,10:21,PHX,turnover,,,,,,,,,,Channing Frye,,,bad pass,,Matt Bonner,,,
DeJuan Blair,Manu Ginobili,Matt Bonner,Roger Mason,Tony Parker,Channing Frye,Goran Dragic,Jared Dudley,Jason Richardson,Robin Lopez,4,10:08,SAS,shot,,,,,,,,,,Matt Bonner,,,,missed,,running bank,19,9
DeJuan Blair,Manu Ginobili,Matt Bonner,Roger Mason,Tony Parker,Channing Frye,Goran Dragic,Jared Dudley,Jason Richardson,Robin Lopez,4,10:08,PHX,rebound,,,,,,,,,,Jason Richardson,,,,,,def,,
DeJuan Blair,Manu Ginobili,Matt Bonner,Roger Mason,Tony Parker,Channing Frye,Goran Dragic,Jared Dudley,Jason Richardson,Robin Lopez,4,10:08,SAS,foul,,,,,,,,Robin Lopez,,DeJuan Blair,,,,,,personal,,
DeJuan Blair,Manu Ginobili,Matt Bonner,Roger Mason,Tony Parker,Amare Stoudemire,Channing Frye,Goran Dragic,Jared Dudley,Jason Richardson,4,10:08,PHX,sub,,,,Amare Stoudemire,,Robin Lopez,,,,,,,,,,,,
DeJuan Blair,Manu Ginobili,Richard Jefferson,Roger Mason,Tony Parker,Amare Stoudemire,Channing Frye,Goran Dragic,Jared Dudley,Jason Richardson,4,10:08,SAS,sub,,,,Richard Jefferson,,Matt Bonner,,,,,,,,,,,,
DeJuan Blair,Manu Ginobili,Richard Jefferson,Roger Mason,Tony Parker,Amare Stoudemire,Channing Frye,Goran Dragic,Jared Dudley,Jason Richardson,4,9:52,PHX,shot,,,,,,,,,,Amare Stoudemire,2,,,made,,layup,25,6
DeJuan Blair,Manu Ginobili,Richard Jefferson,Roger Mason,Tony Parker,Amare Stoudemire,Channing Frye,Goran Dragic,Jared Dudley,Jason Richardson,4,9:39,SAS,shot,Manu Ginobili,,,,,,,,,DeJuan Blair,2,,,made,,layup,25,6
DeJuan Blair,Manu Ginobili,Richard Jefferson,Roger Mason,Tony Parker,Amare Stoudemire,Channing Frye,Goran Dragic,Jared Dudley,Jason Richardson,4,9:16,PHX,shot,Jason Richardson,,,,,,,,,Channing Frye,2,,,made,,jump,5,6
DeJuan Blair,Manu Ginobili,Richard Jefferson,Roger Mason,Tony Parker,Amare Stoudemire,Channing Frye,Goran Dragic,Jared Dudley,Jason Richardson,4,9:01,SAS,shot,,,,,,,,,,DeJuan Blair,,,,missed,,layup,25,6
DeJuan Blair,Manu Ginobili,Richard Jefferson,Roger Mason,Tony Parker,Amare Stoudemire,Channing Frye,Goran Dragic,Jared Dudley,Jason Richardson,4,9:00,PHX,rebound,,,,,,,,,,Amare Stoudemire,,,,,,def,,
DeJuan Blair,Manu Ginobili,Richard Jefferson,Roger Mason,Tony Parker,Amare Stoudemire,Channing Frye,Goran Dragic,Jared Dudley,Jason Richardson,4,8:52,SAS,foul,,,,,,,,Jared Dudley,,Tony Parker,,,,,,personal,,
DeJuan Blair,George Hill,Manu Ginobili,Richard Jefferson,Tony Parker,Amare Stoudemire,Channing Frye,Goran Dragic,Jared Dudley,Jason Richardson,4,8:52,SAS,sub,,,,George Hill,,Roger Mason,,,,,,,,,,,,
DeJuan Blair,George Hill,Manu Ginobili,Richard Jefferson,Tony Parker,Amare Stoudemire,Goran Dragic,Grant Hill,Jared Dudley,Jason Richardson,4,8:52,PHX,sub,,,,Grant Hill,,Channing Frye,,,,,,,,,,,,
DeJuan Blair,George Hill,Manu Ginobili,Richard Jefferson,Tony Parker,Amare Stoudemire,Goran Dragic,Grant Hill,Jared Dudley,Jason Richardson,4,8:45,SAS,foul,,,,,,,,Amare Stoudemire,,DeJuan Blair,,,,,,personal,,
DeJuan Blair,George Hill,Manu Ginobili,Richard Jefferson,Tony Parker,Amare Stoudemire,Goran Dragic,Grant Hill,Jared Dudley,Jason Richardson,4,8:36,PHX,turnover,,,,,,,,,,Jared Dudley,,,traveling,,,,,
DeJuan Blair,George Hill,Manu Ginobili,Richard Jefferson,Tony Parker,Amare Stoudemire,Goran Dragic,Grant Hill,Jared Dudley,Jason Richardson,4,8:18,SAS,shot,,,,,,,,,,Manu Ginobili,,,,missed,,layup,25,6
DeJuan Blair,George Hill,Manu Ginobili,Richard Jefferson,Tony Parker,Amare Stoudemire,Goran Dragic,Grant Hill,Jared Dudley,Jason Richardson,4,8:16,SAS,rebound,,,,,,,,,,DeJuan Blair,,,,,,off,,
DeJuan Blair,George Hill,Manu Ginobili,Richard Jefferson,Tony Parker,Amare Stoudemire,Goran Dragic,Grant Hill,Jared Dudley,Jason Richardson,4,8:15,SAS,shot,,,Grant Hill,,,,,,,DeJuan Blair,,,,missed,,layup,25,6
DeJuan Blair,George Hill,Manu Ginobili,Richard Jefferson,Tony Parker,Amare Stoudemire,Goran Dragic,Grant Hill,Jared Dudley,Jason Richardson,4,8:13,SAS,rebound,,,,,,,,,,DeJuan Blair,,,,,,off,,
DeJuan Blair,George Hill,Manu Ginobili,Richard Jefferson,Tony Parker,Amare Stoudemire,Goran Dragic,Grant Hill,Jared Dudley,Jason Richardson,4,8:11,SAS,shot,,,Jason Richardson,,,,,,,DeJuan Blair,,,,missed,,layup,25,6
DeJuan Blair,George Hill,Manu Ginobili,Richard Jefferson,Tony Parker,Amare Stoudemire,Goran Dragic,Grant Hill,Jared Dudley,Jason Richardson,4,8:10,PHX,rebound,,,,,,,,,,Jared Dudley,,,,,,def,,
DeJuan Blair,George Hill,Manu Ginobili,Richard Jefferson,Tony Parker,Amare Stoudemire,Goran Dragic,Grant Hill,Jared Dudley,Jason Richardson,4,7:50,PHX,shot,,,,,,,,,,Grant Hill,,,,missed,,jump,33,19
DeJuan Blair,George Hill,Manu Ginobili,Richard Jefferson,Tony Parker,Amare Stoudemire,Goran Dragic,Grant Hill,Jared Dudley,Jason Richardson,4,7:49,SAS,rebound,,,,,,,,,,Manu Ginobili,,,,,,def,,
DeJuan Blair,George Hill,Manu Ginobili,Richard Jefferson,Tony Parker,Amare Stoudemire,Goran Dragic,Grant Hill,Jared Dudley,Jason Richardson,4,7:41,SAS,shot,,,,,,,,,,Tony Parker,,,,missed,,3pt,48,5
DeJuan Blair,George Hill,Manu Ginobili,Richard Jefferson,Tony Parker,Amare Stoudemire,Goran Dragic,Grant Hill,Jared Dudley,Jason Richardson,4,7:40,PHX,rebound,,,,,,,,,,Jason Richardson,,,,,,def,,
DeJuan Blair,George Hill,Manu Ginobili,Richard Jefferson,Tony Parker,Amare Stoudemire,Goran Dragic,Grant Hill,Jared Dudley,Jason Richardson,4,7:28,PHX,shot,,,,,,,,,,Jason Richardson,,,,missed,,fade away jumper,15,7
DeJuan Blair,George Hill,Manu Ginobili,Richard Jefferson,Tony Parker,Amare Stoudemire,Goran Dragic,Grant Hill,Jared Dudley,Jason Richardson,4,7:26,PHX,rebound,,,,,,,,,,Jason Richardson,,,,,,off,,
DeJuan Blair,George Hill,Manu Ginobili,Richard Jefferson,Tony Parker,Amare Stoudemire,Goran Dragic,Grant Hill,Jared Dudley,Jason Richardson,4,7:25,PHX,shot,,,,,,,,,,Jason Richardson,,,,missed,,jump,23,10
DeJuan Blair,George Hill,Manu Ginobili,Richard Jefferson,Tony Parker,Amare Stoudemire,Goran Dragic,Grant Hill,Jared Dudley,Jason Richardson,4,7:23,PHX,rebound,,,,,,,,,,,,,,,,,,
DeJuan Blair,George Hill,Manu Ginobili,Richard Jefferson,Tony Parker,Amare Stoudemire,Goran Dragic,Grant Hill,Jared Dudley,Steve Nash,4,7:23,PHX,sub,,,,Steve Nash,,Jason Richardson,,,,,,,,,,,,
DeJuan Blair,George Hill,Richard Jefferson,Tim Duncan,Tony Parker,Amare Stoudemire,Goran Dragic,Grant Hill,Jared Dudley,Steve Nash,4,7:23,SAS,sub,,,,Tim Duncan,,Manu Ginobili,,,,,,,,,,,,
George Hill,Richard Jefferson,Roger Mason,Tim Duncan,Tony Parker,Amare Stoudemire,Goran Dragic,Grant Hill,Jared Dudley,Steve Nash,4,7:23,SAS,sub,,,,Roger Mason,,DeJuan Blair,,,,,,,,,,,,
George Hill,Richard Jefferson,Roger Mason,Tim Duncan,Tony Parker,Amare Stoudemire,Goran Dragic,Grant Hill,Jared Dudley,Steve Nash,4,7:17,PHX,shot,,,,,,,,,,Steve Nash,2,,,made,,fade away jumper,26,13
George Hill,Richard Jefferson,Roger Mason,Tim Duncan,Tony Parker,Amare Stoudemire,Goran Dragic,Grant Hill,Jared Dudley,Steve Nash,4,7:17,SAS,foul,,,,,,,,Steve Nash,,George Hill,,,,,,shooting,,
George Hill,Richard Jefferson,Roger Mason,Tim Duncan,Tony Parker,Amare Stoudemire,Goran Dragic,Grant Hill,Jared Dudley,Steve Nash,4,7:17,PHX,free throw,,,,,,,1,,1,Steve Nash,,,foul,made,,,,
George Hill,Richard Jefferson,Roger Mason,Tim Duncan,Tony Parker,Amare Stoudemire,Goran Dragic,Grant Hill,Jared Dudley,Steve Nash,4,7:03,SAS,shot,,,,,,,,,,Tim Duncan,2,,,made,,jump,31,12
George Hill,Richard Jefferson,Roger Mason,Tim Duncan,Tony Parker,Amare Stoudemire,Goran Dragic,Grant Hill,Jared Dudley,Steve Nash,4,7:03,PHX,foul,,,,,,,,Tim Duncan,,Amare Stoudemire,,,,,,shooting,,
George Hill,Richard Jefferson,Roger Mason,Tim Duncan,Tony Parker,Amare Stoudemire,Goran Dragic,Grant Hill,Jared Dudley,Steve Nash,4,7:03,SAS,free throw,,,,,,,1,,1,Tim Duncan,,,foul,made,,,,
George Hill,Richard Jefferson,Roger Mason,Tim Duncan,Tony Parker,Amare Stoudemire,Goran Dragic,Grant Hill,Jared Dudley,Steve Nash,4,6:47,PHX,shot,,,,,,,,,,Grant Hill,,,,missed,,jump,20,20
George Hill,Richard Jefferson,Roger Mason,Tim Duncan,Tony Parker,Amare Stoudemire,Goran Dragic,Grant Hill,Jared Dudley,Steve Nash,4,6:47,PHX,rebound,,,,,,,,,,Amare Stoudemire,,,,,,off,,
George Hill,Richard Jefferson,Roger Mason,Tim Duncan,Tony Parker,Amare Stoudemire,Goran Dragic,Grant Hill,Jared Dudley,Steve Nash,4,6:36,PHX,shot,Steve Nash,,,,,,,,,Amare Stoudemire,2,,,made,,dunk,25,6
George Hill,Richard Jefferson,Roger Mason,Tim Duncan,Tony Parker,Amare Stoudemire,Goran Dragic,Grant Hill,Jared Dudley,Steve Nash,4,6:18,SAS,foul,,,,,,,,Steve Nash,,George Hill,,,,,,offensive,,
George Hill,Richard Jefferson,Roger Mason,Tim Duncan,Tony Parker,Amare Stoudemire,Goran Dragic,Grant Hill,Jared Dudley,Steve Nash,4,6:18,SAS,turnover,,,,,,,,,,George Hill,,,foul,,,,,
Keith Bogans,Richard Jefferson,Roger Mason,Tim Duncan,Tony Parker,Amare Stoudemire,Goran Dragic,Grant Hill,Jared Dudley,Steve Nash,4,6:15,SAS,sub,,,,Keith Bogans,,George Hill,,,,,,,,,,,,
Keith Bogans,Richard Jefferson,Roger Mason,Tim Duncan,Tony Parker,Amare Stoudemire,Goran Dragic,Grant Hill,Jared Dudley,Steve Nash,4,6:07,PHX,shot,Steve Nash,,,,,,,,,Goran Dragic,3,,,made,,3pt,3,5
Keith Bogans,Richard Jefferson,Roger Mason,Tim Duncan,Tony Parker,Amare Stoudemire,Goran Dragic,Grant Hill,Jared Dudley,Steve Nash,4,6:05,SAS,timeout,,,,,,,,,,,,,,,,regular,,
Keith Bogans,Manu Ginobili,Roger Mason,Tim Duncan,Tony Parker,Amare Stoudemire,Goran Dragic,Grant Hill,Jared Dudley,Steve Nash,4,6:05,SAS,sub,,,,Manu Ginobili,,Richard Jefferson,,,,,,,,,,,,
Manu Ginobili,Matt Bonner,Roger Mason,Tim Duncan,Tony Parker,Amare Stoudemire,Goran Dragic,Grant Hill,Jared Dudley,Steve Nash,4,6:05,SAS,sub,,,,Matt Bonner,,Keith Bogans,,,,,,,,,,,,
Manu Ginobili,Matt Bonner,Roger Mason,Tim Duncan,Tony Parker,Amare Stoudemire,Goran Dragic,Grant Hill,Jared Dudley,Steve Nash,4,5:47,SAS,shot,,,,,,,,,,Tony Parker,,,,missed,,layup,25,6
Manu Ginobili,Matt Bonner,Roger Mason,Tim Duncan,Tony Parker,Amare Stoudemire,Goran Dragic,Grant Hill,Jared Dudley,Steve Nash,4,5:46,PHX,rebound,,,,,,,,,,Amare Stoudemire,,,,,,def,,
Manu Ginobili,Matt Bonner,Roger Mason,Tim Duncan,Tony Parker,Amare Stoudemire,Goran Dragic,Grant Hill,Jared Dudley,Steve Nash,4,5:32,PHX,shot,,,,,,,,,,Goran Dragic,,,,missed,,3pt,5,21
Manu Ginobili,Matt Bonner,Roger Mason,Tim Duncan,Tony Parker,Amare Stoudemire,Goran Dragic,Grant Hill,Jared Dudley,Steve Nash,4,5:31,SAS,rebound,,,,,,,,,,Roger Mason,,,,,,def,,
Manu Ginobili,Matt Bonner,Roger Mason,Tim Duncan,Tony Parker,Amare Stoudemire,Goran Dragic,Grant Hill,Jared Dudley,Steve Nash,4,5:18,SAS,shot,,,,,,,,,,Tim Duncan,,,,missed,,jump,19,8
Manu Ginobili,Matt Bonner,Roger Mason,Tim Duncan,Tony Parker,Amare Stoudemire,Goran Dragic,Grant Hill,Jared Dudley,Steve Nash,4,5:17,PHX,rebound,,,,,,,,,,Goran Dragic,,,,,,def,,
Manu Ginobili,Matt Bonner,Roger Mason,Tim Duncan,Tony Parker,Amare Stoudemire,Goran Dragic,Grant Hill,Jared Dudley,Steve Nash,4,4:58,PHX,shot,,,,,,,,,,Grant Hill,2,,,made,,jump,25,16
Manu Ginobili,Matt Bonner,Roger Mason,Tim Duncan,Tony Parker,Amare Stoudemire,Goran Dragic,Grant Hill,Jared Dudley,Steve Nash,4,4:58,SAS,foul,,,,,,,,Grant Hill,,Manu Ginobili,,,,,,shooting,,
Manu Ginobili,Matt Bonner,Roger Mason,Tim Duncan,Tony Parker,Amare Stoudemire,Goran Dragic,Grant Hill,Jared Dudley,Steve Nash,4,4:58,PHX,free throw,,,,,,,1,,1,Grant Hill,,,foul,missed,,,,
Manu Ginobili,Matt Bonner,Roger Mason,Tim Duncan,Tony Parker,Amare Stoudemire,Goran Dragic,Grant Hill,Jared Dudley,Steve Nash,4,4:56,SAS,rebound,,,,,,,,,,Tim Duncan,,,,,,def,,
Manu Ginobili,Matt Bonner,Roger Mason,Tim Duncan,Tony Parker,Amare Stoudemire,Goran Dragic,Grant Hill,Jared Dudley,Steve Nash,4,4:46,SAS,shot,Tony Parker,,,,,,,,,Tim Duncan,2,,,made,,layup,25,6
Manu Ginobili,Matt Bonner,Roger Mason,Tim Duncan,Tony Parker,Amare Stoudemire,Goran Dragic,Grant Hill,Jared Dudley,Steve Nash,4,4:29,SAS,foul,,,,,,,,Amare Stoudemire,,Matt Bonner,,,,,,shooting,,
Manu Ginobili,Matt Bonner,Roger Mason,Tim Duncan,Tony Parker,Amare Stoudemire,Goran Dragic,Grant Hill,Jared Dudley,Steve Nash,4,4:29,PHX,free throw,,,,,,,1,,2,Amare Stoudemire,,,foul,missed,,,,
Manu Ginobili,Matt Bonner,Roger Mason,Tim Duncan,Tony Parker,Amare Stoudemire,Goran Dragic,Grant Hill,Jared Dudley,Steve Nash,4,4:29,PHX,rebound,,,,,,,,,,,,,,,,,,
Manu Ginobili,Matt Bonner,Roger Mason,Tim Duncan,Tony Parker,Amare Stoudemire,Goran Dragic,Grant Hill,Jared Dudley,Steve Nash,4,4:29,PHX,free throw,,,,,,,2,,2,Amare Stoudemire,,,foul,made,,,,
Manu Ginobili,Matt Bonner,Roger Mason,Tim Duncan,Tony Parker,Amare Stoudemire,Goran Dragic,Grant Hill,Jared Dudley,Steve Nash,4,4:13,SAS,shot,,,,,,,,,,Tony Parker,,,,missed,,running jump,20,8
Manu Ginobili,Matt Bonner,Roger Mason,Tim Duncan,Tony Parker,Amare Stoudemire,Goran Dragic,Grant Hill,Jared Dudley,Steve Nash,4,4:12,SAS,rebound,,,,,,,,,,Tim Duncan,,,,,,off,,
Manu Ginobili,Matt Bonner,Roger Mason,Tim Duncan,Tony Parker,Amare Stoudemire,Goran Dragic,Grant Hill,Jared Dudley,Steve Nash,4,4:12,SAS,shot,,,,,,,,,,Tim Duncan,2,,,made,,layup,25,6
Manu Ginobili,Matt Bonner,Roger Mason,Tim Duncan,Tony Parker,Amare Stoudemire,Goran Dragic,Grant Hill,Jared Dudley,Steve Nash,4,3:53,PHX,shot,,,,,,,,,,Amare Stoudemire,,,,missed,,jump,34,8
Manu Ginobili,Matt Bonner,Roger Mason,Tim Duncan,Tony Parker,Amare Stoudemire,Goran Dragic,Grant Hill,Jared Dudley,Steve Nash,4,3:52,SAS,rebound,,,,,,,,,,Roger Mason,,,,,,def,,
Manu Ginobili,Matt Bonner,Roger Mason,Tim Duncan,Tony Parker,Amare Stoudemire,Goran Dragic,Grant Hill,Jared Dudley,Steve Nash,4,3:44,SAS,foul,,,,,,,,Steve Nash,,Roger Mason,,,,,,offensive,,
Manu Ginobili,Matt Bonner,Roger Mason,Tim Duncan,Tony Parker,Amare Stoudemire,Goran Dragic,Grant Hill,Jared Dudley,Steve Nash,4,3:44,SAS,turnover,,,,,,,,,,Roger Mason,,,foul,,,,,
Manu Ginobili,Matt Bonner,Roger Mason,Tim Duncan,Tony Parker,Amare Stoudemire,Goran Dragic,Grant Hill,Jared Dudley,Steve Nash,4,3:25,PHX,shot,,,Tim Duncan,,,,,,,Grant Hill,,,,missed,,jump,20,10
Manu Ginobili,Matt Bonner,Roger Mason,Tim Duncan,Tony Parker,Amare Stoudemire,Goran Dragic,Grant Hill,Jared Dudley,Steve Nash,4,3:24,SAS,rebound,,,,,,,,,,Roger Mason,,,,,,def,,
Manu Ginobili,Matt Bonner,Roger Mason,Tim Duncan,Tony Parker,Amare Stoudemire,Goran Dragic,Grant Hill,Jared Dudley,Steve Nash,4,3:20,SAS,turnover,,,,,,,,,,Roger Mason,,,bad pass,,Amare Stoudemire,,,
Manu Ginobili,Matt Bonner,Roger Mason,Tim Duncan,Tony Parker,Amare Stoudemire,Goran Dragic,Grant Hill,Jared Dudley,Steve Nash,4,3:19,PHX,shot,,,,,,,,,,Amare Stoudemire,,,,missed,,layup,25,6
Manu Ginobili,Matt Bonner,Roger Mason,Tim Duncan,Tony Parker,Amare Stoudemire,Goran Dragic,Grant Hill,Jared Dudley,Steve Nash,4,3:18,PHX,rebound,,,,,,,,,,Grant Hill,,,,,,off,,
Manu Ginobili,Matt Bonner,Roger Mason,Tim Duncan,Tony Parker,Amare Stoudemire,Goran Dragic,Grant Hill,Jared Dudley,Steve Nash,4,3:17,PHX,shot,,,,,,,,,,Grant Hill,2,,,made,,jump bank,29,10
Manu Ginobili,Matt Bonner,Roger Mason,Tim Duncan,Tony Parker,Amare Stoudemire,Goran Dragic,Grant Hill,Jared Dudley,Steve Nash,4,2:59,SAS,turnover,,,,,,,,,,Tim Duncan,,,lost ball,,Amare Stoudemire,,,
Manu Ginobili,Matt Bonner,Roger Mason,Tim Duncan,Tony Parker,Amare Stoudemire,Goran Dragic,Grant Hill,Jared Dudley,Steve Nash,4,2:55,PHX,shot,,,,,,,,,,Goran Dragic,2,,,made,,layup,25,6
Manu Ginobili,Matt Bonner,Roger Mason,Tim Duncan,Tony Parker,Amare Stoudemire,Goran Dragic,Grant Hill,Jared Dudley,Steve Nash,4,2:54,SAS,timeout,,,,,,,,,,,,,,,,regular,,
DeJuan Blair,Manu Ginobili,Matt Bonner,Roger Mason,Tony Parker,Amare Stoudemire,Goran Dragic,Grant Hill,Jared Dudley,Steve Nash,4,2:54,SAS,sub,,,,DeJuan Blair,,Tim Duncan,,,,,,,,,,,,
DeJuan Blair,Keith Bogans,Manu Ginobili,Matt Bonner,Roger Mason,Amare Stoudemire,Goran Dragic,Grant Hill,Jared Dudley,Steve Nash,4,2:54,SAS,sub,,,,Keith Bogans,,Tony Parker,,,,,,,,,,,,
DeJuan Blair,George Hill,Keith Bogans,Matt Bonner,Roger Mason,Amare Stoudemire,Goran Dragic,Grant Hill,Jared Dudley,Steve Nash,4,2:54,SAS,sub,,,,George Hill,,Manu Ginobili,,,,,,,,,,,,
DeJuan Blair,George Hill,Keith Bogans,Malik Hairston,Roger Mason,Amare Stoudemire,Goran Dragic,Grant Hill,Jared Dudley,Steve Nash,4,2:54,SAS,sub,,,,Malik Hairston,,Matt Bonner,,,,,,,,,,,,
DeJuan Blair,George Hill,Keith Bogans,Malik Hairston,Roger Mason,Amare Stoudemire,Goran Dragic,Grant Hill,Jared Dudley,Steve Nash,4,2:38,PHX,foul,,,,,,,,DeJuan Blair,,Amare Stoudemire,,,,,,personal,,
DeJuan Blair,George Hill,Keith Bogans,Malik Hairston,Roger Mason,Amare Stoudemire,Goran Dragic,Grant Hill,Jared Dudley,Steve Nash,4,2:33,SAS,shot,,,,,,,,,,Roger Mason,,,,missed,,3pt,17,30
DeJuan Blair,George Hill,Keith Bogans,Malik Hairston,Roger Mason,Amare Stoudemire,Goran Dragic,Grant Hill,Jared Dudley,Steve Nash,4,2:32,PHX,rebound,,,,,,,,,,Steve Nash,,,,,,def,,
DeJuan Blair,George Hill,Keith Bogans,Malik Hairston,Roger Mason,Amare Stoudemire,Goran Dragic,Grant Hill,Jared Dudley,Steve Nash,4,2:13,PHX,shot,,,,,,,,,,Amare Stoudemire,,,,missed,,jump,25,10
DeJuan Blair,George Hill,Keith Bogans,Malik Hairston,Roger Mason,Amare Stoudemire,Goran Dragic,Grant Hill,Jared Dudley,Steve Nash,4,2:12,PHX,rebound,,,,,,,,,,Amare Stoudemire,,,,,,off,,
DeJuan Blair,George Hill,Keith Bogans,Malik Hairston,Roger Mason,Amare Stoudemire,Goran Dragic,Grant Hill,Jared Dudley,Steve Nash,4,2:12,SAS,foul,,,,,,,,Amare Stoudemire,,DeJuan Blair,,,,,,shooting,,
DeJuan Blair,George Hill,Keith Bogans,Malik Hairston,Roger Mason,Amare Stoudemire,Goran Dragic,Grant Hill,Jared Dudley,Steve Nash,4,2:12,PHX,free throw,,,,,,,1,,2,Amare Stoudemire,,,foul,missed,,,,
DeJuan Blair,George Hill,Keith Bogans,Malik Hairston,Roger Mason,Amare Stoudemire,Goran Dragic,Grant Hill,Jared Dudley,Steve Nash,4,2:12,PHX,rebound,,,,,,,,,,,,,,,,,,
DeJuan Blair,George Hill,Keith Bogans,Malik Hairston,Roger Mason,Amare Stoudemire,Goran Dragic,Grant Hill,Jared Dudley,Steve Nash,4,2:12,PHX,free throw,,,,,,,2,,2,Amare Stoudemire,,,foul,missed,,,,
DeJuan Blair,George Hill,Keith Bogans,Malik Hairston,Roger Mason,Amare Stoudemire,Goran Dragic,Grant Hill,Jared Dudley,Steve Nash,4,2:11,SAS,rebound,,,,,,,,,,DeJuan Blair,,,,,,def,,
DeJuan Blair,George Hill,Keith Bogans,Malik Hairston,Roger Mason,Amare Stoudemire,Goran Dragic,Grant Hill,Jared Dudley,Steve Nash,4,1:55,PHX,foul,,,,,,,,DeJuan Blair,,Amare Stoudemire,,,,,,shooting,,
DeJuan Blair,George Hill,Keith Bogans,Malik Hairston,Roger Mason,Amare Stoudemire,Goran Dragic,Grant Hill,Jared Dudley,Steve Nash,4,1:55,SAS,free throw,,,,,,,1,,2,DeJuan Blair,,,foul,missed,,,,
DeJuan Blair,George Hill,Keith Bogans,Malik Hairston,Roger Mason,Amare Stoudemire,Goran Dragic,Grant Hill,Jared Dudley,Steve Nash,4,1:55,SAS,rebound,,,,,,,,,,,,,,,,,,
DeJuan Blair,George Hill,Keith Bogans,Malik Hairston,Roger Mason,Amare Stoudemire,Goran Dragic,Grant Hill,Jared Dudley,Steve Nash,4,1:55,SAS,free throw,,,,,,,2,,2,DeJuan Blair,,,foul,made,,,,
DeJuan Blair,George Hill,Keith Bogans,Malik Hairston,Roger Mason,Amare Stoudemire,Goran Dragic,Grant Hill,Jared Dudley,Steve Nash,4,1:37,PHX,turnover,,,,,,,,,,Steve Nash,,,lost ball,,DeJuan Blair,,,
DeJuan Blair,George Hill,Keith Bogans,Malik Hairston,Roger Mason,Amare Stoudemire,Goran Dragic,Grant Hill,Jared Dudley,Steve Nash,4,1:34,SAS,shot,DeJuan Blair,,,,,,,,,George Hill,2,,,made,,layup,25,6
DeJuan Blair,George Hill,Keith Bogans,Malik Hairston,Roger Mason,Amare Stoudemire,Goran Dragic,Grant Hill,Jared Dudley,Steve Nash,4,1:09,PHX,shot,,,,,,,,,,Grant Hill,,,,missed,,jump bank,19,9
DeJuan Blair,George Hill,Keith Bogans,Malik Hairston,Roger Mason,Amare Stoudemire,Goran Dragic,Grant Hill,Jared Dudley,Steve Nash,4,1:08,PHX,rebound,,,,,,,,,,Jared Dudley,,,,,,off,,
DeJuan Blair,George Hill,Keith Bogans,Malik Hairston,Roger Mason,Amare Stoudemire,Goran Dragic,Grant Hill,Jared Dudley,Steve Nash,4,0:51,PHX,shot,Steve Nash,,,,,,,,,Jared Dudley,3,,,made,,3pt,33,29
DeJuan Blair,George Hill,Keith Bogans,Malik Hairston,Roger Mason,Amare Stoudemire,Goran Dragic,Grant Hill,Jared Dudley,Steve Nash,4,0:31,SAS,shot,Malik Hairston,,,,,,,,,DeJuan Blair,2,,,made,,reverse layup,25,6
DeJuan Blair,George Hill,Keith Bogans,Malik Hairston,Roger Mason,Amare Stoudemire,Goran Dragic,Grant Hill,Jared Dudley,Steve Nash,4,0:11,PHX,shot,Jared Dudley,,,,,,,,,Grant Hill,3,,,made,,3pt,2,5
DeJuan Blair,George Hill,Keith Bogans,Malik Hairston,Roger Mason,Amare Stoudemire,Goran Dragic,Grant Hill,Jared Dudley,Steve Nash,4,0:00,SAS,shot,,,,,,,,,,DeJuan Blair,2,,,made,,jump,24,24
