a1,a2,a3,a4,a5,h1,h2,h3,h4,h5,period,time,team,etype,assist,away,block,entered,home,left,num,opponent,outof,player,points,possession,reason,result,steal,type,x,y
C.J. Watson,Mikki Moore,Monta Ellis,Stephen Curry,Vladimir Radmanovic,Jeff Green,Kevin Durant,Nenad Krstic,Russell Westbrook,Thabo Sefolosha,1,12:00,OFF,jump ball,,Mikki Moore,,,Jeff Green,,,,,,,C.J. Watson,,,,,,
C.J. Watson,Mikki Moore,Monta Ellis,Stephen Curry,Vladimir Radmanovic,Jeff Green,Kevin Durant,Nenad Krstic,Russell Westbrook,Thabo Sefolosha,1,11:56,OKC,foul,,,,,,,,C.J. Watson,,Russell Westbrook,,,,,,shooting,,
C.J. Watson,Mikki Moore,Monta Ellis,Stephen Curry,Vladimir Radmanovic,Jeff Green,Kevin Durant,Nenad Krstic,Russell Westbrook,Thabo Sefolosha,1,11:56,GSW,free throw,,,,,,,1,,2,C.J. Watson,,,foul,made,,,,
C.J. Watson,Mikki Moore,Monta Ellis,Stephen Curry,Vladimir Radmanovic,Jeff Green,Kevin Durant,Nenad Krstic,Russell Westbrook,Thabo Sefolosha,1,11:56,GSW,free throw,,,,,,,2,,2,C.J. Watson,,,foul,missed,,,,
C.J. Watson,Mikki Moore,Monta Ellis,Stephen Curry,Vladimir Radmanovic,Jeff Green,Kevin Durant,Nenad Krstic,Russell Westbrook,Thabo Sefolosha,1,11:55,OKC,rebound,,,,,,,,,,Thabo Sefolosha,,,,,,def,,
C.J. Watson,Mikki Moore,Monta Ellis,Stephen Curry,Vladimir Radmanovic,Jeff Green,Kevin Durant,Nenad Krstic,Russell Westbrook,Thabo Sefolosha,1,11:38,OKC,shot,,,,,,,,,,Kevin Durant,2,,,made,,jump,38,10
C.J. Watson,Mikki Moore,Monta Ellis,Stephen Curry,Vladimir Radmanovic,Jeff Green,Kevin Durant,Nenad Krstic,Russell Westbrook,Thabo Sefolosha,1,11:22,GSW,turnover,,,,,,,,,,C.J. Watson,,,lost ball,,Nenad Krstic,,,
C.J. Watson,Mikki Moore,Monta Ellis,Stephen Curry,Vladimir Radmanovic,Jeff Green,Kevin Durant,Nenad Krstic,Russell Westbrook,Thabo Sefolosha,1,11:18,OKC,shot,Nenad Krstic,,,,,,,,,Thabo Sefolosha,2,,,made,,layup,25,6
C.J. Watson,Mikki Moore,Monta Ellis,Stephen Curry,Vladimir Radmanovic,Jeff Green,Kevin Durant,Nenad Krstic,Russell Westbrook,Thabo Sefolosha,1,11:07,GSW,timeout,,,,,,,,,,,,,,,,short,,
C.J. Watson,Mikki Moore,Monta Ellis,Stephen Curry,Vladimir Radmanovic,Jeff Green,Kevin Durant,Nenad Krstic,Russell Westbrook,Thabo Sefolosha,1,10:54,GSW,shot,,,,,,,,,,C.J. Watson,,,,missed,,jump,28,23
C.J. Watson,Mikki Moore,Monta Ellis,Stephen Curry,Vladimir Radmanovic,Jeff Green,Kevin Durant,Nenad Krstic,Russell Westbrook,Thabo Sefolosha,1,10:53,OKC,rebound,,,,,,,,,,Russell Westbrook,,,,,,def,,
C.J. Watson,Mikki Moore,Monta Ellis,Stephen Curry,Vladimir Radmanovic,Jeff Green,Kevin Durant,Nenad Krstic,Russell Westbrook,Thabo Sefolosha,1,10:37,OKC,turnover,,,,,,,,,,Kevin Durant,,,bad pass,,C.J. Watson,,,
C.J. Watson,Mikki Moore,Monta Ellis,Stephen Curry,Vladimir Radmanovic,Jeff Green,Kevin Durant,Nenad Krstic,Russell Westbrook,Thabo Sefolosha,1,10:33,GSW,shot,C.J. Watson,,,,,,,,,Monta Ellis,2,,,made,,layup,25,6
C.J. Watson,Mikki Moore,Monta Ellis,Stephen Curry,Vladimir Radmanovic,Jeff Green,Kevin Durant,Nenad Krstic,Russell Westbrook,Thabo Sefolosha,1,10:18,OKC,shot,,,,,,,,,,Nenad Krstic,,,,missed,,jump,12,7
C.J. Watson,Mikki Moore,Monta Ellis,Stephen Curry,Vladimir Radmanovic,Jeff Green,Kevin Durant,Nenad Krstic,Russell Westbrook,Thabo Sefolosha,1,10:17,GSW,rebound,,,,,,,,,,Stephen Curry,,,,,,def,,
C.J. Watson,Mikki Moore,Monta Ellis,Stephen Curry,Vladimir Radmanovic,Jeff Green,Kevin Durant,Nenad Krstic,Russell Westbrook,Thabo Sefolosha,1,10:08,GSW,shot,,,,,,,,,,Monta Ellis,,,,missed,,jump,40,11
C.J. Watson,Mikki Moore,Monta Ellis,Stephen Curry,Vladimir Radmanovic,Jeff Green,Kevin Durant,Nenad Krstic,Russell Westbrook,Thabo Sefolosha,1,10:07,OKC,rebound,,,,,,,,,,Jeff Green,,,,,,def,,
C.J. Watson,Mikki Moore,Monta Ellis,Stephen Curry,Vladimir Radmanovic,Jeff Green,Kevin Durant,Nenad Krstic,Russell Westbrook,Thabo Sefolosha,1,9:55,OKC,shot,Jeff Green,,,,,,,,,Nenad Krstic,2,,,made,,layup,25,6
C.J. Watson,Mikki Moore,Monta Ellis,Stephen Curry,Vladimir Radmanovic,Jeff Green,Kevin Durant,Nenad Krstic,Russell Westbrook,Thabo Sefolosha,1,9:36,OKC,foul,,,,,,,,,,Jeff Green,,,,,,defense 3 second,,
C.J. Watson,Mikki Moore,Monta Ellis,Stephen Curry,Vladimir Radmanovic,Jeff Green,Kevin Durant,Nenad Krstic,Russell Westbrook,Thabo Sefolosha,1,9:36,GSW,free throw,,,,,,,1,,1,C.J. Watson,,,technical,made,,,,
C.J. Watson,Mikki Moore,Monta Ellis,Stephen Curry,Vladimir Radmanovic,Jeff Green,Kevin Durant,Nenad Krstic,Russell Westbrook,Thabo Sefolosha,1,9:30,GSW,shot,Stephen Curry,,,,,,,,,Mikki Moore,2,,,made,,dunk,25,6
C.J. Watson,Mikki Moore,Monta Ellis,Stephen Curry,Vladimir Radmanovic,Jeff Green,Kevin Durant,Nenad Krstic,Russell Westbrook,Thabo Sefolosha,1,9:18,OKC,turnover,,,,,,,,,,Russell Westbrook,,,bad pass,,Monta Ellis,,,
C.J. Watson,Mikki Moore,Monta Ellis,Stephen Curry,Vladimir Radmanovic,Jeff Green,Kevin Durant,Nenad Krstic,Russell Westbrook,Thabo Sefolosha,1,9:15,GSW,shot,,,,,,,,,,Monta Ellis,2,,,made,,layup,25,6
C.J. Watson,Mikki Moore,Monta Ellis,Stephen Curry,Vladimir Radmanovic,Jeff Green,Kevin Durant,Nenad Krstic,Russell Westbrook,Thabo Sefolosha,1,8:46,OKC,shot,,,,,,,,,,Jeff Green,,,,missed,,jump,41,12
C.J. Watson,Mikki Moore,Monta Ellis,Stephen Curry,Vladimir Radmanovic,Jeff Green,Kevin Durant,Nenad Krstic,Russell Westbrook,Thabo Sefolosha,1,8:45,GSW,rebound,,,,,,,,,,C.J. Watson,,,,,,def,,
C.J. Watson,Mikki Moore,Monta Ellis,Stephen Curry,Vladimir Radmanovic,Jeff Green,Kevin Durant,Nenad Krstic,Russell Westbrook,Thabo Sefolosha,1,8:31,GSW,shot,,,,,,,,,,Vladimir Radmanovic,,,,missed,,3pt,17,29
C.J. Watson,Mikki Moore,Monta Ellis,Stephen Curry,Vladimir Radmanovic,Jeff Green,Kevin Durant,Nenad Krstic,Russell Westbrook,Thabo Sefolosha,1,8:30,OKC,rebound,,,,,,,,,,Nenad Krstic,,,,,,def,,
C.J. Watson,Mikki Moore,Monta Ellis,Stephen Curry,Vladimir Radmanovic,Jeff Green,Kevin Durant,Nenad Krstic,Russell Westbrook,Thabo Sefolosha,1,8:21,OKC,shot,,,,,,,,,,Nenad Krstic,,,,missed,,jump,36,19
C.J. Watson,Mikki Moore,Monta Ellis,Stephen Curry,Vladimir Radmanovic,Jeff Green,Kevin Durant,Nenad Krstic,Russell Westbrook,Thabo Sefolosha,1,8:20,GSW,rebound,,,,,,,,,,Vladimir Radmanovic,,,,,,def,,
C.J. Watson,Mikki Moore,Monta Ellis,Stephen Curry,Vladimir Radmanovic,Jeff Green,Kevin Durant,Nenad Krstic,Russell Westbrook,Thabo Sefolosha,1,8:11,GSW,shot,,,,,,,,,,Vladimir Radmanovic,,,,missed,,floating jump,29,12
C.J. Watson,Mikki Moore,Monta Ellis,Stephen Curry,Vladimir Radmanovic,Jeff Green,Kevin Durant,Nenad Krstic,Russell Westbrook,Thabo Sefolosha,1,8:10,OKC,rebound,,,,,,,,,,Kevin Durant,,,,,,def,,
C.J. Watson,Mikki Moore,Monta Ellis,Stephen Curry,Vladimir Radmanovic,Jeff Green,Kevin Durant,Nenad Krstic,Russell Westbrook,Thabo Sefolosha,1,7:49,OKC,shot,,,,,,,,,,Russell Westbrook,,,,missed,,3pt,8,25
C.J. Watson,Mikki Moore,Monta Ellis,Stephen Curry,Vladimir Radmanovic,Jeff Green,Kevin Durant,Nenad Krstic,Russell Westbrook,Thabo Sefolosha,1,7:48,OKC,rebound,,,,,,,,,,Nenad Krstic,,,,,,off,,
C.J. Watson,Mikki Moore,Monta Ellis,Stephen Curry,Vladimir Radmanovic,Jeff Green,Kevin Durant,Nenad Krstic,Russell Westbrook,Thabo Sefolosha,1,7:41,OKC,turnover,,,,,,,,,,Thabo Sefolosha,,,traveling,,,,,
C.J. Watson,Mikki Moore,Monta Ellis,Stephen Curry,Vladimir Radmanovic,Jeff Green,Kevin Durant,Nenad Krstic,Russell Westbrook,Thabo Sefolosha,1,7:27,GSW,turnover,,,,,,,,,,C.J. Watson,,,bad pass,,Russell Westbrook,,,
C.J. Watson,Mikki Moore,Monta Ellis,Stephen Curry,Vladimir Radmanovic,Jeff Green,Kevin Durant,Nenad Krstic,Russell Westbrook,Thabo Sefolosha,1,7:21,OKC,shot,,,,,,,,,,Kevin Durant,,,,missed,,jump,10,6
C.J. Watson,Mikki Moore,Monta Ellis,Stephen Curry,Vladimir Radmanovic,Jeff Green,Kevin Durant,Nenad Krstic,Russell Westbrook,Thabo Sefolosha,1,7:19,GSW,rebound,,,,,,,,,,Vladimir Radmanovic,,,,,,def,,
C.J. Watson,Mikki Moore,Monta Ellis,Stephen Curry,Vladimir Radmanovic,Jeff Green,Kevin Durant,Nenad Krstic,Russell Westbrook,Thabo Sefolosha,1,7:14,GSW,shot,,,,,,,,,,Stephen Curry,2,,,made,,jump,16,21
C.J. Watson,Mikki Moore,Monta Ellis,Stephen Curry,Vladimir Radmanovic,Jeff Green,Kevin Durant,Nenad Krstic,Russell Westbrook,Thabo Sefolosha,1,7:06,OKC,timeout,,,,,,,,,,,,,,,,regular,,
C.J. Watson,Mikki Moore,Monta Ellis,Stephen Curry,Vladimir Radmanovic,Jeff Green,Kevin Durant,Nenad Krstic,Russell Westbrook,Thabo Sefolosha,1,6:55,OKC,shot,,,,,,,,,,Kevin Durant,,,,missed,,jump,15,12
C.J. Watson,Mikki Moore,Monta Ellis,Stephen Curry,Vladimir Radmanovic,Jeff Green,Kevin Durant,Nenad Krstic,Russell Westbrook,Thabo Sefolosha,1,6:55,GSW,rebound,,,,,,,,,,,,,,,,,,
C.J. Watson,Mikki Moore,Monta Ellis,Stephen Curry,Vladimir Radmanovic,Jeff Green,Kevin Durant,Nenad Krstic,Russell Westbrook,Thabo Sefolosha,1,6:55,OKC,foul,,,,,,,,Vladimir Radmanovic,,Nenad Krstic,,,,,,loose ball,,
C.J. Watson,Mikki Moore,Monta Ellis,Stephen Curry,Vladimir Radmanovic,Jeff Green,Kevin Durant,Nick Collison,Russell Westbrook,Thabo Sefolosha,1,6:55,OKC,sub,,,,Nick Collison,,Nenad Krstic,,,,,,,,,,,,
C.J. Watson,Mikki Moore,Monta Ellis,Stephen Curry,Vladimir Radmanovic,Jeff Green,Kevin Durant,Nick Collison,Russell Westbrook,Thabo Sefolosha,1,6:40,GSW,shot,Monta Ellis,,,,,,,,,C.J. Watson,2,,,made,,jump,41,19
C.J. Watson,Mikki Moore,Monta Ellis,Stephen Curry,Vladimir Radmanovic,Jeff Green,Kevin Durant,Nick Collison,Russell Westbrook,Thabo Sefolosha,1,6:24,OKC,shot,,,,,,,,,,Russell Westbrook,,,,missed,,jump,28,21
C.J. Watson,Mikki Moore,Monta Ellis,Stephen Curry,Vladimir Radmanovic,Jeff Green,Kevin Durant,Nick Collison,Russell Westbrook,Thabo Sefolosha,1,6:24,OKC,rebound,,,,,,,,,,Jeff Green,,,,,,off,,
C.J. Watson,Mikki Moore,Monta Ellis,Stephen Curry,Vladimir Radmanovic,Jeff Green,Kevin Durant,Nick Collison,Russell Westbrook,Thabo Sefolosha,1,6:24,OKC,shot,,,,,,,,,,Jeff Green,2,,,made,,tip,25,6
C.J. Watson,Mikki Moore,Monta Ellis,Stephen Curry,Vladimir Radmanovic,Jeff Green,Kevin Durant,Nick Collison,Russell Westbrook,Thabo Sefolosha,1,6:24,GSW,foul,,,,,,,,Nick Collison,,Mikki Moore,,,,,,away from play,,
C.J. Watson,Mikki Moore,Monta Ellis,Stephen Curry,Vladimir Radmanovic,Jeff Green,Kevin Durant,Nick Collison,Russell Westbrook,Thabo Sefolosha,1,6:24,OKC,free throw,,,,,,,1,,1,Nick Collison,,,foul,missed,,,,
C.J. Watson,Mikki Moore,Monta Ellis,Stephen Curry,Vladimir Radmanovic,Jeff Green,Kevin Durant,Nick Collison,Russell Westbrook,Thabo Sefolosha,1,6:22,GSW,rebound,,,,,,,,,,Vladimir Radmanovic,,,,,,def,,
C.J. Watson,Mikki Moore,Monta Ellis,Stephen Curry,Vladimir Radmanovic,Jeff Green,Kevin Durant,Nick Collison,Russell Westbrook,Thabo Sefolosha,1,6:16,GSW,shot,,,,,,,,,,Vladimir Radmanovic,,,,missed,,jump,22,25
C.J. Watson,Mikki Moore,Monta Ellis,Stephen Curry,Vladimir Radmanovic,Jeff Green,Kevin Durant,Nick Collison,Russell Westbrook,Thabo Sefolosha,1,6:06,OKC,rebound,,,,,,,,,,Nick Collison,,,,,,def,,
C.J. Watson,Mikki Moore,Monta Ellis,Stephen Curry,Vladimir Radmanovic,Jeff Green,Kevin Durant,Nick Collison,Russell Westbrook,Thabo Sefolosha,1,5:50,OKC,shot,,,,,,,,,,Kevin Durant,,,,missed,,jump,21,12
C.J. Watson,Mikki Moore,Monta Ellis,Stephen Curry,Vladimir Radmanovic,Jeff Green,Kevin Durant,Nick Collison,Russell Westbrook,Thabo Sefolosha,1,5:41,OKC,rebound,,,,,,,,,,Jeff Green,,,,,,off,,
C.J. Watson,Mikki Moore,Monta Ellis,Stephen Curry,Vladimir Radmanovic,Jeff Green,Kevin Durant,Nick Collison,Russell Westbrook,Thabo Sefolosha,1,5:41,OKC,shot,,,,,,,,,,Jeff Green,2,,,made,,tip,21,15
C.J. Watson,Mikki Moore,Monta Ellis,Stephen Curry,Vladimir Radmanovic,Jeff Green,Kevin Durant,Nick Collison,Russell Westbrook,Thabo Sefolosha,1,5:35,GSW,shot,,,,,,,,,,Monta Ellis,2,,,made,,layup,25,6
C.J. Watson,Mikki Moore,Monta Ellis,Stephen Curry,Vladimir Radmanovic,Jeff Green,Kevin Durant,Nick Collison,Russell Westbrook,Thabo Sefolosha,1,5:26,OKC,shot,,,,,,,,,,Russell Westbrook,2,,,made,,jump,27,13
C.J. Watson,Mikki Moore,Monta Ellis,Stephen Curry,Vladimir Radmanovic,Jeff Green,Kevin Durant,Nick Collison,Russell Westbrook,Thabo Sefolosha,1,5:16,GSW,shot,Monta Ellis,,,,,,,,,Mikki Moore,2,,,made,,jump,26,23
C.J. Watson,Mikki Moore,Monta Ellis,Stephen Curry,Vladimir Radmanovic,Jeff Green,Kevin Durant,Nick Collison,Russell Westbrook,Thabo Sefolosha,1,5:02,OKC,turnover,,,,,,,,,,Kevin Durant,,,lost ball,,Stephen Curry,,,
C.J. Watson,Mikki Moore,Monta Ellis,Stephen Curry,Vladimir Radmanovic,Jeff Green,Kevin Durant,Nick Collison,Russell Westbrook,Thabo Sefolosha,1,4:47,OKC,foul,,,,,,,,Monta Ellis,,Nick Collison,,,,,,shooting,,
C.J. Watson,Mikki Moore,Monta Ellis,Stephen Curry,Vladimir Radmanovic,Jeff Green,Kevin Durant,Nick Collison,Russell Westbrook,Thabo Sefolosha,1,4:47,GSW,free throw,,,,,,,1,,2,Monta Ellis,,,foul,made,,,,
C.J. Watson,Mikki Moore,Monta Ellis,Stephen Curry,Vladimir Radmanovic,Jeff Green,Kevin Durant,Nick Collison,Shaun Livingston,Thabo Sefolosha,1,4:47,OKC,sub,,,,Shaun Livingston,,Russell Westbrook,,,,,,,,,,,,
C.J. Watson,Mikki Moore,Monta Ellis,Stephen Curry,Vladimir Radmanovic,Jeff Green,Kevin Durant,Nick Collison,Shaun Livingston,Thabo Sefolosha,1,4:47,GSW,free throw,,,,,,,2,,2,Monta Ellis,,,foul,missed,,,,
C.J. Watson,Mikki Moore,Monta Ellis,Stephen Curry,Vladimir Radmanovic,Jeff Green,Kevin Durant,Nick Collison,Shaun Livingston,Thabo Sefolosha,1,4:46,GSW,rebound,,,,,,,,,,Monta Ellis,,,,,,off,,
C.J. Watson,Mikki Moore,Monta Ellis,Stephen Curry,Vladimir Radmanovic,Jeff Green,Kevin Durant,Nick Collison,Shaun Livingston,Thabo Sefolosha,1,4:37,GSW,shot,,,,,,,,,,Monta Ellis,2,,,made,,jump,17,22
C.J. Watson,Mikki Moore,Monta Ellis,Stephen Curry,Vladimir Radmanovic,Jeff Green,Kevin Durant,Nick Collison,Shaun Livingston,Thabo Sefolosha,1,4:23,OKC,turnover,,,,,,,,,,Jeff Green,,,traveling,,,,,
C.J. Watson,Mikki Moore,Monta Ellis,Stephen Curry,Vladimir Radmanovic,Jeff Green,Kevin Durant,Nick Collison,Shaun Livingston,Thabo Sefolosha,1,4:11,GSW,turnover,,,,,,,,,,Stephen Curry,,,bad pass,,Shaun Livingston,,,
C.J. Watson,Mikki Moore,Monta Ellis,Stephen Curry,Vladimir Radmanovic,Jeff Green,Kevin Durant,Nick Collison,Shaun Livingston,Thabo Sefolosha,1,4:09,OKC,turnover,,,,,,,,,,Shaun Livingston,,,bad pass,,Stephen Curry,,,
C.J. Watson,Mikki Moore,Monta Ellis,Stephen Curry,Vladimir Radmanovic,Jeff Green,Kevin Durant,Nick Collison,Shaun Livingston,Thabo Sefolosha,1,4:07,GSW,shot,Vladimir Radmanovic,,,,,,,,,Mikki Moore,2,,,made,,alley oop dunk,25,6
C.J. Watson,Mikki Moore,Monta Ellis,Stephen Curry,Vladimir Radmanovic,Jeff Green,Kevin Durant,Nick Collison,Shaun Livingston,Thabo Sefolosha,1,3:45,OKC,shot,Shaun Livingston,,,,,,,,,Jeff Green,3,,,made,,3pt,17,29
C.J. Watson,Mikki Moore,Monta Ellis,Stephen Curry,Vladimir Radmanovic,Jeff Green,Kevin Durant,Nick Collison,Shaun Livingston,Thabo Sefolosha,1,3:29,GSW,shot,,,Thabo Sefolosha,,,,,,,Monta Ellis,,,,missed,,jump,18,11
C.J. Watson,Mikki Moore,Monta Ellis,Stephen Curry,Vladimir Radmanovic,Jeff Green,Kevin Durant,Nick Collison,Shaun Livingston,Thabo Sefolosha,1,3:26,OKC,rebound,,,,,,,,,,Shaun Livingston,,,,,,def,,
C.J. Watson,Mikki Moore,Monta Ellis,Stephen Curry,Vladimir Radmanovic,Jeff Green,Kevin Durant,Nick Collison,Shaun Livingston,Thabo Sefolosha,1,3:19,OKC,foul,,,,,,,,Mikki Moore,,Kevin Durant,,,,,,offensive,,
C.J. Watson,Mikki Moore,Monta Ellis,Stephen Curry,Vladimir Radmanovic,Jeff Green,Kevin Durant,Nick Collison,Shaun Livingston,Thabo Sefolosha,1,3:19,OKC,turnover,,,,,,,,,,Kevin Durant,,,foul,,,,,
C.J. Watson,Mikki Moore,Monta Ellis,Stephen Curry,Vladimir Radmanovic,Jeff Green,Kevin Durant,Nick Collison,Shaun Livingston,Thabo Sefolosha,1,3:08,GSW,shot,,,,,,,,,,Monta Ellis,,,,missed,,layup,25,6
C.J. Watson,Mikki Moore,Monta Ellis,Stephen Curry,Vladimir Radmanovic,Jeff Green,Kevin Durant,Nick Collison,Shaun Livingston,Thabo Sefolosha,1,3:07,OKC,rebound,,,,,,,,,,Jeff Green,,,,,,def,,
C.J. Watson,Mikki Moore,Monta Ellis,Stephen Curry,Vladimir Radmanovic,Jeff Green,Kevin Durant,Nick Collison,Shaun Livingston,Thabo Sefolosha,1,2:55,GSW,foul,,,,,,,,Thabo Sefolosha,,Stephen Curry,,,,,,shooting,,
C.J. Watson,Mikki Moore,Monta Ellis,Stephen Curry,Vladimir Radmanovic,Jeff Green,Kevin Durant,Nick Collison,Shaun Livingston,Thabo Sefolosha,1,2:55,GSW,timeout,,,,,,,,,,,,,,,,regular,,
C.J. Watson,Mikki Moore,Monta Ellis,Stephen Curry,Vladimir Radmanovic,Jeff Green,Kevin Durant,Nick Collison,Shaun Livingston,Thabo Sefolosha,1,2:55,OKC,free throw,,,,,,,1,,2,Thabo Sefolosha,,,foul,missed,,,,
C.J. Watson,Mikki Moore,Monta Ellis,Stephen Curry,Vladimir Radmanovic,Jeff Green,Kevin Durant,Nick Collison,Shaun Livingston,Thabo Sefolosha,1,2:55,OKC,rebound,,,,,,,,,,,,,,,,,,
C.J. Watson,Mikki Moore,Monta Ellis,Stephen Curry,Vladimir Radmanovic,Jeff Green,Kevin Durant,Nick Collison,Shaun Livingston,Thabo Sefolosha,1,2:55,OKC,free throw,,,,,,,2,,2,Thabo Sefolosha,,,foul,made,,,,
C.J. Watson,Mikki Moore,Monta Ellis,Stephen Curry,Vladimir Radmanovic,Jeff Green,Kevin Durant,Nick Collison,Shaun Livingston,Thabo Sefolosha,1,2:31,GSW,shot,,,,,,,,,,Monta Ellis,,,,missed,,floating jump,26,16
C.J. Watson,Mikki Moore,Monta Ellis,Stephen Curry,Vladimir Radmanovic,Jeff Green,Kevin Durant,Nick Collison,Shaun Livingston,Thabo Sefolosha,1,2:30,OKC,rebound,,,,,,,,,,Shaun Livingston,,,,,,def,,
C.J. Watson,Mikki Moore,Monta Ellis,Stephen Curry,Vladimir Radmanovic,Jeff Green,Kevin Durant,Nick Collison,Shaun Livingston,Thabo Sefolosha,1,2:22,OKC,shot,,,,,,,,,,Thabo Sefolosha,,,,missed,,3pt,47,19
C.J. Watson,Mikki Moore,Monta Ellis,Stephen Curry,Vladimir Radmanovic,Jeff Green,Kevin Durant,Nick Collison,Shaun Livingston,Thabo Sefolosha,1,2:21,GSW,rebound,,,,,,,,,,C.J. Watson,,,,,,def,,
C.J. Watson,Mikki Moore,Monta Ellis,Stephen Curry,Vladimir Radmanovic,Jeff Green,Kevin Durant,Nick Collison,Shaun Livingston,Thabo Sefolosha,1,2:10,GSW,shot,,,,,,,,,,Stephen Curry,,,,missed,,3pt,6,21
C.J. Watson,Mikki Moore,Monta Ellis,Stephen Curry,Vladimir Radmanovic,Jeff Green,Kevin Durant,Nick Collison,Shaun Livingston,Thabo Sefolosha,1,2:09,OKC,rebound,,,,,,,,,,Shaun Livingston,,,,,,def,,
C.J. Watson,Mikki Moore,Monta Ellis,Stephen Curry,Vladimir Radmanovic,Jeff Green,Kevin Durant,Nick Collison,Shaun Livingston,Thabo Sefolosha,1,2:05,OKC,shot,Shaun Livingston,,,,,,,,,Kevin Durant,2,,,made,,dunk,25,6
C.J. Watson,Mikki Moore,Monta Ellis,Stephen Curry,Vladimir Radmanovic,Jeff Green,Kevin Durant,Nick Collison,Shaun Livingston,Thabo Sefolosha,1,1:53,GSW,shot,,,,,,,,,,Stephen Curry,2,,,made,,jump,22,23
C.J. Watson,Mikki Moore,Monta Ellis,Stephen Curry,Vladimir Radmanovic,Jeff Green,Kevin Durant,Nick Collison,Shaun Livingston,Thabo Sefolosha,1,1:33,OKC,turnover,,,,,,,,,,Shaun Livingston,,,out of bounds lost ball turnover,,,,,
C.J. Watson,Corey Maggette,Monta Ellis,Stephen Curry,Vladimir Radmanovic,Jeff Green,Kevin Durant,Nick Collison,Shaun Livingston,Thabo Sefolosha,1,1:33,GSW,sub,,,,Corey Maggette,,Mikki Moore,,,,,,,,,,,,
Anthony Randolph,C.J. Watson,Corey Maggette,Monta Ellis,Stephen Curry,Jeff Green,Kevin Durant,Nick Collison,Shaun Livingston,Thabo Sefolosha,1,1:33,GSW,sub,,,,Anthony Randolph,,Vladimir Radmanovic,,,,,,,,,,,,
Anthony Randolph,C.J. Watson,Corey Maggette,Monta Ellis,Stephen Curry,James Harden,Jeff Green,Kevin Durant,Nick Collison,Shaun Livingston,1,1:33,OKC,sub,,,,James Harden,,Thabo Sefolosha,,,,,,,,,,,,
Anthony Randolph,C.J. Watson,Corey Maggette,Monta Ellis,Stephen Curry,James Harden,Jeff Green,Kevin Durant,Nick Collison,Shaun Livingston,1,1:21,GSW,turnover,,,,,,,,,,Monta Ellis,,,lost ball,,Kevin Durant,,,
Anthony Randolph,C.J. Watson,Corey Maggette,Monta Ellis,Stephen Curry,James Harden,Jeff Green,Kevin Durant,Nick Collison,Shaun Livingston,1,1:18,OKC,shot,,,,,,,,,,James Harden,2,,,made,,dunk,25,6
Anthony Randolph,C.J. Watson,Corey Maggette,Monta Ellis,Stephen Curry,James Harden,Jeff Green,Kevin Durant,Nick Collison,Shaun Livingston,1,0:54,GSW,turnover,,,,,,,,,,Monta Ellis,,,bad pass,,Shaun Livingston,,,
Anthony Randolph,C.J. Watson,Corey Maggette,Monta Ellis,Stephen Curry,James Harden,Jeff Green,Kevin Durant,Nick Collison,Shaun Livingston,1,0:54,OKC,shot,Shaun Livingston,,,,,,,,,Jeff Green,2,,,made,,layup,25,6
Anthony Randolph,C.J. Watson,Corey Maggette,Monta Ellis,Stephen Curry,James Harden,Jeff Green,Kevin Durant,Nick Collison,Shaun Livingston,1,0:38,GSW,shot,,,,,,,,,,Monta Ellis,,,,missed,,reverse layup,25,6
Anthony Randolph,C.J. Watson,Corey Maggette,Monta Ellis,Stephen Curry,James Harden,Jeff Green,Kevin Durant,Nick Collison,Shaun Livingston,1,0:38,OKC,rebound,,,,,,,,,,,,,,,,,,
Anthony Randolph,C.J. Watson,Corey Maggette,Monta Ellis,Stephen Curry,James Harden,Jeff Green,Kevin Durant,Nick Collison,Shaun Livingston,1,0:38,GSW,foul,,,,,,,,Nick Collison,,Corey Maggette,,,,,,loose ball,,
Anthony Randolph,C.J. Watson,Corey Maggette,Monta Ellis,Stephen Curry,James Harden,Jeff Green,Kevin Durant,Nick Collison,Shaun Livingston,1,0:24,OKC,turnover,,,,,,,,,,Kevin Durant,,,discontinue dribble,,,,,
Anthony Randolph,C.J. Watson,Corey Maggette,Monta Ellis,Stephen Curry,James Harden,Jeff Green,Kevin Durant,Nick Collison,Shaun Livingston,1,0:06,OKC,foul,,,,,,,,C.J. Watson,,Shaun Livingston,,,,,,personal,,
Anthony Randolph,C.J. Watson,Corey Maggette,Monta Ellis,Stephen Curry,James Harden,Jeff Green,Kevin Durant,Nick Collison,Shaun Livingston,1,0:01,GSW,turnover,,,,,,,,,,Monta Ellis,,,bad pass,,James Harden,,,
Anthony Randolph,C.J. Watson,Corey Maggette,Monta Ellis,Stephen Curry,James Harden,Kevin Durant,Nick Collison,Russell Westbrook,Shaun Livingston,2,11:44,OKC,shot,,,,,,,,,,Russell Westbrook,,,,missed,,floating jump,17,8
Anthony Randolph,C.J. Watson,Corey Maggette,Monta Ellis,Stephen Curry,James Harden,Kevin Durant,Nick Collison,Russell Westbrook,Shaun Livingston,2,11:42,GSW,rebound,,,,,,,,,,C.J. Watson,,,,,,def,,
Anthony Randolph,C.J. Watson,Corey Maggette,Monta Ellis,Stephen Curry,James Harden,Kevin Durant,Nick Collison,Russell Westbrook,Shaun Livingston,2,11:38,GSW,shot,,,,,,,,,,Monta Ellis,,,,missed,,layup,25,6
Anthony Randolph,C.J. Watson,Corey Maggette,Monta Ellis,Stephen Curry,James Harden,Kevin Durant,Nick Collison,Russell Westbrook,Shaun Livingston,2,11:37,OKC,rebound,,,,,,,,,,Kevin Durant,,,,,,def,,
Anthony Randolph,C.J. Watson,Corey Maggette,Monta Ellis,Stephen Curry,James Harden,Kevin Durant,Nick Collison,Russell Westbrook,Shaun Livingston,2,11:31,GSW,foul,,,,,,,,James Harden,,C.J. Watson,,,,,,shooting,,
Anthony Randolph,C.J. Watson,Corey Maggette,Monta Ellis,Stephen Curry,James Harden,Kevin Durant,Nick Collison,Russell Westbrook,Shaun Livingston,2,11:31,OKC,free throw,,,,,,,1,,2,James Harden,,,foul,made,,,,
Anthony Randolph,C.J. Watson,Corey Maggette,Monta Ellis,Stephen Curry,James Harden,Kevin Durant,Nick Collison,Russell Westbrook,Shaun Livingston,2,11:31,OKC,free throw,,,,,,,2,,2,James Harden,,,foul,made,,,,
Anthony Randolph,C.J. Watson,Corey Maggette,Monta Ellis,Stephen Curry,James Harden,Kevin Durant,Nick Collison,Russell Westbrook,Shaun Livingston,2,11:14,GSW,shot,,,,,,,,,,Corey Maggette,2,,,made,,jump,18,7
Anthony Randolph,C.J. Watson,Corey Maggette,Monta Ellis,Stephen Curry,James Harden,Kevin Durant,Nick Collison,Russell Westbrook,Shaun Livingston,2,11:04,OKC,turnover,,,,,,,,,,Russell Westbrook,,,lost ball,,Stephen Curry,,,
Anthony Randolph,C.J. Watson,Corey Maggette,Monta Ellis,Stephen Curry,James Harden,Kevin Durant,Nick Collison,Russell Westbrook,Shaun Livingston,2,11:03,GSW,turnover,,,,,,,,,,Stephen Curry,,,traveling,,,,,
Anthony Randolph,C.J. Watson,Corey Maggette,Monta Ellis,Stephen Curry,James Harden,Kevin Durant,Nick Collison,Russell Westbrook,Shaun Livingston,2,10:57,OKC,shot,,,,,,,,,,Russell Westbrook,,,,missed,,driving layup,25,6
Anthony Randolph,C.J. Watson,Corey Maggette,Monta Ellis,Stephen Curry,James Harden,Kevin Durant,Nick Collison,Russell Westbrook,Shaun Livingston,2,10:55,GSW,rebound,,,,,,,,,,Stephen Curry,,,,,,def,,
Anthony Randolph,C.J. Watson,Corey Maggette,Monta Ellis,Stephen Curry,James Harden,Kevin Durant,Nick Collison,Russell Westbrook,Shaun Livingston,2,10:50,GSW,shot,,,,,,,,,,Stephen Curry,,,,missed,,layup,25,6
Anthony Randolph,C.J. Watson,Corey Maggette,Monta Ellis,Stephen Curry,James Harden,Kevin Durant,Nick Collison,Russell Westbrook,Shaun Livingston,2,10:48,GSW,rebound,,,,,,,,,,Corey Maggette,,,,,,off,,
Anthony Randolph,C.J. Watson,Corey Maggette,Monta Ellis,Stephen Curry,James Harden,Kevin Durant,Nick Collison,Russell Westbrook,Shaun Livingston,2,10:47,GSW,shot,,,,,,,,,,Corey Maggette,2,,,made,,layup,25,6
Anthony Randolph,C.J. Watson,Corey Maggette,Monta Ellis,Stephen Curry,James Harden,Kevin Durant,Nick Collison,Russell Westbrook,Shaun Livingston,2,10:22,OKC,shot,,,Anthony Randolph,,,,,,,James Harden,,,,missed,,layup,25,6
Anthony Randolph,C.J. Watson,Corey Maggette,Monta Ellis,Stephen Curry,James Harden,Kevin Durant,Nick Collison,Russell Westbrook,Shaun Livingston,2,10:21,GSW,rebound,,,,,,,,,,Monta Ellis,,,,,,def,,
Anthony Randolph,C.J. Watson,Corey Maggette,Monta Ellis,Stephen Curry,James Harden,Kevin Durant,Nick Collison,Russell Westbrook,Shaun Livingston,2,10:13,GSW,shot,,,,,,,,,,Monta Ellis,2,,,made,,floating jump,20,11
Anthony Randolph,C.J. Watson,Corey Maggette,Monta Ellis,Stephen Curry,James Harden,Kevin Durant,Nick Collison,Russell Westbrook,Shaun Livingston,2,10:06,OKC,timeout,,,,,,,,,,,,,,,,regular,,
Anthony Randolph,C.J. Watson,Corey Maggette,Monta Ellis,Stephen Curry,James Harden,Jeff Green,Nick Collison,Russell Westbrook,Shaun Livingston,2,10:06,OKC,sub,,,,Jeff Green,,Kevin Durant,,,,,,,,,,,,
Anthony Randolph,C.J. Watson,Corey Maggette,Monta Ellis,Stephen Curry,James Harden,Jeff Green,Nick Collison,Russell Westbrook,Shaun Livingston,2,9:55,OKC,shot,,,,,,,,,,Jeff Green,,,,missed,,fade away jumper,29,12
Anthony Randolph,C.J. Watson,Corey Maggette,Monta Ellis,Stephen Curry,James Harden,Jeff Green,Nick Collison,Russell Westbrook,Shaun Livingston,2,9:54,GSW,rebound,,,,,,,,,,Stephen Curry,,,,,,def,,
Anthony Randolph,C.J. Watson,Corey Maggette,Monta Ellis,Stephen Curry,James Harden,Jeff Green,Nick Collison,Russell Westbrook,Shaun Livingston,2,9:51,OKC,foul,,,,,,,,C.J. Watson,,James Harden,,,,,,shooting,,
Anthony Randolph,C.J. Watson,Corey Maggette,Monta Ellis,Stephen Curry,James Harden,Jeff Green,Nick Collison,Russell Westbrook,Shaun Livingston,2,9:51,GSW,free throw,,,,,,,1,,2,C.J. Watson,,,foul,made,,,,
Anthony Randolph,C.J. Watson,Corey Maggette,Monta Ellis,Stephen Curry,James Harden,Jeff Green,Nick Collison,Russell Westbrook,Shaun Livingston,2,9:51,GSW,free throw,,,,,,,2,,2,C.J. Watson,,,foul,missed,,,,
Anthony Randolph,C.J. Watson,Corey Maggette,Monta Ellis,Stephen Curry,James Harden,Jeff Green,Nick Collison,Russell Westbrook,Shaun Livingston,2,9:50,OKC,rebound,,,,,,,,,,Jeff Green,,,,,,def,,
Anthony Randolph,C.J. Watson,Corey Maggette,Monta Ellis,Stephen Curry,James Harden,Jeff Green,Nick Collison,Russell Westbrook,Shaun Livingston,2,9:38,OKC,shot,,,,,,,,,,James Harden,,,,missed,,3pt,13,28
Anthony Randolph,C.J. Watson,Corey Maggette,Monta Ellis,Stephen Curry,James Harden,Jeff Green,Nick Collison,Russell Westbrook,Shaun Livingston,2,9:37,OKC,rebound,,,,,,,,,,Nick Collison,,,,,,off,,
Anthony Randolph,C.J. Watson,Corey Maggette,Monta Ellis,Stephen Curry,James Harden,Jeff Green,Nick Collison,Russell Westbrook,Shaun Livingston,2,9:36,OKC,shot,,,,,,,,,,Nick Collison,,,,missed,,tip,25,6
Anthony Randolph,C.J. Watson,Corey Maggette,Monta Ellis,Stephen Curry,James Harden,Jeff Green,Nick Collison,Russell Westbrook,Shaun Livingston,2,9:34,GSW,rebound,,,,,,,,,,Corey Maggette,,,,,,def,,
Anthony Randolph,C.J. Watson,Corey Maggette,Monta Ellis,Stephen Curry,James Harden,Jeff Green,Nick Collison,Russell Westbrook,Shaun Livingston,2,9:19,GSW,shot,,,,,,,,,,Corey Maggette,,,,missed,,jump,46,14
Anthony Randolph,C.J. Watson,Corey Maggette,Monta Ellis,Stephen Curry,James Harden,Jeff Green,Nick Collison,Russell Westbrook,Shaun Livingston,2,9:18,OKC,rebound,,,,,,,,,,Shaun Livingston,,,,,,def,,
Anthony Randolph,C.J. Watson,Corey Maggette,Monta Ellis,Stephen Curry,James Harden,Jeff Green,Nick Collison,Russell Westbrook,Shaun Livingston,2,9:08,OKC,shot,,,,,,,,,,Russell Westbrook,,,,missed,,jump,37,16
Anthony Randolph,C.J. Watson,Corey Maggette,Monta Ellis,Stephen Curry,James Harden,Jeff Green,Nick Collison,Russell Westbrook,Shaun Livingston,2,9:06,OKC,rebound,,,,,,,,,,Jeff Green,,,,,,off,,
Anthony Randolph,C.J. Watson,Corey Maggette,Monta Ellis,Stephen Curry,James Harden,Jeff Green,Nick Collison,Russell Westbrook,Shaun Livingston,2,9:03,OKC,turnover,,,,,,,,,,Jeff Green,,,lost ball,,Stephen Curry,,,
Anthony Randolph,C.J. Watson,Corey Maggette,Monta Ellis,Stephen Curry,James Harden,Jeff Green,Nick Collison,Russell Westbrook,Shaun Livingston,2,8:58,GSW,shot,Stephen Curry,,,,,,,,,Monta Ellis,3,,,made,,3pt,12,27
Anthony Randolph,C.J. Watson,Corey Maggette,Monta Ellis,Stephen Curry,James Harden,Jeff Green,Nick Collison,Russell Westbrook,Shaun Livingston,2,8:34,GSW,foul,,,,,,,,Jeff Green,,Corey Maggette,,,,,,shooting,,
Anthony Randolph,C.J. Watson,Corey Maggette,Monta Ellis,Stephen Curry,James Harden,Jeff Green,Nick Collison,Russell Westbrook,Shaun Livingston,2,8:34,OKC,free throw,,,,,,,1,,2,Jeff Green,,,foul,made,,,,
Anthony Randolph,C.J. Watson,Corey Maggette,Monta Ellis,Stephen Curry,James Harden,Jeff Green,Nick Collison,Russell Westbrook,Shaun Livingston,2,8:34,OKC,free throw,,,,,,,2,,2,Jeff Green,,,foul,missed,,,,
Anthony Randolph,C.J. Watson,Corey Maggette,Monta Ellis,Stephen Curry,James Harden,Jeff Green,Nick Collison,Russell Westbrook,Shaun Livingston,2,8:33,OKC,rebound,,,,,,,,,,Nick Collison,,,,,,off,,
Anthony Randolph,C.J. Watson,Corey Maggette,Monta Ellis,Stephen Curry,James Harden,Jeff Green,Nick Collison,Russell Westbrook,Shaun Livingston,2,8:32,OKC,shot,,,,,,,,,,Nick Collison,2,,,made,,putback layup,25,6
Anthony Randolph,C.J. Watson,Corey Maggette,Monta Ellis,Stephen Curry,James Harden,Jeff Green,Nick Collison,Russell Westbrook,Shaun Livingston,2,8:08,OKC,foul,,,,,,,,Corey Maggette,,Nick Collison,,,,,,shooting,,
Anthony Randolph,C.J. Watson,Corey Maggette,Monta Ellis,Stephen Curry,James Harden,Jeff Green,Nick Collison,Russell Westbrook,Shaun Livingston,2,8:08,GSW,free throw,,,,,,,1,,2,Corey Maggette,,,foul,made,,,,
Anthony Randolph,C.J. Watson,Corey Maggette,Monta Ellis,Stephen Curry,James Harden,Jeff Green,Kevin Durant,Russell Westbrook,Shaun Livingston,2,8:08,OKC,sub,,,,Kevin Durant,,Nick Collison,,,,,,,,,,,,
Anthony Randolph,C.J. Watson,Corey Maggette,Monta Ellis,Stephen Curry,James Harden,Jeff Green,Kevin Durant,Russell Westbrook,Shaun Livingston,2,8:08,GSW,free throw,,,,,,,2,,2,Corey Maggette,,,foul,made,,,,
Anthony Randolph,C.J. Watson,Corey Maggette,Monta Ellis,Stephen Curry,James Harden,Jeff Green,Kevin Durant,Russell Westbrook,Shaun Livingston,2,7:59,GSW,foul,,,,,,,,Jeff Green,,Anthony Randolph,,,,,,shooting,,
Anthony Randolph,C.J. Watson,Corey Maggette,Monta Ellis,Stephen Curry,James Harden,Jeff Green,Kevin Durant,Russell Westbrook,Shaun Livingston,2,7:59,OKC,free throw,,,,,,,1,,2,Jeff Green,,,foul,made,,,,
Anthony Randolph,C.J. Watson,Corey Maggette,Monta Ellis,Stephen Curry,James Harden,Jeff Green,Kevin Durant,Russell Westbrook,Shaun Livingston,2,7:59,OKC,free throw,,,,,,,2,,2,Jeff Green,,,foul,missed,,,,
Anthony Randolph,C.J. Watson,Corey Maggette,Monta Ellis,Stephen Curry,James Harden,Jeff Green,Kevin Durant,Russell Westbrook,Shaun Livingston,2,7:58,GSW,rebound,,,,,,,,,,C.J. Watson,,,,,,def,,
Anthony Randolph,C.J. Watson,Corey Maggette,Monta Ellis,Stephen Curry,James Harden,Jeff Green,Kevin Durant,Russell Westbrook,Shaun Livingston,2,7:40,GSW,shot,,,,,,,,,,Corey Maggette,,,,missed,,layup,25,6
Anthony Randolph,C.J. Watson,Corey Maggette,Monta Ellis,Stephen Curry,James Harden,Jeff Green,Kevin Durant,Russell Westbrook,Shaun Livingston,2,7:39,OKC,rebound,,,,,,,,,,James Harden,,,,,,def,,
Anthony Randolph,C.J. Watson,Corey Maggette,Monta Ellis,Stephen Curry,James Harden,Jeff Green,Kevin Durant,Russell Westbrook,Shaun Livingston,2,7:26,GSW,foul,,,,,,,,James Harden,,Stephen Curry,,,,,,shooting,,
Anthony Randolph,C.J. Watson,Corey Maggette,Monta Ellis,Stephen Curry,James Harden,Jeff Green,Kevin Durant,Russell Westbrook,Shaun Livingston,2,7:26,OKC,free throw,,,,,,,1,,2,James Harden,,,foul,made,,,,
Anthony Randolph,C.J. Watson,Corey Maggette,Monta Ellis,Stephen Curry,James Harden,Jeff Green,Kevin Durant,Russell Westbrook,Shaun Livingston,2,7:26,OKC,free throw,,,,,,,2,,2,James Harden,,,foul,made,,,,
Anthony Randolph,C.J. Watson,Corey Maggette,Monta Ellis,Stephen Curry,James Harden,Jeff Green,Kevin Durant,Russell Westbrook,Shaun Livingston,2,7:14,GSW,shot,,,Jeff Green,,,,,,,Corey Maggette,,,,missed,,layup,25,6
Anthony Randolph,C.J. Watson,Corey Maggette,Monta Ellis,Stephen Curry,James Harden,Jeff Green,Kevin Durant,Russell Westbrook,Shaun Livingston,2,7:12,OKC,rebound,,,,,,,,,,Jeff Green,,,,,,def,,
Anthony Randolph,C.J. Watson,Corey Maggette,Monta Ellis,Stephen Curry,James Harden,Jeff Green,Kevin Durant,Russell Westbrook,Shaun Livingston,2,7:06,OKC,shot,James Harden,,,,,,,,,Jeff Green,2,,,made,,layup,25,6
Anthony Randolph,C.J. Watson,Corey Maggette,Monta Ellis,Stephen Curry,James Harden,Jeff Green,Kevin Durant,Russell Westbrook,Shaun Livingston,2,6:57,GSW,timeout,,,,,,,,,,,,,,,,regular,,
Anthony Randolph,C.J. Watson,Corey Maggette,Monta Ellis,Stephen Curry,James Harden,Jeff Green,Kevin Durant,Russell Westbrook,Shaun Livingston,2,6:47,GSW,shot,,,,,,,,,,Anthony Randolph,,,,missed,,jump,21,23
Anthony Randolph,C.J. Watson,Corey Maggette,Monta Ellis,Stephen Curry,James Harden,Jeff Green,Kevin Durant,Russell Westbrook,Shaun Livingston,2,6:46,OKC,rebound,,,,,,,,,,Shaun Livingston,,,,,,def,,
Anthony Randolph,C.J. Watson,Corey Maggette,Monta Ellis,Stephen Curry,James Harden,Jeff Green,Kevin Durant,Russell Westbrook,Shaun Livingston,2,6:35,GSW,foul,,,,,,,,James Harden,,Anthony Randolph,,,,,,shooting,,
Anthony Randolph,C.J. Watson,Corey Maggette,Monta Ellis,Stephen Curry,James Harden,Jeff Green,Kevin Durant,Russell Westbrook,Shaun Livingston,2,6:35,OKC,free throw,,,,,,,1,,2,James Harden,,,foul,made,,,,
Anthony Randolph,C.J. Watson,Corey Maggette,Monta Ellis,Stephen Curry,James Harden,Jeff Green,Kevin Durant,Russell Westbrook,Thabo Sefolosha,2,6:35,OKC,sub,,,,Thabo Sefolosha,,Shaun Livingston,,,,,,,,,,,,
Anthony Randolph,C.J. Watson,Corey Maggette,Monta Ellis,Stephen Curry,James Harden,Jeff Green,Kevin Durant,Russell Westbrook,Thabo Sefolosha,2,6:35,OKC,free throw,,,,,,,2,,2,James Harden,,,foul,made,,,,
Anthony Randolph,C.J. Watson,Corey Maggette,Monta Ellis,Stephen Curry,James Harden,Jeff Green,Kevin Durant,Russell Westbrook,Thabo Sefolosha,2,6:22,GSW,shot,,,,,,,,,,Monta Ellis,,,,missed,,jump,9,10
Anthony Randolph,C.J. Watson,Corey Maggette,Monta Ellis,Stephen Curry,James Harden,Jeff Green,Kevin Durant,Russell Westbrook,Thabo Sefolosha,2,6:21,OKC,rebound,,,,,,,,,,James Harden,,,,,,def,,
Anthony Randolph,C.J. Watson,Corey Maggette,Monta Ellis,Stephen Curry,James Harden,Jeff Green,Kevin Durant,Russell Westbrook,Thabo Sefolosha,2,6:16,OKC,shot,James Harden,,,,,,,,,Russell Westbrook,2,,,made,,jump bank,37,9
Anthony Randolph,C.J. Watson,Corey Maggette,Monta Ellis,Stephen Curry,James Harden,Jeff Green,Kevin Durant,Russell Westbrook,Thabo Sefolosha,2,6:05,GSW,turnover,,,,,,,,,,Stephen Curry,,,out of bounds lost ball turnover,,,,,
Anthony Randolph,C.J. Watson,Corey Maggette,Monta Ellis,Stephen Curry,James Harden,Jeff Green,Kevin Durant,Russell Westbrook,Thabo Sefolosha,2,5:52,OKC,shot,Russell Westbrook,,,,,,,,,James Harden,3,,,made,,3pt,13,28
Anthony Randolph,C.J. Watson,Corey Maggette,Monta Ellis,Stephen Curry,James Harden,Jeff Green,Kevin Durant,Russell Westbrook,Thabo Sefolosha,2,5:32,GSW,shot,,,,,,,,,,Corey Maggette,,,,missed,,jump,11,8
Anthony Randolph,C.J. Watson,Corey Maggette,Monta Ellis,Stephen Curry,James Harden,Jeff Green,Kevin Durant,Russell Westbrook,Thabo Sefolosha,2,5:31,OKC,rebound,,,,,,,,,,Kevin Durant,,,,,,def,,
Anthony Randolph,C.J. Watson,Corey Maggette,Monta Ellis,Stephen Curry,James Harden,Jeff Green,Kevin Durant,Russell Westbrook,Thabo Sefolosha,2,5:21,OKC,shot,,,,,,,,,,Kevin Durant,,,,missed,,jump bank,17,10
Anthony Randolph,C.J. Watson,Corey Maggette,Monta Ellis,Stephen Curry,James Harden,Jeff Green,Kevin Durant,Russell Westbrook,Thabo Sefolosha,2,5:20,OKC,rebound,,,,,,,,,,Jeff Green,,,,,,off,,
Anthony Randolph,C.J. Watson,Corey Maggette,Monta Ellis,Stephen Curry,James Harden,Jeff Green,Kevin Durant,Russell Westbrook,Thabo Sefolosha,2,5:20,OKC,shot,,,,,,,,,,Jeff Green,2,,,made,,tip,25,6
Anthony Randolph,C.J. Watson,Corey Maggette,Monta Ellis,Stephen Curry,James Harden,Jeff Green,Kevin Durant,Russell Westbrook,Thabo Sefolosha,2,5:10,OKC,foul,,,,,,,,C.J. Watson,,James Harden,,,,,,personal,,
C.J. Watson,Corey Maggette,Monta Ellis,Stephen Curry,Vladimir Radmanovic,James Harden,Jeff Green,Kevin Durant,Russell Westbrook,Thabo Sefolosha,2,5:10,GSW,sub,,,,Vladimir Radmanovic,,Anthony Randolph,,,,,,,,,,,,
C.J. Watson,Corey Maggette,Monta Ellis,Stephen Curry,Vladimir Radmanovic,James Harden,Jeff Green,Kevin Durant,Russell Westbrook,Thabo Sefolosha,2,5:01,GSW,shot,,,,,,,,,,Stephen Curry,2,,,made,,driving layup,25,6
C.J. Watson,Corey Maggette,Monta Ellis,Stephen Curry,Vladimir Radmanovic,James Harden,Jeff Green,Kevin Durant,Russell Westbrook,Thabo Sefolosha,2,5:01,OKC,foul,,,,,,,,Stephen Curry,,Kevin Durant,,,,,,shooting,,
C.J. Watson,Corey Maggette,Monta Ellis,Stephen Curry,Vladimir Radmanovic,James Harden,Jeff Green,Kevin Durant,Russell Westbrook,Thabo Sefolosha,2,5:01,GSW,free throw,,,,,,,1,,1,Stephen Curry,,,foul,made,,,,
C.J. Watson,Corey Maggette,Monta Ellis,Stephen Curry,Vladimir Radmanovic,James Harden,Jeff Green,Kevin Durant,Russell Westbrook,Thabo Sefolosha,2,4:43,OKC,shot,,,,,,,,,,Russell Westbrook,,,,missed,,layup,25,6
C.J. Watson,Corey Maggette,Monta Ellis,Stephen Curry,Vladimir Radmanovic,James Harden,Jeff Green,Kevin Durant,Russell Westbrook,Thabo Sefolosha,2,4:41,OKC,rebound,,,,,,,,,,James Harden,,,,,,off,,
C.J. Watson,Corey Maggette,Monta Ellis,Stephen Curry,Vladimir Radmanovic,James Harden,Jeff Green,Kevin Durant,Russell Westbrook,Thabo Sefolosha,2,4:41,GSW,foul,,,,,,,,James Harden,,Vladimir Radmanovic,,,,,,shooting,,
C.J. Watson,Corey Maggette,Monta Ellis,Stephen Curry,Vladimir Radmanovic,James Harden,Jeff Green,Kevin Durant,Russell Westbrook,Thabo Sefolosha,2,4:41,OKC,free throw,,,,,,,1,,2,James Harden,,,foul,made,,,,
C.J. Watson,Corey Maggette,Monta Ellis,Stephen Curry,Vladimir Radmanovic,James Harden,Jeff Green,Kevin Durant,Russell Westbrook,Thabo Sefolosha,2,4:41,OKC,free throw,,,,,,,2,,2,James Harden,,,foul,made,,,,
C.J. Watson,Corey Maggette,Monta Ellis,Stephen Curry,Vladimir Radmanovic,James Harden,Jeff Green,Kevin Durant,Russell Westbrook,Thabo Sefolosha,2,4:24,GSW,shot,Vladimir Radmanovic,,,,,,,,,Stephen Curry,2,,,made,,layup,25,6
C.J. Watson,Corey Maggette,Monta Ellis,Stephen Curry,Vladimir Radmanovic,James Harden,Jeff Green,Kevin Durant,Russell Westbrook,Thabo Sefolosha,2,4:14,OKC,shot,,,,,,,,,,Kevin Durant,,,,missed,,3pt,39,26
C.J. Watson,Corey Maggette,Monta Ellis,Stephen Curry,Vladimir Radmanovic,James Harden,Jeff Green,Kevin Durant,Russell Westbrook,Thabo Sefolosha,2,4:13,GSW,rebound,,,,,,,,,,Corey Maggette,,,,,,def,,
C.J. Watson,Corey Maggette,Monta Ellis,Stephen Curry,Vladimir Radmanovic,James Harden,Jeff Green,Kevin Durant,Russell Westbrook,Thabo Sefolosha,2,4:04,GSW,shot,,,,,,,,,,Monta Ellis,2,,,made,,driving layup,25,6
C.J. Watson,Corey Maggette,Monta Ellis,Stephen Curry,Vladimir Radmanovic,James Harden,Jeff Green,Kevin Durant,Russell Westbrook,Thabo Sefolosha,2,3:40,GSW,foul,,,,,,,,James Harden,,Stephen Curry,,,,,,shooting,,
C.J. Watson,Corey Maggette,Monta Ellis,Stephen Curry,Vladimir Radmanovic,James Harden,Jeff Green,Kevin Durant,Russell Westbrook,Thabo Sefolosha,2,3:40,OKC,free throw,,,,,,,1,,2,James Harden,,,foul,made,,,,
C.J. Watson,Corey Maggette,Mikki Moore,Monta Ellis,Vladimir Radmanovic,James Harden,Jeff Green,Kevin Durant,Russell Westbrook,Thabo Sefolosha,2,3:40,GSW,sub,,,,Mikki Moore,,Stephen Curry,,,,,,,,,,,,
C.J. Watson,Corey Maggette,Mikki Moore,Monta Ellis,Vladimir Radmanovic,James Harden,Jeff Green,Kevin Durant,Russell Westbrook,Thabo Sefolosha,2,3:40,OKC,free throw,,,,,,,2,,2,James Harden,,,foul,made,,,,
C.J. Watson,Corey Maggette,Mikki Moore,Monta Ellis,Vladimir Radmanovic,James Harden,Jeff Green,Kevin Durant,Russell Westbrook,Thabo Sefolosha,2,3:26,GSW,turnover,,,,,,,,,,Monta Ellis,,,out of bounds lost ball turnover,,,,,
C.J. Watson,Corey Maggette,Mikki Moore,Monta Ellis,Vladimir Radmanovic,James Harden,Jeff Green,Kevin Durant,Russell Westbrook,Thabo Sefolosha,2,3:03,OKC,shot,,,,,,,,,,Thabo Sefolosha,,,,missed,,layup,25,6
C.J. Watson,Corey Maggette,Mikki Moore,Monta Ellis,Vladimir Radmanovic,James Harden,Jeff Green,Kevin Durant,Russell Westbrook,Thabo Sefolosha,2,3:02,OKC,rebound,,,,,,,,,,Jeff Green,,,,,,off,,
C.J. Watson,Corey Maggette,Mikki Moore,Monta Ellis,Vladimir Radmanovic,James Harden,Jeff Green,Kevin Durant,Russell Westbrook,Thabo Sefolosha,2,3:02,OKC,shot,,,,,,,,,,Jeff Green,,,,missed,,tip,25,6
C.J. Watson,Corey Maggette,Mikki Moore,Monta Ellis,Vladimir Radmanovic,James Harden,Jeff Green,Kevin Durant,Russell Westbrook,Thabo Sefolosha,2,3:00,OKC,rebound,,,,,,,,,,Russell Westbrook,,,,,,off,,
C.J. Watson,Corey Maggette,Mikki Moore,Monta Ellis,Vladimir Radmanovic,James Harden,Jeff Green,Kevin Durant,Russell Westbrook,Thabo Sefolosha,2,3:00,OKC,shot,,,,,,,,,,Russell Westbrook,,,,missed,,tip,25,6
C.J. Watson,Corey Maggette,Mikki Moore,Monta Ellis,Vladimir Radmanovic,James Harden,Jeff Green,Kevin Durant,Russell Westbrook,Thabo Sefolosha,2,3:00,GSW,rebound,,,,,,,,,,Vladimir Radmanovic,,,,,,def,,
C.J. Watson,Corey Maggette,Mikki Moore,Monta Ellis,Vladimir Radmanovic,James Harden,Jeff Green,Kevin Durant,Russell Westbrook,Thabo Sefolosha,2,2:42,GSW,shot,,,,,,,,,,Vladimir Radmanovic,,,,missed,,3pt,2,7
C.J. Watson,Corey Maggette,Mikki Moore,Monta Ellis,Vladimir Radmanovic,James Harden,Jeff Green,Kevin Durant,Russell Westbrook,Thabo Sefolosha,2,2:41,OKC,rebound,,,,,,,,,,James Harden,,,,,,def,,
C.J. Watson,Corey Maggette,Mikki Moore,Monta Ellis,Vladimir Radmanovic,James Harden,Jeff Green,Kevin Durant,Russell Westbrook,Thabo Sefolosha,2,2:36,OKC,shot,,,,,,,,,,Kevin Durant,,,,missed,,layup,25,6
C.J. Watson,Corey Maggette,Mikki Moore,Monta Ellis,Vladimir Radmanovic,James Harden,Jeff Green,Kevin Durant,Russell Westbrook,Thabo Sefolosha,2,2:35,OKC,rebound,,,,,,,,,,Jeff Green,,,,,,off,,
C.J. Watson,Corey Maggette,Mikki Moore,Monta Ellis,Vladimir Radmanovic,James Harden,Jeff Green,Kevin Durant,Russell Westbrook,Thabo Sefolosha,2,2:35,OKC,shot,,,,,,,,,,Jeff Green,2,,,made,,tip,25,6
C.J. Watson,Corey Maggette,Mikki Moore,Monta Ellis,Vladimir Radmanovic,James Harden,Jeff Green,Kevin Durant,Russell Westbrook,Thabo Sefolosha,2,2:19,OKC,foul,,,,,,,,Corey Maggette,,Thabo Sefolosha,,,,,,shooting,,
C.J. Watson,Corey Maggette,Mikki Moore,Monta Ellis,Vladimir Radmanovic,James Harden,Jeff Green,Kevin Durant,Russell Westbrook,Thabo Sefolosha,2,2:19,GSW,timeout,,,,,,,,,,,,,,,,official,,
C.J. Watson,Corey Maggette,Mikki Moore,Monta Ellis,Vladimir Radmanovic,James Harden,Jeff Green,Kevin Durant,Russell Westbrook,Thabo Sefolosha,2,2:19,GSW,free throw,,,,,,,1,,2,Corey Maggette,,,foul,made,,,,
C.J. Watson,Corey Maggette,Mikki Moore,Monta Ellis,Vladimir Radmanovic,James Harden,Jeff Green,Kevin Durant,Russell Westbrook,Thabo Sefolosha,2,2:19,GSW,free throw,,,,,,,2,,2,Corey Maggette,,,foul,made,,,,
C.J. Watson,Corey Maggette,Mikki Moore,Monta Ellis,Vladimir Radmanovic,James Harden,Jeff Green,Kevin Durant,Russell Westbrook,Thabo Sefolosha,2,2:07,OKC,shot,,,,,,,,,,Kevin Durant,,,,missed,,3pt,17,30
C.J. Watson,Corey Maggette,Mikki Moore,Monta Ellis,Vladimir Radmanovic,James Harden,Jeff Green,Kevin Durant,Russell Westbrook,Thabo Sefolosha,2,2:06,GSW,rebound,,,,,,,,,,Corey Maggette,,,,,,def,,
C.J. Watson,Corey Maggette,Mikki Moore,Monta Ellis,Vladimir Radmanovic,James Harden,Jeff Green,Kevin Durant,Russell Westbrook,Thabo Sefolosha,2,1:54,GSW,turnover,,,,,,,,,,Vladimir Radmanovic,,,bad pass,,,,,
C.J. Watson,Corey Maggette,Mikki Moore,Monta Ellis,Vladimir Radmanovic,James Harden,Jeff Green,Kevin Durant,Russell Westbrook,Thabo Sefolosha,2,1:36,OKC,shot,Jeff Green,,,,,,,,,Kevin Durant,2,,,made,,jump,22,21
C.J. Watson,Corey Maggette,Mikki Moore,Monta Ellis,Vladimir Radmanovic,James Harden,Jeff Green,Kevin Durant,Russell Westbrook,Thabo Sefolosha,2,1:25,GSW,shot,,,,,,,,,,Monta Ellis,2,,,made,,driving reverse layup,25,6
C.J. Watson,Corey Maggette,Mikki Moore,Monta Ellis,Vladimir Radmanovic,James Harden,Jeff Green,Kevin Durant,Russell Westbrook,Thabo Sefolosha,2,1:13,OKC,timeout,,,,,,,,,,,,,,,,short,,
C.J. Watson,Corey Maggette,Mikki Moore,Monta Ellis,Vladimir Radmanovic,James Harden,Jeff Green,Nenad Krstic,Russell Westbrook,Thabo Sefolosha,2,1:13,OKC,sub,,,,Nenad Krstic,,Kevin Durant,,,,,,,,,,,,
C.J. Watson,Corey Maggette,Mikki Moore,Monta Ellis,Vladimir Radmanovic,James Harden,Jeff Green,Nenad Krstic,Russell Westbrook,Thabo Sefolosha,2,1:08,GSW,foul,,,,,,,,Russell Westbrook,,Mikki Moore,,,,,,shooting,,
C.J. Watson,Corey Maggette,Mikki Moore,Monta Ellis,Vladimir Radmanovic,James Harden,Jeff Green,Nenad Krstic,Russell Westbrook,Thabo Sefolosha,2,1:08,OKC,free throw,,,,,,,1,,2,Russell Westbrook,,,foul,made,,,,
C.J. Watson,Corey Maggette,Mikki Moore,Monta Ellis,Vladimir Radmanovic,James Harden,Jeff Green,Nenad Krstic,Russell Westbrook,Thabo Sefolosha,2,1:08,OKC,free throw,,,,,,,2,,2,Russell Westbrook,,,foul,missed,,,,
C.J. Watson,Corey Maggette,Mikki Moore,Monta Ellis,Vladimir Radmanovic,James Harden,Jeff Green,Nenad Krstic,Russell Westbrook,Thabo Sefolosha,2,1:07,GSW,rebound,,,,,,,,,,Corey Maggette,,,,,,def,,
C.J. Watson,Corey Maggette,Mikki Moore,Monta Ellis,Vladimir Radmanovic,James Harden,Jeff Green,Nenad Krstic,Russell Westbrook,Thabo Sefolosha,2,0:53,GSW,shot,,,,,,,,,,Corey Maggette,2,,,made,,driving layup,25,6
C.J. Watson,Corey Maggette,Mikki Moore,Monta Ellis,Vladimir Radmanovic,James Harden,Jeff Green,Nenad Krstic,Russell Westbrook,Thabo Sefolosha,2,0:53,OKC,foul,,,,,,,,Corey Maggette,,Nenad Krstic,,,,,,shooting,,
C.J. Watson,Corey Maggette,Mikki Moore,Monta Ellis,Vladimir Radmanovic,James Harden,Jeff Green,Nenad Krstic,Russell Westbrook,Thabo Sefolosha,2,0:53,GSW,free throw,,,,,,,1,,1,Corey Maggette,,,foul,made,,,,
C.J. Watson,Corey Maggette,Mikki Moore,Monta Ellis,Vladimir Radmanovic,James Harden,Jeff Green,Nenad Krstic,Russell Westbrook,Thabo Sefolosha,2,0:40,OKC,shot,,,,,,,,,,James Harden,,,,missed,,3pt,46,17
C.J. Watson,Corey Maggette,Mikki Moore,Monta Ellis,Vladimir Radmanovic,James Harden,Jeff Green,Nenad Krstic,Russell Westbrook,Thabo Sefolosha,2,0:39,GSW,rebound,,,,,,,,,,Vladimir Radmanovic,,,,,,def,,
C.J. Watson,Corey Maggette,Mikki Moore,Monta Ellis,Vladimir Radmanovic,James Harden,Jeff Green,Nenad Krstic,Russell Westbrook,Thabo Sefolosha,2,0:32,GSW,shot,,,,,,,,,,Monta Ellis,,,,missed,,3pt,17,29
C.J. Watson,Corey Maggette,Mikki Moore,Monta Ellis,Vladimir Radmanovic,James Harden,Jeff Green,Nenad Krstic,Russell Westbrook,Thabo Sefolosha,2,0:31,OKC,rebound,,,,,,,,,,Russell Westbrook,,,,,,def,,
C.J. Watson,Corey Maggette,Mikki Moore,Monta Ellis,Vladimir Radmanovic,James Harden,Jeff Green,Nenad Krstic,Russell Westbrook,Thabo Sefolosha,2,0:10,OKC,shot,,,,,,,,,,Russell Westbrook,,,,missed,,jump,34,22
C.J. Watson,Corey Maggette,Mikki Moore,Monta Ellis,Vladimir Radmanovic,James Harden,Jeff Green,Nenad Krstic,Russell Westbrook,Thabo Sefolosha,2,0:09,GSW,rebound,,,,,,,,,,,,,,,,,,
C.J. Watson,Corey Maggette,Mikki Moore,Monta Ellis,Vladimir Radmanovic,James Harden,Jeff Green,Nenad Krstic,Russell Westbrook,Thabo Sefolosha,2,0:01,GSW,shot,,,,,,,,,,Monta Ellis,,,,missed,,jump,20,23
C.J. Watson,Corey Maggette,Mikki Moore,Monta Ellis,Vladimir Radmanovic,James Harden,Jeff Green,Nenad Krstic,Russell Westbrook,Thabo Sefolosha,2,0:00,GSW,rebound,,,,,,,,,,,,,,,,,,
C.J. Watson,Mikki Moore,Monta Ellis,Stephen Curry,Vladimir Radmanovic,Jeff Green,Kevin Durant,Nenad Krstic,Russell Westbrook,Thabo Sefolosha,3,11:45,OKC,turnover,,,,,,,,,,Kevin Durant,,,lost ball,,Monta Ellis,,,
C.J. Watson,Mikki Moore,Monta Ellis,Stephen Curry,Vladimir Radmanovic,Jeff Green,Kevin Durant,Nenad Krstic,Russell Westbrook,Thabo Sefolosha,3,11:41,OKC,foul,,,,,,,,Monta Ellis,,Nenad Krstic,,,,,,shooting,,
C.J. Watson,Mikki Moore,Monta Ellis,Stephen Curry,Vladimir Radmanovic,Jeff Green,Kevin Durant,Nenad Krstic,Russell Westbrook,Thabo Sefolosha,3,11:41,GSW,free throw,,,,,,,1,,2,Monta Ellis,,,foul,made,,,,
C.J. Watson,Mikki Moore,Monta Ellis,Stephen Curry,Vladimir Radmanovic,Jeff Green,Kevin Durant,Nenad Krstic,Russell Westbrook,Thabo Sefolosha,3,11:41,GSW,free throw,,,,,,,2,,2,Monta Ellis,,,foul,made,,,,
C.J. Watson,Mikki Moore,Monta Ellis,Stephen Curry,Vladimir Radmanovic,Jeff Green,Kevin Durant,Nenad Krstic,Russell Westbrook,Thabo Sefolosha,3,11:27,GSW,foul,,,,,,,,Kevin Durant,,Monta Ellis,,,,,,personal,,
C.J. Watson,Mikki Moore,Monta Ellis,Stephen Curry,Vladimir Radmanovic,Jeff Green,Kevin Durant,Nenad Krstic,Russell Westbrook,Thabo Sefolosha,3,11:17,OKC,shot,Kevin Durant,,,,,,,,,Nenad Krstic,2,,,made,,jump,11,7
C.J. Watson,Mikki Moore,Monta Ellis,Stephen Curry,Vladimir Radmanovic,Jeff Green,Kevin Durant,Nenad Krstic,Russell Westbrook,Thabo Sefolosha,3,11:06,GSW,shot,,,,,,,,,,Monta Ellis,,,,missed,,jump,39,16
C.J. Watson,Mikki Moore,Monta Ellis,Stephen Curry,Vladimir Radmanovic,Jeff Green,Kevin Durant,Nenad Krstic,Russell Westbrook,Thabo Sefolosha,3,11:05,OKC,rebound,,,,,,,,,,Kevin Durant,,,,,,def,,
C.J. Watson,Mikki Moore,Monta Ellis,Stephen Curry,Vladimir Radmanovic,Jeff Green,Kevin Durant,Nenad Krstic,Russell Westbrook,Thabo Sefolosha,3,10:56,OKC,shot,Kevin Durant,,,,,,,,,Russell Westbrook,3,,,made,,3pt,10,25
C.J. Watson,Mikki Moore,Monta Ellis,Stephen Curry,Vladimir Radmanovic,Jeff Green,Kevin Durant,Nenad Krstic,Russell Westbrook,Thabo Sefolosha,3,10:45,GSW,turnover,,,,,,,,,,C.J. Watson,,,lost ball,,Kevin Durant,,,
C.J. Watson,Mikki Moore,Monta Ellis,Stephen Curry,Vladimir Radmanovic,Jeff Green,Kevin Durant,Nenad Krstic,Russell Westbrook,Thabo Sefolosha,3,10:40,OKC,shot,Kevin Durant,,,,,,,,,Russell Westbrook,2,,,made,,layup,25,6
C.J. Watson,Mikki Moore,Monta Ellis,Stephen Curry,Vladimir Radmanovic,Jeff Green,Kevin Durant,Nenad Krstic,Russell Westbrook,Thabo Sefolosha,3,10:39,GSW,timeout,,,,,,,,,,,,,,,,regular,,
C.J. Watson,Mikki Moore,Monta Ellis,Stephen Curry,Vladimir Radmanovic,Jeff Green,Kevin Durant,Nenad Krstic,Russell Westbrook,Thabo Sefolosha,3,10:24,GSW,shot,,,,,,,,,,Vladimir Radmanovic,,,,missed,,jump,45,6
C.J. Watson,Mikki Moore,Monta Ellis,Stephen Curry,Vladimir Radmanovic,Jeff Green,Kevin Durant,Nenad Krstic,Russell Westbrook,Thabo Sefolosha,3,10:23,OKC,rebound,,,,,,,,,,Russell Westbrook,,,,,,def,,
C.J. Watson,Mikki Moore,Monta Ellis,Stephen Curry,Vladimir Radmanovic,Jeff Green,Kevin Durant,Nenad Krstic,Russell Westbrook,Thabo Sefolosha,3,10:12,OKC,shot,Jeff Green,,,,,,,,,Kevin Durant,3,,,made,,3pt,18,29
C.J. Watson,Mikki Moore,Monta Ellis,Stephen Curry,Vladimir Radmanovic,Jeff Green,Kevin Durant,Nenad Krstic,Russell Westbrook,Thabo Sefolosha,3,9:59,GSW,shot,Mikki Moore,,,,,,,,,Stephen Curry,3,,,made,,3pt,13,27
C.J. Watson,Mikki Moore,Monta Ellis,Stephen Curry,Vladimir Radmanovic,Jeff Green,Kevin Durant,Nenad Krstic,Russell Westbrook,Thabo Sefolosha,3,9:49,GSW,foul,,,,,,,,Nenad Krstic,,Stephen Curry,,,,,,shooting,,
C.J. Watson,Mikki Moore,Monta Ellis,Stephen Curry,Vladimir Radmanovic,Jeff Green,Kevin Durant,Nenad Krstic,Russell Westbrook,Thabo Sefolosha,3,9:49,OKC,free throw,,,,,,,1,,2,Nenad Krstic,,,foul,made,,,,
C.J. Watson,Corey Maggette,Mikki Moore,Monta Ellis,Vladimir Radmanovic,Jeff Green,Kevin Durant,Nenad Krstic,Russell Westbrook,Thabo Sefolosha,3,9:49,GSW,sub,,,,Corey Maggette,,Stephen Curry,,,,,,,,,,,,
C.J. Watson,Corey Maggette,Mikki Moore,Monta Ellis,Vladimir Radmanovic,Jeff Green,Kevin Durant,Nenad Krstic,Russell Westbrook,Thabo Sefolosha,3,9:49,OKC,free throw,,,,,,,2,,2,Nenad Krstic,,,foul,made,,,,
C.J. Watson,Corey Maggette,Mikki Moore,Monta Ellis,Vladimir Radmanovic,Jeff Green,Kevin Durant,Nenad Krstic,Russell Westbrook,Thabo Sefolosha,3,9:31,GSW,shot,,,,,,,,,,Monta Ellis,,,,missed,,3pt,11,26
C.J. Watson,Corey Maggette,Mikki Moore,Monta Ellis,Vladimir Radmanovic,Jeff Green,Kevin Durant,Nenad Krstic,Russell Westbrook,Thabo Sefolosha,3,9:30,OKC,rebound,,,,,,,,,,Jeff Green,,,,,,def,,
C.J. Watson,Corey Maggette,Mikki Moore,Monta Ellis,Vladimir Radmanovic,Jeff Green,Kevin Durant,Nenad Krstic,Russell Westbrook,Thabo Sefolosha,3,9:25,OKC,foul,,,,,,,,Vladimir Radmanovic,,Russell Westbrook,,,,,,offensive,,
C.J. Watson,Corey Maggette,Mikki Moore,Monta Ellis,Vladimir Radmanovic,Jeff Green,Kevin Durant,Nenad Krstic,Russell Westbrook,Thabo Sefolosha,3,9:25,OKC,turnover,,,,,,,,,,Russell Westbrook,,,foul,,,,,
C.J. Watson,Corey Maggette,Mikki Moore,Monta Ellis,Vladimir Radmanovic,Jeff Green,Kevin Durant,Nenad Krstic,Russell Westbrook,Thabo Sefolosha,3,9:06,GSW,turnover,,,,,,,,,,Monta Ellis,,,traveling,,,,,
C.J. Watson,Corey Maggette,Mikki Moore,Monta Ellis,Vladimir Radmanovic,Jeff Green,Kevin Durant,Nenad Krstic,Russell Westbrook,Thabo Sefolosha,3,8:51,OKC,turnover,,,,,,,,,,Kevin Durant,,,out of bounds lost ball turnover,,,,,
C.J. Watson,Corey Maggette,Mikki Moore,Monta Ellis,Vladimir Radmanovic,Jeff Green,Kevin Durant,Nenad Krstic,Russell Westbrook,Thabo Sefolosha,3,8:43,GSW,shot,,,,,,,,,,Monta Ellis,2,,,made,,driving layup,25,6
C.J. Watson,Corey Maggette,Mikki Moore,Monta Ellis,Vladimir Radmanovic,Jeff Green,Kevin Durant,Nenad Krstic,Russell Westbrook,Thabo Sefolosha,3,8:43,OKC,timeout,,,,,,,,,,,,,,,,regular,,
C.J. Watson,Corey Maggette,Mikki Moore,Monta Ellis,Vladimir Radmanovic,Jeff Green,Kevin Durant,Nenad Krstic,Russell Westbrook,Thabo Sefolosha,3,8:33,OKC,foul,,,,,,,,Mikki Moore,,Jeff Green,,,,,,offensive,,
C.J. Watson,Corey Maggette,Mikki Moore,Monta Ellis,Vladimir Radmanovic,Jeff Green,Kevin Durant,Nenad Krstic,Russell Westbrook,Thabo Sefolosha,3,8:33,OKC,turnover,,,,,,,,,,Jeff Green,,,foul,,,,,
C.J. Watson,Corey Maggette,Mikki Moore,Monta Ellis,Vladimir Radmanovic,Jeff Green,Kevin Durant,Nenad Krstic,Russell Westbrook,Thabo Sefolosha,3,8:21,GSW,shot,,,,,,,,,,C.J. Watson,,,,missed,,jump,40,19
C.J. Watson,Corey Maggette,Mikki Moore,Monta Ellis,Vladimir Radmanovic,Jeff Green,Kevin Durant,Nenad Krstic,Russell Westbrook,Thabo Sefolosha,3,8:20,OKC,rebound,,,,,,,,,,Russell Westbrook,,,,,,def,,
C.J. Watson,Corey Maggette,Mikki Moore,Monta Ellis,Vladimir Radmanovic,Jeff Green,Kevin Durant,Nenad Krstic,Russell Westbrook,Thabo Sefolosha,3,8:09,OKC,shot,,,Mikki Moore,,,,,,,Jeff Green,,,,missed,,layup,25,6
C.J. Watson,Corey Maggette,Mikki Moore,Monta Ellis,Vladimir Radmanovic,Jeff Green,Kevin Durant,Nenad Krstic,Russell Westbrook,Thabo Sefolosha,3,8:07,GSW,rebound,,,,,,,,,,C.J. Watson,,,,,,def,,
C.J. Watson,Corey Maggette,Mikki Moore,Monta Ellis,Vladimir Radmanovic,Jeff Green,Kevin Durant,Nenad Krstic,Russell Westbrook,Thabo Sefolosha,3,7:52,GSW,shot,,,,,,,,,,Vladimir Radmanovic,,,,missed,,3pt,2,7
C.J. Watson,Corey Maggette,Mikki Moore,Monta Ellis,Vladimir Radmanovic,Jeff Green,Kevin Durant,Nenad Krstic,Russell Westbrook,Thabo Sefolosha,3,7:52,OKC,rebound,,,,,,,,,,Thabo Sefolosha,,,,,,def,,
C.J. Watson,Corey Maggette,Mikki Moore,Monta Ellis,Vladimir Radmanovic,Jeff Green,Kevin Durant,Nenad Krstic,Russell Westbrook,Thabo Sefolosha,3,7:40,GSW,foul,,,,,,,,Kevin Durant,,Monta Ellis,,,,,,personal,,
C.J. Watson,Corey Maggette,Mikki Moore,Monta Ellis,Vladimir Radmanovic,Jeff Green,Kevin Durant,Nenad Krstic,Russell Westbrook,Thabo Sefolosha,3,7:34,OKC,shot,,,,,,,,,,Russell Westbrook,,,,missed,,jump,15,15
C.J. Watson,Corey Maggette,Mikki Moore,Monta Ellis,Vladimir Radmanovic,Jeff Green,Kevin Durant,Nenad Krstic,Russell Westbrook,Thabo Sefolosha,3,7:32,GSW,rebound,,,,,,,,,,Vladimir Radmanovic,,,,,,def,,
C.J. Watson,Corey Maggette,Mikki Moore,Monta Ellis,Vladimir Radmanovic,Jeff Green,Kevin Durant,Nenad Krstic,Russell Westbrook,Thabo Sefolosha,3,7:25,GSW,shot,,,,,,,,,,Monta Ellis,,,,missed,,jump,13,21
C.J. Watson,Corey Maggette,Mikki Moore,Monta Ellis,Vladimir Radmanovic,Jeff Green,Kevin Durant,Nenad Krstic,Russell Westbrook,Thabo Sefolosha,3,7:24,GSW,rebound,,,,,,,,,,Vladimir Radmanovic,,,,,,off,,
C.J. Watson,Corey Maggette,Mikki Moore,Monta Ellis,Vladimir Radmanovic,Jeff Green,Kevin Durant,Nenad Krstic,Russell Westbrook,Thabo Sefolosha,3,7:20,OKC,foul,,,,,,,,Vladimir Radmanovic,,Thabo Sefolosha,,,,,,shooting,,
C.J. Watson,Corey Maggette,Mikki Moore,Monta Ellis,Vladimir Radmanovic,Jeff Green,Kevin Durant,Nenad Krstic,Russell Westbrook,Thabo Sefolosha,3,7:20,GSW,free throw,,,,,,,1,,2,Vladimir Radmanovic,,,foul,made,,,,
C.J. Watson,Corey Maggette,Mikki Moore,Monta Ellis,Vladimir Radmanovic,Jeff Green,Kevin Durant,Nenad Krstic,Russell Westbrook,Thabo Sefolosha,3,7:20,GSW,free throw,,,,,,,2,,2,Vladimir Radmanovic,,,foul,made,,,,
C.J. Watson,Corey Maggette,Mikki Moore,Monta Ellis,Vladimir Radmanovic,Jeff Green,Kevin Durant,Nenad Krstic,Russell Westbrook,Thabo Sefolosha,3,7:09,OKC,turnover,,,,,,,,,,Russell Westbrook,,,step out of bounds turnover,,,,,
C.J. Watson,Corey Maggette,Mikki Moore,Monta Ellis,Vladimir Radmanovic,Jeff Green,Kevin Durant,Nenad Krstic,Russell Westbrook,Thabo Sefolosha,3,6:46,GSW,shot,,,,,,,,,,Vladimir Radmanovic,2,,,made,,jump,20,22
C.J. Watson,Corey Maggette,Mikki Moore,Monta Ellis,Vladimir Radmanovic,Jeff Green,Kevin Durant,Nenad Krstic,Russell Westbrook,Thabo Sefolosha,3,6:24,OKC,shot,,,,,,,,,,Russell Westbrook,,,,missed,,jump,19,25
C.J. Watson,Corey Maggette,Mikki Moore,Monta Ellis,Vladimir Radmanovic,Jeff Green,Kevin Durant,Nenad Krstic,Russell Westbrook,Thabo Sefolosha,3,6:22,GSW,rebound,,,,,,,,,,Monta Ellis,,,,,,def,,
C.J. Watson,Corey Maggette,Mikki Moore,Monta Ellis,Vladimir Radmanovic,Jeff Green,Kevin Durant,Nenad Krstic,Russell Westbrook,Thabo Sefolosha,3,6:04,GSW,shot,,,,,,,,,,C.J. Watson,,,,missed,,jump,36,15
C.J. Watson,Corey Maggette,Mikki Moore,Monta Ellis,Vladimir Radmanovic,Jeff Green,Kevin Durant,Nenad Krstic,Russell Westbrook,Thabo Sefolosha,3,6:02,OKC,rebound,,,,,,,,,,Kevin Durant,,,,,,def,,
C.J. Watson,Corey Maggette,Mikki Moore,Monta Ellis,Vladimir Radmanovic,Jeff Green,Kevin Durant,Nenad Krstic,Russell Westbrook,Thabo Sefolosha,3,5:50,OKC,shot,,,,,,,,,,Kevin Durant,,,,missed,,3pt,38,28
C.J. Watson,Corey Maggette,Mikki Moore,Monta Ellis,Vladimir Radmanovic,Jeff Green,Kevin Durant,Nenad Krstic,Russell Westbrook,Thabo Sefolosha,3,5:49,OKC,rebound,,,,,,,,,,Nenad Krstic,,,,,,off,,
C.J. Watson,Corey Maggette,Mikki Moore,Monta Ellis,Vladimir Radmanovic,Jeff Green,Kevin Durant,Nenad Krstic,Russell Westbrook,Thabo Sefolosha,3,5:31,OKC,shot,,,,,,,,,,Jeff Green,,,,missed,,layup,25,6
C.J. Watson,Corey Maggette,Mikki Moore,Monta Ellis,Vladimir Radmanovic,Jeff Green,Kevin Durant,Nenad Krstic,Russell Westbrook,Thabo Sefolosha,3,5:30,GSW,rebound,,,,,,,,,,Vladimir Radmanovic,,,,,,def,,
C.J. Watson,Corey Maggette,Mikki Moore,Monta Ellis,Vladimir Radmanovic,Jeff Green,Kevin Durant,Nenad Krstic,Russell Westbrook,Thabo Sefolosha,3,5:21,GSW,shot,,,,,,,,,,C.J. Watson,2,,,made,,floating jump,19,12
C.J. Watson,Corey Maggette,Mikki Moore,Monta Ellis,Vladimir Radmanovic,Jeff Green,Kevin Durant,Nick Collison,Russell Westbrook,Thabo Sefolosha,3,4:59,OKC,sub,,,,Nick Collison,,Nenad Krstic,,,,,,,,,,,,
C.J. Watson,Corey Maggette,Mikki Moore,Monta Ellis,Vladimir Radmanovic,Jeff Green,Kevin Durant,Nick Collison,Russell Westbrook,Thabo Sefolosha,3,4:57,OKC,shot,,,,,,,,,,Kevin Durant,,,,missed,,jump,46,6
C.J. Watson,Corey Maggette,Mikki Moore,Monta Ellis,Vladimir Radmanovic,Jeff Green,Kevin Durant,Nick Collison,Russell Westbrook,Thabo Sefolosha,3,4:56,OKC,rebound,,,,,,,,,,,,,,,,,,
C.J. Watson,Corey Maggette,Mikki Moore,Monta Ellis,Vladimir Radmanovic,Jeff Green,Kevin Durant,Nick Collison,Russell Westbrook,Thabo Sefolosha,3,4:56,GSW,foul,,,,,,,,Nick Collison,,Corey Maggette,,,,,,loose ball,,
C.J. Watson,Corey Maggette,Mikki Moore,Monta Ellis,Vladimir Radmanovic,Jeff Green,Kevin Durant,Nick Collison,Russell Westbrook,Thabo Sefolosha,3,4:47,GSW,foul,,,,,,,,,,Corey Maggette,,,,,,defense 3 second,,
Anthony Randolph,C.J. Watson,Corey Maggette,Monta Ellis,Vladimir Radmanovic,Jeff Green,Kevin Durant,Nick Collison,Russell Westbrook,Thabo Sefolosha,3,4:47,GSW,sub,,,,Anthony Randolph,,Mikki Moore,,,,,,,,,,,,
Anthony Randolph,C.J. Watson,Corey Maggette,Monta Ellis,Vladimir Radmanovic,Jeff Green,Kevin Durant,Nick Collison,Russell Westbrook,Thabo Sefolosha,3,4:47,OKC,free throw,,,,,,,1,,1,Kevin Durant,,,technical,made,,,,
Anthony Randolph,C.J. Watson,Corey Maggette,Monta Ellis,Vladimir Radmanovic,Jeff Green,Kevin Durant,Nick Collison,Russell Westbrook,Thabo Sefolosha,3,4:31,OKC,turnover,,,,,,,,,,,,,shot clock turnover,,,,,
Anthony Randolph,C.J. Watson,Corey Maggette,Monta Ellis,Vladimir Radmanovic,Jeff Green,Kevin Durant,Nick Collison,Russell Westbrook,Thabo Sefolosha,3,4:13,GSW,shot,,,,,,,,,,Vladimir Radmanovic,,,,missed,,layup,25,6
Anthony Randolph,C.J. Watson,Corey Maggette,Monta Ellis,Vladimir Radmanovic,Jeff Green,Kevin Durant,Nick Collison,Russell Westbrook,Thabo Sefolosha,3,4:12,OKC,rebound,,,,,,,,,,Russell Westbrook,,,,,,def,,
Anthony Randolph,C.J. Watson,Corey Maggette,Monta Ellis,Vladimir Radmanovic,Jeff Green,Kevin Durant,Nick Collison,Russell Westbrook,Thabo Sefolosha,3,4:07,GSW,foul,,,,,,,,Russell Westbrook,,Corey Maggette,,,,,,personal,,
Anthony Randolph,C.J. Watson,Corey Maggette,Monta Ellis,Vladimir Radmanovic,Jeff Green,Kevin Durant,Nick Collison,Russell Westbrook,Thabo Sefolosha,3,4:07,GSW,foul,,,,,,,,Russell Westbrook,,Corey Maggette,,,,,,technical,,
Anthony Randolph,C.J. Watson,Corey Maggette,Monta Ellis,Vladimir Radmanovic,Jeff Green,Kevin Durant,Nick Collison,Russell Westbrook,Thabo Sefolosha,3,4:07,GSW,foul,,,,,,,,Russell Westbrook,,Corey Maggette,,,,,,technical,,
Anthony Randolph,C.J. Watson,Corey Maggette,Monta Ellis,Vladimir Radmanovic,Jeff Green,Kevin Durant,Nick Collison,Russell Westbrook,Thabo Sefolosha,3,4:07,OKC,free throw,,,,,,,1,,1,Kevin Durant,,,technical,made,,,,
Anthony Randolph,C.J. Watson,Corey Maggette,Monta Ellis,Vladimir Radmanovic,Jeff Green,Kevin Durant,Nick Collison,Russell Westbrook,Thabo Sefolosha,3,4:07,OKC,free throw,,,,,,,1,,1,Kevin Durant,,,technical,made,,,,
Anthony Randolph,C.J. Watson,Corey Maggette,Monta Ellis,Vladimir Radmanovic,James Harden,Jeff Green,Kevin Durant,Nick Collison,Russell Westbrook,3,4:07,OKC,sub,,,,James Harden,,Thabo Sefolosha,,,,,,,,,,,,
Anthony Randolph,C.J. Watson,Chris Hunter,Monta Ellis,Vladimir Radmanovic,James Harden,Jeff Green,Kevin Durant,Nick Collison,Russell Westbrook,3,4:07,GSW,sub,,,,Chris Hunter,,Corey Maggette,,,,,,,,,,,,
Anthony Randolph,C.J. Watson,Chris Hunter,Monta Ellis,Vladimir Radmanovic,James Harden,Jeff Green,Kevin Durant,Nick Collison,Russell Westbrook,3,4:07,OKC,free throw,,,,,,,1,,2,Russell Westbrook,,,foul,made,,,,
Anthony Randolph,C.J. Watson,Chris Hunter,Monta Ellis,Vladimir Radmanovic,James Harden,Jeff Green,Kevin Durant,Nick Collison,Russell Westbrook,3,4:07,OKC,free throw,,,,,,,2,,2,Russell Westbrook,,,foul,made,,,,
Anthony Randolph,C.J. Watson,Chris Hunter,Monta Ellis,Vladimir Radmanovic,James Harden,Jeff Green,Kevin Durant,Nick Collison,Russell Westbrook,3,3:57,GSW,turnover,,,,,,,,,,Monta Ellis,,,bad pass,,Nick Collison,,,
Anthony Randolph,C.J. Watson,Chris Hunter,Monta Ellis,Vladimir Radmanovic,James Harden,Jeff Green,Kevin Durant,Nick Collison,Russell Westbrook,3,3:52,OKC,shot,Nick Collison,,,,,,,,,Kevin Durant,2,,,made,,layup,25,6
Anthony Randolph,C.J. Watson,Chris Hunter,Monta Ellis,Vladimir Radmanovic,James Harden,Jeff Green,Kevin Durant,Nick Collison,Russell Westbrook,3,3:27,OKC,foul,,,,,,,,Monta Ellis,,Nick Collison,,,,,,shooting,,
Anthony Randolph,C.J. Watson,Chris Hunter,Monta Ellis,Vladimir Radmanovic,James Harden,Jeff Green,Kevin Durant,Nick Collison,Russell Westbrook,3,3:27,GSW,free throw,,,,,,,1,,2,Monta Ellis,,,foul,made,,,,
Anthony Randolph,C.J. Watson,Chris Hunter,Monta Ellis,Vladimir Radmanovic,James Harden,Jeff Green,Kevin Durant,Nick Collison,Russell Westbrook,3,3:27,GSW,free throw,,,,,,,2,,2,Monta Ellis,,,foul,missed,,,,
Anthony Randolph,C.J. Watson,Chris Hunter,Monta Ellis,Vladimir Radmanovic,James Harden,Jeff Green,Kevin Durant,Nick Collison,Russell Westbrook,3,3:26,OKC,rebound,,,,,,,,,,Nick Collison,,,,,,def,,
Anthony Randolph,C.J. Watson,Chris Hunter,Monta Ellis,Vladimir Radmanovic,James Harden,Jeff Green,Kevin Durant,Nick Collison,Russell Westbrook,3,3:15,OKC,shot,James Harden,,,,,,,,,Nick Collison,2,,,made,,layup,25,6
Anthony Randolph,C.J. Watson,Chris Hunter,Monta Ellis,Vladimir Radmanovic,James Harden,Jeff Green,Kevin Durant,Nick Collison,Russell Westbrook,3,2:59,GSW,shot,,,,,,,,,,Anthony Randolph,2,,,made,,floating jump,16,8
Anthony Randolph,C.J. Watson,Chris Hunter,Monta Ellis,Vladimir Radmanovic,James Harden,Jeff Green,Kevin Durant,Nick Collison,Russell Westbrook,3,2:49,OKC,shot,,,Anthony Randolph,,,,,,,Jeff Green,,,,missed,,layup,25,6
Anthony Randolph,C.J. Watson,Chris Hunter,Monta Ellis,Vladimir Radmanovic,James Harden,Jeff Green,Kevin Durant,Nick Collison,Russell Westbrook,3,2:48,OKC,rebound,,,,,,,,,,Russell Westbrook,,,,,,off,,
Anthony Randolph,C.J. Watson,Chris Hunter,Monta Ellis,Vladimir Radmanovic,James Harden,Jeff Green,Kevin Durant,Nick Collison,Russell Westbrook,3,2:47,OKC,shot,,,,,,,,,,Russell Westbrook,,,,missed,,layup,25,6
Anthony Randolph,C.J. Watson,Chris Hunter,Monta Ellis,Vladimir Radmanovic,James Harden,Jeff Green,Kevin Durant,Nick Collison,Russell Westbrook,3,2:46,GSW,rebound,,,,,,,,,,Chris Hunter,,,,,,def,,
Anthony Randolph,C.J. Watson,Chris Hunter,Monta Ellis,Vladimir Radmanovic,James Harden,Jeff Green,Kevin Durant,Nick Collison,Russell Westbrook,3,2:34,GSW,shot,,,,,,,,,,Monta Ellis,,,,missed,,jump,40,16
Anthony Randolph,C.J. Watson,Chris Hunter,Monta Ellis,Vladimir Radmanovic,James Harden,Jeff Green,Kevin Durant,Nick Collison,Russell Westbrook,3,2:33,OKC,rebound,,,,,,,,,,Kevin Durant,,,,,,def,,
Anthony Randolph,C.J. Watson,Chris Hunter,Monta Ellis,Vladimir Radmanovic,James Harden,Jeff Green,Kevin Durant,Nick Collison,Russell Westbrook,3,2:18,OKC,shot,Russell Westbrook,,,,,,,,,Kevin Durant,3,,,made,,3pt,17,30
Anthony Randolph,C.J. Watson,Chris Hunter,Monta Ellis,Vladimir Radmanovic,James Harden,Jeff Green,Kevin Durant,Nick Collison,Shaun Livingston,3,2:00,OKC,sub,,,,Shaun Livingston,,Russell Westbrook,,,,,,,,,,,,
Anthony Randolph,C.J. Watson,Chris Hunter,Monta Ellis,Vladimir Radmanovic,James Harden,Jeff Green,Kevin Durant,Nick Collison,Shaun Livingston,3,1:55,GSW,foul,,,,,,,,Nick Collison,,Vladimir Radmanovic,,,,,,offensive,,
Anthony Randolph,C.J. Watson,Chris Hunter,Monta Ellis,Vladimir Radmanovic,James Harden,Jeff Green,Kevin Durant,Nick Collison,Shaun Livingston,3,1:55,GSW,turnover,,,,,,,,,,Vladimir Radmanovic,,,foul,,,,,
Anthony Randolph,C.J. Watson,Chris Hunter,Monta Ellis,Stephen Curry,James Harden,Jeff Green,Kevin Durant,Nick Collison,Shaun Livingston,3,1:55,GSW,sub,,,,Stephen Curry,,Vladimir Radmanovic,,,,,,,,,,,,
Anthony Randolph,C.J. Watson,Chris Hunter,Monta Ellis,Stephen Curry,James Harden,Jeff Green,Kevin Durant,Nick Collison,Shaun Livingston,3,1:42,OKC,shot,,,,,,,,,,James Harden,,,,missed,,jump,39,16
Anthony Randolph,C.J. Watson,Chris Hunter,Monta Ellis,Stephen Curry,James Harden,Jeff Green,Kevin Durant,Nick Collison,Shaun Livingston,3,1:41,GSW,rebound,,,,,,,,,,Anthony Randolph,,,,,,def,,
Anthony Randolph,C.J. Watson,Chris Hunter,Monta Ellis,Stephen Curry,James Harden,Jeff Green,Kevin Durant,Nick Collison,Shaun Livingston,3,1:32,GSW,shot,,,,,,,,,,Monta Ellis,,,,missed,,driving layup,25,6
Anthony Randolph,C.J. Watson,Chris Hunter,Monta Ellis,Stephen Curry,James Harden,Jeff Green,Kevin Durant,Nick Collison,Shaun Livingston,3,1:31,OKC,rebound,,,,,,,,,,Nick Collison,,,,,,def,,
Anthony Randolph,C.J. Watson,Chris Hunter,Monta Ellis,Stephen Curry,James Harden,Jeff Green,Kevin Durant,Nick Collison,Shaun Livingston,3,1:24,GSW,foul,,,,,,,,James Harden,,Chris Hunter,,,,,,shooting,,
Anthony Randolph,C.J. Watson,Chris Hunter,Monta Ellis,Stephen Curry,James Harden,Jeff Green,Kevin Durant,Nick Collison,Shaun Livingston,3,1:24,OKC,free throw,,,,,,,1,,2,James Harden,,,foul,made,,,,
Anthony Randolph,C.J. Watson,Chris Hunter,Monta Ellis,Stephen Curry,James Harden,Kevin Durant,Nick Collison,Shaun Livingston,Thabo Sefolosha,3,1:24,OKC,sub,,,,Thabo Sefolosha,,Jeff Green,,,,,,,,,,,,
Anthony Randolph,C.J. Watson,Chris Hunter,Monta Ellis,Stephen Curry,James Harden,Kevin Durant,Nick Collison,Shaun Livingston,Thabo Sefolosha,3,1:24,OKC,free throw,,,,,,,2,,2,James Harden,,,foul,missed,,,,
Anthony Randolph,C.J. Watson,Chris Hunter,Monta Ellis,Stephen Curry,James Harden,Kevin Durant,Nick Collison,Shaun Livingston,Thabo Sefolosha,3,1:23,GSW,rebound,,,,,,,,,,Anthony Randolph,,,,,,def,,
Anthony Randolph,C.J. Watson,Chris Hunter,Monta Ellis,Stephen Curry,James Harden,Kevin Durant,Nick Collison,Shaun Livingston,Thabo Sefolosha,3,1:10,OKC,foul,,,,,,,,Monta Ellis,,Nick Collison,,,,,,shooting,,
Anthony Randolph,C.J. Watson,Chris Hunter,Monta Ellis,Stephen Curry,James Harden,Kevin Durant,Nick Collison,Shaun Livingston,Thabo Sefolosha,3,1:10,GSW,free throw,,,,,,,1,,2,Monta Ellis,,,foul,made,,,,
Anthony Randolph,C.J. Watson,Chris Hunter,Monta Ellis,Stephen Curry,James Harden,Kevin Durant,Nick Collison,Shaun Livingston,Thabo Sefolosha,3,1:10,GSW,free throw,,,,,,,2,,2,Monta Ellis,,,foul,made,,,,
Anthony Randolph,C.J. Watson,Chris Hunter,Monta Ellis,Stephen Curry,James Harden,Kevin Durant,Nick Collison,Shaun Livingston,Thabo Sefolosha,3,0:47,OKC,shot,,,,,,,,,,James Harden,2,,,made,,jump,25,26
Anthony Randolph,C.J. Watson,Chris Hunter,Monta Ellis,Stephen Curry,James Harden,Kevin Durant,Nick Collison,Shaun Livingston,Thabo Sefolosha,3,0:33,GSW,shot,,,,,,,,,,Stephen Curry,,,,missed,,jump,17,28
Anthony Randolph,C.J. Watson,Chris Hunter,Monta Ellis,Stephen Curry,James Harden,Kevin Durant,Nick Collison,Shaun Livingston,Thabo Sefolosha,3,0:33,OKC,rebound,,,,,,,,,,Kevin Durant,,,,,,def,,
Anthony Randolph,C.J. Watson,Chris Hunter,Monta Ellis,Stephen Curry,James Harden,Kevin Durant,Nick Collison,Shaun Livingston,Thabo Sefolosha,3,0:15,GSW,foul,,,,,,,,Kevin Durant,,Monta Ellis,,,,,,shooting,,
Anthony Randolph,C.J. Watson,Chris Hunter,Monta Ellis,Stephen Curry,James Harden,Kevin Durant,Nick Collison,Shaun Livingston,Thabo Sefolosha,3,0:15,OKC,free throw,,,,,,,1,,2,Kevin Durant,,,foul,made,,,,
Anthony Randolph,C.J. Watson,Chris Hunter,Monta Ellis,Stephen Curry,James Harden,Kevin Durant,Nick Collison,Shaun Livingston,Thabo Sefolosha,3,0:15,OKC,free throw,,,,,,,2,,2,Kevin Durant,,,foul,made,,,,
Anthony Randolph,C.J. Watson,Chris Hunter,Monta Ellis,Stephen Curry,James Harden,Kevin Durant,Nick Collison,Shaun Livingston,Thabo Sefolosha,3,0:01,GSW,foul,,,,,,,,Shaun Livingston,,Monta Ellis,,,,,,offensive,,
Anthony Randolph,C.J. Watson,Chris Hunter,Monta Ellis,Stephen Curry,James Harden,Kevin Durant,Nick Collison,Shaun Livingston,Thabo Sefolosha,3,0:01,GSW,turnover,,,,,,,,,,Monta Ellis,,,foul,,,,,
Anthony Randolph,C.J. Watson,Chris Hunter,Monta Ellis,Stephen Curry,James Harden,Kevin Durant,Nick Collison,Shaun Livingston,Thabo Sefolosha,4,11:44,GSW,shot,,,,,,,,,,C.J. Watson,,,,missed,,3pt,2,8
Anthony Randolph,C.J. Watson,Chris Hunter,Monta Ellis,Stephen Curry,James Harden,Kevin Durant,Nick Collison,Shaun Livingston,Thabo Sefolosha,4,11:43,OKC,rebound,,,,,,,,,,Thabo Sefolosha,,,,,,def,,
Anthony Randolph,C.J. Watson,Chris Hunter,Monta Ellis,Stephen Curry,James Harden,Kevin Durant,Nick Collison,Shaun Livingston,Thabo Sefolosha,4,11:25,OKC,shot,,,,,,,,,,Kevin Durant,,,,missed,,3pt,47,7
Anthony Randolph,C.J. Watson,Chris Hunter,Monta Ellis,Stephen Curry,James Harden,Kevin Durant,Nick Collison,Shaun Livingston,Thabo Sefolosha,4,11:24,GSW,rebound,,,,,,,,,,Anthony Randolph,,,,,,def,,
Anthony Randolph,C.J. Watson,Chris Hunter,Monta Ellis,Stephen Curry,James Harden,Kevin Durant,Nick Collison,Shaun Livingston,Thabo Sefolosha,4,11:13,GSW,shot,,,Kevin Durant,,,,,,,Chris Hunter,,,,missed,,layup,25,6
Anthony Randolph,C.J. Watson,Chris Hunter,Monta Ellis,Stephen Curry,James Harden,Kevin Durant,Nick Collison,Shaun Livingston,Thabo Sefolosha,4,11:12,OKC,rebound,,,,,,,,,,Shaun Livingston,,,,,,def,,
Anthony Randolph,C.J. Watson,Chris Hunter,Monta Ellis,Stephen Curry,James Harden,Kevin Durant,Nick Collison,Shaun Livingston,Thabo Sefolosha,4,11:07,OKC,shot,,,,,,,,,,Shaun Livingston,,,,missed,,jump,38,15
Anthony Randolph,C.J. Watson,Chris Hunter,Monta Ellis,Stephen Curry,James Harden,Kevin Durant,Nick Collison,Shaun Livingston,Thabo Sefolosha,4,11:04,GSW,rebound,,,,,,,,,,Chris Hunter,,,,,,def,,
Anthony Randolph,C.J. Watson,Chris Hunter,Monta Ellis,Stephen Curry,James Harden,Kevin Durant,Nick Collison,Shaun Livingston,Thabo Sefolosha,4,10:55,GSW,shot,C.J. Watson,,,,,,,,,Stephen Curry,2,,,made,,jump,16,26
Anthony Randolph,C.J. Watson,Chris Hunter,Monta Ellis,Stephen Curry,James Harden,Kevin Durant,Nick Collison,Shaun Livingston,Thabo Sefolosha,4,10:34,OKC,shot,,,,,,,,,,James Harden,,,,missed,,3pt,33,30
Anthony Randolph,C.J. Watson,Chris Hunter,Monta Ellis,Stephen Curry,James Harden,Kevin Durant,Nick Collison,Shaun Livingston,Thabo Sefolosha,4,10:33,GSW,rebound,,,,,,,,,,Anthony Randolph,,,,,,def,,
Anthony Randolph,C.J. Watson,Chris Hunter,Monta Ellis,Stephen Curry,James Harden,Kevin Durant,Nick Collison,Shaun Livingston,Thabo Sefolosha,4,10:13,GSW,shot,,,,,,,,,,Anthony Randolph,,,,missed,,jump,39,21
Anthony Randolph,C.J. Watson,Chris Hunter,Monta Ellis,Stephen Curry,James Harden,Kevin Durant,Nick Collison,Shaun Livingston,Thabo Sefolosha,4,10:12,OKC,rebound,,,,,,,,,,Shaun Livingston,,,,,,def,,
Anthony Randolph,C.J. Watson,Chris Hunter,Monta Ellis,Stephen Curry,James Harden,Kevin Durant,Nick Collison,Shaun Livingston,Thabo Sefolosha,4,10:05,GSW,foul,,,,,,,,Kevin Durant,,Stephen Curry,,,,,,shooting,,
Anthony Randolph,C.J. Watson,Chris Hunter,Monta Ellis,Stephen Curry,James Harden,Kevin Durant,Nick Collison,Shaun Livingston,Thabo Sefolosha,4,10:05,OKC,free throw,,,,,,,1,,2,Kevin Durant,,,foul,made,,,,
Anthony Randolph,C.J. Watson,Chris Hunter,Monta Ellis,Stephen Curry,James Harden,Kevin Durant,Nick Collison,Shaun Livingston,Thabo Sefolosha,4,10:05,OKC,free throw,,,,,,,2,,2,Kevin Durant,,,foul,made,,,,
Anthony Randolph,C.J. Watson,Chris Hunter,Monta Ellis,Stephen Curry,James Harden,Kevin Durant,Nick Collison,Shaun Livingston,Thabo Sefolosha,4,9:51,GSW,foul,,,,,,,,Nick Collison,,Anthony Randolph,,,,,,offensive,,
Anthony Randolph,C.J. Watson,Chris Hunter,Monta Ellis,Stephen Curry,James Harden,Kevin Durant,Nick Collison,Shaun Livingston,Thabo Sefolosha,4,9:51,GSW,turnover,,,,,,,,,,Anthony Randolph,,,foul,,,,,
Anthony Randolph,C.J. Watson,Chris Hunter,Monta Ellis,Stephen Curry,James Harden,Kevin Durant,Nick Collison,Shaun Livingston,Thabo Sefolosha,4,9:39,OKC,shot,,,,,,,,,,James Harden,2,,,made,,driving layup,25,6
Anthony Randolph,C.J. Watson,Chris Hunter,Monta Ellis,Stephen Curry,James Harden,Kevin Durant,Nick Collison,Shaun Livingston,Thabo Sefolosha,4,9:21,GSW,shot,,,,,,,,,,Monta Ellis,,,,missed,,jump,15,12
Anthony Randolph,C.J. Watson,Chris Hunter,Monta Ellis,Stephen Curry,James Harden,Kevin Durant,Nick Collison,Shaun Livingston,Thabo Sefolosha,4,9:21,OKC,rebound,,,,,,,,,,James Harden,,,,,,def,,
Anthony Randolph,C.J. Watson,Chris Hunter,Monta Ellis,Stephen Curry,James Harden,Kevin Durant,Nick Collison,Shaun Livingston,Thabo Sefolosha,4,9:10,OKC,shot,,,,,,,,,,Kevin Durant,,,,missed,,fade away jumper,39,16
Anthony Randolph,C.J. Watson,Chris Hunter,Monta Ellis,Stephen Curry,James Harden,Kevin Durant,Nick Collison,Shaun Livingston,Thabo Sefolosha,4,9:09,GSW,rebound,,,,,,,,,,Chris Hunter,,,,,,def,,
Anthony Randolph,C.J. Watson,Chris Hunter,Monta Ellis,Stephen Curry,James Harden,Kevin Durant,Nick Collison,Shaun Livingston,Thabo Sefolosha,4,9:02,GSW,shot,,,,,,,,,,Stephen Curry,,,,missed,,jump,37,16
Anthony Randolph,C.J. Watson,Chris Hunter,Monta Ellis,Stephen Curry,James Harden,Kevin Durant,Nick Collison,Shaun Livingston,Thabo Sefolosha,4,9:02,OKC,rebound,,,,,,,,,,James Harden,,,,,,def,,
Anthony Randolph,C.J. Watson,Chris Hunter,Monta Ellis,Stephen Curry,James Harden,Kevin Durant,Nick Collison,Shaun Livingston,Thabo Sefolosha,4,8:41,OKC,turnover,,,,,,,,,,Nick Collison,,,bad pass,,C.J. Watson,,,
Anthony Randolph,C.J. Watson,Chris Hunter,Monta Ellis,Stephen Curry,James Harden,Kevin Durant,Nick Collison,Shaun Livingston,Thabo Sefolosha,4,8:37,GSW,shot,C.J. Watson,,,,,,,,,Stephen Curry,2,,,made,,reverse layup,25,6
Anthony Randolph,C.J. Watson,Chris Hunter,Monta Ellis,Stephen Curry,James Harden,Kevin Durant,Nick Collison,Shaun Livingston,Thabo Sefolosha,4,8:37,OKC,foul,,,,,,,,Stephen Curry,,Kevin Durant,,,,,,shooting,,
Anthony Randolph,C.J. Watson,Chris Hunter,Monta Ellis,Stephen Curry,James Harden,Kevin Durant,Nick Collison,Shaun Livingston,Thabo Sefolosha,4,8:37,GSW,timeout,,,,,,,,,,,,,,,,official,,
Anthony Randolph,C.J. Watson,Chris Hunter,Monta Ellis,Stephen Curry,James Harden,Kevin Durant,Nick Collison,Russell Westbrook,Shaun Livingston,4,8:37,OKC,sub,,,,Russell Westbrook,,Thabo Sefolosha,,,,,,,,,,,,
Anthony Randolph,C.J. Watson,Monta Ellis,Stephen Curry,Vladimir Radmanovic,James Harden,Kevin Durant,Nick Collison,Russell Westbrook,Shaun Livingston,4,8:37,GSW,sub,,,,Vladimir Radmanovic,,Chris Hunter,,,,,,,,,,,,
Anthony Randolph,C.J. Watson,Monta Ellis,Stephen Curry,Vladimir Radmanovic,James Harden,Kevin Durant,Nick Collison,Russell Westbrook,Shaun Livingston,4,8:37,GSW,free throw,,,,,,,1,,1,Stephen Curry,,,foul,made,,,,
Anthony Randolph,C.J. Watson,Monta Ellis,Stephen Curry,Vladimir Radmanovic,James Harden,Kevin Durant,Nick Collison,Russell Westbrook,Shaun Livingston,4,8:25,OKC,shot,James Harden,,,,,,,,,Nick Collison,2,,,made,,finger roll layup,25,6
Anthony Randolph,C.J. Watson,Monta Ellis,Stephen Curry,Vladimir Radmanovic,James Harden,Kevin Durant,Nick Collison,Russell Westbrook,Shaun Livingston,4,8:06,GSW,shot,,,,,,,,,,Vladimir Radmanovic,,,,missed,,jump,45,16
Anthony Randolph,C.J. Watson,Monta Ellis,Stephen Curry,Vladimir Radmanovic,James Harden,Kevin Durant,Nick Collison,Russell Westbrook,Shaun Livingston,4,8:05,OKC,rebound,,,,,,,,,,James Harden,,,,,,def,,
Anthony Randolph,C.J. Watson,Monta Ellis,Stephen Curry,Vladimir Radmanovic,James Harden,Kevin Durant,Nick Collison,Russell Westbrook,Shaun Livingston,4,7:53,OKC,shot,,,,,,,,,,James Harden,,,,missed,,driving layup,25,6
Anthony Randolph,C.J. Watson,Monta Ellis,Stephen Curry,Vladimir Radmanovic,James Harden,Kevin Durant,Nick Collison,Russell Westbrook,Shaun Livingston,4,7:52,GSW,rebound,,,,,,,,,,Anthony Randolph,,,,,,def,,
Anthony Randolph,C.J. Watson,Monta Ellis,Stephen Curry,Vladimir Radmanovic,James Harden,Kevin Durant,Nick Collison,Russell Westbrook,Shaun Livingston,4,7:44,GSW,shot,,,,,,,,,,Anthony Randolph,2,,,made,,jump,32,21
Anthony Randolph,C.J. Watson,Monta Ellis,Stephen Curry,Vladimir Radmanovic,James Harden,Kevin Durant,Nick Collison,Russell Westbrook,Shaun Livingston,4,7:22,OKC,shot,,,,,,,,,,Kevin Durant,,,,missed,,jump,25,23
Anthony Randolph,C.J. Watson,Monta Ellis,Stephen Curry,Vladimir Radmanovic,James Harden,Kevin Durant,Nick Collison,Russell Westbrook,Shaun Livingston,4,7:21,GSW,rebound,,,,,,,,,,Stephen Curry,,,,,,def,,
Anthony Randolph,C.J. Watson,Monta Ellis,Stephen Curry,Vladimir Radmanovic,James Harden,Kevin Durant,Nick Collison,Russell Westbrook,Shaun Livingston,4,7:17,GSW,turnover,,,,,,,,,,Stephen Curry,,,bad pass,,Kevin Durant,,,
Anthony Randolph,C.J. Watson,Monta Ellis,Stephen Curry,Vladimir Radmanovic,James Harden,Kevin Durant,Nick Collison,Russell Westbrook,Shaun Livingston,4,7:12,OKC,shot,,,,,,,,,,Kevin Durant,2,,,made,,dunk,25,6
Anthony Randolph,C.J. Watson,Monta Ellis,Stephen Curry,Vladimir Radmanovic,James Harden,Kevin Durant,Nick Collison,Russell Westbrook,Shaun Livingston,4,6:43,GSW,shot,,,,,,,,,,Monta Ellis,2,,,made,,jump,10,18
Anthony Randolph,C.J. Watson,Monta Ellis,Stephen Curry,Vladimir Radmanovic,James Harden,Kevin Durant,Nick Collison,Russell Westbrook,Shaun Livingston,4,6:25,GSW,foul,,,,,,,,James Harden,,C.J. Watson,,,,,,shooting,,
Anthony Randolph,C.J. Watson,Monta Ellis,Stephen Curry,Vladimir Radmanovic,James Harden,Kevin Durant,Nick Collison,Russell Westbrook,Shaun Livingston,4,6:25,OKC,free throw,,,,,,,1,,2,James Harden,,,foul,made,,,,
Anthony Randolph,C.J. Watson,Monta Ellis,Stephen Curry,Vladimir Radmanovic,James Harden,Jeff Green,Kevin Durant,Nick Collison,Russell Westbrook,4,6:25,OKC,sub,,,,Jeff Green,,Shaun Livingston,,,,,,,,,,,,
Anthony Randolph,C.J. Watson,Monta Ellis,Stephen Curry,Vladimir Radmanovic,James Harden,Jeff Green,Kevin Durant,Nick Collison,Russell Westbrook,4,6:25,OKC,free throw,,,,,,,2,,2,James Harden,,,foul,made,,,,
Anthony Randolph,C.J. Watson,Monta Ellis,Stephen Curry,Vladimir Radmanovic,James Harden,Jeff Green,Kevin Durant,Nick Collison,Russell Westbrook,4,6:15,GSW,turnover,,,,,,,,,,Monta Ellis,,,traveling,,,,,
Anthony Randolph,C.J. Watson,Monta Ellis,Stephen Curry,Vladimir Radmanovic,James Harden,Jeff Green,Kevin Durant,Nick Collison,Russell Westbrook,4,6:15,GSW,foul,,,,,,,,,,Monta Ellis,,,,,,technical,,
Anthony Randolph,C.J. Watson,Monta Ellis,Stephen Curry,Vladimir Radmanovic,James Harden,Jeff Green,Kevin Durant,Nick Collison,Russell Westbrook,4,6:15,OKC,free throw,,,,,,,1,,1,Kevin Durant,,,technical,made,,,,
Anthony Randolph,C.J. Watson,Monta Ellis,Stephen Curry,Vladimir Radmanovic,James Harden,Jeff Green,Kevin Durant,Nick Collison,Russell Westbrook,4,6:03,OKC,shot,,,,,,,,,,Kevin Durant,,,,missed,,jump,14,23
Anthony Randolph,C.J. Watson,Monta Ellis,Stephen Curry,Vladimir Radmanovic,James Harden,Jeff Green,Kevin Durant,Nick Collison,Russell Westbrook,4,6:01,GSW,rebound,,,,,,,,,,Anthony Randolph,,,,,,def,,
Anthony Randolph,C.J. Watson,Monta Ellis,Stephen Curry,Vladimir Radmanovic,James Harden,Jeff Green,Kevin Durant,Nick Collison,Russell Westbrook,4,5:52,GSW,shot,,,,,,,,,,Anthony Randolph,,,,missed,,jump,44,6
Anthony Randolph,C.J. Watson,Monta Ellis,Stephen Curry,Vladimir Radmanovic,James Harden,Jeff Green,Kevin Durant,Nick Collison,Russell Westbrook,4,5:51,OKC,rebound,,,,,,,,,,Kevin Durant,,,,,,def,,
Anthony Randolph,C.J. Watson,Monta Ellis,Stephen Curry,Vladimir Radmanovic,James Harden,Jeff Green,Kevin Durant,Nick Collison,Russell Westbrook,4,5:45,GSW,foul,,,,,,,,Kevin Durant,,Anthony Randolph,,,,,,personal,,
Anthony Randolph,C.J. Watson,Monta Ellis,Stephen Curry,Vladimir Radmanovic,James Harden,Jeff Green,Kevin Durant,Nick Collison,Russell Westbrook,4,5:45,OKC,timeout,,,,,,,,,,,,,,,,regular,,
Anthony Randolph,C.J. Watson,Devean George,Monta Ellis,Stephen Curry,James Harden,Jeff Green,Kevin Durant,Nick Collison,Russell Westbrook,4,5:45,GSW,sub,,,,Devean George,,Vladimir Radmanovic,,,,,,,,,,,,
Anthony Randolph,C.J. Watson,Devean George,Monta Ellis,Stephen Curry,James Harden,Jeff Green,Kevin Durant,Nick Collison,Russell Westbrook,4,5:33,OKC,shot,Kevin Durant,,,,,,,,,Nick Collison,2,,,made,,layup,25,6
Anthony Randolph,C.J. Watson,Devean George,Monta Ellis,Stephen Curry,James Harden,Jeff Green,Kevin Durant,Nick Collison,Russell Westbrook,4,5:10,GSW,shot,,,,,,,,,,Monta Ellis,2,,,made,,jump,23,19
Anthony Randolph,C.J. Watson,Devean George,Monta Ellis,Stephen Curry,James Harden,Jeff Green,Kevin Durant,Nick Collison,Russell Westbrook,4,4:55,OKC,shot,,,Monta Ellis,,,,,,,Kevin Durant,,,,missed,,layup,25,6
Anthony Randolph,C.J. Watson,Devean George,Monta Ellis,Stephen Curry,James Harden,Jeff Green,Kevin Durant,Nick Collison,Russell Westbrook,4,4:55,OKC,rebound,,,,,,,,,,,,,,,,,,
Anthony Randolph,C.J. Watson,Devean George,Monta Ellis,Stephen Curry,James Harden,Jeff Green,Kevin Durant,Nick Collison,Russell Westbrook,4,4:52,OKC,shot,,,,,,,,,,Kevin Durant,,,,missed,,jump,11,6
Anthony Randolph,C.J. Watson,Devean George,Monta Ellis,Stephen Curry,James Harden,Jeff Green,Kevin Durant,Nick Collison,Russell Westbrook,4,4:51,GSW,rebound,,,,,,,,,,Devean George,,,,,,def,,
Anthony Randolph,C.J. Watson,Devean George,Monta Ellis,Stephen Curry,James Harden,Jeff Green,Kevin Durant,Nick Collison,Russell Westbrook,4,4:43,GSW,turnover,,,,,,,,,,Monta Ellis,,,double dribble,,,,,
Anthony Randolph,C.J. Watson,Devean George,Monta Ellis,Stephen Curry,James Harden,Jeff Green,Kevin Durant,Nick Collison,Russell Westbrook,4,4:34,OKC,shot,,,,,,,,,,Jeff Green,,,,missed,,3pt,48,8
Anthony Randolph,C.J. Watson,Devean George,Monta Ellis,Stephen Curry,James Harden,Jeff Green,Kevin Durant,Nick Collison,Russell Westbrook,4,4:33,GSW,rebound,,,,,,,,,,Devean George,,,,,,def,,
Anthony Randolph,C.J. Watson,Devean George,Monta Ellis,Stephen Curry,James Harden,Jeff Green,Kevin Durant,Nick Collison,Russell Westbrook,4,4:12,GSW,shot,,,,,,,,,,Monta Ellis,,,,missed,,jump,9,22
Anthony Randolph,C.J. Watson,Devean George,Monta Ellis,Stephen Curry,James Harden,Jeff Green,Kevin Durant,Nick Collison,Russell Westbrook,4,4:11,OKC,rebound,,,,,,,,,,Nick Collison,,,,,,def,,
Anthony Randolph,C.J. Watson,Devean George,Monta Ellis,Stephen Curry,James Harden,Jeff Green,Kevin Durant,Nick Collison,Russell Westbrook,4,4:08,OKC,shot,Nick Collison,,,,,,,,,James Harden,2,,,made,,slam dunk,25,6
Anthony Randolph,C.J. Watson,Devean George,Monta Ellis,Stephen Curry,James Harden,Jeff Green,Kevin Durant,Nick Collison,Russell Westbrook,4,3:55,GSW,shot,Devean George,,,,,,,,,Stephen Curry,3,,,made,,3pt,12,26
Anthony Randolph,C.J. Watson,Devean George,Monta Ellis,Stephen Curry,James Harden,Jeff Green,Kevin Durant,Nick Collison,Russell Westbrook,4,3:40,OKC,foul,,,,,,,,Stephen Curry,,Nick Collison,,,,,,offensive,,
Anthony Randolph,C.J. Watson,Devean George,Monta Ellis,Stephen Curry,James Harden,Jeff Green,Kevin Durant,Nick Collison,Russell Westbrook,4,3:40,OKC,turnover,,,,,,,,,,Nick Collison,,,foul,,,,,
Anthony Randolph,C.J. Watson,Devean George,Monta Ellis,Stephen Curry,James Harden,Jeff Green,Kevin Durant,Nick Collison,Russell Westbrook,4,3:31,GSW,shot,,,,,,,,,,Stephen Curry,,,,missed,,3pt,12,27
Anthony Randolph,C.J. Watson,Devean George,Monta Ellis,Stephen Curry,James Harden,Jeff Green,Kevin Durant,Nick Collison,Russell Westbrook,4,3:30,OKC,rebound,,,,,,,,,,Jeff Green,,,,,,def,,
Anthony Randolph,C.J. Watson,Devean George,Monta Ellis,Stephen Curry,James Harden,Jeff Green,Kevin Durant,Nick Collison,Russell Westbrook,4,3:13,OKC,shot,Russell Westbrook,,,,,,,,,Kevin Durant,2,,,made,,jump,40,15
Anthony Randolph,C.J. Watson,Devean George,Monta Ellis,Stephen Curry,James Harden,Jeff Green,Kevin Durant,Nick Collison,Russell Westbrook,4,3:05,GSW,timeout,,,,,,,,,,,,,,,,regular,,
Anthony Randolph,C.J. Watson,Devean George,Monta Ellis,Stephen Curry,James Harden,Jeff Green,Kevin Durant,Nick Collison,Russell Westbrook,4,2:58,GSW,turnover,,,,,,,,,,Stephen Curry,,,bad pass,,James Harden,,,
Anthony Randolph,C.J. Watson,Devean George,Monta Ellis,Stephen Curry,James Harden,Jeff Green,Kevin Durant,Nick Collison,Russell Westbrook,4,2:42,OKC,shot,,,,,,,,,,Kevin Durant,2,,,made,,layup,25,6
Anthony Randolph,C.J. Watson,Devean George,Monta Ellis,Stephen Curry,James Harden,Jeff Green,Kevin Durant,Nick Collison,Russell Westbrook,4,2:28,GSW,shot,,,,,,,,,,Monta Ellis,2,,,made,,driving layup,25,6
Anthony Randolph,C.J. Watson,Devean George,Monta Ellis,Stephen Curry,James Harden,Jeff Green,Kevin Durant,Nick Collison,Russell Westbrook,4,2:09,OKC,shot,James Harden,,,,,,,,,Jeff Green,2,,,made,,dunk,25,6
Anthony Randolph,C.J. Watson,Devean George,Monta Ellis,Stephen Curry,James Harden,Jeff Green,Kevin Durant,Nick Collison,Russell Westbrook,4,1:54,GSW,shot,,,,,,,,,,Anthony Randolph,,,,missed,,running jump,30,12
Anthony Randolph,C.J. Watson,Devean George,Monta Ellis,Stephen Curry,James Harden,Jeff Green,Kevin Durant,Nick Collison,Russell Westbrook,4,1:53,OKC,rebound,,,,,,,,,,Kevin Durant,,,,,,def,,
Anthony Randolph,C.J. Watson,Devean George,Monta Ellis,Stephen Curry,James Harden,Jeff Green,Kevin Durant,Nick Collison,Russell Westbrook,4,1:35,OKC,shot,,,,,,,,,,James Harden,,,,missed,,layup,25,6
Anthony Randolph,C.J. Watson,Devean George,Monta Ellis,Stephen Curry,James Harden,Jeff Green,Kevin Durant,Nick Collison,Russell Westbrook,4,1:34,OKC,rebound,,,,,,,,,,James Harden,,,,,,off,,
Anthony Randolph,C.J. Watson,Devean George,Monta Ellis,Stephen Curry,James Harden,Jeff Green,Kevin Durant,Nick Collison,Russell Westbrook,4,1:34,OKC,shot,,,,,,,,,,James Harden,2,,,made,,putback layup,25,6
Anthony Randolph,C.J. Watson,Devean George,Monta Ellis,Stephen Curry,James Harden,Jeff Green,Kevin Durant,Nick Collison,Russell Westbrook,4,1:18,OKC,violation,,,,,,,,,,Kevin Durant,,,,,,defensive goaltending,,
Anthony Randolph,C.J. Watson,Devean George,Monta Ellis,Stephen Curry,James Harden,Jeff Green,Kevin Durant,Nick Collison,Russell Westbrook,4,1:18,GSW,shot,,,,,,,,,,C.J. Watson,3,,,made,,3pt,2,9
Anthony Randolph,C.J. Watson,Devean George,Monta Ellis,Stephen Curry,James Harden,Jeff Green,Kevin Durant,Nick Collison,Russell Westbrook,4,0:56,OKC,shot,,,,,,,,,,Russell Westbrook,,,,missed,,3pt,38,27
Anthony Randolph,C.J. Watson,Devean George,Monta Ellis,Stephen Curry,James Harden,Jeff Green,Kevin Durant,Nick Collison,Russell Westbrook,4,0:54,GSW,rebound,,,,,,,,,,Anthony Randolph,,,,,,def,,
Anthony Randolph,C.J. Watson,Devean George,Monta Ellis,Stephen Curry,James Harden,Jeff Green,Kevin Durant,Nick Collison,Russell Westbrook,4,0:48,GSW,shot,Anthony Randolph,,,,,,,,,Stephen Curry,2,,,made,,layup,25,6
Anthony Randolph,C.J. Watson,Devean George,Monta Ellis,Stephen Curry,James Harden,Jeff Green,Kevin Durant,Nick Collison,Russell Westbrook,4,0:31,OKC,shot,,,,,,,,,,Russell Westbrook,,,,missed,,finger roll layup,25,6
Anthony Randolph,C.J. Watson,Devean George,Monta Ellis,Stephen Curry,James Harden,Jeff Green,Kevin Durant,Nick Collison,Russell Westbrook,4,0:29,OKC,rebound,,,,,,,,,,Jeff Green,,,,,,off,,
Anthony Randolph,C.J. Watson,Devean George,Monta Ellis,Stephen Curry,James Harden,Jeff Green,Kevin Durant,Nick Collison,Russell Westbrook,4,0:29,OKC,shot,,,,,,,,,,Jeff Green,2,,,made,,layup,25,6
Anthony Randolph,C.J. Watson,Devean George,Monta Ellis,Stephen Curry,James Harden,Jeff Green,Kevin Durant,Nick Collison,Russell Westbrook,4,0:20,GSW,shot,,,,,,,,,,Devean George,,,,missed,,3pt,45,21
Anthony Randolph,C.J. Watson,Devean George,Monta Ellis,Stephen Curry,James Harden,Jeff Green,Kevin Durant,Nick Collison,Russell Westbrook,4,0:19,OKC,rebound,,,,,,,,,,James Harden,,,,,,def,,
