a1,a2,a3,a4,a5,h1,h2,h3,h4,h5,period,time,team,etype,assist,away,block,entered,home,left,num,opponent,outof,player,points,possession,reason,result,steal,type,x,y
Dwight Howard,Jason Williams,Mickael Pietrus,Rashard Lewis,Vince Carter,Brandon Jennings,Carlos Delfino,Charlie Bell,Dan Gadzuric,Ersan Ilyasova,1,12:00,OFF,jump ball,,Dwight Howard,,,Dan Gadzuric,,,,,,,Jason Williams,,,,,,
Dwight Howard,Jason Williams,Mickael Pietrus,Rashard Lewis,Vince Carter,Brandon Jennings,Carlos Delfino,Charlie Bell,Dan Gadzuric,Ersan Ilyasova,1,11:40,ORL,turnover,,,,,,,,,,Mickael Pietrus,,,traveling,,,,,
Dwight Howard,Jason Williams,Mickael Pietrus,Rashard Lewis,Vince Carter,Brandon Jennings,Carlos Delfino,Charlie Bell,Dan Gadzuric,Ersan Ilyasova,1,11:19,MIL,shot,,,,,,,,,,Dan Gadzuric,,,,missed,,jump,14,15
Dwight Howard,Jason Williams,Mickael Pietrus,Rashard Lewis,Vince Carter,Brandon Jennings,Carlos Delfino,Charlie Bell,Dan Gadzuric,Ersan Ilyasova,1,11:18,ORL,rebound,,,,,,,,,,Dwight Howard,,,,,,def,,
Dwight Howard,Jason Williams,Mickael Pietrus,Rashard Lewis,Vince Carter,Brandon Jennings,Carlos Delfino,Charlie Bell,Dan Gadzuric,Ersan Ilyasova,1,11:08,MIL,foul,,,,,,,,Vince Carter,,Dan Gadzuric,,,,,,shooting,,
Dwight Howard,Jason Williams,Mickael Pietrus,Rashard Lewis,Vince Carter,Brandon Jennings,Carlos Delfino,Charlie Bell,Dan Gadzuric,Ersan Ilyasova,1,11:08,ORL,free throw,,,,,,,1,,2,Vince Carter,,,foul,made,,,,
Dwight Howard,Jason Williams,Mickael Pietrus,Rashard Lewis,Vince Carter,Brandon Jennings,Carlos Delfino,Charlie Bell,Dan Gadzuric,Ersan Ilyasova,1,11:08,ORL,free throw,,,,,,,2,,2,Vince Carter,,,foul,made,,,,
Dwight Howard,Jason Williams,Mickael Pietrus,Rashard Lewis,Vince Carter,Brandon Jennings,Carlos Delfino,Charlie Bell,Dan Gadzuric,Ersan Ilyasova,1,10:57,MIL,shot,,,,,,,,,,Carlos Delfino,,,,missed,,layup,25,6
Dwight Howard,Jason Williams,Mickael Pietrus,Rashard Lewis,Vince Carter,Brandon Jennings,Carlos Delfino,Charlie Bell,Dan Gadzuric,Ersan Ilyasova,1,10:55,ORL,rebound,,,,,,,,,,Dwight Howard,,,,,,def,,
Dwight Howard,Jason Williams,Mickael Pietrus,Rashard Lewis,Vince Carter,Brandon Jennings,Carlos Delfino,Charlie Bell,Dan Gadzuric,Ersan Ilyasova,1,10:55,ORL,shot,,,,,,,,,,Vince Carter,,,,missed,,3pt,4,19
Dwight Howard,Jason Williams,Mickael Pietrus,Rashard Lewis,Vince Carter,Brandon Jennings,Carlos Delfino,Charlie Bell,Dan Gadzuric,Ersan Ilyasova,1,10:46,MIL,rebound,,,,,,,,,,Brandon Jennings,,,,,,def,,
Dwight Howard,Jason Williams,Mickael Pietrus,Rashard Lewis,Vince Carter,Brandon Jennings,Carlos Delfino,Charlie Bell,Dan Gadzuric,Ersan Ilyasova,1,10:37,MIL,shot,,,,,,,,,,Brandon Jennings,,,,missed,,running layup,21,8
Dwight Howard,Jason Williams,Mickael Pietrus,Rashard Lewis,Vince Carter,Brandon Jennings,Carlos Delfino,Charlie Bell,Dan Gadzuric,Ersan Ilyasova,1,10:35,ORL,rebound,,,,,,,,,,Vince Carter,,,,,,def,,
Dwight Howard,Jason Williams,Mickael Pietrus,Rashard Lewis,Vince Carter,Brandon Jennings,Carlos Delfino,Charlie Bell,Dan Gadzuric,Ersan Ilyasova,1,10:32,MIL,foul,,,,,,,,Jason Williams,,Dan Gadzuric,,,,,,shooting,,
Dwight Howard,Jason Williams,Mickael Pietrus,Rashard Lewis,Vince Carter,Brandon Jennings,Carlos Delfino,Charlie Bell,Dan Gadzuric,Ersan Ilyasova,1,10:32,ORL,free throw,,,,,,,1,,2,Jason Williams,,,foul,made,,,,
Dwight Howard,Jason Williams,Mickael Pietrus,Rashard Lewis,Vince Carter,Brandon Jennings,Carlos Delfino,Charlie Bell,Ersan Ilyasova,Kurt Thomas,1,10:32,MIL,sub,,,,Kurt Thomas,,Dan Gadzuric,,,,,,,,,,,,
Dwight Howard,Jason Williams,Mickael Pietrus,Rashard Lewis,Vince Carter,Brandon Jennings,Carlos Delfino,Charlie Bell,Ersan Ilyasova,Kurt Thomas,1,10:32,ORL,free throw,,,,,,,2,,2,Jason Williams,,,foul,missed,,,,
Dwight Howard,Jason Williams,Mickael Pietrus,Rashard Lewis,Vince Carter,Brandon Jennings,Carlos Delfino,Charlie Bell,Ersan Ilyasova,Kurt Thomas,1,10:32,MIL,rebound,,,,,,,,,,Brandon Jennings,,,,,,def,,
Dwight Howard,Jason Williams,Mickael Pietrus,Rashard Lewis,Vince Carter,Brandon Jennings,Carlos Delfino,Charlie Bell,Ersan Ilyasova,Kurt Thomas,1,10:17,MIL,shot,,,,,,,,,,Charlie Bell,,,,missed,,jump,8,19
Dwight Howard,Jason Williams,Mickael Pietrus,Rashard Lewis,Vince Carter,Brandon Jennings,Carlos Delfino,Charlie Bell,Ersan Ilyasova,Kurt Thomas,1,10:16,ORL,rebound,,,,,,,,,,Mickael Pietrus,,,,,,def,,
Dwight Howard,Jason Williams,Mickael Pietrus,Rashard Lewis,Vince Carter,Brandon Jennings,Carlos Delfino,Charlie Bell,Ersan Ilyasova,Kurt Thomas,1,10:06,ORL,shot,Dwight Howard,,,,,,,,,Rashard Lewis,3,,,made,,3pt,1,7
Dwight Howard,Jason Williams,Mickael Pietrus,Rashard Lewis,Vince Carter,Brandon Jennings,Carlos Delfino,Charlie Bell,Ersan Ilyasova,Kurt Thomas,1,9:54,MIL,shot,,,,,,,,,,Brandon Jennings,3,,,made,,3pt,24,32
Dwight Howard,Jason Williams,Mickael Pietrus,Rashard Lewis,Vince Carter,Brandon Jennings,Carlos Delfino,Charlie Bell,Ersan Ilyasova,Kurt Thomas,1,9:36,ORL,shot,,,,,,,,,,Rashard Lewis,,,,missed,,jump,34,9
Dwight Howard,Jason Williams,Mickael Pietrus,Rashard Lewis,Vince Carter,Brandon Jennings,Carlos Delfino,Charlie Bell,Ersan Ilyasova,Kurt Thomas,1,9:35,MIL,rebound,,,,,,,,,,Kurt Thomas,,,,,,def,,
Dwight Howard,Jason Williams,Mickael Pietrus,Rashard Lewis,Vince Carter,Brandon Jennings,Carlos Delfino,Charlie Bell,Ersan Ilyasova,Kurt Thomas,1,9:26,MIL,shot,Brandon Jennings,,,,,,,,,Kurt Thomas,2,,,made,,jump,36,21
Dwight Howard,Jason Williams,Mickael Pietrus,Rashard Lewis,Vince Carter,Brandon Jennings,Carlos Delfino,Charlie Bell,Ersan Ilyasova,Kurt Thomas,1,9:05,ORL,shot,,,,,,,,,,Dwight Howard,,,,missed,,jump,38,11
Dwight Howard,Jason Williams,Mickael Pietrus,Rashard Lewis,Vince Carter,Brandon Jennings,Carlos Delfino,Charlie Bell,Ersan Ilyasova,Kurt Thomas,1,9:04,MIL,rebound,,,,,,,,,,Ersan Ilyasova,,,,,,def,,
Dwight Howard,Jason Williams,Mickael Pietrus,Rashard Lewis,Vince Carter,Brandon Jennings,Carlos Delfino,Charlie Bell,Ersan Ilyasova,Kurt Thomas,1,8:56,MIL,shot,Brandon Jennings,,,,,,,,,Ersan Ilyasova,3,,,made,,3pt,5,23
Dwight Howard,Jason Williams,Mickael Pietrus,Rashard Lewis,Vince Carter,Brandon Jennings,Carlos Delfino,Charlie Bell,Ersan Ilyasova,Kurt Thomas,1,8:45,ORL,timeout,,,,,,,,,,,,,,,,regular,,
Dwight Howard,Jason Williams,Mickael Pietrus,Rashard Lewis,Vince Carter,Brandon Jennings,Carlos Delfino,Charlie Bell,Ersan Ilyasova,Kurt Thomas,1,8:39,ORL,shot,,,,,,,,,,Mickael Pietrus,,,,missed,,3pt,50,8
Dwight Howard,Jason Williams,Mickael Pietrus,Rashard Lewis,Vince Carter,Brandon Jennings,Carlos Delfino,Charlie Bell,Ersan Ilyasova,Kurt Thomas,1,8:37,MIL,rebound,,,,,,,,,,Ersan Ilyasova,,,,,,def,,
Dwight Howard,Jason Williams,Mickael Pietrus,Rashard Lewis,Vince Carter,Brandon Jennings,Carlos Delfino,Charlie Bell,Ersan Ilyasova,Kurt Thomas,1,8:26,MIL,shot,,,,,,,,,,Ersan Ilyasova,,,,missed,,jump,9,20
Dwight Howard,Jason Williams,Mickael Pietrus,Rashard Lewis,Vince Carter,Brandon Jennings,Carlos Delfino,Charlie Bell,Ersan Ilyasova,Kurt Thomas,1,8:24,ORL,rebound,,,,,,,,,,Dwight Howard,,,,,,def,,
Dwight Howard,Jason Williams,Mickael Pietrus,Rashard Lewis,Vince Carter,Brandon Jennings,Carlos Delfino,Charlie Bell,Ersan Ilyasova,Kurt Thomas,1,8:12,ORL,turnover,,,,,,,,,,Mickael Pietrus,,,bad pass,,Carlos Delfino,,,
Dwight Howard,Jason Williams,Mickael Pietrus,Rashard Lewis,Vince Carter,Brandon Jennings,Carlos Delfino,Charlie Bell,Ersan Ilyasova,Kurt Thomas,1,8:03,MIL,shot,,,,,,,,,,Kurt Thomas,,,,missed,,jump,36,22
Dwight Howard,Jason Williams,Mickael Pietrus,Rashard Lewis,Vince Carter,Brandon Jennings,Carlos Delfino,Charlie Bell,Ersan Ilyasova,Kurt Thomas,1,8:02,ORL,rebound,,,,,,,,,,Mickael Pietrus,,,,,,def,,
Dwight Howard,Jason Williams,Mickael Pietrus,Rashard Lewis,Vince Carter,Brandon Jennings,Carlos Delfino,Charlie Bell,Ersan Ilyasova,Kurt Thomas,1,7:57,MIL,foul,,,,,,,,Dwight Howard,,Kurt Thomas,,,,,,personal,,
Dwight Howard,Jason Williams,Mickael Pietrus,Rashard Lewis,Vince Carter,Brandon Jennings,Carlos Delfino,Charlie Bell,Ersan Ilyasova,Kurt Thomas,1,7:56,ORL,foul,,,,,,,,Kurt Thomas,,Dwight Howard,,,,,,offensive,,
Dwight Howard,Jason Williams,Mickael Pietrus,Rashard Lewis,Vince Carter,Brandon Jennings,Carlos Delfino,Charlie Bell,Ersan Ilyasova,Kurt Thomas,1,7:56,ORL,turnover,,,,,,,,,,Dwight Howard,,,foul,,,,,
Dwight Howard,Jason Williams,Mickael Pietrus,Rashard Lewis,Vince Carter,Brandon Jennings,Carlos Delfino,Charlie Bell,Ersan Ilyasova,Kurt Thomas,1,7:40,MIL,shot,,,,,,,,,,Kurt Thomas,,,,missed,,jump,26,27
Dwight Howard,Jason Williams,Mickael Pietrus,Rashard Lewis,Vince Carter,Brandon Jennings,Carlos Delfino,Charlie Bell,Ersan Ilyasova,Kurt Thomas,1,7:39,ORL,rebound,,,,,,,,,,Mickael Pietrus,,,,,,def,,
Dwight Howard,Jason Williams,Mickael Pietrus,Rashard Lewis,Vince Carter,Brandon Jennings,Carlos Delfino,Charlie Bell,Ersan Ilyasova,Kurt Thomas,1,7:16,ORL,shot,,,,,,,,,,Mickael Pietrus,,,,missed,,3pt,48,17
Dwight Howard,Jason Williams,Mickael Pietrus,Rashard Lewis,Vince Carter,Brandon Jennings,Carlos Delfino,Charlie Bell,Ersan Ilyasova,Kurt Thomas,1,7:15,MIL,rebound,,,,,,,,,,Ersan Ilyasova,,,,,,def,,
Dwight Howard,Jason Williams,Mickael Pietrus,Rashard Lewis,Vince Carter,Brandon Jennings,Carlos Delfino,Charlie Bell,Ersan Ilyasova,Kurt Thomas,1,7:08,MIL,shot,,,,,,,,,,Brandon Jennings,,,,missed,,3pt,16,32
Dwight Howard,Jason Williams,Mickael Pietrus,Rashard Lewis,Vince Carter,Brandon Jennings,Carlos Delfino,Charlie Bell,Ersan Ilyasova,Kurt Thomas,1,7:07,MIL,rebound,,,,,,,,,,Kurt Thomas,,,,,,off,,
Dwight Howard,Jason Williams,Mickael Pietrus,Rashard Lewis,Vince Carter,Brandon Jennings,Carlos Delfino,Charlie Bell,Ersan Ilyasova,Kurt Thomas,1,7:07,ORL,foul,,,,,,,,Kurt Thomas,,Mickael Pietrus,,,,,,shooting,,
Dwight Howard,Jason Williams,Mickael Pietrus,Rashard Lewis,Vince Carter,Brandon Jennings,Carlos Delfino,Charlie Bell,Ersan Ilyasova,Kurt Thomas,1,7:07,MIL,free throw,,,,,,,1,,2,Kurt Thomas,,,foul,missed,,,,
Dwight Howard,Jason Williams,Mickael Pietrus,Rashard Lewis,Vince Carter,Brandon Jennings,Carlos Delfino,Charlie Bell,Ersan Ilyasova,Kurt Thomas,1,7:07,MIL,rebound,,,,,,,,,,,,,,,,,,
Dwight Howard,J.J. Redick,Jason Williams,Mickael Pietrus,Rashard Lewis,Brandon Jennings,Carlos Delfino,Charlie Bell,Ersan Ilyasova,Kurt Thomas,1,7:07,ORL,sub,,,,J.J. Redick,,Vince Carter,,,,,,,,,,,,
Dwight Howard,J.J. Redick,Jason Williams,Mickael Pietrus,Rashard Lewis,Brandon Jennings,Carlos Delfino,Charlie Bell,Ersan Ilyasova,Kurt Thomas,1,7:07,MIL,free throw,,,,,,,2,,2,Kurt Thomas,,,foul,made,,,,
Dwight Howard,J.J. Redick,Jason Williams,Mickael Pietrus,Rashard Lewis,Brandon Jennings,Carlos Delfino,Charlie Bell,Ersan Ilyasova,Kurt Thomas,1,6:58,ORL,shot,,,,,,,,,,Jason Williams,,,,missed,,3pt,36,30
Dwight Howard,J.J. Redick,Jason Williams,Mickael Pietrus,Rashard Lewis,Brandon Jennings,Carlos Delfino,Charlie Bell,Ersan Ilyasova,Kurt Thomas,1,6:56,ORL,rebound,,,,,,,,,,Rashard Lewis,,,,,,off,,
Dwight Howard,J.J. Redick,Jason Williams,Mickael Pietrus,Rashard Lewis,Brandon Jennings,Carlos Delfino,Charlie Bell,Ersan Ilyasova,Kurt Thomas,1,6:46,MIL,foul,,,,,,,,J.J. Redick,,Charlie Bell,,,,,,shooting,,
Dwight Howard,J.J. Redick,Jason Williams,Mickael Pietrus,Rashard Lewis,Brandon Jennings,Carlos Delfino,Ersan Ilyasova,Kurt Thomas,Luke Ridnour,1,6:46,MIL,sub,,,,Luke Ridnour,,Charlie Bell,,,,,,,,,,,,
Dwight Howard,J.J. Redick,Jason Williams,Mickael Pietrus,Rashard Lewis,Brandon Jennings,Carlos Delfino,Ersan Ilyasova,Kurt Thomas,Luke Ridnour,1,6:46,ORL,free throw,,,,,,,1,,2,J.J. Redick,,,foul,made,,,,
Dwight Howard,J.J. Redick,Jason Williams,Mickael Pietrus,Rashard Lewis,Brandon Jennings,Carlos Delfino,Ersan Ilyasova,Kurt Thomas,Luke Ridnour,1,6:46,ORL,free throw,,,,,,,2,,2,J.J. Redick,,,foul,missed,,,,
Dwight Howard,J.J. Redick,Jason Williams,Mickael Pietrus,Rashard Lewis,Brandon Jennings,Carlos Delfino,Ersan Ilyasova,Kurt Thomas,Luke Ridnour,1,6:46,MIL,rebound,,,,,,,,,,Kurt Thomas,,,,,,def,,
Dwight Howard,J.J. Redick,Jason Williams,Mickael Pietrus,Rashard Lewis,Brandon Jennings,Carlos Delfino,Ersan Ilyasova,Kurt Thomas,Luke Ridnour,1,6:25,MIL,shot,,,,,,,,,,Ersan Ilyasova,,,,missed,,jump,23,10
Dwight Howard,J.J. Redick,Jason Williams,Mickael Pietrus,Rashard Lewis,Brandon Jennings,Carlos Delfino,Ersan Ilyasova,Kurt Thomas,Luke Ridnour,1,6:24,ORL,rebound,,,,,,,,,,Dwight Howard,,,,,,def,,
Dwight Howard,J.J. Redick,Jason Williams,Mickael Pietrus,Rashard Lewis,Brandon Jennings,Carlos Delfino,Ersan Ilyasova,Kurt Thomas,Luke Ridnour,1,6:10,ORL,shot,,,,,,,,,,Rashard Lewis,2,,,made,,layup,25,6
Dwight Howard,J.J. Redick,Jason Williams,Mickael Pietrus,Rashard Lewis,Brandon Jennings,Carlos Delfino,Ersan Ilyasova,Kurt Thomas,Luke Ridnour,1,5:56,MIL,turnover,,,,,,,,,,Luke Ridnour,,,traveling,,,,,
Dwight Howard,J.J. Redick,Jason Williams,Mickael Pietrus,Rashard Lewis,Brandon Jennings,Carlos Delfino,Ersan Ilyasova,Kurt Thomas,Luke Ridnour,1,5:46,ORL,shot,,,,,,,,,,Jason Williams,2,,,made,,driving layup,25,6
Dwight Howard,J.J. Redick,Jason Williams,Mickael Pietrus,Rashard Lewis,Brandon Jennings,Carlos Delfino,Ersan Ilyasova,Kurt Thomas,Luke Ridnour,1,5:28,MIL,shot,,,,,,,,,,Brandon Jennings,,,,missed,,layup,25,6
Dwight Howard,J.J. Redick,Jason Williams,Mickael Pietrus,Rashard Lewis,Brandon Jennings,Carlos Delfino,Ersan Ilyasova,Kurt Thomas,Luke Ridnour,1,5:26,MIL,rebound,,,,,,,,,,Ersan Ilyasova,,,,,,off,,
Dwight Howard,J.J. Redick,Jason Williams,Mickael Pietrus,Rashard Lewis,Brandon Jennings,Carlos Delfino,Ersan Ilyasova,Kurt Thomas,Luke Ridnour,1,5:26,MIL,shot,,,,,,,,,,Ersan Ilyasova,,,,missed,,tip,25,6
Dwight Howard,J.J. Redick,Jason Williams,Mickael Pietrus,Rashard Lewis,Brandon Jennings,Carlos Delfino,Ersan Ilyasova,Kurt Thomas,Luke Ridnour,1,5:26,ORL,rebound,,,,,,,,,,Dwight Howard,,,,,,def,,
Dwight Howard,J.J. Redick,Jason Williams,Mickael Pietrus,Rashard Lewis,Brandon Jennings,Carlos Delfino,Ersan Ilyasova,Kurt Thomas,Luke Ridnour,1,5:16,ORL,shot,Jason Williams,,,,,,,,,Dwight Howard,2,,,made,,layup,25,6
Dwight Howard,J.J. Redick,Jason Williams,Mickael Pietrus,Rashard Lewis,Brandon Jennings,Carlos Delfino,Ersan Ilyasova,Kurt Thomas,Luke Ridnour,1,4:55,MIL,shot,Ersan Ilyasova,,,,,,,,,Carlos Delfino,3,,,made,,3pt,6,26
Dwight Howard,J.J. Redick,Jason Williams,Mickael Pietrus,Rashard Lewis,Brandon Jennings,Carlos Delfino,Ersan Ilyasova,Kurt Thomas,Luke Ridnour,1,4:29,ORL,shot,,,,,,,,,,Dwight Howard,2,,,made,,hook,23,13
Dwight Howard,J.J. Redick,Jason Williams,Mickael Pietrus,Rashard Lewis,Brandon Jennings,Carlos Delfino,Ersan Ilyasova,Kurt Thomas,Luke Ridnour,1,4:16,MIL,shot,,,,,,,,,,Luke Ridnour,,,,missed,,jump,35,15
Dwight Howard,J.J. Redick,Jason Williams,Mickael Pietrus,Rashard Lewis,Brandon Jennings,Carlos Delfino,Ersan Ilyasova,Kurt Thomas,Luke Ridnour,1,4:15,MIL,rebound,,,,,,,,,,Carlos Delfino,,,,,,off,,
Dwight Howard,J.J. Redick,Jason Williams,Mickael Pietrus,Rashard Lewis,Brandon Jennings,Carlos Delfino,Ersan Ilyasova,Kurt Thomas,Luke Ridnour,1,4:00,MIL,shot,Brandon Jennings,,,,,,,,,Ersan Ilyasova,3,,,made,,3pt,5,23
Dwight Howard,J.J. Redick,Jason Williams,Mickael Pietrus,Rashard Lewis,Brandon Jennings,Carlos Delfino,Ersan Ilyasova,Kurt Thomas,Luke Ridnour,1,3:42,ORL,foul,,,,,,,,Ersan Ilyasova,,Rashard Lewis,,,,,,offensive,,
Dwight Howard,J.J. Redick,Jason Williams,Mickael Pietrus,Rashard Lewis,Brandon Jennings,Carlos Delfino,Ersan Ilyasova,Kurt Thomas,Luke Ridnour,1,3:42,ORL,turnover,,,,,,,,,,Rashard Lewis,,,foul,,,,,
Dwight Howard,J.J. Redick,Jason Williams,Mickael Pietrus,Rashard Lewis,Brandon Jennings,Carlos Delfino,Ersan Ilyasova,Kurt Thomas,Luke Ridnour,1,3:20,MIL,shot,,,,,,,,,,Brandon Jennings,,,,missed,,jump,27,13
Dwight Howard,J.J. Redick,Jason Williams,Mickael Pietrus,Rashard Lewis,Brandon Jennings,Carlos Delfino,Ersan Ilyasova,Kurt Thomas,Luke Ridnour,1,3:19,MIL,rebound,,,,,,,,,,Ersan Ilyasova,,,,,,off,,
Dwight Howard,J.J. Redick,Jason Williams,Mickael Pietrus,Rashard Lewis,Brandon Jennings,Carlos Delfino,Ersan Ilyasova,Kurt Thomas,Luke Ridnour,1,3:19,MIL,shot,,,,,,,,,,Ersan Ilyasova,2,,,made,,tip,25,6
Dwight Howard,J.J. Redick,Jason Williams,Mickael Pietrus,Rashard Lewis,Brandon Jennings,Carlos Delfino,Ersan Ilyasova,Kurt Thomas,Luke Ridnour,1,3:06,ORL,shot,Jason Williams,,,,,,,,,J.J. Redick,2,,,made,,jump,25,21
Dwight Howard,J.J. Redick,Jason Williams,Mickael Pietrus,Rashard Lewis,Brandon Jennings,Carlos Delfino,Ersan Ilyasova,Kurt Thomas,Luke Ridnour,1,2:51,MIL,shot,Luke Ridnour,,,,,,,,,Kurt Thomas,2,,,made,,jump,27,12
Dwight Howard,J.J. Redick,Jason Williams,Mickael Pietrus,Rashard Lewis,Brandon Jennings,Carlos Delfino,Ersan Ilyasova,Kurt Thomas,Luke Ridnour,1,2:39,ORL,shot,,,,,,,,,,Rashard Lewis,2,,,made,,running layup,25,6
Dwight Howard,J.J. Redick,Jason Williams,Mickael Pietrus,Rashard Lewis,Brandon Jennings,Carlos Delfino,Ersan Ilyasova,Kurt Thomas,Luke Ridnour,1,2:34,MIL,timeout,,,,,,,,,,,,,,,,regular,,
Dwight Howard,J.J. Redick,Jason Williams,Mickael Pietrus,Rashard Lewis,Brandon Jennings,Carlos Delfino,Hakim Warrick,Kurt Thomas,Luke Ridnour,1,2:34,MIL,sub,,,,Hakim Warrick,,Ersan Ilyasova,,,,,,,,,,,,
Anthony Johnson,Dwight Howard,J.J. Redick,Mickael Pietrus,Rashard Lewis,Brandon Jennings,Carlos Delfino,Hakim Warrick,Kurt Thomas,Luke Ridnour,1,2:34,ORL,sub,,,,Anthony Johnson,,Jason Williams,,,,,,,,,,,,
Anthony Johnson,Dwight Howard,J.J. Redick,Mickael Pietrus,Rashard Lewis,Brandon Jennings,Carlos Delfino,Hakim Warrick,Kurt Thomas,Luke Ridnour,1,2:16,ORL,foul,,,,,,,,Hakim Warrick,,Rashard Lewis,,,,,,shooting,,
Anthony Johnson,Dwight Howard,J.J. Redick,Mickael Pietrus,Rashard Lewis,Brandon Jennings,Carlos Delfino,Hakim Warrick,Kurt Thomas,Luke Ridnour,1,2:16,MIL,free throw,,,,,,,1,,2,Hakim Warrick,,,foul,made,,,,
Anthony Johnson,Dwight Howard,J.J. Redick,Mickael Pietrus,Ryan Anderson,Brandon Jennings,Carlos Delfino,Hakim Warrick,Kurt Thomas,Luke Ridnour,1,2:16,ORL,sub,,,,Ryan Anderson,,Rashard Lewis,,,,,,,,,,,,
Anthony Johnson,Dwight Howard,J.J. Redick,Mickael Pietrus,Ryan Anderson,Carlos Delfino,Hakim Warrick,Jodie Meeks,Kurt Thomas,Luke Ridnour,1,2:16,MIL,sub,,,,Jodie Meeks,,Brandon Jennings,,,,,,,,,,,,
Anthony Johnson,Dwight Howard,J.J. Redick,Mickael Pietrus,Ryan Anderson,Carlos Delfino,Hakim Warrick,Jodie Meeks,Kurt Thomas,Luke Ridnour,1,2:16,MIL,free throw,,,,,,,2,,2,Hakim Warrick,,,foul,made,,,,
Anthony Johnson,Dwight Howard,J.J. Redick,Mickael Pietrus,Ryan Anderson,Carlos Delfino,Hakim Warrick,Jodie Meeks,Kurt Thomas,Luke Ridnour,1,1:56,ORL,shot,,,,,,,,,,J.J. Redick,,,,missed,,3pt,42,29
Anthony Johnson,Dwight Howard,J.J. Redick,Mickael Pietrus,Ryan Anderson,Carlos Delfino,Hakim Warrick,Jodie Meeks,Kurt Thomas,Luke Ridnour,1,1:55,MIL,rebound,,,,,,,,,,Carlos Delfino,,,,,,def,,
Anthony Johnson,Dwight Howard,J.J. Redick,Mickael Pietrus,Ryan Anderson,Carlos Delfino,Hakim Warrick,Jodie Meeks,Kurt Thomas,Luke Ridnour,1,1:42,MIL,shot,Carlos Delfino,,,,,,,,,Luke Ridnour,3,,,made,,3pt,10,28
Anthony Johnson,Dwight Howard,J.J. Redick,Mickael Pietrus,Ryan Anderson,Carlos Delfino,Hakim Warrick,Jodie Meeks,Kurt Thomas,Luke Ridnour,1,1:22,ORL,turnover,,,,,,,,,,Dwight Howard,,,lost ball,,Luke Ridnour,,,
Anthony Johnson,Dwight Howard,J.J. Redick,Mickael Pietrus,Ryan Anderson,Carlos Delfino,Hakim Warrick,Jodie Meeks,Kurt Thomas,Luke Ridnour,1,1:19,MIL,foul,,,,,,,,Mickael Pietrus,,Carlos Delfino,,,,,,offensive,,
Anthony Johnson,Dwight Howard,J.J. Redick,Mickael Pietrus,Ryan Anderson,Carlos Delfino,Hakim Warrick,Jodie Meeks,Kurt Thomas,Luke Ridnour,1,1:19,MIL,turnover,,,,,,,,,,Carlos Delfino,,,foul,,,,,
Anthony Johnson,Dwight Howard,J.J. Redick,Mickael Pietrus,Ryan Anderson,Carlos Delfino,Hakim Warrick,Jodie Meeks,Kurt Thomas,Luke Ridnour,1,1:03,ORL,shot,,,,,,,,,,Anthony Johnson,,,,missed,,jump,22,15
Anthony Johnson,Dwight Howard,J.J. Redick,Mickael Pietrus,Ryan Anderson,Carlos Delfino,Hakim Warrick,Jodie Meeks,Kurt Thomas,Luke Ridnour,1,1:02,MIL,rebound,,,,,,,,,,Hakim Warrick,,,,,,def,,
Anthony Johnson,Dwight Howard,J.J. Redick,Mickael Pietrus,Ryan Anderson,Carlos Delfino,Hakim Warrick,Jodie Meeks,Kurt Thomas,Luke Ridnour,1,0:55,MIL,turnover,,,,,,,,,,Carlos Delfino,,,bad pass,,Dwight Howard,,,
Anthony Johnson,Dwight Howard,J.J. Redick,Mickael Pietrus,Ryan Anderson,Carlos Delfino,Hakim Warrick,Jodie Meeks,Kurt Thomas,Luke Ridnour,1,0:49,ORL,turnover,,,,,,,,,,Ryan Anderson,,,step out of bounds turnover,,,,,
Anthony Johnson,Dwight Howard,J.J. Redick,Mickael Pietrus,Ryan Anderson,Carlos Delfino,Hakim Warrick,Jodie Meeks,Kurt Thomas,Luke Ridnour,1,0:35,MIL,shot,,,,,,,,,,Hakim Warrick,,,,missed,,jump,36,22
Anthony Johnson,Dwight Howard,J.J. Redick,Mickael Pietrus,Ryan Anderson,Carlos Delfino,Hakim Warrick,Jodie Meeks,Kurt Thomas,Luke Ridnour,1,0:34,ORL,rebound,,,,,,,,,,Dwight Howard,,,,,,def,,
Anthony Johnson,Dwight Howard,J.J. Redick,Mickael Pietrus,Ryan Anderson,Carlos Delfino,Hakim Warrick,Jodie Meeks,Kurt Thomas,Luke Ridnour,1,0:25,ORL,shot,,,,,,,,,,Ryan Anderson,2,,,made,,layup,25,6
Anthony Johnson,Dwight Howard,J.J. Redick,Mickael Pietrus,Ryan Anderson,Carlos Delfino,Hakim Warrick,Jodie Meeks,Kurt Thomas,Luke Ridnour,1,0:07,ORL,foul,,,,,,,,Luke Ridnour,,Anthony Johnson,,,,,,personal,,
Anthony Johnson,Dwight Howard,J.J. Redick,Mickael Pietrus,Ryan Anderson,Carlos Delfino,Hakim Warrick,Jodie Meeks,Kurt Thomas,Luke Ridnour,1,0:01,MIL,shot,,,,,,,,,,Luke Ridnour,2,,,made,,jump,40,17
Anthony Johnson,Dwight Howard,J.J. Redick,Mickael Pietrus,Ryan Anderson,Carlos Delfino,Hakim Warrick,Jodie Meeks,Kurt Thomas,Luke Ridnour,1,0:00,ORL,shot,,,,,,,,,,Mickael Pietrus,,,,missed,,3pt,42,83
Anthony Johnson,Dwight Howard,J.J. Redick,Mickael Pietrus,Ryan Anderson,Carlos Delfino,Hakim Warrick,Jodie Meeks,Kurt Thomas,Luke Ridnour,1,0:00,ORL,rebound,,,,,,,,,,,,,,,,,,
Anthony Johnson,J.J. Redick,Marcin Gortat,Matt Barnes,Ryan Anderson,Charlie Bell,Ersan Ilyasova,Hakim Warrick,Jodie Meeks,Luke Ridnour,2,11:47,MIL,shot,Luke Ridnour,,,,,,,,,Jodie Meeks,2,,,made,,jump,15,19
Anthony Johnson,J.J. Redick,Marcin Gortat,Matt Barnes,Ryan Anderson,Charlie Bell,Ersan Ilyasova,Hakim Warrick,Jodie Meeks,Luke Ridnour,2,11:31,ORL,shot,,,,,,,,,,Matt Barnes,,,,missed,,3pt,13,30
Anthony Johnson,J.J. Redick,Marcin Gortat,Matt Barnes,Ryan Anderson,Charlie Bell,Ersan Ilyasova,Hakim Warrick,Jodie Meeks,Luke Ridnour,2,11:30,MIL,rebound,,,,,,,,,,Jodie Meeks,,,,,,def,,
Anthony Johnson,J.J. Redick,Marcin Gortat,Matt Barnes,Ryan Anderson,Charlie Bell,Ersan Ilyasova,Hakim Warrick,Jodie Meeks,Luke Ridnour,2,11:10,ORL,foul,,,,,,,,Hakim Warrick,,Marcin Gortat,,,,,,shooting,,
Anthony Johnson,J.J. Redick,Marcin Gortat,Matt Barnes,Ryan Anderson,Charlie Bell,Ersan Ilyasova,Hakim Warrick,Jodie Meeks,Luke Ridnour,2,11:10,MIL,free throw,,,,,,,1,,2,Hakim Warrick,,,foul,made,,,,
Anthony Johnson,J.J. Redick,Marcin Gortat,Matt Barnes,Ryan Anderson,Charlie Bell,Ersan Ilyasova,Hakim Warrick,Jodie Meeks,Luke Ridnour,2,11:10,MIL,free throw,,,,,,,2,,2,Hakim Warrick,,,foul,made,,,,
Anthony Johnson,J.J. Redick,Marcin Gortat,Matt Barnes,Ryan Anderson,Charlie Bell,Ersan Ilyasova,Hakim Warrick,Jodie Meeks,Luke Ridnour,2,10:54,ORL,shot,J.J. Redick,,,,,,,,,Anthony Johnson,3,,,made,,3pt,48,11
Anthony Johnson,J.J. Redick,Marcin Gortat,Matt Barnes,Ryan Anderson,Charlie Bell,Ersan Ilyasova,Hakim Warrick,Jodie Meeks,Luke Ridnour,2,10:35,MIL,shot,,,,,,,,,,Luke Ridnour,2,,,made,,jump,24,13
Anthony Johnson,J.J. Redick,Marcin Gortat,Matt Barnes,Ryan Anderson,Charlie Bell,Ersan Ilyasova,Hakim Warrick,Jodie Meeks,Luke Ridnour,2,10:22,ORL,shot,Ryan Anderson,,,,,,,,,Marcin Gortat,2,,,made,,dunk,25,6
Anthony Johnson,J.J. Redick,Marcin Gortat,Matt Barnes,Ryan Anderson,Charlie Bell,Ersan Ilyasova,Hakim Warrick,Jodie Meeks,Luke Ridnour,2,10:05,MIL,shot,,,,,,,,,,Hakim Warrick,2,,,made,,jump,17,12
Anthony Johnson,J.J. Redick,Marcin Gortat,Matt Barnes,Ryan Anderson,Charlie Bell,Ersan Ilyasova,Hakim Warrick,Jodie Meeks,Luke Ridnour,2,9:54,ORL,shot,,,,,,,,,,J.J. Redick,,,,missed,,jump,42,19
Anthony Johnson,J.J. Redick,Marcin Gortat,Matt Barnes,Ryan Anderson,Charlie Bell,Ersan Ilyasova,Hakim Warrick,Jodie Meeks,Luke Ridnour,2,9:53,ORL,rebound,,,,,,,,,,Marcin Gortat,,,,,,off,,
Anthony Johnson,J.J. Redick,Marcin Gortat,Matt Barnes,Ryan Anderson,Charlie Bell,Ersan Ilyasova,Hakim Warrick,Jodie Meeks,Luke Ridnour,2,9:45,ORL,shot,,,Charlie Bell,,,,,,,Matt Barnes,,,,missed,,jump,11,7
Anthony Johnson,J.J. Redick,Marcin Gortat,Matt Barnes,Ryan Anderson,Charlie Bell,Ersan Ilyasova,Hakim Warrick,Jodie Meeks,Luke Ridnour,2,9:41,MIL,rebound,,,,,,,,,,Hakim Warrick,,,,,,def,,
Anthony Johnson,J.J. Redick,Marcin Gortat,Matt Barnes,Ryan Anderson,Charlie Bell,Ersan Ilyasova,Hakim Warrick,Jodie Meeks,Luke Ridnour,2,9:38,ORL,foul,,,,,,,,Ersan Ilyasova,,Ryan Anderson,,,,,,personal,,
Anthony Johnson,J.J. Redick,Marcin Gortat,Matt Barnes,Ryan Anderson,Charlie Bell,Ersan Ilyasova,Hakim Warrick,Jodie Meeks,Luke Ridnour,2,9:31,MIL,shot,Jodie Meeks,,,,,,,,,Hakim Warrick,2,,,made,,dunk,25,6
Anthony Johnson,J.J. Redick,Marcin Gortat,Matt Barnes,Ryan Anderson,Charlie Bell,Ersan Ilyasova,Hakim Warrick,Jodie Meeks,Luke Ridnour,2,9:22,ORL,timeout,,,,,,,,,,,,,,,,regular,,
Anthony Johnson,J.J. Redick,Marcin Gortat,Matt Barnes,Ryan Anderson,Charlie Bell,Ersan Ilyasova,Hakim Warrick,Jodie Meeks,Luke Ridnour,2,9:09,ORL,shot,,,,,,,,,,Marcin Gortat,,,,missed,,jump,20,11
Anthony Johnson,J.J. Redick,Marcin Gortat,Matt Barnes,Ryan Anderson,Charlie Bell,Ersan Ilyasova,Hakim Warrick,Jodie Meeks,Luke Ridnour,2,9:07,MIL,rebound,,,,,,,,,,Ersan Ilyasova,,,,,,def,,
Anthony Johnson,J.J. Redick,Marcin Gortat,Matt Barnes,Ryan Anderson,Charlie Bell,Ersan Ilyasova,Hakim Warrick,Jodie Meeks,Luke Ridnour,2,8:55,MIL,shot,,,,,,,,,,Jodie Meeks,,,,missed,,jump,43,16
Anthony Johnson,J.J. Redick,Marcin Gortat,Matt Barnes,Ryan Anderson,Charlie Bell,Ersan Ilyasova,Hakim Warrick,Jodie Meeks,Luke Ridnour,2,8:53,ORL,rebound,,,,,,,,,,,,,,,,,,
Anthony Johnson,J.J. Redick,Marcin Gortat,Matt Barnes,Ryan Anderson,Charlie Bell,Ersan Ilyasova,Hakim Warrick,Jodie Meeks,Luke Ridnour,2,8:37,ORL,turnover,,,,,,,,,,J.J. Redick,,,lost ball,,Luke Ridnour,,,
Anthony Johnson,J.J. Redick,Marcin Gortat,Matt Barnes,Ryan Anderson,Charlie Bell,Ersan Ilyasova,Hakim Warrick,Jodie Meeks,Luke Ridnour,2,8:26,MIL,shot,,,,,,,,,,Ersan Ilyasova,,,,missed,,jump,26,27
Anthony Johnson,J.J. Redick,Marcin Gortat,Matt Barnes,Ryan Anderson,Charlie Bell,Ersan Ilyasova,Hakim Warrick,Jodie Meeks,Luke Ridnour,2,8:25,ORL,rebound,,,,,,,,,,Marcin Gortat,,,,,,def,,
Anthony Johnson,J.J. Redick,Marcin Gortat,Matt Barnes,Ryan Anderson,Charlie Bell,Ersan Ilyasova,Hakim Warrick,Jodie Meeks,Luke Ridnour,2,8:17,ORL,shot,,,,,,,,,,Ryan Anderson,,,,missed,,3pt,22,32
Anthony Johnson,J.J. Redick,Marcin Gortat,Matt Barnes,Ryan Anderson,Charlie Bell,Ersan Ilyasova,Hakim Warrick,Jodie Meeks,Luke Ridnour,2,8:16,MIL,rebound,,,,,,,,,,Jodie Meeks,,,,,,def,,
Anthony Johnson,J.J. Redick,Marcin Gortat,Matt Barnes,Ryan Anderson,Charlie Bell,Ersan Ilyasova,Hakim Warrick,Jodie Meeks,Luke Ridnour,2,8:02,MIL,shot,Luke Ridnour,,,,,,,,,Hakim Warrick,2,,,made,,jump,41,19
Anthony Johnson,J.J. Redick,Marcin Gortat,Matt Barnes,Ryan Anderson,Charlie Bell,Ersan Ilyasova,Hakim Warrick,Jodie Meeks,Luke Ridnour,2,7:48,ORL,shot,Ryan Anderson,,,,,,,,,J.J. Redick,3,,,made,,3pt,36,29
Anthony Johnson,J.J. Redick,Marcin Gortat,Matt Barnes,Ryan Anderson,Charlie Bell,Ersan Ilyasova,Hakim Warrick,Jodie Meeks,Luke Ridnour,2,7:31,MIL,shot,Luke Ridnour,,,,,,,,,Hakim Warrick,2,,,made,,jump,38,19
Anthony Johnson,J.J. Redick,Marcin Gortat,Matt Barnes,Ryan Anderson,Charlie Bell,Ersan Ilyasova,Hakim Warrick,Jodie Meeks,Luke Ridnour,2,7:19,ORL,shot,,,,,,,,,,Anthony Johnson,,,,missed,,layup,25,6
Anthony Johnson,J.J. Redick,Marcin Gortat,Matt Barnes,Ryan Anderson,Charlie Bell,Ersan Ilyasova,Hakim Warrick,Jodie Meeks,Luke Ridnour,2,7:18,MIL,rebound,,,,,,,,,,Charlie Bell,,,,,,def,,
Anthony Johnson,J.J. Redick,Marcin Gortat,Matt Barnes,Ryan Anderson,Charlie Bell,Ersan Ilyasova,Hakim Warrick,Jodie Meeks,Luke Ridnour,2,7:08,MIL,shot,Hakim Warrick,,,,,,,,,Jodie Meeks,3,,,made,,3pt,41,26
Anthony Johnson,J.J. Redick,Marcin Gortat,Matt Barnes,Ryan Anderson,Charlie Bell,Ersan Ilyasova,Hakim Warrick,Jodie Meeks,Luke Ridnour,2,7:01,ORL,timeout,,,,,,,,,,,,,,,,short,,
Dwight Howard,J.J. Redick,Marcin Gortat,Matt Barnes,Ryan Anderson,Charlie Bell,Ersan Ilyasova,Hakim Warrick,Jodie Meeks,Luke Ridnour,2,7:01,ORL,sub,,,,Dwight Howard,,Anthony Johnson,,,,,,,,,,,,
Dwight Howard,J.J. Redick,Jason Williams,Marcin Gortat,Matt Barnes,Charlie Bell,Ersan Ilyasova,Hakim Warrick,Jodie Meeks,Luke Ridnour,2,7:01,ORL,sub,,,,Jason Williams,,Ryan Anderson,,,,,,,,,,,,
Dwight Howard,J.J. Redick,Jason Williams,Matt Barnes,Rashard Lewis,Charlie Bell,Ersan Ilyasova,Hakim Warrick,Jodie Meeks,Luke Ridnour,2,7:01,ORL,sub,,,,Rashard Lewis,,Marcin Gortat,,,,,,,,,,,,
Dwight Howard,J.J. Redick,Jason Williams,Matt Barnes,Rashard Lewis,Brandon Jennings,Charlie Bell,Ersan Ilyasova,Hakim Warrick,Luke Ridnour,2,7:01,MIL,sub,,,,Brandon Jennings,,Jodie Meeks,,,,,,,,,,,,
Dwight Howard,J.J. Redick,Jason Williams,Matt Barnes,Rashard Lewis,Brandon Jennings,Charlie Bell,Ersan Ilyasova,Hakim Warrick,Luke Ridnour,2,6:54,ORL,shot,,,,,,,,,,Rashard Lewis,,,,missed,,3pt,9,27
Dwight Howard,J.J. Redick,Jason Williams,Matt Barnes,Rashard Lewis,Brandon Jennings,Charlie Bell,Ersan Ilyasova,Hakim Warrick,Luke Ridnour,2,6:53,MIL,rebound,,,,,,,,,,Luke Ridnour,,,,,,def,,
Dwight Howard,J.J. Redick,Jason Williams,Matt Barnes,Rashard Lewis,Brandon Jennings,Charlie Bell,Ersan Ilyasova,Hakim Warrick,Luke Ridnour,2,6:38,MIL,shot,,,,,,,,,,Hakim Warrick,,,,missed,,layup,25,6
Dwight Howard,J.J. Redick,Jason Williams,Matt Barnes,Rashard Lewis,Brandon Jennings,Charlie Bell,Ersan Ilyasova,Hakim Warrick,Luke Ridnour,2,6:37,MIL,rebound,,,,,,,,,,Ersan Ilyasova,,,,,,off,,
Dwight Howard,J.J. Redick,Jason Williams,Matt Barnes,Rashard Lewis,Brandon Jennings,Charlie Bell,Ersan Ilyasova,Hakim Warrick,Luke Ridnour,2,6:37,MIL,shot,,,,,,,,,,Ersan Ilyasova,,,,missed,,tip,25,6
Dwight Howard,J.J. Redick,Jason Williams,Matt Barnes,Rashard Lewis,Brandon Jennings,Charlie Bell,Ersan Ilyasova,Hakim Warrick,Luke Ridnour,2,6:35,ORL,rebound,,,,,,,,,,Dwight Howard,,,,,,def,,
Dwight Howard,J.J. Redick,Jason Williams,Matt Barnes,Rashard Lewis,Brandon Jennings,Charlie Bell,Ersan Ilyasova,Hakim Warrick,Luke Ridnour,2,6:25,ORL,shot,Jason Williams,,,,,,,,,Rashard Lewis,3,,,made,,3pt,48,5
Dwight Howard,J.J. Redick,Jason Williams,Matt Barnes,Rashard Lewis,Brandon Jennings,Charlie Bell,Ersan Ilyasova,Hakim Warrick,Luke Ridnour,2,6:01,ORL,foul,,,,,,,,Luke Ridnour,,J.J. Redick,,,,,,personal,,
Dwight Howard,J.J. Redick,Jason Williams,Rashard Lewis,Vince Carter,Brandon Jennings,Charlie Bell,Ersan Ilyasova,Hakim Warrick,Luke Ridnour,2,6:01,ORL,sub,,,,Vince Carter,,Matt Barnes,,,,,,,,,,,,
Dwight Howard,J.J. Redick,Jason Williams,Rashard Lewis,Vince Carter,Brandon Jennings,Charlie Bell,Ersan Ilyasova,Hakim Warrick,Luke Ridnour,2,5:47,MIL,shot,Luke Ridnour,,,,,,,,,Hakim Warrick,2,,,made,,jump,38,19
Dwight Howard,J.J. Redick,Jason Williams,Rashard Lewis,Vince Carter,Brandon Jennings,Charlie Bell,Ersan Ilyasova,Hakim Warrick,Luke Ridnour,2,5:34,MIL,foul,,,,,,,,Dwight Howard,,Hakim Warrick,,,,,,shooting,,
Dwight Howard,J.J. Redick,Jason Williams,Rashard Lewis,Vince Carter,Brandon Jennings,Charlie Bell,Ersan Ilyasova,Hakim Warrick,Luke Ridnour,2,5:34,ORL,timeout,,,,,,,,,,,,,,,,official,,
Dwight Howard,J.J. Redick,Jason Williams,Rashard Lewis,Vince Carter,Brandon Jennings,Charlie Bell,Ersan Ilyasova,Hakim Warrick,Luke Ridnour,2,5:34,ORL,free throw,,,,,,,1,,2,Dwight Howard,,,foul,made,,,,
Dwight Howard,J.J. Redick,Jason Williams,Rashard Lewis,Vince Carter,Brandon Jennings,Charlie Bell,Ersan Ilyasova,Hakim Warrick,Luke Ridnour,2,5:34,ORL,free throw,,,,,,,2,,2,Dwight Howard,,,foul,made,,,,
Dwight Howard,J.J. Redick,Jason Williams,Rashard Lewis,Vince Carter,Brandon Jennings,Charlie Bell,Ersan Ilyasova,Hakim Warrick,Luke Ridnour,2,5:18,MIL,shot,,,,,,,,,,Luke Ridnour,2,,,made,,jump,16,21
Dwight Howard,J.J. Redick,Jason Williams,Rashard Lewis,Vince Carter,Brandon Jennings,Charlie Bell,Ersan Ilyasova,Hakim Warrick,Luke Ridnour,2,5:01,ORL,shot,,,,,,,,,,Vince Carter,2,,,made,,layup,25,6
Dwight Howard,J.J. Redick,Jason Williams,Rashard Lewis,Vince Carter,Brandon Jennings,Charlie Bell,Ersan Ilyasova,Hakim Warrick,Luke Ridnour,2,4:45,MIL,shot,,,,,,,,,,Luke Ridnour,2,,,made,,floating jump,25,14
Dwight Howard,J.J. Redick,Jason Williams,Rashard Lewis,Vince Carter,Brandon Jennings,Charlie Bell,Ersan Ilyasova,Hakim Warrick,Luke Ridnour,2,4:22,ORL,shot,,,,,,,,,,Vince Carter,,,,missed,,hook,32,14
Dwight Howard,J.J. Redick,Jason Williams,Rashard Lewis,Vince Carter,Brandon Jennings,Charlie Bell,Ersan Ilyasova,Hakim Warrick,Luke Ridnour,2,4:21,MIL,rebound,,,,,,,,,,Hakim Warrick,,,,,,def,,
Dwight Howard,J.J. Redick,Jason Williams,Rashard Lewis,Vince Carter,Brandon Jennings,Charlie Bell,Ersan Ilyasova,Hakim Warrick,Luke Ridnour,2,4:14,MIL,shot,,,,,,,,,,Brandon Jennings,,,,missed,,layup,25,6
Dwight Howard,J.J. Redick,Jason Williams,Rashard Lewis,Vince Carter,Brandon Jennings,Charlie Bell,Ersan Ilyasova,Hakim Warrick,Luke Ridnour,2,4:13,ORL,rebound,,,,,,,,,,Rashard Lewis,,,,,,def,,
Dwight Howard,J.J. Redick,Jason Williams,Rashard Lewis,Vince Carter,Brandon Jennings,Charlie Bell,Ersan Ilyasova,Hakim Warrick,Luke Ridnour,2,4:00,ORL,shot,,,,,,,,,,Dwight Howard,,,,missed,,reverse layup,25,6
Dwight Howard,J.J. Redick,Jason Williams,Rashard Lewis,Vince Carter,Brandon Jennings,Charlie Bell,Ersan Ilyasova,Hakim Warrick,Luke Ridnour,2,3:58,MIL,rebound,,,,,,,,,,Ersan Ilyasova,,,,,,def,,
Dwight Howard,J.J. Redick,Jason Williams,Rashard Lewis,Vince Carter,Brandon Jennings,Charlie Bell,Ersan Ilyasova,Hakim Warrick,Luke Ridnour,2,3:40,ORL,foul,,,,,,,,Ersan Ilyasova,,Rashard Lewis,,,,,,shooting,,
Dwight Howard,Jason Williams,Mickael Pietrus,Rashard Lewis,Vince Carter,Brandon Jennings,Charlie Bell,Ersan Ilyasova,Hakim Warrick,Luke Ridnour,2,3:40,ORL,sub,,,,Mickael Pietrus,,J.J. Redick,,,,,,,,,,,,
Brandon Bass,Dwight Howard,Jason Williams,Mickael Pietrus,Vince Carter,Brandon Jennings,Charlie Bell,Ersan Ilyasova,Hakim Warrick,Luke Ridnour,2,3:40,ORL,sub,,,,Brandon Bass,,Rashard Lewis,,,,,,,,,,,,
Brandon Bass,Dwight Howard,Jason Williams,Mickael Pietrus,Vince Carter,Brandon Jennings,Charlie Bell,Ersan Ilyasova,Hakim Warrick,Luke Ridnour,2,3:40,MIL,free throw,,,,,,,1,,2,Ersan Ilyasova,,,foul,made,,,,
Brandon Bass,Dwight Howard,Jason Williams,Mickael Pietrus,Vince Carter,Brandon Jennings,Charlie Bell,Ersan Ilyasova,Hakim Warrick,Luke Ridnour,2,3:40,MIL,free throw,,,,,,,2,,2,Ersan Ilyasova,,,foul,missed,,,,
Brandon Bass,Dwight Howard,Jason Williams,Mickael Pietrus,Vince Carter,Brandon Jennings,Charlie Bell,Ersan Ilyasova,Hakim Warrick,Luke Ridnour,2,3:40,ORL,rebound,,,,,,,,,,Dwight Howard,,,,,,def,,
Brandon Bass,Dwight Howard,Jason Williams,Mickael Pietrus,Vince Carter,Brandon Jennings,Charlie Bell,Ersan Ilyasova,Hakim Warrick,Luke Ridnour,2,3:25,ORL,turnover,,,,,,,,,,Vince Carter,,,bad pass,,,,,
Brandon Bass,Dwight Howard,Jason Williams,Mickael Pietrus,Vince Carter,Brandon Jennings,Charlie Bell,Ersan Ilyasova,Hakim Warrick,Luke Ridnour,2,3:02,MIL,shot,,,,,,,,,,Luke Ridnour,,,,missed,,layup,25,6
Brandon Bass,Dwight Howard,Jason Williams,Mickael Pietrus,Vince Carter,Brandon Jennings,Charlie Bell,Ersan Ilyasova,Hakim Warrick,Luke Ridnour,2,3:01,ORL,rebound,,,,,,,,,,Dwight Howard,,,,,,def,,
Brandon Bass,Dwight Howard,Jason Williams,Mickael Pietrus,Vince Carter,Brandon Jennings,Charlie Bell,Ersan Ilyasova,Hakim Warrick,Luke Ridnour,2,2:58,ORL,turnover,,,,,,,,,,Dwight Howard,,,bad pass,,Charlie Bell,,,
Brandon Bass,Dwight Howard,Jason Williams,Mickael Pietrus,Vince Carter,Brandon Jennings,Charlie Bell,Ersan Ilyasova,Hakim Warrick,Luke Ridnour,2,2:52,MIL,shot,Charlie Bell,,,,,,,,,Brandon Jennings,3,,,made,,3pt,44,26
Brandon Bass,Dwight Howard,Jason Williams,Mickael Pietrus,Vince Carter,Brandon Jennings,Charlie Bell,Ersan Ilyasova,Hakim Warrick,Luke Ridnour,2,2:40,ORL,turnover,,,,,,,,,,Dwight Howard,,,offensive goaltending,,,,,
Brandon Bass,Dwight Howard,Jason Williams,Mickael Pietrus,Vince Carter,Brandon Jennings,Charlie Bell,Ersan Ilyasova,Hakim Warrick,Luke Ridnour,2,2:40,MIL,timeout,,,,,,,,,,,,,,,,regular,,
Brandon Bass,Dwight Howard,Jason Williams,Mickael Pietrus,Vince Carter,Brandon Jennings,Carlos Delfino,Charlie Bell,Ersan Ilyasova,Hakim Warrick,2,2:40,MIL,sub,,,,Carlos Delfino,,Luke Ridnour,,,,,,,,,,,,
Brandon Bass,Dwight Howard,Jason Williams,Mickael Pietrus,Vince Carter,Brandon Jennings,Carlos Delfino,Charlie Bell,Ersan Ilyasova,Hakim Warrick,2,2:29,MIL,shot,,,,,,,,,,Brandon Jennings,,,,missed,,jump,15,25
Brandon Bass,Dwight Howard,Jason Williams,Mickael Pietrus,Vince Carter,Brandon Jennings,Carlos Delfino,Charlie Bell,Ersan Ilyasova,Hakim Warrick,2,2:28,ORL,rebound,,,,,,,,,,Dwight Howard,,,,,,def,,
Brandon Bass,Dwight Howard,Jason Williams,Mickael Pietrus,Vince Carter,Brandon Jennings,Carlos Delfino,Charlie Bell,Ersan Ilyasova,Hakim Warrick,2,2:10,ORL,shot,,,,,,,,,,Mickael Pietrus,,,,missed,,3pt,2,11
Brandon Bass,Dwight Howard,Jason Williams,Mickael Pietrus,Vince Carter,Brandon Jennings,Carlos Delfino,Charlie Bell,Ersan Ilyasova,Hakim Warrick,2,2:09,ORL,rebound,,,,,,,,,,Brandon Bass,,,,,,off,,
Brandon Bass,Dwight Howard,Jason Williams,Mickael Pietrus,Vince Carter,Brandon Jennings,Carlos Delfino,Charlie Bell,Ersan Ilyasova,Hakim Warrick,2,2:05,ORL,shot,,,,,,,,,,Brandon Bass,2,,,made,,tip,25,6
Brandon Bass,Dwight Howard,Jason Williams,Mickael Pietrus,Vince Carter,Brandon Jennings,Carlos Delfino,Charlie Bell,Ersan Ilyasova,Hakim Warrick,2,1:49,MIL,shot,,,,,,,,,,Ersan Ilyasova,,,,missed,,jump,40,12
Brandon Bass,Dwight Howard,Jason Williams,Mickael Pietrus,Vince Carter,Brandon Jennings,Carlos Delfino,Charlie Bell,Ersan Ilyasova,Hakim Warrick,2,1:48,ORL,rebound,,,,,,,,,,Dwight Howard,,,,,,def,,
Brandon Bass,Dwight Howard,Jason Williams,Mickael Pietrus,Vince Carter,Brandon Jennings,Carlos Delfino,Charlie Bell,Ersan Ilyasova,Hakim Warrick,2,1:38,ORL,shot,,,,,,,,,,Brandon Bass,2,,,made,,layup,25,6
Brandon Bass,Dwight Howard,Jason Williams,Mickael Pietrus,Vince Carter,Brandon Jennings,Carlos Delfino,Charlie Bell,Ersan Ilyasova,Hakim Warrick,2,1:38,MIL,foul,,,,,,,,Brandon Bass,,Ersan Ilyasova,,,,,,shooting,,
Brandon Bass,Dwight Howard,Jason Williams,Mickael Pietrus,Vince Carter,Brandon Jennings,Carlos Delfino,Charlie Bell,Ersan Ilyasova,Hakim Warrick,2,1:38,ORL,free throw,,,,,,,1,,1,Brandon Bass,,,foul,made,,,,
Brandon Bass,Dwight Howard,Jason Williams,Mickael Pietrus,Vince Carter,Brandon Jennings,Carlos Delfino,Charlie Bell,Ersan Ilyasova,Hakim Warrick,2,1:30,ORL,foul,,,,,,,,Carlos Delfino,,Mickael Pietrus,,,,,,personal,,
Brandon Bass,Dwight Howard,Jason Williams,Mickael Pietrus,Vince Carter,Brandon Jennings,Carlos Delfino,Charlie Bell,Ersan Ilyasova,Hakim Warrick,2,1:30,MIL,free throw,,,,,,,1,,2,Carlos Delfino,,,foul,missed,,,,
Brandon Bass,Dwight Howard,Jason Williams,Mickael Pietrus,Vince Carter,Brandon Jennings,Carlos Delfino,Charlie Bell,Ersan Ilyasova,Hakim Warrick,2,1:30,MIL,rebound,,,,,,,,,,,,,,,,,,
Brandon Bass,Dwight Howard,Jason Williams,Mickael Pietrus,Vince Carter,Brandon Jennings,Carlos Delfino,Charlie Bell,Hakim Warrick,Kurt Thomas,2,1:30,MIL,sub,,,,Kurt Thomas,,Ersan Ilyasova,,,,,,,,,,,,
Brandon Bass,Dwight Howard,J.J. Redick,Jason Williams,Vince Carter,Brandon Jennings,Carlos Delfino,Charlie Bell,Hakim Warrick,Kurt Thomas,2,1:30,ORL,sub,,,,J.J. Redick,,Mickael Pietrus,,,,,,,,,,,,
Brandon Bass,Dwight Howard,J.J. Redick,Jason Williams,Vince Carter,Brandon Jennings,Carlos Delfino,Charlie Bell,Hakim Warrick,Kurt Thomas,2,1:30,MIL,free throw,,,,,,,2,,2,Carlos Delfino,,,foul,made,,,,
Brandon Bass,Dwight Howard,J.J. Redick,Jason Williams,Vince Carter,Brandon Jennings,Carlos Delfino,Charlie Bell,Hakim Warrick,Kurt Thomas,2,1:20,ORL,shot,Jason Williams,,,,,,,,,Dwight Howard,2,,,made,,alley oop dunk,25,6
Brandon Bass,Dwight Howard,J.J. Redick,Jason Williams,Vince Carter,Brandon Jennings,Carlos Delfino,Charlie Bell,Hakim Warrick,Kurt Thomas,2,0:58,MIL,shot,,,,,,,,,,Hakim Warrick,,,,missed,,layup,25,6
Brandon Bass,Dwight Howard,J.J. Redick,Jason Williams,Vince Carter,Brandon Jennings,Carlos Delfino,Charlie Bell,Hakim Warrick,Kurt Thomas,2,0:56,MIL,rebound,,,,,,,,,,Kurt Thomas,,,,,,off,,
Brandon Bass,Dwight Howard,J.J. Redick,Jason Williams,Vince Carter,Brandon Jennings,Carlos Delfino,Charlie Bell,Hakim Warrick,Kurt Thomas,2,0:52,MIL,shot,,,Brandon Bass,,,,,,,Kurt Thomas,,,,missed,,layup,25,6
Brandon Bass,Dwight Howard,J.J. Redick,Jason Williams,Vince Carter,Brandon Jennings,Carlos Delfino,Charlie Bell,Hakim Warrick,Kurt Thomas,2,0:48,ORL,rebound,,,,,,,,,,Dwight Howard,,,,,,def,,
Brandon Bass,Dwight Howard,J.J. Redick,Jason Williams,Vince Carter,Brandon Jennings,Carlos Delfino,Charlie Bell,Hakim Warrick,Kurt Thomas,2,0:47,ORL,shot,Jason Williams,,,,,,,,,Dwight Howard,2,,,made,,layup,25,6
Brandon Bass,Dwight Howard,J.J. Redick,Jason Williams,Vince Carter,Brandon Jennings,Carlos Delfino,Charlie Bell,Hakim Warrick,Kurt Thomas,2,0:47,MIL,foul,,,,,,,,Dwight Howard,,Brandon Jennings,,,,,,shooting,,
Brandon Bass,Dwight Howard,J.J. Redick,Jason Williams,Vince Carter,Brandon Jennings,Carlos Delfino,Charlie Bell,Hakim Warrick,Kurt Thomas,2,0:47,ORL,free throw,,,,,,,1,,1,Dwight Howard,,,foul,missed,,,,
Brandon Bass,Dwight Howard,J.J. Redick,Jason Williams,Vince Carter,Brandon Jennings,Carlos Delfino,Charlie Bell,Hakim Warrick,Kurt Thomas,2,0:47,ORL,rebound,,,,,,,,,,,,,,,,,,
Brandon Bass,Dwight Howard,J.J. Redick,Jason Williams,Vince Carter,Brandon Jennings,Carlos Delfino,Charlie Bell,Hakim Warrick,Kurt Thomas,2,0:42,MIL,rebound,,,,,,,,,,Hakim Warrick,,,,,,def,,
Brandon Bass,Dwight Howard,J.J. Redick,Jason Williams,Vince Carter,Brandon Jennings,Carlos Delfino,Charlie Bell,Hakim Warrick,Kurt Thomas,2,0:28,MIL,shot,Kurt Thomas,,,,,,,,,Brandon Jennings,2,,,made,,jump,13,23
Brandon Bass,Dwight Howard,J.J. Redick,Jason Williams,Vince Carter,Brandon Jennings,Carlos Delfino,Charlie Bell,Hakim Warrick,Kurt Thomas,2,0:15,ORL,shot,,,,,,,,,,Vince Carter,2,,,made,,jump,36,25
Brandon Bass,Dwight Howard,J.J. Redick,Jason Williams,Vince Carter,Brandon Jennings,Carlos Delfino,Charlie Bell,Hakim Warrick,Kurt Thomas,2,0:02,MIL,shot,,,,,,,,,,Brandon Jennings,,,,missed,,jump,18,28
Brandon Bass,Dwight Howard,J.J. Redick,Jason Williams,Vince Carter,Brandon Jennings,Carlos Delfino,Charlie Bell,Hakim Warrick,Kurt Thomas,2,0:00,ORL,rebound,,,,,,,,,,Brandon Bass,,,,,,def,,
Dwight Howard,Jason Williams,Mickael Pietrus,Rashard Lewis,Vince Carter,Brandon Jennings,Carlos Delfino,Charlie Bell,Dan Gadzuric,Ersan Ilyasova,3,11:46,MIL,shot,Ersan Ilyasova,,,,,,,,,Charlie Bell,3,,,made,,3pt,2,7
Dwight Howard,Jason Williams,Mickael Pietrus,Rashard Lewis,Vince Carter,Brandon Jennings,Carlos Delfino,Charlie Bell,Dan Gadzuric,Ersan Ilyasova,3,11:23,ORL,shot,,,Carlos Delfino,,,,,,,Vince Carter,,,,missed,,layup,25,6
Dwight Howard,Jason Williams,Mickael Pietrus,Rashard Lewis,Vince Carter,Brandon Jennings,Carlos Delfino,Charlie Bell,Dan Gadzuric,Ersan Ilyasova,3,11:23,ORL,rebound,,,,,,,,,,,,,,,,,,
Dwight Howard,Jason Williams,Mickael Pietrus,Rashard Lewis,Vince Carter,Brandon Jennings,Carlos Delfino,Charlie Bell,Dan Gadzuric,Ersan Ilyasova,3,11:20,ORL,shot,Mickael Pietrus,,,,,,,,,Vince Carter,2,,,made,,jump,13,10
Dwight Howard,Jason Williams,Mickael Pietrus,Rashard Lewis,Vince Carter,Brandon Jennings,Carlos Delfino,Charlie Bell,Dan Gadzuric,Ersan Ilyasova,3,10:59,MIL,shot,,,,,,,,,,Charlie Bell,,,,missed,,jump,30,26
Dwight Howard,Jason Williams,Mickael Pietrus,Rashard Lewis,Vince Carter,Brandon Jennings,Carlos Delfino,Charlie Bell,Dan Gadzuric,Ersan Ilyasova,3,10:58,ORL,rebound,,,,,,,,,,Jason Williams,,,,,,def,,
Dwight Howard,Jason Williams,Mickael Pietrus,Rashard Lewis,Vince Carter,Brandon Jennings,Carlos Delfino,Charlie Bell,Dan Gadzuric,Ersan Ilyasova,3,10:50,ORL,shot,,,,,,,,,,Vince Carter,,,,missed,,3pt,23,32
Dwight Howard,Jason Williams,Mickael Pietrus,Rashard Lewis,Vince Carter,Brandon Jennings,Carlos Delfino,Charlie Bell,Dan Gadzuric,Ersan Ilyasova,3,10:49,MIL,rebound,,,,,,,,,,Dan Gadzuric,,,,,,def,,
Dwight Howard,Jason Williams,Mickael Pietrus,Rashard Lewis,Vince Carter,Brandon Jennings,Carlos Delfino,Charlie Bell,Dan Gadzuric,Ersan Ilyasova,3,10:42,ORL,foul,,,,,,,,Brandon Jennings,,Jason Williams,,,,,,personal,,
Dwight Howard,Jason Williams,Mickael Pietrus,Rashard Lewis,Vince Carter,Brandon Jennings,Carlos Delfino,Charlie Bell,Dan Gadzuric,Ersan Ilyasova,3,10:32,MIL,turnover,,,,,,,,,,Charlie Bell,,,bad pass,,Mickael Pietrus,,,
Dwight Howard,Jason Williams,Mickael Pietrus,Rashard Lewis,Vince Carter,Brandon Jennings,Carlos Delfino,Charlie Bell,Dan Gadzuric,Ersan Ilyasova,3,10:25,ORL,turnover,,,,,,,,,,Vince Carter,,,bad pass,,,,,
Dwight Howard,Jason Williams,Mickael Pietrus,Rashard Lewis,Vince Carter,Brandon Jennings,Carlos Delfino,Charlie Bell,Dan Gadzuric,Ersan Ilyasova,3,10:25,ORL,timeout,,,,,,,,,,,,,,,,regular,,
Dwight Howard,Jason Williams,Mickael Pietrus,Rashard Lewis,Vince Carter,Brandon Jennings,Carlos Delfino,Charlie Bell,Dan Gadzuric,Ersan Ilyasova,3,10:06,MIL,shot,,,,,,,,,,Dan Gadzuric,,,,missed,,jump,14,14
Dwight Howard,Jason Williams,Mickael Pietrus,Rashard Lewis,Vince Carter,Brandon Jennings,Carlos Delfino,Charlie Bell,Dan Gadzuric,Ersan Ilyasova,3,10:05,ORL,rebound,,,,,,,,,,Vince Carter,,,,,,def,,
Dwight Howard,Jason Williams,Mickael Pietrus,Rashard Lewis,Vince Carter,Brandon Jennings,Carlos Delfino,Charlie Bell,Dan Gadzuric,Ersan Ilyasova,3,10:00,MIL,foul,,,,,,,,Dwight Howard,,Dan Gadzuric,,,,,,personal,,
Dwight Howard,Jason Williams,Mickael Pietrus,Rashard Lewis,Vince Carter,Brandon Jennings,Carlos Delfino,Charlie Bell,Dan Gadzuric,Ersan Ilyasova,3,9:49,ORL,turnover,,,,,,,,,,Dwight Howard,,,bad pass,,Charlie Bell,,,
Dwight Howard,Jason Williams,Mickael Pietrus,Rashard Lewis,Vince Carter,Brandon Jennings,Carlos Delfino,Charlie Bell,Dan Gadzuric,Ersan Ilyasova,3,9:42,ORL,foul,,,,,,,,Charlie Bell,,Vince Carter,,,,,,shooting,,
Dwight Howard,Jason Williams,Mickael Pietrus,Rashard Lewis,Vince Carter,Brandon Jennings,Carlos Delfino,Charlie Bell,Dan Gadzuric,Ersan Ilyasova,3,9:42,MIL,free throw,,,,,,,1,,2,Charlie Bell,,,foul,made,,,,
Dwight Howard,Jason Williams,Mickael Pietrus,Rashard Lewis,Vince Carter,Brandon Jennings,Carlos Delfino,Charlie Bell,Dan Gadzuric,Ersan Ilyasova,3,9:42,MIL,free throw,,,,,,,2,,2,Charlie Bell,,,foul,made,,,,
Dwight Howard,Jason Williams,Mickael Pietrus,Rashard Lewis,Vince Carter,Brandon Jennings,Carlos Delfino,Charlie Bell,Dan Gadzuric,Ersan Ilyasova,3,9:27,ORL,shot,,,,,,,,,,Dwight Howard,2,,,made,,hook,24,12
Dwight Howard,Jason Williams,Mickael Pietrus,Rashard Lewis,Vince Carter,Brandon Jennings,Carlos Delfino,Charlie Bell,Dan Gadzuric,Ersan Ilyasova,3,9:27,MIL,foul,,,,,,,,Dwight Howard,,Dan Gadzuric,,,,,,shooting,,
Dwight Howard,Jason Williams,Mickael Pietrus,Rashard Lewis,Vince Carter,Brandon Jennings,Carlos Delfino,Charlie Bell,Ersan Ilyasova,Kurt Thomas,3,9:27,MIL,sub,,,,Kurt Thomas,,Dan Gadzuric,,,,,,,,,,,,
Dwight Howard,Jason Williams,Mickael Pietrus,Rashard Lewis,Vince Carter,Brandon Jennings,Carlos Delfino,Charlie Bell,Ersan Ilyasova,Kurt Thomas,3,9:27,ORL,free throw,,,,,,,1,,1,Dwight Howard,,,foul,missed,,,,
Dwight Howard,Jason Williams,Mickael Pietrus,Rashard Lewis,Vince Carter,Brandon Jennings,Carlos Delfino,Charlie Bell,Ersan Ilyasova,Kurt Thomas,3,9:25,MIL,rebound,,,,,,,,,,Ersan Ilyasova,,,,,,def,,
Dwight Howard,Jason Williams,Mickael Pietrus,Rashard Lewis,Vince Carter,Brandon Jennings,Carlos Delfino,Charlie Bell,Ersan Ilyasova,Kurt Thomas,3,9:10,MIL,shot,,,Rashard Lewis,,,,,,,Carlos Delfino,,,,missed,,layup,25,6
Dwight Howard,Jason Williams,Mickael Pietrus,Rashard Lewis,Vince Carter,Brandon Jennings,Carlos Delfino,Charlie Bell,Ersan Ilyasova,Kurt Thomas,3,9:07,MIL,rebound,,,,,,,,,,Ersan Ilyasova,,,,,,off,,
Dwight Howard,Jason Williams,Mickael Pietrus,Rashard Lewis,Vince Carter,Brandon Jennings,Carlos Delfino,Charlie Bell,Ersan Ilyasova,Kurt Thomas,3,9:04,MIL,shot,,,Rashard Lewis,,,,,,,Ersan Ilyasova,,,,missed,,layup,25,6
Dwight Howard,Jason Williams,Mickael Pietrus,Rashard Lewis,Vince Carter,Brandon Jennings,Carlos Delfino,Charlie Bell,Ersan Ilyasova,Kurt Thomas,3,9:02,ORL,rebound,,,,,,,,,,Jason Williams,,,,,,def,,
Dwight Howard,Jason Williams,Mickael Pietrus,Rashard Lewis,Vince Carter,Brandon Jennings,Carlos Delfino,Charlie Bell,Ersan Ilyasova,Kurt Thomas,3,8:50,ORL,shot,,,,,,,,,,Dwight Howard,2,,,made,,turnaround jump,16,9
Dwight Howard,Jason Williams,Mickael Pietrus,Rashard Lewis,Vince Carter,Brandon Jennings,Carlos Delfino,Charlie Bell,Ersan Ilyasova,Kurt Thomas,3,8:34,MIL,shot,,,,,,,,,,Brandon Jennings,2,,,made,,driving layup,25,6
Dwight Howard,Jason Williams,Mickael Pietrus,Rashard Lewis,Vince Carter,Brandon Jennings,Carlos Delfino,Charlie Bell,Ersan Ilyasova,Kurt Thomas,3,8:15,ORL,shot,,,,,,,,,,Dwight Howard,,,,missed,,3pt,5,23
Dwight Howard,Jason Williams,Mickael Pietrus,Rashard Lewis,Vince Carter,Brandon Jennings,Carlos Delfino,Charlie Bell,Ersan Ilyasova,Kurt Thomas,3,8:14,MIL,rebound,,,,,,,,,,Kurt Thomas,,,,,,def,,
Dwight Howard,Jason Williams,Mickael Pietrus,Rashard Lewis,Vince Carter,Brandon Jennings,Carlos Delfino,Charlie Bell,Ersan Ilyasova,Kurt Thomas,3,8:07,MIL,shot,,,,,,,,,,Brandon Jennings,,,,missed,,3pt,7,26
Dwight Howard,Jason Williams,Mickael Pietrus,Rashard Lewis,Vince Carter,Brandon Jennings,Carlos Delfino,Charlie Bell,Ersan Ilyasova,Kurt Thomas,3,8:06,ORL,rebound,,,,,,,,,,Rashard Lewis,,,,,,def,,
Dwight Howard,Jason Williams,Mickael Pietrus,Rashard Lewis,Vince Carter,Brandon Jennings,Carlos Delfino,Charlie Bell,Ersan Ilyasova,Kurt Thomas,3,7:50,MIL,foul,,,,,,,,Rashard Lewis,,Ersan Ilyasova,,,,,,personal,,
Dwight Howard,Jason Williams,Mickael Pietrus,Rashard Lewis,Vince Carter,Brandon Jennings,Carlos Delfino,Charlie Bell,Ersan Ilyasova,Kurt Thomas,3,7:40,ORL,shot,,,,,,,,,,Vince Carter,,,,missed,,jump,37,19
Dwight Howard,Jason Williams,Mickael Pietrus,Rashard Lewis,Vince Carter,Brandon Jennings,Carlos Delfino,Charlie Bell,Ersan Ilyasova,Kurt Thomas,3,7:39,MIL,rebound,,,,,,,,,,Ersan Ilyasova,,,,,,def,,
Dwight Howard,Jason Williams,Mickael Pietrus,Rashard Lewis,Vince Carter,Brandon Jennings,Carlos Delfino,Charlie Bell,Ersan Ilyasova,Kurt Thomas,3,7:30,MIL,shot,Brandon Jennings,,,,,,,,,Ersan Ilyasova,2,,,made,,jump,44,20
Dwight Howard,Jason Williams,Mickael Pietrus,Rashard Lewis,Vince Carter,Brandon Jennings,Carlos Delfino,Charlie Bell,Ersan Ilyasova,Kurt Thomas,3,7:10,ORL,shot,,,Carlos Delfino,,,,,,,Mickael Pietrus,,,,missed,,layup,25,6
Dwight Howard,Jason Williams,Mickael Pietrus,Rashard Lewis,Vince Carter,Brandon Jennings,Carlos Delfino,Charlie Bell,Ersan Ilyasova,Kurt Thomas,3,7:09,MIL,rebound,,,,,,,,,,,,,,,,,,
Dwight Howard,Jason Williams,Mickael Pietrus,Rashard Lewis,Vince Carter,Brandon Jennings,Carlos Delfino,Charlie Bell,Ersan Ilyasova,Kurt Thomas,3,6:59,MIL,shot,,,,,,,,,,Brandon Jennings,3,,,made,,3pt,8,25
Dwight Howard,Jason Williams,Mickael Pietrus,Rashard Lewis,Vince Carter,Brandon Jennings,Carlos Delfino,Charlie Bell,Ersan Ilyasova,Kurt Thomas,3,6:32,ORL,shot,Vince Carter,,,,,,,,,Jason Williams,3,,,made,,3pt,2,6
Dwight Howard,Jason Williams,Mickael Pietrus,Rashard Lewis,Vince Carter,Brandon Jennings,Carlos Delfino,Charlie Bell,Ersan Ilyasova,Kurt Thomas,3,6:31,ORL,violation,,,,,,,,,,,,,,,,delay of game,,
Dwight Howard,Jason Williams,Mickael Pietrus,Rashard Lewis,Vince Carter,Brandon Jennings,Carlos Delfino,Charlie Bell,Ersan Ilyasova,Kurt Thomas,3,6:20,MIL,shot,,,Dwight Howard,,,,,,,Brandon Jennings,,,,missed,,layup,25,6
Dwight Howard,Jason Williams,Mickael Pietrus,Rashard Lewis,Vince Carter,Brandon Jennings,Carlos Delfino,Charlie Bell,Ersan Ilyasova,Kurt Thomas,3,6:17,MIL,rebound,,,,,,,,,,Carlos Delfino,,,,,,off,,
Dwight Howard,Jason Williams,Mickael Pietrus,Rashard Lewis,Vince Carter,Brandon Jennings,Carlos Delfino,Charlie Bell,Ersan Ilyasova,Kurt Thomas,3,6:11,MIL,shot,,,,,,,,,,Ersan Ilyasova,,,,missed,,3pt,39,28
Dwight Howard,Jason Williams,Mickael Pietrus,Rashard Lewis,Vince Carter,Brandon Jennings,Carlos Delfino,Charlie Bell,Ersan Ilyasova,Kurt Thomas,3,6:10,MIL,rebound,,,,,,,,,,Charlie Bell,,,,,,off,,
Dwight Howard,Jason Williams,Mickael Pietrus,Rashard Lewis,Vince Carter,Brandon Jennings,Carlos Delfino,Charlie Bell,Ersan Ilyasova,Kurt Thomas,3,5:49,MIL,shot,,,,,,,,,,Brandon Jennings,,,,missed,,3pt,38,28
Dwight Howard,Jason Williams,Mickael Pietrus,Rashard Lewis,Vince Carter,Brandon Jennings,Carlos Delfino,Charlie Bell,Ersan Ilyasova,Kurt Thomas,3,5:47,MIL,rebound,,,,,,,,,,Ersan Ilyasova,,,,,,off,,
Dwight Howard,Jason Williams,Mickael Pietrus,Rashard Lewis,Vince Carter,Brandon Jennings,Carlos Delfino,Charlie Bell,Ersan Ilyasova,Kurt Thomas,3,5:41,MIL,timeout,,,,,,,,,,,,,,,,regular,,
Dwight Howard,Jason Williams,Mickael Pietrus,Rashard Lewis,Vince Carter,Brandon Jennings,Carlos Delfino,Charlie Bell,Ersan Ilyasova,Kurt Thomas,3,5:27,MIL,shot,,,Dwight Howard,,,,,,,Carlos Delfino,,,,missed,,layup,25,6
Dwight Howard,Jason Williams,Mickael Pietrus,Rashard Lewis,Vince Carter,Brandon Jennings,Carlos Delfino,Charlie Bell,Ersan Ilyasova,Kurt Thomas,3,5:27,ORL,rebound,,,,,,,,,,,,,,,,,,
Dwight Howard,Jason Williams,Mickael Pietrus,Rashard Lewis,Vince Carter,Brandon Jennings,Carlos Delfino,Charlie Bell,Ersan Ilyasova,Kurt Thomas,3,5:08,ORL,turnover,,,,,,,,,,Dwight Howard,,,lost ball,,Kurt Thomas,,,
Dwight Howard,Jason Williams,Mickael Pietrus,Rashard Lewis,Vince Carter,Brandon Jennings,Carlos Delfino,Charlie Bell,Ersan Ilyasova,Kurt Thomas,3,4:59,MIL,shot,,,,,,,,,,Kurt Thomas,,,,missed,,jump,13,19
Dwight Howard,Jason Williams,Mickael Pietrus,Rashard Lewis,Vince Carter,Brandon Jennings,Carlos Delfino,Charlie Bell,Ersan Ilyasova,Kurt Thomas,3,4:57,ORL,rebound,,,,,,,,,,Vince Carter,,,,,,def,,
Dwight Howard,Jason Williams,Mickael Pietrus,Rashard Lewis,Vince Carter,Brandon Jennings,Carlos Delfino,Charlie Bell,Ersan Ilyasova,Kurt Thomas,3,4:44,ORL,shot,Jason Williams,,,,,,,,,Vince Carter,2,,,made,,layup,25,6
Dwight Howard,Jason Williams,Mickael Pietrus,Rashard Lewis,Vince Carter,Brandon Jennings,Charlie Bell,Ersan Ilyasova,Kurt Thomas,Luke Ridnour,3,4:22,MIL,sub,,,,Luke Ridnour,,Carlos Delfino,,,,,,,,,,,,
Dwight Howard,Jason Williams,Mickael Pietrus,Rashard Lewis,Vince Carter,Brandon Jennings,Charlie Bell,Ersan Ilyasova,Kurt Thomas,Luke Ridnour,3,4:20,MIL,shot,Luke Ridnour,,,,,,,,,Ersan Ilyasova,2,,,made,,jump,42,12
Dwight Howard,Jason Williams,Mickael Pietrus,Rashard Lewis,Vince Carter,Brandon Jennings,Charlie Bell,Ersan Ilyasova,Kurt Thomas,Luke Ridnour,3,3:59,ORL,shot,Jason Williams,,,,,,,,,Dwight Howard,2,,,made,,hook,26,13
Dwight Howard,Jason Williams,Mickael Pietrus,Rashard Lewis,Vince Carter,Brandon Jennings,Charlie Bell,Ersan Ilyasova,Kurt Thomas,Luke Ridnour,3,3:39,MIL,shot,,,,,,,,,,Charlie Bell,,,,missed,,3pt,48,18
Dwight Howard,Jason Williams,Mickael Pietrus,Rashard Lewis,Vince Carter,Brandon Jennings,Charlie Bell,Ersan Ilyasova,Kurt Thomas,Luke Ridnour,3,3:37,ORL,rebound,,,,,,,,,,Jason Williams,,,,,,def,,
Dwight Howard,Jason Williams,Mickael Pietrus,Rashard Lewis,Vince Carter,Brandon Jennings,Charlie Bell,Ersan Ilyasova,Kurt Thomas,Luke Ridnour,3,3:29,ORL,shot,Jason Williams,,,,,,,,,Vince Carter,3,,,made,,3pt,40,29
Dwight Howard,Jason Williams,Mickael Pietrus,Rashard Lewis,Vince Carter,Brandon Jennings,Charlie Bell,Ersan Ilyasova,Kurt Thomas,Luke Ridnour,3,3:14,MIL,shot,,,Dwight Howard,,,,,,,Brandon Jennings,,,,missed,,layup,25,6
Dwight Howard,Jason Williams,Mickael Pietrus,Rashard Lewis,Vince Carter,Brandon Jennings,Charlie Bell,Ersan Ilyasova,Kurt Thomas,Luke Ridnour,3,3:11,MIL,rebound,,,,,,,,,,Charlie Bell,,,,,,off,,
Dwight Howard,Jason Williams,Mickael Pietrus,Rashard Lewis,Vince Carter,Brandon Jennings,Charlie Bell,Ersan Ilyasova,Kurt Thomas,Luke Ridnour,3,3:05,MIL,shot,,,,,,,,,,Brandon Jennings,,,,missed,,layup,25,6
Dwight Howard,Jason Williams,Mickael Pietrus,Rashard Lewis,Vince Carter,Brandon Jennings,Charlie Bell,Ersan Ilyasova,Kurt Thomas,Luke Ridnour,3,3:03,MIL,rebound,,,,,,,,,,Kurt Thomas,,,,,,off,,
Dwight Howard,Jason Williams,Mickael Pietrus,Rashard Lewis,Vince Carter,Brandon Jennings,Charlie Bell,Ersan Ilyasova,Kurt Thomas,Luke Ridnour,3,2:57,MIL,shot,,,,,,,,,,Luke Ridnour,2,,,made,,floating jump,29,12
Dwight Howard,Jason Williams,Mickael Pietrus,Rashard Lewis,Vince Carter,Brandon Jennings,Charlie Bell,Ersan Ilyasova,Kurt Thomas,Luke Ridnour,3,2:34,ORL,shot,,,,,,,,,,Dwight Howard,,,,missed,,jump,38,11
Dwight Howard,Jason Williams,Mickael Pietrus,Rashard Lewis,Vince Carter,Brandon Jennings,Charlie Bell,Ersan Ilyasova,Kurt Thomas,Luke Ridnour,3,2:33,MIL,rebound,,,,,,,,,,Ersan Ilyasova,,,,,,def,,
Dwight Howard,Jason Williams,Mickael Pietrus,Rashard Lewis,Vince Carter,Brandon Jennings,Charlie Bell,Ersan Ilyasova,Kurt Thomas,Luke Ridnour,3,2:16,ORL,foul,,,,,,,,Luke Ridnour,,Mickael Pietrus,,,,,,personal,,
Dwight Howard,J.J. Redick,Jason Williams,Rashard Lewis,Vince Carter,Brandon Jennings,Charlie Bell,Ersan Ilyasova,Kurt Thomas,Luke Ridnour,3,2:16,ORL,sub,,,,J.J. Redick,,Mickael Pietrus,,,,,,,,,,,,
Dwight Howard,J.J. Redick,Jason Williams,Rashard Lewis,Vince Carter,Brandon Jennings,Charlie Bell,Hakim Warrick,Kurt Thomas,Luke Ridnour,3,2:16,MIL,sub,,,,Hakim Warrick,,Ersan Ilyasova,,,,,,,,,,,,
Dwight Howard,J.J. Redick,Jason Williams,Rashard Lewis,Vince Carter,Brandon Jennings,Charlie Bell,Hakim Warrick,Kurt Thomas,Luke Ridnour,3,2:05,MIL,shot,,,,,,,,,,Kurt Thomas,,,,missed,,jump,41,11
Dwight Howard,J.J. Redick,Jason Williams,Rashard Lewis,Vince Carter,Brandon Jennings,Charlie Bell,Hakim Warrick,Kurt Thomas,Luke Ridnour,3,2:03,ORL,rebound,,,,,,,,,,Dwight Howard,,,,,,def,,
Dwight Howard,J.J. Redick,Jason Williams,Rashard Lewis,Vince Carter,Brandon Jennings,Charlie Bell,Hakim Warrick,Kurt Thomas,Luke Ridnour,3,1:55,ORL,shot,,,,,,,,,,Jason Williams,3,,,made,,3pt,34,30
Dwight Howard,J.J. Redick,Jason Williams,Rashard Lewis,Vince Carter,Brandon Jennings,Charlie Bell,Hakim Warrick,Kurt Thomas,Luke Ridnour,3,1:38,MIL,turnover,,,,,,,,,,Luke Ridnour,,,bad pass,,Jason Williams,,,
Dwight Howard,J.J. Redick,Jason Williams,Rashard Lewis,Vince Carter,Brandon Jennings,Charlie Bell,Hakim Warrick,Kurt Thomas,Luke Ridnour,3,1:34,ORL,shot,,,,,,,,,,Jason Williams,,,,missed,,3pt,,
Dwight Howard,J.J. Redick,Jason Williams,Rashard Lewis,Vince Carter,Brandon Jennings,Charlie Bell,Hakim Warrick,Kurt Thomas,Luke Ridnour,3,1:31,ORL,rebound,,,,,,,,,,Rashard Lewis,,,,,,off,,
Dwight Howard,J.J. Redick,Jason Williams,Rashard Lewis,Vince Carter,Brandon Jennings,Charlie Bell,Hakim Warrick,Kurt Thomas,Luke Ridnour,3,1:22,ORL,shot,Dwight Howard,,,,,,,,,Jason Williams,3,,,made,,3pt,20,31
Dwight Howard,J.J. Redick,Jason Williams,Rashard Lewis,Vince Carter,Charlie Bell,Hakim Warrick,Jodie Meeks,Kurt Thomas,Luke Ridnour,3,0:54,MIL,sub,,,,Jodie Meeks,,Brandon Jennings,,,,,,,,,,,,
Dwight Howard,J.J. Redick,Jason Williams,Rashard Lewis,Vince Carter,Charlie Bell,Hakim Warrick,Jodie Meeks,Kurt Thomas,Luke Ridnour,3,0:51,MIL,shot,,,,,,,,,,Luke Ridnour,,,,missed,,jump,11,9
Dwight Howard,J.J. Redick,Jason Williams,Rashard Lewis,Vince Carter,Charlie Bell,Hakim Warrick,Jodie Meeks,Kurt Thomas,Luke Ridnour,3,0:49,ORL,rebound,,,,,,,,,,Rashard Lewis,,,,,,def,,
Dwight Howard,J.J. Redick,Jason Williams,Rashard Lewis,Vince Carter,Charlie Bell,Hakim Warrick,Jodie Meeks,Kurt Thomas,Luke Ridnour,3,0:42,ORL,shot,,,,,,,,,,Rashard Lewis,2,,,made,,layup,25,6
Dwight Howard,J.J. Redick,Jason Williams,Rashard Lewis,Vince Carter,Charlie Bell,Hakim Warrick,Jodie Meeks,Kurt Thomas,Luke Ridnour,3,0:42,MIL,foul,,,,,,,,Rashard Lewis,,Kurt Thomas,,,,,,shooting,,
Dwight Howard,J.J. Redick,Jason Williams,Rashard Lewis,Vince Carter,Charlie Bell,Hakim Warrick,Jodie Meeks,Kurt Thomas,Luke Ridnour,3,0:42,ORL,free throw,,,,,,,1,,1,Rashard Lewis,,,foul,missed,,,,
Dwight Howard,J.J. Redick,Jason Williams,Rashard Lewis,Vince Carter,Charlie Bell,Hakim Warrick,Jodie Meeks,Kurt Thomas,Luke Ridnour,3,0:41,ORL,rebound,,,,,,,,,,Rashard Lewis,,,,,,off,,
Dwight Howard,J.J. Redick,Jason Williams,Rashard Lewis,Vince Carter,Charlie Bell,Hakim Warrick,Jodie Meeks,Kurt Thomas,Luke Ridnour,3,0:32,ORL,shot,,,,,,,,,,Vince Carter,2,,,made,,dunk,25,6
Dwight Howard,J.J. Redick,Jason Williams,Rashard Lewis,Vince Carter,Charlie Bell,Hakim Warrick,Jodie Meeks,Kurt Thomas,Luke Ridnour,3,0:12,ORL,foul,,,,,,,,Luke Ridnour,,Dwight Howard,,,,,,personal,,
J.J. Redick,Jason Williams,Marcin Gortat,Rashard Lewis,Vince Carter,Charlie Bell,Hakim Warrick,Jodie Meeks,Kurt Thomas,Luke Ridnour,3,0:12,ORL,sub,,,,Marcin Gortat,,Dwight Howard,,,,,,,,,,,,
J.J. Redick,Jason Williams,Marcin Gortat,Rashard Lewis,Vince Carter,Charlie Bell,Hakim Warrick,Jodie Meeks,Kurt Thomas,Luke Ridnour,3,0:01,MIL,shot,,,,,,,,,,Luke Ridnour,,,,missed,,jump,40,6
J.J. Redick,Jason Williams,Marcin Gortat,Rashard Lewis,Vince Carter,Charlie Bell,Hakim Warrick,Jodie Meeks,Kurt Thomas,Luke Ridnour,3,0:00,ORL,rebound,,,,,,,,,,J.J. Redick,,,,,,def,,
Anthony Johnson,J.J. Redick,Marcin Gortat,Rashard Lewis,Vince Carter,Carlos Delfino,Hakim Warrick,Jodie Meeks,Kurt Thomas,Luke Ridnour,4,11:49,MIL,foul,,,,,,,,Anthony Johnson,,Carlos Delfino,,,,,,personal,,
Anthony Johnson,J.J. Redick,Marcin Gortat,Rashard Lewis,Vince Carter,Carlos Delfino,Hakim Warrick,Jodie Meeks,Kurt Thomas,Luke Ridnour,4,11:43,ORL,shot,,,,,,,,,,Vince Carter,2,,,made,,jump,42,12
Anthony Johnson,J.J. Redick,Marcin Gortat,Rashard Lewis,Vince Carter,Carlos Delfino,Hakim Warrick,Jodie Meeks,Kurt Thomas,Luke Ridnour,4,11:29,ORL,foul,,,,,,,,Hakim Warrick,,Rashard Lewis,,,,,,personal,,
Anthony Johnson,Brandon Bass,J.J. Redick,Marcin Gortat,Vince Carter,Carlos Delfino,Hakim Warrick,Jodie Meeks,Kurt Thomas,Luke Ridnour,4,11:29,ORL,sub,,,,Brandon Bass,,Rashard Lewis,,,,,,,,,,,,
Anthony Johnson,Brandon Bass,J.J. Redick,Marcin Gortat,Vince Carter,Carlos Delfino,Hakim Warrick,Jodie Meeks,Kurt Thomas,Luke Ridnour,4,11:22,MIL,shot,Kurt Thomas,,,,,,,,,Hakim Warrick,2,,,made,,dunk,25,6
Anthony Johnson,Brandon Bass,J.J. Redick,Marcin Gortat,Vince Carter,Carlos Delfino,Hakim Warrick,Jodie Meeks,Kurt Thomas,Luke Ridnour,4,11:07,MIL,foul,,,,,,,,J.J. Redick,,Hakim Warrick,,,,,,shooting,,
Anthony Johnson,Brandon Bass,J.J. Redick,Marcin Gortat,Vince Carter,Carlos Delfino,Hakim Warrick,Jodie Meeks,Kurt Thomas,Luke Ridnour,4,11:07,ORL,free throw,,,,,,,1,,2,J.J. Redick,,,foul,missed,,,,
Anthony Johnson,Brandon Bass,J.J. Redick,Marcin Gortat,Vince Carter,Carlos Delfino,Hakim Warrick,Jodie Meeks,Kurt Thomas,Luke Ridnour,4,11:07,ORL,rebound,,,,,,,,,,,,,,,,,,
Anthony Johnson,Brandon Bass,J.J. Redick,Marcin Gortat,Vince Carter,Carlos Delfino,Hakim Warrick,Jodie Meeks,Kurt Thomas,Luke Ridnour,4,11:07,ORL,free throw,,,,,,,2,,2,J.J. Redick,,,foul,missed,,,,
Anthony Johnson,Brandon Bass,J.J. Redick,Marcin Gortat,Vince Carter,Carlos Delfino,Hakim Warrick,Jodie Meeks,Kurt Thomas,Luke Ridnour,4,11:06,ORL,rebound,,,,,,,,,,,,,,,,,,
Anthony Johnson,Brandon Bass,J.J. Redick,Marcin Gortat,Vince Carter,Carlos Delfino,Hakim Warrick,Jodie Meeks,Kurt Thomas,Luke Ridnour,4,11:06,MIL,foul,,,,,,,,Marcin Gortat,,Kurt Thomas,,,,,,personal,,
Anthony Johnson,Brandon Bass,J.J. Redick,Marcin Gortat,Vince Carter,Carlos Delfino,Hakim Warrick,Jodie Meeks,Kurt Thomas,Luke Ridnour,4,10:58,ORL,foul,,,,,,,,Hakim Warrick,,Brandon Bass,,,,,,offensive,,
Anthony Johnson,Brandon Bass,J.J. Redick,Marcin Gortat,Vince Carter,Carlos Delfino,Hakim Warrick,Jodie Meeks,Kurt Thomas,Luke Ridnour,4,10:58,ORL,turnover,,,,,,,,,,Brandon Bass,,,foul,,,,,
Anthony Johnson,Brandon Bass,J.J. Redick,Marcin Gortat,Vince Carter,Carlos Delfino,Hakim Warrick,Jodie Meeks,Kurt Thomas,Luke Ridnour,4,10:43,MIL,shot,,,,,,,,,,Carlos Delfino,3,,,made,,3pt,6,24
Anthony Johnson,Brandon Bass,J.J. Redick,Marcin Gortat,Vince Carter,Carlos Delfino,Hakim Warrick,Jodie Meeks,Kurt Thomas,Luke Ridnour,4,10:22,ORL,turnover,,,,,,,,,,J.J. Redick,,,bad pass,,Carlos Delfino,,,
Anthony Johnson,Brandon Bass,J.J. Redick,Marcin Gortat,Vince Carter,Carlos Delfino,Hakim Warrick,Jodie Meeks,Kurt Thomas,Luke Ridnour,4,10:20,ORL,foul,,,,,,,,Carlos Delfino,,Brandon Bass,,,,,,shooting,,
Anthony Johnson,Brandon Bass,J.J. Redick,Marcin Gortat,Vince Carter,Carlos Delfino,Hakim Warrick,Jodie Meeks,Kurt Thomas,Luke Ridnour,4,10:20,MIL,free throw,,,,,,,1,,2,Carlos Delfino,,,foul,made,,,,
Anthony Johnson,Brandon Bass,J.J. Redick,Marcin Gortat,Vince Carter,Carlos Delfino,Ersan Ilyasova,Hakim Warrick,Jodie Meeks,Luke Ridnour,4,10:20,MIL,sub,,,,Ersan Ilyasova,,Kurt Thomas,,,,,,,,,,,,
Anthony Johnson,Brandon Bass,J.J. Redick,Marcin Gortat,Vince Carter,Carlos Delfino,Ersan Ilyasova,Hakim Warrick,Jodie Meeks,Luke Ridnour,4,10:20,MIL,free throw,,,,,,,2,,2,Carlos Delfino,,,foul,made,,,,
Anthony Johnson,Brandon Bass,J.J. Redick,Marcin Gortat,Vince Carter,Carlos Delfino,Ersan Ilyasova,Hakim Warrick,Jodie Meeks,Luke Ridnour,4,10:05,MIL,foul,,,,,,,,,,Ersan Ilyasova,,,,,,defense 3 second,,
Anthony Johnson,Brandon Bass,J.J. Redick,Marcin Gortat,Vince Carter,Carlos Delfino,Ersan Ilyasova,Hakim Warrick,Jodie Meeks,Luke Ridnour,4,10:05,ORL,free throw,,,,,,,1,,1,Vince Carter,,,technical,made,,,,
Anthony Johnson,Brandon Bass,J.J. Redick,Marcin Gortat,Vince Carter,Carlos Delfino,Ersan Ilyasova,Hakim Warrick,Jodie Meeks,Luke Ridnour,4,9:58,ORL,shot,,,,,,,,,,Vince Carter,,,,missed,,layup,25,6
Anthony Johnson,Brandon Bass,J.J. Redick,Marcin Gortat,Vince Carter,Carlos Delfino,Ersan Ilyasova,Hakim Warrick,Jodie Meeks,Luke Ridnour,4,9:55,ORL,rebound,,,,,,,,,,Vince Carter,,,,,,off,,
Anthony Johnson,Brandon Bass,J.J. Redick,Marcin Gortat,Vince Carter,Carlos Delfino,Ersan Ilyasova,Hakim Warrick,Jodie Meeks,Luke Ridnour,4,9:55,ORL,shot,,,,,,,,,,Vince Carter,2,,,made,,tip,25,6
Anthony Johnson,Brandon Bass,J.J. Redick,Marcin Gortat,Vince Carter,Carlos Delfino,Ersan Ilyasova,Hakim Warrick,Jodie Meeks,Luke Ridnour,4,9:43,MIL,shot,,,,,,,,,,Ersan Ilyasova,,,,missed,,3pt,42,25
Anthony Johnson,Brandon Bass,J.J. Redick,Marcin Gortat,Vince Carter,Carlos Delfino,Ersan Ilyasova,Hakim Warrick,Jodie Meeks,Luke Ridnour,4,9:42,ORL,rebound,,,,,,,,,,Brandon Bass,,,,,,def,,
Anthony Johnson,Brandon Bass,J.J. Redick,Marcin Gortat,Vince Carter,Carlos Delfino,Ersan Ilyasova,Hakim Warrick,Jodie Meeks,Luke Ridnour,4,9:35,ORL,foul,,,,,,,,Ersan Ilyasova,,Marcin Gortat,,,,,,offensive,,
Anthony Johnson,Brandon Bass,J.J. Redick,Marcin Gortat,Vince Carter,Carlos Delfino,Ersan Ilyasova,Hakim Warrick,Jodie Meeks,Luke Ridnour,4,9:35,ORL,turnover,,,,,,,,,,Marcin Gortat,,,foul,,,,,
Anthony Johnson,Brandon Bass,J.J. Redick,Marcin Gortat,Vince Carter,Carlos Delfino,Ersan Ilyasova,Hakim Warrick,Jodie Meeks,Luke Ridnour,4,9:22,MIL,turnover,,,,,,,,,,Luke Ridnour,,,traveling,,,,,
Anthony Johnson,Brandon Bass,J.J. Redick,Marcin Gortat,Vince Carter,Carlos Delfino,Ersan Ilyasova,Hakim Warrick,Jodie Meeks,Luke Ridnour,4,9:05,ORL,shot,,,,,,,,,,Vince Carter,,,,missed,,jump,7,20
Anthony Johnson,Brandon Bass,J.J. Redick,Marcin Gortat,Vince Carter,Carlos Delfino,Ersan Ilyasova,Hakim Warrick,Jodie Meeks,Luke Ridnour,4,9:03,MIL,rebound,,,,,,,,,,Luke Ridnour,,,,,,def,,
Anthony Johnson,Brandon Bass,J.J. Redick,Marcin Gortat,Vince Carter,Carlos Delfino,Ersan Ilyasova,Hakim Warrick,Jodie Meeks,Luke Ridnour,4,9:03,ORL,foul,,,,,,,,Luke Ridnour,,Vince Carter,,,,,,personal,,
Anthony Johnson,Brandon Bass,J.J. Redick,Marcin Gortat,Vince Carter,Carlos Delfino,Ersan Ilyasova,Hakim Warrick,Jodie Meeks,Luke Ridnour,4,8:55,MIL,shot,,,,,,,,,,Hakim Warrick,,,,missed,,jump,15,20
Anthony Johnson,Brandon Bass,J.J. Redick,Marcin Gortat,Vince Carter,Carlos Delfino,Ersan Ilyasova,Hakim Warrick,Jodie Meeks,Luke Ridnour,4,8:53,ORL,rebound,,,,,,,,,,J.J. Redick,,,,,,def,,
Anthony Johnson,Brandon Bass,J.J. Redick,Marcin Gortat,Vince Carter,Carlos Delfino,Ersan Ilyasova,Hakim Warrick,Jodie Meeks,Luke Ridnour,4,8:45,ORL,shot,,,,,,,,,,Vince Carter,,,,missed,,layup,25,6
Anthony Johnson,Brandon Bass,J.J. Redick,Marcin Gortat,Vince Carter,Carlos Delfino,Ersan Ilyasova,Hakim Warrick,Jodie Meeks,Luke Ridnour,4,8:44,ORL,rebound,,,,,,,,,,Brandon Bass,,,,,,off,,
Anthony Johnson,Brandon Bass,J.J. Redick,Marcin Gortat,Vince Carter,Carlos Delfino,Ersan Ilyasova,Hakim Warrick,Jodie Meeks,Luke Ridnour,4,8:43,ORL,shot,,,,,,,,,,Brandon Bass,2,,,made,,dunk,25,6
Anthony Johnson,Brandon Bass,J.J. Redick,Marcin Gortat,Vince Carter,Carlos Delfino,Ersan Ilyasova,Hakim Warrick,Jodie Meeks,Luke Ridnour,4,8:43,MIL,foul,,,,,,,,Brandon Bass,,Carlos Delfino,,,,,,shooting,,
Anthony Johnson,Brandon Bass,J.J. Redick,Marcin Gortat,Vince Carter,Carlos Delfino,Ersan Ilyasova,Hakim Warrick,Jodie Meeks,Luke Ridnour,4,8:43,ORL,timeout,,,,,,,,,,,,,,,,official,,
Anthony Johnson,Brandon Bass,Dwight Howard,J.J. Redick,Vince Carter,Carlos Delfino,Ersan Ilyasova,Hakim Warrick,Jodie Meeks,Luke Ridnour,4,8:43,ORL,sub,,,,Dwight Howard,,Marcin Gortat,,,,,,,,,,,,
Anthony Johnson,Brandon Bass,Dwight Howard,J.J. Redick,Vince Carter,Brandon Jennings,Carlos Delfino,Ersan Ilyasova,Hakim Warrick,Luke Ridnour,4,8:43,MIL,sub,,,,Brandon Jennings,,Jodie Meeks,,,,,,,,,,,,
Anthony Johnson,Brandon Bass,Dwight Howard,J.J. Redick,Vince Carter,Brandon Jennings,Carlos Delfino,Ersan Ilyasova,Hakim Warrick,Luke Ridnour,4,8:43,ORL,free throw,,,,,,,1,,1,Brandon Bass,,,foul,made,,,,
Anthony Johnson,Brandon Bass,Dwight Howard,J.J. Redick,Vince Carter,Brandon Jennings,Carlos Delfino,Ersan Ilyasova,Hakim Warrick,Luke Ridnour,4,8:23,MIL,shot,,,,,,,,,,Carlos Delfino,,,,missed,,3pt,1,10
Anthony Johnson,Brandon Bass,Dwight Howard,J.J. Redick,Vince Carter,Brandon Jennings,Carlos Delfino,Ersan Ilyasova,Hakim Warrick,Luke Ridnour,4,8:22,ORL,rebound,,,,,,,,,,Vince Carter,,,,,,def,,
Anthony Johnson,Brandon Bass,Dwight Howard,J.J. Redick,Vince Carter,Brandon Jennings,Carlos Delfino,Ersan Ilyasova,Hakim Warrick,Luke Ridnour,4,8:04,ORL,shot,,,,,,,,,,Brandon Bass,,,,missed,,jump,33,21
Anthony Johnson,Brandon Bass,Dwight Howard,J.J. Redick,Vince Carter,Brandon Jennings,Carlos Delfino,Ersan Ilyasova,Hakim Warrick,Luke Ridnour,4,8:03,MIL,rebound,,,,,,,,,,Hakim Warrick,,,,,,def,,
Anthony Johnson,Brandon Bass,Dwight Howard,J.J. Redick,Vince Carter,Brandon Jennings,Carlos Delfino,Ersan Ilyasova,Hakim Warrick,Luke Ridnour,4,7:52,MIL,shot,Hakim Warrick,,,,,,,,,Ersan Ilyasova,2,,,made,,hook,20,11
Anthony Johnson,Brandon Bass,Dwight Howard,J.J. Redick,Vince Carter,Brandon Jennings,Carlos Delfino,Ersan Ilyasova,Hakim Warrick,Luke Ridnour,4,7:30,ORL,shot,Vince Carter,,,,,,,,,Dwight Howard,2,,,made,,hook,29,14
Anthony Johnson,Brandon Bass,Dwight Howard,J.J. Redick,Vince Carter,Brandon Jennings,Carlos Delfino,Ersan Ilyasova,Hakim Warrick,Luke Ridnour,4,7:17,MIL,shot,,,,,,,,,,Hakim Warrick,,,,missed,,layup,25,6
Anthony Johnson,Brandon Bass,Dwight Howard,J.J. Redick,Vince Carter,Brandon Jennings,Carlos Delfino,Ersan Ilyasova,Hakim Warrick,Luke Ridnour,4,7:16,ORL,rebound,,,,,,,,,,Dwight Howard,,,,,,def,,
Anthony Johnson,Brandon Bass,Dwight Howard,J.J. Redick,Vince Carter,Brandon Jennings,Carlos Delfino,Ersan Ilyasova,Hakim Warrick,Luke Ridnour,4,6:59,MIL,foul,,,,,,,,Dwight Howard,,Luke Ridnour,,,,,,shooting,,
Anthony Johnson,Brandon Bass,Dwight Howard,J.J. Redick,Vince Carter,Brandon Jennings,Carlos Delfino,Ersan Ilyasova,Hakim Warrick,Luke Ridnour,4,6:59,ORL,free throw,,,,,,,1,,2,Dwight Howard,,,foul,made,,,,
Anthony Johnson,Brandon Bass,Dwight Howard,J.J. Redick,Vince Carter,Brandon Jennings,Carlos Delfino,Ersan Ilyasova,Hakim Warrick,Luke Ridnour,4,6:59,ORL,free throw,,,,,,,2,,2,Dwight Howard,,,foul,missed,,,,
Anthony Johnson,Brandon Bass,Dwight Howard,J.J. Redick,Vince Carter,Brandon Jennings,Carlos Delfino,Ersan Ilyasova,Hakim Warrick,Luke Ridnour,4,6:58,MIL,rebound,,,,,,,,,,Ersan Ilyasova,,,,,,def,,
Anthony Johnson,Brandon Bass,Dwight Howard,J.J. Redick,Vince Carter,Brandon Jennings,Carlos Delfino,Ersan Ilyasova,Hakim Warrick,Luke Ridnour,4,6:41,MIL,shot,,,,,,,,,,Hakim Warrick,,,,missed,,jump,26,25
Anthony Johnson,Brandon Bass,Dwight Howard,J.J. Redick,Vince Carter,Brandon Jennings,Carlos Delfino,Ersan Ilyasova,Hakim Warrick,Luke Ridnour,4,6:39,ORL,rebound,,,,,,,,,,Vince Carter,,,,,,def,,
Anthony Johnson,Brandon Bass,Dwight Howard,J.J. Redick,Vince Carter,Brandon Jennings,Carlos Delfino,Ersan Ilyasova,Hakim Warrick,Luke Ridnour,4,6:29,ORL,shot,,,,,,,,,,Dwight Howard,2,,,made,,layup,25,6
Anthony Johnson,Brandon Bass,Dwight Howard,J.J. Redick,Vince Carter,Brandon Jennings,Carlos Delfino,Ersan Ilyasova,Hakim Warrick,Luke Ridnour,4,6:28,MIL,timeout,,,,,,,,,,,,,,,,regular,,
Anthony Johnson,Brandon Bass,Dwight Howard,J.J. Redick,Vince Carter,Brandon Jennings,Carlos Delfino,Ersan Ilyasova,Kurt Thomas,Luke Ridnour,4,6:28,MIL,sub,,,,Kurt Thomas,,Hakim Warrick,,,,,,,,,,,,
Anthony Johnson,Dwight Howard,J.J. Redick,Rashard Lewis,Vince Carter,Brandon Jennings,Carlos Delfino,Ersan Ilyasova,Kurt Thomas,Luke Ridnour,4,6:28,ORL,sub,,,,Rashard Lewis,,Brandon Bass,,,,,,,,,,,,
Dwight Howard,J.J. Redick,Jason Williams,Rashard Lewis,Vince Carter,Brandon Jennings,Carlos Delfino,Ersan Ilyasova,Kurt Thomas,Luke Ridnour,4,6:28,ORL,sub,,,,Jason Williams,,Anthony Johnson,,,,,,,,,,,,
Dwight Howard,J.J. Redick,Jason Williams,Rashard Lewis,Vince Carter,Brandon Jennings,Carlos Delfino,Ersan Ilyasova,Kurt Thomas,Luke Ridnour,4,6:17,MIL,shot,,,,,,,,,,Brandon Jennings,,,,missed,,jump,38,23
Dwight Howard,J.J. Redick,Jason Williams,Rashard Lewis,Vince Carter,Brandon Jennings,Carlos Delfino,Ersan Ilyasova,Kurt Thomas,Luke Ridnour,4,6:16,ORL,rebound,,,,,,,,,,Dwight Howard,,,,,,def,,
Dwight Howard,J.J. Redick,Jason Williams,Rashard Lewis,Vince Carter,Brandon Jennings,Carlos Delfino,Ersan Ilyasova,Kurt Thomas,Luke Ridnour,4,6:00,ORL,shot,,,,,,,,,,Vince Carter,2,,,made,,floating jump,22,20
Dwight Howard,J.J. Redick,Jason Williams,Rashard Lewis,Vince Carter,Brandon Jennings,Carlos Delfino,Ersan Ilyasova,Kurt Thomas,Luke Ridnour,4,5:46,MIL,shot,,,,,,,,,,Carlos Delfino,,,,missed,,jump,38,20
Dwight Howard,J.J. Redick,Jason Williams,Rashard Lewis,Vince Carter,Brandon Jennings,Carlos Delfino,Ersan Ilyasova,Kurt Thomas,Luke Ridnour,4,5:45,ORL,rebound,,,,,,,,,,Dwight Howard,,,,,,def,,
Dwight Howard,J.J. Redick,Jason Williams,Rashard Lewis,Vince Carter,Brandon Jennings,Carlos Delfino,Ersan Ilyasova,Kurt Thomas,Luke Ridnour,4,5:27,ORL,shot,Jason Williams,,,,,,,,,J.J. Redick,2,,,made,,layup,25,6
Dwight Howard,J.J. Redick,Jason Williams,Rashard Lewis,Vince Carter,Brandon Jennings,Carlos Delfino,Ersan Ilyasova,Kurt Thomas,Luke Ridnour,4,5:27,MIL,foul,,,,,,,,J.J. Redick,,Luke Ridnour,,,,,,shooting,,
Dwight Howard,J.J. Redick,Jason Williams,Rashard Lewis,Vince Carter,Brandon Jennings,Charlie Bell,Ersan Ilyasova,Kurt Thomas,Luke Ridnour,4,5:27,MIL,sub,,,,Charlie Bell,,Carlos Delfino,,,,,,,,,,,,
Dwight Howard,J.J. Redick,Jason Williams,Rashard Lewis,Vince Carter,Brandon Jennings,Charlie Bell,Ersan Ilyasova,Kurt Thomas,Luke Ridnour,4,5:27,ORL,free throw,,,,,,,1,,1,J.J. Redick,,,foul,made,,,,
Dwight Howard,J.J. Redick,Jason Williams,Rashard Lewis,Vince Carter,Brandon Jennings,Charlie Bell,Ersan Ilyasova,Kurt Thomas,Luke Ridnour,4,5:17,ORL,foul,,,,,,,,Brandon Jennings,,Dwight Howard,,,,,,personal,,
Dwight Howard,J.J. Redick,Jason Williams,Rashard Lewis,Vince Carter,Brandon Jennings,Charlie Bell,Ersan Ilyasova,Kurt Thomas,Luke Ridnour,4,5:06,MIL,shot,,,,,,,,,,Luke Ridnour,2,,,made,,running layup,25,6
Dwight Howard,J.J. Redick,Jason Williams,Rashard Lewis,Vince Carter,Brandon Jennings,Charlie Bell,Ersan Ilyasova,Kurt Thomas,Luke Ridnour,4,4:46,ORL,foul,,,,,,,,Charlie Bell,,Vince Carter,,,,,,offensive,,
Dwight Howard,J.J. Redick,Jason Williams,Rashard Lewis,Vince Carter,Brandon Jennings,Charlie Bell,Ersan Ilyasova,Kurt Thomas,Luke Ridnour,4,4:46,ORL,turnover,,,,,,,,,,Vince Carter,,,foul,,,,,
Dwight Howard,J.J. Redick,Jason Williams,Rashard Lewis,Vince Carter,Brandon Jennings,Charlie Bell,Ersan Ilyasova,Kurt Thomas,Luke Ridnour,4,4:34,MIL,shot,,,,,,,,,,Luke Ridnour,,,,missed,,jump,22,26
Dwight Howard,J.J. Redick,Jason Williams,Rashard Lewis,Vince Carter,Brandon Jennings,Charlie Bell,Ersan Ilyasova,Kurt Thomas,Luke Ridnour,4,4:33,MIL,rebound,,,,,,,,,,Ersan Ilyasova,,,,,,off,,
Dwight Howard,J.J. Redick,Jason Williams,Rashard Lewis,Vince Carter,Brandon Jennings,Charlie Bell,Ersan Ilyasova,Kurt Thomas,Luke Ridnour,4,4:24,MIL,shot,,,,,,,,,,Ersan Ilyasova,2,,,made,,jump,41,13
Dwight Howard,J.J. Redick,Jason Williams,Rashard Lewis,Vince Carter,Brandon Jennings,Charlie Bell,Ersan Ilyasova,Kurt Thomas,Luke Ridnour,4,4:13,ORL,shot,,,,,,,,,,Vince Carter,,,,missed,,layup,25,6
Dwight Howard,J.J. Redick,Jason Williams,Rashard Lewis,Vince Carter,Brandon Jennings,Charlie Bell,Ersan Ilyasova,Kurt Thomas,Luke Ridnour,4,4:10,ORL,rebound,,,,,,,,,,Rashard Lewis,,,,,,off,,
Dwight Howard,J.J. Redick,Jason Williams,Rashard Lewis,Vince Carter,Brandon Jennings,Charlie Bell,Ersan Ilyasova,Kurt Thomas,Luke Ridnour,4,4:10,ORL,shot,,,,,,,,,,Rashard Lewis,,,,missed,,tip,25,6
Dwight Howard,J.J. Redick,Jason Williams,Rashard Lewis,Vince Carter,Brandon Jennings,Charlie Bell,Ersan Ilyasova,Kurt Thomas,Luke Ridnour,4,4:10,ORL,rebound,,,,,,,,,,Dwight Howard,,,,,,off,,
Dwight Howard,J.J. Redick,Jason Williams,Rashard Lewis,Vince Carter,Brandon Jennings,Charlie Bell,Ersan Ilyasova,Kurt Thomas,Luke Ridnour,4,4:10,MIL,foul,,,,,,,,Dwight Howard,,Kurt Thomas,,,,,,shooting,,
Dwight Howard,J.J. Redick,Jason Williams,Rashard Lewis,Vince Carter,Brandon Jennings,Charlie Bell,Ersan Ilyasova,Kurt Thomas,Luke Ridnour,4,4:10,ORL,free throw,,,,,,,1,,2,Dwight Howard,,,foul,made,,,,
Dwight Howard,J.J. Redick,Jason Williams,Rashard Lewis,Vince Carter,Brandon Jennings,Charlie Bell,Ersan Ilyasova,Kurt Thomas,Luke Ridnour,4,4:10,ORL,free throw,,,,,,,2,,2,Dwight Howard,,,foul,missed,,,,
Dwight Howard,J.J. Redick,Jason Williams,Rashard Lewis,Vince Carter,Brandon Jennings,Charlie Bell,Ersan Ilyasova,Kurt Thomas,Luke Ridnour,4,4:10,MIL,rebound,,,,,,,,,,Kurt Thomas,,,,,,def,,
Dwight Howard,J.J. Redick,Jason Williams,Rashard Lewis,Vince Carter,Brandon Jennings,Charlie Bell,Ersan Ilyasova,Kurt Thomas,Luke Ridnour,4,3:50,MIL,shot,,,,,,,,,,Brandon Jennings,2,,,made,,driving layup,25,6
Dwight Howard,J.J. Redick,Jason Williams,Rashard Lewis,Vince Carter,Brandon Jennings,Charlie Bell,Ersan Ilyasova,Kurt Thomas,Luke Ridnour,4,3:42,MIL,foul,,,,,,,,Dwight Howard,,Charlie Bell,,,,,,personal,,
Dwight Howard,J.J. Redick,Jason Williams,Rashard Lewis,Vince Carter,Brandon Jennings,Charlie Bell,Ersan Ilyasova,Kurt Thomas,Luke Ridnour,4,3:42,ORL,free throw,,,,,,,1,,2,Dwight Howard,,,foul,missed,,,,
Dwight Howard,J.J. Redick,Jason Williams,Rashard Lewis,Vince Carter,Brandon Jennings,Charlie Bell,Ersan Ilyasova,Kurt Thomas,Luke Ridnour,4,3:42,ORL,rebound,,,,,,,,,,,,,,,,,,
Dwight Howard,J.J. Redick,Jason Williams,Rashard Lewis,Vince Carter,Brandon Jennings,Charlie Bell,Ersan Ilyasova,Kurt Thomas,Luke Ridnour,4,3:42,ORL,free throw,,,,,,,2,,2,Dwight Howard,,,foul,made,,,,
Dwight Howard,J.J. Redick,Jason Williams,Rashard Lewis,Vince Carter,Brandon Jennings,Charlie Bell,Ersan Ilyasova,Kurt Thomas,Luke Ridnour,4,3:31,ORL,violation,,,,,,,,,,Dwight Howard,,,,,,defensive goaltending,,
Dwight Howard,J.J. Redick,Jason Williams,Rashard Lewis,Vince Carter,Brandon Jennings,Charlie Bell,Ersan Ilyasova,Kurt Thomas,Luke Ridnour,4,3:31,MIL,shot,,,,,,,,,,Luke Ridnour,2,,,made,,layup,25,6
Dwight Howard,J.J. Redick,Jason Williams,Rashard Lewis,Vince Carter,Brandon Jennings,Charlie Bell,Ersan Ilyasova,Kurt Thomas,Luke Ridnour,4,3:31,ORL,foul,,,,,,,,Luke Ridnour,,J.J. Redick,,,,,,shooting,,
Dwight Howard,J.J. Redick,Jason Williams,Rashard Lewis,Vince Carter,Brandon Jennings,Charlie Bell,Ersan Ilyasova,Kurt Thomas,Luke Ridnour,4,3:31,MIL,free throw,,,,,,,1,,1,Luke Ridnour,,,foul,made,,,,
Dwight Howard,J.J. Redick,Jason Williams,Rashard Lewis,Vince Carter,Brandon Jennings,Charlie Bell,Ersan Ilyasova,Kurt Thomas,Luke Ridnour,4,3:17,ORL,shot,,,,,,,,,,Vince Carter,2,,,made,,jump,17,19
Dwight Howard,J.J. Redick,Jason Williams,Rashard Lewis,Vince Carter,Brandon Jennings,Charlie Bell,Ersan Ilyasova,Kurt Thomas,Luke Ridnour,4,3:02,MIL,shot,,,,,,,,,,Luke Ridnour,2,,,made,,jump,42,7
Dwight Howard,J.J. Redick,Jason Williams,Rashard Lewis,Vince Carter,Brandon Jennings,Charlie Bell,Ersan Ilyasova,Kurt Thomas,Luke Ridnour,4,2:52,ORL,shot,,,,,,,,,,Vince Carter,,,,missed,,3pt,48,19
Dwight Howard,J.J. Redick,Jason Williams,Rashard Lewis,Vince Carter,Brandon Jennings,Charlie Bell,Ersan Ilyasova,Kurt Thomas,Luke Ridnour,4,2:50,MIL,rebound,,,,,,,,,,,,,,,,,,
Dwight Howard,J.J. Redick,Jason Williams,Rashard Lewis,Vince Carter,Brandon Jennings,Charlie Bell,Ersan Ilyasova,Kurt Thomas,Luke Ridnour,4,2:50,ORL,timeout,,,,,,,,,,,,,,,,regular,,
Dwight Howard,Jason Williams,Mickael Pietrus,Rashard Lewis,Vince Carter,Brandon Jennings,Charlie Bell,Ersan Ilyasova,Kurt Thomas,Luke Ridnour,4,2:50,ORL,sub,,,,Mickael Pietrus,,J.J. Redick,,,,,,,,,,,,
Dwight Howard,Jason Williams,Mickael Pietrus,Rashard Lewis,Vince Carter,Brandon Jennings,Charlie Bell,Ersan Ilyasova,Kurt Thomas,Luke Ridnour,4,2:40,MIL,shot,,,,,,,,,,Brandon Jennings,3,,,made,,3pt,35,29
Dwight Howard,Jason Williams,Mickael Pietrus,Rashard Lewis,Vince Carter,Brandon Jennings,Charlie Bell,Ersan Ilyasova,Kurt Thomas,Luke Ridnour,4,2:21,ORL,shot,,,,,,,,,,Vince Carter,,,,missed,,layup,25,6
Dwight Howard,Jason Williams,Mickael Pietrus,Rashard Lewis,Vince Carter,Brandon Jennings,Charlie Bell,Ersan Ilyasova,Kurt Thomas,Luke Ridnour,4,2:19,ORL,rebound,,,,,,,,,,Dwight Howard,,,,,,off,,
Dwight Howard,Jason Williams,Mickael Pietrus,Rashard Lewis,Vince Carter,Brandon Jennings,Charlie Bell,Ersan Ilyasova,Kurt Thomas,Luke Ridnour,4,2:19,ORL,shot,,,,,,,,,,Dwight Howard,2,,,made,,tip,25,6
Dwight Howard,Jason Williams,Mickael Pietrus,Rashard Lewis,Vince Carter,Brandon Jennings,Charlie Bell,Ersan Ilyasova,Kurt Thomas,Luke Ridnour,4,2:04,MIL,shot,,,,,,,,,,Brandon Jennings,,,,missed,,jump,37,21
Dwight Howard,Jason Williams,Mickael Pietrus,Rashard Lewis,Vince Carter,Brandon Jennings,Charlie Bell,Ersan Ilyasova,Kurt Thomas,Luke Ridnour,4,2:03,MIL,rebound,,,,,,,,,,Ersan Ilyasova,,,,,,off,,
Dwight Howard,Jason Williams,Mickael Pietrus,Rashard Lewis,Vince Carter,Brandon Jennings,Charlie Bell,Ersan Ilyasova,Kurt Thomas,Luke Ridnour,4,2:02,MIL,shot,,,,,,,,,,Ersan Ilyasova,2,,,made,,layup,25,6
Dwight Howard,Jason Williams,Mickael Pietrus,Rashard Lewis,Vince Carter,Brandon Jennings,Charlie Bell,Ersan Ilyasova,Kurt Thomas,Luke Ridnour,4,1:44,MIL,foul,,,,,,,,Vince Carter,,Charlie Bell,,,,,,personal,,
Dwight Howard,Jason Williams,Mickael Pietrus,Rashard Lewis,Vince Carter,Brandon Jennings,Charlie Bell,Ersan Ilyasova,Kurt Thomas,Luke Ridnour,4,1:44,ORL,free throw,,,,,,,1,,2,Vince Carter,,,foul,made,,,,
Dwight Howard,Jason Williams,Mickael Pietrus,Rashard Lewis,Vince Carter,Brandon Jennings,Charlie Bell,Ersan Ilyasova,Kurt Thomas,Luke Ridnour,4,1:44,ORL,free throw,,,,,,,2,,2,Vince Carter,,,foul,missed,,,,
Dwight Howard,Jason Williams,Mickael Pietrus,Rashard Lewis,Vince Carter,Brandon Jennings,Charlie Bell,Ersan Ilyasova,Kurt Thomas,Luke Ridnour,4,1:43,MIL,rebound,,,,,,,,,,Kurt Thomas,,,,,,def,,
Dwight Howard,Jason Williams,Mickael Pietrus,Rashard Lewis,Vince Carter,Brandon Jennings,Charlie Bell,Ersan Ilyasova,Kurt Thomas,Luke Ridnour,4,1:22,MIL,shot,,,Dwight Howard,,,,,,,Brandon Jennings,,,,missed,,jump,18,20
Dwight Howard,Jason Williams,Mickael Pietrus,Rashard Lewis,Vince Carter,Brandon Jennings,Charlie Bell,Ersan Ilyasova,Kurt Thomas,Luke Ridnour,4,1:21,ORL,rebound,,,,,,,,,,Rashard Lewis,,,,,,def,,
Dwight Howard,Jason Williams,Mickael Pietrus,Rashard Lewis,Vince Carter,Brandon Jennings,Charlie Bell,Ersan Ilyasova,Kurt Thomas,Luke Ridnour,4,1:10,ORL,shot,,,,,,,,,,Jason Williams,,,,missed,,jump,23,26
Dwight Howard,Jason Williams,Mickael Pietrus,Rashard Lewis,Vince Carter,Brandon Jennings,Charlie Bell,Ersan Ilyasova,Kurt Thomas,Luke Ridnour,4,1:09,MIL,rebound,,,,,,,,,,Kurt Thomas,,,,,,def,,
Dwight Howard,Jason Williams,Mickael Pietrus,Rashard Lewis,Vince Carter,Brandon Jennings,Charlie Bell,Ersan Ilyasova,Kurt Thomas,Luke Ridnour,4,1:09,MIL,timeout,,,,,,,,,,,,,,,,short,,
Dwight Howard,Jason Williams,Mickael Pietrus,Rashard Lewis,Vince Carter,Brandon Jennings,Charlie Bell,Ersan Ilyasova,Kurt Thomas,Luke Ridnour,4,1:06,ORL,foul,,,,,,,,Ersan Ilyasova,,Rashard Lewis,,,,,,personal,,
Dwight Howard,Jason Williams,Mickael Pietrus,Rashard Lewis,Vince Carter,Brandon Jennings,Charlie Bell,Ersan Ilyasova,Kurt Thomas,Luke Ridnour,4,1:06,MIL,free throw,,,,,,,1,,2,Ersan Ilyasova,,,foul,missed,,,,
Dwight Howard,Jason Williams,Mickael Pietrus,Rashard Lewis,Vince Carter,Brandon Jennings,Charlie Bell,Ersan Ilyasova,Kurt Thomas,Luke Ridnour,4,1:06,MIL,rebound,,,,,,,,,,,,,,,,,,
Dwight Howard,Jason Williams,Mickael Pietrus,Rashard Lewis,Vince Carter,Brandon Jennings,Charlie Bell,Ersan Ilyasova,Kurt Thomas,Luke Ridnour,4,1:06,MIL,free throw,,,,,,,2,,2,Ersan Ilyasova,,,foul,made,,,,
Dwight Howard,Jason Williams,Mickael Pietrus,Rashard Lewis,Vince Carter,Brandon Jennings,Charlie Bell,Ersan Ilyasova,Kurt Thomas,Luke Ridnour,4,1:06,ORL,timeout,,,,,,,,,,,,,,,,regular,,
Dwight Howard,J.J. Redick,Jason Williams,Rashard Lewis,Vince Carter,Brandon Jennings,Charlie Bell,Ersan Ilyasova,Kurt Thomas,Luke Ridnour,4,1:06,ORL,sub,,,,J.J. Redick,,Mickael Pietrus,,,,,,,,,,,,
Dwight Howard,J.J. Redick,Jason Williams,Rashard Lewis,Vince Carter,Brandon Jennings,Charlie Bell,Ersan Ilyasova,Kurt Thomas,Luke Ridnour,4,0:55,ORL,shot,,,,,,,,,,Vince Carter,,,,missed,,jump,29,15
Dwight Howard,J.J. Redick,Jason Williams,Rashard Lewis,Vince Carter,Brandon Jennings,Charlie Bell,Ersan Ilyasova,Kurt Thomas,Luke Ridnour,4,0:53,ORL,rebound,,,,,,,,,,Dwight Howard,,,,,,off,,
Dwight Howard,J.J. Redick,Jason Williams,Rashard Lewis,Vince Carter,Brandon Jennings,Charlie Bell,Ersan Ilyasova,Kurt Thomas,Luke Ridnour,4,0:44,ORL,shot,Jason Williams,,,,,,,,,Rashard Lewis,2,,,made,,jump,15,10
Dwight Howard,J.J. Redick,Jason Williams,Rashard Lewis,Vince Carter,Brandon Jennings,Charlie Bell,Ersan Ilyasova,Kurt Thomas,Luke Ridnour,4,0:44,MIL,timeout,,,,,,,,,,,,,,,,short,,
Dwight Howard,Jason Williams,Mickael Pietrus,Rashard Lewis,Vince Carter,Brandon Jennings,Charlie Bell,Ersan Ilyasova,Kurt Thomas,Luke Ridnour,4,0:44,ORL,sub,,,,Mickael Pietrus,,J.J. Redick,,,,,,,,,,,,
Dwight Howard,Matt Barnes,Mickael Pietrus,Rashard Lewis,Vince Carter,Brandon Jennings,Charlie Bell,Ersan Ilyasova,Kurt Thomas,Luke Ridnour,4,0:44,ORL,sub,,,,Matt Barnes,,Jason Williams,,,,,,,,,,,,
Dwight Howard,Matt Barnes,Mickael Pietrus,Rashard Lewis,Vince Carter,Brandon Jennings,Charlie Bell,Ersan Ilyasova,Kurt Thomas,Luke Ridnour,4,0:31,MIL,shot,,,,,,,,,,Ersan Ilyasova,,,,missed,,3pt,19,31
Dwight Howard,Matt Barnes,Mickael Pietrus,Rashard Lewis,Vince Carter,Brandon Jennings,Charlie Bell,Ersan Ilyasova,Kurt Thomas,Luke Ridnour,4,0:30,MIL,rebound,,,,,,,,,,Luke Ridnour,,,,,,off,,
Dwight Howard,Matt Barnes,Mickael Pietrus,Rashard Lewis,Vince Carter,Brandon Jennings,Charlie Bell,Ersan Ilyasova,Kurt Thomas,Luke Ridnour,4,0:27,MIL,shot,,,,,,,,,,Luke Ridnour,,,,missed,,jump,11,21
Dwight Howard,Matt Barnes,Mickael Pietrus,Rashard Lewis,Vince Carter,Brandon Jennings,Charlie Bell,Ersan Ilyasova,Kurt Thomas,Luke Ridnour,4,0:25,ORL,rebound,,,,,,,,,,Rashard Lewis,,,,,,def,,
Dwight Howard,Matt Barnes,Mickael Pietrus,Rashard Lewis,Vince Carter,Brandon Jennings,Charlie Bell,Ersan Ilyasova,Kurt Thomas,Luke Ridnour,4,0:06,ORL,shot,,,,,,,,,,Vince Carter,,,,missed,,jump,31,10
Dwight Howard,Matt Barnes,Mickael Pietrus,Rashard Lewis,Vince Carter,Brandon Jennings,Charlie Bell,Ersan Ilyasova,Kurt Thomas,Luke Ridnour,4,0:05,ORL,rebound,,,,,,,,,,Dwight Howard,,,,,,off,,
Dwight Howard,Matt Barnes,Mickael Pietrus,Rashard Lewis,Vince Carter,Brandon Jennings,Charlie Bell,Ersan Ilyasova,Kurt Thomas,Luke Ridnour,4,0:03,ORL,shot,,,,,,,,,,Dwight Howard,,,,missed,,tip,25,6
Dwight Howard,Matt Barnes,Mickael Pietrus,Rashard Lewis,Vince Carter,Brandon Jennings,Charlie Bell,Ersan Ilyasova,Kurt Thomas,Luke Ridnour,4,0:01,ORL,rebound,,,,,,,,,,Matt Barnes,,,,,,off,,
