a1,a2,a3,a4,a5,h1,h2,h3,h4,h5,period,time,team,etype,assist,away,block,entered,home,left,num,opponent,outof,player,points,possession,reason,result,steal,type,x,y
Anthony Carter,Carmelo Anthony,Chauncey Billups,Kenyon Martin,Nene Hilario,Dwyane Wade,Jermaine O'Neal,Mario Chalmers,Michael Beasley,Quentin Richardson,1,12:00,OFF,jump ball,,Nene Hilario,,,Jermaine O'Neal,,,,,,,Chauncey Billups,,,,,,
Anthony Carter,Carmelo Anthony,Chauncey Billups,Kenyon Martin,Nene Hilario,Dwyane Wade,Jermaine O'Neal,Mario Chalmers,Michael Beasley,Quentin Richardson,1,11:39,DEN,shot,,,,,,,,,,Carmelo Anthony,2,,,made,,driving dunk,25,6
Anthony Carter,Carmelo Anthony,Chauncey Billups,Kenyon Martin,Nene Hilario,Dwyane Wade,Jermaine O'Neal,Mario Chalmers,Michael Beasley,Quentin Richardson,1,11:14,MIA,shot,,,,,,,,,,Quentin Richardson,2,,,made,,jump,10,5
Anthony Carter,Carmelo Anthony,Chauncey Billups,Kenyon Martin,Nene Hilario,Dwyane Wade,Jermaine O'Neal,Mario Chalmers,Michael Beasley,Quentin Richardson,1,10:58,DEN,turnover,,,,,,,,,,Chauncey Billups,,,lost ball,,Dwyane Wade,,,
Anthony Carter,Carmelo Anthony,Chauncey Billups,Kenyon Martin,Nene Hilario,Dwyane Wade,Jermaine O'Neal,Mario Chalmers,Michael Beasley,Quentin Richardson,1,10:47,MIA,turnover,,,,,,,,,,Mario Chalmers,,,bad pass,,Anthony Carter,,,
Anthony Carter,Carmelo Anthony,Chauncey Billups,Kenyon Martin,Nene Hilario,Dwyane Wade,Jermaine O'Neal,Mario Chalmers,Michael Beasley,Quentin Richardson,1,10:39,DEN,shot,,,,,,,,,,Carmelo Anthony,,,,missed,,3pt,21,31
Anthony Carter,Carmelo Anthony,Chauncey Billups,Kenyon Martin,Nene Hilario,Dwyane Wade,Jermaine O'Neal,Mario Chalmers,Michael Beasley,Quentin Richardson,1,10:39,MIA,rebound,,,,,,,,,,Quentin Richardson,,,,,,def,,
Anthony Carter,Carmelo Anthony,Chauncey Billups,Kenyon Martin,Nene Hilario,Dwyane Wade,Jermaine O'Neal,Mario Chalmers,Michael Beasley,Quentin Richardson,1,10:27,MIA,shot,Mario Chalmers,,,,,,,,,Jermaine O'Neal,2,,,made,,jump,20,17
Anthony Carter,Carmelo Anthony,Chauncey Billups,Kenyon Martin,Nene Hilario,Dwyane Wade,Jermaine O'Neal,Mario Chalmers,Michael Beasley,Quentin Richardson,1,10:08,DEN,shot,,,,,,,,,,Chauncey Billups,2,,,made,,running jump,14,15
Anthony Carter,Carmelo Anthony,Chauncey Billups,Kenyon Martin,Nene Hilario,Dwyane Wade,Jermaine O'Neal,Mario Chalmers,Michael Beasley,Quentin Richardson,1,9:47,MIA,shot,,,,,,,,,,Jermaine O'Neal,2,,,made,,running hook,23,14
Anthony Carter,Carmelo Anthony,Chauncey Billups,Kenyon Martin,Nene Hilario,Dwyane Wade,Jermaine O'Neal,Mario Chalmers,Michael Beasley,Quentin Richardson,1,9:34,DEN,shot,,,,,,,,,,Nene Hilario,,,,missed,,jump,,
Anthony Carter,Carmelo Anthony,Chauncey Billups,Kenyon Martin,Nene Hilario,Dwyane Wade,Jermaine O'Neal,Mario Chalmers,Michael Beasley,Quentin Richardson,1,9:33,MIA,rebound,,,,,,,,,,Quentin Richardson,,,,,,def,,
Anthony Carter,Carmelo Anthony,Chauncey Billups,Kenyon Martin,Nene Hilario,Dwyane Wade,Jermaine O'Neal,Mario Chalmers,Michael Beasley,Quentin Richardson,1,9:17,MIA,shot,,,,,,,,,,Mario Chalmers,3,,,made,,3pt,38,27
Anthony Carter,Carmelo Anthony,Chauncey Billups,Kenyon Martin,Nene Hilario,Dwyane Wade,Jermaine O'Neal,Mario Chalmers,Michael Beasley,Quentin Richardson,1,8:54,DEN,shot,,,,,,,,,,Chauncey Billups,,,,missed,,3pt,11,26
Anthony Carter,Carmelo Anthony,Chauncey Billups,Kenyon Martin,Nene Hilario,Dwyane Wade,Jermaine O'Neal,Mario Chalmers,Michael Beasley,Quentin Richardson,1,8:53,MIA,rebound,,,,,,,,,,Quentin Richardson,,,,,,def,,
Anthony Carter,Carmelo Anthony,Chauncey Billups,Kenyon Martin,Nene Hilario,Dwyane Wade,Jermaine O'Neal,Mario Chalmers,Michael Beasley,Quentin Richardson,1,8:41,DEN,foul,,,,,,,,Mario Chalmers,,Anthony Carter,,,,,,personal,,
Anthony Carter,Carmelo Anthony,Chauncey Billups,Kenyon Martin,Nene Hilario,Dwyane Wade,Jermaine O'Neal,Mario Chalmers,Michael Beasley,Quentin Richardson,1,8:33,MIA,shot,,,,,,,,,,Quentin Richardson,,,,missed,,3pt,39,26
Anthony Carter,Carmelo Anthony,Chauncey Billups,Kenyon Martin,Nene Hilario,Dwyane Wade,Jermaine O'Neal,Mario Chalmers,Michael Beasley,Quentin Richardson,1,8:32,DEN,rebound,,,,,,,,,,Nene Hilario,,,,,,def,,
Anthony Carter,Carmelo Anthony,Chauncey Billups,Kenyon Martin,Nene Hilario,Dwyane Wade,Jermaine O'Neal,Mario Chalmers,Michael Beasley,Quentin Richardson,1,8:20,DEN,shot,,,,,,,,,,Carmelo Anthony,2,,,made,,jump,10,18
Anthony Carter,Carmelo Anthony,Chauncey Billups,Kenyon Martin,Nene Hilario,Dwyane Wade,Jermaine O'Neal,Mario Chalmers,Michael Beasley,Quentin Richardson,1,8:05,MIA,shot,,,,,,,,,,Quentin Richardson,,,,missed,,finger roll layup,25,6
Anthony Carter,Carmelo Anthony,Chauncey Billups,Kenyon Martin,Nene Hilario,Dwyane Wade,Jermaine O'Neal,Mario Chalmers,Michael Beasley,Quentin Richardson,1,8:04,DEN,rebound,,,,,,,,,,Carmelo Anthony,,,,,,def,,
Anthony Carter,Carmelo Anthony,Chauncey Billups,Kenyon Martin,Nene Hilario,Dwyane Wade,Jermaine O'Neal,Mario Chalmers,Michael Beasley,Quentin Richardson,1,7:58,DEN,shot,,,,,,,,,,Kenyon Martin,,,,missed,,jump,36,20
Anthony Carter,Carmelo Anthony,Chauncey Billups,Kenyon Martin,Nene Hilario,Dwyane Wade,Jermaine O'Neal,Mario Chalmers,Michael Beasley,Quentin Richardson,1,7:54,MIA,rebound,,,,,,,,,,Dwyane Wade,,,,,,def,,
Anthony Carter,Carmelo Anthony,Chauncey Billups,Kenyon Martin,Nene Hilario,Dwyane Wade,Jermaine O'Neal,Mario Chalmers,Michael Beasley,Quentin Richardson,1,7:49,MIA,turnover,,,,,,,,,,Dwyane Wade,,,lost ball,,Chauncey Billups,,,
Anthony Carter,Carmelo Anthony,Chauncey Billups,Kenyon Martin,Nene Hilario,Dwyane Wade,Jermaine O'Neal,Mario Chalmers,Michael Beasley,Quentin Richardson,1,7:44,DEN,shot,Chauncey Billups,,,,,,,,,Carmelo Anthony,2,,,made,,dunk,25,6
Anthony Carter,Carmelo Anthony,Chauncey Billups,Kenyon Martin,Nene Hilario,Dwyane Wade,Jermaine O'Neal,Mario Chalmers,Michael Beasley,Quentin Richardson,1,7:27,DEN,foul,,,,,,,,Dwyane Wade,,Kenyon Martin,,,,,,shooting,,
Anthony Carter,Carmelo Anthony,Chauncey Billups,Kenyon Martin,Nene Hilario,Dwyane Wade,Jermaine O'Neal,Mario Chalmers,Michael Beasley,Quentin Richardson,1,7:27,MIA,free throw,,,,,,,1,,2,Dwyane Wade,,,foul,made,,,,
Anthony Carter,Carmelo Anthony,Chauncey Billups,Kenyon Martin,Nene Hilario,Dwyane Wade,Jermaine O'Neal,Mario Chalmers,Michael Beasley,Quentin Richardson,1,7:27,MIA,free throw,,,,,,,2,,2,Dwyane Wade,,,foul,made,,,,
Anthony Carter,Carmelo Anthony,Chauncey Billups,Kenyon Martin,Nene Hilario,Dwyane Wade,Jermaine O'Neal,Mario Chalmers,Michael Beasley,Quentin Richardson,1,7:14,DEN,turnover,,,,,,,,,,Nene Hilario,,,lost ball,,Jermaine O'Neal,,,
Anthony Carter,Carmelo Anthony,Chauncey Billups,Kenyon Martin,Nene Hilario,Dwyane Wade,Jermaine O'Neal,Mario Chalmers,Michael Beasley,Quentin Richardson,1,7:05,MIA,shot,,,,,,,,,,Michael Beasley,,,,missed,,3pt,48,12
Anthony Carter,Carmelo Anthony,Chauncey Billups,Kenyon Martin,Nene Hilario,Dwyane Wade,Jermaine O'Neal,Mario Chalmers,Michael Beasley,Quentin Richardson,1,7:04,DEN,rebound,,,,,,,,,,Kenyon Martin,,,,,,def,,
Anthony Carter,Carmelo Anthony,Chauncey Billups,Kenyon Martin,Nene Hilario,Dwyane Wade,Jermaine O'Neal,Mario Chalmers,Michael Beasley,Quentin Richardson,1,6:52,MIA,foul,,,,,,,,Nene Hilario,,Michael Beasley,,,,,,shooting,,
Anthony Carter,Carmelo Anthony,Chauncey Billups,Kenyon Martin,Nene Hilario,Dwyane Wade,Jermaine O'Neal,Mario Chalmers,Michael Beasley,Quentin Richardson,1,6:52,DEN,free throw,,,,,,,1,,2,Nene Hilario,,,foul,made,,,,
Anthony Carter,Carmelo Anthony,Chauncey Billups,Kenyon Martin,Nene Hilario,Dwyane Wade,Jermaine O'Neal,Mario Chalmers,Michael Beasley,Quentin Richardson,1,6:52,DEN,free throw,,,,,,,2,,2,Nene Hilario,,,foul,made,,,,
Anthony Carter,Carmelo Anthony,Chauncey Billups,Kenyon Martin,Nene Hilario,Dwyane Wade,Jermaine O'Neal,Mario Chalmers,Michael Beasley,Quentin Richardson,1,6:41,MIA,turnover,,,,,,,,,,Jermaine O'Neal,,,lost ball,,Kenyon Martin,,,
Anthony Carter,Carmelo Anthony,Chauncey Billups,Kenyon Martin,Nene Hilario,Dwyane Wade,Jermaine O'Neal,Mario Chalmers,Michael Beasley,Quentin Richardson,1,6:35,DEN,shot,Carmelo Anthony,,,,,,,,,Nene Hilario,2,,,made,,finger roll layup,,
Anthony Carter,Carmelo Anthony,Chauncey Billups,Kenyon Martin,Nene Hilario,Dwyane Wade,Jermaine O'Neal,Mario Chalmers,Michael Beasley,Quentin Richardson,1,6:15,MIA,turnover,,,,,,,,,,Jermaine O'Neal,,,3 second violation,,,,,
Anthony Carter,Carmelo Anthony,Chauncey Billups,Kenyon Martin,Nene Hilario,Dwyane Wade,Jermaine O'Neal,Mario Chalmers,Michael Beasley,Quentin Richardson,1,6:00,DEN,turnover,,,,,,,,,,Carmelo Anthony,,,bad pass,,,,,
Anthony Carter,Carmelo Anthony,Chauncey Billups,Kenyon Martin,Nene Hilario,Dwyane Wade,Jermaine O'Neal,Mario Chalmers,Michael Beasley,Quentin Richardson,1,5:47,MIA,shot,,,,,,,,,,Dwyane Wade,,,,missed,,jump,41,12
Anthony Carter,Carmelo Anthony,Chauncey Billups,Kenyon Martin,Nene Hilario,Dwyane Wade,Jermaine O'Neal,Mario Chalmers,Michael Beasley,Quentin Richardson,1,5:46,DEN,rebound,,,,,,,,,,Anthony Carter,,,,,,def,,
Anthony Carter,Carmelo Anthony,Chauncey Billups,Kenyon Martin,Nene Hilario,Dwyane Wade,Jermaine O'Neal,Mario Chalmers,Michael Beasley,Quentin Richardson,1,5:43,MIA,timeout,,,,,,,,,,,,,,,,regular,,
Anthony Carter,Carmelo Anthony,Chauncey Billups,Kenyon Martin,Nene Hilario,Dwyane Wade,Jermaine O'Neal,Mario Chalmers,Michael Beasley,Quentin Richardson,1,5:35,DEN,shot,,,,,,,,,,Anthony Carter,,,,missed,,jump,6,9
Anthony Carter,Carmelo Anthony,Chauncey Billups,Kenyon Martin,Nene Hilario,Dwyane Wade,Jermaine O'Neal,Mario Chalmers,Michael Beasley,Quentin Richardson,1,5:34,DEN,rebound,,,,,,,,,,,,,,,,,,
Anthony Carter,Carmelo Anthony,Chauncey Billups,Kenyon Martin,Nene Hilario,Dwyane Wade,Jermaine O'Neal,Mario Chalmers,Michael Beasley,Quentin Richardson,1,5:34,MIA,foul,,,,,,,,Nene Hilario,,Jermaine O'Neal,,,,,,loose ball,,
Anthony Carter,Carmelo Anthony,Chauncey Billups,Kenyon Martin,Nene Hilario,Dwyane Wade,Jermaine O'Neal,Mario Chalmers,Michael Beasley,Quentin Richardson,1,5:26,DEN,shot,,,,,,,,,,Anthony Carter,,,,missed,,3pt,40,25
Anthony Carter,Carmelo Anthony,Chauncey Billups,Kenyon Martin,Nene Hilario,Dwyane Wade,Jermaine O'Neal,Mario Chalmers,Michael Beasley,Quentin Richardson,1,5:25,DEN,rebound,,,,,,,,,,Carmelo Anthony,,,,,,off,,
Anthony Carter,Carmelo Anthony,Chauncey Billups,Kenyon Martin,Nene Hilario,Dwyane Wade,Jermaine O'Neal,Mario Chalmers,Michael Beasley,Quentin Richardson,1,5:20,DEN,shot,,,,,,,,,,Carmelo Anthony,2,,,made,,driving layup,25,6
Anthony Carter,Carmelo Anthony,Chauncey Billups,Kenyon Martin,Nene Hilario,Dwyane Wade,Jermaine O'Neal,Mario Chalmers,Michael Beasley,Quentin Richardson,1,5:03,DEN,foul,,,,,,,,,,Nene Hilario,,,,,,defense 3 second,,
Anthony Carter,Carmelo Anthony,Chauncey Billups,Kenyon Martin,Nene Hilario,Dwyane Wade,Jermaine O'Neal,Mario Chalmers,Michael Beasley,Quentin Richardson,1,5:03,MIA,free throw,,,,,,,1,,1,Dwyane Wade,,,technical,made,,,,
Anthony Carter,Carmelo Anthony,Chauncey Billups,Kenyon Martin,Nene Hilario,Dwyane Wade,Jermaine O'Neal,Mario Chalmers,Michael Beasley,Quentin Richardson,1,4:49,MIA,shot,Mario Chalmers,,,,,,,,,Quentin Richardson,2,,,made,,jump,7,12
Anthony Carter,Carmelo Anthony,Chauncey Billups,Kenyon Martin,Nene Hilario,Dwyane Wade,Jermaine O'Neal,Mario Chalmers,Michael Beasley,Quentin Richardson,1,4:43,DEN,turnover,,,,,,,,,,Anthony Carter,,,bad pass,,Dwyane Wade,,,
Anthony Carter,Carmelo Anthony,Chauncey Billups,Kenyon Martin,Nene Hilario,Dwyane Wade,Jermaine O'Neal,Mario Chalmers,Michael Beasley,Quentin Richardson,1,4:35,MIA,turnover,,,,,,,,,,Dwyane Wade,,,lost ball,,Anthony Carter,,,
Anthony Carter,Carmelo Anthony,Chauncey Billups,Kenyon Martin,Nene Hilario,Dwyane Wade,Jermaine O'Neal,Mario Chalmers,Michael Beasley,Quentin Richardson,1,4:29,DEN,shot,,,,,,,,,,Carmelo Anthony,2,,,made,,layup,25,6
Anthony Carter,Carmelo Anthony,Chauncey Billups,Kenyon Martin,Nene Hilario,Dwyane Wade,Jermaine O'Neal,Mario Chalmers,Michael Beasley,Quentin Richardson,1,4:12,MIA,shot,,,,,,,,,,Michael Beasley,,,,missed,,jump,9,17
Anthony Carter,Carmelo Anthony,Chauncey Billups,Kenyon Martin,Nene Hilario,Dwyane Wade,Jermaine O'Neal,Mario Chalmers,Michael Beasley,Quentin Richardson,1,4:11,DEN,rebound,,,,,,,,,,Carmelo Anthony,,,,,,def,,
Anthony Carter,Carmelo Anthony,Chauncey Billups,Kenyon Martin,Nene Hilario,Dwyane Wade,Jermaine O'Neal,Mario Chalmers,Michael Beasley,Quentin Richardson,1,3:51,DEN,shot,,,,,,,,,,Anthony Carter,,,,missed,,jump,12,19
Anthony Carter,Carmelo Anthony,Chauncey Billups,Kenyon Martin,Nene Hilario,Dwyane Wade,Jermaine O'Neal,Mario Chalmers,Michael Beasley,Quentin Richardson,1,3:50,MIA,rebound,,,,,,,,,,Jermaine O'Neal,,,,,,def,,
Anthony Carter,Carmelo Anthony,Chauncey Billups,Kenyon Martin,Nene Hilario,Dwyane Wade,Jermaine O'Neal,Mario Chalmers,Michael Beasley,Quentin Richardson,1,3:44,MIA,shot,,,,,,,,,,Quentin Richardson,3,,,made,,3pt,6,22
Anthony Carter,Carmelo Anthony,Chauncey Billups,Kenyon Martin,Nene Hilario,Dwyane Wade,Jermaine O'Neal,Mario Chalmers,Michael Beasley,Quentin Richardson,1,3:15,DEN,shot,,,,,,,,,,Chauncey Billups,,,,missed,,3pt,7,25
Anthony Carter,Carmelo Anthony,Chauncey Billups,Kenyon Martin,Nene Hilario,Dwyane Wade,Jermaine O'Neal,Mario Chalmers,Michael Beasley,Quentin Richardson,1,3:14,MIA,rebound,,,,,,,,,,,,,,,,,,
Anthony Carter,Carmelo Anthony,Chauncey Billups,Kenyon Martin,Nene Hilario,Dwyane Wade,Jermaine O'Neal,Mario Chalmers,Michael Beasley,Quentin Richardson,1,3:14,DEN,foul,,,,,,,,Jermaine O'Neal,,Kenyon Martin,,,,,,loose ball,,
Anthony Carter,Carmelo Anthony,Chauncey Billups,Chris Andersen,Nene Hilario,Dwyane Wade,Jermaine O'Neal,Mario Chalmers,Michael Beasley,Quentin Richardson,1,3:14,DEN,sub,,,,Chris Andersen,,Kenyon Martin,,,,,,,,,,,,
Anthony Carter,Carmelo Anthony,Chauncey Billups,Chris Andersen,Nene Hilario,Dwyane Wade,Jermaine O'Neal,Mario Chalmers,Quentin Richardson,Udonis Haslem,1,3:14,MIA,sub,,,,Udonis Haslem,,Michael Beasley,,,,,,,,,,,,
Arron Afflalo,Carmelo Anthony,Chauncey Billups,Chris Andersen,Nene Hilario,Dwyane Wade,Jermaine O'Neal,Mario Chalmers,Quentin Richardson,Udonis Haslem,1,3:14,DEN,sub,,,,Arron Afflalo,,Anthony Carter,,,,,,,,,,,,
Arron Afflalo,Carmelo Anthony,Chauncey Billups,Chris Andersen,Nene Hilario,Dwyane Wade,Jermaine O'Neal,Mario Chalmers,Quentin Richardson,Udonis Haslem,1,3:02,DEN,foul,,,,,,,,Dwyane Wade,,Arron Afflalo,,,,,,shooting,,
Arron Afflalo,Carmelo Anthony,Chauncey Billups,Chris Andersen,Nene Hilario,Dwyane Wade,Jermaine O'Neal,Mario Chalmers,Quentin Richardson,Udonis Haslem,1,3:02,MIA,free throw,,,,,,,1,,2,Dwyane Wade,,,foul,made,,,,
Arron Afflalo,Carmelo Anthony,Chauncey Billups,Chris Andersen,Nene Hilario,Dwyane Wade,Jermaine O'Neal,Mario Chalmers,Quentin Richardson,Udonis Haslem,1,3:02,MIA,free throw,,,,,,,2,,2,Dwyane Wade,,,foul,made,,,,
Arron Afflalo,Carmelo Anthony,Chauncey Billups,Chris Andersen,Nene Hilario,Dwyane Wade,Jermaine O'Neal,Mario Chalmers,Quentin Richardson,Udonis Haslem,1,2:41,DEN,shot,Arron Afflalo,,,,,,,,,Nene Hilario,2,,,made,,dunk,,
Arron Afflalo,Carmelo Anthony,Chauncey Billups,Chris Andersen,Nene Hilario,Dwyane Wade,Jermaine O'Neal,Mario Chalmers,Quentin Richardson,Udonis Haslem,1,2:12,MIA,shot,Dwyane Wade,,,,,,,,,Udonis Haslem,2,,,made,,jump,24,10
Arron Afflalo,Carmelo Anthony,Chauncey Billups,Chris Andersen,Nene Hilario,Dwyane Wade,Jermaine O'Neal,Mario Chalmers,Quentin Richardson,Udonis Haslem,1,1:57,DEN,shot,,,,,,,,,,Carmelo Anthony,2,,,made,,jump,11,19
Arron Afflalo,Carmelo Anthony,Chauncey Billups,Chris Andersen,Nene Hilario,Dwyane Wade,Jermaine O'Neal,Mario Chalmers,Quentin Richardson,Udonis Haslem,1,1:32,MIA,turnover,,,,,,,,,,Jermaine O'Neal,,,traveling,,,,,
Arron Afflalo,Carmelo Anthony,Chauncey Billups,Chris Andersen,Nene Hilario,Dwyane Wade,Jermaine O'Neal,Mario Chalmers,Quentin Richardson,Udonis Haslem,1,1:32,DEN,timeout,,,,,,,,,,,,,,,,regular,,
Arron Afflalo,Carmelo Anthony,Chris Andersen,Nene Hilario,Ty Lawson,Dwyane Wade,Jermaine O'Neal,Mario Chalmers,Quentin Richardson,Udonis Haslem,1,1:32,DEN,sub,,,,Ty Lawson,,Chauncey Billups,,,,,,,,,,,,
Arron Afflalo,Carmelo Anthony,Chris Andersen,Nene Hilario,Ty Lawson,Dwyane Wade,Jermaine O'Neal,Mario Chalmers,Quentin Richardson,Udonis Haslem,1,1:11,DEN,shot,,,,,,,,,,Arron Afflalo,,,,missed,,jump,40,23
Arron Afflalo,Carmelo Anthony,Chris Andersen,Nene Hilario,Ty Lawson,Dwyane Wade,Jermaine O'Neal,Mario Chalmers,Quentin Richardson,Udonis Haslem,1,1:10,MIA,rebound,,,,,,,,,,Mario Chalmers,,,,,,def,,
Arron Afflalo,Carmelo Anthony,Chris Andersen,Nene Hilario,Ty Lawson,Dwyane Wade,Jermaine O'Neal,Mario Chalmers,Quentin Richardson,Udonis Haslem,1,0:56,MIA,shot,,,,,,,,,,Dwyane Wade,,,,missed,,floating jump,36,10
Arron Afflalo,Carmelo Anthony,Chris Andersen,Nene Hilario,Ty Lawson,Dwyane Wade,Jermaine O'Neal,Mario Chalmers,Quentin Richardson,Udonis Haslem,1,0:55,DEN,rebound,,,,,,,,,,Arron Afflalo,,,,,,def,,
Arron Afflalo,Carmelo Anthony,Chris Andersen,Nene Hilario,Ty Lawson,Dwyane Wade,Jermaine O'Neal,Mario Chalmers,Quentin Richardson,Udonis Haslem,1,0:47,MIA,foul,,,,,,,,Arron Afflalo,,Jermaine O'Neal,,,,,,shooting,,
Arron Afflalo,Carmelo Anthony,Chris Andersen,Nene Hilario,Ty Lawson,Carlos Arroyo,Dwyane Wade,Jermaine O'Neal,Quentin Richardson,Udonis Haslem,1,0:47,MIA,sub,,,,Carlos Arroyo,,Mario Chalmers,,,,,,,,,,,,
Arron Afflalo,Carmelo Anthony,Chris Andersen,Nene Hilario,Ty Lawson,Carlos Arroyo,Dwyane Wade,Joel Anthony,Quentin Richardson,Udonis Haslem,1,0:47,MIA,sub,,,,Joel Anthony,,Jermaine O'Neal,,,,,,,,,,,,
Arron Afflalo,Carmelo Anthony,Chris Andersen,Nene Hilario,Ty Lawson,Carlos Arroyo,Dwyane Wade,Joel Anthony,Quentin Richardson,Udonis Haslem,1,0:47,DEN,free throw,,,,,,,1,,2,Arron Afflalo,,,foul,missed,,,,
Arron Afflalo,Carmelo Anthony,Chris Andersen,Nene Hilario,Ty Lawson,Carlos Arroyo,Dwyane Wade,Joel Anthony,Quentin Richardson,Udonis Haslem,1,0:47,DEN,rebound,,,,,,,,,,,,,,,,,,
Arron Afflalo,Carmelo Anthony,Chris Andersen,Nene Hilario,Ty Lawson,Carlos Arroyo,Dwyane Wade,Joel Anthony,Quentin Richardson,Udonis Haslem,1,0:47,DEN,free throw,,,,,,,2,,2,Arron Afflalo,,,foul,made,,,,
Arron Afflalo,Carmelo Anthony,Chris Andersen,Nene Hilario,Ty Lawson,Carlos Arroyo,Dwyane Wade,Joel Anthony,Quentin Richardson,Udonis Haslem,1,0:33,MIA,shot,Joel Anthony,,,,,,,,,Carlos Arroyo,2,,,made,,jump,39,20
Arron Afflalo,Carmelo Anthony,Chris Andersen,Nene Hilario,Ty Lawson,Carlos Arroyo,Dwyane Wade,Joel Anthony,Quentin Richardson,Udonis Haslem,1,0:22,DEN,shot,,,,,,,,,,Carmelo Anthony,,,,missed,,jump,10,20
Arron Afflalo,Carmelo Anthony,Chris Andersen,Nene Hilario,Ty Lawson,Carlos Arroyo,Dwyane Wade,Joel Anthony,Quentin Richardson,Udonis Haslem,1,0:21,MIA,rebound,,,,,,,,,,Udonis Haslem,,,,,,def,,
Arron Afflalo,Carmelo Anthony,Chris Andersen,Nene Hilario,Ty Lawson,Carlos Arroyo,Dwyane Wade,Joel Anthony,Quentin Richardson,Udonis Haslem,1,0:03,MIA,shot,,,,,,,,,,Dwyane Wade,,,,missed,,3pt,35,30
Arron Afflalo,Carmelo Anthony,Chris Andersen,Nene Hilario,Ty Lawson,Carlos Arroyo,Dwyane Wade,Joel Anthony,Quentin Richardson,Udonis Haslem,1,0:02,DEN,rebound,,,,,,,,,,Carmelo Anthony,,,,,,def,,
Arron Afflalo,Carmelo Anthony,Chris Andersen,Nene Hilario,Ty Lawson,Carlos Arroyo,Dwyane Wade,Joel Anthony,Quentin Richardson,Udonis Haslem,1,0:00,DEN,shot,,,,,,,,,,Carmelo Anthony,,,,missed,,3pt,27,46
Arron Afflalo,Carmelo Anthony,Chris Andersen,Nene Hilario,Ty Lawson,Carlos Arroyo,Dwyane Wade,Joel Anthony,Quentin Richardson,Udonis Haslem,1,0:00,DEN,rebound,,,,,,,,,,,,,,,,,,
Arron Afflalo,Carmelo Anthony,Chris Andersen,Malik Allen,Ty Lawson,Carlos Arroyo,Dorell Wright,Joel Anthony,Michael Beasley,Udonis Haslem,2,11:45,MIA,shot,Carlos Arroyo,,,,,,,,,Udonis Haslem,2,,,made,,jump,14,17
Arron Afflalo,Carmelo Anthony,Chris Andersen,Malik Allen,Ty Lawson,Carlos Arroyo,Dorell Wright,Joel Anthony,Michael Beasley,Udonis Haslem,2,11:21,DEN,shot,,,,,,,,,,Arron Afflalo,,,,missed,,reverse layup,25,6
Arron Afflalo,Carmelo Anthony,Chris Andersen,Malik Allen,Ty Lawson,Carlos Arroyo,Dorell Wright,Joel Anthony,Michael Beasley,Udonis Haslem,2,11:20,DEN,rebound,,,,,,,,,,Chris Andersen,,,,,,off,,
Arron Afflalo,Carmelo Anthony,Chris Andersen,Malik Allen,Ty Lawson,Carlos Arroyo,Dorell Wright,Joel Anthony,Michael Beasley,Udonis Haslem,2,11:19,DEN,shot,,,,,,,,,,Chris Andersen,,,,missed,,layup,25,6
Arron Afflalo,Carmelo Anthony,Chris Andersen,Malik Allen,Ty Lawson,Carlos Arroyo,Dorell Wright,Joel Anthony,Michael Beasley,Udonis Haslem,2,11:18,DEN,rebound,,,,,,,,,,Chris Andersen,,,,,,off,,
Arron Afflalo,Carmelo Anthony,Chris Andersen,Malik Allen,Ty Lawson,Carlos Arroyo,Dorell Wright,Joel Anthony,Michael Beasley,Udonis Haslem,2,11:18,MIA,foul,,,,,,,,Chris Andersen,,Joel Anthony,,,,,,shooting,,
Arron Afflalo,Carmelo Anthony,Chris Andersen,Malik Allen,Ty Lawson,Carlos Arroyo,Dorell Wright,Joel Anthony,Michael Beasley,Udonis Haslem,2,11:18,DEN,free throw,,,,,,,1,,2,Chris Andersen,,,foul,made,,,,
Arron Afflalo,Carmelo Anthony,Chris Andersen,Malik Allen,Ty Lawson,Carlos Arroyo,Dorell Wright,Joel Anthony,Michael Beasley,Udonis Haslem,2,11:18,DEN,free throw,,,,,,,2,,2,Chris Andersen,,,foul,made,,,,
Arron Afflalo,Carmelo Anthony,Chris Andersen,Malik Allen,Ty Lawson,Carlos Arroyo,Dorell Wright,Joel Anthony,Michael Beasley,Udonis Haslem,2,11:03,MIA,shot,,,,,,,,,,Michael Beasley,,,,missed,,jump,23,12
Arron Afflalo,Carmelo Anthony,Chris Andersen,Malik Allen,Ty Lawson,Carlos Arroyo,Dorell Wright,Joel Anthony,Michael Beasley,Udonis Haslem,2,11:03,MIA,rebound,,,,,,,,,,Michael Beasley,,,,,,off,,
Arron Afflalo,Carmelo Anthony,Chris Andersen,Malik Allen,Ty Lawson,Carlos Arroyo,Dorell Wright,Joel Anthony,Michael Beasley,Udonis Haslem,2,10:59,MIA,shot,,,,,,,,,,Michael Beasley,,,,missed,,jump,31,13
Arron Afflalo,Carmelo Anthony,Chris Andersen,Malik Allen,Ty Lawson,Carlos Arroyo,Dorell Wright,Joel Anthony,Michael Beasley,Udonis Haslem,2,10:58,MIA,rebound,,,,,,,,,,Udonis Haslem,,,,,,off,,
Arron Afflalo,Carmelo Anthony,Chris Andersen,Malik Allen,Ty Lawson,Carlos Arroyo,Dorell Wright,Joel Anthony,Michael Beasley,Udonis Haslem,2,10:57,MIA,shot,,,,,,,,,,Udonis Haslem,2,,,made,,tip,25,6
Arron Afflalo,Carmelo Anthony,Chris Andersen,Malik Allen,Ty Lawson,Carlos Arroyo,Dorell Wright,Joel Anthony,Michael Beasley,Udonis Haslem,2,10:48,DEN,shot,,,,,,,,,,Carmelo Anthony,2,,,made,,jump,9,7
Arron Afflalo,Carmelo Anthony,Chris Andersen,Malik Allen,Ty Lawson,Carlos Arroyo,Dorell Wright,Joel Anthony,Michael Beasley,Udonis Haslem,2,10:48,MIA,foul,,,,,,,,Carmelo Anthony,,Udonis Haslem,,,,,,shooting,,
Arron Afflalo,Carmelo Anthony,Chris Andersen,Malik Allen,Ty Lawson,Carlos Arroyo,Dorell Wright,Joel Anthony,Michael Beasley,Udonis Haslem,2,10:48,DEN,free throw,,,,,,,1,,1,Carmelo Anthony,,,foul,made,,,,
Arron Afflalo,Carmelo Anthony,Chris Andersen,Malik Allen,Ty Lawson,Carlos Arroyo,Dorell Wright,Joel Anthony,Michael Beasley,Udonis Haslem,2,10:32,DEN,foul,,,,,,,,Michael Beasley,,Carmelo Anthony,,,,,,personal,,
Arron Afflalo,Carmelo Anthony,Chris Andersen,Malik Allen,Ty Lawson,Carlos Arroyo,Dorell Wright,Joel Anthony,Michael Beasley,Udonis Haslem,2,10:20,MIA,shot,,,,,,,,,,Udonis Haslem,,,,missed,,jump,14,20
Arron Afflalo,Carmelo Anthony,Chris Andersen,Malik Allen,Ty Lawson,Carlos Arroyo,Dorell Wright,Joel Anthony,Michael Beasley,Udonis Haslem,2,10:19,DEN,rebound,,,,,,,,,,Carmelo Anthony,,,,,,def,,
Arron Afflalo,Carmelo Anthony,Chris Andersen,Malik Allen,Ty Lawson,Carlos Arroyo,Dorell Wright,Joel Anthony,Michael Beasley,Udonis Haslem,2,10:14,DEN,turnover,,,,,,,,,,Carmelo Anthony,,,discontinue dribble,,,,,
Arron Afflalo,Carmelo Anthony,Chris Andersen,Malik Allen,Ty Lawson,Carlos Arroyo,Dorell Wright,Joel Anthony,Michael Beasley,Udonis Haslem,2,10:05,MIA,foul,,,,,,,,Ty Lawson,,Carlos Arroyo,,,,,,offensive,,
Arron Afflalo,Carmelo Anthony,Chris Andersen,Malik Allen,Ty Lawson,Carlos Arroyo,Dorell Wright,Joel Anthony,Michael Beasley,Udonis Haslem,2,10:05,MIA,turnover,,,,,,,,,,Carlos Arroyo,,,foul,,,,,
Arron Afflalo,Carmelo Anthony,Chris Andersen,Malik Allen,Ty Lawson,Carlos Arroyo,Dorell Wright,Joel Anthony,Michael Beasley,Udonis Haslem,2,9:51,DEN,foul,,,,,,,,Joel Anthony,,Carmelo Anthony,,,,,,offensive,,
Arron Afflalo,Carmelo Anthony,Chris Andersen,Malik Allen,Ty Lawson,Carlos Arroyo,Dorell Wright,Joel Anthony,Michael Beasley,Udonis Haslem,2,9:51,DEN,turnover,,,,,,,,,,Carmelo Anthony,,,foul,,,,,
Arron Afflalo,Chauncey Billups,Chris Andersen,Malik Allen,Ty Lawson,Carlos Arroyo,Dorell Wright,Joel Anthony,Michael Beasley,Udonis Haslem,2,9:51,DEN,sub,,,,Chauncey Billups,,Carmelo Anthony,,,,,,,,,,,,
Arron Afflalo,Chauncey Billups,Chris Andersen,Malik Allen,Ty Lawson,Carlos Arroyo,Dorell Wright,Joel Anthony,Michael Beasley,Udonis Haslem,2,9:38,MIA,turnover,,,,,,,,,,Dorell Wright,,,traveling,,,,,
Arron Afflalo,Chauncey Billups,Chris Andersen,Malik Allen,Ty Lawson,Carlos Arroyo,Dorell Wright,Joel Anthony,Michael Beasley,Udonis Haslem,2,9:17,DEN,turnover,,,,,,,,,,Arron Afflalo,,,traveling,,,,,
Arron Afflalo,Chauncey Billups,Chris Andersen,Malik Allen,Ty Lawson,Carlos Arroyo,Dorell Wright,Joel Anthony,Michael Beasley,Udonis Haslem,2,9:00,MIA,shot,Michael Beasley,,,,,,,,,Dorell Wright,2,,,made,,jump,35,20
Arron Afflalo,Chauncey Billups,Chris Andersen,Malik Allen,Ty Lawson,Carlos Arroyo,Dorell Wright,Joel Anthony,Michael Beasley,Udonis Haslem,2,8:48,MIA,foul,,,,,,,,Chauncey Billups,,Joel Anthony,,,,,,shooting,,
Arron Afflalo,Chauncey Billups,Chris Andersen,Malik Allen,Ty Lawson,Carlos Arroyo,Dorell Wright,Joel Anthony,Michael Beasley,Udonis Haslem,2,8:48,DEN,timeout,,,,,,,,,,,,,,,,official,,
Arron Afflalo,Chauncey Billups,Chris Andersen,Malik Allen,Ty Lawson,Carlos Arroyo,Dorell Wright,Joel Anthony,Michael Beasley,Udonis Haslem,2,8:48,DEN,free throw,,,,,,,1,,2,Chauncey Billups,,,foul,made,,,,
Arron Afflalo,Chauncey Billups,Chris Andersen,Malik Allen,Ty Lawson,Carlos Arroyo,Dorell Wright,Joel Anthony,Michael Beasley,Udonis Haslem,2,8:48,DEN,free throw,,,,,,,2,,2,Chauncey Billups,,,foul,made,,,,
Arron Afflalo,Chauncey Billups,Chris Andersen,Malik Allen,Ty Lawson,Carlos Arroyo,Dorell Wright,Joel Anthony,Michael Beasley,Udonis Haslem,2,8:31,DEN,foul,,,,,,,,Michael Beasley,,Arron Afflalo,,,,,,personal,,
Arron Afflalo,Chauncey Billups,Chris Andersen,Malik Allen,Ty Lawson,Carlos Arroyo,Dorell Wright,Joel Anthony,Michael Beasley,Udonis Haslem,2,8:22,MIA,shot,,,,,,,,,,Udonis Haslem,,,,missed,,dunk,25,6
Arron Afflalo,Chauncey Billups,Chris Andersen,Malik Allen,Ty Lawson,Carlos Arroyo,Dorell Wright,Joel Anthony,Michael Beasley,Udonis Haslem,2,8:21,MIA,rebound,,,,,,,,,,Joel Anthony,,,,,,off,,
Arron Afflalo,Chauncey Billups,Chris Andersen,Malik Allen,Ty Lawson,Carlos Arroyo,Dorell Wright,Joel Anthony,Michael Beasley,Udonis Haslem,2,8:20,MIA,turnover,,,,,,,,,,Joel Anthony,,,poss lost ball turnover,,,,,
Arron Afflalo,Chauncey Billups,Chris Andersen,Malik Allen,Ty Lawson,Carlos Arroyo,Dorell Wright,Joel Anthony,Michael Beasley,Udonis Haslem,2,8:15,DEN,shot,,,,,,,,,,Chauncey Billups,,,,missed,,3pt,11,27
Arron Afflalo,Chauncey Billups,Chris Andersen,Malik Allen,Ty Lawson,Carlos Arroyo,Dorell Wright,Joel Anthony,Michael Beasley,Udonis Haslem,2,8:14,MIA,rebound,,,,,,,,,,Dorell Wright,,,,,,def,,
Arron Afflalo,Chauncey Billups,Chris Andersen,Malik Allen,Ty Lawson,Carlos Arroyo,Dorell Wright,Joel Anthony,Michael Beasley,Udonis Haslem,2,8:05,MIA,shot,Dorell Wright,,,,,,,,,Udonis Haslem,2,,,made,,jump,15,18
Arron Afflalo,Chauncey Billups,Chris Andersen,Malik Allen,Ty Lawson,Carlos Arroyo,Dorell Wright,Joel Anthony,Michael Beasley,Udonis Haslem,2,7:48,DEN,shot,Chauncey Billups,,,,,,,,,Arron Afflalo,3,,,made,,3pt,47,10
Arron Afflalo,Chauncey Billups,Chris Andersen,Malik Allen,Ty Lawson,Carlos Arroyo,Dorell Wright,Joel Anthony,Michael Beasley,Udonis Haslem,2,7:29,DEN,foul,,,,,,,,Udonis Haslem,,Ty Lawson,,,,,,shooting,,
Arron Afflalo,Chauncey Billups,Chris Andersen,Kenyon Martin,Ty Lawson,Carlos Arroyo,Dorell Wright,Joel Anthony,Michael Beasley,Udonis Haslem,2,7:29,DEN,sub,,,,Kenyon Martin,,Malik Allen,,,,,,,,,,,,
Arron Afflalo,Chauncey Billups,Chris Andersen,Kenyon Martin,Ty Lawson,Carlos Arroyo,Dorell Wright,Joel Anthony,Michael Beasley,Udonis Haslem,2,7:29,MIA,free throw,,,,,,,1,,2,Udonis Haslem,,,foul,missed,,,,
Arron Afflalo,Chauncey Billups,Chris Andersen,Kenyon Martin,Ty Lawson,Carlos Arroyo,Dorell Wright,Joel Anthony,Michael Beasley,Udonis Haslem,2,7:29,MIA,rebound,,,,,,,,,,,,,,,,,,
Arron Afflalo,Chauncey Billups,Chris Andersen,Kenyon Martin,Ty Lawson,Carlos Arroyo,Dorell Wright,Joel Anthony,Michael Beasley,Udonis Haslem,2,7:29,MIA,free throw,,,,,,,2,,2,Udonis Haslem,,,foul,missed,,,,
Arron Afflalo,Chauncey Billups,Chris Andersen,Kenyon Martin,Ty Lawson,Carlos Arroyo,Dorell Wright,Joel Anthony,Michael Beasley,Udonis Haslem,2,7:28,DEN,rebound,,,,,,,,,,Kenyon Martin,,,,,,def,,
Arron Afflalo,Chauncey Billups,Chris Andersen,Kenyon Martin,Ty Lawson,Carlos Arroyo,Dorell Wright,Joel Anthony,Michael Beasley,Udonis Haslem,2,7:18,MIA,foul,,,,,,,,Chauncey Billups,,Dorell Wright,,,,,,personal,,
Arron Afflalo,Chauncey Billups,Chris Andersen,Kenyon Martin,Ty Lawson,Carlos Arroyo,Dorell Wright,Joel Anthony,Michael Beasley,Udonis Haslem,2,7:09,DEN,turnover,,,,,,,,,,Chauncey Billups,,,traveling,,,,,
Arron Afflalo,Chauncey Billups,Chris Andersen,Kenyon Martin,Ty Lawson,Carlos Arroyo,Dorell Wright,Joel Anthony,Michael Beasley,Udonis Haslem,2,6:58,MIA,foul,,,,,,,,Arron Afflalo,,Carlos Arroyo,,,,,,offensive,,
Arron Afflalo,Chauncey Billups,Chris Andersen,Kenyon Martin,Ty Lawson,Carlos Arroyo,Dorell Wright,Joel Anthony,Michael Beasley,Udonis Haslem,2,6:58,MIA,turnover,,,,,,,,,,Carlos Arroyo,,,foul,,,,,
Arron Afflalo,Chauncey Billups,Chris Andersen,Kenyon Martin,Ty Lawson,Carlos Arroyo,Dorell Wright,Joel Anthony,Michael Beasley,Udonis Haslem,2,6:42,DEN,turnover,,,,,,,,,,Chauncey Billups,,,bad pass,,Dorell Wright,,,
Arron Afflalo,Chauncey Billups,Chris Andersen,Kenyon Martin,Ty Lawson,Carlos Arroyo,Dorell Wright,Joel Anthony,Michael Beasley,Udonis Haslem,2,6:34,MIA,shot,,,,,,,,,,Dorell Wright,,,,missed,,driving layup,25,6
Arron Afflalo,Chauncey Billups,Chris Andersen,Kenyon Martin,Ty Lawson,Carlos Arroyo,Dorell Wright,Joel Anthony,Michael Beasley,Udonis Haslem,2,6:33,MIA,rebound,,,,,,,,,,Joel Anthony,,,,,,off,,
Arron Afflalo,Chauncey Billups,Chris Andersen,Kenyon Martin,Ty Lawson,Carlos Arroyo,Dorell Wright,Joel Anthony,Michael Beasley,Udonis Haslem,2,6:31,MIA,shot,,,,,,,,,,Joel Anthony,2,,,made,,putback layup,25,6
Arron Afflalo,Chauncey Billups,Chris Andersen,Kenyon Martin,Ty Lawson,Carlos Arroyo,Dorell Wright,Joel Anthony,Michael Beasley,Udonis Haslem,2,6:08,DEN,shot,,,,,,,,,,Arron Afflalo,,,,missed,,jump,10,17
Arron Afflalo,Chauncey Billups,Chris Andersen,Kenyon Martin,Ty Lawson,Carlos Arroyo,Dorell Wright,Joel Anthony,Michael Beasley,Udonis Haslem,2,6:07,MIA,rebound,,,,,,,,,,Michael Beasley,,,,,,def,,
Arron Afflalo,Chauncey Billups,Chris Andersen,Kenyon Martin,Ty Lawson,Carlos Arroyo,Dorell Wright,Joel Anthony,Michael Beasley,Udonis Haslem,2,6:02,MIA,turnover,,,,,,,,,,Michael Beasley,,,lost ball,,Arron Afflalo,,,
Arron Afflalo,Chauncey Billups,Chris Andersen,Kenyon Martin,Ty Lawson,Carlos Arroyo,Dorell Wright,Joel Anthony,Michael Beasley,Udonis Haslem,2,5:57,DEN,shot,,,,,,,,,,Arron Afflalo,2,,,made,,layup,25,6
Arron Afflalo,Chauncey Billups,Chris Andersen,Kenyon Martin,Ty Lawson,Carlos Arroyo,Dorell Wright,Joel Anthony,Michael Beasley,Udonis Haslem,2,5:48,MIA,timeout,,,,,,,,,,,,,,,,regular,,
Arron Afflalo,Chauncey Billups,Kenyon Martin,Nene Hilario,Ty Lawson,Carlos Arroyo,Dorell Wright,Joel Anthony,Michael Beasley,Udonis Haslem,2,5:48,DEN,sub,,,,Nene Hilario,,Chris Andersen,,,,,,,,,,,,
Arron Afflalo,Carmelo Anthony,Chauncey Billups,Kenyon Martin,Nene Hilario,Carlos Arroyo,Dorell Wright,Joel Anthony,Michael Beasley,Udonis Haslem,2,5:48,DEN,sub,,,,Carmelo Anthony,,Ty Lawson,,,,,,,,,,,,
Arron Afflalo,Carmelo Anthony,Chauncey Billups,Kenyon Martin,Nene Hilario,Dorell Wright,Dwyane Wade,Joel Anthony,Michael Beasley,Udonis Haslem,2,5:48,MIA,sub,,,,Dwyane Wade,,Carlos Arroyo,,,,,,,,,,,,
Arron Afflalo,Carmelo Anthony,Chauncey Billups,Kenyon Martin,Nene Hilario,Dorell Wright,Dwyane Wade,Jermaine O'Neal,Michael Beasley,Udonis Haslem,2,5:48,MIA,sub,,,,Jermaine O'Neal,,Joel Anthony,,,,,,,,,,,,
Arron Afflalo,Carmelo Anthony,Chauncey Billups,Kenyon Martin,Nene Hilario,Dwyane Wade,Jermaine O'Neal,Mario Chalmers,Michael Beasley,Udonis Haslem,2,5:48,MIA,sub,,,,Mario Chalmers,,Dorell Wright,,,,,,,,,,,,
Arron Afflalo,Carmelo Anthony,Chauncey Billups,Kenyon Martin,Nene Hilario,Dwyane Wade,Jermaine O'Neal,Mario Chalmers,Michael Beasley,Udonis Haslem,2,5:39,MIA,turnover,,,,,,,,,,Mario Chalmers,,,bad pass,,Chauncey Billups,,,
Arron Afflalo,Carmelo Anthony,Chauncey Billups,Kenyon Martin,Nene Hilario,Dwyane Wade,Jermaine O'Neal,Mario Chalmers,Michael Beasley,Udonis Haslem,2,5:38,DEN,turnover,,,,,,,,,,Chauncey Billups,,,double dribble,,,,,
Arron Afflalo,Carmelo Anthony,Chauncey Billups,Kenyon Martin,Nene Hilario,Dwyane Wade,Jermaine O'Neal,Mario Chalmers,Michael Beasley,Udonis Haslem,2,5:29,MIA,shot,,,,,,,,,,Jermaine O'Neal,2,,,made,,jump,34,19
Arron Afflalo,Carmelo Anthony,Chauncey Billups,Kenyon Martin,Nene Hilario,Dwyane Wade,Jermaine O'Neal,Mario Chalmers,Michael Beasley,Udonis Haslem,2,5:16,DEN,turnover,,,,,,,,,,Nene Hilario,,,bad pass,,Michael Beasley,,,
Arron Afflalo,Carmelo Anthony,Chauncey Billups,Kenyon Martin,Nene Hilario,Dwyane Wade,Jermaine O'Neal,Mario Chalmers,Michael Beasley,Udonis Haslem,2,5:12,MIA,shot,,,,,,,,,,Michael Beasley,2,,,made,,driving layup,25,6
Arron Afflalo,Carmelo Anthony,Chauncey Billups,Kenyon Martin,Nene Hilario,Dwyane Wade,Jermaine O'Neal,Mario Chalmers,Michael Beasley,Udonis Haslem,2,4:53,DEN,shot,,,,,,,,,,Carmelo Anthony,,,,missed,,jump,10,15
Arron Afflalo,Carmelo Anthony,Chauncey Billups,Kenyon Martin,Nene Hilario,Dwyane Wade,Jermaine O'Neal,Mario Chalmers,Michael Beasley,Udonis Haslem,2,4:52,MIA,rebound,,,,,,,,,,Jermaine O'Neal,,,,,,def,,
Arron Afflalo,Carmelo Anthony,Chauncey Billups,Kenyon Martin,Nene Hilario,Dwyane Wade,Jermaine O'Neal,Mario Chalmers,Michael Beasley,Udonis Haslem,2,4:46,MIA,shot,Dwyane Wade,,,,,,,,,Michael Beasley,2,,,made,,jump,11,16
Arron Afflalo,Carmelo Anthony,Chauncey Billups,Kenyon Martin,Nene Hilario,Dwyane Wade,Jermaine O'Neal,Mario Chalmers,Michael Beasley,Udonis Haslem,2,4:38,DEN,timeout,,,,,,,,,,,,,,,,regular,,
Arron Afflalo,Carmelo Anthony,Chauncey Billups,Malik Allen,Nene Hilario,Dwyane Wade,Jermaine O'Neal,Mario Chalmers,Michael Beasley,Udonis Haslem,2,4:38,DEN,sub,,,,Malik Allen,,Kenyon Martin,,,,,,,,,,,,
Arron Afflalo,Carmelo Anthony,Chauncey Billups,Malik Allen,Nene Hilario,Dwyane Wade,Jermaine O'Neal,Mario Chalmers,Michael Beasley,Quentin Richardson,2,4:38,MIA,sub,,,,Quentin Richardson,,Udonis Haslem,,,,,,,,,,,,
Arron Afflalo,Carmelo Anthony,Chauncey Billups,Malik Allen,Nene Hilario,Dwyane Wade,Jermaine O'Neal,Mario Chalmers,Michael Beasley,Quentin Richardson,2,4:29,DEN,turnover,,,,,,,,,,Nene Hilario,,,bad pass,,,,,
Arron Afflalo,Carmelo Anthony,Chauncey Billups,Malik Allen,Nene Hilario,Dwyane Wade,Jermaine O'Neal,Mario Chalmers,Michael Beasley,Quentin Richardson,2,4:08,MIA,shot,,,,,,,,,,Jermaine O'Neal,2,,,made,,fade away jumper,37,21
Arron Afflalo,Carmelo Anthony,Chauncey Billups,Malik Allen,Nene Hilario,Dwyane Wade,Jermaine O'Neal,Mario Chalmers,Michael Beasley,Quentin Richardson,2,3:50,DEN,turnover,,,,,,,,,,Chauncey Billups,,,bad pass,,Mario Chalmers,,,
Arron Afflalo,Carmelo Anthony,Chauncey Billups,Malik Allen,Nene Hilario,Dwyane Wade,Jermaine O'Neal,Mario Chalmers,Michael Beasley,Quentin Richardson,2,3:41,MIA,shot,,,,,,,,,,Mario Chalmers,,,,missed,,jump,33,7
Arron Afflalo,Carmelo Anthony,Chauncey Billups,Malik Allen,Nene Hilario,Dwyane Wade,Jermaine O'Neal,Mario Chalmers,Michael Beasley,Quentin Richardson,2,3:40,MIA,rebound,,,,,,,,,,Quentin Richardson,,,,,,off,,
Arron Afflalo,Carmelo Anthony,Chauncey Billups,Malik Allen,Nene Hilario,Dwyane Wade,Jermaine O'Neal,Mario Chalmers,Michael Beasley,Quentin Richardson,2,3:39,MIA,shot,,,,,,,,,,Quentin Richardson,,,,missed,,tip,25,6
Arron Afflalo,Carmelo Anthony,Chauncey Billups,Malik Allen,Nene Hilario,Dwyane Wade,Jermaine O'Neal,Mario Chalmers,Michael Beasley,Quentin Richardson,2,3:37,DEN,rebound,,,,,,,,,,Nene Hilario,,,,,,def,,
Arron Afflalo,Carmelo Anthony,Chauncey Billups,Malik Allen,Nene Hilario,Dwyane Wade,Jermaine O'Neal,Mario Chalmers,Michael Beasley,Quentin Richardson,2,3:32,DEN,shot,Malik Allen,,,,,,,,,Nene Hilario,2,,,made,,layup,,
Arron Afflalo,Carmelo Anthony,Chauncey Billups,Malik Allen,Nene Hilario,Dwyane Wade,Jermaine O'Neal,Mario Chalmers,Michael Beasley,Quentin Richardson,2,3:32,MIA,foul,,,,,,,,Nene Hilario,,Jermaine O'Neal,,,,,,shooting,,
Anthony Carter,Carmelo Anthony,Chauncey Billups,Malik Allen,Nene Hilario,Dwyane Wade,Jermaine O'Neal,Mario Chalmers,Michael Beasley,Quentin Richardson,2,3:32,DEN,sub,,,,Anthony Carter,,Arron Afflalo,,,,,,,,,,,,
Anthony Carter,Carmelo Anthony,Chauncey Billups,Malik Allen,Nene Hilario,Dwyane Wade,Mario Chalmers,Michael Beasley,Quentin Richardson,Udonis Haslem,2,3:32,MIA,sub,,,,Udonis Haslem,,Jermaine O'Neal,,,,,,,,,,,,
Anthony Carter,Carmelo Anthony,Chauncey Billups,Malik Allen,Nene Hilario,Dwyane Wade,Mario Chalmers,Michael Beasley,Quentin Richardson,Udonis Haslem,2,3:32,DEN,free throw,,,,,,,1,,1,Nene Hilario,,,foul,made,,,,
Anthony Carter,Carmelo Anthony,Chauncey Billups,Malik Allen,Nene Hilario,Dwyane Wade,Mario Chalmers,Michael Beasley,Quentin Richardson,Udonis Haslem,2,3:14,MIA,shot,,,,,,,,,,Dwyane Wade,,,,missed,,running jump,22,12
Anthony Carter,Carmelo Anthony,Chauncey Billups,Malik Allen,Nene Hilario,Dwyane Wade,Mario Chalmers,Michael Beasley,Quentin Richardson,Udonis Haslem,2,3:13,DEN,rebound,,,,,,,,,,Carmelo Anthony,,,,,,def,,
Anthony Carter,Carmelo Anthony,Chauncey Billups,Malik Allen,Nene Hilario,Dwyane Wade,Mario Chalmers,Michael Beasley,Quentin Richardson,Udonis Haslem,2,2:53,DEN,shot,,,Dwyane Wade,,,,,,,Malik Allen,,,,missed,,jump,7,9
Anthony Carter,Carmelo Anthony,Chauncey Billups,Malik Allen,Nene Hilario,Dwyane Wade,Mario Chalmers,Michael Beasley,Quentin Richardson,Udonis Haslem,2,2:52,MIA,rebound,,,,,,,,,,Mario Chalmers,,,,,,def,,
Anthony Carter,Carmelo Anthony,Chauncey Billups,Malik Allen,Nene Hilario,Dwyane Wade,Mario Chalmers,Michael Beasley,Quentin Richardson,Udonis Haslem,2,2:46,MIA,shot,,,,,,,,,,Mario Chalmers,2,,,made,,floating jump,18,12
Anthony Carter,Carmelo Anthony,Chauncey Billups,Malik Allen,Nene Hilario,Dwyane Wade,Mario Chalmers,Michael Beasley,Quentin Richardson,Udonis Haslem,2,2:25,DEN,shot,,,,,,,,,,Carmelo Anthony,2,,,made,,jump,21,7
Anthony Carter,Carmelo Anthony,Chauncey Billups,Malik Allen,Nene Hilario,Dwyane Wade,Mario Chalmers,Michael Beasley,Quentin Richardson,Udonis Haslem,2,2:15,MIA,shot,,,,,,,,,,Dwyane Wade,,,,missed,,alley oop dunk,25,6
Anthony Carter,Carmelo Anthony,Chauncey Billups,Malik Allen,Nene Hilario,Dwyane Wade,Mario Chalmers,Michael Beasley,Quentin Richardson,Udonis Haslem,2,2:13,MIA,rebound,,,,,,,,,,Mario Chalmers,,,,,,off,,
Anthony Carter,Carmelo Anthony,Chauncey Billups,Malik Allen,Nene Hilario,Dwyane Wade,Mario Chalmers,Michael Beasley,Quentin Richardson,Udonis Haslem,2,1:56,DEN,foul,,,,,,,,Mario Chalmers,,Nene Hilario,,,,,,personal,,
Anthony Carter,Carmelo Anthony,Chauncey Billups,Malik Allen,Nene Hilario,Dwyane Wade,Mario Chalmers,Michael Beasley,Quentin Richardson,Udonis Haslem,2,1:42,MIA,shot,,,,,,,,,,Quentin Richardson,,,,missed,,3pt,21,31
Anthony Carter,Carmelo Anthony,Chauncey Billups,Malik Allen,Nene Hilario,Dwyane Wade,Mario Chalmers,Michael Beasley,Quentin Richardson,Udonis Haslem,2,1:41,MIA,rebound,,,,,,,,,,Udonis Haslem,,,,,,off,,
Anthony Carter,Carmelo Anthony,Chauncey Billups,Malik Allen,Nene Hilario,Dwyane Wade,Mario Chalmers,Michael Beasley,Quentin Richardson,Udonis Haslem,2,1:30,MIA,shot,,,,,,,,,,Dwyane Wade,2,,,made,,jump,33,21
Anthony Carter,Carmelo Anthony,Chauncey Billups,Malik Allen,Nene Hilario,Dwyane Wade,Mario Chalmers,Michael Beasley,Quentin Richardson,Udonis Haslem,2,1:12,DEN,shot,,,,,,,,,,Anthony Carter,,,,missed,,jump,42,9
Anthony Carter,Carmelo Anthony,Chauncey Billups,Malik Allen,Nene Hilario,Dwyane Wade,Mario Chalmers,Michael Beasley,Quentin Richardson,Udonis Haslem,2,1:11,MIA,rebound,,,,,,,,,,Michael Beasley,,,,,,def,,
Anthony Carter,Carmelo Anthony,Chauncey Billups,Malik Allen,Nene Hilario,Dwyane Wade,Mario Chalmers,Michael Beasley,Quentin Richardson,Udonis Haslem,2,1:02,DEN,foul,,,,,,,,Udonis Haslem,,Malik Allen,,,,,,shooting,,
Anthony Carter,Carmelo Anthony,Chauncey Billups,Malik Allen,Nene Hilario,Dwyane Wade,Mario Chalmers,Michael Beasley,Quentin Richardson,Udonis Haslem,2,1:02,MIA,free throw,,,,,,,1,,2,Udonis Haslem,,,foul,made,,,,
Anthony Carter,Carmelo Anthony,Chauncey Billups,Malik Allen,Nene Hilario,Dwyane Wade,Mario Chalmers,Michael Beasley,Quentin Richardson,Udonis Haslem,2,1:02,MIA,free throw,,,,,,,2,,2,Udonis Haslem,,,foul,made,,,,
Anthony Carter,Carmelo Anthony,Chauncey Billups,Malik Allen,Nene Hilario,Dwyane Wade,Mario Chalmers,Michael Beasley,Quentin Richardson,Udonis Haslem,2,0:41,DEN,shot,,,Udonis Haslem,,,,,,,Malik Allen,,,,missed,,layup,25,6
Anthony Carter,Carmelo Anthony,Chauncey Billups,Malik Allen,Nene Hilario,Dwyane Wade,Mario Chalmers,Michael Beasley,Quentin Richardson,Udonis Haslem,2,0:40,MIA,rebound,,,,,,,,,,Udonis Haslem,,,,,,def,,
Anthony Carter,Carmelo Anthony,Chauncey Billups,Malik Allen,Nene Hilario,Dwyane Wade,Mario Chalmers,Michael Beasley,Quentin Richardson,Udonis Haslem,2,0:36,MIA,shot,Dwyane Wade,,,,,,,,,Mario Chalmers,3,,,made,,3pt,43,24
Anthony Carter,Carmelo Anthony,Chauncey Billups,Malik Allen,Nene Hilario,Dwyane Wade,Mario Chalmers,Michael Beasley,Quentin Richardson,Udonis Haslem,2,0:26,DEN,shot,,,,,,,,,,Chauncey Billups,,,,missed,,3pt,18,30
Anthony Carter,Carmelo Anthony,Chauncey Billups,Malik Allen,Nene Hilario,Dwyane Wade,Mario Chalmers,Michael Beasley,Quentin Richardson,Udonis Haslem,2,0:25,DEN,rebound,,,,,,,,,,Carmelo Anthony,,,,,,off,,
Anthony Carter,Carmelo Anthony,Chauncey Billups,Malik Allen,Nene Hilario,Dwyane Wade,Mario Chalmers,Michael Beasley,Quentin Richardson,Udonis Haslem,2,0:06,MIA,foul,,,,,,,,Carmelo Anthony,,Quentin Richardson,,,,,,personal,,
Anthony Carter,Carmelo Anthony,Chauncey Billups,Malik Allen,Nene Hilario,Dwyane Wade,Mario Chalmers,Michael Beasley,Quentin Richardson,Udonis Haslem,2,0:06,DEN,free throw,,,,,,,1,,2,Carmelo Anthony,,,foul,missed,,,,
Anthony Carter,Carmelo Anthony,Chauncey Billups,Malik Allen,Nene Hilario,Dwyane Wade,Mario Chalmers,Michael Beasley,Quentin Richardson,Udonis Haslem,2,0:06,DEN,rebound,,,,,,,,,,,,,,,,,,
Anthony Carter,Carmelo Anthony,Chauncey Billups,Malik Allen,Nene Hilario,Dwyane Wade,Mario Chalmers,Michael Beasley,Quentin Richardson,Udonis Haslem,2,0:06,DEN,free throw,,,,,,,2,,2,Carmelo Anthony,,,foul,missed,,,,
Anthony Carter,Carmelo Anthony,Chauncey Billups,Malik Allen,Nene Hilario,Dwyane Wade,Mario Chalmers,Michael Beasley,Quentin Richardson,Udonis Haslem,2,0:05,MIA,rebound,,,,,,,,,,Quentin Richardson,,,,,,def,,
Anthony Carter,Carmelo Anthony,Chauncey Billups,Malik Allen,Nene Hilario,Dwyane Wade,Mario Chalmers,Michael Beasley,Quentin Richardson,Udonis Haslem,2,0:00,MIA,shot,,,,,,,,,,Quentin Richardson,,,,missed,,3pt,36,28
Anthony Carter,Carmelo Anthony,Chauncey Billups,Malik Allen,Nene Hilario,Dwyane Wade,Mario Chalmers,Michael Beasley,Quentin Richardson,Udonis Haslem,2,0:00,MIA,rebound,,,,,,,,,,,,,,,,,,
Anthony Carter,Carmelo Anthony,Chauncey Billups,Nene Hilario,Renaldo Balkman,Dwyane Wade,Jermaine O'Neal,Mario Chalmers,Michael Beasley,Quentin Richardson,3,11:40,MIA,shot,,,,,,,,,,Dwyane Wade,2,,,made,,jump,41,11
Anthony Carter,Carmelo Anthony,Chauncey Billups,Nene Hilario,Renaldo Balkman,Dwyane Wade,Jermaine O'Neal,Mario Chalmers,Michael Beasley,Quentin Richardson,3,11:19,DEN,turnover,,,,,,,,,,Anthony Carter,,,bad pass,,Michael Beasley,,,
Anthony Carter,Carmelo Anthony,Chauncey Billups,Nene Hilario,Renaldo Balkman,Dwyane Wade,Jermaine O'Neal,Mario Chalmers,Michael Beasley,Quentin Richardson,3,11:08,MIA,shot,,,,,,,,,,Dwyane Wade,,,,missed,,3pt,39,26
Anthony Carter,Carmelo Anthony,Chauncey Billups,Nene Hilario,Renaldo Balkman,Dwyane Wade,Jermaine O'Neal,Mario Chalmers,Michael Beasley,Quentin Richardson,3,11:07,DEN,rebound,,,,,,,,,,Nene Hilario,,,,,,def,,
Anthony Carter,Carmelo Anthony,Chauncey Billups,Nene Hilario,Renaldo Balkman,Dwyane Wade,Jermaine O'Neal,Mario Chalmers,Michael Beasley,Quentin Richardson,3,11:02,DEN,shot,,,,,,,,,,Chauncey Billups,,,,missed,,jump,13,18
Anthony Carter,Carmelo Anthony,Chauncey Billups,Nene Hilario,Renaldo Balkman,Dwyane Wade,Jermaine O'Neal,Mario Chalmers,Michael Beasley,Quentin Richardson,3,11:01,DEN,rebound,,,,,,,,,,,,,,,,,,
Anthony Carter,Carmelo Anthony,Chauncey Billups,Nene Hilario,Renaldo Balkman,Dwyane Wade,Jermaine O'Neal,Mario Chalmers,Michael Beasley,Quentin Richardson,3,11:01,MIA,foul,,,,,,,,Carmelo Anthony,,Quentin Richardson,,,,,,loose ball,,
Anthony Carter,Carmelo Anthony,Chauncey Billups,Nene Hilario,Renaldo Balkman,Dwyane Wade,Jermaine O'Neal,Mario Chalmers,Michael Beasley,Quentin Richardson,3,10:47,DEN,shot,,,,,,,,,,Carmelo Anthony,,,,missed,,jump,10,16
Anthony Carter,Carmelo Anthony,Chauncey Billups,Nene Hilario,Renaldo Balkman,Dwyane Wade,Jermaine O'Neal,Mario Chalmers,Michael Beasley,Quentin Richardson,3,10:46,MIA,rebound,,,,,,,,,,Mario Chalmers,,,,,,def,,
Anthony Carter,Carmelo Anthony,Chauncey Billups,Nene Hilario,Renaldo Balkman,Dwyane Wade,Jermaine O'Neal,Mario Chalmers,Michael Beasley,Quentin Richardson,3,10:24,MIA,shot,,,,,,,,,,Mario Chalmers,3,,,made,,3pt,42,25
Anthony Carter,Carmelo Anthony,Chauncey Billups,Nene Hilario,Renaldo Balkman,Dwyane Wade,Jermaine O'Neal,Mario Chalmers,Michael Beasley,Quentin Richardson,3,10:05,DEN,foul,,,,,,,,Jermaine O'Neal,,Carmelo Anthony,,,,,,offensive,,
Anthony Carter,Carmelo Anthony,Chauncey Billups,Nene Hilario,Renaldo Balkman,Dwyane Wade,Jermaine O'Neal,Mario Chalmers,Michael Beasley,Quentin Richardson,3,10:05,DEN,turnover,,,,,,,,,,Carmelo Anthony,,,foul,,,,,
Anthony Carter,Carmelo Anthony,Chauncey Billups,Nene Hilario,Renaldo Balkman,Dwyane Wade,Jermaine O'Neal,Mario Chalmers,Michael Beasley,Quentin Richardson,3,9:47,MIA,shot,Dwyane Wade,,,,,,,,,Jermaine O'Neal,2,,,made,,jump,33,19
Anthony Carter,Carmelo Anthony,Chauncey Billups,Nene Hilario,Renaldo Balkman,Dwyane Wade,Jermaine O'Neal,Mario Chalmers,Michael Beasley,Quentin Richardson,3,9:41,DEN,timeout,,,,,,,,,,,,,,,,regular,,
Anthony Carter,Carmelo Anthony,Chauncey Billups,Nene Hilario,Renaldo Balkman,Dwyane Wade,Jermaine O'Neal,Mario Chalmers,Michael Beasley,Quentin Richardson,3,9:24,DEN,shot,,,,,,,,,,Carmelo Anthony,,,,missed,,jump,22,10
Anthony Carter,Carmelo Anthony,Chauncey Billups,Nene Hilario,Renaldo Balkman,Dwyane Wade,Jermaine O'Neal,Mario Chalmers,Michael Beasley,Quentin Richardson,3,9:23,MIA,rebound,,,,,,,,,,Jermaine O'Neal,,,,,,def,,
Anthony Carter,Carmelo Anthony,Chauncey Billups,Nene Hilario,Renaldo Balkman,Dwyane Wade,Jermaine O'Neal,Mario Chalmers,Michael Beasley,Quentin Richardson,3,9:09,DEN,foul,,,,,,,,Jermaine O'Neal,,Nene Hilario,,,,,,personal,,
Anthony Carter,Carmelo Anthony,Chauncey Billups,Nene Hilario,Renaldo Balkman,Dwyane Wade,Jermaine O'Neal,Mario Chalmers,Michael Beasley,Quentin Richardson,3,9:01,MIA,shot,,,,,,,,,,Quentin Richardson,,,,missed,,3pt,6,22
Anthony Carter,Carmelo Anthony,Chauncey Billups,Nene Hilario,Renaldo Balkman,Dwyane Wade,Jermaine O'Neal,Mario Chalmers,Michael Beasley,Quentin Richardson,3,9:00,DEN,rebound,,,,,,,,,,Nene Hilario,,,,,,def,,
Anthony Carter,Carmelo Anthony,Chauncey Billups,Nene Hilario,Renaldo Balkman,Dwyane Wade,Jermaine O'Neal,Mario Chalmers,Michael Beasley,Quentin Richardson,3,8:50,MIA,foul,,,,,,,,Carmelo Anthony,,Quentin Richardson,,,,,,personal,,
Anthony Carter,Carmelo Anthony,Chauncey Billups,Nene Hilario,Renaldo Balkman,Dwyane Wade,Jermaine O'Neal,Mario Chalmers,Michael Beasley,Quentin Richardson,3,8:45,DEN,shot,,,,,,,,,,Nene Hilario,2,,,made,,running dunk,,
Anthony Carter,Carmelo Anthony,Chauncey Billups,Nene Hilario,Renaldo Balkman,Dwyane Wade,Jermaine O'Neal,Mario Chalmers,Michael Beasley,Quentin Richardson,3,8:27,MIA,turnover,,,,,,,,,,Dwyane Wade,,,bad pass,,Nene Hilario,,,
Anthony Carter,Carmelo Anthony,Chauncey Billups,Nene Hilario,Renaldo Balkman,Dwyane Wade,Jermaine O'Neal,Mario Chalmers,Michael Beasley,Quentin Richardson,3,8:27,DEN,timeout,,,,,,,,,,,,,,,,short,,
Anthony Carter,Carmelo Anthony,Chauncey Billups,Nene Hilario,Renaldo Balkman,Dwyane Wade,Jermaine O'Neal,Mario Chalmers,Michael Beasley,Quentin Richardson,3,8:13,DEN,shot,,,,,,,,,,Renaldo Balkman,2,,,made,,driving layup,25,6
Anthony Carter,Carmelo Anthony,Chauncey Billups,Nene Hilario,Renaldo Balkman,Dwyane Wade,Jermaine O'Neal,Mario Chalmers,Michael Beasley,Quentin Richardson,3,7:58,DEN,foul,,,,,,,,Jermaine O'Neal,,Nene Hilario,,,,,,shooting,,
Anthony Carter,Carmelo Anthony,Chauncey Billups,Nene Hilario,Renaldo Balkman,Dwyane Wade,Jermaine O'Neal,Mario Chalmers,Michael Beasley,Quentin Richardson,3,7:58,MIA,free throw,,,,,,,1,,2,Jermaine O'Neal,,,foul,made,,,,
Anthony Carter,Carmelo Anthony,Chauncey Billups,Nene Hilario,Renaldo Balkman,Dwyane Wade,Jermaine O'Neal,Mario Chalmers,Michael Beasley,Quentin Richardson,3,7:58,MIA,free throw,,,,,,,2,,2,Jermaine O'Neal,,,foul,missed,,,,
Anthony Carter,Carmelo Anthony,Chauncey Billups,Nene Hilario,Renaldo Balkman,Dwyane Wade,Jermaine O'Neal,Mario Chalmers,Michael Beasley,Quentin Richardson,3,7:57,DEN,rebound,,,,,,,,,,Nene Hilario,,,,,,def,,
Anthony Carter,Carmelo Anthony,Chauncey Billups,Nene Hilario,Renaldo Balkman,Dwyane Wade,Jermaine O'Neal,Mario Chalmers,Michael Beasley,Quentin Richardson,3,7:42,DEN,shot,,,,,,,,,,Nene Hilario,,,,missed,,layup,,
Anthony Carter,Carmelo Anthony,Chauncey Billups,Nene Hilario,Renaldo Balkman,Dwyane Wade,Jermaine O'Neal,Mario Chalmers,Michael Beasley,Quentin Richardson,3,7:41,MIA,rebound,,,,,,,,,,Jermaine O'Neal,,,,,,def,,
Anthony Carter,Carmelo Anthony,Chauncey Billups,Nene Hilario,Renaldo Balkman,Dwyane Wade,Jermaine O'Neal,Mario Chalmers,Michael Beasley,Quentin Richardson,3,7:27,MIA,shot,,,,,,,,,,Michael Beasley,,,,missed,,jump,28,21
Anthony Carter,Carmelo Anthony,Chauncey Billups,Nene Hilario,Renaldo Balkman,Dwyane Wade,Jermaine O'Neal,Mario Chalmers,Michael Beasley,Quentin Richardson,3,7:26,DEN,rebound,,,,,,,,,,Renaldo Balkman,,,,,,def,,
Anthony Carter,Carmelo Anthony,Chauncey Billups,Nene Hilario,Renaldo Balkman,Dwyane Wade,Jermaine O'Neal,Mario Chalmers,Michael Beasley,Quentin Richardson,3,7:14,DEN,shot,,,,,,,,,,Carmelo Anthony,,,,missed,,jump,25,13
Anthony Carter,Carmelo Anthony,Chauncey Billups,Nene Hilario,Renaldo Balkman,Dwyane Wade,Jermaine O'Neal,Mario Chalmers,Michael Beasley,Quentin Richardson,3,7:13,MIA,rebound,,,,,,,,,,Quentin Richardson,,,,,,def,,
Anthony Carter,Carmelo Anthony,Chauncey Billups,Nene Hilario,Renaldo Balkman,Dwyane Wade,Jermaine O'Neal,Mario Chalmers,Michael Beasley,Quentin Richardson,3,6:57,MIA,turnover,,,,,,,,,,Quentin Richardson,,,bad pass,,Renaldo Balkman,,,
Anthony Carter,Carmelo Anthony,Chauncey Billups,Nene Hilario,Renaldo Balkman,Dwyane Wade,Jermaine O'Neal,Mario Chalmers,Michael Beasley,Quentin Richardson,3,6:56,DEN,foul,,,,,,,,Quentin Richardson,,Renaldo Balkman,,,,,,offensive,,
Anthony Carter,Carmelo Anthony,Chauncey Billups,Nene Hilario,Renaldo Balkman,Dwyane Wade,Jermaine O'Neal,Mario Chalmers,Michael Beasley,Quentin Richardson,3,6:56,DEN,turnover,,,,,,,,,,Renaldo Balkman,,,foul,,,,,
Anthony Carter,Carmelo Anthony,Chauncey Billups,Nene Hilario,Renaldo Balkman,Dwyane Wade,Jermaine O'Neal,Mario Chalmers,Michael Beasley,Quentin Richardson,3,6:47,MIA,shot,,,,,,,,,,Mario Chalmers,2,,,made,,driving reverse layup,25,6
Anthony Carter,Carmelo Anthony,Chauncey Billups,Nene Hilario,Renaldo Balkman,Dwyane Wade,Jermaine O'Neal,Mario Chalmers,Michael Beasley,Quentin Richardson,3,6:40,DEN,turnover,,,,,,,,,,Carmelo Anthony,,,out of bounds lost ball turnover,,,,,
Anthony Carter,Carmelo Anthony,Chauncey Billups,Nene Hilario,Renaldo Balkman,Dwyane Wade,Jermaine O'Neal,Mario Chalmers,Michael Beasley,Quentin Richardson,3,6:22,MIA,shot,Quentin Richardson,,,,,,,,,Mario Chalmers,3,,,made,,3pt,11,27
Anthony Carter,Carmelo Anthony,Chauncey Billups,Nene Hilario,Renaldo Balkman,Dwyane Wade,Jermaine O'Neal,Mario Chalmers,Michael Beasley,Quentin Richardson,3,6:07,DEN,shot,,,,,,,,,,Chauncey Billups,2,,,made,,layup,25,6
Anthony Carter,Carmelo Anthony,Chauncey Billups,Nene Hilario,Renaldo Balkman,Dwyane Wade,Jermaine O'Neal,Mario Chalmers,Michael Beasley,Quentin Richardson,3,5:49,MIA,shot,Quentin Richardson,,,,,,,,,Michael Beasley,3,,,made,,3pt,1,9
Anthony Carter,Carmelo Anthony,Chauncey Billups,Nene Hilario,Renaldo Balkman,Dwyane Wade,Jermaine O'Neal,Mario Chalmers,Michael Beasley,Quentin Richardson,3,5:34,DEN,shot,,,Jermaine O'Neal,,,,,,,Carmelo Anthony,,,,missed,,dunk,25,6
Anthony Carter,Carmelo Anthony,Chauncey Billups,Nene Hilario,Renaldo Balkman,Dwyane Wade,Jermaine O'Neal,Mario Chalmers,Michael Beasley,Quentin Richardson,3,5:33,DEN,rebound,,,,,,,,,,Renaldo Balkman,,,,,,off,,
Anthony Carter,Carmelo Anthony,Chauncey Billups,Nene Hilario,Renaldo Balkman,Dwyane Wade,Jermaine O'Neal,Mario Chalmers,Michael Beasley,Quentin Richardson,3,5:27,DEN,shot,,,,,,,,,,Anthony Carter,,,,missed,,3pt,36,28
Anthony Carter,Carmelo Anthony,Chauncey Billups,Nene Hilario,Renaldo Balkman,Dwyane Wade,Jermaine O'Neal,Mario Chalmers,Michael Beasley,Quentin Richardson,3,5:26,MIA,rebound,,,,,,,,,,Mario Chalmers,,,,,,def,,
Anthony Carter,Carmelo Anthony,Chauncey Billups,Nene Hilario,Renaldo Balkman,Dwyane Wade,Jermaine O'Neal,Mario Chalmers,Michael Beasley,Quentin Richardson,3,5:18,MIA,shot,Mario Chalmers,,,,,,,,,Jermaine O'Neal,2,,,made,,layup,25,6
Anthony Carter,Carmelo Anthony,Chauncey Billups,Nene Hilario,Renaldo Balkman,Dwyane Wade,Jermaine O'Neal,Mario Chalmers,Michael Beasley,Quentin Richardson,3,5:15,DEN,timeout,,,,,,,,,,,,,,,,regular,,
Arron Afflalo,Carmelo Anthony,Chauncey Billups,Nene Hilario,Renaldo Balkman,Dwyane Wade,Jermaine O'Neal,Mario Chalmers,Michael Beasley,Quentin Richardson,3,5:15,DEN,sub,,,,Arron Afflalo,,Anthony Carter,,,,,,,,,,,,
Arron Afflalo,Carmelo Anthony,Chauncey Billups,Nene Hilario,Renaldo Balkman,Dwyane Wade,Jermaine O'Neal,Mario Chalmers,Michael Beasley,Quentin Richardson,3,4:56,DEN,shot,,,,,,,,,,Renaldo Balkman,,,,missed,,jump,38,19
Arron Afflalo,Carmelo Anthony,Chauncey Billups,Nene Hilario,Renaldo Balkman,Dwyane Wade,Jermaine O'Neal,Mario Chalmers,Michael Beasley,Quentin Richardson,3,4:55,MIA,rebound,,,,,,,,,,Quentin Richardson,,,,,,def,,
Arron Afflalo,Carmelo Anthony,Chauncey Billups,Nene Hilario,Renaldo Balkman,Dwyane Wade,Jermaine O'Neal,Mario Chalmers,Michael Beasley,Quentin Richardson,3,4:46,DEN,foul,,,,,,,,Jermaine O'Neal,,Renaldo Balkman,,,,,,shooting,,
Arron Afflalo,Carmelo Anthony,Chauncey Billups,Nene Hilario,Renaldo Balkman,Dwyane Wade,Jermaine O'Neal,Mario Chalmers,Michael Beasley,Quentin Richardson,3,4:46,MIA,free throw,,,,,,,1,,2,Jermaine O'Neal,,,foul,missed,,,,
Arron Afflalo,Carmelo Anthony,Chauncey Billups,Nene Hilario,Renaldo Balkman,Dwyane Wade,Jermaine O'Neal,Mario Chalmers,Michael Beasley,Quentin Richardson,3,4:46,MIA,rebound,,,,,,,,,,,,,,,,,,
Arron Afflalo,Carmelo Anthony,Chauncey Billups,Chris Andersen,Renaldo Balkman,Dwyane Wade,Jermaine O'Neal,Mario Chalmers,Michael Beasley,Quentin Richardson,3,4:46,DEN,sub,,,,Chris Andersen,,Nene Hilario,,,,,,,,,,,,
Arron Afflalo,Carmelo Anthony,Chauncey Billups,Chris Andersen,Renaldo Balkman,Dwyane Wade,Jermaine O'Neal,Mario Chalmers,Michael Beasley,Quentin Richardson,3,4:46,MIA,free throw,,,,,,,2,,2,Jermaine O'Neal,,,foul,made,,,,
Arron Afflalo,Carmelo Anthony,Chauncey Billups,Chris Andersen,Renaldo Balkman,Dwyane Wade,Jermaine O'Neal,Mario Chalmers,Michael Beasley,Quentin Richardson,3,4:33,DEN,shot,,,,,,,,,,Arron Afflalo,,,,missed,,3pt,1,8
Arron Afflalo,Carmelo Anthony,Chauncey Billups,Chris Andersen,Renaldo Balkman,Dwyane Wade,Jermaine O'Neal,Mario Chalmers,Michael Beasley,Quentin Richardson,3,4:32,DEN,rebound,,,,,,,,,,Renaldo Balkman,,,,,,off,,
Arron Afflalo,Carmelo Anthony,Chauncey Billups,Chris Andersen,Renaldo Balkman,Dwyane Wade,Jermaine O'Neal,Mario Chalmers,Michael Beasley,Quentin Richardson,3,4:31,DEN,shot,,,,,,,,,,Renaldo Balkman,2,,,made,,layup,25,6
Arron Afflalo,Carmelo Anthony,Chauncey Billups,Chris Andersen,Renaldo Balkman,Dwyane Wade,Jermaine O'Neal,Mario Chalmers,Michael Beasley,Quentin Richardson,3,4:12,MIA,shot,,,,,,,,,,Dwyane Wade,2,,,made,,jump,41,9
Arron Afflalo,Carmelo Anthony,Chauncey Billups,Chris Andersen,Renaldo Balkman,Dwyane Wade,Jermaine O'Neal,Mario Chalmers,Michael Beasley,Quentin Richardson,3,3:56,DEN,shot,,,Jermaine O'Neal,,,,,,,Arron Afflalo,,,,missed,,layup,25,6
Arron Afflalo,Carmelo Anthony,Chauncey Billups,Chris Andersen,Renaldo Balkman,Dwyane Wade,Jermaine O'Neal,Mario Chalmers,Michael Beasley,Quentin Richardson,3,3:55,MIA,rebound,,,,,,,,,,,,,,,,,,
Arron Afflalo,Carmelo Anthony,Chauncey Billups,Chris Andersen,Renaldo Balkman,Dwyane Wade,Jermaine O'Neal,Mario Chalmers,Quentin Richardson,Udonis Haslem,3,3:55,MIA,sub,,,,Udonis Haslem,,Michael Beasley,,,,,,,,,,,,
Arron Afflalo,Carmelo Anthony,Chauncey Billups,Chris Andersen,Ty Lawson,Dwyane Wade,Jermaine O'Neal,Mario Chalmers,Quentin Richardson,Udonis Haslem,3,3:55,DEN,sub,,,,Ty Lawson,,Renaldo Balkman,,,,,,,,,,,,
Arron Afflalo,Carmelo Anthony,Chauncey Billups,Chris Andersen,Ty Lawson,Dwyane Wade,Jermaine O'Neal,Mario Chalmers,Quentin Richardson,Udonis Haslem,3,3:40,DEN,foul,,,,,,,,Dwyane Wade,,Arron Afflalo,,,,,,shooting,,
Arron Afflalo,Carmelo Anthony,Chauncey Billups,Chris Andersen,Ty Lawson,Dwyane Wade,Jermaine O'Neal,Mario Chalmers,Quentin Richardson,Udonis Haslem,3,3:40,MIA,free throw,,,,,,,1,,2,Dwyane Wade,,,foul,made,,,,
Arron Afflalo,Carmelo Anthony,Chauncey Billups,Chris Andersen,Ty Lawson,Dwyane Wade,Jermaine O'Neal,Mario Chalmers,Quentin Richardson,Udonis Haslem,3,3:40,MIA,free throw,,,,,,,2,,2,Dwyane Wade,,,foul,missed,,,,
Arron Afflalo,Carmelo Anthony,Chauncey Billups,Chris Andersen,Ty Lawson,Dwyane Wade,Jermaine O'Neal,Mario Chalmers,Quentin Richardson,Udonis Haslem,3,3:39,DEN,rebound,,,,,,,,,,Chris Andersen,,,,,,def,,
Arron Afflalo,Carmelo Anthony,Chauncey Billups,Chris Andersen,Ty Lawson,Dwyane Wade,Jermaine O'Neal,Mario Chalmers,Quentin Richardson,Udonis Haslem,3,3:17,DEN,shot,,,,,,,,,,Ty Lawson,,,,missed,,3pt,8,23
Arron Afflalo,Carmelo Anthony,Chauncey Billups,Chris Andersen,Ty Lawson,Dwyane Wade,Jermaine O'Neal,Mario Chalmers,Quentin Richardson,Udonis Haslem,3,3:17,MIA,rebound,,,,,,,,,,Jermaine O'Neal,,,,,,def,,
Arron Afflalo,Carmelo Anthony,Chauncey Billups,Chris Andersen,Ty Lawson,Dwyane Wade,Jermaine O'Neal,Mario Chalmers,Quentin Richardson,Udonis Haslem,3,3:02,MIA,shot,,,,,,,,,,Quentin Richardson,2,,,made,,layup,25,6
Arron Afflalo,Carmelo Anthony,Chauncey Billups,Chris Andersen,Ty Lawson,Dwyane Wade,Jermaine O'Neal,Mario Chalmers,Quentin Richardson,Udonis Haslem,3,2:50,DEN,shot,,,,,,,,,,Carmelo Anthony,2,,,made,,driving finger roll layup,25,6
Arron Afflalo,Carmelo Anthony,Chauncey Billups,Chris Andersen,Ty Lawson,Dwyane Wade,Jermaine O'Neal,Mario Chalmers,Quentin Richardson,Udonis Haslem,3,2:26,MIA,shot,,,,,,,,,,Quentin Richardson,2,,,made,,jump,12,16
Arron Afflalo,Carmelo Anthony,Chauncey Billups,Chris Andersen,Ty Lawson,Dwyane Wade,Jermaine O'Neal,Mario Chalmers,Quentin Richardson,Udonis Haslem,3,2:21,MIA,foul,,,,,,,,Ty Lawson,,Mario Chalmers,,,,,,personal,,
Arron Afflalo,Carmelo Anthony,Chauncey Billups,Chris Andersen,Ty Lawson,Dwyane Wade,Jermaine O'Neal,Mario Chalmers,Quentin Richardson,Udonis Haslem,3,2:10,DEN,shot,,,,,,,,,,Carmelo Anthony,2,,,made,,jump,16,17
Arron Afflalo,Carmelo Anthony,Chauncey Billups,Chris Andersen,Ty Lawson,Dwyane Wade,Jermaine O'Neal,Mario Chalmers,Quentin Richardson,Udonis Haslem,3,1:52,MIA,shot,,,Chris Andersen,,,,,,,Dwyane Wade,,,,missed,,turnaround jump,28,9
Arron Afflalo,Carmelo Anthony,Chauncey Billups,Chris Andersen,Ty Lawson,Dwyane Wade,Jermaine O'Neal,Mario Chalmers,Quentin Richardson,Udonis Haslem,3,1:51,MIA,rebound,,,,,,,,,,,,,,,,,,
Arron Afflalo,Carmelo Anthony,Chauncey Billups,Chris Andersen,Ty Lawson,Dwyane Wade,Jermaine O'Neal,Mario Chalmers,Quentin Richardson,Udonis Haslem,3,1:47,MIA,shot,,,,,,,,,,Dwyane Wade,,,,missed,,jump,38,19
Arron Afflalo,Carmelo Anthony,Chauncey Billups,Chris Andersen,Ty Lawson,Dwyane Wade,Jermaine O'Neal,Mario Chalmers,Quentin Richardson,Udonis Haslem,3,1:46,DEN,rebound,,,,,,,,,,Arron Afflalo,,,,,,def,,
Arron Afflalo,Carmelo Anthony,Chauncey Billups,Chris Andersen,Ty Lawson,Dwyane Wade,Jermaine O'Neal,Mario Chalmers,Quentin Richardson,Udonis Haslem,3,1:31,DEN,shot,,,,,,,,,,Carmelo Anthony,,,,missed,,jump,9,13
Arron Afflalo,Carmelo Anthony,Chauncey Billups,Chris Andersen,Ty Lawson,Dwyane Wade,Jermaine O'Neal,Mario Chalmers,Quentin Richardson,Udonis Haslem,3,1:30,DEN,rebound,,,,,,,,,,Ty Lawson,,,,,,off,,
Arron Afflalo,Carmelo Anthony,Chauncey Billups,Chris Andersen,Ty Lawson,Dwyane Wade,Jermaine O'Neal,Mario Chalmers,Quentin Richardson,Udonis Haslem,3,1:28,MIA,foul,,,,,,,,Arron Afflalo,,Mario Chalmers,,,,,,personal,,
Arron Afflalo,Carmelo Anthony,Chris Andersen,Joey Graham,Ty Lawson,Dwyane Wade,Jermaine O'Neal,Mario Chalmers,Quentin Richardson,Udonis Haslem,3,1:28,DEN,sub,,,,Joey Graham,,Chauncey Billups,,,,,,,,,,,,
Arron Afflalo,Carmelo Anthony,Chris Andersen,Joey Graham,Ty Lawson,Dwyane Wade,Jermaine O'Neal,Mario Chalmers,Quentin Richardson,Udonis Haslem,3,1:13,DEN,shot,Arron Afflalo,,,,,,,,,Ty Lawson,2,,,made,,jump,39,21
Arron Afflalo,Carmelo Anthony,Chris Andersen,Joey Graham,Ty Lawson,Dwyane Wade,Jermaine O'Neal,Mario Chalmers,Quentin Richardson,Udonis Haslem,3,0:54,MIA,turnover,,,,,,,,,,Udonis Haslem,,,lost ball,,Carmelo Anthony,,,
Arron Afflalo,Carmelo Anthony,Chris Andersen,Joey Graham,Ty Lawson,Dwyane Wade,Jermaine O'Neal,Mario Chalmers,Quentin Richardson,Udonis Haslem,3,0:41,DEN,shot,Carmelo Anthony,,,,,,,,,Ty Lawson,3,,,made,,3pt,48,10
Arron Afflalo,Carmelo Anthony,Chris Andersen,Joey Graham,Ty Lawson,Dwyane Wade,Jermaine O'Neal,Mario Chalmers,Quentin Richardson,Udonis Haslem,3,0:22,MIA,shot,Dwyane Wade,,,,,,,,,Jermaine O'Neal,2,,,made,,jump,31,10
Arron Afflalo,Carmelo Anthony,Chris Andersen,Joey Graham,Ty Lawson,Dwyane Wade,Jermaine O'Neal,Mario Chalmers,Quentin Richardson,Udonis Haslem,3,0:03,MIA,foul,,,,,,,,Carmelo Anthony,,Quentin Richardson,,,,,,shooting,,
Arron Afflalo,Carmelo Anthony,Chris Andersen,Joey Graham,Ty Lawson,Dwyane Wade,Jermaine O'Neal,Mario Chalmers,Quentin Richardson,Udonis Haslem,3,0:03,DEN,free throw,,,,,,,1,,2,Carmelo Anthony,,,foul,missed,,,,
Arron Afflalo,Carmelo Anthony,Chris Andersen,Joey Graham,Ty Lawson,Dwyane Wade,Jermaine O'Neal,Mario Chalmers,Quentin Richardson,Udonis Haslem,3,0:03,DEN,rebound,,,,,,,,,,,,,,,,,,
Arron Afflalo,Carmelo Anthony,Chris Andersen,Joey Graham,Ty Lawson,Dwyane Wade,Jermaine O'Neal,Mario Chalmers,Quentin Richardson,Udonis Haslem,3,0:03,DEN,free throw,,,,,,,2,,2,Carmelo Anthony,,,foul,made,,,,
Arron Afflalo,Carmelo Anthony,Chris Andersen,Joey Graham,Ty Lawson,Carlos Arroyo,Dwyane Wade,Joel Anthony,Michael Beasley,Udonis Haslem,4,11:49,MIA,foul,,,,,,,,Carmelo Anthony,,Joel Anthony,,,,,,shooting,,
Arron Afflalo,Carmelo Anthony,Chris Andersen,Joey Graham,Ty Lawson,Carlos Arroyo,Dwyane Wade,Joel Anthony,Michael Beasley,Udonis Haslem,4,11:49,DEN,free throw,,,,,,,1,,2,Carmelo Anthony,,,foul,made,,,,
Arron Afflalo,Carmelo Anthony,Chris Andersen,Joey Graham,Ty Lawson,Carlos Arroyo,Dwyane Wade,Joel Anthony,Michael Beasley,Udonis Haslem,4,11:49,DEN,free throw,,,,,,,2,,2,Carmelo Anthony,,,foul,made,,,,
Arron Afflalo,Carmelo Anthony,Chris Andersen,Joey Graham,Ty Lawson,Carlos Arroyo,Dwyane Wade,Joel Anthony,Michael Beasley,Udonis Haslem,4,11:31,MIA,turnover,,,,,,,,,,Michael Beasley,,,bad pass,,Ty Lawson,,,
Arron Afflalo,Carmelo Anthony,Chris Andersen,Joey Graham,Ty Lawson,Carlos Arroyo,Dwyane Wade,Joel Anthony,Michael Beasley,Udonis Haslem,4,11:28,DEN,shot,,,,,,,,,,Ty Lawson,2,,,made,,layup,25,6
Arron Afflalo,Carmelo Anthony,Chris Andersen,Joey Graham,Ty Lawson,Carlos Arroyo,Dwyane Wade,Joel Anthony,Michael Beasley,Udonis Haslem,4,11:11,MIA,turnover,,,,,,,,,,Joel Anthony,,,traveling,,,,,
Arron Afflalo,Carmelo Anthony,Joey Graham,Nene Hilario,Ty Lawson,Carlos Arroyo,Dwyane Wade,Joel Anthony,Michael Beasley,Udonis Haslem,4,11:11,DEN,sub,,,,Nene Hilario,,Chris Andersen,,,,,,,,,,,,
Arron Afflalo,Carmelo Anthony,Joey Graham,Nene Hilario,Ty Lawson,Carlos Arroyo,Dwyane Wade,Joel Anthony,Michael Beasley,Udonis Haslem,4,10:58,MIA,foul,,,,,,,,Carmelo Anthony,,Joel Anthony,,,,,,shooting,,
Arron Afflalo,Carmelo Anthony,Joey Graham,Nene Hilario,Ty Lawson,Carlos Arroyo,Dwyane Wade,Joel Anthony,Michael Beasley,Udonis Haslem,4,10:58,DEN,free throw,,,,,,,1,,2,Carmelo Anthony,,,foul,made,,,,
Arron Afflalo,Carmelo Anthony,Joey Graham,Nene Hilario,Ty Lawson,Carlos Arroyo,Dwyane Wade,Joel Anthony,Michael Beasley,Udonis Haslem,4,10:58,DEN,free throw,,,,,,,2,,2,Carmelo Anthony,,,foul,missed,,,,
Arron Afflalo,Carmelo Anthony,Joey Graham,Nene Hilario,Ty Lawson,Carlos Arroyo,Dwyane Wade,Joel Anthony,Michael Beasley,Udonis Haslem,4,10:57,MIA,rebound,,,,,,,,,,Udonis Haslem,,,,,,def,,
Arron Afflalo,Carmelo Anthony,Joey Graham,Nene Hilario,Ty Lawson,Carlos Arroyo,Dwyane Wade,Joel Anthony,Michael Beasley,Udonis Haslem,4,10:42,MIA,shot,,,,,,,,,,Dwyane Wade,2,,,made,,driving layup,25,6
Arron Afflalo,Carmelo Anthony,Joey Graham,Nene Hilario,Ty Lawson,Carlos Arroyo,Dwyane Wade,Joel Anthony,Michael Beasley,Udonis Haslem,4,10:25,DEN,shot,,,,,,,,,,Carmelo Anthony,2,,,made,,jump,15,13
Arron Afflalo,Carmelo Anthony,Joey Graham,Nene Hilario,Ty Lawson,Carlos Arroyo,Dwyane Wade,Joel Anthony,Michael Beasley,Udonis Haslem,4,10:13,MIA,shot,,,,,,,,,,Dwyane Wade,,,,missed,,3pt,41,24
Arron Afflalo,Carmelo Anthony,Joey Graham,Nene Hilario,Ty Lawson,Carlos Arroyo,Dwyane Wade,Joel Anthony,Michael Beasley,Udonis Haslem,4,10:12,DEN,rebound,,,,,,,,,,Carmelo Anthony,,,,,,def,,
Arron Afflalo,Carmelo Anthony,Joey Graham,Nene Hilario,Ty Lawson,Carlos Arroyo,Dwyane Wade,Joel Anthony,Michael Beasley,Udonis Haslem,4,10:04,DEN,shot,,,,,,,,,,Carmelo Anthony,,,,missed,,jump,10,17
Arron Afflalo,Carmelo Anthony,Joey Graham,Nene Hilario,Ty Lawson,Carlos Arroyo,Dwyane Wade,Joel Anthony,Michael Beasley,Udonis Haslem,4,10:03,MIA,rebound,,,,,,,,,,Joel Anthony,,,,,,def,,
Arron Afflalo,Carmelo Anthony,Joey Graham,Nene Hilario,Ty Lawson,Carlos Arroyo,Dwyane Wade,Joel Anthony,Michael Beasley,Udonis Haslem,4,9:57,DEN,foul,,,,,,,,Joel Anthony,,Joey Graham,,,,,,shooting,,
Arron Afflalo,Carmelo Anthony,Joey Graham,Nene Hilario,Ty Lawson,Carlos Arroyo,Dwyane Wade,Joel Anthony,Michael Beasley,Udonis Haslem,4,9:57,MIA,free throw,,,,,,,1,,2,Joel Anthony,,,foul,missed,,,,
Arron Afflalo,Carmelo Anthony,Joey Graham,Nene Hilario,Ty Lawson,Carlos Arroyo,Dwyane Wade,Joel Anthony,Michael Beasley,Udonis Haslem,4,9:57,MIA,rebound,,,,,,,,,,,,,,,,,,
Arron Afflalo,Carmelo Anthony,Joey Graham,Nene Hilario,Ty Lawson,Carlos Arroyo,Dwyane Wade,Joel Anthony,Michael Beasley,Udonis Haslem,4,9:57,MIA,free throw,,,,,,,2,,2,Joel Anthony,,,foul,made,,,,
Arron Afflalo,Carmelo Anthony,Joey Graham,Nene Hilario,Ty Lawson,Carlos Arroyo,Dwyane Wade,Joel Anthony,Michael Beasley,Udonis Haslem,4,9:42,DEN,shot,Ty Lawson,,,,,,,,,Joey Graham,2,,,made,,hook,24,11
Arron Afflalo,Carmelo Anthony,Joey Graham,Nene Hilario,Ty Lawson,Carlos Arroyo,Dwyane Wade,Joel Anthony,Michael Beasley,Udonis Haslem,4,9:42,MIA,timeout,,,,,,,,,,,,,,,,regular,,
Arron Afflalo,Carmelo Anthony,Joey Graham,Nene Hilario,Ty Lawson,Carlos Arroyo,Dwyane Wade,Jermaine O'Neal,Joel Anthony,Udonis Haslem,4,9:42,MIA,sub,,,,Jermaine O'Neal,,Michael Beasley,,,,,,,,,,,,
Arron Afflalo,Carmelo Anthony,Joey Graham,Nene Hilario,Ty Lawson,Carlos Arroyo,Dwyane Wade,Jermaine O'Neal,Quentin Richardson,Udonis Haslem,4,9:42,MIA,sub,,,,Quentin Richardson,,Joel Anthony,,,,,,,,,,,,
Arron Afflalo,Carmelo Anthony,Joey Graham,Nene Hilario,Ty Lawson,Carlos Arroyo,Dwyane Wade,Jermaine O'Neal,Quentin Richardson,Udonis Haslem,4,9:32,DEN,foul,,,,,,,,Dwyane Wade,,Nene Hilario,,,,,,shooting,,
Arron Afflalo,Carmelo Anthony,Joey Graham,Nene Hilario,Ty Lawson,Carlos Arroyo,Dwyane Wade,Jermaine O'Neal,Quentin Richardson,Udonis Haslem,4,9:32,MIA,free throw,,,,,,,1,,2,Dwyane Wade,,,foul,made,,,,
Arron Afflalo,Carmelo Anthony,Joey Graham,Nene Hilario,Ty Lawson,Carlos Arroyo,Dwyane Wade,Jermaine O'Neal,Quentin Richardson,Udonis Haslem,4,9:32,MIA,free throw,,,,,,,2,,2,Dwyane Wade,,,foul,made,,,,
Arron Afflalo,Carmelo Anthony,Joey Graham,Nene Hilario,Ty Lawson,Carlos Arroyo,Dwyane Wade,Jermaine O'Neal,Quentin Richardson,Udonis Haslem,4,9:17,DEN,shot,,,,,,,,,,Ty Lawson,,,,missed,,3pt,6,24
Arron Afflalo,Carmelo Anthony,Joey Graham,Nene Hilario,Ty Lawson,Carlos Arroyo,Dwyane Wade,Jermaine O'Neal,Quentin Richardson,Udonis Haslem,4,9:16,MIA,rebound,,,,,,,,,,Jermaine O'Neal,,,,,,def,,
Arron Afflalo,Carmelo Anthony,Joey Graham,Nene Hilario,Ty Lawson,Carlos Arroyo,Dwyane Wade,Jermaine O'Neal,Quentin Richardson,Udonis Haslem,4,9:05,MIA,shot,,,,,,,,,,Dwyane Wade,,,,missed,,driving layup,25,6
Arron Afflalo,Carmelo Anthony,Joey Graham,Nene Hilario,Ty Lawson,Carlos Arroyo,Dwyane Wade,Jermaine O'Neal,Quentin Richardson,Udonis Haslem,4,9:04,DEN,rebound,,,,,,,,,,Nene Hilario,,,,,,def,,
Arron Afflalo,Carmelo Anthony,Joey Graham,Nene Hilario,Ty Lawson,Carlos Arroyo,Dwyane Wade,Jermaine O'Neal,Quentin Richardson,Udonis Haslem,4,9:00,DEN,shot,Ty Lawson,,,,,,,,,Carmelo Anthony,2,,,made,,dunk,25,6
Arron Afflalo,Carmelo Anthony,Joey Graham,Nene Hilario,Ty Lawson,Carlos Arroyo,Dwyane Wade,Jermaine O'Neal,Quentin Richardson,Udonis Haslem,4,8:39,MIA,shot,,,,,,,,,,Quentin Richardson,,,,missed,,3pt,1,8
Arron Afflalo,Carmelo Anthony,Joey Graham,Nene Hilario,Ty Lawson,Carlos Arroyo,Dwyane Wade,Jermaine O'Neal,Quentin Richardson,Udonis Haslem,4,8:38,MIA,rebound,,,,,,,,,,Carlos Arroyo,,,,,,off,,
Arron Afflalo,Carmelo Anthony,Joey Graham,Nene Hilario,Ty Lawson,Carlos Arroyo,Dwyane Wade,Jermaine O'Neal,Quentin Richardson,Udonis Haslem,4,8:25,MIA,shot,,,,,,,,,,Carlos Arroyo,,,,missed,,jump,33,23
Arron Afflalo,Carmelo Anthony,Joey Graham,Nene Hilario,Ty Lawson,Carlos Arroyo,Dwyane Wade,Jermaine O'Neal,Quentin Richardson,Udonis Haslem,4,8:24,MIA,rebound,,,,,,,,,,Dwyane Wade,,,,,,off,,
Arron Afflalo,Carmelo Anthony,Joey Graham,Nene Hilario,Ty Lawson,Carlos Arroyo,Dwyane Wade,Jermaine O'Neal,Quentin Richardson,Udonis Haslem,4,8:23,MIA,shot,,,,,,,,,,Dwyane Wade,2,,,made,,tip,25,6
Arron Afflalo,Carmelo Anthony,Joey Graham,Nene Hilario,Ty Lawson,Carlos Arroyo,Dwyane Wade,Jermaine O'Neal,Quentin Richardson,Udonis Haslem,4,8:13,MIA,foul,,,,,,,,,,Jermaine O'Neal,,,,,,defense 3 second,,
Arron Afflalo,Carmelo Anthony,Joey Graham,Nene Hilario,Ty Lawson,Carlos Arroyo,Dwyane Wade,Jermaine O'Neal,Quentin Richardson,Udonis Haslem,4,8:13,DEN,free throw,,,,,,,1,,1,Carmelo Anthony,,,technical,made,,,,
Arron Afflalo,Carmelo Anthony,Joey Graham,Nene Hilario,Ty Lawson,Carlos Arroyo,Dwyane Wade,Jermaine O'Neal,Quentin Richardson,Udonis Haslem,4,8:01,DEN,shot,,,,,,,,,,Nene Hilario,,,,missed,,hook,,
Arron Afflalo,Carmelo Anthony,Joey Graham,Nene Hilario,Ty Lawson,Carlos Arroyo,Dwyane Wade,Jermaine O'Neal,Quentin Richardson,Udonis Haslem,4,8:00,MIA,rebound,,,,,,,,,,Udonis Haslem,,,,,,def,,
Arron Afflalo,Carmelo Anthony,Joey Graham,Nene Hilario,Ty Lawson,Carlos Arroyo,Dwyane Wade,Jermaine O'Neal,Quentin Richardson,Udonis Haslem,4,7:53,MIA,shot,Jermaine O'Neal,,,,,,,,,Dwyane Wade,2,,,made,,jump,37,7
Arron Afflalo,Carmelo Anthony,Joey Graham,Nene Hilario,Ty Lawson,Carlos Arroyo,Dwyane Wade,Jermaine O'Neal,Quentin Richardson,Udonis Haslem,4,7:53,DEN,foul,,,,,,,,Dwyane Wade,,Arron Afflalo,,,,,,shooting,,
Arron Afflalo,Carmelo Anthony,Joey Graham,Nene Hilario,Ty Lawson,Carlos Arroyo,Dwyane Wade,Jermaine O'Neal,Quentin Richardson,Udonis Haslem,4,7:53,MIA,free throw,,,,,,,1,,1,Dwyane Wade,,,foul,made,,,,
Arron Afflalo,Carmelo Anthony,Joey Graham,Nene Hilario,Ty Lawson,Carlos Arroyo,Dwyane Wade,Jermaine O'Neal,Quentin Richardson,Udonis Haslem,4,7:45,MIA,foul,,,,,,,,Ty Lawson,,Carlos Arroyo,,,,,,personal,,
Arron Afflalo,Carmelo Anthony,Joey Graham,Nene Hilario,Ty Lawson,Carlos Arroyo,Dwyane Wade,Jermaine O'Neal,Quentin Richardson,Udonis Haslem,4,7:36,DEN,shot,,,,,,,,,,Arron Afflalo,2,,,made,,jump,11,18
Arron Afflalo,Carmelo Anthony,Joey Graham,Nene Hilario,Ty Lawson,Carlos Arroyo,Dwyane Wade,Jermaine O'Neal,Quentin Richardson,Udonis Haslem,4,7:22,DEN,violation,,,,,,,,,,Nene Hilario,,,,,,defensive goaltending,,
Arron Afflalo,Carmelo Anthony,Joey Graham,Nene Hilario,Ty Lawson,Carlos Arroyo,Dwyane Wade,Jermaine O'Neal,Quentin Richardson,Udonis Haslem,4,7:22,MIA,shot,,,,,,,,,,Carlos Arroyo,2,,,made,,layup,25,6
Arron Afflalo,Carmelo Anthony,Joey Graham,Nene Hilario,Ty Lawson,Carlos Arroyo,Dwyane Wade,Jermaine O'Neal,Quentin Richardson,Udonis Haslem,4,7:15,DEN,shot,,,,,,,,,,Arron Afflalo,2,,,made,,layup,25,6
Arron Afflalo,Carmelo Anthony,Joey Graham,Nene Hilario,Ty Lawson,Carlos Arroyo,Dwyane Wade,Jermaine O'Neal,Quentin Richardson,Udonis Haslem,4,6:58,DEN,foul,,,,,,,,Quentin Richardson,,Ty Lawson,,,,,,personal,,
Arron Afflalo,Joey Graham,Nene Hilario,Renaldo Balkman,Ty Lawson,Carlos Arroyo,Dwyane Wade,Jermaine O'Neal,Quentin Richardson,Udonis Haslem,4,6:58,DEN,sub,,,,Renaldo Balkman,,Carmelo Anthony,,,,,,,,,,,,
Arron Afflalo,Joey Graham,Nene Hilario,Renaldo Balkman,Ty Lawson,Carlos Arroyo,Dwyane Wade,Jermaine O'Neal,Quentin Richardson,Udonis Haslem,4,6:48,DEN,foul,,,,,,,,Dwyane Wade,,Joey Graham,,,,,,shooting,,
Arron Afflalo,Joey Graham,Nene Hilario,Renaldo Balkman,Ty Lawson,Carlos Arroyo,Dwyane Wade,Jermaine O'Neal,Quentin Richardson,Udonis Haslem,4,6:48,MIA,free throw,,,,,,,1,,2,Dwyane Wade,,,foul,made,,,,
Arron Afflalo,Joey Graham,Nene Hilario,Renaldo Balkman,Ty Lawson,Carlos Arroyo,Dwyane Wade,Jermaine O'Neal,Quentin Richardson,Udonis Haslem,4,6:48,MIA,free throw,,,,,,,2,,2,Dwyane Wade,,,foul,missed,,,,
Arron Afflalo,Joey Graham,Nene Hilario,Renaldo Balkman,Ty Lawson,Carlos Arroyo,Dwyane Wade,Jermaine O'Neal,Quentin Richardson,Udonis Haslem,4,6:47,DEN,rebound,,,,,,,,,,Nene Hilario,,,,,,def,,
Arron Afflalo,Joey Graham,Nene Hilario,Renaldo Balkman,Ty Lawson,Carlos Arroyo,Dwyane Wade,Jermaine O'Neal,Quentin Richardson,Udonis Haslem,4,6:39,MIA,foul,,,,,,,,Arron Afflalo,,Jermaine O'Neal,,,,,,shooting,,
Arron Afflalo,Joey Graham,Nene Hilario,Renaldo Balkman,Ty Lawson,Carlos Arroyo,Dwyane Wade,Jermaine O'Neal,Quentin Richardson,Udonis Haslem,4,6:39,DEN,free throw,,,,,,,1,,2,Arron Afflalo,,,foul,made,,,,
Arron Afflalo,Joey Graham,Nene Hilario,Renaldo Balkman,Ty Lawson,Carlos Arroyo,Dwyane Wade,Jermaine O'Neal,Quentin Richardson,Udonis Haslem,4,6:39,DEN,free throw,,,,,,,2,,2,Arron Afflalo,,,foul,made,,,,
Arron Afflalo,Joey Graham,Nene Hilario,Renaldo Balkman,Ty Lawson,Carlos Arroyo,Dwyane Wade,Jermaine O'Neal,Quentin Richardson,Udonis Haslem,4,6:22,MIA,shot,,,,,,,,,,Dwyane Wade,,,,missed,,jump,33,21
Arron Afflalo,Joey Graham,Nene Hilario,Renaldo Balkman,Ty Lawson,Carlos Arroyo,Dwyane Wade,Jermaine O'Neal,Quentin Richardson,Udonis Haslem,4,6:21,DEN,rebound,,,,,,,,,,Nene Hilario,,,,,,def,,
Arron Afflalo,Joey Graham,Nene Hilario,Renaldo Balkman,Ty Lawson,Carlos Arroyo,Dwyane Wade,Jermaine O'Neal,Quentin Richardson,Udonis Haslem,4,6:14,DEN,foul,,,,,,,,Dwyane Wade,,Arron Afflalo,,,,,,offensive,,
Arron Afflalo,Joey Graham,Nene Hilario,Renaldo Balkman,Ty Lawson,Carlos Arroyo,Dwyane Wade,Jermaine O'Neal,Quentin Richardson,Udonis Haslem,4,6:14,DEN,turnover,,,,,,,,,,Arron Afflalo,,,foul,,,,,
Arron Afflalo,Chris Andersen,Joey Graham,Renaldo Balkman,Ty Lawson,Carlos Arroyo,Dwyane Wade,Jermaine O'Neal,Quentin Richardson,Udonis Haslem,4,6:14,DEN,sub,,,,Chris Andersen,,Nene Hilario,,,,,,,,,,,,
Arron Afflalo,Chris Andersen,Joey Graham,Renaldo Balkman,Ty Lawson,Carlos Arroyo,Dwyane Wade,Jermaine O'Neal,Quentin Richardson,Udonis Haslem,4,5:56,MIA,shot,,,,,,,,,,Jermaine O'Neal,,,,missed,,layup,25,6
Arron Afflalo,Chris Andersen,Joey Graham,Renaldo Balkman,Ty Lawson,Carlos Arroyo,Dwyane Wade,Jermaine O'Neal,Quentin Richardson,Udonis Haslem,4,5:54,MIA,rebound,,,,,,,,,,Udonis Haslem,,,,,,off,,
Arron Afflalo,Chris Andersen,Joey Graham,Renaldo Balkman,Ty Lawson,Carlos Arroyo,Dwyane Wade,Jermaine O'Neal,Quentin Richardson,Udonis Haslem,4,5:37,MIA,shot,,,,,,,,,,Quentin Richardson,2,,,made,,driving layup,25,6
Arron Afflalo,Chris Andersen,Joey Graham,Renaldo Balkman,Ty Lawson,Carlos Arroyo,Dwyane Wade,Jermaine O'Neal,Quentin Richardson,Udonis Haslem,4,5:31,DEN,shot,,,,,,,,,,Ty Lawson,2,,,made,,layup,25,6
Arron Afflalo,Chris Andersen,Joey Graham,Renaldo Balkman,Ty Lawson,Carlos Arroyo,Dwyane Wade,Jermaine O'Neal,Quentin Richardson,Udonis Haslem,4,5:06,MIA,shot,,,,,,,,,,Udonis Haslem,,,,missed,,jump,23,24
Arron Afflalo,Chris Andersen,Joey Graham,Renaldo Balkman,Ty Lawson,Carlos Arroyo,Dwyane Wade,Jermaine O'Neal,Quentin Richardson,Udonis Haslem,4,5:05,DEN,rebound,,,,,,,,,,Arron Afflalo,,,,,,def,,
Arron Afflalo,Chris Andersen,Joey Graham,Renaldo Balkman,Ty Lawson,Carlos Arroyo,Dwyane Wade,Jermaine O'Neal,Quentin Richardson,Udonis Haslem,4,4:50,DEN,shot,,,,,,,,,,Ty Lawson,2,,,made,,jump,23,10
Arron Afflalo,Chris Andersen,Joey Graham,Renaldo Balkman,Ty Lawson,Carlos Arroyo,Dwyane Wade,Jermaine O'Neal,Quentin Richardson,Udonis Haslem,4,4:44,MIA,timeout,,,,,,,,,,,,,,,,short,,
Arron Afflalo,Chris Andersen,Joey Graham,Renaldo Balkman,Ty Lawson,Carlos Arroyo,Dwyane Wade,Jermaine O'Neal,Quentin Richardson,Udonis Haslem,4,4:44,MIA,timeout,,,,,,,,,,,,,,,,official,,
Arron Afflalo,Chris Andersen,Joey Graham,Renaldo Balkman,Ty Lawson,Dwyane Wade,Jermaine O'Neal,Mario Chalmers,Quentin Richardson,Udonis Haslem,4,4:44,MIA,sub,,,,Mario Chalmers,,Carlos Arroyo,,,,,,,,,,,,
Arron Afflalo,Chris Andersen,Joey Graham,Renaldo Balkman,Ty Lawson,Dwyane Wade,Jermaine O'Neal,Mario Chalmers,Quentin Richardson,Udonis Haslem,4,4:26,MIA,shot,,,,,,,,,,Udonis Haslem,,,,missed,,jump,9,9
Arron Afflalo,Chris Andersen,Joey Graham,Renaldo Balkman,Ty Lawson,Dwyane Wade,Jermaine O'Neal,Mario Chalmers,Quentin Richardson,Udonis Haslem,4,4:25,DEN,rebound,,,,,,,,,,Arron Afflalo,,,,,,def,,
Arron Afflalo,Chris Andersen,Joey Graham,Renaldo Balkman,Ty Lawson,Dwyane Wade,Jermaine O'Neal,Mario Chalmers,Quentin Richardson,Udonis Haslem,4,4:13,MIA,foul,,,,,,,,Renaldo Balkman,,Jermaine O'Neal,,,,,,shooting,,
Arron Afflalo,Chris Andersen,Joey Graham,Renaldo Balkman,Ty Lawson,Dwyane Wade,Jermaine O'Neal,Mario Chalmers,Quentin Richardson,Udonis Haslem,4,4:13,DEN,free throw,,,,,,,1,,2,Renaldo Balkman,,,foul,made,,,,
Arron Afflalo,Chris Andersen,Joey Graham,Renaldo Balkman,Ty Lawson,Dwyane Wade,Jermaine O'Neal,Mario Chalmers,Quentin Richardson,Udonis Haslem,4,4:13,DEN,free throw,,,,,,,2,,2,Renaldo Balkman,,,foul,made,,,,
Arron Afflalo,Chris Andersen,Joey Graham,Renaldo Balkman,Ty Lawson,Dwyane Wade,Jermaine O'Neal,Mario Chalmers,Quentin Richardson,Udonis Haslem,4,3:53,MIA,shot,,,,,,,,,,Jermaine O'Neal,,,,missed,,jump,23,15
Arron Afflalo,Chris Andersen,Joey Graham,Renaldo Balkman,Ty Lawson,Dwyane Wade,Jermaine O'Neal,Mario Chalmers,Quentin Richardson,Udonis Haslem,4,3:52,DEN,rebound,,,,,,,,,,Renaldo Balkman,,,,,,def,,
Arron Afflalo,Chris Andersen,Joey Graham,Renaldo Balkman,Ty Lawson,Dwyane Wade,Jermaine O'Neal,Mario Chalmers,Quentin Richardson,Udonis Haslem,4,3:47,DEN,shot,Renaldo Balkman,,,,,,,,,Arron Afflalo,2,,,made,,layup,25,6
Arron Afflalo,Chris Andersen,Joey Graham,Renaldo Balkman,Ty Lawson,Dwyane Wade,Jermaine O'Neal,Mario Chalmers,Quentin Richardson,Udonis Haslem,4,3:39,MIA,timeout,,,,,,,,,,,,,,,,regular,,
Arron Afflalo,Chris Andersen,Joey Graham,Renaldo Balkman,Ty Lawson,Dwyane Wade,Jermaine O'Neal,Mario Chalmers,Quentin Richardson,Udonis Haslem,4,3:27,MIA,shot,Mario Chalmers,,,,,,,,,Jermaine O'Neal,2,,,made,,jump,31,8
Arron Afflalo,Chris Andersen,Joey Graham,Renaldo Balkman,Ty Lawson,Dwyane Wade,Jermaine O'Neal,Mario Chalmers,Quentin Richardson,Udonis Haslem,4,3:07,DEN,shot,,,Jermaine O'Neal,,,,,,,Ty Lawson,,,,missed,,jump,24,11
Arron Afflalo,Chris Andersen,Joey Graham,Renaldo Balkman,Ty Lawson,Dwyane Wade,Jermaine O'Neal,Mario Chalmers,Quentin Richardson,Udonis Haslem,4,3:06,DEN,rebound,,,,,,,,,,Ty Lawson,,,,,,off,,
Arron Afflalo,Chris Andersen,Joey Graham,Renaldo Balkman,Ty Lawson,Dwyane Wade,Jermaine O'Neal,Mario Chalmers,Quentin Richardson,Udonis Haslem,4,3:04,DEN,shot,,,,,,,,,,Ty Lawson,,,,missed,,layup,25,6
Arron Afflalo,Chris Andersen,Joey Graham,Renaldo Balkman,Ty Lawson,Dwyane Wade,Jermaine O'Neal,Mario Chalmers,Quentin Richardson,Udonis Haslem,4,3:03,MIA,rebound,,,,,,,,,,Jermaine O'Neal,,,,,,def,,
Arron Afflalo,Chris Andersen,Joey Graham,Renaldo Balkman,Ty Lawson,Dwyane Wade,Jermaine O'Neal,Mario Chalmers,Quentin Richardson,Udonis Haslem,4,2:57,MIA,turnover,,,,,,,,,,,,,8 second violation,,,,,
Arron Afflalo,Chris Andersen,Joey Graham,Renaldo Balkman,Ty Lawson,Dwyane Wade,Jermaine O'Neal,Mario Chalmers,Quentin Richardson,Udonis Haslem,4,2:47,DEN,shot,,,,,,,,,,Arron Afflalo,2,,,made,,jump,16,12
Arron Afflalo,Chris Andersen,Joey Graham,Renaldo Balkman,Ty Lawson,Dwyane Wade,Jermaine O'Neal,Mario Chalmers,Quentin Richardson,Udonis Haslem,4,2:47,MIA,foul,,,,,,,,Arron Afflalo,,Dwyane Wade,,,,,,shooting,,
Arron Afflalo,Chris Andersen,Joey Graham,Renaldo Balkman,Ty Lawson,Dwyane Wade,Jermaine O'Neal,Mario Chalmers,Quentin Richardson,Udonis Haslem,4,2:47,DEN,free throw,,,,,,,1,,1,Arron Afflalo,,,foul,missed,,,,
Arron Afflalo,Chris Andersen,Joey Graham,Renaldo Balkman,Ty Lawson,Dwyane Wade,Jermaine O'Neal,Mario Chalmers,Quentin Richardson,Udonis Haslem,4,2:46,MIA,rebound,,,,,,,,,,Quentin Richardson,,,,,,def,,
Arron Afflalo,Chris Andersen,Joey Graham,Renaldo Balkman,Ty Lawson,Dwyane Wade,Jermaine O'Neal,Mario Chalmers,Quentin Richardson,Udonis Haslem,4,2:31,MIA,shot,,,,,,,,,,Jermaine O'Neal,,,,missed,,jump,12,16
Arron Afflalo,Chris Andersen,Joey Graham,Renaldo Balkman,Ty Lawson,Dwyane Wade,Jermaine O'Neal,Mario Chalmers,Quentin Richardson,Udonis Haslem,4,2:30,MIA,rebound,,,,,,,,,,Udonis Haslem,,,,,,off,,
Arron Afflalo,Chris Andersen,Joey Graham,Renaldo Balkman,Ty Lawson,Dwyane Wade,Jermaine O'Neal,Mario Chalmers,Quentin Richardson,Udonis Haslem,4,2:13,MIA,shot,,,Chris Andersen,,,,,,,Udonis Haslem,,,,missed,,layup,25,6
Arron Afflalo,Chris Andersen,Joey Graham,Renaldo Balkman,Ty Lawson,Dwyane Wade,Jermaine O'Neal,Mario Chalmers,Quentin Richardson,Udonis Haslem,4,2:12,MIA,rebound,,,,,,,,,,Udonis Haslem,,,,,,off,,
Arron Afflalo,Chris Andersen,Joey Graham,Renaldo Balkman,Ty Lawson,Dwyane Wade,Jermaine O'Neal,Mario Chalmers,Quentin Richardson,Udonis Haslem,4,2:12,DEN,foul,,,,,,,,Udonis Haslem,,Renaldo Balkman,,,,,,shooting,,
Arron Afflalo,Chris Andersen,Joey Graham,Renaldo Balkman,Ty Lawson,Dwyane Wade,Jermaine O'Neal,Mario Chalmers,Quentin Richardson,Udonis Haslem,4,2:12,MIA,free throw,,,,,,,1,,2,Udonis Haslem,,,foul,made,,,,
Arron Afflalo,Chris Andersen,Joey Graham,Renaldo Balkman,Ty Lawson,Dwyane Wade,Jermaine O'Neal,Mario Chalmers,Quentin Richardson,Udonis Haslem,4,2:12,MIA,free throw,,,,,,,2,,2,Udonis Haslem,,,foul,missed,,,,
Arron Afflalo,Chris Andersen,Joey Graham,Renaldo Balkman,Ty Lawson,Dwyane Wade,Jermaine O'Neal,Mario Chalmers,Quentin Richardson,Udonis Haslem,4,2:11,DEN,rebound,,,,,,,,,,Renaldo Balkman,,,,,,def,,
Arron Afflalo,Chris Andersen,Joey Graham,Renaldo Balkman,Ty Lawson,Dwyane Wade,Jermaine O'Neal,Mario Chalmers,Quentin Richardson,Udonis Haslem,4,1:52,DEN,shot,,,,,,,,,,Joey Graham,2,,,made,,driving layup,25,6
Arron Afflalo,Chris Andersen,Joey Graham,Renaldo Balkman,Ty Lawson,Dwyane Wade,Jermaine O'Neal,Mario Chalmers,Quentin Richardson,Udonis Haslem,4,1:31,MIA,shot,,,,,,,,,,Mario Chalmers,,,,missed,,3pt,45,20
Arron Afflalo,Chris Andersen,Joey Graham,Renaldo Balkman,Ty Lawson,Dwyane Wade,Jermaine O'Neal,Mario Chalmers,Quentin Richardson,Udonis Haslem,4,1:30,MIA,rebound,,,,,,,,,,Udonis Haslem,,,,,,off,,
Arron Afflalo,Chris Andersen,Joey Graham,Renaldo Balkman,Ty Lawson,Dwyane Wade,Jermaine O'Neal,Mario Chalmers,Quentin Richardson,Udonis Haslem,4,1:09,MIA,shot,,,,,,,,,,Quentin Richardson,,,,missed,,3pt,8,25
Arron Afflalo,Chris Andersen,Joey Graham,Renaldo Balkman,Ty Lawson,Dwyane Wade,Jermaine O'Neal,Mario Chalmers,Quentin Richardson,Udonis Haslem,4,1:08,MIA,rebound,,,,,,,,,,Quentin Richardson,,,,,,off,,
Arron Afflalo,Chris Andersen,Joey Graham,Renaldo Balkman,Ty Lawson,Dwyane Wade,Jermaine O'Neal,Mario Chalmers,Quentin Richardson,Udonis Haslem,4,0:50,MIA,shot,,,,,,,,,,Quentin Richardson,,,,missed,,jump,9,16
Arron Afflalo,Chris Andersen,Joey Graham,Renaldo Balkman,Ty Lawson,Dwyane Wade,Jermaine O'Neal,Mario Chalmers,Quentin Richardson,Udonis Haslem,4,0:49,DEN,rebound,,,,,,,,,,Renaldo Balkman,,,,,,def,,
Arron Afflalo,Chris Andersen,Joey Graham,Renaldo Balkman,Ty Lawson,Dwyane Wade,Jermaine O'Neal,Mario Chalmers,Quentin Richardson,Udonis Haslem,4,0:45,DEN,turnover,,,,,,,,,,Arron Afflalo,,,out of bounds lost ball turnover,,,,,
Arron Afflalo,Chris Andersen,Joey Graham,Renaldo Balkman,Ty Lawson,Dorell Wright,Jermaine O'Neal,Mario Chalmers,Quentin Richardson,Udonis Haslem,4,0:45,MIA,sub,,,,Dorell Wright,,Dwyane Wade,,,,,,,,,,,,
Arron Afflalo,Chris Andersen,Joey Graham,Renaldo Balkman,Ty Lawson,Dorell Wright,Joel Anthony,Mario Chalmers,Quentin Richardson,Udonis Haslem,4,0:45,MIA,sub,,,,Joel Anthony,,Jermaine O'Neal,,,,,,,,,,,,
Arron Afflalo,Chris Andersen,Joey Graham,Renaldo Balkman,Ty Lawson,Dorell Wright,Joel Anthony,Mario Chalmers,Quentin Richardson,Udonis Haslem,4,0:25,MIA,shot,,,,,,,,,,Mario Chalmers,,,,missed,,layup,25,6
Arron Afflalo,Chris Andersen,Joey Graham,Renaldo Balkman,Ty Lawson,Dorell Wright,Joel Anthony,Mario Chalmers,Quentin Richardson,Udonis Haslem,4,0:23,DEN,rebound,,,,,,,,,,,,,,,,,,
Arron Afflalo,Chris Andersen,Joey Graham,Renaldo Balkman,Ty Lawson,Dorell Wright,Joel Anthony,Mario Chalmers,Quentin Richardson,Udonis Haslem,4,0:17,DEN,shot,,,,,,,,,,Ty Lawson,,,,missed,,layup,25,6
Arron Afflalo,Chris Andersen,Joey Graham,Renaldo Balkman,Ty Lawson,Dorell Wright,Joel Anthony,Mario Chalmers,Quentin Richardson,Udonis Haslem,4,0:17,DEN,jump ball,,Chris Andersen,,,Joel Anthony,,,,,,,Arron Afflalo,,,,,,
Arron Afflalo,Chris Andersen,Joey Graham,Renaldo Balkman,Ty Lawson,Dorell Wright,Joel Anthony,Mario Chalmers,Quentin Richardson,Udonis Haslem,4,0:17,DEN,rebound,,,,,,,,,,,,,,,,,,
Arron Afflalo,Chris Andersen,Joey Graham,Renaldo Balkman,Ty Lawson,Dorell Wright,Joel Anthony,Mario Chalmers,Quentin Richardson,Udonis Haslem,4,0:13,DEN,shot,,,,,,,,,,Arron Afflalo,2,,,made,,driving layup,25,6
