a1,a2,a3,a4,a5,h1,h2,h3,h4,h5,period,time,team,etype,assist,away,block,entered,home,left,num,opponent,outof,player,points,possession,reason,result,steal,type,x,y
Anthony Parker,J.J. Hickson,LeBron James,Mo Williams,Shaquille O'Neal,Donte Greene,Jason Thompson,Omri Casspi,Spencer Hawes,Tyreke Evans,1,12:00,OFF,jump ball,,Shaquille O'Neal,,,Spencer Hawes,,,,,,,J.J. Hickson,,,,,,
Anthony Parker,J.J. Hickson,LeBron James,Mo Williams,Shaquille O'Neal,Donte Greene,Jason Thompson,Omri Casspi,Spencer Hawes,Tyreke Evans,1,11:39,CLE,shot,Anthony Parker,,,,,,,,,J.J. Hickson,2,,,made,,jump,11,7
Anthony Parker,J.J. Hickson,LeBron James,Mo Williams,Shaquille O'Neal,Donte Greene,Jason Thompson,Omri Casspi,Spencer Hawes,Tyreke Evans,1,11:20,SAC,shot,Tyreke Evans,,,,,,,,,Omri Casspi,3,,,made,,3pt,14,29
Anthony Parker,J.J. Hickson,LeBron James,Mo Williams,Shaquille O'Neal,Donte Greene,Jason Thompson,Omri Casspi,Spencer Hawes,Tyreke Evans,1,11:02,CLE,turnover,,,,,,,,,,Mo Williams,,,bad pass,,Spencer Hawes,,,
Anthony Parker,J.J. Hickson,LeBron James,Mo Williams,Shaquille O'Neal,Donte Greene,Jason Thompson,Omri Casspi,Spencer Hawes,Tyreke Evans,1,10:59,CLE,foul,,,,,,,,Tyreke Evans,,Mo Williams,,,,,,shooting,,
Anthony Parker,J.J. Hickson,LeBron James,Mo Williams,Shaquille O'Neal,Donte Greene,Jason Thompson,Omri Casspi,Spencer Hawes,Tyreke Evans,1,10:59,SAC,free throw,,,,,,,1,,2,Tyreke Evans,,,foul,made,,,,
Anthony Parker,J.J. Hickson,LeBron James,Mo Williams,Shaquille O'Neal,Donte Greene,Jason Thompson,Omri Casspi,Spencer Hawes,Tyreke Evans,1,10:59,SAC,free throw,,,,,,,2,,2,Tyreke Evans,,,foul,made,,,,
Anthony Parker,J.J. Hickson,LeBron James,Mo Williams,Shaquille O'Neal,Donte Greene,Jason Thompson,Omri Casspi,Spencer Hawes,Tyreke Evans,1,10:42,CLE,shot,,,,,,,,,,LeBron James,2,,,made,,step back jump,11,20
Anthony Parker,J.J. Hickson,LeBron James,Mo Williams,Shaquille O'Neal,Donte Greene,Jason Thompson,Omri Casspi,Spencer Hawes,Tyreke Evans,1,10:29,SAC,shot,,,,,,,,,,Omri Casspi,,,,missed,,3pt,1,6
Anthony Parker,J.J. Hickson,LeBron James,Mo Williams,Shaquille O'Neal,Donte Greene,Jason Thompson,Omri Casspi,Spencer Hawes,Tyreke Evans,1,10:28,CLE,rebound,,,,,,,,,,J.J. Hickson,,,,,,def,,
Anthony Parker,J.J. Hickson,LeBron James,Mo Williams,Shaquille O'Neal,Donte Greene,Jason Thompson,Omri Casspi,Spencer Hawes,Tyreke Evans,1,10:23,CLE,shot,,,,,,,,,,LeBron James,2,,,made,,driving layup,25,6
Anthony Parker,J.J. Hickson,LeBron James,Mo Williams,Shaquille O'Neal,Donte Greene,Jason Thompson,Omri Casspi,Spencer Hawes,Tyreke Evans,1,10:07,SAC,shot,,,,,,,,,,Tyreke Evans,,,,missed,,3pt,37,27
Anthony Parker,J.J. Hickson,LeBron James,Mo Williams,Shaquille O'Neal,Donte Greene,Jason Thompson,Omri Casspi,Spencer Hawes,Tyreke Evans,1,10:05,CLE,rebound,,,,,,,,,,LeBron James,,,,,,def,,
Anthony Parker,J.J. Hickson,LeBron James,Mo Williams,Shaquille O'Neal,Donte Greene,Jason Thompson,Omri Casspi,Spencer Hawes,Tyreke Evans,1,9:51,CLE,shot,,,,,,,,,,LeBron James,2,,,made,,jump,13,21
Anthony Parker,J.J. Hickson,LeBron James,Mo Williams,Shaquille O'Neal,Donte Greene,Jason Thompson,Omri Casspi,Spencer Hawes,Tyreke Evans,1,9:34,SAC,shot,,,,,,,,,,Spencer Hawes,,,,missed,,jump,38,20
Anthony Parker,J.J. Hickson,LeBron James,Mo Williams,Shaquille O'Neal,Donte Greene,Jason Thompson,Omri Casspi,Spencer Hawes,Tyreke Evans,1,9:33,CLE,rebound,,,,,,,,,,Anthony Parker,,,,,,def,,
Anthony Parker,J.J. Hickson,LeBron James,Mo Williams,Shaquille O'Neal,Donte Greene,Jason Thompson,Omri Casspi,Spencer Hawes,Tyreke Evans,1,9:23,CLE,shot,,,,,,,,,,LeBron James,,,,missed,,fade away jumper,28,27
Anthony Parker,J.J. Hickson,LeBron James,Mo Williams,Shaquille O'Neal,Donte Greene,Jason Thompson,Omri Casspi,Spencer Hawes,Tyreke Evans,1,9:23,SAC,rebound,,,,,,,,,,,,,,,,,,
Anthony Parker,J.J. Hickson,LeBron James,Mo Williams,Shaquille O'Neal,Donte Greene,Jason Thompson,Omri Casspi,Spencer Hawes,Tyreke Evans,1,9:23,CLE,foul,,,,,,,,Jason Thompson,,J.J. Hickson,,,,,,loose ball,,
Anthony Parker,J.J. Hickson,LeBron James,Mo Williams,Shaquille O'Neal,Donte Greene,Jason Thompson,Omri Casspi,Spencer Hawes,Tyreke Evans,1,9:08,SAC,shot,,,,,,,,,,Spencer Hawes,2,,,made,,driving layup,25,6
Anthony Parker,J.J. Hickson,LeBron James,Mo Williams,Shaquille O'Neal,Donte Greene,Jason Thompson,Omri Casspi,Spencer Hawes,Tyreke Evans,1,8:47,CLE,shot,LeBron James,,,,,,,,,Mo Williams,2,,,made,,jump,41,7
Anthony Parker,J.J. Hickson,LeBron James,Mo Williams,Shaquille O'Neal,Donte Greene,Jason Thompson,Omri Casspi,Spencer Hawes,Tyreke Evans,1,8:31,SAC,shot,Spencer Hawes,,,,,,,,,Omri Casspi,2,,,made,,jump,41,20
Anthony Parker,J.J. Hickson,LeBron James,Mo Williams,Shaquille O'Neal,Donte Greene,Jason Thompson,Omri Casspi,Spencer Hawes,Tyreke Evans,1,8:15,CLE,shot,Mo Williams,,,,,,,,,Shaquille O'Neal,2,,,made,,dunk,25,6
Anthony Parker,J.J. Hickson,LeBron James,Mo Williams,Shaquille O'Neal,Donte Greene,Jason Thompson,Omri Casspi,Spencer Hawes,Tyreke Evans,1,7:53,SAC,shot,,,,,,,,,,Spencer Hawes,,,,missed,,jump,31,25
Anthony Parker,J.J. Hickson,LeBron James,Mo Williams,Shaquille O'Neal,Donte Greene,Jason Thompson,Omri Casspi,Spencer Hawes,Tyreke Evans,1,7:50,SAC,rebound,,,,,,,,,,Spencer Hawes,,,,,,off,,
Anthony Parker,J.J. Hickson,LeBron James,Mo Williams,Shaquille O'Neal,Donte Greene,Jason Thompson,Omri Casspi,Spencer Hawes,Tyreke Evans,1,7:47,SAC,shot,Spencer Hawes,,,,,,,,,Tyreke Evans,2,,,made,,jump,38,19
Anthony Parker,J.J. Hickson,LeBron James,Mo Williams,Shaquille O'Neal,Donte Greene,Jason Thompson,Omri Casspi,Spencer Hawes,Tyreke Evans,1,7:26,CLE,shot,,,,,,,,,,Mo Williams,,,,missed,,3pt,25,31
Anthony Parker,J.J. Hickson,LeBron James,Mo Williams,Shaquille O'Neal,Donte Greene,Jason Thompson,Omri Casspi,Spencer Hawes,Tyreke Evans,1,7:25,SAC,rebound,,,,,,,,,,Omri Casspi,,,,,,def,,
Anthony Parker,J.J. Hickson,LeBron James,Mo Williams,Shaquille O'Neal,Donte Greene,Jason Thompson,Omri Casspi,Spencer Hawes,Tyreke Evans,1,7:18,SAC,shot,Spencer Hawes,,,,,,,,,Jason Thompson,2,,,made,,dunk,25,6
Anthony Parker,J.J. Hickson,LeBron James,Mo Williams,Shaquille O'Neal,Donte Greene,Jason Thompson,Omri Casspi,Spencer Hawes,Tyreke Evans,1,6:56,CLE,shot,Shaquille O'Neal,,,,,,,,,J.J. Hickson,2,,,made,,slam dunk,25,6
Anthony Parker,J.J. Hickson,LeBron James,Mo Williams,Shaquille O'Neal,Donte Greene,Jason Thompson,Omri Casspi,Spencer Hawes,Tyreke Evans,1,6:37,SAC,shot,,,,,,,,,,Tyreke Evans,2,,,made,,driving layup,25,6
Anthony Parker,J.J. Hickson,LeBron James,Mo Williams,Shaquille O'Neal,Donte Greene,Jason Thompson,Omri Casspi,Spencer Hawes,Tyreke Evans,1,6:10,CLE,shot,,,,,,,,,,Shaquille O'Neal,,,,missed,,hook,25,10
Anthony Parker,J.J. Hickson,LeBron James,Mo Williams,Shaquille O'Neal,Donte Greene,Jason Thompson,Omri Casspi,Spencer Hawes,Tyreke Evans,1,6:09,CLE,rebound,,,,,,,,,,Shaquille O'Neal,,,,,,off,,
Anthony Parker,J.J. Hickson,LeBron James,Mo Williams,Shaquille O'Neal,Donte Greene,Jason Thompson,Omri Casspi,Spencer Hawes,Tyreke Evans,1,6:09,CLE,shot,,,,,,,,,,Shaquille O'Neal,,,,missed,,tip,25,10
Anthony Parker,J.J. Hickson,LeBron James,Mo Williams,Shaquille O'Neal,Donte Greene,Jason Thompson,Omri Casspi,Spencer Hawes,Tyreke Evans,1,6:08,CLE,rebound,,,,,,,,,,Shaquille O'Neal,,,,,,off,,
Anthony Parker,J.J. Hickson,LeBron James,Mo Williams,Shaquille O'Neal,Donte Greene,Jason Thompson,Omri Casspi,Spencer Hawes,Tyreke Evans,1,6:08,CLE,shot,,,,,,,,,,Shaquille O'Neal,2,,,made,,tip,25,6
Anthony Parker,J.J. Hickson,LeBron James,Mo Williams,Shaquille O'Neal,Donte Greene,Jason Thompson,Omri Casspi,Spencer Hawes,Tyreke Evans,1,5:57,SAC,shot,,,,,,,,,,Tyreke Evans,2,,,made,,driving layup,22,8
Anthony Parker,J.J. Hickson,LeBron James,Mo Williams,Shaquille O'Neal,Donte Greene,Jason Thompson,Omri Casspi,Spencer Hawes,Tyreke Evans,1,5:52,CLE,timeout,,,,,,,,,,,,,,,,regular,,
Anthony Parker,Delonte West,J.J. Hickson,LeBron James,Shaquille O'Neal,Donte Greene,Jason Thompson,Omri Casspi,Spencer Hawes,Tyreke Evans,1,5:52,CLE,sub,,,,Delonte West,,Mo Williams,,,,,,,,,,,,
Anthony Parker,Delonte West,J.J. Hickson,LeBron James,Shaquille O'Neal,Donte Greene,Jason Thompson,Omri Casspi,Spencer Hawes,Tyreke Evans,1,5:42,CLE,shot,LeBron James,,,,,,,,,Shaquille O'Neal,2,,,made,,alley oop dunk,25,6
Anthony Parker,Delonte West,J.J. Hickson,LeBron James,Shaquille O'Neal,Donte Greene,Jason Thompson,Omri Casspi,Spencer Hawes,Tyreke Evans,1,5:27,CLE,foul,,,,,,,,Donte Greene,,Shaquille O'Neal,,,,,,shooting,,
Anthony Parker,Delonte West,J.J. Hickson,LeBron James,Shaquille O'Neal,Donte Greene,Jason Thompson,Omri Casspi,Spencer Hawes,Tyreke Evans,1,5:27,SAC,free throw,,,,,,,1,,2,Donte Greene,,,foul,missed,,,,
Anthony Parker,Delonte West,J.J. Hickson,LeBron James,Shaquille O'Neal,Donte Greene,Jason Thompson,Omri Casspi,Spencer Hawes,Tyreke Evans,1,5:27,SAC,rebound,,,,,,,,,,,,,,,,,,
Anthony Parker,Delonte West,J.J. Hickson,LeBron James,Shaquille O'Neal,Donte Greene,Jason Thompson,Omri Casspi,Spencer Hawes,Tyreke Evans,1,5:27,SAC,free throw,,,,,,,2,,2,Donte Greene,,,foul,made,,,,
Anthony Parker,Delonte West,J.J. Hickson,LeBron James,Shaquille O'Neal,Donte Greene,Jason Thompson,Omri Casspi,Spencer Hawes,Tyreke Evans,1,5:16,CLE,shot,,,,,,,,,,Anthony Parker,,,,missed,,jump,7,6
Anthony Parker,Delonte West,J.J. Hickson,LeBron James,Shaquille O'Neal,Donte Greene,Jason Thompson,Omri Casspi,Spencer Hawes,Tyreke Evans,1,5:14,SAC,rebound,,,,,,,,,,Jason Thompson,,,,,,def,,
Anthony Parker,Delonte West,J.J. Hickson,LeBron James,Shaquille O'Neal,Donte Greene,Jason Thompson,Omri Casspi,Spencer Hawes,Tyreke Evans,1,5:03,SAC,shot,Omri Casspi,,,,,,,,,Jason Thompson,2,,,made,,turnaround hook,25,10
Anthony Parker,Delonte West,J.J. Hickson,LeBron James,Shaquille O'Neal,Donte Greene,Jason Thompson,Omri Casspi,Spencer Hawes,Tyreke Evans,1,4:41,CLE,shot,,,,,,,,,,Delonte West,2,,,made,,driving layup,25,6
Anthony Parker,Delonte West,J.J. Hickson,LeBron James,Shaquille O'Neal,Donte Greene,Jason Thompson,Omri Casspi,Spencer Hawes,Tyreke Evans,1,4:25,SAC,shot,,,,,,,,,,Donte Greene,2,,,made,,running jump,28,11
Anthony Parker,Delonte West,J.J. Hickson,LeBron James,Shaquille O'Neal,Donte Greene,Jason Thompson,Omri Casspi,Spencer Hawes,Tyreke Evans,1,4:21,CLE,shot,Delonte West,,,,,,,,,LeBron James,2,,,made,,driving slam dunk,25,6
Anthony Parker,Delonte West,J.J. Hickson,LeBron James,Shaquille O'Neal,Donte Greene,Jason Thompson,Omri Casspi,Spencer Hawes,Tyreke Evans,1,4:05,CLE,foul,,,,,,,,Omri Casspi,,Shaquille O'Neal,,,,,,shooting,,
Anthony Parker,Delonte West,J.J. Hickson,LeBron James,Shaquille O'Neal,Donte Greene,Jason Thompson,Jon Brockman,Omri Casspi,Tyreke Evans,1,4:05,SAC,sub,,,,Jon Brockman,,Spencer Hawes,,,,,,,,,,,,
Anthony Parker,Delonte West,J.J. Hickson,LeBron James,Zydrunas Ilgauskas,Donte Greene,Jason Thompson,Jon Brockman,Omri Casspi,Tyreke Evans,1,4:05,CLE,sub,,,,Zydrunas Ilgauskas,,Shaquille O'Neal,,,,,,,,,,,,
Anderson Varejao,Anthony Parker,Delonte West,LeBron James,Zydrunas Ilgauskas,Donte Greene,Jason Thompson,Jon Brockman,Omri Casspi,Tyreke Evans,1,4:05,CLE,sub,,,,Anderson Varejao,,J.J. Hickson,,,,,,,,,,,,
Anderson Varejao,Anthony Parker,Delonte West,LeBron James,Zydrunas Ilgauskas,Donte Greene,Jason Thompson,Jon Brockman,Omri Casspi,Tyreke Evans,1,4:05,SAC,free throw,,,,,,,1,,2,Omri Casspi,,,foul,missed,,,,
Anderson Varejao,Anthony Parker,Delonte West,LeBron James,Zydrunas Ilgauskas,Donte Greene,Jason Thompson,Jon Brockman,Omri Casspi,Tyreke Evans,1,4:05,SAC,rebound,,,,,,,,,,,,,,,,,,
Anderson Varejao,Anthony Parker,Delonte West,LeBron James,Zydrunas Ilgauskas,Donte Greene,Jason Thompson,Jon Brockman,Omri Casspi,Tyreke Evans,1,4:05,SAC,free throw,,,,,,,2,,2,Omri Casspi,,,foul,made,,,,
Anderson Varejao,Anthony Parker,Delonte West,LeBron James,Zydrunas Ilgauskas,Donte Greene,Jason Thompson,Jon Brockman,Omri Casspi,Tyreke Evans,1,3:41,CLE,shot,,,Tyreke Evans,,,,,,,Delonte West,,,,missed,,layup,25,6
Anderson Varejao,Anthony Parker,Delonte West,LeBron James,Zydrunas Ilgauskas,Donte Greene,Jason Thompson,Jon Brockman,Omri Casspi,Tyreke Evans,1,3:40,SAC,rebound,,,,,,,,,,Jason Thompson,,,,,,def,,
Anderson Varejao,Anthony Parker,Delonte West,LeBron James,Zydrunas Ilgauskas,Donte Greene,Jason Thompson,Jon Brockman,Omri Casspi,Tyreke Evans,1,3:38,SAC,turnover,,,,,,,,,,Jason Thompson,,,bad pass,,Anthony Parker,,,
Anderson Varejao,Anthony Parker,Delonte West,LeBron James,Zydrunas Ilgauskas,Donte Greene,Jason Thompson,Jon Brockman,Omri Casspi,Tyreke Evans,1,3:27,CLE,shot,Zydrunas Ilgauskas,,,,,,,,,LeBron James,2,,,made,,dunk,25,6
Anderson Varejao,Anthony Parker,Delonte West,LeBron James,Zydrunas Ilgauskas,Donte Greene,Jason Thompson,Jon Brockman,Omri Casspi,Tyreke Evans,1,3:07,SAC,shot,,,,,,,,,,Donte Greene,,,,missed,,jump,26,12
Anderson Varejao,Anthony Parker,Delonte West,LeBron James,Zydrunas Ilgauskas,Donte Greene,Jason Thompson,Jon Brockman,Omri Casspi,Tyreke Evans,1,3:05,SAC,rebound,,,,,,,,,,,,,,,,,,
Anderson Varejao,Delonte West,Jamario Moon,LeBron James,Zydrunas Ilgauskas,Donte Greene,Jason Thompson,Jon Brockman,Omri Casspi,Tyreke Evans,1,3:05,CLE,sub,,,,Jamario Moon,,Anthony Parker,,,,,,,,,,,,
Anderson Varejao,Delonte West,Jamario Moon,LeBron James,Zydrunas Ilgauskas,Donte Greene,Jason Thompson,Jon Brockman,Omri Casspi,Tyreke Evans,1,2:58,SAC,turnover,,,,,,,,,,Tyreke Evans,,,traveling,,,,,
Anderson Varejao,Delonte West,Jamario Moon,LeBron James,Zydrunas Ilgauskas,Donte Greene,Jason Thompson,Jon Brockman,Omri Casspi,Tyreke Evans,1,2:58,SAC,timeout,,,,,,,,,,,,,,,,regular,,
Anderson Varejao,Delonte West,Jamario Moon,LeBron James,Zydrunas Ilgauskas,Beno Udrih,Donte Greene,Jason Thompson,Jon Brockman,Tyreke Evans,1,2:58,SAC,sub,,,,Beno Udrih,,Omri Casspi,,,,,,,,,,,,
Anderson Varejao,Delonte West,Jamario Moon,LeBron James,Zydrunas Ilgauskas,Beno Udrih,Donte Greene,Jason Thompson,Jon Brockman,Tyreke Evans,1,2:46,CLE,shot,,,,,,,,,,LeBron James,,,,missed,,jump,17,9
Anderson Varejao,Delonte West,Jamario Moon,LeBron James,Zydrunas Ilgauskas,Beno Udrih,Donte Greene,Jason Thompson,Jon Brockman,Tyreke Evans,1,2:45,SAC,rebound,,,,,,,,,,Jason Thompson,,,,,,def,,
Anderson Varejao,Delonte West,Jamario Moon,LeBron James,Zydrunas Ilgauskas,Beno Udrih,Donte Greene,Jason Thompson,Jon Brockman,Tyreke Evans,1,2:41,SAC,shot,,,,,,,,,,Jason Thompson,,,,missed,,layup,25,6
Anderson Varejao,Delonte West,Jamario Moon,LeBron James,Zydrunas Ilgauskas,Beno Udrih,Donte Greene,Jason Thompson,Jon Brockman,Tyreke Evans,1,2:39,SAC,rebound,,,,,,,,,,Jon Brockman,,,,,,off,,
Anderson Varejao,Delonte West,Jamario Moon,LeBron James,Zydrunas Ilgauskas,Beno Udrih,Donte Greene,Jason Thompson,Jon Brockman,Tyreke Evans,1,2:39,SAC,shot,,,,,,,,,,Jon Brockman,,,,missed,,layup,25,6
Anderson Varejao,Delonte West,Jamario Moon,LeBron James,Zydrunas Ilgauskas,Beno Udrih,Donte Greene,Jason Thompson,Jon Brockman,Tyreke Evans,1,2:39,CLE,rebound,,,,,,,,,,,,,,,,,,
Anderson Varejao,Delonte West,Jamario Moon,LeBron James,Zydrunas Ilgauskas,Beno Udrih,Donte Greene,Jason Thompson,Jon Brockman,Tyreke Evans,1,2:39,SAC,foul,,,,,,,,Anderson Varejao,,Jon Brockman,,,,,,personal,,
Anderson Varejao,Delonte West,Jamario Moon,LeBron James,Zydrunas Ilgauskas,Beno Udrih,Donte Greene,Jason Thompson,Jon Brockman,Tyreke Evans,1,2:27,CLE,shot,,,,,,,,,,Delonte West,2,,,made,,fade away jumper,13,14
Anderson Varejao,Delonte West,Jamario Moon,LeBron James,Zydrunas Ilgauskas,Beno Udrih,Donte Greene,Jason Thompson,Jon Brockman,Tyreke Evans,1,2:12,SAC,shot,,,,,,,,,,Tyreke Evans,2,,,made,,driving layup,25,6
Anderson Varejao,Delonte West,Jamario Moon,LeBron James,Zydrunas Ilgauskas,Beno Udrih,Donte Greene,Jason Thompson,Jon Brockman,Tyreke Evans,1,1:57,CLE,shot,Delonte West,,,,,,,,,Zydrunas Ilgauskas,2,,,made,,layup,25,6
Anderson Varejao,Delonte West,Jamario Moon,LeBron James,Zydrunas Ilgauskas,Beno Udrih,Donte Greene,Jason Thompson,Jon Brockman,Tyreke Evans,1,1:42,SAC,shot,,,,,,,,,,Tyreke Evans,,,,missed,,3pt,44,24
Anderson Varejao,Delonte West,Jamario Moon,LeBron James,Zydrunas Ilgauskas,Beno Udrih,Donte Greene,Jason Thompson,Jon Brockman,Tyreke Evans,1,1:41,CLE,rebound,,,,,,,,,,LeBron James,,,,,,def,,
Anderson Varejao,Delonte West,Jamario Moon,LeBron James,Zydrunas Ilgauskas,Beno Udrih,Donte Greene,Jason Thompson,Jon Brockman,Tyreke Evans,1,1:33,SAC,foul,,,,,,,,LeBron James,,Donte Greene,,,,,,personal,,
Anderson Varejao,Delonte West,Jamario Moon,LeBron James,Zydrunas Ilgauskas,Beno Udrih,Donte Greene,Jason Thompson,Jon Brockman,Tyreke Evans,1,1:27,CLE,turnover,,,,,,,,,,LeBron James,,,bad pass,,,,,
Anderson Varejao,Delonte West,Jamario Moon,LeBron James,Zydrunas Ilgauskas,Beno Udrih,Donte Greene,Jason Thompson,Jon Brockman,Tyreke Evans,1,1:12,SAC,turnover,,,,,,,,,,Donte Greene,,,step out of bounds turnover,,,,,
Anderson Varejao,Delonte West,Jamario Moon,LeBron James,Zydrunas Ilgauskas,Beno Udrih,Donte Greene,Jason Thompson,Jon Brockman,Tyreke Evans,1,0:53,SAC,foul,,,,,,,,Zydrunas Ilgauskas,,Jon Brockman,,,,,,shooting,,
Anderson Varejao,Delonte West,Jamario Moon,LeBron James,Zydrunas Ilgauskas,Beno Udrih,Donte Greene,Jason Thompson,Jon Brockman,Tyreke Evans,1,0:53,CLE,free throw,,,,,,,1,,2,Zydrunas Ilgauskas,,,foul,made,,,,
Anderson Varejao,Delonte West,Jamario Moon,LeBron James,Zydrunas Ilgauskas,Andres Nocioni,Beno Udrih,Donte Greene,Jason Thompson,Tyreke Evans,1,0:53,SAC,sub,,,,Andres Nocioni,,Jon Brockman,,,,,,,,,,,,
Anderson Varejao,Delonte West,Jamario Moon,LeBron James,Zydrunas Ilgauskas,Andres Nocioni,Beno Udrih,Donte Greene,Jason Thompson,Sergio Rodriguez,1,0:53,SAC,sub,,,,Sergio Rodriguez,,Tyreke Evans,,,,,,,,,,,,
Anderson Varejao,Delonte West,Jamario Moon,LeBron James,Zydrunas Ilgauskas,Andres Nocioni,Beno Udrih,Jason Thompson,Omri Casspi,Sergio Rodriguez,1,0:53,SAC,sub,,,,Omri Casspi,,Donte Greene,,,,,,,,,,,,
Anderson Varejao,Delonte West,Jamario Moon,LeBron James,Zydrunas Ilgauskas,Andres Nocioni,Beno Udrih,Jason Thompson,Omri Casspi,Sergio Rodriguez,1,0:53,CLE,free throw,,,,,,,2,,2,Zydrunas Ilgauskas,,,foul,made,,,,
Anderson Varejao,Delonte West,Jamario Moon,LeBron James,Zydrunas Ilgauskas,Andres Nocioni,Beno Udrih,Jason Thompson,Omri Casspi,Sergio Rodriguez,1,0:42,SAC,shot,Sergio Rodriguez,,,,,,,,,Andres Nocioni,2,,,made,,layup,25,6
Anderson Varejao,Delonte West,Jamario Moon,LeBron James,Zydrunas Ilgauskas,Andres Nocioni,Beno Udrih,Jason Thompson,Omri Casspi,Sergio Rodriguez,1,0:22,CLE,shot,,,,,,,,,,LeBron James,2,,,made,,jump,16,27
Anderson Varejao,Delonte West,Jamario Moon,LeBron James,Zydrunas Ilgauskas,Andres Nocioni,Beno Udrih,Jason Thompson,Omri Casspi,Sergio Rodriguez,1,0:01,SAC,shot,,,,,,,,,,Sergio Rodriguez,,,,missed,,3pt,31,30
Anderson Varejao,Delonte West,Jamario Moon,LeBron James,Zydrunas Ilgauskas,Andres Nocioni,Beno Udrih,Jason Thompson,Omri Casspi,Sergio Rodriguez,1,0:01,SAC,rebound,,,,,,,,,,,,,,,,,,
Anderson Varejao,Delonte West,Jamario Moon,LeBron James,Zydrunas Ilgauskas,Andres Nocioni,Beno Udrih,Jason Thompson,Omri Casspi,Sergio Rodriguez,1,0:01,CLE,foul,,,,,,,,Jason Thompson,,Jamario Moon,,,,,,loose ball,,
Anderson Varejao,Delonte West,Jamario Moon,LeBron James,Zydrunas Ilgauskas,Andres Nocioni,Beno Udrih,Jason Thompson,Omri Casspi,Sergio Rodriguez,1,0:01,SAC,free throw,,,,,,,1,,2,Jason Thompson,,,foul,made,,,,
Anderson Varejao,Delonte West,Jamario Moon,LeBron James,Zydrunas Ilgauskas,Andres Nocioni,Beno Udrih,Ime Udoka,Jason Thompson,Omri Casspi,1,0:01,SAC,sub,,,,Ime Udoka,,Sergio Rodriguez,,,,,,,,,,,,
Anderson Varejao,Delonte West,Jamario Moon,LeBron James,Zydrunas Ilgauskas,Andres Nocioni,Beno Udrih,Ime Udoka,Jason Thompson,Omri Casspi,1,0:01,SAC,free throw,,,,,,,2,,2,Jason Thompson,,,foul,made,,,,
Anderson Varejao,Delonte West,Jamario Moon,LeBron James,Zydrunas Ilgauskas,Andres Nocioni,Beno Udrih,Ime Udoka,Jason Thompson,Omri Casspi,1,0:00,CLE,shot,,,,,,,,,,Anderson Varejao,,,,missed,,3pt,36,39
Anderson Varejao,Delonte West,Jamario Moon,LeBron James,Zydrunas Ilgauskas,Andres Nocioni,Beno Udrih,Ime Udoka,Jason Thompson,Omri Casspi,1,0:00,CLE,rebound,,,,,,,,,,,,,,,,,,
Anderson Varejao,Daniel Gibson,Delonte West,Mo Williams,Zydrunas Ilgauskas,Andres Nocioni,Beno Udrih,Jason Thompson,Omri Casspi,Sergio Rodriguez,2,11:44,SAC,shot,Sergio Rodriguez,,,,,,,,,Omri Casspi,3,,,made,,3pt,36,27
Anderson Varejao,Daniel Gibson,Delonte West,Mo Williams,Zydrunas Ilgauskas,Andres Nocioni,Beno Udrih,Jason Thompson,Omri Casspi,Sergio Rodriguez,2,11:27,SAC,foul,,,,,,,,Zydrunas Ilgauskas,,Andres Nocioni,,,,,,personal,,
Anderson Varejao,Daniel Gibson,Delonte West,Mo Williams,Zydrunas Ilgauskas,Andres Nocioni,Beno Udrih,Jason Thompson,Omri Casspi,Sergio Rodriguez,2,11:19,CLE,shot,,,,,,,,,,Zydrunas Ilgauskas,,,,missed,,jump,21,25
Anderson Varejao,Daniel Gibson,Delonte West,Mo Williams,Zydrunas Ilgauskas,Andres Nocioni,Beno Udrih,Jason Thompson,Omri Casspi,Sergio Rodriguez,2,11:18,SAC,rebound,,,,,,,,,,Sergio Rodriguez,,,,,,def,,
Anderson Varejao,Daniel Gibson,Delonte West,Mo Williams,Zydrunas Ilgauskas,Andres Nocioni,Beno Udrih,Jason Thompson,Omri Casspi,Sergio Rodriguez,2,11:03,CLE,foul,,,,,,,,Andres Nocioni,,Anderson Varejao,,,,,,shooting,,
Anderson Varejao,Daniel Gibson,Delonte West,Mo Williams,Zydrunas Ilgauskas,Andres Nocioni,Beno Udrih,Jason Thompson,Omri Casspi,Sergio Rodriguez,2,11:03,SAC,free throw,,,,,,,1,,2,Andres Nocioni,,,foul,made,,,,
Anderson Varejao,Daniel Gibson,Delonte West,Mo Williams,Zydrunas Ilgauskas,Andres Nocioni,Beno Udrih,Jason Thompson,Omri Casspi,Sergio Rodriguez,2,11:03,SAC,free throw,,,,,,,2,,2,Andres Nocioni,,,foul,missed,,,,
Anderson Varejao,Daniel Gibson,Delonte West,Mo Williams,Zydrunas Ilgauskas,Andres Nocioni,Beno Udrih,Jason Thompson,Omri Casspi,Sergio Rodriguez,2,11:02,CLE,rebound,,,,,,,,,,Zydrunas Ilgauskas,,,,,,def,,
Anderson Varejao,Daniel Gibson,Delonte West,Mo Williams,Zydrunas Ilgauskas,Andres Nocioni,Beno Udrih,Jason Thompson,Omri Casspi,Sergio Rodriguez,2,10:38,CLE,turnover,,,,,,,,,,,,,shot clock turnover,,,,,
Anderson Varejao,Daniel Gibson,Delonte West,Mo Williams,Zydrunas Ilgauskas,Andres Nocioni,Beno Udrih,Jason Thompson,Omri Casspi,Sergio Rodriguez,2,10:29,SAC,shot,,,,,,,,,,Sergio Rodriguez,2,,,made,,driving layup,25,6
Anderson Varejao,Daniel Gibson,Delonte West,Mo Williams,Zydrunas Ilgauskas,Andres Nocioni,Beno Udrih,Jason Thompson,Omri Casspi,Sergio Rodriguez,2,10:12,CLE,turnover,,,,,,,,,,Zydrunas Ilgauskas,,,3 second violation,,,,,
Anderson Varejao,Daniel Gibson,Delonte West,Mo Williams,Zydrunas Ilgauskas,Andres Nocioni,Beno Udrih,Jason Thompson,Omri Casspi,Sergio Rodriguez,2,10:01,SAC,shot,,,,,,,,,,Andres Nocioni,,,,missed,,jump,27,10
Anderson Varejao,Daniel Gibson,Delonte West,Mo Williams,Zydrunas Ilgauskas,Andres Nocioni,Beno Udrih,Jason Thompson,Omri Casspi,Sergio Rodriguez,2,10:00,CLE,rebound,,,,,,,,,,Mo Williams,,,,,,def,,
Anderson Varejao,Daniel Gibson,Delonte West,Mo Williams,Zydrunas Ilgauskas,Andres Nocioni,Beno Udrih,Jason Thompson,Omri Casspi,Sergio Rodriguez,2,9:54,CLE,shot,Mo Williams,,,,,,,,,Zydrunas Ilgauskas,2,,,made,,layup,25,6
Anderson Varejao,Daniel Gibson,Delonte West,Mo Williams,Zydrunas Ilgauskas,Andres Nocioni,Beno Udrih,Jason Thompson,Omri Casspi,Sergio Rodriguez,2,9:38,CLE,foul,,,,,,,,Omri Casspi,,Delonte West,,,,,,shooting,,
Anderson Varejao,Daniel Gibson,Delonte West,Mo Williams,Zydrunas Ilgauskas,Andres Nocioni,Beno Udrih,Jason Thompson,Omri Casspi,Sergio Rodriguez,2,9:38,SAC,free throw,,,,,,,1,,2,Omri Casspi,,,foul,made,,,,
Anderson Varejao,Daniel Gibson,Delonte West,Mo Williams,Zydrunas Ilgauskas,Andres Nocioni,Beno Udrih,Jason Thompson,Omri Casspi,Sergio Rodriguez,2,9:38,SAC,free throw,,,,,,,2,,2,Omri Casspi,,,foul,made,,,,
Anderson Varejao,Daniel Gibson,Delonte West,Mo Williams,Zydrunas Ilgauskas,Andres Nocioni,Beno Udrih,Jason Thompson,Omri Casspi,Sergio Rodriguez,2,9:25,CLE,shot,,,,,,,,,,Mo Williams,,,,missed,,jump,40,13
Anderson Varejao,Daniel Gibson,Delonte West,Mo Williams,Zydrunas Ilgauskas,Andres Nocioni,Beno Udrih,Jason Thompson,Omri Casspi,Sergio Rodriguez,2,9:24,CLE,rebound,,,,,,,,,,Anderson Varejao,,,,,,off,,
Anderson Varejao,Daniel Gibson,Delonte West,Mo Williams,Zydrunas Ilgauskas,Andres Nocioni,Beno Udrih,Jason Thompson,Omri Casspi,Sergio Rodriguez,2,9:19,CLE,turnover,,,,,,,,,,Mo Williams,,,double dribble,,,,,
Anderson Varejao,Daniel Gibson,Delonte West,Mo Williams,Zydrunas Ilgauskas,Andres Nocioni,Beno Udrih,Jason Thompson,Omri Casspi,Sergio Rodriguez,2,9:08,SAC,shot,,,,,,,,,,Sergio Rodriguez,,,,missed,,jump,19,9
Anderson Varejao,Daniel Gibson,Delonte West,Mo Williams,Zydrunas Ilgauskas,Andres Nocioni,Beno Udrih,Jason Thompson,Omri Casspi,Sergio Rodriguez,2,9:07,CLE,rebound,,,,,,,,,,Daniel Gibson,,,,,,def,,
Anderson Varejao,Daniel Gibson,Delonte West,Mo Williams,Zydrunas Ilgauskas,Andres Nocioni,Beno Udrih,Jason Thompson,Omri Casspi,Sergio Rodriguez,2,9:01,SAC,foul,,,,,,,,Delonte West,,Beno Udrih,,,,,,personal,,
Anderson Varejao,Daniel Gibson,Delonte West,Mo Williams,Zydrunas Ilgauskas,Andres Nocioni,Beno Udrih,Jason Thompson,Omri Casspi,Sergio Rodriguez,2,8:50,CLE,shot,,,,,,,,,,Daniel Gibson,,,,missed,,jump,5,9
Anderson Varejao,Daniel Gibson,Delonte West,Mo Williams,Zydrunas Ilgauskas,Andres Nocioni,Beno Udrih,Jason Thompson,Omri Casspi,Sergio Rodriguez,2,8:49,CLE,rebound,,,,,,,,,,Anderson Varejao,,,,,,off,,
Anderson Varejao,Daniel Gibson,Delonte West,Mo Williams,Zydrunas Ilgauskas,Andres Nocioni,Beno Udrih,Jason Thompson,Omri Casspi,Sergio Rodriguez,2,8:49,CLE,shot,,,,,,,,,,Anderson Varejao,,,,missed,,tip,25,6
Anderson Varejao,Daniel Gibson,Delonte West,Mo Williams,Zydrunas Ilgauskas,Andres Nocioni,Beno Udrih,Jason Thompson,Omri Casspi,Sergio Rodriguez,2,8:48,CLE,rebound,,,,,,,,,,Zydrunas Ilgauskas,,,,,,off,,
Anderson Varejao,Daniel Gibson,Delonte West,Mo Williams,Zydrunas Ilgauskas,Andres Nocioni,Beno Udrih,Jason Thompson,Omri Casspi,Sergio Rodriguez,2,8:47,CLE,shot,,,,,,,,,,Zydrunas Ilgauskas,,,,missed,,layup,25,6
Anderson Varejao,Daniel Gibson,Delonte West,Mo Williams,Zydrunas Ilgauskas,Andres Nocioni,Beno Udrih,Jason Thompson,Omri Casspi,Sergio Rodriguez,2,8:45,SAC,rebound,,,,,,,,,,Omri Casspi,,,,,,def,,
Anderson Varejao,Daniel Gibson,Delonte West,Mo Williams,Zydrunas Ilgauskas,Andres Nocioni,Beno Udrih,Jason Thompson,Omri Casspi,Sergio Rodriguez,2,8:40,SAC,shot,Sergio Rodriguez,,,,,,,,,Beno Udrih,2,,,made,,layup,25,6
Anderson Varejao,Daniel Gibson,Delonte West,Mo Williams,Zydrunas Ilgauskas,Andres Nocioni,Beno Udrih,Jason Thompson,Omri Casspi,Sergio Rodriguez,2,8:30,CLE,timeout,,,,,,,,,,,,,,,,regular,,
Anderson Varejao,Daniel Gibson,Delonte West,Mo Williams,Zydrunas Ilgauskas,Andres Nocioni,Beno Udrih,Jason Thompson,Omri Casspi,Sergio Rodriguez,2,8:18,CLE,shot,,,,,,,,,,Mo Williams,2,,,made,,running bank,33,10
Anderson Varejao,Daniel Gibson,Delonte West,Mo Williams,Zydrunas Ilgauskas,Andres Nocioni,Beno Udrih,Jason Thompson,Omri Casspi,Sergio Rodriguez,2,8:02,SAC,shot,,,,,,,,,,Andres Nocioni,,,,missed,,running jump,18,9
Anderson Varejao,Daniel Gibson,Delonte West,Mo Williams,Zydrunas Ilgauskas,Andres Nocioni,Beno Udrih,Jason Thompson,Omri Casspi,Sergio Rodriguez,2,8:00,SAC,rebound,,,,,,,,,,Andres Nocioni,,,,,,off,,
Anderson Varejao,Daniel Gibson,Delonte West,Mo Williams,Zydrunas Ilgauskas,Andres Nocioni,Beno Udrih,Jason Thompson,Omri Casspi,Sergio Rodriguez,2,7:55,SAC,shot,Andres Nocioni,,,,,,,,,Omri Casspi,3,,,made,,3pt,27,31
Anderson Varejao,Daniel Gibson,Delonte West,Mo Williams,Zydrunas Ilgauskas,Andres Nocioni,Beno Udrih,Jason Thompson,Omri Casspi,Sergio Rodriguez,2,7:34,CLE,turnover,,,,,,,,,,Mo Williams,,,bad pass,,Beno Udrih,,,
Anderson Varejao,Daniel Gibson,Delonte West,Mo Williams,Zydrunas Ilgauskas,Andres Nocioni,Beno Udrih,Jason Thompson,Omri Casspi,Sergio Rodriguez,2,7:31,SAC,turnover,,,,,,,,,,Jason Thompson,,,bad pass,,,,,
Anderson Varejao,Daniel Gibson,Delonte West,Mo Williams,Zydrunas Ilgauskas,Andres Nocioni,Beno Udrih,Jason Thompson,Omri Casspi,Sergio Rodriguez,2,7:18,CLE,shot,Delonte West,,,,,,,,,Zydrunas Ilgauskas,2,,,made,,layup,25,6
Anderson Varejao,Daniel Gibson,Delonte West,Mo Williams,Zydrunas Ilgauskas,Andres Nocioni,Beno Udrih,Jason Thompson,Omri Casspi,Sergio Rodriguez,2,6:57,SAC,shot,,,,,,,,,,Beno Udrih,,,,missed,,jump,6,7
Anderson Varejao,Daniel Gibson,Delonte West,Mo Williams,Zydrunas Ilgauskas,Andres Nocioni,Beno Udrih,Jason Thompson,Omri Casspi,Sergio Rodriguez,2,6:57,SAC,rebound,,,,,,,,,,,,,,,,,,
Anderson Varejao,Daniel Gibson,Delonte West,Mo Williams,Zydrunas Ilgauskas,Andres Nocioni,Beno Udrih,Jason Thompson,Omri Casspi,Sergio Rodriguez,2,6:57,CLE,foul,,,,,,,,Omri Casspi,,Delonte West,,,,,,personal,,
Anderson Varejao,Daniel Gibson,Delonte West,Mo Williams,Zydrunas Ilgauskas,Andres Nocioni,Ime Udoka,Jason Thompson,Omri Casspi,Sergio Rodriguez,2,6:57,SAC,sub,,,,Ime Udoka,,Beno Udrih,,,,,,,,,,,,
Anderson Varejao,Daniel Gibson,Delonte West,Mo Williams,Shaquille O'Neal,Andres Nocioni,Ime Udoka,Jason Thompson,Omri Casspi,Sergio Rodriguez,2,6:57,CLE,sub,,,,Shaquille O'Neal,,Zydrunas Ilgauskas,,,,,,,,,,,,
Anderson Varejao,Daniel Gibson,Delonte West,LeBron James,Shaquille O'Neal,Andres Nocioni,Ime Udoka,Jason Thompson,Omri Casspi,Sergio Rodriguez,2,6:57,CLE,sub,,,,LeBron James,,Mo Williams,,,,,,,,,,,,
Anderson Varejao,Daniel Gibson,Delonte West,LeBron James,Shaquille O'Neal,Andres Nocioni,Ime Udoka,Jason Thompson,Omri Casspi,Sergio Rodriguez,2,6:54,SAC,shot,,,,,,,,,,Jason Thompson,,,,missed,,jump,7,16
Anderson Varejao,Daniel Gibson,Delonte West,LeBron James,Shaquille O'Neal,Andres Nocioni,Ime Udoka,Jason Thompson,Omri Casspi,Sergio Rodriguez,2,6:52,SAC,rebound,,,,,,,,,,Omri Casspi,,,,,,off,,
Anderson Varejao,Daniel Gibson,Delonte West,LeBron James,Shaquille O'Neal,Andres Nocioni,Ime Udoka,Jason Thompson,Omri Casspi,Sergio Rodriguez,2,6:52,SAC,shot,,,,,,,,,,Omri Casspi,,,,missed,,tip,25,6
Anderson Varejao,Daniel Gibson,Delonte West,LeBron James,Shaquille O'Neal,Andres Nocioni,Ime Udoka,Jason Thompson,Omri Casspi,Sergio Rodriguez,2,6:52,CLE,rebound,,,,,,,,,,LeBron James,,,,,,def,,
Anderson Varejao,Daniel Gibson,Delonte West,LeBron James,Shaquille O'Neal,Andres Nocioni,Ime Udoka,Jason Thompson,Omri Casspi,Sergio Rodriguez,2,6:44,CLE,shot,,,,,,,,,,LeBron James,2,,,made,,jump,40,20
Anderson Varejao,Daniel Gibson,Delonte West,LeBron James,Shaquille O'Neal,Andres Nocioni,Ime Udoka,Jason Thompson,Omri Casspi,Sergio Rodriguez,2,6:32,SAC,shot,,,Shaquille O'Neal,,,,,,,Sergio Rodriguez,,,,missed,,driving layup,25,6
Anderson Varejao,Daniel Gibson,Delonte West,LeBron James,Shaquille O'Neal,Andres Nocioni,Ime Udoka,Jason Thompson,Omri Casspi,Sergio Rodriguez,2,6:30,CLE,rebound,,,,,,,,,,Shaquille O'Neal,,,,,,def,,
Anderson Varejao,Daniel Gibson,Delonte West,LeBron James,Shaquille O'Neal,Andres Nocioni,Ime Udoka,Jason Thompson,Omri Casspi,Sergio Rodriguez,2,6:23,CLE,shot,,,,,,,,,,LeBron James,2,,,made,,jump,43,18
Anderson Varejao,Daniel Gibson,Delonte West,LeBron James,Shaquille O'Neal,Andres Nocioni,Ime Udoka,Jason Thompson,Omri Casspi,Sergio Rodriguez,2,6:10,SAC,turnover,,,,,,,,,,Sergio Rodriguez,,,traveling,,,,,
Anderson Varejao,Daniel Gibson,Delonte West,LeBron James,Shaquille O'Neal,Andres Nocioni,Ime Udoka,Omri Casspi,Sergio Rodriguez,Tyreke Evans,2,6:10,SAC,sub,,,,Tyreke Evans,,Jason Thompson,,,,,,,,,,,,
Anderson Varejao,Daniel Gibson,Delonte West,LeBron James,Shaquille O'Neal,Andres Nocioni,Ime Udoka,Omri Casspi,Spencer Hawes,Tyreke Evans,2,6:10,SAC,sub,,,,Spencer Hawes,,Sergio Rodriguez,,,,,,,,,,,,
Anderson Varejao,Daniel Gibson,Delonte West,LeBron James,Shaquille O'Neal,Andres Nocioni,Ime Udoka,Omri Casspi,Spencer Hawes,Tyreke Evans,2,5:55,CLE,shot,,,,,,,,,,LeBron James,2,,,made,,step back jump,41,19
Anderson Varejao,Daniel Gibson,Delonte West,LeBron James,Shaquille O'Neal,Andres Nocioni,Ime Udoka,Omri Casspi,Spencer Hawes,Tyreke Evans,2,5:40,SAC,shot,,,,,,,,,,Tyreke Evans,,,,missed,,driving layup,25,6
Anderson Varejao,Daniel Gibson,Delonte West,LeBron James,Shaquille O'Neal,Andres Nocioni,Ime Udoka,Omri Casspi,Spencer Hawes,Tyreke Evans,2,5:38,CLE,rebound,,,,,,,,,,LeBron James,,,,,,def,,
Anderson Varejao,Daniel Gibson,Delonte West,LeBron James,Shaquille O'Neal,Andres Nocioni,Ime Udoka,Omri Casspi,Spencer Hawes,Tyreke Evans,2,5:35,SAC,foul,,,,,,,,,,Westphal,,,,,,technical,,
Anderson Varejao,Daniel Gibson,Delonte West,LeBron James,Shaquille O'Neal,Andres Nocioni,Ime Udoka,Omri Casspi,Spencer Hawes,Tyreke Evans,2,5:35,CLE,free throw,,,,,,,1,,1,LeBron James,,,technical,made,,,,
Anderson Varejao,Daniel Gibson,Delonte West,LeBron James,Shaquille O'Neal,Andres Nocioni,Ime Udoka,Omri Casspi,Spencer Hawes,Tyreke Evans,2,5:35,CLE,timeout,,,,,,,,,,,,,,,,official,,
Anderson Varejao,Daniel Gibson,Delonte West,LeBron James,Shaquille O'Neal,Ime Udoka,Jason Thompson,Omri Casspi,Spencer Hawes,Tyreke Evans,2,5:35,SAC,sub,,,,Jason Thompson,,Andres Nocioni,,,,,,,,,,,,
Anderson Varejao,Daniel Gibson,Delonte West,LeBron James,Shaquille O'Neal,Ime Udoka,Jason Thompson,Omri Casspi,Spencer Hawes,Tyreke Evans,2,5:22,CLE,shot,,,,,,,,,,LeBron James,,,,missed,,jump,38,19
Anderson Varejao,Daniel Gibson,Delonte West,LeBron James,Shaquille O'Neal,Ime Udoka,Jason Thompson,Omri Casspi,Spencer Hawes,Tyreke Evans,2,5:20,SAC,rebound,,,,,,,,,,Omri Casspi,,,,,,def,,
Anderson Varejao,Daniel Gibson,Delonte West,LeBron James,Shaquille O'Neal,Ime Udoka,Jason Thompson,Omri Casspi,Spencer Hawes,Tyreke Evans,2,4:57,SAC,shot,,,,,,,,,,Ime Udoka,,,,missed,,3pt,4,19
Anderson Varejao,Daniel Gibson,Delonte West,LeBron James,Shaquille O'Neal,Ime Udoka,Jason Thompson,Omri Casspi,Spencer Hawes,Tyreke Evans,2,4:56,SAC,rebound,,,,,,,,,,Spencer Hawes,,,,,,off,,
Anderson Varejao,Daniel Gibson,Delonte West,LeBron James,Shaquille O'Neal,Ime Udoka,Jason Thompson,Omri Casspi,Spencer Hawes,Tyreke Evans,2,4:56,CLE,foul,,,,,,,,Spencer Hawes,,Shaquille O'Neal,,,,,,shooting,,
Anderson Varejao,Daniel Gibson,Delonte West,LeBron James,Shaquille O'Neal,Ime Udoka,Jason Thompson,Omri Casspi,Spencer Hawes,Tyreke Evans,2,4:56,SAC,free throw,,,,,,,1,,2,Spencer Hawes,,,foul,made,,,,
Anderson Varejao,Anthony Parker,Delonte West,LeBron James,Shaquille O'Neal,Ime Udoka,Jason Thompson,Omri Casspi,Spencer Hawes,Tyreke Evans,2,4:56,CLE,sub,,,,Anthony Parker,,Daniel Gibson,,,,,,,,,,,,
Anderson Varejao,Anthony Parker,Delonte West,J.J. Hickson,LeBron James,Ime Udoka,Jason Thompson,Omri Casspi,Spencer Hawes,Tyreke Evans,2,4:56,CLE,sub,,,,J.J. Hickson,,Shaquille O'Neal,,,,,,,,,,,,
Anderson Varejao,Anthony Parker,Delonte West,J.J. Hickson,LeBron James,Ime Udoka,Jason Thompson,Omri Casspi,Spencer Hawes,Tyreke Evans,2,4:56,SAC,free throw,,,,,,,2,,2,Spencer Hawes,,,foul,missed,,,,
Anderson Varejao,Anthony Parker,Delonte West,J.J. Hickson,LeBron James,Ime Udoka,Jason Thompson,Omri Casspi,Spencer Hawes,Tyreke Evans,2,4:55,CLE,rebound,,,,,,,,,,Anderson Varejao,,,,,,def,,
Anderson Varejao,Anthony Parker,Delonte West,J.J. Hickson,LeBron James,Ime Udoka,Jason Thompson,Omri Casspi,Spencer Hawes,Tyreke Evans,2,4:37,CLE,shot,LeBron James,,,,,,,,,Anderson Varejao,2,,,made,,layup,25,6
Anderson Varejao,Anthony Parker,Delonte West,J.J. Hickson,LeBron James,Ime Udoka,Jason Thompson,Omri Casspi,Spencer Hawes,Tyreke Evans,2,4:20,SAC,turnover,,,,,,,,,,Omri Casspi,,,out of bounds lost ball turnover,,,,,
Anderson Varejao,Anthony Parker,Delonte West,J.J. Hickson,LeBron James,Ime Udoka,Jason Thompson,Omri Casspi,Spencer Hawes,Tyreke Evans,2,3:55,CLE,shot,LeBron James,,,,,,,,,Anthony Parker,3,,,made,,3pt,14,28
Anderson Varejao,Anthony Parker,Delonte West,J.J. Hickson,LeBron James,Ime Udoka,Jason Thompson,Omri Casspi,Spencer Hawes,Tyreke Evans,2,3:33,SAC,shot,,,,,,,,,,Spencer Hawes,,,,missed,,jump,29,8
Anderson Varejao,Anthony Parker,Delonte West,J.J. Hickson,LeBron James,Ime Udoka,Jason Thompson,Omri Casspi,Spencer Hawes,Tyreke Evans,2,3:32,SAC,rebound,,,,,,,,,,Jason Thompson,,,,,,off,,
Anderson Varejao,Anthony Parker,Delonte West,J.J. Hickson,LeBron James,Ime Udoka,Jason Thompson,Omri Casspi,Spencer Hawes,Tyreke Evans,2,3:32,SAC,shot,,,,,,,,,,Jason Thompson,,,,missed,,tip,25,6
Anderson Varejao,Anthony Parker,Delonte West,J.J. Hickson,LeBron James,Ime Udoka,Jason Thompson,Omri Casspi,Spencer Hawes,Tyreke Evans,2,3:31,SAC,rebound,,,,,,,,,,Spencer Hawes,,,,,,off,,
Anderson Varejao,Anthony Parker,Delonte West,J.J. Hickson,LeBron James,Ime Udoka,Jason Thompson,Omri Casspi,Spencer Hawes,Tyreke Evans,2,3:31,SAC,shot,,,,,,,,,,Spencer Hawes,2,,,made,,tip,25,6
Anderson Varejao,Anthony Parker,Delonte West,J.J. Hickson,LeBron James,Ime Udoka,Jason Thompson,Omri Casspi,Spencer Hawes,Tyreke Evans,2,3:05,CLE,shot,,,,,,,,,,LeBron James,,,,missed,,3pt,35,31
Anderson Varejao,Anthony Parker,Delonte West,J.J. Hickson,LeBron James,Ime Udoka,Jason Thompson,Omri Casspi,Spencer Hawes,Tyreke Evans,2,3:03,CLE,rebound,,,,,,,,,,J.J. Hickson,,,,,,off,,
Anderson Varejao,Anthony Parker,Delonte West,J.J. Hickson,LeBron James,Ime Udoka,Jason Thompson,Omri Casspi,Spencer Hawes,Tyreke Evans,2,2:59,CLE,shot,J.J. Hickson,,,,,,,,,LeBron James,3,,,made,,3pt,48,15
Anderson Varejao,Anthony Parker,Delonte West,J.J. Hickson,LeBron James,Ime Udoka,Jason Thompson,Omri Casspi,Spencer Hawes,Tyreke Evans,2,2:44,SAC,shot,,,,,,,,,,Tyreke Evans,2,,,made,,driving layup,25,6
Anderson Varejao,Anthony Parker,Delonte West,J.J. Hickson,LeBron James,Ime Udoka,Jason Thompson,Omri Casspi,Spencer Hawes,Tyreke Evans,2,2:19,CLE,shot,,,,,,,,,,LeBron James,2,,,made,,jump,24,28
Anderson Varejao,Anthony Parker,Delonte West,J.J. Hickson,LeBron James,Ime Udoka,Jason Thompson,Omri Casspi,Spencer Hawes,Tyreke Evans,2,2:01,SAC,shot,,,,,,,,,,Omri Casspi,2,,,made,,jump,28,24
Anderson Varejao,Anthony Parker,Delonte West,J.J. Hickson,LeBron James,Ime Udoka,Jason Thompson,Omri Casspi,Spencer Hawes,Tyreke Evans,2,1:34,CLE,shot,,,,,,,,,,LeBron James,,,,missed,,jump,24,25
Anderson Varejao,Anthony Parker,Delonte West,J.J. Hickson,LeBron James,Ime Udoka,Jason Thompson,Omri Casspi,Spencer Hawes,Tyreke Evans,2,1:32,SAC,rebound,,,,,,,,,,Tyreke Evans,,,,,,def,,
Anderson Varejao,Anthony Parker,Delonte West,J.J. Hickson,LeBron James,Ime Udoka,Jason Thompson,Omri Casspi,Spencer Hawes,Tyreke Evans,2,1:23,SAC,shot,,,,,,,,,,Tyreke Evans,2,,,made,,jump,9,18
Anderson Varejao,Anthony Parker,Delonte West,J.J. Hickson,LeBron James,Ime Udoka,Jason Thompson,Omri Casspi,Spencer Hawes,Tyreke Evans,2,1:00,CLE,shot,,,Omri Casspi,,,,,,,J.J. Hickson,,,,missed,,layup,25,6
Anderson Varejao,Anthony Parker,Delonte West,J.J. Hickson,LeBron James,Ime Udoka,Jason Thompson,Omri Casspi,Spencer Hawes,Tyreke Evans,2,1:00,CLE,rebound,,,,,,,,,,,,,,,,,,
Anderson Varejao,Anthony Parker,Delonte West,J.J. Hickson,LeBron James,Ime Udoka,Jason Thompson,Omri Casspi,Spencer Hawes,Tyreke Evans,2,1:00,SAC,timeout,,,,,,,,,,,,,,,,regular,,
Anderson Varejao,Anthony Parker,Delonte West,J.J. Hickson,LeBron James,Beno Udrih,Jason Thompson,Omri Casspi,Spencer Hawes,Tyreke Evans,2,1:00,SAC,sub,,,,Beno Udrih,,Ime Udoka,,,,,,,,,,,,
Anderson Varejao,Anthony Parker,J.J. Hickson,LeBron James,Mo Williams,Beno Udrih,Jason Thompson,Omri Casspi,Spencer Hawes,Tyreke Evans,2,1:00,CLE,sub,,,,Mo Williams,,Delonte West,,,,,,,,,,,,
Anderson Varejao,Anthony Parker,J.J. Hickson,LeBron James,Mo Williams,Beno Udrih,Jason Thompson,Omri Casspi,Spencer Hawes,Tyreke Evans,2,0:56,CLE,shot,,,,,,,,,,LeBron James,,,,missed,,jump,23,10
Anderson Varejao,Anthony Parker,J.J. Hickson,LeBron James,Mo Williams,Beno Udrih,Jason Thompson,Omri Casspi,Spencer Hawes,Tyreke Evans,2,0:54,CLE,rebound,,,,,,,,,,J.J. Hickson,,,,,,off,,
Anderson Varejao,Anthony Parker,J.J. Hickson,LeBron James,Mo Williams,Beno Udrih,Jason Thompson,Omri Casspi,Spencer Hawes,Tyreke Evans,2,0:54,CLE,shot,,,,,,,,,,J.J. Hickson,,,,missed,,tip,25,6
Anderson Varejao,Anthony Parker,J.J. Hickson,LeBron James,Mo Williams,Beno Udrih,Jason Thompson,Omri Casspi,Spencer Hawes,Tyreke Evans,2,0:52,SAC,rebound,,,,,,,,,,Tyreke Evans,,,,,,def,,
Anderson Varejao,Anthony Parker,J.J. Hickson,LeBron James,Mo Williams,Beno Udrih,Jason Thompson,Omri Casspi,Spencer Hawes,Tyreke Evans,2,0:45,SAC,shot,Tyreke Evans,,,,,,,,,Jason Thompson,2,,,made,,jump,43,8
Anderson Varejao,Anthony Parker,J.J. Hickson,LeBron James,Mo Williams,Beno Udrih,Jason Thompson,Omri Casspi,Spencer Hawes,Tyreke Evans,2,0:24,CLE,shot,,,Tyreke Evans,,,,,,,Anthony Parker,,,,missed,,running jump,36,12
Anderson Varejao,Anthony Parker,J.J. Hickson,LeBron James,Mo Williams,Beno Udrih,Jason Thompson,Omri Casspi,Spencer Hawes,Tyreke Evans,2,0:23,CLE,rebound,,,,,,,,,,,,,,,,,,
Anderson Varejao,Anthony Parker,J.J. Hickson,LeBron James,Mo Williams,Beno Udrih,Jason Thompson,Omri Casspi,Spencer Hawes,Tyreke Evans,2,0:23,SAC,foul,,,,,,,,J.J. Hickson,,Jason Thompson,,,,,,loose ball,,
Anderson Varejao,Anthony Parker,Daniel Gibson,LeBron James,Mo Williams,Beno Udrih,Jason Thompson,Omri Casspi,Spencer Hawes,Tyreke Evans,2,0:23,CLE,sub,,,,Daniel Gibson,,J.J. Hickson,,,,,,,,,,,,
Anderson Varejao,Anthony Parker,Daniel Gibson,LeBron James,Mo Williams,Beno Udrih,Jason Thompson,Omri Casspi,Spencer Hawes,Tyreke Evans,2,0:10,SAC,foul,,,,,,,,LeBron James,,Omri Casspi,,,,,,shooting,,
Anderson Varejao,Anthony Parker,Daniel Gibson,LeBron James,Mo Williams,Beno Udrih,Jason Thompson,Omri Casspi,Spencer Hawes,Tyreke Evans,2,0:10,CLE,free throw,,,,,,,1,,2,LeBron James,,,foul,made,,,,
Anderson Varejao,Anthony Parker,Daniel Gibson,Jamario Moon,LeBron James,Beno Udrih,Jason Thompson,Omri Casspi,Spencer Hawes,Tyreke Evans,2,0:10,CLE,sub,,,,Jamario Moon,,Mo Williams,,,,,,,,,,,,
Anderson Varejao,Anthony Parker,J.J. Hickson,Jamario Moon,LeBron James,Beno Udrih,Jason Thompson,Omri Casspi,Spencer Hawes,Tyreke Evans,2,0:10,CLE,sub,,,,J.J. Hickson,,Daniel Gibson,,,,,,,,,,,,
Anderson Varejao,Anthony Parker,J.J. Hickson,Jamario Moon,LeBron James,Beno Udrih,Jason Thompson,Omri Casspi,Spencer Hawes,Tyreke Evans,2,0:10,CLE,free throw,,,,,,,2,,2,LeBron James,,,foul,made,,,,
Anderson Varejao,Anthony Parker,J.J. Hickson,Jamario Moon,LeBron James,Beno Udrih,Jason Thompson,Omri Casspi,Spencer Hawes,Tyreke Evans,2,0:00,SAC,shot,,,,,,,,,,Tyreke Evans,,,,missed,,jump,17,21
Anderson Varejao,Anthony Parker,J.J. Hickson,Jamario Moon,LeBron James,Beno Udrih,Jason Thompson,Omri Casspi,Spencer Hawes,Tyreke Evans,2,0:00,SAC,rebound,,,,,,,,,,,,,,,,,,
Anthony Parker,J.J. Hickson,LeBron James,Mo Williams,Shaquille O'Neal,Donte Greene,Jason Thompson,Omri Casspi,Spencer Hawes,Tyreke Evans,3,11:43,SAC,shot,,,,,,,,,,Omri Casspi,,,,missed,,layup,25,6
Anthony Parker,J.J. Hickson,LeBron James,Mo Williams,Shaquille O'Neal,Donte Greene,Jason Thompson,Omri Casspi,Spencer Hawes,Tyreke Evans,3,11:42,SAC,rebound,,,,,,,,,,,,,,,,,,
Anthony Parker,J.J. Hickson,LeBron James,Mo Williams,Shaquille O'Neal,Donte Greene,Jason Thompson,Omri Casspi,Spencer Hawes,Tyreke Evans,3,11:33,SAC,shot,Omri Casspi,,,,,,,,,Spencer Hawes,2,,,made,,dunk,25,6
Anthony Parker,J.J. Hickson,LeBron James,Mo Williams,Shaquille O'Neal,Donte Greene,Jason Thompson,Omri Casspi,Spencer Hawes,Tyreke Evans,3,11:12,CLE,turnover,,,,,,,,,,Shaquille O'Neal,,,lost ball,,Jason Thompson,,,
Anthony Parker,J.J. Hickson,LeBron James,Mo Williams,Shaquille O'Neal,Donte Greene,Jason Thompson,Omri Casspi,Spencer Hawes,Tyreke Evans,3,11:01,SAC,shot,,,,,,,,,,Tyreke Evans,3,,,made,,3pt,19,30
Anthony Parker,J.J. Hickson,LeBron James,Mo Williams,Shaquille O'Neal,Donte Greene,Jason Thompson,Omri Casspi,Spencer Hawes,Tyreke Evans,3,10:31,CLE,shot,,,,,,,,,,Mo Williams,,,,missed,,3pt,30,30
Anthony Parker,J.J. Hickson,LeBron James,Mo Williams,Shaquille O'Neal,Donte Greene,Jason Thompson,Omri Casspi,Spencer Hawes,Tyreke Evans,3,10:30,SAC,rebound,,,,,,,,,,Spencer Hawes,,,,,,def,,
Anthony Parker,J.J. Hickson,LeBron James,Mo Williams,Shaquille O'Neal,Donte Greene,Jason Thompson,Omri Casspi,Spencer Hawes,Tyreke Evans,3,10:28,CLE,violation,,,,,,,,,,LeBron James,,,,,,kicked ball,,
Anthony Parker,J.J. Hickson,LeBron James,Mo Williams,Shaquille O'Neal,Donte Greene,Jason Thompson,Omri Casspi,Spencer Hawes,Tyreke Evans,3,10:18,SAC,shot,,,,,,,,,,Tyreke Evans,,,,missed,,jump,10,9
Anthony Parker,J.J. Hickson,LeBron James,Mo Williams,Shaquille O'Neal,Donte Greene,Jason Thompson,Omri Casspi,Spencer Hawes,Tyreke Evans,3,10:16,SAC,rebound,,,,,,,,,,Jason Thompson,,,,,,off,,
Anthony Parker,J.J. Hickson,LeBron James,Mo Williams,Shaquille O'Neal,Donte Greene,Jason Thompson,Omri Casspi,Spencer Hawes,Tyreke Evans,3,10:16,SAC,shot,,,,,,,,,,Jason Thompson,2,,,made,,tip,25,6
Anthony Parker,J.J. Hickson,LeBron James,Mo Williams,Shaquille O'Neal,Donte Greene,Jason Thompson,Omri Casspi,Spencer Hawes,Tyreke Evans,3,9:55,CLE,shot,,,,,,,,,,LeBron James,2,,,made,,jump,5,13
Anthony Parker,J.J. Hickson,LeBron James,Mo Williams,Shaquille O'Neal,Donte Greene,Jason Thompson,Omri Casspi,Spencer Hawes,Tyreke Evans,3,9:38,SAC,shot,,,,,,,,,,Spencer Hawes,,,,missed,,jump,20,7
Anthony Parker,J.J. Hickson,LeBron James,Mo Williams,Shaquille O'Neal,Donte Greene,Jason Thompson,Omri Casspi,Spencer Hawes,Tyreke Evans,3,9:37,CLE,rebound,,,,,,,,,,Shaquille O'Neal,,,,,,def,,
Anthony Parker,J.J. Hickson,LeBron James,Mo Williams,Shaquille O'Neal,Donte Greene,Jason Thompson,Omri Casspi,Spencer Hawes,Tyreke Evans,3,9:24,CLE,shot,,,,,,,,,,LeBron James,,,,missed,,jump,22,26
Anthony Parker,J.J. Hickson,LeBron James,Mo Williams,Shaquille O'Neal,Donte Greene,Jason Thompson,Omri Casspi,Spencer Hawes,Tyreke Evans,3,9:23,SAC,rebound,,,,,,,,,,,,,,,,,,
Anthony Parker,J.J. Hickson,LeBron James,Mo Williams,Shaquille O'Neal,Donte Greene,Jason Thompson,Omri Casspi,Spencer Hawes,Tyreke Evans,3,9:08,SAC,shot,,,,,,,,,,Omri Casspi,,,,missed,,jump,41,9
Anthony Parker,J.J. Hickson,LeBron James,Mo Williams,Shaquille O'Neal,Donte Greene,Jason Thompson,Omri Casspi,Spencer Hawes,Tyreke Evans,3,9:07,CLE,rebound,,,,,,,,,,Shaquille O'Neal,,,,,,def,,
Anthony Parker,J.J. Hickson,LeBron James,Mo Williams,Shaquille O'Neal,Donte Greene,Jason Thompson,Omri Casspi,Spencer Hawes,Tyreke Evans,3,9:02,CLE,shot,,,,,,,,,,Mo Williams,2,,,made,,running jump,16,9
Anthony Parker,J.J. Hickson,LeBron James,Mo Williams,Shaquille O'Neal,Donte Greene,Jason Thompson,Omri Casspi,Spencer Hawes,Tyreke Evans,3,9:02,SAC,foul,,,,,,,,Mo Williams,,Omri Casspi,,,,,,shooting,,
Anthony Parker,J.J. Hickson,LeBron James,Mo Williams,Shaquille O'Neal,Donte Greene,Jason Thompson,Omri Casspi,Spencer Hawes,Tyreke Evans,3,9:02,CLE,free throw,,,,,,,1,,1,Mo Williams,,,foul,made,,,,
Anthony Parker,J.J. Hickson,LeBron James,Mo Williams,Shaquille O'Neal,Donte Greene,Jason Thompson,Omri Casspi,Spencer Hawes,Tyreke Evans,3,8:47,SAC,shot,,,,,,,,,,Omri Casspi,,,,missed,,jump,22,8
Anthony Parker,J.J. Hickson,LeBron James,Mo Williams,Shaquille O'Neal,Donte Greene,Jason Thompson,Omri Casspi,Spencer Hawes,Tyreke Evans,3,8:46,CLE,rebound,,,,,,,,,,Shaquille O'Neal,,,,,,def,,
Anthony Parker,J.J. Hickson,LeBron James,Mo Williams,Shaquille O'Neal,Donte Greene,Jason Thompson,Omri Casspi,Spencer Hawes,Tyreke Evans,3,8:39,CLE,shot,,,,,,,,,,Anthony Parker,,,,missed,,jump,41,8
Anthony Parker,J.J. Hickson,LeBron James,Mo Williams,Shaquille O'Neal,Donte Greene,Jason Thompson,Omri Casspi,Spencer Hawes,Tyreke Evans,3,8:38,SAC,rebound,,,,,,,,,,Jason Thompson,,,,,,def,,
Anthony Parker,J.J. Hickson,LeBron James,Mo Williams,Shaquille O'Neal,Donte Greene,Jason Thompson,Omri Casspi,Spencer Hawes,Tyreke Evans,3,8:32,SAC,shot,Jason Thompson,,,,,,,,,Spencer Hawes,2,,,made,,dunk,25,6
Anthony Parker,J.J. Hickson,LeBron James,Mo Williams,Shaquille O'Neal,Donte Greene,Jason Thompson,Omri Casspi,Spencer Hawes,Tyreke Evans,3,8:16,CLE,shot,Mo Williams,,,,,,,,,J.J. Hickson,2,,,made,,dunk,25,6
Anthony Parker,J.J. Hickson,LeBron James,Mo Williams,Shaquille O'Neal,Donte Greene,Jason Thompson,Omri Casspi,Spencer Hawes,Tyreke Evans,3,7:57,SAC,shot,Donte Greene,,,,,,,,,Spencer Hawes,2,,,made,,jump,32,25
Anthony Parker,J.J. Hickson,LeBron James,Mo Williams,Shaquille O'Neal,Donte Greene,Jason Thompson,Omri Casspi,Spencer Hawes,Tyreke Evans,3,7:40,CLE,shot,,,,,,,,,,Mo Williams,2,,,made,,jump,27,27
Anthony Parker,J.J. Hickson,LeBron James,Mo Williams,Shaquille O'Neal,Donte Greene,Jason Thompson,Omri Casspi,Spencer Hawes,Tyreke Evans,3,7:24,SAC,shot,Tyreke Evans,,,,,,,,,Spencer Hawes,3,,,made,,3pt,14,28
Anthony Parker,J.J. Hickson,LeBron James,Mo Williams,Shaquille O'Neal,Donte Greene,Jason Thompson,Omri Casspi,Spencer Hawes,Tyreke Evans,3,7:04,CLE,shot,,,,,,,,,,Shaquille O'Neal,,,,missed,,hook,22,12
Anthony Parker,J.J. Hickson,LeBron James,Mo Williams,Shaquille O'Neal,Donte Greene,Jason Thompson,Omri Casspi,Spencer Hawes,Tyreke Evans,3,7:03,SAC,rebound,,,,,,,,,,Spencer Hawes,,,,,,def,,
Anthony Parker,J.J. Hickson,LeBron James,Mo Williams,Shaquille O'Neal,Donte Greene,Jason Thompson,Omri Casspi,Spencer Hawes,Tyreke Evans,3,6:56,SAC,shot,,,,,,,,,,Tyreke Evans,2,,,made,,driving layup,25,6
Anthony Parker,J.J. Hickson,LeBron James,Mo Williams,Shaquille O'Neal,Donte Greene,Jason Thompson,Omri Casspi,Spencer Hawes,Tyreke Evans,3,6:54,CLE,timeout,,,,,,,,,,,,,,,,regular,,
Anthony Parker,J.J. Hickson,LeBron James,Mo Williams,Shaquille O'Neal,Beno Udrih,Donte Greene,Jason Thompson,Spencer Hawes,Tyreke Evans,3,6:54,SAC,sub,,,,Beno Udrih,,Omri Casspi,,,,,,,,,,,,
Anderson Varejao,Anthony Parker,LeBron James,Mo Williams,Shaquille O'Neal,Beno Udrih,Donte Greene,Jason Thompson,Spencer Hawes,Tyreke Evans,3,6:54,CLE,sub,,,,Anderson Varejao,,J.J. Hickson,,,,,,,,,,,,
Anderson Varejao,Anthony Parker,LeBron James,Mo Williams,Shaquille O'Neal,Beno Udrih,Donte Greene,Jason Thompson,Spencer Hawes,Tyreke Evans,3,6:40,CLE,shot,Shaquille O'Neal,,,,,,,,,Mo Williams,3,,,made,,3pt,48,8
Anderson Varejao,Anthony Parker,LeBron James,Mo Williams,Shaquille O'Neal,Beno Udrih,Donte Greene,Jason Thompson,Spencer Hawes,Tyreke Evans,3,6:14,SAC,turnover,,,,,,,,,,,,,shot clock turnover,,,,,
Anderson Varejao,Anthony Parker,LeBron James,Mo Williams,Shaquille O'Neal,Beno Udrih,Donte Greene,Jason Thompson,Spencer Hawes,Tyreke Evans,3,5:59,CLE,shot,,,,,,,,,,Mo Williams,,,,missed,,jump,45,7
Anderson Varejao,Anthony Parker,LeBron James,Mo Williams,Shaquille O'Neal,Beno Udrih,Donte Greene,Jason Thompson,Spencer Hawes,Tyreke Evans,3,5:58,SAC,rebound,,,,,,,,,,Spencer Hawes,,,,,,def,,
Anderson Varejao,Anthony Parker,LeBron James,Mo Williams,Shaquille O'Neal,Beno Udrih,Donte Greene,Jason Thompson,Spencer Hawes,Tyreke Evans,3,5:51,SAC,shot,,,Shaquille O'Neal,,,,,,,Tyreke Evans,,,,missed,,layup,25,6
Anderson Varejao,Anthony Parker,LeBron James,Mo Williams,Shaquille O'Neal,Beno Udrih,Donte Greene,Jason Thompson,Spencer Hawes,Tyreke Evans,3,5:49,CLE,rebound,,,,,,,,,,Anthony Parker,,,,,,def,,
Anderson Varejao,Anthony Parker,LeBron James,Mo Williams,Shaquille O'Neal,Beno Udrih,Donte Greene,Jason Thompson,Spencer Hawes,Tyreke Evans,3,5:47,CLE,shot,Anthony Parker,,,,,,,,,LeBron James,2,,,made,,dunk,25,6
Anderson Varejao,Anthony Parker,LeBron James,Mo Williams,Shaquille O'Neal,Beno Udrih,Donte Greene,Jason Thompson,Spencer Hawes,Tyreke Evans,3,5:30,CLE,foul,,,,,,,,Beno Udrih,,Mo Williams,,,,,,personal,,
Anderson Varejao,Anthony Parker,LeBron James,Mo Williams,Shaquille O'Neal,Beno Udrih,Donte Greene,Jason Thompson,Spencer Hawes,Tyreke Evans,3,5:24,SAC,shot,,,,,,,,,,Spencer Hawes,,,,missed,,3pt,17,30
Anderson Varejao,Anthony Parker,LeBron James,Mo Williams,Shaquille O'Neal,Beno Udrih,Donte Greene,Jason Thompson,Spencer Hawes,Tyreke Evans,3,5:23,CLE,rebound,,,,,,,,,,Anderson Varejao,,,,,,def,,
Anderson Varejao,Anthony Parker,LeBron James,Mo Williams,Shaquille O'Neal,Beno Udrih,Donte Greene,Jason Thompson,Spencer Hawes,Tyreke Evans,3,5:17,CLE,turnover,,,,,,,,,,LeBron James,,,bad pass,,Tyreke Evans,,,
Anderson Varejao,Anthony Parker,LeBron James,Mo Williams,Shaquille O'Neal,Beno Udrih,Donte Greene,Jason Thompson,Spencer Hawes,Tyreke Evans,3,5:11,SAC,shot,Tyreke Evans,,,,,,,,,Donte Greene,2,,,made,,alley oop dunk,25,6
Anderson Varejao,Anthony Parker,LeBron James,Mo Williams,Shaquille O'Neal,Beno Udrih,Donte Greene,Jason Thompson,Spencer Hawes,Tyreke Evans,3,4:53,CLE,turnover,,,,,,,,,,Shaquille O'Neal,,,bad pass,,Donte Greene,,,
Anderson Varejao,Anthony Parker,LeBron James,Mo Williams,Shaquille O'Neal,Beno Udrih,Donte Greene,Jason Thompson,Spencer Hawes,Tyreke Evans,3,4:50,SAC,shot,,,,,,,,,,Donte Greene,2,,,made,,layup,25,6
Anderson Varejao,Anthony Parker,LeBron James,Mo Williams,Shaquille O'Neal,Beno Udrih,Donte Greene,Jason Thompson,Spencer Hawes,Tyreke Evans,3,4:50,CLE,foul,,,,,,,,Donte Greene,,LeBron James,,,,,,shooting,,
Anderson Varejao,Anthony Parker,LeBron James,Mo Williams,Shaquille O'Neal,Beno Udrih,Donte Greene,Jason Thompson,Spencer Hawes,Tyreke Evans,3,4:50,SAC,free throw,,,,,,,1,,1,Donte Greene,,,foul,missed,,,,
Anderson Varejao,Anthony Parker,LeBron James,Mo Williams,Shaquille O'Neal,Beno Udrih,Donte Greene,Jason Thompson,Spencer Hawes,Tyreke Evans,3,4:49,CLE,rebound,,,,,,,,,,Shaquille O'Neal,,,,,,def,,
Anderson Varejao,Anthony Parker,LeBron James,Mo Williams,Shaquille O'Neal,Beno Udrih,Donte Greene,Jason Thompson,Spencer Hawes,Tyreke Evans,3,4:36,SAC,foul,,,,,,,,Anthony Parker,,Tyreke Evans,,,,,,shooting,,
Anderson Varejao,Anthony Parker,LeBron James,Mo Williams,Zydrunas Ilgauskas,Beno Udrih,Donte Greene,Jason Thompson,Spencer Hawes,Tyreke Evans,3,4:36,CLE,sub,,,,Zydrunas Ilgauskas,,Shaquille O'Neal,,,,,,,,,,,,
Anderson Varejao,Anthony Parker,LeBron James,Mo Williams,Zydrunas Ilgauskas,Beno Udrih,Donte Greene,Jason Thompson,Spencer Hawes,Tyreke Evans,3,4:36,CLE,free throw,,,,,,,1,,2,Anthony Parker,,,foul,made,,,,
Anderson Varejao,Anthony Parker,LeBron James,Mo Williams,Zydrunas Ilgauskas,Beno Udrih,Donte Greene,Jason Thompson,Spencer Hawes,Tyreke Evans,3,4:36,CLE,free throw,,,,,,,2,,2,Anthony Parker,,,foul,made,,,,
Anderson Varejao,Anthony Parker,LeBron James,Mo Williams,Zydrunas Ilgauskas,Beno Udrih,Donte Greene,Jason Thompson,Spencer Hawes,Tyreke Evans,3,4:21,SAC,shot,,,,,,,,,,Tyreke Evans,3,,,made,,3pt,17,30
Anderson Varejao,Anthony Parker,LeBron James,Mo Williams,Zydrunas Ilgauskas,Beno Udrih,Donte Greene,Jason Thompson,Spencer Hawes,Tyreke Evans,3,3:52,CLE,shot,,,,,,,,,,Mo Williams,3,,,made,,3pt,34,29
Anderson Varejao,Anthony Parker,LeBron James,Mo Williams,Zydrunas Ilgauskas,Beno Udrih,Donte Greene,Jason Thompson,Spencer Hawes,Tyreke Evans,3,3:36,SAC,shot,Jason Thompson,,,,,,,,,Donte Greene,3,,,made,,3pt,38,29
Anderson Varejao,Anthony Parker,LeBron James,Mo Williams,Zydrunas Ilgauskas,Beno Udrih,Donte Greene,Jason Thompson,Spencer Hawes,Tyreke Evans,3,3:20,SAC,foul,,,,,,,,Mo Williams,,Spencer Hawes,,,,,,shooting,,
Anderson Varejao,Delonte West,LeBron James,Mo Williams,Zydrunas Ilgauskas,Beno Udrih,Donte Greene,Jason Thompson,Spencer Hawes,Tyreke Evans,3,3:20,CLE,sub,,,,Delonte West,,Anthony Parker,,,,,,,,,,,,
Anderson Varejao,Delonte West,LeBron James,Mo Williams,Zydrunas Ilgauskas,Beno Udrih,Donte Greene,Jason Thompson,Spencer Hawes,Tyreke Evans,3,3:20,CLE,free throw,,,,,,,1,,2,Mo Williams,,,foul,made,,,,
Anderson Varejao,Delonte West,LeBron James,Mo Williams,Zydrunas Ilgauskas,Beno Udrih,Donte Greene,Jason Thompson,Spencer Hawes,Tyreke Evans,3,3:20,CLE,free throw,,,,,,,2,,2,Mo Williams,,,foul,made,,,,
Anderson Varejao,Delonte West,LeBron James,Mo Williams,Zydrunas Ilgauskas,Beno Udrih,Donte Greene,Jason Thompson,Spencer Hawes,Tyreke Evans,3,3:20,CLE,foul,,,,,,,,Jason Thompson,,Anderson Varejao,,,,,,loose ball,,
Anderson Varejao,Delonte West,LeBron James,Mo Williams,Zydrunas Ilgauskas,Beno Udrih,Donte Greene,Jason Thompson,Spencer Hawes,Tyreke Evans,3,3:08,SAC,turnover,,,,,,,,,,Spencer Hawes,,,bad pass,,Delonte West,,,
Anderson Varejao,Delonte West,LeBron James,Mo Williams,Zydrunas Ilgauskas,Beno Udrih,Donte Greene,Jason Thompson,Spencer Hawes,Tyreke Evans,3,2:55,CLE,shot,,,Spencer Hawes,,,,,,,Zydrunas Ilgauskas,,,,missed,,jump,26,15
Anderson Varejao,Delonte West,LeBron James,Mo Williams,Zydrunas Ilgauskas,Beno Udrih,Donte Greene,Jason Thompson,Spencer Hawes,Tyreke Evans,3,2:53,SAC,rebound,,,,,,,,,,Donte Greene,,,,,,def,,
Anderson Varejao,Delonte West,LeBron James,Mo Williams,Zydrunas Ilgauskas,Beno Udrih,Donte Greene,Jason Thompson,Spencer Hawes,Tyreke Evans,3,2:41,SAC,shot,,,,,,,,,,Jason Thompson,,,,missed,,jump,26,11
Anderson Varejao,Delonte West,LeBron James,Mo Williams,Zydrunas Ilgauskas,Beno Udrih,Donte Greene,Jason Thompson,Spencer Hawes,Tyreke Evans,3,2:40,SAC,rebound,,,,,,,,,,Jason Thompson,,,,,,off,,
Anderson Varejao,Delonte West,LeBron James,Mo Williams,Zydrunas Ilgauskas,Beno Udrih,Donte Greene,Jason Thompson,Spencer Hawes,Tyreke Evans,3,2:40,SAC,shot,,,,,,,,,,Jason Thompson,2,,,made,,tip,25,6
Anderson Varejao,Delonte West,LeBron James,Mo Williams,Zydrunas Ilgauskas,Beno Udrih,Donte Greene,Jason Thompson,Spencer Hawes,Tyreke Evans,3,2:25,CLE,shot,,,,,,,,,,Mo Williams,2,,,made,,fade away jumper,23,21
Anderson Varejao,Delonte West,LeBron James,Mo Williams,Zydrunas Ilgauskas,Beno Udrih,Donte Greene,Jason Thompson,Spencer Hawes,Tyreke Evans,3,2:08,SAC,shot,Beno Udrih,,,,,,,,,Tyreke Evans,2,,,made,,layup,25,6
Anderson Varejao,Delonte West,LeBron James,Mo Williams,Zydrunas Ilgauskas,Beno Udrih,Donte Greene,Jason Thompson,Spencer Hawes,Tyreke Evans,3,1:43,CLE,shot,,,,,,,,,,LeBron James,,,,missed,,3pt,32,30
Anderson Varejao,Delonte West,LeBron James,Mo Williams,Zydrunas Ilgauskas,Beno Udrih,Donte Greene,Jason Thompson,Spencer Hawes,Tyreke Evans,3,1:41,CLE,rebound,,,,,,,,,,Zydrunas Ilgauskas,,,,,,off,,
Anderson Varejao,Delonte West,LeBron James,Mo Williams,Zydrunas Ilgauskas,Beno Udrih,Donte Greene,Jason Thompson,Spencer Hawes,Tyreke Evans,3,1:40,CLE,turnover,,,,,,,,,,Zydrunas Ilgauskas,,,bad pass,,Beno Udrih,,,
Anderson Varejao,Delonte West,LeBron James,Mo Williams,Zydrunas Ilgauskas,Beno Udrih,Donte Greene,Jason Thompson,Spencer Hawes,Tyreke Evans,3,1:32,SAC,shot,,,,,,,,,,Jason Thompson,,,,missed,,jump,42,7
Anderson Varejao,Delonte West,LeBron James,Mo Williams,Zydrunas Ilgauskas,Beno Udrih,Donte Greene,Jason Thompson,Spencer Hawes,Tyreke Evans,3,1:32,CLE,rebound,,,,,,,,,,,,,,,,,,
Anderson Varejao,Delonte West,LeBron James,Mo Williams,Zydrunas Ilgauskas,Beno Udrih,Donte Greene,Jason Thompson,Spencer Hawes,Tyreke Evans,3,1:32,SAC,foul,,,,,,,,Zydrunas Ilgauskas,,Spencer Hawes,,,,,,loose ball,,
Anderson Varejao,Delonte West,LeBron James,Mo Williams,Zydrunas Ilgauskas,Beno Udrih,Donte Greene,Jason Thompson,Spencer Hawes,Tyreke Evans,3,1:32,SAC,timeout,,,,,,,,,,,,,,,,regular,,
Anderson Varejao,Daniel Gibson,Delonte West,LeBron James,Zydrunas Ilgauskas,Beno Udrih,Donte Greene,Jason Thompson,Spencer Hawes,Tyreke Evans,3,1:32,CLE,sub,,,,Daniel Gibson,,Mo Williams,,,,,,,,,,,,
Anderson Varejao,Daniel Gibson,Delonte West,LeBron James,Zydrunas Ilgauskas,Beno Udrih,Donte Greene,Jason Thompson,Spencer Hawes,Tyreke Evans,3,1:17,CLE,shot,LeBron James,,,,,,,,,Zydrunas Ilgauskas,2,,,made,,jump,38,21
Anderson Varejao,Daniel Gibson,Delonte West,LeBron James,Zydrunas Ilgauskas,Beno Udrih,Donte Greene,Jason Thompson,Spencer Hawes,Tyreke Evans,3,0:59,SAC,shot,,,,,,,,,,Tyreke Evans,,,,missed,,layup,25,6
Anderson Varejao,Daniel Gibson,Delonte West,LeBron James,Zydrunas Ilgauskas,Beno Udrih,Donte Greene,Jason Thompson,Spencer Hawes,Tyreke Evans,3,0:59,CLE,rebound,,,,,,,,,,,,,,,,,,
Anderson Varejao,Daniel Gibson,Delonte West,LeBron James,Zydrunas Ilgauskas,Beno Udrih,Donte Greene,Jason Thompson,Spencer Hawes,Tyreke Evans,3,0:59,SAC,foul,,,,,,,,Anderson Varejao,,Jason Thompson,,,,,,loose ball,,
Anderson Varejao,Daniel Gibson,Delonte West,LeBron James,Zydrunas Ilgauskas,Beno Udrih,Donte Greene,Jason Thompson,Spencer Hawes,Tyreke Evans,3,0:59,CLE,free throw,,,,,,,1,,2,Anderson Varejao,,,foul,made,,,,
Anderson Varejao,Daniel Gibson,Delonte West,LeBron James,Zydrunas Ilgauskas,Beno Udrih,Donte Greene,Jason Thompson,Spencer Hawes,Tyreke Evans,3,0:59,CLE,free throw,,,,,,,2,,2,Anderson Varejao,,,foul,made,,,,
Anderson Varejao,Daniel Gibson,Delonte West,LeBron James,Zydrunas Ilgauskas,Beno Udrih,Donte Greene,Jason Thompson,Spencer Hawes,Tyreke Evans,3,0:39,SAC,shot,,,,,,,,,,Donte Greene,,,,missed,,3pt,8,24
Anderson Varejao,Daniel Gibson,Delonte West,LeBron James,Zydrunas Ilgauskas,Beno Udrih,Donte Greene,Jason Thompson,Spencer Hawes,Tyreke Evans,3,0:38,CLE,rebound,,,,,,,,,,Anderson Varejao,,,,,,def,,
Anderson Varejao,Daniel Gibson,Delonte West,LeBron James,Zydrunas Ilgauskas,Beno Udrih,Donte Greene,Jason Thompson,Spencer Hawes,Tyreke Evans,3,0:25,CLE,shot,LeBron James,,,,,,,,,Zydrunas Ilgauskas,2,,,made,,jump,44,14
Anderson Varejao,Daniel Gibson,Delonte West,LeBron James,Zydrunas Ilgauskas,Beno Udrih,Donte Greene,Jason Thompson,Spencer Hawes,Tyreke Evans,3,0:07,CLE,foul,,,,,,,,Jason Thompson,,Daniel Gibson,,,,,,shooting,,
Anderson Varejao,Daniel Gibson,Delonte West,LeBron James,Zydrunas Ilgauskas,Beno Udrih,Donte Greene,Jason Thompson,Spencer Hawes,Tyreke Evans,3,0:07,SAC,free throw,,,,,,,1,,2,Jason Thompson,,,foul,made,,,,
Anderson Varejao,Daniel Gibson,Delonte West,LeBron James,Zydrunas Ilgauskas,Beno Udrih,Donte Greene,Ime Udoka,Jason Thompson,Tyreke Evans,3,0:07,SAC,sub,,,,Ime Udoka,,Spencer Hawes,,,,,,,,,,,,
Anderson Varejao,Daniel Gibson,Delonte West,LeBron James,Zydrunas Ilgauskas,Beno Udrih,Donte Greene,Ime Udoka,Jason Thompson,Jon Brockman,3,0:07,SAC,sub,,,,Jon Brockman,,Tyreke Evans,,,,,,,,,,,,
Anderson Varejao,Daniel Gibson,Delonte West,LeBron James,Zydrunas Ilgauskas,Beno Udrih,Donte Greene,Ime Udoka,Jason Thompson,Jon Brockman,3,0:07,SAC,free throw,,,,,,,2,,2,Jason Thompson,,,foul,made,,,,
Anderson Varejao,Daniel Gibson,Delonte West,LeBron James,Zydrunas Ilgauskas,Beno Udrih,Donte Greene,Ime Udoka,Jason Thompson,Jon Brockman,3,0:01,SAC,foul,,,,,,,,LeBron James,,Donte Greene,,,,,,shooting,,
Anderson Varejao,Daniel Gibson,Delonte West,LeBron James,Zydrunas Ilgauskas,Beno Udrih,Donte Greene,Ime Udoka,Jason Thompson,Jon Brockman,3,0:01,CLE,free throw,,,,,,,1,,2,LeBron James,,,foul,missed,,,,
Anderson Varejao,Daniel Gibson,Delonte West,LeBron James,Zydrunas Ilgauskas,Beno Udrih,Donte Greene,Ime Udoka,Jason Thompson,Jon Brockman,3,0:01,CLE,rebound,,,,,,,,,,,,,,,,,,
Anderson Varejao,Daniel Gibson,Delonte West,LeBron James,Zydrunas Ilgauskas,Beno Udrih,Donte Greene,Ime Udoka,Jason Thompson,Jon Brockman,3,0:01,CLE,free throw,,,,,,,2,,2,LeBron James,,,foul,made,,,,
Anderson Varejao,Daniel Gibson,Delonte West,LeBron James,Zydrunas Ilgauskas,Beno Udrih,Donte Greene,Ime Udoka,Jason Thompson,Jon Brockman,3,0:01,SAC,turnover,,,,,,,,,,Jason Thompson,,,bad pass,,,,,
Anderson Varejao,Daniel Gibson,Delonte West,LeBron James,Zydrunas Ilgauskas,Beno Udrih,Donte Greene,Ime Udoka,Jason Thompson,Jon Brockman,3,0:00,CLE,shot,Delonte West,,,,,,,,,Anderson Varejao,2,,,made,,jump,5,7
Anderson Varejao,Delonte West,Jamario Moon,Mo Williams,Zydrunas Ilgauskas,Beno Udrih,Ime Udoka,Jason Thompson,Jon Brockman,Omri Casspi,4,11:43,CLE,shot,,,,,,,,,,Delonte West,,,,missed,,jump,22,12
Anderson Varejao,Delonte West,Jamario Moon,Mo Williams,Zydrunas Ilgauskas,Beno Udrih,Ime Udoka,Jason Thompson,Jon Brockman,Omri Casspi,4,11:42,SAC,rebound,,,,,,,,,,Jon Brockman,,,,,,def,,
Anderson Varejao,Delonte West,Jamario Moon,Mo Williams,Zydrunas Ilgauskas,Beno Udrih,Ime Udoka,Jason Thompson,Jon Brockman,Omri Casspi,4,11:26,SAC,shot,,,,,,,,,,Omri Casspi,,,,missed,,3pt,46,18
Anderson Varejao,Delonte West,Jamario Moon,Mo Williams,Zydrunas Ilgauskas,Beno Udrih,Ime Udoka,Jason Thompson,Jon Brockman,Omri Casspi,4,11:26,SAC,rebound,,,,,,,,,,,,,,,,,,
Anderson Varejao,Delonte West,Jamario Moon,Mo Williams,Zydrunas Ilgauskas,Beno Udrih,Ime Udoka,Jason Thompson,Jon Brockman,Omri Casspi,4,11:26,CLE,foul,,,,,,,,Jon Brockman,,Zydrunas Ilgauskas,,,,,,loose ball,,
Anderson Varejao,Delonte West,Jamario Moon,Mo Williams,Zydrunas Ilgauskas,Beno Udrih,Ime Udoka,Jason Thompson,Jon Brockman,Omri Casspi,4,11:17,SAC,shot,,,,,,,,,,Beno Udrih,2,,,made,,fade away jumper,38,12
Anderson Varejao,Delonte West,Jamario Moon,Mo Williams,Zydrunas Ilgauskas,Beno Udrih,Ime Udoka,Jason Thompson,Jon Brockman,Omri Casspi,4,10:53,CLE,turnover,,,,,,,,,,Jamario Moon,,,bad pass,,Omri Casspi,,,
Anderson Varejao,Delonte West,Jamario Moon,Mo Williams,Zydrunas Ilgauskas,Beno Udrih,Ime Udoka,Jason Thompson,Jon Brockman,Omri Casspi,4,10:49,SAC,shot,Jon Brockman,,,,,,,,,Omri Casspi,2,,,made,,dunk,25,6
Anderson Varejao,Delonte West,Jamario Moon,Mo Williams,Zydrunas Ilgauskas,Beno Udrih,Ime Udoka,Jason Thompson,Jon Brockman,Omri Casspi,4,10:26,CLE,shot,,,,,,,,,,Mo Williams,,,,missed,,jump,21,7
Anderson Varejao,Delonte West,Jamario Moon,Mo Williams,Zydrunas Ilgauskas,Beno Udrih,Ime Udoka,Jason Thompson,Jon Brockman,Omri Casspi,4,10:25,CLE,rebound,,,,,,,,,,Zydrunas Ilgauskas,,,,,,off,,
Anderson Varejao,Delonte West,Jamario Moon,Mo Williams,Shaquille O'Neal,Beno Udrih,Ime Udoka,Jason Thompson,Jon Brockman,Omri Casspi,4,10:25,CLE,sub,,,,Shaquille O'Neal,,Zydrunas Ilgauskas,,,,,,,,,,,,
Anderson Varejao,Delonte West,Jamario Moon,Mo Williams,Shaquille O'Neal,Beno Udrih,Ime Udoka,Jon Brockman,Omri Casspi,Spencer Hawes,4,10:25,SAC,sub,,,,Spencer Hawes,,Jason Thompson,,,,,,,,,,,,
Anderson Varejao,Delonte West,Jamario Moon,Mo Williams,Shaquille O'Neal,Beno Udrih,Ime Udoka,Jon Brockman,Omri Casspi,Spencer Hawes,4,10:20,CLE,foul,,,,,,,,Jon Brockman,,Anderson Varejao,,,,,,offensive,,
Anderson Varejao,Delonte West,Jamario Moon,Mo Williams,Shaquille O'Neal,Beno Udrih,Ime Udoka,Jon Brockman,Omri Casspi,Spencer Hawes,4,10:20,CLE,turnover,,,,,,,,,,Anderson Varejao,,,foul,,,,,
Anderson Varejao,Delonte West,Jamario Moon,Mo Williams,Shaquille O'Neal,Beno Udrih,Ime Udoka,Jon Brockman,Omri Casspi,Spencer Hawes,4,10:03,SAC,shot,,,,,,,,,,Beno Udrih,2,,,made,,jump,25,22
Anderson Varejao,Delonte West,Jamario Moon,Mo Williams,Shaquille O'Neal,Beno Udrih,Ime Udoka,Jon Brockman,Omri Casspi,Spencer Hawes,4,9:47,CLE,turnover,,,,,,,,,,Shaquille O'Neal,,,traveling,,,,,
Anderson Varejao,Daniel Gibson,Delonte West,Mo Williams,Shaquille O'Neal,Beno Udrih,Ime Udoka,Jon Brockman,Omri Casspi,Spencer Hawes,4,9:47,CLE,sub,,,,Daniel Gibson,,Jamario Moon,,,,,,,,,,,,
Anderson Varejao,Daniel Gibson,Delonte West,Mo Williams,Shaquille O'Neal,Beno Udrih,Ime Udoka,Jon Brockman,Omri Casspi,Spencer Hawes,4,9:30,SAC,shot,,,,,,,,,,Ime Udoka,,,,missed,,fade away jumper,12,13
Anderson Varejao,Daniel Gibson,Delonte West,Mo Williams,Shaquille O'Neal,Beno Udrih,Ime Udoka,Jon Brockman,Omri Casspi,Spencer Hawes,4,9:29,CLE,rebound,,,,,,,,,,Shaquille O'Neal,,,,,,def,,
Anderson Varejao,Daniel Gibson,Delonte West,Mo Williams,Shaquille O'Neal,Beno Udrih,Ime Udoka,Jon Brockman,Omri Casspi,Spencer Hawes,4,9:21,CLE,shot,,,,,,,,,,Mo Williams,2,,,made,,jump,17,7
Anderson Varejao,Daniel Gibson,Delonte West,Mo Williams,Shaquille O'Neal,Beno Udrih,Ime Udoka,Jon Brockman,Omri Casspi,Spencer Hawes,4,9:21,SAC,foul,,,,,,,,Mo Williams,,Jon Brockman,,,,,,shooting,,
Anderson Varejao,Daniel Gibson,Delonte West,Mo Williams,Shaquille O'Neal,Beno Udrih,Jon Brockman,Omri Casspi,Spencer Hawes,Tyreke Evans,4,9:21,SAC,sub,,,,Tyreke Evans,,Ime Udoka,,,,,,,,,,,,
Anderson Varejao,Daniel Gibson,Delonte West,Mo Williams,Shaquille O'Neal,Beno Udrih,Jon Brockman,Omri Casspi,Spencer Hawes,Tyreke Evans,4,9:21,CLE,free throw,,,,,,,1,,1,Mo Williams,,,foul,made,,,,
Anderson Varejao,Daniel Gibson,Delonte West,Mo Williams,Shaquille O'Neal,Beno Udrih,Jon Brockman,Omri Casspi,Spencer Hawes,Tyreke Evans,4,9:05,SAC,shot,,,,,,,,,,Beno Udrih,,,,missed,,jump,24,23
Anderson Varejao,Daniel Gibson,Delonte West,Mo Williams,Shaquille O'Neal,Beno Udrih,Jon Brockman,Omri Casspi,Spencer Hawes,Tyreke Evans,4,9:05,SAC,rebound,,,,,,,,,,Spencer Hawes,,,,,,off,,
Anderson Varejao,Daniel Gibson,Delonte West,Mo Williams,Shaquille O'Neal,Beno Udrih,Jon Brockman,Omri Casspi,Spencer Hawes,Tyreke Evans,4,9:03,SAC,shot,,,,,,,,,,Spencer Hawes,2,,,made,,hook,29,8
Anderson Varejao,Daniel Gibson,Delonte West,Mo Williams,Shaquille O'Neal,Beno Udrih,Jon Brockman,Omri Casspi,Spencer Hawes,Tyreke Evans,4,8:35,CLE,shot,,,,,,,,,,Delonte West,,,,missed,,jump,27,13
Anderson Varejao,Daniel Gibson,Delonte West,Mo Williams,Shaquille O'Neal,Beno Udrih,Jon Brockman,Omri Casspi,Spencer Hawes,Tyreke Evans,4,8:33,SAC,rebound,,,,,,,,,,Spencer Hawes,,,,,,def,,
Anderson Varejao,Daniel Gibson,Delonte West,Mo Williams,Shaquille O'Neal,Beno Udrih,Jon Brockman,Omri Casspi,Spencer Hawes,Tyreke Evans,4,8:22,SAC,shot,,,,,,,,,,Beno Udrih,2,,,made,,driving reverse layup,25,6
Anderson Varejao,Daniel Gibson,Delonte West,Mo Williams,Shaquille O'Neal,Beno Udrih,Jon Brockman,Omri Casspi,Spencer Hawes,Tyreke Evans,4,8:04,CLE,shot,,,,,,,,,,Mo Williams,3,,,made,,3pt,21,33
Anderson Varejao,Daniel Gibson,Delonte West,Mo Williams,Shaquille O'Neal,Beno Udrih,Jon Brockman,Omri Casspi,Spencer Hawes,Tyreke Evans,4,7:44,CLE,foul,,,,,,,,Tyreke Evans,,Shaquille O'Neal,,,,,,shooting,,
Anderson Varejao,Daniel Gibson,Delonte West,Mo Williams,Shaquille O'Neal,Beno Udrih,Jon Brockman,Omri Casspi,Spencer Hawes,Tyreke Evans,4,7:44,SAC,timeout,,,,,,,,,,,,,,,,official,,
Anderson Varejao,Daniel Gibson,Delonte West,Mo Williams,Shaquille O'Neal,Beno Udrih,Jason Thompson,Omri Casspi,Spencer Hawes,Tyreke Evans,4,7:44,SAC,sub,,,,Jason Thompson,,Jon Brockman,,,,,,,,,,,,
Anderson Varejao,Daniel Gibson,LeBron James,Mo Williams,Shaquille O'Neal,Beno Udrih,Jason Thompson,Omri Casspi,Spencer Hawes,Tyreke Evans,4,7:44,CLE,sub,,,,LeBron James,,Delonte West,,,,,,,,,,,,
Anderson Varejao,Daniel Gibson,LeBron James,Mo Williams,Shaquille O'Neal,Beno Udrih,Jason Thompson,Omri Casspi,Spencer Hawes,Tyreke Evans,4,7:44,SAC,free throw,,,,,,,1,,2,Tyreke Evans,,,foul,made,,,,
Anderson Varejao,Daniel Gibson,LeBron James,Mo Williams,Shaquille O'Neal,Beno Udrih,Jason Thompson,Omri Casspi,Spencer Hawes,Tyreke Evans,4,7:44,SAC,free throw,,,,,,,2,,2,Tyreke Evans,,,foul,made,,,,
Anderson Varejao,Daniel Gibson,LeBron James,Mo Williams,Shaquille O'Neal,Beno Udrih,Jason Thompson,Omri Casspi,Spencer Hawes,Tyreke Evans,4,7:30,CLE,shot,,,,,,,,,,Mo Williams,,,,missed,,3pt,2,11
Anderson Varejao,Daniel Gibson,LeBron James,Mo Williams,Shaquille O'Neal,Beno Udrih,Jason Thompson,Omri Casspi,Spencer Hawes,Tyreke Evans,4,7:29,SAC,rebound,,,,,,,,,,Spencer Hawes,,,,,,def,,
Anderson Varejao,Daniel Gibson,LeBron James,Mo Williams,Shaquille O'Neal,Beno Udrih,Jason Thompson,Omri Casspi,Spencer Hawes,Tyreke Evans,4,7:15,SAC,shot,,,,,,,,,,Tyreke Evans,,,,missed,,fade away jumper,9,10
Anderson Varejao,Daniel Gibson,LeBron James,Mo Williams,Shaquille O'Neal,Beno Udrih,Jason Thompson,Omri Casspi,Spencer Hawes,Tyreke Evans,4,7:14,CLE,rebound,,,,,,,,,,LeBron James,,,,,,def,,
Anderson Varejao,Daniel Gibson,LeBron James,Mo Williams,Shaquille O'Neal,Beno Udrih,Jason Thompson,Omri Casspi,Spencer Hawes,Tyreke Evans,4,7:04,CLE,shot,LeBron James,,,,,,,,,Shaquille O'Neal,2,,,made,,dunk,25,6
Anderson Varejao,Daniel Gibson,LeBron James,Mo Williams,Shaquille O'Neal,Beno Udrih,Jason Thompson,Omri Casspi,Spencer Hawes,Tyreke Evans,4,7:03,SAC,timeout,,,,,,,,,,,,,,,,regular,,
Anderson Varejao,Daniel Gibson,LeBron James,Mo Williams,Shaquille O'Neal,Beno Udrih,Jason Thompson,Omri Casspi,Spencer Hawes,Tyreke Evans,4,6:52,SAC,shot,,,,,,,,,,Tyreke Evans,,,,missed,,layup,25,6
Anderson Varejao,Daniel Gibson,LeBron James,Mo Williams,Shaquille O'Neal,Beno Udrih,Jason Thompson,Omri Casspi,Spencer Hawes,Tyreke Evans,4,6:52,SAC,rebound,,,,,,,,,,Spencer Hawes,,,,,,off,,
Anderson Varejao,Daniel Gibson,LeBron James,Mo Williams,Shaquille O'Neal,Beno Udrih,Jason Thompson,Omri Casspi,Spencer Hawes,Tyreke Evans,4,6:52,CLE,foul,,,,,,,,Spencer Hawes,,Daniel Gibson,,,,,,shooting,,
Anderson Varejao,Daniel Gibson,LeBron James,Mo Williams,Shaquille O'Neal,Beno Udrih,Jason Thompson,Omri Casspi,Spencer Hawes,Tyreke Evans,4,6:52,SAC,free throw,,,,,,,1,,2,Spencer Hawes,,,foul,made,,,,
Anderson Varejao,Daniel Gibson,LeBron James,Mo Williams,Shaquille O'Neal,Beno Udrih,Jason Thompson,Omri Casspi,Spencer Hawes,Tyreke Evans,4,6:52,SAC,free throw,,,,,,,2,,2,Spencer Hawes,,,foul,missed,,,,
Anderson Varejao,Daniel Gibson,LeBron James,Mo Williams,Shaquille O'Neal,Beno Udrih,Jason Thompson,Omri Casspi,Spencer Hawes,Tyreke Evans,4,6:50,CLE,rebound,,,,,,,,,,LeBron James,,,,,,def,,
Anderson Varejao,Daniel Gibson,LeBron James,Mo Williams,Shaquille O'Neal,Beno Udrih,Jason Thompson,Omri Casspi,Spencer Hawes,Tyreke Evans,4,6:32,SAC,foul,,,,,,,,LeBron James,,Omri Casspi,,,,,,shooting,,
Anderson Varejao,Daniel Gibson,LeBron James,Mo Williams,Shaquille O'Neal,Beno Udrih,Jason Thompson,Omri Casspi,Spencer Hawes,Tyreke Evans,4,6:32,CLE,free throw,,,,,,,1,,2,LeBron James,,,foul,missed,,,,
Anderson Varejao,Daniel Gibson,LeBron James,Mo Williams,Shaquille O'Neal,Beno Udrih,Jason Thompson,Omri Casspi,Spencer Hawes,Tyreke Evans,4,6:32,CLE,rebound,,,,,,,,,,,,,,,,,,
Anderson Varejao,Anthony Parker,LeBron James,Mo Williams,Shaquille O'Neal,Beno Udrih,Jason Thompson,Omri Casspi,Spencer Hawes,Tyreke Evans,4,6:32,CLE,sub,,,,Anthony Parker,,Daniel Gibson,,,,,,,,,,,,
Anderson Varejao,Anthony Parker,LeBron James,Mo Williams,Shaquille O'Neal,Beno Udrih,Jason Thompson,Omri Casspi,Spencer Hawes,Tyreke Evans,4,6:32,CLE,free throw,,,,,,,2,,2,LeBron James,,,foul,made,,,,
Anderson Varejao,Anthony Parker,LeBron James,Mo Williams,Shaquille O'Neal,Beno Udrih,Jason Thompson,Omri Casspi,Spencer Hawes,Tyreke Evans,4,6:08,SAC,shot,,,,,,,,,,Tyreke Evans,,,,missed,,3pt,11,26
Anderson Varejao,Anthony Parker,LeBron James,Mo Williams,Shaquille O'Neal,Beno Udrih,Jason Thompson,Omri Casspi,Spencer Hawes,Tyreke Evans,4,6:06,SAC,rebound,,,,,,,,,,Jason Thompson,,,,,,off,,
Anderson Varejao,Anthony Parker,LeBron James,Mo Williams,Shaquille O'Neal,Beno Udrih,Jason Thompson,Omri Casspi,Spencer Hawes,Tyreke Evans,4,5:47,SAC,timeout,,,,,,,,,,,,,,,,short,,
Anderson Varejao,Anthony Parker,LeBron James,Mo Williams,Zydrunas Ilgauskas,Beno Udrih,Jason Thompson,Omri Casspi,Spencer Hawes,Tyreke Evans,4,5:47,CLE,sub,,,,Zydrunas Ilgauskas,,Shaquille O'Neal,,,,,,,,,,,,
Anderson Varejao,Anthony Parker,LeBron James,Mo Williams,Zydrunas Ilgauskas,Beno Udrih,Jason Thompson,Omri Casspi,Spencer Hawes,Tyreke Evans,4,5:41,SAC,shot,,,,,,,,,,Jason Thompson,,,,missed,,fade away jumper,24,21
Anderson Varejao,Anthony Parker,LeBron James,Mo Williams,Zydrunas Ilgauskas,Beno Udrih,Jason Thompson,Omri Casspi,Spencer Hawes,Tyreke Evans,4,5:40,CLE,rebound,,,,,,,,,,LeBron James,,,,,,def,,
Anderson Varejao,Anthony Parker,LeBron James,Mo Williams,Zydrunas Ilgauskas,Beno Udrih,Jason Thompson,Omri Casspi,Spencer Hawes,Tyreke Evans,4,5:22,CLE,shot,,,,,,,,,,Zydrunas Ilgauskas,,,,missed,,jump,42,13
Anderson Varejao,Anthony Parker,LeBron James,Mo Williams,Zydrunas Ilgauskas,Beno Udrih,Jason Thompson,Omri Casspi,Spencer Hawes,Tyreke Evans,4,5:20,CLE,rebound,,,,,,,,,,Anderson Varejao,,,,,,off,,
Anderson Varejao,Anthony Parker,LeBron James,Mo Williams,Zydrunas Ilgauskas,Beno Udrih,Jason Thompson,Omri Casspi,Spencer Hawes,Tyreke Evans,4,5:06,CLE,shot,,,Tyreke Evans,,,,,,,Anderson Varejao,,,,missed,,jump,16,8
Anderson Varejao,Anthony Parker,LeBron James,Mo Williams,Zydrunas Ilgauskas,Beno Udrih,Jason Thompson,Omri Casspi,Spencer Hawes,Tyreke Evans,4,5:04,SAC,rebound,,,,,,,,,,Tyreke Evans,,,,,,def,,
Anderson Varejao,Anthony Parker,LeBron James,Mo Williams,Zydrunas Ilgauskas,Beno Udrih,Jason Thompson,Omri Casspi,Spencer Hawes,Tyreke Evans,4,4:42,SAC,shot,,,,,,,,,,Beno Udrih,,,,missed,,3pt,17,30
Anderson Varejao,Anthony Parker,LeBron James,Mo Williams,Zydrunas Ilgauskas,Beno Udrih,Jason Thompson,Omri Casspi,Spencer Hawes,Tyreke Evans,4,4:42,CLE,rebound,,,,,,,,,,Zydrunas Ilgauskas,,,,,,def,,
Anderson Varejao,Anthony Parker,LeBron James,Mo Williams,Zydrunas Ilgauskas,Beno Udrih,Jason Thompson,Omri Casspi,Spencer Hawes,Tyreke Evans,4,4:42,SAC,foul,,,,,,,,Zydrunas Ilgauskas,,Jason Thompson,,,,,,personal,,
Anderson Varejao,Anthony Parker,LeBron James,Mo Williams,Zydrunas Ilgauskas,Beno Udrih,Jason Thompson,Omri Casspi,Spencer Hawes,Tyreke Evans,4,4:31,CLE,shot,Anderson Varejao,,,,,,,,,Zydrunas Ilgauskas,2,,,made,,jump,26,11
Anderson Varejao,Anthony Parker,LeBron James,Mo Williams,Zydrunas Ilgauskas,Beno Udrih,Jason Thompson,Omri Casspi,Spencer Hawes,Tyreke Evans,4,4:07,SAC,shot,Beno Udrih,,,,,,,,,Jason Thompson,2,,,made,,jump,25,10
Anderson Varejao,Anthony Parker,LeBron James,Mo Williams,Zydrunas Ilgauskas,Beno Udrih,Jason Thompson,Omri Casspi,Spencer Hawes,Tyreke Evans,4,3:52,CLE,shot,,,,,,,,,,LeBron James,,,,missed,,jump,23,12
Anderson Varejao,Anthony Parker,LeBron James,Mo Williams,Zydrunas Ilgauskas,Beno Udrih,Jason Thompson,Omri Casspi,Spencer Hawes,Tyreke Evans,4,3:50,CLE,rebound,,,,,,,,,,LeBron James,,,,,,off,,
Anderson Varejao,Anthony Parker,LeBron James,Mo Williams,Zydrunas Ilgauskas,Beno Udrih,Jason Thompson,Omri Casspi,Spencer Hawes,Tyreke Evans,4,3:50,CLE,shot,,,,,,,,,,LeBron James,,,,missed,,layup,25,6
Anderson Varejao,Anthony Parker,LeBron James,Mo Williams,Zydrunas Ilgauskas,Beno Udrih,Jason Thompson,Omri Casspi,Spencer Hawes,Tyreke Evans,4,3:50,CLE,rebound,,,,,,,,,,LeBron James,,,,,,off,,
Anderson Varejao,Anthony Parker,LeBron James,Mo Williams,Zydrunas Ilgauskas,Beno Udrih,Jason Thompson,Omri Casspi,Spencer Hawes,Tyreke Evans,4,3:50,CLE,shot,,,,,,,,,,LeBron James,,,,missed,,tip,25,6
Anderson Varejao,Anthony Parker,LeBron James,Mo Williams,Zydrunas Ilgauskas,Beno Udrih,Jason Thompson,Omri Casspi,Spencer Hawes,Tyreke Evans,4,3:50,CLE,rebound,,,,,,,,,,,,,,,,,,
Anderson Varejao,Anthony Parker,LeBron James,Mo Williams,Zydrunas Ilgauskas,Beno Udrih,Jason Thompson,Omri Casspi,Spencer Hawes,Tyreke Evans,4,3:50,CLE,jump ball,,LeBron James,,,Spencer Hawes,,,,,,,Mo Williams,,,,,,
Anderson Varejao,Anthony Parker,LeBron James,Mo Williams,Zydrunas Ilgauskas,Beno Udrih,Jason Thompson,Omri Casspi,Spencer Hawes,Tyreke Evans,4,3:29,CLE,shot,,,,,,,,,,Mo Williams,2,,,made,,jump,37,21
Anderson Varejao,Anthony Parker,LeBron James,Mo Williams,Zydrunas Ilgauskas,Beno Udrih,Jason Thompson,Omri Casspi,Spencer Hawes,Tyreke Evans,4,3:10,SAC,shot,,,,,,,,,,Tyreke Evans,,,,missed,,3pt,17,29
Anderson Varejao,Anthony Parker,LeBron James,Mo Williams,Zydrunas Ilgauskas,Beno Udrih,Jason Thompson,Omri Casspi,Spencer Hawes,Tyreke Evans,4,3:09,CLE,rebound,,,,,,,,,,LeBron James,,,,,,def,,
Anderson Varejao,Anthony Parker,LeBron James,Mo Williams,Zydrunas Ilgauskas,Beno Udrih,Jason Thompson,Omri Casspi,Spencer Hawes,Tyreke Evans,4,2:47,CLE,shot,,,,,,,,,,LeBron James,,,,missed,,jump,15,26
Anderson Varejao,Anthony Parker,LeBron James,Mo Williams,Zydrunas Ilgauskas,Beno Udrih,Jason Thompson,Omri Casspi,Spencer Hawes,Tyreke Evans,4,2:46,SAC,rebound,,,,,,,,,,Omri Casspi,,,,,,def,,
Anderson Varejao,Anthony Parker,LeBron James,Mo Williams,Zydrunas Ilgauskas,Beno Udrih,Jason Thompson,Omri Casspi,Spencer Hawes,Tyreke Evans,4,2:37,SAC,shot,Tyreke Evans,,,,,,,,,Jason Thompson,2,,,made,,jump,18,8
Anderson Varejao,Anthony Parker,LeBron James,Mo Williams,Zydrunas Ilgauskas,Beno Udrih,Jason Thompson,Omri Casspi,Spencer Hawes,Tyreke Evans,4,2:37,CLE,foul,,,,,,,,Jason Thompson,,Anthony Parker,,,,,,shooting,,
Anderson Varejao,Anthony Parker,LeBron James,Mo Williams,Zydrunas Ilgauskas,Beno Udrih,Jason Thompson,Omri Casspi,Spencer Hawes,Tyreke Evans,4,2:37,CLE,timeout,,,,,,,,,,,,,,,,regular,,
Anderson Varejao,Anthony Parker,LeBron James,Mo Williams,Zydrunas Ilgauskas,Beno Udrih,Jason Thompson,Omri Casspi,Spencer Hawes,Tyreke Evans,4,2:37,SAC,free throw,,,,,,,1,,1,Jason Thompson,,,foul,missed,,,,
Anderson Varejao,Anthony Parker,LeBron James,Mo Williams,Zydrunas Ilgauskas,Beno Udrih,Jason Thompson,Omri Casspi,Spencer Hawes,Tyreke Evans,4,2:36,CLE,rebound,,,,,,,,,,LeBron James,,,,,,def,,
Anderson Varejao,Anthony Parker,LeBron James,Mo Williams,Zydrunas Ilgauskas,Beno Udrih,Jason Thompson,Omri Casspi,Spencer Hawes,Tyreke Evans,4,2:18,CLE,shot,,,,,,,,,,Mo Williams,,,,missed,,3pt,1,8
Anderson Varejao,Anthony Parker,LeBron James,Mo Williams,Zydrunas Ilgauskas,Beno Udrih,Jason Thompson,Omri Casspi,Spencer Hawes,Tyreke Evans,4,2:16,SAC,rebound,,,,,,,,,,Omri Casspi,,,,,,def,,
Anderson Varejao,Anthony Parker,LeBron James,Mo Williams,Zydrunas Ilgauskas,Beno Udrih,Jason Thompson,Omri Casspi,Spencer Hawes,Tyreke Evans,4,1:52,SAC,shot,,,,,,,,,,Tyreke Evans,,,,missed,,jump hook,23,10
Anderson Varejao,Anthony Parker,LeBron James,Mo Williams,Zydrunas Ilgauskas,Beno Udrih,Jason Thompson,Omri Casspi,Spencer Hawes,Tyreke Evans,4,1:51,CLE,rebound,,,,,,,,,,LeBron James,,,,,,def,,
Anderson Varejao,Anthony Parker,LeBron James,Mo Williams,Zydrunas Ilgauskas,Beno Udrih,Jason Thompson,Omri Casspi,Spencer Hawes,Tyreke Evans,4,1:42,CLE,shot,LeBron James,,,,,,,,,Zydrunas Ilgauskas,2,,,made,,jump,13,24
Anderson Varejao,Anthony Parker,LeBron James,Mo Williams,Zydrunas Ilgauskas,Beno Udrih,Jason Thompson,Omri Casspi,Spencer Hawes,Tyreke Evans,4,1:21,SAC,shot,,,Anthony Parker,,,,,,,Spencer Hawes,,,,missed,,jump,31,8
Anderson Varejao,Anthony Parker,LeBron James,Mo Williams,Zydrunas Ilgauskas,Beno Udrih,Jason Thompson,Omri Casspi,Spencer Hawes,Tyreke Evans,4,1:21,SAC,rebound,,,,,,,,,,,,,,,,,,
Anderson Varejao,Anthony Parker,LeBron James,Mo Williams,Zydrunas Ilgauskas,Beno Udrih,Jason Thompson,Omri Casspi,Spencer Hawes,Tyreke Evans,4,1:21,SAC,timeout,,,,,,,,,,,,,,,,regular,,
Anderson Varejao,Anthony Parker,LeBron James,Mo Williams,Zydrunas Ilgauskas,Beno Udrih,Jason Thompson,Omri Casspi,Spencer Hawes,Tyreke Evans,4,1:16,SAC,shot,,,,,,,,,,Jason Thompson,,,,missed,,jump,41,7
Anderson Varejao,Anthony Parker,LeBron James,Mo Williams,Zydrunas Ilgauskas,Beno Udrih,Jason Thompson,Omri Casspi,Spencer Hawes,Tyreke Evans,4,1:15,CLE,rebound,,,,,,,,,,LeBron James,,,,,,def,,
Anderson Varejao,Anthony Parker,LeBron James,Mo Williams,Zydrunas Ilgauskas,Beno Udrih,Jason Thompson,Omri Casspi,Spencer Hawes,Tyreke Evans,4,1:07,SAC,foul,,,,,,,,Zydrunas Ilgauskas,,Omri Casspi,,,,,,personal,,
Anderson Varejao,Anthony Parker,LeBron James,Mo Williams,Zydrunas Ilgauskas,Beno Udrih,Jason Thompson,Omri Casspi,Spencer Hawes,Tyreke Evans,4,0:52,CLE,shot,,,,,,,,,,Mo Williams,,,,missed,,jump,43,11
Anderson Varejao,Anthony Parker,LeBron James,Mo Williams,Zydrunas Ilgauskas,Beno Udrih,Jason Thompson,Omri Casspi,Spencer Hawes,Tyreke Evans,4,0:51,SAC,rebound,,,,,,,,,,Jason Thompson,,,,,,def,,
Anderson Varejao,Anthony Parker,LeBron James,Mo Williams,Zydrunas Ilgauskas,Beno Udrih,Jason Thompson,Omri Casspi,Spencer Hawes,Tyreke Evans,4,0:38,SAC,shot,,,,,,,,,,Tyreke Evans,2,,,made,,driving layup,25,6
Anderson Varejao,Anthony Parker,LeBron James,Mo Williams,Zydrunas Ilgauskas,Beno Udrih,Jason Thompson,Omri Casspi,Spencer Hawes,Tyreke Evans,4,0:14,CLE,shot,,,,,,,,,,LeBron James,,,,missed,,jump,24,28
Anderson Varejao,Anthony Parker,LeBron James,Mo Williams,Zydrunas Ilgauskas,Beno Udrih,Jason Thompson,Omri Casspi,Spencer Hawes,Tyreke Evans,4,0:13,SAC,rebound,,,,,,,,,,Spencer Hawes,,,,,,def,,
Anderson Varejao,Anthony Parker,LeBron James,Mo Williams,Zydrunas Ilgauskas,Beno Udrih,Jason Thompson,Omri Casspi,Spencer Hawes,Tyreke Evans,5,5:00,SAC,sub,,,,Jason Thompson,,Jon Brockman,,,,,,,,,,,,
Anderson Varejao,Anthony Parker,LeBron James,Mo Williams,Zydrunas Ilgauskas,Beno Udrih,Jason Thompson,Omri Casspi,Spencer Hawes,Tyreke Evans,5,5:00,OFF,jump ball,,Zydrunas Ilgauskas,,,Spencer Hawes,,,,,,,Spencer Hawes,,,,,,
Anderson Varejao,Anthony Parker,LeBron James,Mo Williams,Zydrunas Ilgauskas,Beno Udrih,Jason Thompson,Omri Casspi,Spencer Hawes,Tyreke Evans,5,4:42,SAC,turnover,,,,,,,,,,Spencer Hawes,,,traveling,,,,,
Anderson Varejao,Anthony Parker,LeBron James,Mo Williams,Zydrunas Ilgauskas,Beno Udrih,Jason Thompson,Omri Casspi,Spencer Hawes,Tyreke Evans,5,4:20,CLE,shot,,,,,,,,,,Anthony Parker,2,,,made,,jump,5,12
Anderson Varejao,Anthony Parker,LeBron James,Mo Williams,Zydrunas Ilgauskas,Beno Udrih,Jason Thompson,Omri Casspi,Spencer Hawes,Tyreke Evans,5,3:55,SAC,shot,,,Zydrunas Ilgauskas,,,,,,,Beno Udrih,,,,missed,,jump,35,23
Anderson Varejao,Anthony Parker,LeBron James,Mo Williams,Zydrunas Ilgauskas,Beno Udrih,Jason Thompson,Omri Casspi,Spencer Hawes,Tyreke Evans,5,3:53,CLE,rebound,,,,,,,,,,Anthony Parker,,,,,,def,,
Anderson Varejao,Anthony Parker,LeBron James,Mo Williams,Zydrunas Ilgauskas,Beno Udrih,Jason Thompson,Omri Casspi,Spencer Hawes,Tyreke Evans,5,3:29,CLE,shot,,,,,,,,,,Mo Williams,,,,missed,,jump,13,24
Anderson Varejao,Anthony Parker,LeBron James,Mo Williams,Zydrunas Ilgauskas,Beno Udrih,Jason Thompson,Omri Casspi,Spencer Hawes,Tyreke Evans,5,3:28,CLE,rebound,,,,,,,,,,Anderson Varejao,,,,,,off,,
Anderson Varejao,Anthony Parker,LeBron James,Mo Williams,Zydrunas Ilgauskas,Beno Udrih,Jason Thompson,Omri Casspi,Spencer Hawes,Tyreke Evans,5,3:28,CLE,shot,,,,,,,,,,Anderson Varejao,,,,missed,,tip,25,6
Anderson Varejao,Anthony Parker,LeBron James,Mo Williams,Zydrunas Ilgauskas,Beno Udrih,Jason Thompson,Omri Casspi,Spencer Hawes,Tyreke Evans,5,3:27,SAC,rebound,,,,,,,,,,Beno Udrih,,,,,,def,,
Anderson Varejao,Anthony Parker,LeBron James,Mo Williams,Zydrunas Ilgauskas,Beno Udrih,Jason Thompson,Omri Casspi,Spencer Hawes,Tyreke Evans,5,3:07,SAC,shot,,,,,,,,,,Tyreke Evans,,,,missed,,fade away jumper,7,7
Anderson Varejao,Anthony Parker,LeBron James,Mo Williams,Zydrunas Ilgauskas,Beno Udrih,Jason Thompson,Omri Casspi,Spencer Hawes,Tyreke Evans,5,3:06,CLE,rebound,,,,,,,,,,Zydrunas Ilgauskas,,,,,,def,,
Anderson Varejao,Anthony Parker,LeBron James,Mo Williams,Zydrunas Ilgauskas,Beno Udrih,Jason Thompson,Omri Casspi,Spencer Hawes,Tyreke Evans,5,2:50,CLE,shot,,,,,,,,,,LeBron James,,,,missed,,layup,25,6
Anderson Varejao,Anthony Parker,LeBron James,Mo Williams,Zydrunas Ilgauskas,Beno Udrih,Jason Thompson,Omri Casspi,Spencer Hawes,Tyreke Evans,5,2:49,CLE,rebound,,,,,,,,,,LeBron James,,,,,,off,,
Anderson Varejao,Anthony Parker,LeBron James,Mo Williams,Zydrunas Ilgauskas,Beno Udrih,Jason Thompson,Omri Casspi,Spencer Hawes,Tyreke Evans,5,2:48,CLE,shot,,,Spencer Hawes,,,,,,,LeBron James,,,,missed,,layup,25,6
Anderson Varejao,Anthony Parker,LeBron James,Mo Williams,Zydrunas Ilgauskas,Beno Udrih,Jason Thompson,Omri Casspi,Spencer Hawes,Tyreke Evans,5,2:47,CLE,rebound,,,,,,,,,,LeBron James,,,,,,off,,
Anderson Varejao,Anthony Parker,LeBron James,Mo Williams,Zydrunas Ilgauskas,Beno Udrih,Jason Thompson,Omri Casspi,Spencer Hawes,Tyreke Evans,5,2:46,CLE,shot,,,,,,,,,,LeBron James,2,,,made,,layup,25,6
Anderson Varejao,Anthony Parker,LeBron James,Mo Williams,Zydrunas Ilgauskas,Beno Udrih,Jason Thompson,Omri Casspi,Spencer Hawes,Tyreke Evans,5,2:46,SAC,timeout,,,,,,,,,,,,,,,,regular,,
Anderson Varejao,Anthony Parker,LeBron James,Mo Williams,Zydrunas Ilgauskas,Beno Udrih,Jason Thompson,Omri Casspi,Spencer Hawes,Tyreke Evans,5,2:28,SAC,shot,,,,,,,,,,Omri Casspi,,,,missed,,jump,29,12
Anderson Varejao,Anthony Parker,LeBron James,Mo Williams,Zydrunas Ilgauskas,Beno Udrih,Jason Thompson,Omri Casspi,Spencer Hawes,Tyreke Evans,5,2:27,CLE,rebound,,,,,,,,,,Anderson Varejao,,,,,,def,,
Anderson Varejao,Anthony Parker,LeBron James,Mo Williams,Zydrunas Ilgauskas,Beno Udrih,Jason Thompson,Omri Casspi,Spencer Hawes,Tyreke Evans,5,2:11,CLE,shot,LeBron James,,,,,,,,,Zydrunas Ilgauskas,3,,,made,,3pt,1,8
Anderson Varejao,Anthony Parker,LeBron James,Mo Williams,Zydrunas Ilgauskas,Beno Udrih,Jason Thompson,Omri Casspi,Spencer Hawes,Tyreke Evans,5,1:49,SAC,shot,,,,,,,,,,Omri Casspi,,,,missed,,running jump,19,10
Anderson Varejao,Anthony Parker,LeBron James,Mo Williams,Zydrunas Ilgauskas,Beno Udrih,Jason Thompson,Omri Casspi,Spencer Hawes,Tyreke Evans,5,1:48,CLE,rebound,,,,,,,,,,Zydrunas Ilgauskas,,,,,,def,,
Anderson Varejao,Anthony Parker,LeBron James,Mo Williams,Zydrunas Ilgauskas,Beno Udrih,Jason Thompson,Omri Casspi,Spencer Hawes,Tyreke Evans,5,1:24,CLE,shot,,,,,,,,,,LeBron James,,,,missed,,3pt,20,30
Anderson Varejao,Anthony Parker,LeBron James,Mo Williams,Zydrunas Ilgauskas,Beno Udrih,Jason Thompson,Omri Casspi,Spencer Hawes,Tyreke Evans,5,1:23,SAC,rebound,,,,,,,,,,Spencer Hawes,,,,,,def,,
Anderson Varejao,Anthony Parker,LeBron James,Mo Williams,Zydrunas Ilgauskas,Beno Udrih,Jason Thompson,Omri Casspi,Spencer Hawes,Tyreke Evans,5,1:12,SAC,shot,,,,,,,,,,Beno Udrih,,,,missed,,3pt,16,29
Anderson Varejao,Anthony Parker,LeBron James,Mo Williams,Zydrunas Ilgauskas,Beno Udrih,Jason Thompson,Omri Casspi,Spencer Hawes,Tyreke Evans,5,1:11,CLE,rebound,,,,,,,,,,Zydrunas Ilgauskas,,,,,,def,,
Anderson Varejao,Anthony Parker,LeBron James,Mo Williams,Zydrunas Ilgauskas,Beno Udrih,Jason Thompson,Omri Casspi,Spencer Hawes,Tyreke Evans,5,0:53,CLE,shot,Anthony Parker,,,,,,,,,Zydrunas Ilgauskas,3,,,made,,3pt,2,9
Anderson Varejao,Anthony Parker,LeBron James,Mo Williams,Zydrunas Ilgauskas,Beno Udrih,Jason Thompson,Omri Casspi,Spencer Hawes,Tyreke Evans,5,0:39,SAC,shot,,,,,,,,,,Tyreke Evans,,,,missed,,3pt,16,29
Anderson Varejao,Anthony Parker,LeBron James,Mo Williams,Zydrunas Ilgauskas,Beno Udrih,Jason Thompson,Omri Casspi,Spencer Hawes,Tyreke Evans,5,0:38,CLE,rebound,,,,,,,,,,Anderson Varejao,,,,,,def,,
Anderson Varejao,Anthony Parker,LeBron James,Mo Williams,Zydrunas Ilgauskas,Beno Udrih,Jason Thompson,Omri Casspi,Spencer Hawes,Tyreke Evans,5,0:14,CLE,shot,LeBron James,,,,,,,,,Zydrunas Ilgauskas,3,,,made,,3pt,2,8
Anderson Varejao,Anthony Parker,LeBron James,Mo Williams,Zydrunas Ilgauskas,Beno Udrih,Jason Thompson,Omri Casspi,Spencer Hawes,Tyreke Evans,5,0:06,SAC,shot,,,,,,,,,,Omri Casspi,,,,missed,,3pt,40,25
Anderson Varejao,Anthony Parker,LeBron James,Mo Williams,Zydrunas Ilgauskas,Beno Udrih,Jason Thompson,Omri Casspi,Spencer Hawes,Tyreke Evans,5,0:05,CLE,rebound,,,,,,,,,,LeBron James,,,,,,def,,
