a1,a2,a3,a4,a5,h1,h2,h3,h4,h5,period,time,team,etype,assist,away,block,entered,home,left,num,opponent,outof,player,points,possession,reason,result,steal,type,x,y
Brendan Haywood,Caron Butler,Fabricio Oberto,Gilbert Arenas,Nick Young,Brandon Rush,Dahntay Jones,Danny Granger,Roy Hibbert,T.J. Ford,1,12:00,OFF,jump ball,,Brendan Haywood,,,Roy Hibbert,,,,,,,Nick Young,,,,,,
Brendan Haywood,Caron Butler,Fabricio Oberto,Gilbert Arenas,Nick Young,Brandon Rush,Dahntay Jones,Danny Granger,Roy Hibbert,T.J. Ford,1,11:45,WAS,shot,Gilbert Arenas,,,,,,,,,Caron Butler,2,,,made,,jump,25,27
Brendan Haywood,Caron Butler,Fabricio Oberto,Gilbert Arenas,Nick Young,Brandon Rush,Dahntay Jones,Danny Granger,Roy Hibbert,T.J. Ford,1,11:18,IND,shot,,,,,,,,,,Roy Hibbert,2,,,made,,jump hook,29,15
Brendan Haywood,Caron Butler,Fabricio Oberto,Gilbert Arenas,Nick Young,Brandon Rush,Dahntay Jones,Danny Granger,Roy Hibbert,T.J. Ford,1,11:04,WAS,shot,Fabricio Oberto,,,,,,,,,Nick Young,3,,,made,,3pt,49,7
Brendan Haywood,Caron Butler,Fabricio Oberto,Gilbert Arenas,Nick Young,Brandon Rush,Dahntay Jones,Danny Granger,Roy Hibbert,T.J. Ford,1,10:55,IND,shot,,,Nick Young,,,,,,,T.J. Ford,,,,missed,,layup,24,7
Brendan Haywood,Caron Butler,Fabricio Oberto,Gilbert Arenas,Nick Young,Brandon Rush,Dahntay Jones,Danny Granger,Roy Hibbert,T.J. Ford,1,10:54,WAS,rebound,,,,,,,,,,Brendan Haywood,,,,,,def,,
Brendan Haywood,Caron Butler,Fabricio Oberto,Gilbert Arenas,Nick Young,Brandon Rush,Dahntay Jones,Danny Granger,Roy Hibbert,T.J. Ford,1,10:48,WAS,shot,,,,,,,,,,Caron Butler,,,,missed,,3pt,36,30
Brendan Haywood,Caron Butler,Fabricio Oberto,Gilbert Arenas,Nick Young,Brandon Rush,Dahntay Jones,Danny Granger,Roy Hibbert,T.J. Ford,1,10:47,IND,rebound,,,,,,,,,,Roy Hibbert,,,,,,def,,
Brendan Haywood,Caron Butler,Fabricio Oberto,Gilbert Arenas,Nick Young,Brandon Rush,Dahntay Jones,Danny Granger,Roy Hibbert,T.J. Ford,1,10:39,IND,shot,Danny Granger,,,,,,,,,Roy Hibbert,2,,,made,,jump,23,26
Brendan Haywood,Caron Butler,Fabricio Oberto,Gilbert Arenas,Nick Young,Brandon Rush,Dahntay Jones,Danny Granger,Roy Hibbert,T.J. Ford,1,10:23,WAS,shot,Gilbert Arenas,,,,,,,,,Fabricio Oberto,2,,,made,,layup,27,7
Brendan Haywood,Caron Butler,Fabricio Oberto,Gilbert Arenas,Nick Young,Brandon Rush,Dahntay Jones,Danny Granger,Roy Hibbert,T.J. Ford,1,10:08,IND,shot,,,,,,,,,,Danny Granger,,,,missed,,jump,43,17
Brendan Haywood,Caron Butler,Fabricio Oberto,Gilbert Arenas,Nick Young,Brandon Rush,Dahntay Jones,Danny Granger,Roy Hibbert,T.J. Ford,1,10:07,WAS,rebound,,,,,,,,,,Gilbert Arenas,,,,,,def,,
Brendan Haywood,Caron Butler,Fabricio Oberto,Gilbert Arenas,Nick Young,Brandon Rush,Dahntay Jones,Danny Granger,Roy Hibbert,T.J. Ford,1,9:47,WAS,turnover,,,,,,,,,,Caron Butler,,,bad pass,,Danny Granger,,,
Brendan Haywood,Caron Butler,Fabricio Oberto,Gilbert Arenas,Nick Young,Brandon Rush,Dahntay Jones,Danny Granger,Roy Hibbert,T.J. Ford,1,9:41,IND,shot,Danny Granger,,,,,,,,,Dahntay Jones,2,,,made,,layup,24,8
Brendan Haywood,Caron Butler,Fabricio Oberto,Gilbert Arenas,Nick Young,Brandon Rush,Dahntay Jones,Danny Granger,Roy Hibbert,T.J. Ford,1,9:23,WAS,shot,,,,,,,,,,Nick Young,,,,missed,,jump,8,8
Brendan Haywood,Caron Butler,Fabricio Oberto,Gilbert Arenas,Nick Young,Brandon Rush,Dahntay Jones,Danny Granger,Roy Hibbert,T.J. Ford,1,9:22,IND,rebound,,,,,,,,,,Dahntay Jones,,,,,,def,,
Brendan Haywood,Caron Butler,Fabricio Oberto,Gilbert Arenas,Nick Young,Brandon Rush,Dahntay Jones,Danny Granger,Roy Hibbert,T.J. Ford,1,9:15,IND,shot,,,,,,,,,,Brandon Rush,,,,missed,,3pt,25,32
Brendan Haywood,Caron Butler,Fabricio Oberto,Gilbert Arenas,Nick Young,Brandon Rush,Dahntay Jones,Danny Granger,Roy Hibbert,T.J. Ford,1,9:14,WAS,rebound,,,,,,,,,,Caron Butler,,,,,,def,,
Brendan Haywood,Caron Butler,Fabricio Oberto,Gilbert Arenas,Nick Young,Brandon Rush,Dahntay Jones,Danny Granger,Roy Hibbert,T.J. Ford,1,9:06,WAS,shot,,,Roy Hibbert,,,,,,,Brendan Haywood,,,,missed,,jump,27,9
Brendan Haywood,Caron Butler,Fabricio Oberto,Gilbert Arenas,Nick Young,Brandon Rush,Dahntay Jones,Danny Granger,Roy Hibbert,T.J. Ford,1,9:05,IND,rebound,,,,,,,,,,Dahntay Jones,,,,,,def,,
Brendan Haywood,Caron Butler,Fabricio Oberto,Gilbert Arenas,Nick Young,Brandon Rush,Dahntay Jones,Danny Granger,Roy Hibbert,T.J. Ford,1,9:00,IND,shot,Dahntay Jones,,,,,,,,,T.J. Ford,2,,,made,,reverse layup,25,7
Brendan Haywood,Caron Butler,Fabricio Oberto,Gilbert Arenas,Nick Young,Brandon Rush,Dahntay Jones,Danny Granger,Roy Hibbert,T.J. Ford,1,8:34,WAS,turnover,,,,,,,,,,Fabricio Oberto,,,lost ball,,Danny Granger,,,
Brendan Haywood,Caron Butler,Fabricio Oberto,Gilbert Arenas,Nick Young,Brandon Rush,Dahntay Jones,Danny Granger,Roy Hibbert,T.J. Ford,1,8:22,IND,shot,,,,,,,,,,Danny Granger,,,,missed,,jump,26,16
Brendan Haywood,Caron Butler,Fabricio Oberto,Gilbert Arenas,Nick Young,Brandon Rush,Dahntay Jones,Danny Granger,Roy Hibbert,T.J. Ford,1,8:21,IND,rebound,,,,,,,,,,Roy Hibbert,,,,,,off,,
Brendan Haywood,Caron Butler,Fabricio Oberto,Gilbert Arenas,Nick Young,Brandon Rush,Dahntay Jones,Danny Granger,Roy Hibbert,T.J. Ford,1,8:21,IND,shot,,,,,,,,,,Roy Hibbert,2,,,made,,tip,25,8
Brendan Haywood,Caron Butler,Fabricio Oberto,Gilbert Arenas,Nick Young,Brandon Rush,Dahntay Jones,Danny Granger,Roy Hibbert,T.J. Ford,1,8:00,WAS,shot,,,,,,,,,,Gilbert Arenas,,,,missed,,fade away jumper,31,21
Brendan Haywood,Caron Butler,Fabricio Oberto,Gilbert Arenas,Nick Young,Brandon Rush,Dahntay Jones,Danny Granger,Roy Hibbert,T.J. Ford,1,7:59,IND,rebound,,,,,,,,,,T.J. Ford,,,,,,def,,
Brendan Haywood,Caron Butler,Fabricio Oberto,Gilbert Arenas,Nick Young,Brandon Rush,Dahntay Jones,Danny Granger,Roy Hibbert,T.J. Ford,1,7:54,IND,shot,,,,,,,,,,T.J. Ford,2,,,made,,pullup jump,26,21
Brendan Haywood,Caron Butler,Fabricio Oberto,Gilbert Arenas,Nick Young,Brandon Rush,Dahntay Jones,Danny Granger,Roy Hibbert,T.J. Ford,1,7:52,WAS,timeout,,,,,,,,,,,,,,,,regular,,
Brendan Haywood,Caron Butler,Fabricio Oberto,Gilbert Arenas,Nick Young,Brandon Rush,Dahntay Jones,Danny Granger,Roy Hibbert,T.J. Ford,1,7:38,WAS,shot,,,,,,,,,,Caron Butler,,,,missed,,jump,8,11
Brendan Haywood,Caron Butler,Fabricio Oberto,Gilbert Arenas,Nick Young,Brandon Rush,Dahntay Jones,Danny Granger,Roy Hibbert,T.J. Ford,1,7:37,IND,rebound,,,,,,,,,,Roy Hibbert,,,,,,def,,
Brendan Haywood,Caron Butler,Fabricio Oberto,Gilbert Arenas,Nick Young,Brandon Rush,Dahntay Jones,Danny Granger,Roy Hibbert,T.J. Ford,1,7:31,IND,shot,,,,,,,,,,T.J. Ford,,,,missed,,pullup jump,38,18
Brendan Haywood,Caron Butler,Fabricio Oberto,Gilbert Arenas,Nick Young,Brandon Rush,Dahntay Jones,Danny Granger,Roy Hibbert,T.J. Ford,1,7:29,WAS,rebound,,,,,,,,,,Caron Butler,,,,,,def,,
Brendan Haywood,Caron Butler,Fabricio Oberto,Gilbert Arenas,Nick Young,Brandon Rush,Dahntay Jones,Danny Granger,Roy Hibbert,T.J. Ford,1,7:20,WAS,shot,Fabricio Oberto,,,,,,,,,Gilbert Arenas,2,,,made,,jump,7,17
Brendan Haywood,Caron Butler,Fabricio Oberto,Gilbert Arenas,Nick Young,Brandon Rush,Dahntay Jones,Danny Granger,Roy Hibbert,T.J. Ford,1,6:59,IND,shot,,,Brendan Haywood,,,,,,,Danny Granger,,,,missed,,layup,26,7
Brendan Haywood,Caron Butler,Fabricio Oberto,Gilbert Arenas,Nick Young,Brandon Rush,Dahntay Jones,Danny Granger,Roy Hibbert,T.J. Ford,1,6:57,WAS,rebound,,,,,,,,,,Brendan Haywood,,,,,,def,,
Brendan Haywood,Caron Butler,Fabricio Oberto,Gilbert Arenas,Nick Young,Brandon Rush,Dahntay Jones,Danny Granger,Roy Hibbert,T.J. Ford,1,6:57,WAS,jump ball,,Brendan Haywood,,,Danny Granger,,,,,,,Danny Granger,,,,,,
Brendan Haywood,Caron Butler,Fabricio Oberto,Gilbert Arenas,Nick Young,Brandon Rush,Dahntay Jones,Danny Granger,Roy Hibbert,T.J. Ford,1,6:57,WAS,turnover,,,,,,,,,,Brendan Haywood,,,lost ball,,Danny Granger,,,
Brendan Haywood,Caron Butler,Fabricio Oberto,Gilbert Arenas,Nick Young,Brandon Rush,Dahntay Jones,Danny Granger,Roy Hibbert,T.J. Ford,1,6:48,WAS,foul,,,,,,,,Danny Granger,,Fabricio Oberto,,,,,,shooting,,
Brendan Haywood,Caron Butler,Fabricio Oberto,Gilbert Arenas,Nick Young,Brandon Rush,Dahntay Jones,Danny Granger,Roy Hibbert,T.J. Ford,1,6:48,IND,free throw,,,,,,,1,,2,Danny Granger,,,foul,made,,,,
Brendan Haywood,Caron Butler,Fabricio Oberto,Gilbert Arenas,Nick Young,Brandon Rush,Dahntay Jones,Danny Granger,Roy Hibbert,T.J. Ford,1,6:48,IND,free throw,,,,,,,2,,2,Danny Granger,,,foul,made,,,,
Brendan Haywood,Caron Butler,Fabricio Oberto,Gilbert Arenas,Nick Young,Brandon Rush,Dahntay Jones,Danny Granger,Roy Hibbert,T.J. Ford,1,6:27,WAS,turnover,,,,,,,,,,Fabricio Oberto,,,bad pass,,Danny Granger,,,
Brendan Haywood,Caron Butler,Fabricio Oberto,Gilbert Arenas,Nick Young,Brandon Rush,Dahntay Jones,Danny Granger,Roy Hibbert,T.J. Ford,1,6:22,WAS,foul,,,,,,,,Dahntay Jones,,Nick Young,,,,,,shooting,,
Brendan Haywood,Caron Butler,Fabricio Oberto,Gilbert Arenas,Nick Young,Brandon Rush,Dahntay Jones,Danny Granger,Roy Hibbert,T.J. Ford,1,6:22,IND,free throw,,,,,,,1,,2,Dahntay Jones,,,foul,made,,,,
Andray Blatche,Brendan Haywood,Caron Butler,Gilbert Arenas,Nick Young,Brandon Rush,Dahntay Jones,Danny Granger,Roy Hibbert,T.J. Ford,1,6:22,WAS,sub,,,,Andray Blatche,,Fabricio Oberto,,,,,,,,,,,,
Andray Blatche,Brendan Haywood,Caron Butler,Gilbert Arenas,Nick Young,Brandon Rush,Dahntay Jones,Danny Granger,Roy Hibbert,T.J. Ford,1,6:22,IND,free throw,,,,,,,2,,2,Dahntay Jones,,,foul,made,,,,
Andray Blatche,Brendan Haywood,Caron Butler,Gilbert Arenas,Nick Young,Brandon Rush,Dahntay Jones,Danny Granger,Roy Hibbert,T.J. Ford,1,5:59,WAS,shot,Gilbert Arenas,,,,,,,,,Brendan Haywood,2,,,made,,layup,25,6
Andray Blatche,Brendan Haywood,Caron Butler,Gilbert Arenas,Nick Young,Brandon Rush,Dahntay Jones,Danny Granger,Roy Hibbert,T.J. Ford,1,5:47,WAS,foul,,,,,,,,,,Brendan Haywood,,,,,,defense 3 second,,
Andray Blatche,Brendan Haywood,Caron Butler,Gilbert Arenas,Nick Young,Brandon Rush,Dahntay Jones,Danny Granger,Roy Hibbert,T.J. Ford,1,5:47,IND,free throw,,,,,,,1,,1,Danny Granger,,,technical,made,,,,
Andray Blatche,Brendan Haywood,Caron Butler,Gilbert Arenas,Nick Young,Brandon Rush,Dahntay Jones,Danny Granger,Roy Hibbert,T.J. Ford,1,5:38,IND,shot,,,,,,,,,,Dahntay Jones,,,,missed,,fade away jumper,40,12
Andray Blatche,Brendan Haywood,Caron Butler,Gilbert Arenas,Nick Young,Brandon Rush,Dahntay Jones,Danny Granger,Roy Hibbert,T.J. Ford,1,5:35,WAS,rebound,,,,,,,,,,,,,,,,,,
Andray Blatche,Brendan Haywood,Caron Butler,Gilbert Arenas,Nick Young,Brandon Rush,Dahntay Jones,Danny Granger,Roy Hibbert,T.J. Ford,1,5:20,WAS,shot,,,,,,,,,,Nick Young,,,,missed,,jump,46,6
Andray Blatche,Brendan Haywood,Caron Butler,Gilbert Arenas,Nick Young,Brandon Rush,Dahntay Jones,Danny Granger,Roy Hibbert,T.J. Ford,1,5:19,IND,rebound,,,,,,,,,,Roy Hibbert,,,,,,def,,
Andray Blatche,Brendan Haywood,Caron Butler,Gilbert Arenas,Nick Young,Brandon Rush,Dahntay Jones,Danny Granger,Roy Hibbert,T.J. Ford,1,5:10,IND,shot,,,,,,,,,,Danny Granger,,,,missed,,jump,16,16
Andray Blatche,Brendan Haywood,Caron Butler,Gilbert Arenas,Nick Young,Brandon Rush,Dahntay Jones,Danny Granger,Roy Hibbert,T.J. Ford,1,5:09,WAS,rebound,,,,,,,,,,Brendan Haywood,,,,,,def,,
Andray Blatche,Brendan Haywood,Caron Butler,Gilbert Arenas,Nick Young,Brandon Rush,Dahntay Jones,Danny Granger,Roy Hibbert,T.J. Ford,1,5:00,WAS,shot,,,,,,,,,,Gilbert Arenas,,,,missed,,fade away jumper,34,15
Andray Blatche,Brendan Haywood,Caron Butler,Gilbert Arenas,Nick Young,Brandon Rush,Dahntay Jones,Danny Granger,Roy Hibbert,T.J. Ford,1,4:58,WAS,rebound,,,,,,,,,,Brendan Haywood,,,,,,off,,
Andray Blatche,Brendan Haywood,Caron Butler,Gilbert Arenas,Nick Young,Brandon Rush,Dahntay Jones,Danny Granger,Roy Hibbert,T.J. Ford,1,4:54,WAS,turnover,,,,,,,,,,Brendan Haywood,,,bad pass,,,,,
Andray Blatche,Brendan Haywood,Caron Butler,Gilbert Arenas,Nick Young,Brandon Rush,Dahntay Jones,Danny Granger,Roy Hibbert,T.J. Ford,1,4:42,IND,shot,,,,,,,,,,T.J. Ford,,,,missed,,jump,21,15
Andray Blatche,Brendan Haywood,Caron Butler,Gilbert Arenas,Nick Young,Brandon Rush,Dahntay Jones,Danny Granger,Roy Hibbert,T.J. Ford,1,4:40,IND,rebound,,,,,,,,,,Roy Hibbert,,,,,,off,,
Andray Blatche,Brendan Haywood,Caron Butler,Gilbert Arenas,Nick Young,Brandon Rush,Dahntay Jones,Danny Granger,Roy Hibbert,T.J. Ford,1,4:37,IND,shot,,,,,,,,,,Danny Granger,,,,missed,,3pt,45,23
Andray Blatche,Brendan Haywood,Caron Butler,Gilbert Arenas,Nick Young,Brandon Rush,Dahntay Jones,Danny Granger,Roy Hibbert,T.J. Ford,1,4:36,WAS,rebound,,,,,,,,,,Caron Butler,,,,,,def,,
Andray Blatche,Brendan Haywood,Caron Butler,Gilbert Arenas,Nick Young,Brandon Rush,Dahntay Jones,Danny Granger,Roy Hibbert,T.J. Ford,1,4:31,IND,foul,,,,,,,,Caron Butler,,Dahntay Jones,,,,,,shooting,,
Andray Blatche,Brendan Haywood,Caron Butler,Gilbert Arenas,Randy Foye,Brandon Rush,Dahntay Jones,Danny Granger,Roy Hibbert,T.J. Ford,1,4:31,WAS,sub,,,,Randy Foye,,Nick Young,,,,,,,,,,,,
Andray Blatche,Brendan Haywood,Caron Butler,Gilbert Arenas,Randy Foye,Brandon Rush,Dahntay Jones,Roy Hibbert,T.J. Ford,Tyler Hansbrough,1,4:31,IND,sub,,,,Tyler Hansbrough,,Danny Granger,,,,,,,,,,,,
Andray Blatche,Brendan Haywood,Caron Butler,Gilbert Arenas,Randy Foye,Brandon Rush,Dahntay Jones,Solomon Jones,T.J. Ford,Tyler Hansbrough,1,4:31,IND,sub,,,,Solomon Jones,,Roy Hibbert,,,,,,,,,,,,
Andray Blatche,Brendan Haywood,Caron Butler,Gilbert Arenas,Randy Foye,Brandon Rush,Dahntay Jones,Solomon Jones,T.J. Ford,Tyler Hansbrough,1,4:31,WAS,free throw,,,,,,,1,,2,Caron Butler,,,foul,made,,,,
Andray Blatche,Brendan Haywood,Caron Butler,Gilbert Arenas,Randy Foye,Brandon Rush,Dahntay Jones,Solomon Jones,T.J. Ford,Tyler Hansbrough,1,4:31,WAS,free throw,,,,,,,2,,2,Caron Butler,,,foul,made,,,,
Andray Blatche,Brendan Haywood,Caron Butler,Gilbert Arenas,Randy Foye,Brandon Rush,Dahntay Jones,Solomon Jones,T.J. Ford,Tyler Hansbrough,1,4:14,IND,shot,,,,,,,,,,Solomon Jones,,,,missed,,jump,10,9
Andray Blatche,Brendan Haywood,Caron Butler,Gilbert Arenas,Randy Foye,Brandon Rush,Dahntay Jones,Solomon Jones,T.J. Ford,Tyler Hansbrough,1,4:12,IND,rebound,,,,,,,,,,Brandon Rush,,,,,,off,,
Andray Blatche,Brendan Haywood,Caron Butler,Gilbert Arenas,Randy Foye,Brandon Rush,Dahntay Jones,Solomon Jones,T.J. Ford,Tyler Hansbrough,1,4:12,IND,shot,,,,,,,,,,Brandon Rush,,,,missed,,tip,25,7
Andray Blatche,Brendan Haywood,Caron Butler,Gilbert Arenas,Randy Foye,Brandon Rush,Dahntay Jones,Solomon Jones,T.J. Ford,Tyler Hansbrough,1,4:11,WAS,rebound,,,,,,,,,,Randy Foye,,,,,,def,,
Andray Blatche,Brendan Haywood,Caron Butler,Gilbert Arenas,Randy Foye,Brandon Rush,Dahntay Jones,Solomon Jones,T.J. Ford,Tyler Hansbrough,1,3:57,WAS,shot,,,,,,,,,,Caron Butler,,,,missed,,3pt,49,7
Andray Blatche,Brendan Haywood,Caron Butler,Gilbert Arenas,Randy Foye,Brandon Rush,Dahntay Jones,Solomon Jones,T.J. Ford,Tyler Hansbrough,1,3:56,IND,rebound,,,,,,,,,,Solomon Jones,,,,,,def,,
Andray Blatche,Brendan Haywood,Caron Butler,Gilbert Arenas,Randy Foye,Brandon Rush,Dahntay Jones,Solomon Jones,T.J. Ford,Tyler Hansbrough,1,3:45,WAS,foul,,,,,,,,Dahntay Jones,,Gilbert Arenas,,,,,,shooting,,
Andray Blatche,Brendan Haywood,Caron Butler,Gilbert Arenas,Randy Foye,Brandon Rush,Dahntay Jones,Solomon Jones,T.J. Ford,Tyler Hansbrough,1,3:45,IND,free throw,,,,,,,1,,2,Dahntay Jones,,,foul,missed,,,,
Andray Blatche,Brendan Haywood,Caron Butler,Gilbert Arenas,Randy Foye,Brandon Rush,Dahntay Jones,Solomon Jones,T.J. Ford,Tyler Hansbrough,1,3:45,IND,rebound,,,,,,,,,,,,,,,,,,
Andray Blatche,Brendan Haywood,Caron Butler,Gilbert Arenas,Randy Foye,Brandon Rush,Dahntay Jones,Solomon Jones,T.J. Ford,Tyler Hansbrough,1,3:45,IND,free throw,,,,,,,2,,2,Dahntay Jones,,,foul,made,,,,
Andray Blatche,Brendan Haywood,Caron Butler,Gilbert Arenas,Randy Foye,Brandon Rush,Dahntay Jones,Solomon Jones,T.J. Ford,Tyler Hansbrough,1,3:35,WAS,turnover,,,,,,,,,,Gilbert Arenas,,,out of bounds lost ball turnover,,,,,
Andray Blatche,Brendan Haywood,Caron Butler,Gilbert Arenas,Randy Foye,Brandon Rush,Dahntay Jones,Solomon Jones,T.J. Ford,Tyler Hansbrough,1,3:20,IND,timeout,,,,,,,,,,,,,,,,regular,,
Andray Blatche,Brendan Haywood,Caron Butler,Gilbert Arenas,Randy Foye,Brandon Rush,Danny Granger,Solomon Jones,T.J. Ford,Tyler Hansbrough,1,3:20,IND,sub,,,,Danny Granger,,Dahntay Jones,,,,,,,,,,,,
Andray Blatche,Brendan Haywood,Caron Butler,Gilbert Arenas,Randy Foye,Brandon Rush,Danny Granger,Solomon Jones,T.J. Ford,Tyler Hansbrough,1,3:12,IND,shot,,,Brendan Haywood,,,,,,,Solomon Jones,,,,missed,,dunk,26,5
Andray Blatche,Brendan Haywood,Caron Butler,Gilbert Arenas,Randy Foye,Brandon Rush,Danny Granger,Solomon Jones,T.J. Ford,Tyler Hansbrough,1,3:11,IND,rebound,,,,,,,,,,Solomon Jones,,,,,,off,,
Andray Blatche,Brendan Haywood,Caron Butler,Gilbert Arenas,Randy Foye,Brandon Rush,Danny Granger,Solomon Jones,T.J. Ford,Tyler Hansbrough,1,3:10,IND,shot,,,,,,,,,,Solomon Jones,,,,missed,,layup,26,7
Andray Blatche,Brendan Haywood,Caron Butler,Gilbert Arenas,Randy Foye,Brandon Rush,Danny Granger,Solomon Jones,T.J. Ford,Tyler Hansbrough,1,3:08,WAS,rebound,,,,,,,,,,Brendan Haywood,,,,,,def,,
Andray Blatche,Brendan Haywood,Caron Butler,Gilbert Arenas,Randy Foye,Brandon Rush,Danny Granger,Solomon Jones,T.J. Ford,Tyler Hansbrough,1,3:02,WAS,shot,,,,,,,,,,Andray Blatche,,,,missed,,layup,24,7
Andray Blatche,Brendan Haywood,Caron Butler,Gilbert Arenas,Randy Foye,Brandon Rush,Danny Granger,Solomon Jones,T.J. Ford,Tyler Hansbrough,1,3:01,IND,rebound,,,,,,,,,,Tyler Hansbrough,,,,,,def,,
Andray Blatche,Brendan Haywood,Caron Butler,Gilbert Arenas,Randy Foye,Brandon Rush,Danny Granger,Solomon Jones,T.J. Ford,Tyler Hansbrough,1,2:55,WAS,foul,,,,,,,,T.J. Ford,,Gilbert Arenas,,,,,,shooting,,
Andray Blatche,Brendan Haywood,Caron Butler,Gilbert Arenas,Randy Foye,Brandon Rush,Danny Granger,Solomon Jones,T.J. Ford,Tyler Hansbrough,1,2:55,IND,free throw,,,,,,,1,,2,T.J. Ford,,,foul,made,,,,
Andray Blatche,Brendan Haywood,Caron Butler,Gilbert Arenas,Randy Foye,Danny Granger,Earl Watson,Solomon Jones,T.J. Ford,Tyler Hansbrough,1,2:55,IND,sub,,,,Earl Watson,,Brandon Rush,,,,,,,,,,,,
Andray Blatche,Brendan Haywood,Caron Butler,DeShawn Stevenson,Randy Foye,Danny Granger,Earl Watson,Solomon Jones,T.J. Ford,Tyler Hansbrough,1,2:55,WAS,sub,,,,DeShawn Stevenson,,Gilbert Arenas,,,,,,,,,,,,
Andray Blatche,Brendan Haywood,Caron Butler,DeShawn Stevenson,Randy Foye,Danny Granger,Earl Watson,Solomon Jones,T.J. Ford,Tyler Hansbrough,1,2:55,IND,free throw,,,,,,,2,,2,T.J. Ford,,,foul,made,,,,
Andray Blatche,Brendan Haywood,Caron Butler,DeShawn Stevenson,Randy Foye,Danny Granger,Earl Watson,Solomon Jones,T.J. Ford,Tyler Hansbrough,1,2:36,WAS,shot,,,,,,,,,,Caron Butler,2,,,made,,running bank,19,13
Andray Blatche,Brendan Haywood,Caron Butler,DeShawn Stevenson,Randy Foye,Danny Granger,Earl Watson,Solomon Jones,T.J. Ford,Tyler Hansbrough,1,2:19,IND,shot,,,,,,,,,,Tyler Hansbrough,,,,missed,,jump,40,7
Andray Blatche,Brendan Haywood,Caron Butler,DeShawn Stevenson,Randy Foye,Danny Granger,Earl Watson,Solomon Jones,T.J. Ford,Tyler Hansbrough,1,2:16,IND,rebound,,,,,,,,,,Tyler Hansbrough,,,,,,off,,
Andray Blatche,Brendan Haywood,Caron Butler,DeShawn Stevenson,Randy Foye,Danny Granger,Earl Watson,Solomon Jones,T.J. Ford,Tyler Hansbrough,1,2:14,IND,shot,,,Andray Blatche,,,,,,,Tyler Hansbrough,,,,missed,,jump,35,8
Andray Blatche,Brendan Haywood,Caron Butler,DeShawn Stevenson,Randy Foye,Danny Granger,Earl Watson,Solomon Jones,T.J. Ford,Tyler Hansbrough,1,2:13,WAS,rebound,,,,,,,,,,,,,,,,,,
Andray Blatche,Brendan Haywood,Caron Butler,DeShawn Stevenson,Randy Foye,Danny Granger,Earl Watson,Solomon Jones,T.J. Ford,Tyler Hansbrough,1,2:00,WAS,shot,,,,,,,,,,Caron Butler,,,,missed,,jump,32,25
Andray Blatche,Brendan Haywood,Caron Butler,DeShawn Stevenson,Randy Foye,Danny Granger,Earl Watson,Solomon Jones,T.J. Ford,Tyler Hansbrough,1,1:59,IND,rebound,,,,,,,,,,Tyler Hansbrough,,,,,,def,,
Andray Blatche,Brendan Haywood,Caron Butler,DeShawn Stevenson,Randy Foye,Danny Granger,Earl Watson,Solomon Jones,T.J. Ford,Tyler Hansbrough,1,1:51,WAS,foul,,,,,,,,Solomon Jones,,Brendan Haywood,,,,,,shooting,,
Andray Blatche,Brendan Haywood,Caron Butler,DeShawn Stevenson,Randy Foye,Danny Granger,Earl Watson,Solomon Jones,T.J. Ford,Tyler Hansbrough,1,1:51,IND,free throw,,,,,,,1,,2,Solomon Jones,,,foul,missed,,,,
Andray Blatche,Brendan Haywood,Caron Butler,DeShawn Stevenson,Randy Foye,Danny Granger,Earl Watson,Solomon Jones,T.J. Ford,Tyler Hansbrough,1,1:51,IND,rebound,,,,,,,,,,,,,,,,,,
Andray Blatche,Brendan Haywood,Caron Butler,DeShawn Stevenson,Randy Foye,Danny Granger,Earl Watson,Solomon Jones,T.J. Ford,Tyler Hansbrough,1,1:51,IND,free throw,,,,,,,2,,2,Solomon Jones,,,foul,missed,,,,
Andray Blatche,Brendan Haywood,Caron Butler,DeShawn Stevenson,Randy Foye,Danny Granger,Earl Watson,Solomon Jones,T.J. Ford,Tyler Hansbrough,1,1:51,WAS,rebound,,,,,,,,,,Brendan Haywood,,,,,,def,,
Andray Blatche,Brendan Haywood,Caron Butler,DeShawn Stevenson,Randy Foye,Danny Granger,Earl Watson,Solomon Jones,T.J. Ford,Tyler Hansbrough,1,1:34,IND,foul,,,,,,,,Andray Blatche,,Tyler Hansbrough,,,,,,personal,,
Andray Blatche,Brendan Haywood,Caron Butler,DeShawn Stevenson,Randy Foye,Danny Granger,Earl Watson,Solomon Jones,T.J. Ford,Tyler Hansbrough,1,1:32,WAS,foul,,,,,,,,Earl Watson,,Andray Blatche,,,,,,offensive,,
Andray Blatche,Brendan Haywood,Caron Butler,DeShawn Stevenson,Randy Foye,Danny Granger,Earl Watson,Solomon Jones,T.J. Ford,Tyler Hansbrough,1,1:32,WAS,turnover,,,,,,,,,,Andray Blatche,,,foul,,,,,
Andray Blatche,Brendan Haywood,Caron Butler,DeShawn Stevenson,Randy Foye,Danny Granger,Earl Watson,Solomon Jones,T.J. Ford,Tyler Hansbrough,1,1:09,IND,turnover,,,,,,,,,,Earl Watson,,,bad pass,,Brendan Haywood,,,
Andray Blatche,Brendan Haywood,Caron Butler,DeShawn Stevenson,Randy Foye,Danny Granger,Earl Watson,Solomon Jones,T.J. Ford,Tyler Hansbrough,1,0:57,WAS,shot,Randy Foye,,,,,,,,,Brendan Haywood,2,,,made,,layup,25,9
Andray Blatche,Brendan Haywood,Caron Butler,DeShawn Stevenson,Randy Foye,Danny Granger,Earl Watson,Solomon Jones,T.J. Ford,Tyler Hansbrough,1,0:46,IND,shot,Tyler Hansbrough,,,,,,,,,Danny Granger,3,,,made,,3pt,18,32
Andray Blatche,Brendan Haywood,Caron Butler,DeShawn Stevenson,Randy Foye,Danny Granger,Earl Watson,Solomon Jones,T.J. Ford,Tyler Hansbrough,1,0:33,WAS,shot,,,,,,,,,,Randy Foye,,,,missed,,jump,43,7
Andray Blatche,Brendan Haywood,Caron Butler,DeShawn Stevenson,Randy Foye,Danny Granger,Earl Watson,Solomon Jones,T.J. Ford,Tyler Hansbrough,1,0:31,WAS,rebound,,,,,,,,,,Andray Blatche,,,,,,off,,
Andray Blatche,Brendan Haywood,Caron Butler,DeShawn Stevenson,Randy Foye,Danny Granger,Earl Watson,Solomon Jones,T.J. Ford,Tyler Hansbrough,1,0:28,WAS,shot,Andray Blatche,,,,,,,,,Brendan Haywood,2,,,made,,layup,25,7
Andray Blatche,Brendan Haywood,Caron Butler,DeShawn Stevenson,Randy Foye,Danny Granger,Earl Watson,Solomon Jones,T.J. Ford,Tyler Hansbrough,1,0:04,IND,shot,,,Andray Blatche,,,,,,,T.J. Ford,,,,missed,,layup,25,7
Andray Blatche,Brendan Haywood,Caron Butler,DeShawn Stevenson,Randy Foye,Danny Granger,Earl Watson,Solomon Jones,T.J. Ford,Tyler Hansbrough,1,0:04,IND,rebound,,,,,,,,,,T.J. Ford,,,,,,off,,
Andray Blatche,Brendan Haywood,Caron Butler,DeShawn Stevenson,Randy Foye,Danny Granger,Earl Watson,Solomon Jones,T.J. Ford,Tyler Hansbrough,1,0:04,IND,turnover,,,,,,,,,,,,,shot clock turnover,,,,,
Andray Blatche,Brendan Haywood,Caron Butler,DeShawn Stevenson,Randy Foye,Danny Granger,Earl Watson,Solomon Jones,T.J. Ford,Tyler Hansbrough,1,0:00,WAS,shot,,,,,,,,,,Caron Butler,,,,missed,,3pt,30,46
Andray Blatche,Brendan Haywood,Caron Butler,DeShawn Stevenson,Randy Foye,Danny Granger,Earl Watson,Solomon Jones,T.J. Ford,Tyler Hansbrough,1,0:00,WAS,rebound,,,,,,,,,,,,,,,,,,
Andray Blatche,Caron Butler,DeShawn Stevenson,Fabricio Oberto,Randy Foye,Brandon Rush,Earl Watson,Roy Hibbert,T.J. Ford,Tyler Hansbrough,2,11:44,IND,shot,Roy Hibbert,,,,,,,,,Tyler Hansbrough,2,,,made,,layup,24,7
Andray Blatche,Caron Butler,DeShawn Stevenson,Fabricio Oberto,Randy Foye,Brandon Rush,Earl Watson,Roy Hibbert,T.J. Ford,Tyler Hansbrough,2,11:31,WAS,shot,,,,,,,,,,Randy Foye,2,,,made,,driving layup,23,7
Andray Blatche,Caron Butler,DeShawn Stevenson,Fabricio Oberto,Randy Foye,Brandon Rush,Earl Watson,Roy Hibbert,T.J. Ford,Tyler Hansbrough,2,11:18,IND,shot,,,,,,,,,,Tyler Hansbrough,,,,missed,,jump,37,20
Andray Blatche,Caron Butler,DeShawn Stevenson,Fabricio Oberto,Randy Foye,Brandon Rush,Earl Watson,Roy Hibbert,T.J. Ford,Tyler Hansbrough,2,11:17,IND,rebound,,,,,,,,,,Roy Hibbert,,,,,,off,,
Andray Blatche,Caron Butler,DeShawn Stevenson,Fabricio Oberto,Randy Foye,Brandon Rush,Earl Watson,Roy Hibbert,T.J. Ford,Tyler Hansbrough,2,11:15,WAS,foul,,,,,,,,Tyler Hansbrough,,Fabricio Oberto,,,,,,shooting,,
Andray Blatche,Caron Butler,DeShawn Stevenson,Fabricio Oberto,Randy Foye,Brandon Rush,Earl Watson,Roy Hibbert,T.J. Ford,Tyler Hansbrough,2,11:15,IND,free throw,,,,,,,1,,2,Tyler Hansbrough,,,foul,missed,,,,
Andray Blatche,Caron Butler,DeShawn Stevenson,Fabricio Oberto,Randy Foye,Brandon Rush,Earl Watson,Roy Hibbert,T.J. Ford,Tyler Hansbrough,2,11:15,IND,rebound,,,,,,,,,,,,,,,,,,
Andray Blatche,Caron Butler,DeShawn Stevenson,Fabricio Oberto,Randy Foye,Brandon Rush,Dahntay Jones,Earl Watson,Roy Hibbert,Tyler Hansbrough,2,11:15,IND,sub,,,,Dahntay Jones,,T.J. Ford,,,,,,,,,,,,
Andray Blatche,Caron Butler,DeShawn Stevenson,Fabricio Oberto,Randy Foye,Brandon Rush,Dahntay Jones,Earl Watson,Roy Hibbert,Tyler Hansbrough,2,11:15,IND,free throw,,,,,,,2,,2,Tyler Hansbrough,,,foul,made,,,,
Andray Blatche,Caron Butler,DeShawn Stevenson,Fabricio Oberto,Randy Foye,Brandon Rush,Dahntay Jones,Earl Watson,Roy Hibbert,Tyler Hansbrough,2,10:58,WAS,shot,,,Roy Hibbert,,,,,,,Andray Blatche,,,,missed,,layup,27,8
Andray Blatche,Caron Butler,DeShawn Stevenson,Fabricio Oberto,Randy Foye,Brandon Rush,Dahntay Jones,Earl Watson,Roy Hibbert,Tyler Hansbrough,2,10:57,IND,rebound,,,,,,,,,,Brandon Rush,,,,,,def,,
Andray Blatche,Caron Butler,DeShawn Stevenson,Fabricio Oberto,Randy Foye,Brandon Rush,Dahntay Jones,Earl Watson,Roy Hibbert,Tyler Hansbrough,2,10:52,IND,shot,,,,,,,,,,Dahntay Jones,,,,missed,,layup,26,7
Andray Blatche,Caron Butler,DeShawn Stevenson,Fabricio Oberto,Randy Foye,Brandon Rush,Dahntay Jones,Earl Watson,Roy Hibbert,Tyler Hansbrough,2,10:51,WAS,rebound,,,,,,,,,,Caron Butler,,,,,,def,,
Andray Blatche,Caron Butler,DeShawn Stevenson,Fabricio Oberto,Randy Foye,Brandon Rush,Dahntay Jones,Earl Watson,Roy Hibbert,Tyler Hansbrough,2,10:46,WAS,shot,,,,,,,,,,DeShawn Stevenson,2,,,made,,driving finger roll layup,24,8
Andray Blatche,Caron Butler,DeShawn Stevenson,Fabricio Oberto,Randy Foye,Brandon Rush,Dahntay Jones,Earl Watson,Roy Hibbert,Tyler Hansbrough,2,10:42,IND,turnover,,,,,,,,,,Dahntay Jones,,,lost ball,,DeShawn Stevenson,,,
Andray Blatche,Caron Butler,DeShawn Stevenson,Fabricio Oberto,Randy Foye,Brandon Rush,Dahntay Jones,Earl Watson,Roy Hibbert,Tyler Hansbrough,2,10:20,WAS,shot,,,Roy Hibbert,,,,,,,Andray Blatche,,,,missed,,layup,24,6
Andray Blatche,Caron Butler,DeShawn Stevenson,Fabricio Oberto,Randy Foye,Brandon Rush,Dahntay Jones,Earl Watson,Roy Hibbert,Tyler Hansbrough,2,10:19,IND,rebound,,,,,,,,,,Earl Watson,,,,,,def,,
Andray Blatche,Caron Butler,DeShawn Stevenson,Fabricio Oberto,Randy Foye,Brandon Rush,Dahntay Jones,Earl Watson,Roy Hibbert,Tyler Hansbrough,2,10:18,WAS,foul,,,,,,,,Tyler Hansbrough,,Fabricio Oberto,,,,,,shooting,,
Andray Blatche,Caron Butler,DeShawn Stevenson,Fabricio Oberto,Randy Foye,Brandon Rush,Dahntay Jones,Earl Watson,Roy Hibbert,Tyler Hansbrough,2,10:18,IND,free throw,,,,,,,1,,2,Tyler Hansbrough,,,foul,made,,,,
Andray Blatche,Caron Butler,DeShawn Stevenson,JaVale McGee,Randy Foye,Brandon Rush,Dahntay Jones,Earl Watson,Roy Hibbert,Tyler Hansbrough,2,10:18,WAS,sub,,,,JaVale McGee,,Fabricio Oberto,,,,,,,,,,,,
Andray Blatche,Caron Butler,DeShawn Stevenson,JaVale McGee,Randy Foye,Brandon Rush,Dahntay Jones,Earl Watson,Roy Hibbert,Tyler Hansbrough,2,10:18,IND,free throw,,,,,,,2,,2,Tyler Hansbrough,,,foul,missed,,,,
Andray Blatche,Caron Butler,DeShawn Stevenson,JaVale McGee,Randy Foye,Brandon Rush,Dahntay Jones,Earl Watson,Roy Hibbert,Tyler Hansbrough,2,10:18,WAS,rebound,,,,,,,,,,Andray Blatche,,,,,,def,,
Andray Blatche,Caron Butler,DeShawn Stevenson,JaVale McGee,Randy Foye,Brandon Rush,Dahntay Jones,Earl Watson,Roy Hibbert,Tyler Hansbrough,2,10:03,WAS,turnover,,,,,,,,,,Randy Foye,,,bad pass,,,,,
Andray Blatche,Caron Butler,DeShawn Stevenson,JaVale McGee,Randy Foye,Brandon Rush,Dahntay Jones,Danny Granger,Earl Watson,Roy Hibbert,2,10:03,IND,sub,,,,Danny Granger,,Tyler Hansbrough,,,,,,,,,,,,
Andray Blatche,Caron Butler,DeShawn Stevenson,JaVale McGee,Randy Foye,Brandon Rush,Dahntay Jones,Danny Granger,Earl Watson,Roy Hibbert,2,9:49,IND,shot,,,,,,,,,,Brandon Rush,2,,,made,,pullup jump,15,6
Andray Blatche,Caron Butler,DeShawn Stevenson,JaVale McGee,Randy Foye,Brandon Rush,Dahntay Jones,Danny Granger,Earl Watson,Roy Hibbert,2,9:32,WAS,shot,,,,,,,,,,JaVale McGee,,,,missed,,jump,38,7
Andray Blatche,Caron Butler,DeShawn Stevenson,JaVale McGee,Randy Foye,Brandon Rush,Dahntay Jones,Danny Granger,Earl Watson,Roy Hibbert,2,9:31,IND,rebound,,,,,,,,,,Danny Granger,,,,,,def,,
Andray Blatche,Caron Butler,DeShawn Stevenson,JaVale McGee,Randy Foye,Brandon Rush,Dahntay Jones,Danny Granger,Earl Watson,Roy Hibbert,2,9:22,IND,shot,Earl Watson,,,,,,,,,Roy Hibbert,2,,,made,,layup,24,8
Andray Blatche,Caron Butler,DeShawn Stevenson,JaVale McGee,Randy Foye,Brandon Rush,Dahntay Jones,Danny Granger,Earl Watson,Roy Hibbert,2,9:19,WAS,timeout,,,,,,,,,,,,,,,,regular,,
Andray Blatche,DeShawn Stevenson,Gilbert Arenas,JaVale McGee,Randy Foye,Brandon Rush,Dahntay Jones,Danny Granger,Earl Watson,Roy Hibbert,2,9:19,WAS,sub,,,,Gilbert Arenas,,Caron Butler,,,,,,,,,,,,
DeShawn Stevenson,Dominic McGuire,Gilbert Arenas,JaVale McGee,Randy Foye,Brandon Rush,Dahntay Jones,Danny Granger,Earl Watson,Roy Hibbert,2,9:19,WAS,sub,,,,Dominic McGuire,,Andray Blatche,,,,,,,,,,,,
DeShawn Stevenson,Dominic McGuire,Gilbert Arenas,JaVale McGee,Randy Foye,Brandon Rush,Dahntay Jones,Danny Granger,Earl Watson,Roy Hibbert,2,9:08,IND,foul,,,,,,,,Gilbert Arenas,,Dahntay Jones,,,,,,shooting,,
DeShawn Stevenson,Dominic McGuire,Gilbert Arenas,JaVale McGee,Randy Foye,Brandon Rush,Dahntay Jones,Danny Granger,Earl Watson,Roy Hibbert,2,9:08,WAS,free throw,,,,,,,1,,2,Gilbert Arenas,,,foul,missed,,,,
DeShawn Stevenson,Dominic McGuire,Gilbert Arenas,JaVale McGee,Randy Foye,Brandon Rush,Dahntay Jones,Danny Granger,Earl Watson,Roy Hibbert,2,9:08,WAS,rebound,,,,,,,,,,,,,,,,,,
DeShawn Stevenson,Dominic McGuire,Gilbert Arenas,JaVale McGee,Randy Foye,Brandon Rush,Dahntay Jones,Danny Granger,Earl Watson,Roy Hibbert,2,9:08,WAS,free throw,,,,,,,2,,2,Gilbert Arenas,,,foul,made,,,,
DeShawn Stevenson,Dominic McGuire,Gilbert Arenas,JaVale McGee,Randy Foye,Brandon Rush,Dahntay Jones,Danny Granger,Earl Watson,Roy Hibbert,2,8:48,IND,shot,,,,,,,,,,Roy Hibbert,2,,,made,,jump hook,23,10
DeShawn Stevenson,Dominic McGuire,Gilbert Arenas,JaVale McGee,Randy Foye,Brandon Rush,Dahntay Jones,Danny Granger,Earl Watson,Roy Hibbert,2,8:28,WAS,shot,,,,,,,,,,JaVale McGee,2,,,made,,reverse dunk,26,6
DeShawn Stevenson,Dominic McGuire,Gilbert Arenas,JaVale McGee,Randy Foye,Brandon Rush,Dahntay Jones,Danny Granger,Earl Watson,Roy Hibbert,2,8:21,WAS,foul,,,,,,,,Roy Hibbert,,JaVale McGee,,,,,,shooting,,
DeShawn Stevenson,Dominic McGuire,Gilbert Arenas,JaVale McGee,Randy Foye,Brandon Rush,Dahntay Jones,Danny Granger,Earl Watson,Roy Hibbert,2,8:21,IND,free throw,,,,,,,1,,2,Roy Hibbert,,,foul,made,,,,
DeShawn Stevenson,Dominic McGuire,Gilbert Arenas,JaVale McGee,Randy Foye,Brandon Rush,Dahntay Jones,Danny Granger,Earl Watson,Roy Hibbert,2,8:21,IND,free throw,,,,,,,2,,2,Roy Hibbert,,,foul,made,,,,
DeShawn Stevenson,Dominic McGuire,Gilbert Arenas,JaVale McGee,Randy Foye,Brandon Rush,Dahntay Jones,Danny Granger,Earl Watson,Roy Hibbert,2,8:05,WAS,turnover,,,,,,,,,,JaVale McGee,,,lost ball,,Brandon Rush,,,
DeShawn Stevenson,Dominic McGuire,Gilbert Arenas,JaVale McGee,Randy Foye,Brandon Rush,Dahntay Jones,Danny Granger,Earl Watson,Roy Hibbert,2,7:59,IND,shot,Earl Watson,,,,,,,,,Danny Granger,2,,,made,,layup,27,8
DeShawn Stevenson,Dominic McGuire,Gilbert Arenas,JaVale McGee,Randy Foye,Brandon Rush,Dahntay Jones,Danny Granger,Earl Watson,Roy Hibbert,2,7:46,IND,foul,,,,,,,,Dominic McGuire,,Roy Hibbert,,,,,,shooting,,
DeShawn Stevenson,Dominic McGuire,Gilbert Arenas,JaVale McGee,Randy Foye,Brandon Rush,Dahntay Jones,Danny Granger,Earl Watson,Roy Hibbert,2,7:46,WAS,free throw,,,,,,,1,,2,Dominic McGuire,,,foul,missed,,,,
DeShawn Stevenson,Dominic McGuire,Gilbert Arenas,JaVale McGee,Randy Foye,Brandon Rush,Dahntay Jones,Danny Granger,Earl Watson,Roy Hibbert,2,7:46,WAS,rebound,,,,,,,,,,,,,,,,,,
Brendan Haywood,DeShawn Stevenson,Dominic McGuire,Gilbert Arenas,Randy Foye,Brandon Rush,Dahntay Jones,Danny Granger,Earl Watson,Roy Hibbert,2,7:46,WAS,sub,,,,Brendan Haywood,,JaVale McGee,,,,,,,,,,,,
Brendan Haywood,DeShawn Stevenson,Dominic McGuire,Gilbert Arenas,Randy Foye,Brandon Rush,Danny Granger,Earl Watson,Roy Hibbert,T.J. Ford,2,7:46,IND,sub,,,,T.J. Ford,,Dahntay Jones,,,,,,,,,,,,
Brendan Haywood,DeShawn Stevenson,Dominic McGuire,Gilbert Arenas,Randy Foye,Brandon Rush,Danny Granger,Earl Watson,Roy Hibbert,T.J. Ford,2,7:46,WAS,free throw,,,,,,,2,,2,Dominic McGuire,,,foul,missed,,,,
Brendan Haywood,DeShawn Stevenson,Dominic McGuire,Gilbert Arenas,Randy Foye,Brandon Rush,Danny Granger,Earl Watson,Roy Hibbert,T.J. Ford,2,7:46,IND,rebound,,,,,,,,,,Roy Hibbert,,,,,,def,,
Brendan Haywood,DeShawn Stevenson,Dominic McGuire,Gilbert Arenas,Randy Foye,Brandon Rush,Danny Granger,Earl Watson,Roy Hibbert,T.J. Ford,2,7:37,IND,shot,,,,,,,,,,Brandon Rush,,,,missed,,3pt,21,31
Brendan Haywood,DeShawn Stevenson,Dominic McGuire,Gilbert Arenas,Randy Foye,Brandon Rush,Danny Granger,Earl Watson,Roy Hibbert,T.J. Ford,2,7:36,IND,rebound,,,,,,,,,,Roy Hibbert,,,,,,off,,
Brendan Haywood,DeShawn Stevenson,Dominic McGuire,Gilbert Arenas,Randy Foye,Brandon Rush,Danny Granger,Earl Watson,Roy Hibbert,T.J. Ford,2,7:26,IND,shot,,,,,,,,,,Danny Granger,2,,,made,,jump,38,20
Brendan Haywood,DeShawn Stevenson,Dominic McGuire,Gilbert Arenas,Randy Foye,Brandon Rush,Danny Granger,Earl Watson,Roy Hibbert,T.J. Ford,2,7:16,IND,foul,,,,,,,,Randy Foye,,Earl Watson,,,,,,personal,,
Brendan Haywood,DeShawn Stevenson,Dominic McGuire,Gilbert Arenas,Randy Foye,Brandon Rush,Danny Granger,Earl Watson,Roy Hibbert,T.J. Ford,2,7:01,WAS,turnover,,,,,,,,,,Dominic McGuire,,,lost ball,,Brandon Rush,,,
Brendan Haywood,DeShawn Stevenson,Dominic McGuire,Gilbert Arenas,Randy Foye,Brandon Rush,Danny Granger,Earl Watson,Roy Hibbert,T.J. Ford,2,6:42,IND,shot,,,,,,,,,,Earl Watson,,,,missed,,jump,12,22
Brendan Haywood,DeShawn Stevenson,Dominic McGuire,Gilbert Arenas,Randy Foye,Brandon Rush,Danny Granger,Earl Watson,Roy Hibbert,T.J. Ford,2,6:41,WAS,rebound,,,,,,,,,,Dominic McGuire,,,,,,def,,
Brendan Haywood,DeShawn Stevenson,Dominic McGuire,Gilbert Arenas,Randy Foye,Brandon Rush,Danny Granger,Earl Watson,Roy Hibbert,T.J. Ford,2,6:34,WAS,shot,,,,,,,,,,Gilbert Arenas,2,,,made,,driving layup,23,6
Brendan Haywood,DeShawn Stevenson,Dominic McGuire,Gilbert Arenas,Randy Foye,Brandon Rush,Danny Granger,Earl Watson,Roy Hibbert,T.J. Ford,2,6:25,IND,shot,,,,,,,,,,Danny Granger,,,,missed,,3pt,42,27
Brendan Haywood,DeShawn Stevenson,Dominic McGuire,Gilbert Arenas,Randy Foye,Brandon Rush,Danny Granger,Earl Watson,Roy Hibbert,T.J. Ford,2,6:24,WAS,rebound,,,,,,,,,,Brendan Haywood,,,,,,def,,
Brendan Haywood,DeShawn Stevenson,Dominic McGuire,Gilbert Arenas,Randy Foye,Brandon Rush,Danny Granger,Earl Watson,Roy Hibbert,T.J. Ford,2,6:17,IND,foul,,,,,,,,Gilbert Arenas,,Earl Watson,,,,,,personal,,
Brendan Haywood,DeShawn Stevenson,Dominic McGuire,Gilbert Arenas,Randy Foye,Dahntay Jones,Danny Granger,Earl Watson,Roy Hibbert,T.J. Ford,2,6:17,IND,sub,,,,Dahntay Jones,,Brandon Rush,,,,,,,,,,,,
Brendan Haywood,Caron Butler,DeShawn Stevenson,Dominic McGuire,Gilbert Arenas,Dahntay Jones,Danny Granger,Earl Watson,Roy Hibbert,T.J. Ford,2,6:17,WAS,sub,,,,Caron Butler,,Randy Foye,,,,,,,,,,,,
Brendan Haywood,Caron Butler,Dominic McGuire,Gilbert Arenas,Mike James,Dahntay Jones,Danny Granger,Earl Watson,Roy Hibbert,T.J. Ford,2,6:17,WAS,sub,,,,Mike James,,DeShawn Stevenson,,,,,,,,,,,,
Brendan Haywood,Caron Butler,Dominic McGuire,Gilbert Arenas,Mike James,Dahntay Jones,Danny Granger,Earl Watson,Roy Hibbert,T.J. Ford,2,6:07,WAS,turnover,,,,,,,,,,Dominic McGuire,,,out of bounds lost ball turnover,,,,,
Brendan Haywood,Caron Butler,Dominic McGuire,Gilbert Arenas,Mike James,Dahntay Jones,Danny Granger,Earl Watson,Roy Hibbert,T.J. Ford,2,5:44,IND,shot,,,,,,,,,,Roy Hibbert,,,,missed,,turnaround fade away,36,8
Brendan Haywood,Caron Butler,Dominic McGuire,Gilbert Arenas,Mike James,Dahntay Jones,Danny Granger,Earl Watson,Roy Hibbert,T.J. Ford,2,5:43,WAS,rebound,,,,,,,,,,Caron Butler,,,,,,def,,
Brendan Haywood,Caron Butler,Dominic McGuire,Gilbert Arenas,Mike James,Dahntay Jones,Danny Granger,Earl Watson,Roy Hibbert,T.J. Ford,2,5:35,WAS,shot,,,Earl Watson,,,,,,,Brendan Haywood,,,,missed,,jump,25,9
Brendan Haywood,Caron Butler,Dominic McGuire,Gilbert Arenas,Mike James,Dahntay Jones,Danny Granger,Earl Watson,Roy Hibbert,T.J. Ford,2,5:34,WAS,rebound,,,,,,,,,,Brendan Haywood,,,,,,off,,
Brendan Haywood,Caron Butler,Dominic McGuire,Gilbert Arenas,Mike James,Dahntay Jones,Danny Granger,Earl Watson,Roy Hibbert,T.J. Ford,2,5:32,WAS,shot,,,Danny Granger,,,,,,,Brendan Haywood,,,,missed,,jump,25,10
Brendan Haywood,Caron Butler,Dominic McGuire,Gilbert Arenas,Mike James,Dahntay Jones,Danny Granger,Earl Watson,Roy Hibbert,T.J. Ford,2,5:31,WAS,rebound,,,,,,,,,,Dominic McGuire,,,,,,off,,
Brendan Haywood,Caron Butler,Dominic McGuire,Gilbert Arenas,Mike James,Dahntay Jones,Danny Granger,Earl Watson,Roy Hibbert,T.J. Ford,2,5:28,WAS,shot,,,,,,,,,,Mike James,,,,missed,,jump,26,15
Brendan Haywood,Caron Butler,Dominic McGuire,Gilbert Arenas,Mike James,Dahntay Jones,Danny Granger,Earl Watson,Roy Hibbert,T.J. Ford,2,5:26,WAS,rebound,,,,,,,,,,Brendan Haywood,,,,,,off,,
Brendan Haywood,Caron Butler,Dominic McGuire,Gilbert Arenas,Mike James,Dahntay Jones,Danny Granger,Earl Watson,Roy Hibbert,T.J. Ford,2,5:26,WAS,shot,,,,,,,,,,Brendan Haywood,,,,missed,,tip,27,9
Brendan Haywood,Caron Butler,Dominic McGuire,Gilbert Arenas,Mike James,Dahntay Jones,Danny Granger,Earl Watson,Roy Hibbert,T.J. Ford,2,5:22,WAS,rebound,,,,,,,,,,Brendan Haywood,,,,,,off,,
Brendan Haywood,Caron Butler,Dominic McGuire,Gilbert Arenas,Mike James,Dahntay Jones,Danny Granger,Earl Watson,Roy Hibbert,T.J. Ford,2,5:22,WAS,timeout,,,,,,,,,,,,,,,,short,,
Brendan Haywood,Caron Butler,Dominic McGuire,Gilbert Arenas,Mike James,Dahntay Jones,Danny Granger,Earl Watson,Roy Hibbert,T.J. Ford,2,5:22,WAS,timeout,,,,,,,,,,,,,,,,,,
Brendan Haywood,Caron Butler,Dominic McGuire,Gilbert Arenas,Mike James,Dahntay Jones,Danny Granger,Earl Watson,Solomon Jones,T.J. Ford,2,5:22,IND,sub,,,,Solomon Jones,,Roy Hibbert,,,,,,,,,,,,
Brendan Haywood,Caron Butler,Dominic McGuire,Gilbert Arenas,Mike James,Dahntay Jones,Danny Granger,Earl Watson,Solomon Jones,T.J. Ford,2,5:14,WAS,shot,,,,,,,,,,Gilbert Arenas,2,,,made,,jump,13,20
Brendan Haywood,Caron Butler,Dominic McGuire,Gilbert Arenas,Mike James,Dahntay Jones,Danny Granger,Earl Watson,Solomon Jones,T.J. Ford,2,4:56,IND,shot,T.J. Ford,,,,,,,,,Dahntay Jones,2,,,made,,dunk,24,6
Brendan Haywood,Caron Butler,Dominic McGuire,Gilbert Arenas,Mike James,Dahntay Jones,Danny Granger,Earl Watson,Solomon Jones,T.J. Ford,2,4:40,IND,foul,,,,,,,,Caron Butler,,Solomon Jones,,,,,,shooting,,
Brendan Haywood,Caron Butler,Dominic McGuire,Gilbert Arenas,Mike James,Dahntay Jones,Danny Granger,Earl Watson,Solomon Jones,T.J. Ford,2,4:40,WAS,free throw,,,,,,,1,,2,Caron Butler,,,foul,missed,,,,
Brendan Haywood,Caron Butler,Dominic McGuire,Gilbert Arenas,Mike James,Dahntay Jones,Danny Granger,Earl Watson,Solomon Jones,T.J. Ford,2,4:40,WAS,rebound,,,,,,,,,,,,,,,,,,
Brendan Haywood,Caron Butler,Dominic McGuire,Gilbert Arenas,Mike James,Dahntay Jones,Danny Granger,Earl Watson,Solomon Jones,T.J. Ford,2,4:40,WAS,free throw,,,,,,,2,,2,Caron Butler,,,foul,made,,,,
Brendan Haywood,Caron Butler,Dominic McGuire,Gilbert Arenas,Mike James,Dahntay Jones,Danny Granger,Earl Watson,Solomon Jones,T.J. Ford,2,4:26,IND,shot,,,,,,,,,,Danny Granger,2,,,made,,step back jump,35,16
Brendan Haywood,Caron Butler,Dominic McGuire,Gilbert Arenas,Mike James,Dahntay Jones,Danny Granger,Earl Watson,Solomon Jones,T.J. Ford,2,4:07,WAS,shot,,,,,,,,,,Dominic McGuire,,,,missed,,jump,31,28
Brendan Haywood,Caron Butler,Dominic McGuire,Gilbert Arenas,Mike James,Dahntay Jones,Danny Granger,Earl Watson,Solomon Jones,T.J. Ford,2,4:06,IND,rebound,,,,,,,,,,Earl Watson,,,,,,def,,
Brendan Haywood,Caron Butler,Dominic McGuire,Gilbert Arenas,Mike James,Dahntay Jones,Danny Granger,Earl Watson,Solomon Jones,T.J. Ford,2,3:56,IND,shot,,,,,,,,,,Earl Watson,,,,missed,,3pt,28,32
Brendan Haywood,Caron Butler,Dominic McGuire,Gilbert Arenas,Mike James,Dahntay Jones,Danny Granger,Earl Watson,Solomon Jones,T.J. Ford,2,3:54,WAS,rebound,,,,,,,,,,Brendan Haywood,,,,,,def,,
Brendan Haywood,Caron Butler,Dominic McGuire,Gilbert Arenas,Mike James,Dahntay Jones,Danny Granger,Earl Watson,Solomon Jones,T.J. Ford,2,3:42,WAS,shot,,,,,,,,,,Mike James,,,,missed,,floating jump,26,16
Brendan Haywood,Caron Butler,Dominic McGuire,Gilbert Arenas,Mike James,Dahntay Jones,Danny Granger,Earl Watson,Solomon Jones,T.J. Ford,2,3:41,IND,rebound,,,,,,,,,,T.J. Ford,,,,,,def,,
Brendan Haywood,Caron Butler,Dominic McGuire,Gilbert Arenas,Mike James,Dahntay Jones,Danny Granger,Earl Watson,Solomon Jones,T.J. Ford,2,3:35,IND,shot,,,,,,,,,,Danny Granger,,,,missed,,3pt,15,30
Brendan Haywood,Caron Butler,Dominic McGuire,Gilbert Arenas,Mike James,Dahntay Jones,Danny Granger,Earl Watson,Solomon Jones,T.J. Ford,2,3:34,IND,rebound,,,,,,,,,,Dahntay Jones,,,,,,off,,
Brendan Haywood,Caron Butler,Dominic McGuire,Gilbert Arenas,Mike James,Dahntay Jones,Danny Granger,Earl Watson,Solomon Jones,T.J. Ford,2,3:33,IND,shot,,,,,,,,,,Dahntay Jones,2,,,made,,layup,24,7
Brendan Haywood,Caron Butler,Gilbert Arenas,Mike James,Randy Foye,Dahntay Jones,Danny Granger,Earl Watson,Solomon Jones,T.J. Ford,2,3:18,WAS,sub,,,,Randy Foye,,Dominic McGuire,,,,,,,,,,,,
Brendan Haywood,Caron Butler,Gilbert Arenas,Mike James,Randy Foye,Dahntay Jones,Earl Watson,Solomon Jones,T.J. Ford,Tyler Hansbrough,2,3:18,IND,sub,,,,Tyler Hansbrough,,Danny Granger,,,,,,,,,,,,
Brendan Haywood,Caron Butler,Gilbert Arenas,Mike James,Randy Foye,Dahntay Jones,Earl Watson,Solomon Jones,T.J. Ford,Tyler Hansbrough,2,3:13,IND,foul,,,,,,,,Caron Butler,,Tyler Hansbrough,,,,,,shooting,,
Brendan Haywood,Caron Butler,Gilbert Arenas,Mike James,Randy Foye,Dahntay Jones,Earl Watson,Solomon Jones,T.J. Ford,Tyler Hansbrough,2,3:13,WAS,free throw,,,,,,,1,,2,Caron Butler,,,foul,made,,,,
Brendan Haywood,Caron Butler,Gilbert Arenas,Mike James,Randy Foye,Dahntay Jones,Earl Watson,Solomon Jones,T.J. Ford,Tyler Hansbrough,2,3:13,WAS,free throw,,,,,,,2,,2,Caron Butler,,,foul,missed,,,,
Brendan Haywood,Caron Butler,Gilbert Arenas,Mike James,Randy Foye,Dahntay Jones,Earl Watson,Solomon Jones,T.J. Ford,Tyler Hansbrough,2,3:13,IND,rebound,,,,,,,,,,T.J. Ford,,,,,,def,,
Brendan Haywood,Caron Butler,Gilbert Arenas,Mike James,Randy Foye,Dahntay Jones,Earl Watson,Solomon Jones,T.J. Ford,Tyler Hansbrough,2,2:57,IND,turnover,,,,,,,,,,Dahntay Jones,,,lost ball,,Mike James,,,
Brendan Haywood,Caron Butler,Gilbert Arenas,Mike James,Randy Foye,Dahntay Jones,Earl Watson,Solomon Jones,T.J. Ford,Tyler Hansbrough,2,2:57,IND,timeout,,,,,,,,,,,,,,,,regular,,
Brendan Haywood,Caron Butler,Gilbert Arenas,Mike James,Randy Foye,Dahntay Jones,Danny Granger,Earl Watson,Solomon Jones,T.J. Ford,2,2:57,IND,sub,,,,Danny Granger,,Tyler Hansbrough,,,,,,,,,,,,
Brendan Haywood,Caron Butler,Gilbert Arenas,Mike James,Randy Foye,Dahntay Jones,Danny Granger,Earl Watson,Solomon Jones,T.J. Ford,2,2:47,IND,foul,,,,,,,,Gilbert Arenas,,Solomon Jones,,,,,,shooting,,
Brendan Haywood,Caron Butler,Gilbert Arenas,Mike James,Randy Foye,Dahntay Jones,Danny Granger,Earl Watson,Solomon Jones,T.J. Ford,2,2:47,WAS,free throw,,,,,,,1,,2,Gilbert Arenas,,,foul,made,,,,
Brendan Haywood,Caron Butler,Gilbert Arenas,Mike James,Randy Foye,Dahntay Jones,Danny Granger,Earl Watson,Solomon Jones,T.J. Ford,2,2:47,WAS,free throw,,,,,,,2,,2,Gilbert Arenas,,,foul,missed,,,,
Brendan Haywood,Caron Butler,Gilbert Arenas,Mike James,Randy Foye,Dahntay Jones,Danny Granger,Earl Watson,Solomon Jones,T.J. Ford,2,2:47,IND,rebound,,,,,,,,,,Danny Granger,,,,,,def,,
Brendan Haywood,Caron Butler,Gilbert Arenas,Mike James,Randy Foye,Dahntay Jones,Danny Granger,Earl Watson,Solomon Jones,T.J. Ford,2,2:26,IND,shot,,,,,,,,,,Solomon Jones,,,,missed,,jump hook,20,7
Brendan Haywood,Caron Butler,Gilbert Arenas,Mike James,Randy Foye,Dahntay Jones,Danny Granger,Earl Watson,Solomon Jones,T.J. Ford,2,2:25,WAS,rebound,,,,,,,,,,Caron Butler,,,,,,def,,
Brendan Haywood,Caron Butler,Gilbert Arenas,Mike James,Randy Foye,Dahntay Jones,Danny Granger,Earl Watson,Solomon Jones,T.J. Ford,2,2:18,WAS,turnover,,,,,,,,,,Caron Butler,,,bad pass,,T.J. Ford,,,
Brendan Haywood,Caron Butler,Gilbert Arenas,Mike James,Randy Foye,Dahntay Jones,Danny Granger,Earl Watson,Solomon Jones,T.J. Ford,2,2:15,IND,shot,,,,,,,,,,T.J. Ford,2,,,made,,layup,24,6
Brendan Haywood,Caron Butler,Gilbert Arenas,Mike James,Randy Foye,Dahntay Jones,Danny Granger,Earl Watson,Solomon Jones,T.J. Ford,2,2:04,WAS,shot,Mike James,,,,,,,,,Randy Foye,3,,,made,,3pt,6,22
Brendan Haywood,Caron Butler,Gilbert Arenas,Mike James,Randy Foye,Dahntay Jones,Danny Granger,Earl Watson,Solomon Jones,T.J. Ford,2,1:48,IND,shot,,,,,,,,,,T.J. Ford,2,,,made,,jump,9,19
Brendan Haywood,Caron Butler,Gilbert Arenas,Mike James,Randy Foye,Dahntay Jones,Danny Granger,Earl Watson,Solomon Jones,T.J. Ford,2,1:33,WAS,shot,Mike James,,,,,,,,,Caron Butler,2,,,made,,jump,33,27
Brendan Haywood,Caron Butler,Gilbert Arenas,Mike James,Randy Foye,Dahntay Jones,Danny Granger,Earl Watson,Solomon Jones,T.J. Ford,2,1:19,IND,shot,Dahntay Jones,,,,,,,,,Earl Watson,3,,,made,,3pt,12,27
Brendan Haywood,Caron Butler,Gilbert Arenas,Mike James,Randy Foye,Dahntay Jones,Danny Granger,Earl Watson,Solomon Jones,T.J. Ford,2,1:06,WAS,shot,,,,,,,,,,Randy Foye,,,,missed,,3pt,8,27
Brendan Haywood,Caron Butler,Gilbert Arenas,Mike James,Randy Foye,Dahntay Jones,Danny Granger,Earl Watson,Solomon Jones,T.J. Ford,2,1:04,WAS,rebound,,,,,,,,,,Caron Butler,,,,,,off,,
Brendan Haywood,Caron Butler,Gilbert Arenas,Mike James,Randy Foye,Dahntay Jones,Danny Granger,Earl Watson,Solomon Jones,T.J. Ford,2,1:03,WAS,shot,,,,,,,,,,Caron Butler,,,,missed,,layup,25,9
Brendan Haywood,Caron Butler,Gilbert Arenas,Mike James,Randy Foye,Dahntay Jones,Danny Granger,Earl Watson,Solomon Jones,T.J. Ford,2,1:02,WAS,rebound,,,,,,,,,,Brendan Haywood,,,,,,off,,
Brendan Haywood,Caron Butler,Gilbert Arenas,Mike James,Randy Foye,Dahntay Jones,Danny Granger,Earl Watson,Solomon Jones,T.J. Ford,2,0:51,WAS,shot,Mike James,,,,,,,,,Gilbert Arenas,3,,,made,,3pt,,
Brendan Haywood,Caron Butler,Gilbert Arenas,Mike James,Randy Foye,Dahntay Jones,Danny Granger,Earl Watson,Solomon Jones,T.J. Ford,2,0:30,WAS,foul,,,,,,,,Earl Watson,,Mike James,,,,,,shooting,,
Brendan Haywood,Caron Butler,Gilbert Arenas,Mike James,Randy Foye,Dahntay Jones,Danny Granger,Earl Watson,Solomon Jones,T.J. Ford,2,0:30,IND,free throw,,,,,,,1,,2,Earl Watson,,,foul,missed,,,,
Brendan Haywood,Caron Butler,Gilbert Arenas,Mike James,Randy Foye,Dahntay Jones,Danny Granger,Earl Watson,Solomon Jones,T.J. Ford,2,0:30,IND,rebound,,,,,,,,,,,,,,,,,,
Brendan Haywood,Caron Butler,Gilbert Arenas,Mike James,Randy Foye,Dahntay Jones,Danny Granger,Earl Watson,Solomon Jones,T.J. Ford,2,0:30,IND,free throw,,,,,,,2,,2,Earl Watson,,,foul,made,,,,
Brendan Haywood,Caron Butler,Gilbert Arenas,Mike James,Randy Foye,Dahntay Jones,Danny Granger,Earl Watson,Solomon Jones,T.J. Ford,2,0:17,WAS,shot,,,,,,,,,,Mike James,,,,missed,,jump,46,9
Brendan Haywood,Caron Butler,Gilbert Arenas,Mike James,Randy Foye,Dahntay Jones,Danny Granger,Earl Watson,Solomon Jones,T.J. Ford,2,0:15,IND,rebound,,,,,,,,,,Solomon Jones,,,,,,def,,
Brendan Haywood,Caron Butler,Gilbert Arenas,Mike James,Randy Foye,Dahntay Jones,Danny Granger,Earl Watson,Solomon Jones,T.J. Ford,2,0:04,IND,shot,,,,,,,,,,Danny Granger,,,,missed,,3pt,27,32
Brendan Haywood,Caron Butler,Gilbert Arenas,Mike James,Randy Foye,Dahntay Jones,Danny Granger,Earl Watson,Solomon Jones,T.J. Ford,2,0:03,WAS,rebound,,,,,,,,,,Mike James,,,,,,def,,
Brendan Haywood,Caron Butler,Gilbert Arenas,Mike James,Randy Foye,Dahntay Jones,Danny Granger,Earl Watson,Solomon Jones,T.J. Ford,2,0:01,WAS,turnover,,,,,,,,,,Mike James,,,bad pass,,Dahntay Jones,,,
Brendan Haywood,Caron Butler,Gilbert Arenas,Mike James,Randy Foye,Dahntay Jones,Danny Granger,Earl Watson,Solomon Jones,T.J. Ford,2,0:00,IND,shot,,,,,,,,,,Dahntay Jones,,,,missed,,floating jump,25,10
Brendan Haywood,Caron Butler,Gilbert Arenas,Mike James,Randy Foye,Dahntay Jones,Danny Granger,Earl Watson,Solomon Jones,T.J. Ford,2,0:00,IND,rebound,,,,,,,,,,,,,,,,,,
Brendan Haywood,Caron Butler,Gilbert Arenas,Mike James,Randy Foye,Dahntay Jones,Danny Granger,Earl Watson,Roy Hibbert,T.J. Ford,3,11:47,WAS,foul,,,,,,,,Roy Hibbert,,Brendan Haywood,,,,,,personal,,
Brendan Haywood,Caron Butler,Gilbert Arenas,Mike James,Randy Foye,Dahntay Jones,Danny Granger,Earl Watson,Roy Hibbert,T.J. Ford,3,11:39,IND,turnover,,,,,,,,,,Roy Hibbert,,,3 second violation,,,,,
Brendan Haywood,Caron Butler,Gilbert Arenas,Mike James,Randy Foye,Dahntay Jones,Danny Granger,Earl Watson,Roy Hibbert,T.J. Ford,3,11:23,WAS,shot,,,,,,,,,,Mike James,,,,missed,,layup,24,8
Brendan Haywood,Caron Butler,Gilbert Arenas,Mike James,Randy Foye,Dahntay Jones,Danny Granger,Earl Watson,Roy Hibbert,T.J. Ford,3,11:22,WAS,rebound,,,,,,,,,,Brendan Haywood,,,,,,off,,
Brendan Haywood,Caron Butler,Gilbert Arenas,Mike James,Randy Foye,Dahntay Jones,Danny Granger,Earl Watson,Roy Hibbert,T.J. Ford,3,11:22,WAS,shot,,,,,,,,,,Brendan Haywood,2,,,made,,layup,27,7
Brendan Haywood,Caron Butler,Gilbert Arenas,Mike James,Randy Foye,Dahntay Jones,Danny Granger,Earl Watson,Roy Hibbert,T.J. Ford,3,11:22,IND,foul,,,,,,,,Brendan Haywood,,Roy Hibbert,,,,,,shooting,,
Brendan Haywood,Caron Butler,Gilbert Arenas,Mike James,Randy Foye,Dahntay Jones,Danny Granger,Earl Watson,Roy Hibbert,T.J. Ford,3,11:22,WAS,free throw,,,,,,,1,,1,Brendan Haywood,,,foul,missed,,,,
Brendan Haywood,Caron Butler,Gilbert Arenas,Mike James,Randy Foye,Dahntay Jones,Danny Granger,Earl Watson,Roy Hibbert,T.J. Ford,3,11:22,IND,rebound,,,,,,,,,,Danny Granger,,,,,,def,,
Brendan Haywood,Caron Butler,Gilbert Arenas,Mike James,Randy Foye,Dahntay Jones,Danny Granger,Earl Watson,Roy Hibbert,T.J. Ford,3,11:09,IND,turnover,,,,,,,,,,Danny Granger,,,out of bounds lost ball turnover,,,,,
Brendan Haywood,Caron Butler,Gilbert Arenas,Mike James,Randy Foye,Dahntay Jones,Danny Granger,Earl Watson,Roy Hibbert,T.J. Ford,3,10:52,WAS,shot,,,,,,,,,,Caron Butler,,,,missed,,jump bank,36,11
Brendan Haywood,Caron Butler,Gilbert Arenas,Mike James,Randy Foye,Dahntay Jones,Danny Granger,Earl Watson,Roy Hibbert,T.J. Ford,3,10:51,WAS,rebound,,,,,,,,,,Caron Butler,,,,,,off,,
Brendan Haywood,Caron Butler,Gilbert Arenas,Mike James,Randy Foye,Dahntay Jones,Danny Granger,Earl Watson,Roy Hibbert,T.J. Ford,3,10:51,WAS,shot,,,,,,,,,,Caron Butler,2,,,made,,tip,25,8
Brendan Haywood,Caron Butler,Gilbert Arenas,Mike James,Randy Foye,Dahntay Jones,Danny Granger,Earl Watson,Roy Hibbert,T.J. Ford,3,10:37,IND,shot,,,,,,,,,,Dahntay Jones,2,,,made,,driving layup,28,8
Brendan Haywood,Caron Butler,Gilbert Arenas,Mike James,Randy Foye,Dahntay Jones,Danny Granger,Earl Watson,Roy Hibbert,T.J. Ford,3,10:24,WAS,shot,,,,,,,,,,Randy Foye,2,,,made,,floating jump,19,8
Brendan Haywood,Caron Butler,Gilbert Arenas,Mike James,Randy Foye,Dahntay Jones,Danny Granger,Earl Watson,Roy Hibbert,T.J. Ford,3,10:09,IND,shot,,,,,,,,,,Earl Watson,,,,missed,,jump,28,24
Brendan Haywood,Caron Butler,Gilbert Arenas,Mike James,Randy Foye,Dahntay Jones,Danny Granger,Earl Watson,Roy Hibbert,T.J. Ford,3,10:08,WAS,rebound,,,,,,,,,,Brendan Haywood,,,,,,def,,
Brendan Haywood,Caron Butler,Gilbert Arenas,Mike James,Randy Foye,Dahntay Jones,Danny Granger,Earl Watson,Roy Hibbert,T.J. Ford,3,9:51,WAS,turnover,,,,,,,,,,Caron Butler,,,lost ball,,Dahntay Jones,,,
Brendan Haywood,Caron Butler,Gilbert Arenas,Mike James,Randy Foye,Dahntay Jones,Danny Granger,Earl Watson,Roy Hibbert,T.J. Ford,3,9:48,IND,shot,,,,,,,,,,Dahntay Jones,2,,,made,,turnaround jump,25,9
Brendan Haywood,Caron Butler,Gilbert Arenas,Mike James,Randy Foye,Dahntay Jones,Danny Granger,Earl Watson,Roy Hibbert,T.J. Ford,3,9:48,WAS,foul,,,,,,,,Dahntay Jones,,Brendan Haywood,,,,,,shooting,,
Brendan Haywood,Caron Butler,Gilbert Arenas,Mike James,Randy Foye,Dahntay Jones,Danny Granger,Earl Watson,Roy Hibbert,T.J. Ford,3,9:48,IND,free throw,,,,,,,1,,1,Dahntay Jones,,,foul,made,,,,
Brendan Haywood,Caron Butler,Gilbert Arenas,Mike James,Randy Foye,Dahntay Jones,Danny Granger,Earl Watson,Roy Hibbert,T.J. Ford,3,9:27,WAS,shot,,,,,,,,,,Caron Butler,,,,missed,,jump,18,25
Brendan Haywood,Caron Butler,Gilbert Arenas,Mike James,Randy Foye,Dahntay Jones,Danny Granger,Earl Watson,Roy Hibbert,T.J. Ford,3,9:26,IND,rebound,,,,,,,,,,Dahntay Jones,,,,,,def,,
Brendan Haywood,Caron Butler,Gilbert Arenas,Mike James,Randy Foye,Dahntay Jones,Danny Granger,Earl Watson,Roy Hibbert,T.J. Ford,3,9:19,IND,shot,,,,,,,,,,Danny Granger,,,,missed,,3pt,15,31
Brendan Haywood,Caron Butler,Gilbert Arenas,Mike James,Randy Foye,Dahntay Jones,Danny Granger,Earl Watson,Roy Hibbert,T.J. Ford,3,9:18,WAS,rebound,,,,,,,,,,Randy Foye,,,,,,def,,
Brendan Haywood,Caron Butler,Gilbert Arenas,Mike James,Randy Foye,Dahntay Jones,Danny Granger,Earl Watson,Roy Hibbert,T.J. Ford,3,9:11,WAS,shot,,,,,,,,,,Randy Foye,2,,,made,,driving layup,22,9
Brendan Haywood,Caron Butler,Gilbert Arenas,Mike James,Randy Foye,Dahntay Jones,Danny Granger,Earl Watson,Roy Hibbert,T.J. Ford,3,8:49,IND,shot,,,,,,,,,,T.J. Ford,,,,missed,,fade away jumper,27,19
Brendan Haywood,Caron Butler,Gilbert Arenas,Mike James,Randy Foye,Dahntay Jones,Danny Granger,Earl Watson,Roy Hibbert,T.J. Ford,3,8:48,IND,rebound,,,,,,,,,,Roy Hibbert,,,,,,off,,
Brendan Haywood,Caron Butler,Gilbert Arenas,Mike James,Randy Foye,Dahntay Jones,Danny Granger,Earl Watson,Roy Hibbert,T.J. Ford,3,8:48,IND,shot,,,Brendan Haywood,,,,,,,Roy Hibbert,,,,missed,,layup,25,8
Brendan Haywood,Caron Butler,Gilbert Arenas,Mike James,Randy Foye,Dahntay Jones,Danny Granger,Earl Watson,Roy Hibbert,T.J. Ford,3,8:48,IND,rebound,,,,,,,,,,,,,,,,,,
Brendan Haywood,Caron Butler,Gilbert Arenas,Mike James,Randy Foye,Dahntay Jones,Danny Granger,Earl Watson,Roy Hibbert,T.J. Ford,3,8:39,IND,shot,,,,,,,,,,Danny Granger,,,,missed,,jump,11,21
Brendan Haywood,Caron Butler,Gilbert Arenas,Mike James,Randy Foye,Dahntay Jones,Danny Granger,Earl Watson,Roy Hibbert,T.J. Ford,3,8:38,WAS,rebound,,,,,,,,,,Brendan Haywood,,,,,,def,,
Brendan Haywood,Caron Butler,Gilbert Arenas,Mike James,Randy Foye,Dahntay Jones,Danny Granger,Earl Watson,Roy Hibbert,T.J. Ford,3,8:32,WAS,shot,Gilbert Arenas,,,,,,,,,Caron Butler,2,,,made,,jump,6,10
Brendan Haywood,Caron Butler,Gilbert Arenas,Mike James,Randy Foye,Dahntay Jones,Danny Granger,Earl Watson,Roy Hibbert,T.J. Ford,3,8:19,IND,shot,Earl Watson,,,,,,,,,Danny Granger,3,,,made,,3pt,30,31
Brendan Haywood,Caron Butler,Gilbert Arenas,Mike James,Randy Foye,Dahntay Jones,Danny Granger,Earl Watson,Roy Hibbert,T.J. Ford,3,8:07,WAS,turnover,,,,,,,,,,Brendan Haywood,,,offensive goaltending,,,,,
Brendan Haywood,Caron Butler,Gilbert Arenas,Mike James,Randy Foye,Dahntay Jones,Danny Granger,Earl Watson,Roy Hibbert,T.J. Ford,3,7:53,IND,turnover,,,,,,,,,,Earl Watson,,,traveling,,,,,
Brendan Haywood,Caron Butler,Gilbert Arenas,Mike James,Randy Foye,Dahntay Jones,Danny Granger,Earl Watson,Roy Hibbert,T.J. Ford,3,7:39,WAS,turnover,,,,,,,,,,Randy Foye,,,bad pass,,Earl Watson,,,
Brendan Haywood,Caron Butler,Gilbert Arenas,Mike James,Randy Foye,Dahntay Jones,Danny Granger,Earl Watson,Roy Hibbert,T.J. Ford,3,7:26,IND,shot,Dahntay Jones,,,,,,,,,Earl Watson,3,,,made,,3pt,25,31
Brendan Haywood,Caron Butler,Gilbert Arenas,Mike James,Randy Foye,Dahntay Jones,Danny Granger,Earl Watson,Roy Hibbert,T.J. Ford,3,7:18,WAS,timeout,,,,,,,,,,,,,,,,regular,,
Brendan Haywood,Caron Butler,Gilbert Arenas,Mike James,Randy Foye,Dahntay Jones,Danny Granger,Earl Watson,Roy Hibbert,T.J. Ford,3,6:59,WAS,shot,,,,,,,,,,Mike James,2,,,made,,jump,39,20
Brendan Haywood,Caron Butler,Gilbert Arenas,Mike James,Randy Foye,Dahntay Jones,Danny Granger,Earl Watson,Roy Hibbert,T.J. Ford,3,6:45,IND,shot,,,,,,,,,,T.J. Ford,,,,missed,,jump,15,21
Brendan Haywood,Caron Butler,Gilbert Arenas,Mike James,Randy Foye,Dahntay Jones,Danny Granger,Earl Watson,Roy Hibbert,T.J. Ford,3,6:44,WAS,rebound,,,,,,,,,,Randy Foye,,,,,,def,,
Brendan Haywood,Caron Butler,Gilbert Arenas,Mike James,Randy Foye,Dahntay Jones,Danny Granger,Earl Watson,Roy Hibbert,T.J. Ford,3,6:37,WAS,shot,Randy Foye,,,,,,,,,Caron Butler,3,,,made,,3pt,23,31
Brendan Haywood,Caron Butler,Gilbert Arenas,Mike James,Randy Foye,Dahntay Jones,Danny Granger,Earl Watson,Roy Hibbert,T.J. Ford,3,6:13,IND,shot,,,,,,,,,,Roy Hibbert,,,,missed,,turnaround fade away,36,10
Brendan Haywood,Caron Butler,Gilbert Arenas,Mike James,Randy Foye,Dahntay Jones,Danny Granger,Earl Watson,Roy Hibbert,T.J. Ford,3,6:12,WAS,rebound,,,,,,,,,,Caron Butler,,,,,,def,,
Brendan Haywood,Caron Butler,Gilbert Arenas,Mike James,Randy Foye,Dahntay Jones,Danny Granger,Earl Watson,Roy Hibbert,T.J. Ford,3,6:02,WAS,shot,,,,,,,,,,Mike James,,,,missed,,3pt,39,27
Brendan Haywood,Caron Butler,Gilbert Arenas,Mike James,Randy Foye,Dahntay Jones,Danny Granger,Earl Watson,Roy Hibbert,T.J. Ford,3,6:01,IND,rebound,,,,,,,,,,Earl Watson,,,,,,def,,
Brendan Haywood,Caron Butler,Gilbert Arenas,Mike James,Randy Foye,Dahntay Jones,Danny Granger,Earl Watson,Roy Hibbert,T.J. Ford,3,5:51,IND,shot,,,,,,,,,,T.J. Ford,,,,missed,,jump,7,11
Brendan Haywood,Caron Butler,Gilbert Arenas,Mike James,Randy Foye,Dahntay Jones,Danny Granger,Earl Watson,Roy Hibbert,T.J. Ford,3,5:50,WAS,rebound,,,,,,,,,,Gilbert Arenas,,,,,,def,,
Brendan Haywood,Caron Butler,Gilbert Arenas,Mike James,Randy Foye,Dahntay Jones,Danny Granger,Earl Watson,Roy Hibbert,T.J. Ford,3,5:44,WAS,shot,,,,,,,,,,Caron Butler,,,,missed,,jump,8,9
Brendan Haywood,Caron Butler,Gilbert Arenas,Mike James,Randy Foye,Dahntay Jones,Danny Granger,Earl Watson,Roy Hibbert,T.J. Ford,3,5:43,IND,rebound,,,,,,,,,,T.J. Ford,,,,,,def,,
Brendan Haywood,Caron Butler,Gilbert Arenas,Mike James,Randy Foye,Dahntay Jones,Danny Granger,Earl Watson,Roy Hibbert,T.J. Ford,3,5:23,IND,shot,,,,,,,,,,Danny Granger,2,,,made,,driving layup,25,7
Brendan Haywood,Caron Butler,Gilbert Arenas,Mike James,Randy Foye,Dahntay Jones,Danny Granger,Earl Watson,Roy Hibbert,T.J. Ford,3,4:56,IND,foul,,,,,,,,Randy Foye,,Roy Hibbert,,,,,,shooting,,
Brendan Haywood,Caron Butler,Gilbert Arenas,Mike James,Randy Foye,Dahntay Jones,Danny Granger,Earl Watson,Roy Hibbert,T.J. Ford,3,4:56,WAS,free throw,,,,,,,1,,2,Randy Foye,,,foul,made,,,,
Caron Butler,Fabricio Oberto,Gilbert Arenas,Mike James,Randy Foye,Dahntay Jones,Danny Granger,Earl Watson,Roy Hibbert,T.J. Ford,3,4:56,WAS,sub,,,,Fabricio Oberto,,Brendan Haywood,,,,,,,,,,,,
Caron Butler,DeShawn Stevenson,Fabricio Oberto,Gilbert Arenas,Randy Foye,Dahntay Jones,Danny Granger,Earl Watson,Roy Hibbert,T.J. Ford,3,4:56,WAS,sub,,,,DeShawn Stevenson,,Mike James,,,,,,,,,,,,
Caron Butler,DeShawn Stevenson,Fabricio Oberto,Gilbert Arenas,Randy Foye,Dahntay Jones,Earl Watson,Roy Hibbert,T.J. Ford,Tyler Hansbrough,3,4:56,IND,sub,,,,Tyler Hansbrough,,Danny Granger,,,,,,,,,,,,
Caron Butler,DeShawn Stevenson,Fabricio Oberto,Gilbert Arenas,Randy Foye,A.J. Price,Dahntay Jones,Roy Hibbert,T.J. Ford,Tyler Hansbrough,3,4:56,IND,sub,,,,A.J. Price,,Earl Watson,,,,,,,,,,,,
Caron Butler,DeShawn Stevenson,Fabricio Oberto,Gilbert Arenas,Randy Foye,A.J. Price,Dahntay Jones,Solomon Jones,T.J. Ford,Tyler Hansbrough,3,4:56,IND,sub,,,,Solomon Jones,,Roy Hibbert,,,,,,,,,,,,
Caron Butler,DeShawn Stevenson,Fabricio Oberto,Gilbert Arenas,Randy Foye,A.J. Price,Dahntay Jones,Solomon Jones,T.J. Ford,Tyler Hansbrough,3,4:56,WAS,free throw,,,,,,,2,,2,Randy Foye,,,foul,made,,,,
Caron Butler,DeShawn Stevenson,Fabricio Oberto,Gilbert Arenas,Randy Foye,A.J. Price,Dahntay Jones,Solomon Jones,T.J. Ford,Tyler Hansbrough,3,4:40,IND,shot,T.J. Ford,,,,,,,,,Tyler Hansbrough,2,,,made,,layup,23,7
Caron Butler,DeShawn Stevenson,Fabricio Oberto,Gilbert Arenas,Randy Foye,A.J. Price,Dahntay Jones,Solomon Jones,T.J. Ford,Tyler Hansbrough,3,4:25,WAS,shot,,,Solomon Jones,,,,,,,Randy Foye,,,,missed,,jump,29,12
Caron Butler,DeShawn Stevenson,Fabricio Oberto,Gilbert Arenas,Randy Foye,A.J. Price,Dahntay Jones,Solomon Jones,T.J. Ford,Tyler Hansbrough,3,4:23,IND,rebound,,,,,,,,,,T.J. Ford,,,,,,def,,
Caron Butler,DeShawn Stevenson,Fabricio Oberto,Gilbert Arenas,Randy Foye,A.J. Price,Dahntay Jones,Solomon Jones,T.J. Ford,Tyler Hansbrough,3,4:18,WAS,foul,,,,,,,,Tyler Hansbrough,,Caron Butler,,,,,,shooting,,
Caron Butler,DeShawn Stevenson,Fabricio Oberto,Gilbert Arenas,Randy Foye,A.J. Price,Dahntay Jones,Solomon Jones,T.J. Ford,Tyler Hansbrough,3,4:18,IND,free throw,,,,,,,1,,2,Tyler Hansbrough,,,foul,made,,,,
Caron Butler,DeShawn Stevenson,Fabricio Oberto,Gilbert Arenas,Randy Foye,A.J. Price,Dahntay Jones,Solomon Jones,T.J. Ford,Tyler Hansbrough,3,4:18,IND,free throw,,,,,,,2,,2,Tyler Hansbrough,,,foul,made,,,,
Caron Butler,DeShawn Stevenson,Fabricio Oberto,Gilbert Arenas,Randy Foye,A.J. Price,Dahntay Jones,Solomon Jones,T.J. Ford,Tyler Hansbrough,3,4:01,WAS,shot,,,,,,,,,,Caron Butler,,,,missed,,3pt,31,32
Caron Butler,DeShawn Stevenson,Fabricio Oberto,Gilbert Arenas,Randy Foye,A.J. Price,Dahntay Jones,Solomon Jones,T.J. Ford,Tyler Hansbrough,3,4:00,IND,rebound,,,,,,,,,,Solomon Jones,,,,,,def,,
Caron Butler,DeShawn Stevenson,Fabricio Oberto,Gilbert Arenas,Randy Foye,A.J. Price,Dahntay Jones,Solomon Jones,T.J. Ford,Tyler Hansbrough,3,3:53,IND,shot,T.J. Ford,,,,,,,,,A.J. Price,3,,,made,,3pt,4,19
Caron Butler,DeShawn Stevenson,Fabricio Oberto,Gilbert Arenas,Randy Foye,A.J. Price,Dahntay Jones,Solomon Jones,T.J. Ford,Tyler Hansbrough,3,3:38,WAS,shot,,,,,,,,,,DeShawn Stevenson,,,,missed,,3pt,24,33
Caron Butler,DeShawn Stevenson,Fabricio Oberto,Gilbert Arenas,Randy Foye,A.J. Price,Dahntay Jones,Solomon Jones,T.J. Ford,Tyler Hansbrough,3,3:38,WAS,rebound,,,,,,,,,,Caron Butler,,,,,,off,,
Caron Butler,DeShawn Stevenson,Fabricio Oberto,Gilbert Arenas,Randy Foye,A.J. Price,Dahntay Jones,Solomon Jones,T.J. Ford,Tyler Hansbrough,3,3:36,IND,foul,,,,,,,,Caron Butler,,Tyler Hansbrough,,,,,,personal,,
Caron Butler,DeShawn Stevenson,Fabricio Oberto,Gilbert Arenas,Randy Foye,A.J. Price,Dahntay Jones,Solomon Jones,T.J. Ford,Tyler Hansbrough,3,3:27,WAS,shot,,,,,,,,,,Caron Butler,,,,missed,,jump,15,10
Caron Butler,DeShawn Stevenson,Fabricio Oberto,Gilbert Arenas,Randy Foye,A.J. Price,Dahntay Jones,Solomon Jones,T.J. Ford,Tyler Hansbrough,3,3:26,IND,rebound,,,,,,,,,,,,,,,,,,
Caron Butler,DeShawn Stevenson,Fabricio Oberto,Gilbert Arenas,Randy Foye,A.J. Price,Dahntay Jones,Solomon Jones,T.J. Ford,Tyler Hansbrough,3,3:26,WAS,foul,,,,,,,,Tyler Hansbrough,,Fabricio Oberto,,,,,,loose ball,,
Caron Butler,DeShawn Stevenson,Fabricio Oberto,Gilbert Arenas,Randy Foye,A.J. Price,Dahntay Jones,Solomon Jones,T.J. Ford,Tyler Hansbrough,3,3:10,IND,shot,Solomon Jones,,,,,,,,,A.J. Price,3,,,made,,3pt,27,32
Caron Butler,DeShawn Stevenson,Fabricio Oberto,Gilbert Arenas,Randy Foye,A.J. Price,Dahntay Jones,Solomon Jones,T.J. Ford,Tyler Hansbrough,3,2:51,WAS,shot,,,,,,,,,,Gilbert Arenas,,,,missed,,jump,24,19
Caron Butler,DeShawn Stevenson,Fabricio Oberto,Gilbert Arenas,Randy Foye,A.J. Price,Dahntay Jones,Solomon Jones,T.J. Ford,Tyler Hansbrough,3,2:50,WAS,rebound,,,,,,,,,,Caron Butler,,,,,,off,,
Caron Butler,DeShawn Stevenson,Fabricio Oberto,Gilbert Arenas,Randy Foye,A.J. Price,Dahntay Jones,Solomon Jones,T.J. Ford,Tyler Hansbrough,3,2:50,WAS,shot,,,,,,,,,,Caron Butler,2,,,made,,tip,23,8
Caron Butler,DeShawn Stevenson,Fabricio Oberto,Gilbert Arenas,Randy Foye,A.J. Price,Dahntay Jones,Solomon Jones,T.J. Ford,Tyler Hansbrough,3,2:33,IND,shot,,,,,,,,,,T.J. Ford,,,,missed,,3pt,2,8
Caron Butler,DeShawn Stevenson,Fabricio Oberto,Gilbert Arenas,Randy Foye,A.J. Price,Dahntay Jones,Solomon Jones,T.J. Ford,Tyler Hansbrough,3,2:32,WAS,rebound,,,,,,,,,,Caron Butler,,,,,,def,,
Caron Butler,DeShawn Stevenson,Fabricio Oberto,Gilbert Arenas,Randy Foye,A.J. Price,Dahntay Jones,Solomon Jones,T.J. Ford,Tyler Hansbrough,3,2:23,WAS,shot,,,Dahntay Jones,,,,,,,Caron Butler,,,,missed,,dunk,28,7
Caron Butler,DeShawn Stevenson,Fabricio Oberto,Gilbert Arenas,Randy Foye,A.J. Price,Dahntay Jones,Solomon Jones,T.J. Ford,Tyler Hansbrough,3,2:21,IND,rebound,,,,,,,,,,Solomon Jones,,,,,,def,,
Caron Butler,DeShawn Stevenson,Fabricio Oberto,Gilbert Arenas,Randy Foye,A.J. Price,Dahntay Jones,Solomon Jones,T.J. Ford,Tyler Hansbrough,3,2:18,IND,shot,,,,,,,,,,T.J. Ford,2,,,made,,driving layup,24,8
Caron Butler,DeShawn Stevenson,Fabricio Oberto,Gilbert Arenas,Randy Foye,A.J. Price,Dahntay Jones,Solomon Jones,T.J. Ford,Tyler Hansbrough,3,1:59,IND,foul,,,,,,,,,,Tyler Hansbrough,,,,,,defense 3 second,,
Caron Butler,DeShawn Stevenson,Fabricio Oberto,Gilbert Arenas,Randy Foye,A.J. Price,Dahntay Jones,Solomon Jones,T.J. Ford,Tyler Hansbrough,3,1:59,IND,timeout,,,,,,,,,,,,,,,,regular,,
Caron Butler,DeShawn Stevenson,Fabricio Oberto,Gilbert Arenas,Randy Foye,A.J. Price,Dahntay Jones,Earl Watson,Solomon Jones,Tyler Hansbrough,3,1:59,IND,sub,,,,Earl Watson,,T.J. Ford,,,,,,,,,,,,
Caron Butler,DeShawn Stevenson,Fabricio Oberto,Gilbert Arenas,Randy Foye,A.J. Price,Dahntay Jones,Earl Watson,Solomon Jones,Tyler Hansbrough,3,1:59,WAS,free throw,,,,,,,1,,1,Caron Butler,,,technical,made,,,,
Andray Blatche,DeShawn Stevenson,Fabricio Oberto,Gilbert Arenas,Randy Foye,A.J. Price,Dahntay Jones,Earl Watson,Solomon Jones,Tyler Hansbrough,3,1:59,WAS,sub,,,,Andray Blatche,,Caron Butler,,,,,,,,,,,,
Andray Blatche,DeShawn Stevenson,Fabricio Oberto,Gilbert Arenas,Randy Foye,A.J. Price,Dahntay Jones,Earl Watson,Solomon Jones,Tyler Hansbrough,3,1:49,WAS,shot,,,,,,,,,,Gilbert Arenas,2,,,made,,driving finger roll layup,26,8
Andray Blatche,DeShawn Stevenson,Fabricio Oberto,Gilbert Arenas,Randy Foye,A.J. Price,Dahntay Jones,Earl Watson,Solomon Jones,Tyler Hansbrough,3,1:36,WAS,foul,,,,,,,,Dahntay Jones,,DeShawn Stevenson,,,,,,personal,,
Andray Blatche,DeShawn Stevenson,Fabricio Oberto,Gilbert Arenas,Randy Foye,A.J. Price,Dahntay Jones,Earl Watson,Solomon Jones,Tyler Hansbrough,3,1:36,IND,free throw,,,,,,,1,,2,Dahntay Jones,,,foul,missed,,,,
Andray Blatche,DeShawn Stevenson,Fabricio Oberto,Gilbert Arenas,Randy Foye,A.J. Price,Dahntay Jones,Earl Watson,Solomon Jones,Tyler Hansbrough,3,1:36,IND,rebound,,,,,,,,,,,,,,,,,,
Andray Blatche,DeShawn Stevenson,Fabricio Oberto,Gilbert Arenas,Randy Foye,A.J. Price,Dahntay Jones,Earl Watson,Solomon Jones,Tyler Hansbrough,3,1:36,IND,free throw,,,,,,,2,,2,Dahntay Jones,,,foul,made,,,,
Andray Blatche,DeShawn Stevenson,Fabricio Oberto,Gilbert Arenas,Randy Foye,A.J. Price,Dahntay Jones,Earl Watson,Solomon Jones,Tyler Hansbrough,3,1:21,WAS,shot,,,,,,,,,,Randy Foye,,,,missed,,3pt,1,8
Andray Blatche,DeShawn Stevenson,Fabricio Oberto,Gilbert Arenas,Randy Foye,A.J. Price,Dahntay Jones,Earl Watson,Solomon Jones,Tyler Hansbrough,3,1:20,IND,rebound,,,,,,,,,,Tyler Hansbrough,,,,,,def,,
Andray Blatche,DeShawn Stevenson,Fabricio Oberto,Gilbert Arenas,Randy Foye,A.J. Price,Dahntay Jones,Earl Watson,Solomon Jones,Tyler Hansbrough,3,1:13,WAS,foul,,,,,,,,Tyler Hansbrough,,Fabricio Oberto,,,,,,shooting,,
Andray Blatche,DeShawn Stevenson,Fabricio Oberto,Gilbert Arenas,Randy Foye,A.J. Price,Dahntay Jones,Earl Watson,Solomon Jones,Tyler Hansbrough,3,1:13,IND,free throw,,,,,,,1,,2,Tyler Hansbrough,,,foul,made,,,,
Andray Blatche,Brendan Haywood,DeShawn Stevenson,Gilbert Arenas,Randy Foye,A.J. Price,Dahntay Jones,Earl Watson,Solomon Jones,Tyler Hansbrough,3,1:13,WAS,sub,,,,Brendan Haywood,,Fabricio Oberto,,,,,,,,,,,,
Andray Blatche,Brendan Haywood,DeShawn Stevenson,Gilbert Arenas,Randy Foye,A.J. Price,Dahntay Jones,Earl Watson,Solomon Jones,Tyler Hansbrough,3,1:13,IND,free throw,,,,,,,2,,2,Tyler Hansbrough,,,foul,made,,,,
Andray Blatche,Brendan Haywood,DeShawn Stevenson,Gilbert Arenas,Randy Foye,A.J. Price,Dahntay Jones,Earl Watson,Solomon Jones,Tyler Hansbrough,3,1:02,WAS,shot,,,,,,,,,,Andray Blatche,,,,missed,,jump,15,21
Andray Blatche,Brendan Haywood,DeShawn Stevenson,Gilbert Arenas,Randy Foye,A.J. Price,Dahntay Jones,Earl Watson,Solomon Jones,Tyler Hansbrough,3,1:00,WAS,rebound,,,,,,,,,,Brendan Haywood,,,,,,off,,
Andray Blatche,Brendan Haywood,DeShawn Stevenson,Gilbert Arenas,Randy Foye,A.J. Price,Dahntay Jones,Earl Watson,Solomon Jones,Tyler Hansbrough,3,0:54,IND,foul,,,,,,,,Andray Blatche,,Earl Watson,,,,,,personal,,
Andray Blatche,Brendan Haywood,DeShawn Stevenson,Gilbert Arenas,Randy Foye,A.J. Price,Dahntay Jones,Earl Watson,Solomon Jones,Tyler Hansbrough,3,0:47,WAS,shot,,,,,,,,,,Randy Foye,2,,,made,,running bank,25,9
Andray Blatche,Brendan Haywood,DeShawn Stevenson,Gilbert Arenas,Randy Foye,A.J. Price,Dahntay Jones,Earl Watson,Solomon Jones,Tyler Hansbrough,3,0:44,WAS,foul,,,,,,,,Tyler Hansbrough,,Andray Blatche,,,,,,shooting,,
Andray Blatche,Brendan Haywood,DeShawn Stevenson,Gilbert Arenas,Randy Foye,A.J. Price,Dahntay Jones,Earl Watson,Solomon Jones,Tyler Hansbrough,3,0:44,IND,free throw,,,,,,,1,,2,Tyler Hansbrough,,,foul,missed,,,,
Andray Blatche,Brendan Haywood,DeShawn Stevenson,Gilbert Arenas,Randy Foye,A.J. Price,Dahntay Jones,Earl Watson,Solomon Jones,Tyler Hansbrough,3,0:44,IND,rebound,,,,,,,,,,,,,,,,,,
Andray Blatche,Brendan Haywood,DeShawn Stevenson,Gilbert Arenas,Randy Foye,A.J. Price,Dahntay Jones,Solomon Jones,T.J. Ford,Tyler Hansbrough,3,0:44,IND,sub,,,,T.J. Ford,,Earl Watson,,,,,,,,,,,,
Andray Blatche,Brendan Haywood,DeShawn Stevenson,Gilbert Arenas,Randy Foye,A.J. Price,Dahntay Jones,Solomon Jones,T.J. Ford,Tyler Hansbrough,3,0:44,IND,free throw,,,,,,,2,,2,Tyler Hansbrough,,,foul,made,,,,
Andray Blatche,Brendan Haywood,DeShawn Stevenson,Gilbert Arenas,Randy Foye,A.J. Price,Dahntay Jones,Solomon Jones,T.J. Ford,Tyler Hansbrough,3,0:23,WAS,turnover,,,,,,,,,,DeShawn Stevenson,,,lost ball,,A.J. Price,,,
Andray Blatche,Brendan Haywood,DeShawn Stevenson,Gilbert Arenas,Randy Foye,A.J. Price,Dahntay Jones,Solomon Jones,T.J. Ford,Tyler Hansbrough,3,0:15,IND,shot,,,,,,,,,,A.J. Price,,,,missed,,3pt,26,32
Andray Blatche,Brendan Haywood,DeShawn Stevenson,Gilbert Arenas,Randy Foye,A.J. Price,Dahntay Jones,Solomon Jones,T.J. Ford,Tyler Hansbrough,3,0:14,IND,rebound,,,,,,,,,,Tyler Hansbrough,,,,,,off,,
Andray Blatche,Brendan Haywood,DeShawn Stevenson,Gilbert Arenas,Randy Foye,A.J. Price,Dahntay Jones,Solomon Jones,T.J. Ford,Tyler Hansbrough,3,0:12,IND,shot,,,Brendan Haywood,,,,,,,Tyler Hansbrough,,,,missed,,jump,28,8
Andray Blatche,Brendan Haywood,DeShawn Stevenson,Gilbert Arenas,Randy Foye,A.J. Price,Dahntay Jones,Solomon Jones,T.J. Ford,Tyler Hansbrough,3,0:12,IND,rebound,,,,,,,,,,,,,,,,,,
Andray Blatche,Brendan Haywood,DeShawn Stevenson,Gilbert Arenas,Randy Foye,A.J. Price,Dahntay Jones,Solomon Jones,T.J. Ford,Tyler Hansbrough,3,0:00,IND,shot,,,,,,,,,,T.J. Ford,,,,missed,,jump,21,22
Andray Blatche,Brendan Haywood,DeShawn Stevenson,Gilbert Arenas,Randy Foye,A.J. Price,Dahntay Jones,Solomon Jones,T.J. Ford,Tyler Hansbrough,3,0:00,IND,rebound,,,,,,,,,,,,,,,,,,
Andray Blatche,Brendan Haywood,DeShawn Stevenson,Mike James,Randy Foye,A.J. Price,Danny Granger,Solomon Jones,T.J. Ford,Tyler Hansbrough,4,11:33,WAS,shot,,,,,,,,,,Randy Foye,3,,,made,,3pt,31,33
Andray Blatche,Brendan Haywood,DeShawn Stevenson,Mike James,Randy Foye,A.J. Price,Danny Granger,Solomon Jones,T.J. Ford,Tyler Hansbrough,4,11:15,IND,shot,T.J. Ford,,,,,,,,,Tyler Hansbrough,2,,,made,,jump,42,16
Andray Blatche,Brendan Haywood,DeShawn Stevenson,Mike James,Randy Foye,A.J. Price,Danny Granger,Solomon Jones,T.J. Ford,Tyler Hansbrough,4,10:49,WAS,shot,,,,,,,,,,DeShawn Stevenson,,,,missed,,3pt,49,10
Andray Blatche,Brendan Haywood,DeShawn Stevenson,Mike James,Randy Foye,A.J. Price,Danny Granger,Solomon Jones,T.J. Ford,Tyler Hansbrough,4,10:48,IND,rebound,,,,,,,,,,Solomon Jones,,,,,,def,,
Andray Blatche,Brendan Haywood,DeShawn Stevenson,Mike James,Randy Foye,A.J. Price,Danny Granger,Solomon Jones,T.J. Ford,Tyler Hansbrough,4,10:41,IND,shot,,,,,,,,,,Danny Granger,,,,missed,,3pt,26,32
Andray Blatche,Brendan Haywood,DeShawn Stevenson,Mike James,Randy Foye,A.J. Price,Danny Granger,Solomon Jones,T.J. Ford,Tyler Hansbrough,4,10:40,WAS,rebound,,,,,,,,,,Randy Foye,,,,,,def,,
Andray Blatche,Brendan Haywood,DeShawn Stevenson,Mike James,Randy Foye,A.J. Price,Danny Granger,Solomon Jones,T.J. Ford,Tyler Hansbrough,4,10:30,WAS,shot,,,,,,,,,,Randy Foye,,,,missed,,step back jump,12,22
Andray Blatche,Brendan Haywood,DeShawn Stevenson,Mike James,Randy Foye,A.J. Price,Danny Granger,Solomon Jones,T.J. Ford,Tyler Hansbrough,4,10:28,IND,rebound,,,,,,,,,,Danny Granger,,,,,,def,,
Andray Blatche,Brendan Haywood,DeShawn Stevenson,Mike James,Randy Foye,A.J. Price,Danny Granger,Solomon Jones,T.J. Ford,Tyler Hansbrough,4,10:05,IND,shot,,,,,,,,,,A.J. Price,,,,missed,,3pt,45,22
Andray Blatche,Brendan Haywood,DeShawn Stevenson,Mike James,Randy Foye,A.J. Price,Danny Granger,Solomon Jones,T.J. Ford,Tyler Hansbrough,4,10:04,WAS,rebound,,,,,,,,,,Brendan Haywood,,,,,,def,,
Andray Blatche,Brendan Haywood,DeShawn Stevenson,Mike James,Randy Foye,A.J. Price,Danny Granger,Solomon Jones,T.J. Ford,Tyler Hansbrough,4,9:56,IND,foul,,,,,,,,Mike James,,A.J. Price,,,,,,shooting,,
Andray Blatche,Brendan Haywood,DeShawn Stevenson,Mike James,Randy Foye,A.J. Price,Danny Granger,Solomon Jones,T.J. Ford,Tyler Hansbrough,4,9:56,WAS,free throw,,,,,,,1,,2,Mike James,,,foul,made,,,,
Andray Blatche,Brendan Haywood,DeShawn Stevenson,Mike James,Randy Foye,A.J. Price,Dahntay Jones,Danny Granger,Solomon Jones,T.J. Ford,4,9:56,IND,sub,,,,Dahntay Jones,,Tyler Hansbrough,,,,,,,,,,,,
Andray Blatche,Brendan Haywood,Caron Butler,Mike James,Randy Foye,A.J. Price,Dahntay Jones,Danny Granger,Solomon Jones,T.J. Ford,4,9:56,WAS,sub,,,,Caron Butler,,DeShawn Stevenson,,,,,,,,,,,,
Andray Blatche,Brendan Haywood,Caron Butler,Mike James,Randy Foye,A.J. Price,Dahntay Jones,Danny Granger,Roy Hibbert,T.J. Ford,4,9:56,IND,sub,,,,Roy Hibbert,,Solomon Jones,,,,,,,,,,,,
Andray Blatche,Brendan Haywood,Caron Butler,Mike James,Randy Foye,A.J. Price,Dahntay Jones,Danny Granger,Roy Hibbert,T.J. Ford,4,9:56,WAS,free throw,,,,,,,2,,2,Mike James,,,foul,made,,,,
Andray Blatche,Brendan Haywood,Caron Butler,Mike James,Randy Foye,A.J. Price,Dahntay Jones,Danny Granger,Roy Hibbert,T.J. Ford,4,9:39,IND,shot,,,,,,,,,,Roy Hibbert,,,,missed,,jump hook,20,9
Andray Blatche,Brendan Haywood,Caron Butler,Mike James,Randy Foye,A.J. Price,Dahntay Jones,Danny Granger,Roy Hibbert,T.J. Ford,4,9:38,IND,rebound,,,,,,,,,,T.J. Ford,,,,,,off,,
Andray Blatche,Brendan Haywood,Caron Butler,Mike James,Randy Foye,A.J. Price,Dahntay Jones,Danny Granger,Roy Hibbert,T.J. Ford,4,9:38,IND,jump ball,,Brendan Haywood,,,T.J. Ford,,,,,,,Washington,,,,,,
Andray Blatche,Brendan Haywood,Caron Butler,Mike James,Randy Foye,A.J. Price,Dahntay Jones,Danny Granger,Roy Hibbert,T.J. Ford,4,9:38,IND,turnover,,,,,,,,,,Danny Granger,,,jump ball violation,,,,,
Andray Blatche,Brendan Haywood,Caron Butler,Mike James,Randy Foye,A.J. Price,Dahntay Jones,Danny Granger,Roy Hibbert,T.J. Ford,4,9:28,WAS,shot,,,,,,,,,,Mike James,,,,missed,,jump,32,24
Andray Blatche,Brendan Haywood,Caron Butler,Mike James,Randy Foye,A.J. Price,Dahntay Jones,Danny Granger,Roy Hibbert,T.J. Ford,4,9:26,IND,rebound,,,,,,,,,,Danny Granger,,,,,,def,,
Andray Blatche,Brendan Haywood,Caron Butler,Mike James,Randy Foye,A.J. Price,Dahntay Jones,Danny Granger,Roy Hibbert,T.J. Ford,4,9:15,WAS,foul,,,,,,,,Danny Granger,,Andray Blatche,,,,,,personal,,
Andray Blatche,Brendan Haywood,Caron Butler,Gilbert Arenas,Mike James,A.J. Price,Dahntay Jones,Danny Granger,Roy Hibbert,T.J. Ford,4,9:15,WAS,sub,,,,Gilbert Arenas,,Randy Foye,,,,,,,,,,,,
Andray Blatche,Brendan Haywood,Caron Butler,Gilbert Arenas,Mike James,A.J. Price,Dahntay Jones,Danny Granger,Roy Hibbert,T.J. Ford,4,9:00,IND,shot,,,,,,,,,,Dahntay Jones,,,,missed,,jump,19,24
Andray Blatche,Brendan Haywood,Caron Butler,Gilbert Arenas,Mike James,A.J. Price,Dahntay Jones,Danny Granger,Roy Hibbert,T.J. Ford,4,8:59,WAS,rebound,,,,,,,,,,Andray Blatche,,,,,,def,,
Andray Blatche,Brendan Haywood,Caron Butler,Gilbert Arenas,Mike James,A.J. Price,Dahntay Jones,Danny Granger,Roy Hibbert,T.J. Ford,4,8:46,IND,foul,,,,,,,,Andray Blatche,,Dahntay Jones,,,,,,shooting,,
Andray Blatche,Brendan Haywood,Caron Butler,Gilbert Arenas,Mike James,A.J. Price,Dahntay Jones,Danny Granger,Roy Hibbert,T.J. Ford,4,8:46,WAS,timeout,,,,,,,,,,,,,,,,official,,
Andray Blatche,Brendan Haywood,Caron Butler,Gilbert Arenas,Mike James,Dahntay Jones,Danny Granger,Earl Watson,Roy Hibbert,T.J. Ford,4,8:46,IND,sub,,,,Earl Watson,,A.J. Price,,,,,,,,,,,,
Andray Blatche,Brendan Haywood,Caron Butler,Gilbert Arenas,Mike James,Dahntay Jones,Danny Granger,Earl Watson,Roy Hibbert,T.J. Ford,4,8:46,WAS,free throw,,,,,,,1,,2,Andray Blatche,,,foul,made,,,,
Andray Blatche,Brendan Haywood,Caron Butler,Gilbert Arenas,Mike James,Dahntay Jones,Danny Granger,Earl Watson,Roy Hibbert,T.J. Ford,4,8:46,WAS,free throw,,,,,,,2,,2,Andray Blatche,,,foul,missed,,,,
Andray Blatche,Brendan Haywood,Caron Butler,Gilbert Arenas,Mike James,Dahntay Jones,Danny Granger,Earl Watson,Roy Hibbert,T.J. Ford,4,8:46,IND,rebound,,,,,,,,,,Roy Hibbert,,,,,,def,,
Andray Blatche,Brendan Haywood,Caron Butler,Gilbert Arenas,Mike James,Dahntay Jones,Danny Granger,Earl Watson,Roy Hibbert,T.J. Ford,4,8:34,WAS,foul,,,,,,,,Danny Granger,,Andray Blatche,,,,,,shooting,,
Andray Blatche,Brendan Haywood,Caron Butler,Gilbert Arenas,Mike James,Dahntay Jones,Danny Granger,Earl Watson,Roy Hibbert,T.J. Ford,4,8:34,IND,free throw,,,,,,,1,,2,Danny Granger,,,foul,made,,,,
Andray Blatche,Brendan Haywood,Caron Butler,Gilbert Arenas,Mike James,Dahntay Jones,Danny Granger,Earl Watson,Roy Hibbert,T.J. Ford,4,8:34,IND,free throw,,,,,,,2,,2,Danny Granger,,,foul,made,,,,
Andray Blatche,Brendan Haywood,Caron Butler,Gilbert Arenas,Mike James,Dahntay Jones,Danny Granger,Earl Watson,Roy Hibbert,T.J. Ford,4,8:27,WAS,shot,,,Roy Hibbert,,,,,,,Gilbert Arenas,,,,missed,,driving layup,29,8
Andray Blatche,Brendan Haywood,Caron Butler,Gilbert Arenas,Mike James,Dahntay Jones,Danny Granger,Earl Watson,Roy Hibbert,T.J. Ford,4,8:27,WAS,rebound,,,,,,,,,,,,,,,,,,
Andray Blatche,Brendan Haywood,Caron Butler,Gilbert Arenas,Mike James,Dahntay Jones,Danny Granger,Earl Watson,Roy Hibbert,T.J. Ford,4,8:24,WAS,shot,,,,,,,,,,Andray Blatche,,,,missed,,jump,45,12
Andray Blatche,Brendan Haywood,Caron Butler,Gilbert Arenas,Mike James,Dahntay Jones,Danny Granger,Earl Watson,Roy Hibbert,T.J. Ford,4,8:23,WAS,rebound,,,,,,,,,,,,,,,,,,
Andray Blatche,Brendan Haywood,Caron Butler,Gilbert Arenas,Mike James,Dahntay Jones,Danny Granger,Earl Watson,Roy Hibbert,T.J. Ford,4,8:23,IND,foul,,,,,,,,Caron Butler,,Dahntay Jones,,,,,,loose ball,,
Andray Blatche,Brendan Haywood,Caron Butler,Gilbert Arenas,Mike James,Dahntay Jones,Danny Granger,Earl Watson,Roy Hibbert,T.J. Ford,4,8:19,WAS,turnover,,,,,,,,,,Gilbert Arenas,,,bad pass,,T.J. Ford,,,
Andray Blatche,Brendan Haywood,Caron Butler,Gilbert Arenas,Mike James,Dahntay Jones,Danny Granger,Earl Watson,Roy Hibbert,T.J. Ford,4,8:16,WAS,foul,,,,,,,,T.J. Ford,,Gilbert Arenas,,,,,,personal,,
Andray Blatche,Brendan Haywood,Caron Butler,Gilbert Arenas,Mike James,Dahntay Jones,Danny Granger,Earl Watson,Roy Hibbert,T.J. Ford,4,8:09,IND,shot,,,,,,,,,,T.J. Ford,2,,,made,,driving layup,24,7
Andray Blatche,Brendan Haywood,Caron Butler,Gilbert Arenas,Mike James,Dahntay Jones,Danny Granger,Earl Watson,Roy Hibbert,T.J. Ford,4,7:52,IND,foul,,,,,,,,Mike James,,Earl Watson,,,,,,personal,,
Andray Blatche,Brendan Haywood,Caron Butler,Gilbert Arenas,Randy Foye,Dahntay Jones,Danny Granger,Earl Watson,Roy Hibbert,T.J. Ford,4,7:52,WAS,sub,,,,Randy Foye,,Mike James,,,,,,,,,,,,
Andray Blatche,Brendan Haywood,Caron Butler,Gilbert Arenas,Randy Foye,Dahntay Jones,Danny Granger,Earl Watson,Roy Hibbert,T.J. Ford,4,7:44,WAS,shot,,,Danny Granger,,,,,,,Brendan Haywood,,,,missed,,dunk,26,6
Andray Blatche,Brendan Haywood,Caron Butler,Gilbert Arenas,Randy Foye,Dahntay Jones,Danny Granger,Earl Watson,Roy Hibbert,T.J. Ford,4,7:42,IND,rebound,,,,,,,,,,Dahntay Jones,,,,,,def,,
Andray Blatche,Brendan Haywood,Caron Butler,Gilbert Arenas,Randy Foye,Dahntay Jones,Danny Granger,Earl Watson,Roy Hibbert,T.J. Ford,4,7:35,IND,shot,Dahntay Jones,,,,,,,,,Danny Granger,3,,,made,,3pt,21,32
Andray Blatche,Brendan Haywood,Caron Butler,Gilbert Arenas,Randy Foye,Dahntay Jones,Danny Granger,Earl Watson,Roy Hibbert,T.J. Ford,4,7:34,WAS,timeout,,,,,,,,,,,,,,,,regular,,
Brendan Haywood,Caron Butler,Gilbert Arenas,Nick Young,Randy Foye,Dahntay Jones,Danny Granger,Earl Watson,Roy Hibbert,T.J. Ford,4,7:34,WAS,sub,,,,Nick Young,,Andray Blatche,,,,,,,,,,,,
Brendan Haywood,Caron Butler,Gilbert Arenas,Nick Young,Randy Foye,Dahntay Jones,Danny Granger,Earl Watson,Roy Hibbert,T.J. Ford,4,7:26,WAS,shot,,,,,,,,,,Randy Foye,,,,missed,,jump,17,9
Brendan Haywood,Caron Butler,Gilbert Arenas,Nick Young,Randy Foye,Dahntay Jones,Danny Granger,Earl Watson,Roy Hibbert,T.J. Ford,4,7:25,IND,rebound,,,,,,,,,,T.J. Ford,,,,,,def,,
Brendan Haywood,Caron Butler,Gilbert Arenas,Nick Young,Randy Foye,Dahntay Jones,Danny Granger,Earl Watson,Roy Hibbert,T.J. Ford,4,7:14,IND,turnover,,,,,,,,,,Roy Hibbert,,,lost ball,,Gilbert Arenas,,,
Brendan Haywood,Caron Butler,Gilbert Arenas,Nick Young,Randy Foye,Dahntay Jones,Danny Granger,Earl Watson,Roy Hibbert,T.J. Ford,4,7:01,WAS,shot,,,,,,,,,,Caron Butler,,,,missed,,jump,9,7
Brendan Haywood,Caron Butler,Gilbert Arenas,Nick Young,Randy Foye,Dahntay Jones,Danny Granger,Earl Watson,Roy Hibbert,T.J. Ford,4,7:00,IND,rebound,,,,,,,,,,Danny Granger,,,,,,def,,
Brendan Haywood,Caron Butler,Gilbert Arenas,Nick Young,Randy Foye,Dahntay Jones,Danny Granger,Earl Watson,Roy Hibbert,T.J. Ford,4,6:50,WAS,foul,,,,,,,,T.J. Ford,,Gilbert Arenas,,,,,,shooting,,
Brendan Haywood,Caron Butler,Gilbert Arenas,Nick Young,Randy Foye,Dahntay Jones,Danny Granger,Earl Watson,Roy Hibbert,T.J. Ford,4,6:50,IND,free throw,,,,,,,1,,2,T.J. Ford,,,foul,made,,,,
Brendan Haywood,Caron Butler,Gilbert Arenas,Nick Young,Randy Foye,Dahntay Jones,Danny Granger,Earl Watson,Roy Hibbert,T.J. Ford,4,6:50,IND,free throw,,,,,,,2,,2,T.J. Ford,,,foul,made,,,,
Brendan Haywood,Caron Butler,Gilbert Arenas,Nick Young,Randy Foye,Dahntay Jones,Danny Granger,Earl Watson,Roy Hibbert,T.J. Ford,4,6:38,WAS,shot,,,,,,,,,,Randy Foye,,,,missed,,3pt,8,24
Brendan Haywood,Caron Butler,Gilbert Arenas,Nick Young,Randy Foye,Dahntay Jones,Danny Granger,Earl Watson,Roy Hibbert,T.J. Ford,4,6:38,WAS,rebound,,,,,,,,,,,,,,,,,,
Brendan Haywood,Caron Butler,Gilbert Arenas,Nick Young,Randy Foye,Dahntay Jones,Danny Granger,Earl Watson,Roy Hibbert,T.J. Ford,4,6:38,IND,foul,,,,,,,,Caron Butler,,Dahntay Jones,,,,,,loose ball,,
Brendan Haywood,Caron Butler,Gilbert Arenas,Nick Young,Randy Foye,Dahntay Jones,Danny Granger,Earl Watson,Roy Hibbert,T.J. Ford,4,6:38,WAS,free throw,,,,,,,1,,2,Caron Butler,,,foul,made,,,,
Brendan Haywood,Caron Butler,Gilbert Arenas,Nick Young,Randy Foye,Dahntay Jones,Danny Granger,Earl Watson,Roy Hibbert,T.J. Ford,4,6:38,WAS,free throw,,,,,,,2,,2,Caron Butler,,,foul,made,,,,
Brendan Haywood,Caron Butler,Gilbert Arenas,Nick Young,Randy Foye,Dahntay Jones,Danny Granger,Earl Watson,Roy Hibbert,T.J. Ford,4,6:21,IND,shot,,,,,,,,,,Danny Granger,,,,missed,,3pt,10,26
Brendan Haywood,Caron Butler,Gilbert Arenas,Nick Young,Randy Foye,Dahntay Jones,Danny Granger,Earl Watson,Roy Hibbert,T.J. Ford,4,6:19,IND,rebound,,,,,,,,,,Roy Hibbert,,,,,,off,,
Brendan Haywood,Caron Butler,Gilbert Arenas,Nick Young,Randy Foye,Dahntay Jones,Danny Granger,Earl Watson,Roy Hibbert,T.J. Ford,4,6:09,WAS,foul,,,,,,,,T.J. Ford,,Nick Young,,,,,,personal,,
Brendan Haywood,Caron Butler,Gilbert Arenas,Nick Young,Randy Foye,Dahntay Jones,Danny Granger,Earl Watson,Roy Hibbert,T.J. Ford,4,6:09,IND,free throw,,,,,,,1,,2,T.J. Ford,,,foul,made,,,,
Brendan Haywood,Caron Butler,Gilbert Arenas,Nick Young,Randy Foye,Dahntay Jones,Danny Granger,Earl Watson,Roy Hibbert,T.J. Ford,4,6:09,IND,free throw,,,,,,,2,,2,T.J. Ford,,,foul,made,,,,
Brendan Haywood,Caron Butler,Gilbert Arenas,Nick Young,Randy Foye,Dahntay Jones,Danny Granger,Earl Watson,Roy Hibbert,T.J. Ford,4,6:00,WAS,shot,,,Roy Hibbert,,,,,,,Gilbert Arenas,,,,missed,,layup,28,7
Brendan Haywood,Caron Butler,Gilbert Arenas,Nick Young,Randy Foye,Dahntay Jones,Danny Granger,Earl Watson,Roy Hibbert,T.J. Ford,4,5:59,WAS,rebound,,,,,,,,,,Brendan Haywood,,,,,,off,,
Brendan Haywood,Caron Butler,Gilbert Arenas,Nick Young,Randy Foye,Dahntay Jones,Danny Granger,Earl Watson,Roy Hibbert,T.J. Ford,4,5:59,IND,foul,,,,,,,,Brendan Haywood,,Danny Granger,,,,,,shooting,,
Brendan Haywood,Caron Butler,Gilbert Arenas,Nick Young,Randy Foye,Dahntay Jones,Danny Granger,Earl Watson,Roy Hibbert,T.J. Ford,4,5:59,WAS,free throw,,,,,,,1,,2,Brendan Haywood,,,foul,missed,,,,
Brendan Haywood,Caron Butler,Gilbert Arenas,Nick Young,Randy Foye,Dahntay Jones,Danny Granger,Earl Watson,Roy Hibbert,T.J. Ford,4,5:59,WAS,rebound,,,,,,,,,,,,,,,,,,
Brendan Haywood,Caron Butler,Gilbert Arenas,Nick Young,Randy Foye,Dahntay Jones,Danny Granger,Earl Watson,Roy Hibbert,T.J. Ford,4,5:59,WAS,free throw,,,,,,,2,,2,Brendan Haywood,,,foul,made,,,,
Brendan Haywood,Caron Butler,Gilbert Arenas,Nick Young,Randy Foye,Dahntay Jones,Danny Granger,Earl Watson,Roy Hibbert,T.J. Ford,4,5:51,WAS,foul,,,,,,,,Dahntay Jones,,Nick Young,,,,,,personal,,
Brendan Haywood,Caron Butler,Gilbert Arenas,Nick Young,Randy Foye,Dahntay Jones,Danny Granger,Earl Watson,Roy Hibbert,T.J. Ford,4,5:51,IND,free throw,,,,,,,1,,2,Dahntay Jones,,,foul,made,,,,
Brendan Haywood,Caron Butler,Gilbert Arenas,Nick Young,Randy Foye,Dahntay Jones,Danny Granger,Earl Watson,Roy Hibbert,T.J. Ford,4,5:51,IND,free throw,,,,,,,2,,2,Dahntay Jones,,,foul,missed,,,,
Brendan Haywood,Caron Butler,Gilbert Arenas,Nick Young,Randy Foye,Dahntay Jones,Danny Granger,Earl Watson,Roy Hibbert,T.J. Ford,4,5:51,WAS,rebound,,,,,,,,,,Brendan Haywood,,,,,,def,,
Brendan Haywood,Caron Butler,Gilbert Arenas,Nick Young,Randy Foye,Dahntay Jones,Danny Granger,Earl Watson,Roy Hibbert,T.J. Ford,4,5:36,WAS,shot,Gilbert Arenas,,,,,,,,,Caron Butler,2,,,made,,jump,23,24
Brendan Haywood,Caron Butler,Gilbert Arenas,Nick Young,Randy Foye,Dahntay Jones,Danny Granger,Earl Watson,Roy Hibbert,T.J. Ford,4,5:14,IND,shot,,,,,,,,,,Earl Watson,,,,missed,,3pt,34,30
Brendan Haywood,Caron Butler,Gilbert Arenas,Nick Young,Randy Foye,Dahntay Jones,Danny Granger,Earl Watson,Roy Hibbert,T.J. Ford,4,5:13,IND,rebound,,,,,,,,,,T.J. Ford,,,,,,off,,
Brendan Haywood,Caron Butler,Gilbert Arenas,Nick Young,Randy Foye,Dahntay Jones,Danny Granger,Earl Watson,Roy Hibbert,T.J. Ford,4,4:50,IND,shot,Roy Hibbert,,,,,,,,,Dahntay Jones,2,,,made,,jump,8,8
Brendan Haywood,Caron Butler,Gilbert Arenas,Nick Young,Randy Foye,Dahntay Jones,Danny Granger,Earl Watson,Roy Hibbert,T.J. Ford,4,4:34,WAS,turnover,,,,,,,,,,Gilbert Arenas,,,bad pass,,,,,
Brendan Haywood,Gilbert Arenas,Nick Young,Paul Davis,Randy Foye,Dahntay Jones,Danny Granger,Earl Watson,Roy Hibbert,T.J. Ford,4,4:34,WAS,sub,,,,Paul Davis,,Caron Butler,,,,,,,,,,,,
Gilbert Arenas,Mike James,Nick Young,Paul Davis,Randy Foye,Dahntay Jones,Danny Granger,Earl Watson,Roy Hibbert,T.J. Ford,4,4:34,WAS,sub,,,,Mike James,,Brendan Haywood,,,,,,,,,,,,
JaVale McGee,Mike James,Nick Young,Paul Davis,Randy Foye,Dahntay Jones,Danny Granger,Earl Watson,Roy Hibbert,T.J. Ford,4,4:34,WAS,sub,,,,JaVale McGee,,Gilbert Arenas,,,,,,,,,,,,
JaVale McGee,Mike James,Nick Young,Paul Davis,Randy Foye,Dahntay Jones,Danny Granger,Earl Watson,Roy Hibbert,T.J. Ford,4,4:18,IND,shot,,,,,,,,,,Danny Granger,,,,missed,,3pt,31,31
JaVale McGee,Mike James,Nick Young,Paul Davis,Randy Foye,Dahntay Jones,Danny Granger,Earl Watson,Roy Hibbert,T.J. Ford,4,4:17,WAS,rebound,,,,,,,,,,Nick Young,,,,,,def,,
JaVale McGee,Mike James,Nick Young,Paul Davis,Randy Foye,Dahntay Jones,Danny Granger,Earl Watson,Roy Hibbert,T.J. Ford,4,4:02,WAS,shot,JaVale McGee,,,,,,,,,Paul Davis,2,,,made,,jump,38,12
JaVale McGee,Mike James,Nick Young,Paul Davis,Randy Foye,Dahntay Jones,Danny Granger,Earl Watson,Roy Hibbert,T.J. Ford,4,3:48,IND,foul,,,,,,,,Paul Davis,,Roy Hibbert,,,,,,offensive,,
JaVale McGee,Mike James,Nick Young,Paul Davis,Randy Foye,Dahntay Jones,Danny Granger,Earl Watson,Roy Hibbert,T.J. Ford,4,3:48,IND,turnover,,,,,,,,,,Roy Hibbert,,,foul,,,,,
JaVale McGee,Mike James,Nick Young,Paul Davis,Randy Foye,Dahntay Jones,Danny Granger,Earl Watson,Roy Hibbert,T.J. Ford,4,3:34,WAS,shot,,,,,,,,,,Randy Foye,,,,missed,,pullup jump,42,9
JaVale McGee,Mike James,Nick Young,Paul Davis,Randy Foye,Dahntay Jones,Danny Granger,Earl Watson,Roy Hibbert,T.J. Ford,4,3:33,IND,rebound,,,,,,,,,,T.J. Ford,,,,,,def,,
JaVale McGee,Mike James,Nick Young,Paul Davis,Randy Foye,Dahntay Jones,Danny Granger,Earl Watson,Roy Hibbert,T.J. Ford,4,3:21,IND,shot,,,Paul Davis,,,,,,,Danny Granger,,,,missed,,driving layup,25,9
JaVale McGee,Mike James,Nick Young,Paul Davis,Randy Foye,Dahntay Jones,Danny Granger,Earl Watson,Roy Hibbert,T.J. Ford,4,3:21,IND,rebound,,,,,,,,,,,,,,,,,,
JaVale McGee,Mike James,Nick Young,Paul Davis,Randy Foye,Dahntay Jones,Danny Granger,Earl Watson,Roy Hibbert,T.J. Ford,4,3:15,IND,foul,,,,,,,,JaVale McGee,,Roy Hibbert,,,,,,offensive,,
JaVale McGee,Mike James,Nick Young,Paul Davis,Randy Foye,Dahntay Jones,Danny Granger,Earl Watson,Roy Hibbert,T.J. Ford,4,3:15,IND,turnover,,,,,,,,,,Roy Hibbert,,,foul,,,,,
JaVale McGee,Mike James,Nick Young,Paul Davis,Randy Foye,Dahntay Jones,Danny Granger,Earl Watson,Josh McRoberts,T.J. Ford,4,3:15,IND,sub,,,,Josh McRoberts,,Roy Hibbert,,,,,,,,,,,,
JaVale McGee,Mike James,Nick Young,Paul Davis,Randy Foye,A.J. Price,Dahntay Jones,Danny Granger,Earl Watson,Josh McRoberts,4,3:15,IND,sub,,,,A.J. Price,,T.J. Ford,,,,,,,,,,,,
JaVale McGee,Mike James,Nick Young,Paul Davis,Randy Foye,A.J. Price,Dahntay Jones,Earl Watson,Josh McRoberts,Solomon Jones,4,3:15,IND,sub,,,,Solomon Jones,,Danny Granger,,,,,,,,,,,,
JaVale McGee,Mike James,Nick Young,Paul Davis,Randy Foye,A.J. Price,Dahntay Jones,Earl Watson,Josh McRoberts,Solomon Jones,4,3:02,WAS,shot,,,,,,,,,,Paul Davis,,,,missed,,jump,44,7
JaVale McGee,Mike James,Nick Young,Paul Davis,Randy Foye,A.J. Price,Dahntay Jones,Earl Watson,Josh McRoberts,Solomon Jones,4,3:01,WAS,rebound,,,,,,,,,,JaVale McGee,,,,,,off,,
JaVale McGee,Mike James,Nick Young,Paul Davis,Randy Foye,A.J. Price,Dahntay Jones,Earl Watson,Josh McRoberts,Solomon Jones,4,3:00,WAS,shot,,,,,,,,,,JaVale McGee,2,,,made,,layup,26,7
JaVale McGee,Mike James,Nick Young,Paul Davis,Randy Foye,A.J. Price,Dahntay Jones,Earl Watson,Josh McRoberts,Solomon Jones,4,2:44,IND,shot,Solomon Jones,,,,,,,,,Josh McRoberts,2,,,made,,alley oop layup,23,6
JaVale McGee,Mike James,Nick Young,Paul Davis,Randy Foye,A.J. Price,Dahntay Jones,Earl Watson,Josh McRoberts,Solomon Jones,4,2:31,WAS,shot,Paul Davis,,,,,,,,,Mike James,2,,,made,,layup,28,7
JaVale McGee,Mike James,Nick Young,Paul Davis,Randy Foye,A.J. Price,Dahntay Jones,Earl Watson,Josh McRoberts,Solomon Jones,4,2:17,IND,shot,Dahntay Jones,,,,,,,,,Josh McRoberts,2,,,made,,turnaround jump,33,20
JaVale McGee,Mike James,Nick Young,Paul Davis,Randy Foye,A.J. Price,Dahntay Jones,Earl Watson,Josh McRoberts,Solomon Jones,4,2:04,WAS,shot,,,,,,,,,,JaVale McGee,,,,missed,,jump,16,17
JaVale McGee,Mike James,Nick Young,Paul Davis,Randy Foye,A.J. Price,Dahntay Jones,Earl Watson,Josh McRoberts,Solomon Jones,4,2:03,IND,rebound,,,,,,,,,,Solomon Jones,,,,,,def,,
JaVale McGee,Mike James,Nick Young,Paul Davis,Randy Foye,A.J. Price,Dahntay Jones,Earl Watson,Josh McRoberts,Solomon Jones,4,1:52,IND,foul,,,,,,,,Nick Young,,Solomon Jones,,,,,,offensive,,
JaVale McGee,Mike James,Nick Young,Paul Davis,Randy Foye,A.J. Price,Dahntay Jones,Earl Watson,Josh McRoberts,Solomon Jones,4,1:52,IND,turnover,,,,,,,,,,Solomon Jones,,,foul,,,,,
JaVale McGee,Mike James,Nick Young,Paul Davis,Randy Foye,A.J. Price,Dahntay Jones,Earl Watson,Josh McRoberts,Solomon Jones,4,1:52,IND,timeout,,,,,,,,,,,,,,,,regular,,
Dominic McGuire,JaVale McGee,Mike James,Nick Young,Paul Davis,A.J. Price,Dahntay Jones,Earl Watson,Josh McRoberts,Solomon Jones,4,1:52,WAS,sub,,,,Dominic McGuire,,Randy Foye,,,,,,,,,,,,
Dominic McGuire,JaVale McGee,Mike James,Nick Young,Paul Davis,A.J. Price,Dahntay Jones,Earl Watson,Josh McRoberts,Solomon Jones,4,1:45,IND,foul,,,,,,,,Mike James,,Josh McRoberts,,,,,,personal,,
Dominic McGuire,JaVale McGee,Mike James,Nick Young,Paul Davis,A.J. Price,Dahntay Jones,Earl Watson,Josh McRoberts,Solomon Jones,4,1:45,WAS,free throw,,,,,,,1,,2,Mike James,,,foul,missed,,,,
Dominic McGuire,JaVale McGee,Mike James,Nick Young,Paul Davis,A.J. Price,Dahntay Jones,Earl Watson,Josh McRoberts,Solomon Jones,4,1:45,WAS,rebound,,,,,,,,,,,,,,,,,,
Dominic McGuire,JaVale McGee,Mike James,Nick Young,Paul Davis,A.J. Price,Dahntay Jones,Earl Watson,Josh McRoberts,Solomon Jones,4,1:45,WAS,free throw,,,,,,,2,,2,Mike James,,,foul,missed,,,,
Dominic McGuire,JaVale McGee,Mike James,Nick Young,Paul Davis,A.J. Price,Dahntay Jones,Earl Watson,Josh McRoberts,Solomon Jones,4,1:45,IND,rebound,,,,,,,,,,Solomon Jones,,,,,,def,,
Dominic McGuire,JaVale McGee,Mike James,Nick Young,Paul Davis,A.J. Price,Dahntay Jones,Earl Watson,Josh McRoberts,Solomon Jones,4,1:32,IND,shot,,,,,,,,,,Josh McRoberts,,,,missed,,jump,41,21
Dominic McGuire,JaVale McGee,Mike James,Nick Young,Paul Davis,A.J. Price,Dahntay Jones,Earl Watson,Josh McRoberts,Solomon Jones,4,1:31,WAS,rebound,,,,,,,,,,Dominic McGuire,,,,,,def,,
Dominic McGuire,JaVale McGee,Mike James,Nick Young,Paul Davis,A.J. Price,Dahntay Jones,Earl Watson,Josh McRoberts,Solomon Jones,4,1:19,WAS,shot,,,,,,,,,,Paul Davis,2,,,made,,layup,23,7
Dominic McGuire,JaVale McGee,Mike James,Nick Young,Paul Davis,A.J. Price,Dahntay Jones,Earl Watson,Josh McRoberts,Solomon Jones,4,0:55,IND,shot,,,,,,,,,,Dahntay Jones,,,,missed,,jump,17,23
Dominic McGuire,JaVale McGee,Mike James,Nick Young,Paul Davis,A.J. Price,Dahntay Jones,Earl Watson,Josh McRoberts,Solomon Jones,4,0:55,IND,rebound,,,,,,,,,,,,,,,,,,
Dominic McGuire,JaVale McGee,Mike James,Nick Young,Paul Davis,A.J. Price,Dahntay Jones,Earl Watson,Josh McRoberts,Solomon Jones,4,0:55,IND,turnover,,,,,,,,,,,,,shot clock turnover,,,,,
Dominic McGuire,JaVale McGee,Mike James,Nick Young,Paul Davis,A.J. Price,Dahntay Jones,Earl Watson,Josh McRoberts,Solomon Jones,4,0:43,WAS,shot,Paul Davis,,,,,,,,,Dominic McGuire,2,,,made,,jump,17,25
Dominic McGuire,JaVale McGee,Mike James,Nick Young,Paul Davis,A.J. Price,Dahntay Jones,Earl Watson,Josh McRoberts,Solomon Jones,4,0:18,IND,shot,,,,,,,,,,Earl Watson,,,,missed,,3pt,24,32
Dominic McGuire,JaVale McGee,Mike James,Nick Young,Paul Davis,A.J. Price,Dahntay Jones,Earl Watson,Josh McRoberts,Solomon Jones,4,0:17,WAS,rebound,,,,,,,,,,Nick Young,,,,,,def,,
Dominic McGuire,JaVale McGee,Mike James,Nick Young,Paul Davis,A.J. Price,Dahntay Jones,Earl Watson,Josh McRoberts,Solomon Jones,4,0:07,WAS,shot,,,,,,,,,,Nick Young,,,,missed,,3pt,40,27
Dominic McGuire,JaVale McGee,Mike James,Nick Young,Paul Davis,A.J. Price,Dahntay Jones,Earl Watson,Josh McRoberts,Solomon Jones,4,0:06,IND,rebound,,,,,,,,,,Earl Watson,,,,,,def,,
