a1,a2,a3,a4,a5,h1,h2,h3,h4,h5,period,time,team,etype,assist,away,block,entered,home,left,num,opponent,outof,player,points,possession,reason,result,steal,type,x,y
Antawn Jamison,Brendan Haywood,Caron Butler,Gilbert Arenas,Nick Young,Dwyane Wade,James Jones,Jermaine O'Neal,Mario Chalmers,Michael Beasley,1,12:00,OFF,jump ball,,Brendan Haywood,,,Jermaine O'Neal,,,,,,,Michael Beasley,,,,,,
Antawn Jamison,Brendan Haywood,Caron Butler,Gilbert Arenas,Nick Young,Dwyane Wade,James Jones,Jermaine O'Neal,Mario Chalmers,Michael Beasley,1,11:47,MIA,turnover,,,,,,,,,,James Jones,,,bad pass,,Caron Butler,,,
Antawn Jamison,Brendan Haywood,Caron Butler,Gilbert Arenas,Nick Young,Dwyane Wade,James Jones,Jermaine O'Neal,Mario Chalmers,Michael Beasley,1,11:40,WAS,shot,,,,,,,,,,Nick Young,,,,missed,,jump,17,7
Antawn Jamison,Brendan Haywood,Caron Butler,Gilbert Arenas,Nick Young,Dwyane Wade,James Jones,Jermaine O'Neal,Mario Chalmers,Michael Beasley,1,11:39,MIA,rebound,,,,,,,,,,Jermaine O'Neal,,,,,,def,,
Antawn Jamison,Brendan Haywood,Caron Butler,Gilbert Arenas,Nick Young,Dwyane Wade,James Jones,Jermaine O'Neal,Mario Chalmers,Michael Beasley,1,11:29,MIA,shot,,,,,,,,,,James Jones,,,,missed,,3pt,44,21
Antawn Jamison,Brendan Haywood,Caron Butler,Gilbert Arenas,Nick Young,Dwyane Wade,James Jones,Jermaine O'Neal,Mario Chalmers,Michael Beasley,1,11:28,MIA,rebound,,,,,,,,,,Michael Beasley,,,,,,off,,
Antawn Jamison,Brendan Haywood,Caron Butler,Gilbert Arenas,Nick Young,Dwyane Wade,James Jones,Jermaine O'Neal,Mario Chalmers,Michael Beasley,1,11:27,MIA,shot,,,,,,,,,,Michael Beasley,2,,,made,,layup,25,6
Antawn Jamison,Brendan Haywood,Caron Butler,Gilbert Arenas,Nick Young,Dwyane Wade,James Jones,Jermaine O'Neal,Mario Chalmers,Michael Beasley,1,11:10,WAS,shot,Gilbert Arenas,,,,,,,,,Nick Young,2,,,made,,jump,40,16
Antawn Jamison,Brendan Haywood,Caron Butler,Gilbert Arenas,Nick Young,Dwyane Wade,James Jones,Jermaine O'Neal,Mario Chalmers,Michael Beasley,1,10:52,MIA,shot,,,,,,,,,,Jermaine O'Neal,,,,missed,,jump,35,20
Antawn Jamison,Brendan Haywood,Caron Butler,Gilbert Arenas,Nick Young,Dwyane Wade,James Jones,Jermaine O'Neal,Mario Chalmers,Michael Beasley,1,10:51,WAS,rebound,,,,,,,,,,Caron Butler,,,,,,def,,
Antawn Jamison,Brendan Haywood,Caron Butler,Gilbert Arenas,Nick Young,Dwyane Wade,James Jones,Jermaine O'Neal,Mario Chalmers,Michael Beasley,1,10:41,WAS,shot,Nick Young,,,,,,,,,Brendan Haywood,2,,,made,,layup,25,6
Antawn Jamison,Brendan Haywood,Caron Butler,Gilbert Arenas,Nick Young,Dwyane Wade,James Jones,Jermaine O'Neal,Mario Chalmers,Michael Beasley,1,10:24,MIA,turnover,,,,,,,,,,Jermaine O'Neal,,,poss lost ball turnover,,,,,
Antawn Jamison,Brendan Haywood,Caron Butler,Gilbert Arenas,Nick Young,Dwyane Wade,James Jones,Jermaine O'Neal,Mario Chalmers,Michael Beasley,1,10:08,WAS,shot,Nick Young,,,,,,,,,Antawn Jamison,2,,,made,,hook,31,8
Antawn Jamison,Brendan Haywood,Caron Butler,Gilbert Arenas,Nick Young,Dwyane Wade,James Jones,Jermaine O'Neal,Mario Chalmers,Michael Beasley,1,9:44,MIA,shot,,,,,,,,,,Michael Beasley,2,,,made,,jump,34,20
Antawn Jamison,Brendan Haywood,Caron Butler,Gilbert Arenas,Nick Young,Dwyane Wade,James Jones,Jermaine O'Neal,Mario Chalmers,Michael Beasley,1,9:28,WAS,shot,,,,,,,,,,Antawn Jamison,,,,missed,,jump,15,19
Antawn Jamison,Brendan Haywood,Caron Butler,Gilbert Arenas,Nick Young,Dwyane Wade,James Jones,Jermaine O'Neal,Mario Chalmers,Michael Beasley,1,9:27,MIA,rebound,,,,,,,,,,Jermaine O'Neal,,,,,,def,,
Antawn Jamison,Brendan Haywood,Caron Butler,Gilbert Arenas,Nick Young,Dwyane Wade,James Jones,Jermaine O'Neal,Mario Chalmers,Michael Beasley,1,9:16,MIA,shot,,,,,,,,,,Michael Beasley,2,,,made,,jump,12,17
Antawn Jamison,Brendan Haywood,Caron Butler,Gilbert Arenas,Nick Young,Dwyane Wade,James Jones,Jermaine O'Neal,Mario Chalmers,Michael Beasley,1,8:59,WAS,shot,Gilbert Arenas,,,,,,,,,Caron Butler,2,,,made,,jump,10,16
Antawn Jamison,Brendan Haywood,Caron Butler,Gilbert Arenas,Nick Young,Dwyane Wade,James Jones,Jermaine O'Neal,Mario Chalmers,Michael Beasley,1,8:37,MIA,shot,,,,,,,,,,Dwyane Wade,,,,missed,,jump,40,17
Antawn Jamison,Brendan Haywood,Caron Butler,Gilbert Arenas,Nick Young,Dwyane Wade,James Jones,Jermaine O'Neal,Mario Chalmers,Michael Beasley,1,8:36,WAS,rebound,,,,,,,,,,Antawn Jamison,,,,,,def,,
Antawn Jamison,Brendan Haywood,Caron Butler,Gilbert Arenas,Nick Young,Dwyane Wade,James Jones,Jermaine O'Neal,Mario Chalmers,Michael Beasley,1,8:33,WAS,turnover,,,,,,,,,,Nick Young,,,traveling,,,,,
Antawn Jamison,Brendan Haywood,Caron Butler,Gilbert Arenas,Nick Young,Dwyane Wade,James Jones,Jermaine O'Neal,Mario Chalmers,Michael Beasley,1,8:17,MIA,jump ball,,Brendan Haywood,,,Michael Beasley,,,,,,,Gilbert Arenas,,,,,,
Antawn Jamison,Brendan Haywood,Caron Butler,Gilbert Arenas,Nick Young,Dwyane Wade,James Jones,Jermaine O'Neal,Mario Chalmers,Michael Beasley,1,8:17,MIA,turnover,,,,,,,,,,Michael Beasley,,,lost ball,,Brendan Haywood,,,
Antawn Jamison,Brendan Haywood,Caron Butler,Gilbert Arenas,Nick Young,Dwyane Wade,James Jones,Jermaine O'Neal,Mario Chalmers,Michael Beasley,1,8:07,WAS,shot,,,,,,,,,,Caron Butler,,,,missed,,jump,39,18
Antawn Jamison,Brendan Haywood,Caron Butler,Gilbert Arenas,Nick Young,Dwyane Wade,James Jones,Jermaine O'Neal,Mario Chalmers,Michael Beasley,1,8:06,WAS,rebound,,,,,,,,,,Caron Butler,,,,,,off,,
Antawn Jamison,Brendan Haywood,Caron Butler,Gilbert Arenas,Nick Young,Dwyane Wade,James Jones,Jermaine O'Neal,Mario Chalmers,Michael Beasley,1,8:05,WAS,shot,,,,,,,,,,Caron Butler,2,,,made,,reverse layup,25,6
Antawn Jamison,Brendan Haywood,Caron Butler,Gilbert Arenas,Nick Young,Dwyane Wade,James Jones,Jermaine O'Neal,Mario Chalmers,Michael Beasley,1,7:42,MIA,shot,,,Antawn Jamison,,,,,,,Michael Beasley,,,,missed,,running jump,24,14
Antawn Jamison,Brendan Haywood,Caron Butler,Gilbert Arenas,Nick Young,Dwyane Wade,James Jones,Jermaine O'Neal,Mario Chalmers,Michael Beasley,1,7:41,MIA,rebound,,,,,,,,,,Jermaine O'Neal,,,,,,off,,
Antawn Jamison,Brendan Haywood,Caron Butler,Gilbert Arenas,Nick Young,Dwyane Wade,James Jones,Jermaine O'Neal,Mario Chalmers,Michael Beasley,1,7:38,MIA,shot,,,,,,,,,,Jermaine O'Neal,2,,,made,,dunk,25,6
Antawn Jamison,Brendan Haywood,Caron Butler,Gilbert Arenas,Nick Young,Dwyane Wade,James Jones,Jermaine O'Neal,Mario Chalmers,Michael Beasley,1,7:26,WAS,shot,,,,,,,,,,Gilbert Arenas,,,,missed,,3pt,8,25
Antawn Jamison,Brendan Haywood,Caron Butler,Gilbert Arenas,Nick Young,Dwyane Wade,James Jones,Jermaine O'Neal,Mario Chalmers,Michael Beasley,1,7:24,WAS,rebound,,,,,,,,,,Brendan Haywood,,,,,,off,,
Antawn Jamison,Brendan Haywood,Caron Butler,Gilbert Arenas,Nick Young,Dwyane Wade,James Jones,Jermaine O'Neal,Mario Chalmers,Michael Beasley,1,7:23,WAS,shot,,,,,,,,,,Brendan Haywood,,,,missed,,hook,23,10
Antawn Jamison,Brendan Haywood,Caron Butler,Gilbert Arenas,Nick Young,Dwyane Wade,James Jones,Jermaine O'Neal,Mario Chalmers,Michael Beasley,1,7:21,WAS,rebound,,,,,,,,,,Brendan Haywood,,,,,,off,,
Antawn Jamison,Brendan Haywood,Caron Butler,Gilbert Arenas,Nick Young,Dwyane Wade,James Jones,Jermaine O'Neal,Mario Chalmers,Michael Beasley,1,7:18,WAS,shot,,,,,,,,,,Brendan Haywood,,,,missed,,tip,25,6
Antawn Jamison,Brendan Haywood,Caron Butler,Gilbert Arenas,Nick Young,Dwyane Wade,James Jones,Jermaine O'Neal,Mario Chalmers,Michael Beasley,1,7:16,MIA,rebound,,,,,,,,,,,,,,,,,,
Antawn Jamison,Brendan Haywood,Caron Butler,Gilbert Arenas,Nick Young,Dwyane Wade,James Jones,Jermaine O'Neal,Mario Chalmers,Michael Beasley,1,7:16,WAS,foul,,,,,,,,Mario Chalmers,,Brendan Haywood,,,,,,personal,,
Antawn Jamison,Brendan Haywood,Caron Butler,Gilbert Arenas,Nick Young,Dwyane Wade,James Jones,Jermaine O'Neal,Mario Chalmers,Michael Beasley,1,7:03,MIA,turnover,,,,,,,,,,Mario Chalmers,,,bad pass,,Gilbert Arenas,,,
Antawn Jamison,Brendan Haywood,Caron Butler,Gilbert Arenas,Nick Young,Dwyane Wade,James Jones,Jermaine O'Neal,Mario Chalmers,Michael Beasley,1,6:58,WAS,shot,Caron Butler,,,,,,,,,Nick Young,2,,,made,,layup,25,6
Antawn Jamison,Brendan Haywood,Caron Butler,Gilbert Arenas,Nick Young,Dwyane Wade,James Jones,Jermaine O'Neal,Mario Chalmers,Michael Beasley,1,6:40,MIA,shot,Dwyane Wade,,,,,,,,,Michael Beasley,2,,,made,,jump,15,18
Antawn Jamison,Brendan Haywood,Caron Butler,Gilbert Arenas,Nick Young,Dwyane Wade,James Jones,Jermaine O'Neal,Mario Chalmers,Michael Beasley,1,6:25,WAS,shot,,,,,,,,,,Caron Butler,,,,missed,,jump,30,22
Antawn Jamison,Brendan Haywood,Caron Butler,Gilbert Arenas,Nick Young,Dwyane Wade,James Jones,Jermaine O'Neal,Mario Chalmers,Michael Beasley,1,6:23,MIA,rebound,,,,,,,,,,Dwyane Wade,,,,,,def,,
Antawn Jamison,Brendan Haywood,Caron Butler,Gilbert Arenas,Nick Young,Dwyane Wade,James Jones,Jermaine O'Neal,Mario Chalmers,Michael Beasley,1,6:14,MIA,shot,,,,,,,,,,Jermaine O'Neal,2,,,made,,layup,25,6
Antawn Jamison,Brendan Haywood,Caron Butler,Gilbert Arenas,Nick Young,Dwyane Wade,James Jones,Jermaine O'Neal,Mario Chalmers,Michael Beasley,1,5:56,WAS,shot,,,,,,,,,,Nick Young,,,,missed,,3pt,5,23
Antawn Jamison,Brendan Haywood,Caron Butler,Gilbert Arenas,Nick Young,Dwyane Wade,James Jones,Jermaine O'Neal,Mario Chalmers,Michael Beasley,1,5:51,MIA,rebound,,,,,,,,,,,,,,,,,,
Antawn Jamison,Brendan Haywood,Caron Butler,Gilbert Arenas,Nick Young,Dwyane Wade,James Jones,Jermaine O'Neal,Mario Chalmers,Michael Beasley,1,5:51,MIA,timeout,,,,,,,,,,,,,,,,regular,,
Antawn Jamison,Brendan Haywood,Caron Butler,Gilbert Arenas,Nick Young,Dwyane Wade,James Jones,Jermaine O'Neal,Mario Chalmers,Michael Beasley,1,5:39,WAS,foul,,,,,,,,Dwyane Wade,,Nick Young,,,,,,personal,,
Antawn Jamison,Brendan Haywood,Caron Butler,Gilbert Arenas,Nick Young,Dwyane Wade,James Jones,Jermaine O'Neal,Mario Chalmers,Michael Beasley,1,5:32,MIA,turnover,,,,,,,,,,Dwyane Wade,,,bad pass,,,,,
Antawn Jamison,Brendan Haywood,Caron Butler,Gilbert Arenas,Nick Young,Dwyane Wade,James Jones,Jermaine O'Neal,Mario Chalmers,Michael Beasley,1,5:15,WAS,shot,,,,,,,,,,Antawn Jamison,2,,,made,,layup,25,6
Antawn Jamison,Brendan Haywood,Caron Butler,Gilbert Arenas,Nick Young,Dwyane Wade,James Jones,Jermaine O'Neal,Mario Chalmers,Michael Beasley,1,4:50,MIA,shot,,,,,,,,,,Dwyane Wade,,,,missed,,fade away jumper,42,8
Antawn Jamison,Brendan Haywood,Caron Butler,Gilbert Arenas,Nick Young,Dwyane Wade,James Jones,Jermaine O'Neal,Mario Chalmers,Michael Beasley,1,4:47,MIA,rebound,,,,,,,,,,Michael Beasley,,,,,,off,,
Antawn Jamison,Brendan Haywood,Caron Butler,Gilbert Arenas,Nick Young,Dwyane Wade,James Jones,Jermaine O'Neal,Mario Chalmers,Michael Beasley,1,4:41,MIA,shot,,,,,,,,,,Michael Beasley,,,,missed,,jump,36,17
Antawn Jamison,Brendan Haywood,Caron Butler,Gilbert Arenas,Nick Young,Dwyane Wade,James Jones,Jermaine O'Neal,Mario Chalmers,Michael Beasley,1,4:40,WAS,rebound,,,,,,,,,,Antawn Jamison,,,,,,def,,
Antawn Jamison,Brendan Haywood,Caron Butler,Gilbert Arenas,Nick Young,Dwyane Wade,James Jones,Jermaine O'Neal,Mario Chalmers,Michael Beasley,1,4:39,MIA,foul,,,,,,,,Caron Butler,,Michael Beasley,,,,,,shooting,,
Antawn Jamison,Brendan Haywood,Caron Butler,Gilbert Arenas,Nick Young,Dwyane Wade,James Jones,Jermaine O'Neal,Mario Chalmers,Michael Beasley,1,4:39,WAS,free throw,,,,,,,1,,2,Caron Butler,,,foul,made,,,,
Antawn Jamison,Brendan Haywood,Caron Butler,Gilbert Arenas,Nick Young,Dwyane Wade,James Jones,Jermaine O'Neal,Mario Chalmers,Michael Beasley,1,4:39,WAS,free throw,,,,,,,2,,2,Caron Butler,,,foul,missed,,,,
Antawn Jamison,Brendan Haywood,Caron Butler,Gilbert Arenas,Nick Young,Dwyane Wade,James Jones,Jermaine O'Neal,Mario Chalmers,Michael Beasley,1,4:37,WAS,rebound,,,,,,,,,,Antawn Jamison,,,,,,off,,
Antawn Jamison,Brendan Haywood,Caron Butler,Gilbert Arenas,Nick Young,Dwyane Wade,James Jones,Jermaine O'Neal,Mario Chalmers,Michael Beasley,1,4:35,WAS,shot,,,,,,,,,,Antawn Jamison,2,,,made,,tip,25,6
Antawn Jamison,Brendan Haywood,Caron Butler,Gilbert Arenas,Nick Young,Dwyane Wade,James Jones,Jermaine O'Neal,Mario Chalmers,Michael Beasley,1,4:20,MIA,shot,James Jones,,,,,,,,,Jermaine O'Neal,2,,,made,,dunk,25,6
Antawn Jamison,Brendan Haywood,Caron Butler,Gilbert Arenas,Nick Young,Dwyane Wade,James Jones,Jermaine O'Neal,Mario Chalmers,Michael Beasley,1,4:09,WAS,shot,,,,,,,,,,Nick Young,,,,missed,,jump,17,20
Antawn Jamison,Brendan Haywood,Caron Butler,Gilbert Arenas,Nick Young,Dwyane Wade,James Jones,Jermaine O'Neal,Mario Chalmers,Michael Beasley,1,4:08,WAS,rebound,,,,,,,,,,Nick Young,,,,,,off,,
Antawn Jamison,Brendan Haywood,Caron Butler,Gilbert Arenas,Nick Young,Dwyane Wade,James Jones,Jermaine O'Neal,Mario Chalmers,Michael Beasley,1,4:02,WAS,shot,Nick Young,,,,,,,,,Antawn Jamison,2,,,made,,jump,32,12
Antawn Jamison,Brendan Haywood,Caron Butler,Gilbert Arenas,Nick Young,Dwyane Wade,James Jones,Jermaine O'Neal,Mario Chalmers,Michael Beasley,1,3:43,MIA,shot,,,,,,,,,,Jermaine O'Neal,2,,,made,,jump,20,12
Antawn Jamison,Brendan Haywood,Caron Butler,Gilbert Arenas,Nick Young,Dwyane Wade,James Jones,Jermaine O'Neal,Mario Chalmers,Michael Beasley,1,3:27,WAS,shot,Antawn Jamison,,,,,,,,,Gilbert Arenas,2,,,made,,layup,25,6
Antawn Jamison,Brendan Haywood,Caron Butler,Gilbert Arenas,Nick Young,Dwyane Wade,James Jones,Jermaine O'Neal,Mario Chalmers,Michael Beasley,1,3:27,MIA,foul,,,,,,,,Gilbert Arenas,,Jermaine O'Neal,,,,,,shooting,,
Antawn Jamison,Brendan Haywood,Caron Butler,Gilbert Arenas,Nick Young,Dwyane Wade,James Jones,Jermaine O'Neal,Mario Chalmers,Udonis Haslem,1,3:27,MIA,sub,,,,Udonis Haslem,,Michael Beasley,,,,,,,,,,,,
Antawn Jamison,Caron Butler,Gilbert Arenas,JaVale McGee,Nick Young,Dwyane Wade,James Jones,Jermaine O'Neal,Mario Chalmers,Udonis Haslem,1,3:27,WAS,sub,,,,JaVale McGee,,Brendan Haywood,,,,,,,,,,,,
Antawn Jamison,Caron Butler,Gilbert Arenas,JaVale McGee,Nick Young,Dwyane Wade,James Jones,Jermaine O'Neal,Mario Chalmers,Udonis Haslem,1,3:27,WAS,free throw,,,,,,,1,,1,Gilbert Arenas,,,foul,made,,,,
Antawn Jamison,Caron Butler,Gilbert Arenas,JaVale McGee,Nick Young,Dwyane Wade,James Jones,Jermaine O'Neal,Mario Chalmers,Udonis Haslem,1,3:09,MIA,shot,,,JaVale McGee,,,,,,,Jermaine O'Neal,,,,missed,,layup,25,6
Antawn Jamison,Caron Butler,Gilbert Arenas,JaVale McGee,Nick Young,Dwyane Wade,James Jones,Jermaine O'Neal,Mario Chalmers,Udonis Haslem,1,3:07,WAS,rebound,,,,,,,,,,Gilbert Arenas,,,,,,def,,
Antawn Jamison,Caron Butler,Gilbert Arenas,JaVale McGee,Nick Young,Dwyane Wade,James Jones,Jermaine O'Neal,Mario Chalmers,Udonis Haslem,1,3:05,WAS,turnover,,,,,,,,,,Gilbert Arenas,,,bad pass,,Dwyane Wade,,,
Antawn Jamison,Caron Butler,Gilbert Arenas,JaVale McGee,Nick Young,Dwyane Wade,James Jones,Jermaine O'Neal,Mario Chalmers,Udonis Haslem,1,2:58,MIA,shot,,,,,,,,,,Udonis Haslem,,,,missed,,jump,14,19
Antawn Jamison,Caron Butler,Gilbert Arenas,JaVale McGee,Nick Young,Dwyane Wade,James Jones,Jermaine O'Neal,Mario Chalmers,Udonis Haslem,1,2:57,MIA,rebound,,,,,,,,,,Jermaine O'Neal,,,,,,off,,
Antawn Jamison,Caron Butler,Gilbert Arenas,JaVale McGee,Nick Young,Dwyane Wade,James Jones,Jermaine O'Neal,Mario Chalmers,Udonis Haslem,1,2:56,MIA,shot,,,,,,,,,,Jermaine O'Neal,2,,,made,,tip,25,6
Antawn Jamison,Caron Butler,Gilbert Arenas,JaVale McGee,Nick Young,Dwyane Wade,James Jones,Jermaine O'Neal,Mario Chalmers,Udonis Haslem,1,2:50,WAS,timeout,,,,,,,,,,,,,,,,regular,,
Antawn Jamison,Caron Butler,Gilbert Arenas,JaVale McGee,Nick Young,Dwyane Wade,James Jones,Jermaine O'Neal,Mario Chalmers,Udonis Haslem,1,2:38,WAS,shot,Nick Young,,,,,,,,,Gilbert Arenas,2,,,made,,jump,20,24
Antawn Jamison,Caron Butler,Gilbert Arenas,JaVale McGee,Nick Young,Dwyane Wade,James Jones,Jermaine O'Neal,Mario Chalmers,Udonis Haslem,1,2:26,WAS,foul,,,,,,,,,,JaVale McGee,,,,,,defense 3 second,,
Antawn Jamison,Caron Butler,Gilbert Arenas,JaVale McGee,Nick Young,Dwyane Wade,James Jones,Jermaine O'Neal,Mario Chalmers,Udonis Haslem,1,2:26,MIA,free throw,,,,,,,1,,1,James Jones,,,technical,missed,,,,
Antawn Jamison,Caron Butler,Gilbert Arenas,JaVale McGee,Nick Young,Dwyane Wade,James Jones,Jermaine O'Neal,Mario Chalmers,Udonis Haslem,1,2:26,MIA,rebound,,,,,,,,,,,,,,,,,,
Antawn Jamison,Caron Butler,Gilbert Arenas,JaVale McGee,Nick Young,Dwyane Wade,James Jones,Jermaine O'Neal,Mario Chalmers,Udonis Haslem,1,2:20,MIA,turnover,,,,,,,,,,Dwyane Wade,,,bad pass,,Caron Butler,,,
Antawn Jamison,Caron Butler,Gilbert Arenas,JaVale McGee,Nick Young,Dwyane Wade,James Jones,Jermaine O'Neal,Mario Chalmers,Udonis Haslem,1,2:05,WAS,shot,,,,,,,,,,Caron Butler,,,,missed,,3pt,45,20
Antawn Jamison,Caron Butler,Gilbert Arenas,JaVale McGee,Nick Young,Dwyane Wade,James Jones,Jermaine O'Neal,Mario Chalmers,Udonis Haslem,1,2:04,MIA,rebound,,,,,,,,,,Dwyane Wade,,,,,,def,,
Antawn Jamison,Caron Butler,Gilbert Arenas,JaVale McGee,Nick Young,Dwyane Wade,James Jones,Jermaine O'Neal,Mario Chalmers,Udonis Haslem,1,1:55,MIA,shot,Dwyane Wade,,,,,,,,,James Jones,3,,,made,,3pt,4,20
Antawn Jamison,Caron Butler,Gilbert Arenas,JaVale McGee,Nick Young,Dwyane Wade,James Jones,Jermaine O'Neal,Mario Chalmers,Udonis Haslem,1,1:36,WAS,shot,,,,,,,,,,Antawn Jamison,,,,missed,,3pt,6,24
Antawn Jamison,Caron Butler,Gilbert Arenas,JaVale McGee,Nick Young,Dwyane Wade,James Jones,Jermaine O'Neal,Mario Chalmers,Udonis Haslem,1,1:35,WAS,rebound,,,,,,,,,,JaVale McGee,,,,,,off,,
Antawn Jamison,Caron Butler,Gilbert Arenas,JaVale McGee,Nick Young,Dwyane Wade,James Jones,Jermaine O'Neal,Mario Chalmers,Udonis Haslem,1,1:30,WAS,shot,,,,,,,,,,JaVale McGee,2,,,made,,layup,25,6
Antawn Jamison,Caron Butler,Gilbert Arenas,JaVale McGee,Nick Young,Dwyane Wade,James Jones,Jermaine O'Neal,Mario Chalmers,Udonis Haslem,1,1:12,WAS,violation,,,,,,,,,,JaVale McGee,,,,,,kicked ball,,
Antawn Jamison,Caron Butler,Gilbert Arenas,JaVale McGee,Nick Young,Dwyane Wade,James Jones,Joel Anthony,Mario Chalmers,Udonis Haslem,1,1:12,MIA,sub,,,,Joel Anthony,,Jermaine O'Neal,,,,,,,,,,,,
Andray Blatche,Caron Butler,Gilbert Arenas,JaVale McGee,Nick Young,Dwyane Wade,James Jones,Joel Anthony,Mario Chalmers,Udonis Haslem,1,1:12,WAS,sub,,,,Andray Blatche,,Antawn Jamison,,,,,,,,,,,,
Andray Blatche,Caron Butler,Gilbert Arenas,JaVale McGee,Nick Young,Dwyane Wade,James Jones,Joel Anthony,Mario Chalmers,Udonis Haslem,1,1:04,MIA,shot,,,JaVale McGee,,,,,,,Joel Anthony,,,,missed,,layup,25,6
Andray Blatche,Caron Butler,Gilbert Arenas,JaVale McGee,Nick Young,Dwyane Wade,James Jones,Joel Anthony,Mario Chalmers,Udonis Haslem,1,1:03,MIA,rebound,,,,,,,,,,,,,,,,,,
Andray Blatche,Caron Butler,Gilbert Arenas,JaVale McGee,Nick Young,Daequan Cook,Dwyane Wade,James Jones,Joel Anthony,Udonis Haslem,1,1:03,MIA,sub,,,,Daequan Cook,,Mario Chalmers,,,,,,,,,,,,
Andray Blatche,Caron Butler,Gilbert Arenas,JaVale McGee,Nick Young,Daequan Cook,Dwyane Wade,James Jones,Joel Anthony,Udonis Haslem,1,0:57,MIA,shot,,,,,,,,,,Dwyane Wade,,,,missed,,3pt,37,28
Andray Blatche,Caron Butler,Gilbert Arenas,JaVale McGee,Nick Young,Daequan Cook,Dwyane Wade,James Jones,Joel Anthony,Udonis Haslem,1,0:56,WAS,rebound,,,,,,,,,,,,,,,,,,
Andray Blatche,Caron Butler,Gilbert Arenas,JaVale McGee,Nick Young,Daequan Cook,Dwyane Wade,James Jones,Joel Anthony,Udonis Haslem,1,0:48,WAS,foul,,,,,,,,Udonis Haslem,,Caron Butler,,,,,,offensive,,
Andray Blatche,Caron Butler,Gilbert Arenas,JaVale McGee,Nick Young,Daequan Cook,Dwyane Wade,James Jones,Joel Anthony,Udonis Haslem,1,0:48,WAS,turnover,,,,,,,,,,Caron Butler,,,foul,,,,,
Andray Blatche,Caron Butler,Gilbert Arenas,JaVale McGee,Nick Young,Daequan Cook,Dwyane Wade,James Jones,Joel Anthony,Udonis Haslem,1,0:39,MIA,shot,Daequan Cook,,,,,,,,,Dwyane Wade,3,,,made,,3pt,47,11
Andray Blatche,Caron Butler,Gilbert Arenas,JaVale McGee,Nick Young,Daequan Cook,Dwyane Wade,James Jones,Joel Anthony,Udonis Haslem,1,0:19,WAS,shot,,,Joel Anthony,,,,,,,Nick Young,,,,missed,,jump,15,8
Andray Blatche,Caron Butler,Gilbert Arenas,JaVale McGee,Nick Young,Daequan Cook,Dwyane Wade,James Jones,Joel Anthony,Udonis Haslem,1,0:18,MIA,rebound,,,,,,,,,,Udonis Haslem,,,,,,def,,
Andray Blatche,Caron Butler,Gilbert Arenas,JaVale McGee,Nick Young,Daequan Cook,Dwyane Wade,James Jones,Joel Anthony,Udonis Haslem,1,0:16,MIA,turnover,,,,,,,,,,Udonis Haslem,,,lost ball,,JaVale McGee,,,
Andray Blatche,Caron Butler,Gilbert Arenas,JaVale McGee,Nick Young,Daequan Cook,Dwyane Wade,James Jones,Joel Anthony,Udonis Haslem,1,0:05,MIA,foul,,,,,,,,Gilbert Arenas,,James Jones,,,,,,personal,,
Andray Blatche,Caron Butler,Gilbert Arenas,JaVale McGee,Nick Young,Daequan Cook,Dwyane Wade,James Jones,Joel Anthony,Udonis Haslem,1,0:01,WAS,shot,,,Dwyane Wade,,,,,,,Gilbert Arenas,,,,missed,,layup,25,6
Andray Blatche,Caron Butler,Gilbert Arenas,JaVale McGee,Nick Young,Daequan Cook,Dwyane Wade,James Jones,Joel Anthony,Udonis Haslem,1,0:00,WAS,rebound,,,,,,,,,,,,,,,,,,
Andray Blatche,Caron Butler,Gilbert Arenas,JaVale McGee,Nick Young,Carlos Arroyo,Daequan Cook,Joel Anthony,Michael Beasley,Udonis Haslem,2,11:40,WAS,shot,Andray Blatche,,,,,,,,,Gilbert Arenas,2,,,made,,jump,33,21
Andray Blatche,Caron Butler,Gilbert Arenas,JaVale McGee,Nick Young,Carlos Arroyo,Daequan Cook,Joel Anthony,Michael Beasley,Udonis Haslem,2,11:13,MIA,shot,,,,,,,,,,Carlos Arroyo,,,,missed,,jump,37,20
Andray Blatche,Caron Butler,Gilbert Arenas,JaVale McGee,Nick Young,Carlos Arroyo,Daequan Cook,Joel Anthony,Michael Beasley,Udonis Haslem,2,11:12,MIA,rebound,,,,,,,,,,Joel Anthony,,,,,,off,,
Andray Blatche,Caron Butler,Gilbert Arenas,JaVale McGee,Nick Young,Carlos Arroyo,Daequan Cook,Joel Anthony,Michael Beasley,Udonis Haslem,2,11:10,MIA,shot,,,,,,,,,,Michael Beasley,,,,missed,,jump,8,8
Andray Blatche,Caron Butler,Gilbert Arenas,JaVale McGee,Nick Young,Carlos Arroyo,Daequan Cook,Joel Anthony,Michael Beasley,Udonis Haslem,2,11:09,WAS,rebound,,,,,,,,,,,,,,,,,,
Andray Blatche,Caron Butler,Gilbert Arenas,JaVale McGee,Nick Young,Carlos Arroyo,Daequan Cook,Joel Anthony,Michael Beasley,Udonis Haslem,2,11:09,MIA,foul,,,,,,,,Andray Blatche,,Joel Anthony,,,,,,personal,,
Andray Blatche,Antawn Jamison,Gilbert Arenas,JaVale McGee,Nick Young,Carlos Arroyo,Daequan Cook,Joel Anthony,Michael Beasley,Udonis Haslem,2,11:09,WAS,sub,,,,Antawn Jamison,,Caron Butler,,,,,,,,,,,,
Andray Blatche,Antawn Jamison,Earl Boykins,Gilbert Arenas,JaVale McGee,Carlos Arroyo,Daequan Cook,Joel Anthony,Michael Beasley,Udonis Haslem,2,11:09,WAS,sub,,,,Earl Boykins,,Nick Young,,,,,,,,,,,,
Andray Blatche,Antawn Jamison,Earl Boykins,JaVale McGee,Randy Foye,Carlos Arroyo,Daequan Cook,Joel Anthony,Michael Beasley,Udonis Haslem,2,11:09,WAS,sub,,,,Randy Foye,,Gilbert Arenas,,,,,,,,,,,,
Andray Blatche,Antawn Jamison,Earl Boykins,JaVale McGee,Randy Foye,Carlos Arroyo,Daequan Cook,Joel Anthony,Michael Beasley,Udonis Haslem,2,10:55,MIA,foul,,,,,,,,Antawn Jamison,,Michael Beasley,,,,,,shooting,,
Andray Blatche,Antawn Jamison,Earl Boykins,JaVale McGee,Randy Foye,Carlos Arroyo,Daequan Cook,Joel Anthony,Michael Beasley,Udonis Haslem,2,10:55,WAS,free throw,,,,,,,1,,2,Antawn Jamison,,,foul,missed,,,,
Andray Blatche,Antawn Jamison,Earl Boykins,JaVale McGee,Randy Foye,Carlos Arroyo,Daequan Cook,Joel Anthony,Michael Beasley,Udonis Haslem,2,10:55,WAS,rebound,,,,,,,,,,,,,,,,,,
Andray Blatche,Antawn Jamison,Earl Boykins,JaVale McGee,Randy Foye,Carlos Arroyo,Daequan Cook,Joel Anthony,Michael Beasley,Udonis Haslem,2,10:55,WAS,free throw,,,,,,,2,,2,Antawn Jamison,,,foul,missed,,,,
Andray Blatche,Antawn Jamison,Earl Boykins,JaVale McGee,Randy Foye,Carlos Arroyo,Daequan Cook,Joel Anthony,Michael Beasley,Udonis Haslem,2,10:55,MIA,rebound,,,,,,,,,,Michael Beasley,,,,,,def,,
Andray Blatche,Antawn Jamison,Earl Boykins,JaVale McGee,Randy Foye,Carlos Arroyo,Daequan Cook,Joel Anthony,Michael Beasley,Udonis Haslem,2,10:36,MIA,shot,,,,,,,,,,Michael Beasley,,,,missed,,driving layup,25,6
Andray Blatche,Antawn Jamison,Earl Boykins,JaVale McGee,Randy Foye,Carlos Arroyo,Daequan Cook,Joel Anthony,Michael Beasley,Udonis Haslem,2,10:35,MIA,rebound,,,,,,,,,,Udonis Haslem,,,,,,off,,
Andray Blatche,Antawn Jamison,Earl Boykins,JaVale McGee,Randy Foye,Carlos Arroyo,Daequan Cook,Joel Anthony,Michael Beasley,Udonis Haslem,2,10:29,MIA,shot,,,,,,,,,,Daequan Cook,,,,missed,,3pt,39,26
Andray Blatche,Antawn Jamison,Earl Boykins,JaVale McGee,Randy Foye,Carlos Arroyo,Daequan Cook,Joel Anthony,Michael Beasley,Udonis Haslem,2,10:28,MIA,rebound,,,,,,,,,,Joel Anthony,,,,,,off,,
Andray Blatche,Antawn Jamison,Earl Boykins,JaVale McGee,Randy Foye,Carlos Arroyo,Daequan Cook,Joel Anthony,Michael Beasley,Udonis Haslem,2,10:15,MIA,shot,,,,,,,,,,Udonis Haslem,,,,missed,,jump,6,11
Andray Blatche,Antawn Jamison,Earl Boykins,JaVale McGee,Randy Foye,Carlos Arroyo,Daequan Cook,Joel Anthony,Michael Beasley,Udonis Haslem,2,10:14,MIA,rebound,,,,,,,,,,,,,,,,,,
Andray Blatche,Antawn Jamison,Earl Boykins,JaVale McGee,Randy Foye,Carlos Arroyo,Daequan Cook,Joel Anthony,Michael Beasley,Udonis Haslem,2,10:02,MIA,shot,Carlos Arroyo,,,,,,,,,Daequan Cook,2,,,made,,jump,42,18
Andray Blatche,Antawn Jamison,Earl Boykins,JaVale McGee,Randy Foye,Carlos Arroyo,Daequan Cook,Joel Anthony,Michael Beasley,Udonis Haslem,2,9:45,WAS,shot,,,,,,,,,,Antawn Jamison,,,,missed,,jump,42,7
Andray Blatche,Antawn Jamison,Earl Boykins,JaVale McGee,Randy Foye,Carlos Arroyo,Daequan Cook,Joel Anthony,Michael Beasley,Udonis Haslem,2,9:44,WAS,rebound,,,,,,,,,,JaVale McGee,,,,,,off,,
Andray Blatche,Antawn Jamison,Earl Boykins,JaVale McGee,Randy Foye,Carlos Arroyo,Daequan Cook,Joel Anthony,Michael Beasley,Udonis Haslem,2,9:43,MIA,foul,,,,,,,,JaVale McGee,,Joel Anthony,,,,,,personal,,
Andray Blatche,Antawn Jamison,Brendan Haywood,Earl Boykins,Randy Foye,Carlos Arroyo,Daequan Cook,Joel Anthony,Michael Beasley,Udonis Haslem,2,9:43,WAS,sub,,,,Brendan Haywood,,JaVale McGee,,,,,,,,,,,,
Andray Blatche,Antawn Jamison,Brendan Haywood,Earl Boykins,Randy Foye,Carlos Arroyo,Daequan Cook,Joel Anthony,Michael Beasley,Udonis Haslem,2,9:36,WAS,shot,,,,,,,,,,Andray Blatche,,,,missed,,jump,43,9
Andray Blatche,Antawn Jamison,Brendan Haywood,Earl Boykins,Randy Foye,Carlos Arroyo,Daequan Cook,Joel Anthony,Michael Beasley,Udonis Haslem,2,9:35,WAS,rebound,,,,,,,,,,Antawn Jamison,,,,,,off,,
Andray Blatche,Antawn Jamison,Brendan Haywood,Earl Boykins,Randy Foye,Carlos Arroyo,Daequan Cook,Joel Anthony,Michael Beasley,Udonis Haslem,2,9:30,WAS,shot,,,,,,,,,,Antawn Jamison,2,,,made,,hook,16,7
Andray Blatche,Antawn Jamison,Brendan Haywood,Earl Boykins,Randy Foye,Carlos Arroyo,Daequan Cook,Joel Anthony,Michael Beasley,Udonis Haslem,2,9:16,MIA,shot,,,,,,,,,,Daequan Cook,,,,missed,,jump,33,23
Andray Blatche,Antawn Jamison,Brendan Haywood,Earl Boykins,Randy Foye,Carlos Arroyo,Daequan Cook,Joel Anthony,Michael Beasley,Udonis Haslem,2,9:15,WAS,rebound,,,,,,,,,,Andray Blatche,,,,,,def,,
Andray Blatche,Antawn Jamison,Brendan Haywood,Earl Boykins,Randy Foye,Carlos Arroyo,Daequan Cook,Joel Anthony,Michael Beasley,Udonis Haslem,2,9:11,WAS,shot,,,Joel Anthony,,,,,,,Randy Foye,,,,missed,,layup,25,6
Andray Blatche,Antawn Jamison,Brendan Haywood,Earl Boykins,Randy Foye,Carlos Arroyo,Daequan Cook,Joel Anthony,Michael Beasley,Udonis Haslem,2,9:10,WAS,rebound,,,,,,,,,,,,,,,,,,
Andray Blatche,Antawn Jamison,Brendan Haywood,Earl Boykins,Randy Foye,Carlos Arroyo,Daequan Cook,Joel Anthony,Michael Beasley,Udonis Haslem,2,9:06,WAS,shot,,,,,,,,,,Earl Boykins,2,,,made,,jump,39,6
Andray Blatche,Antawn Jamison,Brendan Haywood,Earl Boykins,Randy Foye,Carlos Arroyo,Daequan Cook,Joel Anthony,Michael Beasley,Udonis Haslem,2,8:59,MIA,timeout,,,,,,,,,,,,,,,,regular,,
Andray Blatche,Antawn Jamison,Brendan Haywood,Earl Boykins,Randy Foye,Carlos Arroyo,Daequan Cook,Jermaine O'Neal,Michael Beasley,Udonis Haslem,2,8:59,MIA,sub,,,,Jermaine O'Neal,,Joel Anthony,,,,,,,,,,,,
Andray Blatche,Antawn Jamison,Brendan Haywood,Earl Boykins,Randy Foye,Carlos Arroyo,Daequan Cook,Jermaine O'Neal,Michael Beasley,Udonis Haslem,2,8:48,MIA,shot,,,,,,,,,,Udonis Haslem,,,,missed,,jump,32,19
Andray Blatche,Antawn Jamison,Brendan Haywood,Earl Boykins,Randy Foye,Carlos Arroyo,Daequan Cook,Jermaine O'Neal,Michael Beasley,Udonis Haslem,2,8:47,WAS,rebound,,,,,,,,,,Andray Blatche,,,,,,def,,
Andray Blatche,Antawn Jamison,Brendan Haywood,Earl Boykins,Randy Foye,Carlos Arroyo,Daequan Cook,Jermaine O'Neal,Michael Beasley,Udonis Haslem,2,8:33,WAS,shot,,,,,,,,,,Randy Foye,,,,missed,,jump,14,21
Andray Blatche,Antawn Jamison,Brendan Haywood,Earl Boykins,Randy Foye,Carlos Arroyo,Daequan Cook,Jermaine O'Neal,Michael Beasley,Udonis Haslem,2,8:33,WAS,rebound,,,,,,,,,,Brendan Haywood,,,,,,off,,
Andray Blatche,Antawn Jamison,Brendan Haywood,Earl Boykins,Randy Foye,Carlos Arroyo,Daequan Cook,Jermaine O'Neal,Michael Beasley,Udonis Haslem,2,8:33,MIA,foul,,,,,,,,Brendan Haywood,,Jermaine O'Neal,,,,,,shooting,,
Andray Blatche,Antawn Jamison,Brendan Haywood,Earl Boykins,Randy Foye,Carlos Arroyo,Daequan Cook,Jermaine O'Neal,Michael Beasley,Udonis Haslem,2,8:33,WAS,free throw,,,,,,,1,,2,Brendan Haywood,,,foul,made,,,,
Andray Blatche,Antawn Jamison,Brendan Haywood,Earl Boykins,Randy Foye,Carlos Arroyo,Daequan Cook,Jermaine O'Neal,Michael Beasley,Udonis Haslem,2,8:33,WAS,free throw,,,,,,,2,,2,Brendan Haywood,,,foul,made,,,,
Andray Blatche,Antawn Jamison,Brendan Haywood,Earl Boykins,Randy Foye,Carlos Arroyo,Daequan Cook,Jermaine O'Neal,Michael Beasley,Udonis Haslem,2,8:16,MIA,shot,,,,,,,,,,Jermaine O'Neal,,,,missed,,turnaround jump,36,8
Andray Blatche,Antawn Jamison,Brendan Haywood,Earl Boykins,Randy Foye,Carlos Arroyo,Daequan Cook,Jermaine O'Neal,Michael Beasley,Udonis Haslem,2,8:15,WAS,rebound,,,,,,,,,,Andray Blatche,,,,,,def,,
Andray Blatche,Antawn Jamison,Brendan Haywood,Earl Boykins,Randy Foye,Carlos Arroyo,Daequan Cook,Jermaine O'Neal,Michael Beasley,Udonis Haslem,2,8:03,WAS,shot,Earl Boykins,,,,,,,,,Antawn Jamison,3,,,made,,3pt,43,22
Andray Blatche,Antawn Jamison,Brendan Haywood,Earl Boykins,Randy Foye,Carlos Arroyo,Daequan Cook,Jermaine O'Neal,Michael Beasley,Udonis Haslem,2,7:58,MIA,timeout,,,,,,,,,,,,,,,,short,,
Andray Blatche,Antawn Jamison,Brendan Haywood,Earl Boykins,Randy Foye,Carlos Arroyo,Jermaine O'Neal,Mario Chalmers,Michael Beasley,Udonis Haslem,2,7:58,MIA,sub,,,,Mario Chalmers,,Daequan Cook,,,,,,,,,,,,
Andray Blatche,Antawn Jamison,Brendan Haywood,Earl Boykins,Randy Foye,Dwyane Wade,Jermaine O'Neal,Mario Chalmers,Michael Beasley,Udonis Haslem,2,7:58,MIA,sub,,,,Dwyane Wade,,Carlos Arroyo,,,,,,,,,,,,
Andray Blatche,Antawn Jamison,Brendan Haywood,Earl Boykins,Randy Foye,Dwyane Wade,Jermaine O'Neal,Mario Chalmers,Michael Beasley,Udonis Haslem,2,7:42,MIA,shot,,,,,,,,,,Mario Chalmers,2,,,made,,floating jump,23,14
Andray Blatche,Antawn Jamison,Brendan Haywood,Earl Boykins,Randy Foye,Dwyane Wade,Jermaine O'Neal,Mario Chalmers,Michael Beasley,Udonis Haslem,2,7:27,WAS,shot,,,,,,,,,,Andray Blatche,,,,missed,,3pt,48,8
Andray Blatche,Antawn Jamison,Brendan Haywood,Earl Boykins,Randy Foye,Dwyane Wade,Jermaine O'Neal,Mario Chalmers,Michael Beasley,Udonis Haslem,2,7:26,MIA,rebound,,,,,,,,,,Dwyane Wade,,,,,,def,,
Andray Blatche,Antawn Jamison,Brendan Haywood,Earl Boykins,Randy Foye,Dwyane Wade,Jermaine O'Neal,Mario Chalmers,Michael Beasley,Udonis Haslem,2,7:19,MIA,shot,,,,,,,,,,Dwyane Wade,,,,missed,,jump,38,12
Andray Blatche,Antawn Jamison,Brendan Haywood,Earl Boykins,Randy Foye,Dwyane Wade,Jermaine O'Neal,Mario Chalmers,Michael Beasley,Udonis Haslem,2,7:18,WAS,rebound,,,,,,,,,,Andray Blatche,,,,,,def,,
Andray Blatche,Antawn Jamison,Brendan Haywood,Earl Boykins,Randy Foye,Dwyane Wade,Jermaine O'Neal,Mario Chalmers,Michael Beasley,Udonis Haslem,2,7:13,WAS,shot,,,,,,,,,,Earl Boykins,,,,missed,,jump,36,20
Andray Blatche,Antawn Jamison,Brendan Haywood,Earl Boykins,Randy Foye,Dwyane Wade,Jermaine O'Neal,Mario Chalmers,Michael Beasley,Udonis Haslem,2,7:12,MIA,rebound,,,,,,,,,,Jermaine O'Neal,,,,,,def,,
Andray Blatche,Antawn Jamison,Brendan Haywood,Earl Boykins,Randy Foye,Dwyane Wade,Jermaine O'Neal,Mario Chalmers,Michael Beasley,Udonis Haslem,2,7:06,MIA,shot,Mario Chalmers,,,,,,,,,Dwyane Wade,2,,,made,,jump,17,7
Andray Blatche,Antawn Jamison,Brendan Haywood,Earl Boykins,Randy Foye,Dwyane Wade,Jermaine O'Neal,Mario Chalmers,Michael Beasley,Udonis Haslem,2,6:46,WAS,shot,,,,,,,,,,Randy Foye,2,,,made,,jump,44,6
Andray Blatche,Antawn Jamison,Brendan Haywood,Earl Boykins,Randy Foye,Dwyane Wade,Jermaine O'Neal,Mario Chalmers,Michael Beasley,Udonis Haslem,2,6:35,MIA,turnover,,,,,,,,,,Mario Chalmers,,,lost ball,,Earl Boykins,,,
Andray Blatche,Antawn Jamison,Brendan Haywood,Earl Boykins,Randy Foye,Dwyane Wade,Jermaine O'Neal,Mario Chalmers,Michael Beasley,Udonis Haslem,2,6:31,WAS,shot,,,,,,,,,,Earl Boykins,2,,,made,,jump,28,8
Andray Blatche,Antawn Jamison,Brendan Haywood,Earl Boykins,Randy Foye,Dwyane Wade,Jermaine O'Neal,Mario Chalmers,Michael Beasley,Udonis Haslem,2,6:15,MIA,shot,Mario Chalmers,,,,,,,,,Michael Beasley,2,,,made,,jump,34,10
Andray Blatche,Antawn Jamison,Brendan Haywood,Earl Boykins,Randy Foye,Dwyane Wade,Jermaine O'Neal,Mario Chalmers,Michael Beasley,Udonis Haslem,2,5:56,WAS,shot,,,Jermaine O'Neal,,,,,,,Andray Blatche,,,,missed,,jump,14,7
Andray Blatche,Antawn Jamison,Brendan Haywood,Earl Boykins,Randy Foye,Dwyane Wade,Jermaine O'Neal,Mario Chalmers,Michael Beasley,Udonis Haslem,2,5:54,WAS,rebound,,,,,,,,,,Andray Blatche,,,,,,off,,
Andray Blatche,Antawn Jamison,Brendan Haywood,Earl Boykins,Randy Foye,Dwyane Wade,Jermaine O'Neal,Mario Chalmers,Michael Beasley,Udonis Haslem,2,5:52,WAS,shot,,,,,,,,,,Andray Blatche,2,,,made,,dunk,25,6
Andray Blatche,Antawn Jamison,Brendan Haywood,Earl Boykins,Randy Foye,Dwyane Wade,Jermaine O'Neal,Mario Chalmers,Michael Beasley,Udonis Haslem,2,5:31,WAS,foul,,,,,,,,Michael Beasley,,Andray Blatche,,,,,,shooting,,
Andray Blatche,Antawn Jamison,Brendan Haywood,Earl Boykins,Randy Foye,Dwyane Wade,Jermaine O'Neal,Mario Chalmers,Michael Beasley,Udonis Haslem,2,5:31,MIA,timeout,,,,,,,,,,,,,,,,official,,
Antawn Jamison,Brendan Haywood,Caron Butler,Earl Boykins,Randy Foye,Dwyane Wade,Jermaine O'Neal,Mario Chalmers,Michael Beasley,Udonis Haslem,2,5:31,WAS,sub,,,,Caron Butler,,Andray Blatche,,,,,,,,,,,,
Antawn Jamison,Brendan Haywood,Caron Butler,Earl Boykins,Randy Foye,Dwyane Wade,Jermaine O'Neal,Mario Chalmers,Michael Beasley,Udonis Haslem,2,5:31,MIA,free throw,,,,,,,1,,2,Michael Beasley,,,foul,made,,,,
Antawn Jamison,Brendan Haywood,Caron Butler,Earl Boykins,Randy Foye,Dwyane Wade,Jermaine O'Neal,Mario Chalmers,Michael Beasley,Udonis Haslem,2,5:31,MIA,free throw,,,,,,,2,,2,Michael Beasley,,,foul,made,,,,
Antawn Jamison,Brendan Haywood,Caron Butler,Earl Boykins,Randy Foye,Dwyane Wade,Jermaine O'Neal,Mario Chalmers,Michael Beasley,Udonis Haslem,2,5:15,WAS,shot,Earl Boykins,,,,,,,,,Randy Foye,2,,,made,,jump,13,8
Antawn Jamison,Brendan Haywood,Caron Butler,Earl Boykins,Randy Foye,Dwyane Wade,Jermaine O'Neal,Mario Chalmers,Michael Beasley,Udonis Haslem,2,5:02,WAS,foul,,,,,,,,Dwyane Wade,,Randy Foye,,,,,,personal,,
Antawn Jamison,Brendan Haywood,Caron Butler,Earl Boykins,Randy Foye,Dwyane Wade,James Jones,Jermaine O'Neal,Mario Chalmers,Michael Beasley,2,5:02,MIA,sub,,,,James Jones,,Udonis Haslem,,,,,,,,,,,,
Antawn Jamison,Brendan Haywood,Caron Butler,Earl Boykins,Randy Foye,Dwyane Wade,James Jones,Jermaine O'Neal,Mario Chalmers,Michael Beasley,2,4:49,MIA,shot,,,,,,,,,,Dwyane Wade,2,,,made,,jump,16,18
Antawn Jamison,Brendan Haywood,Caron Butler,Earl Boykins,Randy Foye,Dwyane Wade,James Jones,Jermaine O'Neal,Mario Chalmers,Michael Beasley,2,4:31,WAS,shot,,,,,,,,,,Caron Butler,,,,missed,,jump,13,9
Antawn Jamison,Brendan Haywood,Caron Butler,Earl Boykins,Randy Foye,Dwyane Wade,James Jones,Jermaine O'Neal,Mario Chalmers,Michael Beasley,2,4:30,MIA,rebound,,,,,,,,,,Michael Beasley,,,,,,def,,
Antawn Jamison,Brendan Haywood,Caron Butler,Earl Boykins,Randy Foye,Dwyane Wade,James Jones,Jermaine O'Neal,Mario Chalmers,Michael Beasley,2,4:22,WAS,foul,,,,,,,,Mario Chalmers,,Antawn Jamison,,,,,,personal,,
Antawn Jamison,Brendan Haywood,Caron Butler,Nick Young,Randy Foye,Dwyane Wade,James Jones,Jermaine O'Neal,Mario Chalmers,Michael Beasley,2,4:22,WAS,sub,,,,Nick Young,,Earl Boykins,,,,,,,,,,,,
Antawn Jamison,Brendan Haywood,Caron Butler,Gilbert Arenas,Nick Young,Dwyane Wade,James Jones,Jermaine O'Neal,Mario Chalmers,Michael Beasley,2,4:22,WAS,sub,,,,Gilbert Arenas,,Randy Foye,,,,,,,,,,,,
Antawn Jamison,Brendan Haywood,Caron Butler,Gilbert Arenas,Nick Young,Dwyane Wade,James Jones,Jermaine O'Neal,Mario Chalmers,Michael Beasley,2,4:08,MIA,shot,,,,,,,,,,Mario Chalmers,,,,missed,,3pt,39,26
Antawn Jamison,Brendan Haywood,Caron Butler,Gilbert Arenas,Nick Young,Dwyane Wade,James Jones,Jermaine O'Neal,Mario Chalmers,Michael Beasley,2,4:07,WAS,rebound,,,,,,,,,,Brendan Haywood,,,,,,def,,
Antawn Jamison,Brendan Haywood,Caron Butler,Gilbert Arenas,Nick Young,Dwyane Wade,James Jones,Jermaine O'Neal,Mario Chalmers,Michael Beasley,2,3:50,WAS,shot,Gilbert Arenas,,,,,,,,,Nick Young,2,,,made,,jump,42,21
Antawn Jamison,Brendan Haywood,Caron Butler,Gilbert Arenas,Nick Young,Dwyane Wade,James Jones,Jermaine O'Neal,Mario Chalmers,Michael Beasley,2,3:38,MIA,shot,Mario Chalmers,,,,,,,,,Jermaine O'Neal,2,,,made,,jump,15,13
Antawn Jamison,Brendan Haywood,Caron Butler,Gilbert Arenas,Nick Young,Dwyane Wade,James Jones,Jermaine O'Neal,Mario Chalmers,Michael Beasley,2,3:25,MIA,foul,,,,,,,,Nick Young,,Dwyane Wade,,,,,,shooting,,
Antawn Jamison,Brendan Haywood,Caron Butler,Gilbert Arenas,Nick Young,Dwyane Wade,James Jones,Jermaine O'Neal,Mario Chalmers,Michael Beasley,2,3:25,WAS,free throw,,,,,,,1,,2,Nick Young,,,foul,missed,,,,
Antawn Jamison,Brendan Haywood,Caron Butler,Gilbert Arenas,Nick Young,Dwyane Wade,James Jones,Jermaine O'Neal,Mario Chalmers,Michael Beasley,2,3:25,WAS,rebound,,,,,,,,,,,,,,,,,,
Antawn Jamison,Brendan Haywood,Caron Butler,Gilbert Arenas,Nick Young,Dwyane Wade,James Jones,Jermaine O'Neal,Mario Chalmers,Michael Beasley,2,3:25,WAS,free throw,,,,,,,2,,2,Nick Young,,,foul,missed,,,,
Antawn Jamison,Brendan Haywood,Caron Butler,Gilbert Arenas,Nick Young,Dwyane Wade,James Jones,Jermaine O'Neal,Mario Chalmers,Michael Beasley,2,3:24,MIA,rebound,,,,,,,,,,Michael Beasley,,,,,,def,,
Antawn Jamison,Brendan Haywood,Caron Butler,Gilbert Arenas,Nick Young,Dwyane Wade,James Jones,Jermaine O'Neal,Mario Chalmers,Michael Beasley,2,3:14,MIA,shot,,,,,,,,,,Dwyane Wade,,,,missed,,3pt,43,24
Antawn Jamison,Brendan Haywood,Caron Butler,Gilbert Arenas,Nick Young,Dwyane Wade,James Jones,Jermaine O'Neal,Mario Chalmers,Michael Beasley,2,3:13,WAS,rebound,,,,,,,,,,Antawn Jamison,,,,,,def,,
Antawn Jamison,Brendan Haywood,Caron Butler,Gilbert Arenas,Nick Young,Dwyane Wade,James Jones,Jermaine O'Neal,Mario Chalmers,Michael Beasley,2,2:57,WAS,shot,,,,,,,,,,Nick Young,,,,missed,,jump,35,19
Antawn Jamison,Brendan Haywood,Caron Butler,Gilbert Arenas,Nick Young,Dwyane Wade,James Jones,Jermaine O'Neal,Mario Chalmers,Michael Beasley,2,2:56,MIA,rebound,,,,,,,,,,James Jones,,,,,,def,,
Antawn Jamison,Brendan Haywood,Caron Butler,Gilbert Arenas,Nick Young,Dwyane Wade,James Jones,Jermaine O'Neal,Mario Chalmers,Michael Beasley,2,2:45,MIA,shot,,,,,,,,,,Dwyane Wade,,,,missed,,3pt,1,7
Antawn Jamison,Brendan Haywood,Caron Butler,Gilbert Arenas,Nick Young,Dwyane Wade,James Jones,Jermaine O'Neal,Mario Chalmers,Michael Beasley,2,2:44,MIA,rebound,,,,,,,,,,Michael Beasley,,,,,,off,,
Antawn Jamison,Brendan Haywood,Caron Butler,Gilbert Arenas,Nick Young,Dwyane Wade,James Jones,Jermaine O'Neal,Mario Chalmers,Michael Beasley,2,2:42,MIA,foul,,,,,,,,Nick Young,,Dwyane Wade,,,,,,offensive,,
Antawn Jamison,Brendan Haywood,Caron Butler,Gilbert Arenas,Nick Young,Dwyane Wade,James Jones,Jermaine O'Neal,Mario Chalmers,Michael Beasley,2,2:42,MIA,turnover,,,,,,,,,,Dwyane Wade,,,foul,,,,,
Antawn Jamison,Brendan Haywood,Caron Butler,Gilbert Arenas,Nick Young,Dwyane Wade,James Jones,Jermaine O'Neal,Mario Chalmers,Michael Beasley,2,2:42,WAS,timeout,,,,,,,,,,,,,,,,regular,,
Antawn Jamison,Brendan Haywood,Caron Butler,Gilbert Arenas,Nick Young,Dwyane Wade,James Jones,Jermaine O'Neal,Mario Chalmers,Michael Beasley,2,2:22,WAS,shot,,,,,,,,,,Nick Young,2,,,made,,jump,39,6
Antawn Jamison,Brendan Haywood,Caron Butler,Gilbert Arenas,Nick Young,Dwyane Wade,James Jones,Jermaine O'Neal,Mario Chalmers,Michael Beasley,2,2:04,MIA,shot,Michael Beasley,,,,,,,,,James Jones,3,,,made,,3pt,20,31
Antawn Jamison,Brendan Haywood,Caron Butler,Gilbert Arenas,Nick Young,Dwyane Wade,James Jones,Jermaine O'Neal,Mario Chalmers,Michael Beasley,2,1:39,MIA,foul,,,,,,,,Brendan Haywood,,Dwyane Wade,,,,,,personal,,
Antawn Jamison,Brendan Haywood,Caron Butler,Gilbert Arenas,Nick Young,Dwyane Wade,James Jones,Jermaine O'Neal,Mario Chalmers,Michael Beasley,2,1:39,WAS,free throw,,,,,,,1,,2,Brendan Haywood,,,foul,missed,,,,
Antawn Jamison,Brendan Haywood,Caron Butler,Gilbert Arenas,Nick Young,Dwyane Wade,James Jones,Jermaine O'Neal,Mario Chalmers,Michael Beasley,2,1:39,WAS,rebound,,,,,,,,,,,,,,,,,,
Antawn Jamison,Brendan Haywood,Caron Butler,Gilbert Arenas,Nick Young,Daequan Cook,James Jones,Jermaine O'Neal,Mario Chalmers,Michael Beasley,2,1:39,MIA,sub,,,,Daequan Cook,,Dwyane Wade,,,,,,,,,,,,
Antawn Jamison,Brendan Haywood,Caron Butler,Gilbert Arenas,Nick Young,Daequan Cook,James Jones,Jermaine O'Neal,Mario Chalmers,Michael Beasley,2,1:39,WAS,free throw,,,,,,,2,,2,Brendan Haywood,,,foul,missed,,,,
Antawn Jamison,Brendan Haywood,Caron Butler,Gilbert Arenas,Nick Young,Daequan Cook,James Jones,Jermaine O'Neal,Mario Chalmers,Michael Beasley,2,1:38,MIA,rebound,,,,,,,,,,Jermaine O'Neal,,,,,,def,,
Antawn Jamison,Brendan Haywood,Caron Butler,Gilbert Arenas,Nick Young,Daequan Cook,James Jones,Jermaine O'Neal,Mario Chalmers,Michael Beasley,2,1:16,MIA,shot,,,,,,,,,,Daequan Cook,,,,missed,,3pt,23,32
Antawn Jamison,Brendan Haywood,Caron Butler,Gilbert Arenas,Nick Young,Daequan Cook,James Jones,Jermaine O'Neal,Mario Chalmers,Michael Beasley,2,1:15,WAS,rebound,,,,,,,,,,Antawn Jamison,,,,,,def,,
Antawn Jamison,Brendan Haywood,Caron Butler,Gilbert Arenas,Nick Young,Daequan Cook,James Jones,Jermaine O'Neal,Mario Chalmers,Michael Beasley,2,1:00,WAS,shot,,,,,,,,,,Nick Young,2,,,made,,jump,14,20
Antawn Jamison,Brendan Haywood,Caron Butler,Gilbert Arenas,Nick Young,Daequan Cook,James Jones,Jermaine O'Neal,Mario Chalmers,Michael Beasley,2,0:42,WAS,foul,,,,,,,,Jermaine O'Neal,,Brendan Haywood,,,,,,shooting,,
Antawn Jamison,Brendan Haywood,Caron Butler,Gilbert Arenas,Nick Young,Daequan Cook,James Jones,Jermaine O'Neal,Mario Chalmers,Michael Beasley,2,0:42,MIA,free throw,,,,,,,1,,2,Jermaine O'Neal,,,foul,missed,,,,
Antawn Jamison,Brendan Haywood,Caron Butler,Gilbert Arenas,Nick Young,Daequan Cook,James Jones,Jermaine O'Neal,Mario Chalmers,Michael Beasley,2,0:42,MIA,rebound,,,,,,,,,,,,,,,,,,
Antawn Jamison,Brendan Haywood,Caron Butler,Gilbert Arenas,Nick Young,Daequan Cook,James Jones,Jermaine O'Neal,Mario Chalmers,Udonis Haslem,2,0:42,MIA,sub,,,,Udonis Haslem,,Michael Beasley,,,,,,,,,,,,
Antawn Jamison,Caron Butler,Gilbert Arenas,JaVale McGee,Nick Young,Daequan Cook,James Jones,Jermaine O'Neal,Mario Chalmers,Udonis Haslem,2,0:42,WAS,sub,,,,JaVale McGee,,Brendan Haywood,,,,,,,,,,,,
Antawn Jamison,Caron Butler,Gilbert Arenas,JaVale McGee,Nick Young,Daequan Cook,James Jones,Jermaine O'Neal,Mario Chalmers,Udonis Haslem,2,0:42,MIA,free throw,,,,,,,2,,2,Jermaine O'Neal,,,foul,made,,,,
Antawn Jamison,Caron Butler,Gilbert Arenas,JaVale McGee,Nick Young,Daequan Cook,James Jones,Jermaine O'Neal,Mario Chalmers,Udonis Haslem,2,0:24,WAS,shot,,,,,,,,,,Antawn Jamison,,,,missed,,jump,35,22
Antawn Jamison,Caron Butler,Gilbert Arenas,JaVale McGee,Nick Young,Daequan Cook,James Jones,Jermaine O'Neal,Mario Chalmers,Udonis Haslem,2,0:23,MIA,rebound,,,,,,,,,,Daequan Cook,,,,,,def,,
Antawn Jamison,Caron Butler,Gilbert Arenas,JaVale McGee,Nick Young,Daequan Cook,James Jones,Jermaine O'Neal,Mario Chalmers,Udonis Haslem,2,0:01,MIA,shot,,,,,,,,,,Jermaine O'Neal,,,,missed,,jump,38,18
Antawn Jamison,Caron Butler,Gilbert Arenas,JaVale McGee,Nick Young,Daequan Cook,James Jones,Jermaine O'Neal,Mario Chalmers,Udonis Haslem,2,0:00,WAS,rebound,,,,,,,,,,Caron Butler,,,,,,def,,
Antawn Jamison,Brendan Haywood,Caron Butler,Gilbert Arenas,Nick Young,Dwyane Wade,James Jones,Jermaine O'Neal,Mario Chalmers,Michael Beasley,3,11:44,WAS,shot,,,,,,,,,,Antawn Jamison,,,,missed,,jump,42,12
Antawn Jamison,Brendan Haywood,Caron Butler,Gilbert Arenas,Nick Young,Dwyane Wade,James Jones,Jermaine O'Neal,Mario Chalmers,Michael Beasley,3,11:43,MIA,rebound,,,,,,,,,,Jermaine O'Neal,,,,,,def,,
Antawn Jamison,Brendan Haywood,Caron Butler,Gilbert Arenas,Nick Young,Dwyane Wade,James Jones,Jermaine O'Neal,Mario Chalmers,Michael Beasley,3,11:29,MIA,shot,,,,,,,,,,Dwyane Wade,2,,,made,,jump,31,17
Antawn Jamison,Brendan Haywood,Caron Butler,Gilbert Arenas,Nick Young,Dwyane Wade,James Jones,Jermaine O'Neal,Mario Chalmers,Michael Beasley,3,11:14,WAS,shot,Gilbert Arenas,,,,,,,,,Nick Young,2,,,made,,jump,11,7
Antawn Jamison,Brendan Haywood,Caron Butler,Gilbert Arenas,Nick Young,Dwyane Wade,James Jones,Jermaine O'Neal,Mario Chalmers,Michael Beasley,3,10:56,MIA,shot,,,,,,,,,,Dwyane Wade,,,,missed,,fade away jumper,32,18
Antawn Jamison,Brendan Haywood,Caron Butler,Gilbert Arenas,Nick Young,Dwyane Wade,James Jones,Jermaine O'Neal,Mario Chalmers,Michael Beasley,3,10:55,WAS,rebound,,,,,,,,,,Antawn Jamison,,,,,,def,,
Antawn Jamison,Brendan Haywood,Caron Butler,Gilbert Arenas,Nick Young,Dwyane Wade,James Jones,Jermaine O'Neal,Mario Chalmers,Michael Beasley,3,10:45,WAS,turnover,,,,,,,,,,Gilbert Arenas,,,discontinue dribble,,,,,
Antawn Jamison,Brendan Haywood,Caron Butler,Gilbert Arenas,Nick Young,Dwyane Wade,James Jones,Jermaine O'Neal,Mario Chalmers,Michael Beasley,3,10:35,MIA,shot,Mario Chalmers,,,,,,,,,Jermaine O'Neal,2,,,made,,dunk,25,6
Antawn Jamison,Brendan Haywood,Caron Butler,Gilbert Arenas,Nick Young,Dwyane Wade,James Jones,Jermaine O'Neal,Mario Chalmers,Michael Beasley,3,10:18,WAS,shot,,,,,,,,,,Gilbert Arenas,2,,,made,,jump,24,18
Antawn Jamison,Brendan Haywood,Caron Butler,Gilbert Arenas,Nick Young,Dwyane Wade,James Jones,Jermaine O'Neal,Mario Chalmers,Michael Beasley,3,9:51,MIA,shot,Dwyane Wade,,,,,,,,,Mario Chalmers,3,,,made,,3pt,10,26
Antawn Jamison,Brendan Haywood,Caron Butler,Gilbert Arenas,Nick Young,Dwyane Wade,James Jones,Jermaine O'Neal,Mario Chalmers,Michael Beasley,3,9:31,WAS,shot,,,,,,,,,,Nick Young,,,,missed,,jump,45,11
Antawn Jamison,Brendan Haywood,Caron Butler,Gilbert Arenas,Nick Young,Dwyane Wade,James Jones,Jermaine O'Neal,Mario Chalmers,Michael Beasley,3,9:30,MIA,rebound,,,,,,,,,,Jermaine O'Neal,,,,,,def,,
Antawn Jamison,Brendan Haywood,Caron Butler,Gilbert Arenas,Nick Young,Dwyane Wade,James Jones,Jermaine O'Neal,Mario Chalmers,Michael Beasley,3,9:17,MIA,shot,,,Brendan Haywood,,,,,,,Jermaine O'Neal,,,,missed,,jump,14,17
Antawn Jamison,Brendan Haywood,Caron Butler,Gilbert Arenas,Nick Young,Dwyane Wade,James Jones,Jermaine O'Neal,Mario Chalmers,Michael Beasley,3,9:16,MIA,rebound,,,,,,,,,,Mario Chalmers,,,,,,off,,
Antawn Jamison,Brendan Haywood,Caron Butler,Gilbert Arenas,Nick Young,Dwyane Wade,James Jones,Jermaine O'Neal,Mario Chalmers,Michael Beasley,3,9:12,MIA,shot,,,,,,,,,,Mario Chalmers,,,,missed,,3pt,8,24
Antawn Jamison,Brendan Haywood,Caron Butler,Gilbert Arenas,Nick Young,Dwyane Wade,James Jones,Jermaine O'Neal,Mario Chalmers,Michael Beasley,3,9:11,WAS,rebound,,,,,,,,,,Antawn Jamison,,,,,,def,,
Antawn Jamison,Brendan Haywood,Caron Butler,Gilbert Arenas,Nick Young,Dwyane Wade,James Jones,Jermaine O'Neal,Mario Chalmers,Michael Beasley,3,8:59,WAS,foul,,,,,,,,Jermaine O'Neal,,Caron Butler,,,,,,offensive,,
Antawn Jamison,Brendan Haywood,Caron Butler,Gilbert Arenas,Nick Young,Dwyane Wade,James Jones,Jermaine O'Neal,Mario Chalmers,Michael Beasley,3,8:59,WAS,turnover,,,,,,,,,,Caron Butler,,,foul,,,,,
Antawn Jamison,Brendan Haywood,Caron Butler,Gilbert Arenas,Nick Young,Dwyane Wade,James Jones,Jermaine O'Neal,Mario Chalmers,Michael Beasley,3,8:47,MIA,shot,,,,,,,,,,Mario Chalmers,2,,,made,,driving layup,25,6
Antawn Jamison,Brendan Haywood,Caron Butler,Gilbert Arenas,Nick Young,Dwyane Wade,James Jones,Jermaine O'Neal,Mario Chalmers,Michael Beasley,3,8:42,WAS,turnover,,,,,,,,,,Caron Butler,,,bad pass,,Mario Chalmers,,,
Antawn Jamison,Brendan Haywood,Caron Butler,Gilbert Arenas,Nick Young,Dwyane Wade,James Jones,Jermaine O'Neal,Mario Chalmers,Michael Beasley,3,8:28,MIA,turnover,,,,,,,,,,Michael Beasley,,,out of bounds lost ball turnover,,,,,
Antawn Jamison,Brendan Haywood,Caron Butler,Gilbert Arenas,Nick Young,Dwyane Wade,James Jones,Jermaine O'Neal,Mario Chalmers,Michael Beasley,3,8:13,WAS,shot,,,,,,,,,,Nick Young,2,,,made,,jump,31,19
Antawn Jamison,Brendan Haywood,Caron Butler,Gilbert Arenas,Nick Young,Dwyane Wade,James Jones,Jermaine O'Neal,Mario Chalmers,Michael Beasley,3,7:55,MIA,shot,,,,,,,,,,Michael Beasley,,,,missed,,jump,10,18
Antawn Jamison,Brendan Haywood,Caron Butler,Gilbert Arenas,Nick Young,Dwyane Wade,James Jones,Jermaine O'Neal,Mario Chalmers,Michael Beasley,3,7:54,WAS,rebound,,,,,,,,,,Gilbert Arenas,,,,,,def,,
Antawn Jamison,Brendan Haywood,Caron Butler,Gilbert Arenas,Nick Young,Dwyane Wade,James Jones,Jermaine O'Neal,Mario Chalmers,Michael Beasley,3,7:43,WAS,shot,,,,,,,,,,Nick Young,,,,missed,,3pt,7,24
Antawn Jamison,Brendan Haywood,Caron Butler,Gilbert Arenas,Nick Young,Dwyane Wade,James Jones,Jermaine O'Neal,Mario Chalmers,Michael Beasley,3,7:42,WAS,rebound,,,,,,,,,,Brendan Haywood,,,,,,off,,
Antawn Jamison,Brendan Haywood,Caron Butler,Gilbert Arenas,Nick Young,Dwyane Wade,James Jones,Jermaine O'Neal,Mario Chalmers,Michael Beasley,3,7:41,WAS,shot,,,,,,,,,,Brendan Haywood,,,,missed,,tip,25,6
Antawn Jamison,Brendan Haywood,Caron Butler,Gilbert Arenas,Nick Young,Dwyane Wade,James Jones,Jermaine O'Neal,Mario Chalmers,Michael Beasley,3,7:39,WAS,rebound,,,,,,,,,,Caron Butler,,,,,,off,,
Antawn Jamison,Brendan Haywood,Caron Butler,Gilbert Arenas,Nick Young,Dwyane Wade,James Jones,Jermaine O'Neal,Mario Chalmers,Michael Beasley,3,7:28,WAS,shot,Gilbert Arenas,,,,,,,,,Antawn Jamison,2,,,made,,layup,25,6
Antawn Jamison,Brendan Haywood,Caron Butler,Gilbert Arenas,Nick Young,Dwyane Wade,James Jones,Jermaine O'Neal,Mario Chalmers,Michael Beasley,3,7:11,MIA,shot,,,,,,,,,,Mario Chalmers,2,,,made,,running jump,30,12
Antawn Jamison,Brendan Haywood,Caron Butler,Gilbert Arenas,Nick Young,Dwyane Wade,James Jones,Jermaine O'Neal,Mario Chalmers,Michael Beasley,3,7:07,WAS,timeout,,,,,,,,,,,,,,,,regular,,
Antawn Jamison,Brendan Haywood,Caron Butler,Gilbert Arenas,Nick Young,Dwyane Wade,James Jones,Jermaine O'Neal,Mario Chalmers,Michael Beasley,3,6:51,WAS,shot,,,,,,,,,,Nick Young,,,,missed,,turnaround jump,16,23
Antawn Jamison,Brendan Haywood,Caron Butler,Gilbert Arenas,Nick Young,Dwyane Wade,James Jones,Jermaine O'Neal,Mario Chalmers,Michael Beasley,3,6:50,WAS,rebound,,,,,,,,,,Antawn Jamison,,,,,,off,,
Antawn Jamison,Brendan Haywood,Caron Butler,Gilbert Arenas,Nick Young,Dwyane Wade,James Jones,Jermaine O'Neal,Mario Chalmers,Michael Beasley,3,6:48,WAS,shot,,,,,,,,,,Antawn Jamison,2,,,made,,tip,25,6
Antawn Jamison,Brendan Haywood,Caron Butler,Gilbert Arenas,Nick Young,Dwyane Wade,James Jones,Jermaine O'Neal,Mario Chalmers,Michael Beasley,3,6:25,MIA,shot,,,Gilbert Arenas,,,,,,,Mario Chalmers,,,,missed,,3pt,42,24
Antawn Jamison,Brendan Haywood,Caron Butler,Gilbert Arenas,Nick Young,Dwyane Wade,James Jones,Jermaine O'Neal,Mario Chalmers,Michael Beasley,3,6:24,MIA,rebound,,,,,,,,,,,,,,,,,,
Antawn Jamison,Brendan Haywood,Caron Butler,Gilbert Arenas,Nick Young,Dwyane Wade,James Jones,Jermaine O'Neal,Mario Chalmers,Michael Beasley,3,6:24,MIA,turnover,,,,,,,,,,,,,shot clock turnover,,,,,
Antawn Jamison,Brendan Haywood,Caron Butler,Gilbert Arenas,Nick Young,Dwyane Wade,James Jones,Jermaine O'Neal,Mario Chalmers,Michael Beasley,3,6:08,WAS,shot,,,,,,,,,,Nick Young,2,,,made,,jump,11,19
Antawn Jamison,Brendan Haywood,Caron Butler,Gilbert Arenas,Nick Young,Dwyane Wade,James Jones,Jermaine O'Neal,Mario Chalmers,Michael Beasley,3,5:51,MIA,shot,Dwyane Wade,,,,,,,,,Michael Beasley,2,,,made,,layup,25,6
Antawn Jamison,Brendan Haywood,Caron Butler,Gilbert Arenas,Nick Young,Dwyane Wade,James Jones,Jermaine O'Neal,Mario Chalmers,Michael Beasley,3,5:33,WAS,turnover,,,,,,,,,,Nick Young,,,step out of bounds turnover,,,,,
Antawn Jamison,Brendan Haywood,Caron Butler,Gilbert Arenas,Nick Young,Dwyane Wade,James Jones,Jermaine O'Neal,Mario Chalmers,Michael Beasley,3,5:18,WAS,foul,,,,,,,,Jermaine O'Neal,,Brendan Haywood,,,,,,personal,,
Antawn Jamison,Caron Butler,Gilbert Arenas,JaVale McGee,Nick Young,Dwyane Wade,James Jones,Jermaine O'Neal,Mario Chalmers,Michael Beasley,3,5:18,WAS,sub,,,,JaVale McGee,,Brendan Haywood,,,,,,,,,,,,
Antawn Jamison,Caron Butler,Gilbert Arenas,JaVale McGee,Nick Young,Dwyane Wade,James Jones,Jermaine O'Neal,Mario Chalmers,Michael Beasley,3,5:14,MIA,foul,,,,,,,,Antawn Jamison,,Michael Beasley,,,,,,offensive,,
Antawn Jamison,Caron Butler,Gilbert Arenas,JaVale McGee,Nick Young,Dwyane Wade,James Jones,Jermaine O'Neal,Mario Chalmers,Michael Beasley,3,5:14,MIA,turnover,,,,,,,,,,Michael Beasley,,,foul,,,,,
Antawn Jamison,Caron Butler,Gilbert Arenas,JaVale McGee,Nick Young,Dwyane Wade,James Jones,Jermaine O'Neal,Mario Chalmers,Michael Beasley,3,5:00,WAS,turnover,,,,,,,,,,Nick Young,,,bad pass,,Jermaine O'Neal,,,
Antawn Jamison,Caron Butler,Gilbert Arenas,JaVale McGee,Nick Young,Dwyane Wade,James Jones,Jermaine O'Neal,Mario Chalmers,Michael Beasley,3,4:55,WAS,foul,,,,,,,,Dwyane Wade,,Nick Young,,,,,,personal,,
Antawn Jamison,Caron Butler,Gilbert Arenas,JaVale McGee,Nick Young,Dwyane Wade,James Jones,Jermaine O'Neal,Mario Chalmers,Michael Beasley,3,4:48,MIA,shot,Dwyane Wade,,,,,,,,,Jermaine O'Neal,2,,,made,,jump,24,21
Antawn Jamison,Caron Butler,Gilbert Arenas,JaVale McGee,Nick Young,Dwyane Wade,James Jones,Jermaine O'Neal,Mario Chalmers,Michael Beasley,3,4:29,WAS,shot,,,Jermaine O'Neal,,,,,,,Caron Butler,,,,missed,,driving layup,25,6
Antawn Jamison,Caron Butler,Gilbert Arenas,JaVale McGee,Nick Young,Dwyane Wade,James Jones,Jermaine O'Neal,Mario Chalmers,Michael Beasley,3,4:27,MIA,rebound,,,,,,,,,,Dwyane Wade,,,,,,def,,
Antawn Jamison,Caron Butler,Gilbert Arenas,JaVale McGee,Nick Young,Dwyane Wade,James Jones,Jermaine O'Neal,Mario Chalmers,Michael Beasley,3,4:20,MIA,shot,Dwyane Wade,,,,,,,,,Mario Chalmers,3,,,made,,3pt,44,21
Antawn Jamison,Caron Butler,Gilbert Arenas,JaVale McGee,Nick Young,Dwyane Wade,James Jones,Jermaine O'Neal,Mario Chalmers,Michael Beasley,3,4:20,WAS,timeout,,,,,,,,,,,,,,,,short,,
Antawn Jamison,Caron Butler,Gilbert Arenas,JaVale McGee,Nick Young,Dwyane Wade,James Jones,Jermaine O'Neal,Mario Chalmers,Michael Beasley,3,4:08,WAS,shot,,,,,,,,,,Gilbert Arenas,,,,missed,,3pt,13,30
Antawn Jamison,Caron Butler,Gilbert Arenas,JaVale McGee,Nick Young,Dwyane Wade,James Jones,Jermaine O'Neal,Mario Chalmers,Michael Beasley,3,4:07,WAS,rebound,,,,,,,,,,Caron Butler,,,,,,off,,
Antawn Jamison,Caron Butler,Gilbert Arenas,JaVale McGee,Nick Young,Dwyane Wade,James Jones,Jermaine O'Neal,Mario Chalmers,Michael Beasley,3,4:05,WAS,shot,,,,,,,,,,Nick Young,,,,missed,,3pt,39,28
Antawn Jamison,Caron Butler,Gilbert Arenas,JaVale McGee,Nick Young,Dwyane Wade,James Jones,Jermaine O'Neal,Mario Chalmers,Michael Beasley,3,4:04,MIA,rebound,,,,,,,,,,,,,,,,,,
Antawn Jamison,Caron Butler,Gilbert Arenas,JaVale McGee,Nick Young,Dwyane Wade,James Jones,Jermaine O'Neal,Mario Chalmers,Michael Beasley,3,4:04,WAS,foul,,,,,,,,Mario Chalmers,,Caron Butler,,,,,,personal,,
Antawn Jamison,Caron Butler,Gilbert Arenas,JaVale McGee,Nick Young,Dwyane Wade,James Jones,Jermaine O'Neal,Mario Chalmers,Michael Beasley,3,3:49,MIA,shot,,,,,,,,,,James Jones,,,,missed,,3pt,48,8
Antawn Jamison,Caron Butler,Gilbert Arenas,JaVale McGee,Nick Young,Dwyane Wade,James Jones,Jermaine O'Neal,Mario Chalmers,Michael Beasley,3,3:48,WAS,rebound,,,,,,,,,,,,,,,,,,
Antawn Jamison,Caron Butler,Gilbert Arenas,JaVale McGee,Nick Young,Dwyane Wade,James Jones,Jermaine O'Neal,Mario Chalmers,Michael Beasley,3,3:34,WAS,shot,,,,,,,,,,Antawn Jamison,,,,missed,,layup,25,6
Antawn Jamison,Caron Butler,Gilbert Arenas,JaVale McGee,Nick Young,Dwyane Wade,James Jones,Jermaine O'Neal,Mario Chalmers,Michael Beasley,3,3:33,MIA,rebound,,,,,,,,,,Jermaine O'Neal,,,,,,def,,
Antawn Jamison,Caron Butler,Gilbert Arenas,JaVale McGee,Nick Young,Dwyane Wade,James Jones,Jermaine O'Neal,Mario Chalmers,Michael Beasley,3,3:25,WAS,foul,,,,,,,,Dwyane Wade,,JaVale McGee,,,,,,shooting,,
Antawn Jamison,Caron Butler,Gilbert Arenas,JaVale McGee,Nick Young,Dwyane Wade,James Jones,Jermaine O'Neal,Mario Chalmers,Michael Beasley,3,3:25,MIA,free throw,,,,,,,1,,2,Dwyane Wade,,,foul,made,,,,
Antawn Jamison,Caron Butler,Gilbert Arenas,JaVale McGee,Nick Young,Dwyane Wade,James Jones,Jermaine O'Neal,Mario Chalmers,Udonis Haslem,3,3:25,MIA,sub,,,,Udonis Haslem,,Michael Beasley,,,,,,,,,,,,
Antawn Jamison,Caron Butler,Gilbert Arenas,JaVale McGee,Nick Young,Dwyane Wade,James Jones,Jermaine O'Neal,Mario Chalmers,Udonis Haslem,3,3:25,MIA,free throw,,,,,,,2,,2,Dwyane Wade,,,foul,made,,,,
Antawn Jamison,Caron Butler,Gilbert Arenas,JaVale McGee,Nick Young,Dwyane Wade,James Jones,Jermaine O'Neal,Mario Chalmers,Udonis Haslem,3,3:14,MIA,foul,,,,,,,,Gilbert Arenas,,Mario Chalmers,,,,,,personal,,
Antawn Jamison,Caron Butler,Gilbert Arenas,JaVale McGee,Nick Young,Dwyane Wade,James Jones,Jermaine O'Neal,Mario Chalmers,Udonis Haslem,3,3:05,WAS,shot,,,,,,,,,,Nick Young,2,,,made,,driving reverse layup,25,6
Antawn Jamison,Caron Butler,Gilbert Arenas,JaVale McGee,Nick Young,Dwyane Wade,James Jones,Jermaine O'Neal,Mario Chalmers,Udonis Haslem,3,2:47,MIA,shot,,,,,,,,,,Mario Chalmers,,,,missed,,jump,20,12
Antawn Jamison,Caron Butler,Gilbert Arenas,JaVale McGee,Nick Young,Dwyane Wade,James Jones,Jermaine O'Neal,Mario Chalmers,Udonis Haslem,3,2:46,WAS,rebound,,,,,,,,,,Nick Young,,,,,,def,,
Antawn Jamison,Caron Butler,Gilbert Arenas,JaVale McGee,Nick Young,Dwyane Wade,James Jones,Jermaine O'Neal,Mario Chalmers,Udonis Haslem,3,2:26,WAS,shot,,,,,,,,,,Nick Young,,,,missed,,jump,18,6
Antawn Jamison,Caron Butler,Gilbert Arenas,JaVale McGee,Nick Young,Dwyane Wade,James Jones,Jermaine O'Neal,Mario Chalmers,Udonis Haslem,3,2:25,MIA,rebound,,,,,,,,,,Jermaine O'Neal,,,,,,def,,
Antawn Jamison,Caron Butler,Gilbert Arenas,JaVale McGee,Nick Young,Dwyane Wade,James Jones,Jermaine O'Neal,Mario Chalmers,Udonis Haslem,3,2:18,MIA,shot,,,,,,,,,,Dwyane Wade,2,,,made,,driving layup,25,6
Antawn Jamison,Caron Butler,Gilbert Arenas,JaVale McGee,Nick Young,Dwyane Wade,James Jones,Jermaine O'Neal,Mario Chalmers,Udonis Haslem,3,1:57,WAS,foul,,,,,,,,Dwyane Wade,,Antawn Jamison,,,,,,offensive,,
Antawn Jamison,Caron Butler,Gilbert Arenas,JaVale McGee,Nick Young,Dwyane Wade,James Jones,Jermaine O'Neal,Mario Chalmers,Udonis Haslem,3,1:57,WAS,turnover,,,,,,,,,,Antawn Jamison,,,foul,,,,,
Antawn Jamison,Caron Butler,Gilbert Arenas,JaVale McGee,Nick Young,Dwyane Wade,James Jones,Jermaine O'Neal,Mario Chalmers,Udonis Haslem,3,1:57,MIA,timeout,,,,,,,,,,,,,,,,regular,,
Andray Blatche,Antawn Jamison,Gilbert Arenas,JaVale McGee,Nick Young,Dwyane Wade,James Jones,Jermaine O'Neal,Mario Chalmers,Udonis Haslem,3,1:57,WAS,sub,,,,Andray Blatche,,Caron Butler,,,,,,,,,,,,
Andray Blatche,Antawn Jamison,Earl Boykins,JaVale McGee,Nick Young,Dwyane Wade,James Jones,Jermaine O'Neal,Mario Chalmers,Udonis Haslem,3,1:57,WAS,sub,,,,Earl Boykins,,Gilbert Arenas,,,,,,,,,,,,
Andray Blatche,Antawn Jamison,Earl Boykins,JaVale McGee,Nick Young,Dwyane Wade,James Jones,Jermaine O'Neal,Mario Chalmers,Udonis Haslem,3,1:44,MIA,shot,,,,,,,,,,Dwyane Wade,,,,missed,,jump,36,19
Andray Blatche,Antawn Jamison,Earl Boykins,JaVale McGee,Nick Young,Dwyane Wade,James Jones,Jermaine O'Neal,Mario Chalmers,Udonis Haslem,3,1:43,WAS,rebound,,,,,,,,,,Antawn Jamison,,,,,,def,,
Andray Blatche,Antawn Jamison,Earl Boykins,JaVale McGee,Nick Young,Dwyane Wade,James Jones,Jermaine O'Neal,Mario Chalmers,Udonis Haslem,3,1:23,WAS,shot,,,,,,,,,,Antawn Jamison,,,,missed,,jump,37,21
Andray Blatche,Antawn Jamison,Earl Boykins,JaVale McGee,Nick Young,Dwyane Wade,James Jones,Jermaine O'Neal,Mario Chalmers,Udonis Haslem,3,1:22,MIA,rebound,,,,,,,,,,Jermaine O'Neal,,,,,,def,,
Andray Blatche,Antawn Jamison,Earl Boykins,JaVale McGee,Nick Young,Dwyane Wade,James Jones,Jermaine O'Neal,Mario Chalmers,Udonis Haslem,3,1:08,MIA,shot,,,,,,,,,,Udonis Haslem,,,,missed,,jump,13,18
Andray Blatche,Antawn Jamison,Earl Boykins,JaVale McGee,Nick Young,Dwyane Wade,James Jones,Jermaine O'Neal,Mario Chalmers,Udonis Haslem,3,1:07,WAS,rebound,,,,,,,,,,Andray Blatche,,,,,,def,,
Andray Blatche,Antawn Jamison,Earl Boykins,JaVale McGee,Nick Young,Dwyane Wade,James Jones,Jermaine O'Neal,Mario Chalmers,Udonis Haslem,3,0:56,WAS,shot,,,,,,,,,,Earl Boykins,,,,missed,,3pt,49,10
Andray Blatche,Antawn Jamison,Earl Boykins,JaVale McGee,Nick Young,Dwyane Wade,James Jones,Jermaine O'Neal,Mario Chalmers,Udonis Haslem,3,0:55,MIA,rebound,,,,,,,,,,Udonis Haslem,,,,,,def,,
Andray Blatche,Antawn Jamison,Earl Boykins,JaVale McGee,Nick Young,Dwyane Wade,James Jones,Jermaine O'Neal,Mario Chalmers,Udonis Haslem,3,0:34,MIA,shot,,,,,,,,,,Mario Chalmers,,,,missed,,3pt,47,17
Andray Blatche,Antawn Jamison,Earl Boykins,JaVale McGee,Nick Young,Dwyane Wade,James Jones,Jermaine O'Neal,Mario Chalmers,Udonis Haslem,3,0:33,WAS,rebound,,,,,,,,,,Nick Young,,,,,,def,,
Andray Blatche,Antawn Jamison,Earl Boykins,JaVale McGee,Nick Young,Dwyane Wade,James Jones,Jermaine O'Neal,Mario Chalmers,Udonis Haslem,3,0:28,WAS,shot,Earl Boykins,,,,,,,,,Antawn Jamison,2,,,made,,layup,25,6
Andray Blatche,Antawn Jamison,Earl Boykins,JaVale McGee,Nick Young,Dwyane Wade,James Jones,Jermaine O'Neal,Mario Chalmers,Udonis Haslem,3,0:03,MIA,shot,,,,,,,,,,James Jones,,,,missed,,3pt,6,23
Andray Blatche,Antawn Jamison,Earl Boykins,JaVale McGee,Nick Young,Dwyane Wade,James Jones,Jermaine O'Neal,Mario Chalmers,Udonis Haslem,3,0:02,WAS,rebound,,,,,,,,,,Andray Blatche,,,,,,def,,
Andray Blatche,Antawn Jamison,Earl Boykins,JaVale McGee,Nick Young,Carlos Arroyo,Daequan Cook,Jermaine O'Neal,Michael Beasley,Udonis Haslem,4,11:38,MIA,shot,,,,,,,,,,Jermaine O'Neal,2,,,made,,jump,42,8
Andray Blatche,Antawn Jamison,Earl Boykins,JaVale McGee,Nick Young,Carlos Arroyo,Daequan Cook,Jermaine O'Neal,Michael Beasley,Udonis Haslem,4,11:14,WAS,shot,,,,,,,,,,Andray Blatche,2,,,made,,hook,23,13
Andray Blatche,Antawn Jamison,Earl Boykins,JaVale McGee,Nick Young,Carlos Arroyo,Daequan Cook,Jermaine O'Neal,Michael Beasley,Udonis Haslem,4,10:47,MIA,shot,,,,,,,,,,Michael Beasley,,,,missed,,3pt,48,9
Andray Blatche,Antawn Jamison,Earl Boykins,JaVale McGee,Nick Young,Carlos Arroyo,Daequan Cook,Jermaine O'Neal,Michael Beasley,Udonis Haslem,4,10:46,WAS,rebound,,,,,,,,,,JaVale McGee,,,,,,def,,
Andray Blatche,Antawn Jamison,Earl Boykins,JaVale McGee,Nick Young,Carlos Arroyo,Daequan Cook,Jermaine O'Neal,Michael Beasley,Udonis Haslem,4,10:28,WAS,shot,,,,,,,,,,Nick Young,2,,,made,,jump,9,17
Andray Blatche,Antawn Jamison,Earl Boykins,JaVale McGee,Nick Young,Carlos Arroyo,Daequan Cook,Jermaine O'Neal,Michael Beasley,Udonis Haslem,4,10:09,WAS,violation,,,,,,,,,,JaVale McGee,,,,,,defensive goaltending,,
Andray Blatche,Antawn Jamison,Earl Boykins,JaVale McGee,Nick Young,Carlos Arroyo,Daequan Cook,Jermaine O'Neal,Michael Beasley,Udonis Haslem,4,10:09,MIA,shot,Carlos Arroyo,,,,,,,,,Daequan Cook,2,,,made,,jump,25,15
Andray Blatche,Antawn Jamison,Earl Boykins,JaVale McGee,Nick Young,Carlos Arroyo,Daequan Cook,Jermaine O'Neal,Michael Beasley,Udonis Haslem,4,9:53,WAS,shot,Earl Boykins,,,,,,,,,Antawn Jamison,3,,,made,,3pt,47,16
Andray Blatche,Antawn Jamison,Earl Boykins,JaVale McGee,Nick Young,Carlos Arroyo,Daequan Cook,Jermaine O'Neal,Michael Beasley,Udonis Haslem,4,9:33,MIA,shot,,,,,,,,,,Carlos Arroyo,,,,missed,,jump,10,19
Andray Blatche,Antawn Jamison,Earl Boykins,JaVale McGee,Nick Young,Carlos Arroyo,Daequan Cook,Jermaine O'Neal,Michael Beasley,Udonis Haslem,4,9:32,WAS,rebound,,,,,,,,,,Antawn Jamison,,,,,,def,,
Andray Blatche,Antawn Jamison,Earl Boykins,JaVale McGee,Nick Young,Carlos Arroyo,Daequan Cook,Jermaine O'Neal,Michael Beasley,Udonis Haslem,4,9:22,WAS,shot,,,,,,,,,,Nick Young,,,,missed,,jump,16,17
Andray Blatche,Antawn Jamison,Earl Boykins,JaVale McGee,Nick Young,Carlos Arroyo,Daequan Cook,Jermaine O'Neal,Michael Beasley,Udonis Haslem,4,9:21,WAS,rebound,,,,,,,,,,Nick Young,,,,,,off,,
Andray Blatche,Antawn Jamison,Earl Boykins,JaVale McGee,Nick Young,Carlos Arroyo,Daequan Cook,Jermaine O'Neal,Michael Beasley,Udonis Haslem,4,9:03,WAS,shot,Nick Young,,,,,,,,,Earl Boykins,2,,,made,,jump,13,19
Andray Blatche,Antawn Jamison,Earl Boykins,JaVale McGee,Nick Young,Carlos Arroyo,Daequan Cook,Jermaine O'Neal,Michael Beasley,Udonis Haslem,4,9:03,MIA,timeout,,,,,,,,,,,,,,,,regular,,
Andray Blatche,Caron Butler,Earl Boykins,JaVale McGee,Nick Young,Carlos Arroyo,Daequan Cook,Jermaine O'Neal,Michael Beasley,Udonis Haslem,4,9:03,WAS,sub,,,,Caron Butler,,Antawn Jamison,,,,,,,,,,,,
Andray Blatche,Caron Butler,Earl Boykins,JaVale McGee,Randy Foye,Carlos Arroyo,Daequan Cook,Jermaine O'Neal,Michael Beasley,Udonis Haslem,4,9:03,WAS,sub,,,,Randy Foye,,Nick Young,,,,,,,,,,,,
Andray Blatche,Brendan Haywood,Caron Butler,Earl Boykins,Randy Foye,Carlos Arroyo,Daequan Cook,Jermaine O'Neal,Michael Beasley,Udonis Haslem,4,9:03,WAS,sub,,,,Brendan Haywood,,JaVale McGee,,,,,,,,,,,,
Andray Blatche,Brendan Haywood,Caron Butler,Earl Boykins,Randy Foye,Carlos Arroyo,Jermaine O'Neal,Mario Chalmers,Michael Beasley,Udonis Haslem,4,9:03,MIA,sub,,,,Mario Chalmers,,Daequan Cook,,,,,,,,,,,,
Andray Blatche,Brendan Haywood,Caron Butler,Earl Boykins,Randy Foye,Dwyane Wade,Jermaine O'Neal,Mario Chalmers,Michael Beasley,Udonis Haslem,4,9:03,MIA,sub,,,,Dwyane Wade,,Carlos Arroyo,,,,,,,,,,,,
Andray Blatche,Brendan Haywood,Caron Butler,Earl Boykins,Randy Foye,Dwyane Wade,Jermaine O'Neal,Mario Chalmers,Michael Beasley,Udonis Haslem,4,8:57,WAS,foul,,,,,,,,Mario Chalmers,,Earl Boykins,,,,,,personal,,
Andray Blatche,Brendan Haywood,Caron Butler,Earl Boykins,Randy Foye,Dwyane Wade,Jermaine O'Neal,Mario Chalmers,Michael Beasley,Udonis Haslem,4,8:39,MIA,shot,,,,,,,,,,Dwyane Wade,,,,missed,,3pt,46,23
Andray Blatche,Brendan Haywood,Caron Butler,Earl Boykins,Randy Foye,Dwyane Wade,Jermaine O'Neal,Mario Chalmers,Michael Beasley,Udonis Haslem,4,8:38,MIA,rebound,,,,,,,,,,,,,,,,,,
Andray Blatche,Brendan Haywood,Caron Butler,Earl Boykins,Randy Foye,Dwyane Wade,Jermaine O'Neal,Mario Chalmers,Michael Beasley,Udonis Haslem,4,8:38,MIA,turnover,,,,,,,,,,,,,shot clock turnover,,,,,
Andray Blatche,Brendan Haywood,Caron Butler,Earl Boykins,Randy Foye,Dwyane Wade,Jermaine O'Neal,Mario Chalmers,Michael Beasley,Udonis Haslem,4,8:23,WAS,shot,Earl Boykins,,,,,,,,,Caron Butler,2,,,made,,jump,16,24
Andray Blatche,Brendan Haywood,Caron Butler,Earl Boykins,Randy Foye,Dwyane Wade,Jermaine O'Neal,Mario Chalmers,Michael Beasley,Udonis Haslem,4,8:03,MIA,shot,,,,,,,,,,Dwyane Wade,,,,missed,,jump,33,22
Andray Blatche,Brendan Haywood,Caron Butler,Earl Boykins,Randy Foye,Dwyane Wade,Jermaine O'Neal,Mario Chalmers,Michael Beasley,Udonis Haslem,4,8:02,WAS,rebound,,,,,,,,,,Earl Boykins,,,,,,def,,
Andray Blatche,Brendan Haywood,Caron Butler,Earl Boykins,Randy Foye,Dwyane Wade,Jermaine O'Neal,Mario Chalmers,Michael Beasley,Udonis Haslem,4,7:49,WAS,shot,,,,,,,,,,Randy Foye,,,,missed,,3pt,41,24
Andray Blatche,Brendan Haywood,Caron Butler,Earl Boykins,Randy Foye,Dwyane Wade,Jermaine O'Neal,Mario Chalmers,Michael Beasley,Udonis Haslem,4,7:48,MIA,rebound,,,,,,,,,,Mario Chalmers,,,,,,def,,
Andray Blatche,Brendan Haywood,Caron Butler,Earl Boykins,Randy Foye,Dwyane Wade,Jermaine O'Neal,Mario Chalmers,Michael Beasley,Udonis Haslem,4,7:46,WAS,foul,,,,,,,,Dwyane Wade,,Randy Foye,,,,,,shooting,,
Andray Blatche,Brendan Haywood,Caron Butler,Earl Boykins,Randy Foye,Dwyane Wade,Jermaine O'Neal,Mario Chalmers,Michael Beasley,Udonis Haslem,4,7:46,MIA,free throw,,,,,,,1,,2,Dwyane Wade,,,foul,made,,,,
Andray Blatche,Brendan Haywood,Caron Butler,Earl Boykins,Randy Foye,Dwyane Wade,Jermaine O'Neal,Mario Chalmers,Michael Beasley,Udonis Haslem,4,7:46,MIA,free throw,,,,,,,2,,2,Dwyane Wade,,,foul,made,,,,
Andray Blatche,Brendan Haywood,Caron Butler,Earl Boykins,Randy Foye,Dwyane Wade,Jermaine O'Neal,Mario Chalmers,Michael Beasley,Udonis Haslem,4,7:31,WAS,shot,Earl Boykins,,,,,,,,,Andray Blatche,2,,,made,,jump,34,10
Andray Blatche,Brendan Haywood,Caron Butler,Earl Boykins,Randy Foye,Dwyane Wade,Jermaine O'Neal,Mario Chalmers,Michael Beasley,Udonis Haslem,4,7:17,MIA,shot,,,,,,,,,,Michael Beasley,,,,missed,,3pt,6,23
Andray Blatche,Brendan Haywood,Caron Butler,Earl Boykins,Randy Foye,Dwyane Wade,Jermaine O'Neal,Mario Chalmers,Michael Beasley,Udonis Haslem,4,7:16,WAS,rebound,,,,,,,,,,Brendan Haywood,,,,,,def,,
Andray Blatche,Brendan Haywood,Caron Butler,Earl Boykins,Randy Foye,Dwyane Wade,Jermaine O'Neal,Mario Chalmers,Michael Beasley,Udonis Haslem,4,7:03,WAS,turnover,,,,,,,,,,Brendan Haywood,,,bad pass,,Dwyane Wade,,,
Andray Blatche,Brendan Haywood,Caron Butler,Earl Boykins,Randy Foye,Dwyane Wade,Jermaine O'Neal,Mario Chalmers,Michael Beasley,Udonis Haslem,4,7:00,MIA,turnover,,,,,,,,,,Dwyane Wade,,,bad pass,,Brendan Haywood,,,
Andray Blatche,Brendan Haywood,Caron Butler,Earl Boykins,Randy Foye,Dwyane Wade,Jermaine O'Neal,Mario Chalmers,Michael Beasley,Udonis Haslem,4,6:48,WAS,shot,Andray Blatche,,,,,,,,,Brendan Haywood,2,,,made,,dunk,25,6
Andray Blatche,Brendan Haywood,Caron Butler,Earl Boykins,Randy Foye,Dwyane Wade,Jermaine O'Neal,Mario Chalmers,Michael Beasley,Udonis Haslem,4,6:48,MIA,timeout,,,,,,,,,,,,,,,,short,,
Andray Blatche,Brendan Haywood,Caron Butler,Earl Boykins,Randy Foye,Dwyane Wade,James Jones,Jermaine O'Neal,Mario Chalmers,Udonis Haslem,4,6:48,MIA,sub,,,,James Jones,,Michael Beasley,,,,,,,,,,,,
Andray Blatche,Brendan Haywood,Caron Butler,Earl Boykins,Randy Foye,Dwyane Wade,James Jones,Jermaine O'Neal,Mario Chalmers,Udonis Haslem,4,6:38,MIA,shot,,,,,,,,,,Dwyane Wade,,,,missed,,driving layup,25,6
Andray Blatche,Brendan Haywood,Caron Butler,Earl Boykins,Randy Foye,Dwyane Wade,James Jones,Jermaine O'Neal,Mario Chalmers,Udonis Haslem,4,6:37,WAS,rebound,,,,,,,,,,Andray Blatche,,,,,,def,,
Andray Blatche,Brendan Haywood,Caron Butler,Earl Boykins,Randy Foye,Dwyane Wade,James Jones,Jermaine O'Neal,Mario Chalmers,Udonis Haslem,4,6:27,WAS,shot,,,,,,,,,,Randy Foye,,,,missed,,3pt,48,8
Andray Blatche,Brendan Haywood,Caron Butler,Earl Boykins,Randy Foye,Dwyane Wade,James Jones,Jermaine O'Neal,Mario Chalmers,Udonis Haslem,4,6:26,MIA,rebound,,,,,,,,,,Jermaine O'Neal,,,,,,def,,
Andray Blatche,Brendan Haywood,Caron Butler,Earl Boykins,Randy Foye,Dwyane Wade,James Jones,Jermaine O'Neal,Mario Chalmers,Udonis Haslem,4,6:15,MIA,shot,,,,,,,,,,Mario Chalmers,2,,,made,,jump,13,22
Andray Blatche,Brendan Haywood,Caron Butler,Earl Boykins,Randy Foye,Dwyane Wade,James Jones,Jermaine O'Neal,Mario Chalmers,Udonis Haslem,4,5:56,WAS,shot,,,,,,,,,,Andray Blatche,,,,missed,,turnaround jump,37,9
Andray Blatche,Brendan Haywood,Caron Butler,Earl Boykins,Randy Foye,Dwyane Wade,James Jones,Jermaine O'Neal,Mario Chalmers,Udonis Haslem,4,5:55,MIA,rebound,,,,,,,,,,Jermaine O'Neal,,,,,,def,,
Andray Blatche,Brendan Haywood,Caron Butler,Earl Boykins,Randy Foye,Dwyane Wade,James Jones,Jermaine O'Neal,Mario Chalmers,Udonis Haslem,4,5:38,MIA,timeout,,,,,,,,,,,,,,,,official,,
Andray Blatche,Brendan Haywood,Caron Butler,Earl Boykins,Randy Foye,Dwyane Wade,James Jones,Jermaine O'Neal,Mario Chalmers,Udonis Haslem,4,5:35,MIA,shot,Jermaine O'Neal,,,,,,,,,Mario Chalmers,2,,,made,,driving layup,25,6
Andray Blatche,Brendan Haywood,Caron Butler,Earl Boykins,Randy Foye,Dwyane Wade,James Jones,Jermaine O'Neal,Mario Chalmers,Udonis Haslem,4,5:09,MIA,foul,,,,,,,,Earl Boykins,,Dwyane Wade,,,,,,personal,,
Andray Blatche,Brendan Haywood,Caron Butler,Earl Boykins,Nick Young,Dwyane Wade,James Jones,Jermaine O'Neal,Mario Chalmers,Udonis Haslem,4,5:09,WAS,sub,,,,Nick Young,,Randy Foye,,,,,,,,,,,,
Antawn Jamison,Brendan Haywood,Caron Butler,Earl Boykins,Nick Young,Dwyane Wade,James Jones,Jermaine O'Neal,Mario Chalmers,Udonis Haslem,4,5:09,WAS,sub,,,,Antawn Jamison,,Andray Blatche,,,,,,,,,,,,
Antawn Jamison,Brendan Haywood,Caron Butler,Earl Boykins,Nick Young,Dwyane Wade,James Jones,Jermaine O'Neal,Mario Chalmers,Udonis Haslem,4,5:09,WAS,free throw,,,,,,,1,,2,Earl Boykins,,,foul,made,,,,
Antawn Jamison,Brendan Haywood,Caron Butler,Earl Boykins,Nick Young,Dwyane Wade,James Jones,Jermaine O'Neal,Mario Chalmers,Udonis Haslem,4,5:09,WAS,free throw,,,,,,,2,,2,Earl Boykins,,,foul,made,,,,
Antawn Jamison,Brendan Haywood,Caron Butler,Earl Boykins,Nick Young,Dwyane Wade,James Jones,Jermaine O'Neal,Mario Chalmers,Udonis Haslem,4,4:59,MIA,shot,,,,,,,,,,James Jones,,,,missed,,3pt,1,13
Antawn Jamison,Brendan Haywood,Caron Butler,Earl Boykins,Nick Young,Dwyane Wade,James Jones,Jermaine O'Neal,Mario Chalmers,Udonis Haslem,4,4:58,WAS,rebound,,,,,,,,,,Antawn Jamison,,,,,,def,,
Antawn Jamison,Brendan Haywood,Caron Butler,Earl Boykins,Nick Young,Dwyane Wade,James Jones,Jermaine O'Neal,Mario Chalmers,Udonis Haslem,4,4:37,WAS,shot,,,,,,,,,,Nick Young,,,,missed,,turnaround jump,31,12
Antawn Jamison,Brendan Haywood,Caron Butler,Earl Boykins,Nick Young,Dwyane Wade,James Jones,Jermaine O'Neal,Mario Chalmers,Udonis Haslem,4,4:36,WAS,rebound,,,,,,,,,,Brendan Haywood,,,,,,off,,
Antawn Jamison,Brendan Haywood,Caron Butler,Earl Boykins,Nick Young,Dwyane Wade,James Jones,Jermaine O'Neal,Mario Chalmers,Udonis Haslem,4,4:20,WAS,shot,Earl Boykins,,,,,,,,,Caron Butler,2,,,made,,jump,36,21
Antawn Jamison,Brendan Haywood,Caron Butler,Earl Boykins,Nick Young,Dwyane Wade,James Jones,Jermaine O'Neal,Mario Chalmers,Udonis Haslem,4,4:12,WAS,foul,,,,,,,,Mario Chalmers,,Earl Boykins,,,,,,personal,,
Antawn Jamison,Brendan Haywood,Caron Butler,Earl Boykins,Nick Young,Dwyane Wade,James Jones,Jermaine O'Neal,Mario Chalmers,Udonis Haslem,4,3:59,MIA,shot,,,,,,,,,,Dwyane Wade,,,,missed,,3pt,42,23
Antawn Jamison,Brendan Haywood,Caron Butler,Earl Boykins,Nick Young,Dwyane Wade,James Jones,Jermaine O'Neal,Mario Chalmers,Udonis Haslem,4,3:58,MIA,rebound,,,,,,,,,,Udonis Haslem,,,,,,off,,
Antawn Jamison,Brendan Haywood,Caron Butler,Earl Boykins,Nick Young,Dwyane Wade,James Jones,Jermaine O'Neal,Mario Chalmers,Udonis Haslem,4,3:48,MIA,shot,,,,,,,,,,Jermaine O'Neal,,,,missed,,fade away jumper,33,20
Antawn Jamison,Brendan Haywood,Caron Butler,Earl Boykins,Nick Young,Dwyane Wade,James Jones,Jermaine O'Neal,Mario Chalmers,Udonis Haslem,4,3:47,WAS,rebound,,,,,,,,,,Caron Butler,,,,,,def,,
Antawn Jamison,Brendan Haywood,Caron Butler,Earl Boykins,Nick Young,Dwyane Wade,James Jones,Jermaine O'Neal,Mario Chalmers,Udonis Haslem,4,3:39,WAS,shot,Earl Boykins,,,,,,,,,Antawn Jamison,2,,,made,,jump,35,13
Antawn Jamison,Brendan Haywood,Caron Butler,Earl Boykins,Nick Young,Dwyane Wade,James Jones,Jermaine O'Neal,Mario Chalmers,Udonis Haslem,4,3:39,MIA,timeout,,,,,,,,,,,,,,,,regular,,
Antawn Jamison,Brendan Haywood,Caron Butler,Earl Boykins,Nick Young,Dwyane Wade,James Jones,Jermaine O'Neal,Mario Chalmers,Udonis Haslem,4,3:26,MIA,shot,,,,,,,,,,Dwyane Wade,2,,,made,,jump,40,15
Antawn Jamison,Brendan Haywood,Caron Butler,Earl Boykins,Nick Young,Dwyane Wade,James Jones,Jermaine O'Neal,Mario Chalmers,Udonis Haslem,4,3:26,WAS,foul,,,,,,,,Dwyane Wade,,Nick Young,,,,,,shooting,,
Antawn Jamison,Brendan Haywood,Caron Butler,Earl Boykins,Nick Young,Dwyane Wade,James Jones,Mario Chalmers,Michael Beasley,Udonis Haslem,4,3:26,MIA,sub,,,,Michael Beasley,,Jermaine O'Neal,,,,,,,,,,,,
Antawn Jamison,Brendan Haywood,Caron Butler,Earl Boykins,Nick Young,Dwyane Wade,James Jones,Mario Chalmers,Michael Beasley,Udonis Haslem,4,3:26,MIA,free throw,,,,,,,1,,1,Dwyane Wade,,,foul,made,,,,
Antawn Jamison,Brendan Haywood,Caron Butler,Earl Boykins,Nick Young,Dwyane Wade,James Jones,Mario Chalmers,Michael Beasley,Udonis Haslem,4,3:16,WAS,timeout,,,,,,,,,,,,,,,,regular,,
Antawn Jamison,Brendan Haywood,Caron Butler,Earl Boykins,Nick Young,Dwyane Wade,James Jones,Mario Chalmers,Michael Beasley,Udonis Haslem,4,3:11,WAS,shot,,,Udonis Haslem,,,,,,,Antawn Jamison,,,,missed,,jump,15,14
Antawn Jamison,Brendan Haywood,Caron Butler,Earl Boykins,Nick Young,Dwyane Wade,James Jones,Mario Chalmers,Michael Beasley,Udonis Haslem,4,3:10,MIA,rebound,,,,,,,,,,James Jones,,,,,,def,,
Antawn Jamison,Brendan Haywood,Caron Butler,Earl Boykins,Nick Young,Dwyane Wade,James Jones,Mario Chalmers,Michael Beasley,Udonis Haslem,4,3:01,MIA,shot,,,,,,,,,,Dwyane Wade,,,,missed,,jump,36,18
Antawn Jamison,Brendan Haywood,Caron Butler,Earl Boykins,Nick Young,Dwyane Wade,James Jones,Mario Chalmers,Michael Beasley,Udonis Haslem,4,2:59,WAS,rebound,,,,,,,,,,Earl Boykins,,,,,,def,,
Antawn Jamison,Brendan Haywood,Caron Butler,Earl Boykins,Nick Young,Dwyane Wade,James Jones,Mario Chalmers,Michael Beasley,Udonis Haslem,4,2:59,MIA,foul,,,,,,,,Earl Boykins,,Mario Chalmers,,,,,,personal,,
Antawn Jamison,Brendan Haywood,Caron Butler,Earl Boykins,Nick Young,Dwyane Wade,James Jones,Mario Chalmers,Michael Beasley,Udonis Haslem,4,2:43,MIA,foul,,,,,,,,Nick Young,,Udonis Haslem,,,,,,shooting,,
Antawn Jamison,Brendan Haywood,Caron Butler,Earl Boykins,Nick Young,Dwyane Wade,James Jones,Mario Chalmers,Michael Beasley,Udonis Haslem,4,2:43,WAS,free throw,,,,,,,1,,2,Nick Young,,,foul,made,,,,
Antawn Jamison,Brendan Haywood,Caron Butler,Earl Boykins,Nick Young,Dwyane Wade,James Jones,Mario Chalmers,Michael Beasley,Udonis Haslem,4,2:43,WAS,free throw,,,,,,,2,,2,Nick Young,,,foul,made,,,,
Antawn Jamison,Brendan Haywood,Caron Butler,Earl Boykins,Nick Young,Dwyane Wade,James Jones,Mario Chalmers,Michael Beasley,Udonis Haslem,4,2:37,MIA,shot,,,,,,,,,,Mario Chalmers,2,,,made,,driving layup,25,6
Antawn Jamison,Brendan Haywood,Caron Butler,Earl Boykins,Nick Young,Dwyane Wade,James Jones,Mario Chalmers,Michael Beasley,Udonis Haslem,4,2:27,WAS,turnover,,,,,,,,,,Brendan Haywood,,,bad pass,,,,,
Antawn Jamison,Brendan Haywood,Caron Butler,Earl Boykins,Nick Young,Dwyane Wade,James Jones,Mario Chalmers,Michael Beasley,Udonis Haslem,4,2:21,WAS,foul,,,,,,,,Mario Chalmers,,Brendan Haywood,,,,,,shooting,,
Antawn Jamison,Brendan Haywood,Caron Butler,Earl Boykins,Nick Young,Dwyane Wade,James Jones,Mario Chalmers,Michael Beasley,Udonis Haslem,4,2:21,MIA,free throw,,,,,,,1,,2,Mario Chalmers,,,foul,made,,,,
Andray Blatche,Antawn Jamison,Caron Butler,Earl Boykins,Nick Young,Dwyane Wade,James Jones,Mario Chalmers,Michael Beasley,Udonis Haslem,4,2:21,WAS,sub,,,,Andray Blatche,,Brendan Haywood,,,,,,,,,,,,
Andray Blatche,Antawn Jamison,Caron Butler,Earl Boykins,Nick Young,Dwyane Wade,James Jones,Mario Chalmers,Michael Beasley,Udonis Haslem,4,2:21,MIA,free throw,,,,,,,2,,2,Mario Chalmers,,,foul,made,,,,
Andray Blatche,Antawn Jamison,Caron Butler,Earl Boykins,Nick Young,Dwyane Wade,James Jones,Mario Chalmers,Michael Beasley,Udonis Haslem,4,2:08,WAS,shot,,,,,,,,,,Antawn Jamison,,,,missed,,3pt,7,24
Andray Blatche,Antawn Jamison,Caron Butler,Earl Boykins,Nick Young,Dwyane Wade,James Jones,Mario Chalmers,Michael Beasley,Udonis Haslem,4,2:07,MIA,rebound,,,,,,,,,,Michael Beasley,,,,,,def,,
Andray Blatche,Antawn Jamison,Caron Butler,Earl Boykins,Nick Young,Dwyane Wade,James Jones,Mario Chalmers,Michael Beasley,Udonis Haslem,4,2:04,WAS,foul,,,,,,,,Dwyane Wade,,Andray Blatche,,,,,,shooting,,
Andray Blatche,Antawn Jamison,Caron Butler,Earl Boykins,Nick Young,Dwyane Wade,James Jones,Mario Chalmers,Michael Beasley,Udonis Haslem,4,2:04,MIA,free throw,,,,,,,1,,2,Dwyane Wade,,,foul,missed,,,,
Andray Blatche,Antawn Jamison,Caron Butler,Earl Boykins,Nick Young,Dwyane Wade,James Jones,Mario Chalmers,Michael Beasley,Udonis Haslem,4,2:04,MIA,rebound,,,,,,,,,,,,,,,,,,
Andray Blatche,Antawn Jamison,Caron Butler,Earl Boykins,Nick Young,Dwyane Wade,James Jones,Mario Chalmers,Michael Beasley,Udonis Haslem,4,2:04,MIA,free throw,,,,,,,2,,2,Dwyane Wade,,,foul,missed,,,,
Andray Blatche,Antawn Jamison,Caron Butler,Earl Boykins,Nick Young,Dwyane Wade,James Jones,Mario Chalmers,Michael Beasley,Udonis Haslem,4,2:03,WAS,rebound,,,,,,,,,,Antawn Jamison,,,,,,def,,
Andray Blatche,Antawn Jamison,Caron Butler,Earl Boykins,Nick Young,Dwyane Wade,James Jones,Mario Chalmers,Michael Beasley,Udonis Haslem,4,1:42,WAS,shot,Earl Boykins,,,,,,,,,Andray Blatche,2,,,made,,layup,25,6
Andray Blatche,Antawn Jamison,Caron Butler,Earl Boykins,Nick Young,Dwyane Wade,James Jones,Mario Chalmers,Michael Beasley,Udonis Haslem,4,1:32,MIA,shot,,,,,,,,,,Mario Chalmers,,,,missed,,3pt,24,35
Andray Blatche,Antawn Jamison,Caron Butler,Earl Boykins,Nick Young,Dwyane Wade,James Jones,Mario Chalmers,Michael Beasley,Udonis Haslem,4,1:31,WAS,rebound,,,,,,,,,,Caron Butler,,,,,,def,,
Andray Blatche,Antawn Jamison,Caron Butler,Earl Boykins,Nick Young,Dwyane Wade,James Jones,Mario Chalmers,Michael Beasley,Udonis Haslem,4,1:11,WAS,shot,,,,,,,,,,Andray Blatche,,,,missed,,driving layup,25,6
Andray Blatche,Antawn Jamison,Caron Butler,Earl Boykins,Nick Young,Dwyane Wade,James Jones,Mario Chalmers,Michael Beasley,Udonis Haslem,4,1:10,WAS,rebound,,,,,,,,,,,,,,,,,,
Andray Blatche,Antawn Jamison,Caron Butler,Earl Boykins,Nick Young,Dwyane Wade,James Jones,Mario Chalmers,Michael Beasley,Udonis Haslem,4,0:52,WAS,shot,,,,,,,,,,Earl Boykins,2,,,made,,jump,32,20
Andray Blatche,Antawn Jamison,Caron Butler,Earl Boykins,Nick Young,Dwyane Wade,James Jones,Mario Chalmers,Michael Beasley,Udonis Haslem,4,0:52,MIA,timeout,,,,,,,,,,,,,,,,regular,,
Andray Blatche,Antawn Jamison,Caron Butler,Earl Boykins,Nick Young,Daequan Cook,James Jones,Mario Chalmers,Michael Beasley,Udonis Haslem,4,0:52,MIA,sub,,,,Daequan Cook,,Dwyane Wade,,,,,,,,,,,,
Andray Blatche,Antawn Jamison,Caron Butler,Earl Boykins,Nick Young,Daequan Cook,James Jones,Mario Chalmers,Michael Beasley,Udonis Haslem,4,0:44,MIA,shot,Michael Beasley,,,,,,,,,Daequan Cook,3,,,made,,3pt,8,25
Andray Blatche,Antawn Jamison,Caron Butler,Earl Boykins,Nick Young,Daequan Cook,James Jones,Mario Chalmers,Michael Beasley,Udonis Haslem,4,0:18,WAS,shot,,,,,,,,,,Nick Young,,,,missed,,jump,29,18
Andray Blatche,Antawn Jamison,Caron Butler,Earl Boykins,Nick Young,Daequan Cook,James Jones,Mario Chalmers,Michael Beasley,Udonis Haslem,4,0:17,MIA,rebound,,,,,,,,,,Udonis Haslem,,,,,,def,,
Andray Blatche,Antawn Jamison,Caron Butler,Earl Boykins,Nick Young,Daequan Cook,James Jones,Mario Chalmers,Michael Beasley,Udonis Haslem,4,0:08,MIA,shot,,,,,,,,,,Mario Chalmers,,,,missed,,3pt,42,24
Andray Blatche,Antawn Jamison,Caron Butler,Earl Boykins,Nick Young,Daequan Cook,James Jones,Mario Chalmers,Michael Beasley,Udonis Haslem,4,0:07,WAS,rebound,,,,,,,,,,Andray Blatche,,,,,,def,,
Andray Blatche,Antawn Jamison,Caron Butler,Earl Boykins,Nick Young,Daequan Cook,James Jones,Mario Chalmers,Michael Beasley,Udonis Haslem,4,0:04,WAS,turnover,,,,,,,,,,Andray Blatche,,,lost ball,,James Jones,,,
Andray Blatche,Antawn Jamison,Caron Butler,Earl Boykins,Nick Young,Daequan Cook,James Jones,Mario Chalmers,Michael Beasley,Udonis Haslem,4,0:04,MIA,shot,,,,,,,,,,James Jones,,,,missed,,3pt,10,27
Andray Blatche,Antawn Jamison,Caron Butler,Earl Boykins,Nick Young,Daequan Cook,James Jones,Mario Chalmers,Michael Beasley,Udonis Haslem,4,0:02,WAS,rebound,,,,,,,,,,Earl Boykins,,,,,,def,,
