a1,a2,a3,a4,a5,h1,h2,h3,h4,h5,period,time,team,etype,assist,away,block,entered,home,left,num,opponent,outof,player,points,possession,reason,result,steal,type,x,y
Dwyane Wade,Jermaine O'Neal,Mario Chalmers,Michael Beasley,Quentin Richardson,Al Horford,Joe Johnson,Josh Smith,Marvin Williams,Mike Bibby,1,12:00,OFF,jump ball,,Jermaine O'Neal,,,Josh Smith,,,,,,,Mario Chalmers,,,,,,
Dwyane Wade,Jermaine O'Neal,Mario Chalmers,Michael Beasley,Quentin Richardson,Al Horford,Joe Johnson,Josh Smith,Marvin Williams,Mike Bibby,1,11:41,MIA,shot,Quentin Richardson,,,,,,,,,Michael Beasley,2,,,made,,jump,19,24
Dwyane Wade,Jermaine O'Neal,Mario Chalmers,Michael Beasley,Quentin Richardson,Al Horford,Joe Johnson,Josh Smith,Marvin Williams,Mike Bibby,1,11:22,ATL,shot,,,,,,,,,,Mike Bibby,,,,missed,,fade away jumper,15,22
Dwyane Wade,Jermaine O'Neal,Mario Chalmers,Michael Beasley,Quentin Richardson,Al Horford,Joe Johnson,Josh Smith,Marvin Williams,Mike Bibby,1,11:19,MIA,rebound,,,,,,,,,,Jermaine O'Neal,,,,,,def,,
Dwyane Wade,Jermaine O'Neal,Mario Chalmers,Michael Beasley,Quentin Richardson,Al Horford,Joe Johnson,Josh Smith,Marvin Williams,Mike Bibby,1,11:07,ATL,foul,,,,,,,,Jermaine O'Neal,,Al Horford,,,,,,shooting,,
Dwyane Wade,Jermaine O'Neal,Mario Chalmers,Michael Beasley,Quentin Richardson,Al Horford,Joe Johnson,Josh Smith,Marvin Williams,Mike Bibby,1,11:07,MIA,free throw,,,,,,,1,,2,Jermaine O'Neal,,,foul,missed,,,,
Dwyane Wade,Jermaine O'Neal,Mario Chalmers,Michael Beasley,Quentin Richardson,Al Horford,Joe Johnson,Josh Smith,Marvin Williams,Mike Bibby,1,11:07,MIA,rebound,,,,,,,,,,,,,,,,,,
Dwyane Wade,Jermaine O'Neal,Mario Chalmers,Michael Beasley,Quentin Richardson,Al Horford,Joe Johnson,Josh Smith,Marvin Williams,Mike Bibby,1,11:07,MIA,free throw,,,,,,,2,,2,Jermaine O'Neal,,,foul,missed,,,,
Dwyane Wade,Jermaine O'Neal,Mario Chalmers,Michael Beasley,Quentin Richardson,Al Horford,Joe Johnson,Josh Smith,Marvin Williams,Mike Bibby,1,11:06,ATL,rebound,,,,,,,,,,Josh Smith,,,,,,def,,
Dwyane Wade,Jermaine O'Neal,Mario Chalmers,Michael Beasley,Quentin Richardson,Al Horford,Joe Johnson,Josh Smith,Marvin Williams,Mike Bibby,1,10:49,ATL,shot,,,,,,,,,,Josh Smith,,,,missed,,jump,12,22
Dwyane Wade,Jermaine O'Neal,Mario Chalmers,Michael Beasley,Quentin Richardson,Al Horford,Joe Johnson,Josh Smith,Marvin Williams,Mike Bibby,1,10:49,ATL,rebound,,,,,,,,,,Marvin Williams,,,,,,off,,
Dwyane Wade,Jermaine O'Neal,Mario Chalmers,Michael Beasley,Quentin Richardson,Al Horford,Joe Johnson,Josh Smith,Marvin Williams,Mike Bibby,1,10:49,ATL,shot,,,,,,,,,,Marvin Williams,,,,missed,,putback slam dunk,25,6
Dwyane Wade,Jermaine O'Neal,Mario Chalmers,Michael Beasley,Quentin Richardson,Al Horford,Joe Johnson,Josh Smith,Marvin Williams,Mike Bibby,1,10:45,MIA,rebound,,,,,,,,,,Mario Chalmers,,,,,,def,,
Dwyane Wade,Jermaine O'Neal,Mario Chalmers,Michael Beasley,Quentin Richardson,Al Horford,Joe Johnson,Josh Smith,Marvin Williams,Mike Bibby,1,10:39,MIA,shot,Mario Chalmers,,,,,,,,,Michael Beasley,2,,,made,,jump,37,17
Dwyane Wade,Jermaine O'Neal,Mario Chalmers,Michael Beasley,Quentin Richardson,Al Horford,Joe Johnson,Josh Smith,Marvin Williams,Mike Bibby,1,10:17,ATL,shot,Mike Bibby,,,,,,,,,Al Horford,2,,,made,,jump,8,9
Dwyane Wade,Jermaine O'Neal,Mario Chalmers,Michael Beasley,Quentin Richardson,Al Horford,Joe Johnson,Josh Smith,Marvin Williams,Mike Bibby,1,9:53,MIA,shot,,,,,,,,,,Dwyane Wade,,,,missed,,jump,43,5
Dwyane Wade,Jermaine O'Neal,Mario Chalmers,Michael Beasley,Quentin Richardson,Al Horford,Joe Johnson,Josh Smith,Marvin Williams,Mike Bibby,1,9:52,ATL,rebound,,,,,,,,,,Josh Smith,,,,,,def,,
Dwyane Wade,Jermaine O'Neal,Mario Chalmers,Michael Beasley,Quentin Richardson,Al Horford,Joe Johnson,Josh Smith,Marvin Williams,Mike Bibby,1,9:46,ATL,shot,,,,,,,,,,Joe Johnson,,,,missed,,3pt,2,13
Dwyane Wade,Jermaine O'Neal,Mario Chalmers,Michael Beasley,Quentin Richardson,Al Horford,Joe Johnson,Josh Smith,Marvin Williams,Mike Bibby,1,9:44,MIA,rebound,,,,,,,,,,Quentin Richardson,,,,,,def,,
Dwyane Wade,Jermaine O'Neal,Mario Chalmers,Michael Beasley,Quentin Richardson,Al Horford,Joe Johnson,Josh Smith,Marvin Williams,Mike Bibby,1,9:35,MIA,turnover,,,,,,,,,,Michael Beasley,,,bad pass,,Mike Bibby,,,
Dwyane Wade,Jermaine O'Neal,Mario Chalmers,Michael Beasley,Quentin Richardson,Al Horford,Joe Johnson,Josh Smith,Marvin Williams,Mike Bibby,1,9:31,ATL,shot,Josh Smith,,,,,,,,,Mike Bibby,2,,,made,,running layup,23,6
Dwyane Wade,Jermaine O'Neal,Mario Chalmers,Michael Beasley,Quentin Richardson,Al Horford,Joe Johnson,Josh Smith,Marvin Williams,Mike Bibby,1,9:07,MIA,shot,,,,,,,,,,Jermaine O'Neal,,,,missed,,jump,40,10
Dwyane Wade,Jermaine O'Neal,Mario Chalmers,Michael Beasley,Quentin Richardson,Al Horford,Joe Johnson,Josh Smith,Marvin Williams,Mike Bibby,1,9:05,MIA,rebound,,,,,,,,,,Michael Beasley,,,,,,off,,
Dwyane Wade,Jermaine O'Neal,Mario Chalmers,Michael Beasley,Quentin Richardson,Al Horford,Joe Johnson,Josh Smith,Marvin Williams,Mike Bibby,1,9:04,MIA,shot,,,,,,,,,,Michael Beasley,2,,,made,,putback layup,25,6
Dwyane Wade,Jermaine O'Neal,Mario Chalmers,Michael Beasley,Quentin Richardson,Al Horford,Joe Johnson,Josh Smith,Marvin Williams,Mike Bibby,1,8:49,ATL,shot,,,,,,,,,,Al Horford,,,,missed,,hook,18,7
Dwyane Wade,Jermaine O'Neal,Mario Chalmers,Michael Beasley,Quentin Richardson,Al Horford,Joe Johnson,Josh Smith,Marvin Williams,Mike Bibby,1,8:46,ATL,rebound,,,,,,,,,,Al Horford,,,,,,off,,
Dwyane Wade,Jermaine O'Neal,Mario Chalmers,Michael Beasley,Quentin Richardson,Al Horford,Joe Johnson,Josh Smith,Marvin Williams,Mike Bibby,1,8:42,ATL,shot,,,,,,,,,,Joe Johnson,2,,,made,,driving jump,23,10
Dwyane Wade,Jermaine O'Neal,Mario Chalmers,Michael Beasley,Quentin Richardson,Al Horford,Joe Johnson,Josh Smith,Marvin Williams,Mike Bibby,1,8:18,MIA,shot,,,,,,,,,,Michael Beasley,2,,,made,,jump,11,20
Dwyane Wade,Jermaine O'Neal,Mario Chalmers,Michael Beasley,Quentin Richardson,Al Horford,Joe Johnson,Josh Smith,Marvin Williams,Mike Bibby,1,7:59,ATL,shot,,,,,,,,,,Josh Smith,,,,missed,,running hook,24,12
Dwyane Wade,Jermaine O'Neal,Mario Chalmers,Michael Beasley,Quentin Richardson,Al Horford,Joe Johnson,Josh Smith,Marvin Williams,Mike Bibby,1,7:55,MIA,rebound,,,,,,,,,,Michael Beasley,,,,,,def,,
Dwyane Wade,Jermaine O'Neal,Mario Chalmers,Michael Beasley,Quentin Richardson,Al Horford,Joe Johnson,Josh Smith,Marvin Williams,Mike Bibby,1,7:46,MIA,shot,Dwyane Wade,,,,,,,,,Quentin Richardson,3,,,made,,3pt,48,7
Dwyane Wade,Jermaine O'Neal,Mario Chalmers,Michael Beasley,Quentin Richardson,Al Horford,Joe Johnson,Josh Smith,Marvin Williams,Mike Bibby,1,7:33,ATL,shot,Josh Smith,,,,,,,,,Joe Johnson,3,,,made,,3pt,2,9
Dwyane Wade,Jermaine O'Neal,Mario Chalmers,Michael Beasley,Quentin Richardson,Al Horford,Joe Johnson,Josh Smith,Marvin Williams,Mike Bibby,1,7:12,MIA,shot,,,Josh Smith,,,,,,,Jermaine O'Neal,,,,missed,,layup,27,6
Dwyane Wade,Jermaine O'Neal,Mario Chalmers,Michael Beasley,Quentin Richardson,Al Horford,Joe Johnson,Josh Smith,Marvin Williams,Mike Bibby,1,7:12,MIA,rebound,,,,,,,,,,,,,,,,,,
Dwyane Wade,Jermaine O'Neal,Mario Chalmers,Michael Beasley,Quentin Richardson,Al Horford,Joe Johnson,Josh Smith,Marvin Williams,Mike Bibby,1,7:06,MIA,shot,,,,,,,,,,Mario Chalmers,,,,missed,,3pt,48,7
Dwyane Wade,Jermaine O'Neal,Mario Chalmers,Michael Beasley,Quentin Richardson,Al Horford,Joe Johnson,Josh Smith,Marvin Williams,Mike Bibby,1,7:04,ATL,rebound,,,,,,,,,,Josh Smith,,,,,,def,,
Dwyane Wade,Jermaine O'Neal,Mario Chalmers,Michael Beasley,Quentin Richardson,Al Horford,Joe Johnson,Josh Smith,Marvin Williams,Mike Bibby,1,6:53,ATL,shot,Joe Johnson,,,,,,,,,Mike Bibby,3,,,made,,3pt,48,10
Dwyane Wade,Jermaine O'Neal,Mario Chalmers,Michael Beasley,Quentin Richardson,Al Horford,Joe Johnson,Josh Smith,Marvin Williams,Mike Bibby,1,6:37,MIA,shot,,,,,,,,,,Dwyane Wade,,,,missed,,3pt,2,11
Dwyane Wade,Jermaine O'Neal,Mario Chalmers,Michael Beasley,Quentin Richardson,Al Horford,Joe Johnson,Josh Smith,Marvin Williams,Mike Bibby,1,6:36,ATL,rebound,,,,,,,,,,Al Horford,,,,,,def,,
Dwyane Wade,Jermaine O'Neal,Mario Chalmers,Michael Beasley,Quentin Richardson,Al Horford,Joe Johnson,Josh Smith,Marvin Williams,Mike Bibby,1,6:30,ATL,shot,,,,,,,,,,Mike Bibby,,,,missed,,3pt,4,22
Dwyane Wade,Jermaine O'Neal,Mario Chalmers,Michael Beasley,Quentin Richardson,Al Horford,Joe Johnson,Josh Smith,Marvin Williams,Mike Bibby,1,6:29,ATL,rebound,,,,,,,,,,Al Horford,,,,,,off,,
Dwyane Wade,Jermaine O'Neal,Mario Chalmers,Michael Beasley,Quentin Richardson,Al Horford,Joe Johnson,Josh Smith,Marvin Williams,Mike Bibby,1,6:21,ATL,shot,,,,,,,,,,Joe Johnson,2,,,made,,running jump,28,9
Dwyane Wade,Jermaine O'Neal,Mario Chalmers,Michael Beasley,Quentin Richardson,Al Horford,Joe Johnson,Josh Smith,Marvin Williams,Mike Bibby,1,6:12,MIA,timeout,,,,,,,,,,,,,,,,regular,,
Dwyane Wade,Jermaine O'Neal,Mario Chalmers,Michael Beasley,Quentin Richardson,Al Horford,Joe Johnson,Josh Smith,Marvin Williams,Mike Bibby,1,6:03,MIA,shot,Dwyane Wade,,,,,,,,,Quentin Richardson,3,,,made,,3pt,10,26
Dwyane Wade,Jermaine O'Neal,Mario Chalmers,Michael Beasley,Quentin Richardson,Al Horford,Joe Johnson,Josh Smith,Marvin Williams,Mike Bibby,1,5:45,MIA,foul,,,,,,,,Josh Smith,,Jermaine O'Neal,,,,,,shooting,,
Dwyane Wade,Jermaine O'Neal,Mario Chalmers,Michael Beasley,Quentin Richardson,Al Horford,Joe Johnson,Josh Smith,Marvin Williams,Mike Bibby,1,5:45,ATL,free throw,,,,,,,1,,2,Josh Smith,,,foul,missed,,,,
Dwyane Wade,Jermaine O'Neal,Mario Chalmers,Michael Beasley,Quentin Richardson,Al Horford,Joe Johnson,Josh Smith,Marvin Williams,Mike Bibby,1,5:45,ATL,rebound,,,,,,,,,,,,,,,,,,
Dwyane Wade,Jermaine O'Neal,Mario Chalmers,Michael Beasley,Quentin Richardson,Al Horford,Joe Johnson,Josh Smith,Marvin Williams,Mike Bibby,1,5:45,ATL,free throw,,,,,,,2,,2,Josh Smith,,,foul,missed,,,,
Dwyane Wade,Jermaine O'Neal,Mario Chalmers,Michael Beasley,Quentin Richardson,Al Horford,Joe Johnson,Josh Smith,Marvin Williams,Mike Bibby,1,5:43,MIA,rebound,,,,,,,,,,,,,,,,,,
Dwyane Wade,Jermaine O'Neal,Mario Chalmers,Michael Beasley,Quentin Richardson,Al Horford,Joe Johnson,Josh Smith,Marvin Williams,Mike Bibby,1,5:31,MIA,turnover,,,,,,,,,,Dwyane Wade,,,bad pass,,,,,
Dwyane Wade,Jermaine O'Neal,Mario Chalmers,Michael Beasley,Quentin Richardson,Al Horford,Joe Johnson,Josh Smith,Marvin Williams,Mike Bibby,1,5:16,ATL,shot,,,Dwyane Wade,,,,,,,Marvin Williams,,,,missed,,jump,23,13
Dwyane Wade,Jermaine O'Neal,Mario Chalmers,Michael Beasley,Quentin Richardson,Al Horford,Joe Johnson,Josh Smith,Marvin Williams,Mike Bibby,1,5:13,MIA,rebound,,,,,,,,,,Jermaine O'Neal,,,,,,def,,
Dwyane Wade,Jermaine O'Neal,Mario Chalmers,Michael Beasley,Quentin Richardson,Al Horford,Joe Johnson,Josh Smith,Marvin Williams,Mike Bibby,1,5:08,MIA,shot,,,,,,,,,,Dwyane Wade,,,,missed,,jump,34,11
Dwyane Wade,Jermaine O'Neal,Mario Chalmers,Michael Beasley,Quentin Richardson,Al Horford,Joe Johnson,Josh Smith,Marvin Williams,Mike Bibby,1,5:07,MIA,rebound,,,,,,,,,,Jermaine O'Neal,,,,,,off,,
Dwyane Wade,Jermaine O'Neal,Mario Chalmers,Michael Beasley,Quentin Richardson,Al Horford,Joe Johnson,Josh Smith,Marvin Williams,Mike Bibby,1,5:05,MIA,shot,,,,,,,,,,Jermaine O'Neal,,,,missed,,putback layup,25,6
Dwyane Wade,Jermaine O'Neal,Mario Chalmers,Michael Beasley,Quentin Richardson,Al Horford,Joe Johnson,Josh Smith,Marvin Williams,Mike Bibby,1,5:01,ATL,rebound,,,,,,,,,,Al Horford,,,,,,def,,
Dwyane Wade,Jermaine O'Neal,Mario Chalmers,Michael Beasley,Quentin Richardson,Al Horford,Joe Johnson,Josh Smith,Marvin Williams,Mike Bibby,1,4:54,ATL,turnover,,,,,,,,,,Josh Smith,,,3 second violation,,,,,
Dwyane Wade,Jermaine O'Neal,Mario Chalmers,Michael Beasley,Quentin Richardson,Al Horford,Joe Johnson,Josh Smith,Marvin Williams,Mike Bibby,1,4:40,MIA,shot,Mario Chalmers,,,,,,,,,Michael Beasley,2,,,made,,dunk,25,6
Dwyane Wade,Jermaine O'Neal,Mario Chalmers,Michael Beasley,Quentin Richardson,Al Horford,Jamal Crawford,Joe Johnson,Josh Smith,Mike Bibby,1,4:19,ATL,sub,,,,Jamal Crawford,,Marvin Williams,,,,,,,,,,,,
Dwyane Wade,Jermaine O'Neal,Mario Chalmers,Michael Beasley,Quentin Richardson,Al Horford,Jamal Crawford,Joe Johnson,Josh Smith,Mike Bibby,1,4:11,ATL,shot,,,,,,,,,,Al Horford,2,,,made,,fade away jumper,22,22
Dwyane Wade,Jermaine O'Neal,Mario Chalmers,Michael Beasley,Quentin Richardson,Al Horford,Jamal Crawford,Joe Johnson,Josh Smith,Mike Bibby,1,3:58,ATL,foul,,,,,,,,Michael Beasley,,Josh Smith,,,,,,shooting,,
Dwyane Wade,Jermaine O'Neal,Mario Chalmers,Michael Beasley,Quentin Richardson,Al Horford,Jamal Crawford,Joe Johnson,Josh Smith,Mike Bibby,1,3:58,MIA,free throw,,,,,,,1,,2,Michael Beasley,,,foul,made,,,,
Dwyane Wade,Jermaine O'Neal,Mario Chalmers,Michael Beasley,Quentin Richardson,Al Horford,Jamal Crawford,Joe Johnson,Josh Smith,Mike Bibby,1,3:58,MIA,free throw,,,,,,,2,,2,Michael Beasley,,,foul,missed,,,,
Dwyane Wade,Jermaine O'Neal,Mario Chalmers,Michael Beasley,Quentin Richardson,Al Horford,Jamal Crawford,Joe Johnson,Josh Smith,Mike Bibby,1,3:56,ATL,rebound,,,,,,,,,,Al Horford,,,,,,def,,
Dwyane Wade,Jermaine O'Neal,Mario Chalmers,Michael Beasley,Quentin Richardson,Al Horford,Jamal Crawford,Joe Johnson,Josh Smith,Mike Bibby,1,3:40,ATL,shot,,,,,,,,,,Mike Bibby,,,,missed,,jump,38,23
Dwyane Wade,Jermaine O'Neal,Mario Chalmers,Michael Beasley,Quentin Richardson,Al Horford,Jamal Crawford,Joe Johnson,Josh Smith,Mike Bibby,1,3:39,ATL,rebound,,,,,,,,,,,,,,,,,,
Dwyane Wade,Jermaine O'Neal,Mario Chalmers,Michael Beasley,Quentin Richardson,Jamal Crawford,Joe Johnson,Josh Smith,Mike Bibby,Zaza Pachulia,1,3:39,ATL,sub,,,,Zaza Pachulia,,Al Horford,,,,,,,,,,,,
Dwyane Wade,Jermaine O'Neal,Mario Chalmers,Michael Beasley,Quentin Richardson,Jamal Crawford,Joe Johnson,Josh Smith,Mike Bibby,Zaza Pachulia,1,3:30,MIA,foul,,,,,,,,Joe Johnson,,Quentin Richardson,,,,,,personal,,
Dwyane Wade,Jermaine O'Neal,Mario Chalmers,Michael Beasley,Quentin Richardson,Jamal Crawford,Joe Johnson,Josh Smith,Mike Bibby,Zaza Pachulia,1,3:25,MIA,foul,,,,,,,,Joe Johnson,,Dwyane Wade,,,,,,shooting,,
Dwyane Wade,Jermaine O'Neal,Mario Chalmers,Michael Beasley,Quentin Richardson,Jamal Crawford,Joe Johnson,Josh Smith,Mike Bibby,Zaza Pachulia,1,3:25,ATL,free throw,,,,,,,1,,2,Joe Johnson,,,foul,made,,,,
Dwyane Wade,Jermaine O'Neal,Mario Chalmers,Michael Beasley,Quentin Richardson,Jamal Crawford,Joe Johnson,Josh Smith,Mike Bibby,Zaza Pachulia,1,3:25,ATL,free throw,,,,,,,2,,2,Joe Johnson,,,foul,made,,,,
Dwyane Wade,Jermaine O'Neal,Mario Chalmers,Michael Beasley,Quentin Richardson,Jamal Crawford,Joe Johnson,Josh Smith,Mike Bibby,Zaza Pachulia,1,3:13,MIA,shot,,,,,,,,,,Dwyane Wade,,,,missed,,driving layup,26,8
Dwyane Wade,Jermaine O'Neal,Mario Chalmers,Michael Beasley,Quentin Richardson,Jamal Crawford,Joe Johnson,Josh Smith,Mike Bibby,Zaza Pachulia,1,3:12,ATL,rebound,,,,,,,,,,Joe Johnson,,,,,,def,,
Dwyane Wade,Jermaine O'Neal,Mario Chalmers,Michael Beasley,Quentin Richardson,Jamal Crawford,Joe Johnson,Josh Smith,Mike Bibby,Zaza Pachulia,1,3:07,ATL,shot,Mike Bibby,,,,,,,,,Jamal Crawford,3,,,made,,3pt,48,11
Dwyane Wade,Jermaine O'Neal,Mario Chalmers,Michael Beasley,Quentin Richardson,Jamal Crawford,Joe Johnson,Josh Smith,Mike Bibby,Zaza Pachulia,1,2:47,MIA,shot,,,,,,,,,,Dwyane Wade,,,,missed,,fade away jumper,9,10
Dwyane Wade,Jermaine O'Neal,Mario Chalmers,Michael Beasley,Quentin Richardson,Jamal Crawford,Joe Johnson,Josh Smith,Mike Bibby,Zaza Pachulia,1,2:45,ATL,rebound,,,,,,,,,,Zaza Pachulia,,,,,,def,,
Dwyane Wade,Jermaine O'Neal,Mario Chalmers,Michael Beasley,Quentin Richardson,Jamal Crawford,Joe Johnson,Josh Smith,Mike Bibby,Zaza Pachulia,1,2:39,MIA,foul,,,,,,,,Zaza Pachulia,,Mario Chalmers,,,,,,personal,,
Dwyane Wade,Jermaine O'Neal,Mario Chalmers,Michael Beasley,Quentin Richardson,Jamal Crawford,Joe Johnson,Josh Smith,Mike Bibby,Zaza Pachulia,1,2:39,ATL,timeout,,,,,,,,,,,,,,,,regular,,
Dwyane Wade,Jermaine O'Neal,Mario Chalmers,Michael Beasley,Quentin Richardson,Jamal Crawford,Joe Johnson,Josh Smith,Maurice Evans,Zaza Pachulia,1,2:39,ATL,sub,,,,Maurice Evans,,Mike Bibby,,,,,,,,,,,,
Dwyane Wade,Joel Anthony,Mario Chalmers,Michael Beasley,Quentin Richardson,Jamal Crawford,Joe Johnson,Josh Smith,Maurice Evans,Zaza Pachulia,1,2:39,MIA,sub,,,,Joel Anthony,,Jermaine O'Neal,,,,,,,,,,,,
Carlos Arroyo,Dwyane Wade,Joel Anthony,Michael Beasley,Quentin Richardson,Jamal Crawford,Joe Johnson,Josh Smith,Maurice Evans,Zaza Pachulia,1,2:39,MIA,sub,,,,Carlos Arroyo,,Mario Chalmers,,,,,,,,,,,,
Carlos Arroyo,Dwyane Wade,Joel Anthony,Michael Beasley,Quentin Richardson,Jamal Crawford,Joe Johnson,Josh Smith,Maurice Evans,Zaza Pachulia,1,2:29,ATL,shot,,,,,,,,,,Joe Johnson,,,,missed,,turnaround jump,9,7
Carlos Arroyo,Dwyane Wade,Joel Anthony,Michael Beasley,Quentin Richardson,Jamal Crawford,Joe Johnson,Josh Smith,Maurice Evans,Zaza Pachulia,1,2:27,MIA,rebound,,,,,,,,,,Quentin Richardson,,,,,,def,,
Carlos Arroyo,Dwyane Wade,Joel Anthony,Michael Beasley,Quentin Richardson,Jamal Crawford,Joe Johnson,Josh Smith,Maurice Evans,Zaza Pachulia,1,2:14,MIA,shot,,,,,,,,,,Dwyane Wade,2,,,made,,fade away jumper,41,8
Carlos Arroyo,Dwyane Wade,Joel Anthony,Michael Beasley,Quentin Richardson,Jamal Crawford,Joe Johnson,Josh Smith,Maurice Evans,Zaza Pachulia,1,1:56,ATL,shot,Maurice Evans,,,,,,,,,Zaza Pachulia,2,,,made,,jump,9,12
Carlos Arroyo,Dwyane Wade,Joel Anthony,Michael Beasley,Quentin Richardson,Jamal Crawford,Joe Johnson,Josh Smith,Maurice Evans,Zaza Pachulia,1,1:32,MIA,shot,,,,,,,,,,Michael Beasley,,,,missed,,jump,35,21
Carlos Arroyo,Dwyane Wade,Joel Anthony,Michael Beasley,Quentin Richardson,Jamal Crawford,Joe Johnson,Josh Smith,Maurice Evans,Zaza Pachulia,1,1:31,MIA,rebound,,,,,,,,,,Carlos Arroyo,,,,,,off,,
Carlos Arroyo,Dwyane Wade,Joel Anthony,Michael Beasley,Quentin Richardson,Jamal Crawford,Joe Johnson,Josh Smith,Maurice Evans,Zaza Pachulia,1,1:17,MIA,shot,,,,,,,,,,Michael Beasley,,,,missed,,jump,28,10
Carlos Arroyo,Dwyane Wade,Joel Anthony,Michael Beasley,Quentin Richardson,Jamal Crawford,Joe Johnson,Josh Smith,Maurice Evans,Zaza Pachulia,1,1:15,ATL,rebound,,,,,,,,,,,,,,,,,,
Carlos Arroyo,Dwyane Wade,Joel Anthony,Michael Beasley,Quentin Richardson,Jamal Crawford,Joe Johnson,Josh Smith,Maurice Evans,Zaza Pachulia,1,1:03,ATL,shot,,,,,,,,,,Josh Smith,2,,,made,,running hook,28,9
Carlos Arroyo,Dwyane Wade,Joel Anthony,Michael Beasley,Quentin Richardson,Jamal Crawford,Joe Johnson,Josh Smith,Maurice Evans,Zaza Pachulia,1,1:03,MIA,foul,,,,,,,,Josh Smith,,Michael Beasley,,,,,,shooting,,
Carlos Arroyo,Dwyane Wade,Joel Anthony,Quentin Richardson,Shavlik Randolph,Jamal Crawford,Joe Johnson,Josh Smith,Maurice Evans,Zaza Pachulia,1,1:03,MIA,sub,,,,Shavlik Randolph,,Michael Beasley,,,,,,,,,,,,
Carlos Arroyo,Daequan Cook,Dwyane Wade,Joel Anthony,Shavlik Randolph,Jamal Crawford,Joe Johnson,Josh Smith,Maurice Evans,Zaza Pachulia,1,1:03,MIA,sub,,,,Daequan Cook,,Quentin Richardson,,,,,,,,,,,,
Carlos Arroyo,Daequan Cook,Dwyane Wade,Joel Anthony,Shavlik Randolph,Jamal Crawford,Joe Johnson,Josh Smith,Maurice Evans,Zaza Pachulia,1,1:03,ATL,free throw,,,,,,,1,,1,Josh Smith,,,foul,made,,,,
Carlos Arroyo,Daequan Cook,Dwyane Wade,Joel Anthony,Shavlik Randolph,Jamal Crawford,Joe Johnson,Josh Smith,Maurice Evans,Zaza Pachulia,1,0:49,MIA,shot,,,,,,,,,,Dwyane Wade,2,,,made,,driving dunk,25,6
Carlos Arroyo,Daequan Cook,Dwyane Wade,Joel Anthony,Shavlik Randolph,Jamal Crawford,Joe Johnson,Josh Smith,Maurice Evans,Zaza Pachulia,1,0:34,ATL,shot,,,Dwyane Wade,,,,,,,Jamal Crawford,,,,missed,,driving jump,23,11
Carlos Arroyo,Daequan Cook,Dwyane Wade,Joel Anthony,Shavlik Randolph,Jamal Crawford,Joe Johnson,Josh Smith,Maurice Evans,Zaza Pachulia,1,0:33,MIA,rebound,,,,,,,,,,Dwyane Wade,,,,,,def,,
Carlos Arroyo,Daequan Cook,Dwyane Wade,Joel Anthony,Shavlik Randolph,Jamal Crawford,Joe Johnson,Josh Smith,Maurice Evans,Zaza Pachulia,1,0:28,MIA,shot,,,,,,,,,,Daequan Cook,,,,missed,,3pt,45,21
Carlos Arroyo,Daequan Cook,Dwyane Wade,Joel Anthony,Shavlik Randolph,Jamal Crawford,Joe Johnson,Josh Smith,Maurice Evans,Zaza Pachulia,1,0:27,MIA,rebound,,,,,,,,,,,,,,,,,,
Carlos Arroyo,Daequan Cook,Dwyane Wade,Joel Anthony,Shavlik Randolph,Jamal Crawford,Joe Johnson,Josh Smith,Maurice Evans,Zaza Pachulia,1,0:16,ATL,foul,,,,,,,,Dwyane Wade,,Joe Johnson,,,,,,personal,,
Carlos Arroyo,Daequan Cook,Dwyane Wade,Joel Anthony,Shavlik Randolph,Jamal Crawford,Joe Johnson,Joe Smith,Maurice Evans,Zaza Pachulia,1,0:16,ATL,sub,,,,Joe Smith,,Josh Smith,,,,,,,,,,,,
Carlos Arroyo,Daequan Cook,Dwyane Wade,Joel Anthony,Shavlik Randolph,Jamal Crawford,Joe Smith,Marvin Williams,Maurice Evans,Zaza Pachulia,1,0:16,ATL,sub,,,,Marvin Williams,,Joe Johnson,,,,,,,,,,,,
Carlos Arroyo,Daequan Cook,Dwyane Wade,Joel Anthony,Shavlik Randolph,Jamal Crawford,Joe Smith,Marvin Williams,Maurice Evans,Zaza Pachulia,1,0:06,ATL,foul,,,,,,,,Joel Anthony,,Joe Smith,,,,,,personal,,
Carlos Arroyo,Daequan Cook,Dwyane Wade,Joel Anthony,Shavlik Randolph,Jamal Crawford,Joe Smith,Marvin Williams,Maurice Evans,Zaza Pachulia,1,0:06,MIA,free throw,,,,,,,1,,2,Joel Anthony,,,foul,made,,,,
Carlos Arroyo,Daequan Cook,Dwyane Wade,Joel Anthony,Shavlik Randolph,Jamal Crawford,Joe Johnson,Joe Smith,Marvin Williams,Maurice Evans,1,0:06,ATL,sub,,,,Joe Johnson,,Zaza Pachulia,,,,,,,,,,,,
Carlos Arroyo,Daequan Cook,Dwyane Wade,Joel Anthony,Shavlik Randolph,Jamal Crawford,Joe Johnson,Joe Smith,Marvin Williams,Maurice Evans,1,0:06,MIA,free throw,,,,,,,2,,2,Joel Anthony,,,foul,made,,,,
Carlos Arroyo,Daequan Cook,Dwyane Wade,Joel Anthony,Shavlik Randolph,Jamal Crawford,Joe Johnson,Joe Smith,Marvin Williams,Maurice Evans,1,0:00,ATL,shot,,,,,,,,,,Joe Johnson,,,,missed,,3pt,46,24
Carlos Arroyo,Daequan Cook,Dwyane Wade,Joel Anthony,Shavlik Randolph,Jamal Crawford,Joe Johnson,Joe Smith,Marvin Williams,Maurice Evans,1,0:00,MIA,rebound,,,,,,,,,,Carlos Arroyo,,,,,,def,,
Carlos Arroyo,Daequan Cook,James Jones,Joel Anthony,Shavlik Randolph,Jamal Crawford,Joe Smith,Marvin Williams,Maurice Evans,Zaza Pachulia,2,11:45,ATL,shot,,,,,,,,,,Jamal Crawford,,,,missed,,3pt,1,10
Carlos Arroyo,Daequan Cook,James Jones,Joel Anthony,Shavlik Randolph,Jamal Crawford,Joe Smith,Marvin Williams,Maurice Evans,Zaza Pachulia,2,11:44,ATL,rebound,,,,,,,,,,Marvin Williams,,,,,,off,,
Carlos Arroyo,Daequan Cook,James Jones,Joel Anthony,Shavlik Randolph,Jamal Crawford,Joe Smith,Marvin Williams,Maurice Evans,Zaza Pachulia,2,11:43,ATL,shot,,,Joel Anthony,,,,,,,Marvin Williams,,,,missed,,putback layup,25,6
Carlos Arroyo,Daequan Cook,James Jones,Joel Anthony,Shavlik Randolph,Jamal Crawford,Joe Smith,Marvin Williams,Maurice Evans,Zaza Pachulia,2,11:43,ATL,rebound,,,,,,,,,,,,,,,,,,
Carlos Arroyo,Daequan Cook,James Jones,Joel Anthony,Shavlik Randolph,Jamal Crawford,Joe Smith,Marvin Williams,Maurice Evans,Zaza Pachulia,2,11:31,ATL,shot,Maurice Evans,,,,,,,,,Marvin Williams,2,,,made,,jump,46,11
Carlos Arroyo,Daequan Cook,James Jones,Joel Anthony,Shavlik Randolph,Jamal Crawford,Joe Smith,Marvin Williams,Maurice Evans,Zaza Pachulia,2,11:14,MIA,shot,Carlos Arroyo,,,,,,,,,Daequan Cook,2,,,made,,jump,43,11
Carlos Arroyo,Daequan Cook,James Jones,Joel Anthony,Shavlik Randolph,Jamal Crawford,Joe Smith,Marvin Williams,Maurice Evans,Zaza Pachulia,2,11:00,MIA,foul,,,,,,,,Maurice Evans,,Carlos Arroyo,,,,,,personal,,
Carlos Arroyo,Daequan Cook,James Jones,Joel Anthony,Shavlik Randolph,Jamal Crawford,Joe Smith,Marvin Williams,Maurice Evans,Zaza Pachulia,2,10:47,ATL,shot,,,,,,,,,,Marvin Williams,2,,,made,,fade away jumper,42,10
Carlos Arroyo,Daequan Cook,James Jones,Joel Anthony,Shavlik Randolph,Jamal Crawford,Joe Smith,Marvin Williams,Maurice Evans,Zaza Pachulia,2,10:36,ATL,foul,,,,,,,,Daequan Cook,,Maurice Evans,,,,,,personal,,
Carlos Arroyo,Daequan Cook,James Jones,Joel Anthony,Shavlik Randolph,Jamal Crawford,Joe Smith,Marvin Williams,Maurice Evans,Zaza Pachulia,2,10:32,MIA,turnover,,,,,,,,,,Daequan Cook,,,step out of bounds turnover,,,,,
Carlos Arroyo,Daequan Cook,James Jones,Joel Anthony,Shavlik Randolph,Jamal Crawford,Joe Smith,Marvin Williams,Maurice Evans,Zaza Pachulia,2,10:17,ATL,shot,,,,,,,,,,Marvin Williams,,,,missed,,jump,36,16
Carlos Arroyo,Daequan Cook,James Jones,Joel Anthony,Shavlik Randolph,Jamal Crawford,Joe Smith,Marvin Williams,Maurice Evans,Zaza Pachulia,2,10:15,MIA,rebound,,,,,,,,,,Daequan Cook,,,,,,def,,
Carlos Arroyo,Daequan Cook,James Jones,Joel Anthony,Shavlik Randolph,Jamal Crawford,Joe Smith,Marvin Williams,Maurice Evans,Zaza Pachulia,2,10:08,MIA,shot,,,,,,,,,,Daequan Cook,3,,,made,,3pt,10,27
Carlos Arroyo,Daequan Cook,James Jones,Joel Anthony,Shavlik Randolph,Jamal Crawford,Joe Smith,Marvin Williams,Maurice Evans,Zaza Pachulia,2,9:48,ATL,shot,Jamal Crawford,,,,,,,,,Joe Smith,2,,,made,,layup,26,6
Carlos Arroyo,Daequan Cook,James Jones,Joel Anthony,Shavlik Randolph,Jamal Crawford,Joe Smith,Marvin Williams,Maurice Evans,Zaza Pachulia,2,9:25,MIA,shot,,,,,,,,,,Joel Anthony,,,,missed,,layup,26,6
Carlos Arroyo,Daequan Cook,James Jones,Joel Anthony,Shavlik Randolph,Jamal Crawford,Joe Smith,Marvin Williams,Maurice Evans,Zaza Pachulia,2,9:24,MIA,rebound,,,,,,,,,,Shavlik Randolph,,,,,,off,,
Carlos Arroyo,Daequan Cook,James Jones,Joel Anthony,Shavlik Randolph,Jamal Crawford,Joe Smith,Marvin Williams,Maurice Evans,Zaza Pachulia,2,9:24,MIA,shot,,,,,,,,,,Shavlik Randolph,2,,,made,,tip,25,6
Carlos Arroyo,Daequan Cook,James Jones,Joel Anthony,Shavlik Randolph,Jamal Crawford,Joe Smith,Marvin Williams,Maurice Evans,Zaza Pachulia,2,9:04,ATL,shot,,,,,,,,,,Joe Smith,,,,missed,,jump,34,14
Carlos Arroyo,Daequan Cook,James Jones,Joel Anthony,Shavlik Randolph,Jamal Crawford,Joe Smith,Marvin Williams,Maurice Evans,Zaza Pachulia,2,9:02,ATL,rebound,,,,,,,,,,Zaza Pachulia,,,,,,off,,
Carlos Arroyo,Daequan Cook,James Jones,Joel Anthony,Shavlik Randolph,Jamal Crawford,Joe Smith,Marvin Williams,Maurice Evans,Zaza Pachulia,2,9:02,ATL,shot,,,,,,,,,,Zaza Pachulia,,,,missed,,tip,25,6
Carlos Arroyo,Daequan Cook,James Jones,Joel Anthony,Shavlik Randolph,Jamal Crawford,Joe Smith,Marvin Williams,Maurice Evans,Zaza Pachulia,2,9:00,ATL,rebound,,,,,,,,,,Maurice Evans,,,,,,off,,
Carlos Arroyo,Daequan Cook,James Jones,Joel Anthony,Shavlik Randolph,Jamal Crawford,Joe Smith,Marvin Williams,Maurice Evans,Zaza Pachulia,2,9:00,ATL,shot,,,,,,,,,,Maurice Evans,,,,missed,,tip,25,6
Carlos Arroyo,Daequan Cook,James Jones,Joel Anthony,Shavlik Randolph,Jamal Crawford,Joe Smith,Marvin Williams,Maurice Evans,Zaza Pachulia,2,8:59,MIA,rebound,,,,,,,,,,Carlos Arroyo,,,,,,def,,
Carlos Arroyo,Daequan Cook,James Jones,Joel Anthony,Shavlik Randolph,Jamal Crawford,Joe Smith,Marvin Williams,Maurice Evans,Zaza Pachulia,2,8:47,MIA,shot,,,Zaza Pachulia,,,,,,,Shavlik Randolph,,,,missed,,reverse layup,23,6
Carlos Arroyo,Daequan Cook,James Jones,Joel Anthony,Shavlik Randolph,Jamal Crawford,Joe Smith,Marvin Williams,Maurice Evans,Zaza Pachulia,2,8:47,MIA,rebound,,,,,,,,,,,,,,,,,,
Carlos Arroyo,Daequan Cook,James Jones,Joel Anthony,Shavlik Randolph,Jamal Crawford,Joe Smith,Marvin Williams,Maurice Evans,Zaza Pachulia,2,8:47,MIA,timeout,,,,,,,,,,,,,,,,official,,
Carlos Arroyo,Daequan Cook,James Jones,Joel Anthony,Shavlik Randolph,Jamal Crawford,Joe Smith,Marvin Williams,Mike Bibby,Zaza Pachulia,2,8:47,ATL,sub,,,,Mike Bibby,,Maurice Evans,,,,,,,,,,,,
Carlos Arroyo,Daequan Cook,James Jones,Joel Anthony,Shavlik Randolph,Jamal Crawford,Joe Smith,Marvin Williams,Mike Bibby,Zaza Pachulia,2,8:42,MIA,shot,,,Marvin Williams,,,,,,,Daequan Cook,,,,missed,,jump,44,9
Carlos Arroyo,Daequan Cook,James Jones,Joel Anthony,Shavlik Randolph,Jamal Crawford,Joe Smith,Marvin Williams,Mike Bibby,Zaza Pachulia,2,8:40,ATL,rebound,,,,,,,,,,Zaza Pachulia,,,,,,def,,
Carlos Arroyo,Daequan Cook,James Jones,Joel Anthony,Shavlik Randolph,Jamal Crawford,Joe Smith,Marvin Williams,Mike Bibby,Zaza Pachulia,2,8:39,ATL,turnover,,,,,,,,,,Zaza Pachulia,,,bad pass,,Carlos Arroyo,,,
Carlos Arroyo,Daequan Cook,James Jones,Joel Anthony,Shavlik Randolph,Jamal Crawford,Joe Smith,Marvin Williams,Mike Bibby,Zaza Pachulia,2,8:33,MIA,shot,,,,,,,,,,Carlos Arroyo,2,,,made,,fade away jumper,39,8
Carlos Arroyo,Daequan Cook,James Jones,Joel Anthony,Shavlik Randolph,Jamal Crawford,Joe Smith,Marvin Williams,Mike Bibby,Zaza Pachulia,2,8:13,ATL,shot,,,Shavlik Randolph,,,,,,,Marvin Williams,,,,missed,,driving layup,27,6
Carlos Arroyo,Daequan Cook,James Jones,Joel Anthony,Shavlik Randolph,Jamal Crawford,Joe Smith,Marvin Williams,Mike Bibby,Zaza Pachulia,2,8:12,ATL,rebound,,,,,,,,,,,,,,,,,,
Carlos Arroyo,Daequan Cook,James Jones,Joel Anthony,Shavlik Randolph,Al Horford,Jamal Crawford,Joe Smith,Marvin Williams,Mike Bibby,2,8:12,ATL,sub,,,,Al Horford,,Zaza Pachulia,,,,,,,,,,,,
Carlos Arroyo,Daequan Cook,James Jones,Joel Anthony,Shavlik Randolph,Al Horford,Jamal Crawford,Joe Smith,Marvin Williams,Mike Bibby,2,8:05,ATL,shot,,,,,,,,,,Joe Smith,,,,missed,,jump,4,8
Carlos Arroyo,Daequan Cook,James Jones,Joel Anthony,Shavlik Randolph,Al Horford,Jamal Crawford,Joe Smith,Marvin Williams,Mike Bibby,2,8:04,MIA,rebound,,,,,,,,,,Daequan Cook,,,,,,def,,
Carlos Arroyo,Daequan Cook,James Jones,Joel Anthony,Shavlik Randolph,Al Horford,Jamal Crawford,Joe Smith,Marvin Williams,Mike Bibby,2,7:53,MIA,shot,,,Joe Smith,,,,,,,Daequan Cook,,,,missed,,jump,32,12
Carlos Arroyo,Daequan Cook,James Jones,Joel Anthony,Shavlik Randolph,Al Horford,Jamal Crawford,Joe Smith,Marvin Williams,Mike Bibby,2,7:50,MIA,rebound,,,,,,,,,,Daequan Cook,,,,,,off,,
Carlos Arroyo,Daequan Cook,James Jones,Joel Anthony,Shavlik Randolph,Al Horford,Jamal Crawford,Joe Smith,Marvin Williams,Mike Bibby,2,7:47,MIA,shot,Daequan Cook,,,,,,,,,James Jones,3,,,made,,3pt,44,21
Carlos Arroyo,Daequan Cook,James Jones,Joel Anthony,Shavlik Randolph,Al Horford,Jamal Crawford,Joe Smith,Marvin Williams,Mike Bibby,2,7:33,ATL,foul,,,,,,,,Shavlik Randolph,,Jamal Crawford,,,,,,offensive,,
Carlos Arroyo,Daequan Cook,James Jones,Joel Anthony,Shavlik Randolph,Al Horford,Jamal Crawford,Joe Smith,Marvin Williams,Mike Bibby,2,7:33,ATL,turnover,,,,,,,,,,Jamal Crawford,,,foul,,,,,
Carlos Arroyo,Daequan Cook,James Jones,Joel Anthony,Shavlik Randolph,Al Horford,Jamal Crawford,Josh Smith,Marvin Williams,Mike Bibby,2,7:33,ATL,sub,,,,Josh Smith,,Joe Smith,,,,,,,,,,,,
Carlos Arroyo,Daequan Cook,James Jones,Joel Anthony,Shavlik Randolph,Al Horford,Joe Johnson,Josh Smith,Marvin Williams,Mike Bibby,2,7:33,ATL,sub,,,,Joe Johnson,,Jamal Crawford,,,,,,,,,,,,
Carlos Arroyo,Daequan Cook,James Jones,Joel Anthony,Shavlik Randolph,Al Horford,Joe Johnson,Josh Smith,Marvin Williams,Mike Bibby,2,7:17,MIA,turnover,,,,,,,,,,Shavlik Randolph,,,traveling,,,,,
Carlos Arroyo,Daequan Cook,James Jones,Joel Anthony,Shavlik Randolph,Al Horford,Joe Johnson,Josh Smith,Marvin Williams,Mike Bibby,2,7:02,ATL,shot,Josh Smith,,,,,,,,,Joe Johnson,3,,,made,,3pt,48,15
Carlos Arroyo,Daequan Cook,James Jones,Joel Anthony,Shavlik Randolph,Al Horford,Joe Johnson,Josh Smith,Marvin Williams,Mike Bibby,2,6:54,MIA,timeout,,,,,,,,,,,,,,,,regular,,
Carlos Arroyo,Daequan Cook,Dwyane Wade,James Jones,Shavlik Randolph,Al Horford,Joe Johnson,Josh Smith,Marvin Williams,Mike Bibby,2,6:54,MIA,sub,,,,Dwyane Wade,,Joel Anthony,,,,,,,,,,,,
Carlos Arroyo,Daequan Cook,Dwyane Wade,James Jones,Michael Beasley,Al Horford,Joe Johnson,Josh Smith,Marvin Williams,Mike Bibby,2,6:54,MIA,sub,,,,Michael Beasley,,Shavlik Randolph,,,,,,,,,,,,
Carlos Arroyo,Dwyane Wade,James Jones,Jermaine O'Neal,Michael Beasley,Al Horford,Joe Johnson,Josh Smith,Marvin Williams,Mike Bibby,2,6:54,MIA,sub,,,,Jermaine O'Neal,,Daequan Cook,,,,,,,,,,,,
Carlos Arroyo,Dwyane Wade,James Jones,Jermaine O'Neal,Michael Beasley,Al Horford,Joe Johnson,Josh Smith,Marvin Williams,Mike Bibby,2,6:41,MIA,shot,,,,,,,,,,Dwyane Wade,,,,missed,,jump,20,9
Carlos Arroyo,Dwyane Wade,James Jones,Jermaine O'Neal,Michael Beasley,Al Horford,Joe Johnson,Josh Smith,Marvin Williams,Mike Bibby,2,6:40,ATL,rebound,,,,,,,,,,Al Horford,,,,,,def,,
Carlos Arroyo,Dwyane Wade,James Jones,Jermaine O'Neal,Michael Beasley,Al Horford,Joe Johnson,Josh Smith,Marvin Williams,Mike Bibby,2,6:27,MIA,foul,,,,,,,,,,Jermaine O'Neal,,,,,,defense 3 second,,
Carlos Arroyo,Dwyane Wade,James Jones,Jermaine O'Neal,Michael Beasley,Al Horford,Joe Johnson,Josh Smith,Marvin Williams,Mike Bibby,2,6:27,ATL,free throw,,,,,,,1,,1,Joe Johnson,,,technical,made,,,,
Carlos Arroyo,Dwyane Wade,James Jones,Jermaine O'Neal,Michael Beasley,Al Horford,Jamal Crawford,Joe Johnson,Josh Smith,Mike Bibby,2,6:27,ATL,sub,,,,Jamal Crawford,,Marvin Williams,,,,,,,,,,,,
Carlos Arroyo,Dwyane Wade,Jermaine O'Neal,Michael Beasley,Quentin Richardson,Al Horford,Jamal Crawford,Joe Johnson,Josh Smith,Mike Bibby,2,6:27,MIA,sub,,,,Quentin Richardson,,James Jones,,,,,,,,,,,,
Carlos Arroyo,Dwyane Wade,Jermaine O'Neal,Michael Beasley,Quentin Richardson,Al Horford,Jamal Crawford,Joe Johnson,Josh Smith,Mike Bibby,2,6:16,ATL,shot,Al Horford,,,,,,,,,Josh Smith,2,,,made,,layup,23,6
Carlos Arroyo,Dwyane Wade,Jermaine O'Neal,Michael Beasley,Quentin Richardson,Al Horford,Jamal Crawford,Joe Johnson,Josh Smith,Mike Bibby,2,6:00,MIA,turnover,,,,,,,,,,Quentin Richardson,,,bad pass,,Jamal Crawford,,,
Carlos Arroyo,Dwyane Wade,Jermaine O'Neal,Michael Beasley,Quentin Richardson,Al Horford,Jamal Crawford,Joe Johnson,Josh Smith,Mike Bibby,2,5:56,ATL,shot,Mike Bibby,,,,,,,,,Josh Smith,2,,,made,,alley oop dunk,25,6
Carlos Arroyo,Dwyane Wade,Jermaine O'Neal,Michael Beasley,Quentin Richardson,Al Horford,Jamal Crawford,Joe Johnson,Josh Smith,Mike Bibby,2,5:38,MIA,shot,,,,,,,,,,Jermaine O'Neal,,,,missed,,jump,16,22
Carlos Arroyo,Dwyane Wade,Jermaine O'Neal,Michael Beasley,Quentin Richardson,Al Horford,Jamal Crawford,Joe Johnson,Josh Smith,Mike Bibby,2,5:37,ATL,rebound,,,,,,,,,,Josh Smith,,,,,,def,,
Carlos Arroyo,Dwyane Wade,Jermaine O'Neal,Michael Beasley,Quentin Richardson,Al Horford,Jamal Crawford,Joe Johnson,Josh Smith,Mike Bibby,2,5:26,ATL,shot,,,,,,,,,,Al Horford,,,,missed,,jump,8,9
Carlos Arroyo,Dwyane Wade,Jermaine O'Neal,Michael Beasley,Quentin Richardson,Al Horford,Jamal Crawford,Joe Johnson,Josh Smith,Mike Bibby,2,5:24,MIA,rebound,,,,,,,,,,Carlos Arroyo,,,,,,def,,
Carlos Arroyo,Dwyane Wade,Jermaine O'Neal,Michael Beasley,Quentin Richardson,Al Horford,Jamal Crawford,Joe Johnson,Josh Smith,Mike Bibby,2,5:12,MIA,shot,,,,,,,,,,Carlos Arroyo,,,,missed,,jump,17,24
Carlos Arroyo,Dwyane Wade,Jermaine O'Neal,Michael Beasley,Quentin Richardson,Al Horford,Jamal Crawford,Joe Johnson,Josh Smith,Mike Bibby,2,5:10,ATL,rebound,,,,,,,,,,Mike Bibby,,,,,,def,,
Carlos Arroyo,Dwyane Wade,Jermaine O'Neal,Michael Beasley,Quentin Richardson,Al Horford,Jamal Crawford,Joe Johnson,Josh Smith,Mike Bibby,2,4:58,MIA,foul,,,,,,,,Joe Johnson,,Quentin Richardson,,,,,,personal,,
Dwyane Wade,Jermaine O'Neal,Mario Chalmers,Michael Beasley,Quentin Richardson,Al Horford,Jamal Crawford,Joe Johnson,Josh Smith,Mike Bibby,2,4:58,MIA,sub,,,,Mario Chalmers,,Carlos Arroyo,,,,,,,,,,,,
Dwyane Wade,Jermaine O'Neal,Mario Chalmers,Michael Beasley,Quentin Richardson,Al Horford,Jamal Crawford,Joe Johnson,Josh Smith,Mike Bibby,2,4:48,MIA,foul,,,,,,,,Josh Smith,,Dwyane Wade,,,,,,personal,,
Dwyane Wade,Jermaine O'Neal,Mario Chalmers,Michael Beasley,Quentin Richardson,Al Horford,Jamal Crawford,Joe Johnson,Josh Smith,Mike Bibby,2,4:39,ATL,shot,,,,,,,,,,Joe Johnson,2,,,made,,running jump,20,7
Dwyane Wade,Jermaine O'Neal,Mario Chalmers,Michael Beasley,Quentin Richardson,Al Horford,Jamal Crawford,Joe Johnson,Josh Smith,Mike Bibby,2,4:31,MIA,timeout,,,,,,,,,,,,,,,,short,,
Dwyane Wade,Jermaine O'Neal,Mario Chalmers,Michael Beasley,Quentin Richardson,Al Horford,Jamal Crawford,Joe Johnson,Josh Smith,Mike Bibby,2,4:14,MIA,shot,,,,,,,,,,Michael Beasley,2,,,made,,dunk,25,6
Dwyane Wade,Jermaine O'Neal,Mario Chalmers,Michael Beasley,Quentin Richardson,Al Horford,Jamal Crawford,Joe Johnson,Josh Smith,Mike Bibby,2,3:55,ATL,shot,Jamal Crawford,,,,,,,,,Joe Johnson,3,,,made,,3pt,25,31
Dwyane Wade,Jermaine O'Neal,Mario Chalmers,Michael Beasley,Quentin Richardson,Al Horford,Jamal Crawford,Joe Johnson,Josh Smith,Mike Bibby,2,3:41,MIA,shot,,,,,,,,,,Mario Chalmers,2,,,made,,jump,8,17
Dwyane Wade,Jermaine O'Neal,Mario Chalmers,Michael Beasley,Quentin Richardson,Al Horford,Jamal Crawford,Joe Johnson,Josh Smith,Mike Bibby,2,3:30,ATL,turnover,,,,,,,,,,Josh Smith,,,bad pass,,Mario Chalmers,,,
Dwyane Wade,Jermaine O'Neal,Mario Chalmers,Michael Beasley,Quentin Richardson,Al Horford,Jamal Crawford,Joe Johnson,Josh Smith,Mike Bibby,2,3:14,MIA,shot,,,,,,,,,,Michael Beasley,,,,missed,,driving layup,27,5
Dwyane Wade,Jermaine O'Neal,Mario Chalmers,Michael Beasley,Quentin Richardson,Al Horford,Jamal Crawford,Joe Johnson,Josh Smith,Mike Bibby,2,3:12,MIA,rebound,,,,,,,,,,Michael Beasley,,,,,,off,,
Dwyane Wade,Jermaine O'Neal,Mario Chalmers,Michael Beasley,Quentin Richardson,Al Horford,Jamal Crawford,Joe Johnson,Josh Smith,Mike Bibby,2,3:11,MIA,shot,,,Josh Smith,,,,,,,Michael Beasley,,,,missed,,putback layup,25,6
Dwyane Wade,Jermaine O'Neal,Mario Chalmers,Michael Beasley,Quentin Richardson,Al Horford,Jamal Crawford,Joe Johnson,Josh Smith,Mike Bibby,2,3:10,ATL,rebound,,,,,,,,,,Josh Smith,,,,,,def,,
Dwyane Wade,Jermaine O'Neal,Mario Chalmers,Michael Beasley,Quentin Richardson,Al Horford,Jamal Crawford,Joe Johnson,Josh Smith,Mike Bibby,2,3:06,ATL,shot,,,,,,,,,,Josh Smith,2,,,made,,running layup,22,5
Dwyane Wade,Jermaine O'Neal,Mario Chalmers,Michael Beasley,Quentin Richardson,Al Horford,Jamal Crawford,Joe Johnson,Josh Smith,Mike Bibby,2,2:50,MIA,turnover,,,,,,,,,,Dwyane Wade,,,bad pass,,Joe Johnson,,,
Dwyane Wade,Jermaine O'Neal,Mario Chalmers,Michael Beasley,Quentin Richardson,Al Horford,Jamal Crawford,Joe Johnson,Josh Smith,Mike Bibby,2,2:46,ATL,shot,Joe Johnson,,,,,,,,,Josh Smith,2,,,made,,dunk,25,6
Dwyane Wade,Jermaine O'Neal,Mario Chalmers,Michael Beasley,Quentin Richardson,Al Horford,Jamal Crawford,Joe Johnson,Josh Smith,Mike Bibby,2,2:37,MIA,timeout,,,,,,,,,,,,,,,,regular,,
Dwyane Wade,Jermaine O'Neal,Mario Chalmers,Michael Beasley,Quentin Richardson,Al Horford,Jamal Crawford,Joe Johnson,Josh Smith,Mike Bibby,2,2:35,MIA,turnover,,,,,,,,,,Mario Chalmers,,,bad pass,,Josh Smith,,,
Dwyane Wade,Jermaine O'Neal,Mario Chalmers,Michael Beasley,Quentin Richardson,Al Horford,Jamal Crawford,Joe Johnson,Josh Smith,Mike Bibby,2,2:31,ATL,shot,,,,,,,,,,Josh Smith,,,,missed,,running layup,26,6
Dwyane Wade,Jermaine O'Neal,Mario Chalmers,Michael Beasley,Quentin Richardson,Al Horford,Jamal Crawford,Joe Johnson,Josh Smith,Mike Bibby,2,2:29,ATL,rebound,,,,,,,,,,Al Horford,,,,,,off,,
Dwyane Wade,Jermaine O'Neal,Mario Chalmers,Michael Beasley,Quentin Richardson,Al Horford,Jamal Crawford,Joe Johnson,Josh Smith,Mike Bibby,2,2:29,ATL,shot,,,,,,,,,,Al Horford,2,,,made,,putback dunk,25,6
Dwyane Wade,Jermaine O'Neal,Mario Chalmers,Michael Beasley,Quentin Richardson,Al Horford,Jamal Crawford,Joe Johnson,Josh Smith,Mike Bibby,2,2:13,MIA,shot,,,,,,,,,,Mario Chalmers,,,,missed,,3pt,48,13
Dwyane Wade,Jermaine O'Neal,Mario Chalmers,Michael Beasley,Quentin Richardson,Al Horford,Jamal Crawford,Joe Johnson,Josh Smith,Mike Bibby,2,2:11,ATL,rebound,,,,,,,,,,Jamal Crawford,,,,,,def,,
Dwyane Wade,Jermaine O'Neal,Mario Chalmers,Michael Beasley,Quentin Richardson,Al Horford,Jamal Crawford,Joe Johnson,Josh Smith,Mike Bibby,2,2:07,ATL,shot,,,,,,,,,,Joe Johnson,,,,missed,,3pt,40,26
Dwyane Wade,Jermaine O'Neal,Mario Chalmers,Michael Beasley,Quentin Richardson,Al Horford,Jamal Crawford,Joe Johnson,Josh Smith,Mike Bibby,2,2:06,ATL,rebound,,,,,,,,,,Josh Smith,,,,,,off,,
Dwyane Wade,Jermaine O'Neal,Mario Chalmers,Michael Beasley,Quentin Richardson,Al Horford,Jamal Crawford,Joe Johnson,Josh Smith,Mike Bibby,2,2:06,MIA,foul,,,,,,,,Josh Smith,,Mario Chalmers,,,,,,personal,,
Dwyane Wade,Jermaine O'Neal,Mario Chalmers,Michael Beasley,Quentin Richardson,Al Horford,Jamal Crawford,Joe Johnson,Josh Smith,Mike Bibby,2,1:57,MIA,foul,,,,,,,,Mike Bibby,,Mario Chalmers,,,,,,personal,,
Dwyane Wade,Jermaine O'Neal,Mario Chalmers,Michael Beasley,Quentin Richardson,Al Horford,Jamal Crawford,Joe Johnson,Josh Smith,Mike Bibby,2,1:57,ATL,free throw,,,,,,,1,,2,Mike Bibby,,,foul,made,,,,
Carlos Arroyo,Dwyane Wade,Jermaine O'Neal,Michael Beasley,Quentin Richardson,Al Horford,Jamal Crawford,Joe Johnson,Josh Smith,Mike Bibby,2,1:57,MIA,sub,,,,Carlos Arroyo,,Mario Chalmers,,,,,,,,,,,,
Carlos Arroyo,Dwyane Wade,Jermaine O'Neal,Michael Beasley,Quentin Richardson,Al Horford,Jamal Crawford,Joe Johnson,Josh Smith,Mike Bibby,2,1:57,ATL,free throw,,,,,,,2,,2,Mike Bibby,,,foul,made,,,,
Carlos Arroyo,Dwyane Wade,Jermaine O'Neal,Michael Beasley,Quentin Richardson,Al Horford,Jamal Crawford,Joe Johnson,Josh Smith,Mike Bibby,2,1:42,MIA,shot,,,,,,,,,,Michael Beasley,,,,missed,,jump,36,19
Carlos Arroyo,Dwyane Wade,Jermaine O'Neal,Michael Beasley,Quentin Richardson,Al Horford,Jamal Crawford,Joe Johnson,Josh Smith,Mike Bibby,2,1:41,ATL,rebound,,,,,,,,,,,,,,,,,,
Carlos Arroyo,Dwyane Wade,Jermaine O'Neal,Michael Beasley,Quentin Richardson,Al Horford,Jamal Crawford,Joe Johnson,Josh Smith,Mike Bibby,2,1:27,ATL,shot,,,,,,,,,,Josh Smith,,,,missed,,layup,23,6
Carlos Arroyo,Dwyane Wade,Jermaine O'Neal,Michael Beasley,Quentin Richardson,Al Horford,Jamal Crawford,Joe Johnson,Josh Smith,Mike Bibby,2,1:25,ATL,rebound,,,,,,,,,,Josh Smith,,,,,,off,,
Carlos Arroyo,Dwyane Wade,Jermaine O'Neal,Michael Beasley,Quentin Richardson,Al Horford,Jamal Crawford,Joe Johnson,Josh Smith,Mike Bibby,2,1:21,ATL,shot,,,,,,,,,,Mike Bibby,,,,missed,,3pt,30,31
Carlos Arroyo,Dwyane Wade,Jermaine O'Neal,Michael Beasley,Quentin Richardson,Al Horford,Jamal Crawford,Joe Johnson,Josh Smith,Mike Bibby,2,1:19,MIA,rebound,,,,,,,,,,Quentin Richardson,,,,,,def,,
Carlos Arroyo,Dwyane Wade,Jermaine O'Neal,Michael Beasley,Quentin Richardson,Al Horford,Jamal Crawford,Joe Johnson,Josh Smith,Mike Bibby,2,1:08,MIA,shot,,,,,,,,,,Dwyane Wade,,,,missed,,jump,41,17
Carlos Arroyo,Dwyane Wade,Jermaine O'Neal,Michael Beasley,Quentin Richardson,Al Horford,Jamal Crawford,Joe Johnson,Josh Smith,Mike Bibby,2,1:07,ATL,rebound,,,,,,,,,,Josh Smith,,,,,,def,,
Carlos Arroyo,Dwyane Wade,Jermaine O'Neal,Michael Beasley,Quentin Richardson,Al Horford,Jamal Crawford,Joe Johnson,Josh Smith,Mike Bibby,2,0:56,ATL,shot,,,,,,,,,,Jamal Crawford,,,,missed,,jump,20,24
Carlos Arroyo,Dwyane Wade,Jermaine O'Neal,Michael Beasley,Quentin Richardson,Al Horford,Jamal Crawford,Joe Johnson,Josh Smith,Mike Bibby,2,0:55,ATL,rebound,,,,,,,,,,Al Horford,,,,,,off,,
Carlos Arroyo,Dwyane Wade,Jermaine O'Neal,Michael Beasley,Quentin Richardson,Al Horford,Jamal Crawford,Joe Johnson,Josh Smith,Mike Bibby,2,0:47,ATL,shot,Mike Bibby,,,,,,,,,Josh Smith,2,,,made,,driving layup,27,6
Carlos Arroyo,Dwyane Wade,Jermaine O'Neal,Michael Beasley,Quentin Richardson,Al Horford,Jamal Crawford,Joe Johnson,Josh Smith,Mike Bibby,2,0:47,MIA,foul,,,,,,,,Josh Smith,,Jermaine O'Neal,,,,,,shooting,,
Carlos Arroyo,Dwyane Wade,Jermaine O'Neal,Michael Beasley,Quentin Richardson,Al Horford,Jamal Crawford,Joe Johnson,Josh Smith,Mike Bibby,2,0:47,ATL,free throw,,,,,,,1,,1,Josh Smith,,,foul,made,,,,
Carlos Arroyo,Dwyane Wade,Jermaine O'Neal,Michael Beasley,Quentin Richardson,Al Horford,Jamal Crawford,Joe Johnson,Josh Smith,Mike Bibby,2,0:39,MIA,shot,Carlos Arroyo,,,,,,,,,Jermaine O'Neal,2,,,made,,running dunk,25,6
Carlos Arroyo,Dwyane Wade,Jermaine O'Neal,Michael Beasley,Quentin Richardson,Al Horford,Jamal Crawford,Joe Johnson,Josh Smith,Mike Bibby,2,0:31,ATL,shot,,,,,,,,,,Jamal Crawford,2,,,made,,running jump,23,13
Carlos Arroyo,Dwyane Wade,Jermaine O'Neal,Michael Beasley,Quentin Richardson,Al Horford,Jamal Crawford,Joe Johnson,Josh Smith,Mike Bibby,2,0:19,MIA,shot,,,,,,,,,,Quentin Richardson,,,,missed,,3pt,2,16
Carlos Arroyo,Dwyane Wade,Jermaine O'Neal,Michael Beasley,Quentin Richardson,Al Horford,Jamal Crawford,Joe Johnson,Josh Smith,Mike Bibby,2,0:17,ATL,rebound,,,,,,,,,,Jamal Crawford,,,,,,def,,
Carlos Arroyo,Dwyane Wade,Jermaine O'Neal,Michael Beasley,Quentin Richardson,Al Horford,Jamal Crawford,Joe Johnson,Josh Smith,Mike Bibby,2,0:14,ATL,shot,Jamal Crawford,,,,,,,,,Mike Bibby,2,,,made,,running layup,23,6
Carlos Arroyo,Dwyane Wade,Jermaine O'Neal,Michael Beasley,Quentin Richardson,Al Horford,Jamal Crawford,Joe Johnson,Josh Smith,Mike Bibby,2,0:04,MIA,shot,,,,,,,,,,Carlos Arroyo,2,,,made,,fade away jumper,35,19
Carlos Arroyo,Dwyane Wade,Jermaine O'Neal,Michael Beasley,Quentin Richardson,Al Horford,Jamal Crawford,Joe Johnson,Josh Smith,Mike Bibby,2,0:00,ATL,shot,,,,,,,,,,Josh Smith,,,,missed,,3pt,41,27
Carlos Arroyo,Dwyane Wade,Jermaine O'Neal,Michael Beasley,Quentin Richardson,Al Horford,Jamal Crawford,Joe Johnson,Josh Smith,Mike Bibby,2,0:00,ATL,rebound,,,,,,,,,,,,,,,,,,
Dwyane Wade,Jermaine O'Neal,Mario Chalmers,Michael Beasley,Quentin Richardson,Al Horford,Joe Johnson,Josh Smith,Marvin Williams,Mike Bibby,3,11:43,ATL,shot,,,,,,,,,,Joe Johnson,,,,missed,,3pt,44,22
Dwyane Wade,Jermaine O'Neal,Mario Chalmers,Michael Beasley,Quentin Richardson,Al Horford,Joe Johnson,Josh Smith,Marvin Williams,Mike Bibby,3,11:41,MIA,rebound,,,,,,,,,,Michael Beasley,,,,,,def,,
Dwyane Wade,Jermaine O'Neal,Mario Chalmers,Michael Beasley,Quentin Richardson,Al Horford,Joe Johnson,Josh Smith,Marvin Williams,Mike Bibby,3,11:20,MIA,shot,,,,,,,,,,Jermaine O'Neal,2,,,made,,turnaround jump,34,8
Dwyane Wade,Jermaine O'Neal,Mario Chalmers,Michael Beasley,Quentin Richardson,Al Horford,Joe Johnson,Josh Smith,Marvin Williams,Mike Bibby,3,11:03,ATL,shot,,,,,,,,,,Mike Bibby,,,,missed,,jump,33,23
Dwyane Wade,Jermaine O'Neal,Mario Chalmers,Michael Beasley,Quentin Richardson,Al Horford,Joe Johnson,Josh Smith,Marvin Williams,Mike Bibby,3,11:02,MIA,rebound,,,,,,,,,,Michael Beasley,,,,,,def,,
Dwyane Wade,Jermaine O'Neal,Mario Chalmers,Michael Beasley,Quentin Richardson,Al Horford,Joe Johnson,Josh Smith,Marvin Williams,Mike Bibby,3,10:55,MIA,shot,,,,,,,,,,Mario Chalmers,3,,,made,,3pt,20,31
Dwyane Wade,Jermaine O'Neal,Mario Chalmers,Michael Beasley,Quentin Richardson,Al Horford,Joe Johnson,Josh Smith,Marvin Williams,Mike Bibby,3,10:27,ATL,shot,,,Michael Beasley,,,,,,,Josh Smith,,,,missed,,driving jump,28,8
Dwyane Wade,Jermaine O'Neal,Mario Chalmers,Michael Beasley,Quentin Richardson,Al Horford,Joe Johnson,Josh Smith,Marvin Williams,Mike Bibby,3,10:26,MIA,rebound,,,,,,,,,,Dwyane Wade,,,,,,def,,
Dwyane Wade,Jermaine O'Neal,Mario Chalmers,Michael Beasley,Quentin Richardson,Al Horford,Joe Johnson,Josh Smith,Marvin Williams,Mike Bibby,3,10:26,ATL,foul,,,,,,,,Dwyane Wade,,Mike Bibby,,,,,,personal,,
Dwyane Wade,Jermaine O'Neal,Mario Chalmers,Michael Beasley,Quentin Richardson,Al Horford,Joe Johnson,Josh Smith,Marvin Williams,Mike Bibby,3,10:13,MIA,shot,,,,,,,,,,Michael Beasley,,,,missed,,3pt,48,14
Dwyane Wade,Jermaine O'Neal,Mario Chalmers,Michael Beasley,Quentin Richardson,Al Horford,Joe Johnson,Josh Smith,Marvin Williams,Mike Bibby,3,10:12,MIA,rebound,,,,,,,,,,Michael Beasley,,,,,,off,,
Dwyane Wade,Jermaine O'Neal,Mario Chalmers,Michael Beasley,Quentin Richardson,Al Horford,Joe Johnson,Josh Smith,Marvin Williams,Mike Bibby,3,10:10,MIA,shot,,,,,,,,,,Michael Beasley,,,,missed,,putback layup,25,6
Dwyane Wade,Jermaine O'Neal,Mario Chalmers,Michael Beasley,Quentin Richardson,Al Horford,Joe Johnson,Josh Smith,Marvin Williams,Mike Bibby,3,10:10,ATL,rebound,,,,,,,,,,,,,,,,,,
Dwyane Wade,Jermaine O'Neal,Mario Chalmers,Michael Beasley,Quentin Richardson,Al Horford,Joe Johnson,Josh Smith,Marvin Williams,Mike Bibby,3,10:10,MIA,foul,,,,,,,,Josh Smith,,Quentin Richardson,,,,,,loose ball,,
Dwyane Wade,Jermaine O'Neal,Mario Chalmers,Michael Beasley,Quentin Richardson,Al Horford,Joe Johnson,Josh Smith,Marvin Williams,Mike Bibby,3,9:46,ATL,shot,,,,,,,,,,Marvin Williams,,,,missed,,jump,17,23
Dwyane Wade,Jermaine O'Neal,Mario Chalmers,Michael Beasley,Quentin Richardson,Al Horford,Joe Johnson,Josh Smith,Marvin Williams,Mike Bibby,3,9:42,ATL,rebound,,,,,,,,,,Joe Johnson,,,,,,off,,
Dwyane Wade,Jermaine O'Neal,Mario Chalmers,Michael Beasley,Quentin Richardson,Al Horford,Joe Johnson,Josh Smith,Marvin Williams,Mike Bibby,3,9:42,ATL,shot,,,,,,,,,,Joe Johnson,2,,,made,,putback dunk,25,6
Dwyane Wade,Jermaine O'Neal,Mario Chalmers,Michael Beasley,Quentin Richardson,Al Horford,Joe Johnson,Josh Smith,Marvin Williams,Mike Bibby,3,9:25,MIA,foul,,,,,,,,Josh Smith,,Michael Beasley,,,,,,offensive,,
Dwyane Wade,Jermaine O'Neal,Mario Chalmers,Michael Beasley,Quentin Richardson,Al Horford,Joe Johnson,Josh Smith,Marvin Williams,Mike Bibby,3,9:25,MIA,turnover,,,,,,,,,,Michael Beasley,,,foul,,,,,
Dwyane Wade,Jermaine O'Neal,Mario Chalmers,Michael Beasley,Quentin Richardson,Al Horford,Joe Johnson,Josh Smith,Marvin Williams,Mike Bibby,3,9:09,ATL,shot,,,,,,,,,,Joe Johnson,,,,missed,,3pt,47,11
Dwyane Wade,Jermaine O'Neal,Mario Chalmers,Michael Beasley,Quentin Richardson,Al Horford,Joe Johnson,Josh Smith,Marvin Williams,Mike Bibby,3,9:07,MIA,rebound,,,,,,,,,,Quentin Richardson,,,,,,def,,
Dwyane Wade,Jermaine O'Neal,Mario Chalmers,Michael Beasley,Quentin Richardson,Al Horford,Joe Johnson,Josh Smith,Marvin Williams,Mike Bibby,3,8:58,MIA,shot,,,,,,,,,,Mario Chalmers,3,,,made,,3pt,44,24
Dwyane Wade,Jermaine O'Neal,Mario Chalmers,Michael Beasley,Quentin Richardson,Al Horford,Joe Johnson,Josh Smith,Marvin Williams,Mike Bibby,3,8:44,MIA,foul,,,,,,,,Al Horford,,Jermaine O'Neal,,,,,,personal,,
Daequan Cook,Dwyane Wade,Jermaine O'Neal,Mario Chalmers,Michael Beasley,Al Horford,Joe Johnson,Josh Smith,Marvin Williams,Mike Bibby,3,8:44,MIA,sub,,,,Daequan Cook,,Quentin Richardson,,,,,,,,,,,,
Daequan Cook,Dwyane Wade,Jermaine O'Neal,Mario Chalmers,Michael Beasley,Al Horford,Joe Johnson,Josh Smith,Marvin Williams,Mike Bibby,3,8:33,ATL,shot,,,,,,,,,,Josh Smith,,,,missed,,driving layup,22,6
Daequan Cook,Dwyane Wade,Jermaine O'Neal,Mario Chalmers,Michael Beasley,Al Horford,Joe Johnson,Josh Smith,Marvin Williams,Mike Bibby,3,8:31,MIA,rebound,,,,,,,,,,Jermaine O'Neal,,,,,,def,,
Daequan Cook,Dwyane Wade,Jermaine O'Neal,Mario Chalmers,Michael Beasley,Al Horford,Joe Johnson,Josh Smith,Marvin Williams,Mike Bibby,3,8:26,MIA,shot,,,,,,,,,,Dwyane Wade,2,,,made,,driving layup,22,6
Daequan Cook,Dwyane Wade,Jermaine O'Neal,Mario Chalmers,Michael Beasley,Al Horford,Joe Johnson,Josh Smith,Marvin Williams,Mike Bibby,3,8:18,ATL,foul,,,,,,,,,,Josh Smith,,,,,,technical,,
Daequan Cook,Dwyane Wade,Jermaine O'Neal,Mario Chalmers,Michael Beasley,Al Horford,Joe Johnson,Josh Smith,Marvin Williams,Mike Bibby,3,8:18,MIA,free throw,,,,,,,1,,1,Daequan Cook,,,technical,made,,,,
Daequan Cook,Dwyane Wade,Jermaine O'Neal,Mario Chalmers,Michael Beasley,Al Horford,Joe Johnson,Josh Smith,Marvin Williams,Mike Bibby,3,8:02,ATL,shot,,,,,,,,,,Al Horford,,,,missed,,jump,38,17
Daequan Cook,Dwyane Wade,Jermaine O'Neal,Mario Chalmers,Michael Beasley,Al Horford,Joe Johnson,Josh Smith,Marvin Williams,Mike Bibby,3,8:01,MIA,rebound,,,,,,,,,,Michael Beasley,,,,,,def,,
Daequan Cook,Dwyane Wade,Jermaine O'Neal,Mario Chalmers,Michael Beasley,Al Horford,Joe Johnson,Josh Smith,Marvin Williams,Mike Bibby,3,7:45,ATL,foul,,,,,,,,Michael Beasley,,Joe Johnson,,,,,,shooting,,
Daequan Cook,Dwyane Wade,Jermaine O'Neal,Mario Chalmers,Michael Beasley,Al Horford,Joe Johnson,Josh Smith,Marvin Williams,Mike Bibby,3,7:45,MIA,free throw,,,,,,,1,,2,Michael Beasley,,,foul,made,,,,
Daequan Cook,Dwyane Wade,Jermaine O'Neal,Mario Chalmers,Michael Beasley,Al Horford,Joe Johnson,Josh Smith,Marvin Williams,Mike Bibby,3,7:45,MIA,free throw,,,,,,,2,,2,Michael Beasley,,,foul,made,,,,
Daequan Cook,Dwyane Wade,Jermaine O'Neal,Mario Chalmers,Michael Beasley,Al Horford,Joe Johnson,Josh Smith,Marvin Williams,Mike Bibby,3,7:34,MIA,foul,,,,,,,,Josh Smith,,Michael Beasley,,,,,,personal,,
Daequan Cook,Dwyane Wade,Jermaine O'Neal,Mario Chalmers,Michael Beasley,Al Horford,Joe Johnson,Josh Smith,Marvin Williams,Mike Bibby,3,7:27,ATL,shot,,,Daequan Cook,,,,,,,Marvin Williams,,,,missed,,layup,27,6
Daequan Cook,Dwyane Wade,Jermaine O'Neal,Mario Chalmers,Michael Beasley,Al Horford,Joe Johnson,Josh Smith,Marvin Williams,Mike Bibby,3,7:24,MIA,rebound,,,,,,,,,,Daequan Cook,,,,,,def,,
Daequan Cook,Dwyane Wade,Jermaine O'Neal,Mario Chalmers,Michael Beasley,Al Horford,Joe Johnson,Josh Smith,Marvin Williams,Mike Bibby,3,7:18,MIA,shot,,,,,,,,,,Dwyane Wade,,,,missed,,running layup,26,8
Daequan Cook,Dwyane Wade,Jermaine O'Neal,Mario Chalmers,Michael Beasley,Al Horford,Joe Johnson,Josh Smith,Marvin Williams,Mike Bibby,3,7:17,ATL,rebound,,,,,,,,,,Al Horford,,,,,,def,,
Daequan Cook,Dwyane Wade,Jermaine O'Neal,Mario Chalmers,Michael Beasley,Al Horford,Joe Johnson,Josh Smith,Marvin Williams,Mike Bibby,3,7:13,ATL,shot,Al Horford,,,,,,,,,Joe Johnson,2,,,made,,reverse layup,26,6
Daequan Cook,Dwyane Wade,Jermaine O'Neal,Mario Chalmers,Michael Beasley,Al Horford,Joe Johnson,Josh Smith,Marvin Williams,Mike Bibby,3,6:50,MIA,shot,,,Al Horford,,,,,,,Mario Chalmers,,,,missed,,layup,23,6
Daequan Cook,Dwyane Wade,Jermaine O'Neal,Mario Chalmers,Michael Beasley,Al Horford,Joe Johnson,Josh Smith,Marvin Williams,Mike Bibby,3,6:47,ATL,rebound,,,,,,,,,,Al Horford,,,,,,def,,
Daequan Cook,Dwyane Wade,Jermaine O'Neal,Mario Chalmers,Michael Beasley,Al Horford,Joe Johnson,Josh Smith,Marvin Williams,Mike Bibby,3,6:43,ATL,shot,,,,,,,,,,Joe Johnson,,,,missed,,layup,27,6
Daequan Cook,Dwyane Wade,Jermaine O'Neal,Mario Chalmers,Michael Beasley,Al Horford,Joe Johnson,Josh Smith,Marvin Williams,Mike Bibby,3,6:42,MIA,rebound,,,,,,,,,,Dwyane Wade,,,,,,def,,
Daequan Cook,Dwyane Wade,Jermaine O'Neal,Mario Chalmers,Michael Beasley,Al Horford,Joe Johnson,Josh Smith,Marvin Williams,Mike Bibby,3,6:22,ATL,foul,,,,,,,,Jermaine O'Neal,,Al Horford,,,,,,personal,,
Daequan Cook,Dwyane Wade,Jermaine O'Neal,Mario Chalmers,Michael Beasley,Al Horford,Jamal Crawford,Joe Johnson,Josh Smith,Mike Bibby,3,6:22,ATL,sub,,,,Jamal Crawford,,Marvin Williams,,,,,,,,,,,,
Daequan Cook,Dwyane Wade,Jermaine O'Neal,Mario Chalmers,Michael Beasley,Al Horford,Jamal Crawford,Joe Johnson,Josh Smith,Mike Bibby,3,6:13,MIA,shot,,,,,,,,,,Jermaine O'Neal,2,,,made,,fade away jumper,38,7
Daequan Cook,Dwyane Wade,Jermaine O'Neal,Mario Chalmers,Michael Beasley,Al Horford,Jamal Crawford,Joe Johnson,Josh Smith,Mike Bibby,3,5:58,ATL,shot,Joe Johnson,,,,,,,,,Al Horford,2,,,made,,turnaround jump,25,11
Daequan Cook,Dwyane Wade,Jermaine O'Neal,Mario Chalmers,Michael Beasley,Al Horford,Jamal Crawford,Joe Johnson,Josh Smith,Mike Bibby,3,5:40,MIA,shot,Mario Chalmers,,,,,,,,,Michael Beasley,2,,,made,,driving layup,27,6
Daequan Cook,Dwyane Wade,Jermaine O'Neal,Mario Chalmers,Michael Beasley,Al Horford,Jamal Crawford,Joe Johnson,Josh Smith,Mike Bibby,3,5:29,MIA,foul,,,,,,,,Al Horford,,Michael Beasley,,,,,,shooting,,
Daequan Cook,Dwyane Wade,Jermaine O'Neal,Mario Chalmers,Michael Beasley,Al Horford,Jamal Crawford,Joe Johnson,Josh Smith,Mike Bibby,3,5:29,ATL,timeout,,,,,,,,,,,,,,,,regular,,
Daequan Cook,Dwyane Wade,Jermaine O'Neal,Mario Chalmers,Shavlik Randolph,Al Horford,Jamal Crawford,Joe Johnson,Josh Smith,Mike Bibby,3,5:29,MIA,sub,,,,Shavlik Randolph,,Michael Beasley,,,,,,,,,,,,
Daequan Cook,Dwyane Wade,Jermaine O'Neal,Mario Chalmers,Shavlik Randolph,Al Horford,Jamal Crawford,Joe Johnson,Josh Smith,Mike Bibby,3,5:29,ATL,free throw,,,,,,,1,,2,Al Horford,,,foul,made,,,,
Daequan Cook,Dwyane Wade,Jermaine O'Neal,Mario Chalmers,Shavlik Randolph,Al Horford,Jamal Crawford,Joe Johnson,Josh Smith,Mike Bibby,3,5:29,ATL,free throw,,,,,,,2,,2,Al Horford,,,foul,made,,,,
Daequan Cook,Dwyane Wade,Jermaine O'Neal,Mario Chalmers,Shavlik Randolph,Al Horford,Jamal Crawford,Joe Johnson,Josh Smith,Mike Bibby,3,5:14,MIA,shot,,,,,,,,,,Dwyane Wade,,,,missed,,jump,8,15
Daequan Cook,Dwyane Wade,Jermaine O'Neal,Mario Chalmers,Shavlik Randolph,Al Horford,Jamal Crawford,Joe Johnson,Josh Smith,Mike Bibby,3,5:13,ATL,rebound,,,,,,,,,,Josh Smith,,,,,,def,,
Daequan Cook,Dwyane Wade,Jermaine O'Neal,Mario Chalmers,Shavlik Randolph,Al Horford,Jamal Crawford,Joe Johnson,Josh Smith,Mike Bibby,3,4:51,ATL,shot,,,,,,,,,,Jamal Crawford,,,,missed,,3pt,2,9
Daequan Cook,Dwyane Wade,Jermaine O'Neal,Mario Chalmers,Shavlik Randolph,Al Horford,Jamal Crawford,Joe Johnson,Josh Smith,Mike Bibby,3,4:50,MIA,rebound,,,,,,,,,,Jermaine O'Neal,,,,,,def,,
Daequan Cook,Dwyane Wade,Jermaine O'Neal,Mario Chalmers,Shavlik Randolph,Al Horford,Jamal Crawford,Joe Johnson,Josh Smith,Mike Bibby,3,4:38,MIA,shot,,,,,,,,,,Mario Chalmers,,,,missed,,3pt,24,32
Daequan Cook,Dwyane Wade,Jermaine O'Neal,Mario Chalmers,Shavlik Randolph,Al Horford,Jamal Crawford,Joe Johnson,Josh Smith,Mike Bibby,3,4:37,ATL,rebound,,,,,,,,,,Josh Smith,,,,,,def,,
Daequan Cook,Dwyane Wade,Jermaine O'Neal,Mario Chalmers,Shavlik Randolph,Al Horford,Jamal Crawford,Joe Johnson,Josh Smith,Mike Bibby,3,4:27,MIA,foul,,,,,,,,Jamal Crawford,,Jermaine O'Neal,,,,,,personal,,
Daequan Cook,Dwyane Wade,Jermaine O'Neal,Mario Chalmers,Shavlik Randolph,Al Horford,Jamal Crawford,Joe Johnson,Josh Smith,Mike Bibby,3,4:27,ATL,free throw,,,,,,,1,,2,Jamal Crawford,,,foul,made,,,,
Daequan Cook,Dwyane Wade,Jermaine O'Neal,Mario Chalmers,Shavlik Randolph,Jamal Crawford,Joe Johnson,Josh Smith,Mike Bibby,Zaza Pachulia,3,4:27,ATL,sub,,,,Zaza Pachulia,,Al Horford,,,,,,,,,,,,
Daequan Cook,Dwyane Wade,Joel Anthony,Mario Chalmers,Shavlik Randolph,Jamal Crawford,Joe Johnson,Josh Smith,Mike Bibby,Zaza Pachulia,3,4:27,MIA,sub,,,,Joel Anthony,,Jermaine O'Neal,,,,,,,,,,,,
Daequan Cook,Dwyane Wade,Joel Anthony,Mario Chalmers,Shavlik Randolph,Jamal Crawford,Joe Johnson,Josh Smith,Mike Bibby,Zaza Pachulia,3,4:27,ATL,free throw,,,,,,,2,,2,Jamal Crawford,,,foul,missed,,,,
Daequan Cook,Dwyane Wade,Joel Anthony,Mario Chalmers,Shavlik Randolph,Jamal Crawford,Joe Johnson,Josh Smith,Mike Bibby,Zaza Pachulia,3,4:26,MIA,rebound,,,,,,,,,,Daequan Cook,,,,,,def,,
Daequan Cook,Dwyane Wade,Joel Anthony,Mario Chalmers,Shavlik Randolph,Jamal Crawford,Joe Johnson,Josh Smith,Mike Bibby,Zaza Pachulia,3,4:16,ATL,foul,,,,,,,,Mario Chalmers,,Mike Bibby,,,,,,personal,,
Daequan Cook,Dwyane Wade,Joel Anthony,Mario Chalmers,Shavlik Randolph,Jamal Crawford,Joe Johnson,Josh Smith,Mike Bibby,Zaza Pachulia,3,4:07,MIA,shot,Joel Anthony,,,,,,,,,Dwyane Wade,3,,,made,,3pt,36,29
Daequan Cook,Dwyane Wade,Joel Anthony,Mario Chalmers,Shavlik Randolph,Jamal Crawford,Joe Johnson,Josh Smith,Mike Bibby,Zaza Pachulia,3,3:50,ATL,shot,,,,,,,,,,Josh Smith,,,,missed,,driving layup,22,7
Daequan Cook,Dwyane Wade,Joel Anthony,Mario Chalmers,Shavlik Randolph,Jamal Crawford,Joe Johnson,Josh Smith,Mike Bibby,Zaza Pachulia,3,3:49,ATL,rebound,,,,,,,,,,Josh Smith,,,,,,off,,
Daequan Cook,Dwyane Wade,Joel Anthony,Mario Chalmers,Shavlik Randolph,Jamal Crawford,Joe Johnson,Josh Smith,Mike Bibby,Zaza Pachulia,3,3:45,ATL,shot,Josh Smith,,,,,,,,,Joe Johnson,3,,,made,,3pt,40,26
Daequan Cook,Dwyane Wade,Joel Anthony,Mario Chalmers,Shavlik Randolph,Jamal Crawford,Joe Johnson,Josh Smith,Mike Bibby,Zaza Pachulia,3,3:23,MIA,shot,,,,,,,,,,Daequan Cook,3,,,made,,3pt,36,29
Daequan Cook,Dwyane Wade,Joel Anthony,Mario Chalmers,Shavlik Randolph,Jamal Crawford,Joe Johnson,Josh Smith,Mike Bibby,Zaza Pachulia,3,3:05,ATL,shot,,,,,,,,,,Joe Johnson,2,,,made,,turnaround jump,30,14
Daequan Cook,Dwyane Wade,Joel Anthony,Mario Chalmers,Shavlik Randolph,Jamal Crawford,Joe Johnson,Josh Smith,Mike Bibby,Zaza Pachulia,3,2:44,MIA,shot,,,,,,,,,,Dwyane Wade,,,,missed,,jump,30,26
Daequan Cook,Dwyane Wade,Joel Anthony,Mario Chalmers,Shavlik Randolph,Jamal Crawford,Joe Johnson,Josh Smith,Mike Bibby,Zaza Pachulia,3,2:42,ATL,rebound,,,,,,,,,,Josh Smith,,,,,,def,,
Daequan Cook,Dwyane Wade,Joel Anthony,Mario Chalmers,Shavlik Randolph,Jamal Crawford,Joe Johnson,Josh Smith,Mike Bibby,Zaza Pachulia,3,2:26,ATL,shot,,,,,,,,,,Joe Johnson,,,,missed,,3pt,48,14
Daequan Cook,Dwyane Wade,Joel Anthony,Mario Chalmers,Shavlik Randolph,Jamal Crawford,Joe Johnson,Josh Smith,Mike Bibby,Zaza Pachulia,3,2:25,MIA,rebound,,,,,,,,,,Dwyane Wade,,,,,,def,,
Daequan Cook,Dwyane Wade,Joel Anthony,Mario Chalmers,Shavlik Randolph,Jamal Crawford,Joe Johnson,Josh Smith,Mike Bibby,Zaza Pachulia,3,2:11,MIA,turnover,,,,,,,,,,Dwyane Wade,,,bad pass,,Jamal Crawford,,,
Daequan Cook,Dwyane Wade,Joel Anthony,Mario Chalmers,Shavlik Randolph,Jamal Crawford,Joe Johnson,Josh Smith,Mike Bibby,Zaza Pachulia,3,2:06,ATL,foul,,,,,,,,Mario Chalmers,,Josh Smith,,,,,,offensive,,
Daequan Cook,Dwyane Wade,Joel Anthony,Mario Chalmers,Shavlik Randolph,Jamal Crawford,Joe Johnson,Josh Smith,Mike Bibby,Zaza Pachulia,3,2:06,ATL,turnover,,,,,,,,,,Josh Smith,,,foul,,,,,
Daequan Cook,Dwyane Wade,Joel Anthony,Mario Chalmers,Shavlik Randolph,Jamal Crawford,Joe Johnson,Josh Smith,Mike Bibby,Zaza Pachulia,3,2:06,MIA,timeout,,,,,,,,,,,,,,,,regular,,
Daequan Cook,Dwyane Wade,Joel Anthony,Mario Chalmers,Shavlik Randolph,Jamal Crawford,Joe Johnson,Joe Smith,Mike Bibby,Zaza Pachulia,3,2:06,ATL,sub,,,,Joe Smith,,Josh Smith,,,,,,,,,,,,
Daequan Cook,Dwyane Wade,Joel Anthony,Mario Chalmers,Shavlik Randolph,Jamal Crawford,Joe Johnson,Joe Smith,Marvin Williams,Zaza Pachulia,3,2:06,ATL,sub,,,,Marvin Williams,,Mike Bibby,,,,,,,,,,,,
Daequan Cook,Dwyane Wade,Joel Anthony,Mario Chalmers,Shavlik Randolph,Jamal Crawford,Joe Johnson,Joe Smith,Marvin Williams,Zaza Pachulia,3,1:45,MIA,shot,,,,,,,,,,Shavlik Randolph,,,,missed,,layup,25,8
Daequan Cook,Dwyane Wade,Joel Anthony,Mario Chalmers,Shavlik Randolph,Jamal Crawford,Joe Johnson,Joe Smith,Marvin Williams,Zaza Pachulia,3,1:44,ATL,rebound,,,,,,,,,,Marvin Williams,,,,,,def,,
Daequan Cook,Dwyane Wade,Joel Anthony,Mario Chalmers,Shavlik Randolph,Jamal Crawford,Joe Johnson,Joe Smith,Marvin Williams,Zaza Pachulia,3,1:33,MIA,foul,,,,,,,,Marvin Williams,,Daequan Cook,,,,,,personal,,
Daequan Cook,Dwyane Wade,Joel Anthony,Mario Chalmers,Shavlik Randolph,Jamal Crawford,Joe Johnson,Joe Smith,Marvin Williams,Zaza Pachulia,3,1:33,ATL,free throw,,,,,,,1,,2,Marvin Williams,,,foul,missed,,,,
Daequan Cook,Dwyane Wade,Joel Anthony,Mario Chalmers,Shavlik Randolph,Jamal Crawford,Joe Johnson,Joe Smith,Marvin Williams,Zaza Pachulia,3,1:33,ATL,rebound,,,,,,,,,,,,,,,,,,
Daequan Cook,Dwyane Wade,Joel Anthony,Mario Chalmers,Shavlik Randolph,Jamal Crawford,Joe Johnson,Joe Smith,Marvin Williams,Zaza Pachulia,3,1:33,ATL,free throw,,,,,,,2,,2,Marvin Williams,,,foul,made,,,,
Daequan Cook,Dwyane Wade,Joel Anthony,Mario Chalmers,Shavlik Randolph,Jamal Crawford,Joe Johnson,Joe Smith,Marvin Williams,Zaza Pachulia,3,1:14,MIA,shot,,,,,,,,,,Mario Chalmers,,,,missed,,jump,39,21
Daequan Cook,Dwyane Wade,Joel Anthony,Mario Chalmers,Shavlik Randolph,Jamal Crawford,Joe Johnson,Joe Smith,Marvin Williams,Zaza Pachulia,3,1:12,ATL,rebound,,,,,,,,,,,,,,,,,,
Carlos Arroyo,Daequan Cook,Dwyane Wade,Joel Anthony,Shavlik Randolph,Jamal Crawford,Joe Johnson,Joe Smith,Marvin Williams,Zaza Pachulia,3,1:12,MIA,sub,,,,Carlos Arroyo,,Mario Chalmers,,,,,,,,,,,,
Carlos Arroyo,Daequan Cook,Dwyane Wade,Joel Anthony,Shavlik Randolph,Jamal Crawford,Joe Johnson,Joe Smith,Marvin Williams,Zaza Pachulia,3,0:58,ATL,shot,,,,,,,,,,Jamal Crawford,,,,missed,,jump,29,22
Carlos Arroyo,Daequan Cook,Dwyane Wade,Joel Anthony,Shavlik Randolph,Jamal Crawford,Joe Johnson,Joe Smith,Marvin Williams,Zaza Pachulia,3,0:56,MIA,rebound,,,,,,,,,,Dwyane Wade,,,,,,def,,
Carlos Arroyo,Daequan Cook,Dwyane Wade,Joel Anthony,Shavlik Randolph,Jamal Crawford,Joe Johnson,Joe Smith,Marvin Williams,Zaza Pachulia,3,0:51,MIA,shot,,,,,,,,,,Dwyane Wade,3,,,made,,3pt,42,24
Carlos Arroyo,Daequan Cook,Dwyane Wade,Joel Anthony,Shavlik Randolph,Jamal Crawford,Joe Johnson,Joe Smith,Marvin Williams,Zaza Pachulia,3,0:41,ATL,shot,,,,,,,,,,Jamal Crawford,2,,,made,,driving layup,23,7
Carlos Arroyo,Daequan Cook,Dwyane Wade,Joel Anthony,Shavlik Randolph,Jamal Crawford,Joe Johnson,Joe Smith,Marvin Williams,Zaza Pachulia,3,0:41,MIA,foul,,,,,,,,Jamal Crawford,,Shavlik Randolph,,,,,,shooting,,
Carlos Arroyo,Daequan Cook,Dwyane Wade,Joel Anthony,Shavlik Randolph,Jamal Crawford,Joe Johnson,Joe Smith,Marvin Williams,Zaza Pachulia,3,0:41,ATL,free throw,,,,,,,1,,1,Jamal Crawford,,,foul,missed,,,,
Carlos Arroyo,Daequan Cook,Dwyane Wade,Joel Anthony,Shavlik Randolph,Jamal Crawford,Joe Johnson,Joe Smith,Marvin Williams,Zaza Pachulia,3,0:39,MIA,rebound,,,,,,,,,,Shavlik Randolph,,,,,,def,,
Carlos Arroyo,Daequan Cook,Dwyane Wade,Joel Anthony,Shavlik Randolph,Jamal Crawford,Joe Johnson,Joe Smith,Marvin Williams,Zaza Pachulia,3,0:32,ATL,foul,,,,,,,,Dwyane Wade,,Zaza Pachulia,,,,,,shooting,,
Carlos Arroyo,Daequan Cook,Dwyane Wade,Joel Anthony,Shavlik Randolph,Jamal Crawford,Joe Johnson,Joe Smith,Marvin Williams,Zaza Pachulia,3,0:32,MIA,free throw,,,,,,,1,,2,Dwyane Wade,,,foul,made,,,,
Carlos Arroyo,Daequan Cook,Dwyane Wade,Joel Anthony,Shavlik Randolph,Jamal Crawford,Joe Johnson,Joe Smith,Marvin Williams,Zaza Pachulia,3,0:32,MIA,free throw,,,,,,,2,,2,Dwyane Wade,,,foul,missed,,,,
Carlos Arroyo,Daequan Cook,Dwyane Wade,Joel Anthony,Shavlik Randolph,Jamal Crawford,Joe Johnson,Joe Smith,Marvin Williams,Zaza Pachulia,3,0:28,ATL,rebound,,,,,,,,,,Jamal Crawford,,,,,,def,,
Carlos Arroyo,Daequan Cook,Dwyane Wade,Joel Anthony,Shavlik Randolph,Jamal Crawford,Joe Johnson,Joe Smith,Marvin Williams,Zaza Pachulia,3,0:13,ATL,shot,,,Joel Anthony,,,,,,,Joe Johnson,,,,missed,,jump,26,10
Carlos Arroyo,Daequan Cook,Dwyane Wade,Joel Anthony,Shavlik Randolph,Jamal Crawford,Joe Johnson,Joe Smith,Marvin Williams,Zaza Pachulia,3,0:09,MIA,rebound,,,,,,,,,,Dwyane Wade,,,,,,def,,
Carlos Arroyo,Daequan Cook,Dwyane Wade,Joel Anthony,Shavlik Randolph,Jamal Crawford,Joe Johnson,Joe Smith,Marvin Williams,Zaza Pachulia,3,0:06,MIA,shot,Dwyane Wade,,,,,,,,,Carlos Arroyo,2,,,made,,running layup,27,6
Carlos Arroyo,Daequan Cook,Dwyane Wade,Joel Anthony,Shavlik Randolph,Jamal Crawford,Joe Johnson,Joe Smith,Marvin Williams,Zaza Pachulia,3,0:05,MIA,foul,,,,,,,,Jamal Crawford,,Carlos Arroyo,,,,,,personal,,
Carlos Arroyo,Daequan Cook,Dwyane Wade,Joel Anthony,Shavlik Randolph,Jamal Crawford,Joe Johnson,Joe Smith,Marvin Williams,Zaza Pachulia,3,0:05,ATL,free throw,,,,,,,1,,2,Jamal Crawford,,,foul,made,,,,
Carlos Arroyo,Daequan Cook,Dwyane Wade,Joel Anthony,Shavlik Randolph,Jamal Crawford,Joe Johnson,Joe Smith,Marvin Williams,Zaza Pachulia,3,0:05,ATL,free throw,,,,,,,2,,2,Jamal Crawford,,,foul,made,,,,
Carlos Arroyo,Daequan Cook,Dwyane Wade,Joel Anthony,Shavlik Randolph,Jamal Crawford,Joe Johnson,Joe Smith,Marvin Williams,Zaza Pachulia,3,0:00,MIA,shot,,,,,,,,,,Dwyane Wade,,,,missed,,3pt,45,22
Carlos Arroyo,Daequan Cook,Dwyane Wade,Joel Anthony,Shavlik Randolph,Jamal Crawford,Joe Johnson,Joe Smith,Marvin Williams,Zaza Pachulia,3,0:00,MIA,rebound,,,,,,,,,,,,,,,,,,
Carlos Arroyo,Daequan Cook,James Jones,Joel Anthony,Shavlik Randolph,Jamal Crawford,Joe Smith,Marvin Williams,Maurice Evans,Zaza Pachulia,4,11:50,MIA,foul,,,,,,,,Maurice Evans,,Joel Anthony,,,,,,offensive,,
Carlos Arroyo,Daequan Cook,James Jones,Joel Anthony,Shavlik Randolph,Jamal Crawford,Joe Smith,Marvin Williams,Maurice Evans,Zaza Pachulia,4,11:50,MIA,turnover,,,,,,,,,,Joel Anthony,,,foul,,,,,
Carlos Arroyo,Daequan Cook,James Jones,Joel Anthony,Shavlik Randolph,Jamal Crawford,Joe Smith,Marvin Williams,Maurice Evans,Zaza Pachulia,4,11:30,ATL,shot,Zaza Pachulia,,,,,,,,,Joe Smith,2,,,made,,dunk,25,6
Carlos Arroyo,Daequan Cook,James Jones,Joel Anthony,Shavlik Randolph,Jamal Crawford,Joe Smith,Marvin Williams,Maurice Evans,Zaza Pachulia,4,11:09,ATL,foul,,,,,,,,Joel Anthony,,Zaza Pachulia,,,,,,shooting,,
Carlos Arroyo,Daequan Cook,James Jones,Joel Anthony,Shavlik Randolph,Jamal Crawford,Joe Smith,Marvin Williams,Maurice Evans,Zaza Pachulia,4,11:09,MIA,free throw,,,,,,,1,,2,Joel Anthony,,,foul,missed,,,,
Carlos Arroyo,Daequan Cook,James Jones,Joel Anthony,Shavlik Randolph,Jamal Crawford,Joe Smith,Marvin Williams,Maurice Evans,Zaza Pachulia,4,11:09,MIA,rebound,,,,,,,,,,,,,,,,,,
Carlos Arroyo,Daequan Cook,James Jones,Joel Anthony,Shavlik Randolph,Jamal Crawford,Joe Smith,Marvin Williams,Maurice Evans,Zaza Pachulia,4,11:09,MIA,free throw,,,,,,,2,,2,Joel Anthony,,,foul,made,,,,
Carlos Arroyo,Daequan Cook,James Jones,Joel Anthony,Shavlik Randolph,Jamal Crawford,Joe Smith,Marvin Williams,Maurice Evans,Zaza Pachulia,4,10:56,ATL,shot,,,Joel Anthony,,,,,,,Jamal Crawford,,,,missed,,driving layup,27,7
Carlos Arroyo,Daequan Cook,James Jones,Joel Anthony,Shavlik Randolph,Jamal Crawford,Joe Smith,Marvin Williams,Maurice Evans,Zaza Pachulia,4,10:56,ATL,rebound,,,,,,,,,,,,,,,,,,
Carlos Arroyo,Daequan Cook,James Jones,Joel Anthony,Shavlik Randolph,Jamal Crawford,Joe Smith,Marvin Williams,Maurice Evans,Zaza Pachulia,4,10:48,ATL,shot,,,,,,,,,,Marvin Williams,2,,,made,,driving layup,23,6
Carlos Arroyo,Daequan Cook,James Jones,Joel Anthony,Shavlik Randolph,Jamal Crawford,Joe Smith,Marvin Williams,Maurice Evans,Zaza Pachulia,4,10:24,MIA,shot,,,,,,,,,,Carlos Arroyo,,,,missed,,fade away jumper,20,23
Carlos Arroyo,Daequan Cook,James Jones,Joel Anthony,Shavlik Randolph,Jamal Crawford,Joe Smith,Marvin Williams,Maurice Evans,Zaza Pachulia,4,10:22,ATL,rebound,,,,,,,,,,Joe Smith,,,,,,def,,
Carlos Arroyo,Daequan Cook,James Jones,Joel Anthony,Shavlik Randolph,Jamal Crawford,Joe Smith,Marvin Williams,Maurice Evans,Zaza Pachulia,4,10:17,MIA,foul,,,,,,,,Zaza Pachulia,,Shavlik Randolph,,,,,,shooting,,
Carlos Arroyo,Daequan Cook,James Jones,Joel Anthony,Shavlik Randolph,Jamal Crawford,Joe Smith,Marvin Williams,Maurice Evans,Zaza Pachulia,4,10:17,ATL,free throw,,,,,,,1,,2,Zaza Pachulia,,,foul,made,,,,
Carlos Arroyo,Daequan Cook,James Jones,Joel Anthony,Michael Beasley,Jamal Crawford,Joe Smith,Marvin Williams,Maurice Evans,Zaza Pachulia,4,10:17,MIA,sub,,,,Michael Beasley,,Shavlik Randolph,,,,,,,,,,,,
Carlos Arroyo,Daequan Cook,James Jones,Joel Anthony,Michael Beasley,Jamal Crawford,Joe Smith,Marvin Williams,Maurice Evans,Zaza Pachulia,4,10:17,ATL,free throw,,,,,,,2,,2,Zaza Pachulia,,,foul,made,,,,
Carlos Arroyo,Daequan Cook,James Jones,Joel Anthony,Michael Beasley,Jamal Crawford,Joe Smith,Marvin Williams,Maurice Evans,Zaza Pachulia,4,10:08,MIA,turnover,,,,,,,,,,Carlos Arroyo,,,bad pass,,Joe Smith,,,
Carlos Arroyo,Daequan Cook,James Jones,Joel Anthony,Michael Beasley,Jamal Crawford,Joe Smith,Marvin Williams,Maurice Evans,Zaza Pachulia,4,10:08,MIA,foul,,,,,,,,Jamal Crawford,,Carlos Arroyo,,,,,,personal,,
Carlos Arroyo,Daequan Cook,James Jones,Joel Anthony,Michael Beasley,Jamal Crawford,Joe Smith,Marvin Williams,Maurice Evans,Zaza Pachulia,4,9:48,ATL,foul,,,,,,,,James Jones,,Marvin Williams,,,,,,offensive,,
Carlos Arroyo,Daequan Cook,James Jones,Joel Anthony,Michael Beasley,Jamal Crawford,Joe Smith,Marvin Williams,Maurice Evans,Zaza Pachulia,4,9:48,ATL,turnover,,,,,,,,,,Marvin Williams,,,foul,,,,,
Carlos Arroyo,Daequan Cook,James Jones,Joel Anthony,Michael Beasley,Jamal Crawford,Joe Smith,Marvin Williams,Maurice Evans,Zaza Pachulia,4,9:34,MIA,shot,,,,,,,,,,Carlos Arroyo,,,,missed,,jump,8,9
Carlos Arroyo,Daequan Cook,James Jones,Joel Anthony,Michael Beasley,Jamal Crawford,Joe Smith,Marvin Williams,Maurice Evans,Zaza Pachulia,4,9:33,MIA,rebound,,,,,,,,,,Joel Anthony,,,,,,off,,
Carlos Arroyo,Daequan Cook,James Jones,Joel Anthony,Michael Beasley,Jamal Crawford,Joe Smith,Marvin Williams,Maurice Evans,Zaza Pachulia,4,9:31,MIA,shot,,,,,,,,,,Joel Anthony,,,,missed,,putback layup,25,6
Carlos Arroyo,Daequan Cook,James Jones,Joel Anthony,Michael Beasley,Jamal Crawford,Joe Smith,Marvin Williams,Maurice Evans,Zaza Pachulia,4,9:30,ATL,rebound,,,,,,,,,,Joe Smith,,,,,,def,,
Carlos Arroyo,Daequan Cook,James Jones,Joel Anthony,Michael Beasley,Jamal Crawford,Joe Smith,Marvin Williams,Maurice Evans,Zaza Pachulia,4,9:24,ATL,foul,,,,,,,,Carlos Arroyo,,Jamal Crawford,,,,,,offensive,,
Carlos Arroyo,Daequan Cook,James Jones,Joel Anthony,Michael Beasley,Jamal Crawford,Joe Smith,Marvin Williams,Maurice Evans,Zaza Pachulia,4,9:24,ATL,turnover,,,,,,,,,,Jamal Crawford,,,foul,,,,,
Carlos Arroyo,Daequan Cook,James Jones,Joel Anthony,Michael Beasley,Jamal Crawford,Joe Smith,Marvin Williams,Maurice Evans,Zaza Pachulia,4,9:08,MIA,foul,,,,,,,,Joe Smith,,Michael Beasley,,,,,,offensive,,
Carlos Arroyo,Daequan Cook,James Jones,Joel Anthony,Michael Beasley,Jamal Crawford,Joe Smith,Marvin Williams,Maurice Evans,Zaza Pachulia,4,9:08,MIA,turnover,,,,,,,,,,Michael Beasley,,,foul,,,,,
Carlos Arroyo,Daequan Cook,James Jones,Joel Anthony,Michael Beasley,Jamal Crawford,Joe Smith,Marvin Williams,Maurice Evans,Zaza Pachulia,4,9:08,ATL,timeout,,,,,,,,,,,,,,,,regular,,
Carlos Arroyo,Daequan Cook,James Jones,Jermaine O'Neal,Joel Anthony,Jamal Crawford,Joe Smith,Marvin Williams,Maurice Evans,Zaza Pachulia,4,9:08,MIA,sub,,,,Jermaine O'Neal,,Michael Beasley,,,,,,,,,,,,
Carlos Arroyo,Daequan Cook,James Jones,Jermaine O'Neal,Shavlik Randolph,Jamal Crawford,Joe Smith,Marvin Williams,Maurice Evans,Zaza Pachulia,4,9:08,MIA,sub,,,,Shavlik Randolph,,Joel Anthony,,,,,,,,,,,,
Carlos Arroyo,Daequan Cook,Dwyane Wade,Jermaine O'Neal,Shavlik Randolph,Jamal Crawford,Joe Smith,Marvin Williams,Maurice Evans,Zaza Pachulia,4,9:08,MIA,sub,,,,Dwyane Wade,,James Jones,,,,,,,,,,,,
Carlos Arroyo,Daequan Cook,Dwyane Wade,Jermaine O'Neal,Shavlik Randolph,Jamal Crawford,Joe Smith,Marvin Williams,Maurice Evans,Zaza Pachulia,4,8:55,MIA,foul,,,,,,,,Zaza Pachulia,,Jermaine O'Neal,,,,,,shooting,,
Carlos Arroyo,Daequan Cook,Dwyane Wade,Jermaine O'Neal,Shavlik Randolph,Jamal Crawford,Joe Smith,Marvin Williams,Maurice Evans,Zaza Pachulia,4,8:55,ATL,free throw,,,,,,,1,,2,Zaza Pachulia,,,foul,missed,,,,
Carlos Arroyo,Daequan Cook,Dwyane Wade,Jermaine O'Neal,Shavlik Randolph,Jamal Crawford,Joe Smith,Marvin Williams,Maurice Evans,Zaza Pachulia,4,8:55,ATL,rebound,,,,,,,,,,,,,,,,,,
Carlos Arroyo,Daequan Cook,Dwyane Wade,Jermaine O'Neal,Shavlik Randolph,Jamal Crawford,Joe Smith,Marvin Williams,Maurice Evans,Zaza Pachulia,4,8:55,ATL,free throw,,,,,,,2,,2,Zaza Pachulia,,,foul,missed,,,,
Carlos Arroyo,Daequan Cook,Dwyane Wade,Jermaine O'Neal,Shavlik Randolph,Jamal Crawford,Joe Smith,Marvin Williams,Maurice Evans,Zaza Pachulia,4,8:54,MIA,rebound,,,,,,,,,,Jermaine O'Neal,,,,,,def,,
Carlos Arroyo,Daequan Cook,Dwyane Wade,Jermaine O'Neal,Shavlik Randolph,Jamal Crawford,Joe Smith,Marvin Williams,Maurice Evans,Zaza Pachulia,4,8:44,ATL,foul,,,,,,,,Jermaine O'Neal,,Zaza Pachulia,,,,,,personal,,
Carlos Arroyo,Daequan Cook,Dwyane Wade,Jermaine O'Neal,Shavlik Randolph,Jamal Crawford,Joe Johnson,Joe Smith,Marvin Williams,Maurice Evans,4,8:44,ATL,sub,,,,Joe Johnson,,Zaza Pachulia,,,,,,,,,,,,
Carlos Arroyo,Daequan Cook,Dwyane Wade,Jermaine O'Neal,Shavlik Randolph,Jamal Crawford,Joe Johnson,Joe Smith,Josh Smith,Marvin Williams,4,8:44,ATL,sub,,,,Josh Smith,,Maurice Evans,,,,,,,,,,,,
Carlos Arroyo,Daequan Cook,Dwyane Wade,Jermaine O'Neal,Shavlik Randolph,Al Horford,Jamal Crawford,Joe Johnson,Josh Smith,Marvin Williams,4,8:44,ATL,sub,,,,Al Horford,,Joe Smith,,,,,,,,,,,,
Carlos Arroyo,Daequan Cook,Dwyane Wade,Jermaine O'Neal,Shavlik Randolph,Al Horford,Jamal Crawford,Joe Johnson,Josh Smith,Marvin Williams,4,8:33,MIA,turnover,,,,,,,,,,Dwyane Wade,,,bad pass,,Josh Smith,,,
Carlos Arroyo,Daequan Cook,Dwyane Wade,Jermaine O'Neal,Shavlik Randolph,Al Horford,Jamal Crawford,Joe Johnson,Josh Smith,Marvin Williams,4,8:30,MIA,foul,,,,,,,,Marvin Williams,,Daequan Cook,,,,,,shooting,,
Carlos Arroyo,Daequan Cook,Dwyane Wade,Jermaine O'Neal,Shavlik Randolph,Al Horford,Jamal Crawford,Joe Johnson,Josh Smith,Marvin Williams,4,8:30,ATL,free throw,,,,,,,1,,2,Marvin Williams,,,foul,made,,,,
Carlos Arroyo,Daequan Cook,Dwyane Wade,Jermaine O'Neal,Shavlik Randolph,Al Horford,Jamal Crawford,Joe Johnson,Josh Smith,Marvin Williams,4,8:30,ATL,free throw,,,,,,,2,,2,Marvin Williams,,,foul,made,,,,
Carlos Arroyo,Daequan Cook,Dwyane Wade,Jermaine O'Neal,Shavlik Randolph,Al Horford,Jamal Crawford,Joe Johnson,Josh Smith,Marvin Williams,4,8:14,MIA,shot,,,,,,,,,,Jermaine O'Neal,,,,missed,,jump,39,14
Carlos Arroyo,Daequan Cook,Dwyane Wade,Jermaine O'Neal,Shavlik Randolph,Al Horford,Jamal Crawford,Joe Johnson,Josh Smith,Marvin Williams,4,8:14,ATL,rebound,,,,,,,,,,,,,,,,,,
Carlos Arroyo,Daequan Cook,Dwyane Wade,Jermaine O'Neal,Shavlik Randolph,Al Horford,Jamal Crawford,Joe Johnson,Josh Smith,Marvin Williams,4,8:14,MIA,foul,,,,,,,,Josh Smith,,Shavlik Randolph,,,,,,loose ball,,
Carlos Arroyo,Daequan Cook,Dwyane Wade,Jermaine O'Neal,Shavlik Randolph,Al Horford,Jamal Crawford,Joe Johnson,Josh Smith,Marvin Williams,4,8:14,ATL,free throw,,,,,,,1,,2,Josh Smith,,,foul,made,,,,
Daequan Cook,Dwyane Wade,Jermaine O'Neal,Mario Chalmers,Shavlik Randolph,Al Horford,Jamal Crawford,Joe Johnson,Josh Smith,Marvin Williams,4,8:14,MIA,sub,,,,Mario Chalmers,,Carlos Arroyo,,,,,,,,,,,,
Daequan Cook,Dwyane Wade,Jermaine O'Neal,Mario Chalmers,Michael Beasley,Al Horford,Jamal Crawford,Joe Johnson,Josh Smith,Marvin Williams,4,8:14,MIA,sub,,,,Michael Beasley,,Shavlik Randolph,,,,,,,,,,,,
Daequan Cook,Dwyane Wade,Jermaine O'Neal,Mario Chalmers,Michael Beasley,Al Horford,Jamal Crawford,Joe Johnson,Josh Smith,Marvin Williams,4,8:14,ATL,free throw,,,,,,,2,,2,Josh Smith,,,foul,made,,,,
Daequan Cook,Dwyane Wade,Jermaine O'Neal,Mario Chalmers,Michael Beasley,Al Horford,Jamal Crawford,Joe Johnson,Josh Smith,Marvin Williams,4,8:00,ATL,foul,,,,,,,,Michael Beasley,,Josh Smith,,,,,,shooting,,
Daequan Cook,Dwyane Wade,Jermaine O'Neal,Mario Chalmers,Michael Beasley,Al Horford,Jamal Crawford,Joe Johnson,Josh Smith,Marvin Williams,4,8:00,MIA,free throw,,,,,,,1,,2,Michael Beasley,,,foul,made,,,,
Daequan Cook,Dwyane Wade,Jermaine O'Neal,Mario Chalmers,Michael Beasley,Al Horford,Jamal Crawford,Joe Johnson,Josh Smith,Marvin Williams,4,8:00,MIA,free throw,,,,,,,2,,2,Michael Beasley,,,foul,made,,,,
Daequan Cook,Dwyane Wade,Jermaine O'Neal,Mario Chalmers,Michael Beasley,Al Horford,Jamal Crawford,Joe Johnson,Josh Smith,Marvin Williams,4,7:40,ATL,shot,,,,,,,,,,Josh Smith,,,,missed,,driving layup,23,6
Daequan Cook,Dwyane Wade,Jermaine O'Neal,Mario Chalmers,Michael Beasley,Al Horford,Jamal Crawford,Joe Johnson,Josh Smith,Marvin Williams,4,7:38,ATL,rebound,,,,,,,,,,Marvin Williams,,,,,,off,,
Daequan Cook,Dwyane Wade,Jermaine O'Neal,Mario Chalmers,Michael Beasley,Al Horford,Jamal Crawford,Joe Johnson,Josh Smith,Marvin Williams,4,7:38,ATL,shot,,,,,,,,,,Marvin Williams,2,,,made,,tip,25,6
Daequan Cook,Dwyane Wade,Jermaine O'Neal,Mario Chalmers,Michael Beasley,Al Horford,Jamal Crawford,Joe Johnson,Josh Smith,Marvin Williams,4,7:22,MIA,shot,Dwyane Wade,,,,,,,,,Michael Beasley,2,,,made,,layup,23,6
Daequan Cook,Dwyane Wade,Jermaine O'Neal,Mario Chalmers,Michael Beasley,Al Horford,Joe Johnson,Josh Smith,Marvin Williams,Mike Bibby,4,7:03,ATL,sub,,,,Mike Bibby,,Jamal Crawford,,,,,,,,,,,,
Daequan Cook,Dwyane Wade,Jermaine O'Neal,Mario Chalmers,Michael Beasley,Al Horford,Joe Johnson,Josh Smith,Marvin Williams,Mike Bibby,4,7:03,ATL,timeout,,,,,,,,,,,,,,,,short,,
Daequan Cook,Dwyane Wade,Jermaine O'Neal,Mario Chalmers,Michael Beasley,Al Horford,Joe Johnson,Josh Smith,Marvin Williams,Mike Bibby,4,6:58,ATL,shot,,,,,,,,,,Al Horford,,,,missed,,jump,9,9
Daequan Cook,Dwyane Wade,Jermaine O'Neal,Mario Chalmers,Michael Beasley,Al Horford,Joe Johnson,Josh Smith,Marvin Williams,Mike Bibby,4,6:56,MIA,rebound,,,,,,,,,,Michael Beasley,,,,,,def,,
Daequan Cook,Dwyane Wade,Jermaine O'Neal,Mario Chalmers,Michael Beasley,Al Horford,Joe Johnson,Josh Smith,Marvin Williams,Mike Bibby,4,6:44,MIA,shot,Jermaine O'Neal,,,,,,,,,Dwyane Wade,2,,,made,,fade away jumper,8,9
Daequan Cook,Dwyane Wade,Jermaine O'Neal,Mario Chalmers,Michael Beasley,Al Horford,Joe Johnson,Josh Smith,Marvin Williams,Mike Bibby,4,6:21,ATL,shot,,,,,,,,,,Joe Johnson,,,,missed,,fade away jumper,39,13
Daequan Cook,Dwyane Wade,Jermaine O'Neal,Mario Chalmers,Michael Beasley,Al Horford,Joe Johnson,Josh Smith,Marvin Williams,Mike Bibby,4,6:19,MIA,rebound,,,,,,,,,,Mario Chalmers,,,,,,def,,
Daequan Cook,Dwyane Wade,Jermaine O'Neal,Mario Chalmers,Michael Beasley,Al Horford,Joe Johnson,Josh Smith,Marvin Williams,Mike Bibby,4,6:10,MIA,turnover,,,,,,,,,,Michael Beasley,,,out of bounds lost ball turnover,,,,,
Daequan Cook,Dwyane Wade,Jermaine O'Neal,Mario Chalmers,Michael Beasley,Al Horford,Joe Johnson,Josh Smith,Marvin Williams,Mike Bibby,4,5:55,ATL,shot,Josh Smith,,,,,,,,,Marvin Williams,3,,,made,,3pt,48,7
Daequan Cook,Dwyane Wade,Jermaine O'Neal,Mario Chalmers,Michael Beasley,Al Horford,Joe Johnson,Josh Smith,Marvin Williams,Mike Bibby,4,5:54,MIA,timeout,,,,,,,,,,,,,,,,regular,,
Daequan Cook,Dwyane Wade,Jermaine O'Neal,Mario Chalmers,Michael Beasley,Al Horford,Joe Johnson,Josh Smith,Marvin Williams,Mike Bibby,4,5:44,MIA,shot,,,,,,,,,,Daequan Cook,,,,missed,,3pt,47,18
Daequan Cook,Dwyane Wade,Jermaine O'Neal,Mario Chalmers,Michael Beasley,Al Horford,Joe Johnson,Josh Smith,Marvin Williams,Mike Bibby,4,5:43,ATL,rebound,,,,,,,,,,Josh Smith,,,,,,def,,
Daequan Cook,Dwyane Wade,Jermaine O'Neal,Mario Chalmers,Michael Beasley,Al Horford,Joe Johnson,Josh Smith,Marvin Williams,Mike Bibby,4,5:35,MIA,violation,,,,,,,,,,Mario Chalmers,,,,,,kicked ball,,
Daequan Cook,Dwyane Wade,Jermaine O'Neal,Mario Chalmers,Michael Beasley,Al Horford,Joe Johnson,Josh Smith,Marvin Williams,Mike Bibby,4,5:25,ATL,shot,,,,,,,,,,Mike Bibby,,,,missed,,3pt,31,30
Daequan Cook,Dwyane Wade,Jermaine O'Neal,Mario Chalmers,Michael Beasley,Al Horford,Joe Johnson,Josh Smith,Marvin Williams,Mike Bibby,4,5:23,ATL,rebound,,,,,,,,,,Josh Smith,,,,,,off,,
Daequan Cook,Dwyane Wade,Jermaine O'Neal,Mario Chalmers,Michael Beasley,Al Horford,Joe Johnson,Josh Smith,Marvin Williams,Mike Bibby,4,5:19,ATL,shot,Josh Smith,,,,,,,,,Joe Johnson,3,,,made,,3pt,13,29
Daequan Cook,Dwyane Wade,Jermaine O'Neal,Mario Chalmers,Michael Beasley,Al Horford,Joe Johnson,Josh Smith,Marvin Williams,Mike Bibby,4,4:52,MIA,shot,,,,,,,,,,Daequan Cook,,,,missed,,3pt,6,28
Daequan Cook,Dwyane Wade,Jermaine O'Neal,Mario Chalmers,Michael Beasley,Al Horford,Joe Johnson,Josh Smith,Marvin Williams,Mike Bibby,4,4:51,ATL,rebound,,,,,,,,,,Al Horford,,,,,,def,,
Daequan Cook,Dwyane Wade,Jermaine O'Neal,Mario Chalmers,Michael Beasley,Al Horford,Joe Johnson,Josh Smith,Marvin Williams,Mike Bibby,4,4:28,ATL,shot,,,,,,,,,,Mike Bibby,,,,missed,,jump,37,22
Daequan Cook,Dwyane Wade,Jermaine O'Neal,Mario Chalmers,Michael Beasley,Al Horford,Joe Johnson,Josh Smith,Marvin Williams,Mike Bibby,4,4:26,MIA,rebound,,,,,,,,,,Michael Beasley,,,,,,def,,
Daequan Cook,Dwyane Wade,Jermaine O'Neal,Mario Chalmers,Michael Beasley,Al Horford,Joe Johnson,Josh Smith,Marvin Williams,Mike Bibby,4,4:20,MIA,shot,Dwyane Wade,,,,,,,,,Jermaine O'Neal,2,,,made,,layup,26,6
Daequan Cook,Dwyane Wade,Jermaine O'Neal,Mario Chalmers,Michael Beasley,Al Horford,Joe Johnson,Josh Smith,Marvin Williams,Mike Bibby,4,4:04,ATL,turnover,,,,,,,,,,Josh Smith,,,bad pass,,Daequan Cook,,,
Daequan Cook,Dwyane Wade,Jermaine O'Neal,Mario Chalmers,Michael Beasley,Al Horford,Joe Johnson,Josh Smith,Marvin Williams,Mike Bibby,4,3:55,MIA,shot,,,,,,,,,,Dwyane Wade,,,,missed,,3pt,1,9
Daequan Cook,Dwyane Wade,Jermaine O'Neal,Mario Chalmers,Michael Beasley,Al Horford,Joe Johnson,Josh Smith,Marvin Williams,Mike Bibby,4,3:54,MIA,rebound,,,,,,,,,,Jermaine O'Neal,,,,,,off,,
Daequan Cook,Dwyane Wade,Jermaine O'Neal,Mario Chalmers,Michael Beasley,Al Horford,Joe Johnson,Josh Smith,Marvin Williams,Mike Bibby,4,3:53,MIA,shot,,,,,,,,,,Jermaine O'Neal,2,,,made,,putback dunk,25,6
Daequan Cook,Dwyane Wade,Jermaine O'Neal,Mario Chalmers,Michael Beasley,Al Horford,Joe Johnson,Josh Smith,Marvin Williams,Mike Bibby,4,3:36,ATL,shot,Josh Smith,,,,,,,,,Al Horford,2,,,made,,jump,9,11
Daequan Cook,Dwyane Wade,Jermaine O'Neal,Mario Chalmers,Michael Beasley,Al Horford,Joe Johnson,Josh Smith,Marvin Williams,Mike Bibby,4,3:15,MIA,shot,Mario Chalmers,,,,,,,,,Jermaine O'Neal,2,,,made,,driving dunk,25,6
Daequan Cook,Dwyane Wade,Jermaine O'Neal,Mario Chalmers,Michael Beasley,Al Horford,Joe Johnson,Josh Smith,Marvin Williams,Mike Bibby,4,2:46,ATL,shot,,,,,,,,,,Josh Smith,,,,missed,,driving layup,26,8
Daequan Cook,Dwyane Wade,Jermaine O'Neal,Mario Chalmers,Michael Beasley,Al Horford,Joe Johnson,Josh Smith,Marvin Williams,Mike Bibby,4,2:44,MIA,rebound,,,,,,,,,,Mario Chalmers,,,,,,def,,
Daequan Cook,Dwyane Wade,Jermaine O'Neal,Mario Chalmers,Michael Beasley,Al Horford,Joe Johnson,Josh Smith,Marvin Williams,Mike Bibby,4,2:35,MIA,shot,,,,,,,,,,Daequan Cook,,,,missed,,3pt,49,9
Daequan Cook,Dwyane Wade,Jermaine O'Neal,Mario Chalmers,Michael Beasley,Al Horford,Joe Johnson,Josh Smith,Marvin Williams,Mike Bibby,4,2:32,ATL,rebound,,,,,,,,,,Al Horford,,,,,,def,,
Daequan Cook,Dwyane Wade,Jermaine O'Neal,Mario Chalmers,Michael Beasley,Al Horford,Joe Johnson,Josh Smith,Marvin Williams,Mike Bibby,4,2:32,MIA,foul,,,,,,,,Al Horford,,Jermaine O'Neal,,,,,,personal,,
Daequan Cook,Dwyane Wade,Jermaine O'Neal,Mario Chalmers,Michael Beasley,Al Horford,Joe Johnson,Josh Smith,Marvin Williams,Mike Bibby,4,2:32,ATL,timeout,,,,,,,,,,,,,,,,official,,
Daequan Cook,Dwyane Wade,Jermaine O'Neal,Mario Chalmers,Michael Beasley,Al Horford,Jeff Teague,Joe Johnson,Josh Smith,Marvin Williams,4,2:32,ATL,sub,,,,Jeff Teague,,Mike Bibby,,,,,,,,,,,,
Carlos Arroyo,Daequan Cook,Dwyane Wade,Mario Chalmers,Michael Beasley,Al Horford,Jeff Teague,Joe Johnson,Josh Smith,Marvin Williams,4,2:32,MIA,sub,,,,Carlos Arroyo,,Jermaine O'Neal,,,,,,,,,,,,
Carlos Arroyo,Daequan Cook,James Jones,Mario Chalmers,Michael Beasley,Al Horford,Jeff Teague,Joe Johnson,Josh Smith,Marvin Williams,4,2:32,MIA,sub,,,,James Jones,,Dwyane Wade,,,,,,,,,,,,
Carlos Arroyo,Daequan Cook,James Jones,Joel Anthony,Michael Beasley,Al Horford,Jeff Teague,Joe Johnson,Josh Smith,Marvin Williams,4,2:32,MIA,sub,,,,Joel Anthony,,Mario Chalmers,,,,,,,,,,,,
Carlos Arroyo,Daequan Cook,James Jones,Joel Anthony,Michael Beasley,Al Horford,Jeff Teague,Joe Johnson,Josh Smith,Marvin Williams,4,2:32,ATL,free throw,,,,,,,1,,2,Al Horford,,,foul,made,,,,
Carlos Arroyo,Daequan Cook,James Jones,Joel Anthony,Michael Beasley,Al Horford,Jeff Teague,Joe Johnson,Marvin Williams,Zaza Pachulia,4,2:32,ATL,sub,,,,Zaza Pachulia,,Josh Smith,,,,,,,,,,,,
Carlos Arroyo,Daequan Cook,James Jones,Joel Anthony,Michael Beasley,Al Horford,Jeff Teague,Joe Johnson,Marvin Williams,Zaza Pachulia,4,2:32,ATL,free throw,,,,,,,2,,2,Al Horford,,,foul,made,,,,
Carlos Arroyo,Daequan Cook,James Jones,Joel Anthony,Michael Beasley,Al Horford,Jeff Teague,Joe Johnson,Marvin Williams,Zaza Pachulia,4,2:10,MIA,shot,Daequan Cook,,,,,,,,,Joel Anthony,2,,,made,,layup,27,6
Carlos Arroyo,Daequan Cook,James Jones,Joel Anthony,Michael Beasley,Al Horford,Jeff Teague,Joe Johnson,Marvin Williams,Zaza Pachulia,4,1:52,ATL,shot,,,,,,,,,,Al Horford,2,,,made,,turnaround jump,39,12
Carlos Arroyo,Daequan Cook,James Jones,Joel Anthony,Michael Beasley,Al Horford,Jeff Teague,Joe Johnson,Marvin Williams,Zaza Pachulia,4,1:45,ATL,foul,,,,,,,,Daequan Cook,,Joe Johnson,,,,,,personal,,
Carlos Arroyo,Daequan Cook,James Jones,Joel Anthony,Michael Beasley,Al Horford,Jamal Crawford,Jeff Teague,Marvin Williams,Zaza Pachulia,4,1:45,ATL,sub,,,,Jamal Crawford,,Joe Johnson,,,,,,,,,,,,
Carlos Arroyo,Daequan Cook,James Jones,Joel Anthony,Michael Beasley,Jamal Crawford,Jeff Teague,Marvin Williams,Randolph Morris,Zaza Pachulia,4,1:45,ATL,sub,,,,Randolph Morris,,Al Horford,,,,,,,,,,,,
Carlos Arroyo,Daequan Cook,James Jones,Joel Anthony,Michael Beasley,Jamal Crawford,Jeff Teague,Marvin Williams,Randolph Morris,Zaza Pachulia,4,1:27,MIA,turnover,,,,,,,,,,,,,shot clock turnover,,,,,
Carlos Arroyo,Daequan Cook,James Jones,Joel Anthony,Michael Beasley,Jamal Crawford,Jeff Teague,Marvin Williams,Randolph Morris,Zaza Pachulia,4,1:12,ATL,jump ball,,Michael Beasley,,,Randolph Morris,,,,,,,Jamal Crawford,,,,,,
Carlos Arroyo,Daequan Cook,James Jones,Joel Anthony,Michael Beasley,Jamal Crawford,Jeff Teague,Marvin Williams,Randolph Morris,Zaza Pachulia,4,1:02,ATL,shot,,,,,,,,,,Jamal Crawford,,,,missed,,jump,43,11
Carlos Arroyo,Daequan Cook,James Jones,Joel Anthony,Michael Beasley,Jamal Crawford,Jeff Teague,Marvin Williams,Randolph Morris,Zaza Pachulia,4,1:02,ATL,rebound,,,,,,,,,,,,,,,,,,
Carlos Arroyo,Daequan Cook,James Jones,Joel Anthony,Shavlik Randolph,Jamal Crawford,Jeff Teague,Marvin Williams,Randolph Morris,Zaza Pachulia,4,1:02,MIA,sub,,,,Shavlik Randolph,,Michael Beasley,,,,,,,,,,,,
Carlos Arroyo,Daequan Cook,James Jones,Joel Anthony,Shavlik Randolph,Jamal Crawford,Jeff Teague,Marvin Williams,Randolph Morris,Zaza Pachulia,4,0:52,ATL,shot,,,,,,,,,,Jeff Teague,,,,missed,,driving layup,27,6
Carlos Arroyo,Daequan Cook,James Jones,Joel Anthony,Shavlik Randolph,Jamal Crawford,Jeff Teague,Marvin Williams,Randolph Morris,Zaza Pachulia,4,0:50,ATL,rebound,,,,,,,,,,Randolph Morris,,,,,,off,,
Carlos Arroyo,Daequan Cook,James Jones,Joel Anthony,Shavlik Randolph,Jamal Crawford,Jeff Teague,Marvin Williams,Randolph Morris,Zaza Pachulia,4,0:50,ATL,shot,,,,,,,,,,Randolph Morris,,,,missed,,tip,25,6
Carlos Arroyo,Daequan Cook,James Jones,Joel Anthony,Shavlik Randolph,Jamal Crawford,Jeff Teague,Marvin Williams,Randolph Morris,Zaza Pachulia,4,0:47,MIA,rebound,,,,,,,,,,Shavlik Randolph,,,,,,def,,
Carlos Arroyo,Daequan Cook,James Jones,Joel Anthony,Shavlik Randolph,Jamal Crawford,Jeff Teague,Marvin Williams,Randolph Morris,Zaza Pachulia,4,0:40,MIA,shot,,,,,,,,,,Carlos Arroyo,2,,,made,,jump,17,22
Carlos Arroyo,Daequan Cook,James Jones,Joel Anthony,Shavlik Randolph,Jamal Crawford,Jeff Teague,Marvin Williams,Randolph Morris,Zaza Pachulia,4,0:40,ATL,foul,,,,,,,,Carlos Arroyo,,Jeff Teague,,,,,,shooting,,
Carlos Arroyo,Daequan Cook,James Jones,Joel Anthony,Shavlik Randolph,Jamal Crawford,Jeff Teague,Marvin Williams,Randolph Morris,Zaza Pachulia,4,0:40,MIA,free throw,,,,,,,1,,1,Carlos Arroyo,,,foul,made,,,,
Carlos Arroyo,Daequan Cook,James Jones,Joel Anthony,Shavlik Randolph,Jamal Crawford,Jeff Teague,Marvin Williams,Randolph Morris,Zaza Pachulia,4,0:30,ATL,shot,Jeff Teague,,,,,,,,,Zaza Pachulia,2,,,made,,jump,29,23
Carlos Arroyo,Daequan Cook,James Jones,Joel Anthony,Shavlik Randolph,Jamal Crawford,Jeff Teague,Marvin Williams,Randolph Morris,Zaza Pachulia,4,0:10,MIA,shot,,,,,,,,,,Daequan Cook,,,,missed,,fade away jumper,7,9
Carlos Arroyo,Daequan Cook,James Jones,Joel Anthony,Shavlik Randolph,Jamal Crawford,Jeff Teague,Marvin Williams,Randolph Morris,Zaza Pachulia,4,0:08,MIA,rebound,,,,,,,,,,,,,,,,,,
