a1,a2,a3,a4,a5,h1,h2,h3,h4,h5,period,time,team,etype,assist,away,block,entered,home,left,num,opponent,outof,player,points,possession,reason,result,steal,type,x,y
Andre Miller,Brandon Roy,Joel Przybilla,LaMarcus Aldridge,Martell Webster,Dirk Nowitzki,Erick Dampier,Jason Kidd,Jose Juan Barea,Shawn Marion,1,12:00,DAL,violation,,,,,,,,,,Erick Dampier,,,,,,jump ball,,
Andre Miller,Brandon Roy,Joel Przybilla,LaMarcus Aldridge,Martell Webster,Dirk Nowitzki,Erick Dampier,Jason Kidd,Jose Juan Barea,Shawn Marion,1,12:00,OFF,jump ball,,Joel Przybilla,,,Erick Dampier,,,,,,,Portland,,,,,,
Andre Miller,Brandon Roy,Joel Przybilla,LaMarcus Aldridge,Martell Webster,Dirk Nowitzki,Erick Dampier,Jason Kidd,Jose Juan Barea,Shawn Marion,1,11:39,POR,shot,Brandon Roy,,,,,,,,,LaMarcus Aldridge,2,,,made,,jump,5,6
Andre Miller,Brandon Roy,Joel Przybilla,LaMarcus Aldridge,Martell Webster,Dirk Nowitzki,Erick Dampier,Jason Kidd,Jose Juan Barea,Shawn Marion,1,11:18,DAL,shot,Dirk Nowitzki,,,,,,,,,Jose Juan Barea,3,,,made,,3pt,35,28
Andre Miller,Brandon Roy,Joel Przybilla,LaMarcus Aldridge,Martell Webster,Dirk Nowitzki,Erick Dampier,Jason Kidd,Jose Juan Barea,Shawn Marion,1,10:57,POR,shot,,,,,,,,,,LaMarcus Aldridge,,,,missed,,jump,37,10
Andre Miller,Brandon Roy,Joel Przybilla,LaMarcus Aldridge,Martell Webster,Dirk Nowitzki,Erick Dampier,Jason Kidd,Jose Juan Barea,Shawn Marion,1,10:56,DAL,rebound,,,,,,,,,,,,,,,,,,
Andre Miller,Brandon Roy,Joel Przybilla,LaMarcus Aldridge,Martell Webster,Dirk Nowitzki,Erick Dampier,Jason Kidd,Jose Juan Barea,Shawn Marion,1,10:32,DAL,shot,,,,,,,,,,Shawn Marion,,,,missed,,layup,25,6
Andre Miller,Brandon Roy,Joel Przybilla,LaMarcus Aldridge,Martell Webster,Dirk Nowitzki,Erick Dampier,Jason Kidd,Jose Juan Barea,Shawn Marion,1,10:30,DAL,rebound,,,,,,,,,,Shawn Marion,,,,,,off,,
Andre Miller,Brandon Roy,Joel Przybilla,LaMarcus Aldridge,Martell Webster,Dirk Nowitzki,Erick Dampier,Jason Kidd,Jose Juan Barea,Shawn Marion,1,10:30,DAL,shot,,,,,,,,,,Shawn Marion,,,,missed,,tip,25,6
Andre Miller,Brandon Roy,Joel Przybilla,LaMarcus Aldridge,Martell Webster,Dirk Nowitzki,Erick Dampier,Jason Kidd,Jose Juan Barea,Shawn Marion,1,10:28,DAL,rebound,,,,,,,,,,Erick Dampier,,,,,,off,,
Andre Miller,Brandon Roy,Joel Przybilla,LaMarcus Aldridge,Martell Webster,Dirk Nowitzki,Erick Dampier,Jason Kidd,Jose Juan Barea,Shawn Marion,1,10:28,DAL,shot,,,,,,,,,,Erick Dampier,,,,missed,,layup,25,6
Andre Miller,Brandon Roy,Joel Przybilla,LaMarcus Aldridge,Martell Webster,Dirk Nowitzki,Erick Dampier,Jason Kidd,Jose Juan Barea,Shawn Marion,1,10:26,POR,rebound,,,,,,,,,,,,,,,,,,
Andre Miller,Brandon Roy,Joel Przybilla,LaMarcus Aldridge,Martell Webster,Dirk Nowitzki,Erick Dampier,Jason Kidd,Jose Juan Barea,Shawn Marion,1,10:12,POR,shot,,,,,,,,,,Martell Webster,,,,missed,,turnaround jump,41,6
Andre Miller,Brandon Roy,Joel Przybilla,LaMarcus Aldridge,Martell Webster,Dirk Nowitzki,Erick Dampier,Jason Kidd,Jose Juan Barea,Shawn Marion,1,10:08,DAL,rebound,,,,,,,,,,Dirk Nowitzki,,,,,,def,,
Andre Miller,Brandon Roy,Joel Przybilla,LaMarcus Aldridge,Martell Webster,Dirk Nowitzki,Erick Dampier,Jason Kidd,Jose Juan Barea,Shawn Marion,1,9:51,DAL,shot,,,,,,,,,,Jose Juan Barea,,,,missed,,jump,45,17
Andre Miller,Brandon Roy,Joel Przybilla,LaMarcus Aldridge,Martell Webster,Dirk Nowitzki,Erick Dampier,Jason Kidd,Jose Juan Barea,Shawn Marion,1,9:49,DAL,rebound,,,,,,,,,,Dirk Nowitzki,,,,,,off,,
Andre Miller,Brandon Roy,Joel Przybilla,LaMarcus Aldridge,Martell Webster,Dirk Nowitzki,Erick Dampier,Jason Kidd,Jose Juan Barea,Shawn Marion,1,9:48,DAL,shot,,,Joel Przybilla,,,,,,,Dirk Nowitzki,,,,missed,,layup,25,6
Andre Miller,Brandon Roy,Joel Przybilla,LaMarcus Aldridge,Martell Webster,Dirk Nowitzki,Erick Dampier,Jason Kidd,Jose Juan Barea,Shawn Marion,1,9:47,DAL,rebound,,,,,,,,,,Jason Kidd,,,,,,off,,
Andre Miller,Brandon Roy,Joel Przybilla,LaMarcus Aldridge,Martell Webster,Dirk Nowitzki,Erick Dampier,Jason Kidd,Jose Juan Barea,Shawn Marion,1,9:42,DAL,shot,,,,,,,,,,Dirk Nowitzki,2,,,made,,jump,11,6
Andre Miller,Brandon Roy,Joel Przybilla,LaMarcus Aldridge,Martell Webster,Dirk Nowitzki,Erick Dampier,Jason Kidd,Jose Juan Barea,Shawn Marion,1,9:26,POR,shot,,,,,,,,,,LaMarcus Aldridge,,,,missed,,jump,38,6
Andre Miller,Brandon Roy,Joel Przybilla,LaMarcus Aldridge,Martell Webster,Dirk Nowitzki,Erick Dampier,Jason Kidd,Jose Juan Barea,Shawn Marion,1,9:24,DAL,rebound,,,,,,,,,,Jason Kidd,,,,,,def,,
Andre Miller,Brandon Roy,Joel Przybilla,LaMarcus Aldridge,Martell Webster,Dirk Nowitzki,Erick Dampier,Jason Kidd,Jose Juan Barea,Shawn Marion,1,9:19,DAL,shot,,,,,,,,,,Jose Juan Barea,,,,missed,,running layup,25,6
Andre Miller,Brandon Roy,Joel Przybilla,LaMarcus Aldridge,Martell Webster,Dirk Nowitzki,Erick Dampier,Jason Kidd,Jose Juan Barea,Shawn Marion,1,9:17,POR,rebound,,,,,,,,,,LaMarcus Aldridge,,,,,,def,,
Andre Miller,Brandon Roy,Joel Przybilla,LaMarcus Aldridge,Martell Webster,Dirk Nowitzki,Erick Dampier,Jason Kidd,Jose Juan Barea,Shawn Marion,1,9:09,DAL,foul,,,,,,,,Brandon Roy,,Shawn Marion,,,,,,shooting,,
Andre Miller,Brandon Roy,Joel Przybilla,LaMarcus Aldridge,Martell Webster,Dirk Nowitzki,Erick Dampier,Jason Kidd,Jose Juan Barea,Shawn Marion,1,9:09,POR,free throw,,,,,,,1,,2,Brandon Roy,,,foul,made,,,,
Andre Miller,Brandon Roy,Joel Przybilla,LaMarcus Aldridge,Martell Webster,Dirk Nowitzki,Erick Dampier,Jason Kidd,Jose Juan Barea,Shawn Marion,1,9:09,POR,free throw,,,,,,,2,,2,Brandon Roy,,,foul,made,,,,
Andre Miller,Brandon Roy,Joel Przybilla,LaMarcus Aldridge,Martell Webster,Dirk Nowitzki,Erick Dampier,Jason Kidd,Jose Juan Barea,Shawn Marion,1,8:54,DAL,shot,,,,,,,,,,Shawn Marion,,,,missed,,driving layup,25,6
Andre Miller,Brandon Roy,Joel Przybilla,LaMarcus Aldridge,Martell Webster,Dirk Nowitzki,Erick Dampier,Jason Kidd,Jose Juan Barea,Shawn Marion,1,8:51,POR,rebound,,,,,,,,,,Joel Przybilla,,,,,,def,,
Andre Miller,Brandon Roy,Joel Przybilla,LaMarcus Aldridge,Martell Webster,Dirk Nowitzki,Erick Dampier,Jason Kidd,Jose Juan Barea,Shawn Marion,1,8:36,POR,shot,Brandon Roy,,,,,,,,,Andre Miller,2,,,made,,jump,41,8
Andre Miller,Brandon Roy,Joel Przybilla,LaMarcus Aldridge,Martell Webster,Dirk Nowitzki,Erick Dampier,Jason Kidd,Jose Juan Barea,Shawn Marion,1,8:20,DAL,turnover,,,,,,,,,,Jose Juan Barea,,,out of bounds lost ball turnover,,,,,
Andre Miller,Brandon Roy,Joel Przybilla,LaMarcus Aldridge,Martell Webster,Dirk Nowitzki,Erick Dampier,Jason Kidd,Jose Juan Barea,Shawn Marion,1,8:09,POR,shot,,,,,,,,,,Brandon Roy,,,,missed,,jump,14,11
Andre Miller,Brandon Roy,Joel Przybilla,LaMarcus Aldridge,Martell Webster,Dirk Nowitzki,Erick Dampier,Jason Kidd,Jose Juan Barea,Shawn Marion,1,8:07,DAL,rebound,,,,,,,,,,Erick Dampier,,,,,,def,,
Andre Miller,Brandon Roy,Joel Przybilla,LaMarcus Aldridge,Martell Webster,Dirk Nowitzki,Erick Dampier,Jason Kidd,Jose Juan Barea,Shawn Marion,1,7:58,POR,foul,,,,,,,,Erick Dampier,,Joel Przybilla,,,,,,personal,,
Andre Miller,Brandon Roy,Joel Przybilla,LaMarcus Aldridge,Martell Webster,Dirk Nowitzki,Erick Dampier,Jason Kidd,Jose Juan Barea,Shawn Marion,1,7:52,DAL,shot,,,,,,,,,,Jose Juan Barea,,,,missed,,jump,12,19
Andre Miller,Brandon Roy,Joel Przybilla,LaMarcus Aldridge,Martell Webster,Dirk Nowitzki,Erick Dampier,Jason Kidd,Jose Juan Barea,Shawn Marion,1,7:50,POR,rebound,,,,,,,,,,Martell Webster,,,,,,def,,
Andre Miller,Brandon Roy,Joel Przybilla,LaMarcus Aldridge,Martell Webster,Dirk Nowitzki,Erick Dampier,Jason Kidd,Jose Juan Barea,Shawn Marion,1,7:35,POR,shot,,,,,,,,,,Andre Miller,,,,missed,,jump,22,25
Andre Miller,Brandon Roy,Joel Przybilla,LaMarcus Aldridge,Martell Webster,Dirk Nowitzki,Erick Dampier,Jason Kidd,Jose Juan Barea,Shawn Marion,1,7:34,DAL,rebound,,,,,,,,,,Dirk Nowitzki,,,,,,def,,
Andre Miller,Brandon Roy,Joel Przybilla,LaMarcus Aldridge,Martell Webster,Dirk Nowitzki,Erick Dampier,Jason Kidd,Jose Juan Barea,Shawn Marion,1,7:26,DAL,shot,,,,,,,,,,Jason Kidd,,,,missed,,3pt,14,28
Andre Miller,Brandon Roy,Joel Przybilla,LaMarcus Aldridge,Martell Webster,Dirk Nowitzki,Erick Dampier,Jason Kidd,Jose Juan Barea,Shawn Marion,1,7:24,POR,rebound,,,,,,,,,,Joel Przybilla,,,,,,def,,
Andre Miller,Brandon Roy,Joel Przybilla,LaMarcus Aldridge,Martell Webster,Dirk Nowitzki,Erick Dampier,Jason Kidd,Jose Juan Barea,Shawn Marion,1,7:15,DAL,foul,,,,,,,,LaMarcus Aldridge,,Dirk Nowitzki,,,,,,personal,,
Andre Miller,Brandon Roy,Joel Przybilla,LaMarcus Aldridge,Martell Webster,Dirk Nowitzki,Erick Dampier,Jason Kidd,Jose Juan Barea,Shawn Marion,1,7:04,POR,shot,,,,,,,,,,LaMarcus Aldridge,,,,missed,,layup,25,6
Andre Miller,Brandon Roy,Joel Przybilla,LaMarcus Aldridge,Martell Webster,Dirk Nowitzki,Erick Dampier,Jason Kidd,Jose Juan Barea,Shawn Marion,1,7:03,POR,rebound,,,,,,,,,,Joel Przybilla,,,,,,off,,
Andre Miller,Brandon Roy,Joel Przybilla,LaMarcus Aldridge,Martell Webster,Dirk Nowitzki,Erick Dampier,Jason Kidd,Jose Juan Barea,Shawn Marion,1,7:02,DAL,foul,,,,,,,,Joel Przybilla,,Shawn Marion,,,,,,shooting,,
Andre Miller,Brandon Roy,Joel Przybilla,LaMarcus Aldridge,Martell Webster,Dirk Nowitzki,Erick Dampier,Jason Kidd,Jose Juan Barea,Shawn Marion,1,7:02,POR,free throw,,,,,,,1,,2,Joel Przybilla,,,foul,made,,,,
Andre Miller,Brandon Roy,Joel Przybilla,LaMarcus Aldridge,Martell Webster,Dirk Nowitzki,Erick Dampier,Jason Kidd,Jose Juan Barea,Josh Howard,1,7:02,DAL,sub,,,,Josh Howard,,Shawn Marion,,,,,,,,,,,,
Andre Miller,Brandon Roy,Joel Przybilla,LaMarcus Aldridge,Martell Webster,Dirk Nowitzki,Erick Dampier,Jason Kidd,Jose Juan Barea,Josh Howard,1,7:02,POR,free throw,,,,,,,2,,2,Joel Przybilla,,,foul,missed,,,,
Andre Miller,Brandon Roy,Joel Przybilla,LaMarcus Aldridge,Martell Webster,Dirk Nowitzki,Erick Dampier,Jason Kidd,Jose Juan Barea,Josh Howard,1,7:02,DAL,rebound,,,,,,,,,,Jason Kidd,,,,,,def,,
Andre Miller,Brandon Roy,Joel Przybilla,LaMarcus Aldridge,Martell Webster,Dirk Nowitzki,Erick Dampier,Jason Kidd,Jose Juan Barea,Josh Howard,1,6:56,DAL,turnover,,,,,,,,,,Dirk Nowitzki,,,out of bounds lost ball turnover,,,,,
Andre Miller,Brandon Roy,Joel Przybilla,LaMarcus Aldridge,Martell Webster,Dirk Nowitzki,Erick Dampier,Jason Kidd,Jose Juan Barea,Josh Howard,1,6:32,POR,shot,,,,,,,,,,Andre Miller,,,,missed,,jump,35,19
Andre Miller,Brandon Roy,Joel Przybilla,LaMarcus Aldridge,Martell Webster,Dirk Nowitzki,Erick Dampier,Jason Kidd,Jose Juan Barea,Josh Howard,1,6:29,DAL,rebound,,,,,,,,,,Erick Dampier,,,,,,def,,
Andre Miller,Brandon Roy,Joel Przybilla,LaMarcus Aldridge,Martell Webster,Dirk Nowitzki,Erick Dampier,Jason Kidd,Jose Juan Barea,Josh Howard,1,6:18,DAL,shot,,,,,,,,,,Josh Howard,,,,missed,,jump,32,21
Andre Miller,Brandon Roy,Joel Przybilla,LaMarcus Aldridge,Martell Webster,Dirk Nowitzki,Erick Dampier,Jason Kidd,Jose Juan Barea,Josh Howard,1,6:16,POR,rebound,,,,,,,,,,Andre Miller,,,,,,def,,
Andre Miller,Brandon Roy,Joel Przybilla,LaMarcus Aldridge,Martell Webster,Dirk Nowitzki,Erick Dampier,Jason Kidd,Jose Juan Barea,Josh Howard,1,6:01,POR,shot,,,Josh Howard,,,,,,,LaMarcus Aldridge,,,,missed,,turnaround jump,26,11
Andre Miller,Brandon Roy,Joel Przybilla,LaMarcus Aldridge,Martell Webster,Dirk Nowitzki,Erick Dampier,Jason Kidd,Jose Juan Barea,Josh Howard,1,5:59,DAL,rebound,,,,,,,,,,Dirk Nowitzki,,,,,,def,,
Andre Miller,Brandon Roy,Joel Przybilla,LaMarcus Aldridge,Martell Webster,Dirk Nowitzki,Erick Dampier,Jason Kidd,Jose Juan Barea,Josh Howard,1,5:57,DAL,turnover,,,,,,,,,,Dirk Nowitzki,,,bad pass,,Brandon Roy,,,
Andre Miller,Brandon Roy,Joel Przybilla,LaMarcus Aldridge,Martell Webster,Dirk Nowitzki,Erick Dampier,Jason Kidd,Jose Juan Barea,Josh Howard,1,5:47,POR,shot,,,,,,,,,,Brandon Roy,,,,missed,,jump,37,19
Andre Miller,Brandon Roy,Joel Przybilla,LaMarcus Aldridge,Martell Webster,Dirk Nowitzki,Erick Dampier,Jason Kidd,Jose Juan Barea,Josh Howard,1,5:46,DAL,rebound,,,,,,,,,,Jason Kidd,,,,,,def,,
Andre Miller,Brandon Roy,Joel Przybilla,LaMarcus Aldridge,Martell Webster,Dirk Nowitzki,Erick Dampier,Jason Kidd,Jose Juan Barea,Josh Howard,1,5:43,DAL,shot,,,,,,,,,,Jose Juan Barea,,,,missed,,driving layup,25,6
Andre Miller,Brandon Roy,Joel Przybilla,LaMarcus Aldridge,Martell Webster,Dirk Nowitzki,Erick Dampier,Jason Kidd,Jose Juan Barea,Josh Howard,1,5:40,POR,rebound,,,,,,,,,,Andre Miller,,,,,,def,,
Andre Miller,Brandon Roy,Joel Przybilla,LaMarcus Aldridge,Martell Webster,Dirk Nowitzki,Erick Dampier,Jason Kidd,Jose Juan Barea,Josh Howard,1,5:31,POR,shot,,,,,,,,,,Andre Miller,,,,missed,,3pt,17,30
Andre Miller,Brandon Roy,Joel Przybilla,LaMarcus Aldridge,Martell Webster,Dirk Nowitzki,Erick Dampier,Jason Kidd,Jose Juan Barea,Josh Howard,1,5:28,DAL,rebound,,,,,,,,,,Dirk Nowitzki,,,,,,def,,
Andre Miller,Brandon Roy,Joel Przybilla,LaMarcus Aldridge,Martell Webster,Dirk Nowitzki,Erick Dampier,Jason Kidd,Jose Juan Barea,Josh Howard,1,5:27,POR,foul,,,,,,,,Erick Dampier,,Andre Miller,,,,,,shooting,,
Andre Miller,Brandon Roy,Joel Przybilla,LaMarcus Aldridge,Martell Webster,Dirk Nowitzki,Erick Dampier,Jason Kidd,Jose Juan Barea,Josh Howard,1,5:27,DAL,timeout,,,,,,,,,,,,,,,,regular,,
Andre Miller,Brandon Roy,Joel Przybilla,LaMarcus Aldridge,Martell Webster,Dirk Nowitzki,Erick Dampier,Jason Kidd,Jason Terry,Josh Howard,1,5:27,DAL,sub,,,,Jason Terry,,Jose Juan Barea,,,,,,,,,,,,
Andre Miller,Brandon Roy,Joel Przybilla,LaMarcus Aldridge,Steve Blake,Dirk Nowitzki,Erick Dampier,Jason Kidd,Jason Terry,Josh Howard,1,5:27,POR,sub,,,,Steve Blake,,Martell Webster,,,,,,,,,,,,
Andre Miller,Brandon Roy,Joel Przybilla,LaMarcus Aldridge,Steve Blake,Dirk Nowitzki,Erick Dampier,Jason Kidd,Jason Terry,Josh Howard,1,5:27,DAL,free throw,,,,,,,1,,2,Erick Dampier,,,foul,missed,,,,
Andre Miller,Brandon Roy,Joel Przybilla,LaMarcus Aldridge,Steve Blake,Dirk Nowitzki,Erick Dampier,Jason Kidd,Jason Terry,Josh Howard,1,5:27,DAL,rebound,,,,,,,,,,,,,,,,,,
Andre Miller,Brandon Roy,Joel Przybilla,LaMarcus Aldridge,Steve Blake,Dirk Nowitzki,Erick Dampier,Jason Kidd,Jason Terry,Josh Howard,1,5:27,DAL,free throw,,,,,,,2,,2,Erick Dampier,,,foul,missed,,,,
Andre Miller,Brandon Roy,Joel Przybilla,LaMarcus Aldridge,Steve Blake,Dirk Nowitzki,Erick Dampier,Jason Kidd,Jason Terry,Josh Howard,1,5:26,POR,rebound,,,,,,,,,,Joel Przybilla,,,,,,def,,
Andre Miller,Brandon Roy,Joel Przybilla,LaMarcus Aldridge,Steve Blake,Dirk Nowitzki,Erick Dampier,Jason Kidd,Jason Terry,Josh Howard,1,5:04,POR,shot,,,,,,,,,,Steve Blake,,,,missed,,running jump,38,7
Andre Miller,Brandon Roy,Joel Przybilla,LaMarcus Aldridge,Steve Blake,Dirk Nowitzki,Erick Dampier,Jason Kidd,Jason Terry,Josh Howard,1,5:02,DAL,rebound,,,,,,,,,,Jason Kidd,,,,,,def,,
Andre Miller,Brandon Roy,Joel Przybilla,LaMarcus Aldridge,Steve Blake,Dirk Nowitzki,Erick Dampier,Jason Kidd,Jason Terry,Josh Howard,1,4:54,DAL,shot,Erick Dampier,,,,,,,,,Dirk Nowitzki,2,,,made,,jump,15,20
Brandon Roy,Jerryd Bayless,Joel Przybilla,LaMarcus Aldridge,Steve Blake,Dirk Nowitzki,Erick Dampier,Jason Kidd,Jason Terry,Josh Howard,1,4:31,POR,sub,,,,Jerryd Bayless,,Andre Miller,,,,,,,,,,,,
Brandon Roy,Jerryd Bayless,Joel Przybilla,LaMarcus Aldridge,Steve Blake,Dirk Nowitzki,Erick Dampier,Jason Kidd,Jason Terry,Josh Howard,1,4:27,POR,shot,,,,,,,,,,Brandon Roy,,,,missed,,3pt,14,29
Brandon Roy,Jerryd Bayless,Joel Przybilla,LaMarcus Aldridge,Steve Blake,Dirk Nowitzki,Erick Dampier,Jason Kidd,Jason Terry,Josh Howard,1,4:24,DAL,rebound,,,,,,,,,,Erick Dampier,,,,,,def,,
Brandon Roy,Jerryd Bayless,Joel Przybilla,LaMarcus Aldridge,Steve Blake,Dirk Nowitzki,Erick Dampier,Jason Kidd,Jason Terry,Josh Howard,1,4:16,DAL,shot,,,,,,,,,,Josh Howard,,,,missed,,jump,38,20
Brandon Roy,Jerryd Bayless,Joel Przybilla,LaMarcus Aldridge,Steve Blake,Dirk Nowitzki,Erick Dampier,Jason Kidd,Jason Terry,Josh Howard,1,4:14,POR,rebound,,,,,,,,,,Joel Przybilla,,,,,,def,,
Brandon Roy,Jerryd Bayless,Joel Przybilla,LaMarcus Aldridge,Steve Blake,Dirk Nowitzki,Erick Dampier,Jason Kidd,Jason Terry,Josh Howard,1,3:59,POR,shot,,,,,,,,,,Jerryd Bayless,2,,,made,,jump,26,25
Brandon Roy,Jerryd Bayless,Joel Przybilla,LaMarcus Aldridge,Steve Blake,Dirk Nowitzki,Erick Dampier,Jason Kidd,Jason Terry,Josh Howard,1,3:45,DAL,shot,Jason Kidd,,,,,,,,,Dirk Nowitzki,2,,,made,,jump,33,22
Brandon Roy,Jerryd Bayless,Joel Przybilla,LaMarcus Aldridge,Steve Blake,Dirk Nowitzki,Erick Dampier,Jason Kidd,Jason Terry,Josh Howard,1,3:21,POR,shot,,,,,,,,,,Steve Blake,,,,missed,,driving layup,25,6
Brandon Roy,Jerryd Bayless,Joel Przybilla,LaMarcus Aldridge,Steve Blake,Dirk Nowitzki,Erick Dampier,Jason Kidd,Jason Terry,Josh Howard,1,3:19,DAL,rebound,,,,,,,,,,Erick Dampier,,,,,,def,,
Brandon Roy,Jerryd Bayless,Joel Przybilla,LaMarcus Aldridge,Steve Blake,Dirk Nowitzki,Erick Dampier,Jason Kidd,Jason Terry,Josh Howard,1,3:13,DAL,shot,Jason Kidd,,,,,,,,,Jason Terry,3,,,made,,3pt,47,8
Brandon Roy,Jerryd Bayless,Joel Przybilla,LaMarcus Aldridge,Steve Blake,Dirk Nowitzki,Erick Dampier,Jason Kidd,Jason Terry,Josh Howard,1,3:12,POR,timeout,,,,,,,,,,,,,,,,regular,,
Brandon Roy,Jerryd Bayless,Juwan Howard,LaMarcus Aldridge,Steve Blake,Dirk Nowitzki,Erick Dampier,Jason Kidd,Jason Terry,Josh Howard,1,3:12,POR,sub,,,,Juwan Howard,,Joel Przybilla,,,,,,,,,,,,
Brandon Roy,Jerryd Bayless,Juwan Howard,LaMarcus Aldridge,Steve Blake,Dirk Nowitzki,Erick Dampier,Jason Kidd,Jason Terry,Josh Howard,1,2:56,POR,shot,Juwan Howard,,,,,,,,,Brandon Roy,3,,,made,,3pt,18,30
Brandon Roy,Jerryd Bayless,Juwan Howard,LaMarcus Aldridge,Steve Blake,Dirk Nowitzki,Erick Dampier,Jason Kidd,Jason Terry,Josh Howard,1,2:43,DAL,shot,,,,,,,,,,Jason Terry,,,,missed,,jump,9,9
Brandon Roy,Jerryd Bayless,Juwan Howard,LaMarcus Aldridge,Steve Blake,Dirk Nowitzki,Erick Dampier,Jason Kidd,Jason Terry,Josh Howard,1,2:41,POR,rebound,,,,,,,,,,Juwan Howard,,,,,,def,,
Brandon Roy,Jerryd Bayless,Juwan Howard,LaMarcus Aldridge,Steve Blake,Dirk Nowitzki,Erick Dampier,Jason Kidd,Jason Terry,Josh Howard,1,2:33,POR,shot,Jerryd Bayless,,,,,,,,,LaMarcus Aldridge,2,,,made,,jump,41,11
Brandon Roy,Jerryd Bayless,Juwan Howard,LaMarcus Aldridge,Steve Blake,Dirk Nowitzki,Erick Dampier,Jason Kidd,Jason Terry,Josh Howard,1,2:21,DAL,turnover,,,,,,,,,,Erick Dampier,,,bad pass,,,,,
Jerryd Bayless,Juwan Howard,LaMarcus Aldridge,Martell Webster,Steve Blake,Dirk Nowitzki,Erick Dampier,Jason Kidd,Jason Terry,Josh Howard,1,2:21,POR,sub,,,,Martell Webster,,Brandon Roy,,,,,,,,,,,,
Jerryd Bayless,Juwan Howard,LaMarcus Aldridge,Martell Webster,Steve Blake,Dirk Nowitzki,Drew Gooden,Jason Kidd,Jason Terry,Josh Howard,1,2:21,DAL,sub,,,,Drew Gooden,,Erick Dampier,,,,,,,,,,,,
Jerryd Bayless,Juwan Howard,LaMarcus Aldridge,Martell Webster,Steve Blake,Dirk Nowitzki,Drew Gooden,Jason Kidd,Jason Terry,Josh Howard,1,2:07,POR,shot,Steve Blake,,,,,,,,,Juwan Howard,2,,,made,,jump,22,12
Jerryd Bayless,Juwan Howard,LaMarcus Aldridge,Martell Webster,Steve Blake,Dirk Nowitzki,Drew Gooden,Jason Kidd,Jason Terry,Josh Howard,1,1:48,DAL,shot,,,,,,,,,,Jason Kidd,,,,missed,,3pt,2,7
Jerryd Bayless,Juwan Howard,LaMarcus Aldridge,Martell Webster,Steve Blake,Dirk Nowitzki,Drew Gooden,Jason Kidd,Jason Terry,Josh Howard,1,1:45,POR,rebound,,,,,,,,,,Juwan Howard,,,,,,def,,
Jerryd Bayless,Juwan Howard,LaMarcus Aldridge,Martell Webster,Steve Blake,Dirk Nowitzki,Drew Gooden,Jason Kidd,Jason Terry,Josh Howard,1,1:35,POR,shot,Steve Blake,,,,,,,,,LaMarcus Aldridge,2,,,made,,jump,10,10
Jerryd Bayless,Juwan Howard,LaMarcus Aldridge,Martell Webster,Steve Blake,Dirk Nowitzki,Drew Gooden,Jason Kidd,Jason Terry,Josh Howard,1,1:17,DAL,shot,,,,,,,,,,Jason Terry,,,,missed,,jump,41,11
Jerryd Bayless,Juwan Howard,LaMarcus Aldridge,Martell Webster,Steve Blake,Dirk Nowitzki,Drew Gooden,Jason Kidd,Jason Terry,Josh Howard,1,1:15,DAL,rebound,,,,,,,,,,Drew Gooden,,,,,,off,,
Jerryd Bayless,Juwan Howard,LaMarcus Aldridge,Martell Webster,Steve Blake,Dirk Nowitzki,Drew Gooden,Jason Kidd,Jason Terry,Josh Howard,1,1:14,DAL,shot,,,,,,,,,,Drew Gooden,,,,missed,,layup,25,6
Jerryd Bayless,Juwan Howard,LaMarcus Aldridge,Martell Webster,Steve Blake,Dirk Nowitzki,Drew Gooden,Jason Kidd,Jason Terry,Josh Howard,1,1:13,POR,rebound,,,,,,,,,,Martell Webster,,,,,,def,,
Jerryd Bayless,Juwan Howard,LaMarcus Aldridge,Martell Webster,Steve Blake,Dirk Nowitzki,Drew Gooden,Jason Kidd,Jason Terry,Josh Howard,1,1:06,POR,turnover,,,,,,,,,,Jerryd Bayless,,,bad pass,,Dirk Nowitzki,,,
Jerryd Bayless,Juwan Howard,LaMarcus Aldridge,Martell Webster,Steve Blake,Dirk Nowitzki,Drew Gooden,Jason Kidd,Jason Terry,Josh Howard,1,1:02,DAL,shot,Jason Kidd,,,,,,,,,Josh Howard,2,,,made,,driving layup,25,6
Jerryd Bayless,Juwan Howard,LaMarcus Aldridge,Martell Webster,Steve Blake,Dirk Nowitzki,Drew Gooden,Jason Kidd,Jason Terry,Josh Howard,1,0:40,POR,turnover,,,,,,,,,,Juwan Howard,,,bad pass,,Dirk Nowitzki,,,
Jerryd Bayless,Juwan Howard,LaMarcus Aldridge,Martell Webster,Steve Blake,Dirk Nowitzki,Drew Gooden,Jason Kidd,Jason Terry,Josh Howard,1,0:34,DAL,shot,,,,,,,,,,Drew Gooden,,,,missed,,jump,19,7
Jerryd Bayless,Juwan Howard,LaMarcus Aldridge,Martell Webster,Steve Blake,Dirk Nowitzki,Drew Gooden,Jason Kidd,Jason Terry,Josh Howard,1,0:30,POR,rebound,,,,,,,,,,Jerryd Bayless,,,,,,def,,
Jerryd Bayless,Juwan Howard,LaMarcus Aldridge,Martell Webster,Steve Blake,Dirk Nowitzki,Drew Gooden,Jason Kidd,Jason Terry,Josh Howard,1,0:18,POR,shot,,,,,,,,,,Jerryd Bayless,,,,missed,,jump,15,22
Jerryd Bayless,Juwan Howard,LaMarcus Aldridge,Martell Webster,Steve Blake,Dirk Nowitzki,Drew Gooden,Jason Kidd,Jason Terry,Josh Howard,1,0:15,POR,rebound,,,,,,,,,,LaMarcus Aldridge,,,,,,off,,
Jerryd Bayless,Juwan Howard,LaMarcus Aldridge,Martell Webster,Steve Blake,Dirk Nowitzki,Drew Gooden,Jason Kidd,Jason Terry,Josh Howard,1,0:05,DAL,foul,,,,,,,,Jerryd Bayless,,Jason Terry,,,,,,personal,,
Jerryd Bayless,Juwan Howard,LaMarcus Aldridge,Martell Webster,Steve Blake,Dirk Nowitzki,Drew Gooden,Jason Terry,Jose Juan Barea,Josh Howard,1,0:05,DAL,sub,,,,Jose Juan Barea,,Jason Kidd,,,,,,,,,,,,
Jerryd Bayless,Juwan Howard,LaMarcus Aldridge,Martell Webster,Steve Blake,Dirk Nowitzki,Drew Gooden,Jason Terry,Jose Juan Barea,Josh Howard,1,0:02,POR,foul,,,,,,,,Jose Juan Barea,,Jerryd Bayless,,,,,,offensive,,
Jerryd Bayless,Juwan Howard,LaMarcus Aldridge,Martell Webster,Steve Blake,Dirk Nowitzki,Drew Gooden,Jason Terry,Jose Juan Barea,Josh Howard,1,0:02,POR,turnover,,,,,,,,,,Jerryd Bayless,,,foul,,,,,
Jerryd Bayless,Juwan Howard,LaMarcus Aldridge,Martell Webster,Steve Blake,Drew Gooden,Jason Terry,Jose Juan Barea,Josh Howard,Tim Thomas,2,11:48,POR,foul,,,,,,,,Jose Juan Barea,,Steve Blake,,,,,,personal,,
Jerryd Bayless,Juwan Howard,LaMarcus Aldridge,Martell Webster,Steve Blake,Drew Gooden,Jason Terry,Jose Juan Barea,Josh Howard,Tim Thomas,2,11:39,DAL,shot,,,,,,,,,,Tim Thomas,,,,missed,,3pt,20,30
Jerryd Bayless,Juwan Howard,LaMarcus Aldridge,Martell Webster,Steve Blake,Drew Gooden,Jason Terry,Jose Juan Barea,Josh Howard,Tim Thomas,2,11:37,POR,rebound,,,,,,,,,,Jerryd Bayless,,,,,,def,,
Jerryd Bayless,Juwan Howard,LaMarcus Aldridge,Martell Webster,Steve Blake,Drew Gooden,Jason Terry,Jose Juan Barea,Josh Howard,Tim Thomas,2,11:19,DAL,foul,,,,,,,,LaMarcus Aldridge,,Drew Gooden,,,,,,shooting,,
Jerryd Bayless,Juwan Howard,LaMarcus Aldridge,Martell Webster,Steve Blake,Drew Gooden,Jason Terry,Jose Juan Barea,Josh Howard,Tim Thomas,2,11:19,POR,free throw,,,,,,,1,,2,LaMarcus Aldridge,,,foul,missed,,,,
Jerryd Bayless,Juwan Howard,LaMarcus Aldridge,Martell Webster,Steve Blake,Drew Gooden,Jason Terry,Jose Juan Barea,Josh Howard,Tim Thomas,2,11:19,POR,rebound,,,,,,,,,,,,,,,,,,
Jerryd Bayless,Juwan Howard,LaMarcus Aldridge,Martell Webster,Steve Blake,Drew Gooden,Jason Terry,Jose Juan Barea,Josh Howard,Tim Thomas,2,11:19,POR,free throw,,,,,,,2,,2,LaMarcus Aldridge,,,foul,made,,,,
Jerryd Bayless,Juwan Howard,LaMarcus Aldridge,Martell Webster,Steve Blake,Drew Gooden,Jason Terry,Jose Juan Barea,Josh Howard,Tim Thomas,2,10:59,DAL,shot,,,,,,,,,,Drew Gooden,,,,missed,,jump hook,18,7
Jerryd Bayless,Juwan Howard,LaMarcus Aldridge,Martell Webster,Steve Blake,Drew Gooden,Jason Terry,Jose Juan Barea,Josh Howard,Tim Thomas,2,10:56,POR,rebound,,,,,,,,,,Martell Webster,,,,,,def,,
Jerryd Bayless,Juwan Howard,LaMarcus Aldridge,Martell Webster,Steve Blake,Drew Gooden,Jason Terry,Jose Juan Barea,Josh Howard,Tim Thomas,2,10:48,POR,shot,,,,,,,,,,Juwan Howard,,,,missed,,reverse layup,25,6
Jerryd Bayless,Juwan Howard,LaMarcus Aldridge,Martell Webster,Steve Blake,Drew Gooden,Jason Terry,Jose Juan Barea,Josh Howard,Tim Thomas,2,10:46,DAL,rebound,,,,,,,,,,Drew Gooden,,,,,,def,,
Jerryd Bayless,Juwan Howard,LaMarcus Aldridge,Martell Webster,Steve Blake,Drew Gooden,Jason Terry,Jose Juan Barea,Josh Howard,Tim Thomas,2,10:39,DAL,shot,Jason Terry,,,,,,,,,Jose Juan Barea,3,,,made,,3pt,37,27
Jerryd Bayless,Juwan Howard,LaMarcus Aldridge,Martell Webster,Steve Blake,Drew Gooden,Jason Terry,Jose Juan Barea,Josh Howard,Tim Thomas,2,10:16,POR,shot,,,,,,,,,,LaMarcus Aldridge,,,,missed,,turnaround jump,17,7
Jerryd Bayless,Juwan Howard,LaMarcus Aldridge,Martell Webster,Steve Blake,Drew Gooden,Jason Terry,Jose Juan Barea,Josh Howard,Tim Thomas,2,10:14,DAL,rebound,,,,,,,,,,Jose Juan Barea,,,,,,def,,
Jerryd Bayless,Juwan Howard,LaMarcus Aldridge,Martell Webster,Steve Blake,Drew Gooden,Jason Terry,Jose Juan Barea,Josh Howard,Tim Thomas,2,9:58,POR,foul,,,,,,,,Jason Terry,,Steve Blake,,,,,,personal,,
Brandon Roy,Jerryd Bayless,Juwan Howard,LaMarcus Aldridge,Steve Blake,Drew Gooden,Jason Terry,Jose Juan Barea,Josh Howard,Tim Thomas,2,9:58,POR,sub,,,,Brandon Roy,,Martell Webster,,,,,,,,,,,,
Anthony Tolliver,Brandon Roy,Jerryd Bayless,Juwan Howard,Steve Blake,Drew Gooden,Jason Terry,Jose Juan Barea,Josh Howard,Tim Thomas,2,9:51,POR,sub,,,,Anthony Tolliver,,LaMarcus Aldridge,,,,,,,,,,,,
Anthony Tolliver,Brandon Roy,Jerryd Bayless,Juwan Howard,Steve Blake,Drew Gooden,Jason Terry,Jose Juan Barea,Josh Howard,Tim Thomas,2,9:47,DAL,shot,Jason Terry,,,,,,,,,Josh Howard,2,,,made,,jump,40,6
Anthony Tolliver,Brandon Roy,Jerryd Bayless,Juwan Howard,Steve Blake,Drew Gooden,Jason Terry,Jose Juan Barea,Josh Howard,Tim Thomas,2,9:32,POR,shot,,,,,,,,,,Steve Blake,,,,missed,,jump,45,6
Anthony Tolliver,Brandon Roy,Jerryd Bayless,Juwan Howard,Steve Blake,Drew Gooden,Jason Terry,Jose Juan Barea,Josh Howard,Tim Thomas,2,9:31,DAL,rebound,,,,,,,,,,Drew Gooden,,,,,,def,,
Anthony Tolliver,Brandon Roy,Jerryd Bayless,Juwan Howard,Steve Blake,Drew Gooden,Jason Terry,Jose Juan Barea,Josh Howard,Tim Thomas,2,9:27,DAL,shot,,,Brandon Roy,,,,,,,Jason Terry,,,,missed,,layup,25,6
Anthony Tolliver,Brandon Roy,Jerryd Bayless,Juwan Howard,Steve Blake,Drew Gooden,Jason Terry,Jose Juan Barea,Josh Howard,Tim Thomas,2,9:27,DAL,rebound,,,,,,,,,,,,,,,,,,
Anthony Tolliver,Brandon Roy,Jerryd Bayless,Juwan Howard,Steve Blake,Drew Gooden,Jason Terry,Jose Juan Barea,Josh Howard,Tim Thomas,2,9:23,POR,foul,,,,,,,,Jason Terry,,Jerryd Bayless,,,,,,personal,,
Anthony Tolliver,Brandon Roy,Jerryd Bayless,Juwan Howard,Steve Blake,Drew Gooden,Jason Terry,Jose Juan Barea,Josh Howard,Tim Thomas,2,9:15,DAL,shot,Jason Terry,,,,,,,,,Drew Gooden,2,,,made,,dunk,25,6
Anthony Tolliver,Brandon Roy,Jerryd Bayless,Juwan Howard,Steve Blake,Drew Gooden,Jason Terry,Jose Juan Barea,Josh Howard,Tim Thomas,2,9:01,POR,shot,,,,,,,,,,Anthony Tolliver,,,,missed,,3pt,16,29
Anthony Tolliver,Brandon Roy,Jerryd Bayless,Juwan Howard,Steve Blake,Drew Gooden,Jason Terry,Jose Juan Barea,Josh Howard,Tim Thomas,2,8:59,DAL,rebound,,,,,,,,,,Drew Gooden,,,,,,def,,
Anthony Tolliver,Brandon Roy,Jerryd Bayless,Juwan Howard,Steve Blake,Drew Gooden,Jason Terry,Jose Juan Barea,Josh Howard,Tim Thomas,2,8:53,DAL,shot,,,,,,,,,,Tim Thomas,,,,missed,,jump,28,15
Anthony Tolliver,Brandon Roy,Jerryd Bayless,Juwan Howard,Steve Blake,Drew Gooden,Jason Terry,Jose Juan Barea,Josh Howard,Tim Thomas,2,8:51,POR,rebound,,,,,,,,,,Juwan Howard,,,,,,def,,
Anthony Tolliver,Brandon Roy,Jerryd Bayless,Juwan Howard,Steve Blake,Drew Gooden,Jason Terry,Jose Juan Barea,Josh Howard,Tim Thomas,2,8:48,DAL,foul,,,,,,,,Jerryd Bayless,,Jose Juan Barea,,,,,,shooting,,
Anthony Tolliver,Brandon Roy,Jerryd Bayless,Juwan Howard,Steve Blake,Drew Gooden,Jason Terry,Jose Juan Barea,Josh Howard,Tim Thomas,2,8:48,POR,timeout,,,,,,,,,,,,,,,,official,,
Anthony Tolliver,Brandon Roy,Jerryd Bayless,Juwan Howard,Steve Blake,Drew Gooden,Jason Terry,Jose Juan Barea,Josh Howard,Tim Thomas,2,8:48,POR,free throw,,,,,,,1,,2,Jerryd Bayless,,,foul,made,,,,
Anthony Tolliver,Brandon Roy,Jerryd Bayless,Juwan Howard,Steve Blake,Drew Gooden,Jason Terry,Jose Juan Barea,Josh Howard,Tim Thomas,2,8:48,POR,free throw,,,,,,,2,,2,Jerryd Bayless,,,foul,made,,,,
Anthony Tolliver,Brandon Roy,Jerryd Bayless,Juwan Howard,Steve Blake,Drew Gooden,Jason Terry,Jose Juan Barea,Josh Howard,Tim Thomas,2,8:39,POR,foul,,,,,,,,Josh Howard,,Brandon Roy,,,,,,personal,,
Anthony Tolliver,Brandon Roy,Jerryd Bayless,Juwan Howard,Steve Blake,Drew Gooden,Jason Terry,Jose Juan Barea,Josh Howard,Tim Thomas,2,8:33,DAL,shot,,,,,,,,,,Josh Howard,,,,missed,,jump,12,20
Anthony Tolliver,Brandon Roy,Jerryd Bayless,Juwan Howard,Steve Blake,Drew Gooden,Jason Terry,Jose Juan Barea,Josh Howard,Tim Thomas,2,8:31,POR,rebound,,,,,,,,,,Steve Blake,,,,,,def,,
Anthony Tolliver,Brandon Roy,Jerryd Bayless,Juwan Howard,Steve Blake,Drew Gooden,Jason Terry,Jose Juan Barea,Josh Howard,Tim Thomas,2,8:20,POR,shot,,,,,,,,,,Brandon Roy,2,,,made,,driving layup,25,6
Anthony Tolliver,Brandon Roy,Jerryd Bayless,Juwan Howard,Steve Blake,Drew Gooden,Jason Terry,Jose Juan Barea,Josh Howard,Tim Thomas,2,8:09,DAL,shot,,,,,,,,,,Tim Thomas,,,,missed,,jump,40,20
Anthony Tolliver,Brandon Roy,Jerryd Bayless,Juwan Howard,Steve Blake,Drew Gooden,Jason Terry,Jose Juan Barea,Josh Howard,Tim Thomas,2,8:07,POR,rebound,,,,,,,,,,Anthony Tolliver,,,,,,def,,
Anthony Tolliver,Brandon Roy,Jerryd Bayless,Juwan Howard,Steve Blake,Drew Gooden,Jason Terry,Jose Juan Barea,Josh Howard,Tim Thomas,2,7:58,POR,shot,,,,,,,,,,Jerryd Bayless,,,,missed,,driving layup,25,6
Anthony Tolliver,Brandon Roy,Jerryd Bayless,Juwan Howard,Steve Blake,Drew Gooden,Jason Terry,Jose Juan Barea,Josh Howard,Tim Thomas,2,7:57,DAL,rebound,,,,,,,,,,Drew Gooden,,,,,,def,,
Anthony Tolliver,Brandon Roy,Jerryd Bayless,Juwan Howard,Steve Blake,Drew Gooden,Jason Terry,Jose Juan Barea,Josh Howard,Tim Thomas,2,7:53,DAL,shot,Drew Gooden,,,,,,,,,Josh Howard,2,,,made,,layup,25,6
Anthony Tolliver,Brandon Roy,Jerryd Bayless,Juwan Howard,Steve Blake,Drew Gooden,Jason Terry,Jose Juan Barea,Josh Howard,Tim Thomas,2,7:33,POR,shot,,,,,,,,,,Brandon Roy,2,,,made,,jump,8,8
Anthony Tolliver,Brandon Roy,Jerryd Bayless,Juwan Howard,Steve Blake,Drew Gooden,Jason Terry,Jose Juan Barea,Josh Howard,Tim Thomas,2,7:12,DAL,shot,,,,,,,,,,Jose Juan Barea,2,,,made,,driving layup,25,6
Anthony Tolliver,Brandon Roy,Jerryd Bayless,Juwan Howard,Steve Blake,Drew Gooden,Jason Terry,Jose Juan Barea,Josh Howard,Tim Thomas,2,6:59,POR,turnover,,,,,,,,,,Juwan Howard,,,lost ball,,Jose Juan Barea,,,
Anthony Tolliver,Brandon Roy,Jerryd Bayless,Juwan Howard,Steve Blake,Drew Gooden,Jason Terry,Jose Juan Barea,Josh Howard,Tim Thomas,2,6:54,DAL,shot,Jason Terry,,,,,,,,,Josh Howard,2,,,made,,driving reverse layup,25,6
Anthony Tolliver,Brandon Roy,Jerryd Bayless,Juwan Howard,Steve Blake,Drew Gooden,Jason Terry,Jose Juan Barea,Josh Howard,Tim Thomas,2,6:47,POR,timeout,,,,,,,,,,,,,,,,regular,,
Anthony Tolliver,Brandon Roy,Jerryd Bayless,Juwan Howard,LaMarcus Aldridge,Drew Gooden,Jason Terry,Jose Juan Barea,Josh Howard,Tim Thomas,2,6:47,POR,sub,,,,LaMarcus Aldridge,,Steve Blake,,,,,,,,,,,,
Andre Miller,Anthony Tolliver,Brandon Roy,Juwan Howard,LaMarcus Aldridge,Drew Gooden,Jason Terry,Jose Juan Barea,Josh Howard,Tim Thomas,2,6:47,POR,sub,,,,Andre Miller,,Jerryd Bayless,,,,,,,,,,,,
Andre Miller,Brandon Roy,Juwan Howard,LaMarcus Aldridge,Martell Webster,Drew Gooden,Jason Terry,Jose Juan Barea,Josh Howard,Tim Thomas,2,6:47,POR,sub,,,,Martell Webster,,Anthony Tolliver,,,,,,,,,,,,
Andre Miller,Brandon Roy,Juwan Howard,LaMarcus Aldridge,Martell Webster,Drew Gooden,Jason Terry,Jose Juan Barea,Josh Howard,Tim Thomas,2,6:39,POR,shot,,,Drew Gooden,,,,,,,Juwan Howard,,,,missed,,driving layup,25,6
Andre Miller,Brandon Roy,Juwan Howard,LaMarcus Aldridge,Martell Webster,Drew Gooden,Jason Terry,Jose Juan Barea,Josh Howard,Tim Thomas,2,6:37,DAL,rebound,,,,,,,,,,Josh Howard,,,,,,def,,
Andre Miller,Brandon Roy,Juwan Howard,LaMarcus Aldridge,Martell Webster,Drew Gooden,Jason Terry,Jose Juan Barea,Josh Howard,Tim Thomas,2,6:33,POR,violation,,,,,,,,,,Juwan Howard,,,,,,defensive goaltending,,
Andre Miller,Brandon Roy,Juwan Howard,LaMarcus Aldridge,Martell Webster,Drew Gooden,Jason Terry,Jose Juan Barea,Josh Howard,Tim Thomas,2,6:33,DAL,shot,Josh Howard,,,,,,,,,Drew Gooden,2,,,made,,driving layup,25,6
Andre Miller,Brandon Roy,Juwan Howard,LaMarcus Aldridge,Martell Webster,Drew Gooden,Jason Terry,Jose Juan Barea,Josh Howard,Tim Thomas,2,6:17,POR,shot,Brandon Roy,,,,,,,,,LaMarcus Aldridge,2,,,made,,jump,13,23
Andre Miller,Brandon Roy,LaMarcus Aldridge,Martell Webster,Steve Blake,Drew Gooden,Jason Terry,Jose Juan Barea,Josh Howard,Tim Thomas,2,6:02,POR,sub,,,,Steve Blake,,Juwan Howard,,,,,,,,,,,,
Andre Miller,Brandon Roy,LaMarcus Aldridge,Martell Webster,Steve Blake,Dirk Nowitzki,Drew Gooden,Jason Terry,Jose Juan Barea,Josh Howard,2,6:02,DAL,sub,,,,Dirk Nowitzki,,Tim Thomas,,,,,,,,,,,,
Andre Miller,Brandon Roy,LaMarcus Aldridge,Martell Webster,Steve Blake,Dirk Nowitzki,Drew Gooden,Jason Terry,Jose Juan Barea,Josh Howard,2,6:00,DAL,turnover,,,,,,,,,,Josh Howard,,,bad pass,,Brandon Roy,,,
Andre Miller,Brandon Roy,LaMarcus Aldridge,Martell Webster,Steve Blake,Dirk Nowitzki,Drew Gooden,Jason Terry,Jose Juan Barea,Josh Howard,2,5:51,POR,shot,,,Dirk Nowitzki,,,,,,,Andre Miller,,,,missed,,driving layup,25,6
Andre Miller,Brandon Roy,LaMarcus Aldridge,Martell Webster,Steve Blake,Dirk Nowitzki,Drew Gooden,Jason Terry,Jose Juan Barea,Josh Howard,2,5:48,POR,rebound,,,,,,,,,,LaMarcus Aldridge,,,,,,off,,
Andre Miller,Brandon Roy,LaMarcus Aldridge,Martell Webster,Steve Blake,Dirk Nowitzki,Drew Gooden,Jason Terry,Jose Juan Barea,Josh Howard,2,5:46,POR,shot,Andre Miller,,,,,,,,,LaMarcus Aldridge,2,,,made,,layup,25,6
Andre Miller,Brandon Roy,LaMarcus Aldridge,Martell Webster,Steve Blake,Dirk Nowitzki,Drew Gooden,Jason Terry,Jose Juan Barea,Josh Howard,2,5:38,DAL,timeout,,,,,,,,,,,,,,,,regular,,
Andre Miller,Brandon Roy,LaMarcus Aldridge,Martell Webster,Steve Blake,Dirk Nowitzki,Drew Gooden,Jason Terry,Josh Howard,Shawn Marion,2,5:38,DAL,sub,,,,Shawn Marion,,Jose Juan Barea,,,,,,,,,,,,
Andre Miller,Brandon Roy,LaMarcus Aldridge,Martell Webster,Steve Blake,Dirk Nowitzki,Drew Gooden,Jason Kidd,Jason Terry,Shawn Marion,2,5:38,DAL,sub,,,,Jason Kidd,,Josh Howard,,,,,,,,,,,,
Andre Miller,Brandon Roy,LaMarcus Aldridge,Martell Webster,Steve Blake,Dirk Nowitzki,Drew Gooden,Jason Kidd,Jason Terry,Shawn Marion,2,5:31,DAL,shot,,,LaMarcus Aldridge,,,,,,,Drew Gooden,,,,missed,,jump hook,17,7
Andre Miller,Brandon Roy,LaMarcus Aldridge,Martell Webster,Steve Blake,Dirk Nowitzki,Drew Gooden,Jason Kidd,Jason Terry,Shawn Marion,2,5:28,POR,rebound,,,,,,,,,,Steve Blake,,,,,,def,,
Andre Miller,Brandon Roy,LaMarcus Aldridge,Martell Webster,Steve Blake,Dirk Nowitzki,Drew Gooden,Jason Kidd,Jason Terry,Shawn Marion,2,5:13,POR,shot,,,,,,,,,,LaMarcus Aldridge,2,,,made,,turnaround jump,35,8
Andre Miller,Brandon Roy,LaMarcus Aldridge,Martell Webster,Steve Blake,Dirk Nowitzki,Drew Gooden,Jason Kidd,Jason Terry,Shawn Marion,2,5:13,DAL,foul,,,,,,,,LaMarcus Aldridge,,Drew Gooden,,,,,,shooting,,
Andre Miller,Brandon Roy,LaMarcus Aldridge,Martell Webster,Steve Blake,Dirk Nowitzki,Erick Dampier,Jason Kidd,Jason Terry,Shawn Marion,2,5:13,DAL,sub,,,,Erick Dampier,,Drew Gooden,,,,,,,,,,,,
Andre Miller,Brandon Roy,Juwan Howard,LaMarcus Aldridge,Martell Webster,Dirk Nowitzki,Erick Dampier,Jason Kidd,Jason Terry,Shawn Marion,2,5:13,POR,sub,,,,Juwan Howard,,Steve Blake,,,,,,,,,,,,
Andre Miller,Brandon Roy,Juwan Howard,LaMarcus Aldridge,Martell Webster,Dirk Nowitzki,Erick Dampier,Jason Kidd,Jason Terry,Shawn Marion,2,5:13,POR,free throw,,,,,,,1,,1,LaMarcus Aldridge,,,foul,missed,,,,
Andre Miller,Brandon Roy,Juwan Howard,LaMarcus Aldridge,Martell Webster,Dirk Nowitzki,Erick Dampier,Jason Kidd,Jason Terry,Shawn Marion,2,5:12,DAL,rebound,,,,,,,,,,Erick Dampier,,,,,,def,,
Andre Miller,Brandon Roy,Juwan Howard,LaMarcus Aldridge,Martell Webster,Dirk Nowitzki,Erick Dampier,Jason Kidd,Jason Terry,Shawn Marion,2,4:58,POR,foul,,,,,,,,Jason Terry,,Martell Webster,,,,,,shooting,,
Andre Miller,Brandon Roy,Juwan Howard,LaMarcus Aldridge,Martell Webster,Dirk Nowitzki,Erick Dampier,Jason Kidd,Jason Terry,Shawn Marion,2,4:58,DAL,free throw,,,,,,,1,,2,Jason Terry,,,foul,missed,,,,
Andre Miller,Brandon Roy,Juwan Howard,LaMarcus Aldridge,Martell Webster,Dirk Nowitzki,Erick Dampier,Jason Kidd,Jason Terry,Shawn Marion,2,4:58,DAL,rebound,,,,,,,,,,,,,,,,,,
Andre Miller,Brandon Roy,Juwan Howard,LaMarcus Aldridge,Martell Webster,Dirk Nowitzki,Erick Dampier,Jason Kidd,Jason Terry,Shawn Marion,2,4:58,DAL,free throw,,,,,,,2,,2,Jason Terry,,,foul,made,,,,
Andre Miller,Brandon Roy,Juwan Howard,LaMarcus Aldridge,Martell Webster,Dirk Nowitzki,Erick Dampier,Jason Kidd,Jason Terry,Shawn Marion,2,4:39,POR,shot,,,,,,,,,,Martell Webster,,,,missed,,3pt,4,18
Andre Miller,Brandon Roy,Juwan Howard,LaMarcus Aldridge,Martell Webster,Dirk Nowitzki,Erick Dampier,Jason Kidd,Jason Terry,Shawn Marion,2,4:37,POR,rebound,,,,,,,,,,Juwan Howard,,,,,,off,,
Andre Miller,Brandon Roy,Juwan Howard,LaMarcus Aldridge,Martell Webster,Dirk Nowitzki,Erick Dampier,Jason Kidd,Jason Terry,Shawn Marion,2,4:20,POR,shot,,,,,,,,,,Juwan Howard,,,,missed,,jump,18,20
Andre Miller,Brandon Roy,Juwan Howard,LaMarcus Aldridge,Martell Webster,Dirk Nowitzki,Erick Dampier,Jason Kidd,Jason Terry,Shawn Marion,2,4:19,POR,rebound,,,,,,,,,,LaMarcus Aldridge,,,,,,off,,
Andre Miller,Brandon Roy,Juwan Howard,LaMarcus Aldridge,Martell Webster,Dirk Nowitzki,Erick Dampier,Jason Kidd,Jason Terry,Shawn Marion,2,4:01,POR,shot,LaMarcus Aldridge,,,,,,,,,Juwan Howard,2,,,made,,jump,29,19
Andre Miller,Brandon Roy,Juwan Howard,LaMarcus Aldridge,Martell Webster,Dirk Nowitzki,Erick Dampier,Jason Kidd,Jason Terry,Shawn Marion,2,3:37,DAL,turnover,,,,,,,,,,Shawn Marion,,,bad pass,,Brandon Roy,,,
Andre Miller,Brandon Roy,Juwan Howard,LaMarcus Aldridge,Martell Webster,Dirk Nowitzki,Erick Dampier,Jason Kidd,Jason Terry,Shawn Marion,2,3:32,POR,shot,Brandon Roy,,,,,,,,,LaMarcus Aldridge,2,,,made,,slam dunk,25,6
Andre Miller,Brandon Roy,Juwan Howard,LaMarcus Aldridge,Martell Webster,Dirk Nowitzki,Erick Dampier,Jason Kidd,Jason Terry,Shawn Marion,2,3:09,DAL,shot,,,,,,,,,,Jason Terry,2,,,made,,driving layup,25,6
Andre Miller,Brandon Roy,Juwan Howard,LaMarcus Aldridge,Martell Webster,Dirk Nowitzki,Erick Dampier,Jason Kidd,Jason Terry,Shawn Marion,2,2:50,POR,shot,,,,,,,,,,LaMarcus Aldridge,2,,,made,,hook,21,13
Andre Miller,Brandon Roy,Juwan Howard,LaMarcus Aldridge,Martell Webster,Dirk Nowitzki,Erick Dampier,Jason Kidd,Jason Terry,Shawn Marion,2,2:37,POR,foul,,,,,,,,Erick Dampier,,Juwan Howard,,,,,,personal,,
Andre Miller,Brandon Roy,Juwan Howard,LaMarcus Aldridge,Martell Webster,Dirk Nowitzki,Erick Dampier,Jason Kidd,Jason Terry,Shawn Marion,2,2:37,DAL,free throw,,,,,,,1,,2,Erick Dampier,,,foul,made,,,,
Andre Miller,Brandon Roy,Juwan Howard,LaMarcus Aldridge,Martell Webster,Dirk Nowitzki,Erick Dampier,Jason Kidd,Jason Terry,Shawn Marion,2,2:37,DAL,free throw,,,,,,,2,,2,Erick Dampier,,,foul,missed,,,,
Andre Miller,Brandon Roy,Juwan Howard,LaMarcus Aldridge,Martell Webster,Dirk Nowitzki,Erick Dampier,Jason Kidd,Jason Terry,Shawn Marion,2,2:36,POR,rebound,,,,,,,,,,Juwan Howard,,,,,,def,,
Andre Miller,Brandon Roy,Juwan Howard,LaMarcus Aldridge,Martell Webster,Dirk Nowitzki,Erick Dampier,Jason Kidd,Jason Terry,Shawn Marion,2,2:17,POR,shot,,,,,,,,,,Andre Miller,,,,missed,,jump,4,9
Andre Miller,Brandon Roy,Juwan Howard,LaMarcus Aldridge,Martell Webster,Dirk Nowitzki,Erick Dampier,Jason Kidd,Jason Terry,Shawn Marion,2,2:15,DAL,rebound,,,,,,,,,,Shawn Marion,,,,,,def,,
Andre Miller,Brandon Roy,Juwan Howard,LaMarcus Aldridge,Martell Webster,Dirk Nowitzki,Erick Dampier,Jason Kidd,Jason Terry,Shawn Marion,2,2:11,DAL,shot,,,,,,,,,,Jason Terry,,,,missed,,jump,8,9
Andre Miller,Brandon Roy,Juwan Howard,LaMarcus Aldridge,Martell Webster,Dirk Nowitzki,Erick Dampier,Jason Kidd,Jason Terry,Shawn Marion,2,2:08,POR,rebound,,,,,,,,,,LaMarcus Aldridge,,,,,,def,,
Andre Miller,Brandon Roy,Juwan Howard,LaMarcus Aldridge,Martell Webster,Dirk Nowitzki,Erick Dampier,Jason Kidd,Jason Terry,Shawn Marion,2,1:51,POR,shot,,,,,,,,,,Andre Miller,,,,missed,,jump bank,14,12
Andre Miller,Brandon Roy,Juwan Howard,LaMarcus Aldridge,Martell Webster,Dirk Nowitzki,Erick Dampier,Jason Kidd,Jason Terry,Shawn Marion,2,1:48,POR,rebound,,,,,,,,,,LaMarcus Aldridge,,,,,,off,,
Andre Miller,Brandon Roy,Juwan Howard,LaMarcus Aldridge,Martell Webster,Dirk Nowitzki,Erick Dampier,Jason Kidd,Jason Terry,Shawn Marion,2,1:43,POR,shot,Andre Miller,,,,,,,,,Martell Webster,3,,,made,,3pt,32,30
Andre Miller,Brandon Roy,Juwan Howard,LaMarcus Aldridge,Martell Webster,Dirk Nowitzki,Erick Dampier,Jason Kidd,Jason Terry,Shawn Marion,2,1:32,POR,foul,,,,,,,,,,Andre Miller,,,,,,defense 3 second,,
Andre Miller,Brandon Roy,Juwan Howard,LaMarcus Aldridge,Martell Webster,Dirk Nowitzki,Erick Dampier,Jason Kidd,Jason Terry,Shawn Marion,2,1:32,DAL,free throw,,,,,,,1,,1,Dirk Nowitzki,,,technical,missed,,,,
Andre Miller,Brandon Roy,Juwan Howard,LaMarcus Aldridge,Martell Webster,Dirk Nowitzki,Erick Dampier,Jason Kidd,Jason Terry,Shawn Marion,2,1:32,DAL,rebound,,,,,,,,,,,,,,,,,,
Andre Miller,Brandon Roy,Juwan Howard,LaMarcus Aldridge,Martell Webster,Dirk Nowitzki,Erick Dampier,Jason Kidd,Jason Terry,Shawn Marion,2,1:23,DAL,shot,,,,,,,,,,Jason Terry,,,,missed,,3pt,47,16
Andre Miller,Brandon Roy,Juwan Howard,LaMarcus Aldridge,Martell Webster,Dirk Nowitzki,Erick Dampier,Jason Kidd,Jason Terry,Shawn Marion,2,1:21,POR,rebound,,,,,,,,,,LaMarcus Aldridge,,,,,,def,,
Andre Miller,Brandon Roy,Juwan Howard,LaMarcus Aldridge,Martell Webster,Dirk Nowitzki,Erick Dampier,Jason Kidd,Jason Terry,Shawn Marion,2,1:06,POR,shot,,,,,,,,,,Juwan Howard,,,,missed,,dunk,25,6
Andre Miller,Brandon Roy,Juwan Howard,LaMarcus Aldridge,Martell Webster,Dirk Nowitzki,Erick Dampier,Jason Kidd,Jason Terry,Shawn Marion,2,1:05,POR,rebound,,,,,,,,,,Andre Miller,,,,,,off,,
Andre Miller,Brandon Roy,Juwan Howard,LaMarcus Aldridge,Martell Webster,Dirk Nowitzki,Erick Dampier,Jason Kidd,Jason Terry,Shawn Marion,2,1:05,DAL,foul,,,,,,,,Andre Miller,,Dirk Nowitzki,,,,,,shooting,,
Andre Miller,Brandon Roy,Juwan Howard,LaMarcus Aldridge,Martell Webster,Dirk Nowitzki,Erick Dampier,Jason Kidd,Jason Terry,Shawn Marion,2,1:05,POR,free throw,,,,,,,1,,2,Andre Miller,,,foul,made,,,,
Andre Miller,Brandon Roy,Juwan Howard,LaMarcus Aldridge,Martell Webster,Dirk Nowitzki,Erick Dampier,Jason Kidd,Jason Terry,Shawn Marion,2,1:05,POR,free throw,,,,,,,2,,2,Andre Miller,,,foul,made,,,,
Andre Miller,Brandon Roy,Juwan Howard,LaMarcus Aldridge,Martell Webster,Dirk Nowitzki,Erick Dampier,Jason Kidd,Jason Terry,Shawn Marion,2,1:05,DAL,timeout,,,,,,,,,,,,,,,,short,,
Andre Miller,Brandon Roy,Juwan Howard,LaMarcus Aldridge,Martell Webster,Dirk Nowitzki,Erick Dampier,Jason Kidd,Jason Terry,Shawn Marion,2,0:46,DAL,turnover,,,,,,,,,,Jason Terry,,,bad pass,,Brandon Roy,,,
Andre Miller,Brandon Roy,Juwan Howard,LaMarcus Aldridge,Martell Webster,Dirk Nowitzki,Erick Dampier,Jason Kidd,Jason Terry,Shawn Marion,2,0:41,POR,shot,Andre Miller,,,,,,,,,Juwan Howard,2,,,made,,driving layup,25,6
Andre Miller,Brandon Roy,Juwan Howard,LaMarcus Aldridge,Martell Webster,Dirk Nowitzki,Erick Dampier,Jason Kidd,Jason Terry,Shawn Marion,2,0:31,DAL,shot,,,,,,,,,,Jason Terry,,,,missed,,3pt,16,28
Andre Miller,Brandon Roy,Juwan Howard,LaMarcus Aldridge,Martell Webster,Dirk Nowitzki,Erick Dampier,Jason Kidd,Jason Terry,Shawn Marion,2,0:28,POR,rebound,,,,,,,,,,Juwan Howard,,,,,,def,,
Andre Miller,Brandon Roy,Juwan Howard,LaMarcus Aldridge,Martell Webster,Dirk Nowitzki,Erick Dampier,Jason Kidd,Jason Terry,Shawn Marion,2,0:10,POR,shot,,,,,,,,,,Martell Webster,,,,missed,,3pt,48,6
Andre Miller,Brandon Roy,Juwan Howard,LaMarcus Aldridge,Martell Webster,Dirk Nowitzki,Erick Dampier,Jason Kidd,Jason Terry,Shawn Marion,2,0:07,DAL,rebound,,,,,,,,,,Erick Dampier,,,,,,def,,
Andre Miller,Brandon Roy,Juwan Howard,LaMarcus Aldridge,Martell Webster,Dirk Nowitzki,Erick Dampier,Jason Kidd,Jason Terry,Shawn Marion,2,0:00,DAL,shot,,,,,,,,,,Erick Dampier,,,,missed,,3pt,30,34
Andre Miller,Brandon Roy,Juwan Howard,LaMarcus Aldridge,Martell Webster,Dirk Nowitzki,Erick Dampier,Jason Kidd,Jason Terry,Shawn Marion,2,0:00,POR,rebound,,,,,,,,,,,,,,,,,,
Andre Miller,Brandon Roy,Juwan Howard,LaMarcus Aldridge,Martell Webster,Dirk Nowitzki,Erick Dampier,Jason Kidd,Jose Juan Barea,Shawn Marion,3,11:43,DAL,shot,Jose Juan Barea,,,,,,,,,Dirk Nowitzki,2,,,made,,jump,32,21
Andre Miller,Brandon Roy,Juwan Howard,LaMarcus Aldridge,Martell Webster,Dirk Nowitzki,Erick Dampier,Jason Kidd,Jose Juan Barea,Shawn Marion,3,11:29,POR,turnover,,,,,,,,,,Brandon Roy,,,backcourt turnover,,,,,
Andre Miller,Brandon Roy,Juwan Howard,LaMarcus Aldridge,Martell Webster,Dirk Nowitzki,Erick Dampier,Jason Kidd,Jose Juan Barea,Shawn Marion,3,11:19,DAL,turnover,,,,,,,,,,Dirk Nowitzki,,,bad pass,,Andre Miller,,,
Andre Miller,Brandon Roy,Juwan Howard,LaMarcus Aldridge,Martell Webster,Dirk Nowitzki,Erick Dampier,Jason Kidd,Jose Juan Barea,Shawn Marion,3,11:12,POR,shot,,,,,,,,,,Andre Miller,2,,,made,,jump,33,22
Andre Miller,Brandon Roy,Juwan Howard,LaMarcus Aldridge,Martell Webster,Dirk Nowitzki,Erick Dampier,Jason Kidd,Jose Juan Barea,Shawn Marion,3,10:53,DAL,shot,,,,,,,,,,Jose Juan Barea,2,,,made,,running jump,25,13
Andre Miller,Brandon Roy,Juwan Howard,LaMarcus Aldridge,Martell Webster,Dirk Nowitzki,Erick Dampier,Jason Kidd,Jose Juan Barea,Shawn Marion,3,10:29,POR,shot,,,,,,,,,,LaMarcus Aldridge,,,,missed,,jump,28,26
Andre Miller,Brandon Roy,Juwan Howard,LaMarcus Aldridge,Martell Webster,Dirk Nowitzki,Erick Dampier,Jason Kidd,Jose Juan Barea,Shawn Marion,3,10:26,DAL,rebound,,,,,,,,,,Jason Kidd,,,,,,def,,
Andre Miller,Brandon Roy,Juwan Howard,LaMarcus Aldridge,Martell Webster,Dirk Nowitzki,Erick Dampier,Jason Kidd,Jose Juan Barea,Shawn Marion,3,10:11,DAL,shot,,,,,,,,,,Shawn Marion,,,,missed,,driving layup,25,6
Andre Miller,Brandon Roy,Juwan Howard,LaMarcus Aldridge,Martell Webster,Dirk Nowitzki,Erick Dampier,Jason Kidd,Jose Juan Barea,Shawn Marion,3,10:09,DAL,rebound,,,,,,,,,,Erick Dampier,,,,,,off,,
Andre Miller,Brandon Roy,Juwan Howard,LaMarcus Aldridge,Martell Webster,Dirk Nowitzki,Erick Dampier,Jason Kidd,Jose Juan Barea,Shawn Marion,3,10:09,DAL,shot,,,,,,,,,,Erick Dampier,2,,,made,,putback dunk,25,6
Andre Miller,Brandon Roy,Juwan Howard,LaMarcus Aldridge,Martell Webster,Dirk Nowitzki,Erick Dampier,Jason Kidd,Jose Juan Barea,Shawn Marion,3,9:59,DAL,foul,,,,,,,,Brandon Roy,,Shawn Marion,,,,,,shooting,,
Andre Miller,Brandon Roy,Juwan Howard,LaMarcus Aldridge,Martell Webster,Dirk Nowitzki,Erick Dampier,Jason Kidd,Jose Juan Barea,Shawn Marion,3,9:59,POR,free throw,,,,,,,1,,2,Brandon Roy,,,foul,made,,,,
Andre Miller,Brandon Roy,Juwan Howard,LaMarcus Aldridge,Martell Webster,Dirk Nowitzki,Erick Dampier,Jason Kidd,Jose Juan Barea,Shawn Marion,3,9:59,POR,free throw,,,,,,,2,,2,Brandon Roy,,,foul,made,,,,
Andre Miller,Brandon Roy,Juwan Howard,LaMarcus Aldridge,Martell Webster,Dirk Nowitzki,Erick Dampier,Jason Kidd,Jose Juan Barea,Shawn Marion,3,9:36,DAL,shot,,,,,,,,,,Jason Kidd,,,,missed,,3pt,16,29
Andre Miller,Brandon Roy,Juwan Howard,LaMarcus Aldridge,Martell Webster,Dirk Nowitzki,Erick Dampier,Jason Kidd,Jose Juan Barea,Shawn Marion,3,9:35,DAL,rebound,,,,,,,,,,Erick Dampier,,,,,,off,,
Andre Miller,Brandon Roy,Juwan Howard,LaMarcus Aldridge,Martell Webster,Dirk Nowitzki,Erick Dampier,Jason Kidd,Jose Juan Barea,Shawn Marion,3,9:35,POR,foul,,,,,,,,Erick Dampier,,Juwan Howard,,,,,,shooting,,
Andre Miller,Brandon Roy,Juwan Howard,LaMarcus Aldridge,Martell Webster,Dirk Nowitzki,Erick Dampier,Jason Kidd,Jose Juan Barea,Shawn Marion,3,9:35,DAL,free throw,,,,,,,1,,2,Erick Dampier,,,foul,made,,,,
Andre Miller,Brandon Roy,Juwan Howard,LaMarcus Aldridge,Martell Webster,Dirk Nowitzki,Erick Dampier,Jason Kidd,Jose Juan Barea,Shawn Marion,3,9:35,DAL,free throw,,,,,,,2,,2,Erick Dampier,,,foul,missed,,,,
Andre Miller,Brandon Roy,Juwan Howard,LaMarcus Aldridge,Martell Webster,Dirk Nowitzki,Erick Dampier,Jason Kidd,Jose Juan Barea,Shawn Marion,3,9:34,POR,rebound,,,,,,,,,,LaMarcus Aldridge,,,,,,def,,
Andre Miller,Brandon Roy,Juwan Howard,LaMarcus Aldridge,Martell Webster,Dirk Nowitzki,Erick Dampier,Jason Kidd,Jose Juan Barea,Shawn Marion,3,9:17,POR,shot,Brandon Roy,,,,,,,,,Juwan Howard,2,,,made,,jump,27,21
Andre Miller,Brandon Roy,Juwan Howard,LaMarcus Aldridge,Martell Webster,Dirk Nowitzki,Erick Dampier,Jason Kidd,Jose Juan Barea,Shawn Marion,3,9:01,DAL,shot,Jose Juan Barea,,,,,,,,,Erick Dampier,2,,,made,,layup,25,6
Andre Miller,Brandon Roy,Juwan Howard,LaMarcus Aldridge,Martell Webster,Dirk Nowitzki,Erick Dampier,Jason Kidd,Jose Juan Barea,Shawn Marion,3,8:47,POR,shot,,,,,,,,,,Brandon Roy,,,,missed,,floating jump,22,17
Andre Miller,Brandon Roy,Juwan Howard,LaMarcus Aldridge,Martell Webster,Dirk Nowitzki,Erick Dampier,Jason Kidd,Jose Juan Barea,Shawn Marion,3,8:45,DAL,rebound,,,,,,,,,,Shawn Marion,,,,,,def,,
Andre Miller,Brandon Roy,Juwan Howard,LaMarcus Aldridge,Martell Webster,Dirk Nowitzki,Erick Dampier,Jason Kidd,Jose Juan Barea,Shawn Marion,3,8:29,DAL,turnover,,,,,,,,,,Dirk Nowitzki,,,lost ball,,LaMarcus Aldridge,,,
Andre Miller,Brandon Roy,Juwan Howard,LaMarcus Aldridge,Martell Webster,Dirk Nowitzki,Erick Dampier,Jason Kidd,Jose Juan Barea,Shawn Marion,3,8:25,POR,foul,,,,,,,,Shawn Marion,,LaMarcus Aldridge,,,,,,offensive,,
Andre Miller,Brandon Roy,Juwan Howard,LaMarcus Aldridge,Martell Webster,Dirk Nowitzki,Erick Dampier,Jason Kidd,Jose Juan Barea,Shawn Marion,3,8:25,POR,turnover,,,,,,,,,,LaMarcus Aldridge,,,foul,,,,,
Andre Miller,Brandon Roy,Juwan Howard,LaMarcus Aldridge,Martell Webster,Dirk Nowitzki,Erick Dampier,Jason Kidd,Jose Juan Barea,Shawn Marion,3,8:04,DAL,shot,Jose Juan Barea,,,,,,,,,Jason Kidd,3,,,made,,3pt,16,29
Andre Miller,Brandon Roy,Juwan Howard,LaMarcus Aldridge,Martell Webster,Dirk Nowitzki,Erick Dampier,Jason Kidd,Jose Juan Barea,Shawn Marion,3,7:39,POR,shot,,,,,,,,,,LaMarcus Aldridge,,,,missed,,jump,8,9
Andre Miller,Brandon Roy,Juwan Howard,LaMarcus Aldridge,Martell Webster,Dirk Nowitzki,Erick Dampier,Jason Kidd,Jose Juan Barea,Shawn Marion,3,7:37,DAL,rebound,,,,,,,,,,Shawn Marion,,,,,,def,,
Andre Miller,Brandon Roy,Juwan Howard,LaMarcus Aldridge,Martell Webster,Dirk Nowitzki,Erick Dampier,Jason Kidd,Jose Juan Barea,Shawn Marion,3,7:31,DAL,shot,Jason Kidd,,,,,,,,,Erick Dampier,2,,,made,,driving layup,25,6
Andre Miller,Brandon Roy,Juwan Howard,LaMarcus Aldridge,Martell Webster,Dirk Nowitzki,Erick Dampier,Jason Kidd,Jose Juan Barea,Shawn Marion,3,7:30,POR,timeout,,,,,,,,,,,,,,,,regular,,
Andre Miller,Brandon Roy,Juwan Howard,LaMarcus Aldridge,Martell Webster,Dirk Nowitzki,Erick Dampier,Jason Kidd,Jose Juan Barea,Shawn Marion,3,7:11,POR,foul,,,,,,,,Jose Juan Barea,,Martell Webster,,,,,,offensive,,
Andre Miller,Brandon Roy,Juwan Howard,LaMarcus Aldridge,Martell Webster,Dirk Nowitzki,Erick Dampier,Jason Kidd,Jose Juan Barea,Shawn Marion,3,7:11,POR,turnover,,,,,,,,,,Martell Webster,,,foul,,,,,
Andre Miller,Brandon Roy,Juwan Howard,LaMarcus Aldridge,Martell Webster,Dirk Nowitzki,Erick Dampier,Jason Kidd,Jose Juan Barea,Shawn Marion,3,7:00,DAL,shot,,,,,,,,,,Jose Juan Barea,2,,,made,,driving reverse layup,25,6
Andre Miller,Brandon Roy,Juwan Howard,LaMarcus Aldridge,Martell Webster,Dirk Nowitzki,Erick Dampier,Jason Kidd,Jose Juan Barea,Shawn Marion,3,6:37,POR,shot,Juwan Howard,,,,,,,,,Andre Miller,2,,,made,,jump,12,18
Andre Miller,Brandon Roy,Juwan Howard,LaMarcus Aldridge,Martell Webster,Dirk Nowitzki,Erick Dampier,Jason Kidd,Jose Juan Barea,Shawn Marion,3,6:26,DAL,shot,,,,,,,,,,Erick Dampier,,,,missed,,jump bank,19,8
Andre Miller,Brandon Roy,Juwan Howard,LaMarcus Aldridge,Martell Webster,Dirk Nowitzki,Erick Dampier,Jason Kidd,Jose Juan Barea,Shawn Marion,3,6:24,POR,rebound,,,,,,,,,,Martell Webster,,,,,,def,,
Andre Miller,Brandon Roy,Juwan Howard,LaMarcus Aldridge,Martell Webster,Dirk Nowitzki,Erick Dampier,Jason Kidd,Jose Juan Barea,Shawn Marion,3,6:19,POR,shot,,,,,,,,,,Andre Miller,,,,missed,,jump,13,20
Andre Miller,Brandon Roy,Juwan Howard,LaMarcus Aldridge,Martell Webster,Dirk Nowitzki,Erick Dampier,Jason Kidd,Jose Juan Barea,Shawn Marion,3,6:17,DAL,rebound,,,,,,,,,,Dirk Nowitzki,,,,,,def,,
Andre Miller,Brandon Roy,Juwan Howard,LaMarcus Aldridge,Martell Webster,Dirk Nowitzki,Erick Dampier,Jason Kidd,Jose Juan Barea,Shawn Marion,3,6:06,DAL,shot,,,,,,,,,,Shawn Marion,,,,missed,,floating jump,24,15
Andre Miller,Brandon Roy,Juwan Howard,LaMarcus Aldridge,Martell Webster,Dirk Nowitzki,Erick Dampier,Jason Kidd,Jose Juan Barea,Shawn Marion,3,6:03,POR,rebound,,,,,,,,,,Juwan Howard,,,,,,def,,
Andre Miller,Brandon Roy,Juwan Howard,LaMarcus Aldridge,Martell Webster,Dirk Nowitzki,Erick Dampier,Jason Kidd,Jose Juan Barea,Shawn Marion,3,5:57,POR,shot,,,,,,,,,,Brandon Roy,,,,missed,,3pt,44,22
Andre Miller,Brandon Roy,Juwan Howard,LaMarcus Aldridge,Martell Webster,Dirk Nowitzki,Erick Dampier,Jason Kidd,Jose Juan Barea,Shawn Marion,3,5:55,DAL,rebound,,,,,,,,,,Erick Dampier,,,,,,def,,
Andre Miller,Brandon Roy,Juwan Howard,LaMarcus Aldridge,Martell Webster,Dirk Nowitzki,Erick Dampier,Jason Kidd,Jose Juan Barea,Shawn Marion,3,5:47,DAL,shot,Jose Juan Barea,,,,,,,,,Dirk Nowitzki,2,,,made,,jump,10,16
Andre Miller,Brandon Roy,Juwan Howard,LaMarcus Aldridge,Martell Webster,Dirk Nowitzki,Erick Dampier,Jason Kidd,Jose Juan Barea,Shawn Marion,3,5:21,POR,shot,,,,,,,,,,Andre Miller,2,,,made,,floating jump,8,9
Andre Miller,Brandon Roy,Juwan Howard,LaMarcus Aldridge,Martell Webster,Dirk Nowitzki,Erick Dampier,Jason Kidd,Jose Juan Barea,Shawn Marion,3,4:59,DAL,shot,Jose Juan Barea,,,,,,,,,Dirk Nowitzki,2,,,made,,jump,27,21
Andre Miller,Brandon Roy,Juwan Howard,LaMarcus Aldridge,Martell Webster,Dirk Nowitzki,Erick Dampier,Jason Kidd,Jose Juan Barea,Shawn Marion,3,4:40,POR,shot,,,,,,,,,,Martell Webster,,,,missed,,3pt,26,31
Andre Miller,Brandon Roy,Juwan Howard,LaMarcus Aldridge,Martell Webster,Dirk Nowitzki,Erick Dampier,Jason Kidd,Jose Juan Barea,Shawn Marion,3,4:39,DAL,rebound,,,,,,,,,,Erick Dampier,,,,,,def,,
Andre Miller,Brandon Roy,Juwan Howard,LaMarcus Aldridge,Martell Webster,Dirk Nowitzki,Erick Dampier,Jason Kidd,Jose Juan Barea,Shawn Marion,3,4:31,POR,violation,,,,,,,,,,Martell Webster,,,,,,defensive goaltending,,
Andre Miller,Brandon Roy,Juwan Howard,LaMarcus Aldridge,Martell Webster,Dirk Nowitzki,Erick Dampier,Jason Kidd,Jose Juan Barea,Shawn Marion,3,4:31,DAL,shot,,,,,,,,,,Jose Juan Barea,2,,,made,,driving layup,25,6
Andre Miller,Brandon Roy,Juwan Howard,LaMarcus Aldridge,Martell Webster,Dirk Nowitzki,Erick Dampier,Jason Kidd,Jose Juan Barea,Shawn Marion,3,4:16,DAL,foul,,,,,,,,Brandon Roy,,Jose Juan Barea,,,,,,shooting,,
Brandon Roy,Juwan Howard,LaMarcus Aldridge,Martell Webster,Steve Blake,Dirk Nowitzki,Erick Dampier,Jason Kidd,Jose Juan Barea,Shawn Marion,3,4:16,POR,sub,,,,Steve Blake,,Andre Miller,,,,,,,,,,,,
Brandon Roy,Jerryd Bayless,Juwan Howard,LaMarcus Aldridge,Steve Blake,Dirk Nowitzki,Erick Dampier,Jason Kidd,Jose Juan Barea,Shawn Marion,3,4:16,POR,sub,,,,Jerryd Bayless,,Martell Webster,,,,,,,,,,,,
Brandon Roy,Jerryd Bayless,Juwan Howard,LaMarcus Aldridge,Steve Blake,Dirk Nowitzki,Erick Dampier,Jason Kidd,Jose Juan Barea,Shawn Marion,3,4:16,POR,free throw,,,,,,,1,,2,Brandon Roy,,,foul,made,,,,
Brandon Roy,Jerryd Bayless,Juwan Howard,LaMarcus Aldridge,Steve Blake,Dirk Nowitzki,Erick Dampier,Jason Kidd,Jose Juan Barea,Shawn Marion,3,4:16,POR,free throw,,,,,,,2,,2,Brandon Roy,,,foul,made,,,,
Brandon Roy,Jerryd Bayless,Juwan Howard,LaMarcus Aldridge,Steve Blake,Dirk Nowitzki,Erick Dampier,Jason Kidd,Jose Juan Barea,Shawn Marion,3,4:01,DAL,shot,,,,,,,,,,Jose Juan Barea,2,,,made,,driving layup,25,6
Brandon Roy,Jerryd Bayless,Juwan Howard,LaMarcus Aldridge,Steve Blake,Dirk Nowitzki,Erick Dampier,Jason Kidd,Jose Juan Barea,Shawn Marion,3,4:01,POR,foul,,,,,,,,Jose Juan Barea,,Juwan Howard,,,,,,flagrant type 1,,
Brandon Roy,Jeff Pendergraph,Jerryd Bayless,LaMarcus Aldridge,Steve Blake,Dirk Nowitzki,Erick Dampier,Jason Kidd,Jose Juan Barea,Shawn Marion,3,4:01,POR,sub,,,,Jeff Pendergraph,,Juwan Howard,,,,,,,,,,,,
Brandon Roy,Jeff Pendergraph,Jerryd Bayless,LaMarcus Aldridge,Steve Blake,Dirk Nowitzki,Erick Dampier,Jason Kidd,Jose Juan Barea,Shawn Marion,3,3:55,POR,foul,,,,,,,,Erick Dampier,,Jeff Pendergraph,,,,,,shooting,,
Brandon Roy,Jeff Pendergraph,Jerryd Bayless,LaMarcus Aldridge,Steve Blake,Dirk Nowitzki,Erick Dampier,Jason Kidd,Jose Juan Barea,Shawn Marion,3,3:55,DAL,free throw,,,,,,,1,,2,Erick Dampier,,,foul,missed,,,,
Brandon Roy,Jeff Pendergraph,Jerryd Bayless,LaMarcus Aldridge,Steve Blake,Dirk Nowitzki,Erick Dampier,Jason Kidd,Jose Juan Barea,Shawn Marion,3,3:55,DAL,rebound,,,,,,,,,,,,,,,,,,
Brandon Roy,Jeff Pendergraph,Jerryd Bayless,LaMarcus Aldridge,Steve Blake,Dirk Nowitzki,Erick Dampier,Jason Kidd,Jose Juan Barea,Shawn Marion,3,3:55,DAL,free throw,,,,,,,2,,2,Erick Dampier,,,foul,missed,,,,
Brandon Roy,Jeff Pendergraph,Jerryd Bayless,LaMarcus Aldridge,Steve Blake,Dirk Nowitzki,Erick Dampier,Jason Kidd,Jose Juan Barea,Shawn Marion,3,3:52,POR,rebound,,,,,,,,,,Jeff Pendergraph,,,,,,def,,
Brandon Roy,Jeff Pendergraph,Jerryd Bayless,LaMarcus Aldridge,Steve Blake,Dirk Nowitzki,Erick Dampier,Jason Kidd,Jose Juan Barea,Shawn Marion,3,3:30,POR,shot,,,Shawn Marion,,,,,,,Brandon Roy,,,,missed,,floating jump,29,21
Brandon Roy,Jeff Pendergraph,Jerryd Bayless,LaMarcus Aldridge,Steve Blake,Dirk Nowitzki,Erick Dampier,Jason Kidd,Jose Juan Barea,Shawn Marion,3,3:30,POR,rebound,,,,,,,,,,,,,,,,,,
Brandon Roy,Jeff Pendergraph,Jerryd Bayless,LaMarcus Aldridge,Steve Blake,Dirk Nowitzki,Erick Dampier,Jason Kidd,Jose Juan Barea,Shawn Marion,3,3:30,POR,turnover,,,,,,,,,,,,,shot clock turnover,,,,,
Brandon Roy,Jeff Pendergraph,Jerryd Bayless,LaMarcus Aldridge,Steve Blake,Dirk Nowitzki,Erick Dampier,Jason Kidd,Jose Juan Barea,Shawn Marion,3,3:19,DAL,shot,,,,,,,,,,Jose Juan Barea,2,,,made,,driving layup,25,6
Brandon Roy,Jeff Pendergraph,Jerryd Bayless,LaMarcus Aldridge,Steve Blake,Dirk Nowitzki,Erick Dampier,Jason Kidd,Jose Juan Barea,Shawn Marion,3,3:11,POR,foul,,,,,,,,Dirk Nowitzki,,Jeff Pendergraph,,,,,,offensive,,
Brandon Roy,Jeff Pendergraph,Jerryd Bayless,LaMarcus Aldridge,Steve Blake,Dirk Nowitzki,Erick Dampier,Jason Kidd,Jose Juan Barea,Shawn Marion,3,3:11,POR,turnover,,,,,,,,,,Jeff Pendergraph,,,foul,,,,,
Brandon Roy,Jeff Pendergraph,Jerryd Bayless,LaMarcus Aldridge,Steve Blake,Dirk Nowitzki,Erick Dampier,Jason Kidd,Jose Juan Barea,Shawn Marion,3,2:51,POR,foul,,,,,,,,Dirk Nowitzki,,Jerryd Bayless,,,,,,personal,,
Brandon Roy,Jeff Pendergraph,Jerryd Bayless,LaMarcus Aldridge,Steve Blake,Dirk Nowitzki,Erick Dampier,Jason Kidd,Jose Juan Barea,Shawn Marion,3,2:51,DAL,timeout,,,,,,,,,,,,,,,,regular,,
Brandon Roy,Jeff Pendergraph,Jerryd Bayless,LaMarcus Aldridge,Steve Blake,Dirk Nowitzki,Erick Dampier,Jason Kidd,Jose Juan Barea,Shawn Marion,3,2:39,DAL,shot,,,,,,,,,,Jason Kidd,,,,missed,,3pt,30,30
Brandon Roy,Jeff Pendergraph,Jerryd Bayless,LaMarcus Aldridge,Steve Blake,Dirk Nowitzki,Erick Dampier,Jason Kidd,Jose Juan Barea,Shawn Marion,3,2:36,POR,rebound,,,,,,,,,,LaMarcus Aldridge,,,,,,def,,
Brandon Roy,Jeff Pendergraph,Jerryd Bayless,LaMarcus Aldridge,Steve Blake,Dirk Nowitzki,Erick Dampier,Jason Kidd,Jose Juan Barea,Shawn Marion,3,2:17,POR,shot,,,,,,,,,,Jerryd Bayless,,,,missed,,3pt,47,8
Brandon Roy,Jeff Pendergraph,Jerryd Bayless,LaMarcus Aldridge,Steve Blake,Dirk Nowitzki,Erick Dampier,Jason Kidd,Jose Juan Barea,Shawn Marion,3,2:16,DAL,rebound,,,,,,,,,,,,,,,,,,
Brandon Roy,Jeff Pendergraph,Jerryd Bayless,LaMarcus Aldridge,Steve Blake,Dirk Nowitzki,Erick Dampier,Jason Kidd,Jose Juan Barea,Shawn Marion,3,2:02,DAL,shot,,,,,,,,,,Dirk Nowitzki,,,,missed,,jump,27,25
Brandon Roy,Jeff Pendergraph,Jerryd Bayless,LaMarcus Aldridge,Steve Blake,Dirk Nowitzki,Erick Dampier,Jason Kidd,Jose Juan Barea,Shawn Marion,3,2:00,POR,rebound,,,,,,,,,,,,,,,,,,
Brandon Roy,Jeff Pendergraph,Jerryd Bayless,LaMarcus Aldridge,Steve Blake,Dirk Nowitzki,Erick Dampier,Jason Kidd,Jose Juan Barea,Shawn Marion,3,1:43,POR,shot,,,,,,,,,,Brandon Roy,,,,missed,,jump,7,10
Brandon Roy,Jeff Pendergraph,Jerryd Bayless,LaMarcus Aldridge,Steve Blake,Dirk Nowitzki,Erick Dampier,Jason Kidd,Jose Juan Barea,Shawn Marion,3,1:40,DAL,rebound,,,,,,,,,,Shawn Marion,,,,,,def,,
Brandon Roy,Jeff Pendergraph,Jerryd Bayless,LaMarcus Aldridge,Steve Blake,Dirk Nowitzki,Erick Dampier,Jason Kidd,Jose Juan Barea,Shawn Marion,3,1:33,POR,foul,,,,,,,,Dirk Nowitzki,,Steve Blake,,,,,,personal,,
Brandon Roy,Jeff Pendergraph,Jerryd Bayless,LaMarcus Aldridge,Steve Blake,Dirk Nowitzki,Erick Dampier,Jason Kidd,Jason Terry,Shawn Marion,3,1:33,DAL,sub,,,,Jason Terry,,Jose Juan Barea,,,,,,,,,,,,
Brandon Roy,Jeff Pendergraph,Jerryd Bayless,LaMarcus Aldridge,Steve Blake,Dirk Nowitzki,Erick Dampier,Jason Kidd,Jason Terry,Shawn Marion,3,1:33,DAL,free throw,,,,,,,1,,2,Dirk Nowitzki,,,foul,made,,,,
Jeff Pendergraph,Jerryd Bayless,LaMarcus Aldridge,Martell Webster,Steve Blake,Dirk Nowitzki,Erick Dampier,Jason Kidd,Jason Terry,Shawn Marion,3,1:33,POR,sub,,,,Martell Webster,,Brandon Roy,,,,,,,,,,,,
Jeff Pendergraph,Jerryd Bayless,LaMarcus Aldridge,Martell Webster,Steve Blake,Dirk Nowitzki,Erick Dampier,Jason Kidd,Jason Terry,Shawn Marion,3,1:33,POR,violation,,,,,,,,,,,,,,,,delay of game,,
Jeff Pendergraph,Jerryd Bayless,LaMarcus Aldridge,Martell Webster,Steve Blake,Dirk Nowitzki,Erick Dampier,Jason Kidd,Jason Terry,Shawn Marion,3,1:33,DAL,free throw,,,,,,,2,,2,Dirk Nowitzki,,,foul,made,,,,
Jeff Pendergraph,Jerryd Bayless,LaMarcus Aldridge,Martell Webster,Steve Blake,Dirk Nowitzki,Erick Dampier,Jason Kidd,Jason Terry,Shawn Marion,3,1:14,POR,shot,Steve Blake,,,,,,,,,Jeff Pendergraph,2,,,made,,dunk,25,6
Jeff Pendergraph,Jerryd Bayless,LaMarcus Aldridge,Martell Webster,Steve Blake,Dirk Nowitzki,Erick Dampier,Jason Kidd,Jason Terry,Shawn Marion,3,0:53,DAL,shot,,,,,,,,,,Shawn Marion,,,,missed,,driving layup,25,6
Jeff Pendergraph,Jerryd Bayless,LaMarcus Aldridge,Martell Webster,Steve Blake,Dirk Nowitzki,Erick Dampier,Jason Kidd,Jason Terry,Shawn Marion,3,0:51,DAL,rebound,,,,,,,,,,Erick Dampier,,,,,,off,,
Jeff Pendergraph,Jerryd Bayless,LaMarcus Aldridge,Martell Webster,Steve Blake,Dirk Nowitzki,Erick Dampier,Jason Kidd,Jason Terry,Shawn Marion,3,0:51,DAL,shot,,,,,,,,,,Erick Dampier,,,,missed,,tip,25,6
Jeff Pendergraph,Jerryd Bayless,LaMarcus Aldridge,Martell Webster,Steve Blake,Dirk Nowitzki,Erick Dampier,Jason Kidd,Jason Terry,Shawn Marion,3,0:50,DAL,rebound,,,,,,,,,,Erick Dampier,,,,,,off,,
Jeff Pendergraph,Jerryd Bayless,LaMarcus Aldridge,Martell Webster,Steve Blake,Dirk Nowitzki,Erick Dampier,Jason Kidd,Jason Terry,Shawn Marion,3,0:47,DAL,shot,Erick Dampier,,,,,,,,,Dirk Nowitzki,3,,,made,,3pt,24,31
Jeff Pendergraph,Jerryd Bayless,LaMarcus Aldridge,Martell Webster,Steve Blake,Dirk Nowitzki,Erick Dampier,Jason Kidd,Jason Terry,Shawn Marion,3,0:29,POR,shot,,,,,,,,,,Steve Blake,,,,missed,,jump,46,6
Jeff Pendergraph,Jerryd Bayless,LaMarcus Aldridge,Martell Webster,Steve Blake,Dirk Nowitzki,Erick Dampier,Jason Kidd,Jason Terry,Shawn Marion,3,0:26,DAL,rebound,,,,,,,,,,Shawn Marion,,,,,,def,,
Jeff Pendergraph,Jerryd Bayless,LaMarcus Aldridge,Martell Webster,Steve Blake,Dirk Nowitzki,Erick Dampier,Jason Kidd,Jason Terry,Shawn Marion,3,0:10,DAL,foul,,,,,,,,Jeff Pendergraph,,Shawn Marion,,,,,,offensive,,
Jeff Pendergraph,Jerryd Bayless,LaMarcus Aldridge,Martell Webster,Steve Blake,Dirk Nowitzki,Erick Dampier,Jason Kidd,Jason Terry,Shawn Marion,3,0:10,DAL,turnover,,,,,,,,,,Shawn Marion,,,foul,,,,,
Brandon Roy,Jerryd Bayless,LaMarcus Aldridge,Martell Webster,Steve Blake,Dirk Nowitzki,Erick Dampier,Jason Kidd,Jason Terry,Shawn Marion,3,0:10,POR,sub,,,,Brandon Roy,,Jeff Pendergraph,,,,,,,,,,,,
Brandon Roy,Jerryd Bayless,LaMarcus Aldridge,Martell Webster,Steve Blake,Dirk Nowitzki,Erick Dampier,Jason Kidd,Jason Terry,Josh Howard,3,0:10,DAL,sub,,,,Josh Howard,,Shawn Marion,,,,,,,,,,,,
Brandon Roy,Jerryd Bayless,LaMarcus Aldridge,Martell Webster,Steve Blake,Dirk Nowitzki,Erick Dampier,Jason Kidd,Jason Terry,Josh Howard,3,0:02,POR,shot,,,,,,,,,,Martell Webster,,,,missed,,jump,4,5
Brandon Roy,Jerryd Bayless,LaMarcus Aldridge,Martell Webster,Steve Blake,Dirk Nowitzki,Erick Dampier,Jason Kidd,Jason Terry,Josh Howard,3,0:00,DAL,rebound,,,,,,,,,,Erick Dampier,,,,,,def,,
Brandon Roy,Jerryd Bayless,LaMarcus Aldridge,Martell Webster,Steve Blake,Dirk Nowitzki,Erick Dampier,Jason Kidd,Jason Terry,Josh Howard,3,0:00,DAL,shot,,,,,,,,,,Jason Terry,,,,missed,,3pt,18,55
Brandon Roy,Jerryd Bayless,LaMarcus Aldridge,Martell Webster,Steve Blake,Dirk Nowitzki,Erick Dampier,Jason Kidd,Jason Terry,Josh Howard,3,0:00,DAL,rebound,,,,,,,,,,,,,,,,,,
Jerryd Bayless,Juwan Howard,LaMarcus Aldridge,Martell Webster,Steve Blake,Dirk Nowitzki,Drew Gooden,Jason Terry,Jose Juan Barea,Josh Howard,4,11:44,POR,shot,LaMarcus Aldridge,,,,,,,,,Juwan Howard,2,,,made,,jump,28,18
Jerryd Bayless,Juwan Howard,LaMarcus Aldridge,Martell Webster,Steve Blake,Dirk Nowitzki,Drew Gooden,Jason Terry,Jose Juan Barea,Josh Howard,4,11:26,DAL,turnover,,,,,,,,,,Dirk Nowitzki,,,bad pass,,Juwan Howard,,,
Jerryd Bayless,Juwan Howard,LaMarcus Aldridge,Martell Webster,Steve Blake,Dirk Nowitzki,Drew Gooden,Jason Terry,Jose Juan Barea,Josh Howard,4,11:12,POR,shot,,,,,,,,,,Steve Blake,,,,missed,,jump,18,28
Jerryd Bayless,Juwan Howard,LaMarcus Aldridge,Martell Webster,Steve Blake,Dirk Nowitzki,Drew Gooden,Jason Terry,Jose Juan Barea,Josh Howard,4,11:09,POR,rebound,,,,,,,,,,LaMarcus Aldridge,,,,,,off,,
Jerryd Bayless,Juwan Howard,LaMarcus Aldridge,Martell Webster,Steve Blake,Dirk Nowitzki,Drew Gooden,Jason Terry,Jose Juan Barea,Josh Howard,4,11:03,POR,shot,,,,,,,,,,Juwan Howard,,,,missed,,jump,37,8
Jerryd Bayless,Juwan Howard,LaMarcus Aldridge,Martell Webster,Steve Blake,Dirk Nowitzki,Drew Gooden,Jason Terry,Jose Juan Barea,Josh Howard,4,11:01,DAL,rebound,,,,,,,,,,Dirk Nowitzki,,,,,,def,,
Jerryd Bayless,Juwan Howard,LaMarcus Aldridge,Martell Webster,Steve Blake,Dirk Nowitzki,Drew Gooden,Jason Terry,Jose Juan Barea,Josh Howard,4,10:50,POR,foul,,,,,,,,Drew Gooden,,Juwan Howard,,,,,,shooting,,
Jerryd Bayless,Juwan Howard,LaMarcus Aldridge,Martell Webster,Steve Blake,Dirk Nowitzki,Drew Gooden,Jason Terry,Jose Juan Barea,Josh Howard,4,10:50,DAL,free throw,,,,,,,1,,2,Drew Gooden,,,foul,missed,,,,
Jerryd Bayless,Juwan Howard,LaMarcus Aldridge,Martell Webster,Steve Blake,Dirk Nowitzki,Drew Gooden,Jason Terry,Jose Juan Barea,Josh Howard,4,10:50,DAL,rebound,,,,,,,,,,,,,,,,,,
Brandon Roy,Jerryd Bayless,Juwan Howard,LaMarcus Aldridge,Steve Blake,Dirk Nowitzki,Drew Gooden,Jason Terry,Jose Juan Barea,Josh Howard,4,10:50,POR,sub,,,,Brandon Roy,,Martell Webster,,,,,,,,,,,,
Brandon Roy,Jerryd Bayless,Juwan Howard,LaMarcus Aldridge,Steve Blake,Dirk Nowitzki,Drew Gooden,Jason Terry,Jose Juan Barea,Josh Howard,4,10:50,DAL,free throw,,,,,,,2,,2,Drew Gooden,,,foul,made,,,,
Brandon Roy,Jerryd Bayless,Juwan Howard,LaMarcus Aldridge,Steve Blake,Dirk Nowitzki,Drew Gooden,Jason Terry,Jose Juan Barea,Josh Howard,4,10:37,POR,foul,,,,,,,,Jose Juan Barea,,Steve Blake,,,,,,offensive,,
Brandon Roy,Jerryd Bayless,Juwan Howard,LaMarcus Aldridge,Steve Blake,Dirk Nowitzki,Drew Gooden,Jason Terry,Jose Juan Barea,Josh Howard,4,10:37,POR,turnover,,,,,,,,,,Steve Blake,,,foul,,,,,
Brandon Roy,Jerryd Bayless,Juwan Howard,LaMarcus Aldridge,Steve Blake,Dirk Nowitzki,Drew Gooden,Jason Terry,Jose Juan Barea,Josh Howard,4,10:25,DAL,shot,,,,,,,,,,Josh Howard,,,,missed,,turnaround jump,31,8
Brandon Roy,Jerryd Bayless,Juwan Howard,LaMarcus Aldridge,Steve Blake,Dirk Nowitzki,Drew Gooden,Jason Terry,Jose Juan Barea,Josh Howard,4,10:22,POR,rebound,,,,,,,,,,LaMarcus Aldridge,,,,,,def,,
Brandon Roy,Jerryd Bayless,Juwan Howard,LaMarcus Aldridge,Steve Blake,Dirk Nowitzki,Drew Gooden,Jason Terry,Jose Juan Barea,Josh Howard,4,10:06,POR,shot,Juwan Howard,,,,,,,,,LaMarcus Aldridge,2,,,made,,turnaround jump,34,19
Brandon Roy,Jerryd Bayless,Juwan Howard,LaMarcus Aldridge,Steve Blake,Dirk Nowitzki,Drew Gooden,Jason Terry,Jose Juan Barea,Josh Howard,4,9:40,DAL,shot,,,,,,,,,,Jose Juan Barea,,,,missed,,jump,11,3
Brandon Roy,Jerryd Bayless,Juwan Howard,LaMarcus Aldridge,Steve Blake,Dirk Nowitzki,Drew Gooden,Jason Terry,Jose Juan Barea,Josh Howard,4,9:37,POR,rebound,,,,,,,,,,Jerryd Bayless,,,,,,def,,
Brandon Roy,Jerryd Bayless,Juwan Howard,LaMarcus Aldridge,Steve Blake,Dirk Nowitzki,Drew Gooden,Jason Terry,Jose Juan Barea,Josh Howard,4,9:32,POR,shot,,,,,,,,,,Brandon Roy,,,,missed,,3pt,47,7
Brandon Roy,Jerryd Bayless,Juwan Howard,LaMarcus Aldridge,Steve Blake,Dirk Nowitzki,Drew Gooden,Jason Terry,Jose Juan Barea,Josh Howard,4,9:29,DAL,rebound,,,,,,,,,,Josh Howard,,,,,,def,,
Brandon Roy,Jerryd Bayless,Juwan Howard,LaMarcus Aldridge,Steve Blake,Dirk Nowitzki,Drew Gooden,Jason Terry,Jose Juan Barea,Josh Howard,4,9:19,DAL,shot,Drew Gooden,,,,,,,,,Dirk Nowitzki,2,,,made,,layup,25,6
Brandon Roy,Jerryd Bayless,Juwan Howard,LaMarcus Aldridge,Steve Blake,Dirk Nowitzki,Drew Gooden,Jason Terry,Jose Juan Barea,Josh Howard,4,9:00,POR,shot,,,,,,,,,,Brandon Roy,2,,,made,,driving layup,25,6
Brandon Roy,Jerryd Bayless,Juwan Howard,LaMarcus Aldridge,Steve Blake,Dirk Nowitzki,Drew Gooden,Jason Terry,Jose Juan Barea,Josh Howard,4,8:36,POR,foul,,,,,,,,Dirk Nowitzki,,Jerryd Bayless,,,,,,shooting,,
Brandon Roy,Jerryd Bayless,Juwan Howard,LaMarcus Aldridge,Steve Blake,Dirk Nowitzki,Drew Gooden,Jason Terry,Jose Juan Barea,Josh Howard,4,8:36,DAL,timeout,,,,,,,,,,,,,,,,official,,
Brandon Roy,Jerryd Bayless,Juwan Howard,LaMarcus Aldridge,Steve Blake,Dirk Nowitzki,Drew Gooden,Jason Terry,Jose Juan Barea,Josh Howard,4,8:36,DAL,free throw,,,,,,,1,,2,Dirk Nowitzki,,,foul,made,,,,
Brandon Roy,Jerryd Bayless,Juwan Howard,LaMarcus Aldridge,Steve Blake,Dirk Nowitzki,Drew Gooden,Jason Terry,Jose Juan Barea,Josh Howard,4,8:36,DAL,free throw,,,,,,,2,,2,Dirk Nowitzki,,,foul,made,,,,
Brandon Roy,Jerryd Bayless,Juwan Howard,LaMarcus Aldridge,Steve Blake,Dirk Nowitzki,Drew Gooden,Jason Terry,Jose Juan Barea,Josh Howard,4,8:15,POR,shot,Brandon Roy,,,,,,,,,Steve Blake,3,,,made,,3pt,48,6
Brandon Roy,Jerryd Bayless,Juwan Howard,LaMarcus Aldridge,Steve Blake,Dirk Nowitzki,Drew Gooden,Jason Terry,Jose Juan Barea,Josh Howard,4,7:57,DAL,shot,,,,,,,,,,Jason Terry,,,,missed,,pullup jump,10,7
Brandon Roy,Jerryd Bayless,Juwan Howard,LaMarcus Aldridge,Steve Blake,Dirk Nowitzki,Drew Gooden,Jason Terry,Jose Juan Barea,Josh Howard,4,7:54,POR,rebound,,,,,,,,,,Juwan Howard,,,,,,def,,
Brandon Roy,Jerryd Bayless,Juwan Howard,LaMarcus Aldridge,Steve Blake,Dirk Nowitzki,Drew Gooden,Jason Terry,Jose Juan Barea,Josh Howard,4,7:38,POR,shot,,,,,,,,,,Brandon Roy,2,,,made,,jump,22,18
Brandon Roy,Jerryd Bayless,Juwan Howard,LaMarcus Aldridge,Steve Blake,Dirk Nowitzki,Drew Gooden,Jason Terry,Jose Juan Barea,Josh Howard,4,7:30,DAL,timeout,,,,,,,,,,,,,,,,regular,,
Brandon Roy,Jerryd Bayless,Juwan Howard,LaMarcus Aldridge,Steve Blake,Drew Gooden,Jason Terry,Jose Juan Barea,Josh Howard,Shawn Marion,4,7:30,DAL,sub,,,,Shawn Marion,,Dirk Nowitzki,,,,,,,,,,,,
Brandon Roy,Jerryd Bayless,Juwan Howard,LaMarcus Aldridge,Steve Blake,Drew Gooden,Jason Kidd,Jose Juan Barea,Josh Howard,Shawn Marion,4,7:30,DAL,sub,,,,Jason Kidd,,Jason Terry,,,,,,,,,,,,
Brandon Roy,Jerryd Bayless,Juwan Howard,LaMarcus Aldridge,Steve Blake,Drew Gooden,Jason Kidd,Jose Juan Barea,Josh Howard,Shawn Marion,4,7:19,DAL,shot,,,,,,,,,,Shawn Marion,,,,missed,,floating jump,27,15
Brandon Roy,Jerryd Bayless,Juwan Howard,LaMarcus Aldridge,Steve Blake,Drew Gooden,Jason Kidd,Jose Juan Barea,Josh Howard,Shawn Marion,4,7:16,DAL,rebound,,,,,,,,,,Drew Gooden,,,,,,off,,
Brandon Roy,Jerryd Bayless,Juwan Howard,LaMarcus Aldridge,Steve Blake,Drew Gooden,Jason Kidd,Jose Juan Barea,Josh Howard,Shawn Marion,4,7:15,DAL,shot,,,,,,,,,,Drew Gooden,,,,missed,,tip,25,6
Brandon Roy,Jerryd Bayless,Juwan Howard,LaMarcus Aldridge,Steve Blake,Drew Gooden,Jason Kidd,Jose Juan Barea,Josh Howard,Shawn Marion,4,7:14,POR,rebound,,,,,,,,,,LaMarcus Aldridge,,,,,,def,,
Brandon Roy,Jerryd Bayless,Juwan Howard,LaMarcus Aldridge,Steve Blake,Drew Gooden,Jason Kidd,Jose Juan Barea,Josh Howard,Shawn Marion,4,6:54,POR,shot,Steve Blake,,,,,,,,,Jerryd Bayless,3,,,made,,3pt,2,5
Brandon Roy,Jerryd Bayless,Juwan Howard,LaMarcus Aldridge,Steve Blake,Drew Gooden,Jason Kidd,Jose Juan Barea,Josh Howard,Shawn Marion,4,6:42,DAL,shot,,,,,,,,,,Jose Juan Barea,,,,missed,,3pt,31,30
Brandon Roy,Jerryd Bayless,Juwan Howard,LaMarcus Aldridge,Steve Blake,Drew Gooden,Jason Kidd,Jose Juan Barea,Josh Howard,Shawn Marion,4,6:40,POR,rebound,,,,,,,,,,Brandon Roy,,,,,,def,,
Brandon Roy,Jerryd Bayless,Juwan Howard,LaMarcus Aldridge,Steve Blake,Drew Gooden,Jason Kidd,Jose Juan Barea,Josh Howard,Shawn Marion,4,6:32,DAL,foul,,,,,,,,Brandon Roy,,Josh Howard,,,,,,shooting,,
Brandon Roy,Jerryd Bayless,Juwan Howard,LaMarcus Aldridge,Steve Blake,Dirk Nowitzki,Jason Kidd,Jose Juan Barea,Josh Howard,Shawn Marion,4,6:32,DAL,sub,,,,Dirk Nowitzki,,Drew Gooden,,,,,,,,,,,,
Brandon Roy,Jerryd Bayless,Juwan Howard,LaMarcus Aldridge,Steve Blake,Dirk Nowitzki,Jason Kidd,Jose Juan Barea,Josh Howard,Shawn Marion,4,6:32,POR,free throw,,,,,,,1,,2,Brandon Roy,,,foul,made,,,,
Brandon Roy,Jerryd Bayless,Juwan Howard,LaMarcus Aldridge,Steve Blake,Dirk Nowitzki,Jason Kidd,Jose Juan Barea,Josh Howard,Shawn Marion,4,6:32,POR,free throw,,,,,,,2,,2,Brandon Roy,,,foul,made,,,,
Brandon Roy,Jerryd Bayless,Juwan Howard,LaMarcus Aldridge,Steve Blake,Dirk Nowitzki,Jason Kidd,Jose Juan Barea,Josh Howard,Shawn Marion,4,6:08,DAL,shot,,,,,,,,,,Jose Juan Barea,3,,,made,,3pt,9,24
Brandon Roy,Jerryd Bayless,Juwan Howard,LaMarcus Aldridge,Steve Blake,Dirk Nowitzki,Jason Kidd,Jose Juan Barea,Josh Howard,Shawn Marion,4,5:51,POR,shot,,,,,,,,,,Brandon Roy,2,,,made,,jump,37,19
Brandon Roy,Jerryd Bayless,Juwan Howard,LaMarcus Aldridge,Steve Blake,Dirk Nowitzki,Jason Kidd,Jose Juan Barea,Josh Howard,Shawn Marion,4,5:28,DAL,turnover,,,,,,,,,,Dirk Nowitzki,,,bad pass,,Steve Blake,,,
Brandon Roy,Jerryd Bayless,Juwan Howard,LaMarcus Aldridge,Steve Blake,Dirk Nowitzki,Jason Kidd,Jose Juan Barea,Josh Howard,Shawn Marion,4,5:10,POR,shot,,,,,,,,,,Brandon Roy,,,,missed,,fade away jumper,36,16
Brandon Roy,Jerryd Bayless,Juwan Howard,LaMarcus Aldridge,Steve Blake,Dirk Nowitzki,Jason Kidd,Jose Juan Barea,Josh Howard,Shawn Marion,4,5:07,DAL,rebound,,,,,,,,,,Dirk Nowitzki,,,,,,def,,
Brandon Roy,Jerryd Bayless,Juwan Howard,LaMarcus Aldridge,Steve Blake,Dirk Nowitzki,Jason Kidd,Jose Juan Barea,Josh Howard,Shawn Marion,4,4:56,DAL,shot,,,,,,,,,,Jose Juan Barea,,,,missed,,floating jump,26,12
Brandon Roy,Jerryd Bayless,Juwan Howard,LaMarcus Aldridge,Steve Blake,Dirk Nowitzki,Jason Kidd,Jose Juan Barea,Josh Howard,Shawn Marion,4,4:53,POR,rebound,,,,,,,,,,Juwan Howard,,,,,,def,,
Brandon Roy,Jerryd Bayless,Juwan Howard,LaMarcus Aldridge,Steve Blake,Dirk Nowitzki,Jason Kidd,Jose Juan Barea,Josh Howard,Shawn Marion,4,4:36,POR,shot,,,,,,,,,,Jerryd Bayless,2,,,made,,driving layup,25,6
Brandon Roy,Jerryd Bayless,Juwan Howard,LaMarcus Aldridge,Steve Blake,Dirk Nowitzki,Jason Kidd,Jose Juan Barea,Josh Howard,Shawn Marion,4,4:33,DAL,timeout,,,,,,,,,,,,,,,,short,,
Brandon Roy,Jerryd Bayless,Juwan Howard,LaMarcus Aldridge,Steve Blake,Dirk Nowitzki,Jason Kidd,Jason Terry,Jose Juan Barea,Josh Howard,4,4:33,DAL,sub,,,,Jason Terry,,Shawn Marion,,,,,,,,,,,,
Brandon Roy,Jerryd Bayless,Juwan Howard,LaMarcus Aldridge,Steve Blake,Dirk Nowitzki,Erick Dampier,Jason Kidd,Jason Terry,Jose Juan Barea,4,4:33,DAL,sub,,,,Erick Dampier,,Josh Howard,,,,,,,,,,,,
Brandon Roy,Jerryd Bayless,Juwan Howard,LaMarcus Aldridge,Steve Blake,Dirk Nowitzki,Erick Dampier,Jason Kidd,Jason Terry,Jose Juan Barea,4,4:16,DAL,turnover,,,,,,,,,,Jose Juan Barea,,,bad pass,,Jerryd Bayless,,,
Brandon Roy,Jerryd Bayless,Juwan Howard,LaMarcus Aldridge,Steve Blake,Dirk Nowitzki,Erick Dampier,Jason Kidd,Jason Terry,Jose Juan Barea,4,3:59,POR,shot,,,,,,,,,,Jerryd Bayless,,,,missed,,jump,18,27
Brandon Roy,Jerryd Bayless,Juwan Howard,LaMarcus Aldridge,Steve Blake,Dirk Nowitzki,Erick Dampier,Jason Kidd,Jason Terry,Jose Juan Barea,4,3:58,POR,rebound,,,,,,,,,,,,,,,,,,
Brandon Roy,Jerryd Bayless,Juwan Howard,LaMarcus Aldridge,Steve Blake,Dirk Nowitzki,Erick Dampier,Jason Kidd,Jason Terry,Jose Juan Barea,4,3:48,POR,shot,Jerryd Bayless,,,,,,,,,Steve Blake,3,,,made,,3pt,28,31
Brandon Roy,Jerryd Bayless,Juwan Howard,LaMarcus Aldridge,Steve Blake,Dirk Nowitzki,Erick Dampier,Jason Kidd,Jason Terry,Jose Juan Barea,4,3:18,DAL,shot,,,,,,,,,,Jason Kidd,,,,missed,,3pt,2,7
Brandon Roy,Jerryd Bayless,Juwan Howard,LaMarcus Aldridge,Steve Blake,Dirk Nowitzki,Erick Dampier,Jason Kidd,Jason Terry,Jose Juan Barea,4,3:18,POR,rebound,,,,,,,,,,Jerryd Bayless,,,,,,def,,
Brandon Roy,Jerryd Bayless,Juwan Howard,LaMarcus Aldridge,Steve Blake,Dirk Nowitzki,Erick Dampier,Jason Kidd,Jason Terry,Jose Juan Barea,4,3:16,POR,foul,,,,,,,,Jose Juan Barea,,Jerryd Bayless,,,,,,offensive,,
Brandon Roy,Jerryd Bayless,Juwan Howard,LaMarcus Aldridge,Steve Blake,Dirk Nowitzki,Erick Dampier,Jason Kidd,Jason Terry,Jose Juan Barea,4,3:16,POR,turnover,,,,,,,,,,Jerryd Bayless,,,foul,,,,,
Brandon Roy,Jerryd Bayless,Juwan Howard,LaMarcus Aldridge,Steve Blake,Dirk Nowitzki,Erick Dampier,Jason Kidd,Jason Terry,Jose Juan Barea,4,3:07,DAL,shot,Jason Kidd,,,,,,,,,Dirk Nowitzki,2,,,made,,jump,10,19
Brandon Roy,Jerryd Bayless,Juwan Howard,LaMarcus Aldridge,Steve Blake,Dirk Nowitzki,Erick Dampier,Jason Kidd,Jason Terry,Jose Juan Barea,4,2:41,POR,shot,Juwan Howard,,,,,,,,,Brandon Roy,2,,,made,,turnaround fade away,39,9
Brandon Roy,Jerryd Bayless,Juwan Howard,LaMarcus Aldridge,Steve Blake,Dirk Nowitzki,Erick Dampier,Jason Kidd,Jason Terry,Jose Juan Barea,4,2:33,POR,foul,,,,,,,,Jason Terry,,Juwan Howard,,,,,,shooting,,
Brandon Roy,Jerryd Bayless,Juwan Howard,LaMarcus Aldridge,Steve Blake,Dirk Nowitzki,Erick Dampier,Jason Kidd,Jason Terry,Jose Juan Barea,4,2:33,POR,timeout,,,,,,,,,,,,,,,,regular,,
Brandon Roy,Jerryd Bayless,Juwan Howard,LaMarcus Aldridge,Steve Blake,Dirk Nowitzki,Erick Dampier,Jason Kidd,Jason Terry,Jose Juan Barea,4,2:33,DAL,free throw,,,,,,,1,,2,Jason Terry,,,foul,made,,,,
Brandon Roy,Jerryd Bayless,Juwan Howard,LaMarcus Aldridge,Steve Blake,Dirk Nowitzki,Erick Dampier,Jason Kidd,Jason Terry,Jose Juan Barea,4,2:33,DAL,free throw,,,,,,,2,,2,Jason Terry,,,foul,made,,,,
Brandon Roy,Jerryd Bayless,Juwan Howard,LaMarcus Aldridge,Steve Blake,Dirk Nowitzki,Erick Dampier,Jason Kidd,Jason Terry,Jose Juan Barea,4,2:13,POR,shot,,,,,,,,,,Brandon Roy,,,,missed,,fade away jumper,27,22
Brandon Roy,Jerryd Bayless,Juwan Howard,LaMarcus Aldridge,Steve Blake,Dirk Nowitzki,Erick Dampier,Jason Kidd,Jason Terry,Jose Juan Barea,4,2:10,DAL,rebound,,,,,,,,,,Dirk Nowitzki,,,,,,def,,
Brandon Roy,Jerryd Bayless,Juwan Howard,LaMarcus Aldridge,Steve Blake,Dirk Nowitzki,Erick Dampier,Jason Kidd,Jason Terry,Jose Juan Barea,4,2:02,POR,foul,,,,,,,,Dirk Nowitzki,,LaMarcus Aldridge,,,,,,shooting,,
Brandon Roy,Jerryd Bayless,Juwan Howard,LaMarcus Aldridge,Steve Blake,Dirk Nowitzki,Erick Dampier,Jason Kidd,Jason Terry,Jose Juan Barea,4,2:02,DAL,free throw,,,,,,,1,,2,Dirk Nowitzki,,,foul,missed,,,,
Brandon Roy,Jerryd Bayless,Juwan Howard,LaMarcus Aldridge,Steve Blake,Dirk Nowitzki,Erick Dampier,Jason Kidd,Jason Terry,Jose Juan Barea,4,2:02,DAL,rebound,,,,,,,,,,,,,,,,,,
Brandon Roy,Jerryd Bayless,Juwan Howard,LaMarcus Aldridge,Steve Blake,Dirk Nowitzki,Erick Dampier,Jason Kidd,Jason Terry,Jose Juan Barea,4,2:02,DAL,free throw,,,,,,,2,,2,Dirk Nowitzki,,,foul,made,,,,
Brandon Roy,Jerryd Bayless,Juwan Howard,LaMarcus Aldridge,Steve Blake,Dirk Nowitzki,Erick Dampier,Jason Kidd,Jason Terry,Jose Juan Barea,4,1:40,POR,shot,,,,,,,,,,Brandon Roy,,,,missed,,layup,25,6
Brandon Roy,Jerryd Bayless,Juwan Howard,LaMarcus Aldridge,Steve Blake,Dirk Nowitzki,Erick Dampier,Jason Kidd,Jason Terry,Jose Juan Barea,4,1:39,DAL,rebound,,,,,,,,,,,,,,,,,,
Brandon Roy,Jerryd Bayless,Juwan Howard,LaMarcus Aldridge,Steve Blake,Dirk Nowitzki,Erick Dampier,Jason Kidd,Jason Terry,Jose Juan Barea,4,1:20,DAL,shot,,,,,,,,,,Jason Terry,,,,missed,,jump,8,7
Brandon Roy,Jerryd Bayless,Juwan Howard,LaMarcus Aldridge,Steve Blake,Dirk Nowitzki,Erick Dampier,Jason Kidd,Jason Terry,Jose Juan Barea,4,1:18,DAL,rebound,,,,,,,,,,Erick Dampier,,,,,,off,,
Brandon Roy,Jerryd Bayless,Juwan Howard,LaMarcus Aldridge,Steve Blake,Dirk Nowitzki,Erick Dampier,Jason Kidd,Jason Terry,Jose Juan Barea,4,1:16,DAL,shot,Jason Kidd,,,,,,,,,Dirk Nowitzki,3,,,made,,3pt,32,30
Brandon Roy,Jerryd Bayless,Juwan Howard,LaMarcus Aldridge,Steve Blake,Dirk Nowitzki,Erick Dampier,Jason Kidd,Jason Terry,Jose Juan Barea,4,0:54,POR,shot,,,,,,,,,,Jerryd Bayless,,,,missed,,jump,22,25
Brandon Roy,Jerryd Bayless,Juwan Howard,LaMarcus Aldridge,Steve Blake,Dirk Nowitzki,Erick Dampier,Jason Kidd,Jason Terry,Jose Juan Barea,4,0:53,POR,rebound,,,,,,,,,,Brandon Roy,,,,,,off,,
Brandon Roy,Jerryd Bayless,Juwan Howard,LaMarcus Aldridge,Steve Blake,Dirk Nowitzki,Erick Dampier,Jason Kidd,Jason Terry,Jose Juan Barea,4,0:53,POR,turnover,,,,,,,,,,Brandon Roy,,,step out of bounds turnover,,,,,
Brandon Roy,Jerryd Bayless,Juwan Howard,LaMarcus Aldridge,Steve Blake,Dirk Nowitzki,Erick Dampier,Jason Kidd,Jason Terry,Jose Juan Barea,4,0:38,DAL,shot,,,,,,,,,,Dirk Nowitzki,,,,missed,,jump,34,20
Brandon Roy,Jerryd Bayless,Juwan Howard,LaMarcus Aldridge,Steve Blake,Dirk Nowitzki,Erick Dampier,Jason Kidd,Jason Terry,Jose Juan Barea,4,0:36,POR,rebound,,,,,,,,,,Brandon Roy,,,,,,def,,
Brandon Roy,Jerryd Bayless,Juwan Howard,LaMarcus Aldridge,Steve Blake,Dirk Nowitzki,Erick Dampier,Jason Kidd,Jason Terry,Jose Juan Barea,4,0:26,POR,timeout,,,,,,,,,,,,,,,,regular,,
Brandon Roy,Jerryd Bayless,Juwan Howard,LaMarcus Aldridge,Steve Blake,Dirk Nowitzki,Erick Dampier,Jason Kidd,Jason Terry,Jose Juan Barea,4,0:15,POR,shot,,,,,,,,,,Brandon Roy,,,,missed,,jump,13,26
Brandon Roy,Jerryd Bayless,Juwan Howard,LaMarcus Aldridge,Steve Blake,Dirk Nowitzki,Erick Dampier,Jason Kidd,Jason Terry,Jose Juan Barea,4,0:13,DAL,rebound,,,,,,,,,,Jason Terry,,,,,,def,,
Brandon Roy,Jerryd Bayless,Juwan Howard,LaMarcus Aldridge,Steve Blake,Dirk Nowitzki,Erick Dampier,Jason Kidd,Jason Terry,Jose Juan Barea,4,0:08,DAL,shot,,,,,,,,,,Jason Terry,,,,missed,,driving layup,25,6
Brandon Roy,Jerryd Bayless,Juwan Howard,LaMarcus Aldridge,Steve Blake,Dirk Nowitzki,Erick Dampier,Jason Kidd,Jason Terry,Jose Juan Barea,4,0:06,POR,rebound,,,,,,,,,,Juwan Howard,,,,,,def,,
Brandon Roy,Jerryd Bayless,Juwan Howard,LaMarcus Aldridge,Steve Blake,Dirk Nowitzki,Erick Dampier,Jason Kidd,Jason Terry,Jose Juan Barea,4,0:06,DAL,foul,,,,,,,,Juwan Howard,,Dirk Nowitzki,,,,,,personal,,
Brandon Roy,Jerryd Bayless,Juwan Howard,LaMarcus Aldridge,Steve Blake,Dirk Nowitzki,Erick Dampier,Jason Kidd,Jason Terry,Jose Juan Barea,4,0:06,DAL,timeout,,,,,,,,,,,,,,,,regular,,
Brandon Roy,Jerryd Bayless,Juwan Howard,LaMarcus Aldridge,Steve Blake,Dirk Nowitzki,Jason Kidd,Jason Terry,Jose Juan Barea,Shawn Marion,4,0:06,DAL,sub,,,,Shawn Marion,,Erick Dampier,,,,,,,,,,,,
Andre Miller,Jerryd Bayless,Juwan Howard,LaMarcus Aldridge,Steve Blake,Dirk Nowitzki,Jason Kidd,Jason Terry,Jose Juan Barea,Shawn Marion,4,0:06,POR,sub,,,,Andre Miller,,Brandon Roy,,,,,,,,,,,,
Andre Miller,Jerryd Bayless,Juwan Howard,LaMarcus Aldridge,Steve Blake,Dirk Nowitzki,Jason Kidd,Jason Terry,Jose Juan Barea,Shawn Marion,4,0:06,DAL,foul,,,,,,,,Andre Miller,,Jason Terry,,,,,,personal,,
Andre Miller,Jerryd Bayless,Juwan Howard,LaMarcus Aldridge,Steve Blake,Dirk Nowitzki,Jason Kidd,Jason Terry,Jose Juan Barea,Shawn Marion,4,0:06,POR,free throw,,,,,,,1,,2,Andre Miller,,,foul,made,,,,
Andre Miller,Jerryd Bayless,Juwan Howard,LaMarcus Aldridge,Steve Blake,Dirk Nowitzki,Erick Dampier,Jason Kidd,Jason Terry,Shawn Marion,4,0:06,DAL,sub,,,,Erick Dampier,,Jose Juan Barea,,,,,,,,,,,,
Andre Miller,Jerryd Bayless,Juwan Howard,LaMarcus Aldridge,Steve Blake,Dirk Nowitzki,Erick Dampier,Jason Kidd,Jason Terry,Shawn Marion,4,0:06,POR,free throw,,,,,,,2,,2,Andre Miller,,,foul,made,,,,
Andre Miller,Jerryd Bayless,Juwan Howard,LaMarcus Aldridge,Steve Blake,Dirk Nowitzki,Erick Dampier,Jason Kidd,Jason Terry,Shawn Marion,4,0:06,DAL,timeout,,,,,,,,,,,,,,,,short,,
Andre Miller,Jerryd Bayless,Juwan Howard,LaMarcus Aldridge,Steve Blake,Dirk Nowitzki,Erick Dampier,Jason Kidd,Jason Terry,Jose Juan Barea,4,0:06,DAL,sub,,,,Jose Juan Barea,,Shawn Marion,,,,,,,,,,,,
Andre Miller,Jerryd Bayless,Juwan Howard,LaMarcus Aldridge,Steve Blake,Dirk Nowitzki,Jason Kidd,Jason Terry,Jose Juan Barea,Josh Howard,4,0:06,DAL,sub,,,,Josh Howard,,Erick Dampier,,,,,,,,,,,,
Andre Miller,Jerryd Bayless,Juwan Howard,LaMarcus Aldridge,Steve Blake,Dirk Nowitzki,Jason Terry,Jose Juan Barea,Josh Howard,Tim Thomas,4,0:06,DAL,sub,,,,Tim Thomas,,Jason Kidd,,,,,,,,,,,,
Brandon Roy,Jerryd Bayless,Juwan Howard,LaMarcus Aldridge,Steve Blake,Dirk Nowitzki,Jason Terry,Jose Juan Barea,Josh Howard,Tim Thomas,4,0:06,POR,sub,,,,Brandon Roy,,Andre Miller,,,,,,,,,,,,
Andre Miller,Brandon Roy,Jerryd Bayless,LaMarcus Aldridge,Steve Blake,Dirk Nowitzki,Jason Terry,Jose Juan Barea,Josh Howard,Tim Thomas,4,0:06,POR,sub,,,,Andre Miller,,Juwan Howard,,,,,,,,,,,,
Andre Miller,Brandon Roy,Jerryd Bayless,LaMarcus Aldridge,Steve Blake,Dirk Nowitzki,Jason Terry,Jose Juan Barea,Josh Howard,Tim Thomas,4,0:01,DAL,shot,,,,,,,,,,Jason Terry,,,,missed,,3pt,20,30
Andre Miller,Brandon Roy,Jerryd Bayless,LaMarcus Aldridge,Steve Blake,Dirk Nowitzki,Jason Terry,Jose Juan Barea,Josh Howard,Tim Thomas,4,0:00,POR,rebound,,,,,,,,,,Andre Miller,,,,,,def,,
