a1,a2,a3,a4,a5,h1,h2,h3,h4,h5,period,time,team,etype,assist,away,block,entered,home,left,num,opponent,outof,player,points,possession,reason,result,steal,type,x,y
Andre Miller,Brandon Roy,Greg Oden,LaMarcus Aldridge,Steve Blake,Marc Gasol,Mike Conley,O.J. Mayo,Rudy Gay,Zach Randolph,1,12:00,OFF,jump ball,,Greg Oden,,,Marc Gasol,,,,,,,Rudy Gay,,,,,,
Andre Miller,Brandon Roy,Greg Oden,LaMarcus Aldridge,Steve Blake,Marc Gasol,Mike Conley,O.J. Mayo,Rudy Gay,Zach Randolph,1,11:38,MEM,shot,Rudy Gay,,,,,,,,,Mike Conley,3,,,made,,3pt,2,5
Andre Miller,Brandon Roy,Greg Oden,LaMarcus Aldridge,Steve Blake,Marc Gasol,Mike Conley,O.J. Mayo,Rudy Gay,Zach Randolph,1,11:13,POR,shot,,,,,,,,,,Greg Oden,,,,missed,,turnaround jump,10,11
Andre Miller,Brandon Roy,Greg Oden,LaMarcus Aldridge,Steve Blake,Marc Gasol,Mike Conley,O.J. Mayo,Rudy Gay,Zach Randolph,1,11:11,MEM,rebound,,,,,,,,,,Marc Gasol,,,,,,def,,
Andre Miller,Brandon Roy,Greg Oden,LaMarcus Aldridge,Steve Blake,Marc Gasol,Mike Conley,O.J. Mayo,Rudy Gay,Zach Randolph,1,11:03,MEM,shot,,,,,,,,,,Marc Gasol,,,,missed,,jump,25,21
Andre Miller,Brandon Roy,Greg Oden,LaMarcus Aldridge,Steve Blake,Marc Gasol,Mike Conley,O.J. Mayo,Rudy Gay,Zach Randolph,1,11:02,MEM,rebound,,,,,,,,,,Zach Randolph,,,,,,off,,
Andre Miller,Brandon Roy,Greg Oden,LaMarcus Aldridge,Steve Blake,Marc Gasol,Mike Conley,O.J. Mayo,Rudy Gay,Zach Randolph,1,10:53,MEM,shot,,,,,,,,,,Marc Gasol,,,,missed,,layup,24,9
Andre Miller,Brandon Roy,Greg Oden,LaMarcus Aldridge,Steve Blake,Marc Gasol,Mike Conley,O.J. Mayo,Rudy Gay,Zach Randolph,1,10:50,POR,rebound,,,,,,,,,,LaMarcus Aldridge,,,,,,def,,
Andre Miller,Brandon Roy,Greg Oden,LaMarcus Aldridge,Steve Blake,Marc Gasol,Mike Conley,O.J. Mayo,Rudy Gay,Zach Randolph,1,10:35,POR,shot,,,,,,,,,,LaMarcus Aldridge,2,,,made,,turnaround fade away,32,9
Andre Miller,Brandon Roy,Greg Oden,LaMarcus Aldridge,Steve Blake,Marc Gasol,Mike Conley,O.J. Mayo,Rudy Gay,Zach Randolph,1,10:17,MEM,shot,,,,,,,,,,Rudy Gay,2,,,made,,pullup jump,41,12
Andre Miller,Brandon Roy,Greg Oden,LaMarcus Aldridge,Steve Blake,Marc Gasol,Mike Conley,O.J. Mayo,Rudy Gay,Zach Randolph,1,9:58,POR,shot,,,,,,,,,,LaMarcus Aldridge,2,,,made,,turnaround fade away,8,9
Andre Miller,Brandon Roy,Greg Oden,LaMarcus Aldridge,Steve Blake,Marc Gasol,Mike Conley,O.J. Mayo,Rudy Gay,Zach Randolph,1,9:45,MEM,turnover,,,,,,,,,,Zach Randolph,,,out of bounds lost ball turnover,,,,,
Andre Miller,Brandon Roy,Greg Oden,LaMarcus Aldridge,Steve Blake,Marc Gasol,Mike Conley,O.J. Mayo,Rudy Gay,Zach Randolph,1,9:22,POR,turnover,,,,,,,,,,Steve Blake,,,bad pass,,O.J. Mayo,,,
Andre Miller,Brandon Roy,Greg Oden,LaMarcus Aldridge,Steve Blake,Marc Gasol,Mike Conley,O.J. Mayo,Rudy Gay,Zach Randolph,1,9:17,MEM,shot,,,,,,,,,,O.J. Mayo,2,,,made,,layup,25,6
Andre Miller,Brandon Roy,Greg Oden,LaMarcus Aldridge,Steve Blake,Marc Gasol,Mike Conley,O.J. Mayo,Rudy Gay,Zach Randolph,1,9:09,POR,turnover,,,,,,,,,,Andre Miller,,,bad pass,,Marc Gasol,,,
Andre Miller,Brandon Roy,Greg Oden,LaMarcus Aldridge,Steve Blake,Marc Gasol,Mike Conley,O.J. Mayo,Rudy Gay,Zach Randolph,1,9:01,MEM,shot,,,,,,,,,,Zach Randolph,,,,missed,,jump,35,9
Andre Miller,Brandon Roy,Greg Oden,LaMarcus Aldridge,Steve Blake,Marc Gasol,Mike Conley,O.J. Mayo,Rudy Gay,Zach Randolph,1,8:59,MEM,rebound,,,,,,,,,,Zach Randolph,,,,,,off,,
Andre Miller,Brandon Roy,Greg Oden,LaMarcus Aldridge,Steve Blake,Marc Gasol,Mike Conley,O.J. Mayo,Rudy Gay,Zach Randolph,1,8:59,MEM,shot,,,,,,,,,,Zach Randolph,,,,missed,,tip,25,6
Andre Miller,Brandon Roy,Greg Oden,LaMarcus Aldridge,Steve Blake,Marc Gasol,Mike Conley,O.J. Mayo,Rudy Gay,Zach Randolph,1,8:56,POR,rebound,,,,,,,,,,LaMarcus Aldridge,,,,,,def,,
Andre Miller,Brandon Roy,Greg Oden,LaMarcus Aldridge,Steve Blake,Marc Gasol,Mike Conley,O.J. Mayo,Rudy Gay,Zach Randolph,1,8:41,POR,shot,Brandon Roy,,,,,,,,,LaMarcus Aldridge,2,,,made,,turnaround jump,18,11
Andre Miller,Brandon Roy,Greg Oden,LaMarcus Aldridge,Steve Blake,Marc Gasol,Mike Conley,O.J. Mayo,Rudy Gay,Zach Randolph,1,8:29,MEM,shot,Mike Conley,,,,,,,,,O.J. Mayo,2,,,made,,alley oop layup,25,6
Andre Miller,Brandon Roy,Greg Oden,LaMarcus Aldridge,Steve Blake,Marc Gasol,Mike Conley,O.J. Mayo,Rudy Gay,Zach Randolph,1,8:14,POR,shot,Andre Miller,,,,,,,,,Brandon Roy,2,,,made,,pullup jump,38,17
Andre Miller,Brandon Roy,Greg Oden,LaMarcus Aldridge,Steve Blake,Marc Gasol,Mike Conley,O.J. Mayo,Rudy Gay,Zach Randolph,1,7:55,POR,foul,,,,,,,,Marc Gasol,,Greg Oden,,,,,,personal,,
Andre Miller,Brandon Roy,Greg Oden,LaMarcus Aldridge,Steve Blake,Marc Gasol,Mike Conley,O.J. Mayo,Rudy Gay,Zach Randolph,1,7:48,POR,foul,,,,,,,,Marc Gasol,,Greg Oden,,,,,,shooting,,
Andre Miller,Brandon Roy,Greg Oden,LaMarcus Aldridge,Steve Blake,Marc Gasol,Mike Conley,O.J. Mayo,Rudy Gay,Zach Randolph,1,7:48,MEM,free throw,,,,,,,1,,2,Marc Gasol,,,foul,missed,,,,
Andre Miller,Brandon Roy,Greg Oden,LaMarcus Aldridge,Steve Blake,Marc Gasol,Mike Conley,O.J. Mayo,Rudy Gay,Zach Randolph,1,7:48,MEM,rebound,,,,,,,,,,,,,,,,,,
Andre Miller,Brandon Roy,Joel Przybilla,LaMarcus Aldridge,Steve Blake,Marc Gasol,Mike Conley,O.J. Mayo,Rudy Gay,Zach Randolph,1,7:48,POR,sub,,,,Joel Przybilla,,Greg Oden,,,,,,,,,,,,
Andre Miller,Brandon Roy,Joel Przybilla,LaMarcus Aldridge,Steve Blake,Marc Gasol,Mike Conley,O.J. Mayo,Rudy Gay,Zach Randolph,1,7:48,MEM,free throw,,,,,,,2,,2,Marc Gasol,,,foul,made,,,,
Andre Miller,Brandon Roy,Joel Przybilla,LaMarcus Aldridge,Steve Blake,Marc Gasol,Mike Conley,O.J. Mayo,Rudy Gay,Zach Randolph,1,7:25,POR,shot,LaMarcus Aldridge,,,,,,,,,Steve Blake,3,,,made,,3pt,46,18
Andre Miller,Brandon Roy,Joel Przybilla,LaMarcus Aldridge,Steve Blake,Marc Gasol,Mike Conley,O.J. Mayo,Rudy Gay,Zach Randolph,1,7:15,MEM,turnover,,,,,,,,,,Zach Randolph,,,3 second violation,,,,,
Andre Miller,Brandon Roy,Joel Przybilla,LaMarcus Aldridge,Steve Blake,Marc Gasol,Mike Conley,O.J. Mayo,Rudy Gay,Zach Randolph,1,7:01,POR,shot,Brandon Roy,,,,,,,,,LaMarcus Aldridge,2,,,made,,jump,44,8
Andre Miller,Brandon Roy,Joel Przybilla,LaMarcus Aldridge,Steve Blake,Marc Gasol,Mike Conley,O.J. Mayo,Rudy Gay,Zach Randolph,1,6:38,MEM,shot,,,,,,,,,,Mike Conley,2,,,made,,driving reverse layup,25,6
Andre Miller,Brandon Roy,Joel Przybilla,LaMarcus Aldridge,Steve Blake,Marc Gasol,Mike Conley,O.J. Mayo,Rudy Gay,Zach Randolph,1,6:17,POR,turnover,,,,,,,,,,Joel Przybilla,,,3 second violation,,,,,
Andre Miller,Brandon Roy,Joel Przybilla,LaMarcus Aldridge,Steve Blake,Marc Gasol,Mike Conley,O.J. Mayo,Rudy Gay,Zach Randolph,1,6:05,MEM,shot,,,,,,,,,,Mike Conley,,,,missed,,driving layup,25,6
Andre Miller,Brandon Roy,Joel Przybilla,LaMarcus Aldridge,Steve Blake,Marc Gasol,Mike Conley,O.J. Mayo,Rudy Gay,Zach Randolph,1,6:02,MEM,rebound,,,,,,,,,,Marc Gasol,,,,,,off,,
Andre Miller,Brandon Roy,Joel Przybilla,LaMarcus Aldridge,Steve Blake,Marc Gasol,Mike Conley,O.J. Mayo,Rudy Gay,Zach Randolph,1,6:02,MEM,shot,,,,,,,,,,Marc Gasol,2,,,made,,layup,25,6
Andre Miller,Brandon Roy,Joel Przybilla,LaMarcus Aldridge,Steve Blake,Marc Gasol,Mike Conley,O.J. Mayo,Rudy Gay,Zach Randolph,1,5:37,POR,shot,LaMarcus Aldridge,,,,,,,,,Brandon Roy,3,,,made,,3pt,27,32
Andre Miller,Brandon Roy,Joel Przybilla,LaMarcus Aldridge,Steve Blake,Marc Gasol,Mike Conley,O.J. Mayo,Rudy Gay,Zach Randolph,1,5:21,MEM,shot,,,,,,,,,,Zach Randolph,2,,,made,,turnaround bank,33,9
Andre Miller,Brandon Roy,Joel Przybilla,LaMarcus Aldridge,Steve Blake,Marc Gasol,Mike Conley,O.J. Mayo,Rudy Gay,Zach Randolph,1,5:04,POR,shot,Andre Miller,,,,,,,,,Joel Przybilla,2,,,made,,alley oop layup,25,6
Andre Miller,Brandon Roy,Joel Przybilla,LaMarcus Aldridge,Steve Blake,Marc Gasol,Mike Conley,O.J. Mayo,Rudy Gay,Zach Randolph,1,4:40,MEM,shot,,,,,,,,,,Zach Randolph,,,,missed,,jump,41,14
Andre Miller,Brandon Roy,Joel Przybilla,LaMarcus Aldridge,Steve Blake,Marc Gasol,Mike Conley,O.J. Mayo,Rudy Gay,Zach Randolph,1,4:40,POR,rebound,,,,,,,,,,Joel Przybilla,,,,,,def,,
Andre Miller,Brandon Roy,Joel Przybilla,LaMarcus Aldridge,Steve Blake,Marc Gasol,Mike Conley,O.J. Mayo,Rudy Gay,Zach Randolph,1,4:31,POR,turnover,,,,,,,,,,Brandon Roy,,,lost ball,,Rudy Gay,,,
Andre Miller,Brandon Roy,Joel Przybilla,LaMarcus Aldridge,Steve Blake,Marc Gasol,Mike Conley,O.J. Mayo,Rudy Gay,Zach Randolph,1,4:28,MEM,turnover,,,,,,,,,,O.J. Mayo,,,traveling,,,,,
Andre Miller,Brandon Roy,Joel Przybilla,LaMarcus Aldridge,Steve Blake,Marc Gasol,Mike Conley,O.J. Mayo,Rudy Gay,Zach Randolph,1,4:28,MEM,timeout,,,,,,,,,,,,,,,,regular,,
Andre Miller,Brandon Roy,Joel Przybilla,LaMarcus Aldridge,Travis Outlaw,Marc Gasol,Mike Conley,O.J. Mayo,Rudy Gay,Zach Randolph,1,4:28,POR,sub,,,,Travis Outlaw,,Steve Blake,,,,,,,,,,,,
Andre Miller,Brandon Roy,Joel Przybilla,LaMarcus Aldridge,Travis Outlaw,Marc Gasol,Mike Conley,O.J. Mayo,Rudy Gay,Zach Randolph,1,4:07,POR,shot,,,,,,,,,,Travis Outlaw,,,,missed,,3pt,48,7
Andre Miller,Brandon Roy,Joel Przybilla,LaMarcus Aldridge,Travis Outlaw,Marc Gasol,Mike Conley,O.J. Mayo,Rudy Gay,Zach Randolph,1,4:06,MEM,rebound,,,,,,,,,,Marc Gasol,,,,,,def,,
Andre Miller,Brandon Roy,Joel Przybilla,LaMarcus Aldridge,Travis Outlaw,Marc Gasol,Mike Conley,O.J. Mayo,Rudy Gay,Zach Randolph,1,3:53,MEM,turnover,,,,,,,,,,Rudy Gay,,,step out of bounds turnover,,,,,
Andre Miller,Brandon Roy,Joel Przybilla,LaMarcus Aldridge,Travis Outlaw,Marc Gasol,Mike Conley,O.J. Mayo,Rudy Gay,Zach Randolph,1,3:40,POR,shot,,,,,,,,,,Andre Miller,,,,missed,,pullup jump,42,4
Andre Miller,Brandon Roy,Joel Przybilla,LaMarcus Aldridge,Travis Outlaw,Marc Gasol,Mike Conley,O.J. Mayo,Rudy Gay,Zach Randolph,1,3:38,POR,rebound,,,,,,,,,,Brandon Roy,,,,,,off,,
Andre Miller,Brandon Roy,Joel Przybilla,LaMarcus Aldridge,Travis Outlaw,Marc Gasol,Mike Conley,O.J. Mayo,Rudy Gay,Zach Randolph,1,3:38,POR,shot,,,,,,,,,,Brandon Roy,2,,,made,,tip,25,6
Andre Miller,Brandon Roy,Joel Przybilla,LaMarcus Aldridge,Travis Outlaw,Marc Gasol,Mike Conley,O.J. Mayo,Rudy Gay,Zach Randolph,1,3:18,MEM,shot,,,,,,,,,,Mike Conley,,,,missed,,3pt,1,11
Andre Miller,Brandon Roy,Joel Przybilla,LaMarcus Aldridge,Travis Outlaw,Marc Gasol,Mike Conley,O.J. Mayo,Rudy Gay,Zach Randolph,1,3:18,MEM,rebound,,,,,,,,,,Zach Randolph,,,,,,off,,
Andre Miller,Brandon Roy,Joel Przybilla,LaMarcus Aldridge,Travis Outlaw,Marc Gasol,Mike Conley,O.J. Mayo,Rudy Gay,Zach Randolph,1,3:16,MEM,shot,,,,,,,,,,Zach Randolph,2,,,made,,layup,25,6
Andre Miller,Brandon Roy,Joel Przybilla,LaMarcus Aldridge,Travis Outlaw,Marc Gasol,Mike Conley,O.J. Mayo,Rudy Gay,Zach Randolph,1,3:02,POR,shot,,,,,,,,,,Andre Miller,,,,missed,,jump,34,15
Andre Miller,Brandon Roy,Joel Przybilla,LaMarcus Aldridge,Travis Outlaw,Marc Gasol,Mike Conley,O.J. Mayo,Rudy Gay,Zach Randolph,1,3:02,MEM,rebound,,,,,,,,,,O.J. Mayo,,,,,,def,,
Andre Miller,Brandon Roy,Joel Przybilla,LaMarcus Aldridge,Travis Outlaw,Marc Gasol,Mike Conley,O.J. Mayo,Rudy Gay,Zach Randolph,1,2:47,MEM,shot,,,,,,,,,,O.J. Mayo,,,,missed,,3pt,25,31
Andre Miller,Brandon Roy,Joel Przybilla,LaMarcus Aldridge,Travis Outlaw,Marc Gasol,Mike Conley,O.J. Mayo,Rudy Gay,Zach Randolph,1,2:46,POR,rebound,,,,,,,,,,LaMarcus Aldridge,,,,,,def,,
Andre Miller,Brandon Roy,Joel Przybilla,LaMarcus Aldridge,Travis Outlaw,Marc Gasol,Mike Conley,O.J. Mayo,Rudy Gay,Zach Randolph,1,2:31,MEM,foul,,,,,,,,Brandon Roy,,Mike Conley,,,,,,personal,,
Andre Miller,Brandon Roy,Joel Przybilla,LaMarcus Aldridge,Travis Outlaw,Marc Gasol,Mike Conley,O.J. Mayo,Rudy Gay,Zach Randolph,1,2:31,POR,timeout,,,,,,,,,,,,,,,,regular,,
Andre Miller,Joel Przybilla,LaMarcus Aldridge,Rudy Fernandez,Travis Outlaw,Marc Gasol,Mike Conley,O.J. Mayo,Rudy Gay,Zach Randolph,1,2:31,POR,sub,,,,Rudy Fernandez,,Brandon Roy,,,,,,,,,,,,
Andre Miller,Joel Przybilla,LaMarcus Aldridge,Rudy Fernandez,Travis Outlaw,Marc Gasol,Mike Conley,Rudy Gay,Sam Young,Zach Randolph,1,2:31,MEM,sub,,,,Sam Young,,O.J. Mayo,,,,,,,,,,,,
Andre Miller,Joel Przybilla,LaMarcus Aldridge,Rudy Fernandez,Travis Outlaw,Marc Gasol,Mike Conley,Rudy Gay,Sam Young,Zach Randolph,1,2:18,MEM,foul,,,,,,,,Travis Outlaw,,Rudy Gay,,,,,,shooting,,
Andre Miller,Joel Przybilla,LaMarcus Aldridge,Rudy Fernandez,Travis Outlaw,Marc Gasol,Mike Conley,Rudy Gay,Sam Young,Zach Randolph,1,2:18,POR,free throw,,,,,,,1,,2,Travis Outlaw,,,foul,made,,,,
Andre Miller,Joel Przybilla,LaMarcus Aldridge,Rudy Fernandez,Travis Outlaw,Marc Gasol,Marcus Williams,Rudy Gay,Sam Young,Zach Randolph,1,2:18,MEM,sub,,,,Marcus Williams,,Mike Conley,,,,,,,,,,,,
Andre Miller,Joel Przybilla,LaMarcus Aldridge,Rudy Fernandez,Travis Outlaw,Hasheem Thabeet,Marcus Williams,Rudy Gay,Sam Young,Zach Randolph,1,2:18,MEM,sub,,,,Hasheem Thabeet,,Marc Gasol,,,,,,,,,,,,
Jerryd Bayless,Joel Przybilla,LaMarcus Aldridge,Rudy Fernandez,Travis Outlaw,Hasheem Thabeet,Marcus Williams,Rudy Gay,Sam Young,Zach Randolph,1,2:18,POR,sub,,,,Jerryd Bayless,,Andre Miller,,,,,,,,,,,,
Jerryd Bayless,Joel Przybilla,LaMarcus Aldridge,Rudy Fernandez,Travis Outlaw,Hasheem Thabeet,Marcus Williams,Rudy Gay,Sam Young,Zach Randolph,1,2:18,POR,free throw,,,,,,,2,,2,Travis Outlaw,,,foul,made,,,,
Jerryd Bayless,Joel Przybilla,LaMarcus Aldridge,Rudy Fernandez,Travis Outlaw,Hasheem Thabeet,Marcus Williams,Rudy Gay,Sam Young,Zach Randolph,1,2:05,MEM,turnover,,,,,,,,,,Rudy Gay,,,lost ball,,LaMarcus Aldridge,,,
Jerryd Bayless,Joel Przybilla,LaMarcus Aldridge,Rudy Fernandez,Travis Outlaw,Hasheem Thabeet,Marcus Williams,Rudy Gay,Sam Young,Zach Randolph,1,1:49,MEM,foul,,,,,,,,LaMarcus Aldridge,,Hasheem Thabeet,,,,,,shooting,,
Jerryd Bayless,Joel Przybilla,LaMarcus Aldridge,Rudy Fernandez,Travis Outlaw,Hasheem Thabeet,Marcus Williams,Rudy Gay,Sam Young,Zach Randolph,1,1:49,POR,free throw,,,,,,,1,,2,LaMarcus Aldridge,,,foul,made,,,,
Jerryd Bayless,Joel Przybilla,LaMarcus Aldridge,Rudy Fernandez,Travis Outlaw,Hasheem Thabeet,Marcus Williams,Rudy Gay,Sam Young,Zach Randolph,1,1:49,POR,free throw,,,,,,,2,,2,LaMarcus Aldridge,,,foul,made,,,,
Jerryd Bayless,Joel Przybilla,LaMarcus Aldridge,Rudy Fernandez,Travis Outlaw,Hasheem Thabeet,Marcus Williams,Rudy Gay,Sam Young,Zach Randolph,1,1:38,MEM,shot,,,,,,,,,,Rudy Gay,2,,,made,,pullup jump,26,27
Jerryd Bayless,Joel Przybilla,LaMarcus Aldridge,Rudy Fernandez,Travis Outlaw,Hasheem Thabeet,Marcus Williams,Rudy Gay,Sam Young,Zach Randolph,1,1:28,POR,turnover,,,,,,,,,,Travis Outlaw,,,traveling,,,,,
Jerryd Bayless,Joel Przybilla,Martell Webster,Rudy Fernandez,Travis Outlaw,Hasheem Thabeet,Marcus Williams,Rudy Gay,Sam Young,Zach Randolph,1,1:28,POR,sub,,,,Martell Webster,,LaMarcus Aldridge,,,,,,,,,,,,
Jerryd Bayless,Joel Przybilla,Martell Webster,Rudy Fernandez,Travis Outlaw,Hasheem Thabeet,Marcus Williams,Rudy Gay,Sam Young,Zach Randolph,1,1:09,MEM,shot,,,Martell Webster,,,,,,,Zach Randolph,,,,missed,,layup,25,6
Jerryd Bayless,Joel Przybilla,Martell Webster,Rudy Fernandez,Travis Outlaw,Hasheem Thabeet,Marcus Williams,Rudy Gay,Sam Young,Zach Randolph,1,1:06,POR,rebound,,,,,,,,,,Martell Webster,,,,,,def,,
Jerryd Bayless,Joel Przybilla,Martell Webster,Rudy Fernandez,Travis Outlaw,Hasheem Thabeet,Marcus Williams,Rudy Gay,Sam Young,Zach Randolph,1,1:02,POR,shot,,,,,,,,,,Martell Webster,,,,missed,,3pt,14,29
Jerryd Bayless,Joel Przybilla,Martell Webster,Rudy Fernandez,Travis Outlaw,Hasheem Thabeet,Marcus Williams,Rudy Gay,Sam Young,Zach Randolph,1,1:00,POR,rebound,,,,,,,,,,Jerryd Bayless,,,,,,off,,
Jerryd Bayless,Joel Przybilla,Martell Webster,Rudy Fernandez,Travis Outlaw,Hasheem Thabeet,Marcus Williams,Rudy Gay,Sam Young,Zach Randolph,1,0:57,POR,foul,,,,,,,,Sam Young,,Jerryd Bayless,,,,,,offensive,,
Jerryd Bayless,Joel Przybilla,Martell Webster,Rudy Fernandez,Travis Outlaw,Hasheem Thabeet,Marcus Williams,Rudy Gay,Sam Young,Zach Randolph,1,0:57,POR,turnover,,,,,,,,,,Jerryd Bayless,,,foul,,,,,
Jerryd Bayless,Joel Przybilla,Martell Webster,Rudy Fernandez,Travis Outlaw,Hasheem Thabeet,Marcus Williams,Rudy Gay,Sam Young,Zach Randolph,1,0:57,MEM,timeout,,,,,,,,,,,,,,,,regular,,
Jerryd Bayless,Joel Przybilla,Martell Webster,Rudy Fernandez,Travis Outlaw,Hamed Haddadi,Marcus Williams,Rudy Gay,Sam Young,Zach Randolph,1,0:57,MEM,sub,,,,Hamed Haddadi,,Hasheem Thabeet,,,,,,,,,,,,
Jerryd Bayless,Joel Przybilla,Martell Webster,Rudy Fernandez,Travis Outlaw,Hamed Haddadi,Marcus Williams,Rudy Gay,Sam Young,Zach Randolph,1,0:45,POR,foul,,,,,,,,Zach Randolph,,Rudy Fernandez,,,,,,personal,,
Jerryd Bayless,Joel Przybilla,Martell Webster,Rudy Fernandez,Travis Outlaw,Hamed Haddadi,Marcus Williams,Rudy Gay,Sam Young,Zach Randolph,1,0:33,POR,foul,,,,,,,,Sam Young,,Rudy Fernandez,,,,,,personal,,
Jerryd Bayless,Joel Przybilla,Martell Webster,Rudy Fernandez,Travis Outlaw,Hamed Haddadi,Marcus Williams,Rudy Gay,Sam Young,Zach Randolph,1,0:33,MEM,free throw,,,,,,,1,,2,Sam Young,,,foul,missed,,,,
Jerryd Bayless,Joel Przybilla,Martell Webster,Rudy Fernandez,Travis Outlaw,Hamed Haddadi,Marcus Williams,Rudy Gay,Sam Young,Zach Randolph,1,0:33,MEM,rebound,,,,,,,,,,,,,,,,,,
Jerryd Bayless,Joel Przybilla,Martell Webster,Rudy Fernandez,Travis Outlaw,Hamed Haddadi,Marcus Williams,Rudy Gay,Sam Young,Zach Randolph,1,0:33,POR,violation,,,,,,,,,,Rudy Fernandez,,,,,,lane,,
Jerryd Bayless,Joel Przybilla,Martell Webster,Rudy Fernandez,Travis Outlaw,Hamed Haddadi,Marcus Williams,Rudy Gay,Sam Young,Zach Randolph,1,0:33,MEM,free throw,,,,,,,2,,2,Sam Young,,,foul,made,,,,
Jerryd Bayless,Joel Przybilla,Martell Webster,Rudy Fernandez,Travis Outlaw,Hamed Haddadi,Marcus Williams,Rudy Gay,Sam Young,Zach Randolph,1,0:17,POR,shot,,,,,,,,,,Travis Outlaw,,,,missed,,pullup jump,9,17
Jerryd Bayless,Joel Przybilla,Martell Webster,Rudy Fernandez,Travis Outlaw,Hamed Haddadi,Marcus Williams,Rudy Gay,Sam Young,Zach Randolph,1,0:15,MEM,rebound,,,,,,,,,,Marcus Williams,,,,,,def,,
Jerryd Bayless,Joel Przybilla,Martell Webster,Rudy Fernandez,Travis Outlaw,Hamed Haddadi,Marcus Williams,Rudy Gay,Sam Young,Zach Randolph,1,0:01,MEM,shot,,,,,,,,,,Marcus Williams,,,,missed,,jump,33,28
Jerryd Bayless,Joel Przybilla,Martell Webster,Rudy Fernandez,Travis Outlaw,Hamed Haddadi,Marcus Williams,Rudy Gay,Sam Young,Zach Randolph,1,0:00,POR,rebound,,,,,,,,,,Martell Webster,,,,,,def,,
Jerryd Bayless,Joel Przybilla,Martell Webster,Rudy Fernandez,Travis Outlaw,Hamed Haddadi,Marcus Williams,Rudy Gay,Sam Young,Zach Randolph,2,11:48,POR,turnover,,,,,,,,,,Joel Przybilla,,,3 second violation,,,,,
Jerryd Bayless,Joel Przybilla,Martell Webster,Rudy Fernandez,Travis Outlaw,Hamed Haddadi,Marcus Williams,Rudy Gay,Sam Young,Zach Randolph,2,11:36,MEM,shot,,,,,,,,,,Sam Young,2,,,made,,driving layup,25,6
Jerryd Bayless,Joel Przybilla,Martell Webster,Rudy Fernandez,Travis Outlaw,Hamed Haddadi,Marcus Williams,Rudy Gay,Sam Young,Zach Randolph,2,11:23,POR,turnover,,,,,,,,,,Travis Outlaw,,,lost ball,,Zach Randolph,,,
Jerryd Bayless,Joel Przybilla,Martell Webster,Rudy Fernandez,Travis Outlaw,Hamed Haddadi,Marcus Williams,Rudy Gay,Sam Young,Zach Randolph,2,11:17,MEM,shot,Marcus Williams,,,,,,,,,Rudy Gay,2,,,made,,slam dunk,25,6
Jerryd Bayless,Joel Przybilla,Martell Webster,Rudy Fernandez,Travis Outlaw,Hamed Haddadi,Marcus Williams,Rudy Gay,Sam Young,Zach Randolph,2,10:51,POR,shot,,,,,,,,,,Travis Outlaw,,,,missed,,jump,11,22
Jerryd Bayless,Joel Przybilla,Martell Webster,Rudy Fernandez,Travis Outlaw,Hamed Haddadi,Marcus Williams,Rudy Gay,Sam Young,Zach Randolph,2,10:51,MEM,rebound,,,,,,,,,,Zach Randolph,,,,,,def,,
Jerryd Bayless,Joel Przybilla,Martell Webster,Rudy Fernandez,Travis Outlaw,Hamed Haddadi,Marcus Williams,Rudy Gay,Sam Young,Zach Randolph,2,10:46,MEM,shot,,,,,,,,,,Marcus Williams,2,,,made,,driving layup,25,6
Jerryd Bayless,Joel Przybilla,Martell Webster,Rudy Fernandez,Travis Outlaw,Hamed Haddadi,Marcus Williams,Rudy Gay,Sam Young,Zach Randolph,2,10:46,POR,foul,,,,,,,,Marcus Williams,,Jerryd Bayless,,,,,,shooting,,
Joel Przybilla,Martell Webster,Rudy Fernandez,Steve Blake,Travis Outlaw,Hamed Haddadi,Marcus Williams,Rudy Gay,Sam Young,Zach Randolph,2,10:46,POR,sub,,,,Steve Blake,,Jerryd Bayless,,,,,,,,,,,,
Joel Przybilla,Martell Webster,Rudy Fernandez,Steve Blake,Travis Outlaw,DeMarre Carroll,Hamed Haddadi,Marcus Williams,Rudy Gay,Sam Young,2,10:46,MEM,sub,,,,DeMarre Carroll,,Zach Randolph,,,,,,,,,,,,
Joel Przybilla,Martell Webster,Rudy Fernandez,Steve Blake,Travis Outlaw,DeMarre Carroll,Hamed Haddadi,Marcus Williams,Rudy Gay,Sam Young,2,10:46,MEM,free throw,,,,,,,1,,1,Marcus Williams,,,foul,made,,,,
Joel Przybilla,Martell Webster,Rudy Fernandez,Steve Blake,Travis Outlaw,DeMarre Carroll,Hamed Haddadi,Marcus Williams,Rudy Gay,Sam Young,2,10:31,POR,shot,,,Rudy Gay,,,,,,,Martell Webster,,,,missed,,layup,25,6
Joel Przybilla,Martell Webster,Rudy Fernandez,Steve Blake,Travis Outlaw,DeMarre Carroll,Hamed Haddadi,Marcus Williams,Rudy Gay,Sam Young,2,10:27,MEM,rebound,,,,,,,,,,Rudy Gay,,,,,,def,,
Joel Przybilla,Martell Webster,Rudy Fernandez,Steve Blake,Travis Outlaw,DeMarre Carroll,Hamed Haddadi,Marcus Williams,Rudy Gay,Sam Young,2,10:18,MEM,turnover,,,,,,,,,,Hamed Haddadi,,,3 second violation,,,,,
Joel Przybilla,Martell Webster,Rudy Fernandez,Steve Blake,Travis Outlaw,DeMarre Carroll,Hamed Haddadi,Marcus Williams,Rudy Gay,Sam Young,2,10:05,POR,shot,Steve Blake,,,,,,,,,Rudy Fernandez,3,,,made,,3pt,31,31
Joel Przybilla,Martell Webster,Rudy Fernandez,Steve Blake,Travis Outlaw,DeMarre Carroll,Hamed Haddadi,Marcus Williams,Rudy Gay,Sam Young,2,9:45,MEM,shot,Hamed Haddadi,,,,,,,,,DeMarre Carroll,2,,,made,,layup,25,6
Joel Przybilla,Martell Webster,Rudy Fernandez,Steve Blake,Travis Outlaw,DeMarre Carroll,Hamed Haddadi,Marcus Williams,Rudy Gay,Sam Young,2,9:27,POR,shot,,,,,,,,,,Travis Outlaw,,,,missed,,3pt,27,31
Joel Przybilla,Martell Webster,Rudy Fernandez,Steve Blake,Travis Outlaw,DeMarre Carroll,Hamed Haddadi,Marcus Williams,Rudy Gay,Sam Young,2,9:26,MEM,rebound,,,,,,,,,,Sam Young,,,,,,def,,
Joel Przybilla,Martell Webster,Rudy Fernandez,Steve Blake,Travis Outlaw,DeMarre Carroll,Hamed Haddadi,Marcus Williams,Rudy Gay,Sam Young,2,9:13,POR,foul,,,,,,,,Marcus Williams,,Joel Przybilla,,,,,,personal,,
Brandon Roy,Joel Przybilla,Martell Webster,Rudy Fernandez,Steve Blake,DeMarre Carroll,Hamed Haddadi,Marcus Williams,Rudy Gay,Sam Young,2,9:13,POR,sub,,,,Brandon Roy,,Travis Outlaw,,,,,,,,,,,,
Brandon Roy,Joel Przybilla,LaMarcus Aldridge,Rudy Fernandez,Steve Blake,DeMarre Carroll,Hamed Haddadi,Marcus Williams,Rudy Gay,Sam Young,2,9:13,POR,sub,,,,LaMarcus Aldridge,,Martell Webster,,,,,,,,,,,,
Brandon Roy,Joel Przybilla,LaMarcus Aldridge,Rudy Fernandez,Steve Blake,DeMarre Carroll,Hamed Haddadi,Marcus Williams,O.J. Mayo,Sam Young,2,9:13,MEM,sub,,,,O.J. Mayo,,Rudy Gay,,,,,,,,,,,,
Brandon Roy,Joel Przybilla,LaMarcus Aldridge,Rudy Fernandez,Steve Blake,DeMarre Carroll,Hamed Haddadi,Marcus Williams,O.J. Mayo,Sam Young,2,9:07,MEM,shot,,,,,,,,,,DeMarre Carroll,,,,missed,,jump,33,25
Brandon Roy,Joel Przybilla,LaMarcus Aldridge,Rudy Fernandez,Steve Blake,DeMarre Carroll,Hamed Haddadi,Marcus Williams,O.J. Mayo,Sam Young,2,9:05,POR,rebound,,,,,,,,,,Joel Przybilla,,,,,,def,,
Brandon Roy,Joel Przybilla,LaMarcus Aldridge,Rudy Fernandez,Steve Blake,DeMarre Carroll,Hamed Haddadi,Marcus Williams,O.J. Mayo,Sam Young,2,8:56,POR,shot,LaMarcus Aldridge,,,,,,,,,Steve Blake,3,,,made,,3pt,27,32
Brandon Roy,Joel Przybilla,LaMarcus Aldridge,Rudy Fernandez,Steve Blake,DeMarre Carroll,Hamed Haddadi,Marcus Williams,O.J. Mayo,Sam Young,2,8:56,MEM,foul,,,,,,,,Rudy Fernandez,,Marcus Williams,,,,,,away from play,,
Brandon Roy,Joel Przybilla,LaMarcus Aldridge,Rudy Fernandez,Steve Blake,DeMarre Carroll,Hamed Haddadi,Marcus Williams,O.J. Mayo,Sam Young,2,8:56,POR,timeout,,,,,,,,,,,,,,,,official,,
Brandon Roy,LaMarcus Aldridge,Rudy Fernandez,Steve Blake,Travis Outlaw,DeMarre Carroll,Hamed Haddadi,Marcus Williams,O.J. Mayo,Sam Young,2,8:56,POR,sub,,,,Travis Outlaw,,Joel Przybilla,,,,,,,,,,,,
Brandon Roy,LaMarcus Aldridge,Rudy Fernandez,Steve Blake,Travis Outlaw,DeMarre Carroll,Hamed Haddadi,Marc Gasol,Marcus Williams,O.J. Mayo,2,8:56,MEM,sub,,,,Marc Gasol,,Sam Young,,,,,,,,,,,,
Brandon Roy,LaMarcus Aldridge,Rudy Fernandez,Steve Blake,Travis Outlaw,DeMarre Carroll,Marc Gasol,Marcus Williams,O.J. Mayo,Steven Hunter,2,8:56,MEM,sub,,,,Steven Hunter,,Hamed Haddadi,,,,,,,,,,,,
Brandon Roy,LaMarcus Aldridge,Rudy Fernandez,Steve Blake,Travis Outlaw,DeMarre Carroll,Marc Gasol,Marcus Williams,O.J. Mayo,Steven Hunter,2,8:56,POR,free throw,,,,,,,1,,1,Rudy Fernandez,,,foul,made,,,,
Brandon Roy,LaMarcus Aldridge,Rudy Fernandez,Steve Blake,Travis Outlaw,DeMarre Carroll,Marc Gasol,Marcus Williams,O.J. Mayo,Steven Hunter,2,8:37,MEM,shot,,,,,,,,,,Steven Hunter,,,,missed,,fade away jumper,32,9
Brandon Roy,LaMarcus Aldridge,Rudy Fernandez,Steve Blake,Travis Outlaw,DeMarre Carroll,Marc Gasol,Marcus Williams,O.J. Mayo,Steven Hunter,2,8:35,POR,rebound,,,,,,,,,,LaMarcus Aldridge,,,,,,def,,
Brandon Roy,LaMarcus Aldridge,Rudy Fernandez,Steve Blake,Travis Outlaw,DeMarre Carroll,Marc Gasol,Marcus Williams,O.J. Mayo,Steven Hunter,2,8:29,MEM,foul,,,,,,,,Brandon Roy,,O.J. Mayo,,,,,,personal,,
Brandon Roy,LaMarcus Aldridge,Rudy Fernandez,Steve Blake,Travis Outlaw,DeMarre Carroll,Marc Gasol,Marcus Williams,O.J. Mayo,Sam Young,2,8:29,MEM,sub,,,,Sam Young,,Steven Hunter,,,,,,,,,,,,
Brandon Roy,LaMarcus Aldridge,Rudy Fernandez,Steve Blake,Travis Outlaw,DeMarre Carroll,Marc Gasol,Marcus Williams,O.J. Mayo,Sam Young,2,8:19,POR,shot,,,,,,,,,,Steve Blake,,,,missed,,3pt,11,26
Brandon Roy,LaMarcus Aldridge,Rudy Fernandez,Steve Blake,Travis Outlaw,DeMarre Carroll,Marc Gasol,Marcus Williams,O.J. Mayo,Sam Young,2,8:18,MEM,rebound,,,,,,,,,,DeMarre Carroll,,,,,,def,,
Brandon Roy,LaMarcus Aldridge,Rudy Fernandez,Steve Blake,Travis Outlaw,DeMarre Carroll,Marc Gasol,Marcus Williams,O.J. Mayo,Sam Young,2,8:13,POR,foul,,,,,,,,Sam Young,,Brandon Roy,,,,,,personal,,
Brandon Roy,LaMarcus Aldridge,Rudy Fernandez,Steve Blake,Travis Outlaw,DeMarre Carroll,Marc Gasol,Marcus Williams,O.J. Mayo,Sam Young,2,8:05,POR,foul,,,,,,,,Marcus Williams,,Rudy Fernandez,,,,,,personal,,
Brandon Roy,LaMarcus Aldridge,Martell Webster,Steve Blake,Travis Outlaw,DeMarre Carroll,Marc Gasol,Marcus Williams,O.J. Mayo,Sam Young,2,8:05,POR,sub,,,,Martell Webster,,Rudy Fernandez,,,,,,,,,,,,
Brandon Roy,LaMarcus Aldridge,Martell Webster,Steve Blake,Travis Outlaw,DeMarre Carroll,Marc Gasol,Marcus Williams,O.J. Mayo,Sam Young,2,7:51,MEM,shot,,,,,,,,,,Marc Gasol,,,,missed,,turnaround bank,18,12
Brandon Roy,LaMarcus Aldridge,Martell Webster,Steve Blake,Travis Outlaw,DeMarre Carroll,Marc Gasol,Marcus Williams,O.J. Mayo,Sam Young,2,7:51,MEM,rebound,,,,,,,,,,,,,,,,,,
Brandon Roy,LaMarcus Aldridge,Martell Webster,Steve Blake,Travis Outlaw,DeMarre Carroll,Marc Gasol,Marcus Williams,O.J. Mayo,Sam Young,2,7:51,MEM,turnover,,,,,,,,,,,,,shot clock turnover,,,,,
Brandon Roy,LaMarcus Aldridge,Martell Webster,Steve Blake,Travis Outlaw,DeMarre Carroll,Marc Gasol,Marcus Williams,O.J. Mayo,Sam Young,2,7:36,POR,shot,,,,,,,,,,Steve Blake,,,,missed,,jump,47,5
Brandon Roy,LaMarcus Aldridge,Martell Webster,Steve Blake,Travis Outlaw,DeMarre Carroll,Marc Gasol,Marcus Williams,O.J. Mayo,Sam Young,2,7:36,MEM,rebound,,,,,,,,,,DeMarre Carroll,,,,,,def,,
Brandon Roy,LaMarcus Aldridge,Martell Webster,Steve Blake,Travis Outlaw,DeMarre Carroll,Marc Gasol,Marcus Williams,O.J. Mayo,Sam Young,2,7:18,MEM,shot,O.J. Mayo,,,,,,,,,Marc Gasol,2,,,made,,turnaround jump,22,13
Brandon Roy,LaMarcus Aldridge,Martell Webster,Steve Blake,Travis Outlaw,DeMarre Carroll,Marc Gasol,Marcus Williams,O.J. Mayo,Sam Young,2,6:56,POR,shot,,,,,,,,,,Travis Outlaw,,,,missed,,running layup,25,6
Brandon Roy,LaMarcus Aldridge,Martell Webster,Steve Blake,Travis Outlaw,DeMarre Carroll,Marc Gasol,Marcus Williams,O.J. Mayo,Sam Young,2,6:53,MEM,rebound,,,,,,,,,,Sam Young,,,,,,def,,
Brandon Roy,LaMarcus Aldridge,Martell Webster,Steve Blake,Travis Outlaw,DeMarre Carroll,Marc Gasol,Marcus Williams,O.J. Mayo,Sam Young,2,6:50,MEM,shot,,,,,,,,,,O.J. Mayo,,,,missed,,reverse layup,25,6
Brandon Roy,LaMarcus Aldridge,Martell Webster,Steve Blake,Travis Outlaw,DeMarre Carroll,Marc Gasol,Marcus Williams,O.J. Mayo,Sam Young,2,6:49,POR,rebound,,,,,,,,,,,,,,,,,,
Brandon Roy,LaMarcus Aldridge,Martell Webster,Steve Blake,Travis Outlaw,DeMarre Carroll,Marc Gasol,Mike Conley,O.J. Mayo,Sam Young,2,6:49,MEM,sub,,,,Mike Conley,,Marcus Williams,,,,,,,,,,,,
Brandon Roy,LaMarcus Aldridge,Martell Webster,Steve Blake,Travis Outlaw,DeMarre Carroll,Marc Gasol,Mike Conley,O.J. Mayo,Sam Young,2,6:30,POR,shot,,,,,,,,,,LaMarcus Aldridge,2,,,made,,pullup jump,38,19
Brandon Roy,LaMarcus Aldridge,Martell Webster,Steve Blake,Travis Outlaw,DeMarre Carroll,Marc Gasol,Mike Conley,O.J. Mayo,Sam Young,2,6:13,POR,foul,,,,,,,,Marc Gasol,,LaMarcus Aldridge,,,,,,personal,,
Brandon Roy,LaMarcus Aldridge,Martell Webster,Steve Blake,Travis Outlaw,DeMarre Carroll,Marc Gasol,Mike Conley,O.J. Mayo,Sam Young,2,6:13,MEM,free throw,,,,,,,1,,2,Marc Gasol,,,foul,missed,,,,
Brandon Roy,LaMarcus Aldridge,Martell Webster,Steve Blake,Travis Outlaw,DeMarre Carroll,Marc Gasol,Mike Conley,O.J. Mayo,Sam Young,2,6:13,MEM,rebound,,,,,,,,,,,,,,,,,,
Brandon Roy,LaMarcus Aldridge,Martell Webster,Steve Blake,Travis Outlaw,DeMarre Carroll,Marc Gasol,Mike Conley,O.J. Mayo,Sam Young,2,6:13,MEM,free throw,,,,,,,2,,2,Marc Gasol,,,foul,made,,,,
Brandon Roy,LaMarcus Aldridge,Martell Webster,Steve Blake,Travis Outlaw,DeMarre Carroll,Marc Gasol,Mike Conley,O.J. Mayo,Sam Young,2,5:54,POR,shot,,,,,,,,,,Brandon Roy,2,,,made,,driving layup,25,6
Brandon Roy,LaMarcus Aldridge,Martell Webster,Steve Blake,Travis Outlaw,DeMarre Carroll,Marc Gasol,Mike Conley,O.J. Mayo,Sam Young,2,5:35,POR,foul,,,,,,,,Marc Gasol,,Travis Outlaw,,,,,,personal,,
Brandon Roy,LaMarcus Aldridge,Martell Webster,Steve Blake,Travis Outlaw,DeMarre Carroll,Marc Gasol,Mike Conley,O.J. Mayo,Sam Young,2,5:35,MEM,timeout,,,,,,,,,,,,,,,,regular,,
Brandon Roy,LaMarcus Aldridge,Martell Webster,Steve Blake,Travis Outlaw,DeMarre Carroll,Marc Gasol,Mike Conley,O.J. Mayo,Sam Young,2,5:35,MEM,free throw,,,,,,,1,,2,Marc Gasol,,,foul,made,,,,
Brandon Roy,LaMarcus Aldridge,Martell Webster,Steve Blake,Travis Outlaw,DeMarre Carroll,Marc Gasol,Mike Conley,O.J. Mayo,Sam Young,2,5:35,MEM,free throw,,,,,,,2,,2,Marc Gasol,,,foul,made,,,,
Brandon Roy,LaMarcus Aldridge,Martell Webster,Steve Blake,Travis Outlaw,DeMarre Carroll,Marc Gasol,Mike Conley,O.J. Mayo,Sam Young,2,5:25,MEM,foul,,,,,,,,Brandon Roy,,Sam Young,,,,,,personal,,
Brandon Roy,LaMarcus Aldridge,Martell Webster,Steve Blake,Travis Outlaw,DeMarre Carroll,Marc Gasol,Mike Conley,O.J. Mayo,Sam Young,2,5:09,POR,shot,,,,,,,,,,Travis Outlaw,,,,missed,,jump,25,6
Brandon Roy,LaMarcus Aldridge,Martell Webster,Steve Blake,Travis Outlaw,DeMarre Carroll,Marc Gasol,Mike Conley,O.J. Mayo,Sam Young,2,5:09,MEM,rebound,,,,,,,,,,O.J. Mayo,,,,,,def,,
Brandon Roy,LaMarcus Aldridge,Martell Webster,Steve Blake,Travis Outlaw,DeMarre Carroll,Marc Gasol,Mike Conley,O.J. Mayo,Sam Young,2,5:03,MEM,shot,Mike Conley,,,,,,,,,Marc Gasol,2,,,made,,jump,26,8
Brandon Roy,LaMarcus Aldridge,Martell Webster,Steve Blake,Travis Outlaw,DeMarre Carroll,Marc Gasol,Mike Conley,O.J. Mayo,Sam Young,2,4:46,POR,shot,Brandon Roy,,,,,,,,,Martell Webster,3,,,made,,3pt,48,6
Brandon Roy,LaMarcus Aldridge,Martell Webster,Steve Blake,Travis Outlaw,DeMarre Carroll,Marc Gasol,Mike Conley,O.J. Mayo,Sam Young,2,4:27,MEM,shot,,,LaMarcus Aldridge,,,,,,,Mike Conley,,,,missed,,layup,25,6
Brandon Roy,LaMarcus Aldridge,Martell Webster,Steve Blake,Travis Outlaw,DeMarre Carroll,Marc Gasol,Mike Conley,O.J. Mayo,Sam Young,2,4:26,MEM,rebound,,,,,,,,,,,,,,,,,,
Andre Miller,Brandon Roy,LaMarcus Aldridge,Martell Webster,Travis Outlaw,DeMarre Carroll,Marc Gasol,Mike Conley,O.J. Mayo,Sam Young,2,4:26,POR,sub,,,,Andre Miller,,Steve Blake,,,,,,,,,,,,
Andre Miller,Brandon Roy,LaMarcus Aldridge,Martell Webster,Travis Outlaw,DeMarre Carroll,Marc Gasol,Mike Conley,O.J. Mayo,Sam Young,2,4:23,POR,foul,,,,,,,,Marc Gasol,,Martell Webster,,,,,,personal,,
Andre Miller,Brandon Roy,LaMarcus Aldridge,Martell Webster,Travis Outlaw,DeMarre Carroll,Marc Gasol,Mike Conley,O.J. Mayo,Sam Young,2,4:23,MEM,free throw,,,,,,,1,,2,Marc Gasol,,,foul,made,,,,
Andre Miller,Brandon Roy,LaMarcus Aldridge,Martell Webster,Travis Outlaw,Marc Gasol,Mike Conley,O.J. Mayo,Rudy Gay,Sam Young,2,4:23,MEM,sub,,,,Rudy Gay,,DeMarre Carroll,,,,,,,,,,,,
Andre Miller,Brandon Roy,LaMarcus Aldridge,Martell Webster,Travis Outlaw,Marc Gasol,Mike Conley,O.J. Mayo,Rudy Gay,Sam Young,2,4:23,MEM,free throw,,,,,,,2,,2,Marc Gasol,,,foul,made,,,,
Andre Miller,Brandon Roy,LaMarcus Aldridge,Martell Webster,Travis Outlaw,Marc Gasol,Mike Conley,O.J. Mayo,Rudy Gay,Sam Young,2,4:09,POR,shot,,,,,,,,,,LaMarcus Aldridge,,,,missed,,step back jump,32,25
Andre Miller,Brandon Roy,LaMarcus Aldridge,Martell Webster,Travis Outlaw,Marc Gasol,Mike Conley,O.J. Mayo,Rudy Gay,Sam Young,2,4:07,MEM,rebound,,,,,,,,,,Sam Young,,,,,,def,,
Andre Miller,Brandon Roy,LaMarcus Aldridge,Martell Webster,Travis Outlaw,Marc Gasol,Mike Conley,O.J. Mayo,Rudy Gay,Sam Young,2,3:55,MEM,shot,,,,,,,,,,O.J. Mayo,,,,missed,,3pt,40,28
Andre Miller,Brandon Roy,LaMarcus Aldridge,Martell Webster,Travis Outlaw,Marc Gasol,Mike Conley,O.J. Mayo,Rudy Gay,Sam Young,2,3:54,POR,rebound,,,,,,,,,,Martell Webster,,,,,,def,,
Andre Miller,Brandon Roy,LaMarcus Aldridge,Martell Webster,Travis Outlaw,Marc Gasol,Mike Conley,O.J. Mayo,Rudy Gay,Sam Young,2,3:44,MEM,foul,,,,,,,,Martell Webster,,Marc Gasol,,,,,,shooting,,
Andre Miller,Brandon Roy,LaMarcus Aldridge,Martell Webster,Travis Outlaw,Marc Gasol,Mike Conley,O.J. Mayo,Rudy Gay,Sam Young,2,3:44,POR,free throw,,,,,,,1,,2,Martell Webster,,,foul,made,,,,
Andre Miller,Brandon Roy,LaMarcus Aldridge,Martell Webster,Travis Outlaw,Marc Gasol,Mike Conley,O.J. Mayo,Rudy Gay,Sam Young,2,3:44,POR,free throw,,,,,,,2,,2,Martell Webster,,,foul,made,,,,
Andre Miller,Brandon Roy,LaMarcus Aldridge,Martell Webster,Travis Outlaw,Marc Gasol,Mike Conley,O.J. Mayo,Rudy Gay,Sam Young,2,3:26,MEM,shot,,,,,,,,,,O.J. Mayo,2,,,made,,running jump,37,8
Andre Miller,Brandon Roy,LaMarcus Aldridge,Martell Webster,Travis Outlaw,Marc Gasol,Mike Conley,O.J. Mayo,Rudy Gay,Sam Young,2,2:58,POR,shot,,,,,,,,,,Martell Webster,,,,missed,,3pt,46,17
Andre Miller,Brandon Roy,LaMarcus Aldridge,Martell Webster,Travis Outlaw,Marc Gasol,Mike Conley,O.J. Mayo,Rudy Gay,Sam Young,2,2:57,POR,rebound,,,,,,,,,,Travis Outlaw,,,,,,off,,
Andre Miller,Brandon Roy,LaMarcus Aldridge,Martell Webster,Travis Outlaw,Marc Gasol,Mike Conley,O.J. Mayo,Rudy Gay,Sam Young,2,2:57,POR,shot,,,,,,,,,,Travis Outlaw,2,,,made,,slam dunk,25,6
Andre Miller,Brandon Roy,LaMarcus Aldridge,Martell Webster,Travis Outlaw,Marc Gasol,Mike Conley,O.J. Mayo,Rudy Gay,Sam Young,2,2:36,MEM,shot,,,Brandon Roy,,,,,,,Mike Conley,,,,missed,,layup,25,6
Andre Miller,Brandon Roy,LaMarcus Aldridge,Martell Webster,Travis Outlaw,Marc Gasol,Mike Conley,O.J. Mayo,Rudy Gay,Sam Young,2,2:34,MEM,rebound,,,,,,,,,,Sam Young,,,,,,off,,
Andre Miller,Brandon Roy,LaMarcus Aldridge,Martell Webster,Travis Outlaw,Marc Gasol,Mike Conley,O.J. Mayo,Rudy Gay,Sam Young,2,2:29,MEM,shot,,,,,,,,,,Sam Young,,,,missed,,alley oop layup,25,6
Andre Miller,Brandon Roy,LaMarcus Aldridge,Martell Webster,Travis Outlaw,Marc Gasol,Mike Conley,O.J. Mayo,Rudy Gay,Sam Young,2,2:26,POR,rebound,,,,,,,,,,LaMarcus Aldridge,,,,,,def,,
Andre Miller,Brandon Roy,LaMarcus Aldridge,Martell Webster,Travis Outlaw,Marc Gasol,Mike Conley,O.J. Mayo,Rudy Gay,Sam Young,2,2:15,POR,turnover,,,,,,,,,,Brandon Roy,,,bad pass,,Rudy Gay,,,
Andre Miller,Brandon Roy,LaMarcus Aldridge,Martell Webster,Travis Outlaw,Marc Gasol,Mike Conley,O.J. Mayo,Rudy Gay,Sam Young,2,2:02,MEM,shot,,,,,,,,,,Rudy Gay,,,,missed,,pullup jump,31,19
Andre Miller,Brandon Roy,LaMarcus Aldridge,Martell Webster,Travis Outlaw,Marc Gasol,Mike Conley,O.J. Mayo,Rudy Gay,Sam Young,2,2:00,POR,rebound,,,,,,,,,,LaMarcus Aldridge,,,,,,def,,
Andre Miller,Brandon Roy,LaMarcus Aldridge,Martell Webster,Travis Outlaw,Marc Gasol,Mike Conley,O.J. Mayo,Rudy Gay,Sam Young,2,1:57,POR,timeout,,,,,,,,,,,,,,,,regular,,
Andre Miller,Brandon Roy,LaMarcus Aldridge,Martell Webster,Travis Outlaw,Marc Gasol,Mike Conley,O.J. Mayo,Rudy Gay,Zach Randolph,2,1:57,MEM,sub,,,,Zach Randolph,,Sam Young,,,,,,,,,,,,
Andre Miller,Brandon Roy,LaMarcus Aldridge,Martell Webster,Travis Outlaw,Marc Gasol,Mike Conley,O.J. Mayo,Rudy Gay,Zach Randolph,2,1:46,POR,shot,,,,,,,,,,Martell Webster,,,,missed,,3pt,48,6
Andre Miller,Brandon Roy,LaMarcus Aldridge,Martell Webster,Travis Outlaw,Marc Gasol,Mike Conley,O.J. Mayo,Rudy Gay,Zach Randolph,2,1:45,MEM,rebound,,,,,,,,,,Zach Randolph,,,,,,def,,
Andre Miller,Brandon Roy,LaMarcus Aldridge,Martell Webster,Travis Outlaw,Marc Gasol,Mike Conley,O.J. Mayo,Rudy Gay,Zach Randolph,2,1:32,MEM,shot,,,,,,,,,,Zach Randolph,,,,missed,,layup,25,6
Andre Miller,Brandon Roy,LaMarcus Aldridge,Martell Webster,Travis Outlaw,Marc Gasol,Mike Conley,O.J. Mayo,Rudy Gay,Zach Randolph,2,1:32,MEM,rebound,,,,,,,,,,Zach Randolph,,,,,,off,,
Andre Miller,Brandon Roy,LaMarcus Aldridge,Martell Webster,Travis Outlaw,Marc Gasol,Mike Conley,O.J. Mayo,Rudy Gay,Zach Randolph,2,1:30,MEM,shot,,,,,,,,,,Zach Randolph,,,,missed,,tip,25,6
Andre Miller,Brandon Roy,LaMarcus Aldridge,Martell Webster,Travis Outlaw,Marc Gasol,Mike Conley,O.J. Mayo,Rudy Gay,Zach Randolph,2,1:28,POR,rebound,,,,,,,,,,Travis Outlaw,,,,,,def,,
Andre Miller,Brandon Roy,LaMarcus Aldridge,Martell Webster,Travis Outlaw,Marc Gasol,Mike Conley,O.J. Mayo,Rudy Gay,Zach Randolph,2,1:25,MEM,foul,,,,,,,,Martell Webster,,Mike Conley,,,,,,shooting,,
Andre Miller,Brandon Roy,LaMarcus Aldridge,Martell Webster,Travis Outlaw,Marc Gasol,Mike Conley,O.J. Mayo,Rudy Gay,Zach Randolph,2,1:25,POR,free throw,,,,,,,1,,2,Martell Webster,,,foul,made,,,,
Andre Miller,Brandon Roy,LaMarcus Aldridge,Martell Webster,Travis Outlaw,Marc Gasol,Marcus Williams,O.J. Mayo,Rudy Gay,Zach Randolph,2,1:25,MEM,sub,,,,Marcus Williams,,Mike Conley,,,,,,,,,,,,
Andre Miller,Brandon Roy,Joel Przybilla,LaMarcus Aldridge,Martell Webster,Marc Gasol,Marcus Williams,O.J. Mayo,Rudy Gay,Zach Randolph,2,1:25,POR,sub,,,,Joel Przybilla,,Travis Outlaw,,,,,,,,,,,,
Andre Miller,Brandon Roy,Joel Przybilla,LaMarcus Aldridge,Martell Webster,Marc Gasol,Marcus Williams,O.J. Mayo,Rudy Gay,Zach Randolph,2,1:25,POR,free throw,,,,,,,2,,2,Martell Webster,,,foul,made,,,,
Andre Miller,Brandon Roy,Joel Przybilla,LaMarcus Aldridge,Martell Webster,Marc Gasol,Marcus Williams,O.J. Mayo,Rudy Gay,Zach Randolph,2,1:11,MEM,shot,,,,,,,,,,O.J. Mayo,,,,missed,,jump,22,24
Andre Miller,Brandon Roy,Joel Przybilla,LaMarcus Aldridge,Martell Webster,Marc Gasol,Marcus Williams,O.J. Mayo,Rudy Gay,Zach Randolph,2,1:11,POR,rebound,,,,,,,,,,Martell Webster,,,,,,def,,
Andre Miller,Brandon Roy,Joel Przybilla,LaMarcus Aldridge,Martell Webster,Marc Gasol,Marcus Williams,O.J. Mayo,Rudy Gay,Zach Randolph,2,1:01,POR,turnover,,,,,,,,,,Andre Miller,,,traveling,,,,,
Andre Miller,Brandon Roy,Joel Przybilla,LaMarcus Aldridge,Martell Webster,Marc Gasol,Marcus Williams,O.J. Mayo,Rudy Gay,Zach Randolph,2,0:40,POR,foul,,,,,,,,Rudy Gay,,LaMarcus Aldridge,,,,,,shooting,,
Andre Miller,Brandon Roy,Joel Przybilla,LaMarcus Aldridge,Martell Webster,Marc Gasol,Marcus Williams,O.J. Mayo,Rudy Gay,Zach Randolph,2,0:40,MEM,free throw,,,,,,,1,,2,Rudy Gay,,,foul,made,,,,
Brandon Roy,Joel Przybilla,LaMarcus Aldridge,Martell Webster,Steve Blake,Marc Gasol,Marcus Williams,O.J. Mayo,Rudy Gay,Zach Randolph,2,0:40,POR,sub,,,,Steve Blake,,Andre Miller,,,,,,,,,,,,
Brandon Roy,Joel Przybilla,Martell Webster,Steve Blake,Travis Outlaw,Marc Gasol,Marcus Williams,O.J. Mayo,Rudy Gay,Zach Randolph,2,0:40,POR,sub,,,,Travis Outlaw,,LaMarcus Aldridge,,,,,,,,,,,,
Brandon Roy,Joel Przybilla,Martell Webster,Steve Blake,Travis Outlaw,Marc Gasol,Marcus Williams,O.J. Mayo,Rudy Gay,Zach Randolph,2,0:40,MEM,free throw,,,,,,,2,,2,Rudy Gay,,,foul,made,,,,
Brandon Roy,Joel Przybilla,Martell Webster,Steve Blake,Travis Outlaw,Marc Gasol,Marcus Williams,O.J. Mayo,Rudy Gay,Zach Randolph,2,0:31,MEM,foul,,,,,,,,Brandon Roy,,Rudy Gay,,,,,,shooting,,
Brandon Roy,Joel Przybilla,Martell Webster,Steve Blake,Travis Outlaw,Marc Gasol,Marcus Williams,O.J. Mayo,Rudy Gay,Zach Randolph,2,0:31,POR,free throw,,,,,,,1,,2,Brandon Roy,,,foul,missed,,,,
Brandon Roy,Joel Przybilla,Martell Webster,Steve Blake,Travis Outlaw,Marc Gasol,Marcus Williams,O.J. Mayo,Rudy Gay,Zach Randolph,2,0:31,POR,rebound,,,,,,,,,,,,,,,,,,
Brandon Roy,Joel Przybilla,Martell Webster,Steve Blake,Travis Outlaw,Marc Gasol,Marcus Williams,O.J. Mayo,Rudy Gay,Zach Randolph,2,0:31,POR,free throw,,,,,,,2,,2,Brandon Roy,,,foul,made,,,,
Brandon Roy,Joel Przybilla,Martell Webster,Steve Blake,Travis Outlaw,Marc Gasol,Marcus Williams,O.J. Mayo,Rudy Gay,Zach Randolph,2,0:13,MEM,shot,Marc Gasol,,,,,,,,,Zach Randolph,2,,,made,,jump,24,10
Brandon Roy,Joel Przybilla,Martell Webster,Steve Blake,Travis Outlaw,Marc Gasol,Marcus Williams,O.J. Mayo,Rudy Gay,Zach Randolph,2,0:13,POR,timeout,,,,,,,,,,,,,,,,short,,
Brandon Roy,Joel Przybilla,Martell Webster,Steve Blake,Travis Outlaw,DeMarre Carroll,Marc Gasol,Marcus Williams,O.J. Mayo,Zach Randolph,2,0:13,MEM,sub,,,,DeMarre Carroll,,Rudy Gay,,,,,,,,,,,,
Brandon Roy,Joel Przybilla,Martell Webster,Steve Blake,Travis Outlaw,DeMarre Carroll,Marc Gasol,Marcus Williams,O.J. Mayo,Sam Young,2,0:13,MEM,sub,,,,Sam Young,,Zach Randolph,,,,,,,,,,,,
Brandon Roy,LaMarcus Aldridge,Martell Webster,Steve Blake,Travis Outlaw,DeMarre Carroll,Marc Gasol,Marcus Williams,O.J. Mayo,Sam Young,2,0:13,POR,sub,,,,LaMarcus Aldridge,,Joel Przybilla,,,,,,,,,,,,
Brandon Roy,LaMarcus Aldridge,Martell Webster,Steve Blake,Travis Outlaw,DeMarre Carroll,Marc Gasol,Marcus Williams,O.J. Mayo,Sam Young,2,0:00,POR,shot,,,,,,,,,,Brandon Roy,,,,missed,,jump,29,25
Brandon Roy,LaMarcus Aldridge,Martell Webster,Steve Blake,Travis Outlaw,DeMarre Carroll,Marc Gasol,Marcus Williams,O.J. Mayo,Sam Young,2,0:00,POR,rebound,,,,,,,,,,Travis Outlaw,,,,,,off,,
Andre Miller,Brandon Roy,Greg Oden,LaMarcus Aldridge,Steve Blake,Marc Gasol,Mike Conley,O.J. Mayo,Rudy Gay,Zach Randolph,3,11:46,MEM,foul,,,,,,,,Greg Oden,,O.J. Mayo,,,,,,shooting,,
Andre Miller,Brandon Roy,Greg Oden,LaMarcus Aldridge,Steve Blake,Marc Gasol,Mike Conley,O.J. Mayo,Rudy Gay,Zach Randolph,3,11:46,POR,free throw,,,,,,,1,,2,Greg Oden,,,foul,missed,,,,
Andre Miller,Brandon Roy,Greg Oden,LaMarcus Aldridge,Steve Blake,Marc Gasol,Mike Conley,O.J. Mayo,Rudy Gay,Zach Randolph,3,11:46,POR,rebound,,,,,,,,,,,,,,,,,,
Andre Miller,Brandon Roy,Greg Oden,LaMarcus Aldridge,Steve Blake,Marc Gasol,Mike Conley,O.J. Mayo,Rudy Gay,Zach Randolph,3,11:46,POR,free throw,,,,,,,2,,2,Greg Oden,,,foul,made,,,,
Andre Miller,Brandon Roy,Greg Oden,LaMarcus Aldridge,Steve Blake,Marc Gasol,Mike Conley,O.J. Mayo,Rudy Gay,Zach Randolph,3,11:33,MEM,shot,Mike Conley,,,,,,,,,Marc Gasol,2,,,made,,slam dunk,25,6
Andre Miller,Brandon Roy,Greg Oden,LaMarcus Aldridge,Steve Blake,Marc Gasol,Mike Conley,O.J. Mayo,Rudy Gay,Zach Randolph,3,11:02,POR,shot,,,,,,,,,,Brandon Roy,2,,,made,,jump,15,20
Andre Miller,Brandon Roy,Greg Oden,LaMarcus Aldridge,Steve Blake,Marc Gasol,Mike Conley,O.J. Mayo,Rudy Gay,Zach Randolph,3,10:46,MEM,turnover,,,,,,,,,,Rudy Gay,,,bad pass,,Steve Blake,,,
Andre Miller,Brandon Roy,Greg Oden,LaMarcus Aldridge,Steve Blake,Marc Gasol,Mike Conley,O.J. Mayo,Rudy Gay,Zach Randolph,3,10:29,POR,shot,,,,,,,,,,Andre Miller,2,,,made,,jump,9,8
Andre Miller,Brandon Roy,Greg Oden,LaMarcus Aldridge,Steve Blake,Marc Gasol,Mike Conley,O.J. Mayo,Rudy Gay,Zach Randolph,3,10:17,POR,foul,,,,,,,,Zach Randolph,,Brandon Roy,,,,,,shooting,,
Andre Miller,Brandon Roy,Greg Oden,LaMarcus Aldridge,Steve Blake,Marc Gasol,Mike Conley,O.J. Mayo,Rudy Gay,Zach Randolph,3,10:17,MEM,free throw,,,,,,,1,,2,Zach Randolph,,,foul,made,,,,
Andre Miller,Brandon Roy,Greg Oden,LaMarcus Aldridge,Steve Blake,Marc Gasol,Mike Conley,O.J. Mayo,Rudy Gay,Zach Randolph,3,10:17,MEM,free throw,,,,,,,2,,2,Zach Randolph,,,foul,missed,,,,
Andre Miller,Brandon Roy,Greg Oden,LaMarcus Aldridge,Steve Blake,Marc Gasol,Mike Conley,O.J. Mayo,Rudy Gay,Zach Randolph,3,10:15,POR,rebound,,,,,,,,,,LaMarcus Aldridge,,,,,,def,,
Andre Miller,Brandon Roy,Greg Oden,LaMarcus Aldridge,Steve Blake,Marc Gasol,Mike Conley,O.J. Mayo,Rudy Gay,Zach Randolph,3,10:12,POR,turnover,,,,,,,,,,Steve Blake,,,bad pass,,,,,
Andre Miller,Brandon Roy,Greg Oden,LaMarcus Aldridge,Steve Blake,Marc Gasol,Mike Conley,O.J. Mayo,Rudy Gay,Zach Randolph,3,9:54,MEM,shot,,,,,,,,,,Rudy Gay,,,,missed,,layup,25,6
Andre Miller,Brandon Roy,Greg Oden,LaMarcus Aldridge,Steve Blake,Marc Gasol,Mike Conley,O.J. Mayo,Rudy Gay,Zach Randolph,3,9:50,MEM,rebound,,,,,,,,,,Zach Randolph,,,,,,off,,
Andre Miller,Brandon Roy,Greg Oden,LaMarcus Aldridge,Steve Blake,Marc Gasol,Mike Conley,O.J. Mayo,Rudy Gay,Zach Randolph,3,9:50,MEM,shot,,,,,,,,,,Zach Randolph,2,,,made,,layup,25,6
Andre Miller,Brandon Roy,Greg Oden,LaMarcus Aldridge,Steve Blake,Marc Gasol,Mike Conley,O.J. Mayo,Rudy Gay,Zach Randolph,3,9:33,POR,shot,,,,,,,,,,Andre Miller,,,,missed,,running bank,31,11
Andre Miller,Brandon Roy,Greg Oden,LaMarcus Aldridge,Steve Blake,Marc Gasol,Mike Conley,O.J. Mayo,Rudy Gay,Zach Randolph,3,9:30,MEM,rebound,,,,,,,,,,Marc Gasol,,,,,,def,,
Andre Miller,Brandon Roy,Greg Oden,LaMarcus Aldridge,Steve Blake,Marc Gasol,Mike Conley,O.J. Mayo,Rudy Gay,Zach Randolph,3,9:26,MEM,shot,,,,,,,,,,O.J. Mayo,2,,,made,,pullup jump,26,27
Andre Miller,Brandon Roy,Greg Oden,LaMarcus Aldridge,Steve Blake,Marc Gasol,Mike Conley,O.J. Mayo,Rudy Gay,Zach Randolph,3,9:10,POR,turnover,,,,,,,,,,Brandon Roy,,,bad pass,,Rudy Gay,,,
Andre Miller,Brandon Roy,Greg Oden,LaMarcus Aldridge,Steve Blake,Marc Gasol,Mike Conley,O.J. Mayo,Rudy Gay,Zach Randolph,3,8:51,MEM,shot,,,,,,,,,,O.J. Mayo,,,,missed,,3pt,48,16
Andre Miller,Brandon Roy,Greg Oden,LaMarcus Aldridge,Steve Blake,Marc Gasol,Mike Conley,O.J. Mayo,Rudy Gay,Zach Randolph,3,8:51,POR,rebound,,,,,,,,,,Steve Blake,,,,,,def,,
Andre Miller,Brandon Roy,Greg Oden,LaMarcus Aldridge,Steve Blake,Marc Gasol,Mike Conley,O.J. Mayo,Rudy Gay,Zach Randolph,3,8:42,MEM,foul,,,,,,,,Andre Miller,,O.J. Mayo,,,,,,personal,,
Andre Miller,Brandon Roy,Greg Oden,LaMarcus Aldridge,Steve Blake,Marc Gasol,Mike Conley,O.J. Mayo,Rudy Gay,Zach Randolph,3,8:25,POR,shot,,,,,,,,,,Andre Miller,,,,missed,,jump,37,8
Andre Miller,Brandon Roy,Greg Oden,LaMarcus Aldridge,Steve Blake,Marc Gasol,Mike Conley,O.J. Mayo,Rudy Gay,Zach Randolph,3,8:24,POR,rebound,,,,,,,,,,Greg Oden,,,,,,off,,
Andre Miller,Brandon Roy,Greg Oden,LaMarcus Aldridge,Steve Blake,Marc Gasol,Mike Conley,O.J. Mayo,Rudy Gay,Zach Randolph,3,8:24,POR,shot,,,,,,,,,,Greg Oden,,,,missed,,putback layup,25,6
Andre Miller,Brandon Roy,Greg Oden,LaMarcus Aldridge,Steve Blake,Marc Gasol,Mike Conley,O.J. Mayo,Rudy Gay,Zach Randolph,3,8:22,POR,rebound,,,,,,,,,,Greg Oden,,,,,,off,,
Andre Miller,Brandon Roy,Greg Oden,LaMarcus Aldridge,Steve Blake,Marc Gasol,Mike Conley,O.J. Mayo,Rudy Gay,Zach Randolph,3,8:22,POR,shot,,,,,,,,,,Greg Oden,2,,,made,,putback dunk,25,6
Andre Miller,Brandon Roy,Greg Oden,LaMarcus Aldridge,Steve Blake,Marc Gasol,Mike Conley,O.J. Mayo,Rudy Gay,Zach Randolph,3,8:03,MEM,turnover,,,,,,,,,,Rudy Gay,,,traveling,,,,,
Andre Miller,Brandon Roy,Greg Oden,LaMarcus Aldridge,Steve Blake,Marc Gasol,Mike Conley,O.J. Mayo,Rudy Gay,Zach Randolph,3,7:53,MEM,foul,,,,,,,,Brandon Roy,,Marc Gasol,,,,,,shooting,,
Andre Miller,Brandon Roy,Greg Oden,LaMarcus Aldridge,Steve Blake,Marc Gasol,Mike Conley,O.J. Mayo,Rudy Gay,Zach Randolph,3,7:53,POR,free throw,,,,,,,1,,2,Brandon Roy,,,foul,missed,,,,
Andre Miller,Brandon Roy,Greg Oden,LaMarcus Aldridge,Steve Blake,Marc Gasol,Mike Conley,O.J. Mayo,Rudy Gay,Zach Randolph,3,7:53,POR,rebound,,,,,,,,,,,,,,,,,,
Andre Miller,Brandon Roy,Greg Oden,LaMarcus Aldridge,Steve Blake,Marc Gasol,Mike Conley,O.J. Mayo,Rudy Gay,Zach Randolph,3,7:53,POR,free throw,,,,,,,2,,2,Brandon Roy,,,foul,made,,,,
Andre Miller,Brandon Roy,Greg Oden,LaMarcus Aldridge,Steve Blake,Marc Gasol,Mike Conley,O.J. Mayo,Rudy Gay,Zach Randolph,3,7:30,MEM,shot,,,,,,,,,,O.J. Mayo,2,,,made,,jump,39,19
Andre Miller,Brandon Roy,Greg Oden,LaMarcus Aldridge,Steve Blake,Marc Gasol,Mike Conley,O.J. Mayo,Rudy Gay,Zach Randolph,3,7:16,POR,shot,,,,,,,,,,Steve Blake,,,,missed,,3pt,40,26
Andre Miller,Brandon Roy,Greg Oden,LaMarcus Aldridge,Steve Blake,Marc Gasol,Mike Conley,O.J. Mayo,Rudy Gay,Zach Randolph,3,7:15,MEM,rebound,,,,,,,,,,O.J. Mayo,,,,,,def,,
Andre Miller,Brandon Roy,Greg Oden,LaMarcus Aldridge,Steve Blake,Marc Gasol,Mike Conley,O.J. Mayo,Rudy Gay,Zach Randolph,3,7:04,MEM,shot,,,,,,,,,,Mike Conley,,,,missed,,driving reverse layup,25,6
Andre Miller,Brandon Roy,Greg Oden,LaMarcus Aldridge,Steve Blake,Marc Gasol,Mike Conley,O.J. Mayo,Rudy Gay,Zach Randolph,3,7:00,POR,rebound,,,,,,,,,,Andre Miller,,,,,,def,,
Andre Miller,Brandon Roy,Greg Oden,LaMarcus Aldridge,Steve Blake,Marc Gasol,Mike Conley,O.J. Mayo,Rudy Gay,Zach Randolph,3,6:56,POR,shot,Andre Miller,,,,,,,,,Steve Blake,3,,,made,,3pt,42,23
Andre Miller,Brandon Roy,Greg Oden,LaMarcus Aldridge,Steve Blake,Marc Gasol,Mike Conley,O.J. Mayo,Rudy Gay,Zach Randolph,3,6:56,MEM,timeout,,,,,,,,,,,,,,,,regular,,
Andre Miller,Brandon Roy,Greg Oden,LaMarcus Aldridge,Steve Blake,Marc Gasol,Mike Conley,O.J. Mayo,Rudy Gay,Zach Randolph,3,6:43,MEM,foul,,,,,,,,LaMarcus Aldridge,,Rudy Gay,,,,,,offensive,,
Andre Miller,Brandon Roy,Greg Oden,LaMarcus Aldridge,Steve Blake,Marc Gasol,Mike Conley,O.J. Mayo,Rudy Gay,Zach Randolph,3,6:43,MEM,turnover,,,,,,,,,,Rudy Gay,,,foul,,,,,
Andre Miller,Brandon Roy,Greg Oden,LaMarcus Aldridge,Steve Blake,Marc Gasol,Mike Conley,O.J. Mayo,Rudy Gay,Zach Randolph,3,6:31,POR,shot,Andre Miller,,,,,,,,,Greg Oden,2,,,made,,layup,25,6
Andre Miller,Brandon Roy,Greg Oden,LaMarcus Aldridge,Steve Blake,Marc Gasol,Mike Conley,O.J. Mayo,Rudy Gay,Zach Randolph,3,6:06,MEM,shot,,,,,,,,,,O.J. Mayo,,,,missed,,jump,6,5
Andre Miller,Brandon Roy,Greg Oden,LaMarcus Aldridge,Steve Blake,Marc Gasol,Mike Conley,O.J. Mayo,Rudy Gay,Zach Randolph,3,6:06,MEM,rebound,,,,,,,,,,,,,,,,,,
Andre Miller,Brandon Roy,Greg Oden,LaMarcus Aldridge,Steve Blake,Marc Gasol,Mike Conley,O.J. Mayo,Rudy Gay,Zach Randolph,3,6:04,MEM,turnover,,,,,,,,,,,,,shot clock turnover,,,,,
Andre Miller,Brandon Roy,Greg Oden,LaMarcus Aldridge,Steve Blake,Marc Gasol,Mike Conley,O.J. Mayo,Rudy Gay,Zach Randolph,3,5:48,POR,shot,,,,,,,,,,Andre Miller,,,,missed,,jump,16,18
Andre Miller,Brandon Roy,Greg Oden,LaMarcus Aldridge,Steve Blake,Marc Gasol,Mike Conley,O.J. Mayo,Rudy Gay,Zach Randolph,3,5:48,MEM,rebound,,,,,,,,,,Rudy Gay,,,,,,def,,
Andre Miller,Brandon Roy,Greg Oden,LaMarcus Aldridge,Steve Blake,Marc Gasol,Mike Conley,O.J. Mayo,Rudy Gay,Zach Randolph,3,5:45,MEM,turnover,,,,,,,,,,Rudy Gay,,,bad pass,,,,,
Andre Miller,Brandon Roy,Greg Oden,LaMarcus Aldridge,Steve Blake,Marc Gasol,Mike Conley,O.J. Mayo,Rudy Gay,Zach Randolph,3,5:31,POR,shot,Greg Oden,,,,,,,,,Andre Miller,2,,,made,,layup,25,6
Andre Miller,Brandon Roy,Greg Oden,LaMarcus Aldridge,Steve Blake,Marc Gasol,Mike Conley,O.J. Mayo,Rudy Gay,Zach Randolph,3,5:12,MEM,shot,,,,,,,,,,Marc Gasol,,,,missed,,jump,37,8
Andre Miller,Brandon Roy,Greg Oden,LaMarcus Aldridge,Steve Blake,Marc Gasol,Mike Conley,O.J. Mayo,Rudy Gay,Zach Randolph,3,5:11,MEM,rebound,,,,,,,,,,Zach Randolph,,,,,,off,,
Andre Miller,Brandon Roy,Greg Oden,LaMarcus Aldridge,Steve Blake,Marc Gasol,Mike Conley,O.J. Mayo,Rudy Gay,Zach Randolph,3,5:08,MEM,shot,,,,,,,,,,Zach Randolph,,,,missed,,layup,25,6
Andre Miller,Brandon Roy,Greg Oden,LaMarcus Aldridge,Steve Blake,Marc Gasol,Mike Conley,O.J. Mayo,Rudy Gay,Zach Randolph,3,5:07,POR,rebound,,,,,,,,,,Greg Oden,,,,,,def,,
Andre Miller,Brandon Roy,Greg Oden,LaMarcus Aldridge,Steve Blake,Marc Gasol,Mike Conley,O.J. Mayo,Rudy Gay,Zach Randolph,3,4:56,POR,shot,Andre Miller,,,,,,,,,Brandon Roy,3,,,made,,3pt,48,15
Andre Miller,Brandon Roy,Greg Oden,LaMarcus Aldridge,Steve Blake,Marc Gasol,Mike Conley,O.J. Mayo,Rudy Gay,Zach Randolph,3,4:56,MEM,timeout,,,,,,,,,,,,,,,,short,,
Brandon Roy,Greg Oden,LaMarcus Aldridge,Rudy Fernandez,Steve Blake,Marc Gasol,Mike Conley,O.J. Mayo,Rudy Gay,Zach Randolph,3,4:56,POR,sub,,,,Rudy Fernandez,,Andre Miller,,,,,,,,,,,,
Brandon Roy,Greg Oden,LaMarcus Aldridge,Rudy Fernandez,Steve Blake,Marc Gasol,Mike Conley,O.J. Mayo,Rudy Gay,Zach Randolph,3,4:37,MEM,shot,,,Greg Oden,,,,,,,Rudy Gay,,,,missed,,jump,23,14
Brandon Roy,Greg Oden,LaMarcus Aldridge,Rudy Fernandez,Steve Blake,Marc Gasol,Mike Conley,O.J. Mayo,Rudy Gay,Zach Randolph,3,4:37,MEM,rebound,,,,,,,,,,Rudy Gay,,,,,,off,,
Brandon Roy,Greg Oden,LaMarcus Aldridge,Rudy Fernandez,Steve Blake,Marc Gasol,Mike Conley,O.J. Mayo,Rudy Gay,Zach Randolph,3,4:37,POR,foul,,,,,,,,Rudy Gay,,Greg Oden,,,,,,shooting,,
Brandon Roy,Greg Oden,LaMarcus Aldridge,Rudy Fernandez,Steve Blake,Marc Gasol,Mike Conley,O.J. Mayo,Rudy Gay,Zach Randolph,3,4:37,MEM,free throw,,,,,,,1,,2,Rudy Gay,,,foul,missed,,,,
Brandon Roy,Greg Oden,LaMarcus Aldridge,Rudy Fernandez,Steve Blake,Marc Gasol,Mike Conley,O.J. Mayo,Rudy Gay,Zach Randolph,3,4:37,MEM,rebound,,,,,,,,,,,,,,,,,,
Brandon Roy,Greg Oden,LaMarcus Aldridge,Rudy Fernandez,Steve Blake,Marc Gasol,Mike Conley,O.J. Mayo,Rudy Gay,Zach Randolph,3,4:37,MEM,free throw,,,,,,,2,,2,Rudy Gay,,,foul,made,,,,
Brandon Roy,Greg Oden,LaMarcus Aldridge,Rudy Fernandez,Steve Blake,Marc Gasol,Mike Conley,O.J. Mayo,Rudy Gay,Zach Randolph,3,4:15,POR,shot,,,,,,,,,,Brandon Roy,,,,missed,,3pt,2,7
Brandon Roy,Greg Oden,LaMarcus Aldridge,Rudy Fernandez,Steve Blake,Marc Gasol,Mike Conley,O.J. Mayo,Rudy Gay,Zach Randolph,3,4:13,POR,rebound,,,,,,,,,,Greg Oden,,,,,,off,,
Brandon Roy,Greg Oden,LaMarcus Aldridge,Rudy Fernandez,Steve Blake,Marc Gasol,Mike Conley,O.J. Mayo,Rudy Gay,Zach Randolph,3,4:13,POR,shot,,,,,,,,,,Greg Oden,2,,,made,,tip,25,6
Brandon Roy,Greg Oden,LaMarcus Aldridge,Rudy Fernandez,Steve Blake,Marc Gasol,Mike Conley,O.J. Mayo,Rudy Gay,Zach Randolph,3,3:44,MEM,shot,,,,,,,,,,Mike Conley,,,,missed,,3pt,27,30
Brandon Roy,Greg Oden,LaMarcus Aldridge,Rudy Fernandez,Steve Blake,Marc Gasol,Mike Conley,O.J. Mayo,Rudy Gay,Zach Randolph,3,3:44,MEM,rebound,,,,,,,,,,,,,,,,,,
Brandon Roy,Greg Oden,LaMarcus Aldridge,Rudy Fernandez,Steve Blake,Marc Gasol,Marcus Williams,O.J. Mayo,Rudy Gay,Zach Randolph,3,3:44,MEM,sub,,,,Marcus Williams,,Mike Conley,,,,,,,,,,,,
Brandon Roy,Joel Przybilla,LaMarcus Aldridge,Rudy Fernandez,Steve Blake,Marc Gasol,Marcus Williams,O.J. Mayo,Rudy Gay,Zach Randolph,3,3:44,POR,sub,,,,Joel Przybilla,,Greg Oden,,,,,,,,,,,,
Brandon Roy,Joel Przybilla,LaMarcus Aldridge,Rudy Fernandez,Steve Blake,Marc Gasol,Marcus Williams,O.J. Mayo,Rudy Gay,Zach Randolph,3,3:41,POR,foul,,,,,,,,Marc Gasol,,Joel Przybilla,,,,,,personal,,
Brandon Roy,Joel Przybilla,LaMarcus Aldridge,Rudy Fernandez,Steve Blake,Marc Gasol,Marcus Williams,O.J. Mayo,Rudy Gay,Zach Randolph,3,3:29,MEM,shot,,,,,,,,,,Zach Randolph,,,,missed,,jump,23,12
Brandon Roy,Joel Przybilla,LaMarcus Aldridge,Rudy Fernandez,Steve Blake,Marc Gasol,Marcus Williams,O.J. Mayo,Rudy Gay,Zach Randolph,3,3:27,POR,rebound,,,,,,,,,,Joel Przybilla,,,,,,def,,
Brandon Roy,Joel Przybilla,LaMarcus Aldridge,Rudy Fernandez,Steve Blake,Marc Gasol,Marcus Williams,O.J. Mayo,Rudy Gay,Zach Randolph,3,3:13,POR,shot,Steve Blake,,,,,,,,,LaMarcus Aldridge,2,,,made,,turnaround fade away,34,16
Brandon Roy,Joel Przybilla,LaMarcus Aldridge,Rudy Fernandez,Steve Blake,Marc Gasol,Marcus Williams,O.J. Mayo,Rudy Gay,Zach Randolph,3,2:53,MEM,shot,,,,,,,,,,Marcus Williams,,,,missed,,3pt,22,31
Brandon Roy,Joel Przybilla,LaMarcus Aldridge,Rudy Fernandez,Steve Blake,Marc Gasol,Marcus Williams,O.J. Mayo,Rudy Gay,Zach Randolph,3,2:53,POR,rebound,,,,,,,,,,Steve Blake,,,,,,def,,
Brandon Roy,Joel Przybilla,LaMarcus Aldridge,Rudy Fernandez,Steve Blake,Marc Gasol,Marcus Williams,O.J. Mayo,Rudy Gay,Zach Randolph,3,2:42,MEM,foul,,,,,,,,Steve Blake,,Marcus Williams,,,,,,personal,,
Brandon Roy,Joel Przybilla,LaMarcus Aldridge,Rudy Fernandez,Steve Blake,Marc Gasol,Marcus Williams,O.J. Mayo,Rudy Gay,Zach Randolph,3,2:42,POR,timeout,,,,,,,,,,,,,,,,regular,,
Brandon Roy,Joel Przybilla,LaMarcus Aldridge,Rudy Fernandez,Steve Blake,Marc Gasol,Marcus Williams,O.J. Mayo,Sam Young,Zach Randolph,3,2:42,MEM,sub,,,,Sam Young,,Rudy Gay,,,,,,,,,,,,
Brandon Roy,Joel Przybilla,LaMarcus Aldridge,Rudy Fernandez,Steve Blake,Marc Gasol,Marcus Williams,O.J. Mayo,Sam Young,Zach Randolph,3,2:27,POR,shot,,,Marc Gasol,,,,,,,Brandon Roy,,,,missed,,running jump,13,15
Brandon Roy,Joel Przybilla,LaMarcus Aldridge,Rudy Fernandez,Steve Blake,Marc Gasol,Marcus Williams,O.J. Mayo,Sam Young,Zach Randolph,3,2:23,MEM,rebound,,,,,,,,,,Zach Randolph,,,,,,def,,
Brandon Roy,Joel Przybilla,LaMarcus Aldridge,Rudy Fernandez,Steve Blake,Marc Gasol,Marcus Williams,O.J. Mayo,Sam Young,Zach Randolph,3,2:10,MEM,shot,,,,,,,,,,Sam Young,,,,missed,,layup,25,6
Brandon Roy,Joel Przybilla,LaMarcus Aldridge,Rudy Fernandez,Steve Blake,Marc Gasol,Marcus Williams,O.J. Mayo,Sam Young,Zach Randolph,3,2:08,POR,rebound,,,,,,,,,,LaMarcus Aldridge,,,,,,def,,
Brandon Roy,Joel Przybilla,LaMarcus Aldridge,Rudy Fernandez,Steve Blake,Marc Gasol,Marcus Williams,O.J. Mayo,Sam Young,Zach Randolph,3,1:54,POR,shot,,,,,,,,,,LaMarcus Aldridge,,,,missed,,jump,35,21
Brandon Roy,Joel Przybilla,LaMarcus Aldridge,Rudy Fernandez,Steve Blake,Marc Gasol,Marcus Williams,O.J. Mayo,Sam Young,Zach Randolph,3,1:53,MEM,rebound,,,,,,,,,,O.J. Mayo,,,,,,def,,
Brandon Roy,Joel Przybilla,LaMarcus Aldridge,Rudy Fernandez,Steve Blake,Marc Gasol,Marcus Williams,O.J. Mayo,Sam Young,Zach Randolph,3,1:44,MEM,shot,,,LaMarcus Aldridge,,,,,,,Sam Young,,,,missed,,layup,25,6
Brandon Roy,Joel Przybilla,LaMarcus Aldridge,Rudy Fernandez,Steve Blake,Marc Gasol,Marcus Williams,O.J. Mayo,Sam Young,Zach Randolph,3,1:43,MEM,rebound,,,,,,,,,,Marcus Williams,,,,,,off,,
Brandon Roy,Joel Przybilla,LaMarcus Aldridge,Rudy Fernandez,Steve Blake,Marc Gasol,Marcus Williams,O.J. Mayo,Sam Young,Zach Randolph,3,1:35,MEM,shot,,,,,,,,,,O.J. Mayo,,,,missed,,jump,37,23
Brandon Roy,Joel Przybilla,LaMarcus Aldridge,Rudy Fernandez,Steve Blake,Marc Gasol,Marcus Williams,O.J. Mayo,Sam Young,Zach Randolph,3,1:29,POR,rebound,,,,,,,,,,Joel Przybilla,,,,,,def,,
Brandon Roy,Joel Przybilla,LaMarcus Aldridge,Rudy Fernandez,Steve Blake,Marc Gasol,Marcus Williams,O.J. Mayo,Sam Young,Zach Randolph,3,1:21,POR,shot,,,,,,,,,,Brandon Roy,,,,missed,,jump,33,23
Brandon Roy,Joel Przybilla,LaMarcus Aldridge,Rudy Fernandez,Steve Blake,Marc Gasol,Marcus Williams,O.J. Mayo,Sam Young,Zach Randolph,3,1:20,POR,rebound,,,,,,,,,,Rudy Fernandez,,,,,,off,,
Brandon Roy,Joel Przybilla,LaMarcus Aldridge,Rudy Fernandez,Steve Blake,Marc Gasol,Marcus Williams,O.J. Mayo,Sam Young,Zach Randolph,3,1:20,POR,shot,,,,,,,,,,Rudy Fernandez,,,,missed,,tip,25,6
Brandon Roy,Joel Przybilla,LaMarcus Aldridge,Rudy Fernandez,Steve Blake,Marc Gasol,Marcus Williams,O.J. Mayo,Sam Young,Zach Randolph,3,1:18,MEM,rebound,,,,,,,,,,Marc Gasol,,,,,,def,,
Brandon Roy,Joel Przybilla,LaMarcus Aldridge,Rudy Fernandez,Steve Blake,Marc Gasol,Marcus Williams,O.J. Mayo,Sam Young,Zach Randolph,3,1:11,POR,foul,,,,,,,,Marc Gasol,,Joel Przybilla,,,,,,shooting,,
Brandon Roy,Joel Przybilla,Rudy Fernandez,Steve Blake,Travis Outlaw,Marc Gasol,Marcus Williams,O.J. Mayo,Sam Young,Zach Randolph,3,1:11,POR,sub,,,,Travis Outlaw,,LaMarcus Aldridge,,,,,,,,,,,,
Brandon Roy,Joel Przybilla,Rudy Fernandez,Steve Blake,Travis Outlaw,DeMarre Carroll,Marc Gasol,Marcus Williams,O.J. Mayo,Sam Young,3,1:11,MEM,sub,,,,DeMarre Carroll,,Zach Randolph,,,,,,,,,,,,
Brandon Roy,Joel Przybilla,Rudy Fernandez,Steve Blake,Travis Outlaw,DeMarre Carroll,Marc Gasol,Marcus Williams,O.J. Mayo,Sam Young,3,1:11,MEM,free throw,,,,,,,1,,2,Marc Gasol,,,foul,made,,,,
Brandon Roy,Joel Przybilla,Rudy Fernandez,Steve Blake,Travis Outlaw,DeMarre Carroll,Marc Gasol,Marcus Williams,O.J. Mayo,Sam Young,3,1:11,MEM,free throw,,,,,,,2,,2,Marc Gasol,,,foul,made,,,,
Brandon Roy,Joel Przybilla,Rudy Fernandez,Steve Blake,Travis Outlaw,DeMarre Carroll,Marc Gasol,Marcus Williams,O.J. Mayo,Sam Young,3,0:58,MEM,foul,,,,,,,,Brandon Roy,,Sam Young,,,,,,shooting,,
Brandon Roy,Joel Przybilla,Rudy Fernandez,Steve Blake,Travis Outlaw,DeMarre Carroll,Marc Gasol,Marcus Williams,O.J. Mayo,Sam Young,3,0:58,POR,free throw,,,,,,,1,,2,Brandon Roy,,,foul,made,,,,
Brandon Roy,Joel Przybilla,Rudy Fernandez,Steve Blake,Travis Outlaw,DeMarre Carroll,Marc Gasol,Marcus Williams,O.J. Mayo,Sam Young,3,0:58,POR,free throw,,,,,,,2,,2,Brandon Roy,,,foul,made,,,,
Brandon Roy,Joel Przybilla,Rudy Fernandez,Steve Blake,Travis Outlaw,DeMarre Carroll,Marc Gasol,Marcus Williams,O.J. Mayo,Sam Young,3,0:49,POR,foul,,,,,,,,,,Travis Outlaw,,,,,,defense 3 second,,
Brandon Roy,Joel Przybilla,Rudy Fernandez,Steve Blake,Travis Outlaw,DeMarre Carroll,Marc Gasol,Marcus Williams,O.J. Mayo,Sam Young,3,0:49,MEM,free throw,,,,,,,1,,1,O.J. Mayo,,,technical,made,,,,
Brandon Roy,Joel Przybilla,Rudy Fernandez,Steve Blake,Travis Outlaw,DeMarre Carroll,Marc Gasol,Marcus Williams,O.J. Mayo,Sam Young,3,0:41,MEM,foul,,,,,,,,Travis Outlaw,,Sam Young,,,,,,offensive,,
Brandon Roy,Joel Przybilla,Rudy Fernandez,Steve Blake,Travis Outlaw,DeMarre Carroll,Marc Gasol,Marcus Williams,O.J. Mayo,Sam Young,3,0:41,MEM,turnover,,,,,,,,,,Sam Young,,,foul,,,,,
Brandon Roy,Joel Przybilla,Rudy Fernandez,Steve Blake,Travis Outlaw,DeMarre Carroll,Marc Gasol,Marcus Williams,O.J. Mayo,Sam Young,3,0:25,POR,shot,,,,,,,,,,Brandon Roy,,,,missed,,3pt,39,27
Brandon Roy,Joel Przybilla,Rudy Fernandez,Steve Blake,Travis Outlaw,DeMarre Carroll,Marc Gasol,Marcus Williams,O.J. Mayo,Sam Young,3,0:24,MEM,rebound,,,,,,,,,,O.J. Mayo,,,,,,def,,
Brandon Roy,Joel Przybilla,Rudy Fernandez,Steve Blake,Travis Outlaw,DeMarre Carroll,Marc Gasol,Marcus Williams,O.J. Mayo,Sam Young,3,0:06,MEM,shot,O.J. Mayo,,,,,,,,,Marc Gasol,2,,,made,,layup,25,6
Brandon Roy,Joel Przybilla,Rudy Fernandez,Steve Blake,Travis Outlaw,DeMarre Carroll,Marc Gasol,Marcus Williams,O.J. Mayo,Sam Young,3,0:06,POR,foul,,,,,,,,Marc Gasol,,Brandon Roy,,,,,,shooting,,
Brandon Roy,Joel Przybilla,Rudy Fernandez,Steve Blake,Travis Outlaw,DeMarre Carroll,Marc Gasol,Marcus Williams,O.J. Mayo,Sam Young,3,0:06,MEM,free throw,,,,,,,1,,1,Marc Gasol,,,foul,made,,,,
Brandon Roy,Joel Przybilla,Rudy Fernandez,Steve Blake,Travis Outlaw,DeMarre Carroll,Marc Gasol,Marcus Williams,O.J. Mayo,Sam Young,3,0:00,POR,shot,,,,,,,,,,Travis Outlaw,,,,missed,,jump,11,22
Brandon Roy,Joel Przybilla,Rudy Fernandez,Steve Blake,Travis Outlaw,DeMarre Carroll,Marc Gasol,Marcus Williams,O.J. Mayo,Sam Young,3,0:00,POR,rebound,,,,,,,,,,,,,,,,,,
Andre Miller,Joel Przybilla,Martell Webster,Rudy Fernandez,Travis Outlaw,DeMarre Carroll,Hamed Haddadi,Marcus Williams,Rudy Gay,Sam Young,4,11:43,MEM,turnover,,,,,,,,,,Sam Young,,,bad pass,,Rudy Fernandez,,,
Andre Miller,Joel Przybilla,Martell Webster,Rudy Fernandez,Travis Outlaw,DeMarre Carroll,Hamed Haddadi,Marcus Williams,Rudy Gay,Sam Young,4,11:24,POR,shot,,,,,,,,,,Travis Outlaw,,,,missed,,running jump,20,18
Andre Miller,Joel Przybilla,Martell Webster,Rudy Fernandez,Travis Outlaw,DeMarre Carroll,Hamed Haddadi,Marcus Williams,Rudy Gay,Sam Young,4,11:22,MEM,rebound,,,,,,,,,,Rudy Gay,,,,,,def,,
Andre Miller,Joel Przybilla,Martell Webster,Rudy Fernandez,Travis Outlaw,DeMarre Carroll,Hamed Haddadi,Marcus Williams,Rudy Gay,Sam Young,4,11:15,MEM,shot,,,,,,,,,,Sam Young,,,,missed,,dunk,25,6
Andre Miller,Joel Przybilla,Martell Webster,Rudy Fernandez,Travis Outlaw,DeMarre Carroll,Hamed Haddadi,Marcus Williams,Rudy Gay,Sam Young,4,11:15,MEM,rebound,,,,,,,,,,Hamed Haddadi,,,,,,off,,
Andre Miller,Joel Przybilla,Martell Webster,Rudy Fernandez,Travis Outlaw,DeMarre Carroll,Hamed Haddadi,Marcus Williams,Rudy Gay,Sam Young,4,11:15,POR,foul,,,,,,,,Hamed Haddadi,,Joel Przybilla,,,,,,shooting,,
Andre Miller,Joel Przybilla,Martell Webster,Rudy Fernandez,Travis Outlaw,DeMarre Carroll,Hamed Haddadi,Marcus Williams,Rudy Gay,Sam Young,4,11:15,MEM,free throw,,,,,,,1,,2,Hamed Haddadi,,,foul,made,,,,
Andre Miller,Greg Oden,Martell Webster,Rudy Fernandez,Travis Outlaw,DeMarre Carroll,Hamed Haddadi,Marcus Williams,Rudy Gay,Sam Young,4,11:15,POR,sub,,,,Greg Oden,,Joel Przybilla,,,,,,,,,,,,
Andre Miller,Greg Oden,Martell Webster,Rudy Fernandez,Travis Outlaw,DeMarre Carroll,Hamed Haddadi,Marcus Williams,Rudy Gay,Sam Young,4,11:15,MEM,free throw,,,,,,,2,,2,Hamed Haddadi,,,foul,made,,,,
Andre Miller,Greg Oden,Martell Webster,Rudy Fernandez,Travis Outlaw,DeMarre Carroll,Hamed Haddadi,Marcus Williams,Rudy Gay,Sam Young,4,10:57,POR,shot,,,Hamed Haddadi,,,,,,,Martell Webster,,,,missed,,reverse layup,25,6
Andre Miller,Greg Oden,Martell Webster,Rudy Fernandez,Travis Outlaw,DeMarre Carroll,Hamed Haddadi,Marcus Williams,Rudy Gay,Sam Young,4,10:54,MEM,rebound,,,,,,,,,,DeMarre Carroll,,,,,,def,,
Andre Miller,Greg Oden,Martell Webster,Rudy Fernandez,Travis Outlaw,DeMarre Carroll,Hamed Haddadi,Marcus Williams,Rudy Gay,Sam Young,4,10:42,MEM,shot,,,,,,,,,,Rudy Gay,,,,missed,,jump,7,19
Andre Miller,Greg Oden,Martell Webster,Rudy Fernandez,Travis Outlaw,DeMarre Carroll,Hamed Haddadi,Marcus Williams,Rudy Gay,Sam Young,4,10:41,POR,rebound,,,,,,,,,,,,,,,,,,
Andre Miller,Greg Oden,Martell Webster,Rudy Fernandez,Travis Outlaw,DeMarre Carroll,Hamed Haddadi,Marcus Williams,Rudy Gay,Sam Young,4,10:30,MEM,foul,,,,,,,,Greg Oden,,Hamed Haddadi,,,,,,personal,,
Andre Miller,Greg Oden,Martell Webster,Rudy Fernandez,Travis Outlaw,DeMarre Carroll,Hamed Haddadi,Marcus Williams,Rudy Gay,Sam Young,4,10:18,POR,shot,Andre Miller,,,,,,,,,Rudy Fernandez,3,,,made,,3pt,36,29
Andre Miller,Greg Oden,Martell Webster,Rudy Fernandez,Travis Outlaw,DeMarre Carroll,Hamed Haddadi,Marcus Williams,Rudy Gay,Sam Young,4,10:07,MEM,shot,,,,,,,,,,Marcus Williams,,,,missed,,jump,34,19
Andre Miller,Greg Oden,Martell Webster,Rudy Fernandez,Travis Outlaw,DeMarre Carroll,Hamed Haddadi,Marcus Williams,Rudy Gay,Sam Young,4,10:07,POR,rebound,,,,,,,,,,Travis Outlaw,,,,,,def,,
Andre Miller,Greg Oden,Martell Webster,Rudy Fernandez,Travis Outlaw,DeMarre Carroll,Hamed Haddadi,Marcus Williams,Rudy Gay,Sam Young,4,10:00,POR,shot,Andre Miller,,,,,,,,,Greg Oden,2,,,made,,alley oop dunk,25,6
Andre Miller,Greg Oden,Martell Webster,Rudy Fernandez,Travis Outlaw,DeMarre Carroll,Hamed Haddadi,Marcus Williams,Rudy Gay,Sam Young,4,9:41,MEM,shot,,,Greg Oden,,,,,,,Sam Young,,,,missed,,layup,25,6
Andre Miller,Greg Oden,Martell Webster,Rudy Fernandez,Travis Outlaw,DeMarre Carroll,Hamed Haddadi,Marcus Williams,Rudy Gay,Sam Young,4,9:38,POR,rebound,,,,,,,,,,Travis Outlaw,,,,,,def,,
Andre Miller,Greg Oden,Martell Webster,Rudy Fernandez,Travis Outlaw,DeMarre Carroll,Hamed Haddadi,Marcus Williams,Rudy Gay,Sam Young,4,9:26,MEM,foul,,,,,,,,Martell Webster,,Hamed Haddadi,,,,,,shooting,,
Andre Miller,Greg Oden,Martell Webster,Rudy Fernandez,Travis Outlaw,DeMarre Carroll,Hamed Haddadi,Marcus Williams,Rudy Gay,Sam Young,4,9:26,POR,free throw,,,,,,,1,,2,Martell Webster,,,foul,made,,,,
Andre Miller,Greg Oden,Martell Webster,Rudy Fernandez,Travis Outlaw,DeMarre Carroll,Marcus Williams,Rudy Gay,Sam Young,Steven Hunter,4,9:26,MEM,sub,,,,Steven Hunter,,Hamed Haddadi,,,,,,,,,,,,
Andre Miller,Greg Oden,Martell Webster,Rudy Fernandez,Travis Outlaw,DeMarre Carroll,Marcus Williams,Rudy Gay,Sam Young,Steven Hunter,4,9:26,POR,free throw,,,,,,,2,,2,Martell Webster,,,foul,made,,,,
Andre Miller,Greg Oden,Martell Webster,Rudy Fernandez,Travis Outlaw,DeMarre Carroll,Marcus Williams,Rudy Gay,Sam Young,Steven Hunter,4,9:13,POR,foul,,,,,,,,,,Greg Oden,,,,,,defense 3 second,,
Andre Miller,Greg Oden,Martell Webster,Rudy Fernandez,Travis Outlaw,DeMarre Carroll,Marcus Williams,Rudy Gay,Sam Young,Steven Hunter,4,9:13,MEM,free throw,,,,,,,1,,1,Rudy Gay,,,technical,missed,,,,
Andre Miller,Greg Oden,Martell Webster,Rudy Fernandez,Travis Outlaw,DeMarre Carroll,Marcus Williams,Rudy Gay,Sam Young,Steven Hunter,4,9:13,MEM,rebound,,,,,,,,,,,,,,,,,,
Andre Miller,Greg Oden,Martell Webster,Rudy Fernandez,Travis Outlaw,DeMarre Carroll,Marcus Williams,Rudy Gay,Sam Young,Steven Hunter,4,9:07,MEM,shot,,,,,,,,,,Marcus Williams,2,,,made,,layup,25,6
Andre Miller,Greg Oden,Martell Webster,Rudy Fernandez,Travis Outlaw,DeMarre Carroll,Marcus Williams,Rudy Gay,Sam Young,Steven Hunter,4,8:50,POR,turnover,,,,,,,,,,Martell Webster,,,bad pass,,Steven Hunter,,,
Andre Miller,Greg Oden,Martell Webster,Rudy Fernandez,Travis Outlaw,DeMarre Carroll,Marcus Williams,Rudy Gay,Sam Young,Steven Hunter,4,8:49,MEM,timeout,,,,,,,,,,,,,,,,official,,
Andre Miller,Brandon Roy,Greg Oden,Rudy Fernandez,Travis Outlaw,DeMarre Carroll,Marcus Williams,Rudy Gay,Sam Young,Steven Hunter,4,8:49,POR,sub,,,,Brandon Roy,,Martell Webster,,,,,,,,,,,,
Andre Miller,Brandon Roy,Greg Oden,Rudy Fernandez,Travis Outlaw,DeMarre Carroll,Marcus Williams,O.J. Mayo,Rudy Gay,Steven Hunter,4,8:49,MEM,sub,,,,O.J. Mayo,,Sam Young,,,,,,,,,,,,
Andre Miller,Brandon Roy,Greg Oden,Rudy Fernandez,Travis Outlaw,DeMarre Carroll,Marcus Williams,O.J. Mayo,Rudy Gay,Zach Randolph,4,8:49,MEM,sub,,,,Zach Randolph,,Steven Hunter,,,,,,,,,,,,
Andre Miller,Brandon Roy,Greg Oden,Rudy Fernandez,Travis Outlaw,DeMarre Carroll,Marcus Williams,O.J. Mayo,Rudy Gay,Zach Randolph,4,8:33,MEM,shot,,,,,,,,,,O.J. Mayo,2,,,made,,turnaround jump,22,13
Andre Miller,Brandon Roy,Greg Oden,Rudy Fernandez,Travis Outlaw,DeMarre Carroll,Marcus Williams,O.J. Mayo,Rudy Gay,Zach Randolph,4,8:21,POR,shot,,,,,,,,,,Andre Miller,,,,missed,,finger roll layup,25,6
Andre Miller,Brandon Roy,Greg Oden,Rudy Fernandez,Travis Outlaw,DeMarre Carroll,Marcus Williams,O.J. Mayo,Rudy Gay,Zach Randolph,4,8:18,MEM,rebound,,,,,,,,,,Zach Randolph,,,,,,def,,
Andre Miller,Brandon Roy,Greg Oden,Rudy Fernandez,Travis Outlaw,DeMarre Carroll,Marcus Williams,O.J. Mayo,Rudy Gay,Zach Randolph,4,8:13,MEM,shot,,,,,,,,,,DeMarre Carroll,,,,missed,,jump,43,18
Andre Miller,Brandon Roy,Greg Oden,Rudy Fernandez,Travis Outlaw,DeMarre Carroll,Marcus Williams,O.J. Mayo,Rudy Gay,Zach Randolph,4,8:12,POR,rebound,,,,,,,,,,Rudy Fernandez,,,,,,def,,
Andre Miller,Brandon Roy,Greg Oden,Rudy Fernandez,Travis Outlaw,DeMarre Carroll,Marcus Williams,O.J. Mayo,Rudy Gay,Zach Randolph,4,7:59,POR,shot,,,,,,,,,,Greg Oden,2,,,made,,driving slam dunk,25,6
Andre Miller,Brandon Roy,Greg Oden,Rudy Fernandez,Travis Outlaw,DeMarre Carroll,Marcus Williams,O.J. Mayo,Rudy Gay,Zach Randolph,4,7:33,MEM,shot,,,,,,,,,,Marcus Williams,,,,missed,,jump,33,11
Andre Miller,Brandon Roy,Greg Oden,Rudy Fernandez,Travis Outlaw,DeMarre Carroll,Marcus Williams,O.J. Mayo,Rudy Gay,Zach Randolph,4,7:32,POR,rebound,,,,,,,,,,Greg Oden,,,,,,def,,
Andre Miller,Brandon Roy,Greg Oden,Rudy Fernandez,Travis Outlaw,DeMarre Carroll,Marcus Williams,O.J. Mayo,Rudy Gay,Zach Randolph,4,7:30,MEM,violation,,,,,,,,,,Rudy Gay,,,,,,defensive goaltending,,
Andre Miller,Brandon Roy,Greg Oden,Rudy Fernandez,Travis Outlaw,DeMarre Carroll,Marcus Williams,O.J. Mayo,Rudy Gay,Zach Randolph,4,7:30,POR,shot,,,,,,,,,,Andre Miller,2,,,made,,layup,25,6
Andre Miller,Brandon Roy,Greg Oden,Rudy Fernandez,Travis Outlaw,DeMarre Carroll,Marcus Williams,O.J. Mayo,Rudy Gay,Zach Randolph,4,7:30,MEM,foul,,,,,,,,Andre Miller,,O.J. Mayo,,,,,,shooting,,
Andre Miller,Brandon Roy,Greg Oden,LaMarcus Aldridge,Rudy Fernandez,DeMarre Carroll,Marcus Williams,O.J. Mayo,Rudy Gay,Zach Randolph,4,7:30,POR,sub,,,,LaMarcus Aldridge,,Travis Outlaw,,,,,,,,,,,,
Andre Miller,Brandon Roy,Greg Oden,LaMarcus Aldridge,Rudy Fernandez,DeMarre Carroll,Mike Conley,O.J. Mayo,Rudy Gay,Zach Randolph,4,7:30,MEM,sub,,,,Mike Conley,,Marcus Williams,,,,,,,,,,,,
Andre Miller,Brandon Roy,Greg Oden,LaMarcus Aldridge,Rudy Fernandez,Marc Gasol,Mike Conley,O.J. Mayo,Rudy Gay,Zach Randolph,4,7:30,MEM,sub,,,,Marc Gasol,,DeMarre Carroll,,,,,,,,,,,,
Andre Miller,Brandon Roy,Greg Oden,LaMarcus Aldridge,Rudy Fernandez,Marc Gasol,Mike Conley,O.J. Mayo,Rudy Gay,Zach Randolph,4,7:30,POR,free throw,,,,,,,1,,1,Andre Miller,,,foul,made,,,,
Andre Miller,Brandon Roy,Greg Oden,LaMarcus Aldridge,Rudy Fernandez,Marc Gasol,Mike Conley,O.J. Mayo,Rudy Gay,Zach Randolph,4,7:16,MEM,shot,,,,,,,,,,O.J. Mayo,,,,missed,,jump,46,4
Andre Miller,Brandon Roy,Greg Oden,LaMarcus Aldridge,Rudy Fernandez,Marc Gasol,Mike Conley,O.J. Mayo,Rudy Gay,Zach Randolph,4,7:16,MEM,rebound,,,,,,,,,,Zach Randolph,,,,,,off,,
Andre Miller,Brandon Roy,Greg Oden,LaMarcus Aldridge,Rudy Fernandez,Marc Gasol,Mike Conley,O.J. Mayo,Rudy Gay,Zach Randolph,4,7:14,MEM,shot,,,,,,,,,,Zach Randolph,2,,,made,,layup,25,6
Andre Miller,Brandon Roy,Greg Oden,LaMarcus Aldridge,Rudy Fernandez,Marc Gasol,Mike Conley,O.J. Mayo,Rudy Gay,Zach Randolph,4,6:49,POR,shot,Brandon Roy,,,,,,,,,LaMarcus Aldridge,2,,,made,,jump,30,26
Andre Miller,Brandon Roy,Greg Oden,LaMarcus Aldridge,Rudy Fernandez,Marc Gasol,Mike Conley,O.J. Mayo,Rudy Gay,Zach Randolph,4,6:27,MEM,shot,,,,,,,,,,Rudy Gay,,,,missed,,3pt,26,30
Andre Miller,Brandon Roy,Greg Oden,LaMarcus Aldridge,Rudy Fernandez,Marc Gasol,Mike Conley,O.J. Mayo,Rudy Gay,Zach Randolph,4,6:26,POR,rebound,,,,,,,,,,LaMarcus Aldridge,,,,,,def,,
Andre Miller,Brandon Roy,Greg Oden,LaMarcus Aldridge,Rudy Fernandez,Marc Gasol,Mike Conley,O.J. Mayo,Rudy Gay,Zach Randolph,4,6:26,MEM,foul,,,,,,,,LaMarcus Aldridge,,Zach Randolph,,,,,,loose ball,,
Andre Miller,Brandon Roy,Greg Oden,LaMarcus Aldridge,Rudy Fernandez,Marc Gasol,Mike Conley,O.J. Mayo,Rudy Gay,Zach Randolph,4,6:07,POR,shot,,,Marc Gasol,,,,,,,Greg Oden,,,,missed,,reverse layup,25,6
Andre Miller,Brandon Roy,Greg Oden,LaMarcus Aldridge,Rudy Fernandez,Marc Gasol,Mike Conley,O.J. Mayo,Rudy Gay,Zach Randolph,4,6:02,MEM,rebound,,,,,,,,,,Marc Gasol,,,,,,def,,
Andre Miller,Brandon Roy,Greg Oden,LaMarcus Aldridge,Rudy Fernandez,Marc Gasol,Mike Conley,O.J. Mayo,Rudy Gay,Zach Randolph,4,5:48,MEM,shot,,,,,,,,,,O.J. Mayo,,,,missed,,fade away jumper,39,19
Andre Miller,Brandon Roy,Greg Oden,LaMarcus Aldridge,Rudy Fernandez,Marc Gasol,Mike Conley,O.J. Mayo,Rudy Gay,Zach Randolph,4,5:47,MEM,rebound,,,,,,,,,,Zach Randolph,,,,,,off,,
Andre Miller,Brandon Roy,Greg Oden,LaMarcus Aldridge,Rudy Fernandez,Marc Gasol,Mike Conley,O.J. Mayo,Rudy Gay,Zach Randolph,4,5:47,POR,foul,,,,,,,,Zach Randolph,,LaMarcus Aldridge,,,,,,loose ball,,
Andre Miller,Brandon Roy,Greg Oden,LaMarcus Aldridge,Rudy Fernandez,Marc Gasol,Mike Conley,O.J. Mayo,Rudy Gay,Zach Randolph,4,5:47,MEM,timeout,,,,,,,,,,,,,,,,regular,,
Andre Miller,Brandon Roy,Greg Oden,LaMarcus Aldridge,Rudy Fernandez,Marc Gasol,Mike Conley,O.J. Mayo,Rudy Gay,Zach Randolph,4,5:33,POR,foul,,,,,,,,Rudy Gay,,Brandon Roy,,,,,,personal,,
Andre Miller,Brandon Roy,Greg Oden,LaMarcus Aldridge,Rudy Fernandez,Marc Gasol,Mike Conley,O.J. Mayo,Rudy Gay,Zach Randolph,4,5:25,MEM,shot,,,,,,,,,,Zach Randolph,,,,missed,,jump,21,10
Andre Miller,Brandon Roy,Greg Oden,LaMarcus Aldridge,Rudy Fernandez,Marc Gasol,Mike Conley,O.J. Mayo,Rudy Gay,Zach Randolph,4,5:24,POR,rebound,,,,,,,,,,LaMarcus Aldridge,,,,,,def,,
Andre Miller,Brandon Roy,Greg Oden,LaMarcus Aldridge,Rudy Fernandez,Marc Gasol,Mike Conley,O.J. Mayo,Rudy Gay,Zach Randolph,4,5:03,POR,shot,,,,,,,,,,Greg Oden,,,,missed,,jump,25,13
Andre Miller,Brandon Roy,Greg Oden,LaMarcus Aldridge,Rudy Fernandez,Marc Gasol,Mike Conley,O.J. Mayo,Rudy Gay,Zach Randolph,4,5:03,MEM,rebound,,,,,,,,,,Marc Gasol,,,,,,def,,
Andre Miller,Brandon Roy,Greg Oden,LaMarcus Aldridge,Rudy Fernandez,Marc Gasol,Mike Conley,O.J. Mayo,Rudy Gay,Zach Randolph,4,5:03,POR,foul,,,,,,,,Marc Gasol,,Greg Oden,,,,,,loose ball,,
Andre Miller,Brandon Roy,Greg Oden,LaMarcus Aldridge,Rudy Fernandez,Marc Gasol,Mike Conley,O.J. Mayo,Rudy Gay,Zach Randolph,4,4:52,MEM,shot,,,,,,,,,,Rudy Gay,,,,missed,,3pt,47,6
Andre Miller,Brandon Roy,Greg Oden,LaMarcus Aldridge,Rudy Fernandez,Marc Gasol,Mike Conley,O.J. Mayo,Rudy Gay,Zach Randolph,4,4:51,POR,rebound,,,,,,,,,,LaMarcus Aldridge,,,,,,def,,
Andre Miller,Brandon Roy,Greg Oden,LaMarcus Aldridge,Rudy Fernandez,Marc Gasol,Mike Conley,O.J. Mayo,Rudy Gay,Zach Randolph,4,4:31,POR,turnover,,,,,,,,,,Andre Miller,,,bad pass,,Rudy Gay,,,
Andre Miller,Brandon Roy,Greg Oden,LaMarcus Aldridge,Rudy Fernandez,Marc Gasol,Mike Conley,O.J. Mayo,Rudy Gay,Zach Randolph,4,4:27,MEM,shot,Mike Conley,,,,,,,,,O.J. Mayo,2,,,made,,layup,25,6
Andre Miller,Brandon Roy,Greg Oden,LaMarcus Aldridge,Rudy Fernandez,Marc Gasol,Mike Conley,O.J. Mayo,Rudy Gay,Zach Randolph,4,4:24,POR,timeout,,,,,,,,,,,,,,,,regular,,
Andre Miller,Brandon Roy,Greg Oden,LaMarcus Aldridge,Steve Blake,Marc Gasol,Mike Conley,O.J. Mayo,Rudy Gay,Zach Randolph,4,4:24,POR,sub,,,,Steve Blake,,Rudy Fernandez,,,,,,,,,,,,
Andre Miller,Brandon Roy,Greg Oden,LaMarcus Aldridge,Steve Blake,Marc Gasol,Mike Conley,O.J. Mayo,Rudy Gay,Zach Randolph,4,4:15,POR,foul,,,,,,,,Marc Gasol,,Greg Oden,,,,,,offensive,,
Andre Miller,Brandon Roy,Greg Oden,LaMarcus Aldridge,Steve Blake,Marc Gasol,Mike Conley,O.J. Mayo,Rudy Gay,Zach Randolph,4,4:15,POR,turnover,,,,,,,,,,Greg Oden,,,foul,,,,,
Andre Miller,Brandon Roy,Joel Przybilla,LaMarcus Aldridge,Steve Blake,Marc Gasol,Mike Conley,O.J. Mayo,Rudy Gay,Zach Randolph,4,4:15,POR,sub,,,,Joel Przybilla,,Greg Oden,,,,,,,,,,,,
Andre Miller,Brandon Roy,Joel Przybilla,LaMarcus Aldridge,Steve Blake,Marc Gasol,Mike Conley,O.J. Mayo,Rudy Gay,Zach Randolph,4,4:08,POR,foul,,,,,,,,Marc Gasol,,Joel Przybilla,,,,,,personal,,
Andre Miller,Brandon Roy,Joel Przybilla,LaMarcus Aldridge,Steve Blake,Marc Gasol,Mike Conley,O.J. Mayo,Rudy Gay,Zach Randolph,4,4:08,MEM,free throw,,,,,,,1,,2,Marc Gasol,,,foul,missed,,,,
Andre Miller,Brandon Roy,Joel Przybilla,LaMarcus Aldridge,Steve Blake,Marc Gasol,Mike Conley,O.J. Mayo,Rudy Gay,Zach Randolph,4,4:08,MEM,rebound,,,,,,,,,,,,,,,,,,
Andre Miller,Brandon Roy,Joel Przybilla,LaMarcus Aldridge,Steve Blake,Marc Gasol,Mike Conley,O.J. Mayo,Rudy Gay,Zach Randolph,4,4:08,MEM,free throw,,,,,,,2,,2,Marc Gasol,,,foul,made,,,,
Andre Miller,Brandon Roy,Joel Przybilla,LaMarcus Aldridge,Steve Blake,Marc Gasol,Mike Conley,O.J. Mayo,Rudy Gay,Zach Randolph,4,3:45,POR,shot,,,,,,,,,,LaMarcus Aldridge,,,,missed,,turnaround bank,16,13
Andre Miller,Brandon Roy,Joel Przybilla,LaMarcus Aldridge,Steve Blake,Marc Gasol,Mike Conley,O.J. Mayo,Rudy Gay,Zach Randolph,4,3:42,MEM,rebound,,,,,,,,,,Rudy Gay,,,,,,def,,
Andre Miller,Brandon Roy,Joel Przybilla,LaMarcus Aldridge,Steve Blake,Marc Gasol,Mike Conley,O.J. Mayo,Rudy Gay,Zach Randolph,4,3:27,MEM,shot,,,,,,,,,,Mike Conley,,,,missed,,jump,24,17
Andre Miller,Brandon Roy,Joel Przybilla,LaMarcus Aldridge,Steve Blake,Marc Gasol,Mike Conley,O.J. Mayo,Rudy Gay,Zach Randolph,4,3:25,POR,rebound,,,,,,,,,,LaMarcus Aldridge,,,,,,def,,
Andre Miller,Brandon Roy,Joel Przybilla,LaMarcus Aldridge,Steve Blake,Marc Gasol,Mike Conley,O.J. Mayo,Rudy Gay,Zach Randolph,4,3:21,POR,shot,Brandon Roy,,,,,,,,,Steve Blake,2,,,made,,layup,25,6
Andre Miller,Brandon Roy,Joel Przybilla,LaMarcus Aldridge,Steve Blake,Marc Gasol,Mike Conley,O.J. Mayo,Rudy Gay,Zach Randolph,4,3:03,POR,foul,,,,,,,,Rudy Gay,,Joel Przybilla,,,,,,shooting,,
Andre Miller,Brandon Roy,Greg Oden,LaMarcus Aldridge,Steve Blake,Marc Gasol,Mike Conley,O.J. Mayo,Rudy Gay,Zach Randolph,4,3:03,POR,sub,,,,Greg Oden,,Joel Przybilla,,,,,,,,,,,,
Andre Miller,Brandon Roy,Greg Oden,LaMarcus Aldridge,Steve Blake,Marc Gasol,Mike Conley,O.J. Mayo,Rudy Gay,Zach Randolph,4,3:03,MEM,free throw,,,,,,,1,,2,Rudy Gay,,,foul,missed,,,,
Andre Miller,Brandon Roy,Greg Oden,LaMarcus Aldridge,Steve Blake,Marc Gasol,Mike Conley,O.J. Mayo,Rudy Gay,Zach Randolph,4,3:03,MEM,rebound,,,,,,,,,,,,,,,,,,
Andre Miller,Brandon Roy,Greg Oden,LaMarcus Aldridge,Steve Blake,Marc Gasol,Mike Conley,O.J. Mayo,Rudy Gay,Zach Randolph,4,3:03,MEM,free throw,,,,,,,2,,2,Rudy Gay,,,foul,made,,,,
Andre Miller,Brandon Roy,Greg Oden,LaMarcus Aldridge,Steve Blake,Marc Gasol,Mike Conley,O.J. Mayo,Rudy Gay,Zach Randolph,4,2:43,POR,shot,Brandon Roy,,,,,,,,,Steve Blake,3,,,made,,3pt,2,6
Andre Miller,Brandon Roy,Greg Oden,LaMarcus Aldridge,Steve Blake,Marc Gasol,Mike Conley,O.J. Mayo,Rudy Gay,Zach Randolph,4,2:27,MEM,shot,Zach Randolph,,,,,,,,,Rudy Gay,2,,,made,,dunk,25,6
Andre Miller,Brandon Roy,Greg Oden,LaMarcus Aldridge,Steve Blake,Marc Gasol,Mike Conley,O.J. Mayo,Rudy Gay,Zach Randolph,4,2:00,POR,shot,,,,,,,,,,Steve Blake,,,,missed,,jump,5,18
Andre Miller,Brandon Roy,Greg Oden,LaMarcus Aldridge,Steve Blake,Marc Gasol,Mike Conley,O.J. Mayo,Rudy Gay,Zach Randolph,4,1:59,POR,rebound,,,,,,,,,,Andre Miller,,,,,,off,,
Andre Miller,Brandon Roy,Greg Oden,LaMarcus Aldridge,Steve Blake,Marc Gasol,Mike Conley,O.J. Mayo,Rudy Gay,Zach Randolph,4,1:44,POR,shot,,,,,,,,,,LaMarcus Aldridge,,,,missed,,jump,24,26
Andre Miller,Brandon Roy,Greg Oden,LaMarcus Aldridge,Steve Blake,Marc Gasol,Mike Conley,O.J. Mayo,Rudy Gay,Zach Randolph,4,1:44,MEM,rebound,,,,,,,,,,Marc Gasol,,,,,,def,,
Andre Miller,Brandon Roy,Greg Oden,LaMarcus Aldridge,Steve Blake,Marc Gasol,Mike Conley,O.J. Mayo,Rudy Gay,Zach Randolph,4,1:36,MEM,shot,,,,,,,,,,Mike Conley,2,,,made,,driving layup,25,6
Andre Miller,Brandon Roy,Greg Oden,LaMarcus Aldridge,Steve Blake,Marc Gasol,Mike Conley,O.J. Mayo,Rudy Gay,Zach Randolph,4,1:17,MEM,foul,,,,,,,,Brandon Roy,,Marc Gasol,,,,,,shooting,,
Brandon Roy,Greg Oden,LaMarcus Aldridge,Steve Blake,Travis Outlaw,Marc Gasol,Mike Conley,O.J. Mayo,Rudy Gay,Zach Randolph,4,1:17,POR,sub,,,,Travis Outlaw,,Andre Miller,,,,,,,,,,,,
Brandon Roy,Greg Oden,LaMarcus Aldridge,Steve Blake,Travis Outlaw,Marc Gasol,Mike Conley,O.J. Mayo,Rudy Gay,Zach Randolph,4,1:17,POR,free throw,,,,,,,1,,2,Brandon Roy,,,foul,made,,,,
Brandon Roy,Greg Oden,LaMarcus Aldridge,Steve Blake,Travis Outlaw,Marc Gasol,Mike Conley,O.J. Mayo,Rudy Gay,Zach Randolph,4,1:17,POR,free throw,,,,,,,2,,2,Brandon Roy,,,foul,made,,,,
Brandon Roy,Greg Oden,LaMarcus Aldridge,Steve Blake,Travis Outlaw,Marc Gasol,Mike Conley,O.J. Mayo,Rudy Gay,Zach Randolph,4,1:09,MEM,shot,,,,,,,,,,O.J. Mayo,2,,,made,,finger roll layup,25,6
Brandon Roy,Greg Oden,LaMarcus Aldridge,Steve Blake,Travis Outlaw,Marc Gasol,Mike Conley,O.J. Mayo,Rudy Gay,Zach Randolph,4,0:52,POR,shot,Brandon Roy,,,,,,,,,Greg Oden,2,,,made,,layup,25,6
Brandon Roy,Greg Oden,LaMarcus Aldridge,Steve Blake,Travis Outlaw,Marc Gasol,Mike Conley,O.J. Mayo,Rudy Gay,Zach Randolph,4,0:52,MEM,foul,,,,,,,,Greg Oden,,Marc Gasol,,,,,,shooting,,
Greg Oden,LaMarcus Aldridge,Martell Webster,Steve Blake,Travis Outlaw,Marc Gasol,Mike Conley,O.J. Mayo,Rudy Gay,Zach Randolph,4,0:52,POR,sub,,,,Martell Webster,,Brandon Roy,,,,,,,,,,,,
Greg Oden,LaMarcus Aldridge,Martell Webster,Steve Blake,Travis Outlaw,Marc Gasol,Mike Conley,O.J. Mayo,Rudy Gay,Zach Randolph,4,0:52,POR,free throw,,,,,,,1,,1,Greg Oden,,,foul,made,,,,
Greg Oden,LaMarcus Aldridge,Martell Webster,Steve Blake,Travis Outlaw,Marc Gasol,Mike Conley,O.J. Mayo,Rudy Gay,Zach Randolph,4,0:45,MEM,shot,,,Martell Webster,,,,,,,O.J. Mayo,,,,missed,,jump,31,8
Greg Oden,LaMarcus Aldridge,Martell Webster,Steve Blake,Travis Outlaw,Marc Gasol,Mike Conley,O.J. Mayo,Rudy Gay,Zach Randolph,4,0:43,POR,rebound,,,,,,,,,,Greg Oden,,,,,,def,,
Greg Oden,LaMarcus Aldridge,Martell Webster,Steve Blake,Travis Outlaw,Marc Gasol,Mike Conley,O.J. Mayo,Rudy Gay,Zach Randolph,4,0:25,POR,shot,,,,,,,,,,LaMarcus Aldridge,,,,missed,,jump,24,27
Greg Oden,LaMarcus Aldridge,Martell Webster,Steve Blake,Travis Outlaw,Marc Gasol,Mike Conley,O.J. Mayo,Rudy Gay,Zach Randolph,4,0:25,MEM,rebound,,,,,,,,,,Rudy Gay,,,,,,def,,
Greg Oden,LaMarcus Aldridge,Martell Webster,Steve Blake,Travis Outlaw,Marc Gasol,Mike Conley,O.J. Mayo,Rudy Gay,Zach Randolph,4,0:16,MEM,shot,,,,,,,,,,Rudy Gay,,,,missed,,3pt,9,24
Greg Oden,LaMarcus Aldridge,Martell Webster,Steve Blake,Travis Outlaw,Marc Gasol,Mike Conley,O.J. Mayo,Rudy Gay,Zach Randolph,4,0:16,POR,rebound,,,,,,,,,,,,,,,,,,
