a1,a2,a3,a4,a5,h1,h2,h3,h4,h5,period,time,team,etype,assist,away,block,entered,home,left,num,opponent,outof,player,points,possession,reason,result,steal,type,x,y
Amare Stoudemire,Channing Frye,Grant Hill,Jason Richardson,Steve Nash,Anthony Parker,J.J. Hickson,LeBron James,Mo Williams,Shaquille O'Neal,1,12:00,OFF,jump ball,,Amare Stoudemire,,,Shaquille O'Neal,,,,,,,Phoenix,,,,,,
Amare Stoudemire,Channing Frye,Grant Hill,Jason Richardson,Steve Nash,Anthony Parker,J.J. Hickson,LeBron James,Mo Williams,Shaquille O'Neal,1,11:48,PHX,shot,,,,,,,,,,Steve Nash,,,,missed,,running jump,21,9
Amare Stoudemire,Channing Frye,Grant Hill,Jason Richardson,Steve Nash,Anthony Parker,J.J. Hickson,LeBron James,Mo Williams,Shaquille O'Neal,1,11:47,CLE,rebound,,,,,,,,,,LeBron James,,,,,,def,,
Amare Stoudemire,Channing Frye,Grant Hill,Jason Richardson,Steve Nash,Anthony Parker,J.J. Hickson,LeBron James,Mo Williams,Shaquille O'Neal,1,11:43,CLE,turnover,,,,,,,,,,LeBron James,,,bad pass,,Steve Nash,,,
Amare Stoudemire,Channing Frye,Grant Hill,Jason Richardson,Steve Nash,Anthony Parker,J.J. Hickson,LeBron James,Mo Williams,Shaquille O'Neal,1,11:37,PHX,shot,,,,,,,,,,Grant Hill,,,,missed,,layup,25,7
Amare Stoudemire,Channing Frye,Grant Hill,Jason Richardson,Steve Nash,Anthony Parker,J.J. Hickson,LeBron James,Mo Williams,Shaquille O'Neal,1,11:36,CLE,rebound,,,,,,,,,,J.J. Hickson,,,,,,def,,
Amare Stoudemire,Channing Frye,Grant Hill,Jason Richardson,Steve Nash,Anthony Parker,J.J. Hickson,LeBron James,Mo Williams,Shaquille O'Neal,1,11:28,CLE,shot,,,,,,,,,,Mo Williams,,,,missed,,jump,5,7
Amare Stoudemire,Channing Frye,Grant Hill,Jason Richardson,Steve Nash,Anthony Parker,J.J. Hickson,LeBron James,Mo Williams,Shaquille O'Neal,1,11:27,PHX,rebound,,,,,,,,,,Amare Stoudemire,,,,,,def,,
Amare Stoudemire,Channing Frye,Grant Hill,Jason Richardson,Steve Nash,Anthony Parker,J.J. Hickson,LeBron James,Mo Williams,Shaquille O'Neal,1,11:08,PHX,shot,,,,,,,,,,Steve Nash,2,,,made,,driving layup,25,7
Amare Stoudemire,Channing Frye,Grant Hill,Jason Richardson,Steve Nash,Anthony Parker,J.J. Hickson,LeBron James,Mo Williams,Shaquille O'Neal,1,10:47,CLE,shot,LeBron James,,,,,,,,,Shaquille O'Neal,2,,,made,,layup,26,7
Amare Stoudemire,Channing Frye,Grant Hill,Jason Richardson,Steve Nash,Anthony Parker,J.J. Hickson,LeBron James,Mo Williams,Shaquille O'Neal,1,10:31,PHX,shot,,,,,,,,,,Amare Stoudemire,,,,missed,,jump,42,15
Amare Stoudemire,Channing Frye,Grant Hill,Jason Richardson,Steve Nash,Anthony Parker,J.J. Hickson,LeBron James,Mo Williams,Shaquille O'Neal,1,10:29,CLE,rebound,,,,,,,,,,J.J. Hickson,,,,,,def,,
Amare Stoudemire,Channing Frye,Grant Hill,Jason Richardson,Steve Nash,Anthony Parker,J.J. Hickson,LeBron James,Mo Williams,Shaquille O'Neal,1,10:15,CLE,shot,Shaquille O'Neal,,,,,,,,,Anthony Parker,2,,,made,,jump,28,27
Amare Stoudemire,Channing Frye,Grant Hill,Jason Richardson,Steve Nash,Anthony Parker,J.J. Hickson,LeBron James,Mo Williams,Shaquille O'Neal,1,9:56,PHX,shot,,,,,,,,,,Jason Richardson,,,,missed,,turnaround jump,39,9
Amare Stoudemire,Channing Frye,Grant Hill,Jason Richardson,Steve Nash,Anthony Parker,J.J. Hickson,LeBron James,Mo Williams,Shaquille O'Neal,1,9:55,CLE,rebound,,,,,,,,,,J.J. Hickson,,,,,,def,,
Amare Stoudemire,Channing Frye,Grant Hill,Jason Richardson,Steve Nash,Anthony Parker,J.J. Hickson,LeBron James,Mo Williams,Shaquille O'Neal,1,9:38,CLE,shot,LeBron James,,,,,,,,,Mo Williams,3,,,made,,3pt,36,30
Amare Stoudemire,Channing Frye,Grant Hill,Jason Richardson,Steve Nash,Anthony Parker,J.J. Hickson,LeBron James,Mo Williams,Shaquille O'Neal,1,9:28,PHX,shot,,,,,,,,,,Channing Frye,,,,missed,,3pt,11,27
Amare Stoudemire,Channing Frye,Grant Hill,Jason Richardson,Steve Nash,Anthony Parker,J.J. Hickson,LeBron James,Mo Williams,Shaquille O'Neal,1,9:27,CLE,rebound,,,,,,,,,,Shaquille O'Neal,,,,,,def,,
Amare Stoudemire,Channing Frye,Grant Hill,Jason Richardson,Steve Nash,Anthony Parker,J.J. Hickson,LeBron James,Mo Williams,Shaquille O'Neal,1,9:13,CLE,shot,Mo Williams,,,,,,,,,LeBron James,2,,,made,,driving dunk,25,7
Amare Stoudemire,Channing Frye,Grant Hill,Jason Richardson,Steve Nash,Anthony Parker,J.J. Hickson,LeBron James,Mo Williams,Shaquille O'Neal,1,8:56,PHX,shot,,,,,,,,,,Channing Frye,,,,missed,,running jump,21,9
Amare Stoudemire,Channing Frye,Grant Hill,Jason Richardson,Steve Nash,Anthony Parker,J.J. Hickson,LeBron James,Mo Williams,Shaquille O'Neal,1,8:54,CLE,rebound,,,,,,,,,,LeBron James,,,,,,def,,
Amare Stoudemire,Channing Frye,Grant Hill,Jason Richardson,Steve Nash,Anthony Parker,J.J. Hickson,LeBron James,Mo Williams,Shaquille O'Neal,1,8:48,CLE,shot,,,,,,,,,,Mo Williams,,,,missed,,3pt,12,29
Amare Stoudemire,Channing Frye,Grant Hill,Jason Richardson,Steve Nash,Anthony Parker,J.J. Hickson,LeBron James,Mo Williams,Shaquille O'Neal,1,8:47,PHX,rebound,,,,,,,,,,Amare Stoudemire,,,,,,def,,
Amare Stoudemire,Channing Frye,Grant Hill,Jason Richardson,Steve Nash,Anthony Parker,J.J. Hickson,LeBron James,Mo Williams,Shaquille O'Neal,1,8:32,PHX,shot,Jason Richardson,,,,,,,,,Channing Frye,2,,,made,,running bank,20,10
Amare Stoudemire,Channing Frye,Grant Hill,Jason Richardson,Steve Nash,Anthony Parker,J.J. Hickson,LeBron James,Mo Williams,Shaquille O'Neal,1,8:14,CLE,shot,,,Amare Stoudemire,,,,,,,Shaquille O'Neal,,,,missed,,jump,29,8
Amare Stoudemire,Channing Frye,Grant Hill,Jason Richardson,Steve Nash,Anthony Parker,J.J. Hickson,LeBron James,Mo Williams,Shaquille O'Neal,1,8:12,PHX,rebound,,,,,,,,,,Steve Nash,,,,,,def,,
Amare Stoudemire,Channing Frye,Grant Hill,Jason Richardson,Steve Nash,Anthony Parker,J.J. Hickson,LeBron James,Mo Williams,Shaquille O'Neal,1,8:07,PHX,shot,,,,,,,,,,Steve Nash,3,,,made,,3pt,9,25
Amare Stoudemire,Channing Frye,Grant Hill,Jason Richardson,Steve Nash,Anthony Parker,J.J. Hickson,LeBron James,Mo Williams,Shaquille O'Neal,1,7:49,PHX,foul,,,,,,,,J.J. Hickson,,Amare Stoudemire,,,,,,shooting,,
Amare Stoudemire,Channing Frye,Grant Hill,Jason Richardson,Steve Nash,Anthony Parker,J.J. Hickson,LeBron James,Mo Williams,Shaquille O'Neal,1,7:49,CLE,free throw,,,,,,,1,,2,J.J. Hickson,,,foul,missed,,,,
Amare Stoudemire,Channing Frye,Grant Hill,Jason Richardson,Steve Nash,Anthony Parker,J.J. Hickson,LeBron James,Mo Williams,Shaquille O'Neal,1,7:49,CLE,rebound,,,,,,,,,,,,,,,,,,
Amare Stoudemire,Channing Frye,Grant Hill,Jason Richardson,Steve Nash,Anthony Parker,J.J. Hickson,LeBron James,Mo Williams,Shaquille O'Neal,1,7:49,CLE,free throw,,,,,,,2,,2,J.J. Hickson,,,foul,made,,,,
Amare Stoudemire,Channing Frye,Grant Hill,Jason Richardson,Steve Nash,Anthony Parker,J.J. Hickson,LeBron James,Mo Williams,Shaquille O'Neal,1,7:34,PHX,shot,,,,,,,,,,Steve Nash,,,,missed,,running jump,33,12
Amare Stoudemire,Channing Frye,Grant Hill,Jason Richardson,Steve Nash,Anthony Parker,J.J. Hickson,LeBron James,Mo Williams,Shaquille O'Neal,1,7:32,CLE,rebound,,,,,,,,,,Shaquille O'Neal,,,,,,def,,
Amare Stoudemire,Channing Frye,Grant Hill,Jason Richardson,Steve Nash,Anthony Parker,J.J. Hickson,LeBron James,Mo Williams,Shaquille O'Neal,1,7:13,CLE,shot,,,,,,,,,,Shaquille O'Neal,,,,missed,,jump hook,26,11
Amare Stoudemire,Channing Frye,Grant Hill,Jason Richardson,Steve Nash,Anthony Parker,J.J. Hickson,LeBron James,Mo Williams,Shaquille O'Neal,1,7:12,CLE,rebound,,,,,,,,,,J.J. Hickson,,,,,,off,,
Amare Stoudemire,Channing Frye,Grant Hill,Jason Richardson,Steve Nash,Anthony Parker,J.J. Hickson,LeBron James,Mo Williams,Shaquille O'Neal,1,7:12,CLE,shot,,,,,,,,,,J.J. Hickson,2,,,made,,putback dunk,24,6
Amare Stoudemire,Channing Frye,Grant Hill,Jason Richardson,Steve Nash,Anthony Parker,J.J. Hickson,LeBron James,Mo Williams,Shaquille O'Neal,1,7:00,PHX,turnover,,,,,,,,,,Steve Nash,,,lost ball,,Mo Williams,,,
Amare Stoudemire,Channing Frye,Grant Hill,Jason Richardson,Steve Nash,Anthony Parker,J.J. Hickson,LeBron James,Mo Williams,Shaquille O'Neal,1,6:52,CLE,shot,,,,,,,,,,Anthony Parker,,,,missed,,3pt,12,29
Amare Stoudemire,Channing Frye,Grant Hill,Jason Richardson,Steve Nash,Anthony Parker,J.J. Hickson,LeBron James,Mo Williams,Shaquille O'Neal,1,6:51,PHX,rebound,,,,,,,,,,Jason Richardson,,,,,,def,,
Amare Stoudemire,Channing Frye,Grant Hill,Jason Richardson,Steve Nash,Anthony Parker,J.J. Hickson,LeBron James,Mo Williams,Shaquille O'Neal,1,6:41,PHX,shot,,,,,,,,,,Jason Richardson,,,,missed,,driving layup,26,7
Amare Stoudemire,Channing Frye,Grant Hill,Jason Richardson,Steve Nash,Anthony Parker,J.J. Hickson,LeBron James,Mo Williams,Shaquille O'Neal,1,6:40,CLE,rebound,,,,,,,,,,Shaquille O'Neal,,,,,,def,,
Amare Stoudemire,Channing Frye,Grant Hill,Jason Richardson,Steve Nash,Anthony Parker,J.J. Hickson,LeBron James,Mo Williams,Shaquille O'Neal,1,6:26,CLE,shot,LeBron James,,,,,,,,,Anthony Parker,2,,,made,,layup,27,8
Amare Stoudemire,Channing Frye,Grant Hill,Jason Richardson,Steve Nash,Anthony Parker,J.J. Hickson,LeBron James,Mo Williams,Shaquille O'Neal,1,6:18,PHX,timeout,,,,,,,,,,,,,,,,regular,,
Amare Stoudemire,Channing Frye,Grant Hill,Jason Richardson,Steve Nash,Anthony Parker,J.J. Hickson,LeBron James,Mo Williams,Shaquille O'Neal,1,6:07,PHX,shot,,,,,,,,,,Jason Richardson,,,,missed,,3pt,6,22
Amare Stoudemire,Channing Frye,Grant Hill,Jason Richardson,Steve Nash,Anthony Parker,J.J. Hickson,LeBron James,Mo Williams,Shaquille O'Neal,1,6:06,CLE,rebound,,,,,,,,,,LeBron James,,,,,,def,,
Amare Stoudemire,Channing Frye,Grant Hill,Jason Richardson,Steve Nash,Anthony Parker,J.J. Hickson,LeBron James,Mo Williams,Shaquille O'Neal,1,5:45,CLE,shot,,,,,,,,,,Mo Williams,,,,missed,,3pt,37,29
Amare Stoudemire,Channing Frye,Grant Hill,Jason Richardson,Steve Nash,Anthony Parker,J.J. Hickson,LeBron James,Mo Williams,Shaquille O'Neal,1,5:44,PHX,rebound,,,,,,,,,,Jason Richardson,,,,,,def,,
Amare Stoudemire,Channing Frye,Grant Hill,Jason Richardson,Steve Nash,Anthony Parker,J.J. Hickson,LeBron James,Mo Williams,Shaquille O'Neal,1,5:30,PHX,shot,,,,,,,,,,Amare Stoudemire,,,,missed,,jump,32,23
Amare Stoudemire,Channing Frye,Grant Hill,Jason Richardson,Steve Nash,Anthony Parker,J.J. Hickson,LeBron James,Mo Williams,Shaquille O'Neal,1,5:29,CLE,rebound,,,,,,,,,,J.J. Hickson,,,,,,def,,
Amare Stoudemire,Channing Frye,Grant Hill,Jason Richardson,Steve Nash,Anthony Parker,J.J. Hickson,LeBron James,Mo Williams,Shaquille O'Neal,1,5:18,CLE,shot,,,,,,,,,,Shaquille O'Neal,2,,,made,,slam dunk,26,7
Amare Stoudemire,Channing Frye,Grant Hill,Jason Richardson,Steve Nash,Anthony Parker,J.J. Hickson,LeBron James,Mo Williams,Shaquille O'Neal,1,5:11,PHX,shot,,,,,,,,,,Amare Stoudemire,,,,missed,,layup,25,7
Amare Stoudemire,Channing Frye,Grant Hill,Jason Richardson,Steve Nash,Anthony Parker,J.J. Hickson,LeBron James,Mo Williams,Shaquille O'Neal,1,5:09,CLE,rebound,,,,,,,,,,J.J. Hickson,,,,,,def,,
Amare Stoudemire,Channing Frye,Grant Hill,Jason Richardson,Steve Nash,Anthony Parker,J.J. Hickson,LeBron James,Mo Williams,Shaquille O'Neal,1,5:03,CLE,shot,LeBron James,,,,,,,,,J.J. Hickson,2,,,made,,alley oop layup,26,6
Amare Stoudemire,Channing Frye,Grant Hill,Jason Richardson,Steve Nash,Anthony Parker,J.J. Hickson,LeBron James,Mo Williams,Shaquille O'Neal,1,4:52,PHX,shot,,,,,,,,,,Amare Stoudemire,2,,,made,,slam dunk,25,7
Amare Stoudemire,Channing Frye,Grant Hill,Jason Richardson,Steve Nash,Anthony Parker,J.J. Hickson,LeBron James,Mo Williams,Shaquille O'Neal,1,4:35,CLE,turnover,,,,,,,,,,LeBron James,,,bad pass,,Grant Hill,,,
Amare Stoudemire,Channing Frye,Grant Hill,Jason Richardson,Steve Nash,Anthony Parker,J.J. Hickson,LeBron James,Mo Williams,Shaquille O'Neal,1,4:30,PHX,turnover,,,,,,,,,,Steve Nash,,,bad pass,,Mo Williams,,,
Amare Stoudemire,Channing Frye,Grant Hill,Jason Richardson,Steve Nash,Anthony Parker,J.J. Hickson,LeBron James,Mo Williams,Shaquille O'Neal,1,4:24,CLE,shot,,,,,,,,,,LeBron James,,,,missed,,jump bank,25,14
Amare Stoudemire,Channing Frye,Grant Hill,Jason Richardson,Steve Nash,Anthony Parker,J.J. Hickson,LeBron James,Mo Williams,Shaquille O'Neal,1,4:23,PHX,rebound,,,,,,,,,,Channing Frye,,,,,,def,,
Amare Stoudemire,Channing Frye,Grant Hill,Jason Richardson,Steve Nash,Anthony Parker,J.J. Hickson,LeBron James,Mo Williams,Shaquille O'Neal,1,4:20,PHX,shot,Steve Nash,,,,,,,,,Grant Hill,2,,,made,,layup,26,6
Amare Stoudemire,Channing Frye,Grant Hill,Jason Richardson,Steve Nash,Anthony Parker,J.J. Hickson,LeBron James,Mo Williams,Shaquille O'Neal,1,4:20,CLE,foul,,,,,,,,Grant Hill,,Anthony Parker,,,,,,shooting,,
Amare Stoudemire,Channing Frye,Grant Hill,Jason Richardson,Steve Nash,Anderson Varejao,Anthony Parker,J.J. Hickson,LeBron James,Mo Williams,1,4:20,CLE,sub,,,,Anderson Varejao,,Shaquille O'Neal,,,,,,,,,,,,
Amare Stoudemire,Channing Frye,Grant Hill,Jason Richardson,Steve Nash,Anderson Varejao,Anthony Parker,J.J. Hickson,LeBron James,Mo Williams,1,4:20,PHX,free throw,,,,,,,1,,1,Grant Hill,,,foul,made,,,,
Amare Stoudemire,Channing Frye,Grant Hill,Jason Richardson,Steve Nash,Anderson Varejao,Anthony Parker,J.J. Hickson,LeBron James,Mo Williams,1,4:02,CLE,shot,,,,,,,,,,Mo Williams,,,,missed,,3pt,48,8
Amare Stoudemire,Channing Frye,Grant Hill,Jason Richardson,Steve Nash,Anderson Varejao,Anthony Parker,J.J. Hickson,LeBron James,Mo Williams,1,4:01,CLE,rebound,,,,,,,,,,Anderson Varejao,,,,,,off,,
Amare Stoudemire,Channing Frye,Grant Hill,Jason Richardson,Steve Nash,Anderson Varejao,Anthony Parker,J.J. Hickson,LeBron James,Mo Williams,1,4:00,CLE,shot,,,,,,,,,,Anderson Varejao,,,,missed,,layup,25,6
Amare Stoudemire,Channing Frye,Grant Hill,Jason Richardson,Steve Nash,Anderson Varejao,Anthony Parker,J.J. Hickson,LeBron James,Mo Williams,1,3:57,CLE,rebound,,,,,,,,,,Anderson Varejao,,,,,,off,,
Amare Stoudemire,Channing Frye,Grant Hill,Jason Richardson,Steve Nash,Anderson Varejao,Anthony Parker,J.J. Hickson,LeBron James,Mo Williams,1,3:57,CLE,shot,,,,,,,,,,Anderson Varejao,,,,missed,,tip,25,7
Amare Stoudemire,Channing Frye,Grant Hill,Jason Richardson,Steve Nash,Anderson Varejao,Anthony Parker,J.J. Hickson,LeBron James,Mo Williams,1,3:56,PHX,rebound,,,,,,,,,,Steve Nash,,,,,,def,,
Amare Stoudemire,Channing Frye,Grant Hill,Jason Richardson,Steve Nash,Anderson Varejao,Anthony Parker,J.J. Hickson,LeBron James,Mo Williams,1,3:50,PHX,turnover,,,,,,,,,,Steve Nash,,,traveling,,,,,
Amare Stoudemire,Channing Frye,Grant Hill,Jason Richardson,Steve Nash,Anderson Varejao,Anthony Parker,LeBron James,Mo Williams,Zydrunas Ilgauskas,1,3:50,CLE,sub,,,,Zydrunas Ilgauskas,,J.J. Hickson,,,,,,,,,,,,
Amare Stoudemire,Channing Frye,Grant Hill,Jason Richardson,Steve Nash,Anderson Varejao,Anthony Parker,LeBron James,Mo Williams,Zydrunas Ilgauskas,1,3:31,PHX,foul,,,,,,,,Anderson Varejao,,Amare Stoudemire,,,,,,shooting,,
Amare Stoudemire,Channing Frye,Grant Hill,Jason Richardson,Steve Nash,Anderson Varejao,Anthony Parker,LeBron James,Mo Williams,Zydrunas Ilgauskas,1,3:31,CLE,free throw,,,,,,,1,,2,Anderson Varejao,,,foul,missed,,,,
Amare Stoudemire,Channing Frye,Grant Hill,Jason Richardson,Steve Nash,Anderson Varejao,Anthony Parker,LeBron James,Mo Williams,Zydrunas Ilgauskas,1,3:31,CLE,rebound,,,,,,,,,,,,,,,,,,
Channing Frye,Grant Hill,Jason Richardson,Robin Lopez,Steve Nash,Anderson Varejao,Anthony Parker,LeBron James,Mo Williams,Zydrunas Ilgauskas,1,3:31,PHX,sub,,,,Robin Lopez,,Amare Stoudemire,,,,,,,,,,,,
Channing Frye,Grant Hill,Jason Richardson,Robin Lopez,Steve Nash,Anderson Varejao,Anthony Parker,LeBron James,Mo Williams,Zydrunas Ilgauskas,1,3:31,CLE,free throw,,,,,,,2,,2,Anderson Varejao,,,foul,made,,,,
Channing Frye,Grant Hill,Jason Richardson,Robin Lopez,Steve Nash,Anderson Varejao,Anthony Parker,LeBron James,Mo Williams,Zydrunas Ilgauskas,1,3:19,PHX,shot,,,Anderson Varejao,,,,,,,Robin Lopez,,,,missed,,layup,26,8
Channing Frye,Grant Hill,Jason Richardson,Robin Lopez,Steve Nash,Anderson Varejao,Anthony Parker,LeBron James,Mo Williams,Zydrunas Ilgauskas,1,3:17,CLE,rebound,,,,,,,,,,Mo Williams,,,,,,def,,
Channing Frye,Grant Hill,Jason Richardson,Robin Lopez,Steve Nash,Anderson Varejao,Anthony Parker,LeBron James,Mo Williams,Zydrunas Ilgauskas,1,3:00,CLE,shot,,,,,,,,,,Anthony Parker,,,,missed,,3pt,9,25
Channing Frye,Grant Hill,Jason Richardson,Robin Lopez,Steve Nash,Anderson Varejao,Anthony Parker,LeBron James,Mo Williams,Zydrunas Ilgauskas,1,2:58,CLE,rebound,,,,,,,,,,Zydrunas Ilgauskas,,,,,,off,,
Channing Frye,Grant Hill,Jason Richardson,Robin Lopez,Steve Nash,Anderson Varejao,Anthony Parker,LeBron James,Mo Williams,Zydrunas Ilgauskas,1,2:57,CLE,shot,,,Robin Lopez,,,,,,,Zydrunas Ilgauskas,,,,missed,,layup,24,7
Channing Frye,Grant Hill,Jason Richardson,Robin Lopez,Steve Nash,Anderson Varejao,Anthony Parker,LeBron James,Mo Williams,Zydrunas Ilgauskas,1,2:56,PHX,rebound,,,,,,,,,,,,,,,,,,
Channing Frye,Grant Hill,Jason Richardson,Robin Lopez,Steve Nash,Anderson Varejao,Anthony Parker,LeBron James,Mo Williams,Zydrunas Ilgauskas,1,2:56,CLE,timeout,,,,,,,,,,,,,,,,regular,,
Channing Frye,Grant Hill,Jason Richardson,Robin Lopez,Steve Nash,Anderson Varejao,Anthony Parker,Daniel Gibson,LeBron James,Zydrunas Ilgauskas,1,2:56,CLE,sub,,,,Daniel Gibson,,Mo Williams,,,,,,,,,,,,
Channing Frye,Grant Hill,Jason Richardson,Robin Lopez,Steve Nash,Anderson Varejao,Anthony Parker,Daniel Gibson,LeBron James,Zydrunas Ilgauskas,1,2:45,PHX,shot,,,,,,,,,,Jason Richardson,,,,missed,,turnaround jump,25,12
Channing Frye,Grant Hill,Jason Richardson,Robin Lopez,Steve Nash,Anderson Varejao,Anthony Parker,Daniel Gibson,LeBron James,Zydrunas Ilgauskas,1,2:43,CLE,rebound,,,,,,,,,,Zydrunas Ilgauskas,,,,,,def,,
Channing Frye,Grant Hill,Jason Richardson,Robin Lopez,Steve Nash,Anderson Varejao,Anthony Parker,Daniel Gibson,LeBron James,Zydrunas Ilgauskas,1,2:23,CLE,shot,LeBron James,,,,,,,,,Anthony Parker,3,,,made,,3pt,2,8
Channing Frye,Grant Hill,Jason Richardson,Robin Lopez,Steve Nash,Anderson Varejao,Anthony Parker,Daniel Gibson,LeBron James,Zydrunas Ilgauskas,1,2:08,PHX,turnover,,,,,,,,,,Robin Lopez,,,out of bounds lost ball turnover,,,,,
Channing Frye,Grant Hill,Jared Dudley,Robin Lopez,Steve Nash,Anderson Varejao,Anthony Parker,Daniel Gibson,LeBron James,Zydrunas Ilgauskas,1,2:08,PHX,sub,,,,Jared Dudley,,Jason Richardson,,,,,,,,,,,,
Channing Frye,Grant Hill,Jared Dudley,Robin Lopez,Steve Nash,Anderson Varejao,Anthony Parker,Daniel Gibson,LeBron James,Zydrunas Ilgauskas,1,1:49,CLE,shot,LeBron James,,,,,,,,,Zydrunas Ilgauskas,2,,,made,,jump,15,20
Channing Frye,Grant Hill,Jared Dudley,Robin Lopez,Steve Nash,Anderson Varejao,Anthony Parker,Daniel Gibson,LeBron James,Zydrunas Ilgauskas,1,1:35,PHX,shot,,,,,,,,,,Channing Frye,,,,missed,,3pt,24,31
Channing Frye,Grant Hill,Jared Dudley,Robin Lopez,Steve Nash,Anderson Varejao,Anthony Parker,Daniel Gibson,LeBron James,Zydrunas Ilgauskas,1,1:33,CLE,rebound,,,,,,,,,,LeBron James,,,,,,def,,
Channing Frye,Grant Hill,Jared Dudley,Robin Lopez,Steve Nash,Anderson Varejao,Anthony Parker,Daniel Gibson,LeBron James,Zydrunas Ilgauskas,1,1:22,CLE,shot,LeBron James,,,,,,,,,Daniel Gibson,3,,,made,,3pt,48,17
Channing Frye,Grant Hill,Jared Dudley,Robin Lopez,Steve Nash,Anderson Varejao,Anthony Parker,Daniel Gibson,LeBron James,Zydrunas Ilgauskas,1,1:11,PHX,turnover,,,,,,,,,,Steve Nash,,,bad pass,,Zydrunas Ilgauskas,,,
Channing Frye,Grant Hill,Jared Dudley,Robin Lopez,Steve Nash,Anderson Varejao,Anthony Parker,Daniel Gibson,LeBron James,Zydrunas Ilgauskas,1,1:08,PHX,foul,,,,,,,,LeBron James,,Channing Frye,,,,,,personal,,
Amare Stoudemire,Grant Hill,Jared Dudley,Robin Lopez,Steve Nash,Anderson Varejao,Anthony Parker,Daniel Gibson,LeBron James,Zydrunas Ilgauskas,1,1:08,PHX,sub,,,,Amare Stoudemire,,Channing Frye,,,,,,,,,,,,
Amare Stoudemire,Grant Hill,Jared Dudley,Robin Lopez,Steve Nash,Anderson Varejao,Daniel Gibson,Delonte West,LeBron James,Zydrunas Ilgauskas,1,1:08,CLE,sub,,,,Delonte West,,Anthony Parker,,,,,,,,,,,,
Amare Stoudemire,Grant Hill,Jared Dudley,Robin Lopez,Steve Nash,Anderson Varejao,Daniel Gibson,Delonte West,LeBron James,Zydrunas Ilgauskas,1,0:50,CLE,shot,Delonte West,,,,,,,,,Anderson Varejao,2,,,made,,floating jump,31,13
Amare Stoudemire,Grant Hill,Jared Dudley,Robin Lopez,Steve Nash,Anderson Varejao,Daniel Gibson,Delonte West,LeBron James,Zydrunas Ilgauskas,1,0:42,PHX,shot,,,,,,,,,,Steve Nash,2,,,made,,jump,9,17
Amare Stoudemire,Grant Hill,Jared Dudley,Robin Lopez,Steve Nash,Anderson Varejao,Daniel Gibson,Delonte West,LeBron James,Zydrunas Ilgauskas,1,0:22,CLE,shot,,,,,,,,,,Anderson Varejao,2,,,made,,jump,21,7
Amare Stoudemire,Grant Hill,Jared Dudley,Robin Lopez,Steve Nash,Anderson Varejao,Daniel Gibson,Delonte West,LeBron James,Zydrunas Ilgauskas,1,0:22,PHX,turnover,,,,,,,,,,Robin Lopez,,,bad pass,,,,,
Amare Stoudemire,Goran Dragic,Grant Hill,Jared Dudley,Robin Lopez,Anderson Varejao,Daniel Gibson,Delonte West,LeBron James,Zydrunas Ilgauskas,1,0:21,PHX,sub,,,,Goran Dragic,,Steve Nash,,,,,,,,,,,,
Amare Stoudemire,Earl Clark,Goran Dragic,Jared Dudley,Robin Lopez,Anderson Varejao,Daniel Gibson,Delonte West,LeBron James,Zydrunas Ilgauskas,1,0:21,PHX,sub,,,,Earl Clark,,Grant Hill,,,,,,,,,,,,
Amare Stoudemire,Earl Clark,Goran Dragic,Jared Dudley,Robin Lopez,Anderson Varejao,Daniel Gibson,Delonte West,LeBron James,Zydrunas Ilgauskas,1,0:03,CLE,shot,,,,,,,,,,LeBron James,,,,missed,,driving layup,25,7
Amare Stoudemire,Earl Clark,Goran Dragic,Jared Dudley,Robin Lopez,Anderson Varejao,Daniel Gibson,Delonte West,LeBron James,Zydrunas Ilgauskas,1,0:01,CLE,rebound,,,,,,,,,,Zydrunas Ilgauskas,,,,,,off,,
Amare Stoudemire,Earl Clark,Goran Dragic,Jared Dudley,Robin Lopez,Anderson Varejao,Daniel Gibson,Delonte West,LeBron James,Zydrunas Ilgauskas,1,0:01,CLE,shot,,,,,,,,,,Zydrunas Ilgauskas,2,,,made,,tip,24,6
Amare Stoudemire,Earl Clark,Goran Dragic,Jared Dudley,Robin Lopez,Anderson Varejao,Daniel Gibson,Delonte West,LeBron James,Zydrunas Ilgauskas,1,0:01,PHX,turnover,,,,,,,,,,Amare Stoudemire,,,lost ball,,LeBron James,,,
Amare Stoudemire,Earl Clark,Goran Dragic,Jared Dudley,Robin Lopez,Anderson Varejao,Daniel Gibson,Delonte West,Jamario Moon,Zydrunas Ilgauskas,2,11:45,PHX,foul,,,,,,,,Delonte West,,Jared Dudley,,,,,,personal,,
Amare Stoudemire,Earl Clark,Goran Dragic,Jared Dudley,Robin Lopez,Anderson Varejao,Daniel Gibson,Delonte West,Jamario Moon,Zydrunas Ilgauskas,2,11:32,CLE,shot,Delonte West,,,,,,,,,Jamario Moon,2,,,made,,jump,13,20
Amare Stoudemire,Earl Clark,Goran Dragic,Jared Dudley,Robin Lopez,Anderson Varejao,Daniel Gibson,Delonte West,Jamario Moon,Zydrunas Ilgauskas,2,11:08,PHX,shot,,,,,,,,,,Robin Lopez,,,,missed,,jump,40,16
Amare Stoudemire,Earl Clark,Goran Dragic,Jared Dudley,Robin Lopez,Anderson Varejao,Daniel Gibson,Delonte West,Jamario Moon,Zydrunas Ilgauskas,2,11:07,PHX,rebound,,,,,,,,,,Jared Dudley,,,,,,off,,
Amare Stoudemire,Earl Clark,Goran Dragic,Jared Dudley,Robin Lopez,Anderson Varejao,Daniel Gibson,Delonte West,Jamario Moon,Zydrunas Ilgauskas,2,11:04,PHX,shot,,,Anderson Varejao,,,,,,,Jared Dudley,,,,missed,,layup,26,9
Amare Stoudemire,Earl Clark,Goran Dragic,Jared Dudley,Robin Lopez,Anderson Varejao,Daniel Gibson,Delonte West,Jamario Moon,Zydrunas Ilgauskas,2,11:02,CLE,rebound,,,,,,,,,,Anderson Varejao,,,,,,def,,
Amare Stoudemire,Earl Clark,Goran Dragic,Jared Dudley,Robin Lopez,Anderson Varejao,Daniel Gibson,Delonte West,Jamario Moon,Zydrunas Ilgauskas,2,10:47,CLE,shot,Daniel Gibson,,,,,,,,,Zydrunas Ilgauskas,2,,,made,,jump,46,9
Amare Stoudemire,Earl Clark,Goran Dragic,Jared Dudley,Robin Lopez,Anderson Varejao,Daniel Gibson,Delonte West,Jamario Moon,Zydrunas Ilgauskas,2,10:28,PHX,shot,,,,,,,,,,Robin Lopez,,,,missed,,layup,25,7
Amare Stoudemire,Earl Clark,Goran Dragic,Jared Dudley,Robin Lopez,Anderson Varejao,Daniel Gibson,Delonte West,Jamario Moon,Zydrunas Ilgauskas,2,10:27,PHX,rebound,,,,,,,,,,Robin Lopez,,,,,,off,,
Amare Stoudemire,Earl Clark,Goran Dragic,Jared Dudley,Robin Lopez,Anderson Varejao,Daniel Gibson,Delonte West,Jamario Moon,Zydrunas Ilgauskas,2,10:26,CLE,foul,,,,,,,,Robin Lopez,,Zydrunas Ilgauskas,,,,,,shooting,,
Amare Stoudemire,Earl Clark,Goran Dragic,Jared Dudley,Robin Lopez,Anderson Varejao,Daniel Gibson,Delonte West,Jamario Moon,Zydrunas Ilgauskas,2,10:26,PHX,free throw,,,,,,,1,,2,Robin Lopez,,,foul,made,,,,
Amare Stoudemire,Earl Clark,Goran Dragic,Jared Dudley,Robin Lopez,Anderson Varejao,Daniel Gibson,Delonte West,Jamario Moon,Zydrunas Ilgauskas,2,10:26,PHX,free throw,,,,,,,2,,2,Robin Lopez,,,foul,made,,,,
Amare Stoudemire,Earl Clark,Goran Dragic,Jared Dudley,Robin Lopez,Anderson Varejao,Daniel Gibson,Delonte West,Jamario Moon,Zydrunas Ilgauskas,2,10:09,CLE,shot,,,,,,,,,,Anderson Varejao,,,,missed,,jump hook,19,10
Amare Stoudemire,Earl Clark,Goran Dragic,Jared Dudley,Robin Lopez,Anderson Varejao,Daniel Gibson,Delonte West,Jamario Moon,Zydrunas Ilgauskas,2,10:08,PHX,rebound,,,,,,,,,,Amare Stoudemire,,,,,,def,,
Amare Stoudemire,Earl Clark,Goran Dragic,Jared Dudley,Robin Lopez,Anderson Varejao,Daniel Gibson,Delonte West,Jamario Moon,Zydrunas Ilgauskas,2,9:59,PHX,turnover,,,,,,,,,,Goran Dragic,,,bad pass,,Delonte West,,,
Amare Stoudemire,Earl Clark,Goran Dragic,Jared Dudley,Robin Lopez,Anderson Varejao,Daniel Gibson,Delonte West,Jamario Moon,Zydrunas Ilgauskas,2,9:57,CLE,shot,,,,,,,,,,Delonte West,,,,missed,,layup,24,6
Amare Stoudemire,Earl Clark,Goran Dragic,Jared Dudley,Robin Lopez,Anderson Varejao,Daniel Gibson,Delonte West,Jamario Moon,Zydrunas Ilgauskas,2,9:56,CLE,rebound,,,,,,,,,,Anderson Varejao,,,,,,off,,
Amare Stoudemire,Earl Clark,Goran Dragic,Jared Dudley,Robin Lopez,Anderson Varejao,Daniel Gibson,Delonte West,Jamario Moon,Zydrunas Ilgauskas,2,9:55,CLE,shot,,,,,,,,,,Anderson Varejao,2,,,made,,layup,25,6
Amare Stoudemire,Earl Clark,Goran Dragic,Jared Dudley,Robin Lopez,Anderson Varejao,Daniel Gibson,Delonte West,Jamario Moon,Zydrunas Ilgauskas,2,9:52,PHX,timeout,,,,,,,,,,,,,,,,regular,,
Amare Stoudemire,Channing Frye,Earl Clark,Goran Dragic,Jared Dudley,Anderson Varejao,Daniel Gibson,Delonte West,Jamario Moon,Zydrunas Ilgauskas,2,9:52,PHX,sub,,,,Channing Frye,,Robin Lopez,,,,,,,,,,,,
Amare Stoudemire,Channing Frye,Earl Clark,Goran Dragic,Jared Dudley,Anderson Varejao,Daniel Gibson,Delonte West,Jamario Moon,Zydrunas Ilgauskas,2,9:40,PHX,shot,,,,,,,,,,Channing Frye,,,,missed,,jump,11,19
Amare Stoudemire,Channing Frye,Earl Clark,Goran Dragic,Jared Dudley,Anderson Varejao,Daniel Gibson,Delonte West,Jamario Moon,Zydrunas Ilgauskas,2,9:39,PHX,rebound,,,,,,,,,,Goran Dragic,,,,,,off,,
Amare Stoudemire,Channing Frye,Earl Clark,Goran Dragic,Jared Dudley,Anderson Varejao,Daniel Gibson,Delonte West,Jamario Moon,Zydrunas Ilgauskas,2,9:37,CLE,foul,,,,,,,,Goran Dragic,,Delonte West,,,,,,personal,,
Amare Stoudemire,Channing Frye,Earl Clark,Goran Dragic,Jared Dudley,Anderson Varejao,Daniel Gibson,Delonte West,Jamario Moon,Zydrunas Ilgauskas,2,9:27,PHX,shot,,,Jamario Moon,,,,,,,Amare Stoudemire,,,,missed,,layup,25,8
Amare Stoudemire,Channing Frye,Earl Clark,Goran Dragic,Jared Dudley,Anderson Varejao,Daniel Gibson,Delonte West,Jamario Moon,Zydrunas Ilgauskas,2,9:26,PHX,rebound,,,,,,,,,,Amare Stoudemire,,,,,,off,,
Amare Stoudemire,Channing Frye,Earl Clark,Goran Dragic,Jared Dudley,Anderson Varejao,Daniel Gibson,Delonte West,Jamario Moon,Zydrunas Ilgauskas,2,9:25,CLE,foul,,,,,,,,Amare Stoudemire,,Anderson Varejao,,,,,,personal,,
Amare Stoudemire,Channing Frye,Earl Clark,Goran Dragic,Jared Dudley,Anderson Varejao,Daniel Gibson,Delonte West,Jamario Moon,Zydrunas Ilgauskas,2,9:19,PHX,shot,Earl Clark,,,,,,,,,Channing Frye,2,,,made,,jump,43,21
Amare Stoudemire,Channing Frye,Earl Clark,Goran Dragic,Jared Dudley,Anderson Varejao,Daniel Gibson,Delonte West,Jamario Moon,Zydrunas Ilgauskas,2,9:01,PHX,foul,,,,,,,,Anderson Varejao,,Earl Clark,,,,,,personal,,
Amare Stoudemire,Channing Frye,Earl Clark,Goran Dragic,Steve Nash,Anderson Varejao,Daniel Gibson,Delonte West,Jamario Moon,Zydrunas Ilgauskas,2,9:01,PHX,sub,,,,Steve Nash,,Jared Dudley,,,,,,,,,,,,
Amare Stoudemire,Channing Frye,Earl Clark,Grant Hill,Steve Nash,Anderson Varejao,Daniel Gibson,Delonte West,Jamario Moon,Zydrunas Ilgauskas,2,9:01,PHX,sub,,,,Grant Hill,,Goran Dragic,,,,,,,,,,,,
Amare Stoudemire,Channing Frye,Grant Hill,Jason Richardson,Steve Nash,Anderson Varejao,Daniel Gibson,Delonte West,Jamario Moon,Zydrunas Ilgauskas,2,9:01,PHX,sub,,,,Jason Richardson,,Earl Clark,,,,,,,,,,,,
Amare Stoudemire,Channing Frye,Grant Hill,Jason Richardson,Steve Nash,Anderson Varejao,Daniel Gibson,Delonte West,Jamario Moon,Zydrunas Ilgauskas,2,8:49,CLE,turnover,,,,,,,,,,Zydrunas Ilgauskas,,,traveling,,,,,
Amare Stoudemire,Channing Frye,Grant Hill,Jason Richardson,Steve Nash,Anderson Varejao,Daniel Gibson,Delonte West,Jamario Moon,Zydrunas Ilgauskas,2,8:37,PHX,shot,,,,,,,,,,Jason Richardson,,,,missed,,3pt,5,21
Amare Stoudemire,Channing Frye,Grant Hill,Jason Richardson,Steve Nash,Anderson Varejao,Daniel Gibson,Delonte West,Jamario Moon,Zydrunas Ilgauskas,2,8:36,CLE,rebound,,,,,,,,,,Jamario Moon,,,,,,def,,
Amare Stoudemire,Channing Frye,Grant Hill,Jason Richardson,Steve Nash,Anderson Varejao,Daniel Gibson,Delonte West,Jamario Moon,Zydrunas Ilgauskas,2,8:19,CLE,shot,,,,,,,,,,Jamario Moon,,,,missed,,3pt,2,9
Amare Stoudemire,Channing Frye,Grant Hill,Jason Richardson,Steve Nash,Anderson Varejao,Daniel Gibson,Delonte West,Jamario Moon,Zydrunas Ilgauskas,2,8:15,PHX,rebound,,,,,,,,,,Channing Frye,,,,,,def,,
Amare Stoudemire,Channing Frye,Grant Hill,Jason Richardson,Steve Nash,Anderson Varejao,Daniel Gibson,Delonte West,Jamario Moon,Zydrunas Ilgauskas,2,8:03,PHX,shot,,,,,,,,,,Grant Hill,,,,missed,,3pt,49,12
Amare Stoudemire,Channing Frye,Grant Hill,Jason Richardson,Steve Nash,Anderson Varejao,Daniel Gibson,Delonte West,Jamario Moon,Zydrunas Ilgauskas,2,8:02,CLE,rebound,,,,,,,,,,Zydrunas Ilgauskas,,,,,,def,,
Amare Stoudemire,Channing Frye,Grant Hill,Jason Richardson,Steve Nash,Anderson Varejao,Daniel Gibson,Delonte West,Jamario Moon,Zydrunas Ilgauskas,2,7:47,CLE,shot,,,,,,,,,,Jamario Moon,,,,missed,,3pt,12,27
Amare Stoudemire,Channing Frye,Grant Hill,Jason Richardson,Steve Nash,Anderson Varejao,Daniel Gibson,Delonte West,Jamario Moon,Zydrunas Ilgauskas,2,7:46,PHX,rebound,,,,,,,,,,Jason Richardson,,,,,,def,,
Amare Stoudemire,Channing Frye,Grant Hill,Jason Richardson,Steve Nash,Anderson Varejao,Daniel Gibson,Delonte West,Jamario Moon,Zydrunas Ilgauskas,2,7:35,PHX,shot,Jason Richardson,,,,,,,,,Amare Stoudemire,2,,,made,,layup,25,6
Amare Stoudemire,Channing Frye,Grant Hill,Jason Richardson,Steve Nash,Anderson Varejao,Daniel Gibson,Delonte West,Jamario Moon,Zydrunas Ilgauskas,2,7:17,CLE,shot,Delonte West,,,,,,,,,Daniel Gibson,2,,,made,,jump,12,25
Amare Stoudemire,Channing Frye,Grant Hill,Jason Richardson,Steve Nash,Anderson Varejao,Daniel Gibson,Delonte West,Jamario Moon,Zydrunas Ilgauskas,2,7:08,PHX,turnover,,,,,,,,,,Steve Nash,,,bad pass,,Delonte West,,,
Amare Stoudemire,Channing Frye,Grant Hill,Jason Richardson,Steve Nash,Anderson Varejao,Daniel Gibson,Delonte West,Jamario Moon,Zydrunas Ilgauskas,2,7:01,CLE,shot,,,,,,,,,,Daniel Gibson,,,,missed,,3pt,8,26
Amare Stoudemire,Channing Frye,Grant Hill,Jason Richardson,Steve Nash,Anderson Varejao,Daniel Gibson,Delonte West,Jamario Moon,Zydrunas Ilgauskas,2,6:59,PHX,rebound,,,,,,,,,,Amare Stoudemire,,,,,,def,,
Amare Stoudemire,Channing Frye,Grant Hill,Jason Richardson,Steve Nash,Anderson Varejao,Daniel Gibson,Delonte West,Jamario Moon,Zydrunas Ilgauskas,2,6:39,PHX,shot,Steve Nash,,,,,,,,,Amare Stoudemire,2,,,made,,jump hook,23,13
Amare Stoudemire,Channing Frye,Grant Hill,Jason Richardson,Steve Nash,Anderson Varejao,Daniel Gibson,Delonte West,Jamario Moon,Zydrunas Ilgauskas,2,6:31,CLE,timeout,,,,,,,,,,,,,,,,regular,,
Amare Stoudemire,Channing Frye,Grant Hill,Jason Richardson,Steve Nash,Anderson Varejao,Daniel Gibson,Delonte West,Jamario Moon,Mo Williams,2,6:31,CLE,sub,,,,Mo Williams,,Zydrunas Ilgauskas,,,,,,,,,,,,
Amare Stoudemire,Channing Frye,Grant Hill,Jason Richardson,Steve Nash,Anderson Varejao,Delonte West,Jamario Moon,LeBron James,Mo Williams,2,6:31,CLE,sub,,,,LeBron James,,Daniel Gibson,,,,,,,,,,,,
Amare Stoudemire,Channing Frye,Grant Hill,Jason Richardson,Steve Nash,Anderson Varejao,Delonte West,LeBron James,Mo Williams,Shaquille O'Neal,2,6:31,CLE,sub,,,,Shaquille O'Neal,,Jamario Moon,,,,,,,,,,,,
Amare Stoudemire,Channing Frye,Grant Hill,Jason Richardson,Steve Nash,Anderson Varejao,Delonte West,LeBron James,Mo Williams,Shaquille O'Neal,2,6:12,CLE,shot,,,,,,,,,,Mo Williams,,,,missed,,jump,34,23
Amare Stoudemire,Channing Frye,Grant Hill,Jason Richardson,Steve Nash,Anderson Varejao,Delonte West,LeBron James,Mo Williams,Shaquille O'Neal,2,6:11,PHX,rebound,,,,,,,,,,Grant Hill,,,,,,def,,
Amare Stoudemire,Channing Frye,Grant Hill,Jason Richardson,Steve Nash,Anderson Varejao,Delonte West,LeBron James,Mo Williams,Shaquille O'Neal,2,5:55,PHX,shot,,,,,,,,,,Steve Nash,,,,missed,,jump,8,9
Amare Stoudemire,Channing Frye,Grant Hill,Jason Richardson,Steve Nash,Anderson Varejao,Delonte West,LeBron James,Mo Williams,Shaquille O'Neal,2,5:54,CLE,rebound,,,,,,,,,,Anderson Varejao,,,,,,def,,
Amare Stoudemire,Channing Frye,Grant Hill,Jason Richardson,Steve Nash,Anderson Varejao,Delonte West,LeBron James,Mo Williams,Shaquille O'Neal,2,5:41,CLE,shot,,,,,,,,,,Delonte West,,,,missed,,jump,41,10
Amare Stoudemire,Channing Frye,Grant Hill,Jason Richardson,Steve Nash,Anderson Varejao,Delonte West,LeBron James,Mo Williams,Shaquille O'Neal,2,5:40,CLE,rebound,,,,,,,,,,Shaquille O'Neal,,,,,,off,,
Amare Stoudemire,Channing Frye,Grant Hill,Jason Richardson,Steve Nash,Anderson Varejao,Delonte West,LeBron James,Mo Williams,Shaquille O'Neal,2,5:38,CLE,shot,,,,,,,,,,Shaquille O'Neal,2,,,made,,slam dunk,25,6
Amare Stoudemire,Channing Frye,Grant Hill,Jason Richardson,Steve Nash,Anderson Varejao,Delonte West,LeBron James,Mo Williams,Shaquille O'Neal,2,5:26,PHX,shot,,,,,,,,,,Amare Stoudemire,,,,missed,,jump hook,17,8
Amare Stoudemire,Channing Frye,Grant Hill,Jason Richardson,Steve Nash,Anderson Varejao,Delonte West,LeBron James,Mo Williams,Shaquille O'Neal,2,5:25,CLE,rebound,,,,,,,,,,LeBron James,,,,,,def,,
Amare Stoudemire,Channing Frye,Grant Hill,Jason Richardson,Steve Nash,Anderson Varejao,Delonte West,LeBron James,Mo Williams,Shaquille O'Neal,2,5:13,CLE,shot,Delonte West,,,,,,,,,Shaquille O'Neal,2,,,made,,layup,25,7
Amare Stoudemire,Channing Frye,Grant Hill,Jason Richardson,Steve Nash,Anderson Varejao,Delonte West,LeBron James,Mo Williams,Shaquille O'Neal,2,5:13,PHX,foul,,,,,,,,Shaquille O'Neal,,Channing Frye,,,,,,shooting,,
Channing Frye,Grant Hill,Jarron Collins,Jason Richardson,Steve Nash,Anderson Varejao,Delonte West,LeBron James,Mo Williams,Shaquille O'Neal,2,5:13,PHX,sub,,,,Jarron Collins,,Amare Stoudemire,,,,,,,,,,,,
Channing Frye,Grant Hill,Jarron Collins,Jason Richardson,Steve Nash,Anderson Varejao,Delonte West,LeBron James,Mo Williams,Shaquille O'Neal,2,5:13,CLE,free throw,,,,,,,1,,1,Shaquille O'Neal,,,foul,missed,,,,
Channing Frye,Grant Hill,Jarron Collins,Jason Richardson,Steve Nash,Anderson Varejao,Delonte West,LeBron James,Mo Williams,Shaquille O'Neal,2,5:10,PHX,rebound,,,,,,,,,,Jason Richardson,,,,,,def,,
Channing Frye,Grant Hill,Jarron Collins,Jason Richardson,Steve Nash,Anderson Varejao,Delonte West,LeBron James,Mo Williams,Shaquille O'Neal,2,5:06,CLE,foul,,,,,,,,Steve Nash,,Mo Williams,,,,,,personal,,
Channing Frye,Grant Hill,Jarron Collins,Jason Richardson,Steve Nash,Anderson Varejao,Delonte West,J.J. Hickson,LeBron James,Mo Williams,2,5:06,CLE,sub,,,,J.J. Hickson,,Shaquille O'Neal,,,,,,,,,,,,
Channing Frye,Grant Hill,Jarron Collins,Jason Richardson,Steve Nash,Anderson Varejao,Delonte West,J.J. Hickson,LeBron James,Mo Williams,2,4:59,PHX,turnover,,,,,,,,,,Jason Richardson,,,bad pass,,Mo Williams,,,
Channing Frye,Grant Hill,Jarron Collins,Jason Richardson,Steve Nash,Anderson Varejao,Delonte West,J.J. Hickson,LeBron James,Mo Williams,2,4:54,CLE,shot,Anderson Varejao,,,,,,,,,J.J. Hickson,2,,,made,,driving layup,26,4
Channing Frye,Grant Hill,Jarron Collins,Jason Richardson,Steve Nash,Anderson Varejao,Delonte West,J.J. Hickson,LeBron James,Mo Williams,2,4:46,PHX,shot,Jason Richardson,,,,,,,,,Steve Nash,2,,,made,,jump,10,24
Channing Frye,Grant Hill,Jarron Collins,Jason Richardson,Steve Nash,Anderson Varejao,Delonte West,J.J. Hickson,LeBron James,Mo Williams,2,4:20,CLE,shot,,,,,,,,,,Delonte West,2,,,made,,driving layup,25,9
Channing Frye,Grant Hill,Jarron Collins,Jason Richardson,Steve Nash,Anderson Varejao,Delonte West,J.J. Hickson,LeBron James,Mo Williams,2,4:06,PHX,shot,,,,,,,,,,Grant Hill,,,,missed,,jump,27,19
Channing Frye,Grant Hill,Jarron Collins,Jason Richardson,Steve Nash,Anderson Varejao,Delonte West,J.J. Hickson,LeBron James,Mo Williams,2,4:05,CLE,rebound,,,,,,,,,,Mo Williams,,,,,,def,,
Channing Frye,Grant Hill,Jarron Collins,Jason Richardson,Steve Nash,Anderson Varejao,Delonte West,J.J. Hickson,LeBron James,Mo Williams,2,3:48,CLE,shot,,,,,,,,,,LeBron James,,,,missed,,3pt,2,14
Channing Frye,Grant Hill,Jarron Collins,Jason Richardson,Steve Nash,Anderson Varejao,Delonte West,J.J. Hickson,LeBron James,Mo Williams,2,3:47,PHX,rebound,,,,,,,,,,Jason Richardson,,,,,,def,,
Channing Frye,Grant Hill,Jarron Collins,Jason Richardson,Steve Nash,Anderson Varejao,Delonte West,J.J. Hickson,LeBron James,Mo Williams,2,3:38,PHX,shot,,,,,,,,,,Jason Richardson,,,,missed,,3pt,17,30
Channing Frye,Grant Hill,Jarron Collins,Jason Richardson,Steve Nash,Anderson Varejao,Delonte West,J.J. Hickson,LeBron James,Mo Williams,2,3:37,PHX,rebound,,,,,,,,,,Steve Nash,,,,,,off,,
Channing Frye,Grant Hill,Jarron Collins,Jason Richardson,Steve Nash,Anderson Varejao,Delonte West,J.J. Hickson,LeBron James,Mo Williams,2,3:33,PHX,shot,,,,,,,,,,Steve Nash,,,,missed,,3pt,3,17
Channing Frye,Grant Hill,Jarron Collins,Jason Richardson,Steve Nash,Anderson Varejao,Delonte West,J.J. Hickson,LeBron James,Mo Williams,2,3:32,CLE,rebound,,,,,,,,,,LeBron James,,,,,,def,,
Channing Frye,Grant Hill,Jarron Collins,Jason Richardson,Steve Nash,Anderson Varejao,Delonte West,J.J. Hickson,LeBron James,Mo Williams,2,3:17,PHX,foul,,,,,,,,LeBron James,,Jason Richardson,,,,,,personal,,
Channing Frye,Grant Hill,Jarron Collins,Jason Richardson,Steve Nash,Anderson Varejao,Anthony Parker,J.J. Hickson,LeBron James,Mo Williams,2,3:17,CLE,sub,,,,Anthony Parker,,Delonte West,,,,,,,,,,,,
Channing Frye,Grant Hill,Jarron Collins,Jason Richardson,Steve Nash,Anthony Parker,J.J. Hickson,LeBron James,Mo Williams,Shaquille O'Neal,2,3:17,CLE,sub,,,,Shaquille O'Neal,,Anderson Varejao,,,,,,,,,,,,
Channing Frye,Grant Hill,Jarron Collins,Jason Richardson,Steve Nash,Anthony Parker,J.J. Hickson,LeBron James,Mo Williams,Shaquille O'Neal,2,3:10,PHX,foul,,,,,,,,Shaquille O'Neal,,Jarron Collins,,,,,,personal,,
Channing Frye,Grant Hill,Jarron Collins,Jason Richardson,Steve Nash,Anthony Parker,J.J. Hickson,LeBron James,Mo Williams,Shaquille O'Neal,2,3:10,CLE,free throw,,,,,,,1,,2,Shaquille O'Neal,,,foul,missed,,,,
Channing Frye,Grant Hill,Jarron Collins,Jason Richardson,Steve Nash,Anthony Parker,J.J. Hickson,LeBron James,Mo Williams,Shaquille O'Neal,2,3:10,CLE,rebound,,,,,,,,,,,,,,,,,,
Channing Frye,Grant Hill,Jarron Collins,Jason Richardson,Steve Nash,Anthony Parker,J.J. Hickson,LeBron James,Mo Williams,Shaquille O'Neal,2,3:10,CLE,free throw,,,,,,,2,,2,Shaquille O'Neal,,,foul,made,,,,
Channing Frye,Grant Hill,Jarron Collins,Jason Richardson,Steve Nash,Anthony Parker,J.J. Hickson,LeBron James,Mo Williams,Shaquille O'Neal,2,2:57,CLE,foul,,,,,,,,Jarron Collins,,Mo Williams,,,,,,personal,,
Channing Frye,Grant Hill,Jarron Collins,Jason Richardson,Steve Nash,Anthony Parker,J.J. Hickson,LeBron James,Mo Williams,Shaquille O'Neal,2,2:57,PHX,timeout,,,,,,,,,,,,,,,,official,,
Channing Frye,Grant Hill,Jarron Collins,Jason Richardson,Steve Nash,Anthony Parker,J.J. Hickson,LeBron James,Mo Williams,Shaquille O'Neal,2,2:57,PHX,free throw,,,,,,,1,,2,Jarron Collins,,,foul,missed,,,,
Channing Frye,Grant Hill,Jarron Collins,Jason Richardson,Steve Nash,Anthony Parker,J.J. Hickson,LeBron James,Mo Williams,Shaquille O'Neal,2,2:57,PHX,rebound,,,,,,,,,,,,,,,,,,
Channing Frye,Grant Hill,Jarron Collins,Jason Richardson,Steve Nash,Anthony Parker,J.J. Hickson,LeBron James,Mo Williams,Shaquille O'Neal,2,2:57,PHX,free throw,,,,,,,2,,2,Jarron Collins,,,foul,missed,,,,
Channing Frye,Grant Hill,Jarron Collins,Jason Richardson,Steve Nash,Anthony Parker,J.J. Hickson,LeBron James,Mo Williams,Shaquille O'Neal,2,2:56,CLE,rebound,,,,,,,,,,J.J. Hickson,,,,,,def,,
Channing Frye,Grant Hill,Jarron Collins,Jason Richardson,Steve Nash,Anthony Parker,J.J. Hickson,LeBron James,Mo Williams,Shaquille O'Neal,2,2:39,CLE,turnover,,,,,,,,,,Shaquille O'Neal,,,lost ball,,Jason Richardson,,,
Channing Frye,Grant Hill,Jarron Collins,Jason Richardson,Steve Nash,Anthony Parker,J.J. Hickson,LeBron James,Mo Williams,Shaquille O'Neal,2,2:33,PHX,shot,,,LeBron James,,,,,,,Jason Richardson,,,,missed,,layup,25,5
Channing Frye,Grant Hill,Jarron Collins,Jason Richardson,Steve Nash,Anthony Parker,J.J. Hickson,LeBron James,Mo Williams,Shaquille O'Neal,2,2:30,CLE,rebound,,,,,,,,,,Mo Williams,,,,,,def,,
Channing Frye,Grant Hill,Jarron Collins,Jason Richardson,Steve Nash,Anthony Parker,J.J. Hickson,LeBron James,Mo Williams,Shaquille O'Neal,2,2:29,PHX,foul,,,,,,,,Shaquille O'Neal,,Jarron Collins,,,,,,personal,,
Channing Frye,Grant Hill,Jarron Collins,Jason Richardson,Steve Nash,Anthony Parker,J.J. Hickson,LeBron James,Mo Williams,Shaquille O'Neal,2,2:29,CLE,free throw,,,,,,,1,,2,Shaquille O'Neal,,,foul,missed,,,,
Channing Frye,Grant Hill,Jarron Collins,Jason Richardson,Steve Nash,Anthony Parker,J.J. Hickson,LeBron James,Mo Williams,Shaquille O'Neal,2,2:29,CLE,rebound,,,,,,,,,,,,,,,,,,
Channing Frye,Grant Hill,Jarron Collins,Jason Richardson,Steve Nash,Anthony Parker,J.J. Hickson,LeBron James,Mo Williams,Shaquille O'Neal,2,2:29,CLE,free throw,,,,,,,2,,2,Shaquille O'Neal,,,foul,made,,,,
Channing Frye,Grant Hill,Jarron Collins,Jason Richardson,Steve Nash,Anthony Parker,J.J. Hickson,LeBron James,Mo Williams,Shaquille O'Neal,2,2:14,PHX,shot,,,,,,,,,,Steve Nash,3,,,made,,3pt,22,34
Channing Frye,Grant Hill,Jarron Collins,Jason Richardson,Steve Nash,Anthony Parker,J.J. Hickson,LeBron James,Mo Williams,Shaquille O'Neal,2,1:56,CLE,shot,Shaquille O'Neal,,,,,,,,,J.J. Hickson,2,,,made,,slam dunk,24,7
Channing Frye,Grant Hill,Jarron Collins,Jason Richardson,Steve Nash,Anthony Parker,J.J. Hickson,LeBron James,Mo Williams,Shaquille O'Neal,2,1:34,PHX,shot,,,,,,,,,,Jason Richardson,,,,missed,,3pt,48,11
Channing Frye,Grant Hill,Jarron Collins,Jason Richardson,Steve Nash,Anthony Parker,J.J. Hickson,LeBron James,Mo Williams,Shaquille O'Neal,2,1:33,CLE,rebound,,,,,,,,,,LeBron James,,,,,,def,,
Channing Frye,Grant Hill,Jarron Collins,Jason Richardson,Steve Nash,Anthony Parker,J.J. Hickson,LeBron James,Mo Williams,Shaquille O'Neal,2,1:21,CLE,foul,,,,,,,,Grant Hill,,J.J. Hickson,,,,,,offensive,,
Channing Frye,Grant Hill,Jarron Collins,Jason Richardson,Steve Nash,Anthony Parker,J.J. Hickson,LeBron James,Mo Williams,Shaquille O'Neal,2,1:21,CLE,turnover,,,,,,,,,,J.J. Hickson,,,foul,,,,,
Channing Frye,Grant Hill,Jarron Collins,Jason Richardson,Steve Nash,Anthony Parker,J.J. Hickson,LeBron James,Mo Williams,Shaquille O'Neal,2,1:10,PHX,turnover,,,,,,,,,,Steve Nash,,,bad pass,,Mo Williams,,,
Channing Frye,Grant Hill,Jarron Collins,Jason Richardson,Steve Nash,Anthony Parker,J.J. Hickson,LeBron James,Mo Williams,Shaquille O'Neal,2,0:46,CLE,shot,,,,,,,,,,LeBron James,2,,,made,,jump,18,26
Channing Frye,Grant Hill,Jarron Collins,Jason Richardson,Steve Nash,Anthony Parker,J.J. Hickson,LeBron James,Mo Williams,Shaquille O'Neal,2,0:36,PHX,shot,Grant Hill,,,,,,,,,Channing Frye,2,,,made,,jump,46,8
Channing Frye,Grant Hill,Jarron Collins,Jason Richardson,Steve Nash,Anthony Parker,J.J. Hickson,LeBron James,Mo Williams,Shaquille O'Neal,2,0:14,CLE,shot,,,,,,,,,,LeBron James,2,,,made,,jump,9,22
Channing Frye,Grant Hill,Jarron Collins,Jason Richardson,Steve Nash,Anthony Parker,J.J. Hickson,LeBron James,Mo Williams,Shaquille O'Neal,2,0:01,PHX,shot,,,,,,,,,,Channing Frye,,,,missed,,3pt,39,27
Channing Frye,Grant Hill,Jarron Collins,Jason Richardson,Steve Nash,Anthony Parker,J.J. Hickson,LeBron James,Mo Williams,Shaquille O'Neal,2,0:00,PHX,rebound,,,,,,,,,,Jarron Collins,,,,,,off,,
Amare Stoudemire,Channing Frye,Grant Hill,Jason Richardson,Steve Nash,Anthony Parker,J.J. Hickson,LeBron James,Mo Williams,Shaquille O'Neal,3,11:40,CLE,shot,,,,,,,,,,Shaquille O'Neal,2,,,made,,turnaround jump,38,9
Amare Stoudemire,Channing Frye,Grant Hill,Jason Richardson,Steve Nash,Anthony Parker,J.J. Hickson,LeBron James,Mo Williams,Shaquille O'Neal,3,11:16,PHX,shot,,,Shaquille O'Neal,,,,,,,Amare Stoudemire,,,,missed,,layup,27,6
Amare Stoudemire,Channing Frye,Grant Hill,Jason Richardson,Steve Nash,Anthony Parker,J.J. Hickson,LeBron James,Mo Williams,Shaquille O'Neal,3,11:16,PHX,rebound,,,,,,,,,,,,,,,,,,
Amare Stoudemire,Channing Frye,Grant Hill,Jason Richardson,Steve Nash,Anthony Parker,J.J. Hickson,LeBron James,Mo Williams,Shaquille O'Neal,3,11:14,PHX,turnover,,,,,,,,,,,,,shot clock turnover,,,,,
Amare Stoudemire,Channing Frye,Grant Hill,Jason Richardson,Steve Nash,Anthony Parker,J.J. Hickson,LeBron James,Mo Williams,Shaquille O'Neal,3,11:02,CLE,shot,,,,,,,,,,LeBron James,,,,missed,,3pt,25,31
Amare Stoudemire,Channing Frye,Grant Hill,Jason Richardson,Steve Nash,Anthony Parker,J.J. Hickson,LeBron James,Mo Williams,Shaquille O'Neal,3,11:01,PHX,rebound,,,,,,,,,,Channing Frye,,,,,,def,,
Amare Stoudemire,Channing Frye,Grant Hill,Jason Richardson,Steve Nash,Anthony Parker,J.J. Hickson,LeBron James,Mo Williams,Shaquille O'Neal,3,10:43,PHX,shot,Steve Nash,,,,,,,,,Channing Frye,3,,,made,,3pt,18,30
Amare Stoudemire,Channing Frye,Grant Hill,Jason Richardson,Steve Nash,Anthony Parker,J.J. Hickson,LeBron James,Mo Williams,Shaquille O'Neal,3,10:23,CLE,shot,,,,,,,,,,Shaquille O'Neal,,,,missed,,running hook,23,13
Amare Stoudemire,Channing Frye,Grant Hill,Jason Richardson,Steve Nash,Anthony Parker,J.J. Hickson,LeBron James,Mo Williams,Shaquille O'Neal,3,10:21,CLE,rebound,,,,,,,,,,Shaquille O'Neal,,,,,,off,,
Amare Stoudemire,Channing Frye,Grant Hill,Jason Richardson,Steve Nash,Anthony Parker,J.J. Hickson,LeBron James,Mo Williams,Shaquille O'Neal,3,10:20,CLE,shot,,,,,,,,,,Shaquille O'Neal,,,,missed,,tip,26,5
Amare Stoudemire,Channing Frye,Grant Hill,Jason Richardson,Steve Nash,Anthony Parker,J.J. Hickson,LeBron James,Mo Williams,Shaquille O'Neal,3,10:19,PHX,rebound,,,,,,,,,,Grant Hill,,,,,,def,,
Amare Stoudemire,Channing Frye,Grant Hill,Jason Richardson,Steve Nash,Anthony Parker,J.J. Hickson,LeBron James,Mo Williams,Shaquille O'Neal,3,10:01,CLE,foul,,,,,,,,Steve Nash,,Shaquille O'Neal,,,,,,shooting,,
Amare Stoudemire,Channing Frye,Grant Hill,Jason Richardson,Steve Nash,Anthony Parker,J.J. Hickson,LeBron James,Mo Williams,Shaquille O'Neal,3,10:01,PHX,free throw,,,,,,,1,,2,Steve Nash,,,foul,made,,,,
Amare Stoudemire,Channing Frye,Grant Hill,Jason Richardson,Steve Nash,Anthony Parker,J.J. Hickson,LeBron James,Mo Williams,Shaquille O'Neal,3,10:01,PHX,free throw,,,,,,,2,,2,Steve Nash,,,foul,made,,,,
Amare Stoudemire,Channing Frye,Grant Hill,Jason Richardson,Steve Nash,Anthony Parker,J.J. Hickson,LeBron James,Mo Williams,Shaquille O'Neal,3,9:48,CLE,turnover,,,,,,,,,,Shaquille O'Neal,,,bad pass,,Amare Stoudemire,,,
Amare Stoudemire,Channing Frye,Grant Hill,Jason Richardson,Steve Nash,Anthony Parker,J.J. Hickson,LeBron James,Mo Williams,Shaquille O'Neal,3,9:44,PHX,shot,,,,,,,,,,Jason Richardson,,,,missed,,layup,25,8
Amare Stoudemire,Channing Frye,Grant Hill,Jason Richardson,Steve Nash,Anthony Parker,J.J. Hickson,LeBron James,Mo Williams,Shaquille O'Neal,3,9:42,PHX,rebound,,,,,,,,,,Amare Stoudemire,,,,,,off,,
Amare Stoudemire,Channing Frye,Grant Hill,Jason Richardson,Steve Nash,Anthony Parker,J.J. Hickson,LeBron James,Mo Williams,Shaquille O'Neal,3,9:42,CLE,foul,,,,,,,,Amare Stoudemire,,Anthony Parker,,,,,,shooting,,
Amare Stoudemire,Channing Frye,Grant Hill,Jason Richardson,Steve Nash,Anthony Parker,J.J. Hickson,LeBron James,Mo Williams,Shaquille O'Neal,3,9:42,PHX,free throw,,,,,,,1,,2,Amare Stoudemire,,,foul,made,,,,
Amare Stoudemire,Channing Frye,Grant Hill,Jason Richardson,Steve Nash,Anthony Parker,J.J. Hickson,LeBron James,Mo Williams,Shaquille O'Neal,3,9:42,PHX,free throw,,,,,,,2,,2,Amare Stoudemire,,,foul,made,,,,
Amare Stoudemire,Channing Frye,Grant Hill,Jason Richardson,Steve Nash,Anthony Parker,J.J. Hickson,LeBron James,Mo Williams,Shaquille O'Neal,3,9:28,CLE,shot,,,,,,,,,,J.J. Hickson,,,,missed,,layup,23,7
Amare Stoudemire,Channing Frye,Grant Hill,Jason Richardson,Steve Nash,Anthony Parker,J.J. Hickson,LeBron James,Mo Williams,Shaquille O'Neal,3,9:27,CLE,rebound,,,,,,,,,,Shaquille O'Neal,,,,,,off,,
Amare Stoudemire,Channing Frye,Grant Hill,Jason Richardson,Steve Nash,Anthony Parker,J.J. Hickson,LeBron James,Mo Williams,Shaquille O'Neal,3,9:26,PHX,foul,,,,,,,,Shaquille O'Neal,,Amare Stoudemire,,,,,,personal,,
Amare Stoudemire,Channing Frye,Grant Hill,Jason Richardson,Steve Nash,Anthony Parker,J.J. Hickson,LeBron James,Mo Williams,Shaquille O'Neal,3,9:18,CLE,shot,Mo Williams,,,,,,,,,LeBron James,2,,,made,,layup,26,7
Amare Stoudemire,Channing Frye,Grant Hill,Jason Richardson,Steve Nash,Anthony Parker,J.J. Hickson,LeBron James,Mo Williams,Shaquille O'Neal,3,8:59,PHX,shot,Channing Frye,,,,,,,,,Grant Hill,2,,,made,,layup,26,8
Amare Stoudemire,Channing Frye,Grant Hill,Jason Richardson,Steve Nash,Anthony Parker,J.J. Hickson,LeBron James,Mo Williams,Shaquille O'Neal,3,8:44,CLE,shot,LeBron James,,,,,,,,,J.J. Hickson,2,,,made,,slam dunk,25,6
Amare Stoudemire,Channing Frye,Grant Hill,Jason Richardson,Steve Nash,Anthony Parker,J.J. Hickson,LeBron James,Mo Williams,Shaquille O'Neal,3,8:31,PHX,shot,Steve Nash,,,,,,,,,Amare Stoudemire,2,,,made,,layup,26,8
Amare Stoudemire,Channing Frye,Grant Hill,Jason Richardson,Steve Nash,Anthony Parker,J.J. Hickson,LeBron James,Mo Williams,Shaquille O'Neal,3,8:17,CLE,shot,,,,,,,,,,Mo Williams,,,,missed,,3pt,48,7
Amare Stoudemire,Channing Frye,Grant Hill,Jason Richardson,Steve Nash,Anthony Parker,J.J. Hickson,LeBron James,Mo Williams,Shaquille O'Neal,3,8:16,PHX,rebound,,,,,,,,,,Channing Frye,,,,,,def,,
Amare Stoudemire,Channing Frye,Grant Hill,Jason Richardson,Steve Nash,Anthony Parker,J.J. Hickson,LeBron James,Mo Williams,Shaquille O'Neal,3,8:10,CLE,foul,,,,,,,,Steve Nash,,Mo Williams,,,,,,personal,,
Amare Stoudemire,Channing Frye,Grant Hill,Jason Richardson,Steve Nash,Anthony Parker,J.J. Hickson,LeBron James,Mo Williams,Shaquille O'Neal,3,8:07,CLE,foul,,,,,,,,Steve Nash,,J.J. Hickson,,,,,,personal,,
Amare Stoudemire,Channing Frye,Grant Hill,Jason Richardson,Steve Nash,Anthony Parker,J.J. Hickson,LeBron James,Mo Williams,Shaquille O'Neal,3,7:58,PHX,shot,Channing Frye,,,,,,,,,Amare Stoudemire,2,,,made,,driving slam dunk,25,6
Amare Stoudemire,Channing Frye,Grant Hill,Jason Richardson,Steve Nash,Anthony Parker,J.J. Hickson,LeBron James,Mo Williams,Shaquille O'Neal,3,7:50,CLE,timeout,,,,,,,,,,,,,,,,regular,,
Amare Stoudemire,Channing Frye,Grant Hill,Jason Richardson,Steve Nash,Anderson Varejao,Anthony Parker,LeBron James,Mo Williams,Shaquille O'Neal,3,7:50,CLE,sub,,,,Anderson Varejao,,J.J. Hickson,,,,,,,,,,,,
Amare Stoudemire,Channing Frye,Grant Hill,Jason Richardson,Steve Nash,Anderson Varejao,Anthony Parker,LeBron James,Mo Williams,Shaquille O'Neal,3,7:32,CLE,shot,,,,,,,,,,LeBron James,,,,missed,,running jump,37,9
Amare Stoudemire,Channing Frye,Grant Hill,Jason Richardson,Steve Nash,Anderson Varejao,Anthony Parker,LeBron James,Mo Williams,Shaquille O'Neal,3,7:32,CLE,rebound,,,,,,,,,,,,,,,,,,
Amare Stoudemire,Channing Frye,Grant Hill,Jason Richardson,Steve Nash,Anderson Varejao,Anthony Parker,LeBron James,Mo Williams,Shaquille O'Neal,3,7:32,CLE,turnover,,,,,,,,,,,,,shot clock turnover,,,,,
Amare Stoudemire,Channing Frye,Grant Hill,Jason Richardson,Steve Nash,Anderson Varejao,Anthony Parker,LeBron James,Mo Williams,Shaquille O'Neal,3,7:22,PHX,shot,,,,,,,,,,Steve Nash,,,,missed,,jump,41,11
Amare Stoudemire,Channing Frye,Grant Hill,Jason Richardson,Steve Nash,Anderson Varejao,Anthony Parker,LeBron James,Mo Williams,Shaquille O'Neal,3,7:21,CLE,rebound,,,,,,,,,,Anthony Parker,,,,,,def,,
Amare Stoudemire,Channing Frye,Grant Hill,Jason Richardson,Steve Nash,Anderson Varejao,Anthony Parker,LeBron James,Mo Williams,Shaquille O'Neal,3,7:09,CLE,shot,,,,,,,,,,Mo Williams,2,,,made,,jump,35,13
Amare Stoudemire,Channing Frye,Grant Hill,Jason Richardson,Steve Nash,Anderson Varejao,Anthony Parker,LeBron James,Mo Williams,Shaquille O'Neal,3,6:52,PHX,shot,,,,,,,,,,Channing Frye,,,,missed,,3pt,20,30
Amare Stoudemire,Channing Frye,Grant Hill,Jason Richardson,Steve Nash,Anderson Varejao,Anthony Parker,LeBron James,Mo Williams,Shaquille O'Neal,3,6:51,CLE,rebound,,,,,,,,,,Shaquille O'Neal,,,,,,def,,
Amare Stoudemire,Channing Frye,Grant Hill,Jason Richardson,Steve Nash,Anderson Varejao,Anthony Parker,LeBron James,Mo Williams,Shaquille O'Neal,3,6:29,CLE,shot,,,Jason Richardson,,,,,,,Anderson Varejao,,,,missed,,fade away jumper,38,12
Amare Stoudemire,Channing Frye,Grant Hill,Jason Richardson,Steve Nash,Anderson Varejao,Anthony Parker,LeBron James,Mo Williams,Shaquille O'Neal,3,6:27,PHX,rebound,,,,,,,,,,Steve Nash,,,,,,def,,
Amare Stoudemire,Channing Frye,Grant Hill,Jason Richardson,Steve Nash,Anderson Varejao,Anthony Parker,LeBron James,Mo Williams,Shaquille O'Neal,3,6:17,PHX,shot,,,,,,,,,,Grant Hill,,,,missed,,3pt,40,28
Amare Stoudemire,Channing Frye,Grant Hill,Jason Richardson,Steve Nash,Anderson Varejao,Anthony Parker,LeBron James,Mo Williams,Shaquille O'Neal,3,6:16,PHX,rebound,,,,,,,,,,Steve Nash,,,,,,off,,
Amare Stoudemire,Channing Frye,Grant Hill,Jason Richardson,Steve Nash,Anderson Varejao,Anthony Parker,LeBron James,Mo Williams,Shaquille O'Neal,3,6:11,PHX,shot,,,Anderson Varejao,,,,,,,Amare Stoudemire,,,,missed,,jump,37,14
Amare Stoudemire,Channing Frye,Grant Hill,Jason Richardson,Steve Nash,Anderson Varejao,Anthony Parker,LeBron James,Mo Williams,Shaquille O'Neal,3,6:09,PHX,rebound,,,,,,,,,,Channing Frye,,,,,,off,,
Amare Stoudemire,Channing Frye,Grant Hill,Jason Richardson,Steve Nash,Anderson Varejao,Anthony Parker,LeBron James,Mo Williams,Shaquille O'Neal,3,6:07,CLE,foul,,,,,,,,Grant Hill,,Shaquille O'Neal,,,,,,personal,,
Amare Stoudemire,Channing Frye,Grant Hill,Jason Richardson,Steve Nash,Anderson Varejao,Anthony Parker,LeBron James,Mo Williams,Shaquille O'Neal,3,6:07,PHX,free throw,,,,,,,1,,2,Grant Hill,,,foul,made,,,,
Amare Stoudemire,Channing Frye,Grant Hill,Jason Richardson,Steve Nash,Anderson Varejao,Anthony Parker,LeBron James,Mo Williams,Shaquille O'Neal,3,6:07,PHX,free throw,,,,,,,2,,2,Grant Hill,,,foul,made,,,,
Amare Stoudemire,Channing Frye,Grant Hill,Jason Richardson,Steve Nash,Anderson Varejao,Anthony Parker,LeBron James,Mo Williams,Shaquille O'Neal,3,5:46,CLE,shot,,,,,,,,,,Anthony Parker,,,,missed,,3pt,2,7
Amare Stoudemire,Channing Frye,Grant Hill,Jason Richardson,Steve Nash,Anderson Varejao,Anthony Parker,LeBron James,Mo Williams,Shaquille O'Neal,3,5:45,PHX,rebound,,,,,,,,,,Amare Stoudemire,,,,,,def,,
Amare Stoudemire,Channing Frye,Grant Hill,Jason Richardson,Steve Nash,Anderson Varejao,Anthony Parker,LeBron James,Mo Williams,Shaquille O'Neal,3,5:28,PHX,shot,Steve Nash,,,,,,,,,Jason Richardson,3,,,made,,3pt,2,8
Amare Stoudemire,Channing Frye,Grant Hill,Jason Richardson,Steve Nash,Anderson Varejao,Anthony Parker,LeBron James,Mo Williams,Shaquille O'Neal,3,5:03,CLE,shot,,,,,,,,,,Anderson Varejao,,,,missed,,fade away jumper,14,13
Amare Stoudemire,Channing Frye,Grant Hill,Jason Richardson,Steve Nash,Anderson Varejao,Anthony Parker,LeBron James,Mo Williams,Shaquille O'Neal,3,5:02,CLE,rebound,,,,,,,,,,Shaquille O'Neal,,,,,,off,,
Amare Stoudemire,Channing Frye,Grant Hill,Jason Richardson,Steve Nash,Anderson Varejao,Anthony Parker,LeBron James,Mo Williams,Shaquille O'Neal,3,5:01,CLE,shot,,,,,,,,,,Shaquille O'Neal,,,,missed,,tip,26,8
Amare Stoudemire,Channing Frye,Grant Hill,Jason Richardson,Steve Nash,Anderson Varejao,Anthony Parker,LeBron James,Mo Williams,Shaquille O'Neal,3,4:59,CLE,rebound,,,,,,,,,,LeBron James,,,,,,off,,
Amare Stoudemire,Channing Frye,Grant Hill,Jason Richardson,Steve Nash,Anderson Varejao,Anthony Parker,LeBron James,Mo Williams,Shaquille O'Neal,3,4:58,CLE,shot,,,,,,,,,,LeBron James,,,,missed,,jump,32,7
Amare Stoudemire,Channing Frye,Grant Hill,Jason Richardson,Steve Nash,Anderson Varejao,Anthony Parker,LeBron James,Mo Williams,Shaquille O'Neal,3,4:57,PHX,rebound,,,,,,,,,,Amare Stoudemire,,,,,,def,,
Amare Stoudemire,Channing Frye,Grant Hill,Jason Richardson,Steve Nash,Anderson Varejao,Anthony Parker,LeBron James,Mo Williams,Shaquille O'Neal,3,4:44,PHX,shot,,,,,,,,,,Grant Hill,,,,missed,,running jump,36,8
Amare Stoudemire,Channing Frye,Grant Hill,Jason Richardson,Steve Nash,Anderson Varejao,Anthony Parker,LeBron James,Mo Williams,Shaquille O'Neal,3,4:42,CLE,rebound,,,,,,,,,,Anthony Parker,,,,,,def,,
Amare Stoudemire,Channing Frye,Grant Hill,Jason Richardson,Steve Nash,Anderson Varejao,Anthony Parker,LeBron James,Mo Williams,Shaquille O'Neal,3,4:33,CLE,shot,,,,,,,,,,Anderson Varejao,,,,missed,,jump,10,7
Amare Stoudemire,Channing Frye,Grant Hill,Jason Richardson,Steve Nash,Anderson Varejao,Anthony Parker,LeBron James,Mo Williams,Shaquille O'Neal,3,4:31,CLE,rebound,,,,,,,,,,Anderson Varejao,,,,,,off,,
Amare Stoudemire,Channing Frye,Grant Hill,Jason Richardson,Steve Nash,Anderson Varejao,Anthony Parker,LeBron James,Mo Williams,Shaquille O'Neal,3,4:26,CLE,shot,Anderson Varejao,,,,,,,,,Anthony Parker,3,,,made,,3pt,44,24
Amare Stoudemire,Channing Frye,Grant Hill,Jason Richardson,Steve Nash,Anderson Varejao,Anthony Parker,LeBron James,Mo Williams,Shaquille O'Neal,3,4:07,PHX,shot,,,,,,,,,,Steve Nash,,,,missed,,jump,12,15
Amare Stoudemire,Channing Frye,Grant Hill,Jason Richardson,Steve Nash,Anderson Varejao,Anthony Parker,LeBron James,Mo Williams,Shaquille O'Neal,3,4:06,CLE,rebound,,,,,,,,,,Shaquille O'Neal,,,,,,def,,
Amare Stoudemire,Channing Frye,Grant Hill,Jason Richardson,Steve Nash,Anderson Varejao,Anthony Parker,LeBron James,Mo Williams,Shaquille O'Neal,3,4:00,CLE,shot,,,,,,,,,,Mo Williams,,,,missed,,3pt,37,28
Amare Stoudemire,Channing Frye,Grant Hill,Jason Richardson,Steve Nash,Anderson Varejao,Anthony Parker,LeBron James,Mo Williams,Shaquille O'Neal,3,3:58,PHX,rebound,,,,,,,,,,Amare Stoudemire,,,,,,def,,
Amare Stoudemire,Channing Frye,Grant Hill,Jason Richardson,Steve Nash,Anderson Varejao,Anthony Parker,LeBron James,Mo Williams,Shaquille O'Neal,3,3:48,CLE,foul,,,,,,,,Amare Stoudemire,,Shaquille O'Neal,,,,,,shooting,,
Amare Stoudemire,Channing Frye,Grant Hill,Jason Richardson,Steve Nash,Anderson Varejao,Anthony Parker,LeBron James,Mo Williams,Zydrunas Ilgauskas,3,3:48,CLE,sub,,,,Zydrunas Ilgauskas,,Shaquille O'Neal,,,,,,,,,,,,
Amare Stoudemire,Channing Frye,Grant Hill,Jason Richardson,Steve Nash,Anderson Varejao,Anthony Parker,LeBron James,Mo Williams,Zydrunas Ilgauskas,3,3:48,PHX,free throw,,,,,,,1,,2,Amare Stoudemire,,,foul,made,,,,
Amare Stoudemire,Earl Clark,Grant Hill,Jason Richardson,Steve Nash,Anderson Varejao,Anthony Parker,LeBron James,Mo Williams,Zydrunas Ilgauskas,3,3:48,PHX,sub,,,,Earl Clark,,Channing Frye,,,,,,,,,,,,
Amare Stoudemire,Earl Clark,Jared Dudley,Jason Richardson,Steve Nash,Anderson Varejao,Anthony Parker,LeBron James,Mo Williams,Zydrunas Ilgauskas,3,3:48,PHX,sub,,,,Jared Dudley,,Grant Hill,,,,,,,,,,,,
Amare Stoudemire,Earl Clark,Jared Dudley,Jason Richardson,Steve Nash,Anderson Varejao,Anthony Parker,LeBron James,Mo Williams,Zydrunas Ilgauskas,3,3:48,PHX,free throw,,,,,,,2,,2,Amare Stoudemire,,,foul,made,,,,
Amare Stoudemire,Earl Clark,Jared Dudley,Jason Richardson,Steve Nash,Anderson Varejao,Anthony Parker,LeBron James,Mo Williams,Zydrunas Ilgauskas,3,3:38,PHX,foul,,,,,,,,Zydrunas Ilgauskas,,Jared Dudley,,,,,,personal,,
Amare Stoudemire,Earl Clark,Jared Dudley,Jason Richardson,Steve Nash,Anderson Varejao,Anthony Parker,LeBron James,Mo Williams,Zydrunas Ilgauskas,3,3:27,CLE,shot,Mo Williams,,,,,,,,,Zydrunas Ilgauskas,2,,,made,,slam dunk,25,6
Amare Stoudemire,Earl Clark,Jared Dudley,Jason Richardson,Steve Nash,Anderson Varejao,Anthony Parker,LeBron James,Mo Williams,Zydrunas Ilgauskas,3,3:07,PHX,shot,,,,,,,,,,Amare Stoudemire,,,,missed,,layup,26,9
Amare Stoudemire,Earl Clark,Jared Dudley,Jason Richardson,Steve Nash,Anderson Varejao,Anthony Parker,LeBron James,Mo Williams,Zydrunas Ilgauskas,3,3:06,CLE,rebound,,,,,,,,,,Zydrunas Ilgauskas,,,,,,def,,
Amare Stoudemire,Earl Clark,Jared Dudley,Jason Richardson,Steve Nash,Anderson Varejao,Anthony Parker,LeBron James,Mo Williams,Zydrunas Ilgauskas,3,3:06,PHX,foul,,,,,,,,,,Amare Stoudemire,,,,,,technical,,
Amare Stoudemire,Earl Clark,Jared Dudley,Jason Richardson,Steve Nash,Anderson Varejao,Anthony Parker,LeBron James,Mo Williams,Zydrunas Ilgauskas,3,3:06,CLE,free throw,,,,,,,1,,1,Mo Williams,,,technical,made,,,,
Amare Stoudemire,Earl Clark,Jared Dudley,Jason Richardson,Steve Nash,Anderson Varejao,Anthony Parker,LeBron James,Mo Williams,Zydrunas Ilgauskas,3,2:45,CLE,shot,,,,,,,,,,LeBron James,,,,missed,,step back jump,14,22
Amare Stoudemire,Earl Clark,Jared Dudley,Jason Richardson,Steve Nash,Anderson Varejao,Anthony Parker,LeBron James,Mo Williams,Zydrunas Ilgauskas,3,2:42,PHX,rebound,,,,,,,,,,Jason Richardson,,,,,,def,,
Amare Stoudemire,Earl Clark,Jared Dudley,Jason Richardson,Steve Nash,Anderson Varejao,Anthony Parker,LeBron James,Mo Williams,Zydrunas Ilgauskas,3,2:36,PHX,shot,Jason Richardson,,,,,,,,,Jared Dudley,3,,,made,,3pt,3,15
Amare Stoudemire,Earl Clark,Jared Dudley,Jason Richardson,Steve Nash,Anderson Varejao,Anthony Parker,LeBron James,Mo Williams,Zydrunas Ilgauskas,3,2:08,CLE,shot,,,,,,,,,,LeBron James,,,,missed,,jump,41,14
Amare Stoudemire,Earl Clark,Jared Dudley,Jason Richardson,Steve Nash,Anderson Varejao,Anthony Parker,LeBron James,Mo Williams,Zydrunas Ilgauskas,3,2:07,PHX,rebound,,,,,,,,,,Jason Richardson,,,,,,def,,
Amare Stoudemire,Earl Clark,Jared Dudley,Jason Richardson,Steve Nash,Anderson Varejao,Anthony Parker,LeBron James,Mo Williams,Zydrunas Ilgauskas,3,1:56,PHX,shot,,,,,,,,,,Steve Nash,,,,missed,,jump,13,21
Amare Stoudemire,Earl Clark,Jared Dudley,Jason Richardson,Steve Nash,Anderson Varejao,Anthony Parker,LeBron James,Mo Williams,Zydrunas Ilgauskas,3,1:55,CLE,rebound,,,,,,,,,,Anthony Parker,,,,,,def,,
Amare Stoudemire,Earl Clark,Jared Dudley,Jason Richardson,Steve Nash,Anderson Varejao,Anthony Parker,LeBron James,Mo Williams,Zydrunas Ilgauskas,3,1:52,PHX,foul,,,,,,,,Zydrunas Ilgauskas,,Steve Nash,,,,,,shooting,,
Amare Stoudemire,Earl Clark,Jared Dudley,Jason Richardson,Steve Nash,Anderson Varejao,Anthony Parker,LeBron James,Mo Williams,Zydrunas Ilgauskas,3,1:52,PHX,timeout,,,,,,,,,,,,,,,,regular,,
Amare Stoudemire,Earl Clark,Jared Dudley,Jason Richardson,Steve Nash,Anderson Varejao,Daniel Gibson,LeBron James,Mo Williams,Zydrunas Ilgauskas,3,1:52,CLE,sub,,,,Daniel Gibson,,Anthony Parker,,,,,,,,,,,,
Amare Stoudemire,Earl Clark,Jared Dudley,Jason Richardson,Steve Nash,Anderson Varejao,Daniel Gibson,Delonte West,LeBron James,Zydrunas Ilgauskas,3,1:52,CLE,sub,,,,Delonte West,,Mo Williams,,,,,,,,,,,,
Amare Stoudemire,Earl Clark,Jared Dudley,Jason Richardson,Steve Nash,Anderson Varejao,Daniel Gibson,Delonte West,LeBron James,Zydrunas Ilgauskas,3,1:52,CLE,free throw,,,,,,,1,,2,Zydrunas Ilgauskas,,,foul,made,,,,
Amare Stoudemire,Earl Clark,Jared Dudley,Jason Richardson,Steve Nash,Anderson Varejao,Daniel Gibson,Delonte West,LeBron James,Zydrunas Ilgauskas,3,1:52,CLE,free throw,,,,,,,2,,2,Zydrunas Ilgauskas,,,foul,made,,,,
Amare Stoudemire,Earl Clark,Jared Dudley,Jason Richardson,Steve Nash,Anderson Varejao,Daniel Gibson,Delonte West,LeBron James,Zydrunas Ilgauskas,3,1:27,PHX,shot,Earl Clark,,,,,,,,,Jason Richardson,3,,,made,,3pt,11,26
Amare Stoudemire,Earl Clark,Jared Dudley,Jason Richardson,Steve Nash,Anderson Varejao,Daniel Gibson,Delonte West,LeBron James,Zydrunas Ilgauskas,3,1:13,CLE,shot,,,,,,,,,,Delonte West,2,,,made,,jump,20,19
Amare Stoudemire,Earl Clark,Jared Dudley,Jason Richardson,Steve Nash,Anderson Varejao,Daniel Gibson,Delonte West,LeBron James,Zydrunas Ilgauskas,3,0:48,CLE,foul,,,,,,,,Jared Dudley,,Zydrunas Ilgauskas,,,,,,shooting,,
Amare Stoudemire,Earl Clark,Goran Dragic,Jared Dudley,Jason Richardson,Anderson Varejao,Daniel Gibson,Delonte West,LeBron James,Zydrunas Ilgauskas,3,0:48,PHX,sub,,,,Goran Dragic,,Steve Nash,,,,,,,,,,,,
Amare Stoudemire,Earl Clark,Goran Dragic,Jared Dudley,Jason Richardson,Anderson Varejao,Daniel Gibson,Delonte West,LeBron James,Zydrunas Ilgauskas,3,0:48,PHX,free throw,,,,,,,1,,2,Jared Dudley,,,foul,missed,,,,
Amare Stoudemire,Earl Clark,Goran Dragic,Jared Dudley,Jason Richardson,Anderson Varejao,Daniel Gibson,Delonte West,LeBron James,Zydrunas Ilgauskas,3,0:48,PHX,rebound,,,,,,,,,,,,,,,,,,
Amare Stoudemire,Earl Clark,Goran Dragic,Jared Dudley,Jason Richardson,Anderson Varejao,Daniel Gibson,Delonte West,LeBron James,Zydrunas Ilgauskas,3,0:48,PHX,free throw,,,,,,,2,,2,Jared Dudley,,,foul,made,,,,
Amare Stoudemire,Earl Clark,Goran Dragic,Jared Dudley,Jason Richardson,Anderson Varejao,Daniel Gibson,Delonte West,LeBron James,Zydrunas Ilgauskas,3,0:27,CLE,turnover,,,,,,,,,,LeBron James,,,bad pass,,Earl Clark,,,
Amare Stoudemire,Earl Clark,Goran Dragic,Jared Dudley,Jason Richardson,Anderson Varejao,Daniel Gibson,Delonte West,LeBron James,Zydrunas Ilgauskas,3,0:19,PHX,turnover,,,,,,,,,,Earl Clark,,,bad pass,,Anderson Varejao,,,
Amare Stoudemire,Earl Clark,Goran Dragic,Jared Dudley,Jason Richardson,Anderson Varejao,Daniel Gibson,Delonte West,LeBron James,Zydrunas Ilgauskas,3,0:16,CLE,shot,Daniel Gibson,,,,,,,,,LeBron James,2,,,made,,alley oop dunk,25,6
Amare Stoudemire,Earl Clark,Goran Dragic,Jared Dudley,Jason Richardson,Anderson Varejao,Daniel Gibson,Delonte West,LeBron James,Zydrunas Ilgauskas,3,0:05,PHX,shot,,,,,,,,,,Goran Dragic,2,,,made,,jump,37,16
Amare Stoudemire,Earl Clark,Goran Dragic,Jared Dudley,Jason Richardson,Anderson Varejao,Daniel Gibson,Delonte West,LeBron James,Zydrunas Ilgauskas,3,0:00,CLE,shot,,,,,,,,,,Delonte West,2,,,made,,jump,15,26
Channing Frye,Earl Clark,Goran Dragic,Grant Hill,Jared Dudley,Anderson Varejao,Daniel Gibson,Delonte West,Jamario Moon,Zydrunas Ilgauskas,4,11:50,PHX,turnover,,,,,,,,,,Grant Hill,,,bad pass,,Anderson Varejao,,,
Channing Frye,Earl Clark,Goran Dragic,Grant Hill,Jared Dudley,Anderson Varejao,Daniel Gibson,Delonte West,Jamario Moon,Zydrunas Ilgauskas,4,11:45,PHX,foul,,,,,,,,Jamario Moon,,Grant Hill,,,,,,shooting,,
Channing Frye,Earl Clark,Goran Dragic,Grant Hill,Jared Dudley,Anderson Varejao,Daniel Gibson,Delonte West,Jamario Moon,Zydrunas Ilgauskas,4,11:45,CLE,free throw,,,,,,,1,,2,Jamario Moon,,,foul,made,,,,
Channing Frye,Earl Clark,Goran Dragic,Grant Hill,Jared Dudley,Anderson Varejao,Daniel Gibson,Delonte West,Jamario Moon,Zydrunas Ilgauskas,4,11:45,CLE,free throw,,,,,,,2,,2,Jamario Moon,,,foul,made,,,,
Channing Frye,Earl Clark,Goran Dragic,Grant Hill,Jared Dudley,Anderson Varejao,Daniel Gibson,Delonte West,Jamario Moon,Zydrunas Ilgauskas,4,11:35,PHX,shot,,,,,,,,,,Jared Dudley,,,,missed,,3pt,14,30
Channing Frye,Earl Clark,Goran Dragic,Grant Hill,Jared Dudley,Anderson Varejao,Daniel Gibson,Delonte West,Jamario Moon,Zydrunas Ilgauskas,4,11:33,CLE,rebound,,,,,,,,,,Jamario Moon,,,,,,def,,
Channing Frye,Earl Clark,Goran Dragic,Grant Hill,Jared Dudley,Anderson Varejao,Daniel Gibson,Delonte West,Jamario Moon,Zydrunas Ilgauskas,4,11:15,CLE,shot,,,,,,,,,,Daniel Gibson,,,,missed,,jump,40,23
Channing Frye,Earl Clark,Goran Dragic,Grant Hill,Jared Dudley,Anderson Varejao,Daniel Gibson,Delonte West,Jamario Moon,Zydrunas Ilgauskas,4,11:14,PHX,rebound,,,,,,,,,,Channing Frye,,,,,,def,,
Channing Frye,Earl Clark,Goran Dragic,Grant Hill,Jared Dudley,Anderson Varejao,Daniel Gibson,Delonte West,Jamario Moon,Zydrunas Ilgauskas,4,11:03,PHX,shot,,,,,,,,,,Goran Dragic,2,,,made,,running jump,18,12
Channing Frye,Earl Clark,Goran Dragic,Grant Hill,Jared Dudley,Anderson Varejao,Daniel Gibson,Delonte West,Jamario Moon,Zydrunas Ilgauskas,4,10:46,CLE,shot,Daniel Gibson,,,,,,,,,Zydrunas Ilgauskas,2,,,made,,jump,44,13
Channing Frye,Earl Clark,Goran Dragic,Grant Hill,Jared Dudley,Anderson Varejao,Daniel Gibson,Delonte West,Jamario Moon,Zydrunas Ilgauskas,4,10:32,PHX,shot,Goran Dragic,,,,,,,,,Grant Hill,2,,,made,,jump,29,18
Channing Frye,Earl Clark,Goran Dragic,Grant Hill,Jared Dudley,Anderson Varejao,Daniel Gibson,Delonte West,Jamario Moon,Zydrunas Ilgauskas,4,10:17,PHX,foul,,,,,,,,Daniel Gibson,,Channing Frye,,,,,,shooting,,
Channing Frye,Earl Clark,Goran Dragic,Grant Hill,Jared Dudley,Anderson Varejao,Daniel Gibson,Delonte West,Jamario Moon,Zydrunas Ilgauskas,4,10:17,CLE,free throw,,,,,,,1,,2,Daniel Gibson,,,foul,made,,,,
Channing Frye,Earl Clark,Goran Dragic,Grant Hill,Jared Dudley,Anderson Varejao,Daniel Gibson,Delonte West,Jamario Moon,Zydrunas Ilgauskas,4,10:17,CLE,free throw,,,,,,,2,,2,Daniel Gibson,,,foul,made,,,,
Channing Frye,Earl Clark,Goran Dragic,Grant Hill,Jared Dudley,Anderson Varejao,Daniel Gibson,Delonte West,Jamario Moon,Zydrunas Ilgauskas,4,10:13,PHX,turnover,,,,,,,,,,Goran Dragic,,,out of bounds lost ball turnover,,,,,
Channing Frye,Earl Clark,Goran Dragic,Grant Hill,Jared Dudley,Anderson Varejao,Daniel Gibson,Delonte West,Jamario Moon,Zydrunas Ilgauskas,4,9:58,CLE,shot,Daniel Gibson,,,,,,,,,Jamario Moon,2,,,made,,jump,13,24
Channing Frye,Earl Clark,Goran Dragic,Grant Hill,Jared Dudley,Anderson Varejao,Daniel Gibson,Delonte West,Jamario Moon,Zydrunas Ilgauskas,4,9:45,PHX,shot,,,,,,,,,,Channing Frye,3,,,made,,3pt,27,31
Channing Frye,Earl Clark,Goran Dragic,Grant Hill,Jared Dudley,Anderson Varejao,Daniel Gibson,Delonte West,Jamario Moon,Zydrunas Ilgauskas,4,9:24,CLE,shot,,,,,,,,,,Anderson Varejao,,,,missed,,jump hook,33,12
Channing Frye,Earl Clark,Goran Dragic,Grant Hill,Jared Dudley,Anderson Varejao,Daniel Gibson,Delonte West,Jamario Moon,Zydrunas Ilgauskas,4,9:24,PHX,rebound,,,,,,,,,,,,,,,,,,
Channing Frye,Earl Clark,Goran Dragic,Grant Hill,Jared Dudley,Anderson Varejao,Daniel Gibson,Delonte West,Jamario Moon,Zydrunas Ilgauskas,4,9:24,CLE,foul,,,,,,,,Jared Dudley,,Anderson Varejao,,,,,,loose ball,,
Channing Frye,Earl Clark,Goran Dragic,Grant Hill,Jared Dudley,Anderson Varejao,Daniel Gibson,Delonte West,Jamario Moon,Zydrunas Ilgauskas,4,9:07,PHX,shot,,,Jamario Moon,,,,,,,Jared Dudley,,,,missed,,layup,24,7
Channing Frye,Earl Clark,Goran Dragic,Grant Hill,Jared Dudley,Anderson Varejao,Daniel Gibson,Delonte West,Jamario Moon,Zydrunas Ilgauskas,4,9:06,CLE,rebound,,,,,,,,,,Anderson Varejao,,,,,,def,,
Channing Frye,Earl Clark,Goran Dragic,Grant Hill,Jared Dudley,Anderson Varejao,Daniel Gibson,Delonte West,Jamario Moon,Zydrunas Ilgauskas,4,8:57,CLE,turnover,,,,,,,,,,Zydrunas Ilgauskas,,,bad pass,,Goran Dragic,,,
Channing Frye,Earl Clark,Goran Dragic,Grant Hill,Jared Dudley,Anderson Varejao,Daniel Gibson,Delonte West,Jamario Moon,Zydrunas Ilgauskas,4,8:53,PHX,shot,,,,,,,,,,Goran Dragic,2,,,made,,driving layup,26,6
Channing Frye,Earl Clark,Goran Dragic,Grant Hill,Jared Dudley,Anderson Varejao,Daniel Gibson,Delonte West,Jamario Moon,Zydrunas Ilgauskas,4,8:53,CLE,foul,,,,,,,,Goran Dragic,,Zydrunas Ilgauskas,,,,,,shooting,,
Channing Frye,Earl Clark,Goran Dragic,Grant Hill,Jared Dudley,Anderson Varejao,Daniel Gibson,Delonte West,Jamario Moon,Zydrunas Ilgauskas,4,8:53,PHX,timeout,,,,,,,,,,,,,,,,official,,
Channing Frye,Earl Clark,Goran Dragic,Grant Hill,Jared Dudley,Anderson Varejao,Daniel Gibson,Delonte West,Jamario Moon,Zydrunas Ilgauskas,4,8:53,PHX,free throw,,,,,,,1,,1,Goran Dragic,,,foul,made,,,,
Channing Frye,Earl Clark,Goran Dragic,Grant Hill,Jared Dudley,Anderson Varejao,Daniel Gibson,Delonte West,Jamario Moon,Zydrunas Ilgauskas,4,8:30,CLE,shot,,,,,,,,,,Zydrunas Ilgauskas,,,,missed,,layup,25,8
Channing Frye,Earl Clark,Goran Dragic,Grant Hill,Jared Dudley,Anderson Varejao,Daniel Gibson,Delonte West,Jamario Moon,Zydrunas Ilgauskas,4,8:28,CLE,rebound,,,,,,,,,,Zydrunas Ilgauskas,,,,,,off,,
Channing Frye,Earl Clark,Goran Dragic,Grant Hill,Jared Dudley,Anderson Varejao,Daniel Gibson,Delonte West,Jamario Moon,Zydrunas Ilgauskas,4,8:28,CLE,shot,,,,,,,,,,Zydrunas Ilgauskas,2,,,made,,layup,25,5
Channing Frye,Earl Clark,Goran Dragic,Grant Hill,Jared Dudley,Anderson Varejao,Daniel Gibson,Delonte West,Jamario Moon,Zydrunas Ilgauskas,4,8:17,PHX,shot,,,,,,,,,,Earl Clark,,,,missed,,jump,18,25
Channing Frye,Earl Clark,Goran Dragic,Grant Hill,Jared Dudley,Anderson Varejao,Daniel Gibson,Delonte West,Jamario Moon,Zydrunas Ilgauskas,4,8:16,CLE,rebound,,,,,,,,,,Jamario Moon,,,,,,def,,
Channing Frye,Earl Clark,Goran Dragic,Grant Hill,Jared Dudley,Anderson Varejao,Daniel Gibson,Delonte West,Jamario Moon,Zydrunas Ilgauskas,4,7:57,CLE,shot,,,,,,,,,,Delonte West,,,,missed,,jump,16,19
Channing Frye,Earl Clark,Goran Dragic,Grant Hill,Jared Dudley,Anderson Varejao,Daniel Gibson,Delonte West,Jamario Moon,Zydrunas Ilgauskas,4,7:55,CLE,rebound,,,,,,,,,,Daniel Gibson,,,,,,off,,
Channing Frye,Earl Clark,Goran Dragic,Grant Hill,Jared Dudley,Anderson Varejao,Daniel Gibson,Delonte West,Jamario Moon,Zydrunas Ilgauskas,4,7:55,CLE,shot,,,,,,,,,,Daniel Gibson,,,,missed,,tip,26,6
Channing Frye,Earl Clark,Goran Dragic,Grant Hill,Jared Dudley,Anderson Varejao,Daniel Gibson,Delonte West,Jamario Moon,Zydrunas Ilgauskas,4,7:53,PHX,rebound,,,,,,,,,,Grant Hill,,,,,,def,,
Channing Frye,Earl Clark,Goran Dragic,Grant Hill,Jared Dudley,Anderson Varejao,Daniel Gibson,Delonte West,Jamario Moon,Zydrunas Ilgauskas,4,7:48,PHX,shot,Grant Hill,,,,,,,,,Goran Dragic,2,,,made,,layup,26,7
Channing Frye,Earl Clark,Goran Dragic,Grant Hill,Jared Dudley,Anderson Varejao,Daniel Gibson,Delonte West,Jamario Moon,Zydrunas Ilgauskas,4,7:26,CLE,shot,,,Earl Clark,,,,,,,Zydrunas Ilgauskas,,,,missed,,layup,25,8
Channing Frye,Earl Clark,Goran Dragic,Grant Hill,Jared Dudley,Anderson Varejao,Daniel Gibson,Delonte West,Jamario Moon,Zydrunas Ilgauskas,4,7:25,CLE,rebound,,,,,,,,,,,,,,,,,,
Channing Frye,Earl Clark,Goran Dragic,Grant Hill,Jared Dudley,Anderson Varejao,Delonte West,Jamario Moon,Mo Williams,Zydrunas Ilgauskas,4,7:25,CLE,sub,,,,Mo Williams,,Daniel Gibson,,,,,,,,,,,,
Channing Frye,Earl Clark,Goran Dragic,Grant Hill,Jared Dudley,Anderson Varejao,Delonte West,Jamario Moon,Mo Williams,Zydrunas Ilgauskas,4,7:22,CLE,shot,,,,,,,,,,Zydrunas Ilgauskas,,,,missed,,jump,8,14
Channing Frye,Earl Clark,Goran Dragic,Grant Hill,Jared Dudley,Anderson Varejao,Delonte West,Jamario Moon,Mo Williams,Zydrunas Ilgauskas,4,7:21,CLE,rebound,,,,,,,,,,Anderson Varejao,,,,,,off,,
Channing Frye,Earl Clark,Goran Dragic,Grant Hill,Jared Dudley,Anderson Varejao,Delonte West,Jamario Moon,Mo Williams,Zydrunas Ilgauskas,4,7:21,CLE,shot,,,,,,,,,,Anderson Varejao,,,,missed,,tip,24,6
Channing Frye,Earl Clark,Goran Dragic,Grant Hill,Jared Dudley,Anderson Varejao,Delonte West,Jamario Moon,Mo Williams,Zydrunas Ilgauskas,4,7:20,PHX,rebound,,,,,,,,,,Jared Dudley,,,,,,def,,
Channing Frye,Earl Clark,Goran Dragic,Grant Hill,Jared Dudley,Anderson Varejao,Delonte West,Jamario Moon,Mo Williams,Zydrunas Ilgauskas,4,7:11,PHX,shot,Jared Dudley,,,,,,,,,Channing Frye,3,,,made,,3pt,42,26
Channing Frye,Earl Clark,Goran Dragic,Grant Hill,Jared Dudley,Anderson Varejao,Delonte West,Jamario Moon,Mo Williams,Zydrunas Ilgauskas,4,6:45,CLE,shot,,,,,,,,,,Jamario Moon,2,,,made,,jump,36,26
Channing Frye,Earl Clark,Goran Dragic,Grant Hill,Jared Dudley,Anderson Varejao,Delonte West,Jamario Moon,Mo Williams,Zydrunas Ilgauskas,4,6:31,PHX,shot,,,,,,,,,,Earl Clark,,,,missed,,running jump,32,9
Channing Frye,Earl Clark,Goran Dragic,Grant Hill,Jared Dudley,Anderson Varejao,Delonte West,Jamario Moon,Mo Williams,Zydrunas Ilgauskas,4,6:28,CLE,rebound,,,,,,,,,,Mo Williams,,,,,,def,,
Channing Frye,Earl Clark,Goran Dragic,Grant Hill,Jared Dudley,Anderson Varejao,Delonte West,Jamario Moon,Mo Williams,Zydrunas Ilgauskas,4,6:21,CLE,shot,Mo Williams,,,,,,,,,Anderson Varejao,2,,,made,,dunk,25,6
Channing Frye,Earl Clark,Goran Dragic,Grant Hill,Jared Dudley,Anderson Varejao,Delonte West,Jamario Moon,Mo Williams,Zydrunas Ilgauskas,4,6:05,PHX,shot,,,Delonte West,,,,,,,Jared Dudley,,,,missed,,layup,24,8
Channing Frye,Earl Clark,Goran Dragic,Grant Hill,Jared Dudley,Anderson Varejao,Delonte West,Jamario Moon,Mo Williams,Zydrunas Ilgauskas,4,6:04,CLE,rebound,,,,,,,,,,,,,,,,,,
Channing Frye,Earl Clark,Goran Dragic,Grant Hill,Jared Dudley,Anderson Varejao,Delonte West,Jamario Moon,Mo Williams,Zydrunas Ilgauskas,4,6:04,PHX,foul,,,,,,,,Delonte West,,Goran Dragic,,,,,,loose ball,,
Amare Stoudemire,Channing Frye,Goran Dragic,Grant Hill,Jared Dudley,Anderson Varejao,Delonte West,Jamario Moon,Mo Williams,Zydrunas Ilgauskas,4,6:04,PHX,sub,,,,Amare Stoudemire,,Earl Clark,,,,,,,,,,,,
Amare Stoudemire,Channing Frye,Goran Dragic,Grant Hill,Jared Dudley,Anderson Varejao,Delonte West,Jamario Moon,Mo Williams,Zydrunas Ilgauskas,4,5:41,CLE,shot,,,,,,,,,,Jamario Moon,,,,missed,,3pt,34,30
Amare Stoudemire,Channing Frye,Goran Dragic,Grant Hill,Jared Dudley,Anderson Varejao,Delonte West,Jamario Moon,Mo Williams,Zydrunas Ilgauskas,4,5:40,PHX,rebound,,,,,,,,,,Goran Dragic,,,,,,def,,
Amare Stoudemire,Channing Frye,Goran Dragic,Grant Hill,Jared Dudley,Anderson Varejao,Delonte West,Jamario Moon,Mo Williams,Zydrunas Ilgauskas,4,5:34,PHX,shot,,,Jamario Moon,,,,,,,Channing Frye,,,,missed,,layup,26,7
Amare Stoudemire,Channing Frye,Goran Dragic,Grant Hill,Jared Dudley,Anderson Varejao,Delonte West,Jamario Moon,Mo Williams,Zydrunas Ilgauskas,4,5:32,PHX,rebound,,,,,,,,,,Channing Frye,,,,,,off,,
Amare Stoudemire,Channing Frye,Goran Dragic,Grant Hill,Jared Dudley,Anderson Varejao,Delonte West,Jamario Moon,Mo Williams,Zydrunas Ilgauskas,4,5:30,PHX,shot,,,,,,,,,,Channing Frye,2,,,made,,layup,25,6
Amare Stoudemire,Channing Frye,Goran Dragic,Grant Hill,Jared Dudley,Anderson Varejao,Delonte West,Jamario Moon,Mo Williams,Zydrunas Ilgauskas,4,5:08,CLE,shot,,,,,,,,,,Delonte West,,,,missed,,jump,46,8
Amare Stoudemire,Channing Frye,Goran Dragic,Grant Hill,Jared Dudley,Anderson Varejao,Delonte West,Jamario Moon,Mo Williams,Zydrunas Ilgauskas,4,5:07,PHX,rebound,,,,,,,,,,Amare Stoudemire,,,,,,def,,
Amare Stoudemire,Channing Frye,Goran Dragic,Grant Hill,Jared Dudley,Anderson Varejao,Delonte West,Jamario Moon,Mo Williams,Zydrunas Ilgauskas,4,5:05,PHX,turnover,,,,,,,,,,Amare Stoudemire,,,lost ball,,Anderson Varejao,,,
Amare Stoudemire,Channing Frye,Goran Dragic,Grant Hill,Jared Dudley,Anderson Varejao,Delonte West,Jamario Moon,Mo Williams,Zydrunas Ilgauskas,4,5:02,CLE,turnover,,,,,,,,,,Anderson Varejao,,,bad pass,,Grant Hill,,,
Amare Stoudemire,Channing Frye,Goran Dragic,Grant Hill,Jared Dudley,Anderson Varejao,Delonte West,Jamario Moon,Mo Williams,Zydrunas Ilgauskas,4,4:56,PHX,shot,Goran Dragic,,,,,,,,,Channing Frye,2,,,made,,jump,45,10
Amare Stoudemire,Channing Frye,Goran Dragic,Grant Hill,Jared Dudley,Anderson Varejao,Delonte West,Jamario Moon,Mo Williams,Zydrunas Ilgauskas,4,4:54,CLE,timeout,,,,,,,,,,,,,,,,regular,,
Amare Stoudemire,Channing Frye,Goran Dragic,Grant Hill,Jared Dudley,Anderson Varejao,Delonte West,Jamario Moon,Mo Williams,Zydrunas Ilgauskas,4,4:54,CLE,foul,,,,,,,,,,Anderson Varejao,,,,,,technical,,
Amare Stoudemire,Channing Frye,Goran Dragic,Grant Hill,Jared Dudley,Anderson Varejao,Delonte West,J.J. Hickson,Jamario Moon,Mo Williams,4,4:54,CLE,sub,,,,J.J. Hickson,,Zydrunas Ilgauskas,,,,,,,,,,,,
Amare Stoudemire,Channing Frye,Goran Dragic,Grant Hill,Jared Dudley,Anderson Varejao,Delonte West,J.J. Hickson,LeBron James,Mo Williams,4,4:54,CLE,sub,,,,LeBron James,,Jamario Moon,,,,,,,,,,,,
Amare Stoudemire,Channing Frye,Goran Dragic,Grant Hill,Jared Dudley,Anderson Varejao,Delonte West,J.J. Hickson,LeBron James,Mo Williams,4,4:54,PHX,free throw,,,,,,,1,,1,Grant Hill,,,technical,made,,,,
Amare Stoudemire,Channing Frye,Goran Dragic,Grant Hill,Jared Dudley,Anderson Varejao,Delonte West,J.J. Hickson,LeBron James,Mo Williams,4,4:37,CLE,turnover,,,,,,,,,,J.J. Hickson,,,traveling,,,,,
Amare Stoudemire,Channing Frye,Goran Dragic,Grant Hill,Jared Dudley,Anderson Varejao,Delonte West,J.J. Hickson,LeBron James,Mo Williams,4,4:24,PHX,shot,,,,,,,,,,Goran Dragic,,,,missed,,jump,31,17
Amare Stoudemire,Channing Frye,Goran Dragic,Grant Hill,Jared Dudley,Anderson Varejao,Delonte West,J.J. Hickson,LeBron James,Mo Williams,4,4:23,CLE,rebound,,,,,,,,,,J.J. Hickson,,,,,,def,,
Amare Stoudemire,Channing Frye,Goran Dragic,Grant Hill,Jared Dudley,Anderson Varejao,Delonte West,J.J. Hickson,LeBron James,Mo Williams,4,4:08,CLE,shot,LeBron James,,,,,,,,,Delonte West,2,,,made,,layup,26,6
Amare Stoudemire,Channing Frye,Goran Dragic,Grant Hill,Jared Dudley,Anderson Varejao,Delonte West,J.J. Hickson,LeBron James,Mo Williams,4,3:53,PHX,shot,Goran Dragic,,,,,,,,,Grant Hill,2,,,made,,layup,25,6
Amare Stoudemire,Channing Frye,Goran Dragic,Grant Hill,Jared Dudley,Anderson Varejao,Delonte West,J.J. Hickson,LeBron James,Mo Williams,4,3:29,CLE,shot,LeBron James,,,,,,,,,Mo Williams,2,,,made,,jump bank,37,12
Amare Stoudemire,Channing Frye,Goran Dragic,Grant Hill,Jared Dudley,Anderson Varejao,Delonte West,J.J. Hickson,LeBron James,Mo Williams,4,3:10,PHX,shot,Goran Dragic,,,,,,,,,Channing Frye,3,,,made,,3pt,45,20
Amare Stoudemire,Channing Frye,Goran Dragic,Grant Hill,Jared Dudley,Anderson Varejao,Delonte West,J.J. Hickson,LeBron James,Mo Williams,4,2:48,CLE,shot,,,,,,,,,,Mo Williams,,,,missed,,3pt,9,26
Amare Stoudemire,Channing Frye,Goran Dragic,Grant Hill,Jared Dudley,Anderson Varejao,Delonte West,J.J. Hickson,LeBron James,Mo Williams,4,2:47,PHX,rebound,,,,,,,,,,Jared Dudley,,,,,,def,,
Amare Stoudemire,Channing Frye,Goran Dragic,Grant Hill,Jared Dudley,Anderson Varejao,Delonte West,J.J. Hickson,LeBron James,Mo Williams,4,2:34,PHX,shot,Goran Dragic,,,,,,,,,Jared Dudley,2,,,made,,driving layup,26,6
Amare Stoudemire,Channing Frye,Goran Dragic,Grant Hill,Jared Dudley,Anderson Varejao,Delonte West,J.J. Hickson,LeBron James,Mo Williams,4,2:06,CLE,shot,Delonte West,,,,,,,,,Mo Williams,3,,,made,,3pt,40,27
Amare Stoudemire,Channing Frye,Goran Dragic,Grant Hill,Jared Dudley,Anderson Varejao,Delonte West,J.J. Hickson,LeBron James,Mo Williams,4,2:01,PHX,timeout,,,,,,,,,,,,,,,,regular,,
Amare Stoudemire,Channing Frye,Goran Dragic,Grant Hill,Jared Dudley,Anderson Varejao,Delonte West,J.J. Hickson,LeBron James,Mo Williams,4,1:59,PHX,shot,,,,,,,,,,Channing Frye,,,,missed,,3pt,17,29
Amare Stoudemire,Channing Frye,Goran Dragic,Grant Hill,Jared Dudley,Anderson Varejao,Delonte West,J.J. Hickson,LeBron James,Mo Williams,4,1:55,CLE,rebound,,,,,,,,,,Mo Williams,,,,,,def,,
Amare Stoudemire,Channing Frye,Goran Dragic,Grant Hill,Jared Dudley,Anderson Varejao,Delonte West,J.J. Hickson,LeBron James,Mo Williams,4,1:32,CLE,shot,,,,,,,,,,LeBron James,2,,,made,,fade away jumper,17,15
Amare Stoudemire,Channing Frye,Goran Dragic,Grant Hill,Jared Dudley,Anderson Varejao,Delonte West,J.J. Hickson,LeBron James,Mo Williams,4,1:24,PHX,shot,,,,,,,,,,Goran Dragic,3,,,made,,3pt,24,31
Amare Stoudemire,Channing Frye,Goran Dragic,Grant Hill,Jared Dudley,Anderson Varejao,Delonte West,J.J. Hickson,LeBron James,Mo Williams,4,1:01,CLE,shot,,,,,,,,,,LeBron James,,,,missed,,3pt,9,27
Amare Stoudemire,Channing Frye,Goran Dragic,Grant Hill,Jared Dudley,Anderson Varejao,Delonte West,J.J. Hickson,LeBron James,Mo Williams,4,0:59,PHX,rebound,,,,,,,,,,Amare Stoudemire,,,,,,def,,
Amare Stoudemire,Channing Frye,Goran Dragic,Grant Hill,Jared Dudley,Anderson Varejao,Delonte West,J.J. Hickson,LeBron James,Mo Williams,4,0:48,CLE,foul,,,,,,,,Goran Dragic,,J.J. Hickson,,,,,,shooting,,
Amare Stoudemire,Channing Frye,Goran Dragic,Grant Hill,Jared Dudley,Darnell Jackson,Delonte West,J.J. Hickson,LeBron James,Mo Williams,4,0:48,CLE,sub,,,,Darnell Jackson,,Anderson Varejao,,,,,,,,,,,,
Amare Stoudemire,Channing Frye,Goran Dragic,Grant Hill,Jared Dudley,Daniel Gibson,Darnell Jackson,Delonte West,J.J. Hickson,LeBron James,4,0:48,CLE,sub,,,,Daniel Gibson,,Mo Williams,,,,,,,,,,,,
Amare Stoudemire,Channing Frye,Goran Dragic,Grant Hill,Jared Dudley,Daniel Gibson,Daniel Green,Darnell Jackson,Delonte West,J.J. Hickson,4,0:48,CLE,sub,,,,Daniel Green,,LeBron James,,,,,,,,,,,,
Amare Stoudemire,Channing Frye,Goran Dragic,Grant Hill,Jared Dudley,Daniel Gibson,Daniel Green,Darnell Jackson,Delonte West,J.J. Hickson,4,0:48,PHX,free throw,,,,,,,1,,2,Goran Dragic,,,foul,missed,,,,
Amare Stoudemire,Channing Frye,Goran Dragic,Grant Hill,Jared Dudley,Daniel Gibson,Daniel Green,Darnell Jackson,Delonte West,J.J. Hickson,4,0:48,PHX,rebound,,,,,,,,,,,,,,,,,,
Amare Stoudemire,Channing Frye,Goran Dragic,Grant Hill,Jared Dudley,Daniel Gibson,Daniel Green,Darnell Jackson,Delonte West,J.J. Hickson,4,0:48,PHX,free throw,,,,,,,2,,2,Goran Dragic,,,foul,made,,,,
Amare Stoudemire,Channing Frye,Goran Dragic,Grant Hill,Jared Dudley,Daniel Gibson,Daniel Green,Darnell Jackson,Delonte West,J.J. Hickson,4,0:33,CLE,shot,Darnell Jackson,,,,,,,,,Daniel Gibson,3,,,made,,3pt,47,21
Amare Stoudemire,Channing Frye,Goran Dragic,Grant Hill,Jared Dudley,Daniel Gibson,Daniel Green,Darnell Jackson,Delonte West,J.J. Hickson,4,0:27,CLE,foul,,,,,,,,Goran Dragic,,Daniel Green,,,,,,personal,,
Amare Stoudemire,Channing Frye,Goran Dragic,Grant Hill,Jared Dudley,Daniel Gibson,Daniel Green,Darnell Jackson,Delonte West,J.J. Hickson,4,0:27,PHX,free throw,,,,,,,1,,2,Goran Dragic,,,foul,missed,,,,
Amare Stoudemire,Channing Frye,Goran Dragic,Grant Hill,Jared Dudley,Daniel Gibson,Daniel Green,Darnell Jackson,Delonte West,J.J. Hickson,4,0:27,PHX,rebound,,,,,,,,,,,,,,,,,,
Amare Stoudemire,Channing Frye,Goran Dragic,Grant Hill,Jared Dudley,Daniel Gibson,Daniel Green,Darnell Jackson,Delonte West,J.J. Hickson,4,0:27,PHX,free throw,,,,,,,2,,2,Goran Dragic,,,foul,made,,,,
Amare Stoudemire,Channing Frye,Goran Dragic,Grant Hill,Jared Dudley,Daniel Gibson,Daniel Green,Darnell Jackson,Delonte West,J.J. Hickson,4,0:18,PHX,violation,,,,,,,,,,Channing Frye,,,,,,defensive goaltending,,
Amare Stoudemire,Channing Frye,Goran Dragic,Grant Hill,Jared Dudley,Daniel Gibson,Daniel Green,Darnell Jackson,Delonte West,J.J. Hickson,4,0:18,CLE,shot,Delonte West,,,,,,,,,J.J. Hickson,2,,,made,,layup,25,6
Amare Stoudemire,Channing Frye,Goran Dragic,Grant Hill,Jared Dudley,Daniel Gibson,Daniel Green,Darnell Jackson,Delonte West,J.J. Hickson,4,0:10,PHX,shot,,,Darnell Jackson,,,,,,,Amare Stoudemire,,,,missed,,layup,24,8
Amare Stoudemire,Channing Frye,Goran Dragic,Grant Hill,Jared Dudley,Daniel Gibson,Daniel Green,Darnell Jackson,Delonte West,J.J. Hickson,4,0:08,PHX,rebound,,,,,,,,,,Amare Stoudemire,,,,,,off,,
Amare Stoudemire,Channing Frye,Goran Dragic,Grant Hill,Jared Dudley,Daniel Gibson,Daniel Green,Darnell Jackson,Delonte West,J.J. Hickson,4,0:07,PHX,turnover,,,,,,,,,,Amare Stoudemire,,,lost ball,,Daniel Green,,,
