a1,a2,a3,a4,a5,h1,h2,h3,h4,h5,period,time,team,etype,assist,away,block,entered,home,left,num,opponent,outof,player,points,possession,reason,result,steal,type,x,y
Darren Collison,David West,Devin Brown,Emeka Okafor,James Posey,Andres Nocioni,Donte Greene,Jason Thompson,Kenny Thomas,Tyreke Evans,1,12:00,OFF,jump ball,,Emeka Okafor,,,Donte Greene,,,,,,,Darren Collison,,,,,,
Darren Collison,David West,Devin Brown,Emeka Okafor,James Posey,Andres Nocioni,Donte Greene,Jason Thompson,Kenny Thomas,Tyreke Evans,1,11:34,NOH,shot,,,,,,,,,,James Posey,2,,,made,,running jump,15,18
Darren Collison,David West,Devin Brown,Emeka Okafor,James Posey,Andres Nocioni,Donte Greene,Jason Thompson,Kenny Thomas,Tyreke Evans,1,11:20,SAC,shot,,,,,,,,,,Donte Greene,,,,missed,,jump,14,23
Darren Collison,David West,Devin Brown,Emeka Okafor,James Posey,Andres Nocioni,Donte Greene,Jason Thompson,Kenny Thomas,Tyreke Evans,1,11:19,SAC,rebound,,,,,,,,,,Tyreke Evans,,,,,,off,,
Darren Collison,David West,Devin Brown,Emeka Okafor,James Posey,Andres Nocioni,Donte Greene,Jason Thompson,Kenny Thomas,Tyreke Evans,1,11:15,SAC,shot,,,Emeka Okafor,,,,,,,Tyreke Evans,,,,missed,,layup,25,6
Darren Collison,David West,Devin Brown,Emeka Okafor,James Posey,Andres Nocioni,Donte Greene,Jason Thompson,Kenny Thomas,Tyreke Evans,1,11:13,NOH,rebound,,,,,,,,,,Devin Brown,,,,,,def,,
Darren Collison,David West,Devin Brown,Emeka Okafor,James Posey,Andres Nocioni,Donte Greene,Jason Thompson,Kenny Thomas,Tyreke Evans,1,11:11,NOH,shot,Devin Brown,,,,,,,,,Darren Collison,2,,,made,,layup,25,6
Darren Collison,David West,Devin Brown,Emeka Okafor,James Posey,Andres Nocioni,Donte Greene,Jason Thompson,Kenny Thomas,Tyreke Evans,1,10:42,SAC,shot,,,,,,,,,,Jason Thompson,2,,,made,,jump bank,24,15
Darren Collison,David West,Devin Brown,Emeka Okafor,James Posey,Andres Nocioni,Donte Greene,Jason Thompson,Kenny Thomas,Tyreke Evans,1,10:24,NOH,shot,,,,,,,,,,Devin Brown,,,,missed,,jump,37,21
Darren Collison,David West,Devin Brown,Emeka Okafor,James Posey,Andres Nocioni,Donte Greene,Jason Thompson,Kenny Thomas,Tyreke Evans,1,10:24,SAC,rebound,,,,,,,,,,,,,,,,,,
Darren Collison,David West,Devin Brown,Emeka Okafor,James Posey,Andres Nocioni,Donte Greene,Jason Thompson,Kenny Thomas,Tyreke Evans,1,10:12,SAC,shot,,,,,,,,,,Andres Nocioni,,,,missed,,jump,5,10
Darren Collison,David West,Devin Brown,Emeka Okafor,James Posey,Andres Nocioni,Donte Greene,Jason Thompson,Kenny Thomas,Tyreke Evans,1,10:11,NOH,rebound,,,,,,,,,,Devin Brown,,,,,,def,,
Darren Collison,David West,Devin Brown,Emeka Okafor,James Posey,Andres Nocioni,Donte Greene,Jason Thompson,Kenny Thomas,Tyreke Evans,1,10:01,NOH,shot,Devin Brown,,,,,,,,,Emeka Okafor,2,,,made,,layup,25,6
Darren Collison,David West,Devin Brown,Emeka Okafor,James Posey,Andres Nocioni,Donte Greene,Jason Thompson,Kenny Thomas,Tyreke Evans,1,9:46,SAC,shot,,,,,,,,,,Donte Greene,2,,,made,,jump,35,8
Darren Collison,David West,Devin Brown,Emeka Okafor,James Posey,Andres Nocioni,Donte Greene,Jason Thompson,Kenny Thomas,Tyreke Evans,1,9:34,SAC,foul,,,,,,,,David West,,Kenny Thomas,,,,,,shooting,,
Darren Collison,David West,Devin Brown,Emeka Okafor,James Posey,Andres Nocioni,Donte Greene,Jason Thompson,Kenny Thomas,Tyreke Evans,1,9:34,NOH,free throw,,,,,,,1,,2,David West,,,foul,made,,,,
Darren Collison,David West,Devin Brown,Emeka Okafor,James Posey,Andres Nocioni,Donte Greene,Jason Thompson,Kenny Thomas,Tyreke Evans,1,9:34,NOH,free throw,,,,,,,2,,2,David West,,,foul,made,,,,
Darren Collison,David West,Devin Brown,Emeka Okafor,James Posey,Andres Nocioni,Donte Greene,Jason Thompson,Kenny Thomas,Tyreke Evans,1,9:21,SAC,shot,,,,,,,,,,Jason Thompson,,,,missed,,jump,16,21
Darren Collison,David West,Devin Brown,Emeka Okafor,James Posey,Andres Nocioni,Donte Greene,Jason Thompson,Kenny Thomas,Tyreke Evans,1,9:20,NOH,rebound,,,,,,,,,,Emeka Okafor,,,,,,def,,
Darren Collison,David West,Devin Brown,Emeka Okafor,James Posey,Andres Nocioni,Donte Greene,Jason Thompson,Kenny Thomas,Tyreke Evans,1,9:03,NOH,shot,,,,,,,,,,David West,2,,,made,,jump hook,16,8
Darren Collison,David West,Devin Brown,Emeka Okafor,James Posey,Andres Nocioni,Donte Greene,Jason Thompson,Kenny Thomas,Tyreke Evans,1,8:46,SAC,shot,Donte Greene,,,,,,,,,Kenny Thomas,2,,,made,,layup,25,6
Darren Collison,David West,Devin Brown,Emeka Okafor,James Posey,Andres Nocioni,Donte Greene,Jason Thompson,Kenny Thomas,Tyreke Evans,1,8:21,NOH,shot,,,,,,,,,,James Posey,,,,missed,,3pt,48,8
Darren Collison,David West,Devin Brown,Emeka Okafor,James Posey,Andres Nocioni,Donte Greene,Jason Thompson,Kenny Thomas,Tyreke Evans,1,8:20,SAC,rebound,,,,,,,,,,Kenny Thomas,,,,,,def,,
Darren Collison,David West,Devin Brown,Emeka Okafor,James Posey,Andres Nocioni,Donte Greene,Jason Thompson,Kenny Thomas,Tyreke Evans,1,8:13,NOH,foul,,,,,,,,Jason Thompson,,Emeka Okafor,,,,,,shooting,,
Darren Collison,David West,Devin Brown,Emeka Okafor,James Posey,Andres Nocioni,Donte Greene,Jason Thompson,Kenny Thomas,Tyreke Evans,1,8:13,SAC,free throw,,,,,,,1,,2,Jason Thompson,,,foul,made,,,,
Darren Collison,David West,Devin Brown,Emeka Okafor,James Posey,Andres Nocioni,Donte Greene,Jason Thompson,Kenny Thomas,Tyreke Evans,1,8:13,SAC,free throw,,,,,,,2,,2,Jason Thompson,,,foul,made,,,,
Darren Collison,David West,Devin Brown,Emeka Okafor,James Posey,Andres Nocioni,Donte Greene,Jason Thompson,Kenny Thomas,Tyreke Evans,1,7:49,NOH,shot,Darren Collison,,,,,,,,,James Posey,3,,,made,,3pt,20,30
Darren Collison,David West,Devin Brown,Emeka Okafor,James Posey,Andres Nocioni,Donte Greene,Jason Thompson,Kenny Thomas,Tyreke Evans,1,7:35,SAC,shot,,,,,,,,,,Donte Greene,,,,missed,,3pt,4,20
Darren Collison,David West,Devin Brown,Emeka Okafor,James Posey,Andres Nocioni,Donte Greene,Jason Thompson,Kenny Thomas,Tyreke Evans,1,7:34,SAC,rebound,,,,,,,,,,Jason Thompson,,,,,,off,,
Darren Collison,David West,Devin Brown,Emeka Okafor,James Posey,Andres Nocioni,Donte Greene,Jason Thompson,Kenny Thomas,Tyreke Evans,1,7:32,SAC,shot,,,,,,,,,,Jason Thompson,2,,,made,,layup,25,6
Darren Collison,David West,Devin Brown,Emeka Okafor,James Posey,Andres Nocioni,Donte Greene,Jason Thompson,Kenny Thomas,Tyreke Evans,1,7:06,NOH,shot,,,,,,,,,,James Posey,,,,missed,,3pt,48,14
Darren Collison,David West,Devin Brown,Emeka Okafor,James Posey,Andres Nocioni,Donte Greene,Jason Thompson,Kenny Thomas,Tyreke Evans,1,7:05,SAC,rebound,,,,,,,,,,Donte Greene,,,,,,def,,
Darren Collison,David West,Devin Brown,Emeka Okafor,James Posey,Andres Nocioni,Donte Greene,Jason Thompson,Kenny Thomas,Tyreke Evans,1,6:57,SAC,shot,,,,,,,,,,Tyreke Evans,,,,missed,,jump,25,21
Darren Collison,David West,Devin Brown,Emeka Okafor,James Posey,Andres Nocioni,Donte Greene,Jason Thompson,Kenny Thomas,Tyreke Evans,1,6:56,SAC,rebound,,,,,,,,,,Jason Thompson,,,,,,off,,
Darren Collison,David West,Devin Brown,Emeka Okafor,James Posey,Andres Nocioni,Donte Greene,Jason Thompson,Kenny Thomas,Tyreke Evans,1,6:32,SAC,shot,,,,,,,,,,Kenny Thomas,,,,missed,,jump hook,22,12
Darren Collison,David West,Devin Brown,Emeka Okafor,James Posey,Andres Nocioni,Donte Greene,Jason Thompson,Kenny Thomas,Tyreke Evans,1,6:31,NOH,rebound,,,,,,,,,,Emeka Okafor,,,,,,def,,
Darren Collison,David West,Devin Brown,Emeka Okafor,James Posey,Andres Nocioni,Donte Greene,Jason Thompson,Kenny Thomas,Tyreke Evans,1,6:18,NOH,shot,James Posey,,,,,,,,,David West,2,,,made,,jump,41,6
Darren Collison,David West,Devin Brown,Emeka Okafor,James Posey,Andres Nocioni,Donte Greene,Jason Thompson,Kenny Thomas,Tyreke Evans,1,5:59,SAC,shot,,,,,,,,,,Tyreke Evans,2,,,made,,driving layup,25,6
Darren Collison,David West,Devin Brown,Emeka Okafor,James Posey,Andres Nocioni,Donte Greene,Jason Thompson,Kenny Thomas,Tyreke Evans,1,5:41,NOH,shot,,,,,,,,,,David West,2,,,made,,jump,25,25
Darren Collison,David West,Devin Brown,Emeka Okafor,James Posey,Andres Nocioni,Donte Greene,Jason Thompson,Kenny Thomas,Tyreke Evans,1,5:21,SAC,shot,Donte Greene,,,,,,,,,Jason Thompson,2,,,made,,layup,25,6
Darren Collison,David West,Devin Brown,Emeka Okafor,James Posey,Andres Nocioni,Donte Greene,Jason Thompson,Kenny Thomas,Tyreke Evans,1,5:07,SAC,foul,,,,,,,,Devin Brown,,Andres Nocioni,,,,,,shooting,,
Darren Collison,David West,Devin Brown,Emeka Okafor,James Posey,Andres Nocioni,Donte Greene,Jason Thompson,Kenny Thomas,Tyreke Evans,1,5:07,SAC,timeout,,,,,,,,,,,,,,,,regular,,
Darren Collison,David West,Devin Brown,Emeka Okafor,James Posey,Andres Nocioni,Donte Greene,Jason Thompson,Omri Casspi,Tyreke Evans,1,5:07,SAC,sub,,,,Omri Casspi,,Kenny Thomas,,,,,,,,,,,,
Darren Collison,David West,Devin Brown,Emeka Okafor,James Posey,Andres Nocioni,Donte Greene,Jason Thompson,Omri Casspi,Tyreke Evans,1,5:07,NOH,free throw,,,,,,,1,,2,Devin Brown,,,foul,made,,,,
Darren Collison,David West,Devin Brown,Emeka Okafor,James Posey,Andres Nocioni,Donte Greene,Jason Thompson,Omri Casspi,Tyreke Evans,1,5:07,NOH,free throw,,,,,,,2,,2,Devin Brown,,,foul,made,,,,
Darren Collison,David West,Devin Brown,Emeka Okafor,James Posey,Andres Nocioni,Donte Greene,Jason Thompson,Omri Casspi,Tyreke Evans,1,4:55,SAC,shot,Tyreke Evans,,,,,,,,,Andres Nocioni,3,,,made,,3pt,15,30
Darren Collison,David West,Devin Brown,Emeka Okafor,James Posey,Andres Nocioni,Donte Greene,Jason Thompson,Omri Casspi,Tyreke Evans,1,4:39,NOH,shot,,,,,,,,,,Darren Collison,,,,missed,,3pt,46,20
Darren Collison,David West,Devin Brown,Emeka Okafor,James Posey,Andres Nocioni,Donte Greene,Jason Thompson,Omri Casspi,Tyreke Evans,1,4:38,SAC,rebound,,,,,,,,,,Omri Casspi,,,,,,def,,
Darren Collison,David West,Devin Brown,Emeka Okafor,James Posey,Andres Nocioni,Donte Greene,Jason Thompson,Omri Casspi,Tyreke Evans,1,4:29,SAC,shot,,,,,,,,,,Donte Greene,,,,missed,,3pt,1,8
Darren Collison,David West,Devin Brown,Emeka Okafor,James Posey,Andres Nocioni,Donte Greene,Jason Thompson,Omri Casspi,Tyreke Evans,1,4:28,NOH,rebound,,,,,,,,,,Devin Brown,,,,,,def,,
Darren Collison,David West,Devin Brown,Emeka Okafor,James Posey,Andres Nocioni,Donte Greene,Jason Thompson,Omri Casspi,Tyreke Evans,1,4:23,NOH,shot,,,,,,,,,,Devin Brown,,,,missed,,layup,25,6
Darren Collison,David West,Devin Brown,Emeka Okafor,James Posey,Andres Nocioni,Donte Greene,Jason Thompson,Omri Casspi,Tyreke Evans,1,4:21,NOH,rebound,,,,,,,,,,Devin Brown,,,,,,off,,
Darren Collison,David West,Devin Brown,Emeka Okafor,James Posey,Andres Nocioni,Donte Greene,Jason Thompson,Omri Casspi,Tyreke Evans,1,4:21,NOH,turnover,,,,,,,,,,Devin Brown,,,step out of bounds turnover,,,,,
Darren Collison,David West,Devin Brown,Emeka Okafor,James Posey,Andres Nocioni,Donte Greene,Jason Thompson,Omri Casspi,Tyreke Evans,1,4:01,SAC,shot,,,,,,,,,,Tyreke Evans,2,,,made,,driving layup,25,6
Darren Collison,David West,Devin Brown,Emeka Okafor,James Posey,Andres Nocioni,Donte Greene,Jason Thompson,Omri Casspi,Tyreke Evans,1,3:48,NOH,shot,,,,,,,,,,Darren Collison,,,,missed,,floating jump,17,11
Darren Collison,David West,Devin Brown,Emeka Okafor,James Posey,Andres Nocioni,Donte Greene,Jason Thompson,Omri Casspi,Tyreke Evans,1,3:47,SAC,rebound,,,,,,,,,,Andres Nocioni,,,,,,def,,
Darren Collison,David West,Devin Brown,Emeka Okafor,James Posey,Andres Nocioni,Donte Greene,Jason Thompson,Omri Casspi,Tyreke Evans,1,3:36,SAC,shot,,,,,,,,,,Andres Nocioni,,,,missed,,3pt,7,23
Darren Collison,David West,Devin Brown,Emeka Okafor,James Posey,Andres Nocioni,Donte Greene,Jason Thompson,Omri Casspi,Tyreke Evans,1,3:35,NOH,rebound,,,,,,,,,,Devin Brown,,,,,,def,,
Darren Collison,David West,Devin Brown,Emeka Okafor,James Posey,Andres Nocioni,Donte Greene,Jason Thompson,Omri Casspi,Tyreke Evans,1,3:30,SAC,foul,,,,,,,,David West,,Andres Nocioni,,,,,,personal,,
Darren Collison,David West,Devin Brown,Emeka Okafor,James Posey,Andres Nocioni,Donte Greene,Jason Thompson,Omri Casspi,Tyreke Evans,1,3:25,NOH,shot,Darren Collison,,,,,,,,,David West,2,,,made,,jump,29,16
Darren Collison,David West,Devin Brown,Emeka Okafor,James Posey,Andres Nocioni,Donte Greene,Jason Thompson,Omri Casspi,Tyreke Evans,1,3:07,SAC,shot,,,,,,,,,,Andres Nocioni,2,,,made,,jump,38,11
Darren Collison,David West,Devin Brown,Emeka Okafor,James Posey,Andres Nocioni,Donte Greene,Jason Thompson,Omri Casspi,Tyreke Evans,1,2:44,NOH,shot,,,,,,,,,,David West,,,,missed,,layup,22,7
Darren Collison,David West,Devin Brown,Emeka Okafor,James Posey,Andres Nocioni,Donte Greene,Jason Thompson,Omri Casspi,Tyreke Evans,1,2:43,SAC,rebound,,,,,,,,,,Donte Greene,,,,,,def,,
Darren Collison,David West,Devin Brown,Emeka Okafor,James Posey,Andres Nocioni,Donte Greene,Jason Thompson,Omri Casspi,Tyreke Evans,1,2:36,SAC,shot,,,,,,,,,,Donte Greene,,,,missed,,driving layup,25,6
Darren Collison,David West,Devin Brown,Emeka Okafor,James Posey,Andres Nocioni,Donte Greene,Jason Thompson,Omri Casspi,Tyreke Evans,1,2:36,SAC,rebound,,,,,,,,,,,,,,,,,,
Darren Collison,David West,Devin Brown,Emeka Okafor,James Posey,Andres Nocioni,Donte Greene,Jason Thompson,Omri Casspi,Tyreke Evans,1,2:36,SAC,turnover,,,,,,,,,,Donte Greene,,,traveling,,,,,
Darren Collison,David West,Devin Brown,Emeka Okafor,James Posey,Andres Nocioni,Donte Greene,Jason Thompson,Omri Casspi,Tyreke Evans,1,2:36,NOH,timeout,,,,,,,,,,,,,,,,regular,,
Darren Collison,David West,Devin Brown,Emeka Okafor,James Posey,Beno Udrih,Donte Greene,Jason Thompson,Omri Casspi,Tyreke Evans,1,2:36,SAC,sub,,,,Beno Udrih,,Andres Nocioni,,,,,,,,,,,,
David West,Devin Brown,Emeka Okafor,James Posey,Marcus Thornton,Beno Udrih,Donte Greene,Jason Thompson,Omri Casspi,Tyreke Evans,1,2:36,NOH,sub,,,,Marcus Thornton,,Darren Collison,,,,,,,,,,,,
David West,Devin Brown,Emeka Okafor,James Posey,Marcus Thornton,Beno Udrih,Donte Greene,Jason Thompson,Omri Casspi,Tyreke Evans,1,2:20,NOH,shot,,,,,,,,,,James Posey,,,,missed,,3pt,49,7
David West,Devin Brown,Emeka Okafor,James Posey,Marcus Thornton,Beno Udrih,Donte Greene,Jason Thompson,Omri Casspi,Tyreke Evans,1,2:19,NOH,rebound,,,,,,,,,,James Posey,,,,,,off,,
David West,Devin Brown,Emeka Okafor,James Posey,Marcus Thornton,Beno Udrih,Donte Greene,Jason Thompson,Omri Casspi,Tyreke Evans,1,2:16,NOH,shot,,,Donte Greene,,,,,,,James Posey,,,,missed,,jump,21,8
David West,Devin Brown,Emeka Okafor,James Posey,Marcus Thornton,Beno Udrih,Donte Greene,Jason Thompson,Omri Casspi,Tyreke Evans,1,2:14,NOH,rebound,,,,,,,,,,Devin Brown,,,,,,off,,
David West,Devin Brown,Emeka Okafor,James Posey,Marcus Thornton,Beno Udrih,Donte Greene,Jason Thompson,Omri Casspi,Tyreke Evans,1,2:10,NOH,shot,,,,,,,,,,David West,,,,missed,,jump,11,12
David West,Devin Brown,Emeka Okafor,James Posey,Marcus Thornton,Beno Udrih,Donte Greene,Jason Thompson,Omri Casspi,Tyreke Evans,1,2:09,SAC,rebound,,,,,,,,,,Omri Casspi,,,,,,def,,
David West,Devin Brown,Emeka Okafor,James Posey,Marcus Thornton,Beno Udrih,Donte Greene,Jason Thompson,Omri Casspi,Tyreke Evans,1,2:00,SAC,turnover,,,,,,,,,,Tyreke Evans,,,bad pass,,Devin Brown,,,
David West,Devin Brown,Emeka Okafor,James Posey,Marcus Thornton,Beno Udrih,Donte Greene,Jason Thompson,Omri Casspi,Tyreke Evans,1,1:41,NOH,shot,,,,,,,,,,David West,,,,missed,,jump,32,9
David West,Devin Brown,Emeka Okafor,James Posey,Marcus Thornton,Beno Udrih,Donte Greene,Jason Thompson,Omri Casspi,Tyreke Evans,1,1:39,NOH,rebound,,,,,,,,,,Emeka Okafor,,,,,,off,,
David West,Devin Brown,Emeka Okafor,James Posey,Marcus Thornton,Beno Udrih,Donte Greene,Jason Thompson,Omri Casspi,Tyreke Evans,1,1:38,NOH,shot,,,,,,,,,,Emeka Okafor,2,,,made,,layup,25,6
David West,Devin Brown,Emeka Okafor,James Posey,Marcus Thornton,Beno Udrih,Donte Greene,Jason Thompson,Omri Casspi,Tyreke Evans,1,1:20,SAC,shot,,,James Posey,,,,,,,Omri Casspi,,,,missed,,layup,25,6
David West,Devin Brown,Emeka Okafor,James Posey,Marcus Thornton,Beno Udrih,Donte Greene,Jason Thompson,Omri Casspi,Tyreke Evans,1,1:19,SAC,rebound,,,,,,,,,,,,,,,,,,
David West,Devin Brown,Emeka Okafor,James Posey,Marcus Thornton,Beno Udrih,Donte Greene,Jason Thompson,Omri Casspi,Tyreke Evans,1,1:13,SAC,shot,,,,,,,,,,Tyreke Evans,2,,,made,,running jump,23,12
David West,Devin Brown,Emeka Okafor,James Posey,Marcus Thornton,Beno Udrih,Donte Greene,Jason Thompson,Omri Casspi,Tyreke Evans,1,0:56,NOH,turnover,,,,,,,,,,James Posey,,,traveling,,,,,
David West,Devin Brown,Emeka Okafor,James Posey,Marcus Thornton,Beno Udrih,Donte Greene,Jason Thompson,Omri Casspi,Tyreke Evans,1,0:43,SAC,shot,,,,,,,,,,Tyreke Evans,,,,missed,,3pt,27,31
David West,Devin Brown,Emeka Okafor,James Posey,Marcus Thornton,Beno Udrih,Donte Greene,Jason Thompson,Omri Casspi,Tyreke Evans,1,0:41,NOH,rebound,,,,,,,,,,Emeka Okafor,,,,,,def,,
David West,Devin Brown,Emeka Okafor,James Posey,Marcus Thornton,Beno Udrih,Donte Greene,Jason Thompson,Omri Casspi,Tyreke Evans,1,0:36,NOH,foul,,,,,,,,Donte Greene,,Devin Brown,,,,,,offensive,,
David West,Devin Brown,Emeka Okafor,James Posey,Marcus Thornton,Beno Udrih,Donte Greene,Jason Thompson,Omri Casspi,Tyreke Evans,1,0:36,NOH,turnover,,,,,,,,,,Devin Brown,,,foul,,,,,
David West,Devin Brown,Emeka Okafor,James Posey,Marcus Thornton,Beno Udrih,Donte Greene,Jason Thompson,Omri Casspi,Tyreke Evans,1,0:29,NOH,foul,,,,,,,,Beno Udrih,,Marcus Thornton,,,,,,shooting,,
David West,Devin Brown,Emeka Okafor,James Posey,Marcus Thornton,Beno Udrih,Donte Greene,Jason Thompson,Omri Casspi,Tyreke Evans,1,0:29,SAC,free throw,,,,,,,1,,2,Beno Udrih,,,foul,missed,,,,
David West,Devin Brown,Emeka Okafor,James Posey,Marcus Thornton,Beno Udrih,Donte Greene,Jason Thompson,Omri Casspi,Tyreke Evans,1,0:29,SAC,rebound,,,,,,,,,,,,,,,,,,
David West,Devin Brown,Emeka Okafor,James Posey,Marcus Thornton,Beno Udrih,Donte Greene,Ime Udoka,Jason Thompson,Omri Casspi,1,0:29,SAC,sub,,,,Ime Udoka,,Tyreke Evans,,,,,,,,,,,,
David West,Devin Brown,Emeka Okafor,James Posey,Marcus Thornton,Beno Udrih,Donte Greene,Ime Udoka,Kenny Thomas,Omri Casspi,1,0:29,SAC,sub,,,,Kenny Thomas,,Jason Thompson,,,,,,,,,,,,
David West,Devin Brown,Emeka Okafor,James Posey,Marcus Thornton,Beno Udrih,Donte Greene,Ime Udoka,Kenny Thomas,Omri Casspi,1,0:29,SAC,free throw,,,,,,,2,,2,Beno Udrih,,,foul,made,,,,
David West,Devin Brown,Emeka Okafor,James Posey,Marcus Thornton,Beno Udrih,Donte Greene,Ime Udoka,Kenny Thomas,Omri Casspi,1,0:13,NOH,shot,David West,,,,,,,,,Marcus Thornton,3,,,made,,3pt,12,27
David West,Devin Brown,Emeka Okafor,James Posey,Marcus Thornton,Beno Udrih,Donte Greene,Ime Udoka,Kenny Thomas,Omri Casspi,1,0:01,SAC,shot,,,,,,,,,,Beno Udrih,2,,,made,,pullup jump,22,20
Bobby Brown,Darius Songaila,Hilton Armstrong,James Posey,Marcus Thornton,Beno Udrih,Jason Thompson,Kenny Thomas,Omri Casspi,Sergio Rodriguez,2,11:37,SAC,shot,,,,,,,,,,Omri Casspi,,,,missed,,layup,25,6
Bobby Brown,Darius Songaila,Hilton Armstrong,James Posey,Marcus Thornton,Beno Udrih,Jason Thompson,Kenny Thomas,Omri Casspi,Sergio Rodriguez,2,11:36,NOH,rebound,,,,,,,,,,Hilton Armstrong,,,,,,def,,
Bobby Brown,Darius Songaila,Hilton Armstrong,James Posey,Marcus Thornton,Beno Udrih,Jason Thompson,Kenny Thomas,Omri Casspi,Sergio Rodriguez,2,11:23,NOH,turnover,,,,,,,,,,Bobby Brown,,,bad pass,,Beno Udrih,,,
Bobby Brown,Darius Songaila,Hilton Armstrong,James Posey,Marcus Thornton,Beno Udrih,Jason Thompson,Kenny Thomas,Omri Casspi,Sergio Rodriguez,2,11:21,NOH,foul,,,,,,,,Sergio Rodriguez,,Bobby Brown,,,,,,personal,,
Bobby Brown,Darius Songaila,Hilton Armstrong,James Posey,Marcus Thornton,Beno Udrih,Jason Thompson,Kenny Thomas,Omri Casspi,Sergio Rodriguez,2,11:04,SAC,shot,,,,,,,,,,Omri Casspi,,,,missed,,jump,23,16
Bobby Brown,Darius Songaila,Hilton Armstrong,James Posey,Marcus Thornton,Beno Udrih,Jason Thompson,Kenny Thomas,Omri Casspi,Sergio Rodriguez,2,11:03,NOH,rebound,,,,,,,,,,Hilton Armstrong,,,,,,def,,
Bobby Brown,Darius Songaila,Hilton Armstrong,James Posey,Marcus Thornton,Beno Udrih,Jason Thompson,Kenny Thomas,Omri Casspi,Sergio Rodriguez,2,10:55,NOH,shot,,,,,,,,,,Marcus Thornton,,,,missed,,jump,6,10
Bobby Brown,Darius Songaila,Hilton Armstrong,James Posey,Marcus Thornton,Beno Udrih,Jason Thompson,Kenny Thomas,Omri Casspi,Sergio Rodriguez,2,10:54,SAC,rebound,,,,,,,,,,Jason Thompson,,,,,,def,,
Bobby Brown,Darius Songaila,Hilton Armstrong,James Posey,Marcus Thornton,Beno Udrih,Jason Thompson,Kenny Thomas,Omri Casspi,Sergio Rodriguez,2,10:47,SAC,turnover,,,,,,,,,,Kenny Thomas,,,bad pass,,Darius Songaila,,,
Bobby Brown,Darius Songaila,Hilton Armstrong,James Posey,Marcus Thornton,Beno Udrih,Jason Thompson,Kenny Thomas,Omri Casspi,Sergio Rodriguez,2,10:31,NOH,shot,,,,,,,,,,Bobby Brown,,,,missed,,jump,26,24
Bobby Brown,Darius Songaila,Hilton Armstrong,James Posey,Marcus Thornton,Beno Udrih,Jason Thompson,Kenny Thomas,Omri Casspi,Sergio Rodriguez,2,10:30,NOH,rebound,,,,,,,,,,Darius Songaila,,,,,,off,,
Bobby Brown,Darius Songaila,Hilton Armstrong,James Posey,Marcus Thornton,Beno Udrih,Jason Thompson,Kenny Thomas,Omri Casspi,Sergio Rodriguez,2,10:26,NOH,shot,,,,,,,,,,Darius Songaila,2,,,made,,jump,33,13
Bobby Brown,Darius Songaila,Hilton Armstrong,James Posey,Marcus Thornton,Beno Udrih,Jason Thompson,Kenny Thomas,Omri Casspi,Sergio Rodriguez,2,10:11,SAC,shot,,,,,,,,,,Sergio Rodriguez,2,,,made,,driving layup,25,6
Bobby Brown,Darius Songaila,Hilton Armstrong,James Posey,Marcus Thornton,Beno Udrih,Jason Thompson,Kenny Thomas,Omri Casspi,Sergio Rodriguez,2,9:43,NOH,shot,,,,,,,,,,Bobby Brown,,,,missed,,3pt,34,33
Bobby Brown,Darius Songaila,Hilton Armstrong,James Posey,Marcus Thornton,Beno Udrih,Jason Thompson,Kenny Thomas,Omri Casspi,Sergio Rodriguez,2,9:43,NOH,rebound,,,,,,,,,,,,,,,,,,
Bobby Brown,Darius Songaila,Hilton Armstrong,James Posey,Marcus Thornton,Beno Udrih,Jason Thompson,Kenny Thomas,Omri Casspi,Sergio Rodriguez,2,9:43,NOH,turnover,,,,,,,,,,,,,shot clock turnover,,,,,
Bobby Brown,Darius Songaila,Hilton Armstrong,James Posey,Marcus Thornton,Beno Udrih,Jason Thompson,Kenny Thomas,Omri Casspi,Sergio Rodriguez,2,9:27,NOH,foul,,,,,,,,Jason Thompson,,Hilton Armstrong,,,,,,shooting,,
Bobby Brown,Darius Songaila,Hilton Armstrong,James Posey,Marcus Thornton,Beno Udrih,Jason Thompson,Kenny Thomas,Omri Casspi,Sergio Rodriguez,2,9:27,SAC,free throw,,,,,,,1,,2,Jason Thompson,,,foul,made,,,,
Bobby Brown,Darius Songaila,Hilton Armstrong,James Posey,Marcus Thornton,Beno Udrih,Jason Thompson,Kenny Thomas,Omri Casspi,Sergio Rodriguez,2,9:27,SAC,free throw,,,,,,,2,,2,Jason Thompson,,,foul,made,,,,
Bobby Brown,Darius Songaila,Hilton Armstrong,James Posey,Marcus Thornton,Beno Udrih,Jason Thompson,Kenny Thomas,Omri Casspi,Sergio Rodriguez,2,9:14,NOH,shot,Bobby Brown,,,,,,,,,Marcus Thornton,3,,,made,,3pt,36,29
Bobby Brown,Darius Songaila,Hilton Armstrong,James Posey,Marcus Thornton,Beno Udrih,Jason Thompson,Kenny Thomas,Omri Casspi,Sergio Rodriguez,2,9:02,SAC,shot,,,,,,,,,,Sergio Rodriguez,2,,,made,,jump,21,25
Bobby Brown,Darius Songaila,Hilton Armstrong,James Posey,Marcus Thornton,Beno Udrih,Jason Thompson,Kenny Thomas,Omri Casspi,Sergio Rodriguez,2,8:50,NOH,shot,,,,,,,,,,Marcus Thornton,,,,missed,,3pt,5,21
Bobby Brown,Darius Songaila,Hilton Armstrong,James Posey,Marcus Thornton,Beno Udrih,Jason Thompson,Kenny Thomas,Omri Casspi,Sergio Rodriguez,2,8:49,SAC,rebound,,,,,,,,,,Jason Thompson,,,,,,def,,
Bobby Brown,Darius Songaila,Hilton Armstrong,James Posey,Marcus Thornton,Beno Udrih,Jason Thompson,Kenny Thomas,Omri Casspi,Sergio Rodriguez,2,8:33,SAC,shot,,,,,,,,,,Jason Thompson,,,,missed,,jump,8,13
Bobby Brown,Darius Songaila,Hilton Armstrong,James Posey,Marcus Thornton,Beno Udrih,Jason Thompson,Kenny Thomas,Omri Casspi,Sergio Rodriguez,2,8:32,NOH,rebound,,,,,,,,,,Bobby Brown,,,,,,def,,
Bobby Brown,Darius Songaila,Hilton Armstrong,James Posey,Marcus Thornton,Beno Udrih,Jason Thompson,Kenny Thomas,Omri Casspi,Sergio Rodriguez,2,8:27,NOH,shot,,,,,,,,,,Marcus Thornton,,,,missed,,jump,17,8
Bobby Brown,Darius Songaila,Hilton Armstrong,James Posey,Marcus Thornton,Beno Udrih,Jason Thompson,Kenny Thomas,Omri Casspi,Sergio Rodriguez,2,8:26,SAC,rebound,,,,,,,,,,Jason Thompson,,,,,,def,,
Bobby Brown,Darius Songaila,Hilton Armstrong,James Posey,Marcus Thornton,Beno Udrih,Jason Thompson,Kenny Thomas,Omri Casspi,Sergio Rodriguez,2,8:21,NOH,foul,,,,,,,,Jason Thompson,,James Posey,,,,,,shooting,,
Bobby Brown,Darius Songaila,Hilton Armstrong,James Posey,Marcus Thornton,Beno Udrih,Jason Thompson,Kenny Thomas,Omri Casspi,Sergio Rodriguez,2,8:21,SAC,timeout,,,,,,,,,,,,,,,,official,,
Bobby Brown,Darius Songaila,Hilton Armstrong,Julian Wright,Marcus Thornton,Beno Udrih,Jason Thompson,Kenny Thomas,Omri Casspi,Sergio Rodriguez,2,8:21,NOH,sub,,,,Julian Wright,,James Posey,,,,,,,,,,,,
Bobby Brown,Darius Songaila,Hilton Armstrong,Julian Wright,Marcus Thornton,Beno Udrih,Jason Thompson,Jon Brockman,Omri Casspi,Sergio Rodriguez,2,8:21,SAC,sub,,,,Jon Brockman,,Kenny Thomas,,,,,,,,,,,,
Bobby Brown,Darius Songaila,Hilton Armstrong,Julian Wright,Marcus Thornton,Beno Udrih,Jason Thompson,Jon Brockman,Sergio Rodriguez,Tyreke Evans,2,8:21,SAC,sub,,,,Tyreke Evans,,Omri Casspi,,,,,,,,,,,,
Bobby Brown,Darius Songaila,Hilton Armstrong,Julian Wright,Marcus Thornton,Beno Udrih,Jason Thompson,Jon Brockman,Sergio Rodriguez,Tyreke Evans,2,8:21,SAC,free throw,,,,,,,1,,2,Jason Thompson,,,foul,missed,,,,
Bobby Brown,Darius Songaila,Hilton Armstrong,Julian Wright,Marcus Thornton,Beno Udrih,Jason Thompson,Jon Brockman,Sergio Rodriguez,Tyreke Evans,2,8:21,SAC,rebound,,,,,,,,,,,,,,,,,,
Bobby Brown,Darius Songaila,Hilton Armstrong,Julian Wright,Marcus Thornton,Beno Udrih,Jason Thompson,Jon Brockman,Sergio Rodriguez,Tyreke Evans,2,8:21,SAC,free throw,,,,,,,2,,2,Jason Thompson,,,foul,made,,,,
Bobby Brown,Darius Songaila,Hilton Armstrong,Julian Wright,Marcus Thornton,Beno Udrih,Jason Thompson,Jon Brockman,Sergio Rodriguez,Tyreke Evans,2,8:02,NOH,shot,,,,,,,,,,Marcus Thornton,,,,missed,,layup,25,6
Bobby Brown,Darius Songaila,Hilton Armstrong,Julian Wright,Marcus Thornton,Beno Udrih,Jason Thompson,Jon Brockman,Sergio Rodriguez,Tyreke Evans,2,8:00,NOH,rebound,,,,,,,,,,Hilton Armstrong,,,,,,off,,
Bobby Brown,Darius Songaila,Hilton Armstrong,Julian Wright,Marcus Thornton,Beno Udrih,Jason Thompson,Jon Brockman,Sergio Rodriguez,Tyreke Evans,2,7:59,NOH,shot,,,,,,,,,,Hilton Armstrong,,,,missed,,layup,25,6
Bobby Brown,Darius Songaila,Hilton Armstrong,Julian Wright,Marcus Thornton,Beno Udrih,Jason Thompson,Jon Brockman,Sergio Rodriguez,Tyreke Evans,2,7:58,SAC,rebound,,,,,,,,,,Sergio Rodriguez,,,,,,def,,
Bobby Brown,Darius Songaila,Hilton Armstrong,Julian Wright,Marcus Thornton,Beno Udrih,Jason Thompson,Jon Brockman,Sergio Rodriguez,Tyreke Evans,2,7:48,SAC,shot,Sergio Rodriguez,,,,,,,,,Jason Thompson,2,,,made,,turnaround fade away,35,8
Bobby Brown,Darius Songaila,Hilton Armstrong,Julian Wright,Marcus Thornton,Beno Udrih,Jason Thompson,Jon Brockman,Sergio Rodriguez,Tyreke Evans,2,7:21,NOH,shot,,,,,,,,,,Bobby Brown,,,,missed,,3pt,40,25
Bobby Brown,Darius Songaila,Hilton Armstrong,Julian Wright,Marcus Thornton,Beno Udrih,Jason Thompson,Jon Brockman,Sergio Rodriguez,Tyreke Evans,2,7:20,NOH,rebound,,,,,,,,,,,,,,,,,,
Bobby Brown,Darius Songaila,Hilton Armstrong,Julian Wright,Marcus Thornton,Beno Udrih,Jason Thompson,Jon Brockman,Sergio Rodriguez,Tyreke Evans,2,7:20,SAC,foul,,,,,,,,Marcus Thornton,,Sergio Rodriguez,,,,,,loose ball,,
Bobby Brown,Darius Songaila,Hilton Armstrong,Julian Wright,Marcus Thornton,Beno Udrih,Jason Thompson,Jon Brockman,Sergio Rodriguez,Tyreke Evans,2,7:12,NOH,shot,,,,,,,,,,Julian Wright,,,,missed,,jump,27,20
Bobby Brown,Darius Songaila,Hilton Armstrong,Julian Wright,Marcus Thornton,Beno Udrih,Jason Thompson,Jon Brockman,Sergio Rodriguez,Tyreke Evans,2,7:11,SAC,rebound,,,,,,,,,,Jon Brockman,,,,,,def,,
Bobby Brown,Darius Songaila,Hilton Armstrong,Julian Wright,Marcus Thornton,Beno Udrih,Jason Thompson,Jon Brockman,Sergio Rodriguez,Tyreke Evans,2,6:59,SAC,shot,,,,,,,,,,Tyreke Evans,,,,missed,,jump,6,15
Bobby Brown,Darius Songaila,Hilton Armstrong,Julian Wright,Marcus Thornton,Beno Udrih,Jason Thompson,Jon Brockman,Sergio Rodriguez,Tyreke Evans,2,6:58,NOH,rebound,,,,,,,,,,,,,,,,,,
Bobby Brown,Darius Songaila,Hilton Armstrong,Julian Wright,Marcus Thornton,Beno Udrih,Jason Thompson,Jon Brockman,Sergio Rodriguez,Tyreke Evans,2,6:45,NOH,turnover,,,,,,,,,,Darius Songaila,,,bad pass,,Sergio Rodriguez,,,
Bobby Brown,Darius Songaila,Hilton Armstrong,Julian Wright,Marcus Thornton,Beno Udrih,Jason Thompson,Jon Brockman,Sergio Rodriguez,Tyreke Evans,2,6:42,SAC,shot,,,,,,,,,,Sergio Rodriguez,2,,,made,,layup,25,6
Bobby Brown,Darius Songaila,Hilton Armstrong,Julian Wright,Marcus Thornton,Beno Udrih,Jason Thompson,Jon Brockman,Sergio Rodriguez,Tyreke Evans,2,6:23,NOH,shot,,,,,,,,,,Bobby Brown,2,,,made,,jump,38,18
Bobby Brown,Darius Songaila,Hilton Armstrong,Julian Wright,Marcus Thornton,Beno Udrih,Jason Thompson,Jon Brockman,Sergio Rodriguez,Tyreke Evans,2,5:56,SAC,shot,,,,,,,,,,Sergio Rodriguez,,,,missed,,layup,25,6
Bobby Brown,Darius Songaila,Hilton Armstrong,Julian Wright,Marcus Thornton,Beno Udrih,Jason Thompson,Jon Brockman,Sergio Rodriguez,Tyreke Evans,2,5:56,SAC,rebound,,,,,,,,,,,,,,,,,,
Bobby Brown,Darius Songaila,Hilton Armstrong,Julian Wright,Marcus Thornton,Beno Udrih,Jason Thompson,Jon Brockman,Sergio Rodriguez,Tyreke Evans,2,5:56,SAC,turnover,,,,,,,,,,,,,shot clock turnover,,,,,
Bobby Brown,Darius Songaila,Hilton Armstrong,Julian Wright,Marcus Thornton,Beno Udrih,Jason Thompson,Jon Brockman,Sergio Rodriguez,Tyreke Evans,2,5:56,SAC,timeout,,,,,,,,,,,,,,,,regular,,
Darius Songaila,Darren Collison,Hilton Armstrong,Julian Wright,Marcus Thornton,Beno Udrih,Jason Thompson,Jon Brockman,Sergio Rodriguez,Tyreke Evans,2,5:56,NOH,sub,,,,Darren Collison,,Bobby Brown,,,,,,,,,,,,
Darius Songaila,Darren Collison,David West,Julian Wright,Marcus Thornton,Beno Udrih,Jason Thompson,Jon Brockman,Sergio Rodriguez,Tyreke Evans,2,5:56,NOH,sub,,,,David West,,Hilton Armstrong,,,,,,,,,,,,
Darius Songaila,Darren Collison,David West,Julian Wright,Marcus Thornton,Beno Udrih,Jason Thompson,Jon Brockman,Sergio Rodriguez,Tyreke Evans,2,5:39,NOH,shot,,,,,,,,,,David West,,,,missed,,layup,25,6
Darius Songaila,Darren Collison,David West,Julian Wright,Marcus Thornton,Beno Udrih,Jason Thompson,Jon Brockman,Sergio Rodriguez,Tyreke Evans,2,5:38,SAC,rebound,,,,,,,,,,Jason Thompson,,,,,,def,,
Darius Songaila,Darren Collison,David West,Julian Wright,Marcus Thornton,Beno Udrih,Jason Thompson,Jon Brockman,Sergio Rodriguez,Tyreke Evans,2,5:19,SAC,shot,,,,,,,,,,Sergio Rodriguez,,,,missed,,3pt,2,17
Darius Songaila,Darren Collison,David West,Julian Wright,Marcus Thornton,Beno Udrih,Jason Thompson,Jon Brockman,Sergio Rodriguez,Tyreke Evans,2,5:18,NOH,rebound,,,,,,,,,,Julian Wright,,,,,,def,,
Darius Songaila,Darren Collison,David West,Julian Wright,Marcus Thornton,Beno Udrih,Jason Thompson,Jon Brockman,Sergio Rodriguez,Tyreke Evans,2,5:05,NOH,shot,,,,,,,,,,David West,2,,,made,,layup,25,6
Darius Songaila,Darren Collison,David West,Julian Wright,Marcus Thornton,Beno Udrih,Jason Thompson,Jon Brockman,Sergio Rodriguez,Tyreke Evans,2,4:45,SAC,shot,,,,,,,,,,Sergio Rodriguez,2,,,made,,driving layup,25,6
Darius Songaila,Darren Collison,David West,Julian Wright,Marcus Thornton,Beno Udrih,Jason Thompson,Jon Brockman,Sergio Rodriguez,Tyreke Evans,2,4:29,NOH,shot,,,,,,,,,,Darren Collison,,,,missed,,jump,31,26
Darius Songaila,Darren Collison,David West,Julian Wright,Marcus Thornton,Beno Udrih,Jason Thompson,Jon Brockman,Sergio Rodriguez,Tyreke Evans,2,4:28,SAC,rebound,,,,,,,,,,Jason Thompson,,,,,,def,,
Darius Songaila,Darren Collison,David West,Julian Wright,Marcus Thornton,Beno Udrih,Jason Thompson,Jon Brockman,Sergio Rodriguez,Tyreke Evans,2,4:21,SAC,shot,Sergio Rodriguez,,,,,,,,,Jason Thompson,2,,,made,,layup,25,6
Darius Songaila,Darren Collison,David West,Julian Wright,Marcus Thornton,Beno Udrih,Jason Thompson,Jon Brockman,Sergio Rodriguez,Tyreke Evans,2,4:21,NOH,foul,,,,,,,,Jason Thompson,,Darius Songaila,,,,,,shooting,,
Darius Songaila,Darren Collison,David West,Julian Wright,Marcus Thornton,Beno Udrih,Jason Thompson,Jon Brockman,Sergio Rodriguez,Tyreke Evans,2,4:21,SAC,free throw,,,,,,,1,,1,Jason Thompson,,,foul,made,,,,
Darius Songaila,Darren Collison,David West,Julian Wright,Marcus Thornton,Beno Udrih,Jason Thompson,Jon Brockman,Sergio Rodriguez,Tyreke Evans,2,4:05,NOH,turnover,,,,,,,,,,David West,,,bad pass,,Sergio Rodriguez,,,
Darius Songaila,Darren Collison,David West,Julian Wright,Marcus Thornton,Beno Udrih,Jason Thompson,Jon Brockman,Sergio Rodriguez,Tyreke Evans,2,4:00,SAC,shot,,,,,,,,,,Tyreke Evans,,,,missed,,layup,25,6
Darius Songaila,Darren Collison,David West,Julian Wright,Marcus Thornton,Beno Udrih,Jason Thompson,Jon Brockman,Sergio Rodriguez,Tyreke Evans,2,3:59,SAC,rebound,,,,,,,,,,Jon Brockman,,,,,,off,,
Darius Songaila,Darren Collison,David West,Julian Wright,Marcus Thornton,Beno Udrih,Jason Thompson,Jon Brockman,Sergio Rodriguez,Tyreke Evans,2,3:59,SAC,shot,,,,,,,,,,Jon Brockman,2,,,made,,layup,25,6
Darius Songaila,Darren Collison,David West,Julian Wright,Marcus Thornton,Beno Udrih,Jason Thompson,Jon Brockman,Sergio Rodriguez,Tyreke Evans,2,3:52,NOH,timeout,,,,,,,,,,,,,,,,regular,,
Darius Songaila,Darren Collison,David West,Emeka Okafor,Julian Wright,Beno Udrih,Jason Thompson,Jon Brockman,Sergio Rodriguez,Tyreke Evans,2,3:52,NOH,sub,,,,Emeka Okafor,,Marcus Thornton,,,,,,,,,,,,
Darren Collison,David West,Devin Brown,Emeka Okafor,Julian Wright,Beno Udrih,Jason Thompson,Jon Brockman,Sergio Rodriguez,Tyreke Evans,2,3:52,NOH,sub,,,,Devin Brown,,Darius Songaila,,,,,,,,,,,,
Darren Collison,David West,Devin Brown,Emeka Okafor,James Posey,Beno Udrih,Jason Thompson,Jon Brockman,Sergio Rodriguez,Tyreke Evans,2,3:52,NOH,sub,,,,James Posey,,Julian Wright,,,,,,,,,,,,
Darren Collison,David West,Devin Brown,Emeka Okafor,James Posey,Beno Udrih,Jason Thompson,Kenny Thomas,Sergio Rodriguez,Tyreke Evans,2,3:52,SAC,sub,,,,Kenny Thomas,,Jon Brockman,,,,,,,,,,,,
Darren Collison,David West,Devin Brown,Emeka Okafor,James Posey,Beno Udrih,Jason Thompson,Kenny Thomas,Sergio Rodriguez,Tyreke Evans,2,3:42,NOH,turnover,,,,,,,,,,Devin Brown,,,traveling,,,,,
Darren Collison,David West,Devin Brown,Emeka Okafor,James Posey,Beno Udrih,Jason Thompson,Kenny Thomas,Sergio Rodriguez,Tyreke Evans,2,3:23,SAC,shot,,,,,,,,,,Sergio Rodriguez,,,,missed,,3pt,48,8
Darren Collison,David West,Devin Brown,Emeka Okafor,James Posey,Beno Udrih,Jason Thompson,Kenny Thomas,Sergio Rodriguez,Tyreke Evans,2,3:21,NOH,rebound,,,,,,,,,,David West,,,,,,def,,
Darren Collison,David West,Devin Brown,Emeka Okafor,James Posey,Beno Udrih,Jason Thompson,Kenny Thomas,Sergio Rodriguez,Tyreke Evans,2,3:18,SAC,foul,,,,,,,,Darren Collison,,Beno Udrih,,,,,,shooting,,
Darren Collison,David West,Devin Brown,Emeka Okafor,James Posey,Donte Greene,Jason Thompson,Kenny Thomas,Sergio Rodriguez,Tyreke Evans,2,3:18,SAC,sub,,,,Donte Greene,,Beno Udrih,,,,,,,,,,,,
Darren Collison,David West,Devin Brown,Emeka Okafor,James Posey,Donte Greene,Jason Thompson,Kenny Thomas,Sergio Rodriguez,Tyreke Evans,2,3:18,SAC,timeout,,,,,,,,,,,,,,,,short,,
Darren Collison,David West,Devin Brown,Emeka Okafor,James Posey,Donte Greene,Jason Thompson,Kenny Thomas,Sergio Rodriguez,Tyreke Evans,2,3:18,NOH,free throw,,,,,,,1,,2,Darren Collison,,,foul,made,,,,
Darren Collison,David West,Devin Brown,Emeka Okafor,James Posey,Donte Greene,Jason Thompson,Kenny Thomas,Sergio Rodriguez,Tyreke Evans,2,3:18,NOH,free throw,,,,,,,2,,2,Darren Collison,,,foul,missed,,,,
Darren Collison,David West,Devin Brown,Emeka Okafor,James Posey,Donte Greene,Jason Thompson,Kenny Thomas,Sergio Rodriguez,Tyreke Evans,2,3:17,SAC,rebound,,,,,,,,,,Jason Thompson,,,,,,def,,
Darren Collison,David West,Devin Brown,Emeka Okafor,James Posey,Donte Greene,Jason Thompson,Kenny Thomas,Sergio Rodriguez,Tyreke Evans,2,3:00,SAC,shot,,,,,,,,,,Tyreke Evans,,,,missed,,hook,28,9
Darren Collison,David West,Devin Brown,Emeka Okafor,James Posey,Donte Greene,Jason Thompson,Kenny Thomas,Sergio Rodriguez,Tyreke Evans,2,3:00,NOH,rebound,,,,,,,,,,,,,,,,,,
Darren Collison,David West,Devin Brown,Emeka Okafor,James Posey,Donte Greene,Jason Thompson,Kenny Thomas,Sergio Rodriguez,Tyreke Evans,2,3:00,SAC,foul,,,,,,,,James Posey,,Jason Thompson,,,,,,loose ball,,
Darren Collison,David West,Devin Brown,Emeka Okafor,James Posey,Donte Greene,Jason Thompson,Kenny Thomas,Sergio Rodriguez,Tyreke Evans,2,2:48,NOH,shot,David West,,,,,,,,,Emeka Okafor,2,,,made,,slam dunk,25,6
Darren Collison,David West,Devin Brown,Emeka Okafor,James Posey,Donte Greene,Jason Thompson,Kenny Thomas,Sergio Rodriguez,Tyreke Evans,2,2:34,SAC,shot,Donte Greene,,,,,,,,,Sergio Rodriguez,3,,,made,,3pt,48,9
Darren Collison,David West,Devin Brown,Emeka Okafor,James Posey,Donte Greene,Jason Thompson,Kenny Thomas,Sergio Rodriguez,Tyreke Evans,2,2:12,SAC,foul,,,,,,,,David West,,Kenny Thomas,,,,,,shooting,,
Darren Collison,David West,Devin Brown,Emeka Okafor,James Posey,Donte Greene,Jason Thompson,Kenny Thomas,Sergio Rodriguez,Tyreke Evans,2,2:12,NOH,free throw,,,,,,,1,,2,David West,,,foul,made,,,,
Darren Collison,David West,Devin Brown,Emeka Okafor,James Posey,Andres Nocioni,Donte Greene,Jason Thompson,Sergio Rodriguez,Tyreke Evans,2,2:12,SAC,sub,,,,Andres Nocioni,,Kenny Thomas,,,,,,,,,,,,
Darren Collison,David West,Devin Brown,Emeka Okafor,James Posey,Andres Nocioni,Donte Greene,Jason Thompson,Sergio Rodriguez,Tyreke Evans,2,2:12,NOH,free throw,,,,,,,2,,2,David West,,,foul,made,,,,
Darren Collison,David West,Devin Brown,Emeka Okafor,James Posey,Andres Nocioni,Donte Greene,Jason Thompson,Sergio Rodriguez,Tyreke Evans,2,1:59,SAC,shot,,,,,,,,,,Donte Greene,2,,,made,,jump,15,24
Darren Collison,David West,Devin Brown,Emeka Okafor,James Posey,Andres Nocioni,Donte Greene,Jason Thompson,Sergio Rodriguez,Tyreke Evans,2,1:53,SAC,foul,,,,,,,,Emeka Okafor,,Jason Thompson,,,,,,personal,,
Darren Collison,David West,Devin Brown,Emeka Okafor,James Posey,Andres Nocioni,Donte Greene,Jon Brockman,Sergio Rodriguez,Tyreke Evans,2,1:53,SAC,sub,,,,Jon Brockman,,Jason Thompson,,,,,,,,,,,,
Darren Collison,David West,Devin Brown,Emeka Okafor,James Posey,Andres Nocioni,Donte Greene,Jon Brockman,Sergio Rodriguez,Tyreke Evans,2,1:53,NOH,free throw,,,,,,,1,,2,Emeka Okafor,,,foul,missed,,,,
Darren Collison,David West,Devin Brown,Emeka Okafor,James Posey,Andres Nocioni,Donte Greene,Jon Brockman,Sergio Rodriguez,Tyreke Evans,2,1:53,NOH,rebound,,,,,,,,,,,,,,,,,,
Darren Collison,David West,Devin Brown,Emeka Okafor,James Posey,Andres Nocioni,Donte Greene,Jon Brockman,Sergio Rodriguez,Tyreke Evans,2,1:53,NOH,free throw,,,,,,,2,,2,Emeka Okafor,,,foul,made,,,,
Darren Collison,David West,Devin Brown,Emeka Okafor,James Posey,Andres Nocioni,Donte Greene,Jon Brockman,Sergio Rodriguez,Tyreke Evans,2,1:34,SAC,shot,Sergio Rodriguez,,,,,,,,,Andres Nocioni,3,,,made,,3pt,47,10
Darren Collison,David West,Devin Brown,Emeka Okafor,James Posey,Andres Nocioni,Donte Greene,Jon Brockman,Sergio Rodriguez,Tyreke Evans,2,1:16,NOH,shot,,,,,,,,,,Emeka Okafor,,,,missed,,jump hook,24,14
Darren Collison,David West,Devin Brown,Emeka Okafor,James Posey,Andres Nocioni,Donte Greene,Jon Brockman,Sergio Rodriguez,Tyreke Evans,2,1:15,SAC,rebound,,,,,,,,,,Donte Greene,,,,,,def,,
Darren Collison,David West,Devin Brown,Emeka Okafor,James Posey,Andres Nocioni,Donte Greene,Jon Brockman,Sergio Rodriguez,Tyreke Evans,2,1:08,SAC,shot,,,,,,,,,,Andres Nocioni,,,,missed,,jump,43,20
Darren Collison,David West,Devin Brown,Emeka Okafor,James Posey,Andres Nocioni,Donte Greene,Jon Brockman,Sergio Rodriguez,Tyreke Evans,2,1:07,SAC,rebound,,,,,,,,,,Jon Brockman,,,,,,off,,
Darren Collison,David West,Devin Brown,Emeka Okafor,James Posey,Andres Nocioni,Donte Greene,Jon Brockman,Sergio Rodriguez,Tyreke Evans,2,1:06,SAC,shot,,,,,,,,,,Jon Brockman,2,,,made,,layup,25,6
Darren Collison,David West,Devin Brown,Emeka Okafor,James Posey,Andres Nocioni,Donte Greene,Jon Brockman,Sergio Rodriguez,Tyreke Evans,2,0:44,SAC,foul,,,,,,,,Devin Brown,,Jon Brockman,,,,,,shooting,,
Darren Collison,David West,Devin Brown,Emeka Okafor,James Posey,Andres Nocioni,Donte Greene,Jon Brockman,Sergio Rodriguez,Tyreke Evans,2,0:44,NOH,free throw,,,,,,,1,,2,Devin Brown,,,foul,made,,,,
Darren Collison,David West,Devin Brown,Emeka Okafor,James Posey,Andres Nocioni,Donte Greene,Jon Brockman,Sergio Rodriguez,Tyreke Evans,2,0:44,NOH,free throw,,,,,,,2,,2,Devin Brown,,,foul,made,,,,
Darren Collison,David West,Devin Brown,Emeka Okafor,James Posey,Andres Nocioni,Donte Greene,Jon Brockman,Sergio Rodriguez,Tyreke Evans,2,0:32,SAC,shot,Andres Nocioni,,,,,,,,,Donte Greene,3,,,made,,3pt,5,21
Darren Collison,David West,Devin Brown,Emeka Okafor,James Posey,Andres Nocioni,Donte Greene,Jon Brockman,Sergio Rodriguez,Tyreke Evans,2,0:13,NOH,shot,,,,,,,,,,Darren Collison,2,,,made,,driving layup,25,6
Darren Collison,David West,Devin Brown,Emeka Okafor,James Posey,Andres Nocioni,Donte Greene,Jason Thompson,Kenny Thomas,Tyreke Evans,3,11:37,SAC,shot,,,,,,,,,,Andres Nocioni,,,,missed,,layup,25,6
Darren Collison,David West,Devin Brown,Emeka Okafor,James Posey,Andres Nocioni,Donte Greene,Jason Thompson,Kenny Thomas,Tyreke Evans,3,11:36,NOH,rebound,,,,,,,,,,Emeka Okafor,,,,,,def,,
Darren Collison,David West,Devin Brown,Emeka Okafor,James Posey,Andres Nocioni,Donte Greene,Jason Thompson,Kenny Thomas,Tyreke Evans,3,11:28,SAC,foul,,,,,,,,David West,,Kenny Thomas,,,,,,personal,,
Darren Collison,David West,Devin Brown,Emeka Okafor,James Posey,Andres Nocioni,Donte Greene,Jason Thompson,Kenny Thomas,Tyreke Evans,3,11:18,NOH,shot,,,,,,,,,,Devin Brown,,,,missed,,jump,16,10
Darren Collison,David West,Devin Brown,Emeka Okafor,James Posey,Andres Nocioni,Donte Greene,Jason Thompson,Kenny Thomas,Tyreke Evans,3,11:16,SAC,rebound,,,,,,,,,,Kenny Thomas,,,,,,def,,
Darren Collison,David West,Devin Brown,Emeka Okafor,James Posey,Andres Nocioni,Donte Greene,Jason Thompson,Kenny Thomas,Tyreke Evans,3,11:03,SAC,turnover,,,,,,,,,,Tyreke Evans,,,traveling,,,,,
Darren Collison,David West,Devin Brown,Emeka Okafor,James Posey,Andres Nocioni,Donte Greene,Jason Thompson,Kenny Thomas,Tyreke Evans,3,10:45,NOH,shot,,,,,,,,,,Darren Collison,,,,missed,,jump,27,16
Darren Collison,David West,Devin Brown,Emeka Okafor,James Posey,Andres Nocioni,Donte Greene,Jason Thompson,Kenny Thomas,Tyreke Evans,3,10:43,NOH,rebound,,,,,,,,,,Emeka Okafor,,,,,,off,,
Darren Collison,David West,Devin Brown,Emeka Okafor,James Posey,Andres Nocioni,Donte Greene,Jason Thompson,Kenny Thomas,Tyreke Evans,3,10:43,NOH,shot,,,,,,,,,,Emeka Okafor,2,,,made,,tip,25,6
Darren Collison,David West,Devin Brown,Emeka Okafor,James Posey,Andres Nocioni,Donte Greene,Jason Thompson,Kenny Thomas,Tyreke Evans,3,10:20,SAC,shot,,,,,,,,,,Andres Nocioni,2,,,made,,floating jump,20,12
Darren Collison,David West,Devin Brown,Emeka Okafor,James Posey,Andres Nocioni,Donte Greene,Jason Thompson,Kenny Thomas,Tyreke Evans,3,10:09,NOH,shot,Darren Collison,,,,,,,,,David West,2,,,made,,fade away jumper,9,10
Darren Collison,David West,Devin Brown,Emeka Okafor,James Posey,Andres Nocioni,Donte Greene,Jason Thompson,Kenny Thomas,Tyreke Evans,3,9:55,SAC,turnover,,,,,,,,,,Jason Thompson,,,bad pass,,Darren Collison,,,
Darren Collison,David West,Devin Brown,Emeka Okafor,James Posey,Andres Nocioni,Donte Greene,Jason Thompson,Kenny Thomas,Tyreke Evans,3,9:49,NOH,turnover,,,,,,,,,,Darren Collison,,,bad pass,,Donte Greene,,,
Darren Collison,David West,Devin Brown,Emeka Okafor,James Posey,Andres Nocioni,Donte Greene,Jason Thompson,Kenny Thomas,Tyreke Evans,3,9:41,SAC,shot,,,,,,,,,,Andres Nocioni,,,,missed,,jump,6,7
Darren Collison,David West,Devin Brown,Emeka Okafor,James Posey,Andres Nocioni,Donte Greene,Jason Thompson,Kenny Thomas,Tyreke Evans,3,9:40,SAC,rebound,,,,,,,,,,Jason Thompson,,,,,,off,,
Darren Collison,David West,Devin Brown,Emeka Okafor,James Posey,Andres Nocioni,Donte Greene,Jason Thompson,Kenny Thomas,Tyreke Evans,3,9:40,SAC,shot,,,,,,,,,,Jason Thompson,,,,missed,,layup,25,6
Darren Collison,David West,Devin Brown,Emeka Okafor,James Posey,Andres Nocioni,Donte Greene,Jason Thompson,Kenny Thomas,Tyreke Evans,3,9:39,NOH,rebound,,,,,,,,,,Emeka Okafor,,,,,,def,,
Darren Collison,David West,Devin Brown,Emeka Okafor,James Posey,Andres Nocioni,Donte Greene,Jason Thompson,Kenny Thomas,Tyreke Evans,3,9:29,NOH,shot,,,,,,,,,,Emeka Okafor,2,,,made,,layup,25,6
Darren Collison,David West,Devin Brown,Emeka Okafor,James Posey,Andres Nocioni,Donte Greene,Jason Thompson,Kenny Thomas,Tyreke Evans,3,9:28,SAC,timeout,,,,,,,,,,,,,,,,regular,,
Darren Collison,David West,Devin Brown,Emeka Okafor,James Posey,Andres Nocioni,Donte Greene,Jason Thompson,Kenny Thomas,Tyreke Evans,3,9:05,SAC,turnover,,,,,,,,,,Tyreke Evans,,,poss lost ball turnover,,,,,
Darren Collison,David West,Devin Brown,Emeka Okafor,James Posey,Andres Nocioni,Donte Greene,Jason Thompson,Kenny Thomas,Tyreke Evans,3,9:05,NOH,jump ball,,James Posey,,,Tyreke Evans,,,,,,,Devin Brown,,,,,,
Darren Collison,David West,Devin Brown,Emeka Okafor,James Posey,Andres Nocioni,Donte Greene,Jason Thompson,Kenny Thomas,Tyreke Evans,3,8:59,NOH,shot,Devin Brown,,,,,,,,,Darren Collison,2,,,made,,layup,25,6
Darren Collison,David West,Devin Brown,Emeka Okafor,James Posey,Andres Nocioni,Donte Greene,Jason Thompson,Kenny Thomas,Tyreke Evans,3,8:36,SAC,shot,,,Emeka Okafor,,,,,,,Tyreke Evans,,,,missed,,layup,25,6
Darren Collison,David West,Devin Brown,Emeka Okafor,James Posey,Andres Nocioni,Donte Greene,Jason Thompson,Kenny Thomas,Tyreke Evans,3,8:35,NOH,rebound,,,,,,,,,,Devin Brown,,,,,,def,,
Darren Collison,David West,Devin Brown,Emeka Okafor,James Posey,Andres Nocioni,Donte Greene,Jason Thompson,Kenny Thomas,Tyreke Evans,3,8:33,SAC,foul,,,,,,,,Devin Brown,,Andres Nocioni,,,,,,shooting,,
Darren Collison,David West,Devin Brown,Emeka Okafor,James Posey,Andres Nocioni,Donte Greene,Jason Thompson,Kenny Thomas,Tyreke Evans,3,8:33,NOH,free throw,,,,,,,1,,2,Devin Brown,,,foul,made,,,,
Darren Collison,David West,Devin Brown,Emeka Okafor,James Posey,Donte Greene,Jason Thompson,Kenny Thomas,Omri Casspi,Tyreke Evans,3,8:33,SAC,sub,,,,Omri Casspi,,Andres Nocioni,,,,,,,,,,,,
Darren Collison,David West,Devin Brown,Emeka Okafor,James Posey,Beno Udrih,Jason Thompson,Kenny Thomas,Omri Casspi,Tyreke Evans,3,8:33,SAC,sub,,,,Beno Udrih,,Donte Greene,,,,,,,,,,,,
Darren Collison,David West,Devin Brown,Emeka Okafor,James Posey,Beno Udrih,Jason Thompson,Kenny Thomas,Omri Casspi,Tyreke Evans,3,8:33,NOH,free throw,,,,,,,2,,2,Devin Brown,,,foul,made,,,,
Darren Collison,David West,Devin Brown,Emeka Okafor,James Posey,Beno Udrih,Jason Thompson,Kenny Thomas,Omri Casspi,Tyreke Evans,3,8:17,SAC,shot,,,,,,,,,,Omri Casspi,,,,missed,,jump,39,11
Darren Collison,David West,Devin Brown,Emeka Okafor,James Posey,Beno Udrih,Jason Thompson,Kenny Thomas,Omri Casspi,Tyreke Evans,3,8:16,NOH,rebound,,,,,,,,,,Devin Brown,,,,,,def,,
Darren Collison,David West,Devin Brown,Emeka Okafor,James Posey,Beno Udrih,Jason Thompson,Kenny Thomas,Omri Casspi,Tyreke Evans,3,8:04,NOH,shot,,,,,,,,,,David West,,,,missed,,jump,42,9
Darren Collison,David West,Devin Brown,Emeka Okafor,James Posey,Beno Udrih,Jason Thompson,Kenny Thomas,Omri Casspi,Tyreke Evans,3,8:03,SAC,rebound,,,,,,,,,,Kenny Thomas,,,,,,def,,
Darren Collison,David West,Devin Brown,Emeka Okafor,James Posey,Beno Udrih,Jason Thompson,Kenny Thomas,Omri Casspi,Tyreke Evans,3,7:55,NOH,foul,,,,,,,,Jason Thompson,,Emeka Okafor,,,,,,personal,,
Darren Collison,David West,Devin Brown,Emeka Okafor,James Posey,Beno Udrih,Jason Thompson,Kenny Thomas,Omri Casspi,Tyreke Evans,3,7:45,SAC,shot,Kenny Thomas,,,,,,,,,Omri Casspi,3,,,made,,3pt,48,12
Darren Collison,David West,Devin Brown,Emeka Okafor,James Posey,Beno Udrih,Jason Thompson,Kenny Thomas,Omri Casspi,Tyreke Evans,3,7:34,SAC,foul,,,,,,,,Emeka Okafor,,Omri Casspi,,,,,,shooting,,
Darren Collison,David West,Devin Brown,Emeka Okafor,James Posey,Beno Udrih,Jason Thompson,Kenny Thomas,Omri Casspi,Tyreke Evans,3,7:34,NOH,free throw,,,,,,,1,,2,Emeka Okafor,,,foul,missed,,,,
Darren Collison,David West,Devin Brown,Emeka Okafor,James Posey,Beno Udrih,Jason Thompson,Kenny Thomas,Omri Casspi,Tyreke Evans,3,7:34,NOH,rebound,,,,,,,,,,,,,,,,,,
Darren Collison,David West,Devin Brown,Emeka Okafor,James Posey,Beno Udrih,Jason Thompson,Kenny Thomas,Omri Casspi,Tyreke Evans,3,7:34,NOH,free throw,,,,,,,2,,2,Emeka Okafor,,,foul,made,,,,
Darren Collison,David West,Devin Brown,Emeka Okafor,James Posey,Beno Udrih,Jason Thompson,Kenny Thomas,Omri Casspi,Tyreke Evans,3,7:15,SAC,shot,,,,,,,,,,Tyreke Evans,,,,missed,,jump,42,9
Darren Collison,David West,Devin Brown,Emeka Okafor,James Posey,Beno Udrih,Jason Thompson,Kenny Thomas,Omri Casspi,Tyreke Evans,3,7:14,NOH,rebound,,,,,,,,,,Darren Collison,,,,,,def,,
Darren Collison,David West,Devin Brown,Emeka Okafor,James Posey,Beno Udrih,Jason Thompson,Kenny Thomas,Omri Casspi,Tyreke Evans,3,7:07,NOH,shot,Darren Collison,,,,,,,,,Emeka Okafor,2,,,made,,layup,25,6
Darren Collison,David West,Devin Brown,Emeka Okafor,James Posey,Beno Udrih,Jason Thompson,Kenny Thomas,Omri Casspi,Tyreke Evans,3,6:51,SAC,shot,,,,,,,,,,Beno Udrih,2,,,made,,jump,25,20
Darren Collison,David West,Devin Brown,Emeka Okafor,James Posey,Beno Udrih,Jason Thompson,Kenny Thomas,Omri Casspi,Tyreke Evans,3,6:30,NOH,shot,,,,,,,,,,Darren Collison,,,,missed,,3pt,47,7
Darren Collison,David West,Devin Brown,Emeka Okafor,James Posey,Beno Udrih,Jason Thompson,Kenny Thomas,Omri Casspi,Tyreke Evans,3,6:29,SAC,rebound,,,,,,,,,,Jason Thompson,,,,,,def,,
Darren Collison,David West,Devin Brown,Emeka Okafor,James Posey,Beno Udrih,Jason Thompson,Kenny Thomas,Omri Casspi,Tyreke Evans,3,6:07,SAC,shot,,,,,,,,,,Beno Udrih,3,,,made,,3pt,42,23
Darren Collison,David West,Devin Brown,Emeka Okafor,James Posey,Beno Udrih,Jason Thompson,Kenny Thomas,Omri Casspi,Tyreke Evans,3,5:40,NOH,shot,,,,,,,,,,Devin Brown,,,,missed,,3pt,29,31
Darren Collison,David West,Devin Brown,Emeka Okafor,James Posey,Beno Udrih,Jason Thompson,Kenny Thomas,Omri Casspi,Tyreke Evans,3,5:39,NOH,rebound,,,,,,,,,,Emeka Okafor,,,,,,off,,
Darren Collison,David West,Devin Brown,Emeka Okafor,James Posey,Beno Udrih,Jason Thompson,Kenny Thomas,Omri Casspi,Tyreke Evans,3,5:25,NOH,shot,,,,,,,,,,David West,2,,,made,,layup,25,6
Darren Collison,David West,Devin Brown,Emeka Okafor,James Posey,Beno Udrih,Jason Thompson,Kenny Thomas,Omri Casspi,Tyreke Evans,3,5:11,SAC,shot,,,,,,,,,,Kenny Thomas,,,,missed,,jump hook,24,9
Darren Collison,David West,Devin Brown,Emeka Okafor,James Posey,Beno Udrih,Jason Thompson,Kenny Thomas,Omri Casspi,Tyreke Evans,3,5:09,NOH,rebound,,,,,,,,,,David West,,,,,,def,,
Darren Collison,David West,Devin Brown,Emeka Okafor,James Posey,Beno Udrih,Jason Thompson,Kenny Thomas,Omri Casspi,Tyreke Evans,3,4:59,SAC,foul,,,,,,,,David West,,Kenny Thomas,,,,,,shooting,,
Darren Collison,David West,Devin Brown,Emeka Okafor,James Posey,Andres Nocioni,Beno Udrih,Jason Thompson,Omri Casspi,Tyreke Evans,3,4:59,SAC,sub,,,,Andres Nocioni,,Kenny Thomas,,,,,,,,,,,,
Darren Collison,David West,Devin Brown,Emeka Okafor,James Posey,Andres Nocioni,Beno Udrih,Jason Thompson,Omri Casspi,Tyreke Evans,3,4:59,NOH,free throw,,,,,,,1,,2,David West,,,foul,made,,,,
Darren Collison,David West,Emeka Okafor,James Posey,Marcus Thornton,Andres Nocioni,Beno Udrih,Jason Thompson,Omri Casspi,Tyreke Evans,3,4:59,NOH,sub,,,,Marcus Thornton,,Devin Brown,,,,,,,,,,,,
Darren Collison,David West,Emeka Okafor,James Posey,Marcus Thornton,Andres Nocioni,Beno Udrih,Jason Thompson,Omri Casspi,Tyreke Evans,3,4:59,NOH,free throw,,,,,,,2,,2,David West,,,foul,made,,,,
Darren Collison,David West,Emeka Okafor,James Posey,Marcus Thornton,Andres Nocioni,Beno Udrih,Jason Thompson,Omri Casspi,Tyreke Evans,3,4:47,SAC,shot,,,,,,,,,,Andres Nocioni,,,,missed,,3pt,14,28
Darren Collison,David West,Emeka Okafor,James Posey,Marcus Thornton,Andres Nocioni,Beno Udrih,Jason Thompson,Omri Casspi,Tyreke Evans,3,4:46,NOH,rebound,,,,,,,,,,James Posey,,,,,,def,,
Darren Collison,David West,Emeka Okafor,James Posey,Marcus Thornton,Andres Nocioni,Beno Udrih,Jason Thompson,Omri Casspi,Tyreke Evans,3,4:33,NOH,shot,James Posey,,,,,,,,,David West,2,,,made,,reverse layup,25,6
Darren Collison,David West,Emeka Okafor,James Posey,Marcus Thornton,Andres Nocioni,Beno Udrih,Jason Thompson,Omri Casspi,Tyreke Evans,3,4:16,SAC,shot,,,,,,,,,,Jason Thompson,2,,,made,,jump,23,12
Darren Collison,David West,Emeka Okafor,James Posey,Marcus Thornton,Andres Nocioni,Beno Udrih,Jason Thompson,Omri Casspi,Tyreke Evans,3,4:08,NOH,turnover,,,,,,,,,,Darren Collison,,,bad pass,,Beno Udrih,,,
Darren Collison,David West,Emeka Okafor,James Posey,Marcus Thornton,Andres Nocioni,Beno Udrih,Jason Thompson,Omri Casspi,Tyreke Evans,3,4:04,SAC,shot,,,,,,,,,,Omri Casspi,2,,,made,,layup,25,6
Darren Collison,David West,Emeka Okafor,James Posey,Marcus Thornton,Andres Nocioni,Beno Udrih,Jason Thompson,Omri Casspi,Tyreke Evans,3,3:43,NOH,shot,Darren Collison,,,,,,,,,Emeka Okafor,2,,,made,,dunk,25,6
Darren Collison,David West,Emeka Okafor,James Posey,Marcus Thornton,Andres Nocioni,Beno Udrih,Jason Thompson,Omri Casspi,Tyreke Evans,3,3:24,SAC,shot,Jason Thompson,,,,,,,,,Beno Udrih,2,,,made,,jump,40,16
Darren Collison,David West,Emeka Okafor,James Posey,Marcus Thornton,Andres Nocioni,Beno Udrih,Jason Thompson,Omri Casspi,Tyreke Evans,3,3:07,NOH,shot,,,,,,,,,,Darren Collison,2,,,made,,driving layup,25,6
Darren Collison,David West,Emeka Okafor,James Posey,Marcus Thornton,Andres Nocioni,Beno Udrih,Jason Thompson,Omri Casspi,Tyreke Evans,3,2:55,NOH,foul,,,,,,,,Tyreke Evans,,Emeka Okafor,,,,,,shooting,,
Darren Collison,David West,Emeka Okafor,James Posey,Marcus Thornton,Andres Nocioni,Beno Udrih,Jason Thompson,Omri Casspi,Tyreke Evans,3,2:55,SAC,free throw,,,,,,,1,,2,Tyreke Evans,,,foul,made,,,,
David West,Devin Brown,Emeka Okafor,James Posey,Marcus Thornton,Andres Nocioni,Beno Udrih,Jason Thompson,Omri Casspi,Tyreke Evans,3,2:55,NOH,sub,,,,Devin Brown,,Darren Collison,,,,,,,,,,,,
David West,Devin Brown,Emeka Okafor,James Posey,Marcus Thornton,Andres Nocioni,Beno Udrih,Jason Thompson,Omri Casspi,Tyreke Evans,3,2:55,SAC,free throw,,,,,,,2,,2,Tyreke Evans,,,foul,made,,,,
David West,Devin Brown,Emeka Okafor,James Posey,Marcus Thornton,Andres Nocioni,Beno Udrih,Jason Thompson,Omri Casspi,Tyreke Evans,3,2:40,NOH,shot,,,,,,,,,,Marcus Thornton,,,,missed,,jump,20,12
David West,Devin Brown,Emeka Okafor,James Posey,Marcus Thornton,Andres Nocioni,Beno Udrih,Jason Thompson,Omri Casspi,Tyreke Evans,3,2:38,NOH,rebound,,,,,,,,,,Marcus Thornton,,,,,,off,,
David West,Devin Brown,Emeka Okafor,James Posey,Marcus Thornton,Andres Nocioni,Beno Udrih,Jason Thompson,Omri Casspi,Tyreke Evans,3,2:38,NOH,shot,,,,,,,,,,Marcus Thornton,,,,missed,,tip,25,6
David West,Devin Brown,Emeka Okafor,James Posey,Marcus Thornton,Andres Nocioni,Beno Udrih,Jason Thompson,Omri Casspi,Tyreke Evans,3,2:38,SAC,rebound,,,,,,,,,,Jason Thompson,,,,,,def,,
David West,Devin Brown,Emeka Okafor,James Posey,Marcus Thornton,Andres Nocioni,Beno Udrih,Jason Thompson,Omri Casspi,Tyreke Evans,3,2:21,SAC,shot,,,,,,,,,,Tyreke Evans,2,,,made,,jump,25,27
David West,Devin Brown,Emeka Okafor,James Posey,Marcus Thornton,Andres Nocioni,Beno Udrih,Jason Thompson,Omri Casspi,Tyreke Evans,3,2:02,NOH,shot,James Posey,,,,,,,,,Emeka Okafor,2,,,made,,jump,31,23
David West,Devin Brown,Emeka Okafor,James Posey,Marcus Thornton,Andres Nocioni,Beno Udrih,Jason Thompson,Omri Casspi,Tyreke Evans,3,1:47,SAC,shot,Tyreke Evans,,,,,,,,,Andres Nocioni,3,,,made,,3pt,38,27
David West,Devin Brown,Emeka Okafor,James Posey,Marcus Thornton,Andres Nocioni,Beno Udrih,Jason Thompson,Omri Casspi,Tyreke Evans,3,1:30,NOH,turnover,,,,,,,,,,James Posey,,,bad pass,,Beno Udrih,,,
David West,Devin Brown,Emeka Okafor,James Posey,Marcus Thornton,Andres Nocioni,Beno Udrih,Jason Thompson,Omri Casspi,Tyreke Evans,3,1:26,SAC,shot,Beno Udrih,,,,,,,,,Omri Casspi,2,,,made,,layup,25,6
David West,Devin Brown,Emeka Okafor,James Posey,Marcus Thornton,Andres Nocioni,Beno Udrih,Jason Thompson,Omri Casspi,Tyreke Evans,3,1:01,NOH,shot,,,,,,,,,,Marcus Thornton,,,,missed,,3pt,34,29
David West,Devin Brown,Emeka Okafor,James Posey,Marcus Thornton,Andres Nocioni,Beno Udrih,Jason Thompson,Omri Casspi,Tyreke Evans,3,0:59,SAC,rebound,,,,,,,,,,Andres Nocioni,,,,,,def,,
David West,Devin Brown,Emeka Okafor,James Posey,Marcus Thornton,Andres Nocioni,Beno Udrih,Jason Thompson,Omri Casspi,Tyreke Evans,3,0:50,SAC,shot,,,,,,,,,,Andres Nocioni,,,,missed,,3pt,5,20
David West,Devin Brown,Emeka Okafor,James Posey,Marcus Thornton,Andres Nocioni,Beno Udrih,Jason Thompson,Omri Casspi,Tyreke Evans,3,0:49,NOH,rebound,,,,,,,,,,Devin Brown,,,,,,def,,
David West,Devin Brown,Emeka Okafor,James Posey,Marcus Thornton,Andres Nocioni,Beno Udrih,Jason Thompson,Omri Casspi,Tyreke Evans,3,0:37,NOH,foul,,,,,,,,Andres Nocioni,,David West,,,,,,offensive,,
David West,Devin Brown,Emeka Okafor,James Posey,Marcus Thornton,Andres Nocioni,Beno Udrih,Jason Thompson,Omri Casspi,Tyreke Evans,3,0:37,NOH,turnover,,,,,,,,,,David West,,,foul,,,,,
David West,Devin Brown,Emeka Okafor,James Posey,Marcus Thornton,Andres Nocioni,Beno Udrih,Jason Thompson,Omri Casspi,Tyreke Evans,3,0:29,SAC,foul,,,,,,,,James Posey,,Tyreke Evans,,,,,,offensive,,
David West,Devin Brown,Emeka Okafor,James Posey,Marcus Thornton,Andres Nocioni,Beno Udrih,Jason Thompson,Omri Casspi,Tyreke Evans,3,0:29,SAC,turnover,,,,,,,,,,Tyreke Evans,,,foul,,,,,
David West,Devin Brown,Emeka Okafor,James Posey,Marcus Thornton,Andres Nocioni,Beno Udrih,Jason Thompson,Omri Casspi,Tyreke Evans,3,0:11,NOH,shot,,,,,,,,,,Devin Brown,,,,missed,,jump,21,11
David West,Devin Brown,Emeka Okafor,James Posey,Marcus Thornton,Andres Nocioni,Beno Udrih,Jason Thompson,Omri Casspi,Tyreke Evans,3,0:11,NOH,rebound,,,,,,,,,,Emeka Okafor,,,,,,off,,
David West,Devin Brown,Emeka Okafor,James Posey,Marcus Thornton,Andres Nocioni,Beno Udrih,Jason Thompson,Omri Casspi,Tyreke Evans,3,0:11,NOH,shot,,,,,,,,,,Emeka Okafor,2,,,made,,tip,25,6
David West,Devin Brown,Emeka Okafor,James Posey,Marcus Thornton,Andres Nocioni,Beno Udrih,Jason Thompson,Omri Casspi,Tyreke Evans,3,0:02,SAC,turnover,,,,,,,,,,Beno Udrih,,,bad pass,,Devin Brown,,,
David West,Devin Brown,Emeka Okafor,James Posey,Marcus Thornton,Andres Nocioni,Beno Udrih,Jason Thompson,Omri Casspi,Tyreke Evans,3,0:00,SAC,foul,,,,,,,,Devin Brown,,Tyreke Evans,,,,,,shooting,,
David West,Devin Brown,Emeka Okafor,James Posey,Marcus Thornton,Andres Nocioni,Beno Udrih,Jon Brockman,Omri Casspi,Tyreke Evans,3,0:00,SAC,sub,,,,Jon Brockman,,Jason Thompson,,,,,,,,,,,,
David West,Devin Brown,Emeka Okafor,James Posey,Marcus Thornton,Andres Nocioni,Beno Udrih,Jon Brockman,Omri Casspi,Tyreke Evans,3,0:00,NOH,free throw,,,,,,,1,,2,Devin Brown,,,foul,made,,,,
David West,Devin Brown,Emeka Okafor,James Posey,Marcus Thornton,Beno Udrih,Jon Brockman,Kenny Thomas,Omri Casspi,Tyreke Evans,3,0:00,SAC,sub,,,,Kenny Thomas,,Andres Nocioni,,,,,,,,,,,,
David West,Devin Brown,Emeka Okafor,James Posey,Marcus Thornton,Beno Udrih,Jon Brockman,Kenny Thomas,Omri Casspi,Sergio Rodriguez,3,0:00,SAC,sub,,,,Sergio Rodriguez,,Tyreke Evans,,,,,,,,,,,,
David West,Devin Brown,Emeka Okafor,James Posey,Marcus Thornton,Beno Udrih,Jon Brockman,Kenny Thomas,Omri Casspi,Sergio Rodriguez,3,0:00,NOH,free throw,,,,,,,2,,2,Devin Brown,,,foul,made,,,,
Darius Songaila,David West,Devin Brown,James Posey,Marcus Thornton,Beno Udrih,Jason Thompson,Jon Brockman,Omri Casspi,Sergio Rodriguez,4,11:45,NOH,shot,,,,,,,,,,David West,,,,missed,,step back jump,34,8
Darius Songaila,David West,Devin Brown,James Posey,Marcus Thornton,Beno Udrih,Jason Thompson,Jon Brockman,Omri Casspi,Sergio Rodriguez,4,11:44,SAC,rebound,,,,,,,,,,Omri Casspi,,,,,,def,,
Darius Songaila,David West,Devin Brown,James Posey,Marcus Thornton,Beno Udrih,Jason Thompson,Jon Brockman,Omri Casspi,Sergio Rodriguez,4,11:33,SAC,shot,,,,,,,,,,Sergio Rodriguez,2,,,made,,reverse layup,25,6
Darius Songaila,David West,Devin Brown,James Posey,Marcus Thornton,Beno Udrih,Jason Thompson,Jon Brockman,Omri Casspi,Sergio Rodriguez,4,11:10,NOH,shot,,,,,,,,,,Marcus Thornton,2,,,made,,layup,25,6
Darius Songaila,David West,Devin Brown,James Posey,Marcus Thornton,Beno Udrih,Jason Thompson,Jon Brockman,Omri Casspi,Sergio Rodriguez,4,10:50,SAC,shot,Omri Casspi,,,,,,,,,Jason Thompson,2,,,made,,dunk,25,6
Darius Songaila,David West,Devin Brown,James Posey,Marcus Thornton,Beno Udrih,Jason Thompson,Jon Brockman,Omri Casspi,Sergio Rodriguez,4,10:27,NOH,shot,Marcus Thornton,,,,,,,,,Darius Songaila,2,,,made,,jump,13,23
Darius Songaila,David West,Devin Brown,James Posey,Marcus Thornton,Beno Udrih,Jason Thompson,Jon Brockman,Omri Casspi,Sergio Rodriguez,4,10:12,SAC,turnover,,,,,,,,,,Jon Brockman,,,bad pass,,,,,
Darius Songaila,David West,Devin Brown,James Posey,Marcus Thornton,Beno Udrih,Jason Thompson,Jon Brockman,Omri Casspi,Sergio Rodriguez,4,9:56,NOH,shot,Marcus Thornton,,,,,,,,,James Posey,3,,,made,,3pt,48,9
Darius Songaila,David West,Devin Brown,James Posey,Marcus Thornton,Beno Udrih,Jason Thompson,Jon Brockman,Omri Casspi,Sergio Rodriguez,4,9:34,SAC,shot,,,Devin Brown,,,,,,,Sergio Rodriguez,,,,missed,,driving layup,25,6
Darius Songaila,David West,Devin Brown,James Posey,Marcus Thornton,Beno Udrih,Jason Thompson,Jon Brockman,Omri Casspi,Sergio Rodriguez,4,9:34,NOH,rebound,,,,,,,,,,,,,,,,,,
Darius Songaila,David West,Devin Brown,James Posey,Marcus Thornton,Beno Udrih,Jason Thompson,Jon Brockman,Omri Casspi,Sergio Rodriguez,4,9:23,NOH,shot,,,,,,,,,,Marcus Thornton,,,,missed,,floating jump,23,14
Darius Songaila,David West,Devin Brown,James Posey,Marcus Thornton,Beno Udrih,Jason Thompson,Jon Brockman,Omri Casspi,Sergio Rodriguez,4,9:22,NOH,rebound,,,,,,,,,,,,,,,,,,
Darius Songaila,David West,Devin Brown,James Posey,Marcus Thornton,Beno Udrih,Jason Thompson,Jon Brockman,Omri Casspi,Sergio Rodriguez,4,9:07,NOH,shot,,,,,,,,,,Devin Brown,2,,,made,,fade away jumper,28,12
Darius Songaila,David West,Devin Brown,James Posey,Marcus Thornton,Beno Udrih,Jason Thompson,Jon Brockman,Omri Casspi,Sergio Rodriguez,4,8:42,SAC,shot,Sergio Rodriguez,,,,,,,,,Jason Thompson,2,,,made,,jump hook,26,13
Darius Songaila,David West,Devin Brown,James Posey,Marcus Thornton,Beno Udrih,Jason Thompson,Jon Brockman,Omri Casspi,Sergio Rodriguez,4,8:20,NOH,foul,,,,,,,,Jon Brockman,,Devin Brown,,,,,,offensive,,
Darius Songaila,David West,Devin Brown,James Posey,Marcus Thornton,Beno Udrih,Jason Thompson,Jon Brockman,Omri Casspi,Sergio Rodriguez,4,8:20,NOH,turnover,,,,,,,,,,Devin Brown,,,foul,,,,,
Darius Songaila,David West,Devin Brown,James Posey,Marcus Thornton,Beno Udrih,Jason Thompson,Jon Brockman,Omri Casspi,Sergio Rodriguez,4,8:20,SAC,timeout,,,,,,,,,,,,,,,,official,,
Darius Songaila,David West,Devin Brown,James Posey,Marcus Thornton,Jason Thompson,Jon Brockman,Omri Casspi,Sergio Rodriguez,Tyreke Evans,4,8:20,SAC,sub,,,,Tyreke Evans,,Beno Udrih,,,,,,,,,,,,
Darius Songaila,David West,Devin Brown,James Posey,Marcus Thornton,Jason Thompson,Jon Brockman,Omri Casspi,Sergio Rodriguez,Tyreke Evans,4,8:12,NOH,foul,,,,,,,,Sergio Rodriguez,,David West,,,,,,shooting,,
Darius Songaila,David West,Devin Brown,James Posey,Marcus Thornton,Jason Thompson,Jon Brockman,Omri Casspi,Sergio Rodriguez,Tyreke Evans,4,8:12,SAC,free throw,,,,,,,1,,2,Sergio Rodriguez,,,foul,made,,,,
Darius Songaila,David West,Devin Brown,James Posey,Marcus Thornton,Jason Thompson,Jon Brockman,Omri Casspi,Sergio Rodriguez,Tyreke Evans,4,8:12,SAC,free throw,,,,,,,2,,2,Sergio Rodriguez,,,foul,made,,,,
Darius Songaila,David West,Devin Brown,James Posey,Marcus Thornton,Jason Thompson,Jon Brockman,Omri Casspi,Sergio Rodriguez,Tyreke Evans,4,7:53,NOH,shot,,,,,,,,,,David West,,,,missed,,hook,17,9
Darius Songaila,David West,Devin Brown,James Posey,Marcus Thornton,Jason Thompson,Jon Brockman,Omri Casspi,Sergio Rodriguez,Tyreke Evans,4,7:51,SAC,rebound,,,,,,,,,,Jon Brockman,,,,,,def,,
Darius Songaila,David West,Devin Brown,James Posey,Marcus Thornton,Jason Thompson,Jon Brockman,Omri Casspi,Sergio Rodriguez,Tyreke Evans,4,7:37,SAC,shot,,,,,,,,,,Omri Casspi,2,,,made,,running jump,25,14
Darius Songaila,David West,Devin Brown,James Posey,Marcus Thornton,Jason Thompson,Jon Brockman,Omri Casspi,Sergio Rodriguez,Tyreke Evans,4,7:18,NOH,turnover,,,,,,,,,,Marcus Thornton,,,bad pass,,,,,
Darius Songaila,David West,Devin Brown,James Posey,Marcus Thornton,Jason Thompson,Jon Brockman,Omri Casspi,Sergio Rodriguez,Tyreke Evans,4,6:57,SAC,shot,,,,,,,,,,Tyreke Evans,2,,,made,,pullup jump,9,18
Darius Songaila,David West,Devin Brown,James Posey,Marcus Thornton,Jason Thompson,Jon Brockman,Omri Casspi,Sergio Rodriguez,Tyreke Evans,4,6:56,NOH,timeout,,,,,,,,,,,,,,,,regular,,
Darius Songaila,Darren Collison,David West,James Posey,Marcus Thornton,Jason Thompson,Jon Brockman,Omri Casspi,Sergio Rodriguez,Tyreke Evans,4,6:56,NOH,sub,,,,Darren Collison,,Devin Brown,,,,,,,,,,,,
Darren Collison,David West,Emeka Okafor,James Posey,Marcus Thornton,Jason Thompson,Jon Brockman,Omri Casspi,Sergio Rodriguez,Tyreke Evans,4,6:56,NOH,sub,,,,Emeka Okafor,,Darius Songaila,,,,,,,,,,,,
Darren Collison,David West,Emeka Okafor,James Posey,Marcus Thornton,Jason Thompson,Jon Brockman,Omri Casspi,Sergio Rodriguez,Tyreke Evans,4,6:41,NOH,shot,,,,,,,,,,James Posey,,,,missed,,3pt,22,30
Darren Collison,David West,Emeka Okafor,James Posey,Marcus Thornton,Jason Thompson,Jon Brockman,Omri Casspi,Sergio Rodriguez,Tyreke Evans,4,6:41,SAC,rebound,,,,,,,,,,,,,,,,,,
Darren Collison,David West,Emeka Okafor,James Posey,Marcus Thornton,Jason Thompson,Jon Brockman,Omri Casspi,Sergio Rodriguez,Tyreke Evans,4,6:29,NOH,foul,,,,,,,,Tyreke Evans,,Marcus Thornton,,,,,,personal,,
Darren Collison,David West,Emeka Okafor,James Posey,Marcus Thornton,Jason Thompson,Jon Brockman,Omri Casspi,Sergio Rodriguez,Tyreke Evans,4,6:23,SAC,shot,,,,,,,,,,Tyreke Evans,,,,missed,,pullup jump,11,13
Darren Collison,David West,Emeka Okafor,James Posey,Marcus Thornton,Jason Thompson,Jon Brockman,Omri Casspi,Sergio Rodriguez,Tyreke Evans,4,6:23,NOH,rebound,,,,,,,,,,,,,,,,,,
Darren Collison,David West,Emeka Okafor,James Posey,Marcus Thornton,Jason Thompson,Jon Brockman,Omri Casspi,Sergio Rodriguez,Tyreke Evans,4,6:23,SAC,foul,,,,,,,,Emeka Okafor,,Jon Brockman,,,,,,loose ball,,
Darren Collison,David West,Emeka Okafor,James Posey,Marcus Thornton,Jason Thompson,Jon Brockman,Omri Casspi,Sergio Rodriguez,Tyreke Evans,4,6:04,NOH,shot,,,,,,,,,,Marcus Thornton,,,,missed,,3pt,22,31
Darren Collison,David West,Emeka Okafor,James Posey,Marcus Thornton,Jason Thompson,Jon Brockman,Omri Casspi,Sergio Rodriguez,Tyreke Evans,4,6:03,SAC,rebound,,,,,,,,,,Jon Brockman,,,,,,def,,
Darren Collison,David West,Emeka Okafor,James Posey,Marcus Thornton,Jason Thompson,Jon Brockman,Omri Casspi,Sergio Rodriguez,Tyreke Evans,4,6:03,NOH,foul,,,,,,,,Jon Brockman,,Emeka Okafor,,,,,,personal,,
Darren Collison,David West,Emeka Okafor,James Posey,Marcus Thornton,Jason Thompson,Jon Brockman,Omri Casspi,Sergio Rodriguez,Tyreke Evans,4,5:52,SAC,shot,,,,,,,,,,Jon Brockman,,,,missed,,hook,25,10
Darren Collison,David West,Emeka Okafor,James Posey,Marcus Thornton,Jason Thompson,Jon Brockman,Omri Casspi,Sergio Rodriguez,Tyreke Evans,4,5:51,SAC,rebound,,,,,,,,,,,,,,,,,,
Darren Collison,David West,Emeka Okafor,James Posey,Marcus Thornton,Jason Thompson,Jon Brockman,Omri Casspi,Sergio Rodriguez,Tyreke Evans,4,5:46,SAC,shot,,,,,,,,,,Sergio Rodriguez,2,,,made,,driving layup,25,6
Darren Collison,David West,Emeka Okafor,James Posey,Marcus Thornton,Jason Thompson,Jon Brockman,Omri Casspi,Sergio Rodriguez,Tyreke Evans,4,5:26,NOH,shot,,,,,,,,,,Darren Collison,,,,missed,,jump,25,22
Darren Collison,David West,Emeka Okafor,James Posey,Marcus Thornton,Jason Thompson,Jon Brockman,Omri Casspi,Sergio Rodriguez,Tyreke Evans,4,5:25,SAC,rebound,,,,,,,,,,Jason Thompson,,,,,,def,,
Darren Collison,David West,Emeka Okafor,James Posey,Marcus Thornton,Jason Thompson,Jon Brockman,Omri Casspi,Sergio Rodriguez,Tyreke Evans,4,5:13,SAC,turnover,,,,,,,,,,Jason Thompson,,,traveling,,,,,
Darren Collison,David West,Emeka Okafor,James Posey,Marcus Thornton,Jason Thompson,Jon Brockman,Omri Casspi,Sergio Rodriguez,Tyreke Evans,4,5:03,NOH,shot,,,,,,,,,,David West,2,,,made,,hook,25,6
Darren Collison,David West,Emeka Okafor,James Posey,Marcus Thornton,Jason Thompson,Jon Brockman,Omri Casspi,Sergio Rodriguez,Tyreke Evans,4,4:41,SAC,turnover,,,,,,,,,,Omri Casspi,,,lost ball,,James Posey,,,
Darren Collison,David West,Emeka Okafor,James Posey,Marcus Thornton,Jason Thompson,Jon Brockman,Omri Casspi,Sergio Rodriguez,Tyreke Evans,4,4:37,NOH,shot,James Posey,,,,,,,,,Darren Collison,2,,,made,,layup,25,6
Darren Collison,David West,Emeka Okafor,James Posey,Marcus Thornton,Jason Thompson,Jon Brockman,Omri Casspi,Sergio Rodriguez,Tyreke Evans,4,4:15,SAC,shot,,,,,,,,,,Omri Casspi,,,,missed,,3pt,15,29
Darren Collison,David West,Emeka Okafor,James Posey,Marcus Thornton,Jason Thompson,Jon Brockman,Omri Casspi,Sergio Rodriguez,Tyreke Evans,4,4:14,SAC,rebound,,,,,,,,,,Omri Casspi,,,,,,off,,
Darren Collison,David West,Emeka Okafor,James Posey,Marcus Thornton,Jason Thompson,Jon Brockman,Omri Casspi,Sergio Rodriguez,Tyreke Evans,4,4:10,NOH,foul,,,,,,,,Jon Brockman,,David West,,,,,,shooting,,
Darren Collison,David West,Emeka Okafor,James Posey,Marcus Thornton,Jason Thompson,Jon Brockman,Omri Casspi,Sergio Rodriguez,Tyreke Evans,4,4:10,SAC,free throw,,,,,,,1,,2,Jon Brockman,,,foul,missed,,,,
Darren Collison,David West,Emeka Okafor,James Posey,Marcus Thornton,Jason Thompson,Jon Brockman,Omri Casspi,Sergio Rodriguez,Tyreke Evans,4,4:10,SAC,rebound,,,,,,,,,,,,,,,,,,
Darren Collison,David West,Emeka Okafor,James Posey,Marcus Thornton,Jason Thompson,Jon Brockman,Omri Casspi,Sergio Rodriguez,Tyreke Evans,4,4:10,SAC,free throw,,,,,,,2,,2,Jon Brockman,,,foul,made,,,,
Darren Collison,David West,Emeka Okafor,James Posey,Marcus Thornton,Jason Thompson,Jon Brockman,Omri Casspi,Sergio Rodriguez,Tyreke Evans,4,3:57,NOH,shot,,,,,,,,,,Marcus Thornton,,,,missed,,3pt,35,28
Darren Collison,David West,Emeka Okafor,James Posey,Marcus Thornton,Jason Thompson,Jon Brockman,Omri Casspi,Sergio Rodriguez,Tyreke Evans,4,3:55,SAC,rebound,,,,,,,,,,Omri Casspi,,,,,,def,,
Darren Collison,David West,Emeka Okafor,James Posey,Marcus Thornton,Jason Thompson,Jon Brockman,Omri Casspi,Sergio Rodriguez,Tyreke Evans,4,3:44,SAC,shot,Sergio Rodriguez,,,,,,,,,Omri Casspi,2,,,made,,layup,25,6
Darren Collison,David West,Emeka Okafor,James Posey,Marcus Thornton,Jason Thompson,Jon Brockman,Omri Casspi,Sergio Rodriguez,Tyreke Evans,4,3:26,NOH,turnover,,,,,,,,,,James Posey,,,palming turnover,,,,,
Darren Collison,David West,Emeka Okafor,James Posey,Marcus Thornton,Jason Thompson,Jon Brockman,Omri Casspi,Sergio Rodriguez,Tyreke Evans,4,3:06,SAC,shot,Tyreke Evans,,,,,,,,,Sergio Rodriguez,3,,,made,,3pt,48,9
Darren Collison,David West,Emeka Okafor,James Posey,Marcus Thornton,Jason Thompson,Jon Brockman,Omri Casspi,Sergio Rodriguez,Tyreke Evans,4,3:03,NOH,timeout,,,,,,,,,,,,,,,,regular,,
Bobby Brown,Darren Collison,David West,James Posey,Marcus Thornton,Jason Thompson,Jon Brockman,Omri Casspi,Sergio Rodriguez,Tyreke Evans,4,3:03,NOH,sub,,,,Bobby Brown,,Emeka Okafor,,,,,,,,,,,,
Bobby Brown,Darren Collison,David West,James Posey,Marcus Thornton,Jason Thompson,Jon Brockman,Omri Casspi,Sergio Rodriguez,Tyreke Evans,4,2:54,NOH,shot,,,,,,,,,,Darren Collison,,,,missed,,layup,25,6
Bobby Brown,Darren Collison,David West,James Posey,Marcus Thornton,Jason Thompson,Jon Brockman,Omri Casspi,Sergio Rodriguez,Tyreke Evans,4,2:51,SAC,rebound,,,,,,,,,,Jon Brockman,,,,,,def,,
Bobby Brown,Darren Collison,David West,James Posey,Marcus Thornton,Jason Thompson,Jon Brockman,Omri Casspi,Sergio Rodriguez,Tyreke Evans,4,2:40,SAC,shot,,,,,,,,,,Sergio Rodriguez,2,,,made,,driving reverse layup,25,6
Bobby Brown,Darren Collison,David West,James Posey,Marcus Thornton,Jason Thompson,Jon Brockman,Omri Casspi,Sergio Rodriguez,Tyreke Evans,4,2:27,NOH,shot,Darren Collison,,,,,,,,,Marcus Thornton,2,,,made,,jump,5,12
Bobby Brown,Darren Collison,David West,James Posey,Marcus Thornton,Jason Thompson,Jon Brockman,Omri Casspi,Sergio Rodriguez,Tyreke Evans,4,2:15,SAC,shot,,,,,,,,,,Sergio Rodriguez,,,,missed,,layup,25,6
Bobby Brown,Darren Collison,David West,James Posey,Marcus Thornton,Jason Thompson,Jon Brockman,Omri Casspi,Sergio Rodriguez,Tyreke Evans,4,2:13,SAC,rebound,,,,,,,,,,Jason Thompson,,,,,,off,,
Bobby Brown,Darren Collison,David West,James Posey,Marcus Thornton,Jason Thompson,Jon Brockman,Omri Casspi,Sergio Rodriguez,Tyreke Evans,4,2:13,SAC,shot,,,,,,,,,,Jason Thompson,,,,missed,,tip,25,6
Bobby Brown,Darren Collison,David West,James Posey,Marcus Thornton,Jason Thompson,Jon Brockman,Omri Casspi,Sergio Rodriguez,Tyreke Evans,4,2:12,SAC,rebound,,,,,,,,,,Jon Brockman,,,,,,off,,
Bobby Brown,Darren Collison,David West,James Posey,Marcus Thornton,Jason Thompson,Jon Brockman,Omri Casspi,Sergio Rodriguez,Tyreke Evans,4,2:08,SAC,shot,,,David West,,,,,,,Jason Thompson,,,,missed,,layup,25,6
Bobby Brown,Darren Collison,David West,James Posey,Marcus Thornton,Jason Thompson,Jon Brockman,Omri Casspi,Sergio Rodriguez,Tyreke Evans,4,2:06,SAC,rebound,,,,,,,,,,Jon Brockman,,,,,,off,,
Bobby Brown,Darren Collison,David West,James Posey,Marcus Thornton,Jason Thompson,Jon Brockman,Omri Casspi,Sergio Rodriguez,Tyreke Evans,4,2:04,SAC,turnover,,,,,,,,,,Jon Brockman,,,bad pass,,James Posey,,,
Bobby Brown,Darren Collison,David West,James Posey,Marcus Thornton,Jason Thompson,Jon Brockman,Omri Casspi,Sergio Rodriguez,Tyreke Evans,4,1:57,NOH,shot,,,,,,,,,,Marcus Thornton,,,,missed,,3pt,1,17
Bobby Brown,Darren Collison,David West,James Posey,Marcus Thornton,Jason Thompson,Jon Brockman,Omri Casspi,Sergio Rodriguez,Tyreke Evans,4,1:56,SAC,rebound,,,,,,,,,,Sergio Rodriguez,,,,,,def,,
Bobby Brown,Darren Collison,David West,James Posey,Marcus Thornton,Jason Thompson,Jon Brockman,Omri Casspi,Sergio Rodriguez,Tyreke Evans,4,1:47,NOH,foul,,,,,,,,Omri Casspi,,Bobby Brown,,,,,,shooting,,
Bobby Brown,Darren Collison,David West,James Posey,Marcus Thornton,Beno Udrih,Jason Thompson,Omri Casspi,Sergio Rodriguez,Tyreke Evans,4,1:47,SAC,sub,,,,Beno Udrih,,Jon Brockman,,,,,,,,,,,,
Bobby Brown,Darren Collison,David West,James Posey,Marcus Thornton,Beno Udrih,Jason Thompson,Omri Casspi,Sergio Rodriguez,Tyreke Evans,4,1:47,SAC,free throw,,,,,,,1,,2,Omri Casspi,,,foul,made,,,,
Bobby Brown,Darren Collison,David West,Hilton Armstrong,Marcus Thornton,Beno Udrih,Jason Thompson,Omri Casspi,Sergio Rodriguez,Tyreke Evans,4,1:47,NOH,sub,,,,Hilton Armstrong,,James Posey,,,,,,,,,,,,
Bobby Brown,Darren Collison,Hilton Armstrong,Julian Wright,Marcus Thornton,Beno Udrih,Jason Thompson,Omri Casspi,Sergio Rodriguez,Tyreke Evans,4,1:47,NOH,sub,,,,Julian Wright,,David West,,,,,,,,,,,,
Bobby Brown,Darren Collison,Hilton Armstrong,Julian Wright,Marcus Thornton,Beno Udrih,Jason Thompson,Omri Casspi,Sergio Rodriguez,Tyreke Evans,4,1:47,SAC,free throw,,,,,,,2,,2,Omri Casspi,,,foul,missed,,,,
Bobby Brown,Darren Collison,Hilton Armstrong,Julian Wright,Marcus Thornton,Beno Udrih,Jason Thompson,Omri Casspi,Sergio Rodriguez,Tyreke Evans,4,1:41,NOH,rebound,,,,,,,,,,Bobby Brown,,,,,,def,,
Bobby Brown,Darren Collison,Hilton Armstrong,Julian Wright,Marcus Thornton,Beno Udrih,Jason Thompson,Omri Casspi,Sergio Rodriguez,Tyreke Evans,4,1:40,NOH,shot,,,,,,,,,,Bobby Brown,3,,,made,,3pt,5,22
Bobby Brown,Darren Collison,Hilton Armstrong,Julian Wright,Marcus Thornton,Beno Udrih,Jason Thompson,Omri Casspi,Sergio Rodriguez,Tyreke Evans,4,1:30,NOH,foul,,,,,,,,Sergio Rodriguez,,Hilton Armstrong,,,,,,personal,,
Bobby Brown,Darren Collison,Hilton Armstrong,Julian Wright,Marcus Thornton,Beno Udrih,Jason Thompson,Omri Casspi,Sergio Rodriguez,Tyreke Evans,4,1:30,SAC,free throw,,,,,,,1,,2,Sergio Rodriguez,,,foul,made,,,,
Bobby Brown,Darren Collison,Hilton Armstrong,Julian Wright,Marcus Thornton,Beno Udrih,Jason Thompson,Omri Casspi,Sergio Rodriguez,Tyreke Evans,4,1:30,SAC,free throw,,,,,,,2,,2,Sergio Rodriguez,,,foul,made,,,,
Bobby Brown,Darren Collison,Hilton Armstrong,Julian Wright,Marcus Thornton,Beno Udrih,Jason Thompson,Omri Casspi,Sergio Rodriguez,Tyreke Evans,4,1:24,NOH,shot,,,,,,,,,,Julian Wright,,,,missed,,dunk,25,6
Bobby Brown,Darren Collison,Hilton Armstrong,Julian Wright,Marcus Thornton,Beno Udrih,Jason Thompson,Omri Casspi,Sergio Rodriguez,Tyreke Evans,4,1:21,SAC,rebound,,,,,,,,,,Jason Thompson,,,,,,def,,
Bobby Brown,Darren Collison,Hilton Armstrong,Julian Wright,Marcus Thornton,Beno Udrih,Jason Thompson,Omri Casspi,Sergio Rodriguez,Tyreke Evans,4,1:01,SAC,shot,Tyreke Evans,,,,,,,,,Beno Udrih,3,,,made,,3pt,1,7
Bobby Brown,Darren Collison,Hilton Armstrong,Julian Wright,Marcus Thornton,Beno Udrih,Jason Thompson,Omri Casspi,Sergio Rodriguez,Tyreke Evans,4,0:48,NOH,shot,,,,,,,,,,Bobby Brown,2,,,made,,driving layup,25,6
Bobby Brown,Darren Collison,Hilton Armstrong,Julian Wright,Marcus Thornton,Beno Udrih,Jason Thompson,Omri Casspi,Sergio Rodriguez,Tyreke Evans,4,0:26,SAC,shot,,,,,,,,,,Tyreke Evans,2,,,made,,pullup jump,33,26
Bobby Brown,Darren Collison,Hilton Armstrong,Julian Wright,Marcus Thornton,Beno Udrih,Jason Thompson,Omri Casspi,Sergio Rodriguez,Tyreke Evans,4,0:19,NOH,shot,,,,,,,,,,Bobby Brown,2,,,made,,layup,25,6
