a1,a2,a3,a4,a5,h1,h2,h3,h4,h5,period,time,team,etype,assist,away,block,entered,home,left,num,opponent,outof,player,points,possession,reason,result,steal,type,x,y
Antawn Jamison,Brendan Haywood,Caron Butler,DeShawn Stevenson,Gilbert Arenas,Andres Nocioni,Donte Greene,Jason Thompson,Omri Casspi,Tyreke Evans,1,12:00,OFF,jump ball,,Brendan Haywood,,,Jason Thompson,,,,,,,Antawn Jamison,,,,,,
Antawn Jamison,Brendan Haywood,Caron Butler,DeShawn Stevenson,Gilbert Arenas,Andres Nocioni,Donte Greene,Jason Thompson,Omri Casspi,Tyreke Evans,1,11:41,WAS,shot,,,,,,,,,,Gilbert Arenas,,,,missed,,jump,19,26
Antawn Jamison,Brendan Haywood,Caron Butler,DeShawn Stevenson,Gilbert Arenas,Andres Nocioni,Donte Greene,Jason Thompson,Omri Casspi,Tyreke Evans,1,11:40,WAS,rebound,,,,,,,,,,,,,,,,,,
Antawn Jamison,Brendan Haywood,Caron Butler,DeShawn Stevenson,Gilbert Arenas,Andres Nocioni,Donte Greene,Jason Thompson,Omri Casspi,Tyreke Evans,1,11:38,WAS,shot,,,,,,,,,,DeShawn Stevenson,,,,missed,,jump,9,8
Antawn Jamison,Brendan Haywood,Caron Butler,DeShawn Stevenson,Gilbert Arenas,Andres Nocioni,Donte Greene,Jason Thompson,Omri Casspi,Tyreke Evans,1,11:36,SAC,rebound,,,,,,,,,,Jason Thompson,,,,,,def,,
Antawn Jamison,Brendan Haywood,Caron Butler,DeShawn Stevenson,Gilbert Arenas,Andres Nocioni,Donte Greene,Jason Thompson,Omri Casspi,Tyreke Evans,1,11:14,SAC,shot,,,,,,,,,,Andres Nocioni,2,,,made,,jump,26,21
Antawn Jamison,Brendan Haywood,Caron Butler,DeShawn Stevenson,Gilbert Arenas,Andres Nocioni,Donte Greene,Jason Thompson,Omri Casspi,Tyreke Evans,1,11:02,WAS,shot,,,,,,,,,,Antawn Jamison,,,,missed,,3pt,20,31
Antawn Jamison,Brendan Haywood,Caron Butler,DeShawn Stevenson,Gilbert Arenas,Andres Nocioni,Donte Greene,Jason Thompson,Omri Casspi,Tyreke Evans,1,11:01,SAC,rebound,,,,,,,,,,Tyreke Evans,,,,,,def,,
Antawn Jamison,Brendan Haywood,Caron Butler,DeShawn Stevenson,Gilbert Arenas,Andres Nocioni,Donte Greene,Jason Thompson,Omri Casspi,Tyreke Evans,1,10:57,SAC,shot,,,,,,,,,,Tyreke Evans,2,,,made,,driving layup,25,6
Antawn Jamison,Brendan Haywood,Caron Butler,DeShawn Stevenson,Gilbert Arenas,Andres Nocioni,Donte Greene,Jason Thompson,Omri Casspi,Tyreke Evans,1,10:43,WAS,shot,,,,,,,,,,Gilbert Arenas,,,,missed,,jump,8,14
Antawn Jamison,Brendan Haywood,Caron Butler,DeShawn Stevenson,Gilbert Arenas,Andres Nocioni,Donte Greene,Jason Thompson,Omri Casspi,Tyreke Evans,1,10:42,WAS,rebound,,,,,,,,,,Gilbert Arenas,,,,,,off,,
Antawn Jamison,Brendan Haywood,Caron Butler,DeShawn Stevenson,Gilbert Arenas,Andres Nocioni,Donte Greene,Jason Thompson,Omri Casspi,Tyreke Evans,1,10:39,WAS,shot,Gilbert Arenas,,,,,,,,,Antawn Jamison,2,,,made,,layup,25,6
Antawn Jamison,Brendan Haywood,Caron Butler,DeShawn Stevenson,Gilbert Arenas,Andres Nocioni,Donte Greene,Jason Thompson,Omri Casspi,Tyreke Evans,1,10:25,SAC,shot,,,,,,,,,,Tyreke Evans,,,,missed,,3pt,32,30
Antawn Jamison,Brendan Haywood,Caron Butler,DeShawn Stevenson,Gilbert Arenas,Andres Nocioni,Donte Greene,Jason Thompson,Omri Casspi,Tyreke Evans,1,10:24,WAS,rebound,,,,,,,,,,Brendan Haywood,,,,,,def,,
Antawn Jamison,Brendan Haywood,Caron Butler,DeShawn Stevenson,Gilbert Arenas,Andres Nocioni,Donte Greene,Jason Thompson,Omri Casspi,Tyreke Evans,1,10:09,WAS,shot,,,,,,,,,,Antawn Jamison,,,,missed,,jump,14,8
Antawn Jamison,Brendan Haywood,Caron Butler,DeShawn Stevenson,Gilbert Arenas,Andres Nocioni,Donte Greene,Jason Thompson,Omri Casspi,Tyreke Evans,1,10:08,WAS,rebound,,,,,,,,,,Antawn Jamison,,,,,,off,,
Antawn Jamison,Brendan Haywood,Caron Butler,DeShawn Stevenson,Gilbert Arenas,Andres Nocioni,Donte Greene,Jason Thompson,Omri Casspi,Tyreke Evans,1,10:07,WAS,shot,,,,,,,,,,Antawn Jamison,2,,,made,,layup,25,6
Antawn Jamison,Brendan Haywood,Caron Butler,DeShawn Stevenson,Gilbert Arenas,Andres Nocioni,Donte Greene,Jason Thompson,Omri Casspi,Tyreke Evans,1,9:43,SAC,shot,,,,,,,,,,Tyreke Evans,2,,,made,,layup,27,7
Antawn Jamison,Brendan Haywood,Caron Butler,DeShawn Stevenson,Gilbert Arenas,Andres Nocioni,Donte Greene,Jason Thompson,Omri Casspi,Tyreke Evans,1,9:30,WAS,shot,,,Tyreke Evans,,,,,,,Gilbert Arenas,,,,missed,,layup,25,6
Antawn Jamison,Brendan Haywood,Caron Butler,DeShawn Stevenson,Gilbert Arenas,Andres Nocioni,Donte Greene,Jason Thompson,Omri Casspi,Tyreke Evans,1,9:28,SAC,rebound,,,,,,,,,,Tyreke Evans,,,,,,def,,
Antawn Jamison,Brendan Haywood,Caron Butler,DeShawn Stevenson,Gilbert Arenas,Andres Nocioni,Donte Greene,Jason Thompson,Omri Casspi,Tyreke Evans,1,9:25,SAC,shot,Tyreke Evans,,,,,,,,,Omri Casspi,2,,,made,,layup,25,6
Antawn Jamison,Brendan Haywood,Caron Butler,DeShawn Stevenson,Gilbert Arenas,Andres Nocioni,Donte Greene,Jason Thompson,Omri Casspi,Tyreke Evans,1,9:04,SAC,violation,,,,,,,,,,Andres Nocioni,,,,,,kicked ball,,
Antawn Jamison,Brendan Haywood,Caron Butler,DeShawn Stevenson,Gilbert Arenas,Andres Nocioni,Donte Greene,Jason Thompson,Omri Casspi,Tyreke Evans,1,9:00,WAS,shot,,,,,,,,,,Brendan Haywood,,,,missed,,jump,19,22
Antawn Jamison,Brendan Haywood,Caron Butler,DeShawn Stevenson,Gilbert Arenas,Andres Nocioni,Donte Greene,Jason Thompson,Omri Casspi,Tyreke Evans,1,8:59,SAC,rebound,,,,,,,,,,Omri Casspi,,,,,,def,,
Antawn Jamison,Brendan Haywood,Caron Butler,DeShawn Stevenson,Gilbert Arenas,Andres Nocioni,Donte Greene,Jason Thompson,Omri Casspi,Tyreke Evans,1,8:49,SAC,shot,,,,,,,,,,Tyreke Evans,,,,missed,,jump,27,24
Antawn Jamison,Brendan Haywood,Caron Butler,DeShawn Stevenson,Gilbert Arenas,Andres Nocioni,Donte Greene,Jason Thompson,Omri Casspi,Tyreke Evans,1,8:48,WAS,rebound,,,,,,,,,,Brendan Haywood,,,,,,def,,
Antawn Jamison,Brendan Haywood,Caron Butler,DeShawn Stevenson,Gilbert Arenas,Andres Nocioni,Donte Greene,Jason Thompson,Omri Casspi,Tyreke Evans,1,8:38,WAS,shot,,,,,,,,,,Caron Butler,,,,missed,,jump,33,25
Antawn Jamison,Brendan Haywood,Caron Butler,DeShawn Stevenson,Gilbert Arenas,Andres Nocioni,Donte Greene,Jason Thompson,Omri Casspi,Tyreke Evans,1,8:37,WAS,rebound,,,,,,,,,,Antawn Jamison,,,,,,off,,
Antawn Jamison,Brendan Haywood,Caron Butler,DeShawn Stevenson,Gilbert Arenas,Andres Nocioni,Donte Greene,Jason Thompson,Omri Casspi,Tyreke Evans,1,8:34,WAS,shot,,,,,,,,,,Antawn Jamison,2,,,made,,jump hook,20,11
Antawn Jamison,Brendan Haywood,Caron Butler,DeShawn Stevenson,Gilbert Arenas,Andres Nocioni,Donte Greene,Jason Thompson,Omri Casspi,Tyreke Evans,1,8:16,SAC,shot,,,,,,,,,,Omri Casspi,,,,missed,,turnaround jump,34,10
Antawn Jamison,Brendan Haywood,Caron Butler,DeShawn Stevenson,Gilbert Arenas,Andres Nocioni,Donte Greene,Jason Thompson,Omri Casspi,Tyreke Evans,1,8:15,WAS,rebound,,,,,,,,,,Brendan Haywood,,,,,,def,,
Antawn Jamison,Brendan Haywood,Caron Butler,DeShawn Stevenson,Gilbert Arenas,Andres Nocioni,Donte Greene,Jason Thompson,Omri Casspi,Tyreke Evans,1,8:10,WAS,shot,,,,,,,,,,Caron Butler,2,,,made,,driving layup,25,6
Antawn Jamison,Brendan Haywood,Caron Butler,DeShawn Stevenson,Gilbert Arenas,Andres Nocioni,Donte Greene,Jason Thompson,Omri Casspi,Tyreke Evans,1,7:48,SAC,shot,,,,,,,,,,Jason Thompson,,,,missed,,jump,29,13
Antawn Jamison,Brendan Haywood,Caron Butler,DeShawn Stevenson,Gilbert Arenas,Andres Nocioni,Donte Greene,Jason Thompson,Omri Casspi,Tyreke Evans,1,7:47,SAC,rebound,,,,,,,,,,Omri Casspi,,,,,,off,,
Antawn Jamison,Brendan Haywood,Caron Butler,DeShawn Stevenson,Gilbert Arenas,Andres Nocioni,Donte Greene,Jason Thompson,Omri Casspi,Tyreke Evans,1,7:45,SAC,shot,,,,,,,,,,Omri Casspi,2,,,made,,layup,25,6
Antawn Jamison,Brendan Haywood,Caron Butler,DeShawn Stevenson,Gilbert Arenas,Andres Nocioni,Donte Greene,Jason Thompson,Omri Casspi,Tyreke Evans,1,7:27,SAC,foul,,,,,,,,Caron Butler,,Donte Greene,,,,,,personal,,
Antawn Jamison,Brendan Haywood,Caron Butler,DeShawn Stevenson,Gilbert Arenas,Andres Nocioni,Donte Greene,Jason Thompson,Omri Casspi,Tyreke Evans,1,7:23,SAC,foul,,,,,,,,DeShawn Stevenson,,Jason Thompson,,,,,,shooting,,
Antawn Jamison,Brendan Haywood,Caron Butler,DeShawn Stevenson,Gilbert Arenas,Andres Nocioni,Donte Greene,Jason Thompson,Omri Casspi,Tyreke Evans,1,7:23,WAS,free throw,,,,,,,1,,2,DeShawn Stevenson,,,foul,made,,,,
Antawn Jamison,Brendan Haywood,Caron Butler,DeShawn Stevenson,Gilbert Arenas,Andres Nocioni,Donte Greene,Jason Thompson,Omri Casspi,Tyreke Evans,1,7:23,WAS,free throw,,,,,,,2,,2,DeShawn Stevenson,,,foul,made,,,,
Antawn Jamison,Brendan Haywood,Caron Butler,DeShawn Stevenson,Gilbert Arenas,Andres Nocioni,Donte Greene,Jason Thompson,Omri Casspi,Tyreke Evans,1,7:11,SAC,shot,Tyreke Evans,,,,,,,,,Andres Nocioni,2,,,made,,jump,15,6
Antawn Jamison,Brendan Haywood,Caron Butler,DeShawn Stevenson,Gilbert Arenas,Andres Nocioni,Donte Greene,Jason Thompson,Omri Casspi,Tyreke Evans,1,6:56,WAS,shot,Gilbert Arenas,,,,,,,,,Antawn Jamison,2,,,made,,jump bank,35,10
Antawn Jamison,Brendan Haywood,Caron Butler,DeShawn Stevenson,Gilbert Arenas,Andres Nocioni,Donte Greene,Jason Thompson,Omri Casspi,Tyreke Evans,1,6:42,WAS,foul,,,,,,,,Tyreke Evans,,Brendan Haywood,,,,,,shooting,,
Antawn Jamison,Brendan Haywood,Caron Butler,DeShawn Stevenson,Gilbert Arenas,Donte Greene,Jason Thompson,Kenny Thomas,Omri Casspi,Tyreke Evans,1,6:42,SAC,sub,,,,Kenny Thomas,,Andres Nocioni,,,,,,,,,,,,
Antawn Jamison,Brendan Haywood,Caron Butler,DeShawn Stevenson,Gilbert Arenas,Donte Greene,Jason Thompson,Kenny Thomas,Omri Casspi,Tyreke Evans,1,6:42,SAC,free throw,,,,,,,1,,2,Tyreke Evans,,,foul,made,,,,
Antawn Jamison,Brendan Haywood,Caron Butler,DeShawn Stevenson,Gilbert Arenas,Donte Greene,Jason Thompson,Kenny Thomas,Omri Casspi,Tyreke Evans,1,6:42,SAC,free throw,,,,,,,2,,2,Tyreke Evans,,,foul,missed,,,,
Antawn Jamison,Brendan Haywood,Caron Butler,DeShawn Stevenson,Gilbert Arenas,Donte Greene,Jason Thompson,Kenny Thomas,Omri Casspi,Tyreke Evans,1,6:40,WAS,rebound,,,,,,,,,,Brendan Haywood,,,,,,def,,
Antawn Jamison,Brendan Haywood,Caron Butler,DeShawn Stevenson,Gilbert Arenas,Donte Greene,Jason Thompson,Kenny Thomas,Omri Casspi,Tyreke Evans,1,6:24,WAS,shot,,,,,,,,,,Antawn Jamison,2,,,made,,running jump,27,14
Antawn Jamison,Brendan Haywood,Caron Butler,DeShawn Stevenson,Gilbert Arenas,Donte Greene,Jason Thompson,Kenny Thomas,Omri Casspi,Tyreke Evans,1,6:07,WAS,foul,,,,,,,,Omri Casspi,,Antawn Jamison,,,,,,shooting,,
Antawn Jamison,Brendan Haywood,Caron Butler,DeShawn Stevenson,Gilbert Arenas,Donte Greene,Jason Thompson,Kenny Thomas,Omri Casspi,Tyreke Evans,1,6:07,SAC,free throw,,,,,,,1,,2,Omri Casspi,,,foul,made,,,,
Antawn Jamison,Brendan Haywood,Caron Butler,DeShawn Stevenson,Gilbert Arenas,Donte Greene,Jason Thompson,Kenny Thomas,Omri Casspi,Tyreke Evans,1,6:07,SAC,free throw,,,,,,,2,,2,Omri Casspi,,,foul,made,,,,
Antawn Jamison,Brendan Haywood,Caron Butler,DeShawn Stevenson,Gilbert Arenas,Donte Greene,Jason Thompson,Kenny Thomas,Omri Casspi,Tyreke Evans,1,6:02,SAC,foul,,,,,,,,Gilbert Arenas,,Omri Casspi,,,,,,shooting,,
Antawn Jamison,Brendan Haywood,Caron Butler,DeShawn Stevenson,Gilbert Arenas,Donte Greene,Jason Thompson,Kenny Thomas,Omri Casspi,Tyreke Evans,1,6:02,WAS,free throw,,,,,,,1,,2,Gilbert Arenas,,,foul,made,,,,
Antawn Jamison,Brendan Haywood,Caron Butler,DeShawn Stevenson,Gilbert Arenas,Donte Greene,Jason Thompson,Kenny Thomas,Omri Casspi,Tyreke Evans,1,6:02,WAS,free throw,,,,,,,2,,2,Gilbert Arenas,,,foul,missed,,,,
Antawn Jamison,Brendan Haywood,Caron Butler,DeShawn Stevenson,Gilbert Arenas,Donte Greene,Jason Thompson,Kenny Thomas,Omri Casspi,Tyreke Evans,1,6:01,WAS,rebound,,,,,,,,,,Brendan Haywood,,,,,,off,,
Antawn Jamison,Brendan Haywood,Caron Butler,DeShawn Stevenson,Gilbert Arenas,Donte Greene,Jason Thompson,Kenny Thomas,Omri Casspi,Tyreke Evans,1,5:51,SAC,foul,,,,,,,,Gilbert Arenas,,Donte Greene,,,,,,shooting,,
Antawn Jamison,Brendan Haywood,Caron Butler,DeShawn Stevenson,Gilbert Arenas,Donte Greene,Jason Thompson,Kenny Thomas,Omri Casspi,Tyreke Evans,1,5:51,SAC,timeout,,,,,,,,,,,,,,,,regular,,
Antawn Jamison,Brendan Haywood,Caron Butler,DeShawn Stevenson,Gilbert Arenas,Ime Udoka,Jason Thompson,Kenny Thomas,Omri Casspi,Tyreke Evans,1,5:51,SAC,sub,,,,Ime Udoka,,Donte Greene,,,,,,,,,,,,
Antawn Jamison,Brendan Haywood,Caron Butler,DeShawn Stevenson,Gilbert Arenas,Ime Udoka,Jason Thompson,Kenny Thomas,Omri Casspi,Tyreke Evans,1,5:51,WAS,free throw,,,,,,,1,,2,Gilbert Arenas,,,foul,made,,,,
Antawn Jamison,Brendan Haywood,Caron Butler,DeShawn Stevenson,Gilbert Arenas,Ime Udoka,Jason Thompson,Kenny Thomas,Omri Casspi,Tyreke Evans,1,5:51,WAS,free throw,,,,,,,2,,2,Gilbert Arenas,,,foul,made,,,,
Antawn Jamison,Brendan Haywood,Caron Butler,DeShawn Stevenson,Gilbert Arenas,Ime Udoka,Jason Thompson,Kenny Thomas,Omri Casspi,Tyreke Evans,1,5:31,SAC,shot,,,,,,,,,,Jason Thompson,2,,,made,,turnaround jump,17,11
Antawn Jamison,Brendan Haywood,Caron Butler,DeShawn Stevenson,Gilbert Arenas,Ime Udoka,Jason Thompson,Kenny Thomas,Omri Casspi,Tyreke Evans,1,5:06,WAS,shot,,,,,,,,,,Caron Butler,,,,missed,,jump,10,10
Antawn Jamison,Brendan Haywood,Caron Butler,DeShawn Stevenson,Gilbert Arenas,Ime Udoka,Jason Thompson,Kenny Thomas,Omri Casspi,Tyreke Evans,1,5:04,SAC,rebound,,,,,,,,,,Tyreke Evans,,,,,,def,,
Antawn Jamison,Brendan Haywood,Caron Butler,DeShawn Stevenson,Gilbert Arenas,Ime Udoka,Jason Thompson,Kenny Thomas,Omri Casspi,Tyreke Evans,1,4:51,SAC,shot,,,,,,,,,,Omri Casspi,3,,,made,,3pt,36,28
Antawn Jamison,Brendan Haywood,Caron Butler,DeShawn Stevenson,Gilbert Arenas,Ime Udoka,Jason Thompson,Kenny Thomas,Omri Casspi,Tyreke Evans,1,4:35,WAS,shot,,,,,,,,,,DeShawn Stevenson,,,,missed,,driving layup,25,6
Antawn Jamison,Brendan Haywood,Caron Butler,DeShawn Stevenson,Gilbert Arenas,Ime Udoka,Jason Thompson,Kenny Thomas,Omri Casspi,Tyreke Evans,1,4:33,SAC,rebound,,,,,,,,,,Ime Udoka,,,,,,def,,
Antawn Jamison,Brendan Haywood,Caron Butler,DeShawn Stevenson,Gilbert Arenas,Ime Udoka,Jason Thompson,Kenny Thomas,Omri Casspi,Tyreke Evans,1,4:29,SAC,turnover,,,,,,,,,,Tyreke Evans,,,bad pass,,DeShawn Stevenson,,,
Antawn Jamison,Brendan Haywood,Caron Butler,DeShawn Stevenson,Gilbert Arenas,Ime Udoka,Jason Thompson,Kenny Thomas,Omri Casspi,Tyreke Evans,1,4:28,WAS,turnover,,,,,,,,,,DeShawn Stevenson,,,bad pass,,Kenny Thomas,,,
Antawn Jamison,Brendan Haywood,Caron Butler,DeShawn Stevenson,Gilbert Arenas,Ime Udoka,Jason Thompson,Kenny Thomas,Omri Casspi,Tyreke Evans,1,4:23,SAC,shot,,,,,,,,,,Omri Casspi,,,,missed,,layup,25,6
Antawn Jamison,Brendan Haywood,Caron Butler,DeShawn Stevenson,Gilbert Arenas,Ime Udoka,Jason Thompson,Kenny Thomas,Omri Casspi,Tyreke Evans,1,4:22,SAC,rebound,,,,,,,,,,Jason Thompson,,,,,,off,,
Antawn Jamison,Brendan Haywood,Caron Butler,DeShawn Stevenson,Gilbert Arenas,Ime Udoka,Jason Thompson,Kenny Thomas,Omri Casspi,Tyreke Evans,1,4:20,SAC,shot,,,Brendan Haywood,,,,,,,Jason Thompson,,,,missed,,layup,25,6
Antawn Jamison,Brendan Haywood,Caron Butler,DeShawn Stevenson,Gilbert Arenas,Ime Udoka,Jason Thompson,Kenny Thomas,Omri Casspi,Tyreke Evans,1,4:18,WAS,rebound,,,,,,,,,,Brendan Haywood,,,,,,def,,
Antawn Jamison,Brendan Haywood,Caron Butler,DeShawn Stevenson,Gilbert Arenas,Ime Udoka,Jason Thompson,Kenny Thomas,Omri Casspi,Tyreke Evans,1,4:11,WAS,shot,Brendan Haywood,,,,,,,,,Antawn Jamison,2,,,made,,driving layup,25,6
Antawn Jamison,Brendan Haywood,Caron Butler,DeShawn Stevenson,Gilbert Arenas,Ime Udoka,Jason Thompson,Kenny Thomas,Omri Casspi,Tyreke Evans,1,3:43,SAC,shot,,,,,,,,,,Tyreke Evans,2,,,made,,jump,26,11
Antawn Jamison,Brendan Haywood,Caron Butler,DeShawn Stevenson,Gilbert Arenas,Ime Udoka,Jason Thompson,Kenny Thomas,Omri Casspi,Tyreke Evans,1,3:31,WAS,shot,,,,,,,,,,Gilbert Arenas,,,,missed,,3pt,35,28
Antawn Jamison,Brendan Haywood,Caron Butler,DeShawn Stevenson,Gilbert Arenas,Ime Udoka,Jason Thompson,Kenny Thomas,Omri Casspi,Tyreke Evans,1,3:30,SAC,rebound,,,,,,,,,,Kenny Thomas,,,,,,def,,
Antawn Jamison,Brendan Haywood,Caron Butler,DeShawn Stevenson,Gilbert Arenas,Ime Udoka,Jason Thompson,Kenny Thomas,Omri Casspi,Tyreke Evans,1,3:26,SAC,shot,Kenny Thomas,,,,,,,,,Jason Thompson,2,,,made,,layup,25,6
Antawn Jamison,Brendan Haywood,Caron Butler,DeShawn Stevenson,Gilbert Arenas,Ime Udoka,Jason Thompson,Kenny Thomas,Omri Casspi,Tyreke Evans,1,3:18,WAS,timeout,,,,,,,,,,,,,,,,regular,,
Antawn Jamison,Brendan Haywood,Caron Butler,Gilbert Arenas,Nick Young,Ime Udoka,Jason Thompson,Kenny Thomas,Omri Casspi,Tyreke Evans,1,3:18,WAS,sub,,,,Nick Young,,DeShawn Stevenson,,,,,,,,,,,,
Antawn Jamison,Brendan Haywood,Caron Butler,Gilbert Arenas,Nick Young,Beno Udrih,Ime Udoka,Jason Thompson,Kenny Thomas,Omri Casspi,1,3:18,SAC,sub,,,,Beno Udrih,,Tyreke Evans,,,,,,,,,,,,
Antawn Jamison,Brendan Haywood,Caron Butler,Gilbert Arenas,Nick Young,Beno Udrih,Ime Udoka,Jason Thompson,Kenny Thomas,Omri Casspi,1,3:10,WAS,shot,,,,,,,,,,Antawn Jamison,2,,,made,,running hook,25,6
Antawn Jamison,Brendan Haywood,Caron Butler,Gilbert Arenas,Nick Young,Beno Udrih,Ime Udoka,Jason Thompson,Kenny Thomas,Omri Casspi,1,2:51,SAC,shot,Kenny Thomas,,,,,,,,,Ime Udoka,2,,,made,,jump,20,9
Antawn Jamison,Brendan Haywood,Caron Butler,Gilbert Arenas,Nick Young,Beno Udrih,Ime Udoka,Jason Thompson,Kenny Thomas,Omri Casspi,1,2:47,SAC,foul,,,,,,,,Gilbert Arenas,,Beno Udrih,,,,,,personal,,
Antawn Jamison,Brendan Haywood,Caron Butler,Gilbert Arenas,Nick Young,Beno Udrih,Ime Udoka,Jason Thompson,Kenny Thomas,Omri Casspi,1,2:47,WAS,free throw,,,,,,,1,,2,Gilbert Arenas,,,foul,made,,,,
Antawn Jamison,Brendan Haywood,Caron Butler,Gilbert Arenas,Nick Young,Beno Udrih,Ime Udoka,Jason Thompson,Kenny Thomas,Omri Casspi,1,2:47,WAS,free throw,,,,,,,2,,2,Gilbert Arenas,,,foul,made,,,,
Antawn Jamison,Brendan Haywood,Caron Butler,Gilbert Arenas,Nick Young,Beno Udrih,Ime Udoka,Jason Thompson,Kenny Thomas,Omri Casspi,1,2:34,SAC,shot,Kenny Thomas,,,,,,,,,Jason Thompson,2,,,made,,jump,14,21
Antawn Jamison,Brendan Haywood,Caron Butler,Gilbert Arenas,Nick Young,Beno Udrih,Ime Udoka,Jason Thompson,Kenny Thomas,Omri Casspi,1,2:34,WAS,foul,,,,,,,,Omri Casspi,,Nick Young,,,,,,away from play,,
Antawn Jamison,Brendan Haywood,Caron Butler,Gilbert Arenas,Nick Young,Beno Udrih,Ime Udoka,Jason Thompson,Kenny Thomas,Omri Casspi,1,2:34,SAC,free throw,,,,,,,1,,1,Omri Casspi,,,foul,missed,,,,
Antawn Jamison,Brendan Haywood,Caron Butler,Gilbert Arenas,Nick Young,Beno Udrih,Ime Udoka,Jason Thompson,Kenny Thomas,Omri Casspi,1,2:33,WAS,rebound,,,,,,,,,,Caron Butler,,,,,,def,,
Antawn Jamison,Brendan Haywood,Caron Butler,Gilbert Arenas,Nick Young,Beno Udrih,Ime Udoka,Jason Thompson,Kenny Thomas,Omri Casspi,1,2:09,WAS,shot,,,,,,,,,,Nick Young,,,,missed,,jump,14,13
Antawn Jamison,Brendan Haywood,Caron Butler,Gilbert Arenas,Nick Young,Beno Udrih,Ime Udoka,Jason Thompson,Kenny Thomas,Omri Casspi,1,2:08,SAC,rebound,,,,,,,,,,Omri Casspi,,,,,,def,,
Antawn Jamison,Brendan Haywood,Caron Butler,Gilbert Arenas,Nick Young,Beno Udrih,Ime Udoka,Jason Thompson,Kenny Thomas,Omri Casspi,1,2:02,SAC,shot,Beno Udrih,,,,,,,,,Ime Udoka,2,,,made,,jump,42,7
Antawn Jamison,Brendan Haywood,Caron Butler,Gilbert Arenas,Nick Young,Beno Udrih,Ime Udoka,Jason Thompson,Kenny Thomas,Omri Casspi,1,1:49,WAS,shot,Gilbert Arenas,,,,,,,,,Nick Young,3,,,made,,3pt,48,7
Antawn Jamison,Brendan Haywood,Caron Butler,Gilbert Arenas,Nick Young,Beno Udrih,Ime Udoka,Jason Thompson,Kenny Thomas,Omri Casspi,1,1:29,SAC,shot,Omri Casspi,,,,,,,,,Ime Udoka,2,,,made,,jump,40,11
Antawn Jamison,Brendan Haywood,Caron Butler,Gilbert Arenas,Nick Young,Beno Udrih,Ime Udoka,Jason Thompson,Kenny Thomas,Omri Casspi,1,1:03,WAS,shot,,,,,,,,,,Antawn Jamison,,,,missed,,3pt,16,30
Antawn Jamison,Brendan Haywood,Caron Butler,Gilbert Arenas,Nick Young,Beno Udrih,Ime Udoka,Jason Thompson,Kenny Thomas,Omri Casspi,1,1:02,WAS,rebound,,,,,,,,,,Brendan Haywood,,,,,,off,,
Antawn Jamison,Brendan Haywood,Caron Butler,Gilbert Arenas,Nick Young,Beno Udrih,Ime Udoka,Jason Thompson,Kenny Thomas,Omri Casspi,1,1:01,WAS,shot,,,,,,,,,,Brendan Haywood,2,,,made,,slam dunk,25,6
Antawn Jamison,Brendan Haywood,Caron Butler,Gilbert Arenas,Nick Young,Beno Udrih,Ime Udoka,Jason Thompson,Kenny Thomas,Omri Casspi,1,0:44,WAS,foul,,,,,,,,Jason Thompson,,Brendan Haywood,,,,,,shooting,,
Antawn Jamison,Brendan Haywood,Caron Butler,Gilbert Arenas,Nick Young,Beno Udrih,Ime Udoka,Jason Thompson,Kenny Thomas,Omri Casspi,1,0:44,SAC,free throw,,,,,,,1,,2,Jason Thompson,,,foul,made,,,,
Andray Blatche,Antawn Jamison,Caron Butler,Gilbert Arenas,Nick Young,Beno Udrih,Ime Udoka,Jason Thompson,Kenny Thomas,Omri Casspi,1,0:44,WAS,sub,,,,Andray Blatche,,Brendan Haywood,,,,,,,,,,,,
Andray Blatche,Antawn Jamison,Caron Butler,Gilbert Arenas,Nick Young,Beno Udrih,Ime Udoka,Jason Thompson,Kenny Thomas,Omri Casspi,1,0:44,SAC,free throw,,,,,,,2,,2,Jason Thompson,,,foul,made,,,,
Andray Blatche,Antawn Jamison,Caron Butler,Gilbert Arenas,Nick Young,Beno Udrih,Ime Udoka,Jason Thompson,Kenny Thomas,Omri Casspi,1,0:36,SAC,foul,,,,,,,,Antawn Jamison,,Kenny Thomas,,,,,,personal,,
Andray Blatche,Antawn Jamison,Caron Butler,Gilbert Arenas,Nick Young,Beno Udrih,Ime Udoka,Jason Thompson,Kenny Thomas,Omri Casspi,1,0:36,WAS,free throw,,,,,,,1,,2,Antawn Jamison,,,foul,made,,,,
Andray Blatche,Antawn Jamison,Caron Butler,Gilbert Arenas,Nick Young,Andres Nocioni,Beno Udrih,Ime Udoka,Jason Thompson,Omri Casspi,1,0:36,SAC,sub,,,,Andres Nocioni,,Kenny Thomas,,,,,,,,,,,,
Andray Blatche,Antawn Jamison,Caron Butler,Gilbert Arenas,Nick Young,Andres Nocioni,Beno Udrih,Jason Thompson,Omri Casspi,Tyreke Evans,1,0:36,SAC,sub,,,,Tyreke Evans,,Ime Udoka,,,,,,,,,,,,
Andray Blatche,Antawn Jamison,Caron Butler,Gilbert Arenas,Nick Young,Andres Nocioni,Beno Udrih,Jason Thompson,Omri Casspi,Tyreke Evans,1,0:36,WAS,free throw,,,,,,,2,,2,Antawn Jamison,,,foul,made,,,,
Andray Blatche,Antawn Jamison,Caron Butler,Gilbert Arenas,Nick Young,Andres Nocioni,Beno Udrih,Jason Thompson,Omri Casspi,Tyreke Evans,1,0:28,SAC,shot,,,,,,,,,,Andres Nocioni,,,,missed,,3pt,24,32
Andray Blatche,Antawn Jamison,Caron Butler,Gilbert Arenas,Nick Young,Andres Nocioni,Beno Udrih,Jason Thompson,Omri Casspi,Tyreke Evans,1,0:27,WAS,rebound,,,,,,,,,,,,,,,,,,
Andray Blatche,Antawn Jamison,Caron Butler,Gilbert Arenas,Nick Young,Andres Nocioni,Beno Udrih,Jon Brockman,Omri Casspi,Tyreke Evans,1,0:27,SAC,sub,,,,Jon Brockman,,Jason Thompson,,,,,,,,,,,,
Andray Blatche,Antawn Jamison,Caron Butler,Gilbert Arenas,Nick Young,Andres Nocioni,Beno Udrih,Jon Brockman,Omri Casspi,Tyreke Evans,1,0:02,WAS,shot,,,,,,,,,,Gilbert Arenas,3,,,made,,3pt,17,30
Andray Blatche,Antawn Jamison,Caron Butler,Gilbert Arenas,Nick Young,Andres Nocioni,Beno Udrih,Jon Brockman,Omri Casspi,Tyreke Evans,1,0:00,SAC,shot,,,,,,,,,,Omri Casspi,,,,missed,,3pt,8,44
Andray Blatche,Antawn Jamison,Caron Butler,Gilbert Arenas,Nick Young,Andres Nocioni,Beno Udrih,Jon Brockman,Omri Casspi,Tyreke Evans,1,0:00,SAC,rebound,,,,,,,,,,,,,,,,,,
Andray Blatche,Antawn Jamison,Earl Boykins,Gilbert Arenas,Nick Young,Andres Nocioni,Beno Udrih,Donte Greene,Omri Casspi,Tyreke Evans,2,11:41,SAC,shot,,,,,,,,,,Donte Greene,2,,,made,,running bank,25,6
Andray Blatche,Antawn Jamison,Earl Boykins,Gilbert Arenas,Nick Young,Andres Nocioni,Beno Udrih,Donte Greene,Omri Casspi,Tyreke Evans,2,11:23,WAS,shot,,,,,,,,,,Antawn Jamison,2,,,made,,hook,32,11
Andray Blatche,Antawn Jamison,Earl Boykins,Gilbert Arenas,Nick Young,Andres Nocioni,Beno Udrih,Donte Greene,Omri Casspi,Tyreke Evans,2,11:06,WAS,foul,,,,,,,,Donte Greene,,Andray Blatche,,,,,,shooting,,
Andray Blatche,Antawn Jamison,Earl Boykins,Gilbert Arenas,Nick Young,Andres Nocioni,Beno Udrih,Donte Greene,Omri Casspi,Tyreke Evans,2,11:06,SAC,free throw,,,,,,,1,,2,Donte Greene,,,foul,made,,,,
Andray Blatche,Antawn Jamison,Earl Boykins,Gilbert Arenas,Nick Young,Andres Nocioni,Beno Udrih,Donte Greene,Omri Casspi,Tyreke Evans,2,11:06,SAC,free throw,,,,,,,2,,2,Donte Greene,,,foul,made,,,,
Andray Blatche,Antawn Jamison,Earl Boykins,Gilbert Arenas,Nick Young,Andres Nocioni,Beno Udrih,Donte Greene,Omri Casspi,Tyreke Evans,2,10:52,WAS,shot,,,,,,,,,,Earl Boykins,2,,,made,,driving layup,25,6
Andray Blatche,Antawn Jamison,Earl Boykins,Gilbert Arenas,Nick Young,Andres Nocioni,Beno Udrih,Donte Greene,Omri Casspi,Tyreke Evans,2,10:45,SAC,shot,,,,,,,,,,Andres Nocioni,,,,missed,,layup,25,6
Andray Blatche,Antawn Jamison,Earl Boykins,Gilbert Arenas,Nick Young,Andres Nocioni,Beno Udrih,Donte Greene,Omri Casspi,Tyreke Evans,2,10:44,WAS,rebound,,,,,,,,,,Andray Blatche,,,,,,def,,
Andray Blatche,Antawn Jamison,Earl Boykins,Gilbert Arenas,Nick Young,Andres Nocioni,Beno Udrih,Donte Greene,Omri Casspi,Tyreke Evans,2,10:34,WAS,shot,,,,,,,,,,Nick Young,,,,missed,,3pt,24,32
Andray Blatche,Antawn Jamison,Earl Boykins,Gilbert Arenas,Nick Young,Andres Nocioni,Beno Udrih,Donte Greene,Omri Casspi,Tyreke Evans,2,10:33,WAS,rebound,,,,,,,,,,Andray Blatche,,,,,,off,,
Andray Blatche,Antawn Jamison,Earl Boykins,Gilbert Arenas,Nick Young,Andres Nocioni,Beno Udrih,Donte Greene,Omri Casspi,Tyreke Evans,2,10:26,WAS,shot,Earl Boykins,,,,,,,,,Nick Young,2,,,made,,reverse layup,25,6
Andray Blatche,Antawn Jamison,Earl Boykins,Gilbert Arenas,Nick Young,Andres Nocioni,Beno Udrih,Donte Greene,Omri Casspi,Tyreke Evans,2,10:06,SAC,shot,,,,,,,,,,Beno Udrih,,,,missed,,hook,24,11
Andray Blatche,Antawn Jamison,Earl Boykins,Gilbert Arenas,Nick Young,Andres Nocioni,Beno Udrih,Donte Greene,Omri Casspi,Tyreke Evans,2,10:05,WAS,rebound,,,,,,,,,,Antawn Jamison,,,,,,def,,
Andray Blatche,Antawn Jamison,Earl Boykins,Gilbert Arenas,Nick Young,Andres Nocioni,Beno Udrih,Donte Greene,Omri Casspi,Tyreke Evans,2,9:50,WAS,shot,,,,,,,,,,Antawn Jamison,,,,missed,,jump hook,15,6
Andray Blatche,Antawn Jamison,Earl Boykins,Gilbert Arenas,Nick Young,Andres Nocioni,Beno Udrih,Donte Greene,Omri Casspi,Tyreke Evans,2,9:49,SAC,rebound,,,,,,,,,,Donte Greene,,,,,,def,,
Andray Blatche,Antawn Jamison,Earl Boykins,Gilbert Arenas,Nick Young,Andres Nocioni,Beno Udrih,Donte Greene,Omri Casspi,Tyreke Evans,2,9:42,SAC,shot,Tyreke Evans,,,,,,,,,Andres Nocioni,3,,,made,,3pt,27,31
Andray Blatche,Antawn Jamison,Earl Boykins,Gilbert Arenas,Nick Young,Andres Nocioni,Beno Udrih,Donte Greene,Omri Casspi,Tyreke Evans,2,9:25,WAS,shot,,,,,,,,,,Andray Blatche,,,,missed,,jump,18,9
Andray Blatche,Antawn Jamison,Earl Boykins,Gilbert Arenas,Nick Young,Andres Nocioni,Beno Udrih,Donte Greene,Omri Casspi,Tyreke Evans,2,9:25,WAS,rebound,,,,,,,,,,,,,,,,,,
Andray Blatche,Antawn Jamison,Earl Boykins,Gilbert Arenas,Nick Young,Beno Udrih,Donte Greene,Jon Brockman,Omri Casspi,Tyreke Evans,2,9:25,SAC,sub,,,,Jon Brockman,,Andres Nocioni,,,,,,,,,,,,
Andray Blatche,Antawn Jamison,Earl Boykins,Gilbert Arenas,Nick Young,Beno Udrih,Donte Greene,Jon Brockman,Omri Casspi,Tyreke Evans,2,9:11,WAS,shot,,,,,,,,,,Earl Boykins,,,,missed,,jump,23,12
Andray Blatche,Antawn Jamison,Earl Boykins,Gilbert Arenas,Nick Young,Beno Udrih,Donte Greene,Jon Brockman,Omri Casspi,Tyreke Evans,2,9:10,SAC,rebound,,,,,,,,,,Omri Casspi,,,,,,def,,
Andray Blatche,Antawn Jamison,Earl Boykins,Gilbert Arenas,Nick Young,Beno Udrih,Donte Greene,Jon Brockman,Omri Casspi,Tyreke Evans,2,9:06,WAS,foul,,,,,,,,Tyreke Evans,,Gilbert Arenas,,,,,,shooting,,
Andray Blatche,Antawn Jamison,Earl Boykins,Gilbert Arenas,Nick Young,Beno Udrih,Donte Greene,Jon Brockman,Omri Casspi,Tyreke Evans,2,9:06,SAC,free throw,,,,,,,1,,2,Tyreke Evans,,,foul,made,,,,
Andray Blatche,Antawn Jamison,Caron Butler,Earl Boykins,Nick Young,Beno Udrih,Donte Greene,Jon Brockman,Omri Casspi,Tyreke Evans,2,9:06,WAS,sub,,,,Caron Butler,,Gilbert Arenas,,,,,,,,,,,,
Andray Blatche,Antawn Jamison,Caron Butler,Earl Boykins,Nick Young,Beno Udrih,Donte Greene,Ime Udoka,Jon Brockman,Tyreke Evans,2,9:06,SAC,sub,,,,Ime Udoka,,Omri Casspi,,,,,,,,,,,,
Andray Blatche,Antawn Jamison,Caron Butler,Earl Boykins,Nick Young,Beno Udrih,Donte Greene,Ime Udoka,Jon Brockman,Tyreke Evans,2,9:06,SAC,free throw,,,,,,,2,,2,Tyreke Evans,,,foul,made,,,,
Andray Blatche,Antawn Jamison,Caron Butler,Earl Boykins,Nick Young,Beno Udrih,Donte Greene,Ime Udoka,Jon Brockman,Tyreke Evans,2,8:56,WAS,shot,Earl Boykins,,,,,,,,,Antawn Jamison,2,,,made,,jump hook,17,7
Andray Blatche,Antawn Jamison,Caron Butler,Earl Boykins,Nick Young,Beno Udrih,Donte Greene,Ime Udoka,Jon Brockman,Tyreke Evans,2,8:44,SAC,shot,,,,,,,,,,Ime Udoka,,,,missed,,jump,34,25
Andray Blatche,Antawn Jamison,Caron Butler,Earl Boykins,Nick Young,Beno Udrih,Donte Greene,Ime Udoka,Jon Brockman,Tyreke Evans,2,8:44,WAS,rebound,,,,,,,,,,,,,,,,,,
Andray Blatche,Antawn Jamison,Caron Butler,Earl Boykins,Nick Young,Beno Udrih,Donte Greene,Ime Udoka,Jon Brockman,Tyreke Evans,2,8:44,WAS,timeout,,,,,,,,,,,,,,,,official,,
Andray Blatche,Brendan Haywood,Caron Butler,Earl Boykins,Nick Young,Beno Udrih,Donte Greene,Ime Udoka,Jon Brockman,Tyreke Evans,2,8:44,WAS,sub,,,,Brendan Haywood,,Antawn Jamison,,,,,,,,,,,,
Andray Blatche,Brendan Haywood,Caron Butler,Earl Boykins,Nick Young,Beno Udrih,Donte Greene,Ime Udoka,Jason Thompson,Tyreke Evans,2,8:44,SAC,sub,,,,Jason Thompson,,Jon Brockman,,,,,,,,,,,,
Andray Blatche,Brendan Haywood,Caron Butler,Earl Boykins,Nick Young,Beno Udrih,Donte Greene,Ime Udoka,Jason Thompson,Tyreke Evans,2,8:33,WAS,foul,,,,,,,,Beno Udrih,,Andray Blatche,,,,,,offensive,,
Andray Blatche,Brendan Haywood,Caron Butler,Earl Boykins,Nick Young,Beno Udrih,Donte Greene,Ime Udoka,Jason Thompson,Tyreke Evans,2,8:33,WAS,turnover,,,,,,,,,,Andray Blatche,,,foul,,,,,
Andray Blatche,Brendan Haywood,Caron Butler,Earl Boykins,Nick Young,Beno Udrih,Donte Greene,Ime Udoka,Jason Thompson,Tyreke Evans,2,8:18,SAC,shot,,,Nick Young,,,,,,,Tyreke Evans,,,,missed,,jump,19,9
Andray Blatche,Brendan Haywood,Caron Butler,Earl Boykins,Nick Young,Beno Udrih,Donte Greene,Ime Udoka,Jason Thompson,Tyreke Evans,2,8:18,SAC,rebound,,,,,,,,,,,,,,,,,,
Andray Blatche,Brendan Haywood,Caron Butler,Earl Boykins,Nick Young,Beno Udrih,Donte Greene,Ime Udoka,Jason Thompson,Tyreke Evans,2,8:14,SAC,turnover,,,,,,,,,,Tyreke Evans,,,lost ball,,Andray Blatche,,,
Andray Blatche,Brendan Haywood,Caron Butler,Earl Boykins,Nick Young,Beno Udrih,Donte Greene,Ime Udoka,Jason Thompson,Tyreke Evans,2,8:05,WAS,shot,,,,,,,,,,Nick Young,,,,missed,,3pt,47,6
Andray Blatche,Brendan Haywood,Caron Butler,Earl Boykins,Nick Young,Beno Udrih,Donte Greene,Ime Udoka,Jason Thompson,Tyreke Evans,2,8:04,SAC,rebound,,,,,,,,,,Beno Udrih,,,,,,def,,
Andray Blatche,Brendan Haywood,Caron Butler,Earl Boykins,Nick Young,Beno Udrih,Donte Greene,Ime Udoka,Jason Thompson,Tyreke Evans,2,7:53,SAC,shot,,,,,,,,,,Beno Udrih,,,,missed,,jump,36,20
Andray Blatche,Brendan Haywood,Caron Butler,Earl Boykins,Nick Young,Beno Udrih,Donte Greene,Ime Udoka,Jason Thompson,Tyreke Evans,2,7:52,WAS,rebound,,,,,,,,,,Earl Boykins,,,,,,def,,
Andray Blatche,Brendan Haywood,Caron Butler,Earl Boykins,Nick Young,Beno Udrih,Donte Greene,Ime Udoka,Jason Thompson,Tyreke Evans,2,7:35,WAS,shot,,,,,,,,,,Earl Boykins,2,,,made,,running jump,17,7
Andray Blatche,Brendan Haywood,Caron Butler,Earl Boykins,Nick Young,Beno Udrih,Donte Greene,Ime Udoka,Jason Thompson,Tyreke Evans,2,7:29,SAC,shot,Tyreke Evans,,,,,,,,,Donte Greene,2,,,made,,driving layup,25,6
Andray Blatche,Brendan Haywood,Caron Butler,Earl Boykins,Nick Young,Beno Udrih,Donte Greene,Ime Udoka,Jason Thompson,Tyreke Evans,2,7:09,WAS,shot,,,,,,,,,,Andray Blatche,,,,missed,,jump,30,11
Andray Blatche,Brendan Haywood,Caron Butler,Earl Boykins,Nick Young,Beno Udrih,Donte Greene,Ime Udoka,Jason Thompson,Tyreke Evans,2,7:08,SAC,rebound,,,,,,,,,,Jason Thompson,,,,,,def,,
Andray Blatche,Brendan Haywood,Caron Butler,Earl Boykins,Nick Young,Beno Udrih,Donte Greene,Ime Udoka,Jason Thompson,Tyreke Evans,2,7:03,SAC,shot,,,Nick Young,,,,,,,Tyreke Evans,,,,missed,,jump,29,9
Andray Blatche,Brendan Haywood,Caron Butler,Earl Boykins,Nick Young,Beno Udrih,Donte Greene,Ime Udoka,Jason Thompson,Tyreke Evans,2,7:00,WAS,rebound,,,,,,,,,,Nick Young,,,,,,def,,
Andray Blatche,Brendan Haywood,Caron Butler,Earl Boykins,Nick Young,Beno Udrih,Donte Greene,Ime Udoka,Jason Thompson,Tyreke Evans,2,6:56,WAS,shot,,,,,,,,,,Earl Boykins,,,,missed,,jump,17,7
Andray Blatche,Brendan Haywood,Caron Butler,Earl Boykins,Nick Young,Beno Udrih,Donte Greene,Ime Udoka,Jason Thompson,Tyreke Evans,2,6:55,SAC,rebound,,,,,,,,,,Donte Greene,,,,,,def,,
Andray Blatche,Brendan Haywood,Caron Butler,Earl Boykins,Nick Young,Beno Udrih,Donte Greene,Ime Udoka,Jason Thompson,Tyreke Evans,2,6:49,SAC,shot,,,Andray Blatche,,,,,,,Jason Thompson,,,,missed,,jump,29,6
Andray Blatche,Brendan Haywood,Caron Butler,Earl Boykins,Nick Young,Beno Udrih,Donte Greene,Ime Udoka,Jason Thompson,Tyreke Evans,2,6:46,SAC,rebound,,,,,,,,,,Jason Thompson,,,,,,off,,
Andray Blatche,Brendan Haywood,Caron Butler,Earl Boykins,Nick Young,Beno Udrih,Donte Greene,Ime Udoka,Jason Thompson,Tyreke Evans,2,6:45,SAC,shot,,,,,,,,,,Jason Thompson,2,,,made,,putback layup,25,6
Andray Blatche,Brendan Haywood,Caron Butler,Earl Boykins,Nick Young,Beno Udrih,Donte Greene,Ime Udoka,Jason Thompson,Tyreke Evans,2,6:20,WAS,shot,,,,,,,,,,Caron Butler,,,,missed,,jump,41,12
Andray Blatche,Brendan Haywood,Caron Butler,Earl Boykins,Nick Young,Beno Udrih,Donte Greene,Ime Udoka,Jason Thompson,Tyreke Evans,2,6:19,SAC,rebound,,,,,,,,,,Jason Thompson,,,,,,def,,
Andray Blatche,Brendan Haywood,Caron Butler,Earl Boykins,Nick Young,Beno Udrih,Donte Greene,Ime Udoka,Jason Thompson,Tyreke Evans,2,6:10,SAC,shot,,,,,,,,,,Donte Greene,,,,missed,,3pt,17,30
Andray Blatche,Brendan Haywood,Caron Butler,Earl Boykins,Nick Young,Beno Udrih,Donte Greene,Ime Udoka,Jason Thompson,Tyreke Evans,2,6:09,SAC,rebound,,,,,,,,,,Ime Udoka,,,,,,off,,
Andray Blatche,Brendan Haywood,Caron Butler,Earl Boykins,Nick Young,Beno Udrih,Donte Greene,Ime Udoka,Jason Thompson,Tyreke Evans,2,5:53,WAS,foul,,,,,,,,Tyreke Evans,,Nick Young,,,,,,personal,,
Andray Blatche,Brendan Haywood,Caron Butler,Earl Boykins,Nick Young,Beno Udrih,Donte Greene,Ime Udoka,Jason Thompson,Tyreke Evans,2,5:53,SAC,timeout,,,,,,,,,,,,,,,,regular,,
Andray Blatche,Antawn Jamison,Brendan Haywood,Caron Butler,Earl Boykins,Beno Udrih,Donte Greene,Ime Udoka,Jason Thompson,Tyreke Evans,2,5:53,WAS,sub,,,,Antawn Jamison,,Nick Young,,,,,,,,,,,,
Antawn Jamison,Brendan Haywood,Caron Butler,Earl Boykins,Gilbert Arenas,Beno Udrih,Donte Greene,Ime Udoka,Jason Thompson,Tyreke Evans,2,5:53,WAS,sub,,,,Gilbert Arenas,,Andray Blatche,,,,,,,,,,,,
Antawn Jamison,Brendan Haywood,Caron Butler,Earl Boykins,Gilbert Arenas,Beno Udrih,Donte Greene,Ime Udoka,Jason Thompson,Tyreke Evans,2,5:40,SAC,shot,,,,,,,,,,Beno Udrih,,,,missed,,jump,25,22
Antawn Jamison,Brendan Haywood,Caron Butler,Earl Boykins,Gilbert Arenas,Beno Udrih,Donte Greene,Ime Udoka,Jason Thompson,Tyreke Evans,2,5:38,WAS,rebound,,,,,,,,,,Antawn Jamison,,,,,,def,,
Antawn Jamison,Brendan Haywood,Caron Butler,Earl Boykins,Gilbert Arenas,Beno Udrih,Donte Greene,Ime Udoka,Jason Thompson,Tyreke Evans,2,5:24,SAC,foul,,,,,,,,Antawn Jamison,,Tyreke Evans,,,,,,personal,,
Antawn Jamison,Brendan Haywood,Caron Butler,Earl Boykins,Gilbert Arenas,Beno Udrih,Donte Greene,Ime Udoka,Jason Thompson,Tyreke Evans,2,5:12,WAS,shot,,,,,,,,,,Caron Butler,,,,missed,,jump,11,7
Antawn Jamison,Brendan Haywood,Caron Butler,Earl Boykins,Gilbert Arenas,Beno Udrih,Donte Greene,Ime Udoka,Jason Thompson,Tyreke Evans,2,5:11,SAC,rebound,,,,,,,,,,Tyreke Evans,,,,,,def,,
Antawn Jamison,Brendan Haywood,Caron Butler,Earl Boykins,Gilbert Arenas,Beno Udrih,Donte Greene,Ime Udoka,Jason Thompson,Tyreke Evans,2,5:06,SAC,shot,Tyreke Evans,,,,,,,,,Beno Udrih,2,,,made,,layup,25,6
Antawn Jamison,Brendan Haywood,Caron Butler,Earl Boykins,Gilbert Arenas,Beno Udrih,Donte Greene,Ime Udoka,Jason Thompson,Tyreke Evans,2,4:47,WAS,shot,,,,,,,,,,Gilbert Arenas,2,,,made,,pullup bank,10,10
Antawn Jamison,Brendan Haywood,Caron Butler,Earl Boykins,Gilbert Arenas,Beno Udrih,Donte Greene,Ime Udoka,Jason Thompson,Tyreke Evans,2,4:29,SAC,shot,,,,,,,,,,Jason Thompson,2,,,made,,jump,24,22
Antawn Jamison,Brendan Haywood,Caron Butler,Earl Boykins,Gilbert Arenas,Beno Udrih,Donte Greene,Ime Udoka,Jason Thompson,Tyreke Evans,2,4:16,WAS,shot,,,,,,,,,,Gilbert Arenas,3,,,made,,3pt,12,27
Antawn Jamison,Brendan Haywood,Caron Butler,Earl Boykins,Gilbert Arenas,Beno Udrih,Donte Greene,Ime Udoka,Jason Thompson,Tyreke Evans,2,3:54,SAC,shot,,,,,,,,,,Tyreke Evans,2,,,made,,turnaround bank,30,9
Antawn Jamison,Brendan Haywood,Caron Butler,Earl Boykins,Gilbert Arenas,Beno Udrih,Donte Greene,Ime Udoka,Jason Thompson,Tyreke Evans,2,3:40,WAS,turnover,,,,,,,,,,Gilbert Arenas,,,bad pass,,,,,
Antawn Jamison,Brendan Haywood,Caron Butler,DeShawn Stevenson,Gilbert Arenas,Beno Udrih,Donte Greene,Ime Udoka,Jason Thompson,Tyreke Evans,2,3:40,WAS,sub,,,,DeShawn Stevenson,,Earl Boykins,,,,,,,,,,,,
Antawn Jamison,Brendan Haywood,Caron Butler,DeShawn Stevenson,Gilbert Arenas,Beno Udrih,Donte Greene,Ime Udoka,Jason Thompson,Tyreke Evans,2,3:28,SAC,turnover,,,,,,,,,,Donte Greene,,,traveling,,,,,
Antawn Jamison,Brendan Haywood,Caron Butler,DeShawn Stevenson,Gilbert Arenas,Donte Greene,Ime Udoka,Jason Thompson,Omri Casspi,Tyreke Evans,2,3:28,SAC,sub,,,,Omri Casspi,,Beno Udrih,,,,,,,,,,,,
Antawn Jamison,Brendan Haywood,Caron Butler,DeShawn Stevenson,Gilbert Arenas,Donte Greene,Ime Udoka,Jason Thompson,Omri Casspi,Tyreke Evans,2,3:16,WAS,shot,,,,,,,,,,Caron Butler,2,,,made,,step back jump,27,25
Antawn Jamison,Brendan Haywood,Caron Butler,DeShawn Stevenson,Gilbert Arenas,Donte Greene,Ime Udoka,Jason Thompson,Omri Casspi,Tyreke Evans,2,2:59,SAC,turnover,,,,,,,,,,Tyreke Evans,,,poss lost ball turnover,,,,,
Antawn Jamison,Brendan Haywood,Caron Butler,DeShawn Stevenson,Gilbert Arenas,Donte Greene,Ime Udoka,Jason Thompson,Omri Casspi,Tyreke Evans,2,2:59,WAS,timeout,,,,,,,,,,,,,,,,regular,,
Antawn Jamison,Brendan Haywood,Caron Butler,DeShawn Stevenson,Gilbert Arenas,Donte Greene,Ime Udoka,Jason Thompson,Omri Casspi,Tyreke Evans,2,2:46,WAS,shot,,,,,,,,,,Gilbert Arenas,,,,missed,,jump,25,28
Antawn Jamison,Brendan Haywood,Caron Butler,DeShawn Stevenson,Gilbert Arenas,Donte Greene,Ime Udoka,Jason Thompson,Omri Casspi,Tyreke Evans,2,2:45,SAC,rebound,,,,,,,,,,Ime Udoka,,,,,,def,,
Antawn Jamison,Brendan Haywood,Caron Butler,DeShawn Stevenson,Gilbert Arenas,Donte Greene,Ime Udoka,Jason Thompson,Omri Casspi,Tyreke Evans,2,2:36,SAC,shot,,,,,,,,,,Donte Greene,,,,missed,,driving layup,25,6
Antawn Jamison,Brendan Haywood,Caron Butler,DeShawn Stevenson,Gilbert Arenas,Donte Greene,Ime Udoka,Jason Thompson,Omri Casspi,Tyreke Evans,2,2:35,WAS,rebound,,,,,,,,,,Gilbert Arenas,,,,,,def,,
Antawn Jamison,Brendan Haywood,Caron Butler,DeShawn Stevenson,Gilbert Arenas,Donte Greene,Ime Udoka,Jason Thompson,Omri Casspi,Tyreke Evans,2,2:28,WAS,turnover,,,,,,,,,,DeShawn Stevenson,,,lost ball,,Omri Casspi,,,
Antawn Jamison,Brendan Haywood,Caron Butler,DeShawn Stevenson,Gilbert Arenas,Donte Greene,Ime Udoka,Jason Thompson,Omri Casspi,Tyreke Evans,2,2:25,SAC,shot,Ime Udoka,,,,,,,,,Donte Greene,2,,,made,,slam dunk,25,6
Antawn Jamison,Brendan Haywood,Caron Butler,DeShawn Stevenson,Gilbert Arenas,Donte Greene,Ime Udoka,Jason Thompson,Omri Casspi,Tyreke Evans,2,2:08,WAS,turnover,,,,,,,,,,Caron Butler,,,traveling,,,,,
Antawn Jamison,Brendan Haywood,Caron Butler,DeShawn Stevenson,Gilbert Arenas,Donte Greene,Ime Udoka,Jason Thompson,Omri Casspi,Tyreke Evans,2,1:55,SAC,shot,Tyreke Evans,,,,,,,,,Jason Thompson,2,,,made,,jump,33,22
Antawn Jamison,Brendan Haywood,Caron Butler,DeShawn Stevenson,Gilbert Arenas,Donte Greene,Ime Udoka,Jason Thompson,Omri Casspi,Tyreke Evans,2,1:46,WAS,timeout,,,,,,,,,,,,,,,,short,,
Andray Blatche,Brendan Haywood,Caron Butler,DeShawn Stevenson,Gilbert Arenas,Donte Greene,Ime Udoka,Jason Thompson,Omri Casspi,Tyreke Evans,2,1:46,WAS,sub,,,,Andray Blatche,,Antawn Jamison,,,,,,,,,,,,
Andray Blatche,Brendan Haywood,Caron Butler,DeShawn Stevenson,Gilbert Arenas,Donte Greene,Ime Udoka,Jason Thompson,Omri Casspi,Tyreke Evans,2,1:32,WAS,shot,,,,,,,,,,Caron Butler,,,,missed,,jump,39,12
Andray Blatche,Brendan Haywood,Caron Butler,DeShawn Stevenson,Gilbert Arenas,Donte Greene,Ime Udoka,Jason Thompson,Omri Casspi,Tyreke Evans,2,1:30,SAC,rebound,,,,,,,,,,Jason Thompson,,,,,,def,,
Andray Blatche,Caron Butler,DeShawn Stevenson,Dominic McGuire,Gilbert Arenas,Donte Greene,Ime Udoka,Jason Thompson,Omri Casspi,Tyreke Evans,2,1:07,WAS,sub,,,,Dominic McGuire,,Brendan Haywood,,,,,,,,,,,,
Andray Blatche,Caron Butler,DeShawn Stevenson,Dominic McGuire,Gilbert Arenas,Donte Greene,Ime Udoka,Jason Thompson,Omri Casspi,Tyreke Evans,2,1:06,SAC,turnover,,,,,,,,,,,,,shot clock turnover,,,,,
Andray Blatche,Caron Butler,DeShawn Stevenson,Dominic McGuire,Gilbert Arenas,Donte Greene,Ime Udoka,Jason Thompson,Omri Casspi,Tyreke Evans,2,0:51,WAS,shot,,,,,,,,,,Gilbert Arenas,,,,missed,,driving jump,27,11
Andray Blatche,Caron Butler,DeShawn Stevenson,Dominic McGuire,Gilbert Arenas,Donte Greene,Ime Udoka,Jason Thompson,Omri Casspi,Tyreke Evans,2,0:51,WAS,rebound,,,,,,,,,,Gilbert Arenas,,,,,,off,,
Andray Blatche,Caron Butler,DeShawn Stevenson,Dominic McGuire,Gilbert Arenas,Donte Greene,Ime Udoka,Jason Thompson,Omri Casspi,Tyreke Evans,2,0:51,WAS,shot,,,,,,,,,,Gilbert Arenas,2,,,made,,tip,25,6
Andray Blatche,Caron Butler,DeShawn Stevenson,Dominic McGuire,Gilbert Arenas,Donte Greene,Ime Udoka,Jason Thompson,Omri Casspi,Tyreke Evans,2,0:27,SAC,shot,,,,,,,,,,Ime Udoka,2,,,made,,step back jump,22,22
Andray Blatche,Caron Butler,DeShawn Stevenson,Dominic McGuire,Gilbert Arenas,Donte Greene,Ime Udoka,Jason Thompson,Omri Casspi,Tyreke Evans,2,0:03,WAS,shot,,,,,,,,,,DeShawn Stevenson,,,,missed,,3pt,41,24
Andray Blatche,Caron Butler,DeShawn Stevenson,Dominic McGuire,Gilbert Arenas,Donte Greene,Ime Udoka,Jason Thompson,Omri Casspi,Tyreke Evans,2,0:02,WAS,rebound,,,,,,,,,,Caron Butler,,,,,,off,,
Andray Blatche,Caron Butler,DeShawn Stevenson,Dominic McGuire,Gilbert Arenas,Donte Greene,Ime Udoka,Jason Thompson,Omri Casspi,Tyreke Evans,2,0:02,WAS,shot,,,,,,,,,,Caron Butler,,,,missed,,tip,25,6
Andray Blatche,Caron Butler,DeShawn Stevenson,Dominic McGuire,Gilbert Arenas,Donte Greene,Ime Udoka,Jason Thompson,Omri Casspi,Tyreke Evans,2,0:02,WAS,rebound,,,,,,,,,,Dominic McGuire,,,,,,off,,
Andray Blatche,Caron Butler,DeShawn Stevenson,Dominic McGuire,Gilbert Arenas,Donte Greene,Ime Udoka,Jason Thompson,Omri Casspi,Tyreke Evans,2,0:02,WAS,shot,,,,,,,,,,Dominic McGuire,2,,,made,,putback dunk,25,6
Antawn Jamison,Brendan Haywood,Caron Butler,DeShawn Stevenson,Gilbert Arenas,Andres Nocioni,Donte Greene,Jason Thompson,Omri Casspi,Tyreke Evans,3,11:47,SAC,shot,,,,,,,,,,Omri Casspi,,,,missed,,jump,28,8
Antawn Jamison,Brendan Haywood,Caron Butler,DeShawn Stevenson,Gilbert Arenas,Andres Nocioni,Donte Greene,Jason Thompson,Omri Casspi,Tyreke Evans,3,11:45,WAS,rebound,,,,,,,,,,Antawn Jamison,,,,,,def,,
Antawn Jamison,Brendan Haywood,Caron Butler,DeShawn Stevenson,Gilbert Arenas,Andres Nocioni,Donte Greene,Jason Thompson,Omri Casspi,Tyreke Evans,3,11:36,WAS,shot,,,,,,,,,,Antawn Jamison,,,,missed,,3pt,34,30
Antawn Jamison,Brendan Haywood,Caron Butler,DeShawn Stevenson,Gilbert Arenas,Andres Nocioni,Donte Greene,Jason Thompson,Omri Casspi,Tyreke Evans,3,11:35,WAS,rebound,,,,,,,,,,Brendan Haywood,,,,,,off,,
Antawn Jamison,Brendan Haywood,Caron Butler,DeShawn Stevenson,Gilbert Arenas,Andres Nocioni,Donte Greene,Jason Thompson,Omri Casspi,Tyreke Evans,3,11:33,WAS,shot,,,,,,,,,,Brendan Haywood,2,,,made,,layup,25,6
Antawn Jamison,Brendan Haywood,Caron Butler,DeShawn Stevenson,Gilbert Arenas,Andres Nocioni,Donte Greene,Jason Thompson,Omri Casspi,Tyreke Evans,3,11:14,SAC,shot,,,,,,,,,,Andres Nocioni,,,,missed,,3pt,30,30
Antawn Jamison,Brendan Haywood,Caron Butler,DeShawn Stevenson,Gilbert Arenas,Andres Nocioni,Donte Greene,Jason Thompson,Omri Casspi,Tyreke Evans,3,11:13,SAC,rebound,,,,,,,,,,Jason Thompson,,,,,,off,,
Antawn Jamison,Brendan Haywood,Caron Butler,DeShawn Stevenson,Gilbert Arenas,Andres Nocioni,Donte Greene,Jason Thompson,Omri Casspi,Tyreke Evans,3,11:06,SAC,shot,,,,,,,,,,Donte Greene,,,,missed,,3pt,44,22
Antawn Jamison,Brendan Haywood,Caron Butler,DeShawn Stevenson,Gilbert Arenas,Andres Nocioni,Donte Greene,Jason Thompson,Omri Casspi,Tyreke Evans,3,11:05,WAS,rebound,,,,,,,,,,DeShawn Stevenson,,,,,,def,,
Antawn Jamison,Brendan Haywood,Caron Butler,DeShawn Stevenson,Gilbert Arenas,Andres Nocioni,Donte Greene,Jason Thompson,Omri Casspi,Tyreke Evans,3,10:57,WAS,shot,Gilbert Arenas,,,,,,,,,Caron Butler,2,,,made,,dunk,25,6
Antawn Jamison,Brendan Haywood,Caron Butler,DeShawn Stevenson,Gilbert Arenas,Andres Nocioni,Donte Greene,Jason Thompson,Omri Casspi,Tyreke Evans,3,10:57,SAC,timeout,,,,,,,,,,,,,,,,regular,,
Antawn Jamison,Brendan Haywood,Caron Butler,DeShawn Stevenson,Gilbert Arenas,Andres Nocioni,Donte Greene,Jason Thompson,Omri Casspi,Tyreke Evans,3,10:36,SAC,turnover,,,,,,,,,,Donte Greene,,,lost ball,,Gilbert Arenas,,,
Antawn Jamison,Brendan Haywood,Caron Butler,DeShawn Stevenson,Gilbert Arenas,Andres Nocioni,Donte Greene,Jason Thompson,Omri Casspi,Tyreke Evans,3,10:24,WAS,shot,,,,,,,,,,Antawn Jamison,,,,missed,,3pt,11,28
Antawn Jamison,Brendan Haywood,Caron Butler,DeShawn Stevenson,Gilbert Arenas,Andres Nocioni,Donte Greene,Jason Thompson,Omri Casspi,Tyreke Evans,3,10:22,WAS,rebound,,,,,,,,,,Brendan Haywood,,,,,,off,,
Antawn Jamison,Brendan Haywood,Caron Butler,DeShawn Stevenson,Gilbert Arenas,Andres Nocioni,Donte Greene,Jason Thompson,Omri Casspi,Tyreke Evans,3,10:22,WAS,shot,,,,,,,,,,Brendan Haywood,,,,missed,,tip,25,6
Antawn Jamison,Brendan Haywood,Caron Butler,DeShawn Stevenson,Gilbert Arenas,Andres Nocioni,Donte Greene,Jason Thompson,Omri Casspi,Tyreke Evans,3,10:22,WAS,rebound,,,,,,,,,,,,,,,,,,
Antawn Jamison,Brendan Haywood,Caron Butler,DeShawn Stevenson,Gilbert Arenas,Andres Nocioni,Donte Greene,Jason Thompson,Omri Casspi,Tyreke Evans,3,10:17,WAS,shot,Brendan Haywood,,,,,,,,,Caron Butler,2,,,made,,jump,6,8
Antawn Jamison,Brendan Haywood,Caron Butler,DeShawn Stevenson,Gilbert Arenas,Andres Nocioni,Donte Greene,Jason Thompson,Omri Casspi,Tyreke Evans,3,9:59,SAC,shot,,,,,,,,,,Andres Nocioni,2,,,made,,jump,33,25
Antawn Jamison,Brendan Haywood,Caron Butler,DeShawn Stevenson,Gilbert Arenas,Andres Nocioni,Donte Greene,Jason Thompson,Omri Casspi,Tyreke Evans,3,9:52,WAS,shot,,,,,,,,,,Gilbert Arenas,,,,missed,,layup,25,6
Antawn Jamison,Brendan Haywood,Caron Butler,DeShawn Stevenson,Gilbert Arenas,Andres Nocioni,Donte Greene,Jason Thompson,Omri Casspi,Tyreke Evans,3,9:51,SAC,rebound,,,,,,,,,,Donte Greene,,,,,,def,,
Antawn Jamison,Brendan Haywood,Caron Butler,DeShawn Stevenson,Gilbert Arenas,Andres Nocioni,Donte Greene,Jason Thompson,Omri Casspi,Tyreke Evans,3,9:49,WAS,foul,,,,,,,,Donte Greene,,Caron Butler,,,,,,personal,,
Antawn Jamison,Brendan Haywood,Caron Butler,DeShawn Stevenson,Gilbert Arenas,Andres Nocioni,Ime Udoka,Jason Thompson,Omri Casspi,Tyreke Evans,3,9:49,SAC,sub,,,,Ime Udoka,,Donte Greene,,,,,,,,,,,,
Antawn Jamison,Brendan Haywood,Caron Butler,DeShawn Stevenson,Gilbert Arenas,Andres Nocioni,Ime Udoka,Jason Thompson,Omri Casspi,Tyreke Evans,3,9:38,SAC,shot,,,,,,,,,,Omri Casspi,,,,missed,,3pt,2,8
Antawn Jamison,Brendan Haywood,Caron Butler,DeShawn Stevenson,Gilbert Arenas,Andres Nocioni,Ime Udoka,Jason Thompson,Omri Casspi,Tyreke Evans,3,9:36,WAS,rebound,,,,,,,,,,,,,,,,,,
Antawn Jamison,Brendan Haywood,Caron Butler,DeShawn Stevenson,Gilbert Arenas,Andres Nocioni,Ime Udoka,Jason Thompson,Omri Casspi,Tyreke Evans,3,9:23,SAC,foul,,,,,,,,Antawn Jamison,,Andres Nocioni,,,,,,shooting,,
Antawn Jamison,Brendan Haywood,Caron Butler,DeShawn Stevenson,Gilbert Arenas,Andres Nocioni,Ime Udoka,Jason Thompson,Omri Casspi,Tyreke Evans,3,9:23,WAS,free throw,,,,,,,1,,2,Antawn Jamison,,,foul,made,,,,
Antawn Jamison,Brendan Haywood,Caron Butler,DeShawn Stevenson,Gilbert Arenas,Andres Nocioni,Ime Udoka,Jason Thompson,Omri Casspi,Tyreke Evans,3,9:23,WAS,free throw,,,,,,,2,,2,Antawn Jamison,,,foul,made,,,,
Antawn Jamison,Brendan Haywood,Caron Butler,DeShawn Stevenson,Gilbert Arenas,Andres Nocioni,Ime Udoka,Jason Thompson,Omri Casspi,Tyreke Evans,3,9:09,SAC,shot,Andres Nocioni,,,,,,,,,Omri Casspi,2,,,made,,jump,12,25
Antawn Jamison,Brendan Haywood,Caron Butler,DeShawn Stevenson,Gilbert Arenas,Andres Nocioni,Ime Udoka,Jason Thompson,Omri Casspi,Tyreke Evans,3,8:56,WAS,shot,,,,,,,,,,Gilbert Arenas,2,,,made,,jump,38,19
Antawn Jamison,Brendan Haywood,Caron Butler,DeShawn Stevenson,Gilbert Arenas,Andres Nocioni,Ime Udoka,Jason Thompson,Omri Casspi,Tyreke Evans,3,8:42,SAC,shot,,,,,,,,,,Ime Udoka,,,,missed,,3pt,1,8
Antawn Jamison,Brendan Haywood,Caron Butler,DeShawn Stevenson,Gilbert Arenas,Andres Nocioni,Ime Udoka,Jason Thompson,Omri Casspi,Tyreke Evans,3,8:41,WAS,rebound,,,,,,,,,,Caron Butler,,,,,,def,,
Antawn Jamison,Brendan Haywood,Caron Butler,DeShawn Stevenson,Gilbert Arenas,Andres Nocioni,Ime Udoka,Jason Thompson,Omri Casspi,Tyreke Evans,3,8:32,WAS,shot,,,,,,,,,,Caron Butler,2,,,made,,jump,9,19
Antawn Jamison,Brendan Haywood,Caron Butler,DeShawn Stevenson,Gilbert Arenas,Andres Nocioni,Ime Udoka,Jason Thompson,Omri Casspi,Tyreke Evans,3,8:11,SAC,shot,,,,,,,,,,Andres Nocioni,2,,,made,,driving layup,25,6
Antawn Jamison,Brendan Haywood,Caron Butler,DeShawn Stevenson,Gilbert Arenas,Andres Nocioni,Ime Udoka,Jason Thompson,Omri Casspi,Tyreke Evans,3,8:00,WAS,shot,,,,,,,,,,Caron Butler,,,,missed,,jump,5,7
Antawn Jamison,Brendan Haywood,Caron Butler,DeShawn Stevenson,Gilbert Arenas,Andres Nocioni,Ime Udoka,Jason Thompson,Omri Casspi,Tyreke Evans,3,7:59,SAC,rebound,,,,,,,,,,Andres Nocioni,,,,,,def,,
Antawn Jamison,Brendan Haywood,Caron Butler,DeShawn Stevenson,Gilbert Arenas,Andres Nocioni,Ime Udoka,Jason Thompson,Omri Casspi,Tyreke Evans,3,7:54,WAS,foul,,,,,,,,Tyreke Evans,,Gilbert Arenas,,,,,,shooting,,
Antawn Jamison,Brendan Haywood,Caron Butler,DeShawn Stevenson,Gilbert Arenas,Beno Udrih,Ime Udoka,Jason Thompson,Omri Casspi,Tyreke Evans,3,7:54,SAC,sub,,,,Beno Udrih,,Andres Nocioni,,,,,,,,,,,,
Antawn Jamison,Brendan Haywood,Caron Butler,DeShawn Stevenson,Gilbert Arenas,Beno Udrih,Ime Udoka,Jason Thompson,Omri Casspi,Tyreke Evans,3,7:54,SAC,free throw,,,,,,,1,,2,Tyreke Evans,,,foul,missed,,,,
Antawn Jamison,Brendan Haywood,Caron Butler,DeShawn Stevenson,Gilbert Arenas,Beno Udrih,Ime Udoka,Jason Thompson,Omri Casspi,Tyreke Evans,3,7:54,SAC,rebound,,,,,,,,,,,,,,,,,,
Antawn Jamison,Brendan Haywood,Caron Butler,DeShawn Stevenson,Gilbert Arenas,Beno Udrih,Ime Udoka,Jason Thompson,Omri Casspi,Tyreke Evans,3,7:54,SAC,free throw,,,,,,,2,,2,Tyreke Evans,,,foul,made,,,,
Antawn Jamison,Brendan Haywood,Caron Butler,DeShawn Stevenson,Gilbert Arenas,Beno Udrih,Ime Udoka,Jason Thompson,Omri Casspi,Tyreke Evans,3,7:38,WAS,shot,DeShawn Stevenson,,,,,,,,,Antawn Jamison,2,,,made,,jump,40,7
Antawn Jamison,Brendan Haywood,Caron Butler,DeShawn Stevenson,Gilbert Arenas,Beno Udrih,Ime Udoka,Jason Thompson,Omri Casspi,Tyreke Evans,3,7:15,SAC,shot,,,,,,,,,,Tyreke Evans,2,,,made,,driving reverse layup,25,6
Antawn Jamison,Brendan Haywood,Caron Butler,DeShawn Stevenson,Gilbert Arenas,Beno Udrih,Ime Udoka,Jason Thompson,Omri Casspi,Tyreke Evans,3,7:07,WAS,turnover,,,,,,,,,,Gilbert Arenas,,,traveling,,,,,
Antawn Jamison,Brendan Haywood,Caron Butler,DeShawn Stevenson,Gilbert Arenas,Beno Udrih,Ime Udoka,Jason Thompson,Omri Casspi,Tyreke Evans,3,6:59,SAC,shot,,,,,,,,,,Tyreke Evans,,,,missed,,driving layup,25,6
Antawn Jamison,Brendan Haywood,Caron Butler,DeShawn Stevenson,Gilbert Arenas,Beno Udrih,Ime Udoka,Jason Thompson,Omri Casspi,Tyreke Evans,3,6:58,WAS,rebound,,,,,,,,,,Brendan Haywood,,,,,,def,,
Antawn Jamison,Brendan Haywood,Caron Butler,DeShawn Stevenson,Gilbert Arenas,Beno Udrih,Ime Udoka,Jason Thompson,Omri Casspi,Tyreke Evans,3,6:46,WAS,shot,Caron Butler,,,,,,,,,Gilbert Arenas,3,,,made,,3pt,47,8
Antawn Jamison,Brendan Haywood,Caron Butler,DeShawn Stevenson,Gilbert Arenas,Beno Udrih,Ime Udoka,Jason Thompson,Omri Casspi,Tyreke Evans,3,6:28,WAS,foul,,,,,,,,,,Brendan Haywood,,,,,,defense 3 second,,
Antawn Jamison,Brendan Haywood,Caron Butler,DeShawn Stevenson,Gilbert Arenas,Beno Udrih,Ime Udoka,Jason Thompson,Omri Casspi,Tyreke Evans,3,6:28,SAC,free throw,,,,,,,1,,1,Beno Udrih,,,technical,made,,,,
Antawn Jamison,Brendan Haywood,Caron Butler,DeShawn Stevenson,Gilbert Arenas,Beno Udrih,Ime Udoka,Jason Thompson,Omri Casspi,Tyreke Evans,3,6:19,SAC,shot,,,,,,,,,,Omri Casspi,,,,missed,,3pt,17,30
Antawn Jamison,Brendan Haywood,Caron Butler,DeShawn Stevenson,Gilbert Arenas,Beno Udrih,Ime Udoka,Jason Thompson,Omri Casspi,Tyreke Evans,3,6:18,WAS,rebound,,,,,,,,,,Antawn Jamison,,,,,,def,,
Antawn Jamison,Brendan Haywood,Caron Butler,DeShawn Stevenson,Gilbert Arenas,Beno Udrih,Ime Udoka,Jason Thompson,Omri Casspi,Tyreke Evans,3,6:06,SAC,foul,,,,,,,,Antawn Jamison,,Jason Thompson,,,,,,shooting,,
Antawn Jamison,Brendan Haywood,Caron Butler,DeShawn Stevenson,Gilbert Arenas,Beno Udrih,Ime Udoka,Jason Thompson,Omri Casspi,Tyreke Evans,3,6:06,WAS,free throw,,,,,,,1,,2,Antawn Jamison,,,foul,made,,,,
Antawn Jamison,Brendan Haywood,Caron Butler,DeShawn Stevenson,Gilbert Arenas,Beno Udrih,Ime Udoka,Jason Thompson,Omri Casspi,Tyreke Evans,3,6:06,WAS,free throw,,,,,,,2,,2,Antawn Jamison,,,foul,made,,,,
Antawn Jamison,Brendan Haywood,Caron Butler,DeShawn Stevenson,Gilbert Arenas,Beno Udrih,Ime Udoka,Jason Thompson,Omri Casspi,Tyreke Evans,3,5:51,WAS,foul,,,,,,,,Tyreke Evans,,DeShawn Stevenson,,,,,,shooting,,
Antawn Jamison,Brendan Haywood,Caron Butler,DeShawn Stevenson,Gilbert Arenas,Beno Udrih,Ime Udoka,Jason Thompson,Omri Casspi,Tyreke Evans,3,5:51,SAC,free throw,,,,,,,1,,2,Tyreke Evans,,,foul,made,,,,
Antawn Jamison,Brendan Haywood,Caron Butler,DeShawn Stevenson,Gilbert Arenas,Beno Udrih,Ime Udoka,Jason Thompson,Omri Casspi,Tyreke Evans,3,5:51,SAC,free throw,,,,,,,2,,2,Tyreke Evans,,,foul,made,,,,
Antawn Jamison,Brendan Haywood,Caron Butler,DeShawn Stevenson,Gilbert Arenas,Beno Udrih,Ime Udoka,Jason Thompson,Omri Casspi,Tyreke Evans,3,5:33,SAC,foul,,,,,,,,,,Tyreke Evans,,,,,,defense 3 second,,
Antawn Jamison,Brendan Haywood,Caron Butler,DeShawn Stevenson,Gilbert Arenas,Beno Udrih,Ime Udoka,Jason Thompson,Omri Casspi,Tyreke Evans,3,5:33,WAS,free throw,,,,,,,1,,1,Caron Butler,,,technical,made,,,,
Antawn Jamison,Brendan Haywood,Caron Butler,DeShawn Stevenson,Gilbert Arenas,Beno Udrih,Ime Udoka,Jason Thompson,Omri Casspi,Tyreke Evans,3,5:22,WAS,turnover,,,,,,,,,,Caron Butler,,,bad pass,,,,,
Antawn Jamison,Brendan Haywood,Caron Butler,DeShawn Stevenson,Gilbert Arenas,Beno Udrih,Ime Udoka,Jason Thompson,Omri Casspi,Tyreke Evans,3,5:14,WAS,foul,,,,,,,,Omri Casspi,,Caron Butler,,,,,,shooting,,
Antawn Jamison,Brendan Haywood,Caron Butler,DeShawn Stevenson,Gilbert Arenas,Beno Udrih,Ime Udoka,Jason Thompson,Omri Casspi,Tyreke Evans,3,5:14,SAC,free throw,,,,,,,1,,2,Omri Casspi,,,foul,made,,,,
Antawn Jamison,Brendan Haywood,Caron Butler,DeShawn Stevenson,Gilbert Arenas,Beno Udrih,Ime Udoka,Jason Thompson,Omri Casspi,Tyreke Evans,3,5:14,SAC,free throw,,,,,,,2,,2,Omri Casspi,,,foul,made,,,,
Antawn Jamison,Brendan Haywood,Caron Butler,DeShawn Stevenson,Gilbert Arenas,Beno Udrih,Ime Udoka,Jason Thompson,Omri Casspi,Tyreke Evans,3,4:59,WAS,shot,,,,,,,,,,Brendan Haywood,,,,missed,,jump,20,8
Antawn Jamison,Brendan Haywood,Caron Butler,DeShawn Stevenson,Gilbert Arenas,Beno Udrih,Ime Udoka,Jason Thompson,Omri Casspi,Tyreke Evans,3,4:59,WAS,rebound,,,,,,,,,,Brendan Haywood,,,,,,off,,
Antawn Jamison,Brendan Haywood,Caron Butler,DeShawn Stevenson,Gilbert Arenas,Beno Udrih,Ime Udoka,Jason Thompson,Omri Casspi,Tyreke Evans,3,4:59,WAS,shot,,,,,,,,,,Brendan Haywood,2,,,made,,layup,25,6
Antawn Jamison,Brendan Haywood,Caron Butler,DeShawn Stevenson,Gilbert Arenas,Beno Udrih,Ime Udoka,Jason Thompson,Omri Casspi,Tyreke Evans,3,4:59,SAC,foul,,,,,,,,Brendan Haywood,,Ime Udoka,,,,,,shooting,,
Antawn Jamison,Brendan Haywood,Caron Butler,DeShawn Stevenson,Gilbert Arenas,Andres Nocioni,Beno Udrih,Ime Udoka,Jason Thompson,Omri Casspi,3,4:59,SAC,sub,,,,Andres Nocioni,,Tyreke Evans,,,,,,,,,,,,
Antawn Jamison,Brendan Haywood,Caron Butler,DeShawn Stevenson,Gilbert Arenas,Andres Nocioni,Beno Udrih,Jason Thompson,Omri Casspi,Sergio Rodriguez,3,4:59,SAC,sub,,,,Sergio Rodriguez,,Ime Udoka,,,,,,,,,,,,
Antawn Jamison,Brendan Haywood,Caron Butler,DeShawn Stevenson,Gilbert Arenas,Andres Nocioni,Beno Udrih,Jason Thompson,Omri Casspi,Sergio Rodriguez,3,4:59,WAS,free throw,,,,,,,1,,1,Brendan Haywood,,,foul,missed,,,,
Antawn Jamison,Brendan Haywood,Caron Butler,DeShawn Stevenson,Gilbert Arenas,Andres Nocioni,Beno Udrih,Jason Thompson,Omri Casspi,Sergio Rodriguez,3,4:58,WAS,rebound,,,,,,,,,,Brendan Haywood,,,,,,off,,
Antawn Jamison,Brendan Haywood,Caron Butler,DeShawn Stevenson,Gilbert Arenas,Andres Nocioni,Beno Udrih,Jason Thompson,Omri Casspi,Sergio Rodriguez,3,4:47,WAS,shot,,,,,,,,,,Gilbert Arenas,,,,missed,,3pt,18,30
Antawn Jamison,Brendan Haywood,Caron Butler,DeShawn Stevenson,Gilbert Arenas,Andres Nocioni,Beno Udrih,Jason Thompson,Omri Casspi,Sergio Rodriguez,3,4:46,SAC,rebound,,,,,,,,,,Jason Thompson,,,,,,def,,
Antawn Jamison,Brendan Haywood,Caron Butler,DeShawn Stevenson,Gilbert Arenas,Andres Nocioni,Beno Udrih,Jason Thompson,Omri Casspi,Sergio Rodriguez,3,4:31,SAC,shot,,,,,,,,,,Omri Casspi,,,,missed,,jump,38,7
Antawn Jamison,Brendan Haywood,Caron Butler,DeShawn Stevenson,Gilbert Arenas,Andres Nocioni,Beno Udrih,Jason Thompson,Omri Casspi,Sergio Rodriguez,3,4:31,SAC,rebound,,,,,,,,,,,,,,,,,,
Antawn Jamison,Brendan Haywood,Caron Butler,DeShawn Stevenson,Gilbert Arenas,Andres Nocioni,Beno Udrih,Jason Thompson,Omri Casspi,Sergio Rodriguez,3,4:26,SAC,shot,,,,,,,,,,Sergio Rodriguez,,,,missed,,3pt,39,28
Antawn Jamison,Brendan Haywood,Caron Butler,DeShawn Stevenson,Gilbert Arenas,Andres Nocioni,Beno Udrih,Jason Thompson,Omri Casspi,Sergio Rodriguez,3,4:25,WAS,rebound,,,,,,,,,,,,,,,,,,
Antawn Jamison,Brendan Haywood,Caron Butler,DeShawn Stevenson,Gilbert Arenas,Andres Nocioni,Beno Udrih,Jason Thompson,Omri Casspi,Sergio Rodriguez,3,4:09,WAS,shot,,,,,,,,,,Antawn Jamison,,,,missed,,hook,27,14
Antawn Jamison,Brendan Haywood,Caron Butler,DeShawn Stevenson,Gilbert Arenas,Andres Nocioni,Beno Udrih,Jason Thompson,Omri Casspi,Sergio Rodriguez,3,4:08,SAC,rebound,,,,,,,,,,Beno Udrih,,,,,,def,,
Antawn Jamison,Brendan Haywood,Caron Butler,DeShawn Stevenson,Gilbert Arenas,Andres Nocioni,Beno Udrih,Jason Thompson,Omri Casspi,Sergio Rodriguez,3,4:03,SAC,shot,,,,,,,,,,Beno Udrih,,,,missed,,layup,25,6
Antawn Jamison,Brendan Haywood,Caron Butler,DeShawn Stevenson,Gilbert Arenas,Andres Nocioni,Beno Udrih,Jason Thompson,Omri Casspi,Sergio Rodriguez,3,3:59,SAC,rebound,,,,,,,,,,Beno Udrih,,,,,,off,,
Antawn Jamison,Brendan Haywood,Caron Butler,DeShawn Stevenson,Gilbert Arenas,Andres Nocioni,Beno Udrih,Jason Thompson,Omri Casspi,Sergio Rodriguez,3,3:53,SAC,shot,Sergio Rodriguez,,,,,,,,,Omri Casspi,3,,,made,,3pt,1,9
Antawn Jamison,Brendan Haywood,Caron Butler,DeShawn Stevenson,Gilbert Arenas,Andres Nocioni,Beno Udrih,Jason Thompson,Omri Casspi,Sergio Rodriguez,3,3:53,SAC,foul,,,,,,,,Antawn Jamison,,Jason Thompson,,,,,,loose ball,,
Andray Blatche,Antawn Jamison,Caron Butler,DeShawn Stevenson,Gilbert Arenas,Andres Nocioni,Beno Udrih,Jason Thompson,Omri Casspi,Sergio Rodriguez,3,3:53,WAS,sub,,,,Andray Blatche,,Brendan Haywood,,,,,,,,,,,,
Andray Blatche,Antawn Jamison,Caron Butler,DeShawn Stevenson,Gilbert Arenas,Andres Nocioni,Beno Udrih,Omri Casspi,Sergio Rodriguez,Spencer Hawes,3,3:53,SAC,sub,,,,Spencer Hawes,,Jason Thompson,,,,,,,,,,,,
Andray Blatche,Antawn Jamison,Caron Butler,DeShawn Stevenson,Gilbert Arenas,Andres Nocioni,Beno Udrih,Omri Casspi,Sergio Rodriguez,Spencer Hawes,3,3:37,WAS,turnover,,,,,,,,,,Gilbert Arenas,,,bad pass,,Beno Udrih,,,
Andray Blatche,Antawn Jamison,Caron Butler,DeShawn Stevenson,Gilbert Arenas,Andres Nocioni,Beno Udrih,Omri Casspi,Sergio Rodriguez,Spencer Hawes,3,3:34,SAC,shot,,,,,,,,,,Beno Udrih,,,,missed,,layup,25,6
Andray Blatche,Antawn Jamison,Caron Butler,DeShawn Stevenson,Gilbert Arenas,Andres Nocioni,Beno Udrih,Omri Casspi,Sergio Rodriguez,Spencer Hawes,3,3:33,WAS,rebound,,,,,,,,,,Gilbert Arenas,,,,,,def,,
Andray Blatche,Antawn Jamison,Caron Butler,DeShawn Stevenson,Gilbert Arenas,Andres Nocioni,Beno Udrih,Omri Casspi,Sergio Rodriguez,Spencer Hawes,3,3:28,WAS,shot,,,,,,,,,,Caron Butler,,,,missed,,layup,25,6
Andray Blatche,Antawn Jamison,Caron Butler,DeShawn Stevenson,Gilbert Arenas,Andres Nocioni,Beno Udrih,Omri Casspi,Sergio Rodriguez,Spencer Hawes,3,3:27,WAS,rebound,,,,,,,,,,Antawn Jamison,,,,,,off,,
Andray Blatche,Antawn Jamison,Caron Butler,DeShawn Stevenson,Gilbert Arenas,Andres Nocioni,Beno Udrih,Omri Casspi,Sergio Rodriguez,Spencer Hawes,3,3:26,WAS,shot,,,,,,,,,,Antawn Jamison,,,,missed,,layup,25,6
Andray Blatche,Antawn Jamison,Caron Butler,DeShawn Stevenson,Gilbert Arenas,Andres Nocioni,Beno Udrih,Omri Casspi,Sergio Rodriguez,Spencer Hawes,3,3:25,SAC,rebound,,,,,,,,,,Spencer Hawes,,,,,,def,,
Andray Blatche,Antawn Jamison,Caron Butler,DeShawn Stevenson,Gilbert Arenas,Andres Nocioni,Beno Udrih,Omri Casspi,Sergio Rodriguez,Spencer Hawes,3,3:21,SAC,shot,Sergio Rodriguez,,,,,,,,,Andres Nocioni,3,,,made,,3pt,11,27
Andray Blatche,Antawn Jamison,Caron Butler,DeShawn Stevenson,Gilbert Arenas,Andres Nocioni,Beno Udrih,Omri Casspi,Sergio Rodriguez,Spencer Hawes,3,3:21,WAS,foul,,,,,,,,Andres Nocioni,,Gilbert Arenas,,,,,,shooting,,
Andray Blatche,Antawn Jamison,Caron Butler,DeShawn Stevenson,Gilbert Arenas,Andres Nocioni,Beno Udrih,Omri Casspi,Sergio Rodriguez,Spencer Hawes,3,3:21,WAS,timeout,,,,,,,,,,,,,,,,regular,,
Andray Blatche,Antawn Jamison,Caron Butler,Earl Boykins,Gilbert Arenas,Andres Nocioni,Beno Udrih,Omri Casspi,Sergio Rodriguez,Spencer Hawes,3,3:21,WAS,sub,,,,Earl Boykins,,DeShawn Stevenson,,,,,,,,,,,,
Andray Blatche,Antawn Jamison,Caron Butler,Earl Boykins,Gilbert Arenas,Andres Nocioni,Beno Udrih,Omri Casspi,Sergio Rodriguez,Spencer Hawes,3,3:21,SAC,free throw,,,,,,,1,,1,Andres Nocioni,,,foul,made,,,,
Andray Blatche,Antawn Jamison,Caron Butler,Earl Boykins,Gilbert Arenas,Andres Nocioni,Beno Udrih,Omri Casspi,Sergio Rodriguez,Spencer Hawes,3,3:08,WAS,shot,,,,,,,,,,Earl Boykins,2,,,made,,pullup jump,39,19
Andray Blatche,Antawn Jamison,Caron Butler,Earl Boykins,Gilbert Arenas,Andres Nocioni,Beno Udrih,Omri Casspi,Sergio Rodriguez,Spencer Hawes,3,2:52,WAS,foul,,,,,,,,Omri Casspi,,Gilbert Arenas,,,,,,shooting,,
Andray Blatche,Antawn Jamison,Caron Butler,Earl Boykins,Gilbert Arenas,Andres Nocioni,Beno Udrih,Omri Casspi,Sergio Rodriguez,Spencer Hawes,3,2:52,SAC,free throw,,,,,,,1,,2,Omri Casspi,,,foul,made,,,,
Andray Blatche,Antawn Jamison,Caron Butler,Earl Boykins,Nick Young,Andres Nocioni,Beno Udrih,Omri Casspi,Sergio Rodriguez,Spencer Hawes,3,2:52,WAS,sub,,,,Nick Young,,Gilbert Arenas,,,,,,,,,,,,
Andray Blatche,Antawn Jamison,Caron Butler,Earl Boykins,Nick Young,Andres Nocioni,Beno Udrih,Omri Casspi,Sergio Rodriguez,Spencer Hawes,3,2:52,SAC,free throw,,,,,,,2,,2,Omri Casspi,,,foul,made,,,,
Andray Blatche,Antawn Jamison,Caron Butler,Earl Boykins,Nick Young,Andres Nocioni,Beno Udrih,Omri Casspi,Sergio Rodriguez,Spencer Hawes,3,2:30,WAS,shot,,,,,,,,,,Earl Boykins,,,,missed,,jump,35,8
Andray Blatche,Antawn Jamison,Caron Butler,Earl Boykins,Nick Young,Andres Nocioni,Beno Udrih,Omri Casspi,Sergio Rodriguez,Spencer Hawes,3,2:28,WAS,rebound,,,,,,,,,,Antawn Jamison,,,,,,off,,
Andray Blatche,Antawn Jamison,Caron Butler,Earl Boykins,Nick Young,Andres Nocioni,Beno Udrih,Omri Casspi,Sergio Rodriguez,Spencer Hawes,3,2:28,WAS,shot,,,,,,,,,,Antawn Jamison,,,,missed,,tip,25,6
Andray Blatche,Antawn Jamison,Caron Butler,Earl Boykins,Nick Young,Andres Nocioni,Beno Udrih,Omri Casspi,Sergio Rodriguez,Spencer Hawes,3,2:28,WAS,rebound,,,,,,,,,,Caron Butler,,,,,,off,,
Andray Blatche,Antawn Jamison,Caron Butler,Earl Boykins,Nick Young,Andres Nocioni,Beno Udrih,Omri Casspi,Sergio Rodriguez,Spencer Hawes,3,2:28,WAS,turnover,,,,,,,,,,,,,shot clock turnover,,,,,
Andray Blatche,Antawn Jamison,Caron Butler,Earl Boykins,Nick Young,Andres Nocioni,Beno Udrih,Omri Casspi,Sergio Rodriguez,Spencer Hawes,3,2:18,SAC,shot,,,Andray Blatche,,,,,,,Sergio Rodriguez,,,,missed,,jump,19,9
Andray Blatche,Antawn Jamison,Caron Butler,Earl Boykins,Nick Young,Andres Nocioni,Beno Udrih,Omri Casspi,Sergio Rodriguez,Spencer Hawes,3,2:18,SAC,rebound,,,,,,,,,,,,,,,,,,
Andray Blatche,Antawn Jamison,Caron Butler,Earl Boykins,Nick Young,Andres Nocioni,Beno Udrih,Omri Casspi,Sergio Rodriguez,Spencer Hawes,3,2:16,SAC,shot,Omri Casspi,,,,,,,,,Beno Udrih,2,,,made,,jump,8,6
Andray Blatche,Antawn Jamison,Caron Butler,Earl Boykins,Nick Young,Andres Nocioni,Beno Udrih,Omri Casspi,Sergio Rodriguez,Spencer Hawes,3,1:53,WAS,shot,,,Omri Casspi,,,,,,,Caron Butler,,,,missed,,jump,11,16
Andray Blatche,Antawn Jamison,Caron Butler,Earl Boykins,Nick Young,Andres Nocioni,Beno Udrih,Omri Casspi,Sergio Rodriguez,Spencer Hawes,3,1:51,SAC,rebound,,,,,,,,,,Andres Nocioni,,,,,,def,,
Andray Blatche,Antawn Jamison,Caron Butler,Earl Boykins,Nick Young,Andres Nocioni,Beno Udrih,Omri Casspi,Sergio Rodriguez,Spencer Hawes,3,1:36,SAC,shot,,,,,,,,,,Beno Udrih,,,,missed,,jump,30,10
Andray Blatche,Antawn Jamison,Caron Butler,Earl Boykins,Nick Young,Andres Nocioni,Beno Udrih,Omri Casspi,Sergio Rodriguez,Spencer Hawes,3,1:36,SAC,rebound,,,,,,,,,,,,,,,,,,
Andray Blatche,Antawn Jamison,Caron Butler,Earl Boykins,Nick Young,Andres Nocioni,Beno Udrih,Omri Casspi,Sergio Rodriguez,Spencer Hawes,3,1:36,WAS,foul,,,,,,,,Beno Udrih,,Antawn Jamison,,,,,,loose ball,,
Andray Blatche,Antawn Jamison,Caron Butler,Earl Boykins,Nick Young,Andres Nocioni,Beno Udrih,Omri Casspi,Sergio Rodriguez,Spencer Hawes,3,1:36,SAC,free throw,,,,,,,1,,2,Beno Udrih,,,foul,made,,,,
Andray Blatche,Antawn Jamison,Caron Butler,Earl Boykins,Nick Young,Andres Nocioni,Beno Udrih,Omri Casspi,Sergio Rodriguez,Spencer Hawes,3,1:36,SAC,free throw,,,,,,,2,,2,Beno Udrih,,,foul,missed,,,,
Andray Blatche,Antawn Jamison,Caron Butler,Earl Boykins,Nick Young,Andres Nocioni,Beno Udrih,Omri Casspi,Sergio Rodriguez,Spencer Hawes,3,1:34,WAS,rebound,,,,,,,,,,Andray Blatche,,,,,,def,,
Andray Blatche,Antawn Jamison,Caron Butler,Earl Boykins,Nick Young,Andres Nocioni,Beno Udrih,Omri Casspi,Sergio Rodriguez,Spencer Hawes,3,1:12,WAS,shot,,,,,,,,,,Earl Boykins,2,,,made,,pullup jump,14,20
Andray Blatche,Antawn Jamison,Caron Butler,Earl Boykins,Nick Young,Andres Nocioni,Beno Udrih,Omri Casspi,Sergio Rodriguez,Spencer Hawes,3,1:01,WAS,foul,,,,,,,,Sergio Rodriguez,,Andray Blatche,,,,,,shooting,,
Andray Blatche,Antawn Jamison,Caron Butler,Earl Boykins,Nick Young,Andres Nocioni,Beno Udrih,Omri Casspi,Sergio Rodriguez,Spencer Hawes,3,1:01,SAC,free throw,,,,,,,1,,2,Sergio Rodriguez,,,foul,made,,,,
Andray Blatche,Antawn Jamison,Caron Butler,Earl Boykins,Nick Young,Andres Nocioni,Beno Udrih,Omri Casspi,Sergio Rodriguez,Spencer Hawes,3,1:01,SAC,free throw,,,,,,,2,,2,Sergio Rodriguez,,,foul,made,,,,
Andray Blatche,Antawn Jamison,Caron Butler,Earl Boykins,Nick Young,Andres Nocioni,Beno Udrih,Omri Casspi,Sergio Rodriguez,Spencer Hawes,3,0:48,WAS,shot,,,,,,,,,,Nick Young,,,,missed,,jump,25,16
Andray Blatche,Antawn Jamison,Caron Butler,Earl Boykins,Nick Young,Andres Nocioni,Beno Udrih,Omri Casspi,Sergio Rodriguez,Spencer Hawes,3,0:47,SAC,rebound,,,,,,,,,,Beno Udrih,,,,,,def,,
Andray Blatche,Antawn Jamison,Caron Butler,Earl Boykins,Nick Young,Andres Nocioni,Beno Udrih,Omri Casspi,Sergio Rodriguez,Spencer Hawes,3,0:38,SAC,shot,,,,,,,,,,Andres Nocioni,2,,,made,,driving layup,25,6
Andray Blatche,Antawn Jamison,Caron Butler,Earl Boykins,Nick Young,Andres Nocioni,Beno Udrih,Omri Casspi,Sergio Rodriguez,Spencer Hawes,3,0:19,WAS,shot,,,,,,,,,,Nick Young,,,,missed,,3pt,4,20
Andray Blatche,Antawn Jamison,Caron Butler,Earl Boykins,Nick Young,Andres Nocioni,Beno Udrih,Omri Casspi,Sergio Rodriguez,Spencer Hawes,3,0:18,SAC,rebound,,,,,,,,,,Andres Nocioni,,,,,,def,,
Andray Blatche,Antawn Jamison,Caron Butler,Earl Boykins,Nick Young,Andres Nocioni,Beno Udrih,Omri Casspi,Sergio Rodriguez,Spencer Hawes,3,0:02,SAC,turnover,,,,,,,,,,Sergio Rodriguez,,,bad pass,,Caron Butler,,,
Andray Blatche,Antawn Jamison,Caron Butler,Earl Boykins,Nick Young,Andres Nocioni,Beno Udrih,Omri Casspi,Sergio Rodriguez,Spencer Hawes,3,0:00,WAS,shot,,,,,,,,,,Caron Butler,,,,missed,,3pt,20,45
Andray Blatche,Antawn Jamison,Caron Butler,Earl Boykins,Nick Young,Andres Nocioni,Beno Udrih,Omri Casspi,Sergio Rodriguez,Spencer Hawes,3,0:00,WAS,rebound,,,,,,,,,,,,,,,,,,
Andray Blatche,Antawn Jamison,Dominic McGuire,Earl Boykins,Randy Foye,Andres Nocioni,Beno Udrih,Ime Udoka,Spencer Hawes,Tyreke Evans,4,11:39,WAS,shot,,,,,,,,,,Andray Blatche,2,,,made,,reverse layup,25,6
Andray Blatche,Antawn Jamison,Dominic McGuire,Earl Boykins,Randy Foye,Andres Nocioni,Beno Udrih,Ime Udoka,Spencer Hawes,Tyreke Evans,4,11:23,SAC,shot,,,,,,,,,,Beno Udrih,,,,missed,,3pt,40,25
Andray Blatche,Antawn Jamison,Dominic McGuire,Earl Boykins,Randy Foye,Andres Nocioni,Beno Udrih,Ime Udoka,Spencer Hawes,Tyreke Evans,4,11:21,WAS,rebound,,,,,,,,,,Andray Blatche,,,,,,def,,
Andray Blatche,Antawn Jamison,Dominic McGuire,Earl Boykins,Randy Foye,Andres Nocioni,Beno Udrih,Ime Udoka,Spencer Hawes,Tyreke Evans,4,11:11,WAS,shot,,,,,,,,,,Antawn Jamison,,,,missed,,3pt,29,31
Andray Blatche,Antawn Jamison,Dominic McGuire,Earl Boykins,Randy Foye,Andres Nocioni,Beno Udrih,Ime Udoka,Spencer Hawes,Tyreke Evans,4,11:09,SAC,rebound,,,,,,,,,,Andres Nocioni,,,,,,def,,
Andray Blatche,Antawn Jamison,Dominic McGuire,Earl Boykins,Randy Foye,Andres Nocioni,Beno Udrih,Ime Udoka,Spencer Hawes,Tyreke Evans,4,10:55,WAS,foul,,,,,,,,Andres Nocioni,,Dominic McGuire,,,,,,personal,,
Andray Blatche,Antawn Jamison,Dominic McGuire,Earl Boykins,Randy Foye,Andres Nocioni,Beno Udrih,Ime Udoka,Spencer Hawes,Tyreke Evans,4,10:41,SAC,shot,Ime Udoka,,,,,,,,,Tyreke Evans,2,,,made,,layup,25,6
Andray Blatche,Antawn Jamison,Dominic McGuire,Earl Boykins,Randy Foye,Andres Nocioni,Beno Udrih,Ime Udoka,Spencer Hawes,Tyreke Evans,4,10:23,WAS,shot,,,,,,,,,,Andray Blatche,2,,,made,,jump,39,7
Andray Blatche,Antawn Jamison,Dominic McGuire,Earl Boykins,Randy Foye,Andres Nocioni,Beno Udrih,Ime Udoka,Spencer Hawes,Tyreke Evans,4,10:06,SAC,shot,Beno Udrih,,,,,,,,,Spencer Hawes,2,,,made,,driving slam dunk,25,6
Andray Blatche,Antawn Jamison,Dominic McGuire,Earl Boykins,Randy Foye,Andres Nocioni,Beno Udrih,Ime Udoka,Spencer Hawes,Tyreke Evans,4,9:48,WAS,foul,,,,,,,,Spencer Hawes,,Randy Foye,,,,,,offensive,,
Andray Blatche,Antawn Jamison,Dominic McGuire,Earl Boykins,Randy Foye,Andres Nocioni,Beno Udrih,Ime Udoka,Spencer Hawes,Tyreke Evans,4,9:48,WAS,turnover,,,,,,,,,,Randy Foye,,,foul,,,,,
Andray Blatche,Antawn Jamison,Dominic McGuire,Earl Boykins,Randy Foye,Andres Nocioni,Beno Udrih,Ime Udoka,Spencer Hawes,Tyreke Evans,4,9:42,SAC,shot,,,,,,,,,,Tyreke Evans,2,,,made,,layup,25,6
Andray Blatche,Antawn Jamison,Dominic McGuire,Earl Boykins,Randy Foye,Andres Nocioni,Beno Udrih,Ime Udoka,Spencer Hawes,Tyreke Evans,4,9:26,SAC,foul,,,,,,,,Antawn Jamison,,Ime Udoka,,,,,,personal,,
Andray Blatche,Antawn Jamison,Dominic McGuire,Earl Boykins,Randy Foye,Andres Nocioni,Beno Udrih,Ime Udoka,Spencer Hawes,Tyreke Evans,4,9:15,WAS,shot,,,,,,,,,,Randy Foye,,,,missed,,jump,41,8
Andray Blatche,Antawn Jamison,Dominic McGuire,Earl Boykins,Randy Foye,Andres Nocioni,Beno Udrih,Ime Udoka,Spencer Hawes,Tyreke Evans,4,9:15,SAC,rebound,,,,,,,,,,Andres Nocioni,,,,,,def,,
Andray Blatche,Antawn Jamison,Dominic McGuire,Earl Boykins,Randy Foye,Andres Nocioni,Beno Udrih,Ime Udoka,Spencer Hawes,Tyreke Evans,4,9:01,SAC,shot,,,,,,,,,,Andres Nocioni,,,,missed,,jump,26,12
Andray Blatche,Antawn Jamison,Dominic McGuire,Earl Boykins,Randy Foye,Andres Nocioni,Beno Udrih,Ime Udoka,Spencer Hawes,Tyreke Evans,4,8:59,SAC,rebound,,,,,,,,,,Spencer Hawes,,,,,,off,,
Andray Blatche,Antawn Jamison,Dominic McGuire,Earl Boykins,Randy Foye,Andres Nocioni,Beno Udrih,Ime Udoka,Spencer Hawes,Tyreke Evans,4,8:56,SAC,shot,,,,,,,,,,Andres Nocioni,,,,missed,,jump,10,13
Andray Blatche,Antawn Jamison,Dominic McGuire,Earl Boykins,Randy Foye,Andres Nocioni,Beno Udrih,Ime Udoka,Spencer Hawes,Tyreke Evans,4,8:55,WAS,rebound,,,,,,,,,,Earl Boykins,,,,,,def,,
Andray Blatche,Antawn Jamison,Dominic McGuire,Earl Boykins,Randy Foye,Andres Nocioni,Beno Udrih,Ime Udoka,Spencer Hawes,Tyreke Evans,4,8:46,WAS,shot,,,,,,,,,,Earl Boykins,,,,missed,,pullup jump,16,20
Andray Blatche,Antawn Jamison,Dominic McGuire,Earl Boykins,Randy Foye,Andres Nocioni,Beno Udrih,Ime Udoka,Spencer Hawes,Tyreke Evans,4,8:45,SAC,rebound,,,,,,,,,,Ime Udoka,,,,,,def,,
Andray Blatche,Antawn Jamison,Dominic McGuire,Earl Boykins,Randy Foye,Andres Nocioni,Beno Udrih,Ime Udoka,Spencer Hawes,Tyreke Evans,4,8:36,SAC,timeout,,,,,,,,,,,,,,,,official,,
Andray Blatche,Dominic McGuire,Earl Boykins,Gilbert Arenas,Randy Foye,Andres Nocioni,Beno Udrih,Ime Udoka,Spencer Hawes,Tyreke Evans,4,8:36,WAS,sub,,,,Gilbert Arenas,,Antawn Jamison,,,,,,,,,,,,
Andray Blatche,Brendan Haywood,Dominic McGuire,Gilbert Arenas,Randy Foye,Andres Nocioni,Beno Udrih,Ime Udoka,Spencer Hawes,Tyreke Evans,4,8:36,WAS,sub,,,,Brendan Haywood,,Earl Boykins,,,,,,,,,,,,
Andray Blatche,Brendan Haywood,Dominic McGuire,Gilbert Arenas,Randy Foye,Andres Nocioni,Beno Udrih,Ime Udoka,Spencer Hawes,Tyreke Evans,4,8:26,SAC,shot,,,,,,,,,,Tyreke Evans,,,,missed,,pullup jump,39,15
Andray Blatche,Brendan Haywood,Dominic McGuire,Gilbert Arenas,Randy Foye,Andres Nocioni,Beno Udrih,Ime Udoka,Spencer Hawes,Tyreke Evans,4,8:24,WAS,rebound,,,,,,,,,,Randy Foye,,,,,,def,,
Andray Blatche,Brendan Haywood,Dominic McGuire,Gilbert Arenas,Randy Foye,Andres Nocioni,Beno Udrih,Ime Udoka,Spencer Hawes,Tyreke Evans,4,8:12,WAS,shot,,,,,,,,,,Gilbert Arenas,2,,,made,,driving layup,25,6
Andray Blatche,Brendan Haywood,Dominic McGuire,Gilbert Arenas,Randy Foye,Andres Nocioni,Beno Udrih,Ime Udoka,Spencer Hawes,Tyreke Evans,4,7:49,SAC,turnover,,,,,,,,,,Spencer Hawes,,,traveling,,,,,
Andray Blatche,Brendan Haywood,Dominic McGuire,Gilbert Arenas,Randy Foye,Andres Nocioni,Beno Udrih,Ime Udoka,Jason Thompson,Tyreke Evans,4,7:49,SAC,sub,,,,Jason Thompson,,Spencer Hawes,,,,,,,,,,,,
Andray Blatche,Brendan Haywood,Dominic McGuire,Gilbert Arenas,Randy Foye,Andres Nocioni,Beno Udrih,Ime Udoka,Jason Thompson,Tyreke Evans,4,7:39,WAS,shot,,,,,,,,,,Gilbert Arenas,,,,missed,,jump,15,24
Andray Blatche,Brendan Haywood,Dominic McGuire,Gilbert Arenas,Randy Foye,Andres Nocioni,Beno Udrih,Ime Udoka,Jason Thompson,Tyreke Evans,4,7:38,SAC,rebound,,,,,,,,,,Ime Udoka,,,,,,def,,
Andray Blatche,Brendan Haywood,Dominic McGuire,Gilbert Arenas,Randy Foye,Andres Nocioni,Beno Udrih,Ime Udoka,Jason Thompson,Tyreke Evans,4,7:17,SAC,shot,,,,,,,,,,Tyreke Evans,,,,missed,,jump,25,27
Andray Blatche,Brendan Haywood,Dominic McGuire,Gilbert Arenas,Randy Foye,Andres Nocioni,Beno Udrih,Ime Udoka,Jason Thompson,Tyreke Evans,4,7:16,WAS,rebound,,,,,,,,,,Gilbert Arenas,,,,,,def,,
Andray Blatche,Brendan Haywood,Dominic McGuire,Gilbert Arenas,Randy Foye,Andres Nocioni,Beno Udrih,Ime Udoka,Jason Thompson,Tyreke Evans,4,7:09,SAC,foul,,,,,,,,Gilbert Arenas,,Tyreke Evans,,,,,,shooting,,
Andray Blatche,Brendan Haywood,Dominic McGuire,Gilbert Arenas,Randy Foye,Andres Nocioni,Beno Udrih,Ime Udoka,Jason Thompson,Tyreke Evans,4,7:09,WAS,free throw,,,,,,,1,,2,Gilbert Arenas,,,foul,made,,,,
Andray Blatche,Brendan Haywood,Dominic McGuire,Gilbert Arenas,Randy Foye,Andres Nocioni,Beno Udrih,Jason Thompson,Omri Casspi,Tyreke Evans,4,7:09,SAC,sub,,,,Omri Casspi,,Ime Udoka,,,,,,,,,,,,
Andray Blatche,Brendan Haywood,Dominic McGuire,Gilbert Arenas,Randy Foye,Andres Nocioni,Beno Udrih,Jason Thompson,Omri Casspi,Tyreke Evans,4,7:09,WAS,free throw,,,,,,,2,,2,Gilbert Arenas,,,foul,made,,,,
Andray Blatche,Brendan Haywood,Dominic McGuire,Gilbert Arenas,Randy Foye,Andres Nocioni,Beno Udrih,Jason Thompson,Omri Casspi,Tyreke Evans,4,6:55,SAC,shot,,,,,,,,,,Tyreke Evans,,,,missed,,layup,25,6
Andray Blatche,Brendan Haywood,Dominic McGuire,Gilbert Arenas,Randy Foye,Andres Nocioni,Beno Udrih,Jason Thompson,Omri Casspi,Tyreke Evans,4,6:54,WAS,rebound,,,,,,,,,,Dominic McGuire,,,,,,def,,
Andray Blatche,Brendan Haywood,Dominic McGuire,Gilbert Arenas,Randy Foye,Andres Nocioni,Beno Udrih,Jason Thompson,Omri Casspi,Tyreke Evans,4,6:47,WAS,shot,,,,,,,,,,Gilbert Arenas,,,,missed,,3pt,31,30
Andray Blatche,Brendan Haywood,Dominic McGuire,Gilbert Arenas,Randy Foye,Andres Nocioni,Beno Udrih,Jason Thompson,Omri Casspi,Tyreke Evans,4,6:46,SAC,rebound,,,,,,,,,,Jason Thompson,,,,,,def,,
Andray Blatche,Brendan Haywood,Dominic McGuire,Gilbert Arenas,Randy Foye,Andres Nocioni,Beno Udrih,Jason Thompson,Omri Casspi,Tyreke Evans,4,6:41,WAS,foul,,,,,,,,Omri Casspi,,Gilbert Arenas,,,,,,shooting,,
Andray Blatche,Brendan Haywood,Dominic McGuire,Gilbert Arenas,Randy Foye,Andres Nocioni,Beno Udrih,Jason Thompson,Omri Casspi,Tyreke Evans,4,6:41,SAC,free throw,,,,,,,1,,2,Omri Casspi,,,foul,made,,,,
Andray Blatche,Brendan Haywood,Dominic McGuire,Gilbert Arenas,Randy Foye,Andres Nocioni,Beno Udrih,Jason Thompson,Omri Casspi,Tyreke Evans,4,6:41,SAC,free throw,,,,,,,2,,2,Omri Casspi,,,foul,made,,,,
Andray Blatche,Brendan Haywood,Dominic McGuire,Gilbert Arenas,Randy Foye,Andres Nocioni,Beno Udrih,Jason Thompson,Omri Casspi,Tyreke Evans,4,6:25,WAS,shot,,,Jason Thompson,,,,,,,Andray Blatche,,,,missed,,jump,35,8
Andray Blatche,Brendan Haywood,Dominic McGuire,Gilbert Arenas,Randy Foye,Andres Nocioni,Beno Udrih,Jason Thompson,Omri Casspi,Tyreke Evans,4,6:23,SAC,rebound,,,,,,,,,,Tyreke Evans,,,,,,def,,
Andray Blatche,Brendan Haywood,Dominic McGuire,Gilbert Arenas,Randy Foye,Andres Nocioni,Beno Udrih,Jason Thompson,Omri Casspi,Tyreke Evans,4,6:18,SAC,shot,Beno Udrih,,,,,,,,,Andres Nocioni,3,,,made,,3pt,40,25
Andray Blatche,Brendan Haywood,Dominic McGuire,Gilbert Arenas,Randy Foye,Andres Nocioni,Beno Udrih,Jason Thompson,Omri Casspi,Tyreke Evans,4,6:17,WAS,timeout,,,,,,,,,,,,,,,,regular,,
Brendan Haywood,Caron Butler,Dominic McGuire,Gilbert Arenas,Randy Foye,Andres Nocioni,Beno Udrih,Jason Thompson,Omri Casspi,Tyreke Evans,4,6:17,WAS,sub,,,,Caron Butler,,Andray Blatche,,,,,,,,,,,,
Antawn Jamison,Brendan Haywood,Caron Butler,Dominic McGuire,Gilbert Arenas,Andres Nocioni,Beno Udrih,Jason Thompson,Omri Casspi,Tyreke Evans,4,6:17,WAS,sub,,,,Antawn Jamison,,Randy Foye,,,,,,,,,,,,
Antawn Jamison,Brendan Haywood,Caron Butler,Dominic McGuire,Gilbert Arenas,Andres Nocioni,Beno Udrih,Jason Thompson,Omri Casspi,Tyreke Evans,4,6:06,WAS,shot,,,,,,,,,,Gilbert Arenas,2,,,made,,pullup bank,40,12
Antawn Jamison,Brendan Haywood,Caron Butler,Dominic McGuire,Gilbert Arenas,Andres Nocioni,Beno Udrih,Jason Thompson,Omri Casspi,Tyreke Evans,4,5:44,SAC,shot,,,,,,,,,,Andres Nocioni,,,,missed,,3pt,18,30
Antawn Jamison,Brendan Haywood,Caron Butler,Dominic McGuire,Gilbert Arenas,Andres Nocioni,Beno Udrih,Jason Thompson,Omri Casspi,Tyreke Evans,4,5:43,WAS,rebound,,,,,,,,,,Gilbert Arenas,,,,,,def,,
Antawn Jamison,Brendan Haywood,Caron Butler,Dominic McGuire,Gilbert Arenas,Andres Nocioni,Beno Udrih,Jason Thompson,Omri Casspi,Tyreke Evans,4,5:36,SAC,foul,,,,,,,,Antawn Jamison,,Jason Thompson,,,,,,shooting,,
Antawn Jamison,Brendan Haywood,Caron Butler,Dominic McGuire,Gilbert Arenas,Andres Nocioni,Beno Udrih,Jason Thompson,Omri Casspi,Tyreke Evans,4,5:36,WAS,free throw,,,,,,,1,,2,Antawn Jamison,,,foul,made,,,,
Antawn Jamison,Brendan Haywood,Caron Butler,Dominic McGuire,Gilbert Arenas,Andres Nocioni,Beno Udrih,Jason Thompson,Omri Casspi,Tyreke Evans,4,5:36,WAS,free throw,,,,,,,2,,2,Antawn Jamison,,,foul,made,,,,
Antawn Jamison,Brendan Haywood,Caron Butler,Dominic McGuire,Gilbert Arenas,Andres Nocioni,Beno Udrih,Jason Thompson,Omri Casspi,Tyreke Evans,4,5:24,WAS,foul,,,,,,,,Jason Thompson,,Antawn Jamison,,,,,,shooting,,
Antawn Jamison,Brendan Haywood,Caron Butler,Dominic McGuire,Gilbert Arenas,Andres Nocioni,Beno Udrih,Jason Thompson,Omri Casspi,Tyreke Evans,4,5:24,SAC,free throw,,,,,,,1,,2,Jason Thompson,,,foul,made,,,,
Antawn Jamison,Brendan Haywood,Caron Butler,Dominic McGuire,Gilbert Arenas,Andres Nocioni,Beno Udrih,Jason Thompson,Omri Casspi,Tyreke Evans,4,5:24,SAC,free throw,,,,,,,2,,2,Jason Thompson,,,foul,missed,,,,
Antawn Jamison,Brendan Haywood,Caron Butler,Dominic McGuire,Gilbert Arenas,Andres Nocioni,Beno Udrih,Jason Thompson,Omri Casspi,Tyreke Evans,4,5:24,WAS,rebound,,,,,,,,,,Brendan Haywood,,,,,,def,,
Antawn Jamison,Brendan Haywood,Caron Butler,Dominic McGuire,Gilbert Arenas,Andres Nocioni,Beno Udrih,Jason Thompson,Omri Casspi,Tyreke Evans,4,5:14,WAS,shot,,,Jason Thompson,,,,,,,Gilbert Arenas,,,,missed,,layup,25,6
Antawn Jamison,Brendan Haywood,Caron Butler,Dominic McGuire,Gilbert Arenas,Andres Nocioni,Beno Udrih,Jason Thompson,Omri Casspi,Tyreke Evans,4,5:03,WAS,rebound,,,,,,,,,,,,,,,,,,
Antawn Jamison,Brendan Haywood,Caron Butler,Dominic McGuire,Gilbert Arenas,Andres Nocioni,Beno Udrih,Jason Thompson,Omri Casspi,Tyreke Evans,4,5:03,WAS,shot,Gilbert Arenas,,,,,,,,,Antawn Jamison,2,,,made,,floating jump,24,12
Antawn Jamison,Brendan Haywood,Caron Butler,Dominic McGuire,Gilbert Arenas,Andres Nocioni,Beno Udrih,Jason Thompson,Omri Casspi,Tyreke Evans,4,4:40,SAC,shot,Andres Nocioni,,,,,,,,,Omri Casspi,2,,,made,,jump,10,7
Antawn Jamison,Brendan Haywood,Caron Butler,Dominic McGuire,Gilbert Arenas,Andres Nocioni,Beno Udrih,Jason Thompson,Omri Casspi,Tyreke Evans,4,4:26,WAS,turnover,,,,,,,,,,Antawn Jamison,,,bad pass,,Andres Nocioni,,,
Antawn Jamison,Brendan Haywood,Caron Butler,Dominic McGuire,Gilbert Arenas,Andres Nocioni,Beno Udrih,Jason Thompson,Omri Casspi,Tyreke Evans,4,4:23,SAC,shot,Omri Casspi,,,,,,,,,Tyreke Evans,2,,,made,,dunk,25,6
Antawn Jamison,Brendan Haywood,Caron Butler,Dominic McGuire,Gilbert Arenas,Andres Nocioni,Beno Udrih,Jason Thompson,Omri Casspi,Tyreke Evans,4,4:11,WAS,shot,,,,,,,,,,Gilbert Arenas,,,,missed,,jump,6,12
Antawn Jamison,Brendan Haywood,Caron Butler,Dominic McGuire,Gilbert Arenas,Andres Nocioni,Beno Udrih,Jason Thompson,Omri Casspi,Tyreke Evans,4,4:10,WAS,rebound,,,,,,,,,,Dominic McGuire,,,,,,off,,
Antawn Jamison,Brendan Haywood,Caron Butler,Dominic McGuire,Gilbert Arenas,Andres Nocioni,Beno Udrih,Jason Thompson,Omri Casspi,Tyreke Evans,4,4:09,WAS,shot,Dominic McGuire,,,,,,,,,Brendan Haywood,2,,,made,,layup,25,6
Antawn Jamison,Brendan Haywood,Caron Butler,Dominic McGuire,Gilbert Arenas,Andres Nocioni,Beno Udrih,Jason Thompson,Omri Casspi,Tyreke Evans,4,4:09,SAC,foul,,,,,,,,Brendan Haywood,,Jason Thompson,,,,,,shooting,,
Antawn Jamison,Brendan Haywood,Caron Butler,Dominic McGuire,Gilbert Arenas,Andres Nocioni,Beno Udrih,Jason Thompson,Omri Casspi,Tyreke Evans,4,4:09,SAC,timeout,,,,,,,,,,,,,,,,regular,,
Antawn Jamison,Brendan Haywood,Caron Butler,Dominic McGuire,Gilbert Arenas,Andres Nocioni,Beno Udrih,Jason Thompson,Omri Casspi,Tyreke Evans,4,4:09,WAS,free throw,,,,,,,1,,1,Brendan Haywood,,,foul,made,,,,
Antawn Jamison,Brendan Haywood,Caron Butler,Dominic McGuire,Gilbert Arenas,Andres Nocioni,Beno Udrih,Jason Thompson,Omri Casspi,Tyreke Evans,4,3:53,SAC,shot,,,,,,,,,,Omri Casspi,,,,missed,,3pt,1,9
Antawn Jamison,Brendan Haywood,Caron Butler,Dominic McGuire,Gilbert Arenas,Andres Nocioni,Beno Udrih,Jason Thompson,Omri Casspi,Tyreke Evans,4,3:52,WAS,rebound,,,,,,,,,,Caron Butler,,,,,,def,,
Antawn Jamison,Brendan Haywood,Caron Butler,Dominic McGuire,Gilbert Arenas,Andres Nocioni,Beno Udrih,Jason Thompson,Omri Casspi,Tyreke Evans,4,3:45,WAS,shot,Gilbert Arenas,,,,,,,,,Caron Butler,2,,,made,,jump,9,17
Antawn Jamison,Brendan Haywood,Caron Butler,Dominic McGuire,Gilbert Arenas,Andres Nocioni,Beno Udrih,Jason Thompson,Omri Casspi,Tyreke Evans,4,3:21,SAC,shot,,,,,,,,,,Andres Nocioni,,,,missed,,3pt,45,19
Antawn Jamison,Brendan Haywood,Caron Butler,Dominic McGuire,Gilbert Arenas,Andres Nocioni,Beno Udrih,Jason Thompson,Omri Casspi,Tyreke Evans,4,3:20,WAS,rebound,,,,,,,,,,Caron Butler,,,,,,def,,
Antawn Jamison,Brendan Haywood,Caron Butler,Dominic McGuire,Gilbert Arenas,Andres Nocioni,Beno Udrih,Jason Thompson,Omri Casspi,Tyreke Evans,4,3:09,SAC,foul,,,,,,,,Gilbert Arenas,,Beno Udrih,,,,,,shooting,,
Antawn Jamison,Brendan Haywood,Caron Butler,Dominic McGuire,Gilbert Arenas,Andres Nocioni,Beno Udrih,Jason Thompson,Omri Casspi,Tyreke Evans,4,3:09,WAS,free throw,,,,,,,1,,2,Gilbert Arenas,,,foul,made,,,,
Antawn Jamison,Brendan Haywood,Caron Butler,Dominic McGuire,Gilbert Arenas,Andres Nocioni,Ime Udoka,Jason Thompson,Omri Casspi,Tyreke Evans,4,3:09,SAC,sub,,,,Ime Udoka,,Beno Udrih,,,,,,,,,,,,
Antawn Jamison,Brendan Haywood,Caron Butler,Dominic McGuire,Gilbert Arenas,Andres Nocioni,Ime Udoka,Jason Thompson,Omri Casspi,Tyreke Evans,4,3:09,WAS,free throw,,,,,,,2,,2,Gilbert Arenas,,,foul,made,,,,
Antawn Jamison,Brendan Haywood,Caron Butler,Dominic McGuire,Gilbert Arenas,Andres Nocioni,Ime Udoka,Jason Thompson,Omri Casspi,Tyreke Evans,4,2:49,SAC,shot,,,,,,,,,,Tyreke Evans,2,,,made,,jump,31,26
Antawn Jamison,Brendan Haywood,Caron Butler,Dominic McGuire,Gilbert Arenas,Andres Nocioni,Ime Udoka,Jason Thompson,Omri Casspi,Tyreke Evans,4,2:40,WAS,shot,,,Tyreke Evans,,,,,,,Caron Butler,,,,missed,,jump,40,13
Antawn Jamison,Brendan Haywood,Caron Butler,Dominic McGuire,Gilbert Arenas,Andres Nocioni,Ime Udoka,Jason Thompson,Omri Casspi,Tyreke Evans,4,2:39,SAC,rebound,,,,,,,,,,Jason Thompson,,,,,,def,,
Antawn Jamison,Brendan Haywood,Caron Butler,Dominic McGuire,Gilbert Arenas,Andres Nocioni,Ime Udoka,Jason Thompson,Omri Casspi,Tyreke Evans,4,2:27,SAC,shot,,,,,,,,,,Omri Casspi,,,,missed,,3pt,47,10
Antawn Jamison,Brendan Haywood,Caron Butler,Dominic McGuire,Gilbert Arenas,Andres Nocioni,Ime Udoka,Jason Thompson,Omri Casspi,Tyreke Evans,4,2:26,SAC,rebound,,,,,,,,,,Andres Nocioni,,,,,,off,,
Antawn Jamison,Brendan Haywood,Caron Butler,Dominic McGuire,Gilbert Arenas,Andres Nocioni,Ime Udoka,Jason Thompson,Omri Casspi,Tyreke Evans,4,2:16,SAC,turnover,,,,,,,,,,Tyreke Evans,,,poss lost ball turnover,,,,,
Antawn Jamison,Brendan Haywood,Caron Butler,Dominic McGuire,Gilbert Arenas,Andres Nocioni,Ime Udoka,Jason Thompson,Omri Casspi,Tyreke Evans,4,2:12,SAC,foul,,,,,,,,Gilbert Arenas,,Omri Casspi,,,,,,shooting,,
Antawn Jamison,Brendan Haywood,Caron Butler,Dominic McGuire,Gilbert Arenas,Andres Nocioni,Ime Udoka,Jason Thompson,Omri Casspi,Tyreke Evans,4,2:12,WAS,free throw,,,,,,,1,,2,Gilbert Arenas,,,foul,made,,,,
Antawn Jamison,Brendan Haywood,Caron Butler,Dominic McGuire,Gilbert Arenas,Beno Udrih,Ime Udoka,Jason Thompson,Omri Casspi,Tyreke Evans,4,2:12,SAC,sub,,,,Beno Udrih,,Andres Nocioni,,,,,,,,,,,,
Antawn Jamison,Brendan Haywood,Caron Butler,Dominic McGuire,Gilbert Arenas,Beno Udrih,Ime Udoka,Jason Thompson,Omri Casspi,Tyreke Evans,4,2:12,WAS,free throw,,,,,,,2,,2,Gilbert Arenas,,,foul,missed,,,,
Antawn Jamison,Brendan Haywood,Caron Butler,Dominic McGuire,Gilbert Arenas,Beno Udrih,Ime Udoka,Jason Thompson,Omri Casspi,Tyreke Evans,4,2:12,SAC,rebound,,,,,,,,,,Ime Udoka,,,,,,def,,
Antawn Jamison,Brendan Haywood,Caron Butler,Dominic McGuire,Gilbert Arenas,Beno Udrih,Ime Udoka,Jason Thompson,Omri Casspi,Tyreke Evans,4,1:56,SAC,shot,,,,,,,,,,Ime Udoka,,,,missed,,3pt,48,8
Antawn Jamison,Brendan Haywood,Caron Butler,Dominic McGuire,Gilbert Arenas,Beno Udrih,Ime Udoka,Jason Thompson,Omri Casspi,Tyreke Evans,4,1:55,SAC,rebound,,,,,,,,,,Jason Thompson,,,,,,off,,
Antawn Jamison,Brendan Haywood,Caron Butler,Dominic McGuire,Gilbert Arenas,Beno Udrih,Ime Udoka,Jason Thompson,Omri Casspi,Tyreke Evans,4,1:55,SAC,shot,,,,,,,,,,Jason Thompson,2,,,made,,layup,25,6
Antawn Jamison,Brendan Haywood,Caron Butler,Dominic McGuire,Gilbert Arenas,Beno Udrih,Ime Udoka,Jason Thompson,Omri Casspi,Tyreke Evans,4,1:48,WAS,shot,,,,,,,,,,Gilbert Arenas,2,,,made,,jump,30,23
Antawn Jamison,Brendan Haywood,Caron Butler,Dominic McGuire,Gilbert Arenas,Beno Udrih,Ime Udoka,Jason Thompson,Omri Casspi,Tyreke Evans,4,1:28,SAC,shot,,,,,,,,,,Omri Casspi,,,,missed,,3pt,1,9
Antawn Jamison,Brendan Haywood,Caron Butler,Dominic McGuire,Gilbert Arenas,Beno Udrih,Ime Udoka,Jason Thompson,Omri Casspi,Tyreke Evans,4,1:25,SAC,rebound,,,,,,,,,,Jason Thompson,,,,,,off,,
Antawn Jamison,Brendan Haywood,Caron Butler,Dominic McGuire,Gilbert Arenas,Beno Udrih,Ime Udoka,Jason Thompson,Omri Casspi,Tyreke Evans,4,1:25,SAC,shot,,,,,,,,,,Jason Thompson,,,,missed,,tip,25,6
Antawn Jamison,Brendan Haywood,Caron Butler,Dominic McGuire,Gilbert Arenas,Beno Udrih,Ime Udoka,Jason Thompson,Omri Casspi,Tyreke Evans,4,1:21,WAS,rebound,,,,,,,,,,Brendan Haywood,,,,,,def,,
Antawn Jamison,Brendan Haywood,Caron Butler,Dominic McGuire,Gilbert Arenas,Beno Udrih,Ime Udoka,Jason Thompson,Omri Casspi,Tyreke Evans,4,1:13,WAS,shot,,,,,,,,,,Gilbert Arenas,2,,,made,,driving layup,25,6
Antawn Jamison,Brendan Haywood,Caron Butler,Dominic McGuire,Gilbert Arenas,Beno Udrih,Ime Udoka,Jason Thompson,Omri Casspi,Tyreke Evans,4,0:54,SAC,turnover,,,,,,,,,,Omri Casspi,,,lost ball,,Gilbert Arenas,,,
Antawn Jamison,Brendan Haywood,Caron Butler,Dominic McGuire,Gilbert Arenas,Beno Udrih,Ime Udoka,Jason Thompson,Omri Casspi,Tyreke Evans,4,0:46,WAS,shot,,,,,,,,,,Antawn Jamison,,,,missed,,3pt,48,8
Antawn Jamison,Brendan Haywood,Caron Butler,Dominic McGuire,Gilbert Arenas,Beno Udrih,Ime Udoka,Jason Thompson,Omri Casspi,Tyreke Evans,4,0:44,SAC,rebound,,,,,,,,,,Omri Casspi,,,,,,def,,
Antawn Jamison,Brendan Haywood,Caron Butler,Dominic McGuire,Gilbert Arenas,Beno Udrih,Ime Udoka,Jason Thompson,Omri Casspi,Tyreke Evans,4,0:27,SAC,shot,,,Brendan Haywood,,,,,,,Tyreke Evans,,,,missed,,layup,25,6
Antawn Jamison,Brendan Haywood,Caron Butler,Dominic McGuire,Gilbert Arenas,Beno Udrih,Ime Udoka,Jason Thompson,Omri Casspi,Tyreke Evans,4,0:25,SAC,rebound,,,,,,,,,,Jason Thompson,,,,,,off,,
Antawn Jamison,Brendan Haywood,Caron Butler,Dominic McGuire,Gilbert Arenas,Beno Udrih,Ime Udoka,Jason Thompson,Omri Casspi,Tyreke Evans,4,0:22,SAC,shot,,,,,,,,,,Ime Udoka,,,,missed,,3pt,1,10
Antawn Jamison,Brendan Haywood,Caron Butler,Dominic McGuire,Gilbert Arenas,Beno Udrih,Ime Udoka,Jason Thompson,Omri Casspi,Tyreke Evans,4,0:21,SAC,rebound,,,,,,,,,,Tyreke Evans,,,,,,off,,
Antawn Jamison,Brendan Haywood,Caron Butler,Dominic McGuire,Gilbert Arenas,Beno Udrih,Ime Udoka,Jason Thompson,Omri Casspi,Tyreke Evans,4,0:20,WAS,foul,,,,,,,,Tyreke Evans,,Antawn Jamison,,,,,,personal,,
Antawn Jamison,Caron Butler,DeShawn Stevenson,Dominic McGuire,Gilbert Arenas,Beno Udrih,Ime Udoka,Jason Thompson,Omri Casspi,Tyreke Evans,4,0:20,WAS,sub,,,,DeShawn Stevenson,,Brendan Haywood,,,,,,,,,,,,
Antawn Jamison,Caron Butler,DeShawn Stevenson,Dominic McGuire,Gilbert Arenas,Beno Udrih,Ime Udoka,Jason Thompson,Omri Casspi,Tyreke Evans,4,0:20,SAC,turnover,,,,,,,,,,Ime Udoka,,,bad pass,,Caron Butler,,,
Antawn Jamison,Caron Butler,DeShawn Stevenson,Dominic McGuire,Gilbert Arenas,Beno Udrih,Ime Udoka,Jason Thompson,Omri Casspi,Tyreke Evans,4,0:18,WAS,shot,,,,,,,,,,Caron Butler,2,,,made,,dunk,25,6
Antawn Jamison,Caron Butler,DeShawn Stevenson,Dominic McGuire,Gilbert Arenas,Beno Udrih,Ime Udoka,Jason Thompson,Omri Casspi,Tyreke Evans,4,0:17,WAS,foul,,,,,,,,Beno Udrih,,Antawn Jamison,,,,,,personal,,
Antawn Jamison,Brendan Haywood,Caron Butler,Dominic McGuire,Gilbert Arenas,Beno Udrih,Ime Udoka,Jason Thompson,Omri Casspi,Tyreke Evans,4,0:17,WAS,sub,,,,Brendan Haywood,,DeShawn Stevenson,,,,,,,,,,,,
Antawn Jamison,Brendan Haywood,Caron Butler,Dominic McGuire,Gilbert Arenas,Beno Udrih,Ime Udoka,Jason Thompson,Omri Casspi,Tyreke Evans,4,0:17,SAC,free throw,,,,,,,1,,2,Beno Udrih,,,foul,made,,,,
Antawn Jamison,Brendan Haywood,Caron Butler,Dominic McGuire,Gilbert Arenas,Beno Udrih,Ime Udoka,Jason Thompson,Omri Casspi,Tyreke Evans,4,0:17,SAC,free throw,,,,,,,2,,2,Beno Udrih,,,foul,missed,,,,
Antawn Jamison,Brendan Haywood,Caron Butler,Dominic McGuire,Gilbert Arenas,Beno Udrih,Ime Udoka,Jason Thompson,Omri Casspi,Tyreke Evans,4,0:16,WAS,rebound,,,,,,,,,,Caron Butler,,,,,,def,,
Antawn Jamison,Brendan Haywood,Caron Butler,Dominic McGuire,Gilbert Arenas,Beno Udrih,Ime Udoka,Jason Thompson,Omri Casspi,Tyreke Evans,4,0:16,WAS,timeout,,,,,,,,,,,,,,,,regular,,
Antawn Jamison,Brendan Haywood,Caron Butler,Dominic McGuire,Gilbert Arenas,Donte Greene,Ime Udoka,Jason Thompson,Omri Casspi,Tyreke Evans,4,0:16,SAC,sub,,,,Donte Greene,,Beno Udrih,,,,,,,,,,,,
Antawn Jamison,Brendan Haywood,Caron Butler,Dominic McGuire,Gilbert Arenas,Donte Greene,Ime Udoka,Jason Thompson,Omri Casspi,Tyreke Evans,4,0:16,SAC,foul,,,,,,,,Gilbert Arenas,,Tyreke Evans,,,,,,away from play,,
Antawn Jamison,Brendan Haywood,Caron Butler,Dominic McGuire,Gilbert Arenas,Donte Greene,Ime Udoka,Jason Thompson,Omri Casspi,Tyreke Evans,4,0:16,WAS,free throw,,,,,,,1,,1,Caron Butler,,,foul,made,,,,
Antawn Jamison,Brendan Haywood,Caron Butler,Dominic McGuire,Gilbert Arenas,Donte Greene,Ime Udoka,Jason Thompson,Omri Casspi,Tyreke Evans,4,0:03,WAS,turnover,,,,,,,,,,Gilbert Arenas,,,lost ball,,,,,
Antawn Jamison,Brendan Haywood,Caron Butler,Dominic McGuire,Gilbert Arenas,Donte Greene,Ime Udoka,Jason Thompson,Omri Casspi,Tyreke Evans,4,0:03,WAS,foul,,,,,,,,Tyreke Evans,,Gilbert Arenas,,,,,,loose ball,,
Antawn Jamison,Brendan Haywood,Caron Butler,DeShawn Stevenson,Dominic McGuire,Donte Greene,Ime Udoka,Jason Thompson,Omri Casspi,Tyreke Evans,4,0:03,WAS,sub,,,,DeShawn Stevenson,,Gilbert Arenas,,,,,,,,,,,,
Antawn Jamison,Brendan Haywood,Caron Butler,DeShawn Stevenson,Dominic McGuire,Donte Greene,Ime Udoka,Jason Thompson,Omri Casspi,Tyreke Evans,4,0:03,SAC,free throw,,,,,,,1,,2,Tyreke Evans,,,foul,made,,,,
Antawn Jamison,Brendan Haywood,Caron Butler,DeShawn Stevenson,Dominic McGuire,Donte Greene,Ime Udoka,Jason Thompson,Omri Casspi,Tyreke Evans,4,0:03,SAC,free throw,,,,,,,2,,2,Tyreke Evans,,,foul,made,,,,
Antawn Jamison,Brendan Haywood,Caron Butler,DeShawn Stevenson,Dominic McGuire,Donte Greene,Ime Udoka,Jason Thompson,Omri Casspi,Tyreke Evans,4,0:03,WAS,timeout,,,,,,,,,,,,,,,,short,,
Andray Blatche,Antawn Jamison,Caron Butler,DeShawn Stevenson,Dominic McGuire,Donte Greene,Ime Udoka,Jason Thompson,Omri Casspi,Tyreke Evans,4,0:03,WAS,sub,,,,Andray Blatche,,Brendan Haywood,,,,,,,,,,,,
Andray Blatche,Antawn Jamison,Caron Butler,Dominic McGuire,Nick Young,Donte Greene,Ime Udoka,Jason Thompson,Omri Casspi,Tyreke Evans,4,0:03,WAS,sub,,,,Nick Young,,DeShawn Stevenson,,,,,,,,,,,,
Andray Blatche,Antawn Jamison,Caron Butler,Earl Boykins,Nick Young,Donte Greene,Ime Udoka,Jason Thompson,Omri Casspi,Tyreke Evans,4,0:03,WAS,sub,,,,Earl Boykins,,Dominic McGuire,,,,,,,,,,,,
Andray Blatche,Antawn Jamison,Caron Butler,Earl Boykins,Nick Young,Donte Greene,Ime Udoka,Jason Thompson,Omri Casspi,Tyreke Evans,4,0:00,WAS,shot,,,,,,,,,,Caron Butler,,,,missed,,3pt,34,33
Andray Blatche,Antawn Jamison,Caron Butler,Earl Boykins,Nick Young,Donte Greene,Ime Udoka,Jason Thompson,Omri Casspi,Tyreke Evans,4,0:00,WAS,rebound,,,,,,,,,,,,,,,,,,
