a1,a2,a3,a4,a5,h1,h2,h3,h4,h5,period,time,team,etype,assist,away,block,entered,home,left,num,opponent,outof,player,points,possession,reason,result,steal,type,x,y
Ben Wallace,Chucky Atkins,Jason Maxiell,Jonas Jerebko,Rodney Stuckey,Allen Iverson,Andre Iguodala,Elton Brand,Samuel Dalembert,Thaddeus Young,1,12:00,OFF,jump ball,,Ben Wallace,,,Samuel Dalembert,,,,,,,Jonas Jerebko,,,,,,
Ben Wallace,Chucky Atkins,Jason Maxiell,Jonas Jerebko,Rodney Stuckey,Allen Iverson,Andre Iguodala,Elton Brand,Samuel Dalembert,Thaddeus Young,1,11:40,DET,shot,,,Allen Iverson,,,,,,,Chucky Atkins,,,,missed,,jump,23,27
Ben Wallace,Chucky Atkins,Jason Maxiell,Jonas Jerebko,Rodney Stuckey,Allen Iverson,Andre Iguodala,Elton Brand,Samuel Dalembert,Thaddeus Young,1,11:38,DET,rebound,,,,,,,,,,Chucky Atkins,,,,,,off,,
Ben Wallace,Chucky Atkins,Jason Maxiell,Jonas Jerebko,Rodney Stuckey,Allen Iverson,Andre Iguodala,Elton Brand,Samuel Dalembert,Thaddeus Young,1,11:34,DET,turnover,,,,,,,,,,,,,shot clock turnover,,,,,
Ben Wallace,Chucky Atkins,Jason Maxiell,Jonas Jerebko,Rodney Stuckey,Allen Iverson,Andre Iguodala,Elton Brand,Samuel Dalembert,Thaddeus Young,1,11:23,PHI,shot,,,,,,,,,,Elton Brand,2,,,made,,turnaround jump,37,5
Ben Wallace,Chucky Atkins,Jason Maxiell,Jonas Jerebko,Rodney Stuckey,Allen Iverson,Andre Iguodala,Elton Brand,Samuel Dalembert,Thaddeus Young,1,11:09,DET,shot,,,,,,,,,,Rodney Stuckey,,,,missed,,jump,24,27
Ben Wallace,Chucky Atkins,Jason Maxiell,Jonas Jerebko,Rodney Stuckey,Allen Iverson,Andre Iguodala,Elton Brand,Samuel Dalembert,Thaddeus Young,1,11:08,PHI,rebound,,,,,,,,,,,,,,,,,,
Ben Wallace,Chucky Atkins,Jason Maxiell,Jonas Jerebko,Rodney Stuckey,Allen Iverson,Andre Iguodala,Elton Brand,Samuel Dalembert,Thaddeus Young,1,10:46,PHI,shot,,,,,,,,,,Thaddeus Young,,,,missed,,reverse layup,25,6
Ben Wallace,Chucky Atkins,Jason Maxiell,Jonas Jerebko,Rodney Stuckey,Allen Iverson,Andre Iguodala,Elton Brand,Samuel Dalembert,Thaddeus Young,1,10:45,DET,rebound,,,,,,,,,,Jason Maxiell,,,,,,def,,
Ben Wallace,Chucky Atkins,Jason Maxiell,Jonas Jerebko,Rodney Stuckey,Allen Iverson,Andre Iguodala,Elton Brand,Samuel Dalembert,Thaddeus Young,1,10:32,DET,turnover,,,,,,,,,,Ben Wallace,,,lost ball,,Allen Iverson,,,
Ben Wallace,Chucky Atkins,Jason Maxiell,Jonas Jerebko,Rodney Stuckey,Allen Iverson,Andre Iguodala,Elton Brand,Samuel Dalembert,Thaddeus Young,1,10:26,PHI,shot,,,,,,,,,,Elton Brand,2,,,made,,pullup jump,25,17
Ben Wallace,Chucky Atkins,Jason Maxiell,Jonas Jerebko,Rodney Stuckey,Allen Iverson,Andre Iguodala,Elton Brand,Samuel Dalembert,Thaddeus Young,1,10:01,DET,shot,,,,,,,,,,Jonas Jerebko,,,,missed,,jump,23,19
Ben Wallace,Chucky Atkins,Jason Maxiell,Jonas Jerebko,Rodney Stuckey,Allen Iverson,Andre Iguodala,Elton Brand,Samuel Dalembert,Thaddeus Young,1,9:59,PHI,rebound,,,,,,,,,,Thaddeus Young,,,,,,def,,
Ben Wallace,Chucky Atkins,Jason Maxiell,Jonas Jerebko,Rodney Stuckey,Allen Iverson,Andre Iguodala,Elton Brand,Samuel Dalembert,Thaddeus Young,1,9:59,DET,foul,,,,,,,,Thaddeus Young,,Ben Wallace,,,,,,personal,,
Ben Wallace,Chucky Atkins,Jason Maxiell,Jonas Jerebko,Rodney Stuckey,Allen Iverson,Andre Iguodala,Elton Brand,Samuel Dalembert,Thaddeus Young,1,9:41,PHI,jump ball,,Jason Maxiell,,,Thaddeus Young,,,,,,,Rodney Stuckey,,,,,,
Ben Wallace,Chucky Atkins,Jason Maxiell,Jonas Jerebko,Rodney Stuckey,Allen Iverson,Andre Iguodala,Elton Brand,Samuel Dalembert,Thaddeus Young,1,9:41,PHI,turnover,,,,,,,,,,Thaddeus Young,,,lost ball,,Jason Maxiell,,,
Ben Wallace,Chucky Atkins,Jason Maxiell,Jonas Jerebko,Rodney Stuckey,Allen Iverson,Andre Iguodala,Elton Brand,Samuel Dalembert,Thaddeus Young,1,9:22,DET,turnover,,,,,,,,,,Ben Wallace,,,bad pass,,Andre Iguodala,,,
Ben Wallace,Chucky Atkins,Jason Maxiell,Jonas Jerebko,Rodney Stuckey,Allen Iverson,Andre Iguodala,Elton Brand,Samuel Dalembert,Thaddeus Young,1,9:18,PHI,foul,,,,,,,,Chucky Atkins,,Allen Iverson,,,,,,offensive,,
Ben Wallace,Chucky Atkins,Jason Maxiell,Jonas Jerebko,Rodney Stuckey,Allen Iverson,Andre Iguodala,Elton Brand,Samuel Dalembert,Thaddeus Young,1,9:18,PHI,turnover,,,,,,,,,,Allen Iverson,,,foul,,,,,
Ben Wallace,Chucky Atkins,Jason Maxiell,Jonas Jerebko,Rodney Stuckey,Allen Iverson,Andre Iguodala,Elton Brand,Samuel Dalembert,Thaddeus Young,1,9:03,DET,shot,,,,,,,,,,Chucky Atkins,,,,missed,,jump,20,21
Ben Wallace,Chucky Atkins,Jason Maxiell,Jonas Jerebko,Rodney Stuckey,Allen Iverson,Andre Iguodala,Elton Brand,Samuel Dalembert,Thaddeus Young,1,9:01,PHI,rebound,,,,,,,,,,Andre Iguodala,,,,,,def,,
Ben Wallace,Chucky Atkins,Jason Maxiell,Jonas Jerebko,Rodney Stuckey,Allen Iverson,Andre Iguodala,Elton Brand,Samuel Dalembert,Thaddeus Young,1,8:44,DET,foul,,,,,,,,Allen Iverson,,Chucky Atkins,,,,,,personal,,
Ben Wallace,Chucky Atkins,Jason Maxiell,Jonas Jerebko,Rodney Stuckey,Allen Iverson,Andre Iguodala,Elton Brand,Samuel Dalembert,Thaddeus Young,1,8:44,PHI,free throw,,,,,,,1,,2,Allen Iverson,,,foul,made,,,,
Ben Wallace,Chucky Atkins,Jason Maxiell,Jonas Jerebko,Rodney Stuckey,Allen Iverson,Andre Iguodala,Elton Brand,Samuel Dalembert,Thaddeus Young,1,8:44,PHI,free throw,,,,,,,2,,2,Allen Iverson,,,foul,made,,,,
Ben Wallace,Chucky Atkins,Jason Maxiell,Jonas Jerebko,Rodney Stuckey,Allen Iverson,Andre Iguodala,Elton Brand,Samuel Dalembert,Thaddeus Young,1,8:24,DET,shot,,,,,,,,,,Rodney Stuckey,2,,,made,,pullup jump,14,12
Ben Wallace,Chucky Atkins,Jason Maxiell,Jonas Jerebko,Rodney Stuckey,Allen Iverson,Andre Iguodala,Elton Brand,Samuel Dalembert,Thaddeus Young,1,8:07,PHI,shot,,,,,,,,,,Elton Brand,,,,missed,,jump,39,16
Ben Wallace,Chucky Atkins,Jason Maxiell,Jonas Jerebko,Rodney Stuckey,Allen Iverson,Andre Iguodala,Elton Brand,Samuel Dalembert,Thaddeus Young,1,8:05,DET,rebound,,,,,,,,,,Ben Wallace,,,,,,def,,
Ben Wallace,Chucky Atkins,Jason Maxiell,Jonas Jerebko,Rodney Stuckey,Allen Iverson,Andre Iguodala,Elton Brand,Samuel Dalembert,Thaddeus Young,1,7:51,DET,shot,,,,,,,,,,Jonas Jerebko,,,,missed,,3pt,7,23
Ben Wallace,Chucky Atkins,Jason Maxiell,Jonas Jerebko,Rodney Stuckey,Allen Iverson,Andre Iguodala,Elton Brand,Samuel Dalembert,Thaddeus Young,1,7:49,PHI,rebound,,,,,,,,,,Samuel Dalembert,,,,,,def,,
Ben Wallace,Chucky Atkins,Jason Maxiell,Jonas Jerebko,Rodney Stuckey,Allen Iverson,Andre Iguodala,Elton Brand,Samuel Dalembert,Thaddeus Young,1,7:41,PHI,shot,,,,,,,,,,Allen Iverson,,,,missed,,jump,36,20
Ben Wallace,Chucky Atkins,Jason Maxiell,Jonas Jerebko,Rodney Stuckey,Allen Iverson,Andre Iguodala,Elton Brand,Samuel Dalembert,Thaddeus Young,1,7:39,DET,rebound,,,,,,,,,,Ben Wallace,,,,,,def,,
Ben Wallace,Chucky Atkins,Jason Maxiell,Jonas Jerebko,Rodney Stuckey,Allen Iverson,Andre Iguodala,Elton Brand,Samuel Dalembert,Thaddeus Young,1,7:31,DET,shot,Chucky Atkins,,,,,,,,,Jason Maxiell,2,,,made,,jump,15,10
Ben Wallace,Chucky Atkins,Jason Maxiell,Jonas Jerebko,Rodney Stuckey,Allen Iverson,Andre Iguodala,Elton Brand,Samuel Dalembert,Thaddeus Young,1,7:16,PHI,shot,,,,,,,,,,Andre Iguodala,,,,missed,,3pt,5,21
Ben Wallace,Chucky Atkins,Jason Maxiell,Jonas Jerebko,Rodney Stuckey,Allen Iverson,Andre Iguodala,Elton Brand,Samuel Dalembert,Thaddeus Young,1,7:14,DET,rebound,,,,,,,,,,Ben Wallace,,,,,,def,,
Ben Wallace,Chucky Atkins,Jason Maxiell,Jonas Jerebko,Rodney Stuckey,Allen Iverson,Andre Iguodala,Elton Brand,Samuel Dalembert,Thaddeus Young,1,6:58,DET,shot,Rodney Stuckey,,,,,,,,,Jason Maxiell,2,,,made,,jump,42,8
Ben Wallace,Chucky Atkins,Jason Maxiell,Jonas Jerebko,Rodney Stuckey,Allen Iverson,Andre Iguodala,Elton Brand,Samuel Dalembert,Thaddeus Young,1,6:38,PHI,turnover,,,,,,,,,,Elton Brand,,,traveling,,,,,
Ben Wallace,Jason Maxiell,Jonas Jerebko,Rodney Stuckey,Will Bynum,Allen Iverson,Andre Iguodala,Elton Brand,Samuel Dalembert,Thaddeus Young,1,6:38,DET,sub,,,,Will Bynum,,Chucky Atkins,,,,,,,,,,,,
Ben Wallace,Jason Maxiell,Jonas Jerebko,Rodney Stuckey,Will Bynum,Allen Iverson,Andre Iguodala,Elton Brand,Samuel Dalembert,Thaddeus Young,1,6:21,PHI,foul,,,,,,,,Jason Maxiell,,Samuel Dalembert,,,,,,shooting,,
Ben Wallace,Jason Maxiell,Jonas Jerebko,Rodney Stuckey,Will Bynum,Allen Iverson,Andre Iguodala,Elton Brand,Samuel Dalembert,Thaddeus Young,1,6:21,DET,free throw,,,,,,,1,,2,Jason Maxiell,,,foul,missed,,,,
Ben Wallace,Jason Maxiell,Jonas Jerebko,Rodney Stuckey,Will Bynum,Allen Iverson,Andre Iguodala,Elton Brand,Samuel Dalembert,Thaddeus Young,1,6:21,DET,rebound,,,,,,,,,,,,,,,,,,
Ben Wallace,Jason Maxiell,Jonas Jerebko,Rodney Stuckey,Will Bynum,Allen Iverson,Andre Iguodala,Elton Brand,Samuel Dalembert,Thaddeus Young,1,6:21,DET,free throw,,,,,,,2,,2,Jason Maxiell,,,foul,made,,,,
Ben Wallace,Jason Maxiell,Jonas Jerebko,Rodney Stuckey,Will Bynum,Allen Iverson,Andre Iguodala,Elton Brand,Samuel Dalembert,Thaddeus Young,1,6:06,PHI,shot,Andre Iguodala,,,,,,,,,Samuel Dalembert,2,,,made,,dunk,25,6
Ben Wallace,Jason Maxiell,Jonas Jerebko,Rodney Stuckey,Will Bynum,Allen Iverson,Andre Iguodala,Elton Brand,Samuel Dalembert,Thaddeus Young,1,5:42,DET,turnover,,,,,,,,,,Rodney Stuckey,,,lost ball,,Andre Iguodala,,,
Ben Wallace,Jason Maxiell,Jonas Jerebko,Rodney Stuckey,Will Bynum,Allen Iverson,Andre Iguodala,Elton Brand,Samuel Dalembert,Thaddeus Young,1,5:38,PHI,shot,Samuel Dalembert,,,,,,,,,Andre Iguodala,2,,,made,,driving layup,25,6
Ben Wallace,Jason Maxiell,Jonas Jerebko,Rodney Stuckey,Will Bynum,Allen Iverson,Andre Iguodala,Elton Brand,Samuel Dalembert,Thaddeus Young,1,5:14,DET,shot,,,,,,,,,,Will Bynum,,,,missed,,jump,20,5
Ben Wallace,Jason Maxiell,Jonas Jerebko,Rodney Stuckey,Will Bynum,Allen Iverson,Andre Iguodala,Elton Brand,Samuel Dalembert,Thaddeus Young,1,5:12,PHI,rebound,,,,,,,,,,Elton Brand,,,,,,def,,
Ben Wallace,Jason Maxiell,Jonas Jerebko,Rodney Stuckey,Will Bynum,Allen Iverson,Andre Iguodala,Elton Brand,Samuel Dalembert,Thaddeus Young,1,5:04,PHI,shot,,,,,,,,,,Thaddeus Young,,,,missed,,jump,13,8
Ben Wallace,Jason Maxiell,Jonas Jerebko,Rodney Stuckey,Will Bynum,Allen Iverson,Andre Iguodala,Elton Brand,Samuel Dalembert,Thaddeus Young,1,5:03,DET,rebound,,,,,,,,,,Jason Maxiell,,,,,,def,,
Ben Wallace,Jason Maxiell,Jonas Jerebko,Rodney Stuckey,Will Bynum,Allen Iverson,Andre Iguodala,Elton Brand,Samuel Dalembert,Thaddeus Young,1,5:02,PHI,foul,,,,,,,,Will Bynum,,Allen Iverson,,,,,,personal,,
Ben Wallace,Jason Maxiell,Jonas Jerebko,Rodney Stuckey,Will Bynum,Allen Iverson,Andre Iguodala,Elton Brand,Samuel Dalembert,Thaddeus Young,1,5:02,PHI,timeout,,,,,,,,,,,,,,,,regular,,
Ben Wallace,Charlie Villanueva,Jonas Jerebko,Rodney Stuckey,Will Bynum,Allen Iverson,Andre Iguodala,Elton Brand,Samuel Dalembert,Thaddeus Young,1,5:02,DET,sub,,,,Charlie Villanueva,,Jason Maxiell,,,,,,,,,,,,
Ben Wallace,Charlie Villanueva,Jonas Jerebko,Rodney Stuckey,Will Bynum,Allen Iverson,Andre Iguodala,Elton Brand,Samuel Dalembert,Thaddeus Young,1,4:45,DET,shot,,,,,,,,,,Will Bynum,2,,,made,,driving layup,25,6
Ben Wallace,Charlie Villanueva,Jonas Jerebko,Rodney Stuckey,Will Bynum,Allen Iverson,Andre Iguodala,Elton Brand,Samuel Dalembert,Thaddeus Young,1,4:25,PHI,shot,Elton Brand,,,,,,,,,Samuel Dalembert,2,,,made,,turnaround hook,28,8
Ben Wallace,Charlie Villanueva,Jonas Jerebko,Rodney Stuckey,Will Bynum,Allen Iverson,Andre Iguodala,Elton Brand,Samuel Dalembert,Thaddeus Young,1,4:02,DET,shot,Rodney Stuckey,,,,,,,,,Will Bynum,2,,,made,,jump,25,26
Ben Wallace,Charlie Villanueva,Jonas Jerebko,Rodney Stuckey,Will Bynum,Allen Iverson,Andre Iguodala,Elton Brand,Samuel Dalembert,Thaddeus Young,1,3:45,PHI,turnover,,,,,,,,,,Allen Iverson,,,bad pass,,Ben Wallace,,,
Ben Wallace,Charlie Villanueva,Jonas Jerebko,Rodney Stuckey,Will Bynum,Allen Iverson,Andre Iguodala,Elton Brand,Samuel Dalembert,Thaddeus Young,1,3:39,DET,turnover,,,,,,,,,,Jonas Jerebko,,,lost ball,,Thaddeus Young,,,
Ben Wallace,Charlie Villanueva,Jonas Jerebko,Rodney Stuckey,Will Bynum,Allen Iverson,Andre Iguodala,Elton Brand,Samuel Dalembert,Thaddeus Young,1,3:36,PHI,turnover,,,,,,,,,,Thaddeus Young,,,bad pass,,Ben Wallace,,,
Ben Wallace,Charlie Villanueva,Jonas Jerebko,Rodney Stuckey,Will Bynum,Allen Iverson,Andre Iguodala,Elton Brand,Samuel Dalembert,Thaddeus Young,1,3:32,DET,shot,Will Bynum,,,,,,,,,Charlie Villanueva,2,,,made,,dunk,25,6
Ben Wallace,Charlie Villanueva,Jonas Jerebko,Rodney Stuckey,Will Bynum,Allen Iverson,Andre Iguodala,Elton Brand,Samuel Dalembert,Thaddeus Young,1,3:14,DET,foul,,,,,,,,Allen Iverson,,Will Bynum,,,,,,personal,,
Ben Wallace,Charlie Villanueva,Jonas Jerebko,Rodney Stuckey,Will Bynum,Allen Iverson,Andre Iguodala,Elton Brand,Samuel Dalembert,Thaddeus Young,1,3:07,PHI,shot,,,,,,,,,,Allen Iverson,2,,,made,,pullup jump,39,7
Ben Wallace,Charlie Villanueva,Jonas Jerebko,Rodney Stuckey,Will Bynum,Allen Iverson,Andre Iguodala,Elton Brand,Samuel Dalembert,Thaddeus Young,1,2:52,DET,shot,,,Samuel Dalembert,,,,,,,Will Bynum,,,,missed,,layup,25,6
Ben Wallace,Charlie Villanueva,Jonas Jerebko,Rodney Stuckey,Will Bynum,Allen Iverson,Andre Iguodala,Elton Brand,Samuel Dalembert,Thaddeus Young,1,2:50,PHI,rebound,,,,,,,,,,Andre Iguodala,,,,,,def,,
Ben Wallace,Charlie Villanueva,Jonas Jerebko,Rodney Stuckey,Will Bynum,Allen Iverson,Andre Iguodala,Elton Brand,Samuel Dalembert,Thaddeus Young,1,2:46,PHI,shot,,,,,,,,,,Andre Iguodala,2,,,made,,pullup jump,16,21
Ben Wallace,Charlie Villanueva,Jonas Jerebko,Rodney Stuckey,Will Bynum,Allen Iverson,Andre Iguodala,Elton Brand,Samuel Dalembert,Thaddeus Young,1,2:32,DET,timeout,,,,,,,,,,,,,,,,regular,,
Ben Wallace,Charlie Villanueva,Jonas Jerebko,Rodney Stuckey,Will Bynum,Allen Iverson,Andre Iguodala,Elton Brand,Samuel Dalembert,Thaddeus Young,1,2:18,DET,shot,,,,,,,,,,Rodney Stuckey,,,,missed,,layup,25,6
Ben Wallace,Charlie Villanueva,Jonas Jerebko,Rodney Stuckey,Will Bynum,Allen Iverson,Andre Iguodala,Elton Brand,Samuel Dalembert,Thaddeus Young,1,2:17,DET,rebound,,,,,,,,,,Ben Wallace,,,,,,off,,
Ben Wallace,Charlie Villanueva,Jonas Jerebko,Rodney Stuckey,Will Bynum,Allen Iverson,Andre Iguodala,Elton Brand,Samuel Dalembert,Thaddeus Young,1,2:05,DET,turnover,,,,,,,,,,Jonas Jerebko,,,poss lost ball turnover,,,,,
Ben Wallace,Charlie Villanueva,Jonas Jerebko,Rodney Stuckey,Will Bynum,Allen Iverson,Andre Iguodala,Elton Brand,Samuel Dalembert,Thaddeus Young,1,1:50,PHI,shot,,,,,,,,,,Andre Iguodala,,,,missed,,3pt,36,31
Ben Wallace,Charlie Villanueva,Jonas Jerebko,Rodney Stuckey,Will Bynum,Allen Iverson,Andre Iguodala,Elton Brand,Samuel Dalembert,Thaddeus Young,1,1:47,DET,rebound,,,,,,,,,,Charlie Villanueva,,,,,,def,,
Ben Wallace,Charlie Villanueva,Jonas Jerebko,Rodney Stuckey,Will Bynum,Allen Iverson,Andre Iguodala,Elton Brand,Samuel Dalembert,Thaddeus Young,1,1:29,DET,shot,Will Bynum,,,,,,,,,Charlie Villanueva,2,,,made,,running jump,24,8
Ben Wallace,Charlie Villanueva,Jonas Jerebko,Rodney Stuckey,Will Bynum,Allen Iverson,Andre Iguodala,Elton Brand,Samuel Dalembert,Thaddeus Young,1,1:12,PHI,shot,,,,,,,,,,Allen Iverson,,,,missed,,jump,12,21
Ben Wallace,Charlie Villanueva,Jonas Jerebko,Rodney Stuckey,Will Bynum,Allen Iverson,Andre Iguodala,Elton Brand,Samuel Dalembert,Thaddeus Young,1,1:10,DET,rebound,,,,,,,,,,Jonas Jerebko,,,,,,def,,
Ben Wallace,Charlie Villanueva,Jonas Jerebko,Rodney Stuckey,Will Bynum,Allen Iverson,Andre Iguodala,Elton Brand,Samuel Dalembert,Thaddeus Young,1,0:51,DET,shot,,,Elton Brand,,,,,,,Jonas Jerebko,,,,missed,,layup,25,6
Ben Wallace,Charlie Villanueva,Jonas Jerebko,Rodney Stuckey,Will Bynum,Allen Iverson,Andre Iguodala,Elton Brand,Samuel Dalembert,Thaddeus Young,1,0:48,PHI,rebound,,,,,,,,,,Elton Brand,,,,,,def,,
Ben Wallace,Charlie Villanueva,Jonas Jerebko,Rodney Stuckey,Will Bynum,Allen Iverson,Andre Iguodala,Elton Brand,Samuel Dalembert,Thaddeus Young,1,0:40,PHI,turnover,,,,,,,,,,Allen Iverson,,,bad pass,,Rodney Stuckey,,,
Ben Wallace,Charlie Villanueva,Jonas Jerebko,Rodney Stuckey,Will Bynum,Allen Iverson,Andre Iguodala,Elton Brand,Samuel Dalembert,Thaddeus Young,1,0:37,DET,shot,,,,,,,,,,Rodney Stuckey,2,,,made,,driving layup,25,6
Ben Wallace,Charlie Villanueva,Jonas Jerebko,Rodney Stuckey,Will Bynum,Allen Iverson,Andre Iguodala,Elton Brand,Samuel Dalembert,Thaddeus Young,1,0:37,PHI,foul,,,,,,,,Rodney Stuckey,,Samuel Dalembert,,,,,,shooting,,
Austin Daye,Ben Wallace,Charlie Villanueva,Rodney Stuckey,Will Bynum,Allen Iverson,Andre Iguodala,Elton Brand,Samuel Dalembert,Thaddeus Young,1,0:37,DET,sub,,,,Austin Daye,,Jonas Jerebko,,,,,,,,,,,,
Austin Daye,Ben Wallace,Charlie Villanueva,Rodney Stuckey,Will Bynum,Allen Iverson,Andre Iguodala,Elton Brand,Samuel Dalembert,Thaddeus Young,1,0:37,DET,free throw,,,,,,,1,,1,Rodney Stuckey,,,foul,made,,,,
Austin Daye,Ben Wallace,Charlie Villanueva,Rodney Stuckey,Will Bynum,Allen Iverson,Andre Iguodala,Elton Brand,Thaddeus Young,Willie Green,1,0:37,PHI,sub,,,,Willie Green,,Samuel Dalembert,,,,,,,,,,,,
Austin Daye,Ben Wallace,Charlie Villanueva,Rodney Stuckey,Will Bynum,Allen Iverson,Andre Iguodala,Elton Brand,Thaddeus Young,Willie Green,1,0:17,PHI,shot,,,,,,,,,,Thaddeus Young,,,,missed,,3pt,24,31
Austin Daye,Ben Wallace,Charlie Villanueva,Rodney Stuckey,Will Bynum,Allen Iverson,Andre Iguodala,Elton Brand,Thaddeus Young,Willie Green,1,0:15,PHI,rebound,,,,,,,,,,Elton Brand,,,,,,off,,
Austin Daye,Ben Wallace,Charlie Villanueva,Rodney Stuckey,Will Bynum,Allen Iverson,Andre Iguodala,Elton Brand,Thaddeus Young,Willie Green,1,0:01,PHI,shot,,,,,,,,,,Allen Iverson,,,,missed,,jump,14,16
Austin Daye,Ben Wallace,Charlie Villanueva,Rodney Stuckey,Will Bynum,Allen Iverson,Andre Iguodala,Elton Brand,Thaddeus Young,Willie Green,1,0:00,PHI,rebound,,,,,,,,,,Elton Brand,,,,,,off,,
Austin Daye,Charlie Villanueva,Kwame Brown,Rodney Stuckey,Will Bynum,Allen Iverson,Andre Iguodala,Jason Smith,Thaddeus Young,Willie Green,2,11:39,DET,foul,,,,,,,,Allen Iverson,,Charlie Villanueva,,,,,,personal,,
Austin Daye,Charlie Villanueva,Kwame Brown,Rodney Stuckey,Will Bynum,Allen Iverson,Andre Iguodala,Jason Smith,Thaddeus Young,Willie Green,2,11:27,PHI,shot,,,Austin Daye,,,,,,,Jason Smith,,,,missed,,jump,35,6
Austin Daye,Charlie Villanueva,Kwame Brown,Rodney Stuckey,Will Bynum,Allen Iverson,Andre Iguodala,Jason Smith,Thaddeus Young,Willie Green,2,11:23,DET,rebound,,,,,,,,,,Charlie Villanueva,,,,,,def,,
Austin Daye,Charlie Villanueva,Kwame Brown,Rodney Stuckey,Will Bynum,Allen Iverson,Andre Iguodala,Jason Smith,Thaddeus Young,Willie Green,2,11:13,DET,shot,Charlie Villanueva,,,,,,,,,Rodney Stuckey,2,,,made,,driving layup,25,6
Austin Daye,Charlie Villanueva,Kwame Brown,Rodney Stuckey,Will Bynum,Allen Iverson,Andre Iguodala,Jason Smith,Thaddeus Young,Willie Green,2,11:01,PHI,shot,,,,,,,,,,Allen Iverson,,,,missed,,layup,23,8
Austin Daye,Charlie Villanueva,Kwame Brown,Rodney Stuckey,Will Bynum,Allen Iverson,Andre Iguodala,Jason Smith,Thaddeus Young,Willie Green,2,11:00,DET,rebound,,,,,,,,,,Charlie Villanueva,,,,,,def,,
Austin Daye,Charlie Villanueva,Kwame Brown,Rodney Stuckey,Will Bynum,Allen Iverson,Andre Iguodala,Jason Smith,Thaddeus Young,Willie Green,2,10:54,DET,turnover,,,,,,,,,,Kwame Brown,,,traveling,,,,,
Austin Daye,Charlie Villanueva,Kwame Brown,Rodney Stuckey,Will Bynum,Allen Iverson,Andre Iguodala,Jason Smith,Thaddeus Young,Willie Green,2,10:38,PHI,shot,,,,,,,,,,Thaddeus Young,,,,missed,,3pt,30,31
Austin Daye,Charlie Villanueva,Kwame Brown,Rodney Stuckey,Will Bynum,Allen Iverson,Andre Iguodala,Jason Smith,Thaddeus Young,Willie Green,2,10:36,DET,rebound,,,,,,,,,,Kwame Brown,,,,,,def,,
Austin Daye,Charlie Villanueva,Kwame Brown,Rodney Stuckey,Will Bynum,Allen Iverson,Andre Iguodala,Jason Smith,Thaddeus Young,Willie Green,2,10:18,DET,shot,,,,,,,,,,Charlie Villanueva,,,,missed,,3pt,26,32
Austin Daye,Charlie Villanueva,Kwame Brown,Rodney Stuckey,Will Bynum,Allen Iverson,Andre Iguodala,Jason Smith,Thaddeus Young,Willie Green,2,10:16,DET,rebound,,,,,,,,,,Austin Daye,,,,,,off,,
Austin Daye,Charlie Villanueva,Kwame Brown,Rodney Stuckey,Will Bynum,Allen Iverson,Andre Iguodala,Jason Smith,Thaddeus Young,Willie Green,2,10:13,DET,shot,,,,,,,,,,Charlie Villanueva,,,,missed,,jump,24,12
Austin Daye,Charlie Villanueva,Kwame Brown,Rodney Stuckey,Will Bynum,Allen Iverson,Andre Iguodala,Jason Smith,Thaddeus Young,Willie Green,2,10:11,PHI,rebound,,,,,,,,,,Andre Iguodala,,,,,,def,,
Austin Daye,Charlie Villanueva,Kwame Brown,Rodney Stuckey,Will Bynum,Allen Iverson,Andre Iguodala,Jason Smith,Thaddeus Young,Willie Green,2,10:08,DET,foul,,,,,,,,Willie Green,,Austin Daye,,,,,,shooting,,
Austin Daye,Charlie Villanueva,Kwame Brown,Rodney Stuckey,Will Bynum,Allen Iverson,Andre Iguodala,Jason Kapono,Jason Smith,Willie Green,2,10:08,PHI,sub,,,,Jason Kapono,,Thaddeus Young,,,,,,,,,,,,
Austin Daye,Charlie Villanueva,DaJuan Summers,Kwame Brown,Will Bynum,Allen Iverson,Andre Iguodala,Jason Kapono,Jason Smith,Willie Green,2,10:08,DET,sub,,,,DaJuan Summers,,Rodney Stuckey,,,,,,,,,,,,
Austin Daye,Charlie Villanueva,DaJuan Summers,Kwame Brown,Will Bynum,Allen Iverson,Andre Iguodala,Jason Kapono,Jason Smith,Willie Green,2,10:08,PHI,free throw,,,,,,,1,,2,Willie Green,,,foul,missed,,,,
Austin Daye,Charlie Villanueva,DaJuan Summers,Kwame Brown,Will Bynum,Allen Iverson,Andre Iguodala,Jason Kapono,Jason Smith,Willie Green,2,10:08,PHI,rebound,,,,,,,,,,,,,,,,,,
Austin Daye,Charlie Villanueva,DaJuan Summers,Kwame Brown,Will Bynum,Allen Iverson,Andre Iguodala,Jason Kapono,Jason Smith,Willie Green,2,10:08,PHI,free throw,,,,,,,2,,2,Willie Green,,,foul,made,,,,
Austin Daye,Charlie Villanueva,DaJuan Summers,Kwame Brown,Will Bynum,Allen Iverson,Andre Iguodala,Jason Kapono,Jason Smith,Willie Green,2,10:00,PHI,foul,,,,,,,,Kwame Brown,,Jason Smith,,,,,,shooting,,
Austin Daye,Charlie Villanueva,DaJuan Summers,Kwame Brown,Will Bynum,Allen Iverson,Andre Iguodala,Jason Kapono,Jason Smith,Willie Green,2,10:00,DET,free throw,,,,,,,1,,2,Kwame Brown,,,foul,made,,,,
Austin Daye,Charlie Villanueva,DaJuan Summers,Kwame Brown,Will Bynum,Allen Iverson,Andre Iguodala,Jason Kapono,Jason Smith,Willie Green,2,10:00,DET,free throw,,,,,,,2,,2,Kwame Brown,,,foul,made,,,,
Austin Daye,Charlie Villanueva,DaJuan Summers,Kwame Brown,Will Bynum,Allen Iverson,Andre Iguodala,Jason Kapono,Jason Smith,Willie Green,2,9:49,PHI,shot,Willie Green,,,,,,,,,Jason Kapono,2,,,made,,jump,14,25
Austin Daye,Charlie Villanueva,DaJuan Summers,Kwame Brown,Will Bynum,Allen Iverson,Andre Iguodala,Jason Kapono,Jason Smith,Willie Green,2,9:34,DET,shot,,,,,,,,,,Will Bynum,,,,missed,,jump,38,21
Austin Daye,Charlie Villanueva,DaJuan Summers,Kwame Brown,Will Bynum,Allen Iverson,Andre Iguodala,Jason Kapono,Jason Smith,Willie Green,2,9:32,PHI,rebound,,,,,,,,,,Jason Smith,,,,,,def,,
Austin Daye,Charlie Villanueva,DaJuan Summers,Kwame Brown,Will Bynum,Allen Iverson,Andre Iguodala,Jason Kapono,Jason Smith,Willie Green,2,9:26,PHI,shot,,,,,,,,,,Allen Iverson,,,,missed,,layup,25,6
Austin Daye,Charlie Villanueva,DaJuan Summers,Kwame Brown,Will Bynum,Allen Iverson,Andre Iguodala,Jason Kapono,Jason Smith,Willie Green,2,9:25,DET,rebound,,,,,,,,,,Charlie Villanueva,,,,,,def,,
Austin Daye,Charlie Villanueva,DaJuan Summers,Kwame Brown,Will Bynum,Allen Iverson,Andre Iguodala,Jason Kapono,Jason Smith,Willie Green,2,9:21,PHI,foul,,,,,,,,Will Bynum,,Jason Smith,,,,,,personal,,
Austin Daye,Charlie Villanueva,DaJuan Summers,Kwame Brown,Will Bynum,Allen Iverson,Andre Iguodala,Jason Kapono,Jason Smith,Willie Green,2,9:04,DET,shot,,,,,,,,,,Will Bynum,,,,missed,,jump,25,23
Austin Daye,Charlie Villanueva,DaJuan Summers,Kwame Brown,Will Bynum,Allen Iverson,Andre Iguodala,Jason Kapono,Jason Smith,Willie Green,2,9:03,PHI,rebound,,,,,,,,,,Andre Iguodala,,,,,,def,,
Austin Daye,Charlie Villanueva,DaJuan Summers,Kwame Brown,Will Bynum,Allen Iverson,Andre Iguodala,Jason Kapono,Jason Smith,Willie Green,2,8:55,DET,foul,,,,,,,,Allen Iverson,,Kwame Brown,,,,,,shooting,,
Austin Daye,Charlie Villanueva,DaJuan Summers,Kwame Brown,Will Bynum,Allen Iverson,Andre Iguodala,Jason Kapono,Jason Smith,Willie Green,2,8:55,PHI,timeout,,,,,,,,,,,,,,,,official,,
Austin Daye,Charlie Villanueva,Chucky Atkins,DaJuan Summers,Kwame Brown,Allen Iverson,Andre Iguodala,Jason Kapono,Jason Smith,Willie Green,2,8:55,DET,sub,,,,Chucky Atkins,,Will Bynum,,,,,,,,,,,,
Austin Daye,Charlie Villanueva,Chucky Atkins,DaJuan Summers,Kwame Brown,Allen Iverson,Andre Iguodala,Jason Kapono,Jason Smith,Willie Green,2,8:55,PHI,free throw,,,,,,,1,,2,Allen Iverson,,,foul,missed,,,,
Austin Daye,Charlie Villanueva,Chucky Atkins,DaJuan Summers,Kwame Brown,Allen Iverson,Andre Iguodala,Jason Kapono,Jason Smith,Willie Green,2,8:55,PHI,rebound,,,,,,,,,,,,,,,,,,
Austin Daye,Charlie Villanueva,Chucky Atkins,DaJuan Summers,Kwame Brown,Allen Iverson,Andre Iguodala,Jason Kapono,Jason Smith,Willie Green,2,8:55,PHI,free throw,,,,,,,2,,2,Allen Iverson,,,foul,made,,,,
Austin Daye,Charlie Villanueva,Chucky Atkins,DaJuan Summers,Kwame Brown,Allen Iverson,Andre Iguodala,Jason Kapono,Jason Smith,Willie Green,2,8:34,DET,shot,,,,,,,,,,Austin Daye,,,,missed,,jump,43,5
Austin Daye,Charlie Villanueva,Chucky Atkins,DaJuan Summers,Kwame Brown,Allen Iverson,Andre Iguodala,Jason Kapono,Jason Smith,Willie Green,2,8:33,DET,rebound,,,,,,,,,,Kwame Brown,,,,,,off,,
Austin Daye,Charlie Villanueva,Chucky Atkins,DaJuan Summers,Kwame Brown,Allen Iverson,Andre Iguodala,Jason Kapono,Jason Smith,Willie Green,2,8:33,DET,shot,,,,,,,,,,Kwame Brown,,,,missed,,tip,25,6
Austin Daye,Charlie Villanueva,Chucky Atkins,DaJuan Summers,Kwame Brown,Allen Iverson,Andre Iguodala,Jason Kapono,Jason Smith,Willie Green,2,8:33,PHI,rebound,,,,,,,,,,,,,,,,,,
Austin Daye,Charlie Villanueva,Chucky Atkins,DaJuan Summers,Kwame Brown,Allen Iverson,Andre Iguodala,Jason Kapono,Jason Smith,Willie Green,2,8:22,PHI,shot,Jason Kapono,,,,,,,,,Willie Green,2,,,made,,jump,12,24
Austin Daye,Charlie Villanueva,Chucky Atkins,DaJuan Summers,Kwame Brown,Allen Iverson,Andre Iguodala,Jason Kapono,Jason Smith,Willie Green,2,8:00,DET,shot,,,,,,,,,,Charlie Villanueva,2,,,made,,turnaround jump,36,3
Austin Daye,Charlie Villanueva,Chucky Atkins,DaJuan Summers,Kwame Brown,Allen Iverson,Andre Iguodala,Jason Kapono,Jason Smith,Willie Green,2,7:55,DET,foul,,,,,,,,Allen Iverson,,DaJuan Summers,,,,,,shooting,,
Austin Daye,Charlie Villanueva,Chucky Atkins,DaJuan Summers,Kwame Brown,Allen Iverson,Andre Iguodala,Jason Kapono,Jason Smith,Willie Green,2,7:55,PHI,free throw,,,,,,,1,,2,Allen Iverson,,,foul,made,,,,
Austin Daye,Charlie Villanueva,Chucky Atkins,Kwame Brown,Rodney Stuckey,Allen Iverson,Andre Iguodala,Jason Kapono,Jason Smith,Willie Green,2,7:55,DET,sub,,,,Rodney Stuckey,,DaJuan Summers,,,,,,,,,,,,
Austin Daye,Charlie Villanueva,Chucky Atkins,Kwame Brown,Rodney Stuckey,Allen Iverson,Andre Iguodala,Jason Kapono,Jason Smith,Willie Green,2,7:55,PHI,free throw,,,,,,,2,,2,Allen Iverson,,,foul,made,,,,
Austin Daye,Charlie Villanueva,Chucky Atkins,Kwame Brown,Rodney Stuckey,Allen Iverson,Andre Iguodala,Jason Kapono,Jason Smith,Willie Green,2,7:41,DET,shot,,,,,,,,,,Charlie Villanueva,,,,missed,,layup,25,6
Austin Daye,Charlie Villanueva,Chucky Atkins,Kwame Brown,Rodney Stuckey,Andre Iguodala,Elton Brand,Jason Kapono,Jason Smith,Willie Green,2,7:41,PHI,sub,,,,Elton Brand,,Allen Iverson,,,,,,,,,,,,
Austin Daye,Charlie Villanueva,Chucky Atkins,Kwame Brown,Rodney Stuckey,Andre Iguodala,Elton Brand,Jason Kapono,Jason Smith,Willie Green,2,7:41,PHI,rebound,,,,,,,,,,,,,,,,,,
Austin Daye,Charlie Villanueva,Chucky Atkins,Kwame Brown,Rodney Stuckey,Andre Iguodala,Elton Brand,Jason Kapono,Jason Smith,Willie Green,2,7:23,PHI,shot,Elton Brand,,,,,,,,,Jason Smith,2,,,made,,jump,11,14
Austin Daye,Charlie Villanueva,Chucky Atkins,Kwame Brown,Rodney Stuckey,Andre Iguodala,Elton Brand,Jason Kapono,Jason Smith,Willie Green,2,7:07,DET,shot,,,,,,,,,,Kwame Brown,2,,,made,,turnaround bank,20,7
Austin Daye,Charlie Villanueva,Chucky Atkins,Kwame Brown,Rodney Stuckey,Andre Iguodala,Elton Brand,Jason Kapono,Jason Smith,Willie Green,2,6:45,DET,foul,,,,,,,,Andre Iguodala,,Austin Daye,,,,,,shooting,,
Austin Daye,Charlie Villanueva,Chucky Atkins,Kwame Brown,Rodney Stuckey,Andre Iguodala,Elton Brand,Jason Kapono,Jason Smith,Willie Green,2,6:45,PHI,free throw,,,,,,,1,,2,Andre Iguodala,,,foul,made,,,,
Charlie Villanueva,Chucky Atkins,Jonas Jerebko,Kwame Brown,Rodney Stuckey,Andre Iguodala,Elton Brand,Jason Kapono,Jason Smith,Willie Green,2,6:45,DET,sub,,,,Jonas Jerebko,,Austin Daye,,,,,,,,,,,,
Charlie Villanueva,Chucky Atkins,Jonas Jerebko,Kwame Brown,Rodney Stuckey,Andre Iguodala,Elton Brand,Jason Kapono,Jason Smith,Willie Green,2,6:45,PHI,free throw,,,,,,,2,,2,Andre Iguodala,,,foul,missed,,,,
Charlie Villanueva,Chucky Atkins,Jonas Jerebko,Kwame Brown,Rodney Stuckey,Andre Iguodala,Elton Brand,Jason Kapono,Jason Smith,Willie Green,2,6:44,DET,rebound,,,,,,,,,,Kwame Brown,,,,,,def,,
Charlie Villanueva,Chucky Atkins,Jonas Jerebko,Kwame Brown,Rodney Stuckey,Andre Iguodala,Elton Brand,Jason Kapono,Jason Smith,Willie Green,2,6:23,DET,shot,,,,,,,,,,Rodney Stuckey,,,,missed,,jump,23,27
Charlie Villanueva,Chucky Atkins,Jonas Jerebko,Kwame Brown,Rodney Stuckey,Andre Iguodala,Elton Brand,Jason Kapono,Jason Smith,Willie Green,2,6:22,DET,rebound,,,,,,,,,,Jonas Jerebko,,,,,,off,,
Charlie Villanueva,Chucky Atkins,Jonas Jerebko,Kwame Brown,Rodney Stuckey,Andre Iguodala,Elton Brand,Jason Kapono,Jason Smith,Willie Green,2,6:18,DET,shot,,,,,,,,,,Chucky Atkins,,,,missed,,3pt,50,9
Charlie Villanueva,Chucky Atkins,Jonas Jerebko,Kwame Brown,Rodney Stuckey,Andre Iguodala,Elton Brand,Jason Kapono,Jason Smith,Willie Green,2,6:16,DET,rebound,,,,,,,,,,Jonas Jerebko,,,,,,off,,
Charlie Villanueva,Chucky Atkins,Jonas Jerebko,Kwame Brown,Rodney Stuckey,Andre Iguodala,Elton Brand,Jason Kapono,Jason Smith,Willie Green,2,6:04,DET,shot,,,Elton Brand,,,,,,,Jonas Jerebko,,,,missed,,reverse layup,25,6
Charlie Villanueva,Chucky Atkins,Jonas Jerebko,Kwame Brown,Rodney Stuckey,Andre Iguodala,Elton Brand,Jason Kapono,Jason Smith,Willie Green,2,6:03,DET,rebound,,,,,,,,,,,,,,,,,,
Charlie Villanueva,Chucky Atkins,Jonas Jerebko,Kwame Brown,Rodney Stuckey,Elton Brand,Jason Kapono,Jason Smith,Royal Ivey,Willie Green,2,6:03,PHI,sub,,,,Royal Ivey,,Andre Iguodala,,,,,,,,,,,,
Charlie Villanueva,Chucky Atkins,Jonas Jerebko,Kwame Brown,Rodney Stuckey,Elton Brand,Jason Kapono,Jason Smith,Royal Ivey,Willie Green,2,5:59,PHI,foul,,,,,,,,Rodney Stuckey,,Jason Smith,,,,,,shooting,,
Charlie Villanueva,Chucky Atkins,Jonas Jerebko,Kwame Brown,Rodney Stuckey,Elton Brand,Jason Kapono,Jason Smith,Royal Ivey,Willie Green,2,5:59,PHI,timeout,,,,,,,,,,,,,,,,regular,,
Charlie Villanueva,Chucky Atkins,Jonas Jerebko,Kwame Brown,Rodney Stuckey,Elton Brand,Jason Kapono,Jason Smith,Royal Ivey,Willie Green,2,5:59,DET,free throw,,,,,,,1,,2,Rodney Stuckey,,,foul,made,,,,
Charlie Villanueva,Chucky Atkins,Jonas Jerebko,Kwame Brown,Rodney Stuckey,Elton Brand,Jason Kapono,Jason Smith,Royal Ivey,Willie Green,2,5:59,DET,free throw,,,,,,,2,,2,Rodney Stuckey,,,foul,made,,,,
Charlie Villanueva,Chucky Atkins,Jonas Jerebko,Kwame Brown,Rodney Stuckey,Elton Brand,Jason Kapono,Jason Smith,Royal Ivey,Willie Green,2,5:43,PHI,shot,,,,,,,,,,Willie Green,,,,missed,,jump,14,18
Charlie Villanueva,Chucky Atkins,Jonas Jerebko,Kwame Brown,Rodney Stuckey,Elton Brand,Jason Kapono,Jason Smith,Royal Ivey,Willie Green,2,5:42,PHI,rebound,,,,,,,,,,Jason Kapono,,,,,,off,,
Charlie Villanueva,Chucky Atkins,Jonas Jerebko,Kwame Brown,Rodney Stuckey,Elton Brand,Jason Kapono,Jason Smith,Royal Ivey,Willie Green,2,5:22,PHI,shot,,,,,,,,,,Royal Ivey,,,,missed,,jump,20,12
Charlie Villanueva,Chucky Atkins,Jonas Jerebko,Kwame Brown,Rodney Stuckey,Elton Brand,Jason Kapono,Jason Smith,Royal Ivey,Willie Green,2,5:20,PHI,rebound,,,,,,,,,,Elton Brand,,,,,,off,,
Charlie Villanueva,Chucky Atkins,Jonas Jerebko,Kwame Brown,Rodney Stuckey,Elton Brand,Jason Kapono,Jason Smith,Royal Ivey,Willie Green,2,5:19,PHI,shot,,,,,,,,,,Elton Brand,2,,,made,,driving bank,21,8
Charlie Villanueva,Chucky Atkins,Jonas Jerebko,Kwame Brown,Rodney Stuckey,Elton Brand,Jason Kapono,Jason Smith,Royal Ivey,Willie Green,2,5:19,DET,foul,,,,,,,,Elton Brand,,Kwame Brown,,,,,,shooting,,
Charlie Villanueva,Chucky Atkins,Jonas Jerebko,Kwame Brown,Rodney Stuckey,Elton Brand,Jason Kapono,Royal Ivey,Thaddeus Young,Willie Green,2,5:19,PHI,sub,,,,Thaddeus Young,,Jason Smith,,,,,,,,,,,,
Charlie Villanueva,Chucky Atkins,Jonas Jerebko,Kwame Brown,Rodney Stuckey,Elton Brand,Jason Kapono,Royal Ivey,Thaddeus Young,Willie Green,2,5:19,PHI,free throw,,,,,,,1,,1,Elton Brand,,,foul,made,,,,
Charlie Villanueva,Chucky Atkins,Jonas Jerebko,Kwame Brown,Rodney Stuckey,Elton Brand,Jason Kapono,Royal Ivey,Thaddeus Young,Willie Green,2,5:04,DET,shot,,,,,,,,,,Chucky Atkins,2,,,made,,driving layup,25,6
Charlie Villanueva,Chucky Atkins,Jonas Jerebko,Kwame Brown,Rodney Stuckey,Elton Brand,Jason Kapono,Royal Ivey,Thaddeus Young,Willie Green,2,4:40,PHI,turnover,,,,,,,,,,Royal Ivey,,,bad pass,,,,,
Charlie Villanueva,Chucky Atkins,Jonas Jerebko,Kwame Brown,Rodney Stuckey,Elton Brand,Jason Kapono,Royal Ivey,Thaddeus Young,Willie Green,2,4:26,PHI,foul,,,,,,,,Rodney Stuckey,,Royal Ivey,,,,,,personal,,
Charlie Villanueva,Chucky Atkins,Jonas Jerebko,Kwame Brown,Rodney Stuckey,Andre Iguodala,Elton Brand,Royal Ivey,Thaddeus Young,Willie Green,2,4:26,PHI,sub,,,,Andre Iguodala,,Jason Kapono,,,,,,,,,,,,
Charlie Villanueva,Chucky Atkins,Jonas Jerebko,Kwame Brown,Rodney Stuckey,Andre Iguodala,Elton Brand,Samuel Dalembert,Thaddeus Young,Willie Green,2,4:26,PHI,sub,,,,Samuel Dalembert,,Royal Ivey,,,,,,,,,,,,
Charlie Villanueva,Chucky Atkins,Jonas Jerebko,Kwame Brown,Rodney Stuckey,Andre Iguodala,Elton Brand,Samuel Dalembert,Thaddeus Young,Willie Green,2,4:20,DET,shot,,,,,,,,,,Rodney Stuckey,,,,missed,,jump,20,19
Charlie Villanueva,Chucky Atkins,Jonas Jerebko,Kwame Brown,Rodney Stuckey,Andre Iguodala,Elton Brand,Samuel Dalembert,Thaddeus Young,Willie Green,2,4:18,PHI,rebound,,,,,,,,,,Samuel Dalembert,,,,,,def,,
Charlie Villanueva,Chucky Atkins,Jonas Jerebko,Kwame Brown,Rodney Stuckey,Andre Iguodala,Elton Brand,Samuel Dalembert,Thaddeus Young,Willie Green,2,4:04,PHI,shot,Willie Green,,,,,,,,,Thaddeus Young,3,,,made,,3pt,49,6
Charlie Villanueva,Chucky Atkins,Jonas Jerebko,Kwame Brown,Rodney Stuckey,Andre Iguodala,Elton Brand,Samuel Dalembert,Thaddeus Young,Willie Green,2,3:43,DET,shot,,,,,,,,,,Chucky Atkins,2,,,made,,running bank,36,9
Charlie Villanueva,Chucky Atkins,Jonas Jerebko,Kwame Brown,Rodney Stuckey,Andre Iguodala,Elton Brand,Samuel Dalembert,Thaddeus Young,Willie Green,2,3:23,PHI,shot,,,,,,,,,,Elton Brand,,,,missed,,jump,14,12
Charlie Villanueva,Chucky Atkins,Jonas Jerebko,Kwame Brown,Rodney Stuckey,Andre Iguodala,Elton Brand,Samuel Dalembert,Thaddeus Young,Willie Green,2,3:22,DET,rebound,,,,,,,,,,Jonas Jerebko,,,,,,def,,
Charlie Villanueva,Chucky Atkins,Jonas Jerebko,Kwame Brown,Rodney Stuckey,Andre Iguodala,Elton Brand,Samuel Dalembert,Thaddeus Young,Willie Green,2,3:16,DET,shot,,,,,,,,,,Rodney Stuckey,2,,,made,,driving layup,25,6
Charlie Villanueva,Chucky Atkins,Jonas Jerebko,Kwame Brown,Rodney Stuckey,Andre Iguodala,Elton Brand,Samuel Dalembert,Thaddeus Young,Willie Green,2,3:09,PHI,shot,,,,,,,,,,Thaddeus Young,,,,missed,,layup,25,6
Charlie Villanueva,Chucky Atkins,Jonas Jerebko,Kwame Brown,Rodney Stuckey,Andre Iguodala,Elton Brand,Samuel Dalembert,Thaddeus Young,Willie Green,2,3:08,PHI,rebound,,,,,,,,,,Thaddeus Young,,,,,,off,,
Charlie Villanueva,Chucky Atkins,Jonas Jerebko,Kwame Brown,Rodney Stuckey,Andre Iguodala,Elton Brand,Samuel Dalembert,Thaddeus Young,Willie Green,2,3:08,PHI,shot,,,,,,,,,,Thaddeus Young,,,,missed,,tip,25,6
Charlie Villanueva,Chucky Atkins,Jonas Jerebko,Kwame Brown,Rodney Stuckey,Andre Iguodala,Elton Brand,Samuel Dalembert,Thaddeus Young,Willie Green,2,3:06,DET,rebound,,,,,,,,,,Kwame Brown,,,,,,def,,
Charlie Villanueva,Chucky Atkins,Jonas Jerebko,Kwame Brown,Rodney Stuckey,Andre Iguodala,Elton Brand,Samuel Dalembert,Thaddeus Young,Willie Green,2,3:01,DET,timeout,,,,,,,,,,,,,,,,regular,,
Charlie Villanueva,Chucky Atkins,Jonas Jerebko,Kwame Brown,Rodney Stuckey,Allen Iverson,Andre Iguodala,Elton Brand,Samuel Dalembert,Thaddeus Young,2,3:01,PHI,sub,,,,Allen Iverson,,Willie Green,,,,,,,,,,,,
Charlie Villanueva,Chucky Atkins,Jonas Jerebko,Kwame Brown,Rodney Stuckey,Allen Iverson,Andre Iguodala,Elton Brand,Samuel Dalembert,Thaddeus Young,2,2:52,DET,shot,,,Elton Brand,,,,,,,Rodney Stuckey,,,,missed,,layup,25,6
Charlie Villanueva,Chucky Atkins,Jonas Jerebko,Kwame Brown,Rodney Stuckey,Allen Iverson,Andre Iguodala,Elton Brand,Samuel Dalembert,Thaddeus Young,2,2:52,PHI,rebound,,,,,,,,,,,,,,,,,,
Charlie Villanueva,Chucky Atkins,Jonas Jerebko,Kwame Brown,Rodney Stuckey,Allen Iverson,Andre Iguodala,Elton Brand,Samuel Dalembert,Thaddeus Young,2,2:33,PHI,shot,Samuel Dalembert,,,,,,,,,Elton Brand,2,,,made,,layup,25,6
Charlie Villanueva,Chucky Atkins,Jonas Jerebko,Kwame Brown,Rodney Stuckey,Allen Iverson,Andre Iguodala,Elton Brand,Samuel Dalembert,Thaddeus Young,2,2:14,DET,shot,Chucky Atkins,,,,,,,,,Kwame Brown,2,,,made,,slam dunk,25,6
Charlie Villanueva,Chucky Atkins,Jonas Jerebko,Kwame Brown,Rodney Stuckey,Allen Iverson,Andre Iguodala,Elton Brand,Samuel Dalembert,Thaddeus Young,2,1:57,PHI,shot,,,,,,,,,,Andre Iguodala,,,,missed,,3pt,45,25
Charlie Villanueva,Chucky Atkins,Jonas Jerebko,Kwame Brown,Rodney Stuckey,Allen Iverson,Andre Iguodala,Elton Brand,Samuel Dalembert,Thaddeus Young,2,1:56,DET,rebound,,,,,,,,,,Jonas Jerebko,,,,,,def,,
Charlie Villanueva,Chucky Atkins,Jonas Jerebko,Kwame Brown,Rodney Stuckey,Allen Iverson,Andre Iguodala,Elton Brand,Samuel Dalembert,Thaddeus Young,2,1:45,PHI,foul,,,,,,,,Kwame Brown,,Samuel Dalembert,,,,,,personal,,
Charlie Villanueva,Chucky Atkins,Jonas Jerebko,Kwame Brown,Rodney Stuckey,Allen Iverson,Andre Iguodala,Elton Brand,Samuel Dalembert,Thaddeus Young,2,1:45,DET,free throw,,,,,,,1,,2,Kwame Brown,,,foul,made,,,,
Charlie Villanueva,Chucky Atkins,Jonas Jerebko,Kwame Brown,Rodney Stuckey,Allen Iverson,Andre Iguodala,Elton Brand,Jason Kapono,Thaddeus Young,2,1:45,PHI,sub,,,,Jason Kapono,,Samuel Dalembert,,,,,,,,,,,,
Charlie Villanueva,Chucky Atkins,Jonas Jerebko,Kwame Brown,Rodney Stuckey,Allen Iverson,Andre Iguodala,Elton Brand,Jason Kapono,Thaddeus Young,2,1:45,DET,free throw,,,,,,,2,,2,Kwame Brown,,,foul,made,,,,
Charlie Villanueva,Chucky Atkins,Jonas Jerebko,Kwame Brown,Rodney Stuckey,Allen Iverson,Andre Iguodala,Elton Brand,Jason Kapono,Thaddeus Young,2,1:28,DET,foul,,,,,,,,Elton Brand,,Charlie Villanueva,,,,,,shooting,,
Charlie Villanueva,Chucky Atkins,Jonas Jerebko,Kwame Brown,Rodney Stuckey,Allen Iverson,Andre Iguodala,Elton Brand,Jason Kapono,Thaddeus Young,2,1:28,PHI,free throw,,,,,,,1,,2,Elton Brand,,,foul,made,,,,
Charlie Villanueva,Chucky Atkins,Jonas Jerebko,Kwame Brown,Rodney Stuckey,Allen Iverson,Andre Iguodala,Elton Brand,Jason Kapono,Thaddeus Young,2,1:28,PHI,free throw,,,,,,,2,,2,Elton Brand,,,foul,made,,,,
Charlie Villanueva,Chucky Atkins,Jonas Jerebko,Kwame Brown,Rodney Stuckey,Allen Iverson,Andre Iguodala,Elton Brand,Jason Kapono,Thaddeus Young,2,1:14,PHI,foul,,,,,,,,Kwame Brown,,Elton Brand,,,,,,personal,,
Charlie Villanueva,Chucky Atkins,Jonas Jerebko,Kwame Brown,Rodney Stuckey,Allen Iverson,Andre Iguodala,Elton Brand,Jason Kapono,Thaddeus Young,2,1:14,DET,free throw,,,,,,,1,,2,Kwame Brown,,,foul,made,,,,
Charlie Villanueva,Chucky Atkins,Jonas Jerebko,Kwame Brown,Rodney Stuckey,Allen Iverson,Andre Iguodala,Elton Brand,Jason Kapono,Thaddeus Young,2,1:14,DET,free throw,,,,,,,2,,2,Kwame Brown,,,foul,made,,,,
Charlie Villanueva,Chucky Atkins,Jonas Jerebko,Kwame Brown,Rodney Stuckey,Allen Iverson,Andre Iguodala,Elton Brand,Jason Kapono,Thaddeus Young,2,0:57,PHI,shot,Elton Brand,,,,,,,,,Thaddeus Young,3,,,made,,3pt,38,29
Charlie Villanueva,Chucky Atkins,Jonas Jerebko,Kwame Brown,Rodney Stuckey,Allen Iverson,Andre Iguodala,Elton Brand,Jason Kapono,Thaddeus Young,2,0:41,DET,shot,,,,,,,,,,Charlie Villanueva,,,,missed,,turnaround jump,19,8
Charlie Villanueva,Chucky Atkins,Jonas Jerebko,Kwame Brown,Rodney Stuckey,Allen Iverson,Andre Iguodala,Elton Brand,Jason Kapono,Thaddeus Young,2,0:40,PHI,rebound,,,,,,,,,,Jason Kapono,,,,,,def,,
Charlie Villanueva,Chucky Atkins,Jonas Jerebko,Kwame Brown,Rodney Stuckey,Allen Iverson,Andre Iguodala,Elton Brand,Jason Kapono,Thaddeus Young,2,0:28,PHI,shot,Thaddeus Young,,,,,,,,,Elton Brand,2,,,made,,jump,36,4
Charlie Villanueva,Chucky Atkins,Jonas Jerebko,Kwame Brown,Rodney Stuckey,Allen Iverson,Andre Iguodala,Elton Brand,Jason Kapono,Thaddeus Young,2,0:23,DET,timeout,,,,,,,,,,,,,,,,short,,
Charlie Villanueva,Chucky Atkins,Jonas Jerebko,Rodney Stuckey,Will Bynum,Allen Iverson,Andre Iguodala,Elton Brand,Jason Kapono,Thaddeus Young,2,0:23,DET,sub,,,,Will Bynum,,Kwame Brown,,,,,,,,,,,,
Charlie Villanueva,Chucky Atkins,Jonas Jerebko,Rodney Stuckey,Will Bynum,Andre Iguodala,Elton Brand,Jason Kapono,Thaddeus Young,Willie Green,2,0:23,PHI,sub,,,,Willie Green,,Allen Iverson,,,,,,,,,,,,
Charlie Villanueva,Chucky Atkins,Jonas Jerebko,Rodney Stuckey,Will Bynum,Andre Iguodala,Elton Brand,Jason Kapono,Thaddeus Young,Willie Green,2,0:06,PHI,foul,,,,,,,,Rodney Stuckey,,Andre Iguodala,,,,,,shooting,,
Charlie Villanueva,Chucky Atkins,Jonas Jerebko,Rodney Stuckey,Will Bynum,Andre Iguodala,Elton Brand,Jason Kapono,Thaddeus Young,Willie Green,2,0:06,DET,free throw,,,,,,,1,,2,Rodney Stuckey,,,foul,made,,,,
Charlie Villanueva,Chucky Atkins,DaJuan Summers,Jonas Jerebko,Rodney Stuckey,Andre Iguodala,Elton Brand,Jason Kapono,Thaddeus Young,Willie Green,2,0:06,DET,sub,,,,DaJuan Summers,,Will Bynum,,,,,,,,,,,,
Charlie Villanueva,Chucky Atkins,DaJuan Summers,Jonas Jerebko,Rodney Stuckey,Andre Iguodala,Elton Brand,Jason Kapono,Thaddeus Young,Willie Green,2,0:06,DET,free throw,,,,,,,2,,2,Rodney Stuckey,,,foul,made,,,,
Charlie Villanueva,Chucky Atkins,DaJuan Summers,Jonas Jerebko,Rodney Stuckey,Andre Iguodala,Elton Brand,Jason Kapono,Thaddeus Young,Willie Green,2,0:01,PHI,shot,,,,,,,,,,Andre Iguodala,,,,missed,,layup,25,6
Charlie Villanueva,Chucky Atkins,DaJuan Summers,Jonas Jerebko,Rodney Stuckey,Andre Iguodala,Elton Brand,Jason Kapono,Thaddeus Young,Willie Green,2,0:00,DET,rebound,,,,,,,,,,Jonas Jerebko,,,,,,def,,
Ben Wallace,Chucky Atkins,Jason Maxiell,Jonas Jerebko,Rodney Stuckey,Allen Iverson,Andre Iguodala,Elton Brand,Samuel Dalembert,Thaddeus Young,3,11:40,PHI,shot,,,,,,,,,,Elton Brand,,,,missed,,jump,17,14
Ben Wallace,Chucky Atkins,Jason Maxiell,Jonas Jerebko,Rodney Stuckey,Allen Iverson,Andre Iguodala,Elton Brand,Samuel Dalembert,Thaddeus Young,3,11:38,DET,rebound,,,,,,,,,,Ben Wallace,,,,,,def,,
Ben Wallace,Chucky Atkins,Jason Maxiell,Jonas Jerebko,Rodney Stuckey,Allen Iverson,Andre Iguodala,Elton Brand,Samuel Dalembert,Thaddeus Young,3,11:25,DET,shot,Rodney Stuckey,,,,,,,,,Jason Maxiell,2,,,made,,jump,8,7
Ben Wallace,Chucky Atkins,Jason Maxiell,Jonas Jerebko,Rodney Stuckey,Allen Iverson,Andre Iguodala,Elton Brand,Samuel Dalembert,Thaddeus Young,3,11:05,PHI,shot,Allen Iverson,,,,,,,,,Samuel Dalembert,2,,,made,,alley oop dunk,25,6
Ben Wallace,Chucky Atkins,Jason Maxiell,Jonas Jerebko,Rodney Stuckey,Allen Iverson,Andre Iguodala,Elton Brand,Samuel Dalembert,Thaddeus Young,3,10:47,DET,shot,Jason Maxiell,,,,,,,,,Jonas Jerebko,2,,,made,,jump hook,20,11
Ben Wallace,Chucky Atkins,Jason Maxiell,Jonas Jerebko,Rodney Stuckey,Allen Iverson,Andre Iguodala,Elton Brand,Samuel Dalembert,Thaddeus Young,3,10:24,PHI,shot,Andre Iguodala,,,,,,,,,Samuel Dalembert,2,,,made,,hook,17,6
Ben Wallace,Chucky Atkins,Jason Maxiell,Jonas Jerebko,Rodney Stuckey,Allen Iverson,Andre Iguodala,Elton Brand,Samuel Dalembert,Thaddeus Young,3,10:24,DET,foul,,,,,,,,Samuel Dalembert,,Ben Wallace,,,,,,shooting,,
Ben Wallace,Chucky Atkins,Jason Maxiell,Jonas Jerebko,Rodney Stuckey,Allen Iverson,Andre Iguodala,Elton Brand,Samuel Dalembert,Thaddeus Young,3,10:24,PHI,free throw,,,,,,,1,,1,Samuel Dalembert,,,foul,made,,,,
Ben Wallace,Chucky Atkins,Jason Maxiell,Jonas Jerebko,Rodney Stuckey,Allen Iverson,Andre Iguodala,Elton Brand,Samuel Dalembert,Thaddeus Young,3,10:08,DET,turnover,,,,,,,,,,Jonas Jerebko,,,bad pass,,Allen Iverson,,,
Ben Wallace,Chucky Atkins,Jason Maxiell,Jonas Jerebko,Rodney Stuckey,Allen Iverson,Andre Iguodala,Elton Brand,Samuel Dalembert,Thaddeus Young,3,10:04,PHI,shot,Allen Iverson,,,,,,,,,Andre Iguodala,2,,,made,,reverse dunk,25,6
Ben Wallace,Chucky Atkins,Jason Maxiell,Jonas Jerebko,Rodney Stuckey,Allen Iverson,Andre Iguodala,Elton Brand,Samuel Dalembert,Thaddeus Young,3,9:46,DET,shot,Chucky Atkins,,,,,,,,,Rodney Stuckey,2,,,made,,pullup bank,14,10
Ben Wallace,Chucky Atkins,Jason Maxiell,Jonas Jerebko,Rodney Stuckey,Allen Iverson,Andre Iguodala,Elton Brand,Samuel Dalembert,Thaddeus Young,3,9:25,PHI,turnover,,,,,,,,,,Allen Iverson,,,bad pass,,Ben Wallace,,,
Ben Wallace,Chucky Atkins,Jason Maxiell,Jonas Jerebko,Rodney Stuckey,Allen Iverson,Andre Iguodala,Elton Brand,Samuel Dalembert,Thaddeus Young,3,9:05,DET,shot,,,,,,,,,,Jason Maxiell,,,,missed,,jump,42,12
Ben Wallace,Chucky Atkins,Jason Maxiell,Jonas Jerebko,Rodney Stuckey,Allen Iverson,Andre Iguodala,Elton Brand,Samuel Dalembert,Thaddeus Young,3,9:03,DET,rebound,,,,,,,,,,Ben Wallace,,,,,,off,,
Ben Wallace,Chucky Atkins,Jason Maxiell,Jonas Jerebko,Rodney Stuckey,Allen Iverson,Andre Iguodala,Elton Brand,Samuel Dalembert,Thaddeus Young,3,8:59,DET,shot,,,,,,,,,,Jonas Jerebko,,,,missed,,layup,25,6
Ben Wallace,Chucky Atkins,Jason Maxiell,Jonas Jerebko,Rodney Stuckey,Allen Iverson,Andre Iguodala,Elton Brand,Samuel Dalembert,Thaddeus Young,3,8:57,PHI,rebound,,,,,,,,,,Samuel Dalembert,,,,,,def,,
Ben Wallace,Chucky Atkins,Jason Maxiell,Jonas Jerebko,Rodney Stuckey,Allen Iverson,Andre Iguodala,Elton Brand,Samuel Dalembert,Thaddeus Young,3,8:50,PHI,shot,,,,,,,,,,Thaddeus Young,,,,missed,,3pt,49,5
Ben Wallace,Chucky Atkins,Jason Maxiell,Jonas Jerebko,Rodney Stuckey,Allen Iverson,Andre Iguodala,Elton Brand,Samuel Dalembert,Thaddeus Young,3,8:49,DET,rebound,,,,,,,,,,Ben Wallace,,,,,,def,,
Ben Wallace,Chucky Atkins,Jason Maxiell,Jonas Jerebko,Rodney Stuckey,Allen Iverson,Andre Iguodala,Elton Brand,Samuel Dalembert,Thaddeus Young,3,8:28,DET,shot,Rodney Stuckey,,,,,,,,,Jason Maxiell,2,,,made,,jump,17,10
Ben Wallace,Chucky Atkins,Jason Maxiell,Jonas Jerebko,Rodney Stuckey,Allen Iverson,Andre Iguodala,Elton Brand,Samuel Dalembert,Thaddeus Young,3,8:00,PHI,shot,,,,,,,,,,Andre Iguodala,,,,missed,,jump,33,16
Ben Wallace,Chucky Atkins,Jason Maxiell,Jonas Jerebko,Rodney Stuckey,Allen Iverson,Andre Iguodala,Elton Brand,Samuel Dalembert,Thaddeus Young,3,8:00,PHI,rebound,,,,,,,,,,Elton Brand,,,,,,off,,
Ben Wallace,Chucky Atkins,Jason Maxiell,Jonas Jerebko,Rodney Stuckey,Allen Iverson,Andre Iguodala,Elton Brand,Samuel Dalembert,Thaddeus Young,3,8:00,PHI,turnover,,,,,,,,,,,,,shot clock turnover,,,,,
Ben Wallace,Chucky Atkins,Jason Maxiell,Jonas Jerebko,Rodney Stuckey,Allen Iverson,Andre Iguodala,Elton Brand,Samuel Dalembert,Thaddeus Young,3,7:37,DET,shot,,,,,,,,,,Ben Wallace,,,,missed,,jump,32,6
Ben Wallace,Chucky Atkins,Jason Maxiell,Jonas Jerebko,Rodney Stuckey,Allen Iverson,Andre Iguodala,Elton Brand,Samuel Dalembert,Thaddeus Young,3,7:35,DET,rebound,,,,,,,,,,Jason Maxiell,,,,,,off,,
Ben Wallace,Chucky Atkins,Jason Maxiell,Jonas Jerebko,Rodney Stuckey,Allen Iverson,Andre Iguodala,Elton Brand,Samuel Dalembert,Thaddeus Young,3,7:35,DET,turnover,,,,,,,,,,,,,shot clock turnover,,,,,
Ben Wallace,Chucky Atkins,Jason Maxiell,Jonas Jerebko,Rodney Stuckey,Allen Iverson,Andre Iguodala,Elton Brand,Samuel Dalembert,Thaddeus Young,3,7:16,PHI,shot,,,,,,,,,,Elton Brand,,,,missed,,jump,27,23
Ben Wallace,Chucky Atkins,Jason Maxiell,Jonas Jerebko,Rodney Stuckey,Allen Iverson,Andre Iguodala,Elton Brand,Samuel Dalembert,Thaddeus Young,3,7:14,PHI,rebound,,,,,,,,,,,,,,,,,,
Ben Wallace,Chucky Atkins,Jason Maxiell,Jonas Jerebko,Rodney Stuckey,Allen Iverson,Andre Iguodala,Elton Brand,Samuel Dalembert,Thaddeus Young,3,7:06,PHI,shot,,,,,,,,,,Allen Iverson,,,,missed,,jump,15,17
Ben Wallace,Chucky Atkins,Jason Maxiell,Jonas Jerebko,Rodney Stuckey,Allen Iverson,Andre Iguodala,Elton Brand,Samuel Dalembert,Thaddeus Young,3,7:05,PHI,rebound,,,,,,,,,,Samuel Dalembert,,,,,,off,,
Ben Wallace,Chucky Atkins,Jason Maxiell,Jonas Jerebko,Rodney Stuckey,Allen Iverson,Andre Iguodala,Elton Brand,Samuel Dalembert,Thaddeus Young,3,6:58,PHI,turnover,,,,,,,,,,Allen Iverson,,,lost ball,,Chucky Atkins,,,
Ben Wallace,Chucky Atkins,Jason Maxiell,Jonas Jerebko,Rodney Stuckey,Allen Iverson,Andre Iguodala,Elton Brand,Samuel Dalembert,Thaddeus Young,3,6:56,PHI,foul,,,,,,,,Jonas Jerebko,,Andre Iguodala,,,,,,shooting,,
Ben Wallace,Chucky Atkins,Jason Maxiell,Jonas Jerebko,Rodney Stuckey,Allen Iverson,Andre Iguodala,Elton Brand,Samuel Dalembert,Thaddeus Young,3,6:56,DET,free throw,,,,,,,1,,2,Jonas Jerebko,,,foul,made,,,,
Ben Wallace,Chucky Atkins,Jason Maxiell,Jonas Jerebko,Rodney Stuckey,Allen Iverson,Andre Iguodala,Elton Brand,Samuel Dalembert,Thaddeus Young,3,6:56,DET,free throw,,,,,,,2,,2,Jonas Jerebko,,,foul,made,,,,
Ben Wallace,Chucky Atkins,Jason Maxiell,Jonas Jerebko,Rodney Stuckey,Allen Iverson,Andre Iguodala,Elton Brand,Samuel Dalembert,Thaddeus Young,3,6:39,PHI,turnover,,,,,,,,,,Thaddeus Young,,,traveling,,,,,
Ben Wallace,Chucky Atkins,Jason Maxiell,Jonas Jerebko,Rodney Stuckey,Allen Iverson,Andre Iguodala,Elton Brand,Samuel Dalembert,Thaddeus Young,3,6:23,DET,shot,Jason Maxiell,,,,,,,,,Jonas Jerebko,2,,,made,,layup,25,6
Ben Wallace,Chucky Atkins,Jason Maxiell,Jonas Jerebko,Rodney Stuckey,Allen Iverson,Andre Iguodala,Elton Brand,Samuel Dalembert,Thaddeus Young,3,6:05,PHI,shot,Thaddeus Young,,,,,,,,,Andre Iguodala,3,,,made,,3pt,45,23
Ben Wallace,Chucky Atkins,Jason Maxiell,Jonas Jerebko,Rodney Stuckey,Allen Iverson,Andre Iguodala,Elton Brand,Samuel Dalembert,Thaddeus Young,3,5:45,DET,shot,Ben Wallace,,,,,,,,,Rodney Stuckey,2,,,made,,running jump,25,11
Ben Wallace,Chucky Atkins,Jason Maxiell,Jonas Jerebko,Rodney Stuckey,Allen Iverson,Andre Iguodala,Elton Brand,Samuel Dalembert,Thaddeus Young,3,5:21,PHI,shot,,,,,,,,,,Andre Iguodala,,,,missed,,jump,11,16
Ben Wallace,Chucky Atkins,Jason Maxiell,Jonas Jerebko,Rodney Stuckey,Allen Iverson,Andre Iguodala,Elton Brand,Samuel Dalembert,Thaddeus Young,3,5:19,DET,rebound,,,,,,,,,,Rodney Stuckey,,,,,,def,,
Ben Wallace,Chucky Atkins,Jason Maxiell,Jonas Jerebko,Rodney Stuckey,Allen Iverson,Andre Iguodala,Elton Brand,Samuel Dalembert,Thaddeus Young,3,5:06,DET,shot,,,,,,,,,,Jason Maxiell,,,,missed,,jump,24,18
Ben Wallace,Chucky Atkins,Jason Maxiell,Jonas Jerebko,Rodney Stuckey,Allen Iverson,Andre Iguodala,Elton Brand,Samuel Dalembert,Thaddeus Young,3,5:05,PHI,rebound,,,,,,,,,,Andre Iguodala,,,,,,def,,
Ben Wallace,Chucky Atkins,Jason Maxiell,Jonas Jerebko,Rodney Stuckey,Allen Iverson,Andre Iguodala,Elton Brand,Samuel Dalembert,Thaddeus Young,3,5:01,PHI,turnover,,,,,,,,,,Andre Iguodala,,,lost ball,,Chucky Atkins,,,
Ben Wallace,Chucky Atkins,Jason Maxiell,Jonas Jerebko,Rodney Stuckey,Allen Iverson,Andre Iguodala,Elton Brand,Samuel Dalembert,Thaddeus Young,3,4:57,DET,shot,Rodney Stuckey,,,,,,,,,Jonas Jerebko,2,,,made,,layup,25,6
Ben Wallace,Chucky Atkins,Jason Maxiell,Jonas Jerebko,Rodney Stuckey,Allen Iverson,Andre Iguodala,Elton Brand,Samuel Dalembert,Thaddeus Young,3,4:56,PHI,timeout,,,,,,,,,,,,,,,,regular,,
Ben Wallace,Charlie Villanueva,Chucky Atkins,Jason Maxiell,Jonas Jerebko,Allen Iverson,Andre Iguodala,Elton Brand,Samuel Dalembert,Thaddeus Young,3,4:56,DET,sub,,,,Charlie Villanueva,,Rodney Stuckey,,,,,,,,,,,,
Ben Wallace,Charlie Villanueva,Chucky Atkins,Jason Maxiell,Jonas Jerebko,Allen Iverson,Andre Iguodala,Elton Brand,Samuel Dalembert,Thaddeus Young,3,4:35,PHI,shot,,,,,,,,,,Thaddeus Young,,,,missed,,3pt,31,33
Ben Wallace,Charlie Villanueva,Chucky Atkins,Jason Maxiell,Jonas Jerebko,Allen Iverson,Andre Iguodala,Elton Brand,Samuel Dalembert,Thaddeus Young,3,4:33,DET,rebound,,,,,,,,,,Jason Maxiell,,,,,,def,,
Ben Wallace,Charlie Villanueva,Chucky Atkins,Jason Maxiell,Jonas Jerebko,Allen Iverson,Andre Iguodala,Elton Brand,Samuel Dalembert,Thaddeus Young,3,4:19,DET,shot,Jonas Jerebko,,,,,,,,,Charlie Villanueva,2,,,made,,reverse layup,25,6
Ben Wallace,Charlie Villanueva,Chucky Atkins,Jason Maxiell,Jonas Jerebko,Allen Iverson,Andre Iguodala,Elton Brand,Samuel Dalembert,Thaddeus Young,3,3:55,PHI,turnover,,,,,,,,,,Allen Iverson,,,bad pass,,Ben Wallace,,,
Ben Wallace,Charlie Villanueva,Chucky Atkins,Jason Maxiell,Jonas Jerebko,Allen Iverson,Andre Iguodala,Elton Brand,Samuel Dalembert,Thaddeus Young,3,3:49,DET,shot,,,,,,,,,,Chucky Atkins,,,,missed,,3pt,42,24
Ben Wallace,Charlie Villanueva,Chucky Atkins,Jason Maxiell,Jonas Jerebko,Allen Iverson,Andre Iguodala,Elton Brand,Samuel Dalembert,Thaddeus Young,3,3:47,PHI,rebound,,,,,,,,,,Thaddeus Young,,,,,,def,,
Ben Wallace,Charlie Villanueva,Chucky Atkins,Jason Maxiell,Jonas Jerebko,Allen Iverson,Andre Iguodala,Elton Brand,Samuel Dalembert,Thaddeus Young,3,3:42,PHI,shot,Thaddeus Young,,,,,,,,,Andre Iguodala,2,,,made,,dunk,25,6
Ben Wallace,Charlie Villanueva,Chucky Atkins,Jason Maxiell,Jonas Jerebko,Allen Iverson,Andre Iguodala,Elton Brand,Samuel Dalembert,Thaddeus Young,3,3:22,DET,shot,,,,,,,,,,Charlie Villanueva,,,,missed,,3pt,1,7
Ben Wallace,Charlie Villanueva,Chucky Atkins,Jason Maxiell,Jonas Jerebko,Allen Iverson,Andre Iguodala,Elton Brand,Samuel Dalembert,Thaddeus Young,3,3:19,DET,rebound,,,,,,,,,,Jason Maxiell,,,,,,off,,
Ben Wallace,Charlie Villanueva,Chucky Atkins,Jason Maxiell,Jonas Jerebko,Allen Iverson,Andre Iguodala,Elton Brand,Samuel Dalembert,Thaddeus Young,3,3:19,PHI,foul,,,,,,,,Jason Maxiell,,Thaddeus Young,,,,,,shooting,,
Ben Wallace,Charlie Villanueva,Chucky Atkins,Jason Maxiell,Jonas Jerebko,Allen Iverson,Andre Iguodala,Elton Brand,Samuel Dalembert,Thaddeus Young,3,3:19,PHI,foul,,,,,,,,,,Samuel Dalembert,,,,,,technical,,
Ben Wallace,Charlie Villanueva,Chucky Atkins,Jason Maxiell,Jonas Jerebko,Allen Iverson,Andre Iguodala,Elton Brand,Samuel Dalembert,Thaddeus Young,3,3:19,DET,free throw,,,,,,,1,,1,Charlie Villanueva,,,technical,made,,,,
Ben Wallace,Charlie Villanueva,Chucky Atkins,Jason Maxiell,Jonas Jerebko,Allen Iverson,Andre Iguodala,Elton Brand,Samuel Dalembert,Thaddeus Young,3,3:19,DET,free throw,,,,,,,1,,2,Jason Maxiell,,,foul,made,,,,
Ben Wallace,Charlie Villanueva,Jason Maxiell,Jonas Jerebko,Will Bynum,Allen Iverson,Andre Iguodala,Elton Brand,Samuel Dalembert,Thaddeus Young,3,3:19,DET,sub,,,,Will Bynum,,Chucky Atkins,,,,,,,,,,,,
Ben Wallace,Charlie Villanueva,Jason Maxiell,Jonas Jerebko,Will Bynum,Allen Iverson,Andre Iguodala,Elton Brand,Samuel Dalembert,Thaddeus Young,3,3:19,DET,free throw,,,,,,,2,,2,Jason Maxiell,,,foul,missed,,,,
Ben Wallace,Charlie Villanueva,Jason Maxiell,Jonas Jerebko,Will Bynum,Allen Iverson,Andre Iguodala,Elton Brand,Samuel Dalembert,Thaddeus Young,3,3:18,PHI,rebound,,,,,,,,,,Andre Iguodala,,,,,,def,,
Ben Wallace,Charlie Villanueva,Jason Maxiell,Jonas Jerebko,Will Bynum,Allen Iverson,Andre Iguodala,Elton Brand,Samuel Dalembert,Thaddeus Young,3,3:06,PHI,shot,,,,,,,,,,Allen Iverson,2,,,made,,pullup jump,40,6
Ben Wallace,Charlie Villanueva,Jason Maxiell,Jonas Jerebko,Will Bynum,Allen Iverson,Andre Iguodala,Elton Brand,Samuel Dalembert,Thaddeus Young,3,2:58,DET,timeout,,,,,,,,,,,,,,,,regular,,
Ben Wallace,Charlie Villanueva,Jason Maxiell,Jonas Jerebko,Will Bynum,Allen Iverson,Andre Iguodala,Jason Kapono,Samuel Dalembert,Thaddeus Young,3,2:58,PHI,sub,,,,Jason Kapono,,Elton Brand,,,,,,,,,,,,
Charlie Villanueva,Jason Maxiell,Jonas Jerebko,Kwame Brown,Will Bynum,Allen Iverson,Andre Iguodala,Jason Kapono,Samuel Dalembert,Thaddeus Young,3,2:58,DET,sub,,,,Kwame Brown,,Ben Wallace,,,,,,,,,,,,
Charlie Villanueva,Jason Maxiell,Jonas Jerebko,Kwame Brown,Will Bynum,Allen Iverson,Andre Iguodala,Jason Kapono,Samuel Dalembert,Thaddeus Young,3,2:43,DET,shot,,,,,,,,,,Charlie Villanueva,2,,,made,,turnaround hook,26,15
Charlie Villanueva,Jason Maxiell,Jonas Jerebko,Kwame Brown,Will Bynum,Allen Iverson,Andre Iguodala,Jason Kapono,Samuel Dalembert,Thaddeus Young,3,2:29,PHI,shot,Allen Iverson,,,,,,,,,Samuel Dalembert,2,,,made,,alley oop dunk,25,6
Charlie Villanueva,Jason Maxiell,Jonas Jerebko,Kwame Brown,Will Bynum,Allen Iverson,Andre Iguodala,Jason Kapono,Samuel Dalembert,Thaddeus Young,3,2:03,DET,shot,,,,,,,,,,Charlie Villanueva,,,,missed,,3pt,33,31
Charlie Villanueva,Jason Maxiell,Jonas Jerebko,Kwame Brown,Will Bynum,Allen Iverson,Andre Iguodala,Jason Kapono,Samuel Dalembert,Thaddeus Young,3,2:00,DET,rebound,,,,,,,,,,Will Bynum,,,,,,off,,
Charlie Villanueva,Jason Maxiell,Jonas Jerebko,Kwame Brown,Will Bynum,Allen Iverson,Andre Iguodala,Jason Kapono,Samuel Dalembert,Thaddeus Young,3,1:50,DET,foul,,,,,,,,Andre Iguodala,,Kwame Brown,,,,,,offensive,,
Charlie Villanueva,Jason Maxiell,Jonas Jerebko,Kwame Brown,Will Bynum,Allen Iverson,Andre Iguodala,Jason Kapono,Samuel Dalembert,Thaddeus Young,3,1:50,DET,turnover,,,,,,,,,,Kwame Brown,,,foul,,,,,
Charlie Villanueva,Jason Maxiell,Jonas Jerebko,Kwame Brown,Will Bynum,Allen Iverson,Andre Iguodala,Jason Kapono,Samuel Dalembert,Thaddeus Young,3,1:36,PHI,shot,,,Will Bynum,,,,,,,Allen Iverson,,,,missed,,jump,22,20
Charlie Villanueva,Jason Maxiell,Jonas Jerebko,Kwame Brown,Will Bynum,Allen Iverson,Andre Iguodala,Jason Kapono,Samuel Dalembert,Thaddeus Young,3,1:33,PHI,rebound,,,,,,,,,,Samuel Dalembert,,,,,,off,,
Charlie Villanueva,Jason Maxiell,Jonas Jerebko,Kwame Brown,Will Bynum,Allen Iverson,Andre Iguodala,Jason Kapono,Samuel Dalembert,Thaddeus Young,3,1:25,PHI,shot,Jason Kapono,,,,,,,,,Thaddeus Young,3,,,made,,3pt,,
Charlie Villanueva,Jason Maxiell,Jonas Jerebko,Kwame Brown,Will Bynum,Allen Iverson,Andre Iguodala,Jason Kapono,Samuel Dalembert,Thaddeus Young,3,1:04,DET,shot,,,,,,,,,,Kwame Brown,,,,missed,,layup,25,6
Charlie Villanueva,Jason Maxiell,Jonas Jerebko,Kwame Brown,Will Bynum,Allen Iverson,Andre Iguodala,Jason Kapono,Samuel Dalembert,Thaddeus Young,3,1:03,DET,rebound,,,,,,,,,,Jonas Jerebko,,,,,,off,,
Charlie Villanueva,Jason Maxiell,Jonas Jerebko,Kwame Brown,Will Bynum,Allen Iverson,Andre Iguodala,Jason Kapono,Samuel Dalembert,Thaddeus Young,3,0:59,DET,shot,,,,,,,,,,Will Bynum,,,,missed,,3pt,22,31
Charlie Villanueva,Jason Maxiell,Jonas Jerebko,Kwame Brown,Will Bynum,Allen Iverson,Andre Iguodala,Jason Kapono,Samuel Dalembert,Thaddeus Young,3,0:57,DET,rebound,,,,,,,,,,Jonas Jerebko,,,,,,off,,
Charlie Villanueva,Jason Maxiell,Jonas Jerebko,Kwame Brown,Will Bynum,Allen Iverson,Andre Iguodala,Jason Kapono,Samuel Dalembert,Thaddeus Young,3,0:57,DET,shot,,,,,,,,,,Jonas Jerebko,2,,,made,,layup,25,6
Charlie Villanueva,Jason Maxiell,Jonas Jerebko,Kwame Brown,Will Bynum,Allen Iverson,Andre Iguodala,Jason Kapono,Samuel Dalembert,Thaddeus Young,3,0:45,DET,foul,,,,,,,,Andre Iguodala,,Charlie Villanueva,,,,,,shooting,,
Charlie Villanueva,Jason Maxiell,Jonas Jerebko,Kwame Brown,Will Bynum,Allen Iverson,Andre Iguodala,Jason Kapono,Samuel Dalembert,Thaddeus Young,3,0:45,PHI,free throw,,,,,,,1,,2,Andre Iguodala,,,foul,missed,,,,
Charlie Villanueva,Jason Maxiell,Jonas Jerebko,Kwame Brown,Will Bynum,Allen Iverson,Andre Iguodala,Jason Kapono,Samuel Dalembert,Thaddeus Young,3,0:45,PHI,rebound,,,,,,,,,,,,,,,,,,
Charlie Villanueva,Jason Maxiell,Jonas Jerebko,Kwame Brown,Will Bynum,Andre Iguodala,Jason Kapono,Samuel Dalembert,Thaddeus Young,Willie Green,3,0:45,PHI,sub,,,,Willie Green,,Allen Iverson,,,,,,,,,,,,
Charlie Villanueva,Jason Maxiell,Jonas Jerebko,Kwame Brown,Will Bynum,Andre Iguodala,Jason Kapono,Samuel Dalembert,Thaddeus Young,Willie Green,3,0:45,PHI,free throw,,,,,,,2,,2,Andre Iguodala,,,foul,missed,,,,
Charlie Villanueva,Jason Maxiell,Jonas Jerebko,Kwame Brown,Will Bynum,Andre Iguodala,Jason Kapono,Samuel Dalembert,Thaddeus Young,Willie Green,3,0:44,DET,rebound,,,,,,,,,,Jonas Jerebko,,,,,,def,,
Charlie Villanueva,Jason Maxiell,Jonas Jerebko,Kwame Brown,Will Bynum,Andre Iguodala,Jason Kapono,Samuel Dalembert,Thaddeus Young,Willie Green,3,0:29,DET,shot,,,,,,,,,,Charlie Villanueva,,,,missed,,jump,36,6
Charlie Villanueva,Jason Maxiell,Jonas Jerebko,Kwame Brown,Will Bynum,Andre Iguodala,Jason Kapono,Samuel Dalembert,Thaddeus Young,Willie Green,3,0:28,DET,rebound,,,,,,,,,,Kwame Brown,,,,,,off,,
Charlie Villanueva,Jason Maxiell,Jonas Jerebko,Kwame Brown,Will Bynum,Andre Iguodala,Jason Kapono,Samuel Dalembert,Thaddeus Young,Willie Green,3,0:28,PHI,foul,,,,,,,,Kwame Brown,,Thaddeus Young,,,,,,shooting,,
Charlie Villanueva,Jason Maxiell,Jonas Jerebko,Kwame Brown,Will Bynum,Andre Iguodala,Jason Kapono,Samuel Dalembert,Thaddeus Young,Willie Green,3,0:28,DET,free throw,,,,,,,1,,2,Kwame Brown,,,foul,missed,,,,
Charlie Villanueva,Jason Maxiell,Jonas Jerebko,Kwame Brown,Will Bynum,Andre Iguodala,Jason Kapono,Samuel Dalembert,Thaddeus Young,Willie Green,3,0:28,DET,rebound,,,,,,,,,,,,,,,,,,
Charlie Villanueva,Jason Maxiell,Jonas Jerebko,Kwame Brown,Will Bynum,Andre Iguodala,Jason Kapono,Samuel Dalembert,Thaddeus Young,Willie Green,3,0:28,DET,free throw,,,,,,,2,,2,Kwame Brown,,,foul,made,,,,
Charlie Villanueva,Jason Maxiell,Jonas Jerebko,Kwame Brown,Will Bynum,Andre Iguodala,Jason Kapono,Samuel Dalembert,Thaddeus Young,Willie Green,3,0:03,PHI,shot,,,,,,,,,,Jason Kapono,,,,missed,,3pt,41,25
Charlie Villanueva,Jason Maxiell,Jonas Jerebko,Kwame Brown,Will Bynum,Andre Iguodala,Jason Kapono,Samuel Dalembert,Thaddeus Young,Willie Green,3,0:01,PHI,rebound,,,,,,,,,,Samuel Dalembert,,,,,,off,,
Charlie Villanueva,Jason Maxiell,Jonas Jerebko,Kwame Brown,Will Bynum,Andre Iguodala,Jason Kapono,Samuel Dalembert,Thaddeus Young,Willie Green,3,0:00,PHI,shot,,,,,,,,,,Samuel Dalembert,,,,missed,,layup,25,6
Charlie Villanueva,Jason Maxiell,Jonas Jerebko,Kwame Brown,Will Bynum,Andre Iguodala,Jason Kapono,Samuel Dalembert,Thaddeus Young,Willie Green,3,0:00,PHI,rebound,,,,,,,,,,Thaddeus Young,,,,,,off,,
Charlie Villanueva,Jason Maxiell,Jonas Jerebko,Kwame Brown,Will Bynum,Andre Iguodala,Jason Kapono,Samuel Dalembert,Thaddeus Young,Willie Green,3,0:00,PHI,shot,,,,,,,,,,Thaddeus Young,2,,,made,,layup,25,6
Austin Daye,Charlie Villanueva,Kwame Brown,Rodney Stuckey,Will Bynum,Andre Iguodala,Jason Kapono,Samuel Dalembert,Thaddeus Young,Willie Green,4,11:44,DET,shot,,,,,,,,,,Rodney Stuckey,,,,missed,,jump,5,6
Austin Daye,Charlie Villanueva,Kwame Brown,Rodney Stuckey,Will Bynum,Andre Iguodala,Jason Kapono,Samuel Dalembert,Thaddeus Young,Willie Green,4,11:42,PHI,rebound,,,,,,,,,,Willie Green,,,,,,def,,
Austin Daye,Charlie Villanueva,Kwame Brown,Rodney Stuckey,Will Bynum,Andre Iguodala,Jason Kapono,Samuel Dalembert,Thaddeus Young,Willie Green,4,11:21,PHI,shot,,,,,,,,,,Thaddeus Young,,,,missed,,jump,24,12
Austin Daye,Charlie Villanueva,Kwame Brown,Rodney Stuckey,Will Bynum,Andre Iguodala,Jason Kapono,Samuel Dalembert,Thaddeus Young,Willie Green,4,11:20,PHI,rebound,,,,,,,,,,Samuel Dalembert,,,,,,off,,
Austin Daye,Charlie Villanueva,Kwame Brown,Rodney Stuckey,Will Bynum,Andre Iguodala,Jason Kapono,Samuel Dalembert,Thaddeus Young,Willie Green,4,11:11,PHI,shot,,,,,,,,,,Thaddeus Young,,,,missed,,3pt,49,3
Austin Daye,Charlie Villanueva,Kwame Brown,Rodney Stuckey,Will Bynum,Andre Iguodala,Jason Kapono,Samuel Dalembert,Thaddeus Young,Willie Green,4,11:08,DET,rebound,,,,,,,,,,Rodney Stuckey,,,,,,def,,
Austin Daye,Charlie Villanueva,Kwame Brown,Rodney Stuckey,Will Bynum,Andre Iguodala,Jason Kapono,Samuel Dalembert,Thaddeus Young,Willie Green,4,10:57,DET,shot,,,,,,,,,,Kwame Brown,,,,missed,,jump,26,13
Austin Daye,Charlie Villanueva,Kwame Brown,Rodney Stuckey,Will Bynum,Andre Iguodala,Jason Kapono,Samuel Dalembert,Thaddeus Young,Willie Green,4,10:55,PHI,rebound,,,,,,,,,,Samuel Dalembert,,,,,,def,,
Austin Daye,Charlie Villanueva,Kwame Brown,Rodney Stuckey,Will Bynum,Andre Iguodala,Jason Kapono,Samuel Dalembert,Thaddeus Young,Willie Green,4,10:43,PHI,shot,Andre Iguodala,,,,,,,,,Willie Green,3,,,made,,3pt,36,29
Austin Daye,Charlie Villanueva,Kwame Brown,Rodney Stuckey,Will Bynum,Andre Iguodala,Jason Kapono,Samuel Dalembert,Thaddeus Young,Willie Green,4,10:18,DET,foul,,,,,,,,Thaddeus Young,,Rodney Stuckey,,,,,,offensive,,
Austin Daye,Charlie Villanueva,Kwame Brown,Rodney Stuckey,Will Bynum,Andre Iguodala,Jason Kapono,Samuel Dalembert,Thaddeus Young,Willie Green,4,10:18,DET,turnover,,,,,,,,,,Rodney Stuckey,,,foul,,,,,
Austin Daye,Charlie Villanueva,Kwame Brown,Rodney Stuckey,Will Bynum,Andre Iguodala,Elton Brand,Jason Kapono,Samuel Dalembert,Willie Green,4,10:18,PHI,sub,,,,Elton Brand,,Thaddeus Young,,,,,,,,,,,,
Austin Daye,Charlie Villanueva,Kwame Brown,Rodney Stuckey,Will Bynum,Andre Iguodala,Elton Brand,Jason Kapono,Samuel Dalembert,Willie Green,4,10:02,PHI,shot,Andre Iguodala,,,,,,,,,Samuel Dalembert,2,,,made,,alley oop dunk,25,6
Austin Daye,Charlie Villanueva,Kwame Brown,Rodney Stuckey,Will Bynum,Andre Iguodala,Elton Brand,Jason Kapono,Samuel Dalembert,Willie Green,4,9:42,DET,shot,,,,,,,,,,Rodney Stuckey,2,,,made,,driving finger roll layup,25,6
Austin Daye,Charlie Villanueva,Kwame Brown,Rodney Stuckey,Will Bynum,Andre Iguodala,Elton Brand,Jason Kapono,Samuel Dalembert,Willie Green,4,9:27,DET,foul,,,,,,,,Andre Iguodala,,Rodney Stuckey,,,,,,personal,,
Austin Daye,Charlie Villanueva,Kwame Brown,Rodney Stuckey,Will Bynum,Andre Iguodala,Elton Brand,Jason Kapono,Samuel Dalembert,Willie Green,4,9:21,PHI,shot,Andre Iguodala,,,,,,,,,Elton Brand,2,,,made,,jump,36,19
Austin Daye,Charlie Villanueva,Kwame Brown,Rodney Stuckey,Will Bynum,Andre Iguodala,Elton Brand,Jason Kapono,Samuel Dalembert,Willie Green,4,9:02,DET,shot,,,Andre Iguodala,,,,,,,Austin Daye,,,,missed,,jump,8,10
Austin Daye,Charlie Villanueva,Kwame Brown,Rodney Stuckey,Will Bynum,Andre Iguodala,Elton Brand,Jason Kapono,Samuel Dalembert,Willie Green,4,8:59,PHI,rebound,,,,,,,,,,Samuel Dalembert,,,,,,def,,
Austin Daye,Charlie Villanueva,Kwame Brown,Rodney Stuckey,Will Bynum,Andre Iguodala,Elton Brand,Jason Kapono,Samuel Dalembert,Willie Green,4,8:54,PHI,shot,,,,,,,,,,Elton Brand,,,,missed,,jump,36,18
Austin Daye,Charlie Villanueva,Kwame Brown,Rodney Stuckey,Will Bynum,Andre Iguodala,Elton Brand,Jason Kapono,Samuel Dalembert,Willie Green,4,8:52,DET,rebound,,,,,,,,,,Charlie Villanueva,,,,,,def,,
Austin Daye,Charlie Villanueva,Kwame Brown,Rodney Stuckey,Will Bynum,Andre Iguodala,Elton Brand,Jason Kapono,Samuel Dalembert,Willie Green,4,8:33,DET,turnover,,,,,,,,,,Kwame Brown,,,traveling,,,,,
Austin Daye,Charlie Villanueva,Kwame Brown,Rodney Stuckey,Will Bynum,Andre Iguodala,Elton Brand,Jason Kapono,Samuel Dalembert,Willie Green,4,8:33,PHI,timeout,,,,,,,,,,,,,,,,official,,
Austin Daye,Charlie Villanueva,Kwame Brown,Rodney Stuckey,Will Bynum,Andre Iguodala,Elton Brand,Jason Kapono,Samuel Dalembert,Willie Green,4,8:33,DET,foul,,,,,,,,,,Kwame Brown,,,,,,technical,,
Charlie Villanueva,Jonas Jerebko,Kwame Brown,Rodney Stuckey,Will Bynum,Andre Iguodala,Elton Brand,Jason Kapono,Samuel Dalembert,Willie Green,4,8:33,DET,sub,,,,Jonas Jerebko,,Austin Daye,,,,,,,,,,,,
Ben Wallace,Charlie Villanueva,Jonas Jerebko,Rodney Stuckey,Will Bynum,Andre Iguodala,Elton Brand,Jason Kapono,Samuel Dalembert,Willie Green,4,8:33,DET,sub,,,,Ben Wallace,,Kwame Brown,,,,,,,,,,,,
Ben Wallace,Charlie Villanueva,Jonas Jerebko,Rodney Stuckey,Will Bynum,Andre Iguodala,Elton Brand,Jason Kapono,Samuel Dalembert,Willie Green,4,8:33,PHI,free throw,,,,,,,1,,1,Andre Iguodala,,,technical,made,,,,
Ben Wallace,Charlie Villanueva,Jonas Jerebko,Rodney Stuckey,Will Bynum,Andre Iguodala,Elton Brand,Jason Kapono,Samuel Dalembert,Willie Green,4,8:19,PHI,shot,Andre Iguodala,,,,,,,,,Elton Brand,2,,,made,,driving layup,25,6
Ben Wallace,Charlie Villanueva,Jonas Jerebko,Rodney Stuckey,Will Bynum,Andre Iguodala,Elton Brand,Jason Kapono,Samuel Dalembert,Willie Green,4,7:57,DET,shot,,,,,,,,,,Rodney Stuckey,2,,,made,,driving layup,25,6
Ben Wallace,Charlie Villanueva,Jonas Jerebko,Rodney Stuckey,Will Bynum,Andre Iguodala,Elton Brand,Jason Kapono,Samuel Dalembert,Willie Green,4,7:31,PHI,shot,,,,,,,,,,Elton Brand,,,,missed,,jump,11,9
Ben Wallace,Charlie Villanueva,Jonas Jerebko,Rodney Stuckey,Will Bynum,Andre Iguodala,Elton Brand,Jason Kapono,Samuel Dalembert,Willie Green,4,7:30,DET,rebound,,,,,,,,,,Ben Wallace,,,,,,def,,
Ben Wallace,Charlie Villanueva,Jonas Jerebko,Rodney Stuckey,Will Bynum,Andre Iguodala,Elton Brand,Jason Kapono,Samuel Dalembert,Willie Green,4,7:17,DET,turnover,,,,,,,,,,Will Bynum,,,lost ball,,Jason Kapono,,,
Ben Wallace,Charlie Villanueva,Jonas Jerebko,Rodney Stuckey,Will Bynum,Andre Iguodala,Elton Brand,Jason Kapono,Samuel Dalembert,Willie Green,4,7:12,PHI,shot,,,,,,,,,,Andre Iguodala,2,,,made,,reverse dunk,25,6
Ben Wallace,Charlie Villanueva,Jonas Jerebko,Rodney Stuckey,Will Bynum,Andre Iguodala,Elton Brand,Jason Kapono,Samuel Dalembert,Willie Green,4,6:49,DET,shot,,,,,,,,,,Rodney Stuckey,,,,missed,,jump,11,12
Ben Wallace,Charlie Villanueva,Jonas Jerebko,Rodney Stuckey,Will Bynum,Andre Iguodala,Elton Brand,Jason Kapono,Samuel Dalembert,Willie Green,4,6:49,DET,rebound,,,,,,,,,,,,,,,,,,
Ben Wallace,Charlie Villanueva,Jonas Jerebko,Rodney Stuckey,Will Bynum,Andre Iguodala,Elton Brand,Jason Kapono,Samuel Dalembert,Willie Green,4,6:49,PHI,foul,,,,,,,,Ben Wallace,,Willie Green,,,,,,loose ball,,
Ben Wallace,Charlie Villanueva,Chucky Atkins,Jonas Jerebko,Rodney Stuckey,Andre Iguodala,Elton Brand,Jason Kapono,Samuel Dalembert,Willie Green,4,6:49,DET,sub,,,,Chucky Atkins,,Will Bynum,,,,,,,,,,,,
Ben Wallace,Chucky Atkins,Jason Maxiell,Jonas Jerebko,Rodney Stuckey,Andre Iguodala,Elton Brand,Jason Kapono,Samuel Dalembert,Willie Green,4,6:49,DET,sub,,,,Jason Maxiell,,Charlie Villanueva,,,,,,,,,,,,
Ben Wallace,Chucky Atkins,Jason Maxiell,Jonas Jerebko,Rodney Stuckey,Andre Iguodala,Elton Brand,Jason Kapono,Samuel Dalembert,Willie Green,4,6:37,PHI,foul,,,,,,,,Rodney Stuckey,,Andre Iguodala,,,,,,personal,,
Ben Wallace,Chucky Atkins,Jason Maxiell,Jonas Jerebko,Rodney Stuckey,Andre Iguodala,Elton Brand,Jason Kapono,Samuel Dalembert,Willie Green,4,6:25,DET,shot,Rodney Stuckey,,,,,,,,,Jonas Jerebko,3,,,made,,3pt,49,8
Ben Wallace,Chucky Atkins,Jason Maxiell,Jonas Jerebko,Rodney Stuckey,Andre Iguodala,Elton Brand,Jason Kapono,Samuel Dalembert,Willie Green,4,6:07,PHI,shot,,,,,,,,,,Andre Iguodala,,,,missed,,jump,15,13
Ben Wallace,Chucky Atkins,Jason Maxiell,Jonas Jerebko,Rodney Stuckey,Andre Iguodala,Elton Brand,Jason Kapono,Samuel Dalembert,Willie Green,4,6:06,PHI,rebound,,,,,,,,,,Willie Green,,,,,,off,,
Ben Wallace,Chucky Atkins,Jason Maxiell,Jonas Jerebko,Rodney Stuckey,Andre Iguodala,Elton Brand,Jason Kapono,Samuel Dalembert,Willie Green,4,5:58,PHI,shot,Andre Iguodala,,,,,,,,,Jason Kapono,2,,,made,,jump,5,13
Ben Wallace,Chucky Atkins,Jason Maxiell,Jonas Jerebko,Rodney Stuckey,Andre Iguodala,Elton Brand,Jason Kapono,Samuel Dalembert,Willie Green,4,5:31,PHI,foul,,,,,,,,Chucky Atkins,,Elton Brand,,,,,,personal,,
Ben Wallace,Chucky Atkins,Jason Maxiell,Jonas Jerebko,Rodney Stuckey,Andre Iguodala,Elton Brand,Jason Kapono,Samuel Dalembert,Willie Green,4,5:31,PHI,timeout,,,,,,,,,,,,,,,,regular,,
Ben Wallace,Chucky Atkins,Jason Maxiell,Jonas Jerebko,Rodney Stuckey,Andre Iguodala,Elton Brand,Jason Kapono,Samuel Dalembert,Willie Green,4,5:26,DET,shot,Rodney Stuckey,,,,,,,,,Jonas Jerebko,2,,,made,,jump,39,9
Ben Wallace,Chucky Atkins,Jason Maxiell,Jonas Jerebko,Rodney Stuckey,Andre Iguodala,Elton Brand,Jason Kapono,Samuel Dalembert,Willie Green,4,5:05,PHI,shot,,,,,,,,,,Jason Kapono,,,,missed,,3pt,24,32
Ben Wallace,Chucky Atkins,Jason Maxiell,Jonas Jerebko,Rodney Stuckey,Andre Iguodala,Elton Brand,Jason Kapono,Samuel Dalembert,Willie Green,4,5:03,DET,rebound,,,,,,,,,,Ben Wallace,,,,,,def,,
Ben Wallace,Chucky Atkins,Jason Maxiell,Jonas Jerebko,Rodney Stuckey,Andre Iguodala,Elton Brand,Jason Kapono,Samuel Dalembert,Willie Green,4,4:45,PHI,foul,,,,,,,,Chucky Atkins,,Willie Green,,,,,,personal,,
Ben Wallace,Chucky Atkins,Jason Maxiell,Jonas Jerebko,Rodney Stuckey,Andre Iguodala,Elton Brand,Jason Kapono,Samuel Dalembert,Willie Green,4,4:39,DET,shot,,,,,,,,,,Chucky Atkins,2,,,made,,pullup jump,10,15
Ben Wallace,Chucky Atkins,Jason Maxiell,Jonas Jerebko,Rodney Stuckey,Andre Iguodala,Elton Brand,Jason Kapono,Samuel Dalembert,Willie Green,4,4:14,PHI,shot,,,,,,,,,,Andre Iguodala,3,,,made,,3pt,8,26
Ben Wallace,Chucky Atkins,Jason Maxiell,Jonas Jerebko,Rodney Stuckey,Andre Iguodala,Elton Brand,Jason Kapono,Samuel Dalembert,Willie Green,4,3:53,DET,shot,,,,,,,,,,Rodney Stuckey,,,,missed,,jump,24,20
Ben Wallace,Chucky Atkins,Jason Maxiell,Jonas Jerebko,Rodney Stuckey,Andre Iguodala,Elton Brand,Jason Kapono,Samuel Dalembert,Willie Green,4,3:51,DET,rebound,,,,,,,,,,Ben Wallace,,,,,,off,,
Ben Wallace,Chucky Atkins,Jason Maxiell,Jonas Jerebko,Rodney Stuckey,Andre Iguodala,Elton Brand,Jason Kapono,Samuel Dalembert,Willie Green,4,3:51,DET,shot,,,,,,,,,,Ben Wallace,,,,missed,,tip,25,6
Ben Wallace,Chucky Atkins,Jason Maxiell,Jonas Jerebko,Rodney Stuckey,Andre Iguodala,Elton Brand,Jason Kapono,Samuel Dalembert,Willie Green,4,3:49,PHI,rebound,,,,,,,,,,Samuel Dalembert,,,,,,def,,
Ben Wallace,Chucky Atkins,Jason Maxiell,Jonas Jerebko,Rodney Stuckey,Andre Iguodala,Elton Brand,Jason Kapono,Samuel Dalembert,Willie Green,4,3:33,PHI,shot,,,,,,,,,,Andre Iguodala,,,,missed,,jump,28,24
Ben Wallace,Chucky Atkins,Jason Maxiell,Jonas Jerebko,Rodney Stuckey,Andre Iguodala,Elton Brand,Jason Kapono,Samuel Dalembert,Willie Green,4,3:31,DET,rebound,,,,,,,,,,Ben Wallace,,,,,,def,,
Ben Wallace,Chucky Atkins,Jason Maxiell,Jonas Jerebko,Rodney Stuckey,Andre Iguodala,Elton Brand,Jason Kapono,Samuel Dalembert,Willie Green,4,3:24,DET,shot,Chucky Atkins,,,,,,,,,Rodney Stuckey,2,,,made,,layup,25,6
Ben Wallace,Chucky Atkins,Jason Maxiell,Jonas Jerebko,Rodney Stuckey,Andre Iguodala,Elton Brand,Jason Kapono,Samuel Dalembert,Willie Green,4,3:16,PHI,timeout,,,,,,,,,,,,,,,,short,,
Ben Wallace,Chucky Atkins,Jason Maxiell,Jonas Jerebko,Rodney Stuckey,Allen Iverson,Andre Iguodala,Elton Brand,Samuel Dalembert,Willie Green,4,3:16,PHI,sub,,,,Allen Iverson,,Jason Kapono,,,,,,,,,,,,
Ben Wallace,Chucky Atkins,Jason Maxiell,Jonas Jerebko,Rodney Stuckey,Allen Iverson,Andre Iguodala,Elton Brand,Samuel Dalembert,Thaddeus Young,4,3:16,PHI,sub,,,,Thaddeus Young,,Willie Green,,,,,,,,,,,,
Ben Wallace,Chucky Atkins,Jason Maxiell,Jonas Jerebko,Rodney Stuckey,Allen Iverson,Andre Iguodala,Elton Brand,Samuel Dalembert,Thaddeus Young,4,3:02,PHI,shot,Andre Iguodala,,,,,,,,,Samuel Dalembert,2,,,made,,turnaround hook,19,7
Ben Wallace,Chucky Atkins,Jason Maxiell,Jonas Jerebko,Rodney Stuckey,Allen Iverson,Andre Iguodala,Elton Brand,Samuel Dalembert,Thaddeus Young,4,2:35,DET,shot,Jonas Jerebko,,,,,,,,,Jason Maxiell,2,,,made,,jump,17,18
Ben Wallace,Chucky Atkins,Jason Maxiell,Jonas Jerebko,Rodney Stuckey,Allen Iverson,Andre Iguodala,Elton Brand,Samuel Dalembert,Thaddeus Young,4,2:18,PHI,shot,,,,,,,,,,Elton Brand,,,,missed,,jump,32,22
Ben Wallace,Chucky Atkins,Jason Maxiell,Jonas Jerebko,Rodney Stuckey,Allen Iverson,Andre Iguodala,Elton Brand,Samuel Dalembert,Thaddeus Young,4,2:16,DET,rebound,,,,,,,,,,Jonas Jerebko,,,,,,def,,
Ben Wallace,Chucky Atkins,Jason Maxiell,Jonas Jerebko,Rodney Stuckey,Allen Iverson,Andre Iguodala,Elton Brand,Samuel Dalembert,Thaddeus Young,4,2:12,DET,timeout,,,,,,,,,,,,,,,,regular,,
Ben Wallace,Chucky Atkins,Jason Maxiell,Jonas Jerebko,Rodney Stuckey,Allen Iverson,Andre Iguodala,Elton Brand,Samuel Dalembert,Thaddeus Young,4,1:59,DET,shot,Rodney Stuckey,,,,,,,,,Jonas Jerebko,2,,,made,,pullup jump,14,17
Ben Wallace,Chucky Atkins,Jason Maxiell,Jonas Jerebko,Rodney Stuckey,Allen Iverson,Andre Iguodala,Elton Brand,Samuel Dalembert,Thaddeus Young,4,1:49,DET,foul,,,,,,,,Samuel Dalembert,,Jonas Jerebko,,,,,,shooting,,
Ben Wallace,Chucky Atkins,Jason Maxiell,Jonas Jerebko,Rodney Stuckey,Allen Iverson,Andre Iguodala,Elton Brand,Samuel Dalembert,Thaddeus Young,4,1:49,PHI,free throw,,,,,,,1,,2,Samuel Dalembert,,,foul,made,,,,
Ben Wallace,Chucky Atkins,Jason Maxiell,Jonas Jerebko,Rodney Stuckey,Allen Iverson,Andre Iguodala,Elton Brand,Samuel Dalembert,Thaddeus Young,4,1:49,PHI,free throw,,,,,,,2,,2,Samuel Dalembert,,,foul,made,,,,
Ben Wallace,Chucky Atkins,Jason Maxiell,Jonas Jerebko,Rodney Stuckey,Allen Iverson,Andre Iguodala,Elton Brand,Samuel Dalembert,Thaddeus Young,4,1:29,DET,turnover,,,,,,,,,,Jonas Jerebko,,,palming turnover,,,,,
Ben Wallace,Chucky Atkins,Jason Maxiell,Jonas Jerebko,Rodney Stuckey,Allen Iverson,Andre Iguodala,Elton Brand,Samuel Dalembert,Thaddeus Young,4,1:21,PHI,turnover,,,,,,,,,,Andre Iguodala,,,bad pass,,,,,
Ben Wallace,Chucky Atkins,Jason Maxiell,Jonas Jerebko,Rodney Stuckey,Allen Iverson,Andre Iguodala,Elton Brand,Samuel Dalembert,Thaddeus Young,4,1:20,PHI,foul,,,,,,,,Chucky Atkins,,Allen Iverson,,,,,,personal,,
Ben Wallace,Chucky Atkins,Jason Maxiell,Jonas Jerebko,Rodney Stuckey,Allen Iverson,Andre Iguodala,Elton Brand,Samuel Dalembert,Thaddeus Young,4,1:20,DET,free throw,,,,,,,1,,2,Chucky Atkins,,,foul,made,,,,
Ben Wallace,Chucky Atkins,Jason Maxiell,Jonas Jerebko,Rodney Stuckey,Allen Iverson,Andre Iguodala,Elton Brand,Samuel Dalembert,Thaddeus Young,4,1:20,DET,free throw,,,,,,,2,,2,Chucky Atkins,,,foul,made,,,,
Ben Wallace,Chucky Atkins,Jason Maxiell,Jonas Jerebko,Rodney Stuckey,Allen Iverson,Andre Iguodala,Elton Brand,Samuel Dalembert,Thaddeus Young,4,1:04,PHI,shot,Andre Iguodala,,,,,,,,,Allen Iverson,2,,,made,,jump,40,15
Ben Wallace,Chucky Atkins,Jason Maxiell,Jonas Jerebko,Rodney Stuckey,Allen Iverson,Andre Iguodala,Elton Brand,Samuel Dalembert,Thaddeus Young,4,0:40,DET,shot,,,,,,,,,,Jason Maxiell,,,,missed,,jump,13,14
Ben Wallace,Chucky Atkins,Jason Maxiell,Jonas Jerebko,Rodney Stuckey,Allen Iverson,Andre Iguodala,Elton Brand,Samuel Dalembert,Thaddeus Young,4,0:40,DET,rebound,,,,,,,,,,Ben Wallace,,,,,,off,,
Ben Wallace,Chucky Atkins,Jason Maxiell,Jonas Jerebko,Rodney Stuckey,Allen Iverson,Andre Iguodala,Elton Brand,Samuel Dalembert,Thaddeus Young,4,0:40,DET,turnover,,,,,,,,,,,,,shot clock turnover,,,,,
Ben Wallace,Chucky Atkins,Jason Maxiell,Jonas Jerebko,Rodney Stuckey,Allen Iverson,Andre Iguodala,Elton Brand,Samuel Dalembert,Thaddeus Young,4,0:40,PHI,timeout,,,,,,,,,,,,,,,,regular,,
Ben Wallace,Chucky Atkins,Jason Maxiell,Jonas Jerebko,Rodney Stuckey,Allen Iverson,Andre Iguodala,Elton Brand,Samuel Dalembert,Thaddeus Young,4,0:33,PHI,shot,,,,,,,,,,Andre Iguodala,,,,missed,,layup,25,6
Ben Wallace,Chucky Atkins,Jason Maxiell,Jonas Jerebko,Rodney Stuckey,Allen Iverson,Andre Iguodala,Elton Brand,Samuel Dalembert,Thaddeus Young,4,0:31,PHI,rebound,,,,,,,,,,Samuel Dalembert,,,,,,off,,
Ben Wallace,Chucky Atkins,Jason Maxiell,Jonas Jerebko,Rodney Stuckey,Allen Iverson,Andre Iguodala,Elton Brand,Samuel Dalembert,Thaddeus Young,4,0:31,PHI,shot,,,,,,,,,,Samuel Dalembert,,,,missed,,tip,25,6
Ben Wallace,Chucky Atkins,Jason Maxiell,Jonas Jerebko,Rodney Stuckey,Allen Iverson,Andre Iguodala,Elton Brand,Samuel Dalembert,Thaddeus Young,4,0:28,DET,rebound,,,,,,,,,,Rodney Stuckey,,,,,,def,,
Ben Wallace,Chucky Atkins,Jason Maxiell,Jonas Jerebko,Rodney Stuckey,Allen Iverson,Andre Iguodala,Elton Brand,Samuel Dalembert,Thaddeus Young,4,0:23,DET,timeout,,,,,,,,,,,,,,,,regular,,
Ben Wallace,Charlie Villanueva,Chucky Atkins,Jonas Jerebko,Rodney Stuckey,Allen Iverson,Andre Iguodala,Elton Brand,Samuel Dalembert,Thaddeus Young,4,0:23,DET,sub,,,,Charlie Villanueva,,Jason Maxiell,,,,,,,,,,,,
Ben Wallace,Charlie Villanueva,Chucky Atkins,Jonas Jerebko,Rodney Stuckey,Allen Iverson,Andre Iguodala,Elton Brand,Samuel Dalembert,Thaddeus Young,4,0:08,DET,shot,,,Andre Iguodala,,,,,,,Rodney Stuckey,,,,missed,,jump,24,16
Ben Wallace,Charlie Villanueva,Chucky Atkins,Jonas Jerebko,Rodney Stuckey,Allen Iverson,Andre Iguodala,Elton Brand,Samuel Dalembert,Thaddeus Young,4,0:08,DET,rebound,,,,,,,,,,Rodney Stuckey,,,,,,off,,
Ben Wallace,Charlie Villanueva,Chucky Atkins,Jonas Jerebko,Rodney Stuckey,Allen Iverson,Andre Iguodala,Elton Brand,Samuel Dalembert,Thaddeus Young,4,0:08,DET,shot,,,,,,,,,,Rodney Stuckey,2,,,made,,fade away jumper,16,6
Ben Wallace,Chucky Atkins,Jason Maxiell,Jonas Jerebko,Rodney Stuckey,Allen Iverson,Andre Iguodala,Elton Brand,Samuel Dalembert,Thaddeus Young,4,0:08,DET,sub,,,,Jason Maxiell,,Charlie Villanueva,,,,,,,,,,,,
Ben Wallace,Chucky Atkins,Jason Maxiell,Jonas Jerebko,Rodney Stuckey,Allen Iverson,Andre Iguodala,Elton Brand,Samuel Dalembert,Thaddeus Young,4,0:03,PHI,shot,,,,,,,,,,Andre Iguodala,,,,missed,,3pt,10,28
Ben Wallace,Chucky Atkins,Jason Maxiell,Jonas Jerebko,Rodney Stuckey,Allen Iverson,Andre Iguodala,Elton Brand,Samuel Dalembert,Thaddeus Young,4,0:01,DET,rebound,,,,,,,,,,Rodney Stuckey,,,,,,def,,
Ben Wallace,Chucky Atkins,Jason Maxiell,Jonas Jerebko,Rodney Stuckey,Allen Iverson,Andre Iguodala,Elton Brand,Samuel Dalembert,Thaddeus Young,4,0:01,PHI,foul,,,,,,,,Rodney Stuckey,,Elton Brand,,,,,,personal,,
Ben Wallace,Chucky Atkins,Jason Maxiell,Jonas Jerebko,Rodney Stuckey,Allen Iverson,Andre Iguodala,Elton Brand,Samuel Dalembert,Thaddeus Young,4,0:01,DET,free throw,,,,,,,1,,2,Rodney Stuckey,,,foul,made,,,,
Ben Wallace,Chucky Atkins,Jason Maxiell,Jonas Jerebko,Rodney Stuckey,Allen Iverson,Andre Iguodala,Elton Brand,Samuel Dalembert,Thaddeus Young,4,0:01,DET,free throw,,,,,,,2,,2,Rodney Stuckey,,,foul,made,,,,
Ben Wallace,Chucky Atkins,Jason Maxiell,Jonas Jerebko,Rodney Stuckey,Allen Iverson,Andre Iguodala,Elton Brand,Samuel Dalembert,Thaddeus Young,4,0:00,PHI,shot,,,,,,,,,,Andre Iguodala,,,,missed,,3pt,7,50
Ben Wallace,Chucky Atkins,Jason Maxiell,Jonas Jerebko,Rodney Stuckey,Allen Iverson,Andre Iguodala,Elton Brand,Samuel Dalembert,Thaddeus Young,4,0:00,PHI,rebound,,,,,,,,,,,,,,,,,,
