a1,a2,a3,a4,a5,h1,h2,h3,h4,h5,period,time,team,etype,assist,away,block,entered,home,left,num,opponent,outof,player,points,possession,reason,result,steal,type,x,y
Andre Iguodala,Elton Brand,Lou Williams,Samuel Dalembert,Thaddeus Young,Antawn Jamison,Brendan Haywood,Fabricio Oberto,Gilbert Arenas,Nick Young,1,12:00,OFF,jump ball,,Samuel Dalembert,,,Brendan Haywood,,,,,,,Elton Brand,,,,,,
Andre Iguodala,Elton Brand,Lou Williams,Samuel Dalembert,Thaddeus Young,Antawn Jamison,Brendan Haywood,Fabricio Oberto,Gilbert Arenas,Nick Young,1,11:43,PHI,shot,,,,,,,,,,Andre Iguodala,,,,missed,,jump,20,24
Andre Iguodala,Elton Brand,Lou Williams,Samuel Dalembert,Thaddeus Young,Antawn Jamison,Brendan Haywood,Fabricio Oberto,Gilbert Arenas,Nick Young,1,11:41,WAS,rebound,,,,,,,,,,Fabricio Oberto,,,,,,def,,
Andre Iguodala,Elton Brand,Lou Williams,Samuel Dalembert,Thaddeus Young,Antawn Jamison,Brendan Haywood,Fabricio Oberto,Gilbert Arenas,Nick Young,1,11:22,WAS,shot,,,,,,,,,,Antawn Jamison,2,,,made,,layup,27,6
Andre Iguodala,Elton Brand,Lou Williams,Samuel Dalembert,Thaddeus Young,Antawn Jamison,Brendan Haywood,Fabricio Oberto,Gilbert Arenas,Nick Young,1,11:06,PHI,shot,,,,,,,,,,Samuel Dalembert,2,,,made,,fade away jumper,24,15
Andre Iguodala,Elton Brand,Lou Williams,Samuel Dalembert,Thaddeus Young,Antawn Jamison,Brendan Haywood,Fabricio Oberto,Gilbert Arenas,Nick Young,1,10:49,WAS,shot,Gilbert Arenas,,,,,,,,,Nick Young,3,,,made,,3pt,49,10
Andre Iguodala,Elton Brand,Lou Williams,Samuel Dalembert,Thaddeus Young,Antawn Jamison,Brendan Haywood,Fabricio Oberto,Gilbert Arenas,Nick Young,1,10:27,PHI,shot,,,,,,,,,,Andre Iguodala,,,,missed,,jump,6,2
Andre Iguodala,Elton Brand,Lou Williams,Samuel Dalembert,Thaddeus Young,Antawn Jamison,Brendan Haywood,Fabricio Oberto,Gilbert Arenas,Nick Young,1,10:27,WAS,rebound,,,,,,,,,,,,,,,,,,
Andre Iguodala,Elton Brand,Lou Williams,Samuel Dalembert,Thaddeus Young,Antawn Jamison,Brendan Haywood,Fabricio Oberto,Gilbert Arenas,Nick Young,1,10:09,WAS,shot,,,,,,,,,,Nick Young,,,,missed,,jump,30,21
Andre Iguodala,Elton Brand,Lou Williams,Samuel Dalembert,Thaddeus Young,Antawn Jamison,Brendan Haywood,Fabricio Oberto,Gilbert Arenas,Nick Young,1,10:07,PHI,rebound,,,,,,,,,,Thaddeus Young,,,,,,def,,
Andre Iguodala,Elton Brand,Lou Williams,Samuel Dalembert,Thaddeus Young,Antawn Jamison,Brendan Haywood,Fabricio Oberto,Gilbert Arenas,Nick Young,1,10:01,PHI,turnover,,,,,,,,,,Andre Iguodala,,,lost ball,,Fabricio Oberto,,,
Andre Iguodala,Elton Brand,Lou Williams,Samuel Dalembert,Thaddeus Young,Antawn Jamison,Brendan Haywood,Fabricio Oberto,Gilbert Arenas,Nick Young,1,9:53,WAS,shot,,,Samuel Dalembert,,,,,,,Nick Young,,,,missed,,layup,25,8
Andre Iguodala,Elton Brand,Lou Williams,Samuel Dalembert,Thaddeus Young,Antawn Jamison,Brendan Haywood,Fabricio Oberto,Gilbert Arenas,Nick Young,1,9:51,WAS,rebound,,,,,,,,,,Nick Young,,,,,,off,,
Andre Iguodala,Elton Brand,Lou Williams,Samuel Dalembert,Thaddeus Young,Antawn Jamison,Brendan Haywood,Fabricio Oberto,Gilbert Arenas,Nick Young,1,9:40,WAS,turnover,,,,,,,,,,Fabricio Oberto,,,lost ball,,Samuel Dalembert,,,
Andre Iguodala,Elton Brand,Lou Williams,Samuel Dalembert,Thaddeus Young,Antawn Jamison,Brendan Haywood,Fabricio Oberto,Gilbert Arenas,Nick Young,1,9:39,WAS,foul,,,,,,,,Lou Williams,,Antawn Jamison,,,,,,personal,,
Andre Iguodala,Elton Brand,Lou Williams,Samuel Dalembert,Thaddeus Young,Antawn Jamison,Brendan Haywood,Fabricio Oberto,Gilbert Arenas,Nick Young,1,9:25,PHI,shot,,,,,,,,,,Samuel Dalembert,,,,missed,,layup,25,6
Andre Iguodala,Elton Brand,Lou Williams,Samuel Dalembert,Thaddeus Young,Antawn Jamison,Brendan Haywood,Fabricio Oberto,Gilbert Arenas,Nick Young,1,9:23,PHI,rebound,,,,,,,,,,Samuel Dalembert,,,,,,off,,
Andre Iguodala,Elton Brand,Lou Williams,Samuel Dalembert,Thaddeus Young,Antawn Jamison,Brendan Haywood,Fabricio Oberto,Gilbert Arenas,Nick Young,1,9:22,PHI,turnover,,,,,,,,,,Samuel Dalembert,,,bad pass,,Gilbert Arenas,,,
Andre Iguodala,Elton Brand,Lou Williams,Samuel Dalembert,Thaddeus Young,Antawn Jamison,Brendan Haywood,Fabricio Oberto,Gilbert Arenas,Nick Young,1,9:16,WAS,turnover,,,,,,,,,,Gilbert Arenas,,,bad pass,,Andre Iguodala,,,
Andre Iguodala,Elton Brand,Lou Williams,Samuel Dalembert,Thaddeus Young,Antawn Jamison,Brendan Haywood,Fabricio Oberto,Gilbert Arenas,Nick Young,1,9:09,PHI,shot,,,,,,,,,,Elton Brand,,,,missed,,jump,42,4
Andre Iguodala,Elton Brand,Lou Williams,Samuel Dalembert,Thaddeus Young,Antawn Jamison,Brendan Haywood,Fabricio Oberto,Gilbert Arenas,Nick Young,1,9:08,WAS,rebound,,,,,,,,,,Gilbert Arenas,,,,,,def,,
Andre Iguodala,Elton Brand,Lou Williams,Samuel Dalembert,Thaddeus Young,Antawn Jamison,Brendan Haywood,Fabricio Oberto,Gilbert Arenas,Nick Young,1,9:01,PHI,foul,,,,,,,,Gilbert Arenas,,Samuel Dalembert,,,,,,shooting,,
Andre Iguodala,Elton Brand,Lou Williams,Samuel Dalembert,Thaddeus Young,Antawn Jamison,Brendan Haywood,Fabricio Oberto,Gilbert Arenas,Nick Young,1,9:01,WAS,free throw,,,,,,,1,,2,Gilbert Arenas,,,foul,missed,,,,
Andre Iguodala,Elton Brand,Lou Williams,Samuel Dalembert,Thaddeus Young,Antawn Jamison,Brendan Haywood,Fabricio Oberto,Gilbert Arenas,Nick Young,1,9:01,WAS,rebound,,,,,,,,,,,,,,,,,,
Andre Iguodala,Elton Brand,Lou Williams,Samuel Dalembert,Thaddeus Young,Antawn Jamison,Brendan Haywood,Fabricio Oberto,Gilbert Arenas,Nick Young,1,9:01,WAS,free throw,,,,,,,2,,2,Gilbert Arenas,,,foul,made,,,,
Andre Iguodala,Elton Brand,Lou Williams,Samuel Dalembert,Thaddeus Young,Antawn Jamison,Brendan Haywood,Fabricio Oberto,Gilbert Arenas,Nick Young,1,8:43,WAS,foul,,,,,,,,Elton Brand,,Fabricio Oberto,,,,,,personal,,
Andre Iguodala,Elton Brand,Lou Williams,Samuel Dalembert,Thaddeus Young,Antawn Jamison,Brendan Haywood,Fabricio Oberto,Gilbert Arenas,Nick Young,1,8:37,PHI,shot,,,,,,,,,,Lou Williams,,,,missed,,3pt,24,30
Andre Iguodala,Elton Brand,Lou Williams,Samuel Dalembert,Thaddeus Young,Antawn Jamison,Brendan Haywood,Fabricio Oberto,Gilbert Arenas,Nick Young,1,8:35,PHI,rebound,,,,,,,,,,Samuel Dalembert,,,,,,off,,
Andre Iguodala,Elton Brand,Lou Williams,Samuel Dalembert,Thaddeus Young,Antawn Jamison,Brendan Haywood,Fabricio Oberto,Gilbert Arenas,Nick Young,1,8:31,PHI,shot,Samuel Dalembert,,,,,,,,,Lou Williams,2,,,made,,dunk,25,7
Andre Iguodala,Elton Brand,Lou Williams,Samuel Dalembert,Thaddeus Young,Antawn Jamison,Brendan Haywood,Fabricio Oberto,Gilbert Arenas,Nick Young,1,8:18,WAS,turnover,,,,,,,,,,Nick Young,,,out of bounds lost ball turnover,,,,,
Andre Iguodala,Elton Brand,Lou Williams,Samuel Dalembert,Thaddeus Young,Antawn Jamison,Brendan Haywood,Fabricio Oberto,Gilbert Arenas,Nick Young,1,8:04,PHI,shot,,,,,,,,,,Thaddeus Young,2,,,made,,turnaround jump,25,12
Andre Iguodala,Elton Brand,Lou Williams,Samuel Dalembert,Thaddeus Young,Antawn Jamison,Brendan Haywood,Fabricio Oberto,Gilbert Arenas,Nick Young,1,7:53,WAS,shot,,,,,,,,,,Gilbert Arenas,2,,,made,,jump,10,18
Andre Iguodala,Elton Brand,Lou Williams,Samuel Dalembert,Thaddeus Young,Antawn Jamison,Brendan Haywood,Fabricio Oberto,Gilbert Arenas,Nick Young,1,7:31,PHI,shot,Thaddeus Young,,,,,,,,,Lou Williams,3,,,made,,3pt,49,18
Andre Iguodala,Elton Brand,Lou Williams,Samuel Dalembert,Thaddeus Young,Antawn Jamison,Brendan Haywood,Fabricio Oberto,Gilbert Arenas,Nick Young,1,7:15,WAS,shot,,,,,,,,,,Nick Young,2,,,made,,jump,45,10
Andre Iguodala,Elton Brand,Lou Williams,Samuel Dalembert,Thaddeus Young,Antawn Jamison,Brendan Haywood,Fabricio Oberto,Gilbert Arenas,Nick Young,1,6:54,PHI,shot,Andre Iguodala,,,,,,,,,Samuel Dalembert,2,,,made,,jump,24,24
Andre Iguodala,Elton Brand,Lou Williams,Samuel Dalembert,Thaddeus Young,Antawn Jamison,Brendan Haywood,Fabricio Oberto,Gilbert Arenas,Nick Young,1,6:35,WAS,shot,,,Samuel Dalembert,,,,,,,Brendan Haywood,,,,missed,,layup,25,7
Andre Iguodala,Elton Brand,Lou Williams,Samuel Dalembert,Thaddeus Young,Antawn Jamison,Brendan Haywood,Fabricio Oberto,Gilbert Arenas,Nick Young,1,6:33,WAS,rebound,,,,,,,,,,Antawn Jamison,,,,,,off,,
Andre Iguodala,Elton Brand,Lou Williams,Samuel Dalembert,Thaddeus Young,Antawn Jamison,Brendan Haywood,Fabricio Oberto,Gilbert Arenas,Nick Young,1,6:33,PHI,foul,,,,,,,,Antawn Jamison,,Thaddeus Young,,,,,,personal,,
Andre Iguodala,Elton Brand,Lou Williams,Samuel Dalembert,Thaddeus Young,Antawn Jamison,Brendan Haywood,Fabricio Oberto,Gilbert Arenas,Nick Young,1,6:29,PHI,foul,,,,,,,,Gilbert Arenas,,Lou Williams,,,,,,shooting,,
Andre Iguodala,Elton Brand,Lou Williams,Samuel Dalembert,Thaddeus Young,Antawn Jamison,Brendan Haywood,Fabricio Oberto,Gilbert Arenas,Nick Young,1,6:29,WAS,free throw,,,,,,,1,,2,Gilbert Arenas,,,foul,missed,,,,
Andre Iguodala,Elton Brand,Lou Williams,Samuel Dalembert,Thaddeus Young,Antawn Jamison,Brendan Haywood,Fabricio Oberto,Gilbert Arenas,Nick Young,1,6:29,WAS,rebound,,,,,,,,,,,,,,,,,,
Andre Iguodala,Elton Brand,Lou Williams,Samuel Dalembert,Thaddeus Young,Antawn Jamison,Brendan Haywood,Fabricio Oberto,Gilbert Arenas,Nick Young,1,6:29,WAS,free throw,,,,,,,2,,2,Gilbert Arenas,,,foul,made,,,,
Andre Iguodala,Elton Brand,Lou Williams,Samuel Dalembert,Thaddeus Young,Antawn Jamison,Brendan Haywood,Fabricio Oberto,Gilbert Arenas,Nick Young,1,6:12,PHI,shot,,,,,,,,,,Elton Brand,,,,missed,,jump,24,13
Andre Iguodala,Elton Brand,Lou Williams,Samuel Dalembert,Thaddeus Young,Antawn Jamison,Brendan Haywood,Fabricio Oberto,Gilbert Arenas,Nick Young,1,6:11,WAS,rebound,,,,,,,,,,Brendan Haywood,,,,,,def,,
Andre Iguodala,Elton Brand,Lou Williams,Samuel Dalembert,Thaddeus Young,Antawn Jamison,Brendan Haywood,Fabricio Oberto,Gilbert Arenas,Nick Young,1,6:01,WAS,shot,,,Samuel Dalembert,,,,,,,Brendan Haywood,,,,missed,,layup,23,6
Andre Iguodala,Elton Brand,Lou Williams,Samuel Dalembert,Thaddeus Young,Antawn Jamison,Brendan Haywood,Fabricio Oberto,Gilbert Arenas,Nick Young,1,5:59,PHI,rebound,,,,,,,,,,Andre Iguodala,,,,,,def,,
Andre Iguodala,Elton Brand,Lou Williams,Samuel Dalembert,Thaddeus Young,Antawn Jamison,Brendan Haywood,Fabricio Oberto,Gilbert Arenas,Nick Young,1,5:55,PHI,shot,,,,,,,,,,Andre Iguodala,,,,missed,,jump,23,27
Andre Iguodala,Elton Brand,Lou Williams,Samuel Dalembert,Thaddeus Young,Antawn Jamison,Brendan Haywood,Fabricio Oberto,Gilbert Arenas,Nick Young,1,5:54,WAS,rebound,,,,,,,,,,Nick Young,,,,,,def,,
Andre Iguodala,Elton Brand,Lou Williams,Samuel Dalembert,Thaddeus Young,Antawn Jamison,Brendan Haywood,Fabricio Oberto,Gilbert Arenas,Nick Young,1,5:30,WAS,shot,,,Samuel Dalembert,,,,,,,Brendan Haywood,,,,missed,,layup,27,5
Andre Iguodala,Elton Brand,Lou Williams,Samuel Dalembert,Thaddeus Young,Antawn Jamison,Brendan Haywood,Fabricio Oberto,Gilbert Arenas,Nick Young,1,5:30,WAS,rebound,,,,,,,,,,,,,,,,,,
Andre Iguodala,Elton Brand,Lou Williams,Samuel Dalembert,Thaddeus Young,Antawn Jamison,Brendan Haywood,Fabricio Oberto,Gilbert Arenas,Nick Young,1,5:30,WAS,turnover,,,,,,,,,,,,,shot clock turnover,,,,,
Andre Iguodala,Elton Brand,Lou Williams,Samuel Dalembert,Thaddeus Young,Antawn Jamison,Brendan Haywood,Fabricio Oberto,Gilbert Arenas,Nick Young,1,5:30,WAS,timeout,,,,,,,,,,,,,,,,regular,,
Andre Iguodala,Elton Brand,Lou Williams,Samuel Dalembert,Thaddeus Young,Antawn Jamison,Brendan Haywood,Fabricio Oberto,Gilbert Arenas,Nick Young,1,5:09,PHI,shot,Lou Williams,,,,,,,,,Samuel Dalembert,2,,,made,,alley oop dunk,26,7
Andre Iguodala,Elton Brand,Lou Williams,Samuel Dalembert,Thaddeus Young,Antawn Jamison,Brendan Haywood,Fabricio Oberto,Gilbert Arenas,Nick Young,1,4:57,WAS,shot,,,,,,,,,,Antawn Jamison,,,,missed,,3pt,2,15
Andre Iguodala,Elton Brand,Lou Williams,Samuel Dalembert,Thaddeus Young,Antawn Jamison,Brendan Haywood,Fabricio Oberto,Gilbert Arenas,Nick Young,1,4:56,PHI,rebound,,,,,,,,,,Elton Brand,,,,,,def,,
Andre Iguodala,Elton Brand,Lou Williams,Samuel Dalembert,Thaddeus Young,Antawn Jamison,Brendan Haywood,Fabricio Oberto,Gilbert Arenas,Nick Young,1,4:50,PHI,foul,,,,,,,,Gilbert Arenas,,Lou Williams,,,,,,offensive,,
Andre Iguodala,Elton Brand,Lou Williams,Samuel Dalembert,Thaddeus Young,Antawn Jamison,Brendan Haywood,Fabricio Oberto,Gilbert Arenas,Nick Young,1,4:50,PHI,turnover,,,,,,,,,,Lou Williams,,,foul,,,,,
Andre Iguodala,Elton Brand,Lou Williams,Samuel Dalembert,Thaddeus Young,Antawn Jamison,Brendan Haywood,Fabricio Oberto,Gilbert Arenas,Nick Young,1,4:45,WAS,turnover,,,,,,,,,,Gilbert Arenas,,,lost ball,,Lou Williams,,,
Andre Iguodala,Elton Brand,Lou Williams,Samuel Dalembert,Thaddeus Young,Antawn Jamison,Brendan Haywood,Fabricio Oberto,Gilbert Arenas,Nick Young,1,4:39,PHI,shot,,,,,,,,,,Lou Williams,,,,missed,,layup,24,8
Andre Iguodala,Elton Brand,Lou Williams,Samuel Dalembert,Thaddeus Young,Antawn Jamison,Brendan Haywood,Fabricio Oberto,Gilbert Arenas,Nick Young,1,4:38,WAS,rebound,,,,,,,,,,Gilbert Arenas,,,,,,def,,
Andre Iguodala,Elton Brand,Lou Williams,Samuel Dalembert,Thaddeus Young,Antawn Jamison,Brendan Haywood,Fabricio Oberto,Gilbert Arenas,Nick Young,1,4:29,WAS,shot,,,,,,,,,,Nick Young,,,,missed,,jump,23,15
Andre Iguodala,Elton Brand,Lou Williams,Samuel Dalembert,Thaddeus Young,Antawn Jamison,Brendan Haywood,Fabricio Oberto,Gilbert Arenas,Nick Young,1,4:28,WAS,rebound,,,,,,,,,,Brendan Haywood,,,,,,off,,
Andre Iguodala,Elton Brand,Lou Williams,Samuel Dalembert,Thaddeus Young,Antawn Jamison,Brendan Haywood,Fabricio Oberto,Gilbert Arenas,Nick Young,1,4:26,WAS,shot,,,,,,,,,,Brendan Haywood,2,,,made,,putback dunk,26,4
Andre Iguodala,Elton Brand,Lou Williams,Samuel Dalembert,Thaddeus Young,Antawn Jamison,Brendan Haywood,Fabricio Oberto,Gilbert Arenas,Nick Young,1,4:08,PHI,shot,Andre Iguodala,,,,,,,,,Samuel Dalembert,2,,,made,,fade away jumper,29,18
Andre Iguodala,Elton Brand,Lou Williams,Rodney Carney,Thaddeus Young,Antawn Jamison,Brendan Haywood,Fabricio Oberto,Gilbert Arenas,Nick Young,1,3:52,PHI,sub,,,,Rodney Carney,,Samuel Dalembert,,,,,,,,,,,,
Andre Iguodala,Elton Brand,Lou Williams,Rodney Carney,Thaddeus Young,Antawn Jamison,Fabricio Oberto,Gilbert Arenas,JaVale McGee,Nick Young,1,3:52,WAS,sub,,,,JaVale McGee,,Brendan Haywood,,,,,,,,,,,,
Andre Iguodala,Elton Brand,Rodney Carney,Thaddeus Young,Willie Green,Antawn Jamison,Fabricio Oberto,Gilbert Arenas,JaVale McGee,Nick Young,1,3:52,PHI,sub,,,,Willie Green,,Lou Williams,,,,,,,,,,,,
Andre Iguodala,Elton Brand,Rodney Carney,Thaddeus Young,Willie Green,Antawn Jamison,Fabricio Oberto,Gilbert Arenas,JaVale McGee,Nick Young,1,3:46,WAS,shot,,,,,,,,,,Gilbert Arenas,2,,,made,,fade away jumper,8,7
Andre Iguodala,Elton Brand,Rodney Carney,Thaddeus Young,Willie Green,Antawn Jamison,Fabricio Oberto,Gilbert Arenas,JaVale McGee,Nick Young,1,3:27,PHI,shot,,,JaVale McGee,,,,,,,Elton Brand,,,,missed,,jump,21,7
Andre Iguodala,Elton Brand,Rodney Carney,Thaddeus Young,Willie Green,Antawn Jamison,Fabricio Oberto,Gilbert Arenas,JaVale McGee,Nick Young,1,3:24,WAS,rebound,,,,,,,,,,Fabricio Oberto,,,,,,def,,
Andre Iguodala,Elton Brand,Rodney Carney,Thaddeus Young,Willie Green,Antawn Jamison,Fabricio Oberto,Gilbert Arenas,JaVale McGee,Nick Young,1,3:17,WAS,shot,,,,,,,,,,Gilbert Arenas,,,,missed,,3pt,28,33
Andre Iguodala,Elton Brand,Rodney Carney,Thaddeus Young,Willie Green,Antawn Jamison,Fabricio Oberto,Gilbert Arenas,JaVale McGee,Nick Young,1,3:14,PHI,rebound,,,,,,,,,,Elton Brand,,,,,,def,,
Andre Iguodala,Elton Brand,Rodney Carney,Thaddeus Young,Willie Green,Antawn Jamison,Fabricio Oberto,Gilbert Arenas,JaVale McGee,Nick Young,1,3:07,PHI,shot,Andre Iguodala,,,,,,,,,Thaddeus Young,2,,,made,,jump,7,4
Andre Iguodala,Elton Brand,Rodney Carney,Thaddeus Young,Willie Green,Antawn Jamison,Fabricio Oberto,Gilbert Arenas,JaVale McGee,Nick Young,1,2:52,WAS,shot,,,,,,,,,,Antawn Jamison,,,,missed,,jump,41,14
Andre Iguodala,Elton Brand,Rodney Carney,Thaddeus Young,Willie Green,Antawn Jamison,Fabricio Oberto,Gilbert Arenas,JaVale McGee,Nick Young,1,2:51,PHI,rebound,,,,,,,,,,Rodney Carney,,,,,,def,,
Andre Iguodala,Elton Brand,Rodney Carney,Thaddeus Young,Willie Green,Antawn Jamison,Fabricio Oberto,Gilbert Arenas,JaVale McGee,Nick Young,1,2:45,PHI,shot,Willie Green,,,,,,,,,Andre Iguodala,2,,,made,,driving layup,25,7
Andre Iguodala,Elton Brand,Rodney Carney,Thaddeus Young,Willie Green,Antawn Jamison,Fabricio Oberto,Gilbert Arenas,JaVale McGee,Nick Young,1,2:25,WAS,shot,,,,,,,,,,Antawn Jamison,2,,,made,,hook,26,11
Andre Iguodala,Elton Brand,Rodney Carney,Thaddeus Young,Willie Green,Antawn Jamison,Fabricio Oberto,Gilbert Arenas,JaVale McGee,Nick Young,1,2:02,PHI,shot,,,,,,,,,,Elton Brand,,,,missed,,jump,25,20
Andre Iguodala,Elton Brand,Rodney Carney,Thaddeus Young,Willie Green,Antawn Jamison,Fabricio Oberto,Gilbert Arenas,JaVale McGee,Nick Young,1,2:00,WAS,rebound,,,,,,,,,,Antawn Jamison,,,,,,def,,
Andre Iguodala,Elton Brand,Rodney Carney,Thaddeus Young,Willie Green,Antawn Jamison,Fabricio Oberto,Gilbert Arenas,JaVale McGee,Nick Young,1,1:43,PHI,foul,,,,,,,,JaVale McGee,,Rodney Carney,,,,,,shooting,,
Andre Iguodala,Elton Brand,Rodney Carney,Thaddeus Young,Willie Green,Antawn Jamison,Fabricio Oberto,Gilbert Arenas,JaVale McGee,Nick Young,1,1:43,PHI,timeout,,,,,,,,,,,,,,,,regular,,
Andre Iguodala,Elton Brand,Rodney Carney,Thaddeus Young,Willie Green,Andray Blatche,Antawn Jamison,Gilbert Arenas,JaVale McGee,Nick Young,1,1:43,WAS,sub,,,,Andray Blatche,,Fabricio Oberto,,,,,,,,,,,,
Andre Iguodala,Jason Smith,Rodney Carney,Thaddeus Young,Willie Green,Andray Blatche,Antawn Jamison,Gilbert Arenas,JaVale McGee,Nick Young,1,1:43,PHI,sub,,,,Jason Smith,,Elton Brand,,,,,,,,,,,,
Andre Iguodala,Jason Smith,Rodney Carney,Thaddeus Young,Willie Green,Andray Blatche,Antawn Jamison,Earl Boykins,JaVale McGee,Nick Young,1,1:43,WAS,sub,,,,Earl Boykins,,Gilbert Arenas,,,,,,,,,,,,
Andre Iguodala,Jason Smith,Rodney Carney,Thaddeus Young,Willie Green,Andray Blatche,Antawn Jamison,Earl Boykins,JaVale McGee,Nick Young,1,1:43,WAS,free throw,,,,,,,1,,2,JaVale McGee,,,foul,made,,,,
Andre Iguodala,Jason Smith,Rodney Carney,Thaddeus Young,Willie Green,Andray Blatche,Antawn Jamison,Earl Boykins,JaVale McGee,Nick Young,1,1:43,WAS,free throw,,,,,,,2,,2,JaVale McGee,,,foul,made,,,,
Andre Iguodala,Jason Smith,Rodney Carney,Thaddeus Young,Willie Green,Andray Blatche,Antawn Jamison,Earl Boykins,JaVale McGee,Nick Young,1,1:18,PHI,shot,Willie Green,,,,,,,,,Thaddeus Young,3,,,made,,3pt,46,19
Andre Iguodala,Jason Smith,Rodney Carney,Thaddeus Young,Willie Green,Andray Blatche,Antawn Jamison,Earl Boykins,JaVale McGee,Nick Young,1,1:04,WAS,shot,Earl Boykins,,,,,,,,,Andray Blatche,2,,,made,,reverse layup,26,8
Andre Iguodala,Jason Smith,Rodney Carney,Thaddeus Young,Willie Green,Andray Blatche,Antawn Jamison,Earl Boykins,JaVale McGee,Nick Young,1,0:39,PHI,shot,,,,,,,,,,Andre Iguodala,,,,missed,,3pt,46,20
Andre Iguodala,Jason Smith,Rodney Carney,Thaddeus Young,Willie Green,Andray Blatche,Antawn Jamison,Earl Boykins,JaVale McGee,Nick Young,1,0:38,PHI,rebound,,,,,,,,,,Rodney Carney,,,,,,off,,
Andre Iguodala,Jason Smith,Rodney Carney,Thaddeus Young,Willie Green,Andray Blatche,Antawn Jamison,Earl Boykins,JaVale McGee,Nick Young,1,0:28,PHI,shot,,,JaVale McGee,,,,,,,Andre Iguodala,,,,missed,,jump,27,9
Andre Iguodala,Jason Smith,Rodney Carney,Thaddeus Young,Willie Green,Andray Blatche,Antawn Jamison,Earl Boykins,JaVale McGee,Nick Young,1,0:26,WAS,rebound,,,,,,,,,,JaVale McGee,,,,,,def,,
Andre Iguodala,Jason Smith,Rodney Carney,Thaddeus Young,Willie Green,Andray Blatche,Antawn Jamison,Earl Boykins,JaVale McGee,Nick Young,1,0:07,WAS,shot,Antawn Jamison,,,,,,,,,Nick Young,2,,,made,,jump,45,9
Jason Smith,Lou Williams,Rodney Carney,Thaddeus Young,Willie Green,Andray Blatche,Antawn Jamison,Earl Boykins,JaVale McGee,Nick Young,2,11:45,WAS,shot,Andray Blatche,,,,,,,,,Antawn Jamison,2,,,made,,driving layup,26,5
Jason Smith,Lou Williams,Rodney Carney,Thaddeus Young,Willie Green,Andray Blatche,Antawn Jamison,Earl Boykins,JaVale McGee,Nick Young,2,11:24,PHI,shot,,,,,,,,,,Thaddeus Young,,,,missed,,3pt,23,31
Jason Smith,Lou Williams,Rodney Carney,Thaddeus Young,Willie Green,Andray Blatche,Antawn Jamison,Earl Boykins,JaVale McGee,Nick Young,2,11:23,WAS,rebound,,,,,,,,,,Nick Young,,,,,,def,,
Jason Smith,Lou Williams,Rodney Carney,Thaddeus Young,Willie Green,Andray Blatche,Antawn Jamison,Earl Boykins,JaVale McGee,Nick Young,2,11:11,PHI,foul,,,,,,,,Earl Boykins,,Rodney Carney,,,,,,personal,,
Jason Smith,Lou Williams,Rodney Carney,Thaddeus Young,Willie Green,Andray Blatche,Antawn Jamison,Earl Boykins,JaVale McGee,Randy Foye,2,11:11,WAS,sub,,,,Randy Foye,,Nick Young,,,,,,,,,,,,
Elton Brand,Jason Smith,Lou Williams,Thaddeus Young,Willie Green,Andray Blatche,Antawn Jamison,Earl Boykins,JaVale McGee,Randy Foye,2,11:11,PHI,sub,,,,Elton Brand,,Rodney Carney,,,,,,,,,,,,
Elton Brand,Jason Smith,Lou Williams,Thaddeus Young,Willie Green,Andray Blatche,Antawn Jamison,Earl Boykins,JaVale McGee,Randy Foye,2,11:02,WAS,shot,,,,,,,,,,Andray Blatche,,,,missed,,jump,9,4
Elton Brand,Jason Smith,Lou Williams,Thaddeus Young,Willie Green,Andray Blatche,Antawn Jamison,Earl Boykins,JaVale McGee,Randy Foye,2,11:01,PHI,rebound,,,,,,,,,,Lou Williams,,,,,,def,,
Elton Brand,Jason Smith,Lou Williams,Thaddeus Young,Willie Green,Andray Blatche,Antawn Jamison,Earl Boykins,JaVale McGee,Randy Foye,2,10:47,PHI,shot,,,JaVale McGee,,,,,,,Jason Smith,,,,missed,,jump,31,11
Elton Brand,Jason Smith,Lou Williams,Thaddeus Young,Willie Green,Andray Blatche,Antawn Jamison,Earl Boykins,JaVale McGee,Randy Foye,2,10:45,WAS,rebound,,,,,,,,,,Earl Boykins,,,,,,def,,
Elton Brand,Jason Smith,Lou Williams,Thaddeus Young,Willie Green,Andray Blatche,Antawn Jamison,Earl Boykins,JaVale McGee,Randy Foye,2,10:41,WAS,shot,,,Willie Green,,,,,,,Earl Boykins,,,,missed,,jump,27,9
Elton Brand,Jason Smith,Lou Williams,Thaddeus Young,Willie Green,Andray Blatche,Antawn Jamison,Earl Boykins,JaVale McGee,Randy Foye,2,10:39,WAS,rebound,,,,,,,,,,Antawn Jamison,,,,,,off,,
Elton Brand,Jason Smith,Lou Williams,Thaddeus Young,Willie Green,Andray Blatche,Antawn Jamison,Earl Boykins,JaVale McGee,Randy Foye,2,10:37,WAS,shot,,,,,,,,,,Antawn Jamison,,,,missed,,layup,23,5
Elton Brand,Jason Smith,Lou Williams,Thaddeus Young,Willie Green,Andray Blatche,Antawn Jamison,Earl Boykins,JaVale McGee,Randy Foye,2,10:36,WAS,rebound,,,,,,,,,,Antawn Jamison,,,,,,off,,
Elton Brand,Jason Smith,Lou Williams,Thaddeus Young,Willie Green,Andray Blatche,Antawn Jamison,Earl Boykins,JaVale McGee,Randy Foye,2,10:34,WAS,shot,,,,,,,,,,Antawn Jamison,,,,missed,,jump,22,6
Elton Brand,Jason Smith,Lou Williams,Thaddeus Young,Willie Green,Andray Blatche,Antawn Jamison,Earl Boykins,JaVale McGee,Randy Foye,2,10:33,PHI,rebound,,,,,,,,,,Elton Brand,,,,,,def,,
Elton Brand,Jason Smith,Lou Williams,Thaddeus Young,Willie Green,Andray Blatche,Antawn Jamison,Earl Boykins,JaVale McGee,Randy Foye,2,10:28,PHI,shot,Lou Williams,,,,,,,,,Willie Green,2,,,made,,layup,26,9
Elton Brand,Jason Smith,Lou Williams,Thaddeus Young,Willie Green,Andray Blatche,Antawn Jamison,Earl Boykins,JaVale McGee,Randy Foye,2,10:21,WAS,turnover,,,,,,,,,,Andray Blatche,,,traveling,,,,,
Elton Brand,Jason Smith,Lou Williams,Thaddeus Young,Willie Green,Andray Blatche,Antawn Jamison,Earl Boykins,JaVale McGee,Randy Foye,2,10:11,WAS,foul,,,,,,,,Willie Green,,Randy Foye,,,,,,personal,,
Elton Brand,Jason Kapono,Jason Smith,Lou Williams,Willie Green,Andray Blatche,Antawn Jamison,Earl Boykins,JaVale McGee,Randy Foye,2,10:11,PHI,sub,,,,Jason Kapono,,Thaddeus Young,,,,,,,,,,,,
Elton Brand,Jason Kapono,Jason Smith,Lou Williams,Willie Green,Andray Blatche,Earl Boykins,Gilbert Arenas,JaVale McGee,Randy Foye,2,10:11,WAS,sub,,,,Gilbert Arenas,,Antawn Jamison,,,,,,,,,,,,
Elton Brand,Jason Kapono,Jason Smith,Lou Williams,Willie Green,Andray Blatche,Earl Boykins,Gilbert Arenas,JaVale McGee,Randy Foye,2,10:04,PHI,shot,,,,,,,,,,Lou Williams,2,,,made,,running jump,33,11
Elton Brand,Jason Kapono,Jason Smith,Lou Williams,Willie Green,Andray Blatche,Earl Boykins,Gilbert Arenas,JaVale McGee,Randy Foye,2,9:51,PHI,foul,,,,,,,,Andray Blatche,,Elton Brand,,,,,,personal,,
Elton Brand,Jason Kapono,Jason Smith,Lou Williams,Willie Green,Andray Blatche,Earl Boykins,Gilbert Arenas,JaVale McGee,Randy Foye,2,9:37,WAS,shot,Earl Boykins,,,,,,,,,Andray Blatche,2,,,made,,layup,25,7
Elton Brand,Jason Kapono,Jason Smith,Lou Williams,Willie Green,Andray Blatche,Earl Boykins,Gilbert Arenas,JaVale McGee,Randy Foye,2,9:18,PHI,shot,,,,,,,,,,Elton Brand,2,,,made,,fade away jumper,24,11
Elton Brand,Jason Kapono,Jason Smith,Lou Williams,Willie Green,Andray Blatche,Earl Boykins,Gilbert Arenas,JaVale McGee,Randy Foye,2,9:02,WAS,shot,Andray Blatche,,,,,,,,,Randy Foye,3,,,made,,3pt,49,5
Elton Brand,Jason Kapono,Jason Smith,Lou Williams,Willie Green,Andray Blatche,Earl Boykins,Gilbert Arenas,JaVale McGee,Randy Foye,2,8:46,WAS,foul,,,,,,,,Lou Williams,,JaVale McGee,,,,,,personal,,
Elton Brand,Jason Kapono,Jason Smith,Lou Williams,Willie Green,Andray Blatche,Earl Boykins,Gilbert Arenas,JaVale McGee,Randy Foye,2,8:46,PHI,timeout,,,,,,,,,,,,,,,,official,,
Elton Brand,Jason Kapono,Jason Smith,Lou Williams,Willie Green,Andray Blatche,Earl Boykins,Gilbert Arenas,JaVale McGee,Randy Foye,2,8:38,PHI,shot,Lou Williams,,,,,,,,,Jason Smith,2,,,made,,alley oop dunk,25,6
Elton Brand,Jason Kapono,Jason Smith,Lou Williams,Willie Green,Andray Blatche,Earl Boykins,Gilbert Arenas,JaVale McGee,Randy Foye,2,8:20,WAS,shot,,,,,,,,,,JaVale McGee,,,,missed,,jump,12,3
Elton Brand,Jason Kapono,Jason Smith,Lou Williams,Willie Green,Andray Blatche,Earl Boykins,Gilbert Arenas,JaVale McGee,Randy Foye,2,8:19,PHI,rebound,,,,,,,,,,Willie Green,,,,,,def,,
Elton Brand,Jason Kapono,Jason Smith,Lou Williams,Willie Green,Andray Blatche,Earl Boykins,Gilbert Arenas,JaVale McGee,Randy Foye,2,8:14,PHI,shot,,,JaVale McGee,,,,,,,Jason Smith,,,,missed,,jump,29,7
Elton Brand,Jason Kapono,Jason Smith,Lou Williams,Willie Green,Andray Blatche,Earl Boykins,Gilbert Arenas,JaVale McGee,Randy Foye,2,8:12,WAS,rebound,,,,,,,,,,JaVale McGee,,,,,,def,,
Elton Brand,Jason Kapono,Jason Smith,Lou Williams,Willie Green,Andray Blatche,Earl Boykins,Gilbert Arenas,JaVale McGee,Randy Foye,2,8:03,WAS,shot,,,,,,,,,,Randy Foye,,,,missed,,3pt,1,4
Elton Brand,Jason Kapono,Jason Smith,Lou Williams,Willie Green,Andray Blatche,Earl Boykins,Gilbert Arenas,JaVale McGee,Randy Foye,2,8:02,PHI,rebound,,,,,,,,,,Jason Smith,,,,,,def,,
Elton Brand,Jason Kapono,Jason Smith,Lou Williams,Willie Green,Andray Blatche,Earl Boykins,Gilbert Arenas,JaVale McGee,Randy Foye,2,7:56,PHI,shot,,,,,,,,,,Willie Green,,,,missed,,jump,17,5
Elton Brand,Jason Kapono,Jason Smith,Lou Williams,Willie Green,Andray Blatche,Earl Boykins,Gilbert Arenas,JaVale McGee,Randy Foye,2,7:55,PHI,rebound,,,,,,,,,,Elton Brand,,,,,,off,,
Elton Brand,Jason Kapono,Jason Smith,Lou Williams,Willie Green,Andray Blatche,Earl Boykins,Gilbert Arenas,JaVale McGee,Randy Foye,2,7:52,PHI,shot,,,,,,,,,,Elton Brand,,,,missed,,layup,26,6
Elton Brand,Jason Kapono,Jason Smith,Lou Williams,Willie Green,Andray Blatche,Earl Boykins,Gilbert Arenas,JaVale McGee,Randy Foye,2,7:51,WAS,rebound,,,,,,,,,,Andray Blatche,,,,,,def,,
Elton Brand,Jason Kapono,Jason Smith,Lou Williams,Willie Green,Andray Blatche,Earl Boykins,Gilbert Arenas,JaVale McGee,Randy Foye,2,7:47,WAS,shot,,,,,,,,,,Gilbert Arenas,,,,missed,,jump,5,19
Elton Brand,Jason Kapono,Jason Smith,Lou Williams,Willie Green,Andray Blatche,Earl Boykins,Gilbert Arenas,JaVale McGee,Randy Foye,2,7:45,WAS,rebound,,,,,,,,,,Andray Blatche,,,,,,off,,
Elton Brand,Jason Kapono,Jason Smith,Lou Williams,Willie Green,Andray Blatche,Earl Boykins,Gilbert Arenas,JaVale McGee,Randy Foye,2,7:42,WAS,shot,,,,,,,,,,Andray Blatche,2,,,made,,tip,27,7
Elton Brand,Jason Kapono,Jason Smith,Lou Williams,Willie Green,Andray Blatche,Earl Boykins,Gilbert Arenas,JaVale McGee,Randy Foye,2,7:32,WAS,foul,,,,,,,,Elton Brand,,Andray Blatche,,,,,,personal,,
Elton Brand,Jason Kapono,Jason Smith,Lou Williams,Willie Green,Andray Blatche,Brendan Haywood,Earl Boykins,Gilbert Arenas,Randy Foye,2,7:32,WAS,sub,,,,Brendan Haywood,,JaVale McGee,,,,,,,,,,,,
Elton Brand,Jason Kapono,Jason Smith,Lou Williams,Willie Green,Andray Blatche,Brendan Haywood,Earl Boykins,Gilbert Arenas,Randy Foye,2,7:22,PHI,shot,,,,,,,,,,Lou Williams,2,,,made,,fade away jumper,31,23
Elton Brand,Jason Kapono,Jason Smith,Lou Williams,Willie Green,Andray Blatche,Brendan Haywood,Earl Boykins,Gilbert Arenas,Randy Foye,2,7:05,WAS,turnover,,,,,,,,,,Randy Foye,,,step out of bounds turnover,,,,,
Elton Brand,Jason Kapono,Jason Smith,Lou Williams,Willie Green,Andray Blatche,Brendan Haywood,Earl Boykins,Gilbert Arenas,Randy Foye,2,6:52,PHI,shot,Lou Williams,,,,,,,,,Jason Smith,3,,,made,,3pt,42,24
Elton Brand,Jason Kapono,Jason Smith,Lou Williams,Willie Green,Andray Blatche,Brendan Haywood,Earl Boykins,Gilbert Arenas,Randy Foye,2,6:29,WAS,shot,,,,,,,,,,Earl Boykins,,,,missed,,layup,27,6
Elton Brand,Jason Kapono,Jason Smith,Lou Williams,Willie Green,Andray Blatche,Brendan Haywood,Earl Boykins,Gilbert Arenas,Randy Foye,2,6:26,WAS,rebound,,,,,,,,,,Andray Blatche,,,,,,off,,
Elton Brand,Jason Kapono,Jason Smith,Lou Williams,Willie Green,Andray Blatche,Brendan Haywood,Earl Boykins,Gilbert Arenas,Randy Foye,2,6:22,WAS,shot,,,,,,,,,,Andray Blatche,2,,,made,,dunk,24,7
Elton Brand,Jason Kapono,Jason Smith,Lou Williams,Willie Green,Andray Blatche,Brendan Haywood,Earl Boykins,Gilbert Arenas,Randy Foye,2,6:17,PHI,shot,,,,,,,,,,Jason Kapono,,,,missed,,3pt,8,25
Elton Brand,Jason Kapono,Jason Smith,Lou Williams,Willie Green,Andray Blatche,Brendan Haywood,Earl Boykins,Gilbert Arenas,Randy Foye,2,6:15,WAS,rebound,,,,,,,,,,Andray Blatche,,,,,,def,,
Elton Brand,Jason Kapono,Jason Smith,Lou Williams,Willie Green,Andray Blatche,Brendan Haywood,Earl Boykins,Gilbert Arenas,Randy Foye,2,6:09,WAS,shot,,,,,,,,,,Gilbert Arenas,,,,missed,,3pt,7,25
Elton Brand,Jason Kapono,Jason Smith,Lou Williams,Willie Green,Andray Blatche,Brendan Haywood,Earl Boykins,Gilbert Arenas,Randy Foye,2,6:09,PHI,rebound,,,,,,,,,,,,,,,,,,
Elton Brand,Jason Kapono,Jason Smith,Lou Williams,Willie Green,Andray Blatche,Brendan Haywood,Earl Boykins,Gilbert Arenas,Randy Foye,2,5:57,PHI,shot,,,,,,,,,,Jason Kapono,,,,missed,,3pt,24,30
Elton Brand,Jason Kapono,Jason Smith,Lou Williams,Willie Green,Andray Blatche,Brendan Haywood,Earl Boykins,Gilbert Arenas,Randy Foye,2,5:56,WAS,rebound,,,,,,,,,,Randy Foye,,,,,,def,,
Elton Brand,Jason Kapono,Jason Smith,Lou Williams,Willie Green,Andray Blatche,Brendan Haywood,Earl Boykins,Gilbert Arenas,Randy Foye,2,5:40,WAS,shot,Earl Boykins,,,,,,,,,Randy Foye,3,,,made,,3pt,2,4
Elton Brand,Jason Kapono,Jason Smith,Lou Williams,Willie Green,Andray Blatche,Brendan Haywood,Earl Boykins,Gilbert Arenas,Randy Foye,2,5:39,PHI,timeout,,,,,,,,,,,,,,,,regular,,
Elton Brand,Jason Kapono,Lou Williams,Samuel Dalembert,Willie Green,Andray Blatche,Brendan Haywood,Earl Boykins,Gilbert Arenas,Randy Foye,2,5:39,PHI,sub,,,,Samuel Dalembert,,Jason Smith,,,,,,,,,,,,
Elton Brand,Jason Kapono,Lou Williams,Samuel Dalembert,Willie Green,Andray Blatche,Brendan Haywood,Earl Boykins,Gilbert Arenas,Randy Foye,2,5:21,PHI,shot,,,,,,,,,,Samuel Dalembert,,,,missed,,jump,30,9
Elton Brand,Jason Kapono,Lou Williams,Samuel Dalembert,Willie Green,Andray Blatche,Brendan Haywood,Earl Boykins,Gilbert Arenas,Randy Foye,2,5:20,PHI,rebound,,,,,,,,,,Elton Brand,,,,,,off,,
Elton Brand,Jason Kapono,Lou Williams,Samuel Dalembert,Willie Green,Andray Blatche,Brendan Haywood,Earl Boykins,Gilbert Arenas,Randy Foye,2,5:18,WAS,foul,,,,,,,,Elton Brand,,Brendan Haywood,,,,,,shooting,,
Elton Brand,Jason Kapono,Lou Williams,Samuel Dalembert,Willie Green,Andray Blatche,Brendan Haywood,Earl Boykins,Gilbert Arenas,Randy Foye,2,5:18,PHI,free throw,,,,,,,1,,2,Elton Brand,,,foul,made,,,,
Andre Iguodala,Elton Brand,Jason Kapono,Lou Williams,Samuel Dalembert,Andray Blatche,Brendan Haywood,Earl Boykins,Gilbert Arenas,Randy Foye,2,5:18,PHI,sub,,,,Andre Iguodala,,Willie Green,,,,,,,,,,,,
Andre Iguodala,Elton Brand,Jason Kapono,Lou Williams,Samuel Dalembert,Andray Blatche,Brendan Haywood,Earl Boykins,Gilbert Arenas,Randy Foye,2,5:18,PHI,free throw,,,,,,,2,,2,Elton Brand,,,foul,made,,,,
Andre Iguodala,Elton Brand,Jason Kapono,Lou Williams,Samuel Dalembert,Andray Blatche,Brendan Haywood,Earl Boykins,Gilbert Arenas,Randy Foye,2,4:56,WAS,shot,,,,,,,,,,Randy Foye,,,,missed,,jump,40,14
Andre Iguodala,Elton Brand,Jason Kapono,Lou Williams,Samuel Dalembert,Andray Blatche,Brendan Haywood,Earl Boykins,Gilbert Arenas,Randy Foye,2,4:54,PHI,rebound,,,,,,,,,,Elton Brand,,,,,,def,,
Andre Iguodala,Elton Brand,Jason Kapono,Lou Williams,Samuel Dalembert,Andray Blatche,Brendan Haywood,Earl Boykins,Gilbert Arenas,Randy Foye,2,4:42,WAS,foul,,,,,,,,Samuel Dalembert,,Andray Blatche,,,,,,shooting,,
Andre Iguodala,Elton Brand,Jason Kapono,Lou Williams,Samuel Dalembert,Andray Blatche,Brendan Haywood,Gilbert Arenas,Nick Young,Randy Foye,2,4:42,WAS,sub,,,,Nick Young,,Earl Boykins,,,,,,,,,,,,
Andre Iguodala,Elton Brand,Jason Kapono,Lou Williams,Samuel Dalembert,Andray Blatche,Brendan Haywood,Gilbert Arenas,Nick Young,Randy Foye,2,4:42,PHI,free throw,,,,,,,1,,2,Samuel Dalembert,,,foul,made,,,,
Andre Iguodala,Elton Brand,Jason Kapono,Lou Williams,Samuel Dalembert,Andray Blatche,Antawn Jamison,Brendan Haywood,Gilbert Arenas,Nick Young,2,4:42,WAS,sub,,,,Antawn Jamison,,Randy Foye,,,,,,,,,,,,
Andre Iguodala,Elton Brand,Jason Kapono,Lou Williams,Samuel Dalembert,Andray Blatche,Antawn Jamison,Brendan Haywood,Gilbert Arenas,Nick Young,2,4:42,PHI,free throw,,,,,,,2,,2,Samuel Dalembert,,,foul,made,,,,
Andre Iguodala,Elton Brand,Jason Kapono,Lou Williams,Samuel Dalembert,Andray Blatche,Antawn Jamison,Brendan Haywood,Gilbert Arenas,Nick Young,2,4:21,WAS,shot,,,,,,,,,,Andray Blatche,,,,missed,,layup,26,6
Andre Iguodala,Elton Brand,Jason Kapono,Lou Williams,Samuel Dalembert,Andray Blatche,Antawn Jamison,Brendan Haywood,Gilbert Arenas,Nick Young,2,4:20,PHI,rebound,,,,,,,,,,Jason Kapono,,,,,,def,,
Andre Iguodala,Elton Brand,Jason Kapono,Lou Williams,Samuel Dalembert,Andray Blatche,Antawn Jamison,Brendan Haywood,Gilbert Arenas,Nick Young,2,4:09,PHI,shot,,,,,,,,,,Elton Brand,,,,missed,,jump,37,16
Andre Iguodala,Elton Brand,Jason Kapono,Lou Williams,Samuel Dalembert,Andray Blatche,Antawn Jamison,Brendan Haywood,Gilbert Arenas,Nick Young,2,4:08,WAS,rebound,,,,,,,,,,Andray Blatche,,,,,,def,,
Andre Iguodala,Elton Brand,Jason Kapono,Lou Williams,Samuel Dalembert,Andray Blatche,Antawn Jamison,Brendan Haywood,Gilbert Arenas,Nick Young,2,4:05,PHI,foul,,,,,,,,Gilbert Arenas,,Andre Iguodala,,,,,,shooting,,
Andre Iguodala,Elton Brand,Jason Kapono,Lou Williams,Samuel Dalembert,Andray Blatche,Antawn Jamison,Brendan Haywood,Gilbert Arenas,Nick Young,2,4:05,WAS,free throw,,,,,,,1,,2,Gilbert Arenas,,,foul,made,,,,
Andre Iguodala,Elton Brand,Jason Kapono,Lou Williams,Samuel Dalembert,Antawn Jamison,Brendan Haywood,Fabricio Oberto,Gilbert Arenas,Nick Young,2,4:05,WAS,sub,,,,Fabricio Oberto,,Andray Blatche,,,,,,,,,,,,
Andre Iguodala,Elton Brand,Jason Kapono,Lou Williams,Samuel Dalembert,Antawn Jamison,Brendan Haywood,Fabricio Oberto,Gilbert Arenas,Nick Young,2,4:05,WAS,free throw,,,,,,,2,,2,Gilbert Arenas,,,foul,missed,,,,
Andre Iguodala,Elton Brand,Jason Kapono,Lou Williams,Samuel Dalembert,Antawn Jamison,Brendan Haywood,Fabricio Oberto,Gilbert Arenas,Nick Young,2,4:03,PHI,rebound,,,,,,,,,,Samuel Dalembert,,,,,,def,,
Andre Iguodala,Elton Brand,Jason Kapono,Lou Williams,Samuel Dalembert,Antawn Jamison,Brendan Haywood,Fabricio Oberto,Gilbert Arenas,Nick Young,2,3:49,PHI,shot,,,,,,,,,,Samuel Dalembert,,,,missed,,jump,29,6
Andre Iguodala,Elton Brand,Jason Kapono,Lou Williams,Samuel Dalembert,Antawn Jamison,Brendan Haywood,Fabricio Oberto,Gilbert Arenas,Nick Young,2,3:48,PHI,rebound,,,,,,,,,,,,,,,,,,
Andre Iguodala,Elton Brand,Lou Williams,Samuel Dalembert,Thaddeus Young,Antawn Jamison,Brendan Haywood,Fabricio Oberto,Gilbert Arenas,Nick Young,2,3:48,PHI,sub,,,,Thaddeus Young,,Jason Kapono,,,,,,,,,,,,
Andre Iguodala,Elton Brand,Lou Williams,Samuel Dalembert,Thaddeus Young,Antawn Jamison,Brendan Haywood,Fabricio Oberto,Gilbert Arenas,Nick Young,2,3:41,WAS,foul,,,,,,,,Andre Iguodala,,Nick Young,,,,,,shooting,,
Andre Iguodala,Elton Brand,Lou Williams,Samuel Dalembert,Thaddeus Young,Antawn Jamison,Brendan Haywood,Fabricio Oberto,Gilbert Arenas,Nick Young,2,3:41,PHI,free throw,,,,,,,1,,2,Andre Iguodala,,,foul,made,,,,
Andre Iguodala,Elton Brand,Lou Williams,Samuel Dalembert,Thaddeus Young,Antawn Jamison,Brendan Haywood,Fabricio Oberto,Gilbert Arenas,Nick Young,2,3:41,PHI,free throw,,,,,,,2,,2,Andre Iguodala,,,foul,made,,,,
Andre Iguodala,Elton Brand,Lou Williams,Samuel Dalembert,Thaddeus Young,Antawn Jamison,Brendan Haywood,Fabricio Oberto,Gilbert Arenas,Nick Young,2,3:34,WAS,shot,,,,,,,,,,Nick Young,,,,missed,,3pt,48,17
Andre Iguodala,Elton Brand,Lou Williams,Samuel Dalembert,Thaddeus Young,Antawn Jamison,Brendan Haywood,Fabricio Oberto,Gilbert Arenas,Nick Young,2,3:33,PHI,rebound,,,,,,,,,,Samuel Dalembert,,,,,,def,,
Andre Iguodala,Elton Brand,Lou Williams,Samuel Dalembert,Thaddeus Young,Antawn Jamison,Brendan Haywood,Fabricio Oberto,Gilbert Arenas,Nick Young,2,3:19,PHI,shot,,,,,,,,,,Thaddeus Young,,,,missed,,3pt,49,4
Andre Iguodala,Elton Brand,Lou Williams,Samuel Dalembert,Thaddeus Young,Antawn Jamison,Brendan Haywood,Fabricio Oberto,Gilbert Arenas,Nick Young,2,3:17,WAS,rebound,,,,,,,,,,Brendan Haywood,,,,,,def,,
Andre Iguodala,Elton Brand,Lou Williams,Samuel Dalembert,Thaddeus Young,Antawn Jamison,Brendan Haywood,Fabricio Oberto,Gilbert Arenas,Nick Young,2,3:06,WAS,shot,,,,,,,,,,Antawn Jamison,,,,missed,,jump,44,12
Andre Iguodala,Elton Brand,Lou Williams,Samuel Dalembert,Thaddeus Young,Antawn Jamison,Brendan Haywood,Fabricio Oberto,Gilbert Arenas,Nick Young,2,3:05,PHI,rebound,,,,,,,,,,Samuel Dalembert,,,,,,def,,
Andre Iguodala,Elton Brand,Lou Williams,Samuel Dalembert,Thaddeus Young,Antawn Jamison,Brendan Haywood,Fabricio Oberto,Gilbert Arenas,Nick Young,2,2:42,PHI,shot,,,,,,,,,,Thaddeus Young,,,,missed,,jump,28,9
Andre Iguodala,Elton Brand,Lou Williams,Samuel Dalembert,Thaddeus Young,Antawn Jamison,Brendan Haywood,Fabricio Oberto,Gilbert Arenas,Nick Young,2,2:41,PHI,rebound,,,,,,,,,,Andre Iguodala,,,,,,off,,
Andre Iguodala,Elton Brand,Lou Williams,Samuel Dalembert,Thaddeus Young,Antawn Jamison,Brendan Haywood,Fabricio Oberto,Gilbert Arenas,Nick Young,2,2:23,PHI,shot,,,,,,,,,,Samuel Dalembert,,,,missed,,jump,32,12
Andre Iguodala,Elton Brand,Lou Williams,Samuel Dalembert,Thaddeus Young,Antawn Jamison,Brendan Haywood,Fabricio Oberto,Gilbert Arenas,Nick Young,2,2:21,WAS,rebound,,,,,,,,,,Antawn Jamison,,,,,,def,,
Andre Iguodala,Elton Brand,Lou Williams,Samuel Dalembert,Thaddeus Young,Antawn Jamison,Brendan Haywood,Fabricio Oberto,Gilbert Arenas,Nick Young,2,2:04,WAS,shot,Nick Young,,,,,,,,,Antawn Jamison,2,,,made,,floating jump,32,9
Andre Iguodala,Elton Brand,Lou Williams,Samuel Dalembert,Thaddeus Young,Antawn Jamison,Brendan Haywood,Fabricio Oberto,Gilbert Arenas,Nick Young,2,2:03,PHI,timeout,,,,,,,,,,,,,,,,short,,
Andre Iguodala,Elton Brand,Lou Williams,Samuel Dalembert,Thaddeus Young,Antawn Jamison,Brendan Haywood,Fabricio Oberto,Gilbert Arenas,Nick Young,2,2:03,WAS,timeout,,,,,,,,,,,,,,,,regular,,
Elton Brand,Lou Williams,Samuel Dalembert,Thaddeus Young,Willie Green,Antawn Jamison,Brendan Haywood,Fabricio Oberto,Gilbert Arenas,Nick Young,2,2:03,PHI,sub,,,,Willie Green,,Andre Iguodala,,,,,,,,,,,,
Jason Smith,Lou Williams,Samuel Dalembert,Thaddeus Young,Willie Green,Antawn Jamison,Brendan Haywood,Fabricio Oberto,Gilbert Arenas,Nick Young,2,2:03,PHI,sub,,,,Jason Smith,,Elton Brand,,,,,,,,,,,,
Jason Smith,Lou Williams,Samuel Dalembert,Thaddeus Young,Willie Green,Antawn Jamison,Brendan Haywood,Fabricio Oberto,Gilbert Arenas,Nick Young,2,1:45,PHI,shot,,,,,,,,,,Willie Green,,,,missed,,3pt,25,30
Jason Smith,Lou Williams,Samuel Dalembert,Thaddeus Young,Willie Green,Antawn Jamison,Brendan Haywood,Fabricio Oberto,Gilbert Arenas,Nick Young,2,1:44,PHI,rebound,,,,,,,,,,Thaddeus Young,,,,,,off,,
Jason Smith,Lou Williams,Samuel Dalembert,Thaddeus Young,Willie Green,Antawn Jamison,Brendan Haywood,Fabricio Oberto,Gilbert Arenas,Nick Young,2,1:22,PHI,shot,,,,,,,,,,Samuel Dalembert,,,,missed,,jump,10,17
Jason Smith,Lou Williams,Samuel Dalembert,Thaddeus Young,Willie Green,Antawn Jamison,Brendan Haywood,Fabricio Oberto,Gilbert Arenas,Nick Young,2,1:20,WAS,rebound,,,,,,,,,,Fabricio Oberto,,,,,,def,,
Jason Smith,Lou Williams,Samuel Dalembert,Thaddeus Young,Willie Green,Antawn Jamison,Brendan Haywood,Fabricio Oberto,Gilbert Arenas,Nick Young,2,1:14,WAS,shot,Gilbert Arenas,,,,,,,,,Antawn Jamison,2,,,made,,layup,24,6
Jason Smith,Lou Williams,Samuel Dalembert,Thaddeus Young,Willie Green,Antawn Jamison,Brendan Haywood,Fabricio Oberto,Gilbert Arenas,Nick Young,2,1:08,WAS,foul,,,,,,,,Jason Smith,,Fabricio Oberto,,,,,,shooting,,
Jason Smith,Lou Williams,Samuel Dalembert,Thaddeus Young,Willie Green,Antawn Jamison,Brendan Haywood,Fabricio Oberto,Gilbert Arenas,Nick Young,2,1:08,PHI,free throw,,,,,,,1,,2,Jason Smith,,,foul,missed,,,,
Jason Smith,Lou Williams,Samuel Dalembert,Thaddeus Young,Willie Green,Antawn Jamison,Brendan Haywood,Fabricio Oberto,Gilbert Arenas,Nick Young,2,1:08,PHI,rebound,,,,,,,,,,,,,,,,,,
Jason Smith,Lou Williams,Samuel Dalembert,Thaddeus Young,Willie Green,Antawn Jamison,Brendan Haywood,DeShawn Stevenson,Gilbert Arenas,Nick Young,2,1:08,WAS,sub,,,,DeShawn Stevenson,,Fabricio Oberto,,,,,,,,,,,,
Jason Smith,Lou Williams,Samuel Dalembert,Thaddeus Young,Willie Green,Antawn Jamison,Brendan Haywood,DeShawn Stevenson,Gilbert Arenas,Nick Young,2,1:08,PHI,free throw,,,,,,,2,,2,Jason Smith,,,foul,made,,,,
Jason Smith,Lou Williams,Samuel Dalembert,Thaddeus Young,Willie Green,Antawn Jamison,Brendan Haywood,DeShawn Stevenson,Gilbert Arenas,Nick Young,2,0:54,WAS,shot,,,,,,,,,,Nick Young,,,,missed,,3pt,2,4
Jason Smith,Lou Williams,Samuel Dalembert,Thaddeus Young,Willie Green,Antawn Jamison,Brendan Haywood,DeShawn Stevenson,Gilbert Arenas,Nick Young,2,0:53,WAS,rebound,,,,,,,,,,Antawn Jamison,,,,,,off,,
Jason Smith,Lou Williams,Samuel Dalembert,Thaddeus Young,Willie Green,Antawn Jamison,Brendan Haywood,DeShawn Stevenson,Gilbert Arenas,Nick Young,2,0:53,WAS,turnover,,,,,,,,,,Antawn Jamison,,,offensive goaltending,,,,,
Jason Smith,Lou Williams,Samuel Dalembert,Thaddeus Young,Willie Green,Antawn Jamison,Brendan Haywood,DeShawn Stevenson,Gilbert Arenas,Nick Young,2,0:44,PHI,shot,,,,,,,,,,Willie Green,,,,missed,,jump,28,10
Jason Smith,Lou Williams,Samuel Dalembert,Thaddeus Young,Willie Green,Antawn Jamison,Brendan Haywood,DeShawn Stevenson,Gilbert Arenas,Nick Young,2,0:44,PHI,rebound,,,,,,,,,,Samuel Dalembert,,,,,,off,,
Jason Smith,Lou Williams,Samuel Dalembert,Thaddeus Young,Willie Green,Antawn Jamison,Brendan Haywood,DeShawn Stevenson,Gilbert Arenas,Nick Young,2,0:42,PHI,shot,,,,,,,,,,Samuel Dalembert,2,,,made,,putback layup,25,7
Jason Smith,Lou Williams,Samuel Dalembert,Thaddeus Young,Willie Green,Antawn Jamison,Brendan Haywood,DeShawn Stevenson,Gilbert Arenas,Nick Young,2,0:32,WAS,shot,Gilbert Arenas,,,,,,,,,Antawn Jamison,3,,,made,,3pt,22,31
Jason Smith,Lou Williams,Samuel Dalembert,Thaddeus Young,Willie Green,Antawn Jamison,Brendan Haywood,DeShawn Stevenson,Gilbert Arenas,Nick Young,2,0:13,PHI,shot,,,Gilbert Arenas,,,,,,,Lou Williams,,,,missed,,jump,21,23
Jason Smith,Lou Williams,Samuel Dalembert,Thaddeus Young,Willie Green,Antawn Jamison,Brendan Haywood,DeShawn Stevenson,Gilbert Arenas,Nick Young,2,0:12,PHI,rebound,,,,,,,,,,Thaddeus Young,,,,,,off,,
Jason Smith,Lou Williams,Samuel Dalembert,Thaddeus Young,Willie Green,Antawn Jamison,Brendan Haywood,DeShawn Stevenson,Gilbert Arenas,Nick Young,2,0:11,PHI,shot,,,,,,,,,,Thaddeus Young,2,,,made,,hook,31,8
Jason Smith,Lou Williams,Samuel Dalembert,Thaddeus Young,Willie Green,Antawn Jamison,Brendan Haywood,DeShawn Stevenson,Gilbert Arenas,Nick Young,2,0:01,WAS,shot,,,,,,,,,,Gilbert Arenas,,,,missed,,jump,33,16
Jason Smith,Lou Williams,Samuel Dalembert,Thaddeus Young,Willie Green,Antawn Jamison,Brendan Haywood,DeShawn Stevenson,Gilbert Arenas,Nick Young,2,0:01,PHI,rebound,,,,,,,,,,Jason Smith,,,,,,def,,
Jason Smith,Lou Williams,Samuel Dalembert,Thaddeus Young,Willie Green,Antawn Jamison,Brendan Haywood,DeShawn Stevenson,Gilbert Arenas,Nick Young,2,0:00,PHI,shot,,,,,,,,,,Jason Smith,,,,missed,,3pt,25,45
Jason Smith,Lou Williams,Samuel Dalembert,Thaddeus Young,Willie Green,Antawn Jamison,Brendan Haywood,DeShawn Stevenson,Gilbert Arenas,Nick Young,2,0:00,PHI,rebound,,,,,,,,,,,,,,,,,,
Andre Iguodala,Elton Brand,Lou Williams,Samuel Dalembert,Thaddeus Young,Antawn Jamison,Brendan Haywood,Fabricio Oberto,Gilbert Arenas,Nick Young,3,11:38,WAS,shot,Fabricio Oberto,,,,,,,,,Gilbert Arenas,2,,,made,,jump,36,22
Andre Iguodala,Elton Brand,Lou Williams,Samuel Dalembert,Thaddeus Young,Antawn Jamison,Brendan Haywood,Fabricio Oberto,Gilbert Arenas,Nick Young,3,11:21,WAS,foul,,,,,,,,Andre Iguodala,,Nick Young,,,,,,shooting,,
Andre Iguodala,Elton Brand,Lou Williams,Samuel Dalembert,Thaddeus Young,Antawn Jamison,Brendan Haywood,Fabricio Oberto,Gilbert Arenas,Nick Young,3,11:21,PHI,free throw,,,,,,,1,,2,Andre Iguodala,,,foul,made,,,,
Andre Iguodala,Elton Brand,Lou Williams,Samuel Dalembert,Thaddeus Young,Antawn Jamison,Brendan Haywood,Fabricio Oberto,Gilbert Arenas,Nick Young,3,11:21,PHI,free throw,,,,,,,2,,2,Andre Iguodala,,,foul,made,,,,
Andre Iguodala,Elton Brand,Lou Williams,Samuel Dalembert,Thaddeus Young,Antawn Jamison,Brendan Haywood,Fabricio Oberto,Gilbert Arenas,Nick Young,3,11:04,WAS,shot,Nick Young,,,,,,,,,Antawn Jamison,2,,,made,,jump,43,2
Andre Iguodala,Elton Brand,Lou Williams,Samuel Dalembert,Thaddeus Young,Antawn Jamison,Brendan Haywood,Fabricio Oberto,Gilbert Arenas,Nick Young,3,10:44,PHI,shot,,,,,,,,,,Thaddeus Young,,,,missed,,jump,6,8
Andre Iguodala,Elton Brand,Lou Williams,Samuel Dalembert,Thaddeus Young,Antawn Jamison,Brendan Haywood,Fabricio Oberto,Gilbert Arenas,Nick Young,3,10:43,WAS,rebound,,,,,,,,,,Fabricio Oberto,,,,,,def,,
Andre Iguodala,Elton Brand,Lou Williams,Samuel Dalembert,Thaddeus Young,Antawn Jamison,Brendan Haywood,Fabricio Oberto,Gilbert Arenas,Nick Young,3,10:29,WAS,shot,,,Elton Brand,,,,,,,Nick Young,,,,missed,,jump,26,11
Andre Iguodala,Elton Brand,Lou Williams,Samuel Dalembert,Thaddeus Young,Antawn Jamison,Brendan Haywood,Fabricio Oberto,Gilbert Arenas,Nick Young,3,10:27,PHI,rebound,,,,,,,,,,Andre Iguodala,,,,,,def,,
Andre Iguodala,Elton Brand,Lou Williams,Samuel Dalembert,Thaddeus Young,Antawn Jamison,Brendan Haywood,Fabricio Oberto,Gilbert Arenas,Nick Young,3,10:22,PHI,shot,,,,,,,,,,Thaddeus Young,,,,missed,,jump,32,6
Andre Iguodala,Elton Brand,Lou Williams,Samuel Dalembert,Thaddeus Young,Antawn Jamison,Brendan Haywood,Fabricio Oberto,Gilbert Arenas,Nick Young,3,10:21,WAS,rebound,,,,,,,,,,Antawn Jamison,,,,,,def,,
Andre Iguodala,Elton Brand,Lou Williams,Samuel Dalembert,Thaddeus Young,Antawn Jamison,Brendan Haywood,Fabricio Oberto,Gilbert Arenas,Nick Young,3,10:17,PHI,foul,,,,,,,,Nick Young,,Elton Brand,,,,,,shooting,,
Andre Iguodala,Elton Brand,Lou Williams,Samuel Dalembert,Thaddeus Young,Antawn Jamison,Brendan Haywood,Fabricio Oberto,Gilbert Arenas,Nick Young,3,10:17,WAS,free throw,,,,,,,1,,2,Nick Young,,,foul,made,,,,
Andre Iguodala,Elton Brand,Lou Williams,Samuel Dalembert,Thaddeus Young,Antawn Jamison,Brendan Haywood,Fabricio Oberto,Gilbert Arenas,Nick Young,3,10:17,WAS,free throw,,,,,,,2,,2,Nick Young,,,foul,made,,,,
Andre Iguodala,Elton Brand,Lou Williams,Samuel Dalembert,Thaddeus Young,Antawn Jamison,Brendan Haywood,Fabricio Oberto,Gilbert Arenas,Nick Young,3,10:03,PHI,shot,Samuel Dalembert,,,,,,,,,Lou Williams,2,,,made,,jump,7,9
Andre Iguodala,Elton Brand,Lou Williams,Samuel Dalembert,Thaddeus Young,Antawn Jamison,Brendan Haywood,Fabricio Oberto,Gilbert Arenas,Nick Young,3,9:49,WAS,shot,Brendan Haywood,,,,,,,,,Nick Young,2,,,made,,jump,10,15
Andre Iguodala,Elton Brand,Lou Williams,Samuel Dalembert,Thaddeus Young,Antawn Jamison,Brendan Haywood,Fabricio Oberto,Gilbert Arenas,Nick Young,3,9:38,PHI,shot,,,,,,,,,,Elton Brand,,,,missed,,jump,40,18
Andre Iguodala,Elton Brand,Lou Williams,Samuel Dalembert,Thaddeus Young,Antawn Jamison,Brendan Haywood,Fabricio Oberto,Gilbert Arenas,Nick Young,3,9:36,WAS,rebound,,,,,,,,,,Brendan Haywood,,,,,,def,,
Andre Iguodala,Elton Brand,Lou Williams,Samuel Dalembert,Thaddeus Young,Antawn Jamison,Brendan Haywood,Fabricio Oberto,Gilbert Arenas,Nick Young,3,9:24,WAS,shot,,,,,,,,,,Gilbert Arenas,,,,missed,,jump,15,24
Andre Iguodala,Elton Brand,Lou Williams,Samuel Dalembert,Thaddeus Young,Antawn Jamison,Brendan Haywood,Fabricio Oberto,Gilbert Arenas,Nick Young,3,9:23,PHI,rebound,,,,,,,,,,Lou Williams,,,,,,def,,
Andre Iguodala,Elton Brand,Lou Williams,Samuel Dalembert,Thaddeus Young,Antawn Jamison,Brendan Haywood,Fabricio Oberto,Gilbert Arenas,Nick Young,3,9:20,WAS,foul,,,,,,,,Andre Iguodala,,Gilbert Arenas,,,,,,shooting,,
Andre Iguodala,Elton Brand,Lou Williams,Samuel Dalembert,Thaddeus Young,Antawn Jamison,Brendan Haywood,Fabricio Oberto,Gilbert Arenas,Nick Young,3,9:20,PHI,free throw,,,,,,,1,,2,Andre Iguodala,,,foul,made,,,,
Andre Iguodala,Elton Brand,Lou Williams,Samuel Dalembert,Thaddeus Young,Antawn Jamison,Brendan Haywood,Fabricio Oberto,Gilbert Arenas,Nick Young,3,9:20,PHI,free throw,,,,,,,2,,2,Andre Iguodala,,,foul,made,,,,
Andre Iguodala,Elton Brand,Lou Williams,Samuel Dalembert,Thaddeus Young,Antawn Jamison,Brendan Haywood,Fabricio Oberto,Gilbert Arenas,Nick Young,3,9:08,WAS,shot,Antawn Jamison,,,,,,,,,Brendan Haywood,2,,,made,,layup,24,5
Andre Iguodala,Elton Brand,Lou Williams,Samuel Dalembert,Thaddeus Young,Antawn Jamison,Brendan Haywood,Fabricio Oberto,Gilbert Arenas,Nick Young,3,8:46,PHI,shot,,,,,,,,,,Andre Iguodala,2,,,made,,layup,24,6
Andre Iguodala,Elton Brand,Lou Williams,Samuel Dalembert,Thaddeus Young,Antawn Jamison,Brendan Haywood,Fabricio Oberto,Gilbert Arenas,Nick Young,3,8:24,PHI,foul,,,,,,,,Antawn Jamison,,Samuel Dalembert,,,,,,shooting,,
Andre Iguodala,Elton Brand,Lou Williams,Samuel Dalembert,Thaddeus Young,Antawn Jamison,Brendan Haywood,Fabricio Oberto,Gilbert Arenas,Nick Young,3,8:24,WAS,free throw,,,,,,,1,,2,Antawn Jamison,,,foul,made,,,,
Andre Iguodala,Elton Brand,Lou Williams,Samuel Dalembert,Thaddeus Young,Antawn Jamison,Brendan Haywood,Fabricio Oberto,Gilbert Arenas,Nick Young,3,8:24,WAS,free throw,,,,,,,2,,2,Antawn Jamison,,,foul,missed,,,,
Andre Iguodala,Elton Brand,Lou Williams,Samuel Dalembert,Thaddeus Young,Antawn Jamison,Brendan Haywood,Fabricio Oberto,Gilbert Arenas,Nick Young,3,8:23,PHI,rebound,,,,,,,,,,Elton Brand,,,,,,def,,
Andre Iguodala,Elton Brand,Lou Williams,Samuel Dalembert,Thaddeus Young,Antawn Jamison,Brendan Haywood,Fabricio Oberto,Gilbert Arenas,Nick Young,3,8:08,PHI,turnover,,,,,,,,,,Andre Iguodala,,,bad pass,,Brendan Haywood,,,
Andre Iguodala,Elton Brand,Lou Williams,Samuel Dalembert,Thaddeus Young,Antawn Jamison,Brendan Haywood,Fabricio Oberto,Gilbert Arenas,Nick Young,3,8:02,WAS,shot,,,,,,,,,,Gilbert Arenas,2,,,made,,driving layup,26,7
Andre Iguodala,Elton Brand,Lou Williams,Samuel Dalembert,Thaddeus Young,Antawn Jamison,Brendan Haywood,Fabricio Oberto,Gilbert Arenas,Nick Young,3,7:42,PHI,shot,,,,,,,,,,Elton Brand,,,,missed,,jump,22,14
Andre Iguodala,Elton Brand,Lou Williams,Samuel Dalembert,Thaddeus Young,Antawn Jamison,Brendan Haywood,Fabricio Oberto,Gilbert Arenas,Nick Young,3,7:42,WAS,rebound,,,,,,,,,,,,,,,,,,
Andre Iguodala,Elton Brand,Lou Williams,Samuel Dalembert,Thaddeus Young,Antawn Jamison,Brendan Haywood,Fabricio Oberto,Gilbert Arenas,Nick Young,3,7:26,WAS,shot,Antawn Jamison,,,,,,,,,Nick Young,3,,,made,,3pt,5,21
Andre Iguodala,Elton Brand,Lou Williams,Samuel Dalembert,Thaddeus Young,Antawn Jamison,Brendan Haywood,Fabricio Oberto,Gilbert Arenas,Nick Young,3,7:16,PHI,timeout,,,,,,,,,,,,,,,,regular,,
Andre Iguodala,Elton Brand,Lou Williams,Samuel Dalembert,Thaddeus Young,Antawn Jamison,Brendan Haywood,Fabricio Oberto,Gilbert Arenas,Nick Young,3,7:06,PHI,shot,,,,,,,,,,Thaddeus Young,,,,missed,,jump,18,25
Andre Iguodala,Elton Brand,Lou Williams,Samuel Dalembert,Thaddeus Young,Antawn Jamison,Brendan Haywood,Fabricio Oberto,Gilbert Arenas,Nick Young,3,7:05,PHI,rebound,,,,,,,,,,Samuel Dalembert,,,,,,off,,
Andre Iguodala,Elton Brand,Lou Williams,Samuel Dalembert,Thaddeus Young,Antawn Jamison,Brendan Haywood,Fabricio Oberto,Gilbert Arenas,Nick Young,3,7:05,WAS,foul,,,,,,,,Samuel Dalembert,,Gilbert Arenas,,,,,,personal,,
Andre Iguodala,Elton Brand,Lou Williams,Samuel Dalembert,Thaddeus Young,Antawn Jamison,Brendan Haywood,Fabricio Oberto,Gilbert Arenas,Nick Young,3,6:58,WAS,foul,,,,,,,,Samuel Dalembert,,Brendan Haywood,,,,,,personal,,
Andre Iguodala,Elton Brand,Lou Williams,Samuel Dalembert,Thaddeus Young,Antawn Jamison,Brendan Haywood,Fabricio Oberto,Gilbert Arenas,Nick Young,3,6:52,PHI,shot,Lou Williams,,,,,,,,,Thaddeus Young,2,,,made,,jump,42,13
Andre Iguodala,Elton Brand,Lou Williams,Samuel Dalembert,Thaddeus Young,Antawn Jamison,Brendan Haywood,Fabricio Oberto,Gilbert Arenas,Nick Young,3,6:39,WAS,shot,Gilbert Arenas,,,,,,,,,Antawn Jamison,2,,,made,,layup,24,6
Andre Iguodala,Elton Brand,Lou Williams,Samuel Dalembert,Thaddeus Young,Antawn Jamison,Brendan Haywood,Fabricio Oberto,Gilbert Arenas,Nick Young,3,6:29,PHI,shot,,,,,,,,,,Andre Iguodala,,,,missed,,3pt,43,24
Andre Iguodala,Elton Brand,Lou Williams,Samuel Dalembert,Thaddeus Young,Antawn Jamison,Brendan Haywood,Fabricio Oberto,Gilbert Arenas,Nick Young,3,6:28,WAS,rebound,,,,,,,,,,Gilbert Arenas,,,,,,def,,
Andre Iguodala,Elton Brand,Lou Williams,Samuel Dalembert,Thaddeus Young,Antawn Jamison,Brendan Haywood,Fabricio Oberto,Gilbert Arenas,Nick Young,3,6:20,WAS,shot,,,,,,,,,,Antawn Jamison,,,,missed,,3pt,7,22
Andre Iguodala,Elton Brand,Lou Williams,Samuel Dalembert,Thaddeus Young,Antawn Jamison,Brendan Haywood,Fabricio Oberto,Gilbert Arenas,Nick Young,3,6:20,PHI,rebound,,,,,,,,,,,,,,,,,,
Andre Iguodala,Elton Brand,Lou Williams,Samuel Dalembert,Thaddeus Young,Antawn Jamison,Brendan Haywood,Fabricio Oberto,Gilbert Arenas,Nick Young,3,6:03,PHI,turnover,,,,,,,,,,Elton Brand,,,lost ball,,Antawn Jamison,,,
Andre Iguodala,Elton Brand,Lou Williams,Samuel Dalembert,Thaddeus Young,Antawn Jamison,Brendan Haywood,Fabricio Oberto,Gilbert Arenas,Nick Young,3,5:56,WAS,shot,,,,,,,,,,Nick Young,2,,,made,,driving layup,23,7
Andre Iguodala,Elton Brand,Lou Williams,Samuel Dalembert,Thaddeus Young,Antawn Jamison,Brendan Haywood,Fabricio Oberto,Gilbert Arenas,Nick Young,3,5:33,PHI,turnover,,,,,,,,,,Elton Brand,,,3 second violation,,,,,
Andre Iguodala,Elton Brand,Lou Williams,Samuel Dalembert,Thaddeus Young,Antawn Jamison,Brendan Haywood,Fabricio Oberto,Gilbert Arenas,Nick Young,3,5:28,PHI,foul,,,,,,,,Gilbert Arenas,,Lou Williams,,,,,,personal,,
Andre Iguodala,Elton Brand,Jason Smith,Lou Williams,Thaddeus Young,Antawn Jamison,Brendan Haywood,Fabricio Oberto,Gilbert Arenas,Nick Young,3,5:28,PHI,sub,,,,Jason Smith,,Samuel Dalembert,,,,,,,,,,,,
Andre Iguodala,Elton Brand,Jason Smith,Lou Williams,Thaddeus Young,Antawn Jamison,Brendan Haywood,Fabricio Oberto,Gilbert Arenas,Nick Young,3,5:22,WAS,shot,,,,,,,,,,Nick Young,,,,missed,,jump,23,23
Andre Iguodala,Elton Brand,Jason Smith,Lou Williams,Thaddeus Young,Antawn Jamison,Brendan Haywood,Fabricio Oberto,Gilbert Arenas,Nick Young,3,5:21,WAS,rebound,,,,,,,,,,Brendan Haywood,,,,,,off,,
Andre Iguodala,Elton Brand,Jason Smith,Lou Williams,Thaddeus Young,Antawn Jamison,Brendan Haywood,Fabricio Oberto,Gilbert Arenas,Nick Young,3,5:20,PHI,foul,,,,,,,,Brendan Haywood,,Elton Brand,,,,,,personal,,
Andre Iguodala,Elton Brand,Jason Smith,Lou Williams,Thaddeus Young,Antawn Jamison,Brendan Haywood,Fabricio Oberto,Gilbert Arenas,Nick Young,3,5:12,WAS,shot,Gilbert Arenas,,,,,,,,,Nick Young,2,,,made,,fade away jumper,13,5
Andre Iguodala,Elton Brand,Jason Smith,Lou Williams,Thaddeus Young,Antawn Jamison,Brendan Haywood,Fabricio Oberto,Gilbert Arenas,Nick Young,3,5:01,PHI,shot,,,,,,,,,,Lou Williams,3,,,made,,3pt,43,26
Andre Iguodala,Elton Brand,Jason Smith,Lou Williams,Thaddeus Young,Antawn Jamison,Brendan Haywood,Fabricio Oberto,Gilbert Arenas,Nick Young,3,4:44,WAS,shot,Gilbert Arenas,,,,,,,,,Antawn Jamison,2,,,made,,running jump,11,4
Andre Iguodala,Elton Brand,Jason Smith,Lou Williams,Thaddeus Young,Antawn Jamison,Brendan Haywood,Fabricio Oberto,Gilbert Arenas,Nick Young,3,4:44,PHI,foul,,,,,,,,Antawn Jamison,,Thaddeus Young,,,,,,shooting,,
Andre Iguodala,Elton Brand,Jason Smith,Lou Williams,Thaddeus Young,Antawn Jamison,Brendan Haywood,Fabricio Oberto,Gilbert Arenas,Nick Young,3,4:44,WAS,free throw,,,,,,,1,,1,Antawn Jamison,,,foul,made,,,,
Andre Iguodala,Elton Brand,Jason Smith,Lou Williams,Thaddeus Young,Antawn Jamison,Brendan Haywood,Fabricio Oberto,Gilbert Arenas,Nick Young,3,4:30,PHI,shot,,,,,,,,,,Thaddeus Young,,,,missed,,3pt,45,20
Andre Iguodala,Elton Brand,Jason Smith,Lou Williams,Thaddeus Young,Antawn Jamison,Brendan Haywood,Fabricio Oberto,Gilbert Arenas,Nick Young,3,4:29,PHI,rebound,,,,,,,,,,,,,,,,,,
Andre Iguodala,Elton Brand,Jason Smith,Lou Williams,Thaddeus Young,Antawn Jamison,Brendan Haywood,Fabricio Oberto,Gilbert Arenas,Nick Young,3,4:24,PHI,shot,,,,,,,,,,Andre Iguodala,,,,missed,,jump,7,15
Andre Iguodala,Elton Brand,Jason Smith,Lou Williams,Thaddeus Young,Antawn Jamison,Brendan Haywood,Fabricio Oberto,Gilbert Arenas,Nick Young,3,4:23,WAS,rebound,,,,,,,,,,Antawn Jamison,,,,,,def,,
Andre Iguodala,Elton Brand,Jason Smith,Lou Williams,Thaddeus Young,Antawn Jamison,Brendan Haywood,Fabricio Oberto,Gilbert Arenas,Nick Young,3,4:14,PHI,foul,,,,,,,,Antawn Jamison,,Elton Brand,,,,,,shooting,,
Andre Iguodala,Elton Brand,Jason Smith,Lou Williams,Thaddeus Young,Antawn Jamison,Brendan Haywood,Fabricio Oberto,Gilbert Arenas,Nick Young,3,4:14,WAS,free throw,,,,,,,1,,2,Antawn Jamison,,,foul,made,,,,
Andre Iguodala,Jason Smith,Lou Williams,Samuel Dalembert,Thaddeus Young,Antawn Jamison,Brendan Haywood,Fabricio Oberto,Gilbert Arenas,Nick Young,3,4:14,PHI,sub,,,,Samuel Dalembert,,Elton Brand,,,,,,,,,,,,
Andre Iguodala,Jason Smith,Lou Williams,Samuel Dalembert,Thaddeus Young,Antawn Jamison,Fabricio Oberto,Gilbert Arenas,JaVale McGee,Nick Young,3,4:14,WAS,sub,,,,JaVale McGee,,Brendan Haywood,,,,,,,,,,,,
Andre Iguodala,Jason Smith,Lou Williams,Samuel Dalembert,Thaddeus Young,Antawn Jamison,Fabricio Oberto,Gilbert Arenas,JaVale McGee,Nick Young,3,4:14,WAS,free throw,,,,,,,2,,2,Antawn Jamison,,,foul,made,,,,
Andre Iguodala,Jason Smith,Lou Williams,Samuel Dalembert,Thaddeus Young,Antawn Jamison,Fabricio Oberto,Gilbert Arenas,JaVale McGee,Nick Young,3,3:54,PHI,shot,,,,,,,,,,Samuel Dalembert,,,,missed,,jump,26,10
Andre Iguodala,Jason Smith,Lou Williams,Samuel Dalembert,Thaddeus Young,Antawn Jamison,Fabricio Oberto,Gilbert Arenas,JaVale McGee,Nick Young,3,3:53,WAS,rebound,,,,,,,,,,Nick Young,,,,,,def,,
Andre Iguodala,Jason Smith,Lou Williams,Samuel Dalembert,Thaddeus Young,Antawn Jamison,Fabricio Oberto,Gilbert Arenas,JaVale McGee,Nick Young,3,3:51,WAS,timeout,,,,,,,,,,,,,,,,regular,,
Andre Iguodala,Jason Smith,Lou Williams,Samuel Dalembert,Thaddeus Young,Andray Blatche,Antawn Jamison,Gilbert Arenas,JaVale McGee,Nick Young,3,3:51,WAS,sub,,,,Andray Blatche,,Fabricio Oberto,,,,,,,,,,,,
Andre Iguodala,Jason Smith,Lou Williams,Samuel Dalembert,Thaddeus Young,Andray Blatche,Antawn Jamison,Gilbert Arenas,JaVale McGee,Nick Young,3,3:36,WAS,shot,,,,,,,,,,Andray Blatche,2,,,made,,running jump,21,11
Andre Iguodala,Jason Smith,Lou Williams,Samuel Dalembert,Thaddeus Young,Andray Blatche,Antawn Jamison,Gilbert Arenas,JaVale McGee,Nick Young,3,3:18,PHI,shot,,,JaVale McGee,,,,,,,Samuel Dalembert,,,,missed,,jump,19,7
Andre Iguodala,Jason Smith,Lou Williams,Samuel Dalembert,Thaddeus Young,Andray Blatche,Antawn Jamison,Gilbert Arenas,JaVale McGee,Nick Young,3,3:18,PHI,rebound,,,,,,,,,,,,,,,,,,
Andre Iguodala,Jason Smith,Lou Williams,Samuel Dalembert,Thaddeus Young,Andray Blatche,Antawn Jamison,Gilbert Arenas,JaVale McGee,Nick Young,3,3:11,PHI,shot,,,,,,,,,,Thaddeus Young,,,,missed,,jump,43,5
Andre Iguodala,Jason Smith,Lou Williams,Samuel Dalembert,Thaddeus Young,Andray Blatche,Antawn Jamison,Gilbert Arenas,JaVale McGee,Nick Young,3,3:09,PHI,rebound,,,,,,,,,,Andre Iguodala,,,,,,off,,
Andre Iguodala,Jason Smith,Lou Williams,Samuel Dalembert,Thaddeus Young,Andray Blatche,Antawn Jamison,Gilbert Arenas,JaVale McGee,Nick Young,3,3:04,PHI,shot,,,,,,,,,,Thaddeus Young,2,,,made,,hook,32,8
Andre Iguodala,Jason Smith,Lou Williams,Samuel Dalembert,Thaddeus Young,Andray Blatche,Antawn Jamison,Gilbert Arenas,JaVale McGee,Nick Young,3,2:47,WAS,shot,,,,,,,,,,Gilbert Arenas,,,,missed,,jump,27,26
Andre Iguodala,Jason Smith,Lou Williams,Samuel Dalembert,Thaddeus Young,Andray Blatche,Antawn Jamison,Gilbert Arenas,JaVale McGee,Nick Young,3,2:46,PHI,rebound,,,,,,,,,,Andre Iguodala,,,,,,def,,
Andre Iguodala,Jason Smith,Lou Williams,Samuel Dalembert,Thaddeus Young,Andray Blatche,Antawn Jamison,Gilbert Arenas,JaVale McGee,Nick Young,3,2:40,PHI,shot,,,,,,,,,,Andre Iguodala,,,,missed,,jump,14,19
Andre Iguodala,Jason Smith,Lou Williams,Samuel Dalembert,Thaddeus Young,Andray Blatche,Antawn Jamison,Gilbert Arenas,JaVale McGee,Nick Young,3,2:40,PHI,rebound,,,,,,,,,,,,,,,,,,
Andre Iguodala,Jason Smith,Lou Williams,Samuel Dalembert,Thaddeus Young,Andray Blatche,Antawn Jamison,Gilbert Arenas,JaVale McGee,Nick Young,3,2:40,WAS,foul,,,,,,,,Samuel Dalembert,,JaVale McGee,,,,,,personal,,
Andre Iguodala,Jason Smith,Lou Williams,Samuel Dalembert,Thaddeus Young,Andray Blatche,Antawn Jamison,Gilbert Arenas,JaVale McGee,Nick Young,3,2:40,PHI,free throw,,,,,,,1,,2,Samuel Dalembert,,,foul,missed,,,,
Andre Iguodala,Jason Smith,Lou Williams,Samuel Dalembert,Thaddeus Young,Andray Blatche,Antawn Jamison,Gilbert Arenas,JaVale McGee,Nick Young,3,2:40,PHI,rebound,,,,,,,,,,,,,,,,,,
Andre Iguodala,Jason Smith,Lou Williams,Samuel Dalembert,Thaddeus Young,Andray Blatche,Antawn Jamison,Gilbert Arenas,JaVale McGee,Nick Young,3,2:40,PHI,free throw,,,,,,,2,,2,Samuel Dalembert,,,foul,made,,,,
Andre Iguodala,Jason Smith,Lou Williams,Samuel Dalembert,Thaddeus Young,Andray Blatche,Antawn Jamison,Gilbert Arenas,JaVale McGee,Nick Young,3,2:29,WAS,turnover,,,,,,,,,,Gilbert Arenas,,,bad pass,,,,,
Andre Iguodala,Jason Smith,Lou Williams,Samuel Dalembert,Thaddeus Young,Andray Blatche,Antawn Jamison,Gilbert Arenas,JaVale McGee,Nick Young,3,2:12,PHI,shot,Andre Iguodala,,,,,,,,,Jason Smith,2,,,made,,slam dunk,25,6
Andre Iguodala,Jason Smith,Lou Williams,Samuel Dalembert,Thaddeus Young,Andray Blatche,Antawn Jamison,Gilbert Arenas,JaVale McGee,Nick Young,3,2:05,WAS,shot,Gilbert Arenas,,,,,,,,,Nick Young,2,,,made,,jump,8,16
Andre Iguodala,Jason Smith,Lou Williams,Samuel Dalembert,Thaddeus Young,Andray Blatche,Antawn Jamison,Gilbert Arenas,JaVale McGee,Nick Young,3,1:49,PHI,shot,,,,,,,,,,Lou Williams,2,,,made,,layup,27,8
Andre Iguodala,Jason Smith,Lou Williams,Samuel Dalembert,Thaddeus Young,Andray Blatche,Antawn Jamison,Gilbert Arenas,JaVale McGee,Nick Young,3,1:33,WAS,shot,,,,,,,,,,Antawn Jamison,,,,missed,,layup,26,8
Andre Iguodala,Jason Smith,Lou Williams,Samuel Dalembert,Thaddeus Young,Andray Blatche,Antawn Jamison,Gilbert Arenas,JaVale McGee,Nick Young,3,1:32,WAS,rebound,,,,,,,,,,JaVale McGee,,,,,,off,,
Andre Iguodala,Jason Smith,Lou Williams,Samuel Dalembert,Thaddeus Young,Andray Blatche,Antawn Jamison,Gilbert Arenas,JaVale McGee,Nick Young,3,1:29,WAS,shot,,,,,,,,,,JaVale McGee,,,,missed,,layup,26,9
Andre Iguodala,Jason Smith,Lou Williams,Samuel Dalembert,Thaddeus Young,Andray Blatche,Antawn Jamison,Gilbert Arenas,JaVale McGee,Nick Young,3,1:29,WAS,rebound,,,,,,,,,,Antawn Jamison,,,,,,off,,
Andre Iguodala,Jason Smith,Lou Williams,Samuel Dalembert,Thaddeus Young,Andray Blatche,Antawn Jamison,Gilbert Arenas,JaVale McGee,Nick Young,3,1:27,WAS,shot,,,,,,,,,,Antawn Jamison,2,,,made,,tip,27,7
Andre Iguodala,Jason Smith,Lou Williams,Samuel Dalembert,Thaddeus Young,Andray Blatche,Antawn Jamison,Gilbert Arenas,JaVale McGee,Nick Young,3,1:23,WAS,foul,,,,,,,,Andre Iguodala,,Nick Young,,,,,,shooting,,
Andre Iguodala,Jason Smith,Lou Williams,Samuel Dalembert,Thaddeus Young,Andray Blatche,Antawn Jamison,Earl Boykins,JaVale McGee,Nick Young,3,1:23,WAS,sub,,,,Earl Boykins,,Gilbert Arenas,,,,,,,,,,,,
Andre Iguodala,Jason Smith,Lou Williams,Samuel Dalembert,Thaddeus Young,Andray Blatche,Antawn Jamison,Earl Boykins,JaVale McGee,Nick Young,3,1:23,PHI,free throw,,,,,,,1,,2,Andre Iguodala,,,foul,made,,,,
Andre Iguodala,Jason Smith,Lou Williams,Rodney Carney,Thaddeus Young,Andray Blatche,Antawn Jamison,Earl Boykins,JaVale McGee,Nick Young,3,1:23,PHI,sub,,,,Rodney Carney,,Samuel Dalembert,,,,,,,,,,,,
Andre Iguodala,Jason Smith,Lou Williams,Rodney Carney,Thaddeus Young,Andray Blatche,Antawn Jamison,Earl Boykins,JaVale McGee,Nick Young,3,1:23,PHI,free throw,,,,,,,2,,2,Andre Iguodala,,,foul,made,,,,
Andre Iguodala,Jason Smith,Lou Williams,Rodney Carney,Thaddeus Young,Andray Blatche,Antawn Jamison,Earl Boykins,JaVale McGee,Nick Young,3,1:10,WAS,shot,,,,,,,,,,Antawn Jamison,2,,,made,,running finger roll layup,25,8
Andre Iguodala,Jason Smith,Lou Williams,Rodney Carney,Thaddeus Young,Andray Blatche,Antawn Jamison,Earl Boykins,JaVale McGee,Nick Young,3,1:10,PHI,foul,,,,,,,,Antawn Jamison,,Jason Smith,,,,,,shooting,,
Andre Iguodala,Jason Smith,Lou Williams,Rodney Carney,Thaddeus Young,Andray Blatche,Antawn Jamison,Earl Boykins,JaVale McGee,Nick Young,3,1:10,WAS,free throw,,,,,,,1,,1,Antawn Jamison,,,foul,made,,,,
Andre Iguodala,Jason Smith,Lou Williams,Rodney Carney,Thaddeus Young,Andray Blatche,Antawn Jamison,Earl Boykins,JaVale McGee,Nick Young,3,1:03,PHI,shot,,,JaVale McGee,,,,,,,Lou Williams,,,,missed,,jump,20,7
Andre Iguodala,Jason Smith,Lou Williams,Rodney Carney,Thaddeus Young,Andray Blatche,Antawn Jamison,Earl Boykins,JaVale McGee,Nick Young,3,1:01,WAS,rebound,,,,,,,,,,Earl Boykins,,,,,,def,,
Andre Iguodala,Jason Smith,Lou Williams,Rodney Carney,Thaddeus Young,Andray Blatche,Antawn Jamison,Earl Boykins,JaVale McGee,Nick Young,3,0:55,WAS,shot,,,,,,,,,,Andray Blatche,,,,missed,,layup,27,8
Andre Iguodala,Jason Smith,Lou Williams,Rodney Carney,Thaddeus Young,Andray Blatche,Antawn Jamison,Earl Boykins,JaVale McGee,Nick Young,3,0:55,WAS,rebound,,,,,,,,,,Antawn Jamison,,,,,,off,,
Andre Iguodala,Jason Smith,Lou Williams,Rodney Carney,Thaddeus Young,Andray Blatche,Antawn Jamison,Earl Boykins,JaVale McGee,Nick Young,3,0:55,WAS,shot,,,,,,,,,,Antawn Jamison,2,,,made,,putback layup,24,7
Andre Iguodala,Jason Smith,Lou Williams,Rodney Carney,Thaddeus Young,Andray Blatche,Antawn Jamison,Earl Boykins,JaVale McGee,Nick Young,3,0:44,PHI,shot,,,,,,,,,,Thaddeus Young,2,,,made,,driving jump,17,12
Andre Iguodala,Jason Smith,Lou Williams,Rodney Carney,Thaddeus Young,Andray Blatche,Antawn Jamison,Earl Boykins,JaVale McGee,Nick Young,3,0:44,WAS,foul,,,,,,,,Thaddeus Young,,Andray Blatche,,,,,,shooting,,
Andre Iguodala,Jason Smith,Lou Williams,Rodney Carney,Thaddeus Young,Andray Blatche,Antawn Jamison,Earl Boykins,JaVale McGee,Nick Young,3,0:44,PHI,free throw,,,,,,,1,,1,Thaddeus Young,,,foul,made,,,,
Andre Iguodala,Jason Smith,Lou Williams,Rodney Carney,Thaddeus Young,Andray Blatche,Antawn Jamison,Earl Boykins,JaVale McGee,Nick Young,3,0:43,WAS,turnover,,,,,,,,,,Andray Blatche,,,bad pass,,Thaddeus Young,,,
Andre Iguodala,Jason Smith,Lou Williams,Rodney Carney,Thaddeus Young,Andray Blatche,Antawn Jamison,Earl Boykins,JaVale McGee,Nick Young,3,0:41,PHI,shot,,,,,,,,,,Thaddeus Young,2,,,made,,layup,25,5
Andre Iguodala,Jason Smith,Lou Williams,Rodney Carney,Thaddeus Young,Andray Blatche,Antawn Jamison,Earl Boykins,JaVale McGee,Nick Young,3,0:28,WAS,shot,,,,,,,,,,Earl Boykins,2,,,made,,jump,11,15
Andre Iguodala,Jason Smith,Lou Williams,Rodney Carney,Thaddeus Young,Andray Blatche,Antawn Jamison,Earl Boykins,JaVale McGee,Nick Young,3,0:10,PHI,shot,,,,,,,,,,Jason Smith,,,,missed,,3pt,2,10
Andre Iguodala,Jason Smith,Lou Williams,Rodney Carney,Thaddeus Young,Andray Blatche,Antawn Jamison,Earl Boykins,JaVale McGee,Nick Young,3,0:09,PHI,rebound,,,,,,,,,,Jason Smith,,,,,,off,,
Andre Iguodala,Jason Smith,Lou Williams,Rodney Carney,Thaddeus Young,Andray Blatche,Antawn Jamison,Earl Boykins,JaVale McGee,Nick Young,3,0:09,WAS,foul,,,,,,,,Jason Smith,,Nick Young,,,,,,shooting,,
Andre Iguodala,Jason Smith,Lou Williams,Rodney Carney,Thaddeus Young,Andray Blatche,Antawn Jamison,Earl Boykins,JaVale McGee,Nick Young,3,0:09,PHI,free throw,,,,,,,1,,2,Jason Smith,,,foul,made,,,,
Andre Iguodala,Jason Smith,Lou Williams,Rodney Carney,Thaddeus Young,Andray Blatche,Antawn Jamison,Earl Boykins,JaVale McGee,Randy Foye,3,0:09,WAS,sub,,,,Randy Foye,,Nick Young,,,,,,,,,,,,
Andre Iguodala,Jason Smith,Lou Williams,Rodney Carney,Thaddeus Young,Andray Blatche,Antawn Jamison,Earl Boykins,JaVale McGee,Randy Foye,3,0:09,PHI,free throw,,,,,,,2,,2,Jason Smith,,,foul,made,,,,
Andre Iguodala,Jason Smith,Lou Williams,Rodney Carney,Thaddeus Young,Andray Blatche,Antawn Jamison,Earl Boykins,JaVale McGee,Randy Foye,3,0:01,WAS,shot,,,,,,,,,,Earl Boykins,,,,missed,,jump,43,10
Andre Iguodala,Jason Smith,Lou Williams,Rodney Carney,Thaddeus Young,Andray Blatche,Antawn Jamison,Earl Boykins,JaVale McGee,Randy Foye,3,0:00,WAS,rebound,,,,,,,,,,,,,,,,,,
Andre Iguodala,Jason Smith,Lou Williams,Rodney Carney,Thaddeus Young,Andray Blatche,Antawn Jamison,Earl Boykins,JaVale McGee,Randy Foye,4,11:49,WAS,foul,,,,,,,,Jason Smith,,Antawn Jamison,,,,,,shooting,,
Andre Iguodala,Jason Smith,Lou Williams,Rodney Carney,Thaddeus Young,Andray Blatche,Antawn Jamison,Earl Boykins,JaVale McGee,Randy Foye,4,11:49,PHI,free throw,,,,,,,1,,2,Jason Smith,,,foul,made,,,,
Andre Iguodala,Jason Smith,Lou Williams,Rodney Carney,Thaddeus Young,Andray Blatche,Antawn Jamison,Earl Boykins,JaVale McGee,Randy Foye,4,11:49,PHI,free throw,,,,,,,2,,2,Jason Smith,,,foul,made,,,,
Andre Iguodala,Jason Smith,Lou Williams,Rodney Carney,Thaddeus Young,Andray Blatche,Antawn Jamison,Earl Boykins,JaVale McGee,Randy Foye,4,11:36,WAS,shot,,,,,,,,,,Antawn Jamison,,,,missed,,3pt,18,30
Andre Iguodala,Jason Smith,Lou Williams,Rodney Carney,Thaddeus Young,Andray Blatche,Antawn Jamison,Earl Boykins,JaVale McGee,Randy Foye,4,11:34,PHI,rebound,,,,,,,,,,Andre Iguodala,,,,,,def,,
Andre Iguodala,Jason Smith,Lou Williams,Rodney Carney,Thaddeus Young,Andray Blatche,Antawn Jamison,Earl Boykins,JaVale McGee,Randy Foye,4,11:28,PHI,shot,Andre Iguodala,,,,,,,,,Thaddeus Young,2,,,made,,layup,25,6
Andre Iguodala,Jason Smith,Lou Williams,Rodney Carney,Thaddeus Young,Andray Blatche,Antawn Jamison,Earl Boykins,JaVale McGee,Randy Foye,4,11:06,WAS,shot,,,,,,,,,,Andray Blatche,,,,missed,,layup,27,7
Andre Iguodala,Jason Smith,Lou Williams,Rodney Carney,Thaddeus Young,Andray Blatche,Antawn Jamison,Earl Boykins,JaVale McGee,Randy Foye,4,11:05,WAS,rebound,,,,,,,,,,JaVale McGee,,,,,,off,,
Andre Iguodala,Jason Smith,Lou Williams,Rodney Carney,Thaddeus Young,Andray Blatche,Antawn Jamison,Earl Boykins,JaVale McGee,Randy Foye,4,11:03,WAS,shot,,,,,,,,,,JaVale McGee,,,,missed,,layup,27,6
Andre Iguodala,Jason Smith,Lou Williams,Rodney Carney,Thaddeus Young,Andray Blatche,Antawn Jamison,Earl Boykins,JaVale McGee,Randy Foye,4,11:02,PHI,rebound,,,,,,,,,,Lou Williams,,,,,,def,,
Andre Iguodala,Jason Smith,Lou Williams,Rodney Carney,Thaddeus Young,Andray Blatche,Antawn Jamison,Earl Boykins,JaVale McGee,Randy Foye,4,10:52,PHI,turnover,,,,,,,,,,Lou Williams,,,bad pass,,Earl Boykins,,,
Andre Iguodala,Jason Smith,Lou Williams,Rodney Carney,Thaddeus Young,Andray Blatche,Antawn Jamison,Earl Boykins,JaVale McGee,Randy Foye,4,10:46,WAS,shot,Earl Boykins,,,,,,,,,JaVale McGee,2,,,made,,running slam dunk,25,5
Andre Iguodala,Jason Smith,Lou Williams,Rodney Carney,Thaddeus Young,Andray Blatche,Antawn Jamison,Earl Boykins,JaVale McGee,Randy Foye,4,10:33,PHI,turnover,,,,,,,,,,Rodney Carney,,,traveling,,,,,
Andre Iguodala,Jason Smith,Lou Williams,Rodney Carney,Thaddeus Young,Andray Blatche,Antawn Jamison,Brendan Haywood,Earl Boykins,Randy Foye,4,10:33,WAS,sub,,,,Brendan Haywood,,JaVale McGee,,,,,,,,,,,,
Andre Iguodala,Jason Smith,Lou Williams,Rodney Carney,Thaddeus Young,Andray Blatche,Antawn Jamison,Brendan Haywood,Earl Boykins,Randy Foye,4,10:16,WAS,turnover,,,,,,,,,,Antawn Jamison,,,bad pass,,Jason Smith,,,
Andre Iguodala,Jason Smith,Lou Williams,Rodney Carney,Thaddeus Young,Andray Blatche,Antawn Jamison,Brendan Haywood,Earl Boykins,Randy Foye,4,10:06,PHI,shot,,,,,,,,,,Thaddeus Young,,,,missed,,3pt,2,5
Andre Iguodala,Jason Smith,Lou Williams,Rodney Carney,Thaddeus Young,Andray Blatche,Antawn Jamison,Brendan Haywood,Earl Boykins,Randy Foye,4,10:05,PHI,rebound,,,,,,,,,,Andre Iguodala,,,,,,off,,
Andre Iguodala,Jason Smith,Lou Williams,Rodney Carney,Thaddeus Young,Andray Blatche,Antawn Jamison,Brendan Haywood,Earl Boykins,Randy Foye,4,9:59,PHI,shot,,,,,,,,,,Rodney Carney,,,,missed,,3pt,49,4
Andre Iguodala,Jason Smith,Lou Williams,Rodney Carney,Thaddeus Young,Andray Blatche,Antawn Jamison,Brendan Haywood,Earl Boykins,Randy Foye,4,9:57,WAS,rebound,,,,,,,,,,Earl Boykins,,,,,,def,,
Andre Iguodala,Jason Smith,Lou Williams,Rodney Carney,Thaddeus Young,Andray Blatche,Antawn Jamison,Brendan Haywood,Earl Boykins,Randy Foye,4,9:48,WAS,shot,Earl Boykins,,,,,,,,,Randy Foye,3,,,made,,3pt,1,5
Andre Iguodala,Jason Smith,Lou Williams,Rodney Carney,Thaddeus Young,Andray Blatche,Antawn Jamison,Brendan Haywood,Earl Boykins,Randy Foye,4,9:40,PHI,timeout,,,,,,,,,,,,,,,,regular,,
Andre Iguodala,Jason Smith,Jrue Holiday,Rodney Carney,Thaddeus Young,Andray Blatche,Antawn Jamison,Brendan Haywood,Earl Boykins,Randy Foye,4,9:40,PHI,sub,,,,Jrue Holiday,,Lou Williams,,,,,,,,,,,,
Jason Smith,Jrue Holiday,Rodney Carney,Thaddeus Young,Willie Green,Andray Blatche,Antawn Jamison,Brendan Haywood,Earl Boykins,Randy Foye,4,9:40,PHI,sub,,,,Willie Green,,Andre Iguodala,,,,,,,,,,,,
Jason Smith,Jrue Holiday,Rodney Carney,Thaddeus Young,Willie Green,Andray Blatche,Antawn Jamison,Brendan Haywood,Earl Boykins,Randy Foye,4,9:32,PHI,turnover,,,,,,,,,,Willie Green,,,lost ball,,Earl Boykins,,,
Jason Smith,Jrue Holiday,Rodney Carney,Thaddeus Young,Willie Green,Andray Blatche,Antawn Jamison,Brendan Haywood,Earl Boykins,Randy Foye,4,9:26,WAS,shot,,,,,,,,,,Andray Blatche,2,,,made,,driving layup,25,6
Jason Smith,Jrue Holiday,Rodney Carney,Thaddeus Young,Willie Green,Andray Blatche,Antawn Jamison,Brendan Haywood,Earl Boykins,Randy Foye,4,9:16,PHI,shot,,,,,,,,,,Jrue Holiday,,,,missed,,3pt,36,30
Jason Smith,Jrue Holiday,Rodney Carney,Thaddeus Young,Willie Green,Andray Blatche,Antawn Jamison,Brendan Haywood,Earl Boykins,Randy Foye,4,9:13,PHI,rebound,,,,,,,,,,Jrue Holiday,,,,,,off,,
Jason Smith,Jrue Holiday,Rodney Carney,Thaddeus Young,Willie Green,Andray Blatche,Antawn Jamison,Brendan Haywood,Earl Boykins,Randy Foye,4,9:13,PHI,shot,Willie Green,,,,,,,,,Jrue Holiday,3,,,made,,3pt,11,30
Jason Smith,Jrue Holiday,Rodney Carney,Thaddeus Young,Willie Green,Andray Blatche,Antawn Jamison,Brendan Haywood,Earl Boykins,Randy Foye,4,8:58,WAS,shot,,,,,,,,,,Earl Boykins,2,,,made,,jump,27,16
Jason Smith,Jrue Holiday,Rodney Carney,Thaddeus Young,Willie Green,Andray Blatche,Antawn Jamison,Brendan Haywood,Earl Boykins,Randy Foye,4,8:51,PHI,shot,,,,,,,,,,Willie Green,,,,missed,,jump,16,8
Jason Smith,Jrue Holiday,Rodney Carney,Thaddeus Young,Willie Green,Andray Blatche,Antawn Jamison,Brendan Haywood,Earl Boykins,Randy Foye,4,8:49,WAS,rebound,,,,,,,,,,Antawn Jamison,,,,,,def,,
Jason Smith,Jrue Holiday,Rodney Carney,Thaddeus Young,Willie Green,Andray Blatche,Antawn Jamison,Brendan Haywood,Earl Boykins,Randy Foye,4,8:36,PHI,foul,,,,,,,,Antawn Jamison,,Rodney Carney,,,,,,personal,,
Jason Smith,Jrue Holiday,Rodney Carney,Thaddeus Young,Willie Green,Andray Blatche,Brendan Haywood,Earl Boykins,Gilbert Arenas,Randy Foye,4,8:36,WAS,sub,,,,Gilbert Arenas,,Antawn Jamison,,,,,,,,,,,,
Jason Smith,Jrue Holiday,Rodney Carney,Thaddeus Young,Willie Green,Andray Blatche,Brendan Haywood,Earl Boykins,Gilbert Arenas,Randy Foye,4,8:29,WAS,shot,,,,,,,,,,Andray Blatche,,,,missed,,jump,41,18
Jason Smith,Jrue Holiday,Rodney Carney,Thaddeus Young,Willie Green,Andray Blatche,Brendan Haywood,Earl Boykins,Gilbert Arenas,Randy Foye,4,8:28,WAS,rebound,,,,,,,,,,,,,,,,,,
Jason Smith,Jrue Holiday,Rodney Carney,Thaddeus Young,Willie Green,Andray Blatche,Brendan Haywood,Earl Boykins,Gilbert Arenas,Randy Foye,4,8:11,WAS,shot,,,,,,,,,,Andray Blatche,,,,missed,,jump,25,20
Jason Smith,Jrue Holiday,Rodney Carney,Thaddeus Young,Willie Green,Andray Blatche,Brendan Haywood,Earl Boykins,Gilbert Arenas,Randy Foye,4,8:08,WAS,rebound,,,,,,,,,,Brendan Haywood,,,,,,off,,
Jason Smith,Jrue Holiday,Rodney Carney,Thaddeus Young,Willie Green,Andray Blatche,Brendan Haywood,Earl Boykins,Gilbert Arenas,Randy Foye,4,8:06,WAS,shot,,,,,,,,,,Brendan Haywood,2,,,made,,tip,24,6
Jason Smith,Jrue Holiday,Rodney Carney,Thaddeus Young,Willie Green,Andray Blatche,Brendan Haywood,Earl Boykins,Gilbert Arenas,Randy Foye,4,8:03,PHI,turnover,,,,,,,,,,Thaddeus Young,,,lost ball,,Andray Blatche,,,
Jason Smith,Jrue Holiday,Rodney Carney,Thaddeus Young,Willie Green,Andray Blatche,Brendan Haywood,Earl Boykins,Gilbert Arenas,Randy Foye,4,7:58,WAS,turnover,,,,,,,,,,Earl Boykins,,,bad pass,,Rodney Carney,,,
Jason Smith,Jrue Holiday,Rodney Carney,Thaddeus Young,Willie Green,Andray Blatche,Brendan Haywood,Earl Boykins,Gilbert Arenas,Randy Foye,4,7:54,PHI,turnover,,,,,,,,,,Jason Smith,,,bad pass,,,,,
Jason Smith,Jrue Holiday,Rodney Carney,Thaddeus Young,Willie Green,Andray Blatche,Brendan Haywood,Earl Boykins,Gilbert Arenas,Randy Foye,4,7:34,WAS,shot,,,,,,,,,,Randy Foye,,,,missed,,3pt,49,5
Jason Smith,Jrue Holiday,Rodney Carney,Thaddeus Young,Willie Green,Andray Blatche,Brendan Haywood,Earl Boykins,Gilbert Arenas,Randy Foye,4,7:33,PHI,rebound,,,,,,,,,,Rodney Carney,,,,,,def,,
Jason Smith,Jrue Holiday,Rodney Carney,Thaddeus Young,Willie Green,Andray Blatche,Brendan Haywood,Earl Boykins,Gilbert Arenas,Randy Foye,4,7:14,PHI,shot,Willie Green,,,,,,,,,Jrue Holiday,3,,,made,,3pt,46,21
Jason Smith,Jrue Holiday,Rodney Carney,Thaddeus Young,Willie Green,Andray Blatche,Brendan Haywood,Earl Boykins,Gilbert Arenas,Randy Foye,4,7:03,WAS,shot,,,Jason Smith,,,,,,,Randy Foye,,,,missed,,jump,17,6
Jason Smith,Jrue Holiday,Rodney Carney,Thaddeus Young,Willie Green,Andray Blatche,Brendan Haywood,Earl Boykins,Gilbert Arenas,Randy Foye,4,7:03,WAS,rebound,,,,,,,,,,,,,,,,,,
Jason Smith,Jrue Holiday,Rodney Carney,Thaddeus Young,Willie Green,Andray Blatche,Brendan Haywood,Earl Boykins,Gilbert Arenas,Randy Foye,4,6:59,WAS,shot,,,,,,,,,,Earl Boykins,,,,missed,,jump,6,5
Jason Smith,Jrue Holiday,Rodney Carney,Thaddeus Young,Willie Green,Andray Blatche,Brendan Haywood,Earl Boykins,Gilbert Arenas,Randy Foye,4,6:58,PHI,rebound,,,,,,,,,,Jrue Holiday,,,,,,def,,
Jason Smith,Jrue Holiday,Rodney Carney,Thaddeus Young,Willie Green,Andray Blatche,Brendan Haywood,Earl Boykins,Gilbert Arenas,Randy Foye,4,6:49,PHI,shot,Jrue Holiday,,,,,,,,,Jason Smith,2,,,made,,layup,26,6
Jason Smith,Jrue Holiday,Rodney Carney,Thaddeus Young,Willie Green,Andray Blatche,Brendan Haywood,Earl Boykins,Gilbert Arenas,Randy Foye,4,6:48,WAS,timeout,,,,,,,,,,,,,,,,regular,,
Jason Smith,Jrue Holiday,Rodney Carney,Thaddeus Young,Willie Green,Antawn Jamison,Brendan Haywood,Earl Boykins,Gilbert Arenas,Randy Foye,4,6:48,WAS,sub,,,,Antawn Jamison,,Andray Blatche,,,,,,,,,,,,
Jason Smith,Jrue Holiday,Rodney Carney,Thaddeus Young,Willie Green,Antawn Jamison,Brendan Haywood,Earl Boykins,Gilbert Arenas,Randy Foye,4,6:34,WAS,shot,Earl Boykins,,,,,,,,,Gilbert Arenas,2,,,made,,jump,24,26
Jason Smith,Jrue Holiday,Rodney Carney,Thaddeus Young,Willie Green,Antawn Jamison,Brendan Haywood,Earl Boykins,Gilbert Arenas,Randy Foye,4,6:22,PHI,shot,,,Randy Foye,,,,,,,Rodney Carney,,,,missed,,jump,19,9
Jason Smith,Jrue Holiday,Rodney Carney,Thaddeus Young,Willie Green,Antawn Jamison,Brendan Haywood,Earl Boykins,Gilbert Arenas,Randy Foye,4,6:19,PHI,rebound,,,,,,,,,,Jrue Holiday,,,,,,off,,
Jason Smith,Jrue Holiday,Rodney Carney,Thaddeus Young,Willie Green,Antawn Jamison,Brendan Haywood,Earl Boykins,Gilbert Arenas,Randy Foye,4,6:08,PHI,turnover,,,,,,,,,,,,,shot clock turnover,,,,,
Jason Smith,Jrue Holiday,Rodney Carney,Thaddeus Young,Willie Green,Antawn Jamison,Brendan Haywood,Earl Boykins,Gilbert Arenas,Randy Foye,4,5:58,WAS,shot,,,,,,,,,,Earl Boykins,,,,missed,,jump,15,19
Jason Smith,Jrue Holiday,Rodney Carney,Thaddeus Young,Willie Green,Antawn Jamison,Brendan Haywood,Earl Boykins,Gilbert Arenas,Randy Foye,4,5:57,WAS,rebound,,,,,,,,,,Antawn Jamison,,,,,,off,,
Jason Smith,Jrue Holiday,Samuel Dalembert,Thaddeus Young,Willie Green,Antawn Jamison,Brendan Haywood,Earl Boykins,Gilbert Arenas,Randy Foye,4,5:56,PHI,sub,,,,Samuel Dalembert,,Rodney Carney,,,,,,,,,,,,
Jason Smith,Jrue Holiday,Samuel Dalembert,Thaddeus Young,Willie Green,Antawn Jamison,Brendan Haywood,Earl Boykins,Gilbert Arenas,Randy Foye,4,5:51,WAS,shot,,,,,,,,,,Randy Foye,,,,missed,,3pt,6,20
Jason Smith,Jrue Holiday,Samuel Dalembert,Thaddeus Young,Willie Green,Antawn Jamison,Brendan Haywood,Earl Boykins,Gilbert Arenas,Randy Foye,4,5:50,PHI,rebound,,,,,,,,,,Jrue Holiday,,,,,,def,,
Jason Smith,Jrue Holiday,Samuel Dalembert,Thaddeus Young,Willie Green,Antawn Jamison,Brendan Haywood,Earl Boykins,Gilbert Arenas,Randy Foye,4,5:39,PHI,shot,,,,,,,,,,Willie Green,,,,missed,,jump,30,14
Jason Smith,Jrue Holiday,Samuel Dalembert,Thaddeus Young,Willie Green,Antawn Jamison,Brendan Haywood,Earl Boykins,Gilbert Arenas,Randy Foye,4,5:38,PHI,rebound,,,,,,,,,,Samuel Dalembert,,,,,,off,,
Jason Smith,Jrue Holiday,Samuel Dalembert,Thaddeus Young,Willie Green,Antawn Jamison,Brendan Haywood,Earl Boykins,Gilbert Arenas,Randy Foye,4,5:35,PHI,shot,,,,,,,,,,Samuel Dalembert,2,,,made,,jump,21,6
Jason Smith,Jrue Holiday,Samuel Dalembert,Thaddeus Young,Willie Green,Antawn Jamison,Brendan Haywood,Earl Boykins,Gilbert Arenas,Randy Foye,4,5:31,WAS,turnover,,,,,,,,,,Gilbert Arenas,,,bad pass,,Jrue Holiday,,,
Jason Smith,Jrue Holiday,Samuel Dalembert,Thaddeus Young,Willie Green,Antawn Jamison,Brendan Haywood,Earl Boykins,Gilbert Arenas,Randy Foye,4,5:25,PHI,shot,,,,,,,,,,Jrue Holiday,3,,,made,,3pt,45,20
Jason Smith,Jrue Holiday,Samuel Dalembert,Thaddeus Young,Willie Green,Antawn Jamison,Brendan Haywood,Earl Boykins,Gilbert Arenas,Randy Foye,4,5:03,WAS,shot,,,Jason Smith,,,,,,,Randy Foye,,,,missed,,jump,30,9
Jason Smith,Jrue Holiday,Samuel Dalembert,Thaddeus Young,Willie Green,Antawn Jamison,Brendan Haywood,Earl Boykins,Gilbert Arenas,Randy Foye,4,5:01,WAS,rebound,,,,,,,,,,Randy Foye,,,,,,off,,
Jason Smith,Jrue Holiday,Samuel Dalembert,Thaddeus Young,Willie Green,Antawn Jamison,Brendan Haywood,Earl Boykins,Gilbert Arenas,Randy Foye,4,4:59,WAS,timeout,,,,,,,,,,,,,,,,short,,
Jason Smith,Jrue Holiday,Lou Williams,Samuel Dalembert,Thaddeus Young,Antawn Jamison,Brendan Haywood,Earl Boykins,Gilbert Arenas,Randy Foye,4,4:59,PHI,sub,,,,Lou Williams,,Willie Green,,,,,,,,,,,,
Jason Smith,Jrue Holiday,Lou Williams,Samuel Dalembert,Thaddeus Young,Antawn Jamison,Brendan Haywood,Earl Boykins,Gilbert Arenas,Randy Foye,4,4:56,WAS,shot,,,,,,,,,,Gilbert Arenas,,,,missed,,3pt,47,20
Jason Smith,Jrue Holiday,Lou Williams,Samuel Dalembert,Thaddeus Young,Antawn Jamison,Brendan Haywood,Earl Boykins,Gilbert Arenas,Randy Foye,4,4:54,WAS,rebound,,,,,,,,,,Brendan Haywood,,,,,,off,,
Jason Smith,Jrue Holiday,Lou Williams,Samuel Dalembert,Thaddeus Young,Antawn Jamison,Brendan Haywood,Earl Boykins,Gilbert Arenas,Randy Foye,4,4:32,WAS,turnover,,,,,,,,,,Gilbert Arenas,,,lost ball,,Jrue Holiday,,,
Jason Smith,Jrue Holiday,Lou Williams,Samuel Dalembert,Thaddeus Young,Antawn Jamison,Brendan Haywood,Earl Boykins,Gilbert Arenas,Randy Foye,4,4:26,PHI,shot,,,,,,,,,,Lou Williams,,,,missed,,layup,28,6
Jason Smith,Jrue Holiday,Lou Williams,Samuel Dalembert,Thaddeus Young,Antawn Jamison,Brendan Haywood,Earl Boykins,Gilbert Arenas,Randy Foye,4,4:23,PHI,rebound,,,,,,,,,,Jrue Holiday,,,,,,off,,
Jason Smith,Jrue Holiday,Lou Williams,Samuel Dalembert,Thaddeus Young,Antawn Jamison,Brendan Haywood,Earl Boykins,Gilbert Arenas,Randy Foye,4,4:20,PHI,shot,,,,,,,,,,Jrue Holiday,2,,,made,,tip,24,7
Jason Smith,Jrue Holiday,Lou Williams,Samuel Dalembert,Thaddeus Young,Antawn Jamison,Brendan Haywood,Earl Boykins,Gilbert Arenas,Randy Foye,4,4:05,WAS,shot,,,,,,,,,,Antawn Jamison,,,,missed,,jump,26,11
Jason Smith,Jrue Holiday,Lou Williams,Samuel Dalembert,Thaddeus Young,Antawn Jamison,Brendan Haywood,Earl Boykins,Gilbert Arenas,Randy Foye,4,4:04,WAS,rebound,,,,,,,,,,Antawn Jamison,,,,,,off,,
Jason Smith,Jrue Holiday,Lou Williams,Samuel Dalembert,Thaddeus Young,Antawn Jamison,Brendan Haywood,Earl Boykins,Gilbert Arenas,Randy Foye,4,4:02,WAS,shot,,,,,,,,,,Antawn Jamison,2,,,made,,putback layup,26,6
Jason Smith,Jrue Holiday,Lou Williams,Samuel Dalembert,Thaddeus Young,Antawn Jamison,Brendan Haywood,Earl Boykins,Gilbert Arenas,Randy Foye,4,3:43,PHI,shot,,,,,,,,,,Jason Smith,,,,missed,,jump,17,17
Jason Smith,Jrue Holiday,Lou Williams,Samuel Dalembert,Thaddeus Young,Antawn Jamison,Brendan Haywood,Earl Boykins,Gilbert Arenas,Randy Foye,4,3:42,WAS,rebound,,,,,,,,,,,,,,,,,,
Jason Smith,Jrue Holiday,Lou Williams,Samuel Dalembert,Thaddeus Young,Andray Blatche,Antawn Jamison,Brendan Haywood,Gilbert Arenas,Randy Foye,4,3:42,WAS,sub,,,,Andray Blatche,,Earl Boykins,,,,,,,,,,,,
Jason Smith,Jrue Holiday,Lou Williams,Samuel Dalembert,Thaddeus Young,Andray Blatche,Antawn Jamison,Brendan Haywood,Gilbert Arenas,Randy Foye,4,3:30,WAS,shot,,,Jrue Holiday,,,,,,,Antawn Jamison,,,,missed,,jump,19,12
Jason Smith,Jrue Holiday,Lou Williams,Samuel Dalembert,Thaddeus Young,Andray Blatche,Antawn Jamison,Brendan Haywood,Gilbert Arenas,Randy Foye,4,3:28,PHI,rebound,,,,,,,,,,Thaddeus Young,,,,,,def,,
Jason Smith,Jrue Holiday,Lou Williams,Samuel Dalembert,Thaddeus Young,Andray Blatche,Antawn Jamison,Brendan Haywood,Gilbert Arenas,Randy Foye,4,3:22,PHI,shot,,,,,,,,,,Lou Williams,,,,missed,,3pt,2,4
Jason Smith,Jrue Holiday,Lou Williams,Samuel Dalembert,Thaddeus Young,Andray Blatche,Antawn Jamison,Brendan Haywood,Gilbert Arenas,Randy Foye,4,3:22,PHI,rebound,,,,,,,,,,Jrue Holiday,,,,,,off,,
Jason Smith,Jrue Holiday,Lou Williams,Samuel Dalembert,Thaddeus Young,Andray Blatche,Antawn Jamison,Brendan Haywood,Gilbert Arenas,Randy Foye,4,3:19,PHI,shot,,,,,,,,,,Jrue Holiday,,,,missed,,3pt,49,10
Jason Smith,Jrue Holiday,Lou Williams,Samuel Dalembert,Thaddeus Young,Andray Blatche,Antawn Jamison,Brendan Haywood,Gilbert Arenas,Randy Foye,4,3:18,PHI,rebound,,,,,,,,,,Samuel Dalembert,,,,,,off,,
Jason Smith,Jrue Holiday,Lou Williams,Samuel Dalembert,Thaddeus Young,Andray Blatche,Antawn Jamison,Brendan Haywood,Gilbert Arenas,Randy Foye,4,3:13,PHI,shot,Samuel Dalembert,,,,,,,,,Lou Williams,3,,,made,,3pt,2,7
Jason Smith,Jrue Holiday,Lou Williams,Samuel Dalembert,Thaddeus Young,Andray Blatche,Antawn Jamison,Brendan Haywood,Gilbert Arenas,Randy Foye,4,2:57,PHI,foul,,,,,,,,Gilbert Arenas,,Samuel Dalembert,,,,,,shooting,,
Jason Smith,Jrue Holiday,Lou Williams,Samuel Dalembert,Thaddeus Young,Andray Blatche,Antawn Jamison,Brendan Haywood,Gilbert Arenas,Randy Foye,4,2:57,WAS,timeout,,,,,,,,,,,,,,,,official,,
Jason Smith,Jrue Holiday,Lou Williams,Samuel Dalembert,Thaddeus Young,Andray Blatche,Antawn Jamison,Brendan Haywood,Gilbert Arenas,Nick Young,4,2:57,WAS,sub,,,,Nick Young,,Randy Foye,,,,,,,,,,,,
Jason Smith,Jrue Holiday,Lou Williams,Samuel Dalembert,Thaddeus Young,Andray Blatche,Antawn Jamison,Brendan Haywood,Gilbert Arenas,Nick Young,4,2:57,WAS,free throw,,,,,,,1,,2,Gilbert Arenas,,,foul,made,,,,
Jason Smith,Jrue Holiday,Lou Williams,Samuel Dalembert,Thaddeus Young,Andray Blatche,Antawn Jamison,Brendan Haywood,Gilbert Arenas,Nick Young,4,2:57,WAS,free throw,,,,,,,2,,2,Gilbert Arenas,,,foul,made,,,,
Jason Smith,Jrue Holiday,Lou Williams,Samuel Dalembert,Thaddeus Young,Andray Blatche,Antawn Jamison,Brendan Haywood,Gilbert Arenas,Nick Young,4,2:43,PHI,shot,,,Andray Blatche,,,,,,,Jason Smith,,,,missed,,3pt,2,10
Jason Smith,Jrue Holiday,Lou Williams,Samuel Dalembert,Thaddeus Young,Andray Blatche,Antawn Jamison,Brendan Haywood,Gilbert Arenas,Nick Young,4,2:41,WAS,rebound,,,,,,,,,,Antawn Jamison,,,,,,def,,
Jason Smith,Jrue Holiday,Lou Williams,Samuel Dalembert,Thaddeus Young,Andray Blatche,Antawn Jamison,Brendan Haywood,Gilbert Arenas,Nick Young,4,2:20,WAS,shot,,,,,,,,,,Nick Young,,,,missed,,jump,40,3
Jason Smith,Jrue Holiday,Lou Williams,Samuel Dalembert,Thaddeus Young,Andray Blatche,Antawn Jamison,Brendan Haywood,Gilbert Arenas,Nick Young,4,2:19,PHI,rebound,,,,,,,,,,Lou Williams,,,,,,def,,
Jason Smith,Jrue Holiday,Lou Williams,Samuel Dalembert,Thaddeus Young,Andray Blatche,Antawn Jamison,Brendan Haywood,Gilbert Arenas,Nick Young,4,2:16,WAS,foul,,,,,,,,Lou Williams,,Antawn Jamison,,,,,,shooting,,
Jason Smith,Jrue Holiday,Lou Williams,Samuel Dalembert,Thaddeus Young,Andray Blatche,Antawn Jamison,Brendan Haywood,Gilbert Arenas,Nick Young,4,2:16,PHI,free throw,,,,,,,1,,2,Lou Williams,,,foul,made,,,,
Jason Smith,Jrue Holiday,Lou Williams,Samuel Dalembert,Thaddeus Young,Andray Blatche,Antawn Jamison,Brendan Haywood,Gilbert Arenas,Nick Young,4,2:16,PHI,free throw,,,,,,,2,,2,Lou Williams,,,foul,made,,,,
Jason Smith,Jrue Holiday,Lou Williams,Samuel Dalembert,Thaddeus Young,Andray Blatche,Antawn Jamison,Brendan Haywood,Gilbert Arenas,Nick Young,4,2:00,WAS,shot,Gilbert Arenas,,,,,,,,,Andray Blatche,2,,,made,,running bank,24,12
Jason Smith,Jrue Holiday,Lou Williams,Samuel Dalembert,Thaddeus Young,Andray Blatche,Antawn Jamison,Brendan Haywood,Gilbert Arenas,Nick Young,4,1:35,PHI,shot,Jason Smith,,,,,,,,,Thaddeus Young,3,,,made,,3pt,24,32
Jason Smith,Jrue Holiday,Lou Williams,Samuel Dalembert,Thaddeus Young,Andray Blatche,Antawn Jamison,Brendan Haywood,Gilbert Arenas,Nick Young,4,1:18,WAS,shot,,,,,,,,,,Gilbert Arenas,,,,missed,,layup,26,8
Jason Smith,Jrue Holiday,Lou Williams,Samuel Dalembert,Thaddeus Young,Andray Blatche,Antawn Jamison,Brendan Haywood,Gilbert Arenas,Nick Young,4,1:18,WAS,rebound,,,,,,,,,,Brendan Haywood,,,,,,off,,
Jason Smith,Jrue Holiday,Lou Williams,Samuel Dalembert,Thaddeus Young,Andray Blatche,Antawn Jamison,Brendan Haywood,Gilbert Arenas,Nick Young,4,1:17,WAS,shot,,,,,,,,,,Brendan Haywood,2,,,made,,dunk,24,6
Jason Smith,Jrue Holiday,Lou Williams,Samuel Dalembert,Thaddeus Young,Andray Blatche,Antawn Jamison,Brendan Haywood,Gilbert Arenas,Nick Young,4,1:08,PHI,shot,,,,,,,,,,Lou Williams,3,,,made,,3pt,3,18
Jason Smith,Jrue Holiday,Lou Williams,Samuel Dalembert,Thaddeus Young,Andray Blatche,Antawn Jamison,Brendan Haywood,Gilbert Arenas,Nick Young,4,0:52,WAS,shot,,,,,,,,,,Gilbert Arenas,2,,,made,,running layup,24,7
Jason Smith,Jrue Holiday,Lou Williams,Samuel Dalembert,Thaddeus Young,Andray Blatche,Antawn Jamison,Brendan Haywood,Gilbert Arenas,Nick Young,4,0:40,PHI,shot,,,,,,,,,,Lou Williams,2,,,made,,driving layup,28,6
Jason Smith,Jrue Holiday,Lou Williams,Samuel Dalembert,Thaddeus Young,Andray Blatche,Antawn Jamison,Brendan Haywood,Gilbert Arenas,Nick Young,4,0:27,WAS,turnover,,,,,,,,,,Gilbert Arenas,,,bad pass,,,,,
Jason Smith,Jrue Holiday,Lou Williams,Samuel Dalembert,Thaddeus Young,Andray Blatche,Antawn Jamison,Brendan Haywood,Gilbert Arenas,Nick Young,4,0:27,PHI,timeout,,,,,,,,,,,,,,,,regular,,
Andre Iguodala,Jason Smith,Jrue Holiday,Lou Williams,Thaddeus Young,Andray Blatche,Antawn Jamison,Brendan Haywood,Gilbert Arenas,Nick Young,4,0:27,PHI,sub,,,,Andre Iguodala,,Samuel Dalembert,,,,,,,,,,,,
Andre Iguodala,Jason Smith,Jrue Holiday,Lou Williams,Thaddeus Young,Antawn Jamison,Brendan Haywood,DeShawn Stevenson,Gilbert Arenas,Nick Young,4,0:27,WAS,sub,,,,DeShawn Stevenson,,Andray Blatche,,,,,,,,,,,,
Andre Iguodala,Jason Smith,Jrue Holiday,Lou Williams,Thaddeus Young,Antawn Jamison,Brendan Haywood,DeShawn Stevenson,Gilbert Arenas,Nick Young,4,0:11,WAS,foul,,,,,,,,Lou Williams,,Brendan Haywood,,,,,,personal,,
Andre Iguodala,Jason Smith,Jrue Holiday,Lou Williams,Thaddeus Young,Antawn Jamison,Brendan Haywood,DeShawn Stevenson,Gilbert Arenas,Nick Young,4,0:01,PHI,shot,,,,,,,,,,Lou Williams,,,,missed,,jump,9,19
Andre Iguodala,Jason Smith,Jrue Holiday,Lou Williams,Thaddeus Young,Antawn Jamison,Brendan Haywood,DeShawn Stevenson,Gilbert Arenas,Nick Young,4,0:00,WAS,rebound,,,,,,,,,,,,,,,,,,
