a1,a2,a3,a4,a5,h1,h2,h3,h4,h5,period,time,team,etype,assist,away,block,entered,home,left,num,opponent,outof,player,points,possession,reason,result,steal,type,x,y
Al Thornton,Baron Davis,Chris Kaman,Eric Gordon,Marcus Camby,DeJuan Blair,Keith Bogans,Richard Jefferson,Tim Duncan,Tony Parker,1,12:00,OFF,jump ball,,Marcus Camby,,,Tim Duncan,,,,,,,Chris Kaman,,,,,,
Al Thornton,Baron Davis,Chris Kaman,Eric Gordon,Marcus Camby,DeJuan Blair,Keith Bogans,Richard Jefferson,Tim Duncan,Tony Parker,1,11:43,LAC,shot,,,,,,,,,,Chris Kaman,,,,missed,,turnaround hook,28,8
Al Thornton,Baron Davis,Chris Kaman,Eric Gordon,Marcus Camby,DeJuan Blair,Keith Bogans,Richard Jefferson,Tim Duncan,Tony Parker,1,11:42,SAS,rebound,,,,,,,,,,Richard Jefferson,,,,,,def,,
Al Thornton,Baron Davis,Chris Kaman,Eric Gordon,Marcus Camby,DeJuan Blair,Keith Bogans,Richard Jefferson,Tim Duncan,Tony Parker,1,11:25,SAS,shot,Tim Duncan,,,,,,,,,DeJuan Blair,2,,,made,,alley oop layup,26,6
Al Thornton,Baron Davis,Chris Kaman,Eric Gordon,Marcus Camby,DeJuan Blair,Keith Bogans,Richard Jefferson,Tim Duncan,Tony Parker,1,11:09,LAC,shot,Marcus Camby,,,,,,,,,Chris Kaman,2,,,made,,jump,9,17
Al Thornton,Baron Davis,Chris Kaman,Eric Gordon,Marcus Camby,DeJuan Blair,Keith Bogans,Richard Jefferson,Tim Duncan,Tony Parker,1,10:42,SAS,shot,,,,,,,,,,Tim Duncan,2,,,made,,running jump,33,7
Al Thornton,Baron Davis,Chris Kaman,Eric Gordon,Marcus Camby,DeJuan Blair,Keith Bogans,Richard Jefferson,Tim Duncan,Tony Parker,1,10:23,LAC,shot,,,,,,,,,,Chris Kaman,2,,,made,,layup,26,6
Al Thornton,Baron Davis,Chris Kaman,Eric Gordon,Marcus Camby,DeJuan Blair,Keith Bogans,Richard Jefferson,Tim Duncan,Tony Parker,1,10:05,SAS,shot,Richard Jefferson,,,,,,,,,DeJuan Blair,2,,,made,,dunk,27,8
Al Thornton,Baron Davis,Chris Kaman,Eric Gordon,Marcus Camby,DeJuan Blair,Keith Bogans,Richard Jefferson,Tim Duncan,Tony Parker,1,9:56,SAS,foul,,,,,,,,Al Thornton,,Richard Jefferson,,,,,,personal,,
Al Thornton,Baron Davis,Chris Kaman,Eric Gordon,Marcus Camby,DeJuan Blair,Keith Bogans,Richard Jefferson,Tim Duncan,Tony Parker,1,9:44,LAC,shot,Al Thornton,,,,,,,,,Eric Gordon,3,,,made,,3pt,41,25
Al Thornton,Baron Davis,Chris Kaman,Eric Gordon,Marcus Camby,DeJuan Blair,Keith Bogans,Richard Jefferson,Tim Duncan,Tony Parker,1,9:28,SAS,shot,,,,,,,,,,Tim Duncan,2,,,made,,step back jump,26,14
Al Thornton,Baron Davis,Chris Kaman,Eric Gordon,Marcus Camby,DeJuan Blair,Keith Bogans,Richard Jefferson,Tim Duncan,Tony Parker,1,9:16,LAC,shot,,,,,,,,,,Baron Davis,,,,missed,,jump,39,14
Al Thornton,Baron Davis,Chris Kaman,Eric Gordon,Marcus Camby,DeJuan Blair,Keith Bogans,Richard Jefferson,Tim Duncan,Tony Parker,1,9:15,SAS,rebound,,,,,,,,,,DeJuan Blair,,,,,,def,,
Al Thornton,Baron Davis,Chris Kaman,Eric Gordon,Marcus Camby,DeJuan Blair,Keith Bogans,Richard Jefferson,Tim Duncan,Tony Parker,1,9:06,SAS,shot,,,,,,,,,,Tony Parker,2,,,made,,pullup jump,34,13
Al Thornton,Baron Davis,Chris Kaman,Eric Gordon,Marcus Camby,DeJuan Blair,Keith Bogans,Richard Jefferson,Tim Duncan,Tony Parker,1,8:50,LAC,shot,,,,,,,,,,Baron Davis,2,,,made,,layup,25,6
Al Thornton,Baron Davis,Chris Kaman,Eric Gordon,Marcus Camby,DeJuan Blair,Keith Bogans,Richard Jefferson,Tim Duncan,Tony Parker,1,8:34,SAS,shot,,,,,,,,,,Tim Duncan,,,,missed,,jump,39,9
Al Thornton,Baron Davis,Chris Kaman,Eric Gordon,Marcus Camby,DeJuan Blair,Keith Bogans,Richard Jefferson,Tim Duncan,Tony Parker,1,8:34,LAC,rebound,,,,,,,,,,,,,,,,,,
Al Thornton,Baron Davis,Chris Kaman,Eric Gordon,Marcus Camby,DeJuan Blair,Keith Bogans,Richard Jefferson,Tim Duncan,Tony Parker,1,8:34,SAS,foul,,,,,,,,Marcus Camby,,DeJuan Blair,,,,,,loose ball,,
Al Thornton,Baron Davis,Chris Kaman,Eric Gordon,Marcus Camby,DeJuan Blair,Keith Bogans,Richard Jefferson,Tim Duncan,Tony Parker,1,8:21,LAC,shot,,,Tim Duncan,,,,,,,Baron Davis,,,,missed,,layup,23,6
Al Thornton,Baron Davis,Chris Kaman,Eric Gordon,Marcus Camby,DeJuan Blair,Keith Bogans,Richard Jefferson,Tim Duncan,Tony Parker,1,8:20,LAC,rebound,,,,,,,,,,Baron Davis,,,,,,off,,
Al Thornton,Baron Davis,Chris Kaman,Eric Gordon,Marcus Camby,DeJuan Blair,Keith Bogans,Richard Jefferson,Tim Duncan,Tony Parker,1,8:20,SAS,foul,,,,,,,,Baron Davis,,DeJuan Blair,,,,,,shooting,,
Al Thornton,Baron Davis,Chris Kaman,Eric Gordon,Marcus Camby,DeJuan Blair,Keith Bogans,Richard Jefferson,Tim Duncan,Tony Parker,1,8:20,LAC,free throw,,,,,,,1,,2,Baron Davis,,,foul,made,,,,
Al Thornton,Baron Davis,Chris Kaman,Eric Gordon,Marcus Camby,Antonio McDyess,Keith Bogans,Richard Jefferson,Tim Duncan,Tony Parker,1,8:20,SAS,sub,,,,Antonio McDyess,,DeJuan Blair,,,,,,,,,,,,
Al Thornton,Baron Davis,Chris Kaman,Eric Gordon,Marcus Camby,Antonio McDyess,Keith Bogans,Richard Jefferson,Tim Duncan,Tony Parker,1,8:20,LAC,free throw,,,,,,,2,,2,Baron Davis,,,foul,made,,,,
Al Thornton,Baron Davis,Chris Kaman,Eric Gordon,Marcus Camby,Antonio McDyess,Keith Bogans,Richard Jefferson,Tim Duncan,Tony Parker,1,7:58,SAS,shot,,,Eric Gordon,,,,,,,Keith Bogans,,,,missed,,3pt,2,9
Al Thornton,Baron Davis,Chris Kaman,Eric Gordon,Marcus Camby,Antonio McDyess,Keith Bogans,Richard Jefferson,Tim Duncan,Tony Parker,1,7:58,LAC,rebound,,,,,,,,,,,,,,,,,,
Al Thornton,Baron Davis,Chris Kaman,Eric Gordon,Marcus Camby,Antonio McDyess,Keith Bogans,Richard Jefferson,Tim Duncan,Tony Parker,1,7:44,LAC,shot,,,,,,,,,,Marcus Camby,,,,missed,,jump,23,21
Al Thornton,Baron Davis,Chris Kaman,Eric Gordon,Marcus Camby,Antonio McDyess,Keith Bogans,Richard Jefferson,Tim Duncan,Tony Parker,1,7:42,SAS,rebound,,,,,,,,,,Tony Parker,,,,,,def,,
Al Thornton,Baron Davis,Chris Kaman,Eric Gordon,Marcus Camby,Antonio McDyess,Keith Bogans,Richard Jefferson,Tim Duncan,Tony Parker,1,7:36,SAS,shot,,,,,,,,,,Tony Parker,2,,,made,,layup,25,6
Al Thornton,Baron Davis,Chris Kaman,Eric Gordon,Marcus Camby,Antonio McDyess,Keith Bogans,Richard Jefferson,Tim Duncan,Tony Parker,1,7:36,LAC,foul,,,,,,,,Tony Parker,,Baron Davis,,,,,,shooting,,
Al Thornton,Baron Davis,Chris Kaman,Eric Gordon,Marcus Camby,Antonio McDyess,Keith Bogans,Richard Jefferson,Tim Duncan,Tony Parker,1,7:36,SAS,free throw,,,,,,,1,,1,Tony Parker,,,foul,missed,,,,
Al Thornton,Baron Davis,Chris Kaman,Eric Gordon,Marcus Camby,Antonio McDyess,Keith Bogans,Richard Jefferson,Tim Duncan,Tony Parker,1,7:35,LAC,rebound,,,,,,,,,,Chris Kaman,,,,,,def,,
Al Thornton,Baron Davis,Chris Kaman,Eric Gordon,Marcus Camby,Antonio McDyess,Keith Bogans,Richard Jefferson,Tim Duncan,Tony Parker,1,7:26,LAC,shot,,,,,,,,,,Al Thornton,,,,missed,,jump,10,15
Al Thornton,Baron Davis,Chris Kaman,Eric Gordon,Marcus Camby,Antonio McDyess,Keith Bogans,Richard Jefferson,Tim Duncan,Tony Parker,1,7:25,SAS,rebound,,,,,,,,,,Antonio McDyess,,,,,,def,,
Al Thornton,Baron Davis,Chris Kaman,Eric Gordon,Marcus Camby,Antonio McDyess,Keith Bogans,Richard Jefferson,Tim Duncan,Tony Parker,1,7:20,SAS,turnover,,,,,,,,,,Keith Bogans,,,bad pass,,,,,
Al Thornton,Baron Davis,Chris Kaman,Eric Gordon,Marcus Camby,Antonio McDyess,Keith Bogans,Richard Jefferson,Tim Duncan,Tony Parker,1,7:02,SAS,foul,,,,,,,,Chris Kaman,,Antonio McDyess,,,,,,shooting,,
Al Thornton,Baron Davis,Chris Kaman,Eric Gordon,Marcus Camby,Antonio McDyess,Keith Bogans,Richard Jefferson,Tim Duncan,Tony Parker,1,7:02,LAC,free throw,,,,,,,1,,2,Chris Kaman,,,foul,made,,,,
Al Thornton,Baron Davis,Chris Kaman,Eric Gordon,Marcus Camby,Antonio McDyess,Keith Bogans,Richard Jefferson,Tim Duncan,Tony Parker,1,7:02,LAC,free throw,,,,,,,2,,2,Chris Kaman,,,foul,made,,,,
Al Thornton,Baron Davis,Chris Kaman,Eric Gordon,Marcus Camby,Antonio McDyess,Keith Bogans,Richard Jefferson,Tim Duncan,Tony Parker,1,7:02,SAS,timeout,,,,,,,,,,,,,,,,regular,,
Al Thornton,Baron Davis,Chris Kaman,Eric Gordon,Marcus Camby,Antonio McDyess,Keith Bogans,Richard Jefferson,Tim Duncan,Tony Parker,1,6:47,SAS,shot,,,,,,,,,,Antonio McDyess,,,,missed,,jump,13,20
Al Thornton,Baron Davis,Chris Kaman,Eric Gordon,Marcus Camby,Antonio McDyess,Keith Bogans,Richard Jefferson,Tim Duncan,Tony Parker,1,6:46,LAC,rebound,,,,,,,,,,Chris Kaman,,,,,,def,,
Al Thornton,Baron Davis,Chris Kaman,Eric Gordon,Marcus Camby,Antonio McDyess,Keith Bogans,Richard Jefferson,Tim Duncan,Tony Parker,1,6:33,LAC,shot,,,,,,,,,,Baron Davis,2,,,made,,pullup bank,12,14
Al Thornton,Baron Davis,Chris Kaman,Eric Gordon,Marcus Camby,Antonio McDyess,Keith Bogans,Richard Jefferson,Tim Duncan,Tony Parker,1,6:14,SAS,turnover,,,,,,,,,,Tony Parker,,,bad pass,,Marcus Camby,,,
Al Thornton,Baron Davis,Chris Kaman,Eric Gordon,Marcus Camby,Antonio McDyess,Keith Bogans,Richard Jefferson,Tim Duncan,Tony Parker,1,6:01,LAC,shot,,,,,,,,,,Marcus Camby,,,,missed,,jump,37,19
Al Thornton,Baron Davis,Chris Kaman,Eric Gordon,Marcus Camby,Antonio McDyess,Keith Bogans,Richard Jefferson,Tim Duncan,Tony Parker,1,6:00,SAS,rebound,,,,,,,,,,Tim Duncan,,,,,,def,,
Al Thornton,Baron Davis,Chris Kaman,Eric Gordon,Marcus Camby,Antonio McDyess,Keith Bogans,Richard Jefferson,Tim Duncan,Tony Parker,1,5:46,SAS,shot,,,,,,,,,,Tim Duncan,2,,,made,,jump,20,8
Al Thornton,Baron Davis,Chris Kaman,Eric Gordon,Marcus Camby,Antonio McDyess,Keith Bogans,Richard Jefferson,Tim Duncan,Tony Parker,1,5:19,LAC,shot,,,,,,,,,,Chris Kaman,,,,missed,,jump,10,9
Al Thornton,Baron Davis,Chris Kaman,Eric Gordon,Marcus Camby,Antonio McDyess,Keith Bogans,Richard Jefferson,Tim Duncan,Tony Parker,1,5:19,SAS,rebound,,,,,,,,,,,,,,,,,,
Al Thornton,Baron Davis,Chris Kaman,Eric Gordon,Marcus Camby,Antonio McDyess,Keith Bogans,Manu Ginobili,Tim Duncan,Tony Parker,1,5:19,SAS,sub,,,,Manu Ginobili,,Richard Jefferson,,,,,,,,,,,,
Al Thornton,Baron Davis,Chris Kaman,Eric Gordon,Marcus Camby,Antonio McDyess,Keith Bogans,Manu Ginobili,Tim Duncan,Tony Parker,1,5:01,SAS,shot,Tim Duncan,,,,,,,,,Tony Parker,2,,,made,,jump,8,12
Al Thornton,Baron Davis,Chris Kaman,Eric Gordon,Marcus Camby,Antonio McDyess,Keith Bogans,Manu Ginobili,Tim Duncan,Tony Parker,1,4:50,LAC,shot,,,,,,,,,,Chris Kaman,,,,missed,,jump,40,9
Al Thornton,Baron Davis,Chris Kaman,Eric Gordon,Marcus Camby,Antonio McDyess,Keith Bogans,Manu Ginobili,Tim Duncan,Tony Parker,1,4:49,SAS,rebound,,,,,,,,,,,,,,,,,,
Al Thornton,Baron Davis,Chris Kaman,Eric Gordon,Marcus Camby,Antonio McDyess,Keith Bogans,Manu Ginobili,Tim Duncan,Tony Parker,1,4:34,SAS,shot,,,,,,,,,,Tony Parker,2,,,made,,reverse layup,25,6
Al Thornton,Baron Davis,Chris Kaman,Eric Gordon,Marcus Camby,Antonio McDyess,Keith Bogans,Manu Ginobili,Tim Duncan,Tony Parker,1,4:26,SAS,foul,,,,,,,,Chris Kaman,,Keith Bogans,,,,,,shooting,,
Al Thornton,Baron Davis,Chris Kaman,Eric Gordon,Marcus Camby,Antonio McDyess,Keith Bogans,Manu Ginobili,Tim Duncan,Tony Parker,1,4:26,LAC,free throw,,,,,,,1,,2,Chris Kaman,,,foul,made,,,,
Al Thornton,Baron Davis,Chris Kaman,Eric Gordon,Marcus Camby,Antonio McDyess,Keith Bogans,Manu Ginobili,Tim Duncan,Tony Parker,1,4:26,LAC,free throw,,,,,,,2,,2,Chris Kaman,,,foul,missed,,,,
Al Thornton,Baron Davis,Chris Kaman,Eric Gordon,Marcus Camby,Antonio McDyess,Keith Bogans,Manu Ginobili,Tim Duncan,Tony Parker,1,4:23,SAS,rebound,,,,,,,,,,Antonio McDyess,,,,,,def,,
Al Thornton,Baron Davis,Chris Kaman,Eric Gordon,Marcus Camby,Antonio McDyess,Keith Bogans,Manu Ginobili,Tim Duncan,Tony Parker,1,4:01,SAS,shot,,,,,,,,,,Tony Parker,,,,missed,,jump,14,23
Al Thornton,Baron Davis,Chris Kaman,Eric Gordon,Marcus Camby,Antonio McDyess,Keith Bogans,Manu Ginobili,Tim Duncan,Tony Parker,1,4:00,LAC,rebound,,,,,,,,,,Marcus Camby,,,,,,def,,
Al Thornton,Baron Davis,Chris Kaman,Eric Gordon,Marcus Camby,Antonio McDyess,Keith Bogans,Manu Ginobili,Tim Duncan,Tony Parker,1,3:52,LAC,shot,,,Tim Duncan,,,,,,,Al Thornton,,,,missed,,layup,26,6
Al Thornton,Baron Davis,Chris Kaman,Eric Gordon,Marcus Camby,Antonio McDyess,Keith Bogans,Manu Ginobili,Tim Duncan,Tony Parker,1,3:50,LAC,rebound,,,,,,,,,,Al Thornton,,,,,,off,,
Al Thornton,Baron Davis,Chris Kaman,Eric Gordon,Marcus Camby,Antonio McDyess,Keith Bogans,Manu Ginobili,Tim Duncan,Tony Parker,1,3:44,LAC,shot,,,,,,,,,,Eric Gordon,,,,missed,,3pt,49,12
Al Thornton,Baron Davis,Chris Kaman,Eric Gordon,Marcus Camby,Antonio McDyess,Keith Bogans,Manu Ginobili,Tim Duncan,Tony Parker,1,3:44,LAC,rebound,,,,,,,,,,,,,,,,,,
Al Thornton,Baron Davis,Chris Kaman,Eric Gordon,Marcus Camby,Antonio McDyess,Keith Bogans,Manu Ginobili,Tim Duncan,Tony Parker,1,3:44,SAS,foul,,,,,,,,Baron Davis,,Tony Parker,,,,,,loose ball,,
Al Thornton,Baron Davis,Chris Kaman,Eric Gordon,Marcus Camby,Antonio McDyess,Keith Bogans,Manu Ginobili,Tim Duncan,Tony Parker,1,3:44,LAC,free throw,,,,,,,1,,2,Baron Davis,,,foul,missed,,,,
Al Thornton,Baron Davis,Chris Kaman,Eric Gordon,Marcus Camby,Antonio McDyess,Keith Bogans,Manu Ginobili,Tim Duncan,Tony Parker,1,3:44,LAC,rebound,,,,,,,,,,,,,,,,,,
Al Thornton,Baron Davis,DeAndre Jordan,Eric Gordon,Marcus Camby,Antonio McDyess,Keith Bogans,Manu Ginobili,Tim Duncan,Tony Parker,1,3:44,LAC,sub,,,,DeAndre Jordan,,Chris Kaman,,,,,,,,,,,,
Al Thornton,Baron Davis,DeAndre Jordan,Eric Gordon,Marcus Camby,Antonio McDyess,Keith Bogans,Manu Ginobili,Tim Duncan,Tony Parker,1,3:44,LAC,free throw,,,,,,,2,,2,Baron Davis,,,foul,made,,,,
Al Thornton,Baron Davis,DeAndre Jordan,Eric Gordon,Marcus Camby,Antonio McDyess,Keith Bogans,Manu Ginobili,Tim Duncan,Tony Parker,1,3:30,SAS,shot,Antonio McDyess,,,,,,,,,Keith Bogans,3,,,made,,3pt,49,6
Al Thornton,Baron Davis,DeAndre Jordan,Eric Gordon,Marcus Camby,Antonio McDyess,Keith Bogans,Manu Ginobili,Tim Duncan,Tony Parker,1,3:18,LAC,shot,,,,,,,,,,Al Thornton,,,,missed,,pullup jump,19,14
Al Thornton,Baron Davis,DeAndre Jordan,Eric Gordon,Marcus Camby,Antonio McDyess,Keith Bogans,Manu Ginobili,Tim Duncan,Tony Parker,1,3:16,LAC,rebound,,,,,,,,,,Marcus Camby,,,,,,off,,
Al Thornton,Baron Davis,DeAndre Jordan,Eric Gordon,Marcus Camby,Antonio McDyess,Keith Bogans,Manu Ginobili,Tim Duncan,Tony Parker,1,3:16,LAC,shot,,,,,,,,,,Marcus Camby,2,,,made,,tip,26,7
Al Thornton,Baron Davis,DeAndre Jordan,Eric Gordon,Marcus Camby,Antonio McDyess,Keith Bogans,Manu Ginobili,Tim Duncan,Tony Parker,1,2:53,SAS,shot,Antonio McDyess,,,,,,,,,Keith Bogans,3,,,made,,3pt,9,26
Al Thornton,Baron Davis,DeAndre Jordan,Eric Gordon,Marcus Camby,Antonio McDyess,Keith Bogans,Manu Ginobili,Tim Duncan,Tony Parker,1,2:38,LAC,shot,,,,,,,,,,Eric Gordon,,,,missed,,jump,11,13
Al Thornton,Baron Davis,DeAndre Jordan,Eric Gordon,Marcus Camby,Antonio McDyess,Keith Bogans,Manu Ginobili,Tim Duncan,Tony Parker,1,2:38,LAC,rebound,,,,,,,,,,DeAndre Jordan,,,,,,off,,
Al Thornton,Baron Davis,DeAndre Jordan,Eric Gordon,Marcus Camby,Antonio McDyess,Keith Bogans,Manu Ginobili,Tim Duncan,Tony Parker,1,2:38,LAC,turnover,,,,,,,,,,DeAndre Jordan,,,traveling,,,,,
Al Thornton,Baron Davis,DeAndre Jordan,Eric Gordon,Marcus Camby,Antonio McDyess,Keith Bogans,Manu Ginobili,Tim Duncan,Tony Parker,1,2:38,LAC,timeout,,,,,,,,,,,,,,,,regular,,
Al Thornton,Baron Davis,DeAndre Jordan,Eric Gordon,Marcus Camby,Antonio McDyess,Manu Ginobili,Richard Jefferson,Tim Duncan,Tony Parker,1,2:38,SAS,sub,,,,Richard Jefferson,,Keith Bogans,,,,,,,,,,,,
Al Thornton,Baron Davis,DeAndre Jordan,Eric Gordon,Marcus Camby,Antonio McDyess,Manu Ginobili,Richard Jefferson,Theo Ratliff,Tony Parker,1,2:38,SAS,sub,,,,Theo Ratliff,,Tim Duncan,,,,,,,,,,,,
Al Thornton,Baron Davis,DeAndre Jordan,Eric Gordon,Marcus Camby,Antonio McDyess,Manu Ginobili,Richard Jefferson,Theo Ratliff,Tony Parker,1,2:20,SAS,shot,,,,,,,,,,Richard Jefferson,,,,missed,,jump,35,14
Al Thornton,Baron Davis,DeAndre Jordan,Eric Gordon,Marcus Camby,Antonio McDyess,Manu Ginobili,Richard Jefferson,Theo Ratliff,Tony Parker,1,2:18,SAS,rebound,,,,,,,,,,Theo Ratliff,,,,,,off,,
Al Thornton,Baron Davis,DeAndre Jordan,Eric Gordon,Marcus Camby,Antonio McDyess,Manu Ginobili,Richard Jefferson,Theo Ratliff,Tony Parker,1,2:18,SAS,shot,,,,,,,,,,Theo Ratliff,,,,missed,,layup,26,5
Al Thornton,Baron Davis,DeAndre Jordan,Eric Gordon,Marcus Camby,Antonio McDyess,Manu Ginobili,Richard Jefferson,Theo Ratliff,Tony Parker,1,2:17,SAS,rebound,,,,,,,,,,Theo Ratliff,,,,,,off,,
Al Thornton,Baron Davis,DeAndre Jordan,Eric Gordon,Marcus Camby,Antonio McDyess,Manu Ginobili,Richard Jefferson,Theo Ratliff,Tony Parker,1,2:15,SAS,shot,,,,,,,,,,Theo Ratliff,,,,missed,,tip,26,7
Al Thornton,Baron Davis,DeAndre Jordan,Eric Gordon,Marcus Camby,Antonio McDyess,Manu Ginobili,Richard Jefferson,Theo Ratliff,Tony Parker,1,2:14,SAS,rebound,,,,,,,,,,Antonio McDyess,,,,,,off,,
Al Thornton,Baron Davis,DeAndre Jordan,Eric Gordon,Marcus Camby,Antonio McDyess,Manu Ginobili,Richard Jefferson,Theo Ratliff,Tony Parker,1,2:14,SAS,shot,,,,,,,,,,Antonio McDyess,2,,,made,,putback slam dunk,26,7
Al Thornton,Baron Davis,DeAndre Jordan,Eric Gordon,Marcus Camby,Antonio McDyess,Manu Ginobili,Richard Jefferson,Theo Ratliff,Tony Parker,1,1:56,LAC,shot,,,,,,,,,,Al Thornton,,,,missed,,jump,41,12
Al Thornton,Baron Davis,DeAndre Jordan,Eric Gordon,Marcus Camby,Antonio McDyess,Manu Ginobili,Richard Jefferson,Theo Ratliff,Tony Parker,1,1:55,SAS,rebound,,,,,,,,,,Antonio McDyess,,,,,,def,,
Al Thornton,Baron Davis,DeAndre Jordan,Eric Gordon,Marcus Camby,Antonio McDyess,Manu Ginobili,Richard Jefferson,Theo Ratliff,Tony Parker,1,1:50,SAS,shot,Tony Parker,,,,,,,,,Theo Ratliff,2,,,made,,slam dunk,25,7
Al Thornton,Baron Davis,DeAndre Jordan,Eric Gordon,Marcus Camby,Antonio McDyess,Manu Ginobili,Richard Jefferson,Theo Ratliff,Tony Parker,1,1:31,LAC,shot,,,,,,,,,,DeAndre Jordan,,,,missed,,layup,26,7
Al Thornton,Baron Davis,DeAndre Jordan,Eric Gordon,Marcus Camby,Antonio McDyess,Manu Ginobili,Richard Jefferson,Theo Ratliff,Tony Parker,1,1:31,SAS,rebound,,,,,,,,,,,,,,,,,,
Al Thornton,Baron Davis,DeAndre Jordan,Eric Gordon,Marcus Camby,Antonio McDyess,Manu Ginobili,Richard Jefferson,Theo Ratliff,Tony Parker,1,1:31,LAC,foul,,,,,,,,Theo Ratliff,,DeAndre Jordan,,,,,,loose ball,,
Al Thornton,Baron Davis,DeAndre Jordan,Eric Gordon,Marcus Camby,Antonio McDyess,George Hill,Manu Ginobili,Richard Jefferson,Theo Ratliff,1,1:31,SAS,sub,,,,George Hill,,Tony Parker,,,,,,,,,,,,
Al Thornton,Baron Davis,DeAndre Jordan,Eric Gordon,Marcus Camby,Antonio McDyess,George Hill,Manu Ginobili,Richard Jefferson,Theo Ratliff,1,1:10,SAS,shot,,,,,,,,,,Antonio McDyess,,,,missed,,jump,38,15
Al Thornton,Baron Davis,DeAndre Jordan,Eric Gordon,Marcus Camby,Antonio McDyess,George Hill,Manu Ginobili,Richard Jefferson,Theo Ratliff,1,1:08,LAC,rebound,,,,,,,,,,Marcus Camby,,,,,,def,,
Al Thornton,Baron Davis,DeAndre Jordan,Eric Gordon,Marcus Camby,Antonio McDyess,George Hill,Manu Ginobili,Richard Jefferson,Theo Ratliff,1,0:56,LAC,shot,,,Manu Ginobili,,,,,,,DeAndre Jordan,,,,missed,,layup,25,8
Al Thornton,Baron Davis,DeAndre Jordan,Eric Gordon,Marcus Camby,Antonio McDyess,George Hill,Manu Ginobili,Richard Jefferson,Theo Ratliff,1,0:54,SAS,rebound,,,,,,,,,,Manu Ginobili,,,,,,def,,
Al Thornton,Baron Davis,DeAndre Jordan,Eric Gordon,Marcus Camby,Antonio McDyess,George Hill,Manu Ginobili,Richard Jefferson,Theo Ratliff,1,0:45,SAS,shot,,,,,,,,,,George Hill,,,,missed,,jump,33,14
Al Thornton,Baron Davis,DeAndre Jordan,Eric Gordon,Marcus Camby,Antonio McDyess,George Hill,Manu Ginobili,Richard Jefferson,Theo Ratliff,1,0:43,LAC,rebound,,,,,,,,,,DeAndre Jordan,,,,,,def,,
Al Thornton,Baron Davis,DeAndre Jordan,Eric Gordon,Marcus Camby,Antonio McDyess,George Hill,Manu Ginobili,Richard Jefferson,Theo Ratliff,1,0:43,LAC,turnover,,,,,,,,,,DeAndre Jordan,,,step out of bounds turnover,,,,,
Al Thornton,Baron Davis,Brian Skinner,Eric Gordon,Marcus Camby,Antonio McDyess,George Hill,Manu Ginobili,Richard Jefferson,Theo Ratliff,1,0:43,LAC,sub,,,,Brian Skinner,,DeAndre Jordan,,,,,,,,,,,,
Al Thornton,Baron Davis,Brian Skinner,Eric Gordon,Marcus Camby,Antonio McDyess,George Hill,Manu Ginobili,Richard Jefferson,Theo Ratliff,1,0:31,SAS,shot,Manu Ginobili,,,,,,,,,Richard Jefferson,3,,,made,,3pt,44,22
Al Thornton,Baron Davis,Brian Skinner,Eric Gordon,Marcus Camby,Antonio McDyess,George Hill,Manu Ginobili,Richard Jefferson,Theo Ratliff,1,0:23,LAC,shot,,,,,,,,,,Baron Davis,,,,missed,,layup,25,5
Al Thornton,Baron Davis,Brian Skinner,Eric Gordon,Marcus Camby,Antonio McDyess,George Hill,Manu Ginobili,Richard Jefferson,Theo Ratliff,1,0:22,SAS,rebound,,,,,,,,,,Theo Ratliff,,,,,,def,,
Al Thornton,Baron Davis,Brian Skinner,Eric Gordon,Marcus Camby,Antonio McDyess,George Hill,Manu Ginobili,Richard Jefferson,Theo Ratliff,1,0:00,SAS,shot,Manu Ginobili,,,,,,,,,Antonio McDyess,2,,,made,,jump,8,8
Al Thornton,Brian Skinner,Chris Kaman,Rasual Butler,Sebastian Telfair,Antonio McDyess,George Hill,Manu Ginobili,Richard Jefferson,Theo Ratliff,2,11:41,SAS,shot,,,,,,,,,,George Hill,,,,missed,,layup,25,7
Al Thornton,Brian Skinner,Chris Kaman,Rasual Butler,Sebastian Telfair,Antonio McDyess,George Hill,Manu Ginobili,Richard Jefferson,Theo Ratliff,2,11:40,LAC,rebound,,,,,,,,,,Brian Skinner,,,,,,def,,
Al Thornton,Brian Skinner,Chris Kaman,Rasual Butler,Sebastian Telfair,Antonio McDyess,George Hill,Manu Ginobili,Richard Jefferson,Theo Ratliff,2,11:19,LAC,shot,,,,,,,,,,Al Thornton,2,,,made,,turnaround fade away,27,13
Al Thornton,Brian Skinner,Chris Kaman,Rasual Butler,Sebastian Telfair,Antonio McDyess,George Hill,Manu Ginobili,Richard Jefferson,Theo Ratliff,2,10:57,SAS,shot,,,,,,,,,,Manu Ginobili,,,,missed,,3pt,48,9
Al Thornton,Brian Skinner,Chris Kaman,Rasual Butler,Sebastian Telfair,Antonio McDyess,George Hill,Manu Ginobili,Richard Jefferson,Theo Ratliff,2,10:56,LAC,rebound,,,,,,,,,,Brian Skinner,,,,,,def,,
Al Thornton,Brian Skinner,Chris Kaman,Rasual Butler,Sebastian Telfair,Antonio McDyess,George Hill,Manu Ginobili,Richard Jefferson,Theo Ratliff,2,10:53,LAC,shot,,,,,,,,,,Al Thornton,2,,,made,,layup,25,6
Al Thornton,Brian Skinner,Chris Kaman,Rasual Butler,Sebastian Telfair,Antonio McDyess,George Hill,Manu Ginobili,Richard Jefferson,Theo Ratliff,2,10:53,SAS,foul,,,,,,,,Al Thornton,,George Hill,,,,,,shooting,,
Al Thornton,Brian Skinner,Chris Kaman,Rasual Butler,Sebastian Telfair,DeJuan Blair,George Hill,Manu Ginobili,Richard Jefferson,Theo Ratliff,2,10:53,SAS,sub,,,,DeJuan Blair,,Antonio McDyess,,,,,,,,,,,,
Al Thornton,Brian Skinner,Chris Kaman,Rasual Butler,Sebastian Telfair,DeJuan Blair,George Hill,Manu Ginobili,Richard Jefferson,Theo Ratliff,2,10:53,LAC,free throw,,,,,,,1,,1,Al Thornton,,,foul,missed,,,,
Al Thornton,Brian Skinner,Chris Kaman,Rasual Butler,Sebastian Telfair,DeJuan Blair,George Hill,Manu Ginobili,Richard Jefferson,Theo Ratliff,2,10:49,SAS,rebound,,,,,,,,,,Theo Ratliff,,,,,,def,,
Al Thornton,Brian Skinner,Chris Kaman,Rasual Butler,Sebastian Telfair,DeJuan Blair,George Hill,Manu Ginobili,Richard Jefferson,Theo Ratliff,2,10:43,SAS,shot,Manu Ginobili,,,,,,,,,DeJuan Blair,2,,,made,,reverse layup,24,6
Al Thornton,Brian Skinner,Chris Kaman,Rasual Butler,Sebastian Telfair,DeJuan Blair,George Hill,Manu Ginobili,Richard Jefferson,Theo Ratliff,2,10:19,LAC,shot,,,,,,,,,,Rasual Butler,,,,missed,,jump,32,21
Al Thornton,Brian Skinner,Chris Kaman,Rasual Butler,Sebastian Telfair,DeJuan Blair,George Hill,Manu Ginobili,Richard Jefferson,Theo Ratliff,2,10:17,SAS,rebound,,,,,,,,,,DeJuan Blair,,,,,,def,,
Al Thornton,Brian Skinner,Chris Kaman,Rasual Butler,Sebastian Telfair,DeJuan Blair,George Hill,Manu Ginobili,Richard Jefferson,Theo Ratliff,2,10:10,SAS,turnover,,,,,,,,,,Manu Ginobili,,,bad pass,,,,,
Al Thornton,Brian Skinner,Chris Kaman,Rasual Butler,Sebastian Telfair,DeJuan Blair,George Hill,Manu Ginobili,Richard Jefferson,Theo Ratliff,2,10:01,LAC,shot,Sebastian Telfair,,,,,,,,,Rasual Butler,2,,,made,,jump,11,18
Al Thornton,Brian Skinner,Chris Kaman,Rasual Butler,Sebastian Telfair,DeJuan Blair,George Hill,Manu Ginobili,Richard Jefferson,Theo Ratliff,2,9:41,SAS,shot,,,,,,,,,,Manu Ginobili,,,,missed,,layup,25,7
Al Thornton,Brian Skinner,Chris Kaman,Rasual Butler,Sebastian Telfair,DeJuan Blair,George Hill,Manu Ginobili,Richard Jefferson,Theo Ratliff,2,9:40,LAC,rebound,,,,,,,,,,Chris Kaman,,,,,,def,,
Al Thornton,Brian Skinner,Chris Kaman,Rasual Butler,Sebastian Telfair,DeJuan Blair,George Hill,Manu Ginobili,Richard Jefferson,Theo Ratliff,2,9:40,SAS,foul,,,,,,,,Chris Kaman,,DeJuan Blair,,,,,,personal,,
Al Thornton,Brian Skinner,Chris Kaman,Rasual Butler,Sebastian Telfair,George Hill,Manu Ginobili,Richard Jefferson,Roger Mason,Theo Ratliff,2,9:40,SAS,sub,,,,Roger Mason,,DeJuan Blair,,,,,,,,,,,,
Al Thornton,Chris Kaman,Eric Gordon,Rasual Butler,Sebastian Telfair,George Hill,Manu Ginobili,Richard Jefferson,Roger Mason,Theo Ratliff,2,9:40,LAC,sub,,,,Eric Gordon,,Brian Skinner,,,,,,,,,,,,
Al Thornton,Chris Kaman,Eric Gordon,Rasual Butler,Sebastian Telfair,George Hill,Manu Ginobili,Richard Jefferson,Roger Mason,Theo Ratliff,2,9:27,LAC,shot,,,,,,,,,,Chris Kaman,2,,,made,,turnaround bank,17,6
Al Thornton,Chris Kaman,Eric Gordon,Rasual Butler,Sebastian Telfair,George Hill,Manu Ginobili,Richard Jefferson,Roger Mason,Theo Ratliff,2,9:10,LAC,foul,,,,,,,,Manu Ginobili,,Sebastian Telfair,,,,,,personal,,
Al Thornton,Chris Kaman,Eric Gordon,Rasual Butler,Sebastian Telfair,George Hill,Manu Ginobili,Richard Jefferson,Roger Mason,Theo Ratliff,2,8:56,SAS,shot,George Hill,,,,,,,,,Theo Ratliff,2,,,made,,pullup jump,32,8
Al Thornton,Chris Kaman,Eric Gordon,Rasual Butler,Sebastian Telfair,George Hill,Manu Ginobili,Richard Jefferson,Roger Mason,Theo Ratliff,2,8:42,SAS,foul,,,,,,,,Rasual Butler,,Roger Mason,,,,,,personal,,
Al Thornton,Chris Kaman,Eric Gordon,Rasual Butler,Sebastian Telfair,George Hill,Manu Ginobili,Richard Jefferson,Roger Mason,Theo Ratliff,2,8:42,LAC,timeout,,,,,,,,,,,,,,,,official,,
Chris Kaman,Eric Gordon,Mardy Collins,Rasual Butler,Sebastian Telfair,George Hill,Manu Ginobili,Richard Jefferson,Roger Mason,Theo Ratliff,2,8:42,LAC,sub,,,,Mardy Collins,,Al Thornton,,,,,,,,,,,,
Chris Kaman,Eric Gordon,Mardy Collins,Rasual Butler,Sebastian Telfair,George Hill,Manu Ginobili,Richard Jefferson,Roger Mason,Theo Ratliff,2,8:29,LAC,shot,,,Theo Ratliff,,,,,,,Chris Kaman,,,,missed,,layup,26,7
Chris Kaman,Eric Gordon,Mardy Collins,Rasual Butler,Sebastian Telfair,George Hill,Manu Ginobili,Richard Jefferson,Roger Mason,Theo Ratliff,2,8:28,SAS,rebound,,,,,,,,,,George Hill,,,,,,def,,
Chris Kaman,Eric Gordon,Mardy Collins,Rasual Butler,Sebastian Telfair,George Hill,Manu Ginobili,Richard Jefferson,Roger Mason,Theo Ratliff,2,8:14,SAS,shot,,,,,,,,,,Richard Jefferson,,,,missed,,turnaround jump,19,15
Chris Kaman,Eric Gordon,Mardy Collins,Rasual Butler,Sebastian Telfair,George Hill,Manu Ginobili,Richard Jefferson,Roger Mason,Theo Ratliff,2,8:13,LAC,rebound,,,,,,,,,,Chris Kaman,,,,,,def,,
Chris Kaman,Eric Gordon,Mardy Collins,Rasual Butler,Sebastian Telfair,George Hill,Manu Ginobili,Richard Jefferson,Roger Mason,Theo Ratliff,2,8:02,LAC,shot,,,,,,,,,,Chris Kaman,,,,missed,,jump,11,14
Chris Kaman,Eric Gordon,Mardy Collins,Rasual Butler,Sebastian Telfair,George Hill,Manu Ginobili,Richard Jefferson,Roger Mason,Theo Ratliff,2,8:01,LAC,rebound,,,,,,,,,,Mardy Collins,,,,,,off,,
Chris Kaman,Eric Gordon,Mardy Collins,Rasual Butler,Sebastian Telfair,George Hill,Manu Ginobili,Richard Jefferson,Roger Mason,Theo Ratliff,2,7:54,LAC,shot,,,,,,,,,,Sebastian Telfair,,,,missed,,jump,22,24
Chris Kaman,Eric Gordon,Mardy Collins,Rasual Butler,Sebastian Telfair,George Hill,Manu Ginobili,Richard Jefferson,Roger Mason,Theo Ratliff,2,7:53,SAS,rebound,,,,,,,,,,George Hill,,,,,,def,,
Chris Kaman,Eric Gordon,Mardy Collins,Rasual Butler,Sebastian Telfair,George Hill,Manu Ginobili,Richard Jefferson,Roger Mason,Theo Ratliff,2,7:41,SAS,shot,,,Rasual Butler,,,,,,,Manu Ginobili,,,,missed,,layup,25,6
Chris Kaman,Eric Gordon,Mardy Collins,Rasual Butler,Sebastian Telfair,George Hill,Manu Ginobili,Richard Jefferson,Roger Mason,Theo Ratliff,2,7:39,LAC,rebound,,,,,,,,,,Chris Kaman,,,,,,def,,
Chris Kaman,Eric Gordon,Mardy Collins,Rasual Butler,Sebastian Telfair,George Hill,Manu Ginobili,Richard Jefferson,Roger Mason,Theo Ratliff,2,7:32,LAC,shot,,,,,,,,,,Rasual Butler,,,,missed,,3pt,49,13
Chris Kaman,Eric Gordon,Mardy Collins,Rasual Butler,Sebastian Telfair,George Hill,Manu Ginobili,Richard Jefferson,Roger Mason,Theo Ratliff,2,7:30,LAC,rebound,,,,,,,,,,Eric Gordon,,,,,,off,,
Chris Kaman,Eric Gordon,Mardy Collins,Rasual Butler,Sebastian Telfair,George Hill,Manu Ginobili,Richard Jefferson,Roger Mason,Theo Ratliff,2,7:27,LAC,turnover,,,,,,,,,,Eric Gordon,,,bad pass,,Manu Ginobili,,,
Chris Kaman,Eric Gordon,Mardy Collins,Rasual Butler,Sebastian Telfair,George Hill,Manu Ginobili,Richard Jefferson,Roger Mason,Theo Ratliff,2,7:15,SAS,shot,,,,,,,,,,Roger Mason,2,,,made,,layup,25,6
Chris Kaman,Eric Gordon,Mardy Collins,Rasual Butler,Sebastian Telfair,George Hill,Manu Ginobili,Richard Jefferson,Roger Mason,Theo Ratliff,2,6:57,LAC,shot,Rasual Butler,,,,,,,,,Chris Kaman,2,,,made,,jump,9,7
Chris Kaman,Eric Gordon,Mardy Collins,Rasual Butler,Sebastian Telfair,George Hill,Manu Ginobili,Richard Jefferson,Roger Mason,Theo Ratliff,2,6:55,SAS,timeout,,,,,,,,,,,,,,,,regular,,
Chris Kaman,Eric Gordon,Mardy Collins,Rasual Butler,Sebastian Telfair,George Hill,Richard Jefferson,Roger Mason,Theo Ratliff,Tony Parker,2,6:55,SAS,sub,,,,Tony Parker,,Manu Ginobili,,,,,,,,,,,,
Chris Kaman,Eric Gordon,Mardy Collins,Rasual Butler,Sebastian Telfair,George Hill,Richard Jefferson,Roger Mason,Tim Duncan,Tony Parker,2,6:55,SAS,sub,,,,Tim Duncan,,Theo Ratliff,,,,,,,,,,,,
Baron Davis,Chris Kaman,Eric Gordon,Mardy Collins,Rasual Butler,George Hill,Richard Jefferson,Roger Mason,Tim Duncan,Tony Parker,2,6:55,LAC,sub,,,,Baron Davis,,Sebastian Telfair,,,,,,,,,,,,
Baron Davis,Chris Kaman,Eric Gordon,Mardy Collins,Rasual Butler,George Hill,Richard Jefferson,Roger Mason,Tim Duncan,Tony Parker,2,6:40,SAS,shot,,,,,,,,,,Tim Duncan,,,,missed,,turnaround hook,35,9
Baron Davis,Chris Kaman,Eric Gordon,Mardy Collins,Rasual Butler,George Hill,Richard Jefferson,Roger Mason,Tim Duncan,Tony Parker,2,6:39,SAS,rebound,,,,,,,,,,Roger Mason,,,,,,off,,
Baron Davis,Chris Kaman,Eric Gordon,Mardy Collins,Rasual Butler,George Hill,Richard Jefferson,Roger Mason,Tim Duncan,Tony Parker,2,6:28,SAS,shot,,,Eric Gordon,,,,,,,Tony Parker,,,,missed,,jump,30,9
Baron Davis,Chris Kaman,Eric Gordon,Mardy Collins,Rasual Butler,George Hill,Richard Jefferson,Roger Mason,Tim Duncan,Tony Parker,2,6:26,LAC,rebound,,,,,,,,,,Chris Kaman,,,,,,def,,
Baron Davis,Chris Kaman,Eric Gordon,Mardy Collins,Rasual Butler,George Hill,Richard Jefferson,Roger Mason,Tim Duncan,Tony Parker,2,6:15,LAC,shot,,,,,,,,,,Chris Kaman,,,,missed,,layup,25,6
Baron Davis,Chris Kaman,Eric Gordon,Mardy Collins,Rasual Butler,George Hill,Richard Jefferson,Roger Mason,Tim Duncan,Tony Parker,2,6:14,SAS,rebound,,,,,,,,,,Tim Duncan,,,,,,def,,
Baron Davis,Chris Kaman,Eric Gordon,Mardy Collins,Rasual Butler,George Hill,Richard Jefferson,Roger Mason,Tim Duncan,Tony Parker,2,5:52,SAS,shot,,,,,,,,,,Richard Jefferson,,,,missed,,jump bank,19,10
Baron Davis,Chris Kaman,Eric Gordon,Mardy Collins,Rasual Butler,George Hill,Richard Jefferson,Roger Mason,Tim Duncan,Tony Parker,2,5:50,LAC,rebound,,,,,,,,,,Chris Kaman,,,,,,def,,
Baron Davis,Chris Kaman,Eric Gordon,Mardy Collins,Rasual Butler,George Hill,Richard Jefferson,Roger Mason,Tim Duncan,Tony Parker,2,5:44,LAC,shot,Baron Davis,,,,,,,,,Eric Gordon,3,,,made,,3pt,11,28
Baron Davis,Chris Kaman,Eric Gordon,Mardy Collins,Rasual Butler,George Hill,Richard Jefferson,Roger Mason,Tim Duncan,Tony Parker,2,5:27,SAS,shot,,,,,,,,,,George Hill,,,,missed,,3pt,2,6
Baron Davis,Chris Kaman,Eric Gordon,Mardy Collins,Rasual Butler,George Hill,Richard Jefferson,Roger Mason,Tim Duncan,Tony Parker,2,5:25,LAC,rebound,,,,,,,,,,Rasual Butler,,,,,,def,,
Baron Davis,Chris Kaman,Eric Gordon,Mardy Collins,Rasual Butler,George Hill,Richard Jefferson,Roger Mason,Tim Duncan,Tony Parker,2,5:06,LAC,shot,Baron Davis,,,,,,,,,Eric Gordon,3,,,made,,3pt,7,21
Baron Davis,Chris Kaman,Eric Gordon,Mardy Collins,Rasual Butler,George Hill,Richard Jefferson,Roger Mason,Tim Duncan,Tony Parker,2,4:50,LAC,foul,,,,,,,,Tony Parker,,Mardy Collins,,,,,,shooting,,
Baron Davis,Chris Kaman,Eric Gordon,Mardy Collins,Rasual Butler,George Hill,Richard Jefferson,Roger Mason,Tim Duncan,Tony Parker,2,4:50,SAS,free throw,,,,,,,1,,2,Tony Parker,,,foul,missed,,,,
Baron Davis,Chris Kaman,Eric Gordon,Mardy Collins,Rasual Butler,George Hill,Richard Jefferson,Roger Mason,Tim Duncan,Tony Parker,2,4:50,SAS,rebound,,,,,,,,,,,,,,,,,,
Baron Davis,Chris Kaman,Eric Gordon,Mardy Collins,Rasual Butler,George Hill,Keith Bogans,Roger Mason,Tim Duncan,Tony Parker,2,4:50,SAS,sub,,,,Keith Bogans,,Richard Jefferson,,,,,,,,,,,,
Baron Davis,Chris Kaman,Eric Gordon,Mardy Collins,Rasual Butler,George Hill,Keith Bogans,Roger Mason,Tim Duncan,Tony Parker,2,4:50,SAS,free throw,,,,,,,2,,2,Tony Parker,,,foul,made,,,,
Baron Davis,Chris Kaman,Eric Gordon,Mardy Collins,Rasual Butler,George Hill,Keith Bogans,Roger Mason,Tim Duncan,Tony Parker,2,4:40,LAC,shot,,,,,,,,,,Baron Davis,,,,missed,,jump,9,14
Baron Davis,Chris Kaman,Eric Gordon,Mardy Collins,Rasual Butler,George Hill,Keith Bogans,Roger Mason,Tim Duncan,Tony Parker,2,4:38,LAC,rebound,,,,,,,,,,Chris Kaman,,,,,,off,,
Baron Davis,Chris Kaman,Eric Gordon,Mardy Collins,Rasual Butler,George Hill,Keith Bogans,Roger Mason,Tim Duncan,Tony Parker,2,4:38,LAC,shot,,,,,,,,,,Chris Kaman,,,,missed,,layup,24,6
Baron Davis,Chris Kaman,Eric Gordon,Mardy Collins,Rasual Butler,George Hill,Keith Bogans,Roger Mason,Tim Duncan,Tony Parker,2,4:37,SAS,rebound,,,,,,,,,,Tim Duncan,,,,,,def,,
Baron Davis,Chris Kaman,Eric Gordon,Mardy Collins,Rasual Butler,George Hill,Keith Bogans,Roger Mason,Tim Duncan,Tony Parker,2,4:31,LAC,foul,,,,,,,,Roger Mason,,Mardy Collins,,,,,,shooting,,
Baron Davis,Chris Kaman,Eric Gordon,Mardy Collins,Rasual Butler,George Hill,Keith Bogans,Roger Mason,Tim Duncan,Tony Parker,2,4:31,SAS,free throw,,,,,,,1,,2,Roger Mason,,,foul,made,,,,
Al Thornton,Baron Davis,Chris Kaman,Eric Gordon,Rasual Butler,George Hill,Keith Bogans,Roger Mason,Tim Duncan,Tony Parker,2,4:31,LAC,sub,,,,Al Thornton,,Mardy Collins,,,,,,,,,,,,
Al Thornton,Baron Davis,Chris Kaman,Eric Gordon,Rasual Butler,George Hill,Keith Bogans,Roger Mason,Tim Duncan,Tony Parker,2,4:31,SAS,free throw,,,,,,,2,,2,Roger Mason,,,foul,made,,,,
Al Thornton,Baron Davis,Chris Kaman,Eric Gordon,Rasual Butler,George Hill,Keith Bogans,Roger Mason,Tim Duncan,Tony Parker,2,4:11,SAS,foul,,,,,,,,Al Thornton,,George Hill,,,,,,personal,,
Al Thornton,Baron Davis,Chris Kaman,Eric Gordon,Rasual Butler,Keith Bogans,Manu Ginobili,Roger Mason,Tim Duncan,Tony Parker,2,4:11,SAS,sub,,,,Manu Ginobili,,George Hill,,,,,,,,,,,,
Al Thornton,Baron Davis,Chris Kaman,Eric Gordon,Rasual Butler,Keith Bogans,Manu Ginobili,Roger Mason,Tim Duncan,Tony Parker,2,4:07,SAS,foul,,,,,,,,Eric Gordon,,Tony Parker,,,,,,personal,,
Al Thornton,Baron Davis,Chris Kaman,Eric Gordon,Rasual Butler,Keith Bogans,Manu Ginobili,Roger Mason,Tim Duncan,Tony Parker,2,4:07,LAC,free throw,,,,,,,1,,2,Eric Gordon,,,foul,missed,,,,
Al Thornton,Baron Davis,Chris Kaman,Eric Gordon,Rasual Butler,Keith Bogans,Manu Ginobili,Roger Mason,Tim Duncan,Tony Parker,2,4:07,LAC,rebound,,,,,,,,,,,,,,,,,,
Al Thornton,Baron Davis,Chris Kaman,Eric Gordon,Rasual Butler,Keith Bogans,Manu Ginobili,Roger Mason,Tim Duncan,Tony Parker,2,4:07,LAC,free throw,,,,,,,2,,2,Eric Gordon,,,foul,made,,,,
Al Thornton,Baron Davis,Chris Kaman,Eric Gordon,Rasual Butler,Keith Bogans,Manu Ginobili,Roger Mason,Tim Duncan,Tony Parker,2,3:49,SAS,shot,,,,,,,,,,Tim Duncan,2,,,made,,turnaround jump,34,6
Al Thornton,Baron Davis,Chris Kaman,Eric Gordon,Rasual Butler,Keith Bogans,Manu Ginobili,Roger Mason,Tim Duncan,Tony Parker,2,3:36,LAC,shot,Baron Davis,,,,,,,,,Chris Kaman,2,,,made,,layup,27,6
Al Thornton,Baron Davis,Chris Kaman,Eric Gordon,Rasual Butler,Keith Bogans,Manu Ginobili,Roger Mason,Tim Duncan,Tony Parker,2,3:17,SAS,shot,Tim Duncan,,,,,,,,,Roger Mason,2,,,made,,jump,47,7
Al Thornton,Baron Davis,Chris Kaman,Eric Gordon,Rasual Butler,Keith Bogans,Manu Ginobili,Roger Mason,Tim Duncan,Tony Parker,2,3:03,LAC,shot,,,,,,,,,,Baron Davis,2,,,made,,jump bank,11,13
Al Thornton,Baron Davis,Chris Kaman,Eric Gordon,Rasual Butler,Keith Bogans,Manu Ginobili,Roger Mason,Tim Duncan,Tony Parker,2,2:43,LAC,violation,,,,,,,,,,Eric Gordon,,,,,,kicked ball,,
Al Thornton,Baron Davis,Chris Kaman,Eric Gordon,Rasual Butler,Keith Bogans,Manu Ginobili,Roger Mason,Tim Duncan,Tony Parker,2,2:43,LAC,timeout,,,,,,,,,,,,,,,,regular,,
Al Thornton,Baron Davis,Chris Kaman,Eric Gordon,Rasual Butler,Keith Bogans,Manu Ginobili,Roger Mason,Tim Duncan,Tony Parker,2,2:30,SAS,shot,,,,,,,,,,Roger Mason,2,,,made,,jump,46,14
Al Thornton,Baron Davis,Chris Kaman,Eric Gordon,Rasual Butler,Keith Bogans,Manu Ginobili,Roger Mason,Tim Duncan,Tony Parker,2,2:13,LAC,turnover,,,,,,,,,,Chris Kaman,,,bad pass,,Roger Mason,,,
Al Thornton,Baron Davis,Chris Kaman,Eric Gordon,Rasual Butler,Keith Bogans,Manu Ginobili,Roger Mason,Tim Duncan,Tony Parker,2,2:03,SAS,shot,Tony Parker,,,,,,,,,Keith Bogans,3,,,made,,3pt,49,7
Al Thornton,Baron Davis,Chris Kaman,Eric Gordon,Rasual Butler,Keith Bogans,Manu Ginobili,Roger Mason,Tim Duncan,Tony Parker,2,1:46,LAC,shot,,,,,,,,,,Baron Davis,,,,missed,,jump,13,19
Al Thornton,Baron Davis,Chris Kaman,Eric Gordon,Rasual Butler,Keith Bogans,Manu Ginobili,Roger Mason,Tim Duncan,Tony Parker,2,1:46,LAC,rebound,,,,,,,,,,Chris Kaman,,,,,,off,,
Al Thornton,Baron Davis,Chris Kaman,Eric Gordon,Rasual Butler,Keith Bogans,Manu Ginobili,Roger Mason,Tim Duncan,Tony Parker,2,1:41,LAC,shot,Eric Gordon,,,,,,,,,Chris Kaman,2,,,made,,jump,10,17
Al Thornton,Baron Davis,Chris Kaman,Eric Gordon,Rasual Butler,Keith Bogans,Manu Ginobili,Roger Mason,Tim Duncan,Tony Parker,2,1:33,LAC,foul,,,,,,,,Roger Mason,,Rasual Butler,,,,,,personal,,
Al Thornton,Baron Davis,Chris Kaman,Eric Gordon,Rasual Butler,Keith Bogans,Manu Ginobili,Roger Mason,Tim Duncan,Tony Parker,2,1:16,SAS,shot,,,,,,,,,,Roger Mason,2,,,made,,pullup jump,10,22
Al Thornton,Baron Davis,Chris Kaman,Eric Gordon,Rasual Butler,Keith Bogans,Manu Ginobili,Roger Mason,Tim Duncan,Tony Parker,2,1:03,LAC,shot,Baron Davis,,,,,,,,,Rasual Butler,2,,,made,,jump,10,18
Al Thornton,Baron Davis,Chris Kaman,Eric Gordon,Rasual Butler,Keith Bogans,Manu Ginobili,Roger Mason,Tim Duncan,Tony Parker,2,1:03,LAC,foul,,,,,,,,Manu Ginobili,,Al Thornton,,,,,,loose ball,,
Al Thornton,Baron Davis,Chris Kaman,Eric Gordon,Rasual Butler,Keith Bogans,Manu Ginobili,Roger Mason,Tim Duncan,Tony Parker,2,1:03,SAS,free throw,,,,,,,1,,2,Manu Ginobili,,,foul,made,,,,
Al Thornton,Baron Davis,Chris Kaman,Eric Gordon,Rasual Butler,Keith Bogans,Manu Ginobili,Roger Mason,Tim Duncan,Tony Parker,2,1:03,SAS,free throw,,,,,,,2,,2,Manu Ginobili,,,foul,made,,,,
Al Thornton,Baron Davis,Chris Kaman,Eric Gordon,Rasual Butler,Keith Bogans,Manu Ginobili,Roger Mason,Tim Duncan,Tony Parker,2,0:49,LAC,shot,,,,,,,,,,Rasual Butler,,,,missed,,jump,24,14
Al Thornton,Baron Davis,Chris Kaman,Eric Gordon,Rasual Butler,Keith Bogans,Manu Ginobili,Roger Mason,Tim Duncan,Tony Parker,2,0:48,LAC,rebound,,,,,,,,,,Al Thornton,,,,,,off,,
Al Thornton,Baron Davis,Chris Kaman,Eric Gordon,Rasual Butler,Keith Bogans,Manu Ginobili,Roger Mason,Tim Duncan,Tony Parker,2,0:40,LAC,shot,,,,,,,,,,Rasual Butler,2,,,made,,pullup bank,19,10
Al Thornton,Baron Davis,Chris Kaman,Eric Gordon,Rasual Butler,Keith Bogans,Manu Ginobili,Roger Mason,Tim Duncan,Tony Parker,2,0:28,SAS,shot,Roger Mason,,,,,,,,,Tony Parker,2,,,made,,jump,42,6
Al Thornton,Baron Davis,Chris Kaman,Eric Gordon,Rasual Butler,Keith Bogans,Manu Ginobili,Roger Mason,Tim Duncan,Tony Parker,2,0:01,LAC,shot,,,,,,,,,,Baron Davis,,,,missed,,3pt,17,36
Al Thornton,Baron Davis,Chris Kaman,Eric Gordon,Rasual Butler,Keith Bogans,Manu Ginobili,Roger Mason,Tim Duncan,Tony Parker,2,0:01,SAS,rebound,,,,,,,,,,Tony Parker,,,,,,def,,
Al Thornton,Baron Davis,Chris Kaman,Eric Gordon,Rasual Butler,Keith Bogans,Manu Ginobili,Roger Mason,Tim Duncan,Tony Parker,2,0:00,SAS,shot,,,,,,,,,,Tony Parker,,,,missed,,3pt,23,47
Al Thornton,Baron Davis,Chris Kaman,Eric Gordon,Rasual Butler,Keith Bogans,Manu Ginobili,Roger Mason,Tim Duncan,Tony Parker,2,0:00,SAS,rebound,,,,,,,,,,,,,,,,,,
Al Thornton,Baron Davis,Chris Kaman,Eric Gordon,Marcus Camby,DeJuan Blair,Keith Bogans,Richard Jefferson,Tim Duncan,Tony Parker,3,11:45,SAS,shot,,,,,,,,,,Tony Parker,,,,missed,,layup,25,6
Al Thornton,Baron Davis,Chris Kaman,Eric Gordon,Marcus Camby,DeJuan Blair,Keith Bogans,Richard Jefferson,Tim Duncan,Tony Parker,3,11:44,LAC,rebound,,,,,,,,,,Eric Gordon,,,,,,def,,
Al Thornton,Baron Davis,Chris Kaman,Eric Gordon,Marcus Camby,DeJuan Blair,Keith Bogans,Richard Jefferson,Tim Duncan,Tony Parker,3,11:34,LAC,shot,Baron Davis,,,,,,,,,Chris Kaman,2,,,made,,reverse layup,24,5
Al Thornton,Baron Davis,Chris Kaman,Eric Gordon,Marcus Camby,DeJuan Blair,Keith Bogans,Richard Jefferson,Tim Duncan,Tony Parker,3,11:09,SAS,shot,,,,,,,,,,Richard Jefferson,,,,missed,,jump,10,20
Al Thornton,Baron Davis,Chris Kaman,Eric Gordon,Marcus Camby,DeJuan Blair,Keith Bogans,Richard Jefferson,Tim Duncan,Tony Parker,3,11:08,LAC,rebound,,,,,,,,,,Chris Kaman,,,,,,def,,
Al Thornton,Baron Davis,Chris Kaman,Eric Gordon,Marcus Camby,DeJuan Blair,Keith Bogans,Richard Jefferson,Tim Duncan,Tony Parker,3,11:02,LAC,turnover,,,,,,,,,,Al Thornton,,,bad pass,,Keith Bogans,,,
Al Thornton,Baron Davis,Chris Kaman,Eric Gordon,Marcus Camby,DeJuan Blair,Keith Bogans,Richard Jefferson,Tim Duncan,Tony Parker,3,10:51,SAS,shot,,,,,,,,,,Keith Bogans,2,,,made,,driving layup,24,6
Al Thornton,Baron Davis,Chris Kaman,Eric Gordon,Marcus Camby,DeJuan Blair,Keith Bogans,Richard Jefferson,Tim Duncan,Tony Parker,3,10:29,LAC,shot,,,,,,,,,,Chris Kaman,2,,,made,,reverse layup,25,6
Al Thornton,Baron Davis,Chris Kaman,Eric Gordon,Marcus Camby,DeJuan Blair,Keith Bogans,Richard Jefferson,Tim Duncan,Tony Parker,3,10:14,SAS,shot,,,Marcus Camby,,,,,,,Keith Bogans,,,,missed,,layup,25,5
Al Thornton,Baron Davis,Chris Kaman,Eric Gordon,Marcus Camby,DeJuan Blair,Keith Bogans,Richard Jefferson,Tim Duncan,Tony Parker,3,10:13,SAS,rebound,,,,,,,,,,DeJuan Blair,,,,,,off,,
Al Thornton,Baron Davis,Chris Kaman,Eric Gordon,Marcus Camby,DeJuan Blair,Keith Bogans,Richard Jefferson,Tim Duncan,Tony Parker,3,10:13,LAC,foul,,,,,,,,DeJuan Blair,,Baron Davis,,,,,,shooting,,
Al Thornton,Baron Davis,Chris Kaman,Eric Gordon,Marcus Camby,DeJuan Blair,Keith Bogans,Richard Jefferson,Tim Duncan,Tony Parker,3,10:13,SAS,free throw,,,,,,,1,,2,DeJuan Blair,,,foul,missed,,,,
Al Thornton,Baron Davis,Chris Kaman,Eric Gordon,Marcus Camby,DeJuan Blair,Keith Bogans,Richard Jefferson,Tim Duncan,Tony Parker,3,10:13,SAS,rebound,,,,,,,,,,,,,,,,,,
Al Thornton,Baron Davis,Chris Kaman,Eric Gordon,Marcus Camby,DeJuan Blair,Keith Bogans,Richard Jefferson,Tim Duncan,Tony Parker,3,10:13,SAS,free throw,,,,,,,2,,2,DeJuan Blair,,,foul,missed,,,,
Al Thornton,Baron Davis,Chris Kaman,Eric Gordon,Marcus Camby,DeJuan Blair,Keith Bogans,Richard Jefferson,Tim Duncan,Tony Parker,3,10:13,LAC,rebound,,,,,,,,,,Chris Kaman,,,,,,def,,
Al Thornton,Baron Davis,Chris Kaman,Eric Gordon,Marcus Camby,DeJuan Blair,Keith Bogans,Richard Jefferson,Tim Duncan,Tony Parker,3,9:54,LAC,shot,,,,,,,,,,Eric Gordon,,,,missed,,turnaround fade away,11,7
Al Thornton,Baron Davis,Chris Kaman,Eric Gordon,Marcus Camby,DeJuan Blair,Keith Bogans,Richard Jefferson,Tim Duncan,Tony Parker,3,9:53,LAC,rebound,,,,,,,,,,Marcus Camby,,,,,,off,,
Al Thornton,Baron Davis,Chris Kaman,Eric Gordon,Marcus Camby,DeJuan Blair,Keith Bogans,Richard Jefferson,Tim Duncan,Tony Parker,3,9:53,LAC,shot,,,,,,,,,,Marcus Camby,2,,,made,,tip,25,6
Al Thornton,Baron Davis,Chris Kaman,Eric Gordon,Marcus Camby,DeJuan Blair,Keith Bogans,Richard Jefferson,Tim Duncan,Tony Parker,3,9:36,SAS,turnover,,,,,,,,,,Richard Jefferson,,,lost ball,,Chris Kaman,,,
Al Thornton,Baron Davis,Chris Kaman,Eric Gordon,Marcus Camby,DeJuan Blair,Keith Bogans,Richard Jefferson,Tim Duncan,Tony Parker,3,9:32,LAC,shot,,,,,,,,,,Eric Gordon,,,,missed,,layup,27,5
Al Thornton,Baron Davis,Chris Kaman,Eric Gordon,Marcus Camby,DeJuan Blair,Keith Bogans,Richard Jefferson,Tim Duncan,Tony Parker,3,9:31,SAS,rebound,,,,,,,,,,Richard Jefferson,,,,,,def,,
Al Thornton,Baron Davis,Chris Kaman,Eric Gordon,Marcus Camby,DeJuan Blair,Keith Bogans,Richard Jefferson,Tim Duncan,Tony Parker,3,9:18,LAC,foul,,,,,,,,Tim Duncan,,Chris Kaman,,,,,,shooting,,
Al Thornton,Baron Davis,Chris Kaman,Eric Gordon,Marcus Camby,DeJuan Blair,Keith Bogans,Richard Jefferson,Tim Duncan,Tony Parker,3,9:18,SAS,free throw,,,,,,,1,,2,Tim Duncan,,,foul,made,,,,
Al Thornton,Baron Davis,Chris Kaman,Eric Gordon,Marcus Camby,DeJuan Blair,Keith Bogans,Richard Jefferson,Tim Duncan,Tony Parker,3,9:18,SAS,free throw,,,,,,,2,,2,Tim Duncan,,,foul,made,,,,
Al Thornton,Baron Davis,Chris Kaman,Eric Gordon,Marcus Camby,DeJuan Blair,Keith Bogans,Richard Jefferson,Tim Duncan,Tony Parker,3,8:59,LAC,shot,,,,,,,,,,Marcus Camby,,,,missed,,jump,39,9
Al Thornton,Baron Davis,Chris Kaman,Eric Gordon,Marcus Camby,DeJuan Blair,Keith Bogans,Richard Jefferson,Tim Duncan,Tony Parker,3,8:58,SAS,rebound,,,,,,,,,,DeJuan Blair,,,,,,def,,
Al Thornton,Baron Davis,Chris Kaman,Eric Gordon,Marcus Camby,DeJuan Blair,Keith Bogans,Richard Jefferson,Tim Duncan,Tony Parker,3,8:46,SAS,shot,,,Al Thornton,,,,,,,Richard Jefferson,,,,missed,,layup,26,9
Al Thornton,Baron Davis,Chris Kaman,Eric Gordon,Marcus Camby,DeJuan Blair,Keith Bogans,Richard Jefferson,Tim Duncan,Tony Parker,3,8:43,LAC,rebound,,,,,,,,,,Al Thornton,,,,,,def,,
Al Thornton,Baron Davis,Chris Kaman,Eric Gordon,Marcus Camby,DeJuan Blair,Keith Bogans,Richard Jefferson,Tim Duncan,Tony Parker,3,8:33,LAC,shot,,,,,,,,,,Eric Gordon,,,,missed,,3pt,10,27
Al Thornton,Baron Davis,Chris Kaman,Eric Gordon,Marcus Camby,DeJuan Blair,Keith Bogans,Richard Jefferson,Tim Duncan,Tony Parker,3,8:32,SAS,rebound,,,,,,,,,,Keith Bogans,,,,,,def,,
Al Thornton,Baron Davis,Chris Kaman,Eric Gordon,Marcus Camby,DeJuan Blair,Keith Bogans,Richard Jefferson,Tim Duncan,Tony Parker,3,8:23,SAS,shot,Tony Parker,,,,,,,,,Tim Duncan,2,,,made,,jump,22,23
Al Thornton,Baron Davis,Chris Kaman,Eric Gordon,Marcus Camby,DeJuan Blair,Keith Bogans,Richard Jefferson,Tim Duncan,Tony Parker,3,8:05,LAC,turnover,,,,,,,,,,Marcus Camby,,,bad pass,,,,,
Al Thornton,Baron Davis,Chris Kaman,Eric Gordon,Marcus Camby,DeJuan Blair,Keith Bogans,Richard Jefferson,Tim Duncan,Tony Parker,3,7:44,LAC,foul,,,,,,,,Tim Duncan,,Baron Davis,,,,,,shooting,,
Al Thornton,Baron Davis,Chris Kaman,Eric Gordon,Marcus Camby,DeJuan Blair,Keith Bogans,Richard Jefferson,Tim Duncan,Tony Parker,3,7:44,SAS,free throw,,,,,,,1,,2,Tim Duncan,,,foul,made,,,,
Al Thornton,Baron Davis,Chris Kaman,Eric Gordon,Marcus Camby,DeJuan Blair,Keith Bogans,Richard Jefferson,Tim Duncan,Tony Parker,3,7:44,SAS,free throw,,,,,,,2,,2,Tim Duncan,,,foul,missed,,,,
Al Thornton,Baron Davis,Chris Kaman,Eric Gordon,Marcus Camby,DeJuan Blair,Keith Bogans,Richard Jefferson,Tim Duncan,Tony Parker,3,7:42,LAC,rebound,,,,,,,,,,Chris Kaman,,,,,,def,,
Al Thornton,Baron Davis,Chris Kaman,Eric Gordon,Marcus Camby,DeJuan Blair,Keith Bogans,Richard Jefferson,Tim Duncan,Tony Parker,3,7:18,LAC,shot,,,,,,,,,,Baron Davis,,,,missed,,3pt,9,26
Al Thornton,Baron Davis,Chris Kaman,Eric Gordon,Marcus Camby,DeJuan Blair,Keith Bogans,Richard Jefferson,Tim Duncan,Tony Parker,3,7:17,LAC,rebound,,,,,,,,,,Chris Kaman,,,,,,off,,
Al Thornton,Baron Davis,Chris Kaman,Eric Gordon,Marcus Camby,DeJuan Blair,Keith Bogans,Richard Jefferson,Tim Duncan,Tony Parker,3,7:09,LAC,shot,,,,,,,,,,Al Thornton,2,,,made,,pullup jump,17,18
Al Thornton,Baron Davis,Chris Kaman,Eric Gordon,Marcus Camby,DeJuan Blair,Keith Bogans,Richard Jefferson,Tim Duncan,Tony Parker,3,6:46,SAS,shot,,,,,,,,,,DeJuan Blair,,,,missed,,jump,20,15
Al Thornton,Baron Davis,Chris Kaman,Eric Gordon,Marcus Camby,DeJuan Blair,Keith Bogans,Richard Jefferson,Tim Duncan,Tony Parker,3,6:43,LAC,rebound,,,,,,,,,,Chris Kaman,,,,,,def,,
Al Thornton,Baron Davis,Chris Kaman,Eric Gordon,Marcus Camby,DeJuan Blair,Keith Bogans,Richard Jefferson,Tim Duncan,Tony Parker,3,6:38,LAC,shot,,,,,,,,,,Baron Davis,2,,,made,,layup,26,6
Al Thornton,Baron Davis,Chris Kaman,Eric Gordon,Marcus Camby,DeJuan Blair,Keith Bogans,Richard Jefferson,Tim Duncan,Tony Parker,3,6:38,SAS,timeout,,,,,,,,,,,,,,,,regular,,
Al Thornton,Baron Davis,Chris Kaman,Eric Gordon,Marcus Camby,DeJuan Blair,Keith Bogans,Manu Ginobili,Tim Duncan,Tony Parker,3,6:38,SAS,sub,,,,Manu Ginobili,,Richard Jefferson,,,,,,,,,,,,
Al Thornton,Baron Davis,Chris Kaman,Eric Gordon,Marcus Camby,DeJuan Blair,Keith Bogans,Manu Ginobili,Tim Duncan,Tony Parker,3,6:23,SAS,shot,,,,,,,,,,Tony Parker,2,,,made,,driving layup,26,6
Al Thornton,Baron Davis,Chris Kaman,Eric Gordon,Marcus Camby,DeJuan Blair,Keith Bogans,Manu Ginobili,Tim Duncan,Tony Parker,3,5:56,LAC,shot,,,,,,,,,,Al Thornton,2,,,made,,turnaround jump,12,7
Al Thornton,Baron Davis,Chris Kaman,Eric Gordon,Marcus Camby,DeJuan Blair,Keith Bogans,Manu Ginobili,Tim Duncan,Tony Parker,3,5:32,SAS,shot,Manu Ginobili,,,,,,,,,DeJuan Blair,2,,,made,,layup,26,6
Al Thornton,Baron Davis,Chris Kaman,Eric Gordon,Marcus Camby,DeJuan Blair,Keith Bogans,Manu Ginobili,Tim Duncan,Tony Parker,3,5:32,LAC,foul,,,,,,,,DeJuan Blair,,Chris Kaman,,,,,,shooting,,
Al Thornton,Baron Davis,Chris Kaman,Eric Gordon,Marcus Camby,DeJuan Blair,Keith Bogans,Manu Ginobili,Tim Duncan,Tony Parker,3,5:32,SAS,free throw,,,,,,,1,,1,DeJuan Blair,,,foul,missed,,,,
Al Thornton,Baron Davis,Chris Kaman,Eric Gordon,Marcus Camby,DeJuan Blair,Keith Bogans,Manu Ginobili,Tim Duncan,Tony Parker,3,5:31,LAC,rebound,,,,,,,,,,Chris Kaman,,,,,,def,,
Al Thornton,Baron Davis,Chris Kaman,Eric Gordon,Marcus Camby,DeJuan Blair,Keith Bogans,Manu Ginobili,Tim Duncan,Tony Parker,3,5:07,LAC,shot,Baron Davis,,,,,,,,,Marcus Camby,2,,,made,,reverse layup,27,5
Al Thornton,Baron Davis,Chris Kaman,Eric Gordon,Marcus Camby,DeJuan Blair,Keith Bogans,Manu Ginobili,Tim Duncan,Tony Parker,3,4:48,LAC,foul,,,,,,,,Tony Parker,,Baron Davis,,,,,,personal,,
Al Thornton,Baron Davis,Chris Kaman,Eric Gordon,Marcus Camby,DeJuan Blair,Keith Bogans,Manu Ginobili,Tim Duncan,Tony Parker,3,4:48,SAS,free throw,,,,,,,1,,2,Tony Parker,,,foul,made,,,,
Al Thornton,Baron Davis,Chris Kaman,Eric Gordon,Marcus Camby,DeJuan Blair,Keith Bogans,Manu Ginobili,Tim Duncan,Tony Parker,3,4:48,SAS,free throw,,,,,,,2,,2,Tony Parker,,,foul,made,,,,
Al Thornton,Baron Davis,Chris Kaman,Eric Gordon,Marcus Camby,DeJuan Blair,Keith Bogans,Manu Ginobili,Tim Duncan,Tony Parker,3,4:37,SAS,foul,,,,,,,,Baron Davis,,Tony Parker,,,,,,personal,,
Al Thornton,Baron Davis,Chris Kaman,Eric Gordon,Marcus Camby,DeJuan Blair,Keith Bogans,Manu Ginobili,Tim Duncan,Tony Parker,3,4:27,LAC,shot,,,,,,,,,,Al Thornton,,,,missed,,turnaround jump,30,15
Al Thornton,Baron Davis,Chris Kaman,Eric Gordon,Marcus Camby,DeJuan Blair,Keith Bogans,Manu Ginobili,Tim Duncan,Tony Parker,3,4:25,SAS,rebound,,,,,,,,,,DeJuan Blair,,,,,,def,,
Al Thornton,Baron Davis,Chris Kaman,Eric Gordon,Marcus Camby,DeJuan Blair,Keith Bogans,Manu Ginobili,Tim Duncan,Tony Parker,3,4:16,LAC,foul,,,,,,,,Tony Parker,,Marcus Camby,,,,,,shooting,,
Al Thornton,Baron Davis,Chris Kaman,Eric Gordon,Marcus Camby,DeJuan Blair,Keith Bogans,Manu Ginobili,Tim Duncan,Tony Parker,3,4:16,SAS,free throw,,,,,,,1,,2,Tony Parker,,,foul,made,,,,
Al Thornton,Baron Davis,Chris Kaman,Eric Gordon,Marcus Camby,Antonio McDyess,Keith Bogans,Manu Ginobili,Tim Duncan,Tony Parker,3,4:16,SAS,sub,,,,Antonio McDyess,,DeJuan Blair,,,,,,,,,,,,
Al Thornton,Baron Davis,Chris Kaman,Eric Gordon,Marcus Camby,Antonio McDyess,Keith Bogans,Manu Ginobili,Tim Duncan,Tony Parker,3,4:16,SAS,free throw,,,,,,,2,,2,Tony Parker,,,foul,made,,,,
Al Thornton,Baron Davis,Chris Kaman,Eric Gordon,Marcus Camby,Antonio McDyess,Keith Bogans,Manu Ginobili,Tim Duncan,Tony Parker,3,4:00,LAC,turnover,,,,,,,,,,Al Thornton,,,bad pass,,Tim Duncan,,,
Al Thornton,Baron Davis,Chris Kaman,Eric Gordon,Marcus Camby,Antonio McDyess,Keith Bogans,Manu Ginobili,Tim Duncan,Tony Parker,3,3:45,SAS,shot,,,,,,,,,,Tim Duncan,,,,missed,,jump bank,37,11
Al Thornton,Baron Davis,Chris Kaman,Eric Gordon,Marcus Camby,Antonio McDyess,Keith Bogans,Manu Ginobili,Tim Duncan,Tony Parker,3,3:42,SAS,rebound,,,,,,,,,,Antonio McDyess,,,,,,off,,
Al Thornton,Baron Davis,Chris Kaman,Eric Gordon,Marcus Camby,Antonio McDyess,Keith Bogans,Manu Ginobili,Tim Duncan,Tony Parker,3,3:31,SAS,shot,,,,,,,,,,Tony Parker,2,,,made,,step back jump,40,15
Al Thornton,Baron Davis,Chris Kaman,Eric Gordon,Marcus Camby,Antonio McDyess,Keith Bogans,Manu Ginobili,Tim Duncan,Tony Parker,3,3:21,LAC,turnover,,,,,,,,,,Baron Davis,,,bad pass,,Manu Ginobili,,,
Al Thornton,Baron Davis,Chris Kaman,Eric Gordon,Marcus Camby,Antonio McDyess,Keith Bogans,Manu Ginobili,Tim Duncan,Tony Parker,3,3:21,LAC,foul,,,,,,,,Manu Ginobili,,Baron Davis,,,,,,loose ball,,
Al Thornton,Baron Davis,Chris Kaman,Eric Gordon,Marcus Camby,Antonio McDyess,Keith Bogans,Manu Ginobili,Tim Duncan,Tony Parker,3,3:21,SAS,free throw,,,,,,,1,,2,Manu Ginobili,,,foul,made,,,,
Al Thornton,Baron Davis,Chris Kaman,Eric Gordon,Marcus Camby,Antonio McDyess,Keith Bogans,Manu Ginobili,Theo Ratliff,Tony Parker,3,3:21,SAS,sub,,,,Theo Ratliff,,Tim Duncan,,,,,,,,,,,,
Al Thornton,Baron Davis,Chris Kaman,Eric Gordon,Marcus Camby,Antonio McDyess,Manu Ginobili,Richard Jefferson,Theo Ratliff,Tony Parker,3,3:21,SAS,sub,,,,Richard Jefferson,,Keith Bogans,,,,,,,,,,,,
Al Thornton,Chris Kaman,Eric Gordon,Marcus Camby,Sebastian Telfair,Antonio McDyess,Manu Ginobili,Richard Jefferson,Theo Ratliff,Tony Parker,3,3:21,LAC,sub,,,,Sebastian Telfair,,Baron Davis,,,,,,,,,,,,
Al Thornton,Chris Kaman,Eric Gordon,Marcus Camby,Sebastian Telfair,Antonio McDyess,Manu Ginobili,Richard Jefferson,Theo Ratliff,Tony Parker,3,3:21,SAS,free throw,,,,,,,2,,2,Manu Ginobili,,,foul,made,,,,
Al Thornton,Chris Kaman,Eric Gordon,Marcus Camby,Sebastian Telfair,Antonio McDyess,Manu Ginobili,Richard Jefferson,Theo Ratliff,Tony Parker,3,3:07,LAC,shot,Eric Gordon,,,,,,,,,Chris Kaman,2,,,made,,jump,9,14
Al Thornton,Chris Kaman,Eric Gordon,Marcus Camby,Sebastian Telfair,Antonio McDyess,Manu Ginobili,Richard Jefferson,Theo Ratliff,Tony Parker,3,2:51,SAS,turnover,,,,,,,,,,Theo Ratliff,,,traveling,,,,,
Al Thornton,Chris Kaman,Eric Gordon,Marcus Camby,Sebastian Telfair,Antonio McDyess,Manu Ginobili,Richard Jefferson,Theo Ratliff,Tony Parker,3,2:51,LAC,timeout,,,,,,,,,,,,,,,,regular,,
Al Thornton,Chris Kaman,Eric Gordon,Marcus Camby,Sebastian Telfair,Antonio McDyess,George Hill,Manu Ginobili,Richard Jefferson,Theo Ratliff,3,2:51,SAS,sub,,,,George Hill,,Tony Parker,,,,,,,,,,,,
Chris Kaman,Eric Gordon,Marcus Camby,Rasual Butler,Sebastian Telfair,Antonio McDyess,George Hill,Manu Ginobili,Richard Jefferson,Theo Ratliff,3,2:51,LAC,sub,,,,Rasual Butler,,Al Thornton,,,,,,,,,,,,
Chris Kaman,Eric Gordon,Marcus Camby,Rasual Butler,Sebastian Telfair,Antonio McDyess,George Hill,Manu Ginobili,Richard Jefferson,Theo Ratliff,3,2:36,LAC,shot,,,,,,,,,,Chris Kaman,,,,missed,,turnaround hook,21,11
Chris Kaman,Eric Gordon,Marcus Camby,Rasual Butler,Sebastian Telfair,Antonio McDyess,George Hill,Manu Ginobili,Richard Jefferson,Theo Ratliff,3,2:34,SAS,rebound,,,,,,,,,,Antonio McDyess,,,,,,def,,
Chris Kaman,Eric Gordon,Marcus Camby,Rasual Butler,Sebastian Telfair,Antonio McDyess,George Hill,Manu Ginobili,Richard Jefferson,Theo Ratliff,3,2:19,SAS,shot,Theo Ratliff,,,,,,,,,Richard Jefferson,2,,,made,,jump,23,17
Chris Kaman,Eric Gordon,Marcus Camby,Rasual Butler,Sebastian Telfair,Antonio McDyess,George Hill,Manu Ginobili,Richard Jefferson,Theo Ratliff,3,2:00,LAC,shot,,,,,,,,,,Eric Gordon,,,,missed,,3pt,20,30
Chris Kaman,Eric Gordon,Marcus Camby,Rasual Butler,Sebastian Telfair,Antonio McDyess,George Hill,Manu Ginobili,Richard Jefferson,Theo Ratliff,3,2:00,SAS,rebound,,,,,,,,,,,,,,,,,,
Chris Kaman,Eric Gordon,Marcus Camby,Rasual Butler,Sebastian Telfair,Antonio McDyess,George Hill,Manu Ginobili,Richard Jefferson,Theo Ratliff,3,1:42,SAS,shot,George Hill,,,,,,,,,Antonio McDyess,2,,,made,,jump,39,12
Chris Kaman,Eric Gordon,Marcus Camby,Rasual Butler,Sebastian Telfair,Antonio McDyess,George Hill,Manu Ginobili,Richard Jefferson,Theo Ratliff,3,1:23,LAC,shot,,,,,,,,,,Chris Kaman,2,,,made,,layup,25,6
Chris Kaman,Eric Gordon,Marcus Camby,Rasual Butler,Sebastian Telfair,Antonio McDyess,George Hill,Manu Ginobili,Richard Jefferson,Theo Ratliff,3,1:00,SAS,shot,Theo Ratliff,,,,,,,,,Manu Ginobili,3,,,made,,3pt,41,24
Chris Kaman,Eric Gordon,Marcus Camby,Rasual Butler,Sebastian Telfair,Antonio McDyess,George Hill,Manu Ginobili,Richard Jefferson,Theo Ratliff,3,0:44,LAC,jump ball,,Chris Kaman,,,George Hill,,,,,,,Eric Gordon,,,,,,
Chris Kaman,Eric Gordon,Marcus Camby,Rasual Butler,Sebastian Telfair,Antonio McDyess,George Hill,Manu Ginobili,Richard Jefferson,Theo Ratliff,3,0:37,SAS,foul,,,,,,,,Chris Kaman,,Theo Ratliff,,,,,,personal,,
Chris Kaman,Eric Gordon,Marcus Camby,Rasual Butler,Sebastian Telfair,Antonio McDyess,George Hill,Manu Ginobili,Richard Jefferson,Theo Ratliff,3,0:33,LAC,shot,,,,,,,,,,Rasual Butler,,,,missed,,3pt,7,24
Chris Kaman,Eric Gordon,Marcus Camby,Rasual Butler,Sebastian Telfair,Antonio McDyess,George Hill,Manu Ginobili,Richard Jefferson,Theo Ratliff,3,0:32,SAS,rebound,,,,,,,,,,Manu Ginobili,,,,,,def,,
Chris Kaman,Eric Gordon,Marcus Camby,Rasual Butler,Sebastian Telfair,Antonio McDyess,George Hill,Manu Ginobili,Richard Jefferson,Theo Ratliff,3,0:28,LAC,foul,,,,,,,,Richard Jefferson,,Marcus Camby,,,,,,flagrant type 1,,
Chris Kaman,Eric Gordon,Marcus Camby,Rasual Butler,Sebastian Telfair,Antonio McDyess,George Hill,Manu Ginobili,Richard Jefferson,Theo Ratliff,3,0:28,SAS,free throw,,,,,,,2,,2,Richard Jefferson,,,flagrant,made,,,,
Chris Kaman,Eric Gordon,Marcus Camby,Rasual Butler,Sebastian Telfair,Antonio McDyess,George Hill,Manu Ginobili,Richard Jefferson,Theo Ratliff,3,0:28,SAS,free throw,,,,,,,1,,1,Richard Jefferson,,,flagrant,made,,,,
Brian Skinner,Eric Gordon,Marcus Camby,Rasual Butler,Sebastian Telfair,Antonio McDyess,George Hill,Manu Ginobili,Richard Jefferson,Theo Ratliff,3,0:28,LAC,sub,,,,Brian Skinner,,Chris Kaman,,,,,,,,,,,,
Brian Skinner,Eric Gordon,Marcus Camby,Rasual Butler,Sebastian Telfair,Antonio McDyess,George Hill,Manu Ginobili,Richard Jefferson,Theo Ratliff,3,0:04,SAS,shot,,,,,,,,,,George Hill,,,,missed,,pullup jump,39,17
Brian Skinner,Eric Gordon,Marcus Camby,Rasual Butler,Sebastian Telfair,Antonio McDyess,George Hill,Manu Ginobili,Richard Jefferson,Theo Ratliff,3,0:02,SAS,rebound,,,,,,,,,,Theo Ratliff,,,,,,off,,
Brian Skinner,Eric Gordon,Marcus Camby,Rasual Butler,Sebastian Telfair,Antonio McDyess,George Hill,Manu Ginobili,Richard Jefferson,Theo Ratliff,3,0:02,SAS,shot,,,,,,,,,,Theo Ratliff,,,,missed,,jump,9,5
Brian Skinner,Eric Gordon,Marcus Camby,Rasual Butler,Sebastian Telfair,Antonio McDyess,George Hill,Manu Ginobili,Richard Jefferson,Theo Ratliff,3,0:01,SAS,rebound,,,,,,,,,,George Hill,,,,,,off,,
Brian Skinner,Eric Gordon,Marcus Camby,Rasual Butler,Sebastian Telfair,Antonio McDyess,George Hill,Manu Ginobili,Richard Jefferson,Theo Ratliff,3,0:01,SAS,shot,,,,,,,,,,George Hill,,,,missed,,putback layup,26,7
Brian Skinner,Eric Gordon,Marcus Camby,Rasual Butler,Sebastian Telfair,Antonio McDyess,George Hill,Manu Ginobili,Richard Jefferson,Theo Ratliff,3,0:00,SAS,rebound,,,,,,,,,,,,,,,,,,
Al Thornton,Brian Skinner,Craig Smith,Rasual Butler,Sebastian Telfair,Antonio McDyess,George Hill,Manu Ginobili,Richard Jefferson,Theo Ratliff,4,11:47,LAC,turnover,,,,,,,,,,Rasual Butler,,,out of bounds lost ball turnover,,,,,
Al Thornton,Brian Skinner,Craig Smith,Rasual Butler,Sebastian Telfair,Antonio McDyess,George Hill,Manu Ginobili,Richard Jefferson,Theo Ratliff,4,11:34,SAS,shot,,,,,,,,,,Manu Ginobili,,,,missed,,jump,19,21
Al Thornton,Brian Skinner,Craig Smith,Rasual Butler,Sebastian Telfair,Antonio McDyess,George Hill,Manu Ginobili,Richard Jefferson,Theo Ratliff,4,11:32,LAC,rebound,,,,,,,,,,Al Thornton,,,,,,def,,
Al Thornton,Brian Skinner,Craig Smith,Rasual Butler,Sebastian Telfair,Antonio McDyess,George Hill,Manu Ginobili,Richard Jefferson,Theo Ratliff,4,11:22,LAC,shot,,,,,,,,,,Sebastian Telfair,,,,missed,,jump,19,24
Al Thornton,Brian Skinner,Craig Smith,Rasual Butler,Sebastian Telfair,Antonio McDyess,George Hill,Manu Ginobili,Richard Jefferson,Theo Ratliff,4,11:20,SAS,rebound,,,,,,,,,,Theo Ratliff,,,,,,def,,
Al Thornton,Brian Skinner,Craig Smith,Rasual Butler,Sebastian Telfair,Antonio McDyess,George Hill,Manu Ginobili,Richard Jefferson,Theo Ratliff,4,11:07,LAC,foul,,,,,,,,Richard Jefferson,,Rasual Butler,,,,,,shooting,,
Al Thornton,Brian Skinner,Craig Smith,Rasual Butler,Sebastian Telfair,Antonio McDyess,George Hill,Manu Ginobili,Richard Jefferson,Theo Ratliff,4,11:07,SAS,free throw,,,,,,,1,,2,Richard Jefferson,,,foul,made,,,,
Al Thornton,Brian Skinner,Craig Smith,Rasual Butler,Sebastian Telfair,Antonio McDyess,George Hill,Manu Ginobili,Richard Jefferson,Theo Ratliff,4,11:07,SAS,free throw,,,,,,,2,,2,Richard Jefferson,,,foul,made,,,,
Al Thornton,Brian Skinner,Craig Smith,Rasual Butler,Sebastian Telfair,Antonio McDyess,George Hill,Manu Ginobili,Richard Jefferson,Theo Ratliff,4,10:48,LAC,shot,,,,,,,,,,Craig Smith,,,,missed,,turnaround jump,37,10
Al Thornton,Brian Skinner,Craig Smith,Rasual Butler,Sebastian Telfair,Antonio McDyess,George Hill,Manu Ginobili,Richard Jefferson,Theo Ratliff,4,10:48,LAC,rebound,,,,,,,,,,,,,,,,,,
Al Thornton,Brian Skinner,Craig Smith,Rasual Butler,Sebastian Telfair,Antonio McDyess,George Hill,Manu Ginobili,Richard Jefferson,Theo Ratliff,4,10:45,LAC,turnover,,,,,,,,,,Craig Smith,,,traveling,,,,,
Al Thornton,Brian Skinner,Craig Smith,Rasual Butler,Sebastian Telfair,Antonio McDyess,George Hill,Manu Ginobili,Richard Jefferson,Theo Ratliff,4,10:33,LAC,foul,,,,,,,,Richard Jefferson,,Craig Smith,,,,,,shooting,,
Al Thornton,Brian Skinner,Craig Smith,Rasual Butler,Sebastian Telfair,Antonio McDyess,George Hill,Manu Ginobili,Richard Jefferson,Theo Ratliff,4,10:33,SAS,free throw,,,,,,,1,,2,Richard Jefferson,,,foul,made,,,,
Al Thornton,Brian Skinner,Craig Smith,Rasual Butler,Sebastian Telfair,Antonio McDyess,George Hill,Manu Ginobili,Richard Jefferson,Theo Ratliff,4,10:33,SAS,free throw,,,,,,,2,,2,Richard Jefferson,,,foul,made,,,,
Al Thornton,Brian Skinner,Craig Smith,Rasual Butler,Sebastian Telfair,Antonio McDyess,George Hill,Manu Ginobili,Richard Jefferson,Theo Ratliff,4,10:19,LAC,shot,Craig Smith,,,,,,,,,Al Thornton,2,,,made,,jump,15,22
Al Thornton,Brian Skinner,Craig Smith,Rasual Butler,Sebastian Telfair,Antonio McDyess,George Hill,Manu Ginobili,Richard Jefferson,Theo Ratliff,4,10:06,LAC,violation,,,,,,,,,,Sebastian Telfair,,,,,,kicked ball,,
Al Thornton,Brian Skinner,Craig Smith,Rasual Butler,Sebastian Telfair,Antonio McDyess,George Hill,Manu Ginobili,Roger Mason,Theo Ratliff,4,10:06,SAS,sub,,,,Roger Mason,,Richard Jefferson,,,,,,,,,,,,
Al Thornton,Brian Skinner,Craig Smith,Rasual Butler,Sebastian Telfair,Antonio McDyess,George Hill,Manu Ginobili,Roger Mason,Theo Ratliff,4,9:52,LAC,violation,,,,,,,,,,Al Thornton,,,,,,kicked ball,,
Al Thornton,Brian Skinner,Craig Smith,Rasual Butler,Sebastian Telfair,Antonio McDyess,George Hill,Manu Ginobili,Roger Mason,Theo Ratliff,4,9:45,SAS,shot,George Hill,,,,,,,,,Theo Ratliff,2,,,made,,running jump,17,9
Al Thornton,Brian Skinner,Craig Smith,Rasual Butler,Sebastian Telfair,Antonio McDyess,George Hill,Manu Ginobili,Roger Mason,Theo Ratliff,4,9:21,LAC,shot,Rasual Butler,,,,,,,,,Brian Skinner,2,,,made,,fade away jumper,37,5
Al Thornton,Brian Skinner,Craig Smith,Rasual Butler,Sebastian Telfair,Antonio McDyess,George Hill,Manu Ginobili,Roger Mason,Theo Ratliff,4,9:00,SAS,shot,Roger Mason,,,,,,,,,Antonio McDyess,2,,,made,,jump,39,16
Al Thornton,Brian Skinner,Craig Smith,Rasual Butler,Sebastian Telfair,Antonio McDyess,George Hill,Manu Ginobili,Roger Mason,Theo Ratliff,4,8:50,LAC,shot,,,,,,,,,,Sebastian Telfair,2,,,made,,reverse layup,25,5
Al Thornton,Brian Skinner,Craig Smith,Rasual Butler,Sebastian Telfair,Antonio McDyess,George Hill,Manu Ginobili,Roger Mason,Theo Ratliff,4,8:33,SAS,turnover,,,,,,,,,,Antonio McDyess,,,bad pass,,,,,
Al Thornton,Brian Skinner,Craig Smith,Rasual Butler,Sebastian Telfair,Antonio McDyess,George Hill,Manu Ginobili,Roger Mason,Theo Ratliff,4,8:33,LAC,timeout,,,,,,,,,,,,,,,,official,,
Al Thornton,Brian Skinner,Craig Smith,Rasual Butler,Sebastian Telfair,Antonio McDyess,George Hill,Manu Ginobili,Roger Mason,Theo Ratliff,4,8:18,LAC,shot,,,,,,,,,,Rasual Butler,,,,missed,,jump,42,11
Al Thornton,Brian Skinner,Craig Smith,Rasual Butler,Sebastian Telfair,Antonio McDyess,George Hill,Manu Ginobili,Roger Mason,Theo Ratliff,4,8:17,LAC,rebound,,,,,,,,,,Al Thornton,,,,,,off,,
Al Thornton,Brian Skinner,Craig Smith,Rasual Butler,Sebastian Telfair,Antonio McDyess,George Hill,Manu Ginobili,Roger Mason,Theo Ratliff,4,8:17,LAC,shot,,,,,,,,,,Al Thornton,,,,missed,,tip,27,5
Al Thornton,Brian Skinner,Craig Smith,Rasual Butler,Sebastian Telfair,Antonio McDyess,George Hill,Manu Ginobili,Roger Mason,Theo Ratliff,4,8:15,LAC,rebound,,,,,,,,,,Rasual Butler,,,,,,off,,
Al Thornton,Brian Skinner,Craig Smith,Rasual Butler,Sebastian Telfair,Antonio McDyess,George Hill,Manu Ginobili,Roger Mason,Theo Ratliff,4,8:14,SAS,foul,,,,,,,,Rasual Butler,,Manu Ginobili,,,,,,shooting,,
Al Thornton,Brian Skinner,Craig Smith,Rasual Butler,Sebastian Telfair,Antonio McDyess,George Hill,Manu Ginobili,Roger Mason,Theo Ratliff,4,8:14,LAC,free throw,,,,,,,1,,2,Rasual Butler,,,foul,made,,,,
Al Thornton,Brian Skinner,Craig Smith,Rasual Butler,Sebastian Telfair,Antonio McDyess,George Hill,Manu Ginobili,Roger Mason,Theo Ratliff,4,8:14,LAC,free throw,,,,,,,2,,2,Rasual Butler,,,foul,made,,,,
Al Thornton,Brian Skinner,Craig Smith,Rasual Butler,Sebastian Telfair,Antonio McDyess,George Hill,Manu Ginobili,Roger Mason,Theo Ratliff,4,7:55,SAS,shot,,,,,,,,,,Roger Mason,2,,,made,,running layup,25,5
Al Thornton,Brian Skinner,Craig Smith,Rasual Butler,Sebastian Telfair,Antonio McDyess,George Hill,Manu Ginobili,Roger Mason,Theo Ratliff,4,7:33,LAC,shot,Sebastian Telfair,,,,,,,,,Rasual Butler,3,,,made,,3pt,32,30
Al Thornton,Brian Skinner,Craig Smith,Rasual Butler,Sebastian Telfair,Antonio McDyess,George Hill,Manu Ginobili,Roger Mason,Theo Ratliff,4,7:08,SAS,shot,,,,,,,,,,Theo Ratliff,,,,missed,,jump bank,21,12
Al Thornton,Brian Skinner,Craig Smith,Rasual Butler,Sebastian Telfair,Antonio McDyess,George Hill,Manu Ginobili,Roger Mason,Theo Ratliff,4,7:07,SAS,rebound,,,,,,,,,,,,,,,,,,
Al Thornton,Brian Skinner,Craig Smith,Rasual Butler,Sebastian Telfair,Antonio McDyess,George Hill,Manu Ginobili,Roger Mason,Theo Ratliff,4,7:03,SAS,shot,Roger Mason,,,,,,,,,Antonio McDyess,2,,,made,,jump,39,18
Al Thornton,Brian Skinner,Craig Smith,Rasual Butler,Sebastian Telfair,Antonio McDyess,George Hill,Manu Ginobili,Roger Mason,Theo Ratliff,4,6:48,SAS,foul,,,,,,,,Brian Skinner,,Theo Ratliff,,,,,,personal,,
Brian Skinner,Craig Smith,Rasual Butler,Sebastian Telfair,Steve Novak,Antonio McDyess,George Hill,Manu Ginobili,Roger Mason,Theo Ratliff,4,6:48,LAC,sub,,,,Steve Novak,,Al Thornton,,,,,,,,,,,,
Brian Skinner,Craig Smith,Rasual Butler,Sebastian Telfair,Steve Novak,DeJuan Blair,George Hill,Manu Ginobili,Roger Mason,Theo Ratliff,4,6:48,SAS,sub,,,,DeJuan Blair,,Antonio McDyess,,,,,,,,,,,,
Brian Skinner,Craig Smith,Rasual Butler,Sebastian Telfair,Steve Novak,DeJuan Blair,George Hill,Manu Ginobili,Roger Mason,Theo Ratliff,4,6:37,LAC,shot,Sebastian Telfair,,,,,,,,,Craig Smith,2,,,made,,turnaround jump,17,8
Brian Skinner,Craig Smith,Rasual Butler,Sebastian Telfair,Steve Novak,DeJuan Blair,George Hill,Manu Ginobili,Roger Mason,Theo Ratliff,4,6:15,SAS,shot,,,,,,,,,,Theo Ratliff,,,,missed,,jump,25,11
Brian Skinner,Craig Smith,Rasual Butler,Sebastian Telfair,Steve Novak,DeJuan Blair,George Hill,Manu Ginobili,Roger Mason,Theo Ratliff,4,6:13,LAC,rebound,,,,,,,,,,Rasual Butler,,,,,,def,,
Brian Skinner,Craig Smith,Rasual Butler,Sebastian Telfair,Steve Novak,DeJuan Blair,George Hill,Manu Ginobili,Roger Mason,Theo Ratliff,4,6:10,SAS,foul,,,,,,,,Sebastian Telfair,,George Hill,,,,,,shooting,,
Brian Skinner,Craig Smith,Rasual Butler,Sebastian Telfair,Steve Novak,DeJuan Blair,George Hill,Manu Ginobili,Roger Mason,Theo Ratliff,4,6:10,LAC,free throw,,,,,,,1,,2,Sebastian Telfair,,,foul,missed,,,,
Brian Skinner,Craig Smith,Rasual Butler,Sebastian Telfair,Steve Novak,DeJuan Blair,George Hill,Manu Ginobili,Roger Mason,Theo Ratliff,4,6:10,LAC,rebound,,,,,,,,,,,,,,,,,,
Brian Skinner,Craig Smith,Rasual Butler,Sebastian Telfair,Steve Novak,DeJuan Blair,George Hill,Manu Ginobili,Roger Mason,Theo Ratliff,4,6:10,LAC,free throw,,,,,,,2,,2,Sebastian Telfair,,,foul,made,,,,
Brian Skinner,Craig Smith,Rasual Butler,Sebastian Telfair,Steve Novak,DeJuan Blair,George Hill,Manu Ginobili,Roger Mason,Theo Ratliff,4,5:56,SAS,shot,,,,,,,,,,Roger Mason,,,,missed,,dunk,24,7
Brian Skinner,Craig Smith,Rasual Butler,Sebastian Telfair,Steve Novak,DeJuan Blair,George Hill,Manu Ginobili,Roger Mason,Theo Ratliff,4,5:53,SAS,rebound,,,,,,,,,,Roger Mason,,,,,,off,,
Brian Skinner,Craig Smith,Rasual Butler,Sebastian Telfair,Steve Novak,DeJuan Blair,George Hill,Manu Ginobili,Roger Mason,Theo Ratliff,4,5:50,SAS,turnover,,,,,,,,,,DeJuan Blair,,,traveling,,,,,
Brian Skinner,Craig Smith,Rasual Butler,Sebastian Telfair,Steve Novak,DeJuan Blair,George Hill,Manu Ginobili,Roger Mason,Theo Ratliff,4,5:50,SAS,timeout,,,,,,,,,,,,,,,,regular,,
Brian Skinner,Craig Smith,Rasual Butler,Sebastian Telfair,Steve Novak,DeJuan Blair,George Hill,Manu Ginobili,Roger Mason,Theo Ratliff,4,5:26,LAC,shot,,,,,,,,,,Sebastian Telfair,,,,missed,,layup,25,6
Brian Skinner,Craig Smith,Rasual Butler,Sebastian Telfair,Steve Novak,DeJuan Blair,George Hill,Manu Ginobili,Roger Mason,Theo Ratliff,4,5:25,LAC,rebound,,,,,,,,,,,,,,,,,,
Brian Skinner,Craig Smith,Rasual Butler,Sebastian Telfair,Steve Novak,DeJuan Blair,George Hill,Manu Ginobili,Roger Mason,Theo Ratliff,4,5:16,LAC,shot,,,,,,,,,,Craig Smith,2,,,made,,floating jump,31,9
Brian Skinner,Craig Smith,Rasual Butler,Sebastian Telfair,Steve Novak,DeJuan Blair,George Hill,Manu Ginobili,Roger Mason,Theo Ratliff,4,4:51,SAS,shot,Roger Mason,,,,,,,,,Theo Ratliff,2,,,made,,jump,26,11
Brian Skinner,Craig Smith,Rasual Butler,Sebastian Telfair,Steve Novak,DeJuan Blair,George Hill,Manu Ginobili,Roger Mason,Theo Ratliff,4,4:34,LAC,shot,Sebastian Telfair,,,,,,,,,Rasual Butler,2,,,made,,jump,21,18
Brian Skinner,Craig Smith,Rasual Butler,Sebastian Telfair,Steve Novak,DeJuan Blair,George Hill,Manu Ginobili,Roger Mason,Theo Ratliff,4,4:09,SAS,shot,Roger Mason,,,,,,,,,Theo Ratliff,2,,,made,,jump,27,20
Brian Skinner,Craig Smith,Rasual Butler,Sebastian Telfair,Steve Novak,DeJuan Blair,George Hill,Manu Ginobili,Roger Mason,Theo Ratliff,4,3:54,LAC,shot,,,,,,,,,,Sebastian Telfair,,,,missed,,jump,25,16
Brian Skinner,Craig Smith,Rasual Butler,Sebastian Telfair,Steve Novak,DeJuan Blair,George Hill,Manu Ginobili,Roger Mason,Theo Ratliff,4,3:53,SAS,rebound,,,,,,,,,,DeJuan Blair,,,,,,def,,
Brian Skinner,Craig Smith,Rasual Butler,Sebastian Telfair,Steve Novak,DeJuan Blair,George Hill,Manu Ginobili,Roger Mason,Theo Ratliff,4,3:40,SAS,shot,,,,,,,,,,Roger Mason,,,,missed,,3pt,49,7
Brian Skinner,Craig Smith,Rasual Butler,Sebastian Telfair,Steve Novak,DeJuan Blair,George Hill,Manu Ginobili,Roger Mason,Theo Ratliff,4,3:38,LAC,rebound,,,,,,,,,,Brian Skinner,,,,,,def,,
Brian Skinner,Craig Smith,Rasual Butler,Sebastian Telfair,Steve Novak,DeJuan Blair,George Hill,Manu Ginobili,Roger Mason,Theo Ratliff,4,3:31,LAC,shot,,,,,,,,,,Steve Novak,,,,missed,,3pt,41,25
Brian Skinner,Craig Smith,Rasual Butler,Sebastian Telfair,Steve Novak,DeJuan Blair,George Hill,Manu Ginobili,Roger Mason,Theo Ratliff,4,3:29,SAS,rebound,,,,,,,,,,George Hill,,,,,,def,,
Brian Skinner,Craig Smith,Rasual Butler,Sebastian Telfair,Steve Novak,DeJuan Blair,George Hill,Manu Ginobili,Roger Mason,Theo Ratliff,4,3:26,SAS,timeout,,,,,,,,,,,,,,,,regular,,
Brian Skinner,Craig Smith,Rasual Butler,Sebastian Telfair,Steve Novak,DeJuan Blair,George Hill,Marcus Haislip,Roger Mason,Theo Ratliff,4,3:26,SAS,sub,,,,Marcus Haislip,,Manu Ginobili,,,,,,,,,,,,
Brian Skinner,Craig Smith,Rasual Butler,Sebastian Telfair,Steve Novak,George Hill,Malik Hairston,Marcus Haislip,Roger Mason,Theo Ratliff,4,3:26,SAS,sub,,,,Malik Hairston,,DeJuan Blair,,,,,,,,,,,,
Craig Smith,DeAndre Jordan,Rasual Butler,Sebastian Telfair,Steve Novak,George Hill,Malik Hairston,Marcus Haislip,Roger Mason,Theo Ratliff,4,3:26,LAC,sub,,,,DeAndre Jordan,,Brian Skinner,,,,,,,,,,,,
Craig Smith,DeAndre Jordan,Rasual Butler,Sebastian Telfair,Steve Novak,George Hill,Malik Hairston,Marcus Haislip,Roger Mason,Theo Ratliff,4,3:15,SAS,shot,,,,,,,,,,Marcus Haislip,,,,missed,,jump,8,10
Craig Smith,DeAndre Jordan,Rasual Butler,Sebastian Telfair,Steve Novak,George Hill,Malik Hairston,Marcus Haislip,Roger Mason,Theo Ratliff,4,3:13,LAC,rebound,,,,,,,,,,DeAndre Jordan,,,,,,def,,
Craig Smith,DeAndre Jordan,Rasual Butler,Sebastian Telfair,Steve Novak,George Hill,Malik Hairston,Marcus Haislip,Roger Mason,Theo Ratliff,4,2:56,LAC,shot,Sebastian Telfair,,,,,,,,,Rasual Butler,2,,,made,,jump,10,13
Craig Smith,DeAndre Jordan,Rasual Butler,Sebastian Telfair,Steve Novak,George Hill,Malik Hairston,Marcus Haislip,Roger Mason,Theo Ratliff,4,2:33,SAS,shot,Malik Hairston,,,,,,,,,George Hill,2,,,made,,jump,32,25
Craig Smith,DeAndre Jordan,Rasual Butler,Sebastian Telfair,Steve Novak,George Hill,Malik Hairston,Marcus Haislip,Roger Mason,Theo Ratliff,4,2:23,LAC,shot,Sebastian Telfair,,,,,,,,,Rasual Butler,3,,,made,,3pt,50,8
Craig Smith,DeAndre Jordan,Rasual Butler,Sebastian Telfair,Steve Novak,George Hill,Malik Hairston,Marcus Haislip,Roger Mason,Theo Ratliff,4,2:06,SAS,shot,,,,,,,,,,Malik Hairston,,,,missed,,layup,24,6
Craig Smith,DeAndre Jordan,Rasual Butler,Sebastian Telfair,Steve Novak,George Hill,Malik Hairston,Marcus Haislip,Roger Mason,Theo Ratliff,4,2:05,LAC,rebound,,,,,,,,,,Steve Novak,,,,,,def,,
Craig Smith,DeAndre Jordan,Rasual Butler,Sebastian Telfair,Steve Novak,George Hill,Malik Hairston,Marcus Haislip,Roger Mason,Theo Ratliff,4,1:53,LAC,shot,,,,,,,,,,Sebastian Telfair,,,,missed,,jump,25,27
Craig Smith,DeAndre Jordan,Rasual Butler,Sebastian Telfair,Steve Novak,George Hill,Malik Hairston,Marcus Haislip,Roger Mason,Theo Ratliff,4,1:52,SAS,rebound,,,,,,,,,,Theo Ratliff,,,,,,def,,
Craig Smith,DeAndre Jordan,Rasual Butler,Sebastian Telfair,Steve Novak,George Hill,Malik Hairston,Marcus Haislip,Roger Mason,Theo Ratliff,4,1:38,SAS,shot,,,,,,,,,,George Hill,,,,missed,,jump,10,20
Craig Smith,DeAndre Jordan,Rasual Butler,Sebastian Telfair,Steve Novak,George Hill,Malik Hairston,Marcus Haislip,Roger Mason,Theo Ratliff,4,1:36,LAC,rebound,,,,,,,,,,DeAndre Jordan,,,,,,def,,
Craig Smith,DeAndre Jordan,Rasual Butler,Sebastian Telfair,Steve Novak,George Hill,Malik Hairston,Marcus Haislip,Roger Mason,Theo Ratliff,4,1:15,LAC,shot,,,,,,,,,,Rasual Butler,,,,missed,,3pt,11,26
Craig Smith,DeAndre Jordan,Rasual Butler,Sebastian Telfair,Steve Novak,George Hill,Malik Hairston,Marcus Haislip,Roger Mason,Theo Ratliff,4,1:14,SAS,rebound,,,,,,,,,,Roger Mason,,,,,,def,,
Craig Smith,DeAndre Jordan,Rasual Butler,Sebastian Telfair,Steve Novak,George Hill,Malik Hairston,Marcus Haislip,Roger Mason,Theo Ratliff,4,0:53,SAS,shot,,,,,,,,,,Roger Mason,,,,missed,,layup,26,6
Craig Smith,DeAndre Jordan,Rasual Butler,Sebastian Telfair,Steve Novak,George Hill,Malik Hairston,Marcus Haislip,Roger Mason,Theo Ratliff,4,0:52,LAC,rebound,,,,,,,,,,Craig Smith,,,,,,def,,
Craig Smith,DeAndre Jordan,Rasual Butler,Sebastian Telfair,Steve Novak,George Hill,Malik Hairston,Marcus Haislip,Roger Mason,Theo Ratliff,4,0:45,LAC,shot,,,,,,,,,,Craig Smith,,,,missed,,layup,26,7
Craig Smith,DeAndre Jordan,Rasual Butler,Sebastian Telfair,Steve Novak,George Hill,Malik Hairston,Marcus Haislip,Roger Mason,Theo Ratliff,4,0:44,SAS,rebound,,,,,,,,,,Marcus Haislip,,,,,,def,,
Craig Smith,DeAndre Jordan,Rasual Butler,Sebastian Telfair,Steve Novak,George Hill,Malik Hairston,Marcus Haislip,Roger Mason,Theo Ratliff,4,0:17,SAS,shot,,,,,,,,,,Marcus Haislip,,,,missed,,jump,19,25
Craig Smith,DeAndre Jordan,Rasual Butler,Sebastian Telfair,Steve Novak,George Hill,Malik Hairston,Marcus Haislip,Roger Mason,Theo Ratliff,4,0:15,LAC,rebound,,,,,,,,,,DeAndre Jordan,,,,,,def,,
Craig Smith,DeAndre Jordan,Rasual Butler,Sebastian Telfair,Steve Novak,George Hill,Malik Hairston,Marcus Haislip,Roger Mason,Theo Ratliff,4,0:10,LAC,turnover,,,,,,,,,,DeAndre Jordan,,,lost ball,,Roger Mason,,,
