a1,a2,a3,a4,a5,h1,h2,h3,h4,h5,period,time,team,etype,assist,away,block,entered,home,left,num,opponent,outof,player,points,possession,reason,result,steal,type,x,y
Anthony Parker,J.J. Hickson,LeBron James,Mo Williams,Shaquille O'Neal,Boris Diaw,Gerald Wallace,Raymond Felton,Stephen Jackson,Tyson Chandler,1,12:00,OFF,jump ball,,Shaquille O'Neal,,,Tyson Chandler,,,,,,,LeBron James,,,,,,
Anthony Parker,J.J. Hickson,LeBron James,Mo Williams,Shaquille O'Neal,Boris Diaw,Gerald Wallace,Raymond Felton,Stephen Jackson,Tyson Chandler,1,11:35,CLE,shot,,,,,,,,,,Anthony Parker,,,,missed,,jump,11,22
Anthony Parker,J.J. Hickson,LeBron James,Mo Williams,Shaquille O'Neal,Boris Diaw,Gerald Wallace,Raymond Felton,Stephen Jackson,Tyson Chandler,1,11:34,CHA,rebound,,,,,,,,,,Gerald Wallace,,,,,,def,,
Anthony Parker,J.J. Hickson,LeBron James,Mo Williams,Shaquille O'Neal,Boris Diaw,Gerald Wallace,Raymond Felton,Stephen Jackson,Tyson Chandler,1,11:21,CHA,shot,,,,,,,,,,Stephen Jackson,,,,missed,,fade away jumper,28,11
Anthony Parker,J.J. Hickson,LeBron James,Mo Williams,Shaquille O'Neal,Boris Diaw,Gerald Wallace,Raymond Felton,Stephen Jackson,Tyson Chandler,1,11:20,CLE,rebound,,,,,,,,,,Anthony Parker,,,,,,def,,
Anthony Parker,J.J. Hickson,LeBron James,Mo Williams,Shaquille O'Neal,Boris Diaw,Gerald Wallace,Raymond Felton,Stephen Jackson,Tyson Chandler,1,11:15,CHA,foul,,,,,,,,Shaquille O'Neal,,Tyson Chandler,,,,,,personal,,
Anthony Parker,J.J. Hickson,LeBron James,Mo Williams,Shaquille O'Neal,Boris Diaw,Gerald Wallace,Nazr Mohammed,Raymond Felton,Stephen Jackson,1,11:15,CHA,sub,,,,Nazr Mohammed,,Tyson Chandler,,,,,,,,,,,,
Anthony Parker,J.J. Hickson,LeBron James,Mo Williams,Shaquille O'Neal,Boris Diaw,Gerald Wallace,Nazr Mohammed,Raymond Felton,Stephen Jackson,1,11:09,CLE,shot,Mo Williams,,,,,,,,,Shaquille O'Neal,2,,,made,,layup,25,6
Anthony Parker,J.J. Hickson,LeBron James,Mo Williams,Shaquille O'Neal,Boris Diaw,Gerald Wallace,Nazr Mohammed,Raymond Felton,Stephen Jackson,1,10:53,CHA,shot,,,,,,,,,,Stephen Jackson,,,,missed,,jump,38,18
Anthony Parker,J.J. Hickson,LeBron James,Mo Williams,Shaquille O'Neal,Boris Diaw,Gerald Wallace,Nazr Mohammed,Raymond Felton,Stephen Jackson,1,10:51,CLE,rebound,,,,,,,,,,LeBron James,,,,,,def,,
Anthony Parker,J.J. Hickson,LeBron James,Mo Williams,Shaquille O'Neal,Boris Diaw,Gerald Wallace,Nazr Mohammed,Raymond Felton,Stephen Jackson,1,10:44,CLE,shot,,,,,,,,,,LeBron James,2,,,made,,driving layup,25,6
Anthony Parker,J.J. Hickson,LeBron James,Mo Williams,Shaquille O'Neal,Boris Diaw,Gerald Wallace,Nazr Mohammed,Raymond Felton,Stephen Jackson,1,10:21,CHA,shot,Stephen Jackson,,,,,,,,,Nazr Mohammed,2,,,made,,jump,16,20
Anthony Parker,J.J. Hickson,LeBron James,Mo Williams,Shaquille O'Neal,Boris Diaw,Gerald Wallace,Nazr Mohammed,Raymond Felton,Stephen Jackson,1,10:00,CLE,shot,Anthony Parker,,,,,,,,,LeBron James,2,,,made,,jump,38,18
Anthony Parker,J.J. Hickson,LeBron James,Mo Williams,Shaquille O'Neal,Boris Diaw,Gerald Wallace,Nazr Mohammed,Raymond Felton,Stephen Jackson,1,9:39,CHA,shot,,,,,,,,,,Stephen Jackson,2,,,made,,layup,25,6
Anthony Parker,J.J. Hickson,LeBron James,Mo Williams,Shaquille O'Neal,Boris Diaw,Gerald Wallace,Nazr Mohammed,Raymond Felton,Stephen Jackson,1,9:20,CLE,shot,,,,,,,,,,Mo Williams,,,,missed,,jump,12,20
Anthony Parker,J.J. Hickson,LeBron James,Mo Williams,Shaquille O'Neal,Boris Diaw,Gerald Wallace,Nazr Mohammed,Raymond Felton,Stephen Jackson,1,9:18,CHA,rebound,,,,,,,,,,Gerald Wallace,,,,,,def,,
Anthony Parker,J.J. Hickson,LeBron James,Mo Williams,Shaquille O'Neal,Boris Diaw,Gerald Wallace,Nazr Mohammed,Raymond Felton,Stephen Jackson,1,9:13,CLE,foul,,,,,,,,Gerald Wallace,,Shaquille O'Neal,,,,,,shooting,,
Anthony Parker,J.J. Hickson,LeBron James,Mo Williams,Shaquille O'Neal,Boris Diaw,Gerald Wallace,Nazr Mohammed,Raymond Felton,Stephen Jackson,1,9:13,CHA,free throw,,,,,,,1,,2,Gerald Wallace,,,foul,missed,,,,
Anthony Parker,J.J. Hickson,LeBron James,Mo Williams,Shaquille O'Neal,Boris Diaw,Gerald Wallace,Nazr Mohammed,Raymond Felton,Stephen Jackson,1,9:13,CHA,rebound,,,,,,,,,,,,,,,,,,
Anthony Parker,J.J. Hickson,LeBron James,Mo Williams,Shaquille O'Neal,Boris Diaw,Gerald Wallace,Nazr Mohammed,Raymond Felton,Stephen Jackson,1,9:13,CHA,free throw,,,,,,,2,,2,Gerald Wallace,,,foul,missed,,,,
Anthony Parker,J.J. Hickson,LeBron James,Mo Williams,Shaquille O'Neal,Boris Diaw,Gerald Wallace,Nazr Mohammed,Raymond Felton,Stephen Jackson,1,9:12,CLE,rebound,,,,,,,,,,Anthony Parker,,,,,,def,,
Anthony Parker,J.J. Hickson,LeBron James,Mo Williams,Shaquille O'Neal,Boris Diaw,Gerald Wallace,Nazr Mohammed,Raymond Felton,Stephen Jackson,1,9:00,CLE,shot,,,,,,,,,,LeBron James,,,,missed,,hook,29,9
Anthony Parker,J.J. Hickson,LeBron James,Mo Williams,Shaquille O'Neal,Boris Diaw,Gerald Wallace,Nazr Mohammed,Raymond Felton,Stephen Jackson,1,8:59,CHA,rebound,,,,,,,,,,Raymond Felton,,,,,,def,,
Anthony Parker,J.J. Hickson,LeBron James,Mo Williams,Shaquille O'Neal,Boris Diaw,Gerald Wallace,Nazr Mohammed,Raymond Felton,Stephen Jackson,1,8:56,CHA,turnover,,,,,,,,,,Raymond Felton,,,bad pass,,,,,
Anthony Parker,J.J. Hickson,LeBron James,Mo Williams,Shaquille O'Neal,Boris Diaw,Gerald Wallace,Nazr Mohammed,Raymond Felton,Stephen Jackson,1,8:46,CLE,shot,,,,,,,,,,J.J. Hickson,,,,missed,,jump,23,12
Anthony Parker,J.J. Hickson,LeBron James,Mo Williams,Shaquille O'Neal,Boris Diaw,Gerald Wallace,Nazr Mohammed,Raymond Felton,Stephen Jackson,1,8:45,CHA,rebound,,,,,,,,,,Boris Diaw,,,,,,def,,
Anthony Parker,J.J. Hickson,LeBron James,Mo Williams,Shaquille O'Neal,Boris Diaw,Gerald Wallace,Nazr Mohammed,Raymond Felton,Stephen Jackson,1,8:27,CHA,shot,,,,,,,,,,Raymond Felton,2,,,made,,floating jump,24,13
Anthony Parker,J.J. Hickson,LeBron James,Mo Williams,Shaquille O'Neal,Boris Diaw,Gerald Wallace,Nazr Mohammed,Raymond Felton,Stephen Jackson,1,8:05,CLE,foul,,,,,,,,Gerald Wallace,,J.J. Hickson,,,,,,offensive,,
Anthony Parker,J.J. Hickson,LeBron James,Mo Williams,Shaquille O'Neal,Boris Diaw,Gerald Wallace,Nazr Mohammed,Raymond Felton,Stephen Jackson,1,8:05,CLE,turnover,,,,,,,,,,J.J. Hickson,,,foul,,,,,
Anthony Parker,J.J. Hickson,LeBron James,Mo Williams,Shaquille O'Neal,Boris Diaw,Gerald Wallace,Nazr Mohammed,Raymond Felton,Stephen Jackson,1,7:45,CHA,shot,,,,,,,,,,Gerald Wallace,,,,missed,,3pt,0,9
Anthony Parker,J.J. Hickson,LeBron James,Mo Williams,Shaquille O'Neal,Boris Diaw,Gerald Wallace,Nazr Mohammed,Raymond Felton,Stephen Jackson,1,7:44,CLE,rebound,,,,,,,,,,Mo Williams,,,,,,def,,
Anthony Parker,J.J. Hickson,LeBron James,Mo Williams,Shaquille O'Neal,Boris Diaw,Gerald Wallace,Nazr Mohammed,Raymond Felton,Stephen Jackson,1,7:42,CLE,foul,,,,,,,,Raymond Felton,,LeBron James,,,,,,offensive,,
Anthony Parker,J.J. Hickson,LeBron James,Mo Williams,Shaquille O'Neal,Boris Diaw,Gerald Wallace,Nazr Mohammed,Raymond Felton,Stephen Jackson,1,7:42,CLE,turnover,,,,,,,,,,LeBron James,,,foul,,,,,
Anthony Parker,J.J. Hickson,LeBron James,Mo Williams,Shaquille O'Neal,Boris Diaw,Gerald Wallace,Nazr Mohammed,Raymond Felton,Stephen Jackson,1,7:30,CHA,shot,Raymond Felton,,,,,,,,,Gerald Wallace,2,,,made,,dunk,25,6
Anthony Parker,J.J. Hickson,LeBron James,Mo Williams,Shaquille O'Neal,Boris Diaw,Gerald Wallace,Nazr Mohammed,Raymond Felton,Stephen Jackson,1,7:22,CLE,shot,,,,,,,,,,Mo Williams,,,,missed,,layup,25,6
Anthony Parker,J.J. Hickson,LeBron James,Mo Williams,Shaquille O'Neal,Boris Diaw,Gerald Wallace,Nazr Mohammed,Raymond Felton,Stephen Jackson,1,7:20,CLE,rebound,,,,,,,,,,Shaquille O'Neal,,,,,,off,,
Anthony Parker,J.J. Hickson,LeBron James,Mo Williams,Shaquille O'Neal,Boris Diaw,Gerald Wallace,Nazr Mohammed,Raymond Felton,Stephen Jackson,1,7:18,CLE,shot,,,,,,,,,,Shaquille O'Neal,2,,,made,,dunk,25,6
Anthony Parker,J.J. Hickson,LeBron James,Mo Williams,Shaquille O'Neal,Boris Diaw,Gerald Wallace,Nazr Mohammed,Raymond Felton,Stephen Jackson,1,6:57,CHA,shot,Gerald Wallace,,,,,,,,,Raymond Felton,2,,,made,,jump,4,8
Anthony Parker,J.J. Hickson,LeBron James,Mo Williams,Shaquille O'Neal,Boris Diaw,Gerald Wallace,Nazr Mohammed,Raymond Felton,Stephen Jackson,1,6:39,CLE,shot,,,,,,,,,,Mo Williams,2,,,made,,fade away jumper,30,13
Anthony Parker,J.J. Hickson,LeBron James,Mo Williams,Shaquille O'Neal,Boris Diaw,Gerald Wallace,Nazr Mohammed,Raymond Felton,Stephen Jackson,1,6:19,CHA,timeout,,,,,,,,,,,,,,,,regular,,
Anthony Parker,J.J. Hickson,LeBron James,Mo Williams,Shaquille O'Neal,Boris Diaw,Gerald Wallace,Nazr Mohammed,Raymond Felton,Stephen Jackson,1,6:13,CHA,shot,,,,,,,,,,Boris Diaw,,,,missed,,jump,35,9
Anthony Parker,J.J. Hickson,LeBron James,Mo Williams,Shaquille O'Neal,Boris Diaw,Gerald Wallace,Nazr Mohammed,Raymond Felton,Stephen Jackson,1,6:12,CLE,rebound,,,,,,,,,,LeBron James,,,,,,def,,
Anthony Parker,J.J. Hickson,LeBron James,Mo Williams,Shaquille O'Neal,Boris Diaw,Gerald Wallace,Nazr Mohammed,Raymond Felton,Stephen Jackson,1,6:08,CHA,violation,,,,,,,,,,Nazr Mohammed,,,,,,defensive goaltending,,
Anthony Parker,J.J. Hickson,LeBron James,Mo Williams,Shaquille O'Neal,Boris Diaw,Gerald Wallace,Nazr Mohammed,Raymond Felton,Stephen Jackson,1,6:08,CLE,shot,,,,,,,,,,LeBron James,2,,,made,,layup,25,6
Anthony Parker,J.J. Hickson,LeBron James,Mo Williams,Shaquille O'Neal,Boris Diaw,Gerald Wallace,Nazr Mohammed,Raymond Felton,Stephen Jackson,1,5:46,CHA,shot,,,,,,,,,,Nazr Mohammed,,,,missed,,layup,25,6
Anthony Parker,J.J. Hickson,LeBron James,Mo Williams,Shaquille O'Neal,Boris Diaw,Gerald Wallace,Nazr Mohammed,Raymond Felton,Stephen Jackson,1,5:45,CLE,rebound,,,,,,,,,,LeBron James,,,,,,def,,
Anthony Parker,J.J. Hickson,LeBron James,Mo Williams,Shaquille O'Neal,Boris Diaw,Gerald Wallace,Nazr Mohammed,Raymond Felton,Stephen Jackson,1,5:41,CLE,turnover,,,,,,,,,,LeBron James,,,lost ball,,Gerald Wallace,,,
Anthony Parker,J.J. Hickson,LeBron James,Mo Williams,Shaquille O'Neal,Boris Diaw,Gerald Wallace,Nazr Mohammed,Raymond Felton,Stephen Jackson,1,5:36,CHA,shot,Raymond Felton,,,,,,,,,Stephen Jackson,2,,,made,,dunk,25,6
Anthony Parker,J.J. Hickson,LeBron James,Mo Williams,Shaquille O'Neal,Boris Diaw,Gerald Wallace,Nazr Mohammed,Raymond Felton,Stephen Jackson,1,5:28,CHA,foul,,,,,,,,Shaquille O'Neal,,Nazr Mohammed,,,,,,personal,,
Anthony Parker,J.J. Hickson,LeBron James,Mo Williams,Shaquille O'Neal,Boris Diaw,Gerald Wallace,Nazr Mohammed,Raymond Felton,Stephen Jackson,1,5:20,CLE,shot,,,,,,,,,,Shaquille O'Neal,,,,missed,,fade away jumper,26,12
Anthony Parker,J.J. Hickson,LeBron James,Mo Williams,Shaquille O'Neal,Boris Diaw,Gerald Wallace,Nazr Mohammed,Raymond Felton,Stephen Jackson,1,5:19,CHA,rebound,,,,,,,,,,Gerald Wallace,,,,,,def,,
Anthony Parker,J.J. Hickson,LeBron James,Mo Williams,Shaquille O'Neal,Boris Diaw,Gerald Wallace,Nazr Mohammed,Raymond Felton,Stephen Jackson,1,5:09,CLE,foul,,,,,,,,,,Shaquille O'Neal,,,,,,defense 3 second,,
Anthony Parker,J.J. Hickson,LeBron James,Mo Williams,Shaquille O'Neal,Boris Diaw,Gerald Wallace,Nazr Mohammed,Raymond Felton,Stephen Jackson,1,5:09,CHA,free throw,,,,,,,1,,1,Stephen Jackson,,,technical,made,,,,
Anderson Varejao,Anthony Parker,LeBron James,Mo Williams,Shaquille O'Neal,Boris Diaw,Gerald Wallace,Nazr Mohammed,Raymond Felton,Stephen Jackson,1,5:09,CLE,sub,,,,Anderson Varejao,,J.J. Hickson,,,,,,,,,,,,
Anderson Varejao,Anthony Parker,LeBron James,Mo Williams,Shaquille O'Neal,Boris Diaw,Gerald Wallace,Nazr Mohammed,Raymond Felton,Stephen Jackson,1,5:02,CHA,shot,Raymond Felton,,,,,,,,,Nazr Mohammed,2,,,made,,jump,24,18
Anderson Varejao,Anthony Parker,LeBron James,Mo Williams,Shaquille O'Neal,Boris Diaw,Gerald Wallace,Nazr Mohammed,Raymond Felton,Stephen Jackson,1,4:43,CLE,shot,,,,,,,,,,Mo Williams,2,,,made,,floating jump,26,14
Anderson Varejao,Anthony Parker,LeBron James,Mo Williams,Shaquille O'Neal,Boris Diaw,Gerald Wallace,Nazr Mohammed,Raymond Felton,Stephen Jackson,1,4:43,CHA,foul,,,,,,,,Mo Williams,,Boris Diaw,,,,,,shooting,,
Anderson Varejao,Anthony Parker,LeBron James,Mo Williams,Zydrunas Ilgauskas,Boris Diaw,Gerald Wallace,Nazr Mohammed,Raymond Felton,Stephen Jackson,1,4:43,CLE,sub,,,,Zydrunas Ilgauskas,,Shaquille O'Neal,,,,,,,,,,,,
Anderson Varejao,Anthony Parker,LeBron James,Mo Williams,Zydrunas Ilgauskas,Boris Diaw,Gerald Wallace,Raymond Felton,Stephen Jackson,Tyson Chandler,1,4:43,CHA,sub,,,,Tyson Chandler,,Nazr Mohammed,,,,,,,,,,,,
Anderson Varejao,Anthony Parker,LeBron James,Mo Williams,Zydrunas Ilgauskas,Boris Diaw,Gerald Wallace,Raymond Felton,Stephen Jackson,Tyson Chandler,1,4:43,CLE,free throw,,,,,,,1,,1,Mo Williams,,,foul,missed,,,,
Anderson Varejao,Anthony Parker,LeBron James,Mo Williams,Zydrunas Ilgauskas,Boris Diaw,Gerald Wallace,Raymond Felton,Stephen Jackson,Tyson Chandler,1,4:41,CLE,rebound,,,,,,,,,,Anderson Varejao,,,,,,off,,
Anderson Varejao,Anthony Parker,LeBron James,Mo Williams,Zydrunas Ilgauskas,Boris Diaw,Gerald Wallace,Raymond Felton,Stephen Jackson,Tyson Chandler,1,4:41,CHA,foul,,,,,,,,Anderson Varejao,,Boris Diaw,,,,,,personal,,
Anderson Varejao,Anthony Parker,LeBron James,Mo Williams,Zydrunas Ilgauskas,Derrick Brown,Gerald Wallace,Raymond Felton,Stephen Jackson,Tyson Chandler,1,4:41,CHA,sub,,,,Derrick Brown,,Boris Diaw,,,,,,,,,,,,
Anderson Varejao,Anthony Parker,LeBron James,Mo Williams,Zydrunas Ilgauskas,Derrick Brown,Gerald Wallace,Raymond Felton,Stephen Jackson,Tyson Chandler,1,4:18,CLE,shot,,,,,,,,,,Anderson Varejao,,,,missed,,3pt,3,21
Anderson Varejao,Anthony Parker,LeBron James,Mo Williams,Zydrunas Ilgauskas,Derrick Brown,Gerald Wallace,Raymond Felton,Stephen Jackson,Tyson Chandler,1,4:18,CLE,rebound,,,,,,,,,,,,,,,,,,
Anderson Varejao,Anthony Parker,LeBron James,Mo Williams,Zydrunas Ilgauskas,Derrick Brown,Gerald Wallace,Raymond Felton,Stephen Jackson,Tyson Chandler,1,4:18,CLE,turnover,,,,,,,,,,,,,shot clock turnover,,,,,
Anderson Varejao,Anthony Parker,LeBron James,Mo Williams,Zydrunas Ilgauskas,Derrick Brown,Gerald Wallace,Raymond Felton,Stephen Jackson,Tyson Chandler,1,4:05,CHA,shot,,,,,,,,,,Derrick Brown,,,,missed,,jump,20,22
Anderson Varejao,Anthony Parker,LeBron James,Mo Williams,Zydrunas Ilgauskas,Derrick Brown,Gerald Wallace,Raymond Felton,Stephen Jackson,Tyson Chandler,1,4:04,CLE,rebound,,,,,,,,,,Zydrunas Ilgauskas,,,,,,def,,
Anderson Varejao,Anthony Parker,LeBron James,Mo Williams,Zydrunas Ilgauskas,Derrick Brown,Gerald Wallace,Raymond Felton,Stephen Jackson,Tyson Chandler,1,3:56,CLE,shot,Mo Williams,,,,,,,,,LeBron James,2,,,made,,jump,15,23
Anderson Varejao,Anthony Parker,LeBron James,Mo Williams,Zydrunas Ilgauskas,Derrick Brown,Gerald Wallace,Raymond Felton,Stephen Jackson,Tyson Chandler,1,3:40,CHA,shot,Stephen Jackson,,,,,,,,,Tyson Chandler,2,,,made,,dunk,25,6
Anderson Varejao,Anthony Parker,LeBron James,Mo Williams,Zydrunas Ilgauskas,Derrick Brown,Gerald Wallace,Raymond Felton,Stephen Jackson,Tyson Chandler,1,3:15,CLE,shot,,,,,,,,,,LeBron James,,,,missed,,3pt,5,23
Anderson Varejao,Anthony Parker,LeBron James,Mo Williams,Zydrunas Ilgauskas,Derrick Brown,Gerald Wallace,Raymond Felton,Stephen Jackson,Tyson Chandler,1,3:13,CHA,rebound,,,,,,,,,,Tyson Chandler,,,,,,def,,
Anderson Varejao,Anthony Parker,LeBron James,Mo Williams,Zydrunas Ilgauskas,Derrick Brown,Gerald Wallace,Raymond Felton,Stephen Jackson,Tyson Chandler,1,3:12,CLE,foul,,,,,,,,Stephen Jackson,,Anderson Varejao,,,,,,personal,,
Anderson Varejao,Anthony Parker,LeBron James,Mo Williams,Zydrunas Ilgauskas,D.J. Augustin,Derrick Brown,Gerald Wallace,Stephen Jackson,Tyson Chandler,1,3:12,CHA,sub,,,,D.J. Augustin,,Raymond Felton,,,,,,,,,,,,
Anderson Varejao,Jamario Moon,LeBron James,Mo Williams,Zydrunas Ilgauskas,D.J. Augustin,Derrick Brown,Gerald Wallace,Stephen Jackson,Tyson Chandler,1,3:12,CLE,sub,,,,Jamario Moon,,Anthony Parker,,,,,,,,,,,,
Anderson Varejao,Jamario Moon,LeBron James,Mo Williams,Zydrunas Ilgauskas,D.J. Augustin,Derrick Brown,Gerald Wallace,Stephen Jackson,Tyson Chandler,1,3:01,CHA,shot,,,,,,,,,,Stephen Jackson,,,,missed,,3pt,8,27
Anderson Varejao,Jamario Moon,LeBron James,Mo Williams,Zydrunas Ilgauskas,D.J. Augustin,Derrick Brown,Gerald Wallace,Stephen Jackson,Tyson Chandler,1,3:00,CLE,rebound,,,,,,,,,,Anderson Varejao,,,,,,def,,
Anderson Varejao,Jamario Moon,LeBron James,Mo Williams,Zydrunas Ilgauskas,D.J. Augustin,Derrick Brown,Gerald Wallace,Stephen Jackson,Tyson Chandler,1,2:48,CHA,foul,,,,,,,,LeBron James,,D.J. Augustin,,,,,,shooting,,
Anderson Varejao,Jamario Moon,LeBron James,Mo Williams,Zydrunas Ilgauskas,D.J. Augustin,Derrick Brown,Gerald Wallace,Stephen Jackson,Tyson Chandler,1,2:48,CLE,timeout,,,,,,,,,,,,,,,,regular,,
Anderson Varejao,Daniel Gibson,Jamario Moon,LeBron James,Zydrunas Ilgauskas,D.J. Augustin,Derrick Brown,Gerald Wallace,Stephen Jackson,Tyson Chandler,1,2:48,CLE,sub,,,,Daniel Gibson,,Mo Williams,,,,,,,,,,,,
Anderson Varejao,Daniel Gibson,Jamario Moon,LeBron James,Zydrunas Ilgauskas,D.J. Augustin,Derrick Brown,Gerald Wallace,Stephen Jackson,Tyson Chandler,1,2:48,CLE,free throw,,,,,,,1,,2,LeBron James,,,foul,missed,,,,
Anderson Varejao,Daniel Gibson,Jamario Moon,LeBron James,Zydrunas Ilgauskas,D.J. Augustin,Derrick Brown,Gerald Wallace,Stephen Jackson,Tyson Chandler,1,2:48,CLE,rebound,,,,,,,,,,,,,,,,,,
Anderson Varejao,Daniel Gibson,Jamario Moon,LeBron James,Zydrunas Ilgauskas,D.J. Augustin,Derrick Brown,Gerald Wallace,Stephen Jackson,Tyson Chandler,1,2:48,CLE,free throw,,,,,,,2,,2,LeBron James,,,foul,made,,,,
Anderson Varejao,Daniel Gibson,Jamario Moon,LeBron James,Zydrunas Ilgauskas,D.J. Augustin,Derrick Brown,Gerald Wallace,Stephen Jackson,Tyson Chandler,1,2:37,CLE,foul,,,,,,,,,,Zydrunas Ilgauskas,,,,,,defense 3 second,,
Anderson Varejao,Daniel Gibson,Jamario Moon,LeBron James,Zydrunas Ilgauskas,D.J. Augustin,Derrick Brown,Gerald Wallace,Stephen Jackson,Tyson Chandler,1,2:37,CHA,free throw,,,,,,,1,,1,Stephen Jackson,,,technical,made,,,,
Anderson Varejao,Daniel Gibson,Jamario Moon,LeBron James,Zydrunas Ilgauskas,D.J. Augustin,Derrick Brown,Gerald Wallace,Stephen Jackson,Tyson Chandler,1,2:32,CHA,shot,,,,,,,,,,Derrick Brown,,,,missed,,jump,17,24
Anderson Varejao,Daniel Gibson,Jamario Moon,LeBron James,Zydrunas Ilgauskas,D.J. Augustin,Derrick Brown,Gerald Wallace,Stephen Jackson,Tyson Chandler,1,2:31,CHA,rebound,,,,,,,,,,Gerald Wallace,,,,,,off,,
Anderson Varejao,Daniel Gibson,Jamario Moon,LeBron James,Zydrunas Ilgauskas,D.J. Augustin,Derrick Brown,Gerald Wallace,Stephen Jackson,Tyson Chandler,1,2:16,CHA,shot,,,,,,,,,,Stephen Jackson,,,,missed,,fade away jumper,22,15
Anderson Varejao,Daniel Gibson,Jamario Moon,LeBron James,Zydrunas Ilgauskas,D.J. Augustin,Derrick Brown,Gerald Wallace,Stephen Jackson,Tyson Chandler,1,2:14,CHA,rebound,,,,,,,,,,Derrick Brown,,,,,,off,,
Anderson Varejao,Daniel Gibson,Jamario Moon,LeBron James,Zydrunas Ilgauskas,D.J. Augustin,Derrick Brown,Gerald Wallace,Stephen Jackson,Tyson Chandler,1,2:14,CHA,shot,,,,,,,,,,Derrick Brown,2,,,made,,tip,25,6
Anderson Varejao,Daniel Gibson,Jamario Moon,LeBron James,Zydrunas Ilgauskas,D.J. Augustin,Derrick Brown,Gerald Wallace,Stephen Jackson,Tyson Chandler,1,1:49,CLE,shot,,,,,,,,,,Daniel Gibson,2,,,made,,jump,39,21
Anderson Varejao,Daniel Gibson,Jamario Moon,LeBron James,Zydrunas Ilgauskas,D.J. Augustin,Derrick Brown,Gerald Wallace,Stephen Jackson,Tyson Chandler,1,1:34,CLE,foul,,,,,,,,Derrick Brown,,Daniel Gibson,,,,,,shooting,,
Anderson Varejao,Daniel Gibson,Jamario Moon,LeBron James,Zydrunas Ilgauskas,D.J. Augustin,Derrick Brown,Gerald Wallace,Stephen Jackson,Tyson Chandler,1,1:34,CHA,free throw,,,,,,,1,,2,Derrick Brown,,,foul,made,,,,
Anderson Varejao,Daniel Gibson,Jamario Moon,LeBron James,Zydrunas Ilgauskas,D.J. Augustin,Derrick Brown,Gerald Henderson,Stephen Jackson,Tyson Chandler,1,1:34,CHA,sub,,,,Gerald Henderson,,Gerald Wallace,,,,,,,,,,,,
Anderson Varejao,Daniel Gibson,Jamario Moon,LeBron James,Zydrunas Ilgauskas,D.J. Augustin,Derrick Brown,Gerald Henderson,Stephen Jackson,Tyson Chandler,1,1:34,CHA,free throw,,,,,,,2,,2,Derrick Brown,,,foul,missed,,,,
Anderson Varejao,Daniel Gibson,Jamario Moon,LeBron James,Zydrunas Ilgauskas,D.J. Augustin,Derrick Brown,Gerald Henderson,Stephen Jackson,Tyson Chandler,1,1:33,CLE,rebound,,,,,,,,,,Anderson Varejao,,,,,,def,,
Anderson Varejao,Daniel Gibson,Jamario Moon,LeBron James,Zydrunas Ilgauskas,D.J. Augustin,Derrick Brown,Gerald Henderson,Stephen Jackson,Tyson Chandler,1,1:12,CLE,shot,,,,,,,,,,Zydrunas Ilgauskas,,,,missed,,jump,3,6
Anderson Varejao,Daniel Gibson,Jamario Moon,LeBron James,Zydrunas Ilgauskas,D.J. Augustin,Derrick Brown,Gerald Henderson,Stephen Jackson,Tyson Chandler,1,1:10,CHA,rebound,,,,,,,,,,Gerald Henderson,,,,,,def,,
Anderson Varejao,Daniel Gibson,Jamario Moon,LeBron James,Zydrunas Ilgauskas,D.J. Augustin,Derrick Brown,Gerald Henderson,Stephen Jackson,Tyson Chandler,1,0:51,CHA,shot,,,,,,,,,,Gerald Henderson,,,,missed,,floating jump,27,12
Anderson Varejao,Daniel Gibson,Jamario Moon,LeBron James,Zydrunas Ilgauskas,D.J. Augustin,Derrick Brown,Gerald Henderson,Stephen Jackson,Tyson Chandler,1,0:50,CLE,rebound,,,,,,,,,,Anderson Varejao,,,,,,def,,
Anderson Varejao,Daniel Gibson,Jamario Moon,LeBron James,Zydrunas Ilgauskas,D.J. Augustin,Derrick Brown,Gerald Henderson,Stephen Jackson,Tyson Chandler,1,0:45,CLE,turnover,,,,,,,,,,LeBron James,,,traveling,,,,,
Anderson Varejao,Daniel Gibson,Jamario Moon,LeBron James,Zydrunas Ilgauskas,D.J. Augustin,Derrick Brown,Gerald Henderson,Stephen Jackson,Tyson Chandler,1,0:29,CHA,shot,,,,,,,,,,D.J. Augustin,2,,,made,,jump,15,21
Anderson Varejao,Daniel Gibson,Jamario Moon,LeBron James,Zydrunas Ilgauskas,D.J. Augustin,Derrick Brown,Gerald Henderson,Stephen Jackson,Tyson Chandler,1,0:08,CLE,shot,,,Tyson Chandler,,,,,,,LeBron James,,,,missed,,layup,25,6
Anderson Varejao,Daniel Gibson,Jamario Moon,LeBron James,Zydrunas Ilgauskas,D.J. Augustin,Derrick Brown,Gerald Henderson,Stephen Jackson,Tyson Chandler,1,0:08,CLE,jump ball,,LeBron James,,,Tyson Chandler,,,,,,,Stephen Jackson,,,,,,
Anderson Varejao,Daniel Gibson,Jamario Moon,LeBron James,Zydrunas Ilgauskas,D.J. Augustin,Derrick Brown,Gerald Henderson,Stephen Jackson,Tyson Chandler,1,0:08,CHA,rebound,,,,,,,,,,,,,,,,,,
Anderson Varejao,Daniel Gibson,Jamario Moon,LeBron James,Zydrunas Ilgauskas,D.J. Augustin,Derrick Brown,Gerald Henderson,Stephen Jackson,Tyson Chandler,1,0:00,CHA,shot,Derrick Brown,,,,,,,,,Stephen Jackson,3,,,made,,3pt,17,30
Anderson Varejao,Daniel Gibson,Jamario Moon,Mo Williams,Zydrunas Ilgauskas,D.J. Augustin,Derrick Brown,Gerald Henderson,Stephen Jackson,Tyson Chandler,2,11:41,CHA,shot,,,,,,,,,,D.J. Augustin,3,,,made,,3pt,34,31
Anderson Varejao,Daniel Gibson,Jamario Moon,Mo Williams,Zydrunas Ilgauskas,D.J. Augustin,Derrick Brown,Gerald Henderson,Stephen Jackson,Tyson Chandler,2,11:17,CLE,turnover,,,,,,,,,,Daniel Gibson,,,bad pass,,Derrick Brown,,,
Anderson Varejao,Daniel Gibson,Jamario Moon,Mo Williams,Zydrunas Ilgauskas,D.J. Augustin,Derrick Brown,Gerald Henderson,Stephen Jackson,Tyson Chandler,2,11:14,CHA,turnover,,,,,,,,,,Derrick Brown,,,lost ball,,Zydrunas Ilgauskas,,,
Anderson Varejao,Daniel Gibson,Jamario Moon,Mo Williams,Zydrunas Ilgauskas,D.J. Augustin,Derrick Brown,Gerald Henderson,Stephen Jackson,Tyson Chandler,2,11:11,CLE,shot,,,,,,,,,,Zydrunas Ilgauskas,2,,,made,,layup,25,6
Anderson Varejao,Daniel Gibson,Jamario Moon,Mo Williams,Zydrunas Ilgauskas,D.J. Augustin,Derrick Brown,Gerald Henderson,Stephen Jackson,Tyson Chandler,2,10:56,CLE,foul,,,,,,,,Derrick Brown,,Zydrunas Ilgauskas,,,,,,shooting,,
Anderson Varejao,Daniel Gibson,Jamario Moon,Mo Williams,Zydrunas Ilgauskas,D.J. Augustin,Derrick Brown,Gerald Henderson,Stephen Jackson,Tyson Chandler,2,10:56,CHA,free throw,,,,,,,1,,2,Derrick Brown,,,foul,missed,,,,
Anderson Varejao,Daniel Gibson,Jamario Moon,Mo Williams,Zydrunas Ilgauskas,D.J. Augustin,Derrick Brown,Gerald Henderson,Stephen Jackson,Tyson Chandler,2,10:56,CHA,rebound,,,,,,,,,,,,,,,,,,
Anderson Varejao,Daniel Gibson,Jamario Moon,Mo Williams,Zydrunas Ilgauskas,D.J. Augustin,Derrick Brown,Ronald Murray,Stephen Jackson,Tyson Chandler,2,10:56,CHA,sub,,,,Ronald Murray,,Gerald Henderson,,,,,,,,,,,,
Anderson Varejao,Daniel Gibson,Jamario Moon,Mo Williams,Zydrunas Ilgauskas,D.J. Augustin,Derrick Brown,Ronald Murray,Stephen Jackson,Tyson Chandler,2,10:56,CHA,free throw,,,,,,,2,,2,Derrick Brown,,,foul,missed,,,,
Anderson Varejao,Daniel Gibson,Jamario Moon,Mo Williams,Zydrunas Ilgauskas,D.J. Augustin,Derrick Brown,Ronald Murray,Stephen Jackson,Tyson Chandler,2,10:55,CLE,rebound,,,,,,,,,,Anderson Varejao,,,,,,def,,
Anderson Varejao,Daniel Gibson,Jamario Moon,Mo Williams,Zydrunas Ilgauskas,D.J. Augustin,Derrick Brown,Ronald Murray,Stephen Jackson,Tyson Chandler,2,10:38,CLE,shot,,,,,,,,,,Zydrunas Ilgauskas,,,,missed,,turnaround jump,30,10
Anderson Varejao,Daniel Gibson,Jamario Moon,Mo Williams,Zydrunas Ilgauskas,D.J. Augustin,Derrick Brown,Ronald Murray,Stephen Jackson,Tyson Chandler,2,10:37,CHA,rebound,,,,,,,,,,Stephen Jackson,,,,,,def,,
Anderson Varejao,Daniel Gibson,Jamario Moon,Mo Williams,Zydrunas Ilgauskas,D.J. Augustin,Derrick Brown,Ronald Murray,Stephen Jackson,Tyson Chandler,2,10:29,CHA,shot,,,,,,,,,,Tyson Chandler,,,,missed,,layup,25,6
Anderson Varejao,Daniel Gibson,Jamario Moon,Mo Williams,Zydrunas Ilgauskas,D.J. Augustin,Derrick Brown,Ronald Murray,Stephen Jackson,Tyson Chandler,2,10:28,CLE,rebound,,,,,,,,,,Zydrunas Ilgauskas,,,,,,def,,
Anderson Varejao,Daniel Gibson,Jamario Moon,Mo Williams,Zydrunas Ilgauskas,D.J. Augustin,Derrick Brown,Ronald Murray,Stephen Jackson,Tyson Chandler,2,10:22,CLE,shot,,,,,,,,,,Mo Williams,2,,,made,,jump,40,22
Anderson Varejao,Daniel Gibson,Jamario Moon,Mo Williams,Zydrunas Ilgauskas,D.J. Augustin,Derrick Brown,Ronald Murray,Stephen Jackson,Tyson Chandler,2,10:00,CHA,shot,,,,,,,,,,D.J. Augustin,2,,,made,,jump,29,20
Anderson Varejao,Daniel Gibson,Jamario Moon,Mo Williams,Zydrunas Ilgauskas,D.J. Augustin,Derrick Brown,Ronald Murray,Stephen Jackson,Tyson Chandler,2,9:43,CLE,shot,,,,,,,,,,Daniel Gibson,,,,missed,,jump,42,17
Anderson Varejao,Daniel Gibson,Jamario Moon,Mo Williams,Zydrunas Ilgauskas,D.J. Augustin,Derrick Brown,Ronald Murray,Stephen Jackson,Tyson Chandler,2,9:42,CHA,rebound,,,,,,,,,,D.J. Augustin,,,,,,def,,
Anderson Varejao,Daniel Gibson,Jamario Moon,Mo Williams,Zydrunas Ilgauskas,D.J. Augustin,Derrick Brown,Ronald Murray,Stephen Jackson,Tyson Chandler,2,9:32,CHA,shot,,,,,,,,,,Stephen Jackson,2,,,made,,driving layup,25,6
Anderson Varejao,Daniel Gibson,Jamario Moon,Mo Williams,Zydrunas Ilgauskas,D.J. Augustin,Derrick Brown,Ronald Murray,Stephen Jackson,Tyson Chandler,2,9:31,CLE,timeout,,,,,,,,,,,,,,,,regular,,
Anderson Varejao,Daniel Gibson,Jamario Moon,Mo Williams,Zydrunas Ilgauskas,D.J. Augustin,Derrick Brown,Nazr Mohammed,Ronald Murray,Stephen Jackson,2,9:31,CHA,sub,,,,Nazr Mohammed,,Tyson Chandler,,,,,,,,,,,,
Anderson Varejao,Daniel Gibson,Jamario Moon,Mo Williams,Zydrunas Ilgauskas,D.J. Augustin,Derrick Brown,Gerald Wallace,Nazr Mohammed,Ronald Murray,2,9:31,CHA,sub,,,,Gerald Wallace,,Stephen Jackson,,,,,,,,,,,,
Anderson Varejao,Daniel Gibson,Jamario Moon,Mo Williams,Zydrunas Ilgauskas,D.J. Augustin,Derrick Brown,Gerald Wallace,Nazr Mohammed,Ronald Murray,2,9:20,CLE,shot,,,,,,,,,,Mo Williams,2,,,made,,jump,10,20
Anderson Varejao,Daniel Gibson,Jamario Moon,Mo Williams,Zydrunas Ilgauskas,D.J. Augustin,Derrick Brown,Gerald Wallace,Nazr Mohammed,Ronald Murray,2,9:07,CHA,shot,,,,,,,,,,Gerald Wallace,2,,,made,,driving layup,25,6
Anderson Varejao,Daniel Gibson,Jamario Moon,Mo Williams,Zydrunas Ilgauskas,D.J. Augustin,Derrick Brown,Gerald Wallace,Nazr Mohammed,Ronald Murray,2,9:07,CLE,foul,,,,,,,,Gerald Wallace,,Jamario Moon,,,,,,shooting,,
Anderson Varejao,Daniel Gibson,Jamario Moon,Mo Williams,Zydrunas Ilgauskas,D.J. Augustin,Derrick Brown,Gerald Wallace,Nazr Mohammed,Ronald Murray,2,9:07,CHA,free throw,,,,,,,1,,1,Gerald Wallace,,,foul,made,,,,
Anderson Varejao,Daniel Gibson,Jamario Moon,Mo Williams,Zydrunas Ilgauskas,D.J. Augustin,Derrick Brown,Gerald Wallace,Nazr Mohammed,Ronald Murray,2,8:53,CLE,shot,,,,,,,,,,Anderson Varejao,,,,missed,,jump,9,9
Anderson Varejao,Daniel Gibson,Jamario Moon,Mo Williams,Zydrunas Ilgauskas,D.J. Augustin,Derrick Brown,Gerald Wallace,Nazr Mohammed,Ronald Murray,2,8:51,CHA,rebound,,,,,,,,,,Gerald Wallace,,,,,,def,,
Anderson Varejao,Daniel Gibson,Jamario Moon,Mo Williams,Zydrunas Ilgauskas,D.J. Augustin,Derrick Brown,Gerald Wallace,Nazr Mohammed,Ronald Murray,2,8:33,CHA,shot,,,Zydrunas Ilgauskas,,,,,,,D.J. Augustin,,,,missed,,layup,25,6
Anderson Varejao,Daniel Gibson,Jamario Moon,Mo Williams,Zydrunas Ilgauskas,D.J. Augustin,Derrick Brown,Gerald Wallace,Nazr Mohammed,Ronald Murray,2,8:31,CLE,rebound,,,,,,,,,,Jamario Moon,,,,,,def,,
Anderson Varejao,Daniel Gibson,Jamario Moon,Mo Williams,Zydrunas Ilgauskas,D.J. Augustin,Derrick Brown,Gerald Wallace,Nazr Mohammed,Ronald Murray,2,8:21,CLE,shot,Anderson Varejao,,,,,,,,,Zydrunas Ilgauskas,2,,,made,,layup,25,6
Anderson Varejao,Daniel Gibson,Jamario Moon,Mo Williams,Zydrunas Ilgauskas,D.J. Augustin,Derrick Brown,Gerald Wallace,Nazr Mohammed,Ronald Murray,2,8:21,CHA,foul,,,,,,,,Zydrunas Ilgauskas,,Nazr Mohammed,,,,,,shooting,,
Anderson Varejao,Daniel Gibson,Jamario Moon,Mo Williams,Zydrunas Ilgauskas,D.J. Augustin,Derrick Brown,Gerald Wallace,Nazr Mohammed,Ronald Murray,2,8:21,CLE,free throw,,,,,,,1,,1,Zydrunas Ilgauskas,,,foul,made,,,,
Anderson Varejao,Daniel Gibson,Jamario Moon,Mo Williams,Zydrunas Ilgauskas,D.J. Augustin,Derrick Brown,Gerald Wallace,Nazr Mohammed,Ronald Murray,2,8:05,CHA,shot,,,,,,,,,,Gerald Wallace,2,,,made,,layup,25,6
Anderson Varejao,Daniel Gibson,Jamario Moon,Mo Williams,Zydrunas Ilgauskas,D.J. Augustin,Derrick Brown,Gerald Wallace,Nazr Mohammed,Ronald Murray,2,8:05,CLE,foul,,,,,,,,Gerald Wallace,,Jamario Moon,,,,,,shooting,,
Anderson Varejao,Daniel Gibson,Jamario Moon,Mo Williams,Zydrunas Ilgauskas,Derrick Brown,Gerald Wallace,Nazr Mohammed,Raymond Felton,Ronald Murray,2,8:05,CHA,sub,,,,Raymond Felton,,D.J. Augustin,,,,,,,,,,,,
Anderson Varejao,Daniel Gibson,Jamario Moon,Mo Williams,Zydrunas Ilgauskas,Derrick Brown,Gerald Wallace,Nazr Mohammed,Raymond Felton,Ronald Murray,2,8:05,CHA,free throw,,,,,,,1,,1,Gerald Wallace,,,foul,made,,,,
Anderson Varejao,Daniel Gibson,Jamario Moon,Mo Williams,Zydrunas Ilgauskas,Derrick Brown,Gerald Wallace,Nazr Mohammed,Raymond Felton,Ronald Murray,2,7:50,CLE,shot,Daniel Gibson,,,,,,,,,Mo Williams,3,,,made,,3pt,1,9
Anderson Varejao,Daniel Gibson,Jamario Moon,Mo Williams,Zydrunas Ilgauskas,Derrick Brown,Gerald Wallace,Nazr Mohammed,Raymond Felton,Ronald Murray,2,7:36,CHA,shot,Ronald Murray,,,,,,,,,Nazr Mohammed,2,,,made,,dunk,25,6
Anderson Varejao,Daniel Gibson,Jamario Moon,Mo Williams,Zydrunas Ilgauskas,Derrick Brown,Gerald Wallace,Nazr Mohammed,Raymond Felton,Ronald Murray,2,7:10,CHA,foul,,,,,,,,Daniel Gibson,,Derrick Brown,,,,,,shooting,,
Anderson Varejao,Daniel Gibson,Jamario Moon,Mo Williams,Shaquille O'Neal,Derrick Brown,Gerald Wallace,Nazr Mohammed,Raymond Felton,Ronald Murray,2,7:10,CLE,sub,,,,Shaquille O'Neal,,Zydrunas Ilgauskas,,,,,,,,,,,,
Anderson Varejao,Daniel Gibson,Jamario Moon,LeBron James,Shaquille O'Neal,Derrick Brown,Gerald Wallace,Nazr Mohammed,Raymond Felton,Ronald Murray,2,7:10,CLE,sub,,,,LeBron James,,Mo Williams,,,,,,,,,,,,
Anderson Varejao,Daniel Gibson,Jamario Moon,LeBron James,Shaquille O'Neal,Gerald Wallace,Nazr Mohammed,Raymond Felton,Ronald Murray,Stephen Jackson,2,7:10,CHA,sub,,,,Stephen Jackson,,Derrick Brown,,,,,,,,,,,,
Anderson Varejao,Daniel Gibson,Jamario Moon,LeBron James,Shaquille O'Neal,Gerald Wallace,Nazr Mohammed,Raymond Felton,Ronald Murray,Stephen Jackson,2,7:10,CLE,free throw,,,,,,,1,,3,Daniel Gibson,,,foul,missed,,,,
Anderson Varejao,Daniel Gibson,Jamario Moon,LeBron James,Shaquille O'Neal,Gerald Wallace,Nazr Mohammed,Raymond Felton,Ronald Murray,Stephen Jackson,2,7:10,CLE,rebound,,,,,,,,,,,,,,,,,,
Anderson Varejao,Daniel Gibson,Jamario Moon,LeBron James,Shaquille O'Neal,Gerald Wallace,Nazr Mohammed,Raymond Felton,Ronald Murray,Stephen Jackson,2,7:10,CLE,free throw,,,,,,,2,,3,Daniel Gibson,,,foul,missed,,,,
Anderson Varejao,Daniel Gibson,Jamario Moon,LeBron James,Shaquille O'Neal,Gerald Wallace,Nazr Mohammed,Raymond Felton,Ronald Murray,Stephen Jackson,2,7:10,CLE,rebound,,,,,,,,,,,,,,,,,,
Anderson Varejao,Daniel Gibson,Jamario Moon,LeBron James,Shaquille O'Neal,Gerald Wallace,Nazr Mohammed,Raymond Felton,Ronald Murray,Stephen Jackson,2,7:10,CLE,free throw,,,,,,,3,,3,Daniel Gibson,,,foul,made,,,,
Anderson Varejao,Daniel Gibson,Jamario Moon,LeBron James,Shaquille O'Neal,Gerald Wallace,Nazr Mohammed,Raymond Felton,Ronald Murray,Stephen Jackson,2,6:59,CHA,turnover,,,,,,,,,,Gerald Wallace,,,bad pass,,Jamario Moon,,,
Anderson Varejao,Daniel Gibson,Jamario Moon,LeBron James,Shaquille O'Neal,Gerald Wallace,Nazr Mohammed,Raymond Felton,Ronald Murray,Stephen Jackson,2,6:47,CLE,shot,,,,,,,,,,Daniel Gibson,2,,,made,,floating jump,25,14
Anderson Varejao,Daniel Gibson,Jamario Moon,LeBron James,Shaquille O'Neal,Gerald Wallace,Nazr Mohammed,Raymond Felton,Ronald Murray,Stephen Jackson,2,6:24,CHA,shot,,,,,,,,,,Raymond Felton,,,,missed,,jump,43,17
Anderson Varejao,Daniel Gibson,Jamario Moon,LeBron James,Shaquille O'Neal,Gerald Wallace,Nazr Mohammed,Raymond Felton,Ronald Murray,Stephen Jackson,2,6:23,CLE,rebound,,,,,,,,,,Jamario Moon,,,,,,def,,
Anderson Varejao,Daniel Gibson,Jamario Moon,LeBron James,Shaquille O'Neal,Gerald Wallace,Nazr Mohammed,Raymond Felton,Ronald Murray,Stephen Jackson,2,6:08,CLE,shot,,,,,,,,,,Jamario Moon,,,,missed,,3pt,1,9
Anderson Varejao,Daniel Gibson,Jamario Moon,LeBron James,Shaquille O'Neal,Gerald Wallace,Nazr Mohammed,Raymond Felton,Ronald Murray,Stephen Jackson,2,6:07,CLE,rebound,,,,,,,,,,Anderson Varejao,,,,,,off,,
Anderson Varejao,Daniel Gibson,Jamario Moon,LeBron James,Shaquille O'Neal,Gerald Wallace,Nazr Mohammed,Raymond Felton,Ronald Murray,Stephen Jackson,2,6:02,CLE,shot,,,,,,,,,,LeBron James,,,,missed,,3pt,44,24
Anderson Varejao,Daniel Gibson,Jamario Moon,LeBron James,Shaquille O'Neal,Gerald Wallace,Nazr Mohammed,Raymond Felton,Ronald Murray,Stephen Jackson,2,6:01,CLE,rebound,,,,,,,,,,Jamario Moon,,,,,,off,,
Anderson Varejao,Daniel Gibson,Jamario Moon,LeBron James,Shaquille O'Neal,Gerald Wallace,Nazr Mohammed,Raymond Felton,Ronald Murray,Stephen Jackson,2,5:58,CLE,shot,Jamario Moon,,,,,,,,,LeBron James,2,,,made,,alley oop dunk,25,6
Anderson Varejao,Daniel Gibson,Jamario Moon,LeBron James,Shaquille O'Neal,Gerald Wallace,Nazr Mohammed,Raymond Felton,Ronald Murray,Stephen Jackson,2,5:47,CHA,timeout,,,,,,,,,,,,,,,,regular,,
Anderson Varejao,Daniel Gibson,Jamario Moon,LeBron James,Shaquille O'Neal,Gerald Wallace,Nazr Mohammed,Raymond Felton,Ronald Murray,Stephen Jackson,2,5:42,CLE,foul,,,,,,,,Nazr Mohammed,,LeBron James,,,,,,shooting,,
Anderson Varejao,Daniel Gibson,Jamario Moon,LeBron James,Shaquille O'Neal,Gerald Wallace,Nazr Mohammed,Raymond Felton,Ronald Murray,Stephen Jackson,2,5:42,CHA,free throw,,,,,,,1,,2,Nazr Mohammed,,,foul,missed,,,,
Anderson Varejao,Daniel Gibson,Jamario Moon,LeBron James,Shaquille O'Neal,Gerald Wallace,Nazr Mohammed,Raymond Felton,Ronald Murray,Stephen Jackson,2,5:42,CHA,rebound,,,,,,,,,,,,,,,,,,
Anderson Varejao,Daniel Gibson,Jamario Moon,LeBron James,Shaquille O'Neal,Gerald Wallace,Nazr Mohammed,Raymond Felton,Ronald Murray,Stephen Jackson,2,5:42,CHA,free throw,,,,,,,2,,2,Nazr Mohammed,,,foul,missed,,,,
Anderson Varejao,Daniel Gibson,Jamario Moon,LeBron James,Shaquille O'Neal,Gerald Wallace,Nazr Mohammed,Raymond Felton,Ronald Murray,Stephen Jackson,2,5:40,CLE,rebound,,,,,,,,,,Anderson Varejao,,,,,,def,,
Anderson Varejao,Daniel Gibson,Jamario Moon,LeBron James,Shaquille O'Neal,Gerald Wallace,Nazr Mohammed,Raymond Felton,Ronald Murray,Stephen Jackson,2,5:26,CLE,shot,,,,,,,,,,Jamario Moon,,,,missed,,3pt,1,11
Anderson Varejao,Daniel Gibson,Jamario Moon,LeBron James,Shaquille O'Neal,Gerald Wallace,Nazr Mohammed,Raymond Felton,Ronald Murray,Stephen Jackson,2,5:25,CHA,rebound,,,,,,,,,,,,,,,,,,
Anderson Varejao,Daniel Gibson,Jamario Moon,LeBron James,Shaquille O'Neal,Gerald Wallace,Nazr Mohammed,Raymond Felton,Ronald Murray,Stephen Jackson,2,5:25,CLE,foul,,,,,,,,Gerald Wallace,,Anderson Varejao,,,,,,loose ball,,
Anderson Varejao,Daniel Gibson,Jamario Moon,LeBron James,Shaquille O'Neal,Gerald Wallace,Nazr Mohammed,Raymond Felton,Ronald Murray,Stephen Jackson,2,5:25,CHA,free throw,,,,,,,1,,2,Gerald Wallace,,,foul,missed,,,,
Anderson Varejao,Daniel Gibson,Jamario Moon,LeBron James,Shaquille O'Neal,Gerald Wallace,Nazr Mohammed,Raymond Felton,Ronald Murray,Stephen Jackson,2,5:25,CHA,rebound,,,,,,,,,,,,,,,,,,
Anderson Varejao,Anthony Parker,Daniel Gibson,LeBron James,Shaquille O'Neal,Gerald Wallace,Nazr Mohammed,Raymond Felton,Ronald Murray,Stephen Jackson,2,5:25,CLE,sub,,,,Anthony Parker,,Jamario Moon,,,,,,,,,,,,
Anderson Varejao,Anthony Parker,LeBron James,Mo Williams,Shaquille O'Neal,Gerald Wallace,Nazr Mohammed,Raymond Felton,Ronald Murray,Stephen Jackson,2,5:25,CLE,sub,,,,Mo Williams,,Daniel Gibson,,,,,,,,,,,,
Anderson Varejao,Anthony Parker,LeBron James,Mo Williams,Shaquille O'Neal,Gerald Wallace,Nazr Mohammed,Raymond Felton,Ronald Murray,Stephen Jackson,2,5:25,CHA,free throw,,,,,,,2,,2,Gerald Wallace,,,foul,made,,,,
Anderson Varejao,Anthony Parker,LeBron James,Mo Williams,Shaquille O'Neal,Gerald Wallace,Nazr Mohammed,Raymond Felton,Ronald Murray,Stephen Jackson,2,5:06,CLE,shot,,,,,,,,,,Shaquille O'Neal,,,,missed,,jump,30,10
Anderson Varejao,Anthony Parker,LeBron James,Mo Williams,Shaquille O'Neal,Gerald Wallace,Nazr Mohammed,Raymond Felton,Ronald Murray,Stephen Jackson,2,5:01,CHA,rebound,,,,,,,,,,Stephen Jackson,,,,,,def,,
Anderson Varejao,Anthony Parker,LeBron James,Mo Williams,Shaquille O'Neal,Gerald Wallace,Nazr Mohammed,Raymond Felton,Ronald Murray,Stephen Jackson,2,4:57,CHA,shot,Ronald Murray,,,,,,,,,Gerald Wallace,2,,,made,,dunk,25,6
Anderson Varejao,Anthony Parker,LeBron James,Mo Williams,Shaquille O'Neal,Gerald Wallace,Nazr Mohammed,Raymond Felton,Ronald Murray,Stephen Jackson,2,4:40,CLE,timeout,,,,,,,,,,,,,,,,short,,
Anderson Varejao,Anthony Parker,LeBron James,Mo Williams,Shaquille O'Neal,Gerald Wallace,Nazr Mohammed,Raymond Felton,Ronald Murray,Stephen Jackson,2,4:27,CLE,shot,,,,,,,,,,Mo Williams,,,,missed,,3pt,47,19
Anderson Varejao,Anthony Parker,LeBron James,Mo Williams,Shaquille O'Neal,Gerald Wallace,Nazr Mohammed,Raymond Felton,Ronald Murray,Stephen Jackson,2,4:25,CHA,rebound,,,,,,,,,,Gerald Wallace,,,,,,def,,
Anderson Varejao,Anthony Parker,LeBron James,Mo Williams,Shaquille O'Neal,Gerald Wallace,Nazr Mohammed,Raymond Felton,Ronald Murray,Stephen Jackson,2,4:25,CLE,foul,,,,,,,,Gerald Wallace,,Mo Williams,,,,,,shooting,,
Anderson Varejao,Anthony Parker,LeBron James,Mo Williams,Shaquille O'Neal,Gerald Wallace,Nazr Mohammed,Raymond Felton,Ronald Murray,Stephen Jackson,2,4:25,CHA,free throw,,,,,,,1,,2,Gerald Wallace,,,foul,made,,,,
Anthony Parker,J.J. Hickson,LeBron James,Mo Williams,Shaquille O'Neal,Gerald Wallace,Nazr Mohammed,Raymond Felton,Ronald Murray,Stephen Jackson,2,4:25,CLE,sub,,,,J.J. Hickson,,Anderson Varejao,,,,,,,,,,,,
Anthony Parker,J.J. Hickson,LeBron James,Mo Williams,Shaquille O'Neal,Gerald Wallace,Nazr Mohammed,Raymond Felton,Ronald Murray,Stephen Jackson,2,4:25,CHA,free throw,,,,,,,2,,2,Gerald Wallace,,,foul,made,,,,
Anthony Parker,J.J. Hickson,LeBron James,Mo Williams,Shaquille O'Neal,Gerald Wallace,Nazr Mohammed,Raymond Felton,Ronald Murray,Stephen Jackson,2,4:10,CLE,shot,,,,,,,,,,Shaquille O'Neal,,,,missed,,layup,25,6
Anthony Parker,J.J. Hickson,LeBron James,Mo Williams,Shaquille O'Neal,Gerald Wallace,Nazr Mohammed,Raymond Felton,Ronald Murray,Stephen Jackson,2,4:06,CLE,rebound,,,,,,,,,,Shaquille O'Neal,,,,,,off,,
Anthony Parker,J.J. Hickson,LeBron James,Mo Williams,Shaquille O'Neal,Gerald Wallace,Nazr Mohammed,Raymond Felton,Ronald Murray,Stephen Jackson,2,4:06,CLE,shot,,,,,,,,,,Shaquille O'Neal,,,,missed,,tip,25,6
Anthony Parker,J.J. Hickson,LeBron James,Mo Williams,Shaquille O'Neal,Gerald Wallace,Nazr Mohammed,Raymond Felton,Ronald Murray,Stephen Jackson,2,4:05,CHA,rebound,,,,,,,,,,Gerald Wallace,,,,,,def,,
Anthony Parker,J.J. Hickson,LeBron James,Mo Williams,Shaquille O'Neal,Gerald Wallace,Nazr Mohammed,Raymond Felton,Ronald Murray,Stephen Jackson,2,3:59,CHA,shot,,,,,,,,,,Stephen Jackson,,,,missed,,3pt,2,8
Anthony Parker,J.J. Hickson,LeBron James,Mo Williams,Shaquille O'Neal,Gerald Wallace,Nazr Mohammed,Raymond Felton,Ronald Murray,Stephen Jackson,2,3:58,CLE,rebound,,,,,,,,,,LeBron James,,,,,,def,,
Anthony Parker,J.J. Hickson,LeBron James,Mo Williams,Shaquille O'Neal,Gerald Wallace,Nazr Mohammed,Raymond Felton,Ronald Murray,Stephen Jackson,2,3:49,CLE,shot,LeBron James,,,,,,,,,Mo Williams,3,,,made,,3pt,2,6
Anthony Parker,J.J. Hickson,LeBron James,Mo Williams,Shaquille O'Neal,Gerald Wallace,Nazr Mohammed,Raymond Felton,Ronald Murray,Stephen Jackson,2,3:26,CHA,shot,,,,,,,,,,Stephen Jackson,2,,,made,,layup,25,6
Anthony Parker,J.J. Hickson,LeBron James,Mo Williams,Shaquille O'Neal,Gerald Wallace,Nazr Mohammed,Raymond Felton,Ronald Murray,Stephen Jackson,2,3:06,CLE,shot,,,,,,,,,,LeBron James,2,,,made,,driving layup,25,6
Anthony Parker,J.J. Hickson,LeBron James,Mo Williams,Shaquille O'Neal,Gerald Wallace,Nazr Mohammed,Raymond Felton,Ronald Murray,Stephen Jackson,2,2:44,CLE,foul,,,,,,,,Nazr Mohammed,,Shaquille O'Neal,,,,,,shooting,,
Anthony Parker,J.J. Hickson,LeBron James,Mo Williams,Shaquille O'Neal,Gerald Wallace,Nazr Mohammed,Raymond Felton,Ronald Murray,Stephen Jackson,2,2:44,CHA,timeout,,,,,,,,,,,,,,,,official,,
Anthony Parker,J.J. Hickson,LeBron James,Mo Williams,Shaquille O'Neal,Gerald Wallace,Nazr Mohammed,Raymond Felton,Ronald Murray,Stephen Jackson,2,2:44,CHA,free throw,,,,,,,1,,2,Nazr Mohammed,,,foul,made,,,,
Anthony Parker,J.J. Hickson,LeBron James,Mo Williams,Shaquille O'Neal,Gerald Wallace,Nazr Mohammed,Raymond Felton,Ronald Murray,Stephen Jackson,2,2:44,CHA,free throw,,,,,,,2,,2,Nazr Mohammed,,,foul,made,,,,
Anthony Parker,J.J. Hickson,LeBron James,Mo Williams,Shaquille O'Neal,Gerald Wallace,Nazr Mohammed,Raymond Felton,Ronald Murray,Stephen Jackson,2,2:28,CLE,foul,,,,,,,,Gerald Wallace,,LeBron James,,,,,,offensive,,
Anthony Parker,J.J. Hickson,LeBron James,Mo Williams,Shaquille O'Neal,Gerald Wallace,Nazr Mohammed,Raymond Felton,Ronald Murray,Stephen Jackson,2,2:28,CLE,turnover,,,,,,,,,,LeBron James,,,foul,,,,,
Anthony Parker,Delonte West,J.J. Hickson,Mo Williams,Shaquille O'Neal,Gerald Wallace,Nazr Mohammed,Raymond Felton,Ronald Murray,Stephen Jackson,2,2:28,CLE,sub,,,,Delonte West,,LeBron James,,,,,,,,,,,,
Anthony Parker,Delonte West,J.J. Hickson,Mo Williams,Shaquille O'Neal,Gerald Wallace,Nazr Mohammed,Raymond Felton,Ronald Murray,Stephen Jackson,2,2:15,CHA,shot,Ronald Murray,,,,,,,,,Nazr Mohammed,2,,,made,,hook,23,13
Anthony Parker,Delonte West,J.J. Hickson,Mo Williams,Shaquille O'Neal,Gerald Wallace,Nazr Mohammed,Raymond Felton,Ronald Murray,Stephen Jackson,2,1:58,CLE,turnover,,,,,,,,,,Mo Williams,,,bad pass,,,,,
Anthony Parker,Delonte West,J.J. Hickson,Mo Williams,Shaquille O'Neal,Gerald Wallace,Nazr Mohammed,Raymond Felton,Ronald Murray,Stephen Jackson,2,1:40,CHA,shot,,,,,,,,,,Stephen Jackson,,,,missed,,jump,35,13
Anthony Parker,Delonte West,J.J. Hickson,Mo Williams,Shaquille O'Neal,Gerald Wallace,Nazr Mohammed,Raymond Felton,Ronald Murray,Stephen Jackson,2,1:39,CHA,rebound,,,,,,,,,,,,,,,,,,
Anthony Parker,Delonte West,J.J. Hickson,Mo Williams,Shaquille O'Neal,Gerald Wallace,Nazr Mohammed,Raymond Felton,Ronald Murray,Stephen Jackson,2,1:24,CHA,shot,,,,,,,,,,Raymond Felton,,,,missed,,layup,25,6
Anthony Parker,Delonte West,J.J. Hickson,Mo Williams,Shaquille O'Neal,Gerald Wallace,Nazr Mohammed,Raymond Felton,Ronald Murray,Stephen Jackson,2,1:23,CLE,rebound,,,,,,,,,,Shaquille O'Neal,,,,,,def,,
Anthony Parker,Delonte West,J.J. Hickson,Mo Williams,Shaquille O'Neal,Gerald Wallace,Nazr Mohammed,Raymond Felton,Ronald Murray,Stephen Jackson,2,1:11,CLE,shot,,,,,,,,,,Anthony Parker,,,,missed,,3pt,48,7
Anthony Parker,Delonte West,J.J. Hickson,Mo Williams,Shaquille O'Neal,Gerald Wallace,Nazr Mohammed,Raymond Felton,Ronald Murray,Stephen Jackson,2,1:10,CHA,rebound,,,,,,,,,,Nazr Mohammed,,,,,,def,,
Anthony Parker,Delonte West,J.J. Hickson,Mo Williams,Shaquille O'Neal,Gerald Wallace,Nazr Mohammed,Raymond Felton,Ronald Murray,Stephen Jackson,2,1:05,CHA,shot,Stephen Jackson,,,,,,,,,Ronald Murray,2,,,made,,layup,25,6
Anthony Parker,Delonte West,J.J. Hickson,Mo Williams,Shaquille O'Neal,Gerald Wallace,Nazr Mohammed,Raymond Felton,Ronald Murray,Stephen Jackson,2,0:51,CLE,shot,,,,,,,,,,Anthony Parker,,,,missed,,3pt,42,24
Anthony Parker,Delonte West,J.J. Hickson,Mo Williams,Shaquille O'Neal,Gerald Wallace,Nazr Mohammed,Raymond Felton,Ronald Murray,Stephen Jackson,2,0:49,CLE,rebound,,,,,,,,,,J.J. Hickson,,,,,,off,,
Anthony Parker,Delonte West,J.J. Hickson,Mo Williams,Shaquille O'Neal,Gerald Wallace,Nazr Mohammed,Raymond Felton,Ronald Murray,Stephen Jackson,2,0:48,CHA,foul,,,,,,,,J.J. Hickson,,Stephen Jackson,,,,,,shooting,,
Anthony Parker,Delonte West,J.J. Hickson,Mo Williams,Shaquille O'Neal,Gerald Wallace,Nazr Mohammed,Raymond Felton,Ronald Murray,Stephen Jackson,2,0:48,CLE,free throw,,,,,,,1,,2,J.J. Hickson,,,foul,made,,,,
Anthony Parker,Delonte West,J.J. Hickson,Mo Williams,Zydrunas Ilgauskas,Gerald Wallace,Nazr Mohammed,Raymond Felton,Ronald Murray,Stephen Jackson,2,0:48,CLE,sub,,,,Zydrunas Ilgauskas,,Shaquille O'Neal,,,,,,,,,,,,
Anthony Parker,Delonte West,J.J. Hickson,Mo Williams,Zydrunas Ilgauskas,Derrick Brown,Gerald Wallace,Raymond Felton,Ronald Murray,Stephen Jackson,2,0:48,CHA,sub,,,,Derrick Brown,,Nazr Mohammed,,,,,,,,,,,,
Anthony Parker,Delonte West,J.J. Hickson,Mo Williams,Zydrunas Ilgauskas,Derrick Brown,Gerald Wallace,Raymond Felton,Ronald Murray,Stephen Jackson,2,0:48,CLE,free throw,,,,,,,2,,2,J.J. Hickson,,,foul,made,,,,
Anthony Parker,Delonte West,J.J. Hickson,Mo Williams,Zydrunas Ilgauskas,Derrick Brown,Gerald Wallace,Raymond Felton,Ronald Murray,Stephen Jackson,2,0:30,CLE,foul,,,,,,,,Derrick Brown,,J.J. Hickson,,,,,,personal,,
Anthony Parker,Delonte West,J.J. Hickson,Mo Williams,Zydrunas Ilgauskas,Derrick Brown,Gerald Wallace,Raymond Felton,Ronald Murray,Stephen Jackson,2,0:30,CHA,free throw,,,,,,,1,,2,Derrick Brown,,,foul,made,,,,
Anthony Parker,Delonte West,J.J. Hickson,Mo Williams,Zydrunas Ilgauskas,Derrick Brown,Gerald Wallace,Raymond Felton,Ronald Murray,Stephen Jackson,2,0:30,CHA,free throw,,,,,,,2,,2,Derrick Brown,,,foul,missed,,,,
Anthony Parker,Delonte West,J.J. Hickson,Mo Williams,Zydrunas Ilgauskas,Derrick Brown,Gerald Wallace,Raymond Felton,Ronald Murray,Stephen Jackson,2,0:27,CHA,rebound,,,,,,,,,,Gerald Wallace,,,,,,off,,
Anthony Parker,Delonte West,J.J. Hickson,Mo Williams,Zydrunas Ilgauskas,Derrick Brown,Gerald Wallace,Raymond Felton,Ronald Murray,Stephen Jackson,2,0:04,CHA,shot,Stephen Jackson,,,,,,,,,Ronald Murray,3,,,made,,3pt,9,26
Anthony Parker,Delonte West,J.J. Hickson,Mo Williams,Zydrunas Ilgauskas,Derrick Brown,Gerald Wallace,Raymond Felton,Ronald Murray,Stephen Jackson,2,0:01,CLE,shot,,,,,,,,,,Mo Williams,,,,missed,,3pt,38,37
Anthony Parker,Delonte West,J.J. Hickson,Mo Williams,Zydrunas Ilgauskas,Derrick Brown,Gerald Wallace,Raymond Felton,Ronald Murray,Stephen Jackson,2,0:00,CLE,rebound,,,,,,,,,,,,,,,,,,
Anthony Parker,J.J. Hickson,LeBron James,Mo Williams,Shaquille O'Neal,Boris Diaw,Gerald Wallace,Nazr Mohammed,Raymond Felton,Stephen Jackson,3,11:44,CHA,shot,,,,,,,,,,Stephen Jackson,2,,,made,,layup,25,6
Anthony Parker,J.J. Hickson,LeBron James,Mo Williams,Shaquille O'Neal,Boris Diaw,Gerald Wallace,Nazr Mohammed,Raymond Felton,Stephen Jackson,3,11:32,CLE,shot,,,,,,,,,,Mo Williams,2,,,made,,fade away jumper,8,7
Anthony Parker,J.J. Hickson,LeBron James,Mo Williams,Shaquille O'Neal,Boris Diaw,Gerald Wallace,Nazr Mohammed,Raymond Felton,Stephen Jackson,3,11:07,CHA,shot,Raymond Felton,,,,,,,,,Gerald Wallace,3,,,made,,3pt,1,5
Anthony Parker,J.J. Hickson,LeBron James,Mo Williams,Shaquille O'Neal,Boris Diaw,Gerald Wallace,Nazr Mohammed,Raymond Felton,Stephen Jackson,3,10:43,CLE,shot,,,,,,,,,,Mo Williams,2,,,made,,jump,17,22
Anthony Parker,J.J. Hickson,LeBron James,Mo Williams,Shaquille O'Neal,Boris Diaw,Gerald Wallace,Nazr Mohammed,Raymond Felton,Stephen Jackson,3,10:23,CLE,foul,,,,,,,,Nazr Mohammed,,Shaquille O'Neal,,,,,,shooting,,
Anthony Parker,J.J. Hickson,LeBron James,Mo Williams,Shaquille O'Neal,Boris Diaw,Gerald Wallace,Nazr Mohammed,Raymond Felton,Stephen Jackson,3,10:23,CHA,free throw,,,,,,,1,,2,Nazr Mohammed,,,foul,made,,,,
Anthony Parker,J.J. Hickson,LeBron James,Mo Williams,Shaquille O'Neal,Boris Diaw,Gerald Wallace,Nazr Mohammed,Raymond Felton,Stephen Jackson,3,10:23,CHA,free throw,,,,,,,2,,2,Nazr Mohammed,,,foul,missed,,,,
Anthony Parker,J.J. Hickson,LeBron James,Mo Williams,Shaquille O'Neal,Boris Diaw,Gerald Wallace,Nazr Mohammed,Raymond Felton,Stephen Jackson,3,10:22,CHA,rebound,,,,,,,,,,Gerald Wallace,,,,,,off,,
Anthony Parker,J.J. Hickson,LeBron James,Mo Williams,Shaquille O'Neal,Boris Diaw,Gerald Wallace,Nazr Mohammed,Raymond Felton,Stephen Jackson,3,10:05,CHA,shot,Raymond Felton,,,,,,,,,Gerald Wallace,3,,,made,,3pt,1,6
Anthony Parker,J.J. Hickson,LeBron James,Mo Williams,Shaquille O'Neal,Boris Diaw,Gerald Wallace,Nazr Mohammed,Raymond Felton,Stephen Jackson,3,9:44,CLE,turnover,,,,,,,,,,Mo Williams,,,bad pass,,Gerald Wallace,,,
Anthony Parker,J.J. Hickson,LeBron James,Mo Williams,Shaquille O'Neal,Boris Diaw,Gerald Wallace,Nazr Mohammed,Raymond Felton,Stephen Jackson,3,9:42,CLE,foul,,,,,,,,Gerald Wallace,,J.J. Hickson,,,,,,shooting,,
Anthony Parker,J.J. Hickson,LeBron James,Mo Williams,Shaquille O'Neal,Boris Diaw,Gerald Wallace,Nazr Mohammed,Raymond Felton,Stephen Jackson,3,9:42,CHA,free throw,,,,,,,1,,2,Gerald Wallace,,,foul,made,,,,
Anthony Parker,J.J. Hickson,LeBron James,Mo Williams,Shaquille O'Neal,Boris Diaw,Gerald Wallace,Nazr Mohammed,Raymond Felton,Stephen Jackson,3,9:42,CHA,free throw,,,,,,,2,,2,Gerald Wallace,,,foul,made,,,,
Anthony Parker,J.J. Hickson,LeBron James,Mo Williams,Shaquille O'Neal,Boris Diaw,Gerald Wallace,Nazr Mohammed,Raymond Felton,Stephen Jackson,3,9:22,CLE,shot,,,,,,,,,,Shaquille O'Neal,,,,missed,,hook,16,9
Anthony Parker,J.J. Hickson,LeBron James,Mo Williams,Shaquille O'Neal,Boris Diaw,Gerald Wallace,Nazr Mohammed,Raymond Felton,Stephen Jackson,3,9:20,CHA,rebound,,,,,,,,,,Gerald Wallace,,,,,,def,,
Anthony Parker,J.J. Hickson,LeBron James,Mo Williams,Shaquille O'Neal,Boris Diaw,Gerald Wallace,Nazr Mohammed,Raymond Felton,Stephen Jackson,3,9:07,CHA,shot,,,Anthony Parker,,,,,,,Gerald Wallace,,,,missed,,layup,25,6
Anthony Parker,J.J. Hickson,LeBron James,Mo Williams,Shaquille O'Neal,Boris Diaw,Gerald Wallace,Nazr Mohammed,Raymond Felton,Stephen Jackson,3,9:05,CLE,rebound,,,,,,,,,,Anthony Parker,,,,,,def,,
Anthony Parker,J.J. Hickson,LeBron James,Mo Williams,Shaquille O'Neal,Boris Diaw,Gerald Wallace,Nazr Mohammed,Raymond Felton,Stephen Jackson,3,9:01,CHA,foul,,,,,,,,J.J. Hickson,,Boris Diaw,,,,,,shooting,,
Anthony Parker,J.J. Hickson,LeBron James,Mo Williams,Shaquille O'Neal,Boris Diaw,Gerald Wallace,Nazr Mohammed,Raymond Felton,Stephen Jackson,3,9:01,CLE,free throw,,,,,,,1,,2,J.J. Hickson,,,foul,made,,,,
Anthony Parker,J.J. Hickson,LeBron James,Mo Williams,Shaquille O'Neal,Boris Diaw,Gerald Wallace,Nazr Mohammed,Raymond Felton,Stephen Jackson,3,9:01,CLE,free throw,,,,,,,2,,2,J.J. Hickson,,,foul,missed,,,,
Anthony Parker,J.J. Hickson,LeBron James,Mo Williams,Shaquille O'Neal,Boris Diaw,Gerald Wallace,Nazr Mohammed,Raymond Felton,Stephen Jackson,3,9:00,CHA,rebound,,,,,,,,,,Nazr Mohammed,,,,,,def,,
Anthony Parker,J.J. Hickson,LeBron James,Mo Williams,Shaquille O'Neal,Boris Diaw,Gerald Wallace,Nazr Mohammed,Raymond Felton,Stephen Jackson,3,8:50,CHA,shot,Nazr Mohammed,,,,,,,,,Boris Diaw,2,,,made,,jump,9,20
Anthony Parker,J.J. Hickson,LeBron James,Mo Williams,Shaquille O'Neal,Boris Diaw,Gerald Wallace,Nazr Mohammed,Raymond Felton,Stephen Jackson,3,8:41,CLE,timeout,,,,,,,,,,,,,,,,regular,,
J.J. Hickson,Jamario Moon,LeBron James,Mo Williams,Shaquille O'Neal,Boris Diaw,Gerald Wallace,Nazr Mohammed,Raymond Felton,Stephen Jackson,3,8:41,CLE,sub,,,,Jamario Moon,,Anthony Parker,,,,,,,,,,,,
J.J. Hickson,Jamario Moon,LeBron James,Mo Williams,Shaquille O'Neal,Boris Diaw,Gerald Wallace,Nazr Mohammed,Raymond Felton,Stephen Jackson,3,8:34,CLE,shot,Mo Williams,,,,,,,,,Shaquille O'Neal,2,,,made,,hook,27,12
J.J. Hickson,Jamario Moon,LeBron James,Mo Williams,Shaquille O'Neal,Boris Diaw,Gerald Wallace,Nazr Mohammed,Raymond Felton,Stephen Jackson,3,8:34,CHA,foul,,,,,,,,Shaquille O'Neal,,Boris Diaw,,,,,,shooting,,
J.J. Hickson,Jamario Moon,LeBron James,Mo Williams,Shaquille O'Neal,Boris Diaw,Gerald Wallace,Nazr Mohammed,Raymond Felton,Stephen Jackson,3,8:34,CLE,free throw,,,,,,,1,,1,Shaquille O'Neal,,,foul,missed,,,,
J.J. Hickson,Jamario Moon,LeBron James,Mo Williams,Shaquille O'Neal,Boris Diaw,Gerald Wallace,Nazr Mohammed,Raymond Felton,Stephen Jackson,3,8:32,CHA,rebound,,,,,,,,,,Nazr Mohammed,,,,,,def,,
J.J. Hickson,Jamario Moon,LeBron James,Mo Williams,Shaquille O'Neal,Boris Diaw,Gerald Wallace,Nazr Mohammed,Raymond Felton,Stephen Jackson,3,8:15,CHA,shot,,,,,,,,,,Raymond Felton,,,,missed,,3pt,8,27
J.J. Hickson,Jamario Moon,LeBron James,Mo Williams,Shaquille O'Neal,Boris Diaw,Gerald Wallace,Nazr Mohammed,Raymond Felton,Stephen Jackson,3,8:12,CLE,rebound,,,,,,,,,,Jamario Moon,,,,,,def,,
J.J. Hickson,Jamario Moon,LeBron James,Mo Williams,Shaquille O'Neal,Boris Diaw,Gerald Wallace,Nazr Mohammed,Raymond Felton,Stephen Jackson,3,8:07,CLE,shot,,,,,,,,,,Mo Williams,,,,missed,,3pt,1,7
J.J. Hickson,Jamario Moon,LeBron James,Mo Williams,Shaquille O'Neal,Boris Diaw,Gerald Wallace,Nazr Mohammed,Raymond Felton,Stephen Jackson,3,8:05,CHA,rebound,,,,,,,,,,Boris Diaw,,,,,,def,,
J.J. Hickson,Jamario Moon,LeBron James,Mo Williams,Shaquille O'Neal,Boris Diaw,Gerald Wallace,Nazr Mohammed,Raymond Felton,Stephen Jackson,3,8:03,CHA,timeout,,,,,,,,,,,,,,,,regular,,
J.J. Hickson,Jamario Moon,LeBron James,Mo Williams,Shaquille O'Neal,Derrick Brown,Gerald Wallace,Nazr Mohammed,Raymond Felton,Stephen Jackson,3,8:03,CHA,sub,,,,Derrick Brown,,Boris Diaw,,,,,,,,,,,,
J.J. Hickson,Jamario Moon,LeBron James,Mo Williams,Shaquille O'Neal,Derrick Brown,Gerald Wallace,Nazr Mohammed,Raymond Felton,Stephen Jackson,3,7:42,CHA,shot,Raymond Felton,,,,,,,,,Gerald Wallace,3,,,made,,3pt,28,31
J.J. Hickson,Jamario Moon,LeBron James,Mo Williams,Shaquille O'Neal,Derrick Brown,Gerald Wallace,Nazr Mohammed,Raymond Felton,Stephen Jackson,3,7:21,CLE,shot,,,,,,,,,,Shaquille O'Neal,2,,,made,,turnaround jump,30,9
J.J. Hickson,Jamario Moon,LeBron James,Mo Williams,Shaquille O'Neal,Derrick Brown,Gerald Wallace,Nazr Mohammed,Raymond Felton,Stephen Jackson,3,7:07,CLE,foul,,,,,,,,Stephen Jackson,,Jamario Moon,,,,,,personal,,
J.J. Hickson,Jamario Moon,LeBron James,Mo Williams,Shaquille O'Neal,Derrick Brown,Gerald Wallace,Nazr Mohammed,Raymond Felton,Stephen Jackson,3,6:55,CHA,shot,,,,,,,,,,Raymond Felton,,,,missed,,jump,30,24
J.J. Hickson,Jamario Moon,LeBron James,Mo Williams,Shaquille O'Neal,Derrick Brown,Gerald Wallace,Nazr Mohammed,Raymond Felton,Stephen Jackson,3,6:54,CLE,rebound,,,,,,,,,,LeBron James,,,,,,def,,
J.J. Hickson,Jamario Moon,LeBron James,Mo Williams,Shaquille O'Neal,Derrick Brown,Gerald Wallace,Nazr Mohammed,Raymond Felton,Stephen Jackson,3,6:46,CLE,shot,LeBron James,,,,,,,,,Jamario Moon,3,,,made,,3pt,42,24
J.J. Hickson,Jamario Moon,LeBron James,Mo Williams,Shaquille O'Neal,Derrick Brown,Gerald Wallace,Nazr Mohammed,Raymond Felton,Stephen Jackson,3,6:19,CHA,turnover,,,,,,,,,,,,,shot clock turnover,,,,,
J.J. Hickson,Jamario Moon,LeBron James,Mo Williams,Shaquille O'Neal,Derrick Brown,Gerald Wallace,Nazr Mohammed,Raymond Felton,Stephen Jackson,3,6:05,CHA,foul,,,,,,,,LeBron James,,Gerald Wallace,,,,,,shooting,,
J.J. Hickson,Jamario Moon,LeBron James,Mo Williams,Shaquille O'Neal,Derrick Brown,Gerald Wallace,Nazr Mohammed,Raymond Felton,Stephen Jackson,3,6:05,CLE,free throw,,,,,,,1,,2,LeBron James,,,foul,made,,,,
J.J. Hickson,Jamario Moon,LeBron James,Mo Williams,Shaquille O'Neal,Derrick Brown,Gerald Wallace,Nazr Mohammed,Raymond Felton,Stephen Jackson,3,6:05,CLE,free throw,,,,,,,2,,2,LeBron James,,,foul,made,,,,
J.J. Hickson,Jamario Moon,LeBron James,Mo Williams,Shaquille O'Neal,Derrick Brown,Gerald Wallace,Nazr Mohammed,Raymond Felton,Stephen Jackson,3,5:48,CHA,shot,,,,,,,,,,Stephen Jackson,,,,missed,,turnaround jump,37,10
J.J. Hickson,Jamario Moon,LeBron James,Mo Williams,Shaquille O'Neal,Derrick Brown,Gerald Wallace,Nazr Mohammed,Raymond Felton,Stephen Jackson,3,5:46,CLE,rebound,,,,,,,,,,Shaquille O'Neal,,,,,,def,,
J.J. Hickson,Jamario Moon,LeBron James,Mo Williams,Shaquille O'Neal,Derrick Brown,Gerald Wallace,Nazr Mohammed,Raymond Felton,Stephen Jackson,3,5:34,CLE,shot,,,,,,,,,,LeBron James,2,,,made,,driving layup,25,6
J.J. Hickson,Jamario Moon,LeBron James,Mo Williams,Shaquille O'Neal,Derrick Brown,Gerald Wallace,Nazr Mohammed,Raymond Felton,Stephen Jackson,3,5:16,CHA,shot,Raymond Felton,,,,,,,,,Nazr Mohammed,2,,,made,,jump,20,13
J.J. Hickson,Jamario Moon,LeBron James,Mo Williams,Shaquille O'Neal,Derrick Brown,Gerald Wallace,Nazr Mohammed,Raymond Felton,Stephen Jackson,3,4:57,CLE,shot,,,,,,,,,,Shaquille O'Neal,,,,missed,,hook,25,12
J.J. Hickson,Jamario Moon,LeBron James,Mo Williams,Shaquille O'Neal,Derrick Brown,Gerald Wallace,Nazr Mohammed,Raymond Felton,Stephen Jackson,3,4:54,CHA,rebound,,,,,,,,,,Gerald Wallace,,,,,,def,,
J.J. Hickson,Jamario Moon,LeBron James,Mo Williams,Shaquille O'Neal,Derrick Brown,Gerald Wallace,Nazr Mohammed,Raymond Felton,Stephen Jackson,3,4:52,CHA,turnover,,,,,,,,,,Gerald Wallace,,,bad pass,,Jamario Moon,,,
J.J. Hickson,Jamario Moon,LeBron James,Mo Williams,Shaquille O'Neal,Derrick Brown,Gerald Wallace,Nazr Mohammed,Raymond Felton,Stephen Jackson,3,4:46,CLE,shot,LeBron James,,,,,,,,,J.J. Hickson,2,,,made,,layup,25,6
Anderson Varejao,J.J. Hickson,Jamario Moon,LeBron James,Mo Williams,Derrick Brown,Gerald Wallace,Nazr Mohammed,Raymond Felton,Stephen Jackson,3,4:33,CLE,sub,,,,Anderson Varejao,,Shaquille O'Neal,,,,,,,,,,,,
Anderson Varejao,J.J. Hickson,Jamario Moon,LeBron James,Mo Williams,Derrick Brown,Gerald Wallace,Raymond Felton,Stephen Jackson,Tyson Chandler,3,4:33,CHA,sub,,,,Tyson Chandler,,Nazr Mohammed,,,,,,,,,,,,
Anderson Varejao,J.J. Hickson,Jamario Moon,LeBron James,Mo Williams,Derrick Brown,Gerald Wallace,Raymond Felton,Stephen Jackson,Tyson Chandler,3,4:25,CHA,shot,,,,,,,,,,Stephen Jackson,,,,missed,,jump,7,19
Anderson Varejao,J.J. Hickson,Jamario Moon,LeBron James,Mo Williams,Derrick Brown,Gerald Wallace,Raymond Felton,Stephen Jackson,Tyson Chandler,3,4:24,CLE,rebound,,,,,,,,,,Anderson Varejao,,,,,,def,,
Anderson Varejao,J.J. Hickson,Jamario Moon,LeBron James,Mo Williams,Derrick Brown,Gerald Wallace,Raymond Felton,Stephen Jackson,Tyson Chandler,3,4:13,CLE,turnover,,,,,,,,,,LeBron James,,,bad pass,,Raymond Felton,,,
Anderson Varejao,J.J. Hickson,Jamario Moon,LeBron James,Mo Williams,Derrick Brown,Gerald Wallace,Raymond Felton,Stephen Jackson,Tyson Chandler,3,4:07,CHA,shot,,,,,,,,,,Gerald Wallace,2,,,made,,layup,25,6
Anderson Varejao,J.J. Hickson,Jamario Moon,LeBron James,Mo Williams,Derrick Brown,Gerald Wallace,Raymond Felton,Stephen Jackson,Tyson Chandler,3,3:51,CLE,turnover,,,,,,,,,,LeBron James,,,out of bounds lost ball turnover,,,,,
Anderson Varejao,J.J. Hickson,Jamario Moon,LeBron James,Mo Williams,D.J. Augustin,Derrick Brown,Gerald Wallace,Stephen Jackson,Tyson Chandler,3,3:51,CHA,sub,,,,D.J. Augustin,,Raymond Felton,,,,,,,,,,,,
Anderson Varejao,J.J. Hickson,Jamario Moon,LeBron James,Mo Williams,D.J. Augustin,Derrick Brown,Gerald Wallace,Stephen Jackson,Tyson Chandler,3,3:36,CHA,shot,,,,,,,,,,Gerald Wallace,2,,,made,,jump,21,9
Anderson Varejao,J.J. Hickson,Jamario Moon,LeBron James,Mo Williams,D.J. Augustin,Derrick Brown,Gerald Wallace,Stephen Jackson,Tyson Chandler,3,3:16,CLE,shot,Mo Williams,,,,,,,,,LeBron James,3,,,made,,3pt,12,29
Anderson Varejao,J.J. Hickson,Jamario Moon,LeBron James,Mo Williams,D.J. Augustin,Derrick Brown,Gerald Wallace,Stephen Jackson,Tyson Chandler,3,3:01,CLE,foul,,,,,,,,Gerald Wallace,,LeBron James,,,,,,personal,,
Anderson Varejao,Jamario Moon,LeBron James,Mo Williams,Zydrunas Ilgauskas,D.J. Augustin,Derrick Brown,Gerald Wallace,Stephen Jackson,Tyson Chandler,3,3:01,CLE,sub,,,,Zydrunas Ilgauskas,,J.J. Hickson,,,,,,,,,,,,
Anderson Varejao,Jamario Moon,LeBron James,Mo Williams,Zydrunas Ilgauskas,D.J. Augustin,Derrick Brown,Gerald Wallace,Stephen Jackson,Tyson Chandler,3,2:50,CHA,shot,,,,,,,,,,Stephen Jackson,,,,missed,,3pt,9,25
Anderson Varejao,Jamario Moon,LeBron James,Mo Williams,Zydrunas Ilgauskas,D.J. Augustin,Derrick Brown,Gerald Wallace,Stephen Jackson,Tyson Chandler,3,2:48,CLE,rebound,,,,,,,,,,Mo Williams,,,,,,def,,
Anderson Varejao,Jamario Moon,LeBron James,Mo Williams,Zydrunas Ilgauskas,D.J. Augustin,Derrick Brown,Gerald Wallace,Stephen Jackson,Tyson Chandler,3,2:40,CLE,shot,,,,,,,,,,Jamario Moon,,,,missed,,3pt,48,6
Anderson Varejao,Jamario Moon,LeBron James,Mo Williams,Zydrunas Ilgauskas,D.J. Augustin,Derrick Brown,Gerald Wallace,Stephen Jackson,Tyson Chandler,3,2:39,CHA,rebound,,,,,,,,,,Tyson Chandler,,,,,,def,,
Anderson Varejao,Jamario Moon,LeBron James,Mo Williams,Zydrunas Ilgauskas,D.J. Augustin,Derrick Brown,Gerald Wallace,Stephen Jackson,Tyson Chandler,3,2:33,CHA,turnover,,,,,,,,,,D.J. Augustin,,,bad pass,,Jamario Moon,,,
Anderson Varejao,Jamario Moon,LeBron James,Mo Williams,Zydrunas Ilgauskas,D.J. Augustin,Derrick Brown,Gerald Wallace,Stephen Jackson,Tyson Chandler,3,2:23,CLE,shot,Mo Williams,,,,,,,,,LeBron James,3,,,made,,3pt,11,28
Anderson Varejao,Jamario Moon,LeBron James,Mo Williams,Zydrunas Ilgauskas,D.J. Augustin,Derrick Brown,Gerald Wallace,Stephen Jackson,Tyson Chandler,3,2:03,CHA,shot,,,Anderson Varejao,,,,,,,Derrick Brown,,,,missed,,jump,15,7
Anderson Varejao,Jamario Moon,LeBron James,Mo Williams,Zydrunas Ilgauskas,D.J. Augustin,Derrick Brown,Gerald Wallace,Stephen Jackson,Tyson Chandler,3,2:01,CLE,rebound,,,,,,,,,,LeBron James,,,,,,def,,
Anderson Varejao,Jamario Moon,LeBron James,Mo Williams,Zydrunas Ilgauskas,D.J. Augustin,Derrick Brown,Gerald Wallace,Stephen Jackson,Tyson Chandler,3,1:56,CLE,shot,,,,,,,,,,LeBron James,,,,missed,,3pt,43,23
Anderson Varejao,Jamario Moon,LeBron James,Mo Williams,Zydrunas Ilgauskas,D.J. Augustin,Derrick Brown,Gerald Wallace,Stephen Jackson,Tyson Chandler,3,1:55,CHA,rebound,,,,,,,,,,,,,,,,,,
Anderson Varejao,Jamario Moon,LeBron James,Mo Williams,Zydrunas Ilgauskas,D.J. Augustin,Derrick Brown,Gerald Wallace,Stephen Jackson,Tyson Chandler,3,1:40,CHA,shot,,,,,,,,,,Derrick Brown,,,,missed,,jump,31,18
Anderson Varejao,Jamario Moon,LeBron James,Mo Williams,Zydrunas Ilgauskas,D.J. Augustin,Derrick Brown,Gerald Wallace,Stephen Jackson,Tyson Chandler,3,1:39,CLE,rebound,,,,,,,,,,Zydrunas Ilgauskas,,,,,,def,,
Anderson Varejao,Jamario Moon,LeBron James,Mo Williams,Zydrunas Ilgauskas,D.J. Augustin,Derrick Brown,Gerald Wallace,Stephen Jackson,Tyson Chandler,3,1:16,CLE,shot,,,,,,,,,,Mo Williams,,,,missed,,jump,42,19
Anderson Varejao,Jamario Moon,LeBron James,Mo Williams,Zydrunas Ilgauskas,D.J. Augustin,Derrick Brown,Gerald Wallace,Stephen Jackson,Tyson Chandler,3,1:15,CHA,rebound,,,,,,,,,,Tyson Chandler,,,,,,def,,
Anderson Varejao,Jamario Moon,LeBron James,Mo Williams,Zydrunas Ilgauskas,D.J. Augustin,Derrick Brown,Gerald Wallace,Stephen Jackson,Tyson Chandler,3,1:07,CHA,turnover,,,,,,,,,,Stephen Jackson,,,lost ball,,Mo Williams,,,
Anderson Varejao,Jamario Moon,LeBron James,Mo Williams,Zydrunas Ilgauskas,D.J. Augustin,Derrick Brown,Gerald Wallace,Stephen Jackson,Tyson Chandler,3,1:03,CLE,shot,,,,,,,,,,Mo Williams,2,,,made,,layup,25,6
Anderson Varejao,Jamario Moon,LeBron James,Mo Williams,Zydrunas Ilgauskas,D.J. Augustin,Derrick Brown,Gerald Wallace,Stephen Jackson,Tyson Chandler,3,0:45,CHA,shot,,,Zydrunas Ilgauskas,,,,,,,D.J. Augustin,,,,missed,,layup,25,6
Anderson Varejao,Jamario Moon,LeBron James,Mo Williams,Zydrunas Ilgauskas,D.J. Augustin,Derrick Brown,Gerald Wallace,Stephen Jackson,Tyson Chandler,3,0:45,CHA,rebound,,,,,,,,,,,,,,,,,,
Anderson Varejao,Daniel Green,Jamario Moon,Mo Williams,Zydrunas Ilgauskas,D.J. Augustin,Derrick Brown,Gerald Wallace,Stephen Jackson,Tyson Chandler,3,0:45,CLE,sub,,,,Daniel Green,,LeBron James,,,,,,,,,,,,
Anderson Varejao,Daniel Green,Jamario Moon,Mo Williams,Zydrunas Ilgauskas,D.J. Augustin,Derrick Brown,Gerald Wallace,Stephen Jackson,Tyson Chandler,3,0:42,CHA,shot,D.J. Augustin,,,,,,,,,Stephen Jackson,2,,,made,,layup,25,6
Anderson Varejao,Daniel Green,Jamario Moon,Mo Williams,Zydrunas Ilgauskas,D.J. Augustin,Derrick Brown,Gerald Wallace,Stephen Jackson,Tyson Chandler,3,0:30,CLE,shot,,,,,,,,,,Mo Williams,2,,,made,,step back jump,13,18
Anderson Varejao,Daniel Green,Jamario Moon,Mo Williams,Zydrunas Ilgauskas,D.J. Augustin,Derrick Brown,Gerald Wallace,Stephen Jackson,Tyson Chandler,3,0:06,CHA,shot,,,,,,,,,,Gerald Wallace,,,,missed,,3pt,37,28
Anderson Varejao,Daniel Green,Jamario Moon,Mo Williams,Zydrunas Ilgauskas,D.J. Augustin,Derrick Brown,Gerald Wallace,Stephen Jackson,Tyson Chandler,3,0:03,CLE,rebound,,,,,,,,,,Daniel Green,,,,,,def,,
Anderson Varejao,Daniel Green,Jamario Moon,Mo Williams,Zydrunas Ilgauskas,D.J. Augustin,Derrick Brown,Gerald Wallace,Stephen Jackson,Tyson Chandler,3,0:01,CLE,shot,,,,,,,,,,Daniel Green,,,,missed,,3pt,24,42
Anderson Varejao,Daniel Green,Jamario Moon,Mo Williams,Zydrunas Ilgauskas,D.J. Augustin,Derrick Brown,Gerald Wallace,Stephen Jackson,Tyson Chandler,3,0:00,CLE,rebound,,,,,,,,,,,,,,,,,,
Anderson Varejao,Daniel Green,Jamario Moon,Mo Williams,Zydrunas Ilgauskas,Derrick Brown,Gerald Wallace,Raymond Felton,Ronald Murray,Tyson Chandler,4,11:46,CLE,shot,,,,,,,,,,Mo Williams,,,,missed,,jump,12,14
Anderson Varejao,Daniel Green,Jamario Moon,Mo Williams,Zydrunas Ilgauskas,Derrick Brown,Gerald Wallace,Raymond Felton,Ronald Murray,Tyson Chandler,4,11:44,CLE,rebound,,,,,,,,,,Daniel Green,,,,,,off,,
Anderson Varejao,Daniel Green,Jamario Moon,Mo Williams,Zydrunas Ilgauskas,Derrick Brown,Gerald Wallace,Raymond Felton,Ronald Murray,Tyson Chandler,4,11:42,CLE,shot,,,,,,,,,,Daniel Green,2,,,made,,layup,25,6
Anderson Varejao,Daniel Green,Jamario Moon,Mo Williams,Zydrunas Ilgauskas,Derrick Brown,Gerald Wallace,Raymond Felton,Ronald Murray,Tyson Chandler,4,11:25,CHA,shot,Tyson Chandler,,,,,,,,,Ronald Murray,2,,,made,,jump,13,24
Anderson Varejao,Daniel Green,Jamario Moon,Mo Williams,Zydrunas Ilgauskas,Derrick Brown,Gerald Wallace,Raymond Felton,Ronald Murray,Tyson Chandler,4,11:06,CLE,turnover,,,,,,,,,,Zydrunas Ilgauskas,,,traveling,,,,,
Anderson Varejao,Daniel Green,Jamario Moon,Mo Williams,Zydrunas Ilgauskas,Derrick Brown,Gerald Wallace,Raymond Felton,Ronald Murray,Tyson Chandler,4,10:51,CHA,shot,,,,,,,,,,Raymond Felton,2,,,made,,jump,12,19
Anderson Varejao,Daniel Green,Jamario Moon,Mo Williams,Zydrunas Ilgauskas,Derrick Brown,Gerald Wallace,Raymond Felton,Ronald Murray,Tyson Chandler,4,10:37,CLE,turnover,,,,,,,,,,Jamario Moon,,,lost ball,,Gerald Wallace,,,
Anderson Varejao,Daniel Green,Jamario Moon,Mo Williams,Zydrunas Ilgauskas,Derrick Brown,Gerald Wallace,Raymond Felton,Ronald Murray,Tyson Chandler,4,10:37,CLE,foul,,,,,,,,Gerald Wallace,,Jamario Moon,,,,,,loose ball,,
Anderson Varejao,Anthony Parker,Daniel Green,Jamario Moon,Mo Williams,Derrick Brown,Gerald Wallace,Raymond Felton,Ronald Murray,Tyson Chandler,4,10:37,CLE,sub,,,,Anthony Parker,,Zydrunas Ilgauskas,,,,,,,,,,,,
Anderson Varejao,Anthony Parker,Daniel Green,Mo Williams,Shaquille O'Neal,Derrick Brown,Gerald Wallace,Raymond Felton,Ronald Murray,Tyson Chandler,4,10:37,CLE,sub,,,,Shaquille O'Neal,,Jamario Moon,,,,,,,,,,,,
Anderson Varejao,Anthony Parker,Daniel Gibson,Mo Williams,Shaquille O'Neal,Derrick Brown,Gerald Wallace,Raymond Felton,Ronald Murray,Tyson Chandler,4,10:37,CLE,sub,,,,Daniel Gibson,,Daniel Green,,,,,,,,,,,,
Anderson Varejao,Anthony Parker,Daniel Gibson,Mo Williams,Shaquille O'Neal,Derrick Brown,Gerald Wallace,Raymond Felton,Ronald Murray,Tyson Chandler,4,10:26,CHA,shot,,,,,,,,,,Raymond Felton,2,,,made,,jump,29,20
Anderson Varejao,Anthony Parker,Daniel Gibson,Mo Williams,Shaquille O'Neal,Derrick Brown,Gerald Wallace,Raymond Felton,Ronald Murray,Tyson Chandler,4,10:13,CHA,foul,,,,,,,,Shaquille O'Neal,,Tyson Chandler,,,,,,personal,,
Anderson Varejao,Anthony Parker,Daniel Gibson,Mo Williams,Shaquille O'Neal,Derrick Brown,Gerald Wallace,Raymond Felton,Ronald Murray,Tyson Chandler,4,10:04,CLE,shot,,,,,,,,,,Anderson Varejao,2,,,made,,driving layup,25,6
Anderson Varejao,Anthony Parker,Daniel Gibson,Mo Williams,Shaquille O'Neal,Derrick Brown,Gerald Wallace,Raymond Felton,Ronald Murray,Tyson Chandler,4,10:04,CHA,foul,,,,,,,,Anderson Varejao,,Derrick Brown,,,,,,shooting,,
Anderson Varejao,Anthony Parker,Daniel Gibson,Mo Williams,Shaquille O'Neal,Boris Diaw,Gerald Wallace,Raymond Felton,Ronald Murray,Tyson Chandler,4,10:04,CHA,sub,,,,Boris Diaw,,Derrick Brown,,,,,,,,,,,,
Anderson Varejao,Anthony Parker,Daniel Gibson,LeBron James,Shaquille O'Neal,Boris Diaw,Gerald Wallace,Raymond Felton,Ronald Murray,Tyson Chandler,4,10:04,CLE,sub,,,,LeBron James,,Mo Williams,,,,,,,,,,,,
Anderson Varejao,Anthony Parker,Daniel Gibson,LeBron James,Shaquille O'Neal,Boris Diaw,Raymond Felton,Ronald Murray,Stephen Jackson,Tyson Chandler,4,10:04,CHA,sub,,,,Stephen Jackson,,Gerald Wallace,,,,,,,,,,,,
Anderson Varejao,Anthony Parker,Daniel Gibson,LeBron James,Shaquille O'Neal,Boris Diaw,Raymond Felton,Ronald Murray,Stephen Jackson,Tyson Chandler,4,10:04,CLE,free throw,,,,,,,1,,1,Anderson Varejao,,,foul,missed,,,,
Anderson Varejao,Anthony Parker,Daniel Gibson,LeBron James,Shaquille O'Neal,Boris Diaw,Raymond Felton,Ronald Murray,Stephen Jackson,Tyson Chandler,4,10:03,CHA,rebound,,,,,,,,,,Boris Diaw,,,,,,def,,
Anderson Varejao,Anthony Parker,Daniel Gibson,LeBron James,Shaquille O'Neal,Boris Diaw,Raymond Felton,Ronald Murray,Stephen Jackson,Tyson Chandler,4,9:47,CHA,foul,,,,,,,,Anderson Varejao,,Tyson Chandler,,,,,,offensive,,
Anderson Varejao,Anthony Parker,Daniel Gibson,LeBron James,Shaquille O'Neal,Boris Diaw,Raymond Felton,Ronald Murray,Stephen Jackson,Tyson Chandler,4,9:47,CHA,turnover,,,,,,,,,,Tyson Chandler,,,foul,,,,,
Anderson Varejao,Anthony Parker,Daniel Gibson,LeBron James,Shaquille O'Neal,Boris Diaw,Raymond Felton,Ronald Murray,Stephen Jackson,Tyson Chandler,4,9:29,CLE,turnover,,,,,,,,,,Shaquille O'Neal,,,bad pass,,Boris Diaw,,,
Anderson Varejao,Anthony Parker,Daniel Gibson,LeBron James,Shaquille O'Neal,Boris Diaw,Raymond Felton,Ronald Murray,Stephen Jackson,Tyson Chandler,4,9:25,CHA,shot,,,,,,,,,,Ronald Murray,2,,,made,,layup,25,6
Anderson Varejao,Anthony Parker,Daniel Gibson,LeBron James,Shaquille O'Neal,Boris Diaw,Raymond Felton,Ronald Murray,Stephen Jackson,Tyson Chandler,4,9:07,CLE,shot,,,,,,,,,,Anthony Parker,,,,missed,,3pt,47,6
Anderson Varejao,Anthony Parker,Daniel Gibson,LeBron James,Shaquille O'Neal,Boris Diaw,Raymond Felton,Ronald Murray,Stephen Jackson,Tyson Chandler,4,9:06,CHA,rebound,,,,,,,,,,Raymond Felton,,,,,,def,,
Anderson Varejao,Anthony Parker,Daniel Gibson,LeBron James,Shaquille O'Neal,Boris Diaw,Raymond Felton,Ronald Murray,Stephen Jackson,Tyson Chandler,4,8:57,CHA,shot,,,Anderson Varejao,,,,,,,Tyson Chandler,,,,missed,,layup,25,6
Anderson Varejao,Anthony Parker,Daniel Gibson,LeBron James,Shaquille O'Neal,Boris Diaw,Raymond Felton,Ronald Murray,Stephen Jackson,Tyson Chandler,4,8:54,CLE,rebound,,,,,,,,,,,,,,,,,,
Anderson Varejao,Anthony Parker,Daniel Gibson,LeBron James,Shaquille O'Neal,Boris Diaw,Raymond Felton,Ronald Murray,Stephen Jackson,Tyson Chandler,4,8:54,CLE,timeout,,,,,,,,,,,,,,,,official,,
Anderson Varejao,Anthony Parker,Daniel Gibson,LeBron James,Shaquille O'Neal,Boris Diaw,Raymond Felton,Ronald Murray,Stephen Jackson,Tyson Chandler,4,8:42,CHA,foul,,,,,,,,Shaquille O'Neal,,Tyson Chandler,,,,,,personal,,
Anderson Varejao,Anthony Parker,Daniel Gibson,LeBron James,Shaquille O'Neal,Boris Diaw,Nazr Mohammed,Raymond Felton,Ronald Murray,Stephen Jackson,4,8:42,CHA,sub,,,,Nazr Mohammed,,Tyson Chandler,,,,,,,,,,,,
Anderson Varejao,Anthony Parker,Daniel Gibson,LeBron James,Shaquille O'Neal,Boris Diaw,Nazr Mohammed,Raymond Felton,Ronald Murray,Stephen Jackson,4,8:29,CLE,shot,,,,,,,,,,Shaquille O'Neal,2,,,made,,hook,26,12
Anderson Varejao,Anthony Parker,Daniel Gibson,LeBron James,Shaquille O'Neal,Boris Diaw,Nazr Mohammed,Raymond Felton,Ronald Murray,Stephen Jackson,4,8:11,CHA,shot,,,Shaquille O'Neal,,,,,,,Stephen Jackson,,,,missed,,jump,25,13
Anderson Varejao,Anthony Parker,Daniel Gibson,LeBron James,Shaquille O'Neal,Boris Diaw,Nazr Mohammed,Raymond Felton,Ronald Murray,Stephen Jackson,4,8:10,CLE,rebound,,,,,,,,,,Anderson Varejao,,,,,,def,,
Anderson Varejao,Anthony Parker,Daniel Gibson,LeBron James,Shaquille O'Neal,Boris Diaw,Nazr Mohammed,Raymond Felton,Ronald Murray,Stephen Jackson,4,7:47,CLE,shot,,,,,,,,,,Daniel Gibson,2,,,made,,jump,32,11
Anderson Varejao,Anthony Parker,Daniel Gibson,LeBron James,Shaquille O'Neal,Boris Diaw,Nazr Mohammed,Raymond Felton,Ronald Murray,Stephen Jackson,4,7:29,CHA,shot,,,,,,,,,,Ronald Murray,,,,missed,,jump,11,10
Anderson Varejao,Anthony Parker,Daniel Gibson,LeBron James,Shaquille O'Neal,Boris Diaw,Nazr Mohammed,Raymond Felton,Ronald Murray,Stephen Jackson,4,7:27,CHA,rebound,,,,,,,,,,Nazr Mohammed,,,,,,off,,
Anderson Varejao,Anthony Parker,Daniel Gibson,LeBron James,Shaquille O'Neal,Boris Diaw,Nazr Mohammed,Raymond Felton,Ronald Murray,Stephen Jackson,4,7:26,CHA,shot,,,,,,,,,,Nazr Mohammed,,,,missed,,tip,25,6
Anderson Varejao,Anthony Parker,Daniel Gibson,LeBron James,Shaquille O'Neal,Boris Diaw,Nazr Mohammed,Raymond Felton,Ronald Murray,Stephen Jackson,4,7:24,CLE,rebound,,,,,,,,,,Shaquille O'Neal,,,,,,def,,
Anderson Varejao,Anthony Parker,Daniel Gibson,LeBron James,Shaquille O'Neal,Boris Diaw,Nazr Mohammed,Raymond Felton,Ronald Murray,Stephen Jackson,4,7:18,CLE,shot,,,,,,,,,,LeBron James,,,,missed,,3pt,26,35
Anderson Varejao,Anthony Parker,Daniel Gibson,LeBron James,Shaquille O'Neal,Boris Diaw,Nazr Mohammed,Raymond Felton,Ronald Murray,Stephen Jackson,4,7:17,CLE,rebound,,,,,,,,,,Anderson Varejao,,,,,,off,,
Anderson Varejao,Anthony Parker,Daniel Gibson,LeBron James,Shaquille O'Neal,Boris Diaw,Nazr Mohammed,Raymond Felton,Ronald Murray,Stephen Jackson,4,7:14,CLE,shot,,,,,,,,,,Daniel Gibson,,,,missed,,3pt,40,25
Anderson Varejao,Anthony Parker,Daniel Gibson,LeBron James,Shaquille O'Neal,Boris Diaw,Nazr Mohammed,Raymond Felton,Ronald Murray,Stephen Jackson,4,7:13,CHA,rebound,,,,,,,,,,Nazr Mohammed,,,,,,def,,
Anderson Varejao,Anthony Parker,Daniel Gibson,LeBron James,Shaquille O'Neal,Boris Diaw,Nazr Mohammed,Raymond Felton,Ronald Murray,Stephen Jackson,4,7:00,CHA,shot,,,,,,,,,,Boris Diaw,,,,missed,,jump,25,22
Anderson Varejao,Anthony Parker,Daniel Gibson,LeBron James,Shaquille O'Neal,Boris Diaw,Nazr Mohammed,Raymond Felton,Ronald Murray,Stephen Jackson,4,6:59,CLE,rebound,,,,,,,,,,Shaquille O'Neal,,,,,,def,,
Anderson Varejao,Anthony Parker,Daniel Gibson,LeBron James,Shaquille O'Neal,Boris Diaw,Nazr Mohammed,Raymond Felton,Ronald Murray,Stephen Jackson,4,6:47,CLE,shot,,,,,,,,,,LeBron James,,,,missed,,jump,26,12
Anderson Varejao,Anthony Parker,Daniel Gibson,LeBron James,Shaquille O'Neal,Boris Diaw,Nazr Mohammed,Raymond Felton,Ronald Murray,Stephen Jackson,4,6:45,CLE,rebound,,,,,,,,,,Anderson Varejao,,,,,,off,,
Anderson Varejao,Anthony Parker,Daniel Gibson,LeBron James,Shaquille O'Neal,Boris Diaw,Nazr Mohammed,Raymond Felton,Ronald Murray,Stephen Jackson,4,6:36,CHA,foul,,,,,,,,Shaquille O'Neal,,Nazr Mohammed,,,,,,shooting,,
Anderson Varejao,Daniel Gibson,LeBron James,Mo Williams,Shaquille O'Neal,Boris Diaw,Nazr Mohammed,Raymond Felton,Ronald Murray,Stephen Jackson,4,6:36,CLE,sub,,,,Mo Williams,,Anthony Parker,,,,,,,,,,,,
Anderson Varejao,Daniel Gibson,LeBron James,Mo Williams,Shaquille O'Neal,Boris Diaw,Nazr Mohammed,Raymond Felton,Ronald Murray,Stephen Jackson,4,6:36,CLE,free throw,,,,,,,1,,2,Shaquille O'Neal,,,foul,missed,,,,
Anderson Varejao,Daniel Gibson,LeBron James,Mo Williams,Shaquille O'Neal,Boris Diaw,Nazr Mohammed,Raymond Felton,Ronald Murray,Stephen Jackson,4,6:36,CLE,rebound,,,,,,,,,,,,,,,,,,
Anderson Varejao,Daniel Gibson,LeBron James,Mo Williams,Shaquille O'Neal,Boris Diaw,Gerald Wallace,Nazr Mohammed,Ronald Murray,Stephen Jackson,4,6:36,CHA,sub,,,,Gerald Wallace,,Raymond Felton,,,,,,,,,,,,
Anderson Varejao,Jamario Moon,LeBron James,Mo Williams,Shaquille O'Neal,Boris Diaw,Gerald Wallace,Nazr Mohammed,Ronald Murray,Stephen Jackson,4,6:36,CLE,sub,,,,Jamario Moon,,Daniel Gibson,,,,,,,,,,,,
Anderson Varejao,Jamario Moon,LeBron James,Mo Williams,Shaquille O'Neal,Boris Diaw,Gerald Wallace,Nazr Mohammed,Ronald Murray,Stephen Jackson,4,6:36,CLE,free throw,,,,,,,2,,2,Shaquille O'Neal,,,foul,made,,,,
Anderson Varejao,Jamario Moon,LeBron James,Mo Williams,Shaquille O'Neal,Boris Diaw,Gerald Wallace,Nazr Mohammed,Ronald Murray,Stephen Jackson,4,6:27,CLE,foul,,,,,,,,Ronald Murray,,Mo Williams,,,,,,personal,,
Daniel Gibson,Jamario Moon,LeBron James,Mo Williams,Shaquille O'Neal,Boris Diaw,Gerald Wallace,Nazr Mohammed,Ronald Murray,Stephen Jackson,4,6:27,CLE,sub,,,,Daniel Gibson,,Anderson Varejao,,,,,,,,,,,,
Daniel Gibson,Jamario Moon,LeBron James,Mo Williams,Shaquille O'Neal,Boris Diaw,Gerald Wallace,Nazr Mohammed,Ronald Murray,Stephen Jackson,4,6:12,CHA,shot,,,,,,,,,,Gerald Wallace,,,,missed,,3pt,33,30
Daniel Gibson,Jamario Moon,LeBron James,Mo Williams,Shaquille O'Neal,Boris Diaw,Gerald Wallace,Nazr Mohammed,Ronald Murray,Stephen Jackson,4,6:12,CHA,rebound,,,,,,,,,,,,,,,,,,
Daniel Gibson,Jamario Moon,LeBron James,Mo Williams,Shaquille O'Neal,Boris Diaw,Gerald Wallace,Nazr Mohammed,Ronald Murray,Stephen Jackson,4,6:12,CHA,turnover,,,,,,,,,,,,,shot clock turnover,,,,,
Daniel Gibson,Jamario Moon,LeBron James,Mo Williams,Shaquille O'Neal,Boris Diaw,Gerald Wallace,Nazr Mohammed,Ronald Murray,Stephen Jackson,4,5:58,CLE,turnover,,,,,,,,,,Daniel Gibson,,,step out of bounds turnover,,,,,
Daniel Gibson,Jamario Moon,LeBron James,Mo Williams,Shaquille O'Neal,Boris Diaw,Gerald Wallace,Nazr Mohammed,Ronald Murray,Stephen Jackson,4,5:58,CHA,timeout,,,,,,,,,,,,,,,,regular,,
Anderson Varejao,Jamario Moon,LeBron James,Mo Williams,Shaquille O'Neal,Boris Diaw,Gerald Wallace,Nazr Mohammed,Ronald Murray,Stephen Jackson,4,5:58,CLE,sub,,,,Anderson Varejao,,Daniel Gibson,,,,,,,,,,,,
Anderson Varejao,Jamario Moon,LeBron James,Mo Williams,Shaquille O'Neal,Boris Diaw,Gerald Wallace,Nazr Mohammed,Ronald Murray,Stephen Jackson,4,5:44,CHA,foul,,,,,,,,Anderson Varejao,,Boris Diaw,,,,,,offensive,,
Anderson Varejao,Jamario Moon,LeBron James,Mo Williams,Shaquille O'Neal,Boris Diaw,Gerald Wallace,Nazr Mohammed,Ronald Murray,Stephen Jackson,4,5:44,CHA,turnover,,,,,,,,,,Boris Diaw,,,foul,,,,,
Anderson Varejao,Jamario Moon,LeBron James,Mo Williams,Shaquille O'Neal,Gerald Wallace,Nazr Mohammed,Raymond Felton,Ronald Murray,Stephen Jackson,4,5:44,CHA,sub,,,,Raymond Felton,,Boris Diaw,,,,,,,,,,,,
Anderson Varejao,Jamario Moon,LeBron James,Mo Williams,Shaquille O'Neal,Gerald Wallace,Nazr Mohammed,Raymond Felton,Ronald Murray,Stephen Jackson,4,5:33,CLE,shot,Mo Williams,,,,,,,,,Jamario Moon,2,,,made,,alley oop dunk,25,6
Anderson Varejao,Jamario Moon,LeBron James,Mo Williams,Shaquille O'Neal,Gerald Wallace,Nazr Mohammed,Raymond Felton,Ronald Murray,Stephen Jackson,4,5:06,CLE,foul,,,,,,,,Gerald Wallace,,Anderson Varejao,,,,,,shooting,,
Anderson Varejao,Jamario Moon,LeBron James,Mo Williams,Shaquille O'Neal,Gerald Wallace,Nazr Mohammed,Raymond Felton,Ronald Murray,Stephen Jackson,4,5:06,CHA,free throw,,,,,,,1,,2,Gerald Wallace,,,foul,made,,,,
Anderson Varejao,Jamario Moon,LeBron James,Mo Williams,Shaquille O'Neal,Gerald Wallace,Nazr Mohammed,Raymond Felton,Ronald Murray,Stephen Jackson,4,5:06,CHA,free throw,,,,,,,2,,2,Gerald Wallace,,,foul,made,,,,
Anderson Varejao,Jamario Moon,LeBron James,Mo Williams,Shaquille O'Neal,Gerald Wallace,Nazr Mohammed,Raymond Felton,Ronald Murray,Stephen Jackson,4,4:48,CLE,shot,,,,,,,,,,Mo Williams,,,,missed,,3pt,42,24
Anderson Varejao,Jamario Moon,LeBron James,Mo Williams,Shaquille O'Neal,Gerald Wallace,Nazr Mohammed,Raymond Felton,Ronald Murray,Stephen Jackson,4,4:47,CHA,rebound,,,,,,,,,,Nazr Mohammed,,,,,,def,,
Anderson Varejao,Jamario Moon,LeBron James,Mo Williams,Shaquille O'Neal,Gerald Wallace,Nazr Mohammed,Raymond Felton,Ronald Murray,Stephen Jackson,4,4:28,CHA,shot,,,,,,,,,,Ronald Murray,,,,missed,,jump,32,25
Anderson Varejao,Jamario Moon,LeBron James,Mo Williams,Shaquille O'Neal,Gerald Wallace,Nazr Mohammed,Raymond Felton,Ronald Murray,Stephen Jackson,4,4:27,CLE,rebound,,,,,,,,,,Jamario Moon,,,,,,def,,
Anderson Varejao,Jamario Moon,LeBron James,Mo Williams,Shaquille O'Neal,Gerald Wallace,Nazr Mohammed,Raymond Felton,Ronald Murray,Stephen Jackson,4,4:14,CLE,shot,,,,,,,,,,Anderson Varejao,,,,missed,,jump,19,9
Anderson Varejao,Jamario Moon,LeBron James,Mo Williams,Shaquille O'Neal,Gerald Wallace,Nazr Mohammed,Raymond Felton,Ronald Murray,Stephen Jackson,4,4:13,CHA,rebound,,,,,,,,,,Gerald Wallace,,,,,,def,,
Anderson Varejao,Jamario Moon,LeBron James,Mo Williams,Shaquille O'Neal,Gerald Wallace,Nazr Mohammed,Raymond Felton,Ronald Murray,Stephen Jackson,4,3:58,CHA,shot,,,,,,,,,,Raymond Felton,,,,missed,,jump,19,25
Anderson Varejao,Jamario Moon,LeBron James,Mo Williams,Shaquille O'Neal,Gerald Wallace,Nazr Mohammed,Raymond Felton,Ronald Murray,Stephen Jackson,4,3:57,CLE,rebound,,,,,,,,,,Shaquille O'Neal,,,,,,def,,
Anderson Varejao,Jamario Moon,LeBron James,Mo Williams,Shaquille O'Neal,Gerald Wallace,Nazr Mohammed,Raymond Felton,Ronald Murray,Stephen Jackson,4,3:41,CLE,shot,LeBron James,,,,,,,,,Jamario Moon,3,,,made,,3pt,0,7
Anderson Varejao,Jamario Moon,LeBron James,Mo Williams,Shaquille O'Neal,Gerald Wallace,Nazr Mohammed,Raymond Felton,Ronald Murray,Stephen Jackson,4,3:20,CHA,turnover,,,,,,,,,,Nazr Mohammed,,,offensive goaltending,,,,,
Anderson Varejao,Jamario Moon,LeBron James,Mo Williams,Shaquille O'Neal,Gerald Wallace,Raymond Felton,Ronald Murray,Stephen Jackson,Tyson Chandler,4,3:20,CHA,sub,,,,Tyson Chandler,,Nazr Mohammed,,,,,,,,,,,,
Anderson Varejao,Jamario Moon,LeBron James,Mo Williams,Shaquille O'Neal,Boris Diaw,Gerald Wallace,Raymond Felton,Stephen Jackson,Tyson Chandler,4,3:20,CHA,sub,,,,Boris Diaw,,Ronald Murray,,,,,,,,,,,,
Anderson Varejao,Jamario Moon,LeBron James,Mo Williams,Shaquille O'Neal,Boris Diaw,Gerald Wallace,Raymond Felton,Stephen Jackson,Tyson Chandler,4,3:11,CLE,foul,,,,,,,,Stephen Jackson,,Mo Williams,,,,,,offensive,,
Anderson Varejao,Jamario Moon,LeBron James,Mo Williams,Shaquille O'Neal,Boris Diaw,Gerald Wallace,Raymond Felton,Stephen Jackson,Tyson Chandler,4,3:11,CLE,turnover,,,,,,,,,,Mo Williams,,,foul,,,,,
Anderson Varejao,Jamario Moon,LeBron James,Mo Williams,Shaquille O'Neal,Boris Diaw,Gerald Wallace,Raymond Felton,Stephen Jackson,Tyson Chandler,4,2:51,CHA,shot,,,,,,,,,,Boris Diaw,,,,missed,,hook,28,10
Anderson Varejao,Jamario Moon,LeBron James,Mo Williams,Shaquille O'Neal,Boris Diaw,Gerald Wallace,Raymond Felton,Stephen Jackson,Tyson Chandler,4,2:51,CHA,rebound,,,,,,,,,,,,,,,,,,
Anderson Varejao,Jamario Moon,LeBron James,Mo Williams,Shaquille O'Neal,Boris Diaw,Gerald Wallace,Raymond Felton,Stephen Jackson,Tyson Chandler,4,2:51,CLE,timeout,,,,,,,,,,,,,,,,regular,,
Anderson Varejao,Jamario Moon,LeBron James,Mo Williams,Shaquille O'Neal,Boris Diaw,Gerald Wallace,Raymond Felton,Stephen Jackson,Tyson Chandler,4,2:32,CHA,shot,,,,,,,,,,Gerald Wallace,,,,missed,,3pt,2,7
Anderson Varejao,Jamario Moon,LeBron James,Mo Williams,Shaquille O'Neal,Boris Diaw,Gerald Wallace,Raymond Felton,Stephen Jackson,Tyson Chandler,4,2:30,CLE,rebound,,,,,,,,,,Mo Williams,,,,,,def,,
Anderson Varejao,Jamario Moon,LeBron James,Mo Williams,Shaquille O'Neal,Boris Diaw,Gerald Wallace,Raymond Felton,Stephen Jackson,Tyson Chandler,4,2:15,CLE,turnover,,,,,,,,,,Mo Williams,,,lost ball,,Raymond Felton,,,
Anderson Varejao,Jamario Moon,LeBron James,Mo Williams,Shaquille O'Neal,Boris Diaw,Gerald Wallace,Raymond Felton,Stephen Jackson,Tyson Chandler,4,2:00,CHA,shot,,,,,,,,,,Raymond Felton,,,,missed,,driving layup,25,6
Anderson Varejao,Jamario Moon,LeBron James,Mo Williams,Shaquille O'Neal,Boris Diaw,Gerald Wallace,Raymond Felton,Stephen Jackson,Tyson Chandler,4,1:59,CLE,rebound,,,,,,,,,,Shaquille O'Neal,,,,,,def,,
Anderson Varejao,Jamario Moon,LeBron James,Mo Williams,Shaquille O'Neal,Boris Diaw,Gerald Wallace,Raymond Felton,Stephen Jackson,Tyson Chandler,4,1:51,CLE,shot,,,Stephen Jackson,,,,,,,LeBron James,,,,missed,,layup,25,6
Anderson Varejao,Jamario Moon,LeBron James,Mo Williams,Shaquille O'Neal,Boris Diaw,Gerald Wallace,Raymond Felton,Stephen Jackson,Tyson Chandler,4,1:49,CHA,rebound,,,,,,,,,,Gerald Wallace,,,,,,def,,
Anderson Varejao,Jamario Moon,LeBron James,Mo Williams,Shaquille O'Neal,Boris Diaw,Gerald Wallace,Raymond Felton,Stephen Jackson,Tyson Chandler,4,1:35,CHA,foul,,,,,,,,Mo Williams,,Stephen Jackson,,,,,,offensive,,
Anderson Varejao,Jamario Moon,LeBron James,Mo Williams,Shaquille O'Neal,Boris Diaw,Gerald Wallace,Raymond Felton,Stephen Jackson,Tyson Chandler,4,1:35,CHA,turnover,,,,,,,,,,Stephen Jackson,,,foul,,,,,
Anderson Varejao,Daniel Gibson,Jamario Moon,LeBron James,Mo Williams,Boris Diaw,Gerald Wallace,Raymond Felton,Stephen Jackson,Tyson Chandler,4,1:35,CLE,sub,,,,Daniel Gibson,,Shaquille O'Neal,,,,,,,,,,,,
Anderson Varejao,Daniel Gibson,Jamario Moon,LeBron James,Mo Williams,Boris Diaw,Gerald Wallace,Raymond Felton,Stephen Jackson,Tyson Chandler,4,1:21,CLE,shot,,,,,,,,,,Jamario Moon,,,,missed,,3pt,1,15
Anderson Varejao,Daniel Gibson,Jamario Moon,LeBron James,Mo Williams,Boris Diaw,Gerald Wallace,Raymond Felton,Stephen Jackson,Tyson Chandler,4,1:20,CHA,rebound,,,,,,,,,,Raymond Felton,,,,,,def,,
Anderson Varejao,Daniel Gibson,Jamario Moon,LeBron James,Mo Williams,Boris Diaw,Gerald Wallace,Raymond Felton,Stephen Jackson,Tyson Chandler,4,1:00,CHA,shot,,,,,,,,,,Stephen Jackson,,,,missed,,jump,5,14
Anderson Varejao,Daniel Gibson,Jamario Moon,LeBron James,Mo Williams,Boris Diaw,Gerald Wallace,Raymond Felton,Stephen Jackson,Tyson Chandler,4,0:59,CLE,rebound,,,,,,,,,,Mo Williams,,,,,,def,,
Anderson Varejao,Daniel Gibson,Jamario Moon,LeBron James,Mo Williams,Boris Diaw,Gerald Wallace,Raymond Felton,Stephen Jackson,Tyson Chandler,4,0:54,CLE,shot,,,,,,,,,,Mo Williams,,,,missed,,3pt,37,30
Anderson Varejao,Daniel Gibson,Jamario Moon,LeBron James,Mo Williams,Boris Diaw,Gerald Wallace,Raymond Felton,Stephen Jackson,Tyson Chandler,4,0:52,CHA,rebound,,,,,,,,,,Raymond Felton,,,,,,def,,
Anderson Varejao,Daniel Gibson,Jamario Moon,LeBron James,Mo Williams,Boris Diaw,Gerald Wallace,Raymond Felton,Stephen Jackson,Tyson Chandler,4,0:47,CLE,foul,,,,,,,,Raymond Felton,,Mo Williams,,,,,,personal,,
Anderson Varejao,Daniel Gibson,Jamario Moon,LeBron James,Mo Williams,Boris Diaw,Gerald Wallace,Raymond Felton,Ronald Murray,Stephen Jackson,4,0:47,CHA,sub,,,,Ronald Murray,,Tyson Chandler,,,,,,,,,,,,
Anderson Varejao,Daniel Gibson,Jamario Moon,LeBron James,Mo Williams,Boris Diaw,Gerald Wallace,Raymond Felton,Ronald Murray,Stephen Jackson,4,0:31,CHA,shot,,,,,,,,,,Raymond Felton,,,,missed,,jump,41,18
Anderson Varejao,Daniel Gibson,Jamario Moon,LeBron James,Mo Williams,Boris Diaw,Gerald Wallace,Raymond Felton,Ronald Murray,Stephen Jackson,4,0:30,CLE,rebound,,,,,,,,,,,,,,,,,,
Anderson Varejao,Daniel Gibson,Jamario Moon,LeBron James,Mo Williams,Boris Diaw,Gerald Wallace,Raymond Felton,Ronald Murray,Stephen Jackson,4,0:25,CLE,shot,,,,,,,,,,LeBron James,2,,,made,,layup,25,6
Anderson Varejao,Daniel Gibson,Jamario Moon,LeBron James,Mo Williams,Boris Diaw,Gerald Wallace,Raymond Felton,Ronald Murray,Stephen Jackson,4,0:21,CLE,foul,,,,,,,,Ronald Murray,,Daniel Gibson,,,,,,personal,,
Anderson Varejao,Daniel Gibson,Jamario Moon,LeBron James,Mo Williams,Boris Diaw,Gerald Wallace,Raymond Felton,Ronald Murray,Stephen Jackson,4,0:21,CHA,free throw,,,,,,,1,,2,Ronald Murray,,,foul,made,,,,
Anderson Varejao,Jamario Moon,LeBron James,Mo Williams,Shaquille O'Neal,Boris Diaw,Gerald Wallace,Raymond Felton,Ronald Murray,Stephen Jackson,4,0:21,CLE,sub,,,,Shaquille O'Neal,,Daniel Gibson,,,,,,,,,,,,
Anderson Varejao,Jamario Moon,LeBron James,Mo Williams,Shaquille O'Neal,Boris Diaw,Gerald Wallace,Raymond Felton,Ronald Murray,Stephen Jackson,4,0:21,CHA,free throw,,,,,,,2,,2,Ronald Murray,,,foul,missed,,,,
Anderson Varejao,Jamario Moon,LeBron James,Mo Williams,Shaquille O'Neal,Boris Diaw,Gerald Wallace,Raymond Felton,Ronald Murray,Stephen Jackson,4,0:20,CLE,rebound,,,,,,,,,,Jamario Moon,,,,,,def,,
Anderson Varejao,Jamario Moon,LeBron James,Mo Williams,Shaquille O'Neal,Boris Diaw,Gerald Wallace,Raymond Felton,Ronald Murray,Stephen Jackson,4,0:20,CLE,timeout,,,,,,,,,,,,,,,,short,,
Anderson Varejao,Jamario Moon,LeBron James,Mo Williams,Zydrunas Ilgauskas,Boris Diaw,Gerald Wallace,Raymond Felton,Ronald Murray,Stephen Jackson,4,0:20,CLE,sub,,,,Zydrunas Ilgauskas,,Shaquille O'Neal,,,,,,,,,,,,
Daniel Gibson,Jamario Moon,LeBron James,Mo Williams,Zydrunas Ilgauskas,Boris Diaw,Gerald Wallace,Raymond Felton,Ronald Murray,Stephen Jackson,4,0:20,CLE,sub,,,,Daniel Gibson,,Anderson Varejao,,,,,,,,,,,,
Anthony Parker,Daniel Gibson,LeBron James,Mo Williams,Zydrunas Ilgauskas,Boris Diaw,Gerald Wallace,Raymond Felton,Ronald Murray,Stephen Jackson,4,0:20,CLE,sub,,,,Anthony Parker,,Jamario Moon,,,,,,,,,,,,
Anthony Parker,Daniel Gibson,LeBron James,Mo Williams,Zydrunas Ilgauskas,Boris Diaw,Gerald Wallace,Raymond Felton,Ronald Murray,Stephen Jackson,4,0:15,CLE,shot,,,,,,,,,,LeBron James,,,,missed,,3pt,30,31
Anthony Parker,Daniel Gibson,LeBron James,Mo Williams,Zydrunas Ilgauskas,Boris Diaw,Gerald Wallace,Raymond Felton,Ronald Murray,Stephen Jackson,4,0:14,CLE,rebound,,,,,,,,,,Zydrunas Ilgauskas,,,,,,off,,
Anthony Parker,Daniel Gibson,LeBron James,Mo Williams,Zydrunas Ilgauskas,Boris Diaw,Gerald Wallace,Raymond Felton,Ronald Murray,Stephen Jackson,4,0:10,CLE,shot,,,,,,,,,,Mo Williams,,,,missed,,3pt,8,29
Anthony Parker,Daniel Gibson,LeBron James,Mo Williams,Zydrunas Ilgauskas,Boris Diaw,Gerald Wallace,Raymond Felton,Ronald Murray,Stephen Jackson,4,0:10,CHA,rebound,,,,,,,,,,Gerald Wallace,,,,,,def,,
Anthony Parker,Daniel Gibson,LeBron James,Mo Williams,Zydrunas Ilgauskas,Boris Diaw,Gerald Wallace,Raymond Felton,Ronald Murray,Stephen Jackson,4,0:10,CLE,foul,,,,,,,,Gerald Wallace,,Daniel Gibson,,,,,,personal,,
Anthony Parker,Daniel Gibson,LeBron James,Mo Williams,Zydrunas Ilgauskas,Boris Diaw,Gerald Wallace,Raymond Felton,Ronald Murray,Stephen Jackson,4,0:10,CHA,free throw,,,,,,,1,,2,Gerald Wallace,,,foul,made,,,,
Anthony Parker,Daniel Gibson,LeBron James,Mo Williams,Zydrunas Ilgauskas,Boris Diaw,Gerald Wallace,Raymond Felton,Ronald Murray,Stephen Jackson,4,0:10,CHA,free throw,,,,,,,2,,2,Gerald Wallace,,,foul,missed,,,,
Anthony Parker,Daniel Gibson,LeBron James,Mo Williams,Zydrunas Ilgauskas,Boris Diaw,Gerald Wallace,Raymond Felton,Ronald Murray,Stephen Jackson,4,0:08,CLE,rebound,,,,,,,,,,Zydrunas Ilgauskas,,,,,,def,,
Anthony Parker,Daniel Gibson,LeBron James,Mo Williams,Zydrunas Ilgauskas,Boris Diaw,Gerald Wallace,Raymond Felton,Ronald Murray,Stephen Jackson,4,0:01,CLE,shot,,,,,,,,,,Daniel Gibson,,,,missed,,3pt,14,31
Anthony Parker,Daniel Gibson,LeBron James,Mo Williams,Zydrunas Ilgauskas,Boris Diaw,Gerald Wallace,Raymond Felton,Ronald Murray,Stephen Jackson,4,0:00,CLE,rebound,,,,,,,,,,,,,,,,,,
