a1,a2,a3,a4,a5,h1,h2,h3,h4,h5,period,time,team,etype,assist,away,block,entered,home,left,num,opponent,outof,player,points,possession,reason,result,steal,type,x,y
Al Horford,Joe Johnson,Josh Smith,Marvin Williams,Mike Bibby,Arron Afflalo,Carmelo Anthony,Kenyon Martin,Nene Hilario,Ty Lawson,1,12:00,OFF,jump ball,,Josh Smith,,,Nene Hilario,,,,,,,Kenyon Martin,,,,,,
Al Horford,Joe Johnson,Josh Smith,Marvin Williams,Mike Bibby,Arron Afflalo,Carmelo Anthony,Kenyon Martin,Nene Hilario,Ty Lawson,1,11:44,DEN,shot,Carmelo Anthony,,,,,,,,,Nene Hilario,2,,,made,,reverse layup,,
Al Horford,Joe Johnson,Josh Smith,Marvin Williams,Mike Bibby,Arron Afflalo,Carmelo Anthony,Kenyon Martin,Nene Hilario,Ty Lawson,1,11:23,ATL,shot,Joe Johnson,,,,,,,,,Al Horford,2,,,made,,dunk,25,6
Al Horford,Joe Johnson,Josh Smith,Marvin Williams,Mike Bibby,Arron Afflalo,Carmelo Anthony,Kenyon Martin,Nene Hilario,Ty Lawson,1,11:03,DEN,shot,,,,,,,,,,Nene Hilario,,,,missed,,running hook,,
Al Horford,Joe Johnson,Josh Smith,Marvin Williams,Mike Bibby,Arron Afflalo,Carmelo Anthony,Kenyon Martin,Nene Hilario,Ty Lawson,1,11:02,ATL,rebound,,,,,,,,,,Marvin Williams,,,,,,def,,
Al Horford,Joe Johnson,Josh Smith,Marvin Williams,Mike Bibby,Arron Afflalo,Carmelo Anthony,Kenyon Martin,Nene Hilario,Ty Lawson,1,10:56,ATL,shot,,,,,,,,,,Marvin Williams,,,,missed,,driving layup,25,6
Al Horford,Joe Johnson,Josh Smith,Marvin Williams,Mike Bibby,Arron Afflalo,Carmelo Anthony,Kenyon Martin,Nene Hilario,Ty Lawson,1,10:55,DEN,rebound,,,,,,,,,,Nene Hilario,,,,,,def,,
Al Horford,Joe Johnson,Josh Smith,Marvin Williams,Mike Bibby,Arron Afflalo,Carmelo Anthony,Kenyon Martin,Nene Hilario,Ty Lawson,1,10:50,DEN,shot,,,,,,,,,,Arron Afflalo,2,,,made,,driving layup,25,6
Al Horford,Joe Johnson,Josh Smith,Marvin Williams,Mike Bibby,Arron Afflalo,Carmelo Anthony,Kenyon Martin,Nene Hilario,Ty Lawson,1,10:31,ATL,shot,,,,,,,,,,Mike Bibby,,,,missed,,jump,34,24
Al Horford,Joe Johnson,Josh Smith,Marvin Williams,Mike Bibby,Arron Afflalo,Carmelo Anthony,Kenyon Martin,Nene Hilario,Ty Lawson,1,10:30,DEN,rebound,,,,,,,,,,Arron Afflalo,,,,,,def,,
Al Horford,Joe Johnson,Josh Smith,Marvin Williams,Mike Bibby,Arron Afflalo,Carmelo Anthony,Kenyon Martin,Nene Hilario,Ty Lawson,1,10:16,DEN,shot,Arron Afflalo,,,,,,,,,Kenyon Martin,2,,,made,,jump,38,20
Al Horford,Joe Johnson,Josh Smith,Marvin Williams,Mike Bibby,Arron Afflalo,Carmelo Anthony,Kenyon Martin,Nene Hilario,Ty Lawson,1,9:49,ATL,shot,Joe Johnson,,,,,,,,,Josh Smith,2,,,made,,jump,13,23
Al Horford,Joe Johnson,Josh Smith,Marvin Williams,Mike Bibby,Arron Afflalo,Carmelo Anthony,Kenyon Martin,Nene Hilario,Ty Lawson,1,9:33,DEN,turnover,,,,,,,,,,Ty Lawson,,,step out of bounds turnover,,,,,
Al Horford,Joe Johnson,Josh Smith,Marvin Williams,Mike Bibby,Arron Afflalo,Carmelo Anthony,Kenyon Martin,Nene Hilario,Ty Lawson,1,9:20,DEN,foul,,,,,,,,Al Horford,,Nene Hilario,,,,,,shooting,,
Al Horford,Joe Johnson,Josh Smith,Marvin Williams,Mike Bibby,Arron Afflalo,Carmelo Anthony,Kenyon Martin,Nene Hilario,Ty Lawson,1,9:20,ATL,free throw,,,,,,,1,,2,Al Horford,,,foul,made,,,,
Al Horford,Joe Johnson,Josh Smith,Marvin Williams,Mike Bibby,Arron Afflalo,Carmelo Anthony,Kenyon Martin,Nene Hilario,Ty Lawson,1,9:20,ATL,free throw,,,,,,,2,,2,Al Horford,,,foul,made,,,,
Al Horford,Joe Johnson,Josh Smith,Marvin Williams,Mike Bibby,Arron Afflalo,Carmelo Anthony,Kenyon Martin,Nene Hilario,Ty Lawson,1,9:04,DEN,shot,,,,,,,,,,Carmelo Anthony,,,,missed,,jump,8,17
Al Horford,Joe Johnson,Josh Smith,Marvin Williams,Mike Bibby,Arron Afflalo,Carmelo Anthony,Kenyon Martin,Nene Hilario,Ty Lawson,1,9:03,ATL,rebound,,,,,,,,,,Al Horford,,,,,,def,,
Al Horford,Joe Johnson,Josh Smith,Marvin Williams,Mike Bibby,Arron Afflalo,Carmelo Anthony,Kenyon Martin,Nene Hilario,Ty Lawson,1,8:56,ATL,shot,Mike Bibby,,,,,,,,,Josh Smith,2,,,made,,dunk,25,6
Al Horford,Joe Johnson,Josh Smith,Marvin Williams,Mike Bibby,Arron Afflalo,Carmelo Anthony,Kenyon Martin,Nene Hilario,Ty Lawson,1,8:39,DEN,shot,,,,,,,,,,Arron Afflalo,,,,missed,,jump,42,17
Al Horford,Joe Johnson,Josh Smith,Marvin Williams,Mike Bibby,Arron Afflalo,Carmelo Anthony,Kenyon Martin,Nene Hilario,Ty Lawson,1,8:39,ATL,rebound,,,,,,,,,,Joe Johnson,,,,,,def,,
Al Horford,Joe Johnson,Josh Smith,Marvin Williams,Mike Bibby,Arron Afflalo,Carmelo Anthony,Kenyon Martin,Nene Hilario,Ty Lawson,1,8:33,ATL,shot,Joe Johnson,,,,,,,,,Mike Bibby,2,,,made,,jump,46,8
Al Horford,Joe Johnson,Josh Smith,Marvin Williams,Mike Bibby,Arron Afflalo,Carmelo Anthony,Kenyon Martin,Nene Hilario,Ty Lawson,1,8:23,ATL,foul,,,,,,,,Carmelo Anthony,,Marvin Williams,,,,,,shooting,,
Al Horford,Joe Johnson,Josh Smith,Marvin Williams,Mike Bibby,Arron Afflalo,Carmelo Anthony,Kenyon Martin,Nene Hilario,Ty Lawson,1,8:23,DEN,free throw,,,,,,,1,,2,Carmelo Anthony,,,foul,made,,,,
Al Horford,Joe Johnson,Josh Smith,Marvin Williams,Mike Bibby,Arron Afflalo,Carmelo Anthony,Kenyon Martin,Nene Hilario,Ty Lawson,1,8:23,DEN,free throw,,,,,,,2,,2,Carmelo Anthony,,,foul,made,,,,
Al Horford,Joe Johnson,Josh Smith,Marvin Williams,Mike Bibby,Arron Afflalo,Carmelo Anthony,Kenyon Martin,Nene Hilario,Ty Lawson,1,8:01,ATL,shot,,,,,,,,,,Joe Johnson,,,,missed,,3pt,6,22
Al Horford,Joe Johnson,Josh Smith,Marvin Williams,Mike Bibby,Arron Afflalo,Carmelo Anthony,Kenyon Martin,Nene Hilario,Ty Lawson,1,8:00,DEN,rebound,,,,,,,,,,Nene Hilario,,,,,,def,,
Al Horford,Joe Johnson,Josh Smith,Marvin Williams,Mike Bibby,Arron Afflalo,Carmelo Anthony,Kenyon Martin,Nene Hilario,Ty Lawson,1,7:55,ATL,foul,,,,,,,,Carmelo Anthony,,Joe Johnson,,,,,,personal,,
Al Horford,Joe Johnson,Josh Smith,Marvin Williams,Mike Bibby,Arron Afflalo,Carmelo Anthony,Kenyon Martin,Nene Hilario,Ty Lawson,1,7:45,DEN,shot,Ty Lawson,,,,,,,,,Carmelo Anthony,3,,,made,,3pt,3,9
Al Horford,Joe Johnson,Josh Smith,Marvin Williams,Mike Bibby,Arron Afflalo,Carmelo Anthony,Kenyon Martin,Nene Hilario,Ty Lawson,1,7:36,ATL,shot,,,,,,,,,,Mike Bibby,,,,missed,,driving layup,25,6
Al Horford,Joe Johnson,Josh Smith,Marvin Williams,Mike Bibby,Arron Afflalo,Carmelo Anthony,Kenyon Martin,Nene Hilario,Ty Lawson,1,7:35,DEN,rebound,,,,,,,,,,Nene Hilario,,,,,,def,,
Al Horford,Joe Johnson,Josh Smith,Marvin Williams,Mike Bibby,Arron Afflalo,Carmelo Anthony,Kenyon Martin,Nene Hilario,Ty Lawson,1,7:29,DEN,shot,,,,,,,,,,Ty Lawson,2,,,made,,driving layup,25,6
Al Horford,Joe Johnson,Josh Smith,Marvin Williams,Mike Bibby,Arron Afflalo,Carmelo Anthony,Kenyon Martin,Nene Hilario,Ty Lawson,1,7:09,ATL,turnover,,,,,,,,,,Joe Johnson,,,bad pass,,,,,
Al Horford,Joe Johnson,Josh Smith,Marvin Williams,Mike Bibby,Arron Afflalo,Carmelo Anthony,Kenyon Martin,Nene Hilario,Ty Lawson,1,6:55,DEN,shot,,,,,,,,,,Carmelo Anthony,,,,missed,,3pt,1,9
Al Horford,Joe Johnson,Josh Smith,Marvin Williams,Mike Bibby,Arron Afflalo,Carmelo Anthony,Kenyon Martin,Nene Hilario,Ty Lawson,1,6:54,ATL,rebound,,,,,,,,,,Joe Johnson,,,,,,def,,
Al Horford,Joe Johnson,Josh Smith,Marvin Williams,Mike Bibby,Arron Afflalo,Carmelo Anthony,Kenyon Martin,Nene Hilario,Ty Lawson,1,6:46,ATL,shot,Joe Johnson,,,,,,,,,Marvin Williams,2,,,made,,layup,25,6
Al Horford,Joe Johnson,Josh Smith,Marvin Williams,Mike Bibby,Arron Afflalo,Carmelo Anthony,Kenyon Martin,Nene Hilario,Ty Lawson,1,6:37,DEN,shot,Ty Lawson,,,,,,,,,Kenyon Martin,2,,,made,,jump,25,27
Al Horford,Joe Johnson,Josh Smith,Marvin Williams,Mike Bibby,Arron Afflalo,Carmelo Anthony,Kenyon Martin,Nene Hilario,Ty Lawson,1,6:21,DEN,foul,,,,,,,,Josh Smith,,Kenyon Martin,,,,,,shooting,,
Al Horford,Joe Johnson,Josh Smith,Marvin Williams,Mike Bibby,Arron Afflalo,Carmelo Anthony,Kenyon Martin,Nene Hilario,Ty Lawson,1,6:21,ATL,free throw,,,,,,,1,,2,Josh Smith,,,foul,made,,,,
Al Horford,Joe Johnson,Josh Smith,Marvin Williams,Mike Bibby,Arron Afflalo,Carmelo Anthony,Kenyon Martin,Nene Hilario,Ty Lawson,1,6:21,ATL,free throw,,,,,,,2,,2,Josh Smith,,,foul,made,,,,
Al Horford,Joe Johnson,Josh Smith,Marvin Williams,Mike Bibby,Arron Afflalo,Carmelo Anthony,Kenyon Martin,Nene Hilario,Ty Lawson,1,6:06,DEN,shot,,,,,,,,,,Ty Lawson,,,,missed,,3pt,6,22
Al Horford,Joe Johnson,Josh Smith,Marvin Williams,Mike Bibby,Arron Afflalo,Carmelo Anthony,Kenyon Martin,Nene Hilario,Ty Lawson,1,6:05,ATL,rebound,,,,,,,,,,Josh Smith,,,,,,def,,
Al Horford,Joe Johnson,Josh Smith,Marvin Williams,Mike Bibby,Arron Afflalo,Carmelo Anthony,Kenyon Martin,Nene Hilario,Ty Lawson,1,5:51,ATL,shot,,,,,,,,,,Marvin Williams,,,,missed,,3pt,6,23
Al Horford,Joe Johnson,Josh Smith,Marvin Williams,Mike Bibby,Arron Afflalo,Carmelo Anthony,Kenyon Martin,Nene Hilario,Ty Lawson,1,5:50,DEN,rebound,,,,,,,,,,Arron Afflalo,,,,,,def,,
Al Horford,Joe Johnson,Josh Smith,Marvin Williams,Mike Bibby,Arron Afflalo,Carmelo Anthony,Kenyon Martin,Nene Hilario,Ty Lawson,1,5:35,DEN,shot,Carmelo Anthony,,,,,,,,,Nene Hilario,2,,,made,,layup,,
Al Horford,Joe Johnson,Josh Smith,Marvin Williams,Mike Bibby,Arron Afflalo,Carmelo Anthony,Kenyon Martin,Nene Hilario,Ty Lawson,1,5:11,ATL,shot,,,,,,,,,,Josh Smith,,,,missed,,jump hook,22,11
Al Horford,Joe Johnson,Josh Smith,Marvin Williams,Mike Bibby,Arron Afflalo,Carmelo Anthony,Kenyon Martin,Nene Hilario,Ty Lawson,1,5:10,DEN,rebound,,,,,,,,,,Nene Hilario,,,,,,def,,
Al Horford,Joe Johnson,Josh Smith,Marvin Williams,Mike Bibby,Arron Afflalo,Carmelo Anthony,Kenyon Martin,Nene Hilario,Ty Lawson,1,4:47,DEN,shot,,,,,,,,,,Arron Afflalo,,,,missed,,fade away jumper,39,6
Al Horford,Joe Johnson,Josh Smith,Marvin Williams,Mike Bibby,Arron Afflalo,Carmelo Anthony,Kenyon Martin,Nene Hilario,Ty Lawson,1,4:46,ATL,rebound,,,,,,,,,,Mike Bibby,,,,,,def,,
Al Horford,Joe Johnson,Josh Smith,Marvin Williams,Mike Bibby,Arron Afflalo,Carmelo Anthony,Kenyon Martin,Nene Hilario,Ty Lawson,1,4:37,ATL,shot,,,,,,,,,,Josh Smith,,,,missed,,jump hook,35,9
Al Horford,Joe Johnson,Josh Smith,Marvin Williams,Mike Bibby,Arron Afflalo,Carmelo Anthony,Kenyon Martin,Nene Hilario,Ty Lawson,1,4:36,DEN,rebound,,,,,,,,,,Kenyon Martin,,,,,,def,,
Al Horford,Joe Johnson,Josh Smith,Marvin Williams,Mike Bibby,Arron Afflalo,Carmelo Anthony,Kenyon Martin,Nene Hilario,Ty Lawson,1,4:33,DEN,shot,Kenyon Martin,,,,,,,,,Carmelo Anthony,2,,,made,,layup,25,6
Al Horford,Joe Johnson,Josh Smith,Marvin Williams,Mike Bibby,Arron Afflalo,Carmelo Anthony,Kenyon Martin,Nene Hilario,Ty Lawson,1,4:32,ATL,timeout,,,,,,,,,,,,,,,,regular,,
Al Horford,Jamal Crawford,Joe Johnson,Josh Smith,Marvin Williams,Arron Afflalo,Carmelo Anthony,Kenyon Martin,Nene Hilario,Ty Lawson,1,4:32,ATL,sub,,,,Jamal Crawford,,Mike Bibby,,,,,,,,,,,,
Al Horford,Jamal Crawford,Joe Johnson,Josh Smith,Marvin Williams,Carmelo Anthony,J.R. Smith,Kenyon Martin,Nene Hilario,Ty Lawson,1,4:32,DEN,sub,,,,J.R. Smith,,Arron Afflalo,,,,,,,,,,,,
Al Horford,Jamal Crawford,Joe Johnson,Josh Smith,Marvin Williams,Carmelo Anthony,J.R. Smith,Kenyon Martin,Nene Hilario,Ty Lawson,1,4:17,ATL,shot,,,,,,,,,,Joe Johnson,,,,missed,,3pt,49,9
Al Horford,Jamal Crawford,Joe Johnson,Josh Smith,Marvin Williams,Carmelo Anthony,J.R. Smith,Kenyon Martin,Nene Hilario,Ty Lawson,1,4:16,DEN,rebound,,,,,,,,,,Kenyon Martin,,,,,,def,,
Al Horford,Jamal Crawford,Joe Johnson,Josh Smith,Marvin Williams,Carmelo Anthony,J.R. Smith,Kenyon Martin,Nene Hilario,Ty Lawson,1,4:13,DEN,shot,,,Al Horford,,,,,,,Kenyon Martin,,,,missed,,layup,25,6
Al Horford,Jamal Crawford,Joe Johnson,Josh Smith,Marvin Williams,Carmelo Anthony,J.R. Smith,Kenyon Martin,Nene Hilario,Ty Lawson,1,4:12,DEN,rebound,,,,,,,,,,Kenyon Martin,,,,,,off,,
Al Horford,Jamal Crawford,Joe Johnson,Josh Smith,Marvin Williams,Carmelo Anthony,J.R. Smith,Kenyon Martin,Nene Hilario,Ty Lawson,1,4:10,DEN,shot,,,,,,,,,,Kenyon Martin,2,,,made,,reverse layup,25,6
Al Horford,Jamal Crawford,Joe Johnson,Josh Smith,Marvin Williams,Carmelo Anthony,J.R. Smith,Kenyon Martin,Nene Hilario,Ty Lawson,1,3:51,ATL,shot,,,,,,,,,,Al Horford,,,,missed,,jump,6,11
Al Horford,Jamal Crawford,Joe Johnson,Josh Smith,Marvin Williams,Carmelo Anthony,J.R. Smith,Kenyon Martin,Nene Hilario,Ty Lawson,1,3:51,DEN,rebound,,,,,,,,,,Ty Lawson,,,,,,def,,
Al Horford,Jamal Crawford,Joe Johnson,Josh Smith,Marvin Williams,Carmelo Anthony,J.R. Smith,Kenyon Martin,Nene Hilario,Ty Lawson,1,3:49,DEN,shot,,,,,,,,,,Ty Lawson,2,,,made,,running jump,23,11
Al Horford,Jamal Crawford,Joe Johnson,Josh Smith,Marvin Williams,Carmelo Anthony,J.R. Smith,Kenyon Martin,Nene Hilario,Ty Lawson,1,3:49,ATL,foul,,,,,,,,Ty Lawson,,Jamal Crawford,,,,,,shooting,,
Al Horford,Jamal Crawford,Joe Johnson,Josh Smith,Marvin Williams,Carmelo Anthony,Chris Andersen,J.R. Smith,Kenyon Martin,Ty Lawson,1,3:49,DEN,sub,,,,Chris Andersen,,Nene Hilario,,,,,,,,,,,,
Al Horford,Jamal Crawford,Joe Johnson,Josh Smith,Maurice Evans,Carmelo Anthony,Chris Andersen,J.R. Smith,Kenyon Martin,Ty Lawson,1,3:49,ATL,sub,,,,Maurice Evans,,Marvin Williams,,,,,,,,,,,,
Al Horford,Jamal Crawford,Joe Johnson,Josh Smith,Maurice Evans,Carmelo Anthony,Chris Andersen,J.R. Smith,Kenyon Martin,Ty Lawson,1,3:49,DEN,free throw,,,,,,,1,,1,Ty Lawson,,,foul,made,,,,
Al Horford,Jamal Crawford,Joe Johnson,Josh Smith,Maurice Evans,Carmelo Anthony,Chris Andersen,J.R. Smith,Kenyon Martin,Ty Lawson,1,3:32,ATL,shot,,,,,,,,,,Josh Smith,,,,missed,,jump,5,6
Al Horford,Jamal Crawford,Joe Johnson,Josh Smith,Maurice Evans,Carmelo Anthony,Chris Andersen,J.R. Smith,Kenyon Martin,Ty Lawson,1,3:31,DEN,rebound,,,,,,,,,,Carmelo Anthony,,,,,,def,,
Al Horford,Jamal Crawford,Joe Johnson,Josh Smith,Maurice Evans,Carmelo Anthony,Chris Andersen,J.R. Smith,Kenyon Martin,Ty Lawson,1,3:17,DEN,shot,,,,,,,,,,J.R. Smith,,,,missed,,jump,35,23
Al Horford,Jamal Crawford,Joe Johnson,Josh Smith,Maurice Evans,Carmelo Anthony,Chris Andersen,J.R. Smith,Kenyon Martin,Ty Lawson,1,3:16,ATL,rebound,,,,,,,,,,Al Horford,,,,,,def,,
Al Horford,Jamal Crawford,Joe Johnson,Josh Smith,Maurice Evans,Carmelo Anthony,Chris Andersen,J.R. Smith,Kenyon Martin,Ty Lawson,1,3:04,ATL,shot,,,,,,,,,,Jamal Crawford,2,,,made,,jump,28,27
Al Horford,Jamal Crawford,Joe Johnson,Josh Smith,Maurice Evans,Carmelo Anthony,Chris Andersen,J.R. Smith,Kenyon Martin,Ty Lawson,1,2:53,DEN,shot,,,,,,,,,,Carmelo Anthony,,,,missed,,jump,8,11
Al Horford,Jamal Crawford,Joe Johnson,Josh Smith,Maurice Evans,Carmelo Anthony,Chris Andersen,J.R. Smith,Kenyon Martin,Ty Lawson,1,2:52,ATL,rebound,,,,,,,,,,Al Horford,,,,,,def,,
Al Horford,Jamal Crawford,Joe Johnson,Josh Smith,Maurice Evans,Carmelo Anthony,Chris Andersen,J.R. Smith,Kenyon Martin,Ty Lawson,1,2:48,ATL,turnover,,,,,,,,,,Jamal Crawford,,,palming turnover,,,,,
Al Horford,Jamal Crawford,Joe Johnson,Josh Smith,Maurice Evans,Carmelo Anthony,Chris Andersen,J.R. Smith,Kenyon Martin,Ty Lawson,1,2:48,DEN,timeout,,,,,,,,,,,,,,,,regular,,
Jamal Crawford,Joe Johnson,Josh Smith,Maurice Evans,Zaza Pachulia,Carmelo Anthony,Chris Andersen,J.R. Smith,Kenyon Martin,Ty Lawson,1,2:48,ATL,sub,,,,Zaza Pachulia,,Al Horford,,,,,,,,,,,,
Jamal Crawford,Joe Johnson,Josh Smith,Maurice Evans,Zaza Pachulia,Anthony Carter,Carmelo Anthony,Chris Andersen,J.R. Smith,Kenyon Martin,1,2:48,DEN,sub,,,,Anthony Carter,,Ty Lawson,,,,,,,,,,,,
Jamal Crawford,Joe Johnson,Josh Smith,Maurice Evans,Zaza Pachulia,Anthony Carter,Carmelo Anthony,Chris Andersen,J.R. Smith,Kenyon Martin,1,2:39,ATL,foul,,,,,,,,Carmelo Anthony,,Maurice Evans,,,,,,personal,,
Jamal Crawford,Joe Johnson,Josh Smith,Maurice Evans,Zaza Pachulia,Anthony Carter,Carmelo Anthony,Chris Andersen,J.R. Smith,Kenyon Martin,1,2:33,ATL,foul,,,,,,,,Carmelo Anthony,,Josh Smith,,,,,,shooting,,
Jamal Crawford,Joe Johnson,Josh Smith,Maurice Evans,Zaza Pachulia,Anthony Carter,Carmelo Anthony,Chris Andersen,J.R. Smith,Kenyon Martin,1,2:33,DEN,free throw,,,,,,,1,,2,Carmelo Anthony,,,foul,missed,,,,
Jamal Crawford,Joe Johnson,Josh Smith,Maurice Evans,Zaza Pachulia,Anthony Carter,Carmelo Anthony,Chris Andersen,J.R. Smith,Kenyon Martin,1,2:33,DEN,rebound,,,,,,,,,,,,,,,,,,
Jamal Crawford,Joe Johnson,Josh Smith,Maurice Evans,Zaza Pachulia,Anthony Carter,Carmelo Anthony,Chris Andersen,J.R. Smith,Kenyon Martin,1,2:33,DEN,free throw,,,,,,,2,,2,Carmelo Anthony,,,foul,made,,,,
Jamal Crawford,Joe Johnson,Josh Smith,Maurice Evans,Zaza Pachulia,Anthony Carter,Carmelo Anthony,Chris Andersen,J.R. Smith,Kenyon Martin,1,2:18,ATL,shot,Joe Johnson,,,,,,,,,Maurice Evans,3,,,made,,3pt,48,13
Jamal Crawford,Joe Johnson,Josh Smith,Maurice Evans,Zaza Pachulia,Anthony Carter,Carmelo Anthony,Chris Andersen,J.R. Smith,Kenyon Martin,1,2:04,DEN,shot,Carmelo Anthony,,,,,,,,,J.R. Smith,3,,,made,,3pt,14,29
Jamal Crawford,Joe Johnson,Josh Smith,Maurice Evans,Zaza Pachulia,Anthony Carter,Carmelo Anthony,Chris Andersen,J.R. Smith,Kenyon Martin,1,1:44,ATL,shot,,,,,,,,,,Joe Johnson,,,,missed,,running jump,20,13
Jamal Crawford,Joe Johnson,Josh Smith,Maurice Evans,Zaza Pachulia,Anthony Carter,Carmelo Anthony,Chris Andersen,J.R. Smith,Kenyon Martin,1,1:43,DEN,rebound,,,,,,,,,,Kenyon Martin,,,,,,def,,
Jamal Crawford,Joe Johnson,Josh Smith,Maurice Evans,Zaza Pachulia,Anthony Carter,Carmelo Anthony,Chris Andersen,J.R. Smith,Kenyon Martin,1,1:34,DEN,shot,,,,,,,,,,J.R. Smith,2,,,made,,running jump,18,11
Jamal Crawford,Joe Johnson,Josh Smith,Maurice Evans,Zaza Pachulia,Anthony Carter,Carmelo Anthony,Chris Andersen,J.R. Smith,Kenyon Martin,1,1:22,ATL,shot,Joe Johnson,,,,,,,,,Zaza Pachulia,2,,,made,,jump,32,12
Jamal Crawford,Joe Johnson,Josh Smith,Maurice Evans,Zaza Pachulia,Anthony Carter,Carmelo Anthony,Chris Andersen,J.R. Smith,Kenyon Martin,1,1:22,DEN,foul,,,,,,,,Zaza Pachulia,,Anthony Carter,,,,,,shooting,,
Jamal Crawford,Joe Johnson,Josh Smith,Maurice Evans,Zaza Pachulia,Anthony Carter,Carmelo Anthony,Chris Andersen,J.R. Smith,Kenyon Martin,1,1:22,ATL,free throw,,,,,,,1,,1,Zaza Pachulia,,,foul,made,,,,
Jamal Crawford,Joe Johnson,Josh Smith,Maurice Evans,Zaza Pachulia,Anthony Carter,Carmelo Anthony,Chris Andersen,J.R. Smith,Kenyon Martin,1,1:10,DEN,turnover,,,,,,,,,,Chris Andersen,,,bad pass,,,,,
Jamal Crawford,Jeff Teague,Josh Smith,Maurice Evans,Zaza Pachulia,Anthony Carter,Carmelo Anthony,Chris Andersen,J.R. Smith,Kenyon Martin,1,1:10,ATL,sub,,,,Jeff Teague,,Joe Johnson,,,,,,,,,,,,
Jamal Crawford,Jeff Teague,Josh Smith,Maurice Evans,Zaza Pachulia,Anthony Carter,Carmelo Anthony,Chris Andersen,J.R. Smith,Kenyon Martin,1,0:56,ATL,shot,,,,,,,,,,Jamal Crawford,,,,missed,,jump,28,27
Jamal Crawford,Jeff Teague,Josh Smith,Maurice Evans,Zaza Pachulia,Anthony Carter,Carmelo Anthony,Chris Andersen,J.R. Smith,Kenyon Martin,1,0:55,DEN,rebound,,,,,,,,,,Carmelo Anthony,,,,,,def,,
Jamal Crawford,Jeff Teague,Josh Smith,Maurice Evans,Zaza Pachulia,Anthony Carter,Carmelo Anthony,Chris Andersen,J.R. Smith,Kenyon Martin,1,0:43,DEN,shot,Anthony Carter,,,,,,,,,Kenyon Martin,2,,,made,,fade away jumper,41,8
Jamal Crawford,Jeff Teague,Josh Smith,Maurice Evans,Zaza Pachulia,Anthony Carter,Carmelo Anthony,Chris Andersen,J.R. Smith,Kenyon Martin,1,0:32,ATL,turnover,,,,,,,,,,Jamal Crawford,,,bad pass,,Anthony Carter,,,
Jamal Crawford,Jeff Teague,Josh Smith,Maurice Evans,Zaza Pachulia,Anthony Carter,Carmelo Anthony,Chris Andersen,J.R. Smith,Kenyon Martin,1,0:28,DEN,shot,Anthony Carter,,,,,,,,,J.R. Smith,2,,,made,,layup,25,6
Jamal Crawford,Jeff Teague,Josh Smith,Maurice Evans,Zaza Pachulia,Anthony Carter,Carmelo Anthony,Chris Andersen,J.R. Smith,Kenyon Martin,1,0:28,ATL,foul,,,,,,,,J.R. Smith,,Zaza Pachulia,,,,,,shooting,,
Jamal Crawford,Jeff Teague,Josh Smith,Maurice Evans,Zaza Pachulia,Anthony Carter,Carmelo Anthony,Chris Andersen,J.R. Smith,Kenyon Martin,1,0:28,DEN,free throw,,,,,,,1,,1,J.R. Smith,,,foul,missed,,,,
Jamal Crawford,Jeff Teague,Josh Smith,Maurice Evans,Zaza Pachulia,Anthony Carter,Carmelo Anthony,Chris Andersen,J.R. Smith,Kenyon Martin,1,0:25,ATL,rebound,,,,,,,,,,Zaza Pachulia,,,,,,def,,
Jamal Crawford,Jeff Teague,Josh Smith,Maurice Evans,Zaza Pachulia,Anthony Carter,Carmelo Anthony,Chris Andersen,J.R. Smith,Kenyon Martin,1,0:05,ATL,shot,,,,,,,,,,Jamal Crawford,2,,,made,,jump,18,24
Jamal Crawford,Jeff Teague,Josh Smith,Maurice Evans,Zaza Pachulia,Anthony Carter,Carmelo Anthony,Chris Andersen,J.R. Smith,Kenyon Martin,1,0:00,DEN,shot,,,Josh Smith,,,,,,,Carmelo Anthony,,,,missed,,turnaround jump,32,11
Jamal Crawford,Jeff Teague,Josh Smith,Maurice Evans,Zaza Pachulia,Anthony Carter,Carmelo Anthony,Chris Andersen,J.R. Smith,Kenyon Martin,1,0:00,DEN,rebound,,,,,,,,,,,,,,,,,,
Al Horford,Jamal Crawford,Jeff Teague,Maurice Evans,Zaza Pachulia,Anthony Carter,Carmelo Anthony,Chris Andersen,J.R. Smith,Kenyon Martin,2,11:38,ATL,shot,,,Chris Andersen,,,,,,,Zaza Pachulia,,,,missed,,running jump,18,10
Al Horford,Jamal Crawford,Jeff Teague,Maurice Evans,Zaza Pachulia,Anthony Carter,Carmelo Anthony,Chris Andersen,J.R. Smith,Kenyon Martin,2,11:37,DEN,rebound,,,,,,,,,,Chris Andersen,,,,,,def,,
Al Horford,Jamal Crawford,Jeff Teague,Maurice Evans,Zaza Pachulia,Anthony Carter,Carmelo Anthony,Chris Andersen,J.R. Smith,Kenyon Martin,2,11:23,DEN,shot,Anthony Carter,,,,,,,,,J.R. Smith,3,,,made,,3pt,46,21
Al Horford,Jamal Crawford,Jeff Teague,Maurice Evans,Zaza Pachulia,Anthony Carter,Carmelo Anthony,Chris Andersen,J.R. Smith,Kenyon Martin,2,11:06,ATL,shot,,,,,,,,,,Maurice Evans,,,,missed,,3pt,7,25
Al Horford,Jamal Crawford,Jeff Teague,Maurice Evans,Zaza Pachulia,Anthony Carter,Carmelo Anthony,Chris Andersen,J.R. Smith,Kenyon Martin,2,11:05,DEN,rebound,,,,,,,,,,Carmelo Anthony,,,,,,def,,
Al Horford,Jamal Crawford,Jeff Teague,Maurice Evans,Zaza Pachulia,Anthony Carter,Carmelo Anthony,Chris Andersen,J.R. Smith,Kenyon Martin,2,10:57,DEN,turnover,,,,,,,,,,Carmelo Anthony,,,bad pass,,,,,
Al Horford,Jamal Crawford,Jeff Teague,Maurice Evans,Zaza Pachulia,Anthony Carter,Chris Andersen,J.R. Smith,Kenyon Martin,Ty Lawson,2,10:47,DEN,sub,,,,Ty Lawson,,Carmelo Anthony,,,,,,,,,,,,
Al Horford,Jamal Crawford,Jeff Teague,Maurice Evans,Zaza Pachulia,Anthony Carter,Chris Andersen,J.R. Smith,Kenyon Martin,Ty Lawson,2,10:47,ATL,jump ball,,Jeff Teague,,,Kenyon Martin,,,,,,,J.R. Smith,,,,,,
Al Horford,Jamal Crawford,Jeff Teague,Maurice Evans,Zaza Pachulia,Anthony Carter,Chris Andersen,J.R. Smith,Kenyon Martin,Ty Lawson,2,10:47,ATL,turnover,,,,,,,,,,Jeff Teague,,,lost ball,,Kenyon Martin,,,
Al Horford,Jamal Crawford,Joe Johnson,Maurice Evans,Zaza Pachulia,Anthony Carter,Chris Andersen,J.R. Smith,Kenyon Martin,Ty Lawson,2,10:37,ATL,sub,,,,Joe Johnson,,Jeff Teague,,,,,,,,,,,,
Al Horford,Jamal Crawford,Joe Johnson,Maurice Evans,Zaza Pachulia,Anthony Carter,Chris Andersen,J.R. Smith,Kenyon Martin,Ty Lawson,2,10:34,DEN,turnover,,,,,,,,,,Ty Lawson,,,traveling,,,,,
Al Horford,Jamal Crawford,Joe Johnson,Maurice Evans,Zaza Pachulia,Anthony Carter,Chris Andersen,J.R. Smith,Kenyon Martin,Ty Lawson,2,10:14,ATL,shot,,,,,,,,,,Al Horford,,,,missed,,dunk,25,10
Al Horford,Jamal Crawford,Joe Johnson,Maurice Evans,Zaza Pachulia,Anthony Carter,Chris Andersen,J.R. Smith,Kenyon Martin,Ty Lawson,2,10:12,ATL,rebound,,,,,,,,,,Al Horford,,,,,,off,,
Al Horford,Jamal Crawford,Joe Johnson,Maurice Evans,Zaza Pachulia,Anthony Carter,Chris Andersen,J.R. Smith,Kenyon Martin,Ty Lawson,2,10:07,ATL,shot,,,,,,,,,,Jamal Crawford,2,,,made,,jump,38,13
Al Horford,Jamal Crawford,Joe Johnson,Maurice Evans,Zaza Pachulia,Anthony Carter,Chris Andersen,J.R. Smith,Kenyon Martin,Ty Lawson,2,9:59,ATL,foul,,,,,,,,Chris Andersen,,Jamal Crawford,,,,,,personal,,
Al Horford,Jamal Crawford,Joe Johnson,Maurice Evans,Zaza Pachulia,Anthony Carter,Chris Andersen,J.R. Smith,Nene Hilario,Ty Lawson,2,9:59,DEN,sub,,,,Nene Hilario,,Kenyon Martin,,,,,,,,,,,,
Al Horford,Jamal Crawford,Joe Johnson,Maurice Evans,Zaza Pachulia,Anthony Carter,Chris Andersen,J.R. Smith,Nene Hilario,Ty Lawson,2,9:50,DEN,shot,,,,,,,,,,J.R. Smith,3,,,made,,3pt,39,28
Al Horford,Jamal Crawford,Joe Johnson,Maurice Evans,Zaza Pachulia,Anthony Carter,Chris Andersen,J.R. Smith,Nene Hilario,Ty Lawson,2,9:31,ATL,shot,,,,,,,,,,Zaza Pachulia,,,,missed,,jump hook,24,13
Al Horford,Jamal Crawford,Joe Johnson,Maurice Evans,Zaza Pachulia,Anthony Carter,Chris Andersen,J.R. Smith,Nene Hilario,Ty Lawson,2,9:31,DEN,rebound,,,,,,,,,,Chris Andersen,,,,,,def,,
Al Horford,Jamal Crawford,Joe Johnson,Maurice Evans,Zaza Pachulia,Anthony Carter,Chris Andersen,J.R. Smith,Nene Hilario,Ty Lawson,2,9:22,DEN,turnover,,,,,,,,,,Chris Andersen,,,bad pass,,,,,
Al Horford,Jamal Crawford,Joe Johnson,Maurice Evans,Zaza Pachulia,Anthony Carter,Chris Andersen,J.R. Smith,Nene Hilario,Ty Lawson,2,9:15,ATL,turnover,,,,,,,,,,Joe Johnson,,,traveling,,,,,
Al Horford,Jamal Crawford,Joe Johnson,Josh Smith,Maurice Evans,Anthony Carter,Chris Andersen,J.R. Smith,Nene Hilario,Ty Lawson,2,9:15,ATL,sub,,,,Josh Smith,,Zaza Pachulia,,,,,,,,,,,,
Al Horford,Jamal Crawford,Joe Johnson,Josh Smith,Maurice Evans,Anthony Carter,Chris Andersen,J.R. Smith,Nene Hilario,Ty Lawson,2,9:02,DEN,shot,,,,,,,,,,Ty Lawson,2,,,made,,jump,34,24
Al Horford,Jamal Crawford,Joe Johnson,Josh Smith,Maurice Evans,Anthony Carter,Chris Andersen,J.R. Smith,Nene Hilario,Ty Lawson,2,8:56,ATL,timeout,,,,,,,,,,,,,,,,regular,,
Al Horford,Jamal Crawford,Joe Johnson,Josh Smith,Mike Bibby,Anthony Carter,Chris Andersen,J.R. Smith,Nene Hilario,Ty Lawson,2,8:56,ATL,sub,,,,Mike Bibby,,Maurice Evans,,,,,,,,,,,,
Al Horford,Jamal Crawford,Joe Johnson,Josh Smith,Mike Bibby,Anthony Carter,Chris Andersen,J.R. Smith,Nene Hilario,Ty Lawson,2,8:44,ATL,shot,Joe Johnson,,,,,,,,,Jamal Crawford,3,,,made,,3pt,9,27
Al Horford,Jamal Crawford,Joe Johnson,Josh Smith,Mike Bibby,Anthony Carter,Chris Andersen,J.R. Smith,Nene Hilario,Ty Lawson,2,8:23,DEN,shot,,,,,,,,,,Nene Hilario,,,,missed,,jump hook,,
Al Horford,Jamal Crawford,Joe Johnson,Josh Smith,Mike Bibby,Anthony Carter,Chris Andersen,J.R. Smith,Nene Hilario,Ty Lawson,2,8:23,ATL,rebound,,,,,,,,,,Josh Smith,,,,,,def,,
Al Horford,Jamal Crawford,Joe Johnson,Josh Smith,Mike Bibby,Anthony Carter,Chris Andersen,J.R. Smith,Nene Hilario,Ty Lawson,2,8:18,ATL,shot,Josh Smith,,,,,,,,,Al Horford,2,,,made,,dunk,25,6
Al Horford,Jamal Crawford,Joe Johnson,Josh Smith,Mike Bibby,Anthony Carter,Chris Andersen,J.R. Smith,Nene Hilario,Ty Lawson,2,7:53,DEN,shot,,,,,,,,,,Anthony Carter,,,,missed,,3pt,11,27
Al Horford,Jamal Crawford,Joe Johnson,Josh Smith,Mike Bibby,Anthony Carter,Chris Andersen,J.R. Smith,Nene Hilario,Ty Lawson,2,7:52,ATL,rebound,,,,,,,,,,Josh Smith,,,,,,def,,
Al Horford,Jamal Crawford,Joe Johnson,Josh Smith,Mike Bibby,Anthony Carter,Chris Andersen,J.R. Smith,Nene Hilario,Ty Lawson,2,7:49,DEN,foul,,,,,,,,Josh Smith,,Ty Lawson,,,,,,shooting,,
Al Horford,Jamal Crawford,Joe Johnson,Josh Smith,Mike Bibby,Anthony Carter,Chris Andersen,J.R. Smith,Nene Hilario,Ty Lawson,2,7:49,ATL,free throw,,,,,,,1,,2,Josh Smith,,,foul,made,,,,
Al Horford,Jamal Crawford,Joe Johnson,Josh Smith,Mike Bibby,Anthony Carter,Arron Afflalo,Chris Andersen,J.R. Smith,Nene Hilario,2,7:49,DEN,sub,,,,Arron Afflalo,,Ty Lawson,,,,,,,,,,,,
Al Horford,Jamal Crawford,Joe Johnson,Josh Smith,Mike Bibby,Anthony Carter,Arron Afflalo,Chris Andersen,J.R. Smith,Nene Hilario,2,7:49,ATL,free throw,,,,,,,2,,2,Josh Smith,,,foul,made,,,,
Al Horford,Jamal Crawford,Joe Johnson,Josh Smith,Mike Bibby,Anthony Carter,Arron Afflalo,Chris Andersen,J.R. Smith,Nene Hilario,2,7:42,DEN,shot,,,,,,,,,,Anthony Carter,2,,,made,,driving finger roll layup,25,6
Al Horford,Jamal Crawford,Joe Johnson,Josh Smith,Mike Bibby,Anthony Carter,Arron Afflalo,Chris Andersen,J.R. Smith,Nene Hilario,2,7:30,DEN,foul,,,,,,,,,,Nene Hilario,,,,,,defense 3 second,,
Al Horford,Jamal Crawford,Joe Johnson,Josh Smith,Mike Bibby,Anthony Carter,Arron Afflalo,Chris Andersen,J.R. Smith,Nene Hilario,2,7:30,ATL,free throw,,,,,,,1,,1,Joe Johnson,,,technical,made,,,,
Al Horford,Joe Johnson,Josh Smith,Marvin Williams,Mike Bibby,Anthony Carter,Arron Afflalo,Chris Andersen,J.R. Smith,Nene Hilario,2,7:30,ATL,sub,,,,Marvin Williams,,Jamal Crawford,,,,,,,,,,,,
Al Horford,Joe Johnson,Josh Smith,Marvin Williams,Mike Bibby,Anthony Carter,Arron Afflalo,Chris Andersen,J.R. Smith,Nene Hilario,2,7:25,DEN,foul,,,,,,,,Josh Smith,,Chris Andersen,,,,,,shooting,,
Al Horford,Joe Johnson,Josh Smith,Marvin Williams,Mike Bibby,Anthony Carter,Arron Afflalo,Chris Andersen,J.R. Smith,Nene Hilario,2,7:25,ATL,free throw,,,,,,,1,,2,Josh Smith,,,foul,missed,,,,
Al Horford,Joe Johnson,Josh Smith,Marvin Williams,Mike Bibby,Anthony Carter,Arron Afflalo,Chris Andersen,J.R. Smith,Nene Hilario,2,7:25,ATL,rebound,,,,,,,,,,,,,,,,,,
Al Horford,Joe Johnson,Josh Smith,Marvin Williams,Mike Bibby,Anthony Carter,Arron Afflalo,Chris Andersen,J.R. Smith,Nene Hilario,2,7:25,ATL,free throw,,,,,,,2,,2,Josh Smith,,,foul,missed,,,,
Al Horford,Joe Johnson,Josh Smith,Marvin Williams,Mike Bibby,Anthony Carter,Arron Afflalo,Chris Andersen,J.R. Smith,Nene Hilario,2,7:23,DEN,rebound,,,,,,,,,,Chris Andersen,,,,,,def,,
Al Horford,Joe Johnson,Josh Smith,Marvin Williams,Mike Bibby,Anthony Carter,Arron Afflalo,Chris Andersen,J.R. Smith,Nene Hilario,2,7:07,DEN,shot,Nene Hilario,,,,,,,,,J.R. Smith,3,,,made,,3pt,16,31
Al Horford,Joe Johnson,Josh Smith,Marvin Williams,Mike Bibby,Anthony Carter,Arron Afflalo,Chris Andersen,J.R. Smith,Nene Hilario,2,6:51,ATL,shot,,,,,,,,,,Marvin Williams,2,,,made,,driving layup,25,6
Al Horford,Joe Johnson,Josh Smith,Marvin Williams,Mike Bibby,Anthony Carter,Arron Afflalo,Chris Andersen,J.R. Smith,Nene Hilario,2,6:51,DEN,foul,,,,,,,,Marvin Williams,,Chris Andersen,,,,,,shooting,,
Al Horford,Joe Johnson,Josh Smith,Marvin Williams,Mike Bibby,Anthony Carter,Arron Afflalo,Chris Andersen,J.R. Smith,Nene Hilario,2,6:51,ATL,free throw,,,,,,,1,,1,Marvin Williams,,,foul,made,,,,
Al Horford,Joe Johnson,Josh Smith,Marvin Williams,Mike Bibby,Anthony Carter,Arron Afflalo,Chris Andersen,J.R. Smith,Nene Hilario,2,6:34,DEN,shot,,,,,,,,,,Chris Andersen,,,,missed,,jump,45,7
Al Horford,Joe Johnson,Josh Smith,Marvin Williams,Mike Bibby,Anthony Carter,Arron Afflalo,Chris Andersen,J.R. Smith,Nene Hilario,2,6:33,ATL,rebound,,,,,,,,,,Al Horford,,,,,,def,,
Al Horford,Joe Johnson,Josh Smith,Marvin Williams,Mike Bibby,Anthony Carter,Arron Afflalo,Chris Andersen,J.R. Smith,Nene Hilario,2,6:26,ATL,shot,,,,,,,,,,Mike Bibby,,,,missed,,3pt,8,26
Al Horford,Joe Johnson,Josh Smith,Marvin Williams,Mike Bibby,Anthony Carter,Arron Afflalo,Chris Andersen,J.R. Smith,Nene Hilario,2,6:25,DEN,rebound,,,,,,,,,,Arron Afflalo,,,,,,def,,
Al Horford,Joe Johnson,Josh Smith,Marvin Williams,Mike Bibby,Anthony Carter,Arron Afflalo,Chris Andersen,J.R. Smith,Nene Hilario,2,6:18,DEN,shot,,,,,,,,,,J.R. Smith,,,,missed,,3pt,14,29
Al Horford,Joe Johnson,Josh Smith,Marvin Williams,Mike Bibby,Anthony Carter,Arron Afflalo,Chris Andersen,J.R. Smith,Nene Hilario,2,6:17,DEN,rebound,,,,,,,,,,Nene Hilario,,,,,,off,,
Al Horford,Joe Johnson,Josh Smith,Marvin Williams,Mike Bibby,Anthony Carter,Arron Afflalo,Chris Andersen,J.R. Smith,Nene Hilario,2,6:13,DEN,shot,,,,,,,,,,Arron Afflalo,,,,missed,,3pt,44,23
Al Horford,Joe Johnson,Josh Smith,Marvin Williams,Mike Bibby,Anthony Carter,Arron Afflalo,Chris Andersen,J.R. Smith,Nene Hilario,2,6:12,ATL,rebound,,,,,,,,,,Joe Johnson,,,,,,def,,
Al Horford,Joe Johnson,Josh Smith,Marvin Williams,Mike Bibby,Anthony Carter,Arron Afflalo,Chris Andersen,J.R. Smith,Nene Hilario,2,6:05,ATL,turnover,,,,,,,,,,Marvin Williams,,,bad pass,,Nene Hilario,,,
Al Horford,Joe Johnson,Josh Smith,Marvin Williams,Mike Bibby,Anthony Carter,Arron Afflalo,Chris Andersen,J.R. Smith,Nene Hilario,2,5:56,DEN,shot,,,,,,,,,,Anthony Carter,,,,missed,,running jump,18,10
Al Horford,Joe Johnson,Josh Smith,Marvin Williams,Mike Bibby,Anthony Carter,Arron Afflalo,Chris Andersen,J.R. Smith,Nene Hilario,2,5:55,ATL,rebound,,,,,,,,,,Mike Bibby,,,,,,def,,
Al Horford,Joe Johnson,Josh Smith,Marvin Williams,Mike Bibby,Anthony Carter,Arron Afflalo,Chris Andersen,J.R. Smith,Nene Hilario,2,5:47,ATL,shot,,,,,,,,,,Mike Bibby,,,,missed,,3pt,32,30
Al Horford,Joe Johnson,Josh Smith,Marvin Williams,Mike Bibby,Anthony Carter,Arron Afflalo,Chris Andersen,J.R. Smith,Nene Hilario,2,5:46,DEN,rebound,,,,,,,,,,Anthony Carter,,,,,,def,,
Al Horford,Joe Johnson,Josh Smith,Marvin Williams,Mike Bibby,Anthony Carter,Arron Afflalo,Chris Andersen,J.R. Smith,Nene Hilario,2,5:43,DEN,shot,Anthony Carter,,,,,,,,,J.R. Smith,2,,,made,,layup,25,6
Al Horford,Joe Johnson,Josh Smith,Marvin Williams,Mike Bibby,Anthony Carter,Arron Afflalo,Chris Andersen,J.R. Smith,Nene Hilario,2,5:27,DEN,foul,,,,,,,,Joe Johnson,,Arron Afflalo,,,,,,personal,,
Al Horford,Joe Johnson,Josh Smith,Marvin Williams,Mike Bibby,Anthony Carter,Arron Afflalo,Chris Andersen,J.R. Smith,Nene Hilario,2,5:27,ATL,timeout,,,,,,,,,,,,,,,,official,,
Al Horford,Joe Johnson,Josh Smith,Marvin Williams,Mike Bibby,Anthony Carter,Chris Andersen,J.R. Smith,Kenyon Martin,Nene Hilario,2,5:27,DEN,sub,,,,Kenyon Martin,,Arron Afflalo,,,,,,,,,,,,
Al Horford,Joe Johnson,Josh Smith,Marvin Williams,Mike Bibby,Anthony Carter,Carmelo Anthony,J.R. Smith,Kenyon Martin,Nene Hilario,2,5:27,DEN,sub,,,,Carmelo Anthony,,Chris Andersen,,,,,,,,,,,,
Al Horford,Joe Johnson,Josh Smith,Marvin Williams,Mike Bibby,Anthony Carter,Carmelo Anthony,J.R. Smith,Kenyon Martin,Nene Hilario,2,5:20,ATL,shot,Joe Johnson,,,,,,,,,Josh Smith,2,,,made,,slam dunk,25,6
Al Horford,Joe Johnson,Josh Smith,Marvin Williams,Mike Bibby,Anthony Carter,Carmelo Anthony,J.R. Smith,Kenyon Martin,Nene Hilario,2,4:56,DEN,shot,,,,,,,,,,J.R. Smith,,,,missed,,driving reverse layup,25,6
Al Horford,Joe Johnson,Josh Smith,Marvin Williams,Mike Bibby,Anthony Carter,Carmelo Anthony,J.R. Smith,Kenyon Martin,Nene Hilario,2,4:54,DEN,rebound,,,,,,,,,,,,,,,,,,
Al Horford,Joe Johnson,Josh Smith,Marvin Williams,Mike Bibby,Anthony Carter,Carmelo Anthony,J.R. Smith,Kenyon Martin,Nene Hilario,2,4:54,DEN,turnover,,,,,,,,,,,,,shot clock turnover,,,,,
Al Horford,Joe Johnson,Josh Smith,Marvin Williams,Mike Bibby,Anthony Carter,Carmelo Anthony,J.R. Smith,Kenyon Martin,Nene Hilario,2,4:36,ATL,shot,,,,,,,,,,Joe Johnson,2,,,made,,jump,30,13
Al Horford,Joe Johnson,Josh Smith,Marvin Williams,Mike Bibby,Anthony Carter,Carmelo Anthony,J.R. Smith,Kenyon Martin,Nene Hilario,2,4:20,DEN,shot,,,,,,,,,,Anthony Carter,,,,missed,,jump,44,11
Al Horford,Joe Johnson,Josh Smith,Marvin Williams,Mike Bibby,Anthony Carter,Carmelo Anthony,J.R. Smith,Kenyon Martin,Nene Hilario,2,4:19,ATL,rebound,,,,,,,,,,Al Horford,,,,,,def,,
Al Horford,Joe Johnson,Josh Smith,Marvin Williams,Mike Bibby,Anthony Carter,Carmelo Anthony,J.R. Smith,Kenyon Martin,Nene Hilario,2,4:07,ATL,shot,,,,,,,,,,Joe Johnson,,,,missed,,fade away jumper,7,7
Al Horford,Joe Johnson,Josh Smith,Marvin Williams,Mike Bibby,Anthony Carter,Carmelo Anthony,J.R. Smith,Kenyon Martin,Nene Hilario,2,4:06,DEN,rebound,,,,,,,,,,Anthony Carter,,,,,,def,,
Al Horford,Joe Johnson,Josh Smith,Marvin Williams,Mike Bibby,Anthony Carter,Carmelo Anthony,J.R. Smith,Kenyon Martin,Nene Hilario,2,4:01,DEN,shot,,,,,,,,,,Nene Hilario,,,,missed,,alley oop layup,,
Al Horford,Joe Johnson,Josh Smith,Marvin Williams,Mike Bibby,Anthony Carter,Carmelo Anthony,J.R. Smith,Kenyon Martin,Nene Hilario,2,4:00,ATL,rebound,,,,,,,,,,Al Horford,,,,,,def,,
Al Horford,Joe Johnson,Josh Smith,Marvin Williams,Mike Bibby,Anthony Carter,Carmelo Anthony,J.R. Smith,Kenyon Martin,Nene Hilario,2,3:56,ATL,turnover,,,,,,,,,,Al Horford,,,double dribble,,,,,
Al Horford,Joe Johnson,Josh Smith,Marvin Williams,Mike Bibby,Anthony Carter,Carmelo Anthony,J.R. Smith,Kenyon Martin,Nene Hilario,2,3:42,DEN,shot,,,,,,,,,,J.R. Smith,,,,missed,,3pt,35,31
Al Horford,Joe Johnson,Josh Smith,Marvin Williams,Mike Bibby,Anthony Carter,Carmelo Anthony,J.R. Smith,Kenyon Martin,Nene Hilario,2,3:41,DEN,rebound,,,,,,,,,,Anthony Carter,,,,,,off,,
Al Horford,Joe Johnson,Josh Smith,Marvin Williams,Mike Bibby,Anthony Carter,Carmelo Anthony,J.R. Smith,Kenyon Martin,Nene Hilario,2,3:39,DEN,shot,Anthony Carter,,,,,,,,,Nene Hilario,2,,,made,,slam dunk,,
Al Horford,Joe Johnson,Josh Smith,Marvin Williams,Mike Bibby,Anthony Carter,Carmelo Anthony,J.R. Smith,Kenyon Martin,Nene Hilario,2,3:24,ATL,turnover,,,,,,,,,,Joe Johnson,,,out of bounds lost ball turnover,,,,,
Al Horford,Joe Johnson,Josh Smith,Marvin Williams,Mike Bibby,Anthony Carter,Carmelo Anthony,J.R. Smith,Kenyon Martin,Nene Hilario,2,3:10,DEN,shot,,,,,,,,,,Carmelo Anthony,2,,,made,,jump,17,25
Al Horford,Joe Johnson,Josh Smith,Marvin Williams,Mike Bibby,Anthony Carter,Carmelo Anthony,J.R. Smith,Kenyon Martin,Nene Hilario,2,2:50,ATL,shot,,,,,,,,,,Mike Bibby,,,,missed,,driving layup,25,6
Al Horford,Joe Johnson,Josh Smith,Marvin Williams,Mike Bibby,Anthony Carter,Carmelo Anthony,J.R. Smith,Kenyon Martin,Nene Hilario,2,2:49,DEN,rebound,,,,,,,,,,Kenyon Martin,,,,,,def,,
Al Horford,Joe Johnson,Josh Smith,Marvin Williams,Mike Bibby,Anthony Carter,Carmelo Anthony,J.R. Smith,Kenyon Martin,Nene Hilario,2,2:40,DEN,shot,,,,,,,,,,Carmelo Anthony,2,,,made,,jump,43,8
Al Horford,Joe Johnson,Josh Smith,Marvin Williams,Mike Bibby,Anthony Carter,Carmelo Anthony,J.R. Smith,Kenyon Martin,Nene Hilario,2,2:33,ATL,timeout,,,,,,,,,,,,,,,,short,,
Al Horford,Joe Johnson,Josh Smith,Marvin Williams,Mike Bibby,Anthony Carter,Carmelo Anthony,J.R. Smith,Kenyon Martin,Nene Hilario,2,2:33,DEN,timeout,,,,,,,,,,,,,,,,regular,,
Al Horford,Jamal Crawford,Joe Johnson,Josh Smith,Marvin Williams,Anthony Carter,Carmelo Anthony,J.R. Smith,Kenyon Martin,Nene Hilario,2,2:33,ATL,sub,,,,Jamal Crawford,,Mike Bibby,,,,,,,,,,,,
Al Horford,Jamal Crawford,Joe Johnson,Josh Smith,Marvin Williams,Anthony Carter,Carmelo Anthony,J.R. Smith,Kenyon Martin,Nene Hilario,2,2:19,ATL,shot,,,,,,,,,,Al Horford,2,,,made,,turnaround fade away,36,7
Al Horford,Jamal Crawford,Joe Johnson,Josh Smith,Marvin Williams,Anthony Carter,Carmelo Anthony,J.R. Smith,Kenyon Martin,Nene Hilario,2,2:02,DEN,turnover,,,,,,,,,,Carmelo Anthony,,,bad pass,,Jamal Crawford,,,
Al Horford,Jamal Crawford,Joe Johnson,Josh Smith,Marvin Williams,Anthony Carter,Carmelo Anthony,J.R. Smith,Kenyon Martin,Nene Hilario,2,1:50,ATL,shot,Jamal Crawford,,,,,,,,,Al Horford,2,,,made,,jump,20,12
Al Horford,Jamal Crawford,Joe Johnson,Josh Smith,Marvin Williams,Anthony Carter,Carmelo Anthony,J.R. Smith,Kenyon Martin,Nene Hilario,2,1:33,DEN,shot,,,,,,,,,,J.R. Smith,3,,,made,,3pt,37,29
Al Horford,Jamal Crawford,Joe Johnson,Josh Smith,Marvin Williams,Anthony Carter,Carmelo Anthony,J.R. Smith,Kenyon Martin,Nene Hilario,2,1:05,ATL,shot,,,,,,,,,,Marvin Williams,2,,,made,,jump hook,27,13
Al Horford,Jamal Crawford,Joe Johnson,Josh Smith,Marvin Williams,Anthony Carter,Carmelo Anthony,J.R. Smith,Kenyon Martin,Nene Hilario,2,0:57,DEN,shot,Anthony Carter,,,,,,,,,Kenyon Martin,2,,,made,,fade away jumper,38,16
Al Horford,Jamal Crawford,Joe Johnson,Josh Smith,Marvin Williams,Anthony Carter,Carmelo Anthony,J.R. Smith,Kenyon Martin,Nene Hilario,2,0:47,ATL,shot,,,,,,,,,,Jamal Crawford,2,,,made,,floating jump,25,16
Al Horford,Jamal Crawford,Joe Johnson,Josh Smith,Marvin Williams,Anthony Carter,Carmelo Anthony,J.R. Smith,Kenyon Martin,Nene Hilario,2,0:39,DEN,shot,,,,,,,,,,Carmelo Anthony,,,,missed,,driving layup,25,6
Al Horford,Jamal Crawford,Joe Johnson,Josh Smith,Marvin Williams,Anthony Carter,Carmelo Anthony,J.R. Smith,Kenyon Martin,Nene Hilario,2,0:37,DEN,rebound,,,,,,,,,,Carmelo Anthony,,,,,,off,,
Al Horford,Jamal Crawford,Joe Johnson,Josh Smith,Marvin Williams,Anthony Carter,Carmelo Anthony,J.R. Smith,Kenyon Martin,Nene Hilario,2,0:35,DEN,shot,,,Josh Smith,,,,,,,Carmelo Anthony,,,,missed,,layup,25,6
Al Horford,Jamal Crawford,Joe Johnson,Josh Smith,Marvin Williams,Anthony Carter,Carmelo Anthony,J.R. Smith,Kenyon Martin,Nene Hilario,2,0:33,ATL,rebound,,,,,,,,,,Josh Smith,,,,,,def,,
Al Horford,Jamal Crawford,Joe Johnson,Josh Smith,Marvin Williams,Anthony Carter,Carmelo Anthony,J.R. Smith,Kenyon Martin,Nene Hilario,2,0:30,DEN,foul,,,,,,,,Jamal Crawford,,Anthony Carter,,,,,,personal,,
Al Horford,Jamal Crawford,Joe Johnson,Josh Smith,Marvin Williams,Carmelo Anthony,J.R. Smith,Kenyon Martin,Nene Hilario,Ty Lawson,2,0:30,DEN,sub,,,,Ty Lawson,,Anthony Carter,,,,,,,,,,,,
Al Horford,Jamal Crawford,Joe Johnson,Josh Smith,Marvin Williams,Arron Afflalo,Carmelo Anthony,Kenyon Martin,Nene Hilario,Ty Lawson,2,0:30,DEN,sub,,,,Arron Afflalo,,J.R. Smith,,,,,,,,,,,,
Al Horford,Jamal Crawford,Joe Johnson,Josh Smith,Marvin Williams,Arron Afflalo,Carmelo Anthony,Kenyon Martin,Nene Hilario,Ty Lawson,2,0:30,ATL,free throw,,,,,,,1,,2,Jamal Crawford,,,foul,made,,,,
Al Horford,Jamal Crawford,Joe Johnson,Josh Smith,Maurice Evans,Arron Afflalo,Carmelo Anthony,Kenyon Martin,Nene Hilario,Ty Lawson,2,0:30,ATL,sub,,,,Maurice Evans,,Marvin Williams,,,,,,,,,,,,
Al Horford,Jamal Crawford,Joe Johnson,Josh Smith,Maurice Evans,Arron Afflalo,Carmelo Anthony,Kenyon Martin,Nene Hilario,Ty Lawson,2,0:30,ATL,free throw,,,,,,,2,,2,Jamal Crawford,,,foul,made,,,,
Al Horford,Jamal Crawford,Joe Johnson,Josh Smith,Maurice Evans,Arron Afflalo,Carmelo Anthony,Kenyon Martin,Nene Hilario,Ty Lawson,2,0:19,DEN,shot,,,,,,,,,,Carmelo Anthony,2,,,made,,turnaround jump,24,13
Al Horford,Jamal Crawford,Joe Johnson,Josh Smith,Maurice Evans,Arron Afflalo,Carmelo Anthony,Kenyon Martin,Nene Hilario,Ty Lawson,2,0:19,ATL,foul,,,,,,,,Carmelo Anthony,,Maurice Evans,,,,,,shooting,,
Al Horford,Jamal Crawford,Joe Johnson,Josh Smith,Maurice Evans,Arron Afflalo,Carmelo Anthony,Kenyon Martin,Nene Hilario,Ty Lawson,2,0:19,DEN,free throw,,,,,,,1,,1,Carmelo Anthony,,,foul,made,,,,
Al Horford,Jamal Crawford,Joe Johnson,Josh Smith,Maurice Evans,Arron Afflalo,Carmelo Anthony,Kenyon Martin,Nene Hilario,Ty Lawson,2,0:04,ATL,shot,,,,,,,,,,Jamal Crawford,,,,missed,,3pt,7,26
Al Horford,Jamal Crawford,Joe Johnson,Josh Smith,Maurice Evans,Arron Afflalo,Carmelo Anthony,Kenyon Martin,Nene Hilario,Ty Lawson,2,0:02,DEN,rebound,,,,,,,,,,Nene Hilario,,,,,,def,,
Al Horford,Joe Johnson,Josh Smith,Marvin Williams,Mike Bibby,Arron Afflalo,Carmelo Anthony,Kenyon Martin,Nene Hilario,Ty Lawson,3,11:40,ATL,shot,Marvin Williams,,,,,,,,,Josh Smith,2,,,made,,jump,6,6
Al Horford,Joe Johnson,Josh Smith,Marvin Williams,Mike Bibby,Arron Afflalo,Carmelo Anthony,Kenyon Martin,Nene Hilario,Ty Lawson,3,11:20,DEN,shot,,,,,,,,,,Nene Hilario,,,,missed,,jump hook,,
Al Horford,Joe Johnson,Josh Smith,Marvin Williams,Mike Bibby,Arron Afflalo,Carmelo Anthony,Kenyon Martin,Nene Hilario,Ty Lawson,3,11:20,ATL,rebound,,,,,,,,,,Al Horford,,,,,,def,,
Al Horford,Joe Johnson,Josh Smith,Marvin Williams,Mike Bibby,Arron Afflalo,Carmelo Anthony,Kenyon Martin,Nene Hilario,Ty Lawson,3,10:56,ATL,shot,,,,,,,,,,Marvin Williams,2,,,made,,running jump,42,8
Al Horford,Joe Johnson,Josh Smith,Marvin Williams,Mike Bibby,Arron Afflalo,Carmelo Anthony,Kenyon Martin,Nene Hilario,Ty Lawson,3,10:45,DEN,shot,,,,,,,,,,Ty Lawson,,,,missed,,3pt,39,27
Al Horford,Joe Johnson,Josh Smith,Marvin Williams,Mike Bibby,Arron Afflalo,Carmelo Anthony,Kenyon Martin,Nene Hilario,Ty Lawson,3,10:44,ATL,rebound,,,,,,,,,,,,,,,,,,
Al Horford,Joe Johnson,Josh Smith,Marvin Williams,Mike Bibby,Arron Afflalo,Carmelo Anthony,Kenyon Martin,Nene Hilario,Ty Lawson,3,10:25,ATL,shot,,,,,,,,,,Joe Johnson,2,,,made,,jump,23,17
Al Horford,Joe Johnson,Josh Smith,Marvin Williams,Mike Bibby,Arron Afflalo,Carmelo Anthony,Kenyon Martin,Nene Hilario,Ty Lawson,3,10:05,DEN,shot,Carmelo Anthony,,,,,,,,,Arron Afflalo,3,,,made,,3pt,48,10
Al Horford,Joe Johnson,Josh Smith,Marvin Williams,Mike Bibby,Arron Afflalo,Carmelo Anthony,Kenyon Martin,Nene Hilario,Ty Lawson,3,9:49,DEN,foul,,,,,,,,Marvin Williams,,Kenyon Martin,,,,,,shooting,,
Al Horford,Joe Johnson,Josh Smith,Marvin Williams,Mike Bibby,Arron Afflalo,Carmelo Anthony,Kenyon Martin,Nene Hilario,Ty Lawson,3,9:49,ATL,free throw,,,,,,,1,,2,Marvin Williams,,,foul,missed,,,,
Al Horford,Joe Johnson,Josh Smith,Marvin Williams,Mike Bibby,Arron Afflalo,Carmelo Anthony,Kenyon Martin,Nene Hilario,Ty Lawson,3,9:49,ATL,rebound,,,,,,,,,,,,,,,,,,
Al Horford,Joe Johnson,Josh Smith,Marvin Williams,Mike Bibby,Arron Afflalo,Carmelo Anthony,Kenyon Martin,Nene Hilario,Ty Lawson,3,9:49,ATL,free throw,,,,,,,2,,2,Marvin Williams,,,foul,made,,,,
Al Horford,Joe Johnson,Josh Smith,Marvin Williams,Mike Bibby,Arron Afflalo,Carmelo Anthony,Kenyon Martin,Nene Hilario,Ty Lawson,3,9:39,DEN,turnover,,,,,,,,,,Kenyon Martin,,,bad pass,,Mike Bibby,,,
Al Horford,Joe Johnson,Josh Smith,Marvin Williams,Mike Bibby,Arron Afflalo,Carmelo Anthony,Kenyon Martin,Nene Hilario,Ty Lawson,3,9:32,ATL,shot,,,,,,,,,,Josh Smith,,,,missed,,layup,25,6
Al Horford,Joe Johnson,Josh Smith,Marvin Williams,Mike Bibby,Arron Afflalo,Carmelo Anthony,Kenyon Martin,Nene Hilario,Ty Lawson,3,9:31,ATL,rebound,,,,,,,,,,Josh Smith,,,,,,off,,
Al Horford,Joe Johnson,Josh Smith,Marvin Williams,Mike Bibby,Arron Afflalo,Carmelo Anthony,Kenyon Martin,Nene Hilario,Ty Lawson,3,9:31,ATL,shot,,,,,,,,,,Josh Smith,,,,missed,,tip,25,6
Al Horford,Joe Johnson,Josh Smith,Marvin Williams,Mike Bibby,Arron Afflalo,Carmelo Anthony,Kenyon Martin,Nene Hilario,Ty Lawson,3,9:30,DEN,rebound,,,,,,,,,,,,,,,,,,
Al Horford,Joe Johnson,Josh Smith,Marvin Williams,Mike Bibby,Arron Afflalo,Carmelo Anthony,Kenyon Martin,Nene Hilario,Ty Lawson,3,9:18,DEN,shot,,,,,,,,,,Ty Lawson,2,,,made,,driving layup,25,6
Al Horford,Joe Johnson,Josh Smith,Marvin Williams,Mike Bibby,Arron Afflalo,Carmelo Anthony,Kenyon Martin,Nene Hilario,Ty Lawson,3,8:47,ATL,shot,,,,,,,,,,Joe Johnson,,,,missed,,fade away jumper,26,25
Al Horford,Joe Johnson,Josh Smith,Marvin Williams,Mike Bibby,Arron Afflalo,Carmelo Anthony,Kenyon Martin,Nene Hilario,Ty Lawson,3,8:46,DEN,rebound,,,,,,,,,,Ty Lawson,,,,,,def,,
Al Horford,Joe Johnson,Josh Smith,Marvin Williams,Mike Bibby,Arron Afflalo,Carmelo Anthony,Kenyon Martin,Nene Hilario,Ty Lawson,3,8:30,DEN,shot,Ty Lawson,,,,,,,,,Arron Afflalo,3,,,made,,3pt,48,14
Al Horford,Joe Johnson,Josh Smith,Marvin Williams,Mike Bibby,Arron Afflalo,Carmelo Anthony,Kenyon Martin,Nene Hilario,Ty Lawson,3,8:16,ATL,shot,,,,,,,,,,Marvin Williams,,,,missed,,3pt,2,7
Al Horford,Joe Johnson,Josh Smith,Marvin Williams,Mike Bibby,Arron Afflalo,Carmelo Anthony,Kenyon Martin,Nene Hilario,Ty Lawson,3,8:15,DEN,rebound,,,,,,,,,,Carmelo Anthony,,,,,,def,,
Al Horford,Joe Johnson,Josh Smith,Marvin Williams,Mike Bibby,Arron Afflalo,Carmelo Anthony,Kenyon Martin,Nene Hilario,Ty Lawson,3,8:03,DEN,shot,,,,,,,,,,Nene Hilario,,,,missed,,dunk,,
Al Horford,Joe Johnson,Josh Smith,Marvin Williams,Mike Bibby,Arron Afflalo,Carmelo Anthony,Kenyon Martin,Nene Hilario,Ty Lawson,3,8:01,DEN,rebound,,,,,,,,,,Ty Lawson,,,,,,off,,
Al Horford,Joe Johnson,Josh Smith,Marvin Williams,Mike Bibby,Arron Afflalo,Carmelo Anthony,Kenyon Martin,Nene Hilario,Ty Lawson,3,8:00,ATL,foul,,,,,,,,Ty Lawson,,Marvin Williams,,,,,,shooting,,
Al Horford,Joe Johnson,Josh Smith,Marvin Williams,Mike Bibby,Arron Afflalo,Carmelo Anthony,Kenyon Martin,Nene Hilario,Ty Lawson,3,8:00,DEN,free throw,,,,,,,1,,2,Ty Lawson,,,foul,made,,,,
Al Horford,Joe Johnson,Josh Smith,Marvin Williams,Mike Bibby,Arron Afflalo,Carmelo Anthony,Kenyon Martin,Nene Hilario,Ty Lawson,3,8:00,DEN,free throw,,,,,,,2,,2,Ty Lawson,,,foul,missed,,,,
Al Horford,Joe Johnson,Josh Smith,Marvin Williams,Mike Bibby,Arron Afflalo,Carmelo Anthony,Kenyon Martin,Nene Hilario,Ty Lawson,3,7:59,ATL,rebound,,,,,,,,,,Josh Smith,,,,,,def,,
Al Horford,Joe Johnson,Josh Smith,Marvin Williams,Mike Bibby,Arron Afflalo,Carmelo Anthony,Kenyon Martin,Nene Hilario,Ty Lawson,3,7:40,ATL,shot,,,,,,,,,,Al Horford,2,,,made,,turnaround fade away,37,9
Al Horford,Joe Johnson,Josh Smith,Marvin Williams,Mike Bibby,Arron Afflalo,Carmelo Anthony,Kenyon Martin,Nene Hilario,Ty Lawson,3,7:19,DEN,shot,,,,,,,,,,Carmelo Anthony,2,,,made,,jump,41,15
Al Horford,Joe Johnson,Josh Smith,Marvin Williams,Mike Bibby,Arron Afflalo,Carmelo Anthony,Kenyon Martin,Nene Hilario,Ty Lawson,3,7:19,ATL,foul,,,,,,,,Carmelo Anthony,,Josh Smith,,,,,,shooting,,
Al Horford,Joe Johnson,Josh Smith,Marvin Williams,Mike Bibby,Arron Afflalo,Carmelo Anthony,Kenyon Martin,Nene Hilario,Ty Lawson,3,7:19,DEN,free throw,,,,,,,1,,1,Carmelo Anthony,,,foul,made,,,,
Al Horford,Joe Johnson,Josh Smith,Marvin Williams,Mike Bibby,Arron Afflalo,Carmelo Anthony,Kenyon Martin,Nene Hilario,Ty Lawson,3,7:05,ATL,shot,,,,,,,,,,Al Horford,2,,,made,,driving reverse layup,25,6
Al Horford,Joe Johnson,Josh Smith,Marvin Williams,Mike Bibby,Arron Afflalo,Carmelo Anthony,Kenyon Martin,Nene Hilario,Ty Lawson,3,7:05,DEN,foul,,,,,,,,Al Horford,,Nene Hilario,,,,,,shooting,,
Al Horford,Jamal Crawford,Joe Johnson,Josh Smith,Marvin Williams,Arron Afflalo,Carmelo Anthony,Kenyon Martin,Nene Hilario,Ty Lawson,3,7:05,ATL,sub,,,,Jamal Crawford,,Mike Bibby,,,,,,,,,,,,
Al Horford,Jamal Crawford,Joe Johnson,Josh Smith,Marvin Williams,Arron Afflalo,Carmelo Anthony,Kenyon Martin,Nene Hilario,Ty Lawson,3,7:05,ATL,free throw,,,,,,,1,,1,Al Horford,,,foul,made,,,,
Al Horford,Jamal Crawford,Joe Johnson,Josh Smith,Marvin Williams,Arron Afflalo,Carmelo Anthony,Kenyon Martin,Nene Hilario,Ty Lawson,3,6:46,DEN,shot,,,,,,,,,,Carmelo Anthony,,,,missed,,jump,40,12
Al Horford,Jamal Crawford,Joe Johnson,Josh Smith,Marvin Williams,Arron Afflalo,Carmelo Anthony,Kenyon Martin,Nene Hilario,Ty Lawson,3,6:45,DEN,rebound,,,,,,,,,,Nene Hilario,,,,,,off,,
Al Horford,Jamal Crawford,Joe Johnson,Josh Smith,Marvin Williams,Arron Afflalo,Carmelo Anthony,Kenyon Martin,Nene Hilario,Ty Lawson,3,6:44,ATL,foul,,,,,,,,Nene Hilario,,Josh Smith,,,,,,shooting,,
Al Horford,Jamal Crawford,Joe Johnson,Josh Smith,Marvin Williams,Arron Afflalo,Carmelo Anthony,Kenyon Martin,Nene Hilario,Ty Lawson,3,6:44,DEN,free throw,,,,,,,1,,2,Nene Hilario,,,foul,made,,,,
Al Horford,Jamal Crawford,Joe Johnson,Josh Smith,Marvin Williams,Arron Afflalo,Carmelo Anthony,Kenyon Martin,Nene Hilario,Ty Lawson,3,6:44,DEN,free throw,,,,,,,2,,2,Nene Hilario,,,foul,missed,,,,
Al Horford,Jamal Crawford,Joe Johnson,Josh Smith,Marvin Williams,Arron Afflalo,Carmelo Anthony,Kenyon Martin,Nene Hilario,Ty Lawson,3,6:43,ATL,rebound,,,,,,,,,,Al Horford,,,,,,def,,
Al Horford,Jamal Crawford,Joe Johnson,Josh Smith,Marvin Williams,Arron Afflalo,Carmelo Anthony,Kenyon Martin,Nene Hilario,Ty Lawson,3,6:24,ATL,shot,,,,,,,,,,Jamal Crawford,3,,,made,,3pt,47,18
Al Horford,Jamal Crawford,Joe Johnson,Josh Smith,Marvin Williams,Arron Afflalo,Carmelo Anthony,Kenyon Martin,Nene Hilario,Ty Lawson,3,6:14,DEN,shot,,,,,,,,,,Ty Lawson,2,,,made,,driving layup,25,6
Al Horford,Jamal Crawford,Joe Johnson,Josh Smith,Marvin Williams,Arron Afflalo,Carmelo Anthony,Kenyon Martin,Nene Hilario,Ty Lawson,3,5:59,DEN,foul,,,,,,,,Marvin Williams,,Carmelo Anthony,,,,,,personal,,
Al Horford,Jamal Crawford,Joe Johnson,Josh Smith,Marvin Williams,Arron Afflalo,Carmelo Anthony,Kenyon Martin,Nene Hilario,Ty Lawson,3,5:59,DEN,timeout,,,,,,,,,,,,,,,,regular,,
Al Horford,Jamal Crawford,Joe Johnson,Josh Smith,Maurice Evans,Arron Afflalo,Carmelo Anthony,Kenyon Martin,Nene Hilario,Ty Lawson,3,5:59,ATL,sub,,,,Maurice Evans,,Marvin Williams,,,,,,,,,,,,
Al Horford,Jamal Crawford,Joe Johnson,Josh Smith,Maurice Evans,Arron Afflalo,Carmelo Anthony,Kenyon Martin,Nene Hilario,Ty Lawson,3,5:49,ATL,shot,,,,,,,,,,Maurice Evans,,,,missed,,3pt,4,21
Al Horford,Jamal Crawford,Joe Johnson,Josh Smith,Maurice Evans,Arron Afflalo,Carmelo Anthony,Kenyon Martin,Nene Hilario,Ty Lawson,3,5:49,DEN,rebound,,,,,,,,,,Arron Afflalo,,,,,,def,,
Al Horford,Jamal Crawford,Joe Johnson,Josh Smith,Maurice Evans,Arron Afflalo,Carmelo Anthony,Kenyon Martin,Nene Hilario,Ty Lawson,3,5:44,DEN,shot,Arron Afflalo,,,,,,,,,Ty Lawson,2,,,made,,driving layup,25,6
Al Horford,Jamal Crawford,Joe Johnson,Josh Smith,Maurice Evans,Arron Afflalo,Carmelo Anthony,Kenyon Martin,Nene Hilario,Ty Lawson,3,5:21,ATL,shot,,,Arron Afflalo,,,,,,,Maurice Evans,,,,missed,,driving layup,25,6
Al Horford,Jamal Crawford,Joe Johnson,Josh Smith,Maurice Evans,Arron Afflalo,Carmelo Anthony,Kenyon Martin,Nene Hilario,Ty Lawson,3,5:19,ATL,rebound,,,,,,,,,,Maurice Evans,,,,,,off,,
Al Horford,Jamal Crawford,Joe Johnson,Josh Smith,Maurice Evans,Arron Afflalo,Carmelo Anthony,Kenyon Martin,Nene Hilario,Ty Lawson,3,5:18,ATL,turnover,,,,,,,,,,Al Horford,,,out of bounds lost ball turnover,,,,,
Al Horford,Jamal Crawford,Joe Johnson,Josh Smith,Maurice Evans,Arron Afflalo,Carmelo Anthony,Kenyon Martin,Nene Hilario,Ty Lawson,3,5:11,DEN,shot,,,,,,,,,,Carmelo Anthony,,,,missed,,driving layup,25,6
Al Horford,Jamal Crawford,Joe Johnson,Josh Smith,Maurice Evans,Arron Afflalo,Carmelo Anthony,Kenyon Martin,Nene Hilario,Ty Lawson,3,5:10,DEN,rebound,,,,,,,,,,Kenyon Martin,,,,,,off,,
Al Horford,Jamal Crawford,Joe Johnson,Josh Smith,Maurice Evans,Arron Afflalo,Carmelo Anthony,Kenyon Martin,Nene Hilario,Ty Lawson,3,5:09,DEN,shot,,,,,,,,,,Kenyon Martin,2,,,made,,putback dunk,25,6
Al Horford,Jamal Crawford,Joe Johnson,Josh Smith,Maurice Evans,Arron Afflalo,Carmelo Anthony,Kenyon Martin,Nene Hilario,Ty Lawson,3,5:07,ATL,timeout,,,,,,,,,,,,,,,,regular,,
Al Horford,Jamal Crawford,Joe Johnson,Josh Smith,Maurice Evans,Arron Afflalo,Carmelo Anthony,Kenyon Martin,Nene Hilario,Ty Lawson,3,4:53,ATL,shot,,,,,,,,,,Maurice Evans,,,,missed,,3pt,2,6
Al Horford,Jamal Crawford,Joe Johnson,Josh Smith,Maurice Evans,Arron Afflalo,Carmelo Anthony,Kenyon Martin,Nene Hilario,Ty Lawson,3,4:52,DEN,rebound,,,,,,,,,,Ty Lawson,,,,,,def,,
Al Horford,Jamal Crawford,Joe Johnson,Josh Smith,Maurice Evans,Arron Afflalo,Carmelo Anthony,Kenyon Martin,Nene Hilario,Ty Lawson,3,4:46,DEN,shot,,,,,,,,,,Carmelo Anthony,,,,missed,,3pt,8,24
Al Horford,Jamal Crawford,Joe Johnson,Josh Smith,Maurice Evans,Arron Afflalo,Carmelo Anthony,Kenyon Martin,Nene Hilario,Ty Lawson,3,4:44,ATL,rebound,,,,,,,,,,Jamal Crawford,,,,,,def,,
Al Horford,Jamal Crawford,Joe Johnson,Josh Smith,Maurice Evans,Arron Afflalo,Carmelo Anthony,Kenyon Martin,Nene Hilario,Ty Lawson,3,4:40,ATL,shot,,,,,,,,,,Jamal Crawford,,,,missed,,3pt,46,19
Al Horford,Jamal Crawford,Joe Johnson,Josh Smith,Maurice Evans,Arron Afflalo,Carmelo Anthony,Kenyon Martin,Nene Hilario,Ty Lawson,3,4:39,ATL,rebound,,,,,,,,,,,,,,,,,,
Al Horford,Jamal Crawford,Joe Johnson,Josh Smith,Maurice Evans,Arron Afflalo,Carmelo Anthony,Kenyon Martin,Nene Hilario,Ty Lawson,3,4:39,DEN,foul,,,,,,,,Maurice Evans,,Arron Afflalo,,,,,,loose ball,,
Al Horford,Jamal Crawford,Joe Johnson,Josh Smith,Mike Bibby,Arron Afflalo,Carmelo Anthony,Kenyon Martin,Nene Hilario,Ty Lawson,3,4:39,ATL,sub,,,,Mike Bibby,,Maurice Evans,,,,,,,,,,,,
Al Horford,Jamal Crawford,Joe Johnson,Josh Smith,Mike Bibby,Arron Afflalo,Carmelo Anthony,Kenyon Martin,Nene Hilario,Ty Lawson,3,4:39,ATL,foul,,,,,,,,,,Maurice Evans,,,,,,technical,,
Al Horford,Jamal Crawford,Joe Johnson,Josh Smith,Mike Bibby,Arron Afflalo,Carmelo Anthony,Kenyon Martin,Nene Hilario,Ty Lawson,3,4:39,DEN,free throw,,,,,,,1,,1,Carmelo Anthony,,,technical,made,,,,
Al Horford,Jamal Crawford,Joe Johnson,Josh Smith,Mike Bibby,Arron Afflalo,Carmelo Anthony,Kenyon Martin,Nene Hilario,Ty Lawson,3,4:27,ATL,shot,Al Horford,,,,,,,,,Joe Johnson,3,,,made,,3pt,3,17
Al Horford,Jamal Crawford,Joe Johnson,Josh Smith,Mike Bibby,Arron Afflalo,Carmelo Anthony,Kenyon Martin,Nene Hilario,Ty Lawson,3,4:11,DEN,shot,Ty Lawson,,,,,,,,,Nene Hilario,2,,,made,,layup,,
Al Horford,Jamal Crawford,Joe Johnson,Mike Bibby,Zaza Pachulia,Arron Afflalo,Carmelo Anthony,Kenyon Martin,Nene Hilario,Ty Lawson,3,3:55,ATL,sub,,,,Zaza Pachulia,,Josh Smith,,,,,,,,,,,,
Al Horford,Jamal Crawford,Joe Johnson,Mike Bibby,Zaza Pachulia,Carmelo Anthony,J.R. Smith,Kenyon Martin,Nene Hilario,Ty Lawson,3,3:55,DEN,sub,,,,J.R. Smith,,Arron Afflalo,,,,,,,,,,,,
Al Horford,Jamal Crawford,Joe Johnson,Mike Bibby,Zaza Pachulia,Carmelo Anthony,J.R. Smith,Kenyon Martin,Nene Hilario,Ty Lawson,3,3:41,ATL,turnover,,,,,,,,,,,,,shot clock turnover,,,,,
Al Horford,Jamal Crawford,Joe Johnson,Mike Bibby,Zaza Pachulia,Carmelo Anthony,J.R. Smith,Kenyon Martin,Nene Hilario,Ty Lawson,3,3:25,ATL,foul,,,,,,,,Carmelo Anthony,,Joe Johnson,,,,,,personal,,
Al Horford,Jamal Crawford,Joe Johnson,Mike Bibby,Zaza Pachulia,Carmelo Anthony,Chris Andersen,J.R. Smith,Kenyon Martin,Ty Lawson,3,3:25,DEN,sub,,,,Chris Andersen,,Nene Hilario,,,,,,,,,,,,
Al Horford,Jamal Crawford,Joe Johnson,Mike Bibby,Zaza Pachulia,Carmelo Anthony,Chris Andersen,J.R. Smith,Kenyon Martin,Ty Lawson,3,3:10,DEN,shot,,,,,,,,,,J.R. Smith,3,,,made,,3pt,45,23
Al Horford,Jamal Crawford,Joe Johnson,Mike Bibby,Zaza Pachulia,Carmelo Anthony,Chris Andersen,J.R. Smith,Kenyon Martin,Ty Lawson,3,2:54,DEN,foul,,,,,,,,Joe Johnson,,Carmelo Anthony,,,,,,personal,,
Al Horford,Jamal Crawford,Joe Johnson,Mike Bibby,Zaza Pachulia,Carmelo Anthony,Chris Andersen,J.R. Smith,Kenyon Martin,Ty Lawson,3,2:54,ATL,free throw,,,,,,,1,,2,Joe Johnson,,,foul,made,,,,
Al Horford,Jamal Crawford,Joe Johnson,Mike Bibby,Zaza Pachulia,Carmelo Anthony,Chris Andersen,J.R. Smith,Kenyon Martin,Ty Lawson,3,2:54,ATL,free throw,,,,,,,2,,2,Joe Johnson,,,foul,made,,,,
Al Horford,Jamal Crawford,Joe Johnson,Mike Bibby,Zaza Pachulia,Carmelo Anthony,Chris Andersen,J.R. Smith,Kenyon Martin,Ty Lawson,3,2:33,DEN,shot,,,,,,,,,,J.R. Smith,,,,missed,,running jump,21,13
Al Horford,Jamal Crawford,Joe Johnson,Mike Bibby,Zaza Pachulia,Carmelo Anthony,Chris Andersen,J.R. Smith,Kenyon Martin,Ty Lawson,3,2:32,ATL,rebound,,,,,,,,,,Al Horford,,,,,,def,,
Al Horford,Jamal Crawford,Joe Johnson,Mike Bibby,Zaza Pachulia,Carmelo Anthony,Chris Andersen,J.R. Smith,Kenyon Martin,Ty Lawson,3,2:16,ATL,shot,Mike Bibby,,,,,,,,,Jamal Crawford,3,,,made,,3pt,49,4
Al Horford,Jamal Crawford,Joe Johnson,Mike Bibby,Zaza Pachulia,Carmelo Anthony,Chris Andersen,J.R. Smith,Kenyon Martin,Ty Lawson,3,1:51,DEN,shot,,,,,,,,,,Ty Lawson,,,,missed,,fade away jumper,7,11
Al Horford,Jamal Crawford,Joe Johnson,Mike Bibby,Zaza Pachulia,Carmelo Anthony,Chris Andersen,J.R. Smith,Kenyon Martin,Ty Lawson,3,1:50,ATL,rebound,,,,,,,,,,Joe Johnson,,,,,,def,,
Al Horford,Jamal Crawford,Joe Johnson,Mike Bibby,Zaza Pachulia,Carmelo Anthony,Chris Andersen,J.R. Smith,Kenyon Martin,Ty Lawson,3,1:43,ATL,shot,Zaza Pachulia,,,,,,,,,Mike Bibby,2,,,made,,reverse layup,25,6
Al Horford,Jamal Crawford,Joe Johnson,Mike Bibby,Zaza Pachulia,Carmelo Anthony,Chris Andersen,J.R. Smith,Kenyon Martin,Ty Lawson,3,1:23,ATL,foul,,,,,,,,J.R. Smith,,Joe Johnson,,,,,,personal,,
Al Horford,Jamal Crawford,Joe Johnson,Mike Bibby,Zaza Pachulia,Anthony Carter,Carmelo Anthony,Chris Andersen,J.R. Smith,Kenyon Martin,3,1:23,DEN,sub,,,,Anthony Carter,,Ty Lawson,,,,,,,,,,,,
Al Horford,Jamal Crawford,Joe Johnson,Mike Bibby,Zaza Pachulia,Anthony Carter,Carmelo Anthony,Chris Andersen,J.R. Smith,Kenyon Martin,3,1:23,DEN,free throw,,,,,,,1,,2,J.R. Smith,,,foul,made,,,,
Al Horford,Jamal Crawford,Joe Johnson,Mike Bibby,Zaza Pachulia,Anthony Carter,Carmelo Anthony,Chris Andersen,J.R. Smith,Kenyon Martin,3,1:23,DEN,free throw,,,,,,,2,,2,J.R. Smith,,,foul,missed,,,,
Al Horford,Jamal Crawford,Joe Johnson,Mike Bibby,Zaza Pachulia,Anthony Carter,Carmelo Anthony,Chris Andersen,J.R. Smith,Kenyon Martin,3,1:21,ATL,rebound,,,,,,,,,,Zaza Pachulia,,,,,,def,,
Al Horford,Jamal Crawford,Joe Johnson,Mike Bibby,Zaza Pachulia,Anthony Carter,Carmelo Anthony,Chris Andersen,J.R. Smith,Kenyon Martin,3,1:08,ATL,shot,Mike Bibby,,,,,,,,,Joe Johnson,3,,,made,,3pt,45,24
Al Horford,Jamal Crawford,Joe Johnson,Mike Bibby,Zaza Pachulia,Anthony Carter,Carmelo Anthony,Chris Andersen,J.R. Smith,Kenyon Martin,3,0:51,DEN,shot,,,,,,,,,,J.R. Smith,,,,missed,,3pt,5,22
Al Horford,Jamal Crawford,Joe Johnson,Mike Bibby,Zaza Pachulia,Anthony Carter,Carmelo Anthony,Chris Andersen,J.R. Smith,Kenyon Martin,3,0:50,ATL,rebound,,,,,,,,,,Jamal Crawford,,,,,,def,,
Al Horford,Jamal Crawford,Joe Johnson,Mike Bibby,Zaza Pachulia,Anthony Carter,Carmelo Anthony,Chris Andersen,J.R. Smith,Kenyon Martin,3,0:44,ATL,shot,,,Carmelo Anthony,,,,,,,Mike Bibby,,,,missed,,driving layup,25,6
Al Horford,Jamal Crawford,Joe Johnson,Mike Bibby,Zaza Pachulia,Anthony Carter,Carmelo Anthony,Chris Andersen,J.R. Smith,Kenyon Martin,3,0:42,DEN,rebound,,,,,,,,,,Chris Andersen,,,,,,def,,
Al Horford,Jamal Crawford,Joe Johnson,Mike Bibby,Zaza Pachulia,Anthony Carter,Carmelo Anthony,Chris Andersen,J.R. Smith,Kenyon Martin,3,0:41,DEN,shot,Chris Andersen,,,,,,,,,J.R. Smith,2,,,made,,dunk,25,6
Al Horford,Jamal Crawford,Joe Johnson,Mike Bibby,Zaza Pachulia,Anthony Carter,Carmelo Anthony,Chris Andersen,J.R. Smith,Kenyon Martin,3,0:20,ATL,shot,Jamal Crawford,,,,,,,,,Al Horford,2,,,made,,layup,25,6
Al Horford,Jamal Crawford,Joe Johnson,Mike Bibby,Zaza Pachulia,Anthony Carter,Carmelo Anthony,Chris Andersen,J.R. Smith,Kenyon Martin,3,0:20,DEN,foul,,,,,,,,Al Horford,,Anthony Carter,,,,,,shooting,,
Al Horford,Jamal Crawford,Maurice Evans,Mike Bibby,Zaza Pachulia,Anthony Carter,Carmelo Anthony,Chris Andersen,J.R. Smith,Kenyon Martin,3,0:20,ATL,sub,,,,Maurice Evans,,Joe Johnson,,,,,,,,,,,,
Al Horford,Jamal Crawford,Marvin Williams,Maurice Evans,Zaza Pachulia,Anthony Carter,Carmelo Anthony,Chris Andersen,J.R. Smith,Kenyon Martin,3,0:20,ATL,sub,,,,Marvin Williams,,Mike Bibby,,,,,,,,,,,,
Al Horford,Jamal Crawford,Marvin Williams,Maurice Evans,Zaza Pachulia,Anthony Carter,Carmelo Anthony,Chris Andersen,J.R. Smith,Kenyon Martin,3,0:20,ATL,free throw,,,,,,,1,,1,Al Horford,,,foul,made,,,,
Al Horford,Jamal Crawford,Marvin Williams,Maurice Evans,Zaza Pachulia,Anthony Carter,Carmelo Anthony,Chris Andersen,J.R. Smith,Kenyon Martin,3,0:05,ATL,foul,,,,,,,,Carmelo Anthony,,Marvin Williams,,,,,,shooting,,
Al Horford,Jamal Crawford,Marvin Williams,Maurice Evans,Zaza Pachulia,Anthony Carter,Carmelo Anthony,Chris Andersen,J.R. Smith,Kenyon Martin,3,0:05,DEN,free throw,,,,,,,1,,2,Carmelo Anthony,,,foul,made,,,,
Al Horford,Jamal Crawford,Marvin Williams,Maurice Evans,Zaza Pachulia,Anthony Carter,Carmelo Anthony,Chris Andersen,J.R. Smith,Kenyon Martin,3,0:05,DEN,free throw,,,,,,,2,,2,Carmelo Anthony,,,foul,missed,,,,
Al Horford,Jamal Crawford,Marvin Williams,Maurice Evans,Zaza Pachulia,Anthony Carter,Carmelo Anthony,Chris Andersen,J.R. Smith,Kenyon Martin,3,0:04,ATL,rebound,,,,,,,,,,Marvin Williams,,,,,,def,,
Al Horford,Jamal Crawford,Marvin Williams,Maurice Evans,Zaza Pachulia,Anthony Carter,Carmelo Anthony,Chris Andersen,J.R. Smith,Kenyon Martin,3,0:00,ATL,turnover,,,,,,,,,,Jamal Crawford,,,traveling,,,,,
Jamal Crawford,Josh Smith,Marvin Williams,Maurice Evans,Zaza Pachulia,Anthony Carter,Carmelo Anthony,Chris Andersen,J.R. Smith,Kenyon Martin,4,11:40,DEN,shot,J.R. Smith,,,,,,,,,Carmelo Anthony,2,,,made,,jump,7,12
Jamal Crawford,Josh Smith,Marvin Williams,Maurice Evans,Zaza Pachulia,Anthony Carter,Carmelo Anthony,Chris Andersen,J.R. Smith,Kenyon Martin,4,11:21,ATL,shot,,,,,,,,,,Marvin Williams,,,,missed,,jump,29,13
Jamal Crawford,Josh Smith,Marvin Williams,Maurice Evans,Zaza Pachulia,Anthony Carter,Carmelo Anthony,Chris Andersen,J.R. Smith,Kenyon Martin,4,11:20,ATL,rebound,,,,,,,,,,Marvin Williams,,,,,,off,,
Jamal Crawford,Josh Smith,Marvin Williams,Maurice Evans,Zaza Pachulia,Anthony Carter,Carmelo Anthony,Chris Andersen,J.R. Smith,Kenyon Martin,4,11:18,ATL,shot,,,,,,,,,,Marvin Williams,,,,missed,,layup,25,6
Jamal Crawford,Josh Smith,Marvin Williams,Maurice Evans,Zaza Pachulia,Anthony Carter,Carmelo Anthony,Chris Andersen,J.R. Smith,Kenyon Martin,4,11:16,DEN,rebound,,,,,,,,,,Kenyon Martin,,,,,,def,,
Jamal Crawford,Josh Smith,Marvin Williams,Maurice Evans,Zaza Pachulia,Anthony Carter,Carmelo Anthony,Chris Andersen,J.R. Smith,Kenyon Martin,4,11:05,DEN,shot,,,,,,,,,,J.R. Smith,,,,missed,,3pt,41,27
Jamal Crawford,Josh Smith,Marvin Williams,Maurice Evans,Zaza Pachulia,Anthony Carter,Carmelo Anthony,Chris Andersen,J.R. Smith,Kenyon Martin,4,11:05,ATL,rebound,,,,,,,,,,Zaza Pachulia,,,,,,def,,
Jamal Crawford,Josh Smith,Marvin Williams,Maurice Evans,Zaza Pachulia,Anthony Carter,Carmelo Anthony,Chris Andersen,J.R. Smith,Kenyon Martin,4,10:56,ATL,shot,,,,,,,,,,Josh Smith,,,,missed,,jump,15,24
Jamal Crawford,Josh Smith,Marvin Williams,Maurice Evans,Zaza Pachulia,Anthony Carter,Carmelo Anthony,Chris Andersen,J.R. Smith,Kenyon Martin,4,10:55,DEN,rebound,,,,,,,,,,J.R. Smith,,,,,,def,,
Jamal Crawford,Josh Smith,Marvin Williams,Maurice Evans,Zaza Pachulia,Anthony Carter,Carmelo Anthony,Chris Andersen,J.R. Smith,Kenyon Martin,4,10:42,DEN,shot,,,,,,,,,,Carmelo Anthony,,,,missed,,jump,42,9
Jamal Crawford,Josh Smith,Marvin Williams,Maurice Evans,Zaza Pachulia,Anthony Carter,Carmelo Anthony,Chris Andersen,J.R. Smith,Kenyon Martin,4,10:41,ATL,rebound,,,,,,,,,,Josh Smith,,,,,,def,,
Jamal Crawford,Josh Smith,Marvin Williams,Maurice Evans,Zaza Pachulia,Anthony Carter,Carmelo Anthony,Chris Andersen,J.R. Smith,Kenyon Martin,4,10:32,ATL,shot,,,,,,,,,,Jamal Crawford,,,,missed,,jump,12,21
Jamal Crawford,Josh Smith,Marvin Williams,Maurice Evans,Zaza Pachulia,Anthony Carter,Carmelo Anthony,Chris Andersen,J.R. Smith,Kenyon Martin,4,10:31,DEN,rebound,,,,,,,,,,Kenyon Martin,,,,,,def,,
Jamal Crawford,Josh Smith,Marvin Williams,Maurice Evans,Zaza Pachulia,Anthony Carter,Carmelo Anthony,Chris Andersen,J.R. Smith,Kenyon Martin,4,10:14,DEN,shot,J.R. Smith,,,,,,,,,Kenyon Martin,2,,,made,,jump,27,22
Jamal Crawford,Josh Smith,Marvin Williams,Maurice Evans,Zaza Pachulia,Anthony Carter,Carmelo Anthony,Chris Andersen,J.R. Smith,Kenyon Martin,4,9:53,ATL,shot,Josh Smith,,,,,,,,,Marvin Williams,3,,,made,,3pt,49,11
Jamal Crawford,Josh Smith,Marvin Williams,Maurice Evans,Zaza Pachulia,Anthony Carter,Carmelo Anthony,Chris Andersen,J.R. Smith,Kenyon Martin,4,9:31,DEN,shot,,,,,,,,,,J.R. Smith,2,,,made,,driving layup,25,6
Jamal Crawford,Josh Smith,Marvin Williams,Maurice Evans,Zaza Pachulia,Anthony Carter,Carmelo Anthony,Chris Andersen,J.R. Smith,Kenyon Martin,4,9:31,ATL,foul,,,,,,,,J.R. Smith,,Josh Smith,,,,,,shooting,,
Jamal Crawford,Joe Johnson,Josh Smith,Marvin Williams,Zaza Pachulia,Anthony Carter,Carmelo Anthony,Chris Andersen,J.R. Smith,Kenyon Martin,4,9:31,ATL,sub,,,,Joe Johnson,,Maurice Evans,,,,,,,,,,,,
Jamal Crawford,Joe Johnson,Josh Smith,Marvin Williams,Zaza Pachulia,Anthony Carter,Carmelo Anthony,Chris Andersen,J.R. Smith,Kenyon Martin,4,9:31,DEN,free throw,,,,,,,1,,1,J.R. Smith,,,foul,missed,,,,
Jamal Crawford,Joe Johnson,Josh Smith,Marvin Williams,Zaza Pachulia,Anthony Carter,Carmelo Anthony,Chris Andersen,J.R. Smith,Kenyon Martin,4,9:28,ATL,rebound,,,,,,,,,,Joe Johnson,,,,,,def,,
Jamal Crawford,Joe Johnson,Josh Smith,Marvin Williams,Zaza Pachulia,Anthony Carter,Carmelo Anthony,Chris Andersen,J.R. Smith,Kenyon Martin,4,9:14,ATL,shot,Marvin Williams,,,,,,,,,Zaza Pachulia,2,,,made,,dunk,25,6
Jamal Crawford,Joe Johnson,Josh Smith,Marvin Williams,Zaza Pachulia,Anthony Carter,Carmelo Anthony,Chris Andersen,J.R. Smith,Kenyon Martin,4,8:47,DEN,shot,,,,,,,,,,Anthony Carter,,,,missed,,driving layup,25,6
Jamal Crawford,Joe Johnson,Josh Smith,Marvin Williams,Zaza Pachulia,Anthony Carter,Carmelo Anthony,Chris Andersen,J.R. Smith,Kenyon Martin,4,8:46,ATL,rebound,,,,,,,,,,Zaza Pachulia,,,,,,def,,
Jamal Crawford,Joe Johnson,Josh Smith,Marvin Williams,Zaza Pachulia,Anthony Carter,Carmelo Anthony,Chris Andersen,J.R. Smith,Kenyon Martin,4,8:42,ATL,turnover,,,,,,,,,,Jamal Crawford,,,bad pass,,Kenyon Martin,,,
Jamal Crawford,Joe Johnson,Josh Smith,Marvin Williams,Zaza Pachulia,Anthony Carter,Carmelo Anthony,Chris Andersen,J.R. Smith,Kenyon Martin,4,8:34,DEN,shot,J.R. Smith,,,,,,,,,Carmelo Anthony,2,,,made,,layup,25,6
Jamal Crawford,Joe Johnson,Josh Smith,Marvin Williams,Zaza Pachulia,Anthony Carter,Carmelo Anthony,Chris Andersen,J.R. Smith,Kenyon Martin,4,8:21,DEN,violation,,,,,,,,,,Kenyon Martin,,,,,,kicked ball,,
Jamal Crawford,Joe Johnson,Josh Smith,Marvin Williams,Zaza Pachulia,Anthony Carter,Carmelo Anthony,Chris Andersen,J.R. Smith,Kenyon Martin,4,8:21,ATL,timeout,,,,,,,,,,,,,,,,official,,
Jamal Crawford,Joe Johnson,Josh Smith,Marvin Williams,Zaza Pachulia,Anthony Carter,Carmelo Anthony,Chris Andersen,J.R. Smith,Nene Hilario,4,8:21,DEN,sub,,,,Nene Hilario,,Kenyon Martin,,,,,,,,,,,,
Jamal Crawford,Joe Johnson,Josh Smith,Marvin Williams,Zaza Pachulia,Anthony Carter,Carmelo Anthony,Chris Andersen,J.R. Smith,Nene Hilario,4,8:04,ATL,shot,,,,,,,,,,Joe Johnson,,,,missed,,3pt,2,6
Jamal Crawford,Joe Johnson,Josh Smith,Marvin Williams,Zaza Pachulia,Anthony Carter,Carmelo Anthony,Chris Andersen,J.R. Smith,Nene Hilario,4,8:03,DEN,rebound,,,,,,,,,,Chris Andersen,,,,,,def,,
Jamal Crawford,Joe Johnson,Josh Smith,Marvin Williams,Zaza Pachulia,Anthony Carter,Carmelo Anthony,Chris Andersen,J.R. Smith,Nene Hilario,4,7:49,ATL,foul,,,,,,,,J.R. Smith,,Zaza Pachulia,,,,,,shooting,,
Jamal Crawford,Joe Johnson,Josh Smith,Marvin Williams,Zaza Pachulia,Anthony Carter,Carmelo Anthony,Chris Andersen,J.R. Smith,Nene Hilario,4,7:49,DEN,free throw,,,,,,,1,,2,J.R. Smith,,,foul,missed,,,,
Jamal Crawford,Joe Johnson,Josh Smith,Marvin Williams,Zaza Pachulia,Anthony Carter,Carmelo Anthony,Chris Andersen,J.R. Smith,Nene Hilario,4,7:49,DEN,rebound,,,,,,,,,,,,,,,,,,
Al Horford,Jamal Crawford,Joe Johnson,Josh Smith,Marvin Williams,Anthony Carter,Carmelo Anthony,Chris Andersen,J.R. Smith,Nene Hilario,4,7:49,ATL,sub,,,,Al Horford,,Zaza Pachulia,,,,,,,,,,,,
Al Horford,Jamal Crawford,Joe Johnson,Josh Smith,Marvin Williams,Anthony Carter,Carmelo Anthony,Chris Andersen,J.R. Smith,Nene Hilario,4,7:49,DEN,free throw,,,,,,,2,,2,J.R. Smith,,,foul,missed,,,,
Al Horford,Jamal Crawford,Joe Johnson,Josh Smith,Marvin Williams,Anthony Carter,Carmelo Anthony,Chris Andersen,J.R. Smith,Nene Hilario,4,7:47,ATL,rebound,,,,,,,,,,Marvin Williams,,,,,,def,,
Al Horford,Jamal Crawford,Joe Johnson,Josh Smith,Marvin Williams,Anthony Carter,Carmelo Anthony,Chris Andersen,J.R. Smith,Nene Hilario,4,7:41,ATL,shot,,,,,,,,,,Joe Johnson,2,,,made,,running jump,18,8
Al Horford,Jamal Crawford,Joe Johnson,Josh Smith,Marvin Williams,Anthony Carter,Carmelo Anthony,Chris Andersen,J.R. Smith,Nene Hilario,4,7:41,DEN,foul,,,,,,,,Joe Johnson,,Chris Andersen,,,,,,shooting,,
Al Horford,Jamal Crawford,Joe Johnson,Josh Smith,Marvin Williams,Anthony Carter,Carmelo Anthony,Chris Andersen,J.R. Smith,Nene Hilario,4,7:41,ATL,free throw,,,,,,,1,,1,Joe Johnson,,,foul,made,,,,
Al Horford,Jamal Crawford,Joe Johnson,Josh Smith,Marvin Williams,Anthony Carter,Carmelo Anthony,Chris Andersen,J.R. Smith,Nene Hilario,4,7:26,ATL,foul,,,,,,,,Nene Hilario,,Al Horford,,,,,,shooting,,
Al Horford,Jamal Crawford,Joe Johnson,Josh Smith,Marvin Williams,Anthony Carter,Carmelo Anthony,Chris Andersen,J.R. Smith,Nene Hilario,4,7:26,DEN,free throw,,,,,,,1,,2,Nene Hilario,,,foul,made,,,,
Al Horford,Jamal Crawford,Joe Johnson,Josh Smith,Marvin Williams,Anthony Carter,Carmelo Anthony,Chris Andersen,J.R. Smith,Nene Hilario,4,7:26,DEN,free throw,,,,,,,2,,2,Nene Hilario,,,foul,made,,,,
Al Horford,Jamal Crawford,Joe Johnson,Josh Smith,Marvin Williams,Anthony Carter,Carmelo Anthony,Chris Andersen,J.R. Smith,Nene Hilario,4,7:12,DEN,foul,,,,,,,,Joe Johnson,,J.R. Smith,,,,,,personal,,
Al Horford,Jamal Crawford,Joe Johnson,Josh Smith,Marvin Williams,Anthony Carter,Carmelo Anthony,Chris Andersen,J.R. Smith,Nene Hilario,4,6:58,ATL,shot,,,,,,,,,,Joe Johnson,,,,missed,,3pt,2,8
Al Horford,Jamal Crawford,Joe Johnson,Josh Smith,Marvin Williams,Anthony Carter,Carmelo Anthony,Chris Andersen,J.R. Smith,Nene Hilario,4,6:57,DEN,rebound,,,,,,,,,,Nene Hilario,,,,,,def,,
Al Horford,Jamal Crawford,Joe Johnson,Josh Smith,Marvin Williams,Anthony Carter,Carmelo Anthony,Chris Andersen,J.R. Smith,Nene Hilario,4,6:43,DEN,shot,Carmelo Anthony,,,,,,,,,J.R. Smith,3,,,made,,3pt,17,32
Al Horford,Jamal Crawford,Joe Johnson,Josh Smith,Marvin Williams,Anthony Carter,Carmelo Anthony,Chris Andersen,J.R. Smith,Nene Hilario,4,6:16,ATL,shot,Joe Johnson,,,,,,,,,Jamal Crawford,3,,,made,,3pt,12,28
Al Horford,Jamal Crawford,Joe Johnson,Josh Smith,Marvin Williams,Anthony Carter,Carmelo Anthony,Chris Andersen,J.R. Smith,Nene Hilario,4,5:51,DEN,shot,Carmelo Anthony,,,,,,,,,Nene Hilario,2,,,made,,jump hook,,
Al Horford,Jamal Crawford,Joe Johnson,Josh Smith,Marvin Williams,Anthony Carter,Carmelo Anthony,Chris Andersen,J.R. Smith,Nene Hilario,4,5:35,ATL,shot,,,,,,,,,,Marvin Williams,,,,missed,,jump,45,8
Al Horford,Jamal Crawford,Joe Johnson,Josh Smith,Marvin Williams,Anthony Carter,Carmelo Anthony,Chris Andersen,J.R. Smith,Nene Hilario,4,5:34,DEN,rebound,,,,,,,,,,J.R. Smith,,,,,,def,,
Al Horford,Jamal Crawford,Joe Johnson,Josh Smith,Marvin Williams,Anthony Carter,Carmelo Anthony,Chris Andersen,J.R. Smith,Nene Hilario,4,5:17,DEN,shot,Carmelo Anthony,,,,,,,,,Nene Hilario,2,,,made,,slam dunk,,
Al Horford,Jamal Crawford,Joe Johnson,Josh Smith,Marvin Williams,Anthony Carter,Carmelo Anthony,Chris Andersen,J.R. Smith,Nene Hilario,4,5:15,ATL,timeout,,,,,,,,,,,,,,,,regular,,
Al Horford,Jamal Crawford,Joe Johnson,Josh Smith,Mike Bibby,Anthony Carter,Carmelo Anthony,Chris Andersen,J.R. Smith,Nene Hilario,4,5:15,ATL,sub,,,,Mike Bibby,,Marvin Williams,,,,,,,,,,,,
Al Horford,Jamal Crawford,Joe Johnson,Josh Smith,Mike Bibby,Anthony Carter,Carmelo Anthony,Chris Andersen,J.R. Smith,Nene Hilario,4,5:02,ATL,foul,,,,,,,,Carmelo Anthony,,Josh Smith,,,,,,offensive,,
Al Horford,Jamal Crawford,Joe Johnson,Josh Smith,Mike Bibby,Anthony Carter,Carmelo Anthony,Chris Andersen,J.R. Smith,Nene Hilario,4,5:02,ATL,turnover,,,,,,,,,,Josh Smith,,,foul,,,,,
Al Horford,Jamal Crawford,Joe Johnson,Josh Smith,Mike Bibby,Anthony Carter,Carmelo Anthony,Chris Andersen,J.R. Smith,Nene Hilario,4,4:49,DEN,shot,Anthony Carter,,,,,,,,,J.R. Smith,3,,,made,,3pt,12,29
Al Horford,Jamal Crawford,Joe Johnson,Josh Smith,Mike Bibby,Anthony Carter,Carmelo Anthony,Chris Andersen,J.R. Smith,Nene Hilario,4,4:34,ATL,shot,,,,,,,,,,Jamal Crawford,,,,missed,,running jump,23,18
Al Horford,Jamal Crawford,Joe Johnson,Josh Smith,Mike Bibby,Anthony Carter,Carmelo Anthony,Chris Andersen,J.R. Smith,Nene Hilario,4,4:33,ATL,rebound,,,,,,,,,,Jamal Crawford,,,,,,off,,
Al Horford,Jamal Crawford,Joe Johnson,Josh Smith,Mike Bibby,Anthony Carter,Carmelo Anthony,Chris Andersen,J.R. Smith,Nene Hilario,4,4:33,ATL,shot,,,,,,,,,,Jamal Crawford,2,,,made,,tip,25,6
Al Horford,Jamal Crawford,Joe Johnson,Josh Smith,Mike Bibby,Anthony Carter,Carmelo Anthony,Chris Andersen,J.R. Smith,Nene Hilario,4,4:23,ATL,foul,,,,,,,,J.R. Smith,,Jamal Crawford,,,,,,personal,,
Al Horford,Jamal Crawford,Joe Johnson,Josh Smith,Mike Bibby,Anthony Carter,Carmelo Anthony,Chris Andersen,J.R. Smith,Nene Hilario,4,4:13,DEN,shot,,,,,,,,,,J.R. Smith,3,,,made,,3pt,18,33
Al Horford,Jamal Crawford,Joe Johnson,Josh Smith,Mike Bibby,Anthony Carter,Carmelo Anthony,Chris Andersen,J.R. Smith,Nene Hilario,4,4:02,DEN,foul,,,,,,,,Josh Smith,,Chris Andersen,,,,,,shooting,,
Al Horford,Jamal Crawford,Joe Johnson,Josh Smith,Mike Bibby,Anthony Carter,Carmelo Anthony,Chris Andersen,J.R. Smith,Nene Hilario,4,4:02,ATL,free throw,,,,,,,1,,2,Josh Smith,,,foul,made,,,,
Al Horford,Jamal Crawford,Jeff Teague,Joe Johnson,Josh Smith,Anthony Carter,Carmelo Anthony,Chris Andersen,J.R. Smith,Nene Hilario,4,4:02,ATL,sub,,,,Jeff Teague,,Mike Bibby,,,,,,,,,,,,
Al Horford,Jamal Crawford,Jeff Teague,Joe Johnson,Josh Smith,Anthony Carter,Carmelo Anthony,Chris Andersen,J.R. Smith,Nene Hilario,4,4:02,ATL,free throw,,,,,,,2,,2,Josh Smith,,,foul,made,,,,
Al Horford,Jamal Crawford,Jeff Teague,Joe Johnson,Josh Smith,Anthony Carter,Carmelo Anthony,Chris Andersen,J.R. Smith,Nene Hilario,4,3:42,DEN,shot,,,,,,,,,,J.R. Smith,3,,,made,,3pt,10,27
Al Horford,Jamal Crawford,Jeff Teague,Joe Johnson,Josh Smith,Anthony Carter,Carmelo Anthony,Chris Andersen,J.R. Smith,Nene Hilario,4,3:21,ATL,turnover,,,,,,,,,,Jeff Teague,,,bad pass,,Carmelo Anthony,,,
Al Horford,Jamal Crawford,Jeff Teague,Josh Smith,Maurice Evans,Anthony Carter,Carmelo Anthony,Chris Andersen,J.R. Smith,Nene Hilario,4,3:08,ATL,sub,,,,Maurice Evans,,Joe Johnson,,,,,,,,,,,,
Al Horford,Jamal Crawford,Jeff Teague,Josh Smith,Maurice Evans,Anthony Carter,Carmelo Anthony,Chris Andersen,J.R. Smith,Nene Hilario,4,2:57,DEN,shot,,,,,,,,,,Carmelo Anthony,,,,missed,,jump,23,19
Al Horford,Jamal Crawford,Jeff Teague,Josh Smith,Maurice Evans,Anthony Carter,Carmelo Anthony,Chris Andersen,J.R. Smith,Nene Hilario,4,2:56,ATL,rebound,,,,,,,,,,Al Horford,,,,,,def,,
Al Horford,Jamal Crawford,Jeff Teague,Josh Smith,Maurice Evans,Anthony Carter,Carmelo Anthony,Chris Andersen,J.R. Smith,Nene Hilario,4,2:45,ATL,shot,,,,,,,,,,Maurice Evans,,,,missed,,jump,40,8
Al Horford,Jamal Crawford,Jeff Teague,Josh Smith,Maurice Evans,Anthony Carter,Carmelo Anthony,Chris Andersen,J.R. Smith,Nene Hilario,4,2:44,DEN,rebound,,,,,,,,,,Carmelo Anthony,,,,,,def,,
Al Horford,Jamal Crawford,Jeff Teague,Josh Smith,Maurice Evans,Anthony Carter,Carmelo Anthony,Chris Andersen,J.R. Smith,Nene Hilario,4,2:31,DEN,shot,,,,,,,,,,J.R. Smith,,,,missed,,3pt,40,32
Al Horford,Jamal Crawford,Jeff Teague,Josh Smith,Maurice Evans,Anthony Carter,Carmelo Anthony,Chris Andersen,J.R. Smith,Nene Hilario,4,2:31,ATL,rebound,,,,,,,,,,Josh Smith,,,,,,def,,
Al Horford,Jamal Crawford,Jeff Teague,Josh Smith,Maurice Evans,Anthony Carter,Carmelo Anthony,Chris Andersen,J.R. Smith,Nene Hilario,4,2:27,DEN,foul,,,,,,,,Josh Smith,,Nene Hilario,,,,,,shooting,,
Al Horford,Jamal Crawford,Jeff Teague,Josh Smith,Maurice Evans,Anthony Carter,Carmelo Anthony,Chris Andersen,J.R. Smith,Nene Hilario,4,2:27,DEN,timeout,,,,,,,,,,,,,,,,regular,,
Jamal Crawford,Jeff Teague,Josh Smith,Maurice Evans,Randolph Morris,Anthony Carter,Carmelo Anthony,Chris Andersen,J.R. Smith,Nene Hilario,4,2:27,ATL,sub,,,,Randolph Morris,,Al Horford,,,,,,,,,,,,
Jamal Crawford,Jeff Teague,Josh Smith,Maurice Evans,Randolph Morris,Anthony Carter,Chris Andersen,J.R. Smith,Malik Allen,Nene Hilario,4,2:27,DEN,sub,,,,Malik Allen,,Carmelo Anthony,,,,,,,,,,,,
Jamal Crawford,Jeff Teague,Josh Smith,Maurice Evans,Randolph Morris,Anthony Carter,Chris Andersen,J.R. Smith,Malik Allen,Ty Lawson,4,2:27,DEN,sub,,,,Ty Lawson,,Nene Hilario,,,,,,,,,,,,
Jamal Crawford,Jeff Teague,Josh Smith,Maurice Evans,Randolph Morris,Anthony Carter,J.R. Smith,Joey Graham,Malik Allen,Ty Lawson,4,2:27,DEN,sub,,,,Joey Graham,,Chris Andersen,,,,,,,,,,,,
Jamal Crawford,Jeff Teague,Josh Smith,Maurice Evans,Randolph Morris,J.R. Smith,Joey Graham,Johan Petro,Malik Allen,Ty Lawson,4,2:27,DEN,sub,,,,Johan Petro,,Anthony Carter,,,,,,,,,,,,
Jamal Crawford,Jeff Teague,Josh Smith,Maurice Evans,Randolph Morris,J.R. Smith,Joey Graham,Johan Petro,Malik Allen,Ty Lawson,4,2:27,ATL,free throw,,,,,,,1,,2,Josh Smith,,,foul,made,,,,
Jamal Crawford,Jeff Teague,Josh Smith,Maurice Evans,Randolph Morris,J.R. Smith,Joey Graham,Johan Petro,Malik Allen,Ty Lawson,4,2:27,ATL,free throw,,,,,,,2,,2,Josh Smith,,,foul,missed,,,,
Jamal Crawford,Jeff Teague,Josh Smith,Maurice Evans,Randolph Morris,J.R. Smith,Joey Graham,Johan Petro,Malik Allen,Ty Lawson,4,2:26,DEN,rebound,,,,,,,,,,Joey Graham,,,,,,def,,
Jamal Crawford,Jeff Teague,Josh Smith,Maurice Evans,Randolph Morris,J.R. Smith,Joey Graham,Johan Petro,Malik Allen,Ty Lawson,4,2:07,DEN,shot,,,,,,,,,,J.R. Smith,,,,missed,,3pt,8,28
Jamal Crawford,Jeff Teague,Josh Smith,Maurice Evans,Randolph Morris,J.R. Smith,Joey Graham,Johan Petro,Malik Allen,Ty Lawson,4,2:06,ATL,rebound,,,,,,,,,,Josh Smith,,,,,,def,,
Jamal Crawford,Jeff Teague,Josh Smith,Maurice Evans,Randolph Morris,J.R. Smith,Joey Graham,Johan Petro,Malik Allen,Ty Lawson,4,1:59,ATL,shot,,,,,,,,,,Jamal Crawford,,,,missed,,3pt,10,25
Jamal Crawford,Jeff Teague,Josh Smith,Maurice Evans,Randolph Morris,J.R. Smith,Joey Graham,Johan Petro,Malik Allen,Ty Lawson,4,1:59,ATL,rebound,,,,,,,,,,Maurice Evans,,,,,,off,,
Jamal Crawford,Jeff Teague,Josh Smith,Maurice Evans,Randolph Morris,J.R. Smith,Joey Graham,Johan Petro,Malik Allen,Ty Lawson,4,1:55,ATL,shot,,,,,,,,,,Josh Smith,2,,,made,,driving layup,25,6
Jamal Crawford,Jeff Teague,Josh Smith,Maurice Evans,Randolph Morris,J.R. Smith,Joey Graham,Johan Petro,Malik Allen,Ty Lawson,4,1:41,DEN,shot,,,,,,,,,,J.R. Smith,,,,missed,,3pt,6,22
Jamal Crawford,Jeff Teague,Josh Smith,Maurice Evans,Randolph Morris,J.R. Smith,Joey Graham,Johan Petro,Malik Allen,Ty Lawson,4,1:41,ATL,rebound,,,,,,,,,,,,,,,,,,
Jamal Crawford,Jeff Teague,Maurice Evans,Othello Hunter,Randolph Morris,J.R. Smith,Joey Graham,Johan Petro,Malik Allen,Ty Lawson,4,1:41,ATL,sub,,,,Othello Hunter,,Josh Smith,,,,,,,,,,,,
Jamal Crawford,Jeff Teague,Maurice Evans,Othello Hunter,Randolph Morris,Arron Afflalo,Joey Graham,Johan Petro,Malik Allen,Ty Lawson,4,1:41,DEN,sub,,,,Arron Afflalo,,J.R. Smith,,,,,,,,,,,,
Jamal Crawford,Jeff Teague,Maurice Evans,Othello Hunter,Randolph Morris,Arron Afflalo,Joey Graham,Johan Petro,Malik Allen,Ty Lawson,4,1:26,ATL,shot,,,,,,,,,,Jeff Teague,2,,,made,,jump,37,22
Jamal Crawford,Jeff Teague,Maurice Evans,Othello Hunter,Randolph Morris,Arron Afflalo,Joey Graham,Johan Petro,Malik Allen,Ty Lawson,4,1:05,DEN,shot,,,,,,,,,,Arron Afflalo,,,,missed,,jump,6,10
Jamal Crawford,Jeff Teague,Maurice Evans,Othello Hunter,Randolph Morris,Arron Afflalo,Joey Graham,Johan Petro,Malik Allen,Ty Lawson,4,1:04,DEN,rebound,,,,,,,,,,Johan Petro,,,,,,off,,
Jamal Crawford,Jeff Teague,Maurice Evans,Othello Hunter,Randolph Morris,Arron Afflalo,Joey Graham,Johan Petro,Malik Allen,Ty Lawson,4,1:03,DEN,shot,,,,,,,,,,Johan Petro,2,,,made,,dunk,25,6
Jamal Crawford,Jeff Teague,Maurice Evans,Othello Hunter,Randolph Morris,Arron Afflalo,Joey Graham,Johan Petro,Malik Allen,Ty Lawson,4,0:52,ATL,shot,Jeff Teague,,,,,,,,,Randolph Morris,2,,,made,,jump,18,19
Jamal Crawford,Jeff Teague,Maurice Evans,Othello Hunter,Randolph Morris,Arron Afflalo,Joey Graham,Johan Petro,Malik Allen,Ty Lawson,4,0:31,DEN,shot,Ty Lawson,,,,,,,,,Malik Allen,2,,,made,,jump,29,26
Jamal Crawford,Jeff Teague,Maurice Evans,Othello Hunter,Randolph Morris,Arron Afflalo,Joey Graham,Johan Petro,Malik Allen,Ty Lawson,4,0:29,ATL,turnover,,,,,,,,,,Othello Hunter,,,bad pass,,Arron Afflalo,,,
Jamal Crawford,Jeff Teague,Maurice Evans,Othello Hunter,Randolph Morris,Arron Afflalo,Joey Graham,Johan Petro,Malik Allen,Ty Lawson,4,0:27,DEN,shot,,,Othello Hunter,,,,,,,Arron Afflalo,,,,missed,,fade away jumper,18,14
Jamal Crawford,Jeff Teague,Maurice Evans,Othello Hunter,Randolph Morris,Arron Afflalo,Joey Graham,Johan Petro,Malik Allen,Ty Lawson,4,0:26,DEN,rebound,,,,,,,,,,Ty Lawson,,,,,,off,,
Jamal Crawford,Jeff Teague,Maurice Evans,Othello Hunter,Randolph Morris,Arron Afflalo,Joey Graham,Johan Petro,Malik Allen,Ty Lawson,4,0:26,DEN,shot,,,,,,,,,,Ty Lawson,,,,missed,,tip,25,6
Jamal Crawford,Jeff Teague,Maurice Evans,Othello Hunter,Randolph Morris,Arron Afflalo,Joey Graham,Johan Petro,Malik Allen,Ty Lawson,4,0:24,DEN,rebound,,,,,,,,,,Ty Lawson,,,,,,off,,
Jamal Crawford,Jeff Teague,Maurice Evans,Othello Hunter,Randolph Morris,Arron Afflalo,Joey Graham,Johan Petro,Malik Allen,Ty Lawson,4,0:24,DEN,shot,,,,,,,,,,Ty Lawson,2,,,made,,layup,25,6
Jamal Crawford,Jeff Teague,Maurice Evans,Othello Hunter,Randolph Morris,Arron Afflalo,Joey Graham,Johan Petro,Malik Allen,Ty Lawson,4,0:14,ATL,shot,,,,,,,,,,Maurice Evans,,,,missed,,3pt,48,8
Jamal Crawford,Jeff Teague,Maurice Evans,Othello Hunter,Randolph Morris,Arron Afflalo,Joey Graham,Johan Petro,Malik Allen,Ty Lawson,4,0:14,DEN,rebound,,,,,,,,,,Johan Petro,,,,,,def,,
