a1,a2,a3,a4,a5,h1,h2,h3,h4,h5,period,time,team,etype,assist,away,block,entered,home,left,num,opponent,outof,player,points,possession,reason,result,steal,type,x,y
Al Thornton,Baron Davis,Chris Kaman,Marcus Camby,Rasual Butler,Brandon Rush,Dahntay Jones,Roy Hibbert,T.J. Ford,Troy Murphy,1,12:00,OFF,jump ball,,Marcus Camby,,,Roy Hibbert,,,,,,,Rasual Butler,,,,,,
Al Thornton,Baron Davis,Chris Kaman,Marcus Camby,Rasual Butler,Brandon Rush,Dahntay Jones,Roy Hibbert,T.J. Ford,Troy Murphy,1,11:43,LAC,shot,,,,,,,,,,Al Thornton,,,,missed,,layup,23,7
Al Thornton,Baron Davis,Chris Kaman,Marcus Camby,Rasual Butler,Brandon Rush,Dahntay Jones,Roy Hibbert,T.J. Ford,Troy Murphy,1,11:42,LAC,rebound,,,,,,,,,,Marcus Camby,,,,,,off,,
Al Thornton,Baron Davis,Chris Kaman,Marcus Camby,Rasual Butler,Brandon Rush,Dahntay Jones,Roy Hibbert,T.J. Ford,Troy Murphy,1,11:42,LAC,shot,,,,,,,,,,Marcus Camby,,,,missed,,tip,27,7
Al Thornton,Baron Davis,Chris Kaman,Marcus Camby,Rasual Butler,Brandon Rush,Dahntay Jones,Roy Hibbert,T.J. Ford,Troy Murphy,1,11:40,IND,rebound,,,,,,,,,,Troy Murphy,,,,,,def,,
Al Thornton,Baron Davis,Chris Kaman,Marcus Camby,Rasual Butler,Brandon Rush,Dahntay Jones,Roy Hibbert,T.J. Ford,Troy Murphy,1,11:32,IND,turnover,,,,,,,,,,Dahntay Jones,,,bad pass,,Marcus Camby,,,
Al Thornton,Baron Davis,Chris Kaman,Marcus Camby,Rasual Butler,Brandon Rush,Dahntay Jones,Roy Hibbert,T.J. Ford,Troy Murphy,1,11:22,LAC,shot,Al Thornton,,,,,,,,,Marcus Camby,2,,,made,,jump,24,12
Al Thornton,Baron Davis,Chris Kaman,Marcus Camby,Rasual Butler,Brandon Rush,Dahntay Jones,Roy Hibbert,T.J. Ford,Troy Murphy,1,11:05,IND,shot,,,,,,,,,,Troy Murphy,,,,missed,,jump,22,26
Al Thornton,Baron Davis,Chris Kaman,Marcus Camby,Rasual Butler,Brandon Rush,Dahntay Jones,Roy Hibbert,T.J. Ford,Troy Murphy,1,11:04,IND,rebound,,,,,,,,,,Brandon Rush,,,,,,off,,
Al Thornton,Baron Davis,Chris Kaman,Marcus Camby,Rasual Butler,Brandon Rush,Dahntay Jones,Roy Hibbert,T.J. Ford,Troy Murphy,1,10:51,IND,shot,,,,,,,,,,Brandon Rush,,,,missed,,driving layup,24,9
Al Thornton,Baron Davis,Chris Kaman,Marcus Camby,Rasual Butler,Brandon Rush,Dahntay Jones,Roy Hibbert,T.J. Ford,Troy Murphy,1,10:50,LAC,rebound,,,,,,,,,,Al Thornton,,,,,,def,,
Al Thornton,Baron Davis,Chris Kaman,Marcus Camby,Rasual Butler,Brandon Rush,Dahntay Jones,Roy Hibbert,T.J. Ford,Troy Murphy,1,10:39,LAC,shot,,,,,,,,,,Baron Davis,2,,,made,,turnaround fade away,10,11
Al Thornton,Baron Davis,Chris Kaman,Marcus Camby,Rasual Butler,Brandon Rush,Dahntay Jones,Roy Hibbert,T.J. Ford,Troy Murphy,1,10:32,LAC,foul,,,,,,,,T.J. Ford,,Baron Davis,,,,,,shooting,,
Al Thornton,Baron Davis,Chris Kaman,Marcus Camby,Rasual Butler,Brandon Rush,Dahntay Jones,Roy Hibbert,T.J. Ford,Troy Murphy,1,10:32,IND,free throw,,,,,,,1,,2,T.J. Ford,,,foul,made,,,,
Al Thornton,Baron Davis,Chris Kaman,Marcus Camby,Rasual Butler,Brandon Rush,Dahntay Jones,Roy Hibbert,T.J. Ford,Troy Murphy,1,10:32,IND,free throw,,,,,,,2,,2,T.J. Ford,,,foul,missed,,,,
Al Thornton,Baron Davis,Chris Kaman,Marcus Camby,Rasual Butler,Brandon Rush,Dahntay Jones,Roy Hibbert,T.J. Ford,Troy Murphy,1,10:32,LAC,rebound,,,,,,,,,,Chris Kaman,,,,,,def,,
Al Thornton,Baron Davis,Chris Kaman,Marcus Camby,Rasual Butler,Brandon Rush,Dahntay Jones,Roy Hibbert,T.J. Ford,Troy Murphy,1,10:25,LAC,shot,,,,,,,,,,Baron Davis,2,,,made,,driving layup,27,8
Al Thornton,Baron Davis,Chris Kaman,Marcus Camby,Rasual Butler,Brandon Rush,Dahntay Jones,Roy Hibbert,T.J. Ford,Troy Murphy,1,10:13,IND,shot,,,,,,,,,,Dahntay Jones,,,,missed,,jump,23,24
Al Thornton,Baron Davis,Chris Kaman,Marcus Camby,Rasual Butler,Brandon Rush,Dahntay Jones,Roy Hibbert,T.J. Ford,Troy Murphy,1,10:11,IND,rebound,,,,,,,,,,,,,,,,,,
Al Thornton,Baron Davis,Chris Kaman,Marcus Camby,Rasual Butler,Brandon Rush,Dahntay Jones,Roy Hibbert,T.J. Ford,Troy Murphy,1,10:06,IND,shot,T.J. Ford,,,,,,,,,Troy Murphy,2,,,made,,jump,8,7
Al Thornton,Baron Davis,Chris Kaman,Marcus Camby,Rasual Butler,Brandon Rush,Dahntay Jones,Roy Hibbert,T.J. Ford,Troy Murphy,1,9:37,LAC,shot,,,,,,,,,,Chris Kaman,,,,missed,,turnaround hook,15,9
Al Thornton,Baron Davis,Chris Kaman,Marcus Camby,Rasual Butler,Brandon Rush,Dahntay Jones,Roy Hibbert,T.J. Ford,Troy Murphy,1,9:36,IND,rebound,,,,,,,,,,Troy Murphy,,,,,,def,,
Al Thornton,Baron Davis,Chris Kaman,Marcus Camby,Rasual Butler,Brandon Rush,Dahntay Jones,Roy Hibbert,T.J. Ford,Troy Murphy,1,9:29,IND,shot,,,,,,,,,,Brandon Rush,,,,missed,,driving finger roll layup,22,8
Al Thornton,Baron Davis,Chris Kaman,Marcus Camby,Rasual Butler,Brandon Rush,Dahntay Jones,Roy Hibbert,T.J. Ford,Troy Murphy,1,9:28,LAC,rebound,,,,,,,,,,Rasual Butler,,,,,,def,,
Al Thornton,Baron Davis,Chris Kaman,Marcus Camby,Rasual Butler,Brandon Rush,Dahntay Jones,Roy Hibbert,T.J. Ford,Troy Murphy,1,9:24,LAC,turnover,,,,,,,,,,Rasual Butler,,,traveling,,,,,
Al Thornton,Baron Davis,Chris Kaman,Marcus Camby,Rasual Butler,Brandon Rush,Dahntay Jones,Roy Hibbert,T.J. Ford,Troy Murphy,1,9:05,IND,shot,,,,,,,,,,Roy Hibbert,,,,missed,,turnaround hook,18,7
Al Thornton,Baron Davis,Chris Kaman,Marcus Camby,Rasual Butler,Brandon Rush,Dahntay Jones,Roy Hibbert,T.J. Ford,Troy Murphy,1,9:04,LAC,rebound,,,,,,,,,,Marcus Camby,,,,,,def,,
Al Thornton,Baron Davis,Chris Kaman,Marcus Camby,Rasual Butler,Brandon Rush,Dahntay Jones,Roy Hibbert,T.J. Ford,Troy Murphy,1,8:54,LAC,shot,,,,,,,,,,Marcus Camby,,,,missed,,jump,23,25
Al Thornton,Baron Davis,Chris Kaman,Marcus Camby,Rasual Butler,Brandon Rush,Dahntay Jones,Roy Hibbert,T.J. Ford,Troy Murphy,1,8:53,IND,rebound,,,,,,,,,,Troy Murphy,,,,,,def,,
Al Thornton,Baron Davis,Chris Kaman,Marcus Camby,Rasual Butler,Brandon Rush,Dahntay Jones,Roy Hibbert,T.J. Ford,Troy Murphy,1,8:40,IND,shot,,,,,,,,,,T.J. Ford,,,,missed,,jump,10,7
Al Thornton,Baron Davis,Chris Kaman,Marcus Camby,Rasual Butler,Brandon Rush,Dahntay Jones,Roy Hibbert,T.J. Ford,Troy Murphy,1,8:39,LAC,rebound,,,,,,,,,,Rasual Butler,,,,,,def,,
Al Thornton,Baron Davis,Chris Kaman,Marcus Camby,Rasual Butler,Brandon Rush,Dahntay Jones,Roy Hibbert,T.J. Ford,Troy Murphy,1,8:31,LAC,shot,,,,,,,,,,Baron Davis,,,,missed,,jump,28,26
Al Thornton,Baron Davis,Chris Kaman,Marcus Camby,Rasual Butler,Brandon Rush,Dahntay Jones,Roy Hibbert,T.J. Ford,Troy Murphy,1,8:30,IND,rebound,,,,,,,,,,Brandon Rush,,,,,,def,,
Al Thornton,Baron Davis,Chris Kaman,Marcus Camby,Rasual Butler,Brandon Rush,Dahntay Jones,Roy Hibbert,T.J. Ford,Troy Murphy,1,8:14,IND,turnover,,,,,,,,,,T.J. Ford,,,bad pass,,,,,
Al Thornton,Baron Davis,Chris Kaman,Marcus Camby,Rasual Butler,Brandon Rush,Dahntay Jones,Roy Hibbert,T.J. Ford,Troy Murphy,1,7:54,LAC,turnover,,,,,,,,,,Rasual Butler,,,bad pass,,Troy Murphy,,,
Al Thornton,Baron Davis,Chris Kaman,Marcus Camby,Rasual Butler,Brandon Rush,Dahntay Jones,Roy Hibbert,T.J. Ford,Troy Murphy,1,7:43,IND,shot,,,,,,,,,,T.J. Ford,2,,,made,,jump,8,14
Al Thornton,Baron Davis,Chris Kaman,Marcus Camby,Rasual Butler,Brandon Rush,Dahntay Jones,Roy Hibbert,T.J. Ford,Troy Murphy,1,7:24,LAC,shot,,,,,,,,,,Baron Davis,2,,,made,,driving layup,28,6
Al Thornton,Baron Davis,Chris Kaman,Marcus Camby,Rasual Butler,Brandon Rush,Dahntay Jones,Roy Hibbert,T.J. Ford,Troy Murphy,1,7:12,IND,shot,,,,,,,,,,Troy Murphy,,,,missed,,3pt,26,32
Al Thornton,Baron Davis,Chris Kaman,Marcus Camby,Rasual Butler,Brandon Rush,Dahntay Jones,Roy Hibbert,T.J. Ford,Troy Murphy,1,7:11,LAC,rebound,,,,,,,,,,Chris Kaman,,,,,,def,,
Al Thornton,Baron Davis,Chris Kaman,Marcus Camby,Rasual Butler,Brandon Rush,Dahntay Jones,Roy Hibbert,T.J. Ford,Troy Murphy,1,7:02,LAC,shot,,,,,,,,,,Chris Kaman,2,,,made,,jump bank,27,9
Al Thornton,Baron Davis,Chris Kaman,Marcus Camby,Rasual Butler,Brandon Rush,Dahntay Jones,Roy Hibbert,T.J. Ford,Troy Murphy,1,6:53,LAC,foul,,,,,,,,Troy Murphy,,Baron Davis,,,,,,shooting,,
Al Thornton,Chris Kaman,Marcus Camby,Rasual Butler,Sebastian Telfair,Brandon Rush,Dahntay Jones,Roy Hibbert,T.J. Ford,Troy Murphy,1,6:53,LAC,sub,,,,Sebastian Telfair,,Baron Davis,,,,,,,,,,,,
Al Thornton,Chris Kaman,Marcus Camby,Rasual Butler,Sebastian Telfair,Brandon Rush,Dahntay Jones,Jeff Foster,T.J. Ford,Troy Murphy,1,6:53,IND,sub,,,,Jeff Foster,,Roy Hibbert,,,,,,,,,,,,
Al Thornton,Chris Kaman,Marcus Camby,Rasual Butler,Sebastian Telfair,Brandon Rush,Dahntay Jones,Jeff Foster,T.J. Ford,Troy Murphy,1,6:53,IND,free throw,,,,,,,1,,2,Troy Murphy,,,foul,made,,,,
Al Thornton,Chris Kaman,Marcus Camby,Rasual Butler,Sebastian Telfair,Brandon Rush,Dahntay Jones,Jeff Foster,T.J. Ford,Troy Murphy,1,6:53,IND,free throw,,,,,,,2,,2,Troy Murphy,,,foul,made,,,,
Al Thornton,Chris Kaman,Marcus Camby,Rasual Butler,Sebastian Telfair,Brandon Rush,Dahntay Jones,Jeff Foster,T.J. Ford,Troy Murphy,1,6:40,IND,foul,,,,,,,,Al Thornton,,Dahntay Jones,,,,,,personal,,
Al Thornton,Chris Kaman,Marcus Camby,Rasual Butler,Sebastian Telfair,Brandon Rush,Dahntay Jones,Jeff Foster,T.J. Ford,Troy Murphy,1,6:37,LAC,shot,,,,,,,,,,Chris Kaman,,,,missed,,layup,27,7
Al Thornton,Chris Kaman,Marcus Camby,Rasual Butler,Sebastian Telfair,Brandon Rush,Dahntay Jones,Jeff Foster,T.J. Ford,Troy Murphy,1,6:36,LAC,rebound,,,,,,,,,,Chris Kaman,,,,,,off,,
Al Thornton,Chris Kaman,Marcus Camby,Rasual Butler,Sebastian Telfair,Brandon Rush,Dahntay Jones,Jeff Foster,T.J. Ford,Troy Murphy,1,6:36,LAC,shot,,,,,,,,,,Chris Kaman,,,,missed,,tip,26,7
Al Thornton,Chris Kaman,Marcus Camby,Rasual Butler,Sebastian Telfair,Brandon Rush,Dahntay Jones,Jeff Foster,T.J. Ford,Troy Murphy,1,6:35,IND,rebound,,,,,,,,,,T.J. Ford,,,,,,def,,
Al Thornton,Chris Kaman,Marcus Camby,Rasual Butler,Sebastian Telfair,Brandon Rush,Dahntay Jones,Jeff Foster,T.J. Ford,Troy Murphy,1,6:20,IND,shot,,,,,,,,,,Dahntay Jones,,,,missed,,jump,19,23
Al Thornton,Chris Kaman,Marcus Camby,Rasual Butler,Sebastian Telfair,Brandon Rush,Dahntay Jones,Jeff Foster,T.J. Ford,Troy Murphy,1,6:19,LAC,rebound,,,,,,,,,,Rasual Butler,,,,,,def,,
Al Thornton,Chris Kaman,Marcus Camby,Rasual Butler,Sebastian Telfair,Brandon Rush,Dahntay Jones,Jeff Foster,T.J. Ford,Troy Murphy,1,6:11,IND,foul,,,,,,,,Al Thornton,,Dahntay Jones,,,,,,personal,,
Al Thornton,Chris Kaman,Marcus Camby,Rasual Butler,Sebastian Telfair,Brandon Rush,Dahntay Jones,Jeff Foster,T.J. Ford,Troy Murphy,1,6:06,IND,foul,,,,,,,,Chris Kaman,,Troy Murphy,,,,,,personal,,
Al Thornton,Chris Kaman,Marcus Camby,Rasual Butler,Sebastian Telfair,Brandon Rush,Dahntay Jones,Jeff Foster,T.J. Ford,Troy Murphy,1,6:05,LAC,turnover,,,,,,,,,,Chris Kaman,,,bad pass,,,,,
Al Thornton,Chris Kaman,Marcus Camby,Rasual Butler,Sebastian Telfair,Brandon Rush,Dahntay Jones,Jeff Foster,T.J. Ford,Troy Murphy,1,5:45,IND,turnover,,,,,,,,,,Dahntay Jones,,,bad pass,,Al Thornton,,,
Al Thornton,Chris Kaman,Marcus Camby,Rasual Butler,Sebastian Telfair,Brandon Rush,Dahntay Jones,Jeff Foster,T.J. Ford,Troy Murphy,1,5:23,LAC,shot,,,,,,,,,,Al Thornton,,,,missed,,jump,17,25
Al Thornton,Chris Kaman,Marcus Camby,Rasual Butler,Sebastian Telfair,Brandon Rush,Dahntay Jones,Jeff Foster,T.J. Ford,Troy Murphy,1,5:22,IND,rebound,,,,,,,,,,Brandon Rush,,,,,,def,,
Al Thornton,Chris Kaman,Marcus Camby,Rasual Butler,Sebastian Telfair,Brandon Rush,Dahntay Jones,Jeff Foster,T.J. Ford,Troy Murphy,1,5:14,IND,shot,,,Al Thornton,,,,,,,Dahntay Jones,,,,missed,,jump,22,11
Al Thornton,Chris Kaman,Marcus Camby,Rasual Butler,Sebastian Telfair,Brandon Rush,Dahntay Jones,Jeff Foster,T.J. Ford,Troy Murphy,1,5:13,LAC,rebound,,,,,,,,,,Al Thornton,,,,,,def,,
Al Thornton,Chris Kaman,Marcus Camby,Rasual Butler,Sebastian Telfair,Brandon Rush,Dahntay Jones,Jeff Foster,T.J. Ford,Troy Murphy,1,5:08,LAC,shot,,,,,,,,,,Al Thornton,,,,missed,,jump,26,18
Al Thornton,Chris Kaman,Marcus Camby,Rasual Butler,Sebastian Telfair,Brandon Rush,Dahntay Jones,Jeff Foster,T.J. Ford,Troy Murphy,1,5:07,IND,rebound,,,,,,,,,,Brandon Rush,,,,,,def,,
Al Thornton,Chris Kaman,Marcus Camby,Rasual Butler,Sebastian Telfair,Brandon Rush,Dahntay Jones,Jeff Foster,T.J. Ford,Troy Murphy,1,4:59,IND,shot,,,,,,,,,,Troy Murphy,,,,missed,,3pt,32,31
Al Thornton,Chris Kaman,Marcus Camby,Rasual Butler,Sebastian Telfair,Brandon Rush,Dahntay Jones,Jeff Foster,T.J. Ford,Troy Murphy,1,4:58,LAC,rebound,,,,,,,,,,Sebastian Telfair,,,,,,def,,
Al Thornton,Chris Kaman,Marcus Camby,Rasual Butler,Sebastian Telfair,Brandon Rush,Dahntay Jones,Jeff Foster,T.J. Ford,Troy Murphy,1,4:52,LAC,shot,,,,,,,,,,Sebastian Telfair,2,,,made,,driving layup,26,8
Al Thornton,Chris Kaman,Marcus Camby,Rasual Butler,Sebastian Telfair,Brandon Rush,Dahntay Jones,Jeff Foster,T.J. Ford,Troy Murphy,1,4:42,IND,timeout,,,,,,,,,,,,,,,,regular,,
Al Thornton,Chris Kaman,Marcus Camby,Rasual Butler,Sebastian Telfair,Brandon Rush,Jeff Foster,T.J. Ford,Troy Murphy,Tyler Hansbrough,1,4:42,IND,sub,,,,Tyler Hansbrough,,Dahntay Jones,,,,,,,,,,,,
Al Thornton,Chris Kaman,Marcus Camby,Rasual Butler,Sebastian Telfair,Brandon Rush,Jeff Foster,Luther Head,T.J. Ford,Tyler Hansbrough,1,4:42,IND,sub,,,,Luther Head,,Troy Murphy,,,,,,,,,,,,
Al Thornton,Chris Kaman,Marcus Camby,Rasual Butler,Sebastian Telfair,Brandon Rush,Earl Watson,Jeff Foster,Luther Head,Tyler Hansbrough,1,4:42,IND,sub,,,,Earl Watson,,T.J. Ford,,,,,,,,,,,,
Al Thornton,Chris Kaman,Eric Gordon,Marcus Camby,Sebastian Telfair,Brandon Rush,Earl Watson,Jeff Foster,Luther Head,Tyler Hansbrough,1,4:42,LAC,sub,,,,Eric Gordon,,Rasual Butler,,,,,,,,,,,,
Al Thornton,Chris Kaman,Eric Gordon,Marcus Camby,Sebastian Telfair,Brandon Rush,Earl Watson,Jeff Foster,Luther Head,Tyler Hansbrough,1,4:35,IND,shot,,,,,,,,,,Luther Head,,,,missed,,3pt,49,6
Al Thornton,Chris Kaman,Eric Gordon,Marcus Camby,Sebastian Telfair,Brandon Rush,Earl Watson,Jeff Foster,Luther Head,Tyler Hansbrough,1,4:33,LAC,rebound,,,,,,,,,,Marcus Camby,,,,,,def,,
Al Thornton,Chris Kaman,Eric Gordon,Marcus Camby,Sebastian Telfair,Brandon Rush,Earl Watson,Jeff Foster,Luther Head,Tyler Hansbrough,1,4:08,LAC,shot,,,,,,,,,,Al Thornton,,,,missed,,turnaround fade away,26,21
Al Thornton,Chris Kaman,Eric Gordon,Marcus Camby,Sebastian Telfair,Brandon Rush,Earl Watson,Jeff Foster,Luther Head,Tyler Hansbrough,1,4:07,IND,rebound,,,,,,,,,,Tyler Hansbrough,,,,,,def,,
Al Thornton,Chris Kaman,Eric Gordon,Marcus Camby,Sebastian Telfair,Brandon Rush,Earl Watson,Jeff Foster,Luther Head,Tyler Hansbrough,1,3:43,IND,shot,,,,,,,,,,Luther Head,,,,missed,,running jump,16,9
Al Thornton,Chris Kaman,Eric Gordon,Marcus Camby,Sebastian Telfair,Brandon Rush,Earl Watson,Jeff Foster,Luther Head,Tyler Hansbrough,1,3:42,IND,rebound,,,,,,,,,,Tyler Hansbrough,,,,,,off,,
Al Thornton,Chris Kaman,Eric Gordon,Marcus Camby,Sebastian Telfair,Brandon Rush,Earl Watson,Jeff Foster,Luther Head,Tyler Hansbrough,1,3:41,IND,shot,,,,,,,,,,Tyler Hansbrough,,,,missed,,tip,27,6
Al Thornton,Chris Kaman,Eric Gordon,Marcus Camby,Sebastian Telfair,Brandon Rush,Earl Watson,Jeff Foster,Luther Head,Tyler Hansbrough,1,3:40,LAC,rebound,,,,,,,,,,Chris Kaman,,,,,,def,,
Al Thornton,Chris Kaman,Eric Gordon,Marcus Camby,Sebastian Telfair,Brandon Rush,Earl Watson,Jeff Foster,Luther Head,Tyler Hansbrough,1,3:33,IND,foul,,,,,,,,Sebastian Telfair,,Jeff Foster,,,,,,personal,,
Al Thornton,Chris Kaman,Eric Gordon,Marcus Camby,Sebastian Telfair,Brandon Rush,Earl Watson,Jeff Foster,Luther Head,Tyler Hansbrough,1,3:21,LAC,shot,,,,,,,,,,Chris Kaman,,,,missed,,layup,26,8
Al Thornton,Chris Kaman,Eric Gordon,Marcus Camby,Sebastian Telfair,Brandon Rush,Earl Watson,Jeff Foster,Luther Head,Tyler Hansbrough,1,3:20,IND,rebound,,,,,,,,,,Jeff Foster,,,,,,def,,
Al Thornton,Chris Kaman,Eric Gordon,Marcus Camby,Sebastian Telfair,Brandon Rush,Earl Watson,Jeff Foster,Luther Head,Tyler Hansbrough,1,3:06,IND,shot,,,,,,,,,,Tyler Hansbrough,,,,missed,,jump,43,9
Al Thornton,Chris Kaman,Eric Gordon,Marcus Camby,Sebastian Telfair,Brandon Rush,Earl Watson,Jeff Foster,Luther Head,Tyler Hansbrough,1,3:05,LAC,rebound,,,,,,,,,,Eric Gordon,,,,,,def,,
Al Thornton,Chris Kaman,Eric Gordon,Marcus Camby,Sebastian Telfair,Brandon Rush,Earl Watson,Jeff Foster,Luther Head,Tyler Hansbrough,1,2:56,LAC,shot,,,,,,,,,,Eric Gordon,2,,,made,,driving finger roll layup,26,9
Al Thornton,Chris Kaman,Eric Gordon,Marcus Camby,Sebastian Telfair,Brandon Rush,Earl Watson,Jeff Foster,Luther Head,Tyler Hansbrough,1,2:29,IND,shot,,,,,,,,,,Luther Head,,,,missed,,jump,17,26
Al Thornton,Chris Kaman,Eric Gordon,Marcus Camby,Sebastian Telfair,Brandon Rush,Earl Watson,Jeff Foster,Luther Head,Tyler Hansbrough,1,2:27,LAC,rebound,,,,,,,,,,Marcus Camby,,,,,,def,,
Al Thornton,Chris Kaman,Eric Gordon,Marcus Camby,Sebastian Telfair,Brandon Rush,Earl Watson,Jeff Foster,Luther Head,Tyler Hansbrough,1,2:17,LAC,shot,,,,,,,,,,Chris Kaman,,,,missed,,jump,44,11
Al Thornton,Chris Kaman,Eric Gordon,Marcus Camby,Sebastian Telfair,Brandon Rush,Earl Watson,Jeff Foster,Luther Head,Tyler Hansbrough,1,2:16,IND,rebound,,,,,,,,,,Jeff Foster,,,,,,def,,
Al Thornton,Chris Kaman,Eric Gordon,Marcus Camby,Sebastian Telfair,Brandon Rush,Earl Watson,Jeff Foster,Luther Head,Tyler Hansbrough,1,2:09,IND,shot,Earl Watson,,,,,,,,,Brandon Rush,3,,,made,,3pt,3,17
Al Thornton,Chris Kaman,Eric Gordon,Marcus Camby,Sebastian Telfair,Brandon Rush,Earl Watson,Jeff Foster,Luther Head,Tyler Hansbrough,1,1:48,LAC,shot,,,,,,,,,,Chris Kaman,2,,,made,,hook bank,20,7
Al Thornton,Chris Kaman,Eric Gordon,Marcus Camby,Sebastian Telfair,Brandon Rush,Earl Watson,Jeff Foster,Luther Head,Tyler Hansbrough,1,1:31,IND,shot,,,,,,,,,,Earl Watson,2,,,made,,jump,8,15
Al Thornton,Chris Kaman,Eric Gordon,Marcus Camby,Sebastian Telfair,Brandon Rush,Earl Watson,Jeff Foster,Luther Head,Tyler Hansbrough,1,1:14,LAC,shot,,,,,,,,,,Chris Kaman,,,,missed,,jump,16,19
Al Thornton,Chris Kaman,Eric Gordon,Marcus Camby,Sebastian Telfair,Brandon Rush,Earl Watson,Jeff Foster,Luther Head,Tyler Hansbrough,1,1:13,IND,rebound,,,,,,,,,,Earl Watson,,,,,,def,,
Al Thornton,Chris Kaman,Eric Gordon,Marcus Camby,Sebastian Telfair,Brandon Rush,Earl Watson,Jeff Foster,Luther Head,Tyler Hansbrough,1,0:59,IND,shot,,,,,,,,,,Tyler Hansbrough,,,,missed,,jump hook,26,12
Al Thornton,Chris Kaman,Eric Gordon,Marcus Camby,Sebastian Telfair,Brandon Rush,Earl Watson,Jeff Foster,Luther Head,Tyler Hansbrough,1,0:58,LAC,rebound,,,,,,,,,,Chris Kaman,,,,,,def,,
Al Thornton,Chris Kaman,Eric Gordon,Marcus Camby,Sebastian Telfair,Brandon Rush,Earl Watson,Jeff Foster,Luther Head,Tyler Hansbrough,1,0:51,IND,foul,,,,,,,,Sebastian Telfair,,Brandon Rush,,,,,,personal,,
Al Thornton,Chris Kaman,Eric Gordon,Marcus Camby,Sebastian Telfair,Brandon Rush,Earl Watson,Jeff Foster,Luther Head,Tyler Hansbrough,1,0:51,LAC,timeout,,,,,,,,,,,,,,,,regular,,
Al Thornton,Chris Kaman,Eric Gordon,Marcus Camby,Sebastian Telfair,Brandon Rush,Earl Watson,Luther Head,Roy Hibbert,Tyler Hansbrough,1,0:51,IND,sub,,,,Roy Hibbert,,Jeff Foster,,,,,,,,,,,,
Al Thornton,Craig Smith,Eric Gordon,Marcus Camby,Sebastian Telfair,Brandon Rush,Earl Watson,Luther Head,Roy Hibbert,Tyler Hansbrough,1,0:51,LAC,sub,,,,Craig Smith,,Chris Kaman,,,,,,,,,,,,
Craig Smith,Eric Gordon,Marcus Camby,Rasual Butler,Sebastian Telfair,Brandon Rush,Earl Watson,Luther Head,Roy Hibbert,Tyler Hansbrough,1,0:51,LAC,sub,,,,Rasual Butler,,Al Thornton,,,,,,,,,,,,
Craig Smith,Eric Gordon,Marcus Camby,Rasual Butler,Sebastian Telfair,Brandon Rush,Earl Watson,Luther Head,Roy Hibbert,Tyler Hansbrough,1,0:51,LAC,free throw,,,,,,,1,,2,Sebastian Telfair,,,foul,made,,,,
Craig Smith,Eric Gordon,Marcus Camby,Rasual Butler,Sebastian Telfair,Brandon Rush,Earl Watson,Luther Head,Roy Hibbert,Tyler Hansbrough,1,0:51,LAC,free throw,,,,,,,2,,2,Sebastian Telfair,,,foul,made,,,,
Craig Smith,Eric Gordon,Marcus Camby,Rasual Butler,Sebastian Telfair,Brandon Rush,Earl Watson,Luther Head,Roy Hibbert,Tyler Hansbrough,1,0:38,IND,shot,,,,,,,,,,Earl Watson,,,,missed,,floating jump,31,19
Craig Smith,Eric Gordon,Marcus Camby,Rasual Butler,Sebastian Telfair,Brandon Rush,Earl Watson,Luther Head,Roy Hibbert,Tyler Hansbrough,1,0:37,LAC,rebound,,,,,,,,,,Marcus Camby,,,,,,def,,
Craig Smith,Eric Gordon,Marcus Camby,Rasual Butler,Sebastian Telfair,Brandon Rush,Earl Watson,Luther Head,Roy Hibbert,Tyler Hansbrough,1,0:31,LAC,shot,,,,,,,,,,Rasual Butler,,,,missed,,3pt,2,10
Craig Smith,Eric Gordon,Marcus Camby,Rasual Butler,Sebastian Telfair,Brandon Rush,Earl Watson,Luther Head,Roy Hibbert,Tyler Hansbrough,1,0:30,LAC,rebound,,,,,,,,,,Marcus Camby,,,,,,off,,
Craig Smith,Eric Gordon,Marcus Camby,Rasual Butler,Sebastian Telfair,Brandon Rush,Earl Watson,Luther Head,Roy Hibbert,Tyler Hansbrough,1,0:30,IND,foul,,,,,,,,Marcus Camby,,Roy Hibbert,,,,,,loose ball,,
Craig Smith,Eric Gordon,Marcus Camby,Rasual Butler,Sebastian Telfair,Brandon Rush,Earl Watson,Luther Head,Roy Hibbert,Tyler Hansbrough,1,0:30,LAC,free throw,,,,,,,1,,2,Marcus Camby,,,foul,missed,,,,
Craig Smith,Eric Gordon,Marcus Camby,Rasual Butler,Sebastian Telfair,Brandon Rush,Earl Watson,Luther Head,Roy Hibbert,Tyler Hansbrough,1,0:30,LAC,rebound,,,,,,,,,,,,,,,,,,
Craig Smith,Eric Gordon,Marcus Camby,Rasual Butler,Sebastian Telfair,Brandon Rush,Earl Watson,Luther Head,Roy Hibbert,Troy Murphy,1,0:30,IND,sub,,,,Troy Murphy,,Tyler Hansbrough,,,,,,,,,,,,
Craig Smith,Eric Gordon,Marcus Camby,Rasual Butler,Sebastian Telfair,Brandon Rush,Earl Watson,Luther Head,Roy Hibbert,Troy Murphy,1,0:30,LAC,free throw,,,,,,,2,,2,Marcus Camby,,,foul,made,,,,
Craig Smith,Eric Gordon,Marcus Camby,Rasual Butler,Sebastian Telfair,Brandon Rush,Earl Watson,Luther Head,Roy Hibbert,Troy Murphy,1,0:10,IND,shot,,,,,,,,,,Brandon Rush,,,,missed,,3pt,49,8
Craig Smith,Eric Gordon,Marcus Camby,Rasual Butler,Sebastian Telfair,Brandon Rush,Earl Watson,Luther Head,Roy Hibbert,Troy Murphy,1,0:09,LAC,rebound,,,,,,,,,,Marcus Camby,,,,,,def,,
Craig Smith,Eric Gordon,Marcus Camby,Rasual Butler,Sebastian Telfair,Brandon Rush,Earl Watson,Luther Head,Roy Hibbert,Troy Murphy,1,0:02,LAC,shot,,,,,,,,,,Sebastian Telfair,,,,missed,,jump,9,21
Craig Smith,Eric Gordon,Marcus Camby,Rasual Butler,Sebastian Telfair,Brandon Rush,Earl Watson,Luther Head,Roy Hibbert,Troy Murphy,1,0:01,IND,rebound,,,,,,,,,,Brandon Rush,,,,,,def,,
Craig Smith,Eric Gordon,Marcus Camby,Rasual Butler,Sebastian Telfair,Brandon Rush,Earl Watson,Luther Head,Roy Hibbert,Troy Murphy,1,0:00,IND,shot,,,,,,,,,,Brandon Rush,,,,missed,,3pt,25,46
Craig Smith,Eric Gordon,Marcus Camby,Rasual Butler,Sebastian Telfair,Brandon Rush,Earl Watson,Luther Head,Roy Hibbert,Troy Murphy,1,0:00,IND,rebound,,,,,,,,,,,,,,,,,,
Craig Smith,Eric Gordon,Marcus Camby,Rasual Butler,Sebastian Telfair,Dahntay Jones,Earl Watson,Luther Head,Roy Hibbert,Troy Murphy,2,11:42,IND,shot,,,,,,,,,,Roy Hibbert,,,,missed,,turnaround fade away,37,8
Craig Smith,Eric Gordon,Marcus Camby,Rasual Butler,Sebastian Telfair,Dahntay Jones,Earl Watson,Luther Head,Roy Hibbert,Troy Murphy,2,11:41,IND,rebound,,,,,,,,,,Troy Murphy,,,,,,off,,
Craig Smith,Eric Gordon,Marcus Camby,Rasual Butler,Sebastian Telfair,Dahntay Jones,Earl Watson,Luther Head,Roy Hibbert,Troy Murphy,2,11:41,IND,shot,,,,,,,,,,Troy Murphy,2,,,made,,tip,24,7
Craig Smith,Eric Gordon,Marcus Camby,Rasual Butler,Sebastian Telfair,Dahntay Jones,Earl Watson,Luther Head,Roy Hibbert,Troy Murphy,2,11:21,LAC,shot,,,,,,,,,,Sebastian Telfair,,,,missed,,floating jump,24,14
Craig Smith,Eric Gordon,Marcus Camby,Rasual Butler,Sebastian Telfair,Dahntay Jones,Earl Watson,Luther Head,Roy Hibbert,Troy Murphy,2,11:20,LAC,rebound,,,,,,,,,,Craig Smith,,,,,,off,,
Craig Smith,Eric Gordon,Marcus Camby,Rasual Butler,Sebastian Telfair,Dahntay Jones,Earl Watson,Luther Head,Roy Hibbert,Troy Murphy,2,11:19,LAC,shot,,,Roy Hibbert,,,,,,,Craig Smith,,,,missed,,layup,27,9
Craig Smith,Eric Gordon,Marcus Camby,Rasual Butler,Sebastian Telfair,Dahntay Jones,Earl Watson,Luther Head,Roy Hibbert,Troy Murphy,2,11:19,LAC,rebound,,,,,,,,,,,,,,,,,,
Craig Smith,Eric Gordon,Marcus Camby,Rasual Butler,Sebastian Telfair,Dahntay Jones,Earl Watson,Luther Head,Roy Hibbert,Troy Murphy,2,11:11,IND,foul,,,,,,,,Marcus Camby,,Troy Murphy,,,,,,personal,,
Craig Smith,Eric Gordon,Marcus Camby,Rasual Butler,Sebastian Telfair,Dahntay Jones,Earl Watson,Luther Head,Roy Hibbert,Troy Murphy,2,11:07,LAC,shot,,,,,,,,,,Eric Gordon,,,,missed,,3pt,7,23
Craig Smith,Eric Gordon,Marcus Camby,Rasual Butler,Sebastian Telfair,Dahntay Jones,Earl Watson,Luther Head,Roy Hibbert,Troy Murphy,2,11:06,IND,rebound,,,,,,,,,,Dahntay Jones,,,,,,def,,
Craig Smith,Eric Gordon,Marcus Camby,Rasual Butler,Sebastian Telfair,Dahntay Jones,Earl Watson,Luther Head,Roy Hibbert,Troy Murphy,2,10:58,IND,shot,,,,,,,,,,Luther Head,2,,,made,,pullup jump,9,8
Craig Smith,Eric Gordon,Marcus Camby,Rasual Butler,Sebastian Telfair,Dahntay Jones,Earl Watson,Luther Head,Roy Hibbert,Troy Murphy,2,10:41,LAC,shot,,,,,,,,,,Craig Smith,,,,missed,,layup,23,6
Craig Smith,Eric Gordon,Marcus Camby,Rasual Butler,Sebastian Telfair,Dahntay Jones,Earl Watson,Luther Head,Roy Hibbert,Troy Murphy,2,10:40,LAC,rebound,,,,,,,,,,Marcus Camby,,,,,,off,,
Craig Smith,Eric Gordon,Marcus Camby,Rasual Butler,Sebastian Telfair,Dahntay Jones,Earl Watson,Luther Head,Roy Hibbert,Troy Murphy,2,10:40,LAC,shot,,,,,,,,,,Marcus Camby,,,,missed,,tip,27,7
Craig Smith,Eric Gordon,Marcus Camby,Rasual Butler,Sebastian Telfair,Dahntay Jones,Earl Watson,Luther Head,Roy Hibbert,Troy Murphy,2,10:38,IND,rebound,,,,,,,,,,Dahntay Jones,,,,,,def,,
Craig Smith,Eric Gordon,Marcus Camby,Rasual Butler,Sebastian Telfair,Dahntay Jones,Earl Watson,Luther Head,Roy Hibbert,Troy Murphy,2,10:33,IND,shot,,,,,,,,,,Dahntay Jones,,,,missed,,layup,25,9
Craig Smith,Eric Gordon,Marcus Camby,Rasual Butler,Sebastian Telfair,Dahntay Jones,Earl Watson,Luther Head,Roy Hibbert,Troy Murphy,2,10:32,LAC,rebound,,,,,,,,,,Craig Smith,,,,,,def,,
Craig Smith,Eric Gordon,Marcus Camby,Rasual Butler,Sebastian Telfair,Dahntay Jones,Earl Watson,Luther Head,Roy Hibbert,Troy Murphy,2,10:16,LAC,shot,,,,,,,,,,Eric Gordon,2,,,made,,jump,43,12
Craig Smith,Eric Gordon,Marcus Camby,Rasual Butler,Sebastian Telfair,Dahntay Jones,Earl Watson,Luther Head,Roy Hibbert,Troy Murphy,2,10:02,IND,shot,,,,,,,,,,Luther Head,2,,,made,,jump,16,21
Craig Smith,Eric Gordon,Marcus Camby,Rasual Butler,Sebastian Telfair,Dahntay Jones,Earl Watson,Luther Head,Roy Hibbert,Troy Murphy,2,9:48,LAC,shot,,,,,,,,,,Rasual Butler,,,,missed,,jump,41,20
Craig Smith,Eric Gordon,Marcus Camby,Rasual Butler,Sebastian Telfair,Dahntay Jones,Earl Watson,Luther Head,Roy Hibbert,Troy Murphy,2,9:46,IND,rebound,,,,,,,,,,Troy Murphy,,,,,,def,,
Craig Smith,Eric Gordon,Marcus Camby,Rasual Butler,Sebastian Telfair,Dahntay Jones,Earl Watson,Luther Head,Roy Hibbert,Troy Murphy,2,9:33,IND,shot,,,,,,,,,,Troy Murphy,,,,missed,,jump,33,24
Craig Smith,Eric Gordon,Marcus Camby,Rasual Butler,Sebastian Telfair,Dahntay Jones,Earl Watson,Luther Head,Roy Hibbert,Troy Murphy,2,9:32,LAC,rebound,,,,,,,,,,Marcus Camby,,,,,,def,,
Craig Smith,Eric Gordon,Marcus Camby,Rasual Butler,Sebastian Telfair,Dahntay Jones,Earl Watson,Luther Head,Roy Hibbert,Troy Murphy,2,9:13,LAC,shot,Craig Smith,,,,,,,,,Marcus Camby,2,,,made,,jump,13,10
Craig Smith,Eric Gordon,Marcus Camby,Rasual Butler,Sebastian Telfair,Dahntay Jones,Earl Watson,Luther Head,Roy Hibbert,Troy Murphy,2,8:57,IND,shot,Roy Hibbert,,,,,,,,,Luther Head,2,,,made,,driving layup,24,7
Craig Smith,Eric Gordon,Marcus Camby,Rasual Butler,Sebastian Telfair,Dahntay Jones,Earl Watson,Luther Head,Roy Hibbert,Troy Murphy,2,8:38,LAC,shot,,,,,,,,,,Eric Gordon,,,,missed,,jump,45,9
Craig Smith,Eric Gordon,Marcus Camby,Rasual Butler,Sebastian Telfair,Dahntay Jones,Earl Watson,Luther Head,Roy Hibbert,Troy Murphy,2,8:37,IND,rebound,,,,,,,,,,Troy Murphy,,,,,,def,,
Craig Smith,Eric Gordon,Marcus Camby,Rasual Butler,Sebastian Telfair,Dahntay Jones,Earl Watson,Luther Head,Roy Hibbert,Troy Murphy,2,8:33,IND,shot,Dahntay Jones,,,,,,,,,Luther Head,2,,,made,,layup,24,8
Craig Smith,Eric Gordon,Marcus Camby,Rasual Butler,Sebastian Telfair,Dahntay Jones,Earl Watson,Luther Head,Roy Hibbert,Troy Murphy,2,8:27,LAC,timeout,,,,,,,,,,,,,,,,regular,,
Chris Kaman,Craig Smith,Eric Gordon,Marcus Camby,Rasual Butler,Dahntay Jones,Earl Watson,Luther Head,Roy Hibbert,Troy Murphy,2,8:27,LAC,sub,,,,Chris Kaman,,Sebastian Telfair,,,,,,,,,,,,
Baron Davis,Chris Kaman,Craig Smith,Eric Gordon,Rasual Butler,Dahntay Jones,Earl Watson,Luther Head,Roy Hibbert,Troy Murphy,2,8:27,LAC,sub,,,,Baron Davis,,Marcus Camby,,,,,,,,,,,,
Baron Davis,Chris Kaman,Craig Smith,Eric Gordon,Rasual Butler,Dahntay Jones,Earl Watson,Luther Head,Roy Hibbert,Troy Murphy,2,8:12,LAC,shot,,,,,,,,,,Chris Kaman,,,,missed,,jump hook,29,7
Baron Davis,Chris Kaman,Craig Smith,Eric Gordon,Rasual Butler,Dahntay Jones,Earl Watson,Luther Head,Roy Hibbert,Troy Murphy,2,8:12,IND,rebound,,,,,,,,,,Troy Murphy,,,,,,def,,
Baron Davis,Chris Kaman,Craig Smith,Eric Gordon,Rasual Butler,Dahntay Jones,Earl Watson,Luther Head,Roy Hibbert,Troy Murphy,2,8:01,IND,shot,,,,,,,,,,Roy Hibbert,,,,missed,,fade away jumper,39,6
Baron Davis,Chris Kaman,Craig Smith,Eric Gordon,Rasual Butler,Dahntay Jones,Earl Watson,Luther Head,Roy Hibbert,Troy Murphy,2,8:00,LAC,rebound,,,,,,,,,,Rasual Butler,,,,,,def,,
Baron Davis,Chris Kaman,Craig Smith,Eric Gordon,Rasual Butler,Dahntay Jones,Earl Watson,Luther Head,Roy Hibbert,Troy Murphy,2,7:48,IND,violation,,,,,,,,,,Luther Head,,,,,,kicked ball,,
Baron Davis,Chris Kaman,Craig Smith,Eric Gordon,Rasual Butler,Dahntay Jones,Earl Watson,Luther Head,Roy Hibbert,Troy Murphy,2,7:36,LAC,shot,,,,,,,,,,Baron Davis,,,,missed,,fade away jumper,20,18
Baron Davis,Chris Kaman,Craig Smith,Eric Gordon,Rasual Butler,Dahntay Jones,Earl Watson,Luther Head,Roy Hibbert,Troy Murphy,2,7:35,IND,rebound,,,,,,,,,,Roy Hibbert,,,,,,def,,
Baron Davis,Chris Kaman,Craig Smith,Eric Gordon,Rasual Butler,Dahntay Jones,Earl Watson,Luther Head,Roy Hibbert,Troy Murphy,2,7:22,IND,shot,,,,,,,,,,Dahntay Jones,,,,missed,,3pt,4,19
Baron Davis,Chris Kaman,Craig Smith,Eric Gordon,Rasual Butler,Dahntay Jones,Earl Watson,Luther Head,Roy Hibbert,Troy Murphy,2,7:21,LAC,rebound,,,,,,,,,,Chris Kaman,,,,,,def,,
Baron Davis,Chris Kaman,Craig Smith,Eric Gordon,Rasual Butler,Dahntay Jones,Earl Watson,Luther Head,Roy Hibbert,Troy Murphy,2,7:15,LAC,shot,,,,,,,,,,Eric Gordon,,,,missed,,layup,24,8
Baron Davis,Chris Kaman,Craig Smith,Eric Gordon,Rasual Butler,Dahntay Jones,Earl Watson,Luther Head,Roy Hibbert,Troy Murphy,2,7:14,LAC,rebound,,,,,,,,,,Craig Smith,,,,,,off,,
Baron Davis,Chris Kaman,Craig Smith,Eric Gordon,Rasual Butler,Dahntay Jones,Earl Watson,Luther Head,Roy Hibbert,Troy Murphy,2,7:14,LAC,shot,,,,,,,,,,Craig Smith,2,,,made,,layup,25,7
Baron Davis,Chris Kaman,Craig Smith,Eric Gordon,Rasual Butler,Dahntay Jones,Earl Watson,Luther Head,Roy Hibbert,Troy Murphy,2,7:06,IND,shot,,,,,,,,,,Troy Murphy,,,,missed,,3pt,40,28
Baron Davis,Chris Kaman,Craig Smith,Eric Gordon,Rasual Butler,Dahntay Jones,Earl Watson,Luther Head,Roy Hibbert,Troy Murphy,2,7:03,LAC,rebound,,,,,,,,,,Rasual Butler,,,,,,def,,
Baron Davis,Chris Kaman,Craig Smith,Eric Gordon,Rasual Butler,Dahntay Jones,Earl Watson,Luther Head,Roy Hibbert,Troy Murphy,2,6:53,LAC,shot,,,,,,,,,,Baron Davis,2,,,made,,driving layup,24,8
Baron Davis,Chris Kaman,Craig Smith,Eric Gordon,Rasual Butler,Dahntay Jones,Earl Watson,Luther Head,Roy Hibbert,Troy Murphy,2,6:46,IND,timeout,,,,,,,,,,,,,,,,regular,,
Baron Davis,Chris Kaman,Craig Smith,Eric Gordon,Rasual Butler,Dahntay Jones,Earl Watson,Luther Head,Roy Hibbert,T.J. Ford,2,6:46,IND,sub,,,,T.J. Ford,,Troy Murphy,,,,,,,,,,,,
Baron Davis,Chris Kaman,Craig Smith,Eric Gordon,Rasual Butler,Dahntay Jones,Earl Watson,Jeff Foster,Luther Head,T.J. Ford,2,6:46,IND,sub,,,,Jeff Foster,,Roy Hibbert,,,,,,,,,,,,
Baron Davis,Chris Kaman,Craig Smith,Eric Gordon,Rasual Butler,Brandon Rush,Dahntay Jones,Earl Watson,Jeff Foster,T.J. Ford,2,6:46,IND,sub,,,,Brandon Rush,,Luther Head,,,,,,,,,,,,
Baron Davis,Chris Kaman,Craig Smith,Eric Gordon,Rasual Butler,Brandon Rush,Dahntay Jones,Jeff Foster,T.J. Ford,Tyler Hansbrough,2,6:46,IND,sub,,,,Tyler Hansbrough,,Earl Watson,,,,,,,,,,,,
Al Thornton,Baron Davis,Chris Kaman,Craig Smith,Rasual Butler,Brandon Rush,Dahntay Jones,Jeff Foster,T.J. Ford,Tyler Hansbrough,2,6:46,LAC,sub,,,,Al Thornton,,Eric Gordon,,,,,,,,,,,,
Al Thornton,Baron Davis,Chris Kaman,Craig Smith,Rasual Butler,Brandon Rush,Dahntay Jones,Jeff Foster,T.J. Ford,Tyler Hansbrough,2,6:34,IND,shot,,,Baron Davis,,,,,,,Tyler Hansbrough,,,,missed,,jump,25,17
Al Thornton,Baron Davis,Chris Kaman,Craig Smith,Rasual Butler,Brandon Rush,Dahntay Jones,Jeff Foster,T.J. Ford,Tyler Hansbrough,2,6:33,LAC,rebound,,,,,,,,,,Al Thornton,,,,,,def,,
Al Thornton,Baron Davis,Chris Kaman,Craig Smith,Rasual Butler,Brandon Rush,Dahntay Jones,Jeff Foster,T.J. Ford,Tyler Hansbrough,2,6:27,LAC,foul,,,,,,,,Tyler Hansbrough,,Craig Smith,,,,,,offensive,,
Al Thornton,Baron Davis,Chris Kaman,Craig Smith,Rasual Butler,Brandon Rush,Dahntay Jones,Jeff Foster,T.J. Ford,Tyler Hansbrough,2,6:27,LAC,turnover,,,,,,,,,,Craig Smith,,,foul,,,,,
Al Thornton,Baron Davis,Chris Kaman,Craig Smith,Rasual Butler,Brandon Rush,Dahntay Jones,Jeff Foster,T.J. Ford,Tyler Hansbrough,2,6:18,IND,shot,,,,,,,,,,Dahntay Jones,,,,missed,,jump,38,17
Al Thornton,Baron Davis,Chris Kaman,Craig Smith,Rasual Butler,Brandon Rush,Dahntay Jones,Jeff Foster,T.J. Ford,Tyler Hansbrough,2,6:17,LAC,rebound,,,,,,,,,,Craig Smith,,,,,,def,,
Al Thornton,Baron Davis,Chris Kaman,Craig Smith,Rasual Butler,Brandon Rush,Dahntay Jones,Jeff Foster,T.J. Ford,Tyler Hansbrough,2,6:01,LAC,shot,,,,,,,,,,Chris Kaman,,,,missed,,jump hook,24,9
Al Thornton,Baron Davis,Chris Kaman,Craig Smith,Rasual Butler,Brandon Rush,Dahntay Jones,Jeff Foster,T.J. Ford,Tyler Hansbrough,2,6:00,IND,rebound,,,,,,,,,,Tyler Hansbrough,,,,,,def,,
Al Thornton,Baron Davis,Chris Kaman,Craig Smith,Rasual Butler,Brandon Rush,Dahntay Jones,Jeff Foster,T.J. Ford,Tyler Hansbrough,2,5:58,IND,turnover,,,,,,,,,,Tyler Hansbrough,,,bad pass,,,,,
Al Thornton,Baron Davis,Chris Kaman,Craig Smith,Rasual Butler,Brandon Rush,Dahntay Jones,Jeff Foster,T.J. Ford,Tyler Hansbrough,2,5:45,LAC,shot,,,,,,,,,,Chris Kaman,,,,missed,,jump,32,25
Al Thornton,Baron Davis,Chris Kaman,Craig Smith,Rasual Butler,Brandon Rush,Dahntay Jones,Jeff Foster,T.J. Ford,Tyler Hansbrough,2,5:43,IND,rebound,,,,,,,,,,Tyler Hansbrough,,,,,,def,,
Al Thornton,Baron Davis,Chris Kaman,Craig Smith,Rasual Butler,Brandon Rush,Dahntay Jones,Jeff Foster,T.J. Ford,Tyler Hansbrough,2,5:43,LAC,foul,,,,,,,,Tyler Hansbrough,,Craig Smith,,,,,,loose ball,,
Al Thornton,Baron Davis,Chris Kaman,Craig Smith,Rasual Butler,Brandon Rush,Dahntay Jones,Jeff Foster,T.J. Ford,Tyler Hansbrough,2,5:25,IND,shot,T.J. Ford,,,,,,,,,Brandon Rush,3,,,made,,3pt,2,8
Al Thornton,Baron Davis,Chris Kaman,Craig Smith,Rasual Butler,Brandon Rush,Dahntay Jones,Jeff Foster,T.J. Ford,Tyler Hansbrough,2,5:08,LAC,shot,,,,,,,,,,Baron Davis,,,,missed,,turnaround fade away,19,16
Al Thornton,Baron Davis,Chris Kaman,Craig Smith,Rasual Butler,Brandon Rush,Dahntay Jones,Jeff Foster,T.J. Ford,Tyler Hansbrough,2,5:07,IND,rebound,,,,,,,,,,Jeff Foster,,,,,,def,,
Al Thornton,Baron Davis,Chris Kaman,Craig Smith,Rasual Butler,Brandon Rush,Dahntay Jones,Jeff Foster,T.J. Ford,Tyler Hansbrough,2,5:01,IND,shot,,,,,,,,,,Brandon Rush,,,,missed,,3pt,40,28
Al Thornton,Baron Davis,Chris Kaman,Craig Smith,Rasual Butler,Brandon Rush,Dahntay Jones,Jeff Foster,T.J. Ford,Tyler Hansbrough,2,4:58,LAC,rebound,,,,,,,,,,Craig Smith,,,,,,def,,
Al Thornton,Baron Davis,Chris Kaman,Craig Smith,Rasual Butler,Brandon Rush,Dahntay Jones,Jeff Foster,T.J. Ford,Tyler Hansbrough,2,4:43,LAC,shot,,,,,,,,,,Al Thornton,,,,missed,,jump,12,12
Al Thornton,Baron Davis,Chris Kaman,Craig Smith,Rasual Butler,Brandon Rush,Dahntay Jones,Jeff Foster,T.J. Ford,Tyler Hansbrough,2,4:42,IND,rebound,,,,,,,,,,Brandon Rush,,,,,,def,,
Al Thornton,Baron Davis,Chris Kaman,Craig Smith,Rasual Butler,Brandon Rush,Dahntay Jones,Jeff Foster,T.J. Ford,Tyler Hansbrough,2,4:22,IND,shot,,,,,,,,,,Tyler Hansbrough,,,,missed,,jump,7,9
Al Thornton,Baron Davis,Chris Kaman,Craig Smith,Rasual Butler,Brandon Rush,Dahntay Jones,Jeff Foster,T.J. Ford,Tyler Hansbrough,2,4:20,LAC,rebound,,,,,,,,,,,,,,,,,,
Al Thornton,Baron Davis,Chris Kaman,Marcus Camby,Rasual Butler,Brandon Rush,Dahntay Jones,Jeff Foster,T.J. Ford,Tyler Hansbrough,2,4:20,LAC,sub,,,,Marcus Camby,,Craig Smith,,,,,,,,,,,,
Al Thornton,Baron Davis,Chris Kaman,Marcus Camby,Rasual Butler,Brandon Rush,Dahntay Jones,Jeff Foster,T.J. Ford,Tyler Hansbrough,2,4:13,IND,foul,,,,,,,,Al Thornton,,Brandon Rush,,,,,,personal,,
Al Thornton,Baron Davis,Chris Kaman,Marcus Camby,Rasual Butler,Brandon Rush,Dahntay Jones,Jeff Foster,T.J. Ford,Tyler Hansbrough,2,4:01,LAC,shot,,,,,,,,,,Baron Davis,3,,,made,,3pt,46,21
Al Thornton,Baron Davis,Chris Kaman,Marcus Camby,Rasual Butler,Brandon Rush,Dahntay Jones,Jeff Foster,T.J. Ford,Tyler Hansbrough,2,3:51,IND,shot,,,,,,,,,,Brandon Rush,,,,missed,,floating jump,27,21
Al Thornton,Baron Davis,Chris Kaman,Marcus Camby,Rasual Butler,Brandon Rush,Dahntay Jones,Jeff Foster,T.J. Ford,Tyler Hansbrough,2,3:50,LAC,rebound,,,,,,,,,,Baron Davis,,,,,,def,,
Al Thornton,Baron Davis,Chris Kaman,Marcus Camby,Rasual Butler,Brandon Rush,Dahntay Jones,Jeff Foster,T.J. Ford,Tyler Hansbrough,2,3:41,LAC,shot,,,,,,,,,,Baron Davis,3,,,made,,3pt,29,31
Al Thornton,Baron Davis,Chris Kaman,Marcus Camby,Rasual Butler,Brandon Rush,Dahntay Jones,Jeff Foster,T.J. Ford,Tyler Hansbrough,2,3:35,IND,timeout,,,,,,,,,,,,,,,,short,,
Al Thornton,Baron Davis,Chris Kaman,Marcus Camby,Rasual Butler,Brandon Rush,Jeff Foster,T.J. Ford,Troy Murphy,Tyler Hansbrough,2,3:35,IND,sub,,,,Troy Murphy,,Dahntay Jones,,,,,,,,,,,,
Al Thornton,Baron Davis,Chris Kaman,Marcus Camby,Rasual Butler,Brandon Rush,Luther Head,T.J. Ford,Troy Murphy,Tyler Hansbrough,2,3:35,IND,sub,,,,Luther Head,,Jeff Foster,,,,,,,,,,,,
Al Thornton,Baron Davis,Chris Kaman,Marcus Camby,Rasual Butler,Brandon Rush,Luther Head,Roy Hibbert,T.J. Ford,Troy Murphy,2,3:35,IND,sub,,,,Roy Hibbert,,Tyler Hansbrough,,,,,,,,,,,,
Al Thornton,Baron Davis,Chris Kaman,Marcus Camby,Rasual Butler,Brandon Rush,Luther Head,Roy Hibbert,T.J. Ford,Troy Murphy,2,3:26,IND,shot,T.J. Ford,,,,,,,,,Brandon Rush,3,,,made,,3pt,44,23
Al Thornton,Baron Davis,Chris Kaman,Marcus Camby,Rasual Butler,Brandon Rush,Luther Head,Roy Hibbert,T.J. Ford,Troy Murphy,2,3:04,IND,foul,,,,,,,,Al Thornton,,Brandon Rush,,,,,,shooting,,
Al Thornton,Baron Davis,Chris Kaman,Marcus Camby,Rasual Butler,Dahntay Jones,Luther Head,Roy Hibbert,T.J. Ford,Troy Murphy,2,3:04,IND,sub,,,,Dahntay Jones,,Brandon Rush,,,,,,,,,,,,
Al Thornton,Baron Davis,Chris Kaman,Marcus Camby,Rasual Butler,Dahntay Jones,Luther Head,Roy Hibbert,T.J. Ford,Troy Murphy,2,3:04,LAC,free throw,,,,,,,1,,2,Al Thornton,,,foul,made,,,,
Al Thornton,Baron Davis,Chris Kaman,Marcus Camby,Rasual Butler,Dahntay Jones,Luther Head,Roy Hibbert,T.J. Ford,Troy Murphy,2,3:04,LAC,free throw,,,,,,,2,,2,Al Thornton,,,foul,missed,,,,
Al Thornton,Baron Davis,Chris Kaman,Marcus Camby,Rasual Butler,Dahntay Jones,Luther Head,Roy Hibbert,T.J. Ford,Troy Murphy,2,3:03,LAC,rebound,,,,,,,,,,Marcus Camby,,,,,,off,,
Al Thornton,Baron Davis,Chris Kaman,Marcus Camby,Rasual Butler,Dahntay Jones,Luther Head,Roy Hibbert,T.J. Ford,Troy Murphy,2,2:47,LAC,shot,,,,,,,,,,Chris Kaman,,,,missed,,turnaround fade away,20,13
Al Thornton,Baron Davis,Chris Kaman,Marcus Camby,Rasual Butler,Dahntay Jones,Luther Head,Roy Hibbert,T.J. Ford,Troy Murphy,2,2:46,LAC,rebound,,,,,,,,,,Al Thornton,,,,,,off,,
Al Thornton,Baron Davis,Chris Kaman,Marcus Camby,Rasual Butler,Dahntay Jones,Luther Head,Roy Hibbert,T.J. Ford,Troy Murphy,2,2:46,LAC,shot,,,,,,,,,,Al Thornton,,,,missed,,dunk,28,6
Al Thornton,Baron Davis,Chris Kaman,Marcus Camby,Rasual Butler,Dahntay Jones,Luther Head,Roy Hibbert,T.J. Ford,Troy Murphy,2,2:44,IND,rebound,,,,,,,,,,T.J. Ford,,,,,,def,,
Al Thornton,Baron Davis,Chris Kaman,Marcus Camby,Rasual Butler,Dahntay Jones,Luther Head,Roy Hibbert,T.J. Ford,Troy Murphy,2,2:40,IND,turnover,,,,,,,,,,T.J. Ford,,,bad pass,,Al Thornton,,,
Al Thornton,Baron Davis,Chris Kaman,Marcus Camby,Rasual Butler,Dahntay Jones,Luther Head,Roy Hibbert,T.J. Ford,Troy Murphy,2,2:40,IND,foul,,,,,,,,Al Thornton,,Dahntay Jones,,,,,,personal,,
Al Thornton,Baron Davis,Chris Kaman,Marcus Camby,Rasual Butler,Dahntay Jones,Luther Head,Roy Hibbert,T.J. Ford,Troy Murphy,2,2:40,LAC,timeout,,,,,,,,,,,,,,,,official,,
Al Thornton,Baron Davis,Chris Kaman,Marcus Camby,Rasual Butler,Josh McRoberts,Luther Head,Roy Hibbert,T.J. Ford,Troy Murphy,2,2:40,IND,sub,,,,Josh McRoberts,,Dahntay Jones,,,,,,,,,,,,
Al Thornton,Baron Davis,Chris Kaman,Marcus Camby,Rasual Butler,Josh McRoberts,Luther Head,Roy Hibbert,T.J. Ford,Troy Murphy,2,2:28,LAC,shot,Baron Davis,,,,,,,,,Chris Kaman,2,,,made,,jump,36,11
Al Thornton,Baron Davis,Chris Kaman,Marcus Camby,Rasual Butler,Josh McRoberts,Luther Head,Roy Hibbert,T.J. Ford,Troy Murphy,2,2:12,IND,shot,Luther Head,,,,,,,,,Troy Murphy,2,,,made,,jump,44,8
Al Thornton,Baron Davis,Chris Kaman,Marcus Camby,Rasual Butler,Josh McRoberts,Luther Head,Roy Hibbert,T.J. Ford,Troy Murphy,2,1:51,LAC,foul,,,,,,,,Josh McRoberts,,Chris Kaman,,,,,,offensive,,
Al Thornton,Baron Davis,Chris Kaman,Marcus Camby,Rasual Butler,Josh McRoberts,Luther Head,Roy Hibbert,T.J. Ford,Troy Murphy,2,1:51,LAC,turnover,,,,,,,,,,Chris Kaman,,,foul,,,,,
Al Thornton,Baron Davis,Chris Kaman,Marcus Camby,Rasual Butler,Josh McRoberts,Luther Head,Roy Hibbert,T.J. Ford,Troy Murphy,2,1:29,IND,shot,,,,,,,,,,T.J. Ford,,,,missed,,layup,28,7
Al Thornton,Baron Davis,Chris Kaman,Marcus Camby,Rasual Butler,Josh McRoberts,Luther Head,Roy Hibbert,T.J. Ford,Troy Murphy,2,1:28,LAC,rebound,,,,,,,,,,Marcus Camby,,,,,,def,,
Al Thornton,Baron Davis,Chris Kaman,Marcus Camby,Rasual Butler,Josh McRoberts,Luther Head,Roy Hibbert,T.J. Ford,Troy Murphy,2,1:22,LAC,shot,Baron Davis,,,,,,,,,Al Thornton,2,,,made,,driving layup,23,7
Al Thornton,Baron Davis,Chris Kaman,Marcus Camby,Rasual Butler,Josh McRoberts,Luther Head,Roy Hibbert,T.J. Ford,Troy Murphy,2,1:10,IND,shot,Luther Head,,,,,,,,,Roy Hibbert,2,,,made,,layup,25,7
Al Thornton,Baron Davis,Chris Kaman,Marcus Camby,Rasual Butler,Josh McRoberts,Luther Head,Roy Hibbert,T.J. Ford,Troy Murphy,2,0:54,LAC,shot,,,Josh McRoberts,,,,,,,Al Thornton,,,,missed,,jump,41,11
Al Thornton,Baron Davis,Chris Kaman,Marcus Camby,Rasual Butler,Josh McRoberts,Luther Head,Roy Hibbert,T.J. Ford,Troy Murphy,2,0:53,LAC,rebound,,,,,,,,,,,,,,,,,,
Al Thornton,Baron Davis,Chris Kaman,Marcus Camby,Rasual Butler,Josh McRoberts,Luther Head,Roy Hibbert,T.J. Ford,Troy Murphy,2,0:45,LAC,shot,,,,,,,,,,Marcus Camby,2,,,made,,jump bank,25,14
Al Thornton,Baron Davis,Chris Kaman,Marcus Camby,Rasual Butler,Josh McRoberts,Luther Head,Roy Hibbert,T.J. Ford,Troy Murphy,2,0:45,IND,foul,,,,,,,,Marcus Camby,,Roy Hibbert,,,,,,shooting,,
Al Thornton,Chris Kaman,Marcus Camby,Rasual Butler,Sebastian Telfair,Josh McRoberts,Luther Head,Roy Hibbert,T.J. Ford,Troy Murphy,2,0:45,LAC,sub,,,,Sebastian Telfair,,Baron Davis,,,,,,,,,,,,
Al Thornton,Chris Kaman,Marcus Camby,Rasual Butler,Sebastian Telfair,Josh McRoberts,Luther Head,Roy Hibbert,T.J. Ford,Troy Murphy,2,0:45,LAC,free throw,,,,,,,1,,1,Marcus Camby,,,foul,made,,,,
Al Thornton,Chris Kaman,Marcus Camby,Rasual Butler,Sebastian Telfair,Josh McRoberts,Luther Head,Roy Hibbert,T.J. Ford,Troy Murphy,2,0:34,IND,shot,,,,,,,,,,Roy Hibbert,2,,,made,,finger roll layup,27,9
Al Thornton,Chris Kaman,Marcus Camby,Rasual Butler,Sebastian Telfair,Josh McRoberts,Luther Head,Roy Hibbert,T.J. Ford,Troy Murphy,2,0:34,LAC,foul,,,,,,,,Roy Hibbert,,Sebastian Telfair,,,,,,shooting,,
Al Thornton,Baron Davis,Chris Kaman,Marcus Camby,Rasual Butler,Josh McRoberts,Luther Head,Roy Hibbert,T.J. Ford,Troy Murphy,2,0:34,LAC,sub,,,,Baron Davis,,Sebastian Telfair,,,,,,,,,,,,
Al Thornton,Baron Davis,Chris Kaman,Marcus Camby,Rasual Butler,Josh McRoberts,Luther Head,Roy Hibbert,T.J. Ford,Troy Murphy,2,0:34,IND,free throw,,,,,,,1,,1,Roy Hibbert,,,foul,missed,,,,
Al Thornton,Baron Davis,Chris Kaman,Marcus Camby,Rasual Butler,Josh McRoberts,Luther Head,Roy Hibbert,T.J. Ford,Troy Murphy,2,0:34,LAC,rebound,,,,,,,,,,Marcus Camby,,,,,,def,,
Al Thornton,Baron Davis,Chris Kaman,Marcus Camby,Rasual Butler,Josh McRoberts,Luther Head,Roy Hibbert,T.J. Ford,Troy Murphy,2,0:28,LAC,shot,,,Roy Hibbert,,,,,,,Al Thornton,,,,missed,,driving layup,28,7
Al Thornton,Baron Davis,Chris Kaman,Marcus Camby,Rasual Butler,Josh McRoberts,Luther Head,Roy Hibbert,T.J. Ford,Troy Murphy,2,0:27,LAC,rebound,,,,,,,,,,,,,,,,,,
Al Thornton,Baron Davis,Chris Kaman,Marcus Camby,Rasual Butler,Josh McRoberts,Luther Head,Roy Hibbert,T.J. Ford,Troy Murphy,2,0:19,IND,foul,,,,,,,,Chris Kaman,,Roy Hibbert,,,,,,personal,,
Al Thornton,Baron Davis,Chris Kaman,Marcus Camby,Rasual Butler,Jeff Foster,Josh McRoberts,Luther Head,T.J. Ford,Troy Murphy,2,0:19,IND,sub,,,,Jeff Foster,,Roy Hibbert,,,,,,,,,,,,
Al Thornton,Chris Kaman,Marcus Camby,Rasual Butler,Sebastian Telfair,Jeff Foster,Josh McRoberts,Luther Head,T.J. Ford,Troy Murphy,2,0:19,LAC,sub,,,,Sebastian Telfair,,Baron Davis,,,,,,,,,,,,
Al Thornton,Chris Kaman,Marcus Camby,Rasual Butler,Sebastian Telfair,Jeff Foster,Josh McRoberts,Luther Head,T.J. Ford,Troy Murphy,2,0:19,LAC,free throw,,,,,,,1,,2,Chris Kaman,,,foul,made,,,,
Chris Kaman,Marcus Camby,Mardy Collins,Rasual Butler,Sebastian Telfair,Jeff Foster,Josh McRoberts,Luther Head,T.J. Ford,Troy Murphy,2,0:19,LAC,sub,,,,Mardy Collins,,Al Thornton,,,,,,,,,,,,
Chris Kaman,Marcus Camby,Mardy Collins,Rasual Butler,Sebastian Telfair,Jeff Foster,Josh McRoberts,Luther Head,T.J. Ford,Troy Murphy,2,0:19,LAC,free throw,,,,,,,2,,2,Chris Kaman,,,foul,made,,,,
Chris Kaman,Marcus Camby,Mardy Collins,Rasual Butler,Sebastian Telfair,Jeff Foster,Josh McRoberts,Luther Head,T.J. Ford,Troy Murphy,2,0:01,IND,shot,,,,,,,,,,Jeff Foster,,,,missed,,jump,34,20
Chris Kaman,Marcus Camby,Mardy Collins,Rasual Butler,Sebastian Telfair,Jeff Foster,Josh McRoberts,Luther Head,T.J. Ford,Troy Murphy,2,0:00,LAC,rebound,,,,,,,,,,Chris Kaman,,,,,,def,,
Chris Kaman,Marcus Camby,Mardy Collins,Rasual Butler,Sebastian Telfair,Jeff Foster,Josh McRoberts,Luther Head,T.J. Ford,Troy Murphy,2,0:00,LAC,shot,,,,,,,,,,Chris Kaman,,,,missed,,3pt,12,64
Chris Kaman,Marcus Camby,Mardy Collins,Rasual Butler,Sebastian Telfair,Jeff Foster,Josh McRoberts,Luther Head,T.J. Ford,Troy Murphy,2,0:00,LAC,rebound,,,,,,,,,,,,,,,,,,
Al Thornton,Baron Davis,Chris Kaman,Marcus Camby,Rasual Butler,Brandon Rush,Dahntay Jones,Roy Hibbert,T.J. Ford,Troy Murphy,3,11:43,IND,shot,,,,,,,,,,Dahntay Jones,,,,missed,,3pt,49,7
Al Thornton,Baron Davis,Chris Kaman,Marcus Camby,Rasual Butler,Brandon Rush,Dahntay Jones,Roy Hibbert,T.J. Ford,Troy Murphy,3,11:42,LAC,rebound,,,,,,,,,,Marcus Camby,,,,,,def,,
Al Thornton,Baron Davis,Chris Kaman,Marcus Camby,Rasual Butler,Brandon Rush,Dahntay Jones,Roy Hibbert,T.J. Ford,Troy Murphy,3,11:33,IND,foul,,,,,,,,Al Thornton,,T.J. Ford,,,,,,personal,,
Al Thornton,Baron Davis,Chris Kaman,Marcus Camby,Rasual Butler,Brandon Rush,Dahntay Jones,Roy Hibbert,T.J. Ford,Troy Murphy,3,11:21,LAC,shot,,,,,,,,,,Baron Davis,,,,missed,,driving finger roll layup,25,9
Al Thornton,Baron Davis,Chris Kaman,Marcus Camby,Rasual Butler,Brandon Rush,Dahntay Jones,Roy Hibbert,T.J. Ford,Troy Murphy,3,11:20,IND,rebound,,,,,,,,,,Troy Murphy,,,,,,def,,
Al Thornton,Baron Davis,Chris Kaman,Marcus Camby,Rasual Butler,Brandon Rush,Dahntay Jones,Roy Hibbert,T.J. Ford,Troy Murphy,3,11:04,IND,shot,,,,,,,,,,Troy Murphy,,,,missed,,3pt,16,30
Al Thornton,Baron Davis,Chris Kaman,Marcus Camby,Rasual Butler,Brandon Rush,Dahntay Jones,Roy Hibbert,T.J. Ford,Troy Murphy,3,11:03,LAC,rebound,,,,,,,,,,Marcus Camby,,,,,,def,,
Al Thornton,Baron Davis,Chris Kaman,Marcus Camby,Rasual Butler,Brandon Rush,Dahntay Jones,Roy Hibbert,T.J. Ford,Troy Murphy,3,10:49,LAC,shot,,,,,,,,,,Chris Kaman,,,,missed,,jump,9,12
Al Thornton,Baron Davis,Chris Kaman,Marcus Camby,Rasual Butler,Brandon Rush,Dahntay Jones,Roy Hibbert,T.J. Ford,Troy Murphy,3,10:48,IND,rebound,,,,,,,,,,Dahntay Jones,,,,,,def,,
Al Thornton,Baron Davis,Chris Kaman,Marcus Camby,Rasual Butler,Brandon Rush,Dahntay Jones,Roy Hibbert,T.J. Ford,Troy Murphy,3,10:41,IND,shot,,,,,,,,,,Brandon Rush,2,,,made,,step back jump,43,9
Al Thornton,Baron Davis,Chris Kaman,Marcus Camby,Rasual Butler,Brandon Rush,Dahntay Jones,Roy Hibbert,T.J. Ford,Troy Murphy,3,10:08,LAC,shot,,,,,,,,,,Baron Davis,2,,,made,,turnaround fade away,11,10
Al Thornton,Baron Davis,Chris Kaman,Marcus Camby,Rasual Butler,Brandon Rush,Dahntay Jones,Roy Hibbert,T.J. Ford,Troy Murphy,3,9:59,IND,shot,,,,,,,,,,Troy Murphy,,,,missed,,3pt,24,32
Al Thornton,Baron Davis,Chris Kaman,Marcus Camby,Rasual Butler,Brandon Rush,Dahntay Jones,Roy Hibbert,T.J. Ford,Troy Murphy,3,9:58,LAC,rebound,,,,,,,,,,Chris Kaman,,,,,,def,,
Al Thornton,Baron Davis,Chris Kaman,Marcus Camby,Rasual Butler,Brandon Rush,Dahntay Jones,Roy Hibbert,T.J. Ford,Troy Murphy,3,9:47,LAC,shot,,,Troy Murphy,,,,,,,Baron Davis,,,,missed,,layup,24,9
Al Thornton,Baron Davis,Chris Kaman,Marcus Camby,Rasual Butler,Brandon Rush,Dahntay Jones,Roy Hibbert,T.J. Ford,Troy Murphy,3,9:46,IND,rebound,,,,,,,,,,Roy Hibbert,,,,,,def,,
Al Thornton,Baron Davis,Chris Kaman,Marcus Camby,Rasual Butler,Brandon Rush,Dahntay Jones,Roy Hibbert,T.J. Ford,Troy Murphy,3,9:38,IND,shot,,,,,,,,,,Brandon Rush,,,,missed,,jump,12,16
Al Thornton,Baron Davis,Chris Kaman,Marcus Camby,Rasual Butler,Brandon Rush,Dahntay Jones,Roy Hibbert,T.J. Ford,Troy Murphy,3,9:37,LAC,rebound,,,,,,,,,,Marcus Camby,,,,,,def,,
Al Thornton,Baron Davis,Chris Kaman,Marcus Camby,Rasual Butler,Brandon Rush,Dahntay Jones,Roy Hibbert,T.J. Ford,Troy Murphy,3,9:19,LAC,shot,,,,,,,,,,Al Thornton,,,,missed,,jump,43,6
Al Thornton,Baron Davis,Chris Kaman,Marcus Camby,Rasual Butler,Brandon Rush,Dahntay Jones,Roy Hibbert,T.J. Ford,Troy Murphy,3,9:18,IND,rebound,,,,,,,,,,Dahntay Jones,,,,,,def,,
Al Thornton,Baron Davis,Chris Kaman,Marcus Camby,Rasual Butler,Brandon Rush,Dahntay Jones,Roy Hibbert,T.J. Ford,Troy Murphy,3,9:14,IND,shot,,,Al Thornton,,,,,,,Dahntay Jones,,,,missed,,driving layup,24,10
Al Thornton,Baron Davis,Chris Kaman,Marcus Camby,Rasual Butler,Brandon Rush,Dahntay Jones,Roy Hibbert,T.J. Ford,Troy Murphy,3,9:12,LAC,rebound,,,,,,,,,,Chris Kaman,,,,,,def,,
Al Thornton,Baron Davis,Chris Kaman,Marcus Camby,Rasual Butler,Brandon Rush,Dahntay Jones,Roy Hibbert,T.J. Ford,Troy Murphy,3,9:06,LAC,shot,,,,,,,,,,Marcus Camby,,,,missed,,jump,45,6
Al Thornton,Baron Davis,Chris Kaman,Marcus Camby,Rasual Butler,Brandon Rush,Dahntay Jones,Roy Hibbert,T.J. Ford,Troy Murphy,3,9:03,IND,rebound,,,,,,,,,,Dahntay Jones,,,,,,def,,
Al Thornton,Baron Davis,Chris Kaman,Marcus Camby,Rasual Butler,Brandon Rush,Dahntay Jones,Roy Hibbert,T.J. Ford,Troy Murphy,3,8:54,IND,shot,,,Marcus Camby,,,,,,,Brandon Rush,,,,missed,,layup,26,8
Al Thornton,Baron Davis,Chris Kaman,Marcus Camby,Rasual Butler,Brandon Rush,Dahntay Jones,Roy Hibbert,T.J. Ford,Troy Murphy,3,8:54,LAC,rebound,,,,,,,,,,,,,,,,,,
Al Thornton,Baron Davis,Chris Kaman,Marcus Camby,Rasual Butler,Brandon Rush,Dahntay Jones,Roy Hibbert,T.J. Ford,Troy Murphy,3,8:54,LAC,timeout,,,,,,,,,,,,,,,,short,,
Al Thornton,Baron Davis,Chris Kaman,Marcus Camby,Rasual Butler,Brandon Rush,Dahntay Jones,Roy Hibbert,T.J. Ford,Troy Murphy,3,8:43,LAC,shot,Marcus Camby,,,,,,,,,Baron Davis,2,,,made,,layup,24,6
Al Thornton,Baron Davis,Chris Kaman,Marcus Camby,Rasual Butler,Brandon Rush,Dahntay Jones,Roy Hibbert,T.J. Ford,Troy Murphy,3,8:33,LAC,foul,,,,,,,,Dahntay Jones,,Chris Kaman,,,,,,shooting,,
Al Thornton,Baron Davis,Chris Kaman,Marcus Camby,Rasual Butler,Brandon Rush,Dahntay Jones,Roy Hibbert,T.J. Ford,Troy Murphy,3,8:33,IND,free throw,,,,,,,1,,2,Dahntay Jones,,,foul,made,,,,
Al Thornton,Baron Davis,Chris Kaman,Marcus Camby,Rasual Butler,Brandon Rush,Dahntay Jones,Roy Hibbert,T.J. Ford,Troy Murphy,3,8:33,IND,free throw,,,,,,,2,,2,Dahntay Jones,,,foul,made,,,,
Al Thornton,Baron Davis,Chris Kaman,Marcus Camby,Rasual Butler,Brandon Rush,Dahntay Jones,Roy Hibbert,T.J. Ford,Troy Murphy,3,8:16,LAC,shot,,,,,,,,,,Chris Kaman,,,,missed,,jump,26,10
Al Thornton,Baron Davis,Chris Kaman,Marcus Camby,Rasual Butler,Brandon Rush,Dahntay Jones,Roy Hibbert,T.J. Ford,Troy Murphy,3,8:16,LAC,rebound,,,,,,,,,,Marcus Camby,,,,,,off,,
Al Thornton,Baron Davis,Chris Kaman,Marcus Camby,Rasual Butler,Brandon Rush,Dahntay Jones,Roy Hibbert,T.J. Ford,Troy Murphy,3,8:16,LAC,shot,,,,,,,,,,Marcus Camby,,,,missed,,tip,26,8
Al Thornton,Baron Davis,Chris Kaman,Marcus Camby,Rasual Butler,Brandon Rush,Dahntay Jones,Roy Hibbert,T.J. Ford,Troy Murphy,3,8:14,LAC,rebound,,,,,,,,,,Marcus Camby,,,,,,off,,
Al Thornton,Baron Davis,Chris Kaman,Marcus Camby,Rasual Butler,Brandon Rush,Dahntay Jones,Roy Hibbert,T.J. Ford,Troy Murphy,3,8:14,LAC,shot,,,,,,,,,,Marcus Camby,2,,,made,,tip,24,6
Al Thornton,Baron Davis,Chris Kaman,Marcus Camby,Rasual Butler,Brandon Rush,Dahntay Jones,Roy Hibbert,T.J. Ford,Troy Murphy,3,8:10,IND,timeout,,,,,,,,,,,,,,,,short,,
Al Thornton,Baron Davis,Chris Kaman,Marcus Camby,Rasual Butler,Brandon Rush,Dahntay Jones,Earl Watson,Roy Hibbert,Troy Murphy,3,8:10,IND,sub,,,,Earl Watson,,T.J. Ford,,,,,,,,,,,,
Al Thornton,Baron Davis,Chris Kaman,Marcus Camby,Rasual Butler,Brandon Rush,Dahntay Jones,Earl Watson,Roy Hibbert,Troy Murphy,3,7:58,LAC,foul,,,,,,,,Dahntay Jones,,Baron Davis,,,,,,shooting,,
Al Thornton,Baron Davis,Chris Kaman,Marcus Camby,Rasual Butler,Brandon Rush,Dahntay Jones,Earl Watson,Roy Hibbert,Troy Murphy,3,7:58,IND,free throw,,,,,,,1,,2,Dahntay Jones,,,foul,made,,,,
Al Thornton,Baron Davis,Chris Kaman,Marcus Camby,Rasual Butler,Brandon Rush,Dahntay Jones,Earl Watson,Roy Hibbert,Troy Murphy,3,7:58,IND,free throw,,,,,,,2,,2,Dahntay Jones,,,foul,made,,,,
Al Thornton,Baron Davis,Chris Kaman,Marcus Camby,Rasual Butler,Brandon Rush,Dahntay Jones,Earl Watson,Roy Hibbert,Troy Murphy,3,7:44,LAC,shot,,,,,,,,,,Al Thornton,,,,missed,,finger roll layup,25,9
Al Thornton,Baron Davis,Chris Kaman,Marcus Camby,Rasual Butler,Brandon Rush,Dahntay Jones,Earl Watson,Roy Hibbert,Troy Murphy,3,7:43,IND,rebound,,,,,,,,,,Roy Hibbert,,,,,,def,,
Al Thornton,Baron Davis,Chris Kaman,Marcus Camby,Rasual Butler,Brandon Rush,Dahntay Jones,Earl Watson,Roy Hibbert,Troy Murphy,3,7:30,IND,shot,,,,,,,,,,Dahntay Jones,2,,,made,,pullup jump,10,10
Al Thornton,Baron Davis,Chris Kaman,Marcus Camby,Rasual Butler,Brandon Rush,Dahntay Jones,Earl Watson,Roy Hibbert,Troy Murphy,3,7:06,LAC,shot,,,,,,,,,,Al Thornton,,,,missed,,layup,25,7
Al Thornton,Baron Davis,Chris Kaman,Marcus Camby,Rasual Butler,Brandon Rush,Dahntay Jones,Earl Watson,Roy Hibbert,Troy Murphy,3,7:05,LAC,rebound,,,,,,,,,,Al Thornton,,,,,,off,,
Al Thornton,Baron Davis,Chris Kaman,Marcus Camby,Rasual Butler,Brandon Rush,Dahntay Jones,Earl Watson,Roy Hibbert,Troy Murphy,3,7:04,LAC,shot,,,,,,,,,,Al Thornton,2,,,made,,layup,23,7
Al Thornton,Baron Davis,Chris Kaman,Marcus Camby,Rasual Butler,Brandon Rush,Dahntay Jones,Earl Watson,Roy Hibbert,Troy Murphy,3,6:54,IND,shot,,,,,,,,,,Dahntay Jones,,,,missed,,layup,24,7
Al Thornton,Baron Davis,Chris Kaman,Marcus Camby,Rasual Butler,Brandon Rush,Dahntay Jones,Earl Watson,Roy Hibbert,Troy Murphy,3,6:53,LAC,rebound,,,,,,,,,,Marcus Camby,,,,,,def,,
Al Thornton,Baron Davis,Chris Kaman,Marcus Camby,Rasual Butler,Brandon Rush,Dahntay Jones,Earl Watson,Roy Hibbert,Troy Murphy,3,6:41,LAC,foul,,,,,,,,Troy Murphy,,Chris Kaman,,,,,,offensive,,
Al Thornton,Baron Davis,Chris Kaman,Marcus Camby,Rasual Butler,Brandon Rush,Dahntay Jones,Earl Watson,Roy Hibbert,Troy Murphy,3,6:41,LAC,turnover,,,,,,,,,,Chris Kaman,,,foul,,,,,
Al Thornton,Baron Davis,Chris Kaman,Marcus Camby,Rasual Butler,Brandon Rush,Dahntay Jones,Earl Watson,Roy Hibbert,Troy Murphy,3,6:25,IND,shot,,,Marcus Camby,,,,,,,Roy Hibbert,,,,missed,,jump hook,28,9
Al Thornton,Baron Davis,Chris Kaman,Marcus Camby,Rasual Butler,Brandon Rush,Dahntay Jones,Earl Watson,Roy Hibbert,Troy Murphy,3,6:23,LAC,rebound,,,,,,,,,,Baron Davis,,,,,,def,,
Al Thornton,Baron Davis,Chris Kaman,Marcus Camby,Rasual Butler,Brandon Rush,Dahntay Jones,Earl Watson,Roy Hibbert,Troy Murphy,3,6:07,LAC,shot,,,,,,,,,,Marcus Camby,,,,missed,,jump,16,18
Al Thornton,Baron Davis,Chris Kaman,Marcus Camby,Rasual Butler,Brandon Rush,Dahntay Jones,Earl Watson,Roy Hibbert,Troy Murphy,3,6:06,IND,rebound,,,,,,,,,,Dahntay Jones,,,,,,def,,
Al Thornton,Baron Davis,Chris Kaman,Marcus Camby,Rasual Butler,Brandon Rush,Dahntay Jones,Earl Watson,Roy Hibbert,Troy Murphy,3,6:00,IND,shot,,,,,,,,,,Dahntay Jones,,,,missed,,pullup jump,16,18
Al Thornton,Baron Davis,Chris Kaman,Marcus Camby,Rasual Butler,Brandon Rush,Dahntay Jones,Earl Watson,Roy Hibbert,Troy Murphy,3,6:00,LAC,rebound,,,,,,,,,,,,,,,,,,
Al Thornton,Baron Davis,Chris Kaman,Marcus Camby,Rasual Butler,Brandon Rush,Dahntay Jones,Earl Watson,Roy Hibbert,Troy Murphy,3,6:00,IND,foul,,,,,,,,Chris Kaman,,Roy Hibbert,,,,,,loose ball,,
Al Thornton,Baron Davis,Chris Kaman,Marcus Camby,Rasual Butler,Brandon Rush,Dahntay Jones,Earl Watson,Jeff Foster,Troy Murphy,3,6:00,IND,sub,,,,Jeff Foster,,Roy Hibbert,,,,,,,,,,,,
Al Thornton,Baron Davis,Chris Kaman,Eric Gordon,Marcus Camby,Brandon Rush,Dahntay Jones,Earl Watson,Jeff Foster,Troy Murphy,3,6:00,LAC,sub,,,,Eric Gordon,,Rasual Butler,,,,,,,,,,,,
Al Thornton,Baron Davis,Chris Kaman,Eric Gordon,Marcus Camby,Brandon Rush,Earl Watson,Jeff Foster,Luther Head,Troy Murphy,3,6:00,IND,sub,,,,Luther Head,,Dahntay Jones,,,,,,,,,,,,
Al Thornton,Baron Davis,Chris Kaman,Eric Gordon,Marcus Camby,Brandon Rush,Earl Watson,Jeff Foster,Luther Head,Troy Murphy,3,5:36,LAC,shot,,,,,,,,,,Baron Davis,,,,missed,,turnaround fade away,42,7
Al Thornton,Baron Davis,Chris Kaman,Eric Gordon,Marcus Camby,Brandon Rush,Earl Watson,Jeff Foster,Luther Head,Troy Murphy,3,5:35,IND,rebound,,,,,,,,,,Brandon Rush,,,,,,def,,
Al Thornton,Baron Davis,Chris Kaman,Eric Gordon,Marcus Camby,Brandon Rush,Earl Watson,Jeff Foster,Luther Head,Troy Murphy,3,5:31,IND,shot,,,,,,,,,,Earl Watson,2,,,made,,layup,24,8
Al Thornton,Baron Davis,Chris Kaman,Eric Gordon,Marcus Camby,Brandon Rush,Earl Watson,Jeff Foster,Luther Head,Troy Murphy,3,5:08,LAC,turnover,,,,,,,,,,Chris Kaman,,,lost ball,,Earl Watson,,,
Al Thornton,Baron Davis,Chris Kaman,Eric Gordon,Marcus Camby,Brandon Rush,Earl Watson,Jeff Foster,Luther Head,Troy Murphy,3,4:56,LAC,foul,,,,,,,,Luther Head,,Baron Davis,,,,,,shooting,,
Al Thornton,Baron Davis,Chris Kaman,Eric Gordon,Marcus Camby,Brandon Rush,Earl Watson,Jeff Foster,Luther Head,Troy Murphy,3,4:56,IND,timeout,,,,,,,,,,,,,,,,regular,,
Al Thornton,Baron Davis,Chris Kaman,Eric Gordon,Marcus Camby,Brandon Rush,Earl Watson,Jeff Foster,Luther Head,Tyler Hansbrough,3,4:56,IND,sub,,,,Tyler Hansbrough,,Troy Murphy,,,,,,,,,,,,
Al Thornton,Baron Davis,Eric Gordon,Marcus Camby,Sebastian Telfair,Brandon Rush,Earl Watson,Jeff Foster,Luther Head,Tyler Hansbrough,3,4:56,LAC,sub,,,,Sebastian Telfair,,Chris Kaman,,,,,,,,,,,,
Al Thornton,Craig Smith,Eric Gordon,Marcus Camby,Sebastian Telfair,Brandon Rush,Earl Watson,Jeff Foster,Luther Head,Tyler Hansbrough,3,4:56,LAC,sub,,,,Craig Smith,,Baron Davis,,,,,,,,,,,,
Al Thornton,Craig Smith,Eric Gordon,Marcus Camby,Sebastian Telfair,Brandon Rush,Earl Watson,Jeff Foster,Luther Head,Tyler Hansbrough,3,4:56,IND,free throw,,,,,,,1,,2,Luther Head,,,foul,made,,,,
Al Thornton,Craig Smith,Eric Gordon,Marcus Camby,Sebastian Telfair,Brandon Rush,Earl Watson,Jeff Foster,Luther Head,Tyler Hansbrough,3,4:56,IND,free throw,,,,,,,2,,2,Luther Head,,,foul,made,,,,
Al Thornton,Craig Smith,Eric Gordon,Marcus Camby,Sebastian Telfair,Brandon Rush,Earl Watson,Jeff Foster,Luther Head,Tyler Hansbrough,3,4:44,LAC,foul,,,,,,,,Brandon Rush,,Al Thornton,,,,,,offensive,,
Al Thornton,Craig Smith,Eric Gordon,Marcus Camby,Sebastian Telfair,Brandon Rush,Earl Watson,Jeff Foster,Luther Head,Tyler Hansbrough,3,4:44,LAC,turnover,,,,,,,,,,Al Thornton,,,foul,,,,,
Al Thornton,Craig Smith,Eric Gordon,Marcus Camby,Sebastian Telfair,Brandon Rush,Earl Watson,Jeff Foster,Luther Head,Tyler Hansbrough,3,4:36,LAC,foul,,,,,,,,Jeff Foster,,Craig Smith,,,,,,shooting,,
Al Thornton,Craig Smith,Eric Gordon,Marcus Camby,Sebastian Telfair,Brandon Rush,Earl Watson,Jeff Foster,Luther Head,Tyler Hansbrough,3,4:36,IND,free throw,,,,,,,1,,2,Jeff Foster,,,foul,made,,,,
Al Thornton,Craig Smith,Eric Gordon,Marcus Camby,Sebastian Telfair,Brandon Rush,Earl Watson,Jeff Foster,Luther Head,Tyler Hansbrough,3,4:36,IND,free throw,,,,,,,2,,2,Jeff Foster,,,foul,made,,,,
Al Thornton,Craig Smith,Eric Gordon,Marcus Camby,Sebastian Telfair,Brandon Rush,Earl Watson,Jeff Foster,Luther Head,Tyler Hansbrough,3,4:19,LAC,shot,,,,,,,,,,Al Thornton,,,,missed,,jump,7,10
Al Thornton,Craig Smith,Eric Gordon,Marcus Camby,Sebastian Telfair,Brandon Rush,Earl Watson,Jeff Foster,Luther Head,Tyler Hansbrough,3,4:18,IND,rebound,,,,,,,,,,Tyler Hansbrough,,,,,,def,,
Al Thornton,Craig Smith,Eric Gordon,Marcus Camby,Sebastian Telfair,Brandon Rush,Earl Watson,Jeff Foster,Luther Head,Tyler Hansbrough,3,4:04,IND,turnover,,,,,,,,,,Brandon Rush,,,lost ball,,Marcus Camby,,,
Al Thornton,Craig Smith,Eric Gordon,Marcus Camby,Sebastian Telfair,Brandon Rush,Earl Watson,Jeff Foster,Luther Head,Tyler Hansbrough,3,4:04,LAC,timeout,,,,,,,,,,,,,,,,regular,,
Al Thornton,Craig Smith,Eric Gordon,Marcus Camby,Sebastian Telfair,Brandon Rush,Earl Watson,Jeff Foster,Luther Head,Tyler Hansbrough,3,3:50,IND,foul,,,,,,,,,,Earl Watson,,,,,,defense 3 second,,
Al Thornton,Craig Smith,Eric Gordon,Marcus Camby,Sebastian Telfair,Brandon Rush,Earl Watson,Jeff Foster,Luther Head,Tyler Hansbrough,3,3:50,LAC,free throw,,,,,,,1,,1,Eric Gordon,,,technical,made,,,,
Al Thornton,Craig Smith,Eric Gordon,Marcus Camby,Sebastian Telfair,Brandon Rush,Earl Watson,Jeff Foster,Luther Head,Tyler Hansbrough,3,3:44,LAC,shot,,,,,,,,,,Eric Gordon,,,,missed,,jump,11,20
Al Thornton,Craig Smith,Eric Gordon,Marcus Camby,Sebastian Telfair,Brandon Rush,Earl Watson,Jeff Foster,Luther Head,Tyler Hansbrough,3,3:43,IND,rebound,,,,,,,,,,Brandon Rush,,,,,,def,,
Al Thornton,Craig Smith,Eric Gordon,Marcus Camby,Sebastian Telfair,Brandon Rush,Earl Watson,Jeff Foster,Luther Head,Tyler Hansbrough,3,3:26,IND,turnover,,,,,,,,,,Luther Head,,,lost ball,,Marcus Camby,,,
Al Thornton,Craig Smith,Eric Gordon,Marcus Camby,Sebastian Telfair,Brandon Rush,Earl Watson,Jeff Foster,Luther Head,Tyler Hansbrough,3,3:22,IND,foul,,,,,,,,Al Thornton,,Brandon Rush,,,,,,personal,,
Al Thornton,Craig Smith,Eric Gordon,Marcus Camby,Sebastian Telfair,Dahntay Jones,Earl Watson,Jeff Foster,Luther Head,Tyler Hansbrough,3,3:22,IND,sub,,,,Dahntay Jones,,Brandon Rush,,,,,,,,,,,,
Al Thornton,Craig Smith,Eric Gordon,Marcus Camby,Sebastian Telfair,Dahntay Jones,Earl Watson,Jeff Foster,Luther Head,Tyler Hansbrough,3,3:22,LAC,turnover,,,,,,,,,,Al Thornton,,,bad pass,,,,,
Al Thornton,Craig Smith,Eric Gordon,Marcus Camby,Sebastian Telfair,Dahntay Jones,Earl Watson,Jeff Foster,Luther Head,Tyler Hansbrough,3,3:02,IND,shot,,,,,,,,,,Dahntay Jones,2,,,made,,layup,24,7
Al Thornton,Craig Smith,Eric Gordon,Marcus Camby,Sebastian Telfair,Dahntay Jones,Earl Watson,Jeff Foster,Luther Head,Tyler Hansbrough,3,3:02,LAC,foul,,,,,,,,Dahntay Jones,,Marcus Camby,,,,,,shooting,,
Al Thornton,Craig Smith,Eric Gordon,Marcus Camby,Sebastian Telfair,Dahntay Jones,Earl Watson,Jeff Foster,Luther Head,Tyler Hansbrough,3,3:02,IND,free throw,,,,,,,1,,1,Dahntay Jones,,,foul,made,,,,
Al Thornton,Craig Smith,Eric Gordon,Marcus Camby,Sebastian Telfair,Dahntay Jones,Earl Watson,Jeff Foster,Luther Head,Tyler Hansbrough,3,2:41,LAC,shot,Sebastian Telfair,,,,,,,,,Marcus Camby,2,,,made,,jump,10,8
Al Thornton,Craig Smith,Eric Gordon,Marcus Camby,Sebastian Telfair,Dahntay Jones,Earl Watson,Jeff Foster,Luther Head,Tyler Hansbrough,3,2:28,IND,shot,,,,,,,,,,Luther Head,,,,missed,,jump,44,12
Al Thornton,Craig Smith,Eric Gordon,Marcus Camby,Sebastian Telfair,Dahntay Jones,Earl Watson,Jeff Foster,Luther Head,Tyler Hansbrough,3,2:27,LAC,rebound,,,,,,,,,,Marcus Camby,,,,,,def,,
Al Thornton,Craig Smith,Eric Gordon,Marcus Camby,Sebastian Telfair,Dahntay Jones,Earl Watson,Jeff Foster,Luther Head,Tyler Hansbrough,3,2:22,LAC,turnover,,,,,,,,,,Eric Gordon,,,bad pass,,,,,
Al Thornton,Craig Smith,Eric Gordon,Marcus Camby,Sebastian Telfair,Dahntay Jones,Earl Watson,Jeff Foster,Luther Head,Tyler Hansbrough,3,2:13,IND,shot,Dahntay Jones,,,,,,,,,Tyler Hansbrough,2,,,made,,jump,16,21
Al Thornton,Craig Smith,Eric Gordon,Marcus Camby,Sebastian Telfair,Dahntay Jones,Earl Watson,Jeff Foster,Luther Head,Tyler Hansbrough,3,1:57,LAC,shot,,,,,,,,,,Al Thornton,,,,missed,,jump,46,7
Al Thornton,Craig Smith,Eric Gordon,Marcus Camby,Sebastian Telfair,Dahntay Jones,Earl Watson,Jeff Foster,Luther Head,Tyler Hansbrough,3,1:55,IND,rebound,,,,,,,,,,Tyler Hansbrough,,,,,,def,,
Al Thornton,Craig Smith,Eric Gordon,Marcus Camby,Sebastian Telfair,Dahntay Jones,Earl Watson,Jeff Foster,Luther Head,Tyler Hansbrough,3,1:42,IND,shot,,,,,,,,,,Luther Head,2,,,made,,jump,8,6
Al Thornton,Craig Smith,Eric Gordon,Marcus Camby,Sebastian Telfair,Dahntay Jones,Earl Watson,Jeff Foster,Luther Head,Tyler Hansbrough,3,1:21,LAC,shot,,,,,,,,,,Eric Gordon,,,,missed,,3pt,11,27
Al Thornton,Craig Smith,Eric Gordon,Marcus Camby,Sebastian Telfair,Dahntay Jones,Earl Watson,Jeff Foster,Luther Head,Tyler Hansbrough,3,1:19,IND,rebound,,,,,,,,,,,,,,,,,,
Al Thornton,Chris Kaman,Eric Gordon,Marcus Camby,Sebastian Telfair,Dahntay Jones,Earl Watson,Jeff Foster,Luther Head,Tyler Hansbrough,3,1:19,LAC,sub,,,,Chris Kaman,,Craig Smith,,,,,,,,,,,,
Al Thornton,Chris Kaman,Eric Gordon,Marcus Camby,Sebastian Telfair,Dahntay Jones,Earl Watson,Jeff Foster,Luther Head,Tyler Hansbrough,3,0:58,IND,shot,,,,,,,,,,Dahntay Jones,,,,missed,,jump,40,15
Al Thornton,Chris Kaman,Eric Gordon,Marcus Camby,Sebastian Telfair,Dahntay Jones,Earl Watson,Jeff Foster,Luther Head,Tyler Hansbrough,3,0:57,LAC,rebound,,,,,,,,,,Sebastian Telfair,,,,,,def,,
Al Thornton,Chris Kaman,Eric Gordon,Marcus Camby,Sebastian Telfair,Dahntay Jones,Earl Watson,Jeff Foster,Luther Head,Tyler Hansbrough,3,0:38,LAC,shot,,,,,,,,,,Sebastian Telfair,,,,missed,,3pt,2,13
Al Thornton,Chris Kaman,Eric Gordon,Marcus Camby,Sebastian Telfair,Dahntay Jones,Earl Watson,Jeff Foster,Luther Head,Tyler Hansbrough,3,0:37,IND,rebound,,,,,,,,,,Earl Watson,,,,,,def,,
Al Thornton,Chris Kaman,Eric Gordon,Marcus Camby,Sebastian Telfair,Dahntay Jones,Earl Watson,Jeff Foster,Luther Head,Tyler Hansbrough,3,0:34,IND,turnover,,,,,,,,,,Earl Watson,,,lost ball,,Sebastian Telfair,,,
Al Thornton,Chris Kaman,Eric Gordon,Marcus Camby,Sebastian Telfair,Dahntay Jones,Earl Watson,Jeff Foster,Luther Head,Tyler Hansbrough,3,0:31,LAC,shot,,,,,,,,,,Sebastian Telfair,2,,,made,,jump,43,11
Al Thornton,Chris Kaman,Eric Gordon,Marcus Camby,Sebastian Telfair,Dahntay Jones,Earl Watson,Jeff Foster,Luther Head,Tyler Hansbrough,3,0:15,IND,shot,,,,,,,,,,Tyler Hansbrough,,,,missed,,jump,19,21
Al Thornton,Chris Kaman,Eric Gordon,Marcus Camby,Sebastian Telfair,Dahntay Jones,Earl Watson,Jeff Foster,Luther Head,Tyler Hansbrough,3,0:14,LAC,rebound,,,,,,,,,,Marcus Camby,,,,,,def,,
Al Thornton,Chris Kaman,Eric Gordon,Marcus Camby,Sebastian Telfair,Dahntay Jones,Earl Watson,Jeff Foster,Luther Head,Tyler Hansbrough,3,0:00,LAC,shot,Sebastian Telfair,,,,,,,,,Marcus Camby,3,,,made,,3pt,49,7
Chris Kaman,Craig Smith,Eric Gordon,Sebastian Telfair,Steve Novak,Dahntay Jones,Jeff Foster,Luther Head,T.J. Ford,Troy Murphy,4,11:43,LAC,shot,,,,,,,,,,Chris Kaman,,,,missed,,jump,11,9
Chris Kaman,Craig Smith,Eric Gordon,Sebastian Telfair,Steve Novak,Dahntay Jones,Jeff Foster,Luther Head,T.J. Ford,Troy Murphy,4,11:41,IND,rebound,,,,,,,,,,T.J. Ford,,,,,,def,,
Chris Kaman,Craig Smith,Eric Gordon,Sebastian Telfair,Steve Novak,Dahntay Jones,Jeff Foster,Luther Head,T.J. Ford,Troy Murphy,4,11:23,IND,shot,,,Chris Kaman,,,,,,,Jeff Foster,,,,missed,,jump,22,8
Chris Kaman,Craig Smith,Eric Gordon,Sebastian Telfair,Steve Novak,Dahntay Jones,Jeff Foster,Luther Head,T.J. Ford,Troy Murphy,4,11:23,IND,rebound,,,,,,,,,,Jeff Foster,,,,,,off,,
Chris Kaman,Craig Smith,Eric Gordon,Sebastian Telfair,Steve Novak,Dahntay Jones,Jeff Foster,Luther Head,T.J. Ford,Troy Murphy,4,11:23,IND,jump ball,,Chris Kaman,,,Jeff Foster,,,,,,,Dahntay Jones,,,,,,
Chris Kaman,Craig Smith,Eric Gordon,Sebastian Telfair,Steve Novak,Dahntay Jones,Jeff Foster,Luther Head,T.J. Ford,Troy Murphy,4,11:18,IND,shot,,,,,,,,,,Dahntay Jones,,,,missed,,jump,26,24
Chris Kaman,Craig Smith,Eric Gordon,Sebastian Telfair,Steve Novak,Dahntay Jones,Jeff Foster,Luther Head,T.J. Ford,Troy Murphy,4,11:18,IND,rebound,,,,,,,,,,,,,,,,,,
Chris Kaman,Craig Smith,Eric Gordon,Sebastian Telfair,Steve Novak,Dahntay Jones,Jeff Foster,Luther Head,T.J. Ford,Troy Murphy,4,11:18,IND,turnover,,,,,,,,,,,,,shot clock turnover,,,,,
Chris Kaman,Craig Smith,Eric Gordon,Sebastian Telfair,Steve Novak,Dahntay Jones,Jeff Foster,Luther Head,T.J. Ford,Troy Murphy,4,11:06,LAC,turnover,,,,,,,,,,Eric Gordon,,,out of bounds lost ball turnover,,,,,
Chris Kaman,Craig Smith,Eric Gordon,Sebastian Telfair,Steve Novak,Dahntay Jones,Jeff Foster,Luther Head,T.J. Ford,Troy Murphy,4,10:48,IND,shot,,,,,,,,,,Troy Murphy,2,,,made,,jump,9,10
Chris Kaman,Craig Smith,Eric Gordon,Sebastian Telfair,Steve Novak,Dahntay Jones,Jeff Foster,Luther Head,T.J. Ford,Troy Murphy,4,10:32,LAC,shot,,,,,,,,,,Chris Kaman,,,,missed,,jump,22,21
Chris Kaman,Craig Smith,Eric Gordon,Sebastian Telfair,Steve Novak,Dahntay Jones,Jeff Foster,Luther Head,T.J. Ford,Troy Murphy,4,10:31,IND,rebound,,,,,,,,,,Troy Murphy,,,,,,def,,
Chris Kaman,Craig Smith,Eric Gordon,Sebastian Telfair,Steve Novak,Dahntay Jones,Jeff Foster,Luther Head,T.J. Ford,Troy Murphy,4,10:25,IND,shot,,,,,,,,,,Dahntay Jones,,,,missed,,jump bank,22,9
Chris Kaman,Craig Smith,Eric Gordon,Sebastian Telfair,Steve Novak,Dahntay Jones,Jeff Foster,Luther Head,T.J. Ford,Troy Murphy,4,10:23,IND,rebound,,,,,,,,,,T.J. Ford,,,,,,off,,
Chris Kaman,Craig Smith,Eric Gordon,Sebastian Telfair,Steve Novak,Dahntay Jones,Jeff Foster,Luther Head,T.J. Ford,Troy Murphy,4,10:12,IND,shot,,,,,,,,,,Troy Murphy,2,,,made,,driving layup,27,7
Chris Kaman,Craig Smith,Eric Gordon,Sebastian Telfair,Steve Novak,Dahntay Jones,Jeff Foster,Luther Head,T.J. Ford,Troy Murphy,4,9:58,LAC,shot,,,,,,,,,,Sebastian Telfair,,,,missed,,driving layup,28,6
Chris Kaman,Craig Smith,Eric Gordon,Sebastian Telfair,Steve Novak,Dahntay Jones,Jeff Foster,Luther Head,T.J. Ford,Troy Murphy,4,9:57,LAC,rebound,,,,,,,,,,Craig Smith,,,,,,off,,
Chris Kaman,Craig Smith,Eric Gordon,Sebastian Telfair,Steve Novak,Dahntay Jones,Jeff Foster,Luther Head,T.J. Ford,Troy Murphy,4,9:56,LAC,shot,,,,,,,,,,Craig Smith,,,,missed,,layup,24,7
Chris Kaman,Craig Smith,Eric Gordon,Sebastian Telfair,Steve Novak,Dahntay Jones,Jeff Foster,Luther Head,T.J. Ford,Troy Murphy,4,9:55,LAC,rebound,,,,,,,,,,Craig Smith,,,,,,off,,
Chris Kaman,Craig Smith,Eric Gordon,Sebastian Telfair,Steve Novak,Dahntay Jones,Jeff Foster,Luther Head,T.J. Ford,Troy Murphy,4,9:54,LAC,shot,,,,,,,,,,Craig Smith,2,,,made,,layup,25,8
Chris Kaman,Craig Smith,Eric Gordon,Sebastian Telfair,Steve Novak,Dahntay Jones,Jeff Foster,Luther Head,T.J. Ford,Troy Murphy,4,9:33,IND,shot,,,,,,,,,,Luther Head,2,,,made,,driving reverse layup,23,7
Chris Kaman,Craig Smith,Eric Gordon,Sebastian Telfair,Steve Novak,Dahntay Jones,Jeff Foster,Luther Head,T.J. Ford,Troy Murphy,4,9:19,LAC,foul,,,,,,,,T.J. Ford,,Sebastian Telfair,,,,,,offensive,,
Chris Kaman,Craig Smith,Eric Gordon,Sebastian Telfair,Steve Novak,Dahntay Jones,Jeff Foster,Luther Head,T.J. Ford,Troy Murphy,4,9:19,LAC,turnover,,,,,,,,,,Sebastian Telfair,,,foul,,,,,
Chris Kaman,Craig Smith,Eric Gordon,Sebastian Telfair,Steve Novak,Dahntay Jones,Luther Head,Roy Hibbert,T.J. Ford,Troy Murphy,4,9:19,IND,sub,,,,Roy Hibbert,,Jeff Foster,,,,,,,,,,,,
Baron Davis,Chris Kaman,Craig Smith,Eric Gordon,Steve Novak,Dahntay Jones,Luther Head,Roy Hibbert,T.J. Ford,Troy Murphy,4,9:19,LAC,sub,,,,Baron Davis,,Sebastian Telfair,,,,,,,,,,,,
Baron Davis,Chris Kaman,Craig Smith,Eric Gordon,Steve Novak,Dahntay Jones,Luther Head,Roy Hibbert,T.J. Ford,Troy Murphy,4,9:05,LAC,violation,,,,,,,,,,Chris Kaman,,,,,,kicked ball,,
Baron Davis,Chris Kaman,Craig Smith,Eric Gordon,Steve Novak,Dahntay Jones,Luther Head,Roy Hibbert,T.J. Ford,Troy Murphy,4,9:03,IND,shot,Roy Hibbert,,,,,,,,,Dahntay Jones,2,,,made,,slam dunk,24,6
Baron Davis,Chris Kaman,Craig Smith,Eric Gordon,Steve Novak,Dahntay Jones,Luther Head,Roy Hibbert,T.J. Ford,Troy Murphy,4,8:45,IND,foul,,,,,,,,Eric Gordon,,Troy Murphy,,,,,,personal,,
Baron Davis,Chris Kaman,Craig Smith,Eric Gordon,Steve Novak,Dahntay Jones,Luther Head,Roy Hibbert,T.J. Ford,Troy Murphy,4,8:45,LAC,timeout,,,,,,,,,,,,,,,,official,,
Baron Davis,Chris Kaman,Craig Smith,Eric Gordon,Steve Novak,Brandon Rush,Dahntay Jones,Roy Hibbert,T.J. Ford,Troy Murphy,4,8:45,IND,sub,,,,Brandon Rush,,Luther Head,,,,,,,,,,,,
Al Thornton,Baron Davis,Chris Kaman,Craig Smith,Eric Gordon,Brandon Rush,Dahntay Jones,Roy Hibbert,T.J. Ford,Troy Murphy,4,8:45,LAC,sub,,,,Al Thornton,,Steve Novak,,,,,,,,,,,,
Al Thornton,Baron Davis,Chris Kaman,Craig Smith,Eric Gordon,Brandon Rush,Dahntay Jones,Roy Hibbert,T.J. Ford,Troy Murphy,4,8:32,LAC,shot,,,Roy Hibbert,,,,,,,Craig Smith,,,,missed,,layup,27,7
Al Thornton,Baron Davis,Chris Kaman,Craig Smith,Eric Gordon,Brandon Rush,Dahntay Jones,Roy Hibbert,T.J. Ford,Troy Murphy,4,8:30,IND,rebound,,,,,,,,,,Troy Murphy,,,,,,def,,
Al Thornton,Baron Davis,Chris Kaman,Craig Smith,Eric Gordon,Brandon Rush,Dahntay Jones,Roy Hibbert,T.J. Ford,Troy Murphy,4,8:27,IND,shot,,,,,,,,,,T.J. Ford,2,,,made,,driving layup,25,8
Al Thornton,Baron Davis,Chris Kaman,Craig Smith,Eric Gordon,Brandon Rush,Dahntay Jones,Roy Hibbert,T.J. Ford,Troy Murphy,4,8:08,IND,foul,,,,,,,,Baron Davis,,T.J. Ford,,,,,,personal,,
Al Thornton,Baron Davis,Chris Kaman,Eric Gordon,Marcus Camby,Brandon Rush,Dahntay Jones,Roy Hibbert,T.J. Ford,Troy Murphy,4,8:08,LAC,sub,,,,Marcus Camby,,Craig Smith,,,,,,,,,,,,
Al Thornton,Baron Davis,Chris Kaman,Eric Gordon,Marcus Camby,Brandon Rush,Dahntay Jones,Roy Hibbert,T.J. Ford,Troy Murphy,4,8:02,LAC,shot,Marcus Camby,,,,,,,,,Baron Davis,2,,,made,,jump,31,24
Al Thornton,Baron Davis,Chris Kaman,Eric Gordon,Marcus Camby,Brandon Rush,Dahntay Jones,Roy Hibbert,T.J. Ford,Troy Murphy,4,7:36,IND,shot,,,,,,,,,,Roy Hibbert,,,,missed,,hook,23,13
Al Thornton,Baron Davis,Chris Kaman,Eric Gordon,Marcus Camby,Brandon Rush,Dahntay Jones,Roy Hibbert,T.J. Ford,Troy Murphy,4,7:35,LAC,rebound,,,,,,,,,,Chris Kaman,,,,,,def,,
Al Thornton,Baron Davis,Chris Kaman,Eric Gordon,Marcus Camby,Brandon Rush,Dahntay Jones,Roy Hibbert,T.J. Ford,Troy Murphy,4,7:20,LAC,shot,,,,,,,,,,Baron Davis,2,,,made,,turnaround fade away,38,14
Al Thornton,Baron Davis,Chris Kaman,Eric Gordon,Marcus Camby,Brandon Rush,Dahntay Jones,Roy Hibbert,T.J. Ford,Troy Murphy,4,7:00,IND,shot,,,,,,,,,,Dahntay Jones,2,,,made,,driving layup,24,7
Al Thornton,Baron Davis,Chris Kaman,Eric Gordon,Marcus Camby,Brandon Rush,Dahntay Jones,Roy Hibbert,T.J. Ford,Troy Murphy,4,6:49,LAC,turnover,,,,,,,,,,Eric Gordon,,,bad pass,,,,,
Al Thornton,Baron Davis,Chris Kaman,Eric Gordon,Marcus Camby,Brandon Rush,Dahntay Jones,Roy Hibbert,T.J. Ford,Troy Murphy,4,6:45,IND,shot,,,,,,,,,,Dahntay Jones,2,,,made,,driving layup,25,5
Al Thornton,Baron Davis,Chris Kaman,Eric Gordon,Marcus Camby,Brandon Rush,Dahntay Jones,Roy Hibbert,T.J. Ford,Troy Murphy,4,6:25,IND,foul,,,,,,,,Baron Davis,,T.J. Ford,,,,,,personal,,
Baron Davis,Chris Kaman,Eric Gordon,Marcus Camby,Mardy Collins,Brandon Rush,Dahntay Jones,Roy Hibbert,T.J. Ford,Troy Murphy,4,6:25,LAC,sub,,,,Mardy Collins,,Al Thornton,,,,,,,,,,,,
Baron Davis,Chris Kaman,Eric Gordon,Marcus Camby,Mardy Collins,Brandon Rush,Dahntay Jones,Roy Hibbert,T.J. Ford,Troy Murphy,4,6:16,LAC,shot,Marcus Camby,,,,,,,,,Baron Davis,3,,,made,,3pt,10,26
Baron Davis,Chris Kaman,Eric Gordon,Marcus Camby,Mardy Collins,Brandon Rush,Dahntay Jones,Roy Hibbert,T.J. Ford,Troy Murphy,4,5:54,IND,shot,,,,,,,,,,Troy Murphy,,,,missed,,jump,12,21
Baron Davis,Chris Kaman,Eric Gordon,Marcus Camby,Mardy Collins,Brandon Rush,Dahntay Jones,Roy Hibbert,T.J. Ford,Troy Murphy,4,5:53,LAC,rebound,,,,,,,,,,Mardy Collins,,,,,,def,,
Baron Davis,Chris Kaman,Eric Gordon,Marcus Camby,Mardy Collins,Brandon Rush,Dahntay Jones,Roy Hibbert,T.J. Ford,Troy Murphy,4,5:38,LAC,shot,,,,,,,,,,Marcus Camby,,,,missed,,jump,14,16
Baron Davis,Chris Kaman,Eric Gordon,Marcus Camby,Mardy Collins,Brandon Rush,Dahntay Jones,Roy Hibbert,T.J. Ford,Troy Murphy,4,5:37,IND,rebound,,,,,,,,,,T.J. Ford,,,,,,def,,
Baron Davis,Chris Kaman,Eric Gordon,Marcus Camby,Mardy Collins,Brandon Rush,Dahntay Jones,Roy Hibbert,T.J. Ford,Troy Murphy,4,5:30,IND,shot,,,,,,,,,,T.J. Ford,2,,,made,,pullup jump,20,24
Baron Davis,Chris Kaman,Eric Gordon,Marcus Camby,Mardy Collins,Brandon Rush,Dahntay Jones,Roy Hibbert,T.J. Ford,Troy Murphy,4,5:28,LAC,timeout,,,,,,,,,,,,,,,,regular,,
Baron Davis,Chris Kaman,Eric Gordon,Marcus Camby,Mardy Collins,Brandon Rush,Dahntay Jones,Roy Hibbert,T.J. Ford,Troy Murphy,4,5:20,IND,foul,,,,,,,,Baron Davis,,Dahntay Jones,,,,,,personal,,
Baron Davis,Chris Kaman,Eric Gordon,Marcus Camby,Mardy Collins,Brandon Rush,Dahntay Jones,Roy Hibbert,T.J. Ford,Troy Murphy,4,5:14,LAC,foul,,,,,,,,Troy Murphy,,Chris Kaman,,,,,,offensive,,
Baron Davis,Chris Kaman,Eric Gordon,Marcus Camby,Mardy Collins,Brandon Rush,Dahntay Jones,Roy Hibbert,T.J. Ford,Troy Murphy,4,5:14,LAC,turnover,,,,,,,,,,Chris Kaman,,,foul,,,,,
Baron Davis,Chris Kaman,Eric Gordon,Marcus Camby,Mardy Collins,Brandon Rush,Dahntay Jones,Roy Hibbert,T.J. Ford,Troy Murphy,4,4:53,IND,shot,T.J. Ford,,,,,,,,,Troy Murphy,3,,,made,,3pt,14,28
Baron Davis,Chris Kaman,Eric Gordon,Marcus Camby,Mardy Collins,Brandon Rush,Dahntay Jones,Roy Hibbert,T.J. Ford,Troy Murphy,4,4:36,LAC,shot,,,,,,,,,,Mardy Collins,2,,,made,,turnaround jump,32,10
Baron Davis,Chris Kaman,Eric Gordon,Marcus Camby,Mardy Collins,Brandon Rush,Dahntay Jones,Roy Hibbert,T.J. Ford,Troy Murphy,4,4:08,IND,shot,T.J. Ford,,,,,,,,,Dahntay Jones,3,,,made,,3pt,49,9
Baron Davis,Chris Kaman,Eric Gordon,Marcus Camby,Mardy Collins,Brandon Rush,Dahntay Jones,Roy Hibbert,T.J. Ford,Troy Murphy,4,3:58,IND,foul,,,,,,,,Chris Kaman,,Roy Hibbert,,,,,,shooting,,
Baron Davis,Chris Kaman,Eric Gordon,Marcus Camby,Mardy Collins,Brandon Rush,Dahntay Jones,Roy Hibbert,T.J. Ford,Troy Murphy,4,3:58,LAC,free throw,,,,,,,1,,2,Chris Kaman,,,foul,made,,,,
Baron Davis,Chris Kaman,Eric Gordon,Marcus Camby,Mardy Collins,Brandon Rush,Dahntay Jones,Jeff Foster,T.J. Ford,Troy Murphy,4,3:58,IND,sub,,,,Jeff Foster,,Roy Hibbert,,,,,,,,,,,,
Baron Davis,Chris Kaman,Eric Gordon,Marcus Camby,Mardy Collins,Brandon Rush,Dahntay Jones,Jeff Foster,T.J. Ford,Troy Murphy,4,3:58,LAC,free throw,,,,,,,2,,2,Chris Kaman,,,foul,made,,,,
Baron Davis,Chris Kaman,Eric Gordon,Marcus Camby,Mardy Collins,Brandon Rush,Dahntay Jones,Jeff Foster,T.J. Ford,Troy Murphy,4,3:36,IND,shot,,,,,,,,,,T.J. Ford,2,,,made,,driving layup,23,6
Baron Davis,Chris Kaman,Eric Gordon,Marcus Camby,Mardy Collins,Brandon Rush,Dahntay Jones,Jeff Foster,T.J. Ford,Troy Murphy,4,3:19,LAC,shot,,,,,,,,,,Baron Davis,,,,missed,,step back jump,16,18
Baron Davis,Chris Kaman,Eric Gordon,Marcus Camby,Mardy Collins,Brandon Rush,Dahntay Jones,Jeff Foster,T.J. Ford,Troy Murphy,4,3:18,IND,rebound,,,,,,,,,,Brandon Rush,,,,,,def,,
Baron Davis,Chris Kaman,Eric Gordon,Marcus Camby,Mardy Collins,Brandon Rush,Dahntay Jones,Jeff Foster,T.J. Ford,Troy Murphy,4,2:58,IND,timeout,,,,,,,,,,,,,,,,regular,,
Baron Davis,Chris Kaman,Eric Gordon,Marcus Camby,Mardy Collins,Brandon Rush,Dahntay Jones,Jeff Foster,T.J. Ford,Troy Murphy,4,2:55,IND,shot,,,,,,,,,,Brandon Rush,,,,missed,,jump,5,10
Baron Davis,Chris Kaman,Eric Gordon,Marcus Camby,Mardy Collins,Brandon Rush,Dahntay Jones,Jeff Foster,T.J. Ford,Troy Murphy,4,2:54,IND,rebound,,,,,,,,,,Troy Murphy,,,,,,off,,
Baron Davis,Chris Kaman,Eric Gordon,Marcus Camby,Mardy Collins,Brandon Rush,Dahntay Jones,Jeff Foster,T.J. Ford,Troy Murphy,4,2:32,IND,shot,,,,,,,,,,T.J. Ford,,,,missed,,jump,14,17
Baron Davis,Chris Kaman,Eric Gordon,Marcus Camby,Mardy Collins,Brandon Rush,Dahntay Jones,Jeff Foster,T.J. Ford,Troy Murphy,4,2:30,IND,rebound,,,,,,,,,,Jeff Foster,,,,,,off,,
Baron Davis,Chris Kaman,Eric Gordon,Marcus Camby,Mardy Collins,Brandon Rush,Dahntay Jones,Jeff Foster,T.J. Ford,Troy Murphy,4,2:13,LAC,foul,,,,,,,,Brandon Rush,,Mardy Collins,,,,,,shooting,,
Baron Davis,Chris Kaman,Eric Gordon,Marcus Camby,Mardy Collins,Brandon Rush,Dahntay Jones,Jeff Foster,T.J. Ford,Troy Murphy,4,2:13,IND,free throw,,,,,,,1,,2,Brandon Rush,,,foul,missed,,,,
Baron Davis,Chris Kaman,Eric Gordon,Marcus Camby,Mardy Collins,Brandon Rush,Dahntay Jones,Jeff Foster,T.J. Ford,Troy Murphy,4,2:13,IND,rebound,,,,,,,,,,,,,,,,,,
Baron Davis,Chris Kaman,Eric Gordon,Marcus Camby,Mardy Collins,Brandon Rush,Dahntay Jones,Jeff Foster,T.J. Ford,Troy Murphy,4,2:13,IND,free throw,,,,,,,2,,2,Brandon Rush,,,foul,missed,,,,
Baron Davis,Chris Kaman,Eric Gordon,Marcus Camby,Mardy Collins,Brandon Rush,Dahntay Jones,Jeff Foster,T.J. Ford,Troy Murphy,4,2:10,LAC,rebound,,,,,,,,,,Eric Gordon,,,,,,def,,
Baron Davis,Chris Kaman,Eric Gordon,Marcus Camby,Mardy Collins,Brandon Rush,Dahntay Jones,Jeff Foster,T.J. Ford,Troy Murphy,4,2:10,IND,foul,,,,,,,,Eric Gordon,,Troy Murphy,,,,,,personal,,
Baron Davis,Chris Kaman,Eric Gordon,Marcus Camby,Mardy Collins,Brandon Rush,Dahntay Jones,Jeff Foster,T.J. Ford,Troy Murphy,4,2:10,LAC,free throw,,,,,,,1,,2,Eric Gordon,,,foul,made,,,,
Baron Davis,Chris Kaman,Eric Gordon,Marcus Camby,Mardy Collins,Brandon Rush,Dahntay Jones,Jeff Foster,T.J. Ford,Troy Murphy,4,2:10,LAC,free throw,,,,,,,2,,2,Eric Gordon,,,foul,missed,,,,
Baron Davis,Chris Kaman,Eric Gordon,Marcus Camby,Mardy Collins,Brandon Rush,Dahntay Jones,Jeff Foster,T.J. Ford,Troy Murphy,4,2:10,IND,rebound,,,,,,,,,,Brandon Rush,,,,,,def,,
Baron Davis,Chris Kaman,Eric Gordon,Marcus Camby,Mardy Collins,Brandon Rush,Dahntay Jones,Jeff Foster,T.J. Ford,Troy Murphy,4,1:46,IND,shot,T.J. Ford,,,,,,,,,Troy Murphy,3,,,made,,3pt,24,31
Baron Davis,Chris Kaman,Eric Gordon,Marcus Camby,Mardy Collins,Brandon Rush,Dahntay Jones,Jeff Foster,T.J. Ford,Troy Murphy,4,1:46,LAC,timeout,,,,,,,,,,,,,,,,regular,,
Baron Davis,Chris Kaman,Eric Gordon,Marcus Camby,Steve Novak,Brandon Rush,Dahntay Jones,Jeff Foster,T.J. Ford,Troy Murphy,4,1:46,LAC,sub,,,,Steve Novak,,Mardy Collins,,,,,,,,,,,,
Baron Davis,Chris Kaman,Eric Gordon,Marcus Camby,Steve Novak,Brandon Rush,Dahntay Jones,Jeff Foster,T.J. Ford,Troy Murphy,4,1:32,LAC,shot,,,,,,,,,,Chris Kaman,,,,missed,,layup,23,8
Baron Davis,Chris Kaman,Eric Gordon,Marcus Camby,Steve Novak,Brandon Rush,Dahntay Jones,Jeff Foster,T.J. Ford,Troy Murphy,4,1:31,LAC,rebound,,,,,,,,,,Marcus Camby,,,,,,off,,
Baron Davis,Chris Kaman,Eric Gordon,Marcus Camby,Steve Novak,Brandon Rush,Dahntay Jones,Jeff Foster,T.J. Ford,Troy Murphy,4,1:31,LAC,shot,,,,,,,,,,Marcus Camby,,,,missed,,tip,27,8
Baron Davis,Chris Kaman,Eric Gordon,Marcus Camby,Steve Novak,Brandon Rush,Dahntay Jones,Jeff Foster,T.J. Ford,Troy Murphy,4,1:29,IND,rebound,,,,,,,,,,,,,,,,,,
Baron Davis,Chris Kaman,Eric Gordon,Marcus Camby,Steve Novak,Brandon Rush,Dahntay Jones,Jeff Foster,T.J. Ford,Troy Murphy,4,1:07,LAC,foul,,,,,,,,Brandon Rush,,Eric Gordon,,,,,,shooting,,
Baron Davis,Chris Kaman,Eric Gordon,Marcus Camby,Steve Novak,Brandon Rush,Dahntay Jones,Jeff Foster,T.J. Ford,Troy Murphy,4,1:07,IND,free throw,,,,,,,1,,2,Brandon Rush,,,foul,made,,,,
Baron Davis,Chris Kaman,Eric Gordon,Marcus Camby,Steve Novak,Brandon Rush,Dahntay Jones,Jeff Foster,T.J. Ford,Troy Murphy,4,1:07,IND,free throw,,,,,,,2,,2,Brandon Rush,,,foul,made,,,,
Baron Davis,Chris Kaman,Eric Gordon,Marcus Camby,Steve Novak,Brandon Rush,Dahntay Jones,Jeff Foster,T.J. Ford,Troy Murphy,4,1:00,LAC,shot,,,,,,,,,,Baron Davis,,,,missed,,3pt,8,25
Baron Davis,Chris Kaman,Eric Gordon,Marcus Camby,Steve Novak,Brandon Rush,Dahntay Jones,Jeff Foster,T.J. Ford,Troy Murphy,4,0:59,IND,rebound,,,,,,,,,,Brandon Rush,,,,,,def,,
Baron Davis,Chris Kaman,Eric Gordon,Marcus Camby,Steve Novak,Brandon Rush,Dahntay Jones,Jeff Foster,T.J. Ford,Troy Murphy,4,0:34,IND,shot,,,,,,,,,,T.J. Ford,,,,missed,,running jump,23,12
Baron Davis,Chris Kaman,Eric Gordon,Marcus Camby,Steve Novak,Brandon Rush,Dahntay Jones,Jeff Foster,T.J. Ford,Troy Murphy,4,0:34,IND,rebound,,,,,,,,,,Jeff Foster,,,,,,off,,
Baron Davis,Chris Kaman,Eric Gordon,Marcus Camby,Steve Novak,Brandon Rush,Dahntay Jones,Jeff Foster,T.J. Ford,Troy Murphy,4,0:34,IND,shot,,,,,,,,,,Jeff Foster,,,,missed,,tip,27,8
Baron Davis,Chris Kaman,Eric Gordon,Marcus Camby,Steve Novak,Brandon Rush,Dahntay Jones,Jeff Foster,T.J. Ford,Troy Murphy,4,0:32,IND,rebound,,,,,,,,,,Jeff Foster,,,,,,off,,
Baron Davis,Chris Kaman,Eric Gordon,Marcus Camby,Steve Novak,Brandon Rush,Dahntay Jones,Jeff Foster,T.J. Ford,Troy Murphy,4,0:31,LAC,foul,,,,,,,,T.J. Ford,,Baron Davis,,,,,,personal,,
Baron Davis,Chris Kaman,Eric Gordon,Marcus Camby,Steve Novak,Brandon Rush,Dahntay Jones,Jeff Foster,T.J. Ford,Troy Murphy,4,0:31,IND,free throw,,,,,,,1,,2,T.J. Ford,,,foul,made,,,,
Baron Davis,Chris Kaman,Marcus Camby,Sebastian Telfair,Steve Novak,Brandon Rush,Dahntay Jones,Jeff Foster,T.J. Ford,Troy Murphy,4,0:31,LAC,sub,,,,Sebastian Telfair,,Eric Gordon,,,,,,,,,,,,
Chris Kaman,Marcus Camby,Rasual Butler,Sebastian Telfair,Steve Novak,Brandon Rush,Dahntay Jones,Jeff Foster,T.J. Ford,Troy Murphy,4,0:31,LAC,sub,,,,Rasual Butler,,Baron Davis,,,,,,,,,,,,
Chris Kaman,Marcus Camby,Rasual Butler,Sebastian Telfair,Steve Novak,Brandon Rush,Dahntay Jones,Jeff Foster,T.J. Ford,Troy Murphy,4,0:31,IND,free throw,,,,,,,2,,2,T.J. Ford,,,foul,made,,,,
Chris Kaman,Marcus Camby,Rasual Butler,Sebastian Telfair,Steve Novak,Brandon Rush,Dahntay Jones,Jeff Foster,T.J. Ford,Troy Murphy,4,0:20,LAC,shot,,,,,,,,,,Rasual Butler,,,,missed,,jump,40,18
Chris Kaman,Marcus Camby,Rasual Butler,Sebastian Telfair,Steve Novak,Brandon Rush,Dahntay Jones,Jeff Foster,T.J. Ford,Troy Murphy,4,0:18,IND,rebound,,,,,,,,,,Dahntay Jones,,,,,,def,,
