a1,a2,a3,a4,a5,h1,h2,h3,h4,h5,period,time,team,etype,assist,away,block,entered,home,left,num,opponent,outof,player,points,possession,reason,result,steal,type,x,y
Brook Lopez,Chris Douglas-Roberts,Courtney Lee,Devin Harris,Josh Boone,Andrea Bargnani,Chris Bosh,DeMar DeRozan,Hedo Turkoglu,Jarrett Jack,1,12:00,OFF,jump ball,,Brook Lopez,,,Chris Bosh,,,,,,,Andrea Bargnani,,,,,,
Brook Lopez,Chris Douglas-Roberts,Courtney Lee,Devin Harris,Josh Boone,Andrea Bargnani,Chris Bosh,DeMar DeRozan,Hedo Turkoglu,Jarrett Jack,1,11:45,TOR,shot,Chris Bosh,,,,,,,,,Hedo Turkoglu,2,,,made,,driving layup,23,8
Brook Lopez,Chris Douglas-Roberts,Courtney Lee,Devin Harris,Josh Boone,Andrea Bargnani,Chris Bosh,DeMar DeRozan,Hedo Turkoglu,Jarrett Jack,1,11:27,NJN,turnover,,,,,,,,,,Brook Lopez,,,bad pass,,,,,
Brook Lopez,Chris Douglas-Roberts,Courtney Lee,Devin Harris,Josh Boone,Andrea Bargnani,Chris Bosh,DeMar DeRozan,Hedo Turkoglu,Jarrett Jack,1,11:09,TOR,shot,Jarrett Jack,,,,,,,,,Chris Bosh,2,,,made,,layup,27,7
Brook Lopez,Chris Douglas-Roberts,Courtney Lee,Devin Harris,Josh Boone,Andrea Bargnani,Chris Bosh,DeMar DeRozan,Hedo Turkoglu,Jarrett Jack,1,10:50,NJN,shot,Courtney Lee,,,,,,,,,Josh Boone,2,,,made,,layup,27,7
Brook Lopez,Chris Douglas-Roberts,Courtney Lee,Devin Harris,Josh Boone,Andrea Bargnani,Chris Bosh,DeMar DeRozan,Hedo Turkoglu,Jarrett Jack,1,10:39,TOR,shot,Hedo Turkoglu,,,,,,,,,DeMar DeRozan,2,,,made,,running slam dunk,24,6
Brook Lopez,Chris Douglas-Roberts,Courtney Lee,Devin Harris,Josh Boone,Andrea Bargnani,Chris Bosh,DeMar DeRozan,Hedo Turkoglu,Jarrett Jack,1,10:39,NJN,foul,,,,,,,,DeMar DeRozan,,Brook Lopez,,,,,,shooting,,
Brook Lopez,Chris Douglas-Roberts,Courtney Lee,Devin Harris,Josh Boone,Andrea Bargnani,Chris Bosh,DeMar DeRozan,Hedo Turkoglu,Jarrett Jack,1,10:39,TOR,free throw,,,,,,,1,,1,DeMar DeRozan,,,foul,made,,,,
Brook Lopez,Chris Douglas-Roberts,Courtney Lee,Devin Harris,Josh Boone,Andrea Bargnani,Chris Bosh,DeMar DeRozan,Hedo Turkoglu,Jarrett Jack,1,10:30,NJN,turnover,,,,,,,,,,Josh Boone,,,bad pass,,Chris Bosh,,,
Brook Lopez,Chris Douglas-Roberts,Courtney Lee,Devin Harris,Josh Boone,Andrea Bargnani,Chris Bosh,DeMar DeRozan,Hedo Turkoglu,Jarrett Jack,1,10:26,NJN,foul,,,,,,,,DeMar DeRozan,,Josh Boone,,,,,,shooting,,
Brook Lopez,Chris Douglas-Roberts,Courtney Lee,Devin Harris,Josh Boone,Andrea Bargnani,Chris Bosh,DeMar DeRozan,Hedo Turkoglu,Jarrett Jack,1,10:26,TOR,free throw,,,,,,,1,,2,DeMar DeRozan,,,foul,made,,,,
Brook Lopez,Chris Douglas-Roberts,Courtney Lee,Devin Harris,Josh Boone,Andrea Bargnani,Chris Bosh,DeMar DeRozan,Hedo Turkoglu,Jarrett Jack,1,10:26,TOR,free throw,,,,,,,2,,2,DeMar DeRozan,,,foul,made,,,,
Brook Lopez,Chris Douglas-Roberts,Courtney Lee,Devin Harris,Josh Boone,Andrea Bargnani,Chris Bosh,DeMar DeRozan,Hedo Turkoglu,Jarrett Jack,1,10:22,NJN,timeout,,,,,,,,,,,,,,,,regular,,
Brook Lopez,Chris Douglas-Roberts,Courtney Lee,Devin Harris,Josh Boone,Andrea Bargnani,Chris Bosh,DeMar DeRozan,Hedo Turkoglu,Jarrett Jack,1,10:15,NJN,shot,,,,,,,,,,Devin Harris,,,,missed,,3pt,36,29
Brook Lopez,Chris Douglas-Roberts,Courtney Lee,Devin Harris,Josh Boone,Andrea Bargnani,Chris Bosh,DeMar DeRozan,Hedo Turkoglu,Jarrett Jack,1,10:14,TOR,rebound,,,,,,,,,,Chris Bosh,,,,,,def,,
Brook Lopez,Chris Douglas-Roberts,Courtney Lee,Devin Harris,Josh Boone,Andrea Bargnani,Chris Bosh,DeMar DeRozan,Hedo Turkoglu,Jarrett Jack,1,10:01,TOR,shot,,,Brook Lopez,,,,,,,Chris Bosh,,,,missed,,layup,27,7
Brook Lopez,Chris Douglas-Roberts,Courtney Lee,Devin Harris,Josh Boone,Andrea Bargnani,Chris Bosh,DeMar DeRozan,Hedo Turkoglu,Jarrett Jack,1,9:59,NJN,rebound,,,,,,,,,,Brook Lopez,,,,,,def,,
Brook Lopez,Chris Douglas-Roberts,Courtney Lee,Devin Harris,Josh Boone,Andrea Bargnani,Chris Bosh,DeMar DeRozan,Hedo Turkoglu,Jarrett Jack,1,9:55,NJN,shot,Devin Harris,,,,,,,,,Chris Douglas-Roberts,2,,,made,,driving layup,23,7
Brook Lopez,Chris Douglas-Roberts,Courtney Lee,Devin Harris,Josh Boone,Andrea Bargnani,Chris Bosh,DeMar DeRozan,Hedo Turkoglu,Jarrett Jack,1,9:43,NJN,foul,,,,,,,,Chris Bosh,,Brook Lopez,,,,,,shooting,,
Brook Lopez,Chris Douglas-Roberts,Courtney Lee,Devin Harris,Josh Boone,Andrea Bargnani,Chris Bosh,DeMar DeRozan,Hedo Turkoglu,Jarrett Jack,1,9:43,TOR,free throw,,,,,,,1,,2,Chris Bosh,,,foul,made,,,,
Chris Douglas-Roberts,Courtney Lee,Devin Harris,Eduardo Najera,Josh Boone,Andrea Bargnani,Chris Bosh,DeMar DeRozan,Hedo Turkoglu,Jarrett Jack,1,9:43,NJN,sub,,,,Eduardo Najera,,Brook Lopez,,,,,,,,,,,,
Chris Douglas-Roberts,Courtney Lee,Devin Harris,Eduardo Najera,Josh Boone,Andrea Bargnani,Chris Bosh,DeMar DeRozan,Hedo Turkoglu,Jarrett Jack,1,9:43,TOR,free throw,,,,,,,2,,2,Chris Bosh,,,foul,made,,,,
Chris Douglas-Roberts,Courtney Lee,Devin Harris,Eduardo Najera,Josh Boone,Andrea Bargnani,Chris Bosh,DeMar DeRozan,Hedo Turkoglu,Jarrett Jack,1,9:23,NJN,foul,,,,,,,,Chris Bosh,,Eduardo Najera,,,,,,offensive,,
Chris Douglas-Roberts,Courtney Lee,Devin Harris,Eduardo Najera,Josh Boone,Andrea Bargnani,Chris Bosh,DeMar DeRozan,Hedo Turkoglu,Jarrett Jack,1,9:23,NJN,turnover,,,,,,,,,,Eduardo Najera,,,foul,,,,,
Chris Douglas-Roberts,Courtney Lee,Devin Harris,Eduardo Najera,Josh Boone,Andrea Bargnani,Chris Bosh,DeMar DeRozan,Hedo Turkoglu,Jarrett Jack,1,9:15,NJN,foul,,,,,,,,Chris Bosh,,Eduardo Najera,,,,,,personal,,
Chris Douglas-Roberts,Courtney Lee,Devin Harris,Eduardo Najera,Josh Boone,Andrea Bargnani,Chris Bosh,DeMar DeRozan,Hedo Turkoglu,Jarrett Jack,1,9:11,TOR,shot,Hedo Turkoglu,,,,,,,,,Chris Bosh,2,,,made,,running slam dunk,27,7
Chris Douglas-Roberts,Courtney Lee,Devin Harris,Eduardo Najera,Josh Boone,Andrea Bargnani,Chris Bosh,DeMar DeRozan,Hedo Turkoglu,Jarrett Jack,1,8:50,NJN,shot,Chris Douglas-Roberts,,,,,,,,,Courtney Lee,2,,,made,,jump,10,8
Chris Douglas-Roberts,Courtney Lee,Devin Harris,Eduardo Najera,Josh Boone,Andrea Bargnani,Chris Bosh,DeMar DeRozan,Hedo Turkoglu,Jarrett Jack,1,8:36,TOR,shot,,,,,,,,,,Chris Bosh,2,,,made,,driving layup,25,7
Chris Douglas-Roberts,Courtney Lee,Devin Harris,Eduardo Najera,Josh Boone,Andrea Bargnani,Chris Bosh,DeMar DeRozan,Hedo Turkoglu,Jarrett Jack,1,8:14,NJN,shot,,,,,,,,,,Chris Douglas-Roberts,,,,missed,,floating jump,37,10
Chris Douglas-Roberts,Courtney Lee,Devin Harris,Eduardo Najera,Josh Boone,Andrea Bargnani,Chris Bosh,DeMar DeRozan,Hedo Turkoglu,Jarrett Jack,1,8:12,TOR,rebound,,,,,,,,,,DeMar DeRozan,,,,,,def,,
Chris Douglas-Roberts,Courtney Lee,Devin Harris,Eduardo Najera,Josh Boone,Andrea Bargnani,Chris Bosh,DeMar DeRozan,Hedo Turkoglu,Jarrett Jack,1,8:04,TOR,shot,,,,,,,,,,Hedo Turkoglu,,,,missed,,pullup jump,41,7
Chris Douglas-Roberts,Courtney Lee,Devin Harris,Eduardo Najera,Josh Boone,Andrea Bargnani,Chris Bosh,DeMar DeRozan,Hedo Turkoglu,Jarrett Jack,1,8:03,NJN,rebound,,,,,,,,,,Chris Douglas-Roberts,,,,,,def,,
Chris Douglas-Roberts,Courtney Lee,Devin Harris,Eduardo Najera,Josh Boone,Andrea Bargnani,Chris Bosh,DeMar DeRozan,Hedo Turkoglu,Jarrett Jack,1,7:56,NJN,shot,,,,,,,,,,Devin Harris,,,,missed,,driving layup,29,8
Chris Douglas-Roberts,Courtney Lee,Devin Harris,Eduardo Najera,Josh Boone,Andrea Bargnani,Chris Bosh,DeMar DeRozan,Hedo Turkoglu,Jarrett Jack,1,7:56,NJN,rebound,,,,,,,,,,Devin Harris,,,,,,off,,
Chris Douglas-Roberts,Courtney Lee,Devin Harris,Eduardo Najera,Josh Boone,Andrea Bargnani,Chris Bosh,DeMar DeRozan,Hedo Turkoglu,Jarrett Jack,1,7:56,TOR,foul,,,,,,,,Devin Harris,,Andrea Bargnani,,,,,,personal,,
Chris Douglas-Roberts,Courtney Lee,Devin Harris,Eduardo Najera,Josh Boone,Andrea Bargnani,Chris Bosh,DeMar DeRozan,Jarrett Jack,Sonny Weems,1,7:56,TOR,sub,,,,Sonny Weems,,Hedo Turkoglu,,,,,,,,,,,,
Chris Douglas-Roberts,Courtney Lee,Devin Harris,Eduardo Najera,Josh Boone,Andrea Bargnani,Chris Bosh,DeMar DeRozan,Jarrett Jack,Sonny Weems,1,7:53,NJN,turnover,,,,,,,,,,Josh Boone,,,bad pass,,,,,
Chris Douglas-Roberts,Courtney Lee,Devin Harris,Eduardo Najera,Josh Boone,Andrea Bargnani,Chris Bosh,DeMar DeRozan,Jarrett Jack,Sonny Weems,1,7:33,TOR,turnover,,,,,,,,,,Jarrett Jack,,,traveling,,,,,
Chris Douglas-Roberts,Courtney Lee,Devin Harris,Eduardo Najera,Josh Boone,Andrea Bargnani,Chris Bosh,DeMar DeRozan,Jarrett Jack,Sonny Weems,1,7:22,NJN,shot,Devin Harris,,,,,,,,,Eduardo Najera,2,,,made,,reverse layup,23,7
Chris Douglas-Roberts,Courtney Lee,Devin Harris,Eduardo Najera,Josh Boone,Andrea Bargnani,Chris Bosh,DeMar DeRozan,Jarrett Jack,Sonny Weems,1,7:07,TOR,shot,Sonny Weems,,,,,,,,,Andrea Bargnani,3,,,made,,3pt,42,23
Chris Douglas-Roberts,Courtney Lee,Devin Harris,Eduardo Najera,Josh Boone,Andrea Bargnani,Chris Bosh,DeMar DeRozan,Jarrett Jack,Sonny Weems,1,6:45,TOR,foul,,,,,,,,Chris Douglas-Roberts,,Sonny Weems,,,,,,personal,,
Chris Douglas-Roberts,Courtney Lee,Devin Harris,Eduardo Najera,Josh Boone,Andrea Bargnani,Chris Bosh,DeMar DeRozan,Jarrett Jack,Sonny Weems,1,6:35,NJN,turnover,,,,,,,,,,Josh Boone,,,traveling,,,,,
Chris Douglas-Roberts,Courtney Lee,Devin Harris,Eduardo Najera,Josh Boone,Andrea Bargnani,Chris Bosh,DeMar DeRozan,Jarrett Jack,Sonny Weems,1,6:22,NJN,foul,,,,,,,,Andrea Bargnani,,Josh Boone,,,,,,personal,,
Chris Douglas-Roberts,Courtney Lee,Devin Harris,Eduardo Najera,Josh Boone,Andrea Bargnani,Chris Bosh,DeMar DeRozan,Jarrett Jack,Sonny Weems,1,6:22,TOR,free throw,,,,,,,1,,2,Andrea Bargnani,,,foul,made,,,,
Chris Douglas-Roberts,Courtney Lee,Devin Harris,Eduardo Najera,Sean Williams,Andrea Bargnani,Chris Bosh,DeMar DeRozan,Jarrett Jack,Sonny Weems,1,6:22,NJN,sub,,,,Sean Williams,,Josh Boone,,,,,,,,,,,,
Chris Douglas-Roberts,Courtney Lee,Devin Harris,Eduardo Najera,Sean Williams,Andrea Bargnani,Chris Bosh,DeMar DeRozan,Jarrett Jack,Sonny Weems,1,6:22,TOR,free throw,,,,,,,2,,2,Andrea Bargnani,,,foul,made,,,,
Chris Douglas-Roberts,Courtney Lee,Devin Harris,Eduardo Najera,Sean Williams,Andrea Bargnani,Chris Bosh,DeMar DeRozan,Jarrett Jack,Sonny Weems,1,6:07,NJN,shot,,,,,,,,,,Chris Douglas-Roberts,2,,,made,,pullup jump,16,8
Chris Douglas-Roberts,Courtney Lee,Devin Harris,Eduardo Najera,Sean Williams,Andrea Bargnani,Chris Bosh,DeMar DeRozan,Jarrett Jack,Sonny Weems,1,5:53,NJN,foul,,,,,,,,DeMar DeRozan,,Courtney Lee,,,,,,shooting,,
Chris Douglas-Roberts,Courtney Lee,Devin Harris,Eduardo Najera,Sean Williams,Andrea Bargnani,Chris Bosh,DeMar DeRozan,Jarrett Jack,Sonny Weems,1,5:53,TOR,free throw,,,,,,,1,,2,DeMar DeRozan,,,foul,missed,,,,
Chris Douglas-Roberts,Courtney Lee,Devin Harris,Eduardo Najera,Sean Williams,Andrea Bargnani,Chris Bosh,DeMar DeRozan,Jarrett Jack,Sonny Weems,1,5:53,TOR,rebound,,,,,,,,,,,,,,,,,,
Chris Douglas-Roberts,Courtney Lee,Devin Harris,Eduardo Najera,Sean Williams,Andrea Bargnani,Chris Bosh,DeMar DeRozan,Jarrett Jack,Sonny Weems,1,5:53,TOR,free throw,,,,,,,2,,2,DeMar DeRozan,,,foul,made,,,,
Chris Douglas-Roberts,Courtney Lee,Devin Harris,Eduardo Najera,Sean Williams,Andrea Bargnani,Chris Bosh,DeMar DeRozan,Jarrett Jack,Sonny Weems,1,5:38,NJN,shot,,,,,,,,,,Courtney Lee,,,,missed,,driving hook,23,12
Chris Douglas-Roberts,Courtney Lee,Devin Harris,Eduardo Najera,Sean Williams,Andrea Bargnani,Chris Bosh,DeMar DeRozan,Jarrett Jack,Sonny Weems,1,5:36,TOR,rebound,,,,,,,,,,Chris Bosh,,,,,,def,,
Chris Douglas-Roberts,Courtney Lee,Devin Harris,Eduardo Najera,Sean Williams,Andrea Bargnani,Chris Bosh,DeMar DeRozan,Jarrett Jack,Sonny Weems,1,5:30,TOR,shot,,,,,,,,,,Andrea Bargnani,,,,missed,,running layup,22,8
Chris Douglas-Roberts,Courtney Lee,Devin Harris,Eduardo Najera,Sean Williams,Andrea Bargnani,Chris Bosh,DeMar DeRozan,Jarrett Jack,Sonny Weems,1,5:29,NJN,rebound,,,,,,,,,,Devin Harris,,,,,,def,,
Chris Douglas-Roberts,Courtney Lee,Devin Harris,Eduardo Najera,Sean Williams,Andrea Bargnani,Chris Bosh,DeMar DeRozan,Jarrett Jack,Sonny Weems,1,5:24,NJN,shot,Devin Harris,,,,,,,,,Courtney Lee,2,,,made,,running layup,25,6
Chris Douglas-Roberts,Courtney Lee,Devin Harris,Eduardo Najera,Sean Williams,Andrea Bargnani,Chris Bosh,DeMar DeRozan,Jarrett Jack,Sonny Weems,1,5:16,TOR,shot,Jarrett Jack,,,,,,,,,DeMar DeRozan,2,,,made,,jump,42,9
Chris Douglas-Roberts,Courtney Lee,Devin Harris,Eduardo Najera,Sean Williams,Andrea Bargnani,Chris Bosh,DeMar DeRozan,Jarrett Jack,Sonny Weems,1,4:58,NJN,turnover,,,,,,,,,,Courtney Lee,,,bad pass,,,,,
Chris Douglas-Roberts,Courtney Lee,Devin Harris,Eduardo Najera,Sean Williams,Amir Johnson,Andrea Bargnani,DeMar DeRozan,Jarrett Jack,Sonny Weems,1,4:58,TOR,sub,,,,Amir Johnson,,Chris Bosh,,,,,,,,,,,,
Chris Douglas-Roberts,Courtney Lee,Devin Harris,Eduardo Najera,Sean Williams,Amir Johnson,Andrea Bargnani,DeMar DeRozan,Jarrett Jack,Sonny Weems,1,4:45,TOR,shot,Jarrett Jack,,,,,,,,,Andrea Bargnani,3,,,made,,3pt,41,25
Chris Douglas-Roberts,Courtney Lee,Devin Harris,Eduardo Najera,Sean Williams,Amir Johnson,Andrea Bargnani,DeMar DeRozan,Jarrett Jack,Sonny Weems,1,4:17,NJN,shot,,,DeMar DeRozan,,,,,,,Chris Douglas-Roberts,,,,missed,,jump,21,14
Chris Douglas-Roberts,Courtney Lee,Devin Harris,Eduardo Najera,Sean Williams,Amir Johnson,Andrea Bargnani,DeMar DeRozan,Jarrett Jack,Sonny Weems,1,4:16,TOR,rebound,,,,,,,,,,Amir Johnson,,,,,,def,,
Chris Douglas-Roberts,Courtney Lee,Devin Harris,Eduardo Najera,Sean Williams,Amir Johnson,Andrea Bargnani,DeMar DeRozan,Jarrett Jack,Sonny Weems,1,4:13,TOR,shot,DeMar DeRozan,,,,,,,,,Sonny Weems,2,,,made,,running slam dunk,25,6
Chris Douglas-Roberts,Courtney Lee,Devin Harris,Eduardo Najera,Sean Williams,Amir Johnson,Andrea Bargnani,DeMar DeRozan,Jarrett Jack,Sonny Weems,1,4:08,NJN,timeout,,,,,,,,,,,,,,,,short,,
Bobby Simmons,Chris Douglas-Roberts,Courtney Lee,Devin Harris,Sean Williams,Amir Johnson,Andrea Bargnani,DeMar DeRozan,Jarrett Jack,Sonny Weems,1,4:08,NJN,sub,,,,Bobby Simmons,,Eduardo Najera,,,,,,,,,,,,
Bobby Simmons,Chris Douglas-Roberts,Courtney Lee,Devin Harris,Sean Williams,Amir Johnson,Andrea Bargnani,DeMar DeRozan,Jarrett Jack,Sonny Weems,1,3:53,NJN,shot,,,,,,,,,,Sean Williams,,,,missed,,jump,15,19
Bobby Simmons,Chris Douglas-Roberts,Courtney Lee,Devin Harris,Sean Williams,Amir Johnson,Andrea Bargnani,DeMar DeRozan,Jarrett Jack,Sonny Weems,1,3:52,TOR,rebound,,,,,,,,,,DeMar DeRozan,,,,,,def,,
Bobby Simmons,Chris Douglas-Roberts,Courtney Lee,Devin Harris,Sean Williams,Amir Johnson,Andrea Bargnani,DeMar DeRozan,Jarrett Jack,Sonny Weems,1,3:42,TOR,shot,Jarrett Jack,,,,,,,,,Amir Johnson,2,,,made,,jump,28,7
Bobby Simmons,Chris Douglas-Roberts,Courtney Lee,Devin Harris,Sean Williams,Amir Johnson,Andrea Bargnani,DeMar DeRozan,Jarrett Jack,Sonny Weems,1,3:27,NJN,shot,,,Andrea Bargnani,,,,,,,Devin Harris,,,,missed,,driving layup,22,7
Bobby Simmons,Chris Douglas-Roberts,Courtney Lee,Devin Harris,Sean Williams,Amir Johnson,Andrea Bargnani,DeMar DeRozan,Jarrett Jack,Sonny Weems,1,3:25,TOR,rebound,,,,,,,,,,DeMar DeRozan,,,,,,def,,
Bobby Simmons,Chris Douglas-Roberts,Courtney Lee,Devin Harris,Sean Williams,Amir Johnson,Andrea Bargnani,DeMar DeRozan,Jarrett Jack,Sonny Weems,1,3:22,TOR,shot,Sonny Weems,,,,,,,,,DeMar DeRozan,2,,,made,,alley oop dunk,25,7
Bobby Simmons,Chris Douglas-Roberts,Courtney Lee,Devin Harris,Sean Williams,Amir Johnson,Andrea Bargnani,DeMar DeRozan,Jarrett Jack,Sonny Weems,1,3:04,NJN,shot,,,,,,,,,,Devin Harris,,,,missed,,driving layup,24,7
Bobby Simmons,Chris Douglas-Roberts,Courtney Lee,Devin Harris,Sean Williams,Amir Johnson,Andrea Bargnani,DeMar DeRozan,Jarrett Jack,Sonny Weems,1,3:02,TOR,rebound,,,,,,,,,,Sonny Weems,,,,,,def,,
Bobby Simmons,Chris Douglas-Roberts,Courtney Lee,Devin Harris,Sean Williams,Amir Johnson,Andrea Bargnani,DeMar DeRozan,Jarrett Jack,Sonny Weems,1,2:58,TOR,shot,Jarrett Jack,,,,,,,,,Amir Johnson,2,,,made,,running dunk,25,8
Bobby Simmons,Chris Douglas-Roberts,Courtney Lee,Devin Harris,Sean Williams,Amir Johnson,Andrea Bargnani,DeMar DeRozan,Jarrett Jack,Sonny Weems,1,2:53,NJN,timeout,,,,,,,,,,,,,,,,regular,,
Bobby Simmons,Courtney Lee,Devin Harris,Sean Williams,Terrence Williams,Amir Johnson,Andrea Bargnani,DeMar DeRozan,Jarrett Jack,Sonny Weems,1,2:53,NJN,sub,,,,Terrence Williams,,Chris Douglas-Roberts,,,,,,,,,,,,
Bobby Simmons,Courtney Lee,Rafer Alston,Sean Williams,Terrence Williams,Amir Johnson,Andrea Bargnani,DeMar DeRozan,Jarrett Jack,Sonny Weems,1,2:53,NJN,sub,,,,Rafer Alston,,Devin Harris,,,,,,,,,,,,
Bobby Simmons,Courtney Lee,Rafer Alston,Sean Williams,Terrence Williams,Amir Johnson,Andrea Bargnani,Hedo Turkoglu,Jarrett Jack,Sonny Weems,1,2:53,TOR,sub,,,,Hedo Turkoglu,,DeMar DeRozan,,,,,,,,,,,,
Bobby Simmons,Courtney Lee,Rafer Alston,Sean Williams,Terrence Williams,Amir Johnson,Andrea Bargnani,Hedo Turkoglu,Marcus Banks,Sonny Weems,1,2:53,TOR,sub,,,,Marcus Banks,,Jarrett Jack,,,,,,,,,,,,
Bobby Simmons,Courtney Lee,Rafer Alston,Sean Williams,Terrence Williams,Amir Johnson,Andrea Bargnani,Hedo Turkoglu,Marcus Banks,Sonny Weems,1,2:38,NJN,shot,,,,,,,,,,Bobby Simmons,,,,missed,,3pt,48,6
Bobby Simmons,Courtney Lee,Rafer Alston,Sean Williams,Terrence Williams,Amir Johnson,Andrea Bargnani,Hedo Turkoglu,Marcus Banks,Sonny Weems,1,2:37,TOR,rebound,,,,,,,,,,Marcus Banks,,,,,,def,,
Bobby Simmons,Courtney Lee,Rafer Alston,Sean Williams,Terrence Williams,Amir Johnson,Andrea Bargnani,Hedo Turkoglu,Marcus Banks,Sonny Weems,1,2:21,TOR,shot,,,,,,,,,,Andrea Bargnani,,,,missed,,jump,41,19
Bobby Simmons,Courtney Lee,Rafer Alston,Sean Williams,Terrence Williams,Amir Johnson,Andrea Bargnani,Hedo Turkoglu,Marcus Banks,Sonny Weems,1,2:20,NJN,rebound,,,,,,,,,,Rafer Alston,,,,,,def,,
Bobby Simmons,Courtney Lee,Rafer Alston,Sean Williams,Terrence Williams,Amir Johnson,Andrea Bargnani,Hedo Turkoglu,Marcus Banks,Sonny Weems,1,2:06,NJN,shot,,,,,,,,,,Rafer Alston,,,,missed,,3pt,30,30
Bobby Simmons,Courtney Lee,Rafer Alston,Sean Williams,Terrence Williams,Amir Johnson,Andrea Bargnani,Hedo Turkoglu,Marcus Banks,Sonny Weems,1,2:05,TOR,rebound,,,,,,,,,,Hedo Turkoglu,,,,,,def,,
Bobby Simmons,Courtney Lee,Rafer Alston,Sean Williams,Terrence Williams,Amir Johnson,Andrea Bargnani,Hedo Turkoglu,Marcus Banks,Sonny Weems,1,1:59,TOR,turnover,,,,,,,,,,Marcus Banks,,,lost ball,,Rafer Alston,,,
Bobby Simmons,Courtney Lee,Rafer Alston,Sean Williams,Terrence Williams,Amir Johnson,Andrea Bargnani,Hedo Turkoglu,Marcus Banks,Sonny Weems,1,1:56,NJN,turnover,,,,,,,,,,Sean Williams,,,bad pass,,Andrea Bargnani,,,
Bobby Simmons,Courtney Lee,Rafer Alston,Sean Williams,Terrence Williams,Amir Johnson,Andrea Bargnani,Hedo Turkoglu,Marcus Banks,Sonny Weems,1,1:39,TOR,shot,,,,,,,,,,Andrea Bargnani,,,,missed,,driving layup,25,6
Bobby Simmons,Courtney Lee,Rafer Alston,Sean Williams,Terrence Williams,Amir Johnson,Andrea Bargnani,Hedo Turkoglu,Marcus Banks,Sonny Weems,1,1:38,TOR,rebound,,,,,,,,,,Amir Johnson,,,,,,off,,
Bobby Simmons,Courtney Lee,Rafer Alston,Sean Williams,Terrence Williams,Amir Johnson,Andrea Bargnani,Hedo Turkoglu,Marcus Banks,Sonny Weems,1,1:36,TOR,shot,,,,,,,,,,Amir Johnson,,,,missed,,tip,25,6
Bobby Simmons,Courtney Lee,Rafer Alston,Sean Williams,Terrence Williams,Amir Johnson,Andrea Bargnani,Hedo Turkoglu,Marcus Banks,Sonny Weems,1,1:34,NJN,rebound,,,,,,,,,,Bobby Simmons,,,,,,def,,
Bobby Simmons,Courtney Lee,Rafer Alston,Sean Williams,Terrence Williams,Amir Johnson,Andrea Bargnani,Hedo Turkoglu,Marcus Banks,Sonny Weems,1,1:25,NJN,shot,,,,,,,,,,Courtney Lee,,,,missed,,step back jump,44,7
Bobby Simmons,Courtney Lee,Rafer Alston,Sean Williams,Terrence Williams,Amir Johnson,Andrea Bargnani,Hedo Turkoglu,Marcus Banks,Sonny Weems,1,1:24,TOR,rebound,,,,,,,,,,Hedo Turkoglu,,,,,,def,,
Bobby Simmons,Courtney Lee,Rafer Alston,Sean Williams,Terrence Williams,Amir Johnson,Andrea Bargnani,Hedo Turkoglu,Marcus Banks,Sonny Weems,1,1:12,NJN,foul,,,,,,,,Amir Johnson,,Bobby Simmons,,,,,,personal,,
Bobby Simmons,Courtney Lee,Rafer Alston,Sean Williams,Terrence Williams,Amir Johnson,Andrea Bargnani,Hedo Turkoglu,Marcus Banks,Sonny Weems,1,1:12,TOR,free throw,,,,,,,1,,2,Amir Johnson,,,foul,missed,,,,
Bobby Simmons,Courtney Lee,Rafer Alston,Sean Williams,Terrence Williams,Amir Johnson,Andrea Bargnani,Hedo Turkoglu,Marcus Banks,Sonny Weems,1,1:12,TOR,rebound,,,,,,,,,,,,,,,,,,
Bobby Simmons,Rafer Alston,Sean Williams,Terrence Williams,Trenton Hassell,Amir Johnson,Andrea Bargnani,Hedo Turkoglu,Marcus Banks,Sonny Weems,1,1:12,NJN,sub,,,,Trenton Hassell,,Courtney Lee,,,,,,,,,,,,
Bobby Simmons,Rafer Alston,Sean Williams,Terrence Williams,Trenton Hassell,Amir Johnson,Andrea Bargnani,Hedo Turkoglu,Marcus Banks,Sonny Weems,1,1:12,TOR,free throw,,,,,,,2,,2,Amir Johnson,,,foul,made,,,,
Bobby Simmons,Rafer Alston,Sean Williams,Terrence Williams,Trenton Hassell,Amir Johnson,Andrea Bargnani,Hedo Turkoglu,Marcus Banks,Sonny Weems,1,0:57,TOR,foul,,,,,,,,Terrence Williams,,Sonny Weems,,,,,,personal,,
Bobby Simmons,Rafer Alston,Sean Williams,Terrence Williams,Trenton Hassell,Amir Johnson,Andrea Bargnani,Hedo Turkoglu,Marcus Banks,Sonny Weems,1,0:48,NJN,shot,Trenton Hassell,,,,,,,,,Rafer Alston,3,,,made,,3pt,37,28
Bobby Simmons,Rafer Alston,Sean Williams,Terrence Williams,Trenton Hassell,Amir Johnson,Andrea Bargnani,Hedo Turkoglu,Marcus Banks,Sonny Weems,1,0:37,NJN,foul,,,,,,,,Hedo Turkoglu,,Sean Williams,,,,,,shooting,,
Bobby Simmons,Rafer Alston,Sean Williams,Terrence Williams,Trenton Hassell,Amir Johnson,Andrea Bargnani,Hedo Turkoglu,Marcus Banks,Sonny Weems,1,0:37,TOR,free throw,,,,,,,1,,2,Hedo Turkoglu,,,foul,made,,,,
Bobby Simmons,Rafer Alston,Sean Williams,Terrence Williams,Trenton Hassell,Amir Johnson,Andrea Bargnani,Hedo Turkoglu,Marcus Banks,Sonny Weems,1,0:37,TOR,free throw,,,,,,,2,,2,Hedo Turkoglu,,,foul,made,,,,
Bobby Simmons,Rafer Alston,Sean Williams,Terrence Williams,Trenton Hassell,Amir Johnson,Andrea Bargnani,Hedo Turkoglu,Marcus Banks,Sonny Weems,1,0:27,NJN,shot,,,,,,,,,,Rafer Alston,,,,missed,,3pt,10,26
Bobby Simmons,Rafer Alston,Sean Williams,Terrence Williams,Trenton Hassell,Amir Johnson,Andrea Bargnani,Hedo Turkoglu,Marcus Banks,Sonny Weems,1,0:26,TOR,rebound,,,,,,,,,,,,,,,,,,
Bobby Simmons,Rafer Alston,Sean Williams,Terrence Williams,Trenton Hassell,Amir Johnson,Andrea Bargnani,Hedo Turkoglu,Marcus Banks,Sonny Weems,1,0:07,TOR,shot,,,,,,,,,,Marcus Banks,,,,missed,,step back jump,44,14
Bobby Simmons,Rafer Alston,Sean Williams,Terrence Williams,Trenton Hassell,Amir Johnson,Andrea Bargnani,Hedo Turkoglu,Marcus Banks,Sonny Weems,1,0:07,TOR,rebound,,,,,,,,,,Sonny Weems,,,,,,off,,
Bobby Simmons,Rafer Alston,Sean Williams,Terrence Williams,Trenton Hassell,Amir Johnson,Andrea Bargnani,Hedo Turkoglu,Marcus Banks,Sonny Weems,1,0:07,TOR,shot,,,,,,,,,,Sonny Weems,2,,,made,,tip,25,6
Bobby Simmons,Rafer Alston,Sean Williams,Terrence Williams,Trenton Hassell,Amir Johnson,Andrea Bargnani,Hedo Turkoglu,Marcus Banks,Sonny Weems,1,0:00,NJN,shot,,,,,,,,,,Rafer Alston,,,,missed,,3pt,3,5
Bobby Simmons,Rafer Alston,Sean Williams,Terrence Williams,Trenton Hassell,Amir Johnson,Andrea Bargnani,Hedo Turkoglu,Marcus Banks,Sonny Weems,1,0:00,NJN,rebound,,,,,,,,,,,,,,,,,,
Bobby Simmons,Brook Lopez,Rafer Alston,Terrence Williams,Trenton Hassell,Amir Johnson,Chris Bosh,Hedo Turkoglu,Marco Belinelli,Marcus Banks,2,11:46,NJN,turnover,,,,,,,,,,Brook Lopez,,,lost ball,,Amir Johnson,,,
Bobby Simmons,Brook Lopez,Rafer Alston,Terrence Williams,Trenton Hassell,Amir Johnson,Chris Bosh,Hedo Turkoglu,Marco Belinelli,Marcus Banks,2,11:38,TOR,jump ball,,Terrence Williams,,,Chris Bosh,,,,,,,Chris Bosh,,,,,,
Bobby Simmons,Brook Lopez,Rafer Alston,Terrence Williams,Trenton Hassell,Amir Johnson,Chris Bosh,Hedo Turkoglu,Marco Belinelli,Marcus Banks,2,11:32,TOR,shot,,,,,,,,,,Marco Belinelli,,,,missed,,jump,44,19
Bobby Simmons,Brook Lopez,Rafer Alston,Terrence Williams,Trenton Hassell,Amir Johnson,Chris Bosh,Hedo Turkoglu,Marco Belinelli,Marcus Banks,2,11:31,NJN,rebound,,,,,,,,,,Rafer Alston,,,,,,def,,
Bobby Simmons,Brook Lopez,Rafer Alston,Terrence Williams,Trenton Hassell,Amir Johnson,Chris Bosh,Hedo Turkoglu,Marco Belinelli,Marcus Banks,2,11:23,TOR,foul,,,,,,,,Brook Lopez,,Amir Johnson,,,,,,personal,,
Bobby Simmons,Brook Lopez,Rafer Alston,Terrence Williams,Trenton Hassell,Amir Johnson,Chris Bosh,Hedo Turkoglu,Marco Belinelli,Marcus Banks,2,11:18,NJN,shot,Brook Lopez,,,,,,,,,Terrence Williams,2,,,made,,layup,27,7
Bobby Simmons,Brook Lopez,Rafer Alston,Terrence Williams,Trenton Hassell,Amir Johnson,Chris Bosh,Hedo Turkoglu,Marco Belinelli,Marcus Banks,2,10:54,TOR,shot,Hedo Turkoglu,,,,,,,,,Marcus Banks,3,,,made,,3pt,48,6
Bobby Simmons,Brook Lopez,Rafer Alston,Terrence Williams,Trenton Hassell,Amir Johnson,Chris Bosh,Hedo Turkoglu,Marco Belinelli,Marcus Banks,2,10:37,NJN,shot,,,Amir Johnson,,,,,,,Brook Lopez,,,,missed,,layup,23,7
Bobby Simmons,Brook Lopez,Rafer Alston,Terrence Williams,Trenton Hassell,Amir Johnson,Chris Bosh,Hedo Turkoglu,Marco Belinelli,Marcus Banks,2,10:36,TOR,rebound,,,,,,,,,,,,,,,,,,
Bobby Simmons,Brook Lopez,Rafer Alston,Terrence Williams,Trenton Hassell,Amir Johnson,Chris Bosh,Hedo Turkoglu,Marco Belinelli,Marcus Banks,2,10:20,TOR,shot,,,,,,,,,,Marco Belinelli,,,,missed,,driving layup,24,9
Bobby Simmons,Brook Lopez,Rafer Alston,Terrence Williams,Trenton Hassell,Amir Johnson,Chris Bosh,Hedo Turkoglu,Marco Belinelli,Marcus Banks,2,10:18,NJN,rebound,,,,,,,,,,Trenton Hassell,,,,,,def,,
Bobby Simmons,Brook Lopez,Rafer Alston,Terrence Williams,Trenton Hassell,Amir Johnson,Chris Bosh,Hedo Turkoglu,Marco Belinelli,Marcus Banks,2,10:11,NJN,turnover,,,,,,,,,,Terrence Williams,,,bad pass,,Amir Johnson,,,
Bobby Simmons,Brook Lopez,Rafer Alston,Terrence Williams,Trenton Hassell,Amir Johnson,Chris Bosh,Hedo Turkoglu,Marco Belinelli,Marcus Banks,2,10:02,TOR,shot,Hedo Turkoglu,,,,,,,,,Chris Bosh,2,,,made,,dunk,25,7
Bobby Simmons,Brook Lopez,Rafer Alston,Terrence Williams,Trenton Hassell,Amir Johnson,Chris Bosh,Hedo Turkoglu,Marco Belinelli,Marcus Banks,2,9:38,NJN,shot,,,,,,,,,,Bobby Simmons,,,,missed,,jump,41,21
Bobby Simmons,Brook Lopez,Rafer Alston,Terrence Williams,Trenton Hassell,Amir Johnson,Chris Bosh,Hedo Turkoglu,Marco Belinelli,Marcus Banks,2,9:37,TOR,rebound,,,,,,,,,,Marcus Banks,,,,,,def,,
Bobby Simmons,Brook Lopez,Rafer Alston,Terrence Williams,Trenton Hassell,Amir Johnson,Chris Bosh,Hedo Turkoglu,Marco Belinelli,Marcus Banks,2,9:24,TOR,shot,Hedo Turkoglu,,,,,,,,,Marcus Banks,3,,,made,,3pt,2,5
Bobby Simmons,Brook Lopez,Rafer Alston,Terrence Williams,Trenton Hassell,Amir Johnson,Chris Bosh,Hedo Turkoglu,Marco Belinelli,Marcus Banks,2,9:17,NJN,timeout,,,,,,,,,,,,,,,,short,,
Brook Lopez,Devin Harris,Rafer Alston,Terrence Williams,Trenton Hassell,Amir Johnson,Chris Bosh,Hedo Turkoglu,Marco Belinelli,Marcus Banks,2,9:17,NJN,sub,,,,Devin Harris,,Bobby Simmons,,,,,,,,,,,,
Brook Lopez,Devin Harris,Rafer Alston,Terrence Williams,Trenton Hassell,Amir Johnson,Chris Bosh,Hedo Turkoglu,Marco Belinelli,Marcus Banks,2,9:02,NJN,turnover,,,,,,,,,,Brook Lopez,,,lost ball,,Marcus Banks,,,
Brook Lopez,Devin Harris,Rafer Alston,Terrence Williams,Trenton Hassell,Amir Johnson,Chris Bosh,Hedo Turkoglu,Marco Belinelli,Marcus Banks,2,8:57,NJN,foul,,,,,,,,Amir Johnson,,Devin Harris,,,,,,shooting,,
Brook Lopez,Chris Douglas-Roberts,Devin Harris,Rafer Alston,Trenton Hassell,Amir Johnson,Chris Bosh,Hedo Turkoglu,Marco Belinelli,Marcus Banks,2,8:57,NJN,sub,,,,Chris Douglas-Roberts,,Terrence Williams,,,,,,,,,,,,
Brook Lopez,Chris Douglas-Roberts,Devin Harris,Rafer Alston,Trenton Hassell,Amir Johnson,Chris Bosh,Hedo Turkoglu,Marco Belinelli,Marcus Banks,2,8:57,TOR,free throw,,,,,,,1,,2,Amir Johnson,,,foul,made,,,,
Brook Lopez,Chris Douglas-Roberts,Devin Harris,Rafer Alston,Trenton Hassell,Amir Johnson,Chris Bosh,Hedo Turkoglu,Marco Belinelli,Marcus Banks,2,8:57,TOR,free throw,,,,,,,2,,2,Amir Johnson,,,foul,made,,,,
Brook Lopez,Chris Douglas-Roberts,Devin Harris,Rafer Alston,Trenton Hassell,Amir Johnson,Chris Bosh,Hedo Turkoglu,Marco Belinelli,Marcus Banks,2,8:42,NJN,shot,,,,,,,,,,Chris Douglas-Roberts,2,,,made,,driving reverse layup,22,8
Brook Lopez,Chris Douglas-Roberts,Devin Harris,Rafer Alston,Trenton Hassell,Amir Johnson,Chris Bosh,Hedo Turkoglu,Marco Belinelli,Marcus Banks,2,8:19,TOR,shot,,,,,,,,,,Marco Belinelli,,,,missed,,jump,12,25
Brook Lopez,Chris Douglas-Roberts,Devin Harris,Rafer Alston,Trenton Hassell,Amir Johnson,Chris Bosh,Hedo Turkoglu,Marco Belinelli,Marcus Banks,2,8:18,TOR,rebound,,,,,,,,,,Hedo Turkoglu,,,,,,off,,
Brook Lopez,Chris Douglas-Roberts,Devin Harris,Rafer Alston,Trenton Hassell,Amir Johnson,Chris Bosh,Hedo Turkoglu,Marco Belinelli,Marcus Banks,2,8:17,TOR,shot,,,,,,,,,,Hedo Turkoglu,2,,,made,,fade away jumper,26,12
Brook Lopez,Chris Douglas-Roberts,Devin Harris,Rafer Alston,Trenton Hassell,Amir Johnson,Chris Bosh,Hedo Turkoglu,Marco Belinelli,Marcus Banks,2,8:06,TOR,violation,,,,,,,,,,Marcus Banks,,,,,,kicked ball,,
Brook Lopez,Chris Douglas-Roberts,Devin Harris,Rafer Alston,Trenton Hassell,Amir Johnson,Chris Bosh,Hedo Turkoglu,Marco Belinelli,Marcus Banks,2,7:53,NJN,shot,,,,,,,,,,Rafer Alston,,,,missed,,3pt,48,15
Brook Lopez,Chris Douglas-Roberts,Devin Harris,Rafer Alston,Trenton Hassell,Amir Johnson,Chris Bosh,Hedo Turkoglu,Marco Belinelli,Marcus Banks,2,7:52,TOR,rebound,,,,,,,,,,Amir Johnson,,,,,,def,,
Brook Lopez,Chris Douglas-Roberts,Devin Harris,Rafer Alston,Trenton Hassell,Amir Johnson,Chris Bosh,Hedo Turkoglu,Marco Belinelli,Marcus Banks,2,7:40,TOR,shot,,,,,,,,,,Amir Johnson,,,,missed,,driving layup,23,8
Brook Lopez,Chris Douglas-Roberts,Devin Harris,Rafer Alston,Trenton Hassell,Amir Johnson,Chris Bosh,Hedo Turkoglu,Marco Belinelli,Marcus Banks,2,7:39,NJN,rebound,,,,,,,,,,Devin Harris,,,,,,def,,
Brook Lopez,Chris Douglas-Roberts,Devin Harris,Rafer Alston,Trenton Hassell,Amir Johnson,Chris Bosh,Hedo Turkoglu,Marco Belinelli,Marcus Banks,2,7:21,NJN,shot,,,,,,,,,,Brook Lopez,2,,,made,,driving layup,24,8
Brook Lopez,Chris Douglas-Roberts,Courtney Lee,Devin Harris,Trenton Hassell,Amir Johnson,Chris Bosh,Hedo Turkoglu,Marco Belinelli,Marcus Banks,2,6:58,NJN,sub,,,,Courtney Lee,,Rafer Alston,,,,,,,,,,,,
Brook Lopez,Chris Douglas-Roberts,Courtney Lee,Devin Harris,Trenton Hassell,Amir Johnson,Chris Bosh,Hedo Turkoglu,Marco Belinelli,Marcus Banks,2,6:55,TOR,shot,Marco Belinelli,,,,,,,,,Hedo Turkoglu,2,,,made,,driving layup,28,7
Brook Lopez,Chris Douglas-Roberts,Courtney Lee,Devin Harris,Trenton Hassell,Amir Johnson,Chris Bosh,Hedo Turkoglu,Marco Belinelli,Marcus Banks,2,6:46,TOR,foul,,,,,,,,Devin Harris,,Marcus Banks,,,,,,personal,,
Brook Lopez,Chris Douglas-Roberts,Courtney Lee,Devin Harris,Trenton Hassell,Amir Johnson,Chris Bosh,Hedo Turkoglu,Marco Belinelli,Marcus Banks,2,6:28,NJN,shot,,,,,,,,,,Brook Lopez,,,,missed,,jump bank,18,8
Brook Lopez,Chris Douglas-Roberts,Courtney Lee,Devin Harris,Trenton Hassell,Amir Johnson,Chris Bosh,Hedo Turkoglu,Marco Belinelli,Marcus Banks,2,6:28,NJN,rebound,,,,,,,,,,,,,,,,,,
Brook Lopez,Chris Douglas-Roberts,Courtney Lee,Devin Harris,Trenton Hassell,Amir Johnson,Chris Bosh,Hedo Turkoglu,Marco Belinelli,Marcus Banks,2,6:28,NJN,turnover,,,,,,,,,,,,,shot clock turnover,,,,,
Brook Lopez,Chris Douglas-Roberts,Courtney Lee,Devin Harris,Trenton Hassell,Amir Johnson,Chris Bosh,Hedo Turkoglu,Marco Belinelli,Marcus Banks,2,6:07,TOR,shot,,,,,,,,,,Chris Bosh,,,,missed,,running bank,18,10
Brook Lopez,Chris Douglas-Roberts,Courtney Lee,Devin Harris,Trenton Hassell,Amir Johnson,Chris Bosh,Hedo Turkoglu,Marco Belinelli,Marcus Banks,2,6:06,NJN,rebound,,,,,,,,,,Brook Lopez,,,,,,def,,
Brook Lopez,Chris Douglas-Roberts,Courtney Lee,Devin Harris,Trenton Hassell,Amir Johnson,Chris Bosh,Hedo Turkoglu,Marco Belinelli,Marcus Banks,2,5:56,NJN,shot,,,Amir Johnson,,,,,,,Devin Harris,,,,missed,,running jump,23,10
Brook Lopez,Chris Douglas-Roberts,Courtney Lee,Devin Harris,Trenton Hassell,Amir Johnson,Chris Bosh,Hedo Turkoglu,Marco Belinelli,Marcus Banks,2,5:54,TOR,rebound,,,,,,,,,,Marcus Banks,,,,,,def,,
Brook Lopez,Chris Douglas-Roberts,Courtney Lee,Devin Harris,Trenton Hassell,Amir Johnson,Chris Bosh,Hedo Turkoglu,Marco Belinelli,Marcus Banks,2,5:52,NJN,foul,,,,,,,,Amir Johnson,,Courtney Lee,,,,,,shooting,,
Brook Lopez,Chris Douglas-Roberts,Courtney Lee,Devin Harris,Trenton Hassell,Amir Johnson,Chris Bosh,Hedo Turkoglu,Marco Belinelli,Marcus Banks,2,5:52,TOR,timeout,,,,,,,,,,,,,,,,official,,
Brook Lopez,Chris Douglas-Roberts,Courtney Lee,Devin Harris,Trenton Hassell,Amir Johnson,Chris Bosh,Hedo Turkoglu,Marco Belinelli,Marcus Banks,2,5:52,TOR,free throw,,,,,,,1,,2,Amir Johnson,,,foul,missed,,,,
Brook Lopez,Chris Douglas-Roberts,Courtney Lee,Devin Harris,Trenton Hassell,Amir Johnson,Chris Bosh,Hedo Turkoglu,Marco Belinelli,Marcus Banks,2,5:52,TOR,rebound,,,,,,,,,,,,,,,,,,
Brook Lopez,Chris Douglas-Roberts,Courtney Lee,Devin Harris,Trenton Hassell,Amir Johnson,Chris Bosh,Hedo Turkoglu,Marco Belinelli,Marcus Banks,2,5:52,TOR,free throw,,,,,,,2,,2,Amir Johnson,,,foul,missed,,,,
Brook Lopez,Chris Douglas-Roberts,Courtney Lee,Devin Harris,Trenton Hassell,Amir Johnson,Chris Bosh,Hedo Turkoglu,Marco Belinelli,Marcus Banks,2,5:51,NJN,rebound,,,,,,,,,,Trenton Hassell,,,,,,def,,
Brook Lopez,Chris Douglas-Roberts,Courtney Lee,Devin Harris,Trenton Hassell,Amir Johnson,Chris Bosh,Hedo Turkoglu,Marco Belinelli,Marcus Banks,2,5:34,NJN,turnover,,,,,,,,,,Brook Lopez,,,out of bounds lost ball turnover,,,,,
Brook Lopez,Chris Douglas-Roberts,Courtney Lee,Devin Harris,Trenton Hassell,Andrea Bargnani,Chris Bosh,Hedo Turkoglu,Marco Belinelli,Marcus Banks,2,5:34,TOR,sub,,,,Andrea Bargnani,,Amir Johnson,,,,,,,,,,,,
Brook Lopez,Chris Douglas-Roberts,Courtney Lee,Devin Harris,Trenton Hassell,Andrea Bargnani,Chris Bosh,Hedo Turkoglu,Marco Belinelli,Marcus Banks,2,5:15,TOR,shot,Hedo Turkoglu,,,,,,,,,Andrea Bargnani,2,,,made,,jump,42,8
Brook Lopez,Chris Douglas-Roberts,Courtney Lee,Devin Harris,Trenton Hassell,Andrea Bargnani,Chris Bosh,Hedo Turkoglu,Marco Belinelli,Marcus Banks,2,4:52,NJN,turnover,,,,,,,,,,Trenton Hassell,,,lost ball,,Marcus Banks,,,
Brook Lopez,Chris Douglas-Roberts,Courtney Lee,Devin Harris,Trenton Hassell,Andrea Bargnani,Chris Bosh,Hedo Turkoglu,Marco Belinelli,Marcus Banks,2,4:46,TOR,shot,,,,,,,,,,Marco Belinelli,,,,missed,,layup,27,7
Brook Lopez,Chris Douglas-Roberts,Courtney Lee,Devin Harris,Trenton Hassell,Andrea Bargnani,Chris Bosh,Hedo Turkoglu,Marco Belinelli,Marcus Banks,2,4:45,TOR,rebound,,,,,,,,,,Hedo Turkoglu,,,,,,off,,
Brook Lopez,Chris Douglas-Roberts,Courtney Lee,Devin Harris,Trenton Hassell,Andrea Bargnani,Chris Bosh,Hedo Turkoglu,Marco Belinelli,Marcus Banks,2,4:43,TOR,shot,,,,,,,,,,Hedo Turkoglu,,,,missed,,tip,25,6
Brook Lopez,Chris Douglas-Roberts,Courtney Lee,Devin Harris,Trenton Hassell,Andrea Bargnani,Chris Bosh,Hedo Turkoglu,Marco Belinelli,Marcus Banks,2,4:41,NJN,rebound,,,,,,,,,,Devin Harris,,,,,,def,,
Brook Lopez,Chris Douglas-Roberts,Courtney Lee,Devin Harris,Trenton Hassell,Andrea Bargnani,Chris Bosh,Hedo Turkoglu,Marco Belinelli,Marcus Banks,2,4:34,NJN,shot,,,,,,,,,,Courtney Lee,2,,,made,,jump,45,7
Brook Lopez,Chris Douglas-Roberts,Courtney Lee,Devin Harris,Trenton Hassell,Andrea Bargnani,Chris Bosh,Hedo Turkoglu,Marco Belinelli,Marcus Banks,2,4:18,TOR,shot,,,,,,,,,,Chris Bosh,,,,missed,,alley oop layup,27,8
Brook Lopez,Chris Douglas-Roberts,Courtney Lee,Devin Harris,Trenton Hassell,Andrea Bargnani,Chris Bosh,Hedo Turkoglu,Marco Belinelli,Marcus Banks,2,4:16,NJN,rebound,,,,,,,,,,Trenton Hassell,,,,,,def,,
Brook Lopez,Chris Douglas-Roberts,Courtney Lee,Devin Harris,Trenton Hassell,Andrea Bargnani,Chris Bosh,Hedo Turkoglu,Marco Belinelli,Marcus Banks,2,4:12,NJN,shot,Trenton Hassell,,,,,,,,,Chris Douglas-Roberts,2,,,made,,driving layup,25,6
Brook Lopez,Chris Douglas-Roberts,Courtney Lee,Devin Harris,Trenton Hassell,Andrea Bargnani,Chris Bosh,Hedo Turkoglu,Marco Belinelli,Marcus Banks,2,4:12,TOR,foul,,,,,,,,Chris Douglas-Roberts,,Hedo Turkoglu,,,,,,shooting,,
Brook Lopez,Chris Douglas-Roberts,Courtney Lee,Devin Harris,Trenton Hassell,Andrea Bargnani,Chris Bosh,Hedo Turkoglu,Jarrett Jack,Marco Belinelli,2,4:12,TOR,sub,,,,Jarrett Jack,,Marcus Banks,,,,,,,,,,,,
Brook Lopez,Chris Douglas-Roberts,Courtney Lee,Devin Harris,Trenton Hassell,Andrea Bargnani,Chris Bosh,Hedo Turkoglu,Jarrett Jack,Marco Belinelli,2,4:12,NJN,free throw,,,,,,,1,,1,Chris Douglas-Roberts,,,foul,made,,,,
Brook Lopez,Chris Douglas-Roberts,Courtney Lee,Devin Harris,Trenton Hassell,Andrea Bargnani,Chris Bosh,Hedo Turkoglu,Jarrett Jack,Marco Belinelli,2,3:56,TOR,shot,,,,,,,,,,Hedo Turkoglu,,,,missed,,3pt,44,21
Brook Lopez,Chris Douglas-Roberts,Courtney Lee,Devin Harris,Trenton Hassell,Andrea Bargnani,Chris Bosh,Hedo Turkoglu,Jarrett Jack,Marco Belinelli,2,3:55,TOR,rebound,,,,,,,,,,Marco Belinelli,,,,,,off,,
Brook Lopez,Chris Douglas-Roberts,Courtney Lee,Devin Harris,Trenton Hassell,Andrea Bargnani,Chris Bosh,Hedo Turkoglu,Jarrett Jack,Marco Belinelli,2,3:53,TOR,shot,,,,,,,,,,Marco Belinelli,,,,missed,,tip,25,6
Brook Lopez,Chris Douglas-Roberts,Courtney Lee,Devin Harris,Trenton Hassell,Andrea Bargnani,Chris Bosh,Hedo Turkoglu,Jarrett Jack,Marco Belinelli,2,3:51,TOR,rebound,,,,,,,,,,Chris Bosh,,,,,,off,,
Brook Lopez,Chris Douglas-Roberts,Courtney Lee,Devin Harris,Trenton Hassell,Andrea Bargnani,Chris Bosh,Hedo Turkoglu,Jarrett Jack,Marco Belinelli,2,3:50,TOR,shot,,,,,,,,,,Chris Bosh,2,,,made,,putback slam dunk,25,6
Brook Lopez,Chris Douglas-Roberts,Courtney Lee,Devin Harris,Trenton Hassell,Andrea Bargnani,Chris Bosh,Hedo Turkoglu,Jarrett Jack,Marco Belinelli,2,3:30,NJN,turnover,,,,,,,,,,Courtney Lee,,,bad pass,,,,,
Brook Lopez,Chris Douglas-Roberts,Courtney Lee,Devin Harris,Trenton Hassell,Andrea Bargnani,Chris Bosh,Hedo Turkoglu,Jarrett Jack,Marco Belinelli,2,3:13,TOR,shot,Andrea Bargnani,,,,,,,,,Hedo Turkoglu,3,,,made,,3pt,47,7
Brook Lopez,Chris Douglas-Roberts,Courtney Lee,Devin Harris,Trenton Hassell,Andrea Bargnani,Chris Bosh,Hedo Turkoglu,Jarrett Jack,Marco Belinelli,2,2:57,NJN,shot,Trenton Hassell,,,,,,,,,Courtney Lee,3,,,made,,3pt,24,31
Brook Lopez,Chris Douglas-Roberts,Courtney Lee,Devin Harris,Trenton Hassell,Andrea Bargnani,Chris Bosh,Hedo Turkoglu,Jarrett Jack,Marco Belinelli,2,2:40,TOR,shot,Hedo Turkoglu,,,,,,,,,Andrea Bargnani,2,,,made,,pullup jump,23,20
Brook Lopez,Chris Douglas-Roberts,Courtney Lee,Devin Harris,Trenton Hassell,Andrea Bargnani,Chris Bosh,Hedo Turkoglu,Jarrett Jack,Marco Belinelli,2,2:24,TOR,timeout,,,,,,,,,,,,,,,,regular,,
Brook Lopez,Chris Douglas-Roberts,Courtney Lee,Devin Harris,Trenton Hassell,Andrea Bargnani,Chris Bosh,DeMar DeRozan,Jarrett Jack,Marco Belinelli,2,2:24,TOR,sub,,,,DeMar DeRozan,,Hedo Turkoglu,,,,,,,,,,,,
Brook Lopez,Chris Douglas-Roberts,Courtney Lee,Devin Harris,Trenton Hassell,Andrea Bargnani,Chris Bosh,DeMar DeRozan,Jarrett Jack,Sonny Weems,2,2:24,TOR,sub,,,,Sonny Weems,,Marco Belinelli,,,,,,,,,,,,
Brook Lopez,Chris Douglas-Roberts,Courtney Lee,Devin Harris,Josh Boone,Andrea Bargnani,Chris Bosh,DeMar DeRozan,Jarrett Jack,Sonny Weems,2,2:24,NJN,sub,,,,Josh Boone,,Trenton Hassell,,,,,,,,,,,,
Brook Lopez,Chris Douglas-Roberts,Courtney Lee,Devin Harris,Josh Boone,Andrea Bargnani,Chris Bosh,DeMar DeRozan,Jarrett Jack,Sonny Weems,2,2:15,NJN,shot,Chris Douglas-Roberts,,,,,,,,,Brook Lopez,2,,,made,,hook,29,8
Brook Lopez,Chris Douglas-Roberts,Courtney Lee,Devin Harris,Josh Boone,Andrea Bargnani,Chris Bosh,DeMar DeRozan,Jarrett Jack,Sonny Weems,2,2:02,TOR,shot,,,,,,,,,,Jarrett Jack,2,,,made,,driving layup,21,8
Brook Lopez,Chris Douglas-Roberts,Courtney Lee,Devin Harris,Josh Boone,Andrea Bargnani,Chris Bosh,DeMar DeRozan,Jarrett Jack,Sonny Weems,2,1:47,NJN,turnover,,,,,,,,,,Josh Boone,,,bad pass,,DeMar DeRozan,,,
Brook Lopez,Chris Douglas-Roberts,Courtney Lee,Devin Harris,Josh Boone,Andrea Bargnani,Chris Bosh,DeMar DeRozan,Jarrett Jack,Sonny Weems,2,1:34,TOR,shot,,,,,,,,,,Jarrett Jack,2,,,made,,pullup jump,18,27
Brook Lopez,Chris Douglas-Roberts,Courtney Lee,Devin Harris,Josh Boone,Andrea Bargnani,Chris Bosh,DeMar DeRozan,Jarrett Jack,Sonny Weems,2,1:11,NJN,turnover,,,,,,,,,,Courtney Lee,,,out of bounds lost ball turnover,,,,,
Brook Lopez,Chris Douglas-Roberts,Courtney Lee,Devin Harris,Josh Boone,Andrea Bargnani,Chris Bosh,DeMar DeRozan,Jarrett Jack,Sonny Weems,2,0:58,NJN,foul,,,,,,,,Andrea Bargnani,,Brook Lopez,,,,,,shooting,,
Brook Lopez,Chris Douglas-Roberts,Courtney Lee,Devin Harris,Josh Boone,Andrea Bargnani,Chris Bosh,DeMar DeRozan,Jarrett Jack,Sonny Weems,2,0:58,TOR,free throw,,,,,,,1,,2,Andrea Bargnani,,,foul,missed,,,,
Brook Lopez,Chris Douglas-Roberts,Courtney Lee,Devin Harris,Josh Boone,Andrea Bargnani,Chris Bosh,DeMar DeRozan,Jarrett Jack,Sonny Weems,2,0:58,TOR,rebound,,,,,,,,,,,,,,,,,,
Chris Douglas-Roberts,Courtney Lee,Devin Harris,Josh Boone,Sean Williams,Andrea Bargnani,Chris Bosh,DeMar DeRozan,Jarrett Jack,Sonny Weems,2,0:58,NJN,sub,,,,Sean Williams,,Brook Lopez,,,,,,,,,,,,
Chris Douglas-Roberts,Courtney Lee,Devin Harris,Josh Boone,Sean Williams,Andrea Bargnani,Chris Bosh,DeMar DeRozan,Jarrett Jack,Sonny Weems,2,0:58,TOR,free throw,,,,,,,2,,2,Andrea Bargnani,,,foul,missed,,,,
Chris Douglas-Roberts,Courtney Lee,Devin Harris,Josh Boone,Sean Williams,Andrea Bargnani,Chris Bosh,DeMar DeRozan,Jarrett Jack,Sonny Weems,2,0:57,NJN,rebound,,,,,,,,,,Sean Williams,,,,,,def,,
Chris Douglas-Roberts,Courtney Lee,Devin Harris,Josh Boone,Sean Williams,Andrea Bargnani,Chris Bosh,DeMar DeRozan,Jarrett Jack,Sonny Weems,2,0:43,NJN,shot,,,,,,,,,,Chris Douglas-Roberts,,,,missed,,driving layup,25,10
Chris Douglas-Roberts,Courtney Lee,Devin Harris,Josh Boone,Sean Williams,Andrea Bargnani,Chris Bosh,DeMar DeRozan,Jarrett Jack,Sonny Weems,2,0:41,TOR,rebound,,,,,,,,,,Chris Bosh,,,,,,def,,
Chris Douglas-Roberts,Courtney Lee,Devin Harris,Josh Boone,Sean Williams,Andrea Bargnani,Chris Bosh,DeMar DeRozan,Jarrett Jack,Sonny Weems,2,0:36,TOR,shot,Jarrett Jack,,,,,,,,,Sonny Weems,2,,,made,,jump,40,19
Chris Douglas-Roberts,Courtney Lee,Devin Harris,Josh Boone,Sean Williams,Andrea Bargnani,Chris Bosh,DeMar DeRozan,Jarrett Jack,Sonny Weems,2,0:17,NJN,shot,,,,,,,,,,Devin Harris,,,,missed,,running jump,40,8
Chris Douglas-Roberts,Courtney Lee,Devin Harris,Josh Boone,Sean Williams,Andrea Bargnani,Chris Bosh,DeMar DeRozan,Jarrett Jack,Sonny Weems,2,0:14,NJN,rebound,,,,,,,,,,Chris Douglas-Roberts,,,,,,off,,
Chris Douglas-Roberts,Courtney Lee,Devin Harris,Josh Boone,Sean Williams,Andrea Bargnani,Chris Bosh,DeMar DeRozan,Jarrett Jack,Sonny Weems,2,0:13,NJN,shot,Chris Douglas-Roberts,,,,,,,,,Devin Harris,2,,,made,,layup,25,6
Chris Douglas-Roberts,Courtney Lee,Devin Harris,Josh Boone,Sean Williams,Andrea Bargnani,Chris Bosh,DeMar DeRozan,Jarrett Jack,Sonny Weems,2,0:01,TOR,shot,,,,,,,,,,DeMar DeRozan,,,,missed,,alley oop layup,27,8
Chris Douglas-Roberts,Courtney Lee,Devin Harris,Josh Boone,Sean Williams,Andrea Bargnani,Chris Bosh,DeMar DeRozan,Jarrett Jack,Sonny Weems,2,0:00,TOR,rebound,,,,,,,,,,Chris Bosh,,,,,,off,,
Chris Douglas-Roberts,Courtney Lee,Devin Harris,Josh Boone,Sean Williams,Andrea Bargnani,Chris Bosh,DeMar DeRozan,Jarrett Jack,Sonny Weems,2,0:00,TOR,shot,,,,,,,,,,Chris Bosh,2,,,made,,tip,25,6
Brook Lopez,Chris Douglas-Roberts,Courtney Lee,Devin Harris,Eduardo Najera,Andrea Bargnani,Chris Bosh,DeMar DeRozan,Hedo Turkoglu,Jarrett Jack,3,11:45,NJN,shot,,,,,,,,,,Devin Harris,2,,,made,,pullup jump,38,14
Brook Lopez,Chris Douglas-Roberts,Courtney Lee,Devin Harris,Eduardo Najera,Andrea Bargnani,Chris Bosh,DeMar DeRozan,Hedo Turkoglu,Jarrett Jack,3,11:17,TOR,shot,,,,,,,,,,Hedo Turkoglu,3,,,made,,3pt,33,29
Brook Lopez,Chris Douglas-Roberts,Courtney Lee,Devin Harris,Eduardo Najera,Andrea Bargnani,Chris Bosh,DeMar DeRozan,Hedo Turkoglu,Jarrett Jack,3,10:53,NJN,shot,,,,,,,,,,Devin Harris,,,,missed,,driving layup,28,7
Brook Lopez,Chris Douglas-Roberts,Courtney Lee,Devin Harris,Eduardo Najera,Andrea Bargnani,Chris Bosh,DeMar DeRozan,Hedo Turkoglu,Jarrett Jack,3,10:52,NJN,rebound,,,,,,,,,,Brook Lopez,,,,,,off,,
Brook Lopez,Chris Douglas-Roberts,Courtney Lee,Devin Harris,Eduardo Najera,Andrea Bargnani,Chris Bosh,DeMar DeRozan,Hedo Turkoglu,Jarrett Jack,3,10:50,NJN,shot,,,,,,,,,,Brook Lopez,2,,,made,,tip,25,6
Brook Lopez,Chris Douglas-Roberts,Courtney Lee,Devin Harris,Eduardo Najera,Andrea Bargnani,Chris Bosh,DeMar DeRozan,Hedo Turkoglu,Jarrett Jack,3,10:39,TOR,shot,,,,,,,,,,Andrea Bargnani,,,,missed,,jump,25,27
Brook Lopez,Chris Douglas-Roberts,Courtney Lee,Devin Harris,Eduardo Najera,Andrea Bargnani,Chris Bosh,DeMar DeRozan,Hedo Turkoglu,Jarrett Jack,3,10:38,NJN,rebound,,,,,,,,,,Brook Lopez,,,,,,def,,
Brook Lopez,Chris Douglas-Roberts,Courtney Lee,Devin Harris,Eduardo Najera,Andrea Bargnani,Chris Bosh,DeMar DeRozan,Hedo Turkoglu,Jarrett Jack,3,10:30,NJN,shot,,,,,,,,,,Devin Harris,2,,,made,,driving layup,24,6
Brook Lopez,Chris Douglas-Roberts,Courtney Lee,Devin Harris,Eduardo Najera,Andrea Bargnani,Chris Bosh,DeMar DeRozan,Hedo Turkoglu,Jarrett Jack,3,10:16,TOR,shot,,,,,,,,,,Andrea Bargnani,,,,missed,,jump,18,14
Brook Lopez,Chris Douglas-Roberts,Courtney Lee,Devin Harris,Eduardo Najera,Andrea Bargnani,Chris Bosh,DeMar DeRozan,Hedo Turkoglu,Jarrett Jack,3,10:15,TOR,rebound,,,,,,,,,,Chris Bosh,,,,,,off,,
Brook Lopez,Chris Douglas-Roberts,Courtney Lee,Devin Harris,Eduardo Najera,Andrea Bargnani,Chris Bosh,DeMar DeRozan,Hedo Turkoglu,Jarrett Jack,3,10:13,TOR,shot,,,,,,,,,,Chris Bosh,,,,missed,,tip,25,6
Brook Lopez,Chris Douglas-Roberts,Courtney Lee,Devin Harris,Eduardo Najera,Andrea Bargnani,Chris Bosh,DeMar DeRozan,Hedo Turkoglu,Jarrett Jack,3,10:12,TOR,rebound,,,,,,,,,,DeMar DeRozan,,,,,,off,,
Brook Lopez,Chris Douglas-Roberts,Courtney Lee,Devin Harris,Eduardo Najera,Andrea Bargnani,Chris Bosh,DeMar DeRozan,Hedo Turkoglu,Jarrett Jack,3,10:11,TOR,turnover,,,,,,,,,,DeMar DeRozan,,,lost ball,,Courtney Lee,,,
Brook Lopez,Chris Douglas-Roberts,Courtney Lee,Devin Harris,Eduardo Najera,Andrea Bargnani,Chris Bosh,DeMar DeRozan,Hedo Turkoglu,Jarrett Jack,3,10:08,TOR,violation,,,,,,,,,,DeMar DeRozan,,,,,,defensive goaltending,,
Brook Lopez,Chris Douglas-Roberts,Courtney Lee,Devin Harris,Eduardo Najera,Andrea Bargnani,Chris Bosh,DeMar DeRozan,Hedo Turkoglu,Jarrett Jack,3,10:08,NJN,shot,,,,,,,,,,Courtney Lee,2,,,made,,driving layup,25,6
Brook Lopez,Chris Douglas-Roberts,Courtney Lee,Devin Harris,Eduardo Najera,Andrea Bargnani,Chris Bosh,DeMar DeRozan,Hedo Turkoglu,Jarrett Jack,3,10:08,TOR,timeout,,,,,,,,,,,,,,,,regular,,
Brook Lopez,Chris Douglas-Roberts,Courtney Lee,Devin Harris,Eduardo Najera,Andrea Bargnani,Chris Bosh,DeMar DeRozan,Hedo Turkoglu,Jarrett Jack,3,9:47,TOR,shot,,,,,,,,,,Hedo Turkoglu,,,,missed,,jump,42,8
Brook Lopez,Chris Douglas-Roberts,Courtney Lee,Devin Harris,Eduardo Najera,Andrea Bargnani,Chris Bosh,DeMar DeRozan,Hedo Turkoglu,Jarrett Jack,3,9:46,NJN,rebound,,,,,,,,,,Devin Harris,,,,,,def,,
Brook Lopez,Chris Douglas-Roberts,Courtney Lee,Devin Harris,Eduardo Najera,Andrea Bargnani,Chris Bosh,DeMar DeRozan,Hedo Turkoglu,Jarrett Jack,3,9:30,NJN,shot,,,,,,,,,,Brook Lopez,2,,,made,,driving dunk,25,7
Brook Lopez,Chris Douglas-Roberts,Courtney Lee,Devin Harris,Eduardo Najera,Andrea Bargnani,Chris Bosh,DeMar DeRozan,Hedo Turkoglu,Jarrett Jack,3,9:11,TOR,shot,,,,,,,,,,Andrea Bargnani,,,,missed,,jump,41,20
Brook Lopez,Chris Douglas-Roberts,Courtney Lee,Devin Harris,Eduardo Najera,Andrea Bargnani,Chris Bosh,DeMar DeRozan,Hedo Turkoglu,Jarrett Jack,3,9:10,TOR,rebound,,,,,,,,,,Jarrett Jack,,,,,,off,,
Brook Lopez,Chris Douglas-Roberts,Courtney Lee,Devin Harris,Eduardo Najera,Andrea Bargnani,Chris Bosh,DeMar DeRozan,Hedo Turkoglu,Jarrett Jack,3,9:05,TOR,shot,Jarrett Jack,,,,,,,,,Andrea Bargnani,2,,,made,,slam dunk,24,7
Brook Lopez,Chris Douglas-Roberts,Courtney Lee,Devin Harris,Eduardo Najera,Andrea Bargnani,Chris Bosh,DeMar DeRozan,Hedo Turkoglu,Jarrett Jack,3,8:48,NJN,shot,Brook Lopez,,,,,,,,,Chris Douglas-Roberts,2,,,made,,running layup,23,6
Brook Lopez,Chris Douglas-Roberts,Courtney Lee,Devin Harris,Eduardo Najera,Andrea Bargnani,Chris Bosh,DeMar DeRozan,Hedo Turkoglu,Jarrett Jack,3,8:48,TOR,foul,,,,,,,,Chris Douglas-Roberts,,Hedo Turkoglu,,,,,,shooting,,
Brook Lopez,Chris Douglas-Roberts,Courtney Lee,Devin Harris,Eduardo Najera,Andrea Bargnani,Chris Bosh,DeMar DeRozan,Hedo Turkoglu,Jarrett Jack,3,8:48,NJN,free throw,,,,,,,1,,1,Chris Douglas-Roberts,,,foul,made,,,,
Brook Lopez,Chris Douglas-Roberts,Courtney Lee,Devin Harris,Eduardo Najera,Andrea Bargnani,Chris Bosh,DeMar DeRozan,Hedo Turkoglu,Jarrett Jack,3,8:25,TOR,shot,,,,,,,,,,DeMar DeRozan,2,,,made,,pullup jump,39,6
Brook Lopez,Chris Douglas-Roberts,Courtney Lee,Devin Harris,Eduardo Najera,Andrea Bargnani,Chris Bosh,DeMar DeRozan,Hedo Turkoglu,Jarrett Jack,3,8:10,NJN,shot,,,,,,,,,,Eduardo Najera,,,,missed,,jump,46,6
Brook Lopez,Chris Douglas-Roberts,Courtney Lee,Devin Harris,Eduardo Najera,Andrea Bargnani,Chris Bosh,DeMar DeRozan,Hedo Turkoglu,Jarrett Jack,3,8:09,NJN,rebound,,,,,,,,,,Brook Lopez,,,,,,off,,
Brook Lopez,Chris Douglas-Roberts,Courtney Lee,Devin Harris,Eduardo Najera,Andrea Bargnani,Chris Bosh,DeMar DeRozan,Hedo Turkoglu,Jarrett Jack,3,8:08,TOR,foul,,,,,,,,Brook Lopez,,Hedo Turkoglu,,,,,,shooting,,
Brook Lopez,Chris Douglas-Roberts,Courtney Lee,Devin Harris,Eduardo Najera,Andrea Bargnani,Chris Bosh,DeMar DeRozan,Hedo Turkoglu,Jarrett Jack,3,8:08,NJN,free throw,,,,,,,1,,2,Brook Lopez,,,foul,made,,,,
Brook Lopez,Chris Douglas-Roberts,Courtney Lee,Devin Harris,Eduardo Najera,Andrea Bargnani,Chris Bosh,DeMar DeRozan,Hedo Turkoglu,Jarrett Jack,3,8:08,NJN,free throw,,,,,,,2,,2,Brook Lopez,,,foul,made,,,,
Brook Lopez,Chris Douglas-Roberts,Courtney Lee,Devin Harris,Eduardo Najera,Andrea Bargnani,Chris Bosh,DeMar DeRozan,Hedo Turkoglu,Jarrett Jack,3,7:50,TOR,turnover,,,,,,,,,,DeMar DeRozan,,,bad pass,,,,,
Brook Lopez,Chris Douglas-Roberts,Courtney Lee,Devin Harris,Eduardo Najera,Andrea Bargnani,Chris Bosh,DeMar DeRozan,Hedo Turkoglu,Jarrett Jack,3,7:38,NJN,shot,,,Chris Bosh,,,,,,,Brook Lopez,,,,missed,,layup,25,9
Brook Lopez,Chris Douglas-Roberts,Courtney Lee,Devin Harris,Eduardo Najera,Andrea Bargnani,Chris Bosh,DeMar DeRozan,Hedo Turkoglu,Jarrett Jack,3,7:38,NJN,rebound,,,,,,,,,,,,,,,,,,
Brook Lopez,Chris Douglas-Roberts,Courtney Lee,Devin Harris,Eduardo Najera,Andrea Bargnani,Chris Bosh,DeMar DeRozan,Hedo Turkoglu,Jarrett Jack,3,7:33,NJN,shot,,,,,,,,,,Courtney Lee,,,,missed,,pullup jump,16,7
Brook Lopez,Chris Douglas-Roberts,Courtney Lee,Devin Harris,Eduardo Najera,Andrea Bargnani,Chris Bosh,DeMar DeRozan,Hedo Turkoglu,Jarrett Jack,3,7:32,TOR,rebound,,,,,,,,,,Chris Bosh,,,,,,def,,
Brook Lopez,Chris Douglas-Roberts,Courtney Lee,Devin Harris,Eduardo Najera,Andrea Bargnani,Chris Bosh,DeMar DeRozan,Hedo Turkoglu,Jarrett Jack,3,7:24,TOR,shot,,,,,,,,,,Jarrett Jack,2,,,made,,driving layup,22,7
Brook Lopez,Chris Douglas-Roberts,Courtney Lee,Devin Harris,Eduardo Najera,Andrea Bargnani,Chris Bosh,DeMar DeRozan,Hedo Turkoglu,Jarrett Jack,3,7:12,NJN,shot,,,,,,,,,,Devin Harris,2,,,made,,driving layup,23,6
Brook Lopez,Chris Douglas-Roberts,Courtney Lee,Devin Harris,Eduardo Najera,Andrea Bargnani,Chris Bosh,DeMar DeRozan,Hedo Turkoglu,Jarrett Jack,3,7:01,TOR,shot,Andrea Bargnani,,,,,,,,,Chris Bosh,2,,,made,,slam dunk,23,7
Brook Lopez,Chris Douglas-Roberts,Courtney Lee,Devin Harris,Eduardo Najera,Andrea Bargnani,Chris Bosh,DeMar DeRozan,Hedo Turkoglu,Jarrett Jack,3,6:43,NJN,shot,,,,,,,,,,Devin Harris,,,,missed,,3pt,34,29
Brook Lopez,Chris Douglas-Roberts,Courtney Lee,Devin Harris,Eduardo Najera,Andrea Bargnani,Chris Bosh,DeMar DeRozan,Hedo Turkoglu,Jarrett Jack,3,6:42,TOR,rebound,,,,,,,,,,Andrea Bargnani,,,,,,def,,
Brook Lopez,Chris Douglas-Roberts,Courtney Lee,Devin Harris,Eduardo Najera,Andrea Bargnani,Chris Bosh,DeMar DeRozan,Hedo Turkoglu,Jarrett Jack,3,6:25,TOR,shot,Chris Bosh,,,,,,,,,DeMar DeRozan,2,,,made,,running layup,23,7
Brook Lopez,Chris Douglas-Roberts,Courtney Lee,Devin Harris,Eduardo Najera,Andrea Bargnani,Chris Bosh,DeMar DeRozan,Hedo Turkoglu,Jarrett Jack,3,6:09,NJN,shot,,,,,,,,,,Courtney Lee,,,,missed,,3pt,48,5
Brook Lopez,Chris Douglas-Roberts,Courtney Lee,Devin Harris,Eduardo Najera,Andrea Bargnani,Chris Bosh,DeMar DeRozan,Hedo Turkoglu,Jarrett Jack,3,6:07,TOR,rebound,,,,,,,,,,Chris Bosh,,,,,,def,,
Brook Lopez,Chris Douglas-Roberts,Courtney Lee,Devin Harris,Eduardo Najera,Andrea Bargnani,Chris Bosh,DeMar DeRozan,Hedo Turkoglu,Jarrett Jack,3,6:03,TOR,turnover,,,,,,,,,,DeMar DeRozan,,,lost ball,,Devin Harris,,,
Brook Lopez,Chris Douglas-Roberts,Courtney Lee,Devin Harris,Eduardo Najera,Andrea Bargnani,Chris Bosh,DeMar DeRozan,Hedo Turkoglu,Jarrett Jack,3,5:57,NJN,shot,Devin Harris,,,,,,,,,Chris Douglas-Roberts,2,,,made,,driving layup,23,7
Brook Lopez,Chris Douglas-Roberts,Courtney Lee,Devin Harris,Eduardo Najera,Andrea Bargnani,Chris Bosh,DeMar DeRozan,Hedo Turkoglu,Jarrett Jack,3,5:37,TOR,foul,,,,,,,,Devin Harris,,Jarrett Jack,,,,,,offensive,,
Brook Lopez,Chris Douglas-Roberts,Courtney Lee,Devin Harris,Eduardo Najera,Andrea Bargnani,Chris Bosh,DeMar DeRozan,Hedo Turkoglu,Jarrett Jack,3,5:37,TOR,turnover,,,,,,,,,,Jarrett Jack,,,foul,,,,,
Brook Lopez,Chris Douglas-Roberts,Courtney Lee,Devin Harris,Eduardo Najera,Andrea Bargnani,Chris Bosh,DeMar DeRozan,Hedo Turkoglu,Jarrett Jack,3,5:26,TOR,foul,,,,,,,,Eduardo Najera,,Jarrett Jack,,,,,,personal,,
Brook Lopez,Chris Douglas-Roberts,Courtney Lee,Devin Harris,Eduardo Najera,Andrea Bargnani,Chris Bosh,DeMar DeRozan,Hedo Turkoglu,Jarrett Jack,3,5:12,NJN,shot,Brook Lopez,,,,,,,,,Chris Douglas-Roberts,2,,,made,,pullup jump,44,5
Brook Lopez,Chris Douglas-Roberts,Courtney Lee,Devin Harris,Eduardo Najera,Andrea Bargnani,Chris Bosh,DeMar DeRozan,Hedo Turkoglu,Jarrett Jack,3,4:52,TOR,shot,,,,,,,,,,Andrea Bargnani,,,,missed,,3pt,12,27
Brook Lopez,Chris Douglas-Roberts,Courtney Lee,Devin Harris,Eduardo Najera,Andrea Bargnani,Chris Bosh,DeMar DeRozan,Hedo Turkoglu,Jarrett Jack,3,4:51,NJN,rebound,,,,,,,,,,Courtney Lee,,,,,,def,,
Brook Lopez,Chris Douglas-Roberts,Courtney Lee,Devin Harris,Eduardo Najera,Andrea Bargnani,Chris Bosh,DeMar DeRozan,Hedo Turkoglu,Jarrett Jack,3,4:41,TOR,foul,,,,,,,,Chris Douglas-Roberts,,Jarrett Jack,,,,,,personal,,
Brook Lopez,Chris Douglas-Roberts,Courtney Lee,Devin Harris,Trenton Hassell,Andrea Bargnani,Chris Bosh,DeMar DeRozan,Hedo Turkoglu,Jarrett Jack,3,4:41,NJN,sub,,,,Trenton Hassell,,Eduardo Najera,,,,,,,,,,,,
Brook Lopez,Chris Douglas-Roberts,Courtney Lee,Devin Harris,Trenton Hassell,Andrea Bargnani,Chris Bosh,DeMar DeRozan,Jarrett Jack,Sonny Weems,3,4:41,TOR,sub,,,,Sonny Weems,,Hedo Turkoglu,,,,,,,,,,,,
Brook Lopez,Chris Douglas-Roberts,Courtney Lee,Rafer Alston,Trenton Hassell,Andrea Bargnani,Chris Bosh,DeMar DeRozan,Jarrett Jack,Sonny Weems,3,4:41,NJN,sub,,,,Rafer Alston,,Devin Harris,,,,,,,,,,,,
Brook Lopez,Chris Douglas-Roberts,Courtney Lee,Rafer Alston,Trenton Hassell,Amir Johnson,Andrea Bargnani,DeMar DeRozan,Jarrett Jack,Sonny Weems,3,4:41,TOR,sub,,,,Amir Johnson,,Chris Bosh,,,,,,,,,,,,
Brook Lopez,Chris Douglas-Roberts,Courtney Lee,Rafer Alston,Trenton Hassell,Amir Johnson,Andrea Bargnani,DeMar DeRozan,Jarrett Jack,Sonny Weems,3,4:32,NJN,shot,Chris Douglas-Roberts,,,,,,,,,Trenton Hassell,2,,,made,,jump,42,7
Brook Lopez,Chris Douglas-Roberts,Courtney Lee,Rafer Alston,Trenton Hassell,Amir Johnson,Andrea Bargnani,DeMar DeRozan,Jarrett Jack,Sonny Weems,3,4:16,TOR,shot,Andrea Bargnani,,,,,,,,,Amir Johnson,2,,,made,,dunk,26,7
Brook Lopez,Chris Douglas-Roberts,Courtney Lee,Rafer Alston,Trenton Hassell,Amir Johnson,Andrea Bargnani,DeMar DeRozan,Jarrett Jack,Sonny Weems,3,3:59,NJN,shot,,,,,,,,,,Chris Douglas-Roberts,,,,missed,,driving layup,22,6
Brook Lopez,Chris Douglas-Roberts,Courtney Lee,Rafer Alston,Trenton Hassell,Amir Johnson,Andrea Bargnani,DeMar DeRozan,Jarrett Jack,Sonny Weems,3,3:57,TOR,rebound,,,,,,,,,,Sonny Weems,,,,,,def,,
Brook Lopez,Chris Douglas-Roberts,Courtney Lee,Rafer Alston,Trenton Hassell,Amir Johnson,Andrea Bargnani,DeMar DeRozan,Jarrett Jack,Sonny Weems,3,3:54,TOR,foul,,,,,,,,Trenton Hassell,,Amir Johnson,,,,,,offensive,,
Brook Lopez,Chris Douglas-Roberts,Courtney Lee,Rafer Alston,Trenton Hassell,Amir Johnson,Andrea Bargnani,DeMar DeRozan,Jarrett Jack,Sonny Weems,3,3:54,TOR,turnover,,,,,,,,,,Amir Johnson,,,foul,,,,,
Brook Lopez,Chris Douglas-Roberts,Courtney Lee,Rafer Alston,Trenton Hassell,Amir Johnson,Andrea Bargnani,DeMar DeRozan,Jarrett Jack,Sonny Weems,3,3:30,NJN,shot,,,Andrea Bargnani,,,,,,,Courtney Lee,,,,missed,,fade away jumper,9,7
Brook Lopez,Chris Douglas-Roberts,Courtney Lee,Rafer Alston,Trenton Hassell,Amir Johnson,Andrea Bargnani,DeMar DeRozan,Jarrett Jack,Sonny Weems,3,3:30,NJN,rebound,,,,,,,,,,,,,,,,,,
Brook Lopez,Chris Douglas-Roberts,Courtney Lee,Rafer Alston,Trenton Hassell,Amir Johnson,Andrea Bargnani,DeMar DeRozan,Jarrett Jack,Sonny Weems,3,3:30,NJN,turnover,,,,,,,,,,,,,shot clock turnover,,,,,
Brook Lopez,Chris Douglas-Roberts,Courtney Lee,Rafer Alston,Trenton Hassell,Amir Johnson,Andrea Bargnani,DeMar DeRozan,Jarrett Jack,Sonny Weems,3,3:16,TOR,shot,Sonny Weems,,,,,,,,,Andrea Bargnani,2,,,made,,jump,15,23
Brook Lopez,Chris Douglas-Roberts,Courtney Lee,Rafer Alston,Trenton Hassell,Amir Johnson,Andrea Bargnani,DeMar DeRozan,Jarrett Jack,Sonny Weems,3,3:09,TOR,foul,,,,,,,,Rafer Alston,,Andrea Bargnani,,,,,,personal,,
Brook Lopez,Chris Douglas-Roberts,Courtney Lee,Rafer Alston,Trenton Hassell,Amir Johnson,Andrea Bargnani,DeMar DeRozan,Jarrett Jack,Sonny Weems,3,3:09,NJN,free throw,,,,,,,1,,2,Rafer Alston,,,foul,made,,,,
Brook Lopez,Chris Douglas-Roberts,Rafer Alston,Terrence Williams,Trenton Hassell,Amir Johnson,Andrea Bargnani,DeMar DeRozan,Jarrett Jack,Sonny Weems,3,3:09,NJN,sub,,,,Terrence Williams,,Courtney Lee,,,,,,,,,,,,
Brook Lopez,Chris Douglas-Roberts,Rafer Alston,Terrence Williams,Trenton Hassell,Amir Johnson,Andrea Bargnani,DeMar DeRozan,Jarrett Jack,Sonny Weems,3,3:09,NJN,free throw,,,,,,,2,,2,Rafer Alston,,,foul,made,,,,
Brook Lopez,Chris Douglas-Roberts,Rafer Alston,Terrence Williams,Trenton Hassell,Amir Johnson,Andrea Bargnani,DeMar DeRozan,Jarrett Jack,Sonny Weems,3,3:00,NJN,foul,,,,,,,,DeMar DeRozan,,Rafer Alston,,,,,,personal,,
Brook Lopez,Chris Douglas-Roberts,Rafer Alston,Terrence Williams,Trenton Hassell,Amir Johnson,Andrea Bargnani,DeMar DeRozan,Jarrett Jack,Sonny Weems,3,2:56,NJN,foul,,,,,,,,Amir Johnson,,Terrence Williams,,,,,,shooting,,
Brook Lopez,Chris Douglas-Roberts,Rafer Alston,Terrence Williams,Trenton Hassell,Amir Johnson,Andrea Bargnani,DeMar DeRozan,Jarrett Jack,Sonny Weems,3,2:56,NJN,timeout,,,,,,,,,,,,,,,,regular,,
Brook Lopez,Chris Douglas-Roberts,Rafer Alston,Terrence Williams,Trenton Hassell,Amir Johnson,Andrea Bargnani,Jarrett Jack,Marco Belinelli,Sonny Weems,3,2:56,TOR,sub,,,,Marco Belinelli,,DeMar DeRozan,,,,,,,,,,,,
Brook Lopez,Chris Douglas-Roberts,Rafer Alston,Terrence Williams,Trenton Hassell,Amir Johnson,Andrea Bargnani,Jarrett Jack,Marco Belinelli,Sonny Weems,3,2:56,TOR,free throw,,,,,,,1,,2,Amir Johnson,,,foul,missed,,,,
Brook Lopez,Chris Douglas-Roberts,Rafer Alston,Terrence Williams,Trenton Hassell,Amir Johnson,Andrea Bargnani,Jarrett Jack,Marco Belinelli,Sonny Weems,3,2:56,TOR,rebound,,,,,,,,,,,,,,,,,,
Brook Lopez,Chris Douglas-Roberts,Rafer Alston,Terrence Williams,Trenton Hassell,Amir Johnson,Andrea Bargnani,Jarrett Jack,Marco Belinelli,Sonny Weems,3,2:56,TOR,free throw,,,,,,,2,,2,Amir Johnson,,,foul,made,,,,
Brook Lopez,Chris Douglas-Roberts,Rafer Alston,Terrence Williams,Trenton Hassell,Amir Johnson,Andrea Bargnani,Jarrett Jack,Marco Belinelli,Sonny Weems,3,2:42,NJN,turnover,,,,,,,,,,Terrence Williams,,,lost ball,,Jarrett Jack,,,
Brook Lopez,Chris Douglas-Roberts,Rafer Alston,Terrence Williams,Trenton Hassell,Amir Johnson,Andrea Bargnani,Jarrett Jack,Marco Belinelli,Sonny Weems,3,2:37,TOR,shot,Sonny Weems,,,,,,,,,Marco Belinelli,2,,,made,,running layup,23,7
Brook Lopez,Chris Douglas-Roberts,Rafer Alston,Terrence Williams,Trenton Hassell,Amir Johnson,Andrea Bargnani,Jarrett Jack,Marco Belinelli,Sonny Weems,3,2:23,TOR,foul,,,,,,,,Brook Lopez,,Sonny Weems,,,,,,shooting,,
Brook Lopez,Chris Douglas-Roberts,Rafer Alston,Terrence Williams,Trenton Hassell,Amir Johnson,Andrea Bargnani,Jarrett Jack,Marco Belinelli,Sonny Weems,3,2:23,NJN,free throw,,,,,,,1,,2,Brook Lopez,,,foul,made,,,,
Brook Lopez,Chris Douglas-Roberts,Rafer Alston,Terrence Williams,Trenton Hassell,Amir Johnson,Andrea Bargnani,Jarrett Jack,Marco Belinelli,Sonny Weems,3,2:23,NJN,free throw,,,,,,,2,,2,Brook Lopez,,,foul,made,,,,
Brook Lopez,Chris Douglas-Roberts,Rafer Alston,Terrence Williams,Trenton Hassell,Amir Johnson,Andrea Bargnani,Jarrett Jack,Marco Belinelli,Sonny Weems,3,1:59,TOR,shot,,,,,,,,,,Sonny Weems,,,,missed,,jump,15,8
Brook Lopez,Chris Douglas-Roberts,Rafer Alston,Terrence Williams,Trenton Hassell,Amir Johnson,Andrea Bargnani,Jarrett Jack,Marco Belinelli,Sonny Weems,3,1:58,TOR,rebound,,,,,,,,,,Amir Johnson,,,,,,off,,
Brook Lopez,Chris Douglas-Roberts,Rafer Alston,Terrence Williams,Trenton Hassell,Amir Johnson,Andrea Bargnani,Jarrett Jack,Marco Belinelli,Sonny Weems,3,1:57,TOR,shot,,,,,,,,,,Amir Johnson,,,,missed,,tip,25,6
Brook Lopez,Chris Douglas-Roberts,Rafer Alston,Terrence Williams,Trenton Hassell,Amir Johnson,Andrea Bargnani,Jarrett Jack,Marco Belinelli,Sonny Weems,3,1:56,NJN,rebound,,,,,,,,,,Brook Lopez,,,,,,def,,
Brook Lopez,Chris Douglas-Roberts,Rafer Alston,Terrence Williams,Trenton Hassell,Amir Johnson,Andrea Bargnani,Jarrett Jack,Marco Belinelli,Sonny Weems,3,1:51,NJN,shot,,,,,,,,,,Rafer Alston,,,,missed,,layup,25,6
Brook Lopez,Chris Douglas-Roberts,Rafer Alston,Terrence Williams,Trenton Hassell,Amir Johnson,Andrea Bargnani,Jarrett Jack,Marco Belinelli,Sonny Weems,3,1:50,NJN,rebound,,,,,,,,,,Chris Douglas-Roberts,,,,,,off,,
Brook Lopez,Chris Douglas-Roberts,Rafer Alston,Terrence Williams,Trenton Hassell,Amir Johnson,Andrea Bargnani,Jarrett Jack,Marco Belinelli,Sonny Weems,3,1:47,NJN,shot,,,,,,,,,,Chris Douglas-Roberts,,,,missed,,reverse layup,25,6
Brook Lopez,Chris Douglas-Roberts,Rafer Alston,Terrence Williams,Trenton Hassell,Amir Johnson,Andrea Bargnani,Jarrett Jack,Marco Belinelli,Sonny Weems,3,1:46,TOR,rebound,,,,,,,,,,Sonny Weems,,,,,,def,,
Brook Lopez,Chris Douglas-Roberts,Rafer Alston,Terrence Williams,Trenton Hassell,Amir Johnson,Andrea Bargnani,Jarrett Jack,Marco Belinelli,Sonny Weems,3,1:35,TOR,shot,,,,,,,,,,Marco Belinelli,,,,missed,,3pt,17,29
Brook Lopez,Chris Douglas-Roberts,Rafer Alston,Terrence Williams,Trenton Hassell,Amir Johnson,Andrea Bargnani,Jarrett Jack,Marco Belinelli,Sonny Weems,3,1:34,NJN,rebound,,,,,,,,,,Brook Lopez,,,,,,def,,
Brook Lopez,Chris Douglas-Roberts,Rafer Alston,Terrence Williams,Trenton Hassell,Amir Johnson,Andrea Bargnani,Jarrett Jack,Marco Belinelli,Sonny Weems,3,1:23,NJN,turnover,,,,,,,,,,Trenton Hassell,,,lost ball,,Marco Belinelli,,,
Brook Lopez,Chris Douglas-Roberts,Rafer Alston,Terrence Williams,Trenton Hassell,Amir Johnson,Andrea Bargnani,Jarrett Jack,Marco Belinelli,Sonny Weems,3,1:19,TOR,shot,Jarrett Jack,,,,,,,,,Amir Johnson,2,,,made,,alley oop dunk,25,6
Brook Lopez,Chris Douglas-Roberts,Rafer Alston,Terrence Williams,Trenton Hassell,Amir Johnson,Andrea Bargnani,Jarrett Jack,Marco Belinelli,Sonny Weems,3,1:01,NJN,turnover,,,,,,,,,,Chris Douglas-Roberts,,,out of bounds lost ball turnover,,,,,
Brook Lopez,Chris Douglas-Roberts,Rafer Alston,Terrence Williams,Trenton Hassell,Amir Johnson,Andrea Bargnani,Jarrett Jack,Marco Belinelli,Sonny Weems,3,0:39,TOR,shot,,,,,,,,,,Jarrett Jack,,,,missed,,turnaround fade away,15,8
Brook Lopez,Chris Douglas-Roberts,Rafer Alston,Terrence Williams,Trenton Hassell,Amir Johnson,Andrea Bargnani,Jarrett Jack,Marco Belinelli,Sonny Weems,3,0:38,NJN,rebound,,,,,,,,,,Brook Lopez,,,,,,def,,
Brook Lopez,Chris Douglas-Roberts,Rafer Alston,Terrence Williams,Trenton Hassell,Amir Johnson,Andrea Bargnani,Jarrett Jack,Marco Belinelli,Sonny Weems,3,0:33,NJN,turnover,,,,,,,,,,Rafer Alston,,,bad pass,,Marco Belinelli,,,
Brook Lopez,Chris Douglas-Roberts,Rafer Alston,Terrence Williams,Trenton Hassell,Amir Johnson,Andrea Bargnani,Jarrett Jack,Marco Belinelli,Sonny Weems,3,0:09,TOR,shot,,,,,,,,,,Jarrett Jack,,,,missed,,driving layup,27,7
Brook Lopez,Chris Douglas-Roberts,Rafer Alston,Terrence Williams,Trenton Hassell,Amir Johnson,Andrea Bargnani,Jarrett Jack,Marco Belinelli,Sonny Weems,3,0:08,TOR,rebound,,,,,,,,,,Amir Johnson,,,,,,off,,
Brook Lopez,Chris Douglas-Roberts,Rafer Alston,Terrence Williams,Trenton Hassell,Amir Johnson,Andrea Bargnani,Jarrett Jack,Marco Belinelli,Sonny Weems,3,0:08,NJN,foul,,,,,,,,Amir Johnson,,Terrence Williams,,,,,,personal,,
Brook Lopez,Chris Douglas-Roberts,Rafer Alston,Terrence Williams,Trenton Hassell,Amir Johnson,Andrea Bargnani,Jarrett Jack,Marco Belinelli,Sonny Weems,3,0:03,TOR,shot,Jarrett Jack,,,,,,,,,Amir Johnson,2,,,made,,running slam dunk,25,7
Brook Lopez,Chris Douglas-Roberts,Rafer Alston,Terrence Williams,Trenton Hassell,Amir Johnson,Andrea Bargnani,Jarrett Jack,Marco Belinelli,Sonny Weems,3,0:00,NJN,shot,,,,,,,,,,Rafer Alston,,,,missed,,3pt,8,43
Brook Lopez,Chris Douglas-Roberts,Rafer Alston,Terrence Williams,Trenton Hassell,Amir Johnson,Andrea Bargnani,Jarrett Jack,Marco Belinelli,Sonny Weems,3,0:00,NJN,rebound,,,,,,,,,,,,,,,,,,
Brook Lopez,Courtney Lee,Rafer Alston,Terrence Williams,Trenton Hassell,Amir Johnson,Marco Belinelli,Marcus Banks,Rasho Nesterovic,Sonny Weems,4,11:46,TOR,turnover,,,,,,,,,,Amir Johnson,,,3 second violation,,,,,
Brook Lopez,Courtney Lee,Rafer Alston,Terrence Williams,Trenton Hassell,Amir Johnson,Marco Belinelli,Marcus Banks,Rasho Nesterovic,Sonny Weems,4,11:36,TOR,foul,,,,,,,,Brook Lopez,,Amir Johnson,,,,,,shooting,,
Brook Lopez,Courtney Lee,Rafer Alston,Terrence Williams,Trenton Hassell,Amir Johnson,Marco Belinelli,Marcus Banks,Rasho Nesterovic,Sonny Weems,4,11:36,NJN,free throw,,,,,,,1,,2,Brook Lopez,,,foul,made,,,,
Brook Lopez,Courtney Lee,Rafer Alston,Terrence Williams,Trenton Hassell,Amir Johnson,Marco Belinelli,Marcus Banks,Rasho Nesterovic,Sonny Weems,4,11:36,NJN,free throw,,,,,,,2,,2,Brook Lopez,,,foul,made,,,,
Brook Lopez,Courtney Lee,Rafer Alston,Terrence Williams,Trenton Hassell,Amir Johnson,Marco Belinelli,Marcus Banks,Rasho Nesterovic,Sonny Weems,4,11:21,TOR,shot,Rasho Nesterovic,,,,,,,,,Amir Johnson,2,,,made,,jump hook,23,8
Brook Lopez,Courtney Lee,Rafer Alston,Terrence Williams,Trenton Hassell,Amir Johnson,Marco Belinelli,Marcus Banks,Rasho Nesterovic,Sonny Weems,4,11:05,NJN,shot,,,,,,,,,,Courtney Lee,,,,missed,,3pt,2,8
Brook Lopez,Courtney Lee,Rafer Alston,Terrence Williams,Trenton Hassell,Amir Johnson,Marco Belinelli,Marcus Banks,Rasho Nesterovic,Sonny Weems,4,11:04,TOR,rebound,,,,,,,,,,Amir Johnson,,,,,,def,,
Brook Lopez,Courtney Lee,Rafer Alston,Terrence Williams,Trenton Hassell,Amir Johnson,Marco Belinelli,Marcus Banks,Rasho Nesterovic,Sonny Weems,4,10:53,TOR,turnover,,,,,,,,,,Marcus Banks,,,bad pass,,Courtney Lee,,,
Brook Lopez,Courtney Lee,Rafer Alston,Terrence Williams,Trenton Hassell,Amir Johnson,Marco Belinelli,Marcus Banks,Rasho Nesterovic,Sonny Weems,4,10:53,TOR,foul,,,,,,,,Courtney Lee,,Amir Johnson,,,,,,personal,,
Brook Lopez,Courtney Lee,Rafer Alston,Terrence Williams,Trenton Hassell,Amir Johnson,Marco Belinelli,Marcus Banks,Rasho Nesterovic,Sonny Weems,4,10:35,NJN,shot,,,,,,,,,,Trenton Hassell,,,,missed,,jump,14,24
Brook Lopez,Courtney Lee,Rafer Alston,Terrence Williams,Trenton Hassell,Amir Johnson,Marco Belinelli,Marcus Banks,Rasho Nesterovic,Sonny Weems,4,10:34,TOR,rebound,,,,,,,,,,Marcus Banks,,,,,,def,,
Brook Lopez,Courtney Lee,Rafer Alston,Terrence Williams,Trenton Hassell,Amir Johnson,Marco Belinelli,Marcus Banks,Rasho Nesterovic,Sonny Weems,4,10:26,TOR,shot,,,,,,,,,,Marcus Banks,2,,,made,,pullup jump,28,27
Brook Lopez,Courtney Lee,Rafer Alston,Terrence Williams,Trenton Hassell,Amir Johnson,Marco Belinelli,Marcus Banks,Rasho Nesterovic,Sonny Weems,4,10:08,NJN,turnover,,,,,,,,,,Brook Lopez,,,lost ball,,Marcus Banks,,,
Brook Lopez,Courtney Lee,Rafer Alston,Terrence Williams,Trenton Hassell,Amir Johnson,Marco Belinelli,Marcus Banks,Rasho Nesterovic,Sonny Weems,4,10:03,TOR,shot,Marcus Banks,,,,,,,,,Sonny Weems,2,,,made,,alley oop dunk,25,6
Brook Lopez,Courtney Lee,Rafer Alston,Terrence Williams,Trenton Hassell,Amir Johnson,Marco Belinelli,Marcus Banks,Rasho Nesterovic,Sonny Weems,4,9:37,NJN,shot,Trenton Hassell,,,,,,,,,Terrence Williams,2,,,made,,running dunk,26,7
Brook Lopez,Courtney Lee,Rafer Alston,Terrence Williams,Trenton Hassell,Amir Johnson,Marco Belinelli,Marcus Banks,Rasho Nesterovic,Sonny Weems,4,9:15,TOR,shot,Marco Belinelli,,,,,,,,,Rasho Nesterovic,2,,,made,,reverse layup,28,7
Brook Lopez,Courtney Lee,Rafer Alston,Terrence Williams,Trenton Hassell,Amir Johnson,Marco Belinelli,Marcus Banks,Rasho Nesterovic,Sonny Weems,4,9:06,NJN,shot,,,,,,,,,,Courtney Lee,,,,missed,,jump,5,10
Brook Lopez,Courtney Lee,Rafer Alston,Terrence Williams,Trenton Hassell,Amir Johnson,Marco Belinelli,Marcus Banks,Rasho Nesterovic,Sonny Weems,4,9:05,TOR,rebound,,,,,,,,,,Marcus Banks,,,,,,def,,
Brook Lopez,Courtney Lee,Rafer Alston,Terrence Williams,Trenton Hassell,Amir Johnson,Marco Belinelli,Marcus Banks,Rasho Nesterovic,Sonny Weems,4,8:59,TOR,shot,,,,,,,,,,Marco Belinelli,,,,missed,,jump,18,7
Brook Lopez,Courtney Lee,Rafer Alston,Terrence Williams,Trenton Hassell,Amir Johnson,Marco Belinelli,Marcus Banks,Rasho Nesterovic,Sonny Weems,4,8:57,TOR,rebound,,,,,,,,,,Amir Johnson,,,,,,off,,
Brook Lopez,Courtney Lee,Rafer Alston,Terrence Williams,Trenton Hassell,Amir Johnson,Marco Belinelli,Marcus Banks,Rasho Nesterovic,Sonny Weems,4,8:57,TOR,shot,,,,,,,,,,Amir Johnson,2,,,made,,tip,25,6
Brook Lopez,Courtney Lee,Rafer Alston,Terrence Williams,Trenton Hassell,Amir Johnson,Marco Belinelli,Marcus Banks,Rasho Nesterovic,Sonny Weems,4,8:57,NJN,timeout,,,,,,,,,,,,,,,,regular,,
Bobby Simmons,Courtney Lee,Rafer Alston,Terrence Williams,Trenton Hassell,Amir Johnson,Marco Belinelli,Marcus Banks,Rasho Nesterovic,Sonny Weems,4,8:57,NJN,sub,,,,Bobby Simmons,,Brook Lopez,,,,,,,,,,,,
Bobby Simmons,Courtney Lee,Rafer Alston,Sean Williams,Terrence Williams,Amir Johnson,Marco Belinelli,Marcus Banks,Rasho Nesterovic,Sonny Weems,4,8:57,NJN,sub,,,,Sean Williams,,Trenton Hassell,,,,,,,,,,,,
Bobby Simmons,Courtney Lee,Rafer Alston,Sean Williams,Terrence Williams,Marco Belinelli,Marcus Banks,Pops Mensah-Bonsu,Rasho Nesterovic,Sonny Weems,4,8:57,TOR,sub,,,,Pops Mensah-Bonsu,,Amir Johnson,,,,,,,,,,,,
Bobby Simmons,Courtney Lee,Rafer Alston,Sean Williams,Terrence Williams,Marco Belinelli,Marcus Banks,Pops Mensah-Bonsu,Rasho Nesterovic,Sonny Weems,4,8:48,TOR,foul,,,,,,,,Rafer Alston,,Marcus Banks,,,,,,personal,,
Bobby Simmons,Courtney Lee,Rafer Alston,Sean Williams,Terrence Williams,Marco Belinelli,Marcus Banks,Pops Mensah-Bonsu,Rasho Nesterovic,Sonny Weems,4,8:41,TOR,foul,,,,,,,,Sean Williams,,Pops Mensah-Bonsu,,,,,,shooting,,
Bobby Simmons,Courtney Lee,Rafer Alston,Sean Williams,Terrence Williams,Marco Belinelli,Marcus Banks,Pops Mensah-Bonsu,Rasho Nesterovic,Sonny Weems,4,8:41,NJN,free throw,,,,,,,1,,2,Sean Williams,,,foul,made,,,,
Bobby Simmons,Josh Boone,Rafer Alston,Sean Williams,Terrence Williams,Marco Belinelli,Marcus Banks,Pops Mensah-Bonsu,Rasho Nesterovic,Sonny Weems,4,8:41,NJN,sub,,,,Josh Boone,,Courtney Lee,,,,,,,,,,,,
Bobby Simmons,Josh Boone,Rafer Alston,Sean Williams,Terrence Williams,Marco Belinelli,Marcus Banks,Pops Mensah-Bonsu,Rasho Nesterovic,Sonny Weems,4,8:41,NJN,free throw,,,,,,,2,,2,Sean Williams,,,foul,made,,,,
Bobby Simmons,Josh Boone,Rafer Alston,Sean Williams,Terrence Williams,Marco Belinelli,Marcus Banks,Pops Mensah-Bonsu,Rasho Nesterovic,Sonny Weems,4,8:24,TOR,shot,,,,,,,,,,Sonny Weems,2,,,made,,jump,40,21
Bobby Simmons,Josh Boone,Rafer Alston,Sean Williams,Terrence Williams,Marco Belinelli,Marcus Banks,Pops Mensah-Bonsu,Rasho Nesterovic,Sonny Weems,4,8:09,NJN,shot,,,,,,,,,,Rafer Alston,,,,missed,,driving layup,23,7
Bobby Simmons,Josh Boone,Rafer Alston,Sean Williams,Terrence Williams,Marco Belinelli,Marcus Banks,Pops Mensah-Bonsu,Rasho Nesterovic,Sonny Weems,4,8:06,NJN,rebound,,,,,,,,,,Sean Williams,,,,,,off,,
Bobby Simmons,Josh Boone,Rafer Alston,Sean Williams,Terrence Williams,Marco Belinelli,Marcus Banks,Pops Mensah-Bonsu,Rasho Nesterovic,Sonny Weems,4,8:04,NJN,shot,,,,,,,,,,Sean Williams,2,,,made,,tip,25,6
Bobby Simmons,Josh Boone,Rafer Alston,Sean Williams,Terrence Williams,Marco Belinelli,Marcus Banks,Pops Mensah-Bonsu,Rasho Nesterovic,Sonny Weems,4,7:55,TOR,shot,,,,,,,,,,Rasho Nesterovic,,,,missed,,jump,42,13
Bobby Simmons,Josh Boone,Rafer Alston,Sean Williams,Terrence Williams,Marco Belinelli,Marcus Banks,Pops Mensah-Bonsu,Rasho Nesterovic,Sonny Weems,4,7:54,NJN,rebound,,,,,,,,,,Sean Williams,,,,,,def,,
Bobby Simmons,Josh Boone,Rafer Alston,Sean Williams,Terrence Williams,Marco Belinelli,Marcus Banks,Pops Mensah-Bonsu,Rasho Nesterovic,Sonny Weems,4,7:46,NJN,shot,,,,,,,,,,Terrence Williams,,,,missed,,fade away jumper,10,6
Bobby Simmons,Josh Boone,Rafer Alston,Sean Williams,Terrence Williams,Marco Belinelli,Marcus Banks,Pops Mensah-Bonsu,Rasho Nesterovic,Sonny Weems,4,7:45,TOR,rebound,,,,,,,,,,Pops Mensah-Bonsu,,,,,,def,,
Bobby Simmons,Josh Boone,Rafer Alston,Sean Williams,Terrence Williams,Marco Belinelli,Marcus Banks,Pops Mensah-Bonsu,Rasho Nesterovic,Sonny Weems,4,7:30,TOR,shot,,,,,,,,,,Marcus Banks,2,,,made,,jump,16,26
Bobby Simmons,Josh Boone,Rafer Alston,Sean Williams,Terrence Williams,Marco Belinelli,Marcus Banks,Pops Mensah-Bonsu,Rasho Nesterovic,Sonny Weems,4,7:10,TOR,foul,,,,,,,,Bobby Simmons,,Sonny Weems,,,,,,personal,,
Bobby Simmons,Josh Boone,Rafer Alston,Sean Williams,Terrence Williams,Marco Belinelli,Marcus Banks,Pops Mensah-Bonsu,Rasho Nesterovic,Sonny Weems,4,7:10,NJN,free throw,,,,,,,1,,2,Bobby Simmons,,,foul,made,,,,
Bobby Simmons,Josh Boone,Rafer Alston,Sean Williams,Terrence Williams,Marco Belinelli,Marcus Banks,Pops Mensah-Bonsu,Rasho Nesterovic,Sonny Weems,4,7:10,NJN,free throw,,,,,,,2,,2,Bobby Simmons,,,foul,missed,,,,
Bobby Simmons,Josh Boone,Rafer Alston,Sean Williams,Terrence Williams,Marco Belinelli,Marcus Banks,Pops Mensah-Bonsu,Rasho Nesterovic,Sonny Weems,4,7:10,TOR,rebound,,,,,,,,,,Marcus Banks,,,,,,def,,
Bobby Simmons,Josh Boone,Rafer Alston,Sean Williams,Terrence Williams,Marco Belinelli,Marcus Banks,Pops Mensah-Bonsu,Rasho Nesterovic,Sonny Weems,4,6:49,TOR,turnover,,,,,,,,,,Marco Belinelli,,,lost ball,,Rafer Alston,,,
Bobby Simmons,Josh Boone,Rafer Alston,Sean Williams,Terrence Williams,Marco Belinelli,Marcus Banks,Pops Mensah-Bonsu,Rasho Nesterovic,Sonny Weems,4,6:45,TOR,foul,,,,,,,,Sean Williams,,Marcus Banks,,,,,,personal,,
Bobby Simmons,Josh Boone,Rafer Alston,Sean Williams,Terrence Williams,Marco Belinelli,Marcus Banks,Pops Mensah-Bonsu,Rasho Nesterovic,Sonny Weems,4,6:45,NJN,free throw,,,,,,,1,,2,Sean Williams,,,foul,made,,,,
Bobby Simmons,Josh Boone,Rafer Alston,Sean Williams,Terrence Williams,Marco Belinelli,Marcus Banks,Pops Mensah-Bonsu,Rasho Nesterovic,Sonny Weems,4,6:45,NJN,free throw,,,,,,,2,,2,Sean Williams,,,foul,made,,,,
Bobby Simmons,Josh Boone,Rafer Alston,Sean Williams,Terrence Williams,Marco Belinelli,Marcus Banks,Pops Mensah-Bonsu,Rasho Nesterovic,Sonny Weems,4,6:35,TOR,turnover,,,,,,,,,,Rasho Nesterovic,,,bad pass,,Rafer Alston,,,
Bobby Simmons,Josh Boone,Rafer Alston,Sean Williams,Terrence Williams,Marco Belinelli,Marcus Banks,Pops Mensah-Bonsu,Rasho Nesterovic,Sonny Weems,4,6:25,NJN,shot,Terrence Williams,,,,,,,,,Rafer Alston,3,,,made,,3pt,42,24
Bobby Simmons,Josh Boone,Rafer Alston,Sean Williams,Terrence Williams,Marco Belinelli,Marcus Banks,Pops Mensah-Bonsu,Rasho Nesterovic,Sonny Weems,4,6:08,TOR,shot,,,,,,,,,,Sonny Weems,,,,missed,,jump,45,7
Bobby Simmons,Josh Boone,Rafer Alston,Sean Williams,Terrence Williams,Marco Belinelli,Marcus Banks,Pops Mensah-Bonsu,Rasho Nesterovic,Sonny Weems,4,6:07,NJN,rebound,,,,,,,,,,Rafer Alston,,,,,,def,,
Bobby Simmons,Josh Boone,Rafer Alston,Sean Williams,Terrence Williams,Marco Belinelli,Marcus Banks,Pops Mensah-Bonsu,Rasho Nesterovic,Sonny Weems,4,6:00,TOR,foul,,,,,,,,Bobby Simmons,,Sonny Weems,,,,,,personal,,
Bobby Simmons,Josh Boone,Rafer Alston,Sean Williams,Terrence Williams,Marco Belinelli,Marcus Banks,Pops Mensah-Bonsu,Rasho Nesterovic,Sonny Weems,4,6:00,NJN,free throw,,,,,,,1,,2,Bobby Simmons,,,foul,missed,,,,
Bobby Simmons,Josh Boone,Rafer Alston,Sean Williams,Terrence Williams,Marco Belinelli,Marcus Banks,Pops Mensah-Bonsu,Rasho Nesterovic,Sonny Weems,4,6:00,NJN,rebound,,,,,,,,,,,,,,,,,,
Bobby Simmons,Josh Boone,Rafer Alston,Sean Williams,Terrence Williams,Marco Belinelli,Marcus Banks,Pops Mensah-Bonsu,Rasho Nesterovic,Sonny Weems,4,6:00,NJN,free throw,,,,,,,2,,2,Bobby Simmons,,,foul,made,,,,
Bobby Simmons,Josh Boone,Rafer Alston,Sean Williams,Terrence Williams,Marco Belinelli,Marcus Banks,Pops Mensah-Bonsu,Rasho Nesterovic,Sonny Weems,4,5:45,TOR,shot,,,,,,,,,,Sonny Weems,,,,missed,,jump,15,8
Bobby Simmons,Josh Boone,Rafer Alston,Sean Williams,Terrence Williams,Marco Belinelli,Marcus Banks,Pops Mensah-Bonsu,Rasho Nesterovic,Sonny Weems,4,5:44,NJN,rebound,,,,,,,,,,Sean Williams,,,,,,def,,
Bobby Simmons,Josh Boone,Rafer Alston,Sean Williams,Terrence Williams,Marco Belinelli,Marcus Banks,Pops Mensah-Bonsu,Rasho Nesterovic,Sonny Weems,4,5:28,NJN,shot,,,,,,,,,,Rafer Alston,,,,missed,,3pt,48,7
Bobby Simmons,Josh Boone,Rafer Alston,Sean Williams,Terrence Williams,Marco Belinelli,Marcus Banks,Pops Mensah-Bonsu,Rasho Nesterovic,Sonny Weems,4,5:27,NJN,rebound,,,,,,,,,,Josh Boone,,,,,,off,,
Bobby Simmons,Josh Boone,Rafer Alston,Sean Williams,Terrence Williams,Marco Belinelli,Marcus Banks,Pops Mensah-Bonsu,Rasho Nesterovic,Sonny Weems,4,5:24,NJN,shot,Josh Boone,,,,,,,,,Rafer Alston,2,,,made,,driving hook,36,7
Bobby Simmons,Josh Boone,Rafer Alston,Sean Williams,Terrence Williams,Marco Belinelli,Marcus Banks,Pops Mensah-Bonsu,Rasho Nesterovic,Sonny Weems,4,5:00,TOR,shot,,,,,,,,,,Marcus Banks,2,,,made,,pullup jump,29,27
Bobby Simmons,Josh Boone,Rafer Alston,Sean Williams,Terrence Williams,Marco Belinelli,Marcus Banks,Pops Mensah-Bonsu,Rasho Nesterovic,Sonny Weems,4,4:33,NJN,shot,,,,,,,,,,Rafer Alston,3,,,made,,3pt,3,16
Bobby Simmons,Josh Boone,Rafer Alston,Sean Williams,Terrence Williams,Marco Belinelli,Marcus Banks,Pops Mensah-Bonsu,Rasho Nesterovic,Sonny Weems,4,4:22,TOR,turnover,,,,,,,,,,Pops Mensah-Bonsu,,,3 second violation,,,,,
Bobby Simmons,Josh Boone,Rafer Alston,Sean Williams,Terrence Williams,Marco Belinelli,Marcus Banks,Pops Mensah-Bonsu,Rasho Nesterovic,Sonny Weems,4,4:22,NJN,timeout,,,,,,,,,,,,,,,,official,,
Bobby Simmons,Josh Boone,Rafer Alston,Sean Williams,Terrence Williams,Marco Belinelli,Marcus Banks,Pops Mensah-Bonsu,Rasho Nesterovic,Sonny Weems,4,4:22,NJN,timeout,,,,,,,,,,,,,,,,regular,,
Bobby Simmons,Josh Boone,Rafer Alston,Sean Williams,Terrence Williams,Marco Belinelli,Marcus Banks,Pops Mensah-Bonsu,Rasho Nesterovic,Sonny Weems,4,4:12,TOR,foul,,,,,,,,Terrence Williams,,Rasho Nesterovic,,,,,,shooting,,
Bobby Simmons,Josh Boone,Rafer Alston,Sean Williams,Terrence Williams,Marco Belinelli,Marcus Banks,Pops Mensah-Bonsu,Rasho Nesterovic,Sonny Weems,4,4:12,NJN,free throw,,,,,,,1,,2,Terrence Williams,,,foul,made,,,,
Bobby Simmons,Josh Boone,Rafer Alston,Sean Williams,Terrence Williams,Marco Belinelli,Marcus Banks,Pops Mensah-Bonsu,Rasho Nesterovic,Sonny Weems,4,4:12,NJN,free throw,,,,,,,2,,2,Terrence Williams,,,foul,made,,,,
Bobby Simmons,Josh Boone,Rafer Alston,Sean Williams,Terrence Williams,Marco Belinelli,Marcus Banks,Pops Mensah-Bonsu,Rasho Nesterovic,Sonny Weems,4,3:55,TOR,turnover,,,,,,,,,,Sonny Weems,,,bad pass,,Bobby Simmons,,,
Bobby Simmons,Josh Boone,Rafer Alston,Sean Williams,Terrence Williams,Marco Belinelli,Marcus Banks,Pops Mensah-Bonsu,Rasho Nesterovic,Sonny Weems,4,3:47,NJN,shot,,,,,,,,,,Sean Williams,,,,missed,,jump,29,7
Bobby Simmons,Josh Boone,Rafer Alston,Sean Williams,Terrence Williams,Marco Belinelli,Marcus Banks,Pops Mensah-Bonsu,Rasho Nesterovic,Sonny Weems,4,3:46,NJN,rebound,,,,,,,,,,Bobby Simmons,,,,,,off,,
Bobby Simmons,Josh Boone,Rafer Alston,Sean Williams,Terrence Williams,Marco Belinelli,Marcus Banks,Pops Mensah-Bonsu,Rasho Nesterovic,Sonny Weems,4,3:46,TOR,foul,,,,,,,,Bobby Simmons,,Sonny Weems,,,,,,shooting,,
Bobby Simmons,Josh Boone,Rafer Alston,Sean Williams,Terrence Williams,DeMar DeRozan,Marco Belinelli,Marcus Banks,Pops Mensah-Bonsu,Rasho Nesterovic,4,3:46,TOR,sub,,,,DeMar DeRozan,,Sonny Weems,,,,,,,,,,,,
Bobby Simmons,Josh Boone,Rafer Alston,Sean Williams,Terrence Williams,DeMar DeRozan,Marco Belinelli,Marcus Banks,Pops Mensah-Bonsu,Rasho Nesterovic,4,3:46,NJN,free throw,,,,,,,1,,2,Bobby Simmons,,,foul,made,,,,
Bobby Simmons,Josh Boone,Rafer Alston,Sean Williams,Terrence Williams,DeMar DeRozan,Marco Belinelli,Marcus Banks,Pops Mensah-Bonsu,Rasho Nesterovic,4,3:46,NJN,free throw,,,,,,,2,,2,Bobby Simmons,,,foul,made,,,,
Bobby Simmons,Josh Boone,Rafer Alston,Sean Williams,Terrence Williams,DeMar DeRozan,Marco Belinelli,Marcus Banks,Pops Mensah-Bonsu,Rasho Nesterovic,4,3:25,TOR,shot,,,,,,,,,,DeMar DeRozan,2,,,made,,running jump,17,10
Bobby Simmons,Josh Boone,Rafer Alston,Sean Williams,Terrence Williams,DeMar DeRozan,Marco Belinelli,Marcus Banks,Pops Mensah-Bonsu,Rasho Nesterovic,4,3:11,NJN,shot,,,,,,,,,,Terrence Williams,,,,missed,,jump,15,21
Bobby Simmons,Josh Boone,Rafer Alston,Sean Williams,Terrence Williams,DeMar DeRozan,Marco Belinelli,Marcus Banks,Pops Mensah-Bonsu,Rasho Nesterovic,4,3:10,NJN,rebound,,,,,,,,,,Sean Williams,,,,,,off,,
Bobby Simmons,Josh Boone,Rafer Alston,Sean Williams,Terrence Williams,DeMar DeRozan,Marco Belinelli,Marcus Banks,Pops Mensah-Bonsu,Rasho Nesterovic,4,3:08,NJN,shot,,,,,,,,,,Sean Williams,2,,,made,,tip,25,6
Bobby Simmons,Josh Boone,Rafer Alston,Sean Williams,Terrence Williams,DeMar DeRozan,Marco Belinelli,Marcus Banks,Pops Mensah-Bonsu,Rasho Nesterovic,4,2:53,TOR,turnover,,,,,,,,,,Pops Mensah-Bonsu,,,traveling,,,,,
Bobby Simmons,Josh Boone,Rafer Alston,Sean Williams,Terrence Williams,DeMar DeRozan,Marco Belinelli,Marcus Banks,Pops Mensah-Bonsu,Rasho Nesterovic,4,2:41,NJN,shot,,,,,,,,,,Rafer Alston,,,,missed,,3pt,2,9
Bobby Simmons,Josh Boone,Rafer Alston,Sean Williams,Terrence Williams,DeMar DeRozan,Marco Belinelli,Marcus Banks,Pops Mensah-Bonsu,Rasho Nesterovic,4,2:40,NJN,rebound,,,,,,,,,,Bobby Simmons,,,,,,off,,
Bobby Simmons,Josh Boone,Rafer Alston,Sean Williams,Terrence Williams,DeMar DeRozan,Marco Belinelli,Marcus Banks,Pops Mensah-Bonsu,Rasho Nesterovic,4,2:37,NJN,shot,,,,,,,,,,Bobby Simmons,2,,,made,,tip,25,6
Bobby Simmons,Josh Boone,Rafer Alston,Sean Williams,Terrence Williams,DeMar DeRozan,Marco Belinelli,Marcus Banks,Pops Mensah-Bonsu,Rasho Nesterovic,4,2:18,TOR,shot,Rasho Nesterovic,,,,,,,,,Marco Belinelli,2,,,made,,running reverse layup,24,7
Bobby Simmons,Josh Boone,Rafer Alston,Sean Williams,Terrence Williams,DeMar DeRozan,Marco Belinelli,Marcus Banks,Pops Mensah-Bonsu,Rasho Nesterovic,4,2:01,NJN,shot,Rafer Alston,,,,,,,,,Bobby Simmons,3,,,made,,3pt,40,26
Bobby Simmons,Josh Boone,Rafer Alston,Sean Williams,Terrence Williams,DeMar DeRozan,Marco Belinelli,Marcus Banks,Pops Mensah-Bonsu,Rasho Nesterovic,4,1:43,TOR,shot,,,,,,,,,,DeMar DeRozan,,,,missed,,jump,5,12
Bobby Simmons,Josh Boone,Rafer Alston,Sean Williams,Terrence Williams,DeMar DeRozan,Marco Belinelli,Marcus Banks,Pops Mensah-Bonsu,Rasho Nesterovic,4,1:42,NJN,rebound,,,,,,,,,,Terrence Williams,,,,,,def,,
Bobby Simmons,Josh Boone,Rafer Alston,Sean Williams,Terrence Williams,DeMar DeRozan,Marco Belinelli,Marcus Banks,Pops Mensah-Bonsu,Rasho Nesterovic,4,1:34,NJN,shot,,,,,,,,,,Terrence Williams,2,,,made,,driving layup,22,7
Bobby Simmons,Josh Boone,Rafer Alston,Sean Williams,Terrence Williams,DeMar DeRozan,Marco Belinelli,Marcus Banks,Pops Mensah-Bonsu,Rasho Nesterovic,4,1:18,TOR,shot,Rasho Nesterovic,,,,,,,,,Marcus Banks,2,,,made,,jump,42,18
Bobby Simmons,Josh Boone,Rafer Alston,Sean Williams,Terrence Williams,DeMar DeRozan,Marco Belinelli,Marcus Banks,Pops Mensah-Bonsu,Rasho Nesterovic,4,1:05,NJN,shot,,,,,,,,,,Sean Williams,,,,missed,,fade away jumper,29,12
Bobby Simmons,Josh Boone,Rafer Alston,Sean Williams,Terrence Williams,DeMar DeRozan,Marco Belinelli,Marcus Banks,Pops Mensah-Bonsu,Rasho Nesterovic,4,1:04,NJN,rebound,,,,,,,,,,Rafer Alston,,,,,,off,,
Bobby Simmons,Josh Boone,Rafer Alston,Sean Williams,Terrence Williams,DeMar DeRozan,Marco Belinelli,Marcus Banks,Pops Mensah-Bonsu,Rasho Nesterovic,4,1:02,NJN,shot,Rafer Alston,,,,,,,,,Sean Williams,2,,,made,,slam dunk,25,8
Bobby Simmons,Josh Boone,Rafer Alston,Sean Williams,Terrence Williams,DeMar DeRozan,Marco Belinelli,Marcus Banks,Pops Mensah-Bonsu,Rasho Nesterovic,4,0:40,TOR,shot,Marco Belinelli,,,,,,,,,Rasho Nesterovic,2,,,made,,jump,7,7
Bobby Simmons,Josh Boone,Rafer Alston,Sean Williams,Terrence Williams,DeMar DeRozan,Marco Belinelli,Marcus Banks,Pops Mensah-Bonsu,Rasho Nesterovic,4,0:24,NJN,turnover,,,,,,,,,,Bobby Simmons,,,out of bounds lost ball turnover,,,,,
Bobby Simmons,Josh Boone,Rafer Alston,Sean Williams,Terrence Williams,DeMar DeRozan,Marco Belinelli,Marcus Banks,Pops Mensah-Bonsu,Rasho Nesterovic,4,0:00,TOR,turnover,,,,,,,,,,,,,shot clock turnover,,,,,
