a1,a2,a3,a4,a5,h1,h2,h3,h4,h5,period,time,team,etype,assist,away,block,entered,home,left,num,opponent,outof,player,points,possession,reason,result,steal,type,x,y
Andrew Bynum,Derek Fisher,Kobe Bryant,Lamar Odom,Ron Artest,Arron Afflalo,Carmelo Anthony,Chauncey Billups,Kenyon Martin,Nene Hilario,1,12:00,OFF,jump ball,,Andrew Bynum,,,Nene Hilario,,,,,,,Lamar Odom,,,,,,
Andrew Bynum,Derek Fisher,Kobe Bryant,Lamar Odom,Ron Artest,Arron Afflalo,Carmelo Anthony,Chauncey Billups,Kenyon Martin,Nene Hilario,1,11:43,DEN,foul,,,,,,,,Kobe Bryant,,Arron Afflalo,,,,,,shooting,,
Andrew Bynum,Derek Fisher,Kobe Bryant,Lamar Odom,Ron Artest,Arron Afflalo,Carmelo Anthony,Chauncey Billups,Kenyon Martin,Nene Hilario,1,11:43,LAL,free throw,,,,,,,1,,2,Kobe Bryant,,,foul,made,,,,
Andrew Bynum,Derek Fisher,Kobe Bryant,Lamar Odom,Ron Artest,Arron Afflalo,Carmelo Anthony,Chauncey Billups,Kenyon Martin,Nene Hilario,1,11:43,LAL,free throw,,,,,,,2,,2,Kobe Bryant,,,foul,made,,,,
Andrew Bynum,Derek Fisher,Kobe Bryant,Lamar Odom,Ron Artest,Arron Afflalo,Carmelo Anthony,Chauncey Billups,Kenyon Martin,Nene Hilario,1,11:28,DEN,shot,,,Andrew Bynum,,,,,,,Kenyon Martin,,,,missed,,turnaround jump,21,12
Andrew Bynum,Derek Fisher,Kobe Bryant,Lamar Odom,Ron Artest,Arron Afflalo,Carmelo Anthony,Chauncey Billups,Kenyon Martin,Nene Hilario,1,11:28,DEN,rebound,,,,,,,,,,,,,,,,,,
Andrew Bynum,Derek Fisher,Kobe Bryant,Lamar Odom,Ron Artest,Arron Afflalo,Carmelo Anthony,Chauncey Billups,Kenyon Martin,Nene Hilario,1,11:23,DEN,shot,,,,,,,,,,Carmelo Anthony,,,,missed,,jump,9,10
Andrew Bynum,Derek Fisher,Kobe Bryant,Lamar Odom,Ron Artest,Arron Afflalo,Carmelo Anthony,Chauncey Billups,Kenyon Martin,Nene Hilario,1,11:22,LAL,rebound,,,,,,,,,,Andrew Bynum,,,,,,def,,
Andrew Bynum,Derek Fisher,Kobe Bryant,Lamar Odom,Ron Artest,Arron Afflalo,Carmelo Anthony,Chauncey Billups,Kenyon Martin,Nene Hilario,1,11:14,LAL,shot,,,,,,,,,,Kobe Bryant,,,,missed,,jump,13,10
Andrew Bynum,Derek Fisher,Kobe Bryant,Lamar Odom,Ron Artest,Arron Afflalo,Carmelo Anthony,Chauncey Billups,Kenyon Martin,Nene Hilario,1,11:14,DEN,rebound,,,,,,,,,,Kenyon Martin,,,,,,def,,
Andrew Bynum,Derek Fisher,Kobe Bryant,Lamar Odom,Ron Artest,Arron Afflalo,Carmelo Anthony,Chauncey Billups,Kenyon Martin,Nene Hilario,1,11:00,DEN,turnover,,,,,,,,,,Kenyon Martin,,,bad pass,,,,,
Andrew Bynum,Derek Fisher,Kobe Bryant,Lamar Odom,Ron Artest,Arron Afflalo,Carmelo Anthony,Chauncey Billups,Kenyon Martin,Nene Hilario,1,10:39,LAL,shot,Derek Fisher,,,,,,,,,Ron Artest,3,,,made,,3pt,48,15
Andrew Bynum,Derek Fisher,Kobe Bryant,Lamar Odom,Ron Artest,Arron Afflalo,Carmelo Anthony,Chauncey Billups,Kenyon Martin,Nene Hilario,1,10:22,DEN,shot,,,,,,,,,,Chauncey Billups,,,,missed,,jump,37,21
Andrew Bynum,Derek Fisher,Kobe Bryant,Lamar Odom,Ron Artest,Arron Afflalo,Carmelo Anthony,Chauncey Billups,Kenyon Martin,Nene Hilario,1,10:21,LAL,rebound,,,,,,,,,,Lamar Odom,,,,,,def,,
Andrew Bynum,Derek Fisher,Kobe Bryant,Lamar Odom,Ron Artest,Arron Afflalo,Carmelo Anthony,Chauncey Billups,Kenyon Martin,Nene Hilario,1,10:06,LAL,shot,Derek Fisher,,,,,,,,,Lamar Odom,3,,,made,,3pt,43,23
Andrew Bynum,Derek Fisher,Kobe Bryant,Lamar Odom,Ron Artest,Arron Afflalo,Carmelo Anthony,Chauncey Billups,Kenyon Martin,Nene Hilario,1,9:56,DEN,shot,,,,,,,,,,Carmelo Anthony,,,,missed,,turnaround jump,9,13
Andrew Bynum,Derek Fisher,Kobe Bryant,Lamar Odom,Ron Artest,Arron Afflalo,Carmelo Anthony,Chauncey Billups,Kenyon Martin,Nene Hilario,1,9:55,LAL,rebound,,,,,,,,,,Andrew Bynum,,,,,,def,,
Andrew Bynum,Derek Fisher,Kobe Bryant,Lamar Odom,Ron Artest,Arron Afflalo,Carmelo Anthony,Chauncey Billups,Kenyon Martin,Nene Hilario,1,9:42,LAL,shot,,,,,,,,,,Ron Artest,,,,missed,,reverse layup,25,6
Andrew Bynum,Derek Fisher,Kobe Bryant,Lamar Odom,Ron Artest,Arron Afflalo,Carmelo Anthony,Chauncey Billups,Kenyon Martin,Nene Hilario,1,9:41,DEN,rebound,,,,,,,,,,Nene Hilario,,,,,,def,,
Andrew Bynum,Derek Fisher,Kobe Bryant,Lamar Odom,Ron Artest,Arron Afflalo,Carmelo Anthony,Chauncey Billups,Kenyon Martin,Nene Hilario,1,9:34,DEN,shot,Chauncey Billups,,,,,,,,,Carmelo Anthony,2,,,made,,driving layup,25,6
Andrew Bynum,Derek Fisher,Kobe Bryant,Lamar Odom,Ron Artest,Arron Afflalo,Carmelo Anthony,Chauncey Billups,Kenyon Martin,Nene Hilario,1,9:34,LAL,foul,,,,,,,,Carmelo Anthony,,Lamar Odom,,,,,,shooting,,
Andrew Bynum,Derek Fisher,Kobe Bryant,Lamar Odom,Ron Artest,Arron Afflalo,Carmelo Anthony,Chauncey Billups,Kenyon Martin,Nene Hilario,1,9:34,DEN,free throw,,,,,,,1,,1,Carmelo Anthony,,,foul,made,,,,
Andrew Bynum,Derek Fisher,Kobe Bryant,Lamar Odom,Ron Artest,Arron Afflalo,Carmelo Anthony,Chauncey Billups,Kenyon Martin,Nene Hilario,1,9:15,LAL,shot,,,,,,,,,,Kobe Bryant,,,,missed,,turnaround jump,10,10
Andrew Bynum,Derek Fisher,Kobe Bryant,Lamar Odom,Ron Artest,Arron Afflalo,Carmelo Anthony,Chauncey Billups,Kenyon Martin,Nene Hilario,1,9:15,DEN,rebound,,,,,,,,,,Kenyon Martin,,,,,,def,,
Andrew Bynum,Derek Fisher,Kobe Bryant,Lamar Odom,Ron Artest,Arron Afflalo,Carmelo Anthony,Chauncey Billups,Kenyon Martin,Nene Hilario,1,9:05,DEN,shot,Chauncey Billups,,,,,,,,,Arron Afflalo,2,,,made,,jump,8,11
Andrew Bynum,Derek Fisher,Kobe Bryant,Lamar Odom,Ron Artest,Arron Afflalo,Carmelo Anthony,Chauncey Billups,Kenyon Martin,Nene Hilario,1,8:49,LAL,shot,Derek Fisher,,,,,,,,,Andrew Bynum,2,,,made,,jump,25,14
Andrew Bynum,Derek Fisher,Kobe Bryant,Lamar Odom,Ron Artest,Arron Afflalo,Carmelo Anthony,Chauncey Billups,Kenyon Martin,Nene Hilario,1,8:31,DEN,turnover,,,,,,,,,,Carmelo Anthony,,,lost ball,,Lamar Odom,,,
Andrew Bynum,Derek Fisher,Kobe Bryant,Lamar Odom,Ron Artest,Arron Afflalo,Carmelo Anthony,Chauncey Billups,Kenyon Martin,Nene Hilario,1,8:27,LAL,shot,Lamar Odom,,,,,,,,,Ron Artest,2,,,made,,layup,25,6
Andrew Bynum,Derek Fisher,Kobe Bryant,Lamar Odom,Ron Artest,Arron Afflalo,Carmelo Anthony,Chauncey Billups,Kenyon Martin,Nene Hilario,1,8:12,DEN,shot,,,,,,,,,,Carmelo Anthony,2,,,made,,driving reverse layup,25,6
Andrew Bynum,Derek Fisher,Kobe Bryant,Lamar Odom,Ron Artest,Arron Afflalo,Carmelo Anthony,Chauncey Billups,Kenyon Martin,Nene Hilario,1,7:57,LAL,turnover,,,,,,,,,,Lamar Odom,,,out of bounds lost ball turnover,,,,,
Andrew Bynum,Derek Fisher,Kobe Bryant,Lamar Odom,Ron Artest,Arron Afflalo,Carmelo Anthony,Chauncey Billups,Kenyon Martin,Nene Hilario,1,7:48,DEN,shot,,,,,,,,,,Chauncey Billups,,,,missed,,jump,21,21
Andrew Bynum,Derek Fisher,Kobe Bryant,Lamar Odom,Ron Artest,Arron Afflalo,Carmelo Anthony,Chauncey Billups,Kenyon Martin,Nene Hilario,1,7:47,LAL,rebound,,,,,,,,,,Lamar Odom,,,,,,def,,
Andrew Bynum,Derek Fisher,Kobe Bryant,Lamar Odom,Ron Artest,Arron Afflalo,Carmelo Anthony,Chauncey Billups,Kenyon Martin,Nene Hilario,1,7:43,LAL,timeout,,,,,,,,,,,,,,,,regular,,
Andrew Bynum,Derek Fisher,Kobe Bryant,Lamar Odom,Ron Artest,Arron Afflalo,Carmelo Anthony,Chauncey Billups,Kenyon Martin,Nene Hilario,1,7:33,LAL,shot,,,,,,,,,,Kobe Bryant,,,,missed,,3pt,37,29
Andrew Bynum,Derek Fisher,Kobe Bryant,Lamar Odom,Ron Artest,Arron Afflalo,Carmelo Anthony,Chauncey Billups,Kenyon Martin,Nene Hilario,1,7:32,LAL,rebound,,,,,,,,,,Lamar Odom,,,,,,off,,
Andrew Bynum,Derek Fisher,Kobe Bryant,Lamar Odom,Ron Artest,Arron Afflalo,Carmelo Anthony,Chauncey Billups,Kenyon Martin,Nene Hilario,1,7:31,LAL,turnover,,,,,,,,,,Kobe Bryant,,,out of bounds lost ball turnover,,,,,
Andrew Bynum,Derek Fisher,Kobe Bryant,Lamar Odom,Ron Artest,Arron Afflalo,Carmelo Anthony,Chauncey Billups,Kenyon Martin,Nene Hilario,1,7:17,DEN,shot,Carmelo Anthony,,,,,,,,,Nene Hilario,2,,,made,,hook,,
Andrew Bynum,Derek Fisher,Kobe Bryant,Lamar Odom,Ron Artest,Arron Afflalo,Carmelo Anthony,Chauncey Billups,Kenyon Martin,Nene Hilario,1,7:07,LAL,shot,Lamar Odom,,,,,,,,,Andrew Bynum,2,,,made,,alley oop layup,25,6
Andrew Bynum,Derek Fisher,Kobe Bryant,Lamar Odom,Ron Artest,Arron Afflalo,Carmelo Anthony,Chauncey Billups,Kenyon Martin,Nene Hilario,1,6:53,DEN,shot,Kenyon Martin,,,,,,,,,Nene Hilario,2,,,made,,dunk,,
Andrew Bynum,Derek Fisher,Kobe Bryant,Lamar Odom,Ron Artest,Arron Afflalo,Carmelo Anthony,Chauncey Billups,Kenyon Martin,Nene Hilario,1,6:28,LAL,shot,,,,,,,,,,Andrew Bynum,,,,missed,,layup,25,6
Andrew Bynum,Derek Fisher,Kobe Bryant,Lamar Odom,Ron Artest,Arron Afflalo,Carmelo Anthony,Chauncey Billups,Kenyon Martin,Nene Hilario,1,6:27,LAL,rebound,,,,,,,,,,Lamar Odom,,,,,,off,,
Andrew Bynum,Derek Fisher,Kobe Bryant,Lamar Odom,Ron Artest,Arron Afflalo,Carmelo Anthony,Chauncey Billups,Kenyon Martin,Nene Hilario,1,6:26,LAL,shot,,,,,,,,,,Lamar Odom,2,,,made,,layup,25,6
Andrew Bynum,Derek Fisher,Kobe Bryant,Lamar Odom,Ron Artest,Arron Afflalo,Carmelo Anthony,Chauncey Billups,Kenyon Martin,Nene Hilario,1,6:16,DEN,shot,Chauncey Billups,,,,,,,,,Arron Afflalo,2,,,made,,jump,41,12
Andrew Bynum,Derek Fisher,Kobe Bryant,Lamar Odom,Ron Artest,Arron Afflalo,Carmelo Anthony,Chauncey Billups,Kenyon Martin,Nene Hilario,1,6:03,LAL,shot,,,,,,,,,,Ron Artest,,,,missed,,3pt,7,24
Andrew Bynum,Derek Fisher,Kobe Bryant,Lamar Odom,Ron Artest,Arron Afflalo,Carmelo Anthony,Chauncey Billups,Kenyon Martin,Nene Hilario,1,6:02,DEN,rebound,,,,,,,,,,Arron Afflalo,,,,,,def,,
Andrew Bynum,Derek Fisher,Kobe Bryant,Lamar Odom,Ron Artest,Arron Afflalo,Carmelo Anthony,Chauncey Billups,Kenyon Martin,Nene Hilario,1,5:55,DEN,shot,Nene Hilario,,,,,,,,,Kenyon Martin,2,,,made,,jump,26,27
Andrew Bynum,Derek Fisher,Kobe Bryant,Lamar Odom,Ron Artest,Arron Afflalo,Carmelo Anthony,Chauncey Billups,Kenyon Martin,Nene Hilario,1,5:32,LAL,shot,,,,,,,,,,Andrew Bynum,,,,missed,,layup,25,6
Andrew Bynum,Derek Fisher,Kobe Bryant,Lamar Odom,Ron Artest,Arron Afflalo,Carmelo Anthony,Chauncey Billups,Kenyon Martin,Nene Hilario,1,5:31,DEN,rebound,,,,,,,,,,Carmelo Anthony,,,,,,def,,
Andrew Bynum,Derek Fisher,Kobe Bryant,Lamar Odom,Ron Artest,Arron Afflalo,Carmelo Anthony,Chauncey Billups,Kenyon Martin,Nene Hilario,1,5:23,DEN,shot,,,,,,,,,,Kenyon Martin,,,,missed,,jump,20,9
Andrew Bynum,Derek Fisher,Kobe Bryant,Lamar Odom,Ron Artest,Arron Afflalo,Carmelo Anthony,Chauncey Billups,Kenyon Martin,Nene Hilario,1,5:22,LAL,rebound,,,,,,,,,,Andrew Bynum,,,,,,def,,
Andrew Bynum,Derek Fisher,Kobe Bryant,Lamar Odom,Ron Artest,Arron Afflalo,Carmelo Anthony,Chauncey Billups,Kenyon Martin,Nene Hilario,1,5:06,LAL,turnover,,,,,,,,,,Kobe Bryant,,,lost ball,,Arron Afflalo,,,
Andrew Bynum,Derek Fisher,Kobe Bryant,Lamar Odom,Ron Artest,Arron Afflalo,Carmelo Anthony,Chauncey Billups,Kenyon Martin,Nene Hilario,1,5:01,DEN,shot,Arron Afflalo,,,,,,,,,Chauncey Billups,2,,,made,,jump,38,19
Andrew Bynum,Derek Fisher,Kobe Bryant,Lamar Odom,Ron Artest,Arron Afflalo,Carmelo Anthony,Chauncey Billups,Kenyon Martin,Nene Hilario,1,4:45,LAL,shot,Derek Fisher,,,,,,,,,Kobe Bryant,2,,,made,,jump,25,23
Andrew Bynum,Derek Fisher,Kobe Bryant,Lamar Odom,Ron Artest,Arron Afflalo,Carmelo Anthony,Chauncey Billups,Kenyon Martin,Nene Hilario,1,4:36,DEN,shot,Nene Hilario,,,,,,,,,Carmelo Anthony,2,,,made,,dunk,25,6
Andrew Bynum,Derek Fisher,Kobe Bryant,Lamar Odom,Ron Artest,Arron Afflalo,Carmelo Anthony,Chauncey Billups,Kenyon Martin,Nene Hilario,1,4:11,LAL,shot,,,,,,,,,,Ron Artest,,,,missed,,jump,38,19
Andrew Bynum,Derek Fisher,Kobe Bryant,Lamar Odom,Ron Artest,Arron Afflalo,Carmelo Anthony,Chauncey Billups,Kenyon Martin,Nene Hilario,1,4:10,DEN,rebound,,,,,,,,,,Nene Hilario,,,,,,def,,
Andrew Bynum,Derek Fisher,Kobe Bryant,Lamar Odom,Ron Artest,Arron Afflalo,Carmelo Anthony,Chauncey Billups,Kenyon Martin,Nene Hilario,1,4:08,DEN,shot,,,,,,,,,,Chauncey Billups,,,,missed,,3pt,9,24
Andrew Bynum,Derek Fisher,Kobe Bryant,Lamar Odom,Ron Artest,Arron Afflalo,Carmelo Anthony,Chauncey Billups,Kenyon Martin,Nene Hilario,1,4:08,LAL,rebound,,,,,,,,,,,,,,,,,,
Andrew Bynum,Derek Fisher,Kobe Bryant,Lamar Odom,Ron Artest,Arron Afflalo,Carmelo Anthony,Chauncey Billups,Kenyon Martin,Nene Hilario,1,4:08,DEN,foul,,,,,,,,Ron Artest,,Carmelo Anthony,,,,,,loose ball,,
Andrew Bynum,Derek Fisher,Kobe Bryant,Lamar Odom,Ron Artest,Arron Afflalo,Carmelo Anthony,Chauncey Billups,Chris Andersen,Kenyon Martin,1,4:08,DEN,sub,,,,Chris Andersen,,Nene Hilario,,,,,,,,,,,,
Andrew Bynum,Derek Fisher,Kobe Bryant,Lamar Odom,Ron Artest,Arron Afflalo,Carmelo Anthony,Chauncey Billups,Chris Andersen,Kenyon Martin,1,3:54,LAL,shot,Ron Artest,,,,,,,,,Andrew Bynum,2,,,made,,layup,25,6
Andrew Bynum,Derek Fisher,Kobe Bryant,Lamar Odom,Ron Artest,Arron Afflalo,Carmelo Anthony,Chauncey Billups,Chris Andersen,Kenyon Martin,1,3:41,LAL,foul,,,,,,,,Chauncey Billups,,Andrew Bynum,,,,,,shooting,,
Andrew Bynum,Derek Fisher,Kobe Bryant,Lamar Odom,Ron Artest,Arron Afflalo,Carmelo Anthony,Chauncey Billups,Chris Andersen,Kenyon Martin,1,3:41,DEN,free throw,,,,,,,1,,2,Chauncey Billups,,,foul,made,,,,
Andrew Bynum,Derek Fisher,Kobe Bryant,Lamar Odom,Ron Artest,Carmelo Anthony,Chauncey Billups,Chris Andersen,J.R. Smith,Kenyon Martin,1,3:41,DEN,sub,,,,J.R. Smith,,Arron Afflalo,,,,,,,,,,,,
Andrew Bynum,Derek Fisher,Kobe Bryant,Lamar Odom,Ron Artest,Carmelo Anthony,Chauncey Billups,Chris Andersen,J.R. Smith,Kenyon Martin,1,3:41,DEN,free throw,,,,,,,2,,2,Chauncey Billups,,,foul,made,,,,
Andrew Bynum,Derek Fisher,Kobe Bryant,Lamar Odom,Ron Artest,Carmelo Anthony,Chauncey Billups,Chris Andersen,J.R. Smith,Kenyon Martin,1,3:24,LAL,shot,Ron Artest,,,,,,,,,Kobe Bryant,2,,,made,,jump,9,11
Andrew Bynum,Derek Fisher,Kobe Bryant,Lamar Odom,Ron Artest,Carmelo Anthony,Chauncey Billups,Chris Andersen,J.R. Smith,Kenyon Martin,1,3:22,DEN,foul,,,,,,,,Derek Fisher,,Chauncey Billups,,,,,,offensive,,
Andrew Bynum,Derek Fisher,Kobe Bryant,Lamar Odom,Ron Artest,Carmelo Anthony,Chauncey Billups,Chris Andersen,J.R. Smith,Kenyon Martin,1,3:22,DEN,turnover,,,,,,,,,,Chauncey Billups,,,foul,,,,,
Andrew Bynum,Derek Fisher,Kobe Bryant,Lamar Odom,Ron Artest,Carmelo Anthony,Chauncey Billups,Chris Andersen,J.R. Smith,Kenyon Martin,1,3:00,LAL,shot,,,,,,,,,,Ron Artest,,,,missed,,jump,37,18
Andrew Bynum,Derek Fisher,Kobe Bryant,Lamar Odom,Ron Artest,Carmelo Anthony,Chauncey Billups,Chris Andersen,J.R. Smith,Kenyon Martin,1,2:58,LAL,rebound,,,,,,,,,,Andrew Bynum,,,,,,off,,
Andrew Bynum,Derek Fisher,Kobe Bryant,Lamar Odom,Ron Artest,Carmelo Anthony,Chauncey Billups,Chris Andersen,J.R. Smith,Kenyon Martin,1,2:58,DEN,foul,,,,,,,,Andrew Bynum,,Kenyon Martin,,,,,,shooting,,
Andrew Bynum,Derek Fisher,Kobe Bryant,Lamar Odom,Ron Artest,Carmelo Anthony,Chauncey Billups,Chris Andersen,J.R. Smith,Kenyon Martin,1,2:58,DEN,timeout,,,,,,,,,,,,,,,,regular,,
Andrew Bynum,Kobe Bryant,Lamar Odom,Ron Artest,Shannon Brown,Carmelo Anthony,Chauncey Billups,Chris Andersen,J.R. Smith,Kenyon Martin,1,2:58,LAL,sub,,,,Shannon Brown,,Derek Fisher,,,,,,,,,,,,
Andrew Bynum,Kobe Bryant,Lamar Odom,Ron Artest,Shannon Brown,Carmelo Anthony,Chauncey Billups,Chris Andersen,J.R. Smith,Kenyon Martin,1,2:58,LAL,free throw,,,,,,,1,,2,Andrew Bynum,,,foul,made,,,,
Andrew Bynum,Kobe Bryant,Lamar Odom,Ron Artest,Shannon Brown,Carmelo Anthony,Chauncey Billups,Chris Andersen,J.R. Smith,Kenyon Martin,1,2:58,LAL,free throw,,,,,,,2,,2,Andrew Bynum,,,foul,made,,,,
Andrew Bynum,Kobe Bryant,Lamar Odom,Ron Artest,Shannon Brown,Carmelo Anthony,Chauncey Billups,Chris Andersen,J.R. Smith,Kenyon Martin,1,2:41,DEN,shot,Chauncey Billups,,,,,,,,,J.R. Smith,3,,,made,,3pt,2,10
Andrew Bynum,Kobe Bryant,Lamar Odom,Ron Artest,Shannon Brown,Carmelo Anthony,Chauncey Billups,Chris Andersen,J.R. Smith,Kenyon Martin,1,2:22,LAL,shot,,,,,,,,,,Shannon Brown,,,,missed,,driving layup,25,6
Andrew Bynum,Kobe Bryant,Lamar Odom,Ron Artest,Shannon Brown,Carmelo Anthony,Chauncey Billups,Chris Andersen,J.R. Smith,Kenyon Martin,1,2:21,LAL,rebound,,,,,,,,,,,,,,,,,,
Andrew Bynum,Kobe Bryant,Lamar Odom,Ron Artest,Shannon Brown,Carmelo Anthony,Chauncey Billups,Chris Andersen,J.R. Smith,Kenyon Martin,1,2:21,DEN,foul,,,,,,,,Shannon Brown,,Carmelo Anthony,,,,,,loose ball,,
Andrew Bynum,Kobe Bryant,Lamar Odom,Ron Artest,Shannon Brown,Arron Afflalo,Chauncey Billups,Chris Andersen,J.R. Smith,Kenyon Martin,1,2:21,DEN,sub,,,,Arron Afflalo,,Carmelo Anthony,,,,,,,,,,,,
Andrew Bynum,Kobe Bryant,Lamar Odom,Ron Artest,Shannon Brown,Arron Afflalo,Chauncey Billups,Chris Andersen,J.R. Smith,Kenyon Martin,1,1:55,LAL,shot,,,,,,,,,,Lamar Odom,,,,missed,,3pt,33,31
Andrew Bynum,Kobe Bryant,Lamar Odom,Ron Artest,Shannon Brown,Arron Afflalo,Chauncey Billups,Chris Andersen,J.R. Smith,Kenyon Martin,1,1:54,DEN,rebound,,,,,,,,,,J.R. Smith,,,,,,def,,
Andrew Bynum,Kobe Bryant,Lamar Odom,Ron Artest,Shannon Brown,Arron Afflalo,Chauncey Billups,Chris Andersen,J.R. Smith,Kenyon Martin,1,1:47,DEN,shot,,,,,,,,,,Kenyon Martin,,,,missed,,jump,7,10
Andrew Bynum,Kobe Bryant,Lamar Odom,Ron Artest,Shannon Brown,Arron Afflalo,Chauncey Billups,Chris Andersen,J.R. Smith,Kenyon Martin,1,1:46,LAL,rebound,,,,,,,,,,Lamar Odom,,,,,,def,,
Andrew Bynum,Kobe Bryant,Lamar Odom,Ron Artest,Shannon Brown,Arron Afflalo,Chauncey Billups,Chris Andersen,J.R. Smith,Kenyon Martin,1,1:38,LAL,shot,,,,,,,,,,Lamar Odom,,,,missed,,layup,25,6
Andrew Bynum,Kobe Bryant,Lamar Odom,Ron Artest,Shannon Brown,Arron Afflalo,Chauncey Billups,Chris Andersen,J.R. Smith,Kenyon Martin,1,1:34,LAL,rebound,,,,,,,,,,Kobe Bryant,,,,,,off,,
Andrew Bynum,Kobe Bryant,Lamar Odom,Ron Artest,Shannon Brown,Arron Afflalo,Chauncey Billups,Chris Andersen,J.R. Smith,Kenyon Martin,1,1:24,LAL,turnover,,,,,,,,,,,,,shot clock turnover,,,,,
Andrew Bynum,Kobe Bryant,Lamar Odom,Ron Artest,Shannon Brown,Arron Afflalo,Chauncey Billups,Chris Andersen,J.R. Smith,Kenyon Martin,1,1:11,DEN,shot,,,,,,,,,,Chauncey Billups,,,,missed,,driving layup,25,6
Andrew Bynum,Kobe Bryant,Lamar Odom,Ron Artest,Shannon Brown,Arron Afflalo,Chauncey Billups,Chris Andersen,J.R. Smith,Kenyon Martin,1,1:10,LAL,rebound,,,,,,,,,,Shannon Brown,,,,,,def,,
Andrew Bynum,Kobe Bryant,Lamar Odom,Ron Artest,Shannon Brown,Arron Afflalo,Chauncey Billups,Chris Andersen,J.R. Smith,Kenyon Martin,1,1:04,LAL,turnover,,,,,,,,,,Andrew Bynum,,,3 second violation,,,,,
Andrew Bynum,Kobe Bryant,Lamar Odom,Ron Artest,Shannon Brown,Arron Afflalo,Chauncey Billups,Chris Andersen,J.R. Smith,Kenyon Martin,1,0:53,DEN,shot,,,,,,,,,,Chauncey Billups,,,,missed,,jump,42,22
Andrew Bynum,Kobe Bryant,Lamar Odom,Ron Artest,Shannon Brown,Arron Afflalo,Chauncey Billups,Chris Andersen,J.R. Smith,Kenyon Martin,1,0:49,DEN,rebound,,,,,,,,,,Chris Andersen,,,,,,off,,
Andrew Bynum,Kobe Bryant,Lamar Odom,Ron Artest,Shannon Brown,Arron Afflalo,Chauncey Billups,Chris Andersen,J.R. Smith,Kenyon Martin,1,0:49,DEN,shot,,,,,,,,,,Chris Andersen,,,,missed,,layup,25,6
Andrew Bynum,Kobe Bryant,Lamar Odom,Ron Artest,Shannon Brown,Arron Afflalo,Chauncey Billups,Chris Andersen,J.R. Smith,Kenyon Martin,1,0:47,LAL,rebound,,,,,,,,,,Andrew Bynum,,,,,,def,,
Andrew Bynum,Kobe Bryant,Lamar Odom,Ron Artest,Shannon Brown,Arron Afflalo,Chauncey Billups,Chris Andersen,J.R. Smith,Kenyon Martin,1,0:41,LAL,shot,Ron Artest,,,,,,,,,Kobe Bryant,2,,,made,,turnaround jump,36,12
Andrew Bynum,Kobe Bryant,Lamar Odom,Ron Artest,Shannon Brown,Arron Afflalo,Chauncey Billups,Chris Andersen,J.R. Smith,Kenyon Martin,1,0:31,DEN,shot,,,,,,,,,,J.R. Smith,2,,,made,,driving layup,25,6
Andrew Bynum,Kobe Bryant,Lamar Odom,Ron Artest,Shannon Brown,Arron Afflalo,Chauncey Billups,Chris Andersen,J.R. Smith,Kenyon Martin,1,0:13,LAL,shot,Ron Artest,,,,,,,,,Kobe Bryant,2,,,made,,jump,9,17
Andrew Bynum,Kobe Bryant,Lamar Odom,Ron Artest,Shannon Brown,Arron Afflalo,Chauncey Billups,Chris Andersen,J.R. Smith,Kenyon Martin,1,0:01,DEN,shot,,,,,,,,,,J.R. Smith,,,,missed,,3pt,5,21
Andrew Bynum,Kobe Bryant,Lamar Odom,Ron Artest,Shannon Brown,Arron Afflalo,Chauncey Billups,Chris Andersen,J.R. Smith,Kenyon Martin,1,0:00,LAL,rebound,,,,,,,,,,Andrew Bynum,,,,,,def,,
Andrew Bynum,Jordan Farmar,Josh Powell,Kobe Bryant,Shannon Brown,Arron Afflalo,Chris Andersen,J.R. Smith,Kenyon Martin,Ty Lawson,2,11:45,LAL,foul,,,,,,,,Kenyon Martin,,Josh Powell,,,,,,shooting,,
Andrew Bynum,Jordan Farmar,Josh Powell,Kobe Bryant,Shannon Brown,Arron Afflalo,Chris Andersen,J.R. Smith,Kenyon Martin,Ty Lawson,2,11:45,DEN,free throw,,,,,,,1,,2,Kenyon Martin,,,foul,made,,,,
Andrew Bynum,Jordan Farmar,Josh Powell,Kobe Bryant,Shannon Brown,Arron Afflalo,Chris Andersen,J.R. Smith,Kenyon Martin,Ty Lawson,2,11:45,DEN,free throw,,,,,,,2,,2,Kenyon Martin,,,foul,made,,,,
Andrew Bynum,Jordan Farmar,Josh Powell,Kobe Bryant,Shannon Brown,Arron Afflalo,Chris Andersen,J.R. Smith,Kenyon Martin,Ty Lawson,2,11:28,LAL,shot,,,,,,,,,,Josh Powell,,,,missed,,jump,28,22
Andrew Bynum,Jordan Farmar,Josh Powell,Kobe Bryant,Shannon Brown,Arron Afflalo,Chris Andersen,J.R. Smith,Kenyon Martin,Ty Lawson,2,11:26,LAL,rebound,,,,,,,,,,Jordan Farmar,,,,,,off,,
Andrew Bynum,Jordan Farmar,Josh Powell,Kobe Bryant,Shannon Brown,Arron Afflalo,Chris Andersen,J.R. Smith,Kenyon Martin,Ty Lawson,2,11:21,LAL,shot,,,,,,,,,,Jordan Farmar,,,,missed,,3pt,8,23
Andrew Bynum,Jordan Farmar,Josh Powell,Kobe Bryant,Shannon Brown,Arron Afflalo,Chris Andersen,J.R. Smith,Kenyon Martin,Ty Lawson,2,11:21,LAL,rebound,,,,,,,,,,,,,,,,,,
Andrew Bynum,Jordan Farmar,Josh Powell,Kobe Bryant,Shannon Brown,Arron Afflalo,Chris Andersen,J.R. Smith,Kenyon Martin,Ty Lawson,2,11:21,LAL,turnover,,,,,,,,,,,,,shot clock turnover,,,,,
Andrew Bynum,Jordan Farmar,Josh Powell,Kobe Bryant,Shannon Brown,Arron Afflalo,Chris Andersen,J.R. Smith,Kenyon Martin,Ty Lawson,2,11:06,DEN,shot,,,,,,,,,,J.R. Smith,,,,missed,,jump,28,23
Andrew Bynum,Jordan Farmar,Josh Powell,Kobe Bryant,Shannon Brown,Arron Afflalo,Chris Andersen,J.R. Smith,Kenyon Martin,Ty Lawson,2,11:06,DEN,rebound,,,,,,,,,,,,,,,,,,
Andrew Bynum,Jordan Farmar,Josh Powell,Kobe Bryant,Shannon Brown,Arron Afflalo,Chris Andersen,J.R. Smith,Kenyon Martin,Ty Lawson,2,11:06,LAL,foul,,,,,,,,Chris Andersen,,Josh Powell,,,,,,loose ball,,
Andrew Bynum,Jordan Farmar,Josh Powell,Kobe Bryant,Shannon Brown,Arron Afflalo,Chris Andersen,J.R. Smith,Kenyon Martin,Ty Lawson,2,10:47,DEN,shot,,,,,,,,,,Kenyon Martin,,,,missed,,jump,22,15
Andrew Bynum,Jordan Farmar,Josh Powell,Kobe Bryant,Shannon Brown,Arron Afflalo,Chris Andersen,J.R. Smith,Kenyon Martin,Ty Lawson,2,10:47,DEN,rebound,,,,,,,,,,Kenyon Martin,,,,,,off,,
Andrew Bynum,Jordan Farmar,Josh Powell,Kobe Bryant,Shannon Brown,Arron Afflalo,Chris Andersen,J.R. Smith,Kenyon Martin,Ty Lawson,2,10:47,DEN,shot,,,,,,,,,,Kenyon Martin,,,,missed,,layup,22,15
Andrew Bynum,Jordan Farmar,Josh Powell,Kobe Bryant,Shannon Brown,Arron Afflalo,Chris Andersen,J.R. Smith,Kenyon Martin,Ty Lawson,2,10:47,DEN,rebound,,,,,,,,,,Kenyon Martin,,,,,,off,,
Andrew Bynum,Jordan Farmar,Josh Powell,Kobe Bryant,Shannon Brown,Arron Afflalo,Chris Andersen,J.R. Smith,Kenyon Martin,Ty Lawson,2,10:47,LAL,foul,,,,,,,,Kenyon Martin,,Josh Powell,,,,,,shooting,,
Andrew Bynum,Jordan Farmar,Kobe Bryant,Lamar Odom,Shannon Brown,Arron Afflalo,Chris Andersen,J.R. Smith,Kenyon Martin,Ty Lawson,2,10:47,LAL,sub,,,,Lamar Odom,,Josh Powell,,,,,,,,,,,,
Andrew Bynum,Jordan Farmar,Kobe Bryant,Lamar Odom,Shannon Brown,Arron Afflalo,Chris Andersen,J.R. Smith,Kenyon Martin,Ty Lawson,2,10:47,DEN,free throw,,,,,,,1,,2,Kenyon Martin,,,foul,made,,,,
Andrew Bynum,Jordan Farmar,Kobe Bryant,Lamar Odom,Shannon Brown,Arron Afflalo,Chris Andersen,J.R. Smith,Kenyon Martin,Ty Lawson,2,10:47,DEN,free throw,,,,,,,2,,2,Kenyon Martin,,,foul,made,,,,
Andrew Bynum,Jordan Farmar,Kobe Bryant,Lamar Odom,Shannon Brown,Arron Afflalo,Chris Andersen,J.R. Smith,Kenyon Martin,Ty Lawson,2,10:33,LAL,shot,Lamar Odom,,,,,,,,,Jordan Farmar,2,,,made,,jump,37,21
Andrew Bynum,Jordan Farmar,Kobe Bryant,Lamar Odom,Shannon Brown,Arron Afflalo,Chris Andersen,J.R. Smith,Kenyon Martin,Ty Lawson,2,10:24,DEN,shot,,,,,,,,,,J.R. Smith,,,,missed,,jump,36,25
Andrew Bynum,Jordan Farmar,Kobe Bryant,Lamar Odom,Shannon Brown,Arron Afflalo,Chris Andersen,J.R. Smith,Kenyon Martin,Ty Lawson,2,10:23,LAL,rebound,,,,,,,,,,Andrew Bynum,,,,,,def,,
Andrew Bynum,Jordan Farmar,Kobe Bryant,Lamar Odom,Shannon Brown,Arron Afflalo,Chris Andersen,J.R. Smith,Kenyon Martin,Ty Lawson,2,10:09,DEN,foul,,,,,,,,Lamar Odom,,Arron Afflalo,,,,,,shooting,,
Andrew Bynum,Jordan Farmar,Kobe Bryant,Lamar Odom,Shannon Brown,Arron Afflalo,Chris Andersen,J.R. Smith,Nene Hilario,Ty Lawson,2,10:09,DEN,sub,,,,Nene Hilario,,Kenyon Martin,,,,,,,,,,,,
Andrew Bynum,Jordan Farmar,Kobe Bryant,Lamar Odom,Shannon Brown,Arron Afflalo,Chris Andersen,J.R. Smith,Nene Hilario,Ty Lawson,2,10:09,LAL,free throw,,,,,,,1,,2,Lamar Odom,,,foul,made,,,,
D.J. Mbenga,Jordan Farmar,Kobe Bryant,Lamar Odom,Shannon Brown,Arron Afflalo,Chris Andersen,J.R. Smith,Nene Hilario,Ty Lawson,2,10:09,LAL,sub,,,,D.J. Mbenga,,Andrew Bynum,,,,,,,,,,,,
D.J. Mbenga,Jordan Farmar,Kobe Bryant,Lamar Odom,Shannon Brown,Arron Afflalo,Chris Andersen,J.R. Smith,Nene Hilario,Ty Lawson,2,10:09,LAL,free throw,,,,,,,2,,2,Lamar Odom,,,foul,made,,,,
D.J. Mbenga,Jordan Farmar,Kobe Bryant,Lamar Odom,Shannon Brown,Arron Afflalo,Chris Andersen,J.R. Smith,Nene Hilario,Ty Lawson,2,9:55,DEN,shot,,,,,,,,,,J.R. Smith,,,,missed,,3pt,5,21
D.J. Mbenga,Jordan Farmar,Kobe Bryant,Lamar Odom,Shannon Brown,Arron Afflalo,Chris Andersen,J.R. Smith,Nene Hilario,Ty Lawson,2,9:54,LAL,rebound,,,,,,,,,,Jordan Farmar,,,,,,def,,
D.J. Mbenga,Jordan Farmar,Kobe Bryant,Lamar Odom,Shannon Brown,Arron Afflalo,Chris Andersen,J.R. Smith,Nene Hilario,Ty Lawson,2,9:50,DEN,foul,,,,,,,,Kobe Bryant,,J.R. Smith,,,,,,personal,,
D.J. Mbenga,Jordan Farmar,Kobe Bryant,Lamar Odom,Shannon Brown,Arron Afflalo,Chris Andersen,J.R. Smith,Nene Hilario,Ty Lawson,2,9:42,LAL,shot,Kobe Bryant,,,,,,,,,Lamar Odom,2,,,made,,jump,31,9
D.J. Mbenga,Jordan Farmar,Kobe Bryant,Lamar Odom,Shannon Brown,Arron Afflalo,Chris Andersen,J.R. Smith,Nene Hilario,Ty Lawson,2,9:42,DEN,foul,,,,,,,,Lamar Odom,,Nene Hilario,,,,,,shooting,,
D.J. Mbenga,Jordan Farmar,Kobe Bryant,Lamar Odom,Shannon Brown,Arron Afflalo,Chris Andersen,J.R. Smith,Nene Hilario,Ty Lawson,2,9:42,LAL,free throw,,,,,,,1,,1,Lamar Odom,,,foul,made,,,,
D.J. Mbenga,Jordan Farmar,Kobe Bryant,Lamar Odom,Shannon Brown,Arron Afflalo,Chris Andersen,J.R. Smith,Nene Hilario,Ty Lawson,2,9:25,DEN,shot,Ty Lawson,,,,,,,,,Nene Hilario,2,,,made,,running jump,,
D.J. Mbenga,Jordan Farmar,Kobe Bryant,Lamar Odom,Shannon Brown,Arron Afflalo,Chris Andersen,J.R. Smith,Nene Hilario,Ty Lawson,2,9:25,LAL,foul,,,,,,,,Nene Hilario,,D.J. Mbenga,,,,,,shooting,,
D.J. Mbenga,Jordan Farmar,Kobe Bryant,Lamar Odom,Shannon Brown,Arron Afflalo,Chris Andersen,J.R. Smith,Nene Hilario,Ty Lawson,2,9:25,DEN,free throw,,,,,,,1,,1,Nene Hilario,,,foul,made,,,,
D.J. Mbenga,Jordan Farmar,Kobe Bryant,Lamar Odom,Shannon Brown,Arron Afflalo,Chris Andersen,J.R. Smith,Nene Hilario,Ty Lawson,2,9:11,LAL,turnover,,,,,,,,,,Kobe Bryant,,,bad pass,,Ty Lawson,,,
D.J. Mbenga,Jordan Farmar,Kobe Bryant,Lamar Odom,Shannon Brown,Arron Afflalo,Chris Andersen,J.R. Smith,Nene Hilario,Ty Lawson,2,9:02,DEN,turnover,,,,,,,,,,J.R. Smith,,,lost ball,,Kobe Bryant,,,
D.J. Mbenga,Jordan Farmar,Kobe Bryant,Lamar Odom,Shannon Brown,Arron Afflalo,Chris Andersen,J.R. Smith,Nene Hilario,Ty Lawson,2,8:57,LAL,shot,Jordan Farmar,,,,,,,,,Shannon Brown,2,,,made,,driving dunk,25,6
D.J. Mbenga,Jordan Farmar,Kobe Bryant,Lamar Odom,Shannon Brown,Arron Afflalo,Chris Andersen,J.R. Smith,Nene Hilario,Ty Lawson,2,8:38,DEN,shot,,,,,,,,,,Nene Hilario,,,,missed,,jump,,
D.J. Mbenga,Jordan Farmar,Kobe Bryant,Lamar Odom,Shannon Brown,Arron Afflalo,Chris Andersen,J.R. Smith,Nene Hilario,Ty Lawson,2,8:37,DEN,rebound,,,,,,,,,,Chris Andersen,,,,,,off,,
D.J. Mbenga,Jordan Farmar,Kobe Bryant,Lamar Odom,Shannon Brown,Arron Afflalo,Chris Andersen,J.R. Smith,Nene Hilario,Ty Lawson,2,8:37,DEN,shot,,,,,,,,,,Chris Andersen,2,,,made,,putback dunk,25,6
D.J. Mbenga,Jordan Farmar,Kobe Bryant,Lamar Odom,Shannon Brown,Arron Afflalo,Chris Andersen,J.R. Smith,Nene Hilario,Ty Lawson,2,8:14,LAL,shot,,,,,,,,,,Kobe Bryant,2,,,made,,turnaround jump,7,12
D.J. Mbenga,Jordan Farmar,Kobe Bryant,Lamar Odom,Shannon Brown,Arron Afflalo,Chris Andersen,J.R. Smith,Nene Hilario,Ty Lawson,2,8:01,DEN,shot,,,Lamar Odom,,,,,,,J.R. Smith,,,,missed,,jump,23,12
D.J. Mbenga,Jordan Farmar,Kobe Bryant,Lamar Odom,Shannon Brown,Arron Afflalo,Chris Andersen,J.R. Smith,Nene Hilario,Ty Lawson,2,8:00,DEN,rebound,,,,,,,,,,Chris Andersen,,,,,,off,,
D.J. Mbenga,Jordan Farmar,Kobe Bryant,Lamar Odom,Shannon Brown,Arron Afflalo,Chris Andersen,J.R. Smith,Nene Hilario,Ty Lawson,2,7:59,DEN,shot,,,,,,,,,,Chris Andersen,,,,missed,,layup,25,6
D.J. Mbenga,Jordan Farmar,Kobe Bryant,Lamar Odom,Shannon Brown,Arron Afflalo,Chris Andersen,J.R. Smith,Nene Hilario,Ty Lawson,2,7:59,DEN,rebound,,,,,,,,,,,,,,,,,,
D.J. Mbenga,Jordan Farmar,Kobe Bryant,Lamar Odom,Shannon Brown,Arron Afflalo,Chris Andersen,J.R. Smith,Nene Hilario,Ty Lawson,2,7:59,DEN,timeout,,,,,,,,,,,,,,,,official,,
D.J. Mbenga,Jordan Farmar,Lamar Odom,Ron Artest,Shannon Brown,Arron Afflalo,Chris Andersen,J.R. Smith,Nene Hilario,Ty Lawson,2,7:59,LAL,sub,,,,Ron Artest,,Kobe Bryant,,,,,,,,,,,,
D.J. Mbenga,Jordan Farmar,Lamar Odom,Ron Artest,Shannon Brown,Arron Afflalo,Chris Andersen,J.R. Smith,Nene Hilario,Ty Lawson,2,7:49,DEN,shot,J.R. Smith,,,,,,,,,Ty Lawson,3,,,made,,3pt,43,24
D.J. Mbenga,Jordan Farmar,Lamar Odom,Ron Artest,Shannon Brown,Arron Afflalo,Chris Andersen,J.R. Smith,Nene Hilario,Ty Lawson,2,7:31,LAL,foul,,,,,,,,J.R. Smith,,Ron Artest,,,,,,offensive,,
D.J. Mbenga,Jordan Farmar,Lamar Odom,Ron Artest,Shannon Brown,Arron Afflalo,Chris Andersen,J.R. Smith,Nene Hilario,Ty Lawson,2,7:31,LAL,turnover,,,,,,,,,,Ron Artest,,,foul,,,,,
D.J. Mbenga,Jordan Farmar,Lamar Odom,Ron Artest,Shannon Brown,Arron Afflalo,Carmelo Anthony,Chris Andersen,Nene Hilario,Ty Lawson,2,7:31,DEN,sub,,,,Carmelo Anthony,,J.R. Smith,,,,,,,,,,,,
D.J. Mbenga,Jordan Farmar,Lamar Odom,Ron Artest,Shannon Brown,Arron Afflalo,Carmelo Anthony,Chris Andersen,Nene Hilario,Ty Lawson,2,7:15,DEN,shot,Ty Lawson,,,,,,,,,Chris Andersen,2,,,made,,jump,38,20
D.J. Mbenga,Jordan Farmar,Lamar Odom,Ron Artest,Shannon Brown,Arron Afflalo,Carmelo Anthony,Chris Andersen,Nene Hilario,Ty Lawson,2,6:59,LAL,shot,,,,,,,,,,Jordan Farmar,,,,missed,,3pt,9,24
D.J. Mbenga,Jordan Farmar,Lamar Odom,Ron Artest,Shannon Brown,Arron Afflalo,Carmelo Anthony,Chris Andersen,Nene Hilario,Ty Lawson,2,6:59,DEN,rebound,,,,,,,,,,Chris Andersen,,,,,,def,,
D.J. Mbenga,Jordan Farmar,Lamar Odom,Ron Artest,Shannon Brown,Arron Afflalo,Carmelo Anthony,Chris Andersen,Nene Hilario,Ty Lawson,2,6:53,DEN,turnover,,,,,,,,,,Carmelo Anthony,,,lost ball,,Shannon Brown,,,
D.J. Mbenga,Jordan Farmar,Lamar Odom,Ron Artest,Shannon Brown,Arron Afflalo,Carmelo Anthony,Chris Andersen,Nene Hilario,Ty Lawson,2,6:40,DEN,foul,,,,,,,,Lamar Odom,,Nene Hilario,,,,,,shooting,,
D.J. Mbenga,Jordan Farmar,Lamar Odom,Ron Artest,Shannon Brown,Arron Afflalo,Carmelo Anthony,Chris Andersen,Nene Hilario,Ty Lawson,2,6:40,LAL,free throw,,,,,,,1,,2,Lamar Odom,,,foul,missed,,,,
D.J. Mbenga,Jordan Farmar,Lamar Odom,Ron Artest,Shannon Brown,Arron Afflalo,Carmelo Anthony,Chris Andersen,Nene Hilario,Ty Lawson,2,6:40,LAL,rebound,,,,,,,,,,,,,,,,,,
D.J. Mbenga,Jordan Farmar,Lamar Odom,Ron Artest,Shannon Brown,Arron Afflalo,Carmelo Anthony,Chris Andersen,Nene Hilario,Ty Lawson,2,6:40,LAL,free throw,,,,,,,2,,2,Lamar Odom,,,foul,missed,,,,
D.J. Mbenga,Jordan Farmar,Lamar Odom,Ron Artest,Shannon Brown,Arron Afflalo,Carmelo Anthony,Chris Andersen,Nene Hilario,Ty Lawson,2,6:38,DEN,rebound,,,,,,,,,,Chris Andersen,,,,,,def,,
D.J. Mbenga,Jordan Farmar,Lamar Odom,Ron Artest,Shannon Brown,Arron Afflalo,Carmelo Anthony,Chris Andersen,Nene Hilario,Ty Lawson,2,6:29,LAL,foul,,,,,,,,Nene Hilario,,Lamar Odom,,,,,,shooting,,
D.J. Mbenga,Jordan Farmar,Lamar Odom,Ron Artest,Shannon Brown,Arron Afflalo,Carmelo Anthony,Chris Andersen,Nene Hilario,Ty Lawson,2,6:29,DEN,free throw,,,,,,,1,,2,Nene Hilario,,,foul,made,,,,
Andrew Bynum,Jordan Farmar,Lamar Odom,Ron Artest,Shannon Brown,Arron Afflalo,Carmelo Anthony,Chris Andersen,Nene Hilario,Ty Lawson,2,6:29,LAL,sub,,,,Andrew Bynum,,D.J. Mbenga,,,,,,,,,,,,
Andrew Bynum,Derek Fisher,Lamar Odom,Ron Artest,Shannon Brown,Arron Afflalo,Carmelo Anthony,Chris Andersen,Nene Hilario,Ty Lawson,2,6:29,LAL,sub,,,,Derek Fisher,,Jordan Farmar,,,,,,,,,,,,
Andrew Bynum,Derek Fisher,Lamar Odom,Ron Artest,Shannon Brown,Arron Afflalo,Carmelo Anthony,Chris Andersen,Nene Hilario,Ty Lawson,2,6:29,DEN,free throw,,,,,,,2,,2,Nene Hilario,,,foul,made,,,,
Andrew Bynum,Derek Fisher,Lamar Odom,Ron Artest,Shannon Brown,Arron Afflalo,Carmelo Anthony,Chris Andersen,Nene Hilario,Ty Lawson,2,6:17,LAL,shot,Ron Artest,,,,,,,,,Lamar Odom,2,,,made,,dunk,25,6
Andrew Bynum,Derek Fisher,Lamar Odom,Ron Artest,Shannon Brown,Arron Afflalo,Carmelo Anthony,Chris Andersen,Nene Hilario,Ty Lawson,2,5:59,DEN,shot,Ty Lawson,,,,,,,,,Nene Hilario,2,,,made,,driving layup,,
Andrew Bynum,Derek Fisher,Lamar Odom,Ron Artest,Shannon Brown,Arron Afflalo,Carmelo Anthony,Chris Andersen,Nene Hilario,Ty Lawson,2,5:44,LAL,shot,,,,,,,,,,Derek Fisher,,,,missed,,jump,10,19
Andrew Bynum,Derek Fisher,Lamar Odom,Ron Artest,Shannon Brown,Arron Afflalo,Carmelo Anthony,Chris Andersen,Nene Hilario,Ty Lawson,2,5:43,DEN,rebound,,,,,,,,,,Carmelo Anthony,,,,,,def,,
Andrew Bynum,Derek Fisher,Lamar Odom,Ron Artest,Shannon Brown,Arron Afflalo,Carmelo Anthony,Chris Andersen,Nene Hilario,Ty Lawson,2,5:40,LAL,foul,,,,,,,,Ty Lawson,,Derek Fisher,,,,,,personal,,
Andrew Bynum,Derek Fisher,Lamar Odom,Ron Artest,Shannon Brown,Arron Afflalo,Carmelo Anthony,Chris Andersen,Nene Hilario,Ty Lawson,2,5:40,DEN,timeout,,,,,,,,,,,,,,,,regular,,
Andrew Bynum,Derek Fisher,Kobe Bryant,Lamar Odom,Ron Artest,Arron Afflalo,Carmelo Anthony,Chris Andersen,Nene Hilario,Ty Lawson,2,5:40,LAL,sub,,,,Kobe Bryant,,Shannon Brown,,,,,,,,,,,,
Andrew Bynum,Derek Fisher,Kobe Bryant,Lamar Odom,Ron Artest,Arron Afflalo,Carmelo Anthony,Kenyon Martin,Nene Hilario,Ty Lawson,2,5:40,DEN,sub,,,,Kenyon Martin,,Chris Andersen,,,,,,,,,,,,
Andrew Bynum,Derek Fisher,Kobe Bryant,Lamar Odom,Ron Artest,Arron Afflalo,Carmelo Anthony,Kenyon Martin,Nene Hilario,Ty Lawson,2,5:40,DEN,free throw,,,,,,,1,,2,Ty Lawson,,,foul,made,,,,
Andrew Bynum,Derek Fisher,Kobe Bryant,Lamar Odom,Ron Artest,Arron Afflalo,Carmelo Anthony,Kenyon Martin,Nene Hilario,Ty Lawson,2,5:40,DEN,free throw,,,,,,,2,,2,Ty Lawson,,,foul,made,,,,
Andrew Bynum,Derek Fisher,Kobe Bryant,Lamar Odom,Ron Artest,Arron Afflalo,Carmelo Anthony,Kenyon Martin,Nene Hilario,Ty Lawson,2,5:19,LAL,shot,,,,,,,,,,Derek Fisher,,,,missed,,3pt,24,33
Andrew Bynum,Derek Fisher,Kobe Bryant,Lamar Odom,Ron Artest,Arron Afflalo,Carmelo Anthony,Kenyon Martin,Nene Hilario,Ty Lawson,2,5:18,DEN,rebound,,,,,,,,,,Nene Hilario,,,,,,def,,
Andrew Bynum,Derek Fisher,Kobe Bryant,Lamar Odom,Ron Artest,Arron Afflalo,Carmelo Anthony,Kenyon Martin,Nene Hilario,Ty Lawson,2,5:15,DEN,foul,,,,,,,,Derek Fisher,,Carmelo Anthony,,,,,,offensive,,
Andrew Bynum,Derek Fisher,Kobe Bryant,Lamar Odom,Ron Artest,Arron Afflalo,Carmelo Anthony,Kenyon Martin,Nene Hilario,Ty Lawson,2,5:15,DEN,turnover,,,,,,,,,,Carmelo Anthony,,,foul,,,,,
Andrew Bynum,Derek Fisher,Kobe Bryant,Lamar Odom,Ron Artest,Arron Afflalo,J.R. Smith,Kenyon Martin,Nene Hilario,Ty Lawson,2,5:15,DEN,sub,,,,J.R. Smith,,Carmelo Anthony,,,,,,,,,,,,
Andrew Bynum,Derek Fisher,Kobe Bryant,Lamar Odom,Ron Artest,Arron Afflalo,Chauncey Billups,J.R. Smith,Kenyon Martin,Nene Hilario,2,5:15,DEN,sub,,,,Chauncey Billups,,Ty Lawson,,,,,,,,,,,,
Andrew Bynum,Derek Fisher,Kobe Bryant,Lamar Odom,Ron Artest,Arron Afflalo,Chauncey Billups,J.R. Smith,Kenyon Martin,Nene Hilario,2,5:02,LAL,shot,,,,,,,,,,Kobe Bryant,,,,missed,,jump,46,13
Andrew Bynum,Derek Fisher,Kobe Bryant,Lamar Odom,Ron Artest,Arron Afflalo,Chauncey Billups,J.R. Smith,Kenyon Martin,Nene Hilario,2,5:01,LAL,rebound,,,,,,,,,,Ron Artest,,,,,,off,,
Andrew Bynum,Derek Fisher,Kobe Bryant,Lamar Odom,Ron Artest,Arron Afflalo,Chauncey Billups,J.R. Smith,Kenyon Martin,Nene Hilario,2,4:54,LAL,shot,,,,,,,,,,Lamar Odom,,,,missed,,jump,24,23
Andrew Bynum,Derek Fisher,Kobe Bryant,Lamar Odom,Ron Artest,Arron Afflalo,Chauncey Billups,J.R. Smith,Kenyon Martin,Nene Hilario,2,4:53,DEN,rebound,,,,,,,,,,Chauncey Billups,,,,,,def,,
Andrew Bynum,Derek Fisher,Kobe Bryant,Lamar Odom,Ron Artest,Arron Afflalo,Chauncey Billups,J.R. Smith,Kenyon Martin,Nene Hilario,2,4:36,LAL,foul,,,,,,,,Arron Afflalo,,Lamar Odom,,,,,,shooting,,
Andrew Bynum,Derek Fisher,Kobe Bryant,Lamar Odom,Ron Artest,Arron Afflalo,Chauncey Billups,J.R. Smith,Kenyon Martin,Nene Hilario,2,4:36,DEN,free throw,,,,,,,1,,3,Arron Afflalo,,,foul,missed,,,,
Andrew Bynum,Derek Fisher,Kobe Bryant,Lamar Odom,Ron Artest,Arron Afflalo,Chauncey Billups,J.R. Smith,Kenyon Martin,Nene Hilario,2,4:36,DEN,rebound,,,,,,,,,,,,,,,,,,
Andrew Bynum,Derek Fisher,Kobe Bryant,Ron Artest,Sasha Vujacic,Arron Afflalo,Chauncey Billups,J.R. Smith,Kenyon Martin,Nene Hilario,2,4:36,LAL,sub,,,,Sasha Vujacic,,Lamar Odom,,,,,,,,,,,,
Andrew Bynum,Derek Fisher,Kobe Bryant,Ron Artest,Sasha Vujacic,Arron Afflalo,Chauncey Billups,J.R. Smith,Kenyon Martin,Nene Hilario,2,4:36,DEN,free throw,,,,,,,2,,3,Arron Afflalo,,,foul,made,,,,
Andrew Bynum,Derek Fisher,Kobe Bryant,Ron Artest,Sasha Vujacic,Arron Afflalo,Chauncey Billups,J.R. Smith,Kenyon Martin,Nene Hilario,2,4:36,DEN,free throw,,,,,,,3,,3,Arron Afflalo,,,foul,missed,,,,
Andrew Bynum,Derek Fisher,Kobe Bryant,Ron Artest,Sasha Vujacic,Arron Afflalo,Chauncey Billups,J.R. Smith,Kenyon Martin,Nene Hilario,2,4:35,LAL,rebound,,,,,,,,,,Andrew Bynum,,,,,,def,,
Andrew Bynum,Derek Fisher,Kobe Bryant,Ron Artest,Sasha Vujacic,Arron Afflalo,Chauncey Billups,J.R. Smith,Kenyon Martin,Nene Hilario,2,4:18,LAL,shot,Sasha Vujacic,,,,,,,,,Ron Artest,3,,,made,,3pt,40,25
Andrew Bynum,Derek Fisher,Kobe Bryant,Ron Artest,Sasha Vujacic,Arron Afflalo,Chauncey Billups,J.R. Smith,Kenyon Martin,Nene Hilario,2,4:04,DEN,shot,Nene Hilario,,,,,,,,,J.R. Smith,2,,,made,,driving layup,25,6
Andrew Bynum,Derek Fisher,Kobe Bryant,Ron Artest,Sasha Vujacic,Arron Afflalo,Chauncey Billups,J.R. Smith,Kenyon Martin,Nene Hilario,2,3:40,LAL,shot,,,,,,,,,,Andrew Bynum,2,,,made,,driving layup,25,6
Andrew Bynum,Derek Fisher,Kobe Bryant,Ron Artest,Sasha Vujacic,Arron Afflalo,Chauncey Billups,J.R. Smith,Kenyon Martin,Nene Hilario,2,3:29,DEN,shot,,,,,,,,,,Nene Hilario,,,,missed,,driving layup,,
Andrew Bynum,Derek Fisher,Kobe Bryant,Ron Artest,Sasha Vujacic,Arron Afflalo,Chauncey Billups,J.R. Smith,Kenyon Martin,Nene Hilario,2,3:27,LAL,rebound,,,,,,,,,,Derek Fisher,,,,,,def,,
Andrew Bynum,Derek Fisher,Kobe Bryant,Ron Artest,Sasha Vujacic,Arron Afflalo,Chauncey Billups,J.R. Smith,Kenyon Martin,Nene Hilario,2,3:16,LAL,shot,,,,,,,,,,Kobe Bryant,,,,missed,,jump,36,12
Andrew Bynum,Derek Fisher,Kobe Bryant,Ron Artest,Sasha Vujacic,Arron Afflalo,Chauncey Billups,J.R. Smith,Kenyon Martin,Nene Hilario,2,3:16,DEN,rebound,,,,,,,,,,Nene Hilario,,,,,,def,,
Andrew Bynum,Derek Fisher,Kobe Bryant,Ron Artest,Sasha Vujacic,Arron Afflalo,Chauncey Billups,J.R. Smith,Kenyon Martin,Nene Hilario,2,2:59,LAL,foul,,,,,,,,Kenyon Martin,,Ron Artest,,,,,,personal,,
Andrew Bynum,Derek Fisher,Kobe Bryant,Ron Artest,Sasha Vujacic,Arron Afflalo,Chauncey Billups,J.R. Smith,Kenyon Martin,Nene Hilario,2,2:59,LAL,timeout,,,,,,,,,,,,,,,,regular,,
Andrew Bynum,Derek Fisher,Kobe Bryant,Ron Artest,Sasha Vujacic,Arron Afflalo,Chauncey Billups,J.R. Smith,Kenyon Martin,Ty Lawson,2,2:59,DEN,sub,,,,Ty Lawson,,Nene Hilario,,,,,,,,,,,,
Andrew Bynum,Derek Fisher,Kobe Bryant,Ron Artest,Sasha Vujacic,Arron Afflalo,Chris Andersen,J.R. Smith,Kenyon Martin,Ty Lawson,2,2:59,DEN,sub,,,,Chris Andersen,,Chauncey Billups,,,,,,,,,,,,
Andrew Bynum,Derek Fisher,Kobe Bryant,Ron Artest,Sasha Vujacic,Arron Afflalo,Chris Andersen,J.R. Smith,Kenyon Martin,Ty Lawson,2,2:59,DEN,free throw,,,,,,,1,,2,Kenyon Martin,,,foul,made,,,,
Andrew Bynum,Derek Fisher,Kobe Bryant,Ron Artest,Sasha Vujacic,Arron Afflalo,Chris Andersen,J.R. Smith,Kenyon Martin,Ty Lawson,2,2:59,DEN,free throw,,,,,,,2,,2,Kenyon Martin,,,foul,made,,,,
Andrew Bynum,Derek Fisher,Kobe Bryant,Ron Artest,Sasha Vujacic,Arron Afflalo,Chris Andersen,J.R. Smith,Kenyon Martin,Ty Lawson,2,2:40,LAL,shot,,,,,,,,,,Derek Fisher,,,,missed,,jump,17,22
Andrew Bynum,Derek Fisher,Kobe Bryant,Ron Artest,Sasha Vujacic,Arron Afflalo,Chris Andersen,J.R. Smith,Kenyon Martin,Ty Lawson,2,2:39,LAL,rebound,,,,,,,,,,Ron Artest,,,,,,off,,
Andrew Bynum,Derek Fisher,Kobe Bryant,Ron Artest,Sasha Vujacic,Arron Afflalo,Chris Andersen,J.R. Smith,Kenyon Martin,Ty Lawson,2,2:30,LAL,shot,Ron Artest,,,,,,,,,Kobe Bryant,3,,,made,,3pt,5,21
Andrew Bynum,Derek Fisher,Kobe Bryant,Ron Artest,Sasha Vujacic,Arron Afflalo,Chris Andersen,J.R. Smith,Kenyon Martin,Ty Lawson,2,2:16,LAL,foul,,,,,,,,J.R. Smith,,Sasha Vujacic,,,,,,personal,,
Andrew Bynum,Derek Fisher,Kobe Bryant,Ron Artest,Sasha Vujacic,Arron Afflalo,Chris Andersen,J.R. Smith,Kenyon Martin,Ty Lawson,2,2:16,DEN,free throw,,,,,,,1,,2,J.R. Smith,,,foul,made,,,,
Andrew Bynum,Derek Fisher,Kobe Bryant,Ron Artest,Sasha Vujacic,Arron Afflalo,Chris Andersen,J.R. Smith,Kenyon Martin,Ty Lawson,2,2:16,DEN,free throw,,,,,,,2,,2,J.R. Smith,,,foul,made,,,,
Andrew Bynum,Derek Fisher,Kobe Bryant,Ron Artest,Sasha Vujacic,Arron Afflalo,Chris Andersen,J.R. Smith,Kenyon Martin,Ty Lawson,2,1:50,LAL,shot,Kobe Bryant,,,,,,,,,Ron Artest,3,,,made,,3pt,5,21
Andrew Bynum,Derek Fisher,Kobe Bryant,Ron Artest,Sasha Vujacic,Arron Afflalo,Chris Andersen,J.R. Smith,Kenyon Martin,Ty Lawson,2,1:44,DEN,shot,,,,,,,,,,Ty Lawson,2,,,made,,driving layup,25,6
Andrew Bynum,Derek Fisher,Kobe Bryant,Ron Artest,Sasha Vujacic,Arron Afflalo,Chris Andersen,J.R. Smith,Kenyon Martin,Ty Lawson,2,1:44,LAL,foul,,,,,,,,Ty Lawson,,Kobe Bryant,,,,,,shooting,,
Andrew Bynum,Derek Fisher,Kobe Bryant,Ron Artest,Sasha Vujacic,Arron Afflalo,Chris Andersen,J.R. Smith,Kenyon Martin,Ty Lawson,2,1:44,DEN,free throw,,,,,,,1,,1,Ty Lawson,,,foul,made,,,,
Andrew Bynum,Derek Fisher,Kobe Bryant,Ron Artest,Sasha Vujacic,Arron Afflalo,Chris Andersen,J.R. Smith,Kenyon Martin,Ty Lawson,2,1:21,LAL,shot,,,,,,,,,,Kobe Bryant,2,,,made,,jump,17,22
Andrew Bynum,Derek Fisher,Kobe Bryant,Ron Artest,Sasha Vujacic,Arron Afflalo,Chris Andersen,J.R. Smith,Kenyon Martin,Ty Lawson,2,1:15,DEN,shot,Ty Lawson,,,,,,,,,Kenyon Martin,2,,,made,,turnaround jump,15,10
Andrew Bynum,Derek Fisher,Kobe Bryant,Ron Artest,Sasha Vujacic,Arron Afflalo,Chris Andersen,J.R. Smith,Kenyon Martin,Ty Lawson,2,0:44,LAL,shot,,,,,,,,,,Kobe Bryant,,,,missed,,jump,44,10
Andrew Bynum,Derek Fisher,Kobe Bryant,Ron Artest,Sasha Vujacic,Arron Afflalo,Chris Andersen,J.R. Smith,Kenyon Martin,Ty Lawson,2,0:44,DEN,rebound,,,,,,,,,,Arron Afflalo,,,,,,def,,
Andrew Bynum,Derek Fisher,Kobe Bryant,Ron Artest,Sasha Vujacic,Arron Afflalo,Chris Andersen,J.R. Smith,Kenyon Martin,Ty Lawson,2,0:37,DEN,shot,,,,,,,,,,Ty Lawson,,,,missed,,jump,12,16
Andrew Bynum,Derek Fisher,Kobe Bryant,Ron Artest,Sasha Vujacic,Arron Afflalo,Chris Andersen,J.R. Smith,Kenyon Martin,Ty Lawson,2,0:37,LAL,rebound,,,,,,,,,,Ron Artest,,,,,,def,,
Andrew Bynum,Derek Fisher,Kobe Bryant,Ron Artest,Sasha Vujacic,Arron Afflalo,Chris Andersen,J.R. Smith,Kenyon Martin,Ty Lawson,2,0:37,DEN,foul,,,,,,,,Kobe Bryant,,Arron Afflalo,,,,,,shooting,,
Andrew Bynum,Derek Fisher,Kobe Bryant,Ron Artest,Sasha Vujacic,Chris Andersen,J.R. Smith,Joey Graham,Kenyon Martin,Ty Lawson,2,0:37,DEN,sub,,,,Joey Graham,,Arron Afflalo,,,,,,,,,,,,
Andrew Bynum,Derek Fisher,Kobe Bryant,Ron Artest,Sasha Vujacic,Chris Andersen,J.R. Smith,Joey Graham,Kenyon Martin,Ty Lawson,2,0:37,LAL,timeout,,,,,,,,,,,,,,,,short,,
Andrew Bynum,Derek Fisher,Kobe Bryant,Ron Artest,Sasha Vujacic,Chris Andersen,J.R. Smith,Joey Graham,Kenyon Martin,Ty Lawson,2,0:37,LAL,free throw,,,,,,,1,,2,Kobe Bryant,,,foul,made,,,,
Andrew Bynum,Derek Fisher,Kobe Bryant,Ron Artest,Sasha Vujacic,Chris Andersen,J.R. Smith,Joey Graham,Kenyon Martin,Ty Lawson,2,0:37,LAL,free throw,,,,,,,2,,2,Kobe Bryant,,,foul,made,,,,
Andrew Bynum,Derek Fisher,Kobe Bryant,Ron Artest,Sasha Vujacic,Chris Andersen,J.R. Smith,Joey Graham,Kenyon Martin,Ty Lawson,2,0:16,DEN,shot,,,Derek Fisher,,,,,,,Kenyon Martin,,,,missed,,jump,23,11
Andrew Bynum,Derek Fisher,Kobe Bryant,Ron Artest,Sasha Vujacic,Chris Andersen,J.R. Smith,Joey Graham,Kenyon Martin,Ty Lawson,2,0:14,LAL,rebound,,,,,,,,,,Sasha Vujacic,,,,,,def,,
Andrew Bynum,Derek Fisher,Kobe Bryant,Ron Artest,Sasha Vujacic,Chris Andersen,J.R. Smith,Joey Graham,Kenyon Martin,Ty Lawson,2,0:00,LAL,shot,,,,,,,,,,Ron Artest,,,,missed,,3pt,49,7
Andrew Bynum,Derek Fisher,Kobe Bryant,Ron Artest,Sasha Vujacic,Chris Andersen,J.R. Smith,Joey Graham,Kenyon Martin,Ty Lawson,2,0:00,LAL,rebound,,,,,,,,,,,,,,,,,,
Andrew Bynum,Derek Fisher,Kobe Bryant,Lamar Odom,Ron Artest,Arron Afflalo,Carmelo Anthony,Chauncey Billups,Kenyon Martin,Nene Hilario,3,11:41,DEN,shot,Nene Hilario,,,,,,,,,Carmelo Anthony,2,,,made,,layup,25,6
Andrew Bynum,Derek Fisher,Kobe Bryant,Lamar Odom,Ron Artest,Arron Afflalo,Carmelo Anthony,Chauncey Billups,Kenyon Martin,Nene Hilario,3,11:20,LAL,shot,,,,,,,,,,Lamar Odom,,,,missed,,3pt,46,23
Andrew Bynum,Derek Fisher,Kobe Bryant,Lamar Odom,Ron Artest,Arron Afflalo,Carmelo Anthony,Chauncey Billups,Kenyon Martin,Nene Hilario,3,11:19,DEN,rebound,,,,,,,,,,Nene Hilario,,,,,,def,,
Andrew Bynum,Derek Fisher,Kobe Bryant,Lamar Odom,Ron Artest,Arron Afflalo,Carmelo Anthony,Chauncey Billups,Kenyon Martin,Nene Hilario,3,11:07,DEN,shot,,,,,,,,,,Carmelo Anthony,,,,missed,,jump,17,23
Andrew Bynum,Derek Fisher,Kobe Bryant,Lamar Odom,Ron Artest,Arron Afflalo,Carmelo Anthony,Chauncey Billups,Kenyon Martin,Nene Hilario,3,11:06,LAL,rebound,,,,,,,,,,Derek Fisher,,,,,,def,,
Andrew Bynum,Derek Fisher,Kobe Bryant,Lamar Odom,Ron Artest,Arron Afflalo,Carmelo Anthony,Chauncey Billups,Kenyon Martin,Nene Hilario,3,10:59,LAL,turnover,,,,,,,,,,Derek Fisher,,,bad pass,,Kenyon Martin,,,
Andrew Bynum,Derek Fisher,Kobe Bryant,Lamar Odom,Ron Artest,Arron Afflalo,Carmelo Anthony,Chauncey Billups,Kenyon Martin,Nene Hilario,3,10:42,DEN,shot,Chauncey Billups,,,,,,,,,Nene Hilario,2,,,made,,jump,,
Andrew Bynum,Derek Fisher,Kobe Bryant,Lamar Odom,Ron Artest,Arron Afflalo,Carmelo Anthony,Chauncey Billups,Kenyon Martin,Nene Hilario,3,10:27,LAL,shot,,,,,,,,,,Kobe Bryant,,,,missed,,jump,9,19
Andrew Bynum,Derek Fisher,Kobe Bryant,Lamar Odom,Ron Artest,Arron Afflalo,Carmelo Anthony,Chauncey Billups,Kenyon Martin,Nene Hilario,3,10:27,DEN,rebound,,,,,,,,,,Kenyon Martin,,,,,,def,,
Andrew Bynum,Derek Fisher,Kobe Bryant,Lamar Odom,Ron Artest,Arron Afflalo,Carmelo Anthony,Chauncey Billups,Kenyon Martin,Nene Hilario,3,10:19,DEN,shot,,,,,,,,,,Carmelo Anthony,,,,missed,,jump,13,22
Andrew Bynum,Derek Fisher,Kobe Bryant,Lamar Odom,Ron Artest,Arron Afflalo,Carmelo Anthony,Chauncey Billups,Kenyon Martin,Nene Hilario,3,10:19,LAL,rebound,,,,,,,,,,Kobe Bryant,,,,,,def,,
Andrew Bynum,Derek Fisher,Kobe Bryant,Lamar Odom,Ron Artest,Arron Afflalo,Carmelo Anthony,Chauncey Billups,Kenyon Martin,Nene Hilario,3,10:14,LAL,foul,,,,,,,,Carmelo Anthony,,Ron Artest,,,,,,offensive,,
Andrew Bynum,Derek Fisher,Kobe Bryant,Lamar Odom,Ron Artest,Arron Afflalo,Carmelo Anthony,Chauncey Billups,Kenyon Martin,Nene Hilario,3,10:14,LAL,turnover,,,,,,,,,,Ron Artest,,,foul,,,,,
Andrew Bynum,Derek Fisher,Kobe Bryant,Lamar Odom,Ron Artest,Arron Afflalo,Carmelo Anthony,Chauncey Billups,Kenyon Martin,Nene Hilario,3,10:03,DEN,shot,,,,,,,,,,Nene Hilario,,,,missed,,layup,,
Andrew Bynum,Derek Fisher,Kobe Bryant,Lamar Odom,Ron Artest,Arron Afflalo,Carmelo Anthony,Chauncey Billups,Kenyon Martin,Nene Hilario,3,10:01,LAL,rebound,,,,,,,,,,Lamar Odom,,,,,,def,,
Andrew Bynum,Derek Fisher,Kobe Bryant,Lamar Odom,Ron Artest,Arron Afflalo,Carmelo Anthony,Chauncey Billups,Kenyon Martin,Nene Hilario,3,9:37,LAL,shot,,,,,,,,,,Ron Artest,,,,missed,,3pt,25,51
Andrew Bynum,Derek Fisher,Kobe Bryant,Lamar Odom,Ron Artest,Arron Afflalo,Carmelo Anthony,Chauncey Billups,Kenyon Martin,Nene Hilario,3,9:36,DEN,rebound,,,,,,,,,,Kenyon Martin,,,,,,def,,
Andrew Bynum,Derek Fisher,Kobe Bryant,Lamar Odom,Ron Artest,Arron Afflalo,Carmelo Anthony,Chauncey Billups,Kenyon Martin,Nene Hilario,3,9:32,DEN,shot,Kenyon Martin,,,,,,,,,Carmelo Anthony,2,,,made,,layup,25,6
Andrew Bynum,Derek Fisher,Kobe Bryant,Lamar Odom,Ron Artest,Arron Afflalo,Carmelo Anthony,Chauncey Billups,Kenyon Martin,Nene Hilario,3,9:13,LAL,shot,,,,,,,,,,Lamar Odom,,,,missed,,layup,25,6
Andrew Bynum,Derek Fisher,Kobe Bryant,Lamar Odom,Ron Artest,Arron Afflalo,Carmelo Anthony,Chauncey Billups,Kenyon Martin,Nene Hilario,3,9:12,LAL,jump ball,,Lamar Odom,,,Kenyon Martin,,,,,,,Chauncey Billups,,,,,,
Andrew Bynum,Derek Fisher,Kobe Bryant,Lamar Odom,Ron Artest,Arron Afflalo,Carmelo Anthony,Chauncey Billups,Kenyon Martin,Nene Hilario,3,9:12,DEN,rebound,,,,,,,,,,,,,,,,,,
Andrew Bynum,Derek Fisher,Kobe Bryant,Lamar Odom,Ron Artest,Arron Afflalo,Carmelo Anthony,Chauncey Billups,Kenyon Martin,Nene Hilario,3,9:04,DEN,shot,Chauncey Billups,,,,,,,,,Carmelo Anthony,2,,,made,,layup,25,6
Andrew Bynum,Derek Fisher,Kobe Bryant,Lamar Odom,Ron Artest,Arron Afflalo,Carmelo Anthony,Chauncey Billups,Kenyon Martin,Nene Hilario,3,8:49,LAL,turnover,,,,,,,,,,Andrew Bynum,,,bad pass,,Carmelo Anthony,,,
Andrew Bynum,Derek Fisher,Kobe Bryant,Lamar Odom,Ron Artest,Arron Afflalo,Carmelo Anthony,Chauncey Billups,Kenyon Martin,Nene Hilario,3,8:46,DEN,shot,,,,,,,,,,Carmelo Anthony,2,,,made,,layup,25,6
Andrew Bynum,Derek Fisher,Kobe Bryant,Lamar Odom,Ron Artest,Arron Afflalo,Carmelo Anthony,Chauncey Billups,Kenyon Martin,Nene Hilario,3,8:29,LAL,shot,,,,,,,,,,Derek Fisher,,,,missed,,3pt,2,9
Andrew Bynum,Derek Fisher,Kobe Bryant,Lamar Odom,Ron Artest,Arron Afflalo,Carmelo Anthony,Chauncey Billups,Kenyon Martin,Nene Hilario,3,8:28,DEN,rebound,,,,,,,,,,Nene Hilario,,,,,,def,,
Andrew Bynum,Derek Fisher,Kobe Bryant,Lamar Odom,Ron Artest,Arron Afflalo,Carmelo Anthony,Chauncey Billups,Kenyon Martin,Nene Hilario,3,8:18,LAL,foul,,,,,,,,Carmelo Anthony,,Ron Artest,,,,,,personal,,
Andrew Bynum,Derek Fisher,Kobe Bryant,Lamar Odom,Ron Artest,Arron Afflalo,Carmelo Anthony,Chauncey Billups,Kenyon Martin,Nene Hilario,3,8:05,DEN,shot,,,,,,,,,,Chauncey Billups,,,,missed,,3pt,39,27
Andrew Bynum,Derek Fisher,Kobe Bryant,Lamar Odom,Ron Artest,Arron Afflalo,Carmelo Anthony,Chauncey Billups,Kenyon Martin,Nene Hilario,3,8:04,LAL,rebound,,,,,,,,,,Andrew Bynum,,,,,,def,,
Andrew Bynum,Derek Fisher,Kobe Bryant,Lamar Odom,Ron Artest,Arron Afflalo,Carmelo Anthony,Chauncey Billups,Kenyon Martin,Nene Hilario,3,7:58,LAL,shot,,,,,,,,,,Lamar Odom,2,,,made,,driving layup,25,6
Andrew Bynum,Derek Fisher,Kobe Bryant,Lamar Odom,Ron Artest,Arron Afflalo,Carmelo Anthony,Chauncey Billups,Kenyon Martin,Nene Hilario,3,7:42,DEN,shot,,,,,,,,,,Carmelo Anthony,,,,missed,,driving layup,25,6
Andrew Bynum,Derek Fisher,Kobe Bryant,Lamar Odom,Ron Artest,Arron Afflalo,Carmelo Anthony,Chauncey Billups,Kenyon Martin,Nene Hilario,3,7:42,DEN,rebound,,,,,,,,,,,,,,,,,,
Andrew Bynum,Derek Fisher,Kobe Bryant,Lamar Odom,Ron Artest,Arron Afflalo,Carmelo Anthony,Chauncey Billups,Kenyon Martin,Nene Hilario,3,7:35,LAL,foul,,,,,,,,Carmelo Anthony,,Lamar Odom,,,,,,shooting,,
Andrew Bynum,Derek Fisher,Kobe Bryant,Lamar Odom,Ron Artest,Arron Afflalo,Carmelo Anthony,Chauncey Billups,Kenyon Martin,Nene Hilario,3,7:35,DEN,free throw,,,,,,,1,,2,Carmelo Anthony,,,foul,made,,,,
Andrew Bynum,Derek Fisher,Kobe Bryant,Lamar Odom,Ron Artest,Arron Afflalo,Carmelo Anthony,Chauncey Billups,Kenyon Martin,Nene Hilario,3,7:35,DEN,free throw,,,,,,,2,,2,Carmelo Anthony,,,foul,made,,,,
Andrew Bynum,Derek Fisher,Kobe Bryant,Lamar Odom,Ron Artest,Arron Afflalo,Carmelo Anthony,Chauncey Billups,Kenyon Martin,Nene Hilario,3,7:20,LAL,shot,,,,,,,,,,Derek Fisher,,,,missed,,3pt,49,9
Andrew Bynum,Derek Fisher,Kobe Bryant,Lamar Odom,Ron Artest,Arron Afflalo,Carmelo Anthony,Chauncey Billups,Kenyon Martin,Nene Hilario,3,7:18,LAL,rebound,,,,,,,,,,Kobe Bryant,,,,,,off,,
Andrew Bynum,Derek Fisher,Kobe Bryant,Lamar Odom,Ron Artest,Arron Afflalo,Carmelo Anthony,Chauncey Billups,Kenyon Martin,Nene Hilario,3,7:18,LAL,shot,,,,,,,,,,Ron Artest,,,,missed,,layup,25,6
Andrew Bynum,Derek Fisher,Kobe Bryant,Lamar Odom,Ron Artest,Arron Afflalo,Carmelo Anthony,Chauncey Billups,Kenyon Martin,Nene Hilario,3,7:17,DEN,rebound,,,,,,,,,,,,,,,,,,
Andrew Bynum,Derek Fisher,Kobe Bryant,Lamar Odom,Ron Artest,Arron Afflalo,Carmelo Anthony,Chauncey Billups,Kenyon Martin,Nene Hilario,3,7:17,LAL,foul,,,,,,,,Kenyon Martin,,Ron Artest,,,,,,personal,,
Andrew Bynum,Derek Fisher,Kobe Bryant,Lamar Odom,Luke Walton,Arron Afflalo,Carmelo Anthony,Chauncey Billups,Kenyon Martin,Nene Hilario,3,7:17,LAL,sub,,,,Luke Walton,,Ron Artest,,,,,,,,,,,,
Andrew Bynum,Derek Fisher,Kobe Bryant,Lamar Odom,Luke Walton,Arron Afflalo,Carmelo Anthony,Chauncey Billups,Kenyon Martin,Nene Hilario,3,7:02,LAL,foul,,,,,,,,Chauncey Billups,,Derek Fisher,,,,,,personal,,
Andrew Bynum,Derek Fisher,Kobe Bryant,Lamar Odom,Luke Walton,Arron Afflalo,Carmelo Anthony,Chauncey Billups,Kenyon Martin,Nene Hilario,3,6:48,DEN,shot,,,,,,,,,,Kenyon Martin,,,,missed,,running jump,27,14
Andrew Bynum,Derek Fisher,Kobe Bryant,Lamar Odom,Luke Walton,Arron Afflalo,Carmelo Anthony,Chauncey Billups,Kenyon Martin,Nene Hilario,3,6:48,LAL,rebound,,,,,,,,,,Andrew Bynum,,,,,,def,,
Andrew Bynum,Derek Fisher,Kobe Bryant,Lamar Odom,Luke Walton,Arron Afflalo,Carmelo Anthony,Chauncey Billups,Kenyon Martin,Nene Hilario,3,6:41,DEN,foul,,,,,,,,Derek Fisher,,Chauncey Billups,,,,,,personal,,
Andrew Bynum,Derek Fisher,Kobe Bryant,Lamar Odom,Luke Walton,Arron Afflalo,Carmelo Anthony,Chauncey Billups,Kenyon Martin,Nene Hilario,3,6:25,LAL,shot,,,,,,,,,,Luke Walton,,,,missed,,jump,43,8
Andrew Bynum,Derek Fisher,Kobe Bryant,Lamar Odom,Luke Walton,Arron Afflalo,Carmelo Anthony,Chauncey Billups,Kenyon Martin,Nene Hilario,3,6:24,LAL,rebound,,,,,,,,,,Luke Walton,,,,,,off,,
Andrew Bynum,Derek Fisher,Kobe Bryant,Lamar Odom,Luke Walton,Arron Afflalo,Carmelo Anthony,Chauncey Billups,Kenyon Martin,Nene Hilario,3,6:22,LAL,shot,,,,,,,,,,Luke Walton,2,,,made,,layup,25,6
Andrew Bynum,Derek Fisher,Kobe Bryant,Lamar Odom,Luke Walton,Arron Afflalo,Carmelo Anthony,Chauncey Billups,Kenyon Martin,Nene Hilario,3,6:05,DEN,shot,Carmelo Anthony,,,,,,,,,Arron Afflalo,3,,,made,,3pt,49,9
Andrew Bynum,Derek Fisher,Kobe Bryant,Lamar Odom,Luke Walton,Arron Afflalo,Carmelo Anthony,Chauncey Billups,Kenyon Martin,Nene Hilario,3,5:48,LAL,shot,,,,,,,,,,Kobe Bryant,,,,missed,,layup,25,6
Andrew Bynum,Derek Fisher,Kobe Bryant,Lamar Odom,Luke Walton,Arron Afflalo,Carmelo Anthony,Chauncey Billups,Kenyon Martin,Nene Hilario,3,5:46,LAL,rebound,,,,,,,,,,Andrew Bynum,,,,,,off,,
Andrew Bynum,Derek Fisher,Kobe Bryant,Lamar Odom,Luke Walton,Arron Afflalo,Carmelo Anthony,Chauncey Billups,Kenyon Martin,Nene Hilario,3,5:42,LAL,shot,,,,,,,,,,Andrew Bynum,2,,,made,,jump,23,14
Andrew Bynum,Derek Fisher,Kobe Bryant,Lamar Odom,Luke Walton,Arron Afflalo,Carmelo Anthony,Chauncey Billups,Kenyon Martin,Nene Hilario,3,5:27,DEN,shot,,,,,,,,,,Carmelo Anthony,2,,,made,,jump,31,25
Andrew Bynum,Derek Fisher,Kobe Bryant,Lamar Odom,Luke Walton,Arron Afflalo,Carmelo Anthony,Chauncey Billups,Kenyon Martin,Nene Hilario,3,5:08,DEN,timeout,,,,,,,,,,,,,,,,regular,,
Andrew Bynum,Derek Fisher,Kobe Bryant,Lamar Odom,Luke Walton,Arron Afflalo,Carmelo Anthony,Chauncey Billups,Kenyon Martin,Nene Hilario,3,5:02,LAL,shot,,,Nene Hilario,,,,,,,Luke Walton,,,,missed,,driving jump,24,13
Andrew Bynum,Derek Fisher,Kobe Bryant,Lamar Odom,Luke Walton,Arron Afflalo,Carmelo Anthony,Chauncey Billups,Kenyon Martin,Nene Hilario,3,5:01,DEN,rebound,,,,,,,,,,Carmelo Anthony,,,,,,def,,
Andrew Bynum,Derek Fisher,Kobe Bryant,Lamar Odom,Luke Walton,Arron Afflalo,Carmelo Anthony,Chauncey Billups,Kenyon Martin,Nene Hilario,3,4:44,DEN,shot,,,,,,,,,,Carmelo Anthony,,,,missed,,3pt,8,24
Andrew Bynum,Derek Fisher,Kobe Bryant,Lamar Odom,Luke Walton,Arron Afflalo,Carmelo Anthony,Chauncey Billups,Kenyon Martin,Nene Hilario,3,4:43,LAL,rebound,,,,,,,,,,Andrew Bynum,,,,,,def,,
Andrew Bynum,Derek Fisher,Kobe Bryant,Lamar Odom,Luke Walton,Arron Afflalo,Carmelo Anthony,Chauncey Billups,Kenyon Martin,Nene Hilario,3,4:20,LAL,turnover,,,,,,,,,,Derek Fisher,,,bad pass,,Carmelo Anthony,,,
Andrew Bynum,Derek Fisher,Kobe Bryant,Lamar Odom,Luke Walton,Arron Afflalo,Carmelo Anthony,Chauncey Billups,Kenyon Martin,Nene Hilario,3,4:09,DEN,turnover,,,,,,,,,,Arron Afflalo,,,traveling,,,,,
Andrew Bynum,Kobe Bryant,Lamar Odom,Luke Walton,Shannon Brown,Arron Afflalo,Carmelo Anthony,Chauncey Billups,Kenyon Martin,Nene Hilario,3,4:09,LAL,sub,,,,Shannon Brown,,Derek Fisher,,,,,,,,,,,,
Andrew Bynum,Kobe Bryant,Lamar Odom,Luke Walton,Shannon Brown,Arron Afflalo,Carmelo Anthony,Chauncey Billups,Kenyon Martin,Nene Hilario,3,3:56,LAL,shot,,,Kenyon Martin,,,,,,,Andrew Bynum,,,,missed,,layup,25,6
Andrew Bynum,Kobe Bryant,Lamar Odom,Luke Walton,Shannon Brown,Arron Afflalo,Carmelo Anthony,Chauncey Billups,Kenyon Martin,Nene Hilario,3,3:53,DEN,rebound,,,,,,,,,,Chauncey Billups,,,,,,def,,
Andrew Bynum,Kobe Bryant,Lamar Odom,Luke Walton,Shannon Brown,Arron Afflalo,Carmelo Anthony,Chauncey Billups,Kenyon Martin,Nene Hilario,3,3:45,DEN,shot,,,,,,,,,,Chauncey Billups,,,,missed,,3pt,46,18
Andrew Bynum,Kobe Bryant,Lamar Odom,Luke Walton,Shannon Brown,Arron Afflalo,Carmelo Anthony,Chauncey Billups,Kenyon Martin,Nene Hilario,3,3:44,LAL,rebound,,,,,,,,,,Andrew Bynum,,,,,,def,,
Andrew Bynum,Kobe Bryant,Lamar Odom,Luke Walton,Shannon Brown,Arron Afflalo,Carmelo Anthony,Chauncey Billups,Kenyon Martin,Nene Hilario,3,3:26,LAL,shot,,,,,,,,,,Kobe Bryant,,,,missed,,jump,38,18
Andrew Bynum,Kobe Bryant,Lamar Odom,Luke Walton,Shannon Brown,Arron Afflalo,Carmelo Anthony,Chauncey Billups,Kenyon Martin,Nene Hilario,3,3:25,LAL,rebound,,,,,,,,,,Andrew Bynum,,,,,,off,,
Andrew Bynum,Kobe Bryant,Lamar Odom,Luke Walton,Shannon Brown,Arron Afflalo,Carmelo Anthony,Chauncey Billups,Kenyon Martin,Nene Hilario,3,3:25,LAL,shot,,,,,,,,,,Andrew Bynum,,,,missed,,tip,25,6
Andrew Bynum,Kobe Bryant,Lamar Odom,Luke Walton,Shannon Brown,Arron Afflalo,Carmelo Anthony,Chauncey Billups,Kenyon Martin,Nene Hilario,3,3:24,DEN,rebound,,,,,,,,,,Kenyon Martin,,,,,,def,,
Andrew Bynum,Kobe Bryant,Lamar Odom,Luke Walton,Shannon Brown,Arron Afflalo,Carmelo Anthony,Chauncey Billups,Kenyon Martin,Nene Hilario,3,3:10,LAL,foul,,,,,,,,Chauncey Billups,,Andrew Bynum,,,,,,personal,,
Andrew Bynum,Kobe Bryant,Lamar Odom,Luke Walton,Shannon Brown,Arron Afflalo,Carmelo Anthony,Chauncey Billups,Chris Andersen,Kenyon Martin,3,3:10,DEN,sub,,,,Chris Andersen,,Nene Hilario,,,,,,,,,,,,
Andrew Bynum,Kobe Bryant,Lamar Odom,Luke Walton,Shannon Brown,Carmelo Anthony,Chauncey Billups,Chris Andersen,J.R. Smith,Kenyon Martin,3,3:10,DEN,sub,,,,J.R. Smith,,Arron Afflalo,,,,,,,,,,,,
Andrew Bynum,Kobe Bryant,Lamar Odom,Luke Walton,Shannon Brown,Carmelo Anthony,Chauncey Billups,Chris Andersen,J.R. Smith,Kenyon Martin,3,3:10,DEN,free throw,,,,,,,1,,2,Chauncey Billups,,,foul,made,,,,
Andrew Bynum,Kobe Bryant,Lamar Odom,Luke Walton,Shannon Brown,Carmelo Anthony,Chauncey Billups,Chris Andersen,J.R. Smith,Kenyon Martin,3,3:10,DEN,free throw,,,,,,,2,,2,Chauncey Billups,,,foul,made,,,,
Andrew Bynum,Kobe Bryant,Lamar Odom,Luke Walton,Shannon Brown,Carmelo Anthony,Chauncey Billups,Chris Andersen,J.R. Smith,Kenyon Martin,3,2:55,LAL,shot,,,,,,,,,,Shannon Brown,,,,missed,,jump,24,26
Andrew Bynum,Kobe Bryant,Lamar Odom,Luke Walton,Shannon Brown,Carmelo Anthony,Chauncey Billups,Chris Andersen,J.R. Smith,Kenyon Martin,3,2:54,DEN,rebound,,,,,,,,,,Chris Andersen,,,,,,def,,
Andrew Bynum,Kobe Bryant,Lamar Odom,Luke Walton,Shannon Brown,Carmelo Anthony,Chauncey Billups,Chris Andersen,J.R. Smith,Kenyon Martin,3,2:43,DEN,shot,,,,,,,,,,J.R. Smith,,,,missed,,3pt,40,26
Andrew Bynum,Kobe Bryant,Lamar Odom,Luke Walton,Shannon Brown,Carmelo Anthony,Chauncey Billups,Chris Andersen,J.R. Smith,Kenyon Martin,3,2:42,LAL,rebound,,,,,,,,,,Lamar Odom,,,,,,def,,
Andrew Bynum,Kobe Bryant,Lamar Odom,Luke Walton,Shannon Brown,Carmelo Anthony,Chauncey Billups,Chris Andersen,J.R. Smith,Kenyon Martin,3,2:34,LAL,shot,,,,,,,,,,Lamar Odom,,,,missed,,layup,25,6
Andrew Bynum,Kobe Bryant,Lamar Odom,Luke Walton,Shannon Brown,Carmelo Anthony,Chauncey Billups,Chris Andersen,J.R. Smith,Kenyon Martin,3,2:32,LAL,rebound,,,,,,,,,,Andrew Bynum,,,,,,off,,
Andrew Bynum,Kobe Bryant,Lamar Odom,Luke Walton,Shannon Brown,Carmelo Anthony,Chauncey Billups,Chris Andersen,J.R. Smith,Kenyon Martin,3,2:30,LAL,shot,,,,,,,,,,Andrew Bynum,2,,,made,,dunk,25,6
Andrew Bynum,Kobe Bryant,Lamar Odom,Luke Walton,Shannon Brown,Carmelo Anthony,Chauncey Billups,Chris Andersen,J.R. Smith,Kenyon Martin,3,2:17,LAL,foul,,,,,,,,Chris Andersen,,Luke Walton,,,,,,personal,,
Andrew Bynum,Kobe Bryant,Lamar Odom,Luke Walton,Shannon Brown,Carmelo Anthony,Chauncey Billups,Chris Andersen,J.R. Smith,Kenyon Martin,3,2:17,LAL,timeout,,,,,,,,,,,,,,,,regular,,
Andrew Bynum,Kobe Bryant,Lamar Odom,Luke Walton,Shannon Brown,Carmelo Anthony,Chauncey Billups,Chris Andersen,J.R. Smith,Kenyon Martin,3,2:17,DEN,free throw,,,,,,,1,,2,Chris Andersen,,,foul,made,,,,
Andrew Bynum,Kobe Bryant,Lamar Odom,Luke Walton,Shannon Brown,Carmelo Anthony,Chauncey Billups,Chris Andersen,J.R. Smith,Kenyon Martin,3,2:17,DEN,free throw,,,,,,,2,,2,Chris Andersen,,,foul,made,,,,
Andrew Bynum,Kobe Bryant,Lamar Odom,Luke Walton,Shannon Brown,Carmelo Anthony,Chauncey Billups,Chris Andersen,J.R. Smith,Kenyon Martin,3,2:07,LAL,timeout,,,,,,,,,,,,,,,,short,,
Andrew Bynum,Kobe Bryant,Lamar Odom,Luke Walton,Shannon Brown,Carmelo Anthony,Chauncey Billups,Chris Andersen,J.R. Smith,Kenyon Martin,3,1:54,LAL,shot,,,,,,,,,,Kobe Bryant,,,,missed,,3pt,2,12
Andrew Bynum,Kobe Bryant,Lamar Odom,Luke Walton,Shannon Brown,Carmelo Anthony,Chauncey Billups,Chris Andersen,J.R. Smith,Kenyon Martin,3,1:53,DEN,rebound,,,,,,,,,,Chris Andersen,,,,,,def,,
Andrew Bynum,Kobe Bryant,Lamar Odom,Luke Walton,Shannon Brown,Carmelo Anthony,Chauncey Billups,Chris Andersen,J.R. Smith,Kenyon Martin,3,1:35,DEN,shot,,,,,,,,,,Carmelo Anthony,,,,missed,,jump,37,19
Andrew Bynum,Kobe Bryant,Lamar Odom,Luke Walton,Shannon Brown,Carmelo Anthony,Chauncey Billups,Chris Andersen,J.R. Smith,Kenyon Martin,3,1:34,LAL,rebound,,,,,,,,,,Shannon Brown,,,,,,def,,
Andrew Bynum,Kobe Bryant,Lamar Odom,Luke Walton,Shannon Brown,Carmelo Anthony,Chauncey Billups,Chris Andersen,J.R. Smith,Kenyon Martin,3,1:25,LAL,turnover,,,,,,,,,,Luke Walton,,,bad pass,,Carmelo Anthony,,,
Andrew Bynum,Kobe Bryant,Lamar Odom,Luke Walton,Shannon Brown,Carmelo Anthony,Chauncey Billups,Chris Andersen,J.R. Smith,Kenyon Martin,3,1:17,DEN,shot,Chauncey Billups,,,,,,,,,J.R. Smith,3,,,made,,3pt,44,23
Andrew Bynum,Kobe Bryant,Lamar Odom,Luke Walton,Shannon Brown,Carmelo Anthony,Chauncey Billups,Chris Andersen,J.R. Smith,Kenyon Martin,3,1:02,DEN,foul,,,,,,,,Lamar Odom,,Kenyon Martin,,,,,,shooting,,
Andrew Bynum,Kobe Bryant,Lamar Odom,Sasha Vujacic,Shannon Brown,Carmelo Anthony,Chauncey Billups,Chris Andersen,J.R. Smith,Kenyon Martin,3,1:02,LAL,sub,,,,Sasha Vujacic,,Luke Walton,,,,,,,,,,,,
Andrew Bynum,Kobe Bryant,Lamar Odom,Sasha Vujacic,Shannon Brown,Carmelo Anthony,Chauncey Billups,Chris Andersen,J.R. Smith,Kenyon Martin,3,1:02,LAL,free throw,,,,,,,1,,2,Lamar Odom,,,foul,missed,,,,
Andrew Bynum,Kobe Bryant,Lamar Odom,Sasha Vujacic,Shannon Brown,Carmelo Anthony,Chauncey Billups,Chris Andersen,J.R. Smith,Kenyon Martin,3,1:02,LAL,rebound,,,,,,,,,,,,,,,,,,
Andrew Bynum,Kobe Bryant,Lamar Odom,Sasha Vujacic,Shannon Brown,Carmelo Anthony,Chauncey Billups,Chris Andersen,J.R. Smith,Kenyon Martin,3,1:02,LAL,free throw,,,,,,,2,,2,Lamar Odom,,,foul,missed,,,,
Andrew Bynum,Kobe Bryant,Lamar Odom,Sasha Vujacic,Shannon Brown,Carmelo Anthony,Chauncey Billups,Chris Andersen,J.R. Smith,Kenyon Martin,3,0:59,DEN,rebound,,,,,,,,,,Chris Andersen,,,,,,def,,
Andrew Bynum,Kobe Bryant,Lamar Odom,Sasha Vujacic,Shannon Brown,Carmelo Anthony,Chauncey Billups,Chris Andersen,J.R. Smith,Kenyon Martin,3,0:45,DEN,shot,Kenyon Martin,,,,,,,,,J.R. Smith,3,,,made,,3pt,14,32
Andrew Bynum,Kobe Bryant,Lamar Odom,Sasha Vujacic,Shannon Brown,Carmelo Anthony,Chauncey Billups,Chris Andersen,J.R. Smith,Kenyon Martin,3,0:35,LAL,turnover,,,,,,,,,,Kobe Bryant,,,lost ball,,Chauncey Billups,,,
Andrew Bynum,Kobe Bryant,Lamar Odom,Sasha Vujacic,Shannon Brown,Carmelo Anthony,Chauncey Billups,Chris Andersen,J.R. Smith,Kenyon Martin,3,0:32,DEN,shot,Chauncey Billups,,,,,,,,,J.R. Smith,2,,,made,,layup,25,6
Andrew Bynum,Kobe Bryant,Lamar Odom,Sasha Vujacic,Shannon Brown,Carmelo Anthony,Chauncey Billups,Chris Andersen,J.R. Smith,Kenyon Martin,3,0:11,LAL,foul,,,,,,,,J.R. Smith,,Shannon Brown,,,,,,offensive,,
Andrew Bynum,Kobe Bryant,Lamar Odom,Sasha Vujacic,Shannon Brown,Carmelo Anthony,Chauncey Billups,Chris Andersen,J.R. Smith,Kenyon Martin,3,0:11,LAL,turnover,,,,,,,,,,Shannon Brown,,,foul,,,,,
Andrew Bynum,Kobe Bryant,Lamar Odom,Sasha Vujacic,Shannon Brown,Carmelo Anthony,Chauncey Billups,Chris Andersen,J.R. Smith,Kenyon Martin,3,0:00,DEN,shot,,,,,,,,,,J.R. Smith,,,,missed,,3pt,8,24
Andrew Bynum,Kobe Bryant,Lamar Odom,Sasha Vujacic,Shannon Brown,Carmelo Anthony,Chauncey Billups,Chris Andersen,J.R. Smith,Kenyon Martin,3,0:00,DEN,rebound,,,,,,,,,,Chris Andersen,,,,,,off,,
Adam Morrison,Andrew Bynum,Jordan Farmar,Josh Powell,Shannon Brown,Carmelo Anthony,Chris Andersen,J.R. Smith,Kenyon Martin,Ty Lawson,4,11:47,LAL,turnover,,,,,,,,,,Jordan Farmar,,,bad pass,,Kenyon Martin,,,
Adam Morrison,Andrew Bynum,Jordan Farmar,Josh Powell,Shannon Brown,Carmelo Anthony,Chris Andersen,J.R. Smith,Kenyon Martin,Ty Lawson,4,11:44,DEN,shot,,,,,,,,,,Ty Lawson,,,,missed,,layup,25,6
Adam Morrison,Andrew Bynum,Jordan Farmar,Josh Powell,Shannon Brown,Carmelo Anthony,Chris Andersen,J.R. Smith,Kenyon Martin,Ty Lawson,4,11:44,LAL,rebound,,,,,,,,,,,,,,,,,,
Adam Morrison,Andrew Bynum,Jordan Farmar,Josh Powell,Shannon Brown,Carmelo Anthony,Chris Andersen,J.R. Smith,Kenyon Martin,Ty Lawson,4,11:44,DEN,foul,,,,,,,,Adam Morrison,,Kenyon Martin,,,,,,loose ball,,
Adam Morrison,Andrew Bynum,Jordan Farmar,Josh Powell,Shannon Brown,Carmelo Anthony,Chris Andersen,J.R. Smith,Kenyon Martin,Ty Lawson,4,11:32,DEN,violation,,,,,,,,,,Ty Lawson,,,,,,kicked ball,,
Adam Morrison,Andrew Bynum,Jordan Farmar,Josh Powell,Shannon Brown,Carmelo Anthony,Chris Andersen,J.R. Smith,Kenyon Martin,Ty Lawson,4,11:14,LAL,shot,,,,,,,,,,Shannon Brown,,,,missed,,3pt,2,9
Adam Morrison,Andrew Bynum,Jordan Farmar,Josh Powell,Shannon Brown,Carmelo Anthony,Chris Andersen,J.R. Smith,Kenyon Martin,Ty Lawson,4,11:13,DEN,rebound,,,,,,,,,,Carmelo Anthony,,,,,,def,,
Adam Morrison,Andrew Bynum,Jordan Farmar,Josh Powell,Shannon Brown,Carmelo Anthony,Chris Andersen,J.R. Smith,Kenyon Martin,Ty Lawson,4,11:05,DEN,shot,,,,,,,,,,Carmelo Anthony,,,,missed,,jump,14,21
Adam Morrison,Andrew Bynum,Jordan Farmar,Josh Powell,Shannon Brown,Carmelo Anthony,Chris Andersen,J.R. Smith,Kenyon Martin,Ty Lawson,4,11:05,LAL,rebound,,,,,,,,,,Jordan Farmar,,,,,,def,,
Adam Morrison,Andrew Bynum,Jordan Farmar,Josh Powell,Shannon Brown,Carmelo Anthony,Chris Andersen,J.R. Smith,Kenyon Martin,Ty Lawson,4,10:54,LAL,shot,,,,,,,,,,Andrew Bynum,2,,,made,,jump,14,13
Adam Morrison,Andrew Bynum,Jordan Farmar,Josh Powell,Shannon Brown,Carmelo Anthony,Chris Andersen,J.R. Smith,Kenyon Martin,Ty Lawson,4,10:54,DEN,foul,,,,,,,,Andrew Bynum,,Kenyon Martin,,,,,,shooting,,
Adam Morrison,Andrew Bynum,Jordan Farmar,Josh Powell,Shannon Brown,Carmelo Anthony,Chris Andersen,J.R. Smith,Kenyon Martin,Ty Lawson,4,10:54,LAL,free throw,,,,,,,1,,1,Andrew Bynum,,,foul,made,,,,
Adam Morrison,Andrew Bynum,Jordan Farmar,Josh Powell,Shannon Brown,Carmelo Anthony,Chris Andersen,J.R. Smith,Kenyon Martin,Ty Lawson,4,10:38,DEN,shot,Ty Lawson,,,,,,,,,Chris Andersen,2,,,made,,jump,14,9
Adam Morrison,Andrew Bynum,Jordan Farmar,Josh Powell,Shannon Brown,Carmelo Anthony,Chris Andersen,J.R. Smith,Kenyon Martin,Ty Lawson,4,10:20,LAL,shot,,,,,,,,,,Josh Powell,,,,missed,,jump,20,23
Adam Morrison,Andrew Bynum,Jordan Farmar,Josh Powell,Shannon Brown,Carmelo Anthony,Chris Andersen,J.R. Smith,Kenyon Martin,Ty Lawson,4,10:19,DEN,rebound,,,,,,,,,,Kenyon Martin,,,,,,def,,
Adam Morrison,Andrew Bynum,Jordan Farmar,Josh Powell,Shannon Brown,Carmelo Anthony,Chris Andersen,J.R. Smith,Kenyon Martin,Ty Lawson,4,10:17,DEN,shot,Kenyon Martin,,,,,,,,,Carmelo Anthony,2,,,made,,dunk,25,6
Adam Morrison,Andrew Bynum,Jordan Farmar,Josh Powell,Shannon Brown,Carmelo Anthony,Chris Andersen,J.R. Smith,Kenyon Martin,Ty Lawson,4,9:54,LAL,turnover,,,,,,,,,,Andrew Bynum,,,3 second violation,,,,,
Adam Morrison,Andrew Bynum,Jordan Farmar,Josh Powell,Shannon Brown,Carmelo Anthony,Chris Andersen,J.R. Smith,Kenyon Martin,Ty Lawson,4,9:37,DEN,shot,,,,,,,,,,J.R. Smith,,,,missed,,3pt,8,27
Adam Morrison,Andrew Bynum,Jordan Farmar,Josh Powell,Shannon Brown,Carmelo Anthony,Chris Andersen,J.R. Smith,Kenyon Martin,Ty Lawson,4,9:37,LAL,rebound,,,,,,,,,,,,,,,,,,
Adam Morrison,Andrew Bynum,Jordan Farmar,Josh Powell,Shannon Brown,Carmelo Anthony,Chris Andersen,J.R. Smith,Kenyon Martin,Ty Lawson,4,9:23,LAL,shot,,,Chris Andersen,,,,,,,Andrew Bynum,,,,missed,,jump,32,11
Adam Morrison,Andrew Bynum,Jordan Farmar,Josh Powell,Shannon Brown,Carmelo Anthony,Chris Andersen,J.R. Smith,Kenyon Martin,Ty Lawson,4,9:21,DEN,rebound,,,,,,,,,,Ty Lawson,,,,,,def,,
Adam Morrison,Andrew Bynum,Jordan Farmar,Josh Powell,Shannon Brown,Carmelo Anthony,Chris Andersen,J.R. Smith,Kenyon Martin,Ty Lawson,4,9:17,DEN,shot,Kenyon Martin,,,,,,,,,J.R. Smith,3,,,made,,3pt,7,22
Adam Morrison,Andrew Bynum,Jordan Farmar,Josh Powell,Shannon Brown,Carmelo Anthony,Chris Andersen,J.R. Smith,Kenyon Martin,Ty Lawson,4,8:55,LAL,shot,,,,,,,,,,Josh Powell,2,,,made,,hook,36,12
Adam Morrison,Andrew Bynum,Jordan Farmar,Josh Powell,Shannon Brown,Carmelo Anthony,Chris Andersen,J.R. Smith,Kenyon Martin,Ty Lawson,4,8:44,DEN,shot,Ty Lawson,,,,,,,,,Carmelo Anthony,2,,,made,,jump,10,16
Adam Morrison,Andrew Bynum,Jordan Farmar,Josh Powell,Shannon Brown,Carmelo Anthony,Chris Andersen,J.R. Smith,Kenyon Martin,Ty Lawson,4,8:25,LAL,shot,,,,,,,,,,Andrew Bynum,2,,,made,,dunk,25,6
Adam Morrison,Andrew Bynum,Jordan Farmar,Josh Powell,Shannon Brown,Carmelo Anthony,Chris Andersen,J.R. Smith,Kenyon Martin,Ty Lawson,4,8:09,DEN,shot,,,,,,,,,,Ty Lawson,2,,,made,,driving layup,25,6
Adam Morrison,Andrew Bynum,Jordan Farmar,Josh Powell,Shannon Brown,Carmelo Anthony,Chris Andersen,J.R. Smith,Kenyon Martin,Ty Lawson,4,7:40,LAL,shot,,,,,,,,,,Shannon Brown,,,,missed,,jump,15,23
Adam Morrison,Andrew Bynum,Jordan Farmar,Josh Powell,Shannon Brown,Carmelo Anthony,Chris Andersen,J.R. Smith,Kenyon Martin,Ty Lawson,4,7:40,DEN,rebound,,,,,,,,,,Kenyon Martin,,,,,,def,,
Adam Morrison,Andrew Bynum,Jordan Farmar,Josh Powell,Shannon Brown,Carmelo Anthony,Chris Andersen,J.R. Smith,Kenyon Martin,Ty Lawson,4,7:35,LAL,foul,,,,,,,,Carmelo Anthony,,Adam Morrison,,,,,,personal,,
Adam Morrison,Andrew Bynum,Jordan Farmar,Josh Powell,Shannon Brown,Arron Afflalo,Carmelo Anthony,Chris Andersen,J.R. Smith,Ty Lawson,4,7:35,DEN,sub,,,,Arron Afflalo,,Kenyon Martin,,,,,,,,,,,,
Adam Morrison,D.J. Mbenga,Jordan Farmar,Josh Powell,Shannon Brown,Arron Afflalo,Carmelo Anthony,Chris Andersen,J.R. Smith,Ty Lawson,4,7:35,LAL,sub,,,,D.J. Mbenga,,Andrew Bynum,,,,,,,,,,,,
Adam Morrison,D.J. Mbenga,Jordan Farmar,Josh Powell,Shannon Brown,Arron Afflalo,Carmelo Anthony,Chris Andersen,J.R. Smith,Ty Lawson,4,7:18,DEN,shot,,,,,,,,,,Carmelo Anthony,2,,,made,,reverse layup,25,6
Adam Morrison,D.J. Mbenga,Jordan Farmar,Josh Powell,Shannon Brown,Arron Afflalo,Carmelo Anthony,Chris Andersen,J.R. Smith,Ty Lawson,4,7:02,LAL,shot,,,,,,,,,,Shannon Brown,,,,missed,,layup,25,6
Adam Morrison,D.J. Mbenga,Jordan Farmar,Josh Powell,Shannon Brown,Arron Afflalo,Carmelo Anthony,Chris Andersen,J.R. Smith,Ty Lawson,4,7:01,LAL,rebound,,,,,,,,,,Shannon Brown,,,,,,off,,
Adam Morrison,D.J. Mbenga,Jordan Farmar,Josh Powell,Shannon Brown,Arron Afflalo,Carmelo Anthony,Chris Andersen,J.R. Smith,Ty Lawson,4,6:54,LAL,shot,,,,,,,,,,Adam Morrison,,,,missed,,3pt,47,8
Adam Morrison,D.J. Mbenga,Jordan Farmar,Josh Powell,Shannon Brown,Arron Afflalo,Carmelo Anthony,Chris Andersen,J.R. Smith,Ty Lawson,4,6:54,DEN,rebound,,,,,,,,,,J.R. Smith,,,,,,def,,
Adam Morrison,D.J. Mbenga,Jordan Farmar,Josh Powell,Shannon Brown,Arron Afflalo,Carmelo Anthony,Chris Andersen,J.R. Smith,Ty Lawson,4,6:41,DEN,shot,,,,,,,,,,Carmelo Anthony,,,,missed,,jump,38,21
Adam Morrison,D.J. Mbenga,Jordan Farmar,Josh Powell,Shannon Brown,Arron Afflalo,Carmelo Anthony,Chris Andersen,J.R. Smith,Ty Lawson,4,6:40,LAL,rebound,,,,,,,,,,D.J. Mbenga,,,,,,def,,
Adam Morrison,D.J. Mbenga,Jordan Farmar,Josh Powell,Shannon Brown,Arron Afflalo,Carmelo Anthony,Chris Andersen,J.R. Smith,Ty Lawson,4,6:24,LAL,shot,,,,,,,,,,Adam Morrison,,,,missed,,3pt,40,26
Adam Morrison,D.J. Mbenga,Jordan Farmar,Josh Powell,Shannon Brown,Arron Afflalo,Carmelo Anthony,Chris Andersen,J.R. Smith,Ty Lawson,4,6:23,DEN,rebound,,,,,,,,,,J.R. Smith,,,,,,def,,
Adam Morrison,D.J. Mbenga,Jordan Farmar,Josh Powell,Shannon Brown,Arron Afflalo,Carmelo Anthony,Chris Andersen,J.R. Smith,Ty Lawson,4,6:20,LAL,foul,,,,,,,,J.R. Smith,,Shannon Brown,,,,,,personal,,
Adam Morrison,D.J. Mbenga,Jordan Farmar,Josh Powell,Shannon Brown,Arron Afflalo,Chris Andersen,J.R. Smith,Johan Petro,Ty Lawson,4,6:20,DEN,sub,,,,Johan Petro,,Carmelo Anthony,,,,,,,,,,,,
Adam Morrison,D.J. Mbenga,Jordan Farmar,Josh Powell,Shannon Brown,Arron Afflalo,Chris Andersen,J.R. Smith,Johan Petro,Ty Lawson,4,6:10,DEN,shot,,,,,,,,,,Chris Andersen,,,,missed,,layup,25,6
Adam Morrison,D.J. Mbenga,Jordan Farmar,Josh Powell,Shannon Brown,Arron Afflalo,Chris Andersen,J.R. Smith,Johan Petro,Ty Lawson,4,6:08,LAL,rebound,,,,,,,,,,Adam Morrison,,,,,,def,,
Adam Morrison,D.J. Mbenga,Jordan Farmar,Josh Powell,Shannon Brown,Arron Afflalo,Chris Andersen,J.R. Smith,Johan Petro,Ty Lawson,4,6:00,LAL,shot,,,,,,,,,,Jordan Farmar,3,,,made,,3pt,46,20
Adam Morrison,D.J. Mbenga,Jordan Farmar,Josh Powell,Shannon Brown,Arron Afflalo,Chris Andersen,J.R. Smith,Johan Petro,Ty Lawson,4,5:44,DEN,shot,,,,,,,,,,J.R. Smith,,,,missed,,3pt,42,24
Adam Morrison,D.J. Mbenga,Jordan Farmar,Josh Powell,Shannon Brown,Arron Afflalo,Chris Andersen,J.R. Smith,Johan Petro,Ty Lawson,4,5:44,LAL,rebound,,,,,,,,,,D.J. Mbenga,,,,,,def,,
Adam Morrison,D.J. Mbenga,Jordan Farmar,Josh Powell,Shannon Brown,Arron Afflalo,Chris Andersen,J.R. Smith,Johan Petro,Ty Lawson,4,5:33,LAL,shot,,,,,,,,,,Jordan Farmar,,,,missed,,3pt,45,23
Adam Morrison,D.J. Mbenga,Jordan Farmar,Josh Powell,Shannon Brown,Arron Afflalo,Chris Andersen,J.R. Smith,Johan Petro,Ty Lawson,4,5:32,DEN,rebound,,,,,,,,,,Arron Afflalo,,,,,,def,,
Adam Morrison,D.J. Mbenga,Jordan Farmar,Josh Powell,Shannon Brown,Arron Afflalo,Chris Andersen,J.R. Smith,Johan Petro,Ty Lawson,4,5:19,DEN,shot,,,,,,,,,,Arron Afflalo,,,,missed,,layup,25,6
Adam Morrison,D.J. Mbenga,Jordan Farmar,Josh Powell,Shannon Brown,Arron Afflalo,Chris Andersen,J.R. Smith,Johan Petro,Ty Lawson,4,5:18,DEN,rebound,,,,,,,,,,Chris Andersen,,,,,,off,,
Adam Morrison,D.J. Mbenga,Jordan Farmar,Josh Powell,Shannon Brown,Arron Afflalo,Chris Andersen,J.R. Smith,Johan Petro,Ty Lawson,4,5:18,DEN,shot,,,,,,,,,,Chris Andersen,,,,missed,,tip,25,6
Adam Morrison,D.J. Mbenga,Jordan Farmar,Josh Powell,Shannon Brown,Arron Afflalo,Chris Andersen,J.R. Smith,Johan Petro,Ty Lawson,4,5:18,DEN,rebound,,,,,,,,,,Chris Andersen,,,,,,off,,
Adam Morrison,D.J. Mbenga,Jordan Farmar,Josh Powell,Shannon Brown,Arron Afflalo,Chris Andersen,J.R. Smith,Johan Petro,Ty Lawson,4,5:18,LAL,foul,,,,,,,,Chris Andersen,,Josh Powell,,,,,,shooting,,
Adam Morrison,D.J. Mbenga,Jordan Farmar,Josh Powell,Shannon Brown,Arron Afflalo,Chris Andersen,J.R. Smith,Johan Petro,Ty Lawson,4,5:18,DEN,timeout,,,,,,,,,,,,,,,,regular,,
Adam Morrison,D.J. Mbenga,Jordan Farmar,Josh Powell,Shannon Brown,Arron Afflalo,Chris Andersen,J.R. Smith,Johan Petro,Ty Lawson,4,5:18,LAL,timeout,,,,,,,,,,,,,,,,regular,,
Adam Morrison,D.J. Mbenga,Jordan Farmar,Josh Powell,Shannon Brown,Arron Afflalo,Chris Andersen,Joey Graham,Johan Petro,Ty Lawson,4,5:18,DEN,sub,,,,Joey Graham,,J.R. Smith,,,,,,,,,,,,
Adam Morrison,D.J. Mbenga,Jordan Farmar,Josh Powell,Shannon Brown,Arron Afflalo,Chris Andersen,Joey Graham,Johan Petro,Ty Lawson,4,5:18,DEN,free throw,,,,,,,1,,2,Chris Andersen,,,foul,missed,,,,
Adam Morrison,D.J. Mbenga,Jordan Farmar,Josh Powell,Shannon Brown,Arron Afflalo,Chris Andersen,Joey Graham,Johan Petro,Ty Lawson,4,5:18,DEN,rebound,,,,,,,,,,,,,,,,,,
Adam Morrison,D.J. Mbenga,Jordan Farmar,Josh Powell,Shannon Brown,Arron Afflalo,Chris Andersen,Joey Graham,Johan Petro,Ty Lawson,4,5:18,DEN,free throw,,,,,,,2,,2,Chris Andersen,,,foul,missed,,,,
Adam Morrison,D.J. Mbenga,Jordan Farmar,Josh Powell,Shannon Brown,Arron Afflalo,Chris Andersen,Joey Graham,Johan Petro,Ty Lawson,4,5:16,DEN,rebound,,,,,,,,,,Johan Petro,,,,,,off,,
Adam Morrison,D.J. Mbenga,Jordan Farmar,Josh Powell,Shannon Brown,Arron Afflalo,Chris Andersen,Joey Graham,Johan Petro,Ty Lawson,4,5:08,DEN,shot,,,,,,,,,,Johan Petro,,,,missed,,jump,17,11
Adam Morrison,D.J. Mbenga,Jordan Farmar,Josh Powell,Shannon Brown,Arron Afflalo,Chris Andersen,Joey Graham,Johan Petro,Ty Lawson,4,5:07,LAL,rebound,,,,,,,,,,Shannon Brown,,,,,,def,,
Adam Morrison,D.J. Mbenga,Jordan Farmar,Josh Powell,Shannon Brown,Arron Afflalo,Chris Andersen,Joey Graham,Johan Petro,Ty Lawson,4,5:05,DEN,foul,,,,,,,,Shannon Brown,,Ty Lawson,,,,,,personal,,
Adam Morrison,D.J. Mbenga,Jordan Farmar,Josh Powell,Shannon Brown,Arron Afflalo,Joey Graham,Johan Petro,Renaldo Balkman,Ty Lawson,4,5:05,DEN,sub,,,,Renaldo Balkman,,Chris Andersen,,,,,,,,,,,,
Adam Morrison,D.J. Mbenga,Jordan Farmar,Josh Powell,Shannon Brown,Joey Graham,Johan Petro,Malik Allen,Renaldo Balkman,Ty Lawson,4,5:05,DEN,sub,,,,Malik Allen,,Arron Afflalo,,,,,,,,,,,,
Adam Morrison,D.J. Mbenga,Jordan Farmar,Josh Powell,Shannon Brown,Joey Graham,Johan Petro,Malik Allen,Renaldo Balkman,Ty Lawson,4,4:45,LAL,shot,Shannon Brown,,,,,,,,,Jordan Farmar,3,,,made,,3pt,5,19
Adam Morrison,D.J. Mbenga,Jordan Farmar,Josh Powell,Shannon Brown,Joey Graham,Johan Petro,Malik Allen,Renaldo Balkman,Ty Lawson,4,4:28,DEN,shot,,,,,,,,,,Renaldo Balkman,,,,missed,,layup,25,6
Adam Morrison,D.J. Mbenga,Jordan Farmar,Josh Powell,Shannon Brown,Joey Graham,Johan Petro,Malik Allen,Renaldo Balkman,Ty Lawson,4,4:26,LAL,rebound,,,,,,,,,,Jordan Farmar,,,,,,def,,
Adam Morrison,D.J. Mbenga,Jordan Farmar,Josh Powell,Shannon Brown,Joey Graham,Johan Petro,Malik Allen,Renaldo Balkman,Ty Lawson,4,4:18,LAL,turnover,,,,,,,,,,Jordan Farmar,,,bad pass,,Renaldo Balkman,,,
Adam Morrison,D.J. Mbenga,Jordan Farmar,Josh Powell,Shannon Brown,Joey Graham,Johan Petro,Malik Allen,Renaldo Balkman,Ty Lawson,4,4:18,DEN,turnover,,,,,,,,,,Renaldo Balkman,,,step out of bounds turnover,,,,,
Adam Morrison,D.J. Mbenga,Josh Powell,Sasha Vujacic,Shannon Brown,Joey Graham,Johan Petro,Malik Allen,Renaldo Balkman,Ty Lawson,4,4:18,LAL,sub,,,,Sasha Vujacic,,Jordan Farmar,,,,,,,,,,,,
Adam Morrison,D.J. Mbenga,Josh Powell,Sasha Vujacic,Shannon Brown,Joey Graham,Johan Petro,Malik Allen,Renaldo Balkman,Ty Lawson,4,4:15,LAL,shot,,,,,,,,,,Shannon Brown,,,,missed,,reverse layup,25,6
Adam Morrison,D.J. Mbenga,Josh Powell,Sasha Vujacic,Shannon Brown,Joey Graham,Johan Petro,Malik Allen,Renaldo Balkman,Ty Lawson,4,4:14,DEN,rebound,,,,,,,,,,Renaldo Balkman,,,,,,def,,
Adam Morrison,D.J. Mbenga,Josh Powell,Sasha Vujacic,Shannon Brown,Joey Graham,Johan Petro,Malik Allen,Renaldo Balkman,Ty Lawson,4,3:54,DEN,shot,,,,,,,,,,Johan Petro,,,,missed,,layup,25,6
Adam Morrison,D.J. Mbenga,Josh Powell,Sasha Vujacic,Shannon Brown,Joey Graham,Johan Petro,Malik Allen,Renaldo Balkman,Ty Lawson,4,3:53,LAL,rebound,,,,,,,,,,Sasha Vujacic,,,,,,def,,
Adam Morrison,D.J. Mbenga,Josh Powell,Sasha Vujacic,Shannon Brown,Joey Graham,Johan Petro,Malik Allen,Renaldo Balkman,Ty Lawson,4,3:36,LAL,shot,,,,,,,,,,Adam Morrison,,,,missed,,jump,42,16
Adam Morrison,D.J. Mbenga,Josh Powell,Sasha Vujacic,Shannon Brown,Joey Graham,Johan Petro,Malik Allen,Renaldo Balkman,Ty Lawson,4,3:36,DEN,rebound,,,,,,,,,,Renaldo Balkman,,,,,,def,,
Adam Morrison,D.J. Mbenga,Josh Powell,Sasha Vujacic,Shannon Brown,Joey Graham,Johan Petro,Malik Allen,Renaldo Balkman,Ty Lawson,4,3:18,DEN,turnover,,,,,,,,,,Malik Allen,,,lost ball,,Shannon Brown,,,
Adam Morrison,D.J. Mbenga,Josh Powell,Sasha Vujacic,Shannon Brown,Joey Graham,Johan Petro,Malik Allen,Renaldo Balkman,Ty Lawson,4,3:08,LAL,shot,,,,,,,,,,Sasha Vujacic,,,,missed,,jump,7,9
Adam Morrison,D.J. Mbenga,Josh Powell,Sasha Vujacic,Shannon Brown,Joey Graham,Johan Petro,Malik Allen,Renaldo Balkman,Ty Lawson,4,3:08,LAL,jump ball,,D.J. Mbenga,,,Johan Petro,,,,,,,Shannon Brown,,,,,,
Adam Morrison,D.J. Mbenga,Josh Powell,Sasha Vujacic,Shannon Brown,Joey Graham,Johan Petro,Malik Allen,Renaldo Balkman,Ty Lawson,4,3:08,LAL,rebound,,,,,,,,,,,,,,,,,,
Adam Morrison,D.J. Mbenga,Josh Powell,Sasha Vujacic,Shannon Brown,Joey Graham,Johan Petro,Malik Allen,Renaldo Balkman,Ty Lawson,4,2:57,DEN,foul,,,,,,,,D.J. Mbenga,,Johan Petro,,,,,,personal,,
Adam Morrison,D.J. Mbenga,Josh Powell,Sasha Vujacic,Shannon Brown,Joey Graham,Johan Petro,Malik Allen,Renaldo Balkman,Ty Lawson,4,2:41,LAL,shot,,,,,,,,,,Shannon Brown,,,,missed,,3pt,9,27
Adam Morrison,D.J. Mbenga,Josh Powell,Sasha Vujacic,Shannon Brown,Joey Graham,Johan Petro,Malik Allen,Renaldo Balkman,Ty Lawson,4,2:40,DEN,rebound,,,,,,,,,,Renaldo Balkman,,,,,,def,,
Adam Morrison,D.J. Mbenga,Josh Powell,Sasha Vujacic,Shannon Brown,Joey Graham,Johan Petro,Malik Allen,Renaldo Balkman,Ty Lawson,4,2:37,DEN,shot,,,Shannon Brown,,,,,,,Joey Graham,,,,missed,,driving layup,25,6
Adam Morrison,D.J. Mbenga,Josh Powell,Sasha Vujacic,Shannon Brown,Joey Graham,Johan Petro,Malik Allen,Renaldo Balkman,Ty Lawson,4,2:36,DEN,rebound,,,,,,,,,,,,,,,,,,
Adam Morrison,D.J. Mbenga,Josh Powell,Sasha Vujacic,Shannon Brown,Joey Graham,Johan Petro,Malik Allen,Renaldo Balkman,Ty Lawson,4,2:20,DEN,shot,Malik Allen,,,,,,,,,Joey Graham,2,,,made,,dunk,25,6
Adam Morrison,D.J. Mbenga,Josh Powell,Sasha Vujacic,Shannon Brown,Joey Graham,Johan Petro,Malik Allen,Renaldo Balkman,Ty Lawson,4,2:00,LAL,shot,,,,,,,,,,Sasha Vujacic,,,,missed,,jump,40,22
Adam Morrison,D.J. Mbenga,Josh Powell,Sasha Vujacic,Shannon Brown,Joey Graham,Johan Petro,Malik Allen,Renaldo Balkman,Ty Lawson,4,1:59,DEN,rebound,,,,,,,,,,Renaldo Balkman,,,,,,def,,
Adam Morrison,D.J. Mbenga,Josh Powell,Sasha Vujacic,Shannon Brown,Joey Graham,Johan Petro,Malik Allen,Renaldo Balkman,Ty Lawson,4,1:55,DEN,turnover,,,,,,,,,,Renaldo Balkman,,,bad pass,,Adam Morrison,,,
Adam Morrison,D.J. Mbenga,Josh Powell,Sasha Vujacic,Shannon Brown,Joey Graham,Johan Petro,Malik Allen,Renaldo Balkman,Ty Lawson,4,1:46,LAL,shot,Shannon Brown,,,,,,,,,Adam Morrison,2,,,made,,jump,39,22
Adam Morrison,D.J. Mbenga,Josh Powell,Sasha Vujacic,Shannon Brown,Joey Graham,Johan Petro,Malik Allen,Renaldo Balkman,Ty Lawson,4,1:34,DEN,shot,,,,,,,,,,Ty Lawson,2,,,made,,driving dunk,25,6
Adam Morrison,D.J. Mbenga,Josh Powell,Sasha Vujacic,Shannon Brown,Joey Graham,Johan Petro,Malik Allen,Renaldo Balkman,Ty Lawson,4,1:34,LAL,foul,,,,,,,,Ty Lawson,,D.J. Mbenga,,,,,,shooting,,
Adam Morrison,D.J. Mbenga,Josh Powell,Sasha Vujacic,Shannon Brown,Joey Graham,Johan Petro,Malik Allen,Renaldo Balkman,Ty Lawson,4,1:34,DEN,free throw,,,,,,,1,,1,Ty Lawson,,,foul,made,,,,
Adam Morrison,D.J. Mbenga,Josh Powell,Sasha Vujacic,Shannon Brown,Joey Graham,Johan Petro,Malik Allen,Renaldo Balkman,Ty Lawson,4,1:18,LAL,shot,,,,,,,,,,Sasha Vujacic,,,,missed,,jump,13,24
Adam Morrison,D.J. Mbenga,Josh Powell,Sasha Vujacic,Shannon Brown,Joey Graham,Johan Petro,Malik Allen,Renaldo Balkman,Ty Lawson,4,1:17,LAL,rebound,,,,,,,,,,Adam Morrison,,,,,,off,,
Adam Morrison,D.J. Mbenga,Josh Powell,Sasha Vujacic,Shannon Brown,Joey Graham,Johan Petro,Malik Allen,Renaldo Balkman,Ty Lawson,4,1:16,DEN,foul,,,,,,,,Adam Morrison,,Renaldo Balkman,,,,,,shooting,,
Adam Morrison,D.J. Mbenga,Josh Powell,Sasha Vujacic,Shannon Brown,Joey Graham,Johan Petro,Malik Allen,Renaldo Balkman,Ty Lawson,4,1:16,LAL,free throw,,,,,,,1,,2,Adam Morrison,,,foul,missed,,,,
Adam Morrison,D.J. Mbenga,Josh Powell,Sasha Vujacic,Shannon Brown,Joey Graham,Johan Petro,Malik Allen,Renaldo Balkman,Ty Lawson,4,1:16,LAL,rebound,,,,,,,,,,,,,,,,,,
Adam Morrison,D.J. Mbenga,Josh Powell,Sasha Vujacic,Shannon Brown,Joey Graham,Johan Petro,Malik Allen,Renaldo Balkman,Ty Lawson,4,1:16,LAL,free throw,,,,,,,2,,2,Adam Morrison,,,foul,missed,,,,
Adam Morrison,D.J. Mbenga,Josh Powell,Sasha Vujacic,Shannon Brown,Joey Graham,Johan Petro,Malik Allen,Renaldo Balkman,Ty Lawson,4,1:14,DEN,rebound,,,,,,,,,,Malik Allen,,,,,,def,,
Adam Morrison,D.J. Mbenga,Josh Powell,Sasha Vujacic,Shannon Brown,Joey Graham,Johan Petro,Malik Allen,Renaldo Balkman,Ty Lawson,4,1:00,DEN,shot,,,,,,,,,,Malik Allen,,,,missed,,jump,32,23
Adam Morrison,D.J. Mbenga,Josh Powell,Sasha Vujacic,Shannon Brown,Joey Graham,Johan Petro,Malik Allen,Renaldo Balkman,Ty Lawson,4,0:59,LAL,rebound,,,,,,,,,,Adam Morrison,,,,,,def,,
Adam Morrison,D.J. Mbenga,Josh Powell,Sasha Vujacic,Shannon Brown,Joey Graham,Johan Petro,Malik Allen,Renaldo Balkman,Ty Lawson,4,0:39,LAL,shot,,,,,,,,,,Josh Powell,,,,missed,,running hook,26,14
Adam Morrison,D.J. Mbenga,Josh Powell,Sasha Vujacic,Shannon Brown,Joey Graham,Johan Petro,Malik Allen,Renaldo Balkman,Ty Lawson,4,0:39,DEN,rebound,,,,,,,,,,Malik Allen,,,,,,def,,
Adam Morrison,D.J. Mbenga,Josh Powell,Sasha Vujacic,Shannon Brown,Joey Graham,Johan Petro,Malik Allen,Renaldo Balkman,Ty Lawson,4,0:31,DEN,shot,,,D.J. Mbenga,,,,,,,Ty Lawson,,,,missed,,layup,25,6
Adam Morrison,D.J. Mbenga,Josh Powell,Sasha Vujacic,Shannon Brown,Joey Graham,Johan Petro,Malik Allen,Renaldo Balkman,Ty Lawson,4,0:29,LAL,rebound,,,,,,,,,,Sasha Vujacic,,,,,,def,,
Adam Morrison,D.J. Mbenga,Josh Powell,Sasha Vujacic,Shannon Brown,Joey Graham,Johan Petro,Malik Allen,Renaldo Balkman,Ty Lawson,4,0:24,LAL,shot,,,,,,,,,,Sasha Vujacic,,,,missed,,3pt,9,25
Adam Morrison,D.J. Mbenga,Josh Powell,Sasha Vujacic,Shannon Brown,Joey Graham,Johan Petro,Malik Allen,Renaldo Balkman,Ty Lawson,4,0:23,LAL,rebound,,,,,,,,,,Josh Powell,,,,,,off,,
Adam Morrison,D.J. Mbenga,Josh Powell,Sasha Vujacic,Shannon Brown,Joey Graham,Johan Petro,Malik Allen,Renaldo Balkman,Ty Lawson,4,0:23,LAL,shot,,,,,,,,,,Josh Powell,,,,missed,,turnaround jump,38,13
Adam Morrison,D.J. Mbenga,Josh Powell,Sasha Vujacic,Shannon Brown,Joey Graham,Johan Petro,Malik Allen,Renaldo Balkman,Ty Lawson,4,0:23,LAL,rebound,,,,,,,,,,,,,,,,,,
Adam Morrison,D.J. Mbenga,Josh Powell,Sasha Vujacic,Shannon Brown,Joey Graham,Johan Petro,Malik Allen,Renaldo Balkman,Ty Lawson,4,0:15,LAL,shot,,,,,,,,,,Adam Morrison,,,,missed,,jump,7,8
Adam Morrison,D.J. Mbenga,Josh Powell,Sasha Vujacic,Shannon Brown,Joey Graham,Johan Petro,Malik Allen,Renaldo Balkman,Ty Lawson,4,0:15,DEN,rebound,,,,,,,,,,Johan Petro,,,,,,def,,
