a1,a2,a3,a4,a5,h1,h2,h3,h4,h5,period,time,team,etype,assist,away,block,entered,home,left,num,opponent,outof,player,points,possession,reason,result,steal,type,x,y
Jeff Green,Kevin Durant,Nenad Krstic,Russell Westbrook,Thabo Sefolosha,Aaron Brooks,Chuck Hayes,Luis Scola,Shane Battier,Trevor Ariza,1,12:00,OFF,jump ball,,Jeff Green,,,Luis Scola,,,,,,,Nenad Krstic,,,,,,
Jeff Green,Kevin Durant,Nenad Krstic,Russell Westbrook,Thabo Sefolosha,Aaron Brooks,Chuck Hayes,Luis Scola,Shane Battier,Trevor Ariza,1,11:42,OKC,shot,,,,,,,,,,Jeff Green,,,,missed,,running hook,21,15
Jeff Green,Kevin Durant,Nenad Krstic,Russell Westbrook,Thabo Sefolosha,Aaron Brooks,Chuck Hayes,Luis Scola,Shane Battier,Trevor Ariza,1,11:40,OKC,rebound,,,,,,,,,,,,,,,,,,
Jeff Green,Kevin Durant,Nenad Krstic,Russell Westbrook,Thabo Sefolosha,Aaron Brooks,Chuck Hayes,Luis Scola,Shane Battier,Trevor Ariza,1,11:29,OKC,shot,Russell Westbrook,,,,,,,,,Thabo Sefolosha,2,,,made,,jump,43,17
Jeff Green,Kevin Durant,Nenad Krstic,Russell Westbrook,Thabo Sefolosha,Aaron Brooks,Chuck Hayes,Luis Scola,Shane Battier,Trevor Ariza,1,11:12,OKC,foul,,,,,,,,Chuck Hayes,,Nenad Krstic,,,,,,shooting,,
Jeff Green,Kevin Durant,Nenad Krstic,Russell Westbrook,Thabo Sefolosha,Aaron Brooks,Chuck Hayes,Luis Scola,Shane Battier,Trevor Ariza,1,11:12,HOU,free throw,,,,,,,1,,2,Chuck Hayes,,,foul,made,,,,
Jeff Green,Kevin Durant,Nenad Krstic,Russell Westbrook,Thabo Sefolosha,Aaron Brooks,Chuck Hayes,Luis Scola,Shane Battier,Trevor Ariza,1,11:12,HOU,free throw,,,,,,,2,,2,Chuck Hayes,,,foul,missed,,,,
Jeff Green,Kevin Durant,Nenad Krstic,Russell Westbrook,Thabo Sefolosha,Aaron Brooks,Chuck Hayes,Luis Scola,Shane Battier,Trevor Ariza,1,11:12,OKC,rebound,,,,,,,,,,Jeff Green,,,,,,def,,
Jeff Green,Kevin Durant,Nenad Krstic,Russell Westbrook,Thabo Sefolosha,Aaron Brooks,Chuck Hayes,Luis Scola,Shane Battier,Trevor Ariza,1,10:58,OKC,shot,,,,,,,,,,Nenad Krstic,,,,missed,,hook,24,14
Jeff Green,Kevin Durant,Nenad Krstic,Russell Westbrook,Thabo Sefolosha,Aaron Brooks,Chuck Hayes,Luis Scola,Shane Battier,Trevor Ariza,1,10:56,HOU,rebound,,,,,,,,,,Shane Battier,,,,,,def,,
Jeff Green,Kevin Durant,Nenad Krstic,Russell Westbrook,Thabo Sefolosha,Aaron Brooks,Chuck Hayes,Luis Scola,Shane Battier,Trevor Ariza,1,10:44,HOU,shot,Luis Scola,,,,,,,,,Shane Battier,3,,,made,,3pt,48,9
Jeff Green,Kevin Durant,Nenad Krstic,Russell Westbrook,Thabo Sefolosha,Aaron Brooks,Chuck Hayes,Luis Scola,Shane Battier,Trevor Ariza,1,10:23,OKC,shot,,,Luis Scola,,,,,,,Jeff Green,,,,missed,,reverse layup,25,6
Jeff Green,Kevin Durant,Nenad Krstic,Russell Westbrook,Thabo Sefolosha,Aaron Brooks,Chuck Hayes,Luis Scola,Shane Battier,Trevor Ariza,1,10:22,OKC,rebound,,,,,,,,,,Jeff Green,,,,,,off,,
Jeff Green,Kevin Durant,Nenad Krstic,Russell Westbrook,Thabo Sefolosha,Aaron Brooks,Chuck Hayes,Luis Scola,Shane Battier,Trevor Ariza,1,10:21,HOU,foul,,,,,,,,Jeff Green,,Aaron Brooks,,,,,,shooting,,
Jeff Green,Kevin Durant,Nenad Krstic,Russell Westbrook,Thabo Sefolosha,Aaron Brooks,Chuck Hayes,Luis Scola,Shane Battier,Trevor Ariza,1,10:21,OKC,free throw,,,,,,,1,,2,Jeff Green,,,foul,made,,,,
Jeff Green,Kevin Durant,Nenad Krstic,Russell Westbrook,Thabo Sefolosha,Aaron Brooks,Chuck Hayes,Luis Scola,Shane Battier,Trevor Ariza,1,10:21,OKC,free throw,,,,,,,2,,2,Jeff Green,,,foul,made,,,,
Jeff Green,Kevin Durant,Nenad Krstic,Russell Westbrook,Thabo Sefolosha,Aaron Brooks,Chuck Hayes,Luis Scola,Shane Battier,Trevor Ariza,1,10:09,HOU,shot,,,,,,,,,,Trevor Ariza,,,,missed,,3pt,20,31
Jeff Green,Kevin Durant,Nenad Krstic,Russell Westbrook,Thabo Sefolosha,Aaron Brooks,Chuck Hayes,Luis Scola,Shane Battier,Trevor Ariza,1,10:07,OKC,rebound,,,,,,,,,,Nenad Krstic,,,,,,def,,
Jeff Green,Kevin Durant,Nenad Krstic,Russell Westbrook,Thabo Sefolosha,Aaron Brooks,Chuck Hayes,Luis Scola,Shane Battier,Trevor Ariza,1,10:02,OKC,turnover,,,,,,,,,,Kevin Durant,,,bad pass,,Chuck Hayes,,,
Jeff Green,Kevin Durant,Nenad Krstic,Russell Westbrook,Thabo Sefolosha,Aaron Brooks,Chuck Hayes,Luis Scola,Shane Battier,Trevor Ariza,1,10:01,HOU,turnover,,,,,,,,,,Chuck Hayes,,,discontinue dribble,,,,,
Jeff Green,Kevin Durant,Nenad Krstic,Russell Westbrook,Thabo Sefolosha,Aaron Brooks,Chuck Hayes,Luis Scola,Shane Battier,Trevor Ariza,1,9:52,OKC,shot,,,,,,,,,,Nenad Krstic,,,,missed,,reverse layup,25,6
Jeff Green,Kevin Durant,Nenad Krstic,Russell Westbrook,Thabo Sefolosha,Aaron Brooks,Chuck Hayes,Luis Scola,Shane Battier,Trevor Ariza,1,9:52,OKC,rebound,,,,,,,,,,Nenad Krstic,,,,,,off,,
Jeff Green,Kevin Durant,Nenad Krstic,Russell Westbrook,Thabo Sefolosha,Aaron Brooks,Chuck Hayes,Luis Scola,Shane Battier,Trevor Ariza,1,9:52,HOU,foul,,,,,,,,Nenad Krstic,,Chuck Hayes,,,,,,shooting,,
Jeff Green,Kevin Durant,Nenad Krstic,Russell Westbrook,Thabo Sefolosha,Aaron Brooks,Chuck Hayes,Luis Scola,Shane Battier,Trevor Ariza,1,9:52,OKC,free throw,,,,,,,1,,2,Nenad Krstic,,,foul,made,,,,
Jeff Green,Kevin Durant,Nenad Krstic,Russell Westbrook,Thabo Sefolosha,Aaron Brooks,Chuck Hayes,Luis Scola,Shane Battier,Trevor Ariza,1,9:52,OKC,free throw,,,,,,,2,,2,Nenad Krstic,,,foul,made,,,,
Jeff Green,Kevin Durant,Nenad Krstic,Russell Westbrook,Thabo Sefolosha,Aaron Brooks,Chuck Hayes,Luis Scola,Shane Battier,Trevor Ariza,1,9:34,HOU,shot,,,,,,,,,,Aaron Brooks,,,,missed,,3pt,14,29
Jeff Green,Kevin Durant,Nenad Krstic,Russell Westbrook,Thabo Sefolosha,Aaron Brooks,Chuck Hayes,Luis Scola,Shane Battier,Trevor Ariza,1,9:33,OKC,rebound,,,,,,,,,,Thabo Sefolosha,,,,,,def,,
Jeff Green,Kevin Durant,Nenad Krstic,Russell Westbrook,Thabo Sefolosha,Aaron Brooks,Chuck Hayes,Luis Scola,Shane Battier,Trevor Ariza,1,9:27,OKC,shot,,,,,,,,,,Jeff Green,,,,missed,,pullup bank,16,14
Jeff Green,Kevin Durant,Nenad Krstic,Russell Westbrook,Thabo Sefolosha,Aaron Brooks,Chuck Hayes,Luis Scola,Shane Battier,Trevor Ariza,1,9:26,OKC,rebound,,,,,,,,,,Nenad Krstic,,,,,,off,,
Jeff Green,Kevin Durant,Nenad Krstic,Russell Westbrook,Thabo Sefolosha,Aaron Brooks,Chuck Hayes,Luis Scola,Shane Battier,Trevor Ariza,1,9:12,OKC,shot,,,,,,,,,,Thabo Sefolosha,,,,missed,,pullup jump,28,15
Jeff Green,Kevin Durant,Nenad Krstic,Russell Westbrook,Thabo Sefolosha,Aaron Brooks,Chuck Hayes,Luis Scola,Shane Battier,Trevor Ariza,1,9:10,HOU,rebound,,,,,,,,,,Chuck Hayes,,,,,,def,,
Jeff Green,Kevin Durant,Nenad Krstic,Russell Westbrook,Thabo Sefolosha,Aaron Brooks,Chuck Hayes,Luis Scola,Shane Battier,Trevor Ariza,1,9:03,HOU,shot,Aaron Brooks,,,,,,,,,Luis Scola,2,,,made,,jump,43,7
Jeff Green,Kevin Durant,Nenad Krstic,Russell Westbrook,Thabo Sefolosha,Aaron Brooks,Chuck Hayes,Luis Scola,Shane Battier,Trevor Ariza,1,8:51,OKC,shot,Russell Westbrook,,,,,,,,,Kevin Durant,2,,,made,,layup,25,6
Jeff Green,Kevin Durant,Nenad Krstic,Russell Westbrook,Thabo Sefolosha,Aaron Brooks,Chuck Hayes,Luis Scola,Shane Battier,Trevor Ariza,1,8:32,HOU,shot,Trevor Ariza,,,,,,,,,Chuck Hayes,2,,,made,,jump hook,30,12
Jeff Green,Kevin Durant,Nenad Krstic,Russell Westbrook,Thabo Sefolosha,Aaron Brooks,Chuck Hayes,Luis Scola,Shane Battier,Trevor Ariza,1,8:19,OKC,shot,,,,,,,,,,Nenad Krstic,,,,missed,,jump,34,26
Jeff Green,Kevin Durant,Nenad Krstic,Russell Westbrook,Thabo Sefolosha,Aaron Brooks,Chuck Hayes,Luis Scola,Shane Battier,Trevor Ariza,1,8:18,HOU,rebound,,,,,,,,,,Luis Scola,,,,,,def,,
Jeff Green,Kevin Durant,Nenad Krstic,Russell Westbrook,Thabo Sefolosha,Aaron Brooks,Chuck Hayes,Luis Scola,Shane Battier,Trevor Ariza,1,8:01,HOU,shot,,,,,,,,,,Aaron Brooks,,,,missed,,jump,41,21
Jeff Green,Kevin Durant,Nenad Krstic,Russell Westbrook,Thabo Sefolosha,Aaron Brooks,Chuck Hayes,Luis Scola,Shane Battier,Trevor Ariza,1,8:00,OKC,rebound,,,,,,,,,,Jeff Green,,,,,,def,,
Jeff Green,Kevin Durant,Nenad Krstic,Russell Westbrook,Thabo Sefolosha,Aaron Brooks,Chuck Hayes,Luis Scola,Shane Battier,Trevor Ariza,1,7:47,OKC,shot,,,,,,,,,,Russell Westbrook,,,,missed,,jump,13,8
Jeff Green,Kevin Durant,Nenad Krstic,Russell Westbrook,Thabo Sefolosha,Aaron Brooks,Chuck Hayes,Luis Scola,Shane Battier,Trevor Ariza,1,7:46,HOU,rebound,,,,,,,,,,Luis Scola,,,,,,def,,
Jeff Green,Kevin Durant,Nenad Krstic,Russell Westbrook,Thabo Sefolosha,Aaron Brooks,Chuck Hayes,Luis Scola,Shane Battier,Trevor Ariza,1,7:43,HOU,timeout,,,,,,,,,,,,,,,,regular,,
Jeff Green,Kevin Durant,Nenad Krstic,Russell Westbrook,Thabo Sefolosha,Aaron Brooks,Luis Scola,Shane Battier,Tracy McGrady,Trevor Ariza,1,7:43,HOU,sub,,,,Tracy McGrady,,Chuck Hayes,,,,,,,,,,,,
Jeff Green,Kevin Durant,Nenad Krstic,Russell Westbrook,Thabo Sefolosha,Aaron Brooks,Luis Scola,Shane Battier,Tracy McGrady,Trevor Ariza,1,7:32,HOU,shot,,,,,,,,,,Trevor Ariza,,,,missed,,jump,39,21
Jeff Green,Kevin Durant,Nenad Krstic,Russell Westbrook,Thabo Sefolosha,Aaron Brooks,Luis Scola,Shane Battier,Tracy McGrady,Trevor Ariza,1,7:31,OKC,rebound,,,,,,,,,,Nenad Krstic,,,,,,def,,
Jeff Green,Kevin Durant,Nenad Krstic,Russell Westbrook,Thabo Sefolosha,Aaron Brooks,Luis Scola,Shane Battier,Tracy McGrady,Trevor Ariza,1,7:13,OKC,shot,Nenad Krstic,,,,,,,,,Kevin Durant,2,,,made,,turnaround jump,34,7
Jeff Green,Kevin Durant,Nenad Krstic,Russell Westbrook,Thabo Sefolosha,Aaron Brooks,Luis Scola,Shane Battier,Tracy McGrady,Trevor Ariza,1,6:50,HOU,shot,Tracy McGrady,,,,,,,,,Shane Battier,3,,,made,,3pt,13,29
Jeff Green,Kevin Durant,Nenad Krstic,Russell Westbrook,Thabo Sefolosha,Aaron Brooks,Luis Scola,Shane Battier,Tracy McGrady,Trevor Ariza,1,6:35,OKC,shot,Russell Westbrook,,,,,,,,,Nenad Krstic,2,,,made,,layup,25,6
Jeff Green,Kevin Durant,Nenad Krstic,Russell Westbrook,Thabo Sefolosha,Aaron Brooks,Luis Scola,Shane Battier,Tracy McGrady,Trevor Ariza,1,6:15,OKC,foul,,,,,,,,Aaron Brooks,,Russell Westbrook,,,,,,personal,,
Jeff Green,Kevin Durant,Nenad Krstic,Russell Westbrook,Thabo Sefolosha,Aaron Brooks,Luis Scola,Shane Battier,Tracy McGrady,Trevor Ariza,1,6:03,HOU,shot,,,,,,,,,,Tracy McGrady,,,,missed,,pullup jump,25,28
Jeff Green,Kevin Durant,Nenad Krstic,Russell Westbrook,Thabo Sefolosha,Aaron Brooks,Luis Scola,Shane Battier,Tracy McGrady,Trevor Ariza,1,6:01,OKC,rebound,,,,,,,,,,Thabo Sefolosha,,,,,,def,,
Jeff Green,Kevin Durant,Nenad Krstic,Russell Westbrook,Thabo Sefolosha,Aaron Brooks,Luis Scola,Shane Battier,Tracy McGrady,Trevor Ariza,1,5:53,OKC,shot,,,Tracy McGrady,,,,,,,Nenad Krstic,,,,missed,,layup,25,6
Jeff Green,Kevin Durant,Nenad Krstic,Russell Westbrook,Thabo Sefolosha,Aaron Brooks,Luis Scola,Shane Battier,Tracy McGrady,Trevor Ariza,1,5:53,HOU,rebound,,,,,,,,,,,,,,,,,,
Jeff Green,Kevin Durant,Nenad Krstic,Russell Westbrook,Thabo Sefolosha,Aaron Brooks,Luis Scola,Shane Battier,Tracy McGrady,Trevor Ariza,1,5:39,HOU,shot,,,,,,,,,,Tracy McGrady,,,,missed,,driving layup,25,6
Jeff Green,Kevin Durant,Nenad Krstic,Russell Westbrook,Thabo Sefolosha,Aaron Brooks,Luis Scola,Shane Battier,Tracy McGrady,Trevor Ariza,1,5:37,OKC,rebound,,,,,,,,,,Nenad Krstic,,,,,,def,,
Jeff Green,Kevin Durant,Nenad Krstic,Russell Westbrook,Thabo Sefolosha,Aaron Brooks,Luis Scola,Shane Battier,Tracy McGrady,Trevor Ariza,1,5:31,OKC,shot,,,,,,,,,,Thabo Sefolosha,,,,missed,,pullup jump,17,20
Jeff Green,Kevin Durant,Nenad Krstic,Russell Westbrook,Thabo Sefolosha,Aaron Brooks,Luis Scola,Shane Battier,Tracy McGrady,Trevor Ariza,1,5:29,HOU,rebound,,,,,,,,,,Luis Scola,,,,,,def,,
Jeff Green,Kevin Durant,Nenad Krstic,Russell Westbrook,Thabo Sefolosha,Aaron Brooks,Luis Scola,Shane Battier,Tracy McGrady,Trevor Ariza,1,5:22,HOU,shot,Aaron Brooks,,,,,,,,,Trevor Ariza,2,,,made,,dunk,25,6
Jeff Green,Kevin Durant,Nenad Krstic,Russell Westbrook,Thabo Sefolosha,Aaron Brooks,Luis Scola,Shane Battier,Tracy McGrady,Trevor Ariza,1,5:09,OKC,shot,,,,,,,,,,Kevin Durant,,,,missed,,jump,8,15
Jeff Green,Kevin Durant,Nenad Krstic,Russell Westbrook,Thabo Sefolosha,Aaron Brooks,Luis Scola,Shane Battier,Tracy McGrady,Trevor Ariza,1,5:08,HOU,rebound,,,,,,,,,,Aaron Brooks,,,,,,def,,
Jeff Green,Kevin Durant,Nenad Krstic,Russell Westbrook,Thabo Sefolosha,Aaron Brooks,Luis Scola,Shane Battier,Tracy McGrady,Trevor Ariza,1,5:03,HOU,shot,,,Kevin Durant,,,,,,,Luis Scola,,,,missed,,layup,25,6
Jeff Green,Kevin Durant,Nenad Krstic,Russell Westbrook,Thabo Sefolosha,Aaron Brooks,Luis Scola,Shane Battier,Tracy McGrady,Trevor Ariza,1,5:01,OKC,rebound,,,,,,,,,,Kevin Durant,,,,,,def,,
Jeff Green,Kevin Durant,Nenad Krstic,Russell Westbrook,Thabo Sefolosha,Aaron Brooks,Luis Scola,Shane Battier,Tracy McGrady,Trevor Ariza,1,4:54,OKC,turnover,,,,,,,,,,Kevin Durant,,,traveling,,,,,
Jeff Green,Kevin Durant,Nick Collison,Russell Westbrook,Thabo Sefolosha,Aaron Brooks,Luis Scola,Shane Battier,Tracy McGrady,Trevor Ariza,1,4:54,OKC,sub,,,,Nick Collison,,Nenad Krstic,,,,,,,,,,,,
Jeff Green,Kevin Durant,Nick Collison,Russell Westbrook,Thabo Sefolosha,Aaron Brooks,Luis Scola,Shane Battier,Tracy McGrady,Trevor Ariza,1,4:36,HOU,shot,,,,,,,,,,Luis Scola,,,,missed,,hook,26,14
Jeff Green,Kevin Durant,Nick Collison,Russell Westbrook,Thabo Sefolosha,Aaron Brooks,Luis Scola,Shane Battier,Tracy McGrady,Trevor Ariza,1,4:34,OKC,rebound,,,,,,,,,,Thabo Sefolosha,,,,,,def,,
Jeff Green,Kevin Durant,Nick Collison,Russell Westbrook,Thabo Sefolosha,Aaron Brooks,Luis Scola,Shane Battier,Tracy McGrady,Trevor Ariza,1,4:23,OKC,shot,,,,,,,,,,Jeff Green,,,,missed,,hook,16,8
Jeff Green,Kevin Durant,Nick Collison,Russell Westbrook,Thabo Sefolosha,Aaron Brooks,Luis Scola,Shane Battier,Tracy McGrady,Trevor Ariza,1,4:22,OKC,rebound,,,,,,,,,,Thabo Sefolosha,,,,,,off,,
Jeff Green,Kevin Durant,Nick Collison,Russell Westbrook,Thabo Sefolosha,Aaron Brooks,Luis Scola,Shane Battier,Tracy McGrady,Trevor Ariza,1,4:22,OKC,shot,,,,,,,,,,Thabo Sefolosha,2,,,made,,tip,25,6
Jeff Green,Kevin Durant,Nick Collison,Russell Westbrook,Thabo Sefolosha,Aaron Brooks,Luis Scola,Shane Battier,Tracy McGrady,Trevor Ariza,1,4:11,HOU,shot,,,Nick Collison,,,,,,,Tracy McGrady,,,,missed,,layup,25,6
Jeff Green,Kevin Durant,Nick Collison,Russell Westbrook,Thabo Sefolosha,Aaron Brooks,Luis Scola,Shane Battier,Tracy McGrady,Trevor Ariza,1,4:08,OKC,rebound,,,,,,,,,,Jeff Green,,,,,,def,,
Jeff Green,Kevin Durant,Nick Collison,Russell Westbrook,Thabo Sefolosha,Aaron Brooks,Luis Scola,Shane Battier,Tracy McGrady,Trevor Ariza,1,4:07,OKC,turnover,,,,,,,,,,Jeff Green,,,bad pass,,Trevor Ariza,,,
Jeff Green,Kevin Durant,Nick Collison,Russell Westbrook,Thabo Sefolosha,Aaron Brooks,Luis Scola,Shane Battier,Tracy McGrady,Trevor Ariza,1,3:50,HOU,shot,Tracy McGrady,,,,,,,,,Trevor Ariza,3,,,made,,3pt,47,6
Jeff Green,Kevin Durant,Nick Collison,Russell Westbrook,Thabo Sefolosha,Aaron Brooks,Luis Scola,Shane Battier,Tracy McGrady,Trevor Ariza,1,3:41,OKC,timeout,,,,,,,,,,,,,,,,regular,,
James Harden,Jeff Green,Kevin Durant,Nick Collison,Russell Westbrook,Aaron Brooks,Luis Scola,Shane Battier,Tracy McGrady,Trevor Ariza,1,3:41,OKC,sub,,,,James Harden,,Thabo Sefolosha,,,,,,,,,,,,
James Harden,Jeff Green,Kevin Durant,Nick Collison,Russell Westbrook,Aaron Brooks,Luis Scola,Shane Battier,Tracy McGrady,Trevor Ariza,1,3:24,OKC,shot,,,,,,,,,,Jeff Green,2,,,made,,turnaround hook,29,12
James Harden,Jeff Green,Kevin Durant,Nick Collison,Russell Westbrook,Aaron Brooks,Luis Scola,Shane Battier,Tracy McGrady,Trevor Ariza,1,2:59,HOU,shot,,,,,,,,,,Shane Battier,,,,missed,,3pt,12,27
James Harden,Jeff Green,Kevin Durant,Nick Collison,Russell Westbrook,Aaron Brooks,Luis Scola,Shane Battier,Tracy McGrady,Trevor Ariza,1,2:58,OKC,rebound,,,,,,,,,,Jeff Green,,,,,,def,,
James Harden,Jeff Green,Kevin Durant,Nick Collison,Russell Westbrook,Aaron Brooks,Luis Scola,Shane Battier,Tracy McGrady,Trevor Ariza,1,2:58,HOU,foul,,,,,,,,Jeff Green,,Luis Scola,,,,,,personal,,
James Harden,Jeff Green,Kevin Durant,Nick Collison,Russell Westbrook,Aaron Brooks,Kyle Lowry,Luis Scola,Tracy McGrady,Trevor Ariza,1,2:58,HOU,sub,,,,Kyle Lowry,,Shane Battier,,,,,,,,,,,,
James Harden,Jeff Green,Kevin Durant,Nick Collison,Russell Westbrook,Aaron Brooks,Kyle Lowry,Luis Scola,Tracy McGrady,Trevor Ariza,1,2:47,OKC,shot,,,,,,,,,,Kevin Durant,,,,missed,,jump,24,21
James Harden,Jeff Green,Kevin Durant,Nick Collison,Russell Westbrook,Aaron Brooks,Kyle Lowry,Luis Scola,Tracy McGrady,Trevor Ariza,1,2:45,OKC,rebound,,,,,,,,,,Nick Collison,,,,,,off,,
James Harden,Jeff Green,Kevin Durant,Nick Collison,Russell Westbrook,Aaron Brooks,Kyle Lowry,Luis Scola,Tracy McGrady,Trevor Ariza,1,2:32,OKC,shot,,,,,,,,,,Russell Westbrook,,,,missed,,running jump,34,14
James Harden,Jeff Green,Kevin Durant,Nick Collison,Russell Westbrook,Aaron Brooks,Kyle Lowry,Luis Scola,Tracy McGrady,Trevor Ariza,1,2:30,HOU,rebound,,,,,,,,,,Tracy McGrady,,,,,,def,,
James Harden,Jeff Green,Kevin Durant,Nick Collison,Russell Westbrook,Aaron Brooks,Kyle Lowry,Luis Scola,Tracy McGrady,Trevor Ariza,1,2:08,HOU,shot,Aaron Brooks,,,,,,,,,Tracy McGrady,2,,,made,,jump,4,8
James Harden,Jeff Green,Kevin Durant,Nick Collison,Russell Westbrook,Aaron Brooks,Kyle Lowry,Luis Scola,Tracy McGrady,Trevor Ariza,1,1:48,OKC,shot,,,,,,,,,,James Harden,2,,,made,,driving layup,25,6
James Harden,Jeff Green,Kevin Durant,Nick Collison,Russell Westbrook,Aaron Brooks,Kyle Lowry,Luis Scola,Tracy McGrady,Trevor Ariza,1,1:36,HOU,shot,Kyle Lowry,,,,,,,,,Trevor Ariza,3,,,made,,3pt,37,28
James Harden,Jeff Green,Kevin Durant,Nick Collison,Russell Westbrook,Aaron Brooks,Kyle Lowry,Luis Scola,Tracy McGrady,Trevor Ariza,1,1:13,OKC,turnover,,,,,,,,,,Russell Westbrook,,,bad pass,,Aaron Brooks,,,
James Harden,Jeff Green,Kevin Durant,Nick Collison,Russell Westbrook,Aaron Brooks,Kyle Lowry,Luis Scola,Tracy McGrady,Trevor Ariza,1,1:04,HOU,shot,,,,,,,,,,Trevor Ariza,2,,,made,,driving layup,25,6
James Harden,Jeff Green,Kevin Durant,Nick Collison,Russell Westbrook,Aaron Brooks,Kyle Lowry,Luis Scola,Tracy McGrady,Trevor Ariza,1,0:46,OKC,shot,,,,,,,,,,Russell Westbrook,2,,,made,,driving layup,25,6
James Harden,Jeff Green,Kevin Durant,Nick Collison,Russell Westbrook,Aaron Brooks,Kyle Lowry,Luis Scola,Tracy McGrady,Trevor Ariza,1,0:32,HOU,shot,,,,,,,,,,Aaron Brooks,,,,missed,,pullup jump,10,21
James Harden,Jeff Green,Kevin Durant,Nick Collison,Russell Westbrook,Aaron Brooks,Kyle Lowry,Luis Scola,Tracy McGrady,Trevor Ariza,1,0:30,OKC,rebound,,,,,,,,,,Kevin Durant,,,,,,def,,
James Harden,Jeff Green,Kevin Durant,Nick Collison,Russell Westbrook,Aaron Brooks,Kyle Lowry,Luis Scola,Tracy McGrady,Trevor Ariza,1,0:08,OKC,shot,Kevin Durant,,,,,,,,,Russell Westbrook,2,,,made,,driving layup,25,6
James Harden,Jeff Green,Kevin Durant,Nick Collison,Russell Westbrook,Aaron Brooks,Kyle Lowry,Luis Scola,Tracy McGrady,Trevor Ariza,1,0:00,HOU,shot,,,,,,,,,,Tracy McGrady,,,,missed,,running jump,34,17
James Harden,Jeff Green,Kevin Durant,Nick Collison,Russell Westbrook,Aaron Brooks,Kyle Lowry,Luis Scola,Tracy McGrady,Trevor Ariza,1,0:00,HOU,rebound,,,,,,,,,,,,,,,,,,
James Harden,Kevin Durant,Nick Collison,Shaun Livingston,Thabo Sefolosha,Aaron Brooks,Chase Budinger,David Andersen,Kyle Lowry,Trevor Ariza,2,11:44,OKC,foul,,,,,,,,David Andersen,,Nick Collison,,,,,,shooting,,
James Harden,Kevin Durant,Nick Collison,Shaun Livingston,Thabo Sefolosha,Aaron Brooks,Chase Budinger,David Andersen,Kyle Lowry,Trevor Ariza,2,11:44,HOU,free throw,,,,,,,1,,2,David Andersen,,,foul,made,,,,
James Harden,Kevin Durant,Nick Collison,Shaun Livingston,Thabo Sefolosha,Aaron Brooks,Chase Budinger,David Andersen,Kyle Lowry,Trevor Ariza,2,11:44,HOU,free throw,,,,,,,2,,2,David Andersen,,,foul,made,,,,
James Harden,Kevin Durant,Nick Collison,Shaun Livingston,Thabo Sefolosha,Aaron Brooks,Chase Budinger,David Andersen,Kyle Lowry,Trevor Ariza,2,11:27,OKC,shot,,,,,,,,,,James Harden,,,,missed,,jump,39,8
James Harden,Kevin Durant,Nick Collison,Shaun Livingston,Thabo Sefolosha,Aaron Brooks,Chase Budinger,David Andersen,Kyle Lowry,Trevor Ariza,2,11:26,OKC,rebound,,,,,,,,,,James Harden,,,,,,off,,
James Harden,Kevin Durant,Nick Collison,Shaun Livingston,Thabo Sefolosha,Aaron Brooks,Chase Budinger,David Andersen,Kyle Lowry,Trevor Ariza,2,11:26,OKC,shot,,,,,,,,,,James Harden,2,,,made,,tip,25,6
James Harden,Kevin Durant,Nick Collison,Shaun Livingston,Thabo Sefolosha,Aaron Brooks,Chase Budinger,David Andersen,Kyle Lowry,Trevor Ariza,2,11:18,HOU,turnover,,,,,,,,,,Aaron Brooks,,,step out of bounds turnover,,,,,
James Harden,Kevin Durant,Nick Collison,Shaun Livingston,Thabo Sefolosha,Aaron Brooks,Chase Budinger,David Andersen,Kyle Lowry,Trevor Ariza,2,11:10,OKC,shot,,,,,,,,,,Kevin Durant,,,,missed,,jump,28,21
James Harden,Kevin Durant,Nick Collison,Shaun Livingston,Thabo Sefolosha,Aaron Brooks,Chase Budinger,David Andersen,Kyle Lowry,Trevor Ariza,2,11:08,HOU,rebound,,,,,,,,,,Chase Budinger,,,,,,def,,
James Harden,Kevin Durant,Nick Collison,Shaun Livingston,Thabo Sefolosha,Aaron Brooks,Chase Budinger,David Andersen,Kyle Lowry,Trevor Ariza,2,10:59,OKC,foul,,,,,,,,Kyle Lowry,,Nick Collison,,,,,,personal,,
James Harden,Kevin Durant,Serge Ibaka,Shaun Livingston,Thabo Sefolosha,Aaron Brooks,Chase Budinger,David Andersen,Kyle Lowry,Trevor Ariza,2,10:59,OKC,sub,,,,Serge Ibaka,,Nick Collison,,,,,,,,,,,,
James Harden,Kevin Durant,Serge Ibaka,Shaun Livingston,Thabo Sefolosha,Aaron Brooks,Chase Budinger,David Andersen,Kyle Lowry,Trevor Ariza,2,10:49,HOU,shot,,,,,,,,,,David Andersen,,,,missed,,jump,26,21
James Harden,Kevin Durant,Serge Ibaka,Shaun Livingston,Thabo Sefolosha,Aaron Brooks,Chase Budinger,David Andersen,Kyle Lowry,Trevor Ariza,2,10:47,OKC,rebound,,,,,,,,,,James Harden,,,,,,def,,
James Harden,Kevin Durant,Serge Ibaka,Shaun Livingston,Thabo Sefolosha,Aaron Brooks,Chase Budinger,David Andersen,Kyle Lowry,Trevor Ariza,2,10:37,OKC,shot,,,,,,,,,,Kevin Durant,2,,,made,,jump,19,15
James Harden,Kevin Durant,Serge Ibaka,Shaun Livingston,Thabo Sefolosha,Aaron Brooks,Chase Budinger,David Andersen,Kyle Lowry,Trevor Ariza,2,10:19,HOU,shot,,,Serge Ibaka,,,,,,,Chase Budinger,,,,missed,,layup,25,6
James Harden,Kevin Durant,Serge Ibaka,Shaun Livingston,Thabo Sefolosha,Aaron Brooks,Chase Budinger,David Andersen,Kyle Lowry,Trevor Ariza,2,10:18,HOU,rebound,,,,,,,,,,,,,,,,,,
James Harden,Kevin Durant,Serge Ibaka,Shaun Livingston,Thabo Sefolosha,Aaron Brooks,Chase Budinger,David Andersen,Kyle Lowry,Trevor Ariza,2,10:12,HOU,shot,,,,,,,,,,Trevor Ariza,2,,,made,,jump bank,18,13
James Harden,Kevin Durant,Serge Ibaka,Shaun Livingston,Thabo Sefolosha,Aaron Brooks,Chase Budinger,David Andersen,Kyle Lowry,Trevor Ariza,2,10:01,OKC,foul,,,,,,,,Kyle Lowry,,Serge Ibaka,,,,,,offensive,,
James Harden,Kevin Durant,Serge Ibaka,Shaun Livingston,Thabo Sefolosha,Aaron Brooks,Chase Budinger,David Andersen,Kyle Lowry,Trevor Ariza,2,10:01,OKC,turnover,,,,,,,,,,Serge Ibaka,,,foul,,,,,
James Harden,Jeff Green,Serge Ibaka,Shaun Livingston,Thabo Sefolosha,Aaron Brooks,Chase Budinger,David Andersen,Kyle Lowry,Trevor Ariza,2,10:01,OKC,sub,,,,Jeff Green,,Kevin Durant,,,,,,,,,,,,
James Harden,Jeff Green,Serge Ibaka,Shaun Livingston,Thabo Sefolosha,Aaron Brooks,Chase Budinger,David Andersen,Kyle Lowry,Trevor Ariza,2,9:43,HOU,shot,,,,,,,,,,Trevor Ariza,2,,,made,,jump,7,10
James Harden,Jeff Green,Serge Ibaka,Shaun Livingston,Thabo Sefolosha,Aaron Brooks,Chase Budinger,David Andersen,Kyle Lowry,Trevor Ariza,2,9:17,OKC,turnover,,,,,,,,,,Jeff Green,,,lost ball,,Trevor Ariza,,,
James Harden,Jeff Green,Serge Ibaka,Shaun Livingston,Thabo Sefolosha,Aaron Brooks,Chase Budinger,David Andersen,Kyle Lowry,Trevor Ariza,2,9:02,HOU,shot,,,Serge Ibaka,,,,,,,David Andersen,,,,missed,,hook,31,11
James Harden,Jeff Green,Serge Ibaka,Shaun Livingston,Thabo Sefolosha,Aaron Brooks,Chase Budinger,David Andersen,Kyle Lowry,Trevor Ariza,2,9:00,OKC,rebound,,,,,,,,,,Jeff Green,,,,,,def,,
James Harden,Jeff Green,Serge Ibaka,Shaun Livingston,Thabo Sefolosha,Aaron Brooks,Chase Budinger,David Andersen,Kyle Lowry,Trevor Ariza,2,8:56,HOU,foul,,,,,,,,Serge Ibaka,,David Andersen,,,,,,personal,,
James Harden,Jeff Green,Serge Ibaka,Shaun Livingston,Thabo Sefolosha,Aaron Brooks,Chase Budinger,David Andersen,Kyle Lowry,Trevor Ariza,2,8:56,OKC,timeout,,,,,,,,,,,,,,,,,,
James Harden,Jeff Green,Serge Ibaka,Shaun Livingston,Thabo Sefolosha,Aaron Brooks,Chase Budinger,Chuck Hayes,David Andersen,Kyle Lowry,2,8:56,HOU,sub,,,,Chuck Hayes,,Trevor Ariza,,,,,,,,,,,,
James Harden,Jeff Green,Serge Ibaka,Shaun Livingston,Thabo Sefolosha,Aaron Brooks,Chase Budinger,Chuck Hayes,David Andersen,Kyle Lowry,2,8:48,OKC,shot,Thabo Sefolosha,,,,,,,,,Shaun Livingston,2,,,made,,jump,33,12
James Harden,Jeff Green,Serge Ibaka,Shaun Livingston,Thabo Sefolosha,Aaron Brooks,Chase Budinger,Chuck Hayes,David Andersen,Kyle Lowry,2,8:33,HOU,shot,David Andersen,,,,,,,,,Chase Budinger,2,,,made,,jump,20,24
James Harden,Jeff Green,Serge Ibaka,Shaun Livingston,Thabo Sefolosha,Aaron Brooks,Chase Budinger,Chuck Hayes,David Andersen,Kyle Lowry,2,8:21,HOU,foul,,,,,,,,Shaun Livingston,,David Andersen,,,,,,personal,,
James Harden,Jeff Green,Serge Ibaka,Shaun Livingston,Thabo Sefolosha,Aaron Brooks,Chase Budinger,Chuck Hayes,David Andersen,Kyle Lowry,2,8:10,OKC,turnover,,,,,,,,,,Shaun Livingston,,,bad pass,,Kyle Lowry,,,
James Harden,Jeff Green,Serge Ibaka,Shaun Livingston,Thabo Sefolosha,Aaron Brooks,Chase Budinger,Chuck Hayes,David Andersen,Kyle Lowry,2,8:06,HOU,shot,,,,,,,,,,Chase Budinger,,,,missed,,layup,25,6
James Harden,Jeff Green,Serge Ibaka,Shaun Livingston,Thabo Sefolosha,Aaron Brooks,Chase Budinger,Chuck Hayes,David Andersen,Kyle Lowry,2,8:04,OKC,rebound,,,,,,,,,,Thabo Sefolosha,,,,,,def,,
James Harden,Jeff Green,Serge Ibaka,Shaun Livingston,Thabo Sefolosha,Aaron Brooks,Chase Budinger,Chuck Hayes,David Andersen,Kyle Lowry,2,7:58,OKC,shot,,,,,,,,,,James Harden,,,,missed,,3pt,30,31
James Harden,Jeff Green,Serge Ibaka,Shaun Livingston,Thabo Sefolosha,Aaron Brooks,Chase Budinger,Chuck Hayes,David Andersen,Kyle Lowry,2,7:57,HOU,rebound,,,,,,,,,,Kyle Lowry,,,,,,def,,
James Harden,Jeff Green,Serge Ibaka,Shaun Livingston,Thabo Sefolosha,Aaron Brooks,Chase Budinger,Chuck Hayes,David Andersen,Kyle Lowry,2,7:56,HOU,timeout,,,,,,,,,,,,,,,,regular,,
James Harden,Jeff Green,Serge Ibaka,Shaun Livingston,Thabo Sefolosha,Chase Budinger,Chuck Hayes,David Andersen,Kyle Lowry,Shane Battier,2,7:56,HOU,sub,,,,Shane Battier,,Aaron Brooks,,,,,,,,,,,,
James Harden,Jeff Green,Serge Ibaka,Shaun Livingston,Thabo Sefolosha,Chuck Hayes,David Andersen,Kyle Lowry,Shane Battier,Trevor Ariza,2,7:56,HOU,sub,,,,Trevor Ariza,,Chase Budinger,,,,,,,,,,,,
James Harden,Jeff Green,Serge Ibaka,Shaun Livingston,Thabo Sefolosha,Chuck Hayes,David Andersen,Kyle Lowry,Shane Battier,Trevor Ariza,2,7:47,HOU,shot,,,,,,,,,,Kyle Lowry,,,,missed,,running jump,26,19
James Harden,Jeff Green,Serge Ibaka,Shaun Livingston,Thabo Sefolosha,Chuck Hayes,David Andersen,Kyle Lowry,Shane Battier,Trevor Ariza,2,7:46,HOU,rebound,,,,,,,,,,David Andersen,,,,,,off,,
James Harden,Jeff Green,Serge Ibaka,Shaun Livingston,Thabo Sefolosha,Chuck Hayes,David Andersen,Kyle Lowry,Shane Battier,Trevor Ariza,2,7:42,HOU,shot,,,,,,,,,,Shane Battier,,,,missed,,3pt,24,31
James Harden,Jeff Green,Serge Ibaka,Shaun Livingston,Thabo Sefolosha,Chuck Hayes,David Andersen,Kyle Lowry,Shane Battier,Trevor Ariza,2,7:40,OKC,rebound,,,,,,,,,,Thabo Sefolosha,,,,,,def,,
James Harden,Jeff Green,Serge Ibaka,Shaun Livingston,Thabo Sefolosha,Chuck Hayes,David Andersen,Kyle Lowry,Shane Battier,Trevor Ariza,2,7:22,OKC,shot,,,,,,,,,,Jeff Green,2,,,made,,jump,37,25
James Harden,Jeff Green,Serge Ibaka,Shaun Livingston,Thabo Sefolosha,Chuck Hayes,David Andersen,Kyle Lowry,Shane Battier,Trevor Ariza,2,7:06,HOU,shot,,,,,,,,,,Kyle Lowry,,,,missed,,pullup jump,21,24
James Harden,Jeff Green,Serge Ibaka,Shaun Livingston,Thabo Sefolosha,Chuck Hayes,David Andersen,Kyle Lowry,Shane Battier,Trevor Ariza,2,7:04,HOU,rebound,,,,,,,,,,Chuck Hayes,,,,,,off,,
James Harden,Jeff Green,Serge Ibaka,Shaun Livingston,Thabo Sefolosha,Chuck Hayes,David Andersen,Kyle Lowry,Shane Battier,Trevor Ariza,2,6:58,HOU,turnover,,,,,,,,,,Trevor Ariza,,,bad pass,,Thabo Sefolosha,,,
James Harden,Jeff Green,Serge Ibaka,Shaun Livingston,Thabo Sefolosha,Chuck Hayes,David Andersen,Kyle Lowry,Shane Battier,Trevor Ariza,2,6:41,OKC,shot,,,,,,,,,,James Harden,,,,missed,,jump,21,11
James Harden,Jeff Green,Serge Ibaka,Shaun Livingston,Thabo Sefolosha,Chuck Hayes,David Andersen,Kyle Lowry,Shane Battier,Trevor Ariza,2,6:39,OKC,rebound,,,,,,,,,,Serge Ibaka,,,,,,off,,
James Harden,Jeff Green,Serge Ibaka,Shaun Livingston,Thabo Sefolosha,Chuck Hayes,David Andersen,Kyle Lowry,Shane Battier,Trevor Ariza,2,6:38,OKC,shot,,,,,,,,,,Serge Ibaka,2,,,made,,layup,25,6
James Harden,Jeff Green,Serge Ibaka,Shaun Livingston,Thabo Sefolosha,Chuck Hayes,David Andersen,Kyle Lowry,Shane Battier,Trevor Ariza,2,6:19,HOU,shot,,,,,,,,,,Trevor Ariza,,,,missed,,turnaround jump,31,16
James Harden,Jeff Green,Serge Ibaka,Shaun Livingston,Thabo Sefolosha,Chuck Hayes,David Andersen,Kyle Lowry,Shane Battier,Trevor Ariza,2,6:17,OKC,rebound,,,,,,,,,,Serge Ibaka,,,,,,def,,
James Harden,Jeff Green,Serge Ibaka,Shaun Livingston,Thabo Sefolosha,Chuck Hayes,David Andersen,Kyle Lowry,Shane Battier,Trevor Ariza,2,6:02,OKC,shot,,,,,,,,,,James Harden,2,,,made,,layup,25,6
James Harden,Jeff Green,Serge Ibaka,Shaun Livingston,Thabo Sefolosha,Chuck Hayes,David Andersen,Kyle Lowry,Shane Battier,Trevor Ariza,2,5:51,HOU,shot,,,,,,,,,,David Andersen,,,,missed,,3pt,24,31
James Harden,Jeff Green,Serge Ibaka,Shaun Livingston,Thabo Sefolosha,Chuck Hayes,David Andersen,Kyle Lowry,Shane Battier,Trevor Ariza,2,5:51,HOU,rebound,,,,,,,,,,,,,,,,,,
James Harden,Jeff Green,Serge Ibaka,Shaun Livingston,Thabo Sefolosha,Chuck Hayes,David Andersen,Kyle Lowry,Shane Battier,Trevor Ariza,2,5:51,OKC,foul,,,,,,,,Shane Battier,,James Harden,,,,,,loose ball,,
James Harden,Jeff Green,Serge Ibaka,Shaun Livingston,Thabo Sefolosha,Chuck Hayes,Kyle Lowry,Luis Scola,Shane Battier,Trevor Ariza,2,5:51,HOU,sub,,,,Luis Scola,,David Andersen,,,,,,,,,,,,
James Harden,Jeff Green,Serge Ibaka,Shaun Livingston,Thabo Sefolosha,Chuck Hayes,Kyle Lowry,Luis Scola,Shane Battier,Trevor Ariza,2,5:45,HOU,shot,Trevor Ariza,,,,,,,,,Chuck Hayes,2,,,made,,layup,25,6
James Harden,Jeff Green,Serge Ibaka,Shaun Livingston,Thabo Sefolosha,Chuck Hayes,Kyle Lowry,Luis Scola,Shane Battier,Trevor Ariza,2,5:26,HOU,foul,,,,,,,,Serge Ibaka,,Luis Scola,,,,,,personal,,
James Harden,Jeff Green,Serge Ibaka,Shaun Livingston,Thabo Sefolosha,Chuck Hayes,Kyle Lowry,Luis Scola,Shane Battier,Trevor Ariza,2,5:12,OKC,turnover,,,,,,,,,,Thabo Sefolosha,,,bad pass,,Luis Scola,,,
James Harden,Jeff Green,Serge Ibaka,Shaun Livingston,Thabo Sefolosha,Chuck Hayes,Kyle Lowry,Luis Scola,Shane Battier,Trevor Ariza,2,5:04,HOU,shot,Kyle Lowry,,,,,,,,,Trevor Ariza,3,,,made,,3pt,39,27
James Harden,Jeff Green,Serge Ibaka,Shaun Livingston,Thabo Sefolosha,Chuck Hayes,Kyle Lowry,Luis Scola,Shane Battier,Trevor Ariza,2,4:57,OKC,timeout,,,,,,,,,,,,,,,,regular,,
Jeff Green,Russell Westbrook,Serge Ibaka,Shaun Livingston,Thabo Sefolosha,Chuck Hayes,Kyle Lowry,Luis Scola,Shane Battier,Trevor Ariza,2,4:57,OKC,sub,,,,Russell Westbrook,,James Harden,,,,,,,,,,,,
Jeff Green,Kevin Durant,Russell Westbrook,Serge Ibaka,Thabo Sefolosha,Chuck Hayes,Kyle Lowry,Luis Scola,Shane Battier,Trevor Ariza,2,4:57,OKC,sub,,,,Kevin Durant,,Shaun Livingston,,,,,,,,,,,,
Jeff Green,Kevin Durant,Nenad Krstic,Russell Westbrook,Thabo Sefolosha,Chuck Hayes,Kyle Lowry,Luis Scola,Shane Battier,Trevor Ariza,2,4:57,OKC,sub,,,,Nenad Krstic,,Serge Ibaka,,,,,,,,,,,,
Jeff Green,Kevin Durant,Nenad Krstic,Russell Westbrook,Thabo Sefolosha,Chuck Hayes,Kyle Lowry,Luis Scola,Shane Battier,Trevor Ariza,2,4:42,OKC,shot,,,,,,,,,,Jeff Green,2,,,made,,hook,29,13
Jeff Green,Kevin Durant,Nenad Krstic,Russell Westbrook,Thabo Sefolosha,Chuck Hayes,Kyle Lowry,Luis Scola,Shane Battier,Trevor Ariza,2,4:30,OKC,foul,,,,,,,,Luis Scola,,Jeff Green,,,,,,personal,,
Jeff Green,Kevin Durant,Nenad Krstic,Russell Westbrook,Thabo Sefolosha,Chuck Hayes,Kyle Lowry,Luis Scola,Shane Battier,Trevor Ariza,2,4:24,HOU,shot,,,,,,,,,,Kyle Lowry,,,,missed,,3pt,45,21
Jeff Green,Kevin Durant,Nenad Krstic,Russell Westbrook,Thabo Sefolosha,Chuck Hayes,Kyle Lowry,Luis Scola,Shane Battier,Trevor Ariza,2,4:22,HOU,rebound,,,,,,,,,,Chuck Hayes,,,,,,off,,
Jeff Green,Kevin Durant,Nenad Krstic,Russell Westbrook,Thabo Sefolosha,Chuck Hayes,Kyle Lowry,Luis Scola,Shane Battier,Trevor Ariza,2,4:20,HOU,shot,Chuck Hayes,,,,,,,,,Trevor Ariza,3,,,made,,3pt,19,31
Jeff Green,Kevin Durant,Nenad Krstic,Russell Westbrook,Thabo Sefolosha,Chuck Hayes,Kyle Lowry,Luis Scola,Shane Battier,Trevor Ariza,2,4:20,OKC,foul,,,,,,,,Trevor Ariza,,Thabo Sefolosha,,,,,,shooting,,
Jeff Green,Kevin Durant,Nenad Krstic,Russell Westbrook,Thabo Sefolosha,Chuck Hayes,Kyle Lowry,Luis Scola,Shane Battier,Trevor Ariza,2,4:20,HOU,free throw,,,,,,,1,,1,Trevor Ariza,,,foul,missed,,,,
Jeff Green,Kevin Durant,Nenad Krstic,Russell Westbrook,Thabo Sefolosha,Chuck Hayes,Kyle Lowry,Luis Scola,Shane Battier,Trevor Ariza,2,4:19,HOU,rebound,,,,,,,,,,Luis Scola,,,,,,off,,
Jeff Green,Kevin Durant,Nenad Krstic,Russell Westbrook,Thabo Sefolosha,Chuck Hayes,Kyle Lowry,Luis Scola,Shane Battier,Trevor Ariza,2,4:17,HOU,shot,,,,,,,,,,Luis Scola,2,,,made,,layup,25,6
Jeff Green,Kevin Durant,Nenad Krstic,Russell Westbrook,Thabo Sefolosha,Chuck Hayes,Kyle Lowry,Luis Scola,Shane Battier,Trevor Ariza,2,3:57,OKC,shot,,,,,,,,,,Thabo Sefolosha,,,,missed,,layup,25,6
Jeff Green,Kevin Durant,Nenad Krstic,Russell Westbrook,Thabo Sefolosha,Chuck Hayes,Kyle Lowry,Luis Scola,Shane Battier,Trevor Ariza,2,3:55,HOU,rebound,,,,,,,,,,Trevor Ariza,,,,,,def,,
Jeff Green,Kevin Durant,Nenad Krstic,Russell Westbrook,Thabo Sefolosha,Chuck Hayes,Kyle Lowry,Luis Scola,Shane Battier,Trevor Ariza,2,3:36,HOU,shot,,,,,,,,,,Chuck Hayes,2,,,made,,hook,25,14
Jeff Green,Kevin Durant,Nenad Krstic,Russell Westbrook,Thabo Sefolosha,Chuck Hayes,Kyle Lowry,Luis Scola,Shane Battier,Trevor Ariza,2,3:19,OKC,shot,,,,,,,,,,Kevin Durant,,,,missed,,jump,36,22
Jeff Green,Kevin Durant,Nenad Krstic,Russell Westbrook,Thabo Sefolosha,Chuck Hayes,Kyle Lowry,Luis Scola,Shane Battier,Trevor Ariza,2,3:18,HOU,rebound,,,,,,,,,,Chuck Hayes,,,,,,def,,
Jeff Green,Kevin Durant,Nenad Krstic,Russell Westbrook,Thabo Sefolosha,Chuck Hayes,Kyle Lowry,Luis Scola,Shane Battier,Trevor Ariza,2,3:13,HOU,foul,,,,,,,,Thabo Sefolosha,,Shane Battier,,,,,,offensive,,
Jeff Green,Kevin Durant,Nenad Krstic,Russell Westbrook,Thabo Sefolosha,Chuck Hayes,Kyle Lowry,Luis Scola,Shane Battier,Trevor Ariza,2,3:13,HOU,turnover,,,,,,,,,,Shane Battier,,,foul,,,,,
Jeff Green,Kevin Durant,Nenad Krstic,Russell Westbrook,Thabo Sefolosha,Chuck Hayes,Kyle Lowry,Luis Scola,Shane Battier,Trevor Ariza,2,2:48,OKC,shot,,,,,,,,,,Jeff Green,,,,missed,,jump,24,15
Jeff Green,Kevin Durant,Nenad Krstic,Russell Westbrook,Thabo Sefolosha,Chuck Hayes,Kyle Lowry,Luis Scola,Shane Battier,Trevor Ariza,2,2:47,HOU,rebound,,,,,,,,,,Chuck Hayes,,,,,,def,,
Jeff Green,Kevin Durant,Nenad Krstic,Russell Westbrook,Thabo Sefolosha,Chuck Hayes,Kyle Lowry,Luis Scola,Shane Battier,Trevor Ariza,2,2:32,OKC,foul,,,,,,,,,,Nenad Krstic,,,,,,defense 3 second,,
Jeff Green,Kevin Durant,Nenad Krstic,Russell Westbrook,Thabo Sefolosha,Chuck Hayes,Kyle Lowry,Luis Scola,Shane Battier,Trevor Ariza,2,2:32,HOU,free throw,,,,,,,1,,1,Kyle Lowry,,,technical,made,,,,
James Harden,Jeff Green,Kevin Durant,Nenad Krstic,Russell Westbrook,Chuck Hayes,Kyle Lowry,Luis Scola,Shane Battier,Trevor Ariza,2,2:32,OKC,sub,,,,James Harden,,Thabo Sefolosha,,,,,,,,,,,,
James Harden,Jeff Green,Kevin Durant,Nenad Krstic,Russell Westbrook,Chuck Hayes,Kyle Lowry,Luis Scola,Shane Battier,Trevor Ariza,2,2:19,OKC,foul,,,,,,,,Luis Scola,,James Harden,,,,,,shooting,,
James Harden,Jeff Green,Kevin Durant,Nenad Krstic,Russell Westbrook,Chuck Hayes,Kyle Lowry,Luis Scola,Shane Battier,Trevor Ariza,2,2:19,HOU,free throw,,,,,,,1,,2,Luis Scola,,,foul,made,,,,
James Harden,Jeff Green,Kevin Durant,Nenad Krstic,Russell Westbrook,Chuck Hayes,Kyle Lowry,Luis Scola,Shane Battier,Trevor Ariza,2,2:19,HOU,free throw,,,,,,,2,,2,Luis Scola,,,foul,missed,,,,
James Harden,Jeff Green,Kevin Durant,Nenad Krstic,Russell Westbrook,Chuck Hayes,Kyle Lowry,Luis Scola,Shane Battier,Trevor Ariza,2,2:19,OKC,rebound,,,,,,,,,,Kevin Durant,,,,,,def,,
James Harden,Jeff Green,Kevin Durant,Nenad Krstic,Russell Westbrook,Chuck Hayes,Kyle Lowry,Luis Scola,Shane Battier,Trevor Ariza,2,2:13,OKC,timeout,,,,,,,,,,,,,,,,short,,
James Harden,Jeff Green,Kevin Durant,Nenad Krstic,Russell Westbrook,Chuck Hayes,Kyle Lowry,Luis Scola,Shane Battier,Trevor Ariza,2,1:59,OKC,shot,,,,,,,,,,Jeff Green,2,,,made,,driving layup,25,6
James Harden,Jeff Green,Kevin Durant,Nenad Krstic,Russell Westbrook,Chuck Hayes,Kyle Lowry,Luis Scola,Shane Battier,Trevor Ariza,2,1:39,HOU,shot,,,,,,,,,,Chuck Hayes,,,,missed,,dunk,25,6
James Harden,Jeff Green,Kevin Durant,Nenad Krstic,Russell Westbrook,Chuck Hayes,Kyle Lowry,Luis Scola,Shane Battier,Trevor Ariza,2,1:37,OKC,rebound,,,,,,,,,,Russell Westbrook,,,,,,def,,
James Harden,Jeff Green,Kevin Durant,Nenad Krstic,Russell Westbrook,Chuck Hayes,Kyle Lowry,Luis Scola,Shane Battier,Trevor Ariza,2,1:30,OKC,shot,,,,,,,,,,Russell Westbrook,,,,missed,,driving layup,25,6
James Harden,Jeff Green,Kevin Durant,Nenad Krstic,Russell Westbrook,Chuck Hayes,Kyle Lowry,Luis Scola,Shane Battier,Trevor Ariza,2,1:28,HOU,rebound,,,,,,,,,,Chuck Hayes,,,,,,def,,
James Harden,Jeff Green,Kevin Durant,Nenad Krstic,Russell Westbrook,Chuck Hayes,Kyle Lowry,Luis Scola,Shane Battier,Trevor Ariza,2,1:22,HOU,shot,Kyle Lowry,,,,,,,,,Trevor Ariza,3,,,made,,3pt,11,27
James Harden,Jeff Green,Kevin Durant,Nenad Krstic,Russell Westbrook,Chuck Hayes,Kyle Lowry,Luis Scola,Shane Battier,Trevor Ariza,2,1:07,HOU,foul,,,,,,,,James Harden,,Trevor Ariza,,,,,,personal,,
James Harden,Jeff Green,Kevin Durant,Nenad Krstic,Russell Westbrook,Aaron Brooks,Chuck Hayes,Kyle Lowry,Shane Battier,Trevor Ariza,2,1:07,HOU,sub,,,,Aaron Brooks,,Luis Scola,,,,,,,,,,,,
James Harden,Jeff Green,Kevin Durant,Nenad Krstic,Russell Westbrook,Aaron Brooks,Chuck Hayes,Kyle Lowry,Shane Battier,Trevor Ariza,2,1:02,OKC,shot,,,,,,,,,,Kevin Durant,,,,missed,,3pt,44,25
James Harden,Jeff Green,Kevin Durant,Nenad Krstic,Russell Westbrook,Aaron Brooks,Chuck Hayes,Kyle Lowry,Shane Battier,Trevor Ariza,2,1:01,HOU,rebound,,,,,,,,,,Kyle Lowry,,,,,,def,,
James Harden,Jeff Green,Kevin Durant,Nenad Krstic,Russell Westbrook,Aaron Brooks,Chuck Hayes,Kyle Lowry,Shane Battier,Trevor Ariza,2,0:43,HOU,shot,Trevor Ariza,,,,,,,,,Chuck Hayes,2,,,made,,layup,25,6
James Harden,Jeff Green,Kevin Durant,Nenad Krstic,Russell Westbrook,Aaron Brooks,Chuck Hayes,Kyle Lowry,Shane Battier,Trevor Ariza,2,0:29,OKC,shot,Russell Westbrook,,,,,,,,,Nenad Krstic,2,,,made,,jump,25,26
James Harden,Jeff Green,Kevin Durant,Nenad Krstic,Russell Westbrook,Aaron Brooks,Chuck Hayes,Kyle Lowry,Shane Battier,Trevor Ariza,2,0:09,HOU,shot,,,,,,,,,,Trevor Ariza,,,,missed,,3pt,39,28
James Harden,Jeff Green,Kevin Durant,Nenad Krstic,Russell Westbrook,Aaron Brooks,Chuck Hayes,Kyle Lowry,Shane Battier,Trevor Ariza,2,0:07,HOU,rebound,,,,,,,,,,Chuck Hayes,,,,,,off,,
James Harden,Jeff Green,Kevin Durant,Nenad Krstic,Russell Westbrook,Aaron Brooks,Chuck Hayes,Kyle Lowry,Shane Battier,Trevor Ariza,2,0:00,HOU,shot,,,,,,,,,,Aaron Brooks,,,,missed,,3pt,31,30
James Harden,Jeff Green,Kevin Durant,Nenad Krstic,Russell Westbrook,Aaron Brooks,Chuck Hayes,Kyle Lowry,Shane Battier,Trevor Ariza,2,0:00,HOU,rebound,,,,,,,,,,,,,,,,,,
Jeff Green,Kevin Durant,Nenad Krstic,Russell Westbrook,Thabo Sefolosha,Aaron Brooks,Chuck Hayes,Luis Scola,Shane Battier,Trevor Ariza,3,11:45,HOU,shot,,,,,,,,,,Trevor Ariza,,,,missed,,layup,25,6
Jeff Green,Kevin Durant,Nenad Krstic,Russell Westbrook,Thabo Sefolosha,Aaron Brooks,Chuck Hayes,Luis Scola,Shane Battier,Trevor Ariza,3,11:44,HOU,rebound,,,,,,,,,,,,,,,,,,
Jeff Green,Kevin Durant,Nenad Krstic,Russell Westbrook,Thabo Sefolosha,Aaron Brooks,Chuck Hayes,Luis Scola,Shane Battier,Trevor Ariza,3,11:22,HOU,shot,,,,,,,,,,Aaron Brooks,,,,missed,,step back jump,10,21
Jeff Green,Kevin Durant,Nenad Krstic,Russell Westbrook,Thabo Sefolosha,Aaron Brooks,Chuck Hayes,Luis Scola,Shane Battier,Trevor Ariza,3,11:21,OKC,rebound,,,,,,,,,,Thabo Sefolosha,,,,,,def,,
Jeff Green,Kevin Durant,Nenad Krstic,Russell Westbrook,Thabo Sefolosha,Aaron Brooks,Chuck Hayes,Luis Scola,Shane Battier,Trevor Ariza,3,10:57,OKC,turnover,,,,,,,,,,,,,shot clock turnover,,,,,
Jeff Green,Kevin Durant,Nenad Krstic,Russell Westbrook,Thabo Sefolosha,Aaron Brooks,Chuck Hayes,Luis Scola,Shane Battier,Trevor Ariza,3,10:35,HOU,turnover,,,,,,,,,,Shane Battier,,,bad pass,,Thabo Sefolosha,,,
Jeff Green,Kevin Durant,Nenad Krstic,Russell Westbrook,Thabo Sefolosha,Aaron Brooks,Chuck Hayes,Luis Scola,Shane Battier,Trevor Ariza,3,10:31,HOU,foul,,,,,,,,Russell Westbrook,,Aaron Brooks,,,,,,shooting,,
Jeff Green,Kevin Durant,Nenad Krstic,Russell Westbrook,Thabo Sefolosha,Aaron Brooks,Chuck Hayes,Luis Scola,Shane Battier,Trevor Ariza,3,10:31,OKC,free throw,,,,,,,1,,2,Russell Westbrook,,,foul,made,,,,
Jeff Green,Kevin Durant,Nenad Krstic,Russell Westbrook,Thabo Sefolosha,Aaron Brooks,Chuck Hayes,Luis Scola,Shane Battier,Trevor Ariza,3,10:31,OKC,free throw,,,,,,,2,,2,Russell Westbrook,,,foul,missed,,,,
Jeff Green,Kevin Durant,Nenad Krstic,Russell Westbrook,Thabo Sefolosha,Aaron Brooks,Chuck Hayes,Luis Scola,Shane Battier,Trevor Ariza,3,10:31,HOU,rebound,,,,,,,,,,Chuck Hayes,,,,,,def,,
Jeff Green,Kevin Durant,Nenad Krstic,Russell Westbrook,Thabo Sefolosha,Aaron Brooks,Chuck Hayes,Luis Scola,Shane Battier,Trevor Ariza,3,10:07,HOU,shot,,,,,,,,,,Luis Scola,,,,missed,,jump,18,16
Jeff Green,Kevin Durant,Nenad Krstic,Russell Westbrook,Thabo Sefolosha,Aaron Brooks,Chuck Hayes,Luis Scola,Shane Battier,Trevor Ariza,3,10:06,OKC,rebound,,,,,,,,,,Thabo Sefolosha,,,,,,def,,
Jeff Green,Kevin Durant,Nenad Krstic,Russell Westbrook,Thabo Sefolosha,Aaron Brooks,Chuck Hayes,Luis Scola,Shane Battier,Trevor Ariza,3,10:06,OKC,turnover,,,,,,,,,,Thabo Sefolosha,,,out of bounds lost ball turnover,,,,,
Jeff Green,Kevin Durant,Nenad Krstic,Russell Westbrook,Thabo Sefolosha,Aaron Brooks,Chuck Hayes,Luis Scola,Shane Battier,Trevor Ariza,3,9:57,HOU,shot,Trevor Ariza,,,,,,,,,Luis Scola,2,,,made,,jump,21,24
Jeff Green,Kevin Durant,Nenad Krstic,Russell Westbrook,Thabo Sefolosha,Aaron Brooks,Chuck Hayes,Luis Scola,Shane Battier,Trevor Ariza,3,9:43,OKC,shot,,,,,,,,,,Kevin Durant,,,,missed,,pullup jump,41,10
Jeff Green,Kevin Durant,Nenad Krstic,Russell Westbrook,Thabo Sefolosha,Aaron Brooks,Chuck Hayes,Luis Scola,Shane Battier,Trevor Ariza,3,9:41,HOU,rebound,,,,,,,,,,Shane Battier,,,,,,def,,
Jeff Green,Kevin Durant,Nenad Krstic,Russell Westbrook,Thabo Sefolosha,Aaron Brooks,Chuck Hayes,Luis Scola,Shane Battier,Trevor Ariza,3,9:26,HOU,shot,,,,,,,,,,Trevor Ariza,2,,,made,,layup,25,6
Jeff Green,Kevin Durant,Nenad Krstic,Russell Westbrook,Thabo Sefolosha,Aaron Brooks,Chuck Hayes,Luis Scola,Shane Battier,Trevor Ariza,3,9:07,OKC,foul,,,,,,,,Chuck Hayes,,Russell Westbrook,,,,,,offensive,,
Jeff Green,Kevin Durant,Nenad Krstic,Russell Westbrook,Thabo Sefolosha,Aaron Brooks,Chuck Hayes,Luis Scola,Shane Battier,Trevor Ariza,3,9:07,OKC,turnover,,,,,,,,,,Russell Westbrook,,,foul,,,,,
Jeff Green,Kevin Durant,Nenad Krstic,Russell Westbrook,Thabo Sefolosha,Aaron Brooks,Chuck Hayes,Luis Scola,Shane Battier,Trevor Ariza,3,8:47,HOU,turnover,,,,,,,,,,Aaron Brooks,,,bad pass,,Kevin Durant,,,
Jeff Green,Kevin Durant,Nenad Krstic,Russell Westbrook,Thabo Sefolosha,Aaron Brooks,Chuck Hayes,Luis Scola,Shane Battier,Trevor Ariza,3,8:42,OKC,shot,,,,,,,,,,Kevin Durant,,,,missed,,layup,25,6
Jeff Green,Kevin Durant,Nenad Krstic,Russell Westbrook,Thabo Sefolosha,Aaron Brooks,Chuck Hayes,Luis Scola,Shane Battier,Trevor Ariza,3,8:41,HOU,rebound,,,,,,,,,,Luis Scola,,,,,,def,,
Jeff Green,Kevin Durant,Nenad Krstic,Russell Westbrook,Thabo Sefolosha,Aaron Brooks,Chuck Hayes,Luis Scola,Shane Battier,Trevor Ariza,3,8:34,HOU,shot,Aaron Brooks,,,,,,,,,Shane Battier,2,,,made,,alley oop layup,25,6
Jeff Green,Kevin Durant,Nenad Krstic,Russell Westbrook,Thabo Sefolosha,Aaron Brooks,Chuck Hayes,Luis Scola,Shane Battier,Trevor Ariza,3,8:33,OKC,timeout,,,,,,,,,,,,,,,,regular,,
Jeff Green,Kevin Durant,Nenad Krstic,Russell Westbrook,Thabo Sefolosha,Aaron Brooks,Chuck Hayes,Luis Scola,Shane Battier,Trevor Ariza,3,8:17,OKC,shot,,,,,,,,,,Nenad Krstic,,,,missed,,jump,15,19
Jeff Green,Kevin Durant,Nenad Krstic,Russell Westbrook,Thabo Sefolosha,Aaron Brooks,Chuck Hayes,Luis Scola,Shane Battier,Trevor Ariza,3,8:16,HOU,rebound,,,,,,,,,,Trevor Ariza,,,,,,def,,
Jeff Green,Kevin Durant,Nenad Krstic,Russell Westbrook,Thabo Sefolosha,Aaron Brooks,Chuck Hayes,Luis Scola,Shane Battier,Trevor Ariza,3,7:52,HOU,shot,,,,,,,,,,Aaron Brooks,,,,missed,,3pt,44,24
Jeff Green,Kevin Durant,Nenad Krstic,Russell Westbrook,Thabo Sefolosha,Aaron Brooks,Chuck Hayes,Luis Scola,Shane Battier,Trevor Ariza,3,7:50,HOU,rebound,,,,,,,,,,Luis Scola,,,,,,off,,
Jeff Green,Kevin Durant,Nenad Krstic,Russell Westbrook,Thabo Sefolosha,Aaron Brooks,Chuck Hayes,Luis Scola,Shane Battier,Trevor Ariza,3,7:48,HOU,shot,,,,,,,,,,Luis Scola,,,,missed,,layup,25,6
Jeff Green,Kevin Durant,Nenad Krstic,Russell Westbrook,Thabo Sefolosha,Aaron Brooks,Chuck Hayes,Luis Scola,Shane Battier,Trevor Ariza,3,7:48,HOU,rebound,,,,,,,,,,Luis Scola,,,,,,off,,
Jeff Green,Kevin Durant,Nenad Krstic,Russell Westbrook,Thabo Sefolosha,Aaron Brooks,Chuck Hayes,Luis Scola,Shane Battier,Trevor Ariza,3,7:47,HOU,shot,,,,,,,,,,Luis Scola,2,,,made,,layup,25,6
Jeff Green,Kevin Durant,Nenad Krstic,Russell Westbrook,Thabo Sefolosha,Aaron Brooks,Chuck Hayes,Luis Scola,Shane Battier,Trevor Ariza,3,7:29,OKC,shot,Jeff Green,,,,,,,,,Russell Westbrook,2,,,made,,layup,25,6
Jeff Green,Kevin Durant,Nenad Krstic,Russell Westbrook,Thabo Sefolosha,Aaron Brooks,Chuck Hayes,Luis Scola,Shane Battier,Trevor Ariza,3,7:10,HOU,shot,Chuck Hayes,,,,,,,,,Shane Battier,2,,,made,,layup,25,6
Jeff Green,Kevin Durant,Nenad Krstic,Russell Westbrook,Thabo Sefolosha,Aaron Brooks,Chuck Hayes,Luis Scola,Shane Battier,Trevor Ariza,3,6:57,OKC,shot,,,,,,,,,,Kevin Durant,,,,missed,,3pt,40,27
Jeff Green,Kevin Durant,Nenad Krstic,Russell Westbrook,Thabo Sefolosha,Aaron Brooks,Chuck Hayes,Luis Scola,Shane Battier,Trevor Ariza,3,6:56,HOU,rebound,,,,,,,,,,Trevor Ariza,,,,,,def,,
Jeff Green,Kevin Durant,Nenad Krstic,Russell Westbrook,Thabo Sefolosha,Aaron Brooks,Chuck Hayes,Luis Scola,Shane Battier,Trevor Ariza,3,6:41,HOU,turnover,,,,,,,,,,Chuck Hayes,,,lost ball,,Russell Westbrook,,,
Jeff Green,Kevin Durant,Nenad Krstic,Russell Westbrook,Thabo Sefolosha,Aaron Brooks,Chuck Hayes,Luis Scola,Shane Battier,Trevor Ariza,3,6:38,HOU,foul,,,,,,,,Russell Westbrook,,Aaron Brooks,,,,,,shooting,,
Jeff Green,Nenad Krstic,Russell Westbrook,Serge Ibaka,Thabo Sefolosha,Aaron Brooks,Chuck Hayes,Luis Scola,Shane Battier,Trevor Ariza,3,6:38,OKC,sub,,,,Serge Ibaka,,Kevin Durant,,,,,,,,,,,,
James Harden,Jeff Green,Nenad Krstic,Russell Westbrook,Serge Ibaka,Aaron Brooks,Chuck Hayes,Luis Scola,Shane Battier,Trevor Ariza,3,6:38,OKC,sub,,,,James Harden,,Thabo Sefolosha,,,,,,,,,,,,
James Harden,Jeff Green,Nenad Krstic,Russell Westbrook,Serge Ibaka,Aaron Brooks,Chuck Hayes,Luis Scola,Shane Battier,Trevor Ariza,3,6:38,OKC,free throw,,,,,,,1,,2,Russell Westbrook,,,foul,made,,,,
James Harden,Jeff Green,Nenad Krstic,Russell Westbrook,Serge Ibaka,Aaron Brooks,Chuck Hayes,Luis Scola,Shane Battier,Trevor Ariza,3,6:38,OKC,free throw,,,,,,,2,,2,Russell Westbrook,,,foul,made,,,,
James Harden,Jeff Green,Nenad Krstic,Russell Westbrook,Serge Ibaka,Aaron Brooks,Chuck Hayes,Luis Scola,Shane Battier,Trevor Ariza,3,6:22,HOU,shot,,,,,,,,,,Aaron Brooks,,,,missed,,running hook,20,14
James Harden,Jeff Green,Nenad Krstic,Russell Westbrook,Serge Ibaka,Aaron Brooks,Chuck Hayes,Luis Scola,Shane Battier,Trevor Ariza,3,6:20,OKC,rebound,,,,,,,,,,Serge Ibaka,,,,,,def,,
James Harden,Jeff Green,Nenad Krstic,Russell Westbrook,Serge Ibaka,Aaron Brooks,Chuck Hayes,Luis Scola,Shane Battier,Trevor Ariza,3,6:13,OKC,shot,,,,,,,,,,Russell Westbrook,,,,missed,,layup,25,6
James Harden,Jeff Green,Nenad Krstic,Russell Westbrook,Serge Ibaka,Aaron Brooks,Chuck Hayes,Luis Scola,Shane Battier,Trevor Ariza,3,6:12,HOU,rebound,,,,,,,,,,Chuck Hayes,,,,,,def,,
James Harden,Jeff Green,Nenad Krstic,Russell Westbrook,Serge Ibaka,Aaron Brooks,Chuck Hayes,Luis Scola,Shane Battier,Trevor Ariza,3,6:09,OKC,foul,,,,,,,,Aaron Brooks,,Serge Ibaka,,,,,,personal,,
James Harden,Jeff Green,Nenad Krstic,Russell Westbrook,Serge Ibaka,Aaron Brooks,Chuck Hayes,Luis Scola,Shane Battier,Trevor Ariza,3,6:01,HOU,shot,,,,,,,,,,Luis Scola,,,,missed,,hook,33,7
James Harden,Jeff Green,Nenad Krstic,Russell Westbrook,Serge Ibaka,Aaron Brooks,Chuck Hayes,Luis Scola,Shane Battier,Trevor Ariza,3,5:59,OKC,rebound,,,,,,,,,,,,,,,,,,
James Harden,Jeff Green,Nenad Krstic,Russell Westbrook,Serge Ibaka,Aaron Brooks,Chuck Hayes,Luis Scola,Shane Battier,Trevor Ariza,3,5:46,OKC,shot,Nenad Krstic,,,,,,,,,Serge Ibaka,2,,,made,,turnaround jump,28,13
James Harden,Jeff Green,Nenad Krstic,Russell Westbrook,Serge Ibaka,Aaron Brooks,Chuck Hayes,Luis Scola,Shane Battier,Trevor Ariza,3,5:28,HOU,shot,,,,,,,,,,Aaron Brooks,,,,missed,,jump,21,15
James Harden,Jeff Green,Nenad Krstic,Russell Westbrook,Serge Ibaka,Aaron Brooks,Chuck Hayes,Luis Scola,Shane Battier,Trevor Ariza,3,5:27,OKC,rebound,,,,,,,,,,Serge Ibaka,,,,,,def,,
James Harden,Jeff Green,Nenad Krstic,Russell Westbrook,Serge Ibaka,Aaron Brooks,Chuck Hayes,Luis Scola,Shane Battier,Trevor Ariza,3,5:16,OKC,shot,,,,,,,,,,Russell Westbrook,,,,missed,,3pt,48,15
James Harden,Jeff Green,Nenad Krstic,Russell Westbrook,Serge Ibaka,Aaron Brooks,Chuck Hayes,Luis Scola,Shane Battier,Trevor Ariza,3,5:15,HOU,rebound,,,,,,,,,,Luis Scola,,,,,,def,,
James Harden,Jeff Green,Nenad Krstic,Russell Westbrook,Serge Ibaka,Aaron Brooks,Chuck Hayes,Luis Scola,Shane Battier,Trevor Ariza,3,4:54,HOU,shot,Trevor Ariza,,,,,,,,,Chuck Hayes,2,,,made,,layup,25,6
James Harden,Jeff Green,Nenad Krstic,Russell Westbrook,Serge Ibaka,Aaron Brooks,Chuck Hayes,Luis Scola,Shane Battier,Trevor Ariza,3,4:35,OKC,shot,,,,,,,,,,Jeff Green,2,,,made,,turnaround hook,17,8
James Harden,Jeff Green,Nenad Krstic,Russell Westbrook,Serge Ibaka,Aaron Brooks,Chuck Hayes,Luis Scola,Shane Battier,Trevor Ariza,3,4:21,HOU,shot,,,,,,,,,,Trevor Ariza,,,,missed,,3pt,2,11
James Harden,Jeff Green,Nenad Krstic,Russell Westbrook,Serge Ibaka,Aaron Brooks,Chuck Hayes,Luis Scola,Shane Battier,Trevor Ariza,3,4:20,HOU,rebound,,,,,,,,,,Chuck Hayes,,,,,,off,,
James Harden,Jeff Green,Nenad Krstic,Russell Westbrook,Serge Ibaka,Aaron Brooks,Chuck Hayes,Luis Scola,Shane Battier,Trevor Ariza,3,4:18,OKC,foul,,,,,,,,Trevor Ariza,,James Harden,,,,,,shooting,,
James Harden,Jeff Green,Nenad Krstic,Russell Westbrook,Serge Ibaka,Aaron Brooks,Chuck Hayes,Luis Scola,Shane Battier,Trevor Ariza,3,4:18,HOU,free throw,,,,,,,1,,2,Trevor Ariza,,,foul,made,,,,
James Harden,Jeff Green,Nenad Krstic,Russell Westbrook,Serge Ibaka,Aaron Brooks,Chuck Hayes,Luis Scola,Shane Battier,Trevor Ariza,3,4:18,HOU,free throw,,,,,,,2,,2,Trevor Ariza,,,foul,made,,,,
James Harden,Jeff Green,Nenad Krstic,Russell Westbrook,Serge Ibaka,Aaron Brooks,Chuck Hayes,Luis Scola,Shane Battier,Trevor Ariza,3,4:07,OKC,shot,,,,,,,,,,Jeff Green,,,,missed,,3pt,48,10
James Harden,Jeff Green,Nenad Krstic,Russell Westbrook,Serge Ibaka,Aaron Brooks,Chuck Hayes,Luis Scola,Shane Battier,Trevor Ariza,3,4:06,HOU,rebound,,,,,,,,,,Trevor Ariza,,,,,,def,,
James Harden,Jeff Green,Nenad Krstic,Russell Westbrook,Serge Ibaka,Aaron Brooks,Chuck Hayes,Luis Scola,Shane Battier,Trevor Ariza,3,3:53,HOU,shot,,,,,,,,,,Luis Scola,2,,,made,,turnaround hook,23,14
James Harden,Jeff Green,Nenad Krstic,Russell Westbrook,Serge Ibaka,Aaron Brooks,Chuck Hayes,Luis Scola,Shane Battier,Trevor Ariza,3,3:39,OKC,shot,,,,,,,,,,James Harden,,,,missed,,3pt,2,15
James Harden,Jeff Green,Nenad Krstic,Russell Westbrook,Serge Ibaka,Aaron Brooks,Chuck Hayes,Luis Scola,Shane Battier,Trevor Ariza,3,3:38,OKC,rebound,,,,,,,,,,Russell Westbrook,,,,,,off,,
James Harden,Jeff Green,Nenad Krstic,Russell Westbrook,Serge Ibaka,Aaron Brooks,Chuck Hayes,Luis Scola,Shane Battier,Trevor Ariza,3,3:36,OKC,shot,,,,,,,,,,Russell Westbrook,2,,,made,,layup,25,6
James Harden,Jeff Green,Nenad Krstic,Russell Westbrook,Serge Ibaka,Aaron Brooks,Chuck Hayes,Luis Scola,Shane Battier,Trevor Ariza,3,3:24,OKC,foul,,,,,,,,Luis Scola,,Nenad Krstic,,,,,,shooting,,
James Harden,Jeff Green,Nick Collison,Russell Westbrook,Serge Ibaka,Aaron Brooks,Chuck Hayes,Luis Scola,Shane Battier,Trevor Ariza,3,3:24,OKC,sub,,,,Nick Collison,,Nenad Krstic,,,,,,,,,,,,
James Harden,Jeff Green,Nick Collison,Russell Westbrook,Serge Ibaka,Aaron Brooks,Chuck Hayes,Luis Scola,Shane Battier,Trevor Ariza,3,3:24,HOU,free throw,,,,,,,1,,2,Luis Scola,,,foul,missed,,,,
James Harden,Jeff Green,Nick Collison,Russell Westbrook,Serge Ibaka,Aaron Brooks,Chuck Hayes,Luis Scola,Shane Battier,Trevor Ariza,3,3:24,HOU,rebound,,,,,,,,,,,,,,,,,,
James Harden,Jeff Green,Nick Collison,Russell Westbrook,Serge Ibaka,Chuck Hayes,Kyle Lowry,Luis Scola,Shane Battier,Trevor Ariza,3,3:24,HOU,sub,,,,Kyle Lowry,,Aaron Brooks,,,,,,,,,,,,
James Harden,Jeff Green,Nick Collison,Russell Westbrook,Serge Ibaka,Chuck Hayes,Kyle Lowry,Luis Scola,Shane Battier,Trevor Ariza,3,3:24,HOU,free throw,,,,,,,2,,2,Luis Scola,,,foul,made,,,,
James Harden,Jeff Green,Nick Collison,Russell Westbrook,Serge Ibaka,Chuck Hayes,Kyle Lowry,Luis Scola,Shane Battier,Trevor Ariza,3,3:10,OKC,shot,,,,,,,,,,Jeff Green,2,,,made,,hook,32,12
James Harden,Jeff Green,Nick Collison,Russell Westbrook,Serge Ibaka,Chuck Hayes,Kyle Lowry,Luis Scola,Shane Battier,Trevor Ariza,3,2:54,HOU,turnover,,,,,,,,,,Kyle Lowry,,,discontinue dribble,,,,,
James Harden,Jeff Green,Nick Collison,Russell Westbrook,Serge Ibaka,Chuck Hayes,Kyle Lowry,Luis Scola,Shane Battier,Trevor Ariza,3,2:54,HOU,timeout,,,,,,,,,,,,,,,,regular,,
James Harden,Jeff Green,Nick Collison,Russell Westbrook,Serge Ibaka,Chuck Hayes,Kyle Lowry,Luis Scola,Shane Battier,Trevor Ariza,3,2:46,HOU,foul,,,,,,,,James Harden,,Chuck Hayes,,,,,,shooting,,
James Harden,Jeff Green,Nick Collison,Russell Westbrook,Serge Ibaka,Chuck Hayes,Kyle Lowry,Luis Scola,Shane Battier,Trevor Ariza,3,2:46,OKC,free throw,,,,,,,1,,2,James Harden,,,foul,made,,,,
James Harden,Jeff Green,Nick Collison,Russell Westbrook,Serge Ibaka,Chuck Hayes,Kyle Lowry,Luis Scola,Shane Battier,Trevor Ariza,3,2:46,OKC,free throw,,,,,,,2,,2,James Harden,,,foul,made,,,,
James Harden,Jeff Green,Nick Collison,Russell Westbrook,Serge Ibaka,Chuck Hayes,Kyle Lowry,Luis Scola,Shane Battier,Trevor Ariza,3,2:24,HOU,shot,,,,,,,,,,Luis Scola,,,,missed,,jump,33,25
James Harden,Jeff Green,Nick Collison,Russell Westbrook,Serge Ibaka,Chuck Hayes,Kyle Lowry,Luis Scola,Shane Battier,Trevor Ariza,3,2:22,OKC,rebound,,,,,,,,,,Serge Ibaka,,,,,,def,,
James Harden,Jeff Green,Nick Collison,Russell Westbrook,Serge Ibaka,Chuck Hayes,Kyle Lowry,Luis Scola,Shane Battier,Trevor Ariza,3,2:02,OKC,shot,,,,,,,,,,Nick Collison,2,,,made,,layup,25,6
James Harden,Jeff Green,Nick Collison,Russell Westbrook,Serge Ibaka,Chuck Hayes,Kyle Lowry,Luis Scola,Shane Battier,Trevor Ariza,3,1:44,HOU,shot,,,,,,,,,,Kyle Lowry,2,,,made,,pullup jump,32,21
James Harden,Jeff Green,Nick Collison,Russell Westbrook,Serge Ibaka,Chuck Hayes,Kyle Lowry,Luis Scola,Shane Battier,Trevor Ariza,3,1:23,OKC,shot,Russell Westbrook,,,,,,,,,Jeff Green,3,,,made,,3pt,47,17
James Harden,Jeff Green,Nick Collison,Russell Westbrook,Serge Ibaka,Chuck Hayes,Kyle Lowry,Luis Scola,Shane Battier,Trevor Ariza,3,1:00,HOU,shot,Kyle Lowry,,,,,,,,,Shane Battier,3,,,made,,3pt,4,19
James Harden,Jeff Green,Nick Collison,Russell Westbrook,Serge Ibaka,Chuck Hayes,Kyle Lowry,Luis Scola,Shane Battier,Trevor Ariza,3,0:49,OKC,shot,,,,,,,,,,Jeff Green,2,,,made,,layup,25,6
James Harden,Jeff Green,Nick Collison,Russell Westbrook,Serge Ibaka,Chuck Hayes,Kyle Lowry,Luis Scola,Shane Battier,Trevor Ariza,3,0:49,OKC,foul,,,,,,,,Luis Scola,,Jeff Green,,,,,,loose ball,,
James Harden,Jeff Green,Nick Collison,Russell Westbrook,Serge Ibaka,Aaron Brooks,Chuck Hayes,Kyle Lowry,Luis Scola,Trevor Ariza,3,0:49,HOU,sub,,,,Aaron Brooks,,Shane Battier,,,,,,,,,,,,
James Harden,Jeff Green,Nick Collison,Russell Westbrook,Serge Ibaka,Aaron Brooks,Chuck Hayes,Kyle Lowry,Luis Scola,Trevor Ariza,3,0:33,HOU,shot,,,,,,,,,,Kyle Lowry,,,,missed,,3pt,6,24
James Harden,Jeff Green,Nick Collison,Russell Westbrook,Serge Ibaka,Aaron Brooks,Chuck Hayes,Kyle Lowry,Luis Scola,Trevor Ariza,3,0:31,HOU,rebound,,,,,,,,,,Trevor Ariza,,,,,,off,,
James Harden,Jeff Green,Nick Collison,Russell Westbrook,Serge Ibaka,Aaron Brooks,Chuck Hayes,Kyle Lowry,Luis Scola,Trevor Ariza,3,0:29,HOU,shot,,,,,,,,,,Trevor Ariza,,,,missed,,layup,25,6
James Harden,Jeff Green,Nick Collison,Russell Westbrook,Serge Ibaka,Aaron Brooks,Chuck Hayes,Kyle Lowry,Luis Scola,Trevor Ariza,3,0:28,OKC,rebound,,,,,,,,,,Jeff Green,,,,,,def,,
James Harden,Jeff Green,Nick Collison,Russell Westbrook,Serge Ibaka,Aaron Brooks,Chuck Hayes,Kyle Lowry,Luis Scola,Trevor Ariza,3,0:23,OKC,shot,,,,,,,,,,James Harden,2,,,made,,layup,25,6
James Harden,Jeff Green,Nick Collison,Russell Westbrook,Serge Ibaka,Aaron Brooks,Chuck Hayes,Kyle Lowry,Luis Scola,Trevor Ariza,3,0:23,HOU,foul,,,,,,,,James Harden,,Kyle Lowry,,,,,,shooting,,
James Harden,Jeff Green,Nick Collison,Russell Westbrook,Serge Ibaka,Aaron Brooks,Chuck Hayes,Kyle Lowry,Luis Scola,Trevor Ariza,3,0:23,OKC,free throw,,,,,,,1,,1,James Harden,,,foul,made,,,,
James Harden,Jeff Green,Nick Collison,Russell Westbrook,Serge Ibaka,Aaron Brooks,Chuck Hayes,Kyle Lowry,Luis Scola,Trevor Ariza,3,0:02,HOU,shot,,,,,,,,,,Aaron Brooks,2,,,made,,step back jump,21,25
James Harden,Kevin Durant,Nick Collison,Russell Westbrook,Serge Ibaka,Aaron Brooks,David Andersen,Kyle Lowry,Luis Scola,Trevor Ariza,4,11:53,OKC,foul,,,,,,,,Kyle Lowry,,Nick Collison,,,,,,offensive,,
James Harden,Kevin Durant,Nick Collison,Russell Westbrook,Serge Ibaka,Aaron Brooks,David Andersen,Kyle Lowry,Luis Scola,Trevor Ariza,4,11:53,OKC,turnover,,,,,,,,,,Nick Collison,,,foul,,,,,
James Harden,Kevin Durant,Nick Collison,Russell Westbrook,Serge Ibaka,Aaron Brooks,David Andersen,Kyle Lowry,Luis Scola,Trevor Ariza,4,11:33,HOU,shot,,,,,,,,,,Aaron Brooks,2,,,made,,running jump,35,10
James Harden,Kevin Durant,Nick Collison,Russell Westbrook,Serge Ibaka,Aaron Brooks,David Andersen,Kyle Lowry,Luis Scola,Trevor Ariza,4,11:09,OKC,shot,Kevin Durant,,,,,,,,,Serge Ibaka,2,,,made,,jump,23,14
James Harden,Kevin Durant,Nick Collison,Russell Westbrook,Serge Ibaka,Aaron Brooks,David Andersen,Kyle Lowry,Luis Scola,Trevor Ariza,4,10:49,HOU,shot,,,,,,,,,,Aaron Brooks,,,,missed,,3pt,38,28
James Harden,Kevin Durant,Nick Collison,Russell Westbrook,Serge Ibaka,Aaron Brooks,David Andersen,Kyle Lowry,Luis Scola,Trevor Ariza,4,10:48,OKC,rebound,,,,,,,,,,Nick Collison,,,,,,def,,
James Harden,Kevin Durant,Nick Collison,Russell Westbrook,Serge Ibaka,Aaron Brooks,David Andersen,Kyle Lowry,Luis Scola,Trevor Ariza,4,10:43,OKC,shot,Russell Westbrook,,,,,,,,,Serge Ibaka,2,,,made,,layup,25,6
James Harden,Kevin Durant,Nick Collison,Russell Westbrook,Serge Ibaka,Aaron Brooks,David Andersen,Kyle Lowry,Luis Scola,Trevor Ariza,4,10:25,HOU,shot,,,,,,,,,,Luis Scola,,,,missed,,jump,41,12
James Harden,Kevin Durant,Nick Collison,Russell Westbrook,Serge Ibaka,Aaron Brooks,David Andersen,Kyle Lowry,Luis Scola,Trevor Ariza,4,10:24,OKC,rebound,,,,,,,,,,Russell Westbrook,,,,,,def,,
James Harden,Kevin Durant,Nick Collison,Russell Westbrook,Serge Ibaka,Aaron Brooks,David Andersen,Kyle Lowry,Luis Scola,Trevor Ariza,4,10:23,HOU,foul,,,,,,,,Russell Westbrook,,Kyle Lowry,,,,,,loose ball,,
James Harden,Kevin Durant,Nick Collison,Russell Westbrook,Serge Ibaka,Aaron Brooks,David Andersen,Kyle Lowry,Luis Scola,Trevor Ariza,4,10:13,HOU,foul,,,,,,,,James Harden,,Aaron Brooks,,,,,,shooting,,
James Harden,Kevin Durant,Nick Collison,Russell Westbrook,Serge Ibaka,Aaron Brooks,David Andersen,Kyle Lowry,Luis Scola,Trevor Ariza,4,10:13,OKC,free throw,,,,,,,1,,2,James Harden,,,foul,made,,,,
James Harden,Kevin Durant,Nick Collison,Russell Westbrook,Serge Ibaka,Aaron Brooks,David Andersen,Kyle Lowry,Luis Scola,Trevor Ariza,4,10:13,OKC,free throw,,,,,,,2,,2,James Harden,,,foul,made,,,,
James Harden,Kevin Durant,Nick Collison,Russell Westbrook,Serge Ibaka,Aaron Brooks,David Andersen,Kyle Lowry,Luis Scola,Trevor Ariza,4,9:55,OKC,foul,,,,,,,,Kyle Lowry,,Kevin Durant,,,,,,personal,,
James Harden,Kevin Durant,Nick Collison,Russell Westbrook,Serge Ibaka,Aaron Brooks,David Andersen,Kyle Lowry,Luis Scola,Trevor Ariza,4,9:45,HOU,shot,,,,,,,,,,David Andersen,,,,missed,,3pt,13,28
James Harden,Kevin Durant,Nick Collison,Russell Westbrook,Serge Ibaka,Aaron Brooks,David Andersen,Kyle Lowry,Luis Scola,Trevor Ariza,4,9:44,OKC,rebound,,,,,,,,,,Russell Westbrook,,,,,,def,,
James Harden,Kevin Durant,Nick Collison,Russell Westbrook,Serge Ibaka,Aaron Brooks,David Andersen,Kyle Lowry,Luis Scola,Trevor Ariza,4,9:25,OKC,shot,,,,,,,,,,Russell Westbrook,,,,missed,,3pt,36,30
James Harden,Kevin Durant,Nick Collison,Russell Westbrook,Serge Ibaka,Aaron Brooks,David Andersen,Kyle Lowry,Luis Scola,Trevor Ariza,4,9:24,HOU,rebound,,,,,,,,,,Trevor Ariza,,,,,,def,,
James Harden,Kevin Durant,Nick Collison,Russell Westbrook,Serge Ibaka,Aaron Brooks,David Andersen,Kyle Lowry,Luis Scola,Trevor Ariza,4,9:13,OKC,foul,,,,,,,,Trevor Ariza,,Nick Collison,,,,,,shooting,,
James Harden,Kevin Durant,Nick Collison,Russell Westbrook,Serge Ibaka,David Andersen,Kyle Lowry,Luis Scola,Shane Battier,Trevor Ariza,4,9:13,HOU,sub,,,,Shane Battier,,Aaron Brooks,,,,,,,,,,,,
James Harden,Kevin Durant,Nick Collison,Russell Westbrook,Serge Ibaka,David Andersen,Kyle Lowry,Luis Scola,Shane Battier,Trevor Ariza,4,9:13,HOU,free throw,,,,,,,1,,2,Trevor Ariza,,,foul,missed,,,,
James Harden,Kevin Durant,Nick Collison,Russell Westbrook,Serge Ibaka,David Andersen,Kyle Lowry,Luis Scola,Shane Battier,Trevor Ariza,4,9:13,HOU,rebound,,,,,,,,,,,,,,,,,,
James Harden,Kevin Durant,Nick Collison,Russell Westbrook,Serge Ibaka,David Andersen,Kyle Lowry,Luis Scola,Shane Battier,Trevor Ariza,4,9:13,HOU,free throw,,,,,,,2,,2,Trevor Ariza,,,foul,missed,,,,
James Harden,Kevin Durant,Nick Collison,Russell Westbrook,Serge Ibaka,David Andersen,Kyle Lowry,Luis Scola,Shane Battier,Trevor Ariza,4,9:13,OKC,rebound,,,,,,,,,,Kevin Durant,,,,,,def,,
James Harden,Kevin Durant,Nick Collison,Russell Westbrook,Serge Ibaka,David Andersen,Kyle Lowry,Luis Scola,Shane Battier,Trevor Ariza,4,8:51,OKC,shot,Russell Westbrook,,,,,,,,,Serge Ibaka,2,,,made,,jump,27,22
James Harden,Kevin Durant,Nick Collison,Russell Westbrook,Serge Ibaka,David Andersen,Kyle Lowry,Luis Scola,Shane Battier,Trevor Ariza,4,8:33,HOU,shot,Kyle Lowry,,,,,,,,,Luis Scola,2,,,made,,jump,28,26
James Harden,Kevin Durant,Nick Collison,Russell Westbrook,Serge Ibaka,David Andersen,Kyle Lowry,Luis Scola,Shane Battier,Trevor Ariza,4,8:25,OKC,timeout,,,,,,,,,,,,,,,,regular,,
James Harden,Kevin Durant,Nick Collison,Russell Westbrook,Serge Ibaka,David Andersen,Kyle Lowry,Luis Scola,Shane Battier,Trevor Ariza,4,8:13,OKC,shot,,,Shane Battier,,,,,,,James Harden,,,,missed,,layup,25,6
James Harden,Kevin Durant,Nick Collison,Russell Westbrook,Serge Ibaka,David Andersen,Kyle Lowry,Luis Scola,Shane Battier,Trevor Ariza,4,8:12,OKC,rebound,,,,,,,,,,Nick Collison,,,,,,off,,
James Harden,Kevin Durant,Nick Collison,Russell Westbrook,Serge Ibaka,David Andersen,Kyle Lowry,Luis Scola,Shane Battier,Trevor Ariza,4,8:12,HOU,foul,,,,,,,,Nick Collison,,Kyle Lowry,,,,,,shooting,,
James Harden,Kevin Durant,Nick Collison,Russell Westbrook,Serge Ibaka,David Andersen,Kyle Lowry,Luis Scola,Shane Battier,Trevor Ariza,4,8:12,OKC,free throw,,,,,,,1,,2,Nick Collison,,,foul,made,,,,
James Harden,Kevin Durant,Nick Collison,Russell Westbrook,Serge Ibaka,David Andersen,Kyle Lowry,Luis Scola,Shane Battier,Trevor Ariza,4,8:12,OKC,free throw,,,,,,,2,,2,Nick Collison,,,foul,made,,,,
James Harden,Kevin Durant,Nick Collison,Russell Westbrook,Serge Ibaka,David Andersen,Kyle Lowry,Luis Scola,Shane Battier,Trevor Ariza,4,7:55,HOU,shot,,,,,,,,,,Luis Scola,,,,missed,,hook,22,12
James Harden,Kevin Durant,Nick Collison,Russell Westbrook,Serge Ibaka,David Andersen,Kyle Lowry,Luis Scola,Shane Battier,Trevor Ariza,4,7:53,HOU,rebound,,,,,,,,,,David Andersen,,,,,,off,,
James Harden,Kevin Durant,Nick Collison,Russell Westbrook,Serge Ibaka,David Andersen,Kyle Lowry,Luis Scola,Shane Battier,Trevor Ariza,4,7:53,HOU,shot,,,,,,,,,,David Andersen,,,,missed,,layup,25,6
James Harden,Kevin Durant,Nick Collison,Russell Westbrook,Serge Ibaka,David Andersen,Kyle Lowry,Luis Scola,Shane Battier,Trevor Ariza,4,7:52,HOU,rebound,,,,,,,,,,David Andersen,,,,,,off,,
James Harden,Kevin Durant,Nick Collison,Russell Westbrook,Serge Ibaka,David Andersen,Kyle Lowry,Luis Scola,Shane Battier,Trevor Ariza,4,7:52,HOU,shot,,,,,,,,,,David Andersen,,,,missed,,layup,25,6
James Harden,Kevin Durant,Nick Collison,Russell Westbrook,Serge Ibaka,David Andersen,Kyle Lowry,Luis Scola,Shane Battier,Trevor Ariza,4,7:51,OKC,rebound,,,,,,,,,,Russell Westbrook,,,,,,def,,
James Harden,Kevin Durant,Nick Collison,Russell Westbrook,Serge Ibaka,David Andersen,Kyle Lowry,Luis Scola,Shane Battier,Trevor Ariza,4,7:45,OKC,shot,,,,,,,,,,Russell Westbrook,,,,missed,,layup,25,6
James Harden,Kevin Durant,Nick Collison,Russell Westbrook,Serge Ibaka,David Andersen,Kyle Lowry,Luis Scola,Shane Battier,Trevor Ariza,4,7:44,HOU,rebound,,,,,,,,,,Trevor Ariza,,,,,,def,,
James Harden,Kevin Durant,Nick Collison,Russell Westbrook,Serge Ibaka,David Andersen,Kyle Lowry,Luis Scola,Shane Battier,Trevor Ariza,4,7:34,HOU,shot,,,,,,,,,,Luis Scola,2,,,made,,jump,25,14
James Harden,Kevin Durant,Nick Collison,Russell Westbrook,Serge Ibaka,David Andersen,Kyle Lowry,Luis Scola,Shane Battier,Trevor Ariza,4,7:13,OKC,shot,,,,,,,,,,Kevin Durant,,,,missed,,turnaround jump,25,18
James Harden,Kevin Durant,Nick Collison,Russell Westbrook,Serge Ibaka,David Andersen,Kyle Lowry,Luis Scola,Shane Battier,Trevor Ariza,4,7:11,HOU,rebound,,,,,,,,,,Shane Battier,,,,,,def,,
James Harden,Kevin Durant,Nick Collison,Russell Westbrook,Serge Ibaka,David Andersen,Kyle Lowry,Luis Scola,Shane Battier,Trevor Ariza,4,7:09,OKC,foul,,,,,,,,Trevor Ariza,,Kevin Durant,,,,,,shooting,,
James Harden,Kevin Durant,Nick Collison,Russell Westbrook,Serge Ibaka,David Andersen,Kyle Lowry,Luis Scola,Shane Battier,Trevor Ariza,4,7:09,HOU,free throw,,,,,,,1,,2,Trevor Ariza,,,foul,missed,,,,
James Harden,Kevin Durant,Nick Collison,Russell Westbrook,Serge Ibaka,David Andersen,Kyle Lowry,Luis Scola,Shane Battier,Trevor Ariza,4,7:09,HOU,rebound,,,,,,,,,,,,,,,,,,
James Harden,Kevin Durant,Nick Collison,Russell Westbrook,Serge Ibaka,David Andersen,Kyle Lowry,Luis Scola,Shane Battier,Trevor Ariza,4,7:09,HOU,free throw,,,,,,,2,,2,Trevor Ariza,,,foul,missed,,,,
James Harden,Kevin Durant,Nick Collison,Russell Westbrook,Serge Ibaka,David Andersen,Kyle Lowry,Luis Scola,Shane Battier,Trevor Ariza,4,7:09,OKC,rebound,,,,,,,,,,Serge Ibaka,,,,,,def,,
James Harden,Kevin Durant,Nick Collison,Russell Westbrook,Serge Ibaka,David Andersen,Kyle Lowry,Luis Scola,Shane Battier,Trevor Ariza,4,6:55,OKC,shot,,,,,,,,,,James Harden,2,,,made,,driving slam dunk,25,6
James Harden,Kevin Durant,Nick Collison,Russell Westbrook,Serge Ibaka,David Andersen,Kyle Lowry,Luis Scola,Shane Battier,Trevor Ariza,4,6:46,OKC,foul,,,,,,,,Shane Battier,,Kevin Durant,,,,,,personal,,
James Harden,Kevin Durant,Nick Collison,Russell Westbrook,Serge Ibaka,David Andersen,Kyle Lowry,Luis Scola,Shane Battier,Trevor Ariza,4,6:30,HOU,shot,,,,,,,,,,David Andersen,2,,,made,,hook,21,11
James Harden,Kevin Durant,Nick Collison,Russell Westbrook,Serge Ibaka,David Andersen,Kyle Lowry,Luis Scola,Shane Battier,Trevor Ariza,4,6:09,OKC,shot,,,,,,,,,,Russell Westbrook,,,,missed,,pullup jump,24,24
James Harden,Kevin Durant,Nick Collison,Russell Westbrook,Serge Ibaka,David Andersen,Kyle Lowry,Luis Scola,Shane Battier,Trevor Ariza,4,6:07,HOU,rebound,,,,,,,,,,Trevor Ariza,,,,,,def,,
James Harden,Kevin Durant,Nick Collison,Russell Westbrook,Serge Ibaka,David Andersen,Kyle Lowry,Luis Scola,Shane Battier,Trevor Ariza,4,5:52,HOU,shot,,,,,,,,,,David Andersen,,,,missed,,3pt,25,31
James Harden,Kevin Durant,Nick Collison,Russell Westbrook,Serge Ibaka,David Andersen,Kyle Lowry,Luis Scola,Shane Battier,Trevor Ariza,4,5:50,OKC,rebound,,,,,,,,,,Kevin Durant,,,,,,def,,
James Harden,Kevin Durant,Nick Collison,Russell Westbrook,Serge Ibaka,David Andersen,Kyle Lowry,Luis Scola,Shane Battier,Trevor Ariza,4,5:42,OKC,shot,,,,,,,,,,Kevin Durant,2,,,made,,pullup jump,30,21
James Harden,Kevin Durant,Nick Collison,Russell Westbrook,Serge Ibaka,David Andersen,Kyle Lowry,Luis Scola,Shane Battier,Trevor Ariza,4,5:24,HOU,shot,,,James Harden,,,,,,,Trevor Ariza,,,,missed,,layup,25,6
James Harden,Kevin Durant,Nick Collison,Russell Westbrook,Serge Ibaka,David Andersen,Kyle Lowry,Luis Scola,Shane Battier,Trevor Ariza,4,5:22,OKC,rebound,,,,,,,,,,Serge Ibaka,,,,,,def,,
James Harden,Kevin Durant,Nick Collison,Russell Westbrook,Serge Ibaka,David Andersen,Kyle Lowry,Luis Scola,Shane Battier,Trevor Ariza,4,5:20,HOU,foul,,,,,,,,Russell Westbrook,,Luis Scola,,,,,,shooting,,
James Harden,Kevin Durant,Nick Collison,Russell Westbrook,Serge Ibaka,David Andersen,Kyle Lowry,Luis Scola,Shane Battier,Trevor Ariza,4,5:20,OKC,timeout,,,,,,,,,,,,,,,,,,
James Harden,Jeff Green,Kevin Durant,Russell Westbrook,Serge Ibaka,David Andersen,Kyle Lowry,Luis Scola,Shane Battier,Trevor Ariza,4,5:20,OKC,sub,,,,Jeff Green,,Nick Collison,,,,,,,,,,,,
James Harden,Jeff Green,Kevin Durant,Russell Westbrook,Serge Ibaka,Chuck Hayes,David Andersen,Kyle Lowry,Shane Battier,Trevor Ariza,4,5:20,HOU,sub,,,,Chuck Hayes,,Luis Scola,,,,,,,,,,,,
James Harden,Jeff Green,Kevin Durant,Russell Westbrook,Serge Ibaka,Aaron Brooks,Chuck Hayes,David Andersen,Shane Battier,Trevor Ariza,4,5:20,HOU,sub,,,,Aaron Brooks,,Kyle Lowry,,,,,,,,,,,,
James Harden,Jeff Green,Kevin Durant,Russell Westbrook,Serge Ibaka,Aaron Brooks,Chuck Hayes,David Andersen,Shane Battier,Trevor Ariza,4,5:20,OKC,free throw,,,,,,,1,,2,Russell Westbrook,,,foul,made,,,,
James Harden,Jeff Green,Kevin Durant,Russell Westbrook,Serge Ibaka,Aaron Brooks,Chuck Hayes,David Andersen,Shane Battier,Trevor Ariza,4,5:20,OKC,free throw,,,,,,,2,,2,Russell Westbrook,,,foul,made,,,,
James Harden,Jeff Green,Kevin Durant,Russell Westbrook,Serge Ibaka,Aaron Brooks,Chuck Hayes,David Andersen,Shane Battier,Trevor Ariza,4,5:07,HOU,shot,Shane Battier,,,,,,,,,Trevor Ariza,2,,,made,,layup,25,6
James Harden,Jeff Green,Kevin Durant,Russell Westbrook,Serge Ibaka,Aaron Brooks,Chuck Hayes,David Andersen,Shane Battier,Trevor Ariza,4,5:07,OKC,foul,,,,,,,,Trevor Ariza,,James Harden,,,,,,shooting,,
James Harden,Jeff Green,Kevin Durant,Russell Westbrook,Serge Ibaka,Aaron Brooks,Chuck Hayes,David Andersen,Shane Battier,Trevor Ariza,4,5:07,HOU,free throw,,,,,,,1,,1,Trevor Ariza,,,foul,missed,,,,
James Harden,Jeff Green,Kevin Durant,Russell Westbrook,Serge Ibaka,Aaron Brooks,Chuck Hayes,David Andersen,Shane Battier,Trevor Ariza,4,5:07,OKC,rebound,,,,,,,,,,Kevin Durant,,,,,,def,,
James Harden,Jeff Green,Kevin Durant,Russell Westbrook,Serge Ibaka,Aaron Brooks,Chuck Hayes,David Andersen,Shane Battier,Trevor Ariza,4,4:52,HOU,foul,,,,,,,,Russell Westbrook,,David Andersen,,,,,,shooting,,
James Harden,Jeff Green,Kevin Durant,Russell Westbrook,Serge Ibaka,Aaron Brooks,Chuck Hayes,David Andersen,Shane Battier,Trevor Ariza,4,4:52,OKC,free throw,,,,,,,1,,2,Russell Westbrook,,,foul,missed,,,,
James Harden,Jeff Green,Kevin Durant,Russell Westbrook,Serge Ibaka,Aaron Brooks,Chuck Hayes,David Andersen,Shane Battier,Trevor Ariza,4,4:52,OKC,rebound,,,,,,,,,,,,,,,,,,
James Harden,Jeff Green,Kevin Durant,Russell Westbrook,Serge Ibaka,Aaron Brooks,Chuck Hayes,David Andersen,Shane Battier,Trevor Ariza,4,4:52,OKC,free throw,,,,,,,2,,2,Russell Westbrook,,,foul,made,,,,
James Harden,Jeff Green,Kevin Durant,Russell Westbrook,Serge Ibaka,Aaron Brooks,Chuck Hayes,David Andersen,Shane Battier,Trevor Ariza,4,4:30,HOU,shot,,,,,,,,,,Aaron Brooks,,,,missed,,running jump,14,15
James Harden,Jeff Green,Kevin Durant,Russell Westbrook,Serge Ibaka,Aaron Brooks,Chuck Hayes,David Andersen,Shane Battier,Trevor Ariza,4,4:28,HOU,rebound,,,,,,,,,,Chuck Hayes,,,,,,off,,
James Harden,Jeff Green,Kevin Durant,Russell Westbrook,Serge Ibaka,Aaron Brooks,Chuck Hayes,David Andersen,Shane Battier,Trevor Ariza,4,4:28,HOU,shot,,,,,,,,,,Chuck Hayes,,,,missed,,layup,25,6
James Harden,Jeff Green,Kevin Durant,Russell Westbrook,Serge Ibaka,Aaron Brooks,Chuck Hayes,David Andersen,Shane Battier,Trevor Ariza,4,4:27,HOU,rebound,,,,,,,,,,Chuck Hayes,,,,,,off,,
James Harden,Jeff Green,Kevin Durant,Russell Westbrook,Serge Ibaka,Aaron Brooks,Chuck Hayes,David Andersen,Shane Battier,Trevor Ariza,4,4:27,HOU,shot,,,,,,,,,,Chuck Hayes,,,,missed,,layup,25,6
James Harden,Jeff Green,Kevin Durant,Russell Westbrook,Serge Ibaka,Aaron Brooks,Chuck Hayes,David Andersen,Shane Battier,Trevor Ariza,4,4:25,HOU,rebound,,,,,,,,,,David Andersen,,,,,,off,,
James Harden,Jeff Green,Kevin Durant,Russell Westbrook,Serge Ibaka,Aaron Brooks,Chuck Hayes,David Andersen,Shane Battier,Trevor Ariza,4,4:25,HOU,shot,,,,,,,,,,David Andersen,2,,,made,,tip,25,6
James Harden,Jeff Green,Kevin Durant,Russell Westbrook,Serge Ibaka,Aaron Brooks,Chuck Hayes,David Andersen,Shane Battier,Trevor Ariza,4,4:10,OKC,shot,Jeff Green,,,,,,,,,Kevin Durant,2,,,made,,jump,39,11
James Harden,Jeff Green,Kevin Durant,Russell Westbrook,Serge Ibaka,Aaron Brooks,Chuck Hayes,David Andersen,Shane Battier,Trevor Ariza,4,3:56,HOU,shot,Trevor Ariza,,,,,,,,,David Andersen,2,,,made,,layup,25,6
James Harden,Jeff Green,Kevin Durant,Russell Westbrook,Serge Ibaka,Aaron Brooks,Chuck Hayes,David Andersen,Shane Battier,Trevor Ariza,4,3:34,OKC,shot,,,,,,,,,,Russell Westbrook,,,,missed,,jump,21,29
James Harden,Jeff Green,Kevin Durant,Russell Westbrook,Serge Ibaka,Aaron Brooks,Chuck Hayes,David Andersen,Shane Battier,Trevor Ariza,4,3:32,HOU,rebound,,,,,,,,,,Chuck Hayes,,,,,,def,,
James Harden,Jeff Green,Kevin Durant,Russell Westbrook,Serge Ibaka,Aaron Brooks,Chuck Hayes,David Andersen,Shane Battier,Trevor Ariza,4,3:10,HOU,shot,,,,,,,,,,Aaron Brooks,,,,missed,,running jump,23,11
James Harden,Jeff Green,Kevin Durant,Russell Westbrook,Serge Ibaka,Aaron Brooks,Chuck Hayes,David Andersen,Shane Battier,Trevor Ariza,4,3:09,HOU,rebound,,,,,,,,,,Chuck Hayes,,,,,,off,,
James Harden,Jeff Green,Kevin Durant,Russell Westbrook,Serge Ibaka,Aaron Brooks,Chuck Hayes,David Andersen,Shane Battier,Trevor Ariza,4,3:08,HOU,shot,,,,,,,,,,Chuck Hayes,2,,,made,,layup,25,6
James Harden,Jeff Green,Kevin Durant,Russell Westbrook,Serge Ibaka,Aaron Brooks,Chuck Hayes,David Andersen,Shane Battier,Trevor Ariza,4,3:07,OKC,timeout,,,,,,,,,,,,,,,,regular,,
James Harden,Jeff Green,Kevin Durant,Russell Westbrook,Serge Ibaka,Aaron Brooks,Chuck Hayes,David Andersen,Shane Battier,Trevor Ariza,4,2:47,OKC,shot,,,,,,,,,,Jeff Green,2,,,made,,running jump,15,10
James Harden,Jeff Green,Kevin Durant,Russell Westbrook,Serge Ibaka,Aaron Brooks,Chuck Hayes,David Andersen,Shane Battier,Trevor Ariza,4,2:26,HOU,shot,,,,,,,,,,David Andersen,2,,,made,,hook,24,12
James Harden,Jeff Green,Kevin Durant,Russell Westbrook,Serge Ibaka,Aaron Brooks,Chuck Hayes,David Andersen,Shane Battier,Trevor Ariza,4,2:09,OKC,shot,,,,,,,,,,Kevin Durant,,,,missed,,jump,12,22
James Harden,Jeff Green,Kevin Durant,Russell Westbrook,Serge Ibaka,Aaron Brooks,Chuck Hayes,David Andersen,Shane Battier,Trevor Ariza,4,2:07,OKC,rebound,,,,,,,,,,Russell Westbrook,,,,,,off,,
James Harden,Jeff Green,Kevin Durant,Russell Westbrook,Serge Ibaka,Aaron Brooks,Chuck Hayes,David Andersen,Shane Battier,Trevor Ariza,4,2:06,OKC,shot,,,David Andersen,,,,,,,Russell Westbrook,,,,missed,,layup,25,6
James Harden,Jeff Green,Kevin Durant,Russell Westbrook,Serge Ibaka,Aaron Brooks,Chuck Hayes,David Andersen,Shane Battier,Trevor Ariza,4,2:04,HOU,rebound,,,,,,,,,,Aaron Brooks,,,,,,def,,
James Harden,Jeff Green,Kevin Durant,Russell Westbrook,Serge Ibaka,Aaron Brooks,Chuck Hayes,David Andersen,Shane Battier,Trevor Ariza,4,1:46,HOU,shot,,,,,,,,,,Aaron Brooks,,,,missed,,running layup,25,6
James Harden,Jeff Green,Kevin Durant,Russell Westbrook,Serge Ibaka,Aaron Brooks,Chuck Hayes,David Andersen,Shane Battier,Trevor Ariza,4,1:44,OKC,rebound,,,,,,,,,,Serge Ibaka,,,,,,def,,
James Harden,Jeff Green,Kevin Durant,Russell Westbrook,Serge Ibaka,Aaron Brooks,Chuck Hayes,David Andersen,Shane Battier,Trevor Ariza,4,1:40,OKC,shot,,,Trevor Ariza,,,,,,,Jeff Green,,,,missed,,layup,25,6
James Harden,Jeff Green,Kevin Durant,Russell Westbrook,Serge Ibaka,Aaron Brooks,Chuck Hayes,David Andersen,Shane Battier,Trevor Ariza,4,1:40,OKC,rebound,,,,,,,,,,,,,,,,,,
James Harden,Jeff Green,Kevin Durant,Nick Collison,Russell Westbrook,Aaron Brooks,Chuck Hayes,David Andersen,Shane Battier,Trevor Ariza,4,1:40,OKC,sub,,,,Nick Collison,,Serge Ibaka,,,,,,,,,,,,
James Harden,Jeff Green,Kevin Durant,Nick Collison,Russell Westbrook,Aaron Brooks,Chuck Hayes,David Andersen,Shane Battier,Trevor Ariza,4,1:26,HOU,foul,,,,,,,,Russell Westbrook,,Aaron Brooks,,,,,,shooting,,
James Harden,Jeff Green,Kevin Durant,Nick Collison,Russell Westbrook,Aaron Brooks,Chuck Hayes,David Andersen,Shane Battier,Trevor Ariza,4,1:26,OKC,free throw,,,,,,,1,,2,Russell Westbrook,,,foul,missed,,,,
James Harden,Jeff Green,Kevin Durant,Nick Collison,Russell Westbrook,Aaron Brooks,Chuck Hayes,David Andersen,Shane Battier,Trevor Ariza,4,1:26,OKC,rebound,,,,,,,,,,,,,,,,,,
James Harden,Jeff Green,Kevin Durant,Nick Collison,Russell Westbrook,Aaron Brooks,Chuck Hayes,David Andersen,Shane Battier,Trevor Ariza,4,1:26,OKC,free throw,,,,,,,2,,2,Russell Westbrook,,,foul,made,,,,
James Harden,Jeff Green,Kevin Durant,Nick Collison,Russell Westbrook,Aaron Brooks,Chuck Hayes,David Andersen,Shane Battier,Trevor Ariza,4,1:15,OKC,foul,,,,,,,,Trevor Ariza,,Nick Collison,,,,,,personal,,
James Harden,Jeff Green,Kevin Durant,Nick Collison,Russell Westbrook,Aaron Brooks,Chuck Hayes,David Andersen,Shane Battier,Trevor Ariza,4,1:15,HOU,free throw,,,,,,,1,,2,Trevor Ariza,,,foul,made,,,,
James Harden,Jeff Green,Kevin Durant,Nick Collison,Russell Westbrook,Aaron Brooks,Chuck Hayes,David Andersen,Shane Battier,Trevor Ariza,4,1:15,HOU,free throw,,,,,,,2,,2,Trevor Ariza,,,foul,made,,,,
James Harden,Jeff Green,Kevin Durant,Nick Collison,Russell Westbrook,Aaron Brooks,Chuck Hayes,David Andersen,Shane Battier,Trevor Ariza,4,1:15,OKC,timeout,,,,,,,,,,,,,,,,short,,
James Harden,Jeff Green,Kevin Durant,Nick Collison,Russell Westbrook,Aaron Brooks,Chuck Hayes,David Andersen,Shane Battier,Trevor Ariza,4,1:07,OKC,shot,,,,,,,,,,Kevin Durant,,,,missed,,3pt,21,31
James Harden,Jeff Green,Kevin Durant,Nick Collison,Russell Westbrook,Aaron Brooks,Chuck Hayes,David Andersen,Shane Battier,Trevor Ariza,4,1:06,OKC,rebound,,,,,,,,,,Jeff Green,,,,,,off,,
James Harden,Jeff Green,Kevin Durant,Nick Collison,Russell Westbrook,Aaron Brooks,Chuck Hayes,David Andersen,Shane Battier,Trevor Ariza,4,1:04,OKC,shot,Jeff Green,,,,,,,,,Kevin Durant,3,,,made,,3pt,24,31
James Harden,Jeff Green,Kevin Durant,Nick Collison,Russell Westbrook,Aaron Brooks,Chuck Hayes,David Andersen,Shane Battier,Trevor Ariza,4,0:42,HOU,shot,,,,,,,,,,Aaron Brooks,,,,missed,,3pt,48,14
James Harden,Jeff Green,Kevin Durant,Nick Collison,Russell Westbrook,Aaron Brooks,Chuck Hayes,David Andersen,Shane Battier,Trevor Ariza,4,0:40,HOU,rebound,,,,,,,,,,Aaron Brooks,,,,,,off,,
James Harden,Jeff Green,Kevin Durant,Nick Collison,Russell Westbrook,Aaron Brooks,Chuck Hayes,David Andersen,Shane Battier,Trevor Ariza,4,0:18,HOU,shot,,,,,,,,,,Trevor Ariza,,,,missed,,pullup jump,10,20
James Harden,Jeff Green,Kevin Durant,Nick Collison,Russell Westbrook,Aaron Brooks,Chuck Hayes,David Andersen,Shane Battier,Trevor Ariza,4,0:16,HOU,rebound,,,,,,,,,,Chuck Hayes,,,,,,off,,
James Harden,Jeff Green,Kevin Durant,Nick Collison,Russell Westbrook,Aaron Brooks,Chuck Hayes,David Andersen,Shane Battier,Trevor Ariza,4,0:14,OKC,foul,,,,,,,,Aaron Brooks,,Russell Westbrook,,,,,,personal,,
James Harden,Jeff Green,Kevin Durant,Nick Collison,Russell Westbrook,Aaron Brooks,Chuck Hayes,David Andersen,Shane Battier,Trevor Ariza,4,0:14,HOU,free throw,,,,,,,1,,2,Aaron Brooks,,,foul,missed,,,,
James Harden,Jeff Green,Kevin Durant,Nick Collison,Russell Westbrook,Aaron Brooks,Chuck Hayes,David Andersen,Shane Battier,Trevor Ariza,4,0:14,HOU,rebound,,,,,,,,,,,,,,,,,,
James Harden,Jeff Green,Kevin Durant,Nick Collison,Russell Westbrook,Aaron Brooks,Chuck Hayes,David Andersen,Shane Battier,Trevor Ariza,4,0:14,HOU,free throw,,,,,,,2,,2,Aaron Brooks,,,foul,made,,,,
James Harden,Jeff Green,Kevin Durant,Nick Collison,Russell Westbrook,Aaron Brooks,Chuck Hayes,David Andersen,Shane Battier,Trevor Ariza,4,0:14,OKC,timeout,,,,,,,,,,,,,,,,regular,,
James Harden,Jeff Green,Kevin Durant,Nick Collison,Russell Westbrook,Aaron Brooks,Chuck Hayes,Kyle Lowry,Shane Battier,Trevor Ariza,4,0:14,HOU,sub,,,,Kyle Lowry,,David Andersen,,,,,,,,,,,,
James Harden,Jeff Green,Kevin Durant,Nick Collison,Russell Westbrook,Aaron Brooks,Chuck Hayes,Kyle Lowry,Shane Battier,Trevor Ariza,4,0:05,OKC,shot,,,,,,,,,,Kevin Durant,,,,missed,,3pt,25,32
James Harden,Jeff Green,Kevin Durant,Nick Collison,Russell Westbrook,Aaron Brooks,Chuck Hayes,Kyle Lowry,Shane Battier,Trevor Ariza,4,0:02,OKC,rebound,,,,,,,,,,James Harden,,,,,,off,,
James Harden,Jeff Green,Kevin Durant,Nick Collison,Russell Westbrook,Aaron Brooks,Chuck Hayes,Kyle Lowry,Shane Battier,Trevor Ariza,4,0:00,OKC,shot,,,,,,,,,,James Harden,,,,missed,,3pt,48,6
James Harden,Jeff Green,Kevin Durant,Nick Collison,Russell Westbrook,Aaron Brooks,Chuck Hayes,Kyle Lowry,Shane Battier,Trevor Ariza,4,0:00,OKC,rebound,,,,,,,,,,,,,,,,,,
