a1,a2,a3,a4,a5,h1,h2,h3,h4,h5,period,time,team,etype,assist,away,block,entered,home,left,num,opponent,outof,player,points,possession,reason,result,steal,type,x,y
Brook Lopez,Chris Douglas-Roberts,Courtney Lee,Devin Harris,Josh Boone,Al Harrington,Chris Duhon,David Lee,Jared Jeffries,Wilson Chandler,1,12:00,OFF,jump ball,,Brook Lopez,,,Jared Jeffries,,,,,,,Chris Duhon,,,,,,
Brook Lopez,Chris Douglas-Roberts,Courtney Lee,Devin Harris,Josh Boone,Al Harrington,Chris Duhon,David Lee,Jared Jeffries,Wilson Chandler,1,11:42,NYK,shot,,,,,,,,,,Chris Duhon,,,,missed,,layup,25,6
Brook Lopez,Chris Douglas-Roberts,Courtney Lee,Devin Harris,Josh Boone,Al Harrington,Chris Duhon,David Lee,Jared Jeffries,Wilson Chandler,1,11:40,NYK,rebound,,,,,,,,,,David Lee,,,,,,off,,
Brook Lopez,Chris Douglas-Roberts,Courtney Lee,Devin Harris,Josh Boone,Al Harrington,Chris Duhon,David Lee,Jared Jeffries,Wilson Chandler,1,11:40,NYK,shot,,,,,,,,,,David Lee,2,,,made,,tip,25,6
Brook Lopez,Chris Douglas-Roberts,Courtney Lee,Devin Harris,Josh Boone,Al Harrington,Chris Duhon,David Lee,Jared Jeffries,Wilson Chandler,1,11:18,NJN,shot,Courtney Lee,,,,,,,,,Chris Douglas-Roberts,2,,,made,,jump,41,9
Brook Lopez,Chris Douglas-Roberts,Courtney Lee,Devin Harris,Josh Boone,Al Harrington,Chris Duhon,David Lee,Jared Jeffries,Wilson Chandler,1,11:03,NYK,shot,Jared Jeffries,,,,,,,,,David Lee,2,,,made,,jump,23,24
Brook Lopez,Chris Douglas-Roberts,Courtney Lee,Devin Harris,Josh Boone,Al Harrington,Chris Duhon,David Lee,Jared Jeffries,Wilson Chandler,1,10:49,NJN,shot,,,,,,,,,,Chris Douglas-Roberts,,,,missed,,jump,45,5
Brook Lopez,Chris Douglas-Roberts,Courtney Lee,Devin Harris,Josh Boone,Al Harrington,Chris Duhon,David Lee,Jared Jeffries,Wilson Chandler,1,10:48,NYK,rebound,,,,,,,,,,Chris Duhon,,,,,,def,,
Brook Lopez,Chris Douglas-Roberts,Courtney Lee,Devin Harris,Josh Boone,Al Harrington,Chris Duhon,David Lee,Jared Jeffries,Wilson Chandler,1,10:40,NYK,shot,,,,,,,,,,Al Harrington,2,,,made,,driving layup,25,6
Brook Lopez,Chris Douglas-Roberts,Courtney Lee,Devin Harris,Josh Boone,Al Harrington,Chris Duhon,David Lee,Jared Jeffries,Wilson Chandler,1,10:40,NJN,foul,,,,,,,,Al Harrington,,Josh Boone,,,,,,shooting,,
Brook Lopez,Chris Douglas-Roberts,Courtney Lee,Devin Harris,Josh Boone,Al Harrington,Chris Duhon,David Lee,Jared Jeffries,Wilson Chandler,1,10:40,NYK,free throw,,,,,,,1,,1,Al Harrington,,,foul,made,,,,
Brook Lopez,Chris Douglas-Roberts,Courtney Lee,Devin Harris,Josh Boone,Al Harrington,Chris Duhon,David Lee,Jared Jeffries,Wilson Chandler,1,10:24,NJN,shot,,,,,,,,,,Devin Harris,2,,,made,,driving layup,25,6
Brook Lopez,Chris Douglas-Roberts,Courtney Lee,Devin Harris,Josh Boone,Al Harrington,Chris Duhon,David Lee,Jared Jeffries,Wilson Chandler,1,10:09,NYK,shot,,,,,,,,,,Al Harrington,,,,missed,,jump,41,7
Brook Lopez,Chris Douglas-Roberts,Courtney Lee,Devin Harris,Josh Boone,Al Harrington,Chris Duhon,David Lee,Jared Jeffries,Wilson Chandler,1,10:08,NJN,rebound,,,,,,,,,,Brook Lopez,,,,,,def,,
Brook Lopez,Chris Douglas-Roberts,Courtney Lee,Devin Harris,Josh Boone,Al Harrington,Chris Duhon,David Lee,Jared Jeffries,Wilson Chandler,1,10:00,NJN,shot,,,,,,,,,,Devin Harris,2,,,made,,driving layup,25,6
Brook Lopez,Chris Douglas-Roberts,Courtney Lee,Devin Harris,Josh Boone,Al Harrington,Chris Duhon,David Lee,Jared Jeffries,Wilson Chandler,1,9:49,NYK,shot,,,,,,,,,,Chris Duhon,,,,missed,,jump,41,18
Brook Lopez,Chris Douglas-Roberts,Courtney Lee,Devin Harris,Josh Boone,Al Harrington,Chris Duhon,David Lee,Jared Jeffries,Wilson Chandler,1,9:48,NJN,rebound,,,,,,,,,,Courtney Lee,,,,,,def,,
Brook Lopez,Chris Douglas-Roberts,Courtney Lee,Devin Harris,Josh Boone,Al Harrington,Chris Duhon,David Lee,Jared Jeffries,Wilson Chandler,1,9:26,NJN,shot,Chris Douglas-Roberts,,,,,,,,,Brook Lopez,2,,,made,,jump,39,19
Brook Lopez,Chris Douglas-Roberts,Courtney Lee,Devin Harris,Josh Boone,Al Harrington,Chris Duhon,David Lee,Jared Jeffries,Wilson Chandler,1,9:04,NYK,shot,,,,,,,,,,Chris Duhon,,,,missed,,layup,25,6
Brook Lopez,Chris Douglas-Roberts,Courtney Lee,Devin Harris,Josh Boone,Al Harrington,Chris Duhon,David Lee,Jared Jeffries,Wilson Chandler,1,9:03,NYK,rebound,,,,,,,,,,Chris Duhon,,,,,,off,,
Brook Lopez,Chris Douglas-Roberts,Courtney Lee,Devin Harris,Josh Boone,Al Harrington,Chris Duhon,David Lee,Jared Jeffries,Wilson Chandler,1,9:02,NYK,shot,,,Brook Lopez,,,,,,,Chris Duhon,,,,missed,,layup,25,6
Brook Lopez,Chris Douglas-Roberts,Courtney Lee,Devin Harris,Josh Boone,Al Harrington,Chris Duhon,David Lee,Jared Jeffries,Wilson Chandler,1,9:01,NJN,rebound,,,,,,,,,,Josh Boone,,,,,,def,,
Brook Lopez,Chris Douglas-Roberts,Courtney Lee,Devin Harris,Josh Boone,Al Harrington,Chris Duhon,David Lee,Jared Jeffries,Wilson Chandler,1,8:57,NJN,shot,Devin Harris,,,,,,,,,Brook Lopez,2,,,made,,layup,25,6
Brook Lopez,Chris Douglas-Roberts,Courtney Lee,Devin Harris,Josh Boone,Al Harrington,Chris Duhon,David Lee,Jared Jeffries,Wilson Chandler,1,8:40,NYK,shot,,,,,,,,,,Al Harrington,,,,missed,,3pt,45,22
Brook Lopez,Chris Douglas-Roberts,Courtney Lee,Devin Harris,Josh Boone,Al Harrington,Chris Duhon,David Lee,Jared Jeffries,Wilson Chandler,1,8:39,NYK,rebound,,,,,,,,,,Jared Jeffries,,,,,,off,,
Brook Lopez,Chris Douglas-Roberts,Courtney Lee,Devin Harris,Josh Boone,Al Harrington,Chris Duhon,David Lee,Jared Jeffries,Wilson Chandler,1,8:23,NYK,shot,,,,,,,,,,Al Harrington,2,,,made,,driving layup,25,6
Brook Lopez,Chris Douglas-Roberts,Courtney Lee,Devin Harris,Josh Boone,Al Harrington,Chris Duhon,David Lee,Jared Jeffries,Wilson Chandler,1,8:10,NJN,turnover,,,,,,,,,,Courtney Lee,,,bad pass,,David Lee,,,
Brook Lopez,Chris Douglas-Roberts,Courtney Lee,Devin Harris,Josh Boone,Al Harrington,Chris Duhon,David Lee,Jared Jeffries,Wilson Chandler,1,8:04,NYK,shot,Jared Jeffries,,,,,,,,,Wilson Chandler,2,,,made,,alley oop dunk,25,6
Brook Lopez,Chris Douglas-Roberts,Courtney Lee,Devin Harris,Josh Boone,Al Harrington,Chris Duhon,David Lee,Jared Jeffries,Wilson Chandler,1,7:39,NJN,turnover,,,,,,,,,,Courtney Lee,,,palming turnover,,,,,
Brook Lopez,Chris Douglas-Roberts,Courtney Lee,Devin Harris,Josh Boone,Al Harrington,Chris Duhon,David Lee,Jared Jeffries,Wilson Chandler,1,7:21,NYK,shot,,,,,,,,,,Al Harrington,,,,missed,,jump,39,23
Brook Lopez,Chris Douglas-Roberts,Courtney Lee,Devin Harris,Josh Boone,Al Harrington,Chris Duhon,David Lee,Jared Jeffries,Wilson Chandler,1,7:21,NJN,rebound,,,,,,,,,,Brook Lopez,,,,,,def,,
Brook Lopez,Chris Douglas-Roberts,Courtney Lee,Devin Harris,Josh Boone,Al Harrington,Chris Duhon,David Lee,Jared Jeffries,Wilson Chandler,1,7:16,NJN,shot,,,,,,,,,,Devin Harris,2,,,made,,driving layup,25,6
Brook Lopez,Chris Douglas-Roberts,Courtney Lee,Devin Harris,Josh Boone,Al Harrington,Chris Duhon,David Lee,Jared Jeffries,Wilson Chandler,1,6:56,NYK,shot,,,,,,,,,,David Lee,,,,missed,,jump,32,24
Brook Lopez,Chris Douglas-Roberts,Courtney Lee,Devin Harris,Josh Boone,Al Harrington,Chris Duhon,David Lee,Jared Jeffries,Wilson Chandler,1,6:55,NYK,rebound,,,,,,,,,,Jared Jeffries,,,,,,off,,
Brook Lopez,Chris Douglas-Roberts,Courtney Lee,Devin Harris,Josh Boone,Al Harrington,Chris Duhon,David Lee,Jared Jeffries,Wilson Chandler,1,6:50,NJN,violation,,,,,,,,,,Brook Lopez,,,,,,defensive goaltending,,
Brook Lopez,Chris Douglas-Roberts,Courtney Lee,Devin Harris,Josh Boone,Al Harrington,Chris Duhon,David Lee,Jared Jeffries,Wilson Chandler,1,6:50,NYK,shot,Chris Duhon,,,,,,,,,Al Harrington,2,,,made,,layup,25,6
Brook Lopez,Chris Douglas-Roberts,Courtney Lee,Devin Harris,Josh Boone,Al Harrington,Chris Duhon,David Lee,Jared Jeffries,Wilson Chandler,1,6:39,NJN,shot,,,,,,,,,,Courtney Lee,,,,missed,,3pt,47,19
Brook Lopez,Chris Douglas-Roberts,Courtney Lee,Devin Harris,Josh Boone,Al Harrington,Chris Duhon,David Lee,Jared Jeffries,Wilson Chandler,1,6:38,NYK,rebound,,,,,,,,,,Wilson Chandler,,,,,,def,,
Brook Lopez,Chris Douglas-Roberts,Courtney Lee,Devin Harris,Josh Boone,Al Harrington,Chris Duhon,David Lee,Jared Jeffries,Wilson Chandler,1,6:32,NYK,shot,,,,,,,,,,Chris Duhon,,,,missed,,3pt,2,14
Brook Lopez,Chris Douglas-Roberts,Courtney Lee,Devin Harris,Josh Boone,Al Harrington,Chris Duhon,David Lee,Jared Jeffries,Wilson Chandler,1,6:27,NJN,rebound,,,,,,,,,,Josh Boone,,,,,,def,,
Brook Lopez,Chris Douglas-Roberts,Courtney Lee,Devin Harris,Josh Boone,Al Harrington,Chris Duhon,David Lee,Jared Jeffries,Wilson Chandler,1,6:18,NJN,shot,Chris Douglas-Roberts,,,,,,,,,Josh Boone,2,,,made,,layup,25,6
Brook Lopez,Chris Douglas-Roberts,Courtney Lee,Devin Harris,Josh Boone,Al Harrington,Chris Duhon,David Lee,Jared Jeffries,Wilson Chandler,1,5:59,NYK,turnover,,,,,,,,,,Chris Duhon,,,bad pass,,Chris Douglas-Roberts,,,
Brook Lopez,Chris Douglas-Roberts,Courtney Lee,Devin Harris,Josh Boone,Al Harrington,Chris Duhon,David Lee,Jared Jeffries,Wilson Chandler,1,5:44,NJN,shot,,,,,,,,,,Brook Lopez,2,,,made,,jump,25,16
Brook Lopez,Chris Douglas-Roberts,Courtney Lee,Devin Harris,Josh Boone,Al Harrington,Chris Duhon,David Lee,Jared Jeffries,Wilson Chandler,1,5:32,NYK,shot,,,,,,,,,,David Lee,2,,,made,,jump,9,12
Brook Lopez,Chris Douglas-Roberts,Courtney Lee,Devin Harris,Josh Boone,Al Harrington,Chris Duhon,David Lee,Jared Jeffries,Wilson Chandler,1,5:13,NJN,shot,,,,,,,,,,Chris Douglas-Roberts,2,,,made,,driving layup,25,6
Brook Lopez,Chris Douglas-Roberts,Courtney Lee,Devin Harris,Josh Boone,Al Harrington,Chris Duhon,David Lee,Jared Jeffries,Wilson Chandler,1,4:51,NYK,shot,,,,,,,,,,Al Harrington,2,,,made,,driving reverse layup,25,6
Brook Lopez,Chris Douglas-Roberts,Courtney Lee,Devin Harris,Josh Boone,Al Harrington,Chris Duhon,David Lee,Jared Jeffries,Wilson Chandler,1,4:37,NJN,shot,,,,,,,,,,Devin Harris,,,,missed,,jump,25,24
Brook Lopez,Chris Douglas-Roberts,Courtney Lee,Devin Harris,Josh Boone,Al Harrington,Chris Duhon,David Lee,Jared Jeffries,Wilson Chandler,1,4:36,NYK,rebound,,,,,,,,,,David Lee,,,,,,def,,
Brook Lopez,Chris Douglas-Roberts,Courtney Lee,Devin Harris,Josh Boone,Al Harrington,Chris Duhon,David Lee,Jared Jeffries,Wilson Chandler,1,4:33,NJN,foul,,,,,,,,Al Harrington,,Devin Harris,,,,,,shooting,,
Brook Lopez,Chris Douglas-Roberts,Courtney Lee,Devin Harris,Josh Boone,Al Harrington,Chris Duhon,David Lee,Jared Jeffries,Wilson Chandler,1,4:33,NYK,timeout,,,,,,,,,,,,,,,,regular,,
Brook Lopez,Chris Douglas-Roberts,Courtney Lee,Devin Harris,Terrence Williams,Al Harrington,Chris Duhon,David Lee,Jared Jeffries,Wilson Chandler,1,4:33,NJN,sub,,,,Terrence Williams,,Josh Boone,,,,,,,,,,,,
Brook Lopez,Chris Douglas-Roberts,Courtney Lee,Devin Harris,Terrence Williams,Al Harrington,Chris Duhon,Danilo Gallinari,David Lee,Wilson Chandler,1,4:33,NYK,sub,,,,Danilo Gallinari,,Jared Jeffries,,,,,,,,,,,,
Brook Lopez,Chris Douglas-Roberts,Courtney Lee,Devin Harris,Terrence Williams,Al Harrington,Chris Duhon,Danilo Gallinari,David Lee,Larry Hughes,1,4:33,NYK,sub,,,,Larry Hughes,,Wilson Chandler,,,,,,,,,,,,
Brook Lopez,Chris Douglas-Roberts,Courtney Lee,Devin Harris,Terrence Williams,Al Harrington,Chris Duhon,Danilo Gallinari,David Lee,Larry Hughes,1,4:33,NYK,free throw,,,,,,,1,,2,Al Harrington,,,foul,made,,,,
Brook Lopez,Chris Douglas-Roberts,Courtney Lee,Devin Harris,Terrence Williams,Al Harrington,Chris Duhon,Danilo Gallinari,David Lee,Larry Hughes,1,4:33,NYK,free throw,,,,,,,2,,2,Al Harrington,,,foul,made,,,,
Brook Lopez,Chris Douglas-Roberts,Courtney Lee,Devin Harris,Terrence Williams,Al Harrington,Chris Duhon,Danilo Gallinari,David Lee,Larry Hughes,1,4:21,NJN,shot,Brook Lopez,,,,,,,,,Devin Harris,2,,,made,,driving layup,25,6
Brook Lopez,Chris Douglas-Roberts,Courtney Lee,Devin Harris,Terrence Williams,Al Harrington,Chris Duhon,Danilo Gallinari,David Lee,Larry Hughes,1,4:21,NYK,foul,,,,,,,,Devin Harris,,David Lee,,,,,,shooting,,
Brook Lopez,Chris Douglas-Roberts,Courtney Lee,Devin Harris,Terrence Williams,Al Harrington,Chris Duhon,Danilo Gallinari,David Lee,Larry Hughes,1,4:21,NJN,free throw,,,,,,,1,,1,Devin Harris,,,foul,made,,,,
Brook Lopez,Chris Douglas-Roberts,Courtney Lee,Devin Harris,Terrence Williams,Al Harrington,Chris Duhon,Danilo Gallinari,David Lee,Larry Hughes,1,4:09,NYK,shot,Al Harrington,,,,,,,,,David Lee,2,,,made,,layup,25,6
Brook Lopez,Chris Douglas-Roberts,Courtney Lee,Devin Harris,Terrence Williams,Al Harrington,Chris Duhon,Danilo Gallinari,David Lee,Larry Hughes,1,4:01,NYK,violation,,,,,,,,,,,,,,,,delay of game,,
Brook Lopez,Chris Douglas-Roberts,Courtney Lee,Devin Harris,Terrence Williams,Al Harrington,Chris Duhon,Danilo Gallinari,David Lee,Larry Hughes,1,3:52,NJN,shot,,,,,,,,,,Devin Harris,,,,missed,,jump,32,19
Brook Lopez,Chris Douglas-Roberts,Courtney Lee,Devin Harris,Terrence Williams,Al Harrington,Chris Duhon,Danilo Gallinari,David Lee,Larry Hughes,1,3:50,NYK,rebound,,,,,,,,,,David Lee,,,,,,def,,
Brook Lopez,Chris Douglas-Roberts,Courtney Lee,Devin Harris,Terrence Williams,Al Harrington,Chris Duhon,Danilo Gallinari,David Lee,Larry Hughes,1,3:26,NYK,shot,,,,,,,,,,Al Harrington,,,,missed,,3pt,4,23
Brook Lopez,Chris Douglas-Roberts,Courtney Lee,Devin Harris,Terrence Williams,Al Harrington,Chris Duhon,Danilo Gallinari,David Lee,Larry Hughes,1,3:26,NYK,rebound,,,,,,,,,,,,,,,,,,
Brook Lopez,Chris Douglas-Roberts,Courtney Lee,Devin Harris,Terrence Williams,Al Harrington,Chris Duhon,Danilo Gallinari,David Lee,Larry Hughes,1,3:26,NYK,turnover,,,,,,,,,,,,,shot clock turnover,,,,,
Brook Lopez,Chris Douglas-Roberts,Courtney Lee,Devin Harris,Terrence Williams,Al Harrington,Chris Duhon,Danilo Gallinari,David Lee,Larry Hughes,1,3:20,NJN,timeout,,,,,,,,,,,,,,,,regular,,
Brook Lopez,Chris Douglas-Roberts,Courtney Lee,Devin Harris,Terrence Williams,Al Harrington,Chris Duhon,Danilo Gallinari,David Lee,Larry Hughes,1,3:14,NJN,shot,,,Danilo Gallinari,,,,,,,Terrence Williams,,,,missed,,jump,24,14
Brook Lopez,Chris Douglas-Roberts,Courtney Lee,Devin Harris,Terrence Williams,Al Harrington,Chris Duhon,Danilo Gallinari,David Lee,Larry Hughes,1,3:12,NYK,rebound,,,,,,,,,,Al Harrington,,,,,,def,,
Brook Lopez,Chris Douglas-Roberts,Courtney Lee,Devin Harris,Terrence Williams,Al Harrington,Chris Duhon,Danilo Gallinari,David Lee,Larry Hughes,1,2:54,NYK,shot,Al Harrington,,,,,,,,,David Lee,2,,,made,,layup,25,6
Brook Lopez,Chris Douglas-Roberts,Courtney Lee,Devin Harris,Terrence Williams,Al Harrington,Chris Duhon,Danilo Gallinari,David Lee,Larry Hughes,1,2:35,NJN,shot,,,,,,,,,,Chris Douglas-Roberts,2,,,made,,driving layup,25,6
Brook Lopez,Chris Douglas-Roberts,Courtney Lee,Devin Harris,Terrence Williams,Al Harrington,Chris Duhon,Danilo Gallinari,David Lee,Larry Hughes,1,2:20,NYK,shot,,,Chris Douglas-Roberts,,,,,,,Danilo Gallinari,,,,missed,,layup,25,6
Brook Lopez,Chris Douglas-Roberts,Courtney Lee,Devin Harris,Terrence Williams,Al Harrington,Chris Duhon,Danilo Gallinari,David Lee,Larry Hughes,1,2:18,NJN,rebound,,,,,,,,,,Chris Douglas-Roberts,,,,,,def,,
Brook Lopez,Chris Douglas-Roberts,Courtney Lee,Devin Harris,Terrence Williams,Al Harrington,Chris Duhon,Danilo Gallinari,David Lee,Larry Hughes,1,2:11,NYK,foul,,,,,,,,Brook Lopez,,Al Harrington,,,,,,personal,,
Brook Lopez,Chris Douglas-Roberts,Courtney Lee,Devin Harris,Terrence Williams,Al Harrington,Chris Duhon,Danilo Gallinari,David Lee,Larry Hughes,1,2:04,NJN,shot,,,,,,,,,,Chris Douglas-Roberts,2,,,made,,pullup jump,37,21
Brook Lopez,Chris Douglas-Roberts,Courtney Lee,Devin Harris,Terrence Williams,Al Harrington,Chris Duhon,Danilo Gallinari,David Lee,Larry Hughes,1,1:52,NYK,turnover,,,,,,,,,,Al Harrington,,,bad pass,,Courtney Lee,,,
Brook Lopez,Chris Douglas-Roberts,Courtney Lee,Devin Harris,Terrence Williams,Al Harrington,Chris Duhon,Danilo Gallinari,David Lee,Larry Hughes,1,1:39,NJN,shot,,,,,,,,,,Terrence Williams,,,,missed,,layup,25,6
Brook Lopez,Chris Douglas-Roberts,Courtney Lee,Devin Harris,Terrence Williams,Al Harrington,Chris Duhon,Danilo Gallinari,David Lee,Larry Hughes,1,1:38,NYK,rebound,,,,,,,,,,Danilo Gallinari,,,,,,def,,
Brook Lopez,Chris Douglas-Roberts,Courtney Lee,Devin Harris,Terrence Williams,Al Harrington,Chris Duhon,Danilo Gallinari,David Lee,Larry Hughes,1,1:25,NYK,shot,Chris Duhon,,,,,,,,,Al Harrington,3,,,made,,3pt,1,11
Brook Lopez,Chris Douglas-Roberts,Courtney Lee,Devin Harris,Terrence Williams,Al Harrington,Chris Duhon,Danilo Gallinari,David Lee,Larry Hughes,1,1:00,NJN,shot,Chris Douglas-Roberts,,,,,,,,,Brook Lopez,2,,,made,,alley oop dunk,25,6
Brook Lopez,Chris Douglas-Roberts,Courtney Lee,Devin Harris,Terrence Williams,Al Harrington,Chris Duhon,Danilo Gallinari,David Lee,Larry Hughes,1,0:43,NYK,shot,,,,,,,,,,Al Harrington,,,,missed,,jump,23,14
Brook Lopez,Chris Douglas-Roberts,Courtney Lee,Devin Harris,Terrence Williams,Al Harrington,Chris Duhon,Danilo Gallinari,David Lee,Larry Hughes,1,0:42,NJN,rebound,,,,,,,,,,Brook Lopez,,,,,,def,,
Brook Lopez,Chris Douglas-Roberts,Courtney Lee,Devin Harris,Terrence Williams,Al Harrington,Chris Duhon,Danilo Gallinari,David Lee,Larry Hughes,1,0:39,NJN,shot,,,,,,,,,,Devin Harris,3,,,made,,3pt,24,32
Brook Lopez,Chris Douglas-Roberts,Courtney Lee,Devin Harris,Terrence Williams,Al Harrington,Chris Duhon,Danilo Gallinari,David Lee,Larry Hughes,1,0:31,NJN,foul,,,,,,,,Al Harrington,,Terrence Williams,,,,,,personal,,
Brook Lopez,Chris Douglas-Roberts,Courtney Lee,Devin Harris,Terrence Williams,Al Harrington,Chris Duhon,Danilo Gallinari,Jared Jeffries,Larry Hughes,1,0:31,NYK,sub,,,,Jared Jeffries,,David Lee,,,,,,,,,,,,
Brook Lopez,Chris Douglas-Roberts,Courtney Lee,Devin Harris,Terrence Williams,Al Harrington,Danilo Gallinari,Jared Jeffries,Larry Hughes,Toney Douglas,1,0:31,NYK,sub,,,,Toney Douglas,,Chris Duhon,,,,,,,,,,,,
Chris Douglas-Roberts,Courtney Lee,Devin Harris,Josh Boone,Terrence Williams,Al Harrington,Danilo Gallinari,Jared Jeffries,Larry Hughes,Toney Douglas,1,0:31,NJN,sub,,,,Josh Boone,,Brook Lopez,,,,,,,,,,,,
Chris Douglas-Roberts,Courtney Lee,Devin Harris,Josh Boone,Terrence Williams,Al Harrington,Danilo Gallinari,Jared Jeffries,Larry Hughes,Toney Douglas,1,0:20,NYK,shot,,,,,,,,,,Toney Douglas,,,,missed,,3pt,25,31
Chris Douglas-Roberts,Courtney Lee,Devin Harris,Josh Boone,Terrence Williams,Al Harrington,Danilo Gallinari,Jared Jeffries,Larry Hughes,Toney Douglas,1,0:19,NJN,rebound,,,,,,,,,,,,,,,,,,
Chris Douglas-Roberts,Courtney Lee,Devin Harris,Josh Boone,Terrence Williams,Al Harrington,Danilo Gallinari,Jared Jeffries,Larry Hughes,Toney Douglas,1,0:01,NJN,shot,,,Larry Hughes,,,,,,,Chris Douglas-Roberts,,,,missed,,jump,20,24
Chris Douglas-Roberts,Courtney Lee,Devin Harris,Josh Boone,Terrence Williams,Al Harrington,Danilo Gallinari,Jared Jeffries,Larry Hughes,Toney Douglas,1,0:00,NYK,rebound,,,,,,,,,,Al Harrington,,,,,,def,,
Chris Douglas-Roberts,Courtney Lee,Josh Boone,Rafer Alston,Terrence Williams,Danilo Gallinari,Jared Jeffries,Larry Hughes,Toney Douglas,Wilson Chandler,2,11:35,NJN,shot,,,,,,,,,,Rafer Alston,,,,missed,,layup,25,6
Chris Douglas-Roberts,Courtney Lee,Josh Boone,Rafer Alston,Terrence Williams,Danilo Gallinari,Jared Jeffries,Larry Hughes,Toney Douglas,Wilson Chandler,2,11:34,NJN,rebound,,,,,,,,,,Rafer Alston,,,,,,off,,
Chris Douglas-Roberts,Courtney Lee,Josh Boone,Rafer Alston,Terrence Williams,Danilo Gallinari,Jared Jeffries,Larry Hughes,Toney Douglas,Wilson Chandler,2,11:23,NJN,shot,,,,,,,,,,Rafer Alston,,,,missed,,3pt,13,28
Chris Douglas-Roberts,Courtney Lee,Josh Boone,Rafer Alston,Terrence Williams,Danilo Gallinari,Jared Jeffries,Larry Hughes,Toney Douglas,Wilson Chandler,2,11:22,NYK,rebound,,,,,,,,,,Danilo Gallinari,,,,,,def,,
Chris Douglas-Roberts,Courtney Lee,Josh Boone,Rafer Alston,Terrence Williams,Danilo Gallinari,Jared Jeffries,Larry Hughes,Toney Douglas,Wilson Chandler,2,11:12,NYK,shot,,,Josh Boone,,,,,,,Wilson Chandler,,,,missed,,layup,25,6
Chris Douglas-Roberts,Courtney Lee,Josh Boone,Rafer Alston,Terrence Williams,Danilo Gallinari,Jared Jeffries,Larry Hughes,Toney Douglas,Wilson Chandler,2,11:11,NYK,rebound,,,,,,,,,,Wilson Chandler,,,,,,off,,
Chris Douglas-Roberts,Courtney Lee,Josh Boone,Rafer Alston,Terrence Williams,Danilo Gallinari,Jared Jeffries,Larry Hughes,Toney Douglas,Wilson Chandler,2,11:10,NYK,shot,,,,,,,,,,Wilson Chandler,,,,missed,,layup,25,6
Chris Douglas-Roberts,Courtney Lee,Josh Boone,Rafer Alston,Terrence Williams,Danilo Gallinari,Jared Jeffries,Larry Hughes,Toney Douglas,Wilson Chandler,2,11:08,NYK,rebound,,,,,,,,,,Wilson Chandler,,,,,,off,,
Chris Douglas-Roberts,Courtney Lee,Josh Boone,Rafer Alston,Terrence Williams,Danilo Gallinari,Jared Jeffries,Larry Hughes,Toney Douglas,Wilson Chandler,2,11:08,NYK,shot,,,,,,,,,,Wilson Chandler,2,,,made,,tip,25,6
Chris Douglas-Roberts,Courtney Lee,Josh Boone,Rafer Alston,Terrence Williams,Danilo Gallinari,Jared Jeffries,Larry Hughes,Toney Douglas,Wilson Chandler,2,10:56,NJN,turnover,,,,,,,,,,Chris Douglas-Roberts,,,traveling,,,,,
Chris Douglas-Roberts,Josh Boone,Keyon Dooling,Rafer Alston,Terrence Williams,Danilo Gallinari,Jared Jeffries,Larry Hughes,Toney Douglas,Wilson Chandler,2,10:56,NJN,sub,,,,Keyon Dooling,,Courtney Lee,,,,,,,,,,,,
Chris Douglas-Roberts,Josh Boone,Keyon Dooling,Rafer Alston,Terrence Williams,Danilo Gallinari,Jared Jeffries,Larry Hughes,Toney Douglas,Wilson Chandler,2,10:46,NYK,shot,Wilson Chandler,,,,,,,,,Danilo Gallinari,3,,,made,,3pt,6,24
Chris Douglas-Roberts,Josh Boone,Keyon Dooling,Rafer Alston,Terrence Williams,Danilo Gallinari,Jared Jeffries,Larry Hughes,Toney Douglas,Wilson Chandler,2,10:31,NJN,shot,,,,,,,,,,Terrence Williams,,,,missed,,jump,34,20
Chris Douglas-Roberts,Josh Boone,Keyon Dooling,Rafer Alston,Terrence Williams,Danilo Gallinari,Jared Jeffries,Larry Hughes,Toney Douglas,Wilson Chandler,2,10:30,NJN,rebound,,,,,,,,,,Josh Boone,,,,,,off,,
Chris Douglas-Roberts,Josh Boone,Keyon Dooling,Rafer Alston,Terrence Williams,Danilo Gallinari,Jared Jeffries,Larry Hughes,Toney Douglas,Wilson Chandler,2,10:24,NJN,shot,,,,,,,,,,Josh Boone,,,,missed,,layup,25,6
Chris Douglas-Roberts,Josh Boone,Keyon Dooling,Rafer Alston,Terrence Williams,Danilo Gallinari,Jared Jeffries,Larry Hughes,Toney Douglas,Wilson Chandler,2,10:23,NYK,rebound,,,,,,,,,,Toney Douglas,,,,,,def,,
Chris Douglas-Roberts,Josh Boone,Keyon Dooling,Rafer Alston,Terrence Williams,Danilo Gallinari,Jared Jeffries,Larry Hughes,Toney Douglas,Wilson Chandler,2,10:23,NYK,turnover,,,,,,,,,,Toney Douglas,,,step out of bounds turnover,,,,,
Chris Douglas-Roberts,Josh Boone,Keyon Dooling,Rafer Alston,Trenton Hassell,Danilo Gallinari,Jared Jeffries,Larry Hughes,Toney Douglas,Wilson Chandler,2,10:23,NJN,sub,,,,Trenton Hassell,,Terrence Williams,,,,,,,,,,,,
Chris Douglas-Roberts,Josh Boone,Keyon Dooling,Rafer Alston,Trenton Hassell,Danilo Gallinari,Jared Jeffries,Larry Hughes,Toney Douglas,Wilson Chandler,2,10:17,NJN,shot,Chris Douglas-Roberts,,,,,,,,,Keyon Dooling,2,,,made,,jump,37,20
Chris Douglas-Roberts,Josh Boone,Keyon Dooling,Rafer Alston,Trenton Hassell,Danilo Gallinari,Jared Jeffries,Larry Hughes,Toney Douglas,Wilson Chandler,2,10:07,NJN,foul,,,,,,,,Jared Jeffries,,Trenton Hassell,,,,,,shooting,,
Chris Douglas-Roberts,Josh Boone,Keyon Dooling,Rafer Alston,Trenton Hassell,Danilo Gallinari,Jared Jeffries,Larry Hughes,Toney Douglas,Wilson Chandler,2,10:07,NYK,free throw,,,,,,,1,,2,Jared Jeffries,,,foul,made,,,,
Chris Douglas-Roberts,Josh Boone,Keyon Dooling,Rafer Alston,Trenton Hassell,Danilo Gallinari,Jared Jeffries,Larry Hughes,Toney Douglas,Wilson Chandler,2,10:07,NYK,free throw,,,,,,,2,,2,Jared Jeffries,,,foul,missed,,,,
Chris Douglas-Roberts,Josh Boone,Keyon Dooling,Rafer Alston,Trenton Hassell,Danilo Gallinari,Jared Jeffries,Larry Hughes,Toney Douglas,Wilson Chandler,2,10:01,NJN,rebound,,,,,,,,,,Josh Boone,,,,,,def,,
Chris Douglas-Roberts,Josh Boone,Keyon Dooling,Rafer Alston,Trenton Hassell,Danilo Gallinari,Jared Jeffries,Larry Hughes,Toney Douglas,Wilson Chandler,2,9:52,NJN,shot,Rafer Alston,,,,,,,,,Trenton Hassell,2,,,made,,jump,44,6
Chris Douglas-Roberts,Josh Boone,Keyon Dooling,Rafer Alston,Trenton Hassell,Danilo Gallinari,Jared Jeffries,Larry Hughes,Toney Douglas,Wilson Chandler,2,9:41,NYK,turnover,,,,,,,,,,Larry Hughes,,,bad pass,,Chris Douglas-Roberts,,,
Chris Douglas-Roberts,Josh Boone,Keyon Dooling,Rafer Alston,Trenton Hassell,Danilo Gallinari,Jared Jeffries,Larry Hughes,Toney Douglas,Wilson Chandler,2,9:27,NJN,shot,,,,,,,,,,Keyon Dooling,2,,,made,,jump,16,23
Chris Douglas-Roberts,Josh Boone,Keyon Dooling,Rafer Alston,Trenton Hassell,Danilo Gallinari,Jared Jeffries,Larry Hughes,Toney Douglas,Wilson Chandler,2,9:16,NJN,foul,,,,,,,,Danilo Gallinari,,Chris Douglas-Roberts,,,,,,personal,,
Chris Douglas-Roberts,Josh Boone,Keyon Dooling,Rafer Alston,Trenton Hassell,Danilo Gallinari,Jared Jeffries,Larry Hughes,Toney Douglas,Wilson Chandler,2,9:11,NYK,shot,Wilson Chandler,,,,,,,,,Danilo Gallinari,3,,,made,,3pt,4,24
Chris Douglas-Roberts,Josh Boone,Keyon Dooling,Rafer Alston,Trenton Hassell,Danilo Gallinari,Jared Jeffries,Larry Hughes,Toney Douglas,Wilson Chandler,2,8:54,NJN,shot,,,,,,,,,,Trenton Hassell,,,,missed,,jump,8,16
Chris Douglas-Roberts,Josh Boone,Keyon Dooling,Rafer Alston,Trenton Hassell,Danilo Gallinari,Jared Jeffries,Larry Hughes,Toney Douglas,Wilson Chandler,2,8:53,NJN,rebound,,,,,,,,,,Rafer Alston,,,,,,off,,
Chris Douglas-Roberts,Josh Boone,Keyon Dooling,Rafer Alston,Trenton Hassell,Danilo Gallinari,Jared Jeffries,Larry Hughes,Toney Douglas,Wilson Chandler,2,8:46,NJN,shot,,,,,,,,,,Keyon Dooling,,,,missed,,layup,25,6
Chris Douglas-Roberts,Josh Boone,Keyon Dooling,Rafer Alston,Trenton Hassell,Danilo Gallinari,Jared Jeffries,Larry Hughes,Toney Douglas,Wilson Chandler,2,8:45,NYK,rebound,,,,,,,,,,Wilson Chandler,,,,,,def,,
Chris Douglas-Roberts,Josh Boone,Keyon Dooling,Rafer Alston,Trenton Hassell,Danilo Gallinari,Jared Jeffries,Larry Hughes,Toney Douglas,Wilson Chandler,2,8:40,NYK,shot,Larry Hughes,,,,,,,,,Toney Douglas,2,,,made,,layup,25,6
Chris Douglas-Roberts,Josh Boone,Keyon Dooling,Rafer Alston,Trenton Hassell,Danilo Gallinari,Jared Jeffries,Larry Hughes,Toney Douglas,Wilson Chandler,2,8:30,NJN,shot,Rafer Alston,,,,,,,,,Josh Boone,2,,,made,,layup,25,6
Chris Douglas-Roberts,Josh Boone,Keyon Dooling,Rafer Alston,Trenton Hassell,Danilo Gallinari,Jared Jeffries,Larry Hughes,Toney Douglas,Wilson Chandler,2,8:16,NYK,shot,,,,,,,,,,Jared Jeffries,,,,missed,,layup,25,6
Chris Douglas-Roberts,Josh Boone,Keyon Dooling,Rafer Alston,Trenton Hassell,Danilo Gallinari,Jared Jeffries,Larry Hughes,Toney Douglas,Wilson Chandler,2,8:15,NJN,rebound,,,,,,,,,,Rafer Alston,,,,,,def,,
Chris Douglas-Roberts,Josh Boone,Keyon Dooling,Rafer Alston,Trenton Hassell,Danilo Gallinari,Jared Jeffries,Larry Hughes,Toney Douglas,Wilson Chandler,2,8:10,NYK,foul,,,,,,,,Trenton Hassell,,Wilson Chandler,,,,,,shooting,,
Chris Douglas-Roberts,Josh Boone,Keyon Dooling,Rafer Alston,Trenton Hassell,Danilo Gallinari,Jared Jeffries,Larry Hughes,Toney Douglas,Wilson Chandler,2,8:10,NJN,timeout,,,,,,,,,,,,,,,,official,,
Devin Harris,Josh Boone,Keyon Dooling,Rafer Alston,Trenton Hassell,Danilo Gallinari,Jared Jeffries,Larry Hughes,Toney Douglas,Wilson Chandler,2,8:10,NJN,sub,,,,Devin Harris,,Chris Douglas-Roberts,,,,,,,,,,,,
Devin Harris,Josh Boone,Keyon Dooling,Rafer Alston,Trenton Hassell,Danilo Gallinari,Jared Jeffries,Larry Hughes,Toney Douglas,Wilson Chandler,2,8:10,NJN,free throw,,,,,,,1,,2,Trenton Hassell,,,foul,made,,,,
Devin Harris,Josh Boone,Keyon Dooling,Rafer Alston,Trenton Hassell,Danilo Gallinari,Jared Jeffries,Larry Hughes,Toney Douglas,Wilson Chandler,2,8:10,NJN,free throw,,,,,,,2,,2,Trenton Hassell,,,foul,made,,,,
Devin Harris,Josh Boone,Keyon Dooling,Rafer Alston,Trenton Hassell,Danilo Gallinari,Jared Jeffries,Larry Hughes,Toney Douglas,Wilson Chandler,2,7:53,NJN,foul,,,,,,,,Jared Jeffries,,Josh Boone,,,,,,shooting,,
Devin Harris,Josh Boone,Keyon Dooling,Rafer Alston,Trenton Hassell,Danilo Gallinari,Jared Jeffries,Larry Hughes,Toney Douglas,Wilson Chandler,2,7:53,NYK,free throw,,,,,,,1,,2,Jared Jeffries,,,foul,missed,,,,
Devin Harris,Josh Boone,Keyon Dooling,Rafer Alston,Trenton Hassell,Danilo Gallinari,Jared Jeffries,Larry Hughes,Toney Douglas,Wilson Chandler,2,7:53,NYK,rebound,,,,,,,,,,,,,,,,,,
Brook Lopez,Devin Harris,Keyon Dooling,Rafer Alston,Trenton Hassell,Danilo Gallinari,Jared Jeffries,Larry Hughes,Toney Douglas,Wilson Chandler,2,7:53,NJN,sub,,,,Brook Lopez,,Josh Boone,,,,,,,,,,,,
Brook Lopez,Devin Harris,Keyon Dooling,Rafer Alston,Trenton Hassell,Danilo Gallinari,Jared Jeffries,Larry Hughes,Toney Douglas,Wilson Chandler,2,7:53,NYK,free throw,,,,,,,2,,2,Jared Jeffries,,,foul,made,,,,
Brook Lopez,Devin Harris,Keyon Dooling,Rafer Alston,Trenton Hassell,Danilo Gallinari,Jared Jeffries,Larry Hughes,Toney Douglas,Wilson Chandler,2,7:34,NJN,shot,,,,,,,,,,Keyon Dooling,2,,,made,,pullup jump,11,16
Brook Lopez,Devin Harris,Keyon Dooling,Rafer Alston,Trenton Hassell,Danilo Gallinari,Jared Jeffries,Larry Hughes,Toney Douglas,Wilson Chandler,2,7:13,NYK,shot,,,,,,,,,,Toney Douglas,,,,missed,,3pt,8,26
Brook Lopez,Devin Harris,Keyon Dooling,Rafer Alston,Trenton Hassell,Danilo Gallinari,Jared Jeffries,Larry Hughes,Toney Douglas,Wilson Chandler,2,7:11,NJN,rebound,,,,,,,,,,Rafer Alston,,,,,,def,,
Brook Lopez,Devin Harris,Keyon Dooling,Rafer Alston,Trenton Hassell,Danilo Gallinari,Jared Jeffries,Larry Hughes,Toney Douglas,Wilson Chandler,2,7:02,NJN,shot,Rafer Alston,,,,,,,,,Keyon Dooling,3,,,made,,3pt,48,6
Brook Lopez,Devin Harris,Keyon Dooling,Rafer Alston,Trenton Hassell,Danilo Gallinari,Jared Jeffries,Larry Hughes,Toney Douglas,Wilson Chandler,2,7:01,NYK,timeout,,,,,,,,,,,,,,,,regular,,
Brook Lopez,Devin Harris,Keyon Dooling,Rafer Alston,Trenton Hassell,Danilo Gallinari,David Lee,Larry Hughes,Toney Douglas,Wilson Chandler,2,7:01,NYK,sub,,,,David Lee,,Jared Jeffries,,,,,,,,,,,,
Brook Lopez,Devin Harris,Keyon Dooling,Rafer Alston,Trenton Hassell,Al Harrington,Danilo Gallinari,David Lee,Toney Douglas,Wilson Chandler,2,7:01,NYK,sub,,,,Al Harrington,,Larry Hughes,,,,,,,,,,,,
Brook Lopez,Devin Harris,Keyon Dooling,Rafer Alston,Trenton Hassell,Al Harrington,Chris Duhon,Danilo Gallinari,David Lee,Wilson Chandler,2,7:01,NYK,sub,,,,Chris Duhon,,Toney Douglas,,,,,,,,,,,,
Brook Lopez,Devin Harris,Keyon Dooling,Rafer Alston,Trenton Hassell,Al Harrington,Chris Duhon,Danilo Gallinari,David Lee,Wilson Chandler,2,6:55,NYK,turnover,,,,,,,,,,Danilo Gallinari,,,traveling,,,,,
Brook Lopez,Devin Harris,Keyon Dooling,Rafer Alston,Trenton Hassell,Al Harrington,Chris Duhon,Danilo Gallinari,David Lee,Wilson Chandler,2,6:44,NJN,shot,Brook Lopez,,,,,,,,,Devin Harris,2,,,made,,driving layup,25,6
Brook Lopez,Devin Harris,Keyon Dooling,Rafer Alston,Trenton Hassell,Al Harrington,Chris Duhon,Danilo Gallinari,David Lee,Wilson Chandler,2,6:44,NYK,foul,,,,,,,,Devin Harris,,Wilson Chandler,,,,,,shooting,,
Brook Lopez,Courtney Lee,Devin Harris,Rafer Alston,Trenton Hassell,Al Harrington,Chris Duhon,Danilo Gallinari,David Lee,Wilson Chandler,2,6:44,NJN,sub,,,,Courtney Lee,,Keyon Dooling,,,,,,,,,,,,
Brook Lopez,Courtney Lee,Devin Harris,Rafer Alston,Trenton Hassell,Al Harrington,Chris Duhon,Danilo Gallinari,David Lee,Wilson Chandler,2,6:44,NJN,free throw,,,,,,,1,,1,Devin Harris,,,foul,made,,,,
Brook Lopez,Courtney Lee,Devin Harris,Rafer Alston,Trenton Hassell,Al Harrington,Chris Duhon,Danilo Gallinari,David Lee,Wilson Chandler,2,6:28,NYK,shot,,,,,,,,,,Chris Duhon,,,,missed,,3pt,1,6
Brook Lopez,Courtney Lee,Devin Harris,Rafer Alston,Trenton Hassell,Al Harrington,Chris Duhon,Danilo Gallinari,David Lee,Wilson Chandler,2,6:27,NJN,rebound,,,,,,,,,,Rafer Alston,,,,,,def,,
Brook Lopez,Courtney Lee,Devin Harris,Rafer Alston,Trenton Hassell,Al Harrington,Chris Duhon,Danilo Gallinari,David Lee,Wilson Chandler,2,6:24,NYK,foul,,,,,,,,Rafer Alston,,Danilo Gallinari,,,,,,shooting,,
Brook Lopez,Courtney Lee,Devin Harris,Rafer Alston,Trenton Hassell,Al Harrington,Chris Duhon,Danilo Gallinari,David Lee,Wilson Chandler,2,6:24,NJN,free throw,,,,,,,1,,2,Rafer Alston,,,foul,missed,,,,
Brook Lopez,Courtney Lee,Devin Harris,Rafer Alston,Trenton Hassell,Al Harrington,Chris Duhon,Danilo Gallinari,David Lee,Wilson Chandler,2,6:24,NJN,rebound,,,,,,,,,,,,,,,,,,
Brook Lopez,Courtney Lee,Devin Harris,Rafer Alston,Trenton Hassell,Al Harrington,Chris Duhon,Danilo Gallinari,David Lee,Wilson Chandler,2,6:24,NJN,free throw,,,,,,,2,,2,Rafer Alston,,,foul,made,,,,
Brook Lopez,Courtney Lee,Devin Harris,Rafer Alston,Trenton Hassell,Al Harrington,Chris Duhon,Danilo Gallinari,David Lee,Wilson Chandler,2,6:16,NYK,turnover,,,,,,,,,,Wilson Chandler,,,bad pass,,,,,
Brook Lopez,Chris Douglas-Roberts,Courtney Lee,Devin Harris,Trenton Hassell,Al Harrington,Chris Duhon,Danilo Gallinari,David Lee,Wilson Chandler,2,6:16,NJN,sub,,,,Chris Douglas-Roberts,,Rafer Alston,,,,,,,,,,,,
Brook Lopez,Chris Douglas-Roberts,Courtney Lee,Devin Harris,Trenton Hassell,Al Harrington,Chris Duhon,Danilo Gallinari,David Lee,Wilson Chandler,2,5:58,NJN,turnover,,,,,,,,,,Courtney Lee,,,palming turnover,,,,,
Brook Lopez,Chris Douglas-Roberts,Courtney Lee,Devin Harris,Trenton Hassell,Al Harrington,Chris Duhon,Danilo Gallinari,David Lee,Larry Hughes,2,5:58,NYK,sub,,,,Larry Hughes,,Wilson Chandler,,,,,,,,,,,,
Brook Lopez,Chris Douglas-Roberts,Courtney Lee,Devin Harris,Trenton Hassell,Al Harrington,Chris Duhon,Danilo Gallinari,David Lee,Larry Hughes,2,5:48,NJN,foul,,,,,,,,Danilo Gallinari,,Chris Douglas-Roberts,,,,,,personal,,
Brook Lopez,Chris Douglas-Roberts,Courtney Lee,Devin Harris,Trenton Hassell,Al Harrington,Chris Duhon,Danilo Gallinari,David Lee,Larry Hughes,2,5:47,NJN,foul,,,,,,,,Larry Hughes,,Courtney Lee,,,,,,personal,,
Brook Lopez,Chris Douglas-Roberts,Courtney Lee,Devin Harris,Trenton Hassell,Al Harrington,Chris Duhon,Danilo Gallinari,David Lee,Larry Hughes,2,5:47,NYK,free throw,,,,,,,1,,2,Larry Hughes,,,foul,made,,,,
Brook Lopez,Chris Douglas-Roberts,Courtney Lee,Devin Harris,Trenton Hassell,Al Harrington,Chris Duhon,Danilo Gallinari,David Lee,Larry Hughes,2,5:47,NYK,free throw,,,,,,,2,,2,Larry Hughes,,,foul,made,,,,
Brook Lopez,Chris Douglas-Roberts,Courtney Lee,Devin Harris,Trenton Hassell,Al Harrington,Chris Duhon,Danilo Gallinari,David Lee,Larry Hughes,2,5:29,NJN,shot,,,,,,,,,,Devin Harris,,,,missed,,jump,15,24
Brook Lopez,Chris Douglas-Roberts,Courtney Lee,Devin Harris,Trenton Hassell,Al Harrington,Chris Duhon,Danilo Gallinari,David Lee,Larry Hughes,2,5:28,NYK,rebound,,,,,,,,,,Danilo Gallinari,,,,,,def,,
Brook Lopez,Chris Douglas-Roberts,Courtney Lee,Devin Harris,Trenton Hassell,Al Harrington,Chris Duhon,Danilo Gallinari,David Lee,Larry Hughes,2,5:18,NYK,shot,,,Brook Lopez,,,,,,,David Lee,,,,missed,,layup,25,6
Brook Lopez,Chris Douglas-Roberts,Courtney Lee,Devin Harris,Trenton Hassell,Al Harrington,Chris Duhon,Danilo Gallinari,David Lee,Larry Hughes,2,5:16,NJN,rebound,,,,,,,,,,Courtney Lee,,,,,,def,,
Brook Lopez,Chris Douglas-Roberts,Courtney Lee,Devin Harris,Trenton Hassell,Al Harrington,Chris Duhon,Danilo Gallinari,David Lee,Larry Hughes,2,5:12,NJN,shot,,,,,,,,,,Courtney Lee,,,,missed,,layup,25,6
Brook Lopez,Chris Douglas-Roberts,Courtney Lee,Devin Harris,Trenton Hassell,Al Harrington,Chris Duhon,Danilo Gallinari,David Lee,Larry Hughes,2,5:11,NJN,rebound,,,,,,,,,,Trenton Hassell,,,,,,off,,
Brook Lopez,Chris Douglas-Roberts,Courtney Lee,Devin Harris,Trenton Hassell,Al Harrington,Chris Duhon,Danilo Gallinari,David Lee,Larry Hughes,2,5:04,NJN,shot,Trenton Hassell,,,,,,,,,Chris Douglas-Roberts,2,,,made,,layup,25,6
Brook Lopez,Chris Douglas-Roberts,Courtney Lee,Devin Harris,Trenton Hassell,Al Harrington,Chris Duhon,Danilo Gallinari,David Lee,Larry Hughes,2,4:52,NYK,shot,,,,,,,,,,Chris Duhon,2,,,made,,driving layup,25,6
Brook Lopez,Chris Douglas-Roberts,Courtney Lee,Devin Harris,Trenton Hassell,Al Harrington,Chris Duhon,Danilo Gallinari,David Lee,Larry Hughes,2,4:42,NYK,foul,,,,,,,,Brook Lopez,,Danilo Gallinari,,,,,,shooting,,
Brook Lopez,Chris Douglas-Roberts,Courtney Lee,Devin Harris,Trenton Hassell,Al Harrington,Chris Duhon,David Lee,Jared Jeffries,Larry Hughes,2,4:42,NYK,sub,,,,Jared Jeffries,,Danilo Gallinari,,,,,,,,,,,,
Brook Lopez,Chris Douglas-Roberts,Courtney Lee,Devin Harris,Trenton Hassell,Al Harrington,Chris Duhon,David Lee,Jared Jeffries,Larry Hughes,2,4:42,NJN,free throw,,,,,,,1,,2,Brook Lopez,,,foul,made,,,,
Brook Lopez,Chris Douglas-Roberts,Courtney Lee,Devin Harris,Trenton Hassell,Al Harrington,Chris Duhon,David Lee,Jared Jeffries,Larry Hughes,2,4:42,NJN,free throw,,,,,,,2,,2,Brook Lopez,,,foul,made,,,,
Brook Lopez,Chris Douglas-Roberts,Courtney Lee,Devin Harris,Trenton Hassell,Al Harrington,Chris Duhon,David Lee,Jared Jeffries,Larry Hughes,2,4:29,NJN,foul,,,,,,,,Al Harrington,,Brook Lopez,,,,,,shooting,,
Brook Lopez,Chris Douglas-Roberts,Courtney Lee,Devin Harris,Trenton Hassell,Al Harrington,Chris Duhon,David Lee,Jared Jeffries,Larry Hughes,2,4:29,NYK,free throw,,,,,,,1,,2,Al Harrington,,,foul,made,,,,
Brook Lopez,Chris Douglas-Roberts,Courtney Lee,Devin Harris,Trenton Hassell,Al Harrington,Chris Duhon,David Lee,Jared Jeffries,Larry Hughes,2,4:29,NYK,free throw,,,,,,,2,,2,Al Harrington,,,foul,made,,,,
Brook Lopez,Chris Douglas-Roberts,Courtney Lee,Devin Harris,Trenton Hassell,Al Harrington,Chris Duhon,David Lee,Jared Jeffries,Larry Hughes,2,4:21,NJN,shot,Devin Harris,,,,,,,,,Brook Lopez,2,,,made,,alley oop dunk,25,6
Brook Lopez,Chris Douglas-Roberts,Courtney Lee,Devin Harris,Trenton Hassell,Al Harrington,Chris Duhon,David Lee,Jared Jeffries,Larry Hughes,2,4:05,NYK,shot,,,,,,,,,,David Lee,,,,missed,,layup,25,6
Brook Lopez,Chris Douglas-Roberts,Courtney Lee,Devin Harris,Trenton Hassell,Al Harrington,Chris Duhon,David Lee,Jared Jeffries,Larry Hughes,2,4:04,NJN,rebound,,,,,,,,,,Brook Lopez,,,,,,def,,
Brook Lopez,Chris Douglas-Roberts,Courtney Lee,Devin Harris,Trenton Hassell,Al Harrington,Chris Duhon,David Lee,Jared Jeffries,Larry Hughes,2,3:52,NJN,shot,,,,,,,,,,Devin Harris,2,,,made,,driving layup,25,6
Brook Lopez,Chris Douglas-Roberts,Courtney Lee,Devin Harris,Trenton Hassell,Al Harrington,Chris Duhon,David Lee,Jared Jeffries,Larry Hughes,2,3:30,NYK,shot,,,,,,,,,,David Lee,2,,,made,,jump,9,8
Brook Lopez,Chris Douglas-Roberts,Courtney Lee,Devin Harris,Trenton Hassell,Al Harrington,Chris Duhon,David Lee,Jared Jeffries,Larry Hughes,2,3:11,NJN,shot,,,,,,,,,,Chris Douglas-Roberts,,,,missed,,3pt,49,6
Brook Lopez,Chris Douglas-Roberts,Courtney Lee,Devin Harris,Trenton Hassell,Al Harrington,Chris Duhon,David Lee,Jared Jeffries,Larry Hughes,2,3:10,NYK,rebound,,,,,,,,,,David Lee,,,,,,def,,
Brook Lopez,Chris Douglas-Roberts,Courtney Lee,Devin Harris,Trenton Hassell,Al Harrington,Chris Duhon,David Lee,Jared Jeffries,Larry Hughes,2,3:03,NYK,shot,,,,,,,,,,Larry Hughes,2,,,made,,driving layup,25,6
Brook Lopez,Chris Douglas-Roberts,Courtney Lee,Devin Harris,Trenton Hassell,Al Harrington,Chris Duhon,David Lee,Jared Jeffries,Larry Hughes,2,3:03,NJN,foul,,,,,,,,Larry Hughes,,Brook Lopez,,,,,,shooting,,
Brook Lopez,Chris Douglas-Roberts,Courtney Lee,Devin Harris,Trenton Hassell,Al Harrington,Chris Duhon,David Lee,Jared Jeffries,Larry Hughes,2,3:03,NYK,free throw,,,,,,,1,,1,Larry Hughes,,,foul,made,,,,
Brook Lopez,Chris Douglas-Roberts,Courtney Lee,Devin Harris,Trenton Hassell,Al Harrington,Chris Duhon,David Lee,Jared Jeffries,Larry Hughes,2,2:57,NJN,timeout,,,,,,,,,,,,,,,,regular,,
Brook Lopez,Chris Douglas-Roberts,Courtney Lee,Devin Harris,Trenton Hassell,Al Harrington,Chris Duhon,David Lee,Jared Jeffries,Larry Hughes,2,2:46,NJN,turnover,,,,,,,,,,Brook Lopez,,,lost ball,,Jared Jeffries,,,
Brook Lopez,Chris Douglas-Roberts,Courtney Lee,Devin Harris,Trenton Hassell,Al Harrington,Chris Duhon,David Lee,Jared Jeffries,Larry Hughes,2,2:27,NYK,turnover,,,,,,,,,,Chris Duhon,,,bad pass,,,,,
Chris Douglas-Roberts,Courtney Lee,Devin Harris,Josh Boone,Trenton Hassell,Al Harrington,Chris Duhon,David Lee,Jared Jeffries,Larry Hughes,2,2:27,NJN,sub,,,,Josh Boone,,Brook Lopez,,,,,,,,,,,,
Chris Douglas-Roberts,Courtney Lee,Devin Harris,Josh Boone,Trenton Hassell,Al Harrington,Chris Duhon,David Lee,Jared Jeffries,Larry Hughes,2,2:05,NJN,shot,,,,,,,,,,Devin Harris,,,,missed,,3pt,29,33
Chris Douglas-Roberts,Courtney Lee,Devin Harris,Josh Boone,Trenton Hassell,Al Harrington,Chris Duhon,David Lee,Jared Jeffries,Larry Hughes,2,2:04,NYK,rebound,,,,,,,,,,David Lee,,,,,,def,,
Chris Douglas-Roberts,Courtney Lee,Devin Harris,Josh Boone,Trenton Hassell,Al Harrington,Chris Duhon,David Lee,Jared Jeffries,Larry Hughes,2,1:45,NYK,shot,,,,,,,,,,Chris Duhon,,,,missed,,layup,25,6
Chris Douglas-Roberts,Courtney Lee,Devin Harris,Josh Boone,Trenton Hassell,Al Harrington,Chris Duhon,David Lee,Jared Jeffries,Larry Hughes,2,1:45,NJN,rebound,,,,,,,,,,Josh Boone,,,,,,def,,
Chris Douglas-Roberts,Courtney Lee,Devin Harris,Josh Boone,Trenton Hassell,Al Harrington,Chris Duhon,David Lee,Jared Jeffries,Larry Hughes,2,1:34,NJN,shot,,,,,,,,,,Chris Douglas-Roberts,2,,,made,,pullup jump,8,7
Chris Douglas-Roberts,Courtney Lee,Devin Harris,Josh Boone,Trenton Hassell,Al Harrington,Chris Duhon,David Lee,Jared Jeffries,Larry Hughes,2,1:16,NYK,foul,,,,,,,,Devin Harris,,Jared Jeffries,,,,,,offensive,,
Chris Douglas-Roberts,Courtney Lee,Devin Harris,Josh Boone,Trenton Hassell,Al Harrington,Chris Duhon,David Lee,Jared Jeffries,Larry Hughes,2,1:16,NYK,turnover,,,,,,,,,,Jared Jeffries,,,foul,,,,,
Chris Douglas-Roberts,Courtney Lee,Devin Harris,Josh Boone,Trenton Hassell,Al Harrington,Chris Duhon,David Lee,Jared Jeffries,Larry Hughes,2,0:55,NJN,shot,,,,,,,,,,Devin Harris,,,,missed,,3pt,21,32
Chris Douglas-Roberts,Courtney Lee,Devin Harris,Josh Boone,Trenton Hassell,Al Harrington,Chris Duhon,David Lee,Jared Jeffries,Larry Hughes,2,0:54,NYK,rebound,,,,,,,,,,Al Harrington,,,,,,def,,
Chris Douglas-Roberts,Courtney Lee,Devin Harris,Josh Boone,Trenton Hassell,Al Harrington,Chris Duhon,David Lee,Jared Jeffries,Larry Hughes,2,0:46,NYK,shot,,,,,,,,,,Larry Hughes,,,,missed,,jump,10,7
Chris Douglas-Roberts,Courtney Lee,Devin Harris,Josh Boone,Trenton Hassell,Al Harrington,Chris Duhon,David Lee,Jared Jeffries,Larry Hughes,2,0:46,NYK,rebound,,,,,,,,,,,,,,,,,,
Chris Douglas-Roberts,Courtney Lee,Devin Harris,Josh Boone,Trenton Hassell,Al Harrington,Chris Duhon,David Lee,Jared Jeffries,Larry Hughes,2,0:46,NJN,foul,,,,,,,,Jared Jeffries,,Devin Harris,,,,,,loose ball,,
Chris Douglas-Roberts,Courtney Lee,Devin Harris,Josh Boone,Trenton Hassell,Al Harrington,Chris Duhon,David Lee,Jared Jeffries,Larry Hughes,2,0:46,NYK,free throw,,,,,,,1,,2,Jared Jeffries,,,foul,made,,,,
Chris Douglas-Roberts,Courtney Lee,Josh Boone,Rafer Alston,Trenton Hassell,Al Harrington,Chris Duhon,David Lee,Jared Jeffries,Larry Hughes,2,0:46,NJN,sub,,,,Rafer Alston,,Devin Harris,,,,,,,,,,,,
Chris Douglas-Roberts,Courtney Lee,Josh Boone,Rafer Alston,Trenton Hassell,Al Harrington,Chris Duhon,David Lee,Jared Jeffries,Larry Hughes,2,0:46,NYK,free throw,,,,,,,2,,2,Jared Jeffries,,,foul,made,,,,
Chris Douglas-Roberts,Courtney Lee,Josh Boone,Rafer Alston,Trenton Hassell,Al Harrington,Chris Duhon,David Lee,Jared Jeffries,Larry Hughes,2,0:41,NJN,timeout,,,,,,,,,,,,,,,,short,,
Chris Douglas-Roberts,Courtney Lee,Josh Boone,Rafer Alston,Trenton Hassell,Al Harrington,Chris Duhon,David Lee,Jared Jeffries,Larry Hughes,2,0:27,NJN,shot,,,,,,,,,,Rafer Alston,,,,missed,,layup,25,6
Chris Douglas-Roberts,Courtney Lee,Josh Boone,Rafer Alston,Trenton Hassell,Al Harrington,Chris Duhon,David Lee,Jared Jeffries,Larry Hughes,2,0:26,NYK,rebound,,,,,,,,,,Al Harrington,,,,,,def,,
Chris Douglas-Roberts,Courtney Lee,Josh Boone,Rafer Alston,Trenton Hassell,Al Harrington,Chris Duhon,David Lee,Jared Jeffries,Larry Hughes,2,0:06,NYK,shot,Al Harrington,,,,,,,,,David Lee,2,,,made,,layup,25,6
Chris Douglas-Roberts,Courtney Lee,Josh Boone,Rafer Alston,Trenton Hassell,Al Harrington,Chris Duhon,David Lee,Jared Jeffries,Larry Hughes,2,0:00,NJN,shot,Rafer Alston,,,,,,,,,Trenton Hassell,2,,,made,,jump,45,6
Brook Lopez,Chris Douglas-Roberts,Courtney Lee,Devin Harris,Josh Boone,Al Harrington,Chris Duhon,David Lee,Jared Jeffries,Larry Hughes,3,11:44,NJN,shot,,,,,,,,,,Chris Douglas-Roberts,,,,missed,,3pt,1,8
Brook Lopez,Chris Douglas-Roberts,Courtney Lee,Devin Harris,Josh Boone,Al Harrington,Chris Duhon,David Lee,Jared Jeffries,Larry Hughes,3,11:42,NYK,rebound,,,,,,,,,,Chris Duhon,,,,,,def,,
Brook Lopez,Chris Douglas-Roberts,Courtney Lee,Devin Harris,Josh Boone,Al Harrington,Chris Duhon,David Lee,Jared Jeffries,Larry Hughes,3,11:24,NJN,foul,,,,,,,,Larry Hughes,,Josh Boone,,,,,,shooting,,
Brook Lopez,Chris Douglas-Roberts,Courtney Lee,Devin Harris,Josh Boone,Al Harrington,Chris Duhon,David Lee,Jared Jeffries,Larry Hughes,3,11:24,NYK,free throw,,,,,,,1,,3,Larry Hughes,,,foul,made,,,,
Brook Lopez,Chris Douglas-Roberts,Courtney Lee,Devin Harris,Josh Boone,Al Harrington,Chris Duhon,David Lee,Jared Jeffries,Larry Hughes,3,11:24,NYK,free throw,,,,,,,2,,3,Larry Hughes,,,foul,made,,,,
Brook Lopez,Chris Douglas-Roberts,Courtney Lee,Devin Harris,Josh Boone,Al Harrington,Chris Duhon,David Lee,Jared Jeffries,Larry Hughes,3,11:24,NYK,free throw,,,,,,,3,,3,Larry Hughes,,,foul,made,,,,
Brook Lopez,Chris Douglas-Roberts,Courtney Lee,Devin Harris,Josh Boone,Al Harrington,Chris Duhon,David Lee,Jared Jeffries,Larry Hughes,3,10:59,NJN,shot,,,,,,,,,,Brook Lopez,,,,missed,,jump,37,22
Brook Lopez,Chris Douglas-Roberts,Courtney Lee,Devin Harris,Josh Boone,Al Harrington,Chris Duhon,David Lee,Jared Jeffries,Larry Hughes,3,10:58,NYK,rebound,,,,,,,,,,Al Harrington,,,,,,def,,
Brook Lopez,Chris Douglas-Roberts,Courtney Lee,Devin Harris,Josh Boone,Al Harrington,Chris Duhon,David Lee,Jared Jeffries,Larry Hughes,3,10:46,NYK,shot,,,,,,,,,,Larry Hughes,,,,missed,,jump,24,21
Brook Lopez,Chris Douglas-Roberts,Courtney Lee,Devin Harris,Josh Boone,Al Harrington,Chris Duhon,David Lee,Jared Jeffries,Larry Hughes,3,10:45,NJN,rebound,,,,,,,,,,Courtney Lee,,,,,,def,,
Brook Lopez,Chris Douglas-Roberts,Courtney Lee,Devin Harris,Josh Boone,Al Harrington,Chris Duhon,David Lee,Jared Jeffries,Larry Hughes,3,10:38,NJN,shot,Courtney Lee,,,,,,,,,Chris Douglas-Roberts,2,,,made,,jump,38,9
Brook Lopez,Chris Douglas-Roberts,Courtney Lee,Devin Harris,Josh Boone,Al Harrington,Chris Duhon,David Lee,Jared Jeffries,Larry Hughes,3,10:24,NYK,shot,,,,,,,,,,David Lee,,,,missed,,jump,33,25
Brook Lopez,Chris Douglas-Roberts,Courtney Lee,Devin Harris,Josh Boone,Al Harrington,Chris Duhon,David Lee,Jared Jeffries,Larry Hughes,3,10:23,NJN,rebound,,,,,,,,,,Josh Boone,,,,,,def,,
Brook Lopez,Chris Douglas-Roberts,Courtney Lee,Devin Harris,Josh Boone,Al Harrington,Chris Duhon,David Lee,Jared Jeffries,Larry Hughes,3,10:14,NJN,shot,,,,,,,,,,Chris Douglas-Roberts,,,,missed,,jump,8,8
Brook Lopez,Chris Douglas-Roberts,Courtney Lee,Devin Harris,Josh Boone,Al Harrington,Chris Duhon,David Lee,Jared Jeffries,Larry Hughes,3,10:08,NYK,rebound,,,,,,,,,,Al Harrington,,,,,,def,,
Brook Lopez,Chris Douglas-Roberts,Courtney Lee,Devin Harris,Josh Boone,Al Harrington,Chris Duhon,David Lee,Jared Jeffries,Larry Hughes,3,10:06,NYK,shot,,,Brook Lopez,,,,,,,Larry Hughes,,,,missed,,layup,25,6
Brook Lopez,Chris Douglas-Roberts,Courtney Lee,Devin Harris,Josh Boone,Al Harrington,Chris Duhon,David Lee,Jared Jeffries,Larry Hughes,3,10:05,NYK,rebound,,,,,,,,,,Larry Hughes,,,,,,off,,
Brook Lopez,Chris Douglas-Roberts,Courtney Lee,Devin Harris,Josh Boone,Al Harrington,Chris Duhon,David Lee,Jared Jeffries,Larry Hughes,3,10:04,NYK,turnover,,,,,,,,,,Larry Hughes,,,poss lost ball turnover,,Devin Harris,,,
Brook Lopez,Chris Douglas-Roberts,Courtney Lee,Devin Harris,Josh Boone,Al Harrington,Chris Duhon,David Lee,Jared Jeffries,Larry Hughes,3,9:56,NJN,shot,,,,,,,,,,Devin Harris,,,,missed,,layup,25,6
Brook Lopez,Chris Douglas-Roberts,Courtney Lee,Devin Harris,Josh Boone,Al Harrington,Chris Duhon,David Lee,Jared Jeffries,Larry Hughes,3,9:52,NYK,rebound,,,,,,,,,,Larry Hughes,,,,,,def,,
Brook Lopez,Chris Douglas-Roberts,Courtney Lee,Devin Harris,Josh Boone,Al Harrington,Chris Duhon,David Lee,Jared Jeffries,Larry Hughes,3,9:50,NYK,shot,,,,,,,,,,Al Harrington,,,,missed,,layup,25,6
Brook Lopez,Chris Douglas-Roberts,Courtney Lee,Devin Harris,Josh Boone,Al Harrington,Chris Duhon,David Lee,Jared Jeffries,Larry Hughes,3,9:49,NJN,rebound,,,,,,,,,,Devin Harris,,,,,,def,,
Brook Lopez,Chris Douglas-Roberts,Courtney Lee,Devin Harris,Josh Boone,Al Harrington,Chris Duhon,David Lee,Jared Jeffries,Larry Hughes,3,9:44,NJN,foul,,,,,,,,Jared Jeffries,,Devin Harris,,,,,,offensive,,
Brook Lopez,Chris Douglas-Roberts,Courtney Lee,Devin Harris,Josh Boone,Al Harrington,Chris Duhon,David Lee,Jared Jeffries,Larry Hughes,3,9:44,NJN,turnover,,,,,,,,,,Devin Harris,,,foul,,,,,
Brook Lopez,Chris Douglas-Roberts,Courtney Lee,Devin Harris,Josh Boone,Al Harrington,Chris Duhon,David Lee,Jared Jeffries,Larry Hughes,3,9:30,NYK,shot,,,,,,,,,,Larry Hughes,,,,missed,,jump,34,23
Brook Lopez,Chris Douglas-Roberts,Courtney Lee,Devin Harris,Josh Boone,Al Harrington,Chris Duhon,David Lee,Jared Jeffries,Larry Hughes,3,9:29,NYK,rebound,,,,,,,,,,Jared Jeffries,,,,,,off,,
Brook Lopez,Chris Douglas-Roberts,Courtney Lee,Devin Harris,Josh Boone,Al Harrington,Chris Duhon,David Lee,Jared Jeffries,Larry Hughes,3,9:26,NYK,turnover,,,,,,,,,,Jared Jeffries,,,bad pass,,Brook Lopez,,,
Brook Lopez,Chris Douglas-Roberts,Courtney Lee,Devin Harris,Josh Boone,Al Harrington,Chris Duhon,David Lee,Jared Jeffries,Larry Hughes,3,9:10,NJN,shot,,,,,,,,,,Devin Harris,,,,missed,,layup,25,6
Brook Lopez,Chris Douglas-Roberts,Courtney Lee,Devin Harris,Josh Boone,Al Harrington,Chris Duhon,David Lee,Jared Jeffries,Larry Hughes,3,9:09,NYK,rebound,,,,,,,,,,Jared Jeffries,,,,,,def,,
Brook Lopez,Chris Douglas-Roberts,Courtney Lee,Devin Harris,Josh Boone,Al Harrington,Chris Duhon,David Lee,Jared Jeffries,Larry Hughes,3,8:53,NYK,shot,,,,,,,,,,David Lee,,,,missed,,jump,25,25
Brook Lopez,Chris Douglas-Roberts,Courtney Lee,Devin Harris,Josh Boone,Al Harrington,Chris Duhon,David Lee,Jared Jeffries,Larry Hughes,3,8:52,NJN,rebound,,,,,,,,,,Courtney Lee,,,,,,def,,
Brook Lopez,Chris Douglas-Roberts,Courtney Lee,Devin Harris,Josh Boone,Al Harrington,Chris Duhon,David Lee,Jared Jeffries,Larry Hughes,3,8:42,NJN,shot,,,,,,,,,,Brook Lopez,,,,missed,,jump,17,23
Brook Lopez,Chris Douglas-Roberts,Courtney Lee,Devin Harris,Josh Boone,Al Harrington,Chris Duhon,David Lee,Jared Jeffries,Larry Hughes,3,8:40,NYK,rebound,,,,,,,,,,Al Harrington,,,,,,def,,
Brook Lopez,Chris Douglas-Roberts,Courtney Lee,Devin Harris,Josh Boone,Al Harrington,Chris Duhon,David Lee,Jared Jeffries,Larry Hughes,3,8:36,NJN,foul,,,,,,,,Larry Hughes,,Brook Lopez,,,,,,shooting,,
Brook Lopez,Chris Douglas-Roberts,Courtney Lee,Devin Harris,Josh Boone,Al Harrington,Chris Duhon,David Lee,Jared Jeffries,Larry Hughes,3,8:36,NYK,free throw,,,,,,,1,,2,Larry Hughes,,,foul,missed,,,,
Brook Lopez,Chris Douglas-Roberts,Courtney Lee,Devin Harris,Josh Boone,Al Harrington,Chris Duhon,David Lee,Jared Jeffries,Larry Hughes,3,8:36,NYK,rebound,,,,,,,,,,,,,,,,,,
Brook Lopez,Chris Douglas-Roberts,Courtney Lee,Devin Harris,Josh Boone,Al Harrington,Chris Duhon,David Lee,Jared Jeffries,Larry Hughes,3,8:36,NYK,free throw,,,,,,,2,,2,Larry Hughes,,,foul,made,,,,
Brook Lopez,Chris Douglas-Roberts,Courtney Lee,Devin Harris,Josh Boone,Al Harrington,Chris Duhon,David Lee,Jared Jeffries,Larry Hughes,3,8:33,NJN,timeout,,,,,,,,,,,,,,,,regular,,
Brook Lopez,Chris Douglas-Roberts,Courtney Lee,Devin Harris,Terrence Williams,Al Harrington,Chris Duhon,David Lee,Jared Jeffries,Larry Hughes,3,8:33,NJN,sub,,,,Terrence Williams,,Josh Boone,,,,,,,,,,,,
Brook Lopez,Chris Douglas-Roberts,Courtney Lee,Devin Harris,Terrence Williams,Al Harrington,Chris Duhon,David Lee,Jared Jeffries,Larry Hughes,3,8:26,NJN,shot,,,,,,,,,,Terrence Williams,,,,missed,,jump,33,23
Brook Lopez,Chris Douglas-Roberts,Courtney Lee,Devin Harris,Terrence Williams,Al Harrington,Chris Duhon,David Lee,Jared Jeffries,Larry Hughes,3,8:24,NYK,rebound,,,,,,,,,,Al Harrington,,,,,,def,,
Brook Lopez,Chris Douglas-Roberts,Courtney Lee,Devin Harris,Terrence Williams,Al Harrington,Chris Duhon,David Lee,Jared Jeffries,Larry Hughes,3,8:08,NYK,shot,Al Harrington,,,,,,,,,David Lee,2,,,made,,jump,30,12
Brook Lopez,Chris Douglas-Roberts,Courtney Lee,Devin Harris,Terrence Williams,Al Harrington,Chris Duhon,David Lee,Jared Jeffries,Larry Hughes,3,7:45,NJN,shot,,,,,,,,,,Courtney Lee,,,,missed,,jump,9,18
Brook Lopez,Chris Douglas-Roberts,Courtney Lee,Devin Harris,Terrence Williams,Al Harrington,Chris Duhon,David Lee,Jared Jeffries,Larry Hughes,3,7:40,NJN,rebound,,,,,,,,,,Chris Douglas-Roberts,,,,,,off,,
Brook Lopez,Chris Douglas-Roberts,Courtney Lee,Devin Harris,Terrence Williams,Al Harrington,Chris Duhon,David Lee,Jared Jeffries,Larry Hughes,3,7:32,NJN,shot,,,,,,,,,,Chris Douglas-Roberts,2,,,made,,jump,40,6
Brook Lopez,Chris Douglas-Roberts,Courtney Lee,Devin Harris,Terrence Williams,Al Harrington,Chris Duhon,David Lee,Jared Jeffries,Larry Hughes,3,7:09,NYK,shot,,,,,,,,,,Larry Hughes,2,,,made,,driving layup,25,6
Brook Lopez,Chris Douglas-Roberts,Courtney Lee,Devin Harris,Terrence Williams,Al Harrington,Chris Duhon,David Lee,Jared Jeffries,Larry Hughes,3,7:09,NJN,foul,,,,,,,,Larry Hughes,,Terrence Williams,,,,,,shooting,,
Brook Lopez,Chris Douglas-Roberts,Courtney Lee,Devin Harris,Terrence Williams,Al Harrington,Chris Duhon,David Lee,Jared Jeffries,Larry Hughes,3,7:09,NYK,free throw,,,,,,,1,,1,Larry Hughes,,,foul,made,,,,
Brook Lopez,Chris Douglas-Roberts,Courtney Lee,Devin Harris,Terrence Williams,Al Harrington,Chris Duhon,David Lee,Jared Jeffries,Larry Hughes,3,6:48,NJN,shot,Devin Harris,,,,,,,,,Chris Douglas-Roberts,2,,,made,,jump,44,8
Brook Lopez,Chris Douglas-Roberts,Courtney Lee,Devin Harris,Terrence Williams,Al Harrington,Chris Duhon,David Lee,Jared Jeffries,Larry Hughes,3,6:31,NYK,shot,,,,,,,,,,Larry Hughes,2,,,made,,pullup jump,19,11
Brook Lopez,Chris Douglas-Roberts,Courtney Lee,Devin Harris,Terrence Williams,Al Harrington,Chris Duhon,David Lee,Jared Jeffries,Larry Hughes,3,6:20,NJN,shot,,,,,,,,,,Terrence Williams,,,,missed,,jump,17,25
Brook Lopez,Chris Douglas-Roberts,Courtney Lee,Devin Harris,Terrence Williams,Al Harrington,Chris Duhon,David Lee,Jared Jeffries,Larry Hughes,3,6:19,NYK,rebound,,,,,,,,,,David Lee,,,,,,def,,
Brook Lopez,Chris Douglas-Roberts,Courtney Lee,Devin Harris,Terrence Williams,Al Harrington,Chris Duhon,David Lee,Jared Jeffries,Larry Hughes,3,6:13,NYK,shot,Chris Duhon,,,,,,,,,Larry Hughes,3,,,made,,3pt,7,24
Brook Lopez,Chris Douglas-Roberts,Courtney Lee,Devin Harris,Terrence Williams,Al Harrington,Chris Duhon,David Lee,Jared Jeffries,Larry Hughes,3,5:57,NJN,shot,,,,,,,,,,Chris Douglas-Roberts,2,,,made,,driving layup,25,6
Brook Lopez,Chris Douglas-Roberts,Courtney Lee,Devin Harris,Terrence Williams,Al Harrington,Chris Duhon,David Lee,Jared Jeffries,Larry Hughes,3,5:38,NYK,shot,Larry Hughes,,,,,,,,,David Lee,2,,,made,,layup,25,6
Brook Lopez,Chris Douglas-Roberts,Courtney Lee,Devin Harris,Terrence Williams,Al Harrington,Chris Duhon,David Lee,Jared Jeffries,Larry Hughes,3,5:29,NJN,shot,Devin Harris,,,,,,,,,Brook Lopez,2,,,made,,slam dunk,25,6
Brook Lopez,Chris Douglas-Roberts,Courtney Lee,Devin Harris,Terrence Williams,Al Harrington,Chris Duhon,David Lee,Jared Jeffries,Larry Hughes,3,5:19,NJN,foul,,,,,,,,Larry Hughes,,Courtney Lee,,,,,,personal,,
Brook Lopez,Chris Douglas-Roberts,Courtney Lee,Devin Harris,Trenton Hassell,Al Harrington,Chris Duhon,David Lee,Jared Jeffries,Larry Hughes,3,5:19,NJN,sub,,,,Trenton Hassell,,Terrence Williams,,,,,,,,,,,,
Brook Lopez,Chris Douglas-Roberts,Courtney Lee,Devin Harris,Trenton Hassell,Al Harrington,Chris Duhon,David Lee,Jared Jeffries,Larry Hughes,3,5:16,NJN,foul,,,,,,,,Larry Hughes,,Trenton Hassell,,,,,,personal,,
Brook Lopez,Chris Douglas-Roberts,Courtney Lee,Devin Harris,Trenton Hassell,Al Harrington,Chris Duhon,David Lee,Jared Jeffries,Larry Hughes,3,5:16,NYK,free throw,,,,,,,1,,2,Larry Hughes,,,foul,made,,,,
Brook Lopez,Chris Douglas-Roberts,Courtney Lee,Devin Harris,Trenton Hassell,Al Harrington,Chris Duhon,David Lee,Jared Jeffries,Larry Hughes,3,5:16,NYK,free throw,,,,,,,2,,2,Larry Hughes,,,foul,made,,,,
Brook Lopez,Chris Douglas-Roberts,Courtney Lee,Devin Harris,Trenton Hassell,Al Harrington,Chris Duhon,David Lee,Jared Jeffries,Larry Hughes,3,4:53,NJN,shot,,,,,,,,,,Trenton Hassell,,,,missed,,jump,33,24
Brook Lopez,Chris Douglas-Roberts,Courtney Lee,Devin Harris,Trenton Hassell,Al Harrington,Chris Duhon,David Lee,Jared Jeffries,Larry Hughes,3,4:52,NYK,rebound,,,,,,,,,,Al Harrington,,,,,,def,,
Brook Lopez,Chris Douglas-Roberts,Courtney Lee,Devin Harris,Trenton Hassell,Al Harrington,Chris Duhon,David Lee,Jared Jeffries,Larry Hughes,3,4:44,NYK,shot,Larry Hughes,,,,,,,,,Chris Duhon,3,,,made,,3pt,45,20
Brook Lopez,Chris Douglas-Roberts,Devin Harris,Rafer Alston,Trenton Hassell,Al Harrington,Chris Duhon,David Lee,Jared Jeffries,Larry Hughes,3,4:25,NJN,sub,,,,Rafer Alston,,Courtney Lee,,,,,,,,,,,,
Brook Lopez,Chris Douglas-Roberts,Devin Harris,Rafer Alston,Trenton Hassell,Al Harrington,Chris Duhon,David Lee,Jared Jeffries,Larry Hughes,3,4:16,NJN,shot,Trenton Hassell,,,,,,,,,Chris Douglas-Roberts,3,,,made,,3pt,44,24
Brook Lopez,Chris Douglas-Roberts,Devin Harris,Rafer Alston,Trenton Hassell,Al Harrington,Chris Duhon,David Lee,Jared Jeffries,Larry Hughes,3,4:03,NYK,shot,,,,,,,,,,Larry Hughes,,,,missed,,jump,27,28
Brook Lopez,Chris Douglas-Roberts,Devin Harris,Rafer Alston,Trenton Hassell,Al Harrington,Chris Duhon,David Lee,Jared Jeffries,Larry Hughes,3,4:02,NJN,rebound,,,,,,,,,,Trenton Hassell,,,,,,def,,
Brook Lopez,Chris Douglas-Roberts,Devin Harris,Rafer Alston,Trenton Hassell,Al Harrington,Chris Duhon,David Lee,Jared Jeffries,Larry Hughes,3,3:50,NJN,shot,,,,,,,,,,Chris Douglas-Roberts,,,,missed,,jump,33,27
Brook Lopez,Chris Douglas-Roberts,Devin Harris,Rafer Alston,Trenton Hassell,Al Harrington,Chris Duhon,David Lee,Jared Jeffries,Larry Hughes,3,3:49,NYK,rebound,,,,,,,,,,Jared Jeffries,,,,,,def,,
Brook Lopez,Chris Douglas-Roberts,Devin Harris,Rafer Alston,Trenton Hassell,Al Harrington,Chris Duhon,David Lee,Jared Jeffries,Larry Hughes,3,3:27,NYK,shot,,,,,,,,,,Al Harrington,2,,,made,,driving layup,25,6
Brook Lopez,Chris Douglas-Roberts,Devin Harris,Rafer Alston,Trenton Hassell,Al Harrington,Chris Duhon,David Lee,Jared Jeffries,Larry Hughes,3,3:04,NJN,turnover,,,,,,,,,,Brook Lopez,,,lost ball,,Jared Jeffries,,,
Brook Lopez,Chris Douglas-Roberts,Devin Harris,Rafer Alston,Trenton Hassell,Al Harrington,Chris Duhon,David Lee,Jared Jeffries,Larry Hughes,3,2:48,NYK,shot,,,,,,,,,,Al Harrington,2,,,made,,driving layup,25,6
Brook Lopez,Chris Douglas-Roberts,Devin Harris,Rafer Alston,Trenton Hassell,Al Harrington,Chris Duhon,David Lee,Jared Jeffries,Larry Hughes,3,2:41,NJN,turnover,,,,,,,,,,Rafer Alston,,,bad pass,,,,,
Brook Lopez,Chris Douglas-Roberts,Devin Harris,Rafer Alston,Trenton Hassell,Al Harrington,Chris Duhon,David Lee,Jared Jeffries,Larry Hughes,3,2:41,NYK,timeout,,,,,,,,,,,,,,,,regular,,
Brook Lopez,Devin Harris,Keyon Dooling,Rafer Alston,Trenton Hassell,Al Harrington,Chris Duhon,David Lee,Jared Jeffries,Larry Hughes,3,2:41,NJN,sub,,,,Keyon Dooling,,Chris Douglas-Roberts,,,,,,,,,,,,
Brook Lopez,Devin Harris,Keyon Dooling,Rafer Alston,Trenton Hassell,Al Harrington,Chris Duhon,David Lee,Jared Jeffries,Larry Hughes,3,2:32,NYK,shot,David Lee,,,,,,,,,Al Harrington,2,,,made,,reverse layup,25,6
Brook Lopez,Devin Harris,Keyon Dooling,Rafer Alston,Trenton Hassell,Al Harrington,Chris Duhon,David Lee,Jared Jeffries,Larry Hughes,3,2:06,NJN,shot,,,,,,,,,,Rafer Alston,,,,missed,,3pt,18,31
Brook Lopez,Devin Harris,Keyon Dooling,Rafer Alston,Trenton Hassell,Al Harrington,Chris Duhon,David Lee,Jared Jeffries,Larry Hughes,3,2:05,NYK,rebound,,,,,,,,,,Al Harrington,,,,,,def,,
Brook Lopez,Devin Harris,Keyon Dooling,Rafer Alston,Trenton Hassell,Al Harrington,Chris Duhon,David Lee,Jared Jeffries,Larry Hughes,3,1:41,NYK,shot,Chris Duhon,,,,,,,,,David Lee,2,,,made,,jump,14,22
Brook Lopez,Devin Harris,Keyon Dooling,Rafer Alston,Trenton Hassell,Al Harrington,Chris Duhon,David Lee,Jared Jeffries,Larry Hughes,3,1:23,NJN,shot,Devin Harris,,,,,,,,,Rafer Alston,3,,,made,,3pt,7,25
Brook Lopez,Devin Harris,Keyon Dooling,Rafer Alston,Trenton Hassell,Al Harrington,Chris Duhon,David Lee,Jared Jeffries,Larry Hughes,3,1:10,NJN,foul,,,,,,,,Larry Hughes,,Rafer Alston,,,,,,shooting,,
Brook Lopez,Devin Harris,Keyon Dooling,Rafer Alston,Trenton Hassell,Al Harrington,Chris Duhon,David Lee,Jared Jeffries,Larry Hughes,3,1:10,NYK,free throw,,,,,,,1,,2,Larry Hughes,,,foul,made,,,,
Brook Lopez,Devin Harris,Keyon Dooling,Rafer Alston,Trenton Hassell,Al Harrington,Chris Duhon,Danilo Gallinari,David Lee,Larry Hughes,3,1:10,NYK,sub,,,,Danilo Gallinari,,Jared Jeffries,,,,,,,,,,,,
Brook Lopez,Devin Harris,Keyon Dooling,Rafer Alston,Trenton Hassell,Al Harrington,Chris Duhon,Danilo Gallinari,David Lee,Larry Hughes,3,1:10,NYK,free throw,,,,,,,2,,2,Larry Hughes,,,foul,made,,,,
Brook Lopez,Devin Harris,Keyon Dooling,Rafer Alston,Trenton Hassell,Al Harrington,Chris Duhon,Danilo Gallinari,David Lee,Larry Hughes,3,0:48,NJN,shot,,,,,,,,,,Rafer Alston,2,,,made,,driving layup,25,6
Brook Lopez,Devin Harris,Keyon Dooling,Rafer Alston,Trenton Hassell,Al Harrington,Chris Duhon,Danilo Gallinari,David Lee,Larry Hughes,3,0:36,NYK,shot,Larry Hughes,,,,,,,,,David Lee,2,,,made,,layup,25,6
Brook Lopez,Devin Harris,Keyon Dooling,Rafer Alston,Trenton Hassell,Al Harrington,Chris Duhon,Danilo Gallinari,David Lee,Larry Hughes,3,0:23,NJN,shot,,,,,,,,,,Rafer Alston,,,,missed,,3pt,14,28
Brook Lopez,Devin Harris,Keyon Dooling,Rafer Alston,Trenton Hassell,Al Harrington,Chris Duhon,Danilo Gallinari,David Lee,Larry Hughes,3,0:22,NJN,rebound,,,,,,,,,,Brook Lopez,,,,,,off,,
Brook Lopez,Devin Harris,Keyon Dooling,Rafer Alston,Trenton Hassell,Al Harrington,Chris Duhon,Danilo Gallinari,David Lee,Larry Hughes,3,0:04,NYK,foul,,,,,,,,Rafer Alston,,Danilo Gallinari,,,,,,personal,,
Brook Lopez,Devin Harris,Keyon Dooling,Rafer Alston,Trenton Hassell,Al Harrington,Chris Duhon,Danilo Gallinari,David Lee,Larry Hughes,3,0:00,NJN,shot,,,,,,,,,,Keyon Dooling,,,,missed,,3pt,5,24
Brook Lopez,Devin Harris,Keyon Dooling,Rafer Alston,Trenton Hassell,Al Harrington,Chris Duhon,Danilo Gallinari,David Lee,Larry Hughes,3,0:00,NJN,rebound,,,,,,,,,,,,,,,,,,
Brook Lopez,Courtney Lee,Devin Harris,Keyon Dooling,Rafer Alston,Chris Duhon,Danilo Gallinari,David Lee,Larry Hughes,Wilson Chandler,4,11:44,NYK,shot,Wilson Chandler,,,,,,,,,Danilo Gallinari,3,,,made,,3pt,37,29
Brook Lopez,Courtney Lee,Devin Harris,Keyon Dooling,Rafer Alston,Chris Duhon,Danilo Gallinari,David Lee,Larry Hughes,Wilson Chandler,4,11:31,NYK,foul,,,,,,,,Brook Lopez,,David Lee,,,,,,shooting,,
Brook Lopez,Courtney Lee,Devin Harris,Keyon Dooling,Rafer Alston,Chris Duhon,Danilo Gallinari,David Lee,Larry Hughes,Wilson Chandler,4,11:31,NJN,free throw,,,,,,,1,,2,Brook Lopez,,,foul,made,,,,
Brook Lopez,Chris Douglas-Roberts,Courtney Lee,Keyon Dooling,Rafer Alston,Chris Duhon,Danilo Gallinari,David Lee,Larry Hughes,Wilson Chandler,4,11:31,NJN,sub,,,,Chris Douglas-Roberts,,Devin Harris,,,,,,,,,,,,
Brook Lopez,Chris Douglas-Roberts,Courtney Lee,Keyon Dooling,Rafer Alston,Chris Duhon,Danilo Gallinari,David Lee,Larry Hughes,Wilson Chandler,4,11:31,NJN,free throw,,,,,,,2,,2,Brook Lopez,,,foul,made,,,,
Brook Lopez,Chris Douglas-Roberts,Courtney Lee,Keyon Dooling,Rafer Alston,Chris Duhon,Danilo Gallinari,David Lee,Larry Hughes,Wilson Chandler,4,11:17,NYK,shot,,,,,,,,,,Danilo Gallinari,,,,missed,,jump,5,10
Brook Lopez,Chris Douglas-Roberts,Courtney Lee,Keyon Dooling,Rafer Alston,Chris Duhon,Danilo Gallinari,David Lee,Larry Hughes,Wilson Chandler,4,11:16,NYK,rebound,,,,,,,,,,Wilson Chandler,,,,,,off,,
Brook Lopez,Chris Douglas-Roberts,Courtney Lee,Keyon Dooling,Rafer Alston,Chris Duhon,Danilo Gallinari,David Lee,Larry Hughes,Wilson Chandler,4,10:59,NYK,shot,Chris Duhon,,,,,,,,,Larry Hughes,2,,,made,,jump,41,16
Brook Lopez,Chris Douglas-Roberts,Courtney Lee,Keyon Dooling,Rafer Alston,Chris Duhon,Danilo Gallinari,David Lee,Larry Hughes,Wilson Chandler,4,10:44,NJN,shot,,,,,,,,,,Courtney Lee,2,,,made,,driving layup,25,6
Brook Lopez,Chris Douglas-Roberts,Courtney Lee,Keyon Dooling,Rafer Alston,Chris Duhon,Danilo Gallinari,David Lee,Larry Hughes,Wilson Chandler,4,10:17,NYK,shot,,,,,,,,,,Chris Duhon,,,,missed,,3pt,49,7
Brook Lopez,Chris Douglas-Roberts,Courtney Lee,Keyon Dooling,Rafer Alston,Chris Duhon,Danilo Gallinari,David Lee,Larry Hughes,Wilson Chandler,4,10:16,NJN,rebound,,,,,,,,,,,,,,,,,,
Brook Lopez,Chris Douglas-Roberts,Courtney Lee,Keyon Dooling,Rafer Alston,Chris Duhon,Danilo Gallinari,David Lee,Larry Hughes,Wilson Chandler,4,10:04,NJN,turnover,,,,,,,,,,Chris Douglas-Roberts,,,out of bounds lost ball turnover,,,,,
Brook Lopez,Chris Douglas-Roberts,Courtney Lee,Keyon Dooling,Rafer Alston,Chris Duhon,Danilo Gallinari,David Lee,Larry Hughes,Wilson Chandler,4,10:00,NYK,shot,,,,,,,,,,Larry Hughes,,,,missed,,jump,11,16
Brook Lopez,Chris Douglas-Roberts,Courtney Lee,Keyon Dooling,Rafer Alston,Chris Duhon,Danilo Gallinari,David Lee,Larry Hughes,Wilson Chandler,4,9:57,NYK,rebound,,,,,,,,,,Danilo Gallinari,,,,,,off,,
Brook Lopez,Chris Douglas-Roberts,Courtney Lee,Keyon Dooling,Rafer Alston,Chris Duhon,Danilo Gallinari,David Lee,Larry Hughes,Wilson Chandler,4,9:50,NYK,shot,,,,,,,,,,Danilo Gallinari,,,,missed,,3pt,17,30
Brook Lopez,Chris Douglas-Roberts,Courtney Lee,Keyon Dooling,Rafer Alston,Chris Duhon,Danilo Gallinari,David Lee,Larry Hughes,Wilson Chandler,4,9:49,NJN,rebound,,,,,,,,,,Keyon Dooling,,,,,,def,,
Brook Lopez,Chris Douglas-Roberts,Courtney Lee,Keyon Dooling,Rafer Alston,Chris Duhon,Danilo Gallinari,David Lee,Larry Hughes,Wilson Chandler,4,9:45,NYK,foul,,,,,,,,Brook Lopez,,Danilo Gallinari,,,,,,personal,,
Brook Lopez,Chris Douglas-Roberts,Courtney Lee,Devin Harris,Keyon Dooling,Chris Duhon,Danilo Gallinari,David Lee,Larry Hughes,Wilson Chandler,4,9:45,NJN,sub,,,,Devin Harris,,Rafer Alston,,,,,,,,,,,,
Chris Douglas-Roberts,Courtney Lee,Devin Harris,Josh Boone,Keyon Dooling,Chris Duhon,Danilo Gallinari,David Lee,Larry Hughes,Wilson Chandler,4,9:45,NJN,sub,,,,Josh Boone,,Brook Lopez,,,,,,,,,,,,
Chris Douglas-Roberts,Courtney Lee,Devin Harris,Josh Boone,Keyon Dooling,Chris Duhon,Danilo Gallinari,David Lee,Larry Hughes,Wilson Chandler,4,9:29,NJN,shot,Keyon Dooling,,,,,,,,,Josh Boone,2,,,made,,layup,25,6
Chris Douglas-Roberts,Courtney Lee,Devin Harris,Josh Boone,Keyon Dooling,Chris Duhon,Danilo Gallinari,David Lee,Larry Hughes,Wilson Chandler,4,9:16,NJN,foul,,,,,,,,Larry Hughes,,Keyon Dooling,,,,,,personal,,
Chris Douglas-Roberts,Courtney Lee,Devin Harris,Josh Boone,Keyon Dooling,Al Harrington,Chris Duhon,Danilo Gallinari,Larry Hughes,Wilson Chandler,4,9:16,NYK,sub,,,,Al Harrington,,David Lee,,,,,,,,,,,,
Chris Douglas-Roberts,Courtney Lee,Devin Harris,Josh Boone,Keyon Dooling,Al Harrington,Chris Duhon,Danilo Gallinari,Larry Hughes,Wilson Chandler,4,9:07,NYK,shot,,,,,,,,,,Al Harrington,2,,,made,,driving layup,25,6
Chris Douglas-Roberts,Courtney Lee,Devin Harris,Josh Boone,Keyon Dooling,Al Harrington,Chris Duhon,Danilo Gallinari,Larry Hughes,Wilson Chandler,4,8:42,NJN,shot,Courtney Lee,,,,,,,,,Chris Douglas-Roberts,3,,,made,,3pt,1,12
Chris Douglas-Roberts,Courtney Lee,Devin Harris,Josh Boone,Keyon Dooling,Al Harrington,Chris Duhon,Danilo Gallinari,Larry Hughes,Wilson Chandler,4,8:23,NYK,turnover,,,,,,,,,,Al Harrington,,,lost ball,,Devin Harris,,,
Chris Douglas-Roberts,Courtney Lee,Devin Harris,Josh Boone,Keyon Dooling,Al Harrington,Chris Duhon,Danilo Gallinari,Larry Hughes,Wilson Chandler,4,8:18,NJN,shot,,,,,,,,,,Keyon Dooling,,,,missed,,jump,9,14
Chris Douglas-Roberts,Courtney Lee,Devin Harris,Josh Boone,Keyon Dooling,Al Harrington,Chris Duhon,Danilo Gallinari,Larry Hughes,Wilson Chandler,4,8:14,NYK,rebound,,,,,,,,,,Wilson Chandler,,,,,,def,,
Chris Douglas-Roberts,Courtney Lee,Devin Harris,Josh Boone,Keyon Dooling,Al Harrington,Chris Duhon,Danilo Gallinari,Larry Hughes,Wilson Chandler,4,7:57,NYK,shot,,,Josh Boone,,,,,,,Chris Duhon,,,,missed,,layup,25,6
Chris Douglas-Roberts,Courtney Lee,Devin Harris,Josh Boone,Keyon Dooling,Al Harrington,Chris Duhon,Danilo Gallinari,Larry Hughes,Wilson Chandler,4,7:55,NJN,rebound,,,,,,,,,,Devin Harris,,,,,,def,,
Chris Douglas-Roberts,Courtney Lee,Devin Harris,Josh Boone,Keyon Dooling,Al Harrington,Chris Duhon,Danilo Gallinari,Larry Hughes,Wilson Chandler,4,7:53,NYK,foul,,,,,,,,Devin Harris,,Al Harrington,,,,,,personal,,
Chris Douglas-Roberts,Courtney Lee,Devin Harris,Josh Boone,Keyon Dooling,Al Harrington,Chris Duhon,Danilo Gallinari,Larry Hughes,Wilson Chandler,4,7:53,NJN,timeout,,,,,,,,,,,,,,,,official,,
Chris Douglas-Roberts,Courtney Lee,Devin Harris,Josh Boone,Keyon Dooling,Al Harrington,Danilo Gallinari,Jared Jeffries,Larry Hughes,Wilson Chandler,4,7:53,NYK,sub,,,,Jared Jeffries,,Chris Duhon,,,,,,,,,,,,
Chris Douglas-Roberts,Courtney Lee,Devin Harris,Josh Boone,Keyon Dooling,Al Harrington,Danilo Gallinari,Jared Jeffries,Larry Hughes,Wilson Chandler,4,7:39,NJN,shot,,,,,,,,,,Courtney Lee,2,,,made,,finger roll layup,25,6
Chris Douglas-Roberts,Courtney Lee,Devin Harris,Josh Boone,Keyon Dooling,Al Harrington,Danilo Gallinari,Jared Jeffries,Larry Hughes,Wilson Chandler,4,7:19,NYK,shot,,,Courtney Lee,,,,,,,Wilson Chandler,,,,missed,,jump,11,7
Chris Douglas-Roberts,Courtney Lee,Devin Harris,Josh Boone,Keyon Dooling,Al Harrington,Danilo Gallinari,Jared Jeffries,Larry Hughes,Wilson Chandler,4,7:17,NJN,rebound,,,,,,,,,,Josh Boone,,,,,,def,,
Chris Douglas-Roberts,Courtney Lee,Devin Harris,Josh Boone,Keyon Dooling,Al Harrington,Danilo Gallinari,Jared Jeffries,Larry Hughes,Wilson Chandler,4,7:02,NJN,shot,,,,,,,,,,Chris Douglas-Roberts,,,,missed,,jump,24,24
Chris Douglas-Roberts,Courtney Lee,Devin Harris,Josh Boone,Keyon Dooling,Al Harrington,Danilo Gallinari,Jared Jeffries,Larry Hughes,Wilson Chandler,4,7:01,NYK,rebound,,,,,,,,,,Al Harrington,,,,,,def,,
Chris Douglas-Roberts,Courtney Lee,Devin Harris,Josh Boone,Keyon Dooling,Al Harrington,Danilo Gallinari,Jared Jeffries,Larry Hughes,Wilson Chandler,4,6:47,NYK,shot,,,,,,,,,,Wilson Chandler,,,,missed,,layup,25,6
Chris Douglas-Roberts,Courtney Lee,Devin Harris,Josh Boone,Keyon Dooling,Al Harrington,Danilo Gallinari,Jared Jeffries,Larry Hughes,Wilson Chandler,4,6:46,NYK,rebound,,,,,,,,,,Wilson Chandler,,,,,,off,,
Chris Douglas-Roberts,Courtney Lee,Devin Harris,Josh Boone,Keyon Dooling,Al Harrington,Danilo Gallinari,Jared Jeffries,Larry Hughes,Wilson Chandler,4,6:46,NYK,shot,,,,,,,,,,Wilson Chandler,2,,,made,,tip,25,6
Chris Douglas-Roberts,Courtney Lee,Devin Harris,Josh Boone,Keyon Dooling,Al Harrington,Danilo Gallinari,Jared Jeffries,Larry Hughes,Wilson Chandler,4,6:31,NJN,foul,,,,,,,,Larry Hughes,,Keyon Dooling,,,,,,offensive,,
Chris Douglas-Roberts,Courtney Lee,Devin Harris,Josh Boone,Keyon Dooling,Al Harrington,Danilo Gallinari,Jared Jeffries,Larry Hughes,Wilson Chandler,4,6:31,NJN,turnover,,,,,,,,,,Keyon Dooling,,,foul,,,,,
Chris Douglas-Roberts,Courtney Lee,Devin Harris,Josh Boone,Keyon Dooling,Al Harrington,Danilo Gallinari,David Lee,Jared Jeffries,Larry Hughes,4,6:31,NYK,sub,,,,David Lee,,Wilson Chandler,,,,,,,,,,,,
Brook Lopez,Chris Douglas-Roberts,Courtney Lee,Devin Harris,Keyon Dooling,Al Harrington,Danilo Gallinari,David Lee,Jared Jeffries,Larry Hughes,4,6:31,NJN,sub,,,,Brook Lopez,,Josh Boone,,,,,,,,,,,,
Brook Lopez,Chris Douglas-Roberts,Courtney Lee,Devin Harris,Rafer Alston,Al Harrington,Danilo Gallinari,David Lee,Jared Jeffries,Larry Hughes,4,6:31,NJN,sub,,,,Rafer Alston,,Keyon Dooling,,,,,,,,,,,,
Brook Lopez,Chris Douglas-Roberts,Courtney Lee,Devin Harris,Rafer Alston,Al Harrington,Danilo Gallinari,David Lee,Jared Jeffries,Larry Hughes,4,6:20,NYK,shot,,,Courtney Lee,,,,,,,Al Harrington,,,,missed,,jump,44,10
Brook Lopez,Chris Douglas-Roberts,Courtney Lee,Devin Harris,Rafer Alston,Al Harrington,Danilo Gallinari,David Lee,Jared Jeffries,Larry Hughes,4,6:17,NYK,rebound,,,,,,,,,,Al Harrington,,,,,,off,,
Brook Lopez,Chris Douglas-Roberts,Courtney Lee,Devin Harris,Rafer Alston,Al Harrington,Danilo Gallinari,David Lee,Jared Jeffries,Larry Hughes,4,6:16,NYK,shot,,,,,,,,,,Al Harrington,,,,missed,,layup,25,6
Brook Lopez,Chris Douglas-Roberts,Courtney Lee,Devin Harris,Rafer Alston,Al Harrington,Danilo Gallinari,David Lee,Jared Jeffries,Larry Hughes,4,6:15,NYK,rebound,,,,,,,,,,Al Harrington,,,,,,off,,
Brook Lopez,Chris Douglas-Roberts,Courtney Lee,Devin Harris,Rafer Alston,Al Harrington,Danilo Gallinari,David Lee,Jared Jeffries,Larry Hughes,4,6:15,NYK,shot,,,,,,,,,,Al Harrington,2,,,made,,tip,25,6
Brook Lopez,Chris Douglas-Roberts,Courtney Lee,Devin Harris,Rafer Alston,Al Harrington,Danilo Gallinari,David Lee,Jared Jeffries,Larry Hughes,4,6:10,NJN,turnover,,,,,,,,,,Rafer Alston,,,double dribble,,,,,
Brook Lopez,Chris Douglas-Roberts,Courtney Lee,Devin Harris,Rafer Alston,Al Harrington,Danilo Gallinari,David Lee,Jared Jeffries,Larry Hughes,4,5:52,NYK,turnover,,,,,,,,,,Al Harrington,,,bad pass,,,,,
Brook Lopez,Chris Douglas-Roberts,Courtney Lee,Devin Harris,Rafer Alston,Al Harrington,Danilo Gallinari,David Lee,Jared Jeffries,Larry Hughes,4,5:52,NYK,timeout,,,,,,,,,,,,,,,,regular,,
Brook Lopez,Chris Douglas-Roberts,Courtney Lee,Devin Harris,Rafer Alston,Al Harrington,Danilo Gallinari,David Lee,Jared Jeffries,Larry Hughes,4,5:30,NJN,shot,,,,,,,,,,Rafer Alston,,,,missed,,3pt,39,26
Brook Lopez,Chris Douglas-Roberts,Courtney Lee,Devin Harris,Rafer Alston,Al Harrington,Danilo Gallinari,David Lee,Jared Jeffries,Larry Hughes,4,5:29,NYK,rebound,,,,,,,,,,David Lee,,,,,,def,,
Brook Lopez,Chris Douglas-Roberts,Courtney Lee,Devin Harris,Rafer Alston,Al Harrington,Danilo Gallinari,David Lee,Jared Jeffries,Larry Hughes,4,5:22,NYK,foul,,,,,,,,Devin Harris,,Jared Jeffries,,,,,,offensive,,
Brook Lopez,Chris Douglas-Roberts,Courtney Lee,Devin Harris,Rafer Alston,Al Harrington,Danilo Gallinari,David Lee,Jared Jeffries,Larry Hughes,4,5:22,NYK,turnover,,,,,,,,,,Jared Jeffries,,,foul,,,,,
Brook Lopez,Chris Douglas-Roberts,Courtney Lee,Devin Harris,Rafer Alston,Al Harrington,Danilo Gallinari,David Lee,Jared Jeffries,Larry Hughes,4,5:00,NJN,turnover,,,,,,,,,,Chris Douglas-Roberts,,,bad pass,,Jared Jeffries,,,
Brook Lopez,Chris Douglas-Roberts,Courtney Lee,Devin Harris,Rafer Alston,Al Harrington,Danilo Gallinari,David Lee,Jared Jeffries,Larry Hughes,4,4:36,NYK,turnover,,,,,,,,,,Jared Jeffries,,,bad pass,,Devin Harris,,,
Brook Lopez,Chris Douglas-Roberts,Courtney Lee,Devin Harris,Rafer Alston,Al Harrington,Danilo Gallinari,David Lee,Jared Jeffries,Larry Hughes,4,4:33,NJN,turnover,,,,,,,,,,Devin Harris,,,bad pass,,Danilo Gallinari,,,
Brook Lopez,Chris Douglas-Roberts,Courtney Lee,Devin Harris,Rafer Alston,Al Harrington,Danilo Gallinari,David Lee,Jared Jeffries,Larry Hughes,4,4:33,NJN,foul,,,,,,,,Danilo Gallinari,,Devin Harris,,,,,,shooting,,
Brook Lopez,Chris Douglas-Roberts,Courtney Lee,Devin Harris,Rafer Alston,Al Harrington,Danilo Gallinari,David Lee,Jared Jeffries,Larry Hughes,4,4:33,NYK,free throw,,,,,,,1,,2,Danilo Gallinari,,,foul,made,,,,
Brook Lopez,Chris Douglas-Roberts,Courtney Lee,Devin Harris,Rafer Alston,Al Harrington,Danilo Gallinari,David Lee,Jared Jeffries,Larry Hughes,4,4:33,NYK,free throw,,,,,,,2,,2,Danilo Gallinari,,,foul,made,,,,
Brook Lopez,Chris Douglas-Roberts,Courtney Lee,Devin Harris,Rafer Alston,Al Harrington,Danilo Gallinari,David Lee,Jared Jeffries,Larry Hughes,4,4:21,NJN,shot,Rafer Alston,,,,,,,,,Brook Lopez,2,,,made,,layup,25,6
Brook Lopez,Chris Douglas-Roberts,Courtney Lee,Devin Harris,Rafer Alston,Al Harrington,Danilo Gallinari,David Lee,Jared Jeffries,Larry Hughes,4,4:21,NYK,foul,,,,,,,,Brook Lopez,,David Lee,,,,,,shooting,,
Brook Lopez,Chris Douglas-Roberts,Courtney Lee,Devin Harris,Rafer Alston,Al Harrington,Danilo Gallinari,David Lee,Jared Jeffries,Larry Hughes,4,4:21,NJN,free throw,,,,,,,1,,1,Brook Lopez,,,foul,missed,,,,
Brook Lopez,Chris Douglas-Roberts,Courtney Lee,Devin Harris,Rafer Alston,Al Harrington,Danilo Gallinari,David Lee,Jared Jeffries,Larry Hughes,4,4:20,NYK,rebound,,,,,,,,,,Al Harrington,,,,,,def,,
Brook Lopez,Chris Douglas-Roberts,Courtney Lee,Devin Harris,Rafer Alston,Al Harrington,Danilo Gallinari,David Lee,Jared Jeffries,Larry Hughes,4,4:00,NJN,foul,,,,,,,,Jared Jeffries,,Devin Harris,,,,,,shooting,,
Brook Lopez,Chris Douglas-Roberts,Courtney Lee,Devin Harris,Rafer Alston,Al Harrington,Chris Duhon,David Lee,Jared Jeffries,Larry Hughes,4,4:00,NYK,sub,,,,Chris Duhon,,Danilo Gallinari,,,,,,,,,,,,
Brook Lopez,Chris Douglas-Roberts,Courtney Lee,Devin Harris,Rafer Alston,Al Harrington,Chris Duhon,David Lee,Jared Jeffries,Larry Hughes,4,4:00,NYK,free throw,,,,,,,1,,2,Jared Jeffries,,,foul,missed,,,,
Brook Lopez,Chris Douglas-Roberts,Courtney Lee,Devin Harris,Rafer Alston,Al Harrington,Chris Duhon,David Lee,Jared Jeffries,Larry Hughes,4,4:00,NYK,rebound,,,,,,,,,,,,,,,,,,
Brook Lopez,Chris Douglas-Roberts,Courtney Lee,Devin Harris,Rafer Alston,Al Harrington,Chris Duhon,David Lee,Jared Jeffries,Larry Hughes,4,4:00,NYK,free throw,,,,,,,2,,2,Jared Jeffries,,,foul,made,,,,
Brook Lopez,Chris Douglas-Roberts,Courtney Lee,Devin Harris,Rafer Alston,Al Harrington,Chris Duhon,David Lee,Jared Jeffries,Larry Hughes,4,3:43,NJN,shot,,,,,,,,,,Devin Harris,,,,missed,,3pt,18,33
Brook Lopez,Chris Douglas-Roberts,Courtney Lee,Devin Harris,Rafer Alston,Al Harrington,Chris Duhon,David Lee,Jared Jeffries,Larry Hughes,4,3:42,NYK,rebound,,,,,,,,,,David Lee,,,,,,def,,
Brook Lopez,Chris Douglas-Roberts,Courtney Lee,Devin Harris,Rafer Alston,Al Harrington,Chris Duhon,David Lee,Jared Jeffries,Larry Hughes,4,3:20,NYK,shot,Al Harrington,,,,,,,,,David Lee,2,,,made,,jump,26,15
Brook Lopez,Chris Douglas-Roberts,Courtney Lee,Devin Harris,Rafer Alston,Al Harrington,Chris Duhon,David Lee,Jared Jeffries,Larry Hughes,4,3:04,NJN,foul,,,,,,,,Jared Jeffries,,Courtney Lee,,,,,,offensive,,
Brook Lopez,Chris Douglas-Roberts,Courtney Lee,Devin Harris,Rafer Alston,Al Harrington,Chris Duhon,David Lee,Jared Jeffries,Larry Hughes,4,3:04,NJN,turnover,,,,,,,,,,Courtney Lee,,,foul,,,,,
Brook Lopez,Chris Douglas-Roberts,Courtney Lee,Devin Harris,Rafer Alston,Al Harrington,Chris Duhon,David Lee,Jared Jeffries,Larry Hughes,4,2:40,NYK,shot,,,,,,,,,,Larry Hughes,,,,missed,,3pt,2,11
Brook Lopez,Chris Douglas-Roberts,Courtney Lee,Devin Harris,Rafer Alston,Al Harrington,Chris Duhon,David Lee,Jared Jeffries,Larry Hughes,4,2:40,NJN,rebound,,,,,,,,,,Devin Harris,,,,,,def,,
Brook Lopez,Chris Douglas-Roberts,Courtney Lee,Devin Harris,Rafer Alston,Al Harrington,Chris Duhon,David Lee,Jared Jeffries,Larry Hughes,4,2:30,NJN,timeout,,,,,,,,,,,,,,,,regular,,
Brook Lopez,Chris Douglas-Roberts,Courtney Lee,Devin Harris,Rafer Alston,Al Harrington,Chris Duhon,David Lee,Jared Jeffries,Larry Hughes,4,2:26,NYK,foul,,,,,,,,Devin Harris,,Al Harrington,,,,,,shooting,,
Brook Lopez,Chris Douglas-Roberts,Courtney Lee,Devin Harris,Rafer Alston,Al Harrington,Chris Duhon,David Lee,Jared Jeffries,Larry Hughes,4,2:26,NJN,free throw,,,,,,,1,,2,Devin Harris,,,foul,made,,,,
Brook Lopez,Chris Douglas-Roberts,Courtney Lee,Devin Harris,Rafer Alston,Al Harrington,Chris Duhon,David Lee,Jared Jeffries,Larry Hughes,4,2:26,NJN,free throw,,,,,,,2,,2,Devin Harris,,,foul,made,,,,
Brook Lopez,Chris Douglas-Roberts,Courtney Lee,Devin Harris,Rafer Alston,Al Harrington,Chris Duhon,David Lee,Jared Jeffries,Larry Hughes,4,2:05,NJN,foul,,,,,,,,Larry Hughes,,Courtney Lee,,,,,,shooting,,
Brook Lopez,Chris Douglas-Roberts,Courtney Lee,Devin Harris,Rafer Alston,Al Harrington,Chris Duhon,David Lee,Jared Jeffries,Larry Hughes,4,2:05,NYK,free throw,,,,,,,1,,2,Larry Hughes,,,foul,made,,,,
Brook Lopez,Chris Douglas-Roberts,Courtney Lee,Devin Harris,Rafer Alston,Al Harrington,Chris Duhon,David Lee,Jared Jeffries,Larry Hughes,4,2:05,NYK,free throw,,,,,,,2,,2,Larry Hughes,,,foul,missed,,,,
Brook Lopez,Chris Douglas-Roberts,Courtney Lee,Devin Harris,Rafer Alston,Al Harrington,Chris Duhon,David Lee,Jared Jeffries,Larry Hughes,4,2:04,NJN,rebound,,,,,,,,,,Courtney Lee,,,,,,def,,
Brook Lopez,Chris Douglas-Roberts,Courtney Lee,Devin Harris,Rafer Alston,Al Harrington,Chris Duhon,David Lee,Jared Jeffries,Larry Hughes,4,1:57,NJN,shot,Devin Harris,,,,,,,,,Rafer Alston,2,,,made,,reverse layup,25,6
Brook Lopez,Chris Douglas-Roberts,Courtney Lee,Devin Harris,Rafer Alston,Al Harrington,Chris Duhon,David Lee,Jared Jeffries,Larry Hughes,4,1:37,NYK,shot,,,,,,,,,,David Lee,,,,missed,,jump,39,22
Brook Lopez,Chris Douglas-Roberts,Courtney Lee,Devin Harris,Rafer Alston,Al Harrington,Chris Duhon,David Lee,Jared Jeffries,Larry Hughes,4,1:36,NYK,rebound,,,,,,,,,,Chris Duhon,,,,,,off,,
Brook Lopez,Chris Douglas-Roberts,Courtney Lee,Devin Harris,Rafer Alston,Al Harrington,Chris Duhon,David Lee,Jared Jeffries,Larry Hughes,4,1:16,NYK,turnover,,,,,,,,,,David Lee,,,bad pass,,Chris Douglas-Roberts,,,
Brook Lopez,Chris Douglas-Roberts,Courtney Lee,Devin Harris,Rafer Alston,Al Harrington,Chris Duhon,David Lee,Jared Jeffries,Larry Hughes,4,1:08,NJN,shot,,,,,,,,,,Rafer Alston,,,,missed,,layup,25,6
Brook Lopez,Chris Douglas-Roberts,Courtney Lee,Devin Harris,Rafer Alston,Al Harrington,Chris Duhon,David Lee,Jared Jeffries,Larry Hughes,4,1:07,NYK,rebound,,,,,,,,,,David Lee,,,,,,def,,
Brook Lopez,Chris Douglas-Roberts,Courtney Lee,Devin Harris,Rafer Alston,Al Harrington,Chris Duhon,David Lee,Jared Jeffries,Larry Hughes,4,0:47,NYK,shot,,,,,,,,,,Chris Duhon,,,,missed,,layup,25,6
Brook Lopez,Chris Douglas-Roberts,Courtney Lee,Devin Harris,Rafer Alston,Al Harrington,Chris Duhon,David Lee,Jared Jeffries,Larry Hughes,4,0:46,NJN,rebound,,,,,,,,,,Rafer Alston,,,,,,def,,
Brook Lopez,Chris Douglas-Roberts,Courtney Lee,Devin Harris,Rafer Alston,Al Harrington,Chris Duhon,David Lee,Jared Jeffries,Larry Hughes,4,0:40,NJN,shot,,,,,,,,,,Devin Harris,,,,missed,,jump,28,23
Brook Lopez,Chris Douglas-Roberts,Courtney Lee,Devin Harris,Rafer Alston,Al Harrington,Chris Duhon,David Lee,Jared Jeffries,Larry Hughes,4,0:39,NYK,rebound,,,,,,,,,,Larry Hughes,,,,,,def,,
Brook Lopez,Chris Douglas-Roberts,Courtney Lee,Devin Harris,Rafer Alston,Al Harrington,Chris Duhon,David Lee,Jared Jeffries,Larry Hughes,4,0:39,NJN,foul,,,,,,,,Larry Hughes,,Rafer Alston,,,,,,personal,,
Brook Lopez,Chris Douglas-Roberts,Courtney Lee,Devin Harris,Rafer Alston,Al Harrington,Chris Duhon,David Lee,Jared Jeffries,Larry Hughes,4,0:39,NYK,free throw,,,,,,,1,,2,Larry Hughes,,,foul,made,,,,
Brook Lopez,Chris Douglas-Roberts,Courtney Lee,Devin Harris,Rafer Alston,Al Harrington,Chris Duhon,David Lee,Jared Jeffries,Larry Hughes,4,0:39,NYK,free throw,,,,,,,2,,2,Larry Hughes,,,foul,missed,,,,
Brook Lopez,Chris Douglas-Roberts,Courtney Lee,Devin Harris,Rafer Alston,Al Harrington,Chris Duhon,David Lee,Jared Jeffries,Larry Hughes,4,0:39,NYK,rebound,,,,,,,,,,Larry Hughes,,,,,,def,,
Brook Lopez,Chris Douglas-Roberts,Courtney Lee,Devin Harris,Rafer Alston,Al Harrington,Chris Duhon,David Lee,Jared Jeffries,Larry Hughes,4,0:28,NJN,foul,,,,,,,,Chris Duhon,,Rafer Alston,,,,,,personal,,
Brook Lopez,Chris Douglas-Roberts,Courtney Lee,Devin Harris,Rafer Alston,Al Harrington,Chris Duhon,David Lee,Jared Jeffries,Larry Hughes,4,0:28,NYK,free throw,,,,,,,1,,2,Chris Duhon,,,foul,made,,,,
Brook Lopez,Chris Douglas-Roberts,Courtney Lee,Devin Harris,Rafer Alston,Al Harrington,Chris Duhon,David Lee,Jared Jeffries,Larry Hughes,4,0:28,NYK,free throw,,,,,,,2,,2,Chris Duhon,,,foul,made,,,,
Brook Lopez,Chris Douglas-Roberts,Courtney Lee,Devin Harris,Rafer Alston,Al Harrington,Chris Duhon,David Lee,Jared Jeffries,Larry Hughes,4,0:28,NJN,timeout,,,,,,,,,,,,,,,,regular,,
Brook Lopez,Chris Douglas-Roberts,Courtney Lee,Devin Harris,Rafer Alston,Al Harrington,Chris Duhon,David Lee,Jared Jeffries,Larry Hughes,4,0:24,NJN,shot,,,,,,,,,,Rafer Alston,,,,missed,,layup,25,6
Brook Lopez,Chris Douglas-Roberts,Courtney Lee,Devin Harris,Rafer Alston,Al Harrington,Chris Duhon,David Lee,Jared Jeffries,Larry Hughes,4,0:22,NJN,rebound,,,,,,,,,,Brook Lopez,,,,,,off,,
Brook Lopez,Chris Douglas-Roberts,Courtney Lee,Devin Harris,Rafer Alston,Al Harrington,Chris Duhon,David Lee,Jared Jeffries,Larry Hughes,4,0:22,NYK,foul,,,,,,,,Brook Lopez,,Larry Hughes,,,,,,shooting,,
Brook Lopez,Chris Douglas-Roberts,Courtney Lee,Devin Harris,Rafer Alston,Al Harrington,Chris Duhon,David Lee,Jared Jeffries,Larry Hughes,4,0:22,NJN,free throw,,,,,,,1,,2,Brook Lopez,,,foul,missed,,,,
Brook Lopez,Chris Douglas-Roberts,Courtney Lee,Devin Harris,Rafer Alston,Al Harrington,Chris Duhon,David Lee,Jared Jeffries,Larry Hughes,4,0:22,NJN,rebound,,,,,,,,,,,,,,,,,,
Brook Lopez,Chris Douglas-Roberts,Courtney Lee,Devin Harris,Rafer Alston,Al Harrington,Chris Duhon,David Lee,Jared Jeffries,Larry Hughes,4,0:22,NJN,free throw,,,,,,,2,,2,Brook Lopez,,,foul,made,,,,
