a1,a2,a3,a4,a5,h1,h2,h3,h4,h5,period,time,team,etype,assist,away,block,entered,home,left,num,opponent,outof,player,points,possession,reason,result,steal,type,x,y
Kendrick Perkins,Kevin Garnett,Paul Pierce,Rajon Rondo,Ray Allen,Brandon Rush,Dahntay Jones,Danny Granger,Earl Watson,Roy Hibbert,1,12:00,OFF,jump ball,,Kendrick Perkins,,,Roy Hibbert,,,,,,,Danny Granger,,,,,,
Kendrick Perkins,Kevin Garnett,Paul Pierce,Rajon Rondo,Ray Allen,Brandon Rush,Dahntay Jones,Danny Granger,Earl Watson,Roy Hibbert,1,11:40,IND,shot,Earl Watson,,,,,,,,,Danny Granger,2,,,made,,jump,42,5
Kendrick Perkins,Kevin Garnett,Paul Pierce,Rajon Rondo,Ray Allen,Brandon Rush,Dahntay Jones,Danny Granger,Earl Watson,Roy Hibbert,1,11:22,BOS,shot,Paul Pierce,,,,,,,,,Kevin Garnett,2,,,made,,jump,21,27
Kendrick Perkins,Kevin Garnett,Paul Pierce,Rajon Rondo,Ray Allen,Brandon Rush,Dahntay Jones,Danny Granger,Earl Watson,Roy Hibbert,1,11:07,IND,shot,Roy Hibbert,,,,,,,,,Danny Granger,3,,,made,,3pt,41,29
Kendrick Perkins,Kevin Garnett,Paul Pierce,Rajon Rondo,Ray Allen,Brandon Rush,Dahntay Jones,Danny Granger,Earl Watson,Roy Hibbert,1,10:46,BOS,shot,Rajon Rondo,,,,,,,,,Kevin Garnett,2,,,made,,layup,24,6
Kendrick Perkins,Kevin Garnett,Paul Pierce,Rajon Rondo,Ray Allen,Brandon Rush,Dahntay Jones,Danny Granger,Earl Watson,Roy Hibbert,1,10:37,IND,shot,Danny Granger,,,,,,,,,Roy Hibbert,2,,,made,,jump,24,23
Kendrick Perkins,Kevin Garnett,Paul Pierce,Rajon Rondo,Ray Allen,Brandon Rush,Dahntay Jones,Danny Granger,Earl Watson,Roy Hibbert,1,10:23,BOS,shot,,,,,,,,,,Ray Allen,,,,missed,,jump,14,21
Kendrick Perkins,Kevin Garnett,Paul Pierce,Rajon Rondo,Ray Allen,Brandon Rush,Dahntay Jones,Danny Granger,Earl Watson,Roy Hibbert,1,10:22,BOS,rebound,,,,,,,,,,Kendrick Perkins,,,,,,off,,
Kendrick Perkins,Kevin Garnett,Paul Pierce,Rajon Rondo,Ray Allen,Brandon Rush,Dahntay Jones,Danny Granger,Earl Watson,Roy Hibbert,1,10:16,BOS,shot,,,Dahntay Jones,,,,,,,Kendrick Perkins,,,,missed,,layup,25,6
Kendrick Perkins,Kevin Garnett,Paul Pierce,Rajon Rondo,Ray Allen,Brandon Rush,Dahntay Jones,Danny Granger,Earl Watson,Roy Hibbert,1,10:12,IND,rebound,,,,,,,,,,Danny Granger,,,,,,def,,
Kendrick Perkins,Kevin Garnett,Paul Pierce,Rajon Rondo,Ray Allen,Brandon Rush,Dahntay Jones,Danny Granger,Earl Watson,Roy Hibbert,1,10:06,IND,shot,,,,,,,,,,Danny Granger,,,,missed,,jump,22,25
Kendrick Perkins,Kevin Garnett,Paul Pierce,Rajon Rondo,Ray Allen,Brandon Rush,Dahntay Jones,Danny Granger,Earl Watson,Roy Hibbert,1,10:05,BOS,rebound,,,,,,,,,,Kevin Garnett,,,,,,def,,
Kendrick Perkins,Kevin Garnett,Paul Pierce,Rajon Rondo,Ray Allen,Brandon Rush,Dahntay Jones,Danny Granger,Earl Watson,Roy Hibbert,1,9:58,BOS,shot,,,,,,,,,,Kendrick Perkins,2,,,made,,jump,25,9
Kendrick Perkins,Kevin Garnett,Paul Pierce,Rajon Rondo,Ray Allen,Brandon Rush,Dahntay Jones,Danny Granger,Earl Watson,Roy Hibbert,1,9:44,BOS,foul,,,,,,,,Dahntay Jones,,Kendrick Perkins,,,,,,shooting,,
Kendrick Perkins,Kevin Garnett,Paul Pierce,Rajon Rondo,Ray Allen,Brandon Rush,Dahntay Jones,Danny Granger,Earl Watson,Roy Hibbert,1,9:44,IND,free throw,,,,,,,1,,2,Dahntay Jones,,,foul,made,,,,
Kendrick Perkins,Kevin Garnett,Paul Pierce,Rajon Rondo,Ray Allen,Brandon Rush,Dahntay Jones,Danny Granger,Earl Watson,Roy Hibbert,1,9:44,IND,free throw,,,,,,,2,,2,Dahntay Jones,,,foul,made,,,,
Kendrick Perkins,Kevin Garnett,Paul Pierce,Rajon Rondo,Ray Allen,Brandon Rush,Dahntay Jones,Danny Granger,Earl Watson,Roy Hibbert,1,9:30,BOS,shot,,,,,,,,,,Paul Pierce,2,,,made,,fade away jumper,24,9
Kendrick Perkins,Kevin Garnett,Paul Pierce,Rajon Rondo,Ray Allen,Brandon Rush,Dahntay Jones,Danny Granger,Earl Watson,Roy Hibbert,1,9:16,IND,shot,,,,,,,,,,Dahntay Jones,,,,missed,,jump,29,27
Kendrick Perkins,Kevin Garnett,Paul Pierce,Rajon Rondo,Ray Allen,Brandon Rush,Dahntay Jones,Danny Granger,Earl Watson,Roy Hibbert,1,9:15,IND,rebound,,,,,,,,,,Brandon Rush,,,,,,off,,
Kendrick Perkins,Kevin Garnett,Paul Pierce,Rajon Rondo,Ray Allen,Brandon Rush,Dahntay Jones,Danny Granger,Earl Watson,Roy Hibbert,1,9:09,IND,shot,,,,,,,,,,Danny Granger,,,,missed,,3pt,20,31
Kendrick Perkins,Kevin Garnett,Paul Pierce,Rajon Rondo,Ray Allen,Brandon Rush,Dahntay Jones,Danny Granger,Earl Watson,Roy Hibbert,1,9:08,BOS,rebound,,,,,,,,,,Ray Allen,,,,,,def,,
Kendrick Perkins,Kevin Garnett,Paul Pierce,Rajon Rondo,Ray Allen,Brandon Rush,Dahntay Jones,Danny Granger,Earl Watson,Roy Hibbert,1,9:04,BOS,turnover,,,,,,,,,,Ray Allen,,,bad pass,,Roy Hibbert,,,
Kendrick Perkins,Kevin Garnett,Paul Pierce,Rajon Rondo,Ray Allen,Brandon Rush,Dahntay Jones,Danny Granger,Earl Watson,Roy Hibbert,1,8:57,IND,shot,Danny Granger,,,,,,,,,Brandon Rush,2,,,made,,layup,24,6
Kendrick Perkins,Kevin Garnett,Paul Pierce,Rajon Rondo,Ray Allen,Brandon Rush,Dahntay Jones,Danny Granger,Earl Watson,Roy Hibbert,1,8:40,BOS,shot,Kevin Garnett,,,,,,,,,Ray Allen,2,,,made,,layup,23,6
Kendrick Perkins,Kevin Garnett,Paul Pierce,Rajon Rondo,Ray Allen,Brandon Rush,Dahntay Jones,Danny Granger,Earl Watson,Roy Hibbert,1,8:27,IND,shot,,,,,,,,,,Earl Watson,2,,,made,,reverse layup,24,5
Kendrick Perkins,Kevin Garnett,Paul Pierce,Rajon Rondo,Ray Allen,Brandon Rush,Dahntay Jones,Danny Granger,Earl Watson,Roy Hibbert,1,8:24,BOS,turnover,,,,,,,,,,Kendrick Perkins,,,inbound turnover,,,,,
Kendrick Perkins,Kevin Garnett,Paul Pierce,Rajon Rondo,Ray Allen,Brandon Rush,Dahntay Jones,Danny Granger,Earl Watson,Roy Hibbert,1,8:07,IND,shot,,,,,,,,,,Earl Watson,2,,,made,,floating jump,24,13
Kendrick Perkins,Kevin Garnett,Paul Pierce,Rajon Rondo,Ray Allen,Brandon Rush,Dahntay Jones,Danny Granger,Earl Watson,Roy Hibbert,1,7:40,BOS,shot,Ray Allen,,,,,,,,,Kevin Garnett,2,,,made,,jump,10,15
Kendrick Perkins,Kevin Garnett,Paul Pierce,Rajon Rondo,Ray Allen,Brandon Rush,Dahntay Jones,Danny Granger,Earl Watson,Roy Hibbert,1,7:29,IND,foul,,,,,,,,Rajon Rondo,,Dahntay Jones,,,,,,offensive,,
Kendrick Perkins,Kevin Garnett,Paul Pierce,Rajon Rondo,Ray Allen,Brandon Rush,Dahntay Jones,Danny Granger,Earl Watson,Roy Hibbert,1,7:29,IND,turnover,,,,,,,,,,Dahntay Jones,,,foul,,,,,
Kendrick Perkins,Kevin Garnett,Paul Pierce,Rajon Rondo,Ray Allen,Brandon Rush,Dahntay Jones,Danny Granger,Earl Watson,Roy Hibbert,1,7:15,BOS,shot,,,,,,,,,,Paul Pierce,,,,missed,,jump,21,23
Kendrick Perkins,Kevin Garnett,Paul Pierce,Rajon Rondo,Ray Allen,Brandon Rush,Dahntay Jones,Danny Granger,Earl Watson,Roy Hibbert,1,7:14,BOS,rebound,,,,,,,,,,Kevin Garnett,,,,,,off,,
Kendrick Perkins,Kevin Garnett,Paul Pierce,Rajon Rondo,Ray Allen,Brandon Rush,Dahntay Jones,Danny Granger,Earl Watson,Roy Hibbert,1,7:12,BOS,shot,,,,,,,,,,Kevin Garnett,,,,missed,,tip,27,5
Kendrick Perkins,Kevin Garnett,Paul Pierce,Rajon Rondo,Ray Allen,Brandon Rush,Dahntay Jones,Danny Granger,Earl Watson,Roy Hibbert,1,7:10,BOS,rebound,,,,,,,,,,Kevin Garnett,,,,,,off,,
Kendrick Perkins,Kevin Garnett,Paul Pierce,Rajon Rondo,Ray Allen,Brandon Rush,Dahntay Jones,Danny Granger,Earl Watson,Roy Hibbert,1,7:03,BOS,shot,,,Earl Watson,,,,,,,Rajon Rondo,,,,missed,,jump,21,6
Kendrick Perkins,Kevin Garnett,Paul Pierce,Rajon Rondo,Ray Allen,Brandon Rush,Dahntay Jones,Danny Granger,Earl Watson,Roy Hibbert,1,7:03,BOS,rebound,,,,,,,,,,,,,,,,,,
Kendrick Perkins,Kevin Garnett,Paul Pierce,Rajon Rondo,Ray Allen,Brandon Rush,Dahntay Jones,Danny Granger,Earl Watson,Roy Hibbert,1,6:55,BOS,shot,,,,,,,,,,Ray Allen,2,,,made,,jump,19,15
Kendrick Perkins,Kevin Garnett,Paul Pierce,Rajon Rondo,Ray Allen,Brandon Rush,Dahntay Jones,Danny Granger,Earl Watson,Roy Hibbert,1,6:42,BOS,foul,,,,,,,,Roy Hibbert,,Kendrick Perkins,,,,,,personal,,
Kevin Garnett,Paul Pierce,Rajon Rondo,Rasheed Wallace,Ray Allen,Brandon Rush,Dahntay Jones,Danny Granger,Earl Watson,Roy Hibbert,1,6:42,BOS,sub,,,,Rasheed Wallace,,Kendrick Perkins,,,,,,,,,,,,
Kevin Garnett,Paul Pierce,Rajon Rondo,Rasheed Wallace,Ray Allen,Brandon Rush,Dahntay Jones,Danny Granger,Earl Watson,Roy Hibbert,1,6:41,IND,shot,Dahntay Jones,,,,,,,,,Roy Hibbert,2,,,made,,alley oop layup,25,7
Kevin Garnett,Paul Pierce,Rajon Rondo,Rasheed Wallace,Ray Allen,Brandon Rush,Dahntay Jones,Danny Granger,Earl Watson,Roy Hibbert,1,6:24,BOS,shot,,,,,,,,,,Rajon Rondo,2,,,made,,driving layup,27,7
Kevin Garnett,Paul Pierce,Rajon Rondo,Rasheed Wallace,Ray Allen,Brandon Rush,Dahntay Jones,Danny Granger,Earl Watson,Roy Hibbert,1,6:17,IND,shot,,,,,,,,,,Brandon Rush,,,,missed,,jump,8,9
Kevin Garnett,Paul Pierce,Rajon Rondo,Rasheed Wallace,Ray Allen,Brandon Rush,Dahntay Jones,Danny Granger,Earl Watson,Roy Hibbert,1,6:16,BOS,rebound,,,,,,,,,,Paul Pierce,,,,,,def,,
Kevin Garnett,Paul Pierce,Rajon Rondo,Rasheed Wallace,Ray Allen,Brandon Rush,Dahntay Jones,Danny Granger,Earl Watson,Roy Hibbert,1,6:03,BOS,shot,,,,,,,,,,Kevin Garnett,,,,missed,,jump,23,11
Kevin Garnett,Paul Pierce,Rajon Rondo,Rasheed Wallace,Ray Allen,Brandon Rush,Dahntay Jones,Danny Granger,Earl Watson,Roy Hibbert,1,6:01,IND,rebound,,,,,,,,,,Brandon Rush,,,,,,def,,
Kevin Garnett,Paul Pierce,Rajon Rondo,Rasheed Wallace,Ray Allen,Brandon Rush,Dahntay Jones,Danny Granger,Earl Watson,Roy Hibbert,1,5:55,IND,shot,Earl Watson,,,,,,,,,Danny Granger,3,,,made,,3pt,36,31
Kevin Garnett,Paul Pierce,Rajon Rondo,Rasheed Wallace,Ray Allen,Brandon Rush,Dahntay Jones,Danny Granger,Earl Watson,Roy Hibbert,1,5:31,BOS,shot,Ray Allen,,,,,,,,,Kevin Garnett,2,,,made,,alley oop layup,25,5
Kevin Garnett,Paul Pierce,Rajon Rondo,Rasheed Wallace,Ray Allen,Brandon Rush,Dahntay Jones,Danny Granger,Earl Watson,Roy Hibbert,1,5:31,IND,foul,,,,,,,,Kevin Garnett,,Dahntay Jones,,,,,,shooting,,
Kevin Garnett,Paul Pierce,Rajon Rondo,Rasheed Wallace,Ray Allen,Brandon Rush,Dahntay Jones,Danny Granger,Earl Watson,Roy Hibbert,1,5:31,IND,timeout,,,,,,,,,,,,,,,,regular,,
Kevin Garnett,Paul Pierce,Rajon Rondo,Rasheed Wallace,Ray Allen,Brandon Rush,Dahntay Jones,Danny Granger,Earl Watson,T.J. Ford,1,5:31,IND,sub,,,,T.J. Ford,,Roy Hibbert,,,,,,,,,,,,
Kevin Garnett,Paul Pierce,Rajon Rondo,Rasheed Wallace,Ray Allen,Dahntay Jones,Danny Granger,Earl Watson,Luther Head,T.J. Ford,1,5:31,IND,sub,,,,Luther Head,,Brandon Rush,,,,,,,,,,,,
Kevin Garnett,Paul Pierce,Rajon Rondo,Rasheed Wallace,Ray Allen,Dahntay Jones,Danny Granger,Luther Head,Solomon Jones,T.J. Ford,1,5:31,IND,sub,,,,Solomon Jones,,Earl Watson,,,,,,,,,,,,
Kevin Garnett,Paul Pierce,Rajon Rondo,Rasheed Wallace,Ray Allen,Dahntay Jones,Danny Granger,Luther Head,Solomon Jones,T.J. Ford,1,5:31,BOS,free throw,,,,,,,1,,1,Kevin Garnett,,,foul,made,,,,
Kevin Garnett,Paul Pierce,Rajon Rondo,Rasheed Wallace,Ray Allen,Dahntay Jones,Danny Granger,Luther Head,Solomon Jones,T.J. Ford,1,5:18,BOS,violation,,,,,,,,,,Rasheed Wallace,,,,,,kicked ball,,
Kevin Garnett,Paul Pierce,Rajon Rondo,Rasheed Wallace,Ray Allen,Dahntay Jones,Danny Granger,Luther Head,Solomon Jones,T.J. Ford,1,5:13,IND,turnover,,,,,,,,,,T.J. Ford,,,poss lost ball turnover,,,,,
Kevin Garnett,Paul Pierce,Rajon Rondo,Rasheed Wallace,Ray Allen,Dahntay Jones,Danny Granger,Luther Head,Solomon Jones,T.J. Ford,1,5:00,BOS,shot,,,,,,,,,,Ray Allen,,,,missed,,3pt,2,4
Kevin Garnett,Paul Pierce,Rajon Rondo,Rasheed Wallace,Ray Allen,Dahntay Jones,Danny Granger,Luther Head,Solomon Jones,T.J. Ford,1,4:59,IND,rebound,,,,,,,,,,T.J. Ford,,,,,,def,,
Kevin Garnett,Paul Pierce,Rajon Rondo,Rasheed Wallace,Ray Allen,Dahntay Jones,Danny Granger,Luther Head,Solomon Jones,T.J. Ford,1,4:49,IND,turnover,,,,,,,,,,Danny Granger,,,traveling,,,,,
Kevin Garnett,Paul Pierce,Rajon Rondo,Rasheed Wallace,Ray Allen,Dahntay Jones,Luther Head,Solomon Jones,T.J. Ford,Tyler Hansbrough,1,4:49,IND,sub,,,,Tyler Hansbrough,,Danny Granger,,,,,,,,,,,,
Kevin Garnett,Paul Pierce,Rajon Rondo,Rasheed Wallace,Ray Allen,Dahntay Jones,Luther Head,Solomon Jones,T.J. Ford,Tyler Hansbrough,1,4:32,BOS,shot,,,,,,,,,,Ray Allen,,,,missed,,jump,24,12
Kevin Garnett,Paul Pierce,Rajon Rondo,Rasheed Wallace,Ray Allen,Dahntay Jones,Luther Head,Solomon Jones,T.J. Ford,Tyler Hansbrough,1,4:31,IND,rebound,,,,,,,,,,Dahntay Jones,,,,,,def,,
Kevin Garnett,Paul Pierce,Rajon Rondo,Rasheed Wallace,Ray Allen,Dahntay Jones,Luther Head,Solomon Jones,T.J. Ford,Tyler Hansbrough,1,4:23,IND,shot,T.J. Ford,,,,,,,,,Tyler Hansbrough,2,,,made,,jump,44,6
Kevin Garnett,Paul Pierce,Rajon Rondo,Rasheed Wallace,Ray Allen,Dahntay Jones,Luther Head,Solomon Jones,T.J. Ford,Tyler Hansbrough,1,4:06,BOS,shot,,,,,,,,,,Rajon Rondo,2,,,made,,driving layup,27,6
Kevin Garnett,Paul Pierce,Rajon Rondo,Rasheed Wallace,Ray Allen,Dahntay Jones,Luther Head,Solomon Jones,T.J. Ford,Tyler Hansbrough,1,3:45,IND,shot,,,,,,,,,,T.J. Ford,,,,missed,,jump,8,4
Kevin Garnett,Paul Pierce,Rajon Rondo,Rasheed Wallace,Ray Allen,Dahntay Jones,Luther Head,Solomon Jones,T.J. Ford,Tyler Hansbrough,1,3:44,BOS,rebound,,,,,,,,,,Kevin Garnett,,,,,,def,,
Kevin Garnett,Marquis Daniels,Paul Pierce,Rajon Rondo,Rasheed Wallace,Dahntay Jones,Luther Head,Solomon Jones,T.J. Ford,Tyler Hansbrough,1,3:43,BOS,sub,,,,Marquis Daniels,,Ray Allen,,,,,,,,,,,,
Kevin Garnett,Marquis Daniels,Paul Pierce,Rajon Rondo,Rasheed Wallace,Dahntay Jones,Luther Head,Solomon Jones,T.J. Ford,Tyler Hansbrough,1,3:43,BOS,jump ball,,Kevin Garnett,,,Solomon Jones,,,,,,,Rasheed Wallace,,,,,,
Kevin Garnett,Marquis Daniels,Paul Pierce,Rajon Rondo,Rasheed Wallace,Dahntay Jones,Luther Head,Solomon Jones,T.J. Ford,Tyler Hansbrough,1,3:37,IND,foul,,,,,,,,Kevin Garnett,,Solomon Jones,,,,,,personal,,
Marquis Daniels,Paul Pierce,Rajon Rondo,Rasheed Wallace,Shelden Williams,Dahntay Jones,Luther Head,Solomon Jones,T.J. Ford,Tyler Hansbrough,1,3:37,BOS,sub,,,,Shelden Williams,,Kevin Garnett,,,,,,,,,,,,
Marquis Daniels,Paul Pierce,Rajon Rondo,Rasheed Wallace,Shelden Williams,Dahntay Jones,Luther Head,Solomon Jones,T.J. Ford,Tyler Hansbrough,1,3:24,BOS,shot,,,,,,,,,,Rasheed Wallace,,,,missed,,3pt,20,32
Marquis Daniels,Paul Pierce,Rajon Rondo,Rasheed Wallace,Shelden Williams,Dahntay Jones,Luther Head,Solomon Jones,T.J. Ford,Tyler Hansbrough,1,3:23,BOS,rebound,,,,,,,,,,Rajon Rondo,,,,,,off,,
Marquis Daniels,Paul Pierce,Rajon Rondo,Rasheed Wallace,Shelden Williams,Dahntay Jones,Luther Head,Solomon Jones,T.J. Ford,Tyler Hansbrough,1,3:20,BOS,shot,,,,,,,,,,Rajon Rondo,,,,missed,,layup,28,6
Marquis Daniels,Paul Pierce,Rajon Rondo,Rasheed Wallace,Shelden Williams,Dahntay Jones,Luther Head,Solomon Jones,T.J. Ford,Tyler Hansbrough,1,3:19,BOS,rebound,,,,,,,,,,Shelden Williams,,,,,,off,,
Marquis Daniels,Paul Pierce,Rajon Rondo,Rasheed Wallace,Shelden Williams,Dahntay Jones,Luther Head,Solomon Jones,T.J. Ford,Tyler Hansbrough,1,3:19,IND,foul,,,,,,,,Shelden Williams,,Solomon Jones,,,,,,shooting,,
Marquis Daniels,Paul Pierce,Rajon Rondo,Rasheed Wallace,Shelden Williams,Dahntay Jones,Luther Head,Solomon Jones,T.J. Ford,Tyler Hansbrough,1,3:19,BOS,free throw,,,,,,,1,,2,Shelden Williams,,,foul,made,,,,
Marquis Daniels,Paul Pierce,Rajon Rondo,Rasheed Wallace,Shelden Williams,Dahntay Jones,Luther Head,Roy Hibbert,T.J. Ford,Tyler Hansbrough,1,3:19,IND,sub,,,,Roy Hibbert,,Solomon Jones,,,,,,,,,,,,
Marquis Daniels,Paul Pierce,Rajon Rondo,Rasheed Wallace,Shelden Williams,Dahntay Jones,Luther Head,Roy Hibbert,T.J. Ford,Tyler Hansbrough,1,3:19,BOS,free throw,,,,,,,2,,2,Shelden Williams,,,foul,made,,,,
Marquis Daniels,Paul Pierce,Rajon Rondo,Rasheed Wallace,Shelden Williams,Dahntay Jones,Luther Head,Roy Hibbert,T.J. Ford,Tyler Hansbrough,1,3:08,IND,shot,,,,,,,,,,Tyler Hansbrough,,,,missed,,jump,25,17
Marquis Daniels,Paul Pierce,Rajon Rondo,Rasheed Wallace,Shelden Williams,Dahntay Jones,Luther Head,Roy Hibbert,T.J. Ford,Tyler Hansbrough,1,3:07,IND,rebound,,,,,,,,,,Tyler Hansbrough,,,,,,off,,
Marquis Daniels,Paul Pierce,Rajon Rondo,Rasheed Wallace,Shelden Williams,Dahntay Jones,Luther Head,Roy Hibbert,T.J. Ford,Tyler Hansbrough,1,3:05,IND,shot,,,,,,,,,,Tyler Hansbrough,,,,missed,,layup,23,6
Marquis Daniels,Paul Pierce,Rajon Rondo,Rasheed Wallace,Shelden Williams,Dahntay Jones,Luther Head,Roy Hibbert,T.J. Ford,Tyler Hansbrough,1,3:03,BOS,rebound,,,,,,,,,,Paul Pierce,,,,,,def,,
Marquis Daniels,Paul Pierce,Rajon Rondo,Rasheed Wallace,Shelden Williams,Dahntay Jones,Luther Head,Roy Hibbert,T.J. Ford,Tyler Hansbrough,1,2:58,BOS,turnover,,,,,,,,,,Paul Pierce,,,lost ball,,T.J. Ford,,,
Marquis Daniels,Paul Pierce,Rajon Rondo,Rasheed Wallace,Shelden Williams,Dahntay Jones,Luther Head,Roy Hibbert,T.J. Ford,Tyler Hansbrough,1,2:54,IND,shot,,,,,,,,,,T.J. Ford,2,,,made,,layup,22,5
Marquis Daniels,Paul Pierce,Rajon Rondo,Rasheed Wallace,Shelden Williams,Dahntay Jones,Luther Head,Roy Hibbert,T.J. Ford,Tyler Hansbrough,1,2:46,BOS,shot,Rajon Rondo,,,,,,,,,Shelden Williams,2,,,made,,jump,9,9
Marquis Daniels,Paul Pierce,Rajon Rondo,Rasheed Wallace,Shelden Williams,Dahntay Jones,Luther Head,Roy Hibbert,T.J. Ford,Tyler Hansbrough,1,2:22,IND,shot,,,,,,,,,,T.J. Ford,,,,missed,,jump,27,18
Marquis Daniels,Paul Pierce,Rajon Rondo,Rasheed Wallace,Shelden Williams,Dahntay Jones,Luther Head,Roy Hibbert,T.J. Ford,Tyler Hansbrough,1,2:21,BOS,rebound,,,,,,,,,,Shelden Williams,,,,,,def,,
Marquis Daniels,Paul Pierce,Rajon Rondo,Rasheed Wallace,Shelden Williams,Dahntay Jones,Luther Head,Roy Hibbert,T.J. Ford,Tyler Hansbrough,1,2:03,BOS,shot,,,,,,,,,,Rajon Rondo,,,,missed,,jump,32,25
Marquis Daniels,Paul Pierce,Rajon Rondo,Rasheed Wallace,Shelden Williams,Dahntay Jones,Luther Head,Roy Hibbert,T.J. Ford,Tyler Hansbrough,1,2:02,IND,rebound,,,,,,,,,,Luther Head,,,,,,def,,
Marquis Daniels,Paul Pierce,Rajon Rondo,Rasheed Wallace,Shelden Williams,Dahntay Jones,Luther Head,Roy Hibbert,T.J. Ford,Tyler Hansbrough,1,1:51,IND,turnover,,,,,,,,,,Dahntay Jones,,,lost ball,,Rajon Rondo,,,
Marquis Daniels,Paul Pierce,Rajon Rondo,Rasheed Wallace,Shelden Williams,Dahntay Jones,Luther Head,Roy Hibbert,T.J. Ford,Tyler Hansbrough,1,1:46,BOS,shot,Paul Pierce,,,,,,,,,Rajon Rondo,2,,,made,,layup,24,6
Marquis Daniels,Paul Pierce,Rajon Rondo,Rasheed Wallace,Shelden Williams,Dahntay Jones,Luther Head,Roy Hibbert,T.J. Ford,Tyler Hansbrough,1,1:26,BOS,foul,,,,,,,,Dahntay Jones,,Rasheed Wallace,,,,,,shooting,,
Marquis Daniels,Paul Pierce,Rajon Rondo,Rasheed Wallace,Shelden Williams,Dahntay Jones,Luther Head,Roy Hibbert,T.J. Ford,Tyler Hansbrough,1,1:26,BOS,timeout,,,,,,,,,,,,,,,,regular,,
Marquis Daniels,Paul Pierce,Rajon Rondo,Rasheed Wallace,Shelden Williams,Dahntay Jones,Earl Watson,Luther Head,Roy Hibbert,Tyler Hansbrough,1,1:26,IND,sub,,,,Earl Watson,,T.J. Ford,,,,,,,,,,,,
Marquis Daniels,Paul Pierce,Rajon Rondo,Rasheed Wallace,Shelden Williams,Dahntay Jones,Earl Watson,Luther Head,Roy Hibbert,Tyler Hansbrough,1,1:26,IND,free throw,,,,,,,1,,2,Dahntay Jones,,,foul,missed,,,,
Marquis Daniels,Paul Pierce,Rajon Rondo,Rasheed Wallace,Shelden Williams,Dahntay Jones,Earl Watson,Luther Head,Roy Hibbert,Tyler Hansbrough,1,1:26,IND,rebound,,,,,,,,,,,,,,,,,,
Marquis Daniels,Paul Pierce,Rajon Rondo,Rasheed Wallace,Shelden Williams,Dahntay Jones,Earl Watson,Luther Head,Roy Hibbert,Tyler Hansbrough,1,1:26,IND,free throw,,,,,,,2,,2,Dahntay Jones,,,foul,made,,,,
Marquis Daniels,Paul Pierce,Rajon Rondo,Rasheed Wallace,Shelden Williams,Dahntay Jones,Earl Watson,Luther Head,Roy Hibbert,Tyler Hansbrough,1,1:17,BOS,turnover,,,,,,,,,,Rasheed Wallace,,,bad pass,,,,,
Marquis Daniels,Paul Pierce,Rajon Rondo,Rasheed Wallace,Shelden Williams,Danny Granger,Earl Watson,Luther Head,Roy Hibbert,Tyler Hansbrough,1,1:17,IND,sub,,,,Danny Granger,,Dahntay Jones,,,,,,,,,,,,
Eddie House,Marquis Daniels,Paul Pierce,Rasheed Wallace,Shelden Williams,Danny Granger,Earl Watson,Luther Head,Roy Hibbert,Tyler Hansbrough,1,1:17,BOS,sub,,,,Eddie House,,Rajon Rondo,,,,,,,,,,,,
Eddie House,Marquis Daniels,Paul Pierce,Rasheed Wallace,Shelden Williams,Danny Granger,Earl Watson,Luther Head,Roy Hibbert,Tyler Hansbrough,1,1:06,IND,shot,,,,,,,,,,Luther Head,,,,missed,,3pt,9,25
Eddie House,Marquis Daniels,Paul Pierce,Rasheed Wallace,Shelden Williams,Danny Granger,Earl Watson,Luther Head,Roy Hibbert,Tyler Hansbrough,1,1:04,IND,rebound,,,,,,,,,,Danny Granger,,,,,,off,,
Eddie House,Marquis Daniels,Paul Pierce,Rasheed Wallace,Shelden Williams,Danny Granger,Earl Watson,Luther Head,Roy Hibbert,Tyler Hansbrough,1,1:02,BOS,foul,,,,,,,,Roy Hibbert,,Marquis Daniels,,,,,,personal,,
Eddie House,Marquis Daniels,Paul Pierce,Rasheed Wallace,Shelden Williams,Danny Granger,Earl Watson,Luther Head,Roy Hibbert,Tyler Hansbrough,1,1:02,IND,free throw,,,,,,,1,,2,Roy Hibbert,,,foul,made,,,,
Eddie House,Marquis Daniels,Paul Pierce,Rasheed Wallace,Shelden Williams,Danny Granger,Earl Watson,Luther Head,Roy Hibbert,Tyler Hansbrough,1,1:02,IND,free throw,,,,,,,2,,2,Roy Hibbert,,,foul,missed,,,,
Eddie House,Marquis Daniels,Paul Pierce,Rasheed Wallace,Shelden Williams,Danny Granger,Earl Watson,Luther Head,Roy Hibbert,Tyler Hansbrough,1,1:00,BOS,rebound,,,,,,,,,,Shelden Williams,,,,,,def,,
Eddie House,Marquis Daniels,Paul Pierce,Rasheed Wallace,Shelden Williams,Danny Granger,Earl Watson,Luther Head,Roy Hibbert,Tyler Hansbrough,1,0:42,BOS,shot,,,,,,,,,,Marquis Daniels,,,,missed,,jump,26,11
Eddie House,Marquis Daniels,Paul Pierce,Rasheed Wallace,Shelden Williams,Danny Granger,Earl Watson,Luther Head,Roy Hibbert,Tyler Hansbrough,1,0:41,BOS,rebound,,,,,,,,,,Shelden Williams,,,,,,off,,
Eddie House,Marquis Daniels,Paul Pierce,Rasheed Wallace,Shelden Williams,Danny Granger,Earl Watson,Luther Head,Roy Hibbert,Tyler Hansbrough,1,0:39,BOS,shot,,,,,,,,,,Shelden Williams,,,,missed,,jump,28,4
Eddie House,Marquis Daniels,Paul Pierce,Rasheed Wallace,Shelden Williams,Danny Granger,Earl Watson,Luther Head,Roy Hibbert,Tyler Hansbrough,1,0:37,BOS,rebound,,,,,,,,,,Marquis Daniels,,,,,,off,,
Eddie House,Marquis Daniels,Paul Pierce,Rasheed Wallace,Shelden Williams,Danny Granger,Earl Watson,Luther Head,Roy Hibbert,Tyler Hansbrough,1,0:36,BOS,shot,,,Earl Watson,,,,,,,Marquis Daniels,,,,missed,,layup,27,6
Eddie House,Marquis Daniels,Paul Pierce,Rasheed Wallace,Shelden Williams,Danny Granger,Earl Watson,Luther Head,Roy Hibbert,Tyler Hansbrough,1,0:36,BOS,rebound,,,,,,,,,,,,,,,,,,
Brian Scalabrine,Eddie House,Marquis Daniels,Rasheed Wallace,Shelden Williams,Danny Granger,Earl Watson,Luther Head,Roy Hibbert,Tyler Hansbrough,1,0:36,BOS,sub,,,,Brian Scalabrine,,Paul Pierce,,,,,,,,,,,,
Brian Scalabrine,Eddie House,Marquis Daniels,Rasheed Wallace,Shelden Williams,Danny Granger,Earl Watson,Luther Head,Roy Hibbert,Tyler Hansbrough,1,0:26,IND,violation,,,,,,,,,,Earl Watson,,,,,,kicked ball,,
Brian Scalabrine,Eddie House,Marquis Daniels,Rasheed Wallace,Shelden Williams,Danny Granger,Earl Watson,Luther Head,Roy Hibbert,Tyler Hansbrough,1,0:16,BOS,turnover,,,,,,,,,,Eddie House,,,bad pass,,Roy Hibbert,,,
Brian Scalabrine,Eddie House,Marquis Daniels,Rasheed Wallace,Shelden Williams,Danny Granger,Earl Watson,Luther Head,Roy Hibbert,Tyler Hansbrough,2,11:47,BOS,shot,Shelden Williams,,,,,,,,,Marquis Daniels,2,,,made,,layup,23,7
Brian Scalabrine,Eddie House,Marquis Daniels,Rasheed Wallace,Shelden Williams,Danny Granger,Earl Watson,Luther Head,Roy Hibbert,Tyler Hansbrough,2,11:29,IND,shot,Earl Watson,,,,,,,,,Danny Granger,3,,,made,,3pt,42,28
Brian Scalabrine,Eddie House,Marquis Daniels,Rasheed Wallace,Shelden Williams,Danny Granger,Earl Watson,Luther Head,Roy Hibbert,Tyler Hansbrough,2,11:12,BOS,shot,,,,,,,,,,Rasheed Wallace,2,,,made,,turnaround jump,23,10
Brian Scalabrine,Eddie House,Marquis Daniels,Rasheed Wallace,Shelden Williams,Danny Granger,Earl Watson,Luther Head,Roy Hibbert,Tyler Hansbrough,2,10:55,IND,shot,,,,,,,,,,Tyler Hansbrough,2,,,made,,layup,26,8
Brian Scalabrine,Eddie House,Marquis Daniels,Rasheed Wallace,Shelden Williams,Danny Granger,Earl Watson,Luther Head,Roy Hibbert,Tyler Hansbrough,2,10:30,BOS,shot,,,,,,,,,,Eddie House,,,,missed,,jump,16,7
Brian Scalabrine,Eddie House,Marquis Daniels,Rasheed Wallace,Shelden Williams,Danny Granger,Earl Watson,Luther Head,Roy Hibbert,Tyler Hansbrough,2,10:28,IND,rebound,,,,,,,,,,Luther Head,,,,,,def,,
Brian Scalabrine,Eddie House,Marquis Daniels,Rasheed Wallace,Shelden Williams,Danny Granger,Earl Watson,Luther Head,Roy Hibbert,Tyler Hansbrough,2,10:23,BOS,foul,,,,,,,,Earl Watson,,Eddie House,,,,,,shooting,,
Brian Scalabrine,Eddie House,Marquis Daniels,Rasheed Wallace,Shelden Williams,Danny Granger,Earl Watson,Luther Head,Roy Hibbert,Tyler Hansbrough,2,10:23,IND,free throw,,,,,,,1,,2,Earl Watson,,,foul,made,,,,
Brian Scalabrine,Eddie House,Marquis Daniels,Rasheed Wallace,Shelden Williams,Brandon Rush,Danny Granger,Earl Watson,Roy Hibbert,Tyler Hansbrough,2,10:23,IND,sub,,,,Brandon Rush,,Luther Head,,,,,,,,,,,,
Brian Scalabrine,Eddie House,Marquis Daniels,Rasheed Wallace,Shelden Williams,Brandon Rush,Danny Granger,Earl Watson,Roy Hibbert,Tyler Hansbrough,2,10:23,IND,free throw,,,,,,,2,,2,Earl Watson,,,foul,made,,,,
Brian Scalabrine,Eddie House,Marquis Daniels,Rasheed Wallace,Shelden Williams,Brandon Rush,Danny Granger,Earl Watson,Roy Hibbert,Tyler Hansbrough,2,10:03,BOS,shot,Marquis Daniels,,,,,,,,,Brian Scalabrine,2,,,made,,jump,36,24
Brian Scalabrine,Eddie House,Marquis Daniels,Rasheed Wallace,Shelden Williams,Brandon Rush,Danny Granger,Earl Watson,Roy Hibbert,Tyler Hansbrough,2,9:34,IND,shot,,,,,,,,,,Danny Granger,,,,missed,,jump,22,19
Brian Scalabrine,Eddie House,Marquis Daniels,Rasheed Wallace,Shelden Williams,Brandon Rush,Danny Granger,Earl Watson,Roy Hibbert,Tyler Hansbrough,2,9:33,BOS,rebound,,,,,,,,,,Eddie House,,,,,,def,,
Brian Scalabrine,Eddie House,Marquis Daniels,Rasheed Wallace,Shelden Williams,Brandon Rush,Danny Granger,Earl Watson,Roy Hibbert,Tyler Hansbrough,2,9:23,BOS,shot,,,,,,,,,,Shelden Williams,2,,,made,,jump hook,25,11
Brian Scalabrine,Eddie House,Marquis Daniels,Rasheed Wallace,Shelden Williams,Brandon Rush,Danny Granger,Earl Watson,Roy Hibbert,Tyler Hansbrough,2,9:07,IND,shot,Roy Hibbert,,,,,,,,,Brandon Rush,3,,,made,,3pt,10,28
Brian Scalabrine,Eddie House,Marquis Daniels,Rasheed Wallace,Shelden Williams,Brandon Rush,Danny Granger,Earl Watson,Roy Hibbert,Tyler Hansbrough,2,8:57,IND,foul,,,,,,,,Marquis Daniels,,Brandon Rush,,,,,,personal,,
Brian Scalabrine,Eddie House,Marquis Daniels,Rasheed Wallace,Shelden Williams,Brandon Rush,Danny Granger,Earl Watson,Roy Hibbert,Tyler Hansbrough,2,8:57,BOS,timeout,,,,,,,,,,,,,,,,official,,
Brian Scalabrine,Eddie House,Marquis Daniels,Rasheed Wallace,Shelden Williams,Brandon Rush,Danny Granger,Roy Hibbert,T.J. Ford,Tyler Hansbrough,2,8:57,IND,sub,,,,T.J. Ford,,Earl Watson,,,,,,,,,,,,
Brian Scalabrine,Eddie House,Marquis Daniels,Rasheed Wallace,Shelden Williams,Brandon Rush,Dahntay Jones,Danny Granger,Roy Hibbert,T.J. Ford,2,8:57,IND,sub,,,,Dahntay Jones,,Tyler Hansbrough,,,,,,,,,,,,
Brian Scalabrine,Eddie House,Marquis Daniels,Rasheed Wallace,Shelden Williams,Brandon Rush,Dahntay Jones,Danny Granger,Roy Hibbert,T.J. Ford,2,8:56,BOS,turnover,,,,,,,,,,Brian Scalabrine,,,bad pass,,Danny Granger,,,
Brian Scalabrine,Eddie House,Marquis Daniels,Rasheed Wallace,Shelden Williams,Brandon Rush,Dahntay Jones,Danny Granger,Roy Hibbert,T.J. Ford,2,8:54,BOS,foul,,,,,,,,Danny Granger,,Rasheed Wallace,,,,,,shooting,,
Brian Scalabrine,Eddie House,Marquis Daniels,Rasheed Wallace,Shelden Williams,Brandon Rush,Dahntay Jones,Danny Granger,Roy Hibbert,T.J. Ford,2,8:54,BOS,foul,,,,,,,,Danny Granger,,Rasheed Wallace,,,,,,technical,,
Brian Scalabrine,Eddie House,Marquis Daniels,Rasheed Wallace,Shelden Williams,Brandon Rush,Dahntay Jones,Danny Granger,Roy Hibbert,T.J. Ford,2,8:54,IND,free throw,,,,,,,1,,1,Danny Granger,,,technical,made,,,,
Brian Scalabrine,Eddie House,Kendrick Perkins,Marquis Daniels,Shelden Williams,Brandon Rush,Dahntay Jones,Danny Granger,Roy Hibbert,T.J. Ford,2,8:54,BOS,sub,,,,Kendrick Perkins,,Rasheed Wallace,,,,,,,,,,,,
Eddie House,Kendrick Perkins,Marquis Daniels,Ray Allen,Shelden Williams,Brandon Rush,Dahntay Jones,Danny Granger,Roy Hibbert,T.J. Ford,2,8:54,BOS,sub,,,,Ray Allen,,Brian Scalabrine,,,,,,,,,,,,
Eddie House,Kendrick Perkins,Marquis Daniels,Ray Allen,Shelden Williams,Brandon Rush,Dahntay Jones,Danny Granger,Roy Hibbert,T.J. Ford,2,8:54,IND,free throw,,,,,,,1,,2,Danny Granger,,,foul,made,,,,
Eddie House,Kendrick Perkins,Marquis Daniels,Ray Allen,Shelden Williams,Brandon Rush,Dahntay Jones,Danny Granger,Roy Hibbert,T.J. Ford,2,8:54,IND,free throw,,,,,,,2,,2,Danny Granger,,,foul,made,,,,
Eddie House,Kendrick Perkins,Marquis Daniels,Ray Allen,Shelden Williams,Brandon Rush,Dahntay Jones,Danny Granger,Roy Hibbert,T.J. Ford,2,8:41,BOS,shot,,,,,,,,,,Eddie House,,,,missed,,3pt,47,21
Eddie House,Kendrick Perkins,Marquis Daniels,Ray Allen,Shelden Williams,Brandon Rush,Dahntay Jones,Danny Granger,Roy Hibbert,T.J. Ford,2,8:40,BOS,rebound,,,,,,,,,,Shelden Williams,,,,,,off,,
Eddie House,Kendrick Perkins,Marquis Daniels,Ray Allen,Shelden Williams,Brandon Rush,Dahntay Jones,Danny Granger,Roy Hibbert,T.J. Ford,2,8:28,IND,foul,,,,,,,,Kendrick Perkins,,Roy Hibbert,,,,,,personal,,
Eddie House,Kendrick Perkins,Marquis Daniels,Ray Allen,Shelden Williams,Brandon Rush,Dahntay Jones,Danny Granger,Roy Hibbert,T.J. Ford,2,8:16,IND,foul,,,,,,,,Ray Allen,,Brandon Rush,,,,,,shooting,,
Eddie House,Kendrick Perkins,Marquis Daniels,Ray Allen,Shelden Williams,Brandon Rush,Dahntay Jones,Danny Granger,Roy Hibbert,T.J. Ford,2,8:16,BOS,free throw,,,,,,,1,,3,Ray Allen,,,foul,made,,,,
Eddie House,Kendrick Perkins,Marquis Daniels,Ray Allen,Shelden Williams,Brandon Rush,Dahntay Jones,Danny Granger,Roy Hibbert,T.J. Ford,2,8:16,BOS,free throw,,,,,,,2,,3,Ray Allen,,,foul,made,,,,
Eddie House,Kendrick Perkins,Marquis Daniels,Ray Allen,Shelden Williams,Brandon Rush,Dahntay Jones,Danny Granger,Roy Hibbert,T.J. Ford,2,8:16,BOS,free throw,,,,,,,3,,3,Ray Allen,,,foul,made,,,,
Eddie House,Kendrick Perkins,Marquis Daniels,Ray Allen,Shelden Williams,Brandon Rush,Dahntay Jones,Danny Granger,Roy Hibbert,T.J. Ford,2,8:00,IND,shot,,,,,,,,,,Danny Granger,,,,missed,,jump,35,20
Eddie House,Kendrick Perkins,Marquis Daniels,Ray Allen,Shelden Williams,Brandon Rush,Dahntay Jones,Danny Granger,Roy Hibbert,T.J. Ford,2,7:58,BOS,rebound,,,,,,,,,,Shelden Williams,,,,,,def,,
Eddie House,Kendrick Perkins,Marquis Daniels,Ray Allen,Shelden Williams,Brandon Rush,Dahntay Jones,Danny Granger,Roy Hibbert,T.J. Ford,2,7:53,IND,violation,,,,,,,,,,Roy Hibbert,,,,,,defensive goaltending,,
Eddie House,Kendrick Perkins,Marquis Daniels,Ray Allen,Shelden Williams,Brandon Rush,Dahntay Jones,Danny Granger,Roy Hibbert,T.J. Ford,2,7:53,BOS,shot,Ray Allen,,,,,,,,,Marquis Daniels,2,,,made,,layup,23,6
Eddie House,Kendrick Perkins,Marquis Daniels,Ray Allen,Shelden Williams,Brandon Rush,Dahntay Jones,Danny Granger,Roy Hibbert,T.J. Ford,2,7:39,IND,shot,,,,,,,,,,Dahntay Jones,,,,missed,,3pt,3,5
Eddie House,Kendrick Perkins,Marquis Daniels,Ray Allen,Shelden Williams,Brandon Rush,Dahntay Jones,Danny Granger,Roy Hibbert,T.J. Ford,2,7:38,BOS,rebound,,,,,,,,,,Kendrick Perkins,,,,,,def,,
Eddie House,Kendrick Perkins,Marquis Daniels,Ray Allen,Shelden Williams,Brandon Rush,Dahntay Jones,Danny Granger,Roy Hibbert,T.J. Ford,2,7:26,BOS,shot,,,,,,,,,,Ray Allen,,,,missed,,layup,27,5
Eddie House,Kendrick Perkins,Marquis Daniels,Ray Allen,Shelden Williams,Brandon Rush,Dahntay Jones,Danny Granger,Roy Hibbert,T.J. Ford,2,7:25,BOS,rebound,,,,,,,,,,Kendrick Perkins,,,,,,off,,
Eddie House,Kendrick Perkins,Marquis Daniels,Ray Allen,Shelden Williams,Brandon Rush,Dahntay Jones,Danny Granger,Roy Hibbert,T.J. Ford,2,7:24,BOS,shot,,,,,,,,,,Kendrick Perkins,2,,,made,,layup,27,6
Eddie House,Kendrick Perkins,Marquis Daniels,Ray Allen,Shelden Williams,Brandon Rush,Dahntay Jones,Danny Granger,Roy Hibbert,T.J. Ford,2,7:14,IND,timeout,,,,,,,,,,,,,,,,regular,,
Eddie House,Kendrick Perkins,Marquis Daniels,Ray Allen,Shelden Williams,Brandon Rush,Dahntay Jones,Danny Granger,Solomon Jones,T.J. Ford,2,7:14,IND,sub,,,,Solomon Jones,,Roy Hibbert,,,,,,,,,,,,
Eddie House,Kendrick Perkins,Marquis Daniels,Ray Allen,Shelden Williams,Brandon Rush,Dahntay Jones,Danny Granger,Solomon Jones,T.J. Ford,2,7:03,IND,shot,,,,,,,,,,Dahntay Jones,,,,missed,,jump,35,20
Eddie House,Kendrick Perkins,Marquis Daniels,Ray Allen,Shelden Williams,Brandon Rush,Dahntay Jones,Danny Granger,Solomon Jones,T.J. Ford,2,7:02,BOS,rebound,,,,,,,,,,Kendrick Perkins,,,,,,def,,
Eddie House,Kendrick Perkins,Marquis Daniels,Ray Allen,Shelden Williams,Brandon Rush,Dahntay Jones,Danny Granger,Solomon Jones,T.J. Ford,2,6:38,BOS,shot,,,,,,,,,,Shelden Williams,,,,missed,,jump,41,4
Eddie House,Kendrick Perkins,Marquis Daniels,Ray Allen,Shelden Williams,Brandon Rush,Dahntay Jones,Danny Granger,Solomon Jones,T.J. Ford,2,6:36,IND,rebound,,,,,,,,,,Dahntay Jones,,,,,,def,,
Eddie House,Kendrick Perkins,Marquis Daniels,Ray Allen,Shelden Williams,Brandon Rush,Dahntay Jones,Danny Granger,Solomon Jones,T.J. Ford,2,6:29,IND,shot,,,,,,,,,,Brandon Rush,,,,missed,,layup,23,7
Eddie House,Kendrick Perkins,Marquis Daniels,Ray Allen,Shelden Williams,Brandon Rush,Dahntay Jones,Danny Granger,Solomon Jones,T.J. Ford,2,6:28,BOS,rebound,,,,,,,,,,Kendrick Perkins,,,,,,def,,
Eddie House,Kendrick Perkins,Marquis Daniels,Ray Allen,Shelden Williams,Brandon Rush,Dahntay Jones,Danny Granger,Solomon Jones,T.J. Ford,2,6:18,BOS,turnover,,,,,,,,,,Shelden Williams,,,lost ball,,T.J. Ford,,,
Eddie House,Kendrick Perkins,Marquis Daniels,Ray Allen,Shelden Williams,Brandon Rush,Dahntay Jones,Danny Granger,Solomon Jones,T.J. Ford,2,6:14,IND,shot,,,,,,,,,,T.J. Ford,2,,,made,,layup,23,7
Eddie House,Kendrick Perkins,Marquis Daniels,Ray Allen,Shelden Williams,Brandon Rush,Dahntay Jones,Danny Granger,Solomon Jones,T.J. Ford,2,5:57,BOS,shot,,,,,,,,,,Kendrick Perkins,,,,missed,,layup,26,6
Eddie House,Kendrick Perkins,Marquis Daniels,Ray Allen,Shelden Williams,Brandon Rush,Dahntay Jones,Danny Granger,Solomon Jones,T.J. Ford,2,5:55,BOS,rebound,,,,,,,,,,Shelden Williams,,,,,,off,,
Eddie House,Kendrick Perkins,Marquis Daniels,Ray Allen,Shelden Williams,Brandon Rush,Dahntay Jones,Danny Granger,Solomon Jones,T.J. Ford,2,5:49,BOS,shot,,,,,,,,,,Eddie House,2,,,made,,jump,34,27
Eddie House,Kendrick Perkins,Marquis Daniels,Ray Allen,Shelden Williams,Brandon Rush,Dahntay Jones,Danny Granger,Solomon Jones,T.J. Ford,2,5:27,IND,shot,Solomon Jones,,,,,,,,,Dahntay Jones,2,,,made,,jump,38,23
Eddie House,Kendrick Perkins,Marquis Daniels,Ray Allen,Shelden Williams,Brandon Rush,Dahntay Jones,Danny Granger,Solomon Jones,T.J. Ford,2,5:07,BOS,foul,,,,,,,,Dahntay Jones,,Ray Allen,,,,,,offensive,,
Eddie House,Kendrick Perkins,Marquis Daniels,Ray Allen,Shelden Williams,Brandon Rush,Dahntay Jones,Danny Granger,Solomon Jones,T.J. Ford,2,5:07,BOS,turnover,,,,,,,,,,Ray Allen,,,foul,,,,,
Eddie House,Kendrick Perkins,Kevin Garnett,Marquis Daniels,Ray Allen,Brandon Rush,Dahntay Jones,Danny Granger,Solomon Jones,T.J. Ford,2,5:07,BOS,sub,,,,Kevin Garnett,,Shelden Williams,,,,,,,,,,,,
Kendrick Perkins,Kevin Garnett,Marquis Daniels,Rajon Rondo,Ray Allen,Brandon Rush,Dahntay Jones,Danny Granger,Solomon Jones,T.J. Ford,2,5:07,BOS,sub,,,,Rajon Rondo,,Eddie House,,,,,,,,,,,,
Kendrick Perkins,Kevin Garnett,Marquis Daniels,Rajon Rondo,Ray Allen,Brandon Rush,Dahntay Jones,Danny Granger,Solomon Jones,T.J. Ford,2,4:56,IND,shot,,,,,,,,,,T.J. Ford,,,,missed,,layup,23,5
Kendrick Perkins,Kevin Garnett,Marquis Daniels,Rajon Rondo,Ray Allen,Brandon Rush,Dahntay Jones,Danny Granger,Solomon Jones,T.J. Ford,2,4:55,BOS,rebound,,,,,,,,,,Kevin Garnett,,,,,,def,,
Kendrick Perkins,Kevin Garnett,Marquis Daniels,Rajon Rondo,Ray Allen,Brandon Rush,Dahntay Jones,Danny Granger,Solomon Jones,T.J. Ford,2,4:49,IND,foul,,,,,,,,Kendrick Perkins,,Solomon Jones,,,,,,personal,,
Kendrick Perkins,Kevin Garnett,Paul Pierce,Rajon Rondo,Ray Allen,Brandon Rush,Dahntay Jones,Danny Granger,Solomon Jones,T.J. Ford,2,4:49,BOS,sub,,,,Paul Pierce,,Marquis Daniels,,,,,,,,,,,,
Kendrick Perkins,Kevin Garnett,Paul Pierce,Rajon Rondo,Ray Allen,Brandon Rush,Dahntay Jones,Danny Granger,Roy Hibbert,T.J. Ford,2,4:49,IND,sub,,,,Roy Hibbert,,Solomon Jones,,,,,,,,,,,,
Kendrick Perkins,Kevin Garnett,Paul Pierce,Rajon Rondo,Ray Allen,Brandon Rush,Dahntay Jones,Danny Granger,Roy Hibbert,T.J. Ford,2,4:39,BOS,shot,,,,,,,,,,Paul Pierce,,,,missed,,jump,38,6
Kendrick Perkins,Kevin Garnett,Paul Pierce,Rajon Rondo,Ray Allen,Brandon Rush,Dahntay Jones,Danny Granger,Roy Hibbert,T.J. Ford,2,4:33,BOS,rebound,,,,,,,,,,Kendrick Perkins,,,,,,off,,
Kendrick Perkins,Kevin Garnett,Paul Pierce,Rajon Rondo,Ray Allen,Brandon Rush,Dahntay Jones,Danny Granger,Roy Hibbert,T.J. Ford,2,4:32,BOS,shot,,,,,,,,,,Kendrick Perkins,2,,,made,,layup,27,6
Kendrick Perkins,Kevin Garnett,Paul Pierce,Rajon Rondo,Ray Allen,Brandon Rush,Dahntay Jones,Danny Granger,Roy Hibbert,T.J. Ford,2,4:30,BOS,foul,,,,,,,,Dahntay Jones,,Paul Pierce,,,,,,shooting,,
Kendrick Perkins,Kevin Garnett,Paul Pierce,Rajon Rondo,Ray Allen,Brandon Rush,Dahntay Jones,Danny Granger,Roy Hibbert,T.J. Ford,2,4:30,IND,free throw,,,,,,,1,,2,Dahntay Jones,,,foul,made,,,,
Kendrick Perkins,Kevin Garnett,Paul Pierce,Rajon Rondo,Ray Allen,Brandon Rush,Dahntay Jones,Josh McRoberts,Roy Hibbert,T.J. Ford,2,4:30,IND,sub,,,,Josh McRoberts,,Danny Granger,,,,,,,,,,,,
Kendrick Perkins,Kevin Garnett,Paul Pierce,Rajon Rondo,Ray Allen,Brandon Rush,Dahntay Jones,Josh McRoberts,Roy Hibbert,T.J. Ford,2,4:30,IND,free throw,,,,,,,2,,2,Dahntay Jones,,,foul,made,,,,
Kendrick Perkins,Kevin Garnett,Paul Pierce,Rajon Rondo,Ray Allen,Brandon Rush,Dahntay Jones,Josh McRoberts,Roy Hibbert,T.J. Ford,2,4:16,BOS,shot,,,,,,,,,,Kevin Garnett,,,,missed,,jump,38,22
Kendrick Perkins,Kevin Garnett,Paul Pierce,Rajon Rondo,Ray Allen,Brandon Rush,Dahntay Jones,Josh McRoberts,Roy Hibbert,T.J. Ford,2,4:14,IND,rebound,,,,,,,,,,Brandon Rush,,,,,,def,,
Kendrick Perkins,Kevin Garnett,Paul Pierce,Rajon Rondo,Ray Allen,Brandon Rush,Dahntay Jones,Josh McRoberts,Roy Hibbert,T.J. Ford,2,4:04,IND,shot,,,,,,,,,,Brandon Rush,,,,missed,,jump,7,4
Kendrick Perkins,Kevin Garnett,Paul Pierce,Rajon Rondo,Ray Allen,Brandon Rush,Dahntay Jones,Josh McRoberts,Roy Hibbert,T.J. Ford,2,4:02,BOS,rebound,,,,,,,,,,Ray Allen,,,,,,def,,
Kendrick Perkins,Kevin Garnett,Paul Pierce,Rajon Rondo,Ray Allen,Brandon Rush,Dahntay Jones,Josh McRoberts,Roy Hibbert,T.J. Ford,2,3:58,IND,foul,,,,,,,,Ray Allen,,Josh McRoberts,,,,,,personal,,
Kendrick Perkins,Kevin Garnett,Paul Pierce,Rajon Rondo,Ray Allen,Brandon Rush,Dahntay Jones,Josh McRoberts,Roy Hibbert,T.J. Ford,2,3:58,BOS,free throw,,,,,,,1,,2,Ray Allen,,,foul,made,,,,
Kendrick Perkins,Kevin Garnett,Paul Pierce,Rajon Rondo,Ray Allen,Brandon Rush,Dahntay Jones,Earl Watson,Josh McRoberts,Roy Hibbert,2,3:58,IND,sub,,,,Earl Watson,,T.J. Ford,,,,,,,,,,,,
Kendrick Perkins,Kevin Garnett,Paul Pierce,Rajon Rondo,Ray Allen,Brandon Rush,Dahntay Jones,Earl Watson,Josh McRoberts,Roy Hibbert,2,3:58,BOS,free throw,,,,,,,2,,2,Ray Allen,,,foul,made,,,,
Kendrick Perkins,Kevin Garnett,Paul Pierce,Rajon Rondo,Ray Allen,Brandon Rush,Dahntay Jones,Earl Watson,Josh McRoberts,Roy Hibbert,2,3:39,IND,turnover,,,,,,,,,,Roy Hibbert,,,lost ball,,Rajon Rondo,,,
Kendrick Perkins,Kevin Garnett,Paul Pierce,Rajon Rondo,Ray Allen,Brandon Rush,Dahntay Jones,Earl Watson,Josh McRoberts,Roy Hibbert,2,3:31,BOS,shot,,,,,,,,,,Rajon Rondo,,,,missed,,jump,20,8
Kendrick Perkins,Kevin Garnett,Paul Pierce,Rajon Rondo,Ray Allen,Brandon Rush,Dahntay Jones,Earl Watson,Josh McRoberts,Roy Hibbert,2,3:29,IND,rebound,,,,,,,,,,Josh McRoberts,,,,,,def,,
Kendrick Perkins,Kevin Garnett,Paul Pierce,Rajon Rondo,Ray Allen,Brandon Rush,Dahntay Jones,Earl Watson,Josh McRoberts,Roy Hibbert,2,3:23,IND,shot,,,,,,,,,,Dahntay Jones,,,,missed,,jump,23,19
Kendrick Perkins,Kevin Garnett,Paul Pierce,Rajon Rondo,Ray Allen,Brandon Rush,Dahntay Jones,Earl Watson,Josh McRoberts,Roy Hibbert,2,3:22,BOS,rebound,,,,,,,,,,,,,,,,,,
Kendrick Perkins,Kevin Garnett,Paul Pierce,Rajon Rondo,Ray Allen,Brandon Rush,Dahntay Jones,Earl Watson,Josh McRoberts,Roy Hibbert,2,3:08,BOS,shot,Kevin Garnett,,,,,,,,,Paul Pierce,2,,,made,,layup,27,6
Kendrick Perkins,Kevin Garnett,Paul Pierce,Rajon Rondo,Ray Allen,Brandon Rush,Dahntay Jones,Earl Watson,Josh McRoberts,Roy Hibbert,2,2:45,IND,shot,,,,,,,,,,Roy Hibbert,,,,missed,,layup,23,7
Kendrick Perkins,Kevin Garnett,Paul Pierce,Rajon Rondo,Ray Allen,Brandon Rush,Dahntay Jones,Earl Watson,Josh McRoberts,Roy Hibbert,2,2:42,BOS,rebound,,,,,,,,,,Kevin Garnett,,,,,,def,,
Kendrick Perkins,Kevin Garnett,Paul Pierce,Rajon Rondo,Ray Allen,Brandon Rush,Dahntay Jones,Earl Watson,Josh McRoberts,Roy Hibbert,2,2:36,BOS,turnover,,,,,,,,,,Kevin Garnett,,,3 second violation,,,,,
Kendrick Perkins,Kevin Garnett,Paul Pierce,Rajon Rondo,Ray Allen,Brandon Rush,Dahntay Jones,Earl Watson,Josh McRoberts,Roy Hibbert,2,2:36,BOS,timeout,,,,,,,,,,,,,,,,regular,,
Kendrick Perkins,Kevin Garnett,Paul Pierce,Rajon Rondo,Ray Allen,Brandon Rush,Dahntay Jones,Danny Granger,Earl Watson,Josh McRoberts,2,2:36,IND,sub,,,,Danny Granger,,Roy Hibbert,,,,,,,,,,,,
Kendrick Perkins,Kevin Garnett,Paul Pierce,Rajon Rondo,Ray Allen,Brandon Rush,Dahntay Jones,Danny Granger,Earl Watson,Josh McRoberts,2,2:25,IND,shot,,,,,,,,,,Dahntay Jones,,,,missed,,jump,41,21
Kendrick Perkins,Kevin Garnett,Paul Pierce,Rajon Rondo,Ray Allen,Brandon Rush,Dahntay Jones,Danny Granger,Earl Watson,Josh McRoberts,2,2:24,BOS,rebound,,,,,,,,,,Kendrick Perkins,,,,,,def,,
Kendrick Perkins,Kevin Garnett,Paul Pierce,Rajon Rondo,Ray Allen,Brandon Rush,Dahntay Jones,Danny Granger,Earl Watson,Josh McRoberts,2,2:04,BOS,shot,,,,,,,,,,Ray Allen,2,,,made,,driving finger roll layup,26,9
Kendrick Perkins,Kevin Garnett,Paul Pierce,Rajon Rondo,Ray Allen,Brandon Rush,Dahntay Jones,Danny Granger,Earl Watson,Josh McRoberts,2,1:56,IND,shot,Dahntay Jones,,,,,,,,,Danny Granger,3,,,made,,3pt,44,26
Kendrick Perkins,Kevin Garnett,Paul Pierce,Rajon Rondo,Ray Allen,Brandon Rush,Dahntay Jones,Danny Granger,Earl Watson,Josh McRoberts,2,1:47,BOS,shot,Rajon Rondo,,,,,,,,,Kevin Garnett,2,,,made,,turnaround jump,35,11
Kendrick Perkins,Kevin Garnett,Paul Pierce,Rajon Rondo,Ray Allen,Brandon Rush,Dahntay Jones,Danny Granger,Earl Watson,Josh McRoberts,2,1:40,IND,foul,,,,,,,,Paul Pierce,,Dahntay Jones,,,,,,offensive,,
Kendrick Perkins,Kevin Garnett,Paul Pierce,Rajon Rondo,Ray Allen,Brandon Rush,Dahntay Jones,Danny Granger,Earl Watson,Josh McRoberts,2,1:40,IND,turnover,,,,,,,,,,Dahntay Jones,,,foul,,,,,
Kendrick Perkins,Kevin Garnett,Paul Pierce,Rajon Rondo,Ray Allen,Brandon Rush,Danny Granger,Earl Watson,Josh McRoberts,Luther Head,2,1:40,IND,sub,,,,Luther Head,,Dahntay Jones,,,,,,,,,,,,
Kendrick Perkins,Kevin Garnett,Paul Pierce,Rajon Rondo,Ray Allen,Brandon Rush,Danny Granger,Earl Watson,Josh McRoberts,Luther Head,2,1:26,BOS,shot,,,Brandon Rush,,,,,,,Kendrick Perkins,,,,missed,,dunk,22,5
Kendrick Perkins,Kevin Garnett,Paul Pierce,Rajon Rondo,Ray Allen,Brandon Rush,Danny Granger,Earl Watson,Josh McRoberts,Luther Head,2,1:23,IND,rebound,,,,,,,,,,Luther Head,,,,,,def,,
Kendrick Perkins,Kevin Garnett,Paul Pierce,Rajon Rondo,Ray Allen,Brandon Rush,Danny Granger,Earl Watson,Josh McRoberts,Luther Head,2,1:20,IND,shot,Earl Watson,,,,,,,,,Danny Granger,3,,,made,,3pt,12,28
Kendrick Perkins,Kevin Garnett,Paul Pierce,Rajon Rondo,Ray Allen,Brandon Rush,Danny Granger,Earl Watson,Josh McRoberts,Luther Head,2,0:58,BOS,shot,Paul Pierce,,,,,,,,,Ray Allen,3,,,made,,3pt,2,5
Kendrick Perkins,Kevin Garnett,Paul Pierce,Rajon Rondo,Ray Allen,Brandon Rush,Danny Granger,Earl Watson,Josh McRoberts,Luther Head,2,0:44,IND,shot,,,,,,,,,,Earl Watson,,,,missed,,3pt,10,26
Kendrick Perkins,Kevin Garnett,Paul Pierce,Rajon Rondo,Ray Allen,Brandon Rush,Danny Granger,Earl Watson,Josh McRoberts,Luther Head,2,0:43,BOS,rebound,,,,,,,,,,Kendrick Perkins,,,,,,def,,
Kendrick Perkins,Kevin Garnett,Paul Pierce,Rajon Rondo,Ray Allen,Brandon Rush,Danny Granger,Earl Watson,Josh McRoberts,Luther Head,2,0:37,IND,foul,,,,,,,,Paul Pierce,,Danny Granger,,,,,,personal,,
Kendrick Perkins,Kevin Garnett,Paul Pierce,Rajon Rondo,Ray Allen,Brandon Rush,Danny Granger,Earl Watson,Josh McRoberts,Luther Head,2,0:37,BOS,free throw,,,,,,,1,,2,Paul Pierce,,,foul,made,,,,
Kevin Garnett,Paul Pierce,Rajon Rondo,Ray Allen,Shelden Williams,Brandon Rush,Danny Granger,Earl Watson,Josh McRoberts,Luther Head,2,0:37,BOS,sub,,,,Shelden Williams,,Kendrick Perkins,,,,,,,,,,,,
Kevin Garnett,Paul Pierce,Rajon Rondo,Ray Allen,Shelden Williams,Brandon Rush,Danny Granger,Earl Watson,Josh McRoberts,Luther Head,2,0:37,BOS,free throw,,,,,,,2,,2,Paul Pierce,,,foul,made,,,,
Kevin Garnett,Paul Pierce,Rajon Rondo,Ray Allen,Shelden Williams,Brandon Rush,Danny Granger,Earl Watson,Josh McRoberts,Luther Head,2,0:31,BOS,foul,,,,,,,,Danny Granger,,Paul Pierce,,,,,,personal,,
Kevin Garnett,Marquis Daniels,Paul Pierce,Rajon Rondo,Ray Allen,Brandon Rush,Danny Granger,Earl Watson,Josh McRoberts,Luther Head,2,0:31,BOS,sub,,,,Marquis Daniels,,Shelden Williams,,,,,,,,,,,,
Kevin Garnett,Marquis Daniels,Paul Pierce,Rajon Rondo,Ray Allen,Brandon Rush,Danny Granger,Earl Watson,Josh McRoberts,Luther Head,2,0:15,BOS,foul,,,,,,,,Josh McRoberts,,Kevin Garnett,,,,,,shooting,,
Kevin Garnett,Marquis Daniels,Paul Pierce,Rajon Rondo,Ray Allen,Brandon Rush,Danny Granger,Earl Watson,Josh McRoberts,Luther Head,2,0:15,IND,free throw,,,,,,,1,,2,Josh McRoberts,,,foul,made,,,,
Eddie House,Kevin Garnett,Paul Pierce,Rajon Rondo,Ray Allen,Brandon Rush,Danny Granger,Earl Watson,Josh McRoberts,Luther Head,2,0:15,BOS,sub,,,,Eddie House,,Marquis Daniels,,,,,,,,,,,,
Eddie House,Kevin Garnett,Paul Pierce,Rajon Rondo,Ray Allen,Brandon Rush,Danny Granger,Earl Watson,Josh McRoberts,Luther Head,2,0:15,IND,free throw,,,,,,,2,,2,Josh McRoberts,,,foul,missed,,,,
Eddie House,Kevin Garnett,Paul Pierce,Rajon Rondo,Ray Allen,Brandon Rush,Danny Granger,Earl Watson,Josh McRoberts,Luther Head,2,0:14,BOS,rebound,,,,,,,,,,Rajon Rondo,,,,,,def,,
Eddie House,Kevin Garnett,Paul Pierce,Rajon Rondo,Ray Allen,Brandon Rush,Danny Granger,Earl Watson,Josh McRoberts,Luther Head,2,0:00,BOS,shot,,,,,,,,,,Rajon Rondo,2,,,made,,floating jump,25,10
Eddie House,Kevin Garnett,Paul Pierce,Rajon Rondo,Ray Allen,Brandon Rush,Danny Granger,Earl Watson,Josh McRoberts,Luther Head,2,0:00,IND,shot,,,,,,,,,,Danny Granger,,,,missed,,3pt,28,79
Eddie House,Kevin Garnett,Paul Pierce,Rajon Rondo,Ray Allen,Brandon Rush,Danny Granger,Earl Watson,Josh McRoberts,Luther Head,2,0:00,IND,rebound,,,,,,,,,,,,,,,,,,
Kendrick Perkins,Kevin Garnett,Paul Pierce,Rajon Rondo,Ray Allen,Brandon Rush,Dahntay Jones,Danny Granger,Earl Watson,Roy Hibbert,3,11:42,BOS,shot,,,Roy Hibbert,,,,,,,Ray Allen,,,,missed,,jump,27,13
Kendrick Perkins,Kevin Garnett,Paul Pierce,Rajon Rondo,Ray Allen,Brandon Rush,Dahntay Jones,Danny Granger,Earl Watson,Roy Hibbert,3,11:40,IND,rebound,,,,,,,,,,Danny Granger,,,,,,def,,
Kendrick Perkins,Kevin Garnett,Paul Pierce,Rajon Rondo,Ray Allen,Brandon Rush,Dahntay Jones,Danny Granger,Earl Watson,Roy Hibbert,3,11:27,IND,shot,Danny Granger,,,,,,,,,Dahntay Jones,2,,,made,,jump,36,27
Kendrick Perkins,Kevin Garnett,Paul Pierce,Rajon Rondo,Ray Allen,Brandon Rush,Dahntay Jones,Danny Granger,Earl Watson,Roy Hibbert,3,11:09,BOS,shot,,,,,,,,,,Paul Pierce,,,,missed,,jump,19,14
Kendrick Perkins,Kevin Garnett,Paul Pierce,Rajon Rondo,Ray Allen,Brandon Rush,Dahntay Jones,Danny Granger,Earl Watson,Roy Hibbert,3,11:08,IND,rebound,,,,,,,,,,Dahntay Jones,,,,,,def,,
Kendrick Perkins,Kevin Garnett,Paul Pierce,Rajon Rondo,Ray Allen,Brandon Rush,Dahntay Jones,Danny Granger,Earl Watson,Roy Hibbert,3,10:55,IND,shot,Earl Watson,,,,,,,,,Dahntay Jones,2,,,made,,jump,35,21
Kendrick Perkins,Kevin Garnett,Paul Pierce,Rajon Rondo,Ray Allen,Brandon Rush,Dahntay Jones,Danny Granger,Earl Watson,Roy Hibbert,3,10:48,IND,foul,,,,,,,,Rajon Rondo,,Earl Watson,,,,,,shooting,,
Kendrick Perkins,Kevin Garnett,Paul Pierce,Rajon Rondo,Ray Allen,Brandon Rush,Dahntay Jones,Danny Granger,Earl Watson,Roy Hibbert,3,10:48,BOS,free throw,,,,,,,1,,2,Rajon Rondo,,,foul,missed,,,,
Kendrick Perkins,Kevin Garnett,Paul Pierce,Rajon Rondo,Ray Allen,Brandon Rush,Dahntay Jones,Danny Granger,Earl Watson,Roy Hibbert,3,10:48,BOS,rebound,,,,,,,,,,,,,,,,,,
Kendrick Perkins,Kevin Garnett,Paul Pierce,Rajon Rondo,Ray Allen,Brandon Rush,Dahntay Jones,Danny Granger,Earl Watson,Roy Hibbert,3,10:48,BOS,free throw,,,,,,,2,,2,Rajon Rondo,,,foul,missed,,,,
Kendrick Perkins,Kevin Garnett,Paul Pierce,Rajon Rondo,Ray Allen,Brandon Rush,Dahntay Jones,Danny Granger,Earl Watson,Roy Hibbert,3,10:48,IND,rebound,,,,,,,,,,Brandon Rush,,,,,,def,,
Kendrick Perkins,Kevin Garnett,Paul Pierce,Rajon Rondo,Ray Allen,Brandon Rush,Dahntay Jones,Danny Granger,Earl Watson,Roy Hibbert,3,10:24,IND,shot,,,,,,,,,,Earl Watson,,,,missed,,3pt,40,28
Kendrick Perkins,Kevin Garnett,Paul Pierce,Rajon Rondo,Ray Allen,Brandon Rush,Dahntay Jones,Danny Granger,Earl Watson,Roy Hibbert,3,10:23,BOS,rebound,,,,,,,,,,Kendrick Perkins,,,,,,def,,
Kendrick Perkins,Kevin Garnett,Paul Pierce,Rajon Rondo,Ray Allen,Brandon Rush,Dahntay Jones,Danny Granger,Earl Watson,Roy Hibbert,3,10:18,BOS,shot,,,Danny Granger,,,,,,,Rajon Rondo,,,,missed,,jump,30,6
Kendrick Perkins,Kevin Garnett,Paul Pierce,Rajon Rondo,Ray Allen,Brandon Rush,Dahntay Jones,Danny Granger,Earl Watson,Roy Hibbert,3,10:16,IND,rebound,,,,,,,,,,Earl Watson,,,,,,def,,
Kendrick Perkins,Kevin Garnett,Paul Pierce,Rajon Rondo,Ray Allen,Brandon Rush,Dahntay Jones,Danny Granger,Earl Watson,Roy Hibbert,3,10:11,IND,shot,Earl Watson,,,,,,,,,Danny Granger,2,,,made,,jump,9,18
Kendrick Perkins,Kevin Garnett,Paul Pierce,Rajon Rondo,Ray Allen,Brandon Rush,Dahntay Jones,Danny Granger,Earl Watson,Roy Hibbert,3,9:45,BOS,shot,,,,,,,,,,Kevin Garnett,2,,,made,,turnaround jump,33,16
Kendrick Perkins,Kevin Garnett,Paul Pierce,Rajon Rondo,Ray Allen,Brandon Rush,Dahntay Jones,Danny Granger,Earl Watson,Roy Hibbert,3,9:32,IND,shot,,,Kendrick Perkins,,,,,,,Dahntay Jones,,,,missed,,jump,20,13
Kendrick Perkins,Kevin Garnett,Paul Pierce,Rajon Rondo,Ray Allen,Brandon Rush,Dahntay Jones,Danny Granger,Earl Watson,Roy Hibbert,3,9:32,BOS,rebound,,,,,,,,,,Paul Pierce,,,,,,def,,
Kendrick Perkins,Kevin Garnett,Paul Pierce,Rajon Rondo,Ray Allen,Brandon Rush,Dahntay Jones,Danny Granger,Earl Watson,Roy Hibbert,3,9:32,IND,foul,,,,,,,,Paul Pierce,,Dahntay Jones,,,,,,loose ball,,
Kendrick Perkins,Kevin Garnett,Paul Pierce,Rajon Rondo,Ray Allen,Brandon Rush,Dahntay Jones,Danny Granger,Earl Watson,Roy Hibbert,3,9:21,BOS,shot,,,,,,,,,,Rajon Rondo,2,,,made,,floating jump,23,17
Kendrick Perkins,Kevin Garnett,Paul Pierce,Rajon Rondo,Ray Allen,Brandon Rush,Dahntay Jones,Danny Granger,Earl Watson,Roy Hibbert,3,9:01,IND,shot,Roy Hibbert,,,,,,,,,Dahntay Jones,2,,,made,,jump,11,21
Kendrick Perkins,Kevin Garnett,Paul Pierce,Rajon Rondo,Ray Allen,Brandon Rush,Dahntay Jones,Danny Granger,Earl Watson,Roy Hibbert,3,8:44,BOS,shot,,,,,,,,,,Kendrick Perkins,,,,missed,,alley oop layup,21,6
Kendrick Perkins,Kevin Garnett,Paul Pierce,Rajon Rondo,Ray Allen,Brandon Rush,Dahntay Jones,Danny Granger,Earl Watson,Roy Hibbert,3,8:42,IND,rebound,,,,,,,,,,Roy Hibbert,,,,,,def,,
Kendrick Perkins,Kevin Garnett,Paul Pierce,Rajon Rondo,Ray Allen,Brandon Rush,Dahntay Jones,Danny Granger,Earl Watson,Roy Hibbert,3,8:24,IND,turnover,,,,,,,,,,Roy Hibbert,,,bad pass,,Ray Allen,,,
Kendrick Perkins,Kevin Garnett,Paul Pierce,Rajon Rondo,Ray Allen,Brandon Rush,Dahntay Jones,Danny Granger,Earl Watson,Roy Hibbert,3,8:16,IND,foul,,,,,,,,Kendrick Perkins,,Roy Hibbert,,,,,,shooting,,
Kendrick Perkins,Kevin Garnett,Paul Pierce,Rajon Rondo,Ray Allen,Brandon Rush,Dahntay Jones,Danny Granger,Earl Watson,Roy Hibbert,3,8:16,BOS,free throw,,,,,,,1,,2,Kendrick Perkins,,,foul,made,,,,
Kendrick Perkins,Kevin Garnett,Paul Pierce,Rajon Rondo,Ray Allen,Brandon Rush,Dahntay Jones,Danny Granger,Earl Watson,Roy Hibbert,3,8:16,BOS,free throw,,,,,,,2,,2,Kendrick Perkins,,,foul,made,,,,
Kendrick Perkins,Kevin Garnett,Paul Pierce,Rajon Rondo,Ray Allen,Brandon Rush,Dahntay Jones,Danny Granger,Earl Watson,Roy Hibbert,3,8:03,IND,shot,,,,,,,,,,Roy Hibbert,,,,missed,,3pt,3,6
Kendrick Perkins,Kevin Garnett,Paul Pierce,Rajon Rondo,Ray Allen,Brandon Rush,Dahntay Jones,Danny Granger,Earl Watson,Roy Hibbert,3,8:02,IND,rebound,,,,,,,,,,Roy Hibbert,,,,,,off,,
Kendrick Perkins,Kevin Garnett,Paul Pierce,Rajon Rondo,Ray Allen,Brandon Rush,Dahntay Jones,Danny Granger,Earl Watson,Roy Hibbert,3,7:58,IND,shot,Roy Hibbert,,,,,,,,,Earl Watson,3,,,made,,3pt,3,8
Kendrick Perkins,Kevin Garnett,Paul Pierce,Rajon Rondo,Ray Allen,Brandon Rush,Dahntay Jones,Danny Granger,Earl Watson,Roy Hibbert,3,7:39,BOS,shot,Paul Pierce,,,,,,,,,Kevin Garnett,2,,,made,,turnaround jump,27,16
Kendrick Perkins,Kevin Garnett,Paul Pierce,Rajon Rondo,Ray Allen,Brandon Rush,Dahntay Jones,Danny Granger,Earl Watson,Roy Hibbert,3,7:13,IND,shot,,,Kendrick Perkins,,,,,,,Earl Watson,,,,missed,,layup,24,6
Kendrick Perkins,Kevin Garnett,Paul Pierce,Rajon Rondo,Ray Allen,Brandon Rush,Dahntay Jones,Danny Granger,Earl Watson,Roy Hibbert,3,7:13,IND,rebound,,,,,,,,,,,,,,,,,,
Kendrick Perkins,Kevin Garnett,Paul Pierce,Rajon Rondo,Ray Allen,Brandon Rush,Dahntay Jones,Danny Granger,Earl Watson,Roy Hibbert,3,7:13,IND,turnover,,,,,,,,,,,,,shot clock turnover,,,,,
Kendrick Perkins,Kevin Garnett,Paul Pierce,Rajon Rondo,Ray Allen,Brandon Rush,Dahntay Jones,Danny Granger,Earl Watson,Roy Hibbert,3,6:50,BOS,shot,,,,,,,,,,Kendrick Perkins,,,,missed,,jump,22,5
Kendrick Perkins,Kevin Garnett,Paul Pierce,Rajon Rondo,Ray Allen,Brandon Rush,Dahntay Jones,Danny Granger,Earl Watson,Roy Hibbert,3,6:48,BOS,rebound,,,,,,,,,,Paul Pierce,,,,,,off,,
Kendrick Perkins,Kevin Garnett,Paul Pierce,Rajon Rondo,Ray Allen,Brandon Rush,Dahntay Jones,Danny Granger,Earl Watson,Roy Hibbert,3,6:48,BOS,shot,,,,,,,,,,Paul Pierce,,,,missed,,tip,26,4
Kendrick Perkins,Kevin Garnett,Paul Pierce,Rajon Rondo,Ray Allen,Brandon Rush,Dahntay Jones,Danny Granger,Earl Watson,Roy Hibbert,3,6:47,IND,rebound,,,,,,,,,,Brandon Rush,,,,,,def,,
Kendrick Perkins,Kevin Garnett,Paul Pierce,Rajon Rondo,Ray Allen,Brandon Rush,Dahntay Jones,Danny Granger,Earl Watson,Roy Hibbert,3,6:41,IND,shot,,,,,,,,,,Earl Watson,2,,,made,,driving layup,26,5
Kendrick Perkins,Kevin Garnett,Paul Pierce,Rajon Rondo,Ray Allen,Brandon Rush,Dahntay Jones,Danny Granger,Earl Watson,Roy Hibbert,3,6:41,BOS,foul,,,,,,,,Earl Watson,,Ray Allen,,,,,,shooting,,
Kendrick Perkins,Kevin Garnett,Paul Pierce,Rajon Rondo,Ray Allen,Brandon Rush,Danny Granger,Earl Watson,Roy Hibbert,T.J. Ford,3,6:41,IND,sub,,,,T.J. Ford,,Dahntay Jones,,,,,,,,,,,,
Kendrick Perkins,Kevin Garnett,Paul Pierce,Rajon Rondo,Ray Allen,Brandon Rush,Danny Granger,Earl Watson,Roy Hibbert,T.J. Ford,3,6:41,IND,free throw,,,,,,,1,,1,Earl Watson,,,foul,made,,,,
Kendrick Perkins,Kevin Garnett,Paul Pierce,Rajon Rondo,Ray Allen,Brandon Rush,Danny Granger,Earl Watson,Roy Hibbert,T.J. Ford,3,6:20,BOS,shot,,,,,,,,,,Ray Allen,,,,missed,,jump,36,19
Kendrick Perkins,Kevin Garnett,Paul Pierce,Rajon Rondo,Ray Allen,Brandon Rush,Danny Granger,Earl Watson,Roy Hibbert,T.J. Ford,3,6:19,BOS,rebound,,,,,,,,,,Ray Allen,,,,,,off,,
Kendrick Perkins,Kevin Garnett,Paul Pierce,Rajon Rondo,Ray Allen,Brandon Rush,Danny Granger,Earl Watson,Roy Hibbert,T.J. Ford,3,6:17,BOS,shot,,,,,,,,,,Ray Allen,2,,,made,,layup,28,5
Kendrick Perkins,Kevin Garnett,Paul Pierce,Rajon Rondo,Ray Allen,Brandon Rush,Danny Granger,Earl Watson,Roy Hibbert,T.J. Ford,3,6:11,IND,shot,Earl Watson,,,,,,,,,T.J. Ford,2,,,made,,jump,33,17
Kendrick Perkins,Kevin Garnett,Paul Pierce,Rajon Rondo,Ray Allen,Brandon Rush,Danny Granger,Earl Watson,Roy Hibbert,T.J. Ford,3,5:55,BOS,shot,Rajon Rondo,,,,,,,,,Ray Allen,2,,,made,,jump,15,23
Kendrick Perkins,Kevin Garnett,Paul Pierce,Rajon Rondo,Ray Allen,Brandon Rush,Danny Granger,Earl Watson,Roy Hibbert,T.J. Ford,3,5:29,IND,timeout,,,,,,,,,,,,,,,,regular,,
Kendrick Perkins,Kevin Garnett,Paul Pierce,Rajon Rondo,Ray Allen,Brandon Rush,Danny Granger,Luther Head,Roy Hibbert,T.J. Ford,3,5:29,IND,sub,,,,Luther Head,,Earl Watson,,,,,,,,,,,,
Kendrick Perkins,Kevin Garnett,Paul Pierce,Rajon Rondo,Ray Allen,Brandon Rush,Danny Granger,Luther Head,Roy Hibbert,T.J. Ford,3,5:27,IND,shot,Luther Head,,,,,,,,,Roy Hibbert,2,,,made,,jump,9,15
Kendrick Perkins,Kevin Garnett,Paul Pierce,Rajon Rondo,Ray Allen,Brandon Rush,Danny Granger,Luther Head,Roy Hibbert,T.J. Ford,3,5:02,IND,foul,,,,,,,,Kendrick Perkins,,Roy Hibbert,,,,,,shooting,,
Kendrick Perkins,Kevin Garnett,Paul Pierce,Rajon Rondo,Ray Allen,Brandon Rush,Danny Granger,Luther Head,Roy Hibbert,T.J. Ford,3,5:02,BOS,free throw,,,,,,,1,,2,Kendrick Perkins,,,foul,made,,,,
Kendrick Perkins,Kevin Garnett,Paul Pierce,Rajon Rondo,Ray Allen,Brandon Rush,Danny Granger,Luther Head,Roy Hibbert,T.J. Ford,3,5:02,BOS,free throw,,,,,,,2,,2,Kendrick Perkins,,,foul,missed,,,,
Kendrick Perkins,Kevin Garnett,Paul Pierce,Rajon Rondo,Ray Allen,Brandon Rush,Danny Granger,Luther Head,Roy Hibbert,T.J. Ford,3,5:02,IND,rebound,,,,,,,,,,Danny Granger,,,,,,def,,
Kendrick Perkins,Kevin Garnett,Paul Pierce,Rajon Rondo,Ray Allen,Brandon Rush,Danny Granger,Luther Head,Roy Hibbert,T.J. Ford,3,4:41,IND,shot,,,,,,,,,,Luther Head,,,,missed,,jump,22,7
Kendrick Perkins,Kevin Garnett,Paul Pierce,Rajon Rondo,Ray Allen,Brandon Rush,Danny Granger,Luther Head,Roy Hibbert,T.J. Ford,3,4:40,BOS,rebound,,,,,,,,,,Ray Allen,,,,,,def,,
Kendrick Perkins,Kevin Garnett,Paul Pierce,Rajon Rondo,Ray Allen,Brandon Rush,Danny Granger,Luther Head,Roy Hibbert,T.J. Ford,3,4:37,BOS,turnover,,,,,,,,,,Rajon Rondo,,,bad pass,,Danny Granger,,,
Kendrick Perkins,Kevin Garnett,Paul Pierce,Rajon Rondo,Ray Allen,Brandon Rush,Danny Granger,Luther Head,Roy Hibbert,T.J. Ford,3,4:34,BOS,foul,,,,,,,,T.J. Ford,,Rajon Rondo,,,,,,personal,,
Kendrick Perkins,Kevin Garnett,Paul Pierce,Rajon Rondo,Ray Allen,Brandon Rush,Danny Granger,Luther Head,Roy Hibbert,T.J. Ford,3,4:17,IND,shot,,,,,,,,,,Brandon Rush,,,,missed,,jump,11,5
Kendrick Perkins,Kevin Garnett,Paul Pierce,Rajon Rondo,Ray Allen,Brandon Rush,Danny Granger,Luther Head,Roy Hibbert,T.J. Ford,3,4:16,BOS,rebound,,,,,,,,,,Kendrick Perkins,,,,,,def,,
Kendrick Perkins,Kevin Garnett,Paul Pierce,Rajon Rondo,Ray Allen,Brandon Rush,Danny Granger,Luther Head,Roy Hibbert,T.J. Ford,3,4:12,BOS,shot,,,Brandon Rush,,,,,,,Rajon Rondo,,,,missed,,jump,28,5
Kendrick Perkins,Kevin Garnett,Paul Pierce,Rajon Rondo,Ray Allen,Brandon Rush,Danny Granger,Luther Head,Roy Hibbert,T.J. Ford,3,4:12,BOS,rebound,,,,,,,,,,,,,,,,,,
Kendrick Perkins,Kevin Garnett,Marquis Daniels,Paul Pierce,Rajon Rondo,Brandon Rush,Danny Granger,Luther Head,Roy Hibbert,T.J. Ford,3,4:12,BOS,sub,,,,Marquis Daniels,,Ray Allen,,,,,,,,,,,,
Kendrick Perkins,Kevin Garnett,Marquis Daniels,Paul Pierce,Rajon Rondo,Brandon Rush,Luther Head,Roy Hibbert,T.J. Ford,Tyler Hansbrough,3,4:12,IND,sub,,,,Tyler Hansbrough,,Danny Granger,,,,,,,,,,,,
Kendrick Perkins,Kevin Garnett,Marquis Daniels,Paul Pierce,Rajon Rondo,Brandon Rush,Luther Head,Solomon Jones,T.J. Ford,Tyler Hansbrough,3,4:12,IND,sub,,,,Solomon Jones,,Roy Hibbert,,,,,,,,,,,,
Kendrick Perkins,Kevin Garnett,Marquis Daniels,Paul Pierce,Rajon Rondo,Brandon Rush,Luther Head,Solomon Jones,T.J. Ford,Tyler Hansbrough,3,4:03,BOS,shot,,,,,,,,,,Kendrick Perkins,2,,,made,,jump hook,24,10
Kendrick Perkins,Kevin Garnett,Marquis Daniels,Paul Pierce,Rajon Rondo,Brandon Rush,Luther Head,Solomon Jones,T.J. Ford,Tyler Hansbrough,3,3:50,IND,shot,Luther Head,,,,,,,,,Tyler Hansbrough,2,,,made,,jump,19,6
Kendrick Perkins,Kevin Garnett,Marquis Daniels,Paul Pierce,Rajon Rondo,Brandon Rush,Luther Head,Solomon Jones,T.J. Ford,Tyler Hansbrough,3,3:39,BOS,turnover,,,,,,,,,,Paul Pierce,,,lost ball,,Brandon Rush,,,
Kendrick Perkins,Kevin Garnett,Marquis Daniels,Paul Pierce,Rajon Rondo,Brandon Rush,Luther Head,Solomon Jones,T.J. Ford,Tyler Hansbrough,3,3:34,IND,shot,Luther Head,,,,,,,,,T.J. Ford,2,,,made,,layup,25,6
Kendrick Perkins,Kevin Garnett,Marquis Daniels,Paul Pierce,Rajon Rondo,Brandon Rush,Luther Head,Solomon Jones,T.J. Ford,Tyler Hansbrough,3,3:14,IND,foul,,,,,,,,Marquis Daniels,,Luther Head,,,,,,personal,,
Kendrick Perkins,Marquis Daniels,Paul Pierce,Rajon Rondo,Shelden Williams,Brandon Rush,Luther Head,Solomon Jones,T.J. Ford,Tyler Hansbrough,3,3:14,BOS,sub,,,,Shelden Williams,,Kevin Garnett,,,,,,,,,,,,
Kendrick Perkins,Marquis Daniels,Paul Pierce,Rajon Rondo,Shelden Williams,Brandon Rush,Luther Head,Solomon Jones,T.J. Ford,Tyler Hansbrough,3,3:14,BOS,free throw,,,,,,,1,,2,Marquis Daniels,,,foul,missed,,,,
Kendrick Perkins,Marquis Daniels,Paul Pierce,Rajon Rondo,Shelden Williams,Brandon Rush,Luther Head,Solomon Jones,T.J. Ford,Tyler Hansbrough,3,3:14,BOS,rebound,,,,,,,,,,,,,,,,,,
Kendrick Perkins,Marquis Daniels,Paul Pierce,Rajon Rondo,Shelden Williams,Brandon Rush,Luther Head,Solomon Jones,T.J. Ford,Tyler Hansbrough,3,3:14,BOS,free throw,,,,,,,2,,2,Marquis Daniels,,,foul,made,,,,
Kendrick Perkins,Marquis Daniels,Paul Pierce,Rajon Rondo,Shelden Williams,Brandon Rush,Luther Head,Solomon Jones,T.J. Ford,Tyler Hansbrough,3,2:57,IND,shot,,,,,,,,,,Luther Head,,,,missed,,3pt,25,36
Kendrick Perkins,Marquis Daniels,Paul Pierce,Rajon Rondo,Shelden Williams,Brandon Rush,Luther Head,Solomon Jones,T.J. Ford,Tyler Hansbrough,3,2:56,IND,rebound,,,,,,,,,,T.J. Ford,,,,,,off,,
Kendrick Perkins,Marquis Daniels,Paul Pierce,Rajon Rondo,Shelden Williams,Brandon Rush,Luther Head,Solomon Jones,T.J. Ford,Tyler Hansbrough,3,2:49,IND,shot,Tyler Hansbrough,,,,,,,,,T.J. Ford,2,,,made,,jump,14,23
Kendrick Perkins,Marquis Daniels,Paul Pierce,Rajon Rondo,Shelden Williams,Brandon Rush,Luther Head,Solomon Jones,T.J. Ford,Tyler Hansbrough,3,2:25,BOS,shot,,,,,,,,,,Marquis Daniels,2,,,made,,jump,13,5
Kendrick Perkins,Marquis Daniels,Paul Pierce,Rajon Rondo,Shelden Williams,Brandon Rush,Luther Head,Solomon Jones,T.J. Ford,Tyler Hansbrough,3,2:07,BOS,foul,,,,,,,,Tyler Hansbrough,,Shelden Williams,,,,,,shooting,,
Kendrick Perkins,Marquis Daniels,Paul Pierce,Rajon Rondo,Shelden Williams,Brandon Rush,Luther Head,Solomon Jones,T.J. Ford,Tyler Hansbrough,3,2:07,BOS,timeout,,,,,,,,,,,,,,,,regular,,
Marquis Daniels,Paul Pierce,Rajon Rondo,Rasheed Wallace,Shelden Williams,Brandon Rush,Luther Head,Solomon Jones,T.J. Ford,Tyler Hansbrough,3,2:07,BOS,sub,,,,Rasheed Wallace,,Kendrick Perkins,,,,,,,,,,,,
Eddie House,Marquis Daniels,Paul Pierce,Rasheed Wallace,Shelden Williams,Brandon Rush,Luther Head,Solomon Jones,T.J. Ford,Tyler Hansbrough,3,2:07,BOS,sub,,,,Eddie House,,Rajon Rondo,,,,,,,,,,,,
Eddie House,Marquis Daniels,Paul Pierce,Rasheed Wallace,Shelden Williams,Brandon Rush,Luther Head,Solomon Jones,T.J. Ford,Tyler Hansbrough,3,2:07,IND,free throw,,,,,,,1,,2,Tyler Hansbrough,,,foul,missed,,,,
Eddie House,Marquis Daniels,Paul Pierce,Rasheed Wallace,Shelden Williams,Brandon Rush,Luther Head,Solomon Jones,T.J. Ford,Tyler Hansbrough,3,2:07,IND,rebound,,,,,,,,,,,,,,,,,,
Eddie House,Marquis Daniels,Paul Pierce,Rasheed Wallace,Shelden Williams,Brandon Rush,Luther Head,Solomon Jones,T.J. Ford,Tyler Hansbrough,3,2:07,IND,free throw,,,,,,,2,,2,Tyler Hansbrough,,,foul,made,,,,
Eddie House,Marquis Daniels,Paul Pierce,Rasheed Wallace,Shelden Williams,Brandon Rush,Luther Head,Solomon Jones,T.J. Ford,Tyler Hansbrough,3,1:44,BOS,shot,,,,,,,,,,Rasheed Wallace,,,,missed,,3pt,36,31
Eddie House,Marquis Daniels,Paul Pierce,Rasheed Wallace,Shelden Williams,Brandon Rush,Luther Head,Solomon Jones,T.J. Ford,Tyler Hansbrough,3,1:43,IND,rebound,,,,,,,,,,Solomon Jones,,,,,,def,,
Eddie House,Marquis Daniels,Paul Pierce,Rasheed Wallace,Shelden Williams,Brandon Rush,Luther Head,Solomon Jones,T.J. Ford,Tyler Hansbrough,3,1:32,IND,shot,,,,,,,,,,Luther Head,2,,,made,,floating jump,23,14
Eddie House,Marquis Daniels,Paul Pierce,Rasheed Wallace,Shelden Williams,Brandon Rush,Luther Head,Solomon Jones,T.J. Ford,Tyler Hansbrough,3,1:15,BOS,shot,,,,,,,,,,Paul Pierce,,,,missed,,jump,13,14
Eddie House,Marquis Daniels,Paul Pierce,Rasheed Wallace,Shelden Williams,Brandon Rush,Luther Head,Solomon Jones,T.J. Ford,Tyler Hansbrough,3,1:14,IND,rebound,,,,,,,,,,T.J. Ford,,,,,,def,,
Eddie House,Marquis Daniels,Paul Pierce,Rasheed Wallace,Shelden Williams,Brandon Rush,Luther Head,Solomon Jones,T.J. Ford,Tyler Hansbrough,3,1:05,IND,shot,,,,,,,,,,T.J. Ford,,,,missed,,jump,19,14
Eddie House,Marquis Daniels,Paul Pierce,Rasheed Wallace,Shelden Williams,Brandon Rush,Luther Head,Solomon Jones,T.J. Ford,Tyler Hansbrough,3,1:04,BOS,rebound,,,,,,,,,,Shelden Williams,,,,,,def,,
Eddie House,Marquis Daniels,Paul Pierce,Rasheed Wallace,Shelden Williams,Brandon Rush,Luther Head,Solomon Jones,T.J. Ford,Tyler Hansbrough,3,0:47,BOS,shot,,,,,,,,,,Marquis Daniels,,,,missed,,jump,27,12
Eddie House,Marquis Daniels,Paul Pierce,Rasheed Wallace,Shelden Williams,Brandon Rush,Luther Head,Solomon Jones,T.J. Ford,Tyler Hansbrough,3,0:46,IND,rebound,,,,,,,,,,Solomon Jones,,,,,,def,,
Eddie House,Marquis Daniels,Paul Pierce,Rasheed Wallace,Shelden Williams,Brandon Rush,Luther Head,Solomon Jones,T.J. Ford,Tyler Hansbrough,3,0:38,IND,shot,Luther Head,,,,,,,,,Brandon Rush,2,,,made,,jump,27,27
Eddie House,Marquis Daniels,Paul Pierce,Rasheed Wallace,Shelden Williams,Brandon Rush,Luther Head,Solomon Jones,T.J. Ford,Tyler Hansbrough,3,0:24,BOS,shot,,,,,,,,,,Eddie House,,,,missed,,jump,38,20
Eddie House,Marquis Daniels,Paul Pierce,Rasheed Wallace,Shelden Williams,Brandon Rush,Luther Head,Solomon Jones,T.J. Ford,Tyler Hansbrough,3,0:22,IND,rebound,,,,,,,,,,T.J. Ford,,,,,,def,,
Eddie House,Marquis Daniels,Paul Pierce,Rasheed Wallace,Shelden Williams,Brandon Rush,Luther Head,Solomon Jones,T.J. Ford,Tyler Hansbrough,3,0:13,BOS,foul,,,,,,,,T.J. Ford,,Eddie House,,,,,,personal,,
Eddie House,Marquis Daniels,Paul Pierce,Rasheed Wallace,Shelden Williams,Brandon Rush,Luther Head,Solomon Jones,T.J. Ford,Tyler Hansbrough,3,0:01,IND,shot,T.J. Ford,,,,,,,,,Brandon Rush,3,,,made,,3pt,39,28
Eddie House,Marquis Daniels,Paul Pierce,Rasheed Wallace,Shelden Williams,Brandon Rush,Luther Head,Solomon Jones,T.J. Ford,Tyler Hansbrough,3,0:00,BOS,shot,,,,,,,,,,Marquis Daniels,,,,missed,,3pt,45,47
Eddie House,Marquis Daniels,Paul Pierce,Rasheed Wallace,Shelden Williams,Brandon Rush,Luther Head,Solomon Jones,T.J. Ford,Tyler Hansbrough,3,0:00,BOS,rebound,,,,,,,,,,,,,,,,,,
Eddie House,Marquis Daniels,Rasheed Wallace,Ray Allen,Shelden Williams,Brandon Rush,Luther Head,Solomon Jones,T.J. Ford,Tyler Hansbrough,4,11:40,IND,turnover,,,,,,,,,,Tyler Hansbrough,,,lost ball,,Ray Allen,,,
Eddie House,Marquis Daniels,Rasheed Wallace,Ray Allen,Shelden Williams,Brandon Rush,Luther Head,Solomon Jones,T.J. Ford,Tyler Hansbrough,4,11:40,IND,foul,,,,,,,,Shelden Williams,,Tyler Hansbrough,,,,,,personal,,
Eddie House,Marquis Daniels,Rasheed Wallace,Ray Allen,Shelden Williams,Danny Granger,Luther Head,Solomon Jones,T.J. Ford,Tyler Hansbrough,4,11:40,IND,sub,,,,Danny Granger,,Brandon Rush,,,,,,,,,,,,
Eddie House,Marquis Daniels,Rasheed Wallace,Ray Allen,Shelden Williams,Danny Granger,Luther Head,Solomon Jones,T.J. Ford,Tyler Hansbrough,4,11:23,BOS,shot,Marquis Daniels,,,,,,,,,Rasheed Wallace,2,,,made,,jump,16,5
Eddie House,Marquis Daniels,Rasheed Wallace,Ray Allen,Shelden Williams,Danny Granger,Luther Head,Solomon Jones,T.J. Ford,Tyler Hansbrough,4,11:09,IND,shot,,,,,,,,,,Danny Granger,,,,missed,,jump,26,23
Eddie House,Marquis Daniels,Rasheed Wallace,Ray Allen,Shelden Williams,Danny Granger,Luther Head,Solomon Jones,T.J. Ford,Tyler Hansbrough,4,11:07,BOS,rebound,,,,,,,,,,Shelden Williams,,,,,,def,,
Eddie House,Marquis Daniels,Rasheed Wallace,Ray Allen,Shelden Williams,Danny Granger,Luther Head,Solomon Jones,T.J. Ford,Tyler Hansbrough,4,10:52,BOS,shot,,,,,,,,,,Ray Allen,2,,,made,,turnaround fade away,20,12
Eddie House,Marquis Daniels,Rasheed Wallace,Ray Allen,Shelden Williams,Danny Granger,Luther Head,Solomon Jones,T.J. Ford,Tyler Hansbrough,4,10:33,IND,shot,T.J. Ford,,,,,,,,,Solomon Jones,2,,,made,,jump,22,19
Eddie House,Marquis Daniels,Rasheed Wallace,Ray Allen,Shelden Williams,Danny Granger,Luther Head,Solomon Jones,T.J. Ford,Tyler Hansbrough,4,10:15,BOS,shot,Marquis Daniels,,,,,,,,,Ray Allen,3,,,made,,3pt,15,30
Eddie House,Marquis Daniels,Rasheed Wallace,Ray Allen,Shelden Williams,Danny Granger,Luther Head,Solomon Jones,T.J. Ford,Tyler Hansbrough,4,10:01,IND,shot,,,Shelden Williams,,,,,,,Tyler Hansbrough,,,,missed,,jump,10,10
Eddie House,Marquis Daniels,Rasheed Wallace,Ray Allen,Shelden Williams,Danny Granger,Luther Head,Solomon Jones,T.J. Ford,Tyler Hansbrough,4,9:59,BOS,rebound,,,,,,,,,,Ray Allen,,,,,,def,,
Eddie House,Marquis Daniels,Rasheed Wallace,Ray Allen,Shelden Williams,Danny Granger,Luther Head,Solomon Jones,T.J. Ford,Tyler Hansbrough,4,9:56,BOS,shot,Ray Allen,,,,,,,,,Shelden Williams,2,,,made,,alley oop dunk,26,7
Eddie House,Marquis Daniels,Rasheed Wallace,Ray Allen,Shelden Williams,Danny Granger,Luther Head,Solomon Jones,T.J. Ford,Tyler Hansbrough,4,9:54,IND,timeout,,,,,,,,,,,,,,,,regular,,
Eddie House,Marquis Daniels,Rasheed Wallace,Ray Allen,Shelden Williams,Dahntay Jones,Danny Granger,Luther Head,Solomon Jones,Tyler Hansbrough,4,9:54,IND,sub,,,,Dahntay Jones,,T.J. Ford,,,,,,,,,,,,
Eddie House,Marquis Daniels,Rasheed Wallace,Ray Allen,Shelden Williams,Dahntay Jones,Danny Granger,Earl Watson,Luther Head,Solomon Jones,4,9:54,IND,sub,,,,Earl Watson,,Tyler Hansbrough,,,,,,,,,,,,
Eddie House,Marquis Daniels,Rasheed Wallace,Ray Allen,Shelden Williams,Dahntay Jones,Danny Granger,Earl Watson,Luther Head,Solomon Jones,4,9:37,IND,shot,Luther Head,,,,,,,,,Dahntay Jones,2,,,made,,layup,25,5
Eddie House,Marquis Daniels,Rasheed Wallace,Ray Allen,Shelden Williams,Dahntay Jones,Danny Granger,Earl Watson,Luther Head,Solomon Jones,4,9:15,BOS,shot,,,,,,,,,,Ray Allen,,,,missed,,3pt,20,32
Eddie House,Marquis Daniels,Rasheed Wallace,Ray Allen,Shelden Williams,Dahntay Jones,Danny Granger,Earl Watson,Luther Head,Solomon Jones,4,9:14,IND,rebound,,,,,,,,,,Danny Granger,,,,,,def,,
Eddie House,Marquis Daniels,Rasheed Wallace,Ray Allen,Shelden Williams,Dahntay Jones,Danny Granger,Earl Watson,Luther Head,Solomon Jones,4,9:05,BOS,foul,,,,,,,,Dahntay Jones,,Shelden Williams,,,,,,shooting,,
Eddie House,Marquis Daniels,Rasheed Wallace,Ray Allen,Shelden Williams,Dahntay Jones,Danny Granger,Earl Watson,Luther Head,Solomon Jones,4,9:05,IND,free throw,,,,,,,1,,2,Dahntay Jones,,,foul,missed,,,,
Eddie House,Marquis Daniels,Rasheed Wallace,Ray Allen,Shelden Williams,Dahntay Jones,Danny Granger,Earl Watson,Luther Head,Solomon Jones,4,9:05,IND,rebound,,,,,,,,,,,,,,,,,,
Eddie House,Marquis Daniels,Rasheed Wallace,Ray Allen,Shelden Williams,Dahntay Jones,Danny Granger,Earl Watson,Luther Head,Solomon Jones,4,9:05,IND,free throw,,,,,,,2,,2,Dahntay Jones,,,foul,made,,,,
Eddie House,Marquis Daniels,Rasheed Wallace,Ray Allen,Shelden Williams,Dahntay Jones,Danny Granger,Earl Watson,Luther Head,Solomon Jones,4,8:47,BOS,shot,,,,,,,,,,Marquis Daniels,,,,missed,,jump,32,11
Eddie House,Marquis Daniels,Rasheed Wallace,Ray Allen,Shelden Williams,Dahntay Jones,Danny Granger,Earl Watson,Luther Head,Solomon Jones,4,8:46,IND,rebound,,,,,,,,,,Solomon Jones,,,,,,def,,
Eddie House,Marquis Daniels,Rasheed Wallace,Ray Allen,Shelden Williams,Dahntay Jones,Danny Granger,Earl Watson,Luther Head,Solomon Jones,4,8:33,IND,shot,Danny Granger,,,,,,,,,Luther Head,2,,,made,,jump,10,14
Eddie House,Marquis Daniels,Rasheed Wallace,Ray Allen,Shelden Williams,Dahntay Jones,Danny Granger,Earl Watson,Luther Head,Solomon Jones,4,8:16,IND,foul,,,,,,,,Shelden Williams,,Solomon Jones,,,,,,shooting,,
Eddie House,Marquis Daniels,Rasheed Wallace,Ray Allen,Shelden Williams,Dahntay Jones,Danny Granger,Earl Watson,Luther Head,Solomon Jones,4,8:16,BOS,free throw,,,,,,,1,,2,Shelden Williams,,,foul,made,,,,
Marquis Daniels,Rajon Rondo,Rasheed Wallace,Ray Allen,Shelden Williams,Dahntay Jones,Danny Granger,Earl Watson,Luther Head,Solomon Jones,4,8:16,BOS,sub,,,,Rajon Rondo,,Eddie House,,,,,,,,,,,,
Marquis Daniels,Rajon Rondo,Rasheed Wallace,Ray Allen,Shelden Williams,Dahntay Jones,Danny Granger,Earl Watson,Luther Head,Solomon Jones,4,8:16,BOS,free throw,,,,,,,2,,2,Shelden Williams,,,foul,made,,,,
Marquis Daniels,Rajon Rondo,Rasheed Wallace,Ray Allen,Shelden Williams,Dahntay Jones,Danny Granger,Earl Watson,Luther Head,Solomon Jones,4,8:00,BOS,foul,,,,,,,,Danny Granger,,Marquis Daniels,,,,,,personal,,
Kevin Garnett,Marquis Daniels,Rajon Rondo,Rasheed Wallace,Ray Allen,Dahntay Jones,Danny Granger,Earl Watson,Luther Head,Solomon Jones,4,8:00,BOS,sub,,,,Kevin Garnett,,Shelden Williams,,,,,,,,,,,,
Kevin Garnett,Marquis Daniels,Rajon Rondo,Rasheed Wallace,Ray Allen,Dahntay Jones,Danny Granger,Earl Watson,Luther Head,Solomon Jones,4,7:44,IND,shot,,,,,,,,,,Danny Granger,,,,missed,,jump,40,21
Kevin Garnett,Marquis Daniels,Rajon Rondo,Rasheed Wallace,Ray Allen,Dahntay Jones,Danny Granger,Earl Watson,Luther Head,Solomon Jones,4,7:43,IND,rebound,,,,,,,,,,Earl Watson,,,,,,off,,
Kevin Garnett,Marquis Daniels,Rajon Rondo,Rasheed Wallace,Ray Allen,Dahntay Jones,Danny Granger,Earl Watson,Luther Head,Solomon Jones,4,7:37,IND,shot,Luther Head,,,,,,,,,Solomon Jones,2,,,made,,jump,24,21
Kevin Garnett,Marquis Daniels,Rajon Rondo,Rasheed Wallace,Ray Allen,Dahntay Jones,Danny Granger,Earl Watson,Luther Head,Solomon Jones,4,7:36,IND,violation,,,,,,,,,,,,,,,,delay of game,,
Kevin Garnett,Marquis Daniels,Rajon Rondo,Rasheed Wallace,Ray Allen,Dahntay Jones,Danny Granger,Earl Watson,Luther Head,Solomon Jones,4,7:21,BOS,shot,,,,,,,,,,Ray Allen,,,,missed,,jump,45,12
Kevin Garnett,Marquis Daniels,Rajon Rondo,Rasheed Wallace,Ray Allen,Dahntay Jones,Danny Granger,Earl Watson,Luther Head,Solomon Jones,4,7:20,BOS,rebound,,,,,,,,,,Marquis Daniels,,,,,,off,,
Kevin Garnett,Marquis Daniels,Rajon Rondo,Rasheed Wallace,Ray Allen,Dahntay Jones,Danny Granger,Earl Watson,Luther Head,Solomon Jones,4,7:19,IND,foul,,,,,,,,Marquis Daniels,,Solomon Jones,,,,,,shooting,,
Kevin Garnett,Marquis Daniels,Rajon Rondo,Rasheed Wallace,Ray Allen,Dahntay Jones,Danny Granger,Earl Watson,Luther Head,Solomon Jones,4,7:19,BOS,free throw,,,,,,,1,,2,Marquis Daniels,,,foul,made,,,,
Kendrick Perkins,Kevin Garnett,Marquis Daniels,Rajon Rondo,Ray Allen,Dahntay Jones,Danny Granger,Earl Watson,Luther Head,Solomon Jones,4,7:19,BOS,sub,,,,Kendrick Perkins,,Rasheed Wallace,,,,,,,,,,,,
Kendrick Perkins,Kevin Garnett,Marquis Daniels,Rajon Rondo,Ray Allen,Brandon Rush,Dahntay Jones,Danny Granger,Earl Watson,Solomon Jones,4,7:19,IND,sub,,,,Brandon Rush,,Luther Head,,,,,,,,,,,,
Kendrick Perkins,Kevin Garnett,Marquis Daniels,Rajon Rondo,Ray Allen,Brandon Rush,Dahntay Jones,Danny Granger,Earl Watson,Solomon Jones,4,7:19,BOS,free throw,,,,,,,2,,2,Marquis Daniels,,,foul,made,,,,
Kendrick Perkins,Kevin Garnett,Marquis Daniels,Rajon Rondo,Ray Allen,Brandon Rush,Dahntay Jones,Danny Granger,Earl Watson,Solomon Jones,4,7:06,BOS,foul,,,,,,,,Dahntay Jones,,Kendrick Perkins,,,,,,shooting,,
Kendrick Perkins,Kevin Garnett,Marquis Daniels,Rajon Rondo,Ray Allen,Brandon Rush,Dahntay Jones,Danny Granger,Earl Watson,Solomon Jones,4,7:06,BOS,foul,,,,,,,,Dahntay Jones,,Kendrick Perkins,,,,,,technical,,
Kendrick Perkins,Kevin Garnett,Marquis Daniels,Rajon Rondo,Ray Allen,Brandon Rush,Dahntay Jones,Danny Granger,Earl Watson,Solomon Jones,4,7:06,IND,free throw,,,,,,,1,,1,Danny Granger,,,technical,made,,,,
Kendrick Perkins,Kevin Garnett,Paul Pierce,Rajon Rondo,Ray Allen,Brandon Rush,Dahntay Jones,Danny Granger,Earl Watson,Solomon Jones,4,7:06,BOS,sub,,,,Paul Pierce,,Marquis Daniels,,,,,,,,,,,,
Kendrick Perkins,Kevin Garnett,Paul Pierce,Rajon Rondo,Ray Allen,Brandon Rush,Dahntay Jones,Danny Granger,Earl Watson,Solomon Jones,4,7:06,IND,free throw,,,,,,,1,,2,Dahntay Jones,,,foul,made,,,,
Kendrick Perkins,Kevin Garnett,Paul Pierce,Rajon Rondo,Ray Allen,Brandon Rush,Dahntay Jones,Danny Granger,Earl Watson,Solomon Jones,4,7:06,IND,free throw,,,,,,,2,,2,Dahntay Jones,,,foul,missed,,,,
Kendrick Perkins,Kevin Garnett,Paul Pierce,Rajon Rondo,Ray Allen,Brandon Rush,Dahntay Jones,Danny Granger,Earl Watson,Solomon Jones,4,7:06,BOS,rebound,,,,,,,,,,Kendrick Perkins,,,,,,def,,
Kendrick Perkins,Kevin Garnett,Paul Pierce,Rajon Rondo,Ray Allen,Brandon Rush,Dahntay Jones,Danny Granger,Earl Watson,Solomon Jones,4,6:45,BOS,foul,,,,,,,,Dahntay Jones,,Kevin Garnett,,,,,,offensive,,
Kendrick Perkins,Kevin Garnett,Paul Pierce,Rajon Rondo,Ray Allen,Brandon Rush,Dahntay Jones,Danny Granger,Earl Watson,Solomon Jones,4,6:45,BOS,turnover,,,,,,,,,,Kevin Garnett,,,foul,,,,,
Kendrick Perkins,Kevin Garnett,Paul Pierce,Rajon Rondo,Ray Allen,Brandon Rush,Dahntay Jones,Danny Granger,Earl Watson,Solomon Jones,4,6:45,IND,free throw,,,,,,,1,,1,Danny Granger,,,technical,made,,,,
Kendrick Perkins,Kevin Garnett,Paul Pierce,Rajon Rondo,Ray Allen,Brandon Rush,Dahntay Jones,Danny Granger,Earl Watson,Solomon Jones,4,6:23,IND,shot,,,,,,,,,,Dahntay Jones,,,,missed,,jump,28,23
Kendrick Perkins,Kevin Garnett,Paul Pierce,Rajon Rondo,Ray Allen,Brandon Rush,Dahntay Jones,Danny Granger,Earl Watson,Solomon Jones,4,6:23,IND,rebound,,,,,,,,,,,,,,,,,,
Kendrick Perkins,Kevin Garnett,Paul Pierce,Rajon Rondo,Ray Allen,Brandon Rush,Dahntay Jones,Danny Granger,Earl Watson,Solomon Jones,4,6:23,BOS,foul,,,,,,,,Brandon Rush,,Rajon Rondo,,,,,,loose ball,,
Kendrick Perkins,Kevin Garnett,Paul Pierce,Rajon Rondo,Ray Allen,Brandon Rush,Dahntay Jones,Danny Granger,Earl Watson,Solomon Jones,4,6:23,BOS,timeout,,,,,,,,,,,,,,,,regular,,
Kendrick Perkins,Kevin Garnett,Paul Pierce,Rajon Rondo,Ray Allen,Brandon Rush,Dahntay Jones,Danny Granger,Earl Watson,Solomon Jones,4,6:15,IND,shot,,,,,,,,,,Dahntay Jones,2,,,made,,driving layup,27,7
Kendrick Perkins,Kevin Garnett,Paul Pierce,Rajon Rondo,Ray Allen,Brandon Rush,Dahntay Jones,Danny Granger,Earl Watson,Solomon Jones,4,6:15,BOS,foul,,,,,,,,Dahntay Jones,,Paul Pierce,,,,,,shooting,,
Kendrick Perkins,Kevin Garnett,Paul Pierce,Rajon Rondo,Ray Allen,Brandon Rush,Dahntay Jones,Danny Granger,Earl Watson,Solomon Jones,4,6:15,IND,free throw,,,,,,,1,,1,Dahntay Jones,,,foul,missed,,,,
Kendrick Perkins,Kevin Garnett,Paul Pierce,Rajon Rondo,Ray Allen,Brandon Rush,Dahntay Jones,Danny Granger,Earl Watson,Solomon Jones,4,6:15,BOS,rebound,,,,,,,,,,Kevin Garnett,,,,,,def,,
Kendrick Perkins,Kevin Garnett,Paul Pierce,Rajon Rondo,Ray Allen,Brandon Rush,Dahntay Jones,Danny Granger,Earl Watson,Solomon Jones,4,6:02,BOS,shot,,,,,,,,,,Paul Pierce,2,,,made,,reverse layup,27,6
Kendrick Perkins,Kevin Garnett,Paul Pierce,Rajon Rondo,Ray Allen,Brandon Rush,Dahntay Jones,Danny Granger,Earl Watson,Solomon Jones,4,6:02,IND,foul,,,,,,,,Paul Pierce,,Solomon Jones,,,,,,shooting,,
Kendrick Perkins,Kevin Garnett,Paul Pierce,Rajon Rondo,Ray Allen,Brandon Rush,Dahntay Jones,Danny Granger,Earl Watson,Roy Hibbert,4,6:02,IND,sub,,,,Roy Hibbert,,Solomon Jones,,,,,,,,,,,,
Kendrick Perkins,Kevin Garnett,Paul Pierce,Rajon Rondo,Ray Allen,Brandon Rush,Dahntay Jones,Danny Granger,Earl Watson,Roy Hibbert,4,6:02,BOS,free throw,,,,,,,1,,1,Paul Pierce,,,foul,made,,,,
Kendrick Perkins,Kevin Garnett,Paul Pierce,Rajon Rondo,Ray Allen,Brandon Rush,Dahntay Jones,Danny Granger,Earl Watson,Roy Hibbert,4,5:50,BOS,foul,,,,,,,,Dahntay Jones,,Kendrick Perkins,,,,,,personal,,
Kendrick Perkins,Kevin Garnett,Paul Pierce,Rajon Rondo,Ray Allen,Brandon Rush,Dahntay Jones,Danny Granger,Earl Watson,Roy Hibbert,4,5:50,IND,free throw,,,,,,,1,,2,Dahntay Jones,,,foul,made,,,,
Kendrick Perkins,Kevin Garnett,Paul Pierce,Rajon Rondo,Ray Allen,Brandon Rush,Dahntay Jones,Danny Granger,Earl Watson,Roy Hibbert,4,5:50,IND,free throw,,,,,,,2,,2,Dahntay Jones,,,foul,made,,,,
Kendrick Perkins,Kevin Garnett,Paul Pierce,Rajon Rondo,Ray Allen,Brandon Rush,Dahntay Jones,Danny Granger,Earl Watson,Roy Hibbert,4,5:42,BOS,shot,,,,,,,,,,Paul Pierce,,,,missed,,3pt,15,30
Kendrick Perkins,Kevin Garnett,Paul Pierce,Rajon Rondo,Ray Allen,Brandon Rush,Dahntay Jones,Danny Granger,Earl Watson,Roy Hibbert,4,5:40,IND,rebound,,,,,,,,,,Brandon Rush,,,,,,def,,
Kendrick Perkins,Kevin Garnett,Paul Pierce,Rajon Rondo,Ray Allen,Brandon Rush,Dahntay Jones,Danny Granger,Earl Watson,Roy Hibbert,4,5:35,IND,shot,Dahntay Jones,,,,,,,,,Roy Hibbert,2,,,made,,dunk,26,6
Kendrick Perkins,Kevin Garnett,Paul Pierce,Rajon Rondo,Ray Allen,Brandon Rush,Dahntay Jones,Danny Granger,Earl Watson,Roy Hibbert,4,5:18,IND,foul,,,,,,,,Ray Allen,,Danny Granger,,,,,,personal,,
Kendrick Perkins,Kevin Garnett,Paul Pierce,Rajon Rondo,Ray Allen,Brandon Rush,Dahntay Jones,Danny Granger,Earl Watson,Roy Hibbert,4,5:18,BOS,free throw,,,,,,,1,,2,Ray Allen,,,foul,made,,,,
Kendrick Perkins,Kevin Garnett,Paul Pierce,Rajon Rondo,Ray Allen,Brandon Rush,Dahntay Jones,Danny Granger,Earl Watson,Roy Hibbert,4,5:18,BOS,free throw,,,,,,,2,,2,Ray Allen,,,foul,missed,,,,
Kendrick Perkins,Kevin Garnett,Paul Pierce,Rajon Rondo,Ray Allen,Brandon Rush,Dahntay Jones,Danny Granger,Earl Watson,Roy Hibbert,4,5:17,IND,rebound,,,,,,,,,,Brandon Rush,,,,,,def,,
Kendrick Perkins,Kevin Garnett,Paul Pierce,Rajon Rondo,Ray Allen,Brandon Rush,Dahntay Jones,Danny Granger,Earl Watson,Roy Hibbert,4,4:55,IND,shot,Brandon Rush,,,,,,,,,Danny Granger,3,,,made,,3pt,44,25
Kendrick Perkins,Kevin Garnett,Paul Pierce,Rajon Rondo,Ray Allen,Brandon Rush,Dahntay Jones,Danny Granger,Earl Watson,Roy Hibbert,4,4:33,BOS,turnover,,,,,,,,,,Ray Allen,,,bad pass,,Danny Granger,,,
Kendrick Perkins,Kevin Garnett,Paul Pierce,Rajon Rondo,Ray Allen,Brandon Rush,Dahntay Jones,Danny Granger,Earl Watson,Roy Hibbert,4,4:20,IND,shot,Dahntay Jones,,,,,,,,,Roy Hibbert,2,,,made,,jump,11,5
Kendrick Perkins,Kevin Garnett,Paul Pierce,Rajon Rondo,Ray Allen,Brandon Rush,Dahntay Jones,Danny Granger,Earl Watson,Roy Hibbert,4,4:20,BOS,timeout,,,,,,,,,,,,,,,,regular,,
Kendrick Perkins,Kevin Garnett,Paul Pierce,Rajon Rondo,Ray Allen,Brandon Rush,Dahntay Jones,Danny Granger,Earl Watson,Roy Hibbert,4,4:12,IND,foul,,,,,,,,Paul Pierce,,Earl Watson,,,,,,personal,,
Kendrick Perkins,Kevin Garnett,Paul Pierce,Rajon Rondo,Ray Allen,Brandon Rush,Dahntay Jones,Danny Granger,Earl Watson,Roy Hibbert,4,4:12,BOS,free throw,,,,,,,1,,2,Paul Pierce,,,foul,made,,,,
Kendrick Perkins,Kevin Garnett,Paul Pierce,Rajon Rondo,Ray Allen,Brandon Rush,Dahntay Jones,Danny Granger,Earl Watson,Roy Hibbert,4,4:12,BOS,free throw,,,,,,,2,,2,Paul Pierce,,,foul,made,,,,
Kendrick Perkins,Kevin Garnett,Paul Pierce,Rajon Rondo,Ray Allen,Brandon Rush,Dahntay Jones,Danny Granger,Earl Watson,Roy Hibbert,4,3:57,IND,shot,,,,,,,,,,Brandon Rush,,,,missed,,jump,8,5
Kendrick Perkins,Kevin Garnett,Paul Pierce,Rajon Rondo,Ray Allen,Brandon Rush,Dahntay Jones,Danny Granger,Earl Watson,Roy Hibbert,4,3:56,BOS,rebound,,,,,,,,,,Kendrick Perkins,,,,,,def,,
Kendrick Perkins,Kevin Garnett,Paul Pierce,Rajon Rondo,Ray Allen,Brandon Rush,Dahntay Jones,Danny Granger,Earl Watson,Roy Hibbert,4,3:41,IND,foul,,,,,,,,Paul Pierce,,Roy Hibbert,,,,,,shooting,,
Kendrick Perkins,Kevin Garnett,Paul Pierce,Rajon Rondo,Ray Allen,Brandon Rush,Dahntay Jones,Danny Granger,Earl Watson,Roy Hibbert,4,3:41,BOS,free throw,,,,,,,1,,2,Paul Pierce,,,foul,missed,,,,
Kendrick Perkins,Kevin Garnett,Paul Pierce,Rajon Rondo,Ray Allen,Brandon Rush,Dahntay Jones,Danny Granger,Earl Watson,Roy Hibbert,4,3:41,BOS,rebound,,,,,,,,,,,,,,,,,,
Kendrick Perkins,Kevin Garnett,Paul Pierce,Rajon Rondo,Ray Allen,Brandon Rush,Dahntay Jones,Danny Granger,Earl Watson,Roy Hibbert,4,3:41,BOS,free throw,,,,,,,2,,2,Paul Pierce,,,foul,missed,,,,
Kendrick Perkins,Kevin Garnett,Paul Pierce,Rajon Rondo,Ray Allen,Brandon Rush,Dahntay Jones,Danny Granger,Earl Watson,Roy Hibbert,4,3:41,IND,rebound,,,,,,,,,,Danny Granger,,,,,,def,,
Kendrick Perkins,Kevin Garnett,Paul Pierce,Rajon Rondo,Ray Allen,Brandon Rush,Dahntay Jones,Danny Granger,Earl Watson,Roy Hibbert,4,3:17,IND,shot,,,,,,,,,,Danny Granger,,,,missed,,3pt,16,31
Kendrick Perkins,Kevin Garnett,Paul Pierce,Rajon Rondo,Ray Allen,Brandon Rush,Dahntay Jones,Danny Granger,Earl Watson,Roy Hibbert,4,3:16,BOS,rebound,,,,,,,,,,Kendrick Perkins,,,,,,def,,
Kendrick Perkins,Kevin Garnett,Paul Pierce,Rajon Rondo,Ray Allen,Brandon Rush,Dahntay Jones,Danny Granger,Earl Watson,Roy Hibbert,4,3:05,BOS,shot,,,,,,,,,,Paul Pierce,3,,,made,,3pt,16,30
Kendrick Perkins,Kevin Garnett,Paul Pierce,Rajon Rondo,Ray Allen,Brandon Rush,Dahntay Jones,Danny Granger,Earl Watson,Roy Hibbert,4,2:47,BOS,foul,,,,,,,,Danny Granger,,Kevin Garnett,,,,,,personal,,
Kendrick Perkins,Kevin Garnett,Paul Pierce,Rajon Rondo,Ray Allen,Brandon Rush,Dahntay Jones,Danny Granger,Earl Watson,Roy Hibbert,4,2:47,IND,free throw,,,,,,,1,,2,Danny Granger,,,foul,made,,,,
Kendrick Perkins,Kevin Garnett,Paul Pierce,Rajon Rondo,Ray Allen,Brandon Rush,Dahntay Jones,Danny Granger,Earl Watson,Roy Hibbert,4,2:47,IND,free throw,,,,,,,2,,2,Danny Granger,,,foul,made,,,,
Kendrick Perkins,Kevin Garnett,Paul Pierce,Rajon Rondo,Ray Allen,Brandon Rush,Dahntay Jones,Danny Granger,Earl Watson,Roy Hibbert,4,2:39,BOS,shot,,,,,,,,,,Ray Allen,,,,missed,,3pt,43,26
Kendrick Perkins,Kevin Garnett,Paul Pierce,Rajon Rondo,Ray Allen,Brandon Rush,Dahntay Jones,Danny Granger,Earl Watson,Roy Hibbert,4,2:38,IND,rebound,,,,,,,,,,Dahntay Jones,,,,,,def,,
Kendrick Perkins,Kevin Garnett,Paul Pierce,Rajon Rondo,Ray Allen,Brandon Rush,Dahntay Jones,Danny Granger,Earl Watson,Roy Hibbert,4,2:22,IND,shot,,,,,,,,,,Dahntay Jones,2,,,made,,jump,34,25
Kendrick Perkins,Kevin Garnett,Paul Pierce,Rajon Rondo,Ray Allen,Brandon Rush,Dahntay Jones,Danny Granger,Earl Watson,Roy Hibbert,4,2:19,BOS,timeout,,,,,,,,,,,,,,,,regular,,
Kevin Garnett,Paul Pierce,Rajon Rondo,Rasheed Wallace,Ray Allen,Brandon Rush,Dahntay Jones,Danny Granger,Earl Watson,Roy Hibbert,4,2:19,BOS,sub,,,,Rasheed Wallace,,Kendrick Perkins,,,,,,,,,,,,
Kevin Garnett,Paul Pierce,Rajon Rondo,Rasheed Wallace,Ray Allen,Brandon Rush,Dahntay Jones,Danny Granger,Earl Watson,Roy Hibbert,4,2:12,IND,foul,,,,,,,,Paul Pierce,,Danny Granger,,,,,,personal,,
Kevin Garnett,Paul Pierce,Rajon Rondo,Rasheed Wallace,Ray Allen,Brandon Rush,Dahntay Jones,Danny Granger,Earl Watson,Roy Hibbert,4,2:12,BOS,free throw,,,,,,,1,,2,Paul Pierce,,,foul,missed,,,,
Kevin Garnett,Paul Pierce,Rajon Rondo,Rasheed Wallace,Ray Allen,Brandon Rush,Dahntay Jones,Danny Granger,Earl Watson,Roy Hibbert,4,2:12,BOS,rebound,,,,,,,,,,,,,,,,,,
Kevin Garnett,Paul Pierce,Rajon Rondo,Rasheed Wallace,Ray Allen,Brandon Rush,Dahntay Jones,Danny Granger,Earl Watson,Roy Hibbert,4,2:12,BOS,free throw,,,,,,,2,,2,Paul Pierce,,,foul,made,,,,
Kevin Garnett,Paul Pierce,Rajon Rondo,Rasheed Wallace,Ray Allen,Brandon Rush,Dahntay Jones,Danny Granger,Earl Watson,Roy Hibbert,4,1:47,IND,turnover,,,,,,,,,,,,,shot clock turnover,,,,,
Kevin Garnett,Paul Pierce,Rajon Rondo,Rasheed Wallace,Ray Allen,Brandon Rush,Dahntay Jones,Danny Granger,Earl Watson,Roy Hibbert,4,1:33,BOS,shot,,,,,,,,,,Kevin Garnett,,,,missed,,jump,27,11
Kevin Garnett,Paul Pierce,Rajon Rondo,Rasheed Wallace,Ray Allen,Brandon Rush,Dahntay Jones,Danny Granger,Earl Watson,Roy Hibbert,4,1:32,IND,rebound,,,,,,,,,,Brandon Rush,,,,,,def,,
Kevin Garnett,Paul Pierce,Rajon Rondo,Rasheed Wallace,Ray Allen,Brandon Rush,Dahntay Jones,Danny Granger,Earl Watson,Roy Hibbert,4,1:13,BOS,foul,,,,,,,,Dahntay Jones,,Paul Pierce,,,,,,shooting,,
Kevin Garnett,Paul Pierce,Rajon Rondo,Rasheed Wallace,Ray Allen,Brandon Rush,Dahntay Jones,Danny Granger,Earl Watson,Roy Hibbert,4,1:13,IND,free throw,,,,,,,1,,2,Dahntay Jones,,,foul,made,,,,
Kevin Garnett,Paul Pierce,Rajon Rondo,Rasheed Wallace,Ray Allen,Brandon Rush,Dahntay Jones,Danny Granger,Earl Watson,Roy Hibbert,4,1:13,IND,free throw,,,,,,,2,,2,Dahntay Jones,,,foul,made,,,,
Kevin Garnett,Paul Pierce,Rajon Rondo,Rasheed Wallace,Ray Allen,Brandon Rush,Dahntay Jones,Danny Granger,Earl Watson,Roy Hibbert,4,1:13,BOS,timeout,,,,,,,,,,,,,,,,short,,
Eddie House,Kevin Garnett,Paul Pierce,Rasheed Wallace,Ray Allen,Brandon Rush,Dahntay Jones,Danny Granger,Earl Watson,Roy Hibbert,4,1:13,BOS,sub,,,,Eddie House,,Rajon Rondo,,,,,,,,,,,,
Eddie House,Kevin Garnett,Paul Pierce,Rasheed Wallace,Ray Allen,Brandon Rush,Dahntay Jones,Danny Granger,Earl Watson,Roy Hibbert,4,0:59,BOS,shot,,,,,,,,,,Ray Allen,,,,missed,,3pt,48,18
Eddie House,Kevin Garnett,Paul Pierce,Rasheed Wallace,Ray Allen,Brandon Rush,Dahntay Jones,Danny Granger,Earl Watson,Roy Hibbert,4,0:59,BOS,rebound,,,,,,,,,,,,,,,,,,
Eddie House,Kevin Garnett,Lester Hudson,Rasheed Wallace,Ray Allen,Brandon Rush,Dahntay Jones,Danny Granger,Earl Watson,Roy Hibbert,4,0:59,BOS,sub,,,,Lester Hudson,,Paul Pierce,,,,,,,,,,,,
Brian Scalabrine,Eddie House,Lester Hudson,Rasheed Wallace,Ray Allen,Brandon Rush,Dahntay Jones,Danny Granger,Earl Watson,Roy Hibbert,4,0:59,BOS,sub,,,,Brian Scalabrine,,Kevin Garnett,,,,,,,,,,,,
Brian Scalabrine,Eddie House,Lester Hudson,Rasheed Wallace,Ray Allen,Brandon Rush,Dahntay Jones,Danny Granger,Earl Watson,Roy Hibbert,4,0:59,IND,timeout,,,,,,,,,,,,,,,,short,,
Brian Scalabrine,Eddie House,Lester Hudson,Rasheed Wallace,Ray Allen,Brandon Rush,Dahntay Jones,Danny Granger,Earl Watson,Luther Head,4,0:59,IND,sub,,,,Luther Head,,Roy Hibbert,,,,,,,,,,,,
Brian Scalabrine,Eddie House,J.R. Giddens,Lester Hudson,Rasheed Wallace,Brandon Rush,Dahntay Jones,Danny Granger,Earl Watson,Luther Head,4,0:59,BOS,sub,,,,J.R. Giddens,,Ray Allen,,,,,,,,,,,,
Brian Scalabrine,Eddie House,J.R. Giddens,Lester Hudson,Rasheed Wallace,Brandon Rush,Dahntay Jones,Danny Granger,Earl Watson,Luther Head,4,0:59,BOS,jump ball,,Rasheed Wallace,,,Danny Granger,,,,,,,Lester Hudson,,,,,,
Brian Scalabrine,Eddie House,J.R. Giddens,Lester Hudson,Rasheed Wallace,Brandon Rush,Dahntay Jones,Danny Granger,Earl Watson,Luther Head,4,0:51,BOS,turnover,,,,,,,,,,Brian Scalabrine,,,traveling,,,,,
Brian Scalabrine,Eddie House,J.R. Giddens,Lester Hudson,Rasheed Wallace,Brandon Rush,Dahntay Jones,Danny Granger,Earl Watson,Luther Head,4,0:26,IND,shot,,,,,,,,,,Dahntay Jones,,,,missed,,jump,21,14
Brian Scalabrine,Eddie House,J.R. Giddens,Lester Hudson,Rasheed Wallace,Brandon Rush,Dahntay Jones,Danny Granger,Earl Watson,Luther Head,4,0:25,BOS,rebound,,,,,,,,,,,,,,,,,,
Brian Scalabrine,Eddie House,J.R. Giddens,Lester Hudson,Rasheed Wallace,Brandon Rush,Dahntay Jones,Danny Granger,Earl Watson,Luther Head,4,0:12,BOS,shot,,,,,,,,,,Eddie House,2,,,made,,driving layup,27,6
